epoch,batch,loss,loss_h,loss_c,trans_l2_m,yaw_err_deg
0,0,3624.947998046875,36093.44140625,15.603639602661133,12.52878189086914,8.988635063171387
0,1,4032.40576171875,40140.88671875,18.317211151123047,13.42182445526123,8.070220947265625
0,2,3294.912841796875,32770.0390625,17.908910751342773,12.251840591430664,9.48715877532959
0,3,3395.19580078125,33799.23046875,15.272705078125,12.225611686706543,8.594809532165527
0,4,2880.0234375,28671.154296875,12.907920837402344,11.17140007019043,11.654772758483887
0,5,2600.081787109375,25795.919921875,20.48971176147461,10.260558128356934,9.90555477142334
0,6,2248.75537109375,22353.78515625,13.37658977508545,9.958888053894043,7.0102996826171875
0,7,3679.11865234375,36622.25,16.89352035522461,12.350092887878418,5.549276828765869
0,8,2145.707763671875,21277.9921875,17.908475875854492,8.841054916381836,5.289059638977051
0,9,3232.2626953125,32116.19921875,20.64292335510254,12.032303810119629,8.294156074523926
0,10,3571.13427734375,35575.5625,13.577859878540039,12.778117179870605,11.907266616821289
0,11,4127.0166015625,41058.0390625,21.212472915649414,13.241006851196289,10.1669340133667
0,12,3467.570068359375,34464.2578125,21.144346237182617,12.430219650268555,8.315765380859375
0,13,3659.01611328125,36388.3828125,20.177841186523438,12.790789604187012,11.769128799438477
0,14,2941.61181640625,29280.966796875,13.515063285827637,11.209670066833496,14.27807903289795
0,15,3510.3046875,34941.71484375,16.132944107055664,11.641754150390625,10.26977252960205
0,16,3628.29736328125,36045.515625,23.745817184448242,13.102685928344727,8.9030122756958
0,17,3228.9267578125,31809.83984375,47.94251251220703,11.913500785827637,11.105066299438477
0,18,3130.13623046875,31161.96484375,13.939604759216309,10.969552993774414,7.874978542327881
0,19,2274.47509765625,22418.30078125,32.6450080871582,9.071322441101074,11.106579780578613
0,20,2830.978759765625,28120.0703125,18.971561431884766,11.337553977966309,7.534482002258301
0,21,2086.98828125,20690.890625,17.8990535736084,9.005572319030762,8.99938678741455
0,22,2350.8740234375,23310.078125,19.866130828857422,9.494012832641602,13.578640937805176
0,23,3253.555419921875,32310.25390625,22.52997398376465,11.367461204528809,8.35227108001709
0,24,3278.232666015625,32553.6015625,22.87258529663086,11.322588920593262,7.995721340179443
0,25,2081.614501953125,20694.01171875,12.213418006896973,9.464037895202637,9.365750312805176
0,26,1991.4405517578125,19746.828125,16.757747650146484,9.38252067565918,15.05016803741455
0,27,4144.8349609375,41205.1484375,24.31989860534668,12.961657524108887,13.433349609375
0,28,3077.041259765625,30598.962890625,17.145109176635742,11.1594877243042,11.684002876281738
0,29,5050.6943359375,50403.46484375,10.347689628601074,15.37583065032959,4.976428508758545
0,30,1980.7860107421875,19575.53125,23.232885360717773,8.951358795166016,11.9502534866333
0,31,3800.4384765625,37784.46875,21.991363525390625,12.422734260559082,7.994851589202881
0,32,2711.4501953125,26981.08203125,13.341958999633789,10.501493453979492,10.620596885681152
0,33,4178.3115234375,41623.83203125,15.92833137512207,13.757147789001465,7.1193695068359375
0,34,4469.00439453125,44519.04296875,17.100332260131836,14.455263137817383,15.201019287109375
0,35,3035.94140625,30040.9921875,31.841989517211914,10.886883735656738,15.503448486328125
0,36,2203.2509765625,21870.23828125,16.22699737548828,8.874204635620117,9.31195068359375
0,37,2668.211669921875,26549.88671875,13.2229642868042,10.450072288513184,10.808609008789062
0,38,2505.718505859375,24599.21484375,45.796913146972656,10.093031883239746,8.172769546508789
0,39,3424.8984375,34051.27734375,19.770774841308594,12.463496208190918,10.851028442382812
0,40,2723.007568359375,27015.53125,21.454370498657227,9.850465774536133,10.54198932647705
0,41,3460.87353515625,34379.671875,22.906320571899414,12.05216121673584,9.1293306350708
0,42,2240.541259765625,22234.02734375,17.13846206665039,10.129068374633789,11.658014297485352
0,43,3738.28857421875,37214.93359375,16.7952823638916,12.084588050842285,9.107647895812988
0,44,3917.767578125,39024.84375,15.283099174499512,13.201323509216309,8.790643692016602
0,45,3712.517333984375,36971.6484375,15.35258960723877,12.758047103881836,8.918261528015137
0,46,3908.200439453125,38947.0390625,13.49652099609375,12.269946098327637,6.198697090148926
0,47,3184.127685546875,31656.84375,18.443344116210938,11.483080863952637,17.26664161682129
0,48,3450.74951171875,34261.890625,24.560300827026367,12.597224235534668,10.015975952148438
0,49,3019.36328125,30036.640625,15.699118614196777,11.51945686340332,11.85308837890625
0,50,3254.9638671875,32337.044921875,21.259252548217773,11.583579063415527,14.943448066711426
0,51,3548.194580078125,35319.9453125,16.199979782104492,11.80673885345459,12.022589683532715
0,52,3160.1416015625,31482.021484375,11.939468383789062,12.115815162658691,9.484506607055664
0,53,3105.565673828125,30919.45703125,13.61997127532959,11.455975532531738,13.216479301452637
0,54,1580.49365234375,15670.88671875,13.404925346374512,8.385307312011719,5.949719429016113
0,55,3244.81494140625,32300.13671875,14.801297187805176,11.71694278717041,11.624099731445312
0,56,3012.56640625,29980.96875,14.469403266906738,11.802006721496582,5.21893310546875
0,57,2268.014892578125,22464.830078125,21.53171730041504,9.435917854309082,12.82879638671875
0,58,5195.29541015625,51787.62890625,16.532068252563477,15.449553489685059,7.430645942687988
0,59,2941.412841796875,29191.126953125,22.300010681152344,10.814166069030762,12.245993614196777
0,60,3190.486572265625,31724.51953125,18.034616470336914,11.08881950378418,10.292810440063477
0,61,1452.3106689453125,14386.810546875,13.629626274108887,7.111328125,12.2785005569458
0,62,2730.2880859375,27216.01953125,8.685927391052246,10.712985038757324,10.26334285736084
0,63,1135.02978515625,11130.5341796875,21.976282119750977,6.723860263824463,6.400210857391357
0,64,2931.843994140625,29054.546875,26.38909339904785,10.99479866027832,12.112421035766602
0,65,2694.6181640625,26697.22265625,24.895652770996094,11.027531623840332,13.27152156829834
0,66,4453.93115234375,44260.83203125,27.8477840423584,13.619402885437012,11.461081504821777
0,67,2565.201904296875,25536.1875,11.582962036132812,9.341337203979492,13.98229694366455
0,68,3895.802001953125,38674.890625,28.313108444213867,12.920867919921875,9.826550483703613
0,69,3368.416015625,33589.26953125,9.489020347595215,12.256779670715332,12.381522178649902
0,70,1763.61572265625,17509.11328125,12.70438003540039,8.1522216796875,7.3499755859375
0,71,3929.67578125,39150.4453125,14.631021499633789,13.020065307617188,7.889996528625488
0,72,3221.770263671875,32068.2890625,14.941461563110352,11.978446006774902,7.0807037353515625
0,73,2371.387939453125,23542.646484375,17.123350143432617,9.844279289245605,13.990676879882812
0,74,3466.052490234375,34445.65234375,21.487306594848633,12.148880004882812,10.720285415649414
0,75,2628.13427734375,26094.43359375,18.691028594970703,9.654191017150879,13.683090209960938
0,76,3582.05859375,35625.828125,19.475889205932617,12.04592227935791,9.546686172485352
0,77,3144.961669921875,31321.78515625,12.783245086669922,11.273831367492676,8.7177152633667
0,78,2186.747802734375,21619.94921875,24.75296401977539,9.27728271484375,5.816455364227295
0,79,2532.671875,25204.546875,12.217066764831543,10.09639835357666,9.654464721679688
0,80,4508.76708984375,44851.1171875,23.655431747436523,14.445425987243652,13.530774116516113
0,81,2639.486083984375,26245.533203125,14.932693481445312,10.531538963317871,11.805438041687012
0,82,2822.06884765625,28042.974609375,17.77133560180664,10.241473197937012,6.452237129211426
0,83,2622.425537109375,26026.59375,19.76608657836914,10.677062034606934,9.863128662109375
0,84,3515.368408203125,34980.265625,17.341842651367188,12.042268753051758,8.734234809875488
0,85,3939.4765625,39203.1328125,19.16339683532715,13.220239639282227,11.367105484008789
0,86,3473.24951171875,34628.87890625,10.36158275604248,11.797565460205078,9.143420219421387
0,87,2246.2822265625,22279.859375,18.296039581298828,8.917920112609863,11.988876342773438
0,88,2047.925537109375,20374.7890625,10.446616172790527,8.899858474731445,9.263992309570312
0,89,1976.039306640625,19615.19921875,14.519431114196777,8.739532470703125,8.59012508392334
0,90,3107.141845703125,30958.724609375,11.269389152526855,11.388486862182617,9.058563232421875
0,91,3527.174560546875,35140.41015625,13.133540153503418,11.98929500579834,3.9322357177734375
0,92,1567.828857421875,15430.2197265625,24.806900024414062,8.076725959777832,13.357223510742188
0,93,3802.9501953125,37872.8671875,15.663310050964355,13.117766380310059,8.951205253601074
0,94,4430.20849609375,44160.6015625,14.148648262023926,13.665570259094238,9.863540649414062
0,95,2239.97900390625,22295.71875,10.407060623168945,7.4693169593811035,9.835257530212402
0,96,1806.5338134765625,17956.958984375,10.837922096252441,8.093676567077637,9.515625
0,97,3469.08984375,34618.2109375,7.268773078918457,12.040444374084473,9.756747245788574
0,98,3194.2705078125,31722.587890625,22.011695861816406,12.04084587097168,10.6848783493042
0,99,3281.23046875,32644.91796875,16.738561630249023,12.056267738342285,7.727395534515381
0,100,1427.072998046875,14157.8154296875,11.291322708129883,6.975179195404053,10.841723442077637
0,101,3294.24951171875,32720.908203125,22.158748626708984,11.708569526672363,9.597085952758789
0,102,2463.509765625,24555.66015625,7.943553447723389,10.380030632019043,6.470974922180176
0,103,3591.45947265625,35655.015625,25.95769691467285,12.362751960754395,8.23144245147705
0,104,2716.354248046875,27082.595703125,8.0947847366333,11.181151390075684,9.469534873962402
0,105,3391.20556640625,33810.61328125,10.144315719604492,12.27783203125,11.82000732421875
0,106,1476.349853515625,14569.5087890625,19.398950576782227,7.8513078689575195,5.235800266265869
0,107,2392.65966796875,23737.69921875,18.889612197875977,10.42882251739502,7.940381050109863
0,108,2287.79150390625,22672.50390625,20.540937423706055,9.40886402130127,9.864358901977539
0,109,1984.8970947265625,19749.46484375,9.950518608093262,9.209197998046875,6.278350830078125
0,110,3096.39794921875,30784.724609375,17.92561149597168,10.647706031799316,13.623135566711426
0,111,2874.45703125,28647.177734375,9.739356994628906,10.890084266662598,12.264700889587402
0,112,2980.46435546875,29512.982421875,29.166006088256836,10.607110023498535,7.332510471343994
0,113,3085.08837890625,30616.52734375,23.435543060302734,11.32970142364502,10.690179824829102
0,114,2037.6717529296875,20216.58203125,16.013601303100586,8.391165733337402,8.951952934265137
0,115,2178.9521484375,21636.90234375,15.2620849609375,9.840865135192871,10.809683799743652
0,116,3457.2236328125,34484.93359375,8.730122566223145,12.376742362976074,7.595746040344238
0,117,5202.443359375,51887.59375,13.684219360351562,15.123211860656738,7.8118133544921875
0,118,3317.114013671875,33055.3359375,11.580409049987793,11.98990535736084,10.977850914001465
0,119,2641.236572265625,26274.4765625,13.788805961608887,10.056159019470215,9.8753080368042
0,120,3292.759765625,32734.447265625,19.31500816345215,11.662971496582031,10.325607299804688
0,121,2803.5791015625,27883.9765625,15.18134593963623,11.191743850708008,9.207025527954102
0,122,3694.050048828125,36833.7421875,10.675737380981445,12.298166275024414,5.1880340576171875
0,123,3509.43017578125,34983.24609375,11.105545043945312,11.522363662719727,9.579962730407715
0,124,2879.92578125,28722.51171875,7.674568176269531,10.220343589782715,8.726053237915039
0,125,2233.537353515625,22211.806640625,12.356721878051758,9.097468376159668,10.641797065734863
0,126,2676.940185546875,26670.85546875,9.854559898376465,10.7390775680542,6.568902492523193
0,127,4364.41650390625,43556.3203125,8.784358024597168,13.599471092224121,7.250491619110107
0,128,3642.26220703125,36286.69921875,13.59235668182373,11.645816802978516,7.9021148681640625
0,129,3581.922119140625,35652.15625,16.70654296875,12.8723726272583,4.851815700531006
0,130,2002.569580078125,19873.52734375,15.216791152954102,8.534608840942383,7.762658596038818
0,131,2127.93505859375,21135.177734375,14.417338371276855,9.693811416625977,11.180673599243164
0,132,3651.7490234375,36393.48046875,12.400908470153809,12.040091514587402,9.536020278930664
0,133,2419.64990234375,24081.48828125,11.500958442687988,9.178011894226074,4.746847629547119
0,134,2093.17431640625,20845.865234375,8.587762832641602,9.11380386352539,10.09305477142334
0,135,4488.396484375,44783.57421875,10.039270401000977,14.410122871398926,8.727118492126465
0,136,2282.68603515625,22647.48046875,17.937955856323242,9.593504905700684,11.224133491516113
0,137,3696.476318359375,36872.98046875,9.178298950195312,13.008697509765625,7.592694282531738
0,138,2179.719482421875,21672.13671875,12.505877494812012,9.520255088806152,6.844616889953613
0,139,2905.12841796875,28902.0078125,14.927385330200195,11.5150146484375,10.145342826843262
0,140,2613.709716796875,26020.81640625,11.627825736999512,10.673869132995605,4.104180812835693
0,141,2507.573974609375,24867.310546875,20.84265899658203,10.096078872680664,14.842269897460938
0,142,2689.9248046875,26787.689453125,11.155794143676758,10.76098918914795,7.835028171539307
0,143,3178.09423828125,31682.1953125,9.874760627746582,11.569437980651855,9.8056058883667
0,144,3837.177490234375,38259.5,11.227607727050781,13.127224922180176,12.617220878601074
0,145,1753.79052734375,17426.9375,11.096819877624512,8.690292358398438,12.549298286437988
0,146,2714.46337890625,27060.451171875,8.418330192565918,10.771102905273438,9.0213041305542
0,147,2431.20849609375,24117.439453125,19.46459197998047,10.101252555847168,11.358001708984375
0,148,3313.732177734375,33008.3671875,12.895441055297852,11.887896537780762,10.497164726257324
0,149,3136.482666015625,31227.576171875,13.72507381439209,10.97181224822998,6.641598701477051
0,150,2918.9541015625,29060.228515625,12.931048393249512,11.074559211730957,8.330032348632812
0,151,2785.95556640625,27627.984375,23.1571044921875,11.037625312805176,8.578509330749512
0,152,2621.880859375,26134.87109375,8.393759727478027,10.786933898925781,11.701159477233887
0,153,3767.357177734375,37505.05078125,16.852062225341797,13.056170463562012,7.674020290374756
0,154,2222.046875,21929.91796875,29.0550537109375,9.738555908203125,10.873517036437988
0,155,3493.20361328125,34726.1875,20.58481216430664,11.930109024047852,9.068344116210938
0,156,4073.626220703125,40613.88671875,12.237471580505371,13.585471153259277,9.573391914367676
0,157,3295.75341796875,32751.51171875,20.602262496948242,11.320670127868652,12.348055839538574
0,158,2173.50341796875,21627.26953125,10.776461601257324,9.424952507019043,6.390066623687744
0,159,2893.328857421875,28847.39453125,8.589268684387207,10.405562400817871,11.518942832946777
0,160,2445.042724609375,24215.248046875,23.51776123046875,9.500960350036621,12.105608940124512
0,161,2457.044189453125,24488.26171875,8.218132972717285,9.812685012817383,4.900518894195557
0,162,1893.53369140625,18757.65234375,17.768474578857422,8.316171646118164,11.185501098632812
0,163,2631.8642578125,26183.478515625,13.516409873962402,10.637869834899902,8.594797134399414
0,164,3425.058837890625,33895.31640625,35.5269889831543,12.047139167785645,12.329684257507324
0,165,3746.327392578125,37349.796875,11.347630500793457,12.6631498336792,11.15600872039795
0,166,2124.510986328125,21076.47265625,16.863718032836914,9.074968338012695,8.562738418579102
0,167,3126.05615234375,31159.11328125,10.144854545593262,11.671660423278809,11.1712007522583
0,168,1481.7818603515625,14629.265625,18.855182647705078,7.452744960784912,10.891168594360352
0,169,2266.772216796875,22452.9296875,21.47930335998535,9.824416160583496,8.276104927062988
0,170,3152.478515625,31149.837890625,37.494590759277344,11.348625183105469,5.088589668273926
0,171,1809.4813232421875,17789.27734375,30.55354881286621,8.400736808776855,8.63196086883545
0,172,4186.53076171875,41755.1953125,11.011252403259277,13.39867115020752,6.35219144821167
0,173,3848.801513671875,38379.8203125,10.819360733032227,12.72525691986084,12.720303535461426
0,174,2466.745849609375,24481.294921875,18.61614418029785,9.602916717529297,12.003256797790527
0,175,1373.925048828125,13382.5546875,35.66949462890625,7.415229797363281,9.260668754577637
0,176,3086.831787109375,30784.443359375,8.387572288513184,11.939348220825195,12.080401420593262
0,177,4018.59130859375,40071.18359375,11.472963333129883,12.7797269821167,9.92966365814209
0,178,2200.571044921875,21836.595703125,16.91135025024414,9.818263053894043,7.063366889953613
0,179,3645.848876953125,36160.578125,29.791126251220703,12.417490005493164,6.938650608062744
0,180,2906.971923828125,28900.73046875,16.89889907836914,10.700615882873535,11.963342666625977
0,181,3168.197265625,31549.310546875,13.266014099121094,11.606820106506348,17.977054595947266
0,182,2259.091796875,22456.857421875,13.4060697555542,8.690621376037598,13.77899169921875
0,183,2520.5185546875,25006.630859375,19.85548973083496,9.8646240234375,13.154864311218262
0,184,935.1883544921875,9216.3203125,13.556319236755371,6.056079387664795,12.53112506866455
0,185,2199.863525390625,21924.3125,7.432104587554932,8.618865966796875,11.775280952453613
0,186,2763.50390625,27531.46484375,10.357462882995605,11.068135261535645,8.255597114562988
0,187,3353.9150390625,33384.21875,15.493191719055176,12.095759391784668,9.324353218078613
0,188,3435.73681640625,34181.4609375,17.590591430664062,12.547147750854492,10.682293891906738
0,189,1376.8192138671875,13604.740234375,16.345163345336914,7.463156223297119,12.759879112243652
0,190,1884.083251953125,18752.16796875,8.866503715515137,8.692599296569824,11.316659927368164
0,191,2474.414794921875,24557.33984375,18.680763244628906,9.916754722595215,12.779004096984863
0,192,2359.736572265625,23305.22265625,29.21439552307129,10.230856895446777,12.675986289978027
0,193,3570.851806640625,35527.4921875,18.102577209472656,12.538568496704102,5.787896633148193
0,194,2177.978759765625,21665.88671875,11.390170097351074,9.753173828125,10.296585083007812
0,195,3156.5791015625,31421.64453125,14.414549827575684,11.186823844909668,13.804144859313965
0,196,3064.803466796875,30454.07421875,19.396039962768555,11.60222053527832,14.4178466796875
0,197,2147.851318359375,21150.763671875,32.775020599365234,9.004385948181152,8.222274780273438
0,198,3561.718017578125,35432.015625,18.5164737701416,12.539606094360352,7.943841457366943
0,199,4321.19384765625,43120.890625,9.104652404785156,12.658251762390137,6.854583740234375
0,200,2095.692138671875,20879.671875,7.7247514724731445,9.0283203125,10.64709758758545
0,201,3794.89697265625,37783.27734375,16.569021224975586,12.977229118347168,13.360455513000488
0,202,2319.009521484375,23013.375,17.671979904174805,9.565550804138184,13.751172065734863
0,203,1797.0447998046875,17687.818359375,28.26299476623535,7.6506805419921875,5.0404052734375
0,204,1607.2467041015625,15762.625,30.984106063842773,7.856496334075928,5.069058418273926
0,205,3773.054443359375,37607.6015625,12.294188499450684,12.184741020202637,9.78665828704834
0,206,1425.2803955078125,14082.42578125,17.037864685058594,7.480007171630859,15.70324420928955
0,207,3422.8486328125,34130.80859375,9.767909049987793,11.916731834411621,12.257186889648438
0,208,1684.3487548828125,16676.0390625,16.744871139526367,7.423288822174072,8.960367202758789
0,209,4086.357421875,40760.421875,10.315185546875,13.069218635559082,7.272003173828125
0,210,1788.296630859375,17769.234375,11.373137474060059,8.159998893737793,9.564486503601074
0,211,2174.182861328125,21492.703125,24.91253089904785,8.87088394165039,16.01226234436035
0,212,3457.572021484375,34453.1171875,12.260374069213867,11.744078636169434,7.829916477203369
0,213,3999.552490234375,39910.12109375,8.540369033813477,12.993585586547852,14.074020385742188
0,214,2901.98583984375,28866.654296875,15.32030200958252,10.628148078918457,12.441632270812988
0,215,2742.61376953125,27281.1953125,14.494089126586914,9.630537033081055,5.726599216461182
0,216,2734.5166015625,27152.30859375,19.2855281829834,10.123427391052246,9.58117389678955
0,217,2350.543212890625,23428.20703125,7.722477912902832,9.95683479309082,8.652987480163574
0,218,3815.499755859375,37995.12109375,15.987451553344727,12.570521354675293,15.707343101501465
0,219,3279.999755859375,32597.09375,20.290258407592773,10.725566864013672,11.003323554992676
0,220,2976.213134765625,29641.255859375,12.08739948272705,11.017386436462402,6.579083442687988
0,221,3244.59326171875,32280.0,16.593372344970703,10.670150756835938,12.925216674804688
0,222,1741.873291015625,17284.99609375,13.373697280883789,8.010592460632324,9.68701457977295
0,223,2406.75927734375,23838.22265625,22.937040328979492,10.076650619506836,10.34299373626709
0,224,2322.8564453125,23041.609375,18.695636749267578,9.29388427734375,9.450787544250488
0,225,2185.0537109375,21646.900390625,20.363431930541992,9.04076099395752,10.839739799499512
0,226,4013.41064453125,40067.88671875,6.621884346008301,13.179936408996582,9.55716609954834
0,227,1375.23291015625,13592.1044921875,16.022518157958984,6.930092811584473,9.329169273376465
0,228,1930.3916015625,19168.005859375,13.590927124023438,7.683017253875732,6.763769626617432
0,229,2460.612060546875,24518.3671875,8.775421142578125,9.849139213562012,10.320205688476562
0,230,2195.686279296875,21871.048828125,8.581324577331543,8.389948844909668,10.23526668548584
0,231,2639.42626953125,26240.216796875,15.4044828414917,10.223517417907715,15.377184867858887
0,232,2858.932373046875,28461.703125,12.761873245239258,10.134108543395996,9.097201347351074
0,233,2390.514404296875,23769.8828125,13.526066780090332,9.20835018157959,11.815762519836426
0,234,3564.480224609375,35546.55859375,9.82418155670166,12.441691398620605,10.535733222961426
0,235,2358.542236328125,23509.265625,7.61566686630249,9.42545223236084,9.79862117767334
0,236,1102.8306884765625,10858.2734375,17.003244400024414,5.779769420623779,11.5523099899292
0,237,2544.3173828125,25358.94921875,8.42244815826416,9.9900541305542,12.66593074798584
0,238,2579.072021484375,25589.544921875,20.11733055114746,10.316096305847168,6.67048978805542
0,239,2365.816162109375,23526.865234375,13.12958812713623,9.552328109741211,12.590707778930664
0,240,2454.00927734375,24320.0703125,22.002090454101562,9.240824699401855,6.911953926086426
0,241,3510.162109375,34990.5703125,11.104912757873535,11.858613014221191,11.925869941711426
0,242,3428.231689453125,34146.08984375,13.622492790222168,11.8908052444458,10.341913223266602
0,243,1300.34130859375,12910.5546875,9.285745620727539,6.527869701385498,11.920557022094727
0,244,1877.0938720703125,18572.68359375,19.825485229492188,7.931099891662598,6.926785469055176
0,245,1406.57763671875,13746.404296875,31.937152862548828,5.816864967346191,11.097149848937988
0,246,3153.064697265625,31413.244140625,11.740195274353027,10.404061317443848,7.860104560852051
0,247,2508.59326171875,25002.78515625,8.314772605895996,9.48538875579834,5.302960395812988
0,248,3439.99462890625,34322.85546875,7.709011077880859,11.290265083312988,9.15356159210205
0,249,3816.9140625,37954.23828125,21.490345001220703,12.352995872497559,11.59110164642334
0,250,1773.459228515625,17646.837890625,8.775360107421875,7.980938911437988,8.015204429626465
0,251,2013.720947265625,19893.6875,24.352224349975586,8.707453727722168,11.863821983337402
0,252,2490.066650390625,24793.0390625,10.762797355651855,9.61085319519043,11.396090507507324
0,253,2778.89501953125,27673.5390625,11.540937423706055,10.266772270202637,2.272848606109619
0,254,1144.2137451171875,11345.4853515625,9.665102005004883,6.157103061676025,8.944952964782715
0,255,3172.775390625,31596.25,13.15037727355957,10.75225830078125,12.122611045837402
0,256,3809.13037109375,37848.66015625,24.264402389526367,11.633757591247559,11.184802055358887
0,257,2496.42919921875,24810.349609375,15.394183158874512,9.283093452453613,14.538352012634277
0,258,2474.527099609375,24653.201171875,9.20695972442627,9.407893180847168,10.868451118469238
0,259,2449.4619140625,24364.58203125,13.003623008728027,8.933279991149902,7.674414157867432
0,260,1308.3897705078125,12816.4375,26.74602699279785,6.087876796722412,13.0116605758667
0,261,2415.632568359375,24071.4375,8.488890647888184,8.460844993591309,12.516644477844238
0,262,2473.489501953125,24639.86328125,9.503257751464844,9.939592361450195,7.090243816375732
0,263,2393.34521484375,23849.3125,8.413778305053711,8.963301658630371,11.552685737609863
0,264,2332.083740234375,23187.029296875,13.380922317504883,9.173419952392578,4.543735027313232
0,265,2667.11376953125,26502.9765625,16.816282272338867,9.700296401977539,14.378619194030762
0,266,2526.3779296875,25185.734375,7.804512977600098,9.434286117553711,12.697311401367188
0,267,1245.8978271484375,12031.08203125,42.7895622253418,6.60064697265625,9.111136436462402
0,268,2950.525146484375,29403.5546875,10.169702529907227,10.446069717407227,11.536676406860352
0,269,2435.154052734375,24182.05859375,16.948261260986328,9.535662651062012,8.676376342773438
0,270,2271.268310546875,22560.10546875,15.257922172546387,8.154221534729004,10.710443496704102
0,271,2661.953369140625,26543.4609375,7.607280254364014,9.936169624328613,9.10294246673584
0,272,1879.396484375,18685.890625,10.807413101196289,7.678576946258545,8.455889701843262
0,273,2167.753662109375,21536.37109375,14.116525650024414,8.154449462890625,8.957366943359375
0,274,2176.1455078125,21567.19921875,19.425504684448242,8.42263126373291,9.280444145202637
0,275,1782.3206787109375,17665.251953125,15.79539966583252,7.237069606781006,7.883960247039795
0,276,1866.5302734375,18372.90234375,29.23994255065918,7.90657377243042,8.407366752624512
0,277,2521.172119140625,25103.7265625,10.79942798614502,9.509747505187988,13.750866889953613
0,278,2334.632568359375,23016.9609375,32.93657302856445,8.434759140014648,11.651812553405762
0,279,2056.744873046875,20388.24609375,17.920196533203125,7.517003059387207,8.231073379516602
0,280,2657.80810546875,26498.205078125,7.987585544586182,9.882889747619629,12.71398639678955
0,281,2623.331298828125,26130.826171875,10.248629570007324,9.411738395690918,10.372611045837402
0,282,2371.923828125,23643.326171875,7.590970516204834,9.04320240020752,7.513604640960693
0,283,2885.47314453125,28748.48046875,10.625075340270996,10.309908866882324,7.6833648681640625
0,284,1228.9410400390625,12144.7216796875,14.468825340270996,6.714694976806641,9.776236534118652
0,285,3200.27734375,31832.8828125,16.988981246948242,10.812384605407715,7.581207275390625
0,286,2552.705810546875,25406.52734375,12.052943229675293,9.48559856414795,16.643014907836914
0,287,2906.93115234375,28985.875,8.343400955200195,10.9417142868042,10.348010063171387
0,288,1595.297607421875,15837.41796875,11.555768013000488,7.15182638168335,15.398205757141113
0,289,1015.7877807617188,10032.6982421875,12.51795482635498,6.007169246673584,10.721035957336426
0,290,2275.908447265625,22653.15625,10.592730522155762,8.4207181930542,9.666681289672852
0,291,3340.11474609375,33260.515625,14.063288688659668,11.018807411193848,8.519815444946289
0,292,2686.0419921875,26698.59375,16.182565689086914,9.31243896484375,9.775537490844727
0,293,1818.464599609375,18081.021484375,10.362387657165527,8.175139427185059,8.967337608337402
0,294,1446.42041015625,14288.509765625,17.56946563720703,6.418861389160156,10.4531831741333
0,295,3268.89404296875,32583.80859375,10.513257026672363,11.1544828414917,9.309289932250977
0,296,765.216552734375,7420.830078125,23.133556365966797,4.204974174499512,16.10257911682129
0,297,1107.69677734375,10984.4111328125,9.25555419921875,5.835624694824219,10.002530097961426
0,298,1381.876953125,13729.9794921875,8.879008293151855,6.7276291847229,10.198379516601562
0,299,3865.451904296875,38475.35546875,17.916362762451172,12.27750301361084,9.681930541992188
0,300,1693.644775390625,16786.15234375,15.02953815460205,7.051844120025635,5.710137844085693
0,301,2632.80224609375,26248.49609375,7.952520847320557,9.815421104431152,13.441571235656738
0,302,2548.47705078125,25287.140625,19.76295280456543,9.547762870788574,8.971896171569824
0,303,1003.6815185546875,9956.4873046875,8.032757759094238,5.20764684677124,10.22265338897705
0,304,1693.74560546875,16743.974609375,19.348125457763672,7.5344390869140625,11.028952598571777
0,305,1405.25390625,13956.9453125,9.559361457824707,6.524260997772217,9.201159477233887
0,306,3623.671142578125,36134.828125,10.188207626342773,11.460698127746582,9.925210952758789
0,307,3260.45703125,32519.4765625,8.509354591369629,10.323165893554688,8.087738037109375
0,308,3612.7216796875,36043.82421875,8.339153289794922,11.037551879882812,7.482031345367432
0,309,3375.8173828125,33679.671875,7.850108623504639,10.745914459228516,8.759512901306152
0,310,1798.7174072265625,17875.626953125,11.15469741821289,6.954904079437256,10.036883354187012
0,311,1566.0264892578125,15558.1953125,10.206866264343262,6.81300687789917,13.878994941711426
0,312,2009.400390625,20011.974609375,8.20285701751709,7.8114166259765625,14.787863731384277
0,313,1402.1673583984375,13895.6796875,12.599388122558594,6.569344520568848,9.397265434265137
0,314,2947.870361328125,29393.705078125,8.499869346618652,9.740012168884277,12.899304389953613
0,315,2754.18359375,27427.42578125,11.440872192382812,9.795881271362305,5.843163967132568
0,316,2341.656982421875,23311.029296875,10.553858757019043,8.663496971130371,12.513427734375
0,317,2447.1435546875,24359.8671875,11.156661033630371,9.537190437316895,17.270116806030273
0,318,1400.216064453125,13917.5302734375,8.463055610656738,5.960216522216797,9.086474418640137
0,319,1417.2764892578125,14047.490234375,12.527427673339844,6.303891181945801,11.471243858337402
0,320,3325.516357421875,33117.68359375,13.748031616210938,10.928183555603027,13.389739990234375
0,321,2489.50048828125,24768.552734375,12.64525032043457,9.69301986694336,8.281600952148438
0,322,2935.922607421875,29280.6796875,7.854501247406006,10.563361167907715,13.080245971679688
0,323,2448.53125,24327.25,15.806105613708496,9.15172290802002,15.654495239257812
0,324,2491.9833984375,24732.8359375,18.69976234436035,8.77538013458252,11.445406913757324
0,325,2102.075927734375,20537.845703125,48.291168212890625,8.498820304870605,13.342233657836914
0,326,2185.11328125,21787.296875,6.383481502532959,8.793251037597656,14.558374404907227
0,327,1675.7825927734375,16655.60546875,10.222041130065918,6.614895820617676,13.026110649108887
0,328,3393.395751953125,33871.390625,6.256700038909912,10.42493724822998,8.335476875305176
0,329,561.6410522460938,5151.0830078125,46.5327262878418,3.6966278553009033,9.003793716430664
0,330,1885.750732421875,18718.787109375,13.871981620788574,6.688815593719482,12.416839599609375
0,331,2368.91259765625,23418.517578125,27.060895919799805,8.372532844543457,14.690170288085938
0,332,3073.83984375,30656.65625,8.173968315124512,10.253264427185059,10.149298667907715
0,333,2074.8876953125,20626.84765625,12.202905654907227,7.912717342376709,7.554391384124756
0,334,2212.45556640625,22040.884765625,8.366864204406738,8.325162887573242,10.218317031860352
0,335,1526.763671875,15088.6064453125,17.90300941467285,6.7978949546813965,12.997076988220215
0,336,1800.5150146484375,17912.314453125,9.2835693359375,6.872288703918457,8.708136558532715
0,337,845.8434448242188,8325.755859375,13.267806053161621,4.829253673553467,9.104220390319824
0,338,1343.13232421875,13359.1259765625,7.219671726226807,6.327159404754639,11.4791898727417
0,339,1599.162841796875,15569.568359375,42.20591354370117,6.674705505371094,8.233105659484863
0,340,2841.146728515625,28353.591796875,5.787662029266357,9.718122482299805,9.3552885055542
0,341,2795.82861328125,27884.068359375,7.421583652496338,10.121596336364746,9.621777534484863
0,342,3513.357421875,35043.26171875,9.031268119812012,11.609293937683105,14.736578941345215
0,343,4366.15869140625,43590.06640625,7.1517157554626465,12.973116874694824,9.042535781860352
0,344,1066.1806640625,10474.1201171875,18.76873207092285,4.9379377365112305,9.618936538696289
0,345,1107.425537109375,10998.9072265625,7.5348052978515625,5.475339889526367,10.612838745117188
0,346,2311.453369140625,23057.234375,5.729929447174072,8.825336456298828,12.201074600219727
0,347,2971.803955078125,29625.6484375,9.239083290100098,10.529484748840332,10.755929946899414
0,348,4002.0400390625,39938.25390625,8.214489936828613,12.674057006835938,11.714212417602539
0,349,1689.9755859375,16775.34375,12.441154479980469,6.970996379852295,3.7564971446990967
0,350,2062.89794921875,20509.453125,11.952524185180664,7.108177185058594,12.40356159210205
0,351,4297.6513671875,42825.0546875,15.145835876464844,12.920494079589844,7.549780368804932
0,352,2514.33984375,24819.658203125,32.37403106689453,8.951375961303711,12.6068115234375
0,353,3629.136962890625,36209.7734375,8.159576416015625,11.514214515686035,9.809720039367676
0,354,2410.985107421875,24039.8515625,6.9999871253967285,9.411209106445312,6.919332981109619
0,355,1861.1527099609375,18350.365234375,26.116174697875977,7.82903528213501,9.461026191711426
0,356,1953.4407958984375,19444.48828125,8.991891860961914,7.477179050445557,14.994012832641602
0,357,3116.8779296875,31115.39453125,5.338437080383301,10.40390396118164,9.156478881835938
0,358,2963.480224609375,29530.001953125,10.479914665222168,10.2843017578125,8.511621475219727
0,359,2979.5966796875,29722.78125,7.318674564361572,10.114726066589355,10.126611709594727
0,360,2213.77294921875,21973.96484375,16.376359939575195,8.390624046325684,12.165863037109375
0,361,1488.393798828125,14805.5947265625,7.834306240081787,7.1619744300842285,13.119659423828125
0,362,1756.2724609375,17449.052734375,11.367217063903809,7.658191680908203,11.913260459899902
0,363,1901.736572265625,18954.62890625,6.273741245269775,7.695140361785889,12.016654014587402
0,364,1536.8590087890625,15222.1796875,14.640952110290527,6.179614543914795,11.25775146484375
0,365,1908.9595947265625,19005.447265625,8.41477108001709,7.6554856300354,3.005908250808716
0,366,2254.060546875,22469.5703125,7.103488922119141,8.069628715515137,11.462600708007812
0,367,2926.13720703125,29106.9375,15.443361282348633,10.279767990112305,13.213223457336426
0,368,2291.645263671875,22792.271484375,12.4179048538208,8.24251651763916,8.920315742492676
0,369,2372.291015625,23532.25,19.065826416015625,8.873141288757324,11.580362319946289
0,370,4010.358642578125,39975.94921875,12.763676643371582,12.461268424987793,6.613208293914795
0,371,1798.28955078125,17883.984375,9.891106605529785,7.78558349609375,8.206161499023438
0,372,1696.8592529296875,16760.802734375,20.77887535095215,7.183966159820557,8.652188301086426
0,373,970.4029541015625,9441.4453125,26.258441925048828,5.325571537017822,6.343545436859131
0,374,2312.59423828125,22969.037109375,15.690508842468262,8.933283805847168,12.011136054992676
0,375,1557.34375,15468.8701171875,10.45667552947998,6.5075578689575195,13.184066772460938
0,376,1210.6695556640625,12035.017578125,7.167670726776123,5.7390594482421875,12.168356895446777
0,377,2818.536376953125,28073.94921875,11.1412992477417,9.524935722351074,11.250744819641113
0,378,2045.0074462890625,20303.1015625,14.697216987609863,7.532243251800537,11.648284912109375
0,379,2148.42822265625,21428.625,5.565629959106445,7.844906806945801,14.734641075134277
0,380,1526.0838623046875,15163.6650390625,9.717265129089355,6.766471862792969,16.012380599975586
0,381,1431.244140625,14201.515625,11.092494010925293,6.48546838760376,10.373437881469727
0,382,2636.380859375,26218.20703125,14.559985160827637,8.358373641967773,9.8660888671875
0,383,2931.119384765625,29236.912109375,7.4281511306762695,9.822192192077637,12.810030937194824
0,384,1748.4317626953125,17217.26171875,26.705533981323242,5.697038650512695,5.763714790344238
0,385,1905.080322265625,18920.75,13.005302429199219,6.626031398773193,10.873074531555176
0,386,1371.540771484375,13530.841796875,18.45656967163086,5.693504333496094,5.474609375
0,387,3519.14306640625,35126.0234375,6.540706634521484,10.983919143676758,15.934683799743652
0,388,1648.613525390625,16402.5234375,8.361220359802246,7.249866485595703,8.679312705993652
0,389,2115.322021484375,21077.42578125,7.579319953918457,7.888893127441406,13.981677055358887
0,390,2960.28125,29521.80078125,8.101012229919434,10.163987159729004,7.584994792938232
0,391,2253.4228515625,22415.345703125,11.888260841369629,8.672093391418457,10.382486343383789
0,392,1649.8223876953125,16324.0263671875,17.419706344604492,6.423989295959473,14.7338285446167
0,393,3145.394287109375,31382.16015625,7.178297519683838,10.573931694030762,12.005841255187988
0,394,1535.1787109375,15265.09765625,8.66895580291748,6.675477027893066,11.158538818359375
0,395,1156.1285400390625,11264.7841796875,29.6501407623291,5.430751323699951,12.674219131469727
0,396,2980.79345703125,29617.494140625,19.043994903564453,9.510188102722168,12.590866088867188
0,397,1313.24560546875,13037.294921875,9.516057014465332,6.068705081939697,9.68664264678955
0,398,2680.72216796875,26720.416015625,8.680533409118652,8.972923278808594,8.050244331359863
0,399,2402.090576171875,23854.779296875,16.612442016601562,8.916916847229004,9.495272636413574
0,400,1448.6480712890625,14403.5087890625,8.297158241271973,6.509522438049316,9.2483549118042
0,401,1050.763916015625,10425.556640625,8.208198547363281,4.991455554962158,11.220895767211914
0,402,2668.03759765625,26606.875,7.35009765625,9.152573585510254,9.603747367858887
0,403,1394.0809326171875,13724.8486328125,21.596105575561523,5.914371013641357,9.814956665039062
0,404,1353.4637451171875,13307.85546875,22.678220748901367,5.170814514160156,7.560779094696045
0,405,2333.19873046875,23061.919921875,27.00663185119629,8.631925582885742,5.069955348968506
0,406,1542.5577392578125,15319.560546875,10.60167121887207,6.5004563331604,11.077753067016602
0,407,2001.0501708984375,19918.083984375,9.241645812988281,7.9189581871032715,8.078811645507812
0,408,1357.8341064453125,13508.826171875,6.951364994049072,6.2730231285095215,3.5774199962615967
0,409,2123.9775390625,21159.58203125,8.019408226013184,8.120585441589355,8.117547988891602
0,410,1693.808837890625,16823.953125,11.413488388061523,7.252901554107666,8.176605224609375
0,411,2322.171875,23126.8515625,9.4865140914917,8.689391136169434,6.2308502197265625
0,412,2829.118408203125,27958.96484375,33.22199630737305,9.44091796875,14.421279907226562
0,413,2966.45166015625,29547.5703125,11.694655418395996,9.94488525390625,10.006576538085938
0,414,1954.0543212890625,19338.388671875,20.215396881103516,7.458644390106201,7.2620849609375
0,415,2292.0791015625,22860.515625,6.027698040008545,8.48438549041748,7.720837593078613
0,416,1257.7518310546875,12500.7626953125,7.675540447235107,5.429209232330322,7.628628730773926
0,417,1323.672607421875,12995.94921875,24.077600479125977,5.13580322265625,9.495462417602539
0,418,2357.94384765625,23494.76953125,8.466681480407715,8.171133995056152,9.295361518859863
0,419,1490.412109375,14810.7958984375,9.33249282836914,6.087184906005859,9.883737564086914
0,420,2379.9130859375,23705.8671875,9.326336860656738,8.314139366149902,6.955850124359131
0,421,1940.5845947265625,19318.73046875,8.711488723754883,7.847972393035889,6.7891845703125
0,422,2153.28759765625,21322.828125,21.004621505737305,7.747084140777588,10.237225532531738
0,423,2331.06689453125,23198.3515625,11.231633186340332,8.802757263183594,11.640207290649414
0,424,3400.89599609375,33913.8671875,9.509257316589355,11.17314338684082,7.541360378265381
0,425,1876.58544921875,18451.376953125,31.447769165039062,6.793052673339844,6.493344306945801
0,426,2499.76513671875,24925.17578125,7.247645854949951,8.565971374511719,13.251953125
0,427,2087.911865234375,20735.357421875,14.376007080078125,7.68505334854126,8.494122505187988
0,428,2416.14453125,24104.74609375,5.669930458068848,8.915946006774902,8.156058311462402
0,429,1280.337158203125,12702.6953125,10.067625045776367,5.608509063720703,14.821878433227539
0,430,2129.7265625,21188.662109375,10.860373497009277,8.148119926452637,11.48669719696045
0,431,1507.19677734375,14773.984375,29.798322677612305,5.890346527099609,7.165936470031738
0,432,1390.91357421875,13753.759765625,15.53760051727295,5.554252624511719,3.176007032394409
0,433,2573.83984375,25637.697265625,10.070013046264648,8.488245964050293,8.938458442687988
0,434,2774.25048828125,27592.57421875,14.992878913879395,9.05480670928955,10.600481986999512
0,435,922.5354614257812,9123.2294921875,10.21255111694336,4.997488498687744,4.497704982757568
0,436,2328.10205078125,23212.953125,6.806704998016357,8.331297874450684,13.349695205688477
0,437,3754.607666015625,37470.63671875,7.543849468231201,11.742138862609863,9.181571006774902
0,438,1001.8943481445312,9915.3193359375,10.362404823303223,4.9205522537231445,4.628350734710693
0,439,949.1177368164062,9400.8759765625,9.030128479003906,4.895796775817871,9.712775230407715
0,440,1719.8751220703125,17108.0546875,9.069564819335938,6.431293487548828,12.001815795898438
0,441,1753.416748046875,17454.42578125,7.974061012268066,6.219062328338623,11.138315200805664
0,442,2055.195068359375,20494.07421875,5.787666320800781,7.3462982177734375,11.027905464172363
0,443,1466.709228515625,14580.544921875,8.654662132263184,5.802586555480957,8.036730766296387
0,444,1398.2073974609375,13782.8271484375,19.924631118774414,5.600421905517578,8.857012748718262
0,445,1006.0470581054688,9901.6259765625,15.88443660736084,4.212388038635254,13.579727172851562
0,446,1688.4493408203125,16773.224609375,11.126890182495117,6.518496990203857,11.873089790344238
0,447,1043.55029296875,10291.9697265625,14.353236198425293,5.180734157562256,7.350060939788818
0,448,2250.960205078125,22439.533203125,7.006736755371094,8.303130149841309,13.493191719055176
0,449,1347.1075439453125,13247.8583984375,22.32167625427246,5.111858367919922,9.51004695892334
0,450,1164.0068359375,11364.9697265625,27.50982666015625,4.263751029968262,7.851605415344238
0,451,1968.2940673828125,19482.716796875,20.022336959838867,7.00390100479126,7.97969388961792
0,452,1339.053466796875,13162.35546875,22.817914962768555,5.22047233581543,8.990854263305664
0,453,1943.9432373046875,19270.701171875,16.873088836669922,7.437549114227295,6.095483303070068
0,454,3657.916259765625,36520.7890625,5.837367057800293,11.33934497833252,8.354171752929688
0,455,1044.1983642578125,10334.099609375,10.788272857666016,4.71027135848999,14.841781616210938
0,456,1866.433349609375,18566.228515625,9.810428619384766,7.242618083953857,7.29498291015625
0,457,2151.85986328125,21443.49609375,7.5102458000183105,7.245866298675537,4.557733058929443
0,458,1551.857421875,15453.3359375,6.523829936981201,5.880029201507568,7.651922702789307
0,459,582.7809448242188,5707.67919921875,12.013006210327148,3.288991689682007,9.993887901306152
0,460,1202.7979736328125,11836.2578125,19.172109603881836,4.611061096191406,8.899286270141602
0,461,2017.653076171875,20119.802734375,5.672718048095703,7.4810333251953125,15.19272518157959
0,462,1841.107177734375,18353.572265625,5.7498979568481445,7.116055965423584,7.504300117492676
0,463,2680.78173828125,26731.48046875,7.633609294891357,9.435882568359375,12.888659477233887
0,464,1814.6021728515625,18095.669921875,5.0351128578186035,7.055226802825928,8.514474868774414
0,465,1609.7501220703125,15934.0322265625,16.34694480895996,6.1170125007629395,11.694671630859375
0,466,1361.3328857421875,13518.2236328125,9.510543823242188,5.887304782867432,11.499160766601562
0,467,1090.468505859375,10818.0205078125,8.66633129119873,4.589071750640869,13.274734497070312
0,468,2251.408935546875,22459.986328125,5.410152912139893,8.149477005004883,8.853055000305176
0,469,2005.443603515625,19936.0234375,11.841177940368652,7.676425457000732,9.105752944946289
0,470,1674.8121337890625,16684.38671875,6.373424053192139,6.4923996925354,10.324838638305664
0,471,3643.44189453125,36324.71875,10.970067024230957,11.216300010681152,5.894622802734375
0,472,1305.5653076171875,12989.255859375,6.639659404754639,5.612525463104248,14.557263374328613
0,473,3265.1748046875,32494.93359375,15.681344985961914,10.376092910766602,8.447845458984375
0,474,1587.6456298828125,15551.4921875,32.496341705322266,5.9950270652771,7.429177761077881
0,475,1886.6534423828125,18802.640625,6.389444351196289,6.690523624420166,9.282135009765625
0,476,1798.0374755859375,17883.7265625,9.664742469787598,6.954786777496338,11.511054039001465
0,477,2236.39208984375,22300.59765625,6.332215309143066,8.008749008178711,8.273757934570312
0,478,1417.4393310546875,14042.0439453125,13.234896659851074,5.505606174468994,9.752344131469727
0,479,1822.2940673828125,18067.740234375,15.519972801208496,6.807365417480469,14.037976264953613
0,480,1466.0556640625,14593.837890625,6.671820163726807,5.943196773529053,11.032455444335938
0,481,1450.646240234375,14297.61328125,20.884946823120117,5.731811046600342,9.846445083618164
0,482,2341.31396484375,23357.962890625,5.517620086669922,8.39410400390625,10.181467056274414
0,483,1803.197998046875,17904.2734375,12.770583152770996,7.035447120666504,8.317456245422363
0,484,1383.578369140625,13751.154296875,8.462906837463379,5.871304035186768,16.579130172729492
0,485,1589.897705078125,15829.228515625,6.974877834320068,6.741090297698975,8.179415702819824
0,486,1837.168701171875,18282.63671875,8.904986381530762,6.682837009429932,8.559432983398438
0,487,680.2771606445312,6687.3642578125,11.54071044921875,3.3482704162597656,12.865933418273926
0,488,1898.203857421875,18906.208984375,7.582867622375488,6.7943854331970215,12.875986099243164
0,489,3285.055908203125,32799.5546875,5.1002397537231445,10.305246353149414,9.980319023132324
0,490,3502.34716796875,34931.9375,9.153227806091309,11.132610321044922,11.543423652648926
0,491,1316.7222900390625,13083.0234375,8.419877052307129,5.720566749572754,10.649344444274902
0,492,1304.7080078125,12924.9111328125,12.216888427734375,5.059342384338379,11.746350288391113
0,493,2633.028564453125,26132.984375,19.729942321777344,8.193414688110352,11.359888076782227
0,494,1782.184814453125,17761.287109375,6.055994033813477,6.7762770652771,8.409451484680176
0,495,2524.08642578125,25173.15625,6.7707109451293945,8.60196590423584,6.580075263977051
0,496,2901.58056640625,28816.765625,19.904043197631836,8.827641487121582,8.281878471374512
0,497,2713.009765625,27038.08984375,9.200675010681152,9.086604118347168,11.964492797851562
0,498,1940.8946533203125,19292.640625,11.630579948425293,7.288281440734863,8.627066612243652
0,499,1638.9891357421875,16326.984375,6.2906317710876465,6.478414058685303,9.522549629211426
0,500,1327.716796875,13178.603515625,9.856470108032227,4.8923258781433105,15.955062866210938
0,501,2311.922607421875,22921.3828125,19.784067153930664,8.154295921325684,10.656259536743164
0,502,2381.011474609375,23737.041015625,7.307490825653076,8.189908981323242,8.831830024719238
0,503,1585.1077880859375,15784.54296875,6.653392314910889,6.499692440032959,9.28356647491455
0,504,1655.96875,16497.62890625,6.205799579620361,6.735098361968994,13.574450492858887
0,505,1305.22265625,12982.123046875,7.010406494140625,5.294005870819092,12.567346572875977
0,506,2318.3837890625,23122.08984375,6.174782752990723,7.881155490875244,9.490121841430664
0,507,2472.937255859375,24669.5703125,5.980271816253662,8.359537124633789,10.572592735290527
0,508,1036.7041015625,10303.736328125,6.330423355102539,4.289408206939697,11.368234634399414
0,509,2277.52099609375,22719.16015625,5.60501766204834,8.232184410095215,8.88366413116455
0,510,1162.4390869140625,11497.572265625,12.681841850280762,4.969038486480713,6.7559051513671875
0,511,1575.6519775390625,15693.734375,6.27855920791626,6.214035987854004,8.981805801391602
0,512,2763.630126953125,27534.091796875,10.220942497253418,8.800948143005371,10.908795356750488
0,513,1250.0570068359375,12327.1064453125,17.34627342224121,4.647757530212402,9.124307632446289
0,514,2133.9638671875,21276.509765625,6.312865257263184,8.117207527160645,6.702124118804932
0,515,1583.589599609375,15770.2197265625,6.567669868469238,6.0864434242248535,8.171731948852539
0,516,1053.8970947265625,10484.669921875,5.430074214935303,4.863499164581299,9.735702514648438
0,517,823.3302612304688,8147.0498046875,8.625226974487305,4.115664958953857,8.496390342712402
0,518,778.5198974609375,7710.654296875,7.454489231109619,3.4629876613616943,10.670269966125488
0,519,1318.165771484375,13075.419921875,10.62374210357666,4.852987766265869,13.921701431274414
0,520,1474.2957763671875,14627.4130859375,11.554396629333496,5.443210124969482,9.936248779296875
0,521,2324.5146484375,23119.30859375,12.583662033081055,7.635592937469482,10.212472915649414
0,522,498.5456237792969,4648.1748046875,33.7281379699707,2.5467052459716797,10.008048057556152
0,523,1226.6373291015625,12101.572265625,16.480146408081055,4.733329772949219,14.92651081085205
0,524,1439.2469482421875,14324.0078125,6.846194744110107,5.86691427230835,11.643588066101074
0,525,2398.69677734375,23942.43359375,4.453370571136475,8.139866828918457,12.580965995788574
0,526,1833.9100341796875,18229.236328125,10.986285209655762,6.004341125488281,11.853662490844727
0,527,2918.123291015625,29117.40625,6.382632255554199,9.5181245803833,7.612191677093506
0,528,2222.982177734375,22117.05859375,11.276320457458496,7.546021938323975,10.740008354187012
0,529,3038.365478515625,30286.859375,9.679487228393555,9.881207466125488,8.846819877624512
0,530,1469.432861328125,14604.607421875,8.972084999084473,5.290704250335693,7.237521648406982
0,531,2742.471435546875,27295.759765625,12.895502090454102,8.829806327819824,14.260138511657715
0,532,3177.755859375,31715.857421875,6.170215606689453,10.095977783203125,7.599231243133545
0,533,2113.752685546875,21060.60546875,7.692142486572266,7.616397380828857,12.710583686828613
0,534,1209.3291015625,11963.0107421875,13.027997016906738,5.406196117401123,7.012979030609131
0,535,2108.39306640625,20697.6328125,38.629638671875,7.413421630859375,7.9991607666015625
0,536,1069.0380859375,10575.380859375,11.50005054473877,4.63694953918457,12.016619682312012
0,537,1761.5999755859375,17544.783203125,7.121617794036865,6.377320289611816,7.606054782867432
0,538,1373.237060546875,13655.521484375,7.684996128082275,5.4557623863220215,11.1448974609375
0,539,2076.22509765625,20696.333984375,6.591668605804443,6.841162204742432,5.844610691070557
0,540,3019.9189453125,30118.58203125,8.0607328414917,9.640034675598145,5.705182075500488
0,541,1430.8240966796875,14239.5078125,6.873292446136475,5.755697727203369,14.0703125
0,542,639.4739379882812,6334.76953125,5.996953964233398,2.7354938983917236,13.499960899353027
0,543,1832.5887451171875,18267.50390625,5.838433742523193,7.041650295257568,7.030459880828857
0,544,2145.035400390625,21399.248046875,5.110555648803711,7.092929363250732,14.390530586242676
0,545,2436.461181640625,24308.552734375,5.60584020614624,8.457118034362793,13.122024536132812
0,546,1180.1934814453125,11690.8251953125,11.111010551452637,4.612468242645264,11.699023246765137
0,547,2341.730224609375,23356.9375,6.03633451461792,8.31890869140625,11.215970039367676
0,548,1869.8890380859375,18638.84765625,6.004313945770264,6.969329833984375,8.880154609680176
0,549,2833.734619140625,28194.923828125,14.242240905761719,8.893401145935059,12.380685806274414
0,550,2567.395751953125,25624.001953125,4.995680809020996,8.999969482421875,7.773834228515625
0,551,1598.4998779296875,15913.1015625,7.189660549163818,5.802968978881836,11.930963516235352
0,552,2118.05126953125,21124.8984375,5.5611796379089355,6.8619585037231445,10.30895709991455
0,553,2002.866943359375,19963.93359375,6.473531246185303,7.050776958465576,13.288742065429688
0,554,1027.4267578125,10154.6748046875,11.959317207336426,4.316094875335693,12.131054878234863
0,555,1910.4002685546875,19044.1484375,5.985321998596191,6.8273210525512695,9.258994102478027
0,556,2739.871826171875,27341.6640625,5.705209255218506,8.6255521774292,11.593646049499512
0,557,1024.76904296875,10191.396484375,5.629356384277344,4.3384318351745605,13.233621597290039
0,558,2048.142822265625,20407.05859375,7.436904430389404,7.191420078277588,8.903528213500977
0,559,1833.3599853515625,18266.20703125,6.739261150360107,6.598570346832275,10.717190742492676
0,560,725.2908935546875,7138.4228515625,11.448577880859375,3.56815505027771,10.476849555969238
0,561,3050.3232421875,30436.984375,6.624815464019775,9.723443984985352,6.864743232727051
0,562,1724.9088134765625,17179.96875,6.911909580230713,5.953399181365967,9.0840482711792
0,563,1479.721923828125,14716.177734375,8.104174613952637,5.905819892883301,8.186001777648926
0,564,1649.0474853515625,16407.984375,8.249056816101074,6.314838409423828,10.252850532531738
0,565,1419.805419921875,14119.8994140625,7.815445899963379,5.231723308563232,12.958807945251465
0,566,2488.3984375,24821.62109375,6.236299514770508,8.459290504455566,11.241045951843262
0,567,745.3189086914062,7379.470703125,7.3718156814575195,3.2453529834747314,12.369351387023926
0,568,1398.47802734375,13928.79296875,5.598758220672607,5.489793300628662,11.509570121765137
0,569,1338.7100830078125,13224.7861328125,16.23141860961914,5.305470943450928,7.716711521148682
0,570,2157.35888671875,21524.57421875,4.901484966278076,7.680881500244141,13.78467082977295
0,571,2380.479248046875,23735.57421875,6.921878337860107,7.777760982513428,11.852728843688965
0,572,2024.5296630859375,20188.9921875,5.630356788635254,7.326764106750488,14.279541015625
0,573,1690.8846435546875,16677.640625,23.120649337768555,6.034503936767578,8.2350435256958
0,574,1625.166015625,16196.451171875,5.520888805389404,6.394526958465576,8.86340045928955
0,575,2281.144287109375,22739.837890625,7.160409450531006,7.938724040985107,12.423181533813477
0,576,2334.39501953125,23292.15234375,5.179661750793457,7.5493950843811035,3.41009521484375
0,577,981.7301025390625,9693.1240234375,12.417680740356445,4.2152018547058105,12.924911499023438
0,578,1125.924560546875,11151.9130859375,10.733245849609375,4.548460006713867,10.3921537399292
0,579,1251.542724609375,12445.6572265625,6.976893901824951,4.380553722381592,9.258462905883789
0,580,2008.921142578125,19972.5,11.671148300170898,6.513702392578125,13.451998710632324
0,581,1608.667724609375,15995.37890625,9.129753112792969,5.3047919273376465,13.446975708007812
0,582,1235.8079833984375,12304.90625,5.317349433898926,5.251803874969482,7.928845405578613
0,583,2021.7239990234375,20167.126953125,5.011221408843994,7.1118364334106445,10.630953788757324
0,584,1217.446533203125,12063.24609375,11.121996879577637,4.70636510848999,11.956405639648438
0,585,1587.048828125,15796.216796875,7.427175998687744,5.0628886222839355,13.525128364562988
0,586,1118.1966552734375,11124.373046875,5.759222030639648,4.3415608406066895,11.999139785766602
0,587,2015.0341796875,20083.103515625,6.723751068115234,6.5025315284729,9.376532554626465
0,588,2106.221923828125,21006.0390625,5.6178765296936035,7.460683345794678,8.335156440734863
0,589,1680.43505859375,16700.5703125,10.3779935836792,6.293519496917725,8.255053520202637
0,590,1480.569091796875,14748.873046875,5.68173360824585,5.599774360656738,12.0773286819458
0,591,1467.0794677734375,14623.4755859375,4.731874942779541,5.951098918914795,14.184625625610352
0,592,1780.226318359375,17734.037109375,6.822663307189941,6.507369518280029,9.348599433898926
0,593,2551.192626953125,25460.08203125,5.184434413909912,8.203752517700195,12.572592735290527
0,594,2501.004638671875,24898.123046875,11.192434310913086,8.096137046813965,10.339200019836426
0,595,2295.251953125,22881.7265625,7.079466342926025,7.939557075500488,7.270968914031982
0,596,1878.672119140625,18713.32421875,7.339707374572754,6.704995632171631,7.518496990203857
0,597,1961.9586181640625,19538.30078125,8.128538131713867,5.981965065002441,11.624277114868164
0,598,1366.23291015625,13610.53515625,5.179277420043945,5.434206008911133,12.050247192382812
0,599,1352.875732421875,13464.80859375,6.394887447357178,5.755195140838623,6.418753147125244
0,600,828.0994262695312,8171.96875,10.902549743652344,3.0497777462005615,9.519635200500488
0,601,1492.401611328125,14872.220703125,5.179551601409912,6.022580146789551,6.747525215148926
0,602,1231.6505126953125,12192.1669921875,12.433852195739746,4.720597743988037,12.20916748046875
0,603,2320.43505859375,23132.919921875,7.143039703369141,7.831538677215576,8.00036334991455
0,604,819.894287109375,8148.86328125,5.0079426765441895,3.1396706104278564,15.0645112991333
0,605,2009.012451171875,20035.474609375,5.464909553527832,6.896517276763916,13.585351943969727
0,606,2700.462158203125,26953.91796875,5.070261478424072,8.329508781433105,8.30509090423584
0,607,1775.8878173828125,17674.609375,8.426902770996094,5.876028537750244,9.611407279968262
0,608,2565.867431640625,25574.072265625,8.460182189941406,8.674487113952637,8.8739652633667
0,609,1091.0250244140625,10858.212890625,5.203755855560303,4.433457374572754,10.675430297851562
0,610,1450.5933837890625,14424.4619140625,8.147181510925293,5.044232368469238,11.491678237915039
0,611,1434.7142333984375,14242.431640625,10.471012115478516,4.8448004722595215,11.034463882446289
0,612,1236.896728515625,12314.0263671875,5.493988990783691,4.667243957519531,10.094403266906738
0,613,1883.94140625,18777.99609375,6.14172887802124,6.931148529052734,10.774688720703125
0,614,2407.8740234375,24018.9921875,5.974767684936523,8.096562385559082,10.644482612609863
0,615,1213.109130859375,12074.228515625,5.6862406730651855,4.924398899078369,9.601101875305176
0,616,1778.1546630859375,17734.86328125,4.668374538421631,6.135908603668213,7.39833402633667
0,617,1086.91943359375,10789.734375,7.945878505706787,4.252172470092773,11.862225532531738
0,618,1264.9879150390625,12598.0498046875,5.182864189147949,4.766829013824463,6.577273845672607
0,619,2018.716064453125,20053.67578125,13.348502159118652,7.247795104980469,9.1745023727417
0,620,2217.426025390625,22119.05078125,5.520895957946777,7.616709232330322,6.551211833953857
0,621,2489.857666015625,24851.34375,4.723128795623779,8.113590240478516,8.3584566116333
0,622,2004.0419921875,19987.517578125,5.290122985839844,6.671231269836426,10.87414264678955
0,623,1822.3096923828125,18152.015625,7.108173370361328,6.434240818023682,8.639993667602539
0,624,1068.5286865234375,10626.8310546875,5.845536708831787,4.225073337554932,6.522625923156738
0,625,1922.0992431640625,19138.126953125,8.286449432373047,6.48390531539917,9.736889839172363
0,626,1652.962646484375,16456.580078125,7.304547309875488,6.0102858543396,8.67404842376709
0,627,980.171630859375,9745.8623046875,5.585378170013428,3.9745776653289795,8.142107963562012
0,628,710.368896484375,7039.6357421875,6.405326843261719,2.8391177654266357,8.659197807312012
0,629,1163.7724609375,11584.0908203125,5.363345623016357,4.340305328369141,12.615386962890625
0,630,1591.7725830078125,15856.705078125,6.102077007293701,5.63323974609375,8.428277969360352
0,631,1898.8585205078125,18932.984375,5.5600409507751465,6.659666538238525,10.683871269226074
0,632,1081.94580078125,10755.8701171875,6.358823776245117,4.038722038269043,8.495538711547852
0,633,989.0755004882812,9835.462890625,5.529175281524658,3.8149781227111816,13.29180908203125
0,634,1818.97509765625,18131.65625,5.8094611167907715,5.817791938781738,12.798148155212402
0,635,2408.537353515625,24026.5859375,5.8786115646362305,8.368870735168457,9.61034870147705
0,636,2111.314697265625,21048.470703125,6.4674391746521,6.838523864746094,11.152060508728027
0,637,1077.8172607421875,10719.275390625,5.889638900756836,4.583224773406982,2.7581117153167725
0,638,1148.632568359375,11432.84765625,5.347747802734375,4.621406555175781,6.392404079437256
0,639,1377.78857421875,13649.6728515625,12.821272850036621,4.469960689544678,13.182608604431152
0,640,1877.710205078125,18706.140625,7.096129894256592,6.625556945800781,11.069000244140625
0,641,387.4661560058594,3807.8427734375,6.681884765625,2.237694263458252,6.333090305328369
0,642,2147.15234375,21422.322265625,4.920238018035889,6.753812313079834,8.795974731445312
0,643,1207.015869140625,12020.6162109375,4.954189777374268,4.732772350311279,15.027701377868652
0,644,645.431640625,6316.96630859375,13.734970092773438,2.7661845684051514,12.3968505859375
0,645,1581.9150390625,15771.1611328125,4.798943996429443,5.919841766357422,9.71976375579834
0,646,1873.4932861328125,18608.65234375,12.628076553344727,6.786460876464844,7.142941474914551
0,647,1695.7703857421875,16857.64453125,10.005802154541016,5.812600135803223,8.800714492797852
0,648,1177.5714111328125,11708.048828125,6.766503810882568,4.546755790710449,7.742071628570557
0,649,1617.329833984375,16079.775390625,9.352310180664062,5.874039173126221,8.110812187194824
0,650,1753.751220703125,17399.90234375,13.760947227478027,5.819916725158691,10.687280654907227
0,651,2229.20654296875,22227.58203125,6.448164463043213,7.187904357910156,7.92909574508667
0,652,1475.1051025390625,14706.736328125,4.431374549865723,5.353221416473389,9.148837089538574
0,653,969.8226318359375,9634.1240234375,6.410228252410889,4.109964847564697,5.944122314453125
0,654,1478.7076416015625,14680.68359375,10.639299392700195,5.474288463592529,13.92419147491455
0,655,1565.0150146484375,15600.7080078125,4.944194316864014,5.832005500793457,11.682220458984375
0,656,1534.4818115234375,15294.48046875,5.03372049331665,5.296919345855713,10.499160766601562
0,657,2174.8369140625,21687.32421875,6.104497909545898,7.270577907562256,7.928991794586182
0,658,1303.1126708984375,12974.9970703125,5.612884044647217,4.752826690673828,10.673739433288574
0,659,2537.596435546875,25322.208984375,5.375523090362549,8.418617248535156,11.203302383422852
0,660,1703.42431640625,16962.3984375,7.184490203857422,5.840705871582031,9.335705757141113
0,661,1378.723388671875,13685.7978515625,10.143536567687988,4.995517253875732,9.60745906829834
0,662,1263.041259765625,12565.021484375,6.539022922515869,4.058435916900635,10.879931449890137
0,663,1388.6519775390625,13834.400390625,5.211864948272705,5.09779167175293,9.44397258758545
0,664,825.9115600585938,8197.7333984375,6.138210773468018,3.3097901344299316,9.804672241210938
0,665,426.0421447753906,4202.111328125,5.831000804901123,1.8915796279907227,2.656494140625
0,666,1887.465576171875,18823.474609375,5.1180853843688965,6.80718469619751,8.858492851257324
0,667,1440.3011474609375,14309.921875,9.308974266052246,5.507115364074707,5.778393745422363
0,668,1019.916259765625,10149.1875,4.997475624084473,3.8163909912109375,11.136383056640625
0,669,1733.0452880859375,17255.587890625,7.486508369445801,6.0460896492004395,10.726630210876465
0,670,1753.312744140625,17452.8203125,8.030634880065918,5.740868091583252,10.024469375610352
0,671,1007.258056640625,10022.86328125,4.971729278564453,3.6600730419158936,9.4016695022583
0,672,1515.66845703125,15105.568359375,5.111588478088379,5.074678421020508,11.630386352539062
0,673,2400.933837890625,23935.84765625,7.34907865524292,7.599876403808594,12.671114921569824
0,674,1916.7783203125,19117.6328125,5.01503324508667,6.735675811767578,6.563357830047607
0,675,1841.4110107421875,18354.080078125,6.0029425621032715,6.053046703338623,5.784793376922607
0,676,974.5604858398438,9692.28515625,5.331955909729004,4.03857946395874,8.427878379821777
0,677,869.6334838867188,8597.12109375,9.92137336730957,3.869717836380005,5.968591213226318
0,678,1673.407958984375,16660.404296875,7.367561340332031,6.076464653015137,7.938147068023682
0,679,1022.842529296875,10172.7880859375,5.563743591308594,4.161841869354248,10.343185424804688
0,680,1459.8935546875,14542.40625,5.652930736541748,5.551211357116699,12.685699462890625
0,681,1744.994140625,17396.73046875,5.3210601806640625,6.134664535522461,9.52581787109375
0,682,1144.6142578125,11393.125,5.301817417144775,4.5240349769592285,9.069159507751465
0,683,1536.8609619140625,15316.654296875,5.1955084800720215,5.635064125061035,7.426660060882568
0,684,1495.0302734375,14897.564453125,5.273774147033691,5.6004958152771,9.770751953125
0,685,1046.59765625,10394.064453125,7.19116735458374,4.245081424713135,10.071741104125977
0,686,1548.9046630859375,15396.6904296875,9.235611915588379,5.987010478973389,9.594183921813965
0,687,717.4451904296875,7090.3720703125,8.407981872558594,3.1770291328430176,6.52662992477417
0,688,1130.826171875,11257.072265625,5.118861198425293,4.220775127410889,6.064831733703613
0,689,936.447998046875,9309.4453125,5.503508567810059,3.789170026779175,14.343948364257812
0,690,2129.6328125,21235.837890625,6.0490241050720215,7.3984527587890625,8.225043296813965
0,691,2074.853271484375,20683.04296875,6.548793792724609,7.047110080718994,9.093576431274414
0,692,2480.48486328125,24755.64453125,4.9205169677734375,8.120445251464844,7.286798000335693
0,693,1197.15478515625,11901.701171875,6.984559535980225,4.732481002807617,5.263803005218506
0,694,872.2036743164062,8654.2060546875,6.783056735992432,3.1601860523223877,5.389743328094482
0,695,2023.856689453125,20192.517578125,4.604909896850586,6.4691057205200195,12.577630996704102
0,696,1949.5477294921875,19444.23828125,5.123955249786377,6.455358982086182,11.952484130859375
0,697,1549.6553955078125,15442.9697265625,5.358349323272705,5.3786749839782715,12.554003715515137
0,698,1033.4420166015625,10262.38671875,7.203405857086182,4.441567897796631,8.388565063476562
0,699,1428.4190673828125,14219.79296875,6.439683437347412,5.338778018951416,14.269119262695312
0,700,1718.94677734375,17112.99609375,7.6471452713012695,6.132489204406738,8.363898277282715
0,701,1659.9664306640625,16519.99609375,7.966789245605469,6.109145641326904,9.073486328125
0,702,697.3464965820312,6927.66015625,4.580465793609619,2.5176005363464355,11.66892147064209
0,703,391.8785400390625,3847.38134765625,7.140425205230713,2.137568712234497,6.780438423156738
0,704,725.5072021484375,7205.74365234375,4.932812690734863,2.552211284637451,11.238593101501465
0,705,1886.47021484375,18814.267578125,5.043437480926514,6.4258551597595215,13.498333930969238
0,706,1928.8597412109375,19232.48828125,5.6108222007751465,6.093562602996826,13.999411582946777
0,707,619.0757446289062,6097.099609375,9.365771293640137,2.907665967941284,10.44982624053955
0,708,2386.71142578125,23817.8125,4.9302544593811035,7.456786632537842,12.04712200164795
0,709,1606.63427734375,16003.36328125,6.297982692718506,5.6811089515686035,11.209368705749512
0,710,1716.2833251953125,17113.802734375,4.903104305267334,6.188485622406006,3.970358371734619
0,711,1539.13720703125,15345.4189453125,4.595311641693115,5.984996795654297,9.955645561218262
0,712,1175.7791748046875,11712.9609375,4.483013153076172,4.309682369232178,9.595489501953125
0,713,1508.3602294921875,14998.423828125,8.517778396606445,5.100780487060547,8.359393119812012
0,714,453.2523193359375,4482.50634765625,5.001677989959717,2.189404249191284,11.289697647094727
0,715,1294.70263671875,12893.0517578125,5.397488117218018,4.831265449523926,12.582498550415039
0,716,697.3352661132812,6911.06591796875,6.228659629821777,2.672720193862915,9.288919448852539
0,717,2071.751708984375,20668.708984375,4.880863189697266,6.627223491668701,8.023767471313477
0,718,1365.8514404296875,13580.55859375,7.795576572418213,4.595518589019775,9.37766170501709
0,719,1542.2315673828125,15354.98046875,6.733485698699951,5.176624298095703,10.106369018554688
0,720,1887.906494140625,18828.529296875,5.053643703460693,6.348369598388672,8.488662719726562
0,721,1135.4432373046875,11309.2548828125,4.517664909362793,4.029631614685059,9.646484375
0,722,1689.76025390625,16848.978515625,4.8623857498168945,5.974614143371582,12.195444107055664
0,723,896.193359375,8903.744140625,5.818888187408447,3.6047885417938232,5.808145046234131
0,724,1150.3314208984375,11443.33203125,5.998191833496094,4.104054927825928,10.692389488220215
0,725,1810.8060302734375,18058.265625,4.9795451164245605,6.204010009765625,6.5107421875
0,726,1432.6800537109375,14260.16015625,6.664093017578125,4.818009376525879,10.35672664642334
0,727,1408.531494140625,13971.1630859375,11.415164947509766,4.558638095855713,10.027432441711426
0,728,1460.1751708984375,14488.4267578125,11.332560539245605,5.479435920715332,13.068313598632812
0,729,1035.35986328125,10277.2880859375,7.630965709686279,3.9272172451019287,8.625619888305664
0,730,1389.8125,13852.748046875,4.537718296051025,4.649789810180664,8.704913139343262
0,731,1575.0775146484375,15697.2041015625,5.357028961181641,5.317759037017822,8.9226655960083
0,732,1006.1412353515625,10014.591796875,4.682084560394287,3.8145737648010254,9.045260429382324
0,733,404.5393371582031,3987.107421875,5.82858419418335,1.7004806995391846,10.140414237976074
0,734,1713.627685546875,17083.060546875,5.321628093719482,5.917181491851807,13.189554214477539
0,735,1756.6534423828125,17518.470703125,4.806337833404541,6.138047695159912,10.514386177062988
0,736,934.5614624023438,9299.7783203125,4.583615779876709,3.7352731227874756,8.872156143188477
0,737,1027.898193359375,10207.765625,7.12161111831665,3.1522586345672607,10.965781211853027
0,738,1630.071533203125,16238.873046875,6.184202671051025,5.601284980773926,9.93359661102295
0,739,636.0823364257812,6316.859375,4.396358013153076,2.4366493225097656,11.8275785446167
0,740,1872.3072509765625,18659.05859375,6.401355266571045,6.249598503112793,6.000125408172607
0,741,1454.8853759765625,14499.57421875,4.928032875061035,4.768765926361084,7.373538494110107
0,742,1830.3861083984375,18251.841796875,5.201872825622559,6.024941921234131,10.7738618850708
0,743,1759.806884765625,17545.646484375,5.2421555519104,5.820131778717041,12.717612266540527
0,744,1149.6768798828125,11445.396484375,5.137244701385498,4.398878574371338,9.757425308227539
0,745,436.9580993652344,4306.73046875,6.285043239593506,2.407804250717163,10.016931533813477
0,746,1434.563232421875,14296.5048828125,4.912725925445557,5.520869731903076,6.892825603485107
0,747,735.6690673828125,7255.34033203125,10.135013580322266,3.3543553352355957,11.433737754821777
0,748,1171.756103515625,11667.4072265625,5.015323638916016,4.028974533081055,10.5492525100708
0,749,1797.593505859375,17925.201171875,5.073416233062744,6.375736713409424,4.278204441070557
0,750,1759.6890869140625,17533.673828125,6.321654796600342,5.441430568695068,6.198721408843994
0,751,1216.8896484375,12078.423828125,9.047289848327637,4.568172454833984,14.36777400970459
0,752,1849.634033203125,18446.580078125,4.975963592529297,5.8690690994262695,11.833889961242676
0,753,414.3624572753906,4034.7021484375,10.892237663269043,2.3825626373291016,13.282852172851562
0,754,1496.0828857421875,14904.982421875,5.584628582000732,5.053561687469482,11.570172309875488
0,755,1481.1951904296875,14762.615234375,4.933653354644775,4.813624858856201,11.034326553344727
0,756,1496.7943115234375,14907.6826171875,6.02596378326416,5.462832450866699,10.127474784851074
0,757,1555.446533203125,15484.431640625,7.0032525062561035,5.284722805023193,12.30035400390625
0,758,1051.875,10471.0537109375,4.769637107849121,3.668445348739624,8.614657402038574
0,759,1922.15673828125,19169.181640625,5.238468647003174,6.325141906738281,7.595828533172607
0,760,1587.544921875,15822.1796875,5.326905250549316,5.5353312492370605,10.651898384094238
0,761,2489.443115234375,24844.833984375,4.959604740142822,7.667443752288818,12.08727741241455
0,762,1189.9473876953125,11839.4482421875,6.002599239349365,4.071192264556885,9.271496772766113
0,763,902.5398559570312,8970.96875,5.44298791885376,3.057795763015747,12.252008438110352
0,764,2425.268310546875,24201.62890625,5.1053972244262695,7.182354927062988,9.907183647155762
0,765,1011.4324340820312,10065.59765625,4.872671604156494,4.158107757568359,11.91422176361084
0,766,1191.8731689453125,11862.2900390625,5.644158840179443,3.808873414993286,3.543261766433716
0,767,1940.0177001953125,19350.208984375,4.9968485832214355,6.31393575668335,18.40974998474121
0,768,1191.5404052734375,11855.421875,5.99815559387207,4.090470790863037,11.827438354492188
0,769,1607.89111328125,16027.19921875,5.171195030212402,5.527968883514404,12.352447509765625
0,770,968.1350708007812,9635.794921875,4.55554723739624,3.6783924102783203,5.601260662078857
0,771,2339.20654296875,23325.25,6.681326389312744,7.27008056640625,6.974966526031494
0,772,1408.65576171875,14038.0634765625,4.84933614730835,4.2854132652282715,9.9871187210083
0,773,1162.0084228515625,11571.23046875,4.885348796844482,4.142408847808838,9.936838150024414
0,774,1986.9073486328125,19819.0703125,5.000293254852295,6.491672039031982,11.81427001953125
0,775,1984.0850830078125,19754.80078125,8.604928970336914,6.387779235839844,11.984442710876465
0,776,1036.00537109375,10297.9345703125,6.211918830871582,3.564756155014038,6.689023017883301
0,777,591.8558959960938,5862.49658203125,5.6062140464782715,3.418424367904663,10.501482963562012
0,778,1498.1507568359375,14923.193359375,5.831477642059326,4.8334059715271,9.063714981079102
0,779,1225.5638427734375,12114.6982421875,14.093968391418457,4.465154647827148,11.46154499053955
0,780,1108.6544189453125,11027.0107421875,5.953347206115723,4.1801910400390625,10.15002727508545
0,781,838.0390014648438,8333.29296875,4.709746360778809,3.190476179122925,13.839797973632812
0,782,569.6484985351562,5645.56982421875,5.0914740562438965,2.279956817626953,10.318872451782227
0,783,1030.12646484375,10255.884765625,4.537940979003906,3.7612850666046143,12.669665336608887
0,784,849.1812744140625,8429.822265625,6.199014186859131,3.433320999145508,11.25827693939209
0,785,1302.120849609375,12960.744140625,6.046390533447266,4.688299179077148,7.588799953460693
0,786,826.1983642578125,8162.95166015625,9.903182029724121,2.9788026809692383,15.829562187194824
0,787,1424.8985595703125,14198.03515625,5.094932556152344,4.293187141418457,13.319113731384277
0,788,544.9796752929688,5382.97412109375,6.682249546051025,2.0627830028533936,5.4554901123046875
0,789,2284.36572265625,22795.90625,4.7751641273498535,7.056445598602295,7.257541179656982
0,790,1741.812255859375,17353.05078125,6.507184028625488,5.442559719085693,11.1433687210083
0,791,1480.609375,14744.5068359375,6.158705711364746,5.100186824798584,6.7881622314453125
0,792,905.7487182617188,8989.3818359375,6.810551643371582,3.631368398666382,10.3172025680542
0,793,501.5604248046875,4962.23876953125,5.336545467376709,1.551635503768921,8.134963989257812
0,794,1309.555908203125,13038.39453125,5.716451168060303,4.9684977531433105,10.341882705688477
0,795,904.3854370117188,8979.70703125,6.414750576019287,3.800194263458252,10.791269302368164
0,796,762.16259765625,7574.421875,4.72041654586792,2.8097212314605713,10.871060371398926
0,797,1686.0843505859375,16814.87890625,4.596447467803955,5.366209030151367,13.660760879516602
0,798,919.7134399414062,9150.484375,4.664968967437744,3.0448758602142334,9.859933853149414
0,799,1288.4610595703125,12837.4443359375,4.716551780700684,4.2839789390563965,7.143042087554932
0,800,1332.2657470703125,13271.3037109375,5.135400772094727,4.6065545082092285,12.437689781188965
0,801,1494.1024169921875,14892.3876953125,4.863587379455566,4.817573070526123,7.454043865203857
0,802,475.14404296875,4706.42822265625,4.5012311935424805,1.5709904432296753,10.752298355102539
0,803,783.2211303710938,7787.5166015625,4.469454288482666,2.9771108627319336,13.836783409118652
0,804,804.2107543945312,7995.396484375,4.671090126037598,2.9427220821380615,8.21817684173584
0,805,2121.18505859375,21156.1484375,5.569953441619873,6.335133075714111,9.980249404907227
0,806,1428.4532470703125,14224.38671875,6.014510154724121,4.707090377807617,10.439508438110352
0,807,649.4292602539062,6410.6708984375,8.362160682678223,3.070669651031494,10.065966606140137
0,808,2566.7021484375,25614.390625,5.263051509857178,7.627915382385254,6.8894195556640625
0,809,552.1070556640625,5464.62353515625,5.644730567932129,2.5509274005889893,9.15036678314209
0,810,1787.2276611328125,17820.34375,5.193212032318115,5.7720770835876465,4.198596477508545
0,811,720.3048095703125,7151.4814453125,5.156694412231445,2.4809608459472656,7.74981689453125
0,812,966.2752685546875,9608.3515625,5.440100193023682,3.576312780380249,9.028427124023438
0,813,731.4759521484375,7265.40771484375,4.935173511505127,2.95917010307312,5.364108562469482
0,814,1074.239013671875,10681.265625,6.1124186515808105,4.642186641693115,9.162421226501465
0,815,1604.4732666015625,15983.3896484375,6.134246826171875,5.06720495223999,13.288705825805664
0,816,1145.5928955078125,11388.56640625,6.736189365386963,4.487619400024414,7.530059814453125
0,817,1642.7864990234375,16282.2080078125,14.565619468688965,5.049357891082764,7.386227607727051
0,818,1567.0369873046875,15611.8701171875,5.849956035614014,4.882208347320557,12.200891494750977
0,819,1704.8673095703125,16995.197265625,5.347564220428467,5.305314540863037,12.896807670593262
0,820,2006.659912109375,20018.84765625,4.775128364562988,6.232608318328857,9.792798042297363
0,821,566.8543701171875,5619.732421875,4.881108283996582,1.8267608880996704,6.350650310516357
0,822,1643.3543701171875,16383.423828125,5.011967658996582,5.386497497558594,8.96982479095459
0,823,650.3060302734375,6457.93505859375,4.5125226974487305,1.944834589958191,10.901824951171875
0,824,789.8099365234375,7853.529296875,4.456976890563965,2.5213265419006348,11.055801391601562
0,825,853.4642944335938,8493.3564453125,4.128653049468994,2.728564977645874,10.057123184204102
0,826,1328.0506591796875,13230.6650390625,4.984102249145508,4.296702861785889,14.683600425720215
0,827,1192.87158203125,11875.0146484375,5.3700947761535645,4.382608890533447,12.260232925415039
0,828,1767.7230224609375,17626.60546875,5.062455654144287,5.083192348480225,9.011484146118164
0,829,2199.725341796875,21947.087890625,5.0166192054748535,6.467509746551514,10.921683311462402
0,830,1474.88671875,14701.80078125,4.706651210784912,4.600283145904541,7.2698974609375
0,831,1126.438720703125,11217.9013671875,4.648609638214111,3.50732159614563,8.107833862304688
0,832,790.0565795898438,7851.302734375,4.926278591156006,2.9932100772857666,5.784152507781982
0,833,1245.07373046875,12406.7548828125,4.3982062339782715,4.100069522857666,6.530459880828857
0,834,1196.96923828125,11918.515625,5.117696762084961,4.032358169555664,10.147638320922852
0,835,1372.548583984375,13651.701171875,7.378477573394775,4.789147853851318,10.685507774353027
0,836,912.248291015625,9072.697265625,4.978606700897217,2.91627836227417,4.706592082977295
0,837,1089.7508544921875,10848.388671875,4.912047863006592,4.296181678771973,8.404385566711426
0,838,1095.858642578125,10907.1435546875,5.144255638122559,3.7647550106048584,13.085128784179688
0,839,1950.2562255859375,19451.267578125,5.129369258880615,5.775809288024902,11.819345474243164
0,840,1253.225830078125,12487.421875,4.48363733291626,4.076826572418213,13.385910034179688
0,841,1317.2457275390625,13114.279296875,5.8177666664123535,4.020388126373291,11.385958671569824
0,842,1312.0526123046875,13036.109375,8.441678047180176,4.485385417938232,14.8565034866333
0,843,935.12255859375,9303.24609375,4.797929286956787,3.0318539142608643,13.005523681640625
0,844,724.1461181640625,7199.0849609375,4.2376322746276855,2.473628282546997,11.653769493103027
0,845,1712.7545166015625,17078.82421875,4.872033596038818,5.360599517822266,8.479013442993164
0,846,948.1915893554688,9433.6640625,4.825183391571045,2.896458625793457,7.473092555999756
0,847,1724.42236328125,17193.376953125,5.084555625915527,5.627712726593018,15.145370483398438
0,848,774.9589233398438,7698.7568359375,5.083256721496582,2.855731725692749,9.02609920501709
0,849,429.505615234375,4237.978515625,5.707762718200684,2.1456711292266846,12.189846992492676
0,850,393.3825988769531,3853.376953125,8.044898986816406,1.4183489084243774,10.33209228515625
0,851,686.037841796875,6808.46484375,5.191335678100586,2.288090229034424,12.822793960571289
0,852,1180.222900390625,11755.2890625,4.69392728805542,3.7226760387420654,7.445523262023926
0,853,1740.7425537109375,17345.7265625,6.169930934906006,5.628255367279053,9.779583930969238
0,854,1189.669189453125,11845.580078125,5.111238956451416,4.10105037689209,5.943579196929932
0,855,720.5020141601562,7146.28369140625,5.87366247177124,2.0898263454437256,9.939679145812988
0,856,435.7654724121094,4301.15283203125,5.650190830230713,2.3879892826080322,7.950842380523682
0,857,1053.6307373046875,10479.40625,5.6901092529296875,3.6013107299804688,5.150381565093994
0,858,1337.9378662109375,13331.552734375,4.782577037811279,3.8741631507873535,11.1013765335083
0,859,1848.67431640625,18434.87890625,5.186435222625732,5.8747735023498535,9.689227104187012
0,860,1036.5953369140625,10312.0859375,5.386689186096191,3.8577423095703125,9.098459243774414
0,861,550.9271240234375,5464.82763671875,4.444333076477051,2.289435625076294,11.10364055633545
0,862,843.634765625,8390.32421875,4.602365493774414,2.53100323677063,6.238040447235107
0,863,997.5313720703125,9926.6748046875,4.863902568817139,3.7525384426116943,14.654891967773438
0,864,1085.225830078125,10807.3740234375,4.488404750823975,3.5589256286621094,7.900482177734375
0,865,899.0894775390625,8934.654296875,5.624026775360107,3.672008514404297,8.40588092803955
0,866,1711.124267578125,17058.318359375,5.292354106903076,5.242531776428223,17.251821517944336
0,867,485.77685546875,4813.19189453125,4.457658290863037,2.405938148498535,6.3775177001953125
0,868,1172.4686279296875,11675.7626953125,4.892379283905029,3.60180926322937,7.210183620452881
0,869,763.4057006835938,7551.9873046875,8.2069673538208,2.1549642086029053,9.385626792907715
0,870,814.1832275390625,8095.650390625,4.618171215057373,2.046719551086426,12.874603271484375
0,871,1258.2646484375,12531.142578125,5.150445461273193,3.3345048427581787,5.123602390289307
0,872,874.6824951171875,8688.111328125,5.8713202476501465,3.368488073348999,12.227411270141602
0,873,1174.5625,11696.8193359375,4.8804850578308105,3.875890016555786,8.656356811523438
0,874,775.6873779296875,7700.84619140625,5.602694034576416,3.4289233684539795,6.398642063140869
0,875,872.9078979492188,8680.994140625,4.80844259262085,2.68595290184021,7.376214504241943
0,876,1833.00341796875,18281.408203125,4.862565517425537,5.162667274475098,8.551861763000488
0,877,737.60693359375,7329.6884765625,4.638089179992676,2.6071407794952393,12.950912475585938
0,878,1830.2510986328125,18255.162109375,4.734884738922119,5.225829124450684,12.015475273132324
0,879,1419.41162109375,14146.2392578125,4.787705421447754,4.635621547698975,8.549789428710938
0,880,2095.71923828125,20908.4140625,4.877647876739502,6.315421104431152,7.574612617492676
0,881,1693.0379638671875,16880.458984375,4.992106914520264,5.250669956207275,8.044479370117188
0,882,1256.5501708984375,12520.7119140625,4.479029178619385,3.7490298748016357,5.169763088226318
0,883,474.7557067871094,4687.7001953125,5.9856767654418945,2.328132390975952,8.794974327087402
0,884,1602.5111083984375,15971.830078125,5.328155040740967,4.642792224884033,17.795368194580078
0,885,513.6624755859375,5070.02490234375,6.659947395324707,1.7779638767242432,13.869280815124512
0,886,1720.57373046875,17156.7734375,4.896309852600098,5.225435256958008,8.017315864562988
0,887,1492.38623046875,14874.921875,4.893993377685547,3.993727445602417,12.554022789001465
0,888,1541.5865478515625,15363.6376953125,5.222807884216309,4.816796779632568,7.211300849914551
0,889,1130.9835205078125,11265.1044921875,4.472970485687256,3.572519063949585,12.421957969665527
0,890,2161.16455078125,21565.322265625,4.63234281539917,6.224008083343506,12.848123550415039
0,891,860.693603515625,8561.3095703125,4.562611103057861,2.929955005645752,8.300338745117188
0,892,1029.659912109375,10240.28125,5.631687164306641,3.4267258644104004,9.468399047851562
0,893,656.5301513671875,6472.8857421875,9.241548538208008,2.0916945934295654,8.319284439086914
0,894,1057.2449951171875,10527.1044921875,4.534585475921631,3.4527783393859863,10.2611665725708
0,895,785.2823486328125,7802.7685546875,5.005477428436279,2.7293179035186768,11.711764335632324
0,896,1345.0499267578125,13377.58984375,7.290879726409912,4.273022651672363,11.222213745117188
0,897,1375.804931640625,13710.6923828125,4.7357177734375,4.320119380950928,7.629174709320068
0,898,1010.7918701171875,10062.5927734375,4.532606601715088,3.6579151153564453,13.352777481079102
0,899,2281.402587890625,22758.87890625,5.514602184295654,6.492622375488281,12.390332221984863
0,900,1572.691650390625,15678.1162109375,4.8799614906311035,4.741057872772217,7.273062229156494
0,901,1597.196044921875,15920.103515625,5.1856207847595215,4.506808757781982,7.163140773773193
0,902,1765.1021728515625,17602.9296875,4.809172630310059,5.08147668838501,10.324322700500488
0,903,1418.482421875,14138.998046875,4.582667827606201,3.8367202281951904,12.737817764282227
0,904,756.2339477539062,7515.01171875,4.732797145843506,2.6999671459198,5.186612129211426
0,905,1041.40966796875,10365.4833984375,4.861311435699463,3.900873899459839,4.238516330718994
0,906,484.73187255859375,4799.36474609375,4.7953715324401855,2.086745023727417,10.95740032196045
0,907,1281.6129150390625,12769.2958984375,4.683379650115967,3.759761095046997,11.00531005859375
0,908,1086.5374755859375,10814.625,5.074904918670654,3.6453137397766113,8.606823921203613
0,909,1520.47314453125,15151.6513671875,5.308017730712891,5.589946746826172,12.979394912719727
0,910,977.606689453125,9731.474609375,4.459233283996582,3.316270112991333,11.87174129486084
0,911,1058.133056640625,10532.396484375,4.893423080444336,3.68778920173645,7.755896091461182
0,912,1341.944091796875,13348.6220703125,7.081905364990234,4.29348087310791,8.665262222290039
0,913,1079.8515625,10751.5087890625,4.700633525848389,3.3785526752471924,7.385040283203125
0,914,774.7238159179688,7691.2060546875,5.603236198425293,1.8511837720870972,10.410562515258789
0,915,910.63330078125,9059.4580078125,4.687524795532227,3.5835182666778564,10.106363296508789
0,916,526.3131713867188,5221.18896484375,4.194262504577637,3.4817757606506348,8.457343101501465
0,917,709.6561889648438,7052.2568359375,4.430473327636719,2.98429274559021,11.0936861038208
0,918,1102.871337890625,10978.73828125,4.997437953948975,3.0322072505950928,8.193710327148438
0,919,1677.2401123046875,16721.533203125,5.086736679077148,5.0352911949157715,14.468606948852539
0,920,776.5531616210938,7718.15380859375,4.7377848625183105,2.181495428085327,11.93102741241455
0,921,1204.9034423828125,12003.7333984375,4.530033111572266,3.815211534500122,15.381070137023926
0,922,638.0715942382812,6326.0185546875,5.469709873199463,1.5619155168533325,9.826083183288574
0,923,1209.3084716796875,12042.6220703125,5.046262264251709,4.344107627868652,11.700729370117188
0,924,433.40130615234375,4284.0107421875,5.000199794769287,1.9842811822891235,8.247977256774902
0,925,984.2403564453125,9785.4765625,5.692700386047363,3.6947572231292725,7.345071315765381
0,926,538.637939453125,5334.9580078125,5.142127513885498,1.9903644323349,7.870517253875732
0,927,1230.3953857421875,12255.3369140625,4.861751079559326,3.3656976222991943,15.4403076171875
0,928,924.520263671875,9197.533203125,4.766911506652832,2.760974884033203,14.777121543884277
0,929,932.815185546875,9259.0009765625,6.915074348449707,2.9548099040985107,10.125937461853027
0,930,1556.3828125,15515.8759765625,4.795130252838135,4.745512962341309,11.695907592773438
0,931,907.7008056640625,9029.93359375,4.707465171813965,2.5404489040374756,9.822394371032715
0,932,1327.39794921875,13197.6708984375,7.6308159828186035,4.055171012878418,13.584100723266602
0,933,677.9317626953125,6717.30419921875,6.2013468742370605,2.541370391845703,3.131591796875
0,934,649.0706176757812,6445.68115234375,4.5025177001953125,2.6000287532806396,9.930804252624512
0,935,1820.989990234375,18160.533203125,4.936690807342529,5.556166172027588,6.73602294921875
0,936,1100.669921875,10956.46484375,5.023449420928955,3.334529161453247,10.057583808898926
0,937,921.1348876953125,9161.9296875,4.941906929016113,3.5089375972747803,10.715182304382324
0,938,618.7269897460938,6134.4580078125,5.281193733215332,2.0960988998413086,8.902917861938477
0,939,491.13885498046875,4869.26708984375,4.212122440338135,1.4528907537460327,12.306536674499512
0,940,1370.5723876953125,13656.90625,4.881735324859619,3.9131336212158203,11.599771499633789
0,941,688.9724731445312,6842.6513671875,4.707332611083984,2.026594877243042,6.188092231750488
0,942,1094.7288818359375,10889.6201171875,5.766797065734863,2.9610226154327393,3.6667206287384033
0,943,1360.03369140625,13554.041015625,4.629500389099121,4.103875160217285,6.230008125305176
0,944,670.2080688476562,6653.56640625,4.851430892944336,1.846596598625183,4.0553741455078125
0,945,1503.1612548828125,14982.48046875,4.913153171539307,4.073779582977295,14.169812202453613
0,946,2193.0517578125,21880.619140625,4.989788055419922,5.558284759521484,7.615106105804443
0,947,977.7955932617188,9730.951171875,4.700448036193848,3.3297767639160156,8.255121231079102
0,948,787.9188842773438,7799.52978515625,7.965882778167725,2.9526517391204834,6.925323486328125
0,949,1458.3699951171875,14535.974609375,4.772494792938232,4.037886142730713,8.745017051696777
0,950,799.640869140625,7948.30078125,4.810771942138672,3.1557061672210693,12.541369438171387
0,951,729.0152587890625,7241.197265625,4.895532608032227,2.723134756088257,7.541302680969238
0,952,475.6889343261719,4710.6123046875,4.627699375152588,1.8529033660888672,7.468023777008057
0,953,941.8902587890625,9356.9951171875,6.190764904022217,2.941129684448242,9.434320449829102
0,954,465.3776550292969,4606.6142578125,4.716222763061523,1.9048689603805542,11.061779975891113
0,955,679.0746459960938,6743.66845703125,4.707761287689209,1.7595510482788086,8.647918701171875
0,956,464.26275634765625,4599.076171875,4.3551344871521,2.2825019359588623,8.219876289367676
0,957,726.75341796875,7222.87939453125,4.465428352355957,1.8937638998031616,5.557458400726318
0,958,792.3069458007812,7880.53515625,4.253427028656006,1.881834864616394,12.366766929626465
0,959,1565.047119140625,15599.423828125,5.104793548583984,4.162927627563477,10.073468208312988
0,960,600.8021850585938,5958.291015625,4.973098278045654,2.404508352279663,7.316748142242432
0,961,1079.3392333984375,10730.8076171875,6.258429527282715,3.1319386959075928,15.357928276062012
0,962,827.6174926757812,8216.0771484375,6.009762287139893,3.0667014122009277,8.608172416687012
0,963,601.8178100585938,5952.85400390625,6.532386302947998,1.904180884361267,11.4749116897583
0,964,490.50286865234375,4858.1650390625,4.686383247375488,1.9561046361923218,9.759467124938965
0,965,736.8729858398438,7308.5751953125,6.015433311462402,2.110084295272827,12.666574478149414
0,966,1092.4136962890625,10879.5478515625,4.458846569061279,3.035839319229126,11.776867866516113
0,967,1576.362060546875,15718.11328125,4.55063009262085,4.617077827453613,13.085458755493164
0,968,1056.5301513671875,10497.9794921875,6.732235908508301,3.417177677154541,13.07568359375
0,969,1147.1812744140625,11421.1650390625,5.064695835113525,3.3323814868927,15.909003257751465
0,970,633.0476684570312,6266.4912109375,6.398536205291748,2.560518264770508,7.1564788818359375
0,971,638.8838500976562,6346.12646484375,4.271197319030762,2.4152705669403076,10.11719036102295
0,972,1085.5672607421875,10798.599609375,5.707250595092773,4.22213888168335,3.604534864425659
0,973,1201.540283203125,11962.7646484375,5.263757228851318,3.6422131061553955,7.30914306640625
0,974,589.5211791992188,5836.04638671875,5.916505336761475,2.00272536277771,5.7881011962890625
0,975,1123.892578125,11193.240234375,4.568516731262207,3.3581931591033936,8.9274320602417
0,976,1239.02783203125,12344.115234375,4.6162919998168945,3.968494415283203,10.848321914672852
0,977,549.56494140625,5448.23193359375,4.741751194000244,2.1745030879974365,12.758346557617188
0,978,963.7279663085938,9588.103515625,4.9176201820373535,2.977447271347046,13.085680961608887
0,979,1436.958251953125,14320.1376953125,4.94441032409668,4.093609809875488,10.447604179382324
0,980,886.5560302734375,8821.6240234375,4.393611907958984,3.080275774002075,10.701849937438965
0,981,491.01019287109375,4863.14111328125,4.696074962615967,2.254805088043213,7.922268867492676
0,982,562.79931640625,5558.61376953125,6.937924385070801,2.717773914337158,8.376459121704102
0,983,1027.6324462890625,10200.8154296875,7.550946235656738,2.84846568107605,8.074206352233887
0,984,606.376220703125,6006.0771484375,5.768507480621338,1.5025545358657837,5.971807956695557
0,985,790.1551513671875,7852.37353515625,4.917758941650391,2.139755964279175,11.661948204040527
0,986,504.9727783203125,4985.41845703125,6.430924892425537,1.5266587734222412,6.937015056610107
0,987,1190.399169921875,11857.9521484375,4.603848457336426,4.409877777099609,13.353469848632812
0,988,1493.8076171875,14890.7158203125,4.735989093780518,4.367049694061279,7.074923992156982
0,989,797.8749389648438,7927.41552734375,5.133362770080566,2.5981736183166504,6.0396728515625
0,990,1283.9422607421875,12795.18359375,4.423816680908203,4.069418430328369,7.908359050750732
0,991,397.1769104003906,3900.3388671875,7.143006324768066,1.9863026142120361,12.26013469696045
0,992,1055.18359375,10504.64453125,4.719132900238037,2.7980446815490723,12.090850830078125
0,993,1457.5279541015625,14519.4150390625,5.58648157119751,3.8157761096954346,12.229266166687012
0,994,1010.2742919921875,10053.5712890625,4.917189121246338,2.610079050064087,9.896719932556152
0,995,1355.5107421875,13508.978515625,4.612891674041748,3.9361324310302734,12.296072959899902
0,996,422.4107360839844,4177.708984375,4.639829158782959,2.0541231632232666,4.34759521484375
0,997,743.9534912109375,7364.8466796875,7.4688286781311035,2.856783628463745,8.81414794921875
0,998,631.3917236328125,6259.07373046875,5.484307765960693,2.9547383785247803,4.205511569976807
0,999,447.2691650390625,4410.5654296875,6.212623119354248,1.5601004362106323,4.657507419586182
0,1000,478.5812072753906,4719.96484375,6.584724426269531,2.0324673652648926,9.753631591796875
0,1001,537.4136962890625,5327.0224609375,4.711448669433594,1.7265828847885132,10.533746719360352
0,1002,300.5556335449219,2946.755126953125,5.880115509033203,2.2530391216278076,6.301995754241943
0,1003,644.60791015625,6398.4072265625,4.767154693603516,1.5179985761642456,11.743951797485352
0,1004,1541.79541015625,15370.66796875,4.728584289550781,4.105602264404297,9.509439468383789
0,1005,667.0654907226562,6602.98388671875,6.767068386077881,1.9771381616592407,9.2099609375
0,1006,350.705810546875,3465.6474609375,4.141055583953857,2.240678548812866,9.20334529876709
0,1007,877.6123046875,8729.3955078125,4.67272424697876,2.6042001247406006,11.415310859680176
0,1008,1651.86328125,16469.72265625,4.890998363494873,4.240560531616211,5.993899822235107
0,1009,1326.440673828125,13213.388671875,5.101771831512451,3.5586705207824707,6.725594997406006
0,1010,736.6564331054688,7321.10302734375,4.546135902404785,1.8651275634765625,12.126815795898438
0,1011,988.2977905273438,9838.7626953125,4.4215312004089355,3.8397622108459473,7.94805908203125
0,1012,423.7695007324219,4194.59716796875,4.30978536605835,1.0780190229415894,7.4833526611328125
0,1013,869.4026489257812,8649.2666015625,4.475964069366455,3.5706398487091064,4.428662300109863
0,1014,1610.9317626953125,16061.998046875,4.731916904449463,4.272298812866211,12.64453125
0,1015,416.3436584472656,4111.4443359375,5.199208736419678,2.006154775619507,8.467203140258789
0,1016,543.4554443359375,5387.4990234375,4.705516338348389,2.134871244430542,4.522686958312988
0,1017,648.091064453125,6436.3349609375,4.457570552825928,2.413658857345581,7.9921875
0,1018,412.41314697265625,4079.81005859375,4.432135105133057,1.7958735227584839,9.587430000305176
0,1019,937.8495483398438,9325.7822265625,5.271274089813232,3.136090040206909,6.81312894821167
0,1020,1234.6220703125,12299.583984375,4.663654327392578,3.1799943447113037,8.694864273071289
0,1021,750.7205810546875,7456.3935546875,5.081250190734863,2.561800718307495,11.120767593383789
0,1022,692.6845703125,6878.509765625,4.833526611328125,2.90769624710083,9.29068660736084
0,1023,638.4278564453125,6295.56103515625,8.871767044067383,1.765520453453064,6.965243816375732
0,1024,492.5559997558594,4877.97119140625,4.758866786956787,1.7701231241226196,12.480990409851074
0,1025,794.294921875,7897.50830078125,4.544079780578613,2.4239182472229004,7.05867338180542
0,1026,1666.4222412109375,16617.5625,4.666058540344238,4.911783695220947,13.342093467712402
0,1027,488.8846130371094,4835.76611328125,5.307986736297607,1.8042458295822144,8.921826362609863
0,1028,1255.3760986328125,12504.2314453125,4.9529032707214355,3.1768078804016113,8.9136962890625
0,1029,829.7962646484375,8255.9833984375,4.197938442230225,2.9291141033172607,10.22283935546875
0,1030,856.6650390625,8524.072265625,4.257798671722412,2.914349317550659,2.855059862136841
0,1031,584.0789794921875,5794.90869140625,4.588080406188965,2.630681037902832,9.886016845703125
0,1032,1030.3677978515625,10257.0146484375,4.6662278175354,3.308310031890869,9.826876640319824
0,1033,494.4014892578125,4899.12744140625,4.488741397857666,2.011937141418457,9.558733940124512
0,1034,653.3982543945312,6488.91357421875,4.506900310516357,1.9681509733200073,10.244537353515625
0,1035,1407.6591796875,14028.3291015625,4.826301097869873,3.971574544906616,12.916495323181152
0,1036,1344.0516357421875,13393.9755859375,4.654111385345459,2.8213822841644287,11.056741714477539
0,1037,790.508544921875,7857.7763671875,4.7308783531188965,1.8593167066574097,5.1304473876953125
0,1038,931.6778564453125,9268.419921875,4.83587646484375,1.8328907489776611,7.700872898101807
0,1039,1078.8028564453125,10725.435546875,6.259269714355469,3.4546802043914795,4.315738201141357
0,1040,1128.5140380859375,11234.9658203125,5.017459392547607,3.198674440383911,6.562219142913818
0,1041,855.6445922851562,8509.5537109375,4.689182758331299,2.587212085723877,10.999194145202637
0,1042,636.278564453125,6318.39306640625,4.439260482788086,1.7727688550949097,7.701672554016113
0,1043,211.06130981445312,2068.3369140625,4.2276225090026855,1.4828996658325195,9.877176284790039
0,1044,617.9326782226562,6133.89599609375,4.543101787567139,2.3829174041748047,7.887197971343994
0,1045,1298.8602294921875,12939.89453125,4.870669364929199,3.402827501296997,7.957086086273193
0,1046,497.7387390136719,4934.83056640625,4.255666732788086,1.5518074035644531,10.461603164672852
0,1047,1080.204345703125,10754.884765625,4.71588134765625,2.493198871612549,7.263556003570557
0,1048,323.9560546875,3170.72265625,6.883782863616943,1.3553630113601685,14.853622436523438
0,1049,1180.5029296875,11758.28515625,4.674461364746094,3.1510512828826904,15.131705284118652
0,1050,825.88525390625,8215.1494140625,4.370269775390625,2.4785428047180176,11.326428413391113
0,1051,1284.304443359375,12795.7900390625,4.725493431091309,3.0753142833709717,9.806347846984863
0,1052,486.2463073730469,4825.1357421875,3.7327396869659424,1.8462982177734375,12.924262046813965
0,1053,920.2686767578125,9150.904296875,5.178249359130859,2.7071585655212402,8.180984497070312
0,1054,869.2219848632812,8645.21875,4.7000555992126465,1.3655294179916382,10.803112983703613
0,1055,993.4190673828125,9887.9033203125,4.62871789932251,2.3292043209075928,7.427044868469238
0,1056,973.54345703125,9686.603515625,4.883109092712402,2.0226848125457764,11.4611177444458
0,1057,530.765380859375,5261.66162109375,4.599205017089844,2.864072322845459,7.657968044281006
0,1058,1251.997802734375,12473.84765625,4.613039016723633,3.2935357093811035,10.167474746704102
0,1059,703.482177734375,6995.18408203125,3.9637703895568848,3.2695682048797607,10.881854057312012
0,1060,1172.10888671875,11672.388671875,4.8700408935546875,3.266597032546997,11.991769790649414
0,1061,748.2268676757812,7433.54052734375,4.872776031494141,2.427241086959839,12.603960990905762
0,1062,1030.9139404296875,10264.166015625,4.4972662925720215,2.9275221824645996,9.242947578430176
0,1063,352.3215637207031,3479.3310546875,4.388454914093018,1.8053598403930664,8.767990112304688
0,1064,940.2959594726562,9354.138671875,4.882077693939209,2.241101026535034,13.778555870056152
0,1065,1266.3304443359375,12601.3046875,6.199953556060791,3.250875473022461,11.803140640258789
0,1066,1641.8031005859375,16369.427734375,4.860299110412598,3.7894630432128906,10.513510704040527
0,1067,419.1844177246094,4152.322265625,3.952192783355713,2.5575244426727295,8.017483711242676
0,1068,1396.9417724609375,13921.2509765625,4.816634178161621,4.0161662101745605,9.490832328796387
0,1069,1204.369384765625,11995.265625,4.842779636383057,3.260913133621216,11.670453071594238
0,1070,737.844482421875,7330.787109375,4.765772819519043,1.924033761024475,8.349987983703613
0,1071,1261.19189453125,12563.03515625,4.888293266296387,3.1992337703704834,6.134161472320557
0,1072,529.5640869140625,5250.27197265625,4.536873817443848,2.084179639816284,11.173974990844727
0,1073,944.9862060546875,9399.99609375,4.98654317855835,2.8847367763519287,9.137036323547363
0,1074,858.6029052734375,8539.669921875,4.635921478271484,2.5053977966308594,16.002561569213867
0,1075,914.5068969726562,9098.2470703125,4.682218074798584,3.0464954376220703,10.531290054321289
0,1076,943.1802368164062,9385.5517578125,4.625037670135498,2.685335636138916,11.455023765563965
0,1077,753.1509399414062,7485.94287109375,4.556618690490723,2.287548780441284,9.30492877960205
0,1078,814.3922729492188,8099.685546875,4.423705577850342,2.4646217823028564,4.401959419250488
0,1079,1016.58544921875,10116.3828125,4.947113990783691,3.353417158126831,13.639556884765625
0,1080,2317.222900390625,23120.240234375,5.198737621307373,5.473124980926514,7.690347194671631
0,1081,814.5703735351562,8100.78564453125,4.491827964782715,2.8026652336120605,5.790899753570557
0,1082,762.4437255859375,7578.7392578125,4.569770812988281,2.1482760906219482,12.467083930969238
0,1083,671.7627563476562,6671.6875,4.5939836502075195,1.767081618309021,10.087603569030762
0,1084,582.7630615234375,5769.73828125,5.789268493652344,2.365795135498047,7.707760810852051
0,1085,450.6863098144531,4459.1083984375,4.775457859039307,1.7334312200546265,8.811688423156738
0,1086,509.3438720703125,5049.2451171875,4.419348239898682,2.062664031982422,7.846982002258301
0,1087,272.93994140625,2689.42041015625,3.997882127761841,1.9108189344406128,9.771349906921387
0,1088,991.924560546875,9873.166015625,4.6079535484313965,2.704226016998291,6.965985298156738
0,1089,1093.6485595703125,10888.2041015625,4.828145503997803,2.1211559772491455,13.502395629882812
0,1090,857.7891235351562,8531.462890625,4.6428093910217285,2.4409735202789307,13.538128852844238
0,1091,730.3956298828125,7254.005859375,4.995039463043213,1.5057086944580078,9.628793716430664
0,1092,625.2487182617188,6206.64111328125,4.584583759307861,1.7594022750854492,5.019174098968506
0,1093,987.128662109375,9821.7705078125,4.9516072273254395,3.093209981918335,7.586187839508057
0,1094,643.8413696289062,6394.42724609375,4.398624420166016,2.242697238922119,6.64276123046875
0,1095,923.4097290039062,9186.16015625,4.793711185455322,2.5744662284851074,6.206414699554443
0,1096,1008.6996459960938,10037.41796875,4.957835674285889,3.019451141357422,5.409710884094238
0,1097,857.32763671875,8526.921875,4.635406494140625,1.922148585319519,10.651611328125
0,1098,554.063232421875,5495.3154296875,4.531669616699219,1.9002281427383423,7.824695110321045
0,1099,966.8323974609375,9622.1533203125,4.617090225219727,1.8744728565216064,18.44431495666504
0,1100,1083.5538330078125,10789.5810546875,4.5956926345825195,2.7030837535858154,15.952997207641602
0,1101,1259.710693359375,12551.1064453125,4.600011348724365,3.690430164337158,12.662551879882812
0,1102,844.7914428710938,8403.8203125,4.409420967102051,2.636826515197754,14.63219928741455
0,1103,1280.5697021484375,12757.822265625,4.7874579429626465,3.22119140625,10.50736141204834
0,1104,698.0440673828125,6932.95361328125,4.748728275299072,2.407778263092041,9.912042617797852
0,1105,557.353271484375,5501.095703125,7.243696689605713,2.117720603942871,9.206298828125
0,1106,1025.56005859375,10194.34765625,6.12533712387085,3.220857620239258,12.508374214172363
0,1107,543.4653930664062,5388.615234375,4.603870868682861,2.404555559158325,8.465097427368164
0,1108,806.6621704101562,8019.14404296875,4.747745513916016,2.550983190536499,11.0966796875
0,1109,1212.07958984375,12072.2041015625,4.859158515930176,2.7500216960906982,7.7413177490234375
0,1110,1240.7235107421875,12360.017578125,4.721700191497803,3.7076416015625,12.650341987609863
0,1111,845.1317138671875,8395.5322265625,5.578508377075195,2.3005244731903076,11.599594116210938
0,1112,607.7073364257812,6018.01171875,5.906107425689697,1.9053758382797241,13.084426879882812
0,1113,758.8193969726562,7540.541015625,4.765244483947754,2.4483377933502197,10.5411958694458
0,1114,643.4080200195312,6389.1591796875,4.492075443267822,1.5555696487426758,10.275784492492676
0,1115,514.312255859375,5096.6279296875,4.649471282958984,2.695608615875244,4.128949165344238
0,1116,604.2725219726562,5997.0498046875,4.567531585693359,2.7173869609832764,12.56210994720459
0,1117,496.6331481933594,4923.83154296875,4.250004768371582,1.670893907546997,9.585492134094238
0,1118,417.3732604980469,4129.1689453125,4.456367015838623,2.0622003078460693,12.12926959991455
0,1119,929.4507446289062,9248.6357421875,4.5871734619140625,1.9356886148452759,4.963305950164795
0,1120,605.7093505859375,6011.52490234375,4.556834697723389,1.951745629310608,10.025835990905762
0,1121,1375.03173828125,13704.59375,4.572360515594482,2.9007492065429688,8.556469917297363
0,1122,601.17333984375,5965.52001953125,4.621307373046875,2.0281519889831543,9.437323570251465
0,1123,1146.4493408203125,11416.1845703125,4.830793857574463,2.668246030807495,10.752365112304688
0,1124,518.9972534179688,5144.892578125,4.507971286773682,1.3476613759994507,8.169573783874512
0,1125,812.84912109375,8081.671875,4.68194055557251,1.9666489362716675,6.388824462890625
0,1126,878.3260498046875,8726.6181640625,5.664255142211914,2.188246250152588,14.687158584594727
0,1127,848.93408203125,8432.740234375,5.66005802154541,2.1021323204040527,11.256326675415039
0,1128,463.9611511230469,4537.6845703125,10.192692756652832,1.2181503772735596,5.760739326477051
0,1129,1188.0189208984375,11832.7421875,4.744670391082764,2.7301952838897705,10.299979209899902
0,1130,844.9542846679688,8401.8955078125,4.764682292938232,2.3701725006103516,12.109469413757324
0,1131,778.3895263671875,7736.9462890625,4.694858551025391,2.7374744415283203,9.327911376953125
0,1132,381.19732666015625,3762.963623046875,4.900958061218262,2.75321364402771,8.812952041625977
0,1133,768.9209594726562,7641.7646484375,4.744507789611816,3.01629900932312,9.781033515930176
0,1134,1495.95556640625,14911.255859375,4.8300018310546875,4.422952651977539,11.870981216430664
0,1135,750.4659423828125,7460.05712890625,4.460209846496582,1.687723159790039,7.499386787414551
0,1136,1320.766845703125,13160.0146484375,4.765353679656982,3.148082733154297,11.78246784210205
0,1137,300.8992919921875,2971.525634765625,3.7467453479766846,1.9212102890014648,12.078864097595215
0,1138,1020.4602661132812,10157.703125,4.689967632293701,2.7992448806762695,12.21091365814209
0,1139,630.6282348632812,6261.99267578125,4.42894983291626,1.6287075281143188,12.25797176361084
0,1140,559.6349487304688,5551.8505859375,4.449877738952637,1.228271484375,11.94950008392334
0,1141,829.7676391601562,8254.78125,4.289485454559326,1.756473183631897,13.695343017578125
0,1142,1108.9356689453125,11041.0908203125,4.826531410217285,2.675286054611206,9.856127738952637
0,1143,740.3558959960938,7356.2353515625,4.7323527336120605,2.2399637699127197,11.437247276306152
0,1144,857.9151000976562,8535.9736328125,4.317773342132568,2.0573437213897705,10.683966636657715
0,1145,391.2463684082031,3862.832763671875,4.963086128234863,1.6455742120742798,7.985681056976318
0,1146,457.7673034667969,4478.36962890625,9.930331230163574,1.2474082708358765,10.569598197937012
0,1147,860.9462280273438,8556.9013671875,5.256089210510254,2.306049346923828,8.302706718444824
0,1148,601.4577026367188,5967.328125,4.724828243255615,1.7862647771835327,2.043627977371216
0,1149,313.85919189453125,3094.68212890625,4.390973091125488,1.8206056356430054,10.912280082702637
0,1150,742.6500244140625,7382.099609375,4.4400634765625,1.5607126951217651,9.886893272399902
0,1151,494.7751770019531,4904.353515625,4.33982515335083,0.9517275094985962,5.906030178070068
0,1152,308.5852355957031,3016.951904296875,6.890037536621094,2.0311496257781982,9.26267147064209
0,1153,742.5411376953125,7379.228515625,4.618309020996094,2.8596019744873047,9.70825481414795
0,1154,577.4745483398438,5729.79150390625,4.495385646820068,2.15769362449646,13.810602188110352
0,1155,408.0025329589844,4038.2314453125,4.1793951988220215,3.4556710720062256,10.30462646484375
0,1156,988.14404296875,9837.3193359375,4.41208028793335,2.680936813354492,8.184738159179688
0,1157,499.6377258300781,4953.01416015625,4.336307048797607,2.791123867034912,9.102313041687012
0,1158,811.3733520507812,8068.5732421875,4.515998363494873,2.1430747509002686,10.990710258483887
0,1159,860.550048828125,8551.0244140625,5.447547435760498,1.8501917123794556,9.020706176757812
0,1160,794.7014770507812,7900.62939453125,4.638521671295166,2.4258735179901123,12.211987495422363
0,1161,729.9293212890625,7254.97216796875,4.432076930999756,2.2418007850646973,14.771212577819824
0,1162,660.942626953125,6564.65185546875,4.4774298667907715,3.194788694381714,10.280303955078125
0,1163,945.3214721679688,9387.46484375,6.574970245361328,2.7219643592834473,8.902048110961914
0,1164,381.9755554199219,3771.386474609375,4.836902141571045,1.5658245086669922,8.329440116882324
0,1165,705.1529541015625,7005.73046875,4.579882621765137,2.0726382732391357,12.264474868774414
0,1166,682.587890625,6779.0341796875,4.684436798095703,2.3157246112823486,13.507987022399902
0,1167,465.2283630371094,4615.63916015625,3.6644139289855957,2.2906887531280518,13.74755859375
0,1168,1105.172119140625,11004.3974609375,4.732290267944336,2.6708664894104004,10.823590278625488
0,1169,676.9926147460938,6722.9873046875,4.693839073181152,2.1438281536102295,9.038726806640625
0,1170,407.9304504394531,4032.91552734375,4.638885498046875,2.086202383041382,12.046768188476562
0,1171,776.6464233398438,7724.951171875,4.151289939880371,1.5157784223556519,13.316522598266602
0,1172,444.41534423828125,4372.19970703125,7.19537353515625,1.9829034805297852,11.067349433898926
0,1173,897.3720703125,8924.0087890625,4.9711785316467285,1.8743791580200195,17.68439292907715
0,1174,669.388671875,6647.17041015625,4.671631336212158,2.156527280807495,6.4793701171875
0,1175,449.7784423828125,4455.361328125,4.242316722869873,2.172762632369995,10.6840238571167
0,1176,444.1765441894531,4396.33935546875,4.54259729385376,1.9620914459228516,15.064059257507324
0,1177,1116.0223388671875,11113.33203125,4.689141273498535,2.458968162536621,11.876715660095215
0,1178,235.43629455566406,2297.063232421875,5.729959011077881,1.5520356893539429,6.941430568695068
0,1179,848.0243530273438,8428.3408203125,5.190222263336182,1.6170071363449097,13.300394058227539
0,1180,958.5885009765625,9539.5029296875,4.638208866119385,2.2675843238830566,11.0811128616333
0,1181,850.0491333007812,8452.626953125,4.786410808563232,0.907025158405304,6.220889568328857
0,1182,1019.563232421875,10148.21484375,4.741733551025391,2.973585844039917,9.513693809509277
0,1183,774.3272094726562,7691.5283203125,5.17438268661499,2.5226500034332275,10.587973594665527
0,1184,330.5118103027344,3257.26611328125,4.785195827484131,1.9043216705322266,10.702853202819824
0,1185,771.7343139648438,7670.92578125,4.641729831695557,2.396467924118042,13.917306900024414
0,1186,701.5934448242188,6970.505859375,4.542825222015381,2.1739704608917236,7.999127388000488
0,1187,1047.1090087890625,10424.2919921875,4.679790019989014,2.835695266723633,9.971514701843262
0,1188,912.8818359375,9089.83984375,3.8978517055511475,2.1238317489624023,11.738043785095215
0,1189,431.1415710449219,4265.49658203125,4.591907024383545,2.3397634029388428,11.576196670532227
0,1190,616.6351928710938,6119.46044921875,4.689161777496338,1.4086837768554688,12.090723037719727
0,1191,350.2332763671875,3447.470703125,5.486200332641602,1.382933497428894,11.413360595703125
0,1192,492.438720703125,4878.1884765625,4.619864463806152,2.34249210357666,11.164629936218262
0,1193,304.9906005859375,3005.43359375,4.4472455978393555,1.8449382781982422,12.193900108337402
0,1194,529.9222412109375,5252.14111328125,4.708115577697754,1.6774240732192993,6.447552680969238
0,1195,743.6510620117188,7391.89208984375,4.461841106414795,1.9270447492599487,9.310714721679688
0,1196,462.5238037109375,4580.02587890625,4.521203517913818,1.7901527881622314,8.632529258728027
0,1197,1155.5628662109375,11502.94140625,5.268617630004883,3.1419098377227783,10.005996704101562
0,1198,910.6026611328125,9059.8203125,4.620595455169678,1.7757633924484253,8.443930625915527
0,1199,531.5846557617188,5269.4306640625,4.641598701477051,1.9215450286865234,12.656012535095215
0,1200,1583.1436767578125,15782.20703125,4.922945499420166,3.299196720123291,12.978347778320312
0,1201,1195.74267578125,11908.7705078125,4.865634441375732,2.248292922973633,12.423730850219727
0,1202,813.5880737304688,8090.837890625,4.50429630279541,2.137577533721924,11.727435111999512
0,1203,741.1729125976562,7364.96435546875,4.676469326019287,1.3186320066452026,13.144305229187012
0,1204,966.3672485351562,9618.9443359375,4.472775936126709,1.9066696166992188,7.296795845031738
0,1205,968.5748291015625,9641.9931640625,4.375478744506836,1.9137543439865112,9.227310180664062
0,1206,526.3380737304688,5210.36962890625,5.301070690155029,1.3918946981430054,8.587158203125
0,1207,690.5,6855.6875,4.931187629699707,2.160325288772583,12.430270195007324
0,1208,853.21923828125,8485.791015625,4.640134334564209,1.5390632152557373,10.209487915039062
0,1209,1074.9398193359375,10701.818359375,4.757930278778076,1.9603235721588135,7.491940498352051
0,1210,500.1050720214844,4955.3427734375,4.570802211761475,1.6856437921524048,7.4399871826171875
0,1211,354.6757507324219,3501.073974609375,4.568368434906006,1.803550124168396,7.199145793914795
0,1212,479.65093994140625,4753.30859375,4.320077419281006,2.0682153701782227,7.835366725921631
0,1213,651.1448974609375,6442.34619140625,6.910290718078613,2.313837766647339,6.394079685211182
0,1214,799.5294189453125,7948.42431640625,4.686962604522705,2.5337817668914795,6.986111640930176
0,1215,585.0302124023438,5803.11572265625,4.7186479568481445,1.4894269704818726,8.003753662109375
0,1216,363.9847412109375,3582.275390625,5.757209777832031,1.9092819690704346,11.709994316101074
0,1217,971.4071044921875,9668.02734375,4.604396820068359,2.20715594291687,9.822314262390137
0,1218,908.0797729492188,9032.91796875,4.787936687469482,2.2671420574188232,10.885825157165527
0,1219,887.740478515625,8836.26953125,4.113499164581299,1.5105990171432495,13.05200481414795
0,1220,475.74798583984375,4719.6787109375,3.7801156044006348,2.3177707195281982,9.283032417297363
0,1221,799.14453125,7943.685546875,4.775951862335205,2.470973253250122,11.012015342712402
0,1222,709.7354736328125,7052.71728515625,4.463721752166748,1.285652995109558,9.465936660766602
0,1223,910.3912353515625,9056.08203125,4.783026218414307,1.460571527481079,11.503824234008789
0,1224,826.5038452148438,8216.662109375,4.837644100189209,1.7116073369979858,10.325967788696289
0,1225,833.8035888671875,8272.8603515625,6.517512798309326,2.52738881111145,7.689340114593506
0,1226,848.61474609375,8440.6396484375,4.550807952880859,2.787916898727417,6.900030612945557
0,1227,206.16236877441406,2021.4600830078125,4.016362190246582,1.7857578992843628,14.184271812438965
0,1228,528.5886840820312,5239.79248046875,4.6094279289245605,1.624487280845642,3.1549224853515625
0,1229,985.1679077148438,9805.865234375,4.581379413604736,1.820933222770691,15.084256172180176
0,1230,196.1415557861328,1905.7572021484375,5.565822601318359,1.6573406457901,8.429083824157715
0,1231,513.0026245117188,5076.13427734375,5.389214515686035,1.8652657270431519,10.28806209564209
0,1232,967.7003784179688,9630.1630859375,4.684065341949463,2.5734174251556396,11.896753311157227
0,1233,1070.9769287109375,10660.1767578125,4.959181785583496,2.1873087882995605,12.564953804016113
0,1234,739.6436157226562,7356.23046875,4.020585536956787,1.5227415561676025,10.5531005859375
0,1235,791.3451538085938,7860.20849609375,5.324270248413086,2.113994598388672,12.315134048461914
0,1236,340.0533752441406,3359.22607421875,4.130758762359619,2.175168514251709,9.08646297454834
0,1237,698.701416015625,6940.89208984375,4.612212657928467,0.9952017664909363,11.72900390625
0,1238,821.1245727539062,8160.2255859375,5.101966381072998,1.748360514640808,12.789807319641113
0,1239,409.3221740722656,4049.81396484375,4.340760231018066,1.6288326978683472,13.538287162780762
0,1240,633.4758911132812,6284.3994140625,5.035945415496826,1.4426796436309814,7.6527557373046875
0,1241,610.6019287109375,6044.62158203125,6.139777660369873,1.6216133832931519,16.48422622680664
0,1242,438.6396484375,4342.2939453125,4.410259246826172,1.545157790184021,10.705584526062012
0,1243,534.8897705078125,5303.5390625,4.535847187042236,1.9212408065795898,10.811041831970215
0,1244,709.9446411132812,7055.8203125,4.362616062164307,2.517754316329956,7.316827297210693
0,1245,649.9041137695312,6448.73193359375,5.030854225158691,1.9977407455444336,9.250930786132812
0,1246,539.0603637695312,5349.150390625,4.145314693450928,1.5501331090927124,14.306594848632812
0,1247,587.698486328125,5835.54736328125,4.143723964691162,2.2862110137939453,10.914239883422852
0,1248,977.285400390625,9727.859375,4.499452114105225,2.820831060409546,12.262972831726074
0,1249,886.260009765625,8819.3310546875,4.3268842697143555,2.0978410243988037,8.7283353805542
0,1250,696.0538330078125,6912.265625,4.827280521392822,1.7256145477294922,10.984402656555176
0,1251,608.1279296875,6035.75927734375,4.551971435546875,2.0292420387268066,10.194479942321777
0,1252,398.0799560546875,3938.21240234375,4.258687496185303,1.2354823350906372,12.835776329040527
0,1253,564.402099609375,5596.4697265625,4.755123615264893,1.2961567640304565,10.869415283203125
0,1254,473.36871337890625,4684.83056640625,4.8856353759765625,1.7586315870285034,8.357110977172852
0,1255,935.010986328125,9304.2822265625,4.58279275894165,2.3205602169036865,12.583294868469238
0,1256,975.5067749023438,9708.3408203125,4.672645568847656,1.9434372186660767,11.351126670837402
0,1257,578.51220703125,5735.61865234375,4.950322151184082,1.6255474090576172,10.345941543579102
0,1258,641.7735595703125,6372.82568359375,4.4909796714782715,1.2438987493515015,12.02447509765625
0,1259,558.741943359375,5512.666015625,7.475317478179932,1.6564258337020874,6.905203342437744
0,1260,431.14404296875,4265.52392578125,4.591629981994629,2.703258991241455,15.075690269470215
0,1261,619.0744018554688,6146.03955078125,4.470440864562988,1.3204764127731323,12.039138793945312
0,1262,204.66529846191406,2004.681640625,4.197126865386963,2.3010776042938232,6.6297454833984375
0,1263,1241.5283203125,12367.177734375,4.810606956481934,1.7665737867355347,8.011298179626465
0,1264,478.5226135253906,4744.7841796875,4.04418420791626,2.003492832183838,9.295099258422852
0,1265,564.6778564453125,5596.78564453125,4.99926233291626,2.173757553100586,12.21349811553955
0,1266,1089.345703125,10845.7451171875,4.7711710929870605,2.33963942527771,13.74316120147705
0,1267,547.6990356445312,5409.88671875,6.7103118896484375,1.9559593200683594,9.889871597290039
0,1268,985.2427368164062,9806.6953125,4.573169231414795,2.768569231033325,8.2803316116333
