epoch,batch,loss,rte
0,0,24971.986328125,45.3088493347168
0,1,46214.2890625,58.956729888916016
0,2,32598.015625,49.203765869140625
0,3,24418.97265625,38.69499206542969
0,4,19000.3828125,38.162357330322266
0,5,34642.7578125,50.98193359375
0,6,34456.1796875,51.301429748535156
0,7,42906.609375,59.0406608581543
0,8,39959.08984375,54.10044860839844
0,9,37864.69921875,53.12305450439453
0,10,41460.19140625,54.57219696044922
0,11,50380.87890625,64.96253204345703
0,12,28802.76953125,44.210487365722656
0,13,25812.33203125,43.83477020263672
0,14,16500.66015625,31.801849365234375
0,15,23521.583984375,43.43196105957031
0,16,32206.4921875,49.5703239440918
0,17,44267.5234375,59.57243347167969
0,18,31153.533203125,47.33155059814453
0,19,28797.3984375,44.089942932128906
0,20,32290.62109375,51.2320442199707
0,21,27119.552734375,46.614715576171875
0,22,34402.1015625,49.76116943359375
0,23,26900.75,43.948822021484375
0,24,40920.06640625,56.4348030090332
0,25,47904.703125,60.37725067138672
0,26,27122.359375,45.41204833984375
0,27,29142.568359375,48.63505554199219
0,28,30234.431640625,49.61814880371094
0,29,39438.6171875,57.42253494262695
0,30,35932.21875,53.88545227050781
0,31,32328.197265625,49.74130630493164
0,32,28560.234375,43.92266845703125
0,33,39111.79296875,56.22092819213867
0,34,36752.9609375,49.66279220581055
0,35,38683.82421875,55.10823059082031
0,36,53395.5234375,66.08250427246094
0,37,26758.4140625,43.38145446777344
0,38,16918.75390625,34.717159271240234
0,39,29753.375,48.31801223754883
0,40,36225.1328125,51.820716857910156
0,41,26872.564453125,46.24311828613281
0,42,34806.78515625,53.31050109863281
0,43,39397.64453125,55.27748107910156
0,44,35638.6328125,53.75624084472656
0,45,28137.98046875,46.188968658447266
0,46,13320.619140625,31.504423141479492
0,47,30475.41015625,49.76620101928711
0,48,24786.041015625,45.45559310913086
0,49,17561.576171875,35.65105438232422
0,50,33915.46484375,52.22780990600586
0,51,23781.0703125,43.61100387573242
0,52,24015.9921875,42.578582763671875
0,53,30194.1640625,46.01909637451172
0,54,32413.00390625,51.331851959228516
0,55,47831.6796875,61.15925598144531
0,56,27469.388671875,42.029823303222656
0,57,43957.6015625,59.771575927734375
0,58,21328.533203125,40.8492431640625
0,59,25167.544921875,43.11393737792969
0,60,33571.30078125,51.11854934692383
0,61,35502.55078125,54.078277587890625
0,62,43924.12890625,60.79677963256836
0,63,22884.4375,41.92726516723633
0,64,46341.04296875,62.007144927978516
0,65,30207.5703125,45.875572204589844
0,66,29149.291015625,46.04166030883789
0,67,24128.361328125,40.85065841674805
0,68,31601.53125,45.0131950378418
0,69,43428.18359375,55.717491149902344
0,70,35147.1796875,50.81707000732422
0,71,22813.982421875,41.12508010864258
0,72,29737.0546875,46.45151901245117
0,73,40854.4140625,58.028873443603516
0,74,39111.58984375,55.214385986328125
0,75,23065.439453125,41.273563385009766
0,76,32823.0546875,50.758819580078125
0,77,19050.916015625,39.534217834472656
0,78,33682.00390625,50.70061492919922
0,79,25854.80859375,41.56559753417969
0,80,29583.162109375,49.182594299316406
0,81,24319.267578125,43.46923828125
0,82,35213.765625,52.94529342651367
0,83,42464.234375,58.49040985107422
0,84,17484.7421875,32.83816146850586
0,85,28212.869140625,46.31269073486328
0,86,35385.4765625,51.32699966430664
0,87,45752.36328125,61.967620849609375
0,88,23189.98828125,38.936702728271484
0,89,37060.109375,53.24056625366211
0,90,46771.21875,60.720848083496094
0,91,43384.2578125,59.577857971191406
0,92,22798.375,38.9040641784668
0,93,31082.34375,48.309112548828125
0,94,26082.060546875,43.40040588378906
0,95,38340.109375,56.064720153808594
0,96,29472.599609375,49.05409622192383
0,97,20590.73828125,36.52082824707031
0,98,42650.09375,58.522403717041016
0,99,19346.09375,35.99897384643555
0,100,26513.33984375,44.28986358642578
0,101,23048.4921875,39.01628494262695
0,102,24503.037109375,42.28779983520508
0,103,34586.73828125,50.94473648071289
0,104,16981.61328125,37.258426666259766
0,105,39509.671875,53.22872543334961
0,106,34857.2109375,52.019203186035156
0,107,51980.73046875,65.62664794921875
0,108,40071.37890625,55.044830322265625
0,109,32622.0,50.32097244262695
0,110,43680.6640625,59.60539245605469
0,111,38270.828125,55.02845764160156
0,112,20729.400390625,39.52545166015625
0,113,28911.09375,48.35392379760742
0,114,14556.224609375,32.54051208496094
0,115,27928.552734375,47.36604309082031
0,116,31414.19921875,48.49165344238281
0,117,40229.19140625,57.58806610107422
0,118,26837.798828125,44.12273025512695
0,119,30613.150390625,49.62459945678711
0,120,12840.552734375,29.256019592285156
0,121,31787.51953125,50.18560791015625
0,122,27744.40625,45.38227081298828
0,123,23844.578125,40.115840911865234
0,124,15747.66796875,34.88719177246094
0,125,39096.28515625,56.85197067260742
0,126,25791.34765625,45.09889602661133
0,127,23371.958984375,42.669471740722656
0,128,48709.02734375,62.66533660888672
0,129,24744.42578125,43.46262741088867
0,130,31037.275390625,49.939090728759766
0,131,39973.6875,54.57699966430664
0,132,27490.580078125,44.445159912109375
0,133,33659.6953125,51.79583740234375
0,134,35672.33203125,50.46479797363281
0,135,17376.05859375,33.2867546081543
0,136,40282.890625,52.91547775268555
0,137,25848.48046875,41.32061767578125
0,138,29207.26953125,46.55013656616211
0,139,35434.76953125,49.355464935302734
0,140,33531.30859375,52.60586166381836
0,141,28124.697265625,45.55988311767578
0,142,29881.48046875,45.220130920410156
0,143,30574.564453125,44.765113830566406
0,144,26169.29296875,43.597084045410156
0,145,9946.640625,27.789173126220703
0,146,30765.220703125,46.736167907714844
0,147,28123.02734375,46.00988006591797
0,148,23409.91015625,41.904544830322266
0,149,10185.609375,26.127685546875
0,150,42000.15234375,58.3697509765625
0,151,26127.998046875,46.69137954711914
0,152,35206.921875,51.65700912475586
0,153,30618.876953125,48.96797180175781
0,154,22706.22265625,42.51997375488281
0,155,27033.265625,44.97512435913086
0,156,28242.6015625,46.5426025390625
0,157,20987.30078125,40.253231048583984
0,158,12350.2060546875,31.759601593017578
0,159,15684.408203125,35.163551330566406
0,160,28745.65625,47.07207107543945
0,161,31659.44921875,50.33900451660156
0,162,34273.81640625,52.02017593383789
0,163,37404.8828125,55.11928939819336
0,164,22800.828125,41.100223541259766
0,165,41100.234375,56.677494049072266
0,166,28183.138671875,44.39155578613281
0,167,31224.19921875,48.8380126953125
0,168,25039.072265625,38.606483459472656
0,169,27685.81640625,46.36323165893555
0,170,17555.91796875,32.66044616699219
0,171,42685.1640625,58.48880386352539
0,172,19230.083984375,38.24205780029297
0,173,20186.53515625,39.5664176940918
0,174,31178.2890625,50.16643524169922
0,175,34223.34765625,51.918128967285156
0,176,40897.3671875,57.29928207397461
0,177,40566.90625,52.764259338378906
0,178,46965.70703125,60.297454833984375
0,179,49347.0703125,63.71474075317383
0,180,48695.9140625,63.407432556152344
0,181,20272.6015625,36.13512420654297
0,182,33563.2734375,48.631507873535156
0,183,29589.7265625,48.9256477355957
0,184,37294.7265625,54.75937271118164
0,185,34702.7109375,51.57404327392578
0,186,29809.93359375,43.05265808105469
0,187,48633.875,62.68354797363281
0,188,33756.92578125,52.10613250732422
0,189,34908.546875,52.075286865234375
0,190,34448.390625,48.92012023925781
0,191,38365.63671875,56.70521545410156
0,192,39648.7578125,56.734657287597656
0,193,28079.69921875,47.3487548828125
0,194,41375.91796875,56.66859436035156
0,195,22619.52734375,40.61035919189453
0,196,20295.693359375,37.102413177490234
0,197,39389.56640625,55.315711975097656
0,198,43093.796875,55.723175048828125
0,199,36776.54296875,55.31950378417969
0,200,15802.9033203125,31.239395141601562
0,201,26189.74609375,46.169456481933594
0,202,21392.34375,39.852664947509766
0,203,41870.91015625,57.384910583496094
0,204,30070.552734375,49.91624450683594
0,205,24157.73046875,40.3025016784668
0,206,32236.533203125,49.89685821533203
0,207,41558.19921875,57.53872299194336
0,208,29039.11328125,48.04212188720703
0,209,26950.400390625,42.45872497558594
0,210,35410.828125,50.92211151123047
0,211,38506.41796875,54.174652099609375
0,212,24554.06640625,41.20171356201172
0,213,34352.73046875,51.879669189453125
0,214,39121.3046875,55.60354232788086
0,215,27014.115234375,46.57582092285156
0,216,27599.212890625,43.40234375
0,217,16547.666015625,35.37358856201172
0,218,30370.72265625,48.35847473144531
0,219,40087.96484375,54.12101364135742
0,220,28774.232421875,46.27566909790039
0,221,33362.5546875,47.46540832519531
0,222,26326.572265625,43.35724639892578
0,223,22649.794921875,40.61549377441406
0,224,28594.884765625,48.043426513671875
0,225,26295.841796875,44.96125030517578
0,226,36172.3203125,53.97216033935547
0,227,30450.287109375,49.817161560058594
0,228,44795.625,60.71952819824219
0,229,35622.20703125,51.84335708618164
0,230,28785.24609375,45.170387268066406
0,231,29669.015625,47.55543899536133
0,232,51952.6015625,65.32682037353516
0,233,11052.4638671875,28.514131546020508
0,234,22481.6796875,41.674293518066406
0,235,31730.0234375,48.52479934692383
0,236,36647.7890625,53.10053253173828
0,237,17162.13671875,34.38512420654297
0,238,38092.01171875,52.3751335144043
0,239,32371.728515625,50.038089752197266
0,240,35651.10546875,52.588748931884766
0,241,40197.875,56.136451721191406
0,242,39179.5703125,55.19942092895508
0,243,28610.625,43.601646423339844
0,244,33401.55078125,50.18380355834961
0,245,36444.8203125,55.11453628540039
0,246,21527.310546875,38.60179138183594
0,247,20298.75,37.4879264831543
0,248,22018.642578125,41.4600830078125
0,249,25821.56640625,44.90988540649414
0,250,25908.5859375,42.496490478515625
0,251,39952.4375,55.80371856689453
0,252,29626.76171875,48.130882263183594
0,253,30309.35546875,49.32008361816406
0,254,24225.515625,41.934906005859375
0,255,32667.86328125,51.06507873535156
0,256,35760.38671875,52.79975891113281
0,257,25931.482421875,43.12668228149414
0,258,16956.068359375,30.559579849243164
0,259,30923.5625,47.17704772949219
0,260,26238.984375,45.004520416259766
0,261,19095.310546875,39.89316940307617
0,262,28810.0703125,45.23545837402344
0,263,22639.7578125,38.68575668334961
0,264,37276.75,54.35270690917969
0,265,24010.853515625,40.382572174072266
0,266,21496.556640625,39.228981018066406
0,267,22703.787109375,34.108192443847656
0,268,39944.85546875,55.20408248901367
0,269,32112.52734375,50.56399154663086
0,270,18133.26953125,35.66447448730469
0,271,19106.734375,36.83122634887695
0,272,14028.3623046875,32.26622009277344
0,273,36401.64453125,54.219993591308594
0,274,24359.421875,42.72997283935547
0,275,28313.2109375,48.42854309082031
0,276,13346.1455078125,30.428281784057617
0,277,17114.939453125,36.24604034423828
0,278,23226.92578125,43.014312744140625
0,279,35027.375,50.35264587402344
0,280,17266.5234375,37.387657165527344
0,281,27683.384765625,45.0325813293457
0,282,28085.23828125,46.21052169799805
0,283,15064.4814453125,35.32391357421875
0,284,29401.427734375,47.951011657714844
0,285,32921.99609375,51.203392028808594
0,286,25024.26171875,45.41496276855469
0,287,28420.978515625,47.60572052001953
0,288,36453.37109375,55.215965270996094
0,289,27587.666015625,47.6011962890625
0,290,31697.169921875,49.66298294067383
0,291,16952.86328125,33.62793731689453
0,292,28823.45703125,47.616905212402344
0,293,24029.400390625,41.22834014892578
0,294,39028.07421875,55.83465576171875
0,295,32981.2109375,50.96393585205078
0,296,31078.6015625,48.836856842041016
0,297,31176.025390625,48.716697692871094
0,298,26418.205078125,39.28852844238281
0,299,19448.02734375,39.237831115722656
0,300,26096.203125,43.659217834472656
0,301,18316.2265625,33.519187927246094
0,302,22976.2265625,40.74665832519531
0,303,25524.578125,44.35585021972656
0,304,25505.232421875,45.70689392089844
0,305,31230.037109375,48.01735305786133
0,306,26518.9375,42.13325881958008
0,307,18036.677734375,36.32875061035156
0,308,35688.72265625,54.423526763916016
0,309,28181.642578125,48.05195999145508
0,310,30325.98046875,47.66118621826172
0,311,27463.919921875,46.17947006225586
0,312,43113.2578125,60.053043365478516
0,313,21127.740234375,40.74707794189453
0,314,34351.0703125,47.4315185546875
0,315,39440.19921875,56.51183319091797
0,316,34284.796875,51.921722412109375
0,317,22592.876953125,39.480491638183594
0,318,16681.576171875,35.81318664550781
0,319,33564.4453125,50.88740158081055
0,320,11192.5849609375,28.8626708984375
0,321,38479.8515625,56.60332489013672
0,322,23532.21484375,43.63935089111328
0,323,39658.53515625,57.11656951904297
0,324,32645.30859375,52.07493209838867
0,325,25018.99609375,43.90616989135742
0,326,40767.46875,56.366905212402344
0,327,34353.54296875,52.952613830566406
0,328,42330.4765625,57.8394775390625
0,329,39359.85546875,57.409080505371094
0,330,17281.546875,34.63431167602539
0,331,25292.318359375,40.227787017822266
0,332,24614.2734375,44.989166259765625
0,333,35092.12109375,52.726531982421875
0,334,33187.59375,48.222171783447266
0,335,27088.80078125,46.78750228881836
0,336,34040.12890625,52.20879364013672
0,337,17580.87109375,37.93875503540039
0,338,25628.30078125,43.33146667480469
0,339,33304.4453125,50.55231857299805
0,340,12029.86328125,26.727596282958984
0,341,17469.306640625,37.817779541015625
0,342,16101.916015625,30.106128692626953
0,343,16097.1923828125,35.23954772949219
0,344,25999.19921875,46.42124557495117
0,345,23570.482421875,41.290985107421875
0,346,32835.88671875,51.927581787109375
0,347,19914.130859375,37.53679275512695
0,348,27220.15625,47.02799606323242
0,349,15389.318359375,29.84003257751465
0,350,19359.6484375,37.982154846191406
0,351,25623.26171875,45.61837387084961
0,352,13887.17578125,32.63478469848633
0,353,41340.04296875,58.464134216308594
0,354,29944.89453125,48.05720520019531
0,355,32964.7421875,51.7671012878418
0,356,15130.2763671875,30.90064239501953
0,357,25456.744140625,45.63345718383789
0,358,39342.2109375,56.981441497802734
0,359,21339.4375,40.56578063964844
0,360,26338.78125,45.22725296020508
0,361,42314.78125,58.10735321044922
0,362,17174.25390625,31.25687026977539
0,363,22230.09375,40.938514709472656
0,364,27503.64453125,41.15830993652344
0,365,19250.9140625,35.60536575317383
0,366,15510.13671875,34.77311706542969
0,367,37735.58984375,55.52933120727539
0,368,16790.470703125,36.116943359375
0,369,23605.58203125,42.11605453491211
0,370,30888.890625,50.49172592163086
0,371,16788.171875,33.48478698730469
0,372,26396.73046875,40.56208801269531
0,373,13942.27734375,30.315181732177734
0,374,25181.0,44.73265838623047
0,375,25343.791015625,44.547977447509766
0,376,37534.2734375,53.82242965698242
0,377,27253.203125,43.432167053222656
0,378,18222.708984375,34.45467758178711
0,379,28053.474609375,45.71528625488281
0,380,23636.1015625,42.90031051635742
0,381,29497.65234375,45.158756256103516
0,382,19390.56640625,36.21512222290039
0,383,25515.703125,44.900672912597656
0,384,28915.349609375,48.54278564453125
0,385,40726.2265625,56.96150207519531
0,386,26049.693359375,45.30259323120117
0,387,33391.8828125,50.47395706176758
0,388,28577.015625,45.87483596801758
0,389,27111.392578125,46.773155212402344
0,390,22783.0234375,41.633583068847656
0,391,17136.556640625,33.203487396240234
0,392,29506.486328125,48.5413818359375
0,393,38026.65625,55.478092193603516
0,394,28921.87890625,48.30149841308594
0,395,19269.18359375,39.01784896850586
0,396,15807.21484375,35.14585876464844
0,397,19984.287109375,40.309200286865234
0,398,22772.66796875,38.50572967529297
0,399,19406.9921875,37.33580780029297
0,400,13905.9609375,33.74199295043945
0,401,26363.9140625,44.739479064941406
0,402,22067.1484375,41.24787139892578
0,403,25703.07421875,44.38469696044922
0,404,23934.650390625,42.782623291015625
0,405,23861.68359375,43.1507453918457
0,406,21031.564453125,39.856178283691406
0,407,16461.779296875,34.98080825805664
0,408,30102.96875,48.79702377319336
0,409,24224.92578125,41.68391799926758
0,410,21962.5078125,39.86442184448242
0,411,28247.9296875,46.4372444152832
0,412,10597.9208984375,27.33307456970215
0,413,36555.2578125,52.28538513183594
0,414,26686.0,43.77703857421875
0,415,28909.26953125,48.545570373535156
0,416,22510.623046875,42.169761657714844
0,417,25276.404296875,44.63529586791992
0,418,18347.38671875,38.651214599609375
0,419,22070.890625,40.550437927246094
0,420,19926.998046875,36.75591278076172
0,421,31643.85546875,50.68953323364258
0,422,36899.72265625,55.234954833984375
0,423,19074.591796875,36.61125564575195
0,424,21935.62890625,39.70502471923828
0,425,25624.53515625,45.05991744995117
0,426,26993.841796875,47.13595199584961
0,427,25436.86328125,44.4074592590332
0,428,29012.416015625,49.09706497192383
0,429,20849.9765625,39.70038986206055
0,430,39109.42578125,56.35399627685547
0,431,20429.25390625,40.012081146240234
0,432,26303.37890625,41.943511962890625
0,433,31124.86328125,46.57285690307617
0,434,17869.4765625,37.624183654785156
0,435,27761.3046875,44.708984375
0,436,19446.25,36.879268646240234
0,437,16430.42578125,34.92254638671875
0,438,27128.99609375,43.87376022338867
0,439,9581.7412109375,27.304065704345703
0,440,30783.58203125,48.80144500732422
0,441,20254.2578125,38.84950637817383
0,442,16578.48046875,33.55138397216797
0,443,14076.3466796875,32.88628387451172
0,444,37212.828125,54.08488464355469
0,445,19119.732421875,36.171295166015625
0,446,28093.8125,47.416255950927734
0,447,22595.330078125,42.453857421875
0,448,41962.55078125,58.69279861450195
0,449,11852.66015625,30.4058837890625
0,450,8322.6220703125,25.12389373779297
0,451,14345.5625,32.264984130859375
0,452,28290.8203125,47.75322723388672
0,453,28113.515625,42.99958801269531
0,454,26444.482421875,45.075347900390625
0,455,29843.4140625,47.37485885620117
0,456,30508.6796875,48.63771057128906
0,457,24484.51953125,41.62420654296875
0,458,30468.99609375,49.410396575927734
0,459,25802.8046875,42.96314239501953
0,460,13679.970703125,31.209125518798828
0,461,23278.291015625,41.67416000366211
0,462,17535.103515625,33.11705780029297
0,463,40126.46875,56.35919952392578
0,464,20689.205078125,38.61863327026367
0,465,21776.91796875,37.56957244873047
0,466,21919.2265625,41.36109161376953
0,467,18412.62890625,33.81431198120117
0,468,16818.744140625,35.013954162597656
0,469,28716.67578125,44.27263641357422
0,470,20369.99609375,39.889930725097656
0,471,32895.26953125,51.089599609375
0,472,27858.501953125,46.76368713378906
0,473,22584.43359375,40.12151336669922
0,474,13899.1376953125,28.687063217163086
0,475,32044.6796875,50.51320266723633
0,476,25940.337890625,45.42000198364258
0,477,35374.61328125,52.6545295715332
0,478,13754.3994140625,32.66887283325195
0,479,15021.04296875,33.753684997558594
0,480,20858.470703125,39.996734619140625
0,481,24902.3203125,39.97395324707031
0,482,11597.08203125,28.612289428710938
0,483,37437.53515625,53.12255859375
0,484,36145.55859375,53.39433288574219
0,485,19224.861328125,35.507450103759766
0,486,21312.869140625,39.66884231567383
0,487,20482.53125,37.418216705322266
0,488,18352.228515625,37.42034912109375
0,489,19942.65234375,39.100093841552734
0,490,23879.66015625,43.42975997924805
0,491,38818.3203125,56.57019805908203
0,492,14164.11328125,31.184364318847656
0,493,25742.978515625,46.23775100708008
0,494,38911.8359375,56.15620422363281
0,495,21591.240234375,41.2633171081543
0,496,47317.02734375,61.40489959716797
0,497,13348.134765625,33.029518127441406
0,498,11843.017578125,26.822166442871094
0,499,20007.5,38.462249755859375
0,500,18837.671875,37.73345184326172
0,501,21298.974609375,37.53076934814453
0,502,27509.119140625,45.96552276611328
0,503,25575.8984375,43.01609420776367
0,504,24309.978515625,42.34525680541992
0,505,22874.44921875,42.7400016784668
0,506,18117.455078125,35.395381927490234
0,507,29192.111328125,47.35484313964844
0,508,27535.716796875,46.805328369140625
0,509,25347.28125,42.81391525268555
0,510,14961.0009765625,32.766380310058594
0,511,31559.46875,45.323280334472656
0,512,19498.541015625,36.59324645996094
0,513,25284.951171875,41.22291946411133
0,514,20189.150390625,37.575199127197266
0,515,19574.416015625,38.61213684082031
0,516,23986.87109375,41.709449768066406
0,517,21753.23828125,39.341522216796875
0,518,15758.51171875,31.17424964904785
0,519,35824.87109375,54.56202697753906
0,520,39800.46875,57.07337188720703
0,521,15294.044921875,32.49610137939453
0,522,19624.568359375,38.822357177734375
0,523,33958.52734375,52.96232986450195
0,524,22047.369140625,39.87264633178711
0,525,23790.78515625,40.015647888183594
0,526,21178.845703125,37.18962860107422
0,527,17390.04296875,35.203956604003906
0,528,24223.63671875,43.84383773803711
0,529,28728.345703125,46.380096435546875
0,530,20602.021484375,38.764671325683594
0,531,16111.9697265625,35.06499481201172
0,532,27334.46484375,45.73118209838867
0,533,28080.494140625,43.740455627441406
0,534,23220.828125,43.540428161621094
0,535,24573.951171875,43.4864387512207
0,536,26001.392578125,43.50669860839844
0,537,19200.697265625,35.24504852294922
0,538,24975.31640625,43.045284271240234
0,539,37779.0234375,55.41986083984375
0,540,15783.54296875,33.07611083984375
0,541,30122.203125,48.51022720336914
0,542,15017.7236328125,31.494525909423828
0,543,17885.103515625,32.4927864074707
0,544,25649.314453125,44.81135177612305
0,545,24643.564453125,41.34283447265625
0,546,15013.95703125,27.672523498535156
0,547,31369.328125,50.28057861328125
0,548,22925.40625,43.49547576904297
0,549,22218.625,41.99237823486328
0,550,14931.0498046875,33.95488739013672
0,551,25117.615234375,44.64332580566406
0,552,22287.791015625,38.87670135498047
0,553,19009.806640625,37.76931381225586
0,554,30309.27734375,47.49287414550781
0,555,14331.7001953125,32.293724060058594
0,556,17659.892578125,30.079221725463867
0,557,15404.072265625,32.4836540222168
0,558,17084.3359375,34.0499267578125
0,559,18376.208984375,36.21156311035156
0,560,15788.3544921875,33.948665618896484
0,561,21983.076171875,40.653629302978516
0,562,29205.578125,46.17342758178711
0,563,23431.576171875,41.94485092163086
0,564,17177.87109375,33.853515625
0,565,17003.544921875,36.444122314453125
0,566,21083.859375,40.35774230957031
0,567,24825.1484375,44.155128479003906
0,568,18301.80078125,33.630558013916016
0,569,27061.609375,44.92584228515625
0,570,25908.4375,41.424949645996094
0,571,18183.87890625,37.12889862060547
0,572,38444.5625,54.80009841918945
0,573,23919.099609375,42.14801788330078
0,574,19764.44921875,39.28236389160156
0,575,24508.33984375,42.92949295043945
0,576,15302.5458984375,30.86817169189453
0,577,21186.087890625,40.436195373535156
0,578,24767.732421875,43.3782958984375
0,579,20073.169921875,39.82114028930664
0,580,23757.048828125,43.679264068603516
0,581,12951.75390625,30.11566925048828
0,582,16795.669921875,33.907470703125
0,583,12008.22265625,30.41789436340332
0,584,22663.2890625,39.756385803222656
0,585,20946.681640625,41.0300407409668
0,586,20782.38671875,40.898094177246094
0,587,6504.8271484375,20.542213439941406
0,588,32914.24609375,51.4112548828125
0,589,34675.55859375,51.309356689453125
0,590,14516.74609375,31.023555755615234
0,591,17490.3125,34.8629150390625
0,592,20087.17578125,38.245338439941406
0,593,18140.87109375,38.264583587646484
0,594,24455.376953125,42.80071258544922
0,595,24135.6015625,44.210018157958984
0,596,27502.3828125,43.1436767578125
0,597,20633.45703125,38.99485397338867
0,598,23433.451171875,39.066558837890625
0,599,15494.90234375,33.152587890625
0,600,7118.77001953125,21.466732025146484
0,601,16640.771484375,31.197925567626953
0,602,17918.87890625,34.510921478271484
0,603,18938.033203125,39.07837677001953
0,604,25064.25390625,44.6724739074707
0,605,17217.529296875,37.54656982421875
0,606,21567.890625,38.345245361328125
0,607,24383.859375,44.56395721435547
0,608,17427.943359375,33.98225021362305
0,609,28924.70703125,49.180511474609375
0,610,17109.439453125,35.29737091064453
0,611,21449.060546875,40.219058990478516
0,612,14179.333984375,31.10838508605957
0,613,22591.1640625,43.36075973510742
0,614,20787.625,35.717437744140625
0,615,17555.943359375,33.02763366699219
0,616,15253.3583984375,31.57180404663086
0,617,33306.44921875,50.45112609863281
0,618,24536.75390625,40.408668518066406
0,619,30048.880859375,46.510162353515625
0,620,24609.021484375,43.0295524597168
0,621,24634.623046875,43.29851531982422
0,622,21165.533203125,41.43705749511719
0,623,14997.80859375,32.22697067260742
0,624,20809.015625,37.06428146362305
0,625,26188.10546875,45.18903350830078
0,626,10973.490234375,27.92232322692871
0,627,20071.83984375,39.774070739746094
0,628,16753.55078125,31.449316024780273
0,629,19060.84375,37.746620178222656
0,630,18007.87890625,35.61406326293945
0,631,14661.373046875,31.282163619995117
0,632,12456.318359375,31.217016220092773
0,633,22407.353515625,42.573917388916016
0,634,9304.7783203125,20.646034240722656
0,635,12040.8662109375,27.451995849609375
0,636,22389.94140625,39.53268814086914
0,637,23132.03515625,42.971588134765625
0,638,23553.537109375,41.51306915283203
0,639,26166.4609375,42.69260025024414
0,640,24266.705078125,41.291908264160156
0,641,19267.337890625,35.92338562011719
0,642,29963.58203125,46.11639404296875
0,643,16347.7783203125,35.39313888549805
0,644,25533.564453125,44.05369567871094
0,645,32976.98828125,51.05653381347656
0,646,23932.041015625,43.23738098144531
0,647,15930.8779296875,34.40459442138672
0,648,26594.34375,45.797332763671875
0,649,19357.748046875,38.11942672729492
0,650,35444.8359375,51.06715774536133
0,651,24138.40625,41.26148223876953
0,652,20090.1796875,39.93467330932617
0,653,17300.013671875,37.53236389160156
0,654,31579.55078125,48.9418830871582
0,655,16391.083984375,33.96096420288086
0,656,15094.484375,33.00712585449219
0,657,25381.65234375,44.960391998291016
0,658,31791.357421875,51.49171447753906
0,659,31414.82421875,46.11397933959961
0,660,17137.099609375,30.836647033691406
0,661,21856.189453125,39.941463470458984
0,662,25394.263671875,43.37445831298828
0,663,13407.615234375,25.330795288085938
0,664,17968.798828125,36.622344970703125
0,665,8357.7138671875,22.431184768676758
0,666,11494.865234375,28.8619384765625
0,667,26512.50390625,45.85117721557617
0,668,10271.2998046875,25.48217010498047
0,669,19412.259765625,35.95627975463867
0,670,25189.267578125,43.500770568847656
0,671,13433.13671875,28.59022331237793
0,672,34158.8671875,53.193912506103516
0,673,7192.81640625,19.691761016845703
0,674,25874.103515625,41.79811477661133
0,675,17879.09765625,34.67975616455078
0,676,24770.357421875,44.349761962890625
0,677,27770.212890625,45.989356994628906
0,678,33473.70703125,49.74534225463867
0,679,15356.6484375,33.918643951416016
0,680,38268.2734375,55.88418197631836
0,681,17091.396484375,36.782676696777344
0,682,10326.9775390625,24.142677307128906
0,683,10028.8466796875,26.546499252319336
0,684,17963.859375,35.600624084472656
0,685,20023.783203125,38.6496696472168
0,686,32995.04296875,47.08761978149414
0,687,16157.3291015625,33.54341125488281
0,688,19126.259765625,31.496259689331055
0,689,17987.71875,36.48910140991211
0,690,24259.841796875,43.77842712402344
0,691,23333.07421875,43.477203369140625
0,692,16869.8046875,35.027259826660156
0,693,21648.1953125,39.40293884277344
0,694,12338.1943359375,29.121566772460938
0,695,27261.953125,42.56650161743164
0,696,22046.986328125,41.45769119262695
0,697,33587.796875,52.76904296875
0,698,8590.0048828125,24.787446975708008
0,699,16983.177734375,32.46063995361328
0,700,30780.521484375,49.59724807739258
0,701,24398.001953125,42.74409866333008
0,702,26788.626953125,43.52925491333008
0,703,10470.3837890625,25.705970764160156
0,704,18865.44140625,36.26726150512695
0,705,10454.6689453125,26.6652774810791
0,706,29356.857421875,48.79887008666992
0,707,25299.2109375,43.234642028808594
0,708,17944.640625,36.83088684082031
0,709,10314.1865234375,25.310043334960938
0,710,18969.951171875,37.809959411621094
0,711,16334.32421875,35.75718307495117
0,712,20532.169921875,40.180397033691406
0,713,9754.447265625,25.0062255859375
0,714,14091.9599609375,28.62447738647461
0,715,21740.71484375,41.51595687866211
0,716,26991.783203125,41.65948486328125
0,717,17005.265625,34.1638069152832
0,718,22082.3359375,41.28678512573242
0,719,26949.048828125,43.14366149902344
0,720,14796.35546875,33.41716384887695
0,721,22999.982421875,42.747535705566406
0,722,17774.625,35.34684753417969
0,723,10829.4091796875,26.695880889892578
0,724,17896.17578125,37.28477096557617
0,725,16167.9736328125,35.302391052246094
0,726,22383.099609375,40.32813262939453
0,727,23186.68359375,40.06041717529297
0,728,13859.90625,30.258516311645508
0,729,12936.6865234375,28.57910919189453
0,730,14368.3896484375,34.48602294921875
0,731,24568.583984375,42.808204650878906
0,732,19791.11328125,38.50765609741211
0,733,22351.51171875,42.76045227050781
0,734,8371.1328125,20.528844833374023
0,735,20709.98046875,40.071842193603516
0,736,21153.34765625,41.633445739746094
0,737,18682.1484375,37.47716522216797
0,738,25377.1171875,41.66893768310547
0,739,23899.88671875,43.572471618652344
0,740,16773.359375,33.35982894897461
0,741,13473.16796875,28.825992584228516
0,742,3620.7158203125,16.749841690063477
0,743,9389.98828125,23.69761848449707
0,744,11695.828125,26.235595703125
0,745,23799.0859375,41.32807540893555
0,746,23594.83984375,37.824424743652344
0,747,4532.90625,17.729488372802734
0,748,23068.33984375,39.91958999633789
0,749,20781.705078125,40.049293518066406
0,750,24121.03125,43.284820556640625
0,751,16530.228515625,32.132572174072266
0,752,26668.05859375,45.62389373779297
0,753,19445.34375,39.55381774902344
0,754,16143.306640625,34.524932861328125
0,755,9155.1015625,23.610307693481445
0,756,13715.009765625,30.950748443603516
0,757,17313.859375,35.94154357910156
0,758,21843.240234375,40.55301284790039
0,759,7899.7119140625,21.21590232849121
0,760,17211.294921875,36.59272766113281
0,761,27927.203125,47.79805374145508
0,762,19608.6640625,33.86823272705078
0,763,15865.912109375,36.006614685058594
0,764,17826.515625,32.56349182128906
0,765,22817.7578125,42.79315948486328
0,766,20462.08984375,36.29047393798828
0,767,23523.66796875,41.22338104248047
0,768,21341.361328125,39.314247131347656
0,769,11187.9013671875,26.877498626708984
0,770,12026.3828125,26.853273391723633
0,771,13509.830078125,29.006183624267578
0,772,15806.076171875,32.12812423706055
0,773,18170.509765625,36.52671813964844
0,774,21538.5390625,34.88379669189453
0,775,25777.30078125,45.88239288330078
0,776,18018.884765625,35.55454635620117
0,777,19806.9765625,36.26810836791992
0,778,17881.111328125,35.50276184082031
0,779,18457.994140625,33.859806060791016
0,780,20619.02734375,35.79453659057617
0,781,27181.1328125,47.158538818359375
0,782,24173.56640625,39.815486907958984
0,783,19911.150390625,34.69623947143555
0,784,22614.02734375,41.94927215576172
0,785,20587.8984375,39.24650955200195
0,786,26416.59375,44.5089111328125
0,787,27048.26953125,43.195220947265625
0,788,30943.37890625,50.42839050292969
0,789,18983.998046875,31.997684478759766
0,790,6186.15966796875,17.810876846313477
0,791,16350.26953125,35.72106170654297
0,792,14397.703125,28.774044036865234
0,793,12466.1474609375,28.39740753173828
0,794,25521.646484375,43.01327133178711
0,795,13184.4189453125,29.09394073486328
0,796,18774.62890625,35.76063919067383
0,797,19214.08203125,37.733978271484375
0,798,21781.994140625,37.19613265991211
0,799,22804.9765625,38.36362838745117
0,800,29167.94921875,47.43325424194336
0,801,19467.8984375,36.09186935424805
0,802,7451.111328125,22.85668182373047
0,803,20221.625,34.671287536621094
0,804,23828.267578125,39.61084747314453
0,805,24797.04296875,41.82420349121094
0,806,13033.2705078125,31.475879669189453
0,807,10426.33203125,27.03421401977539
0,808,25480.416015625,45.66208267211914
0,809,27698.17578125,47.488887786865234
0,810,20059.072265625,38.724483489990234
0,811,13720.2822265625,28.978317260742188
0,812,18980.943359375,36.406028747558594
0,813,12996.5224609375,30.016647338867188
0,814,15709.6611328125,31.800745010375977
0,815,14301.7099609375,31.848379135131836
0,816,15082.6474609375,28.360759735107422
0,817,15511.4150390625,33.307125091552734
0,818,11769.6767578125,27.36434555053711
0,819,18746.916015625,37.41903305053711
0,820,15943.919921875,29.15003776550293
0,821,18395.259765625,32.39242172241211
0,822,12795.3984375,31.411365509033203
0,823,10320.7978515625,25.921188354492188
0,824,16683.123046875,35.60453414916992
0,825,11448.4677734375,24.512773513793945
0,826,20277.33203125,36.46041488647461
0,827,31161.685546875,50.61215591430664
0,828,21451.23828125,39.85594940185547
0,829,20644.353515625,41.4392204284668
0,830,24697.71875,44.39983367919922
0,831,30272.931640625,48.29278564453125
0,832,30157.76171875,46.420406341552734
0,833,19320.439453125,39.21302795410156
0,834,28261.328125,47.20452117919922
0,835,15444.7421875,31.51738739013672
0,836,20620.564453125,37.4683723449707
0,837,19411.833984375,35.57939910888672
0,838,24710.296875,36.55025863647461
0,839,7389.1318359375,21.58706283569336
0,840,22298.935546875,36.16678237915039
0,841,14729.232421875,33.36418914794922
0,842,25227.703125,41.10484313964844
0,843,21858.94921875,38.615379333496094
0,844,23386.681640625,42.43112564086914
0,845,18068.38671875,35.12392044067383
0,846,20027.60546875,36.554298400878906
0,847,32231.73046875,51.42757797241211
0,848,12687.4912109375,28.440120697021484
0,849,19758.79296875,37.984561920166016
0,850,27382.9375,45.38116455078125
0,851,13195.625,31.032087326049805
0,852,19276.375,34.81805419921875
0,853,19998.46484375,39.3253173828125
0,854,19522.755859375,35.011444091796875
0,855,18182.970703125,37.30349349975586
0,856,15563.140625,31.1649227142334
0,857,21358.0546875,38.90414047241211
0,858,18349.751953125,33.925968170166016
0,859,22876.927734375,41.54065704345703
0,860,14876.501953125,33.040382385253906
0,861,22197.419921875,41.433502197265625
0,862,19951.263671875,37.258148193359375
0,863,21372.48046875,41.930686950683594
0,864,16839.8203125,35.66250991821289
0,865,21553.654296875,42.30876922607422
0,866,17252.8125,36.60495376586914
0,867,14204.54296875,32.67201614379883
0,868,15357.3154296875,33.31188201904297
0,869,26102.353515625,44.47034454345703
0,870,22503.275390625,39.52604675292969
0,871,15541.2490234375,32.65674591064453
0,872,15208.0107421875,34.49494552612305
0,873,24373.302734375,38.99546432495117
0,874,17402.375,36.350120544433594
0,875,20540.65625,39.6711540222168
0,876,17515.587890625,28.309782028198242
0,877,13379.6005859375,29.270587921142578
0,878,25580.751953125,45.18500518798828
0,879,12588.0078125,27.81764793395996
0,880,24352.28515625,39.16314697265625
0,881,16139.087890625,30.55897331237793
0,882,20605.357421875,39.821651458740234
0,883,8449.888671875,25.03050994873047
0,884,18878.015625,35.76559066772461
0,885,11096.552734375,25.384136199951172
0,886,21373.48046875,40.34766387939453
0,887,17188.9140625,35.77159881591797
0,888,25582.208984375,41.80226135253906
0,889,22656.828125,40.876224517822266
0,890,23781.357421875,39.45960235595703
0,891,18725.173828125,36.622737884521484
0,892,28788.427734375,47.34776306152344
0,893,25063.435546875,43.02702331542969
0,894,23703.638671875,43.145957946777344
0,895,38098.578125,55.615745544433594
0,896,22141.078125,38.655120849609375
0,897,21664.115234375,41.98031997680664
0,898,17242.177734375,33.38412094116211
0,899,13403.7158203125,29.74786376953125
0,900,19070.947265625,33.97357940673828
0,901,10853.470703125,24.84011459350586
0,902,22259.53515625,40.201416015625
0,903,22453.794921875,40.788482666015625
0,904,22434.072265625,41.95623016357422
0,905,12952.6865234375,28.256298065185547
0,906,15796.51171875,29.088146209716797
0,907,17763.255859375,35.71070098876953
0,908,16650.95703125,35.6388053894043
0,909,8139.5615234375,21.865833282470703
0,910,20633.009765625,36.387542724609375
0,911,18718.373046875,37.58349609375
0,912,16799.072265625,31.33154296875
0,913,21242.341796875,40.37102508544922
0,914,4225.6669921875,14.956626892089844
0,915,22157.529296875,38.658790588378906
0,916,14063.97265625,30.49924087524414
0,917,34593.28125,51.86247634887695
0,918,14497.865234375,32.988609313964844
0,919,16485.94140625,35.43336486816406
0,920,14753.8642578125,30.54164695739746
0,921,22530.3828125,39.586647033691406
0,922,15514.009765625,34.49243927001953
0,923,21738.078125,39.59482192993164
0,924,14599.2548828125,28.717538833618164
0,925,22117.333984375,41.79840850830078
0,926,17817.1875,35.70624923706055
0,927,15834.052734375,35.31947326660156
0,928,22856.908203125,38.17475891113281
0,929,7543.68408203125,21.0736083984375
0,930,18525.97265625,36.35625457763672
0,931,26090.634765625,43.55933380126953
0,932,11756.751953125,27.8602237701416
0,933,24386.751953125,40.251922607421875
0,934,12995.9736328125,30.84490966796875
0,935,16857.05859375,34.24842071533203
0,936,18896.931640625,38.248199462890625
0,937,14748.958984375,34.25922393798828
0,938,17139.810546875,36.6697883605957
0,939,5889.75244140625,18.07033920288086
0,940,16492.529296875,32.680442810058594
0,941,17276.130859375,34.40729522705078
0,942,14446.40625,31.377859115600586
0,943,26796.8046875,44.713104248046875
0,944,27466.322265625,44.764495849609375
0,945,13783.2900390625,29.2015380859375
0,946,20052.421875,35.759864807128906
0,947,14327.654296875,31.63172149658203
0,948,20836.77734375,37.8945426940918
0,949,13778.89453125,30.28597640991211
0,950,9279.791015625,23.697160720825195
0,951,14732.2919921875,29.434675216674805
0,952,11713.1376953125,29.438430786132812
0,953,10433.8095703125,26.28129005432129
0,954,21084.640625,37.262420654296875
0,955,17922.369140625,33.490718841552734
0,956,21867.484375,38.53315734863281
0,957,11074.6318359375,25.668315887451172
0,958,10921.451171875,27.952285766601562
0,959,12746.763671875,31.260845184326172
0,960,6416.48974609375,18.239458084106445
0,961,9912.134765625,25.868967056274414
0,962,33224.61328125,50.42781066894531
0,963,21428.84765625,39.76469421386719
0,964,21804.890625,41.23978805541992
0,965,20518.302734375,36.04573440551758
0,966,26352.75390625,44.05486297607422
0,967,15718.44921875,31.390634536743164
0,968,22885.220703125,39.21776580810547
0,969,15900.94921875,33.58131790161133
0,970,10569.0419921875,27.25948143005371
0,971,20824.533203125,36.607425689697266
0,972,11639.9384765625,27.184736251831055
0,973,22442.078125,40.86100769042969
0,974,14081.451171875,26.749984741210938
0,975,14527.921875,32.93796157836914
0,976,13252.46484375,31.060569763183594
0,977,20243.640625,36.88201141357422
0,978,13831.5771484375,29.489219665527344
0,979,23126.61328125,41.65568542480469
0,980,20175.7109375,38.88837814331055
0,981,27878.275390625,46.41473388671875
0,982,15648.4736328125,33.117576599121094
0,983,18152.869140625,35.50151062011719
0,984,15662.7841796875,30.845417022705078
0,985,30648.64453125,48.909481048583984
0,986,16698.45703125,33.47859191894531
0,987,5752.78662109375,16.979957580566406
0,988,21466.841796875,37.57986068725586
0,989,15645.2294921875,32.73546600341797
0,990,6579.18115234375,17.893413543701172
0,991,7552.80908203125,23.867794036865234
0,992,12376.203125,27.956344604492188
0,993,14069.4892578125,31.912431716918945
0,994,13220.70703125,28.205570220947266
0,995,9482.1640625,24.71917724609375
0,996,24407.546875,43.5036735534668
0,997,6563.17236328125,19.150611877441406
0,998,26517.759765625,46.249176025390625
0,999,27280.283203125,43.348304748535156
0,1000,12971.326171875,26.844636917114258
0,1001,14090.8408203125,28.959653854370117
0,1002,24464.76953125,43.521610260009766
0,1003,23253.373046875,43.47499465942383
0,1004,15018.99609375,33.097190856933594
0,1005,27016.12109375,45.09507369995117
0,1006,24023.439453125,43.01975631713867
0,1007,15680.98046875,33.21425247192383
0,1008,18770.203125,32.64976119995117
0,1009,14784.82421875,33.565391540527344
0,1010,19950.20703125,33.15788269042969
0,1011,24609.900390625,41.3090705871582
0,1012,9580.71484375,24.459674835205078
0,1013,17166.322265625,34.00582504272461
0,1014,8793.1708984375,19.280637741088867
0,1015,18046.26171875,36.0629768371582
0,1016,8467.9921875,23.107107162475586
0,1017,17664.99609375,34.470054626464844
0,1018,17532.3984375,37.21846008300781
0,1019,20575.1796875,36.30873107910156
0,1020,23225.185546875,42.09207534790039
0,1021,21282.693359375,37.46195983886719
0,1022,13694.904296875,31.161781311035156
0,1023,7789.78564453125,20.566770553588867
0,1024,10476.708984375,26.160234451293945
0,1025,15731.0302734375,34.94783020019531
0,1026,15993.6875,34.984092712402344
0,1027,20489.951171875,37.38344192504883
0,1028,18382.169921875,34.49530029296875
0,1029,20263.076171875,36.13936233520508
0,1030,12373.7353515625,29.260269165039062
0,1031,23794.826171875,42.750091552734375
0,1032,14240.88671875,33.54348373413086
0,1033,14192.876953125,31.377925872802734
0,1034,19558.740234375,38.82609558105469
0,1035,14198.078125,33.52421951293945
0,1036,25692.236328125,40.83211135864258
0,1037,9236.3095703125,23.973735809326172
0,1038,11314.455078125,27.507823944091797
0,1039,12024.5791015625,27.969926834106445
0,1040,8550.32421875,19.8291072845459
0,1041,13356.642578125,27.447481155395508
0,1042,10253.78515625,23.795413970947266
0,1043,31395.287109375,50.32074737548828
0,1044,22398.994140625,39.173362731933594
0,1045,21755.634765625,39.407501220703125
0,1046,18303.57421875,38.07600402832031
0,1047,14492.3359375,31.128149032592773
0,1048,31000.42578125,46.87657165527344
0,1049,18780.966796875,32.365234375
0,1050,28731.57421875,46.88795471191406
0,1051,11444.35546875,26.677143096923828
0,1052,18449.337890625,35.33970260620117
0,1053,10018.6728515625,26.903507232666016
0,1054,20368.82421875,37.55274963378906
0,1055,28717.685546875,46.72679901123047
0,1056,19942.357421875,37.144248962402344
0,1057,28025.1484375,45.028541564941406
0,1058,18042.171875,34.502540588378906
0,1059,7704.30859375,21.23813819885254
0,1060,18326.3359375,37.40256881713867
0,1061,19418.435546875,37.845375061035156
0,1062,16965.79296875,32.51906204223633
0,1063,22209.052734375,42.85664367675781
0,1064,15706.18359375,33.17354965209961
0,1065,17953.4921875,31.65652084350586
0,1066,6703.046875,22.48575782775879
0,1067,3212.641357421875,15.093694686889648
0,1068,15183.1796875,31.44532012939453
0,1069,17362.056640625,32.21303939819336
0,1070,34441.44140625,52.15248107910156
0,1071,14891.32421875,29.62075424194336
0,1072,14729.724609375,26.848167419433594
0,1073,17996.53515625,35.044288635253906
0,1074,9348.875,26.066585540771484
0,1075,13817.5830078125,28.211063385009766
0,1076,7757.50927734375,21.268695831298828
0,1077,22668.935546875,37.9518928527832
0,1078,20085.6953125,35.81404495239258
0,1079,17637.791015625,37.5649528503418
0,1080,10366.240234375,28.490556716918945
0,1081,19559.005859375,39.24985122680664
0,1082,19613.87109375,36.994632720947266
0,1083,23646.654296875,43.06257247924805
0,1084,23827.783203125,41.97461700439453
0,1085,22836.880859375,39.635494232177734
0,1086,11283.1875,22.39423370361328
0,1087,13153.515625,30.393712997436523
0,1088,9374.0888671875,25.196367263793945
0,1089,18825.947265625,34.44585037231445
0,1090,17918.5625,36.322975158691406
0,1091,16461.990234375,35.06806182861328
0,1092,12990.7783203125,30.657970428466797
0,1093,9244.66796875,25.79347038269043
0,1094,24160.826171875,40.546321868896484
0,1095,23286.703125,40.2247428894043
0,1096,10814.271484375,26.418678283691406
0,1097,25793.119140625,42.980472564697266
0,1098,14498.51953125,29.91592788696289
0,1099,10442.482421875,26.2574462890625
0,1100,8493.1123046875,23.499366760253906
0,1101,9042.0869140625,25.16037940979004
0,1102,15858.6279296875,34.24647521972656
0,1103,13876.9892578125,28.452335357666016
0,1104,19005.185546875,36.91511535644531
0,1105,7178.33349609375,20.915979385375977
0,1106,15544.1875,32.65879821777344
0,1107,14432.796875,32.0106201171875
0,1108,7787.6396484375,19.887054443359375
0,1109,23808.1640625,41.06589126586914
0,1110,18934.0546875,35.25311279296875
0,1111,16919.279296875,33.085086822509766
0,1112,23661.1953125,39.655704498291016
0,1113,17898.70703125,37.23446273803711
0,1114,22026.048828125,40.978759765625
0,1115,18600.94140625,37.83812713623047
0,1116,12018.2578125,27.174280166625977
0,1117,23447.546875,43.115299224853516
0,1118,18528.11328125,32.6062126159668
0,1119,3668.35205078125,13.455915451049805
0,1120,25460.455078125,42.32942199707031
0,1121,19301.8203125,38.71975326538086
0,1122,4951.77734375,16.91927719116211
0,1123,13170.51171875,28.796363830566406
0,1124,12513.4453125,29.178848266601562
0,1125,14478.9658203125,32.4461784362793
0,1126,17203.29296875,35.7184944152832
0,1127,8896.3662109375,23.881643295288086
0,1128,14928.8544921875,33.25127029418945
0,1129,19605.65625,34.56962966918945
0,1130,15994.3037109375,34.29640579223633
0,1131,13585.70703125,30.161407470703125
0,1132,11262.4140625,27.490352630615234
0,1133,20240.4921875,39.08485412597656
0,1134,11349.3212890625,25.310405731201172
0,1135,3777.357666015625,15.095794677734375
0,1136,15406.45703125,29.733802795410156
0,1137,22361.951171875,39.11323928833008
0,1138,5850.5458984375,17.935665130615234
0,1139,24387.25390625,42.09663009643555
0,1140,8363.951171875,23.871585845947266
0,1141,10329.7880859375,25.98729705810547
0,1142,18448.654296875,36.88804244995117
0,1143,12234.1240234375,30.516403198242188
0,1144,9921.7548828125,25.307876586914062
0,1145,6507.8837890625,17.99286651611328
0,1146,12794.2978515625,29.317176818847656
0,1147,17112.6484375,32.98758316040039
0,1148,25126.498046875,41.07661819458008
0,1149,6653.83544921875,21.260295867919922
0,1150,5992.62109375,18.818872451782227
0,1151,15243.3486328125,30.47164535522461
0,1152,24275.33203125,43.08744812011719
0,1153,20519.845703125,34.95548629760742
0,1154,13213.43359375,30.464134216308594
0,1155,19495.966796875,37.22836685180664
0,1156,7879.8974609375,24.46585464477539
0,1157,18660.251953125,36.53545379638672
0,1158,18223.72265625,33.68598175048828
0,1159,12726.6884765625,29.65522575378418
0,1160,19135.7265625,35.6844482421875
0,1161,26146.25390625,43.51428985595703
0,1162,4603.64111328125,15.556175231933594
0,1163,14618.765625,31.646282196044922
0,1164,8021.12646484375,22.093534469604492
0,1165,20090.7734375,33.000606536865234
0,1166,20556.08203125,37.23576736450195
0,1167,24577.48828125,42.49802780151367
0,1168,9928.51953125,25.652212142944336
0,1169,18690.51953125,36.09322738647461
0,1170,11975.7177734375,27.701990127563477
0,1171,12635.9140625,29.18265724182129
0,1172,22134.23046875,40.268245697021484
0,1173,25921.62109375,44.08317947387695
0,1174,8160.76416015625,23.653488159179688
0,1175,17594.41015625,36.07011413574219
0,1176,11951.283203125,25.500329971313477
0,1177,16749.154296875,33.68994140625
0,1178,13277.185546875,30.05305290222168
0,1179,4883.5908203125,15.051850318908691
0,1180,25369.703125,45.203311920166016
0,1181,18306.037109375,34.9638671875
0,1182,20051.025390625,36.748695373535156
0,1183,14539.0595703125,27.558284759521484
0,1184,22612.24609375,33.745758056640625
0,1185,18077.626953125,35.030250549316406
0,1186,15440.84375,33.29989242553711
0,1187,20727.748046875,40.229774475097656
0,1188,15320.1591796875,34.61829376220703
0,1189,23310.349609375,43.4236946105957
0,1190,12317.10546875,30.34050941467285
0,1191,8940.263671875,25.164222717285156
0,1192,13584.791015625,28.251420974731445
0,1193,6946.103515625,22.32857322692871
0,1194,15686.736328125,29.56692123413086
0,1195,17634.67578125,34.43400955200195
0,1196,22432.951171875,42.06632614135742
0,1197,10425.970703125,24.885168075561523
0,1198,12890.2412109375,28.861629486083984
0,1199,20597.095703125,37.90065383911133
0,1200,14747.318359375,31.582834243774414
0,1201,20726.73046875,40.9202995300293
0,1202,21696.5390625,40.202049255371094
0,1203,7937.64892578125,22.390483856201172
0,1204,8839.423828125,23.679031372070312
0,1205,10692.9951171875,29.20185089111328
0,1206,20208.240234375,37.05668640136719
0,1207,21527.396484375,40.601776123046875
0,1208,12723.3525390625,30.03264617919922
0,1209,23947.8671875,41.4193229675293
0,1210,19747.8984375,37.97249984741211
0,1211,23545.03125,39.99040603637695
0,1212,10585.537109375,26.3546085357666
0,1213,8438.642578125,20.97197723388672
0,1214,12573.892578125,30.675582885742188
0,1215,4005.266845703125,15.316887855529785
0,1216,18108.322265625,37.804927825927734
0,1217,13235.748046875,27.435382843017578
0,1218,18023.4140625,36.8447265625
0,1219,11520.0751953125,29.364158630371094
0,1220,8584.4306640625,21.61716651916504
0,1221,16355.3330078125,35.221900939941406
0,1222,22160.546875,40.01603698730469
0,1223,19547.259765625,37.1999626159668
0,1224,20573.046875,36.747684478759766
0,1225,16792.72265625,33.63949203491211
0,1226,17494.865234375,35.86140060424805
0,1227,13133.35546875,28.185338973999023
0,1228,13361.6796875,28.2843017578125
0,1229,16568.65234375,30.739612579345703
0,1230,14949.173828125,28.968765258789062
0,1231,25989.470703125,43.351890563964844
0,1232,14139.9345703125,26.44294548034668
0,1233,21281.49609375,40.539894104003906
0,1234,8884.6484375,22.76226806640625
0,1235,17529.5,34.34101104736328
0,1236,17510.138671875,34.711360931396484
0,1237,13971.041015625,31.303407669067383
0,1238,11234.8330078125,28.22907829284668
0,1239,18773.63671875,34.28346252441406
0,1240,17107.11328125,31.803485870361328
0,1241,10968.505859375,27.317344665527344
0,1242,8818.369140625,23.73682403564453
0,1243,14843.302734375,33.99198913574219
0,1244,20969.6015625,37.75865936279297
0,1245,16563.798828125,33.75160598754883
0,1246,9129.7685546875,21.391984939575195
0,1247,9937.73046875,24.634708404541016
0,1248,12169.205078125,27.22608757019043
0,1249,13509.037109375,29.92955207824707
0,1250,25848.849609375,45.6509895324707
0,1251,17312.890625,32.69849395751953
0,1252,14813.1376953125,31.071578979492188
0,1253,23866.91796875,43.193603515625
0,1254,16032.0986328125,32.74082946777344
0,1255,19332.59765625,37.79771041870117
0,1256,14179.201171875,29.286771774291992
0,1257,15500.5859375,32.864559173583984
0,1258,15402.8271484375,31.83464241027832
0,1259,19151.908203125,35.927005767822266
0,1260,18786.345703125,37.65338134765625
0,1261,21035.3046875,39.550865173339844
0,1262,16348.203125,34.78021240234375
0,1263,3000.162353515625,11.861448287963867
0,1264,21541.384765625,40.991146087646484
0,1265,6713.66064453125,17.59870719909668
0,1266,9909.6435546875,27.052162170410156
0,1267,16573.703125,33.14049530029297
0,1268,19386.9609375,36.406158447265625
0,1269,16864.068359375,33.58100128173828
0,1270,15817.4873046875,30.769161224365234
0,1271,20323.42578125,37.450531005859375
0,1272,17585.484375,35.66844177246094
0,1273,10047.8359375,24.772911071777344
0,1274,11718.99609375,26.622753143310547
0,1275,6665.22509765625,20.22700309753418
0,1276,22860.41796875,41.40122604370117
0,1277,14063.2470703125,33.43497848510742
0,1278,9430.8642578125,24.498973846435547
0,1279,9182.8837890625,24.308609008789062
0,1280,11583.017578125,27.708480834960938
0,1281,18400.021484375,37.93370819091797
0,1282,8947.171875,24.31472396850586
0,1283,23109.17578125,39.95272445678711
0,1284,14729.8671875,29.1881103515625
0,1285,11900.1123046875,27.626659393310547
0,1286,13286.638671875,29.583358764648438
0,1287,14677.4365234375,33.59389114379883
0,1288,20013.826171875,39.593814849853516
0,1289,23686.220703125,40.34629821777344
0,1290,13025.2958984375,27.77542495727539
0,1291,5890.3740234375,18.539325714111328
0,1292,8651.091796875,22.11787223815918
0,1293,14498.74609375,31.646364212036133
0,1294,15983.3408203125,32.67124557495117
0,1295,3871.09130859375,14.619569778442383
0,1296,12645.86328125,23.63682746887207
0,1297,13829.0146484375,27.846942901611328
0,1298,17117.4453125,30.215469360351562
0,1299,5032.18603515625,16.796249389648438
0,1300,7182.63671875,20.029495239257812
0,1301,12910.93359375,28.49872398376465
0,1302,9628.1640625,24.886728286743164
0,1303,13497.5927734375,31.46232032775879
0,1304,8715.423828125,22.635366439819336
0,1305,11380.576171875,27.3532772064209
0,1306,15176.97265625,33.38450241088867
0,1307,16408.498046875,34.65530776977539
0,1308,8629.74609375,22.434711456298828
0,1309,13420.45703125,30.8979549407959
0,1310,25594.86328125,43.3526725769043
0,1311,18016.283203125,37.882015228271484
0,1312,14854.447265625,32.77648162841797
0,1313,8833.1953125,24.72433090209961
0,1314,15434.1640625,32.226280212402344
0,1315,15027.7939453125,32.25242614746094
0,1316,15467.9072265625,31.909942626953125
0,1317,11188.51171875,27.635391235351562
0,1318,6234.7373046875,19.43307876586914
0,1319,9950.66015625,26.6206111907959
0,1320,28090.462890625,47.124900817871094
0,1321,14133.9150390625,30.843385696411133
0,1322,8616.748046875,22.356128692626953
0,1323,11515.234375,24.893367767333984
0,1324,14783.6826171875,32.01525115966797
0,1325,12913.44140625,29.678672790527344
0,1326,11189.419921875,25.763158798217773
0,1327,14943.9345703125,30.2249698638916
0,1328,15163.2763671875,32.36738204956055
0,1329,7854.74853515625,21.567424774169922
0,1330,23564.33203125,40.856449127197266
0,1331,9633.66796875,25.734268188476562
0,1332,10459.197265625,24.478076934814453
0,1333,24822.7265625,41.07745361328125
0,1334,12910.0888671875,29.949050903320312
0,1335,11823.8544921875,26.956892013549805
0,1336,15040.326171875,33.287235260009766
0,1337,13098.4423828125,30.20223617553711
0,1338,10703.6630859375,25.941287994384766
0,1339,16084.759765625,32.65384292602539
0,1340,7458.419921875,19.8059139251709
0,1341,12877.32421875,31.292428970336914
0,1342,15493.240234375,32.82715606689453
0,1343,11455.5703125,25.302343368530273
0,1344,19455.939453125,31.720706939697266
0,1345,10724.017578125,25.423450469970703
0,1346,22558.21875,42.374298095703125
0,1347,5901.880859375,19.688629150390625
0,1348,14556.6474609375,31.342239379882812
0,1349,12937.5986328125,28.56584358215332
0,1350,14153.9052734375,31.03271484375
0,1351,13862.43359375,30.98236083984375
0,1352,21756.24609375,37.86915969848633
0,1353,10577.5947265625,24.558788299560547
0,1354,19931.578125,40.19375228881836
0,1355,13916.9873046875,30.38873291015625
0,1356,9162.314453125,24.785966873168945
0,1357,8264.4931640625,21.460426330566406
0,1358,15553.1494140625,33.710384368896484
0,1359,12245.037109375,26.62930679321289
0,1360,11878.0859375,27.032428741455078
0,1361,14796.02734375,31.073549270629883
0,1362,14135.1318359375,27.945585250854492
0,1363,16348.2626953125,31.707998275756836
0,1364,9167.7314453125,23.30208969116211
0,1365,15359.73828125,29.62460708618164
0,1366,14765.34765625,29.782772064208984
0,1367,19386.2421875,37.745853424072266
0,1368,12269.5712890625,28.035781860351562
0,1369,24500.60546875,43.57830810546875
0,1370,13663.24609375,32.35203552246094
0,1371,19623.486328125,37.749610900878906
0,1372,15767.55859375,33.004302978515625
0,1373,10816.064453125,25.619075775146484
0,1374,4266.8759765625,16.10139274597168
0,1375,11645.4130859375,29.28023910522461
0,1376,25068.21484375,43.082794189453125
0,1377,15082.78125,33.318546295166016
0,1378,15654.783203125,32.11589813232422
0,1379,10674.134765625,26.187335968017578
0,1380,10620.9228515625,24.877477645874023
0,1381,12361.0595703125,28.245193481445312
0,1382,18114.154296875,36.44139099121094
0,1383,17921.99609375,31.302982330322266
0,1384,11366.900390625,25.47509002685547
0,1385,9222.16796875,22.96732521057129
0,1386,15072.5859375,31.86553382873535
0,1387,9269.6572265625,23.962406158447266
0,1388,10558.5234375,26.614912033081055
0,1389,10032.7939453125,26.55415916442871
0,1390,10143.3955078125,25.714603424072266
0,1391,6576.90625,17.868593215942383
0,1392,17358.0390625,36.77362823486328
0,1393,12025.0234375,28.946672439575195
0,1394,29318.0625,47.11823654174805
0,1395,9554.0341796875,25.484203338623047
0,1396,7805.23681640625,21.161518096923828
0,1397,11759.71484375,28.145198822021484
0,1398,23313.1328125,39.886531829833984
0,1399,15866.4873046875,33.57524490356445
0,1400,12030.7392578125,26.67573356628418
0,1401,9103.3603515625,23.977022171020508
0,1402,13152.955078125,29.639183044433594
0,1403,12258.9892578125,28.956148147583008
0,1404,12227.91796875,26.923067092895508
0,1405,10246.150390625,24.358570098876953
0,1406,16643.763671875,35.396812438964844
0,1407,13436.41796875,30.127696990966797
0,1408,17915.546875,31.643409729003906
0,1409,20134.78125,34.3189811706543
0,1410,14476.0322265625,31.001096725463867
0,1411,14429.3115234375,32.40496063232422
0,1412,21340.634765625,38.4432258605957
0,1413,7347.14599609375,21.660926818847656
0,1414,15576.71875,30.479257583618164
0,1415,24706.373046875,42.782493591308594
0,1416,7797.3310546875,20.66362762451172
0,1417,10705.9228515625,28.598482131958008
0,1418,12410.2197265625,24.813034057617188
0,1419,15054.9443359375,31.075397491455078
0,1420,19345.091796875,38.828060150146484
0,1421,11574.83984375,27.697179794311523
0,1422,9736.0478515625,25.593414306640625
0,1423,19971.3359375,36.84549331665039
0,1424,15319.6630859375,31.048437118530273
0,1425,9257.0205078125,19.890514373779297
0,1426,10927.2431640625,27.220245361328125
0,1427,17508.91015625,33.44887924194336
0,1428,17973.00390625,32.90953063964844
0,1429,8569.4208984375,23.21035385131836
0,1430,16025.4208984375,35.19225311279297
0,1431,19683.04296875,35.52347946166992
0,1432,20408.642578125,37.625274658203125
0,1433,15368.1318359375,33.318782806396484
0,1434,12182.099609375,28.738359451293945
0,1435,8187.53515625,23.856454849243164
0,1436,23853.572265625,44.02669906616211
0,1437,14544.12890625,30.35179901123047
0,1438,14879.974609375,31.99588394165039
0,1439,7461.94384765625,20.909425735473633
0,1440,11039.49609375,28.129430770874023
0,1441,17230.978515625,34.43779373168945
0,1442,12719.68359375,29.292644500732422
0,1443,11398.8994140625,28.78325653076172
0,1444,10294.193359375,27.437864303588867
0,1445,23464.5390625,42.279151916503906
0,1446,16315.7802734375,35.76429748535156
0,1447,14659.7041015625,32.11505889892578
0,1448,13064.98828125,27.546871185302734
0,1449,19333.23828125,35.82160568237305
0,1450,13654.1123046875,30.806499481201172
0,1451,18961.953125,36.88571548461914
0,1452,21588.58984375,35.852996826171875
0,1453,10837.16015625,24.597652435302734
0,1454,10713.833984375,26.475765228271484
0,1455,18590.509765625,36.206939697265625
0,1456,10324.923828125,27.65499496459961
0,1457,10460.146484375,24.038490295410156
0,1458,19448.4375,36.08301544189453
0,1459,8882.4736328125,21.67100715637207
0,1460,10935.130859375,24.463645935058594
0,1461,13400.2265625,29.908458709716797
0,1462,11398.875,27.523221969604492
0,1463,18236.896484375,33.13025665283203
0,1464,6313.2216796875,18.115806579589844
0,1465,5633.6904296875,17.83246612548828
0,1466,9914.6982421875,23.788808822631836
0,1467,11708.6943359375,26.7528018951416
0,1468,14892.9091796875,30.111156463623047
0,1469,12998.9951171875,27.857181549072266
0,1470,19673.521484375,35.079444885253906
0,1471,19820.78515625,39.31010437011719
0,1472,24507.4296875,42.85707473754883
0,1473,15543.0537109375,31.16813087463379
0,1474,8652.205078125,24.468299865722656
0,1475,13991.626953125,29.916799545288086
0,1476,6643.54541015625,19.068830490112305
0,1477,30301.04296875,47.07813262939453
0,1478,20699.966796875,39.185123443603516
0,1479,11013.2802734375,25.36984634399414
0,1480,12829.9970703125,28.901296615600586
0,1481,9382.13671875,23.5767822265625
0,1482,15279.666015625,33.63907241821289
0,1483,10026.4951171875,26.016382217407227
0,1484,8411.525390625,23.2081298828125
0,1485,13847.732421875,32.11765670776367
0,1486,12481.5341796875,26.2606258392334
0,1487,18364.8515625,37.35945129394531
0,1488,15683.568359375,29.902362823486328
0,1489,22446.083984375,40.33340072631836
0,1490,11755.73046875,25.727266311645508
0,1491,13276.96484375,30.312950134277344
0,1492,10914.5732421875,28.8861083984375
0,1493,12059.671875,28.309650421142578
0,1494,7869.6474609375,20.683143615722656
0,1495,12407.361328125,29.73202896118164
0,1496,13749.6357421875,31.128189086914062
0,1497,14675.9638671875,31.769922256469727
0,1498,4079.4306640625,12.82419204711914
0,1499,9268.0927734375,25.610034942626953
0,1500,16977.83984375,35.37113571166992
0,1501,13977.177734375,29.46562957763672
0,1502,7561.24951171875,18.37683868408203
0,1503,14998.52734375,32.099491119384766
0,1504,17835.076171875,33.82225799560547
0,1505,8083.6142578125,21.752920150756836
0,1506,9725.7373046875,25.317611694335938
0,1507,21321.998046875,38.79852294921875
0,1508,17103.646484375,34.18345642089844
0,1509,12067.3984375,26.096481323242188
0,1510,26582.8515625,44.62324905395508
0,1511,17828.419921875,35.8618278503418
0,1512,9541.53125,22.651094436645508
0,1513,15975.4267578125,32.029056549072266
0,1514,13793.65625,28.4471378326416
0,1515,7857.7255859375,22.641469955444336
0,1516,10025.9189453125,24.476558685302734
0,1517,15059.9892578125,32.39657211303711
0,1518,17807.060546875,35.402618408203125
0,1519,5307.2958984375,17.78963279724121
0,1520,11540.0537109375,27.374059677124023
0,1521,21951.83984375,41.5213508605957
0,1522,8231.177734375,22.62053680419922
0,1523,10171.6015625,25.71347427368164
0,1524,24528.283203125,42.55695724487305
0,1525,11758.6298828125,25.609329223632812
0,1526,7596.2578125,20.65155601501465
0,1527,12296.3466796875,27.68218231201172
0,1528,11248.1943359375,26.58002471923828
0,1529,10158.9443359375,24.092857360839844
0,1530,15169.87890625,29.808971405029297
0,1531,9490.072265625,23.607009887695312
0,1532,7705.2890625,21.2016544342041
0,1533,10494.8818359375,25.051429748535156
0,1534,11091.0302734375,22.614938735961914
0,1535,9739.9140625,23.751306533813477
0,1536,16611.521484375,32.65702438354492
0,1537,8164.32666015625,21.403779983520508
0,1538,9789.5703125,25.63470458984375
0,1539,14313.03515625,31.337059020996094
0,1540,11080.1953125,28.243362426757812
0,1541,17634.236328125,35.52974319458008
0,1542,8658.7177734375,21.885560989379883
0,1543,13931.078125,27.296106338500977
0,1544,4786.59228515625,16.291990280151367
0,1545,13723.5810546875,30.549482345581055
0,1546,15676.7958984375,32.907264709472656
0,1547,12091.55078125,24.803396224975586
0,1548,19289.53515625,35.748138427734375
0,1549,14059.638671875,30.2901611328125
0,1550,18621.4375,33.514652252197266
0,1551,14939.4404296875,28.83500862121582
0,1552,12861.4375,29.410409927368164
0,1553,16152.90234375,33.37725067138672
0,1554,26675.40234375,41.96538162231445
0,1555,12445.330078125,28.339311599731445
0,1556,7896.470703125,21.173328399658203
0,1557,17669.89453125,37.131317138671875
0,1558,14961.505859375,30.576236724853516
0,1559,8004.4912109375,21.382078170776367
0,1560,4415.1162109375,16.45212173461914
0,1561,14281.3173828125,30.718311309814453
0,1562,12162.7646484375,27.72715187072754
0,1563,11853.134765625,27.964221954345703
0,1564,3330.845947265625,12.485183715820312
0,1565,17778.1171875,34.365421295166016
0,1566,10262.1845703125,26.385345458984375
0,1567,9759.7509765625,23.970722198486328
0,1568,17055.6484375,33.34313201904297
0,1569,5045.0224609375,15.199482917785645
0,1570,8360.6513671875,20.609037399291992
0,1571,7263.83544921875,21.82883071899414
0,1572,8861.71875,23.049903869628906
0,1573,21687.546875,38.68628692626953
0,1574,16440.857421875,33.93702697753906
0,1575,11884.439453125,26.869409561157227
0,1576,27843.849609375,47.14643096923828
0,1577,8746.69140625,21.031219482421875
0,1578,6136.6923828125,18.1452693939209
0,1579,6800.5771484375,19.56306266784668
0,1580,13047.302734375,30.794979095458984
0,1581,9181.7001953125,24.207515716552734
0,1582,15785.9013671875,31.11406898498535
0,1583,13732.3642578125,27.62216567993164
0,1584,6358.4755859375,17.1252498626709
0,1585,4786.45361328125,16.951759338378906
0,1586,16633.421875,31.11200714111328
0,1587,18790.3359375,35.810123443603516
0,1588,8997.3955078125,23.339035034179688
0,1589,7161.00341796875,19.64438247680664
0,1590,5382.78564453125,16.272151947021484
0,1591,4051.38134765625,15.88783073425293
0,1592,12316.4462890625,30.10589027404785
0,1593,5022.78466796875,17.877405166625977
0,1594,19808.078125,37.47560119628906
0,1595,20619.767578125,36.891937255859375
0,1596,19150.740234375,37.90586853027344
0,1597,17317.580078125,35.55740737915039
0,1598,9684.87109375,26.008140563964844
0,1599,5579.43310546875,18.31131362915039
0,1600,12983.318359375,25.185897827148438
0,1601,11115.83203125,27.484479904174805
0,1602,2301.4892578125,11.73731517791748
0,1603,22476.94140625,39.43278503417969
0,1604,6207.4970703125,18.656766891479492
0,1605,8035.15869140625,22.772106170654297
0,1606,10616.9140625,27.10661506652832
0,1607,15017.4521484375,32.05720901489258
0,1608,17475.0234375,33.04941177368164
0,1609,5179.74072265625,16.98550796508789
0,1610,12706.5625,24.371231079101562
0,1611,10461.1181640625,24.811281204223633
0,1612,16082.3642578125,33.33784103393555
0,1613,11722.3671875,27.17198944091797
0,1614,13503.2431640625,26.747474670410156
0,1615,17885.263671875,36.961936950683594
0,1616,7991.2646484375,23.684223175048828
0,1617,5449.3046875,18.786239624023438
0,1618,11930.75,28.87026023864746
0,1619,14159.412109375,30.927444458007812
0,1620,10637.802734375,26.524898529052734
0,1621,14681.181640625,32.34650421142578
0,1622,11494.990234375,26.84320831298828
0,1623,12523.1865234375,28.960033416748047
0,1624,20625.013671875,35.36003875732422
0,1625,4057.56201171875,15.05005168914795
0,1626,8541.716796875,22.9046688079834
0,1627,21154.322265625,40.36490249633789
0,1628,11955.6650390625,25.336631774902344
0,1629,13769.505859375,29.629249572753906
0,1630,9669.2177734375,23.931678771972656
0,1631,5871.4306640625,18.707523345947266
0,1632,6591.64892578125,18.29915428161621
0,1633,7076.478515625,20.437177658081055
0,1634,12769.98828125,29.565040588378906
0,1635,3865.725341796875,14.209149360656738
0,1636,12719.650390625,26.722047805786133
0,1637,12225.87890625,29.79768180847168
0,1638,3120.610595703125,13.440714836120605
0,1639,14424.3359375,32.676788330078125
0,1640,21019.3359375,36.42605209350586
0,1641,4347.12890625,15.915760040283203
0,1642,8132.9775390625,23.065471649169922
0,1643,12902.03125,28.280460357666016
0,1644,10216.2080078125,23.30078125
0,1645,11238.4951171875,25.09021759033203
0,1646,16828.68359375,32.536903381347656
0,1647,18492.36328125,37.948280334472656
0,1648,8305.1337890625,23.895856857299805
0,1649,6616.65966796875,18.32882308959961
0,1650,11335.6044921875,26.855443954467773
0,1651,13131.1796875,28.894262313842773
0,1652,13762.4580078125,30.91956901550293
0,1653,7076.64599609375,20.53458023071289
0,1654,15237.7119140625,32.43984603881836
0,1655,10332.4833984375,27.78844451904297
0,1656,6529.53515625,21.164581298828125
0,1657,10731.373046875,26.10537338256836
0,1658,7733.35986328125,18.445695877075195
0,1659,17480.177734375,35.205406188964844
0,1660,12811.013671875,27.573549270629883
0,1661,9931.6748046875,25.128583908081055
0,1662,8432.8203125,23.232913970947266
0,1663,15030.814453125,31.61766242980957
0,1664,20362.091796875,39.4887580871582
0,1665,9714.203125,25.324951171875
0,1666,13335.3369140625,31.333471298217773
0,1667,14627.857421875,28.297576904296875
0,1668,16122.705078125,35.034027099609375
0,1669,8659.556640625,24.181489944458008
0,1670,10756.25,28.066425323486328
0,1671,11769.6455078125,29.626941680908203
0,1672,14619.638671875,29.5435733795166
0,1673,13846.068359375,30.517269134521484
0,1674,15739.1982421875,33.00913619995117
0,1675,20143.59375,37.60469055175781
0,1676,11298.0693359375,26.062389373779297
0,1677,8944.5654296875,23.810794830322266
0,1678,14257.0,30.7340087890625
0,1679,10329.001953125,24.616907119750977
0,1680,14455.345703125,29.874130249023438
0,1681,14289.2763671875,30.667316436767578
0,1682,9556.4912109375,24.74646759033203
0,1683,11185.3818359375,28.158767700195312
0,1684,10467.240234375,27.55922508239746
0,1685,10973.32421875,24.959022521972656
0,1686,9488.763671875,23.626686096191406
0,1687,8725.44140625,20.921876907348633
0,1688,17861.806640625,31.908292770385742
0,1689,6123.12060546875,18.82528305053711
0,1690,18434.34375,36.88085174560547
0,1691,10218.767578125,22.177709579467773
0,1692,20903.404296875,40.11558532714844
0,1693,11423.7109375,27.141324996948242
0,1694,13453.0009765625,30.15056610107422
0,1695,8695.533203125,23.423234939575195
0,1696,9793.74609375,22.232881546020508
0,1697,8905.869140625,23.612239837646484
0,1698,7815.26513671875,22.016464233398438
0,1699,13630.9833984375,28.957805633544922
0,1700,3410.770263671875,14.07285213470459
0,1701,14539.6962890625,30.28011703491211
0,1702,13538.5732421875,26.995641708374023
0,1703,7568.771484375,21.51369857788086
0,1704,19293.595703125,36.07621765136719
0,1705,21088.763671875,40.06730270385742
0,1706,14357.0556640625,31.174610137939453
0,1707,11311.189453125,27.44818687438965
0,1708,18652.869140625,36.66131591796875
0,1709,17608.6875,34.75807571411133
0,1710,7277.603515625,18.706392288208008
0,1711,8407.4541015625,17.798236846923828
0,1712,10332.7587890625,25.711711883544922
0,1713,14192.0263671875,30.653919219970703
0,1714,15559.65234375,32.424068450927734
0,1715,11111.806640625,26.3785343170166
0,1716,15876.396484375,34.68389892578125
0,1717,9516.990234375,24.02064323425293
0,1718,10395.125,27.316452026367188
0,1719,5859.66796875,17.19587516784668
0,1720,13672.10546875,28.917200088500977
0,1721,9075.0078125,22.564971923828125
0,1722,12532.1455078125,27.884387969970703
0,1723,8378.1923828125,22.310361862182617
0,1724,13927.0439453125,29.079435348510742
0,1725,7194.68115234375,20.276491165161133
0,1726,9342.21484375,23.713756561279297
0,1727,8262.18359375,21.090574264526367
0,1728,17394.921875,34.81588363647461
0,1729,7775.8759765625,19.853134155273438
0,1730,9397.5673828125,22.900611877441406
0,1731,14377.5712890625,28.949634552001953
0,1732,11513.962890625,25.368881225585938
0,1733,15026.4921875,30.7520809173584
0,1734,7049.2314453125,21.010025024414062
0,1735,4885.23388671875,17.332000732421875
0,1736,12119.2568359375,28.704235076904297
0,1737,6961.1787109375,18.576507568359375
0,1738,15483.2412109375,29.043636322021484
0,1739,6678.021484375,19.927906036376953
0,1740,14633.3076171875,30.404430389404297
0,1741,6380.91015625,19.57973861694336
0,1742,15866.0986328125,33.0860710144043
0,1743,11267.3212890625,27.36529541015625
0,1744,10070.28125,24.747058868408203
0,1745,11384.6220703125,27.263511657714844
0,1746,4187.892578125,15.927122116088867
0,1747,8663.26171875,22.751789093017578
0,1748,10494.7373046875,24.854045867919922
0,1749,15472.875,30.63526725769043
0,1750,13456.97265625,30.540803909301758
0,1751,3752.732421875,13.963924407958984
0,1752,11365.4404296875,27.902759552001953
0,1753,9901.82421875,21.112308502197266
0,1754,19314.103515625,36.31938934326172
0,1755,8736.3388671875,24.6826114654541
0,1756,19037.765625,36.968196868896484
0,1757,8925.9970703125,24.12633514404297
0,1758,15989.728515625,29.64911460876465
0,1759,8221.4580078125,21.43838882446289
0,1760,9490.6328125,25.97635841369629
0,1761,5614.28564453125,17.213871002197266
0,1762,8337.603515625,21.307619094848633
0,1763,16111.9013671875,34.17108154296875
0,1764,10324.69921875,24.54897689819336
0,1765,13573.1806640625,28.453420639038086
0,1766,11801.583984375,27.383769989013672
0,1767,7251.3740234375,17.42352294921875
0,1768,10070.978515625,25.428354263305664
0,1769,9267.0849609375,24.827058792114258
0,1770,3651.14599609375,14.601984977722168
0,1771,17859.50390625,36.81325149536133
0,1772,12415.08984375,29.392498016357422
0,1773,15732.1767578125,29.766368865966797
0,1774,11321.3642578125,27.19295883178711
0,1775,7474.9462890625,21.804401397705078
0,1776,14123.822265625,31.82714080810547
0,1777,5584.2685546875,16.59962272644043
0,1778,16455.81640625,35.24793243408203
0,1779,8437.7666015625,23.694721221923828
0,1780,13970.818359375,32.32448959350586
0,1781,13646.7822265625,30.350048065185547
0,1782,10019.546875,23.771574020385742
0,1783,8505.6845703125,20.716278076171875
0,1784,8792.814453125,23.021631240844727
0,1785,13957.158203125,30.314651489257812
0,1786,15491.0283203125,30.71358871459961
0,1787,2910.644287109375,12.751416206359863
0,1788,13062.638671875,30.02413558959961
0,1789,12068.5068359375,29.035341262817383
0,1790,12303.546875,25.287609100341797
0,1791,9833.015625,24.47034454345703
0,1792,12184.7548828125,27.56608009338379
0,1793,12351.427734375,26.33827018737793
0,1794,15409.326171875,28.695831298828125
0,1795,7333.6328125,21.25627899169922
0,1796,16315.9111328125,31.539379119873047
0,1797,11365.09375,25.93801498413086
0,1798,10215.4697265625,25.306365966796875
0,1799,9547.638671875,23.113624572753906
0,1800,12507.7734375,28.37017250061035
0,1801,10785.72265625,24.588912963867188
0,1802,27684.931640625,46.42610168457031
0,1803,10170.751953125,23.283832550048828
0,1804,9199.154296875,24.299930572509766
0,1805,8876.337890625,23.53077507019043
0,1806,8789.4580078125,23.917770385742188
0,1807,9323.19140625,23.682052612304688
0,1808,12728.685546875,28.88120460510254
0,1809,14880.0537109375,30.382976531982422
0,1810,4277.03857421875,15.708391189575195
0,1811,4495.65625,16.295917510986328
0,1812,14104.2607421875,31.30419158935547
0,1813,18345.29296875,32.962196350097656
0,1814,3199.072265625,13.667654037475586
0,1815,7671.09912109375,20.470046997070312
0,1816,10586.1025390625,24.362213134765625
0,1817,10883.7509765625,25.019102096557617
0,1818,10483.6396484375,22.839136123657227
0,1819,16522.62890625,34.073707580566406
0,1820,3012.4072265625,12.483193397521973
0,1821,3496.056640625,14.771123886108398
0,1822,1725.576416015625,9.751553535461426
0,1823,9446.3056640625,24.238319396972656
0,1824,9947.5,22.20680046081543
0,1825,8657.810546875,22.89727210998535
0,1826,10460.373046875,21.493165969848633
0,1827,7288.06640625,20.836124420166016
0,1828,15283.3369140625,30.539077758789062
0,1829,19528.4296875,37.432315826416016
0,1830,9395.8740234375,24.006935119628906
0,1831,6804.5205078125,19.21851921081543
0,1832,11157.421875,28.753259658813477
0,1833,10648.265625,26.422765731811523
0,1834,7509.94140625,20.675783157348633
0,1835,13908.2509765625,29.193561553955078
0,1836,4622.79248046875,15.502363204956055
0,1837,13276.3447265625,29.453277587890625
0,1838,12043.3486328125,27.29098129272461
0,1839,5636.18115234375,17.2108154296875
0,1840,12461.740234375,28.686275482177734
0,1841,10330.365234375,24.86164665222168
0,1842,6643.62939453125,19.56468391418457
0,1843,11448.26953125,27.646677017211914
0,1844,7971.6015625,22.460779190063477
0,1845,10555.107421875,25.572418212890625
0,1846,5170.3701171875,16.091693878173828
0,1847,5527.845703125,17.29000473022461
0,1848,7947.4306640625,20.292423248291016
0,1849,11470.9853515625,28.362459182739258
0,1850,15306.8330078125,30.765066146850586
0,1851,7721.84716796875,22.57792854309082
0,1852,6007.37353515625,18.051372528076172
0,1853,15885.314453125,29.73817253112793
0,1854,16192.5439453125,30.726404190063477
0,1855,7028.9072265625,19.137104034423828
0,1856,7742.93505859375,19.712827682495117
0,1857,3569.265380859375,13.682796478271484
0,1858,9070.810546875,24.154508590698242
0,1859,7752.08544921875,21.615131378173828
0,1860,5831.27490234375,15.769828796386719
0,1861,15077.1748046875,31.281435012817383
0,1862,5472.6904296875,16.359546661376953
0,1863,9215.298828125,23.29474449157715
0,1864,12505.220703125,29.183435440063477
0,1865,6054.06982421875,19.040035247802734
0,1866,11226.111328125,27.470388412475586
0,1867,4753.880859375,16.593448638916016
0,1868,9771.4169921875,25.12879180908203
0,1869,7032.869140625,20.888566970825195
0,1870,14325.9716796875,31.568662643432617
0,1871,7459.8896484375,21.203083038330078
0,1872,16948.41015625,34.25632858276367
0,1873,9242.7236328125,25.21757698059082
0,1874,14317.73046875,29.842185974121094
0,1875,13643.9033203125,28.55526351928711
0,1876,11980.255859375,28.575759887695312
0,1877,9055.556640625,23.490169525146484
0,1878,9837.8349609375,25.405580520629883
0,1879,7430.6240234375,19.639013290405273
0,1880,6853.451171875,19.732881546020508
0,1881,17708.62109375,36.730926513671875
0,1882,17552.291015625,34.60429763793945
0,1883,5751.802734375,18.236927032470703
0,1884,13279.4248046875,29.557321548461914
0,1885,7634.65625,21.97479248046875
0,1886,11295.6083984375,23.91069221496582
0,1887,8410.529296875,22.283466339111328
0,1888,13206.123046875,28.746641159057617
0,1889,18094.90234375,36.6676139831543
0,1890,10032.8291015625,25.01273536682129
0,1891,16226.9951171875,31.27118682861328
0,1892,8834.873046875,23.06037712097168
0,1893,5158.9140625,16.997299194335938
0,1894,14097.4853515625,31.640789031982422
0,1895,9094.12890625,22.430042266845703
0,1896,12725.3603515625,29.02341079711914
0,1897,9094.6328125,18.85681915283203
0,1898,16744.62109375,35.40030288696289
0,1899,6110.927734375,19.292158126831055
0,1900,5876.5927734375,18.938133239746094
0,1901,2626.200439453125,11.73066520690918
0,1902,10846.294921875,24.74753189086914
0,1903,9467.7470703125,20.631677627563477
0,1904,18916.880859375,36.810768127441406
0,1905,12848.640625,26.692237854003906
0,1906,7806.88720703125,21.518409729003906
0,1907,13370.8916015625,30.489917755126953
0,1908,12225.8427734375,28.607166290283203
0,1909,7384.2197265625,19.225671768188477
0,1910,13069.369140625,29.496719360351562
0,1911,13984.890625,32.09739303588867
0,1912,11882.5732421875,27.666885375976562
0,1913,8623.3583984375,23.475522994995117
0,1914,14822.453125,31.947105407714844
0,1915,14745.1337890625,31.582319259643555
0,1916,3143.18115234375,12.099709510803223
0,1917,18235.208984375,35.56998825073242
0,1918,4839.9267578125,16.340740203857422
0,1919,7437.3515625,19.16118621826172
0,1920,14203.2021484375,28.998979568481445
0,1921,6407.85400390625,19.67719078063965
0,1922,15281.9912109375,31.43592071533203
0,1923,12392.904296875,26.453903198242188
0,1924,7376.701171875,21.867725372314453
0,1925,11987.763671875,28.04613494873047
0,1926,5610.27734375,16.574634552001953
0,1927,4018.72607421875,14.275918006896973
0,1928,13163.6376953125,28.142948150634766
0,1929,11015.1376953125,24.896263122558594
0,1930,12565.9365234375,27.50311279296875
0,1931,8501.8427734375,23.098583221435547
0,1932,4293.78076171875,14.409154891967773
0,1933,3062.064453125,11.814106941223145
0,1934,16488.67578125,32.54465866088867
0,1935,11786.4013671875,26.524032592773438
0,1936,23129.4375,41.79784393310547
0,1937,4576.72021484375,16.44071388244629
0,1938,5265.31005859375,17.293798446655273
0,1939,9718.12109375,24.780553817749023
0,1940,9472.6259765625,21.573871612548828
0,1941,7159.5498046875,18.96775245666504
0,1942,7993.74462890625,21.724132537841797
0,1943,8036.90478515625,20.921693801879883
0,1944,16173.265625,33.306026458740234
0,1945,12289.1806640625,26.99222183227539
0,1946,7950.5302734375,20.952110290527344
0,1947,3860.011474609375,14.435588836669922
0,1948,9011.974609375,23.791614532470703
0,1949,3956.640869140625,13.828813552856445
0,1950,9425.62109375,22.054821014404297
0,1951,9570.1875,23.958200454711914
0,1952,4569.23876953125,15.567644119262695
0,1953,12597.65625,26.54340171813965
0,1954,11347.888671875,25.59218978881836
0,1955,6639.3583984375,18.390172958374023
0,1956,9755.9228515625,24.267333984375
0,1957,13275.5517578125,27.552438735961914
0,1958,9091.00390625,23.511686325073242
0,1959,16195.4384765625,30.431901931762695
0,1960,7977.7685546875,21.629066467285156
0,1961,8185.916015625,21.004703521728516
0,1962,15791.1845703125,32.417171478271484
0,1963,10497.716796875,25.882556915283203
0,1964,5203.96533203125,17.002065658569336
0,1965,4003.27587890625,13.554072380065918
0,1966,10717.359375,25.651649475097656
0,1967,6686.49658203125,20.05565071105957
0,1968,10185.388671875,24.815000534057617
0,1969,11405.8798828125,25.824491500854492
0,1970,13791.87890625,31.015182495117188
0,1971,4729.88427734375,16.412294387817383
0,1972,5991.71240234375,18.635799407958984
0,1973,7011.85205078125,19.03911781311035
0,1974,16860.13671875,33.16010665893555
0,1975,8410.6396484375,20.978031158447266
0,1976,15080.3525390625,31.780431747436523
0,1977,6250.5166015625,16.36654281616211
0,1978,16316.818359375,30.223522186279297
0,1979,9637.2392578125,24.86644744873047
0,1980,21195.09765625,40.3709602355957
0,1981,3647.84521484375,12.51459789276123
0,1982,11874.9609375,27.035869598388672
0,1983,11142.90234375,26.197397232055664
0,1984,11490.1328125,26.249629974365234
0,1985,6550.9453125,19.775999069213867
0,1986,13175.4873046875,28.772106170654297
0,1987,6728.130859375,18.555715560913086
0,1988,3058.966796875,12.85451602935791
0,1989,7948.880859375,22.279932022094727
0,1990,7547.7265625,21.2967529296875
0,1991,8078.45458984375,20.230792999267578
0,1992,2540.521484375,12.387635231018066
0,1993,7130.9072265625,20.08324432373047
0,1994,8504.7529296875,22.964937210083008
0,1995,12343.001953125,25.84185028076172
0,1996,11797.9873046875,26.772785186767578
0,1997,8296.76171875,22.486560821533203
0,1998,8401.5556640625,20.93219566345215
0,1999,3845.35009765625,14.49931812286377
0,2000,11267.9814453125,26.400943756103516
0,2001,8887.9794921875,22.791032791137695
0,2002,16917.45703125,33.844905853271484
0,2003,9687.4013671875,25.41539764404297
0,2004,14012.33203125,29.252531051635742
0,2005,14490.185546875,32.812164306640625
0,2006,11514.775390625,27.41042137145996
0,2007,3272.602294921875,13.326361656188965
0,2008,11205.966796875,27.57745361328125
0,2009,19314.7421875,35.33279800415039
0,2010,13485.392578125,30.64715003967285
0,2011,5728.0576171875,16.556446075439453
0,2012,3688.878662109375,14.031415939331055
0,2013,5459.0947265625,16.15521812438965
0,2014,1676.228759765625,9.024260520935059
0,2015,7916.1494140625,19.52005386352539
0,2016,11370.5029296875,25.65033531188965
0,2017,9531.451171875,23.86550521850586
0,2018,10575.310546875,25.492849349975586
0,2019,9041.404296875,22.431034088134766
0,2020,12571.1083984375,28.249237060546875
0,2021,11129.0224609375,27.181217193603516
0,2022,3556.6962890625,13.445160865783691
0,2023,8819.95703125,22.213088989257812
0,2024,12244.9150390625,27.273029327392578
0,2025,3422.391357421875,13.470510482788086
0,2026,12128.3779296875,26.98344612121582
0,2027,8238.1083984375,20.83521270751953
0,2028,18032.318359375,32.271549224853516
0,2029,11757.279296875,26.830821990966797
0,2030,4981.68505859375,16.577085494995117
0,2031,5653.07275390625,17.61876678466797
0,2032,8560.3125,22.225135803222656
0,2033,8535.1953125,22.2188720703125
0,2034,9797.525390625,22.59462547302246
0,2035,6861.7314453125,19.389925003051758
0,2036,4145.55029296875,14.885048866271973
0,2037,8320.11328125,20.406282424926758
0,2038,7804.5166015625,21.393863677978516
0,2039,6263.5947265625,19.227022171020508
0,2040,8037.03369140625,21.30066680908203
0,2041,15008.916015625,30.516305923461914
0,2042,9923.0849609375,23.399383544921875
0,2043,6906.3505859375,18.53701400756836
0,2044,8117.0517578125,20.856048583984375
0,2045,4600.01953125,16.240530014038086
0,2046,12930.109375,28.7720947265625
0,2047,8045.927734375,22.21886444091797
0,2048,16982.767578125,33.7592887878418
0,2049,13717.9541015625,30.68240737915039
0,2050,5340.19921875,17.711456298828125
0,2051,13973.6171875,30.38885498046875
0,2052,6790.85009765625,19.297136306762695
0,2053,12312.5732421875,26.127843856811523
0,2054,2967.689208984375,12.306415557861328
0,2055,11119.466796875,24.147958755493164
0,2056,8942.9853515625,24.12201499938965
0,2057,12158.9091796875,27.333105087280273
0,2058,11345.583984375,27.19956398010254
0,2059,3214.93115234375,13.76988697052002
0,2060,10088.1630859375,26.012916564941406
0,2061,2366.384765625,11.000353813171387
0,2062,11042.734375,26.085369110107422
0,2063,5248.021484375,17.228822708129883
0,2064,12678.021484375,28.874940872192383
0,2065,23017.908203125,40.8087158203125
0,2066,13787.669921875,29.862836837768555
0,2067,12510.12109375,29.49217987060547
0,2068,7750.1171875,21.55024528503418
0,2069,9458.740234375,22.49186134338379
0,2070,6368.83251953125,19.287065505981445
0,2071,8011.04296875,20.082063674926758
0,2072,6479.0703125,17.716955184936523
0,2073,11788.310546875,25.241451263427734
0,2074,2789.3515625,12.507819175720215
0,2075,4985.75048828125,14.507341384887695
0,2076,12760.826171875,29.24869155883789
0,2077,9234.6171875,23.703693389892578
0,2078,7684.1083984375,19.615468978881836
0,2079,8481.1416015625,22.621234893798828
0,2080,10595.607421875,25.900588989257812
0,2081,8228.0078125,21.826663970947266
0,2082,12671.4296875,28.47585678100586
0,2083,8927.6240234375,23.302318572998047
0,2084,16981.66015625,33.3370246887207
0,2085,6384.962890625,17.617691040039062
0,2086,9260.345703125,21.830537796020508
0,2087,5929.07080078125,16.836498260498047
0,2088,12350.5263671875,28.239177703857422
0,2089,4037.957275390625,14.19580078125
0,2090,14402.2998046875,30.434995651245117
0,2091,7249.17724609375,19.909793853759766
0,2092,12807.6552734375,28.94631004333496
0,2093,4362.529296875,14.747686386108398
0,2094,7940.6630859375,21.84517478942871
0,2095,14009.9560546875,28.312191009521484
0,2096,13551.5205078125,28.993337631225586
0,2097,9460.341796875,23.306251525878906
0,2098,10075.75,25.7542667388916
0,2099,8789.921875,22.644994735717773
0,2100,11119.77734375,25.53931999206543
0,2101,15808.3916015625,33.11677551269531
0,2102,1874.96826171875,9.766460418701172
0,2103,14699.52734375,28.509870529174805
0,2104,7768.12841796875,21.165565490722656
0,2105,10006.9130859375,22.874401092529297
0,2106,6987.99560546875,19.083162307739258
0,2107,7657.56884765625,20.997814178466797
0,2108,7803.78173828125,19.53331756591797
0,2109,14331.3798828125,31.67572021484375
0,2110,7638.83349609375,21.364992141723633
0,2111,11521.4443359375,22.941844940185547
0,2112,4853.6826171875,15.367798805236816
0,2113,8625.1123046875,19.771713256835938
0,2114,11442.7177734375,24.491342544555664
0,2115,5232.55078125,16.684946060180664
0,2116,4523.3974609375,15.272727012634277
0,2117,8720.5478515625,22.120136260986328
0,2118,12225.376953125,28.92934799194336
0,2119,5533.32421875,17.321985244750977
0,2120,7065.06201171875,20.178552627563477
0,2121,7988.65625,19.376811981201172
0,2122,8474.017578125,23.02288055419922
0,2123,9742.578125,24.56477165222168
0,2124,11050.65625,25.459009170532227
0,2125,1993.4696044921875,9.940853118896484
0,2126,6024.8291015625,16.003509521484375
0,2127,8270.89453125,21.090654373168945
0,2128,12792.30859375,27.405376434326172
0,2129,3553.161376953125,13.916692733764648
0,2130,13444.041015625,28.167823791503906
0,2131,16179.3720703125,32.10064697265625
0,2132,3883.2939453125,13.880389213562012
0,2133,4866.5380859375,15.571111679077148
0,2134,17163.42578125,35.70796203613281
0,2135,9028.619140625,22.02008056640625
0,2136,6826.361328125,20.061664581298828
0,2137,8719.724609375,23.42485809326172
0,2138,5885.07763671875,16.562530517578125
0,2139,7142.7451171875,20.564189910888672
0,2140,8509.7998046875,19.36528205871582
0,2141,9295.6552734375,21.763683319091797
0,2142,11745.0048828125,24.617053985595703
0,2143,10330.388671875,24.299972534179688
0,2144,9338.7451171875,23.862764358520508
0,2145,12027.1162109375,28.4014949798584
0,2146,11167.0732421875,25.352088928222656
0,2147,6408.81298828125,19.842548370361328
0,2148,3232.89208984375,12.432966232299805
0,2149,11447.8525390625,26.148019790649414
0,2150,9371.189453125,23.700532913208008
0,2151,1633.194091796875,8.19510555267334
0,2152,18213.169921875,32.89678192138672
0,2153,7366.90478515625,19.810699462890625
0,2154,9095.9228515625,22.66510772705078
0,2155,8451.0087890625,19.477893829345703
0,2156,10200.763671875,23.8837947845459
0,2157,6104.95361328125,17.05240249633789
0,2158,2202.4833984375,10.489184379577637
0,2159,14294.7607421875,28.357179641723633
0,2160,11703.3427734375,26.797588348388672
0,2161,11283.919921875,23.35491180419922
0,2162,8952.267578125,22.36296844482422
0,2163,5404.27978515625,17.261783599853516
0,2164,12581.6015625,26.349571228027344
0,2165,12667.6494140625,28.36181640625
0,2166,7941.39453125,21.850933074951172
0,2167,8760.0634765625,21.212966918945312
0,2168,10962.984375,25.987930297851562
0,2169,6682.57177734375,19.557018280029297
0,2170,10617.6572265625,24.1378173828125
0,2171,7851.4853515625,20.133695602416992
0,2172,6206.42529296875,16.723527908325195
0,2173,5638.59375,15.758462905883789
0,2174,12635.8251953125,27.473304748535156
0,2175,17355.39453125,33.59440994262695
0,2176,5909.43408203125,18.086442947387695
0,2177,19914.5703125,38.08167266845703
0,2178,10570.0185546875,26.020538330078125
0,2179,9723.7421875,24.76612091064453
0,2180,6188.87744140625,18.936063766479492
0,2181,6645.15966796875,18.800939559936523
0,2182,3980.406005859375,13.499699592590332
0,2183,14560.802734375,28.169652938842773
0,2184,3946.6748046875,14.062408447265625
0,2185,14479.3076171875,31.187665939331055
0,2186,3928.3623046875,14.026451110839844
0,2187,6956.2880859375,18.615028381347656
0,2188,8530.775390625,22.005735397338867
0,2189,10398.8681640625,24.663047790527344
0,2190,9019.26171875,22.440465927124023
0,2191,4737.08349609375,15.585477828979492
0,2192,6839.7939453125,18.679759979248047
0,2193,8662.0068359375,19.86117935180664
0,2194,3759.115478515625,13.792675018310547
0,2195,2432.62939453125,10.96253490447998
0,2196,5563.99951171875,17.86172866821289
0,2197,3384.22509765625,13.57065486907959
0,2198,9123.4951171875,21.534727096557617
0,2199,5672.0732421875,15.564273834228516
0,2200,11872.3125,27.234214782714844
0,2201,17868.119140625,34.30177307128906
0,2202,4719.91796875,15.374027252197266
0,2203,7880.2705078125,21.253753662109375
0,2204,6731.3720703125,19.228116989135742
0,2205,4187.43798828125,14.526934623718262
0,2206,10697.1474609375,25.287185668945312
0,2207,7848.96484375,19.73650550842285
0,2208,9205.6943359375,22.46088409423828
0,2209,10558.6826171875,23.794376373291016
0,2210,9383.646484375,23.751901626586914
0,2211,6536.06396484375,19.515419006347656
0,2212,9276.2744140625,21.27264976501465
0,2213,4517.2841796875,14.838543891906738
0,2214,3430.41796875,13.521843910217285
0,2215,9259.5185546875,22.528728485107422
0,2216,5408.40771484375,16.20216178894043
0,2217,9788.4873046875,24.180601119995117
0,2218,8534.134765625,22.763269424438477
0,2219,3952.94091796875,13.609736442565918
0,2220,4003.44580078125,14.539956092834473
0,2221,5098.69873046875,16.003263473510742
0,2222,11963.896484375,26.50040054321289
0,2223,6751.19091796875,15.073594093322754
0,2224,6566.49560546875,16.041833877563477
0,2225,8438.3154296875,20.235675811767578
0,2226,5990.9306640625,17.192241668701172
0,2227,10105.43359375,23.764617919921875
0,2228,9976.4697265625,24.401508331298828
0,2229,10191.17578125,22.493091583251953
0,2230,4378.654296875,14.274476051330566
0,2231,18955.91015625,35.20355224609375
0,2232,5939.1806640625,17.46352195739746
0,2233,9747.619140625,24.459510803222656
0,2234,5184.93212890625,15.062020301818848
0,2235,5241.296875,16.168014526367188
0,2236,8754.3857421875,20.5241756439209
0,2237,9683.341796875,22.270601272583008
0,2238,4239.93212890625,14.578937530517578
0,2239,3674.110595703125,10.592306137084961
0,2240,4533.57373046875,15.265689849853516
0,2241,5346.89697265625,17.229286193847656
0,2242,2317.934326171875,10.973690032958984
0,2243,12372.9443359375,28.6214656829834
0,2244,12911.740234375,27.880464553833008
0,2245,6927.39306640625,18.78170394897461
0,2246,9262.11328125,21.825332641601562
0,2247,5384.158203125,17.30820083618164
0,2248,13684.0546875,28.8575496673584
0,2249,8655.544921875,19.982688903808594
0,2250,6389.1884765625,17.994375228881836
0,2251,6914.3994140625,16.99074363708496
0,2252,10995.076171875,25.9720401763916
0,2253,4408.43896484375,13.746331214904785
0,2254,5554.01318359375,15.441728591918945
0,2255,2885.942626953125,11.2066011428833
0,2256,4369.412109375,14.816844940185547
0,2257,9704.95703125,22.14856719970703
0,2258,8635.3662109375,20.994300842285156
0,2259,7211.75,19.999876022338867
0,2260,4297.53271484375,14.726099014282227
0,2261,12320.37109375,28.732925415039062
0,2262,2507.4609375,9.642557144165039
0,2263,5900.2548828125,17.16547966003418
0,2264,3708.723388671875,12.482063293457031
0,2265,10481.76953125,24.885358810424805
0,2266,6274.78369140625,18.302282333374023
0,2267,2307.416015625,10.12539291381836
0,2268,4684.89697265625,14.33017349243164
0,2269,10028.9306640625,22.82263946533203
0,2270,9022.0234375,20.000606536865234
0,2271,10039.896484375,24.915908813476562
0,2272,6195.8525390625,17.96872329711914
0,2273,5139.47021484375,16.615825653076172
0,2274,2843.050048828125,11.580218315124512
0,2275,14602.0517578125,29.888916015625
0,2276,12050.95703125,25.570486068725586
0,2277,8026.1845703125,19.76983070373535
0,2278,7381.84130859375,18.602882385253906
0,2279,6947.05419921875,16.4498348236084
0,2280,14565.3359375,29.84702491760254
0,2281,5922.85009765625,17.23540687561035
0,2282,8327.521484375,21.99964141845703
0,2283,11505.4248046875,26.779178619384766
0,2284,5296.91162109375,16.669677734375
0,2285,6842.56396484375,17.98965835571289
0,2286,7890.5439453125,20.811708450317383
0,2287,5296.7744140625,16.316757202148438
0,2288,5746.3701171875,15.396121978759766
0,2289,4133.953125,12.62990665435791
0,2290,5771.2353515625,17.646974563598633
0,2291,5583.5654296875,16.88711166381836
0,2292,1541.78515625,9.079898834228516
0,2293,10557.349609375,24.481876373291016
0,2294,11717.2734375,23.862886428833008
0,2295,4467.90625,14.785013198852539
0,2296,7375.68408203125,19.090715408325195
0,2297,7250.51025390625,20.62273597717285
0,2298,5552.53857421875,17.05856704711914
0,2299,5227.3642578125,15.808977127075195
0,2300,6898.83203125,18.634788513183594
0,2301,5233.60986328125,15.825213432312012
0,2302,7130.61767578125,18.790115356445312
0,2303,10431.4677734375,21.812480926513672
0,2304,10319.44140625,23.132476806640625
0,2305,884.7501220703125,6.255153656005859
0,2306,7334.8818359375,18.789350509643555
0,2307,6302.03955078125,17.75133514404297
0,2308,10962.6259765625,25.5650577545166
0,2309,11734.7734375,27.244964599609375
0,2310,7679.17236328125,19.646442413330078
0,2311,11475.8125,25.95408821105957
0,2312,12800.0625,26.991151809692383
0,2313,5820.76025390625,16.042339324951172
0,2314,13812.6923828125,29.254825592041016
0,2315,11423.3779296875,25.40999412536621
0,2316,7921.21240234375,20.860977172851562
0,2317,11152.662109375,24.75579833984375
0,2318,5978.81591796875,17.3145809173584
0,2319,4045.376708984375,13.143058776855469
0,2320,7442.7587890625,19.131134033203125
0,2321,3900.1865234375,12.766765594482422
0,2322,5643.955078125,15.458197593688965
0,2323,8064.1162109375,21.603164672851562
0,2324,8218.2734375,19.807231903076172
0,2325,7228.9189453125,19.944490432739258
0,2326,6973.0146484375,18.967247009277344
0,2327,5920.51611328125,16.094493865966797
0,2328,4481.1572265625,15.009004592895508
0,2329,4939.4951171875,15.159688949584961
0,2330,13533.654296875,28.60132598876953
0,2331,8670.21875,21.86778450012207
0,2332,9357.2666015625,22.23064613342285
0,2333,6047.67529296875,17.490406036376953
0,2334,8063.64013671875,21.288410186767578
0,2335,7772.92529296875,20.26714515686035
0,2336,6700.9111328125,18.364179611206055
0,2337,2488.818359375,10.871200561523438
0,2338,5798.171875,16.27276611328125
0,2339,13158.197265625,29.343015670776367
0,2340,14678.0556640625,30.056514739990234
0,2341,6323.0322265625,15.515962600708008
0,2342,11377.4013671875,24.123140335083008
0,2343,7396.279296875,16.93044662475586
0,2344,5919.66259765625,17.636859893798828
0,2345,6115.2900390625,16.27301788330078
0,2346,5839.67333984375,17.06395149230957
0,2347,2771.75439453125,10.993497848510742
0,2348,7198.64453125,20.20475959777832
0,2349,7736.3134765625,18.721296310424805
0,2350,2989.802734375,11.409567832946777
0,2351,13971.3154296875,28.444847106933594
0,2352,4725.32373046875,12.916747093200684
0,2353,10357.21484375,23.89580726623535
0,2354,6277.77734375,17.729633331298828
0,2355,3939.171630859375,12.610929489135742
0,2356,5880.33056640625,16.557052612304688
0,2357,9270.5830078125,22.64460563659668
0,2358,8024.0556640625,19.259723663330078
0,2359,6112.97705078125,17.759248733520508
0,2360,9109.2431640625,22.57729148864746
0,2361,7311.8759765625,20.158363342285156
0,2362,9390.4765625,22.761831283569336
0,2363,7875.294921875,20.77944564819336
0,2364,4109.85546875,13.772475242614746
0,2365,7804.30615234375,20.03530502319336
0,2366,5824.9638671875,14.598912239074707
0,2367,12570.369140625,26.526321411132812
0,2368,4428.53369140625,13.684762954711914
0,2369,1644.417724609375,9.209941864013672
0,2370,5935.65234375,17.025001525878906
0,2371,6235.82763671875,17.764358520507812
0,2372,8807.4833984375,22.033607482910156
0,2373,6769.7509765625,16.560821533203125
0,2374,7282.34912109375,19.569568634033203
0,2375,8030.84716796875,20.008495330810547
0,2376,3411.09033203125,12.383857727050781
0,2377,4981.48095703125,13.928619384765625
0,2378,6469.50244140625,18.099899291992188
0,2379,7584.931640625,19.46872901916504
0,2380,9229.138671875,23.455406188964844
0,2381,5080.56298828125,16.61477279663086
0,2382,4399.0087890625,14.582398414611816
0,2383,7896.57763671875,19.53656005859375
0,2384,5237.72216796875,16.561614990234375
0,2385,7175.873046875,16.648971557617188
0,2386,5660.54541015625,14.994675636291504
0,2387,4362.17578125,13.703147888183594
0,2388,9432.765625,22.572551727294922
0,2389,5416.7060546875,14.735974311828613
0,2390,11225.703125,25.526168823242188
0,2391,14218.4599609375,29.188556671142578
0,2392,6908.74560546875,17.880043029785156
0,2393,4676.76220703125,15.300914764404297
0,2394,7111.341796875,17.9202880859375
0,2395,8872.7109375,22.445064544677734
0,2396,14742.7783203125,28.333606719970703
0,2397,3202.60986328125,11.800424575805664
0,2398,6748.44873046875,19.25979232788086
0,2399,6891.62109375,18.134119033813477
0,2400,7585.1201171875,19.274839401245117
0,2401,4083.63232421875,13.70898151397705
0,2402,8292.9423828125,20.366939544677734
0,2403,4749.1875,15.544791221618652
0,2404,5321.46728515625,15.313858032226562
0,2405,7019.5302734375,19.525339126586914
0,2406,6521.24462890625,18.17243003845215
0,2407,3206.07568359375,12.05919075012207
0,2408,7300.9365234375,19.449636459350586
0,2409,5896.54052734375,15.157304763793945
0,2410,10788.2763671875,23.687129974365234
0,2411,4595.291015625,15.30345344543457
0,2412,4680.74462890625,14.857647895812988
0,2413,6280.67431640625,17.366703033447266
0,2414,10033.736328125,24.297470092773438
0,2415,6028.70751953125,16.38775634765625
0,2416,2649.53515625,10.384025573730469
0,2417,4067.6572265625,13.73243522644043
0,2418,8992.4921875,23.054405212402344
0,2419,6242.6904296875,17.73813247680664
0,2420,8499.82421875,21.854740142822266
0,2421,3257.376708984375,12.375548362731934
0,2422,4507.17822265625,15.577308654785156
0,2423,3945.220703125,13.401188850402832
0,2424,5429.74755859375,16.04313850402832
0,2425,10356.21484375,24.931882858276367
0,2426,14234.732421875,28.8703556060791
0,2427,7290.95068359375,18.423452377319336
0,2428,11257.9365234375,24.949359893798828
0,2429,10515.63671875,24.129186630249023
0,2430,4550.71630859375,14.094806671142578
0,2431,5438.42724609375,17.0577449798584
0,2432,5486.65185546875,15.467998504638672
0,2433,5624.8447265625,16.35536003112793
0,2434,9362.5087890625,21.432369232177734
0,2435,6569.89892578125,18.637693405151367
0,2436,9767.001953125,22.955961227416992
0,2437,9284.568359375,22.08162498474121
0,2438,1891.384521484375,9.712389945983887
0,2439,13383.751953125,26.760793685913086
0,2440,2786.82958984375,11.4940767288208
0,2441,9221.958984375,22.72993278503418
0,2442,3027.270263671875,11.33648681640625
0,2443,6646.3369140625,18.36790657043457
0,2444,8257.169921875,20.281078338623047
0,2445,12104.228515625,26.019229888916016
0,2446,8142.46826171875,19.908273696899414
0,2447,5435.908203125,15.729073524475098
0,2448,8317.654296875,21.306684494018555
0,2449,5196.470703125,15.001008987426758
0,2450,8439.2109375,20.070571899414062
0,2451,6250.7958984375,17.13903045654297
0,2452,4194.33740234375,13.550743103027344
0,2453,6145.92529296875,17.06414222717285
0,2454,3088.5615234375,11.556620597839355
0,2455,8561.4140625,18.965543746948242
0,2456,10755.5166015625,24.396650314331055
0,2457,6005.1318359375,16.938364028930664
0,2458,4562.6044921875,13.513863563537598
0,2459,3106.904296875,11.40179443359375
0,2460,5576.7646484375,16.958011627197266
0,2461,7115.91357421875,18.26628875732422
0,2462,3787.210693359375,13.700760841369629
0,2463,10114.537109375,23.50851821899414
0,2464,2231.30419921875,9.588830947875977
0,2465,7012.9365234375,19.404094696044922
0,2466,3905.629150390625,13.194141387939453
0,2467,5683.2763671875,17.248010635375977
0,2468,7334.77783203125,19.072336196899414
0,2469,4001.357666015625,13.24124813079834
0,2470,6095.68603515625,16.835723876953125
0,2471,4038.473876953125,13.2396879196167
0,2472,8129.796875,21.399593353271484
0,2473,4470.4404296875,14.842489242553711
0,2474,10770.125,22.576879501342773
0,2475,12211.7001953125,27.20755958557129
0,2476,15595.1201171875,31.729400634765625
0,2477,5394.49609375,16.5228214263916
0,2478,6720.697265625,17.482152938842773
0,2479,11476.9130859375,26.015180587768555
0,2480,12665.216796875,27.635168075561523
0,2481,3579.820068359375,12.413466453552246
0,2482,7490.13232421875,20.305301666259766
0,2483,14289.779296875,30.21892547607422
0,2484,4706.0185546875,15.436280250549316
0,2485,2648.80322265625,11.7184476852417
0,2486,4530.3095703125,14.134389877319336
0,2487,4594.3896484375,13.54338264465332
0,2488,4877.23486328125,15.406492233276367
0,2489,7515.42333984375,20.148839950561523
0,2490,4172.92724609375,14.441353797912598
0,2491,4375.6044921875,14.72092056274414
0,2492,8420.3837890625,20.04801368713379
0,2493,9389.072265625,21.7440128326416
0,2494,10919.5458984375,24.903404235839844
0,2495,4309.1884765625,13.032804489135742
0,2496,7247.7275390625,19.732261657714844
0,2497,13160.849609375,25.825794219970703
0,2498,10867.466796875,23.31143569946289
0,2499,5372.95263671875,15.41317367553711
0,2500,6172.76708984375,18.200149536132812
0,2501,5062.28466796875,15.468902587890625
0,2502,4466.7724609375,12.908723831176758
0,2503,6566.560546875,17.335521697998047
0,2504,8956.921875,22.957876205444336
0,2505,7638.62060546875,17.67975425720215
0,2506,6929.5791015625,19.255300521850586
0,2507,5720.041015625,16.287559509277344
0,2508,4358.57763671875,14.310186386108398
0,2509,6297.03662109375,16.58531951904297
0,2510,3226.94287109375,11.837892532348633
0,2511,6676.30517578125,18.283023834228516
0,2512,8240.80078125,20.24890899658203
0,2513,4416.77783203125,14.790726661682129
0,2514,4365.63037109375,13.620060920715332
0,2515,5592.478515625,17.08234405517578
0,2516,7320.3369140625,18.299243927001953
0,2517,7401.63134765625,18.841611862182617
0,2518,2794.4482421875,11.834383010864258
0,2519,2973.784423828125,11.102163314819336
0,2520,6662.4873046875,18.103673934936523
0,2521,3072.110595703125,11.243939399719238
0,2522,2444.87255859375,10.152091026306152
0,2523,5408.09912109375,15.834259986877441
0,2524,10132.5888671875,24.441898345947266
0,2525,3307.45556640625,11.832818984985352
0,2526,3245.71533203125,11.759655952453613
0,2527,7365.5654296875,18.666540145874023
0,2528,5156.59228515625,15.648700714111328
0,2529,4815.30029296875,14.402104377746582
0,2530,5164.12841796875,15.632669448852539
0,2531,4743.9130859375,14.533595085144043
0,2532,1952.3056640625,9.334198951721191
0,2533,5801.30517578125,16.03594207763672
0,2534,5004.82666015625,15.67024040222168
0,2535,6349.79150390625,15.763527870178223
0,2536,4967.74755859375,14.268430709838867
0,2537,6847.23291015625,17.422199249267578
0,2538,13243.068359375,28.087631225585938
0,2539,6810.18359375,17.89541244506836
0,2540,6855.94384765625,18.794876098632812
0,2541,6596.275390625,17.18027114868164
0,2542,3900.768310546875,12.099440574645996
0,2543,4206.4970703125,12.785213470458984
0,2544,12219.2109375,27.007049560546875
0,2545,7437.11865234375,19.992340087890625
0,2546,8153.80810546875,20.131834030151367
0,2547,5257.22607421875,14.508139610290527
0,2548,4694.2119140625,13.661139488220215
0,2549,7900.33447265625,18.75543975830078
0,2550,9817.5283203125,23.990446090698242
0,2551,7139.91650390625,18.319089889526367
0,2552,6992.73876953125,18.597305297851562
0,2553,3746.34033203125,13.09765911102295
0,2554,3199.074462890625,11.694317817687988
0,2555,5219.50537109375,15.352148056030273
0,2556,6517.45947265625,18.696842193603516
0,2557,7217.71533203125,18.59498405456543
0,2558,8606.59375,21.58218002319336
0,2559,12018.0615234375,26.15245819091797
0,2560,4959.31201171875,14.621753692626953
0,2561,6821.95556640625,17.580181121826172
0,2562,7659.853515625,20.339435577392578
0,2563,6630.9482421875,18.16781234741211
0,2564,8816.646484375,20.79840660095215
0,2565,3251.4931640625,12.18853759765625
0,2566,7443.17529296875,18.321311950683594
0,2567,5242.95263671875,15.728336334228516
0,2568,9020.982421875,19.092693328857422
0,2569,3284.75439453125,12.138046264648438
0,2570,5686.8447265625,15.377882957458496
0,2571,12237.943359375,24.974536895751953
0,2572,4887.00927734375,13.71253490447998
0,2573,12608.55078125,26.226137161254883
0,2574,7593.37646484375,17.994388580322266
0,2575,6570.29541015625,17.479747772216797
0,2576,5250.748046875,16.024980545043945
0,2577,4201.716796875,13.663866996765137
0,2578,4106.9833984375,12.449393272399902
0,2579,5395.0205078125,16.681211471557617
0,2580,8574.3017578125,20.757526397705078
0,2581,5765.181640625,17.28545379638672
0,2582,3380.759765625,11.411626815795898
0,2583,6561.4482421875,17.95078468322754
0,2584,5647.08935546875,16.07232093811035
0,2585,5924.0947265625,16.938478469848633
0,2586,4603.5322265625,14.120553970336914
0,2587,5593.23681640625,15.758073806762695
0,2588,7915.0458984375,20.732101440429688
0,2589,4434.0341796875,13.567657470703125
0,2590,7351.3779296875,19.705394744873047
0,2591,5091.4501953125,15.0203857421875
0,2592,1327.841796875,7.755675315856934
0,2593,7969.60595703125,18.2606143951416
0,2594,3285.027099609375,12.374427795410156
0,2595,6113.51416015625,17.543033599853516
0,2596,10867.0009765625,24.14500617980957
0,2597,8999.3603515625,21.553876876831055
0,2598,8601.3349609375,21.617326736450195
0,2599,5347.125,13.8055419921875
0,2600,5682.48583984375,16.185352325439453
0,2601,7752.30029296875,20.098398208618164
0,2602,8740.517578125,21.151634216308594
0,2603,4516.3798828125,13.22208309173584
0,2604,1939.7667236328125,8.790190696716309
0,2605,5616.61181640625,15.647601127624512
0,2606,7505.966796875,18.611343383789062
0,2607,6514.38330078125,15.944528579711914
0,2608,7030.7119140625,18.47962760925293
0,2609,8519.857421875,21.56523895263672
0,2610,2154.161865234375,8.995777130126953
0,2611,9815.2265625,23.31479263305664
0,2612,5131.3701171875,15.030943870544434
0,2613,941.1944580078125,6.8581743240356445
0,2614,6270.5419921875,15.324682235717773
0,2615,7535.84130859375,19.208511352539062
0,2616,2779.2578125,10.328691482543945
0,2617,8040.66845703125,19.641481399536133
0,2618,7362.81591796875,19.49734115600586
0,2619,5850.2578125,15.771758079528809
0,2620,4604.92138671875,14.226622581481934
0,2621,1200.8623046875,6.79524564743042
0,2622,5421.33544921875,15.974279403686523
0,2623,4443.03466796875,14.850778579711914
0,2624,2928.076416015625,11.448970794677734
0,2625,3006.871826171875,11.277816772460938
0,2626,14115.6591796875,29.840381622314453
0,2627,2830.537841796875,11.1394624710083
0,2628,10426.2548828125,21.784378051757812
0,2629,4664.75244140625,13.97527027130127
0,2630,5369.619140625,15.294588088989258
0,2631,8917.302734375,22.483409881591797
0,2632,5685.8662109375,16.613317489624023
0,2633,5813.7333984375,16.48866081237793
0,2634,9487.697265625,22.751575469970703
0,2635,3391.6259765625,11.689306259155273
0,2636,7934.3046875,19.64969253540039
0,2637,4018.366943359375,12.413077354431152
0,2638,7565.4833984375,19.86680793762207
0,2639,5852.7119140625,16.509916305541992
0,2640,5965.3798828125,16.524398803710938
0,2641,2552.32666015625,9.998743057250977
0,2642,2195.73876953125,10.664847373962402
0,2643,5998.62109375,16.914752960205078
0,2644,4804.572265625,15.066963195800781
0,2645,3511.6494140625,12.588979721069336
0,2646,4250.7216796875,13.750317573547363
0,2647,7012.80029296875,18.27849006652832
0,2648,6935.3671875,16.9171199798584
0,2649,3250.265869140625,10.808860778808594
0,2650,1964.40478515625,8.482683181762695
0,2651,5058.583984375,14.338035583496094
0,2652,2749.599609375,10.104324340820312
0,2653,6901.93701171875,18.205223083496094
0,2654,7927.41455078125,19.949440002441406
0,2655,5085.1796875,14.4201021194458
0,2656,4002.093505859375,12.206476211547852
0,2657,2998.89111328125,10.889066696166992
0,2658,7916.34814453125,20.124370574951172
0,2659,6736.14501953125,17.483522415161133
0,2660,3011.60986328125,11.090721130371094
0,2661,12752.216796875,27.135902404785156
0,2662,6124.3935546875,16.74502944946289
0,2663,8776.970703125,21.9766902923584
0,2664,4094.454345703125,13.381150245666504
0,2665,10546.6630859375,24.30879783630371
0,2666,7264.9384765625,16.54642105102539
0,2667,3901.523681640625,13.347285270690918
0,2668,9928.0498046875,22.0047550201416
0,2669,5129.34765625,13.859916687011719
0,2670,8866.5927734375,21.62947654724121
0,2671,3065.31982421875,11.668049812316895
0,2672,3932.730224609375,13.241643905639648
0,2673,1660.4393310546875,8.704171180725098
0,2674,5318.22265625,15.399433135986328
0,2675,5360.40185546875,15.073807716369629
0,2676,3323.341064453125,10.645214080810547
0,2677,7185.23583984375,18.70318603515625
0,2678,3520.114990234375,12.275477409362793
0,2679,4579.2919921875,14.240951538085938
0,2680,9233.1865234375,21.205028533935547
0,2681,4177.15966796875,12.872438430786133
0,2682,6758.212890625,17.042499542236328
0,2683,8790.7763671875,20.539840698242188
0,2684,2293.79150390625,10.43331241607666
0,2685,7632.70849609375,17.71062660217285
0,2686,4794.2783203125,14.49789047241211
0,2687,3965.660400390625,13.49655532836914
0,2688,3481.7109375,10.921282768249512
0,2689,4680.0361328125,14.110488891601562
0,2690,6023.90234375,17.15835189819336
0,2691,6396.84326171875,16.98175048828125
0,2692,10886.224609375,23.81646156311035
0,2693,7815.94140625,19.831457138061523
0,2694,2978.72705078125,10.467395782470703
0,2695,12140.662109375,26.459505081176758
0,2696,8762.3837890625,21.581689834594727
0,2697,1704.2425537109375,8.179839134216309
0,2698,5228.1875,14.764052391052246
0,2699,3592.733642578125,11.950201988220215
0,2700,2134.7421875,10.241621017456055
0,2701,6332.93212890625,17.556222915649414
0,2702,5522.27490234375,15.611015319824219
0,2703,2802.041748046875,11.416459083557129
0,2704,3493.28271484375,10.723773002624512
0,2705,3251.619384765625,11.648723602294922
0,2706,7338.373046875,18.142770767211914
0,2707,5909.0263671875,16.087162017822266
0,2708,4939.65087890625,15.756999015808105
0,2709,6624.6640625,18.047527313232422
0,2710,7133.10498046875,18.65226173400879
0,2711,6809.70361328125,17.185026168823242
0,2712,4603.25927734375,14.151920318603516
0,2713,2369.391357421875,9.681114196777344
0,2714,6164.85986328125,16.076913833618164
0,2715,2894.017822265625,10.395891189575195
0,2716,5255.76708984375,15.145934104919434
0,2717,6594.2744140625,17.30424690246582
0,2718,4177.5703125,12.101957321166992
0,2719,8240.296875,19.66706657409668
0,2720,5603.47412109375,16.368099212646484
0,2721,4138.36376953125,13.154030799865723
0,2722,9838.9169921875,23.011993408203125
0,2723,3051.211669921875,10.648421287536621
0,2724,7048.525390625,17.86978530883789
0,2725,8068.8876953125,18.42890739440918
0,2726,6088.52734375,17.72102165222168
0,2727,8857.6728515625,19.705110549926758
0,2728,7513.15673828125,18.359939575195312
0,2729,5607.322265625,15.171852111816406
0,2730,7657.2265625,17.219961166381836
0,2731,3898.472900390625,13.038108825683594
0,2732,5970.18115234375,16.637958526611328
0,2733,1285.4173583984375,6.996243476867676
0,2734,5447.1201171875,15.744234085083008
0,2735,7114.04248046875,18.831153869628906
0,2736,4126.07177734375,13.098527908325195
0,2737,7576.1884765625,19.117202758789062
0,2738,3034.150390625,11.326119422912598
0,2739,740.4313354492188,5.295109272003174
0,2740,4564.60888671875,13.427638053894043
0,2741,5079.056640625,14.545625686645508
0,2742,5260.32958984375,15.156061172485352
0,2743,5415.63037109375,14.636670112609863
0,2744,4305.35693359375,14.416777610778809
0,2745,5685.19775390625,16.587282180786133
0,2746,4954.8154296875,15.130690574645996
0,2747,4077.911865234375,13.72463607788086
0,2748,2948.533203125,10.84939956665039
0,2749,4220.85986328125,13.103214263916016
0,2750,7906.66845703125,19.724857330322266
0,2751,6565.9765625,16.628204345703125
0,2752,4996.74072265625,14.634413719177246
0,2753,4082.133056640625,12.717000007629395
0,2754,6244.72119140625,15.600836753845215
0,2755,6067.029296875,16.027626037597656
0,2756,2469.93310546875,9.944499969482422
0,2757,7089.5556640625,19.228309631347656
0,2758,5008.96923828125,14.823692321777344
0,2759,8286.12890625,19.40999412536621
0,2760,2421.977294921875,8.77474308013916
0,2761,5316.67138671875,13.988348960876465
0,2762,4592.9912109375,12.089962005615234
0,2763,5198.0029296875,12.647412300109863
0,2764,3902.0390625,13.480854034423828
0,2765,3250.880126953125,11.203570365905762
0,2766,11983.591796875,25.764976501464844
0,2767,6386.33984375,16.38848304748535
0,2768,10303.46484375,22.094884872436523
0,2769,2234.731689453125,9.077266693115234
0,2770,7803.21435546875,18.804969787597656
0,2771,4777.7431640625,13.65086555480957
0,2772,4214.32958984375,13.635002136230469
0,2773,4372.3955078125,13.832898139953613
0,2774,3700.55224609375,13.198113441467285
0,2775,7331.0576171875,18.403596878051758
0,2776,3791.686767578125,12.615345001220703
0,2777,3779.62890625,12.52921199798584
0,2778,2352.655029296875,9.436017036437988
0,2779,3276.13916015625,11.749749183654785
0,2780,3884.047119140625,12.767444610595703
0,2781,405.50408935546875,4.343360900878906
0,2782,9012.318359375,21.19230842590332
0,2783,4081.656005859375,13.041007041931152
0,2784,5331.7822265625,15.217131614685059
0,2785,5134.2861328125,15.721183776855469
0,2786,4551.20361328125,13.811805725097656
0,2787,2970.082275390625,11.2476806640625
0,2788,4486.60693359375,13.603014945983887
0,2789,7084.8701171875,17.853178024291992
0,2790,5717.9267578125,15.301202774047852
0,2791,4192.71240234375,13.342412948608398
0,2792,4282.1640625,13.562398910522461
0,2793,5247.73095703125,15.041318893432617
0,2794,4520.76123046875,14.554502487182617
0,2795,6315.34130859375,17.233142852783203
0,2796,4374.92041015625,13.456411361694336
0,2797,2198.999755859375,9.129400253295898
0,2798,5003.48291015625,16.09520149230957
0,2799,6212.111328125,17.119537353515625
0,2800,7536.75732421875,19.024911880493164
0,2801,6125.09130859375,17.04549789428711
0,2802,6227.271484375,15.925529479980469
0,2803,5051.92822265625,13.175177574157715
0,2804,5347.60888671875,15.475545883178711
0,2805,4612.220703125,14.746689796447754
0,2806,5185.67578125,15.31789779663086
0,2807,4812.3759765625,13.399508476257324
0,2808,2797.66064453125,10.253886222839355
0,2809,4192.666015625,11.795427322387695
0,2810,4768.9951171875,13.400490760803223
0,2811,7502.2412109375,18.516569137573242
0,2812,7941.31591796875,19.508411407470703
0,2813,2483.9453125,9.839574813842773
0,2814,5108.29833984375,15.52624797821045
0,2815,1952.0826416015625,8.059181213378906
0,2816,4296.3671875,11.748642921447754
0,2817,9396.7294921875,21.526884078979492
0,2818,7767.9970703125,17.973390579223633
0,2819,1945.5101318359375,8.742423057556152
0,2820,6465.15478515625,16.334453582763672
0,2821,7746.490234375,18.227882385253906
0,2822,5389.45849609375,15.809925079345703
0,2823,2936.480712890625,11.00930404663086
0,2824,4298.2802734375,12.389303207397461
0,2825,5676.58935546875,15.128684043884277
0,2826,4878.5146484375,13.749281883239746
0,2827,4183.18017578125,12.078753471374512
0,2828,8958.201171875,21.593360900878906
0,2829,3450.603759765625,12.434645652770996
0,2830,4057.429443359375,12.463894844055176
0,2831,1882.7362060546875,10.131099700927734
0,2832,4939.05078125,14.264545440673828
0,2833,4344.03125,13.537677764892578
0,2834,2761.324462890625,10.694299697875977
0,2835,2851.21533203125,10.481894493103027
0,2836,6550.5322265625,17.8799991607666
0,2837,3859.05810546875,12.214533805847168
0,2838,4816.49462890625,15.123363494873047
0,2839,5472.32373046875,16.142757415771484
0,2840,5599.544921875,15.996342658996582
0,2841,5880.60009765625,17.329113006591797
0,2842,4110.32373046875,13.804997444152832
0,2843,4380.7001953125,14.163470268249512
0,2844,3020.69384765625,10.724573135375977
0,2845,3785.31103515625,11.876293182373047
0,2846,4149.0966796875,13.441672325134277
0,2847,6728.765625,17.025962829589844
0,2848,4335.54931640625,12.001920700073242
0,2849,6314.7822265625,16.503009796142578
0,2850,3192.124267578125,10.071849822998047
0,2851,5560.466796875,15.97138786315918
0,2852,2862.91064453125,10.801291465759277
0,2853,4495.166015625,12.818164825439453
0,2854,5488.669921875,14.609587669372559
0,2855,8479.2900390625,20.677278518676758
0,2856,6542.33642578125,15.559690475463867
0,2857,4628.00390625,14.419807434082031
0,2858,4195.94384765625,14.450031280517578
0,2859,5896.67724609375,16.017847061157227
0,2860,6229.6142578125,16.71871566772461
0,2861,7737.18994140625,18.730953216552734
0,2862,2904.025390625,11.573362350463867
0,2863,7049.81982421875,16.985116958618164
0,2864,5965.36474609375,15.89456558227539
0,2865,3674.744384765625,11.892705917358398
0,2866,11119.76953125,23.817846298217773
0,2867,4815.78564453125,14.21113395690918
0,2868,2031.506591796875,8.786859512329102
0,2869,5642.5732421875,15.94708251953125
0,2870,8944.4697265625,20.622041702270508
0,2871,7319.38232421875,18.16796875
0,2872,10139.021484375,22.4274959564209
0,2873,3770.915283203125,11.967218399047852
0,2874,5163.02880859375,13.884154319763184
0,2875,3463.975830078125,11.021509170532227
0,2876,4302.17724609375,13.15047836303711
0,2877,4885.9267578125,14.421365737915039
0,2878,3840.551513671875,13.105323791503906
0,2879,4231.8955078125,13.10655689239502
0,2880,1450.9580078125,8.211119651794434
0,2881,6976.328125,17.45380401611328
0,2882,6366.5,17.060705184936523
0,2883,3380.2314453125,10.13704776763916
0,2884,4657.0615234375,12.97430419921875
0,2885,3735.7578125,12.586075782775879
0,2886,7371.1962890625,18.69260597229004
0,2887,5005.5791015625,14.167887687683105
0,2888,3543.6337890625,11.593725204467773
0,2889,5404.59033203125,14.635920524597168
0,2890,2736.30712890625,10.2907075881958
0,2891,4872.66357421875,14.162440299987793
0,2892,9146.681640625,21.206409454345703
0,2893,1359.408447265625,7.841127395629883
0,2894,3657.82421875,11.254124641418457
0,2895,6543.11376953125,16.437557220458984
0,2896,1980.504638671875,7.863287925720215
0,2897,3544.095947265625,11.804411888122559
0,2898,6271.2177734375,17.026229858398438
0,2899,5142.3251953125,15.350110054016113
0,2900,4136.41259765625,12.963844299316406
0,2901,5395.498046875,14.591300964355469
0,2902,6617.73095703125,16.455928802490234
0,2903,8750.66015625,20.839580535888672
0,2904,1455.6492919921875,7.5044403076171875
0,2905,5610.5302734375,15.45704460144043
0,2906,4746.60693359375,13.493685722351074
0,2907,1966.4517822265625,7.649118900299072
0,2908,4355.1337890625,11.74301815032959
0,2909,1038.6927490234375,6.890082836151123
0,2910,4815.83447265625,13.943263053894043
0,2911,4528.423828125,13.145641326904297
0,2912,2403.48388671875,8.65300178527832
0,2913,7316.88623046875,18.753915786743164
0,2914,1553.7333984375,7.213348865509033
0,2915,5484.583984375,15.699748992919922
0,2916,4184.0185546875,13.138880729675293
0,2917,4947.50244140625,13.885046005249023
0,2918,2419.7626953125,10.37551498413086
0,2919,5666.4267578125,15.003836631774902
0,2920,8469.5615234375,20.294113159179688
0,2921,4563.8388671875,12.886068344116211
0,2922,1898.145263671875,8.321535110473633
0,2923,6002.87939453125,15.752193450927734
0,2924,6916.8466796875,16.731855392456055
0,2925,2015.5595703125,8.53404426574707
0,2926,7469.03857421875,18.022573471069336
0,2927,5512.5341796875,15.33424186706543
0,2928,3002.63232421875,11.955224990844727
0,2929,5691.3564453125,17.06048011779785
0,2930,6188.36572265625,15.84638500213623
0,2931,2905.9072265625,11.19455623626709
0,2932,3236.3466796875,11.484796524047852
0,2933,6700.66845703125,16.756752014160156
0,2934,6650.66552734375,15.672197341918945
0,2935,4451.6640625,13.842611312866211
0,2936,6284.50830078125,17.010841369628906
0,2937,4201.44677734375,13.492353439331055
0,2938,3500.94189453125,12.15272045135498
0,2939,7853.92578125,18.90190315246582
0,2940,5701.29541015625,15.326560020446777
0,2941,3083.851318359375,10.997754096984863
0,2942,5090.65673828125,15.24252986907959
0,2943,1925.8245849609375,7.864593505859375
0,2944,3911.557861328125,13.288328170776367
0,2945,4644.5732421875,14.212017059326172
0,2946,2914.427490234375,9.40781021118164
0,2947,3741.56884765625,12.66462516784668
0,2948,7114.1513671875,18.444461822509766
0,2949,9979.462890625,21.248857498168945
0,2950,4876.00146484375,13.500604629516602
0,2951,4781.1689453125,14.294655799865723
0,2952,4474.466796875,14.339807510375977
0,2953,4923.2373046875,15.145366668701172
0,2954,3842.03076171875,10.819687843322754
0,2955,4386.10302734375,13.175196647644043
0,2956,3351.772216796875,10.091104507446289
0,2957,7042.3857421875,16.46672248840332
0,2958,5483.68115234375,14.816864013671875
0,2959,10763.4228515625,23.112939834594727
0,2960,1559.18359375,7.675771236419678
0,2961,6484.9169921875,17.219642639160156
0,2962,5507.99462890625,14.325736999511719
0,2963,4042.687744140625,11.289053916931152
0,2964,4799.94677734375,13.798559188842773
0,2965,2214.13525390625,8.498041152954102
0,2966,4843.74951171875,13.710464477539062
0,2967,6611.009765625,16.758567810058594
0,2968,3156.509033203125,10.569215774536133
0,2969,4018.494873046875,12.391274452209473
0,2970,3961.914306640625,11.974653244018555
0,2971,6717.02783203125,16.109045028686523
0,2972,3616.6591796875,11.558853149414062
0,2973,4473.693359375,13.260173797607422
0,2974,4909.75830078125,13.632198333740234
0,2975,7270.91943359375,18.976726531982422
0,2976,1826.344970703125,7.091519355773926
0,2977,4140.47607421875,12.265769958496094
0,2978,1386.0859375,7.338380336761475
0,2979,3130.4375,10.721308708190918
0,2980,4807.25537109375,13.13961410522461
0,2981,5843.0244140625,15.580923080444336
0,2982,4910.203125,13.403573989868164
0,2983,6084.2998046875,14.931982040405273
0,2984,5712.94189453125,13.950335502624512
0,2985,4234.9208984375,12.474939346313477
0,2986,3300.988525390625,11.235734939575195
0,2987,2951.074951171875,10.427491188049316
0,2988,6344.419921875,16.791004180908203
0,2989,2286.412109375,9.358863830566406
0,2990,3403.313232421875,11.009132385253906
0,2991,4124.24658203125,12.700094223022461
0,2992,4099.05908203125,12.374945640563965
0,2993,6204.4921875,16.401119232177734
0,2994,4792.4423828125,12.863638877868652
0,2995,6455.134765625,17.196062088012695
0,2996,3629.671142578125,10.956579208374023
0,2997,5013.1953125,14.2219877243042
0,2998,6484.50537109375,16.645668029785156
0,2999,3603.85693359375,11.836464881896973
0,3000,6100.705078125,16.689716339111328
0,3001,2232.39599609375,8.822089195251465
0,3002,3029.605224609375,10.549986839294434
0,3003,4960.16796875,13.5581693649292
0,3004,1333.19091796875,6.309347152709961
0,3005,5710.95361328125,15.322916030883789
0,3006,6399.966796875,17.5418643951416
0,3007,1778.6375732421875,8.562386512756348
0,3008,10373.9326171875,22.835132598876953
0,3009,5930.53955078125,15.119522094726562
0,3010,2723.910888671875,10.84338665008545
0,3011,6778.72265625,16.782546997070312
0,3012,5736.181640625,15.746740341186523
0,3013,2676.292236328125,9.138082504272461
0,3014,6614.66748046875,17.179960250854492
0,3015,6349.005859375,16.686487197875977
0,3016,2289.7548828125,9.702549934387207
0,3017,3277.07373046875,11.832143783569336
0,3018,2040.4053955078125,8.571185111999512
0,3019,5007.38671875,14.429394721984863
0,3020,5265.49267578125,13.760906219482422
0,3021,2213.933837890625,8.454994201660156
0,3022,3978.457763671875,12.564855575561523
0,3023,1509.9764404296875,7.121817588806152
0,3024,3172.129638671875,10.62002182006836
0,3025,3751.9296875,12.280782699584961
0,3026,6451.54736328125,16.433218002319336
0,3027,2358.625244140625,9.158903121948242
0,3028,3864.69775390625,11.54895305633545
0,3029,2839.8623046875,10.543508529663086
0,3030,4626.52294921875,13.028462409973145
0,3031,1825.906494140625,8.555010795593262
0,3032,1546.73876953125,7.612527370452881
0,3033,2829.958251953125,10.542017936706543
0,3034,5116.8779296875,14.392251968383789
0,3035,2464.42529296875,9.997900009155273
0,3036,3858.31396484375,11.893330574035645
0,3037,5060.94873046875,13.357234954833984
0,3038,5764.97216796875,14.552694320678711
0,3039,4640.79248046875,12.790628433227539
0,3040,3894.966064453125,11.641450881958008
0,3041,2010.2896728515625,8.44173526763916
0,3042,7031.3046875,18.320270538330078
0,3043,4655.0087890625,14.007533073425293
0,3044,5312.0556640625,15.361583709716797
0,3045,1925.8856201171875,8.644937515258789
0,3046,3218.3994140625,9.589756965637207
0,3047,3596.697998046875,11.146090507507324
0,3048,5701.7705078125,15.48093032836914
0,3049,6628.4384765625,16.900344848632812
0,3050,5509.49365234375,14.992680549621582
0,3051,4113.50048828125,11.912565231323242
0,3052,3476.421142578125,11.70263957977295
0,3053,3618.62890625,11.422231674194336
0,3054,4519.748046875,13.357644081115723
0,3055,5670.6787109375,15.87617301940918
0,3056,6407.56982421875,17.693252563476562
0,3057,4670.4658203125,13.944307327270508
0,3058,2503.92236328125,9.509315490722656
0,3059,4147.46630859375,12.790249824523926
0,3060,4114.2900390625,12.935108184814453
0,3061,2222.413330078125,9.43294906616211
0,3062,3857.576904296875,10.871134757995605
0,3063,691.2666625976562,5.632980823516846
0,3064,2498.965087890625,9.038384437561035
0,3065,8524.88671875,20.46895408630371
0,3066,3688.852783203125,11.6935396194458
0,3067,4491.02880859375,12.380417823791504
0,3068,3484.0390625,11.336166381835938
0,3069,3560.664306640625,11.6390962600708
0,3070,3173.029052734375,11.212554931640625
0,3071,3136.64111328125,10.91326904296875
0,3072,4326.4716796875,12.828429222106934
0,3073,5561.9638671875,13.549872398376465
0,3074,7813.10009765625,18.409334182739258
0,3075,6367.14208984375,16.955904006958008
0,3076,3701.328857421875,11.75227165222168
0,3077,3690.9658203125,11.739154815673828
0,3078,1108.7607421875,7.165055274963379
0,3079,3879.117919921875,12.254831314086914
0,3080,5394.7041015625,15.022652626037598
0,3081,3394.625244140625,10.774580955505371
0,3082,5824.8193359375,14.81416130065918
0,3083,4579.7802734375,14.236157417297363
0,3084,2888.3037109375,10.084169387817383
0,3085,3208.277099609375,10.236291885375977
0,3086,6851.306640625,17.141130447387695
0,3087,4698.23486328125,12.511001586914062
0,3088,3605.326904296875,11.079133033752441
0,3089,5847.41845703125,15.47426700592041
0,3090,3512.33544921875,12.024247169494629
0,3091,4642.52001953125,12.42490291595459
0,3092,4099.3408203125,12.60439682006836
0,3093,2205.3037109375,8.066778182983398
0,3094,3705.560302734375,10.319541931152344
0,3095,3109.535400390625,12.253049850463867
0,3096,3373.794677734375,12.195964813232422
0,3097,5073.62548828125,13.750324249267578
0,3098,3846.18310546875,12.438185691833496
0,3099,1203.2530517578125,6.8112711906433105
0,3100,4085.0791015625,11.808235168457031
0,3101,4100.4150390625,13.153514862060547
0,3102,4596.8544921875,13.675745964050293
0,3103,6407.474609375,15.06114673614502
0,3104,4746.103515625,13.83655834197998
0,3105,4382.12451171875,11.276500701904297
0,3106,3843.916015625,11.816572189331055
0,3107,2160.980712890625,9.063661575317383
0,3108,4160.1982421875,12.188227653503418
0,3109,8108.5078125,19.61709976196289
0,3110,5255.0263671875,14.501631736755371
0,3111,4021.897216796875,11.3232421875
0,3112,8103.982421875,17.174545288085938
0,3113,4469.53466796875,13.066550254821777
0,3114,5226.1640625,14.702400207519531
0,3115,5299.08984375,13.990697860717773
0,3116,6539.279296875,15.839561462402344
0,3117,7814.6767578125,18.311176300048828
0,3118,5139.4345703125,14.966970443725586
0,3119,2213.0341796875,8.957229614257812
0,3120,5308.947265625,15.582742691040039
0,3121,2924.200927734375,10.795291900634766
0,3122,3977.97314453125,13.047575950622559
0,3123,3290.435302734375,10.847554206848145
0,3124,4582.6689453125,13.380034446716309
0,3125,2709.8203125,9.028257369995117
0,3126,3265.52783203125,11.159012794494629
0,3127,1469.8306884765625,7.42007303237915
0,3128,4234.666015625,12.600547790527344
0,3129,2411.2099609375,9.651811599731445
0,3130,2260.280517578125,9.759222984313965
0,3131,5131.6708984375,13.931958198547363
0,3132,4284.265625,13.941208839416504
0,3133,2838.64794921875,10.488521575927734
0,3134,4118.595703125,12.37472915649414
0,3135,4640.12158203125,11.643325805664062
0,3136,5429.4267578125,15.21790885925293
0,3137,3885.93310546875,11.354358673095703
0,3138,5430.8837890625,13.872259140014648
0,3139,3833.463134765625,12.032822608947754
0,3140,5029.216796875,13.954893112182617
0,3141,5341.25927734375,15.558670043945312
0,3142,5740.81982421875,14.794722557067871
0,3143,3172.624755859375,10.932350158691406
0,3144,2825.041259765625,10.082884788513184
0,3145,3183.8994140625,11.102381706237793
0,3146,873.12841796875,5.364328861236572
0,3147,2352.84912109375,9.535430908203125
0,3148,8480.703125,19.637283325195312
0,3149,2953.373291015625,9.77036190032959
0,3150,2967.85107421875,10.976617813110352
0,3151,3071.012939453125,12.367574691772461
0,3152,1059.4891357421875,6.858177185058594
0,3153,6004.46240234375,14.258484840393066
0,3154,4079.794921875,11.6900634765625
0,3155,3300.414794921875,11.129916191101074
0,3156,3510.251708984375,11.683094024658203
0,3157,3083.0048828125,11.809146881103516
0,3158,7180.8544921875,17.215484619140625
0,3159,3559.59326171875,11.191438674926758
0,3160,4290.44970703125,11.017495155334473
0,3161,4930.4052734375,12.804818153381348
0,3162,4070.331298828125,11.75973892211914
0,3163,4180.796875,12.536947250366211
0,3164,4565.66943359375,13.772655487060547
0,3165,3445.2646484375,11.53977108001709
0,3166,3567.8642578125,11.64136791229248
0,3167,1033.552001953125,6.792464256286621
0,3168,4098.78369140625,11.900486946105957
0,3169,3044.572998046875,9.9491548538208
0,3170,3785.619384765625,13.062906265258789
0,3171,2007.764404296875,8.51250171661377
0,3172,2710.393798828125,8.88747501373291
0,3173,3516.426025390625,11.632953643798828
0,3174,1007.5388793945312,5.781545639038086
0,3175,1138.666015625,6.595484256744385
0,3176,5516.18115234375,14.346866607666016
0,3177,6040.83837890625,16.2333927154541
0,3178,4364.41845703125,11.94983959197998
0,3179,1428.2711181640625,7.261370658874512
0,3180,2754.566162109375,9.6390380859375
0,3181,2415.8125,10.314766883850098
0,3182,1697.8597412109375,7.782063961029053
0,3183,2074.056884765625,8.820070266723633
0,3184,3543.322021484375,9.78773021697998
0,3185,2746.48291015625,9.209609031677246
0,3186,2894.166748046875,10.279350280761719
0,3187,3674.37890625,11.483611106872559
0,3188,4487.8583984375,12.64687728881836
0,3189,404.6134033203125,4.993494510650635
0,3190,6458.9794921875,16.25884437561035
0,3191,3360.50048828125,11.82882022857666
0,3192,5471.01123046875,15.447770118713379
0,3193,2622.682373046875,9.729401588439941
0,3194,4060.694580078125,12.85226821899414
0,3195,1476.5419921875,7.818525314331055
0,3196,3297.6357421875,10.349906921386719
0,3197,4046.104736328125,11.562460899353027
0,3198,3963.64892578125,11.552062034606934
0,3199,1814.1820068359375,7.736105918884277
0,3200,3622.029541015625,11.560647964477539
0,3201,3229.01611328125,11.531862258911133
0,3202,3095.15478515625,11.145858764648438
0,3203,4495.9365234375,11.480454444885254
0,3204,5906.3525390625,15.351898193359375
0,3205,2601.531494140625,9.612298011779785
0,3206,5567.78271484375,15.560026168823242
0,3207,6292.38818359375,16.798954010009766
0,3208,2409.10693359375,8.661260604858398
0,3209,2523.47705078125,9.052400588989258
0,3210,6683.1826171875,16.61829948425293
0,3211,1878.8328857421875,7.467156410217285
0,3212,2404.365478515625,9.47985553741455
0,3213,4301.09130859375,12.958977699279785
0,3214,5686.4169921875,15.395879745483398
0,3215,3522.931396484375,10.912619590759277
0,3216,4427.64599609375,12.725192070007324
0,3217,3303.610595703125,9.305087089538574
0,3218,2230.680419921875,7.9275431632995605
0,3219,3551.392822265625,10.866687774658203
0,3220,5308.15869140625,14.302362442016602
0,3221,2382.58837890625,10.078648567199707
0,3222,2129.596435546875,7.834341526031494
0,3223,5329.75390625,13.922459602355957
0,3224,3155.502685546875,10.446330070495605
0,3225,3794.046142578125,10.889815330505371
0,3226,6569.16064453125,16.893985748291016
0,3227,3803.1591796875,11.456405639648438
0,3228,1750.793701171875,7.994121551513672
0,3229,3168.89892578125,10.363828659057617
0,3230,728.3192138671875,4.326888084411621
0,3231,3269.954833984375,10.261256217956543
0,3232,1740.3306884765625,7.837561130523682
0,3233,3194.806884765625,9.09168815612793
0,3234,1623.5048828125,7.8443708419799805
0,3235,3392.0556640625,10.854283332824707
0,3236,4610.27587890625,13.230656623840332
0,3237,1759.47607421875,7.348049640655518
0,3238,4828.28466796875,14.819790840148926
0,3239,5186.2333984375,14.342113494873047
0,3240,5017.435546875,13.979902267456055
0,3241,2603.582275390625,9.867321968078613
0,3242,4027.78564453125,12.179976463317871
0,3243,523.8426513671875,4.160860538482666
0,3244,3918.650390625,11.966837882995605
0,3245,3299.052734375,10.774124145507812
0,3246,2968.2919921875,10.327696800231934
0,3247,5180.85205078125,14.659645080566406
0,3248,3000.79931640625,10.191755294799805
0,3249,4013.10107421875,12.090080261230469
0,3250,3048.465087890625,9.238826751708984
0,3251,814.7431640625,5.584306240081787
0,3252,1110.981201171875,6.544093132019043
0,3253,4637.3330078125,13.02357006072998
0,3254,1173.01025390625,6.398712158203125
0,3255,3274.72509765625,10.014957427978516
0,3256,1556.39306640625,8.049324035644531
0,3257,3717.89208984375,10.971034049987793
0,3258,1932.1070556640625,9.525142669677734
0,3259,4022.87255859375,12.504377365112305
0,3260,4863.73779296875,12.26171588897705
0,3261,5217.64306640625,14.304839134216309
0,3262,2247.846435546875,8.808238983154297
0,3263,6647.974609375,17.577350616455078
0,3264,5135.75244140625,13.584455490112305
0,3265,3002.746337890625,9.986530303955078
0,3266,4103.90234375,11.811891555786133
0,3267,3066.529296875,11.15869426727295
0,3268,3071.821533203125,10.558063507080078
0,3269,2603.467529296875,9.795781135559082
0,3270,7294.89453125,17.879404067993164
0,3271,521.7269897460938,4.447698593139648
0,3272,2687.75537109375,10.177245140075684
0,3273,4738.8720703125,13.66646957397461
0,3274,4867.7060546875,13.896522521972656
0,3275,5809.67041015625,15.923346519470215
0,3276,2684.45556640625,10.767468452453613
0,3277,5271.40380859375,14.164078712463379
0,3278,5012.05517578125,14.914061546325684
0,3279,4844.24365234375,13.37605094909668
0,3280,3091.00146484375,10.99434757232666
0,3281,2877.771728515625,10.16667366027832
0,3282,4107.2509765625,12.599283218383789
0,3283,2728.202392578125,9.504042625427246
0,3284,3040.631591796875,10.798672676086426
0,3285,3262.334716796875,11.093290328979492
0,3286,5627.7861328125,15.751675605773926
0,3287,2113.614990234375,8.08788013458252
0,3288,4925.306640625,13.58077335357666
0,3289,2898.35302734375,9.976107597351074
0,3290,1179.86962890625,7.312582015991211
0,3291,3225.1845703125,10.97409725189209
0,3292,5508.63916015625,13.68655014038086
0,3293,2218.16064453125,7.643058776855469
0,3294,2362.18603515625,9.008732795715332
0,3295,3777.3525390625,10.834602355957031
0,3296,5703.06201171875,14.5045804977417
0,3297,1224.3302001953125,5.840660095214844
0,3298,3623.086181640625,10.844446182250977
0,3299,4994.2978515625,13.826245307922363
0,3300,1916.7498779296875,7.312991619110107
0,3301,3072.633056640625,9.891944885253906
0,3302,2228.097412109375,9.335308074951172
0,3303,4200.2900390625,11.668351173400879
0,3304,4933.52294921875,13.616724014282227
0,3305,3417.716552734375,9.910008430480957
0,3306,5164.328125,14.092978477478027
0,3307,684.2963256835938,5.665644645690918
0,3308,4419.68701171875,12.231203079223633
0,3309,4926.5458984375,13.831088066101074
0,3310,4525.064453125,13.583047866821289
0,3311,3557.257568359375,12.022968292236328
0,3312,3014.853759765625,9.778365135192871
0,3313,5759.4130859375,14.098569869995117
0,3314,8045.4140625,18.353435516357422
0,3315,6661.60791015625,17.34256362915039
0,3316,6359.95751953125,15.93734073638916
0,3317,4072.05322265625,11.595285415649414
0,3318,3072.790771484375,10.419952392578125
0,3319,4443.30224609375,12.680521965026855
0,3320,2495.02978515625,8.794530868530273
0,3321,5560.74365234375,14.735651969909668
0,3322,7959.56494140625,17.96440887451172
0,3323,6697.43994140625,16.629959106445312
0,3324,2124.033203125,9.811229705810547
0,3325,4661.13134765625,13.684558868408203
0,3326,5257.1044921875,12.89084529876709
0,3327,3946.0703125,11.906271934509277
0,3328,4068.3212890625,12.962747573852539
0,3329,4429.1484375,12.096770286560059
0,3330,3569.987060546875,10.708098411560059
0,3331,2713.798583984375,8.959600448608398
0,3332,5372.0908203125,13.72862434387207
0,3333,5741.380859375,15.424220085144043
0,3334,4569.63525390625,13.54799747467041
0,3335,2107.039306640625,8.75261402130127
0,3336,2819.125732421875,10.030430793762207
0,3337,2907.408935546875,9.741819381713867
0,3338,1858.129150390625,7.641955375671387
0,3339,2208.866455078125,8.152194023132324
0,3340,2914.287353515625,10.633613586425781
0,3341,2018.994140625,8.198213577270508
0,3342,3332.29931640625,11.34125804901123
0,3343,3102.99560546875,10.205385208129883
0,3344,4669.04345703125,13.75229549407959
0,3345,1284.919677734375,6.092229843139648
0,3346,3083.953369140625,10.523527145385742
0,3347,3146.285400390625,10.382095336914062
0,3348,3576.628662109375,9.962422370910645
0,3349,3196.208984375,10.47990608215332
0,3350,1958.93603515625,8.114360809326172
0,3351,4883.6015625,13.079143524169922
0,3352,2373.22021484375,9.369972229003906
0,3353,2293.006591796875,8.838946342468262
0,3354,2441.1005859375,9.15003490447998
0,3355,3070.551025390625,10.174944877624512
0,3356,4593.5439453125,13.170830726623535
0,3357,3046.3984375,9.923867225646973
0,3358,3854.60595703125,12.172806739807129
0,3359,6527.54736328125,15.984476089477539
0,3360,2440.372314453125,9.277223587036133
0,3361,1299.3035888671875,6.8324294090271
0,3362,3133.08349609375,9.981864929199219
0,3363,3506.56396484375,11.180480003356934
0,3364,3481.709228515625,11.3598051071167
0,3365,5256.072265625,13.398448944091797
0,3366,3271.856201171875,9.922806739807129
0,3367,2218.69287109375,8.15238094329834
0,3368,3237.28173828125,10.359214782714844
0,3369,1966.0511474609375,8.408129692077637
0,3370,2237.717529296875,8.58405590057373
0,3371,2501.4736328125,9.523892402648926
0,3372,2170.681884765625,8.875265121459961
0,3373,4409.6708984375,12.477872848510742
0,3374,5834.892578125,15.639388084411621
0,3375,3134.640869140625,10.614665985107422
0,3376,2898.150146484375,10.031106948852539
0,3377,3096.631591796875,10.29292106628418
0,3378,1765.2882080078125,8.304547309875488
0,3379,5558.9755859375,13.902137756347656
0,3380,2996.757568359375,9.865344047546387
0,3381,2522.710205078125,8.145045280456543
0,3382,6303.84716796875,14.538805961608887
0,3383,2296.64697265625,8.663229942321777
0,3384,1669.98876953125,7.4414873123168945
0,3385,1257.3106689453125,6.795497417449951
0,3386,4987.146484375,12.643139839172363
0,3387,3060.224609375,9.905346870422363
0,3388,1876.8468017578125,7.961781024932861
0,3389,309.75799560546875,4.608889579772949
0,3390,4109.86376953125,11.153719902038574
0,3391,5857.556640625,14.182053565979004
0,3392,4597.560546875,12.72584342956543
0,3393,6368.4384765625,14.963811874389648
0,3394,2052.923095703125,8.179607391357422
0,3395,3794.8935546875,13.390296936035156
0,3396,4349.3193359375,12.935948371887207
0,3397,4410.27490234375,12.624761581420898
0,3398,2143.475341796875,8.503458976745605
0,3399,1641.937744140625,7.812191486358643
0,3400,3669.817626953125,11.100170135498047
0,3401,4052.42578125,11.922064781188965
0,3402,4011.095947265625,12.982254981994629
0,3403,4373.904296875,12.571306228637695
0,3404,2544.823974609375,9.099777221679688
0,3405,3688.3359375,10.898695945739746
0,3406,6599.7587890625,16.945804595947266
0,3407,3671.0087890625,11.913778305053711
0,3408,3300.201171875,11.100699424743652
0,3409,3158.22509765625,11.327594757080078
0,3410,2948.41357421875,10.11945915222168
0,3411,4480.84521484375,12.389398574829102
0,3412,4049.309814453125,11.428915023803711
0,3413,3288.2080078125,11.074299812316895
0,3414,1746.449951171875,6.975919723510742
0,3415,3561.8046875,11.375452995300293
0,3416,4095.033447265625,12.085099220275879
0,3417,2381.450439453125,9.14096450805664
0,3418,1992.8016357421875,8.49176025390625
0,3419,1658.4329833984375,7.7989702224731445
0,3420,3624.666748046875,10.881086349487305
0,3421,2845.433349609375,9.9318265914917
0,3422,5691.85205078125,14.694395065307617
0,3423,5898.9013671875,14.476235389709473
0,3424,5624.20703125,14.305665969848633
0,3425,3899.2744140625,12.471556663513184
0,3426,3381.455810546875,11.496599197387695
0,3427,3993.044921875,12.16244888305664
0,3428,3591.449951171875,10.705796241760254
0,3429,2289.107666015625,7.920938968658447
0,3430,2292.730224609375,8.565485000610352
0,3431,2314.8916015625,9.127731323242188
0,3432,5707.3779296875,13.564971923828125
0,3433,5186.1357421875,12.80987548828125
0,3434,4204.8291015625,12.06917953491211
0,3435,2219.796875,8.84868335723877
0,3436,1126.658935546875,5.516333103179932
0,3437,2110.310546875,8.389043807983398
0,3438,1930.6466064453125,8.018701553344727
0,3439,6680.36279296875,15.888692855834961
0,3440,2957.794189453125,9.230703353881836
0,3441,5230.83740234375,13.539941787719727
0,3442,4365.244140625,12.334604263305664
0,3443,1401.472900390625,6.339126110076904
0,3444,1438.7049560546875,6.217624664306641
0,3445,1604.674072265625,6.468171119689941
0,3446,3473.101806640625,11.454324722290039
0,3447,2365.930419921875,7.92123556137085
0,3448,2942.4013671875,11.029216766357422
0,3449,2583.921875,8.84784984588623
0,3450,3014.369384765625,10.505919456481934
0,3451,4923.6845703125,13.818533897399902
0,3452,2695.13037109375,8.529376983642578
0,3453,2919.1708984375,9.390769004821777
0,3454,1814.433837890625,6.662760257720947
0,3455,3964.679443359375,11.480670928955078
0,3456,2461.160888671875,8.5652437210083
0,3457,1876.2646484375,7.639958381652832
0,3458,4147.9384765625,12.301349639892578
0,3459,1554.31494140625,7.172911643981934
0,3460,1859.673095703125,8.122239112854004
0,3461,2742.48046875,9.225849151611328
0,3462,3462.512451171875,11.704025268554688
0,3463,2446.58251953125,9.172712326049805
0,3464,3094.609375,10.221429824829102
0,3465,4013.45068359375,11.320223808288574
0,3466,4771.48291015625,12.927875518798828
0,3467,2495.176513671875,9.746723175048828
0,3468,2805.44775390625,9.291594505310059
0,3469,1730.2723388671875,7.226637840270996
0,3470,1048.71044921875,5.760171413421631
0,3471,5220.93359375,13.578619003295898
0,3472,4919.64404296875,13.93992805480957
0,3473,3701.03466796875,10.369001388549805
0,3474,2315.9072265625,7.862444877624512
0,3475,3792.543701171875,10.893136024475098
0,3476,5389.013671875,14.473440170288086
0,3477,2612.876220703125,9.12946605682373
0,3478,1619.269775390625,6.702854156494141
0,3479,2089.56591796875,8.422657012939453
0,3480,1984.716552734375,7.770745277404785
0,3481,2223.640625,8.270580291748047
0,3482,2705.739501953125,9.586019515991211
0,3483,5067.8193359375,12.924981117248535
0,3484,2594.7900390625,8.439294815063477
0,3485,6705.63916015625,15.652284622192383
0,3486,4623.9814453125,12.347043991088867
0,3487,2382.7509765625,9.216224670410156
0,3488,4174.751953125,11.99105167388916
0,3489,5351.5810546875,14.34145736694336
0,3490,3320.746826171875,9.641946792602539
0,3491,5390.88037109375,14.025900840759277
0,3492,1728.6629638671875,6.299615383148193
0,3493,4571.35791015625,13.07223892211914
0,3494,818.8753051757812,5.617937088012695
0,3495,1603.301025390625,7.42970085144043
0,3496,4130.63037109375,12.221087455749512
0,3497,1895.81396484375,7.0562005043029785
0,3498,4381.2578125,12.500797271728516
0,3499,2897.486083984375,10.865169525146484
0,3500,3979.004638671875,12.525334358215332
0,3501,2736.738525390625,9.19124698638916
0,3502,2274.97412109375,9.691650390625
0,3503,4501.9658203125,12.410192489624023
0,3504,4086.858154296875,11.761788368225098
0,3505,2789.988037109375,8.835304260253906
0,3506,3201.0380859375,11.217430114746094
0,3507,2650.095703125,9.518489837646484
0,3508,2599.62841796875,9.533613204956055
0,3509,818.227294921875,4.952075481414795
0,3510,1435.4088134765625,7.370384693145752
0,3511,4243.26025390625,12.07583999633789
0,3512,1644.1898193359375,7.139106750488281
0,3513,2003.0640869140625,8.425033569335938
0,3514,2286.628662109375,8.526012420654297
0,3515,2788.822021484375,8.35141658782959
0,3516,1661.9451904296875,7.162181377410889
0,3517,3710.3037109375,11.115734100341797
0,3518,6575.78662109375,15.740439414978027
0,3519,4169.1962890625,12.496551513671875
0,3520,3800.858642578125,11.206428527832031
0,3521,3368.5263671875,10.32444953918457
0,3522,2620.984375,9.485564231872559
0,3523,5036.17724609375,13.512768745422363
0,3524,4062.111328125,11.981741905212402
0,3525,2469.049560546875,9.639766693115234
0,3526,3678.74072265625,11.82352066040039
0,3527,1213.8389892578125,5.890562534332275
0,3528,995.9160766601562,6.280552387237549
0,3529,400.1234436035156,4.945947647094727
0,3530,4048.369140625,12.458538055419922
0,3531,3503.18408203125,11.101600646972656
0,3532,3359.599853515625,10.894170761108398
0,3533,2081.943359375,8.804750442504883
0,3534,2962.756591796875,9.610756874084473
0,3535,3994.26611328125,11.50523567199707
0,3536,3455.416748046875,10.791986465454102
0,3537,4405.599609375,11.413193702697754
0,3538,2956.39208984375,10.312078475952148
0,3539,4444.7158203125,13.044122695922852
0,3540,3270.901123046875,10.410479545593262
0,3541,2317.4658203125,7.2195048332214355
0,3542,3962.844970703125,12.896065711975098
0,3543,2986.8955078125,10.1187744140625
0,3544,2209.69677734375,8.849701881408691
0,3545,3044.285888671875,10.15321159362793
0,3546,3898.42138671875,11.02881908416748
0,3547,2739.230224609375,10.885571479797363
0,3548,3383.505126953125,10.773509979248047
0,3549,3192.544677734375,10.5020112991333
0,3550,2722.45751953125,9.42172622680664
0,3551,2012.1551513671875,7.9509453773498535
0,3552,1542.409912109375,7.557321548461914
0,3553,2981.66552734375,10.635075569152832
0,3554,3804.12890625,10.916081428527832
0,3555,3394.984619140625,10.14167594909668
0,3556,3310.48974609375,11.484437942504883
0,3557,901.6288452148438,5.967527389526367
0,3558,3971.919677734375,11.749828338623047
0,3559,2419.980712890625,8.822517395019531
0,3560,3208.4755859375,10.152605056762695
0,3561,4037.8076171875,11.040708541870117
0,3562,3742.564697265625,11.716094970703125
0,3563,1676.1044921875,6.882767200469971
0,3564,4538.63818359375,13.026111602783203
0,3565,2168.71484375,8.601600646972656
0,3566,2869.224853515625,9.360583305358887
0,3567,3618.880615234375,10.986112594604492
0,3568,4112.998046875,10.901153564453125
0,3569,4261.88623046875,12.174139976501465
0,3570,1931.5487060546875,7.342502117156982
0,3571,3138.559326171875,10.776388168334961
0,3572,2088.3369140625,8.946622848510742
0,3573,2132.296142578125,8.431493759155273
0,3574,3370.52197265625,9.81308650970459
0,3575,1934.267822265625,7.516592979431152
0,3576,3167.363037109375,9.941324234008789
0,3577,3636.12890625,11.426865577697754
0,3578,4349.33740234375,11.881431579589844
0,3579,2979.45458984375,9.34231948852539
0,3580,1767.29736328125,8.227638244628906
0,3581,3378.919921875,9.447787284851074
0,3582,3832.11181640625,11.755027770996094
0,3583,4460.6083984375,12.573125839233398
0,3584,4868.1533203125,12.698227882385254
0,3585,3415.7939453125,9.84610652923584
0,3586,4776.80029296875,12.564471244812012
0,3587,3544.302978515625,10.631333351135254
0,3588,1437.133056640625,6.686349868774414
0,3589,2041.6800537109375,9.413778305053711
0,3590,2513.825439453125,10.327288627624512
0,3591,3067.721923828125,10.583477973937988
0,3592,1934.6390380859375,8.940910339355469
0,3593,4596.7392578125,12.169214248657227
0,3594,2056.11962890625,7.699851036071777
0,3595,1669.327880859375,8.010833740234375
0,3596,2323.654296875,8.447442054748535
0,3597,1661.522705078125,7.326584339141846
0,3598,2883.24365234375,10.302214622497559
0,3599,4347.54541015625,12.121552467346191
0,3600,1723.2470703125,7.9292731285095215
0,3601,2013.026611328125,8.670455932617188
0,3602,2161.17919921875,8.255122184753418
0,3603,4228.8349609375,11.593520164489746
0,3604,2633.213134765625,9.252762794494629
0,3605,5932.6318359375,14.885332107543945
0,3606,5424.5458984375,13.532301902770996
0,3607,1983.632080078125,8.314420700073242
0,3608,5253.1376953125,14.377511978149414
0,3609,916.7994384765625,6.014206886291504
0,3610,3559.0205078125,11.305985450744629
0,3611,1568.97509765625,8.316888809204102
0,3612,2867.713623046875,9.104083061218262
0,3613,3142.994140625,9.805429458618164
0,3614,2661.0361328125,8.355064392089844
0,3615,4682.7197265625,14.150588035583496
0,3616,3420.94580078125,11.472014427185059
0,3617,2053.927734375,8.188559532165527
0,3618,2835.9140625,8.306778907775879
0,3619,1150.1796875,4.7790422439575195
0,3620,2521.49609375,9.55898380279541
0,3621,3516.575927734375,11.197893142700195
0,3622,1214.524658203125,6.848402500152588
0,3623,2529.027587890625,8.953917503356934
0,3624,2602.598388671875,8.899200439453125
0,3625,3374.652099609375,10.092021942138672
0,3626,3779.82421875,11.404401779174805
0,3627,2636.5625,9.358075141906738
0,3628,2242.215087890625,7.874448776245117
0,3629,3815.959228515625,11.111173629760742
0,3630,3102.1435546875,10.149715423583984
0,3631,5130.42138671875,13.023568153381348
0,3632,3273.698974609375,10.50064754486084
0,3633,1928.7838134765625,7.8829145431518555
0,3634,2829.16748046875,9.793947219848633
0,3635,5335.51220703125,12.79581069946289
0,3636,6830.37890625,15.968282699584961
0,3637,2921.96533203125,9.130402565002441
0,3638,1183.72314453125,5.9683709144592285
0,3639,3258.05908203125,10.03649616241455
0,3640,4410.3916015625,12.043381690979004
0,3641,3737.34814453125,10.695070266723633
0,3642,1177.77294921875,5.962719917297363
0,3643,4945.33203125,13.771173477172852
0,3644,2239.621337890625,8.37528133392334
0,3645,1966.2109375,8.993598937988281
0,3646,1813.2188720703125,7.741138935089111
0,3647,949.4747924804688,5.688735008239746
0,3648,4922.8984375,14.198427200317383
0,3649,1847.3846435546875,8.041084289550781
0,3650,3708.535400390625,11.014504432678223
0,3651,4412.966796875,12.89798355102539
0,3652,4329.83544921875,11.685529708862305
0,3653,2229.07275390625,7.710452556610107
0,3654,4111.76806640625,12.624253273010254
0,3655,1880.592041015625,7.581192493438721
0,3656,2571.489013671875,8.794743537902832
0,3657,2528.32861328125,9.218714714050293
0,3658,4654.72705078125,13.559427261352539
0,3659,3657.189697265625,10.90688705444336
0,3660,2647.43896484375,9.756540298461914
0,3661,1548.7449951171875,7.285152435302734
0,3662,2838.48486328125,9.582186698913574
0,3663,2020.8564453125,8.150394439697266
0,3664,696.423583984375,5.5109686851501465
0,3665,3896.951171875,11.274672508239746
0,3666,2128.22607421875,7.811977863311768
0,3667,2564.285400390625,9.682315826416016
0,3668,2839.642578125,10.181110382080078
0,3669,3003.8251953125,10.088617324829102
0,3670,5045.3466796875,13.4928560256958
0,3671,3934.553955078125,12.22066879272461
0,3672,3101.548828125,11.027355194091797
0,3673,4479.3798828125,12.876903533935547
0,3674,2596.7294921875,9.391252517700195
0,3675,800.2001953125,5.430445671081543
0,3676,1038.483154296875,5.231021404266357
0,3677,2068.197998046875,8.400552749633789
0,3678,3576.620361328125,10.806612968444824
0,3679,2946.903564453125,10.056051254272461
0,3680,1570.494140625,6.996094226837158
0,3681,1591.20068359375,6.892334938049316
0,3682,3486.797119140625,10.316337585449219
0,3683,3921.09033203125,11.607146263122559
0,3684,1841.6767578125,7.032254695892334
0,3685,4666.46875,12.791303634643555
0,3686,1482.21044921875,7.052669048309326
0,3687,2405.73291015625,8.408706665039062
0,3688,3615.38330078125,10.885921478271484
0,3689,1726.5120849609375,8.731973648071289
0,3690,3577.219482421875,11.733243942260742
0,3691,1890.715576171875,7.8886518478393555
0,3692,2737.123779296875,8.081968307495117
0,3693,2900.06396484375,10.4356050491333
0,3694,3545.206298828125,9.623753547668457
0,3695,1672.7010498046875,7.53140115737915
0,3696,4158.4365234375,11.93027114868164
0,3697,2279.291748046875,8.010454177856445
0,3698,2645.875,9.277907371520996
0,3699,4342.447265625,11.920559883117676
0,3700,5000.658203125,14.24514389038086
0,3701,2881.83984375,8.721539497375488
0,3702,3293.98974609375,10.079197883605957
0,3703,3872.53662109375,12.086709022521973
0,3704,2398.4072265625,9.008088111877441
0,3705,3354.51220703125,10.685409545898438
0,3706,3666.322509765625,10.91265869140625
0,3707,3430.531494140625,10.438413619995117
0,3708,4225.33984375,12.657440185546875
0,3709,3291.693115234375,11.199896812438965
0,3710,2497.3681640625,8.770895004272461
0,3711,2066.332275390625,8.285527229309082
0,3712,1932.8045654296875,7.229580879211426
0,3713,1462.6556396484375,7.4959588050842285
0,3714,1269.3707275390625,6.634557247161865
0,3715,2981.762939453125,8.457822799682617
0,3716,4901.31005859375,12.83515453338623
0,3717,2311.662109375,7.5323591232299805
0,3718,3856.570556640625,11.181742668151855
0,3719,1397.32177734375,7.5814900398254395
0,3720,5040.09130859375,14.53162956237793
0,3721,2980.3271484375,10.054537773132324
0,3722,1903.8721923828125,7.403641700744629
0,3723,3883.344970703125,10.752076148986816
0,3724,5393.8212890625,13.918734550476074
0,3725,1186.29150390625,6.008100509643555
0,3726,1798.01220703125,8.197466850280762
0,3727,3432.131103515625,10.80095386505127
0,3728,3059.15380859375,9.233428001403809
0,3729,4722.8837890625,13.142087936401367
0,3730,1730.61181640625,7.106850624084473
0,3731,4277.9453125,12.010669708251953
0,3732,2745.23974609375,8.641546249389648
0,3733,2687.45703125,8.699807167053223
0,3734,2690.210205078125,8.993185997009277
0,3735,1466.4923095703125,6.592562675476074
0,3736,161.19268798828125,3.3301968574523926
0,3737,1692.351318359375,6.089430332183838
0,3738,2380.072265625,8.684959411621094
0,3739,3729.018310546875,11.6922607421875
0,3740,4781.94140625,13.080257415771484
0,3741,2401.255859375,8.180191993713379
0,3742,1788.9600830078125,7.9170451164245605
0,3743,2573.5498046875,10.076934814453125
0,3744,4259.31103515625,12.410459518432617
0,3745,1378.4498291015625,7.40241813659668
0,3746,2336.85791015625,8.636030197143555
0,3747,2602.64599609375,9.058940887451172
0,3748,2837.633056640625,9.3200101852417
0,3749,1756.5787353515625,8.119852066040039
0,3750,1308.5732421875,6.594351291656494
0,3751,1182.5335693359375,5.842489719390869
0,3752,689.0252075195312,5.171948432922363
0,3753,4535.7080078125,12.194085121154785
0,3754,1827.4979248046875,7.735631465911865
0,3755,1837.584716796875,7.7967729568481445
0,3756,3275.11328125,10.585838317871094
0,3757,2198.150390625,8.974777221679688
0,3758,3458.0126953125,10.401920318603516
0,3759,1662.99072265625,7.849310398101807
0,3760,2367.863525390625,7.741729259490967
0,3761,2391.48291015625,8.404647827148438
0,3762,2200.560546875,8.01812744140625
0,3763,3550.801513671875,11.033443450927734
0,3764,3130.2294921875,9.499005317687988
0,3765,3082.098876953125,10.279581069946289
0,3766,2508.646240234375,9.110053062438965
0,3767,3195.600830078125,9.713988304138184
0,3768,1665.892333984375,7.410443305969238
0,3769,3038.4833984375,10.013029098510742
0,3770,4007.5732421875,11.63894271850586
0,3771,1883.8807373046875,6.617814064025879
0,3772,712.5436401367188,5.177571773529053
0,3773,4289.28125,12.231104850769043
0,3774,3350.697265625,11.286421775817871
0,3775,4499.84228515625,11.817482948303223
0,3776,2203.78955078125,8.520723342895508
0,3777,2334.782958984375,7.82805061340332
0,3778,3477.53564453125,10.358068466186523
0,3779,2599.0,8.37195873260498
0,3780,1917.4549560546875,7.17936897277832
0,3781,2371.935546875,7.953587532043457
0,3782,3275.610107421875,9.882043838500977
0,3783,1025.6690673828125,5.485213279724121
0,3784,2162.626708984375,8.022359848022461
0,3785,1360.3138427734375,7.165706634521484
0,3786,5126.96728515625,12.340360641479492
0,3787,1172.791259765625,5.908077239990234
0,3788,3208.642578125,9.812322616577148
0,3789,1837.241455078125,7.0831217765808105
0,3790,897.8683471679688,6.173293113708496
0,3791,2020.3240966796875,7.839718818664551
0,3792,3027.491943359375,10.49871826171875
0,3793,2950.17822265625,9.533825874328613
0,3794,1604.6077880859375,6.748454570770264
0,3795,2111.82666015625,7.947759628295898
0,3796,1502.47216796875,7.202854633331299
0,3797,4206.01611328125,12.395071983337402
0,3798,1003.8450927734375,5.1743597984313965
0,3799,2105.89404296875,7.5588908195495605
0,3800,2903.1767578125,9.796979904174805
0,3801,1219.4046630859375,6.314270973205566
0,3802,2635.426513671875,9.640503883361816
0,3803,1342.90966796875,6.650081634521484
0,3804,996.1427001953125,5.023890018463135
0,3805,3695.778076171875,11.199665069580078
0,3806,3857.37158203125,10.829289436340332
0,3807,3035.305419921875,10.02889347076416
0,3808,2473.885009765625,9.261696815490723
0,3809,3251.42138671875,10.832834243774414
0,3810,1844.7012939453125,7.317815780639648
0,3811,2319.9404296875,7.847620010375977
0,3812,2260.32470703125,8.775030136108398
0,3813,1006.0223388671875,5.049991130828857
0,3814,1391.5166015625,5.952437400817871
0,3815,3647.565673828125,10.139623641967773
0,3816,2732.523193359375,8.875828742980957
0,3817,1297.760498046875,6.6639628410339355
0,3818,1628.8350830078125,7.094418525695801
0,3819,6239.85546875,14.730865478515625
0,3820,3242.7431640625,10.703046798706055
0,3821,3641.007080078125,11.45352840423584
0,3822,1786.053466796875,7.648991107940674
0,3823,3523.691650390625,11.15495777130127
0,3824,2011.9755859375,8.678744316101074
0,3825,4300.8876953125,11.791090965270996
0,3826,2194.107421875,7.583415985107422
0,3827,5490.84912109375,13.012826919555664
0,3828,1177.1031494140625,7.758594036102295
0,3829,2196.267333984375,8.484042167663574
0,3830,2886.725341796875,9.131643295288086
0,3831,1571.5513916015625,7.152579307556152
0,3832,2216.6025390625,7.9176530838012695
0,3833,3648.658447265625,11.55958080291748
0,3834,3557.980712890625,9.152628898620605
0,3835,3733.583251953125,10.877979278564453
0,3836,3336.775634765625,10.398200035095215
0,3837,3072.537841796875,9.992623329162598
0,3838,3717.815185546875,11.132343292236328
0,3839,2605.817626953125,9.460522651672363
0,3840,545.587158203125,4.378318786621094
0,3841,3897.67333984375,10.53857707977295
0,3842,1440.1741943359375,5.81072473526001
0,3843,2829.848876953125,10.175873756408691
0,3844,2444.26220703125,9.815154075622559
0,3845,2580.377685546875,9.796401977539062
0,3846,1356.9571533203125,6.361644744873047
0,3847,1245.234375,5.950572967529297
0,3848,3801.54931640625,10.635497093200684
0,3849,2038.3052978515625,8.191752433776855
0,3850,968.8099365234375,6.402442932128906
0,3851,1932.5894775390625,7.704211711883545
0,3852,1752.312744140625,7.802308082580566
0,3853,2104.358642578125,7.485566139221191
0,3854,1939.396240234375,8.03322982788086
0,3855,3239.568603515625,10.075304985046387
0,3856,1519.84765625,7.746459007263184
0,3857,2168.7666015625,7.440052032470703
0,3858,4442.818359375,12.502418518066406
0,3859,4505.64990234375,12.917058944702148
0,3860,1024.096435546875,5.430459022521973
0,3861,5050.54931640625,13.418562889099121
0,3862,2225.387939453125,7.94044828414917
0,3863,2653.779052734375,8.976057052612305
0,3864,834.8321533203125,5.433604717254639
0,3865,1421.668212890625,7.760568618774414
0,3866,271.5927734375,3.7266321182250977
0,3867,2695.9599609375,9.50651741027832
0,3868,4103.31591796875,11.826207160949707
0,3869,2918.018310546875,10.0413818359375
0,3870,1823.3704833984375,7.868854999542236
0,3871,3279.201416015625,9.766458511352539
0,3872,3820.640869140625,11.946846961975098
0,3873,2539.142578125,9.73883056640625
0,3874,1605.79541015625,6.21873140335083
0,3875,1067.0748291015625,6.425351619720459
0,3876,3940.38134765625,11.706483840942383
0,3877,1718.2955322265625,8.856745719909668
0,3878,1991.28662109375,8.18230152130127
0,3879,1635.21435546875,7.0121259689331055
0,3880,1299.30517578125,5.959766387939453
0,3881,2028.5799560546875,8.299346923828125
0,3882,2014.92041015625,8.201234817504883
0,3883,3519.17333984375,11.291912078857422
0,3884,5067.203125,12.887185096740723
0,3885,2112.09423828125,9.04970932006836
0,3886,2409.581787109375,8.995102882385254
0,3887,3071.9365234375,10.379362106323242
0,3888,3428.18505859375,11.675375938415527
0,3889,2521.25634765625,9.616823196411133
0,3890,4889.76318359375,12.115757942199707
0,3891,2276.352783203125,9.118119239807129
0,3892,4579.68701171875,13.049773216247559
0,3893,1888.887451171875,7.135175704956055
0,3894,4349.84375,12.321706771850586
0,3895,2524.173583984375,9.235626220703125
0,3896,2876.0849609375,10.355536460876465
0,3897,2522.48046875,8.924012184143066
0,3898,1684.842041015625,7.657919883728027
0,3899,3238.7490234375,10.366195678710938
0,3900,3540.498779296875,10.779661178588867
0,3901,3967.59619140625,11.522197723388672
0,3902,3463.000732421875,10.358438491821289
0,3903,3036.682373046875,10.122858047485352
0,3904,3265.03271484375,9.587212562561035
0,3905,1446.879150390625,6.840705394744873
0,3906,1271.19189453125,6.9930524826049805
0,3907,852.60546875,5.090327739715576
0,3908,2156.340087890625,8.66362190246582
0,3909,1607.500244140625,7.971281051635742
0,3910,1919.5400390625,7.187334060668945
0,3911,4863.970703125,12.098368644714355
0,3912,2065.117919921875,8.740412712097168
0,3913,3206.21044921875,10.541068077087402
0,3914,1406.5880126953125,7.078135013580322
0,3915,3375.240478515625,9.853011131286621
0,3916,2086.27587890625,9.679537773132324
0,3917,1137.361328125,5.280252933502197
0,3918,1406.1580810546875,7.225473880767822
0,3919,1817.9735107421875,8.111465454101562
0,3920,1790.7369384765625,7.280722618103027
0,3921,1086.966064453125,6.1399827003479
0,3922,2253.70947265625,8.726400375366211
0,3923,2459.156005859375,8.026410102844238
0,3924,2700.451416015625,9.443085670471191
0,3925,3870.902587890625,11.141693115234375
0,3926,1032.4766845703125,7.032193183898926
0,3927,2863.62109375,9.33199691772461
0,3928,1688.2611083984375,8.026570320129395
0,3929,3924.4619140625,11.219329833984375
0,3930,2943.906982421875,10.012004852294922
0,3931,4330.36572265625,11.53364372253418
0,3932,1142.7406005859375,6.665205001831055
0,3933,312.23779296875,4.152193069458008
0,3934,1016.5109252929688,6.315783500671387
0,3935,2164.664306640625,8.775739669799805
0,3936,2974.27880859375,9.261283874511719
0,3937,3156.923583984375,9.960107803344727
0,3938,4150.91552734375,11.478240013122559
0,3939,1479.6356201171875,7.167862892150879
0,3940,2993.797119140625,9.313942909240723
0,3941,2139.218017578125,9.822568893432617
0,3942,1389.1292724609375,6.861624240875244
0,3943,2174.794921875,8.249287605285645
0,3944,3394.462646484375,11.425169944763184
0,3945,1251.2423095703125,5.16088342666626
0,3946,1200.7572021484375,5.669966697692871
0,3947,1191.214599609375,6.712778091430664
0,3948,1782.9261474609375,6.892076015472412
0,3949,3201.4677734375,9.830215454101562
0,3950,2069.202392578125,7.288026332855225
0,3951,2713.375,9.122391700744629
0,3952,2125.6357421875,8.012161254882812
0,3953,3609.392578125,11.121847152709961
0,3954,529.0064697265625,4.871090888977051
0,3955,1698.9556884765625,7.730632305145264
0,3956,2514.11181640625,9.588200569152832
0,3957,1987.8726806640625,8.082093238830566
0,3958,2542.198486328125,9.206040382385254
0,3959,2415.722900390625,8.507269859313965
0,3960,4136.80615234375,10.458264350891113
0,3961,1802.58544921875,6.7522125244140625
0,3962,4254.25439453125,11.80763053894043
0,3963,931.4713134765625,5.980988502502441
0,3964,1185.78466796875,5.511422157287598
0,3965,3758.28759765625,12.59874153137207
0,3966,2243.966796875,8.448538780212402
0,3967,839.0427856445312,5.6242780685424805
0,3968,1439.775634765625,6.732882499694824
0,3969,1546.7567138671875,8.008855819702148
0,3970,879.12548828125,5.886478900909424
0,3971,1087.5654296875,6.6717071533203125
0,3972,3941.273193359375,11.887972831726074
0,3973,4236.109375,11.316106796264648
0,3974,2631.7001953125,9.773436546325684
0,3975,2696.703369140625,8.916214942932129
0,3976,2759.3466796875,10.020849227905273
0,3977,2390.06787109375,8.60571002960205
0,3978,2823.3427734375,8.936601638793945
0,3979,2071.035400390625,8.66473388671875
0,3980,1820.6175537109375,7.732099533081055
0,3981,1370.6136474609375,6.852526664733887
0,3982,1368.5716552734375,6.187511444091797
0,3983,1621.0369873046875,6.491579055786133
0,3984,79.89649200439453,2.5796663761138916
0,3985,3352.997802734375,11.131552696228027
0,3986,2303.715576171875,9.011828422546387
0,3987,1748.3162841796875,7.460237979888916
0,3988,1291.2864990234375,5.914929389953613
0,3989,2417.439697265625,8.636247634887695
0,3990,2023.883544921875,8.462428092956543
0,3991,1204.87255859375,5.4553022384643555
0,3992,4508.91015625,11.928791046142578
0,3993,1418.4970703125,5.690460205078125
0,3994,1961.835693359375,7.504641532897949
0,3995,2080.05615234375,7.990362167358398
0,3996,3960.40576171875,10.424336433410645
0,3997,5707.82861328125,14.646964073181152
0,3998,2542.34033203125,8.995831489562988
0,3999,4827.54736328125,11.537614822387695
0,4000,885.4843139648438,4.7337212562561035
0,4001,1975.7982177734375,8.640181541442871
0,4002,1003.0850830078125,6.643877029418945
0,4003,2614.390869140625,10.02118968963623
0,4004,2921.148193359375,9.752961158752441
0,4005,1389.87646484375,6.471065998077393
0,4006,2391.061767578125,8.074849128723145
0,4007,1638.511962890625,8.494851112365723
0,4008,648.7755737304688,4.096683025360107
0,4009,488.12139892578125,5.8495917320251465
0,4010,2629.008544921875,8.446361541748047
0,4011,3158.72998046875,8.725241661071777
0,4012,1681.3507080078125,6.49786901473999
0,4013,3218.73388671875,9.993224143981934
0,4014,1259.155029296875,6.388181209564209
0,4015,1263.2120361328125,6.161828517913818
0,4016,1657.41748046875,7.299860000610352
0,4017,550.6795654296875,3.8773765563964844
0,4018,4055.3662109375,11.617551803588867
0,4019,1353.1776123046875,6.432797908782959
0,4020,4602.67333984375,11.856313705444336
0,4021,4089.5595703125,10.64858341217041
0,4022,2121.930908203125,7.534976005554199
0,4023,4718.0400390625,11.787688255310059
0,4024,2086.673828125,8.00810432434082
0,4025,2946.319580078125,9.784079551696777
0,4026,1452.1177978515625,6.932446479797363
0,4027,1783.639892578125,7.468574523925781
0,4028,1153.5986328125,5.147771835327148
0,4029,1783.19921875,7.763424873352051
0,4030,2690.981689453125,8.394081115722656
0,4031,3945.7939453125,10.845367431640625
0,4032,1800.2130126953125,6.885712623596191
0,4033,1331.38671875,6.3437299728393555
0,4034,1771.058837890625,7.289462566375732
0,4035,2364.494140625,9.051372528076172
0,4036,2812.88037109375,8.722539901733398
0,4037,2043.7508544921875,8.056452751159668
0,4038,2331.832763671875,8.975817680358887
0,4039,804.3245849609375,5.080242156982422
0,4040,549.14599609375,4.56843376159668
0,4041,2363.296630859375,8.28502368927002
0,4042,681.901611328125,4.36744499206543
0,4043,3419.2333984375,10.394237518310547
0,4044,1310.5289306640625,6.227689743041992
0,4045,4429.1103515625,11.993247985839844
0,4046,2808.8232421875,9.675503730773926
0,4047,272.94268798828125,3.5020534992218018
0,4048,1637.9923095703125,7.015718460083008
0,4049,4039.006591796875,11.173666954040527
0,4050,4582.0224609375,12.738988876342773
0,4051,2083.90869140625,7.722949028015137
0,4052,1821.6427001953125,7.293151378631592
0,4053,866.2109375,4.910643577575684
0,4054,641.290283203125,5.097765922546387
0,4055,1884.2716064453125,8.404555320739746
0,4056,4157.57763671875,11.072691917419434
0,4057,2408.92236328125,9.497976303100586
0,4058,2394.08544921875,8.75256633758545
0,4059,2570.1259765625,8.989563941955566
0,4060,2002.9918212890625,7.968008995056152
0,4061,2862.040771484375,9.236668586730957
0,4062,1841.3975830078125,7.242361545562744
0,4063,1406.46923828125,5.857015609741211
0,4064,1046.131591796875,5.494897365570068
0,4065,1757.1064453125,7.579121112823486
0,4066,1780.5723876953125,7.080235004425049
0,4067,875.528076171875,4.954123497009277
0,4068,1540.405517578125,6.239995002746582
0,4069,1438.3218994140625,7.6458306312561035
0,4070,1587.3919677734375,6.5611138343811035
0,4071,2534.583251953125,8.63354206085205
0,4072,2082.205810546875,8.609780311584473
0,4073,2712.34423828125,8.955856323242188
0,4074,2383.44873046875,9.229966163635254
0,4075,3135.40771484375,9.920404434204102
0,4076,837.11083984375,4.676749229431152
0,4077,2234.64404296875,8.233894348144531
0,4078,3153.232666015625,9.961575508117676
0,4079,3008.212890625,9.452658653259277
0,4080,1827.2745361328125,8.554041862487793
0,4081,1665.5516357421875,7.1351318359375
0,4082,3009.0703125,9.326216697692871
0,4083,3600.352783203125,10.513057708740234
0,4084,4814.896484375,12.61939811706543
0,4085,1917.3201904296875,8.437685012817383
0,4086,2127.579833984375,8.532503128051758
0,4087,1881.6416015625,8.311854362487793
0,4088,1203.7113037109375,6.964899063110352
0,4089,3658.85595703125,10.421332359313965
0,4090,1294.521728515625,5.850007057189941
0,4091,1837.5040283203125,7.509073257446289
0,4092,1449.396728515625,6.029733180999756
0,4093,2672.69775390625,8.945211410522461
0,4094,4234.796875,11.938943862915039
0,4095,1424.331298828125,8.356773376464844
0,4096,888.94189453125,5.36006498336792
0,4097,1597.3974609375,7.318329334259033
0,4098,751.5343017578125,4.539844036102295
0,4099,731.7589111328125,4.843446731567383
0,4100,1418.891357421875,6.490553855895996
0,4101,3563.059326171875,10.23971176147461
0,4102,2212.7216796875,9.302713394165039
0,4103,4499.404296875,12.864673614501953
0,4104,1606.072998046875,7.523390293121338
0,4105,1108.504638671875,6.783269882202148
0,4106,855.125244140625,5.0858354568481445
0,4107,1640.9315185546875,6.736315727233887
0,4108,2130.8115234375,8.552186965942383
0,4109,854.5519409179688,5.21497917175293
0,4110,4572.818359375,12.267931938171387
0,4111,2889.38037109375,9.45883560180664
0,4112,1906.0477294921875,7.360159873962402
0,4113,1945.22802734375,7.670677661895752
0,4114,2066.601318359375,8.211380004882812
0,4115,1487.6446533203125,8.22757625579834
0,4116,439.82244873046875,4.974867820739746
0,4117,1986.288330078125,7.329728603363037
0,4118,2537.255859375,8.169200897216797
0,4119,3486.99609375,9.581631660461426
0,4120,4001.06591796875,10.225505828857422
0,4121,1076.454345703125,5.566688537597656
0,4122,2428.585205078125,8.553206443786621
0,4123,979.2466430664062,6.040491104125977
0,4124,3076.624755859375,10.418095588684082
0,4125,2567.080322265625,9.572325706481934
0,4126,2800.072265625,10.074559211730957
0,4127,1843.4989013671875,7.396772384643555
0,4128,1578.7034912109375,7.636118412017822
0,4129,1696.077880859375,6.888251781463623
0,4130,1160.3675537109375,6.797784805297852
0,4131,2256.4384765625,9.692792892456055
0,4132,1431.2403564453125,6.809525966644287
0,4133,1229.4588623046875,6.515073299407959
0,4134,1737.3848876953125,6.873162269592285
0,4135,2058.09375,7.871374130249023
0,4136,2768.98388671875,9.447056770324707
0,4137,3785.41796875,11.0283784866333
0,4138,2753.902587890625,9.210766792297363
0,4139,783.78564453125,4.585362434387207
0,4140,727.2822265625,5.939621925354004
0,4141,2099.017822265625,8.295348167419434
0,4142,2329.320556640625,8.378658294677734
0,4143,2454.64013671875,9.68529224395752
0,4144,1795.82958984375,7.687453269958496
0,4145,3974.91162109375,11.340052604675293
0,4146,2434.69580078125,8.449187278747559
0,4147,475.4134521484375,4.173999786376953
0,4148,2296.73974609375,8.854957580566406
0,4149,1654.629638671875,6.3154826164245605
0,4150,2088.016357421875,7.9444580078125
0,4151,947.2042236328125,5.638315677642822
0,4152,2652.260009765625,8.905973434448242
0,4153,2718.0234375,9.079565048217773
0,4154,3345.635498046875,9.981714248657227
0,4155,1015.82666015625,5.227383613586426
0,4156,2577.350830078125,8.178309440612793
0,4157,2635.27783203125,8.380367279052734
0,4158,1344.5699462890625,6.341638088226318
0,4159,1177.2423095703125,5.396517276763916
0,4160,1215.768310546875,5.670783996582031
0,4161,2642.9697265625,8.430931091308594
0,4162,1926.7154541015625,7.512671947479248
0,4163,868.7237548828125,5.766340732574463
0,4164,1351.53466796875,5.663333415985107
0,4165,3724.13232421875,10.474518775939941
0,4166,1214.5048828125,6.110035419464111
0,4167,410.17230224609375,4.032763481140137
0,4168,1290.1265869140625,6.467235565185547
0,4169,655.5382690429688,5.428259372711182
0,4170,720.867431640625,4.976649284362793
0,4171,1968.8614501953125,7.544204235076904
0,4172,1515.625732421875,5.638944149017334
0,4173,2923.334228515625,9.880247116088867
0,4174,922.2410278320312,6.236013412475586
0,4175,2865.34716796875,10.987241744995117
0,4176,2923.151123046875,9.401352882385254
0,4177,1055.8643798828125,4.880280017852783
0,4178,2499.474853515625,8.707256317138672
0,4179,2165.246826171875,8.253286361694336
0,4180,3770.713134765625,11.019536972045898
0,4181,619.55126953125,5.100745677947998
0,4182,1388.1773681640625,7.299635887145996
0,4183,1884.2342529296875,7.260480880737305
0,4184,2520.72265625,7.5702080726623535
0,4185,3330.4560546875,10.22867202758789
0,4186,2171.15625,6.906431198120117
0,4187,1378.2757568359375,6.909300327301025
0,4188,1009.3096923828125,5.069114685058594
0,4189,3187.05322265625,11.729543685913086
0,4190,2710.898193359375,8.914042472839355
0,4191,2336.401123046875,7.746519088745117
0,4192,1609.537109375,6.430990695953369
0,4193,1396.012939453125,7.021716594696045
0,4194,408.4261169433594,4.420162677764893
0,4195,2397.820556640625,9.096125602722168
0,4196,1838.3084716796875,7.875519275665283
0,4197,2672.241943359375,8.051392555236816
0,4198,3315.4453125,10.507559776306152
0,4199,2691.4404296875,9.342931747436523
0,4200,2955.433349609375,10.312816619873047
0,4201,1243.1136474609375,6.693485736846924
0,4202,2070.94873046875,9.001076698303223
0,4203,2056.911865234375,8.40018081665039
0,4204,1578.3841552734375,6.0875678062438965
0,4205,1574.80859375,6.165828704833984
0,4206,1210.140380859375,6.588024139404297
0,4207,2628.296630859375,8.163106918334961
0,4208,2923.06298828125,9.873992919921875
0,4209,2750.87109375,8.779268264770508
0,4210,2251.7353515625,8.322260856628418
0,4211,1851.66552734375,6.4687347412109375
0,4212,2685.693115234375,9.015081405639648
0,4213,2182.8544921875,7.571038246154785
0,4214,2057.30908203125,7.289821624755859
0,4215,3621.671630859375,10.358306884765625
0,4216,3266.832275390625,9.728336334228516
0,4217,1572.33642578125,6.973432540893555
0,4218,2145.63623046875,7.675644397735596
0,4219,1164.0546875,5.803730010986328
0,4220,1691.0084228515625,7.268012046813965
0,4221,2009.0963134765625,7.262224197387695
0,4222,1926.3861083984375,7.567407131195068
0,4223,2602.963134765625,9.346633911132812
0,4224,545.0682373046875,3.836158037185669
0,4225,1888.9779052734375,8.011120796203613
0,4226,3230.694091796875,9.762852668762207
0,4227,708.8485107421875,4.973199844360352
0,4228,1846.716552734375,6.883925437927246
0,4229,2070.168701171875,8.127685546875
0,4230,2529.98486328125,7.829054832458496
0,4231,4105.6513671875,10.470627784729004
0,4232,2560.275634765625,8.67212963104248
0,4233,1426.5367431640625,7.021410942077637
0,4234,1170.0767822265625,6.623868942260742
0,4235,1492.6885986328125,7.055728435516357
0,4236,1459.594970703125,6.676651477813721
0,4237,663.5507202148438,4.901265621185303
0,4238,2281.58642578125,7.772091865539551
0,4239,3616.066162109375,9.969117164611816
0,4240,1720.0098876953125,7.288964748382568
0,4241,1007.2333374023438,5.286783695220947
0,4242,1620.9178466796875,6.4630842208862305
0,4243,1072.9166259765625,5.652878761291504
0,4244,1089.63037109375,4.901375770568848
0,4245,2140.637451171875,8.070283889770508
0,4246,1458.5443115234375,6.042929649353027
0,4247,1138.6722412109375,5.7016706466674805
0,4248,951.3347778320312,5.0019426345825195
0,4249,2375.14990234375,7.245140075683594
0,4250,1618.3369140625,7.2520856857299805
0,4251,1730.19970703125,6.188724040985107
0,4252,1146.358642578125,6.135381698608398
0,4253,1163.895751953125,4.884883880615234
0,4254,1428.6661376953125,6.283487796783447
0,4255,1573.036376953125,7.31129264831543
0,4256,2387.0048828125,8.210660934448242
0,4257,2690.66796875,10.434337615966797
0,4258,1691.7149658203125,6.133614540100098
0,4259,2780.35888671875,8.586057662963867
0,4260,577.5736083984375,4.550797939300537
0,4261,1835.309326171875,7.631342887878418
0,4262,278.2815856933594,3.3901214599609375
0,4263,1046.9886474609375,5.338366508483887
0,4264,1740.096923828125,7.168908596038818
0,4265,1569.2587890625,7.096738815307617
0,4266,2333.731689453125,7.5503692626953125
0,4267,2831.780029296875,9.102596282958984
0,4268,2277.29443359375,7.783273696899414
0,4269,2113.533935546875,8.000574111938477
0,4270,1073.247314453125,6.018499851226807
0,4271,2476.18115234375,8.013838768005371
0,4272,2367.8779296875,9.59034538269043
0,4273,1240.8843994140625,6.058340072631836
0,4274,3473.984375,10.777067184448242
0,4275,2228.98193359375,8.836864471435547
0,4276,1865.4190673828125,8.647050857543945
0,4277,3066.44482421875,10.277031898498535
0,4278,1090.7667236328125,4.9279351234436035
0,4279,2605.960205078125,8.309796333312988
0,4280,2049.39501953125,7.484949111938477
0,4281,1534.3343505859375,6.908523082733154
0,4282,668.6826782226562,4.042926788330078
0,4283,1023.8309936523438,6.0658464431762695
0,4284,2198.982666015625,7.845389366149902
0,4285,2340.135498046875,9.258275985717773
0,4286,1230.3502197265625,7.785719871520996
0,4287,909.0119018554688,5.469000339508057
0,4288,2460.104736328125,8.093037605285645
0,4289,2654.28759765625,8.878138542175293
0,4290,1315.391357421875,5.831908702850342
0,4291,2024.4097900390625,7.987557411193848
0,4292,4786.82373046875,13.766282081604004
0,4293,3164.4052734375,10.073912620544434
0,4294,907.7463989257812,5.408370494842529
0,4295,1068.14208984375,4.885227680206299
0,4296,1701.965576171875,7.079630374908447
0,4297,3053.027587890625,9.508213996887207
0,4298,1653.24560546875,7.155023574829102
0,4299,2287.641845703125,9.058682441711426
0,4300,1639.526123046875,6.878722667694092
0,4301,1158.39306640625,6.492088794708252
0,4302,2252.09228515625,8.080562591552734
0,4303,2184.270751953125,7.463479042053223
0,4304,1321.6019287109375,5.957040786743164
0,4305,748.6499633789062,4.856932163238525
0,4306,2217.218994140625,8.067657470703125
0,4307,1180.7587890625,6.876979827880859
0,4308,816.9884643554688,4.653223991394043
0,4309,2232.81494140625,7.837900161743164
0,4310,713.8978271484375,4.552590370178223
0,4311,1746.0714111328125,7.964200973510742
0,4312,1478.426513671875,7.344564437866211
0,4313,2386.74169921875,8.23091983795166
0,4314,1177.402587890625,5.416203498840332
0,4315,3093.0927734375,9.973114013671875
0,4316,3285.76318359375,9.754467010498047
0,4317,1718.302734375,6.524623870849609
0,4318,1795.05322265625,6.547112464904785
0,4319,3500.686767578125,10.75257396697998
0,4320,995.5030517578125,5.908114910125732
0,4321,4161.265625,12.242115020751953
0,4322,2373.8603515625,8.693286895751953
0,4323,1994.55615234375,6.991015434265137
0,4324,2283.631103515625,8.434798240661621
0,4325,2355.468505859375,7.998225212097168
0,4326,2261.39404296875,8.345444679260254
0,4327,1062.0784912109375,5.8513970375061035
0,4328,2620.3447265625,8.9427490234375
0,4329,2090.287109375,7.641402244567871
0,4330,916.700439453125,4.383785724639893
0,4331,1809.2034912109375,6.493600368499756
0,4332,2927.225830078125,8.215484619140625
0,4333,3615.7451171875,10.448102951049805
0,4334,1279.0748291015625,6.786815643310547
0,4335,1211.203369140625,5.545984268188477
0,4336,2934.172119140625,8.240314483642578
0,4337,2102.14794921875,7.669410228729248
0,4338,1204.7734375,5.057048320770264
0,4339,2666.247802734375,9.462189674377441
0,4340,3478.093017578125,10.349148750305176
0,4341,892.3331298828125,5.410926342010498
0,4342,3717.483642578125,10.687814712524414
0,4343,1374.1201171875,5.767589092254639
0,4344,1892.4444580078125,6.240731239318848
0,4345,2106.14599609375,6.882950305938721
0,4346,840.9055786132812,5.383924961090088
0,4347,893.260986328125,5.026638507843018
0,4348,2421.9755859375,8.458125114440918
0,4349,2283.70703125,8.984020233154297
0,4350,1234.3221435546875,6.270485877990723
0,4351,787.697998046875,5.114912986755371
0,4352,199.27398681640625,3.406465768814087
0,4353,1575.2928466796875,6.399043560028076
0,4354,1274.4256591796875,6.221735954284668
0,4355,2489.2353515625,8.639866828918457
0,4356,2382.447265625,7.575643539428711
0,4357,1976.138916015625,8.137661933898926
0,4358,2125.578857421875,7.372923374176025
0,4359,1290.9986572265625,6.313717842102051
0,4360,665.4826049804688,4.081192493438721
0,4361,3611.6337890625,9.476898193359375
0,4362,1837.183837890625,6.9822468757629395
0,4363,1998.093505859375,6.579444885253906
0,4364,2273.1083984375,7.636883735656738
0,4365,1651.068359375,7.619713306427002
0,4366,3254.65234375,9.85184383392334
0,4367,840.611083984375,5.187884330749512
0,4368,1276.00390625,5.118283271789551
0,4369,3241.19287109375,10.2278470993042
0,4370,1617.884521484375,7.652824401855469
0,4371,3835.606689453125,10.901914596557617
0,4372,1356.2451171875,6.9173455238342285
0,4373,1836.352783203125,7.178345680236816
0,4374,2554.890380859375,9.08622932434082
0,4375,3728.186767578125,10.575507164001465
0,4376,634.50048828125,5.560929775238037
0,4377,206.28927612304688,3.4109482765197754
0,4378,1584.771728515625,7.157666206359863
0,4379,378.3840637207031,3.1937148571014404
0,4380,1249.8609619140625,5.984996795654297
0,4381,1764.445068359375,7.498516082763672
0,4382,2133.42919921875,8.155998229980469
0,4383,2642.532470703125,8.080458641052246
0,4384,3841.509521484375,10.464465141296387
0,4385,1524.396484375,6.946445941925049
0,4386,3391.01611328125,10.15180778503418
0,4387,1834.3402099609375,7.383619785308838
0,4388,1585.74951171875,6.940474987030029
0,4389,1130.3558349609375,6.070924758911133
0,4390,1165.5928955078125,5.633549690246582
0,4391,784.397216796875,4.483722686767578
0,4392,2275.68994140625,7.762714385986328
0,4393,784.1629638671875,5.732088088989258
0,4394,2812.045166015625,9.240734100341797
0,4395,1851.4913330078125,7.817593574523926
0,4396,1078.7667236328125,6.784195899963379
0,4397,374.3531799316406,3.799358367919922
0,4398,2085.535888671875,6.934640407562256
0,4399,1469.71728515625,6.22620153427124
0,4400,1486.5556640625,6.41845703125
0,4401,1669.3397216796875,6.795959949493408
0,4402,1505.500732421875,6.828186511993408
0,4403,1329.5047607421875,6.031766891479492
0,4404,2812.862548828125,9.403498649597168
0,4405,455.69610595703125,4.217039108276367
0,4406,1275.705078125,6.368663787841797
0,4407,1028.2613525390625,5.897505283355713
0,4408,1380.6505126953125,8.337786674499512
0,4409,950.498779296875,6.052612781524658
0,4410,2243.97607421875,8.661148071289062
0,4411,1944.564697265625,7.978148460388184
0,4412,2000.005615234375,7.29122257232666
0,4413,2007.109375,7.870234489440918
0,4414,2216.327392578125,8.299398422241211
0,4415,1418.2139892578125,6.5002007484436035
0,4416,532.7134399414062,4.289389610290527
0,4417,1233.12646484375,6.480400085449219
0,4418,2228.289794921875,9.384624481201172
0,4419,939.895751953125,5.929945945739746
0,4420,983.1507568359375,5.151469707489014
0,4421,1252.9586181640625,5.806707382202148
0,4422,1407.3668212890625,5.988725662231445
0,4423,563.2472534179688,4.374405384063721
0,4424,1145.787841796875,6.839903831481934
0,4425,1312.7188720703125,6.73315954208374
0,4426,3734.739501953125,9.631921768188477
0,4427,2118.572998046875,7.6036810874938965
0,4428,937.4462890625,4.178752422332764
0,4429,3272.308837890625,9.911005020141602
0,4430,1400.404296875,5.889374732971191
0,4431,1295.635498046875,6.147093296051025
0,4432,1706.8519287109375,6.122965335845947
0,4433,912.7100219726562,5.63011360168457
0,4434,786.5314331054688,4.992951393127441
0,4435,2226.202392578125,7.521883010864258
0,4436,3301.36572265625,9.317415237426758
0,4437,1382.974609375,5.452088832855225
0,4438,1462.0093994140625,6.404477596282959
0,4439,1106.216552734375,4.2438859939575195
0,4440,1932.4527587890625,7.642372131347656
0,4441,1656.1732177734375,6.810723304748535
0,4442,902.3880615234375,5.573384761810303
0,4443,2645.148193359375,8.518570899963379
0,4444,2328.74609375,8.303576469421387
0,4445,1572.43798828125,6.8375444412231445
0,4446,785.06005859375,4.303394317626953
0,4447,1264.854248046875,5.847797870635986
0,4448,1189.635986328125,6.52664852142334
0,4449,1445.6585693359375,6.773077964782715
0,4450,869.7557983398438,5.946908950805664
0,4451,2737.553466796875,7.991852760314941
0,4452,756.7286987304688,4.367744445800781
0,4453,2665.549072265625,7.775956153869629
0,4454,935.594482421875,5.770663261413574
0,4455,2056.453125,7.0520172119140625
0,4456,1456.5576171875,6.344945907592773
0,4457,2012.442626953125,7.314230918884277
0,4458,2359.356689453125,9.099649429321289
0,4459,572.3214111328125,4.931583404541016
0,4460,1626.9383544921875,6.8023834228515625
0,4461,227.38107299804688,4.265732765197754
0,4462,2777.956298828125,8.421419143676758
0,4463,2074.30517578125,7.637171745300293
0,4464,1533.3726806640625,6.727178573608398
0,4465,1657.0714111328125,7.560320854187012
0,4466,1735.4041748046875,7.795008182525635
0,4467,1047.8922119140625,5.484646797180176
0,4468,1181.210693359375,5.637794494628906
0,4469,1247.6781005859375,6.432140350341797
0,4470,671.745361328125,5.174114227294922
0,4471,1898.26708984375,7.836366176605225
0,4472,1786.2266845703125,7.5356974601745605
0,4473,1322.86767578125,6.194296360015869
0,4474,1215.094970703125,6.147023677825928
0,4475,2720.505859375,9.14199447631836
0,4476,1471.5108642578125,6.356487274169922
0,4477,1059.7691650390625,5.263477325439453
0,4478,3334.16064453125,10.155385971069336
0,4479,1159.471923828125,5.436020851135254
0,4480,479.0389099121094,4.311671257019043
0,4481,1162.143798828125,5.19703483581543
0,4482,2387.848388671875,7.798842430114746
0,4483,1529.18505859375,6.220410346984863
0,4484,1156.9879150390625,5.803873538970947
0,4485,1760.2662353515625,7.229665279388428
0,4486,2664.362548828125,7.420801639556885
0,4487,1253.1639404296875,6.454913139343262
0,4488,1423.7039794921875,6.203012943267822
0,4489,1249.593994140625,6.368325233459473
0,4490,339.0085754394531,4.179933547973633
0,4491,533.7022094726562,4.6409783363342285
0,4492,1203.9754638671875,5.558907985687256
0,4493,1495.2669677734375,5.772177696228027
0,4494,1359.6961669921875,7.463675498962402
0,4495,778.9122314453125,5.743215560913086
0,4496,819.5116577148438,4.931162357330322
0,4497,409.9082336425781,4.260979175567627
0,4498,671.916748046875,4.63908576965332
0,4499,800.3568115234375,5.496841907501221
0,4500,680.2466430664062,4.266438007354736
0,4501,1352.0662841796875,5.820552825927734
0,4502,2224.216796875,7.736063003540039
0,4503,3010.218994140625,9.483301162719727
0,4504,1295.60205078125,5.863714218139648
0,4505,1030.58349609375,5.675808429718018
0,4506,2319.38134765625,7.591823101043701
0,4507,419.9804992675781,3.8756260871887207
0,4508,1209.2098388671875,5.9210333824157715
0,4509,349.86724853515625,3.880971908569336
0,4510,2871.935302734375,9.840258598327637
0,4511,1194.4931640625,5.447719573974609
0,4512,996.9698486328125,6.7481536865234375
0,4513,2479.8291015625,9.432716369628906
0,4514,971.4715576171875,6.710944652557373
0,4515,1623.5850830078125,6.283013343811035
0,4516,392.7267150878906,3.5721006393432617
0,4517,1365.6328125,5.989471435546875
0,4518,1989.3338623046875,7.3793044090271
0,4519,2148.4873046875,7.4222540855407715
0,4520,509.49151611328125,4.110508441925049
0,4521,2017.3197021484375,6.909496784210205
0,4522,2103.224365234375,7.836426258087158
0,4523,1365.3775634765625,6.389519214630127
0,4524,1243.1671142578125,6.17485237121582
0,4525,1460.335205078125,6.0377516746521
0,4526,2789.203857421875,8.910435676574707
0,4527,1236.4512939453125,6.05080509185791
0,4528,1990.5302734375,7.215301513671875
0,4529,2437.142578125,8.491215705871582
0,4530,1334.4527587890625,6.492868900299072
0,4531,1580.8963623046875,7.663030624389648
0,4532,284.0565490722656,3.744046688079834
0,4533,1959.194580078125,7.724006175994873
0,4534,2303.74609375,8.870097160339355
0,4535,1568.68212890625,5.955886363983154
0,4536,810.6800537109375,4.8201069831848145
0,4537,571.4196166992188,4.566873073577881
0,4538,1239.0037841796875,5.881392955780029
0,4539,2559.29931640625,7.838467121124268
0,4540,745.27783203125,4.680187225341797
0,4541,882.8860473632812,4.983338356018066
0,4542,694.5575561523438,4.144341468811035
0,4543,2033.5732421875,9.159055709838867
0,4544,711.1150512695312,3.6170530319213867
0,4545,692.568115234375,5.113521099090576
0,4546,750.0384521484375,5.5969977378845215
0,4547,1972.905517578125,8.204181671142578
0,4548,1787.4549560546875,7.3747148513793945
0,4549,1653.4329833984375,5.778524398803711
0,4550,986.8363037109375,4.0529255867004395
0,4551,2750.454345703125,9.316262245178223
0,4552,1010.296142578125,5.767203330993652
0,4553,2155.723876953125,7.094136714935303
0,4554,1603.09521484375,5.74292516708374
0,4555,2846.818115234375,8.790085792541504
0,4556,1603.474609375,5.359642028808594
0,4557,1119.8231201171875,5.325655937194824
0,4558,1049.8138427734375,4.66882848739624
0,4559,1068.9925537109375,5.789940357208252
0,4560,1715.89794921875,7.001194953918457
0,4561,2579.860107421875,10.078003883361816
0,4562,2012.3758544921875,8.399556159973145
0,4563,1859.8148193359375,7.12182092666626
0,4564,1053.4556884765625,5.426429748535156
0,4565,732.7420043945312,5.349930763244629
0,4566,853.4671020507812,4.972184658050537
0,4567,897.1593017578125,5.757607460021973
0,4568,1632.15869140625,7.007104396820068
0,4569,1219.418701171875,5.968445777893066
0,4570,1133.774169921875,6.38178825378418
0,4571,1838.4537353515625,7.038410663604736
0,4572,1130.1763916015625,5.861298084259033
0,4573,1327.430419921875,5.746840476989746
0,4574,2701.3212890625,9.007434844970703
0,4575,2676.298095703125,9.036519050598145
0,4576,3225.478759765625,9.288860321044922
0,4577,2660.28173828125,8.705543518066406
0,4578,1199.3623046875,6.336960792541504
0,4579,1968.551513671875,8.328315734863281
0,4580,832.9324951171875,4.694756031036377
0,4581,1700.5299072265625,7.1598711013793945
0,4582,641.3065795898438,4.297901630401611
0,4583,1293.7796630859375,5.801788806915283
0,4584,1393.9820556640625,6.1367974281311035
0,4585,2723.9638671875,9.78282356262207
0,4586,876.35009765625,5.297423362731934
0,4587,1561.2373046875,6.798081398010254
0,4588,2848.3173828125,8.769980430603027
0,4589,857.6210327148438,5.437695503234863
0,4590,713.7581787109375,5.596705913543701
0,4591,1235.794921875,5.361477375030518
0,4592,1748.1639404296875,5.882772922515869
0,4593,1750.837158203125,7.471078395843506
0,4594,1835.6864013671875,8.469223022460938
0,4595,1312.4705810546875,5.867852210998535
0,4596,830.3168334960938,6.543135166168213
0,4597,2047.443359375,8.473650932312012
0,4598,2084.7412109375,8.065800666809082
0,4599,948.3379516601562,6.133467674255371
0,4600,2094.933349609375,7.4362006187438965
0,4601,853.4974975585938,5.064807891845703
0,4602,1115.546875,6.015148639678955
0,4603,223.0524139404297,3.910271644592285
0,4604,2240.0009765625,7.020224571228027
0,4605,791.9351806640625,5.580925464630127
0,4606,1233.642822265625,5.951132774353027
0,4607,924.0258178710938,6.049836158752441
0,4608,1005.637451171875,5.726702690124512
0,4609,612.934814453125,5.3461103439331055
0,4610,2326.06640625,9.029603958129883
0,4611,3155.601806640625,9.97666072845459
0,4612,1686.5052490234375,7.963013648986816
0,4613,1786.94140625,7.196660995483398
0,4614,2129.28369140625,8.436443328857422
0,4615,212.90975952148438,2.813271999359131
0,4616,2842.529541015625,9.011287689208984
0,4617,848.0453491210938,5.759547710418701
0,4618,1673.5413818359375,7.659140586853027
0,4619,1022.0580444335938,5.603649616241455
0,4620,755.0115966796875,4.913231372833252
0,4621,834.0056762695312,5.469295501708984
0,4622,1492.4285888671875,7.306595325469971
0,4623,1143.44775390625,6.343315124511719
0,4624,836.0297241210938,4.758657455444336
0,4625,1980.3223876953125,7.84041166305542
0,4626,1244.6103515625,6.687563896179199
0,4627,1823.74853515625,7.390660285949707
0,4628,1351.1318359375,6.224311351776123
0,4629,189.17800903320312,3.010094404220581
0,4630,888.4512329101562,5.245610237121582
0,4631,1754.471435546875,7.063223838806152
0,4632,590.2869262695312,4.113409996032715
0,4633,1109.4112548828125,5.170616149902344
0,4634,806.93603515625,5.676568508148193
0,4635,1094.283447265625,6.442202568054199
0,4636,1876.6253662109375,7.414876937866211
0,4637,1063.024658203125,5.252586841583252
0,4638,2542.485595703125,8.761626243591309
0,4639,865.1963500976562,5.496557235717773
0,4640,814.6107788085938,4.443728446960449
0,4641,1580.94970703125,7.024868965148926
0,4642,1386.7352294921875,6.865573883056641
0,4643,940.4719848632812,5.082947731018066
0,4644,464.5783996582031,5.743929862976074
0,4645,2034.9617919921875,7.759585380554199
0,4646,950.90185546875,5.869369029998779
0,4647,1783.762939453125,7.905532360076904
0,4648,2504.417724609375,8.36679744720459
0,4649,1672.8543701171875,7.055654048919678
0,4650,525.026611328125,4.485464572906494
0,4651,1372.2203369140625,6.377072334289551
0,4652,2372.207763671875,8.05233383178711
0,4653,1021.70849609375,5.49323844909668
0,4654,1865.6927490234375,6.755736827850342
0,4655,787.2753295898438,4.0566558837890625
0,4656,1399.1910400390625,5.947958946228027
0,4657,2165.055419921875,7.733664512634277
0,4658,1513.0272216796875,6.440329551696777
0,4659,1628.715087890625,6.5549492835998535
0,4660,1009.0834350585938,4.849472999572754
0,4661,622.9559326171875,5.042629241943359
0,4662,1884.946044921875,7.570292949676514
0,4663,1500.89208984375,6.81566047668457
0,4664,835.0556640625,5.1186017990112305
0,4665,586.60546875,4.448347091674805
0,4666,589.0078735351562,4.947606563568115
0,4667,2517.805419921875,7.928018093109131
0,4668,807.8095703125,5.584942817687988
0,4669,1649.673828125,7.093535423278809
0,4670,1442.48095703125,6.584258556365967
0,4671,1784.490478515625,7.809788703918457
0,4672,1441.5113525390625,7.806413650512695
0,4673,1998.579833984375,7.79494047164917
0,4674,1922.9862060546875,7.047144889831543
0,4675,864.9552001953125,5.255609512329102
0,4676,1648.70556640625,7.435702323913574
0,4677,1824.9913330078125,6.7120771408081055
0,4678,935.5812377929688,5.728986740112305
0,4679,2027.0228271484375,8.387534141540527
0,4680,1064.39306640625,6.577385902404785
0,4681,617.2373046875,5.372992515563965
0,4682,1820.648681640625,7.478301048278809
0,4683,592.5476684570312,4.381464004516602
0,4684,964.8588256835938,5.483605861663818
0,4685,939.965576171875,5.204010963439941
0,4686,1162.063720703125,6.529587745666504
0,4687,2467.602783203125,7.6927080154418945
0,4688,1774.931640625,6.127213954925537
0,4689,764.6858520507812,3.690714120864868
0,4690,1835.18701171875,6.9667887687683105
0,4691,1230.5535888671875,6.26048469543457
0,4692,750.8033447265625,4.629734039306641
0,4693,648.4498901367188,5.0631585121154785
0,4694,605.04541015625,4.412479877471924
0,4695,1651.0025634765625,6.973521709442139
0,4696,833.7518920898438,6.599884510040283
0,4697,1152.6712646484375,5.619950771331787
0,4698,1807.4769287109375,8.483877182006836
0,4699,834.0191650390625,5.935518741607666
0,4700,1083.9923095703125,5.3082098960876465
0,4701,1501.9530029296875,6.464931488037109
0,4702,373.81854248046875,2.9270131587982178
0,4703,845.6943359375,5.365614891052246
0,4704,2531.86572265625,9.397627830505371
0,4705,489.6212463378906,4.1932525634765625
0,4706,1692.7757568359375,7.456675052642822
0,4707,815.88525390625,5.165611267089844
0,4708,826.1008911132812,5.367754936218262
0,4709,1144.272705078125,5.548765659332275
0,4710,429.7310485839844,4.542760372161865
0,4711,3000.573974609375,10.6869535446167
0,4712,2492.522216796875,8.734291076660156
0,4713,1221.1600341796875,5.91265344619751
0,4714,1729.193359375,7.752942085266113
0,4715,1154.82958984375,6.094473838806152
0,4716,1997.9825439453125,7.275887966156006
0,4717,1826.8153076171875,6.511105537414551
0,4718,1700.4683837890625,6.845282554626465
0,4719,3571.95751953125,10.040474891662598
0,4720,853.5632934570312,6.434836387634277
0,4721,439.33453369140625,3.660429000854492
0,4722,1111.9888916015625,6.115694046020508
0,4723,2003.1854248046875,7.9678473472595215
0,4724,1484.230224609375,5.954753875732422
0,4725,1418.59912109375,6.602982521057129
0,4726,2194.575927734375,8.627795219421387
0,4727,2712.505615234375,9.607975006103516
0,4728,897.359619140625,5.309322357177734
0,4729,973.080322265625,6.103231430053711
0,4730,2331.8408203125,8.982405662536621
0,4731,1717.6678466796875,6.7923455238342285
0,4732,2205.46484375,9.152549743652344
0,4733,815.6344604492188,4.722453594207764
0,4734,1072.59033203125,5.230456352233887
0,4735,1155.14111328125,5.2574968338012695
0,4736,1470.273193359375,6.294101715087891
0,4737,1097.731689453125,6.155462265014648
0,4738,1061.4586181640625,5.26582670211792
0,4739,657.1959838867188,4.28286075592041
0,4740,2041.6951904296875,7.063800811767578
0,4741,1815.9093017578125,6.158327102661133
0,4742,1576.1259765625,6.83475923538208
0,4743,1829.3812255859375,8.593436241149902
0,4744,1225.902587890625,5.1282877922058105
0,4745,2567.70166015625,7.936436653137207
0,4746,2224.465576171875,7.274604797363281
0,4747,1712.855224609375,7.52023458480835
0,4748,2036.6337890625,8.204169273376465
0,4749,547.5399169921875,4.106072425842285
0,4750,1792.5838623046875,7.771073341369629
0,4751,1161.30029296875,7.061349868774414
0,4752,1682.70068359375,6.486351013183594
0,4753,810.0462036132812,4.909765720367432
0,4754,2116.973876953125,7.562636375427246
0,4755,1269.5023193359375,5.291568279266357
0,4756,1684.1766357421875,6.815819263458252
0,4757,1189.5921630859375,6.45290470123291
0,4758,2543.66455078125,8.32044506072998
0,4759,1069.7279052734375,5.3778204917907715
0,4760,1160.481689453125,6.093471527099609
0,4761,905.3375244140625,4.622180938720703
0,4762,1269.172607421875,5.2121992111206055
0,4763,792.3406982421875,4.572214603424072
0,4764,761.3336791992188,5.497178077697754
0,4765,1300.0489501953125,5.573333740234375
0,4766,754.7155151367188,4.175909042358398
0,4767,1080.538330078125,6.0735039710998535
0,4768,1066.4468994140625,5.334532260894775
0,4769,486.66009521484375,3.454606294631958
0,4770,645.2818603515625,4.182430744171143
0,4771,532.0607299804688,4.112092018127441
0,4772,681.1796875,4.170158386230469
0,4773,1362.2889404296875,6.970248222351074
0,4774,645.3408813476562,4.881453990936279
0,4775,962.8804931640625,4.760770320892334
0,4776,1048.990478515625,6.329413890838623
0,4777,1339.9168701171875,5.852764129638672
0,4778,1292.74609375,6.219025135040283
0,4779,2073.086669921875,7.672874450683594
0,4780,1331.703125,6.489932060241699
0,4781,1190.5311279296875,5.289695739746094
0,4782,1461.502197265625,6.244894027709961
0,4783,1503.0194091796875,7.3868489265441895
0,4784,1130.4404296875,5.911350250244141
0,4785,579.4248046875,4.122735500335693
0,4786,1265.068115234375,6.211276531219482
0,4787,1408.1278076171875,5.834308624267578
0,4788,1287.32373046875,6.183487892150879
0,4789,1522.970947265625,6.117208957672119
0,4790,1288.8248291015625,6.349505424499512
0,4791,3066.85791015625,9.340137481689453
0,4792,1678.44677734375,5.757467269897461
0,4793,1422.023193359375,6.615955829620361
0,4794,1199.9254150390625,6.68470573425293
0,4795,1770.6656494140625,6.948540687561035
0,4796,1411.1751708984375,5.727139949798584
0,4797,1398.281494140625,6.795926094055176
0,4798,1149.1158447265625,5.686061859130859
0,4799,1192.85546875,5.310093879699707
0,4800,1308.267578125,4.823604583740234
0,4801,1410.5003662109375,6.86253023147583
0,4802,1801.7890625,7.011222839355469
0,4803,240.55711364746094,3.085312843322754
0,4804,890.7708129882812,5.502434730529785
0,4805,2112.986083984375,8.401029586791992
0,4806,1557.0655517578125,6.608187198638916
0,4807,974.608154296875,5.050171375274658
0,4808,709.163330078125,5.27482795715332
0,4809,1316.8665771484375,6.826588153839111
0,4810,649.897216796875,4.839870452880859
0,4811,1673.3504638671875,7.039714336395264
0,4812,1261.387451171875,5.349465847015381
0,4813,964.130615234375,5.368269920349121
0,4814,1810.1754150390625,6.305602550506592
0,4815,740.673583984375,4.864358901977539
0,4816,696.5342407226562,4.261078834533691
0,4817,729.4750366210938,3.7373719215393066
0,4818,1242.4676513671875,5.333260536193848
0,4819,1960.2313232421875,7.6986775398254395
0,4820,2330.240478515625,8.082837104797363
0,4821,1703.154541015625,5.935985088348389
0,4822,915.6685180664062,5.27091121673584
0,4823,1093.24365234375,5.657723426818848
0,4824,2397.5068359375,7.470686435699463
0,4825,1228.0654296875,5.499075889587402
0,4826,1287.3956298828125,5.871959209442139
0,4827,1325.119384765625,4.624749183654785
0,4828,1089.08740234375,6.418128967285156
0,4829,1445.073974609375,6.578505992889404
0,4830,197.8025665283203,3.3646349906921387
0,4831,878.5330200195312,4.99660587310791
0,4832,1343.1053466796875,6.399019241333008
0,4833,640.6673583984375,4.805225849151611
0,4834,1052.0428466796875,5.274075508117676
0,4835,1675.2735595703125,6.499245643615723
0,4836,1096.9957275390625,5.14467191696167
0,4837,1357.4625244140625,5.7845659255981445
0,4838,2031.7171630859375,7.066362380981445
0,4839,2775.22412109375,9.087023735046387
0,4840,466.9436950683594,4.305634498596191
0,4841,340.78973388671875,4.293741703033447
0,4842,288.91619873046875,2.6492958068847656
0,4843,674.3861083984375,4.545624256134033
0,4844,1373.204833984375,6.538251876831055
0,4845,778.9073486328125,5.794069766998291
0,4846,949.318115234375,4.854109287261963
0,4847,1381.68359375,5.617489814758301
0,4848,2361.9375,9.099875450134277
0,4849,997.6158447265625,5.27481746673584
0,4850,1228.6983642578125,5.580625057220459
0,4851,620.2796630859375,4.982152462005615
0,4852,670.8754272460938,4.521721839904785
0,4853,366.9058532714844,3.397846221923828
0,4854,1288.8857421875,4.92663049697876
0,4855,1214.9420166015625,6.361575126647949
0,4856,1930.112548828125,8.517538070678711
0,4857,1697.19482421875,6.591589450836182
0,4858,375.2872314453125,3.7694716453552246
0,4859,928.2730712890625,5.218331336975098
0,4860,870.8867797851562,6.481115341186523
0,4861,1869.12939453125,7.035455703735352
0,4862,1237.249267578125,6.0806684494018555
0,4863,999.8268432617188,5.027052879333496
0,4864,531.3904418945312,5.93478536605835
0,4865,570.7275390625,4.228447437286377
0,4866,1792.816650390625,7.449216842651367
0,4867,1384.6243896484375,6.707929611206055
0,4868,331.1464538574219,3.2507498264312744
0,4869,1313.11328125,5.322701454162598
0,4870,781.6240234375,4.274171352386475
0,4871,1245.5479736328125,6.694799423217773
0,4872,904.69287109375,5.641655445098877
0,4873,1833.78955078125,7.955868244171143
0,4874,1745.9547119140625,6.782179355621338
0,4875,1941.1263427734375,7.053690433502197
0,4876,1018.3590698242188,5.014669895172119
0,4877,1206.1998291015625,5.236271381378174
0,4878,777.60302734375,5.138089179992676
0,4879,1298.82861328125,6.78902006149292
0,4880,1840.6043701171875,6.696975231170654
0,4881,861.7149047851562,5.38822078704834
0,4882,2115.024169921875,7.093092918395996
0,4883,639.6942138671875,5.036980628967285
0,4884,715.2005615234375,4.732818126678467
0,4885,2046.16650390625,8.322393417358398
0,4886,1223.54052734375,6.331865310668945
0,4887,1298.176513671875,6.688398361206055
0,4888,1072.4815673828125,5.082256317138672
0,4889,1538.311767578125,5.6050238609313965
0,4890,1083.3076171875,6.068082332611084
0,4891,786.1798706054688,4.869692802429199
0,4892,995.9882202148438,5.279288291931152
0,4893,2548.99365234375,9.02255630493164
0,4894,2299.947509765625,7.172701358795166
0,4895,847.0384521484375,5.320438861846924
0,4896,1448.041259765625,6.360873222351074
0,4897,349.2515563964844,4.1716814041137695
0,4898,1217.5174560546875,5.549623489379883
0,4899,764.58349609375,5.153984546661377
0,4900,1117.7340087890625,5.728662967681885
0,4901,1066.9501953125,5.869706630706787
0,4902,1526.5968017578125,6.56108283996582
0,4903,1356.2633056640625,5.864052772521973
0,4904,1652.10595703125,6.390059471130371
0,4905,324.5565490722656,3.4263126850128174
0,4906,1994.36279296875,8.229732513427734
0,4907,1961.490478515625,7.362574100494385
0,4908,1989.117431640625,7.258773326873779
0,4909,1656.814697265625,6.558383464813232
0,4910,876.5286865234375,6.059276580810547
0,4911,647.2968139648438,5.414831638336182
0,4912,2025.328369140625,7.173677444458008
0,4913,842.1766967773438,4.296270847320557
0,4914,760.1912841796875,5.9027276039123535
0,4915,1019.3645629882812,5.942938804626465
0,4916,1953.89697265625,7.723514080047607
0,4917,1994.7235107421875,6.646570205688477
0,4918,2115.185302734375,7.33074951171875
0,4919,2203.22509765625,7.9004292488098145
0,4920,810.7169799804688,4.506666660308838
0,4921,1822.137451171875,6.356959819793701
0,4922,651.1700439453125,4.340625286102295
0,4923,1005.9771728515625,5.864627838134766
0,4924,996.1420288085938,5.173319339752197
0,4925,2275.6962890625,8.68410587310791
0,4926,943.330078125,5.1804518699646
0,4927,1378.2152099609375,6.3008832931518555
0,4928,883.5231323242188,6.3397746086120605
0,4929,1715.94921875,7.058576583862305
0,4930,425.3839416503906,3.761871337890625
0,4931,880.2432861328125,4.769484043121338
0,4932,1073.1888427734375,5.904679298400879
0,4933,1573.59765625,5.887942314147949
0,4934,1990.5928955078125,7.0739922523498535
0,4935,977.7733154296875,5.590786933898926
0,4936,1662.537353515625,7.015290260314941
0,4937,1152.2135009765625,5.117701053619385
0,4938,602.6692504882812,4.12252950668335
0,4939,929.0960083007812,5.815005779266357
0,4940,566.8280029296875,4.294980049133301
0,4941,618.1620483398438,4.377023696899414
0,4942,798.0810546875,4.416482925415039
0,4943,1522.82373046875,7.505435466766357
0,4944,883.3543090820312,4.831577301025391
0,4945,883.0208740234375,4.811091899871826
0,4946,1627.2684326171875,5.724801063537598
0,4947,969.7835693359375,5.787909507751465
0,4948,711.5750122070312,4.548283576965332
0,4949,1600.493896484375,5.878819465637207
0,4950,567.4778442382812,4.289976119995117
0,4951,1734.478271484375,6.627949237823486
0,4952,823.5179443359375,5.106476306915283
0,4953,1052.52685546875,5.354711532592773
0,4954,776.5856323242188,5.721917152404785
0,4955,978.4564819335938,5.232946872711182
0,4956,660.376220703125,4.435524940490723
0,4957,1812.1339111328125,7.492745876312256
0,4958,824.0732421875,5.201756477355957
0,4959,1136.297607421875,6.494228363037109
0,4960,140.1127471923828,3.3091511726379395
0,4961,2282.40234375,8.834052085876465
0,4962,1077.5594482421875,5.131768703460693
0,4963,482.6396484375,3.509006977081299
0,4964,784.3156127929688,5.68100118637085
0,4965,1290.85791015625,5.192659378051758
0,4966,1272.2786865234375,6.628816604614258
0,4967,897.4187622070312,5.440245151519775
0,4968,938.6766357421875,4.627503871917725
0,4969,1135.1015625,5.026930809020996
0,4970,707.9857177734375,4.816195964813232
0,4971,1502.756591796875,5.880107402801514
0,4972,1414.329345703125,7.117302894592285
0,4973,1636.89599609375,8.47075080871582
0,4974,496.90777587890625,3.831392526626587
0,4975,1109.6181640625,5.71439266204834
0,4976,373.8717041015625,3.217831611633301
0,4977,969.4720458984375,4.59158992767334
0,4978,1616.69482421875,5.96566915512085
0,4979,641.8737182617188,4.594892501831055
0,4980,1145.6800537109375,5.615121841430664
0,4981,705.7261962890625,4.991509437561035
0,4982,684.8309326171875,4.570921421051025
0,4983,991.725341796875,4.714258193969727
0,4984,1446.6090087890625,6.435492038726807
0,4985,847.9332885742188,4.6800079345703125
0,4986,604.2546997070312,4.495429515838623
0,4987,535.7266235351562,4.171006202697754
0,4988,1788.445556640625,8.124937057495117
0,4989,489.76226806640625,4.1646809577941895
0,4990,1038.691162109375,6.187443733215332
0,4991,1371.806640625,5.7846150398254395
0,4992,663.8895263671875,5.104196548461914
0,4993,1220.4849853515625,5.531120300292969
0,4994,1196.3580322265625,5.940341472625732
0,4995,1893.501220703125,7.371060371398926
0,4996,1360.01171875,5.498375415802002
0,4997,1329.6534423828125,6.717482089996338
0,4998,822.6976928710938,6.208399295806885
0,4999,337.7763977050781,2.958301544189453
0,5000,1564.1300048828125,6.9019927978515625
0,5001,1760.556884765625,7.452574729919434
0,5002,691.3496704101562,3.805561065673828
0,5003,814.2410888671875,4.773491382598877
0,5004,2098.083251953125,7.785377025604248
0,5005,547.90234375,4.100578784942627
0,5006,993.58203125,5.954732894897461
0,5007,1145.37109375,5.242185592651367
0,5008,1556.521728515625,5.766815662384033
0,5009,464.2110595703125,4.732226848602295
0,5010,941.8107299804688,5.126138210296631
0,5011,807.7883911132812,4.447609901428223
0,5012,1298.989013671875,6.2252349853515625
0,5013,896.2112426757812,4.559896469116211
0,5014,1851.566650390625,6.387887477874756
0,5015,721.7018432617188,4.689856052398682
0,5016,1470.109130859375,6.17379093170166
0,5017,752.6822509765625,6.1518096923828125
0,5018,1164.6044921875,5.021708965301514
0,5019,1480.0963134765625,6.417578220367432
0,5020,1764.1708984375,6.791229248046875
0,5021,1478.327880859375,6.3986310958862305
0,5022,223.5360870361328,3.5271217823028564
0,5023,1117.5703125,6.330785751342773
0,5024,646.7911987304688,4.611941814422607
0,5025,1479.1551513671875,6.287301540374756
0,5026,723.6630859375,4.129316806793213
0,5027,1843.882080078125,7.183659553527832
0,5028,1227.3433837890625,6.32564115524292
0,5029,916.4793090820312,5.192225456237793
0,5030,661.9202270507812,4.357836723327637
0,5031,1494.913330078125,5.798867225646973
0,5032,1191.193115234375,5.302469253540039
0,5033,1715.459716796875,7.055309772491455
0,5034,781.8700561523438,5.919961452484131
0,5035,1237.3076171875,6.129192352294922
0,5036,1043.323974609375,6.078367233276367
0,5037,1375.460205078125,6.335122585296631
0,5038,980.5730590820312,4.416977882385254
0,5039,386.95758056640625,3.4771971702575684
0,5040,417.1482238769531,4.133673191070557
0,5041,2452.342529296875,8.621211051940918
0,5042,1813.47119140625,6.658210754394531
0,5043,600.6334838867188,5.079082012176514
0,5044,794.3504028320312,4.541156768798828
0,5045,1251.982666015625,5.767754077911377
0,5046,852.8128051757812,4.612782001495361
0,5047,912.5167236328125,5.64665412902832
0,5048,913.841796875,4.777618408203125
0,5049,713.4530639648438,5.163629531860352
0,5050,375.0786437988281,3.802187442779541
0,5051,1745.207763671875,6.588212013244629
0,5052,1287.9019775390625,5.560792446136475
0,5053,1120.2713623046875,5.843055248260498
0,5054,2278.564453125,8.63892650604248
0,5055,1804.334228515625,6.797618865966797
0,5056,663.1491088867188,4.50935173034668
0,5057,1819.759033203125,7.116245269775391
0,5058,607.5611572265625,4.870844841003418
0,5059,1145.461669921875,5.4408698081970215
0,5060,997.0625,4.799701690673828
0,5061,1121.43359375,5.737931251525879
0,5062,1696.6787109375,7.272744655609131
0,5063,1213.4901123046875,6.121067523956299
0,5064,831.1957397460938,5.418686866760254
0,5065,1009.9531860351562,4.638894081115723
0,5066,848.5711669921875,4.793983459472656
0,5067,861.9503784179688,4.999070644378662
0,5068,790.0205078125,4.47155237197876
0,5069,709.6050415039062,3.9186649322509766
0,5070,952.4267578125,5.551061630249023
0,5071,470.3973388671875,3.6808383464813232
0,5072,911.8113403320312,5.513564586639404
0,5073,1134.1099853515625,5.7608323097229
0,5074,1502.38916015625,6.2809739112854
0,5075,1570.8572998046875,7.13157844543457
0,5076,1109.8643798828125,5.003779411315918
0,5077,990.8517456054688,5.3009819984436035
0,5078,1554.20751953125,6.423041343688965
0,5079,1988.585693359375,7.201258182525635
0,5080,779.2693481445312,4.868303298950195
0,5081,921.9227905273438,5.045161724090576
0,5082,1299.1776123046875,6.545672416687012
0,5083,712.2374877929688,5.044923782348633
0,5084,888.3485717773438,5.045108318328857
0,5085,1438.6585693359375,5.63362979888916
0,5086,1443.3819580078125,6.19704532623291
0,5087,877.18212890625,4.82188606262207
0,5088,1732.3870849609375,7.061722755432129
0,5089,993.9105224609375,4.537336826324463
0,5090,409.6056213378906,3.9770193099975586
0,5091,1085.392333984375,5.029998779296875
0,5092,419.9173278808594,3.9456849098205566
0,5093,364.4462585449219,2.961697578430176
0,5094,1748.513916015625,6.505670070648193
0,5095,516.5533447265625,6.113929748535156
0,5096,673.6990966796875,5.822564125061035
0,5097,893.918701171875,6.231426239013672
0,5098,759.5695190429688,5.396486759185791
0,5099,1167.465087890625,5.371052265167236
0,5100,621.8709716796875,5.101292610168457
0,5101,1507.539794921875,6.70660400390625
0,5102,509.24591064453125,3.8560938835144043
0,5103,707.7542114257812,5.111605644226074
0,5104,1559.9072265625,6.686936378479004
0,5105,777.3383178710938,5.000118255615234
0,5106,1321.7611083984375,6.043864727020264
0,5107,2231.5458984375,7.783821105957031
0,5108,1358.97314453125,5.939672946929932
0,5109,1976.687255859375,7.762754440307617
0,5110,1234.100341796875,4.787487030029297
0,5111,939.6221923828125,5.849850654602051
0,5112,1690.40625,7.579562187194824
0,5113,457.98455810546875,3.713693618774414
0,5114,1064.447021484375,6.591666221618652
0,5115,1501.3348388671875,6.677549839019775
0,5116,1004.603515625,5.25098180770874
0,5117,744.599853515625,4.460909843444824
0,5118,997.4833984375,5.196012496948242
0,5119,1149.9248046875,7.299122333526611
0,5120,1571.295166015625,7.287367820739746
0,5121,1375.705810546875,5.861059188842773
0,5122,1164.1971435546875,5.365682601928711
0,5123,866.1593017578125,5.023984432220459
0,5124,804.6122436523438,5.159268856048584
0,5125,1873.59228515625,8.245386123657227
0,5126,594.1029663085938,4.714005947113037
0,5127,498.67095947265625,4.212604522705078
0,5128,837.9708251953125,4.8372297286987305
0,5129,1186.4774169921875,5.773013591766357
0,5130,1007.4637451171875,5.274096965789795
0,5131,874.5760498046875,5.887691974639893
0,5132,398.0895080566406,4.5482916831970215
0,5133,862.2113037109375,4.9769463539123535
0,5134,1292.9105224609375,5.348764419555664
0,5135,1241.7210693359375,6.066797733306885
0,5136,1399.798828125,5.994645118713379
0,5137,1810.4007568359375,6.978072643280029
0,5138,706.6367797851562,4.114833831787109
0,5139,1436.137939453125,6.559078693389893
0,5140,1337.6181640625,6.381380081176758
0,5141,1983.4525146484375,6.810416221618652
0,5142,865.2977294921875,5.922858715057373
0,5143,672.3389282226562,4.675177097320557
0,5144,997.114501953125,5.29953145980835
0,5145,745.0762939453125,4.682318210601807
0,5146,1090.9091796875,6.393594264984131
0,5147,349.26837158203125,3.711793899536133
0,5148,586.7846069335938,4.322361946105957
0,5149,1050.47314453125,5.488728046417236
0,5150,1478.699462890625,5.969435214996338
0,5151,1011.9610595703125,4.149494171142578
0,5152,399.8072814941406,3.686244487762451
0,5153,350.6099853515625,3.736665964126587
0,5154,781.5805053710938,4.175748825073242
0,5155,491.0115661621094,4.285978317260742
0,5156,785.50634765625,4.29517126083374
0,5157,1065.099853515625,5.732214450836182
0,5158,733.4447021484375,4.433706283569336
0,5159,250.08139038085938,3.0164682865142822
0,5160,729.871337890625,4.608764171600342
0,5161,1138.2672119140625,6.235538482666016
0,5162,1115.9083251953125,5.2548370361328125
0,5163,857.7341918945312,5.733323574066162
0,5164,1342.908203125,6.203563690185547
0,5165,1325.1802978515625,7.162508964538574
0,5166,656.7476806640625,4.589582443237305
0,5167,618.8746337890625,4.424629211425781
0,5168,1719.570556640625,6.540389060974121
0,5169,1393.37841796875,6.198629856109619
0,5170,948.2186889648438,4.56550931930542
0,5171,937.7581787109375,6.225710391998291
0,5172,772.9204711914062,4.556589603424072
0,5173,719.4766845703125,5.820815563201904
0,5174,1040.85302734375,5.181471824645996
0,5175,1304.6375732421875,5.930962085723877
0,5176,751.7518310546875,4.842044830322266
0,5177,1799.06689453125,7.882794380187988
0,5178,413.7598571777344,3.3079371452331543
0,5179,1074.462646484375,5.513623237609863
0,5180,2051.1357421875,8.951979637145996
0,5181,1546.4764404296875,5.5901079177856445
0,5182,1307.048095703125,5.850173473358154
0,5183,1085.0260009765625,4.793547630310059
0,5184,1412.84326171875,6.03415584564209
0,5185,641.6810302734375,4.359340667724609
0,5186,653.5606689453125,4.501616954803467
0,5187,599.016845703125,4.354986190795898
0,5188,1285.40673828125,5.888513565063477
0,5189,643.47314453125,3.8980491161346436
0,5190,650.9072875976562,4.641773223876953
0,5191,1381.05859375,4.899855613708496
0,5192,1105.1181640625,5.15006685256958
0,5193,701.4290161132812,3.946981191635132
0,5194,1142.0103759765625,6.359692573547363
0,5195,992.7332763671875,4.860586166381836
0,5196,687.5152587890625,4.384921550750732
0,5197,1591.1361083984375,7.355338096618652
0,5198,670.056640625,4.948665142059326
0,5199,1407.754638671875,6.731974124908447
0,5200,979.6651000976562,5.8908491134643555
0,5201,590.7362060546875,3.8674581050872803
0,5202,1184.311767578125,5.543081760406494
0,5203,1614.0916748046875,6.423100471496582
0,5204,973.03173828125,5.58586311340332
0,5205,466.2218933105469,4.188875675201416
0,5206,407.8567810058594,4.102945804595947
0,5207,649.4425659179688,4.769582271575928
0,5208,3466.722900390625,10.622145652770996
0,5209,375.19647216796875,3.7432327270507812
0,5210,924.4764404296875,4.64714241027832
0,5211,1015.9309692382812,5.582669258117676
0,5212,1390.506591796875,6.341922283172607
0,5213,1186.79345703125,5.79782772064209
0,5214,788.88916015625,5.764248847961426
0,5215,578.6578369140625,5.783144474029541
0,5216,536.9659423828125,3.7806012630462646
0,5217,1033.0863037109375,5.095345497131348
0,5218,1273.766357421875,5.7468085289001465
0,5219,767.9649047851562,5.373684406280518
0,5220,890.754150390625,5.2808451652526855
0,5221,929.7090454101562,6.616539478302002
0,5222,1210.877197265625,5.029266357421875
0,5223,895.0823364257812,4.82064151763916
0,5224,725.8224487304688,5.399806976318359
0,5225,404.103271484375,5.645338535308838
0,5226,942.1646118164062,4.258635997772217
0,5227,462.44476318359375,4.498204231262207
0,5228,1324.3604736328125,5.704803943634033
0,5229,463.2428283691406,3.51383900642395
0,5230,1241.525634765625,5.819450378417969
0,5231,724.8682250976562,4.789453506469727
0,5232,732.9411010742188,4.879568099975586
0,5233,886.9907836914062,5.5587592124938965
0,5234,1115.7984619140625,6.606472969055176
0,5235,683.5502319335938,4.126669883728027
0,5236,586.2197265625,4.315102577209473
0,5237,885.1826782226562,5.904096603393555
0,5238,607.7574462890625,5.551412582397461
0,5239,2036.6353759765625,8.6095609664917
0,5240,707.8635864257812,4.766376495361328
0,5241,368.37799072265625,4.1147141456604
0,5242,1284.5391845703125,6.311426639556885
0,5243,1100.16015625,5.667724609375
0,5244,775.0746459960938,3.6027560234069824
0,5245,1363.384765625,5.726515769958496
0,5246,1607.935791015625,6.443678379058838
0,5247,1201.9630126953125,5.389470100402832
0,5248,1104.242919921875,6.045562744140625
0,5249,966.4656372070312,4.7454304695129395
0,5250,1670.82861328125,6.6471405029296875
0,5251,838.54443359375,6.579226493835449
0,5252,994.0720825195312,5.773725509643555
0,5253,476.03509521484375,4.113478660583496
0,5254,399.6711730957031,4.116164684295654
0,5255,718.5867919921875,4.739415645599365
0,5256,1138.993408203125,5.864072799682617
0,5257,1728.469482421875,6.800319671630859
0,5258,785.5043334960938,4.67669153213501
0,5259,815.5860595703125,5.633363723754883
0,5260,1596.6995849609375,6.174215316772461
0,5261,1378.0604248046875,6.246853828430176
0,5262,434.1094665527344,3.269803047180176
0,5263,1879.7103271484375,6.905488967895508
0,5264,1171.4752197265625,5.951361179351807
0,5265,1541.4595947265625,6.660708904266357
0,5266,1260.814697265625,5.5585246086120605
0,5267,968.200439453125,5.0551252365112305
0,5268,218.6546630859375,3.0881941318511963
0,5269,1286.7030029296875,6.626908779144287
0,5270,1076.5765380859375,5.627551078796387
0,5271,854.4849243164062,5.4879374504089355
0,5272,1193.1534423828125,6.425704002380371
0,5273,333.7680358886719,3.7794034481048584
0,5274,855.5416259765625,5.358766555786133
0,5275,538.1490478515625,4.349735260009766
0,5276,816.7598266601562,5.613021373748779
0,5277,1274.68798828125,6.125410556793213
0,5278,1149.2432861328125,5.564778804779053
0,5279,2189.280029296875,7.633733749389648
0,5280,806.7991333007812,4.89628791809082
0,5281,835.8284301757812,4.842093467712402
0,5282,757.0991821289062,3.804311990737915
0,5283,791.7515869140625,4.7667036056518555
0,5284,1220.906494140625,6.8868913650512695
0,5285,770.4864501953125,6.502829074859619
0,5286,747.0560913085938,5.072164535522461
0,5287,1236.142822265625,5.721920490264893
0,5288,2396.79443359375,7.259073734283447
0,5289,1622.5052490234375,7.656526565551758
0,5290,1218.5050048828125,5.579425811767578
0,5291,652.8576049804688,4.741949081420898
0,5292,755.648681640625,4.479124069213867
0,5293,792.2854614257812,4.504377365112305
0,5294,1573.119873046875,6.450309753417969
0,5295,1291.8336181640625,6.413881778717041
0,5296,1237.6318359375,5.9611687660217285
0,5297,1855.712890625,7.200899124145508
0,5298,1358.8765869140625,5.673098087310791
0,5299,400.9794006347656,3.1113030910491943
0,5300,825.5410766601562,5.022152900695801
0,5301,622.1546020507812,4.630336761474609
0,5302,933.0992431640625,5.2647552490234375
0,5303,1170.1239013671875,5.584895610809326
0,5304,719.7376098632812,4.331587791442871
0,5305,1172.600341796875,5.761720657348633
0,5306,988.949462890625,4.953044414520264
0,5307,144.3306427001953,3.3543434143066406
0,5308,739.5068969726562,4.0109734535217285
0,5309,460.5749816894531,3.629643440246582
0,5310,1469.2503662109375,6.332126140594482
0,5311,932.2964477539062,5.728668212890625
0,5312,407.7512512207031,3.906773090362549
0,5313,638.065673828125,4.072508811950684
0,5314,1283.614990234375,6.2319793701171875
0,5315,373.5281066894531,3.909825325012207
0,5316,398.1883544921875,4.475637912750244
0,5317,1057.25146484375,5.023262023925781
0,5318,639.932861328125,4.993268013000488
0,5319,534.4999389648438,3.913473129272461
0,5320,812.8171997070312,4.745577335357666
0,5321,551.652587890625,4.9945807456970215
0,5322,686.0771484375,5.7044477462768555
0,5323,293.35504150390625,3.4140007495880127
0,5324,674.03271484375,5.016230583190918
0,5325,1184.4354248046875,7.423083305358887
0,5326,743.4024047851562,5.688868999481201
0,5327,1065.78564453125,6.949107646942139
0,5328,504.1092834472656,4.499948501586914
0,5329,946.8340454101562,5.323335647583008
0,5330,847.396484375,5.080694198608398
0,5331,1338.9876708984375,5.872210502624512
0,5332,1396.61376953125,6.105201721191406
0,5333,280.9044189453125,3.8003482818603516
0,5334,879.01220703125,5.175980567932129
0,5335,1168.2169189453125,6.546607494354248
0,5336,889.6693115234375,4.257456302642822
0,5337,740.1435546875,4.622060775756836
0,5338,1633.1422119140625,5.898675918579102
0,5339,1061.780517578125,5.4925737380981445
0,5340,616.2037353515625,4.903221607208252
0,5341,1783.9224853515625,6.755411148071289
0,5342,965.6505737304688,4.569018840789795
0,5343,567.8255615234375,3.713149070739746
0,5344,1637.8238525390625,7.046173572540283
0,5345,225.60617065429688,3.932826519012451
0,5346,362.6658020019531,3.0108447074890137
0,5347,913.3599853515625,5.095149993896484
0,5348,912.5056762695312,5.523587226867676
0,5349,865.3859252929688,5.729089260101318
0,5350,1357.4102783203125,6.167687892913818
0,5351,154.86216735839844,3.1198043823242188
0,5352,770.431396484375,5.179291248321533
0,5353,532.0244750976562,4.380914688110352
0,5354,301.82843017578125,3.71376633644104
0,5355,2079.545166015625,7.884683609008789
0,5356,1053.7540283203125,6.410389423370361
0,5357,777.8108520507812,6.272139072418213
0,5358,302.03887939453125,5.030922889709473
0,5359,939.30908203125,6.132320404052734
0,5360,1180.4307861328125,5.085150718688965
0,5361,259.2814025878906,4.3328142166137695
0,5362,711.8095092773438,5.101120471954346
0,5363,1518.261962890625,6.676295757293701
0,5364,1010.1380004882812,4.856639862060547
0,5365,2233.07763671875,6.8886590003967285
0,5366,1083.0716552734375,5.7668232917785645
0,5367,289.85772705078125,3.635999917984009
0,5368,155.41900634765625,3.5263612270355225
0,5369,94.61344146728516,2.803941249847412
0,5370,876.2442016601562,5.748339653015137
0,5371,1422.75537109375,6.190502166748047
0,5372,1074.619140625,5.327933311462402
0,5373,983.47509765625,5.520355224609375
0,5374,747.8047485351562,5.122053623199463
0,5375,700.4686889648438,4.421278953552246
0,5376,944.1962280273438,4.262015342712402
0,5377,681.5685424804688,4.730956077575684
0,5378,780.910400390625,5.457930564880371
0,5379,322.63006591796875,3.2600460052490234
0,5380,1879.9022216796875,7.297550201416016
0,5381,864.0752563476562,5.6356587409973145
0,5382,836.2880249023438,4.585700511932373
0,5383,352.7322082519531,3.6475143432617188
0,5384,715.5082397460938,4.3641581535339355
0,5385,839.3426513671875,4.415884017944336
0,5386,1091.4261474609375,5.012756824493408
0,5387,1400.740234375,6.591577053070068
0,5388,1375.650634765625,6.23962926864624
0,5389,851.1604614257812,5.157282829284668
0,5390,765.4898071289062,4.704535961151123
0,5391,153.79745483398438,3.5814685821533203
0,5392,430.4998474121094,5.0260701179504395
0,5393,754.0169067382812,4.132526397705078
0,5394,625.2880859375,4.150262355804443
0,5395,905.4915161132812,5.780276775360107
0,5396,1411.3037109375,6.401492595672607
0,5397,540.8619384765625,4.786279678344727
0,5398,410.6310119628906,4.0463104248046875
0,5399,1263.1015625,6.014625549316406
0,5400,1534.2269287109375,6.163338661193848
0,5401,398.8144836425781,3.64235258102417
0,5402,565.6104125976562,3.7074778079986572
0,5403,1417.661865234375,5.995924472808838
0,5404,1085.6435546875,5.1281585693359375
0,5405,589.8458251953125,3.9481074810028076
0,5406,736.4826049804688,4.465312957763672
0,5407,653.5194091796875,4.629046440124512
0,5408,905.0560913085938,4.900441646575928
0,5409,199.2602996826172,2.3084914684295654
0,5410,372.26220703125,3.619309902191162
0,5411,1165.1885986328125,6.030065536499023
0,5412,948.7589721679688,4.552458763122559
0,5413,796.1030883789062,4.9211649894714355
0,5414,798.9600219726562,3.8540120124816895
0,5415,453.4618835449219,3.531698226928711
0,5416,984.8607177734375,5.179667949676514
0,5417,551.1507568359375,4.829029560089111
0,5418,784.74072265625,4.446651935577393
0,5419,842.3822631835938,4.7128448486328125
0,5420,422.7788391113281,3.039112091064453
0,5421,711.6632690429688,3.910015106201172
0,5422,115.329833984375,3.3253655433654785
0,5423,973.4118041992188,5.240130424499512
0,5424,841.9024047851562,4.178350448608398
0,5425,645.2329711914062,4.992339611053467
0,5426,1337.1826171875,5.707739353179932
0,5427,879.192626953125,5.267940044403076
0,5428,631.4909057617188,4.551689624786377
0,5429,453.08331298828125,5.529021263122559
0,5430,1685.4661865234375,6.746025085449219
0,5431,1147.6458740234375,5.737829208374023
0,5432,602.7839965820312,4.420439720153809
0,5433,612.1524658203125,5.029991149902344
0,5434,242.5748291015625,3.214447021484375
0,5435,843.8497314453125,4.588184356689453
0,5436,774.761474609375,4.586756706237793
0,5437,1019.8427124023438,5.065455913543701
0,5438,2066.798828125,7.671594619750977
0,5439,125.42157745361328,2.794793128967285
0,5440,807.1442260742188,4.852996826171875
0,5441,1068.4066162109375,5.351457595825195
0,5442,2041.1083984375,8.682085037231445
0,5443,1044.384033203125,5.726805686950684
0,5444,937.1763916015625,4.762934684753418
0,5445,789.5759887695312,3.800764322280884
0,5446,1115.59912109375,5.565680027008057
0,5447,665.4779052734375,4.258490562438965
0,5448,846.6493530273438,4.263082981109619
0,5449,1345.0206298828125,6.16070556640625
0,5450,1047.671875,6.182892322540283
0,5451,603.949951171875,4.030450820922852
0,5452,1614.4639892578125,6.566326141357422
0,5453,845.5963134765625,5.096940994262695
0,5454,692.7749633789062,4.899700164794922
0,5455,901.3446044921875,4.79359245300293
0,5456,1538.6287841796875,6.818911552429199
0,5457,592.9190063476562,4.508175849914551
0,5458,685.2843627929688,4.740528106689453
0,5459,1046.794189453125,5.717978477478027
0,5460,465.33282470703125,4.571417331695557
0,5461,1195.6396484375,5.995946407318115
0,5462,738.1303100585938,4.116613864898682
0,5463,819.3439331054688,5.541839599609375
0,5464,805.4863891601562,5.019477844238281
0,5465,1510.2110595703125,7.112205505371094
0,5466,546.4627685546875,4.6301045417785645
0,5467,1715.719482421875,6.045284271240234
0,5468,965.9066162109375,6.553532600402832
0,5469,1238.7015380859375,5.885221481323242
0,5470,368.8896789550781,3.468547821044922
0,5471,620.2022705078125,4.924903392791748
0,5472,481.17205810546875,3.8807482719421387
0,5473,649.5558471679688,4.553104877471924
0,5474,256.02447509765625,3.561023235321045
0,5475,404.6794128417969,3.5518248081207275
0,5476,1828.231201171875,6.750594139099121
0,5477,258.083251953125,3.3755860328674316
0,5478,798.5181884765625,3.9992690086364746
0,5479,830.2684936523438,4.485664367675781
0,5480,736.430419921875,4.845613479614258
0,5481,1149.855224609375,5.150005340576172
0,5482,480.7757568359375,5.32261848449707
0,5483,953.1318359375,5.676298141479492
0,5484,571.439208984375,4.029953479766846
0,5485,989.0791015625,5.778335094451904
0,5486,1085.249267578125,5.074887275695801
0,5487,816.44970703125,4.639596462249756
0,5488,604.8416137695312,4.244244575500488
0,5489,674.90673828125,5.2111921310424805
0,5490,1591.7421875,7.533962726593018
0,5491,836.9568481445312,4.1930742263793945
0,5492,1518.7823486328125,6.4321513175964355
0,5493,1114.512939453125,6.164511680603027
0,5494,911.906494140625,5.532812595367432
0,5495,431.2164306640625,4.336641311645508
0,5496,1015.0363159179688,5.407001972198486
0,5497,496.0090637207031,4.3663649559021
0,5498,619.6708984375,5.00857400894165
0,5499,836.988525390625,5.151928424835205
0,5500,840.0726318359375,5.170435905456543
0,5501,861.3914794921875,5.509026527404785
0,5502,797.3735961914062,4.72603702545166
0,5503,231.65931701660156,2.9918479919433594
0,5504,652.5856323242188,3.9430313110351562
0,5505,1168.9078369140625,5.938557147979736
0,5506,353.49578857421875,3.924004077911377
0,5507,1200.0130615234375,6.398906707763672
0,5508,1275.9271240234375,6.486787796020508
0,5509,369.70050048828125,4.112837791442871
0,5510,440.97503662109375,3.594165802001953
0,5511,1334.0101318359375,6.312862396240234
0,5512,808.5989379882812,4.397503852844238
0,5513,1070.121337890625,5.281554222106934
0,5514,1303.7869873046875,5.873284339904785
0,5515,898.256103515625,4.374309539794922
0,5516,452.8465576171875,3.853524923324585
0,5517,1246.9930419921875,5.307642459869385
0,5518,647.77099609375,3.735548496246338
0,5519,473.22796630859375,4.042145729064941
0,5520,571.10888671875,4.188908576965332
0,5521,851.5236206054688,4.96638822555542
0,5522,1112.504150390625,5.387430191040039
0,5523,497.1324768066406,3.520995616912842
0,5524,851.5198364257812,5.501657485961914
0,5525,1329.4508056640625,6.2770304679870605
0,5526,1486.292724609375,6.421111106872559
0,5527,1596.0556640625,8.37134075164795
0,5528,916.593505859375,6.103888034820557
0,5529,885.5493774414062,4.799161911010742
0,5530,952.3322143554688,5.1122307777404785
0,5531,634.3717041015625,5.1126017570495605
0,5532,283.23089599609375,3.4716148376464844
0,5533,1093.7425537109375,5.610445022583008
0,5534,1532.9923095703125,6.664109706878662
0,5535,852.9472045898438,4.474492073059082
0,5536,831.0339965820312,5.676483631134033
0,5537,361.8142395019531,4.179111480712891
0,5538,691.8863525390625,5.10154914855957
0,5539,1297.14453125,5.474893093109131
0,5540,1014.47900390625,5.5877227783203125
0,5541,631.4107055664062,4.980192184448242
0,5542,1768.5638427734375,6.1790924072265625
0,5543,283.92584228515625,3.6271629333496094
0,5544,1209.59326171875,5.434197425842285
0,5545,830.2869873046875,5.023404598236084
0,5546,928.32373046875,4.1587042808532715
0,5547,1427.4373779296875,7.4151291847229
0,5548,599.3461303710938,3.766554355621338
0,5549,1434.8079833984375,7.105072498321533
0,5550,1003.92333984375,4.457417011260986
0,5551,540.80322265625,4.8598432540893555
0,5552,966.3609619140625,5.001827239990234
0,5553,517.0479125976562,4.059875965118408
0,5554,856.0160522460938,5.780858993530273
0,5555,1085.8109130859375,5.483737945556641
0,5556,1219.0853271484375,5.399691581726074
0,5557,542.201171875,3.921635866165161
0,5558,422.16094970703125,4.107150077819824
0,5559,1877.686767578125,6.739231109619141
0,5560,364.47900390625,3.3473403453826904
0,5561,1828.2698974609375,7.246280193328857
0,5562,585.5043334960938,4.618264198303223
0,5563,1157.996337890625,5.695974349975586
0,5564,984.3261108398438,5.102264404296875
0,5565,1069.714111328125,5.668043613433838
0,5566,1049.0338134765625,5.495424270629883
0,5567,1005.593017578125,6.352413177490234
0,5568,735.6690673828125,4.068649768829346
0,5569,442.6829528808594,3.715284824371338
0,5570,581.0482177734375,5.477579116821289
0,5571,1111.9296875,6.2200446128845215
0,5572,1008.4954223632812,5.17390251159668
0,5573,799.380126953125,4.536223411560059
0,5574,521.7415161132812,3.5513198375701904
0,5575,786.8506469726562,5.032958984375
0,5576,1091.4752197265625,5.794043064117432
0,5577,892.4526977539062,4.5796637535095215
0,5578,995.6105346679688,5.243286609649658
0,5579,689.2156982421875,4.237967491149902
0,5580,637.9246826171875,4.664100646972656
0,5581,1003.3948974609375,6.470748424530029
0,5582,999.2785034179688,5.504228115081787
0,5583,1172.446533203125,6.197722434997559
0,5584,695.4744873046875,4.197457790374756
0,5585,1030.116943359375,5.50583553314209
0,5586,793.7604370117188,5.000702857971191
0,5587,812.3890991210938,4.634658336639404
0,5588,634.7965698242188,4.244020462036133
0,5589,1034.684326171875,5.934691429138184
0,5590,1779.02685546875,8.32250690460205
0,5591,849.3763427734375,4.9933762550354
0,5592,1225.7657470703125,7.140942573547363
0,5593,582.333251953125,4.436936378479004
0,5594,303.8706970214844,4.030014514923096
0,5595,729.1718139648438,4.331048011779785
0,5596,332.4986572265625,2.8310132026672363
0,5597,615.6812133789062,5.414742469787598
0,5598,208.55801391601562,2.9928436279296875
0,5599,1011.3983764648438,5.420934677124023
0,5600,704.8489379882812,4.907342910766602
0,5601,810.2212524414062,4.859249591827393
0,5602,622.91552734375,4.452864646911621
0,5603,992.8072509765625,4.7825140953063965
0,5604,1118.6810302734375,5.282090187072754
0,5605,378.73358154296875,4.2019453048706055
0,5606,899.8709106445312,5.20911169052124
0,5607,455.67120361328125,4.133857250213623
0,5608,1079.7724609375,5.19985818862915
0,5609,272.2991638183594,3.581127643585205
0,5610,802.0407104492188,5.413146495819092
0,5611,1055.534912109375,5.467062950134277
0,5612,460.4041442871094,3.717935562133789
0,5613,945.77001953125,5.63224983215332
0,5614,1387.2130126953125,6.308133602142334
0,5615,658.04248046875,5.304577350616455
0,5616,1320.216064453125,6.169114112854004
0,5617,774.2167358398438,4.783639430999756
0,5618,1515.0618896484375,6.996469974517822
0,5619,831.5018920898438,4.609096527099609
0,5620,793.4898681640625,4.714428901672363
0,5621,2084.5849609375,7.654033660888672
0,5622,502.6109924316406,4.440369606018066
0,5623,729.0181274414062,4.974548816680908
0,5624,753.2874145507812,5.312285423278809
0,5625,356.18145751953125,4.262739181518555
0,5626,275.06744384765625,3.1409389972686768
0,5627,959.9651489257812,5.465460300445557
0,5628,450.5216369628906,4.250232696533203
0,5629,361.130615234375,2.8108601570129395
0,5630,387.9973449707031,4.290688991546631
0,5631,959.4671630859375,5.271427154541016
0,5632,366.55841064453125,3.1720197200775146
0,5633,1237.6922607421875,4.837440013885498
0,5634,425.28033447265625,4.671774864196777
0,5635,1586.5081787109375,6.00668478012085
0,5636,963.2247314453125,4.553375244140625
0,5637,306.8377685546875,2.617435932159424
0,5638,548.15625,4.466468811035156
0,5639,1335.666748046875,5.734720230102539
0,5640,1399.4332275390625,6.473493576049805
0,5641,994.1939697265625,6.3502044677734375
0,5642,776.9261474609375,5.185116767883301
0,5643,1087.975341796875,5.197139263153076
0,5644,356.77313232421875,3.209595203399658
0,5645,176.12818908691406,3.387417793273926
0,5646,1120.2216796875,5.277578830718994
0,5647,922.7296752929688,5.514355659484863
0,5648,1359.8582763671875,6.347577095031738
0,5649,1612.70849609375,6.813317775726318
0,5650,1285.29833984375,6.588204383850098
0,5651,670.5362548828125,4.48869514465332
0,5652,1051.1575927734375,6.704395294189453
0,5653,869.5983276367188,5.254276752471924
0,5654,956.628173828125,4.96281623840332
0,5655,479.06317138671875,4.029064178466797
0,5656,389.2095947265625,2.97115421295166
0,5657,504.9735412597656,3.5841076374053955
0,5658,116.30852508544922,2.936399459838867
0,5659,278.3201599121094,3.969923257827759
0,5660,785.205078125,4.771696090698242
0,5661,662.4281616210938,4.3610429763793945
0,5662,853.8709106445312,5.314906597137451
0,5663,799.5712890625,4.781373023986816
0,5664,1535.58447265625,6.938595771789551
0,5665,776.7078857421875,4.374282360076904
0,5666,1395.5308837890625,6.846609592437744
0,5667,433.6402587890625,4.321013450622559
0,5668,914.2001342773438,4.84440279006958
0,5669,644.2869873046875,4.234504699707031
0,5670,871.8507690429688,4.942263603210449
0,5671,382.79351806640625,5.052700996398926
0,5672,411.2176513671875,5.006999969482422
0,5673,536.166748046875,4.765151023864746
0,5674,1179.4488525390625,5.73961877822876
0,5675,1318.084716796875,5.775501251220703
0,5676,1048.927734375,6.2539873123168945
0,5677,785.2640380859375,4.896486759185791
0,5678,612.1953735351562,4.350092887878418
0,5679,269.12249755859375,3.2789154052734375
0,5680,574.2115478515625,3.733088493347168
0,5681,661.7941284179688,4.858302116394043
0,5682,684.8428344726562,4.531398296356201
0,5683,418.80670166015625,4.717482089996338
0,5684,1018.85888671875,5.456313133239746
0,5685,1012.053466796875,5.153038024902344
0,5686,703.665771484375,4.613307952880859
0,5687,978.4086303710938,5.2549638748168945
0,5688,760.0835571289062,4.211210250854492
0,5689,596.35009765625,5.021361351013184
0,5690,151.06961059570312,3.1375632286071777
0,5691,828.9404296875,5.392764091491699
0,5692,1262.7281494140625,6.302147388458252
0,5693,846.6994018554688,4.949618816375732
0,5694,1042.5863037109375,5.0562052726745605
0,5695,977.0386962890625,5.01768684387207
0,5696,519.3462524414062,3.9923183917999268
0,5697,1091.1199951171875,5.1129279136657715
0,5698,389.27252197265625,3.2955126762390137
0,5699,1259.6361083984375,6.441635608673096
0,5700,561.5452880859375,5.178607940673828
0,5701,885.8987426757812,5.6667938232421875
0,5702,362.6205749511719,4.260453224182129
0,5703,172.40774536132812,3.1757516860961914
0,5704,570.1639404296875,3.7301065921783447
0,5705,1349.9027099609375,6.188614845275879
0,5706,627.7901611328125,4.400757312774658
0,5707,817.321533203125,4.31727933883667
0,5708,800.4305419921875,4.088998317718506
0,5709,640.18603515625,4.5887250900268555
0,5710,847.8882446289062,4.615062713623047
0,5711,831.7457275390625,4.654690265655518
0,5712,389.7713623046875,4.2533278465271
0,5713,815.308837890625,5.585615158081055
0,5714,559.756591796875,3.476823568344116
0,5715,352.73150634765625,3.8052966594696045
0,5716,991.7154541015625,6.860057830810547
0,5717,918.3262939453125,5.405632972717285
0,5718,957.4055786132812,5.43411922454834
0,5719,391.12933349609375,3.718379020690918
0,5720,1835.381103515625,8.143860816955566
0,5721,1475.21337890625,7.6884894371032715
0,5722,385.8658142089844,3.597543716430664
0,5723,1405.3970947265625,6.429926872253418
0,5724,495.6451110839844,4.57297420501709
0,5725,792.2880249023438,5.0452775955200195
0,5726,1204.088623046875,6.314866542816162
0,5727,312.51513671875,2.775008201599121
0,5728,1054.7684326171875,5.6055779457092285
0,5729,540.121337890625,4.300559043884277
0,5730,1202.4410400390625,5.345766067504883
0,5731,501.6602478027344,4.41392707824707
0,5732,470.25592041015625,3.2830135822296143
0,5733,637.5201416015625,4.183749675750732
0,5734,1064.201416015625,5.293846130371094
0,5735,105.80992126464844,2.2661561965942383
0,5736,507.872314453125,5.362630844116211
0,5737,1624.8739013671875,7.775620937347412
0,5738,716.3806762695312,4.786905288696289
0,5739,1090.3924560546875,6.389395236968994
0,5740,989.7677612304688,5.391404151916504
0,5741,237.5201873779297,3.809326648712158
0,5742,201.93089294433594,3.15632963180542
0,5743,254.33944702148438,3.191704273223877
0,5744,772.72802734375,4.536081314086914
0,5745,954.0797729492188,5.3178863525390625
0,5746,679.2686157226562,4.072177410125732
0,5747,900.4531860351562,5.377138137817383
0,5748,835.3591918945312,6.189992904663086
0,5749,633.0988159179688,4.217491149902344
0,5750,708.7610473632812,5.495193958282471
0,5751,178.7474822998047,3.108675718307495
0,5752,1207.72705078125,6.378676414489746
0,5753,1196.824462890625,6.03239631652832
0,5754,1410.0955810546875,7.26643180847168
0,5755,610.6207885742188,4.326431751251221
0,5756,617.66064453125,3.802319288253784
0,5757,611.1982421875,4.576594352722168
0,5758,189.04742431640625,3.0435919761657715
0,5759,1252.133544921875,6.66192626953125
0,5760,560.3897705078125,4.880130767822266
0,5761,614.6021118164062,4.129362106323242
0,5762,957.8660278320312,4.588046550750732
0,5763,699.982177734375,4.1014933586120605
0,5764,734.5380249023438,4.434032917022705
0,5765,929.7971801757812,4.933971405029297
0,5766,120.8118896484375,2.9394352436065674
0,5767,180.71734619140625,3.2285289764404297
0,5768,790.13330078125,5.893369674682617
0,5769,553.4332275390625,4.885500907897949
0,5770,567.3023071289062,4.476297855377197
0,5771,658.4231567382812,4.950582504272461
0,5772,1150.6275634765625,5.205883979797363
0,5773,466.0029602050781,3.7063045501708984
0,5774,922.8416748046875,4.650269508361816
0,5775,936.1998901367188,5.708352088928223
0,5776,514.0535888671875,4.577052116394043
0,5777,602.9808349609375,4.1633830070495605
0,5778,313.6662902832031,3.165116548538208
0,5779,745.2691650390625,5.629692554473877
0,5780,673.106201171875,4.918334007263184
0,5781,324.6911926269531,3.5657224655151367
0,5782,790.1815795898438,5.289501667022705
0,5783,345.140625,3.4387478828430176
0,5784,926.2249755859375,4.566669464111328
0,5785,1359.438720703125,6.336031913757324
0,5786,1435.0389404296875,6.35019063949585
0,5787,416.2132263183594,4.117599964141846
0,5788,1260.425048828125,5.444725036621094
0,5789,374.8187561035156,3.646134853363037
0,5790,617.071533203125,4.030359745025635
0,5791,569.6343383789062,4.648834705352783
0,5792,624.4207763671875,4.726094722747803
0,5793,1292.049072265625,5.225689888000488
0,5794,296.6396789550781,3.057168483734131
0,5795,1046.30908203125,5.967153549194336
0,5796,827.9446411132812,4.832873821258545
0,5797,760.1519165039062,3.9961178302764893
0,5798,430.06365966796875,3.300661325454712
0,5799,408.5433654785156,3.7549848556518555
0,5800,486.68035888671875,5.2706685066223145
0,5801,912.3240966796875,5.157614231109619
0,5802,1517.15576171875,6.820167541503906
0,5803,616.5150756835938,5.5812764167785645
0,5804,826.3349609375,5.199554920196533
0,5805,637.7078857421875,4.157365798950195
0,5806,878.7281494140625,3.579101800918579
0,5807,1253.9215087890625,6.313226222991943
0,5808,967.1970825195312,5.178825855255127
0,5809,751.4658813476562,6.208045482635498
0,5810,795.5977783203125,4.62393045425415
0,5811,563.2951049804688,4.947877407073975
0,5812,1226.3907470703125,5.166930198669434
0,5813,332.99615478515625,3.9464380741119385
0,5814,226.95428466796875,3.1922779083251953
0,5815,1420.1363525390625,5.876051425933838
0,5816,304.78814697265625,3.5955333709716797
0,5817,891.3551025390625,4.45361328125
0,5818,859.9236450195312,5.011473655700684
0,5819,568.0061645507812,4.049298286437988
0,5820,601.89208984375,4.379353046417236
0,5821,305.1648254394531,3.532491683959961
0,5822,537.0477294921875,3.5683844089508057
0,5823,781.9981689453125,3.9685444831848145
0,5824,899.9744873046875,5.316905975341797
0,5825,997.5011596679688,5.2166056632995605
0,5826,615.7030639648438,5.034320831298828
0,5827,518.908447265625,4.470701694488525
0,5828,293.5107116699219,2.8767940998077393
0,5829,541.3792724609375,4.351744174957275
0,5830,286.072265625,3.8758058547973633
0,5831,601.4072875976562,5.703630447387695
0,5832,525.3175048828125,4.725313186645508
0,5833,490.00274658203125,4.452143669128418
0,5834,890.7186889648438,4.840456485748291
0,5835,605.9002685546875,4.032809257507324
0,5836,757.3359375,4.080028533935547
0,5837,726.7545166015625,4.279879570007324
0,5838,268.3758544921875,3.6006040573120117
0,5839,319.4928894042969,3.419984817504883
0,5840,225.77536010742188,3.2746269702911377
0,5841,1265.00048828125,6.589721202850342
0,5842,497.8970031738281,3.00303316116333
0,5843,662.1551513671875,4.425368785858154
0,5844,889.51318359375,5.126098155975342
0,5845,582.211669921875,4.394159317016602
0,5846,493.9008483886719,3.9428513050079346
0,5847,248.4195556640625,2.7791104316711426
0,5848,637.7291259765625,5.252786636352539
0,5849,388.29461669921875,4.298346519470215
0,5850,802.1403198242188,4.356581687927246
0,5851,272.6720275878906,3.115492343902588
0,5852,223.1434783935547,2.767683506011963
0,5853,929.90234375,6.38840913772583
0,5854,536.8610229492188,3.9127511978149414
0,5855,859.567626953125,4.633918762207031
0,5856,368.1070556640625,3.2231698036193848
0,5857,962.0283813476562,4.788973808288574
0,5858,187.73892211914062,2.8739805221557617
0,5859,1204.8673095703125,5.049946308135986
0,5860,1994.9423828125,6.280488014221191
0,5861,629.6141357421875,5.028749465942383
0,5862,1046.60791015625,5.823992729187012
0,5863,536.33740234375,4.394313812255859
0,5864,472.6064453125,3.9370481967926025
0,5865,855.8147583007812,4.810484886169434
0,5866,594.3961791992188,4.1823883056640625
0,5867,393.0467834472656,3.893249273300171
0,5868,1293.4210205078125,6.192295074462891
0,5869,1008.3182983398438,6.262700080871582
0,5870,892.402099609375,6.006640434265137
0,5871,560.0159301757812,5.355354309082031
0,5872,469.53863525390625,4.551869869232178
0,5873,792.2390747070312,4.583215713500977
0,5874,158.35708618164062,3.217982292175293
0,5875,521.5634765625,3.828716278076172
0,5876,604.0394897460938,3.786161422729492
0,5877,886.269287109375,5.485924243927002
0,5878,874.2039184570312,4.3779168128967285
0,5879,523.2337036132812,4.10712194442749
0,5880,539.7200927734375,5.023279190063477
0,5881,720.3300170898438,5.484756946563721
0,5882,614.7283325195312,4.426380157470703
0,5883,374.8861083984375,4.050169467926025
0,5884,308.96551513671875,3.412830352783203
0,5885,970.9534301757812,5.843846797943115
0,5886,824.472900390625,5.452882766723633
0,5887,751.1452026367188,4.134780406951904
0,5888,546.6412353515625,4.240572929382324
0,5889,589.3114013671875,4.164656639099121
0,5890,623.1939697265625,4.288895606994629
0,5891,401.6057434082031,4.28534460067749
0,5892,213.61302185058594,3.1618340015411377
0,5893,172.57423400878906,2.732449769973755
0,5894,969.0040283203125,5.018265247344971
0,5895,583.5631713867188,5.425658702850342
0,5896,1173.8729248046875,6.47228479385376
0,5897,740.4758911132812,5.175356388092041
0,5898,804.8511352539062,4.706885814666748
0,5899,648.8565673828125,4.658919811248779
0,5900,750.48046875,3.7677834033966064
0,5901,441.54998779296875,3.6761178970336914
0,5902,435.7059020996094,4.418076992034912
0,5903,1077.23046875,5.34811544418335
0,5904,696.2960815429688,4.588517665863037
0,5905,478.3153991699219,4.482512474060059
0,5906,866.2623901367188,5.233038902282715
0,5907,566.1185913085938,3.418121814727783
0,5908,150.3291015625,3.192084789276123
0,5909,713.9070434570312,4.262662410736084
0,5910,333.56103515625,3.384312868118286
0,5911,524.708740234375,3.6862401962280273
0,5912,390.7870788574219,4.524560928344727
0,5913,635.388916015625,4.270685195922852
0,5914,780.9141845703125,5.506844520568848
0,5915,659.781005859375,4.124889373779297
0,5916,315.0531311035156,3.6248672008514404
0,5917,520.23291015625,4.861784934997559
0,5918,590.423828125,3.606098175048828
0,5919,518.3278198242188,4.647795677185059
0,5920,950.1337890625,5.359617233276367
0,5921,547.5144653320312,4.020699501037598
0,5922,358.64825439453125,3.332151412963867
0,5923,717.134033203125,4.834753513336182
0,5924,334.4783935546875,3.5164098739624023
0,5925,1006.1044311523438,5.2874369621276855
0,5926,655.2220458984375,5.4314398765563965
0,5927,363.397216796875,2.9907541275024414
0,5928,810.1058959960938,4.369316101074219
0,5929,670.594482421875,4.6713972091674805
0,5930,500.9886779785156,3.900583028793335
0,5931,368.44085693359375,4.339105606079102
0,5932,273.02178955078125,2.9088897705078125
0,5933,623.1946411132812,3.7115488052368164
0,5934,323.48284912109375,3.331660509109497
0,5935,466.9801025390625,3.408243179321289
0,5936,870.0345458984375,4.689102649688721
0,5937,376.6816101074219,4.206579685211182
0,5938,471.8513488769531,4.280949115753174
0,5939,693.9755249023438,4.477808475494385
0,5940,457.45037841796875,4.310738563537598
0,5941,511.6562194824219,4.722870826721191
0,5942,299.1807861328125,4.099030494689941
0,5943,1112.17626953125,6.547336578369141
0,5944,237.63302612304688,2.5783841609954834
0,5945,462.04925537109375,3.6769189834594727
0,5946,1007.517578125,5.010233402252197
0,5947,802.0936279296875,4.36330509185791
0,5948,538.898681640625,3.9872331619262695
0,5949,846.793701171875,4.870589256286621
0,5950,492.0748596191406,4.056179046630859
0,5951,315.3330383300781,3.430048704147339
0,5952,151.6246337890625,3.5735199451446533
0,5953,643.7236938476562,4.180959701538086
0,5954,571.2940063476562,4.547029972076416
0,5955,504.6255187988281,4.091678619384766
0,5956,754.223388671875,5.285135269165039
0,5957,1067.628173828125,6.514832496643066
0,5958,622.171630859375,5.041438579559326
0,5959,779.7615356445312,4.726510524749756
0,5960,498.88604736328125,3.7918641567230225
0,5961,421.3721008300781,3.766906261444092
0,5962,886.54150390625,5.267580032348633
0,5963,389.0224304199219,3.8303112983703613
0,5964,199.08816528320312,3.4860236644744873
0,5965,408.85394287109375,3.5008177757263184
0,5966,691.6124877929688,4.618358612060547
0,5967,197.32041931152344,3.2282426357269287
0,5968,612.0618286132812,4.722855567932129
0,5969,471.9444274902344,4.865185737609863
0,5970,1349.7110595703125,6.981609344482422
0,5971,157.85195922851562,2.8452987670898438
0,5972,311.32598876953125,3.2619595527648926
0,5973,880.4712524414062,4.898869037628174
0,5974,487.0869445800781,5.119055271148682
0,5975,192.92941284179688,3.3337957859039307
0,5976,562.7576904296875,3.4466230869293213
0,5977,1056.90576171875,5.458428859710693
0,5978,669.2105102539062,3.916334629058838
0,5979,487.4373474121094,3.9764437675476074
0,5980,396.6107482910156,3.9148731231689453
0,5981,1004.8941650390625,6.22514009475708
0,5982,929.3523559570312,5.986480712890625
0,5983,407.2923583984375,4.772308826446533
0,5984,611.1608276367188,5.048344135284424
0,5985,449.55584716796875,4.766536712646484
0,5986,447.54974365234375,4.288618087768555
0,5987,665.9249267578125,3.910341739654541
0,5988,847.5933837890625,5.37831974029541
0,5989,807.34912109375,5.1777729988098145
0,5990,526.7210083007812,4.216622829437256
0,5991,1242.5662841796875,5.475686073303223
0,5992,1342.4921875,6.778210639953613
0,5993,808.57958984375,4.591065406799316
0,5994,407.8536376953125,4.034414768218994
0,5995,426.426025390625,4.039524078369141
0,5996,355.25689697265625,3.8105664253234863
0,5997,647.3060913085938,5.946321964263916
0,5998,854.6063842773438,5.197409629821777
0,5999,392.73388671875,4.1621317863464355
0,6000,495.07867431640625,4.963763236999512
0,6001,1332.6358642578125,6.853303909301758
0,6002,245.95106506347656,3.7393627166748047
0,6003,952.5511474609375,5.526126861572266
0,6004,1046.8023681640625,5.917290210723877
0,6005,229.9995880126953,3.316958427429199
0,6006,538.9110717773438,5.09653377532959
0,6007,925.8221435546875,7.318723678588867
0,6008,761.6759033203125,5.403449058532715
0,6009,527.8986206054688,4.385641574859619
0,6010,611.4588623046875,3.9690604209899902
0,6011,813.6300659179688,5.6805620193481445
0,6012,815.9033203125,3.9047207832336426
0,6013,428.3876647949219,3.929381847381592
0,6014,398.8249816894531,3.9363906383514404
0,6015,809.9284057617188,4.575058937072754
0,6016,935.1728515625,4.661359786987305
0,6017,182.92971801757812,3.5081300735473633
0,6018,484.80596923828125,4.441069602966309
0,6019,501.5794982910156,4.613253593444824
0,6020,453.1271057128906,4.926000595092773
0,6021,446.2423400878906,3.9666175842285156
0,6022,117.87841033935547,2.481895923614502
0,6023,1074.338623046875,5.102421283721924
0,6024,1441.3958740234375,5.7214860916137695
0,6025,602.3355712890625,4.604680061340332
0,6026,639.3952026367188,5.586249828338623
0,6027,979.9432983398438,5.334278106689453
0,6028,586.2854614257812,4.190525054931641
0,6029,1325.960205078125,5.734781742095947
0,6030,379.64111328125,3.902327299118042
0,6031,667.90380859375,4.983896732330322
0,6032,449.69073486328125,3.83280611038208
0,6033,1015.4231567382812,5.547732830047607
0,6034,825.414794921875,4.387581825256348
0,6035,746.5825805664062,5.987810134887695
0,6036,573.6271362304688,5.245344161987305
0,6037,336.1965026855469,3.0327110290527344
0,6038,754.5245971679688,4.409031867980957
0,6039,1099.542724609375,6.843497276306152
0,6040,1092.568359375,6.021457195281982
0,6041,637.624755859375,5.10344123840332
0,6042,441.9764709472656,5.120436668395996
0,6043,781.9035034179688,4.71658182144165
0,6044,583.3237915039062,4.163715839385986
0,6045,529.4405517578125,4.373863697052002
0,6046,975.7100830078125,4.730997562408447
0,6047,264.13543701171875,3.8063535690307617
0,6048,295.42431640625,3.8291943073272705
0,6049,1771.7823486328125,7.35980224609375
0,6050,643.8342895507812,4.172614097595215
0,6051,347.1803283691406,3.7692413330078125
0,6052,546.6415405273438,3.960317850112915
0,6053,442.1536560058594,4.4530863761901855
0,6054,1028.55322265625,6.432643890380859
0,6055,455.28955078125,2.5537710189819336
0,6056,366.56524658203125,3.2030317783355713
0,6057,1352.643798828125,5.314072132110596
0,6058,776.0059814453125,4.682971954345703
0,6059,759.7611083984375,3.764273166656494
0,6060,460.70452880859375,4.1427321434021
0,6061,451.10162353515625,4.035139560699463
0,6062,308.6627502441406,2.957185983657837
0,6063,279.43182373046875,3.547043800354004
0,6064,901.7003173828125,4.755546569824219
0,6065,524.456298828125,3.7596547603607178
0,6066,383.0079345703125,5.468271255493164
0,6067,310.42236328125,3.880220413208008
0,6068,475.1630554199219,3.433696746826172
0,6069,879.6897583007812,4.327326774597168
0,6070,563.0447998046875,4.461139678955078
0,6071,576.7765502929688,4.378096580505371
0,6072,695.5032348632812,5.105442047119141
0,6073,815.84912109375,5.138363838195801
0,6074,1065.962890625,6.439915180206299
0,6075,544.1209106445312,4.685305118560791
0,6076,329.0195617675781,4.256730079650879
0,6077,326.9985656738281,3.381983518600464
0,6078,610.7672119140625,3.5766265392303467
0,6079,636.0200805664062,4.738890647888184
0,6080,1048.7144775390625,5.513181209564209
0,6081,708.5082397460938,4.756010055541992
0,6082,1645.9862060546875,7.674757480621338
0,6083,355.7265625,4.000017166137695
0,6084,820.536865234375,5.548815727233887
0,6085,668.9765014648438,5.543748378753662
0,6086,354.9248962402344,3.1747026443481445
0,6087,643.9556274414062,4.680144786834717
0,6088,391.01287841796875,4.486379146575928
0,6089,1455.09423828125,6.341765880584717
0,6090,394.73651123046875,4.613760471343994
0,6091,489.4552917480469,3.9389805793762207
0,6092,456.14178466796875,4.146023273468018
0,6093,558.0029907226562,4.816808700561523
0,6094,197.83111572265625,3.144763708114624
0,6095,816.7372436523438,5.781223297119141
0,6096,276.6230773925781,3.2797598838806152
0,6097,516.7675170898438,3.5155155658721924
0,6098,546.698486328125,5.082338333129883
0,6099,749.276611328125,4.216691970825195
0,6100,1014.2737426757812,5.131138801574707
0,6101,763.964599609375,5.291048526763916
0,6102,676.237060546875,4.354666233062744
0,6103,559.2263793945312,4.352510452270508
0,6104,264.029541015625,4.01950740814209
0,6105,385.9847412109375,4.08018684387207
0,6106,399.8005676269531,3.7731051445007324
0,6107,715.9757690429688,4.592718124389648
0,6108,682.0809326171875,3.7122769355773926
0,6109,295.498291015625,4.174837589263916
0,6110,1012.7750244140625,5.647408962249756
0,6111,672.3579711914062,4.450462818145752
0,6112,367.93304443359375,4.22016716003418
0,6113,865.23486328125,5.015769004821777
0,6114,531.5748901367188,4.5744709968566895
0,6115,442.19781494140625,3.6021950244903564
0,6116,505.5133056640625,3.1110341548919678
0,6117,334.36968994140625,2.9080801010131836
0,6118,702.3226318359375,5.144169807434082
0,6119,613.9321899414062,3.273862361907959
0,6120,618.591064453125,3.2140846252441406
0,6121,453.5558166503906,4.491376876831055
0,6122,467.8027648925781,4.107769012451172
0,6123,2123.31884765625,8.366134643554688
0,6124,518.9777221679688,3.5831387042999268
0,6125,250.0278778076172,3.7539215087890625
0,6126,623.9115600585938,4.546743869781494
0,6127,495.44647216796875,4.814658164978027
0,6128,1030.0126953125,4.514967441558838
0,6129,615.2614135742188,5.227993965148926
0,6130,337.5885314941406,4.212255954742432
0,6131,302.0310363769531,3.3900375366210938
0,6132,1095.3673095703125,5.671287536621094
0,6133,226.9123077392578,3.7026615142822266
0,6134,171.0111541748047,3.3064117431640625
0,6135,1143.3848876953125,5.0504961013793945
0,6136,408.21435546875,3.949331045150757
0,6137,374.0810546875,3.761504650115967
0,6138,217.86611938476562,2.8355796337127686
0,6139,515.3701171875,3.967236042022705
0,6140,1180.3150634765625,5.817314624786377
0,6141,590.3411254882812,4.609864711761475
0,6142,526.6166381835938,5.207710266113281
0,6143,177.62818908691406,2.4408445358276367
0,6144,414.8130798339844,3.911463737487793
0,6145,147.38226318359375,2.4363045692443848
0,6146,397.52520751953125,4.530937194824219
0,6147,131.7418670654297,2.6171038150787354
0,6148,172.38021850585938,2.9536266326904297
0,6149,348.0039367675781,3.5346851348876953
0,6150,160.29161071777344,3.4936394691467285
0,6151,330.5599060058594,3.2570576667785645
0,6152,762.7618408203125,4.922959327697754
0,6153,1394.7467041015625,7.430391788482666
0,6154,852.9962158203125,5.750087738037109
0,6155,493.46026611328125,4.032534599304199
0,6156,527.2069091796875,3.957292079925537
0,6157,669.5147094726562,4.268547534942627
0,6158,566.4140014648438,3.9905269145965576
0,6159,658.3506469726562,5.016234397888184
0,6160,973.50732421875,6.090622901916504
0,6161,756.9947509765625,5.527055263519287
0,6162,906.26904296875,5.339513301849365
0,6163,200.06027221679688,2.9619479179382324
0,6164,468.1407165527344,4.393301010131836
0,6165,106.01976013183594,2.5102241039276123
0,6166,309.2508544921875,2.8564529418945312
0,6167,705.4465942382812,5.001443862915039
0,6168,551.4583740234375,4.137073516845703
0,6169,1121.1796875,6.564080238342285
0,6170,891.766357421875,4.512166500091553
0,6171,823.6788330078125,4.286583423614502
0,6172,464.6720275878906,4.311261177062988
0,6173,1302.4124755859375,5.399704933166504
0,6174,277.5274658203125,3.975445508956909
0,6175,791.09033203125,4.986690521240234
0,6176,952.033935546875,4.932068347930908
0,6177,74.77935028076172,2.4477694034576416
0,6178,546.3184814453125,4.401479721069336
0,6179,702.4912109375,5.333529949188232
0,6180,637.8674926757812,4.858459949493408
0,6181,184.72630310058594,3.282080888748169
0,6182,219.22528076171875,3.331646203994751
0,6183,639.2613525390625,5.526619911193848
0,6184,207.9447479248047,3.36037015914917
0,6185,321.3837890625,3.999284267425537
0,6186,902.5841674804688,4.179933547973633
0,6187,479.36602783203125,4.566366672515869
0,6188,497.4638671875,3.3736178874969482
0,6189,249.2509307861328,3.6753933429718018
0,6190,495.0186767578125,3.9383857250213623
0,6191,701.3154907226562,3.908113956451416
0,6192,622.4922485351562,5.860640525817871
0,6193,82.70526885986328,2.4856200218200684
0,6194,434.1732177734375,3.3570268154144287
0,6195,679.6697387695312,4.834899425506592
0,6196,1136.9677734375,5.338708400726318
0,6197,649.964599609375,4.774282455444336
0,6198,595.77099609375,4.215071201324463
0,6199,213.866455078125,3.170764207839966
0,6200,422.48883056640625,3.743339776992798
0,6201,807.3031005859375,5.835452556610107
0,6202,531.7852783203125,4.03679895401001
0,6203,438.5643615722656,4.015528678894043
0,6204,575.8370971679688,4.690796852111816
0,6205,247.1739501953125,3.2599945068359375
0,6206,775.7242431640625,4.549321174621582
0,6207,559.9669189453125,3.5381031036376953
0,6208,477.09259033203125,4.382980823516846
0,6209,475.43316650390625,4.337986469268799
0,6210,725.14404296875,4.409994602203369
0,6211,416.2618713378906,4.011826992034912
0,6212,740.3248291015625,4.648155212402344
0,6213,859.3275756835938,5.078181266784668
0,6214,338.4994201660156,3.9027884006500244
0,6215,512.7249755859375,4.622819900512695
0,6216,762.2000732421875,5.157037734985352
0,6217,344.225341796875,3.81136155128479
0,6218,734.4093627929688,4.044858932495117
0,6219,828.35400390625,4.331010341644287
0,6220,336.021728515625,3.723616600036621
0,6221,452.74786376953125,3.6328883171081543
0,6222,673.0286865234375,4.921511650085449
0,6223,597.174072265625,4.039943218231201
0,6224,97.09413146972656,2.873229742050171
0,6225,507.434326171875,4.455711841583252
0,6226,1011.3795166015625,4.903900623321533
0,6227,397.20660400390625,3.6556239128112793
0,6228,615.3472900390625,4.194835186004639
0,6229,629.0250244140625,6.32401180267334
0,6230,466.9515075683594,4.5024943351745605
0,6231,233.7256622314453,3.5745363235473633
0,6232,370.82147216796875,3.879218578338623
0,6233,253.21713256835938,3.246180295944214
0,6234,429.5747375488281,3.7227065563201904
0,6235,543.7850952148438,4.769431114196777
0,6236,885.0773315429688,5.095760345458984
0,6237,453.83258056640625,3.8391666412353516
0,6238,153.53216552734375,2.6225662231445312
0,6239,502.99261474609375,3.9616358280181885
0,6240,903.8343505859375,5.076108932495117
0,6241,803.9266357421875,5.2393388748168945
0,6242,329.5094909667969,4.0309343338012695
0,6243,152.51202392578125,2.9609298706054688
0,6244,576.8414916992188,4.4350996017456055
0,6245,550.7750854492188,4.659201145172119
0,6246,402.90655517578125,3.531951427459717
0,6247,218.27931213378906,3.282534122467041
0,6248,402.37890625,3.795668601989746
0,6249,361.197509765625,4.039167881011963
0,6250,319.88934326171875,3.249861478805542
0,6251,70.51905822753906,2.442067861557007
0,6252,157.21961975097656,3.404728651046753
0,6253,1455.898193359375,6.7703375816345215
0,6254,205.61354064941406,3.5673301219940186
0,6255,278.6224060058594,2.922806739807129
0,6256,214.0729522705078,3.426619529724121
0,6257,565.9472045898438,3.8697750568389893
0,6258,1465.3543701171875,6.809432029724121
0,6259,531.4713745117188,5.33177375793457
0,6260,561.5582885742188,4.432655334472656
0,6261,628.624267578125,4.465519428253174
0,6262,182.7007598876953,3.5479915142059326
0,6263,422.03704833984375,3.6822216510772705
0,6264,470.4557189941406,3.4901680946350098
0,6265,774.4556274414062,4.554536819458008
0,6266,652.9247436523438,5.557684898376465
0,6267,503.0588073730469,4.534359931945801
0,6268,247.7150115966797,4.062209606170654
0,6269,1107.1302490234375,5.924792289733887
0,6270,577.0469360351562,4.265174865722656
0,6271,407.1236267089844,4.106191158294678
0,6272,667.5778198242188,4.887171745300293
0,6273,1033.149658203125,5.397256374359131
0,6274,61.14931106567383,2.3849055767059326
0,6275,506.639404296875,3.691690444946289
0,6276,852.1016235351562,4.820131301879883
0,6277,103.77803802490234,2.7709429264068604
0,6278,366.6295471191406,4.3851752281188965
0,6279,1139.1878662109375,5.927155494689941
0,6280,1122.458251953125,5.285240650177002
0,6281,207.59384155273438,2.912827968597412
0,6282,288.55389404296875,3.489182233810425
0,6283,516.4735717773438,4.365736961364746
0,6284,108.11773681640625,2.413058280944824
0,6285,656.8253173828125,5.014623641967773
0,6286,631.2447509765625,3.4316678047180176
0,6287,640.1709594726562,3.9830358028411865
0,6288,398.08465576171875,4.209537506103516
0,6289,754.396728515625,4.78812313079834
0,6290,912.568359375,4.920475006103516
0,6291,200.4011688232422,3.1140339374542236
0,6292,560.5839233398438,4.400803089141846
0,6293,919.4534301757812,4.526879787445068
0,6294,678.3405151367188,5.1718220710754395
0,6295,236.02232360839844,3.202526330947876
0,6296,609.9559936523438,4.0825276374816895
0,6297,293.93902587890625,3.864541530609131
0,6298,653.0758056640625,4.7186408042907715
0,6299,598.6875,4.012548446655273
0,6300,507.2960510253906,3.351287841796875
0,6301,385.019775390625,4.40132999420166
0,6302,1429.5330810546875,6.412209510803223
0,6303,971.2891845703125,5.42854642868042
0,6304,331.48291015625,4.264599800109863
0,6305,378.0334167480469,3.7386434078216553
0,6306,323.6639099121094,3.27702260017395
0,6307,1100.0560302734375,5.759150981903076
0,6308,238.51553344726562,2.9006357192993164
0,6309,217.32444763183594,3.8645410537719727
0,6310,378.3975524902344,4.85650634765625
0,6311,924.9838256835938,5.39390754699707
0,6312,487.5230712890625,4.5896406173706055
0,6313,290.3207702636719,3.5179824829101562
0,6314,441.51544189453125,4.768332481384277
0,6315,413.2080078125,4.479578495025635
0,6316,443.5953369140625,3.979341983795166
0,6317,421.58404541015625,4.034022331237793
0,6318,823.9100952148438,5.5619635581970215
0,6319,330.8241882324219,3.6069741249084473
0,6320,586.4511108398438,5.354222774505615
0,6321,293.995849609375,3.692626476287842
0,6322,369.3036193847656,3.7423224449157715
0,6323,480.30535888671875,2.8833274841308594
0,6324,286.3561706542969,4.100876331329346
0,6325,527.1632690429688,4.582182884216309
0,6326,190.6319580078125,3.5655901432037354
0,6327,693.5831909179688,4.915186405181885
0,6328,98.94136047363281,2.9832944869995117
0,6329,483.0185241699219,4.64675760269165
0,6330,523.8035278320312,4.216377258300781
0,6331,506.54376220703125,4.564870834350586
0,6332,551.9142456054688,3.7179012298583984
0,6333,450.3087158203125,3.8212575912475586
0,6334,489.28887939453125,4.203910827636719
0,6335,327.5063171386719,4.997470378875732
0,6336,1045.5518798828125,4.870103359222412
0,6337,382.3659973144531,4.75381326675415
0,6338,366.1478271484375,3.8546743392944336
0,6339,368.8039855957031,3.6613821983337402
0,6340,402.0170593261719,3.8716282844543457
0,6341,184.1510772705078,3.541748046875
0,6342,567.2490234375,4.94468879699707
0,6343,245.93923950195312,3.5241005420684814
0,6344,602.2114868164062,4.983819961547852
0,6345,434.1834716796875,3.300206184387207
0,6346,559.1519165039062,4.4943528175354
0,6347,349.0728759765625,3.728501319885254
0,6348,975.1663818359375,5.65416145324707
0,6349,1823.2208251953125,7.847910404205322
0,6350,400.74798583984375,3.985848903656006
0,6351,326.5541076660156,3.892462968826294
0,6352,504.5619812011719,4.57927131652832
0,6353,676.6997680664062,4.233643054962158
0,6354,643.1698608398438,4.236772060394287
0,6355,598.7955932617188,5.364617347717285
0,6356,653.947509765625,5.410381317138672
0,6357,109.35771942138672,3.2598371505737305
0,6358,994.5518188476562,6.393723011016846
0,6359,651.4983520507812,4.173365592956543
0,6360,278.11346435546875,3.7788000106811523
0,6361,362.7071838378906,4.769286155700684
0,6362,249.89505004882812,2.7600674629211426
0,6363,452.4704895019531,4.495888710021973
0,6364,387.38507080078125,4.425812244415283
0,6365,525.6620483398438,3.090178966522217
0,6366,738.7428588867188,4.869283676147461
0,6367,790.998046875,4.680753707885742
0,6368,293.1908264160156,3.9908499717712402
0,6369,554.2442626953125,4.91161584854126
0,6370,434.46478271484375,4.064285755157471
0,6371,695.2595825195312,4.917861461639404
0,6372,659.9788818359375,3.6782169342041016
0,6373,82.94783782958984,2.2150797843933105
0,6374,658.54150390625,4.273316383361816
0,6375,371.1713562011719,3.6370058059692383
0,6376,62.45749282836914,1.9547340869903564
0,6377,226.74932861328125,3.1964616775512695
0,6378,373.2322998046875,3.015106201171875
0,6379,563.0921630859375,4.540170669555664
0,6380,418.9138488769531,4.128921985626221
0,6381,291.673095703125,3.4506947994232178
0,6382,712.3453369140625,5.0377421379089355
0,6383,446.94500732421875,3.7958450317382812
0,6384,411.0185546875,3.570679187774658
0,6385,523.837158203125,4.1239190101623535
0,6386,572.4636840820312,4.792015075683594
0,6387,370.8146667480469,3.492513656616211
0,6388,491.9971618652344,4.01373815536499
0,6389,280.2327575683594,3.4131388664245605
0,6390,231.36839294433594,3.2024731636047363
0,6391,261.4930114746094,3.4410595893859863
0,6392,457.7721862792969,4.408613204956055
0,6393,233.86375427246094,4.021383762359619
0,6394,338.9275817871094,4.257311820983887
0,6395,480.9170227050781,3.9806809425354004
0,6396,504.7124938964844,5.292114734649658
0,6397,381.6980285644531,4.396806716918945
0,6398,804.8480224609375,4.571125030517578
0,6399,129.26699829101562,3.246760129928589
0,6400,982.7464599609375,5.716654300689697
0,6401,255.4890594482422,3.536837100982666
0,6402,604.4020385742188,4.05258846282959
0,6403,402.7774658203125,4.18696403503418
0,6404,668.5851440429688,4.1676926612854
0,6405,140.2761993408203,3.1977834701538086
0,6406,651.0166625976562,4.813615798950195
0,6407,752.80859375,4.578688144683838
0,6408,729.8026733398438,6.529173374176025
0,6409,151.785400390625,3.126767635345459
0,6410,366.3400573730469,5.097327709197998
0,6411,369.6139221191406,3.6660797595977783
0,6412,63.034915924072266,2.3338799476623535
0,6413,143.2235565185547,3.4198780059814453
0,6414,75.02239990234375,2.406489372253418
0,6415,45.657649993896484,1.9929518699645996
0,6416,428.86334228515625,4.314178466796875
0,6417,371.11285400390625,3.9436497688293457
0,6418,357.214111328125,3.9780633449554443
0,6419,266.2328186035156,2.3083269596099854
0,6420,145.88453674316406,2.4825522899627686
0,6421,532.4083251953125,3.4723405838012695
0,6422,363.91009521484375,4.137577056884766
0,6423,183.22740173339844,2.9616873264312744
0,6424,349.477783203125,3.357442617416382
0,6425,303.27496337890625,3.365760087966919
0,6426,508.127197265625,4.8137640953063965
0,6427,179.4173126220703,3.623396396636963
0,6428,461.4443054199219,3.694690227508545
0,6429,479.24908447265625,3.95383620262146
0,6430,383.52691650390625,3.6703014373779297
0,6431,472.90301513671875,4.784284591674805
0,6432,596.132080078125,4.194802284240723
0,6433,663.1097412109375,4.641132354736328
0,6434,1153.7655029296875,6.481372833251953
0,6435,359.1759033203125,4.321371078491211
0,6436,1083.944091796875,6.006948947906494
0,6437,526.6597290039062,4.789836883544922
0,6438,144.28880310058594,3.005882501602173
0,6439,530.8594970703125,3.4661707878112793
0,6440,243.43243408203125,3.539384365081787
0,6441,932.7482299804688,5.214730739593506
0,6442,252.77452087402344,3.304182529449463
0,6443,867.169189453125,4.273715972900391
0,6444,326.9112243652344,3.2550225257873535
0,6445,711.4285278320312,4.008538722991943
0,6446,537.0319213867188,4.929000377655029
0,6447,135.2704315185547,3.583343267440796
0,6448,1008.8045043945312,5.715437412261963
0,6449,1102.346435546875,6.42654275894165
0,6450,585.043701171875,5.285980224609375
0,6451,411.2182312011719,3.808424711227417
0,6452,943.4721069335938,5.836369037628174
0,6453,478.07000732421875,4.828996181488037
0,6454,527.3975830078125,4.275461673736572
0,6455,315.6142272949219,4.059156894683838
0,6456,336.3862609863281,3.9213461875915527
0,6457,818.3931884765625,4.426651477813721
0,6458,281.8002014160156,3.446784019470215
0,6459,819.7855834960938,4.464883804321289
0,6460,102.89797973632812,2.705744743347168
0,6461,663.8685302734375,4.993039608001709
0,6462,178.2037353515625,3.2088584899902344
0,6463,638.290771484375,4.670194149017334
0,6464,520.1466064453125,3.959629535675049
0,6465,273.8747253417969,3.287200450897217
0,6466,104.5503921508789,3.1678338050842285
0,6467,349.549560546875,3.7337961196899414
0,6468,358.5185241699219,3.363292694091797
0,6469,252.7579345703125,3.270371675491333
0,6470,68.1484146118164,2.4385874271392822
0,6471,1451.8995361328125,7.072389125823975
0,6472,274.4128112792969,3.3386237621307373
0,6473,342.46173095703125,4.331787109375
0,6474,545.1818237304688,4.711479663848877
0,6475,816.2203369140625,4.629370212554932
0,6476,132.42076110839844,3.1004154682159424
0,6477,440.13555908203125,4.21762228012085
0,6478,385.95526123046875,3.36627459526062
0,6479,270.2703857421875,3.6962246894836426
0,6480,533.547607421875,4.064630508422852
0,6481,185.8390655517578,3.196084976196289
0,6482,264.5057373046875,3.461290121078491
0,6483,551.0703125,4.859752178192139
0,6484,389.73797607421875,4.385073661804199
0,6485,229.69456481933594,2.3307647705078125
0,6486,239.30047607421875,3.5889194011688232
0,6487,577.7223510742188,3.7025585174560547
0,6488,282.637939453125,3.609253406524658
0,6489,250.11965942382812,3.41457462310791
0,6490,168.15927124023438,2.8639142513275146
0,6491,423.9007263183594,4.257707118988037
0,6492,206.0230255126953,2.8927528858184814
0,6493,159.51881408691406,2.859347105026245
0,6494,168.27967834472656,2.587000608444214
0,6495,269.38983154296875,3.9516048431396484
0,6496,830.0526123046875,5.1012396812438965
0,6497,361.752685546875,3.2384657859802246
0,6498,999.9949340820312,5.829290390014648
0,6499,771.0429077148438,4.860723972320557
0,6500,862.3619384765625,4.847062587738037
0,6501,1116.1732177734375,6.2848124504089355
0,6502,394.1426086425781,4.895641803741455
0,6503,609.9011840820312,2.831831693649292
0,6504,611.4484252929688,3.7459664344787598
0,6505,792.7388916015625,5.125455856323242
0,6506,262.0998840332031,3.5890517234802246
0,6507,456.1040344238281,4.782885551452637
0,6508,558.1634521484375,3.89117169380188
0,6509,1263.6824951171875,7.541149139404297
0,6510,441.6082763671875,3.7810420989990234
0,6511,133.17630004882812,3.5964887142181396
0,6512,573.6973266601562,5.096279144287109
0,6513,473.4316711425781,4.786576271057129
0,6514,215.3526153564453,3.185587167739868
0,6515,581.4857788085938,3.850560188293457
0,6516,284.0528869628906,3.9367544651031494
0,6517,583.527587890625,4.503313064575195
0,6518,534.4132080078125,4.601373672485352
0,6519,844.1300659179688,4.670372009277344
0,6520,405.386474609375,3.3253116607666016
0,6521,280.41046142578125,3.369330883026123
0,6522,190.45907592773438,3.1011128425598145
0,6523,151.31192016601562,3.334588050842285
0,6524,596.8009643554688,3.769822120666504
0,6525,296.2076110839844,3.7625463008880615
0,6526,172.52072143554688,2.772691488265991
0,6527,613.5548095703125,4.169203281402588
0,6528,243.56431579589844,3.841259241104126
0,6529,335.8843078613281,4.205436706542969
0,6530,241.258056640625,4.2125468254089355
0,6531,576.7098999023438,4.156245708465576
0,6532,603.4166259765625,4.161825180053711
0,6533,64.49491882324219,2.168909788131714
0,6534,301.4150390625,2.837232828140259
0,6535,850.6432495117188,5.786315441131592
0,6536,500.5495300292969,4.180343151092529
0,6537,244.0245819091797,3.605299234390259
0,6538,624.8787231445312,5.0683417320251465
0,6539,822.2650756835938,4.837820053100586
0,6540,237.28338623046875,3.970489978790283
0,6541,336.6507568359375,4.358808517456055
0,6542,721.6521606445312,4.4957451820373535
0,6543,322.34246826171875,4.198104381561279
0,6544,520.70703125,4.897500991821289
0,6545,343.22406005859375,4.955196380615234
0,6546,533.582763671875,4.377679347991943
0,6547,89.2895278930664,2.601339101791382
0,6548,528.50439453125,5.105512619018555
0,6549,372.907470703125,3.915057420730591
0,6550,50.07965087890625,2.0906498432159424
0,6551,460.8160095214844,4.109567165374756
0,6552,250.11099243164062,3.9694857597351074
0,6553,686.0006103515625,4.656771183013916
0,6554,94.94148254394531,2.8273091316223145
0,6555,234.7484893798828,3.3747637271881104
0,6556,372.6313171386719,4.064584732055664
0,6557,108.13906860351562,2.8168604373931885
0,6558,731.4733276367188,5.219943046569824
0,6559,338.6068420410156,3.194685935974121
0,6560,622.7400512695312,5.083076477050781
0,6561,275.28466796875,3.7780990600585938
0,6562,135.42251586914062,2.5019309520721436
0,6563,480.9322509765625,4.048764705657959
0,6564,328.6183166503906,3.543687582015991
0,6565,128.02108764648438,2.3110032081604004
0,6566,119.37301635742188,3.321621894836426
0,6567,372.1963195800781,4.613122463226318
0,6568,259.5044250488281,4.305250644683838
0,6569,273.5135803222656,3.0786757469177246
0,6570,138.77732849121094,2.7261438369750977
0,6571,203.49847412109375,2.906251907348633
0,6572,219.41632080078125,2.8261566162109375
0,6573,965.0050048828125,4.44926118850708
0,6574,482.56396484375,4.280395030975342
0,6575,959.22021484375,5.585700035095215
0,6576,225.8494110107422,2.572277784347534
0,6577,682.333740234375,3.709719181060791
0,6578,691.8524169921875,4.461575508117676
0,6579,948.7100219726562,5.171958923339844
0,6580,513.82080078125,5.118444442749023
0,6581,143.19918823242188,3.072652816772461
0,6582,37.38129806518555,2.10223126411438
0,6583,360.952880859375,4.230804443359375
0,6584,206.58590698242188,2.6629984378814697
0,6585,230.46954345703125,3.482722759246826
0,6586,208.685791015625,3.680506467819214
0,6587,99.80992889404297,2.8773183822631836
0,6588,476.5387878417969,5.004223346710205
0,6589,739.195068359375,4.975518226623535
0,6590,736.1005249023438,5.210525035858154
0,6591,260.860107421875,4.291046142578125
0,6592,119.6435775756836,2.8713669776916504
0,6593,717.235595703125,4.835806369781494
0,6594,170.20443725585938,3.238600730895996
0,6595,613.4112548828125,4.818164825439453
0,6596,256.016357421875,4.114269256591797
0,6597,125.25993347167969,3.144071578979492
0,6598,286.5534362792969,3.8900394439697266
0,6599,498.98211669921875,5.77470588684082
0,6600,500.0404357910156,4.514394760131836
0,6601,316.6233825683594,4.415739059448242
0,6602,394.0382080078125,4.9422454833984375
0,6603,316.5804138183594,3.7431726455688477
0,6604,518.4935913085938,5.8103437423706055
0,6605,248.4351806640625,3.623323678970337
0,6606,730.4793701171875,5.094054698944092
0,6607,347.44097900390625,4.153639793395996
0,6608,625.1431884765625,4.416903972625732
0,6609,151.6266632080078,2.7112135887145996
0,6610,184.82479858398438,3.332371711730957
0,6611,433.3502197265625,4.652097225189209
0,6612,513.16357421875,4.0423970222473145
0,6613,774.5182495117188,4.998241424560547
0,6614,188.12953186035156,3.8588194847106934
0,6615,544.1851806640625,5.835910797119141
0,6616,409.36297607421875,3.753727436065674
0,6617,151.73388671875,3.2939374446868896
0,6618,362.3792724609375,3.925788640975952
0,6619,453.20123291015625,4.331249713897705
0,6620,187.4118194580078,3.217810869216919
0,6621,725.7720336914062,4.243196964263916
0,6622,323.72137451171875,4.352744102478027
0,6623,625.9375,5.4268035888671875
0,6624,265.6122741699219,3.6059529781341553
0,6625,643.824462890625,4.616332530975342
0,6626,969.7035522460938,4.151394367218018
0,6627,746.3390502929688,4.041261672973633
0,6628,289.89813232421875,3.140462636947632
0,6629,504.55303955078125,3.717061758041382
0,6630,464.3367614746094,3.863654136657715
0,6631,83.4977035522461,2.634533166885376
0,6632,81.28720092773438,2.521974802017212
0,6633,647.8446044921875,4.390426158905029
0,6634,632.45556640625,4.1567230224609375
0,6635,321.2179260253906,4.177350997924805
0,6636,202.39344787597656,2.6687583923339844
0,6637,720.3198852539062,5.208965301513672
0,6638,213.5290985107422,3.7342238426208496
0,6639,689.5653686523438,4.663176536560059
0,6640,265.5199890136719,4.019380569458008
0,6641,405.7934875488281,5.090949535369873
0,6642,408.5069274902344,3.4816501140594482
0,6643,776.50048828125,4.523550033569336
0,6644,432.0223083496094,4.235297679901123
0,6645,263.5976867675781,2.7366297245025635
0,6646,180.5352325439453,3.096418857574463
0,6647,262.23077392578125,2.984894275665283
0,6648,260.8159484863281,3.3227009773254395
0,6649,713.860107421875,4.943532466888428
0,6650,572.0962524414062,4.526733875274658
0,6651,709.2488403320312,5.047357559204102
0,6652,487.75421142578125,4.833465576171875
0,6653,499.2494201660156,4.918139934539795
0,6654,331.9086608886719,3.964677333831787
0,6655,286.308837890625,4.139040946960449
0,6656,557.1473388671875,4.196809768676758
0,6657,174.31436157226562,3.4931299686431885
0,6658,485.8241882324219,3.537731409072876
0,6659,361.2065124511719,3.2490086555480957
0,6660,248.7547607421875,3.243833541870117
0,6661,297.9810485839844,4.7728118896484375
0,6662,181.2444610595703,3.0237181186676025
0,6663,265.6604919433594,3.977181911468506
0,6664,278.2889404296875,3.7180371284484863
0,6665,358.91448974609375,3.320131301879883
0,6666,503.750244140625,4.437666416168213
0,6667,807.977294921875,4.569461822509766
0,6668,638.17333984375,3.1987438201904297
0,6669,525.1249389648438,4.3394880294799805
0,6670,87.47500610351562,2.274946451187134
0,6671,443.7740173339844,3.5954599380493164
0,6672,119.91993713378906,2.8348278999328613
0,6673,443.1882629394531,4.1634931564331055
0,6674,558.0342407226562,3.7724416255950928
0,6675,501.69482421875,4.301509857177734
0,6676,954.8680419921875,4.918375015258789
0,6677,222.9226837158203,3.2504796981811523
0,6678,654.8812866210938,4.063397407531738
0,6679,134.0039520263672,3.383606433868408
0,6680,345.3562316894531,3.9603302478790283
0,6681,426.4798278808594,3.9143178462982178
0,6682,202.99920654296875,3.520585060119629
0,6683,347.6961975097656,3.698115587234497
0,6684,449.199462890625,4.220852851867676
0,6685,84.58575439453125,2.7394659519195557
0,6686,631.9788818359375,3.4204912185668945
0,6687,299.6474304199219,3.286552906036377
0,6688,546.7684326171875,3.040310859680176
0,6689,276.76812744140625,4.122300624847412
0,6690,309.6027526855469,3.8279829025268555
0,6691,157.99598693847656,3.2028229236602783
0,6692,645.9407958984375,5.229402542114258
0,6693,184.02015686035156,2.9818904399871826
0,6694,293.3508605957031,3.2089786529541016
0,6695,248.905029296875,2.6479270458221436
0,6696,52.54277420043945,1.8947911262512207
0,6697,243.3302459716797,3.5421738624572754
0,6698,470.7557373046875,3.3173556327819824
0,6699,237.66969299316406,3.562695026397705
0,6700,218.58889770507812,2.6000633239746094
0,6701,257.39410400390625,4.187071323394775
0,6702,540.781982421875,5.938344955444336
0,6703,387.7222900390625,3.8182034492492676
0,6704,446.9349060058594,4.965394973754883
0,6705,464.5615539550781,4.687556743621826
0,6706,513.4463500976562,4.296733856201172
0,6707,249.67568969726562,3.6532859802246094
0,6708,631.2501831054688,4.191619873046875
0,6709,207.25723266601562,3.685792922973633
0,6710,397.2415771484375,4.563105583190918
0,6711,434.8194580078125,3.84824538230896
0,6712,361.04248046875,3.466245651245117
0,6713,490.416748046875,4.3693437576293945
0,6714,464.5800476074219,3.986264944076538
0,6715,97.24059295654297,2.451251983642578
0,6716,296.94744873046875,3.1124064922332764
0,6717,347.96044921875,2.881619930267334
0,6718,224.47523498535156,3.8089044094085693
0,6719,136.460693359375,3.6035385131835938
0,6720,763.5361328125,4.633255958557129
0,6721,159.79888916015625,3.373929023742676
0,6722,588.4305419921875,4.598514556884766
0,6723,179.4642333984375,2.8939599990844727
0,6724,812.3294677734375,5.058747291564941
0,6725,192.8545684814453,3.3155622482299805
0,6726,112.81562805175781,2.2389466762542725
0,6727,102.0919418334961,2.5026471614837646
0,6728,244.5747833251953,2.6014747619628906
0,6729,507.74957275390625,3.0015552043914795
0,6730,489.5739440917969,3.370795965194702
0,6731,210.91534423828125,3.290487766265869
0,6732,88.17315673828125,2.4570515155792236
0,6733,210.33958435058594,3.4394257068634033
0,6734,582.9452514648438,4.237032413482666
0,6735,273.54693603515625,3.589918613433838
0,6736,84.8766098022461,2.5417845249176025
0,6737,428.3935241699219,3.8152883052825928
0,6738,297.2154541015625,4.3373026847839355
0,6739,147.2788543701172,3.510636329650879
0,6740,206.6459197998047,3.177008628845215
0,6741,170.94619750976562,3.0733940601348877
0,6742,110.6263427734375,2.8169987201690674
0,6743,454.7234191894531,4.188150405883789
0,6744,323.8351135253906,3.8521018028259277
0,6745,456.5032043457031,5.36168909072876
0,6746,84.0946044921875,2.479990005493164
0,6747,313.4653625488281,4.151517391204834
0,6748,148.29913330078125,2.913844108581543
0,6749,388.6239013671875,4.326552391052246
0,6750,597.2490234375,4.90416955947876
0,6751,667.0407104492188,4.147840976715088
0,6752,777.4368896484375,5.781912803649902
0,6753,325.91204833984375,3.92621111869812
0,6754,384.82635498046875,4.787811279296875
0,6755,233.26449584960938,3.3973214626312256
0,6756,784.2051391601562,4.442986011505127
0,6757,182.5168914794922,3.360161542892456
0,6758,73.99365997314453,2.411886215209961
0,6759,385.0661315917969,3.047549247741699
0,6760,584.272705078125,5.076997756958008
0,6761,201.17001342773438,3.3094024658203125
0,6762,234.04598999023438,2.938770055770874
0,6763,345.8773498535156,3.734783411026001
0,6764,191.96047973632812,3.1834194660186768
0,6765,339.083251953125,2.624375820159912
0,6766,186.90753173828125,3.0372018814086914
0,6767,430.3740539550781,5.31003475189209
0,6768,557.1034545898438,4.614292621612549
0,6769,197.1710205078125,3.6430273056030273
0,6770,471.182861328125,3.817416191101074
0,6771,162.740478515625,3.6558024883270264
0,6772,141.62893676757812,2.7072267532348633
0,6773,976.50732421875,5.289797306060791
0,6774,589.4341430664062,5.926092147827148
0,6775,378.22332763671875,4.026503562927246
0,6776,152.7730712890625,3.1926255226135254
0,6777,282.11151123046875,4.113663196563721
0,6778,386.4549560546875,4.86897087097168
0,6779,246.6265869140625,3.170365571975708
0,6780,422.6315002441406,3.6371941566467285
0,6781,301.1377258300781,3.9966135025024414
0,6782,180.9966278076172,2.8318066596984863
0,6783,107.25672149658203,2.938608407974243
0,6784,35.824424743652344,1.8497048616409302
0,6785,559.04248046875,5.472969055175781
0,6786,265.7517395019531,2.9567155838012695
0,6787,430.0299072265625,3.8490262031555176
0,6788,294.1533508300781,3.5149495601654053
0,6789,203.9153289794922,3.5643153190612793
0,6790,241.13504028320312,3.482215404510498
0,6791,258.8556213378906,2.110600471496582
0,6792,76.61398315429688,2.463322877883911
0,6793,322.3182373046875,3.0247719287872314
0,6794,239.1786651611328,3.1939902305603027
0,6795,969.5387573242188,5.364414215087891
0,6796,194.51931762695312,3.2435388565063477
0,6797,219.99903869628906,3.8202342987060547
0,6798,334.4854736328125,3.158282518386841
0,6799,148.7242889404297,3.542745590209961
0,6800,233.12814331054688,3.7033233642578125
0,6801,141.50213623046875,3.485581636428833
0,6802,150.40733337402344,3.1554641723632812
0,6803,156.8650665283203,3.132812023162842
0,6804,298.54559326171875,3.606457233428955
0,6805,473.4604187011719,4.407135963439941
0,6806,279.0530700683594,3.097684144973755
0,6807,509.49969482421875,4.4020795822143555
0,6808,207.24208068847656,3.4697721004486084
0,6809,122.19633483886719,2.6403141021728516
0,6810,244.29103088378906,3.8168928623199463
0,6811,236.43983459472656,3.1349098682403564
0,6812,535.7631225585938,3.768958568572998
0,6813,371.9964294433594,4.138099670410156
0,6814,288.37359619140625,3.3517422676086426
0,6815,314.49761962890625,4.6925048828125
0,6816,159.80648803710938,3.0911643505096436
0,6817,336.5650329589844,3.6993556022644043
0,6818,247.2464599609375,4.132821083068848
0,6819,448.7144775390625,4.899161338806152
0,6820,304.51910400390625,4.162221431732178
0,6821,583.4324951171875,5.5402631759643555
0,6822,432.458984375,4.055369853973389
0,6823,353.97601318359375,3.331996440887451
0,6824,440.65478515625,4.589826583862305
0,6825,237.25616455078125,2.913219451904297
0,6826,366.9119567871094,4.427725791931152
0,6827,61.118995666503906,2.6374614238739014
0,6828,789.5009765625,5.3846588134765625
0,6829,154.3577880859375,3.035202980041504
0,6830,63.74479675292969,2.1142215728759766
0,6831,515.6004028320312,3.575230836868286
0,6832,281.8606872558594,3.573380470275879
0,6833,93.45977020263672,2.6172142028808594
0,6834,371.27044677734375,4.861126899719238
0,6835,477.7108459472656,4.307621955871582
0,6836,284.3795166015625,3.047642230987549
0,6837,407.87109375,4.571640968322754
0,6838,131.80230712890625,2.4019885063171387
0,6839,602.16064453125,5.433037757873535
0,6840,406.6935119628906,3.849916934967041
0,6841,321.2360534667969,3.7809293270111084
0,6842,119.78730773925781,3.706753969192505
0,6843,429.6417236328125,4.042349815368652
0,6844,177.34149169921875,3.6957149505615234
0,6845,156.44241333007812,2.9928059577941895
0,6846,151.2034912109375,3.097390651702881
0,6847,223.6484832763672,3.446491241455078
0,6848,174.4252166748047,2.9900527000427246
0,6849,701.8057861328125,4.165490627288818
0,6850,335.7586669921875,3.1852946281433105
0,6851,241.34710693359375,2.9934935569763184
0,6852,332.0231628417969,4.546752452850342
0,6853,334.74859619140625,3.7992589473724365
0,6854,250.43455505371094,3.9588050842285156
0,6855,102.17980194091797,3.106569528579712
0,6856,374.15740966796875,4.302158832550049
0,6857,102.54689025878906,2.7061233520507812
0,6858,357.82318115234375,4.182008266448975
0,6859,158.8376007080078,3.191363573074341
0,6860,352.9969787597656,2.705622911453247
0,6861,124.25483703613281,3.1519272327423096
0,6862,87.08830261230469,2.298863410949707
0,6863,146.5736541748047,3.2601733207702637
0,6864,119.44194030761719,1.985290288925171
0,6865,723.3170166015625,4.64400577545166
0,6866,313.14093017578125,4.341958045959473
0,6867,335.4747314453125,3.155954360961914
0,6868,338.283203125,4.416545391082764
0,6869,120.51583099365234,3.274418592453003
0,6870,36.727909088134766,2.0233335494995117
0,6871,359.989501953125,4.718936443328857
0,6872,462.97283935546875,4.576653480529785
0,6873,43.27547836303711,1.8106483221054077
0,6874,447.7529602050781,3.372204542160034
0,6875,826.9644775390625,6.3779215812683105
0,6876,424.5653991699219,3.6029653549194336
0,6877,137.66171264648438,2.570319890975952
0,6878,33.900611877441406,1.8879963159561157
0,6879,281.61138916015625,3.2804105281829834
0,6880,607.7454833984375,4.554216384887695
0,6881,192.3501434326172,3.266789197921753
0,6882,212.5943603515625,3.5525364875793457
0,6883,193.31875610351562,2.512457847595215
0,6884,177.95376586914062,4.10335636138916
0,6885,384.6806945800781,2.8893823623657227
0,6886,371.2604064941406,3.4456281661987305
0,6887,190.80372619628906,3.0108537673950195
0,6888,1107.6968994140625,6.440799713134766
0,6889,133.22659301757812,3.1265709400177
0,6890,526.3511962890625,5.2761030197143555
0,6891,402.3127136230469,4.188528060913086
0,6892,392.15338134765625,3.923516035079956
0,6893,117.10971069335938,2.6710596084594727
0,6894,135.0835418701172,3.3194947242736816
0,6895,277.704345703125,3.584671974182129
0,6896,415.1435546875,3.5775411128997803
0,6897,64.70491790771484,2.48154354095459
0,6898,318.3542785644531,3.638657331466675
0,6899,123.78348541259766,2.6741867065429688
0,6900,718.1771240234375,4.597742080688477
0,6901,238.443359375,3.116854667663574
0,6902,494.5318908691406,3.241258382797241
0,6903,327.677978515625,3.58284068107605
0,6904,521.7191772460938,5.338076591491699
0,6905,362.2137451171875,4.411089897155762
0,6906,137.1783447265625,2.6688270568847656
0,6907,288.0180358886719,2.9992780685424805
0,6908,543.471923828125,4.761852264404297
0,6909,185.9006805419922,2.748615026473999
0,6910,207.30348205566406,2.971212387084961
0,6911,458.7593078613281,3.7639811038970947
0,6912,396.9562072753906,3.447322368621826
0,6913,126.202392578125,3.095487117767334
0,6914,226.41275024414062,2.650416374206543
0,6915,212.88253784179688,2.891817331314087
0,6916,223.4622802734375,3.58430552482605
0,6917,43.463077545166016,2.1310908794403076
0,6918,231.15316772460938,3.0883212089538574
0,6919,519.0848388671875,4.6376214027404785
0,6920,542.8984375,4.032735347747803
0,6921,120.16799926757812,3.0163378715515137
0,6922,501.109375,3.7609128952026367
0,6923,182.1527862548828,3.115945339202881
0,6924,362.00738525390625,3.5722439289093018
0,6925,345.1788635253906,3.5891127586364746
0,6926,178.78639221191406,3.2097549438476562
0,6927,229.80389404296875,3.0862505435943604
0,6928,736.8330078125,4.2414116859436035
0,6929,30.22978401184082,1.848741054534912
0,6930,71.01402282714844,2.4330103397369385
0,6931,230.57485961914062,3.0927560329437256
0,6932,558.5115966796875,3.700296401977539
0,6933,144.19786071777344,3.0122976303100586
0,6934,716.9468383789062,5.724636077880859
0,6935,99.40772247314453,2.9055118560791016
0,6936,102.09162902832031,2.0926389694213867
0,6937,338.327392578125,4.104347229003906
0,6938,405.1397705078125,4.15985631942749
0,6939,142.02825927734375,2.770869493484497
0,6940,605.0292358398438,4.48953104019165
0,6941,78.40577697753906,2.172989845275879
0,6942,193.51388549804688,2.940096855163574
0,6943,278.02239990234375,3.6276752948760986
0,6944,506.90576171875,4.042962074279785
0,6945,272.037109375,3.2781600952148438
0,6946,548.8945922851562,5.3852691650390625
0,6947,110.95402526855469,3.1361093521118164
0,6948,314.2081604003906,4.747844696044922
0,6949,150.024658203125,2.3209683895111084
0,6950,509.64892578125,4.056476593017578
0,6951,330.66650390625,4.628312110900879
0,6952,204.52032470703125,3.4850542545318604
0,6953,668.2443237304688,4.878050804138184
0,6954,211.19293212890625,4.182419300079346
0,6955,229.14804077148438,2.864006519317627
0,6956,481.4071960449219,4.477958679199219
0,6957,255.61293029785156,3.6515026092529297
0,6958,318.45379638671875,4.102142333984375
0,6959,227.00802612304688,4.614652156829834
0,6960,373.7623596191406,4.76945686340332
0,6961,45.53630065917969,2.2988553047180176
0,6962,297.72003173828125,3.6435232162475586
0,6963,414.79827880859375,3.600235939025879
0,6964,269.5535888671875,4.332427024841309
0,6965,845.4856567382812,5.1660847663879395
0,6966,404.50018310546875,4.711708068847656
0,6967,180.50718688964844,3.0488977432250977
0,6968,311.1461486816406,2.896555185317993
0,6969,569.67626953125,4.466833591461182
0,6970,379.9918518066406,4.820390701293945
0,6971,425.0537109375,4.133315563201904
0,6972,399.8017883300781,4.597695350646973
0,6973,278.0883483886719,3.8293771743774414
0,6974,216.62054443359375,3.607825517654419
0,6975,395.2831726074219,4.103764533996582
0,6976,90.08020782470703,2.429321527481079
0,6977,134.35057067871094,3.4780092239379883
0,6978,464.8475646972656,4.697681427001953
0,6979,345.1466979980469,3.540982246398926
0,6980,667.2044677734375,4.77623176574707
0,6981,203.14114379882812,3.5855894088745117
0,6982,163.97259521484375,3.423802375793457
0,6983,155.06529235839844,3.6171228885650635
0,6984,431.40594482421875,3.9946184158325195
0,6985,169.37074279785156,3.406468391418457
0,6986,294.28558349609375,4.168185234069824
0,6987,290.22039794921875,3.8359742164611816
0,6988,188.97752380371094,2.9271769523620605
0,6989,515.6210327148438,4.478513717651367
0,6990,454.7698059082031,4.395913600921631
0,6991,118.79837036132812,2.755460500717163
0,6992,807.7913208007812,4.833189487457275
0,6993,303.49932861328125,3.6229641437530518
0,6994,513.115234375,4.415765285491943
0,6995,241.9049835205078,3.8764843940734863
0,6996,335.8310241699219,3.9382002353668213
0,6997,226.4584197998047,2.719343900680542
0,6998,316.0815124511719,3.9325690269470215
0,6999,238.79953002929688,3.34550142288208
0,7000,398.4298400878906,2.9644064903259277
0,7001,166.24765014648438,3.3615570068359375
0,7002,60.89033889770508,2.326845645904541
0,7003,138.71530151367188,2.94968843460083
0,7004,433.9735107421875,3.8340837955474854
0,7005,441.5603942871094,4.623100280761719
0,7006,101.70043182373047,2.4454119205474854
0,7007,607.2933349609375,4.146349906921387
0,7008,444.5085144042969,4.5081987380981445
0,7009,201.0610809326172,2.9920825958251953
0,7010,213.75369262695312,3.0632214546203613
0,7011,201.93682861328125,3.3965656757354736
0,7012,175.97254943847656,3.5005555152893066
0,7013,738.464111328125,4.508342266082764
0,7014,290.05938720703125,3.6540703773498535
0,7015,452.5772399902344,4.056133270263672
0,7016,62.78683090209961,2.418870449066162
0,7017,420.7142333984375,4.125837326049805
0,7018,199.40911865234375,3.788963794708252
0,7019,5575.9052734375,12.381355285644531
0,7020,161.2403106689453,3.7817156314849854
0,7021,236.84640502929688,3.8122525215148926
0,7022,942.384765625,5.854084014892578
0,7023,511.85748291015625,3.9243085384368896
0,7024,358.6488037109375,3.6177780628204346
0,7025,479.1784973144531,3.6353394985198975
0,7026,377.0903625488281,3.471935987472534
0,7027,161.33363342285156,3.3163223266601562
0,7028,172.6752166748047,3.9222030639648438
0,7029,170.36802673339844,2.9882359504699707
0,7030,242.52313232421875,3.242332696914673
0,7031,239.25672912597656,3.318650484085083
0,7032,45.61116409301758,2.1639046669006348
0,7033,41.54142379760742,2.1466314792633057
0,7034,490.3064880371094,4.567188262939453
0,7035,232.25404357910156,3.928209066390991
0,7036,347.4695129394531,3.5238654613494873
0,7037,378.24969482421875,3.9966816902160645
0,7038,753.619873046875,6.111395835876465
0,7039,242.10838317871094,3.1600852012634277
0,7040,330.16741943359375,3.440084934234619
0,7041,586.17724609375,5.040554046630859
0,7042,132.2705535888672,3.031496047973633
0,7043,210.6226043701172,3.5233068466186523
0,7044,116.60013580322266,2.7863707542419434
0,7045,208.99635314941406,3.899157762527466
0,7046,141.46298217773438,2.818739414215088
0,7047,337.65283203125,4.797752857208252
0,7048,443.66082763671875,4.112893104553223
0,7049,503.0743713378906,5.398017883300781
0,7050,351.23736572265625,3.541496992111206
0,7051,1358.8311767578125,7.170440673828125
0,7052,238.09613037109375,3.9938132762908936
0,7053,198.6350555419922,2.810382843017578
0,7054,133.26490783691406,2.908695697784424
0,7055,148.88360595703125,2.9790635108947754
0,7056,199.65750122070312,3.016450881958008
0,7057,147.3968048095703,3.0053610801696777
0,7058,332.4554748535156,3.938386917114258
0,7059,320.260986328125,3.070694923400879
0,7060,395.15484619140625,5.344534873962402
0,7061,74.82837677001953,2.27042818069458
0,7062,175.10011291503906,3.0958874225616455
0,7063,116.33421325683594,2.9089906215667725
0,7064,397.0354919433594,4.570156097412109
0,7065,200.6739959716797,3.6370625495910645
0,7066,234.8992919921875,3.611259698867798
0,7067,236.7683563232422,2.6648526191711426
0,7068,190.9957733154297,2.9977293014526367
0,7069,88.44493103027344,2.599673271179199
0,7070,143.991943359375,3.318256378173828
0,7071,321.7811584472656,3.3572580814361572
0,7072,179.0734405517578,3.6124446392059326
0,7073,448.50213623046875,4.5507707595825195
0,7074,159.8924102783203,2.8514366149902344
0,7075,220.52774047851562,2.8718838691711426
0,7076,556.7267456054688,3.3973846435546875
0,7077,168.83815002441406,2.8518004417419434
0,7078,263.5331726074219,3.1638600826263428
0,7079,108.17723083496094,3.0433998107910156
0,7080,404.4341125488281,4.226576328277588
0,7081,87.24545288085938,3.070162296295166
0,7082,195.0845947265625,2.595400810241699
0,7083,338.9515380859375,3.1386752128601074
0,7084,236.65757751464844,3.6057498455047607
0,7085,202.9846649169922,3.745912551879883
0,7086,235.2779998779297,3.383512020111084
0,7087,253.01312255859375,3.304779529571533
0,7088,279.8914794921875,3.4089412689208984
0,7089,134.3950958251953,2.760791778564453
0,7090,254.8687286376953,3.11972713470459
0,7091,294.9131164550781,3.618431568145752
0,7092,392.4831848144531,4.486148834228516
0,7093,208.1186065673828,3.8709473609924316
0,7094,269.048828125,4.001423358917236
0,7095,206.7893524169922,2.8954155445098877
0,7096,214.74754333496094,3.2067151069641113
0,7097,62.383872985839844,2.3366289138793945
0,7098,163.4645538330078,3.0609242916107178
0,7099,369.25750732421875,3.3118996620178223
0,7100,87.23120880126953,2.850522041320801
0,7101,519.8677368164062,3.7351436614990234
0,7102,116.16258239746094,3.0677638053894043
0,7103,424.6827087402344,4.77512264251709
0,7104,426.4338684082031,3.9749677181243896
0,7105,187.76327514648438,3.4190661907196045
0,7106,108.78211212158203,2.883816719055176
0,7107,154.2211151123047,2.952993869781494
0,7108,298.5262145996094,3.827138900756836
0,7109,328.80841064453125,3.1960630416870117
0,7110,430.42840576171875,3.768953800201416
0,7111,380.7540588378906,2.8348493576049805
0,7112,457.696533203125,3.9461731910705566
0,7113,160.78582763671875,2.6418328285217285
0,7114,490.855712890625,3.453885555267334
0,7115,160.5501251220703,2.999569892883301
0,7116,415.8551940917969,4.553562164306641
0,7117,211.72207641601562,3.876835584640503
0,7118,345.3875732421875,4.446465492248535
0,7119,190.58021545410156,3.9080867767333984
0,7120,357.8541564941406,2.903566598892212
0,7121,105.5958251953125,2.825317859649658
0,7122,64.8728256225586,2.330934524536133
0,7123,238.5387420654297,2.91268253326416
0,7124,116.76612854003906,3.041969060897827
0,7125,253.99761962890625,3.127378463745117
0,7126,119.45670318603516,3.0247600078582764
0,7127,318.02362060546875,3.938045024871826
0,7128,308.05718994140625,2.545175075531006
0,7129,444.62176513671875,4.078031539916992
0,7130,165.87620544433594,3.4153401851654053
0,7131,298.6179504394531,4.120993614196777
0,7132,304.3616027832031,4.18935489654541
0,7133,340.5917663574219,3.5505354404449463
0,7134,211.53912353515625,4.159463882446289
0,7135,135.86260986328125,2.487295150756836
0,7136,263.1902770996094,2.800511360168457
0,7137,390.2718811035156,3.2470703125
0,7138,295.1315002441406,5.07588005065918
0,7139,159.2622833251953,3.2882978916168213
0,7140,324.4617614746094,3.2960622310638428
0,7141,195.84942626953125,3.1164515018463135
0,7142,283.07476806640625,3.8439781665802
0,7143,294.3844299316406,3.53963565826416
0,7144,496.12030029296875,4.380304336547852
0,7145,90.53053283691406,3.245293140411377
0,7146,134.7526092529297,3.539764404296875
0,7147,311.5519104003906,3.3352622985839844
0,7148,142.36253356933594,2.6712498664855957
0,7149,446.0606994628906,5.036414623260498
0,7150,296.691162109375,4.365311622619629
0,7151,299.25384521484375,4.078982353210449
0,7152,592.7050170898438,5.976005554199219
0,7153,716.2557983398438,4.30910587310791
0,7154,197.3030548095703,3.0376713275909424
0,7155,469.2845458984375,5.185173034667969
0,7156,134.47251892089844,2.838644027709961
0,7157,89.24578857421875,2.4371824264526367
0,7158,118.43309020996094,3.192063808441162
0,7159,495.274658203125,5.231114864349365
0,7160,311.3630676269531,4.3096160888671875
0,7161,175.20367431640625,3.7050528526306152
0,7162,142.2498779296875,3.5302906036376953
0,7163,182.41949462890625,2.7373478412628174
0,7164,281.5538330078125,4.360538005828857
0,7165,123.54135131835938,3.5619707107543945
0,7166,471.373779296875,5.275400161743164
0,7167,153.68997192382812,2.683607339859009
0,7168,376.0495300292969,3.867220401763916
0,7169,375.12432861328125,2.6779258251190186
0,7170,429.5751647949219,4.561088562011719
0,7171,51.13444137573242,2.3892030715942383
0,7172,241.20059204101562,3.983769416809082
0,7173,164.4312744140625,2.6268796920776367
0,7174,165.1339111328125,3.0172550678253174
0,7175,187.63987731933594,2.8840858936309814
0,7176,174.27359008789062,3.436856269836426
0,7177,270.00384521484375,3.216355562210083
0,7178,145.89529418945312,2.6402461528778076
0,7179,547.6288452148438,4.969796180725098
0,7180,108.7501449584961,3.288606882095337
0,7181,647.1375732421875,4.8553786277771
0,7182,683.6140747070312,5.180149078369141
0,7183,222.8021240234375,3.9944064617156982
0,7184,215.11268615722656,3.9214797019958496
0,7185,73.10347747802734,2.786872625350952
0,7186,77.54557037353516,2.74743914604187
0,7187,446.2059020996094,3.721188545227051
0,7188,267.4778747558594,3.44331693649292
0,7189,115.28587341308594,3.1868903636932373
0,7190,451.4296875,3.762211799621582
0,7191,133.71450805664062,2.7071056365966797
0,7192,513.592529296875,4.089113235473633
0,7193,88.78799438476562,2.5461478233337402
0,7194,149.86985778808594,3.2822227478027344
0,7195,58.35980987548828,1.79768967628479
0,7196,83.11872863769531,2.6901235580444336
0,7197,360.5860900878906,3.432265281677246
0,7198,156.06051635742188,2.8795599937438965
0,7199,179.40374755859375,3.001401424407959
0,7200,358.06304931640625,3.4124622344970703
0,7201,567.1136474609375,3.709292411804199
0,7202,159.3599090576172,2.9487295150756836
0,7203,80.24480438232422,2.4538140296936035
0,7204,303.1175231933594,3.317291259765625
0,7205,341.1051025390625,4.30410099029541
0,7206,144.45913696289062,2.8361048698425293
0,7207,66.6465835571289,2.5543808937072754
0,7208,110.79183959960938,2.8862345218658447
0,7209,54.82626724243164,2.265944480895996
0,7210,144.67408752441406,2.938001871109009
0,7211,529.4146118164062,4.662041664123535
0,7212,52.138832092285156,2.5601959228515625
0,7213,335.095703125,3.2949044704437256
0,7214,695.9776000976562,3.893847942352295
0,7215,76.47615814208984,2.4784739017486572
0,7216,39.88517761230469,1.9948725700378418
0,7217,208.51882934570312,3.181382656097412
0,7218,166.255126953125,3.4917068481445312
0,7219,167.29461669921875,2.79304575920105
0,7220,231.00405883789062,3.4237446784973145
0,7221,69.0838623046875,2.56231951713562
0,7222,349.6463928222656,4.2891435623168945
0,7223,103.98365020751953,2.4101414680480957
0,7224,322.9560546875,3.763032913208008
0,7225,515.3612060546875,3.819823741912842
0,7226,193.11550903320312,3.1666617393493652
0,7227,49.2696533203125,1.656936526298523
0,7228,561.8888549804688,3.9783201217651367
0,7229,175.38038635253906,3.1623353958129883
0,7230,127.26248168945312,2.6589596271514893
0,7231,373.8434143066406,3.922023296356201
0,7232,231.09368896484375,3.6012184619903564
0,7233,108.69908905029297,3.0712215900421143
0,7234,209.77197265625,4.154363632202148
0,7235,317.7181701660156,3.289095878601074
0,7236,450.27294921875,4.075543403625488
0,7237,361.1059265136719,3.3156139850616455
0,7238,138.6034393310547,3.0455141067504883
0,7239,649.626220703125,4.954229831695557
0,7240,321.89459228515625,3.527764320373535
0,7241,126.48107147216797,3.0865495204925537
0,7242,197.52369689941406,2.9942333698272705
0,7243,214.00534057617188,3.1540534496307373
0,7244,221.2555389404297,2.270766258239746
0,7245,216.2896728515625,3.5740256309509277
0,7246,129.33546447753906,2.0227365493774414
0,7247,205.70188903808594,4.2834882736206055
0,7248,411.7512512207031,3.8720545768737793
0,7249,675.4651489257812,3.8457438945770264
0,7250,62.0919189453125,2.5147817134857178
0,7251,150.35118103027344,3.337599754333496
0,7252,114.32779693603516,2.806208372116089
0,7253,199.3356170654297,3.8932323455810547
0,7254,59.46666717529297,2.223372220993042
0,7255,158.47265625,2.5201852321624756
0,7256,143.36325073242188,3.070786237716675
0,7257,185.65863037109375,2.851661205291748
0,7258,59.7336311340332,2.384192705154419
0,7259,549.1744995117188,4.086785793304443
0,7260,500.35626220703125,4.439617156982422
0,7261,272.4613952636719,3.4516396522521973
0,7262,154.386474609375,3.1315078735351562
0,7263,409.7834777832031,5.13405704498291
0,7264,347.4778137207031,3.2012104988098145
0,7265,69.37033081054688,2.611734390258789
0,7266,163.9064178466797,3.4480412006378174
0,7267,302.8824462890625,3.2718324661254883
0,7268,531.7977905273438,4.195026397705078
0,7269,265.55816650390625,3.557027816772461
0,7270,54.74574661254883,2.112576961517334
0,7271,182.78558349609375,3.475630521774292
0,7272,428.97161865234375,3.7189574241638184
0,7273,3949.28466796875,10.250304222106934
0,7274,269.6325378417969,3.0245213508605957
0,7275,234.3197021484375,3.547065019607544
0,7276,246.93734741210938,3.7073750495910645
0,7277,77.739501953125,2.4876620769500732
0,7278,92.66404724121094,2.8073740005493164
0,7279,52.42673110961914,2.2292771339416504
0,7280,107.74148559570312,3.3166778087615967
0,7281,225.354736328125,3.444550037384033
0,7282,330.7180480957031,3.170362710952759
0,7283,302.43707275390625,3.2359492778778076
0,7284,550.5828857421875,5.390467643737793
0,7285,258.3081970214844,3.2501864433288574
0,7286,376.4366455078125,3.4973762035369873
0,7287,281.16497802734375,3.6556482315063477
0,7288,238.83615112304688,3.5663130283355713
0,7289,251.34738159179688,3.333771228790283
0,7290,146.1617431640625,2.7915573120117188
0,7291,132.5938720703125,3.0654454231262207
0,7292,617.8385620117188,4.89124870300293
0,7293,626.2340698242188,5.506552696228027
0,7294,302.7671813964844,3.354302406311035
0,7295,235.53692626953125,3.2833590507507324
0,7296,106.8271255493164,3.171929359436035
0,7297,141.78590393066406,3.4756109714508057
0,7298,347.21697998046875,3.3022801876068115
0,7299,58.80720138549805,2.135324239730835
0,7300,223.98606872558594,2.7320339679718018
0,7301,332.5466003417969,3.7493295669555664
0,7302,279.30096435546875,3.5162882804870605
0,7303,505.1780090332031,4.115235328674316
0,7304,140.08160400390625,3.278486728668213
0,7305,44.96466827392578,2.272613525390625
0,7306,74.19969177246094,2.5253634452819824
0,7307,138.6549530029297,2.8936731815338135
0,7308,177.24203491210938,3.643627166748047
0,7309,154.99705505371094,2.7858309745788574
0,7310,239.385009765625,2.7304909229278564
0,7311,368.72674560546875,4.8411736488342285
0,7312,107.7513427734375,2.815129280090332
0,7313,88.76611328125,2.203536033630371
0,7314,96.61261749267578,3.028014898300171
0,7315,298.3060607910156,3.465878486633301
0,7316,51.96013641357422,1.9486815929412842
0,7317,788.9098510742188,4.656282901763916
0,7318,257.6048583984375,2.9673218727111816
0,7319,205.57862854003906,2.9937000274658203
0,7320,162.45274353027344,3.811985492706299
0,7321,213.24790954589844,3.5552024841308594
0,7322,51.71936798095703,2.2567741870880127
0,7323,231.00465393066406,3.1708688735961914
0,7324,239.43504333496094,3.330547332763672
0,7325,110.10826110839844,2.971867799758911
0,7326,265.2137451171875,3.312472343444824
0,7327,407.8961181640625,3.699742317199707
0,7328,298.56854248046875,3.7293951511383057
0,7329,90.6173095703125,2.461012840270996
0,7330,278.4469909667969,4.302501201629639
0,7331,243.78570556640625,3.399479627609253
0,7332,50.85542678833008,2.0898826122283936
0,7333,95.1775131225586,2.4858181476593018
0,7334,37.77013397216797,2.008648633956909
0,7335,352.6265563964844,4.184139728546143
0,7336,112.10697174072266,2.952101707458496
0,7337,180.0439453125,2.825969934463501
0,7338,422.49493408203125,3.8028337955474854
0,7339,161.29095458984375,3.4791665077209473
0,7340,90.51449584960938,2.5667121410369873
0,7341,322.78436279296875,3.260305404663086
0,7342,268.3624572753906,4.604630470275879
0,7343,407.327880859375,3.4655494689941406
0,7344,247.3562774658203,3.8739242553710938
0,7345,127.48027801513672,3.2512307167053223
0,7346,238.89967346191406,3.5660407543182373
0,7347,236.75804138183594,3.1021924018859863
0,7348,230.62521362304688,3.8307697772979736
0,7349,414.14251708984375,4.612785816192627
0,7350,70.0101089477539,2.3777663707733154
0,7351,47.85624694824219,2.010042428970337
0,7352,177.0885772705078,3.33190655708313
0,7353,308.3850402832031,3.930711269378662
0,7354,256.126708984375,3.2960214614868164
0,7355,460.95941162109375,4.186532020568848
0,7356,333.2026062011719,3.294792413711548
0,7357,559.0767822265625,5.0454559326171875
0,7358,97.67403411865234,2.9955685138702393
0,7359,310.1248779296875,3.253897190093994
0,7360,401.518310546875,3.6715469360351562
0,7361,234.815673828125,3.5301151275634766
0,7362,248.22061157226562,3.481048583984375
0,7363,526.4058227539062,6.123678684234619
0,7364,360.962646484375,4.2094316482543945
0,7365,101.52869415283203,3.2073631286621094
0,7366,241.5122833251953,3.4528353214263916
0,7367,294.6175537109375,3.3754594326019287
0,7368,674.329833984375,4.966701507568359
0,7369,306.6954345703125,4.187722206115723
0,7370,37.290950775146484,1.8980625867843628
0,7371,46.41373825073242,2.398725986480713
0,7372,342.693603515625,4.045592784881592
0,7373,490.274658203125,3.9273743629455566
0,7374,141.85792541503906,3.6412436962127686
0,7375,197.93382263183594,3.758915662765503
0,7376,169.34629821777344,3.5006375312805176
0,7377,151.5501251220703,3.694815158843994
0,7378,236.5703125,3.725325107574463
0,7379,113.13172149658203,2.767922878265381
0,7380,55.78223419189453,2.5641112327575684
0,7381,239.8090362548828,3.7078168392181396
0,7382,367.1935729980469,4.117011547088623
0,7383,105.7521743774414,2.360593318939209
0,7384,357.13385009765625,3.628237009048462
0,7385,336.8868103027344,3.91229248046875
0,7386,475.945068359375,4.249345779418945
0,7387,139.62278747558594,3.151498794555664
0,7388,183.41131591796875,2.9530527591705322
0,7389,271.16845703125,3.8444368839263916
0,7390,411.13739013671875,4.528028964996338
0,7391,264.20574951171875,2.9034531116485596
0,7392,64.4384765625,2.3961973190307617
0,7393,133.6943359375,3.108682155609131
0,7394,242.58541870117188,3.733603000640869
0,7395,181.94107055664062,3.741499900817871
0,7396,191.00399780273438,3.707735776901245
0,7397,105.66092681884766,2.275251865386963
0,7398,109.34111022949219,2.879544496536255
0,7399,271.0601806640625,4.056427955627441
0,7400,590.3627319335938,4.458220958709717
0,7401,152.686767578125,3.981562376022339
0,7402,156.12548828125,2.8366079330444336
0,7403,155.07327270507812,3.0237836837768555
0,7404,69.66287231445312,2.7180862426757812
0,7405,116.30754089355469,2.946970224380493
0,7406,99.23599243164062,2.572282075881958
0,7407,204.43618774414062,3.768761157989502
0,7408,96.50595092773438,2.922138214111328
0,7409,228.7188720703125,3.68060302734375
0,7410,267.806396484375,3.0478618144989014
0,7411,158.37269592285156,2.7184858322143555
0,7412,369.3424072265625,3.186044454574585
0,7413,190.73654174804688,2.84057354927063
0,7414,56.48457336425781,2.076592445373535
0,7415,207.3061065673828,2.5559158325195312
0,7416,123.76057434082031,2.9462509155273438
0,7417,148.99635314941406,3.2196507453918457
0,7418,131.71498107910156,3.0390520095825195
0,7419,176.64639282226562,3.48297381401062
0,7420,133.62515258789062,2.509129762649536
0,7421,130.81289672851562,2.611854076385498
0,7422,106.23222351074219,2.5425052642822266
0,7423,138.65206909179688,3.349668025970459
0,7424,168.6190643310547,2.6543338298797607
0,7425,471.7776794433594,3.696173667907715
0,7426,474.5693664550781,4.501067161560059
0,7427,223.813720703125,2.9921865463256836
0,7428,177.99029541015625,3.6064491271972656
0,7429,512.7381591796875,5.5652947425842285
0,7430,327.4787292480469,3.411640167236328
0,7431,483.4146423339844,5.124218463897705
0,7432,243.6510467529297,3.7132034301757812
0,7433,113.65393829345703,2.3600709438323975
0,7434,199.33033752441406,2.9198954105377197
0,7435,206.60943603515625,4.327373504638672
0,7436,300.55987548828125,3.69638729095459
0,7437,344.7622375488281,4.1020894050598145
0,7438,210.23355102539062,3.252807140350342
0,7439,380.15594482421875,4.265043258666992
0,7440,91.57859802246094,2.6748239994049072
0,7441,381.67535400390625,4.298944473266602
0,7442,367.66595458984375,3.4448275566101074
0,7443,77.61708068847656,2.018484592437744
0,7444,277.70513916015625,3.486706018447876
0,7445,142.80467224121094,2.2713139057159424
0,7446,518.12158203125,4.717051029205322
0,7447,165.0175323486328,3.3048949241638184
0,7448,140.07565307617188,3.4610180854797363
0,7449,201.3935089111328,3.5329015254974365
0,7450,166.98826599121094,3.1336162090301514
0,7451,180.2890167236328,4.202939987182617
0,7452,181.9917755126953,2.907248020172119
0,7453,301.62664794921875,3.0903897285461426
0,7454,157.39773559570312,3.087311029434204
0,7455,140.9571075439453,3.4035305976867676
0,7456,199.3719482421875,2.8739559650421143
0,7457,251.83468627929688,3.2254862785339355
0,7458,169.4376678466797,3.4750258922576904
0,7459,155.817626953125,2.8552908897399902
0,7460,260.5489501953125,3.565552234649658
0,7461,63.4105224609375,2.217287302017212
0,7462,259.5995788574219,2.825441360473633
0,7463,324.0213623046875,3.7858457565307617
0,7464,117.48670196533203,3.1066761016845703
0,7465,41.983848571777344,2.1015396118164062
0,7466,180.60841369628906,2.8850317001342773
0,7467,181.48626708984375,2.7845494747161865
0,7468,212.72006225585938,3.4909090995788574
0,7469,276.4387512207031,4.01478385925293
0,7470,280.7183837890625,3.952705144882202
0,7471,75.6559829711914,2.623910903930664
0,7472,451.7438049316406,4.578581809997559
0,7473,164.90187072753906,3.657620429992676
0,7474,144.84295654296875,2.6107778549194336
0,7475,236.76275634765625,3.134551525115967
0,7476,54.14875030517578,2.270179510116577
0,7477,398.9358215332031,4.32855224609375
0,7478,152.03724670410156,4.0786614418029785
0,7479,93.44975280761719,3.2080636024475098
0,7480,59.60652160644531,2.491905689239502
0,7481,394.93133544921875,4.284952163696289
0,7482,98.34065246582031,2.236475706100464
0,7483,345.4328918457031,4.192587852478027
0,7484,68.2912368774414,1.9059996604919434
0,7485,87.77037048339844,2.714322566986084
0,7486,212.77978515625,3.0306315422058105
0,7487,363.767333984375,3.5292422771453857
0,7488,128.70550537109375,3.06437611579895
0,7489,86.86790466308594,2.590341329574585
0,7490,85.91236114501953,2.943943977355957
0,7491,91.97601318359375,2.825348377227783
0,7492,230.41339111328125,3.49881649017334
0,7493,321.9216003417969,4.157521724700928
0,7494,69.01422882080078,2.2559914588928223
0,7495,160.89627075195312,2.931436777114868
0,7496,113.77052307128906,2.982651472091675
0,7497,270.29901123046875,3.758629322052002
0,7498,68.42788696289062,2.101391315460205
0,7499,121.21258544921875,3.1037912368774414
0,7500,299.3306884765625,3.354121208190918
0,7501,109.0945053100586,3.0442566871643066
0,7502,36.74959182739258,1.988113284111023
0,7503,115.99134063720703,1.998400330543518
0,7504,360.68963623046875,3.623429298400879
0,7505,291.63397216796875,3.694674015045166
0,7506,328.8442687988281,4.385953426361084
0,7507,66.41166687011719,2.445352077484131
0,7508,405.2392272949219,4.067827224731445
0,7509,808.6008911132812,5.618854522705078
0,7510,286.9566650390625,3.8101234436035156
0,7511,255.97613525390625,3.144151449203491
0,7512,369.9781799316406,4.151959419250488
0,7513,205.7167205810547,3.5144331455230713
0,7514,279.8977355957031,3.8384788036346436
0,7515,353.6309509277344,4.210485935211182
0,7516,397.274658203125,4.474664211273193
0,7517,184.2779541015625,3.5864930152893066
0,7518,209.4414825439453,3.7844491004943848
0,7519,173.09808349609375,2.9780468940734863
0,7520,165.31072998046875,3.3289287090301514
0,7521,523.9358520507812,4.433786392211914
0,7522,74.3530044555664,2.5596814155578613
0,7523,248.063232421875,3.330881118774414
0,7524,165.27529907226562,3.497668743133545
0,7525,36.52098083496094,1.586243987083435
0,7526,222.3733367919922,3.8760018348693848
0,7527,122.01487731933594,3.058595657348633
0,7528,459.1631164550781,3.7978100776672363
0,7529,171.18878173828125,2.7614245414733887
0,7530,160.83847045898438,3.6399176120758057
0,7531,277.1656494140625,3.4114081859588623
0,7532,144.55322265625,3.161547899246216
0,7533,152.92196655273438,2.5300607681274414
0,7534,254.470458984375,3.7353179454803467
0,7535,150.89886474609375,3.585392951965332
0,7536,296.4292907714844,4.424696445465088
0,7537,98.54216003417969,2.611604928970337
0,7538,217.15765380859375,3.2662856578826904
0,7539,98.1411361694336,2.7939693927764893
0,7540,127.98641967773438,3.083542585372925
0,7541,127.88954162597656,3.0466718673706055
0,7542,271.4872741699219,2.8625266551971436
0,7543,100.00764465332031,1.8788384199142456
0,7544,235.60211181640625,3.107898712158203
0,7545,202.92706298828125,4.098161697387695
0,7546,122.07347106933594,3.545597791671753
0,7547,93.08132934570312,2.9760875701904297
0,7548,69.894287109375,2.4159951210021973
0,7549,47.648231506347656,1.996286153793335
0,7550,368.6863098144531,3.348538398742676
0,7551,414.347900390625,4.07800817489624
0,7552,209.65640258789062,3.169060230255127
0,7553,187.95652770996094,1.9732630252838135
0,7554,47.61851119995117,1.8629404306411743
0,7555,395.42236328125,3.0748608112335205
0,7556,139.9473114013672,3.4507956504821777
0,7557,125.15625,2.4723803997039795
0,7558,105.69454956054688,3.2481491565704346
0,7559,229.17401123046875,3.931100845336914
0,7560,126.73800659179688,2.79317045211792
0,7561,87.24756622314453,2.4904913902282715
0,7562,103.71328735351562,2.4534239768981934
0,7563,117.52338409423828,2.2985024452209473
0,7564,279.45172119140625,3.561300754547119
0,7565,109.9233627319336,2.3614282608032227
0,7566,112.03313446044922,2.8694167137145996
0,7567,39.57648468017578,1.8717687129974365
0,7568,234.55650329589844,3.580442428588867
0,7569,46.25938415527344,2.329385757446289
0,7570,154.7876434326172,3.528193950653076
0,7571,177.98890686035156,2.8515818119049072
0,7572,243.1372833251953,3.9366815090179443
0,7573,445.2019348144531,4.617559909820557
0,7574,78.51666259765625,2.561842441558838
0,7575,310.8572692871094,3.08567476272583
0,7576,150.68165588378906,3.897817611694336
0,7577,171.54449462890625,3.867137908935547
0,7578,184.10586547851562,3.7652440071105957
0,7579,320.0882568359375,4.138121604919434
0,7580,171.3619384765625,3.1548960208892822
0,7581,195.61231994628906,3.3228108882904053
0,7582,377.7215270996094,3.9476401805877686
0,7583,80.6899642944336,2.3993375301361084
0,7584,291.05023193359375,3.681962728500366
0,7585,239.61788940429688,3.7988882064819336
0,7586,168.66473388671875,3.838527202606201
0,7587,77.264892578125,2.0440852642059326
0,7588,337.0785827636719,4.080716609954834
0,7589,464.34588623046875,4.255663871765137
0,7590,120.71925354003906,2.9109323024749756
0,7591,258.42413330078125,3.3400049209594727
0,7592,287.116943359375,2.975090980529785
0,7593,265.6642761230469,3.0816564559936523
0,7594,266.9889831542969,4.728435516357422
0,7595,297.7333068847656,3.309035301208496
0,7596,197.7100372314453,3.42724871635437
0,7597,367.35528564453125,3.3782730102539062
0,7598,135.793701171875,3.022536516189575
0,7599,295.172607421875,4.661171913146973
0,7600,141.7417449951172,3.6149587631225586
0,7601,158.23782348632812,3.510972261428833
0,7602,208.99745178222656,3.7919154167175293
0,7603,165.61517333984375,2.785844564437866
0,7604,136.5377655029297,3.594280242919922
0,7605,224.23300170898438,3.1898117065429688
0,7606,136.68841552734375,3.064171075820923
0,7607,151.29849243164062,3.986940622329712
0,7608,84.05009460449219,2.070910692214966
0,7609,19133.978515625,20.452709197998047
0,7610,71.5499496459961,2.365457057952881
0,7611,435.5043029785156,5.202322959899902
0,7612,392.0322265625,4.661378860473633
0,7613,238.5124053955078,3.864374876022339
0,7614,206.45394897460938,3.9062371253967285
0,7615,137.12640380859375,3.2065610885620117
0,7616,120.5099105834961,2.754549026489258
0,7617,79.76856994628906,2.5398364067077637
0,7618,322.5518798828125,2.970062017440796
0,7619,237.04629516601562,2.726883888244629
0,7620,90.42040252685547,2.5152697563171387
0,7621,67.36746215820312,2.6800053119659424
0,7622,190.0060577392578,2.892942428588867
0,7623,187.31185913085938,2.783567428588867
0,7624,339.7550354003906,4.5099334716796875
0,7625,364.8564758300781,3.8979434967041016
0,7626,183.51007080078125,3.386453866958618
0,7627,174.2684783935547,3.1620302200317383
0,7628,158.534423828125,3.437117338180542
0,7629,112.55802154541016,3.31563138961792
0,7630,374.6390380859375,3.675644874572754
0,7631,109.64749908447266,3.123295545578003
0,7632,70.9425048828125,2.7887966632843018
0,7633,238.104248046875,2.8596034049987793
0,7634,96.1158676147461,2.6091625690460205
0,7635,168.9136199951172,3.2591452598571777
0,7636,335.3300476074219,4.337699890136719
0,7637,147.9163360595703,3.7035276889801025
0,7638,213.0738525390625,4.252668857574463
0,7639,411.5466613769531,4.32735538482666
0,7640,272.91888427734375,4.566755294799805
0,7641,93.3512954711914,2.85465145111084
0,7642,141.5861053466797,3.2507781982421875
0,7643,212.78611755371094,2.633140802383423
0,7644,126.36663055419922,2.9664177894592285
0,7645,135.72341918945312,3.068925380706787
0,7646,231.19984436035156,4.219385147094727
0,7647,405.6852111816406,4.437702178955078
0,7648,93.71128845214844,2.9378108978271484
0,7649,263.7802734375,3.816345691680908
0,7650,129.00001525878906,2.5152018070220947
0,7651,411.00408935546875,4.035215377807617
0,7652,369.1390380859375,3.8720927238464355
0,7653,249.1326141357422,3.1452484130859375
0,7654,135.37789916992188,2.669612169265747
0,7655,113.65028381347656,2.2336807250976562
0,7656,56.045555114746094,2.254560947418213
0,7657,240.87673950195312,3.3974812030792236
0,7658,301.85675048828125,4.187062740325928
0,7659,202.37704467773438,3.0050275325775146
0,7660,105.87020111083984,2.927724838256836
0,7661,162.7665557861328,3.102085828781128
0,7662,167.34996032714844,3.0730855464935303
0,7663,89.06720733642578,2.786587715148926
0,7664,213.27760314941406,3.509554147720337
0,7665,111.10260009765625,2.967759132385254
0,7666,317.1697692871094,3.339425802230835
0,7667,112.12432098388672,2.6834499835968018
0,7668,263.3067932128906,2.780421018600464
0,7669,98.32022857666016,2.6709237098693848
0,7670,110.6833724975586,2.7395408153533936
0,7671,113.5384750366211,3.163036584854126
0,7672,86.90451049804688,2.6938271522521973
0,7673,95.60223388671875,2.469320297241211
0,7674,154.89642333984375,3.2854926586151123
0,7675,148.83480834960938,2.5460472106933594
0,7676,171.76522827148438,3.064478874206543
0,7677,91.61445617675781,2.610048532485962
0,7678,243.64300537109375,2.821153402328491
0,7679,141.5469512939453,2.4017210006713867
0,7680,96.71540832519531,3.0638012886047363
0,7681,134.57357788085938,2.705676794052124
0,7682,299.9447326660156,4.275388240814209
0,7683,1843.225830078125,6.987199783325195
0,7684,130.3931427001953,2.503864288330078
0,7685,236.73635864257812,3.096043348312378
0,7686,122.74544525146484,3.165286064147949
0,7687,93.20109558105469,3.074984550476074
0,7688,281.84283447265625,3.8425259590148926
0,7689,228.1804962158203,3.7192111015319824
0,7690,98.63959503173828,2.6379761695861816
0,7691,151.8074493408203,3.106208324432373
0,7692,151.66796875,3.502953290939331
0,7693,119.9136734008789,2.7068142890930176
0,7694,156.391357421875,3.360225200653076
0,7695,38.8084602355957,1.9893543720245361
0,7696,174.41909790039062,3.9649007320404053
0,7697,121.26573181152344,3.2240850925445557
0,7698,143.759521484375,3.663240909576416
0,7699,125.54208374023438,3.218012809753418
0,7700,117.2570571899414,3.385978937149048
0,7701,170.23854064941406,3.7441678047180176
0,7702,372.7682800292969,3.822472333908081
0,7703,316.9219055175781,4.679331302642822
0,7704,162.18577575683594,3.2847843170166016
0,7705,422.0984802246094,4.843174934387207
0,7706,153.05572509765625,3.1137046813964844
0,7707,104.31245422363281,3.256883144378662
0,7708,283.8263244628906,3.9426207542419434
0,7709,292.7577209472656,3.700068950653076
0,7710,109.25861358642578,2.8938167095184326
0,7711,79.37393951416016,2.8110344409942627
0,7712,171.57974243164062,2.93643856048584
0,7713,332.6678771972656,3.897052764892578
0,7714,62.10488510131836,2.6437506675720215
0,7715,48.16802215576172,2.2064197063446045
0,7716,159.7610626220703,3.53434681892395
0,7717,155.91600036621094,3.0363881587982178
0,7718,231.01437377929688,3.5375146865844727
0,7719,199.30084228515625,4.364254474639893
0,7720,163.60231018066406,3.7698798179626465
0,7721,63.94535827636719,2.5994338989257812
0,7722,207.09507751464844,3.003239631652832
0,7723,48.9862060546875,2.0767476558685303
0,7724,133.0369873046875,3.136303663253784
0,7725,183.57528686523438,3.8987975120544434
0,7726,284.48492431640625,3.2604565620422363
0,7727,95.75990295410156,3.0911121368408203
0,7728,160.87950134277344,2.2455945014953613
0,7729,86.51081085205078,2.3659896850585938
0,7730,353.4859924316406,4.000705242156982
0,7731,175.4754180908203,3.8981378078460693
0,7732,226.5122833251953,3.8201003074645996
0,7733,72.27735900878906,2.3600080013275146
0,7734,46.312965393066406,2.2123444080352783
0,7735,80.95520782470703,2.5435101985931396
0,7736,235.3374481201172,3.608283519744873
0,7737,394.6936950683594,3.943723201751709
0,7738,164.5079803466797,3.3165769577026367
0,7739,102.04277801513672,2.757307291030884
0,7740,86.47073364257812,2.5763912200927734
0,7741,340.3652648925781,3.863825798034668
0,7742,190.00323486328125,3.468318223953247
0,7743,106.88618469238281,3.1417016983032227
0,7744,297.80615234375,4.186908721923828
0,7745,180.7898712158203,3.798903226852417
0,7746,213.85067749023438,3.338573455810547
0,7747,76.58679962158203,2.3406107425689697
0,7748,284.5137939453125,3.6175196170806885
0,7749,114.13088989257812,3.178422451019287
0,7750,81.85166931152344,2.9232847690582275
0,7751,287.837890625,3.200373411178589
0,7752,232.63487243652344,3.9805057048797607
0,7753,97.66403198242188,2.8248229026794434
0,7754,142.0107421875,3.5490312576293945
0,7755,64.82881164550781,2.4896509647369385
0,7756,117.90553283691406,3.0733067989349365
0,7757,348.86505126953125,4.521625995635986
0,7758,177.18853759765625,3.68756365776062
0,7759,401.16326904296875,4.679317474365234
0,7760,202.33035278320312,3.6661221981048584
0,7761,269.26605224609375,3.5129637718200684
0,7762,121.97785949707031,3.2054805755615234
0,7763,217.9513397216797,3.6403615474700928
0,7764,158.91888427734375,3.156061887741089
0,7765,105.79784393310547,3.070587158203125
0,7766,140.72142028808594,2.8308424949645996
0,7767,169.73011779785156,3.356511116027832
0,7768,52.651798248291016,2.577892303466797
0,7769,280.7944641113281,3.2651634216308594
0,7770,226.36410522460938,3.8748557567596436
0,7771,210.12310791015625,2.8546078205108643
0,7772,191.04234313964844,4.065876007080078
0,7773,111.1508560180664,2.9866104125976562
0,7774,332.4236755371094,3.7728424072265625
0,7775,146.29989624023438,2.8181238174438477
0,7776,166.7891845703125,3.4458017349243164
0,7777,80.35552215576172,2.469912528991699
0,7778,286.06005859375,4.422844409942627
0,7779,248.2937774658203,3.4983317852020264
0,7780,346.05474853515625,4.114831447601318
0,7781,148.69854736328125,3.5679240226745605
0,7782,169.3443145751953,3.9452972412109375
0,7783,150.78854370117188,3.414930820465088
0,7784,55.779151916503906,2.641817569732666
0,7785,179.0332794189453,2.9445862770080566
0,7786,424.408447265625,3.514127254486084
0,7787,57.856773376464844,2.375661849975586
0,7788,256.9858093261719,3.6316092014312744
0,7789,109.42586517333984,3.1265416145324707
0,7790,265.2042541503906,3.192582845687866
0,7791,110.06372833251953,3.0286054611206055
0,7792,28.300369262695312,1.6362369060516357
0,7793,63.49862289428711,2.282710075378418
0,7794,235.9652557373047,3.303004741668701
0,7795,124.83930206298828,3.007577657699585
0,7796,388.98638916015625,4.3265533447265625
0,7797,104.69938659667969,2.8849704265594482
0,7798,154.2298583984375,3.163243293762207
0,7799,135.62449645996094,2.9711694717407227
0,7800,106.56094360351562,3.1551146507263184
0,7801,267.4056396484375,2.5007126331329346
0,7802,403.2076110839844,4.681515693664551
0,7803,159.61900329589844,3.2405800819396973
0,7804,363.2694091796875,3.4947991371154785
0,7805,241.9884033203125,3.7235469818115234
0,7806,90.33106994628906,3.0626559257507324
0,7807,128.53726196289062,3.584404945373535
0,7808,124.17329406738281,3.462528705596924
0,7809,272.8910217285156,4.162976264953613
0,7810,341.3401184082031,3.809173583984375
0,7811,114.61967468261719,3.248426914215088
0,7812,377.82159423828125,4.0220723152160645
0,7813,69.90277862548828,2.631086587905884
0,7814,435.6191711425781,3.9707484245300293
0,7815,48.48577880859375,1.7564282417297363
0,7816,345.9015808105469,3.419264078140259
0,7817,1185.4146728515625,7.879946708679199
0,7818,114.00738525390625,3.0134012699127197
0,7819,160.79684448242188,3.0807557106018066
0,7820,567.216796875,4.043591022491455
0,7821,58.77348327636719,2.3789217472076416
0,7822,201.43502807617188,3.0415995121002197
0,7823,100.63020324707031,2.8269801139831543
0,7824,82.94681549072266,2.50927996635437
0,7825,186.31129455566406,3.438870906829834
0,7826,107.7846450805664,2.808736801147461
0,7827,62.5936164855957,2.4915573596954346
0,7828,41.88283920288086,2.233975410461426
0,7829,289.6104736328125,3.670351266860962
0,7830,177.31634521484375,3.731210470199585
0,7831,127.96039581298828,3.4199531078338623
0,7832,262.0298156738281,3.065300941467285
0,7833,228.2265167236328,3.661674976348877
0,7834,74.24246978759766,1.7891809940338135
0,7835,62.171905517578125,2.2750470638275146
0,7836,48.59519958496094,2.4306933879852295
0,7837,148.96363830566406,3.5439951419830322
0,7838,323.8923034667969,4.304098129272461
0,7839,63.227420806884766,2.7148375511169434
0,7840,255.3997802734375,3.1041407585144043
0,7841,34.160728454589844,1.8944529294967651
0,7842,148.06646728515625,2.480645179748535
0,7843,56.38078689575195,2.069896936416626
0,7844,501.6749572753906,3.9050710201263428
0,7845,112.22848510742188,3.0888166427612305
0,7846,180.59039306640625,2.4849350452423096
0,7847,66.72296142578125,2.433659076690674
0,7848,222.61215209960938,3.388685464859009
0,7849,217.26034545898438,4.034651279449463
0,7850,177.95240783691406,3.501821517944336
0,7851,129.3834991455078,3.0247552394866943
0,7852,110.88297271728516,1.9163713455200195
0,7853,101.55286407470703,2.4678988456726074
0,7854,199.41452026367188,4.058398246765137
0,7855,356.3588562011719,3.698150157928467
0,7856,251.13818359375,3.482363224029541
0,7857,135.56576538085938,3.734306812286377
0,7858,43.444461822509766,2.248406410217285
0,7859,208.5437774658203,3.3623945713043213
0,7860,102.57826232910156,3.0333828926086426
0,7861,102.91381072998047,1.8669995069503784
0,7862,133.44229125976562,3.426013708114624
0,7863,42.254371643066406,2.1944546699523926
0,7864,131.64199829101562,3.028658628463745
0,7865,289.69732666015625,4.170144081115723
0,7866,342.7095642089844,3.580301284790039
0,7867,218.4870147705078,3.3845784664154053
0,7868,82.20841217041016,2.771683931350708
0,7869,173.5408935546875,3.4093925952911377
0,7870,180.44549560546875,3.828364849090576
0,7871,148.93101501464844,2.5510222911834717
0,7872,68.78040313720703,2.199218511581421
0,7873,79.07015228271484,2.5701403617858887
0,7874,221.88848876953125,4.120154857635498
0,7875,340.5230407714844,3.471726655960083
0,7876,159.32086181640625,3.2348313331604004
0,7877,43.8835334777832,2.3998470306396484
0,7878,108.17189025878906,2.742438316345215
0,7879,799.0573120117188,6.388637065887451
0,7880,29.39638328552246,2.063779592514038
0,7881,69.55610656738281,2.4737401008605957
0,7882,313.1646728515625,4.0328826904296875
0,7883,218.08206176757812,3.8388776779174805
0,7884,58.27815628051758,2.3527071475982666
0,7885,145.6314697265625,3.2505269050598145
0,7886,141.28985595703125,3.0044853687286377
0,7887,308.9054260253906,3.1879310607910156
0,7888,94.88995361328125,2.6949377059936523
0,7889,152.88604736328125,3.4431252479553223
0,7890,79.36566162109375,2.6706652641296387
0,7891,162.27090454101562,2.214566946029663
0,7892,86.94303131103516,2.779510498046875
0,7893,127.26697540283203,2.712777614593506
0,7894,67.0479507446289,2.710047483444214
0,7895,281.9992980957031,4.167776584625244
0,7896,160.09078979492188,3.7335948944091797
0,7897,82.29722595214844,2.6873135566711426
0,7898,133.65997314453125,2.360828399658203
0,7899,70.10481262207031,2.371852397918701
0,7900,118.5743408203125,3.118947982788086
0,7901,166.64601135253906,3.8189072608947754
0,7902,66.85840606689453,2.3946285247802734
0,7903,165.56607055664062,3.3289430141448975
0,7904,82.74526977539062,2.3368024826049805
0,7905,74.25920867919922,2.2382493019104004
0,7906,290.591552734375,3.0217056274414062
0,7907,233.10891723632812,3.195131540298462
0,7908,234.1118621826172,3.9137392044067383
0,7909,245.0773162841797,4.004373073577881
0,7910,266.4806213378906,3.3954854011535645
0,7911,67.25267028808594,2.251201868057251
0,7912,67.44963073730469,2.4006645679473877
0,7913,230.61294555664062,3.3837239742279053
0,7914,129.59613037109375,3.3030991554260254
0,7915,200.27078247070312,2.97678804397583
0,7916,324.132568359375,4.239109516143799
0,7917,170.0437469482422,2.5927796363830566
0,7918,86.08883666992188,2.8003807067871094
0,7919,259.5791931152344,4.141558647155762
0,7920,270.4854736328125,3.3769755363464355
0,7921,162.9915771484375,3.129782199859619
0,7922,50.69579315185547,2.1524224281311035
0,7923,218.66490173339844,3.5598225593566895
0,7924,215.312255859375,3.0787339210510254
0,7925,85.23115539550781,2.813148260116577
0,7926,216.24960327148438,4.303631782531738
0,7927,522.533447265625,5.3211565017700195
0,7928,140.95840454101562,3.467393636703491
0,7929,128.65403747558594,3.0757317543029785
0,7930,213.17645263671875,3.460207462310791
0,7931,67.55546569824219,2.4056193828582764
0,7932,49.95876693725586,2.3509368896484375
0,7933,67.88748168945312,2.651766777038574
0,7934,21.52330207824707,1.4769600629806519
0,7935,205.956298828125,3.0034754276275635
0,7936,140.9412078857422,2.8344507217407227
0,7937,333.65289306640625,4.6455817222595215
0,7938,231.7203826904297,3.5814642906188965
0,7939,47.22386169433594,2.1518771648406982
0,7940,146.50570678710938,2.7131166458129883
0,7941,153.8657989501953,3.4502880573272705
0,7942,840.2482299804688,4.261968612670898
0,7943,60.53000259399414,2.1915833950042725
0,7944,255.03245544433594,3.201279401779175
0,7945,139.9391632080078,2.6640896797180176
0,7946,357.6858825683594,4.00685977935791
0,7947,114.96472930908203,2.8186044692993164
0,7948,130.45753479003906,2.6297974586486816
0,7949,132.709716796875,2.3937108516693115
0,7950,115.38199615478516,2.7177443504333496
0,7951,249.8941650390625,2.7828989028930664
0,7952,284.92291259765625,4.727837085723877
0,7953,132.17405700683594,2.593473434448242
0,7954,240.6744842529297,3.4238815307617188
0,7955,38.556556701660156,1.9113373756408691
0,7956,69.18330383300781,2.489504337310791
0,7957,257.9405822753906,4.082964897155762
0,7958,69.6419448852539,2.5314431190490723
0,7959,209.33908081054688,4.304664611816406
0,7960,128.23541259765625,3.564739942550659
0,7961,91.48078155517578,2.2417547702789307
0,7962,221.3489990234375,3.5907957553863525
0,7963,63.55088424682617,2.6116719245910645
0,7964,46.53376770019531,2.35581636428833
0,7965,193.28485107421875,3.770296812057495
0,7966,175.89154052734375,2.82468318939209
0,7967,169.9711151123047,3.8678698539733887
0,7968,254.9683837890625,3.5136895179748535
0,7969,81.88233184814453,2.4768033027648926
0,7970,62.114749908447266,2.4381103515625
0,7971,179.34298706054688,3.407273292541504
0,7972,258.5542297363281,4.41945743560791
0,7973,85.96796417236328,2.5826659202575684
0,7974,329.41748046875,3.6698195934295654
0,7975,254.33920288085938,4.156242370605469
0,7976,196.9398956298828,2.8625879287719727
0,7977,37.321258544921875,2.0803329944610596
0,7978,302.3603210449219,4.385036468505859
0,7979,110.57452392578125,3.1860580444335938
0,7980,75.61833190917969,2.025969982147217
0,7981,266.29351806640625,3.085361957550049
0,7982,281.8134765625,4.328612327575684
0,7983,250.5621337890625,3.2953524589538574
0,7984,249.53378295898438,4.063880920410156
0,7985,594.574951171875,4.588808536529541
0,7986,69.43730163574219,2.247082471847534
0,7987,92.18209838867188,3.3383166790008545
0,7988,99.43413543701172,2.9194588661193848
0,7989,203.02256774902344,3.1083319187164307
0,7990,199.4132537841797,2.968731641769409
0,7991,365.885498046875,4.634737968444824
0,7992,45.57551956176758,2.273134469985962
0,7993,99.35914611816406,2.7397079467773438
0,7994,69.51597595214844,2.1540215015411377
0,7995,61.00131607055664,2.2220888137817383
0,7996,292.9407653808594,3.616436004638672
0,7997,43.136451721191406,2.4182677268981934
0,7998,33.92354965209961,1.9087212085723877
0,7999,93.36206817626953,2.961599111557007
0,8000,421.2467346191406,4.44125509262085
0,8001,232.7556915283203,3.838794469833374
0,8002,237.0898895263672,4.037543773651123
0,8003,113.81663513183594,2.644080638885498
0,8004,73.99156188964844,2.6171765327453613
0,8005,281.8408203125,2.903916358947754
0,8006,42.49089050292969,2.1680259704589844
0,8007,39.082523345947266,1.8439244031906128
0,8008,129.49432373046875,3.001220941543579
0,8009,79.00836944580078,2.566038131713867
0,8010,216.6769256591797,3.936630964279175
0,8011,90.0706558227539,2.9036757946014404
0,8012,101.13508605957031,2.9456045627593994
0,8013,105.84269714355469,2.70884108543396
0,8014,235.13848876953125,3.652467966079712
0,8015,338.5115051269531,3.8184075355529785
0,8016,307.065673828125,4.647036552429199
0,8017,221.7206268310547,3.1398284435272217
0,8018,150.74026489257812,3.5460166931152344
0,8019,105.92790222167969,3.1774351596832275
0,8020,63.52011489868164,2.1932966709136963
0,8021,102.70048522949219,3.0488128662109375
0,8022,341.0767822265625,4.008842945098877
0,8023,231.52923583984375,2.628683090209961
0,8024,178.05758666992188,2.972417116165161
0,8025,310.2779541015625,2.790609121322632
0,8026,89.17304229736328,2.4903948307037354
0,8027,78.33157348632812,2.459535837173462
0,8028,191.00502014160156,4.107176303863525
0,8029,197.93646240234375,3.467639446258545
0,8030,195.8429718017578,3.8145086765289307
0,8031,125.87835693359375,3.086038827896118
0,8032,90.32674407958984,2.640559196472168
0,8033,78.33788299560547,2.671945810317993
0,8034,100.9593505859375,2.8302276134490967
0,8035,94.65384674072266,2.728236675262451
0,8036,155.0532684326172,2.888375759124756
0,8037,57.74563980102539,2.560015916824341
0,8038,194.88238525390625,2.7725045680999756
0,8039,279.2723693847656,3.881837844848633
0,8040,162.94674682617188,3.454867362976074
0,8041,182.4942626953125,3.4527909755706787
0,8042,215.15647888183594,3.4730753898620605
0,8043,32.615867614746094,1.787470817565918
0,8044,187.28302001953125,3.645297050476074
0,8045,81.34937286376953,2.9222068786621094
0,8046,291.984619140625,3.4702937602996826
0,8047,210.86578369140625,3.8454556465148926
0,8048,138.18426513671875,3.5975184440612793
0,8049,114.70335388183594,2.8255438804626465
0,8050,73.05642700195312,2.624565362930298
0,8051,129.66275024414062,2.914886236190796
0,8052,124.93866729736328,2.4549052715301514
0,8053,437.6694030761719,5.295623779296875
0,8054,190.71047973632812,3.414585828781128
0,8055,76.44744110107422,2.385850429534912
0,8056,64.17037963867188,2.520437002182007
0,8057,65.21212768554688,2.4711480140686035
0,8058,48.94585418701172,1.930296778678894
0,8059,68.01374816894531,2.3218414783477783
0,8060,129.4307098388672,2.841686248779297
0,8061,262.51104736328125,3.34918475151062
0,8062,128.61756896972656,2.729085922241211
0,8063,443.1329650878906,5.346834659576416
0,8064,631.697998046875,4.867906093597412
0,8065,67.22389221191406,2.4729409217834473
0,8066,50.392948150634766,2.192706823348999
0,8067,133.21470642089844,3.4398856163024902
0,8068,240.39202880859375,2.8587660789489746
0,8069,121.54389953613281,3.149608850479126
0,8070,129.63937377929688,2.9605746269226074
0,8071,39.614749908447266,2.0688846111297607
0,8072,103.21600341796875,3.1780381202697754
0,8073,175.28030395507812,3.4596524238586426
0,8074,22.2398624420166,1.607503890991211
0,8075,138.1032257080078,3.6778669357299805
0,8076,137.5525360107422,3.311845541000366
0,8077,57.2000617980957,2.5201125144958496
0,8078,176.4690399169922,3.5369129180908203
0,8079,192.06983947753906,3.205573081970215
0,8080,43.88075637817383,2.190434217453003
0,8081,206.34347534179688,3.2441024780273438
0,8082,225.0159454345703,3.8311824798583984
0,8083,95.36154174804688,3.2182741165161133
0,8084,164.37677001953125,3.4018702507019043
0,8085,147.28639221191406,3.6498241424560547
0,8086,163.11557006835938,3.387779712677002
0,8087,133.66909790039062,3.089228391647339
0,8088,106.22547912597656,2.8576812744140625
0,8089,193.91246032714844,4.079710960388184
0,8090,247.3967742919922,4.003936767578125
0,8091,219.89508056640625,4.397753715515137
0,8092,231.31216430664062,3.631103992462158
0,8093,169.8163604736328,3.131101369857788
0,8094,246.11871337890625,4.009612560272217
0,8095,229.96360778808594,4.466376304626465
0,8096,83.39486694335938,2.4470419883728027
0,8097,165.8406982421875,3.6126649379730225
0,8098,104.65266418457031,3.3815879821777344
0,8099,110.17595672607422,2.6673636436462402
0,8100,136.42906188964844,3.4524741172790527
0,8101,853.9074096679688,5.937920570373535
0,8102,171.28170776367188,3.629889726638794
0,8103,182.42575073242188,3.9003727436065674
0,8104,137.6924285888672,3.3528733253479004
0,8105,111.54621124267578,3.186307668685913
0,8106,183.57723999023438,3.321819305419922
0,8107,153.50955200195312,3.629210948944092
0,8108,134.2098388671875,3.419008731842041
0,8109,140.38555908203125,2.9902737140655518
0,8110,352.486083984375,4.211021423339844
0,8111,78.18286895751953,2.362816572189331
0,8112,360.6885681152344,3.848618984222412
0,8113,49.038291931152344,2.1309497356414795
0,8114,159.622314453125,3.1455440521240234
0,8115,254.8195037841797,3.407039165496826
0,8116,175.17233276367188,4.0714616775512695
0,8117,156.2484130859375,3.622072458267212
0,8118,89.49224090576172,2.7953691482543945
0,8119,339.1537170410156,2.722508192062378
0,8120,297.9105529785156,4.258415222167969
0,8121,99.32444763183594,2.9896721839904785
0,8122,26.559167861938477,1.5019317865371704
0,8123,81.35813903808594,2.7169289588928223
0,8124,115.58966827392578,2.646066665649414
0,8125,131.74237060546875,3.177825689315796
0,8126,87.97044372558594,2.9440526962280273
0,8127,181.72080993652344,3.932650566101074
0,8128,164.8827362060547,2.9237241744995117
0,8129,168.03341674804688,3.266587734222412
0,8130,104.71827697753906,3.088925361633301
0,8131,106.53682708740234,2.5979762077331543
0,8132,1407.392822265625,7.294116020202637
0,8133,223.0889129638672,4.062093734741211
0,8134,137.88143920898438,3.216925621032715
0,8135,195.65040588378906,3.5149195194244385
0,8136,339.22137451171875,4.1182451248168945
0,8137,108.67142486572266,3.063621997833252
0,8138,57.102439880371094,2.4595794677734375
0,8139,239.51951599121094,3.6801881790161133
0,8140,199.7740936279297,2.9015955924987793
0,8141,73.75597381591797,2.3653781414031982
0,8142,97.40764617919922,2.830930233001709
0,8143,5560.9892578125,11.650625228881836
0,8144,49.124298095703125,2.147019624710083
0,8145,176.00448608398438,3.048126220703125
0,8146,28.24353790283203,1.951910376548767
0,8147,53.25764465332031,2.1558516025543213
0,8148,66.88215637207031,2.6811752319335938
0,8149,264.2198486328125,3.682002067565918
0,8150,98.03305053710938,2.526275873184204
0,8151,34.49089813232422,1.8248895406723022
0,8152,179.50865173339844,3.8564453125
0,8153,32.30073547363281,1.704467535018921
0,8154,84.23503112792969,2.1756999492645264
0,8155,83.31310272216797,2.4990668296813965
0,8156,83.74276733398438,2.48568058013916
0,8157,81.44454193115234,2.5164546966552734
0,8158,47.670162200927734,2.102513313293457
0,8159,116.05021667480469,3.1544268131256104
0,8160,83.54837036132812,2.0004265308380127
0,8161,94.7054443359375,2.923337697982788
0,8162,95.40603637695312,2.7735331058502197
0,8163,156.40573120117188,3.1273908615112305
0,8164,105.3952407836914,3.123340368270874
0,8165,108.18717956542969,3.1121954917907715
0,8166,214.93243408203125,3.592324733734131
0,8167,186.0694122314453,3.494683265686035
0,8168,240.77540588378906,4.612157344818115
0,8169,68.76432800292969,2.364025592803955
0,8170,220.8488311767578,3.4595212936401367
0,8171,79.6480712890625,2.518004894256592
0,8172,397.2379455566406,5.228914737701416
0,8173,171.70254516601562,3.8375816345214844
0,8174,176.00047302246094,3.8105108737945557
0,8175,284.078369140625,4.312443256378174
0,8176,85.22869873046875,2.7780044078826904
0,8177,169.65985107421875,3.5702903270721436
0,8178,198.47586059570312,4.111898422241211
0,8179,68.40251922607422,2.682559013366699
0,8180,203.1659698486328,2.641331195831299
0,8181,154.61289978027344,3.7837610244750977
0,8182,274.60028076171875,3.3854658603668213
0,8183,60.93009567260742,2.439242362976074
0,8184,106.11043548583984,3.0656003952026367
0,8185,237.0336151123047,4.248635292053223
0,8186,126.94996643066406,3.147005081176758
0,8187,177.31781005859375,3.1753921508789062
0,8188,98.07643127441406,2.4981255531311035
0,8189,188.02520751953125,2.409283399581909
0,8190,160.21954345703125,3.407585859298706
0,8191,158.2813720703125,2.932961940765381
0,8192,151.0303192138672,3.577730894088745
0,8193,40.104488372802734,1.9543331861495972
0,8194,84.40426635742188,2.831554889678955
0,8195,241.8876953125,2.722888946533203
0,8196,139.31077575683594,3.1870596408843994
0,8197,149.58538818359375,2.775735378265381
0,8198,77.33462524414062,2.5813660621643066
0,8199,51.55009078979492,1.821073055267334
0,8200,129.3398895263672,3.1947031021118164
0,8201,382.4548645019531,4.453502178192139
0,8202,243.9586181640625,3.7942872047424316
0,8203,162.8057861328125,3.779864549636841
0,8204,40.36668014526367,1.9270720481872559
0,8205,94.52449035644531,3.034067392349243
0,8206,75.69397735595703,2.530815362930298
0,8207,106.82859802246094,3.355966567993164
0,8208,124.08429718017578,3.3632936477661133
0,8209,64.0744400024414,2.6364831924438477
0,8210,158.01361083984375,3.459481716156006
0,8211,85.62749481201172,2.7353382110595703
0,8212,232.98223876953125,3.5607810020446777
0,8213,42.61039352416992,2.142897844314575
0,8214,38.14426040649414,1.6560235023498535
0,8215,134.99508666992188,3.097390651702881
0,8216,102.1830825805664,2.5992610454559326
0,8217,104.88961791992188,3.0766947269439697
0,8218,225.43185424804688,4.041112899780273
0,8219,162.16468811035156,2.4797725677490234
0,8220,155.950439453125,2.957921028137207
0,8221,44.11404037475586,2.1570205688476562
0,8222,87.90791320800781,2.4834024906158447
0,8223,90.12581634521484,2.363236427307129
0,8224,279.46368408203125,4.355666160583496
0,8225,143.7969207763672,2.928070306777954
0,8226,136.33905029296875,3.333223819732666
0,8227,92.95154571533203,3.0392351150512695
0,8228,70.10426330566406,2.4032883644104004
0,8229,22.22083282470703,1.5066956281661987
0,8230,93.89360046386719,2.7400636672973633
0,8231,136.9210662841797,3.1337335109710693
0,8232,211.5738525390625,3.124163866043091
0,8233,212.6271514892578,3.207284450531006
0,8234,369.6974182128906,4.415672302246094
0,8235,197.41616821289062,2.997227907180786
0,8236,206.4473114013672,4.028665065765381
0,8237,171.17247009277344,3.8628311157226562
0,8238,203.89480590820312,3.8859317302703857
0,8239,161.2962188720703,2.969106912612915
0,8240,121.57793426513672,3.2074477672576904
0,8241,153.25421142578125,3.14627742767334
0,8242,129.83447265625,2.4051051139831543
0,8243,253.3072967529297,2.853673219680786
0,8244,107.02391815185547,3.036107063293457
0,8245,300.7789611816406,3.8311352729797363
0,8246,213.53797912597656,4.027189254760742
0,8247,79.18180084228516,2.685669183731079
0,8248,147.92596435546875,3.7315926551818848
0,8249,110.3681869506836,3.372732162475586
0,8250,260.33599853515625,2.9980692863464355
0,8251,191.44398498535156,3.9312727451324463
0,8252,168.66162109375,2.9787397384643555
0,8253,126.70936584472656,3.006783962249756
0,8254,80.66322326660156,2.539216995239258
0,8255,131.29690551757812,3.3961002826690674
0,8256,76.33533477783203,2.5650134086608887
0,8257,305.273681640625,2.9558730125427246
0,8258,176.62193298339844,3.5208282470703125
0,8259,277.43450927734375,3.4347646236419678
0,8260,160.10995483398438,3.6662518978118896
0,8261,100.56311798095703,3.029783010482788
0,8262,133.98387145996094,3.064851760864258
0,8263,84.29092407226562,2.35872483253479
0,8264,122.30158996582031,2.7087295055389404
0,8265,159.4782257080078,3.5076794624328613
0,8266,255.82464599609375,3.467691659927368
0,8267,205.9794158935547,2.7967147827148438
0,8268,78.02652740478516,2.5508806705474854
0,8269,214.74644470214844,4.490232944488525
0,8270,176.13430786132812,3.374467372894287
0,8271,162.05252075195312,2.9675145149230957
0,8272,177.3292999267578,3.75083065032959
0,8273,140.46112060546875,2.2245495319366455
0,8274,151.6632080078125,2.991957664489746
0,8275,304.2828674316406,3.830392837524414
0,8276,239.478271484375,4.39534854888916
0,8277,146.36907958984375,3.876312732696533
0,8278,94.88739013671875,3.013899803161621
0,8279,132.2144317626953,3.460601806640625
0,8280,536.6885986328125,4.816587924957275
0,8281,167.88941955566406,3.928101062774658
0,8282,197.7394561767578,3.9557764530181885
0,8283,354.5804443359375,4.777477741241455
0,8284,254.37039184570312,3.8612797260284424
0,8285,243.94723510742188,4.314353942871094
0,8286,145.08087158203125,3.0872201919555664
0,8287,358.1277770996094,4.424120903015137
0,8288,161.35923767089844,3.3603713512420654
0,8289,131.60337829589844,2.599984645843506
0,8290,166.48641967773438,2.8665859699249268
0,8291,38.32645034790039,2.078603744506836
0,8292,179.20281982421875,3.1176300048828125
0,8293,140.54324340820312,3.367464303970337
0,8294,123.14950561523438,3.175112009048462
0,8295,68.34297180175781,2.4442410469055176
0,8296,134.53768920898438,3.442016839981079
0,8297,273.47052001953125,3.7783288955688477
0,8298,112.57101440429688,2.9725568294525146
0,8299,101.74191284179688,2.5208802223205566
0,8300,54.34564971923828,2.580841064453125
0,8301,155.3208770751953,2.8512589931488037
0,8302,259.007080078125,3.342557430267334
0,8303,133.28607177734375,3.285029888153076
0,8304,148.51116943359375,3.5954976081848145
0,8305,187.185546875,2.928248405456543
0,8306,122.67052459716797,3.4252398014068604
0,8307,37.611087799072266,2.094545364379883
0,8308,73.60880279541016,2.2939484119415283
0,8309,203.77305603027344,2.846409320831299
0,8310,75.58609771728516,2.2567591667175293
0,8311,156.70608520507812,2.985048770904541
0,8312,74.81285858154297,2.7374744415283203
0,8313,122.11576080322266,2.902883529663086
0,8314,65.3464584350586,2.3623762130737305
0,8315,203.67713928222656,3.2789077758789062
0,8316,132.2716064453125,3.2134876251220703
0,8317,69.449462890625,2.3149399757385254
0,8318,224.52569580078125,3.2259292602539062
0,8319,140.1998748779297,2.8256564140319824
0,8320,29.435340881347656,1.7804511785507202
0,8321,251.99185180664062,2.931455135345459
0,8322,128.8882293701172,2.917487621307373
0,8323,73.66214752197266,2.632863998413086
0,8324,168.9712371826172,3.717869758605957
0,8325,268.30438232421875,3.5733723640441895
0,8326,113.667236328125,2.383577346801758
0,8327,117.48140716552734,2.8328747749328613
0,8328,240.50143432617188,2.611741065979004
0,8329,281.7507629394531,3.265739917755127
0,8330,152.5595245361328,3.4088711738586426
0,8331,104.05912780761719,2.561972141265869
0,8332,193.52664184570312,3.948248863220215
0,8333,110.2883529663086,3.1764004230499268
0,8334,75.08375549316406,2.3255040645599365
0,8335,61.004859924316406,2.2650015354156494
0,8336,234.26797485351562,3.0376787185668945
0,8337,80.89742279052734,2.8331215381622314
0,8338,94.29928588867188,2.892970085144043
0,8339,279.9901428222656,4.461228847503662
0,8340,307.93035888671875,4.0182671546936035
0,8341,231.24160766601562,3.7114109992980957
0,8342,122.53731536865234,2.949737548828125
0,8343,257.97027587890625,4.368949890136719
0,8344,73.93609619140625,2.204855442047119
0,8345,62.968814849853516,2.1351094245910645
0,8346,118.73208618164062,2.485496997833252
0,8347,168.95114135742188,2.835258960723877
0,8348,319.332275390625,4.173461437225342
0,8349,133.01502990722656,3.3802080154418945
0,8350,58.88881301879883,2.7857484817504883
0,8351,81.62086486816406,2.7394752502441406
0,8352,115.19044494628906,3.3335447311401367
0,8353,102.12062072753906,2.9578771591186523
0,8354,55.48015594482422,2.056627035140991
0,8355,67.78890228271484,2.428356647491455
0,8356,139.4542236328125,2.8605306148529053
0,8357,199.0434112548828,2.8585119247436523
0,8358,45.89369201660156,2.2562150955200195
0,8359,217.81134033203125,3.6440110206604004
0,8360,200.0502471923828,3.60939621925354
0,8361,64.20220947265625,2.3759090900421143
0,8362,221.5094757080078,3.713085174560547
0,8363,88.9810791015625,2.67423677444458
0,8364,213.27346801757812,3.4918298721313477
0,8365,34.67091369628906,1.8997777700424194
0,8366,192.74183654785156,3.6928975582122803
0,8367,138.22203063964844,2.663707733154297
0,8368,132.49464416503906,3.668020248413086
0,8369,45.33622741699219,2.4132943153381348
0,8370,85.45625305175781,2.6855721473693848
0,8371,106.64541625976562,3.055333137512207
0,8372,313.87030029296875,3.5656816959381104
0,8373,139.93357849121094,2.908161163330078
0,8374,185.13150024414062,3.7653937339782715
0,8375,361.33782958984375,4.056519985198975
0,8376,151.30056762695312,3.3706305027008057
0,8377,226.52574157714844,3.2490272521972656
0,8378,158.68540954589844,3.2858943939208984
0,8379,171.48553466796875,3.680450439453125
0,8380,157.40025329589844,3.1461644172668457
0,8381,185.73162841796875,3.258136034011841
0,8382,67.74856567382812,2.6973631381988525
0,8383,120.67185974121094,3.1732256412506104
0,8384,101.06610107421875,2.8796849250793457
0,8385,84.37689971923828,2.520753860473633
0,8386,42.63372802734375,2.1253323554992676
0,8387,79.77909851074219,2.7581632137298584
0,8388,80.81890869140625,2.689760208129883
0,8389,266.40179443359375,3.5174989700317383
0,8390,81.46715545654297,2.7788896560668945
0,8391,128.94515991210938,3.3413329124450684
0,8392,138.16505432128906,3.4025235176086426
0,8393,38.59025955200195,1.8591227531433105
0,8394,83.27884674072266,2.8268210887908936
0,8395,207.06817626953125,3.852895975112915
0,8396,83.54110717773438,2.3741395473480225
0,8397,95.3819351196289,3.0359978675842285
0,8398,370.45281982421875,5.056247711181641
0,8399,188.12332153320312,3.4662954807281494
0,8400,371.8849182128906,5.034298419952393
0,8401,115.51478576660156,3.165371894836426
0,8402,288.8070983886719,4.212808609008789
0,8403,77.8644027709961,2.7840425968170166
0,8404,84.61691284179688,2.7267990112304688
0,8405,80.60533905029297,2.291985034942627
0,8406,117.28010559082031,2.977583885192871
0,8407,100.11873626708984,2.6528983116149902
0,8408,140.2997283935547,3.610874652862549
0,8409,356.86529541015625,4.462274074554443
0,8410,130.57994079589844,2.905147075653076
0,8411,123.8556137084961,2.9860236644744873
0,8412,37.209686279296875,1.6603461503982544
0,8413,151.35980224609375,3.7561330795288086
0,8414,234.15426635742188,2.7496988773345947
0,8415,74.06087493896484,2.746731758117676
0,8416,102.20745849609375,3.0003809928894043
0,8417,129.47183227539062,3.2107958793640137
0,8418,115.54481506347656,2.6803719997406006
0,8419,74.97393798828125,2.514669179916382
0,8420,102.13566589355469,2.812528610229492
0,8421,153.37652587890625,3.144500494003296
0,8422,334.85760498046875,5.039163112640381
0,8423,154.40640258789062,3.689067840576172
0,8424,78.0869140625,2.2480757236480713
0,8425,141.42324829101562,3.425630807876587
0,8426,140.54136657714844,3.6564018726348877
0,8427,127.32164001464844,3.551565647125244
0,8428,77.46664428710938,2.190533399581909
0,8429,54.70805358886719,2.3188705444335938
0,8430,68.94324493408203,2.526623010635376
0,8431,94.76458740234375,2.992306709289551
0,8432,400.1640625,3.8763980865478516
0,8433,47.76284408569336,2.3480329513549805
0,8434,98.2582015991211,3.091785192489624
0,8435,198.10533142089844,3.5003600120544434
0,8436,365.4215087890625,4.067014694213867
0,8437,312.17462158203125,3.7501184940338135
0,8438,178.69033813476562,4.013621807098389
0,8439,80.55213928222656,2.641906261444092
0,8440,302.94091796875,3.8763346672058105
0,8441,74.4302978515625,2.581530809402466
0,8442,222.796142578125,2.938540458679199
0,8443,147.75445556640625,3.196669816970825
0,8444,129.31423950195312,3.2757368087768555
0,8445,167.96194458007812,3.269681453704834
0,8446,83.02540588378906,2.4500460624694824
0,8447,69.88834381103516,2.2540981769561768
0,8448,374.5232238769531,4.372885227203369
0,8449,118.4654312133789,2.7253880500793457
0,8450,176.50732421875,4.046775817871094
0,8451,59.04523468017578,2.1563289165496826
0,8452,89.27396392822266,2.7848944664001465
0,8453,38.765316009521484,2.1252963542938232
0,8454,147.67138671875,3.627056837081909
0,8455,155.7825164794922,3.3656399250030518
0,8456,77.5490951538086,2.47931170463562
0,8457,138.56900024414062,3.3338589668273926
0,8458,143.8883514404297,2.961782932281494
0,8459,106.37137603759766,2.6926820278167725
0,8460,129.0361328125,3.5784592628479004
0,8461,139.1851806640625,3.407766103744507
0,8462,216.43338012695312,3.861398220062256
0,8463,47.7928352355957,2.219794273376465
0,8464,31.090545654296875,2.079261541366577
0,8465,246.8178253173828,3.616945266723633
0,8466,60.65563201904297,2.284334897994995
0,8467,169.91001892089844,2.6845333576202393
0,8468,193.8883819580078,4.029545783996582
0,8469,127.34354400634766,3.0910844802856445
0,8470,146.44598388671875,3.6772072315216064
0,8471,26.551523208618164,1.7244720458984375
0,8472,72.75630187988281,2.6156742572784424
0,8473,49.3303108215332,2.4454505443573
0,8474,192.1678924560547,2.7699382305145264
0,8475,258.1504211425781,3.4328086376190186
0,8476,42.43576431274414,1.941892147064209
0,8477,56.489200592041016,2.2280421257019043
0,8478,54.17964553833008,2.3757781982421875
0,8479,121.41607666015625,3.0554614067077637
0,8480,22.42732048034668,1.6867412328720093
0,8481,255.40846252441406,3.4414427280426025
0,8482,204.21385192871094,3.8903896808624268
0,8483,75.73104095458984,2.747067451477051
0,8484,302.3072509765625,4.609454154968262
0,8485,40.36453628540039,1.9113492965698242
0,8486,66.58443450927734,2.523850917816162
0,8487,83.09075927734375,2.571958065032959
0,8488,47.66500473022461,2.247213363647461
0,8489,144.03228759765625,3.559906005859375
0,8490,110.44941711425781,3.3028640747070312
0,8491,225.35511779785156,3.330439805984497
0,8492,126.03359985351562,3.328850746154785
0,8493,102.66004943847656,3.123453378677368
0,8494,74.85261535644531,2.3609395027160645
0,8495,104.09130859375,2.5859992504119873
0,8496,86.73411560058594,2.7869462966918945
0,8497,70.74760437011719,2.634448766708374
0,8498,89.85273742675781,2.7878551483154297
0,8499,148.4859619140625,2.9510340690612793
0,8500,103.48626708984375,3.1845779418945312
0,8501,195.21546936035156,4.278650283813477
0,8502,181.1353759765625,3.564328670501709
0,8503,176.7011260986328,3.3299224376678467
0,8504,73.5838623046875,2.7616682052612305
0,8505,128.84634399414062,3.1043641567230225
0,8506,44.77738952636719,2.471069812774658
0,8507,39.79003143310547,1.6420539617538452
0,8508,72.0045166015625,2.562237501144409
0,8509,345.9342041015625,4.0695343017578125
0,8510,52.41147232055664,2.1941866874694824
0,8511,19.030385971069336,1.631425142288208
0,8512,66.03096008300781,2.5893750190734863
0,8513,107.88848114013672,1.896105170249939
0,8514,71.67720794677734,2.6389706134796143
0,8515,99.99188232421875,2.9458532333374023
0,8516,83.75328826904297,2.5005786418914795
0,8517,95.70563507080078,2.4477450847625732
0,8518,142.52247619628906,3.5042295455932617
0,8519,34.519927978515625,1.8204501867294312
0,8520,253.0310516357422,3.769495725631714
0,8521,249.02920532226562,4.444510459899902
0,8522,98.56912231445312,2.992861747741699
0,8523,259.0434265136719,3.1613807678222656
0,8524,156.20091247558594,3.1797895431518555
0,8525,169.3431396484375,3.28640079498291
0,8526,256.0324401855469,2.7067196369171143
0,8527,142.3389892578125,3.036327362060547
0,8528,81.71110534667969,2.500011444091797
0,8529,278.98138427734375,4.429704189300537
0,8530,113.53218078613281,3.4961581230163574
0,8531,264.06585693359375,3.639028787612915
0,8532,102.01240539550781,2.2997448444366455
0,8533,90.02677917480469,3.0716681480407715
0,8534,289.8115234375,3.986002206802368
0,8535,67.32999420166016,2.507291793823242
0,8536,205.57000732421875,3.6288208961486816
0,8537,226.53274536132812,2.730123519897461
0,8538,103.16824340820312,2.7503433227539062
0,8539,262.21636962890625,4.898123264312744
0,8540,128.62033081054688,3.2288355827331543
0,8541,311.27044677734375,4.0800909996032715
0,8542,153.7625732421875,2.7544186115264893
0,8543,151.00534057617188,3.4844746589660645
0,8544,67.31159210205078,2.4022903442382812
0,8545,99.62349700927734,2.817507743835449
0,8546,60.755409240722656,2.617795467376709
0,8547,104.25070190429688,3.25046443939209
0,8548,128.48175048828125,3.035398006439209
0,8549,258.753173828125,3.6314947605133057
0,8550,82.06938934326172,2.957576274871826
0,8551,64.35116577148438,2.5076146125793457
0,8552,110.58051300048828,3.0155646800994873
0,8553,67.01364135742188,2.3924527168273926
0,8554,59.77881622314453,2.2045960426330566
0,8555,20.561296463012695,1.4409303665161133
0,8556,51.50634002685547,2.322990655899048
0,8557,69.81790924072266,2.607585906982422
0,8558,111.14900207519531,2.495704174041748
0,8559,183.4380340576172,3.4328837394714355
0,8560,96.02278137207031,2.9140706062316895
0,8561,400.2975769042969,5.1509623527526855
0,8562,177.8062286376953,2.9291038513183594
0,8563,140.9649200439453,3.071603298187256
0,8564,123.06346130371094,3.1032989025115967
0,8565,135.39996337890625,3.0423128604888916
0,8566,251.6245880126953,3.9279985427856445
0,8567,80.60723876953125,2.493363380432129
0,8568,183.24624633789062,3.715346097946167
0,8569,177.968994140625,4.002729415893555
0,8570,269.7023010253906,4.473849296569824
0,8571,152.07760620117188,3.504857063293457
0,8572,96.1957015991211,2.393775463104248
0,8573,160.73585510253906,3.3056960105895996
0,8574,46.741485595703125,2.207010269165039
0,8575,93.17743682861328,3.1586427688598633
0,8576,190.3731689453125,2.956082820892334
0,8577,89.46841430664062,2.757415294647217
0,8578,74.94132995605469,2.723926067352295
0,8579,96.07669067382812,2.9317541122436523
0,8580,72.60227966308594,2.494636297225952
0,8581,119.08956146240234,2.6101372241973877
0,8582,140.21202087402344,3.0901622772216797
0,8583,120.81392669677734,2.957045078277588
0,8584,133.8944091796875,3.0746498107910156
0,8585,132.35153198242188,3.6097052097320557
0,8586,115.64246368408203,2.912877321243286
0,8587,62.49567794799805,2.1831612586975098
0,8588,121.31612396240234,3.216616630554199
0,8589,214.28900146484375,3.847400188446045
0,8590,459.46429443359375,5.172433376312256
0,8591,114.3205795288086,3.143573522567749
0,8592,148.29214477539062,3.1816041469573975
0,8593,146.3896484375,3.3337273597717285
0,8594,85.84087371826172,2.969393014907837
0,8595,403.37213134765625,3.6540284156799316
0,8596,208.09640502929688,3.3441367149353027
0,8597,161.55239868164062,3.5503122806549072
0,8598,362.425048828125,4.7784528732299805
0,8599,171.3022918701172,3.9876163005828857
0,8600,150.4913787841797,3.59122633934021
0,8601,6472.87451171875,17.019933700561523
0,8602,653.6109619140625,5.840811729431152
0,8603,209.47943115234375,3.2033910751342773
0,8604,331.9339294433594,4.610023021697998
0,8605,169.68508911132812,3.181664228439331
0,8606,93.138916015625,3.135615587234497
0,8607,132.6022186279297,3.077407121658325
0,8608,65.44873046875,2.4030444622039795
0,8609,277.7878112792969,4.171773910522461
0,8610,137.1696014404297,3.157649517059326
0,8611,210.19276428222656,3.6967947483062744
0,8612,130.3439178466797,2.940535545349121
0,8613,230.4580078125,3.1979331970214844
0,8614,290.6559143066406,3.5786490440368652
0,8615,233.34786987304688,4.09922456741333
0,8616,73.66316986083984,2.3973276615142822
0,8617,578.868408203125,5.113530158996582
0,8618,99.31368255615234,3.223830223083496
0,8619,114.57421112060547,3.01442813873291
0,8620,304.73480224609375,4.399821758270264
0,8621,62.680973052978516,2.567746877670288
0,8622,85.62251281738281,2.652726173400879
0,8623,92.71022033691406,2.839556932449341
0,8624,56.578346252441406,2.427225351333618
0,8625,177.89988708496094,3.76540470123291
0,8626,163.58518981933594,2.964191198348999
0,8627,144.54547119140625,3.1121621131896973
0,8628,104.84355163574219,3.0654497146606445
0,8629,49.34971237182617,2.279478073120117
0,8630,72.96318054199219,2.5934529304504395
0,8631,253.7308349609375,4.254448890686035
0,8632,53.332679748535156,2.194622278213501
0,8633,116.7106704711914,3.3572516441345215
0,8634,56.49490737915039,2.281634569168091
0,8635,98.61665344238281,2.562777519226074
0,8636,59.93301773071289,2.6655666828155518
0,8637,215.38478088378906,3.206678867340088
0,8638,50.25947952270508,2.3052494525909424
0,8639,284.1651306152344,4.623170852661133
0,8640,159.07437133789062,3.092966079711914
0,8641,48.0137939453125,2.224130153656006
0,8642,63.96597671508789,2.351402759552002
0,8643,273.84783935546875,4.3182573318481445
0,8644,76.86441802978516,2.578362464904785
0,8645,194.07470703125,3.3333866596221924
0,8646,150.14662170410156,3.7903833389282227
0,8647,171.4268341064453,3.0723586082458496
0,8648,241.52069091796875,3.8195838928222656
0,8649,148.5465545654297,2.5509424209594727
0,8650,74.7635498046875,2.3567028045654297
0,8651,106.67860412597656,3.204538583755493
0,8652,303.2139892578125,3.728506088256836
0,8653,24.426406860351562,1.533639669418335
0,8654,280.3176574707031,4.336287498474121
0,8655,32.51297378540039,1.9955780506134033
0,8656,311.0093688964844,4.361776828765869
0,8657,102.88056945800781,2.999415397644043
0,8658,38.580718994140625,2.0903267860412598
0,8659,229.0266876220703,3.8420310020446777
0,8660,144.22805786132812,3.372511386871338
0,8661,102.02066802978516,2.8066458702087402
0,8662,87.00515747070312,2.3964967727661133
0,8663,253.80418395996094,3.820729970932007
0,8664,47.98005676269531,2.1641979217529297
0,8665,117.47244262695312,3.094735622406006
0,8666,47.98701477050781,2.2675862312316895
0,8667,377.81829833984375,4.475960731506348
0,8668,74.71168518066406,2.4826111793518066
0,8669,39.446075439453125,2.2919156551361084
0,8670,145.29119873046875,2.3430700302124023
0,8671,30.41265106201172,1.9244767427444458
0,8672,51.61204147338867,2.023444890975952
0,8673,145.7943878173828,3.259718418121338
0,8674,95.54778289794922,3.0824239253997803
0,8675,60.96820831298828,2.5145645141601562
0,8676,255.37338256835938,3.349827289581299
0,8677,72.90193939208984,2.826408624649048
0,8678,128.55606079101562,2.1731691360473633
0,8679,95.95175170898438,2.9199106693267822
0,8680,149.43995666503906,3.645073413848877
0,8681,160.4064178466797,3.682821750640869
0,8682,92.80093383789062,1.8055541515350342
0,8683,120.35328674316406,2.841951847076416
0,8684,87.37428283691406,2.241030693054199
0,8685,142.13037109375,2.981269359588623
0,8686,133.9132843017578,3.246270179748535
0,8687,92.10812377929688,3.1925015449523926
0,8688,95.53650665283203,3.234823703765869
0,8689,246.009765625,3.7359461784362793
0,8690,106.96932220458984,2.8207268714904785
0,8691,152.3228302001953,3.5204966068267822
0,8692,90.87434387207031,2.9854321479797363
0,8693,153.102783203125,3.2726144790649414
0,8694,20.47640609741211,1.7063217163085938
0,8695,94.65419006347656,3.0042924880981445
0,8696,345.6431884765625,4.550633430480957
0,8697,262.7538146972656,3.7194957733154297
0,8698,93.29901123046875,3.040701389312744
0,8699,151.3251953125,3.786860227584839
0,8700,137.0368194580078,2.848881244659424
0,8701,140.41123962402344,3.616729974746704
0,8702,115.63187408447266,2.7657599449157715
0,8703,77.93051147460938,2.5115103721618652
0,8704,175.60760498046875,2.809504985809326
0,8705,148.01641845703125,3.406226634979248
0,8706,361.5619201660156,4.794788360595703
0,8707,91.03077697753906,2.903439998626709
0,8708,139.74542236328125,3.354173183441162
0,8709,286.9654235839844,3.9067068099975586
0,8710,92.58335876464844,2.847149133682251
0,8711,128.77879333496094,2.927166700363159
0,8712,98.2665023803711,2.8437976837158203
0,8713,114.73877716064453,2.9450292587280273
0,8714,113.2930908203125,3.041937828063965
0,8715,112.4616928100586,3.0005905628204346
0,8716,138.38804626464844,2.9536027908325195
0,8717,52.57780456542969,2.352416515350342
0,8718,172.11277770996094,3.6453051567077637
0,8719,92.91893768310547,2.6120638847351074
0,8720,118.63001251220703,3.0925934314727783
0,8721,151.6180419921875,3.7271223068237305
0,8722,91.44103240966797,2.818753242492676
0,8723,402.4363708496094,4.347423553466797
0,8724,54.931522369384766,2.237462043762207
0,8725,25.403594970703125,1.640878677368164
0,8726,83.67359924316406,2.413761615753174
0,8727,304.19500732421875,3.7624950408935547
0,8728,80.88668823242188,2.786921739578247
0,8729,85.80158233642578,3.0553317070007324
0,8730,41.25274658203125,2.096080780029297
0,8731,54.22184753417969,2.1367430686950684
0,8732,93.90286254882812,3.097472906112671
0,8733,55.49659729003906,2.445236921310425
0,8734,95.884033203125,2.701186418533325
0,8735,94.39923858642578,2.090204954147339
0,8736,134.27728271484375,3.38328218460083
0,8737,109.53924560546875,2.0692877769470215
0,8738,97.24266052246094,2.5940253734588623
0,8739,116.7926254272461,3.4311022758483887
0,8740,219.81019592285156,3.6096420288085938
0,8741,137.80198669433594,3.4431257247924805
0,8742,80.59378051757812,2.493940591812134
0,8743,81.99455261230469,2.9304630756378174
0,8744,90.98894500732422,3.073065757751465
0,8745,107.62873840332031,2.4436228275299072
0,8746,110.14893341064453,2.6371688842773438
0,8747,55.55876541137695,2.5480618476867676
0,8748,226.42025756835938,3.649921417236328
0,8749,75.77323913574219,2.396379232406616
0,8750,505.870361328125,5.1545610427856445
0,8751,121.34226989746094,3.0175955295562744
0,8752,87.49554443359375,3.057497024536133
0,8753,50.22907257080078,1.7806401252746582
0,8754,170.37342834472656,3.2837705612182617
0,8755,42.11661148071289,1.997643232345581
0,8756,59.33216094970703,1.6932547092437744
0,8757,146.54055786132812,3.150214433670044
0,8758,502.7237854003906,5.6541948318481445
0,8759,52.545066833496094,2.1717400550842285
0,8760,298.92022705078125,3.752631664276123
0,8761,306.38580322265625,4.049644470214844
0,8762,106.58280944824219,2.030637264251709
0,8763,111.05128479003906,3.3226306438446045
0,8764,51.126747131347656,2.358029365539551
0,8765,97.66552734375,2.5104289054870605
0,8766,123.07941436767578,3.1619091033935547
0,8767,127.88936614990234,2.4290659427642822
0,8768,116.2562026977539,3.169630289077759
0,8769,70.5061264038086,2.6210858821868896
0,8770,132.8511199951172,3.47452974319458
0,8771,258.93798828125,3.417771816253662
0,8772,87.45570373535156,2.6571226119995117
0,8773,116.76162719726562,2.7388248443603516
0,8774,61.02527618408203,2.3348875045776367
0,8775,232.70835876464844,3.831533432006836
0,8776,112.95840454101562,2.9429337978363037
0,8777,29.298410415649414,1.8181935548782349
0,8778,178.939208984375,3.94490385055542
0,8779,61.8763542175293,2.5452160835266113
0,8780,99.63501739501953,2.7676005363464355
0,8781,89.26502990722656,2.3575592041015625
0,8782,117.04386901855469,3.0852818489074707
0,8783,225.61795043945312,4.294084072113037
0,8784,288.20751953125,5.147645950317383
0,8785,160.38330078125,3.5082149505615234
0,8786,73.78276824951172,2.665647506713867
0,8787,206.15721130371094,3.883986473083496
0,8788,241.90679931640625,3.0697970390319824
0,8789,83.59447479248047,2.6881542205810547
0,8790,200.50057983398438,3.795118808746338
0,8791,237.7144317626953,3.097242832183838
0,8792,144.92355346679688,3.020646810531616
0,8793,93.20484161376953,2.519272565841675
0,8794,221.72154235839844,2.937129020690918
0,8795,115.2463607788086,3.3702287673950195
0,8796,81.0240249633789,2.664438009262085
0,8797,61.74298095703125,2.251316785812378
0,8798,85.1378173828125,2.8238906860351562
0,8799,131.83534240722656,3.216700792312622
0,8800,75.36245727539062,2.5394458770751953
0,8801,214.02474975585938,3.7586147785186768
0,8802,337.4312438964844,4.549814224243164
0,8803,90.88975524902344,3.028970241546631
0,8804,38.9281005859375,1.9078985452651978
0,8805,34.871665954589844,2.0597453117370605
0,8806,42.80809020996094,1.9270869493484497
0,8807,99.77780151367188,2.808577537536621
0,8808,47.25620651245117,1.924041509628296
0,8809,114.31991577148438,2.9738945960998535
0,8810,91.49053955078125,2.6937592029571533
0,8811,101.81311798095703,2.823200225830078
0,8812,105.69842529296875,2.6437480449676514
0,8813,216.5621795654297,3.521730899810791
0,8814,124.64804077148438,2.6101491451263428
0,8815,87.073486328125,2.8491625785827637
0,8816,112.44178009033203,2.5324063301086426
0,8817,173.79071044921875,3.9611566066741943
0,8818,83.57445526123047,2.8005568981170654
0,8819,45.68082046508789,2.238344192504883
0,8820,66.47435760498047,2.5322086811065674
0,8821,123.49434661865234,3.229982852935791
0,8822,116.95099639892578,2.722585916519165
0,8823,253.6868896484375,2.716916799545288
0,8824,165.32228088378906,3.6941049098968506
0,8825,57.10613250732422,2.5053391456604004
0,8826,80.56853485107422,2.458007335662842
0,8827,28.814695358276367,1.8729361295700073
0,8828,140.11102294921875,3.0036275386810303
0,8829,249.59744262695312,4.439769268035889
0,8830,148.46310424804688,3.281200647354126
0,8831,38.39052963256836,2.029486894607544
0,8832,163.05258178710938,3.799079656600952
0,8833,291.667724609375,3.897970676422119
0,8834,117.12544250488281,2.8121540546417236
0,8835,226.4708251953125,4.27351188659668
0,8836,379.9789733886719,4.4511260986328125
0,8837,34.624595642089844,1.6760354042053223
0,8838,160.5067596435547,3.4505105018615723
0,8839,126.07051849365234,3.0675644874572754
0,8840,46.28499984741211,2.0272562503814697
0,8841,68.02476501464844,2.576737880706787
0,8842,195.00489807128906,3.2847061157226562
0,8843,66.12586212158203,1.9842792749404907
0,8844,80.67359924316406,2.7798664569854736
0,8845,81.49076080322266,2.2228353023529053
0,8846,228.72042846679688,3.6987013816833496
0,8847,65.42788696289062,2.534294605255127
0,8848,181.46298217773438,3.930894136428833
0,8849,197.78807067871094,3.943106174468994
0,8850,39.01235580444336,2.048130512237549
0,8851,46.545387268066406,2.0875229835510254
0,8852,58.05363845825195,2.1971254348754883
0,8853,122.51248168945312,2.832338809967041
0,8854,208.39015197753906,3.2408950328826904
0,8855,56.963993072509766,1.741341233253479
0,8856,113.43724060058594,2.4408345222473145
0,8857,88.19625854492188,2.7285022735595703
0,8858,179.99771118164062,3.0060408115386963
0,8859,119.398681640625,3.0473427772521973
0,8860,80.54228973388672,2.4197816848754883
0,8861,92.03500366210938,2.7589762210845947
0,8862,302.03515625,3.995682716369629
0,8863,83.48443603515625,2.956894874572754
0,8864,135.47293090820312,3.455460548400879
0,8865,43.14503479003906,2.0715832710266113
0,8866,136.14947509765625,3.124330997467041
0,8867,57.35562515258789,2.537452220916748
0,8868,70.39153289794922,2.593859910964966
0,8869,86.98148345947266,2.8998708724975586
0,8870,59.51105499267578,2.145883321762085
0,8871,41.25114440917969,1.8883206844329834
0,8872,213.37806701660156,3.8243250846862793
0,8873,445.4241638183594,5.076348781585693
0,8874,114.96794891357422,3.2774908542633057
0,8875,85.29413604736328,2.929279327392578
0,8876,178.8656005859375,4.061941146850586
0,8877,177.58177185058594,3.388397693634033
0,8878,338.56671142578125,4.087899208068848
0,8879,60.540138244628906,2.723649024963379
0,8880,81.39139556884766,2.8190886974334717
0,8881,102.66627502441406,2.8446640968322754
0,8882,84.91429901123047,2.8929390907287598
0,8883,155.96392822265625,3.312932014465332
0,8884,122.46280670166016,3.121838092803955
0,8885,78.96891784667969,2.83353328704834
0,8886,199.91854858398438,3.12866473197937
0,8887,207.254150390625,3.2105512619018555
0,8888,78.38157653808594,3.003230094909668
0,8889,179.43113708496094,4.056709289550781
0,8890,30.0233154296875,1.9204483032226562
0,8891,21.574844360351562,1.4949367046356201
0,8892,76.2165756225586,2.78633975982666
0,8893,210.75564575195312,3.4839985370635986
0,8894,77.89725494384766,2.4049155712127686
0,8895,205.01116943359375,2.8768932819366455
0,8896,80.91494750976562,2.514646291732788
0,8897,99.11029052734375,3.0573782920837402
0,8898,99.3634033203125,2.9792208671569824
0,8899,629.0397338867188,5.588253498077393
0,8900,273.07806396484375,4.985989570617676
0,8901,342.5340270996094,4.190041542053223
0,8902,252.0584716796875,4.288536071777344
0,8903,105.2129135131836,2.9581286907196045
0,8904,115.611083984375,3.593700885772705
0,8905,97.71118927001953,3.1176083087921143
0,8906,47.45744705200195,1.7846686840057373
0,8907,41.61953353881836,2.0485119819641113
0,8908,179.05621337890625,3.426973819732666
0,8909,115.66197204589844,3.1189632415771484
0,8910,46.01973342895508,2.262484550476074
0,8911,413.4825134277344,4.60679817199707
0,8912,41.836734771728516,1.9985661506652832
0,8913,24.010356903076172,1.78663170337677
0,8914,77.70707702636719,2.5952978134155273
0,8915,105.18142700195312,2.8736424446105957
0,8916,77.57150268554688,2.7403571605682373
0,8917,48.102291107177734,2.264160394668579
0,8918,96.9589614868164,3.078684091567993
0,8919,168.17112731933594,3.435824394226074
0,8920,89.82217407226562,2.8489062786102295
0,8921,116.66888427734375,3.1155624389648438
0,8922,83.08244323730469,2.692537784576416
0,8923,138.636962890625,3.0841636657714844
0,8924,28.289764404296875,1.6513060331344604
0,8925,103.22724914550781,2.6532998085021973
0,8926,98.59593200683594,2.3047590255737305
0,8927,98.00775146484375,2.778684139251709
0,8928,262.1003112792969,3.7517168521881104
0,8929,112.29835510253906,2.8618569374084473
0,8930,81.4128646850586,2.3382320404052734
0,8931,183.69625854492188,3.9579710960388184
0,8932,29.71142578125,1.9145053625106812
0,8933,59.893856048583984,2.454310417175293
0,8934,99.27497863769531,2.8112308979034424
0,8935,120.22755432128906,2.7146859169006348
0,8936,31.048351287841797,1.8357545137405396
0,8937,52.10277557373047,2.2552003860473633
0,8938,38.35464096069336,1.6474111080169678
0,8939,62.8223991394043,2.4825305938720703
0,8940,116.47140502929688,3.054755926132202
0,8941,198.80889892578125,3.637749671936035
0,8942,97.96794128417969,2.834780216217041
0,8943,99.0291748046875,2.821443557739258
0,8944,37.37800979614258,2.0918774604797363
0,8945,81.82675170898438,2.924696922302246
0,8946,118.95691680908203,2.4422059059143066
0,8947,171.64393615722656,3.2560267448425293
0,8948,165.67770385742188,3.041027545928955
0,8949,269.7637939453125,3.5475826263427734
0,8950,37.15778732299805,1.8970143795013428
0,8951,74.36493682861328,2.031620979309082
0,8952,62.48991012573242,2.6995890140533447
0,8953,94.67512512207031,3.0005531311035156
0,8954,65.36133575439453,2.5401551723480225
0,8955,44.71159362792969,2.0734057426452637
0,8956,53.261695861816406,2.237610340118408
0,8957,22.499374389648438,1.3604261875152588
0,8958,78.26692962646484,2.7058348655700684
0,8959,212.05056762695312,4.000761985778809
0,8960,151.29754638671875,3.3346080780029297
0,8961,355.32843017578125,4.835415363311768
0,8962,227.63296508789062,4.385056495666504
0,8963,144.3563995361328,3.374567747116089
0,8964,121.67510986328125,3.3739750385284424
0,8965,29.445358276367188,1.678963303565979
0,8966,24.912792205810547,1.4566816091537476
0,8967,24.382587432861328,1.7357282638549805
0,8968,84.84934997558594,2.9312944412231445
0,8969,53.94273376464844,2.0948028564453125
0,8970,179.84375,3.786297082901001
0,8971,218.2680206298828,3.7949984073638916
0,8972,143.8842315673828,2.9446346759796143
0,8973,49.18905258178711,2.209167957305908
0,8974,74.94331359863281,2.428661823272705
0,8975,184.29864501953125,3.450575351715088
0,8976,52.91908264160156,2.0116024017333984
0,8977,57.07453918457031,2.3869447708129883
0,8978,76.92594909667969,2.7007858753204346
0,8979,139.58001708984375,3.6437020301818848
0,8980,64.72370910644531,2.8338115215301514
0,8981,159.16441345214844,2.489203453063965
0,8982,151.94284057617188,2.8554248809814453
0,8983,193.62469482421875,3.6952481269836426
0,8984,46.03269958496094,1.992728590965271
0,8985,1029.4302978515625,6.101926803588867
0,8986,121.218017578125,3.0300703048706055
0,8987,92.48330688476562,2.664013147354126
0,8988,35.09600067138672,2.0488698482513428
0,8989,158.9276123046875,3.5478482246398926
0,8990,87.62816619873047,2.945303440093994
0,8991,146.70449829101562,3.4067177772521973
0,8992,195.85858154296875,3.9608514308929443
0,8993,106.0916976928711,3.18875789642334
0,8994,279.8904113769531,4.2854323387146
0,8995,78.13835906982422,2.365908622741699
0,8996,209.66831970214844,3.3514926433563232
0,8997,75.97837829589844,2.7838640213012695
0,8998,102.4333267211914,3.170647144317627
0,8999,315.1750793457031,4.23898458480835
0,9000,58.57732009887695,2.2656264305114746
0,9001,30.828062057495117,1.6168302297592163
0,9002,164.4938507080078,3.9286794662475586
0,9003,154.75164794921875,3.42606520652771
0,9004,227.66038513183594,4.338367462158203
0,9005,239.43309020996094,3.891941547393799
0,9006,103.0934829711914,3.0610671043395996
0,9007,61.447044372558594,2.2364137172698975
0,9008,161.21897888183594,3.097815990447998
0,9009,132.2032928466797,2.8821656703948975
0,9010,68.67655944824219,2.4587583541870117
0,9011,154.40792846679688,4.044425964355469
0,9012,80.01813507080078,2.1167495250701904
0,9013,188.7947540283203,3.54068660736084
0,9014,191.3027801513672,3.556812047958374
0,9015,98.3092041015625,3.0606346130371094
0,9016,57.989288330078125,2.2789578437805176
0,9017,121.90411376953125,3.400583505630493
0,9018,44.146053314208984,2.098510265350342
0,9019,99.1516342163086,3.1456267833709717
0,9020,62.09041213989258,2.5125317573547363
0,9021,68.22672271728516,2.575639247894287
0,9022,50.51097869873047,2.1375789642333984
0,9023,195.64112854003906,3.777087688446045
0,9024,50.397666931152344,2.0204172134399414
0,9025,229.46107482910156,4.325989723205566
0,9026,75.98641204833984,2.5122787952423096
0,9027,52.784278869628906,2.0298995971679688
0,9028,142.02291870117188,3.4571175575256348
0,9029,225.32521057128906,3.3699560165405273
0,9030,25.860530853271484,1.430566668510437
0,9031,110.38082885742188,3.0768299102783203
0,9032,76.14878845214844,2.679300546646118
0,9033,170.75930786132812,3.8364222049713135
0,9034,67.72093200683594,2.5520334243774414
0,9035,61.61558532714844,2.69465708732605
0,9036,93.67913818359375,2.8111536502838135
0,9037,208.0063934326172,2.7235894203186035
0,9038,141.1846466064453,3.6021811962127686
0,9039,44.36020278930664,1.863207459449768
0,9040,62.904541015625,2.6218414306640625
0,9041,72.2966537475586,2.2567238807678223
0,9042,224.6791534423828,3.7607192993164062
0,9043,60.30992126464844,2.206511974334717
0,9044,107.50001525878906,3.1091208457946777
0,9045,82.48181915283203,2.592071294784546
0,9046,29.969627380371094,2.0547478199005127
0,9047,97.99433135986328,2.5841856002807617
0,9048,180.31304931640625,3.380497694015503
0,9049,174.91165161132812,3.489149332046509
0,9050,66.80204010009766,2.498792886734009
0,9051,526.7012939453125,5.034503936767578
0,9052,103.00288391113281,3.1085336208343506
0,9053,104.73445129394531,3.060396432876587
0,9054,88.76127624511719,3.1381192207336426
0,9055,157.10665893554688,3.5000741481781006
0,9056,127.93495178222656,3.1717379093170166
0,9057,232.2902069091797,3.4417083263397217
0,9058,103.55436706542969,3.064443349838257
0,9059,231.88201904296875,4.027204990386963
0,9060,204.07228088378906,4.157477378845215
0,9061,314.0865783691406,4.912728786468506
0,9062,364.0897521972656,5.357395648956299
0,9063,139.31668090820312,3.579488754272461
0,9064,450.7330627441406,5.311595916748047
0,9065,168.34251403808594,3.41959285736084
0,9066,107.15831756591797,3.0529720783233643
0,9067,94.6065673828125,2.406911611557007
0,9068,198.5932159423828,3.8428502082824707
0,9069,54.776283264160156,2.4361815452575684
0,9070,37.779991149902344,1.733087420463562
0,9071,63.098140716552734,1.8792893886566162
0,9072,60.81916046142578,2.384490489959717
0,9073,245.04327392578125,4.142187118530273
0,9074,178.22164916992188,3.4136857986450195
0,9075,44.95940399169922,1.9854679107666016
0,9076,53.8372802734375,2.300168037414551
0,9077,126.0134048461914,2.7305665016174316
0,9078,70.91984558105469,2.337282419204712
0,9079,122.2144775390625,3.130939483642578
0,9080,47.07453536987305,2.1133852005004883
0,9081,87.56908416748047,2.7923665046691895
0,9082,35.89186096191406,1.959943413734436
0,9083,55.944580078125,2.4319956302642822
0,9084,105.10227966308594,3.0837085247039795
0,9085,45.4284553527832,2.2185068130493164
0,9086,86.09332275390625,2.6004788875579834
0,9087,67.36631774902344,2.657092332839966
0,9088,105.94380187988281,2.7400944232940674
0,9089,68.64256286621094,2.2475342750549316
0,9090,108.29664611816406,3.125633955001831
0,9091,265.6783142089844,3.980401039123535
0,9092,45.14185333251953,2.218801259994507
0,9093,56.10530090332031,2.277588367462158
0,9094,112.7198257446289,2.9345285892486572
0,9095,82.40696716308594,2.5039291381835938
0,9096,81.29755401611328,2.840385913848877
0,9097,82.14022827148438,2.5726678371429443
0,9098,35.21278381347656,2.149043560028076
0,9099,97.50507354736328,2.7567033767700195
0,9100,132.5571746826172,3.088829278945923
0,9101,98.4438705444336,3.0532467365264893
0,9102,166.98257446289062,2.6656103134155273
0,9103,171.70875549316406,3.762279510498047
0,9104,136.2240447998047,3.4952080249786377
0,9105,113.55451965332031,3.213560104370117
0,9106,76.88919830322266,2.898806095123291
0,9107,118.32278442382812,2.7433037757873535
0,9108,33.43113327026367,1.8042385578155518
0,9109,143.91566467285156,3.5342626571655273
0,9110,43.640602111816406,1.9532537460327148
0,9111,61.01134490966797,2.5702905654907227
0,9112,184.52574157714844,3.806668519973755
0,9113,120.37222290039062,3.3434953689575195
0,9114,56.135684967041016,2.2840044498443604
0,9115,245.23606872558594,3.7891454696655273
0,9116,136.46597290039062,3.4655308723449707
0,9117,18.244945526123047,1.516584873199463
0,9118,240.01495361328125,4.650958061218262
0,9119,51.259727478027344,2.0444583892822266
0,9120,125.3217544555664,3.2779381275177
0,9121,150.1627960205078,3.0253353118896484
0,9122,252.7650909423828,3.3747408390045166
0,9123,128.77488708496094,3.004960298538208
0,9124,111.38719940185547,3.157961845397949
0,9125,164.52371215820312,3.6772139072418213
0,9126,67.89020538330078,2.078179359436035
0,9127,111.75264739990234,3.0402307510375977
0,9128,88.22537994384766,2.7668399810791016
0,9129,100.74827575683594,2.7806529998779297
0,9130,143.37155151367188,3.0827362537384033
0,9131,187.5152130126953,3.4043726921081543
0,9132,97.86859893798828,3.1541075706481934
0,9133,195.10804748535156,3.3558530807495117
0,9134,85.39776611328125,3.08231782913208
0,9135,120.58071899414062,3.169975519180298
0,9136,116.85348510742188,2.51162052154541
0,9137,117.34878540039062,3.043365955352783
0,9138,32.19118118286133,1.8321897983551025
0,9139,110.0772933959961,2.8785884380340576
0,9140,264.9142761230469,3.4944663047790527
0,9141,93.47936248779297,2.576266288757324
0,9142,91.33979034423828,2.95845365524292
0,9143,173.55230712890625,3.1976466178894043
0,9144,180.25804138183594,3.888005018234253
0,9145,182.142822265625,2.7245144844055176
0,9146,91.16049194335938,2.903548002243042
0,9147,83.97877502441406,2.7079708576202393
0,9148,73.01433563232422,2.3364663124084473
0,9149,65.37279510498047,2.6616482734680176
0,9150,39.46855926513672,2.1535661220550537
0,9151,236.71031188964844,3.97428560256958
0,9152,156.68099975585938,3.8117103576660156
0,9153,22.39733123779297,1.3992974758148193
0,9154,48.18869400024414,2.18764066696167
0,9155,56.81636047363281,2.2835943698883057
0,9156,113.6529541015625,2.534959077835083
0,9157,24.777904510498047,1.6376674175262451
0,9158,83.75277709960938,2.8206934928894043
0,9159,91.6891860961914,2.213472604751587
0,9160,58.279266357421875,2.2068164348602295
0,9161,19.479970932006836,1.5808128118515015
0,9162,89.08313751220703,2.6012325286865234
0,9163,119.49823760986328,3.1439247131347656
0,9164,83.20346069335938,2.6973328590393066
0,9165,156.56332397460938,3.5863001346588135
0,9166,78.88389587402344,1.972183108329773
0,9167,251.7459716796875,3.9345526695251465
0,9168,47.88322448730469,2.1823325157165527
0,9169,197.4029083251953,3.682206869125366
0,9170,88.5835189819336,2.2533183097839355
0,9171,132.47509765625,3.381220817565918
0,9172,37.93353271484375,1.9865171909332275
0,9173,182.3533172607422,3.8169524669647217
0,9174,112.39608001708984,3.199634075164795
0,9175,33.99531555175781,2.2221808433532715
0,9176,37.42711639404297,2.338286876678467
0,9177,57.615535736083984,2.4867849349975586
0,9178,171.08665466308594,3.5477020740509033
0,9179,50.406150817871094,2.3552098274230957
0,9180,171.07911682128906,3.2457351684570312
0,9181,92.19607543945312,2.7824177742004395
0,9182,87.40177154541016,2.8756017684936523
0,9183,141.27810668945312,3.371497631072998
0,9184,64.40608978271484,2.649062156677246
0,9185,255.83560180664062,4.16082763671875
0,9186,72.9339828491211,2.9394211769104004
0,9187,73.23857116699219,2.5273590087890625
0,9188,83.942138671875,2.985206365585327
0,9189,124.27902221679688,3.439116954803467
0,9190,175.47703552246094,3.3239996433258057
0,9191,255.82545471191406,4.2548828125
0,9192,264.9354553222656,3.398693323135376
0,9193,37.825618743896484,1.9884033203125
0,9194,56.842750549316406,2.1871397495269775
0,9195,261.4122619628906,3.9722132682800293
0,9196,97.60252380371094,3.0544652938842773
0,9197,86.71864318847656,1.8714123964309692
0,9198,60.91674041748047,2.581326484680176
0,9199,47.27526092529297,2.292982578277588
0,9200,248.7027130126953,3.952409505844116
0,9201,89.76073455810547,2.8246548175811768
0,9202,141.1511993408203,3.2909610271453857
0,9203,49.106380462646484,2.053504467010498
0,9204,35.506248474121094,1.8882789611816406
0,9205,61.774932861328125,2.0461771488189697
0,9206,136.76153564453125,3.339005708694458
0,9207,95.79938507080078,3.07893705368042
0,9208,105.63807678222656,2.4775524139404297
0,9209,119.99839782714844,3.3175830841064453
0,9210,96.94829559326172,2.645988941192627
0,9211,84.83649444580078,2.030277967453003
0,9212,33.363189697265625,1.9342589378356934
0,9213,80.25948333740234,2.681072235107422
0,9214,340.3184814453125,3.9472367763519287
0,9215,91.07420349121094,2.9657809734344482
0,9216,105.85678100585938,3.217003345489502
0,9217,254.8567657470703,4.168502330780029
0,9218,64.51341247558594,2.7449355125427246
0,9219,101.39012908935547,3.135554313659668
0,9220,66.58853912353516,2.168050527572632
0,9221,140.27503967285156,3.3608689308166504
0,9222,126.9560775756836,3.1038708686828613
0,9223,92.31230163574219,2.441211700439453
0,9224,233.82394409179688,3.7675609588623047
0,9225,116.09270477294922,3.422837495803833
0,9226,219.81130981445312,3.6861679553985596
0,9227,151.1220703125,3.9188179969787598
0,9228,57.80186462402344,2.2879419326782227
0,9229,128.8413848876953,3.342068672180176
0,9230,64.47264099121094,2.5241360664367676
0,9231,91.4254150390625,2.679762363433838
0,9232,82.58435821533203,2.9002323150634766
0,9233,211.3839111328125,2.9735496044158936
0,9234,191.3656005859375,3.5488638877868652
0,9235,330.21044921875,4.372872829437256
0,9236,56.42521667480469,2.3143696784973145
0,9237,95.45633697509766,2.3394505977630615
0,9238,102.34457397460938,2.8236186504364014
0,9239,114.63642883300781,2.314199686050415
0,9240,127.44869995117188,3.526155948638916
0,9241,115.93035125732422,3.384453296661377
0,9242,44.02699279785156,2.173163414001465
0,9243,88.50837707519531,3.032459259033203
0,9244,81.47889709472656,2.8426880836486816
0,9245,35.70146942138672,1.694246530532837
0,9246,152.89474487304688,3.4600353240966797
0,9247,144.98130798339844,3.3464739322662354
0,9248,36.57190704345703,1.841332197189331
0,9249,141.76116943359375,2.7468156814575195
0,9250,98.70247650146484,2.704991579055786
0,9251,170.72039794921875,3.8097498416900635
0,9252,95.48062133789062,2.8251700401306152
0,9253,118.37169647216797,3.320586681365967
0,9254,181.62527465820312,3.6911709308624268
0,9255,65.76651000976562,2.2424724102020264
0,9256,74.62567138671875,1.9845093488693237
0,9257,192.0517578125,4.123488426208496
0,9258,112.53279113769531,3.1398558616638184
0,9259,144.08963012695312,2.7138209342956543
0,9260,71.13540649414062,2.691236734390259
0,9261,63.23667526245117,2.5375614166259766
0,9262,51.99678039550781,2.143752098083496
0,9263,146.21331787109375,3.6391727924346924
0,9264,106.04241943359375,2.438911199569702
0,9265,164.18658447265625,3.6196887493133545
0,9266,21.858110427856445,1.7050076723098755
0,9267,94.65568542480469,2.521942138671875
0,9268,209.95738220214844,3.3659889698028564
0,9269,208.60923767089844,4.350938320159912
0,9270,146.38229370117188,3.5635626316070557
0,9271,130.49688720703125,2.6562585830688477
0,9272,48.99555587768555,2.230891704559326
0,9273,166.64083862304688,2.8294341564178467
0,9274,81.76614379882812,2.3209705352783203
0,9275,54.29367446899414,1.959646463394165
0,9276,118.0457992553711,2.648665428161621
0,9277,59.933570861816406,2.347762107849121
0,9278,99.34700012207031,3.13508677482605
0,9279,67.510986328125,2.128096580505371
0,9280,39.48208999633789,2.0759806632995605
0,9281,70.43147277832031,2.5171494483947754
0,9282,99.80403137207031,2.8893160820007324
0,9283,87.49119567871094,2.4935545921325684
0,9284,263.0257263183594,3.647397041320801
0,9285,67.9525146484375,2.1763696670532227
0,9286,128.9555206298828,3.401747703552246
0,9287,136.65191650390625,3.3208115100860596
0,9288,102.06146240234375,3.0778968334198
0,9289,99.18954467773438,3.109426498413086
0,9290,77.57678985595703,2.572521209716797
0,9291,107.04190063476562,3.1971347332000732
0,9292,158.7580108642578,3.1638739109039307
0,9293,116.57958221435547,2.915449619293213
0,9294,266.1576843261719,4.317885875701904
0,9295,205.186767578125,3.7832398414611816
0,9296,215.62477111816406,4.2684173583984375
0,9297,111.69031524658203,3.105924367904663
0,9298,145.48614501953125,3.5500123500823975
0,9299,82.0267105102539,2.8143410682678223
0,9300,28.014671325683594,1.9777064323425293
0,9301,142.33212280273438,3.262749195098877
0,9302,140.5380401611328,3.169527530670166
0,9303,63.717201232910156,2.4362125396728516
0,9304,53.83740234375,1.992380142211914
0,9305,78.3557357788086,2.6596319675445557
0,9306,94.9579086303711,3.220550298690796
0,9307,268.80633544921875,4.372530937194824
0,9308,32.619529724121094,1.8925672769546509
0,9309,44.89072036743164,2.3216450214385986
0,9310,77.44906616210938,2.766404867172241
0,9311,66.34883117675781,2.719554901123047
0,9312,35.16092300415039,1.757431983947754
0,9313,92.03067779541016,3.004606008529663
0,9314,42.180763244628906,1.9696567058563232
0,9315,106.42167663574219,3.1271729469299316
0,9316,74.73941802978516,2.715428352355957
0,9317,136.943115234375,3.5277225971221924
0,9318,202.41636657714844,4.212238311767578
0,9319,23.33098793029785,1.5509467124938965
0,9320,153.845703125,2.676058292388916
0,9321,55.45014190673828,2.2328271865844727
0,9322,79.78885650634766,2.886390447616577
0,9323,209.94882202148438,3.7620904445648193
0,9324,180.47247314453125,3.7828707695007324
0,9325,184.1752471923828,3.161320447921753
0,9326,75.02757263183594,2.7170052528381348
0,9327,195.33534240722656,3.6639299392700195
0,9328,45.972938537597656,2.074277400970459
0,9329,33.684959411621094,1.8408292531967163
0,9330,85.77980041503906,2.5032835006713867
0,9331,133.9515838623047,3.477010726928711
0,9332,78.9027099609375,2.830714225769043
0,9333,55.62704849243164,2.637909412384033
0,9334,163.90753173828125,3.668992280960083
0,9335,64.7386245727539,2.462754011154175
0,9336,87.79269409179688,2.5831732749938965
0,9337,116.50533294677734,2.527651786804199
0,9338,181.57839965820312,2.5875749588012695
0,9339,38.84709548950195,2.0742008686065674
0,9340,138.96209716796875,3.121019124984741
0,9341,164.8141632080078,3.142669916152954
0,9342,233.1192626953125,4.533106803894043
0,9343,80.74202728271484,2.3026123046875
0,9344,208.71917724609375,4.121830463409424
0,9345,94.26326751708984,2.8338394165039062
0,9346,213.62713623046875,3.1692771911621094
0,9347,34.193084716796875,1.8497967720031738
0,9348,86.8153076171875,2.5034048557281494
0,9349,143.73989868164062,3.647113800048828
0,9350,125.8449478149414,3.3635010719299316
0,9351,169.37156677246094,3.2495195865631104
0,9352,121.15194702148438,3.244225025177002
0,9353,46.61467742919922,2.3586995601654053
0,9354,30.514209747314453,1.8000004291534424
0,9355,132.64715576171875,3.1352322101593018
0,9356,54.65342330932617,1.9955850839614868
0,9357,62.168060302734375,2.2905545234680176
0,9358,207.182861328125,3.3757407665252686
0,9359,187.62416076660156,3.4173781871795654
0,9360,60.50497055053711,2.4997003078460693
0,9361,76.86504364013672,2.3855814933776855
0,9362,46.642154693603516,2.076944589614868
0,9363,141.19528198242188,3.487852096557617
0,9364,87.65210723876953,2.384223461151123
0,9365,128.10736083984375,3.596958637237549
0,9366,86.61908721923828,2.84340763092041
0,9367,118.47130584716797,2.503049850463867
0,9368,92.37124633789062,2.724557876586914
0,9369,91.27810668945312,2.9489965438842773
0,9370,180.46241760253906,3.7796311378479004
0,9371,83.79431915283203,2.6203370094299316
0,9372,123.20458984375,3.2371668815612793
0,9373,99.82496643066406,3.0800557136535645
0,9374,95.94680786132812,2.9377317428588867
0,9375,33.236263275146484,2.1027467250823975
0,9376,115.26997375488281,2.956357955932617
0,9377,136.89491271972656,3.0097174644470215
0,9378,84.18057250976562,2.7439489364624023
0,9379,122.6499252319336,3.3023147583007812
0,9380,126.22721862792969,3.006312608718872
0,9381,26.8110408782959,1.8605079650878906
0,9382,36.93029022216797,1.8860162496566772
0,9383,119.3419189453125,2.381490707397461
0,9384,23.340763092041016,1.634587049484253
0,9385,59.38674545288086,2.089973211288452
0,9386,72.5759506225586,2.8357653617858887
0,9387,71.53086853027344,2.6508617401123047
0,9388,184.23324584960938,3.76985239982605
0,9389,135.9156494140625,2.5402488708496094
0,9390,81.89535522460938,2.7613024711608887
0,9391,134.05810546875,3.572270393371582
0,9392,20.09383773803711,1.3732693195343018
0,9393,20.616615295410156,1.5754153728485107
0,9394,84.71005249023438,2.5943961143493652
0,9395,143.5762176513672,3.608030319213867
0,9396,20.35942268371582,1.2425509691238403
0,9397,95.01383972167969,2.6448445320129395
0,9398,101.50633239746094,3.087796926498413
0,9399,65.66658782958984,2.1833600997924805
0,9400,17.194072723388672,1.6382265090942383
0,9401,163.90394592285156,4.057576656341553
0,9402,114.69058227539062,2.064405679702759
0,9403,91.35613250732422,2.729940891265869
0,9404,46.20948028564453,1.8809757232666016
0,9405,60.85749435424805,2.443270444869995
0,9406,39.853248596191406,2.0636329650878906
0,9407,49.90092468261719,2.450835704803467
0,9408,85.75304412841797,2.7465901374816895
0,9409,21.906925201416016,1.4556138515472412
0,9410,46.32704544067383,1.7611050605773926
0,9411,116.972412109375,2.924605369567871
0,9412,166.38265991210938,3.7161598205566406
0,9413,278.0810546875,4.138187408447266
0,9414,126.04835510253906,3.2281062602996826
0,9415,102.48917388916016,2.847257375717163
0,9416,97.76322937011719,2.798635721206665
0,9417,29.473520278930664,1.8506525754928589
0,9418,92.90058135986328,2.617493152618408
0,9419,30.600250244140625,1.8514392375946045
0,9420,46.911991119384766,2.262397050857544
0,9421,76.14262390136719,2.8052890300750732
0,9422,74.39759826660156,2.3020496368408203
0,9423,75.01985168457031,2.7893643379211426
0,9424,57.64408874511719,2.110811710357666
0,9425,144.90481567382812,4.073057651519775
0,9426,26.734752655029297,1.7382972240447998
0,9427,94.17386627197266,3.007154941558838
0,9428,19.964628219604492,1.556830883026123
0,9429,65.40628051757812,2.4135584831237793
0,9430,17.037006378173828,1.6016188859939575
0,9431,72.3144302368164,2.599174737930298
0,9432,45.274559020996094,2.0443410873413086
0,9433,71.27796936035156,2.597085475921631
0,9434,75.37942504882812,2.3620290756225586
0,9435,53.54222869873047,2.111550807952881
0,9436,72.45234680175781,2.7501091957092285
0,9437,115.76976013183594,3.0108656883239746
0,9438,171.5848846435547,2.793698310852051
0,9439,70.4453125,2.615556240081787
0,9440,60.65773010253906,2.455514430999756
0,9441,190.21072387695312,3.29915452003479
0,9442,140.9678192138672,3.397019386291504
0,9443,51.44725036621094,2.071319818496704
0,9444,60.95323944091797,2.5885610580444336
0,9445,126.07422637939453,3.451828956604004
0,9446,74.2037353515625,2.5555009841918945
0,9447,62.93866729736328,1.9719539880752563
0,9448,181.6174774169922,3.8087382316589355
0,9449,54.29768753051758,2.1526482105255127
0,9450,46.40913391113281,2.020487070083618
0,9451,53.42560958862305,2.110656499862671
0,9452,48.142051696777344,1.6873161792755127
0,9453,133.4901123046875,3.5242152214050293
0,9454,107.47671508789062,2.846985340118408
0,9455,46.400333404541016,1.9535309076309204
0,9456,62.70254898071289,1.985855221748352
0,9457,98.31048583984375,2.873209238052368
0,9458,55.03785705566406,2.2258152961730957
0,9459,122.44843292236328,2.74977445602417
0,9460,116.99174499511719,3.3529722690582275
0,9461,113.04708099365234,2.83453369140625
0,9462,157.5953369140625,3.971283435821533
0,9463,68.73033142089844,2.372614622116089
0,9464,90.19671630859375,3.1809654235839844
0,9465,182.8696746826172,3.249464750289917
0,9466,103.23897552490234,2.896265983581543
0,9467,89.16411590576172,2.072579860687256
0,9468,264.96722412109375,4.395319938659668
0,9469,103.65641021728516,3.151577949523926
0,9470,116.7718734741211,2.635878562927246
0,9471,155.36862182617188,3.6026687622070312
0,9472,106.28401947021484,2.804743766784668
0,9473,33.01277542114258,1.736814260482788
0,9474,83.24138641357422,2.9218640327453613
0,9475,75.9220199584961,2.55876088142395
0,9476,47.87506866455078,2.298389196395874
0,9477,32.944034576416016,1.9392038583755493
0,9478,230.22842407226562,3.5946898460388184
0,9479,150.4880828857422,3.8233537673950195
0,9480,201.21934509277344,2.9916043281555176
0,9481,100.25476837158203,3.1460306644439697
1,0,72.30606842041016,2.4625821113586426
1,1,233.6119384765625,3.8140385150909424
1,2,169.8734130859375,3.3222787380218506
1,3,66.76929473876953,2.6103920936584473
1,4,86.29700469970703,2.78057861328125
1,5,93.8619155883789,2.9316885471343994
1,6,144.1468048095703,3.4612977504730225
1,7,121.48461151123047,2.5069642066955566
1,8,129.4170684814453,3.068833351135254
1,9,65.0566177368164,2.5991718769073486
1,10,175.43650817871094,3.623899221420288
1,11,134.63848876953125,3.258816719055176
1,12,110.36795806884766,2.723057270050049
1,13,177.01712036132812,3.6890344619750977
1,14,39.9107780456543,2.0311760902404785
1,15,125.55297088623047,3.418675422668457
1,16,28.887317657470703,1.9204137325286865
1,17,64.99588012695312,2.590205669403076
1,18,139.2980499267578,3.1848092079162598
1,19,71.2170181274414,2.6933248043060303
1,20,70.31838989257812,2.7089927196502686
1,21,153.7449188232422,3.237609624862671
1,22,125.1268310546875,3.608991861343384
1,23,110.44122314453125,3.3192193508148193
1,24,93.94298553466797,2.2045655250549316
1,25,126.09453582763672,2.31188702583313
1,26,70.51589965820312,2.518561601638794
1,27,75.51050567626953,2.6480889320373535
1,28,115.49606323242188,2.5294783115386963
1,29,63.79481887817383,2.5831661224365234
1,30,26.284555435180664,1.685689091682434
1,31,46.52809524536133,2.170031785964966
1,32,137.0687255859375,3.2634992599487305
1,33,14.038268089294434,1.4438196420669556
1,34,65.09221649169922,2.5251824855804443
1,35,73.05126190185547,2.228240489959717
1,36,98.41606903076172,2.8301100730895996
1,37,57.86214065551758,2.258643627166748
1,38,182.87705993652344,3.7256112098693848
1,39,89.53822326660156,2.7457094192504883
1,40,69.57565307617188,2.6843273639678955
1,41,39.89253616333008,1.9213364124298096
1,42,56.638275146484375,2.504067897796631
1,43,84.68217468261719,2.45805287361145
1,44,125.99947357177734,2.8276710510253906
1,45,135.45510864257812,3.3659963607788086
1,46,91.04618835449219,2.7866904735565186
1,47,37.94388961791992,2.038818836212158
1,48,86.5206527709961,2.7156054973602295
1,49,75.05902099609375,2.675201892852783
1,50,85.23834991455078,2.394915819168091
1,51,196.026123046875,3.4854519367218018
1,52,193.59510803222656,3.4558322429656982
1,53,72.51853942871094,2.850184440612793
1,54,116.39605712890625,3.3185319900512695
1,55,48.3410758972168,1.974823236465454
1,56,103.36326599121094,2.724762439727783
1,57,175.06553649902344,3.694730281829834
1,58,16.129180908203125,1.4631164073944092
1,59,42.81456756591797,2.2476868629455566
1,60,22.948556900024414,1.6300647258758545
1,61,53.42194747924805,2.2428457736968994
1,62,79.82063293457031,2.807178258895874
1,63,31.033124923706055,1.8967821598052979
1,64,120.8103256225586,2.7071871757507324
1,65,88.91117858886719,2.153902053833008
1,66,73.94698333740234,2.4532127380371094
1,67,89.75440979003906,2.7780017852783203
1,68,44.45755386352539,2.1864027976989746
1,69,68.65365600585938,2.739910840988159
1,70,158.8280792236328,3.7551846504211426
1,71,67.72293090820312,2.421696424484253
1,72,71.85971069335938,2.7815628051757812
1,73,69.07440185546875,2.520733118057251
1,74,52.04076385498047,2.3139395713806152
1,75,64.16687774658203,2.9194531440734863
1,76,66.50260925292969,2.167074203491211
1,77,95.54130554199219,2.704573154449463
1,78,116.06712341308594,3.241102695465088
1,79,46.99747085571289,2.0384750366210938
1,80,72.35566711425781,2.4148964881896973
1,81,67.27766418457031,2.432347536087036
1,82,117.22602844238281,2.863840103149414
1,83,80.70441436767578,2.894951820373535
1,84,27.270347595214844,1.968493103981018
1,85,132.44927978515625,3.238234758377075
1,86,64.233154296875,2.3223133087158203
1,87,520.666748046875,5.0536112785339355
1,88,78.22113800048828,2.7146689891815186
1,89,180.952880859375,3.9158222675323486
1,90,128.47518920898438,3.49965763092041
1,91,81.15998077392578,2.974984645843506
1,92,227.40115356445312,3.188544750213623
1,93,78.07391357421875,2.509042263031006
1,94,121.67942810058594,3.7576818466186523
1,95,21.251705169677734,1.7576895952224731
1,96,177.92649841308594,3.0372400283813477
1,97,80.64373016357422,3.0823676586151123
1,98,31.97246551513672,1.912841796875
1,99,25.354812622070312,1.7513853311538696
1,100,96.18499755859375,2.4253640174865723
1,101,60.08268356323242,2.3117198944091797
1,102,59.569068908691406,2.319913864135742
1,103,189.3612823486328,3.5918214321136475
1,104,123.53622436523438,3.2969799041748047
1,105,169.5147705078125,3.807762622833252
1,106,249.233642578125,4.647974014282227
1,107,46.19011688232422,2.1473190784454346
1,108,90.89449310302734,2.2166433334350586
1,109,371.4341735839844,5.030476093292236
1,110,133.63543701171875,3.72450590133667
1,111,107.34917449951172,2.8659253120422363
1,112,58.050079345703125,2.502020835876465
1,113,171.85313415527344,3.4444286823272705
1,114,57.00144958496094,2.4878315925598145
1,115,97.90254974365234,2.8967673778533936
1,116,76.35037231445312,2.1018362045288086
1,117,67.44635009765625,2.393934726715088
1,118,82.77489471435547,2.9389731884002686
1,119,43.445030212402344,2.097968578338623
1,120,160.6846160888672,3.7582168579101562
1,121,53.69629669189453,2.303562879562378
1,122,191.51295471191406,3.316596508026123
1,123,95.2456283569336,2.9405453205108643
1,124,143.7628173828125,2.975724220275879
1,125,198.56358337402344,3.9920499324798584
1,126,126.59639739990234,3.411320447921753
1,127,79.156494140625,2.6574554443359375
1,128,88.47080993652344,2.603093147277832
1,129,45.830810546875,2.0615458488464355
1,130,112.83726501464844,2.8523776531219482
1,131,442.4658203125,5.276025772094727
1,132,60.590911865234375,2.2486205101013184
1,133,117.25698852539062,2.700333595275879
1,134,95.39234161376953,3.214937448501587
1,135,69.67179870605469,2.5917420387268066
1,136,82.94026947021484,2.3636605739593506
1,137,42.691383361816406,1.9747470617294312
1,138,132.19363403320312,2.9524457454681396
1,139,116.96311950683594,3.216273784637451
1,140,147.8280029296875,2.749396800994873
1,141,64.89906311035156,2.3405234813690186
1,142,110.18492126464844,2.479517698287964
1,143,80.29743957519531,2.8626461029052734
1,144,112.44257354736328,3.1997110843658447
1,145,88.16111755371094,2.7047927379608154
1,146,134.79885864257812,3.132667064666748
1,147,92.03280639648438,2.8451058864593506
1,148,83.39276885986328,2.757713556289673
1,149,76.90746307373047,2.788252353668213
1,150,128.0762481689453,2.4758548736572266
1,151,92.23326110839844,2.791764736175537
1,152,57.08953857421875,2.312483072280884
1,153,106.70317077636719,2.906907796859741
1,154,43.295082092285156,2.024728775024414
1,155,92.97652435302734,2.5883002281188965
1,156,56.417091369628906,2.1342973709106445
1,157,81.24118041992188,2.366879940032959
1,158,56.51750183105469,2.212958812713623
1,159,119.89930725097656,2.9712960720062256
1,160,40.98335647583008,1.8348047733306885
1,161,74.10966491699219,2.693918466567993
1,162,87.2335205078125,2.464933395385742
1,163,158.50950622558594,3.508662462234497
1,164,179.0467987060547,3.392618179321289
1,165,53.04159927368164,1.7546768188476562
1,166,58.47342300415039,2.457770824432373
1,167,97.87271881103516,2.7440295219421387
1,168,41.4326286315918,2.1768152713775635
1,169,89.09811401367188,2.390899658203125
1,170,51.86503601074219,2.362140655517578
1,171,120.12518310546875,2.9794423580169678
1,172,17.511350631713867,1.4160940647125244
1,173,109.68659210205078,3.122903347015381
1,174,55.981475830078125,2.4900424480438232
1,175,50.47144317626953,1.9273148775100708
1,176,46.85926818847656,2.4489476680755615
1,177,49.22685623168945,2.1337428092956543
1,178,123.38642883300781,2.792646646499634
1,179,36.52685546875,1.4738359451293945
1,180,116.36298370361328,2.9791035652160645
1,181,99.66091918945312,2.34782338142395
1,182,48.61919403076172,2.1431844234466553
1,183,36.72626495361328,1.8313298225402832
1,184,48.707374572753906,2.139585494995117
1,185,177.0001678466797,3.2145028114318848
1,186,51.989383697509766,2.0783610343933105
1,187,33.4799919128418,2.0360612869262695
1,188,57.753604888916016,2.2239906787872314
1,189,140.6294708251953,3.2814252376556396
1,190,66.58731842041016,2.163133382797241
1,191,59.41444778442383,2.5015788078308105
1,192,64.13176727294922,2.366873264312744
1,193,49.67753219604492,2.0552167892456055
1,194,20.7241153717041,1.5246455669403076
1,195,64.08100891113281,2.58902645111084
1,196,123.00907135009766,2.668701171875
1,197,127.34342956542969,2.5042381286621094
1,198,87.20343017578125,2.967310905456543
1,199,91.21762084960938,2.9160850048065186
1,200,182.56602478027344,3.319352626800537
1,201,121.54794311523438,2.944889545440674
1,202,76.81614685058594,2.8328676223754883
1,203,154.2886962890625,3.1531782150268555
1,204,92.61763763427734,2.934404134750366
1,205,101.3295669555664,2.5137364864349365
1,206,56.853302001953125,2.5222525596618652
1,207,66.98921966552734,2.8638854026794434
1,208,64.82440185546875,2.1445653438568115
1,209,85.08456420898438,3.0382628440856934
1,210,116.33802795410156,2.7371463775634766
1,211,132.52662658691406,3.1893444061279297
1,212,88.71189880371094,2.5938751697540283
1,213,111.2203140258789,3.1086816787719727
1,214,55.75442886352539,2.086754083633423
1,215,111.33538818359375,3.41953182220459
1,216,104.51831817626953,2.493502616882324
1,217,32.8739013671875,2.027162551879883
1,218,67.04325103759766,2.408568859100342
1,219,81.8034896850586,2.653196096420288
1,220,44.782501220703125,2.0107274055480957
1,221,47.71384048461914,2.1744043827056885
1,222,57.234832763671875,2.603231191635132
1,223,53.29125213623047,2.4639761447906494
1,224,119.81725311279297,2.338149309158325
1,225,111.480712890625,3.1228227615356445
1,226,58.00952911376953,2.3259265422821045
1,227,39.37632751464844,1.8890900611877441
1,228,223.83837890625,3.68807053565979
1,229,130.11846923828125,3.1219193935394287
1,230,78.44918060302734,2.4165737628936768
1,231,97.95286560058594,2.7236649990081787
1,232,35.477413177490234,2.0082480907440186
1,233,55.21910858154297,2.3778650760650635
1,234,68.24576568603516,2.3163750171661377
1,235,115.34813690185547,2.900324583053589
1,236,120.10413360595703,3.632359743118286
1,237,93.345458984375,2.6169440746307373
1,238,137.65423583984375,3.082869052886963
1,239,185.7816619873047,3.930985689163208
1,240,619.58154296875,5.617083549499512
1,241,61.15483093261719,2.2402212619781494
1,242,73.58294677734375,2.3847568035125732
1,243,176.89761352539062,3.71622371673584
1,244,62.77418518066406,2.384739398956299
1,245,207.9939422607422,3.418445110321045
1,246,116.74186706542969,2.812718629837036
1,247,118.22879028320312,2.7178640365600586
1,248,122.322021484375,3.3394155502319336
1,249,120.7900390625,3.3357925415039062
1,250,45.3112907409668,2.091066360473633
1,251,74.4141616821289,2.342357635498047
1,252,41.87090301513672,2.1902289390563965
1,253,81.48273468017578,2.5253498554229736
1,254,121.4783706665039,3.046480655670166
1,255,133.79946899414062,3.3007652759552
1,256,56.11730194091797,2.432708740234375
1,257,260.406494140625,4.0819091796875
1,258,101.03631591796875,2.764122247695923
1,259,181.54156494140625,3.816768169403076
1,260,68.56083679199219,2.5876755714416504
1,261,115.18408203125,2.551600217819214
1,262,90.85163116455078,3.05279803276062
1,263,67.20945739746094,2.3679039478302
1,264,98.25357055664062,3.1945865154266357
1,265,163.3478546142578,3.5779309272766113
1,266,182.98570251464844,3.207139015197754
1,267,84.10038757324219,2.7962772846221924
1,268,76.54235076904297,2.737741231918335
1,269,93.86895751953125,2.832681179046631
1,270,55.229278564453125,2.020019292831421
1,271,69.00566101074219,2.127129077911377
1,272,73.39207458496094,2.410691261291504
1,273,131.39199829101562,3.1334877014160156
1,274,71.71578979492188,2.3883514404296875
1,275,25.655576705932617,1.844993233680725
1,276,136.859130859375,2.9116907119750977
1,277,78.8202133178711,2.875377655029297
1,278,26.039426803588867,1.647938847541809
1,279,55.850303649902344,2.61334228515625
1,280,131.54721069335938,3.291799545288086
1,281,104.97128295898438,2.6411943435668945
1,282,60.0900764465332,2.5194029808044434
1,283,31.720603942871094,1.8457489013671875
1,284,92.20408630371094,2.9584572315216064
1,285,136.89915466308594,3.3958654403686523
1,286,53.32560729980469,2.404116630554199
1,287,113.77836608886719,3.021658420562744
1,288,54.386024475097656,2.249086856842041
1,289,56.66208267211914,2.2847678661346436
1,290,58.80697250366211,2.4078292846679688
1,291,68.88676452636719,2.625105381011963
1,292,41.20370101928711,1.9468953609466553
1,293,59.674373626708984,2.455807685852051
1,294,180.54783630371094,3.8985276222229004
1,295,45.27214813232422,2.1075570583343506
1,296,28.881446838378906,1.805048942565918
1,297,93.96934509277344,2.8436269760131836
1,298,114.26895141601562,3.0725245475769043
1,299,122.73249816894531,3.2089016437530518
1,300,126.24237823486328,3.5784449577331543
1,301,126.59650421142578,3.234556198120117
1,302,76.12898254394531,2.981208086013794
1,303,151.6314239501953,3.3664212226867676
1,304,43.02043151855469,1.9583866596221924
1,305,87.0175552368164,2.8836822509765625
1,306,62.416011810302734,2.431948184967041
1,307,136.43882751464844,3.434305429458618
1,308,150.12423706054688,3.0511996746063232
1,309,79.13313293457031,2.877060890197754
1,310,171.732421875,3.296985626220703
1,311,73.9244384765625,2.3341622352600098
1,312,69.72618103027344,2.411954402923584
1,313,110.1112060546875,2.4772205352783203
1,314,47.761619567871094,2.009444236755371
1,315,190.63253784179688,3.4733893871307373
1,316,190.1359100341797,3.84912371635437
1,317,129.7936248779297,3.3051600456237793
1,318,70.56737518310547,2.223027229309082
1,319,275.87542724609375,3.6952762603759766
1,320,65.13746643066406,2.445952892303467
1,321,122.16724395751953,2.650172472000122
1,322,106.90034484863281,3.0437705516815186
1,323,77.4667739868164,2.396444797515869
1,324,129.5850830078125,2.880160093307495
1,325,142.3742218017578,2.8905749320983887
1,326,70.78914642333984,2.5884592533111572
1,327,8.603158950805664,1.0391080379486084
1,328,35.46621322631836,1.9792087078094482
1,329,111.84546661376953,2.3007876873016357
1,330,98.1896743774414,2.8516623973846436
1,331,100.50663757324219,2.9053211212158203
1,332,69.9736557006836,2.443103551864624
1,333,116.96674346923828,2.964553117752075
1,334,51.72821807861328,2.093329429626465
1,335,70.12164306640625,2.5620532035827637
1,336,92.34260559082031,2.839134454727173
1,337,111.1886978149414,3.0274829864501953
1,338,69.67729949951172,2.7668356895446777
1,339,185.27438354492188,3.965651512145996
1,340,82.8057861328125,2.9053449630737305
1,341,59.68926239013672,2.4597153663635254
1,342,125.84869384765625,3.4258110523223877
1,343,183.82620239257812,3.5691308975219727
1,344,99.84895324707031,2.3032097816467285
1,345,100.39917755126953,3.1158714294433594
1,346,81.38778686523438,2.239891767501831
1,347,23.909446716308594,1.6386641263961792
1,348,265.46221923828125,4.233238697052002
1,349,60.75795364379883,2.2896406650543213
1,350,62.072044372558594,2.306767463684082
1,351,53.975711822509766,2.0540287494659424
1,352,174.0922393798828,3.9479033946990967
1,353,121.26284790039062,2.751093864440918
1,354,78.54801940917969,2.512357711791992
1,355,90.80441284179688,2.8223369121551514
1,356,93.71981048583984,2.7798352241516113
1,357,207.88043212890625,4.219428539276123
1,358,85.00196838378906,2.6522445678710938
1,359,60.031394958496094,2.412822723388672
1,360,74.69791412353516,2.4696171283721924
1,361,128.22857666015625,3.0326952934265137
1,362,230.35260009765625,3.9663965702056885
1,363,65.88306427001953,2.6521129608154297
1,364,161.692138671875,2.705528736114502
1,365,40.7105827331543,1.9758031368255615
1,366,76.55361938476562,2.938595771789551
1,367,361.8681945800781,4.334562301635742
1,368,59.790687561035156,2.1330151557922363
1,369,149.53590393066406,3.3921968936920166
1,370,52.28174591064453,2.1195292472839355
1,371,110.28302764892578,2.8220465183258057
1,372,61.26142120361328,2.4142279624938965
1,373,89.9855728149414,2.6821749210357666
1,374,201.81317138671875,3.3354439735412598
1,375,50.5236701965332,2.2550230026245117
1,376,45.92418670654297,2.0623371601104736
1,377,103.23738098144531,3.2855799198150635
1,378,91.9149169921875,2.8844196796417236
1,379,50.53293991088867,2.445361614227295
1,380,13.43256664276123,1.4223732948303223
1,381,22.761184692382812,1.583370327949524
1,382,101.14351654052734,2.183182716369629
1,383,175.99172973632812,3.6308655738830566
1,384,144.64598083496094,3.444803476333618
1,385,105.24922180175781,3.3165247440338135
1,386,248.26742553710938,4.006275177001953
1,387,58.34804153442383,2.3390138149261475
1,388,100.78914642333984,3.06581449508667
1,389,125.2686996459961,3.143482208251953
1,390,139.00733947753906,3.1264219284057617
1,391,54.06726837158203,2.262180805206299
1,392,52.38351821899414,2.034924030303955
1,393,82.42510986328125,2.461345911026001
1,394,117.43118286132812,3.011688709259033
1,395,180.83291625976562,3.7947545051574707
1,396,54.9169921875,2.3205676078796387
1,397,70.9986343383789,2.6332859992980957
1,398,163.86251831054688,3.529310703277588
1,399,118.22755432128906,2.8116366863250732
1,400,294.94134521484375,4.367785453796387
1,401,59.324562072753906,2.3202455043792725
1,402,110.03060150146484,2.19157075881958
1,403,83.70248413085938,2.2060317993164062
1,404,134.4223175048828,2.4877090454101562
1,405,257.9833984375,4.677655220031738
1,406,90.65471649169922,2.9641475677490234
1,407,38.17826843261719,2.051461935043335
1,408,67.77037811279297,2.224583387374878
1,409,62.876224517822266,2.4420042037963867
1,410,40.5704345703125,1.9706461429595947
1,411,83.7142333984375,2.1053314208984375
1,412,17.01348304748535,1.1901419162750244
1,413,183.91441345214844,3.0978729724884033
1,414,36.169010162353516,2.0809850692749023
1,415,138.55221557617188,2.7595417499542236
1,416,22.392864227294922,1.7488481998443604
1,417,69.60108947753906,2.452457904815674
1,418,59.96004104614258,2.2636373043060303
1,419,116.50582885742188,3.165757417678833
1,420,46.42135238647461,2.01003098487854
1,421,178.5885009765625,2.8488497734069824
1,422,117.02396392822266,2.887904644012451
1,423,117.28656005859375,3.0385677814483643
1,424,134.93177795410156,2.7778406143188477
1,425,73.78459167480469,2.7000088691711426
1,426,48.46915817260742,2.37321400642395
1,427,199.04150390625,3.286769151687622
1,428,90.97352600097656,2.668649673461914
1,429,99.19247436523438,3.043668270111084
1,430,175.0254364013672,3.6506075859069824
1,431,196.58877563476562,4.201427459716797
1,432,31.271780014038086,1.6142841577529907
1,433,66.86460876464844,2.402386426925659
1,434,45.89875793457031,2.148033857345581
1,435,106.46633911132812,3.1272919178009033
1,436,58.95866394042969,2.548652410507202
1,437,65.61348724365234,2.579782485961914
1,438,17.54229736328125,1.621678113937378
1,439,117.31380462646484,2.3424787521362305
1,440,39.212249755859375,1.8246594667434692
1,441,82.01315307617188,2.443664073944092
1,442,149.95736694335938,2.9125585556030273
1,443,91.75048828125,2.8147661685943604
1,444,69.88092041015625,2.795886993408203
1,445,156.05198669433594,2.578882932662964
1,446,170.51573181152344,3.645130157470703
1,447,41.1649169921875,1.9142937660217285
1,448,34.02592468261719,2.1186165809631348
1,449,46.088722229003906,2.418821096420288
1,450,112.48819732666016,3.2957613468170166
1,451,31.98318862915039,2.1013498306274414
1,452,72.94400024414062,2.3143043518066406
1,453,179.2093963623047,3.771775484085083
1,454,25.9730281829834,1.9166500568389893
1,455,92.8446273803711,2.6902709007263184
1,456,15.026853561401367,1.543355107307434
1,457,102.67588806152344,2.8805432319641113
1,458,33.66219711303711,1.9588923454284668
1,459,49.497764587402344,2.3506507873535156
1,460,51.61666488647461,2.4694275856018066
1,461,66.97123718261719,2.6615965366363525
1,462,160.5725860595703,2.8121681213378906
1,463,170.89268493652344,3.885162115097046
1,464,183.39442443847656,3.686683416366577
1,465,131.2922821044922,2.6593375205993652
1,466,179.66917419433594,3.584355354309082
1,467,78.35882568359375,2.335069179534912
1,468,50.0988883972168,2.1442067623138428
1,469,173.75912475585938,2.7452738285064697
1,470,266.1475524902344,4.231521129608154
1,471,273.45745849609375,3.361037254333496
1,472,61.38079071044922,2.1570281982421875
1,473,122.90867614746094,3.0698800086975098
1,474,136.78338623046875,3.340054988861084
1,475,43.16667175292969,1.975760817527771
1,476,114.26406860351562,3.0127389430999756
1,477,94.30755615234375,2.7528936862945557
1,478,99.89883422851562,2.868687868118286
1,479,31.592710494995117,1.8849046230316162
1,480,48.577388763427734,2.279329538345337
1,481,33.15449905395508,1.8230136632919312
1,482,94.14714050292969,2.933990955352783
1,483,88.55052185058594,2.718233585357666
1,484,144.4453125,3.1755428314208984
1,485,33.63128662109375,1.49091374874115
1,486,75.3060302734375,2.448147773742676
1,487,47.41037368774414,2.3349084854125977
1,488,99.67125701904297,3.0866682529449463
1,489,27.938859939575195,1.8014885187149048
1,490,144.00140380859375,3.503920078277588
1,491,51.65442657470703,2.3045454025268555
1,492,62.32334899902344,2.609271287918091
1,493,37.55672836303711,1.992405652999878
1,494,78.60858917236328,2.8041176795959473
1,495,51.05336380004883,1.8680438995361328
1,496,22.547866821289062,1.846222162246704
1,497,153.8014373779297,3.479684829711914
1,498,51.672821044921875,2.1375207901000977
1,499,186.3463592529297,3.91794490814209
1,500,34.568050384521484,1.387181282043457
1,501,72.62782287597656,2.2475979328155518
1,502,96.39602661132812,2.8378703594207764
1,503,111.63575744628906,2.6819565296173096
1,504,68.06239318847656,2.8036227226257324
1,505,81.07615661621094,2.9805192947387695
1,506,99.3072738647461,3.0913033485412598
1,507,73.18365478515625,2.167167901992798
1,508,88.55278015136719,2.6584315299987793
1,509,71.98858642578125,2.5323002338409424
1,510,23.467191696166992,1.4251656532287598
1,511,69.31230163574219,2.728827476501465
1,512,71.91874694824219,2.606015205383301
1,513,21.986024856567383,1.4471882581710815
1,514,95.07276916503906,2.7986433506011963
1,515,175.04859924316406,3.54111385345459
1,516,309.5769958496094,4.26289176940918
1,517,47.33416748046875,2.0565874576568604
1,518,23.524993896484375,1.548331618309021
1,519,79.3659439086914,2.532470703125
1,520,57.25311279296875,2.5330607891082764
1,521,68.6296157836914,2.506913185119629
1,522,166.13059997558594,3.8763232231140137
1,523,46.285606384277344,2.209059000015259
1,524,46.13180923461914,2.0522899627685547
1,525,34.836368560791016,1.7430001497268677
1,526,97.48284149169922,2.687284469604492
1,527,20.72987937927246,1.4497482776641846
1,528,102.6219711303711,2.447171688079834
1,529,87.42832946777344,2.6084375381469727
1,530,178.19393920898438,2.8374576568603516
1,531,133.70352172851562,3.24539852142334
1,532,84.22177124023438,2.624373435974121
1,533,93.27421569824219,2.792234182357788
1,534,57.120140075683594,2.2220468521118164
1,535,73.470947265625,2.1181116104125977
1,536,49.20521545410156,1.9624979496002197
1,537,115.87371826171875,3.06547212600708
1,538,110.72102355957031,2.5643584728240967
1,539,45.15190124511719,2.056334972381592
1,540,49.75156784057617,2.5234999656677246
1,541,195.31784057617188,3.980588436126709
1,542,91.50545501708984,2.8793888092041016
1,543,58.58021545410156,2.2914061546325684
1,544,81.80348205566406,2.238483428955078
1,545,107.91436767578125,3.0866730213165283
1,546,58.4497184753418,2.2876229286193848
1,547,40.377750396728516,2.2046918869018555
1,548,106.46002960205078,2.669053316116333
1,549,47.95020294189453,2.23417329788208
1,550,104.17037963867188,3.2878317832946777
1,551,75.80321502685547,2.50022554397583
1,552,88.49259185791016,2.9298062324523926
1,553,65.84904479980469,2.5767548084259033
1,554,101.015380859375,2.9479503631591797
1,555,64.0502700805664,2.561089515686035
1,556,168.32901000976562,3.7917490005493164
1,557,93.24297332763672,2.031632900238037
1,558,110.44496154785156,2.8740687370300293
1,559,105.19446563720703,2.6833763122558594
1,560,123.49918365478516,3.3674347400665283
1,561,198.7688446044922,4.198636054992676
1,562,61.970130920410156,2.4558963775634766
1,563,139.78428649902344,3.1937503814697266
1,564,100.26129913330078,3.1582374572753906
1,565,122.28358459472656,3.402637004852295
1,566,48.916908264160156,2.134915351867676
1,567,105.69233703613281,2.9880223274230957
1,568,61.057132720947266,2.53822660446167
1,569,152.6943359375,3.4602787494659424
1,570,57.33233642578125,2.489377975463867
1,571,30.483041763305664,1.750176191329956
1,572,32.984195709228516,1.4807980060577393
1,573,128.9581756591797,3.2644877433776855
1,574,64.03357696533203,2.2847795486450195
1,575,35.60292053222656,1.8210763931274414
1,576,53.843563079833984,2.4556572437286377
1,577,22.52490997314453,1.8589460849761963
1,578,174.7145538330078,3.380148410797119
1,579,246.30601501464844,4.320250511169434
1,580,46.49182891845703,2.158794403076172
1,581,67.59388732910156,2.165886163711548
1,582,140.10179138183594,2.4293923377990723
1,583,22.393978118896484,1.4998260736465454
1,584,132.79629516601562,3.142273426055908
1,585,97.03596496582031,2.8864083290100098
1,586,51.475852966308594,2.4788126945495605
1,587,82.66853332519531,2.701817035675049
1,588,242.62432861328125,4.157484531402588
1,589,68.9596939086914,2.383646011352539
1,590,76.7426528930664,2.4898977279663086
1,591,136.42684936523438,3.3492069244384766
1,592,139.3703155517578,3.517670154571533
1,593,52.098350524902344,2.0920045375823975
1,594,45.215782165527344,2.2223427295684814
1,595,148.85858154296875,2.924832820892334
1,596,71.30829620361328,2.5553977489471436
1,597,83.81527709960938,2.535959005355835
1,598,91.72663116455078,3.0511634349823
1,599,75.73635864257812,2.618659257888794
1,600,32.80680847167969,1.7760066986083984
1,601,127.00711059570312,3.4088804721832275
1,602,55.963111877441406,2.3994619846343994
1,603,176.67535400390625,3.0598247051239014
1,604,77.77574920654297,2.6648802757263184
1,605,65.01953125,2.5870769023895264
1,606,60.90537643432617,2.553650379180908
1,607,79.30661010742188,2.9161529541015625
1,608,59.9464225769043,2.6172468662261963
1,609,35.53313064575195,2.1690292358398438
1,610,57.34622573852539,2.1666648387908936
1,611,23.96710777282715,1.804731845855713
1,612,135.86915588378906,2.7429940700531006
1,613,36.10441970825195,1.8960464000701904
1,614,41.317100524902344,2.2462284564971924
1,615,178.34194946289062,3.7821805477142334
1,616,111.05850219726562,2.8843226432800293
1,617,161.28269958496094,3.7760491371154785
1,618,62.476078033447266,2.2389817237854004
1,619,65.36072540283203,2.3478283882141113
1,620,139.5503692626953,2.187204122543335
1,621,65.1053466796875,2.379182815551758
1,622,98.32086181640625,3.1095354557037354
1,623,20.360671997070312,1.5685220956802368
1,624,90.768310546875,2.7254624366760254
1,625,81.89447784423828,2.1405067443847656
1,626,53.286521911621094,2.0240609645843506
1,627,72.53441619873047,2.4559097290039062
1,628,165.44847106933594,3.0433783531188965
1,629,214.3136749267578,3.4248716831207275
1,630,41.36017990112305,1.953117847442627
1,631,98.872802734375,2.9910027980804443
1,632,124.56001281738281,3.3098559379577637
1,633,93.83145141601562,2.952868938446045
1,634,43.47445297241211,2.1344830989837646
1,635,31.758949279785156,2.03306245803833
1,636,63.08998107910156,2.5271353721618652
1,637,89.32278442382812,3.040309190750122
1,638,100.56890869140625,2.8775901794433594
1,639,75.81617736816406,2.91660737991333
1,640,44.91156768798828,2.2124266624450684
1,641,73.103515625,2.5318195819854736
1,642,58.74555206298828,2.2499537467956543
1,643,94.13948822021484,3.0910792350769043
1,644,130.1559295654297,2.8636293411254883
1,645,35.90301513671875,2.145251512527466
1,646,209.54713439941406,3.370610475540161
1,647,30.084232330322266,1.9245538711547852
1,648,97.32537078857422,3.1214003562927246
1,649,46.58710479736328,2.2346725463867188
1,650,72.44449615478516,2.619880437850952
1,651,102.52592468261719,2.876788854598999
1,652,151.90248107910156,3.660846710205078
1,653,76.77682495117188,2.266294240951538
1,654,114.63252258300781,3.0809130668640137
1,655,73.87014770507812,2.7082202434539795
1,656,71.91094207763672,2.4578402042388916
1,657,36.619441986083984,1.9098560810089111
1,658,207.5625457763672,3.8937106132507324
1,659,62.27333450317383,2.636364221572876
1,660,209.49862670898438,3.940089464187622
1,661,32.01319885253906,2.0662484169006348
1,662,179.31581115722656,3.287196159362793
1,663,116.79988861083984,3.2145819664001465
1,664,112.79261016845703,3.4086616039276123
1,665,57.572235107421875,2.6773571968078613
1,666,87.50216674804688,3.0073750019073486
1,667,87.6268081665039,2.8622522354125977
1,668,136.58816528320312,2.4746134281158447
1,669,170.69540405273438,3.4959750175476074
1,670,82.83744812011719,2.641486883163452
1,671,63.59901809692383,2.371713638305664
1,672,82.21043395996094,2.81817364692688
1,673,93.40602111816406,2.312267780303955
1,674,140.65621948242188,3.0505049228668213
1,675,52.90458297729492,2.069396734237671
1,676,297.233154296875,4.930966377258301
1,677,66.2189712524414,2.717426300048828
1,678,45.73712921142578,2.0555636882781982
1,679,44.368980407714844,2.076256275177002
1,680,142.46121215820312,3.3361048698425293
1,681,95.89397430419922,2.790532112121582
1,682,62.37053680419922,2.2511653900146484
1,683,140.89720153808594,3.3136799335479736
1,684,103.85562133789062,2.7706992626190186
1,685,49.255821228027344,2.2990047931671143
1,686,31.013540267944336,1.980980634689331
1,687,61.687950134277344,2.5196118354797363
1,688,57.461692810058594,2.4038991928100586
1,689,122.26224517822266,3.002843141555786
1,690,58.2830696105957,1.807155966758728
1,691,405.22540283203125,4.781198024749756
1,692,44.66085433959961,1.799644112586975
1,693,114.64305114746094,3.2275900840759277
1,694,87.54190063476562,2.847482442855835
1,695,87.6702651977539,2.376701593399048
1,696,92.45126342773438,2.7426908016204834
1,697,140.0890350341797,3.189197540283203
1,698,71.67272186279297,2.4504847526550293
1,699,89.65486145019531,3.0082898139953613
1,700,67.71159362792969,2.3108091354370117
1,701,43.32537841796875,2.2140345573425293
1,702,27.269912719726562,2.0309484004974365
1,703,61.562660217285156,2.5477395057678223
1,704,43.28786849975586,2.255887985229492
1,705,47.787445068359375,2.486839771270752
1,706,71.20220184326172,2.628614664077759
1,707,309.5203857421875,4.456993103027344
1,708,138.64059448242188,3.647857666015625
1,709,53.464630126953125,2.6179258823394775
1,710,114.85784912109375,3.171746253967285
1,711,106.56886291503906,3.2965123653411865
1,712,155.24954223632812,3.3385848999023438
1,713,114.29176330566406,3.4389383792877197
1,714,36.69731140136719,1.8382235765457153
1,715,103.92033386230469,3.022674083709717
1,716,65.68017578125,2.6635584831237793
1,717,101.4329605102539,2.9903998374938965
1,718,111.2208480834961,2.7687649726867676
1,719,31.17422103881836,2.183272361755371
1,720,42.67634963989258,1.924145221710205
1,721,35.1226921081543,1.860477089881897
1,722,57.77165985107422,2.548532724380493
1,723,72.65179443359375,2.539705753326416
1,724,299.6354064941406,4.810559272766113
1,725,163.36753845214844,3.8864188194274902
1,726,78.72469329833984,2.584737539291382
1,727,193.38169860839844,3.8493459224700928
1,728,55.42621612548828,2.533217430114746
1,729,48.50165557861328,2.1437129974365234
1,730,44.50476837158203,1.9756872653961182
1,731,78.02439880371094,2.3500185012817383
1,732,54.01405334472656,1.8988388776779175
1,733,92.29024505615234,3.198248863220215
1,734,44.466896057128906,2.397277355194092
1,735,61.773590087890625,2.4117701053619385
1,736,215.4258575439453,3.553961992263794
1,737,57.460514068603516,2.1541285514831543
1,738,43.03171157836914,2.1528520584106445
1,739,48.69605255126953,2.0080974102020264
1,740,111.7511978149414,2.981105089187622
1,741,108.42811584472656,3.213871955871582
1,742,157.25892639160156,3.781463384628296
1,743,47.91514205932617,2.208026647567749
1,744,256.891357421875,4.306294918060303
1,745,238.8979949951172,3.420551300048828
1,746,96.22428894042969,2.6885952949523926
1,747,73.23260498046875,2.839833974838257
1,748,40.30070877075195,2.002018928527832
1,749,136.79898071289062,3.1162068843841553
1,750,23.903316497802734,1.4564695358276367
1,751,64.25007629394531,2.3542985916137695
1,752,30.42922019958496,1.9702497720718384
1,753,54.28422164916992,2.4627270698547363
1,754,36.320953369140625,1.733623743057251
1,755,27.056915283203125,1.6857051849365234
1,756,53.42460632324219,2.1699564456939697
1,757,68.7712173461914,2.725131034851074
1,758,150.25067138671875,3.7121427059173584
1,759,136.251953125,3.1159324645996094
1,760,92.16747283935547,2.466912269592285
1,761,158.08714294433594,3.783761978149414
1,762,21.866079330444336,1.5277730226516724
1,763,104.63597869873047,2.8584225177764893
1,764,106.8018569946289,2.9532108306884766
1,765,73.3490982055664,2.4043846130371094
1,766,205.43109130859375,3.8830971717834473
1,767,137.83645629882812,3.6189064979553223
1,768,81.88346099853516,2.687251329421997
1,769,201.8383331298828,4.076145648956299
1,770,18.952531814575195,1.669701337814331
1,771,117.1189193725586,3.234102725982666
1,772,50.43829345703125,2.2188873291015625
1,773,97.97589874267578,2.6467185020446777
1,774,66.46841430664062,2.629350185394287
1,775,47.710968017578125,2.3334341049194336
1,776,146.82093811035156,3.370556354522705
1,777,60.24417495727539,2.0134029388427734
1,778,100.43282318115234,2.9789645671844482
1,779,35.4444580078125,2.018915891647339
1,780,118.85853576660156,3.311934232711792
1,781,57.38421630859375,2.1706619262695312
1,782,102.34037017822266,2.953888416290283
1,783,134.0083465576172,3.3675386905670166
1,784,32.13347244262695,1.833561658859253
1,785,157.6865997314453,3.7069811820983887
1,786,109.5772705078125,2.830106496810913
1,787,102.23522186279297,2.9416909217834473
1,788,40.56256866455078,2.0042431354522705
1,789,36.23212432861328,1.9357541799545288
1,790,87.20821380615234,2.7643508911132812
1,791,53.89144515991211,2.717106342315674
1,792,317.1878356933594,4.386200428009033
1,793,65.01275634765625,2.5882537364959717
1,794,58.644622802734375,2.616393566131592
1,795,83.54164123535156,2.269015073776245
1,796,49.955352783203125,2.536573886871338
1,797,70.55717468261719,2.293123722076416
1,798,43.457786560058594,2.2286925315856934
1,799,95.84120178222656,3.1997923851013184
1,800,65.2619857788086,2.4243414402008057
1,801,73.83698272705078,2.5824854373931885
1,802,67.91240692138672,2.792445659637451
1,803,102.7813949584961,2.7481653690338135
1,804,49.87519454956055,2.436336040496826
1,805,54.374088287353516,2.2815046310424805
1,806,87.8031005859375,2.6921873092651367
1,807,18.444046020507812,1.3675358295440674
1,808,96.99124908447266,2.615863561630249
1,809,151.791015625,3.1832404136657715
1,810,18.551895141601562,1.5321569442749023
1,811,29.083642959594727,1.6963850259780884
1,812,104.17584228515625,3.0078113079071045
1,813,52.02375030517578,2.4919633865356445
1,814,68.97000122070312,2.282698392868042
1,815,111.07215118408203,3.0315310955047607
1,816,31.75468635559082,1.721902847290039
1,817,182.61477661132812,3.4023044109344482
1,818,97.93215942382812,2.142740249633789
1,819,145.752197265625,3.4061269760131836
1,820,60.82597351074219,2.5435853004455566
1,821,107.48887634277344,2.984959125518799
1,822,196.0575714111328,4.121265411376953
1,823,58.5521125793457,2.3518805503845215
1,824,24.927703857421875,1.6441938877105713
1,825,87.56570434570312,2.879826068878174
1,826,69.81315612792969,2.507532835006714
1,827,84.75934600830078,2.65478515625
1,828,23.454378128051758,1.9108855724334717
1,829,81.3597412109375,2.652924060821533
1,830,136.91310119628906,3.272839069366455
1,831,114.88712310791016,3.097005844116211
1,832,70.2824935913086,2.664048194885254
1,833,106.62351989746094,2.885763168334961
1,834,70.03860473632812,2.2746729850769043
1,835,54.71540451049805,2.3482189178466797
1,836,100.7430648803711,3.011484146118164
1,837,323.28759765625,3.5336053371429443
1,838,50.14230728149414,2.3630990982055664
1,839,44.78673553466797,1.7728017568588257
1,840,110.86567687988281,2.983330011367798
1,841,145.61109924316406,3.3664050102233887
1,842,79.63495635986328,2.423489809036255
1,843,69.42095947265625,2.6788997650146484
1,844,53.04769515991211,2.4796347618103027
1,845,101.28435516357422,2.658284902572632
1,846,53.241973876953125,2.6947202682495117
1,847,132.07205200195312,3.110750436782837
1,848,50.566429138183594,2.2009658813476562
1,849,50.00431823730469,2.346170663833618
1,850,34.98834991455078,1.9004199504852295
1,851,125.17507934570312,2.9603962898254395
1,852,122.0974349975586,2.9632043838500977
1,853,215.74258422851562,3.943427562713623
1,854,163.96157836914062,3.0487513542175293
1,855,33.03264236450195,1.8019392490386963
1,856,99.95414733886719,2.843003749847412
1,857,92.86722564697266,2.840043783187866
1,858,63.37862014770508,2.2172298431396484
1,859,70.03069305419922,2.4983386993408203
1,860,49.78382873535156,2.180820941925049
1,861,73.93132019042969,2.623856782913208
1,862,53.01411819458008,1.9557843208312988
1,863,51.59906005859375,2.3515939712524414
1,864,85.66554260253906,2.621872663497925
1,865,32.05613327026367,1.8059747219085693
1,866,76.5662841796875,2.5436737537384033
1,867,95.48509216308594,3.087841510772705
1,868,52.20787811279297,2.501372814178467
1,869,39.65111541748047,2.02046537399292
1,870,155.0410919189453,3.1394734382629395
1,871,179.86839294433594,3.9014065265655518
1,872,53.75461196899414,2.232771873474121
1,873,141.3382568359375,2.961772918701172
1,874,52.364166259765625,2.4533965587615967
1,875,150.35488891601562,3.228297472000122
1,876,68.7589111328125,2.710852861404419
1,877,115.66641998291016,3.3297853469848633
1,878,118.0468978881836,2.747918128967285
1,879,112.80844116210938,2.743290901184082
1,880,48.51404571533203,1.9814107418060303
1,881,77.87527465820312,2.674701690673828
1,882,146.55967712402344,3.807509422302246
1,883,119.95256805419922,3.360074996948242
1,884,101.85807800292969,2.7809085845947266
1,885,90.98689270019531,2.4167416095733643
1,886,57.92704772949219,2.3165736198425293
1,887,73.85863494873047,2.047898530960083
1,888,139.18495178222656,3.42954158782959
1,889,165.0997772216797,3.7854456901550293
1,890,110.75531005859375,3.066051483154297
1,891,29.00214385986328,1.7983455657958984
1,892,63.62097930908203,2.430196523666382
1,893,44.08096694946289,2.112257957458496
1,894,63.61564254760742,2.49615478515625
1,895,115.08951568603516,2.508394718170166
1,896,76.78468322753906,2.442291259765625
1,897,55.29872131347656,2.315199375152588
1,898,189.60867309570312,4.053194522857666
1,899,188.01272583007812,3.309088706970215
1,900,135.9488525390625,3.5601646900177
1,901,47.987693786621094,2.2031517028808594
1,902,177.94564819335938,3.1457629203796387
1,903,90.52085876464844,2.5213401317596436
1,904,127.34379577636719,3.1471402645111084
1,905,83.81689453125,2.7031044960021973
1,906,88.53939819335938,3.078794479370117
1,907,58.35525131225586,2.004067897796631
1,908,238.58087158203125,4.1356401443481445
1,909,165.2370147705078,3.9142541885375977
1,910,129.1874542236328,3.3108363151550293
1,911,176.1329803466797,3.3144564628601074
1,912,166.67263793945312,3.1427440643310547
1,913,115.42906951904297,3.2266533374786377
1,914,57.337913513183594,2.398332118988037
1,915,94.2439956665039,2.537445068359375
1,916,137.92037963867188,3.4472849369049072
1,917,47.369468688964844,2.406625986099243
1,918,307.29595947265625,5.161355018615723
1,919,193.9365997314453,4.149681568145752
1,920,18.796123504638672,1.5364466905593872
1,921,76.37648010253906,2.8517255783081055
1,922,80.7861328125,2.6923434734344482
1,923,151.04281616210938,2.853116750717163
1,924,159.95947265625,3.689223051071167
1,925,55.52033233642578,2.628044843673706
1,926,95.66273498535156,2.702779531478882
1,927,42.983787536621094,2.208953380584717
1,928,89.55187225341797,3.0684731006622314
1,929,167.65667724609375,3.549579381942749
1,930,109.78907775878906,2.8544182777404785
1,931,34.931156158447266,2.018826484680176
1,932,43.80711364746094,2.0073468685150146
1,933,102.85304260253906,2.801574468612671
1,934,262.5224609375,4.464875221252441
1,935,48.90593338012695,2.0492730140686035
1,936,65.8739013671875,2.3662872314453125
1,937,123.34136962890625,3.088712692260742
1,938,114.61715698242188,3.3182358741760254
1,939,58.318843841552734,2.0900697708129883
1,940,353.6905822753906,5.339930057525635
1,941,208.172119140625,4.04977560043335
1,942,102.66834259033203,3.153839588165283
1,943,75.49449920654297,2.5531952381134033
1,944,141.38330078125,2.9842123985290527
1,945,68.20352172851562,2.6964645385742188
1,946,98.90833282470703,3.0449130535125732
1,947,52.12699508666992,2.4080495834350586
1,948,49.400325775146484,2.379852294921875
1,949,42.70819091796875,2.027735948562622
1,950,19.38204002380371,1.5284010171890259
1,951,107.15790557861328,2.9934654235839844
1,952,28.119552612304688,1.6491564512252808
1,953,77.71337127685547,2.884552478790283
1,954,88.42416381835938,2.9703774452209473
1,955,77.73440551757812,2.438753604888916
1,956,59.027137756347656,2.346559524536133
1,957,95.72399139404297,2.7836830615997314
1,958,105.93482971191406,2.574284553527832
1,959,72.55186462402344,2.324549674987793
1,960,89.6787338256836,2.803675651550293
1,961,131.1092987060547,3.277024030685425
1,962,120.3221664428711,3.3397672176361084
1,963,152.44383239746094,3.3465023040771484
1,964,111.92047119140625,3.2353858947753906
1,965,64.60711669921875,2.4879109859466553
1,966,109.96282196044922,3.195692777633667
1,967,78.97016906738281,2.5869507789611816
1,968,130.25218200683594,3.0686333179473877
1,969,38.88483810424805,1.6612262725830078
1,970,51.20912170410156,1.7995948791503906
1,971,68.233642578125,2.482213020324707
1,972,146.21658325195312,2.933043956756592
1,973,99.78447723388672,2.5083351135253906
1,974,60.16408157348633,2.2797722816467285
1,975,167.91717529296875,3.3928935527801514
1,976,76.6992416381836,2.0024640560150146
1,977,84.45911407470703,2.9874777793884277
1,978,119.5155029296875,3.235929012298584
1,979,64.61619567871094,2.4323105812072754
1,980,48.58123016357422,1.9175546169281006
1,981,359.7882995605469,4.8059539794921875
1,982,28.192047119140625,1.864452600479126
1,983,93.11699676513672,3.068666458129883
1,984,52.99586868286133,2.553577423095703
1,985,85.83116149902344,2.531036853790283
1,986,56.96171569824219,2.1644957065582275
1,987,100.37207794189453,2.459153413772583
1,988,93.53178405761719,2.6975417137145996
1,989,31.294273376464844,1.7588191032409668
1,990,63.755088806152344,2.58457088470459
1,991,131.68821716308594,2.762709140777588
1,992,58.542049407958984,2.1531460285186768
1,993,101.65850830078125,3.0438380241394043
1,994,85.82705688476562,2.843641996383667
1,995,38.6912956237793,2.1127302646636963
1,996,64.68341064453125,2.545525074005127
1,997,53.771514892578125,2.156442880630493
1,998,108.0970687866211,3.0846714973449707
1,999,71.9552993774414,2.9715821743011475
1,1000,164.42877197265625,4.193212509155273
1,1001,132.08721923828125,3.586839437484741
1,1002,73.98208618164062,2.782637596130371
1,1003,310.1768798828125,4.4488844871521
1,1004,101.48140716552734,3.147068977355957
1,1005,117.63739013671875,2.8577117919921875
1,1006,122.30804443359375,2.8526968955993652
1,1007,26.542449951171875,1.6489758491516113
1,1008,92.83422088623047,2.9248971939086914
1,1009,230.6487274169922,4.150753021240234
1,1010,50.34666442871094,2.1769282817840576
1,1011,33.65217590332031,2.0824532508850098
1,1012,49.8018684387207,1.9202061891555786
1,1013,23.720861434936523,1.8910324573516846
1,1014,81.94676208496094,2.7191121578216553
1,1015,30.798919677734375,1.699862003326416
1,1016,26.213512420654297,1.5582677125930786
1,1017,38.12081527709961,1.9306721687316895
1,1018,35.935546875,2.0004806518554688
1,1019,15.483299255371094,1.5870952606201172
1,1020,72.2858657836914,2.490579843521118
1,1021,56.66615295410156,1.9550292491912842
1,1022,226.565185546875,4.097600936889648
1,1023,109.54771423339844,3.2492377758026123
1,1024,32.017250061035156,1.8383209705352783
1,1025,112.12864685058594,2.6726455688476562
1,1026,26.122665405273438,1.443408489227295
1,1027,131.73582458496094,3.5734994411468506
1,1028,63.279685974121094,2.5264081954956055
1,1029,117.35163879394531,2.9657082557678223
1,1030,57.36757278442383,2.3452277183532715
1,1031,33.84161376953125,1.8067278861999512
1,1032,54.80009078979492,2.019207239151001
1,1033,99.53941345214844,3.421694040298462
1,1034,62.356014251708984,2.4819726943969727
1,1035,55.40510940551758,2.354646682739258
1,1036,113.59471130371094,2.63187313079834
1,1037,72.51517486572266,2.3621010780334473
1,1038,50.078731536865234,2.313194513320923
1,1039,28.908288955688477,1.5236458778381348
1,1040,78.10987091064453,2.513648509979248
1,1041,47.42414855957031,2.1869702339172363
1,1042,26.710107803344727,1.7593119144439697
1,1043,60.0023193359375,2.5688905715942383
1,1044,150.33306884765625,3.4846134185791016
1,1045,126.92064666748047,3.3399295806884766
1,1046,111.35165405273438,2.6446685791015625
1,1047,131.8597869873047,2.6079699993133545
1,1048,76.29561614990234,2.6660473346710205
1,1049,90.36395263671875,2.6500844955444336
1,1050,77.53899383544922,2.7084670066833496
1,1051,124.57664489746094,3.2938215732574463
1,1052,106.94319915771484,2.8027291297912598
1,1053,65.48722839355469,2.2473440170288086
1,1054,56.920448303222656,2.4320709705352783
1,1055,54.904640197753906,2.2759218215942383
1,1056,66.22364807128906,2.2976672649383545
1,1057,169.24717712402344,3.362278461456299
1,1058,44.09935760498047,2.1478891372680664
1,1059,21.910911560058594,1.8549489974975586
1,1060,127.83283996582031,3.1966426372528076
1,1061,84.44356536865234,3.084404945373535
1,1062,109.28778839111328,2.44994854927063
1,1063,88.58821105957031,2.7030224800109863
1,1064,59.31970977783203,2.2478675842285156
1,1065,109.01307678222656,3.313032865524292
1,1066,146.724365234375,3.5774383544921875
1,1067,322.9594421386719,4.5814080238342285
1,1068,63.06371307373047,2.1210427284240723
1,1069,144.04132080078125,2.9193005561828613
1,1070,209.07232666015625,3.5093860626220703
1,1071,116.1378173828125,3.0511889457702637
1,1072,84.41090393066406,2.111891031265259
1,1073,116.7209701538086,2.84171724319458
1,1074,58.368221282958984,2.469654083251953
1,1075,72.863525390625,2.627683639526367
1,1076,169.67706298828125,3.302011728286743
1,1077,185.74620056152344,3.5017826557159424
1,1078,84.15681457519531,3.0059585571289062
1,1079,117.26066589355469,2.7028493881225586
1,1080,34.52949905395508,1.960476040840149
1,1081,135.77491760253906,3.463193416595459
1,1082,23.160146713256836,1.6160309314727783
1,1083,40.307891845703125,2.259582281112671
1,1084,41.49657440185547,1.9789432287216187
1,1085,111.20360565185547,2.8688735961914062
1,1086,57.287994384765625,2.627708673477173
1,1087,93.2145767211914,3.050518274307251
1,1088,32.410545349121094,2.0204391479492188
1,1089,177.19369506835938,3.6634764671325684
1,1090,54.6409912109375,2.4574007987976074
1,1091,78.80528259277344,2.8625400066375732
1,1092,28.575469970703125,1.8448278903961182
1,1093,72.88558197021484,2.7865970134735107
1,1094,82.1758804321289,2.3820905685424805
1,1095,18.792377471923828,1.7605502605438232
1,1096,77.30562591552734,2.323359966278076
1,1097,73.7408676147461,2.483950138092041
1,1098,98.52197265625,2.628903388977051
1,1099,67.35077667236328,2.367062568664551
1,1100,162.88653564453125,3.7001163959503174
1,1101,85.97087860107422,2.8731155395507812
1,1102,84.72530364990234,2.500624656677246
1,1103,112.81127166748047,2.7056989669799805
1,1104,108.69121551513672,3.309499740600586
1,1105,132.65347290039062,3.1652321815490723
1,1106,123.4591064453125,2.7721476554870605
1,1107,65.44908142089844,2.565488338470459
1,1108,37.17509841918945,1.6763554811477661
1,1109,51.6343879699707,2.421203851699829
1,1110,155.8312225341797,3.536661148071289
1,1111,52.874324798583984,2.1416690349578857
1,1112,42.1170654296875,2.0953521728515625
1,1113,33.25986099243164,2.152371406555176
1,1114,45.30063247680664,1.7548314332962036
1,1115,71.83613586425781,2.789104461669922
1,1116,51.43512725830078,2.380631923675537
1,1117,42.418094635009766,1.7520965337753296
1,1118,217.40972900390625,3.9365129470825195
1,1119,206.99697875976562,4.406241416931152
1,1120,30.708946228027344,1.7989253997802734
1,1121,203.32745361328125,4.399686813354492
1,1122,29.953529357910156,1.6590425968170166
1,1123,36.57404708862305,2.169785737991333
1,1124,35.558345794677734,2.0478029251098633
1,1125,109.71173095703125,3.080361843109131
1,1126,52.13615036010742,2.237992763519287
1,1127,54.46744155883789,2.392918586730957
1,1128,79.20856475830078,2.7484238147735596
1,1129,25.219057083129883,1.5648304224014282
1,1130,48.60358428955078,2.3664438724517822
1,1131,30.408916473388672,1.8295581340789795
1,1132,142.6741180419922,2.62650728225708
1,1133,195.08648681640625,3.6207380294799805
1,1134,59.38713836669922,2.347191333770752
1,1135,62.639930725097656,2.614058494567871
1,1136,92.32475280761719,3.127328872680664
1,1137,71.8255844116211,2.3948230743408203
1,1138,48.90023422241211,2.159167766571045
1,1139,161.97720336914062,3.248432159423828
1,1140,49.08012390136719,2.1352875232696533
1,1141,50.331153869628906,2.050300359725952
1,1142,32.46118927001953,1.8728256225585938
1,1143,151.38845825195312,3.5133280754089355
1,1144,80.08161163330078,2.7432422637939453
1,1145,89.84485626220703,2.491050958633423
1,1146,88.25341796875,2.8610711097717285
1,1147,73.74205017089844,2.717351198196411
1,1148,60.69037628173828,2.738701820373535
1,1149,72.14485168457031,2.7962217330932617
1,1150,59.487548828125,1.922428846359253
1,1151,86.43209075927734,2.859363555908203
1,1152,43.327911376953125,2.3539977073669434
1,1153,59.50491714477539,2.2910027503967285
1,1154,25.716712951660156,1.5718603134155273
1,1155,96.56563568115234,2.755803346633911
1,1156,41.88494873046875,2.1215529441833496
1,1157,58.3849983215332,2.5029311180114746
1,1158,143.7197265625,3.84177827835083
1,1159,44.30427551269531,1.9345334768295288
1,1160,144.05490112304688,3.291696548461914
1,1161,89.34278869628906,2.7408487796783447
1,1162,77.56964111328125,2.523535966873169
1,1163,37.70372772216797,1.8887455463409424
1,1164,34.341094970703125,1.7736445665359497
1,1165,124.37398529052734,2.612879514694214
1,1166,79.06901550292969,2.951451301574707
1,1167,102.2111587524414,2.7373530864715576
1,1168,37.20524215698242,2.008314371109009
1,1169,76.24824523925781,2.8408825397491455
1,1170,82.870849609375,2.913358449935913
1,1171,45.018795013427734,1.9339200258255005
1,1172,54.625633239746094,2.1145029067993164
1,1173,55.73583984375,2.4368457794189453
1,1174,32.59784698486328,1.4903701543807983
1,1175,112.80764770507812,2.914034843444824
1,1176,108.45973205566406,3.4130072593688965
1,1177,44.1740608215332,2.243699550628662
1,1178,153.48141479492188,3.4356513023376465
1,1179,55.388160705566406,2.092010021209717
1,1180,165.29151916503906,3.5750508308410645
1,1181,43.5117301940918,2.1594414710998535
1,1182,53.69483184814453,2.243468999862671
1,1183,95.88468170166016,2.7541184425354004
1,1184,47.392181396484375,2.2440621852874756
1,1185,122.40049743652344,3.3401570320129395
1,1186,137.1835174560547,3.124884605407715
1,1187,218.60311889648438,3.8984036445617676
1,1188,40.38614273071289,2.0407252311706543
1,1189,134.5174102783203,3.1740503311157227
1,1190,95.640625,2.8181583881378174
1,1191,51.80817794799805,2.0977048873901367
1,1192,76.04518127441406,2.7081716060638428
1,1193,37.85202407836914,2.0243539810180664
1,1194,109.41401672363281,2.93106746673584
1,1195,81.6249771118164,2.9468674659729004
1,1196,23.600208282470703,1.7776644229888916
1,1197,98.93000030517578,2.991830348968506
1,1198,67.47379302978516,2.121701240539551
1,1199,89.65342712402344,3.0382680892944336
1,1200,115.97152709960938,2.762434720993042
1,1201,60.49323272705078,2.4532840251922607
1,1202,183.20474243164062,3.6257948875427246
1,1203,110.92797088623047,3.1367506980895996
1,1204,81.49444580078125,2.6159415245056152
1,1205,164.44680786132812,3.3569040298461914
1,1206,21.26357650756836,1.4409290552139282
1,1207,28.240201950073242,1.7446614503860474
1,1208,80.80836486816406,2.866605043411255
1,1209,89.68942260742188,2.8401713371276855
1,1210,119.8344497680664,2.7253756523132324
1,1211,114.8556137084961,3.370828866958618
1,1212,82.49791717529297,2.5036983489990234
1,1213,126.80024719238281,3.1712021827697754
1,1214,83.7231216430664,2.488630533218384
1,1215,57.93230056762695,2.329887866973877
1,1216,77.41383361816406,2.531771659851074
1,1217,46.430973052978516,2.2648158073425293
1,1218,27.8649845123291,1.861804723739624
1,1219,90.69593811035156,2.8317596912384033
1,1220,60.44482421875,2.4008195400238037
1,1221,82.67298889160156,2.4244377613067627
1,1222,58.40822982788086,2.0828895568847656
1,1223,108.52239990234375,2.6975746154785156
1,1224,34.936222076416016,1.8615996837615967
1,1225,43.59251022338867,2.0776519775390625
1,1226,32.953147888183594,1.6524684429168701
1,1227,69.43719482421875,2.155228853225708
1,1228,15.014609336853027,1.494197130203247
1,1229,96.8167495727539,2.7460222244262695
1,1230,91.00469207763672,2.8915364742279053
1,1231,67.77535247802734,2.436152458190918
1,1232,124.57200622558594,2.8233494758605957
1,1233,108.59380340576172,2.9795632362365723
1,1234,82.97239685058594,2.6801323890686035
1,1235,110.78052520751953,2.879359245300293
1,1236,143.19366455078125,2.3615975379943848
1,1237,97.2988510131836,2.2799553871154785
1,1238,115.32174682617188,2.8506903648376465
1,1239,108.42967987060547,2.9655637741088867
1,1240,39.474693298339844,1.9066271781921387
1,1241,137.55381774902344,3.2133610248565674
1,1242,67.12117004394531,2.3468196392059326
1,1243,52.415794372558594,2.194460391998291
1,1244,34.23802947998047,2.1023952960968018
1,1245,73.05555725097656,2.2725629806518555
1,1246,42.05022430419922,2.040863513946533
1,1247,93.33042907714844,2.8061115741729736
1,1248,52.994590759277344,2.1729462146759033
1,1249,30.671154022216797,1.8338218927383423
1,1250,69.1126708984375,2.3797717094421387
1,1251,47.338714599609375,2.252176284790039
1,1252,79.23615264892578,2.9010133743286133
1,1253,90.40148162841797,2.6278834342956543
1,1254,24.002220153808594,1.8149263858795166
1,1255,28.297040939331055,1.8271605968475342
1,1256,52.92922592163086,2.412931442260742
1,1257,89.23355865478516,2.7082958221435547
1,1258,63.72285461425781,2.3499810695648193
1,1259,41.61946105957031,1.8965928554534912
1,1260,19.87741470336914,1.574637770652771
1,1261,121.35575103759766,3.400099039077759
1,1262,80.65709686279297,2.6083688735961914
1,1263,47.37218475341797,2.1902637481689453
1,1264,118.1527328491211,2.706888198852539
1,1265,25.326229095458984,1.6787450313568115
1,1266,32.37205505371094,2.09745454788208
1,1267,48.002925872802734,2.4675726890563965
1,1268,30.048994064331055,1.9525309801101685
1,1269,54.514488220214844,2.3270626068115234
1,1270,77.55174255371094,2.6171493530273438
1,1271,129.8685760498047,3.2224791049957275
1,1272,82.81553649902344,2.749525308609009
1,1273,83.92024993896484,2.778672218322754
1,1274,228.1615753173828,3.9644079208374023
1,1275,60.48158645629883,2.5517871379852295
1,1276,73.4552993774414,2.5721395015716553
1,1277,76.38285064697266,2.6420016288757324
1,1278,31.32678985595703,1.7833783626556396
1,1279,92.31827545166016,2.4943795204162598
1,1280,51.298789978027344,2.0689826011657715
1,1281,87.49195861816406,2.7484753131866455
1,1282,37.092201232910156,1.9081536531448364
1,1283,93.95660400390625,3.0351476669311523
1,1284,67.20895385742188,2.635622978210449
1,1285,43.578369140625,2.199108123779297
1,1286,132.46084594726562,3.1291794776916504
1,1287,79.19479370117188,2.495992660522461
1,1288,85.06428527832031,3.0443718433380127
1,1289,75.65751647949219,2.1760478019714355
1,1290,173.57017517089844,3.4257590770721436
1,1291,93.00564575195312,2.796534538269043
1,1292,48.99367141723633,2.3406054973602295
1,1293,34.135215759277344,1.78445565700531
1,1294,95.22105407714844,2.605877637863159
1,1295,26.753786087036133,1.6971224546432495
1,1296,45.91641616821289,2.2601871490478516
1,1297,38.41240310668945,2.2089033126831055
1,1298,29.80234146118164,2.114518642425537
1,1299,120.50471496582031,3.031132221221924
1,1300,48.655540466308594,2.264897108078003
1,1301,142.27896118164062,3.3019447326660156
1,1302,68.77352905273438,2.357374668121338
1,1303,19.125778198242188,1.4548547267913818
1,1304,59.846561431884766,2.5806798934936523
1,1305,54.031070709228516,1.9138576984405518
1,1306,34.1124153137207,1.9981341361999512
1,1307,112.0252914428711,2.932218551635742
1,1308,199.27908325195312,3.7118775844573975
1,1309,39.37042999267578,2.052743434906006
1,1310,42.21479034423828,1.99592924118042
1,1311,33.31210708618164,1.9894163608551025
1,1312,70.18367004394531,2.8332834243774414
1,1313,76.09805297851562,2.7148189544677734
1,1314,93.04290008544922,2.755784034729004
1,1315,66.63140869140625,2.6787915229797363
1,1316,66.24226379394531,2.464911460876465
1,1317,40.36525344848633,1.894660472869873
1,1318,62.377010345458984,2.5547733306884766
1,1319,90.18257141113281,2.9493000507354736
1,1320,112.47453308105469,3.168700695037842
1,1321,49.40462112426758,1.7172008752822876
1,1322,39.98176956176758,1.8063104152679443
1,1323,40.828277587890625,1.9190232753753662
1,1324,54.90984344482422,1.8010566234588623
1,1325,310.185791015625,4.649842262268066
1,1326,39.09808349609375,2.1306090354919434
1,1327,130.82997131347656,3.3202080726623535
1,1328,116.48054504394531,3.289952278137207
1,1329,59.96875762939453,2.197315216064453
1,1330,86.83901977539062,2.4114789962768555
1,1331,68.26416778564453,1.9644639492034912
1,1332,35.54224395751953,1.9291266202926636
1,1333,48.66852569580078,2.0444111824035645
1,1334,43.71424102783203,2.0635554790496826
1,1335,104.78163146972656,3.0547358989715576
1,1336,238.72586059570312,3.5897955894470215
1,1337,91.34358215332031,3.063004732131958
1,1338,30.918325424194336,1.8962993621826172
1,1339,42.838287353515625,2.030313491821289
1,1340,39.80059814453125,1.9377126693725586
1,1341,128.95132446289062,3.2570910453796387
1,1342,28.387187957763672,1.7734320163726807
1,1343,81.94574737548828,2.908493995666504
1,1344,94.09627532958984,2.7403554916381836
1,1345,68.08035278320312,2.6217172145843506
1,1346,71.55924224853516,2.9540657997131348
1,1347,216.69906616210938,3.956677198410034
1,1348,386.1832275390625,5.248866081237793
1,1349,20.76022720336914,1.5616084337234497
1,1350,107.98600769042969,2.940629482269287
1,1351,209.595947265625,3.480513095855713
1,1352,60.09829330444336,2.260568857192993
1,1353,74.74516296386719,2.6768040657043457
1,1354,118.3344497680664,3.273287773132324
1,1355,69.22856903076172,2.5360424518585205
1,1356,41.30766296386719,2.2415735721588135
1,1357,42.09120559692383,2.1381471157073975
1,1358,51.66899490356445,1.937969446182251
1,1359,139.13436889648438,3.769742250442505
1,1360,42.574886322021484,2.1100070476531982
1,1361,58.65620422363281,2.469844102859497
1,1362,42.555789947509766,2.0826683044433594
1,1363,58.01738357543945,2.3759424686431885
1,1364,48.8287353515625,2.4024062156677246
1,1365,37.54170608520508,1.9599568843841553
1,1366,164.9608917236328,3.5083606243133545
1,1367,115.79188537597656,3.0094361305236816
1,1368,27.8160343170166,1.8103153705596924
1,1369,72.0067138671875,2.9299681186676025
1,1370,82.60266876220703,2.782287836074829
1,1371,53.64339065551758,2.131005048751831
1,1372,45.211822509765625,2.035338878631592
1,1373,30.25895118713379,1.5194340944290161
1,1374,28.70041847229004,1.8846116065979004
1,1375,71.19068145751953,2.3574228286743164
1,1376,152.81942749023438,3.5004754066467285
1,1377,69.69058990478516,2.266321897506714
1,1378,293.0119323730469,5.022948265075684
1,1379,123.36148071289062,3.230103015899658
1,1380,173.3107452392578,3.8020999431610107
1,1381,241.3130645751953,4.027897834777832
1,1382,38.67296600341797,2.115396738052368
1,1383,49.2918701171875,2.0906920433044434
1,1384,78.8716049194336,2.6014389991760254
1,1385,91.66912841796875,2.6845149993896484
1,1386,40.77669143676758,2.2994837760925293
1,1387,235.08746337890625,3.898104667663574
1,1388,131.37594604492188,3.2667036056518555
1,1389,45.43115234375,2.2307348251342773
1,1390,81.64689636230469,2.4528369903564453
1,1391,133.79901123046875,3.2157468795776367
1,1392,98.70496368408203,2.9459781646728516
1,1393,60.179298400878906,2.1050596237182617
1,1394,92.44004821777344,3.1424484252929688
1,1395,43.525508880615234,1.6202377080917358
1,1396,281.6208801269531,4.742627143859863
1,1397,91.07943725585938,2.816333770751953
1,1398,90.8948974609375,2.7005162239074707
1,1399,87.59124755859375,2.422173023223877
1,1400,108.87104797363281,3.0904784202575684
1,1401,52.60334014892578,2.5984606742858887
1,1402,28.896141052246094,2.099407434463501
1,1403,54.742332458496094,2.4145236015319824
1,1404,32.5794563293457,1.8526893854141235
1,1405,99.98882293701172,2.9194276332855225
1,1406,115.53488159179688,2.967564344406128
1,1407,63.20942306518555,2.7562670707702637
1,1408,34.45195770263672,1.5526102781295776
1,1409,73.17111206054688,2.6970319747924805
1,1410,79.88450622558594,2.73660945892334
1,1411,122.9019775390625,3.1313061714172363
1,1412,182.71731567382812,4.197187423706055
1,1413,73.03338623046875,2.644597291946411
1,1414,36.75455856323242,2.0980422496795654
1,1415,72.99417877197266,2.9423813819885254
1,1416,226.02748107910156,4.122002601623535
1,1417,176.8302001953125,3.4860010147094727
1,1418,76.16883087158203,2.1572742462158203
1,1419,88.58700561523438,2.4607162475585938
1,1420,42.54802703857422,2.3107924461364746
1,1421,163.71942138671875,3.7106237411499023
1,1422,187.93841552734375,3.738259792327881
1,1423,146.12904357910156,3.236785411834717
1,1424,78.11311340332031,2.5965609550476074
1,1425,133.8900146484375,3.301565647125244
1,1426,176.58340454101562,3.8673765659332275
1,1427,36.27034378051758,2.0309150218963623
1,1428,52.68726348876953,2.0985705852508545
1,1429,57.33246612548828,2.2258408069610596
1,1430,40.85187530517578,2.0075268745422363
1,1431,195.4365692138672,3.778041124343872
1,1432,73.13935089111328,2.6392617225646973
1,1433,42.752288818359375,1.9193109273910522
1,1434,65.84521484375,2.22088623046875
1,1435,144.8131561279297,3.2476468086242676
1,1436,67.93411254882812,2.457082509994507
1,1437,95.70867919921875,3.0399997234344482
1,1438,132.78404235839844,3.253939628601074
1,1439,68.65840911865234,1.8735846281051636
1,1440,50.00776290893555,2.3097190856933594
1,1441,90.22870635986328,2.7474558353424072
1,1442,122.8770980834961,2.875030279159546
1,1443,46.363975524902344,1.9831346273422241
1,1444,45.921024322509766,1.975574016571045
1,1445,32.33767318725586,1.9848003387451172
1,1446,126.24532318115234,3.097712993621826
1,1447,225.14630126953125,4.500732421875
1,1448,46.7206916809082,2.1000304222106934
1,1449,80.80204772949219,2.108745574951172
1,1450,62.13918685913086,2.420729875564575
1,1451,59.75614929199219,2.3077518939971924
1,1452,103.88229370117188,3.1305456161499023
1,1453,58.94892883300781,2.150005578994751
1,1454,26.666929244995117,1.8544362783432007
1,1455,89.04927825927734,1.995708703994751
1,1456,60.91506576538086,2.0073914527893066
1,1457,99.9169692993164,3.133497714996338
1,1458,62.221614837646484,2.726242780685425
1,1459,39.95539855957031,1.9684977531433105
1,1460,68.07879638671875,2.34035587310791
1,1461,148.16452026367188,3.7437872886657715
1,1462,76.4199447631836,2.705909252166748
1,1463,151.54916381835938,3.3646974563598633
1,1464,65.28915405273438,2.4065377712249756
1,1465,62.1254768371582,2.347188949584961
1,1466,53.450557708740234,2.0348799228668213
1,1467,132.0065155029297,2.9742729663848877
1,1468,134.88204956054688,3.3298943042755127
1,1469,47.513877868652344,2.199211359024048
1,1470,147.56503295898438,3.3557825088500977
1,1471,19.736557006835938,1.478002667427063
1,1472,36.922340393066406,2.0383269786834717
1,1473,65.08082580566406,2.7259984016418457
1,1474,43.58453369140625,2.2054243087768555
1,1475,128.17515563964844,2.854995012283325
1,1476,24.052574157714844,1.7489148378372192
1,1477,75.15821838378906,2.859255790710449
1,1478,46.26872253417969,2.0322844982147217
1,1479,80.85287475585938,2.7188868522644043
1,1480,74.25701904296875,2.1307032108306885
1,1481,50.718326568603516,2.1274633407592773
1,1482,140.72779846191406,2.4929585456848145
1,1483,66.08216094970703,2.438131093978882
1,1484,214.40594482421875,3.9076573848724365
1,1485,30.775646209716797,1.8285572528839111
1,1486,53.201988220214844,2.4038491249084473
1,1487,62.55369567871094,2.3866381645202637
1,1488,71.95683288574219,2.503053665161133
1,1489,125.2446060180664,2.369767904281616
1,1490,134.87948608398438,3.0249664783477783
1,1491,36.41261291503906,2.007327079772949
1,1492,48.31330490112305,2.065983772277832
1,1493,109.4704818725586,2.779073715209961
1,1494,155.52139282226562,3.554655075073242
1,1495,183.95437622070312,3.7134854793548584
1,1496,59.12800979614258,2.664612293243408
1,1497,12.759782791137695,1.2506990432739258
1,1498,125.18401336669922,2.3955533504486084
1,1499,47.602596282958984,2.2454843521118164
1,1500,108.64863586425781,3.024681329727173
1,1501,70.69508361816406,2.263270854949951
1,1502,66.52020263671875,2.4018588066101074
1,1503,53.40663146972656,2.3101582527160645
1,1504,74.32432556152344,2.4530539512634277
1,1505,49.34773254394531,2.076749086380005
1,1506,45.73616027832031,2.027066946029663
1,1507,161.6503143310547,3.361725330352783
1,1508,105.4842529296875,2.9481399059295654
1,1509,192.870849609375,3.6233344078063965
1,1510,24.74325942993164,1.553926706314087
1,1511,90.92424011230469,2.4908652305603027
1,1512,73.63419342041016,2.623079776763916
1,1513,32.18839645385742,1.8177156448364258
1,1514,105.20980072021484,2.875929832458496
1,1515,92.90776062011719,3.0366854667663574
1,1516,41.72134780883789,1.9259480237960815
1,1517,38.643516540527344,2.024207592010498
1,1518,167.43893432617188,4.142735004425049
1,1519,137.60763549804688,3.0268030166625977
1,1520,49.73778533935547,2.224628448486328
1,1521,178.81170654296875,3.707186698913574
1,1522,103.30996704101562,3.0844266414642334
1,1523,93.88008117675781,3.0979080200195312
1,1524,58.03611755371094,2.5548505783081055
1,1525,89.38030242919922,2.7266108989715576
1,1526,84.39237213134766,2.7869205474853516
1,1527,229.17115783691406,4.457559585571289
1,1528,20.034523010253906,1.7470250129699707
1,1529,76.5606918334961,2.3738338947296143
1,1530,106.78572845458984,2.8350472450256348
1,1531,63.23529052734375,2.4788217544555664
1,1532,165.52102661132812,2.9773409366607666
1,1533,69.9068374633789,2.3941407203674316
1,1534,102.74772644042969,2.7866322994232178
1,1535,134.90435791015625,3.1594395637512207
1,1536,84.07959747314453,2.415225028991699
1,1537,115.01619720458984,3.0368576049804688
1,1538,181.4653778076172,3.8840928077697754
1,1539,30.452957153320312,1.6182622909545898
1,1540,62.72573471069336,2.4672224521636963
1,1541,92.75224304199219,2.882805585861206
1,1542,64.10150909423828,2.4053056240081787
1,1543,23.970352172851562,1.798457384109497
1,1544,174.62063598632812,3.4266552925109863
1,1545,33.62980270385742,2.0101122856140137
1,1546,131.31483459472656,3.4275944232940674
1,1547,207.23472595214844,3.502680778503418
1,1548,120.11862182617188,2.51877498626709
1,1549,15.514185905456543,1.438166618347168
1,1550,61.266143798828125,2.1083905696868896
1,1551,160.24261474609375,3.1670804023742676
1,1552,26.427427291870117,1.8840930461883545
1,1553,36.31103515625,2.058990478515625
1,1554,71.0072021484375,2.4335904121398926
1,1555,175.364990234375,3.9645981788635254
1,1556,120.88260650634766,3.187716007232666
1,1557,89.57659149169922,2.6369996070861816
1,1558,45.67616653442383,2.231372356414795
1,1559,83.13078308105469,2.840331792831421
1,1560,49.72884750366211,2.321840286254883
1,1561,44.40116882324219,1.7659287452697754
1,1562,125.21302795410156,3.27813982963562
1,1563,55.058197021484375,2.6290369033813477
1,1564,75.485595703125,2.419247627258301
1,1565,67.41410827636719,2.553055763244629
1,1566,180.00384521484375,3.95186448097229
1,1567,34.73943328857422,1.8642158508300781
1,1568,86.16842651367188,2.535768508911133
1,1569,76.14503479003906,2.209791421890259
1,1570,56.70465850830078,2.2228307723999023
1,1571,55.643394470214844,2.277174949645996
1,1572,55.95002746582031,2.1738462448120117
1,1573,62.42572021484375,2.468475341796875
1,1574,68.61927032470703,2.381474494934082
1,1575,109.59583282470703,3.3171348571777344
1,1576,127.51319885253906,3.305710792541504
1,1577,51.30626678466797,2.247788190841675
1,1578,190.4573516845703,3.1279282569885254
1,1579,45.31049346923828,1.8891013860702515
1,1580,52.32395553588867,2.2754101753234863
1,1581,135.8670654296875,3.343965768814087
1,1582,136.0951690673828,3.2261009216308594
1,1583,36.625980377197266,1.828860878944397
1,1584,167.89874267578125,3.5998830795288086
1,1585,22.819931030273438,1.6959881782531738
1,1586,171.48692321777344,3.410133123397827
1,1587,63.37826919555664,2.5196123123168945
1,1588,143.24612426757812,3.521864652633667
1,1589,85.92472839355469,2.6965157985687256
1,1590,90.1063003540039,2.953768253326416
1,1591,28.64103126525879,1.9479491710662842
1,1592,104.235595703125,3.059438705444336
1,1593,48.708980560302734,2.3570499420166016
1,1594,37.36819076538086,1.9126472473144531
1,1595,77.90280151367188,2.645437479019165
1,1596,55.770660400390625,2.160006523132324
1,1597,63.39262008666992,2.4955759048461914
1,1598,61.503990173339844,2.47133731842041
1,1599,146.61572265625,3.514951467514038
1,1600,41.179298400878906,2.022083282470703
1,1601,34.65108108520508,1.9691567420959473
1,1602,87.40087127685547,2.2775793075561523
1,1603,34.59014892578125,1.6052780151367188
1,1604,45.433380126953125,1.8744518756866455
1,1605,70.23159790039062,2.754983901977539
1,1606,182.82606506347656,3.63122820854187
1,1607,107.64275360107422,3.2179484367370605
1,1608,49.33761978149414,2.2252907752990723
1,1609,64.85812377929688,2.5262508392333984
1,1610,95.5865249633789,3.1218819618225098
1,1611,68.8735122680664,2.26871657371521
1,1612,50.839752197265625,2.424971103668213
1,1613,83.89264678955078,2.9541656970977783
1,1614,31.100858688354492,1.9264922142028809
1,1615,128.69992065429688,3.094269037246704
1,1616,123.71690368652344,3.1239919662475586
1,1617,33.52583312988281,1.9136083126068115
1,1618,119.22349548339844,3.0513336658477783
1,1619,23.662137985229492,1.8450132608413696
1,1620,98.48785400390625,3.13346791267395
1,1621,246.4692840576172,4.3965911865234375
1,1622,94.373291015625,2.7120532989501953
1,1623,65.85962677001953,2.349073648452759
1,1624,25.09577178955078,1.4746770858764648
1,1625,95.42467498779297,3.2396769523620605
1,1626,17.846206665039062,1.3911213874816895
1,1627,79.28152465820312,2.26871395111084
1,1628,113.39604187011719,3.1601829528808594
1,1629,88.89026641845703,2.6074378490448
1,1630,165.95970153808594,3.8967409133911133
1,1631,90.96611022949219,2.1057143211364746
1,1632,94.18524932861328,2.856926918029785
1,1633,18.212154388427734,1.6293330192565918
1,1634,95.63700103759766,3.0100150108337402
1,1635,22.218721389770508,1.7394957542419434
1,1636,56.69340896606445,2.351989507675171
1,1637,36.69418716430664,2.0215072631835938
1,1638,35.88201141357422,1.737393856048584
1,1639,40.96125793457031,1.8474334478378296
1,1640,61.66807174682617,2.260625123977661
1,1641,65.06400299072266,2.7743420600891113
1,1642,102.4972915649414,2.5763368606567383
1,1643,68.84771728515625,2.6757586002349854
1,1644,47.284236907958984,2.2749998569488525
1,1645,102.08763122558594,2.971841812133789
1,1646,63.877464294433594,2.3753881454467773
1,1647,174.3255615234375,4.018935203552246
1,1648,27.786394119262695,1.8945919275283813
1,1649,56.47474670410156,2.3334274291992188
1,1650,25.150522232055664,1.5943938493728638
1,1651,68.83057403564453,2.058755397796631
1,1652,78.45171356201172,2.8417632579803467
1,1653,83.26673889160156,2.5439722537994385
1,1654,32.598655700683594,2.0263378620147705
1,1655,175.58377075195312,4.036064147949219
1,1656,152.70504760742188,3.639285087585449
1,1657,27.456756591796875,1.9157750606536865
1,1658,31.318857192993164,2.059476137161255
1,1659,106.42591094970703,2.7102911472320557
1,1660,49.08946228027344,1.9781782627105713
1,1661,90.62588500976562,2.6566247940063477
1,1662,72.5820083618164,1.7820935249328613
1,1663,44.94292068481445,2.172351360321045
1,1664,91.38688659667969,2.6908364295959473
1,1665,64.4075927734375,2.761183500289917
1,1666,41.37156295776367,2.0894482135772705
1,1667,73.6619873046875,2.5064029693603516
1,1668,30.72126579284668,1.5825270414352417
1,1669,59.47128677368164,2.75778865814209
1,1670,55.47197723388672,2.2804112434387207
1,1671,105.04306030273438,2.9384074211120605
1,1672,77.8014907836914,2.6489431858062744
1,1673,38.10995864868164,2.0481951236724854
1,1674,72.31068420410156,2.7999284267425537
1,1675,45.7542610168457,2.0928397178649902
1,1676,26.037403106689453,1.6933493614196777
1,1677,47.064144134521484,2.312683343887329
1,1678,46.88581466674805,1.8894506692886353
1,1679,97.94052124023438,2.6001691818237305
1,1680,81.60293579101562,2.7480297088623047
1,1681,129.32095336914062,2.1487886905670166
1,1682,78.37689208984375,2.6226367950439453
1,1683,132.2961883544922,3.304175853729248
1,1684,143.39942932128906,3.052734851837158
1,1685,51.128570556640625,2.387813091278076
1,1686,31.70352554321289,1.8034099340438843
1,1687,45.88093566894531,2.301358938217163
1,1688,48.003936767578125,1.905163288116455
1,1689,68.7078857421875,2.570751190185547
1,1690,94.62800598144531,2.84096097946167
1,1691,74.85123443603516,2.553740978240967
1,1692,45.387123107910156,2.1411147117614746
1,1693,71.9998779296875,2.6907529830932617
1,1694,39.8774299621582,2.1867451667785645
1,1695,51.35575866699219,2.195936918258667
1,1696,23.143741607666016,1.5178133249282837
1,1697,158.41879272460938,3.87052059173584
1,1698,64.9950180053711,2.358563184738159
1,1699,56.40345764160156,1.9511998891830444
1,1700,39.56500244140625,1.7444700002670288
1,1701,57.17967224121094,2.2636594772338867
1,1702,49.447139739990234,2.0717952251434326
1,1703,177.15036010742188,3.840177536010742
1,1704,79.19810485839844,2.8525521755218506
1,1705,68.23745727539062,2.6903252601623535
1,1706,180.25372314453125,3.4992735385894775
1,1707,24.030345916748047,1.7194621562957764
1,1708,152.9842529296875,3.5221152305603027
1,1709,72.21817016601562,2.6351678371429443
1,1710,88.09756469726562,2.8075456619262695
1,1711,42.10639190673828,1.9642682075500488
1,1712,48.94733810424805,2.0469229221343994
1,1713,77.9102783203125,2.7362141609191895
1,1714,61.35448455810547,2.2285349369049072
1,1715,68.49180603027344,2.328246593475342
1,1716,137.7509002685547,3.612898349761963
1,1717,107.40874481201172,2.9628584384918213
1,1718,101.3803482055664,2.9966893196105957
1,1719,79.70660400390625,2.823552131652832
1,1720,37.23170471191406,2.100844621658325
1,1721,71.61128997802734,2.953674793243408
1,1722,196.71893310546875,4.033504009246826
1,1723,105.63136291503906,2.907021999359131
1,1724,120.18567657470703,3.124664545059204
1,1725,65.68597412109375,2.544757843017578
1,1726,123.13175201416016,3.08052396774292
1,1727,162.17294311523438,3.760366439819336
1,1728,117.53414916992188,3.0042359828948975
1,1729,42.70930862426758,2.1004340648651123
1,1730,30.566120147705078,2.12589693069458
1,1731,28.966394424438477,1.8373618125915527
1,1732,87.98109436035156,2.892390251159668
1,1733,41.30931854248047,2.0010857582092285
1,1734,136.80799865722656,3.094271421432495
1,1735,169.86788940429688,3.6415319442749023
1,1736,58.685726165771484,2.0456113815307617
1,1737,56.06501770019531,2.3205246925354004
1,1738,165.39297485351562,2.868710994720459
1,1739,35.813690185546875,1.704042911529541
1,1740,69.28083801269531,2.9247193336486816
1,1741,28.136737823486328,1.9883081912994385
1,1742,123.17960357666016,3.4829649925231934
1,1743,41.56591796875,2.1253957748413086
1,1744,63.81166458129883,2.5707058906555176
1,1745,30.61383628845215,1.7724742889404297
1,1746,93.15234375,2.8290064334869385
1,1747,118.77169799804688,3.472144842147827
1,1748,158.56192016601562,3.246642827987671
1,1749,139.9319610595703,3.5087456703186035
1,1750,37.27082061767578,2.2431607246398926
1,1751,60.78523635864258,2.4238438606262207
1,1752,70.81356048583984,2.724219560623169
1,1753,41.16461944580078,2.1398327350616455
1,1754,35.705780029296875,1.6841931343078613
1,1755,131.7702178955078,3.502746820449829
1,1756,155.22616577148438,3.2207064628601074
1,1757,59.73619079589844,2.411699056625366
1,1758,63.10576629638672,2.658660411834717
1,1759,28.39002799987793,1.707133173942566
1,1760,48.6489143371582,2.1824464797973633
1,1761,138.02365112304688,3.1993308067321777
1,1762,131.30795288085938,3.3806915283203125
1,1763,301.90765380859375,4.758154392242432
1,1764,74.8100814819336,2.6453957557678223
1,1765,164.67007446289062,3.030151605606079
1,1766,145.0435028076172,3.0950517654418945
1,1767,23.54441261291504,1.5589492321014404
1,1768,91.74583435058594,2.7213544845581055
1,1769,98.51573181152344,2.9043097496032715
1,1770,136.05795288085938,3.056243896484375
1,1771,102.25037384033203,2.8483312129974365
1,1772,71.40596771240234,2.9013566970825195
1,1773,53.8535041809082,2.1923532485961914
1,1774,106.81201934814453,3.2637100219726562
1,1775,94.76643371582031,2.7395718097686768
1,1776,65.15409088134766,2.593893051147461
1,1777,103.13174438476562,2.929098606109619
1,1778,84.75009155273438,2.3634634017944336
1,1779,86.92594909667969,2.6489429473876953
1,1780,184.93592834472656,3.832298517227173
1,1781,18.318788528442383,1.600905418395996
1,1782,82.36162567138672,2.8753042221069336
1,1783,74.1075439453125,2.410378932952881
1,1784,87.2834243774414,2.7235140800476074
1,1785,93.18274688720703,2.6635427474975586
1,1786,63.085548400878906,2.5043106079101562
1,1787,57.931236267089844,2.4570555686950684
1,1788,64.7203369140625,2.3310742378234863
1,1789,58.5059814453125,2.2614943981170654
1,1790,96.46730041503906,3.0509181022644043
1,1791,33.93269348144531,1.9687150716781616
1,1792,86.62986755371094,2.717470169067383
1,1793,36.37949752807617,2.009533643722534
1,1794,62.526084899902344,2.4926862716674805
1,1795,138.63247680664062,3.2005953788757324
1,1796,40.92070770263672,2.261538505554199
1,1797,24.49624252319336,1.763051986694336
1,1798,56.98457336425781,2.3955116271972656
1,1799,133.9129638671875,3.5693869590759277
1,1800,58.47593688964844,2.3507301807403564
1,1801,80.3276596069336,2.4905505180358887
1,1802,26.101245880126953,1.5715680122375488
1,1803,70.79292297363281,2.471190929412842
1,1804,68.22803497314453,2.1658802032470703
1,1805,89.29899597167969,2.602865219116211
1,1806,32.43038558959961,1.6649372577667236
1,1807,39.73579406738281,1.8517770767211914
1,1808,58.3095703125,2.2242953777313232
1,1809,84.24007415771484,2.512326240539551
1,1810,41.159812927246094,1.908109426498413
1,1811,95.6265640258789,2.457703113555908
1,1812,43.794776916503906,2.217639207839966
1,1813,95.71414184570312,2.8549041748046875
1,1814,121.17007446289062,3.2033839225769043
1,1815,39.4326286315918,2.2281079292297363
1,1816,66.43990325927734,2.4342098236083984
1,1817,48.06046676635742,2.1181371212005615
1,1818,48.27117156982422,1.925252914428711
1,1819,143.77987670898438,3.561779499053955
1,1820,144.904052734375,3.623859167098999
1,1821,58.575252532958984,2.2194488048553467
1,1822,54.061981201171875,2.235978841781616
1,1823,135.57740783691406,3.7080078125
1,1824,118.89141845703125,3.051931381225586
1,1825,39.59516906738281,2.048952341079712
1,1826,79.07037353515625,2.4249768257141113
1,1827,79.80357360839844,2.731529712677002
1,1828,141.66787719726562,3.1406922340393066
1,1829,86.64372253417969,2.5463688373565674
1,1830,51.43901062011719,2.0776758193969727
1,1831,103.73419189453125,2.70833420753479
1,1832,33.19865417480469,1.9199055433273315
1,1833,56.205657958984375,2.022094488143921
1,1834,135.3474884033203,3.196298122406006
1,1835,133.81582641601562,3.2244679927825928
1,1836,24.04944610595703,1.8636575937271118
1,1837,56.58708953857422,2.343264102935791
1,1838,37.15283203125,1.8460586071014404
1,1839,187.64266967773438,3.3130693435668945
1,1840,36.63566589355469,2.056912422180176
1,1841,51.986083984375,2.3702664375305176
1,1842,39.70917892456055,2.26509428024292
1,1843,50.87312316894531,2.174734354019165
1,1844,103.09790802001953,2.2389755249023438
1,1845,50.68737030029297,2.0612378120422363
1,1846,36.40156936645508,1.8639804124832153
1,1847,31.417612075805664,1.9501187801361084
1,1848,82.37260437011719,2.9159443378448486
1,1849,41.108455657958984,2.105499267578125
1,1850,112.6209945678711,2.648672580718994
1,1851,13.137092590332031,1.465080976486206
1,1852,48.9658088684082,2.0909035205841064
1,1853,93.21732330322266,2.490560293197632
1,1854,58.02101516723633,2.182584047317505
1,1855,51.20282745361328,2.2685978412628174
1,1856,31.752029418945312,1.9809410572052002
1,1857,110.62565612792969,3.061769962310791
1,1858,88.35713195800781,2.855557918548584
1,1859,41.84874725341797,2.035392999649048
1,1860,79.17816162109375,2.160909652709961
1,1861,125.8786849975586,3.1984243392944336
1,1862,25.334835052490234,1.7512080669403076
1,1863,91.4526138305664,2.96726131439209
1,1864,59.57306671142578,2.436691999435425
1,1865,55.74021911621094,2.4015307426452637
1,1866,50.9354362487793,1.857082486152649
1,1867,179.96652221679688,3.894961357116699
1,1868,120.10174560546875,3.1417794227600098
1,1869,39.80839538574219,2.0368618965148926
1,1870,37.628875732421875,2.030891180038452
1,1871,136.31170654296875,2.8039302825927734
1,1872,43.95611572265625,1.756188154220581
1,1873,90.86640167236328,2.903475046157837
1,1874,207.1155548095703,4.191344261169434
1,1875,127.93770599365234,2.7594282627105713
1,1876,22.858924865722656,1.910257339477539
1,1877,88.53250885009766,2.8490149974823
1,1878,69.63360595703125,2.7120275497436523
1,1879,93.5916748046875,2.926243305206299
1,1880,85.73875427246094,2.598257064819336
1,1881,95.82383728027344,2.3065803050994873
1,1882,37.20566940307617,1.8139917850494385
1,1883,50.90985107421875,2.5171263217926025
1,1884,112.6080551147461,3.0615389347076416
1,1885,86.2317886352539,2.150780439376831
1,1886,25.704614639282227,1.6049187183380127
1,1887,24.758438110351562,1.2868250608444214
1,1888,77.61673736572266,2.400484323501587
1,1889,57.21364212036133,2.57915997505188
1,1890,118.4550552368164,3.122704029083252
1,1891,80.35111236572266,2.572622537612915
1,1892,29.8382568359375,2.0634214878082275
1,1893,126.71528625488281,3.3213775157928467
1,1894,87.07485961914062,3.194020986557007
1,1895,113.13179016113281,2.611661911010742
1,1896,136.2328643798828,2.9771554470062256
1,1897,58.43714904785156,1.8110471963882446
1,1898,97.95669555664062,3.1334598064422607
1,1899,56.28030014038086,2.285790205001831
1,1900,31.499408721923828,1.990154504776001
1,1901,18.321725845336914,1.6104075908660889
1,1902,29.598840713500977,1.8563311100006104
1,1903,81.44273376464844,2.8320693969726562
1,1904,71.58447265625,2.3502888679504395
1,1905,127.04338073730469,2.437593460083008
1,1906,26.698741912841797,1.7691116333007812
1,1907,91.22620391845703,2.8858113288879395
1,1908,83.75955200195312,2.772970676422119
1,1909,35.848880767822266,1.951697826385498
1,1910,91.28980255126953,2.768584728240967
1,1911,54.043357849121094,1.7821463346481323
1,1912,19.090862274169922,1.5102180242538452
1,1913,48.723628997802734,2.135162115097046
1,1914,109.6492919921875,3.135864019393921
1,1915,15.479484558105469,1.45670485496521
1,1916,34.015655517578125,1.819847822189331
1,1917,19.440860748291016,1.4322832822799683
1,1918,104.13024139404297,2.674959182739258
1,1919,127.25245666503906,3.2502143383026123
1,1920,144.5288543701172,3.35893177986145
1,1921,80.46841430664062,2.200667381286621
1,1922,46.66777038574219,2.203970432281494
1,1923,113.34783935546875,2.6122031211853027
1,1924,20.142112731933594,1.682960033416748
1,1925,42.743282318115234,2.1834917068481445
1,1926,21.85186195373535,1.3011022806167603
1,1927,32.19849395751953,1.993106722831726
1,1928,32.58341598510742,1.917121171951294
1,1929,91.13069915771484,2.7696373462677
1,1930,55.823272705078125,2.4103715419769287
1,1931,82.4180679321289,2.544147491455078
1,1932,120.66107940673828,3.1201250553131104
1,1933,52.410133361816406,2.1084086894989014
1,1934,159.35067749023438,2.77854061126709
1,1935,80.3558120727539,2.498401165008545
1,1936,80.23965454101562,2.6781063079833984
1,1937,72.84156799316406,2.393003463745117
1,1938,74.69476318359375,2.7410244941711426
1,1939,48.72629928588867,2.0465259552001953
1,1940,119.34257507324219,2.5370535850524902
1,1941,145.6996307373047,3.392667770385742
1,1942,33.410621643066406,1.9536330699920654
1,1943,83.88473510742188,3.042215347290039
1,1944,37.67196273803711,2.118577241897583
1,1945,23.797264099121094,1.6279165744781494
1,1946,205.66871643066406,3.8691680431365967
1,1947,137.46731567382812,3.134530544281006
1,1948,170.74566650390625,3.969311237335205
1,1949,78.23687744140625,2.6996803283691406
1,1950,80.4727554321289,2.8404548168182373
1,1951,77.4854736328125,2.450746536254883
1,1952,49.30744171142578,2.074645519256592
1,1953,121.5531005859375,3.5325145721435547
1,1954,119.46241760253906,2.98191237449646
1,1955,78.74750518798828,2.5450568199157715
1,1956,67.50898742675781,2.603891372680664
1,1957,21.357433319091797,1.4941662549972534
1,1958,84.37997436523438,2.4771933555603027
1,1959,10.575641632080078,1.170458436012268
1,1960,149.4105987548828,3.607053279876709
1,1961,38.54129409790039,2.0787224769592285
1,1962,16.51902198791504,1.3226662874221802
1,1963,67.62383270263672,2.4672913551330566
1,1964,110.78886413574219,2.969949245452881
1,1965,45.78954315185547,2.1421258449554443
1,1966,23.877683639526367,1.4665095806121826
1,1967,47.37031173706055,2.1207733154296875
1,1968,55.95207214355469,2.5717711448669434
1,1969,58.395118713378906,2.1286213397979736
1,1970,30.354230880737305,1.8155863285064697
1,1971,94.47416687011719,2.8971991539001465
1,1972,132.43338012695312,3.3100619316101074
1,1973,36.84480285644531,1.9207305908203125
1,1974,24.375715255737305,1.673020839691162
1,1975,29.900087356567383,1.9160792827606201
1,1976,56.7681999206543,2.2676117420196533
1,1977,54.89719772338867,2.5366222858428955
1,1978,60.27348327636719,2.4897773265838623
1,1979,36.9467887878418,2.128913402557373
1,1980,75.54695129394531,2.8748550415039062
1,1981,95.76119995117188,2.8338425159454346
1,1982,69.26229095458984,2.7692410945892334
1,1983,36.03312683105469,2.03493070602417
1,1984,159.3356170654297,3.317319631576538
1,1985,26.04714012145996,1.7963122129440308
1,1986,230.01797485351562,4.332782745361328
1,1987,37.479705810546875,1.9116382598876953
1,1988,134.09471130371094,3.197507858276367
1,1989,58.96854019165039,2.16233491897583
1,1990,80.948486328125,2.45158052444458
1,1991,49.879676818847656,2.1828174591064453
1,1992,16.636890411376953,1.4572699069976807
1,1993,169.65565490722656,3.350587844848633
1,1994,48.89296340942383,2.277578830718994
1,1995,89.12687683105469,3.019782066345215
1,1996,86.59815216064453,2.8685739040374756
1,1997,135.6220703125,3.0336039066314697
1,1998,58.71056365966797,2.277392864227295
1,1999,186.9019775390625,3.9452850818634033
1,2000,69.30492401123047,2.802525281906128
1,2001,15.915618896484375,1.348537564277649
1,2002,35.72878646850586,1.9058808088302612
1,2003,45.969661712646484,1.9617105722427368
1,2004,55.95836639404297,2.0584194660186768
1,2005,24.942548751831055,1.562160611152649
1,2006,117.35313415527344,3.184521198272705
1,2007,42.406898498535156,2.0979437828063965
1,2008,53.262847900390625,1.9988276958465576
1,2009,59.78434371948242,2.600020170211792
1,2010,61.76862335205078,2.395883798599243
1,2011,177.121826171875,4.100151062011719
1,2012,88.04653930664062,2.826587200164795
1,2013,80.91462707519531,2.7135725021362305
1,2014,66.51557922363281,2.4843661785125732
1,2015,164.7122344970703,3.564579725265503
1,2016,84.53421020507812,2.6119935512542725
1,2017,59.60389709472656,2.6483302116394043
1,2018,115.89634704589844,3.310628890991211
1,2019,106.78128051757812,3.0310564041137695
1,2020,16.838647842407227,1.5202109813690186
1,2021,17.928173065185547,1.6768604516983032
1,2022,18.781108856201172,1.4226419925689697
1,2023,18.776609420776367,1.76192307472229
1,2024,289.7434387207031,5.070773124694824
1,2025,83.1728286743164,2.825155258178711
1,2026,81.52816009521484,2.6857211589813232
1,2027,45.979087829589844,2.204747200012207
1,2028,58.294002532958984,2.4406018257141113
1,2029,58.86598205566406,2.0924110412597656
1,2030,141.82958984375,2.4585587978363037
1,2031,83.75704956054688,3.000873565673828
1,2032,104.33627319335938,3.007909059524536
1,2033,34.42424392700195,1.8974535465240479
1,2034,24.042245864868164,1.593958854675293
1,2035,67.18719482421875,2.3681418895721436
1,2036,31.032386779785156,2.0197112560272217
1,2037,118.37501525878906,2.9990291595458984
1,2038,13.714763641357422,1.470261573791504
1,2039,19.509864807128906,1.6737371683120728
1,2040,39.09636688232422,1.7599093914031982
1,2041,124.92835235595703,3.439608335494995
1,2042,52.30574417114258,1.9888319969177246
1,2043,75.02564239501953,2.3931632041931152
1,2044,75.20045471191406,2.6107518672943115
1,2045,69.16600799560547,2.206878662109375
1,2046,28.970956802368164,1.990503191947937
1,2047,78.9675521850586,2.536318302154541
1,2048,163.63040161132812,3.5233569145202637
1,2049,81.0562515258789,3.137028932571411
1,2050,87.41942596435547,2.7913947105407715
1,2051,72.19319152832031,2.616225242614746
1,2052,64.78428649902344,2.5189552307128906
1,2053,54.517616271972656,2.1862282752990723
1,2054,111.58177185058594,3.0041277408599854
1,2055,13.93836498260498,1.1136393547058105
1,2056,37.667999267578125,2.219222068786621
1,2057,194.024169921875,3.8829379081726074
1,2058,87.9844970703125,2.771206855773926
1,2059,104.66217041015625,2.8180184364318848
1,2060,187.01194763183594,3.5932154655456543
1,2061,93.8934097290039,2.806633949279785
1,2062,30.73046112060547,1.858048439025879
1,2063,133.29234313964844,2.951544761657715
1,2064,112.8775634765625,2.9867782592773438
1,2065,62.96519088745117,2.33024001121521
1,2066,177.34381103515625,3.4012632369995117
1,2067,62.489830017089844,2.37713623046875
1,2068,44.23939514160156,1.9036715030670166
1,2069,42.66175842285156,2.0636212825775146
1,2070,19.084930419921875,1.6741018295288086
1,2071,46.48473358154297,2.141085147857666
1,2072,70.5416259765625,2.5026307106018066
1,2073,131.15748596191406,3.4463772773742676
1,2074,80.54563903808594,2.6552939414978027
1,2075,115.7663345336914,3.445920467376709
1,2076,80.26716613769531,2.371882677078247
1,2077,98.93246459960938,2.646057605743408
1,2078,154.7081298828125,3.0642621517181396
1,2079,29.77301788330078,2.050436496734619
1,2080,65.39661407470703,2.79202938079834
1,2081,63.05881118774414,2.7441365718841553
1,2082,60.43535232543945,2.5984671115875244
1,2083,107.49162292480469,2.98408842086792
1,2084,75.09043884277344,2.6119489669799805
1,2085,57.1015625,2.338968515396118
1,2086,35.14509582519531,2.050936460494995
1,2087,236.2239990234375,4.066888809204102
1,2088,43.18296813964844,2.1491851806640625
1,2089,43.49605178833008,2.213099718093872
1,2090,107.47966003417969,2.537970542907715
1,2091,76.00407409667969,2.6763296127319336
1,2092,62.70246887207031,2.3120884895324707
1,2093,48.47136688232422,2.428311586380005
1,2094,134.09356689453125,3.6488585472106934
1,2095,58.93663024902344,2.3516387939453125
1,2096,80.13082885742188,2.607053279876709
1,2097,23.4582576751709,1.7225680351257324
1,2098,65.63545227050781,2.6982240676879883
1,2099,94.59768676757812,2.9161267280578613
1,2100,28.27447509765625,1.7940315008163452
1,2101,95.3764419555664,3.132385730743408
1,2102,89.99127197265625,2.508118152618408
1,2103,27.07488250732422,1.6108447313308716
1,2104,47.395084381103516,2.2388222217559814
1,2105,21.084779739379883,1.7518911361694336
1,2106,46.34754943847656,2.1648807525634766
1,2107,80.6256103515625,2.4091951847076416
1,2108,47.59856033325195,2.208360195159912
1,2109,89.52691650390625,2.7630491256713867
1,2110,36.782752990722656,1.727583885192871
1,2111,163.99972534179688,3.7450931072235107
1,2112,40.907630920410156,2.236724615097046
1,2113,56.61774444580078,2.6108694076538086
1,2114,118.8753433227539,2.9122352600097656
1,2115,123.13969421386719,3.3024044036865234
1,2116,50.54936981201172,2.1492390632629395
1,2117,47.653297424316406,2.091609239578247
1,2118,200.59738159179688,3.9556479454040527
1,2119,29.766429901123047,1.800081729888916
1,2120,120.85539245605469,3.313296318054199
1,2121,15275.94140625,24.245738983154297
1,2122,101.79490661621094,2.8013432025909424
1,2123,87.798828125,2.6765928268432617
1,2124,109.68597412109375,2.9044506549835205
1,2125,94.08094024658203,3.0136966705322266
1,2126,14.546409606933594,1.5155682563781738
1,2127,22.739736557006836,1.8871537446975708
1,2128,107.55536651611328,3.0248491764068604
1,2129,79.08212280273438,2.91986083984375
1,2130,78.34519958496094,2.695176601409912
1,2131,153.2622833251953,3.321929454803467
1,2132,211.08433532714844,3.7994046211242676
1,2133,84.92837524414062,2.8443846702575684
1,2134,233.02365112304688,4.762137413024902
1,2135,181.97549438476562,3.6980812549591064
1,2136,54.76428985595703,2.336080312728882
1,2137,99.21893310546875,3.3593201637268066
1,2138,178.04721069335938,3.8356199264526367
1,2139,66.20061492919922,2.3512470722198486
1,2140,129.9741668701172,2.928910970687866
1,2141,37.495880126953125,1.9497549533843994
1,2142,45.67546081542969,2.1000285148620605
1,2143,97.401123046875,3.0355849266052246
1,2144,125.41531372070312,3.105877637863159
1,2145,42.9445686340332,2.309605598449707
1,2146,109.3193588256836,3.174197196960449
1,2147,85.94467163085938,2.7657032012939453
1,2148,143.5433807373047,2.9919629096984863
1,2149,128.98135375976562,2.552159309387207
1,2150,79.18144989013672,2.5578408241271973
1,2151,40.370452880859375,2.09421706199646
1,2152,56.629146575927734,2.534491777420044
1,2153,58.20441436767578,2.335447311401367
1,2154,53.22200393676758,2.466358184814453
1,2155,70.99269104003906,2.1088578701019287
1,2156,56.15120315551758,2.372704267501831
1,2157,39.59325408935547,2.05117130279541
1,2158,43.16532897949219,2.2025928497314453
1,2159,120.80667114257812,2.609848737716675
1,2160,115.07676696777344,3.189934015274048
1,2161,119.77757263183594,3.2160086631774902
1,2162,122.86834716796875,3.235365390777588
1,2163,85.67424011230469,2.655068874359131
1,2164,147.78970336914062,3.519134759902954
1,2165,114.72694396972656,3.016425132751465
1,2166,88.25144958496094,2.9519293308258057
1,2167,75.57797241210938,2.6259312629699707
1,2168,11913.919921875,15.978554725646973
1,2169,161.40904235839844,3.6391890048980713
1,2170,125.99529266357422,3.618032932281494
1,2171,93.21807861328125,2.799172878265381
1,2172,107.11286926269531,2.8797037601470947
1,2173,97.56591796875,3.069892168045044
1,2174,116.71102905273438,3.073665142059326
1,2175,79.8770980834961,2.369208335876465
1,2176,61.82380676269531,2.291440010070801
1,2177,57.081443786621094,2.5597963333129883
1,2178,63.2871208190918,2.557730197906494
1,2179,109.4995346069336,3.4759740829467773
1,2180,111.50863647460938,3.35836124420166
1,2181,65.60303497314453,2.436561346054077
1,2182,114.64181518554688,2.7600133419036865
1,2183,66.60943603515625,2.4682326316833496
1,2184,29.612071990966797,1.7920053005218506
1,2185,170.19766235351562,3.809718132019043
1,2186,59.267765045166016,2.2343478202819824
1,2187,42.10565948486328,2.107295274734497
1,2188,89.29924774169922,2.2606594562530518
1,2189,30.063701629638672,1.725825309753418
1,2190,93.29576110839844,2.76639986038208
1,2191,89.32123565673828,2.9658987522125244
1,2192,109.5536117553711,2.9780399799346924
1,2193,82.87228393554688,2.628014087677002
1,2194,79.14874267578125,2.580519199371338
1,2195,54.01616668701172,1.8991472721099854
1,2196,79.83628845214844,2.722546339035034
1,2197,54.62381362915039,2.3086700439453125
1,2198,93.24287414550781,2.8144407272338867
1,2199,66.8889389038086,2.606882095336914
1,2200,94.11026000976562,2.7154431343078613
1,2201,57.16397476196289,2.5739831924438477
1,2202,47.940879821777344,2.1687417030334473
1,2203,55.01118850708008,2.2441184520721436
1,2204,31.438007354736328,2.080634117126465
1,2205,84.9683837890625,2.7754037380218506
1,2206,107.17935943603516,3.059011936187744
1,2207,129.2135467529297,2.827134609222412
1,2208,49.237342834472656,2.386218547821045
1,2209,68.0462646484375,2.3713912963867188
1,2210,103.49752044677734,2.489612102508545
1,2211,29.89511489868164,1.6889146566390991
1,2212,127.28427124023438,3.3881874084472656
1,2213,116.26801300048828,2.895179271697998
1,2214,152.99630737304688,3.760915756225586
1,2215,101.8043212890625,3.102076530456543
1,2216,48.015995025634766,2.1892011165618896
1,2217,12.278355598449707,1.2374800443649292
1,2218,56.803409576416016,2.2741713523864746
1,2219,70.03223419189453,2.4000446796417236
1,2220,44.02444076538086,2.238595485687256
1,2221,71.45475006103516,3.0592918395996094
1,2222,120.98233032226562,2.614389181137085
1,2223,52.267921447753906,2.5330357551574707
1,2224,171.71047973632812,3.006958484649658
1,2225,34.67241668701172,2.023988723754883
1,2226,38.024200439453125,1.6243622303009033
1,2227,58.35966110229492,2.433659315109253
1,2228,137.22021484375,3.1177878379821777
1,2229,114.50167083740234,3.1514272689819336
1,2230,36.06598663330078,1.8777103424072266
1,2231,78.50239562988281,2.6324005126953125
1,2232,38.41469955444336,2.1013736724853516
1,2233,67.15885925292969,2.1528353691101074
1,2234,66.87613677978516,2.4584174156188965
1,2235,43.105682373046875,1.926956295967102
1,2236,61.33112716674805,2.309724807739258
1,2237,56.69691467285156,2.331517219543457
1,2238,216.28341674804688,3.9751996994018555
1,2239,67.80384826660156,2.5759241580963135
1,2240,41.12120819091797,2.2113523483276367
1,2241,79.0412368774414,2.8461928367614746
1,2242,96.85324096679688,2.517305850982666
1,2243,111.2469711303711,2.589869260787964
1,2244,25.8886661529541,1.8355586528778076
1,2245,99.6549301147461,2.871588706970215
1,2246,43.24718475341797,2.0453684329986572
1,2247,85.59933471679688,2.453155279159546
1,2248,144.03952026367188,3.6849377155303955
1,2249,94.12278747558594,3.0669872760772705
1,2250,40.129390716552734,2.0534708499908447
1,2251,46.651641845703125,2.2881643772125244
1,2252,83.92304992675781,2.65224289894104
1,2253,56.80265808105469,2.352949619293213
1,2254,43.9650764465332,1.963931918144226
1,2255,68.72672271728516,2.482757568359375
1,2256,97.9959716796875,2.77789044380188
1,2257,40.362876892089844,2.2325267791748047
1,2258,106.60126495361328,2.9156386852264404
1,2259,42.44865798950195,2.1150593757629395
1,2260,70.98063659667969,2.2620086669921875
1,2261,75.60653686523438,3.01758074760437
1,2262,89.3734359741211,2.457258462905884
1,2263,96.5048828125,2.7755236625671387
1,2264,178.4870147705078,3.715798854827881
1,2265,81.71356201171875,2.4659924507141113
1,2266,111.5985107421875,3.115410089492798
1,2267,64.557373046875,2.641880512237549
1,2268,80.6020278930664,2.622422933578491
1,2269,97.35226440429688,3.0046463012695312
1,2270,90.11550903320312,2.7711663246154785
1,2271,23.732181549072266,1.8250916004180908
1,2272,94.0168685913086,2.933713436126709
1,2273,99.57630920410156,2.575867176055908
1,2274,92.70684051513672,2.4890341758728027
1,2275,61.262813568115234,2.4138898849487305
1,2276,70.39921569824219,2.4180591106414795
1,2277,43.573463439941406,2.042694330215454
1,2278,59.109535217285156,2.375141143798828
1,2279,21.539783477783203,1.5112589597702026
1,2280,97.16114044189453,2.7490365505218506
1,2281,225.11746215820312,4.054018974304199
1,2282,172.64804077148438,3.3004603385925293
1,2283,51.49189376831055,2.173185348510742
1,2284,69.07418823242188,2.254202365875244
1,2285,63.426910400390625,2.6104841232299805
1,2286,87.18453979492188,2.4932403564453125
1,2287,45.42056655883789,2.1839075088500977
1,2288,101.18742370605469,2.999307155609131
1,2289,83.73594665527344,2.634819984436035
1,2290,50.164772033691406,2.2954463958740234
1,2291,43.06801223754883,2.3230819702148438
1,2292,58.11983871459961,2.4436447620391846
1,2293,107.94348907470703,3.039949655532837
1,2294,91.82756042480469,2.7813267707824707
1,2295,29.92815399169922,1.6090017557144165
1,2296,74.84439849853516,2.5404863357543945
1,2297,22.16674041748047,1.4440197944641113
1,2298,29.689607620239258,1.9382853507995605
1,2299,29.464595794677734,1.7644983530044556
1,2300,49.188045501708984,2.2292022705078125
1,2301,31.666784286499023,2.0196242332458496
1,2302,54.975242614746094,2.2577390670776367
1,2303,40.7266845703125,1.9168903827667236
1,2304,167.57447814941406,3.516282320022583
1,2305,113.45077514648438,2.9903066158294678
1,2306,39.1741943359375,2.1423816680908203
1,2307,37.35466003417969,2.104361057281494
1,2308,52.64457702636719,2.3619213104248047
1,2309,34.6108283996582,1.675220012664795
1,2310,81.6934585571289,2.9662251472473145
1,2311,37.34136199951172,1.7741328477859497
1,2312,74.84312438964844,2.6882314682006836
1,2313,26.338417053222656,1.885069727897644
1,2314,73.55111694335938,2.746485710144043
1,2315,44.111209869384766,2.347130537033081
1,2316,21.740922927856445,1.6420186758041382
1,2317,117.69094848632812,2.996263265609741
1,2318,115.01226043701172,2.3611390590667725
1,2319,46.986114501953125,2.20025897026062
1,2320,91.1512680053711,2.998601198196411
1,2321,110.00768280029297,2.6448795795440674
1,2322,29.074996948242188,1.756504774093628
1,2323,116.92729187011719,2.939716339111328
1,2324,78.47987365722656,2.3136136531829834
1,2325,64.79408264160156,2.5019919872283936
1,2326,54.929405212402344,2.3151602745056152
1,2327,63.36084747314453,2.3506569862365723
1,2328,101.00885772705078,2.92177677154541
1,2329,165.98196411132812,3.414369821548462
1,2330,190.42124938964844,4.220555782318115
1,2331,83.5959701538086,2.767092227935791
1,2332,47.537147521972656,1.9672574996948242
1,2333,130.55299377441406,3.2761433124542236
1,2334,57.56449890136719,2.0612032413482666
1,2335,79.20889282226562,2.47318172454834
1,2336,40.91158676147461,1.9767872095108032
1,2337,38.501182556152344,1.9396605491638184
1,2338,91.08880615234375,2.6079084873199463
1,2339,49.522216796875,2.3330373764038086
1,2340,93.35611724853516,2.290806770324707
1,2341,82.15400695800781,2.7571043968200684
1,2342,62.40426254272461,2.3142943382263184
1,2343,45.0004768371582,2.303532838821411
1,2344,182.90097045898438,3.9928042888641357
1,2345,97.32098388671875,3.0408565998077393
1,2346,46.263397216796875,1.9413044452667236
1,2347,26.745412826538086,1.9746150970458984
1,2348,38.014339447021484,1.8073177337646484
1,2349,47.405059814453125,2.4852192401885986
1,2350,117.77396392822266,3.2327680587768555
1,2351,83.66886901855469,3.0783512592315674
1,2352,67.2520523071289,2.5517802238464355
1,2353,100.13818359375,3.004988193511963
1,2354,22.324237823486328,1.4901173114776611
1,2355,50.16515350341797,2.4784512519836426
1,2356,117.89165496826172,3.2983953952789307
1,2357,66.57386779785156,2.5076494216918945
1,2358,98.18370819091797,2.5714306831359863
1,2359,38.26837158203125,1.9805207252502441
1,2360,52.0407600402832,1.9043667316436768
1,2361,70.25086975097656,2.3567898273468018
1,2362,55.235111236572266,2.662600517272949
1,2363,8476.6396484375,13.484060287475586
1,2364,69.54227447509766,2.5593032836914062
1,2365,72.352783203125,2.69929575920105
1,2366,62.64629364013672,2.618844747543335
1,2367,83.90504455566406,2.8636906147003174
1,2368,76.30833435058594,2.7491090297698975
1,2369,65.8000259399414,2.535521984100342
1,2370,136.02127075195312,3.2575149536132812
1,2371,51.95427703857422,2.610598564147949
1,2372,68.46538543701172,2.8469295501708984
1,2373,52.08958435058594,2.2296433448791504
1,2374,32.178428649902344,2.089738368988037
1,2375,64.07878112792969,2.549647331237793
1,2376,119.3714828491211,3.374533176422119
1,2377,112.46482849121094,3.3093605041503906
1,2378,45.503150939941406,2.397791862487793
1,2379,60.756248474121094,2.338667869567871
1,2380,178.42327880859375,4.020700931549072
1,2381,129.96905517578125,3.1430208683013916
1,2382,53.59854507446289,2.4527668952941895
1,2383,49.58995056152344,2.224597215652466
1,2384,70.06306457519531,2.4214682579040527
1,2385,57.008460998535156,2.1013307571411133
1,2386,137.40869140625,3.2385048866271973
1,2387,109.18218231201172,2.6587166786193848
1,2388,77.27001953125,2.7565197944641113
1,2389,36.31468200683594,1.953883409500122
1,2390,27.75558090209961,1.7140918970108032
1,2391,67.55712890625,2.563384532928467
1,2392,65.14527893066406,2.594383716583252
1,2393,99.14892578125,2.5707669258117676
1,2394,86.32637786865234,2.7550652027130127
1,2395,87.77186584472656,2.6606922149658203
1,2396,64.04142761230469,2.256683111190796
1,2397,54.84920883178711,2.6390347480773926
1,2398,50.617774963378906,2.231956958770752
1,2399,62.96870422363281,2.402092933654785
1,2400,24.778993606567383,1.514744758605957
1,2401,48.43195724487305,2.0665810108184814
1,2402,46.61022186279297,2.368889331817627
1,2403,42.287635803222656,2.258841037750244
1,2404,92.55744934082031,2.9558396339416504
1,2405,41.998573303222656,2.2235519886016846
1,2406,72.37521362304688,2.7708399295806885
1,2407,75.01295471191406,2.590704917907715
1,2408,104.77275085449219,2.8598904609680176
1,2409,91.046142578125,2.787014961242676
1,2410,79.70613098144531,2.687511444091797
1,2411,113.36039733886719,3.254991292953491
1,2412,267.8531188964844,4.734198093414307
1,2413,84.10337829589844,2.62046480178833
1,2414,121.6064224243164,2.5508604049682617
1,2415,56.508758544921875,2.1494216918945312
1,2416,59.34403991699219,2.457651376724243
1,2417,186.3434295654297,3.3972930908203125
1,2418,181.17636108398438,3.2683286666870117
1,2419,61.57083511352539,2.5311079025268555
1,2420,59.15481948852539,2.4783682823181152
1,2421,52.72184753417969,2.1154942512512207
1,2422,102.31810760498047,2.8871023654937744
1,2423,17.95147705078125,1.6417722702026367
1,2424,21.498661041259766,1.6457781791687012
1,2425,124.75141143798828,3.2042787075042725
1,2426,30.64541244506836,1.9749424457550049
1,2427,65.83380126953125,2.680171251296997
1,2428,63.693172454833984,2.359437942504883
1,2429,180.0992431640625,3.7368826866149902
1,2430,44.653385162353516,2.5204885005950928
1,2431,80.15081787109375,2.6055541038513184
1,2432,94.34500122070312,2.5815000534057617
1,2433,50.504249572753906,2.2051610946655273
1,2434,161.71871948242188,3.8498167991638184
1,2435,50.03119659423828,1.967456579208374
1,2436,41.30080032348633,1.9129269123077393
1,2437,22.088632583618164,1.689787745475769
1,2438,54.930908203125,2.3000307083129883
1,2439,94.49005889892578,2.7616653442382812
1,2440,26.397886276245117,1.924057960510254
1,2441,80.151123046875,2.949894428253174
1,2442,35.163658142089844,1.983411192893982
1,2443,53.32164764404297,2.095965623855591
1,2444,113.35233306884766,2.5794341564178467
1,2445,70.7198486328125,2.9050703048706055
1,2446,112.6042251586914,2.7268810272216797
1,2447,135.5468292236328,3.295258045196533
1,2448,108.13179016113281,2.813408613204956
1,2449,45.87754440307617,2.0950403213500977
1,2450,23.45944595336914,1.408346176147461
1,2451,39.39961624145508,2.078850030899048
1,2452,30.530250549316406,2.0664148330688477
1,2453,114.70413208007812,3.3313920497894287
1,2454,37.61719512939453,2.0462772846221924
1,2455,145.804443359375,3.31466007232666
1,2456,139.2534637451172,3.214050054550171
1,2457,49.917022705078125,1.9826385974884033
1,2458,64.72880554199219,2.2280263900756836
1,2459,157.07054138183594,3.6687755584716797
1,2460,63.404144287109375,2.3508291244506836
1,2461,39.24966049194336,2.251265525817871
1,2462,95.46467590332031,3.249819040298462
1,2463,33.659820556640625,1.9620120525360107
1,2464,135.37860107421875,3.203347682952881
1,2465,50.72786331176758,2.256547451019287
1,2466,49.67196273803711,2.402956485748291
1,2467,65.97286224365234,2.3047311305999756
1,2468,44.398929595947266,2.219367265701294
1,2469,27.10920524597168,1.7091578245162964
1,2470,60.750465393066406,2.3446106910705566
1,2471,137.90509033203125,2.7477097511291504
1,2472,89.11487579345703,2.500983238220215
1,2473,65.7540054321289,2.007350444793701
1,2474,24.545475006103516,1.7220706939697266
1,2475,27.632291793823242,1.6524468660354614
1,2476,55.68407440185547,2.3053808212280273
1,2477,82.14661407470703,2.7260489463806152
1,2478,128.02786254882812,2.9442620277404785
1,2479,89.03498077392578,2.899585247039795
1,2480,61.67062759399414,2.44281005859375
1,2481,57.98735046386719,2.081792116165161
1,2482,55.26520919799805,2.3663246631622314
1,2483,25.375038146972656,1.7881914377212524
1,2484,25.077566146850586,1.995003581047058
1,2485,95.54353332519531,2.6518473625183105
1,2486,92.73480987548828,2.9949238300323486
1,2487,142.0247802734375,2.9278836250305176
1,2488,38.35989761352539,1.9715080261230469
1,2489,39.50017166137695,2.204995632171631
1,2490,61.92694854736328,2.347299337387085
1,2491,54.06083297729492,2.6197638511657715
1,2492,102.52543640136719,2.881359100341797
1,2493,35.670379638671875,1.7211029529571533
1,2494,132.37242126464844,3.1261682510375977
1,2495,10.649514198303223,1.1612389087677002
1,2496,88.90082550048828,2.702699661254883
1,2497,40.808982849121094,2.0959973335266113
1,2498,48.761009216308594,2.1256775856018066
1,2499,181.23538208007812,2.1766085624694824
1,2500,222.80552673339844,3.726308822631836
1,2501,51.770530700683594,1.9873305559158325
1,2502,13.723712921142578,1.5064672231674194
1,2503,42.1157112121582,1.9810853004455566
1,2504,18.03919792175293,1.4964511394500732
1,2505,27.660907745361328,1.8873071670532227
1,2506,56.363067626953125,2.5425148010253906
1,2507,48.7095947265625,2.243394374847412
1,2508,53.63917541503906,2.4964585304260254
1,2509,112.43355560302734,3.2068135738372803
1,2510,101.04087829589844,3.14628005027771
1,2511,44.22370147705078,1.8147506713867188
1,2512,115.28639221191406,2.9815213680267334
1,2513,95.89912414550781,2.797168731689453
1,2514,11.970613479614258,1.4656095504760742
1,2515,42.953365325927734,2.131761074066162
1,2516,60.90425109863281,2.3722243309020996
1,2517,57.27806091308594,2.285386562347412
1,2518,382.41387939453125,4.678002834320068
1,2519,125.65376281738281,2.824965238571167
1,2520,66.80111694335938,2.6778156757354736
1,2521,41.285335540771484,2.2608022689819336
1,2522,39.039085388183594,2.183534622192383
1,2523,74.38836669921875,2.4488296508789062
1,2524,65.05110931396484,2.6409592628479004
1,2525,79.07271575927734,2.5038504600524902
1,2526,19.405109405517578,1.6710201501846313
1,2527,39.3010139465332,2.125417947769165
1,2528,150.48899841308594,3.640732765197754
1,2529,85.99980926513672,2.8399922847747803
1,2530,66.2362289428711,2.4204020500183105
1,2531,136.81094360351562,3.3843207359313965
1,2532,98.93997192382812,3.021195650100708
1,2533,114.79904174804688,3.1142754554748535
1,2534,74.8600845336914,2.5262656211853027
1,2535,31.456771850585938,1.8600897789001465
1,2536,70.19149017333984,2.5458855628967285
1,2537,43.500213623046875,1.7619907855987549
1,2538,65.94400787353516,2.504971742630005
1,2539,116.62738800048828,3.2735931873321533
1,2540,75.20535278320312,2.47684383392334
1,2541,24.875471115112305,1.5447890758514404
1,2542,119.22779846191406,3.377004384994507
1,2543,18.57583236694336,1.6589510440826416
1,2544,63.285850524902344,2.5153608322143555
1,2545,55.115875244140625,2.384641647338867
1,2546,51.13174819946289,2.0803117752075195
1,2547,386.0679931640625,4.058007717132568
1,2548,102.64755249023438,2.970369815826416
1,2549,67.61558532714844,2.4613099098205566
1,2550,82.94961547851562,3.0464022159576416
1,2551,100.3203353881836,2.887901782989502
1,2552,181.8980712890625,3.6098787784576416
1,2553,62.27815628051758,2.696326732635498
1,2554,89.96472930908203,2.9722161293029785
1,2555,103.70819091796875,2.687598943710327
1,2556,91.86039733886719,2.923536777496338
1,2557,108.7668228149414,3.121004581451416
1,2558,103.95416259765625,3.107832431793213
1,2559,59.41437911987305,2.281992197036743
1,2560,68.90019989013672,2.487154006958008
1,2561,96.6803970336914,2.6400935649871826
1,2562,121.44638061523438,3.383091449737549
1,2563,94.24040222167969,3.1320064067840576
1,2564,47.09520721435547,2.0135369300842285
1,2565,82.6950912475586,2.381943464279175
1,2566,68.75265502929688,2.54144024848938
1,2567,45.51251220703125,2.1690468788146973
1,2568,63.433502197265625,2.5350866317749023
1,2569,76.19554901123047,2.642125129699707
1,2570,199.90957641601562,4.318588733673096
1,2571,92.77836608886719,2.9846997261047363
1,2572,73.3648910522461,2.3611321449279785
1,2573,119.58296966552734,3.265775680541992
1,2574,112.36639404296875,3.066800355911255
1,2575,211.64590454101562,3.794515371322632
1,2576,107.00261688232422,3.270409107208252
1,2577,19.31676483154297,1.7570843696594238
1,2578,33.891021728515625,1.819284200668335
1,2579,222.67587280273438,4.298646450042725
1,2580,64.69792938232422,2.694589138031006
1,2581,106.85006713867188,3.23110294342041
1,2582,125.56370544433594,2.9833006858825684
1,2583,117.93194580078125,3.231416702270508
1,2584,29.56839370727539,1.559504508972168
1,2585,77.0421142578125,2.4185876846313477
1,2586,46.36450958251953,2.2865090370178223
1,2587,45.547576904296875,2.3079991340637207
1,2588,64.43836975097656,2.236870527267456
1,2589,23.786710739135742,1.9148914813995361
1,2590,149.56971740722656,3.2350449562072754
1,2591,93.1921615600586,2.8866355419158936
1,2592,65.32467651367188,2.5886683464050293
1,2593,86.14335632324219,2.284503936767578
1,2594,80.57408142089844,2.618896961212158
1,2595,87.0323257446289,2.555171489715576
1,2596,204.1106414794922,4.3242411613464355
1,2597,105.08072662353516,3.268221378326416
1,2598,81.79327392578125,2.848649024963379
1,2599,145.42108154296875,3.4561572074890137
1,2600,27.32767105102539,1.8881587982177734
1,2601,103.80337524414062,2.909177780151367
1,2602,124.60208129882812,3.250744581222534
1,2603,44.67123794555664,2.23292875289917
1,2604,97.38684844970703,3.1465606689453125
1,2605,47.41896438598633,2.394376754760742
1,2606,104.94112396240234,3.2834243774414062
1,2607,170.9254608154297,4.033329486846924
1,2608,151.36276245117188,3.898489475250244
1,2609,129.6325225830078,2.8661410808563232
1,2610,81.08564758300781,2.6581039428710938
1,2611,73.89716339111328,2.7040278911590576
1,2612,44.01411437988281,2.3683295249938965
1,2613,39.658199310302734,2.190218448638916
1,2614,131.96124267578125,3.4300410747528076
1,2615,148.13705444335938,3.4902782440185547
1,2616,22.42982292175293,1.490283727645874
1,2617,103.35763549804688,2.6241931915283203
1,2618,131.5914764404297,3.5316972732543945
1,2619,43.58448028564453,2.08970046043396
1,2620,44.07278060913086,2.328453302383423
1,2621,19.246938705444336,1.412912368774414
1,2622,127.09064483642578,3.414433479309082
1,2623,164.33187866210938,3.7765755653381348
1,2624,75.85020446777344,2.2418313026428223
1,2625,78.47815704345703,2.8519482612609863
1,2626,90.7421875,2.73106050491333
1,2627,111.84285736083984,2.9266958236694336
1,2628,47.244171142578125,2.0933053493499756
1,2629,55.070709228515625,2.1488187313079834
1,2630,54.565269470214844,2.2304813861846924
1,2631,101.51852416992188,2.958428382873535
1,2632,135.21401977539062,3.3553621768951416
1,2633,73.87035369873047,2.5402660369873047
1,2634,79.71842193603516,2.731250286102295
1,2635,73.40556335449219,2.7978134155273438
1,2636,142.88502502441406,3.7309930324554443
1,2637,65.22981262207031,2.466191291809082
1,2638,151.407958984375,2.970712184906006
1,2639,47.11122131347656,2.1575353145599365
1,2640,104.84095764160156,2.9196817874908447
1,2641,109.79458618164062,3.300894260406494
1,2642,70.31238555908203,1.9456473588943481
1,2643,140.6702117919922,3.4278225898742676
1,2644,46.35816955566406,2.0486745834350586
1,2645,65.24967956542969,2.6675448417663574
1,2646,131.3436279296875,3.4052441120147705
1,2647,132.83123779296875,3.2906877994537354
1,2648,78.26536560058594,2.72714900970459
1,2649,46.810916900634766,2.2449450492858887
1,2650,22.791166305541992,1.4657996892929077
1,2651,73.84796905517578,2.668381929397583
1,2652,74.73628997802734,2.536879777908325
1,2653,47.25359344482422,2.1871910095214844
1,2654,48.23359298706055,2.252882957458496
1,2655,60.235069274902344,2.486417293548584
1,2656,116.4917984008789,2.6795825958251953
1,2657,37.13541793823242,2.0165815353393555
1,2658,71.79010009765625,2.8495938777923584
1,2659,131.9871826171875,3.3947362899780273
1,2660,40.57543182373047,2.062823534011841
1,2661,33.72393035888672,2.1564769744873047
1,2662,71.03944396972656,2.4816222190856934
1,2663,61.10048294067383,2.5594987869262695
1,2664,55.682796478271484,2.155430793762207
1,2665,148.92539978027344,3.60945463180542
1,2666,60.75480651855469,2.506925582885742
1,2667,89.43412017822266,2.838287115097046
1,2668,56.954017639160156,2.134361505508423
1,2669,59.7471923828125,2.078237533569336
1,2670,262.24053955078125,4.9378485679626465
1,2671,100.88910675048828,2.934034824371338
1,2672,23.0229549407959,1.7126165628433228
1,2673,63.295684814453125,2.444904327392578
1,2674,62.31344223022461,2.5224127769470215
1,2675,43.44062042236328,2.1633269786834717
1,2676,136.4507293701172,3.1576900482177734
1,2677,44.743385314941406,2.2250235080718994
1,2678,97.80045318603516,2.9313464164733887
1,2679,44.621665954589844,1.9856349229812622
1,2680,22.704652786254883,1.721337080001831
1,2681,49.440155029296875,2.430675506591797
1,2682,52.42987060546875,1.6137982606887817
1,2683,16.174434661865234,1.5205574035644531
1,2684,33.67622375488281,1.7902836799621582
1,2685,81.68509674072266,2.8751792907714844
1,2686,125.88626861572266,3.5624914169311523
1,2687,26.45431137084961,1.762138843536377
1,2688,60.449501037597656,2.0735812187194824
1,2689,67.31421661376953,2.4502596855163574
1,2690,107.09014129638672,2.881399631500244
1,2691,140.33172607421875,3.0078020095825195
1,2692,225.35733032226562,4.061033248901367
1,2693,31.618562698364258,1.770627498626709
1,2694,94.0007095336914,2.7896065711975098
1,2695,28.099422454833984,1.8657338619232178
1,2696,138.91458129882812,3.668898105621338
1,2697,59.93532180786133,2.633068323135376
1,2698,15.017908096313477,1.283277153968811
1,2699,63.37676239013672,2.4215989112854004
1,2700,61.746826171875,2.5664823055267334
1,2701,90.33781433105469,2.657902240753174
1,2702,43.122867584228516,1.86558997631073
1,2703,34.14031219482422,1.793504238128662
1,2704,87.88153076171875,2.0526914596557617
1,2705,79.15486145019531,2.6417014598846436
1,2706,95.62078094482422,3.05505633354187
1,2707,125.16504669189453,2.9503726959228516
1,2708,94.64971923828125,2.8950538635253906
1,2709,68.08609008789062,2.155282974243164
1,2710,131.48171997070312,3.1848597526550293
1,2711,132.26101684570312,3.0699098110198975
1,2712,73.46803283691406,2.4732327461242676
1,2713,43.27450942993164,2.110987663269043
1,2714,68.51255798339844,2.446718454360962
1,2715,95.21862030029297,2.7392992973327637
1,2716,66.17567443847656,2.5053563117980957
1,2717,44.780235290527344,2.0368199348449707
1,2718,61.30976867675781,2.2169792652130127
1,2719,30.674509048461914,2.00500226020813
1,2720,37.18887710571289,2.098931312561035
1,2721,46.18424987792969,2.2301840782165527
1,2722,41.714561462402344,2.0877933502197266
1,2723,30.067258834838867,1.8685927391052246
1,2724,51.82313919067383,1.8670430183410645
1,2725,50.31492614746094,2.181656837463379
1,2726,74.05918884277344,3.016526460647583
1,2727,63.32647705078125,2.336337089538574
1,2728,72.29518127441406,2.464113712310791
1,2729,59.47641372680664,2.2769765853881836
1,2730,215.7494659423828,4.10073184967041
1,2731,127.46492004394531,2.8481314182281494
1,2732,69.11314392089844,2.4228005409240723
1,2733,80.56718444824219,2.598064422607422
1,2734,27.78973388671875,1.6473766565322876
1,2735,82.36149597167969,2.7564382553100586
1,2736,116.58895111083984,3.2520201206207275
1,2737,48.686424255371094,2.3829450607299805
1,2738,54.69012451171875,2.3356411457061768
1,2739,168.85009765625,3.926422595977783
1,2740,73.83065795898438,2.416680097579956
1,2741,59.1223030090332,2.4234890937805176
1,2742,59.560585021972656,2.4567222595214844
1,2743,36.34934997558594,1.8305604457855225
1,2744,88.93505096435547,2.6458256244659424
1,2745,54.5103874206543,2.3714699745178223
1,2746,100.58383178710938,2.4706692695617676
1,2747,202.8617401123047,4.201242446899414
1,2748,42.56909942626953,1.7215547561645508
1,2749,99.84691619873047,2.6132402420043945
1,2750,265.74127197265625,4.1186299324035645
1,2751,94.63076782226562,3.08143949508667
1,2752,39.071083068847656,2.157900333404541
1,2753,33.82904815673828,1.99015474319458
1,2754,157.22579956054688,3.9167068004608154
1,2755,113.88150787353516,3.084089994430542
1,2756,36.098323822021484,2.248026132583618
1,2757,86.68098449707031,2.6513020992279053
1,2758,40.906166076660156,1.6725516319274902
1,2759,39.522403717041016,1.7408502101898193
1,2760,86.37953186035156,2.710721492767334
1,2761,41.220497131347656,2.0594613552093506
1,2762,65.9042739868164,2.3508877754211426
1,2763,67.72038269042969,2.5680112838745117
1,2764,22.56597328186035,1.7017033100128174
1,2765,51.016929626464844,2.4819014072418213
1,2766,113.97472381591797,2.7416141033172607
1,2767,16.234577178955078,1.4633398056030273
1,2768,99.68806457519531,2.7076172828674316
1,2769,10.075285911560059,1.4288320541381836
1,2770,158.11717224121094,3.1483404636383057
1,2771,229.63772583007812,3.2689499855041504
1,2772,100.68924713134766,3.136101722717285
1,2773,54.69398880004883,2.4052250385284424
1,2774,155.43197631835938,3.495047092437744
1,2775,94.40945434570312,2.622760772705078
1,2776,119.23619079589844,2.8610339164733887
1,2777,81.62554168701172,2.756659984588623
1,2778,69.83296203613281,2.9434189796447754
1,2779,22.168170928955078,1.6632180213928223
1,2780,109.47735595703125,3.2186765670776367
1,2781,85.7757339477539,2.876041889190674
1,2782,66.6363754272461,2.6475226879119873
1,2783,169.23646545410156,3.442352294921875
1,2784,111.26470184326172,3.05619740486145
1,2785,83.7879867553711,2.193392276763916
1,2786,77.33003234863281,2.524813175201416
1,2787,70.04199981689453,2.399933338165283
1,2788,100.0984878540039,3.093454360961914
1,2789,51.14594268798828,2.2834668159484863
1,2790,156.20799255371094,3.4592463970184326
1,2791,71.15718841552734,2.4145407676696777
1,2792,66.12736511230469,2.3621983528137207
1,2793,138.57608032226562,3.3087029457092285
1,2794,113.7896728515625,2.984221935272217
1,2795,60.159523010253906,2.6351583003997803
1,2796,191.09095764160156,3.868445634841919
1,2797,151.7200164794922,3.5196313858032227
1,2798,118.13829040527344,3.1314756870269775
1,2799,32.862548828125,1.9033564329147339
1,2800,33.076759338378906,1.8802452087402344
1,2801,66.06976318359375,2.41753888130188
1,2802,165.1480712890625,3.437650680541992
1,2803,29.948123931884766,1.5003941059112549
1,2804,71.82022094726562,2.3253536224365234
1,2805,90.02999877929688,2.292595386505127
1,2806,82.42382049560547,2.7414608001708984
1,2807,133.7367706298828,3.3850550651550293
1,2808,90.75359344482422,2.7934226989746094
1,2809,76.73500061035156,2.62898588180542
1,2810,72.70628356933594,2.528773784637451
1,2811,54.647979736328125,2.086444616317749
1,2812,37.98661422729492,1.924380898475647
1,2813,220.6395721435547,4.00093412399292
1,2814,97.44046020507812,2.9251699447631836
1,2815,149.46185302734375,3.307014226913452
1,2816,38.300804138183594,1.9760591983795166
1,2817,92.15531921386719,3.340819835662842
1,2818,81.08883666992188,2.9038894176483154
1,2819,18.031431198120117,1.661414623260498
1,2820,153.15248107910156,3.051846742630005
1,2821,44.4986686706543,1.943662405014038
1,2822,63.68949508666992,2.4009604454040527
1,2823,102.0157699584961,3.3318285942077637
1,2824,46.99159240722656,2.299006223678589
1,2825,51.141605377197266,1.8701958656311035
1,2826,26.380271911621094,1.756152868270874
1,2827,73.50718688964844,2.822587013244629
1,2828,59.658504486083984,2.756382942199707
1,2829,53.390567779541016,1.6242318153381348
1,2830,121.95084381103516,2.650024652481079
1,2831,47.611061096191406,1.9249427318572998
1,2832,101.15653228759766,2.365811824798584
1,2833,52.54716873168945,2.114549160003662
1,2834,58.41645431518555,2.346822500228882
1,2835,42.45906066894531,2.2108540534973145
1,2836,98.89744567871094,3.2444591522216797
1,2837,82.17011260986328,2.072711229324341
1,2838,162.07823181152344,3.173206329345703
1,2839,93.70599365234375,2.9217848777770996
1,2840,36.18273162841797,2.0839383602142334
1,2841,51.865604400634766,2.381734848022461
1,2842,20.970550537109375,1.7212828397750854
1,2843,47.16994094848633,1.9362800121307373
1,2844,14.70755672454834,1.1979365348815918
1,2845,50.4155158996582,1.9402711391448975
1,2846,29.615962982177734,1.8239338397979736
1,2847,60.77406311035156,2.6115856170654297
1,2848,69.25447845458984,2.2662148475646973
1,2849,69.32128143310547,2.283200263977051
1,2850,110.35257720947266,3.192443370819092
1,2851,111.00379943847656,3.0670876502990723
1,2852,39.90013885498047,1.6112589836120605
1,2853,27.374126434326172,1.730947732925415
1,2854,72.42701721191406,2.7826972007751465
1,2855,84.95719146728516,2.608945369720459
1,2856,22.958059310913086,1.8759639263153076
1,2857,45.57440185546875,1.9010668992996216
1,2858,94.44743347167969,3.1161890029907227
1,2859,170.5209197998047,3.788698673248291
1,2860,90.08338165283203,2.7417683601379395
1,2861,70.01786041259766,2.398073434829712
1,2862,110.8827896118164,2.898947238922119
1,2863,43.534507751464844,1.7618324756622314
1,2864,67.3958511352539,2.5648584365844727
1,2865,90.26498413085938,2.4609382152557373
1,2866,60.5900993347168,2.2304396629333496
1,2867,104.30558013916016,2.8354363441467285
1,2868,71.07933807373047,2.3753421306610107
1,2869,163.51148986816406,3.766488790512085
1,2870,57.627349853515625,2.3861634731292725
1,2871,57.520286560058594,2.481442451477051
1,2872,102.45101165771484,2.7032711505889893
1,2873,77.17802429199219,2.713082790374756
1,2874,54.51014709472656,2.2065834999084473
1,2875,82.14167022705078,2.903975009918213
1,2876,182.33999633789062,3.5860636234283447
1,2877,28.61517906188965,1.7395124435424805
1,2878,87.04484558105469,2.9879262447357178
1,2879,70.41455078125,2.5917844772338867
1,2880,61.47132873535156,2.3090760707855225
1,2881,84.77629852294922,2.1285834312438965
1,2882,46.27035140991211,2.1846468448638916
1,2883,102.20450592041016,3.1790108680725098
1,2884,58.959781646728516,2.4451539516448975
1,2885,129.163330078125,3.268148422241211
1,2886,54.68366622924805,2.2978055477142334
1,2887,42.681304931640625,2.2607216835021973
1,2888,102.79586791992188,3.1930627822875977
1,2889,85.47510528564453,2.668152332305908
1,2890,87.4695816040039,2.5976243019104004
1,2891,83.25750732421875,2.631957530975342
1,2892,56.938026428222656,2.2708659172058105
1,2893,128.11976623535156,2.859233856201172
1,2894,26.565181732177734,1.3143641948699951
1,2895,42.68907165527344,2.099635124206543
1,2896,89.63118743896484,2.8368144035339355
1,2897,61.629486083984375,2.239748477935791
1,2898,124.91165161132812,3.08476185798645
1,2899,69.15679168701172,2.801199436187744
1,2900,53.98329544067383,2.369746685028076
1,2901,57.49066925048828,2.3727712631225586
1,2902,86.82064056396484,2.8914427757263184
1,2903,90.04911804199219,2.879574775695801
1,2904,60.42958068847656,2.202267646789551
1,2905,143.8082275390625,3.0247418880462646
1,2906,41.641357421875,1.8022189140319824
1,2907,88.18815612792969,2.4686453342437744
1,2908,59.913177490234375,2.5653767585754395
1,2909,87.7216567993164,2.8899283409118652
1,2910,143.4011993408203,3.4218647480010986
1,2911,93.47286987304688,2.5635600090026855
1,2912,31.212430953979492,1.8625848293304443
1,2913,39.70885467529297,2.0399043560028076
1,2914,84.20600891113281,2.8289871215820312
1,2915,23.364675521850586,1.8356671333312988
1,2916,55.21427917480469,2.676788091659546
1,2917,83.45861053466797,2.6023895740509033
1,2918,64.96881103515625,2.233666181564331
1,2919,72.05386352539062,2.8135886192321777
1,2920,186.82675170898438,4.084314346313477
1,2921,114.2829818725586,2.9233078956604004
1,2922,137.46438598632812,3.6921885013580322
1,2923,69.22390747070312,2.5961456298828125
1,2924,43.31663513183594,1.990605354309082
1,2925,355.54376220703125,4.128522872924805
1,2926,130.92510986328125,3.014608860015869
1,2927,72.81133270263672,2.6679787635803223
1,2928,51.741859436035156,2.2110743522644043
1,2929,58.10734176635742,2.133660078048706
1,2930,158.38723754882812,3.8126602172851562
1,2931,82.88551330566406,2.6388344764709473
1,2932,40.0335578918457,1.8903656005859375
1,2933,75.02376556396484,2.7563486099243164
1,2934,55.60472869873047,2.205615282058716
1,2935,8.163881301879883,1.3390722274780273
1,2936,80.61492919921875,2.7761173248291016
1,2937,58.441856384277344,2.528566360473633
1,2938,95.55569458007812,2.5744714736938477
1,2939,69.57196044921875,2.5677928924560547
1,2940,67.39647674560547,2.3276877403259277
1,2941,89.88307189941406,2.444730043411255
1,2942,117.18733215332031,3.2437045574188232
1,2943,66.6308364868164,2.56499981880188
1,2944,40.595794677734375,2.2625255584716797
1,2945,74.34452056884766,2.525083065032959
1,2946,89.68943786621094,2.942898750305176
1,2947,35.71519470214844,1.7990726232528687
1,2948,86.26441192626953,2.8511345386505127
1,2949,33.530155181884766,2.1285367012023926
1,2950,76.44999694824219,2.1787047386169434
1,2951,20.484146118164062,1.6401143074035645
1,2952,14.889647483825684,1.3815802335739136
1,2953,28.997249603271484,1.810463309288025
1,2954,50.75957107543945,2.249065637588501
1,2955,194.07289123535156,3.7111096382141113
1,2956,50.562705993652344,2.360126495361328
1,2957,39.07858657836914,2.065084934234619
1,2958,18.051437377929688,1.3858462572097778
1,2959,194.520263671875,3.8987717628479004
1,2960,84.0726547241211,2.6668171882629395
1,2961,23.079391479492188,1.7480831146240234
1,2962,131.48355102539062,3.2450525760650635
1,2963,68.87788391113281,2.333543300628662
1,2964,60.134979248046875,2.249478578567505
1,2965,78.83296966552734,2.765079975128174
1,2966,187.82020568847656,4.237308025360107
1,2967,55.91298294067383,2.3748714923858643
1,2968,39.718772888183594,1.6851966381072998
1,2969,90.00849914550781,2.860692024230957
1,2970,75.26411437988281,2.3840036392211914
1,2971,5.896559238433838,0.8657383918762207
1,2972,17.24026107788086,1.5607316493988037
1,2973,35.986412048339844,1.872072458267212
1,2974,154.4819793701172,3.1863527297973633
1,2975,153.92367553710938,3.7478954792022705
1,2976,75.43263244628906,2.648624897003174
1,2977,25.1568603515625,1.5345001220703125
1,2978,69.87657165527344,2.519472599029541
1,2979,72.1875,2.7832980155944824
1,2980,89.70970153808594,2.853851795196533
1,2981,57.59709167480469,2.2557458877563477
1,2982,51.45146942138672,1.9621864557266235
1,2983,34.404052734375,2.1163718700408936
1,2984,100.46726989746094,2.4772908687591553
1,2985,37.986572265625,2.014681100845337
1,2986,65.26620483398438,2.726004123687744
1,2987,101.23239135742188,2.77077579498291
1,2988,67.91239929199219,2.5723845958709717
1,2989,110.4811019897461,2.6472344398498535
1,2990,55.06132888793945,2.4652907848358154
1,2991,46.32635498046875,2.2687556743621826
1,2992,124.59573364257812,2.8791308403015137
1,2993,46.710533142089844,2.037949800491333
1,2994,68.9629898071289,2.7955126762390137
1,2995,54.00965881347656,2.227498769760132
1,2996,39.92210006713867,2.0855743885040283
1,2997,70.63545227050781,2.377086639404297
1,2998,43.00331497192383,1.94657564163208
1,2999,28.258102416992188,2.0894765853881836
1,3000,87.08491516113281,2.914689064025879
1,3001,76.98843383789062,2.639190673828125
1,3002,60.012420654296875,2.483867645263672
1,3003,172.75424194335938,4.135554313659668
1,3004,53.58962631225586,2.4928038120269775
1,3005,60.1046142578125,2.655914306640625
1,3006,84.5576400756836,2.7192461490631104
1,3007,16.667423248291016,1.4360802173614502
1,3008,77.03144073486328,2.570176839828491
1,3009,66.42306518554688,2.6580867767333984
1,3010,79.30772399902344,2.9994072914123535
1,3011,161.55262756347656,3.4369454383850098
1,3012,48.606510162353516,2.3683056831359863
1,3013,84.73680877685547,2.8503592014312744
1,3014,36.13389587402344,2.085277557373047
1,3015,75.98960876464844,2.379251003265381
1,3016,85.94854736328125,2.5887746810913086
1,3017,66.07266235351562,2.5072884559631348
1,3018,105.34237670898438,2.7194271087646484
1,3019,42.8011474609375,2.1966614723205566
1,3020,56.81694793701172,2.3175292015075684
1,3021,71.93033599853516,2.311673164367676
1,3022,96.20861053466797,2.673402786254883
1,3023,87.021484375,2.896719455718994
1,3024,52.978973388671875,2.305732250213623
1,3025,63.93821716308594,2.368027687072754
1,3026,82.00360107421875,2.824946165084839
1,3027,91.78541564941406,2.793997287750244
1,3028,186.0598907470703,4.2830681800842285
1,3029,28.056333541870117,1.7881361246109009
1,3030,103.60623168945312,2.795320987701416
1,3031,74.2081298828125,2.481231451034546
1,3032,53.95147705078125,2.3598592281341553
1,3033,42.038089752197266,2.2800724506378174
1,3034,55.104434967041016,1.9813464879989624
1,3035,108.0111083984375,2.963167428970337
1,3036,84.93238067626953,2.7707347869873047
1,3037,73.9146728515625,2.974120616912842
1,3038,31.660614013671875,1.8793964385986328
1,3039,102.635009765625,2.788684844970703
1,3040,107.35527038574219,2.770240306854248
1,3041,107.86225128173828,2.731894016265869
1,3042,102.29810333251953,2.6865925788879395
1,3043,65.5428695678711,2.365886926651001
1,3044,50.719635009765625,2.275364398956299
1,3045,143.61903381347656,3.2799746990203857
1,3046,30.16636085510254,1.976656198501587
1,3047,36.62362289428711,1.9268641471862793
1,3048,57.053951263427734,2.280237913131714
1,3049,77.76311492919922,2.5733323097229004
1,3050,213.99510192871094,3.3830747604370117
1,3051,35.177947998046875,2.085709571838379
1,3052,98.11317443847656,2.830484390258789
1,3053,73.2011947631836,2.668419361114502
1,3054,14.891022682189941,1.6398358345031738
1,3055,16.420366287231445,1.5426585674285889
1,3056,37.10205078125,1.836896300315857
1,3057,27.63773536682129,1.8705368041992188
1,3058,55.248741149902344,2.4748830795288086
1,3059,142.333251953125,3.442296028137207
1,3060,62.16433334350586,2.66343092918396
1,3061,63.967567443847656,2.263824462890625
1,3062,76.10478210449219,2.671386957168579
1,3063,91.03096771240234,2.959890365600586
1,3064,34.823787689208984,2.0306386947631836
1,3065,109.827392578125,3.179408311843872
1,3066,86.1693344116211,2.6517436504364014
1,3067,38.18152618408203,2.1606922149658203
1,3068,48.207763671875,1.8624577522277832
1,3069,123.71075439453125,3.0044007301330566
1,3070,13.560172080993652,1.2396626472473145
1,3071,190.458740234375,3.495413064956665
1,3072,177.19921875,3.456880569458008
1,3073,87.33786010742188,2.838120460510254
1,3074,89.13481140136719,2.977144718170166
1,3075,83.30472564697266,2.6595559120178223
1,3076,80.45341491699219,2.159137010574341
1,3077,58.48115921020508,2.648319721221924
1,3078,55.93096923828125,2.579486846923828
1,3079,83.80399322509766,3.0563488006591797
1,3080,152.2867889404297,3.22849702835083
1,3081,80.7629165649414,2.7675728797912598
1,3082,57.893287658691406,2.0295801162719727
1,3083,191.38604736328125,4.227858543395996
1,3084,54.302101135253906,2.555483102798462
1,3085,62.61861801147461,2.5400712490081787
1,3086,43.315460205078125,2.006290912628174
1,3087,198.63169860839844,3.9376769065856934
1,3088,62.219329833984375,2.4894003868103027
1,3089,17.817474365234375,1.4031860828399658
1,3090,45.63679885864258,2.2280592918395996
1,3091,68.97601318359375,2.6429286003112793
1,3092,141.2667236328125,3.6322782039642334
1,3093,73.91124725341797,2.964036703109741
1,3094,66.27224731445312,2.444436550140381
1,3095,91.41831970214844,3.1158108711242676
1,3096,103.05232238769531,2.9824979305267334
1,3097,162.70018005371094,3.4793553352355957
1,3098,119.28890991210938,3.1911730766296387
1,3099,56.56437683105469,2.3308262825012207
1,3100,48.87592315673828,2.2609386444091797
1,3101,80.08526611328125,3.049370765686035
1,3102,74.96746063232422,2.7069740295410156
1,3103,47.306549072265625,2.4142708778381348
1,3104,24.477243423461914,1.7122101783752441
1,3105,146.7969970703125,3.442208766937256
1,3106,63.639244079589844,2.67425799369812
1,3107,40.16917037963867,1.8249921798706055
1,3108,41.62873840332031,2.0717692375183105
1,3109,69.04167175292969,2.654120683670044
1,3110,26.927425384521484,1.84055757522583
1,3111,180.83326721191406,3.7591190338134766
1,3112,83.58268737792969,2.8670413494110107
1,3113,37.445030212402344,1.859443187713623
1,3114,197.29788208007812,3.7199161052703857
1,3115,201.876708984375,3.6608939170837402
1,3116,39.059478759765625,2.136343002319336
1,3117,149.0523223876953,3.134065866470337
1,3118,245.77792358398438,3.958038330078125
1,3119,53.88960266113281,2.498897075653076
1,3120,94.79984283447266,2.835597515106201
1,3121,92.97856903076172,2.603410005569458
1,3122,86.10479736328125,3.0224666595458984
1,3123,87.48211669921875,2.5376882553100586
1,3124,30.087560653686523,2.0393478870391846
1,3125,104.71060180664062,2.9009273052215576
1,3126,37.746177673339844,1.9988700151443481
1,3127,87.3933334350586,2.668196201324463
1,3128,50.54872131347656,2.0759472846984863
1,3129,67.12911987304688,2.3633742332458496
1,3130,30.790197372436523,1.8712700605392456
1,3131,52.178184509277344,2.155484199523926
1,3132,20.34273910522461,1.4293878078460693
1,3133,64.21917724609375,2.46952223777771
1,3134,18.21358871459961,1.6490156650543213
1,3135,38.06386184692383,1.9477485418319702
1,3136,50.635475158691406,2.225417375564575
1,3137,70.3301773071289,2.5339765548706055
1,3138,51.76995086669922,2.2031538486480713
1,3139,76.96172332763672,2.738590955734253
1,3140,50.6445426940918,1.965407133102417
1,3141,64.85051727294922,2.5729520320892334
1,3142,71.03150939941406,2.234483242034912
1,3143,92.27467346191406,2.8377878665924072
1,3144,64.6836929321289,2.076810836791992
1,3145,56.35456085205078,2.171410083770752
1,3146,69.86302185058594,2.5645854473114014
1,3147,81.82230377197266,2.739561080932617
1,3148,121.12948608398438,3.059152126312256
1,3149,32.01283264160156,2.053406238555908
1,3150,53.06635665893555,2.176257848739624
1,3151,22.26236343383789,1.829008936882019
1,3152,58.37788009643555,2.6859052181243896
1,3153,39.289894104003906,1.8929626941680908
1,3154,35.78205108642578,2.0455729961395264
1,3155,82.8912582397461,2.3055076599121094
1,3156,75.30433654785156,2.4266092777252197
1,3157,53.76552963256836,2.3763744831085205
1,3158,39.314456939697266,1.953066349029541
1,3159,57.469512939453125,2.3741393089294434
1,3160,61.99907684326172,2.433039903640747
1,3161,108.10106658935547,2.4023046493530273
1,3162,75.93566131591797,2.5635826587677
1,3163,85.58283996582031,2.7486424446105957
1,3164,33.27771759033203,1.6396424770355225
1,3165,49.59130859375,2.5113539695739746
1,3166,43.34016036987305,2.0402755737304688
1,3167,114.91834259033203,3.0881378650665283
1,3168,79.57888793945312,2.341404676437378
1,3169,40.319488525390625,2.2405600547790527
1,3170,132.72930908203125,3.0665361881256104
1,3171,25.18799591064453,1.4265310764312744
1,3172,55.93904113769531,2.2270119190216064
1,3173,68.20628356933594,2.4337334632873535
1,3174,55.037681579589844,2.478747844696045
1,3175,103.20893096923828,3.1491265296936035
1,3176,117.32072448730469,3.219757080078125
1,3177,34.56182861328125,2.120093584060669
1,3178,99.69225311279297,3.102123975753784
1,3179,17.790573120117188,1.514890432357788
1,3180,72.75829315185547,2.344736337661743
1,3181,86.49761962890625,2.560601234436035
1,3182,118.63024139404297,3.1314797401428223
1,3183,49.72732162475586,2.035179376602173
1,3184,39.606292724609375,1.8252077102661133
1,3185,56.64510726928711,2.435324192047119
1,3186,71.23242950439453,2.4967379570007324
1,3187,103.14920043945312,2.8267369270324707
1,3188,31.453083038330078,1.8765331506729126
1,3189,54.02729797363281,2.1223232746124268
1,3190,19.196964263916016,1.4236791133880615
1,3191,93.29386901855469,2.678572654724121
1,3192,59.59611129760742,2.1840124130249023
1,3193,115.52172088623047,3.1808862686157227
1,3194,55.025390625,2.111410140991211
1,3195,134.60739135742188,3.0517473220825195
1,3196,28.567123413085938,1.5547096729278564
1,3197,105.14086151123047,2.73600435256958
1,3198,163.64768981933594,3.5502796173095703
1,3199,105.53739166259766,2.6536865234375
1,3200,69.54344177246094,2.56740403175354
1,3201,9.493170738220215,1.3971097469329834
1,3202,22.753217697143555,1.5847067832946777
1,3203,31.672269821166992,1.8254352807998657
1,3204,50.35581588745117,2.131699562072754
1,3205,81.11103820800781,2.5934367179870605
1,3206,182.96322631835938,3.607273578643799
1,3207,68.49222564697266,2.5660901069641113
1,3208,51.844417572021484,2.4402213096618652
1,3209,79.23303985595703,2.798884153366089
1,3210,134.55227661132812,3.4373130798339844
1,3211,107.72480773925781,3.0336198806762695
1,3212,185.8307342529297,3.732036590576172
1,3213,85.97622680664062,2.862727403640747
1,3214,162.30340576171875,3.292703866958618
1,3215,103.40618896484375,3.0252861976623535
1,3216,49.82741928100586,1.9063069820404053
1,3217,59.76972198486328,2.5739593505859375
1,3218,56.14423370361328,2.339134693145752
1,3219,132.69349670410156,2.9733080863952637
1,3220,52.60149383544922,1.9672541618347168
1,3221,53.77549743652344,2.3912978172302246
1,3222,127.89127349853516,3.3460378646850586
1,3223,29.308942794799805,1.7459158897399902
1,3224,35.66148376464844,1.969677448272705
1,3225,104.03555297851562,2.7809228897094727
1,3226,62.33460998535156,2.5301060676574707
1,3227,77.91900634765625,2.5817301273345947
1,3228,86.00033569335938,2.760190486907959
1,3229,69.53120422363281,1.9891301393508911
1,3230,118.88673400878906,3.0620100498199463
1,3231,29.727210998535156,1.9609324932098389
1,3232,100.82890319824219,3.044541358947754
1,3233,77.65817260742188,2.8349387645721436
1,3234,57.43104553222656,2.394890308380127
1,3235,27.21397590637207,1.7300502061843872
1,3236,112.0276107788086,2.7197484970092773
1,3237,141.58026123046875,3.73313307762146
1,3238,66.4254150390625,2.7750024795532227
1,3239,24.755220413208008,1.6641418933868408
1,3240,43.065452575683594,2.0418553352355957
1,3241,32.64310073852539,2.091881036758423
1,3242,48.64499282836914,2.0156455039978027
1,3243,63.40542984008789,2.5770788192749023
1,3244,141.50245666503906,3.697077751159668
1,3245,112.99305725097656,3.042982578277588
1,3246,49.84816360473633,2.1185357570648193
1,3247,33.921897888183594,1.6992043256759644
1,3248,81.19075012207031,2.9627346992492676
1,3249,141.70599365234375,3.5861260890960693
1,3250,58.772216796875,2.1181552410125732
1,3251,68.02200317382812,2.1199259757995605
1,3252,71.43801879882812,2.7719922065734863
1,3253,28.555137634277344,1.8256480693817139
1,3254,54.860069274902344,2.2574429512023926
1,3255,95.62491607666016,3.330738067626953
1,3256,30.497121810913086,2.0887973308563232
1,3257,46.422672271728516,2.2841501235961914
1,3258,84.30122375488281,2.048149347305298
1,3259,101.2041244506836,3.0230555534362793
1,3260,131.154052734375,2.8065710067749023
1,3261,76.39098358154297,2.679579019546509
1,3262,49.4843864440918,2.162125587463379
1,3263,27.348981857299805,1.8800277709960938
1,3264,77.2174072265625,2.807260513305664
1,3265,112.7812728881836,3.261934518814087
1,3266,98.66561889648438,2.4839487075805664
1,3267,85.60917663574219,3.0835821628570557
1,3268,81.72781372070312,2.8823347091674805
1,3269,87.1795883178711,2.7980082035064697
1,3270,164.4248809814453,3.1596786975860596
1,3271,34.89932632446289,1.960144281387329
1,3272,219.20260620117188,3.6702864170074463
1,3273,41.39137268066406,2.158327102661133
1,3274,48.92030334472656,2.189368486404419
1,3275,124.22776794433594,2.797508478164673
1,3276,20.77914047241211,1.7824652194976807
1,3277,36.39586639404297,1.9865143299102783
1,3278,28.2818603515625,1.7575968503952026
1,3279,16.203432083129883,1.3883531093597412
1,3280,21.802974700927734,1.8043115139007568
1,3281,36.015380859375,1.8593509197235107
1,3282,156.65956115722656,3.367312431335449
1,3283,29.40813446044922,1.7530395984649658
1,3284,222.96728515625,3.8114845752716064
1,3285,70.17930603027344,2.535447120666504
1,3286,48.481178283691406,2.19844651222229
1,3287,203.10565185546875,4.0651750564575195
1,3288,27.2529296875,1.5322149991989136
1,3289,131.5743408203125,3.2307941913604736
1,3290,50.81801986694336,2.0029828548431396
1,3291,55.39381790161133,2.215759754180908
1,3292,198.5718231201172,3.951183795928955
1,3293,178.6791229248047,3.978440761566162
1,3294,116.74427032470703,2.961496591567993
1,3295,103.1431884765625,3.119997262954712
1,3296,36.330810546875,2.1132044792175293
1,3297,25.627946853637695,1.6879839897155762
1,3298,49.73772430419922,2.3022561073303223
1,3299,38.40147018432617,2.032742738723755
1,3300,64.46178436279297,2.6924784183502197
1,3301,46.6021842956543,2.159313201904297
1,3302,40.14069747924805,1.9255489110946655
1,3303,93.23995971679688,2.304896354675293
1,3304,153.61102294921875,3.411325454711914
1,3305,93.93060302734375,3.107950448989868
1,3306,53.43132781982422,2.1406784057617188
1,3307,46.9570426940918,2.417154312133789
1,3308,68.53334045410156,2.3030004501342773
1,3309,42.49351119995117,1.8241589069366455
1,3310,62.72455978393555,2.6864356994628906
1,3311,71.78752136230469,2.3051838874816895
1,3312,94.31744384765625,2.5629029273986816
1,3313,40.05706787109375,1.7856329679489136
1,3314,49.94029235839844,2.271779775619507
1,3315,32.50895309448242,1.9664673805236816
1,3316,52.065399169921875,2.5363879203796387
1,3317,39.386356353759766,2.413595676422119
1,3318,175.4929656982422,3.581134796142578
1,3319,34.991424560546875,1.7472102642059326
1,3320,91.28816986083984,2.9967093467712402
1,3321,92.32969665527344,2.847853660583496
1,3322,127.89752197265625,3.2038025856018066
1,3323,61.297035217285156,2.6640686988830566
1,3324,71.82544708251953,2.8828835487365723
1,3325,29.793167114257812,1.7801222801208496
1,3326,103.39292907714844,3.1053285598754883
1,3327,29.93374252319336,1.7306547164916992
1,3328,18.314586639404297,1.3692103624343872
1,3329,36.70365524291992,1.872392177581787
1,3330,159.69468688964844,3.6523733139038086
1,3331,81.68638610839844,2.931365966796875
1,3332,47.96611785888672,2.15116548538208
1,3333,124.17404174804688,3.1412429809570312
1,3334,116.354736328125,2.8446550369262695
1,3335,108.15863800048828,2.573887586593628
1,3336,36.088226318359375,1.5619090795516968
1,3337,54.600677490234375,2.3316078186035156
1,3338,68.781982421875,2.7092480659484863
1,3339,60.806575775146484,2.335932731628418
1,3340,27.64065933227539,1.7815945148468018
1,3341,69.63806915283203,2.5330936908721924
1,3342,96.73351287841797,2.95639967918396
1,3343,73.4007797241211,2.4597675800323486
1,3344,86.66641998291016,3.0116610527038574
1,3345,64.51997375488281,2.3961493968963623
1,3346,121.85286712646484,3.128300428390503
1,3347,105.28080749511719,2.6958045959472656
1,3348,67.17939758300781,2.3721604347229004
1,3349,38.40822219848633,2.1683266162872314
1,3350,37.5527229309082,2.0553348064422607
1,3351,26.118955612182617,1.5998201370239258
1,3352,114.27420043945312,3.262117862701416
1,3353,15.161662101745605,1.4442042112350464
1,3354,78.07032012939453,2.523853063583374
1,3355,70.59182739257812,2.633030414581299
1,3356,60.70629119873047,2.197338581085205
1,3357,87.06404113769531,2.830916166305542
1,3358,40.08839416503906,1.9590272903442383
1,3359,91.07246398925781,2.529257297515869
1,3360,79.6788101196289,2.6243441104888916
1,3361,84.34969329833984,2.7876667976379395
1,3362,29.297042846679688,1.6915563344955444
1,3363,31.1990966796875,1.8313477039337158
1,3364,63.99714279174805,2.6293840408325195
1,3365,157.54820251464844,3.803375244140625
1,3366,23.216285705566406,1.828385353088379
1,3367,19.87999725341797,1.582207441329956
1,3368,78.97196960449219,2.491250514984131
1,3369,54.211116790771484,2.440013885498047
1,3370,65.30342102050781,2.3759565353393555
1,3371,89.5816421508789,2.781458854675293
1,3372,15.27826976776123,1.3891748189926147
1,3373,65.75051879882812,2.5475921630859375
1,3374,91.6446304321289,2.8529000282287598
1,3375,146.87408447265625,3.2896370887756348
1,3376,47.86083984375,2.2983412742614746
1,3377,71.78990173339844,2.453778028488159
1,3378,47.9051513671875,2.295170307159424
1,3379,108.47190856933594,2.975574254989624
1,3380,73.38594818115234,2.6691043376922607
1,3381,49.41608428955078,1.9909417629241943
1,3382,51.618492126464844,2.425318479537964
1,3383,83.05835723876953,2.3272180557250977
1,3384,52.84688949584961,2.189497232437134
1,3385,69.25811004638672,2.439807653427124
1,3386,112.77676391601562,3.2049756050109863
1,3387,92.04345703125,3.0095701217651367
1,3388,34.87086486816406,2.1739695072174072
1,3389,32.85557556152344,1.9267587661743164
1,3390,73.13793182373047,2.696894645690918
1,3391,107.73014831542969,2.9944560527801514
1,3392,150.6414337158203,3.3656344413757324
1,3393,31.603656768798828,2.141575336456299
1,3394,26.473825454711914,1.750923752784729
1,3395,97.59134674072266,2.97334361076355
1,3396,41.113182067871094,2.003976821899414
1,3397,32.995609283447266,1.9755176305770874
1,3398,86.16605377197266,2.5832881927490234
1,3399,61.06500244140625,2.391549825668335
1,3400,43.16139602661133,2.104846477508545
1,3401,77.62354278564453,2.856553792953491
1,3402,58.23096466064453,2.329975128173828
1,3403,154.99253845214844,3.5294346809387207
1,3404,63.45000457763672,2.400460958480835
1,3405,106.76457977294922,3.3262686729431152
1,3406,19.957168579101562,1.6599445343017578
1,3407,107.14633178710938,3.14180850982666
1,3408,14.316595077514648,1.3707640171051025
1,3409,162.7394256591797,3.5066399574279785
1,3410,54.686683654785156,2.3776791095733643
1,3411,62.12665939331055,2.4805495738983154
1,3412,23.92942237854004,1.5128147602081299
1,3413,119.8187484741211,2.550004482269287
1,3414,69.20806121826172,2.64823055267334
1,3415,60.840431213378906,2.4408867359161377
1,3416,97.38980102539062,2.6971890926361084
1,3417,76.07740783691406,2.4216883182525635
1,3418,45.154693603515625,1.8569689989089966
1,3419,24.651899337768555,1.6603542566299438
1,3420,66.56910705566406,2.0985727310180664
1,3421,13.503931045532227,1.2931537628173828
1,3422,36.097591400146484,1.9811723232269287
1,3423,52.514835357666016,2.2876358032226562
1,3424,24.658971786499023,1.637575387954712
1,3425,145.58653259277344,3.4590420722961426
1,3426,15.640986442565918,1.370974063873291
1,3427,21.321182250976562,1.4925017356872559
1,3428,44.55278778076172,2.1816956996917725
1,3429,109.30825805664062,2.8287432193756104
1,3430,45.28395080566406,2.3131561279296875
1,3431,45.193443298339844,2.1869287490844727
1,3432,117.21870422363281,3.1798596382141113
1,3433,59.98454284667969,2.144115447998047
1,3434,96.1467514038086,2.2910311222076416
1,3435,62.72603225708008,2.5555107593536377
1,3436,58.23017120361328,2.267160654067993
1,3437,74.3416976928711,2.929727554321289
1,3438,141.66075134277344,3.197937488555908
1,3439,80.60833740234375,2.7689738273620605
1,3440,74.29361724853516,2.4478375911712646
1,3441,36.18993377685547,1.5511178970336914
1,3442,97.91373443603516,2.8421237468719482
1,3443,40.85158157348633,1.7628883123397827
1,3444,69.19281005859375,2.522308826446533
1,3445,72.23966979980469,2.6169180870056152
1,3446,85.33272552490234,2.3694005012512207
1,3447,53.501197814941406,2.2700648307800293
1,3448,57.7441520690918,2.2715063095092773
1,3449,67.53266906738281,2.36277174949646
1,3450,37.522159576416016,2.0665934085845947
1,3451,26.87603759765625,1.653860092163086
1,3452,71.97518157958984,2.7755069732666016
1,3453,29.322265625,1.7390601634979248
1,3454,124.8065414428711,3.2041707038879395
1,3455,158.69241333007812,3.4819254875183105
1,3456,61.10752868652344,2.6801323890686035
1,3457,56.70781707763672,2.4962596893310547
1,3458,107.35800170898438,3.1657164096832275
1,3459,142.90432739257812,3.268071174621582
1,3460,26.471467971801758,1.8012210130691528
1,3461,80.37799072265625,2.556640386581421
1,3462,93.30779266357422,2.8664588928222656
1,3463,73.40621185302734,2.6498913764953613
1,3464,40.006988525390625,2.2672669887542725
1,3465,88.67243957519531,2.999403715133667
1,3466,135.51048278808594,3.43102765083313
1,3467,74.7504653930664,2.8579347133636475
1,3468,81.07656860351562,2.534829616546631
1,3469,38.83814239501953,2.0314083099365234
1,3470,49.64738082885742,2.2092339992523193
1,3471,34.48318862915039,1.6765975952148438
1,3472,36.07654571533203,1.8118093013763428
1,3473,27.85605239868164,1.891741394996643
1,3474,24.258867263793945,1.6565046310424805
1,3475,26.895784378051758,1.82256019115448
1,3476,54.2639274597168,2.066465139389038
1,3477,39.083560943603516,2.001479148864746
1,3478,77.4082260131836,2.103548049926758
1,3479,138.05401611328125,3.583296775817871
1,3480,100.07266235351562,2.5881288051605225
1,3481,67.21124267578125,2.7075517177581787
1,3482,100.6953353881836,2.9159538745880127
1,3483,318.6882019042969,4.0649824142456055
1,3484,13.652713775634766,1.309607744216919
1,3485,47.26473617553711,1.9759432077407837
1,3486,109.2352294921875,2.735229969024658
1,3487,54.690032958984375,2.1213552951812744
1,3488,137.81280517578125,3.3362655639648438
1,3489,82.02574157714844,2.456390857696533
1,3490,124.56019592285156,3.18159818649292
1,3491,46.39385223388672,2.063988447189331
1,3492,167.5447235107422,3.33825421333313
1,3493,91.55986022949219,2.3997280597686768
1,3494,103.593017578125,3.0647644996643066
1,3495,27.692012786865234,2.094395637512207
1,3496,58.68817138671875,2.4474265575408936
1,3497,139.85594177246094,3.7794933319091797
1,3498,114.48765563964844,2.9697487354278564
1,3499,181.8867950439453,3.8882803916931152
1,3500,61.709716796875,2.260385036468506
1,3501,80.91541290283203,2.741743326187134
1,3502,37.49528121948242,1.8390541076660156
1,3503,100.44819641113281,2.579746961593628
1,3504,149.04092407226562,3.491130828857422
1,3505,114.19874572753906,2.679236650466919
1,3506,59.168121337890625,2.331568717956543
1,3507,52.64826965332031,2.3168838024139404
1,3508,52.741790771484375,2.1769449710845947
1,3509,47.0594482421875,2.2446448802948
1,3510,31.377822875976562,1.9397411346435547
1,3511,26.776569366455078,1.8815336227416992
1,3512,19.59545135498047,1.4011526107788086
1,3513,45.882118225097656,1.8871098756790161
1,3514,56.62347412109375,2.2504711151123047
1,3515,43.62860107421875,2.4157729148864746
1,3516,69.52892303466797,2.2872660160064697
1,3517,47.19533157348633,1.9976999759674072
1,3518,34.10704803466797,2.0376827716827393
1,3519,65.02320861816406,2.609199047088623
1,3520,39.13920211791992,1.9731035232543945
1,3521,103.65074920654297,2.8388917446136475
1,3522,38.018646240234375,1.9841054677963257
1,3523,37.64558410644531,1.835259199142456
1,3524,3656.917724609375,9.515198707580566
1,3525,78.37437438964844,2.3192496299743652
1,3526,305.989990234375,3.9922893047332764
1,3527,61.52016067504883,2.2685444355010986
1,3528,163.87481689453125,3.699753761291504
1,3529,40.35945129394531,2.3552095890045166
1,3530,27.569143295288086,1.573049545288086
1,3531,62.595603942871094,2.74591064453125
1,3532,47.987815856933594,2.119270086288452
1,3533,60.49696731567383,2.3924171924591064
1,3534,122.5546875,3.3525500297546387
1,3535,31.291034698486328,2.0542497634887695
1,3536,63.95671463012695,2.5318570137023926
1,3537,42.70490646362305,1.5607502460479736
1,3538,28.63315200805664,1.8991031646728516
1,3539,48.58749771118164,2.531057119369507
1,3540,152.1837921142578,2.8887107372283936
1,3541,45.894859313964844,2.2152388095855713
1,3542,132.2866973876953,3.332953453063965
1,3543,79.22652435302734,2.8498008251190186
1,3544,130.17478942871094,3.1839444637298584
1,3545,78.68851470947266,2.6794285774230957
1,3546,96.84786224365234,2.347644805908203
1,3547,55.66269302368164,2.18455171585083
1,3548,41.97151184082031,2.235692024230957
1,3549,51.89393615722656,2.1514830589294434
1,3550,62.033119201660156,2.5204153060913086
1,3551,71.23756408691406,2.3081984519958496
1,3552,127.77220916748047,2.910578489303589
1,3553,42.115028381347656,1.9471720457077026
1,3554,73.5105209350586,2.385551691055298
1,3555,54.31742858886719,1.942665934562683
1,3556,63.45000076293945,2.371054172515869
1,3557,98.6648941040039,2.8198342323303223
1,3558,24.781089782714844,1.68699312210083
1,3559,89.6807861328125,2.8156089782714844
1,3560,43.94819641113281,2.1467673778533936
1,3561,73.61042022705078,2.660468816757202
1,3562,63.110816955566406,2.072281837463379
1,3563,137.73529052734375,3.1947522163391113
1,3564,63.088623046875,2.6604950428009033
1,3565,99.06756591796875,3.232426881790161
1,3566,71.56515502929688,2.6563351154327393
1,3567,185.38204956054688,4.074173927307129
1,3568,26.001237869262695,1.707094430923462
1,3569,30.137161254882812,1.702955722808838
1,3570,107.64640808105469,3.1827001571655273
1,3571,61.419376373291016,2.2727210521698
1,3572,51.088165283203125,2.1289167404174805
1,3573,91.97434997558594,2.7128326892852783
1,3574,37.16189956665039,2.1527678966522217
1,3575,75.53510284423828,2.410390853881836
1,3576,58.183109283447266,2.4060115814208984
1,3577,61.366249084472656,2.3705732822418213
1,3578,94.16537475585938,3.046766757965088
1,3579,36.194374084472656,1.8149265050888062
1,3580,116.56239318847656,3.196762800216675
1,3581,126.12889099121094,3.5208539962768555
1,3582,286.72540283203125,4.826866149902344
1,3583,32.58513641357422,1.9589895009994507
1,3584,72.57540130615234,2.7002086639404297
1,3585,32.434669494628906,2.015540361404419
1,3586,69.1180648803711,2.2749547958374023
1,3587,50.52766799926758,2.4637084007263184
1,3588,79.29644012451172,2.9455790519714355
1,3589,101.20813751220703,3.133791446685791
1,3590,59.090049743652344,2.554779291152954
1,3591,95.08642578125,3.1394131183624268
1,3592,49.315223693847656,2.1944260597229004
1,3593,122.62017822265625,3.4023277759552
1,3594,49.34432601928711,2.419434070587158
1,3595,57.6379280090332,2.435835123062134
1,3596,122.09317016601562,2.79399037361145
1,3597,64.0068130493164,2.0901894569396973
1,3598,38.89411163330078,2.2048861980438232
1,3599,25.28953742980957,1.5589300394058228
1,3600,43.22742462158203,2.0090813636779785
1,3601,33.17129135131836,2.082589626312256
1,3602,88.91402435302734,2.747166633605957
1,3603,23.197647094726562,1.7784136533737183
1,3604,76.83663940429688,2.8829612731933594
1,3605,50.4547233581543,1.9479411840438843
1,3606,96.63841247558594,2.5825514793395996
1,3607,81.38652801513672,2.858992099761963
1,3608,76.9365234375,2.47749662399292
1,3609,56.76919174194336,1.972238540649414
1,3610,52.63412094116211,2.1845078468322754
1,3611,40.290000915527344,2.299484968185425
1,3612,106.8126449584961,3.175560712814331
1,3613,120.78800201416016,2.584080934524536
1,3614,28.810710906982422,1.7101526260375977
1,3615,51.2650032043457,2.1908249855041504
1,3616,45.83479309082031,2.0387256145477295
1,3617,153.69432067871094,3.6823151111602783
1,3618,29.673341751098633,1.805391788482666
1,3619,100.32635498046875,2.7198314666748047
1,3620,78.95963287353516,2.897930860519409
1,3621,56.8349609375,2.294609308242798
1,3622,46.50595474243164,2.1907761096954346
1,3623,37.868263244628906,2.182682752609253
1,3624,122.77919006347656,3.0190649032592773
1,3625,43.21954345703125,1.9135127067565918
1,3626,68.87129211425781,2.5632896423339844
1,3627,30.247112274169922,1.590613603591919
1,3628,74.17012023925781,2.416334629058838
1,3629,108.19013214111328,3.5398471355438232
1,3630,79.21643829345703,1.98219633102417
1,3631,96.84881591796875,3.0087966918945312
1,3632,63.44695281982422,1.9974058866500854
1,3633,92.1379623413086,3.013193130493164
1,3634,59.90191650390625,2.2850356101989746
1,3635,35.61281967163086,1.9562939405441284
1,3636,176.96038818359375,3.8128223419189453
1,3637,108.81771087646484,2.758530855178833
1,3638,26.1035213470459,1.9266138076782227
1,3639,36.71316909790039,1.9840748310089111
1,3640,42.359169006347656,2.098207473754883
1,3641,65.9698486328125,2.556936025619507
1,3642,61.4617805480957,2.187229871749878
1,3643,59.087791442871094,2.7204575538635254
1,3644,59.46676254272461,2.3331713676452637
1,3645,138.72610473632812,3.462531328201294
1,3646,79.02552795410156,2.4368834495544434
1,3647,150.97488403320312,2.8619282245635986
1,3648,181.72476196289062,3.5074408054351807
1,3649,85.92828369140625,2.662594795227051
1,3650,143.91445922851562,3.0209007263183594
1,3651,29.816967010498047,2.005399465560913
1,3652,65.86412048339844,2.1049413681030273
1,3653,34.89840316772461,1.8426649570465088
1,3654,75.50138854980469,2.533061981201172
1,3655,71.01155853271484,2.146195411682129
1,3656,72.91841888427734,2.302081823348999
1,3657,138.380859375,3.464864730834961
1,3658,98.39494323730469,2.9360785484313965
1,3659,96.94218444824219,2.610522508621216
1,3660,77.6854476928711,2.412034511566162
1,3661,59.815711975097656,2.039911985397339
1,3662,24.945999145507812,1.7035739421844482
1,3663,27.393871307373047,2.0897011756896973
1,3664,35.275611877441406,2.1215600967407227
1,3665,163.24423217773438,3.903540849685669
1,3666,55.92726135253906,2.3924834728240967
1,3667,43.11894989013672,2.0313353538513184
1,3668,117.75749206542969,3.070281505584717
1,3669,21.94076156616211,1.5812489986419678
1,3670,56.66490936279297,2.2417666912078857
1,3671,11.096565246582031,1.2516051530838013
1,3672,96.2020492553711,3.1780524253845215
1,3673,43.71526336669922,1.9648137092590332
1,3674,27.95197296142578,1.6338846683502197
1,3675,41.433860778808594,1.8709964752197266
1,3676,17.155784606933594,1.4562147855758667
1,3677,107.74620056152344,2.613633155822754
1,3678,96.36795043945312,2.7647547721862793
1,3679,24.795473098754883,1.665474772453308
1,3680,66.5896987915039,2.2472825050354004
1,3681,40.20576477050781,2.345170497894287
1,3682,5.350879192352295,1.2409656047821045
1,3683,21.793455123901367,1.5655248165130615
1,3684,48.76138687133789,2.488152503967285
1,3685,169.15248107910156,3.7738256454467773
1,3686,106.4779052734375,2.9742002487182617
1,3687,101.94099426269531,2.9944260120391846
1,3688,13.754253387451172,1.4276267290115356
1,3689,79.56153106689453,2.46540904045105
1,3690,81.6778335571289,2.6981983184814453
1,3691,69.2319564819336,2.6294236183166504
1,3692,110.78180694580078,3.2289836406707764
1,3693,198.5270233154297,4.12955904006958
1,3694,64.17665100097656,2.494908332824707
1,3695,124.73330688476562,3.049546241760254
1,3696,80.97223663330078,2.7454023361206055
1,3697,148.75119018554688,3.772378921508789
1,3698,63.841796875,2.634889602661133
1,3699,133.5343475341797,3.0772624015808105
1,3700,107.97950744628906,3.003195285797119
1,3701,115.5587158203125,3.0964176654815674
1,3702,71.49805450439453,2.3432233333587646
1,3703,82.16657257080078,2.722010374069214
1,3704,32.444679260253906,2.080857515335083
1,3705,64.29525756835938,2.6118931770324707
1,3706,121.92267608642578,3.2096104621887207
1,3707,73.49239349365234,2.6252799034118652
1,3708,24.455490112304688,1.5535321235656738
1,3709,100.45097351074219,2.9909067153930664
1,3710,48.516475677490234,2.061617612838745
1,3711,11.37281608581543,1.3597487211227417
1,3712,55.37770462036133,2.2473955154418945
1,3713,127.35780334472656,3.474977493286133
1,3714,36.48690414428711,2.296312093734741
1,3715,38.87003707885742,2.077223062515259
1,3716,100.74751281738281,3.000727415084839
1,3717,47.68704605102539,2.3315951824188232
1,3718,27.537342071533203,1.809330940246582
1,3719,67.59176635742188,2.4660346508026123
1,3720,49.08975601196289,2.254636764526367
1,3721,107.39323425292969,3.130899667739868
1,3722,114.5907211303711,2.9265213012695312
1,3723,162.1532440185547,3.810025930404663
1,3724,50.199974060058594,2.2807834148406982
1,3725,103.20654296875,3.016336441040039
1,3726,60.465904235839844,2.55242919921875
1,3727,85.37696075439453,2.7493231296539307
1,3728,31.629972457885742,1.594796895980835
1,3729,40.26288986206055,2.2360100746154785
1,3730,39.44379806518555,2.1370432376861572
1,3731,36.26398468017578,2.009279727935791
1,3732,117.36241149902344,3.067603349685669
1,3733,83.76036834716797,2.4725093841552734
1,3734,82.6364974975586,2.7901642322540283
1,3735,44.65288543701172,2.2885165214538574
1,3736,82.96611022949219,2.951416492462158
1,3737,76.35157775878906,2.5547633171081543
1,3738,66.69591522216797,2.591317892074585
1,3739,99.9472427368164,2.8166933059692383
1,3740,142.90560913085938,3.79443621635437
1,3741,59.534324645996094,2.466649293899536
1,3742,100.82809448242188,2.6914267539978027
1,3743,33.21734619140625,2.0086987018585205
1,3744,30.635162353515625,1.5703824758529663
1,3745,48.69020080566406,2.1826536655426025
1,3746,87.55581665039062,2.876523494720459
1,3747,22.866193771362305,1.5567874908447266
1,3748,108.08613586425781,3.0024008750915527
1,3749,68.4792709350586,2.4096360206604004
1,3750,66.60406494140625,2.4493024349212646
1,3751,18.37067222595215,1.581670880317688
1,3752,184.68959045410156,3.823272705078125
1,3753,95.0694580078125,2.9618608951568604
1,3754,20.209423065185547,1.7221734523773193
1,3755,53.23782730102539,2.2778947353363037
1,3756,87.28236389160156,2.9730567932128906
1,3757,42.666873931884766,1.908519983291626
1,3758,90.01925659179688,3.026672840118408
1,3759,119.00170135498047,3.160449266433716
1,3760,90.36712646484375,2.5570011138916016
1,3761,91.88829040527344,3.0532162189483643
1,3762,78.73544311523438,2.720258951187134
1,3763,87.72550201416016,2.8294007778167725
1,3764,39.409942626953125,2.202925443649292
1,3765,64.83184814453125,2.6780872344970703
1,3766,82.3631591796875,2.447387933731079
1,3767,114.05144500732422,2.9779791831970215
1,3768,69.09962463378906,2.573781967163086
1,3769,70.59423828125,2.1487650871276855
1,3770,20.291337966918945,1.6693159341812134
1,3771,73.75366973876953,2.5033257007598877
1,3772,52.48065185546875,2.22389554977417
1,3773,35.97735595703125,2.0070269107818604
1,3774,39.625762939453125,1.9939866065979004
1,3775,45.121944427490234,2.0626728534698486
1,3776,61.912864685058594,2.2635247707366943
1,3777,16.51688003540039,1.4671069383621216
1,3778,41.18628692626953,2.2762229442596436
1,3779,57.26365280151367,2.080153226852417
1,3780,31.452341079711914,1.8918116092681885
1,3781,93.12095642089844,3.035128593444824
1,3782,31.81476593017578,1.8453351259231567
1,3783,58.808067321777344,2.397491693496704
1,3784,123.12689208984375,2.874222755432129
1,3785,69.99030303955078,2.712529420852661
1,3786,18.330297470092773,1.610276460647583
1,3787,27.343242645263672,1.971431851387024
1,3788,34.8806037902832,1.9507486820220947
1,3789,91.04411315917969,3.050015926361084
1,3790,56.16815948486328,2.285733938217163
1,3791,31.59720230102539,2.0240252017974854
1,3792,35.511085510253906,1.6467642784118652
1,3793,117.65906524658203,2.970686197280884
1,3794,68.55487823486328,2.633173942565918
1,3795,29.527584075927734,1.6098289489746094
1,3796,75.21088409423828,2.562840461730957
1,3797,95.56909942626953,3.1837968826293945
1,3798,91.1951904296875,2.4568498134613037
1,3799,41.73760986328125,1.8203083276748657
1,3800,22.039352416992188,1.5544664859771729
1,3801,97.57353210449219,2.6186459064483643
1,3802,201.5388946533203,4.284028053283691
1,3803,93.39952850341797,3.006875514984131
1,3804,84.68063354492188,3.2500717639923096
1,3805,102.49153900146484,2.712341785430908
1,3806,86.30628204345703,2.8182315826416016
1,3807,20.63918685913086,1.6437880992889404
1,3808,41.82094192504883,1.661507248878479
1,3809,20.392192840576172,1.6643710136413574
1,3810,46.30382537841797,2.039792537689209
1,3811,54.517024993896484,2.4962546825408936
1,3812,77.78260803222656,2.434669017791748
1,3813,47.8476448059082,2.233330011367798
1,3814,33.80561828613281,2.111969470977783
1,3815,46.02641296386719,2.2133445739746094
1,3816,67.55355834960938,2.5469131469726562
1,3817,25.253646850585938,1.8642531633377075
1,3818,36.642173767089844,2.004725456237793
1,3819,115.36911010742188,3.1176280975341797
1,3820,54.92108154296875,2.2464170455932617
1,3821,129.52525329589844,3.3849732875823975
1,3822,45.78795623779297,1.7702337503433228
1,3823,50.79056167602539,2.2572193145751953
1,3824,72.28532409667969,2.4678354263305664
1,3825,79.92243194580078,2.7592015266418457
1,3826,29.829635620117188,1.882920265197754
1,3827,52.7358283996582,1.7798222303390503
1,3828,189.63108825683594,3.997832775115967
1,3829,108.10575866699219,3.1736018657684326
1,3830,108.2392578125,2.659152030944824
1,3831,27.366220474243164,1.5843772888183594
1,3832,78.86534118652344,2.7756905555725098
1,3833,54.50757598876953,2.415393829345703
1,3834,106.56575012207031,2.720639944076538
1,3835,28.018383026123047,2.080690383911133
1,3836,96.76213836669922,2.8331637382507324
1,3837,16.226299285888672,1.4481531381607056
1,3838,51.54677963256836,2.4016106128692627
1,3839,28.24720573425293,1.7996066808700562
1,3840,82.38302612304688,2.879575729370117
1,3841,67.80327606201172,2.1715688705444336
1,3842,45.999298095703125,2.210975170135498
1,3843,64.15564727783203,2.3490970134735107
1,3844,79.43701171875,2.437755823135376
1,3845,57.83320999145508,2.469064950942993
1,3846,121.82943725585938,3.099468946456909
1,3847,114.08619689941406,3.002377510070801
1,3848,63.014652252197266,2.082104444503784
1,3849,33.588802337646484,2.0926127433776855
1,3850,27.0887393951416,1.8587214946746826
1,3851,78.10440063476562,2.7611398696899414
1,3852,62.54096984863281,2.659341335296631
1,3853,21.199804306030273,1.6232919692993164
1,3854,37.91302490234375,1.8628675937652588
1,3855,38.36304473876953,1.969485878944397
1,3856,30.905607223510742,1.9995226860046387
1,3857,56.528419494628906,2.4045257568359375
1,3858,70.49771881103516,2.5880656242370605
1,3859,43.0655517578125,2.1507275104522705
1,3860,72.08316040039062,2.64199161529541
1,3861,75.63336181640625,2.588012933731079
1,3862,44.44181823730469,2.20066499710083
1,3863,19.24190902709961,1.389805793762207
1,3864,21.461124420166016,1.5633248090744019
1,3865,62.2285041809082,2.0597455501556396
1,3866,31.737028121948242,1.7725096940994263
1,3867,50.40589904785156,2.265188694000244
1,3868,94.7232437133789,2.7664384841918945
1,3869,47.33876419067383,2.1091723442077637
1,3870,28.6875,1.5037109851837158
1,3871,43.65676498413086,2.2000584602355957
1,3872,121.57257843017578,2.7941040992736816
1,3873,38.87254333496094,1.8995909690856934
1,3874,64.99345397949219,2.589867115020752
1,3875,12.475910186767578,1.0789223909378052
1,3876,113.92217254638672,3.31083345413208
1,3877,46.4763069152832,2.110330104827881
1,3878,157.16200256347656,3.3747947216033936
1,3879,151.3866424560547,3.3931853771209717
1,3880,100.82923889160156,2.9259562492370605
1,3881,186.88133239746094,3.903630256652832
1,3882,127.83480834960938,3.6322381496429443
1,3883,107.70636749267578,3.0034284591674805
1,3884,101.99718475341797,2.556262969970703
1,3885,29.131677627563477,1.8524224758148193
1,3886,160.30157470703125,3.755080461502075
1,3887,65.27639770507812,2.630810022354126
1,3888,30.296737670898438,1.9285461902618408
1,3889,35.55662536621094,1.8604649305343628
1,3890,46.60258865356445,2.158987522125244
1,3891,107.75564575195312,2.6884541511535645
1,3892,24.015928268432617,1.6883130073547363
1,3893,51.02424240112305,2.2585809230804443
1,3894,69.76402282714844,2.3324148654937744
1,3895,64.4679946899414,2.8115651607513428
1,3896,30.43588638305664,1.786101222038269
1,3897,117.70394134521484,3.1191084384918213
1,3898,46.094669342041016,2.2027089595794678
1,3899,44.85369110107422,1.9353214502334595
1,3900,120.30123901367188,2.921233654022217
1,3901,10.280532836914062,1.1545495986938477
1,3902,15.412405967712402,1.507468819618225
1,3903,79.24772644042969,2.5447680950164795
1,3904,64.63162231445312,2.4977052211761475
1,3905,120.37511444091797,2.7094881534576416
1,3906,63.04882049560547,2.233447790145874
1,3907,58.773704528808594,2.398989200592041
1,3908,35.241172790527344,1.9042425155639648
1,3909,45.954872131347656,2.3676741123199463
1,3910,34.399654388427734,2.0786633491516113
1,3911,108.10930633544922,3.081186294555664
1,3912,19.371755599975586,1.6425838470458984
1,3913,71.56916809082031,2.694326877593994
1,3914,5.490239143371582,0.9159979820251465
1,3915,25.287460327148438,1.7476732730865479
1,3916,71.69358825683594,2.3650269508361816
1,3917,104.08474731445312,2.822507381439209
1,3918,97.61146545410156,3.011598825454712
1,3919,113.4483642578125,2.654788017272949
1,3920,80.92951965332031,2.769474506378174
1,3921,89.79381561279297,3.102264881134033
1,3922,95.66046905517578,3.0723345279693604
1,3923,21.552581787109375,1.4493238925933838
1,3924,96.78834533691406,2.8126394748687744
1,3925,65.35785675048828,2.4928345680236816
1,3926,56.261470794677734,2.460678815841675
1,3927,56.9521598815918,2.30684494972229
1,3928,34.117340087890625,1.8808937072753906
1,3929,39.612152099609375,1.9855462312698364
1,3930,43.699920654296875,2.299640655517578
1,3931,52.044708251953125,2.2433762550354004
1,3932,40.46556091308594,2.204084873199463
1,3933,55.023658752441406,2.1399309635162354
1,3934,78.0276107788086,1.9196525812149048
1,3935,90.88773345947266,2.759711265563965
1,3936,69.12841033935547,2.398939609527588
1,3937,87.75968933105469,2.56935715675354
1,3938,80.97145080566406,2.4202003479003906
1,3939,115.86075592041016,2.8865418434143066
1,3940,73.2442626953125,2.656850814819336
1,3941,36.206520080566406,1.7740488052368164
1,3942,81.93135070800781,2.756880283355713
1,3943,74.61373138427734,2.6614394187927246
1,3944,73.19544982910156,2.497920274734497
1,3945,64.63037872314453,2.565748453140259
1,3946,15.815122604370117,1.5515152215957642
1,3947,59.35542297363281,2.0897927284240723
1,3948,97.046142578125,3.065319061279297
1,3949,118.08759307861328,3.130842685699463
1,3950,180.60874938964844,3.6712822914123535
1,3951,107.3013687133789,3.2758629322052
1,3952,49.326934814453125,2.2852783203125
1,3953,61.35032653808594,2.2738349437713623
1,3954,159.34947204589844,3.7283573150634766
1,3955,38.56493377685547,1.9826411008834839
1,3956,26.690828323364258,1.6390759944915771
1,3957,57.5604248046875,2.3849265575408936
1,3958,26.022981643676758,1.7242474555969238
1,3959,73.87701416015625,2.4038920402526855
1,3960,70.23101806640625,2.179727077484131
1,3961,35.113975524902344,1.7296067476272583
1,3962,76.93403625488281,2.5699596405029297
1,3963,101.64315795898438,2.8927197456359863
1,3964,144.84576416015625,3.509012222290039
1,3965,106.32635498046875,2.7642672061920166
1,3966,49.607032775878906,2.358354091644287
1,3967,62.40275192260742,2.322413682937622
1,3968,23.10578155517578,1.7476043701171875
1,3969,53.247802734375,2.363149881362915
1,3970,65.72937774658203,2.184523582458496
1,3971,47.87778091430664,2.236114025115967
1,3972,72.27336120605469,2.7895724773406982
1,3973,120.14220428466797,2.8342370986938477
1,3974,161.94747924804688,3.3376195430755615
1,3975,56.847354888916016,2.266915798187256
1,3976,59.0416145324707,2.4650015830993652
1,3977,105.080322265625,3.062227249145508
1,3978,36.50209426879883,2.004458427429199
1,3979,34.71895980834961,1.626116394996643
1,3980,64.21153259277344,2.352006435394287
1,3981,52.81025314331055,2.491835117340088
1,3982,56.27873992919922,2.4514803886413574
1,3983,37.722869873046875,2.073653221130371
1,3984,129.74978637695312,2.588073968887329
1,3985,35.67595672607422,1.94395911693573
1,3986,132.96173095703125,3.3781707286834717
1,3987,74.41215515136719,2.1651451587677
1,3988,47.982269287109375,2.1716620922088623
1,3989,87.18843078613281,2.559027910232544
1,3990,56.435943603515625,2.350111722946167
1,3991,47.4567756652832,2.436216354370117
1,3992,21.96219825744629,1.508845567703247
1,3993,72.66947174072266,1.9958933591842651
1,3994,49.236785888671875,2.1868348121643066
1,3995,46.382972717285156,2.1160600185394287
1,3996,46.61408996582031,2.34905743598938
1,3997,125.80255126953125,3.448192596435547
1,3998,104.04216766357422,3.1682143211364746
1,3999,85.8949966430664,2.638749361038208
1,4000,19.19553565979004,1.5300440788269043
1,4001,78.36634826660156,2.992465019226074
1,4002,55.06362533569336,2.215446710586548
1,4003,80.17597961425781,2.5044522285461426
1,4004,50.160682678222656,2.249972105026245
1,4005,77.29023742675781,2.5343778133392334
1,4006,49.8952522277832,1.9374511241912842
1,4007,26.966062545776367,1.831449031829834
1,4008,78.65016174316406,2.634298801422119
1,4009,93.4945297241211,2.6037075519561768
1,4010,59.29484558105469,2.5518782138824463
1,4011,17.14482307434082,1.6286271810531616
1,4012,41.282958984375,1.8983322381973267
1,4013,45.86866760253906,1.989504098892212
1,4014,161.076171875,3.52705454826355
1,4015,17.045528411865234,1.2810122966766357
1,4016,48.74690628051758,1.8460601568222046
1,4017,23.718505859375,1.4429240226745605
1,4018,134.11265563964844,3.3028903007507324
1,4019,139.0099639892578,3.392686605453491
1,4020,48.02730178833008,2.2988765239715576
1,4021,29.499588012695312,1.7600986957550049
1,4022,59.35487365722656,2.3381283283233643
1,4023,67.07686614990234,2.2075655460357666
1,4024,115.6221694946289,2.9898245334625244
1,4025,117.62629699707031,3.030627965927124
1,4026,19.710535049438477,1.4462553262710571
1,4027,37.90165328979492,2.1783671379089355
1,4028,82.31890869140625,3.0063304901123047
1,4029,85.720458984375,2.6810696125030518
1,4030,202.85113525390625,3.8569438457489014
1,4031,74.55804443359375,2.3709874153137207
1,4032,87.11592102050781,2.5718111991882324
1,4033,73.12395477294922,2.5607175827026367
1,4034,117.92388153076172,3.2028610706329346
1,4035,181.16717529296875,4.117178440093994
1,4036,47.541282653808594,2.3048160076141357
1,4037,139.71685791015625,3.5901877880096436
1,4038,71.37638854980469,2.367638111114502
1,4039,23.711999893188477,1.7098654508590698
1,4040,55.10772705078125,2.083588123321533
1,4041,81.34282684326172,1.995240330696106
1,4042,17.710756301879883,1.5350360870361328
1,4043,24.47233772277832,1.5577212572097778
1,4044,26.095836639404297,1.6250866651535034
1,4045,81.42170715332031,2.9732303619384766
1,4046,114.85716247558594,3.186884641647339
1,4047,147.27015686035156,3.849703311920166
1,4048,107.58804321289062,3.130424976348877
1,4049,88.04927062988281,2.7930784225463867
1,4050,51.08772277832031,2.0257327556610107
1,4051,34.72175216674805,1.8712999820709229
1,4052,52.31770324707031,2.2200801372528076
1,4053,41.99086380004883,2.0228431224823
1,4054,60.614749908447266,2.3232040405273438
1,4055,55.88704299926758,2.2828121185302734
1,4056,40.90323257446289,2.0266623497009277
1,4057,80.0108642578125,2.429891586303711
1,4058,50.12080383300781,2.341170072555542
1,4059,37.71745681762695,1.9989347457885742
1,4060,20.82779312133789,1.6008951663970947
1,4061,73.240234375,2.2682971954345703
1,4062,79.05609893798828,2.5576534271240234
1,4063,34.318328857421875,1.8939701318740845
1,4064,76.77302551269531,2.191021680831909
1,4065,34.094730377197266,1.7874128818511963
1,4066,62.44938278198242,2.6619842052459717
1,4067,98.33435821533203,3.0776002407073975
1,4068,102.73640441894531,3.0885775089263916
1,4069,115.62798309326172,3.3106942176818848
1,4070,76.9271011352539,2.7469184398651123
1,4071,97.83880615234375,2.314913272857666
1,4072,33.60694122314453,1.5937902927398682
1,4073,37.244564056396484,2.0696611404418945
1,4074,76.84891510009766,2.4217827320098877
1,4075,86.059326171875,2.496607542037964
1,4076,89.87626647949219,2.387061834335327
1,4077,137.9229278564453,3.1496386528015137
1,4078,61.599647521972656,2.617561101913452
1,4079,37.87987518310547,1.8874083757400513
1,4080,55.6947135925293,2.43285870552063
1,4081,75.6005859375,2.6140224933624268
1,4082,131.26341247558594,2.688016414642334
1,4083,32.29834747314453,1.7239341735839844
1,4084,27.998140335083008,1.6155943870544434
1,4085,106.7537841796875,3.0737192630767822
1,4086,91.978515625,2.786837577819824
1,4087,39.19953918457031,2.051865816116333
1,4088,18.254322052001953,1.5004982948303223
1,4089,72.93745422363281,2.3737480640411377
1,4090,51.482444763183594,2.2571468353271484
1,4091,34.071533203125,1.8919954299926758
1,4092,42.33987808227539,1.9404187202453613
1,4093,85.3432846069336,2.971902370452881
1,4094,33.565826416015625,1.9643301963806152
1,4095,68.05809020996094,2.2709431648254395
1,4096,28.180177688598633,1.786329746246338
1,4097,31.234968185424805,1.8474071025848389
1,4098,27.356555938720703,1.7867579460144043
1,4099,75.91416931152344,2.3993732929229736
1,4100,120.80230712890625,2.808364152908325
1,4101,59.393402099609375,2.372445821762085
1,4102,120.0557861328125,3.4313480854034424
1,4103,41.960784912109375,2.0818653106689453
1,4104,42.295738220214844,1.6983106136322021
1,4105,126.77896881103516,3.269489049911499
1,4106,27.00013542175293,1.6958348751068115
1,4107,99.47418975830078,2.8956334590911865
1,4108,78.4034194946289,2.596306800842285
1,4109,59.03282165527344,2.3659496307373047
1,4110,30.93474578857422,1.74253249168396
1,4111,22.451576232910156,1.6564671993255615
1,4112,25.594362258911133,1.6258533000946045
1,4113,47.981346130371094,2.367910146713257
1,4114,57.19586944580078,2.4486358165740967
1,4115,98.2015151977539,3.0007495880126953
1,4116,88.92064666748047,2.815438747406006
1,4117,61.50418472290039,2.489506721496582
1,4118,110.18180847167969,3.091838836669922
1,4119,86.75831604003906,2.5754103660583496
1,4120,99.8905258178711,3.0161263942718506
1,4121,103.54483795166016,2.769815444946289
1,4122,135.88296508789062,3.284280300140381
1,4123,34.718116760253906,1.9818776845932007
1,4124,53.904014587402344,1.990022897720337
1,4125,70.15103149414062,2.295975923538208
1,4126,70.48871612548828,2.09389066696167
1,4127,31.63226890563965,1.8436814546585083
1,4128,103.79625701904297,2.945002555847168
1,4129,113.53522491455078,2.5180768966674805
1,4130,33.73839569091797,1.7861377000808716
1,4131,36.445098876953125,1.946566104888916
1,4132,57.92871856689453,2.5325632095336914
1,4133,34.18193817138672,1.8523799180984497
1,4134,55.307823181152344,2.367608070373535
1,4135,62.09170150756836,2.1099226474761963
1,4136,36.71429443359375,2.0358190536499023
1,4137,66.10755920410156,2.608704090118408
1,4138,96.12089538574219,2.7729318141937256
1,4139,134.93609619140625,3.654600143432617
1,4140,63.94685363769531,2.2848145961761475
1,4141,56.83684539794922,2.20039439201355
1,4142,94.66172790527344,2.7973825931549072
1,4143,56.91259765625,2.051149845123291
1,4144,97.24518585205078,2.6820173263549805
1,4145,66.8869400024414,2.303407669067383
1,4146,65.27425384521484,2.375089168548584
1,4147,57.86323547363281,2.500967502593994
1,4148,84.38697052001953,2.420107364654541
1,4149,127.98339080810547,3.2419896125793457
1,4150,51.75709533691406,2.451385498046875
1,4151,75.17998504638672,2.6607420444488525
1,4152,71.56318664550781,2.4626638889312744
1,4153,85.05913543701172,2.736621856689453
1,4154,53.8946647644043,2.1519863605499268
1,4155,160.26144409179688,3.7970991134643555
1,4156,31.927722930908203,1.9010543823242188
1,4157,20.212432861328125,1.5344165563583374
1,4158,23.00041389465332,1.8458688259124756
1,4159,48.96588134765625,2.2475337982177734
1,4160,15.105655670166016,1.4534997940063477
1,4161,62.292747497558594,2.3588056564331055
1,4162,73.03964233398438,2.415867328643799
1,4163,76.01573944091797,2.8216605186462402
1,4164,87.59677124023438,2.868772029876709
1,4165,32.35735321044922,1.862845778465271
1,4166,79.2689437866211,2.5371265411376953
1,4167,93.45741271972656,2.842167854309082
1,4168,43.5052490234375,2.0459253787994385
1,4169,39.10167694091797,2.08479642868042
1,4170,67.1594467163086,2.4058194160461426
1,4171,39.10342788696289,2.286497116088867
1,4172,60.464324951171875,2.1025454998016357
1,4173,97.03022766113281,2.712790012359619
1,4174,65.5974349975586,2.394493579864502
1,4175,129.61178588867188,3.059547185897827
1,4176,44.51811218261719,2.363528251647949
1,4177,71.25311279296875,2.2736854553222656
1,4178,158.02964782714844,3.521379232406616
1,4179,41.418556213378906,1.7358691692352295
1,4180,68.25833129882812,2.6344962120056152
1,4181,90.18766784667969,2.729928493499756
1,4182,141.74363708496094,3.318666458129883
1,4183,65.09545135498047,2.5410726070404053
1,4184,35.837860107421875,1.832942247390747
1,4185,132.57186889648438,3.273038387298584
1,4186,86.55683898925781,2.794142484664917
1,4187,33.92755889892578,1.8426969051361084
1,4188,61.04560852050781,2.413996696472168
1,4189,78.3230209350586,2.4098033905029297
1,4190,37.962955474853516,2.0105538368225098
1,4191,24.915929794311523,1.7981102466583252
1,4192,144.08863830566406,3.3473949432373047
1,4193,72.28146362304688,2.5926592350006104
1,4194,38.50414276123047,2.04468035697937
1,4195,60.76136016845703,2.0053470134735107
1,4196,5.750601768493652,1.237601637840271
1,4197,69.01211547851562,2.523188352584839
1,4198,57.82403564453125,2.4464011192321777
1,4199,48.67488479614258,2.2173550128936768
1,4200,165.39047241210938,3.134943962097168
1,4201,194.5488739013672,3.8815267086029053
1,4202,142.51986694335938,3.0744786262512207
1,4203,128.72711181640625,3.0977401733398438
1,4204,136.81414794921875,3.015719413757324
1,4205,73.8885726928711,2.5231380462646484
1,4206,22.34263801574707,1.7764581441879272
1,4207,123.10078430175781,3.4254443645477295
1,4208,141.78033447265625,3.321859359741211
1,4209,59.839805603027344,2.644932508468628
1,4210,20.291343688964844,1.4364378452301025
1,4211,55.705833435058594,2.364933729171753
1,4212,68.52286529541016,2.2323062419891357
1,4213,15.532855987548828,1.5167933702468872
1,4214,26.34951400756836,1.6449992656707764
1,4215,69.1705093383789,2.404275417327881
1,4216,65.73814392089844,2.299502372741699
1,4217,88.18966674804688,2.6471645832061768
1,4218,144.59759521484375,3.0313446521759033
1,4219,71.01195526123047,2.3787546157836914
1,4220,55.71949005126953,2.4489035606384277
1,4221,67.622802734375,2.189711570739746
1,4222,58.47196578979492,2.5484561920166016
1,4223,63.72193145751953,2.220142364501953
1,4224,37.92702102661133,2.1825013160705566
1,4225,55.4204216003418,2.248195171356201
1,4226,82.09339141845703,2.2917516231536865
1,4227,44.70499038696289,2.168994188308716
1,4228,88.22685241699219,2.821362018585205
1,4229,71.47496795654297,2.710622549057007
1,4230,24.018035888671875,1.4575026035308838
1,4231,79.81471252441406,2.513568162918091
1,4232,40.954376220703125,1.7915427684783936
1,4233,74.62957763671875,2.6913559436798096
1,4234,46.968685150146484,2.1249842643737793
1,4235,98.28992462158203,2.443178415298462
1,4236,63.693302154541016,2.329084634780884
1,4237,114.11096954345703,3.251403331756592
1,4238,25.106164932250977,1.7475897073745728
1,4239,12232.533203125,16.9267520904541
1,4240,38.7130241394043,1.3808103799819946
1,4241,64.64144897460938,2.3456544876098633
1,4242,34.1316032409668,1.9611015319824219
1,4243,24.53641128540039,1.7807503938674927
1,4244,43.11238479614258,2.3434510231018066
1,4245,92.56716918945312,2.6817901134490967
1,4246,18.717796325683594,1.629396915435791
1,4247,56.84973907470703,2.3936192989349365
1,4248,36.795021057128906,2.066303014755249
1,4249,313.096435546875,4.172072410583496
1,4250,32.64679718017578,1.9099199771881104
1,4251,47.12799835205078,2.1342172622680664
1,4252,128.39434814453125,3.0466909408569336
1,4253,60.66483688354492,2.1976451873779297
1,4254,13.582916259765625,1.3768831491470337
1,4255,47.637699127197266,1.8407028913497925
1,4256,24.903743743896484,1.5199425220489502
1,4257,55.134193420410156,2.3404903411865234
1,4258,28.51500701904297,1.85498046875
1,4259,118.27755737304688,3.145364284515381
1,4260,224.15272521972656,4.150508403778076
1,4261,88.13105773925781,2.7510604858398438
1,4262,30.126270294189453,1.7921466827392578
1,4263,43.95896530151367,2.0424246788024902
1,4264,56.4908332824707,2.257617473602295
1,4265,51.18634796142578,2.1281051635742188
1,4266,44.4716796875,2.2854251861572266
1,4267,49.18177032470703,2.1178693771362305
1,4268,20.054306030273438,1.5846052169799805
1,4269,235.5059814453125,3.970186948776245
1,4270,81.53048706054688,2.7534735202789307
1,4271,16.760684967041016,1.5375654697418213
1,4272,81.17583465576172,2.634634256362915
1,4273,77.95356750488281,2.5498828887939453
1,4274,142.3043975830078,3.5584821701049805
1,4275,62.92739486694336,2.4881091117858887
1,4276,65.23533630371094,2.6823060512542725
1,4277,44.902915954589844,2.0619359016418457
1,4278,35.65555191040039,1.6281418800354004
1,4279,106.87019348144531,3.0678720474243164
1,4280,53.95536422729492,1.9832966327667236
1,4281,92.4105224609375,2.7496347427368164
1,4282,73.19108581542969,2.4822287559509277
1,4283,71.0958023071289,2.089561700820923
1,4284,138.0467529296875,3.066128730773926
1,4285,82.95524597167969,2.763576030731201
1,4286,135.4861297607422,3.3668951988220215
1,4287,56.61436080932617,2.2670207023620605
1,4288,110.9804458618164,3.1422371864318848
1,4289,60.40398406982422,2.473850965499878
1,4290,89.93692016601562,2.694446086883545
1,4291,71.90302276611328,2.5988898277282715
1,4292,56.52019500732422,2.4026339054107666
1,4293,136.4663848876953,3.308351993560791
1,4294,169.64584350585938,3.8917670249938965
1,4295,89.19442749023438,2.5182316303253174
1,4296,88.22395324707031,2.799626350402832
1,4297,72.36185455322266,2.546004056930542
1,4298,48.691505432128906,2.06152606010437
1,4299,120.25675964355469,3.3750500679016113
1,4300,183.00343322753906,3.4517011642456055
1,4301,60.05986785888672,2.3163363933563232
1,4302,75.16593170166016,2.348930597305298
1,4303,22.779478073120117,1.5526933670043945
1,4304,31.96977424621582,1.836051106452942
1,4305,53.354976654052734,2.163551092147827
1,4306,107.780517578125,2.8112244606018066
1,4307,77.25028228759766,2.487616539001465
1,4308,22.31637191772461,1.652280330657959
1,4309,112.70023345947266,2.9451355934143066
1,4310,43.9499626159668,2.364321708679199
1,4311,40.859127044677734,1.9478493928909302
1,4312,57.162593841552734,2.147825241088867
1,4313,62.73433303833008,2.3720245361328125
1,4314,108.96090698242188,3.006786823272705
1,4315,71.82478332519531,2.483560085296631
1,4316,39.23990249633789,1.9221757650375366
1,4317,71.5994644165039,2.334200382232666
1,4318,75.56295013427734,2.5186195373535156
1,4319,112.3568344116211,2.921569347381592
1,4320,52.64896011352539,2.2318854331970215
1,4321,88.08805847167969,2.6312780380249023
1,4322,36.472904205322266,1.7851051092147827
1,4323,48.490631103515625,2.160667896270752
1,4324,85.93215942382812,2.4503629207611084
1,4325,75.43595123291016,2.8057055473327637
1,4326,28.388694763183594,1.7654165029525757
1,4327,57.834163665771484,2.506810188293457
1,4328,192.40431213378906,4.270658493041992
1,4329,43.134071350097656,2.2049598693847656
1,4330,84.58543395996094,2.575307846069336
1,4331,51.230159759521484,2.2013418674468994
1,4332,26.71187973022461,1.739694595336914
1,4333,75.04190826416016,2.431549549102783
1,4334,62.082313537597656,2.020146608352661
1,4335,51.9774055480957,2.236844539642334
1,4336,63.87841033935547,2.334136486053467
1,4337,173.21363830566406,3.5952439308166504
1,4338,46.56840133666992,2.232461452484131
1,4339,80.32371520996094,2.623497486114502
1,4340,79.03999328613281,2.5082550048828125
1,4341,84.65863800048828,3.054276704788208
1,4342,32.69853591918945,1.9852783679962158
1,4343,114.55352783203125,2.761620044708252
1,4344,78.21820068359375,2.852923631668091
1,4345,65.29334259033203,2.5034053325653076
1,4346,47.720211029052734,2.1677258014678955
1,4347,34.37248992919922,1.985116958618164
1,4348,169.54510498046875,3.327361822128296
1,4349,75.3617172241211,2.7201147079467773
1,4350,141.20689392089844,3.6089775562286377
1,4351,69.75638580322266,2.4302563667297363
1,4352,55.477027893066406,1.8882180452346802
1,4353,35.80435562133789,2.1499838829040527
1,4354,59.73818588256836,1.9309231042861938
1,4355,80.12287902832031,2.6213057041168213
1,4356,155.0872039794922,3.574446678161621
1,4357,167.57069396972656,2.9112958908081055
1,4358,10.70379638671875,1.2395868301391602
1,4359,123.54981231689453,3.399949550628662
1,4360,74.6805648803711,2.338632106781006
1,4361,24.656967163085938,1.452469825744629
1,4362,58.29165267944336,2.3330929279327393
1,4363,112.57073974609375,3.1773204803466797
1,4364,72.94570922851562,2.702986717224121
1,4365,81.328369140625,2.2589516639709473
1,4366,84.97076416015625,2.4183521270751953
1,4367,18.434120178222656,1.3885425329208374
1,4368,34.02135467529297,1.7168253660202026
1,4369,63.750362396240234,2.4031293392181396
1,4370,66.29235076904297,2.802644729614258
1,4371,29.54109001159668,1.809037685394287
1,4372,32.463623046875,1.907411813735962
1,4373,45.80532455444336,2.2820675373077393
1,4374,48.288272857666016,2.161102294921875
1,4375,20.73900032043457,1.56700599193573
1,4376,57.25394058227539,2.4107110500335693
1,4377,26.84543228149414,1.8414814472198486
1,4378,61.49058151245117,2.4269227981567383
1,4379,44.35694122314453,2.2645957469940186
1,4380,48.232322692871094,2.1782727241516113
1,4381,60.786231994628906,2.239755392074585
1,4382,46.246849060058594,1.9549387693405151
1,4383,52.51727294921875,2.110076665878296
1,4384,39.42861557006836,1.9149061441421509
1,4385,42.679893493652344,1.7167760133743286
1,4386,32.028743743896484,1.945779800415039
1,4387,19.41681671142578,1.6169440746307373
1,4388,19.19708824157715,1.3236054182052612
1,4389,39.84037780761719,2.0242068767547607
1,4390,63.24151611328125,2.066890001296997
1,4391,32.56398010253906,1.9903000593185425
1,4392,48.445316314697266,2.010162830352783
1,4393,20.347780227661133,1.4317283630371094
1,4394,71.61656188964844,2.4205715656280518
1,4395,31.394176483154297,1.4213789701461792
1,4396,21.00916862487793,1.7033551931381226
1,4397,125.61474609375,3.225661039352417
1,4398,12.84689712524414,1.2245546579360962
1,4399,27.232463836669922,1.573952078819275
1,4400,48.43415832519531,1.8922772407531738
1,4401,114.83679962158203,3.171642541885376
1,4402,61.767940521240234,2.5836119651794434
1,4403,37.61842346191406,1.7306443452835083
1,4404,51.37432098388672,2.1141252517700195
1,4405,22.045198440551758,1.3990942239761353
1,4406,51.047672271728516,2.168287992477417
1,4407,96.29547119140625,2.688931703567505
1,4408,48.2957649230957,2.111196279525757
1,4409,55.31282043457031,2.228945255279541
1,4410,212.31436157226562,3.902951240539551
1,4411,38.51126480102539,2.1485114097595215
1,4412,28.373624801635742,1.656247854232788
1,4413,69.519287109375,2.585744857788086
1,4414,78.48311614990234,2.7553083896636963
1,4415,135.05474853515625,3.0072667598724365
1,4416,45.479713439941406,2.0074024200439453
1,4417,37.308692932128906,2.00425124168396
1,4418,83.10426330566406,2.8783249855041504
1,4419,60.486915588378906,2.315333604812622
1,4420,70.42133331298828,2.5085206031799316
1,4421,45.14934539794922,2.3899054527282715
1,4422,31.121936798095703,1.9633983373641968
1,4423,19.429542541503906,1.4998626708984375
1,4424,58.21904373168945,2.439739465713501
1,4425,46.84435272216797,2.2234859466552734
1,4426,95.13971710205078,2.814734935760498
1,4427,36.07663345336914,1.7107861042022705
1,4428,160.61265563964844,3.8864052295684814
1,4429,114.22335052490234,2.79145884513855
1,4430,37.12063980102539,1.8759057521820068
1,4431,78.85491943359375,3.0006043910980225
1,4432,61.82553482055664,2.5901036262512207
1,4433,125.54076385498047,3.5508365631103516
1,4434,44.218505859375,2.239488124847412
1,4435,62.96942138671875,2.3307740688323975
1,4436,63.29685974121094,2.4200167655944824
1,4437,145.4356231689453,3.55356764793396
1,4438,101.9437484741211,2.789278030395508
1,4439,84.2656478881836,2.474184274673462
1,4440,89.59638977050781,2.849090814590454
1,4441,37.897579193115234,1.839856743812561
1,4442,52.06418228149414,2.145099639892578
1,4443,71.99073791503906,2.5410337448120117
1,4444,33.55164337158203,1.7509106397628784
1,4445,33.30650329589844,1.5341697931289673
1,4446,92.19893646240234,2.9510159492492676
1,4447,86.22260284423828,2.8583240509033203
1,4448,54.7418098449707,2.278883457183838
1,4449,81.43304443359375,2.5622801780700684
1,4450,62.070579528808594,2.535245418548584
1,4451,57.47456741333008,2.2252464294433594
1,4452,64.84072875976562,2.4751744270324707
1,4453,154.12722778320312,3.6534924507141113
1,4454,117.83125305175781,2.9749743938446045
1,4455,96.96307373046875,2.5397024154663086
1,4456,33.6965446472168,2.0691909790039062
1,4457,50.893348693847656,2.223682165145874
1,4458,94.37236022949219,2.7580623626708984
1,4459,34.51728820800781,2.1225497722625732
1,4460,89.90544891357422,2.6871659755706787
1,4461,83.7304916381836,2.8804001808166504
1,4462,30.501018524169922,1.827936053276062
1,4463,121.09134674072266,3.1417460441589355
1,4464,78.66515350341797,2.6578376293182373
1,4465,123.2135009765625,2.5272164344787598
1,4466,70.58576965332031,2.17724609375
1,4467,52.18427276611328,2.3105309009552
1,4468,66.57553100585938,2.2307043075561523
1,4469,90.93672180175781,2.320338726043701
1,4470,91.97779846191406,2.7060399055480957
1,4471,91.67012023925781,2.9816083908081055
1,4472,69.5146255493164,2.888122320175171
1,4473,150.90760803222656,3.8343119621276855
1,4474,22.822816848754883,1.7238036394119263
1,4475,89.46149444580078,2.6396982669830322
1,4476,40.28289794921875,1.7554453611373901
1,4477,139.93276977539062,2.979942560195923
1,4478,94.98212432861328,2.6690194606781006
1,4479,144.81088256835938,2.968667507171631
1,4480,41.886619567871094,2.1436071395874023
1,4481,63.59223556518555,2.6416633129119873
1,4482,37.595149993896484,1.9289498329162598
1,4483,87.79212951660156,2.480870485305786
1,4484,80.4205093383789,2.7490193843841553
1,4485,45.20347595214844,1.6376993656158447
1,4486,72.6038818359375,2.4763574600219727
1,4487,44.62367248535156,2.0923550128936768
1,4488,22.374099731445312,1.540701985359192
1,4489,33.82735061645508,1.8563566207885742
1,4490,69.942138671875,2.753861904144287
1,4491,108.89947509765625,3.0745158195495605
1,4492,60.62239074707031,2.268625259399414
1,4493,26.267044067382812,1.742870569229126
1,4494,118.16358947753906,3.1801323890686035
1,4495,65.53062438964844,2.3809847831726074
1,4496,82.27975463867188,2.4898343086242676
1,4497,32.50410461425781,1.9990174770355225
1,4498,60.70979690551758,2.282654285430908
1,4499,118.18366241455078,3.207150459289551
1,4500,22.9847354888916,1.5251998901367188
1,4501,21.264163970947266,1.559219241142273
1,4502,43.29834747314453,2.084336996078491
1,4503,56.18843078613281,2.2852797508239746
1,4504,28.713897705078125,1.519895315170288
1,4505,52.86012649536133,2.173527717590332
1,4506,91.2481460571289,2.6786699295043945
1,4507,48.75306701660156,2.319403648376465
1,4508,42.94746398925781,2.1483230590820312
1,4509,21.264217376708984,1.4462413787841797
1,4510,37.59632873535156,2.105064868927002
1,4511,91.99549865722656,2.932563304901123
1,4512,45.397560119628906,1.6747747659683228
1,4513,61.41767120361328,2.3786721229553223
1,4514,10.678093910217285,1.172558069229126
1,4515,75.05792999267578,2.52790904045105
1,4516,58.633331298828125,2.3941924571990967
1,4517,137.0784912109375,3.358959436416626
1,4518,121.95703887939453,2.8735992908477783
1,4519,49.29104232788086,2.1137001514434814
1,4520,36.707176208496094,2.162763833999634
1,4521,75.93018341064453,2.6809873580932617
1,4522,22.315799713134766,1.5975463390350342
1,4523,50.096805572509766,2.4448933601379395
1,4524,65.39297485351562,2.4082188606262207
1,4525,60.09428024291992,2.365645408630371
1,4526,17.991514205932617,1.5013036727905273
1,4527,82.40525817871094,2.806826114654541
1,4528,106.30596923828125,2.761849880218506
1,4529,87.33526611328125,2.892388105392456
1,4530,39.9350471496582,1.3546820878982544
1,4531,57.865966796875,1.913346767425537
1,4532,102.53254699707031,2.988894462585449
1,4533,75.49752044677734,2.7745521068573
1,4534,57.15264892578125,2.4958953857421875
1,4535,14.150893211364746,1.1991946697235107
1,4536,39.07297134399414,2.0545430183410645
1,4537,50.5828742980957,2.150235176086426
1,4538,80.26608276367188,2.8202195167541504
1,4539,50.32419204711914,2.4755733013153076
1,4540,46.63508605957031,2.3038392066955566
1,4541,42.88751983642578,2.4334568977355957
1,4542,28.535655975341797,1.9778462648391724
1,4543,123.76778411865234,3.274989366531372
1,4544,96.33537292480469,2.2094318866729736
1,4545,76.28633117675781,2.865830183029175
1,4546,104.33860778808594,2.825507640838623
1,4547,182.48663330078125,3.912715196609497
1,4548,60.58012008666992,2.433069944381714
1,4549,102.12000274658203,3.246354818344116
1,4550,17.897212982177734,1.570050835609436
1,4551,59.98332595825195,2.4175429344177246
1,4552,72.51695251464844,2.694037914276123
1,4553,71.26104736328125,2.3457186222076416
1,4554,17.819393157958984,1.3595272302627563
1,4555,33.696571350097656,1.982039451599121
1,4556,73.92753601074219,2.646610975265503
1,4557,27.0833683013916,1.7722299098968506
1,4558,79.41568756103516,2.803161144256592
1,4559,65.53876495361328,2.7630064487457275
1,4560,168.9585723876953,4.004697799682617
1,4561,23.718994140625,1.5824333429336548
1,4562,122.72648620605469,2.9429173469543457
1,4563,81.45746612548828,2.8471696376800537
1,4564,82.54647064208984,2.3399810791015625
1,4565,56.01395034790039,2.4398818016052246
1,4566,33.97654342651367,1.916911005973816
1,4567,44.385074615478516,2.3689332008361816
1,4568,63.15306854248047,2.327207565307617
1,4569,52.83842849731445,2.516294240951538
1,4570,86.88050079345703,2.5180299282073975
1,4571,176.1211395263672,3.5243303775787354
1,4572,24.437475204467773,1.648249626159668
1,4573,55.053924560546875,2.5056777000427246
1,4574,40.09590148925781,2.0760467052459717
1,4575,146.50634765625,3.3309075832366943
1,4576,66.59540557861328,2.5520052909851074
1,4577,304.0097961425781,4.351140975952148
1,4578,126.57024383544922,3.198681354522705
1,4579,64.4477767944336,2.4628090858459473
1,4580,76.40888214111328,2.69541072845459
1,4581,99.92138671875,3.043546676635742
1,4582,106.37615203857422,3.219717025756836
1,4583,78.33534240722656,2.8057050704956055
1,4584,117.5404281616211,2.6965174674987793
1,4585,69.00654602050781,2.6709749698638916
1,4586,46.02666473388672,1.8226940631866455
1,4587,86.68209075927734,2.673511028289795
1,4588,54.846004486083984,2.1269402503967285
1,4589,25.23868751525879,1.8179748058319092
1,4590,80.60870361328125,2.8730669021606445
1,4591,101.78335571289062,2.6791439056396484
1,4592,147.56619262695312,3.3789567947387695
1,4593,54.20703887939453,2.137185573577881
1,4594,28.37570571899414,1.6733455657958984
1,4595,219.63247680664062,3.9037911891937256
1,4596,77.22323608398438,2.6080150604248047
1,4597,47.57999801635742,2.153208017349243
1,4598,80.52311706542969,2.704777479171753
1,4599,129.38336181640625,3.504612684249878
1,4600,75.4178695678711,2.6638448238372803
1,4601,111.45374298095703,3.0732078552246094
1,4602,112.42357635498047,2.9528870582580566
1,4603,69.76344299316406,2.721707344055176
1,4604,72.85051727294922,2.5864648818969727
1,4605,125.0243911743164,2.9180541038513184
1,4606,78.83393096923828,2.67450213432312
1,4607,63.64695739746094,2.522078514099121
1,4608,26.211503982543945,1.638013243675232
1,4609,43.35686492919922,1.9639859199523926
1,4610,55.451393127441406,2.304469108581543
1,4611,155.70523071289062,3.8842544555664062
1,4612,40.811946868896484,2.1754605770111084
1,4613,41.095420837402344,2.3093247413635254
1,4614,116.59712219238281,3.2406222820281982
1,4615,59.03379440307617,2.3027286529541016
1,4616,46.77935791015625,2.0837295055389404
1,4617,44.01856994628906,2.272128105163574
1,4618,40.21451950073242,2.2077558040618896
1,4619,59.66556930541992,2.4262332916259766
1,4620,43.68218994140625,2.1306216716766357
1,4621,62.001792907714844,2.3672995567321777
1,4622,43.811153411865234,1.9644265174865723
1,4623,13.256128311157227,1.3266961574554443
1,4624,147.0207977294922,3.2340269088745117
1,4625,71.78795623779297,2.4261298179626465
1,4626,118.00493621826172,3.1341731548309326
1,4627,52.49964141845703,2.1658878326416016
1,4628,70.98583984375,2.6267223358154297
1,4629,52.926902770996094,1.9626654386520386
1,4630,40.31109619140625,1.9069236516952515
1,4631,108.4537353515625,3.168659210205078
1,4632,90.54884338378906,3.077094078063965
1,4633,23.958457946777344,1.6584336757659912
1,4634,102.8553237915039,3.221315622329712
1,4635,33.72520446777344,1.760183334350586
1,4636,87.34361267089844,2.8018798828125
1,4637,125.5038833618164,3.2611725330352783
1,4638,76.34989166259766,1.9643808603286743
1,4639,78.26074981689453,2.793588638305664
1,4640,75.1227035522461,2.499423027038574
1,4641,26.951229095458984,1.9077081680297852
1,4642,85.85891723632812,2.4481430053710938
1,4643,25.562898635864258,1.7771066427230835
1,4644,57.96996307373047,2.280592918395996
1,4645,62.047332763671875,2.5717976093292236
1,4646,41.85858917236328,2.031343460083008
1,4647,74.3228988647461,2.5195469856262207
1,4648,80.80364990234375,2.6360087394714355
1,4649,23.220123291015625,1.7394096851348877
1,4650,39.573143005371094,2.028870105743408
1,4651,163.8418731689453,3.289041519165039
1,4652,99.67933654785156,2.6242637634277344
1,4653,24.5721435546875,1.521899700164795
1,4654,95.22476196289062,2.4764485359191895
1,4655,33.13214111328125,1.8504170179367065
1,4656,37.5194206237793,1.7651675939559937
1,4657,18.42690658569336,1.362431526184082
1,4658,106.83747863769531,2.927110195159912
1,4659,91.37387084960938,2.8879435062408447
1,4660,56.89785385131836,1.9863121509552002
1,4661,24.267982482910156,1.6652123928070068
1,4662,28.434722900390625,1.9216015338897705
1,4663,47.90492248535156,2.133814573287964
1,4664,54.13813400268555,2.224277973175049
1,4665,14.552488327026367,1.440805435180664
1,4666,61.337730407714844,2.249237537384033
1,4667,51.025142669677734,2.0390713214874268
1,4668,112.20841217041016,2.819575309753418
1,4669,76.23020935058594,2.8806087970733643
1,4670,91.52677917480469,2.8465023040771484
1,4671,204.06837463378906,4.425018310546875
1,4672,70.31258392333984,2.2314038276672363
1,4673,26.07326316833496,1.4680471420288086
1,4674,127.07027435302734,2.8928050994873047
1,4675,64.84063720703125,2.5387072563171387
1,4676,18.481754302978516,1.4965910911560059
1,4677,43.367462158203125,2.027888774871826
1,4678,27.25152587890625,1.550307273864746
1,4679,54.5897216796875,2.303738594055176
1,4680,59.09434509277344,2.0048317909240723
1,4681,47.1377067565918,2.272258758544922
1,4682,94.5771484375,2.6628305912017822
1,4683,68.5942611694336,2.5320262908935547
1,4684,54.424102783203125,2.2704954147338867
1,4685,86.48403930664062,2.595543384552002
1,4686,68.34088134765625,2.1328506469726562
1,4687,81.37662506103516,2.2279655933380127
1,4688,47.619197845458984,1.99448561668396
1,4689,89.95838165283203,2.4490573406219482
1,4690,124.15679931640625,3.081780433654785
1,4691,47.671871185302734,2.555232048034668
1,4692,78.85814666748047,2.250642776489258
1,4693,104.54669189453125,2.7877001762390137
1,4694,26.726388931274414,1.7682039737701416
1,4695,56.181427001953125,2.189073324203491
1,4696,15.204559326171875,1.278252363204956
1,4697,77.05882263183594,2.4334487915039062
1,4698,28.245634078979492,1.7936511039733887
1,4699,11.036857604980469,1.2786692380905151
1,4700,22.47748565673828,1.9001171588897705
1,4701,45.862464904785156,1.9301209449768066
1,4702,30.85371971130371,1.6911263465881348
1,4703,17.82056427001953,1.2859447002410889
1,4704,67.30597686767578,2.6875734329223633
1,4705,123.27539825439453,3.217653274536133
1,4706,36.72713088989258,1.9537614583969116
1,4707,62.74824142456055,2.1630094051361084
1,4708,175.80068969726562,4.067667484283447
1,4709,29.380096435546875,2.0654797554016113
1,4710,49.45430374145508,2.101120948791504
1,4711,39.49504089355469,1.8067024946212769
1,4712,55.30559539794922,1.718310832977295
1,4713,43.29237365722656,2.133049488067627
1,4714,52.21514892578125,2.2190663814544678
1,4715,27.559358596801758,1.8199595212936401
1,4716,47.8366584777832,2.06121826171875
1,4717,55.748233795166016,2.491802215576172
1,4718,129.64785766601562,3.542330503463745
1,4719,82.0492935180664,2.6005988121032715
1,4720,136.3016357421875,3.412187099456787
1,4721,77.67491912841797,2.6226868629455566
1,4722,21.299396514892578,1.7388399839401245
1,4723,35.95735168457031,1.5973929166793823
1,4724,43.68446350097656,2.1262006759643555
1,4725,135.36553955078125,3.1410181522369385
1,4726,57.113426208496094,2.2642645835876465
1,4727,112.89073944091797,3.2386443614959717
1,4728,41.553001403808594,2.0936057567596436
1,4729,57.655311584472656,2.3095710277557373
1,4730,105.5206069946289,2.4383320808410645
1,4731,15.207588195800781,1.3686254024505615
1,4732,75.75482177734375,2.4119296073913574
1,4733,67.34497833251953,2.3825178146362305
1,4734,102.22111511230469,3.021637201309204
1,4735,96.397705078125,2.995882987976074
1,4736,119.81753540039062,3.03924298286438
1,4737,40.57752990722656,1.9713166952133179
1,4738,62.36473846435547,2.603696823120117
1,4739,80.16010284423828,2.6308701038360596
1,4740,25.962024688720703,1.6473218202590942
1,4741,37.05533218383789,1.8418090343475342
1,4742,38.326011657714844,2.070935010910034
1,4743,50.855552673339844,2.0855207443237305
1,4744,215.0325927734375,3.933774709701538
1,4745,208.96615600585938,3.5140974521636963
1,4746,62.67876434326172,2.5226306915283203
1,4747,53.89949035644531,2.047001838684082
1,4748,74.70213317871094,2.5430357456207275
1,4749,98.5403060913086,2.7859792709350586
1,4750,22.199113845825195,1.6151683330535889
1,4751,110.85031127929688,2.9524176120758057
1,4752,24.090316772460938,1.7557772397994995
1,4753,69.60704040527344,2.7927441596984863
1,4754,59.66322708129883,2.2272486686706543
1,4755,20.598636627197266,1.464064359664917
1,4756,25.103675842285156,1.626887559890747
1,4757,20.410860061645508,1.8167494535446167
1,4758,70.07171630859375,2.731571912765503
1,4759,26.561237335205078,1.5384089946746826
1,4760,26.72879981994629,1.7151658535003662
1,4761,84.62184143066406,2.58074951171875
1,4762,95.91120147705078,2.4382598400115967
1,4763,55.23991012573242,2.3653790950775146
1,4764,108.38512420654297,2.5892093181610107
1,4765,25.680662155151367,1.773520588874817
1,4766,11.14249324798584,1.3935586214065552
1,4767,72.86933898925781,2.5291941165924072
1,4768,133.7586669921875,3.3839099407196045
1,4769,22.958852767944336,1.8125945329666138
1,4770,67.52298736572266,2.207207202911377
1,4771,64.33480072021484,2.0955326557159424
1,4772,70.86272430419922,2.365785598754883
1,4773,79.09513092041016,2.3131909370422363
1,4774,47.247039794921875,2.2268059253692627
1,4775,56.81196212768555,2.107088327407837
1,4776,56.204627990722656,2.107983112335205
1,4777,29.43701934814453,2.013674736022949
1,4778,58.634647369384766,2.4749794006347656
1,4779,126.52125549316406,3.4896130561828613
1,4780,16.575286865234375,1.7196688652038574
1,4781,34.70904541015625,1.8166441917419434
1,4782,112.31082153320312,2.70621919631958
1,4783,134.88052368164062,3.2181835174560547
1,4784,51.14950180053711,2.3573484420776367
1,4785,98.22197723388672,2.7744979858398438
1,4786,103.71278381347656,2.801816940307617
1,4787,43.933712005615234,2.013923168182373
1,4788,21.074159622192383,1.7987765073776245
1,4789,25.286792755126953,1.4979969263076782
1,4790,33.672080993652344,1.6643342971801758
1,4791,96.85418701171875,2.875798463821411
1,4792,51.99599838256836,2.341423511505127
1,4793,29.340147018432617,1.8951737880706787
1,4794,174.58084106445312,3.8670196533203125
1,4795,68.1366958618164,2.7837870121002197
1,4796,46.81118392944336,2.1507887840270996
1,4797,70.5606689453125,2.2910220623016357
1,4798,47.07723617553711,2.3704285621643066
1,4799,95.28331756591797,2.9253227710723877
1,4800,129.94790649414062,3.616177558898926
1,4801,192.99374389648438,3.7404909133911133
1,4802,72.72686767578125,2.775374412536621
1,4803,216.9275360107422,4.1556315422058105
1,4804,51.42884826660156,2.2494888305664062
1,4805,39.40452194213867,2.0092055797576904
1,4806,42.79410934448242,2.2922749519348145
1,4807,115.25437927246094,3.178771495819092
1,4808,20.732616424560547,1.6820342540740967
1,4809,88.057861328125,2.6348416805267334
1,4810,37.744564056396484,1.9644749164581299
1,4811,22.286773681640625,1.4248906373977661
1,4812,52.597381591796875,2.0193517208099365
1,4813,52.33070373535156,2.4414942264556885
1,4814,61.739646911621094,2.34857177734375
1,4815,34.863563537597656,1.7843585014343262
1,4816,91.58972930908203,2.729661703109741
1,4817,26.419231414794922,1.7148940563201904
1,4818,74.18096160888672,2.682508945465088
1,4819,18.19371223449707,1.5585639476776123
1,4820,22.831037521362305,1.7478288412094116
1,4821,80.59463500976562,2.3880105018615723
1,4822,107.27764892578125,2.464268684387207
1,4823,30.09710693359375,1.5813541412353516
1,4824,33.53472137451172,2.0965566635131836
1,4825,107.75564575195312,3.037418842315674
1,4826,119.73052978515625,2.978694438934326
1,4827,91.29673767089844,2.7861993312835693
1,4828,30.26033592224121,1.7291439771652222
1,4829,122.61042022705078,3.4070515632629395
1,4830,21.192920684814453,1.3420813083648682
1,4831,140.52085876464844,3.31565523147583
1,4832,37.056129455566406,2.0851097106933594
1,4833,28.238264083862305,2.0186591148376465
1,4834,99.24018096923828,2.8549633026123047
1,4835,154.2113494873047,3.5766401290893555
1,4836,27.389698028564453,1.8264317512512207
1,4837,99.5513687133789,3.0547451972961426
1,4838,67.90978240966797,2.750582456588745
1,4839,104.758544921875,3.0404868125915527
1,4840,62.84147644042969,2.5953269004821777
1,4841,45.26935958862305,2.200416088104248
1,4842,33.385128021240234,2.0607519149780273
1,4843,33.80211639404297,2.0684289932250977
1,4844,17.93340492248535,1.759891390800476
1,4845,252.4379425048828,3.522331714630127
1,4846,20.22788429260254,1.6718566417694092
1,4847,85.20991516113281,2.51939058303833
1,4848,43.31825256347656,2.1520392894744873
1,4849,73.37682342529297,2.6397976875305176
1,4850,48.93870162963867,2.0779881477355957
1,4851,58.60404968261719,2.601259469985962
1,4852,287.2108459472656,4.601556777954102
1,4853,30.374326705932617,1.6937205791473389
1,4854,75.25961303710938,2.478353977203369
1,4855,90.45378112792969,2.700355291366577
1,4856,141.5221405029297,3.541003704071045
1,4857,130.07244873046875,3.1210384368896484
1,4858,45.0595703125,2.254549264907837
1,4859,30.10085105895996,1.8482266664505005
1,4860,14.813518524169922,1.4685962200164795
1,4861,50.45204162597656,2.089470624923706
1,4862,204.91502380371094,3.2759628295898438
1,4863,50.7835807800293,2.300448179244995
1,4864,55.30487060546875,2.3574330806732178
1,4865,68.90555572509766,2.513184070587158
1,4866,50.03816223144531,2.271313190460205
1,4867,146.2689971923828,3.279879570007324
1,4868,105.03616333007812,3.127207040786743
1,4869,65.56838989257812,2.258899211883545
1,4870,79.30360412597656,2.7328455448150635
1,4871,12.657526016235352,1.5879228115081787
1,4872,50.320335388183594,2.0555427074432373
1,4873,69.80534362792969,2.8167014122009277
1,4874,67.24150085449219,2.741044044494629
1,4875,64.66065979003906,2.4229421615600586
1,4876,32.301422119140625,1.88129723072052
1,4877,39.383304595947266,2.0964090824127197
1,4878,120.93180847167969,2.9324491024017334
1,4879,75.82075500488281,2.7347042560577393
1,4880,31.0076904296875,1.6771626472473145
1,4881,44.47757339477539,2.0888137817382812
1,4882,42.077476501464844,2.060708522796631
1,4883,48.93939971923828,2.1669180393218994
1,4884,115.35073852539062,3.375936269760132
1,4885,24.891633987426758,1.6630505323410034
1,4886,36.74749755859375,1.7528882026672363
1,4887,57.67581558227539,2.279642343521118
1,4888,48.100425720214844,2.094655752182007
1,4889,22.86620330810547,1.5852231979370117
1,4890,16.650325775146484,1.8196847438812256
1,4891,54.06069564819336,2.196552038192749
1,4892,39.773399353027344,1.889880895614624
1,4893,98.953857421875,2.949113607406616
1,4894,89.21664428710938,2.680535078048706
1,4895,90.77642822265625,2.2515416145324707
1,4896,25.90007972717285,1.6882092952728271
1,4897,78.78321838378906,2.6207752227783203
1,4898,54.11109161376953,2.257598400115967
1,4899,98.08271026611328,2.7283408641815186
1,4900,31.233867645263672,1.8029932975769043
1,4901,236.9005889892578,4.623514652252197
1,4902,79.62910461425781,2.7091732025146484
1,4903,44.69804000854492,2.1468844413757324
1,4904,52.470359802246094,2.1107356548309326
1,4905,49.32157516479492,1.988213062286377
1,4906,168.95277404785156,3.6138696670532227
1,4907,37.49494552612305,2.132439613342285
1,4908,63.52284622192383,2.6552631855010986
1,4909,50.35810852050781,2.1931965351104736
1,4910,32.61705017089844,1.7554999589920044
1,4911,33.347511291503906,2.0068516731262207
1,4912,46.910980224609375,1.9930610656738281
1,4913,44.47822952270508,2.1307806968688965
1,4914,27.64779281616211,1.592630386352539
1,4915,54.3090934753418,2.2362217903137207
1,4916,75.5698471069336,2.3409180641174316
1,4917,29.045883178710938,1.6004786491394043
1,4918,43.4365348815918,2.1874008178710938
1,4919,129.0423126220703,3.120388984680176
1,4920,35.35166549682617,1.998003602027893
1,4921,38.722869873046875,2.1348116397857666
1,4922,34.396644592285156,2.047062635421753
1,4923,33.394840240478516,1.9534523487091064
1,4924,47.68800354003906,2.0985074043273926
1,4925,58.927574157714844,1.83842134475708
1,4926,129.3329620361328,2.878464460372925
1,4927,36.624351501464844,2.2846438884735107
1,4928,35.695587158203125,2.0317740440368652
1,4929,63.78446960449219,2.621915817260742
1,4930,53.717620849609375,2.3542847633361816
1,4931,28.774471282958984,1.9250857830047607
1,4932,97.45618438720703,2.4984726905822754
1,4933,48.077701568603516,1.9708843231201172
1,4934,39.020469665527344,1.9124860763549805
1,4935,80.52754974365234,2.5451784133911133
1,4936,92.3340835571289,2.948138475418091
1,4937,17.41075325012207,1.576887845993042
1,4938,108.37181091308594,3.0219244956970215
1,4939,70.51476287841797,2.6456799507141113
1,4940,76.56063079833984,2.719681978225708
1,4941,36.84241485595703,1.9357304573059082
1,4942,45.32316207885742,1.9054843187332153
1,4943,28.64264488220215,1.8445907831192017
1,4944,92.0118637084961,2.9140429496765137
1,4945,21.685352325439453,1.5160293579101562
1,4946,94.49006652832031,3.3228187561035156
1,4947,109.73150634765625,2.941465139389038
1,4948,98.53958892822266,2.602088451385498
1,4949,82.03913116455078,2.8233275413513184
1,4950,107.78794860839844,3.2846837043762207
1,4951,20.04023551940918,1.6358600854873657
1,4952,77.58277893066406,2.6956570148468018
1,4953,32.48374938964844,1.571455717086792
1,4954,44.1444091796875,1.8213746547698975
1,4955,58.482669830322266,2.088253974914551
1,4956,121.08557891845703,3.046968936920166
1,4957,26.183252334594727,1.7241636514663696
1,4958,69.59508514404297,2.1226348876953125
1,4959,22.648330688476562,1.7327725887298584
1,4960,76.6526107788086,2.5255558490753174
1,4961,125.5120620727539,3.252387046813965
1,4962,52.550872802734375,2.2074732780456543
1,4963,71.38790130615234,2.7263762950897217
1,4964,87.03141784667969,2.8016908168792725
1,4965,60.027130126953125,2.2554428577423096
1,4966,71.72852325439453,2.359118938446045
1,4967,37.28611373901367,1.7973308563232422
1,4968,46.49303436279297,1.8968584537506104
1,4969,39.655818939208984,2.0365960597991943
1,4970,132.3834991455078,3.311351776123047
1,4971,57.380313873291016,2.6275994777679443
1,4972,36.13373947143555,1.8744447231292725
1,4973,32.03196334838867,1.9747182130813599
1,4974,19.88381004333496,1.5265171527862549
1,4975,74.45084381103516,2.675255537033081
1,4976,16.975940704345703,1.596793532371521
1,4977,132.19775390625,3.1145756244659424
1,4978,46.041160583496094,2.2748215198516846
1,4979,36.06817626953125,2.004363775253296
1,4980,114.80561065673828,3.2159881591796875
1,4981,84.30389404296875,2.711425304412842
1,4982,140.85433959960938,3.48051118850708
1,4983,42.57343673706055,1.9228127002716064
1,4984,184.86068725585938,3.5380349159240723
1,4985,23.955486297607422,1.6537022590637207
1,4986,29.160314559936523,1.7349687814712524
1,4987,61.559776306152344,2.554321527481079
1,4988,55.793212890625,2.2514214515686035
1,4989,15.59351634979248,1.2225879430770874
1,4990,65.83305358886719,2.6259987354278564
1,4991,57.34791564941406,2.312757730484009
1,4992,52.772911071777344,1.8943428993225098
1,4993,38.88226318359375,1.9283621311187744
1,4994,49.75006866455078,2.3099541664123535
1,4995,50.03044891357422,2.2481091022491455
1,4996,40.17311477661133,1.915677785873413
1,4997,40.219017028808594,1.8546783924102783
1,4998,48.395931243896484,2.1696295738220215
1,4999,57.38364028930664,2.313143014907837
1,5000,60.98762512207031,2.5302488803863525
1,5001,98.33815002441406,3.154675245285034
1,5002,84.37919616699219,2.5400314331054688
1,5003,133.1399383544922,2.887960433959961
1,5004,60.08037567138672,2.4074127674102783
1,5005,88.88848114013672,2.5020828247070312
1,5006,11.242538452148438,1.2181953191757202
1,5007,11.12075138092041,1.2439875602722168
1,5008,51.972599029541016,2.0412580966949463
1,5009,77.15138244628906,2.5693142414093018
1,5010,55.11395263671875,2.12430477142334
1,5011,67.57424926757812,2.4076831340789795
1,5012,93.02418518066406,2.8245158195495605
1,5013,79.98767852783203,2.55759334564209
1,5014,38.91520690917969,1.8482320308685303
1,5015,34.49176788330078,1.8376073837280273
1,5016,60.148277282714844,2.2216439247131348
1,5017,64.86869049072266,2.288177728652954
1,5018,120.64096069335938,2.9963762760162354
1,5019,94.89986419677734,2.9856011867523193
1,5020,27.399824142456055,1.598501205444336
1,5021,73.43640899658203,2.8827781677246094
1,5022,77.10604858398438,2.6926252841949463
1,5023,74.29780578613281,2.709033489227295
1,5024,53.658016204833984,1.8470433950424194
1,5025,90.27019500732422,2.7849278450012207
1,5026,84.27696228027344,2.645005941390991
1,5027,24.498796463012695,1.6638966798782349
1,5028,89.09898376464844,2.909285068511963
1,5029,66.69632720947266,2.356870651245117
1,5030,105.17102813720703,2.8825485706329346
1,5031,65.6315689086914,2.1712756156921387
1,5032,65.8240966796875,2.733473300933838
1,5033,52.0627555847168,2.1435348987579346
1,5034,89.59940338134766,2.3788440227508545
1,5035,10.09642219543457,1.3213162422180176
1,5036,23.603849411010742,1.7589831352233887
1,5037,24.323810577392578,1.761075496673584
1,5038,10.235665321350098,1.0415332317352295
1,5039,16.17212677001953,1.3676517009735107
1,5040,58.84722137451172,2.29089617729187
1,5041,48.267173767089844,2.015610933303833
1,5042,93.6134033203125,2.6121432781219482
1,5043,70.56951904296875,2.9248311519622803
1,5044,34.17518997192383,1.8767415285110474
1,5045,69.35012817382812,2.800994396209717
1,5046,78.35041046142578,2.6073689460754395
1,5047,62.876529693603516,2.4132399559020996
1,5048,31.931642532348633,1.3578740358352661
1,5049,23.85603141784668,1.1951348781585693
1,5050,99.18272399902344,2.7113988399505615
1,5051,36.51875305175781,2.1388025283813477
1,5052,29.7559814453125,1.723427653312683
1,5053,38.26006317138672,1.9798990488052368
1,5054,70.5582504272461,2.809882879257202
1,5055,57.28367233276367,2.286105155944824
1,5056,132.02207946777344,3.4635496139526367
1,5057,85.46377563476562,2.875312566757202
1,5058,82.09410095214844,2.5566773414611816
1,5059,14.934005737304688,1.197615385055542
1,5060,46.239192962646484,1.8109935522079468
1,5061,35.97106170654297,1.753359317779541
1,5062,165.6629638671875,3.9142680168151855
1,5063,64.76922607421875,2.580587387084961
1,5064,781.6893920898438,4.84884786605835
1,5065,66.705078125,2.3526525497436523
1,5066,39.2973518371582,2.1063761711120605
1,5067,97.25849914550781,2.803708076477051
1,5068,38.01903533935547,1.5457649230957031
1,5069,16.309720993041992,1.38010573387146
1,5070,25.69602394104004,1.5847389698028564
1,5071,94.13508605957031,2.5623602867126465
1,5072,56.51095962524414,2.109248638153076
1,5073,64.86133575439453,2.3925552368164062
1,5074,171.40969848632812,3.358494281768799
1,5075,101.77303314208984,2.5074944496154785
1,5076,88.45844268798828,2.641216516494751
1,5077,59.97134017944336,2.3544178009033203
1,5078,74.6925277709961,2.843514919281006
1,5079,130.74041748046875,3.4027390480041504
1,5080,32.94938278198242,1.8658921718597412
1,5081,50.46107482910156,2.08054256439209
1,5082,25.583656311035156,1.5325498580932617
1,5083,51.619632720947266,2.278939723968506
1,5084,46.6053581237793,2.3899197578430176
1,5085,98.20074462890625,2.9591383934020996
1,5086,122.74380493164062,3.0509462356567383
1,5087,15.346898078918457,1.4694700241088867
1,5088,39.298789978027344,1.8172028064727783
1,5089,16.524627685546875,1.3825843334197998
1,5090,70.85289764404297,2.7483739852905273
1,5091,32.639976501464844,1.5512607097625732
1,5092,32.90911865234375,1.9397308826446533
1,5093,18.133193969726562,1.3938014507293701
1,5094,43.265098571777344,2.1066529750823975
1,5095,56.158042907714844,2.7077484130859375
1,5096,92.95191955566406,2.5344367027282715
1,5097,53.36981201171875,2.346343755722046
1,5098,58.840187072753906,2.10416316986084
1,5099,20.45172882080078,1.4793363809585571
1,5100,63.626708984375,2.456444501876831
1,5101,53.4066162109375,2.1368584632873535
1,5102,28.053022384643555,1.7244678735733032
1,5103,82.45807647705078,2.6604018211364746
1,5104,49.420562744140625,2.439208984375
1,5105,125.62286376953125,3.3960719108581543
1,5106,53.373374938964844,1.7399685382843018
1,5107,33.582740783691406,1.8845245838165283
1,5108,95.12088775634766,2.4140710830688477
1,5109,34.81224822998047,1.9395816326141357
1,5110,48.16422653198242,2.45648193359375
1,5111,109.35904693603516,3.3892297744750977
1,5112,31.596853256225586,1.9520831108093262
1,5113,96.26596069335938,3.222242832183838
1,5114,66.75724792480469,2.4040002822875977
1,5115,40.19673538208008,1.951293706893921
1,5116,116.80429077148438,2.4399397373199463
1,5117,108.93575286865234,3.216040849685669
1,5118,48.71152877807617,1.8504185676574707
1,5119,48.00629806518555,2.06784987449646
1,5120,135.97023010253906,3.51096510887146
1,5121,113.848876953125,3.080840826034546
1,5122,69.21114349365234,2.312955856323242
1,5123,32.360076904296875,1.8249711990356445
1,5124,19.953044891357422,1.4593489170074463
1,5125,45.26259231567383,2.385589122772217
1,5126,69.60140228271484,2.6316423416137695
1,5127,64.04191589355469,2.5595481395721436
1,5128,29.208053588867188,1.8682808876037598
1,5129,49.95641326904297,2.0880284309387207
1,5130,12.964838981628418,1.387791633605957
1,5131,56.6889533996582,2.1460230350494385
1,5132,37.44826126098633,2.132833242416382
1,5133,66.76371002197266,2.522796154022217
1,5134,83.90972137451172,2.2358665466308594
1,5135,15.190792083740234,1.4194506406784058
1,5136,93.27014923095703,2.694401264190674
1,5137,113.22306823730469,3.030949115753174
1,5138,35.74217987060547,1.8882726430892944
1,5139,17.029489517211914,1.3199307918548584
1,5140,108.3156509399414,2.8052918910980225
1,5141,131.70123291015625,3.2927260398864746
1,5142,57.254852294921875,2.4804840087890625
1,5143,87.17879486083984,2.8385138511657715
1,5144,40.57306671142578,2.216139793395996
1,5145,26.997406005859375,1.7751963138580322
1,5146,103.45918273925781,3.0976593494415283
1,5147,26.373937606811523,1.72341787815094
1,5148,45.992122650146484,2.162625789642334
1,5149,85.22827911376953,2.676494836807251
1,5150,50.05845260620117,2.1767053604125977
1,5151,77.99077606201172,2.6630148887634277
1,5152,19.8919734954834,1.861305594444275
1,5153,22.148578643798828,1.6179426908493042
1,5154,33.51292419433594,2.0390050411224365
1,5155,43.29512405395508,2.0934643745422363
1,5156,93.10084533691406,3.2385149002075195
1,5157,77.11944580078125,2.4741387367248535
1,5158,85.24261474609375,2.511108875274658
1,5159,68.17993927001953,2.501594305038452
1,5160,65.27037048339844,2.3763656616210938
1,5161,75.22160339355469,2.5389158725738525
1,5162,29.959264755249023,1.6769927740097046
1,5163,38.140907287597656,1.890448808670044
1,5164,45.97509765625,2.0036532878875732
1,5165,86.12789154052734,2.48649263381958
1,5166,48.61116409301758,1.80857515335083
1,5167,76.5413818359375,2.8441455364227295
1,5168,109.98758697509766,3.262338638305664
1,5169,89.04998779296875,2.7437641620635986
1,5170,84.91366577148438,2.8695271015167236
1,5171,25.122709274291992,1.6922070980072021
1,5172,21.396488189697266,1.5652450323104858
1,5173,71.76521301269531,2.6160619258880615
1,5174,54.540767669677734,2.257023811340332
1,5175,43.28594970703125,2.3137996196746826
1,5176,36.28106689453125,1.7859323024749756
1,5177,52.449100494384766,1.9971749782562256
1,5178,133.07763671875,3.3247272968292236
1,5179,61.15388107299805,2.068394184112549
1,5180,81.26847076416016,2.603327989578247
1,5181,42.649253845214844,2.2294998168945312
1,5182,111.09310913085938,3.1664304733276367
1,5183,95.98316192626953,2.7460734844207764
1,5184,142.50958251953125,3.342867374420166
1,5185,34.67848587036133,1.9871019124984741
1,5186,33.289390563964844,1.868659496307373
1,5187,46.36531066894531,2.1779985427856445
1,5188,37.27300262451172,1.9221394062042236
1,5189,22.58267593383789,1.9314100742340088
1,5190,7.476655960083008,1.243269443511963
1,5191,75.16551208496094,2.4584062099456787
1,5192,42.434566497802734,2.3798537254333496
1,5193,26.3798828125,1.8175045251846313
1,5194,109.76661682128906,3.28227162361145
1,5195,89.39239501953125,2.7479262351989746
1,5196,54.690284729003906,2.6205434799194336
1,5197,45.88528823852539,2.111509084701538
1,5198,74.52464294433594,2.741344690322876
1,5199,70.86351013183594,2.473207950592041
1,5200,33.19149398803711,1.6401922702789307
1,5201,67.37120056152344,2.5621399879455566
1,5202,46.637351989746094,2.0467870235443115
1,5203,54.1580924987793,2.3431172370910645
1,5204,51.46242141723633,2.3593647480010986
1,5205,78.72744750976562,2.4576616287231445
1,5206,100.04051971435547,3.0434117317199707
1,5207,30.88412094116211,1.5298585891723633
1,5208,91.01730346679688,2.664672374725342
1,5209,24.398775100708008,1.5453640222549438
1,5210,45.848854064941406,2.331307888031006
1,5211,22.372047424316406,1.7675739526748657
1,5212,33.020015716552734,1.987067461013794
1,5213,112.75836944580078,3.109922170639038
1,5214,75.54454040527344,2.7653913497924805
1,5215,89.1541976928711,2.4380316734313965
1,5216,103.86795043945312,2.535348653793335
1,5217,134.25927734375,2.8217477798461914
1,5218,55.10301208496094,2.415236711502075
1,5219,56.727630615234375,2.541565418243408
1,5220,31.201637268066406,1.7490229606628418
1,5221,26.517024993896484,1.5705567598342896
1,5222,46.134124755859375,2.1070613861083984
1,5223,33.10397720336914,1.9870963096618652
1,5224,90.81005859375,2.656033754348755
1,5225,21.07750701904297,1.5504285097122192
1,5226,227.84939575195312,3.8171370029449463
1,5227,103.1907730102539,2.6513171195983887
1,5228,56.836456298828125,2.3396828174591064
1,5229,162.3618927001953,3.7119531631469727
1,5230,55.4615592956543,2.5053794384002686
1,5231,34.213653564453125,1.7247893810272217
1,5232,80.14921569824219,2.9083988666534424
1,5233,50.075477600097656,2.3609025478363037
1,5234,149.70614624023438,3.799929141998291
1,5235,90.73577117919922,2.8938586711883545
1,5236,53.090057373046875,2.0324859619140625
1,5237,16.676315307617188,1.586240291595459
1,5238,73.33816528320312,2.357855796813965
1,5239,54.38714599609375,2.2749481201171875
1,5240,63.97306442260742,2.277839183807373
1,5241,45.337459564208984,2.4891703128814697
1,5242,119.73228454589844,3.114631175994873
1,5243,26.323341369628906,1.938478708267212
1,5244,101.6766357421875,2.926638603210449
1,5245,133.04714965820312,3.205205202102661
1,5246,25.49869155883789,1.6364619731903076
1,5247,95.01053619384766,2.6972403526306152
1,5248,64.790771484375,2.3343312740325928
1,5249,30.430694580078125,2.0470123291015625
1,5250,42.978858947753906,2.1465771198272705
1,5251,28.19623374938965,1.6922229528427124
1,5252,74.28304290771484,2.6533334255218506
1,5253,23.937679290771484,1.5748189687728882
1,5254,73.99729919433594,2.386749029159546
1,5255,56.25789260864258,2.128652334213257
1,5256,133.58880615234375,3.5330650806427
1,5257,40.682220458984375,2.2624154090881348
1,5258,37.235511779785156,1.815178394317627
1,5259,159.0982666015625,3.4988694190979004
1,5260,41.594547271728516,2.1049435138702393
1,5261,20.76678466796875,1.5181832313537598
1,5262,80.47174835205078,2.35935640335083
1,5263,71.98143005371094,2.7576913833618164
1,5264,51.153743743896484,2.194972038269043
1,5265,25.4376220703125,1.6629619598388672
1,5266,102.29747009277344,3.0265512466430664
1,5267,103.25370788574219,2.98205304145813
1,5268,57.760040283203125,2.409816265106201
1,5269,45.08101272583008,2.237848997116089
1,5270,52.43597412109375,2.41835618019104
1,5271,64.05715942382812,2.4896626472473145
1,5272,103.1012191772461,2.7600672245025635
1,5273,137.19741821289062,3.4733245372772217
1,5274,64.86420440673828,2.5216264724731445
1,5275,59.55058288574219,2.366955041885376
1,5276,20.352930068969727,1.4123752117156982
1,5277,33.87809753417969,2.087773084640503
1,5278,32.13201141357422,2.051797866821289
1,5279,145.2019500732422,3.558384895324707
1,5280,28.882617950439453,1.9757702350616455
1,5281,24.018341064453125,1.5963035821914673
1,5282,182.46664428710938,3.791062116622925
1,5283,17.758684158325195,1.510421872138977
1,5284,114.99858856201172,2.862466335296631
1,5285,60.07328796386719,2.3304696083068848
1,5286,14.811504364013672,1.4806444644927979
1,5287,25.24549102783203,1.9618666172027588
1,5288,30.81891632080078,1.8379700183868408
1,5289,12.337968826293945,1.2846873998641968
1,5290,42.943603515625,2.0461320877075195
1,5291,61.22856903076172,2.4718503952026367
1,5292,46.45464324951172,1.9498051404953003
1,5293,29.31992530822754,1.90398371219635
1,5294,50.861602783203125,2.248009204864502
1,5295,87.3121109008789,2.5799484252929688
1,5296,81.01264953613281,2.7014853954315186
1,5297,83.06302642822266,2.655853271484375
1,5298,116.8102035522461,3.1191048622131348
1,5299,35.55264663696289,2.0041375160217285
1,5300,13.803752899169922,1.574366569519043
1,5301,105.68519592285156,3.415322780609131
1,5302,60.97679138183594,2.5142126083374023
1,5303,44.56354904174805,2.241075038909912
1,5304,43.71775436401367,1.924389123916626
1,5305,91.38379669189453,2.8541581630706787
1,5306,87.82955932617188,2.7218520641326904
1,5307,75.47109985351562,2.7699713706970215
1,5308,94.44603729248047,2.8136754035949707
1,5309,43.80585479736328,2.180811643600464
1,5310,44.01631164550781,1.7359557151794434
1,5311,130.2771453857422,3.4732091426849365
1,5312,10.071625709533691,1.1698379516601562
1,5313,53.27088928222656,2.2446787357330322
1,5314,73.59211730957031,2.5136170387268066
1,5315,102.2845458984375,2.810637950897217
1,5316,46.142879486083984,2.145336627960205
1,5317,74.9928207397461,2.5422980785369873
1,5318,8.29814338684082,1.048866868019104
1,5319,125.50520324707031,3.191819190979004
1,5320,114.62344360351562,2.642096519470215
1,5321,50.328853607177734,2.151296854019165
1,5322,39.075439453125,1.9032760858535767
1,5323,27.216575622558594,1.784482479095459
1,5324,32.59950256347656,1.5925618410110474
1,5325,22.6402530670166,1.6783177852630615
1,5326,118.18598937988281,3.1755547523498535
1,5327,120.74263763427734,3.503190755844116
1,5328,57.62809371948242,2.248565196990967
1,5329,71.6939468383789,2.586517095565796
1,5330,83.95777130126953,2.4910361766815186
1,5331,40.822174072265625,2.2828209400177
1,5332,82.8650894165039,2.967047929763794
1,5333,37.46236038208008,2.051523208618164
1,5334,26.13698959350586,1.4868460893630981
1,5335,33.632198333740234,2.0783143043518066
1,5336,115.30040740966797,3.1354165077209473
1,5337,32.07976531982422,1.2201201915740967
1,5338,71.11262512207031,1.886885166168213
1,5339,24.125905990600586,1.5556575059890747
1,5340,155.8774871826172,3.5751049518585205
1,5341,34.86088180541992,1.904902458190918
1,5342,52.15591812133789,2.0227198600769043
1,5343,102.5577392578125,2.940476894378662
1,5344,92.5597915649414,2.870164394378662
1,5345,65.1130599975586,2.6148781776428223
1,5346,129.5731964111328,3.1346590518951416
1,5347,31.577335357666016,1.984376311302185
1,5348,107.3473129272461,2.9954380989074707
1,5349,37.29719924926758,2.072147846221924
1,5350,31.64332389831543,1.803635597229004
1,5351,59.846405029296875,2.3798024654388428
1,5352,75.1990966796875,2.437472343444824
1,5353,103.96282958984375,2.867579936981201
1,5354,233.98519897460938,2.8816192150115967
1,5355,100.22211456298828,3.0825653076171875
1,5356,34.494380950927734,1.7041525840759277
1,5357,62.87154769897461,2.2721545696258545
1,5358,60.72916030883789,2.3599390983581543
1,5359,22.659744262695312,1.6084964275360107
1,5360,121.3922348022461,3.284031629562378
1,5361,94.13575744628906,2.784240245819092
1,5362,78.58969116210938,2.500335216522217
1,5363,106.43678283691406,2.928507089614868
1,5364,54.11099624633789,2.2853596210479736
1,5365,33.60664749145508,2.0968987941741943
1,5366,7.221882343292236,0.9924255609512329
1,5367,130.5897979736328,3.0665690898895264
1,5368,99.90544891357422,2.8747663497924805
1,5369,87.85009002685547,2.8136684894561768
1,5370,40.35991287231445,1.9893155097961426
1,5371,160.20895385742188,3.571577548980713
1,5372,55.24612808227539,2.117692708969116
1,5373,53.18617248535156,2.4579970836639404
1,5374,18.21904945373535,1.3625730276107788
1,5375,12.957047462463379,1.5832037925720215
1,5376,120.60905456542969,3.000932216644287
1,5377,14.915050506591797,1.3836381435394287
1,5378,72.9739990234375,2.331130266189575
1,5379,7.494056701660156,1.048414945602417
1,5380,22.346689224243164,1.6479039192199707
1,5381,75.40640258789062,2.559042453765869
1,5382,52.93732833862305,2.1278927326202393
1,5383,64.04803466796875,2.695267677307129
1,5384,53.04435729980469,2.3978185653686523
1,5385,113.4555892944336,3.0397396087646484
1,5386,80.47417449951172,2.5784871578216553
1,5387,42.71710968017578,1.9532523155212402
1,5388,45.7501335144043,2.257859706878662
1,5389,105.20716857910156,3.100903034210205
1,5390,63.479698181152344,2.5050950050354004
1,5391,39.47046661376953,1.782073974609375
1,5392,20.40529441833496,1.6866687536239624
1,5393,96.96195983886719,2.9793193340301514
1,5394,58.969173431396484,2.500704765319824
1,5395,62.02771759033203,2.334780693054199
1,5396,58.029945373535156,2.113131046295166
1,5397,131.1434326171875,3.2851336002349854
1,5398,29.614377975463867,1.7088463306427002
1,5399,78.89490509033203,2.6086654663085938
1,5400,57.4345588684082,2.581088066101074
1,5401,77.07758331298828,2.633216381072998
1,5402,32.278709411621094,1.7457975149154663
1,5403,41.07126998901367,2.361034393310547
1,5404,55.47637939453125,1.9289032220840454
1,5405,83.410400390625,2.7088088989257812
1,5406,52.31935501098633,2.3109686374664307
1,5407,139.17247009277344,3.264765977859497
1,5408,14.525930404663086,1.4766435623168945
1,5409,102.53527069091797,2.925539016723633
1,5410,30.820772171020508,1.9051811695098877
1,5411,57.043052673339844,2.2542223930358887
1,5412,29.889469146728516,1.7844256162643433
1,5413,31.942344665527344,1.708984136581421
1,5414,52.24397277832031,2.087196111679077
1,5415,87.2317123413086,3.0263326168060303
1,5416,31.270023345947266,1.896919846534729
1,5417,67.36729431152344,2.64578914642334
1,5418,36.37942886352539,1.8969160318374634
1,5419,65.03510284423828,2.570347309112549
1,5420,127.47962951660156,3.543882369995117
1,5421,36.74904251098633,2.014049768447876
1,5422,111.91707611083984,3.232386589050293
1,5423,45.35497283935547,2.290539264678955
1,5424,75.18840026855469,2.8325562477111816
1,5425,111.46195983886719,2.8904895782470703
1,5426,147.27676391601562,3.417980670928955
1,5427,65.62083435058594,2.671743154525757
1,5428,54.57170104980469,2.4257097244262695
1,5429,46.03590774536133,1.8831157684326172
1,5430,111.60171508789062,3.352324962615967
1,5431,18.752685546875,1.5045002698898315
1,5432,37.32685089111328,1.8745245933532715
1,5433,71.57670593261719,2.762465000152588
1,5434,107.12033081054688,3.3679981231689453
1,5435,39.010169982910156,1.997553825378418
1,5436,25.00679588317871,1.7487751245498657
1,5437,90.68463134765625,2.9337399005889893
1,5438,36.18695831298828,1.972009539604187
1,5439,74.5335922241211,2.639019012451172
1,5440,17.320541381835938,1.6007447242736816
1,5441,70.54304504394531,2.364872932434082
1,5442,98.47119140625,2.873791456222534
1,5443,37.831939697265625,1.9906325340270996
1,5444,27.053558349609375,1.5032976865768433
1,5445,112.68038940429688,3.125962972640991
1,5446,33.97087478637695,1.9033305644989014
1,5447,50.766197204589844,1.974358081817627
1,5448,86.94062805175781,2.736971616744995
1,5449,18.71349334716797,1.6163357496261597
1,5450,128.66574096679688,2.8101353645324707
1,5451,67.25416564941406,2.5646605491638184
1,5452,80.82605743408203,2.764024257659912
1,5453,133.23736572265625,3.1141505241394043
1,5454,85.42345428466797,2.43630051612854
1,5455,101.45240020751953,2.885870933532715
1,5456,70.34036254882812,2.3098793029785156
1,5457,94.3955078125,3.024703025817871
1,5458,67.65328979492188,2.446094036102295
1,5459,23.197492599487305,1.418989658355713
1,5460,24.323665618896484,1.6134700775146484
1,5461,48.98876190185547,2.0220746994018555
1,5462,128.82098388671875,2.431415319442749
1,5463,120.4071273803711,3.01353120803833
1,5464,119.52152252197266,3.285938262939453
1,5465,118.2485122680664,3.2147955894470215
1,5466,225.69961547851562,4.055164337158203
1,5467,45.51063919067383,2.0687482357025146
1,5468,52.03443145751953,2.3689029216766357
1,5469,113.47923278808594,2.762982130050659
1,5470,43.90059280395508,2.009746789932251
1,5471,33.97499465942383,2.041835308074951
1,5472,62.44379806518555,2.212834596633911
1,5473,63.65212631225586,2.583498001098633
1,5474,42.36228561401367,2.1699721813201904
1,5475,53.73804473876953,2.3397748470306396
1,5476,30.303295135498047,1.5556213855743408
1,5477,113.35171508789062,2.8875417709350586
1,5478,38.84205627441406,2.138427734375
1,5479,57.250240325927734,2.396557331085205
1,5480,40.658912658691406,2.147578716278076
1,5481,22.264575958251953,1.6738831996917725
1,5482,42.55500793457031,2.06907320022583
1,5483,20.969274520874023,1.416589617729187
1,5484,51.058570861816406,2.223240852355957
1,5485,47.89130783081055,2.401078701019287
1,5486,31.254985809326172,1.9845681190490723
1,5487,45.78104782104492,2.390052318572998
1,5488,41.24991226196289,1.9373728036880493
1,5489,79.96526336669922,2.476367712020874
1,5490,38.747955322265625,1.7517898082733154
1,5491,80.51273345947266,2.784000873565674
1,5492,89.76862335205078,2.612760066986084
1,5493,125.32830810546875,3.204930305480957
1,5494,66.75773620605469,2.74531626701355
1,5495,14.858658790588379,1.5208945274353027
1,5496,93.08153533935547,2.613924264907837
1,5497,63.340171813964844,2.064976453781128
1,5498,98.65145874023438,2.8658809661865234
1,5499,52.64171600341797,2.1959242820739746
1,5500,82.49703216552734,2.7245419025421143
1,5501,58.1931266784668,2.1986935138702393
1,5502,69.88886260986328,2.3147716522216797
1,5503,90.39786529541016,2.8484530448913574
1,5504,42.49530029296875,2.2138783931732178
1,5505,46.793922424316406,2.2435896396636963
1,5506,74.32217407226562,2.6972851753234863
1,5507,36.39122009277344,1.9325053691864014
1,5508,52.05824279785156,2.092580556869507
1,5509,60.86035919189453,2.3922417163848877
1,5510,30.689973831176758,1.5363742113113403
1,5511,41.160736083984375,2.3196377754211426
1,5512,28.317276000976562,1.6031782627105713
1,5513,47.614070892333984,2.025158405303955
1,5514,115.41183471679688,3.0175881385803223
1,5515,49.32110595703125,2.1484274864196777
1,5516,69.08848571777344,2.6800179481506348
1,5517,68.00782012939453,2.6955454349517822
1,5518,20.990066528320312,1.7583246231079102
1,5519,39.304420471191406,2.1091153621673584
1,5520,17.813974380493164,1.5018914937973022
1,5521,76.65069580078125,2.386380910873413
1,5522,63.129150390625,2.2081165313720703
1,5523,43.078189849853516,1.9267383813858032
1,5524,44.941070556640625,2.2671194076538086
1,5525,23.880706787109375,1.4916247129440308
1,5526,19.418994903564453,1.844700813293457
1,5527,121.33643341064453,2.783493995666504
1,5528,48.37133026123047,1.9375994205474854
1,5529,59.27058410644531,2.803548574447632
1,5530,180.24838256835938,3.622589588165283
1,5531,128.68130493164062,3.3411593437194824
1,5532,117.90238952636719,3.141249656677246
1,5533,190.210205078125,3.036266565322876
1,5534,55.469608306884766,2.3186206817626953
1,5535,95.00977325439453,2.8099632263183594
1,5536,157.0966796875,3.815747022628784
1,5537,54.7391357421875,2.176574230194092
1,5538,39.620758056640625,2.008476972579956
1,5539,82.7557373046875,2.6643056869506836
1,5540,64.34349060058594,2.397639751434326
1,5541,89.17250061035156,2.840877056121826
1,5542,26.916654586791992,1.9881830215454102
1,5543,76.17407989501953,2.8346188068389893
1,5544,32.221710205078125,1.9953211545944214
1,5545,94.7900619506836,2.668613910675049
1,5546,84.68574523925781,2.4405007362365723
1,5547,92.73611450195312,2.92246675491333
1,5548,140.4871826171875,3.5449790954589844
1,5549,74.34838104248047,2.4314661026000977
1,5550,62.78463363647461,2.4563446044921875
1,5551,122.18578338623047,3.287079334259033
1,5552,106.34082794189453,2.6111350059509277
1,5553,143.53298950195312,3.249878406524658
1,5554,25.5423526763916,1.4395517110824585
1,5555,73.97065734863281,2.6656150817871094
1,5556,23.813125610351562,1.8100833892822266
1,5557,41.69135284423828,2.109955310821533
1,5558,81.35151672363281,2.4514734745025635
1,5559,61.612159729003906,2.4976248741149902
1,5560,36.523826599121094,1.995811939239502
1,5561,110.7715072631836,3.3449721336364746
1,5562,59.55213165283203,2.567049503326416
1,5563,33.52067565917969,1.9692516326904297
1,5564,72.32821655273438,2.5730748176574707
1,5565,83.38192749023438,2.960909366607666
1,5566,182.40086364746094,3.599184989929199
1,5567,23.95792579650879,1.707363486289978
1,5568,48.82637023925781,2.2922592163085938
1,5569,53.998714447021484,2.2072014808654785
1,5570,25.65460777282715,2.064912796020508
1,5571,43.66006851196289,2.2016844749450684
1,5572,54.02900314331055,2.5101306438446045
1,5573,108.61341094970703,2.854013442993164
1,5574,29.77106285095215,2.0029542446136475
1,5575,40.06270217895508,2.0468320846557617
1,5576,78.06808471679688,2.639557361602783
1,5577,35.87550354003906,1.9886200428009033
1,5578,66.92615509033203,2.4412543773651123
1,5579,42.96491241455078,2.1910176277160645
1,5580,55.667030334472656,2.295050859451294
1,5581,24.2281494140625,1.8757753372192383
1,5582,51.112937927246094,2.0624594688415527
1,5583,62.790931701660156,2.638004779815674
1,5584,36.376461029052734,1.9743748903274536
1,5585,48.44876480102539,2.2562363147735596
1,5586,89.11231231689453,2.4644627571105957
1,5587,77.2035903930664,2.176499605178833
1,5588,88.04925537109375,2.8628127574920654
1,5589,84.1099624633789,3.131639003753662
1,5590,162.23846435546875,3.396721124649048
1,5591,130.0887908935547,3.632936477661133
1,5592,81.72465515136719,2.7035906314849854
1,5593,49.91208267211914,2.333467721939087
1,5594,75.41848754882812,2.5318679809570312
1,5595,60.507083892822266,2.662412166595459
1,5596,15.131253242492676,1.6437363624572754
1,5597,42.86553955078125,2.0121889114379883
1,5598,80.92015838623047,2.309715986251831
1,5599,38.94906997680664,1.9508682489395142
1,5600,19.7778377532959,1.5502378940582275
1,5601,36.417137145996094,1.9378483295440674
1,5602,83.48181915283203,2.6947622299194336
1,5603,36.520076751708984,1.8855931758880615
1,5604,58.812191009521484,2.2932987213134766
1,5605,19.210298538208008,1.26222562789917
1,5606,99.907470703125,2.7605175971984863
1,5607,56.21816635131836,2.4136691093444824
1,5608,135.41944885253906,3.0763661861419678
1,5609,88.24151611328125,2.7120792865753174
1,5610,83.67432403564453,2.7258126735687256
1,5611,92.58869171142578,3.0768051147460938
1,5612,57.213462829589844,2.1605093479156494
1,5613,11.73381519317627,1.2715169191360474
1,5614,11.614624977111816,1.0754339694976807
1,5615,38.536380767822266,2.036924362182617
1,5616,41.8123779296875,2.0886833667755127
1,5617,95.08074951171875,2.640468120574951
1,5618,141.56752014160156,3.504042148590088
1,5619,92.52206420898438,3.0722126960754395
1,5620,44.65816879272461,2.1841020584106445
1,5621,81.38177490234375,2.4166507720947266
1,5622,61.971153259277344,2.607778787612915
1,5623,38.105648040771484,2.1262567043304443
1,5624,48.918670654296875,2.3265233039855957
1,5625,61.205955505371094,2.7332239151000977
1,5626,27.779890060424805,1.6851422786712646
1,5627,58.23408126831055,2.5122880935668945
1,5628,58.89702606201172,2.2386879920959473
1,5629,64.3397445678711,2.175384521484375
1,5630,79.7113265991211,2.536257266998291
1,5631,118.87371826171875,3.3505725860595703
1,5632,19.022071838378906,1.4624474048614502
1,5633,80.92236328125,2.4870123863220215
1,5634,103.76937103271484,2.923050880432129
1,5635,42.14305877685547,2.3404712677001953
1,5636,39.7916145324707,1.9077305793762207
1,5637,105.24268341064453,3.0100579261779785
1,5638,93.24758911132812,3.287482738494873
1,5639,54.31952667236328,2.326838493347168
1,5640,64.84893035888672,2.2596218585968018
1,5641,76.59442138671875,2.821420192718506
1,5642,84.69435119628906,2.7345499992370605
1,5643,96.34828186035156,3.148939609527588
1,5644,92.30107879638672,2.937757968902588
1,5645,50.124755859375,2.568190574645996
1,5646,21.877574920654297,1.6929901838302612
1,5647,22.58892822265625,1.8277103900909424
1,5648,45.578887939453125,2.214691162109375
1,5649,80.88311767578125,2.5716159343719482
1,5650,15.698371887207031,1.3809361457824707
1,5651,47.73466110229492,2.3132050037384033
1,5652,116.94279479980469,2.695498466491699
1,5653,80.50672149658203,2.236145496368408
1,5654,40.231407165527344,2.204801082611084
1,5655,44.13455581665039,1.904874324798584
1,5656,82.80380249023438,2.6156556606292725
1,5657,19.229736328125,1.5616264343261719
1,5658,75.5201416015625,2.5989527702331543
1,5659,75.10797882080078,2.592296838760376
1,5660,52.14083480834961,2.5672249794006348
1,5661,30.083410263061523,1.865673542022705
1,5662,103.88933563232422,2.9695982933044434
1,5663,46.16468048095703,2.0106029510498047
1,5664,19.393550872802734,1.5458273887634277
1,5665,28.520465850830078,1.560821771621704
1,5666,63.09646224975586,2.069545269012451
1,5667,19.936574935913086,1.5023378133773804
1,5668,26.067890167236328,1.8535460233688354
1,5669,92.6007080078125,3.0455145835876465
1,5670,49.32257080078125,2.194105625152588
1,5671,51.61989974975586,2.329009771347046
1,5672,70.49598693847656,2.5080201625823975
1,5673,30.166982650756836,1.8951934576034546
1,5674,26.314773559570312,1.6587212085723877
1,5675,50.58405303955078,1.940955400466919
1,5676,44.23738098144531,2.183892011642456
1,5677,261.84637451171875,3.910189151763916
1,5678,20.073278427124023,1.5489323139190674
1,5679,23.597946166992188,1.492043137550354
1,5680,82.6517105102539,2.6958789825439453
1,5681,123.8739242553711,3.3937833309173584
1,5682,48.16130065917969,2.1795365810394287
1,5683,174.02174377441406,4.040277481079102
1,5684,92.76258087158203,2.6606931686401367
1,5685,20.527433395385742,1.5248655080795288
1,5686,55.396026611328125,2.0923712253570557
1,5687,36.2471809387207,1.886309027671814
1,5688,76.63045501708984,2.5371897220611572
1,5689,42.488433837890625,2.046691656112671
1,5690,24.07941436767578,1.7567448616027832
1,5691,54.00529479980469,2.247105121612549
1,5692,29.740995407104492,1.749719262123108
1,5693,24.48003387451172,1.7018908262252808
1,5694,33.671661376953125,1.859893560409546
1,5695,26.158639907836914,1.8397243022918701
1,5696,52.632530212402344,2.2244725227355957
1,5697,131.39779663085938,3.0579097270965576
1,5698,65.96781921386719,2.5276246070861816
1,5699,25.89934539794922,1.824882984161377
1,5700,81.07803344726562,2.3781180381774902
1,5701,93.91422271728516,2.592954158782959
1,5702,22.399560928344727,1.4692021608352661
1,5703,68.45049285888672,2.713048219680786
1,5704,24.77571678161621,1.5930922031402588
1,5705,85.0064926147461,2.742513418197632
1,5706,68.19519805908203,2.2937846183776855
1,5707,46.144981384277344,2.355154514312744
1,5708,30.026805877685547,1.7105956077575684
1,5709,142.17031860351562,3.3583438396453857
1,5710,48.40864562988281,2.1704487800598145
1,5711,72.28753662109375,2.584733486175537
1,5712,94.55047607421875,2.886199474334717
1,5713,206.5098876953125,4.07533597946167
1,5714,15.59013843536377,1.621827244758606
1,5715,61.74721908569336,2.5024361610412598
1,5716,40.63930130004883,1.9758193492889404
1,5717,166.4828643798828,3.1336917877197266
1,5718,129.13055419921875,3.2468934059143066
1,5719,33.31899642944336,1.7174659967422485
1,5720,91.75577545166016,2.6957809925079346
1,5721,72.09297943115234,2.8040475845336914
1,5722,56.340328216552734,2.4651436805725098
1,5723,64.34432220458984,2.2786314487457275
1,5724,35.36451721191406,2.0310189723968506
1,5725,25.320072174072266,1.8199318647384644
1,5726,149.40386962890625,3.4022138118743896
1,5727,54.68087387084961,2.0777878761291504
1,5728,79.83517456054688,2.4925999641418457
1,5729,73.48341369628906,2.4181406497955322
1,5730,88.80467224121094,2.916530132293701
1,5731,41.185279846191406,2.1663858890533447
1,5732,37.54824447631836,1.9945764541625977
1,5733,39.37619400024414,2.20131778717041
1,5734,36.413551330566406,1.867876648902893
1,5735,70.57903289794922,2.4194087982177734
1,5736,51.23917770385742,2.360029697418213
1,5737,56.01744079589844,2.4620330333709717
1,5738,57.91903305053711,2.214719772338867
1,5739,66.72013854980469,2.369394302368164
1,5740,12.528654098510742,1.1829235553741455
1,5741,83.57093811035156,2.83884334564209
1,5742,35.23320007324219,1.962380051612854
1,5743,54.63254165649414,2.288306713104248
1,5744,52.11308288574219,2.1486880779266357
1,5745,87.83132934570312,3.0008349418640137
1,5746,106.0472183227539,2.6503825187683105
1,5747,81.94915008544922,2.6141414642333984
1,5748,75.09780883789062,2.5950660705566406
1,5749,58.25807189941406,2.432858467102051
1,5750,21.00443458557129,1.7387737035751343
1,5751,68.39469146728516,2.5707736015319824
1,5752,55.18145751953125,2.199322462081909
1,5753,47.321693420410156,2.149576187133789
1,5754,74.10321807861328,2.418672561645508
1,5755,27.195362091064453,1.5859711170196533
1,5756,89.13127899169922,2.6686043739318848
1,5757,47.91534423828125,1.8008978366851807
1,5758,44.40804672241211,1.8991575241088867
1,5759,97.79527282714844,2.7096292972564697
1,5760,38.79233932495117,1.9384607076644897
1,5761,51.05065155029297,2.42016339302063
1,5762,21.34719467163086,1.4824572801589966
1,5763,32.21657943725586,1.8737847805023193
1,5764,92.82703399658203,2.714113235473633
1,5765,76.17622375488281,2.960707187652588
1,5766,64.329345703125,2.206912040710449
1,5767,122.77960205078125,3.2435600757598877
1,5768,30.52695083618164,1.8839681148529053
1,5769,59.27283477783203,2.2724976539611816
1,5770,27.204832077026367,1.9076136350631714
1,5771,77.56221008300781,2.9503023624420166
1,5772,88.93436431884766,2.685248613357544
1,5773,84.88621520996094,2.5694642066955566
1,5774,45.85087585449219,1.749091386795044
1,5775,35.53054428100586,1.8915108442306519
1,5776,36.01804733276367,1.8552074432373047
1,5777,169.75384521484375,4.097377777099609
1,5778,101.29658508300781,3.0801501274108887
1,5779,98.8344497680664,2.761934280395508
1,5780,94.51038360595703,2.8450920581817627
1,5781,70.88687133789062,2.5235116481781006
1,5782,76.93524932861328,2.732150077819824
1,5783,173.52540588378906,3.803943157196045
1,5784,57.94575500488281,2.4005494117736816
1,5785,127.18022155761719,3.6605606079101562
1,5786,79.0076904296875,2.936697006225586
1,5787,119.41384887695312,2.9200124740600586
1,5788,59.43195724487305,2.3826112747192383
1,5789,73.36067199707031,2.2783265113830566
1,5790,113.52252960205078,2.9120020866394043
1,5791,240.02099609375,4.6381988525390625
1,5792,130.87881469726562,2.450105667114258
1,5793,99.54918670654297,2.7728042602539062
1,5794,17.06730842590332,1.2385833263397217
1,5795,21.11700439453125,1.57988440990448
1,5796,66.56904602050781,2.2837729454040527
1,5797,74.52374267578125,2.5617594718933105
1,5798,48.9853401184082,2.10542893409729
1,5799,30.929309844970703,1.6837399005889893
1,5800,93.04603576660156,2.9484450817108154
1,5801,82.39550018310547,2.5763864517211914
1,5802,65.15213775634766,2.445817470550537
1,5803,74.08969116210938,2.732964038848877
1,5804,75.81678009033203,2.6339993476867676
1,5805,8.464118003845215,1.201339602470398
1,5806,80.10340118408203,2.5625574588775635
1,5807,60.83367156982422,2.3910229206085205
1,5808,83.63157653808594,2.4647340774536133
1,5809,64.28866577148438,2.1456849575042725
1,5810,56.48637390136719,2.292217493057251
1,5811,118.49840545654297,2.9829068183898926
1,5812,97.77027893066406,2.5517754554748535
1,5813,64.13414001464844,2.590348958969116
1,5814,57.15960693359375,2.16328763961792
1,5815,31.748998641967773,1.5927350521087646
1,5816,75.18389129638672,2.382171869277954
1,5817,72.075439453125,2.74171781539917
1,5818,83.94285583496094,2.7753682136535645
1,5819,70.65160369873047,2.333770513534546
1,5820,19.524738311767578,1.4631439447402954
1,5821,134.8993682861328,3.3353419303894043
1,5822,76.07715606689453,2.641897678375244
1,5823,23.632680892944336,1.318286418914795
1,5824,160.81573486328125,3.35168194770813
1,5825,44.384796142578125,2.1436715126037598
1,5826,107.37133026123047,3.0179693698883057
1,5827,77.80013275146484,2.499605655670166
1,5828,131.75892639160156,2.8985226154327393
1,5829,33.14466094970703,1.8684418201446533
1,5830,70.92460632324219,2.421304225921631
1,5831,24.892269134521484,1.6842697858810425
1,5832,65.11345672607422,2.5965447425842285
1,5833,88.89633178710938,2.766935348510742
1,5834,27.79344940185547,1.8083208799362183
1,5835,68.45925903320312,2.18705677986145
1,5836,73.45919036865234,2.411787509918213
1,5837,50.39329528808594,2.042250633239746
1,5838,21.429136276245117,1.716696858406067
1,5839,114.69459533691406,3.0330376625061035
1,5840,154.55731201171875,3.163283348083496
1,5841,45.9403076171875,1.6772884130477905
1,5842,60.61259841918945,2.086871385574341
1,5843,61.84429168701172,2.3717904090881348
1,5844,21.34778594970703,1.6357922554016113
1,5845,68.73681640625,2.3154091835021973
1,5846,139.8406982421875,3.6589484214782715
1,5847,197.69500732421875,3.666386604309082
1,5848,99.36277770996094,3.147362232208252
1,5849,35.63706588745117,1.9455422163009644
1,5850,85.78238677978516,2.8287103176116943
1,5851,57.06129455566406,2.399631977081299
1,5852,47.289939880371094,1.87044095993042
1,5853,102.03567504882812,2.912034511566162
1,5854,58.56770324707031,2.560947895050049
1,5855,59.04106903076172,2.5274720191955566
1,5856,79.24002075195312,2.830674648284912
1,5857,26.602092742919922,1.8009552955627441
1,5858,93.14208984375,2.5565195083618164
1,5859,46.399349212646484,1.9173485040664673
1,5860,109.85690307617188,2.9701921939849854
1,5861,47.40437698364258,2.210305690765381
1,5862,93.62991333007812,2.9343159198760986
1,5863,38.00691604614258,1.8416589498519897
1,5864,21.82000732421875,1.5018593072891235
1,5865,72.97088623046875,2.6704049110412598
1,5866,41.77047348022461,2.134507179260254
1,5867,173.7008819580078,4.130959987640381
1,5868,10.587165832519531,1.288723111152649
1,5869,80.46717834472656,2.57301664352417
1,5870,189.73764038085938,4.2023468017578125
1,5871,55.48075866699219,2.268852710723877
1,5872,71.09037780761719,2.3980712890625
1,5873,61.40482711791992,2.062929630279541
1,5874,61.47938537597656,2.4424800872802734
1,5875,38.62119674682617,1.932183027267456
1,5876,38.55213928222656,2.015320062637329
1,5877,38.602638244628906,1.9616824388504028
1,5878,47.23604965209961,1.7876132726669312
1,5879,239.2062530517578,4.394736289978027
1,5880,88.46159362792969,2.8476433753967285
1,5881,10.621158599853516,1.2010802030563354
1,5882,52.30359649658203,2.052229881286621
1,5883,124.8273696899414,3.157662868499756
1,5884,61.81230926513672,2.3802573680877686
1,5885,99.54351806640625,2.590635299682617
1,5886,10.23103141784668,1.2074100971221924
1,5887,40.05258560180664,2.0200839042663574
1,5888,114.04725646972656,3.187174081802368
1,5889,20.751544952392578,1.5775871276855469
1,5890,112.37068939208984,2.6215720176696777
1,5891,70.3537368774414,2.5868148803710938
1,5892,53.114418029785156,2.002948760986328
1,5893,51.21549606323242,2.2522125244140625
1,5894,86.48545837402344,2.9607930183410645
1,5895,76.78286743164062,2.725417137145996
1,5896,71.92235565185547,2.5328245162963867
1,5897,2226.192626953125,7.343458652496338
1,5898,64.48957061767578,2.5251481533050537
1,5899,29.568984985351562,1.725801944732666
1,5900,53.016719818115234,2.2218544483184814
1,5901,150.43582153320312,3.5457093715667725
1,5902,110.40351104736328,2.717686176300049
1,5903,62.62976837158203,2.352008819580078
1,5904,60.42582702636719,2.6017441749572754
1,5905,60.17063903808594,2.272209882736206
1,5906,63.927215576171875,2.400033950805664
1,5907,19.629497528076172,1.2844769954681396
1,5908,74.21329498291016,2.3444833755493164
1,5909,41.642059326171875,2.3613386154174805
1,5910,8.644525527954102,1.0369058847427368
1,5911,64.21295928955078,2.6624538898468018
1,5912,55.73649597167969,2.6523733139038086
1,5913,28.524314880371094,1.8238095045089722
1,5914,49.52820587158203,2.2744522094726562
1,5915,153.51109313964844,3.7272956371307373
1,5916,115.01948547363281,3.145368814468384
1,5917,118.24771118164062,2.7240147590637207
1,5918,84.99234008789062,2.877387046813965
1,5919,73.66169738769531,2.4788548946380615
1,5920,56.65597915649414,2.019378185272217
1,5921,86.81439208984375,2.6480846405029297
1,5922,24.875288009643555,1.7863636016845703
1,5923,25.447492599487305,1.7085371017456055
1,5924,41.05876541137695,2.141909122467041
1,5925,46.805450439453125,2.481106758117676
1,5926,127.47929382324219,3.3423843383789062
1,5927,498.888916015625,3.8816003799438477
1,5928,22.086091995239258,1.5582396984100342
1,5929,73.32781982421875,2.6498680114746094
1,5930,20.577184677124023,1.667966365814209
1,5931,79.1361083984375,2.1237258911132812
1,5932,28.970722198486328,1.7125240564346313
1,5933,16.33056640625,1.4991483688354492
1,5934,10.5333251953125,1.249996304512024
1,5935,58.36684036254883,2.280550241470337
1,5936,106.90228271484375,3.2009172439575195
1,5937,30.046049118041992,1.8690053224563599
1,5938,46.4202880859375,2.0542774200439453
1,5939,25.961889266967773,1.768855333328247
1,5940,78.5044174194336,2.8424243927001953
1,5941,98.27783966064453,2.7904162406921387
1,5942,65.59300994873047,2.6935360431671143
1,5943,92.59796905517578,2.819749355316162
1,5944,38.82490921020508,2.182382822036743
1,5945,33.350364685058594,1.92232346534729
1,5946,212.49212646484375,4.593772888183594
1,5947,31.690044403076172,1.8150672912597656
1,5948,22.371265411376953,1.6858227252960205
1,5949,50.266624450683594,2.3341596126556396
1,5950,162.77597045898438,2.7504172325134277
1,5951,52.37277603149414,2.3443214893341064
1,5952,28.639888763427734,1.5749765634536743
1,5953,91.75984191894531,2.91001033782959
1,5954,27.025171279907227,2.0276503562927246
1,5955,71.49250030517578,2.6149959564208984
1,5956,10.172263145446777,1.3918462991714478
1,5957,118.1281967163086,3.135777711868286
1,5958,24.513507843017578,1.6989984512329102
1,5959,86.78136444091797,2.622976541519165
1,5960,31.82635498046875,1.6674388647079468
1,5961,46.80121612548828,2.255160093307495
1,5962,132.06619262695312,3.3731601238250732
1,5963,73.02435302734375,2.765387535095215
1,5964,61.41485595703125,2.5298736095428467
1,5965,79.09823608398438,2.7082855701446533
1,5966,67.81257629394531,2.4548072814941406
1,5967,52.24238967895508,2.3414149284362793
1,5968,98.37873077392578,2.8931500911712646
1,5969,41.97633361816406,2.1383259296417236
1,5970,18.074377059936523,1.3902117013931274
1,5971,38.438472747802734,1.9566940069198608
1,5972,57.701416015625,2.536243438720703
1,5973,21.933753967285156,1.56539785861969
1,5974,71.43416595458984,2.36708402633667
1,5975,78.764892578125,2.3087966442108154
1,5976,34.81471633911133,1.7559778690338135
1,5977,110.39085388183594,3.081387996673584
1,5978,54.40272521972656,2.210479259490967
1,5979,51.01731872558594,2.355273485183716
1,5980,50.598995208740234,2.2091660499572754
1,5981,64.1369857788086,2.5387353897094727
1,5982,115.93647766113281,3.1115663051605225
1,5983,26.066381454467773,1.7322332859039307
1,5984,51.50390625,2.3347253799438477
1,5985,54.56488037109375,2.0656065940856934
1,5986,69.30172729492188,2.1467854976654053
1,5987,24.166004180908203,1.4989030361175537
1,5988,92.84942626953125,2.9992642402648926
1,5989,47.73114013671875,2.140843391418457
1,5990,48.22840118408203,2.3183488845825195
1,5991,193.9680633544922,4.116135597229004
1,5992,35.22747039794922,2.112244129180908
1,5993,64.16871643066406,2.2209420204162598
1,5994,100.81980895996094,2.9740395545959473
1,5995,29.039955139160156,1.591593623161316
1,5996,31.835445404052734,1.9145331382751465
1,5997,28.08746337890625,1.6725449562072754
1,5998,26.96230697631836,1.8075075149536133
1,5999,88.2802734375,2.6917409896850586
1,6000,45.503074645996094,1.9595894813537598
1,6001,31.18090057373047,2.038562059402466
1,6002,41.88753890991211,2.084373712539673
1,6003,32.040802001953125,1.8546620607376099
1,6004,78.42449951171875,2.933579921722412
1,6005,35.410308837890625,1.7539969682693481
1,6006,17.917028427124023,1.5616258382797241
1,6007,50.83671569824219,2.2978742122650146
1,6008,286.7872619628906,4.496039390563965
1,6009,47.80788040161133,1.9003068208694458
1,6010,121.20393371582031,3.2497382164001465
1,6011,47.40763473510742,2.2926125526428223
1,6012,38.697349548339844,1.9008971452713013
1,6013,56.13259506225586,2.204186201095581
1,6014,76.52220916748047,2.4758400917053223
1,6015,8.915533065795898,1.1125942468643188
1,6016,20.599681854248047,1.5361461639404297
1,6017,40.619415283203125,2.13236927986145
1,6018,74.650146484375,2.557131052017212
1,6019,15.422972679138184,1.3927427530288696
1,6020,45.23716735839844,2.423142910003662
1,6021,8.34933090209961,1.0488663911819458
1,6022,65.64232635498047,2.3525731563568115
1,6023,30.80840301513672,2.0580782890319824
1,6024,121.14793395996094,3.1460018157958984
1,6025,171.81597900390625,3.6951587200164795
1,6026,89.62898254394531,2.6484599113464355
1,6027,133.9522705078125,3.5789542198181152
1,6028,5.978933334350586,1.1537561416625977
1,6029,121.27957153320312,3.1234004497528076
1,6030,44.86668014526367,2.2143142223358154
1,6031,114.64038848876953,2.716963052749634
1,6032,59.457664489746094,2.144817352294922
1,6033,115.28125,3.2935595512390137
1,6034,22.767160415649414,1.4840167760849
1,6035,87.4388656616211,2.4095687866210938
1,6036,163.8311767578125,2.874814748764038
1,6037,22.55436897277832,1.743973731994629
1,6038,57.59964370727539,2.416522264480591
1,6039,62.1099853515625,2.2152609825134277
1,6040,85.62625885009766,2.8223965167999268
1,6041,19.75180435180664,1.5074286460876465
1,6042,39.77406692504883,1.8483747243881226
1,6043,48.242393493652344,2.0624001026153564
1,6044,82.45014190673828,2.6314902305603027
1,6045,102.63481140136719,2.263138771057129
1,6046,80.54887390136719,2.5356051921844482
1,6047,43.37845993041992,1.7878022193908691
1,6048,62.9610595703125,2.4075844287872314
1,6049,41.65611267089844,2.04351806640625
1,6050,49.58409118652344,2.130420207977295
1,6051,36.497982025146484,2.1055195331573486
1,6052,55.233680725097656,2.3931972980499268
1,6053,89.99949645996094,2.3681352138519287
1,6054,24.007415771484375,1.7266933917999268
1,6055,51.0004997253418,2.4963250160217285
1,6056,37.836631774902344,2.030529499053955
1,6057,50.890316009521484,2.067945957183838
1,6058,128.4483642578125,3.185187816619873
1,6059,58.69931411743164,2.59964919090271
1,6060,49.111839294433594,2.089287042617798
1,6061,52.17362976074219,2.0253965854644775
1,6062,81.59088134765625,2.7844502925872803
1,6063,31.96405029296875,2.1357412338256836
1,6064,43.13282012939453,1.6015712022781372
1,6065,83.62670135498047,2.4116461277008057
1,6066,37.71167755126953,2.2402939796447754
1,6067,99.1729965209961,2.9019124507904053
1,6068,42.18853759765625,2.036271810531616
1,6069,98.43374633789062,2.65948748588562
1,6070,86.79597473144531,2.7300620079040527
1,6071,95.7527084350586,2.486727237701416
1,6072,98.81131744384766,3.2499496936798096
1,6073,31.676374435424805,1.8342909812927246
1,6074,42.62993621826172,1.9485324621200562
1,6075,21.264116287231445,1.5521018505096436
1,6076,31.935100555419922,1.7688896656036377
1,6077,61.062705993652344,2.295459032058716
1,6078,67.687255859375,2.282306671142578
1,6079,30.50206184387207,1.6419953107833862
1,6080,77.96702575683594,2.8064045906066895
1,6081,36.91383361816406,2.330336093902588
1,6082,63.806640625,2.3069212436676025
1,6083,84.93342590332031,2.635366678237915
1,6084,53.86362838745117,2.4140992164611816
1,6085,54.33869934082031,2.4355239868164062
1,6086,222.61541748046875,4.1092305183410645
1,6087,16.916736602783203,1.6070626974105835
1,6088,69.97364044189453,2.5694849491119385
1,6089,108.58699035644531,3.011373281478882
1,6090,66.66641998291016,2.392026424407959
1,6091,22.50505828857422,1.700638771057129
1,6092,169.6048583984375,3.907790422439575
1,6093,109.34962463378906,3.0467305183410645
1,6094,42.03529357910156,2.160445213317871
1,6095,23.9547061920166,1.8075168132781982
1,6096,83.50458526611328,2.7031972408294678
1,6097,221.7266387939453,3.9069480895996094
1,6098,148.82464599609375,3.018463611602783
1,6099,86.0430908203125,2.6582961082458496
1,6100,79.32208251953125,2.7856130599975586
1,6101,87.82423400878906,2.5825700759887695
1,6102,51.831329345703125,2.3882107734680176
1,6103,105.499755859375,2.8699421882629395
1,6104,43.81223678588867,2.0014798641204834
1,6105,33.768192291259766,1.9174221754074097
1,6106,43.80337142944336,2.2401299476623535
1,6107,77.12781524658203,2.221712827682495
1,6108,60.74779510498047,2.4031827449798584
1,6109,18.705223083496094,1.7860713005065918
1,6110,25.423934936523438,1.8646948337554932
1,6111,13.006107330322266,1.4780950546264648
1,6112,27.007652282714844,1.655834674835205
1,6113,117.20140075683594,2.8589372634887695
1,6114,50.77939224243164,2.315641164779663
1,6115,16.72026824951172,1.7017306089401245
1,6116,75.43852996826172,2.5009031295776367
1,6117,67.64755249023438,2.4439427852630615
1,6118,71.37217712402344,2.3290185928344727
1,6119,52.978389739990234,2.130836248397827
1,6120,27.24667739868164,1.5386090278625488
1,6121,15.525371551513672,1.5887490510940552
1,6122,40.324832916259766,2.2095134258270264
1,6123,18.996397018432617,1.4604291915893555
1,6124,56.2282600402832,2.1020002365112305
1,6125,61.318206787109375,2.2790961265563965
1,6126,37.88837814331055,1.627528429031372
1,6127,46.72552490234375,1.9757012128829956
1,6128,40.522621154785156,2.1486334800720215
1,6129,68.69277954101562,2.4032089710235596
1,6130,37.4215087890625,1.9269487857818604
1,6131,213.99681091308594,4.248432636260986
1,6132,78.652587890625,2.6787524223327637
1,6133,55.5053596496582,2.4344143867492676
1,6134,51.55194091796875,2.322605609893799
1,6135,11.169912338256836,1.1248843669891357
1,6136,39.607093811035156,1.9347608089447021
1,6137,11.072733879089355,1.2439308166503906
1,6138,185.08856201171875,3.816282272338867
1,6139,49.545875549316406,2.198610305786133
1,6140,26.555335998535156,1.4569053649902344
1,6141,121.29798889160156,2.973142147064209
1,6142,14.771748542785645,1.2332152128219604
1,6143,49.52220916748047,2.4617130756378174
1,6144,101.33377075195312,2.840038776397705
1,6145,50.15074157714844,2.376333475112915
1,6146,41.218902587890625,2.109466791152954
1,6147,55.19163513183594,2.25697922706604
1,6148,23.888355255126953,1.8511427640914917
1,6149,84.16184997558594,2.8057196140289307
1,6150,33.251834869384766,1.6492453813552856
1,6151,97.36400604248047,2.9556355476379395
1,6152,62.612640380859375,2.584662675857544
1,6153,136.11593627929688,3.163752555847168
1,6154,51.501766204833984,2.5121655464172363
1,6155,81.85054779052734,2.7536768913269043
1,6156,88.63033294677734,2.71008038520813
1,6157,132.92027282714844,2.9003803730010986
1,6158,94.73988342285156,2.709094285964966
1,6159,30.278575897216797,1.8881704807281494
1,6160,22.49778175354004,1.4678244590759277
1,6161,14.185271263122559,1.4522013664245605
1,6162,27.31386947631836,1.548943281173706
1,6163,32.940574645996094,1.7240785360336304
1,6164,66.00785064697266,2.2987594604492188
1,6165,96.77262115478516,2.561692476272583
1,6166,15.59788990020752,1.574558973312378
1,6167,76.857666015625,2.6104683876037598
1,6168,65.53792572021484,2.432621955871582
1,6169,26.361167907714844,1.6192753314971924
1,6170,47.937095642089844,2.1836445331573486
1,6171,22.6812744140625,1.5877864360809326
1,6172,27.069366455078125,1.772159218788147
1,6173,30.200990676879883,1.6014070510864258
1,6174,64.67396545410156,2.1904072761535645
1,6175,44.93115234375,2.304095506668091
1,6176,47.608497619628906,2.1564483642578125
1,6177,79.63251495361328,2.7774362564086914
1,6178,91.71250915527344,2.9154114723205566
1,6179,128.84146118164062,3.233330726623535
1,6180,50.63804626464844,2.3188629150390625
1,6181,17.623369216918945,1.3837881088256836
1,6182,114.58025360107422,3.2148313522338867
1,6183,73.20361328125,2.521110773086548
1,6184,49.98972702026367,2.4444541931152344
1,6185,137.08460998535156,3.0796637535095215
1,6186,37.953651428222656,1.8171635866165161
1,6187,19.363548278808594,1.6540712118148804
1,6188,40.607601165771484,1.9464995861053467
1,6189,23.781784057617188,1.6393924951553345
1,6190,69.63127899169922,2.754038095474243
1,6191,122.41288757324219,2.8156816959381104
1,6192,10.295947074890137,1.3763742446899414
1,6193,44.775699615478516,1.8926821947097778
1,6194,54.730438232421875,2.2273108959198
1,6195,33.93375778198242,2.077622890472412
1,6196,59.24180603027344,2.2255306243896484
1,6197,76.67146301269531,2.6834769248962402
1,6198,57.02073669433594,2.3227100372314453
1,6199,97.26121520996094,3.0201215744018555
1,6200,126.20387268066406,3.462707996368408
1,6201,60.47560119628906,2.650463104248047
1,6202,57.89211654663086,2.4989495277404785
1,6203,92.9911117553711,2.76241397857666
1,6204,66.44690704345703,2.395026683807373
1,6205,58.94060516357422,2.491203546524048
1,6206,49.50531768798828,1.8878854513168335
1,6207,134.15097045898438,3.8246078491210938
1,6208,24.33165168762207,1.7468373775482178
1,6209,64.1025390625,2.644339084625244
1,6210,53.40447998046875,2.3166866302490234
1,6211,81.39448547363281,2.8042707443237305
1,6212,55.33905792236328,2.2224977016448975
1,6213,63.255165100097656,2.4757347106933594
1,6214,40.962257385253906,1.9128968715667725
1,6215,98.5745620727539,2.807847261428833
1,6216,43.88058090209961,2.052865982055664
1,6217,89.32743835449219,3.047421455383301
1,6218,38.120113372802734,1.9246190786361694
1,6219,67.52510070800781,2.6394600868225098
1,6220,13.755071640014648,1.2070508003234863
1,6221,12.233077049255371,1.311496615409851
1,6222,84.99845886230469,2.5338470935821533
1,6223,16.717838287353516,1.4100534915924072
1,6224,31.012168884277344,1.7578630447387695
1,6225,115.28813934326172,3.23018741607666
1,6226,96.39065551757812,2.743046760559082
1,6227,41.761226654052734,1.9635860919952393
1,6228,30.547624588012695,1.7027913331985474
1,6229,23.40825843811035,1.7402948141098022
1,6230,22.842714309692383,1.7221410274505615
1,6231,54.12791442871094,2.2241203784942627
1,6232,27.180038452148438,1.6711078882217407
1,6233,103.79694366455078,3.1078639030456543
1,6234,169.29774475097656,3.7567129135131836
1,6235,58.47417449951172,2.435121536254883
1,6236,65.22765350341797,2.2218029499053955
1,6237,46.52906036376953,2.2340803146362305
1,6238,96.91969299316406,3.0000109672546387
1,6239,76.44975280761719,2.7437918186187744
1,6240,26.315366744995117,1.5432802438735962
1,6241,23.10968589782715,1.8241217136383057
1,6242,39.2403564453125,2.0905871391296387
1,6243,84.52142333984375,2.6585311889648438
1,6244,247.58627319335938,3.6959784030914307
1,6245,54.0594596862793,1.848766565322876
1,6246,150.4457244873047,3.2283382415771484
1,6247,52.914161682128906,2.369860887527466
1,6248,54.51784896850586,1.946620225906372
1,6249,23.063312530517578,1.6503342390060425
1,6250,74.80104064941406,2.4651355743408203
1,6251,69.12409973144531,2.418733596801758
1,6252,42.8182373046875,1.9550330638885498
1,6253,40.74692153930664,2.2047502994537354
1,6254,21.09117317199707,1.6013827323913574
1,6255,37.73462677001953,2.003549098968506
1,6256,61.111610412597656,2.5348169803619385
1,6257,25.658727645874023,1.7515079975128174
1,6258,62.70428466796875,2.5873541831970215
1,6259,31.009126663208008,1.7690849304199219
1,6260,53.919986724853516,2.0870814323425293
1,6261,25.185962677001953,1.9780551195144653
1,6262,37.535362243652344,1.9601231813430786
1,6263,45.58509826660156,2.3426265716552734
1,6264,94.12614440917969,2.8038408756256104
1,6265,25.466981887817383,1.8006240129470825
1,6266,122.40750885009766,3.119607925415039
1,6267,52.20684814453125,2.5043511390686035
1,6268,65.74894714355469,2.011697769165039
1,6269,65.94747161865234,2.6821341514587402
1,6270,61.921051025390625,2.215095281600952
1,6271,49.975006103515625,2.0213799476623535
1,6272,55.786712646484375,1.9191763401031494
1,6273,51.30598068237305,2.009213924407959
1,6274,35.612178802490234,1.835843563079834
1,6275,74.33919525146484,2.2459497451782227
1,6276,92.89445495605469,2.8758206367492676
1,6277,39.22576141357422,1.9523957967758179
1,6278,35.5777473449707,2.010690212249756
1,6279,45.05669403076172,1.7851331233978271
1,6280,81.57814025878906,2.702209711074829
1,6281,54.54930877685547,2.490652084350586
1,6282,88.78166198730469,3.1000208854675293
1,6283,68.26335144042969,2.2724833488464355
1,6284,20.50326156616211,1.6503148078918457
1,6285,65.1884765625,2.184633255004883
1,6286,108.37547302246094,2.9611542224884033
1,6287,101.69256591796875,2.9928765296936035
1,6288,32.94643783569336,1.9224694967269897
1,6289,68.68482971191406,2.620539665222168
1,6290,72.11392974853516,2.6522042751312256
1,6291,82.80612182617188,2.796931505203247
1,6292,49.016319274902344,2.1250805854797363
1,6293,55.15407180786133,2.5204882621765137
1,6294,99.70576477050781,3.1831722259521484
1,6295,114.21482849121094,2.6116886138916016
1,6296,72.50904846191406,2.452866554260254
1,6297,89.70359802246094,2.926497220993042
1,6298,32.9271354675293,1.5863488912582397
1,6299,88.43661499023438,2.7631986141204834
1,6300,62.67808151245117,2.4704737663269043
1,6301,53.70205307006836,2.4265661239624023
1,6302,66.32991790771484,2.273918628692627
1,6303,49.361541748046875,2.3327274322509766
1,6304,55.693031311035156,2.0869340896606445
1,6305,14.904326438903809,1.5711307525634766
1,6306,77.5938949584961,2.4177844524383545
1,6307,41.20136260986328,2.225686550140381
1,6308,52.70502471923828,2.248490571975708
1,6309,30.537673950195312,1.8490161895751953
1,6310,52.57247543334961,2.021651029586792
1,6311,10.18433952331543,1.3642387390136719
1,6312,49.61851501464844,2.016019582748413
1,6313,36.86775207519531,1.9328917264938354
1,6314,67.89959716796875,2.5981686115264893
1,6315,79.06117248535156,2.54213547706604
1,6316,17.659164428710938,1.4798890352249146
1,6317,184.37852478027344,4.249170303344727
1,6318,63.731563568115234,2.2307796478271484
1,6319,40.05936050415039,1.9458595514297485
1,6320,26.62703514099121,1.9930131435394287
1,6321,148.64991760253906,3.8600292205810547
1,6322,122.06330108642578,2.992743968963623
1,6323,137.3370819091797,3.16845440864563
1,6324,33.16063690185547,1.816664218902588
1,6325,44.201507568359375,2.2638778686523438
1,6326,116.56370544433594,3.096004009246826
1,6327,44.632659912109375,2.386122226715088
1,6328,52.72591018676758,2.2739098072052
1,6329,78.82946014404297,2.766061544418335
1,6330,121.74646759033203,3.3113019466400146
1,6331,53.64204025268555,2.1759836673736572
1,6332,60.651405334472656,2.268251895904541
1,6333,35.7997932434082,1.7609210014343262
1,6334,52.19910430908203,1.8056542873382568
1,6335,53.497962951660156,2.1109039783477783
1,6336,32.25197219848633,1.772646427154541
1,6337,17.157732009887695,1.5709967613220215
1,6338,46.82284927368164,2.1925506591796875
1,6339,147.34164428710938,3.59597110748291
1,6340,63.61292266845703,2.240074396133423
1,6341,45.860591888427734,2.030562400817871
1,6342,72.66011047363281,2.66298770904541
1,6343,65.80389404296875,2.216184139251709
1,6344,13.799107551574707,1.4724962711334229
1,6345,87.2641830444336,2.7320873737335205
1,6346,159.4305877685547,3.7832322120666504
1,6347,99.64225769042969,3.0683538913726807
1,6348,222.36912536621094,4.378279685974121
1,6349,121.01405334472656,3.107243537902832
1,6350,112.72515869140625,2.9766011238098145
1,6351,35.16413879394531,1.9273862838745117
1,6352,71.34999084472656,2.4994633197784424
1,6353,72.63184356689453,2.6468496322631836
1,6354,42.60443115234375,1.8994965553283691
1,6355,21.852279663085938,1.6853201389312744
1,6356,13.906913757324219,1.3320748805999756
1,6357,21.53927993774414,1.812815546989441
1,6358,18.730976104736328,1.512474775314331
1,6359,146.53903198242188,3.1457579135894775
1,6360,84.33527374267578,2.530219078063965
1,6361,57.477169036865234,2.1975643634796143
1,6362,61.96614074707031,2.303584098815918
1,6363,41.62502670288086,2.061201572418213
1,6364,83.60274505615234,2.9665939807891846
1,6365,46.63080596923828,2.0101306438446045
1,6366,70.13136291503906,2.592633008956909
1,6367,101.81766510009766,2.861762523651123
1,6368,42.61000442504883,2.1896963119506836
1,6369,95.78812408447266,2.595492362976074
1,6370,44.652626037597656,1.99195396900177
1,6371,45.25879669189453,2.023237705230713
1,6372,146.95751953125,3.2396626472473145
1,6373,30.713159561157227,1.5275388956069946
1,6374,23.49199676513672,1.6560542583465576
1,6375,50.268310546875,2.0992162227630615
1,6376,58.50194549560547,2.2895960807800293
1,6377,132.9735565185547,3.1839776039123535
1,6378,103.80731964111328,2.8756420612335205
1,6379,53.95098114013672,2.0956828594207764
1,6380,86.21305847167969,2.729719400405884
1,6381,53.542449951171875,2.3066999912261963
1,6382,77.46426391601562,2.96171236038208
1,6383,39.5271110534668,1.9998230934143066
1,6384,78.95272827148438,2.4076318740844727
1,6385,21.823097229003906,1.688272476196289
1,6386,65.4026107788086,2.7155566215515137
1,6387,94.3734359741211,2.997206926345825
1,6388,9.620990753173828,1.3019803762435913
1,6389,30.774131774902344,1.8313965797424316
1,6390,82.1938705444336,2.150780200958252
1,6391,54.10033416748047,2.28709077835083
1,6392,65.66366577148438,2.453664541244507
1,6393,23.562850952148438,1.7108774185180664
1,6394,67.3869857788086,2.1709227561950684
1,6395,98.54774475097656,2.872311592102051
1,6396,118.94792938232422,2.7279322147369385
1,6397,55.37538528442383,1.925944209098816
1,6398,121.35663604736328,3.0940966606140137
1,6399,33.49688720703125,1.9015003442764282
1,6400,91.79613494873047,2.3507955074310303
1,6401,124.69398498535156,3.2246832847595215
1,6402,29.511240005493164,1.8127485513687134
1,6403,37.516685485839844,1.9453829526901245
1,6404,37.835227966308594,1.7993086576461792
1,6405,39.3353271484375,2.1499521732330322
1,6406,120.6561508178711,2.567676544189453
1,6407,68.13041687011719,2.4658336639404297
1,6408,36.319793701171875,1.9304417371749878
1,6409,95.15792846679688,2.8444254398345947
1,6410,39.16400909423828,1.7248588800430298
1,6411,61.23783493041992,2.0288145542144775
1,6412,50.57581329345703,2.6730971336364746
1,6413,71.23725891113281,2.500960350036621
1,6414,32.3541259765625,2.0467443466186523
1,6415,20.606138229370117,1.584001064300537
1,6416,33.89638137817383,1.7206153869628906
1,6417,44.231204986572266,2.234469413757324
1,6418,84.1529541015625,2.5777857303619385
1,6419,78.22830963134766,2.7153313159942627
1,6420,52.6349983215332,1.9357153177261353
1,6421,81.94124603271484,2.483428716659546
1,6422,66.7835693359375,2.468008041381836
1,6423,62.87236022949219,2.649116277694702
1,6424,34.602230072021484,1.7672126293182373
1,6425,58.032649993896484,2.118849039077759
1,6426,37.264766693115234,2.2534635066986084
1,6427,64.31814575195312,2.4870057106018066
1,6428,29.971939086914062,1.9043222665786743
1,6429,43.15544891357422,2.216421365737915
1,6430,125.29380798339844,3.0245044231414795
1,6431,74.93061065673828,2.635270357131958
1,6432,48.828826904296875,2.276437759399414
1,6433,36.5987548828125,2.1894805431365967
1,6434,48.22023010253906,2.259016513824463
1,6435,43.885643005371094,2.235088348388672
1,6436,47.280616760253906,2.052492141723633
1,6437,52.83921813964844,2.2677714824676514
1,6438,39.253196716308594,1.7131028175354004
1,6439,120.73387145996094,3.304500102996826
1,6440,113.73164367675781,2.8942246437072754
1,6441,51.82353973388672,2.376512050628662
1,6442,46.096290588378906,2.1680943965911865
1,6443,38.55279541015625,2.0193870067596436
1,6444,46.56184387207031,2.093461513519287
1,6445,66.9881591796875,2.7058334350585938
1,6446,80.75659942626953,2.2959272861480713
1,6447,56.64304733276367,2.1162354946136475
1,6448,101.54771423339844,2.6366922855377197
1,6449,38.89604187011719,1.8235621452331543
1,6450,48.82533264160156,2.3819797039031982
1,6451,15.286279678344727,1.4338741302490234
1,6452,46.08110427856445,1.3731729984283447
1,6453,35.56387710571289,2.072772979736328
1,6454,54.207786560058594,2.2428853511810303
1,6455,53.091548919677734,2.2393622398376465
1,6456,119.2325210571289,2.939626693725586
1,6457,49.74686050415039,2.1776392459869385
1,6458,55.66499710083008,2.18098783493042
1,6459,46.70612716674805,2.0754454135894775
1,6460,84.78616333007812,2.909080743789673
1,6461,38.48915481567383,2.0399892330169678
1,6462,38.68608474731445,1.943339228630066
1,6463,12.695627212524414,1.3924442529678345
1,6464,26.847707748413086,1.798173189163208
1,6465,29.93390464782715,1.7971467971801758
1,6466,192.49851989746094,3.651878833770752
1,6467,70.77777862548828,2.496565818786621
1,6468,103.84919738769531,2.638812780380249
1,6469,42.475685119628906,2.264913320541382
1,6470,25.626506805419922,1.8171311616897583
1,6471,43.33234405517578,2.1977057456970215
1,6472,21.233484268188477,1.5076448917388916
1,6473,83.3244400024414,2.9099814891815186
1,6474,41.836334228515625,1.803093671798706
1,6475,35.8449592590332,1.910638689994812
1,6476,15.824153900146484,1.3842592239379883
1,6477,61.8437614440918,2.4812405109405518
1,6478,53.06509780883789,2.1875364780426025
1,6479,59.52971267700195,2.283198833465576
1,6480,40.791385650634766,2.2133967876434326
1,6481,40.597679138183594,2.1330907344818115
1,6482,43.29437255859375,1.9680976867675781
1,6483,65.8357925415039,2.4200780391693115
1,6484,53.257667541503906,2.148907423019409
1,6485,98.51654815673828,2.856689214706421
1,6486,65.17002868652344,2.6958513259887695
1,6487,88.22611236572266,2.595472574234009
1,6488,60.71831130981445,2.5249276161193848
1,6489,78.66563415527344,2.6162352561950684
1,6490,61.76324462890625,2.49741792678833
1,6491,29.329208374023438,1.5857853889465332
1,6492,61.791507720947266,2.398698568344116
1,6493,54.582115173339844,2.3018112182617188
1,6494,25.30351448059082,1.4779589176177979
1,6495,16.59707260131836,1.4737964868545532
1,6496,116.31427764892578,3.2712020874023438
1,6497,25.78765296936035,1.619264841079712
1,6498,46.16974639892578,2.1804850101470947
1,6499,77.62310791015625,2.5038998126983643
1,6500,113.37043762207031,3.159457206726074
1,6501,54.540775299072266,2.281219482421875
1,6502,101.95770263671875,2.6964495182037354
1,6503,24.433128356933594,1.7959496974945068
1,6504,69.7175521850586,2.6769378185272217
1,6505,46.49958038330078,1.82790207862854
1,6506,44.31822204589844,2.325531244277954
1,6507,75.11181640625,2.646512985229492
1,6508,32.47010803222656,2.024813175201416
1,6509,17.346460342407227,1.4811465740203857
1,6510,39.44217300415039,2.006190538406372
1,6511,93.08430480957031,2.878446340560913
1,6512,29.56162452697754,1.5640885829925537
1,6513,93.28605651855469,2.831965923309326
1,6514,25.4070987701416,1.6599493026733398
1,6515,174.06471252441406,4.175633430480957
1,6516,56.57111358642578,2.571495532989502
1,6517,105.76080322265625,2.8940210342407227
1,6518,23.942270278930664,1.5887348651885986
1,6519,25.861356735229492,1.8375306129455566
1,6520,108.53337860107422,2.807077646255493
1,6521,59.91817092895508,2.4700779914855957
1,6522,31.558473587036133,1.5726237297058105
1,6523,110.04383850097656,2.3545188903808594
1,6524,83.84990692138672,2.872008800506592
1,6525,93.74687194824219,3.053428888320923
1,6526,55.786678314208984,2.289032220840454
1,6527,271.4770202636719,4.006061553955078
1,6528,24.873477935791016,1.538353443145752
1,6529,23.00728988647461,1.5138962268829346
1,6530,82.70259094238281,2.410003185272217
1,6531,78.09904479980469,2.746952772140503
1,6532,29.57026481628418,1.9931094646453857
1,6533,56.11282730102539,2.5457544326782227
1,6534,61.07536315917969,2.1275839805603027
1,6535,96.56249237060547,2.513582468032837
1,6536,22.909828186035156,1.7057406902313232
1,6537,30.251920700073242,1.6818695068359375
1,6538,36.701839447021484,1.9775495529174805
1,6539,69.29273223876953,2.5316567420959473
1,6540,61.31657791137695,2.785417318344116
1,6541,42.67269515991211,2.0616350173950195
1,6542,55.473243713378906,2.104278802871704
1,6543,52.647029876708984,2.055220127105713
1,6544,16.302005767822266,1.5567200183868408
1,6545,51.797264099121094,2.6076443195343018
1,6546,33.434120178222656,1.8165618181228638
1,6547,20.420082092285156,1.5948694944381714
1,6548,25.729066848754883,1.7418503761291504
1,6549,27.54237174987793,1.8286607265472412
1,6550,53.25617218017578,2.4206273555755615
1,6551,49.3140869140625,2.278931140899658
1,6552,68.19451141357422,2.50966739654541
1,6553,37.1661376953125,2.1380298137664795
1,6554,67.26002502441406,2.507422685623169
1,6555,22.447599411010742,1.5960500240325928
1,6556,35.29929733276367,1.488006353378296
1,6557,69.14775848388672,2.1479175090789795
1,6558,124.59126281738281,3.189272880554199
1,6559,34.269832611083984,1.8272571563720703
1,6560,18.73657989501953,1.4790687561035156
1,6561,100.73934936523438,3.1364848613739014
1,6562,39.36170196533203,2.0984840393066406
1,6563,14.111141204833984,1.3842601776123047
1,6564,55.879249572753906,2.0044078826904297
1,6565,84.81172943115234,2.500101089477539
1,6566,92.52960968017578,2.453704595565796
1,6567,94.35781860351562,2.323791027069092
1,6568,28.14776611328125,1.880664348602295
1,6569,60.300655364990234,2.320899724960327
1,6570,49.122276306152344,2.39320969581604
1,6571,61.93389892578125,2.5198798179626465
1,6572,36.738826751708984,2.0550594329833984
1,6573,20.74432373046875,1.4790539741516113
1,6574,81.86019134521484,2.6941580772399902
1,6575,82.42288970947266,2.602288007736206
1,6576,43.48387908935547,2.3613808155059814
1,6577,22.003522872924805,1.6876497268676758
1,6578,98.08992004394531,3.0231761932373047
1,6579,37.4146842956543,2.1895813941955566
1,6580,39.496620178222656,1.801456093788147
1,6581,47.116737365722656,2.387866258621216
1,6582,82.41029357910156,2.652552843093872
1,6583,65.38903045654297,2.4616637229919434
1,6584,175.4198760986328,3.5183379650115967
1,6585,28.677095413208008,1.7775622606277466
1,6586,73.24339294433594,2.4154093265533447
1,6587,249.8240966796875,4.073254585266113
1,6588,46.38688278198242,2.175175189971924
1,6589,47.11881637573242,2.121629476547241
1,6590,78.08456420898438,2.6533429622650146
1,6591,151.84732055664062,3.562847852706909
1,6592,74.84049987792969,2.393442153930664
1,6593,36.736907958984375,1.7689881324768066
1,6594,89.8685531616211,2.651732921600342
1,6595,61.50223922729492,2.24830961227417
1,6596,102.95204162597656,3.01759672164917
1,6597,43.664329528808594,2.029651165008545
1,6598,27.883224487304688,2.0141947269439697
1,6599,64.78950500488281,2.330687999725342
1,6600,39.130226135253906,2.251420497894287
1,6601,22.65692901611328,1.7018492221832275
1,6602,73.15547180175781,2.7142646312713623
1,6603,28.01551628112793,1.7918269634246826
1,6604,48.30537796020508,2.2881362438201904
1,6605,28.657575607299805,1.9369826316833496
1,6606,38.0030403137207,2.1250553131103516
1,6607,54.858795166015625,2.223020076751709
1,6608,160.19554138183594,3.9883575439453125
1,6609,77.0566635131836,2.564868927001953
1,6610,112.4867172241211,3.080627679824829
1,6611,54.14168930053711,2.5325112342834473
1,6612,64.92169189453125,2.4611611366271973
1,6613,39.29496765136719,2.141140937805176
1,6614,59.76566696166992,2.146763324737549
1,6615,53.358375549316406,1.990222454071045
1,6616,75.16516876220703,2.470560312271118
1,6617,63.03495788574219,2.588000774383545
1,6618,85.31597900390625,2.253821849822998
1,6619,85.76461029052734,2.913361072540283
1,6620,35.684852600097656,1.5771338939666748
1,6621,11.71989917755127,1.5644464492797852
1,6622,43.718624114990234,1.8791518211364746
1,6623,26.894561767578125,1.6532374620437622
1,6624,39.43379592895508,1.8541738986968994
1,6625,21.607938766479492,1.6057612895965576
1,6626,9.07370376586914,1.1089808940887451
1,6627,68.29423522949219,2.601886034011841
1,6628,49.416542053222656,2.1447901725769043
1,6629,78.9100341796875,2.8732428550720215
1,6630,119.03133392333984,2.9078316688537598
1,6631,26.967037200927734,1.9436357021331787
1,6632,62.65779113769531,2.464580535888672
1,6633,30.22294807434082,2.081089973449707
1,6634,77.12759399414062,2.8660755157470703
1,6635,32.77806091308594,1.6605844497680664
1,6636,98.33922576904297,2.8672680854797363
1,6637,65.65760040283203,2.2728452682495117
1,6638,79.7588119506836,2.128390312194824
1,6639,198.21435546875,3.7172257900238037
1,6640,81.1025161743164,2.531965970993042
1,6641,32.09931945800781,1.6512106657028198
1,6642,51.389129638671875,2.1895906925201416
1,6643,38.8243408203125,1.9919683933258057
1,6644,37.69978332519531,2.225832939147949
1,6645,23.762678146362305,1.7087419033050537
1,6646,42.10612487792969,2.1495697498321533
1,6647,23.181522369384766,1.6020504236221313
1,6648,126.77769470214844,2.7871201038360596
1,6649,68.36687469482422,2.7658283710479736
1,6650,96.29100799560547,2.6062793731689453
1,6651,97.056640625,2.705686092376709
1,6652,26.940519332885742,1.622632384300232
1,6653,94.84217834472656,2.9551303386688232
1,6654,29.061046600341797,1.7464896440505981
1,6655,57.70337677001953,2.4654877185821533
1,6656,46.18565368652344,1.8997793197631836
1,6657,47.33603286743164,2.2255849838256836
1,6658,27.928730010986328,2.0131266117095947
1,6659,46.48496627807617,2.5375590324401855
1,6660,28.428945541381836,1.7380282878875732
1,6661,58.26015853881836,2.1159605979919434
1,6662,76.66993713378906,2.619825839996338
1,6663,173.85328674316406,3.8915939331054688
1,6664,63.83815002441406,2.643526792526245
1,6665,120.99207305908203,2.86443829536438
1,6666,126.7012710571289,3.4835634231567383
1,6667,122.55901336669922,3.4480574131011963
1,6668,64.98295593261719,2.4288153648376465
1,6669,76.9294662475586,2.530550003051758
1,6670,11.517277717590332,1.1510608196258545
1,6671,11.638195037841797,1.470565676689148
1,6672,96.95156860351562,2.66328763961792
1,6673,68.73167419433594,2.6660587787628174
1,6674,17.01728630065918,1.2692739963531494
1,6675,71.75472259521484,2.4329159259796143
1,6676,15.478523254394531,1.5363978147506714
1,6677,73.00053405761719,2.656412124633789
1,6678,47.03026580810547,2.246833324432373
1,6679,22.70012664794922,1.5797348022460938
1,6680,86.41563415527344,2.8711628913879395
1,6681,135.70504760742188,3.4090399742126465
1,6682,85.049072265625,2.5560646057128906
1,6683,89.57867431640625,2.9039182662963867
1,6684,69.47329711914062,2.57704496383667
1,6685,93.3787841796875,2.958972930908203
1,6686,52.55405044555664,2.328571319580078
1,6687,67.96121978759766,2.527761936187744
1,6688,45.590309143066406,2.180600166320801
1,6689,111.35257720947266,3.129323720932007
1,6690,26.477052688598633,1.9385923147201538
1,6691,35.35552978515625,2.1087851524353027
1,6692,23.845842361450195,1.7572262287139893
1,6693,65.35396575927734,2.301455020904541
1,6694,27.220157623291016,1.8136851787567139
1,6695,19.421178817749023,1.5930213928222656
1,6696,127.42445373535156,3.1363868713378906
1,6697,34.44755554199219,1.9430983066558838
1,6698,48.353675842285156,1.9446890354156494
1,6699,125.57527160644531,2.814087390899658
1,6700,111.10674285888672,3.0221149921417236
1,6701,59.50054168701172,2.328573703765869
1,6702,29.481054306030273,1.7729926109313965
1,6703,59.127891540527344,2.492832660675049
1,6704,38.12360763549805,2.0508081912994385
1,6705,75.35462951660156,2.303730010986328
1,6706,28.787654876708984,1.8507726192474365
1,6707,53.0578727722168,2.3935952186584473
1,6708,113.66017150878906,2.876703977584839
1,6709,60.45429992675781,2.3277244567871094
1,6710,31.20201873779297,2.060981035232544
1,6711,1705.1357421875,8.11859130859375
1,6712,60.683265686035156,2.54592227935791
1,6713,51.19486618041992,2.3801846504211426
1,6714,71.11971282958984,2.6958773136138916
1,6715,87.55492401123047,2.8222036361694336
1,6716,53.180213928222656,2.3843653202056885
1,6717,32.93843460083008,1.8813083171844482
1,6718,126.66346740722656,3.5056779384613037
1,6719,84.33052062988281,2.645568370819092
1,6720,40.16939926147461,2.0851073265075684
1,6721,115.73269653320312,3.180803060531616
1,6722,65.87662506103516,2.6775968074798584
1,6723,64.92354583740234,2.3915162086486816
1,6724,35.99091720581055,2.141404151916504
1,6725,32.61872100830078,2.149625778198242
1,6726,125.32852172851562,3.122854471206665
1,6727,78.72344970703125,2.8749630451202393
1,6728,25.203540802001953,2.0515670776367188
1,6729,45.0214729309082,2.165386199951172
1,6730,25.145750045776367,1.7353912591934204
1,6731,37.1627197265625,2.132988929748535
1,6732,29.272171020507812,1.9309232234954834
1,6733,60.740699768066406,2.337583065032959
1,6734,102.32101440429688,2.532932996749878
1,6735,52.10651397705078,1.9628751277923584
1,6736,48.70510482788086,1.876225233078003
1,6737,62.828887939453125,2.2312302589416504
1,6738,40.05226516723633,2.1818106174468994
1,6739,43.35630798339844,2.055098533630371
1,6740,86.75099182128906,2.700490951538086
1,6741,44.548126220703125,2.077517032623291
1,6742,38.53535842895508,2.1019747257232666
1,6743,99.2872543334961,2.8649301528930664
1,6744,32.803653717041016,2.0685834884643555
1,6745,35.7393798828125,1.938374638557434
1,6746,20.943099975585938,1.6358633041381836
1,6747,31.95256233215332,1.71273934841156
1,6748,93.55655670166016,2.535562515258789
1,6749,103.90453338623047,2.962247371673584
1,6750,89.14558410644531,2.8165371417999268
1,6751,305.87310791015625,4.0323896408081055
1,6752,57.39366912841797,2.650970220565796
1,6753,81.146728515625,2.650604724884033
1,6754,20.07352066040039,1.4721779823303223
1,6755,3324.657958984375,9.220358848571777
1,6756,66.22595977783203,2.1550004482269287
1,6757,43.97250747680664,2.343862295150757
1,6758,50.380313873291016,2.362210273742676
1,6759,51.01781463623047,2.291273832321167
1,6760,49.89237976074219,2.0798704624176025
1,6761,50.946983337402344,2.204110622406006
1,6762,47.84058380126953,2.149879217147827
1,6763,94.85408020019531,2.6920628547668457
1,6764,57.811622619628906,2.130018949508667
1,6765,97.3779525756836,2.7772111892700195
1,6766,30.453866958618164,1.7398655414581299
1,6767,79.08464050292969,2.480443239212036
1,6768,62.09410095214844,2.5037002563476562
1,6769,75.69180297851562,2.572765827178955
1,6770,39.06828308105469,2.020968437194824
1,6771,26.78319549560547,1.718950867652893
1,6772,76.12431335449219,2.54587984085083
1,6773,59.15399932861328,2.5215063095092773
1,6774,38.465667724609375,2.212428092956543
1,6775,58.6724853515625,2.1533844470977783
1,6776,17.078813552856445,1.6992814540863037
1,6777,29.947132110595703,1.6117151975631714
1,6778,100.97746276855469,2.5431432723999023
1,6779,113.72373962402344,3.079148769378662
1,6780,73.5592269897461,2.5029971599578857
1,6781,55.49024200439453,2.706462860107422
1,6782,69.73262786865234,2.378429889678955
1,6783,46.32352828979492,2.0261390209198
1,6784,90.39850616455078,2.8635261058807373
1,6785,103.91464233398438,2.9983277320861816
1,6786,20.284507751464844,1.5438446998596191
1,6787,34.12118911743164,1.945673942565918
1,6788,45.63334655761719,2.0818212032318115
1,6789,32.340919494628906,1.9189541339874268
1,6790,80.06015014648438,2.397836208343506
1,6791,41.37786865234375,1.9457370042800903
1,6792,82.2330551147461,2.3073537349700928
1,6793,39.39682388305664,2.0989420413970947
1,6794,61.50975036621094,2.4568490982055664
1,6795,84.43379974365234,2.483933687210083
1,6796,105.09036254882812,2.8505067825317383
1,6797,104.75799560546875,2.9872052669525146
1,6798,127.79927825927734,3.081775665283203
1,6799,129.6182403564453,2.896440029144287
1,6800,40.85209274291992,2.166037082672119
1,6801,75.77595520019531,2.4101037979125977
1,6802,32.043190002441406,1.8407154083251953
1,6803,50.52338409423828,2.163644552230835
1,6804,71.08756256103516,2.0678746700286865
1,6805,51.29387283325195,1.867025375366211
1,6806,62.89128875732422,2.1902987957000732
1,6807,13.45844841003418,1.1082792282104492
1,6808,25.81127166748047,1.497464895248413
1,6809,21.945518493652344,1.731783151626587
1,6810,50.64117431640625,2.150160789489746
1,6811,30.783798217773438,1.709639310836792
1,6812,71.76250457763672,2.6149394512176514
1,6813,62.08085250854492,2.627213954925537
1,6814,46.223114013671875,1.9454458951950073
1,6815,49.153831481933594,2.291684627532959
1,6816,134.40997314453125,2.8061089515686035
1,6817,29.450716018676758,1.8737070560455322
1,6818,55.12580871582031,2.43715238571167
1,6819,95.75527954101562,2.9530160427093506
1,6820,42.122314453125,1.726205587387085
1,6821,75.41439056396484,2.766500234603882
1,6822,34.39514923095703,2.1859164237976074
1,6823,34.96123504638672,1.8232815265655518
1,6824,105.79304504394531,2.865906238555908
1,6825,61.80537033081055,2.3523263931274414
1,6826,175.14053344726562,3.5120840072631836
1,6827,41.384552001953125,2.24297833442688
1,6828,34.04313278198242,2.1219899654388428
1,6829,40.708988189697266,1.8037104606628418
1,6830,38.01663589477539,2.004499912261963
1,6831,74.86842346191406,1.8838059902191162
1,6832,64.26850128173828,2.2813045978546143
1,6833,70.57572174072266,2.347090005874634
1,6834,22.52849006652832,1.6471059322357178
1,6835,42.66704177856445,2.2511658668518066
1,6836,19.829076766967773,1.354216456413269
1,6837,49.12739562988281,2.213765859603882
1,6838,68.30854797363281,2.220736026763916
1,6839,23.616840362548828,1.525047779083252
1,6840,61.09901809692383,2.3560502529144287
1,6841,11.46011734008789,1.2537771463394165
1,6842,48.5571403503418,1.968881368637085
1,6843,73.08180236816406,2.6305909156799316
1,6844,109.8624038696289,3.1928439140319824
1,6845,48.30546188354492,2.3178582191467285
1,6846,60.21711349487305,2.3580214977264404
1,6847,47.031471252441406,2.21264386177063
1,6848,90.0997543334961,3.0049309730529785
1,6849,87.14844512939453,3.1292243003845215
1,6850,130.42205810546875,3.066439628601074
1,6851,75.68543243408203,2.6928529739379883
1,6852,34.63806915283203,1.803555965423584
1,6853,68.60393524169922,2.457704544067383
1,6854,182.3522491455078,3.9089999198913574
1,6855,56.492637634277344,2.349278211593628
1,6856,85.37583923339844,2.559708595275879
1,6857,68.76981353759766,2.117570400238037
1,6858,17.455310821533203,1.5243028402328491
1,6859,51.200721740722656,2.212584972381592
1,6860,54.97178649902344,2.1863555908203125
1,6861,46.56230163574219,1.9537636041641235
1,6862,73.08345031738281,2.181532859802246
1,6863,113.35413360595703,3.154115676879883
1,6864,68.85070037841797,2.509951114654541
1,6865,87.23834991455078,2.6800882816314697
1,6866,28.548236846923828,1.8656415939331055
1,6867,215.64337158203125,4.293638229370117
1,6868,43.7479362487793,2.1504106521606445
1,6869,29.787269592285156,2.08359694480896
1,6870,47.99469757080078,2.362116813659668
1,6871,128.510986328125,3.223795175552368
1,6872,71.84394073486328,2.765432357788086
1,6873,95.0704574584961,3.0012853145599365
1,6874,31.837417602539062,1.8599787950515747
1,6875,41.029788970947266,1.8948695659637451
1,6876,42.723751068115234,2.1855628490448
1,6877,50.253822326660156,2.3450160026550293
1,6878,85.48304748535156,2.759129285812378
1,6879,33.080963134765625,1.7918777465820312
1,6880,71.13011932373047,2.1379215717315674
1,6881,28.76998519897461,1.9715890884399414
1,6882,75.40158081054688,2.7653648853302
1,6883,90.218505859375,2.7562317848205566
1,6884,71.24510955810547,2.157548427581787
1,6885,39.75543212890625,1.7745797634124756
1,6886,68.0230712890625,2.3277149200439453
1,6887,53.21258544921875,2.027414560317993
1,6888,100.91973876953125,3.2886571884155273
1,6889,29.506847381591797,1.6946067810058594
1,6890,37.83035659790039,2.157608985900879
1,6891,23.138540267944336,1.6856019496917725
1,6892,28.769306182861328,1.8999302387237549
1,6893,17.017047882080078,1.4230639934539795
1,6894,37.474857330322266,1.762552261352539
1,6895,65.67388916015625,2.4282608032226562
1,6896,64.2442626953125,2.2487521171569824
1,6897,32.43817138671875,1.8897690773010254
1,6898,51.99015426635742,1.8810638189315796
1,6899,26.104108810424805,1.8907281160354614
1,6900,59.648658752441406,2.2247180938720703
1,6901,13.602371215820312,1.3813077211380005
1,6902,165.0094451904297,3.9770002365112305
1,6903,121.95880126953125,3.6416215896606445
1,6904,42.55039978027344,2.402540683746338
1,6905,59.75901794433594,2.4352755546569824
1,6906,51.6795768737793,2.2055630683898926
1,6907,29.8090877532959,1.828233242034912
1,6908,55.30028533935547,2.1404125690460205
1,6909,95.09278869628906,2.8881537914276123
1,6910,111.51945495605469,3.00622296333313
1,6911,30.697790145874023,1.6008312702178955
1,6912,56.966400146484375,2.1921823024749756
1,6913,59.55020523071289,2.438779830932617
1,6914,43.18903350830078,2.166567087173462
1,6915,30.57656478881836,1.7656394243240356
1,6916,49.309471130371094,2.3882815837860107
1,6917,92.56148529052734,2.896951198577881
1,6918,121.69230651855469,2.783785581588745
1,6919,24.45170021057129,1.6181881427764893
1,6920,37.98183059692383,1.9167628288269043
1,6921,97.84239196777344,2.658686637878418
1,6922,82.00740051269531,2.3902828693389893
1,6923,41.5112190246582,2.0708248615264893
1,6924,21.026559829711914,1.380144476890564
1,6925,44.54151153564453,2.096644401550293
1,6926,88.33507537841797,2.9266772270202637
1,6927,82.51138305664062,2.9128551483154297
1,6928,47.35444259643555,2.0099680423736572
1,6929,49.20336151123047,2.161039352416992
1,6930,31.141834259033203,1.500134825706482
1,6931,92.8478012084961,3.153993606567383
1,6932,41.22120666503906,2.160252571105957
1,6933,108.63156127929688,3.027430772781372
1,6934,23.116024017333984,1.6584407091140747
1,6935,22.058143615722656,1.574114441871643
1,6936,31.595062255859375,1.921048879623413
1,6937,80.46649169921875,2.744309902191162
1,6938,33.588783264160156,1.785590410232544
1,6939,94.18083190917969,2.2709925174713135
1,6940,54.6470947265625,2.5254921913146973
1,6941,13.205495834350586,1.216860055923462
1,6942,57.74877166748047,2.2468152046203613
1,6943,51.351654052734375,2.436020612716675
1,6944,49.13624954223633,2.333984851837158
1,6945,62.585777282714844,2.6248726844787598
1,6946,61.168495178222656,2.210116147994995
1,6947,63.53617858886719,2.7607951164245605
1,6948,45.4111328125,2.256417751312256
1,6949,32.31350326538086,1.8138277530670166
1,6950,29.64291763305664,1.7702404260635376
1,6951,165.7938690185547,3.411782741546631
1,6952,36.10573959350586,2.05037784576416
1,6953,178.17474365234375,4.066991329193115
1,6954,81.4359130859375,2.9950666427612305
1,6955,16.888412475585938,1.4467158317565918
1,6956,47.77445983886719,1.7374567985534668
1,6957,79.20606231689453,2.5055835247039795
1,6958,54.46689224243164,2.013570547103882
1,6959,11.097454071044922,1.172241449356079
1,6960,131.86268615722656,3.0349764823913574
1,6961,42.47742462158203,1.7518947124481201
1,6962,31.701202392578125,1.9891793727874756
1,6963,86.12770080566406,2.3068296909332275
1,6964,22.681943893432617,1.8520472049713135
1,6965,89.72920227050781,2.4330248832702637
1,6966,40.74570083618164,2.0980710983276367
1,6967,54.356929779052734,2.1786224842071533
1,6968,11.726332664489746,1.441404104232788
1,6969,36.6306037902832,1.9894955158233643
1,6970,20.012836456298828,1.530501127243042
1,6971,17.429664611816406,1.4165890216827393
1,6972,26.39982032775879,1.6424524784088135
1,6973,109.37535095214844,3.11419939994812
1,6974,7.500583171844482,1.1154322624206543
1,6975,36.2000617980957,1.966242790222168
1,6976,15.673652648925781,1.3247345685958862
1,6977,60.65965270996094,2.2225942611694336
1,6978,72.55549621582031,2.666304349899292
1,6979,52.76972961425781,2.399651527404785
1,6980,77.53968811035156,2.481640577316284
1,6981,56.16360092163086,2.3423852920532227
1,6982,35.658939361572266,1.8454008102416992
1,6983,29.658058166503906,1.8774752616882324
1,6984,30.380178451538086,2.0696358680725098
1,6985,19.345733642578125,1.3867948055267334
1,6986,94.16276550292969,2.842015504837036
1,6987,149.10279846191406,3.676351308822632
1,6988,125.10330200195312,3.2302675247192383
1,6989,62.31953430175781,2.3642520904541016
1,6990,30.6256160736084,1.9180002212524414
1,6991,35.84527587890625,1.7795919179916382
1,6992,34.644412994384766,1.8285402059555054
1,6993,35.788482666015625,1.906336784362793
1,6994,29.247398376464844,1.9191792011260986
1,6995,68.26458740234375,2.38004207611084
1,6996,53.74439239501953,2.140571117401123
1,6997,72.03933715820312,2.675398111343384
1,6998,52.19459915161133,2.5162713527679443
1,6999,123.33212280273438,2.7418813705444336
1,7000,68.34590148925781,2.5823862552642822
1,7001,57.24470520019531,2.3037850856781006
1,7002,99.81298828125,2.9397358894348145
1,7003,9.592455863952637,1.1260395050048828
1,7004,48.12153625488281,2.077606439590454
1,7005,80.97372436523438,2.6807730197906494
1,7006,21.43379783630371,1.4970946311950684
1,7007,28.92084503173828,1.7890926599502563
1,7008,99.0721664428711,3.194815158843994
1,7009,139.2440643310547,2.9796104431152344
1,7010,80.74840545654297,2.6857361793518066
1,7011,37.39772033691406,2.034327507019043
1,7012,23.142166137695312,1.6764791011810303
1,7013,30.239770889282227,2.057375907897949
1,7014,19.246963500976562,1.4896042346954346
1,7015,84.9837646484375,2.8792190551757812
1,7016,80.30555725097656,3.017584800720215
1,7017,39.31371307373047,1.9867370128631592
1,7018,16.453720092773438,1.5900557041168213
1,7019,85.35945892333984,2.7955076694488525
1,7020,14.617566108703613,1.4067051410675049
1,7021,62.87555694580078,2.3401072025299072
1,7022,65.9091796875,2.6446752548217773
1,7023,40.418434143066406,2.1843738555908203
1,7024,61.011314392089844,2.6586971282958984
1,7025,47.48619842529297,2.1876461505889893
1,7026,31.128910064697266,1.7629380226135254
1,7027,122.09318542480469,3.037508487701416
1,7028,102.43936920166016,3.1529881954193115
1,7029,33.25306701660156,1.958681344985962
1,7030,121.53008270263672,3.3752706050872803
1,7031,42.58613586425781,2.235081672668457
1,7032,81.09741973876953,3.0644333362579346
1,7033,30.220840454101562,1.7405670881271362
1,7034,23.51742172241211,1.7595291137695312
1,7035,74.02434539794922,2.449575424194336
1,7036,41.12824249267578,2.076932668685913
1,7037,11.857415199279785,1.3129091262817383
1,7038,17.739660263061523,1.4686614274978638
1,7039,42.762664794921875,2.4091196060180664
1,7040,54.701175689697266,2.156651020050049
1,7041,23.748069763183594,1.7509431838989258
1,7042,131.16734313964844,2.934490442276001
1,7043,32.5706672668457,1.8201653957366943
1,7044,35.9513053894043,1.9229083061218262
1,7045,58.23284912109375,2.388084888458252
1,7046,30.985328674316406,1.705859661102295
1,7047,50.86003875732422,2.180992841720581
1,7048,39.60541534423828,1.9919278621673584
1,7049,124.25109100341797,3.2503676414489746
1,7050,113.6146469116211,2.8989992141723633
1,7051,101.9854965209961,2.60821795463562
1,7052,65.35075378417969,2.612805128097534
1,7053,70.2162094116211,2.3815078735351562
1,7054,33.708396911621094,2.257507801055908
1,7055,119.28936767578125,3.3187952041625977
1,7056,107.50811767578125,3.1520659923553467
1,7057,74.70095825195312,2.2931246757507324
1,7058,91.59500122070312,2.8707947731018066
1,7059,19.626060485839844,1.5166175365447998
1,7060,24.345918655395508,1.8013640642166138
1,7061,21.704334259033203,1.7358591556549072
1,7062,35.460533142089844,1.9897007942199707
1,7063,137.96505737304688,3.2383298873901367
1,7064,22.893232345581055,1.6990094184875488
1,7065,17.794719696044922,1.6976078748703003
1,7066,26.554658889770508,1.8110911846160889
1,7067,49.593448638916016,1.8611133098602295
1,7068,61.18132019042969,2.4840941429138184
1,7069,96.74945831298828,2.5836615562438965
1,7070,41.70478820800781,1.843525767326355
1,7071,151.64512634277344,3.428738832473755
1,7072,38.54840087890625,2.054426431655884
1,7073,39.64920425415039,1.9907859563827515
1,7074,84.1671142578125,2.9922571182250977
1,7075,18.448925018310547,1.5542383193969727
1,7076,92.29234313964844,2.5538814067840576
1,7077,57.318695068359375,2.7263731956481934
1,7078,33.97602081298828,1.6637370586395264
1,7079,49.625919342041016,2.0377755165100098
1,7080,68.76103973388672,2.501420021057129
1,7081,26.93243408203125,1.7374881505966187
1,7082,89.66092681884766,2.686060667037964
1,7083,52.74673843383789,2.261439323425293
1,7084,24.88599967956543,1.7614271640777588
1,7085,47.429908752441406,2.0861198902130127
1,7086,105.65293884277344,3.029092311859131
1,7087,47.07025909423828,2.142557144165039
1,7088,99.17932891845703,2.502047538757324
1,7089,105.11689758300781,2.941206693649292
1,7090,59.140403747558594,2.288297414779663
1,7091,85.85830688476562,2.5446722507476807
1,7092,47.07270050048828,1.8761401176452637
1,7093,29.02875518798828,1.7606909275054932
1,7094,33.55096435546875,2.047117233276367
1,7095,49.96558380126953,2.1179165840148926
1,7096,33.05718994140625,1.7846660614013672
1,7097,28.951595306396484,1.652496337890625
1,7098,174.9686737060547,3.4976775646209717
1,7099,42.68004608154297,2.3170218467712402
1,7100,43.141754150390625,2.0590832233428955
1,7101,13.60070514678955,1.1488914489746094
1,7102,31.684532165527344,1.9601733684539795
1,7103,150.10096740722656,2.8925070762634277
1,7104,32.2060432434082,1.6641876697540283
1,7105,54.355674743652344,2.1981616020202637
1,7106,63.64834976196289,2.3112614154815674
1,7107,70.85552215576172,2.4423749446868896
1,7108,18.992874145507812,1.6476528644561768
1,7109,20.591751098632812,1.6435433626174927
1,7110,25.74193000793457,1.8209266662597656
1,7111,122.95782470703125,2.9811525344848633
1,7112,28.92900848388672,1.8468012809753418
1,7113,29.234655380249023,1.8285372257232666
1,7114,57.526729583740234,2.3932526111602783
1,7115,75.04733276367188,2.3471436500549316
1,7116,48.71657180786133,2.4455838203430176
1,7117,27.269929885864258,2.27347993850708
1,7118,15.726934432983398,1.253856897354126
1,7119,30.37784194946289,1.8010197877883911
1,7120,50.214385986328125,2.412165641784668
1,7121,18.32328224182129,1.6204675436019897
1,7122,134.40289306640625,3.117014169692993
1,7123,72.41470336914062,2.622925281524658
1,7124,45.256568908691406,2.4701647758483887
1,7125,26.621055603027344,1.7439155578613281
1,7126,70.35745239257812,2.5856966972351074
1,7127,82.9625244140625,2.7041895389556885
1,7128,57.38583755493164,2.3654489517211914
1,7129,52.56325149536133,2.133033275604248
1,7130,11.161540031433105,1.1673012971878052
1,7131,90.94537353515625,2.8863065242767334
1,7132,24.40153694152832,1.9065028429031372
1,7133,37.133888244628906,1.9067689180374146
1,7134,46.28980255126953,2.1723971366882324
1,7135,83.48130798339844,2.980970621109009
1,7136,80.598388671875,2.6600406169891357
1,7137,44.07541275024414,1.6575806140899658
1,7138,58.08428955078125,2.368298053741455
1,7139,29.235126495361328,1.6137007474899292
1,7140,44.72297286987305,2.268338680267334
1,7141,28.062929153442383,1.7009631395339966
1,7142,75.61480712890625,2.4136710166931152
1,7143,28.379976272583008,1.8089423179626465
1,7144,46.991477966308594,2.313767671585083
1,7145,58.25533676147461,2.475322723388672
1,7146,70.95600128173828,2.4529857635498047
1,7147,56.909393310546875,2.281742572784424
1,7148,81.35050964355469,3.0241081714630127
1,7149,32.01142501831055,1.9270460605621338
1,7150,69.58970642089844,2.546968460083008
1,7151,25.564924240112305,1.7876336574554443
1,7152,40.99704360961914,2.150597095489502
1,7153,29.003551483154297,1.7955316305160522
1,7154,142.29263305664062,3.3997364044189453
1,7155,22.370668411254883,1.5404183864593506
1,7156,18.069503784179688,1.800511360168457
1,7157,80.26860809326172,2.804579734802246
1,7158,45.030757904052734,2.121429443359375
1,7159,61.832366943359375,2.164463520050049
1,7160,31.480972290039062,2.0362629890441895
1,7161,96.89564514160156,2.923182725906372
1,7162,80.18051147460938,2.353501319885254
1,7163,122.65498352050781,2.9375123977661133
1,7164,63.06113815307617,2.4338996410369873
1,7165,21.08447265625,1.596124291419983
1,7166,42.089630126953125,2.151942491531372
1,7167,36.12519454956055,2.026203155517578
1,7168,28.388160705566406,1.8706190586090088
1,7169,54.8345832824707,2.303088903427124
1,7170,106.68630981445312,2.8304004669189453
1,7171,50.91952896118164,2.016296863555908
1,7172,96.7679672241211,2.6920859813690186
1,7173,15.929563522338867,1.1974159479141235
1,7174,66.18267059326172,2.3380820751190186
1,7175,117.80963897705078,3.2682456970214844
1,7176,64.85204315185547,2.4455337524414062
1,7177,111.68559265136719,2.9157238006591797
1,7178,31.024734497070312,1.822983980178833
1,7179,23.39235496520996,1.5104069709777832
1,7180,66.86064147949219,2.3356704711914062
1,7181,67.64973449707031,2.6732609272003174
1,7182,16.898889541625977,1.4204988479614258
1,7183,12.48147964477539,1.5512723922729492
1,7184,24.519546508789062,1.6816487312316895
1,7185,16.35369873046875,1.6817386150360107
1,7186,64.20919036865234,2.449061393737793
1,7187,15.728370666503906,1.361887812614441
1,7188,37.73492431640625,2.1510822772979736
1,7189,45.211578369140625,1.9443113803863525
1,7190,29.40768814086914,1.6870026588439941
1,7191,67.26846313476562,2.3192830085754395
1,7192,15.254536628723145,1.4600441455841064
1,7193,41.72273635864258,2.009632110595703
1,7194,43.7852897644043,2.196652889251709
1,7195,70.65946960449219,2.351259231567383
1,7196,53.92455291748047,2.4013586044311523
1,7197,50.101688385009766,2.3500821590423584
1,7198,36.05003356933594,2.046405792236328
1,7199,74.55725860595703,2.6395304203033447
1,7200,38.690303802490234,2.2060680389404297
1,7201,23.980342864990234,1.748026967048645
1,7202,64.83245849609375,2.4400203227996826
1,7203,45.55353927612305,2.012885093688965
1,7204,36.255340576171875,2.0118887424468994
1,7205,56.51991653442383,2.2254104614257812
1,7206,65.80416107177734,2.420607566833496
1,7207,94.87352752685547,3.0110220909118652
1,7208,60.03139877319336,2.044656753540039
1,7209,66.05693817138672,2.318291664123535
1,7210,24.415428161621094,1.7219170331954956
1,7211,73.1573715209961,2.594067096710205
1,7212,140.75503540039062,3.0876669883728027
1,7213,91.11124420166016,2.9130759239196777
1,7214,38.47907638549805,2.006072998046875
1,7215,36.50571060180664,1.9614293575286865
1,7216,32.48298645019531,1.8990551233291626
1,7217,90.68582153320312,2.6722605228424072
1,7218,75.03515625,2.3891215324401855
1,7219,29.46012306213379,1.9086627960205078
1,7220,57.84941864013672,2.1468236446380615
1,7221,31.612056732177734,2.135984420776367
1,7222,65.04467010498047,2.106146812438965
1,7223,33.097843170166016,1.6514472961425781
1,7224,61.10358810424805,2.0650761127471924
1,7225,52.37635040283203,2.1468381881713867
1,7226,35.41562271118164,1.9328893423080444
1,7227,92.64801025390625,2.9350361824035645
1,7228,110.55361938476562,3.0454814434051514
1,7229,11.992118835449219,1.3467929363250732
1,7230,18.663206100463867,1.6848677396774292
1,7231,125.09449768066406,3.3495683670043945
1,7232,93.26678466796875,2.4565622806549072
1,7233,144.94833374023438,3.699683904647827
1,7234,56.663307189941406,2.3427324295043945
1,7235,56.16027069091797,2.50648832321167
1,7236,58.147117614746094,2.405134677886963
1,7237,32.71926498413086,1.7388852834701538
1,7238,51.558292388916016,2.2309048175811768
1,7239,48.80014419555664,2.161041736602783
1,7240,52.24760055541992,2.1327033042907715
1,7241,38.189170837402344,1.723858118057251
1,7242,38.651668548583984,1.7436243295669556
1,7243,18.41183090209961,1.428489327430725
1,7244,39.07029724121094,2.208157777786255
1,7245,89.0764389038086,2.605916976928711
1,7246,39.39361572265625,2.0054876804351807
1,7247,136.47006225585938,3.206916570663452
1,7248,116.71870422363281,3.1041154861450195
1,7249,81.18257904052734,2.463773488998413
1,7250,69.97625732421875,2.38651442527771
1,7251,73.14100646972656,2.6752755641937256
1,7252,71.26310729980469,2.471212387084961
1,7253,60.77812957763672,2.4746828079223633
1,7254,16.55775260925293,1.3289227485656738
1,7255,76.22467041015625,2.5737195014953613
1,7256,116.18636322021484,2.916109085083008
1,7257,92.42027282714844,2.896483898162842
1,7258,121.93372344970703,3.1385741233825684
1,7259,76.4927749633789,2.5386059284210205
1,7260,56.89206314086914,2.3640823364257812
1,7261,93.49165344238281,2.732001304626465
1,7262,60.18998718261719,2.455374240875244
1,7263,32.326114654541016,1.713618278503418
1,7264,32.49894714355469,2.027279853820801
1,7265,68.7381362915039,2.3952717781066895
1,7266,13.018333435058594,1.4698753356933594
1,7267,21.044933319091797,1.5731101036071777
1,7268,70.48180389404297,2.4709949493408203
1,7269,52.27545166015625,2.2045464515686035
1,7270,103.93867492675781,2.742068290710449
1,7271,51.5142707824707,2.1334047317504883
1,7272,91.45079803466797,2.9407012462615967
1,7273,56.96146011352539,2.0696206092834473
1,7274,13.036989212036133,1.278465747833252
1,7275,113.8072509765625,2.6809725761413574
1,7276,65.69507598876953,2.64239239692688
1,7277,22.302534103393555,1.6225206851959229
1,7278,136.95370483398438,3.267829418182373
1,7279,60.0932731628418,2.579456329345703
1,7280,56.19258117675781,2.2300572395324707
1,7281,72.62516784667969,2.8707544803619385
1,7282,129.6800079345703,2.982182502746582
1,7283,56.63976287841797,2.062504768371582
1,7284,35.11114501953125,1.8485491275787354
1,7285,33.39933395385742,1.9485933780670166
1,7286,60.54000473022461,2.529207706451416
1,7287,40.139984130859375,2.3539390563964844
1,7288,20.466861724853516,1.5723145008087158
1,7289,47.597633361816406,2.090959072113037
1,7290,96.72508239746094,2.7189111709594727
1,7291,83.85444641113281,2.61997127532959
1,7292,21.798398971557617,1.5375615358352661
1,7293,97.70658111572266,2.9164233207702637
1,7294,56.61226272583008,2.241863965988159
1,7295,40.1441764831543,1.8248889446258545
1,7296,29.911916732788086,1.8912765979766846
1,7297,71.41474914550781,2.881812334060669
1,7298,23.384601593017578,1.38551926612854
1,7299,127.50182342529297,3.201542615890503
1,7300,69.31710052490234,2.340345621109009
1,7301,49.30552673339844,2.3255362510681152
1,7302,34.88245391845703,2.0434350967407227
1,7303,41.498138427734375,1.8113608360290527
1,7304,45.645694732666016,2.0724878311157227
1,7305,89.05742645263672,2.6089563369750977
1,7306,47.51168441772461,2.248660087585449
1,7307,32.4810676574707,1.8373465538024902
1,7308,41.15324783325195,2.1884677410125732
1,7309,73.30461883544922,2.4156970977783203
1,7310,53.567108154296875,2.2508771419525146
1,7311,28.83196258544922,1.4428231716156006
1,7312,27.046342849731445,1.8723803758621216
1,7313,44.48984146118164,1.9864825010299683
1,7314,35.155433654785156,1.8711357116699219
1,7315,21.92934226989746,1.6641875505447388
1,7316,58.40107345581055,2.173971176147461
1,7317,43.87236022949219,1.8345566987991333
1,7318,55.27979278564453,2.414475679397583
1,7319,17.32950210571289,1.2912400960922241
1,7320,54.699920654296875,2.361499309539795
1,7321,28.880661010742188,2.0672121047973633
1,7322,15.246526718139648,1.5611538887023926
1,7323,41.89530944824219,2.0558853149414062
1,7324,59.28998947143555,2.4749271869659424
1,7325,61.03850555419922,2.343540668487549
1,7326,53.40101623535156,2.2094388008117676
1,7327,60.618438720703125,2.180797576904297
1,7328,87.20087432861328,2.6716361045837402
1,7329,20.60706329345703,1.6396868228912354
1,7330,58.128273010253906,2.346104621887207
1,7331,27.27899932861328,1.9175069332122803
1,7332,74.49739074707031,2.346158504486084
1,7333,55.467586517333984,2.1126327514648438
1,7334,16.59088706970215,1.484285831451416
1,7335,15.425958633422852,1.4734303951263428
1,7336,12.146730422973633,1.352033019065857
1,7337,40.15052032470703,2.0938682556152344
1,7338,71.49720001220703,2.463188886642456
1,7339,41.50767517089844,2.166428565979004
1,7340,82.66984558105469,2.6831326484680176
1,7341,36.116600036621094,2.140272617340088
1,7342,8.422774314880371,1.1976432800292969
1,7343,44.03963088989258,2.2288994789123535
1,7344,181.62477111816406,3.730983257293701
1,7345,71.90261840820312,2.340414047241211
1,7346,122.9673843383789,3.280475378036499
1,7347,36.95965576171875,1.9839379787445068
1,7348,73.91470336914062,2.4125819206237793
1,7349,18.081069946289062,1.3571783304214478
1,7350,84.46122741699219,2.864161968231201
1,7351,27.41678237915039,1.8326842784881592
1,7352,21.49733543395996,1.5528028011322021
1,7353,48.894813537597656,2.204310655593872
1,7354,55.955352783203125,2.4241065979003906
1,7355,33.34078598022461,1.8200634717941284
1,7356,22.375228881835938,1.7975199222564697
1,7357,109.31375885009766,2.7633748054504395
1,7358,72.92965698242188,2.6330299377441406
1,7359,144.88446044921875,2.952608823776245
1,7360,57.42341613769531,2.2771596908569336
1,7361,162.1488037109375,3.8996951580047607
1,7362,15.3162202835083,1.144486665725708
1,7363,84.78040313720703,2.4759697914123535
1,7364,52.049476623535156,2.290459394454956
1,7365,63.72866439819336,2.612607717514038
1,7366,126.87112426757812,2.7901101112365723
1,7367,103.10062408447266,3.0992562770843506
1,7368,87.30517578125,2.639720916748047
1,7369,62.0324592590332,2.4213204383850098
1,7370,29.677562713623047,1.9302942752838135
1,7371,104.19386291503906,2.7348320484161377
1,7372,34.212730407714844,1.7664344310760498
1,7373,37.266822814941406,2.191833972930908
1,7374,124.33380889892578,3.2586135864257812
1,7375,72.0536880493164,2.882383346557617
1,7376,61.89593505859375,2.446561574935913
1,7377,168.5682373046875,3.578073024749756
1,7378,216.9866943359375,4.2380547523498535
1,7379,72.05793762207031,3.045614719390869
1,7380,40.43119430541992,2.221292018890381
1,7381,105.7010498046875,2.951350212097168
1,7382,40.30772399902344,1.7758963108062744
1,7383,19.51828956604004,1.5140719413757324
1,7384,56.23640441894531,2.26242995262146
1,7385,58.65163040161133,2.4266750812530518
1,7386,48.075714111328125,1.8931396007537842
1,7387,43.563758850097656,2.2962732315063477
1,7388,74.79635620117188,2.7118310928344727
1,7389,72.6900405883789,1.9929307699203491
1,7390,54.516273498535156,2.250636339187622
1,7391,35.762264251708984,1.9668161869049072
1,7392,147.94566345214844,3.597095012664795
1,7393,47.504425048828125,1.8587114810943604
1,7394,64.33204650878906,2.4429755210876465
1,7395,51.30785369873047,2.3453731536865234
1,7396,34.90901184082031,2.053626537322998
1,7397,50.73127365112305,2.4683351516723633
1,7398,64.46867370605469,2.464844226837158
1,7399,36.43090057373047,2.056563377380371
1,7400,49.4499397277832,2.405129909515381
1,7401,37.774566650390625,1.8669853210449219
1,7402,53.9614143371582,2.200173854827881
1,7403,43.84358215332031,1.8932864665985107
1,7404,96.4351577758789,2.587831497192383
1,7405,52.55018615722656,2.294022560119629
1,7406,36.460693359375,2.215458631515503
1,7407,76.61497497558594,2.760833501815796
1,7408,92.85320281982422,2.585897445678711
1,7409,46.8965950012207,2.150228261947632
1,7410,38.36048889160156,2.148364543914795
1,7411,59.394752502441406,2.328366756439209
1,7412,34.904563903808594,1.937833547592163
1,7413,17.445079803466797,1.5329580307006836
1,7414,13.03940486907959,1.5000745058059692
1,7415,77.59085083007812,2.3674492835998535
1,7416,41.90616989135742,1.9094749689102173
1,7417,60.93561553955078,2.7074103355407715
1,7418,47.19068145751953,1.7916254997253418
1,7419,9.229326248168945,1.2358249425888062
1,7420,67.71826934814453,2.2723031044006348
1,7421,83.36653137207031,2.571659564971924
1,7422,30.139759063720703,1.8275597095489502
1,7423,41.245269775390625,2.2498488426208496
1,7424,41.64739990234375,2.107243299484253
1,7425,92.59864044189453,2.623674154281616
1,7426,66.65672302246094,2.696150779724121
1,7427,109.23193359375,3.1174657344818115
1,7428,37.43644332885742,2.2347240447998047
1,7429,55.48780822753906,2.2904281616210938
1,7430,75.2225570678711,2.2024593353271484
1,7431,58.691715240478516,2.4391136169433594
1,7432,50.34642028808594,1.8868629932403564
1,7433,30.419315338134766,1.8887197971343994
1,7434,45.9852180480957,2.0554041862487793
1,7435,41.119354248046875,2.156550407409668
1,7436,103.40333557128906,3.1574652194976807
1,7437,63.77975082397461,2.181793212890625
1,7438,33.88591003417969,1.8847899436950684
1,7439,82.8668212890625,2.618103265762329
1,7440,44.663246154785156,2.275878429412842
1,7441,93.89082336425781,2.908644676208496
1,7442,106.41574096679688,2.8304343223571777
1,7443,47.64992141723633,1.977672815322876
1,7444,100.82498168945312,2.869699716567993
1,7445,156.4233856201172,3.2637205123901367
1,7446,25.638261795043945,1.2116671800613403
1,7447,40.24946594238281,1.7859514951705933
1,7448,75.48814392089844,2.431523323059082
1,7449,37.917503356933594,1.8248571157455444
1,7450,63.19462966918945,2.5230042934417725
1,7451,43.63456344604492,2.136725902557373
1,7452,44.69010925292969,2.151764154434204
1,7453,38.47203826904297,1.8687231540679932
1,7454,41.60881805419922,2.07722806930542
1,7455,78.06278991699219,2.9082038402557373
1,7456,38.72807312011719,2.1530067920684814
1,7457,58.20915222167969,2.19722580909729
1,7458,75.26868438720703,2.2421748638153076
1,7459,44.82841491699219,2.060850143432617
1,7460,19.08768081665039,1.3486582040786743
1,7461,72.40496826171875,2.516641139984131
1,7462,24.820186614990234,1.7593181133270264
1,7463,34.3099479675293,2.0594253540039062
1,7464,63.48691177368164,2.576133966445923
1,7465,179.2129364013672,3.7478373050689697
1,7466,72.58413696289062,2.457970142364502
1,7467,13.042679786682129,1.3137754201889038
1,7468,45.44468307495117,1.9135074615478516
1,7469,72.5627670288086,2.423675298690796
1,7470,150.63499450683594,3.8473527431488037
1,7471,15.77431869506836,1.640990972518921
1,7472,24.769067764282227,1.6645359992980957
1,7473,152.20877075195312,2.979485511779785
1,7474,137.64697265625,3.088379383087158
1,7475,37.67919158935547,1.8801295757293701
1,7476,173.02627563476562,3.859954357147217
1,7477,72.00798034667969,2.2454304695129395
1,7478,80.60590362548828,3.021397352218628
1,7479,23.24875259399414,1.6815550327301025
1,7480,55.967735290527344,2.442700147628784
1,7481,29.60734748840332,1.9263648986816406
1,7482,28.991836547851562,1.6538259983062744
1,7483,38.12699890136719,1.9307634830474854
1,7484,20.865659713745117,1.7085942029953003
1,7485,31.64365577697754,1.7791264057159424
1,7486,91.58876037597656,2.9277539253234863
1,7487,39.26366424560547,1.9755439758300781
1,7488,23.18963623046875,1.7348508834838867
1,7489,57.72740936279297,2.2299888134002686
1,7490,97.9036865234375,2.8512539863586426
1,7491,42.27836990356445,2.2733402252197266
1,7492,201.00381469726562,3.8580098152160645
1,7493,27.77222442626953,1.8433101177215576
1,7494,33.66160583496094,1.8541873693466187
1,7495,42.476783752441406,2.0396716594696045
1,7496,75.917724609375,2.42647647857666
1,7497,25.18453598022461,1.7929906845092773
1,7498,30.771942138671875,1.7015674114227295
1,7499,102.78246307373047,2.4319875240325928
1,7500,62.280860900878906,2.673830270767212
1,7501,77.60881805419922,2.2798027992248535
1,7502,112.66574096679688,2.945261240005493
1,7503,20.24498748779297,1.4933364391326904
1,7504,68.30136108398438,2.753019094467163
1,7505,48.36442947387695,2.2001912593841553
1,7506,47.79410934448242,2.082392692565918
1,7507,58.45067596435547,2.109731674194336
1,7508,80.76251220703125,2.724073886871338
1,7509,93.75425720214844,2.72119140625
1,7510,120.41568756103516,3.0206940174102783
1,7511,97.13533782958984,3.0912790298461914
1,7512,53.826751708984375,2.0867443084716797
1,7513,21.161710739135742,1.4314970970153809
1,7514,52.727577209472656,2.5220181941986084
1,7515,54.99884033203125,2.1978111267089844
1,7516,178.56515502929688,3.5821828842163086
1,7517,51.33232498168945,2.3139190673828125
1,7518,43.767433166503906,2.1010055541992188
1,7519,40.590721130371094,1.9441804885864258
1,7520,141.18458557128906,3.313655138015747
1,7521,38.767879486083984,1.8783845901489258
1,7522,47.61994934082031,2.144141674041748
1,7523,84.33511352539062,2.510577917098999
1,7524,55.29777145385742,2.0277678966522217
1,7525,40.0970458984375,2.2020530700683594
1,7526,125.33505249023438,3.1220288276672363
1,7527,77.91422271728516,2.4042539596557617
1,7528,86.88278198242188,2.67095947265625
1,7529,27.05342674255371,1.4914982318878174
1,7530,8.841259956359863,1.2283912897109985
1,7531,29.855670928955078,1.6888326406478882
1,7532,43.04778289794922,1.991178274154663
1,7533,72.06578063964844,2.619309902191162
1,7534,44.77495574951172,2.334204912185669
1,7535,19.118196487426758,1.420258641242981
1,7536,123.57379150390625,2.983408212661743
1,7537,81.08895874023438,2.644639492034912
1,7538,106.16613006591797,3.3694350719451904
1,7539,24.575429916381836,1.5459455251693726
1,7540,135.1605682373047,3.603351593017578
1,7541,26.991790771484375,1.5817785263061523
1,7542,43.73076248168945,2.175257921218872
1,7543,25.971771240234375,1.7255275249481201
1,7544,75.15465545654297,2.670086145401001
1,7545,32.325927734375,1.974004864692688
1,7546,65.0091552734375,2.49212646484375
1,7547,28.459707260131836,1.686959147453308
1,7548,12.648427963256836,1.399754524230957
1,7549,26.573566436767578,1.813835859298706
1,7550,67.49142456054688,2.5065102577209473
1,7551,24.927288055419922,1.9321638345718384
1,7552,176.90216064453125,3.9748525619506836
1,7553,55.91136169433594,2.1342427730560303
1,7554,49.632225036621094,2.011324405670166
1,7555,39.54554748535156,1.9256230592727661
1,7556,91.05697631835938,2.864197254180908
1,7557,40.95094299316406,2.1251730918884277
1,7558,84.4209213256836,2.814488410949707
1,7559,72.251220703125,2.729933738708496
1,7560,83.71233367919922,2.3401594161987305
1,7561,91.46875,3.1065235137939453
1,7562,31.491483688354492,1.8786550760269165
1,7563,29.145782470703125,1.5854123830795288
1,7564,118.76200103759766,3.2461676597595215
1,7565,101.01728820800781,2.6793646812438965
1,7566,24.02413558959961,1.5917725563049316
1,7567,108.02460479736328,3.014676570892334
1,7568,40.055381774902344,2.0577707290649414
1,7569,13.956576347351074,1.4752087593078613
1,7570,54.463592529296875,2.2888755798339844
1,7571,39.85893249511719,2.288649797439575
1,7572,31.435344696044922,2.087599754333496
1,7573,34.06397247314453,1.7516114711761475
1,7574,11.540406227111816,1.3376586437225342
1,7575,26.252161026000977,1.8799374103546143
1,7576,88.72662353515625,2.5747005939483643
1,7577,36.30918884277344,1.965561866760254
1,7578,57.71491622924805,2.4357171058654785
1,7579,46.15142822265625,2.261845588684082
1,7580,76.8370590209961,2.3856568336486816
1,7581,211.58950805664062,3.470184326171875
1,7582,42.03428649902344,2.2285118103027344
1,7583,9.041810989379883,1.1657142639160156
1,7584,63.134986877441406,2.6172304153442383
1,7585,54.62977981567383,2.202691078186035
1,7586,39.43210220336914,1.7690365314483643
1,7587,72.2901611328125,2.770470142364502
1,7588,39.88292694091797,2.1259260177612305
1,7589,55.43714141845703,2.262094736099243
1,7590,88.39295196533203,2.6119701862335205
1,7591,48.42637252807617,2.3560638427734375
1,7592,40.17665481567383,2.169987678527832
1,7593,34.51204299926758,1.8588725328445435
1,7594,69.04923248291016,3.009671211242676
1,7595,30.19074821472168,2.136446952819824
1,7596,54.10140609741211,2.1249518394470215
1,7597,10.347192764282227,1.0757426023483276
1,7598,30.97903060913086,1.8905621767044067
1,7599,109.43321228027344,3.067805290222168
1,7600,63.13230895996094,2.4955289363861084
1,7601,52.87968444824219,2.087794542312622
1,7602,103.72047424316406,2.359205484390259
1,7603,55.27372741699219,2.0959253311157227
1,7604,56.02192687988281,2.2540292739868164
1,7605,18.1153564453125,1.708294153213501
1,7606,25.979333877563477,1.6156063079833984
1,7607,25.476402282714844,1.6642436981201172
1,7608,42.064048767089844,2.0232012271881104
1,7609,25.216243743896484,1.7515552043914795
1,7610,71.33279418945312,1.9490382671356201
1,7611,67.03101348876953,2.0402369499206543
1,7612,42.4669189453125,1.8168420791625977
1,7613,42.47098159790039,1.834210753440857
1,7614,88.1996841430664,2.779423713684082
1,7615,70.7723159790039,2.7290451526641846
1,7616,19.69687843322754,1.412917137145996
1,7617,122.33106231689453,3.0343856811523438
1,7618,51.11510467529297,2.225795030593872
1,7619,68.68756103515625,2.5656447410583496
1,7620,50.5527229309082,2.2807765007019043
1,7621,58.10258865356445,2.2240028381347656
1,7622,64.41144561767578,2.442945957183838
1,7623,67.0388412475586,2.3148627281188965
1,7624,39.22222900390625,1.8526779413223267
1,7625,68.2841567993164,2.7637128829956055
1,7626,62.67418670654297,2.4931130409240723
1,7627,56.801719665527344,2.20466947555542
1,7628,39.595577239990234,1.639758825302124
1,7629,11.172250747680664,1.2333906888961792
1,7630,79.17671203613281,2.656320095062256
1,7631,25.03965187072754,1.8992419242858887
1,7632,29.120492935180664,2.083423137664795
1,7633,85.69412994384766,2.933598041534424
1,7634,75.52499389648438,2.6623270511627197
1,7635,38.98624801635742,2.0723659992218018
1,7636,36.423736572265625,2.055532455444336
1,7637,34.67304611206055,1.7299562692642212
1,7638,93.75493621826172,2.6005115509033203
1,7639,36.2556266784668,1.972278356552124
1,7640,113.38661193847656,3.1326632499694824
1,7641,66.22348022460938,2.3161959648132324
1,7642,46.3153076171875,2.106318473815918
1,7643,26.02385711669922,1.6193921566009521
1,7644,71.03646087646484,2.419459819793701
1,7645,37.44540023803711,2.100339889526367
1,7646,81.13551330566406,2.4939513206481934
1,7647,39.55106735229492,2.0459036827087402
1,7648,53.54875946044922,2.416311264038086
1,7649,169.1193389892578,4.016735553741455
1,7650,34.314300537109375,2.0341243743896484
1,7651,146.3694305419922,3.5620338916778564
1,7652,79.40446472167969,2.5193657875061035
1,7653,17.722688674926758,1.5575428009033203
1,7654,69.20301818847656,2.283071994781494
1,7655,33.43391418457031,2.0115554332733154
1,7656,21.526533126831055,1.6840600967407227
1,7657,113.36002349853516,3.123501777648926
1,7658,41.67645263671875,1.8643923997879028
1,7659,24.166330337524414,1.7782373428344727
1,7660,39.33601760864258,2.073763847351074
1,7661,34.990516662597656,1.7784837484359741
1,7662,75.24615478515625,2.343050003051758
1,7663,66.836669921875,1.9951727390289307
1,7664,49.13591003417969,2.3260412216186523
1,7665,75.56380462646484,2.6016180515289307
1,7666,19.633516311645508,1.439673900604248
1,7667,84.90123748779297,2.6313745975494385
1,7668,18.39702606201172,1.4330639839172363
1,7669,33.74574279785156,2.0296642780303955
1,7670,110.77345275878906,3.298898935317993
1,7671,69.38619232177734,2.7888243198394775
1,7672,28.16212272644043,1.6503506898880005
1,7673,70.17330932617188,2.731584072113037
1,7674,74.78199768066406,2.6561734676361084
1,7675,35.82379913330078,2.0372402667999268
1,7676,30.274505615234375,1.62461256980896
1,7677,8.365671157836914,1.2313960790634155
1,7678,111.64659118652344,3.1431632041931152
1,7679,265.799072265625,4.210610866546631
1,7680,62.47911834716797,2.3450348377227783
1,7681,107.47978973388672,3.141737699508667
1,7682,34.46635818481445,1.8278496265411377
1,7683,70.20732879638672,2.6785566806793213
1,7684,45.87311553955078,2.018808364868164
1,7685,102.60250854492188,2.9827158451080322
1,7686,126.24812316894531,3.4734978675842285
1,7687,20.57029151916504,1.6119201183319092
1,7688,68.54727172851562,2.5843605995178223
1,7689,41.45671844482422,1.7852983474731445
1,7690,127.82926177978516,3.2120983600616455
1,7691,23.911399841308594,1.7710429430007935
1,7692,37.822811126708984,2.088945150375366
1,7693,38.372615814208984,2.0642218589782715
1,7694,15.658480644226074,1.6621583700180054
1,7695,42.7621955871582,1.5740177631378174
1,7696,44.179893493652344,2.1397929191589355
1,7697,27.81673812866211,1.7495532035827637
1,7698,28.563358306884766,1.902081847190857
1,7699,57.11621856689453,2.411613941192627
1,7700,114.89493560791016,2.7818355560302734
1,7701,38.04057312011719,1.976991891860962
1,7702,29.457656860351562,2.054266929626465
1,7703,42.558982849121094,2.1859054565429688
1,7704,73.12738037109375,2.4221510887145996
1,7705,26.222400665283203,1.5697983503341675
1,7706,42.706668853759766,2.1789536476135254
1,7707,47.63719177246094,2.358081579208374
1,7708,31.841686248779297,2.0989065170288086
1,7709,45.482215881347656,2.0365030765533447
1,7710,60.752349853515625,2.396336555480957
1,7711,64.89983367919922,2.422469139099121
1,7712,23.985918045043945,1.5300085544586182
1,7713,48.68925476074219,2.3554913997650146
1,7714,74.4938735961914,2.54779052734375
1,7715,51.046199798583984,1.8427923917770386
1,7716,51.286766052246094,2.3168604373931885
1,7717,38.87288284301758,1.9720475673675537
1,7718,108.66495513916016,3.306215286254883
1,7719,92.34326934814453,3.0501415729522705
1,7720,149.91819763183594,3.737941265106201
1,7721,105.7821273803711,2.9565930366516113
1,7722,96.815185546875,3.0678069591522217
1,7723,47.91798782348633,2.1902358531951904
1,7724,28.475759506225586,1.9548723697662354
1,7725,100.94259643554688,3.1366188526153564
1,7726,34.46757507324219,1.9209787845611572
1,7727,49.3992919921875,2.3360390663146973
1,7728,70.4839096069336,2.2134647369384766
1,7729,62.79280090332031,2.334311008453369
1,7730,45.59217834472656,2.321779727935791
1,7731,99.3929443359375,2.505000591278076
1,7732,154.55264282226562,3.464998960494995
1,7733,47.955928802490234,2.0867390632629395
1,7734,42.389976501464844,2.2390313148498535
1,7735,38.18657302856445,1.8015305995941162
1,7736,50.8740119934082,1.9120802879333496
1,7737,93.8436508178711,2.74442720413208
1,7738,40.53340530395508,2.2335047721862793
1,7739,62.692718505859375,2.1318511962890625
1,7740,47.917762756347656,1.9861140251159668
1,7741,34.42582702636719,1.9284130334854126
1,7742,37.56704330444336,1.9084696769714355
1,7743,14.33627700805664,1.5402284860610962
1,7744,175.75131225585938,3.5097527503967285
1,7745,99.09889221191406,2.818934440612793
1,7746,94.07996368408203,2.923285484313965
1,7747,30.641523361206055,1.7049973011016846
1,7748,85.63844299316406,2.852907180786133
1,7749,140.52003479003906,3.550579071044922
1,7750,23.918018341064453,1.6974819898605347
1,7751,26.91139793395996,1.808745265007019
1,7752,92.15505981445312,2.962061882019043
1,7753,30.937313079833984,1.957000732421875
1,7754,21.91544532775879,1.5751184225082397
1,7755,83.03644561767578,2.8338606357574463
1,7756,23.884925842285156,1.5734899044036865
1,7757,105.38488006591797,2.9240689277648926
1,7758,61.775665283203125,2.6138908863067627
1,7759,107.10751342773438,3.1862940788269043
1,7760,26.8768367767334,1.6989694833755493
1,7761,27.815479278564453,1.9790794849395752
1,7762,33.37641143798828,2.141833782196045
1,7763,53.9302978515625,1.9938740730285645
1,7764,23.393726348876953,1.7641850709915161
1,7765,47.38239669799805,2.0641050338745117
1,7766,17.897199630737305,1.362545132637024
1,7767,24.966670989990234,1.681422233581543
1,7768,49.53521728515625,2.0793886184692383
1,7769,47.00273513793945,2.0776870250701904
1,7770,40.45661926269531,2.0153465270996094
1,7771,48.09116744995117,2.2096915245056152
1,7772,43.4608154296875,2.258225440979004
1,7773,41.346946716308594,1.8242850303649902
1,7774,50.50096130371094,2.3967981338500977
1,7775,106.58843994140625,2.7992911338806152
1,7776,41.57426834106445,2.066833972930908
1,7777,43.7473258972168,2.4137721061706543
1,7778,81.476318359375,2.760104179382324
1,7779,35.77408981323242,1.983081340789795
1,7780,67.84320068359375,2.5262532234191895
1,7781,100.07325744628906,2.908804416656494
1,7782,28.342605590820312,1.775542974472046
1,7783,38.268524169921875,1.865121841430664
1,7784,93.62060546875,2.711933135986328
1,7785,28.91946029663086,1.8052194118499756
1,7786,47.42754364013672,2.22360897064209
1,7787,28.42034339904785,1.7380571365356445
1,7788,51.086097717285156,2.3461689949035645
1,7789,44.55420684814453,2.306216239929199
1,7790,51.518760681152344,2.489164352416992
1,7791,30.485450744628906,1.828437089920044
1,7792,29.428312301635742,1.7403976917266846
1,7793,32.29539489746094,1.8108028173446655
1,7794,26.302589416503906,1.5979995727539062
1,7795,52.01163864135742,2.032621145248413
1,7796,48.59736633300781,2.240882158279419
1,7797,39.6539421081543,1.8082945346832275
1,7798,81.99848175048828,2.697016954421997
1,7799,20.064655303955078,1.7367451190948486
1,7800,66.43704223632812,2.614053249359131
1,7801,25.927644729614258,1.937520980834961
1,7802,58.70085144042969,2.329655885696411
1,7803,131.70555114746094,3.3521203994750977
1,7804,25.176528930664062,1.639534592628479
1,7805,43.20816421508789,2.0740959644317627
1,7806,89.86660766601562,2.729854106903076
1,7807,29.856407165527344,1.8222371339797974
1,7808,39.905906677246094,1.8907427787780762
1,7809,38.46622085571289,1.6163356304168701
1,7810,142.47979736328125,3.4318089485168457
1,7811,156.2738494873047,3.2800490856170654
1,7812,63.26052474975586,2.293846607208252
1,7813,62.702816009521484,2.53317928314209
1,7814,50.58449935913086,2.3386363983154297
1,7815,101.43940734863281,2.979281425476074
1,7816,85.64506530761719,2.5643556118011475
1,7817,61.557830810546875,2.3441452980041504
1,7818,65.85923767089844,2.372119903564453
1,7819,57.4322395324707,2.5215487480163574
1,7820,60.27174377441406,2.2769691944122314
1,7821,47.243614196777344,2.2699875831604004
1,7822,84.62507629394531,2.6632418632507324
1,7823,85.72200775146484,2.593679904937744
1,7824,75.76609802246094,2.4305481910705566
1,7825,53.75474548339844,2.2914607524871826
1,7826,160.81228637695312,3.588275909423828
1,7827,50.968624114990234,2.3683290481567383
1,7828,35.77592086791992,1.9967933893203735
1,7829,73.05621337890625,2.490647077560425
1,7830,75.27314758300781,2.592817544937134
1,7831,63.284446716308594,2.355900287628174
1,7832,28.82332992553711,1.8015481233596802
1,7833,76.96327209472656,2.563065528869629
1,7834,130.9310302734375,3.37300181388855
1,7835,47.052528381347656,2.40663480758667
1,7836,71.05034637451172,2.4399948120117188
1,7837,27.18686866760254,1.6283433437347412
1,7838,34.77743911743164,1.8401708602905273
1,7839,54.8912467956543,2.2151575088500977
1,7840,46.66584014892578,2.1266722679138184
1,7841,103.67153930664062,2.8514580726623535
1,7842,36.58256530761719,2.17594313621521
1,7843,50.60515594482422,2.4352481365203857
1,7844,87.86138916015625,2.331679344177246
1,7845,26.9639949798584,1.6474822759628296
1,7846,27.4034481048584,1.9614453315734863
1,7847,74.01573181152344,2.6486406326293945
1,7848,114.39832305908203,2.840559244155884
1,7849,62.63238525390625,2.572742462158203
1,7850,68.7683334350586,2.604671001434326
1,7851,36.143348693847656,1.7976995706558228
1,7852,88.2652587890625,2.2496018409729004
1,7853,105.64274597167969,2.8319168090820312
1,7854,76.1893310546875,2.524139404296875
1,7855,59.42747497558594,2.3972811698913574
1,7856,100.40656280517578,2.9632816314697266
1,7857,85.54109191894531,2.371079921722412
1,7858,85.06488037109375,2.424093008041382
1,7859,92.0188217163086,3.2935261726379395
1,7860,17.83080291748047,1.7227146625518799
1,7861,58.613014221191406,2.3031201362609863
1,7862,34.389015197753906,1.8395191431045532
1,7863,79.87272644042969,2.9004323482513428
1,7864,53.90886688232422,2.503244400024414
1,7865,35.45222473144531,1.7349827289581299
1,7866,38.16977310180664,2.08260178565979
1,7867,77.83251953125,2.765242099761963
1,7868,46.550880432128906,2.28361177444458
1,7869,51.05944061279297,2.3936610221862793
1,7870,17.123889923095703,1.3661237955093384
1,7871,33.84632110595703,1.8152005672454834
1,7872,48.67030334472656,2.41491436958313
1,7873,47.600433349609375,2.269970417022705
1,7874,84.32994079589844,2.760560989379883
1,7875,93.23709106445312,2.6741628646850586
1,7876,16.28673553466797,1.6650621891021729
1,7877,80.7295150756836,2.3266515731811523
1,7878,74.43467712402344,2.2882938385009766
1,7879,40.48353576660156,2.2972817420959473
1,7880,193.2922821044922,4.016019821166992
1,7881,58.79460525512695,2.548161745071411
1,7882,54.399314880371094,2.2532567977905273
1,7883,70.73329162597656,2.818408250808716
1,7884,35.129295349121094,1.768890142440796
1,7885,42.301414489746094,2.0298805236816406
1,7886,40.119327545166016,2.015263319015503
1,7887,56.355987548828125,2.30224609375
1,7888,40.476112365722656,2.245171308517456
1,7889,44.856910705566406,1.6225855350494385
1,7890,125.07173156738281,3.540039300918579
1,7891,159.42950439453125,3.8027279376983643
1,7892,86.2736587524414,2.7953550815582275
1,7893,93.10025787353516,2.4215190410614014
1,7894,33.452144622802734,2.114480972290039
1,7895,21.951221466064453,1.289352536201477
1,7896,71.11167907714844,2.584216594696045
1,7897,32.08675765991211,1.6457892656326294
1,7898,23.613052368164062,1.7160148620605469
1,7899,113.010986328125,3.0055654048919678
1,7900,92.14588165283203,3.041630744934082
1,7901,114.23098754882812,2.994713068008423
1,7902,83.42799377441406,2.310882091522217
1,7903,27.55295181274414,1.7999532222747803
1,7904,62.0517578125,2.281217575073242
1,7905,27.561464309692383,1.9183592796325684
1,7906,110.17659759521484,3.061349391937256
1,7907,23.48048973083496,1.688078761100769
1,7908,46.00545120239258,2.2395663261413574
1,7909,41.64817810058594,2.1035170555114746
1,7910,81.8810806274414,2.7764883041381836
1,7911,50.965965270996094,2.38541841506958
1,7912,60.50337600708008,2.4335951805114746
1,7913,49.48326873779297,2.2188668251037598
1,7914,54.83592987060547,2.4199767112731934
1,7915,27.891395568847656,1.6853196620941162
1,7916,35.7081413269043,2.143174886703491
1,7917,52.71397399902344,2.107362985610962
1,7918,64.93663024902344,2.361022472381592
1,7919,28.611310958862305,1.8690438270568848
1,7920,83.23809814453125,2.6698806285858154
1,7921,60.625694274902344,2.4251232147216797
1,7922,23.4631404876709,1.436967372894287
1,7923,70.64141845703125,2.732966899871826
1,7924,55.80449676513672,2.5340137481689453
1,7925,85.15237426757812,2.7854104042053223
1,7926,22.077213287353516,1.4403228759765625
1,7927,71.80941009521484,2.607485294342041
1,7928,55.16709518432617,2.257951259613037
1,7929,69.76860046386719,2.544090509414673
1,7930,68.4715805053711,2.241978406906128
1,7931,80.095458984375,2.6010630130767822
1,7932,14.56443977355957,1.3455215692520142
1,7933,43.140647888183594,1.9799481630325317
1,7934,33.39787673950195,2.057204008102417
1,7935,78.1307601928711,2.663996696472168
1,7936,66.48269653320312,2.388136386871338
1,7937,35.18246078491211,2.30352783203125
1,7938,28.15326499938965,1.8279600143432617
1,7939,56.22935104370117,2.462632179260254
1,7940,66.04903411865234,2.514817237854004
1,7941,87.07803344726562,2.670731544494629
1,7942,29.996965408325195,1.8193786144256592
1,7943,14.74034309387207,1.313003659248352
1,7944,56.525997161865234,2.2932839393615723
1,7945,80.19463348388672,2.690920829772949
1,7946,113.56975555419922,2.829446315765381
1,7947,63.83453369140625,2.6432666778564453
1,7948,62.993900299072266,2.4527575969696045
1,7949,100.41047668457031,2.9440524578094482
1,7950,28.187297821044922,1.9838110208511353
1,7951,130.0199737548828,3.080139636993408
1,7952,81.0705337524414,2.610887289047241
1,7953,172.10751342773438,3.6157004833221436
1,7954,54.438209533691406,2.208360195159912
1,7955,45.73197937011719,1.9476115703582764
1,7956,20.46418571472168,1.4671611785888672
1,7957,108.06440734863281,3.1211862564086914
1,7958,69.18205261230469,2.6898417472839355
1,7959,51.91820526123047,2.4120519161224365
1,7960,33.443809509277344,1.807085633277893
1,7961,120.35284423828125,2.5832650661468506
1,7962,32.48574447631836,1.9346238374710083
1,7963,38.78584289550781,2.1913979053497314
1,7964,74.11363220214844,2.7055482864379883
1,7965,63.26850128173828,2.3092727661132812
1,7966,46.77436447143555,2.4043221473693848
1,7967,81.82308959960938,2.661383867263794
1,7968,91.03755187988281,2.960355043411255
1,7969,56.03372573852539,2.453139066696167
1,7970,13.1675443649292,1.2813904285430908
1,7971,110.97984313964844,2.9106216430664062
1,7972,44.93925094604492,2.147770404815674
1,7973,24.1148681640625,1.6959152221679688
1,7974,23.204551696777344,1.8036384582519531
1,7975,41.156707763671875,2.077024459838867
1,7976,54.826690673828125,2.0223052501678467
1,7977,24.470840454101562,1.7126384973526
1,7978,38.72918701171875,2.1342320442199707
1,7979,37.36440658569336,1.9949226379394531
1,7980,44.189979553222656,1.9718785285949707
1,7981,16.329607009887695,1.4956519603729248
1,7982,46.60125732421875,2.148730754852295
1,7983,56.90299606323242,2.2825653553009033
1,7984,8.009773254394531,1.0903043746948242
1,7985,29.003807067871094,1.7564665079116821
1,7986,38.23065948486328,1.8435351848602295
1,7987,76.74942779541016,2.492192029953003
1,7988,21.811037063598633,1.8149101734161377
1,7989,32.12502670288086,1.9001884460449219
1,7990,32.640724182128906,1.8356542587280273
1,7991,35.19871520996094,1.731456995010376
1,7992,35.07769775390625,1.8322710990905762
1,7993,65.14176177978516,2.5978474617004395
1,7994,46.499664306640625,2.328361749649048
1,7995,61.0595703125,2.245464563369751
1,7996,117.74125671386719,2.493980884552002
1,7997,52.6268424987793,2.329425573348999
1,7998,153.49195861816406,3.8975517749786377
1,7999,37.44609832763672,2.0735936164855957
1,8000,69.93251037597656,2.4738986492156982
1,8001,22.882766723632812,1.7368028163909912
1,8002,70.08182525634766,2.426527976989746
1,8003,57.93446350097656,2.446882724761963
1,8004,38.10303497314453,1.931581974029541
1,8005,32.87771224975586,1.837424635887146
1,8006,113.0219955444336,3.0133140087127686
1,8007,45.200897216796875,2.0354905128479004
1,8008,115.41915130615234,3.1160922050476074
1,8009,45.414024353027344,1.895575761795044
1,8010,19.479167938232422,1.7082462310791016
1,8011,79.7911376953125,2.418931484222412
1,8012,61.031402587890625,2.1568126678466797
1,8013,54.509544372558594,2.1662614345550537
1,8014,137.29718017578125,3.41935133934021
1,8015,96.86203002929688,3.0751118659973145
1,8016,123.51768493652344,2.9212708473205566
1,8017,74.99116516113281,2.580397129058838
1,8018,166.15155029296875,3.059878349304199
1,8019,66.96041870117188,2.4680070877075195
1,8020,55.35531234741211,2.0835673809051514
1,8021,19.254741668701172,1.558791160583496
1,8022,62.904319763183594,2.4121155738830566
1,8023,42.60012435913086,2.0476512908935547
1,8024,93.37263488769531,2.911296844482422
1,8025,81.95096588134766,2.7561113834381104
1,8026,186.36756896972656,3.6298840045928955
1,8027,38.37841796875,1.9583386182785034
1,8028,36.726219177246094,2.0269455909729004
1,8029,71.35606384277344,2.525141716003418
1,8030,64.85037231445312,2.3180928230285645
1,8031,24.129301071166992,1.7587883472442627
1,8032,200.9839630126953,3.6169543266296387
1,8033,63.70249557495117,2.322218894958496
1,8034,48.624122619628906,2.1195616722106934
1,8035,14.560015678405762,1.3498401641845703
1,8036,60.09681701660156,2.591973304748535
1,8037,38.39518737792969,2.0086355209350586
1,8038,34.99785614013672,1.7425718307495117
1,8039,45.23711395263672,2.176842212677002
1,8040,31.218585968017578,1.8866796493530273
1,8041,93.73316955566406,2.717040777206421
1,8042,176.70416259765625,3.464810609817505
1,8043,78.77053833007812,2.791330337524414
1,8044,54.317203521728516,2.1865243911743164
1,8045,19.07254981994629,1.7891225814819336
1,8046,75.29978942871094,2.860358238220215
1,8047,29.98509979248047,1.7203543186187744
1,8048,44.138179779052734,2.1063878536224365
1,8049,19.313007354736328,1.5875160694122314
1,8050,10.838988304138184,1.4374529123306274
1,8051,66.49876403808594,2.5106239318847656
1,8052,80.66305541992188,2.9430742263793945
1,8053,56.062713623046875,2.329822540283203
1,8054,17.807861328125,1.571479082107544
1,8055,66.29844665527344,2.6542773246765137
1,8056,140.52854919433594,3.3536171913146973
1,8057,65.70366668701172,2.2980403900146484
1,8058,50.87201690673828,2.1429800987243652
1,8059,57.50935363769531,2.499387741088867
1,8060,74.5922622680664,2.630190134048462
1,8061,52.51160430908203,2.1823179721832275
1,8062,39.1111946105957,1.9141805171966553
1,8063,41.585227966308594,2.1385927200317383
1,8064,81.07183074951172,3.037945032119751
1,8065,98.6938705444336,2.5544748306274414
1,8066,25.144861221313477,1.8016982078552246
1,8067,92.3898696899414,2.6526780128479004
1,8068,58.2733154296875,2.4557318687438965
1,8069,25.884811401367188,1.758674144744873
1,8070,38.612709045410156,1.9267864227294922
1,8071,33.42872619628906,1.6101611852645874
1,8072,47.37759780883789,2.021958351135254
1,8073,36.70390319824219,2.1388490200042725
1,8074,36.21006393432617,1.8862371444702148
1,8075,53.55241012573242,2.281792640686035
1,8076,135.13961791992188,2.7556638717651367
1,8077,65.29220581054688,2.2773351669311523
1,8078,44.37144088745117,2.0300276279449463
1,8079,32.88161849975586,1.6915061473846436
1,8080,48.43949890136719,2.2912473678588867
1,8081,111.66928100585938,3.006941795349121
1,8082,92.53511810302734,2.5752272605895996
1,8083,48.254661560058594,1.837421178817749
1,8084,107.54524230957031,2.8912224769592285
1,8085,66.41615295410156,2.4801177978515625
1,8086,23.804317474365234,1.7526707649230957
1,8087,24.41111183166504,1.8619904518127441
1,8088,140.8828125,3.5546553134918213
1,8089,98.5714340209961,2.945939064025879
1,8090,34.63787078857422,1.9488773345947266
1,8091,80.54057312011719,2.650101661682129
1,8092,156.776123046875,3.6197032928466797
1,8093,39.17958068847656,2.1484367847442627
1,8094,49.933101654052734,1.8807553052902222
1,8095,29.48836898803711,1.8076969385147095
1,8096,37.49092102050781,1.9322257041931152
1,8097,21.790130615234375,1.6861987113952637
1,8098,35.81520462036133,1.9772969484329224
1,8099,36.66952896118164,2.0784249305725098
1,8100,21.282943725585938,1.4239795207977295
1,8101,95.90127563476562,2.58876371383667
1,8102,12.476041793823242,1.2899056673049927
1,8103,7.118807792663574,1.1723631620407104
1,8104,209.4673309326172,4.083253383636475
1,8105,95.30260467529297,2.885342597961426
1,8106,27.256336212158203,1.9190673828125
1,8107,116.00517272949219,3.282518148422241
1,8108,49.8079948425293,1.9578750133514404
1,8109,50.78917694091797,2.0389394760131836
1,8110,34.47852325439453,1.8646808862686157
1,8111,113.81197357177734,2.4120006561279297
1,8112,39.069725036621094,2.0407419204711914
1,8113,92.77510070800781,2.8269600868225098
1,8114,111.4063491821289,3.2250332832336426
1,8115,19.323095321655273,1.577139139175415
1,8116,113.73760986328125,2.568056583404541
1,8117,20.50248146057129,1.5414795875549316
1,8118,57.57041931152344,2.1983180046081543
1,8119,32.72721862792969,1.4900085926055908
1,8120,49.31273651123047,2.0968291759490967
1,8121,75.72423553466797,2.617497444152832
1,8122,61.57536697387695,2.5660455226898193
1,8123,61.63459014892578,2.4846255779266357
1,8124,47.01660919189453,2.3050150871276855
1,8125,105.09635162353516,2.8346030712127686
1,8126,89.11731719970703,3.017608404159546
1,8127,72.49996948242188,2.577812910079956
1,8128,51.983306884765625,2.1898436546325684
1,8129,48.575439453125,2.0670764446258545
1,8130,12.447503089904785,1.328927755355835
1,8131,59.41862487792969,2.4615883827209473
1,8132,14.73037052154541,1.3990445137023926
1,8133,50.13421630859375,2.3514323234558105
1,8134,52.537567138671875,2.688776969909668
1,8135,46.1566162109375,2.3456740379333496
1,8136,33.93356704711914,1.902261734008789
1,8137,85.18326568603516,2.900994300842285
1,8138,46.08573913574219,2.259490966796875
1,8139,66.94927215576172,1.979688048362732
1,8140,129.4737548828125,3.413379430770874
1,8141,41.92377471923828,2.1011602878570557
1,8142,61.64931106567383,2.10896897315979
1,8143,41.152671813964844,1.8252334594726562
1,8144,33.3641471862793,2.000886917114258
1,8145,14.722310066223145,1.2942988872528076
1,8146,46.239532470703125,2.148808002471924
1,8147,12.48082160949707,1.2594149112701416
1,8148,57.561981201171875,2.459406852722168
1,8149,18.27593994140625,1.490565299987793
1,8150,78.37854766845703,2.3860645294189453
1,8151,80.05776977539062,2.3650667667388916
1,8152,71.05935668945312,2.512190818786621
1,8153,123.54863739013672,3.3688337802886963
1,8154,42.11729431152344,2.039544105529785
1,8155,152.67251586914062,3.788069248199463
1,8156,53.507911682128906,2.288440704345703
1,8157,49.60018539428711,2.061251401901245
1,8158,40.415958404541016,1.9438014030456543
1,8159,50.22626495361328,2.1846206188201904
1,8160,19.179336547851562,1.4566590785980225
1,8161,141.8354949951172,3.4027934074401855
1,8162,33.57620620727539,1.8385714292526245
1,8163,29.067424774169922,1.4871200323104858
1,8164,63.97801208496094,2.2231364250183105
1,8165,20.844228744506836,1.7211946249008179
1,8166,24.893217086791992,1.4152684211730957
1,8167,19.25211524963379,1.5585103034973145
1,8168,103.84229278564453,3.0850205421447754
1,8169,75.40383911132812,2.4403727054595947
1,8170,37.36165237426758,2.0323760509490967
1,8171,44.72617721557617,2.27097225189209
1,8172,86.2608413696289,2.949662208557129
1,8173,43.726139068603516,2.225102663040161
1,8174,98.47427368164062,2.918138027191162
1,8175,16.429975509643555,1.3590021133422852
1,8176,40.055908203125,1.9428954124450684
1,8177,71.44363403320312,2.566239833831787
1,8178,69.2825698852539,2.2422313690185547
1,8179,51.03372573852539,2.2742254734039307
1,8180,58.4009895324707,2.1635899543762207
1,8181,41.27809524536133,1.8700851202011108
1,8182,54.31359100341797,2.3357033729553223
1,8183,34.756404876708984,2.164187431335449
1,8184,52.95612716674805,2.5006303787231445
1,8185,50.33858871459961,2.1965408325195312
1,8186,29.500852584838867,2.078047275543213
1,8187,55.67462921142578,2.6539816856384277
1,8188,103.50791931152344,3.1066360473632812
1,8189,25.096847534179688,1.6533150672912598
1,8190,35.65446472167969,1.7784892320632935
1,8191,66.97525787353516,2.3778812885284424
1,8192,112.38273620605469,2.992763042449951
1,8193,17.27354621887207,1.434713363647461
1,8194,25.331281661987305,1.784837245941162
1,8195,15.758504867553711,1.4613248109817505
1,8196,68.28500366210938,2.738636016845703
1,8197,46.43387222290039,1.9351470470428467
1,8198,32.47261428833008,1.7678461074829102
1,8199,26.454364776611328,1.8152930736541748
1,8200,71.16435241699219,2.1182875633239746
1,8201,61.67878723144531,2.412393808364868
1,8202,79.10369110107422,2.4759809970855713
1,8203,89.21060943603516,2.9434845447540283
1,8204,48.63539123535156,2.229999542236328
1,8205,46.11013412475586,2.139230966567993
1,8206,51.942752838134766,2.2506954669952393
1,8207,44.455482482910156,2.0337047576904297
1,8208,51.792842864990234,2.0962133407592773
1,8209,28.829410552978516,1.4197251796722412
1,8210,37.361812591552734,1.7767997980117798
1,8211,29.938003540039062,1.506185531616211
1,8212,17.18594741821289,1.509690284729004
1,8213,28.819107055664062,1.5820446014404297
1,8214,43.14604949951172,2.1353557109832764
1,8215,70.23617553710938,2.5392532348632812
1,8216,67.5939712524414,2.2804558277130127
1,8217,16.107187271118164,1.3648236989974976
1,8218,22.978124618530273,1.2510364055633545
1,8219,50.604122161865234,2.291618585586548
1,8220,30.131776809692383,1.8830081224441528
1,8221,47.264427185058594,2.135887861251831
1,8222,72.80692291259766,2.1881837844848633
1,8223,40.453285217285156,1.8557807207107544
1,8224,107.30894470214844,3.1081058979034424
1,8225,19.519039154052734,1.5398935079574585
1,8226,66.412841796875,2.4013540744781494
1,8227,83.095947265625,2.346846580505371
1,8228,49.67012023925781,2.3715755939483643
1,8229,62.68902587890625,2.488112211227417
1,8230,40.002872467041016,1.9895832538604736
1,8231,58.27788162231445,2.2030341625213623
1,8232,81.96351623535156,2.81398344039917
1,8233,42.13810729980469,2.2288196086883545
1,8234,23.422971725463867,1.873753547668457
1,8235,95.13448333740234,2.649777412414551
1,8236,87.18492126464844,2.929938793182373
1,8237,32.96513366699219,1.5560716390609741
1,8238,109.7409439086914,3.164186716079712
1,8239,11.975603103637695,1.3376721143722534
1,8240,77.83592224121094,2.3020029067993164
1,8241,32.33272171020508,1.9041872024536133
1,8242,13.079463005065918,1.376258373260498
1,8243,20.60140037536621,1.5009855031967163
1,8244,45.118106842041016,1.9453591108322144
1,8245,35.03522491455078,1.9548181295394897
1,8246,89.00149536132812,3.0437400341033936
1,8247,95.62921142578125,2.7927920818328857
1,8248,63.64341735839844,2.443582773208618
1,8249,108.81008911132812,3.5132851600646973
1,8250,11.99238395690918,1.2038103342056274
1,8251,51.736305236816406,2.164801597595215
1,8252,42.138851165771484,1.9142447710037231
1,8253,41.646766662597656,2.0408847332000732
1,8254,32.198638916015625,2.0281081199645996
1,8255,89.22283935546875,2.828545570373535
1,8256,69.10575103759766,2.6749653816223145
1,8257,72.31005859375,2.4746785163879395
1,8258,45.92814636230469,2.0518243312835693
1,8259,65.83189392089844,2.659324884414673
1,8260,18.517276763916016,1.6314222812652588
1,8261,63.58589172363281,2.6825344562530518
1,8262,137.3970489501953,3.8660237789154053
1,8263,80.95853424072266,2.7573821544647217
1,8264,52.93882751464844,1.82621169090271
1,8265,93.80684661865234,2.829774856567383
1,8266,55.61448287963867,2.5227408409118652
1,8267,125.91725158691406,3.193603038787842
1,8268,80.53561401367188,2.643833875656128
1,8269,27.181900024414062,1.8029258251190186
1,8270,51.801185607910156,2.145179271697998
1,8271,10.392996788024902,1.1338458061218262
1,8272,90.97720336914062,2.591564655303955
1,8273,192.4158172607422,3.4879465103149414
1,8274,146.18106079101562,3.2523627281188965
1,8275,35.34959411621094,1.999913215637207
1,8276,56.1505126953125,2.25610089302063
1,8277,32.16009521484375,1.7582077980041504
1,8278,112.01890563964844,2.44248366355896
1,8279,75.08953857421875,2.579636573791504
1,8280,18.456125259399414,1.68765389919281
1,8281,128.8675079345703,3.0556881427764893
1,8282,36.3945198059082,1.8973803520202637
1,8283,39.60778045654297,1.8001878261566162
1,8284,83.92997741699219,2.5319366455078125
1,8285,35.55769348144531,2.0178933143615723
1,8286,78.26712799072266,2.4003725051879883
1,8287,73.01324462890625,2.9190285205841064
1,8288,37.395572662353516,1.965665340423584
1,8289,102.41828155517578,2.9921133518218994
1,8290,39.568214416503906,2.3943769931793213
1,8291,68.82231140136719,2.470770835876465
1,8292,73.75251007080078,2.769178628921509
1,8293,107.15119934082031,2.835033893585205
1,8294,79.18162536621094,2.7418925762176514
1,8295,17.467926025390625,1.4728243350982666
1,8296,88.3163833618164,2.5464887619018555
1,8297,71.25244140625,2.2916507720947266
1,8298,83.95101928710938,3.1418795585632324
1,8299,28.898168563842773,1.6527678966522217
1,8300,16.397218704223633,1.349837303161621
1,8301,18.103845596313477,1.6084038019180298
1,8302,77.28848266601562,2.697303533554077
1,8303,45.036720275878906,2.191190004348755
1,8304,37.13741683959961,1.9349595308303833
1,8305,38.788150787353516,2.110116481781006
1,8306,125.8020248413086,2.8796098232269287
1,8307,64.6089096069336,2.2158560752868652
1,8308,30.422348022460938,1.8918572664260864
1,8309,87.96513366699219,2.8682727813720703
1,8310,46.76200866699219,2.1761555671691895
1,8311,28.367298126220703,1.7688369750976562
1,8312,152.38694763183594,3.0599148273468018
1,8313,101.18022155761719,2.928598165512085
1,8314,84.59808349609375,2.8878188133239746
1,8315,68.35592651367188,2.4296233654022217
1,8316,87.27117919921875,2.8877077102661133
1,8317,55.212738037109375,2.071017026901245
1,8318,53.32936477661133,2.10849666595459
1,8319,64.02507019042969,2.6349802017211914
1,8320,84.63175201416016,2.76334547996521
1,8321,94.92608642578125,3.2162649631500244
1,8322,49.9490966796875,2.176631450653076
1,8323,95.65935516357422,3.005268096923828
1,8324,21.008312225341797,1.7208566665649414
1,8325,101.91590118408203,2.79117488861084
1,8326,23.57594871520996,1.812647819519043
1,8327,46.14801788330078,1.9396729469299316
1,8328,40.50774383544922,2.2126407623291016
1,8329,96.1904067993164,2.9455435276031494
1,8330,38.43709945678711,1.9453346729278564
1,8331,35.85879898071289,2.0153727531433105
1,8332,145.40052795410156,3.4931366443634033
1,8333,63.45926284790039,2.312497854232788
1,8334,55.98780059814453,2.1830756664276123
1,8335,34.846336364746094,1.6902258396148682
1,8336,38.153480529785156,1.9950544834136963
1,8337,36.62577819824219,1.9689452648162842
1,8338,57.837440490722656,2.135740280151367
1,8339,85.79278564453125,2.448840379714966
1,8340,22.99611473083496,1.69737708568573
1,8341,116.5440673828125,3.231579303741455
1,8342,53.78999328613281,2.191650152206421
1,8343,14.83289623260498,1.239053726196289
1,8344,21.510608673095703,1.6030522584915161
1,8345,72.12983703613281,2.5978500843048096
1,8346,43.62993621826172,2.116440773010254
1,8347,105.50092315673828,2.9929511547088623
1,8348,41.89472198486328,2.1951894760131836
1,8349,86.65141296386719,2.7350785732269287
1,8350,50.507686614990234,2.092862844467163
1,8351,16.615625381469727,1.326534628868103
1,8352,34.760231018066406,1.97720205783844
1,8353,120.83019256591797,3.0515027046203613
1,8354,77.5943832397461,2.0369081497192383
1,8355,47.28913116455078,2.1520941257476807
1,8356,52.54180908203125,2.0968689918518066
1,8357,60.68967056274414,2.4358601570129395
1,8358,54.604087829589844,2.3146469593048096
1,8359,78.3486328125,2.3464980125427246
1,8360,23.0808048248291,1.8256183862686157
1,8361,37.0515251159668,2.0516271591186523
1,8362,88.55692291259766,2.7038118839263916
1,8363,36.61207580566406,1.977187991142273
1,8364,30.467397689819336,1.9259648323059082
1,8365,19.940275192260742,1.7262911796569824
1,8366,28.750503540039062,1.7294272184371948
1,8367,31.286861419677734,1.6105399131774902
1,8368,66.53089904785156,2.337434768676758
1,8369,58.98490905761719,2.5002601146698
1,8370,61.53656768798828,1.9397857189178467
1,8371,31.902103424072266,1.739980697631836
1,8372,85.06068420410156,2.6423230171203613
1,8373,91.98429107666016,2.849241018295288
1,8374,64.60282897949219,2.402775526046753
1,8375,61.29478073120117,2.0256032943725586
1,8376,36.317909240722656,2.1682307720184326
1,8377,29.021312713623047,1.698715329170227
1,8378,80.6323471069336,2.5818841457366943
1,8379,13.392465591430664,1.355171799659729
1,8380,27.421493530273438,1.7636622190475464
1,8381,132.83917236328125,3.4868788719177246
1,8382,16.550758361816406,1.658974051475525
1,8383,97.61283874511719,3.1022610664367676
1,8384,17.458375930786133,1.5270118713378906
1,8385,53.80099868774414,2.296781539916992
1,8386,33.361083984375,1.9851794242858887
1,8387,80.64457702636719,2.719204902648926
1,8388,119.55753326416016,2.995485782623291
1,8389,29.602508544921875,1.8364654779434204
1,8390,76.72284698486328,2.0803048610687256
1,8391,55.153724670410156,2.186877727508545
1,8392,22.208141326904297,1.5678743124008179
1,8393,71.97393035888672,1.988159418106079
1,8394,57.50469207763672,1.910391926765442
1,8395,38.31722640991211,1.9461981058120728
1,8396,49.219295501708984,1.9312912225723267
1,8397,85.80916595458984,2.9096717834472656
1,8398,56.23223114013672,2.4089558124542236
1,8399,105.69796752929688,3.3610756397247314
1,8400,71.10332489013672,2.5738120079040527
1,8401,150.69534301757812,3.568960666656494
1,8402,66.68486022949219,2.685802459716797
1,8403,67.10429382324219,2.805793285369873
1,8404,30.725929260253906,1.777940034866333
1,8405,27.172348022460938,1.7881128787994385
1,8406,65.4291763305664,2.188106060028076
1,8407,55.41957092285156,2.3302555084228516
1,8408,82.08001708984375,2.71596622467041
1,8409,138.8927001953125,3.4275312423706055
1,8410,78.7642822265625,2.763814926147461
1,8411,136.01229858398438,3.2483434677124023
1,8412,53.25580978393555,2.1942849159240723
1,8413,135.63070678710938,3.799128293991089
1,8414,149.7352294921875,3.2842159271240234
1,8415,24.480121612548828,1.566523790359497
1,8416,22.344539642333984,1.5625343322753906
1,8417,104.2705078125,2.8526699542999268
1,8418,28.6033992767334,1.8703334331512451
1,8419,17.83074951171875,1.6512411832809448
1,8420,137.5162353515625,3.30678653717041
1,8421,97.13037872314453,3.061800479888916
1,8422,16.69814109802246,1.6551156044006348
1,8423,30.671281814575195,2.1255645751953125
1,8424,45.834842681884766,2.285382032394409
1,8425,16.21792984008789,1.4410585165023804
1,8426,15.70124626159668,1.5015007257461548
1,8427,44.80491638183594,1.895199179649353
1,8428,55.589839935302734,2.0255208015441895
1,8429,34.96925354003906,2.06243896484375
1,8430,103.06804656982422,2.537933349609375
1,8431,70.67008972167969,2.364856004714966
1,8432,40.76477813720703,2.133105754852295
1,8433,35.116455078125,1.9969061613082886
1,8434,42.88519287109375,1.9186276197433472
1,8435,15.56143856048584,1.3885009288787842
1,8436,50.01298904418945,2.189774990081787
1,8437,63.02851867675781,2.7292888164520264
1,8438,88.93057250976562,2.862452745437622
1,8439,132.8604278564453,3.431511402130127
1,8440,110.5242691040039,2.7394471168518066
1,8441,161.5587921142578,3.4782633781433105
1,8442,6.043741226196289,1.0197786092758179
1,8443,49.55783462524414,2.1592185497283936
1,8444,39.25410079956055,2.219573736190796
1,8445,121.04117584228516,3.0368545055389404
1,8446,77.71385192871094,2.6861824989318848
1,8447,27.274215698242188,1.7670953273773193
1,8448,47.54703903198242,2.259634017944336
1,8449,30.267976760864258,1.8139764070510864
1,8450,80.16104125976562,2.6319868564605713
1,8451,16.03183364868164,1.603325605392456
1,8452,27.30361557006836,1.767685890197754
1,8453,12.177689552307129,1.3337311744689941
1,8454,23.28936004638672,1.6022417545318604
1,8455,99.36998748779297,2.8847804069519043
1,8456,55.2224235534668,2.2608165740966797
1,8457,98.11273193359375,2.5626893043518066
1,8458,39.1877555847168,1.9902780055999756
1,8459,31.4310302734375,1.8099613189697266
1,8460,29.491369247436523,1.6044032573699951
1,8461,103.32432556152344,3.111482620239258
1,8462,68.85987091064453,2.4536077976226807
1,8463,53.98611831665039,2.1386892795562744
1,8464,26.088510513305664,1.5454457998275757
1,8465,40.6743278503418,2.0299882888793945
1,8466,42.57232666015625,2.023552894592285
1,8467,33.66851806640625,1.7166943550109863
1,8468,65.59136962890625,2.3979811668395996
1,8469,86.66567993164062,2.791173219680786
1,8470,54.2484130859375,2.0439698696136475
1,8471,40.95082473754883,1.7588733434677124
1,8472,65.96924591064453,2.3803694248199463
1,8473,15.986329078674316,1.596430778503418
1,8474,94.44793701171875,2.570237636566162
1,8475,75.4451904296875,2.6871047019958496
1,8476,12.531404495239258,1.2704654932022095
1,8477,51.85935974121094,2.1767005920410156
1,8478,30.434852600097656,1.8466525077819824
1,8479,62.21706008911133,2.3514270782470703
1,8480,39.53947830200195,1.9981775283813477
1,8481,59.2326774597168,2.100442886352539
1,8482,39.76241683959961,1.7880499362945557
1,8483,33.80358123779297,1.7798826694488525
1,8484,46.26104736328125,2.2384719848632812
1,8485,17.532560348510742,1.4436167478561401
1,8486,88.09051513671875,2.403596878051758
1,8487,24.950353622436523,1.6385178565979004
1,8488,35.40510559082031,2.107210636138916
1,8489,80.70310974121094,2.690868377685547
1,8490,28.598310470581055,1.5138282775878906
1,8491,66.71722412109375,2.429461717605591
1,8492,30.325374603271484,2.0687544345855713
1,8493,73.31904602050781,2.7184019088745117
1,8494,61.492698669433594,2.3939828872680664
1,8495,33.2370491027832,1.6391572952270508
1,8496,70.8583755493164,2.330277442932129
1,8497,75.74888610839844,2.796492576599121
1,8498,46.082244873046875,2.084007978439331
1,8499,33.0104866027832,1.870360255241394
1,8500,67.1847915649414,2.5484871864318848
1,8501,66.80087280273438,2.5853424072265625
1,8502,61.19074249267578,2.186493396759033
1,8503,29.44504737854004,1.6008964776992798
1,8504,26.535053253173828,1.851954698562622
1,8505,32.07993698120117,1.7438920736312866
1,8506,10.478761672973633,1.275883674621582
1,8507,69.61320495605469,2.387092113494873
1,8508,53.7028694152832,1.8775439262390137
1,8509,14.009183883666992,1.5962334871292114
1,8510,52.70363998413086,2.542276620864868
1,8511,26.22661018371582,1.7537163496017456
1,8512,33.52742385864258,1.8401036262512207
1,8513,45.16349792480469,1.9061150550842285
1,8514,39.813507080078125,2.0519802570343018
1,8515,13.156585693359375,1.3674499988555908
1,8516,30.124914169311523,1.9505741596221924
1,8517,46.50189208984375,1.985106110572815
1,8518,113.04239654541016,3.0202670097351074
1,8519,131.42979431152344,3.1798391342163086
1,8520,64.96431732177734,2.675934314727783
1,8521,75.40668487548828,2.920698404312134
1,8522,72.16633605957031,2.6191606521606445
1,8523,57.09751510620117,2.5771350860595703
1,8524,53.91543197631836,2.1170454025268555
1,8525,31.750301361083984,1.919518232345581
1,8526,48.96461868286133,1.9314477443695068
1,8527,28.608829498291016,1.7859150171279907
1,8528,50.07280731201172,2.2303946018218994
1,8529,28.837467193603516,1.9110110998153687
1,8530,35.30788040161133,1.7675594091415405
1,8531,52.65668487548828,2.138697862625122
1,8532,24.769487380981445,1.5388861894607544
1,8533,67.9124984741211,2.237412452697754
1,8534,23.56543731689453,1.6592869758605957
1,8535,43.541954040527344,2.220104694366455
1,8536,85.61873626708984,2.8650779724121094
1,8537,152.8142547607422,3.164308547973633
1,8538,53.58986282348633,2.364980697631836
1,8539,53.36841583251953,2.41131329536438
1,8540,12.699258804321289,1.5696477890014648
1,8541,42.9260368347168,1.9758260250091553
1,8542,10.684432983398438,1.3970178365707397
1,8543,31.225257873535156,1.7644648551940918
1,8544,84.30401611328125,2.488492965698242
1,8545,108.95909118652344,3.3021552562713623
1,8546,97.15306091308594,2.957156181335449
1,8547,60.728973388671875,2.325410842895508
1,8548,92.47489929199219,3.0451838970184326
1,8549,88.49097442626953,2.7823333740234375
1,8550,101.20538330078125,3.112229108810425
1,8551,89.33098602294922,2.766047716140747
1,8552,51.67974090576172,2.6597976684570312
1,8553,41.89241027832031,2.053971290588379
1,8554,48.58152770996094,2.2049295902252197
1,8555,82.05532836914062,2.375375509262085
1,8556,26.177780151367188,1.6866259574890137
1,8557,65.98011779785156,2.3512814044952393
1,8558,46.4067268371582,2.1383607387542725
1,8559,23.76856231689453,1.4037578105926514
1,8560,111.69994354248047,3.025294780731201
1,8561,88.36854553222656,2.5627706050872803
1,8562,78.02702331542969,2.3137779235839844
1,8563,28.108036041259766,1.6327340602874756
1,8564,70.36353302001953,2.4690210819244385
1,8565,89.5967788696289,2.78971529006958
1,8566,23.913471221923828,1.726656436920166
1,8567,25.841350555419922,1.8001677989959717
1,8568,28.118743896484375,1.8768432140350342
1,8569,42.227684020996094,1.9793124198913574
1,8570,42.45330047607422,2.014228343963623
1,8571,42.55583572387695,2.1263577938079834
1,8572,34.578372955322266,1.9374186992645264
1,8573,75.31039428710938,2.3314425945281982
1,8574,78.65784454345703,2.377847671508789
1,8575,35.49538803100586,1.5321217775344849
1,8576,56.295196533203125,2.2654316425323486
1,8577,34.04745101928711,1.7372151613235474
1,8578,137.26577758789062,3.01910400390625
1,8579,70.02786254882812,2.522164821624756
1,8580,95.56413269042969,2.977548599243164
1,8581,68.50759887695312,2.568429946899414
1,8582,42.944427490234375,1.819374680519104
1,8583,67.66183471679688,2.4342825412750244
1,8584,21.89316749572754,1.55726957321167
1,8585,58.02322769165039,2.2727270126342773
1,8586,14.7034330368042,1.3320304155349731
1,8587,35.7828369140625,1.8731929063796997
1,8588,66.91574096679688,2.522351026535034
1,8589,43.377925872802734,1.974548101425171
1,8590,46.34599685668945,2.036816358566284
1,8591,38.86685562133789,1.9244968891143799
1,8592,17.050735473632812,1.6189831495285034
1,8593,144.9764862060547,3.286592483520508
1,8594,96.12759399414062,2.7660748958587646
1,8595,74.88493347167969,2.8225817680358887
1,8596,19.863039016723633,1.847763180732727
1,8597,35.07847213745117,1.9889672994613647
1,8598,88.03799438476562,2.7068848609924316
1,8599,64.43745422363281,2.6882269382476807
1,8600,70.19852447509766,2.7467377185821533
1,8601,15.27686882019043,1.3526448011398315
1,8602,12.194412231445312,1.4453024864196777
1,8603,11.81678581237793,1.3075230121612549
1,8604,61.24425506591797,2.0024898052215576
1,8605,77.03117370605469,2.859095573425293
1,8606,18.92888641357422,1.5165722370147705
1,8607,20.400127410888672,1.5737082958221436
1,8608,17.0379581451416,1.4663532972335815
1,8609,39.506168365478516,1.9627821445465088
1,8610,100.10992431640625,3.1802356243133545
1,8611,59.99568176269531,2.145402669906616
1,8612,114.98332214355469,3.274470329284668
1,8613,47.436988830566406,2.0318470001220703
1,8614,15.451641082763672,1.3341155052185059
1,8615,70.94877624511719,2.5303049087524414
1,8616,74.13824462890625,2.791921377182007
1,8617,22.531002044677734,1.641003966331482
1,8618,38.1673698425293,1.7766716480255127
1,8619,41.44472122192383,1.8645704984664917
1,8620,67.9013442993164,2.111119270324707
1,8621,45.122100830078125,1.7688307762145996
1,8622,46.33546447753906,2.235042095184326
1,8623,56.95790481567383,2.3772759437561035
1,8624,76.68891143798828,2.374838352203369
1,8625,91.42259216308594,2.578219175338745
1,8626,164.9844970703125,3.4890480041503906
1,8627,135.22564697265625,3.3901610374450684
1,8628,43.074127197265625,2.119255542755127
1,8629,41.00848388671875,1.721168875694275
1,8630,64.26280212402344,1.9189646244049072
1,8631,56.56287384033203,2.4121718406677246
1,8632,33.68393325805664,1.8249226808547974
1,8633,78.50507354736328,2.5632946491241455
1,8634,130.47482299804688,3.337754249572754
1,8635,121.11492919921875,3.429258108139038
1,8636,58.34925842285156,2.363177537918091
1,8637,58.917301177978516,2.5246524810791016
1,8638,40.472537994384766,2.1510043144226074
1,8639,113.48853302001953,2.8778131008148193
1,8640,34.34186553955078,1.9994511604309082
1,8641,88.26041412353516,3.014404773712158
1,8642,26.166833877563477,1.8781793117523193
1,8643,22.106815338134766,1.5866315364837646
1,8644,92.61109161376953,2.9203362464904785
1,8645,74.26789855957031,2.56939435005188
1,8646,93.33418273925781,2.3701069355010986
1,8647,48.74048614501953,2.30649733543396
1,8648,123.11649322509766,3.3631958961486816
1,8649,60.81287384033203,2.457551956176758
1,8650,105.77444458007812,2.8211374282836914
1,8651,35.09688186645508,2.191784381866455
1,8652,50.542442321777344,2.31790828704834
1,8653,23.67188835144043,1.5989385843276978
1,8654,29.855466842651367,1.7220566272735596
1,8655,22.787738800048828,1.7202634811401367
1,8656,26.76426887512207,1.9592890739440918
1,8657,86.30316925048828,2.3540921211242676
1,8658,31.705007553100586,1.6967321634292603
1,8659,50.8620719909668,2.242401599884033
1,8660,22.913068771362305,1.6657726764678955
1,8661,31.719797134399414,1.8499568700790405
1,8662,122.59362030029297,2.7200772762298584
1,8663,45.4502067565918,2.1665360927581787
1,8664,35.03472900390625,1.884110689163208
1,8665,88.39018249511719,2.881857395172119
1,8666,12.20630931854248,1.166006088256836
1,8667,134.30303955078125,3.4207191467285156
1,8668,70.73397064208984,2.764753818511963
1,8669,70.7076187133789,2.5112102031707764
1,8670,51.360965728759766,2.198862075805664
1,8671,93.38533782958984,2.7979586124420166
1,8672,95.13367462158203,2.937864303588867
1,8673,15.966353416442871,1.2726595401763916
1,8674,29.789569854736328,1.850790023803711
1,8675,158.003173828125,3.4940109252929688
1,8676,37.02834701538086,2.140742778778076
1,8677,55.147071838378906,2.1585607528686523
1,8678,72.0813217163086,2.534411668777466
1,8679,34.728633880615234,2.051762580871582
1,8680,25.051185607910156,1.7862977981567383
1,8681,20.08176040649414,1.5222246646881104
1,8682,15.16218376159668,1.6594984531402588
1,8683,19.72867202758789,1.4764257669448853
1,8684,59.86159133911133,2.259483575820923
1,8685,15.31436538696289,1.510695457458496
1,8686,111.02577209472656,2.98866605758667
1,8687,94.32981872558594,2.8007237911224365
1,8688,127.11256408691406,2.739896535873413
1,8689,54.8920783996582,2.220460891723633
1,8690,52.771697998046875,2.0979745388031006
1,8691,54.432865142822266,1.9608720541000366
1,8692,57.27034378051758,2.2860541343688965
1,8693,34.162322998046875,1.6585959196090698
1,8694,44.77728271484375,1.904236078262329
1,8695,196.99501037597656,3.48945689201355
1,8696,66.97842407226562,2.2436282634735107
1,8697,65.371337890625,2.1431784629821777
1,8698,98.58794403076172,2.838665008544922
1,8699,19.276844024658203,1.5649805068969727
1,8700,107.15819549560547,2.4278981685638428
1,8701,42.70170211791992,2.0677106380462646
1,8702,140.60223388671875,3.162604808807373
1,8703,77.9914779663086,2.4017677307128906
1,8704,67.63101196289062,2.692723512649536
1,8705,103.0849838256836,2.821824073791504
1,8706,23.902633666992188,1.5943453311920166
1,8707,93.33777618408203,2.9614346027374268
1,8708,66.85077667236328,2.257110834121704
1,8709,21.533954620361328,1.597122073173523
1,8710,34.38211441040039,1.877626657485962
1,8711,23.413806915283203,1.6894021034240723
1,8712,28.136985778808594,1.7270874977111816
1,8713,34.627723693847656,2.0071029663085938
1,8714,81.84998321533203,2.3537583351135254
1,8715,64.12353515625,2.6467580795288086
1,8716,48.63398361206055,2.3525943756103516
1,8717,129.81422424316406,3.2402396202087402
1,8718,87.44027709960938,2.777092933654785
1,8719,21.07080841064453,1.4663710594177246
1,8720,9.39039421081543,1.0006729364395142
1,8721,44.3612060546875,1.7621192932128906
1,8722,109.49552154541016,2.9401631355285645
1,8723,35.51782989501953,2.0088908672332764
1,8724,42.33176040649414,2.004633903503418
1,8725,61.926841735839844,2.329962730407715
1,8726,42.677188873291016,1.8873531818389893
1,8727,34.642940521240234,1.8432412147521973
1,8728,22.6401309967041,1.788862943649292
1,8729,16.541366577148438,1.530658483505249
1,8730,23.33266258239746,1.4087227582931519
1,8731,58.76373291015625,2.1920394897460938
1,8732,35.48432159423828,1.9510753154754639
1,8733,41.70368194580078,1.939955711364746
1,8734,16.516204833984375,1.6293869018554688
1,8735,91.30941772460938,3.0237197875976562
1,8736,34.33684539794922,1.9158433675765991
1,8737,22.32006072998047,1.5863773822784424
1,8738,25.313392639160156,1.600522518157959
1,8739,61.761932373046875,2.266510009765625
1,8740,32.43224334716797,2.1059060096740723
1,8741,54.224369049072266,2.358038902282715
1,8742,17.117570877075195,1.4289262294769287
1,8743,48.33553695678711,2.0009217262268066
1,8744,224.43359375,2.715819835662842
1,8745,49.507957458496094,2.337611198425293
1,8746,49.545196533203125,2.369450569152832
1,8747,20.248991012573242,1.4760206937789917
1,8748,191.22998046875,3.5245163440704346
1,8749,15.69180965423584,1.4019033908843994
1,8750,46.66035842895508,2.113839864730835
1,8751,14.76880168914795,1.2293139696121216
1,8752,28.451663970947266,1.7749929428100586
1,8753,45.209354400634766,2.2579898834228516
1,8754,100.24397277832031,3.32126522064209
1,8755,100.74054718017578,3.247657299041748
1,8756,70.68821716308594,2.4966928958892822
1,8757,39.303611755371094,2.2046854496002197
1,8758,41.95774459838867,1.9902435541152954
1,8759,57.03822708129883,2.351815700531006
1,8760,86.66206359863281,2.5674850940704346
1,8761,31.6173152923584,1.9637577533721924
1,8762,89.76972198486328,2.7088751792907715
1,8763,17.30035972595215,1.4232813119888306
1,8764,43.81455993652344,1.8253662586212158
1,8765,94.79045867919922,2.9844202995300293
1,8766,34.69735336303711,2.040006637573242
1,8767,96.15628051757812,2.7653679847717285
1,8768,43.96101379394531,2.0292696952819824
1,8769,35.33298873901367,1.960093379020691
1,8770,18.926565170288086,1.457637071609497
1,8771,67.51423645019531,2.4077205657958984
1,8772,58.49262237548828,2.1024091243743896
1,8773,67.64986419677734,2.3697855472564697
1,8774,30.197429656982422,1.7801977396011353
1,8775,77.89169311523438,2.3144304752349854
1,8776,29.936071395874023,1.9268819093704224
1,8777,70.01817321777344,2.4659206867218018
1,8778,105.55765533447266,3.0453996658325195
1,8779,41.25635528564453,2.070333242416382
1,8780,36.158329010009766,1.8948308229446411
1,8781,14.989036560058594,1.4677278995513916
1,8782,161.0494384765625,3.411806583404541
1,8783,87.71577453613281,2.7169270515441895
1,8784,55.14645767211914,2.2070655822753906
1,8785,144.19529724121094,3.0943832397460938
1,8786,48.690284729003906,1.9628676176071167
1,8787,13.679337501525879,1.4154820442199707
1,8788,30.87764549255371,2.0504095554351807
1,8789,43.84138870239258,2.029289960861206
1,8790,36.21101760864258,2.1860170364379883
1,8791,30.28961944580078,1.8948488235473633
1,8792,27.550262451171875,1.6672837734222412
1,8793,30.022571563720703,1.677152395248413
1,8794,56.864376068115234,2.1843791007995605
1,8795,22.06294059753418,1.7383673191070557
1,8796,89.7679443359375,2.8293228149414062
1,8797,36.463661193847656,2.289902687072754
1,8798,142.35421752929688,3.436807155609131
1,8799,74.16242980957031,2.277495861053467
1,8800,131.6125946044922,3.1623802185058594
1,8801,57.67255783081055,2.4513800144195557
1,8802,38.927242279052734,2.0730369091033936
1,8803,28.918922424316406,1.776747465133667
1,8804,25.71701431274414,1.641150712966919
1,8805,66.70824432373047,2.4156768321990967
1,8806,46.17181396484375,2.115551471710205
1,8807,112.15859985351562,2.6724109649658203
1,8808,52.02127456665039,2.372553586959839
1,8809,42.813140869140625,2.060906171798706
1,8810,45.752838134765625,2.326691150665283
1,8811,44.60710144042969,2.0957984924316406
1,8812,128.180419921875,3.0625391006469727
1,8813,32.632957458496094,1.7971898317337036
1,8814,63.414852142333984,2.698486328125
1,8815,69.65069580078125,2.8475732803344727
1,8816,74.38379669189453,2.754164934158325
1,8817,36.605308532714844,1.7645368576049805
1,8818,93.30780029296875,2.742262363433838
1,8819,62.630062103271484,2.3034768104553223
1,8820,47.24797439575195,1.7138605117797852
1,8821,42.05257797241211,2.13033127784729
1,8822,32.46494674682617,1.744002103805542
1,8823,79.57267761230469,2.4742281436920166
1,8824,20.602001190185547,1.5560380220413208
1,8825,96.81917572021484,2.9652490615844727
1,8826,46.46941375732422,2.4985432624816895
1,8827,70.90495300292969,2.7247252464294434
1,8828,158.13645935058594,3.334759473800659
1,8829,98.93025970458984,2.935331106185913
1,8830,67.11613464355469,2.368501901626587
1,8831,59.46470260620117,2.4720940589904785
1,8832,83.09674835205078,2.6647937297821045
1,8833,48.627723693847656,2.28141450881958
1,8834,59.95949935913086,2.541073799133301
1,8835,139.01097106933594,3.1554059982299805
1,8836,104.54449462890625,2.78005051612854
1,8837,16.67449951171875,1.643758773803711
1,8838,51.1860237121582,1.8881629705429077
1,8839,36.20893859863281,1.939917802810669
1,8840,57.395267486572266,2.443512439727783
1,8841,94.41344451904297,3.055354118347168
1,8842,41.62672424316406,1.8048990964889526
1,8843,83.03573608398438,2.9318556785583496
1,8844,40.736663818359375,1.9114079475402832
1,8845,45.718177795410156,2.2171735763549805
1,8846,60.35995101928711,2.257084369659424
1,8847,75.74594116210938,2.628612518310547
1,8848,123.20542907714844,2.7381131649017334
1,8849,48.374183654785156,2.2402968406677246
1,8850,39.23108673095703,2.0125460624694824
1,8851,39.88331985473633,2.253082036972046
1,8852,22.49862289428711,1.6286643743515015
1,8853,95.40482330322266,2.8008673191070557
1,8854,67.93551635742188,2.502840757369995
1,8855,42.70732498168945,2.2718665599823
1,8856,72.83812713623047,2.5623035430908203
1,8857,44.40559387207031,2.1268362998962402
1,8858,52.807518005371094,2.310828924179077
1,8859,81.33451080322266,2.6240859031677246
1,8860,50.40515899658203,2.189023017883301
1,8861,99.78041076660156,2.5780134201049805
1,8862,76.79989624023438,2.8379480838775635
1,8863,70.14824676513672,2.7382588386535645
1,8864,37.62821578979492,1.9378196001052856
1,8865,83.79573822021484,2.988030433654785
1,8866,39.9827880859375,1.8786201477050781
1,8867,70.88208770751953,2.5415866374969482
1,8868,100.60985565185547,3.0062949657440186
1,8869,50.03886795043945,2.325925827026367
1,8870,94.64057159423828,2.9588637351989746
1,8871,44.678672790527344,2.386714458465576
1,8872,86.7687759399414,2.6394150257110596
1,8873,32.55838394165039,1.989729404449463
1,8874,29.592464447021484,1.636000633239746
1,8875,123.77912139892578,3.1521055698394775
1,8876,29.101579666137695,1.6865214109420776
1,8877,58.293888092041016,2.1454761028289795
1,8878,143.72332763671875,3.146083354949951
1,8879,34.846736907958984,1.7509746551513672
1,8880,12.250310897827148,1.222771167755127
1,8881,90.33909606933594,2.7319440841674805
1,8882,69.18431091308594,2.565948486328125
1,8883,115.32140350341797,3.1178407669067383
1,8884,126.31318664550781,3.353649616241455
1,8885,62.27043914794922,2.2726361751556396
1,8886,47.96273422241211,2.3564562797546387
1,8887,27.17901039123535,1.569746732711792
1,8888,23.534263610839844,1.6790752410888672
1,8889,44.21272277832031,2.3007092475891113
1,8890,40.38460159301758,2.1113548278808594
1,8891,43.009361267089844,1.9484314918518066
1,8892,39.21719741821289,2.0541229248046875
1,8893,76.65582275390625,2.525613307952881
1,8894,33.461631774902344,2.0084807872772217
1,8895,36.03219985961914,1.8102803230285645
1,8896,104.7671127319336,3.0633726119995117
1,8897,65.4658203125,2.6083667278289795
1,8898,25.522621154785156,1.6969804763793945
1,8899,71.32081604003906,2.442253589630127
1,8900,46.08530044555664,2.1063036918640137
1,8901,60.6884880065918,2.201921224594116
1,8902,32.062347412109375,2.043698787689209
1,8903,110.12071990966797,3.3824291229248047
1,8904,18.59172821044922,1.5309890508651733
1,8905,50.50397491455078,2.0541930198669434
1,8906,24.571758270263672,1.6900572776794434
1,8907,44.037086486816406,2.0942230224609375
1,8908,75.29238891601562,2.2903308868408203
1,8909,67.38790130615234,2.3559935092926025
1,8910,14.100272178649902,1.350698709487915
1,8911,120.35877227783203,3.1406807899475098
1,8912,62.25447463989258,2.527987003326416
1,8913,67.81907653808594,2.453418731689453
1,8914,31.60527801513672,1.9518156051635742
1,8915,48.28844451904297,2.085256576538086
1,8916,69.37955474853516,2.5052528381347656
1,8917,42.08582305908203,2.235072612762451
1,8918,15.788466453552246,1.1970069408416748
1,8919,125.98275756835938,3.005897045135498
1,8920,84.60334777832031,2.495652437210083
1,8921,75.03081512451172,2.432765483856201
1,8922,49.4708137512207,2.170031785964966
1,8923,21.975011825561523,1.6470947265625
1,8924,48.378021240234375,2.065915822982788
1,8925,89.55249786376953,2.8453590869903564
1,8926,22.456974029541016,1.8553822040557861
1,8927,68.31842041015625,2.471674919128418
1,8928,80.94717407226562,2.929039716720581
1,8929,30.02941131591797,1.7917721271514893
1,8930,22.425495147705078,1.2537797689437866
1,8931,51.548301696777344,2.308537483215332
1,8932,121.72358703613281,3.1971874237060547
1,8933,63.33681869506836,2.426365375518799
1,8934,31.41364288330078,1.8018335103988647
1,8935,58.27486038208008,2.4958724975585938
1,8936,69.8603744506836,2.1024763584136963
1,8937,55.716365814208984,1.958584189414978
1,8938,13.66396713256836,1.4864490032196045
1,8939,52.6866569519043,2.2471046447753906
1,8940,142.06007385253906,3.280564546585083
1,8941,62.64335250854492,2.3090648651123047
1,8942,44.916568756103516,1.9753904342651367
1,8943,28.689849853515625,1.9423942565917969
1,8944,26.231998443603516,1.7083951234817505
1,8945,53.48446273803711,2.241600513458252
1,8946,30.29453468322754,1.664723515510559
1,8947,28.3691349029541,1.9808282852172852
1,8948,53.38474655151367,2.286339282989502
1,8949,50.003726959228516,2.086430311203003
1,8950,62.75346374511719,2.094839572906494
1,8951,37.932647705078125,1.9720447063446045
1,8952,20.79463005065918,1.6435368061065674
1,8953,65.58070373535156,2.0221362113952637
1,8954,55.5414924621582,2.0272486209869385
1,8955,112.32726287841797,3.185859203338623
1,8956,23.479106903076172,1.5229461193084717
1,8957,114.37427520751953,2.870479106903076
1,8958,37.743595123291016,1.884107232093811
1,8959,41.68711853027344,2.321077823638916
1,8960,45.844268798828125,2.1792309284210205
1,8961,65.39580535888672,2.8383328914642334
1,8962,67.44940948486328,2.4398255348205566
1,8963,30.772192001342773,2.0050251483917236
1,8964,77.12098693847656,2.6303253173828125
1,8965,49.6060676574707,2.1265182495117188
1,8966,88.19234466552734,2.824876308441162
1,8967,27.02070426940918,1.9458338022232056
1,8968,116.80958557128906,2.7651240825653076
1,8969,166.90737915039062,3.9058539867401123
1,8970,45.4659309387207,2.370192050933838
1,8971,90.82620239257812,2.6912853717803955
1,8972,101.08740234375,2.884770154953003
1,8973,46.57067108154297,2.2046244144439697
1,8974,42.07958221435547,1.9923229217529297
1,8975,97.08193969726562,3.084296226501465
1,8976,45.254798889160156,1.7809228897094727
1,8977,24.392587661743164,1.8327243328094482
1,8978,82.986572265625,2.6935362815856934
1,8979,95.05669403076172,2.7742128372192383
1,8980,110.8931655883789,2.8645248413085938
1,8981,20.441740036010742,1.3857818841934204
1,8982,26.244844436645508,1.8258997201919556
1,8983,41.47831726074219,2.032356023788452
1,8984,178.58547973632812,3.571331262588501
1,8985,79.05326843261719,2.4279050827026367
1,8986,13.55063247680664,1.4462430477142334
1,8987,68.15061950683594,2.405452251434326
1,8988,92.5423355102539,2.3763675689697266
1,8989,69.92597198486328,2.588139533996582
1,8990,72.80292510986328,2.3906898498535156
1,8991,62.86756896972656,2.4251022338867188
1,8992,32.23503112792969,1.8212991952896118
1,8993,47.679283142089844,2.092360496520996
1,8994,43.143409729003906,2.078514575958252
1,8995,46.708518981933594,1.9299590587615967
1,8996,190.88726806640625,3.705124855041504
1,8997,141.80010986328125,3.612278461456299
1,8998,23.47290802001953,1.5837479829788208
1,8999,50.27839660644531,1.9814274311065674
1,9000,55.03553771972656,2.4599523544311523
1,9001,163.29006958007812,3.4052019119262695
1,9002,23.084672927856445,1.5504231452941895
1,9003,85.49974822998047,2.4453330039978027
1,9004,37.8997802734375,1.9554166793823242
1,9005,77.31965637207031,2.3691773414611816
1,9006,75.7474365234375,2.592357873916626
1,9007,59.881568908691406,2.2073633670806885
1,9008,5.38620662689209,1.0254969596862793
1,9009,6.944463729858398,1.135384202003479
1,9010,87.31385040283203,2.5926766395568848
1,9011,18.816438674926758,1.501610517501831
1,9012,62.0013427734375,2.202394962310791
1,9013,79.20976257324219,2.4074301719665527
1,9014,21.82860565185547,1.7072627544403076
1,9015,55.169708251953125,2.107482671737671
1,9016,41.80891799926758,1.9081003665924072
1,9017,19.413623809814453,1.4591647386550903
1,9018,69.87789916992188,2.3764095306396484
1,9019,67.98670959472656,2.523869037628174
1,9020,26.39862060546875,1.8979487419128418
1,9021,85.67355346679688,2.613100528717041
1,9022,60.72438430786133,2.4644713401794434
1,9023,97.40672302246094,2.950143575668335
1,9024,36.39794921875,2.014648914337158
1,9025,34.83625030517578,1.8930387496948242
1,9026,45.734962463378906,2.01080322265625
1,9027,41.419837951660156,1.9781688451766968
1,9028,46.38835906982422,2.235917329788208
1,9029,27.761383056640625,1.5310487747192383
1,9030,109.35052490234375,2.980574607849121
1,9031,36.4201545715332,2.060089349746704
1,9032,37.901641845703125,1.8160173892974854
1,9033,163.1309051513672,3.7417566776275635
1,9034,97.84334564208984,2.8395614624023438
1,9035,44.96953582763672,2.289593458175659
1,9036,50.34082794189453,2.3630921840667725
1,9037,88.56541442871094,2.8693745136260986
1,9038,27.0941219329834,1.691133975982666
1,9039,50.218116760253906,2.210704803466797
1,9040,17.03316307067871,1.7248718738555908
1,9041,9.837247848510742,1.0456732511520386
1,9042,31.672496795654297,2.0427358150482178
1,9043,24.459150314331055,1.846428632736206
1,9044,17.963760375976562,1.5471689701080322
1,9045,57.56413269042969,2.2258453369140625
1,9046,69.50833129882812,2.546823024749756
1,9047,47.341854095458984,2.139800548553467
1,9048,42.814422607421875,1.9871125221252441
1,9049,128.35516357421875,3.306919574737549
1,9050,42.676666259765625,2.0821166038513184
1,9051,44.778682708740234,2.3848345279693604
1,9052,68.45357513427734,2.0688674449920654
1,9053,77.26577758789062,2.6499717235565186
1,9054,62.34793472290039,2.259718894958496
1,9055,81.4420394897461,2.648258924484253
1,9056,26.826997756958008,1.8228939771652222
1,9057,99.69180297851562,2.931234359741211
1,9058,118.53034973144531,3.0815608501434326
1,9059,23.693655014038086,1.7101664543151855
1,9060,22.282764434814453,1.6762583255767822
1,9061,47.87663269042969,2.122708797454834
1,9062,87.94023132324219,2.807285785675049
1,9063,46.69710922241211,1.8084176778793335
1,9064,26.005727767944336,1.8357245922088623
1,9065,122.3019790649414,3.0191433429718018
1,9066,81.85859680175781,2.619446277618408
1,9067,147.39942932128906,3.9444403648376465
1,9068,92.20752716064453,2.8235201835632324
1,9069,80.32047271728516,2.5407071113586426
1,9070,20.477848052978516,1.8029567003250122
1,9071,54.82456588745117,2.1733603477478027
1,9072,50.305870056152344,2.172572135925293
1,9073,6.8935699462890625,1.0049774646759033
1,9074,69.6925048828125,2.3772788047790527
1,9075,34.3193244934082,1.9286916255950928
1,9076,72.29545593261719,2.1498022079467773
1,9077,58.91813278198242,2.3412559032440186
1,9078,80.4572525024414,2.4193291664123535
1,9079,70.66264343261719,2.3147308826446533
1,9080,131.89564514160156,3.5087530612945557
1,9081,34.594688415527344,1.7573342323303223
1,9082,65.34624481201172,1.9301719665527344
1,9083,56.527549743652344,2.104397773742676
1,9084,61.46245574951172,2.3706679344177246
1,9085,57.58020782470703,2.191429615020752
1,9086,51.66511535644531,2.3442537784576416
1,9087,60.830039978027344,2.2283217906951904
1,9088,23.47378921508789,1.6524038314819336
1,9089,38.34139633178711,1.9427566528320312
1,9090,21.026771545410156,1.6423571109771729
1,9091,51.06431579589844,2.1822779178619385
1,9092,12.676568031311035,1.2677326202392578
1,9093,30.551883697509766,1.601230263710022
1,9094,18.804521560668945,1.4835296869277954
1,9095,22.6478271484375,1.8853503465652466
1,9096,88.15644073486328,3.000607490539551
1,9097,31.270671844482422,1.8125141859054565
1,9098,45.811397552490234,2.208383560180664
1,9099,55.77113342285156,2.619560718536377
1,9100,48.823177337646484,1.7805414199829102
1,9101,83.10820007324219,2.893129348754883
1,9102,60.885276794433594,2.423562526702881
1,9103,97.3094482421875,3.0929579734802246
1,9104,10.928003311157227,1.211787223815918
1,9105,11.516680717468262,1.2565630674362183
1,9106,7.7635698318481445,1.1512837409973145
1,9107,17.56133460998535,1.506027102470398
1,9108,159.47357177734375,3.665255069732666
1,9109,45.888206481933594,1.9125792980194092
1,9110,42.80727005004883,1.9408222436904907
1,9111,79.01260375976562,2.8453989028930664
1,9112,21.628002166748047,1.5681078433990479
1,9113,40.37282180786133,1.9489496946334839
1,9114,65.35784912109375,2.276252269744873
1,9115,26.521482467651367,1.7448898553848267
1,9116,74.8313980102539,2.193110227584839
1,9117,71.35409545898438,2.5684499740600586
1,9118,38.056663513183594,1.7868938446044922
1,9119,160.58734130859375,3.64178466796875
1,9120,124.6734390258789,3.4100446701049805
1,9121,34.79926300048828,1.8231475353240967
1,9122,118.16676330566406,3.0622029304504395
1,9123,95.70249938964844,2.7076873779296875
1,9124,13.285309791564941,1.312757134437561
1,9125,96.53089141845703,2.7608590126037598
1,9126,60.621456146240234,2.3016765117645264
1,9127,43.240089416503906,1.922804832458496
1,9128,42.01542282104492,2.235522747039795
1,9129,155.1576385498047,3.8030526638031006
1,9130,30.767986297607422,1.7462551593780518
1,9131,103.94525146484375,2.9767401218414307
1,9132,52.92402648925781,2.2784039974212646
1,9133,84.38009643554688,2.6350460052490234
1,9134,61.94403076171875,2.25864839553833
1,9135,63.6710205078125,2.3566198348999023
1,9136,33.4989013671875,1.7626543045043945
1,9137,22.618309020996094,1.681621789932251
1,9138,39.57865524291992,1.916413426399231
1,9139,70.34771728515625,2.2747137546539307
1,9140,19.821992874145508,1.4978861808776855
1,9141,58.06745910644531,2.2849371433258057
1,9142,52.57763671875,2.0139718055725098
1,9143,84.51689910888672,2.9443492889404297
1,9144,136.68002319335938,3.3046340942382812
1,9145,89.28365325927734,2.395749092102051
1,9146,22.75992774963379,1.611682653427124
1,9147,60.59699249267578,2.131453514099121
1,9148,23.404865264892578,1.6040561199188232
1,9149,96.6712875366211,2.7687509059906006
1,9150,138.2010498046875,2.9396138191223145
1,9151,98.71406555175781,2.6624622344970703
1,9152,100.32030487060547,2.875631093978882
1,9153,26.095500946044922,1.8818892240524292
1,9154,87.96490478515625,2.9986605644226074
1,9155,34.00239944458008,2.0893819332122803
1,9156,14.605963706970215,1.5025238990783691
1,9157,80.70980072021484,2.548474073410034
1,9158,18.849655151367188,1.7114336490631104
1,9159,46.03765869140625,1.9776480197906494
1,9160,37.8650016784668,2.039229154586792
1,9161,59.82487869262695,2.336879014968872
1,9162,58.387271881103516,2.1554343700408936
1,9163,30.04728889465332,1.9270697832107544
1,9164,40.63870620727539,2.2644832134246826
1,9165,86.350830078125,2.714616298675537
1,9166,14.21367073059082,1.4700673818588257
1,9167,53.68806838989258,2.4673080444335938
1,9168,19.61884117126465,1.5547399520874023
1,9169,64.1383056640625,2.411160707473755
1,9170,14.518733024597168,1.2045061588287354
1,9171,51.29833221435547,2.3036715984344482
1,9172,105.49542236328125,3.174346446990967
1,9173,118.99746704101562,2.9806785583496094
1,9174,38.574398040771484,2.10274600982666
1,9175,147.99888610839844,3.4979922771453857
1,9176,150.4677276611328,3.0621817111968994
1,9177,28.650299072265625,1.9308140277862549
1,9178,113.32313537597656,3.3471362590789795
1,9179,33.384849548339844,1.793569564819336
1,9180,74.23615264892578,2.8102734088897705
1,9181,66.66676330566406,2.3679723739624023
1,9182,47.519676208496094,1.9179543256759644
1,9183,34.671287536621094,2.0373356342315674
1,9184,126.07315063476562,3.2400684356689453
1,9185,29.572114944458008,1.7372894287109375
1,9186,39.256309509277344,2.1173152923583984
1,9187,23.30257225036621,1.6744365692138672
1,9188,28.64765167236328,1.695643663406372
1,9189,119.49150085449219,3.4833004474639893
1,9190,30.37908935546875,1.8314399719238281
1,9191,20.977018356323242,1.5971022844314575
1,9192,76.61712646484375,2.2007761001586914
1,9193,16.36408233642578,1.2762041091918945
1,9194,173.43545532226562,4.082198143005371
1,9195,63.46228790283203,2.5169217586517334
1,9196,120.9639892578125,2.893007278442383
1,9197,62.83173370361328,2.2169978618621826
1,9198,129.48867797851562,2.944035768508911
1,9199,37.90211868286133,1.8861098289489746
1,9200,99.26817321777344,2.170632839202881
1,9201,29.593231201171875,2.04752516746521
1,9202,30.4560604095459,1.7785093784332275
1,9203,103.51443481445312,2.9482648372650146
1,9204,58.31793975830078,2.2237586975097656
1,9205,48.043365478515625,2.3650412559509277
1,9206,63.76028823852539,2.4224259853363037
1,9207,53.24657440185547,2.0506463050842285
1,9208,35.26789093017578,1.7129361629486084
1,9209,26.226293563842773,1.5653343200683594
1,9210,20.054521560668945,1.4048404693603516
1,9211,93.94206237792969,2.4616730213165283
1,9212,157.50755310058594,3.886526107788086
1,9213,19.808015823364258,1.5096276998519897
1,9214,17.040660858154297,1.5652005672454834
1,9215,47.606056213378906,1.9688866138458252
1,9216,27.527992248535156,1.9447557926177979
1,9217,115.87879180908203,3.3971033096313477
1,9218,41.650211334228516,2.2688655853271484
1,9219,47.59914016723633,2.032402515411377
1,9220,36.12028503417969,1.8540387153625488
1,9221,26.65450668334961,2.095308303833008
1,9222,50.82795333862305,2.283233642578125
1,9223,82.38204956054688,2.5930166244506836
1,9224,48.09782409667969,2.6573147773742676
1,9225,28.73086929321289,1.7013587951660156
1,9226,21.115304946899414,1.4998564720153809
1,9227,35.1294059753418,1.5750324726104736
1,9228,43.73420715332031,1.9849860668182373
1,9229,31.4999942779541,1.5896477699279785
1,9230,39.95305633544922,1.5667994022369385
1,9231,70.73094940185547,2.2108516693115234
1,9232,59.32118225097656,2.4004931449890137
1,9233,67.39633178710938,2.2561721801757812
1,9234,85.17236328125,3.064645290374756
1,9235,44.04219055175781,2.374673843383789
1,9236,30.88582420349121,1.9354538917541504
1,9237,39.53266143798828,2.197890043258667
1,9238,47.70243835449219,1.9622911214828491
1,9239,48.45801544189453,2.0564346313476562
1,9240,79.89356994628906,2.204235553741455
1,9241,89.930908203125,2.556452512741089
1,9242,80.68711853027344,2.7002077102661133
1,9243,25.03955841064453,1.6462485790252686
1,9244,32.075828552246094,1.7806096076965332
1,9245,27.035280227661133,1.7927038669586182
1,9246,64.82720184326172,2.5228569507598877
1,9247,34.87643051147461,2.040315866470337
1,9248,152.08816528320312,3.888753890991211
1,9249,55.8671760559082,2.1999759674072266
1,9250,9.247119903564453,1.1705880165100098
1,9251,75.06526184082031,2.5509934425354004
1,9252,207.40414428710938,4.078901290893555
1,9253,33.251853942871094,1.7101325988769531
1,9254,69.25448608398438,2.489502429962158
1,9255,25.6339111328125,1.761164903640747
1,9256,69.20867156982422,2.4684157371520996
1,9257,28.63460922241211,1.4810364246368408
1,9258,13.806321144104004,1.3773579597473145
1,9259,15.297409057617188,1.4358165264129639
1,9260,33.759552001953125,2.044003486633301
1,9261,61.7027587890625,2.6036195755004883
1,9262,42.325439453125,1.7874733209609985
1,9263,24.15868377685547,1.8162850141525269
1,9264,87.28546905517578,2.600782871246338
1,9265,54.02935791015625,2.4825379848480225
1,9266,44.97991180419922,2.144063949584961
1,9267,157.2721405029297,3.4953763484954834
1,9268,73.88990783691406,2.6974658966064453
1,9269,111.05191802978516,2.8036820888519287
1,9270,25.15056037902832,1.8693513870239258
1,9271,8.687848091125488,1.2289743423461914
1,9272,117.26569366455078,3.0703091621398926
1,9273,79.90933227539062,2.4299230575561523
1,9274,44.85366439819336,2.1783337593078613
1,9275,41.473228454589844,1.9766035079956055
1,9276,50.96887969970703,2.275808811187744
1,9277,30.726837158203125,1.9818722009658813
1,9278,13.5719575881958,1.4499986171722412
1,9279,85.2624282836914,2.806333541870117
1,9280,102.4568862915039,2.6164863109588623
1,9281,101.80686950683594,2.654524326324463
1,9282,73.69927978515625,2.4969701766967773
1,9283,50.574378967285156,2.3019297122955322
1,9284,69.33979797363281,2.6134791374206543
1,9285,45.624881744384766,2.378410816192627
1,9286,18.345491409301758,1.6014177799224854
1,9287,32.954132080078125,2.012364625930786
1,9288,12.823901176452637,1.3270366191864014
1,9289,54.55671310424805,2.1935510635375977
1,9290,66.12235260009766,2.7539620399475098
1,9291,25.181169509887695,1.7941679954528809
1,9292,24.882949829101562,1.6041234731674194
1,9293,23.91644287109375,1.5782393217086792
1,9294,43.66841125488281,2.1664741039276123
1,9295,87.83720397949219,2.712489128112793
1,9296,34.954322814941406,1.9779729843139648
1,9297,13.585845947265625,1.5134752988815308
1,9298,55.658714294433594,2.02203369140625
1,9299,9.734761238098145,1.3331642150878906
1,9300,47.339359283447266,2.2034997940063477
1,9301,135.6168212890625,2.726754903793335
1,9302,55.252750396728516,2.350039482116699
1,9303,38.800289154052734,2.077792167663574
1,9304,105.28961944580078,2.648517608642578
1,9305,111.57526397705078,3.287576198577881
1,9306,51.648319244384766,2.1360278129577637
1,9307,54.94690704345703,2.469733715057373
1,9308,20.822343826293945,1.3841580152511597
1,9309,52.98561096191406,2.261413097381592
1,9310,39.37868118286133,2.192577600479126
1,9311,51.10758590698242,1.7599257230758667
1,9312,59.39417266845703,2.6798877716064453
1,9313,46.04086685180664,1.8554283380508423
1,9314,60.13044738769531,2.5027549266815186
1,9315,47.067386627197266,2.0897557735443115
1,9316,61.565738677978516,2.366014242172241
1,9317,24.54436683654785,1.8944625854492188
1,9318,45.8646125793457,1.9419572353363037
1,9319,93.11742401123047,2.7684435844421387
1,9320,25.338300704956055,1.4714851379394531
1,9321,34.859073638916016,1.9588632583618164
1,9322,72.42340850830078,2.584449052810669
1,9323,72.67567443847656,2.3471689224243164
1,9324,31.960113525390625,1.8694013357162476
1,9325,21.688282012939453,1.651604413986206
1,9326,72.78617095947266,2.27413272857666
1,9327,92.47610473632812,2.5920777320861816
1,9328,123.94245147705078,3.447355270385742
1,9329,43.5404052734375,1.9974815845489502
1,9330,54.9032096862793,2.5301666259765625
1,9331,28.34900665283203,1.829546570777893
1,9332,24.561983108520508,1.7657265663146973
1,9333,61.299232482910156,2.5420632362365723
1,9334,17.638896942138672,1.7509880065917969
1,9335,44.4755859375,1.9063661098480225
1,9336,19.974590301513672,1.4120781421661377
1,9337,72.03006744384766,2.463428020477295
1,9338,37.45500183105469,1.6385362148284912
1,9339,84.094482421875,2.560974597930908
1,9340,18.526172637939453,1.3490287065505981
1,9341,62.27906799316406,2.30342435836792
1,9342,73.64667510986328,2.6582818031311035
1,9343,105.93267059326172,2.8132176399230957
1,9344,67.3155746459961,2.3287744522094727
1,9345,30.27505111694336,1.5204099416732788
1,9346,21.147846221923828,1.3978936672210693
1,9347,18.17746353149414,1.3633956909179688
1,9348,32.6367073059082,1.6412677764892578
1,9349,69.452392578125,2.3382325172424316
1,9350,17.68861198425293,1.4667502641677856
1,9351,100.33619689941406,2.48051118850708
1,9352,78.37621307373047,2.4289119243621826
1,9353,25.2110595703125,1.9183835983276367
1,9354,64.506103515625,2.2753138542175293
1,9355,84.93992614746094,2.50691294670105
1,9356,53.84648132324219,2.3336565494537354
1,9357,81.96744537353516,3.02424955368042
1,9358,92.73314666748047,2.630321979522705
1,9359,16.386743545532227,1.7473704814910889
1,9360,39.390586853027344,1.7558232545852661
1,9361,81.3083267211914,2.2222750186920166
1,9362,45.28815460205078,2.007767915725708
1,9363,89.70420837402344,2.8890480995178223
1,9364,93.74871826171875,2.7969977855682373
1,9365,12.00845718383789,1.3462343215942383
1,9366,17.79673194885254,1.3816441297531128
1,9367,72.14509582519531,2.2470109462738037
1,9368,34.91006851196289,2.0675907135009766
1,9369,134.03826904296875,3.741014003753662
1,9370,56.71540451049805,1.987921953201294
1,9371,59.852882385253906,2.199191093444824
1,9372,36.18118667602539,2.136166572570801
1,9373,73.45137786865234,2.321396827697754
1,9374,142.27308654785156,3.335270643234253
1,9375,58.326045989990234,2.2245407104492188
1,9376,49.24268341064453,1.8871101140975952
1,9377,13.303380966186523,1.2994252443313599
1,9378,28.288915634155273,1.9485008716583252
1,9379,40.69504928588867,2.1518349647521973
1,9380,49.84065246582031,2.3796939849853516
1,9381,90.5245132446289,2.747187376022339
1,9382,166.05364990234375,2.3434388637542725
1,9383,38.69145202636719,1.814060091972351
1,9384,58.57476043701172,2.62196946144104
1,9385,35.068180084228516,2.055960178375244
1,9386,112.84538269042969,3.3701722621917725
1,9387,40.46503448486328,2.173299551010132
1,9388,34.87821578979492,2.0802533626556396
1,9389,79.31068420410156,2.7043635845184326
1,9390,92.68231964111328,2.8212108612060547
1,9391,35.3150634765625,1.8436375856399536
1,9392,111.85293579101562,2.643282175064087
1,9393,86.2435302734375,2.7986860275268555
1,9394,36.06133270263672,1.9291470050811768
1,9395,33.124916076660156,1.5848584175109863
1,9396,41.51565170288086,2.2445058822631836
1,9397,32.641700744628906,2.0791680812835693
1,9398,39.25627899169922,1.8521184921264648
1,9399,38.839698791503906,2.102280616760254
1,9400,37.872798919677734,2.17478084564209
1,9401,64.01178741455078,2.5815269947052
1,9402,22.791316986083984,1.8142304420471191
1,9403,56.826011657714844,2.496295928955078
1,9404,57.23469543457031,2.654559373855591
1,9405,38.026214599609375,1.9953848123550415
1,9406,36.94676971435547,1.9286575317382812
1,9407,86.22482299804688,2.9198672771453857
1,9408,75.76345825195312,2.999171018600464
1,9409,100.91249084472656,2.816331624984741
1,9410,100.54493713378906,3.052220106124878
1,9411,47.81447982788086,2.3188657760620117
1,9412,51.1908073425293,2.2290377616882324
1,9413,77.51097106933594,2.5356626510620117
1,9414,79.9864501953125,2.78159761428833
1,9415,33.399810791015625,2.0528643131256104
1,9416,53.88667678833008,2.123783826828003
1,9417,8.473943710327148,1.1300747394561768
1,9418,24.068788528442383,1.8006657361984253
1,9419,29.140487670898438,1.8548814058303833
1,9420,15.126173973083496,1.3314166069030762
1,9421,75.1446533203125,2.899627685546875
1,9422,59.94696044921875,2.454420566558838
1,9423,50.20063781738281,2.471689462661743
1,9424,81.99959564208984,2.6567599773406982
1,9425,42.96421432495117,2.1656525135040283
1,9426,37.98383331298828,2.1231884956359863
1,9427,14.52198600769043,1.373510718345642
1,9428,66.46813201904297,2.421832799911499
1,9429,35.27429962158203,1.8940987586975098
1,9430,66.60421752929688,2.0632243156433105
1,9431,15.86844253540039,1.4968757629394531
1,9432,39.06035232543945,2.1336896419525146
1,9433,66.53540802001953,2.5223774909973145
1,9434,74.248046875,2.6261208057403564
1,9435,34.178253173828125,1.8736250400543213
1,9436,27.498676300048828,1.590228796005249
1,9437,60.967864990234375,2.121833562850952
1,9438,73.76720428466797,2.562602996826172
1,9439,75.69982147216797,2.4422590732574463
1,9440,134.17733764648438,3.1387040615081787
1,9441,96.07233428955078,2.986480951309204
1,9442,20.297887802124023,1.697204828262329
1,9443,31.914649963378906,2.0701498985290527
1,9444,22.247472763061523,1.5251307487487793
1,9445,13.367319107055664,1.4611034393310547
1,9446,61.33888626098633,1.9861551523208618
1,9447,22.192914962768555,1.4152004718780518
1,9448,23.675870895385742,1.8068373203277588
1,9449,23.676286697387695,1.769578456878662
1,9450,40.47601318359375,2.1338348388671875
1,9451,111.64039611816406,3.3496172428131104
1,9452,49.83735656738281,2.412191867828369
1,9453,52.148040771484375,2.2162089347839355
1,9454,30.88809585571289,1.5403025150299072
1,9455,22.599082946777344,1.4994173049926758
1,9456,27.04673194885254,1.7105231285095215
1,9457,49.64912414550781,1.730722188949585
1,9458,26.989465713500977,1.8252816200256348
1,9459,87.43659973144531,2.7169177532196045
1,9460,95.08064270019531,2.9905712604522705
1,9461,26.376964569091797,1.6407802104949951
1,9462,32.97837829589844,2.0836002826690674
1,9463,34.05755615234375,1.8543025255203247
1,9464,29.855894088745117,1.700727105140686
1,9465,68.86085510253906,2.306086540222168
1,9466,27.543386459350586,1.6583786010742188
1,9467,60.54446029663086,2.220571756362915
1,9468,108.24165344238281,2.8928842544555664
1,9469,87.38102722167969,2.53814959526062
1,9470,27.69723129272461,1.8018990755081177
1,9471,24.65227508544922,1.7511110305786133
1,9472,134.62905883789062,3.678704261779785
1,9473,12.632554054260254,1.343461513519287
1,9474,46.00679016113281,1.9493470191955566
1,9475,37.91764450073242,2.2100231647491455
1,9476,62.38671112060547,2.457825183868408
1,9477,30.354736328125,1.8201347589492798
1,9478,83.651123046875,2.400646448135376
1,9479,78.03742980957031,2.6833109855651855
1,9480,16.30841827392578,1.5296826362609863
1,9481,236.64906311035156,3.991260528564453
2,0,11.358603477478027,1.2621262073516846
2,1,50.40418243408203,2.295212745666504
2,2,111.0041275024414,3.173595666885376
2,3,38.47187042236328,1.8048564195632935
2,4,27.593036651611328,1.7680435180664062
2,5,34.67608642578125,2.2348861694335938
2,6,31.466053009033203,1.971590518951416
2,7,28.890737533569336,1.7085580825805664
2,8,17.486631393432617,1.5251951217651367
2,9,133.46685791015625,3.436901807785034
2,10,21.094995498657227,1.5441172122955322
2,11,71.41851806640625,2.9001219272613525
2,12,51.583961486816406,2.729752540588379
2,13,11.316202163696289,1.3040778636932373
2,14,43.5531120300293,1.5741348266601562
2,15,73.92862701416016,2.6661500930786133
2,16,15.677550315856934,1.7146716117858887
2,17,94.07688903808594,2.9375743865966797
2,18,124.52369689941406,2.985234022140503
2,19,99.37797546386719,2.9024715423583984
2,20,63.99332809448242,2.686546802520752
2,21,35.304603576660156,2.0050246715545654
2,22,50.36647033691406,2.261068820953369
2,23,39.07630920410156,2.2482523918151855
2,24,83.00920867919922,2.788602828979492
2,25,75.40447998046875,2.7404298782348633
2,26,131.05288696289062,3.3093037605285645
2,27,28.51869773864746,1.8232581615447998
2,28,29.1866397857666,1.7409286499023438
2,29,23.451745986938477,1.7479424476623535
2,30,44.95912170410156,2.133389472961426
2,31,37.90937805175781,2.1189846992492676
2,32,86.16081237792969,2.6753058433532715
2,33,92.5908432006836,2.9973554611206055
2,34,40.82987976074219,2.1648361682891846
2,35,14.499981880187988,1.3990488052368164
2,36,27.44944953918457,1.7176612615585327
2,37,38.0635871887207,2.1374807357788086
2,38,36.502777099609375,1.9693553447723389
2,39,63.09192657470703,2.12029767036438
2,40,70.13462829589844,2.584810972213745
2,41,32.50813293457031,1.763085126876831
2,42,23.43193817138672,1.8391680717468262
2,43,23.647632598876953,1.7645235061645508
2,44,15.707462310791016,1.2632906436920166
2,45,44.60579299926758,1.8166701793670654
2,46,9.53447151184082,1.1226897239685059
2,47,18.134763717651367,1.7820205688476562
2,48,124.45271301269531,3.0953691005706787
2,49,84.69053649902344,2.577195644378662
2,50,55.84264373779297,1.9027698040008545
2,51,11.676055908203125,1.335564136505127
2,52,52.77446365356445,2.028599262237549
2,53,74.26431274414062,2.5174221992492676
2,54,36.88016891479492,2.035634756088257
2,55,31.07171630859375,1.8009436130523682
2,56,82.9342269897461,2.711110830307007
2,57,170.32884216308594,3.8203306198120117
2,58,84.02685546875,2.4306302070617676
2,59,55.046607971191406,2.3492698669433594
2,60,46.00624084472656,2.1178836822509766
2,61,16.071704864501953,1.4381128549575806
2,62,79.53057861328125,2.836501359939575
2,63,87.1742935180664,2.483659029006958
2,64,23.481325149536133,1.7979260683059692
2,65,58.413917541503906,2.270094394683838
2,66,38.07343292236328,2.07939076423645
2,67,58.38094711303711,2.359626054763794
2,68,46.6925163269043,2.132680892944336
2,69,44.185462951660156,2.015080451965332
2,70,71.45769500732422,2.4374313354492188
2,71,25.576810836791992,1.374528169631958
2,72,22.63760757446289,1.4284842014312744
2,73,39.571571350097656,2.2112584114074707
2,74,19.920948028564453,1.5074135065078735
2,75,44.08192825317383,2.2540760040283203
2,76,45.819061279296875,2.3040096759796143
2,77,93.03543853759766,2.5311338901519775
2,78,89.08497619628906,2.5906970500946045
2,79,59.59426498413086,2.1970021724700928
2,80,33.46385955810547,1.980031967163086
2,81,79.76448822021484,2.64884614944458
2,82,58.219425201416016,2.365278959274292
2,83,66.65078735351562,2.495847225189209
2,84,28.03533363342285,1.743431806564331
2,85,42.87681198120117,2.093597888946533
2,86,52.323524475097656,2.3844096660614014
2,87,20.361330032348633,1.4212881326675415
2,88,39.086246490478516,2.0671629905700684
2,89,36.67192077636719,1.8852972984313965
2,90,17.876014709472656,1.4315108060836792
2,91,77.30223083496094,2.6536998748779297
2,92,103.61780548095703,2.8365001678466797
2,93,49.22380065917969,1.7651807069778442
2,94,52.595088958740234,2.21584415435791
2,95,45.58710479736328,2.2778217792510986
2,96,104.0226821899414,3.17584228515625
2,97,66.20455932617188,2.631030559539795
2,98,43.762413024902344,2.4481070041656494
2,99,49.228065490722656,2.2749369144439697
2,100,50.61766052246094,2.28116512298584
2,101,60.85167694091797,2.554086685180664
2,102,25.769323348999023,1.5223894119262695
2,103,76.02752685546875,2.464379072189331
2,104,11.077573776245117,1.2719675302505493
2,105,74.54785919189453,2.3439130783081055
2,106,32.45662307739258,1.9880976676940918
2,107,107.55288696289062,2.7136340141296387
2,108,85.63329315185547,2.5696444511413574
2,109,63.07387924194336,2.5030205249786377
2,110,54.602783203125,2.1565403938293457
2,111,27.334205627441406,1.9639687538146973
2,112,44.79561996459961,1.6032769680023193
2,113,60.04383850097656,2.521024703979492
2,114,54.85325241088867,2.5543336868286133
2,115,54.39409255981445,2.1627602577209473
2,116,21.153865814208984,1.5167707204818726
2,117,174.2605743408203,3.596360683441162
2,118,33.02144241333008,1.6290971040725708
2,119,85.98857879638672,2.596179723739624
2,120,33.617305755615234,1.8841218948364258
2,121,82.10613250732422,2.8975625038146973
2,122,75.29875183105469,2.6313154697418213
2,123,46.95820999145508,1.8028095960617065
2,124,11.078261375427246,1.3322780132293701
2,125,45.128238677978516,2.1549878120422363
2,126,17.66144561767578,1.6360266208648682
2,127,14.782535552978516,1.4423410892486572
2,128,32.10293960571289,2.1461567878723145
2,129,39.407554626464844,1.9086071252822876
2,130,28.731956481933594,1.690115213394165
2,131,61.57136917114258,2.2419638633728027
2,132,40.246009826660156,1.830652117729187
2,133,30.34048843383789,1.9813718795776367
2,134,8.02216911315918,1.1683316230773926
2,135,82.06057739257812,2.204495429992676
2,136,58.45469284057617,2.34690523147583
2,137,35.02077865600586,1.6344846487045288
2,138,110.21355438232422,3.054574966430664
2,139,84.94173431396484,2.6390514373779297
2,140,10.819618225097656,1.1534953117370605
2,141,56.6458854675293,2.5402283668518066
2,142,37.27800369262695,1.9370959997177124
2,143,17.358850479125977,1.4309898614883423
2,144,15.64188003540039,1.4874852895736694
2,145,33.73380661010742,1.7482454776763916
2,146,47.911556243896484,2.300661563873291
2,147,20.625905990600586,1.5020729303359985
2,148,133.6045379638672,3.4150290489196777
2,149,75.11666870117188,2.778571128845215
2,150,43.76643371582031,1.9518373012542725
2,151,72.81880187988281,2.755342960357666
2,152,29.187458038330078,1.7059459686279297
2,153,66.70785522460938,2.523848056793213
2,154,26.3759765625,1.5574957132339478
2,155,85.0338134765625,2.803068161010742
2,156,42.339569091796875,1.9647536277770996
2,157,60.6601676940918,2.427469253540039
2,158,82.69669342041016,2.8376338481903076
2,159,10.760185241699219,1.2306787967681885
2,160,136.53228759765625,3.5330252647399902
2,161,57.76502227783203,2.096902847290039
2,162,48.13929748535156,2.243396282196045
2,163,65.11447143554688,2.5327389240264893
2,164,72.31378173828125,2.7616419792175293
2,165,162.3073272705078,3.8835201263427734
2,166,82.31348419189453,2.7976465225219727
2,167,97.7003173828125,2.595597743988037
2,168,45.594120025634766,1.8514440059661865
2,169,25.10254669189453,1.6728515625
2,170,32.89137268066406,1.740065097808838
2,171,56.22698211669922,2.2843685150146484
2,172,33.7756462097168,1.8669662475585938
2,173,28.966171264648438,1.485923171043396
2,174,83.48319244384766,2.599120616912842
2,175,16.87397575378418,1.3408267498016357
2,176,48.889434814453125,1.8186333179473877
2,177,29.18519401550293,1.575193166732788
2,178,49.58033752441406,2.3928475379943848
2,179,75.75209045410156,2.760406732559204
2,180,37.0672607421875,2.086419105529785
2,181,23.82257843017578,1.7421503067016602
2,182,89.32899475097656,2.8900372982025146
2,183,22.444210052490234,1.774704933166504
2,184,63.578582763671875,1.9371616840362549
2,185,38.160064697265625,2.0401101112365723
2,186,54.70709991455078,2.70918607711792
2,187,37.38675308227539,2.1408915519714355
2,188,59.409385681152344,2.5351195335388184
2,189,101.7874755859375,2.782609701156616
2,190,181.360107421875,3.4778130054473877
2,191,65.80753326416016,2.441099166870117
2,192,45.03203582763672,2.23378849029541
2,193,130.75424194335938,3.4169135093688965
2,194,114.58641815185547,3.481034278869629
2,195,71.446533203125,2.670088052749634
2,196,69.05481719970703,2.5463149547576904
2,197,87.03680419921875,2.737799644470215
2,198,86.6748046875,2.7479031085968018
2,199,45.81557083129883,1.957054615020752
2,200,47.105079650878906,2.218803882598877
2,201,70.07575225830078,2.517930269241333
2,202,56.911376953125,2.135909080505371
2,203,51.87582778930664,2.3501336574554443
2,204,70.55547332763672,2.3841071128845215
2,205,88.95609283447266,2.9617319107055664
2,206,55.09148406982422,2.12339448928833
2,207,43.23493957519531,2.1760077476501465
2,208,59.024227142333984,2.304378032684326
2,209,38.19233703613281,1.706432580947876
2,210,126.89816284179688,3.108361005783081
2,211,65.8268814086914,2.173870801925659
2,212,75.86872863769531,2.519157886505127
2,213,43.49289321899414,2.2139499187469482
2,214,36.76882553100586,1.9635355472564697
2,215,53.11512756347656,2.543450117111206
2,216,137.0321807861328,3.2756764888763428
2,217,38.01918029785156,2.1688425540924072
2,218,65.09668731689453,2.3484950065612793
2,219,31.789588928222656,1.8415255546569824
2,220,92.87095642089844,3.067840576171875
2,221,55.58209991455078,2.4350674152374268
2,222,123.8527603149414,3.1737871170043945
2,223,43.64786911010742,2.2401623725891113
2,224,90.35008239746094,2.8415184020996094
2,225,53.53520965576172,2.4536919593811035
2,226,168.83807373046875,3.590527057647705
2,227,81.68123626708984,2.6526713371276855
2,228,33.893402099609375,2.0025601387023926
2,229,27.005569458007812,1.845729112625122
2,230,54.184417724609375,2.262357473373413
2,231,31.898887634277344,2.0763492584228516
2,232,51.74721908569336,1.9961779117584229
2,233,54.755577087402344,2.122863531112671
2,234,21.370830535888672,1.6361215114593506
2,235,18.490142822265625,1.527637243270874
2,236,73.11770629882812,2.79207444190979
2,237,39.845123291015625,1.9952092170715332
2,238,36.867862701416016,2.1312808990478516
2,239,21.53266716003418,1.5213053226470947
2,240,71.4526596069336,2.511204481124878
2,241,163.6981201171875,3.6770620346069336
2,242,99.36274719238281,3.296963691711426
2,243,68.44561767578125,2.319706678390503
2,244,17.001728057861328,1.5676963329315186
2,245,18.100160598754883,1.411776065826416
2,246,39.415889739990234,1.8192822933197021
2,247,89.13154602050781,2.6742959022521973
2,248,30.2158203125,1.8949968814849854
2,249,22.988447189331055,1.469091534614563
2,250,30.780624389648438,1.8825492858886719
2,251,56.88274383544922,2.3000149726867676
2,252,51.040008544921875,2.277345657348633
2,253,35.0570068359375,1.9692758321762085
2,254,56.474937438964844,2.3957467079162598
2,255,82.48375701904297,2.92105770111084
2,256,62.089664459228516,2.2741947174072266
2,257,52.720855712890625,2.396921396255493
2,258,13.05192756652832,1.1667007207870483
2,259,49.17023468017578,2.299619197845459
2,260,58.680789947509766,2.5600366592407227
2,261,22.328083038330078,1.5764496326446533
2,262,17.443008422851562,1.5829617977142334
2,263,46.40559768676758,2.2454135417938232
2,264,102.95767974853516,3.0556087493896484
2,265,36.136314392089844,1.8511070013046265
2,266,41.37187194824219,2.0809078216552734
2,267,31.53948402404785,2.0872507095336914
2,268,11.663049697875977,1.115126132965088
2,269,21.62044906616211,1.6138091087341309
2,270,92.885986328125,2.918034315109253
2,271,29.170806884765625,1.5954563617706299
2,272,24.61673355102539,1.8519608974456787
2,273,155.01318359375,3.006065845489502
2,274,95.48788452148438,2.6718640327453613
2,275,23.291301727294922,1.5907995700836182
2,276,19.1351318359375,1.590455412864685
2,277,21.1822509765625,1.528191328048706
2,278,25.993457794189453,1.8647353649139404
2,279,3.3675997257232666,0.9229964017868042
2,280,19.684972763061523,1.6483432054519653
2,281,41.61225509643555,2.2757568359375
2,282,59.67796325683594,2.1781914234161377
2,283,50.609458923339844,2.248616933822632
2,284,45.17557144165039,2.0314314365386963
2,285,33.74354553222656,1.9676830768585205
2,286,43.29753875732422,1.8947365283966064
2,287,34.170589447021484,1.7722845077514648
2,288,78.43098449707031,2.2931747436523438
2,289,36.16730499267578,1.8040224313735962
2,290,89.7872314453125,2.8236074447631836
2,291,114.03861999511719,2.86556339263916
2,292,55.40218734741211,2.3421897888183594
2,293,53.810150146484375,2.2088754177093506
2,294,67.09039306640625,2.3721201419830322
2,295,51.12820053100586,2.2383856773376465
2,296,18.929424285888672,1.450275182723999
2,297,58.051631927490234,2.1914219856262207
2,298,28.535953521728516,1.667389988899231
2,299,60.2803955078125,2.120760679244995
2,300,32.93083953857422,1.7436332702636719
2,301,24.767440795898438,1.7975484132766724
2,302,55.84536361694336,1.8741060495376587
2,303,19.48932647705078,1.3175230026245117
2,304,59.04703903198242,2.309859275817871
2,305,31.475078582763672,1.971246361732483
2,306,53.908111572265625,2.0784711837768555
2,307,30.694610595703125,2.046264171600342
2,308,93.28010559082031,2.7297844886779785
2,309,18.553325653076172,1.4984402656555176
2,310,15.407739639282227,1.478325366973877
2,311,98.7253646850586,2.702589273452759
2,312,73.32009887695312,2.633744239807129
2,313,47.1150016784668,2.2517385482788086
2,314,63.56232452392578,2.433662176132202
2,315,15.552840232849121,1.5615378618240356
2,316,37.36512756347656,1.9423068761825562
2,317,93.45661926269531,2.6159658432006836
2,318,10.381834030151367,1.346742868423462
2,319,77.98096466064453,2.1373934745788574
2,320,129.15467834472656,3.0561411380767822
2,321,39.291961669921875,1.9003880023956299
2,322,73.21192932128906,2.343238353729248
2,323,79.37191772460938,2.7076401710510254
2,324,63.081787109375,2.6553990840911865
2,325,70.40306091308594,2.233034610748291
2,326,56.316444396972656,2.4314823150634766
2,327,13.945865631103516,1.2883023023605347
2,328,23.586700439453125,1.3747336864471436
2,329,66.39928436279297,2.081843137741089
2,330,33.382179260253906,1.9882030487060547
2,331,61.3976936340332,2.4221808910369873
2,332,39.02948760986328,2.0953290462493896
2,333,24.658546447753906,1.709077000617981
2,334,63.96813201904297,2.6753673553466797
2,335,32.34246826171875,1.9279050827026367
2,336,73.67316436767578,2.6803817749023438
2,337,35.648040771484375,1.9605422019958496
2,338,94.74822235107422,3.2092669010162354
2,339,102.23699951171875,2.6666452884674072
2,340,64.20133209228516,2.6816048622131348
2,341,67.16454315185547,2.16947078704834
2,342,45.02907943725586,2.1432266235351562
2,343,13.395977020263672,1.185478687286377
2,344,20.523082733154297,1.5924954414367676
2,345,18.022010803222656,1.2007313966751099
2,346,66.14012145996094,2.509876251220703
2,347,54.43048858642578,2.16679048538208
2,348,70.2762451171875,2.399606227874756
2,349,41.53871536254883,1.9077062606811523
2,350,59.44032287597656,2.179365873336792
2,351,19.203100204467773,1.469282865524292
2,352,118.4985580444336,3.2642812728881836
2,353,47.799415588378906,2.4384493827819824
2,354,126.40972900390625,3.1018598079681396
2,355,35.309566497802734,1.6505348682403564
2,356,56.101112365722656,2.232644557952881
2,357,32.835411071777344,1.9259992837905884
2,358,33.66539764404297,1.9708669185638428
2,359,22.056379318237305,1.7014199495315552
2,360,69.94441986083984,2.517540454864502
2,361,46.32370376586914,2.381915330886841
2,362,21.989337921142578,1.744802713394165
2,363,90.96037292480469,3.0903589725494385
2,364,32.500614166259766,1.9481418132781982
2,365,66.43376922607422,2.3394179344177246
2,366,86.3718032836914,2.762777328491211
2,367,89.59494018554688,2.802769184112549
2,368,99.50299072265625,2.880134344100952
2,369,122.0206527709961,2.7495017051696777
2,370,49.36407470703125,2.4682891368865967
2,371,67.85250091552734,2.430497646331787
2,372,64.83770751953125,2.3274853229522705
2,373,65.20755767822266,2.4691195487976074
2,374,90.71910095214844,2.6828246116638184
2,375,150.52488708496094,3.1102592945098877
2,376,24.787412643432617,1.7384083271026611
2,377,46.585453033447266,2.012608766555786
2,378,53.42399978637695,2.3077096939086914
2,379,77.44767761230469,2.573058843612671
2,380,79.35269927978516,2.605738878250122
2,381,36.29022216796875,1.8250808715820312
2,382,25.72749137878418,1.5682405233383179
2,383,62.08515167236328,1.9457948207855225
2,384,105.64433288574219,3.2499237060546875
2,385,23.36004638671875,1.6319462060928345
2,386,47.0551643371582,1.9019464254379272
2,387,63.22900390625,2.380417585372925
2,388,9.80234146118164,1.2875022888183594
2,389,41.16316604614258,2.1796491146087646
2,390,126.96675109863281,3.0751163959503174
2,391,33.61170196533203,1.8794434070587158
2,392,48.206111907958984,1.815325140953064
2,393,48.34584045410156,1.9972891807556152
2,394,70.9867172241211,2.666470527648926
2,395,36.97163772583008,2.0959770679473877
2,396,20.214445114135742,1.3503589630126953
2,397,26.996583938598633,1.7513089179992676
2,398,111.57569885253906,2.890214204788208
2,399,20.79602813720703,1.6826788187026978
2,400,86.15457153320312,2.740450143814087
2,401,12.037023544311523,1.1929091215133667
2,402,70.35399627685547,2.2460856437683105
2,403,15.850797653198242,1.5714516639709473
2,404,42.846256256103516,1.710573434829712
2,405,74.135009765625,2.3842689990997314
2,406,132.64306640625,3.277069568634033
2,407,196.8983612060547,4.001559734344482
2,408,98.65351867675781,2.9984395503997803
2,409,24.94659423828125,1.6536856889724731
2,410,74.18513488769531,2.8056304454803467
2,411,29.868257522583008,1.771256923675537
2,412,56.156982421875,2.4136502742767334
2,413,13.672843933105469,1.4179764986038208
2,414,24.91608428955078,2.0834836959838867
2,415,123.59679412841797,2.486483573913574
2,416,83.37377166748047,2.87788987159729
2,417,67.96111297607422,2.1397199630737305
2,418,79.5530776977539,2.5890212059020996
2,419,68.89408111572266,2.6022634506225586
2,420,80.7017822265625,2.7618556022644043
2,421,14.415006637573242,1.4120407104492188
2,422,148.7496337890625,3.492757558822632
2,423,95.0407485961914,3.090327739715576
2,424,67.92369079589844,2.2954535484313965
2,425,120.98077392578125,3.0338683128356934
2,426,35.5205078125,1.982022762298584
2,427,28.808576583862305,2.0063071250915527
2,428,14.076334953308105,1.3660459518432617
2,429,45.426971435546875,2.264984607696533
2,430,28.059894561767578,1.8202588558197021
2,431,56.991458892822266,2.1256208419799805
2,432,66.51968383789062,2.6444919109344482
2,433,42.34211730957031,2.154362201690674
2,434,44.03765869140625,2.2704808712005615
2,435,29.96170425415039,1.748967170715332
2,436,22.377187728881836,1.6223115921020508
2,437,68.22453308105469,2.619978904724121
2,438,56.76066970825195,2.365790367126465
2,439,39.434364318847656,1.832547903060913
2,440,32.55701446533203,1.730907678604126
2,441,62.202430725097656,2.3950791358947754
2,442,56.99853515625,2.57912540435791
2,443,53.14207458496094,2.2267067432403564
2,444,35.02912521362305,2.13634991645813
2,445,67.77642822265625,2.3599324226379395
2,446,55.0893669128418,2.0842678546905518
2,447,21.565412521362305,1.5916600227355957
2,448,20.52581024169922,1.7023894786834717
2,449,27.778541564941406,1.942339539527893
2,450,60.284481048583984,2.1592252254486084
2,451,26.559551239013672,2.1487960815429688
2,452,69.2800521850586,2.3027594089508057
2,453,38.9618034362793,2.112251043319702
2,454,49.994956970214844,2.3732385635375977
2,455,21.275339126586914,1.66664457321167
2,456,68.15904235839844,2.4782040119171143
2,457,50.231605529785156,2.1191563606262207
2,458,98.30653381347656,3.07234525680542
2,459,55.88392639160156,2.3796885013580322
2,460,105.47509002685547,2.453845500946045
2,461,41.00236511230469,1.9810072183609009
2,462,28.485958099365234,1.7575304508209229
2,463,42.25877380371094,2.206989288330078
2,464,63.05004119873047,2.4817874431610107
2,465,91.73790740966797,2.761478900909424
2,466,24.882946014404297,1.6385600566864014
2,467,44.26185989379883,2.0963242053985596
2,468,62.094940185546875,2.5206456184387207
2,469,76.7851333618164,2.6568305492401123
2,470,50.99238204956055,2.2544937133789062
2,471,15.487628936767578,1.5716633796691895
2,472,84.09870147705078,3.2158570289611816
2,473,33.936641693115234,2.022407054901123
2,474,68.29997253417969,2.347158193588257
2,475,71.83123779296875,2.7057580947875977
2,476,40.704566955566406,1.935408353805542
2,477,42.300376892089844,1.706409215927124
2,478,62.181480407714844,2.382620096206665
2,479,130.8015899658203,3.1940581798553467
2,480,35.197086334228516,2.0976243019104004
2,481,75.14801788330078,2.8571271896362305
2,482,39.005821228027344,2.131126880645752
2,483,38.15401077270508,1.943595290184021
2,484,49.09290313720703,2.1238460540771484
2,485,96.54066467285156,2.7795135974884033
2,486,28.737606048583984,1.7789416313171387
2,487,42.87264633178711,2.0638046264648438
2,488,74.93014526367188,2.763361692428589
2,489,26.230749130249023,1.6235623359680176
2,490,61.08879089355469,2.6006598472595215
2,491,18.982467651367188,1.480284571647644
2,492,32.83185958862305,1.8390226364135742
2,493,33.01826095581055,1.9637956619262695
2,494,50.614585876464844,2.2266037464141846
2,495,23.81932830810547,1.5411792993545532
2,496,63.52626037597656,2.6436352729797363
2,497,91.76698303222656,2.8618149757385254
2,498,41.92384338378906,2.174294948577881
2,499,74.51611328125,2.5123891830444336
2,500,34.53672790527344,1.8128069639205933
2,501,103.64049530029297,2.897399425506592
2,502,13.321649551391602,1.290365219116211
2,503,63.56195068359375,2.5205116271972656
2,504,13.48408031463623,1.2486164569854736
2,505,15.281655311584473,1.470384955406189
2,506,147.04183959960938,3.0547738075256348
2,507,48.12834930419922,2.0500590801239014
2,508,96.76207733154297,2.821770668029785
2,509,16.418397903442383,1.3952854871749878
2,510,88.36122131347656,3.0967342853546143
2,511,46.104469299316406,2.097731828689575
2,512,50.017086029052734,2.169217348098755
2,513,95.98744201660156,2.734536647796631
2,514,74.35948944091797,2.4285788536071777
2,515,30.52796173095703,1.796743392944336
2,516,242.46385192871094,4.653778553009033
2,517,104.02001190185547,2.850107431411743
2,518,41.33467102050781,2.0888590812683105
2,519,117.89306640625,3.5124168395996094
2,520,40.69826126098633,2.212869167327881
2,521,28.88909912109375,1.7665373086929321
2,522,80.60552978515625,2.5892844200134277
2,523,54.620506286621094,2.277693033218384
2,524,85.03327941894531,3.1591482162475586
2,525,25.901290893554688,1.6572191715240479
2,526,69.349365234375,2.576897621154785
2,527,120.3128662109375,3.0369365215301514
2,528,88.65991973876953,2.727055311203003
2,529,79.07557678222656,2.1945457458496094
2,530,12.308785438537598,1.233276128768921
2,531,13.762353897094727,1.308807373046875
2,532,38.67409896850586,2.124166965484619
2,533,58.36809158325195,2.1755776405334473
2,534,29.618497848510742,2.052445650100708
2,535,56.130706787109375,2.0951788425445557
2,536,83.13407135009766,2.278536796569824
2,537,64.79570007324219,2.471823215484619
2,538,70.84385681152344,2.5073769092559814
2,539,12.007837295532227,1.2846078872680664
2,540,17.715988159179688,1.6106221675872803
2,541,96.0468978881836,2.6510009765625
2,542,80.69549560546875,2.7705435752868652
2,543,96.48856353759766,2.9345977306365967
2,544,81.4176254272461,2.852558135986328
2,545,127.3641357421875,3.378822088241577
2,546,51.840782165527344,2.208405017852783
2,547,90.5645751953125,2.6029396057128906
2,548,44.576995849609375,2.0342321395874023
2,549,18.652864456176758,1.632293939590454
2,550,37.64874267578125,1.7456917762756348
2,551,30.740318298339844,1.8663339614868164
2,552,56.00438690185547,2.157111167907715
2,553,110.878662109375,2.9743709564208984
2,554,16.68021011352539,1.4910629987716675
2,555,41.9167594909668,1.974315881729126
2,556,94.05874633789062,3.0485036373138428
2,557,27.654855728149414,1.76948082447052
2,558,55.4876708984375,2.1949830055236816
2,559,21.534284591674805,1.5475901365280151
2,560,45.71906661987305,1.902266502380371
2,561,12.003621101379395,1.2061426639556885
2,562,56.46306610107422,2.592977523803711
2,563,30.322107315063477,1.7581539154052734
2,564,34.73955535888672,2.078059196472168
2,565,62.3072624206543,2.375077724456787
2,566,21.986228942871094,1.559049129486084
2,567,83.9933853149414,2.7218658924102783
2,568,44.69999694824219,1.9752470254898071
2,569,87.87742614746094,2.5441365242004395
2,570,101.58428955078125,2.856782913208008
2,571,30.728857040405273,1.7057760953903198
2,572,45.842735290527344,2.050398349761963
2,573,42.57622146606445,1.7488957643508911
2,574,25.768911361694336,1.6621639728546143
2,575,36.37350082397461,2.204519033432007
2,576,90.1234130859375,2.840590000152588
2,577,37.229026794433594,1.886668086051941
2,578,40.99385070800781,1.7547383308410645
2,579,67.11050415039062,2.616675853729248
2,580,23.17078399658203,1.7972791194915771
2,581,56.662506103515625,2.473146915435791
2,582,138.46388244628906,3.3336901664733887
2,583,61.63877487182617,2.4515726566314697
2,584,47.3830451965332,2.1592156887054443
2,585,31.41366958618164,1.8520318269729614
2,586,32.59878158569336,1.789414644241333
2,587,27.828134536743164,1.9144951105117798
2,588,30.935272216796875,1.871058464050293
2,589,29.13968849182129,1.5943121910095215
2,590,78.20252227783203,2.1601946353912354
2,591,52.792999267578125,2.136742115020752
2,592,84.23119354248047,2.477591037750244
2,593,64.08861541748047,2.6007206439971924
2,594,46.15860366821289,2.305157423019409
2,595,49.674095153808594,2.1413631439208984
2,596,88.29993438720703,2.699403762817383
2,597,65.60250091552734,2.542492389678955
2,598,32.57854461669922,2.063629388809204
2,599,97.95552825927734,2.973527431488037
2,600,31.440052032470703,2.0301692485809326
2,601,38.053985595703125,2.0145764350891113
2,602,65.39430236816406,2.180713653564453
2,603,46.78925323486328,2.3808228969573975
2,604,46.5716552734375,2.3188438415527344
2,605,79.96830749511719,2.333601474761963
2,606,202.47280883789062,4.144675254821777
2,607,39.551265716552734,2.065258026123047
2,608,48.295047760009766,2.223717451095581
2,609,75.88905334472656,2.3861656188964844
2,610,91.13292694091797,2.7987992763519287
2,611,23.30944061279297,1.5658152103424072
2,612,48.185401916503906,1.935417890548706
2,613,59.39958572387695,2.3509366512298584
2,614,26.12034034729004,1.7463374137878418
2,615,56.98307800292969,2.4532387256622314
2,616,48.355438232421875,2.132159948348999
2,617,37.54862976074219,2.110236406326294
2,618,99.27653503417969,3.1353721618652344
2,619,21.851882934570312,1.6965550184249878
2,620,63.190635681152344,2.288019895553589
2,621,140.79270935058594,2.8769478797912598
2,622,40.518375396728516,2.1603662967681885
2,623,51.67333221435547,2.458458423614502
2,624,68.63328552246094,2.326354503631592
2,625,48.90925598144531,2.0741167068481445
2,626,101.16631317138672,2.744912624359131
2,627,21.23773765563965,1.7142949104309082
2,628,38.066551208496094,2.1728856563568115
2,629,13.059704780578613,1.3205982446670532
2,630,50.539955139160156,2.43632173538208
2,631,78.33351135253906,2.564387321472168
2,632,28.888992309570312,1.6521378755569458
2,633,33.00983810424805,1.8899343013763428
2,634,45.13117980957031,2.3668181896209717
2,635,20.51411247253418,1.4978790283203125
2,636,37.8323974609375,1.603196382522583
2,637,22.114898681640625,1.688508152961731
2,638,40.28440856933594,1.7355769872665405
2,639,63.86771011352539,2.5767874717712402
2,640,79.36041259765625,2.8434383869171143
2,641,50.94987487792969,2.063394069671631
2,642,81.71650695800781,2.691743850708008
2,643,70.65574645996094,2.4020397663116455
2,644,46.29806137084961,2.3982815742492676
2,645,98.14854431152344,2.7465121746063232
2,646,72.89531707763672,2.587125778198242
2,647,43.28429412841797,1.9454728364944458
2,648,69.27168273925781,2.6338539123535156
2,649,57.75552749633789,2.2967851161956787
2,650,42.08718490600586,2.031559944152832
2,651,74.69729614257812,2.6732382774353027
2,652,37.314937591552734,2.1494739055633545
2,653,42.331783294677734,2.001523494720459
2,654,111.11125183105469,3.0787205696105957
2,655,28.209808349609375,1.942155122756958
2,656,38.47100830078125,1.8407034873962402
2,657,108.61127471923828,3.492924213409424
2,658,8.226731300354004,1.4610347747802734
2,659,133.50640869140625,3.2389070987701416
2,660,61.77945327758789,2.163799285888672
2,661,85.36441040039062,2.63118839263916
2,662,37.695926666259766,1.8545937538146973
2,663,52.877323150634766,2.1968441009521484
2,664,19.55305290222168,1.5573081970214844
2,665,36.98106002807617,1.929166316986084
2,666,24.105276107788086,1.6575130224227905
2,667,22.037763595581055,1.4919397830963135
2,668,46.12776184082031,2.0313303470611572
2,669,16.607778549194336,1.2989003658294678
2,670,25.03421974182129,1.576851487159729
2,671,116.51284790039062,2.9483561515808105
2,672,84.52424621582031,2.4391841888427734
2,673,54.78357696533203,2.1197597980499268
2,674,65.07675170898438,2.3450663089752197
2,675,59.705833435058594,2.543652296066284
2,676,39.51852035522461,1.9001030921936035
2,677,88.85559844970703,2.6564722061157227
2,678,62.94303894042969,2.0537776947021484
2,679,51.410213470458984,2.2181220054626465
2,680,61.70769500732422,2.375215530395508
2,681,20.855180740356445,1.6887625455856323
2,682,47.359466552734375,2.384927988052368
2,683,62.724998474121094,2.4987876415252686
2,684,100.04457092285156,2.9264092445373535
2,685,131.69931030273438,3.017287015914917
2,686,79.42771911621094,2.9167871475219727
2,687,144.38543701171875,3.1688127517700195
2,688,53.77676010131836,2.020112991333008
2,689,72.70500946044922,2.4991579055786133
2,690,34.04262924194336,2.219818115234375
2,691,97.83869934082031,2.935539722442627
2,692,45.2213134765625,1.847256064414978
2,693,11.80982494354248,1.2898119688034058
2,694,16.689605712890625,1.5256074666976929
2,695,30.925317764282227,1.5704689025878906
2,696,96.79931640625,2.582770347595215
2,697,25.082515716552734,1.8379346132278442
2,698,19.76329231262207,1.7602787017822266
2,699,20.44565200805664,1.459965705871582
2,700,429.61785888671875,4.358301639556885
2,701,117.65937042236328,2.944124221801758
2,702,112.78564453125,3.2664170265197754
2,703,55.34525680541992,2.1980583667755127
2,704,50.58697509765625,2.2086336612701416
2,705,54.75877380371094,2.338616371154785
2,706,148.6450958251953,3.7651867866516113
2,707,36.91142654418945,2.0819809436798096
2,708,40.09136199951172,1.9686862230300903
2,709,6.638964653015137,1.1608238220214844
2,710,92.21420288085938,2.851215362548828
2,711,72.63272857666016,2.713064670562744
2,712,127.3866195678711,3.202209949493408
2,713,80.78208923339844,2.57607102394104
2,714,76.62551879882812,2.4206392765045166
2,715,70.96710205078125,2.349930763244629
2,716,56.3099479675293,2.217674493789673
2,717,21.21864891052246,1.6480684280395508
2,718,68.41366577148438,2.270181655883789
2,719,41.252601623535156,2.0042495727539062
2,720,26.427833557128906,1.591243028640747
2,721,30.46312713623047,1.72444748878479
2,722,38.46598434448242,1.9986056089401245
2,723,114.21610260009766,2.5332913398742676
2,724,76.9936752319336,2.6785316467285156
2,725,88.6357192993164,2.705413579940796
2,726,122.11734771728516,2.986839771270752
2,727,89.22625732421875,2.417799949645996
2,728,54.61811065673828,2.6667027473449707
2,729,62.85101318359375,1.989102840423584
2,730,26.389583587646484,1.4954253435134888
2,731,23.239233016967773,1.7643197774887085
2,732,35.278228759765625,1.7460756301879883
2,733,39.597354888916016,2.1877758502960205
2,734,19.058307647705078,1.2886879444122314
2,735,144.0084228515625,3.756500244140625
2,736,29.784833908081055,1.982029914855957
2,737,56.554405212402344,2.4492526054382324
2,738,45.0860710144043,1.9629050493240356
2,739,50.87824630737305,2.1757900714874268
2,740,68.08401489257812,2.439528465270996
2,741,12.254509925842285,1.2112350463867188
2,742,56.346839904785156,2.5036463737487793
2,743,32.12328338623047,1.8870961666107178
2,744,114.40570831298828,3.2229628562927246
2,745,20.177001953125,1.7181034088134766
2,746,34.949668884277344,2.035891056060791
2,747,131.3267059326172,2.9642441272735596
2,748,129.9468231201172,3.011312961578369
2,749,65.58680725097656,2.4956765174865723
2,750,82.05290222167969,2.9598708152770996
2,751,20.970746994018555,1.5720242261886597
2,752,68.71649169921875,2.0341687202453613
2,753,17.695907592773438,1.6129984855651855
2,754,66.37785339355469,2.4513964653015137
2,755,95.10297393798828,2.427171230316162
2,756,49.270904541015625,2.050079822540283
2,757,40.176937103271484,1.861059546470642
2,758,30.017284393310547,1.923457384109497
2,759,19.766090393066406,1.497665286064148
2,760,90.91585540771484,3.0940420627593994
2,761,59.645301818847656,2.157186985015869
2,762,134.32656860351562,3.315558671951294
2,763,27.266704559326172,1.729856014251709
2,764,67.06976318359375,2.603994846343994
2,765,24.034223556518555,1.6586763858795166
2,766,67.69888305664062,2.6099483966827393
2,767,49.392967224121094,2.448214292526245
2,768,44.78359603881836,2.005368709564209
2,769,21.175067901611328,1.8475987911224365
2,770,30.25012969970703,1.7051019668579102
2,771,127.34469604492188,3.5333011150360107
2,772,34.23200607299805,1.6734848022460938
2,773,77.57231903076172,2.6751346588134766
2,774,39.86859130859375,2.1501522064208984
2,775,97.18572998046875,2.8466691970825195
2,776,45.30232238769531,2.2556934356689453
2,777,59.338829040527344,2.4641671180725098
2,778,33.69557571411133,1.5568785667419434
2,779,60.72950744628906,2.1742753982543945
2,780,32.18399429321289,1.9408512115478516
2,781,66.96255493164062,2.4249744415283203
2,782,150.6559295654297,3.6810333728790283
2,783,60.00027847290039,2.126201629638672
2,784,22.124462127685547,1.631347417831421
2,785,44.34600067138672,1.9892849922180176
2,786,23.832059860229492,1.9243855476379395
2,787,60.23839569091797,2.348851442337036
2,788,113.2813491821289,2.590141773223877
2,789,79.32450866699219,2.7539501190185547
2,790,18.51592254638672,1.2474265098571777
2,791,73.60740661621094,2.204930305480957
2,792,45.33763122558594,2.526484966278076
2,793,14.970088005065918,1.464207649230957
2,794,73.42222595214844,2.6959946155548096
2,795,47.152645111083984,2.0498480796813965
2,796,80.3326416015625,2.687221050262451
2,797,25.947345733642578,1.4579421281814575
2,798,30.200115203857422,1.8007972240447998
2,799,124.88054656982422,3.3670687675476074
2,800,93.11150360107422,2.7858920097351074
2,801,142.69091796875,2.589118242263794
2,802,40.69403839111328,1.7305731773376465
2,803,44.7210693359375,2.2700016498565674
2,804,57.46638107299805,2.1459736824035645
2,805,58.87968826293945,2.5425400733947754
2,806,70.7107925415039,2.61167311668396
2,807,9.097956657409668,1.56622314453125
2,808,41.525482177734375,1.7779921293258667
2,809,55.271728515625,2.2803807258605957
2,810,191.27992248535156,3.57875919342041
2,811,98.76626586914062,2.5477941036224365
2,812,32.829410552978516,2.0439484119415283
2,813,26.673227310180664,1.7303544282913208
2,814,72.25853729248047,2.5170819759368896
2,815,68.16175079345703,2.570962905883789
2,816,68.4720458984375,2.411982536315918
2,817,63.01630783081055,2.4813759326934814
2,818,160.46710205078125,3.3395793437957764
2,819,66.58830261230469,2.728515386581421
2,820,77.35785675048828,2.9000635147094727
2,821,62.82366180419922,2.232450246810913
2,822,18.440338134765625,1.4622507095336914
2,823,88.4749526977539,2.8618974685668945
2,824,59.677940368652344,2.2626395225524902
2,825,65.05912780761719,2.3713748455047607
2,826,48.5880241394043,2.0376198291778564
2,827,149.99685668945312,3.251094341278076
2,828,68.71290588378906,2.530932903289795
2,829,61.575836181640625,2.207782506942749
2,830,124.45793151855469,2.996366500854492
2,831,42.049373626708984,2.287557601928711
2,832,25.42723846435547,1.9697707891464233
2,833,62.28138732910156,2.662928342819214
2,834,59.28263854980469,2.2445130348205566
2,835,63.87858963012695,2.577998399734497
2,836,101.42245483398438,3.0424747467041016
2,837,74.66064453125,2.4371581077575684
2,838,108.91561126708984,3.220396041870117
2,839,14.530098915100098,1.4216716289520264
2,840,87.14603424072266,2.9329309463500977
2,841,185.494873046875,3.9897847175598145
2,842,106.39469909667969,2.9462220668792725
2,843,88.56103515625,3.139207363128662
2,844,45.23749923706055,2.3129334449768066
2,845,39.56874084472656,2.235835552215576
2,846,118.45097351074219,2.6654810905456543
2,847,32.911033630371094,1.9220590591430664
2,848,97.08003997802734,3.072026252746582
2,849,79.31403350830078,2.4967963695526123
2,850,21.06441879272461,1.6199071407318115
2,851,90.60728454589844,2.8428518772125244
2,852,31.400619506835938,1.9041904211044312
2,853,53.675872802734375,2.1637423038482666
2,854,80.59701538085938,2.7926199436187744
2,855,55.165828704833984,2.523797035217285
2,856,48.71825408935547,2.494494915008545
2,857,58.83607482910156,2.2837367057800293
2,858,109.78717041015625,3.1515111923217773
2,859,44.77149963378906,2.2072911262512207
2,860,41.77568817138672,2.0089924335479736
2,861,34.70626449584961,1.7362568378448486
2,862,102.9405746459961,3.2944746017456055
2,863,53.39105987548828,2.476701259613037
2,864,34.14210510253906,2.0890209674835205
2,865,52.48358154296875,2.2147250175476074
2,866,106.4318618774414,2.6719205379486084
2,867,91.9485092163086,2.9252426624298096
2,868,65.9327392578125,2.63338565826416
2,869,11.550287246704102,1.2474355697631836
2,870,114.66278076171875,3.2532036304473877
2,871,38.35031509399414,1.9058785438537598
2,872,50.527645111083984,2.2819786071777344
2,873,25.10591697692871,1.661158561706543
2,874,54.76966857910156,2.3184828758239746
2,875,31.612701416015625,1.7942590713500977
2,876,40.51024627685547,1.876136302947998
2,877,54.81277084350586,2.377150535583496
2,878,98.32390594482422,3.02231502532959
2,879,111.34857940673828,2.4050416946411133
2,880,27.269872665405273,1.8835755586624146
2,881,44.10316467285156,1.975207805633545
2,882,35.63801193237305,1.9567301273345947
2,883,117.99786376953125,2.6716315746307373
2,884,34.64759826660156,1.9897396564483643
2,885,78.16288757324219,2.7156519889831543
2,886,49.2621955871582,1.8936560153961182
2,887,78.6798095703125,2.19376277923584
2,888,54.105777740478516,2.2972586154937744
2,889,47.78216552734375,1.9131112098693848
2,890,36.85572814941406,1.943664312362671
2,891,33.46311569213867,1.9561108350753784
2,892,46.900794982910156,2.0609993934631348
2,893,39.23759460449219,1.948708415031433
2,894,44.66747283935547,2.2727081775665283
2,895,44.99178695678711,2.1260838508605957
2,896,57.21391677856445,2.2301254272460938
2,897,199.94317626953125,4.231707572937012
2,898,76.74472045898438,2.7689967155456543
2,899,43.65301513671875,1.7486302852630615
2,900,95.96269226074219,3.223526954650879
2,901,77.07417297363281,2.60481333732605
2,902,45.297813415527344,1.8447105884552002
2,903,43.46048355102539,2.193272590637207
2,904,35.508277893066406,1.8397581577301025
2,905,18.728248596191406,1.619123935699463
2,906,27.307619094848633,1.7963776588439941
2,907,47.00804901123047,1.9890544414520264
2,908,23.355632781982422,1.6073638200759888
2,909,30.46240234375,2.138606071472168
2,910,47.605072021484375,2.1363372802734375
2,911,47.48483657836914,1.8009033203125
2,912,73.55496978759766,2.6694822311401367
2,913,60.8135986328125,2.545673131942749
2,914,61.6307373046875,2.37795352935791
2,915,42.477378845214844,1.9325127601623535
2,916,42.899925231933594,1.7070847749710083
2,917,27.909950256347656,1.7262890338897705
2,918,29.237754821777344,1.6380574703216553
2,919,81.0191650390625,2.7748231887817383
2,920,56.315147399902344,2.305752754211426
2,921,127.41980743408203,2.9704835414886475
2,922,116.08123779296875,3.243015766143799
2,923,133.57568359375,3.5824828147888184
2,924,53.58158874511719,2.3137588500976562
2,925,148.02566528320312,3.427542209625244
2,926,86.16156005859375,2.571467638015747
2,927,67.06106567382812,2.445152759552002
2,928,57.45148468017578,1.9769896268844604
2,929,12.498926162719727,1.2640180587768555
2,930,110.98199462890625,2.6918745040893555
2,931,74.37614440917969,2.543682336807251
2,932,12.273160934448242,1.2855925559997559
2,933,18.743356704711914,1.4737826585769653
2,934,46.2597770690918,2.0098979473114014
2,935,103.15040588378906,2.542358636856079
2,936,37.19953918457031,1.9039908647537231
2,937,46.147552490234375,2.3514270782470703
2,938,23.26519203186035,1.6376715898513794
2,939,71.74465942382812,2.5644493103027344
2,940,54.791873931884766,2.1225152015686035
2,941,16.82561683654785,1.3262555599212646
2,942,21.124225616455078,1.7099668979644775
2,943,34.22919464111328,2.116765260696411
2,944,81.291748046875,2.192854166030884
2,945,64.3169174194336,2.407064914703369
2,946,64.96493530273438,2.6130175590515137
2,947,52.60240173339844,2.1616427898406982
2,948,62.635475158691406,2.2062230110168457
2,949,37.66575622558594,1.9980746507644653
2,950,70.20722961425781,2.553999423980713
2,951,74.83626556396484,2.7995951175689697
2,952,111.93441772460938,3.2369017601013184
2,953,81.43980407714844,2.3407530784606934
2,954,26.061279296875,1.501976728439331
2,955,58.45054626464844,2.3391191959381104
2,956,10.364584922790527,1.2168450355529785
2,957,26.41259765625,1.6516886949539185
2,958,68.19503784179688,2.2156810760498047
2,959,17.500520706176758,1.3439786434173584
2,960,36.457359313964844,1.9476194381713867
2,961,24.841350555419922,1.668219804763794
2,962,12.583084106445312,1.3718664646148682
2,963,26.505691528320312,1.8785367012023926
2,964,27.23818588256836,1.8530484437942505
2,965,46.38824462890625,2.1985816955566406
2,966,34.03947067260742,2.053481340408325
2,967,37.15891647338867,1.7482564449310303
2,968,64.01705932617188,2.366783857345581
2,969,75.02037048339844,2.1896824836730957
2,970,67.54307556152344,2.3867311477661133
2,971,76.96307373046875,2.509531021118164
2,972,29.15290641784668,1.74077308177948
2,973,45.340389251708984,2.3119490146636963
2,974,119.99115753173828,3.0037293434143066
2,975,31.041746139526367,1.859885573387146
2,976,24.584228515625,1.6241662502288818
2,977,44.3785400390625,2.0834479331970215
2,978,151.01365661621094,3.8727622032165527
2,979,70.47077178955078,2.9445321559906006
2,980,40.98527526855469,2.1634809970855713
2,981,28.685977935791016,1.7932970523834229
2,982,90.38862609863281,2.8309593200683594
2,983,23.70271873474121,1.71091628074646
2,984,20.57855224609375,1.6854395866394043
2,985,55.2127571105957,2.3545713424682617
2,986,64.70708465576172,2.2714855670928955
2,987,70.15973663330078,2.668531894683838
2,988,36.94926452636719,2.0958211421966553
2,989,21.745342254638672,1.5999963283538818
2,990,19.70781898498535,1.3843185901641846
2,991,57.36713790893555,2.3881306648254395
2,992,82.25406646728516,2.8054051399230957
2,993,75.69807434082031,2.5045745372772217
2,994,12.482833862304688,1.439925193786621
2,995,68.41877746582031,2.2596535682678223
2,996,53.933528900146484,2.2500128746032715
2,997,45.722835540771484,2.188225030899048
2,998,40.902122497558594,1.9471290111541748
2,999,67.7203598022461,2.67094349861145
2,1000,64.61161041259766,2.554637908935547
2,1001,103.53450012207031,2.826951503753662
2,1002,29.464519500732422,1.6929409503936768
2,1003,158.39730834960938,3.824734687805176
2,1004,12.996012687683105,1.1081815958023071
2,1005,44.660316467285156,1.985291600227356
2,1006,59.09967803955078,2.351400136947632
2,1007,39.123836517333984,1.5432815551757812
2,1008,101.37112426757812,2.9313130378723145
2,1009,134.01687622070312,3.54095458984375
2,1010,50.85408020019531,2.166339874267578
2,1011,37.226806640625,1.9526917934417725
2,1012,29.28451156616211,1.8661094903945923
2,1013,83.18251037597656,2.3714637756347656
2,1014,65.9686508178711,2.6816229820251465
2,1015,140.89906311035156,3.280479669570923
2,1016,68.20286560058594,2.1759567260742188
2,1017,90.57759094238281,2.580843925476074
2,1018,25.0382022857666,1.6098307371139526
2,1019,60.17390441894531,2.4217309951782227
2,1020,32.748565673828125,1.7962050437927246
2,1021,15.230655670166016,1.5305633544921875
2,1022,75.21411895751953,2.5226402282714844
2,1023,8.903938293457031,1.282461404800415
2,1024,104.26113891601562,2.137965679168701
2,1025,44.60322189331055,1.9990341663360596
2,1026,40.813804626464844,1.7391440868377686
2,1027,59.64914321899414,2.7560207843780518
2,1028,14.864206314086914,1.4350107908248901
2,1029,113.02591705322266,3.326395034790039
2,1030,98.57283782958984,2.525871515274048
2,1031,83.5692138671875,2.566206932067871
2,1032,51.70002365112305,1.9910953044891357
2,1033,107.22197723388672,3.0782477855682373
2,1034,20.66716957092285,1.6414698362350464
2,1035,68.40385437011719,2.573460102081299
