epoch,batch,loss,loss_h,loss_c,trans_l2_m,yaw_err_deg
0,0,2042.31103515625,20238.271484375,18.483932495117188,8.940746307373047,11.94152545928955
0,1,3809.6455078125,37772.55078125,32.390499114990234,12.572844505310059,9.988977432250977
0,2,3122.16748046875,30481.443359375,74.02313232421875,11.539995193481445,7.405438423156738
0,3,2996.566650390625,29749.90625,21.575895309448242,11.505843162536621,11.228411674499512
0,4,2542.557861328125,24936.181640625,48.939781188964844,10.474678039550781,11.535540580749512
0,5,1115.2296142578125,10983.880859375,16.84157371520996,6.587346076965332,11.660140991210938
0,6,3720.318603515625,37046.71484375,15.647076606750488,12.068646430969238,6.35383939743042
0,7,5599.56884765625,55741.0546875,25.463376998901367,16.10969352722168,9.24767780303955
0,8,2470.522705078125,24485.845703125,21.937997817993164,10.585273742675781,10.757861137390137
0,9,4660.96484375,46340.90625,26.874074935913086,14.830916404724121,4.808957099914551
0,10,3604.239501953125,35882.37890625,16.001419067382812,13.073493003845215,14.994043350219727
0,11,3127.11962890625,31096.80078125,17.439483642578125,11.574671745300293,8.994363784790039
0,12,1822.5562744140625,18060.09765625,16.54650115966797,9.119773864746094,10.017550468444824
0,13,3240.96533203125,32198.708984375,21.094404220581055,12.087496757507324,7.589227199554443
0,14,3382.18212890625,33613.765625,20.80548095703125,12.165740966796875,9.552151679992676
0,15,2998.9052734375,29663.59765625,32.545352935791016,10.60819149017334,8.750781059265137
0,16,3228.3330078125,32071.00390625,21.232725143432617,11.726343154907227,14.286035537719727
0,17,3090.516357421875,30521.54296875,38.362064361572266,12.051213264465332,8.349639892578125
0,18,4626.7607421875,46010.13671875,25.746923446655273,13.852023124694824,10.043899536132812
0,19,3758.56103515625,37451.8046875,13.380658149719238,13.113715171813965,12.6648588180542
0,20,3737.599609375,37211.31640625,16.46806526184082,12.621159553527832,11.831649780273438
0,21,5465.78515625,54419.1796875,23.867015838623047,15.768320083618164,11.152981758117676
0,22,2685.0205078125,26692.73046875,15.747354507446289,10.867790222167969,7.143273830413818
0,23,2959.353271484375,29276.716796875,31.681562423706055,12.181925773620605,10.374442100524902
0,24,3620.768310546875,35987.80078125,21.988378524780273,12.7533597946167,9.597968101501465
0,25,3336.198486328125,33249.35546875,11.263050079345703,11.62861156463623,12.402972221374512
0,26,2987.446533203125,29711.109375,16.33547019958496,10.93796443939209,11.240036010742188
0,27,2418.205322265625,23993.11328125,18.893970489501953,10.120951652526855,10.180132865905762
0,28,4384.6630859375,43696.92578125,14.97012996673584,13.900039672851562,11.107409477233887
0,29,3532.525390625,35104.390625,22.086111068725586,13.406166076660156,4.321322917938232
0,30,2268.269775390625,22428.373046875,25.43226432800293,9.845044136047363,11.435452461242676
0,31,3795.107666015625,37836.37890625,11.46977710723877,12.674469947814941,12.729822158813477
0,32,2841.988525390625,28224.689453125,19.519498825073242,11.457381248474121,12.875101089477539
0,33,3016.3720703125,29993.048828125,17.067054748535156,11.399184226989746,10.784838676452637
0,34,1985.943115234375,19697.3203125,16.211109161376953,9.58208179473877,7.8233489990234375
0,35,3290.763427734375,32767.833984375,13.979957580566406,12.148451805114746,8.819229125976562
0,36,2560.152099609375,25482.232421875,11.928665161132812,10.40604019165039,9.573404312133789
0,37,2326.08251953125,23044.916015625,21.590885162353516,8.514779090881348,10.260327339172363
0,38,3563.55712890625,35406.375,22.919658660888672,12.46628475189209,6.376373291015625
0,39,3578.907958984375,35684.62109375,10.44589900970459,12.943922996520996,13.129302978515625
0,40,2456.174560546875,24341.857421875,21.988733291625977,9.69090461730957,6.564324855804443
0,41,1619.565673828125,16046.466796875,14.91889476776123,9.385122299194336,7.293542385101318
0,42,2096.5869140625,20796.25390625,16.9613094329834,8.682805061340332,9.937393188476562
0,43,3522.283203125,35041.4296875,18.14023208618164,12.053206443786621,8.921808242797852
0,44,3926.796630859375,39146.640625,12.132487297058105,12.726091384887695,16.078083038330078
0,45,3704.1845703125,36877.44921875,16.43975830078125,12.340306282043457,6.153897285461426
0,46,3771.187744140625,37531.90625,17.997146606445312,12.305756568908691,8.656573295593262
0,47,1914.681396484375,18872.47265625,27.43410301208496,9.2103910446167,11.9996919631958
0,48,2577.0732421875,25562.75390625,20.797815322875977,9.134063720703125,9.866632461547852
0,49,2760.004150390625,27444.625,15.541498184204102,10.785323143005371,9.466574668884277
0,50,3139.06298828125,31143.779296875,24.684955596923828,10.365281105041504,6.824822902679443
0,51,3269.145263671875,32550.0078125,14.144615173339844,11.543883323669434,10.428637504577637
0,52,3836.443359375,38279.34375,8.509032249450684,12.466865539550781,10.888705253601074
0,53,3393.89404296875,33762.4296875,17.65117835998535,12.329218864440918,7.752349853515625
0,54,2950.60791015625,29395.4921875,11.058506965637207,10.950335502624512,5.864902019500732
0,55,2072.181640625,20598.08203125,12.37333869934082,8.933032035827637,6.599722385406494
0,56,3190.254638671875,31723.45703125,17.908994674682617,10.53534984588623,11.291842460632324
0,57,3212.20361328125,31834.896484375,28.71390151977539,11.106338500976562,10.521405220031738
0,58,3643.121826171875,36203.8359375,22.738262176513672,12.054987907409668,6.584329128265381
0,59,2787.55859375,27754.62109375,12.096406936645508,9.764800071716309,10.124414443969727
0,60,3162.486572265625,31486.58984375,13.827574729919434,11.405759811401367,11.58788776397705
0,61,4517.064453125,44991.484375,17.915922164916992,14.328848838806152,12.84631061553955
0,62,3670.530029296875,36549.5,15.580096244812012,12.191521644592285,13.335055351257324
0,63,1813.90380859375,18039.51953125,9.951743125915527,8.637560844421387,12.456128120422363
0,64,1705.7825927734375,16911.865234375,14.596099853515625,8.050209045410156,9.531167984008789
0,65,2070.23876953125,20593.03125,10.93553352355957,9.441885948181152,9.197784423828125
0,66,2206.145751953125,21979.896484375,8.15605354309082,9.472201347351074,12.537002563476562
0,67,2534.834228515625,25197.96875,15.037402153015137,10.302347183227539,8.868563652038574
0,68,3082.0185546875,30640.91015625,17.927379608154297,11.278764724731445,8.65460205078125
0,69,3631.309814453125,36137.3046875,17.579391479492188,12.213887214660645,5.808407783508301
0,70,3663.208984375,36366.6015625,26.548826217651367,11.782613754272461,11.14538288116455
0,71,2663.65478515625,26398.908203125,23.76395034790039,10.72702693939209,8.138071060180664
0,72,3113.291259765625,30827.474609375,30.54368019104004,11.25430965423584,8.858466148376465
0,73,3590.918701171875,35631.03125,27.815427780151367,11.783859252929688,8.29119873046875
0,74,3168.794189453125,31448.6953125,23.92449951171875,11.4083833694458,6.189141750335693
0,75,1881.7454833984375,18653.494140625,16.39597511291504,8.868727684020996,9.510470390319824
0,76,2018.6536865234375,20052.150390625,13.438644409179688,9.476171493530273,8.565591812133789
0,77,4532.2138671875,45194.63671875,12.749783515930176,14.093605041503906,10.630093574523926
0,78,4137.07470703125,41172.734375,19.801122665405273,13.408479690551758,13.691540718078613
0,79,2286.314697265625,22540.705078125,32.244075775146484,9.194437026977539,12.232516288757324
0,80,3028.072509765625,29929.880859375,35.08442306518555,10.700704574584961,6.62642240524292
0,81,4166.91162109375,41493.890625,17.522451400756836,13.577788352966309,8.738018989562988
0,82,5043.71435546875,50240.9296875,19.621068954467773,15.482294082641602,10.070688247680664
0,83,2214.74609375,21968.6953125,17.87649917602539,9.388358116149902,4.368859767913818
0,84,4314.2265625,42878.57421875,26.368915557861328,13.794333457946777,12.102060317993164
0,85,3790.392822265625,37679.75390625,22.417577743530273,13.435833930969238,12.31298828125
0,86,1602.951416015625,15931.208984375,9.830410957336426,7.434953212738037,7.997427463531494
0,87,3086.593994140625,30611.32421875,25.461315155029297,12.038702964782715,10.22948932647705
0,88,3484.93603515625,34681.23828125,16.812368392944336,11.959074974060059,10.792086601257324
0,89,3687.899169921875,36773.0,10.59909725189209,12.941489219665527,9.276361465454102
0,90,2586.18896484375,25714.24609375,14.764494895935059,10.680360794067383,12.840417861938477
0,91,4264.4287109375,42455.43359375,18.88504409790039,13.966699600219727,7.231957912445068
0,92,3507.8251953125,34953.41796875,12.483455657958984,11.893338203430176,8.816876411437988
0,93,4989.080078125,49741.203125,14.959497451782227,15.20700740814209,8.212442398071289
0,94,3828.409423828125,38132.015625,15.207877159118652,13.017966270446777,13.497611045837402
0,95,4128.0517578125,41175.0546875,10.546549797058105,13.430536270141602,11.670450210571289
0,96,2584.909423828125,25705.80078125,14.329315185546875,10.670970916748047,13.246298789978027
0,97,1732.919921875,17202.73046875,12.646857261657715,7.949644565582275,8.0354585647583
0,98,4913.84423828125,49061.34765625,7.709446907043457,15.520281791687012,9.847986221313477
0,99,4087.291259765625,40786.16796875,8.67435359954834,13.798593521118164,10.07303524017334
0,100,3234.076171875,32204.568359375,13.619404792785645,11.557108879089355,7.615393161773682
0,101,3444.271728515625,34241.390625,20.132610321044922,12.052608489990234,6.585244655609131
0,102,3371.844970703125,33589.30078125,12.914912223815918,11.82935619354248,11.710650444030762
0,103,4368.85302734375,43527.34375,16.11883544921875,13.037352561950684,10.094797134399414
0,104,3761.966796875,37490.515625,12.915209770202637,12.666141510009766,7.034152507781982
0,105,4772.1923828125,47610.9765625,11.09483814239502,14.690991401672363,11.610033988952637
0,106,2667.54248046875,26544.7578125,13.066568374633789,10.681602478027344,11.5752534866333
0,107,4277.693359375,42674.5234375,10.240659713745117,13.8145751953125,7.050500392913818
0,108,2793.840087890625,27453.703125,48.46982955932617,11.087625503540039,6.043798923492432
0,109,1911.5982666015625,18876.7265625,23.92559051513672,8.85235595703125,11.818915367126465
0,110,3627.781494140625,36063.25,21.45644187927246,10.96830940246582,9.159799575805664
0,111,3375.947998046875,33500.57421875,25.890522003173828,11.62427806854248,12.591171264648438
0,112,3546.365234375,35324.97265625,13.868029594421387,12.915796279907227,9.77148723602295
0,113,2425.14111328125,24118.59375,13.281718254089355,9.928784370422363,6.9024505615234375
0,114,4018.2041015625,40039.7265625,14.231558799743652,13.286864280700684,11.443341255187988
0,115,3156.444580078125,31442.322265625,12.212306022644043,11.227524757385254,10.229965209960938
0,116,3976.384033203125,39496.171875,26.766738891601562,13.104695320129395,7.253820896148682
0,117,2943.00048828125,29224.55078125,20.545446395874023,11.088994026184082,10.847800254821777
0,118,5210.4296875,51844.71875,25.95754051208496,16.01869010925293,6.940774440765381
0,119,2996.008056640625,29806.791015625,15.328824043273926,10.815876007080078,9.435858726501465
0,120,3678.933349609375,36610.04296875,17.928863525390625,12.171037673950195,12.954968452453613
0,121,3099.0380859375,30890.203125,10.017890930175781,10.875468254089355,12.332114219665527
0,122,2440.128662109375,24252.6953125,14.859084129333496,10.399436950683594,5.55256986618042
0,123,3144.55322265625,31303.31640625,14.221394538879395,11.205881118774414,9.508831977844238
0,124,2517.116943359375,25021.6328125,14.953587532043457,10.390772819519043,13.501708984375
0,125,4476.61865234375,44688.765625,7.742013454437256,14.638510704040527,9.957412719726562
0,126,3249.2216796875,32340.060546875,15.215478897094727,12.143338203430176,12.96964168548584
0,127,3165.706298828125,31426.564453125,23.049861907958984,12.321284294128418,4.98372220993042
0,128,2194.9169921875,21804.41796875,14.475176811218262,9.91159725189209,9.040613174438477
0,129,3034.023193359375,30215.3046875,12.492588996887207,10.603071212768555,6.7263336181640625
0,130,2356.9912109375,23316.6875,25.322568893432617,10.169867515563965,8.769927978515625
0,131,3996.72705078125,39882.00390625,8.526610374450684,13.019851684570312,8.404870986938477
0,132,3979.393310546875,39636.08984375,15.784296035766602,13.558052062988281,7.58197021484375
0,133,6217.51220703125,62034.92578125,14.019320487976074,17.209440231323242,9.022607803344727
0,134,2654.4375,26327.55859375,21.6815185546875,11.0862398147583,13.7675199508667
0,135,3302.9306640625,32853.87890625,17.5427303314209,12.002016067504883,7.37923002243042
0,136,2881.54541015625,28589.75390625,22.569995880126953,10.910728454589844,5.300137519836426
0,137,4308.216796875,42996.50390625,8.5662260055542,13.901644706726074,8.488290786743164
0,138,3176.625,31615.2265625,15.102408409118652,11.459940910339355,13.249224662780762
0,139,805.5783081054688,7956.93994140625,9.884303092956543,4.999156951904297,10.235648155212402
0,140,4427.7470703125,44133.796875,14.367012023925781,14.01689624786377,6.5489044189453125
0,141,2722.586181640625,27078.57421875,14.728804588317871,10.965370178222656,8.466193199157715
0,142,3783.189453125,37652.296875,17.959796905517578,13.180594444274902,12.424188613891602
0,143,3836.829833984375,38283.0234375,8.527464866638184,13.005444526672363,12.004290580749512
0,144,2613.727294921875,25963.556640625,17.371540069580078,10.105873107910156,8.64452838897705
0,145,3653.893798828125,36417.8359375,12.110060691833496,13.199859619140625,9.1277494430542
0,146,3292.94140625,32738.89453125,19.052030563354492,11.234718322753906,5.823965549468994
0,147,2270.2978515625,22489.923828125,21.3053035736084,8.700139999389648,8.139121055603027
0,148,3787.811279296875,37756.62109375,12.149237632751465,13.211624145507812,10.959185600280762
0,149,3539.501708984375,35306.0390625,8.897650718688965,10.959456443786621,6.765658855438232
0,150,2876.3681640625,28654.951171875,10.873130798339844,11.339131355285645,6.183190822601318
0,151,3478.720458984375,34454.73046875,33.24723815917969,12.175861358642578,10.956469535827637
0,152,2779.652587890625,27603.7265625,19.2797908782959,9.992935180664062,11.873788833618164
0,153,6526.333984375,65127.390625,13.594965934753418,17.337217330932617,3.9504151344299316
0,154,4179.29296875,41686.31640625,10.660902976989746,13.237021446228027,11.175287246704102
0,155,4958.58837890625,49410.13671875,17.57459831237793,15.138020515441895,11.504870414733887
0,156,2498.481201171875,24870.591796875,11.421976089477539,10.501825332641602,7.425085544586182
0,157,1287.0299072265625,12722.853515625,14.74445629119873,7.223330974578857,9.108606338500977
0,158,2956.9462890625,29458.87109375,11.059165000915527,11.039937019348145,9.879562377929688
0,159,1767.4564208984375,17454.666015625,21.98971939086914,8.138556480407715,6.910299777984619
0,160,1888.2410888671875,18678.556640625,20.385419845581055,8.609482765197754,11.240216255187988
0,161,3514.974853515625,35071.69140625,7.805638790130615,13.008030891418457,7.122104167938232
0,162,2928.892578125,29118.33203125,17.059415817260742,11.205826759338379,8.4574556350708
0,163,2245.10693359375,22354.59765625,9.647204399108887,10.108057975769043,10.360465049743652
0,164,4540.61279296875,45313.734375,9.239216804504395,14.582037925720215,13.06414794921875
0,165,4274.04736328125,42639.2109375,10.126091003417969,13.913911819458008,9.312835693359375
0,166,3369.84326171875,33589.36328125,10.906903266906738,11.930159568786621,11.30413818359375
0,167,1778.2369384765625,17647.302734375,13.50656795501709,7.87237548828125,8.431448936462402
0,168,3844.9375,38304.1953125,14.5177001953125,13.461016654968262,17.49489402770996
0,169,3181.639892578125,31709.98828125,10.641180992126465,12.075947761535645,13.523480415344238
0,170,2505.70751953125,24938.3046875,11.876852035522461,10.52093505859375,8.738021850585938
0,171,2581.692138671875,25682.353515625,13.456896781921387,10.710896492004395,6.983899116516113
0,172,1785.15283203125,17714.689453125,13.68383502960205,8.168108940124512,10.01138973236084
0,173,2776.63671875,27681.44140625,8.492376327514648,11.122920036315918,11.660260200500488
0,174,3113.269287109375,31018.0078125,11.46855354309082,10.972972869873047,15.111566543579102
0,175,3773.678466796875,37543.1796875,19.36025047302246,12.605401992797852,12.821588516235352
0,176,3816.44091796875,38073.40625,9.10023307800293,13.492874145507812,10.111923217773438
0,177,3098.64501953125,30835.41796875,15.103198051452637,11.825202941894531,8.65201473236084
0,178,1916.732177734375,19017.57421875,14.974791526794434,8.807040214538574,8.507330894470215
0,179,2353.1787109375,23063.025390625,46.8762092590332,10.285738945007324,12.808801651000977
0,180,2151.612548828125,21238.017578125,27.81072998046875,9.144384384155273,11.372528076171875
0,181,2506.294921875,24981.109375,8.18395709991455,10.769274711608887,11.468111991882324
0,182,3734.564453125,37247.078125,9.8567476272583,13.308215141296387,9.26470947265625
0,183,5005.6748046875,49895.50390625,16.1245174407959,14.98267650604248,10.912796020507812
0,184,3351.41064453125,33399.96484375,11.41406536102295,12.257217407226562,13.286578178405762
0,185,1447.496826171875,14249.89453125,22.507347106933594,7.804792881011963,9.952005386352539
0,186,3288.213134765625,32784.21484375,9.791412353515625,12.877756118774414,7.277548313140869
0,187,3212.8115234375,32022.65625,10.545989036560059,12.49333381652832,11.6375732421875
0,188,3157.258056640625,31486.75,8.582935333251953,12.089678764343262,14.309720039367676
0,189,3327.702392578125,33177.97265625,9.905089378356934,11.434041023254395,9.354926109313965
0,190,2194.19384765625,21869.669921875,7.226907253265381,9.656630516052246,9.136004447937012
0,191,3236.025146484375,32280.091796875,8.015837669372559,12.137356758117676,6.564178466796875
0,192,2447.051513671875,24222.4921875,24.802282333374023,10.459662437438965,10.696621894836426
0,193,2988.45263671875,29679.947265625,20.457691192626953,11.634912490844727,13.31665325164795
0,194,3519.971435546875,35045.484375,15.422967910766602,12.383728981018066,12.892285346984863
0,195,3407.60009765625,33962.93359375,11.306710243225098,12.202974319458008,7.807971477508545
0,196,3079.63818359375,30700.58203125,9.579838752746582,11.118063926696777,8.381003379821777
0,197,2810.547119140625,27897.099609375,20.837173461914062,11.052088737487793,8.703986167907715
0,198,926.9956665039062,9155.669921875,11.428662300109863,5.874670505523682,9.737747192382812
0,199,2749.288330078125,27269.85546875,22.302684783935547,11.33159065246582,8.863776206970215
0,200,3463.219970703125,34415.7109375,21.649045944213867,12.560127258300781,8.475619316101074
0,201,3789.65380859375,37705.80859375,19.073030471801758,12.30407428741455,6.374969482421875
0,202,2619.2861328125,26027.875,16.49850845336914,10.326446533203125,7.11793851852417
0,203,2714.377685546875,26945.697265625,19.807886123657227,10.657116889953613,9.559066772460938
0,204,2805.08349609375,27963.36328125,8.747071266174316,10.617413520812988,13.346384048461914
0,205,2967.231201171875,29521.88671875,15.042370796203613,11.624922752380371,7.686105251312256
0,206,2604.078369140625,25903.2578125,13.7523775100708,9.693743705749512,7.652859687805176
0,207,1642.531005859375,16346.7275390625,7.858241558074951,8.742644309997559,7.85394287109375
0,208,2965.456787109375,29461.37109375,19.319602966308594,12.458868980407715,6.648345947265625
0,209,3733.77783203125,37230.94140625,10.683714866638184,13.078584671020508,11.190393447875977
0,210,3417.893310546875,34007.53125,17.140256881713867,12.670039176940918,12.48071002960205
0,211,2130.3583984375,21191.16796875,11.241507530212402,9.35722827911377,12.543082237243652
0,212,4584.17724609375,45742.89453125,9.887913703918457,14.033334732055664,10.835436820983887
0,213,3295.078125,32854.46484375,9.631590843200684,12.467562675476074,2.8503448963165283
0,214,2040.43115234375,20332.87890625,7.143203258514404,9.812529563903809,11.272018432617188
0,215,2704.588134765625,26958.0390625,8.784064292907715,10.714877128601074,8.972915649414062
0,216,2063.81103515625,20525.728515625,11.23807430267334,10.021580696105957,5.530615329742432
0,217,1889.7841796875,18714.96875,18.287189483642578,9.476513862609863,11.610916137695312
0,218,3564.58056640625,35508.3671875,13.743962287902832,12.833703994750977,5.365975856781006
0,219,2582.541748046875,25658.708984375,16.6707820892334,11.444735527038574,13.583429336547852
0,220,3912.82080078125,38996.4453125,13.176300048828125,13.544082641601562,11.18424129486084
0,221,2569.59423828125,25597.55859375,9.838421821594238,9.769683837890625,13.098459243774414
0,222,3120.284912109375,31027.8515625,17.499755859375,11.852447509765625,6.746142864227295
0,223,3403.76513671875,33948.296875,8.935325622558594,12.906916618347168,13.925622940063477
0,224,3896.13134765625,38853.13671875,10.817572593688965,13.37492561340332,8.644625663757324
0,225,3010.7099609375,29971.4765625,13.56229305267334,11.763045310974121,10.725198745727539
0,226,2192.4462890625,21768.328125,15.613516807556152,10.033395767211914,10.87304401397705
0,227,3403.9208984375,33948.6953125,9.051307678222656,12.866047859191895,9.280478477478027
0,228,2214.247802734375,22025.96875,11.650851249694824,10.022149085998535,11.56046199798584
0,229,3401.217041015625,33753.078125,25.909133911132812,11.659152030944824,12.556078910827637
0,230,2289.822265625,22745.41796875,15.280532836914062,9.668253898620605,9.869219779968262
0,231,2148.803466796875,21397.3828125,9.06522274017334,9.498309135437012,3.805694580078125
0,232,3002.353759765625,29949.986328125,7.354957580566406,11.999610900878906,11.623181343078613
0,233,2841.83203125,28281.076171875,13.724247932434082,11.031783103942871,6.783715724945068
0,234,2754.6240234375,27350.53125,19.570768356323242,11.22635555267334,9.7429780960083
0,235,1023.1990356445312,10042.375,18.96154022216797,5.911385536193848,9.687125205993652
0,236,4483.16455078125,44673.62890625,15.801651000976562,14.9839448928833,9.652884483337402
0,237,4331.884765625,43203.28515625,11.556159973144531,14.056841850280762,6.7579498291015625
0,238,2311.5615234375,23017.9453125,9.76672649383545,10.102775573730469,13.0740385055542
0,239,3101.037109375,30924.40234375,8.596883773803711,11.60569953918457,9.545312881469727
0,240,2825.63232421875,28110.416015625,14.590563774108887,10.893519401550293,11.184823989868164
0,241,3708.785400390625,36836.4921875,25.136157989501953,13.002951622009277,7.983224391937256
0,242,2615.08740234375,26003.697265625,14.717429161071777,10.842247009277344,9.6441650390625
0,243,1573.455078125,15658.6591796875,7.589164733886719,7.852057933807373,10.405868530273438
0,244,2876.444091796875,28650.123046875,11.431598663330078,10.98797607421875,8.552563667297363
0,245,2596.626220703125,25857.671875,10.858942985534668,10.549666404724121,13.624655723571777
0,246,4010.17236328125,39921.96484375,17.97589874267578,14.246109008789062,13.41686725616455
0,247,2864.590576171875,28562.673828125,8.323348045349121,12.047283172607422,10.022323608398438
0,248,3028.87158203125,30105.9453125,18.277006149291992,10.665423393249512,8.324930191040039
0,249,2166.67138671875,21427.2421875,23.947071075439453,8.822669982910156,7.72637939453125
0,250,1964.6458740234375,19561.765625,8.469184875488281,9.626437187194824,10.94506549835205
0,251,4037.126708984375,40237.8671875,13.339795112609863,13.851991653442383,11.082552909851074
0,252,1752.9732666015625,17202.98828125,32.67448806762695,8.058911323547363,11.356680870056152
0,253,2152.493896484375,21347.576171875,17.73638916015625,9.725508689880371,9.5621976852417
0,254,4516.7900390625,45060.7734375,10.712411880493164,14.555277824401855,9.672961235046387
0,255,3866.04931640625,38533.359375,12.713285446166992,14.104507446289062,8.651135444641113
0,256,3103.8486328125,30758.5546875,27.993106842041016,10.983335494995117,7.625555515289307
0,257,3880.4228515625,38519.140625,28.5087947845459,13.489822387695312,12.847556114196777
0,258,2479.199462890625,24505.64453125,28.635074615478516,10.539294242858887,6.446404933929443
0,259,3817.365966796875,37974.234375,19.942363739013672,12.596521377563477,6.466046333312988
0,260,2980.140380859375,29685.5390625,11.58653736114502,11.265016555786133,10.974509239196777
0,261,3267.41064453125,32570.81640625,10.3287353515625,12.65648365020752,9.049521446228027
0,262,2636.56103515625,26260.0703125,10.553985595703125,10.804520606994629,7.715503215789795
0,263,3112.863037109375,31026.44921875,10.217988014221191,12.445157051086426,10.187140464782715
0,264,2021.9873046875,20081.01171875,13.88605785369873,9.112610816955566,14.41552734375
0,265,3046.149169921875,30360.94140625,10.055051803588867,12.1866455078125,11.145395278930664
0,266,3600.05859375,35911.1953125,8.939021110534668,13.618515014648438,11.3617525100708
0,267,3059.2431640625,30405.2734375,18.715801239013672,11.487689018249512,2.2619597911834717
0,268,2611.141845703125,26026.70703125,8.471285820007324,11.527800559997559,10.845804214477539
0,269,3288.72900390625,32799.98828125,8.730128288269043,11.584083557128906,7.823614597320557
0,270,4045.112548828125,40328.31640625,12.280791282653809,13.879936218261719,15.047616958618164
0,271,2346.97705078125,23373.99609375,9.577414512634277,9.680035591125488,5.431811809539795
0,272,2627.24755859375,26182.853515625,8.962056159973145,10.435943603515625,12.981829643249512
0,273,2169.457763671875,21586.357421875,10.822044372558594,8.721156120300293,9.905621528625488
0,274,2949.39013671875,29399.751953125,9.414728164672852,12.228022575378418,11.122360229492188
0,275,3033.64013671875,30241.775390625,9.462706565856934,12.15112018585205,10.022305488586426
0,276,3452.97998046875,34340.6796875,18.911766052246094,13.314584732055664,9.791055679321289
0,277,3627.440185546875,36054.5859375,21.981403350830078,12.578251838684082,14.743677139282227
0,278,3932.2138671875,39206.84765625,11.52902889251709,13.85971736907959,8.86780071258545
0,279,3523.708740234375,35124.6796875,11.240747451782227,12.921775817871094,7.855099678039551
0,280,2875.942626953125,28668.904296875,9.052130699157715,10.776944160461426,11.255404472351074
0,281,2242.24169921875,22318.033203125,10.438342094421387,10.024203300476074,11.83899211883545
0,282,965.5848999023438,9385.685546875,27.01633071899414,6.648972511291504,6.383862495422363
0,283,4213.73583984375,41970.79296875,16.656461715698242,14.028578758239746,8.107831001281738
0,284,2853.42919921875,28439.69921875,9.459301948547363,11.516804695129395,11.692694664001465
0,285,2902.25341796875,28694.884765625,32.7649040222168,11.25843620300293,5.767858982086182
0,286,3799.232421875,37905.6484375,8.667474746704102,12.56568431854248,11.137054443359375
0,287,3572.510009765625,35641.55078125,8.35490894317627,13.155817985534668,3.6727540493011475
0,288,3711.504638671875,37022.8125,9.223414421081543,12.556071281433105,6.091818332672119
0,289,4618.27392578125,46115.2578125,6.747910499572754,15.94773006439209,8.844568252563477
0,290,4660.93310546875,46526.28125,8.304916381835938,15.763888359069824,10.9255952835083
0,291,2433.49658203125,24207.859375,12.71080493927002,10.088083267211914,4.966787815093994
0,292,3379.23046875,33544.0078125,24.829557418823242,12.000865936279297,9.304641723632812
0,293,4347.33740234375,43373.9453125,9.942997932434082,15.46586799621582,6.217001438140869
0,294,2295.32861328125,22841.20703125,11.207831382751465,9.989421844482422,10.0816650390625
0,295,3070.05615234375,30531.75390625,16.88067054748535,12.04602336883545,13.108057022094727
0,296,2283.05615234375,22593.482421875,23.707727432250977,10.167902946472168,6.90669584274292
0,297,2807.783203125,28000.107421875,7.772403240203857,9.98930835723877,12.24399471282959
0,298,1810.8118896484375,18011.736328125,9.638216972351074,8.190779685974121,13.796707153320312
0,299,2598.858154296875,25870.1640625,11.841687202453613,11.397111892700195,9.500421524047852
0,300,3038.756103515625,30286.109375,10.14500617980957,12.577330589294434,5.401684761047363
0,301,2391.303466796875,23800.99609375,11.203814506530762,10.73608684539795,11.080069541931152
0,302,4398.01123046875,43851.50390625,12.860655784606934,15.165526390075684,10.044745445251465
0,303,3145.2001953125,31269.5078125,18.249149322509766,12.626094818115234,8.830859184265137
0,304,1360.9566650390625,13510.5849609375,9.898248672485352,6.920783996582031,12.090433120727539
0,305,3002.095703125,29950.84375,7.011241436004639,11.684353828430176,12.628829956054688
0,306,3208.2177734375,31939.556640625,14.261842727661133,12.268023490905762,5.188464641571045
0,307,2704.857421875,26970.865234375,7.770811557769775,11.817461013793945,14.993329048156738
0,308,3519.2607421875,35070.21875,12.238702774047852,12.736348152160645,10.040656089782715
0,309,2207.051513671875,21951.87890625,11.86343002319336,9.913680076599121,8.718060493469238
0,310,3902.27197265625,38946.4765625,7.624370098114014,13.590507507324219,14.459622383117676
0,311,2363.93994140625,23543.98828125,9.540909767150879,11.608375549316406,8.130441665649414
0,312,3947.85107421875,39378.58203125,9.992982864379883,14.304010391235352,10.331433296203613
0,313,1981.095947265625,19432.158203125,37.88018035888672,9.213554382324219,13.393487930297852
0,314,2830.874267578125,28229.8671875,7.887416362762451,11.576757431030273,9.693203926086426
0,315,2974.65673828125,29644.294921875,10.227335929870605,11.46148681640625,9.453378677368164
0,316,2734.88330078125,27232.23046875,11.660120964050293,11.94677734375,14.464508056640625
0,317,3084.66748046875,30708.373046875,13.830151557922363,11.918938636779785,10.337396621704102
0,318,3455.66650390625,34485.0859375,7.158069133758545,13.74144172668457,10.100976943969727
0,319,3320.638916015625,33032.5078125,17.38816261291504,12.138513565063477,11.775644302368164
0,320,1972.7412109375,19492.21484375,23.519636154174805,9.642132759094238,9.564425468444824
0,321,1935.2349853515625,19239.126953125,11.322236061096191,9.31745719909668,13.378076553344727
0,322,3045.0126953125,30295.8046875,15.432185173034668,11.910131454467773,6.657067775726318
0,323,1647.8656005859375,16344.794921875,13.3860502243042,7.865108489990234,11.942132949829102
0,324,1943.7015380859375,19334.83984375,10.217585563659668,10.480792045593262,11.210797309875488
0,325,2379.141357421875,23613.76171875,17.76523208618164,9.481276512145996,6.918893337249756
0,326,3561.44091796875,35513.921875,10.048538208007812,12.273536682128906,10.287857055664062
0,327,4155.84423828125,41476.15625,8.228686332702637,14.520182609558105,15.694720268249512
0,328,3501.22216796875,34856.55859375,15.566189765930176,13.053112983703613,10.009207725524902
0,329,3689.539306640625,36683.078125,21.23140525817871,14.128799438476562,10.087142944335938
0,330,2179.391357421875,21573.12109375,22.079187393188477,9.04262924194336,9.82675838470459
0,331,2362.16455078125,23533.126953125,8.851776123046875,10.704179763793945,10.375683784484863
0,332,2491.784423828125,24802.19140625,11.56506633758545,11.487822532653809,13.033276557922363
0,333,3318.067626953125,33053.4375,12.723910331726074,13.348291397094727,13.713296890258789
0,334,2428.419189453125,24220.8515625,6.334105968475342,11.051423072814941,12.035651206970215
0,335,2211.21826171875,21943.78125,16.840124130249023,9.556680679321289,9.54894733428955
0,336,2765.1494140625,27568.3125,8.318135261535645,10.677295684814453,11.814743041992188
0,337,2511.93017578125,24984.556640625,13.474333763122559,10.373746871948242,8.067893028259277
0,338,1514.478271484375,15017.6953125,12.708794593811035,7.813377380371094,10.2750244140625
0,339,2267.4755859375,22560.177734375,11.457663536071777,10.963828086853027,6.424111843109131
0,340,2583.07763671875,25738.0234375,9.275250434875488,10.822112083435059,12.578287124633789
0,341,4091.41162109375,40818.8515625,9.526466369628906,13.55205249786377,6.986672878265381
0,342,2834.13134765625,28266.181640625,7.5130615234375,10.884892463684082,10.32458782196045
0,343,3165.869140625,31576.572265625,8.2119779586792,11.41478157043457,12.803698539733887
0,344,2664.3046875,26448.7265625,19.431821823120117,11.21105670928955,9.395355224609375
0,345,3147.919189453125,31314.794921875,16.439786911010742,12.908038139343262,9.6411714553833
0,346,2979.107421875,29705.314453125,8.575911521911621,10.388972282409668,14.428878784179688
0,347,5092.703125,50837.296875,8.973156929016113,15.861849784851074,12.710433959960938
0,348,2628.25146484375,26072.177734375,21.03375244140625,11.336677551269531,8.529248237609863
0,349,2908.7587890625,28984.07421875,10.351408958435059,11.835413932800293,9.581619262695312
0,350,2315.848388671875,23060.62890625,9.78528118133545,11.775378227233887,9.483914375305176
0,351,2597.046142578125,25826.765625,14.36956787109375,10.074406623840332,7.471377849578857
0,352,1129.4539794921875,11141.640625,15.289949417114258,6.348614692687988,9.45801067352295
0,353,2082.6806640625,20740.73046875,8.60770320892334,11.387367248535156,5.223077297210693
0,354,2757.977294921875,27448.7578125,13.101449966430664,12.489134788513184,11.635766983032227
0,355,2308.217529296875,22997.3515625,8.48236083984375,11.091705322265625,12.636691093444824
0,356,3206.17626953125,31982.4765625,7.928378582000732,13.79102611541748,12.523852348327637
0,357,3741.751708984375,37204.53125,21.2985897064209,14.2283935546875,8.288797378540039
0,358,2120.900390625,21054.611328125,15.439261436462402,10.301745414733887,8.521801948547363
0,359,2367.717529296875,23606.048828125,7.112431526184082,10.903923988342285,7.901177883148193
0,360,1567.3245849609375,15520.015625,15.323022842407227,8.04493236541748,6.982934474945068
0,361,2386.47900390625,23717.708984375,14.707939147949219,9.927074432373047,13.224255561828613
0,362,2458.361328125,24510.109375,7.350343227386475,10.446952819824219,14.156058311462402
0,363,4295.36328125,42747.6171875,20.60161590576172,14.731091499328613,10.208441734313965
0,364,1879.477783203125,18642.787109375,15.199070930480957,9.241162300109863,12.719268798828125
0,365,2337.84033203125,23300.525390625,7.787736415863037,12.601635932922363,6.064975261688232
0,366,2592.25732421875,25797.6328125,12.493840217590332,11.445216178894043,8.53903865814209
0,367,2209.93212890625,22030.97265625,6.834751129150391,10.059317588806152,13.917096138000488
0,368,2724.067138671875,27122.65625,11.80152702331543,11.041865348815918,11.313974380493164
0,369,4028.94775390625,40095.46875,19.400938034057617,14.897635459899902,14.069357872009277
0,370,3414.3896484375,34054.8359375,8.906126022338867,13.187582969665527,13.6736421585083
0,371,3784.50439453125,37616.75390625,22.82874870300293,14.825560569763184,12.412650108337402
0,372,4211.205078125,41921.671875,19.037649154663086,15.0036039352417,7.8043212890625
0,373,2451.689453125,24418.984375,9.791092872619629,11.280177116394043,7.786947727203369
0,374,2289.6845703125,22729.63671875,16.72085952758789,9.459426879882812,9.07498836517334
0,375,1465.4669189453125,14437.70703125,21.696210861206055,7.997308254241943,12.781997680664062
0,376,3696.893310546875,36872.06640625,9.686589241027832,14.429762840270996,10.800277709960938
0,377,3607.290771484375,35987.140625,8.576766014099121,14.799532890319824,5.742785930633545
0,378,2202.567626953125,21959.072265625,6.6603288650512695,9.205818176269531,13.677240371704102
0,379,2201.2958984375,21857.8515625,15.5108642578125,10.739298820495605,14.357937812805176
0,380,1645.569091796875,16365.9287109375,8.976153373718262,8.780924797058105,15.98040771484375
0,381,3380.065185546875,33738.53515625,6.211635112762451,14.80650806427002,8.465255737304688
0,382,2000.3311767578125,19879.087890625,12.42236042022705,9.003153800964355,7.923272609710693
0,383,2490.51904296875,24796.42578125,10.876448631286621,11.067357063293457,9.262069702148438
0,384,2928.06982421875,29136.1953125,14.450291633605957,12.945978164672852,11.549038887023926
0,385,1079.4189453125,10619.0498046875,17.513927459716797,8.087664604187012,6.970059394836426
0,386,2793.479248046875,27820.47265625,11.431780815124512,11.978195190429688,6.940804958343506
0,387,1768.4278564453125,17484.337890625,19.99397087097168,8.886346817016602,6.574746608734131
0,388,3695.7607421875,36878.85546875,7.875331401824951,15.178034782409668,8.894088745117188
0,389,3463.75732421875,34516.6015625,12.097198486328125,14.28159236907959,11.149096488952637
0,390,2481.661865234375,24722.517578125,9.410055160522461,12.088312149047852,12.158197402954102
0,391,4511.515625,45044.43359375,7.072207927703857,16.05657386779785,7.989264011383057
0,392,2058.194091796875,20370.71484375,21.122583389282227,10.415933609008789,6.8701629638671875
0,393,4275.58984375,42607.30859375,14.859033584594727,15.562224388122559,13.549982070922852
0,394,3010.384521484375,30010.10546875,9.374069213867188,13.335249900817871,14.8427734375
0,395,1526.7525634765625,15082.623046875,18.490182876586914,8.42273235321045,9.480719566345215
0,396,1710.021484375,16904.00390625,19.6210880279541,9.04766845703125,12.10349178314209
0,397,2465.699462890625,24520.4296875,13.65644359588623,10.922039985656738,10.224502563476562
0,398,3802.08984375,37870.9140625,14.998326301574707,14.946260452270508,7.47121000289917
0,399,1732.4019775390625,17028.640625,29.537811279296875,9.52857494354248,8.365221977233887
0,400,3038.758056640625,30164.19140625,22.338836669921875,13.169760704040527,9.1907320022583
0,401,2862.60986328125,28469.19921875,15.689882278442383,11.387472152709961,9.617019653320312
0,402,1520.760986328125,15073.12890625,13.448126792907715,9.525211334228516,10.518054008483887
0,403,3616.42138671875,36024.07421875,14.014019966125488,14.558550834655762,10.524191856384277
0,404,1781.0521240234375,17731.296875,7.922341823577881,9.8391752243042,11.483807563781738
0,405,3534.9736328125,35268.625,8.111002922058105,13.442712783813477,12.876843452453613
0,406,2466.92724609375,24540.80078125,12.84714412689209,11.187071800231934,11.9627046585083
0,407,2528.593505859375,25113.466796875,17.246749877929688,12.668561935424805,9.852783203125
0,408,2495.194580078125,24800.7109375,15.123443603515625,11.53975772857666,8.062524795532227
0,409,2665.508544921875,26526.3671875,12.871932029724121,13.23576831817627,6.897116184234619
0,410,3010.676025390625,29966.455078125,14.030487060546875,13.02892780303955,9.5241117477417
0,411,3124.74853515625,31061.40625,18.607868194580078,13.329019546508789,13.403372764587402
0,412,3007.63720703125,29945.4609375,13.091163635253906,12.757872581481934,11.154123306274414
0,413,2850.94580078125,28353.734375,15.57219409942627,12.105676651000977,10.015856742858887
0,414,2688.29736328125,26548.935546875,33.40373992919922,11.132475852966309,14.486157417297363
0,415,2458.468017578125,24516.59375,6.808525085449219,11.832260131835938,11.379358291625977
0,416,3112.27490234375,31024.837890625,9.791128158569336,14.000617027282715,9.935897827148438
0,417,2460.336181640625,24498.81640625,10.45459270477295,11.361611366271973,15.558395385742188
0,418,2390.608642578125,23794.69921875,11.138707160949707,11.404045104980469,7.5142974853515625
0,419,2230.575439453125,22234.517578125,7.123546123504639,13.237799644470215,10.087310791015625
0,420,2353.814453125,23460.681640625,7.74627685546875,12.316595077514648,9.482950210571289
0,421,3349.764892578125,33193.92578125,30.372360229492188,13.034655570983887,10.17510986328125
0,422,3777.88720703125,37711.61328125,6.725869178771973,14.584616661071777,9.093399047851562
0,423,2237.759033203125,22286.53125,9.105969429016113,12.235595703125,2.1201171875
0,424,2205.546875,21970.990234375,8.447795867919922,11.145881652832031,12.35254192352295
0,425,1551.861328125,15434.65234375,8.396117210388184,9.42973804473877,10.183758735656738
0,426,986.4415283203125,9688.109375,17.630573272705078,7.558371067047119,11.993255615234375
0,427,3669.6845703125,36547.828125,14.90173053741455,14.708770751953125,11.833224296569824
0,428,1861.9398193359375,18395.396484375,22.400182723999023,9.912160873413086,11.491055488586426
0,429,3019.376708984375,30068.015625,12.575113296508789,12.073773384094238,11.693078994750977
0,430,1756.1724853515625,17458.33203125,10.339253425598145,8.792510032653809,6.974478244781494
0,431,2582.29296875,25719.138671875,10.37924861907959,13.134605407714844,9.1605806350708
0,432,2734.4326171875,27278.8515625,6.547461032867432,12.01070785522461,4.631384372711182
0,433,4838.61767578125,48273.05078125,11.312458038330078,15.86563777923584,8.406329154968262
0,434,2513.984130859375,25066.140625,7.370204448699951,11.305655479431152,8.1356201171875
0,435,3733.627197265625,37147.25,18.902070999145508,15.373404502868652,9.529528617858887
0,436,1728.70654296875,17214.5859375,7.247865200042725,8.105871200561523,13.331921577453613
0,437,2440.3466796875,24188.892578125,21.457172393798828,11.801567077636719,8.261237144470215
0,438,2166.485595703125,21496.396484375,16.845956802368164,10.572291374206543,10.102917671203613
0,439,1670.9591064453125,16622.34375,8.724735260009766,9.020391464233398,11.155001640319824
0,440,3369.12939453125,33594.953125,9.633971214294434,12.292464256286621,10.058850288391113
0,441,1802.923583984375,17879.2578125,14.997836112976074,10.947602272033691,8.982394218444824
0,442,1860.8072509765625,18516.951171875,9.112093925476074,11.720732688903809,12.738476753234863
0,443,1853.339111328125,18407.78515625,12.560500144958496,9.692099571228027,8.547656059265137
0,444,4102.77197265625,40933.90234375,9.3816499710083,14.992471694946289,9.741769790649414
0,445,2058.856201171875,20483.171875,10.539047241210938,8.667779922485352,12.804986953735352
0,446,2633.92626953125,26279.31640625,5.994686126708984,13.39734935760498,8.672110557556152
0,447,2083.881103515625,20738.123046875,10.068933486938477,10.465156555175781,10.324701309204102
0,448,2272.630859375,22630.34375,9.596390724182129,10.093635559082031,9.33313274383545
0,449,2683.271484375,26725.69140625,10.702306747436523,13.142340660095215,5.817419528961182
0,450,3751.734619140625,37268.3984375,24.89479637145996,15.112375259399414,10.669135093688965
0,451,1819.236083984375,17877.408203125,31.4952449798584,10.337394714355469,11.702313423156738
0,452,4066.74853515625,40557.92578125,10.955696105957031,15.243582725524902,11.16217041015625
0,453,2363.725830078125,23435.046875,20.22122573852539,11.053196907043457,12.741583824157715
0,454,2760.17919921875,27393.587890625,20.820249557495117,12.179468154907227,6.697705268859863
0,455,2402.8603515625,23953.849609375,7.475301265716553,13.408782958984375,13.605475425720215
0,456,3001.4140625,29936.0078125,7.813282012939453,11.617586135864258,10.999872207641602
0,457,3036.7724609375,30218.1484375,14.957564353942871,12.921623229980469,9.052197456359863
0,458,3563.72119140625,35547.375,8.983713150024414,14.811488151550293,10.106454849243164
0,459,2786.087158203125,27780.005859375,8.086443901062012,13.773566246032715,8.381479263305664
0,460,2397.1318359375,23891.208984375,8.011080741882324,9.54859447479248,10.261117935180664
0,461,3112.546630859375,31014.302734375,11.116090774536133,12.725732803344727,13.878531455993652
0,462,2549.848876953125,25408.73828125,8.974979400634766,10.875300407409668,10.176138877868652
0,463,1935.556640625,19276.90625,7.865955352783203,10.212440490722656,7.080148220062256
0,464,2043.3511962890625,20324.4921875,10.90201473236084,10.609637260437012,5.784585475921631
0,465,3686.864501953125,36750.8984375,11.774641990661621,15.266608238220215,12.174761772155762
0,466,1781.057861328125,17638.125,17.245420455932617,10.600625038146973,5.86195707321167
0,467,2169.376953125,21601.982421875,9.17876148223877,10.120387077331543,9.922717094421387
0,468,2901.026611328125,28914.97265625,9.529372215270996,13.813409805297852,8.3903169631958
0,469,2400.935791015625,23948.802734375,6.055342197418213,12.308943748474121,8.763406753540039
0,470,1659.3956298828125,16501.076171875,9.288023948669434,10.564993858337402,8.07181453704834
0,471,1726.024658203125,17081.044921875,17.920116424560547,10.773150444030762,5.128970623016357
0,472,1639.5609130859375,16324.3544921875,7.12548828125,10.767123222351074,9.903632164001465
0,473,1833.257080078125,18238.83984375,9.373019218444824,10.358993530273438,11.10516357421875
0,474,4045.6025390625,40348.8359375,10.719107627868652,15.523503303527832,8.28934383392334
0,475,2117.471435546875,21055.994140625,11.872049331665039,11.85216236114502,13.3790283203125
0,476,1579.4923095703125,15638.708984375,15.621356010437012,8.608755111694336,8.979702949523926
0,477,1309.3037109375,12924.029296875,16.90077018737793,8.35309886932373,10.072656631469727
0,478,3091.56103515625,30838.791015625,7.681922912597656,13.649928092956543,11.235272407531738
0,479,2710.794677734375,26977.798828125,13.014551162719727,11.29526424407959,9.364798545837402
0,480,3015.641357421875,30061.1875,9.522455215454102,13.411892890930176,13.974810600280762
0,481,2595.96044921875,25850.291015625,10.931456565856934,12.11942195892334,6.019998073577881
0,482,3333.183837890625,33237.9921875,9.384454727172852,12.875656127929688,9.67199993133545
0,483,1790.7071533203125,17813.2265625,9.384543418884277,8.285479545593262,11.121817588806152
0,484,1092.234375,10810.31640625,11.202738761901855,9.169215202331543,10.134323120117188
0,485,2354.076904296875,23382.904296875,15.78648567199707,11.837422370910645,11.416879653930664
0,486,2059.523681640625,20466.46484375,12.877197265625,10.594644546508789,8.624478340148926
0,487,3151.865478515625,31387.673828125,13.098230361938477,12.449907302856445,12.3695068359375
0,488,2440.3017578125,24265.078125,13.793991088867188,11.514351844787598,3.363629102706909
0,489,2799.677734375,27928.515625,6.826254367828369,13.751619338989258,11.956644058227539
0,490,1398.074951171875,13757.7529296875,22.299699783325195,7.8766093254089355,7.1049957275390625
0,491,2880.480712890625,28739.20703125,6.560105800628662,12.794168472290039,13.170053482055664
0,492,2059.7763671875,20400.09765625,19.766599655151367,12.239306449890137,10.182464599609375
0,493,2733.57177734375,27178.96484375,15.675379753112793,13.500907897949219,7.098330974578857
0,494,3434.10498046875,34249.1484375,9.19025993347168,13.429224967956543,5.7931671142578125
0,495,2385.33740234375,23709.189453125,14.4183988571167,12.047294616699219,6.906167507171631
0,496,2674.5341796875,26678.916015625,6.642682075500488,13.707562446594238,7.183728218078613
0,497,3855.07470703125,38485.05859375,6.568830966949463,14.368697166442871,14.580947875976562
0,498,2843.68701171875,28349.87109375,8.700027465820312,11.989092826843262,13.374213218688965
0,499,2470.965576171875,24626.96484375,8.268987655639648,10.673867225646973,10.483786582946777
0,500,2770.9169921875,27561.7578125,14.741293907165527,12.466351509094238,11.22161865234375
0,501,3472.634033203125,34613.921875,11.241801261901855,14.74718189239502,14.239764213562012
0,502,1934.3701171875,19253.4453125,9.025486946105957,10.728242874145508,9.209988594055176
0,503,1948.774658203125,19394.80078125,9.294554710388184,11.593439102172852,10.497970581054688
0,504,3764.70849609375,37564.2109375,8.287446975708008,15.515826225280762,10.287680625915527
0,505,2095.357421875,20832.044921875,12.152933120727539,12.112439155578613,5.7741851806640625
0,506,2482.572509765625,24669.533203125,15.619139671325684,12.598461151123047,12.367172241210938
0,507,1910.493896484375,18991.7890625,11.314887046813965,12.4479398727417,12.517416954040527
0,508,1833.7593994140625,18214.90234375,12.269128799438477,9.444472312927246,6.254034519195557
0,509,3615.15185546875,36067.60546875,8.39139461517334,14.90659236907959,7.749868869781494
0,510,2626.335205078125,26156.390625,10.695963859558105,11.957341194152832,7.515088081359863
0,511,1840.7794189453125,18261.34765625,14.64465045928955,10.59532356262207,8.6043062210083
0,512,1648.5625,16376.224609375,10.940119743347168,11.08883285522461,7.595013618469238
0,513,1901.7569580078125,18884.1796875,13.33897590637207,10.379012107849121,7.147229194641113
0,514,1301.247314453125,12753.01953125,25.9453067779541,9.323202133178711,11.560831069946289
0,515,2866.310546875,28473.4609375,18.964305877685547,13.191680908203125,7.431069850921631
0,516,1323.27685546875,13051.5703125,18.11976432800293,9.013449668884277,9.385016441345215
0,517,2275.818603515625,22668.15625,9.003044128417969,10.731892585754395,8.949679374694824
0,518,2039.9676513671875,20257.517578125,14.215832710266113,10.160152435302734,5.490835666656494
0,519,2961.174072265625,29218.2109375,39.35297393798828,11.511517524719238,11.088663101196289
0,520,2452.029541015625,24295.01171875,22.52822494506836,12.710203170776367,8.390902519226074
0,521,2768.0947265625,27591.642578125,8.93037223815918,12.169418334960938,7.954308986663818
0,522,2089.794677734375,20823.1328125,7.48140287399292,10.633627891540527,15.255334854125977
0,523,2749.234375,27315.8515625,17.649080276489258,14.295628547668457,8.971652030944824
0,524,3307.066650390625,33012.78515625,5.788093566894531,13.879776000976562,10.213058471679688
0,525,3171.792236328125,31573.900390625,14.402002334594727,13.97415828704834,8.148544311523438
0,526,2870.152587890625,28636.04296875,6.548230171203613,14.780733108520508,7.550817966461182
0,527,951.4620971679688,9282.275390625,23.23456382751465,10.040060043334961,9.0811767578125
0,528,1479.08935546875,14682.51171875,10.838099479675293,11.967423439025879,9.767951011657715
0,529,1972.7308349609375,19591.30859375,13.599945068359375,10.04817008972168,3.943951368331909
0,530,2661.72998046875,26510.556640625,10.674301147460938,13.72851276397705,10.881094932556152
0,531,3818.82958984375,38094.18359375,9.411111831665039,15.132819175720215,8.3152494430542
0,532,2082.87841796875,20742.359375,8.642251968383789,12.138046264648438,9.916589736938477
0,533,2645.7109375,26379.30078125,7.78076171875,11.985517501831055,14.569452285766602
0,534,3412.20947265625,34039.56640625,8.252603530883789,12.302477836608887,11.396344184875488
0,535,2338.517822265625,23190.68359375,19.449432373046875,11.88734245300293,6.771264553070068
0,536,2817.153564453125,28058.328125,11.320721626281738,13.016156196594238,13.260785102844238
0,537,2166.189208984375,21586.078125,7.581361293792725,12.55474853515625,12.53830623626709
0,538,1248.5247802734375,12311.8203125,17.342802047729492,7.187254428863525,7.550366401672363
0,539,3105.0888671875,30934.44140625,11.644879341125488,14.918509483337402,7.443020820617676
0,540,2607.524658203125,25988.251953125,8.699520111083984,12.175444602966309,11.108240127563477
0,541,3353.50537109375,33304.2578125,23.079601287841797,14.755922317504883,17.279001235961914
0,542,3760.831298828125,37546.7890625,6.152231216430664,15.0065279006958,13.8732328414917
0,543,2449.536865234375,24416.203125,7.916571140289307,12.50428581237793,9.908838272094727
0,544,2090.030029296875,20832.626953125,6.767341613769531,10.062875747680664,8.77173137664795
0,545,1064.9200439453125,10350.072265625,29.91285514831543,7.316510200500488,9.973477363586426
0,546,2902.16162109375,28932.95703125,8.866081237792969,15.268277168273926,16.192962646484375
0,547,1008.0360717773438,9916.291015625,16.406997680664062,6.422633647918701,6.363690376281738
0,548,1746.8717041015625,17358.150390625,11.056635856628418,9.964460372924805,8.662109375
0,549,1656.7886962890625,16430.986328125,13.690009117126465,10.334932327270508,13.56784725189209
0,550,1568.1143798828125,15608.4619140625,7.268157958984375,8.858383178710938,14.417587280273438
0,551,3204.96875,31920.51171875,12.9175386428833,13.005629539489746,11.492423057556152
0,552,1901.5841064453125,18878.27734375,13.75634479522705,11.865812301635742,10.536089897155762
0,553,2813.624755859375,28032.650390625,10.35966968536377,13.32104778289795,10.037503242492676
0,554,3414.10791015625,34072.0625,6.901580810546875,14.576959609985352,11.54626750946045
0,555,2769.013671875,27488.5859375,20.15513038635254,14.560134887695312,6.860461711883545
0,556,2406.65869140625,23964.037109375,10.254838943481445,11.68482494354248,12.835672378540039
0,557,1331.704345703125,13202.685546875,11.435809135437012,10.652255058288574,11.548041343688965
0,558,2833.128173828125,28243.775390625,8.750421524047852,11.93359088897705,6.394967555999756
0,559,2798.26806640625,27866.0390625,11.663989067077637,12.251250267028809,12.069366455078125
0,560,1218.356201171875,12035.8515625,14.771023750305176,11.204187393188477,14.681647300720215
0,561,1766.6055908203125,17594.63671875,7.141824245452881,11.01089096069336,5.953976631164551
0,562,2092.56787109375,20765.099609375,16.057849884033203,13.29975414276123,9.495718955993652
0,563,2577.8505859375,25710.87890625,6.762673854827881,11.325828552246094,13.317987442016602
0,564,2389.537109375,23795.57421875,9.979779243469238,12.103388786315918,3.794781446456909
0,565,2484.6748046875,24764.736328125,8.201228141784668,11.947839736938477,9.416577339172363
0,566,3205.558837890625,31868.505859375,18.708322525024414,14.692651748657227,11.758999824523926
0,567,2274.3701171875,22644.07421875,9.962641716003418,12.364160537719727,9.757211685180664
0,568,1282.3201904296875,12754.7529296875,6.844905853271484,11.282644271850586,11.59946346282959
0,569,2133.093017578125,21260.755859375,7.017333507537842,11.96056079864502,8.833887100219727
0,570,2524.18603515625,25158.4765625,8.338287353515625,12.882784843444824,12.558646202087402
0,571,2204.737060546875,21935.583984375,11.178616523742676,11.424477577209473,7.225680828094482
0,572,1756.6051025390625,17475.26953125,9.078177452087402,11.1860990524292,10.038843154907227
0,573,1207.235107421875,11981.94921875,9.040163040161133,7.588116645812988,14.889389038085938
0,574,2165.461669921875,21601.720703125,5.289561748504639,11.27386474609375,5.56776762008667
0,575,2891.451171875,28767.55859375,14.695388793945312,13.333642959594727,11.614584922790527
0,576,1270.25732421875,12483.330078125,21.924367904663086,10.640950202941895,9.215970039367676
0,577,2104.4619140625,20743.517578125,30.110197067260742,11.908198356628418,12.221084594726562
0,578,3501.430419921875,34911.8359375,10.246912956237793,15.425009727478027,9.295401573181152
0,579,2403.51708984375,23945.279296875,8.988985061645508,12.457015037536621,5.067553997039795
0,580,1891.8731689453125,18852.25,6.6482253074646,11.764789581298828,9.826590538024902
0,581,1856.186767578125,18474.54296875,8.732426643371582,11.102742195129395,15.6214599609375
0,582,1605.986083984375,15869.4833984375,19.037734985351562,7.528797149658203,3.7123870849609375
0,583,2937.14892578125,29222.287109375,14.920045852661133,15.42705249786377,11.696917533874512
0,584,3336.08447265625,33233.6953125,12.714770317077637,15.114758491516113,7.900146484375
0,585,2275.54150390625,22647.50390625,10.791090965270996,11.460963249206543,8.42557430267334
0,586,3029.466796875,30170.359375,12.430846214294434,11.956436157226562,8.817028999328613
0,587,1790.272216796875,17811.712890625,9.100979804992676,11.111932754516602,11.60629940032959
0,588,1961.698486328125,19503.955078125,11.302947998046875,10.092203140258789,8.911786079406738
0,589,1601.6790771484375,15652.35546875,36.443424224853516,10.246278762817383,5.065057277679443
0,590,3537.28271484375,35263.59765625,10.922831535339355,15.611233711242676,13.026846885681152
0,591,2091.01318359375,20799.2265625,11.090499877929688,9.417337417602539,7.82391357421875
0,592,1840.361083984375,18309.767578125,9.384242057800293,11.761817932128906,12.626266479492188
0,593,2339.99658203125,23156.2265625,24.373703002929688,10.493764877319336,6.697412014007568
0,594,3057.614990234375,30486.6875,8.946405410766602,13.701321601867676,6.157193183898926
0,595,1950.4874267578125,19410.572265625,9.430179595947266,9.627791404724121,6.447970867156982
0,596,3513.291259765625,35062.7421875,7.017005920410156,15.495889663696289,7.22371244430542
0,597,2301.989990234375,22924.958984375,9.49405574798584,11.810724258422852,11.891863822937012
0,598,2741.289306640625,27332.47265625,8.04201602935791,12.910690307617188,14.067278861999512
0,599,1405.56884765625,13808.57421875,24.71146011352539,10.375855445861816,8.741055488586426
0,600,3061.85205078125,30499.7421875,11.877795219421387,14.356170654296875,7.863739013671875
0,601,2316.48193359375,23092.041015625,7.277807712554932,11.824978828430176,11.44457721710205
0,602,3445.009521484375,34373.15234375,7.6943254470825195,14.679354667663574,8.798468589782715
0,603,1839.98876953125,18262.771484375,13.711567878723145,10.199419021606445,7.1718292236328125
0,604,3560.167724609375,35515.7734375,8.590373039245605,14.627161026000977,14.625604629516602
0,605,2430.730712890625,24183.30859375,12.399920463562012,12.707944869995117,16.525861740112305
0,606,2918.818603515625,29072.1875,11.599746704101562,13.044095039367676,6.21162748336792
0,607,2015.325927734375,20029.654296875,12.360465049743652,10.877032279968262,14.556845664978027
0,608,3608.328857421875,35906.5,17.67871856689453,17.30624771118164,9.368502616882324
0,609,1839.1688232421875,18287.619140625,10.406855583190918,11.15682601928711,12.166180610656738
0,610,3005.442138671875,29931.4296875,12.29902458190918,12.685554504394531,11.863308906555176
0,611,2382.2587890625,23743.41015625,7.917664527893066,12.948161125183105,8.542197227478027
0,612,2630.24609375,26212.19140625,9.026947021484375,12.888522148132324,8.026712417602539
0,613,1895.3271484375,18830.625,12.264589309692383,10.0762357711792,9.9647216796875
0,614,582.9953002929688,5670.296875,15.965585708618164,9.353752136230469,9.899441719055176
0,615,1833.6668701171875,18250.546875,8.6121826171875,11.851553916931152,9.586908340454102
0,616,1617.3748779296875,16127.830078125,4.5917840003967285,10.65379524230957,8.731378555297852
0,617,4028.9384765625,40204.640625,8.474342346191406,16.399452209472656,8.3203706741333
0,618,1749.6153564453125,17390.56640625,10.558753967285156,8.462407112121582,10.749032974243164
0,619,2118.6953125,21132.705078125,5.424919605255127,13.517910957336426,6.606469631195068
0,620,1179.872314453125,11664.3173828125,13.440550804138184,7.87103271484375,10.238812446594238
0,621,1639.665771484375,16285.875,11.078235626220703,9.122565269470215,9.404815673828125
0,622,2890.5986328125,28788.462890625,11.752150535583496,13.6763334274292,13.419116020202637
0,623,3856.69140625,38491.48046875,7.543233394622803,14.516946792602539,8.582446098327637
0,624,3456.73828125,34462.1953125,10.51874828338623,15.49914264678955,8.734643936157227
0,625,4164.94091796875,41574.015625,7.539294719696045,15.206755638122559,11.638775825500488
0,626,2809.0625,27911.048828125,17.957408905029297,12.255703926086426,10.507550239562988
0,627,2060.65869140625,20523.453125,8.313227653503418,9.966586112976074,6.858105659484863
0,628,2299.69580078125,22908.392578125,8.856478691101074,12.925007820129395,8.290725708007812
0,629,2256.592041015625,22444.638671875,12.128066062927246,12.319636344909668,12.845743179321289
0,630,1634.4410400390625,16253.5234375,9.088578224182129,9.908644676208496,13.681711196899414
0,631,2554.243896484375,25461.6484375,8.07902717590332,15.397293090820312,8.535056114196777
0,632,1633.9112548828125,16105.03515625,23.407699584960938,9.981287956237793,13.781201362609863
0,633,2495.119140625,24868.564453125,8.262667655944824,11.16657829284668,7.8919677734375
0,634,2519.5654296875,25131.853515625,6.380212306976318,13.455703735351562,11.215805053710938
0,635,1753.5625,17463.060546875,7.256448268890381,10.292887687683105,11.675372123718262
0,636,1224.385986328125,12173.6015625,7.025760173797607,8.521249771118164,8.409354209899902
0,637,2283.3271484375,22660.76171875,17.251094818115234,9.756235122680664,10.652453422546387
0,638,1043.5,10309.44921875,12.5549955368042,10.368230819702148,9.191064834594727
0,639,2402.297119140625,23885.3203125,13.765166282653809,14.074958801269531,10.3536958694458
0,640,2219.94287109375,22135.5546875,6.387436866760254,14.155258178710938,12.282620429992676
0,641,2397.471923828125,23897.87109375,7.684906005859375,13.906201362609863,4.598019599914551
0,642,1436.5089111328125,14198.3603515625,16.672861099243164,11.33576488494873,3.1854889392852783
0,643,3180.860595703125,31682.05078125,12.6555757522583,15.0531644821167,10.086249351501465
0,644,1049.55224609375,10370.921875,12.460136413574219,7.386807918548584,10.147686958312988
0,645,3033.1875,30218.03515625,11.38403034210205,12.861276626586914,11.020316123962402
0,646,1612.51611328125,16013.4326171875,11.172818183898926,9.728964805603027,10.783236503601074
0,647,1856.3331298828125,18417.6171875,14.571466445922852,11.542055130004883,9.282797813415527
0,648,1405.8328857421875,13920.8701171875,13.745841979980469,11.495798110961914,10.767059326171875
0,649,2025.6199951171875,20187.46484375,6.873584270477295,9.990633964538574,8.090127944946289
0,650,2845.762939453125,28389.578125,6.805152893066406,15.404298782348633,8.57776165008545
0,651,887.5386352539062,8655.50390625,21.988235473632812,10.243054389953613,9.55889892578125
0,652,2663.539306640625,26550.82421875,8.456671714782715,13.929591178894043,8.26513957977295
0,653,1820.380615234375,18101.09765625,10.270838737487793,10.452579498291016,9.65722942352295
0,654,1917.423828125,19046.20703125,12.803133964538574,10.132060050964355,11.121909141540527
0,655,2648.515869140625,26404.41796875,8.073931694030762,13.35575008392334,9.190185546875
0,656,2810.250732421875,28020.234375,8.227256774902344,14.804265022277832,7.598577976226807
0,657,2233.036865234375,22225.91796875,10.445003509521484,10.589250564575195,11.84726619720459
0,658,2477.862060546875,24648.259765625,13.036152839660645,11.52190113067627,5.294531345367432
0,659,1164.422119140625,11550.23828125,9.398279190063477,10.25914478302002,6.562826633453369
0,660,959.3391723632812,9457.3173828125,13.607428550720215,8.395936965942383,5.429385662078857
0,661,2137.44921875,21302.8984375,7.159544467926025,14.507124900817871,9.748282432556152
0,662,1583.508544921875,15688.462890625,14.662175178527832,8.843161582946777,13.915323257446289
0,663,2067.674560546875,20533.046875,14.36997127532959,12.231913566589355,10.006491661071777
0,664,2738.52392578125,27323.50390625,6.17348051071167,13.741101264953613,13.403848648071289
0,665,2821.2177734375,28125.6796875,8.649606704711914,11.947809219360352,7.7557830810546875
0,666,2077.383544921875,20669.123046875,10.471131324768066,14.525256156921387,9.465530395507812
0,667,1890.41015625,18764.4609375,13.963988304138184,11.943344116210938,12.75833797454834
0,668,990.0945434570312,9757.298828125,14.364639282226562,9.397732734680176,15.465643882751465
0,669,2652.25244140625,26385.357421875,13.7166748046875,12.391268730163574,8.651239395141602
0,670,1243.8270263671875,12291.01953125,14.725085258483887,9.767356872558594,11.169135093688965
0,671,1979.78662109375,19701.66015625,9.62054443359375,12.182380676269531,11.270892143249512
0,672,1702.345703125,16909.0234375,11.443408012390137,10.140637397766113,15.028525352478027
0,673,1078.0965576171875,10697.40234375,8.35633659362793,8.851117134094238,8.230450630187988
0,674,1192.2255859375,11743.9365234375,17.831937789916992,8.701519966125488,12.08667278289795
0,675,1932.659423828125,19213.541015625,11.30534839630127,11.67307186126709,7.273428440093994
0,676,1867.59716796875,18550.533203125,12.54382610321045,12.983301162719727,9.45599365234375
0,677,1569.206787109375,15591.6142578125,10.045242309570312,12.428147315979004,9.775726318359375
0,678,1080.16552734375,10571.3232421875,23.033231735229492,7.451704502105713,10.368621826171875
0,679,2283.47900390625,22772.470703125,6.2319464683532715,14.185302734375,8.531943321228027
0,680,1229.2269287109375,12127.36328125,16.490598678588867,9.43001651763916,12.573074340820312
0,681,2328.23046875,23224.25,5.805340766906738,13.303515434265137,8.700891494750977
0,682,688.3607788085938,6520.4423828125,36.3165283203125,6.2852396965026855,15.725024223327637
0,683,1193.065673828125,11683.3544921875,24.730215072631836,9.610507011413574,11.368206977844238
0,684,2726.15087890625,27099.3046875,16.220388412475586,13.827879905700684,10.174899101257324
0,685,2066.056396484375,20554.119140625,10.644566535949707,11.760762214660645,13.96652889251709
0,686,2819.6767578125,28117.470703125,7.929765224456787,15.976859092712402,7.9738616943359375
0,687,1350.33154296875,13432.642578125,7.067274570465088,10.140368461608887,6.454986572265625
0,688,1514.017333984375,15050.896484375,8.92759895324707,10.741145133972168,13.400214195251465
0,689,2199.378173828125,21921.5859375,7.219490051269531,12.803105354309082,15.545312881469727
0,690,1959.3040771484375,19426.33984375,16.670074462890625,10.400357246398926,6.530911445617676
0,691,2093.854248046875,20784.06640625,15.447412490844727,11.654009819030762,6.295904636383057
0,692,2524.171142578125,25148.103515625,9.360931396484375,14.841204643249512,14.2010498046875
0,693,3086.232177734375,30792.1953125,7.012670040130615,15.836569786071777,11.841931343078613
0,694,2053.958740234375,20432.63671875,10.695013999938965,10.097254753112793,10.939688682556152
0,695,2043.1597900390625,20379.927734375,5.166993618011475,12.156622886657715,6.116543769836426
0,696,1984.413330078125,19667.712890625,17.64192771911621,10.350020408630371,12.085739135742188
0,697,2572.2568359375,25633.51953125,8.904882431030273,13.012588500976562,6.723736763000488
0,698,2412.50830078125,23833.20703125,29.18754005432129,11.782553672790527,9.874838829040527
0,699,1484.8477783203125,14769.953125,7.85238790512085,10.113479614257812,5.058081150054932
0,700,2825.19140625,28176.2734375,7.564063549041748,14.662538528442383,9.337979316711426
0,701,1009.3894653320312,10016.986328125,7.690783977508545,9.042192459106445,10.612848281860352
0,702,2806.0546875,27976.1953125,8.434981346130371,16.130199432373047,12.723657608032227
0,703,2402.016845703125,23936.361328125,8.380559921264648,14.139935493469238,13.294488906860352
0,704,2217.98681640625,22097.3046875,8.256338119506836,14.22454833984375,9.12345027923584
0,705,1515.3338623046875,15040.2236328125,11.31156063079834,9.072586059570312,13.986032485961914
0,706,3109.915771484375,31010.154296875,8.90046215057373,14.625030517578125,9.30652141571045
0,707,1178.64794921875,11687.0361328125,9.944329261779785,9.657669067382812,13.335281372070312
0,708,2774.397705078125,27660.06640625,8.391194343566895,12.345162391662598,9.619275093078613
0,709,1347.3070068359375,13384.72265625,8.834702491760254,9.253503799438477,6.961801052093506
0,710,1533.5751953125,15227.7412109375,10.801074028015137,8.6577787399292,14.24945068359375
0,711,2153.447021484375,21437.185546875,9.728446006774902,11.925509452819824,13.260764122009277
0,712,2687.544189453125,26768.35546875,10.708525657653809,13.807101249694824,5.987527370452881
0,713,2686.237060546875,26801.65625,6.071375370025635,14.876129150390625,15.3990478515625
0,714,2159.697998046875,21531.84375,6.513744354248047,12.920758247375488,15.092007637023926
0,715,1704.1126708984375,16954.287109375,8.683974266052246,10.403706550598145,15.940887451171875
0,716,1370.5234375,13548.0556640625,15.71787166595459,10.795451164245605,8.116958618164062
0,717,2629.304931640625,26200.408203125,9.26413631439209,13.24169921875,10.161544799804688
0,718,1437.5947265625,14276.5693359375,9.937723159790039,8.122722625732422,13.193780899047852
0,719,987.8773193359375,9781.486328125,9.728713035583496,7.515069484710693,10.281338691711426
0,720,922.7919921875,9147.4853515625,8.043464660644531,5.6032843589782715,14.739755630493164
0,721,2711.875244140625,27034.853515625,8.389810562133789,12.152441024780273,6.957614421844482
0,722,1815.5897216796875,17949.126953125,20.677001953125,10.255766868591309,13.004132270812988
0,723,2516.915283203125,25099.5234375,6.96291971206665,12.507746696472168,11.46337604522705
0,724,1897.81494140625,18886.88671875,9.126177787780762,12.454368591308594,12.80502986907959
0,725,2316.076416015625,23087.68359375,7.307990550994873,12.627506256103516,15.976058959960938
0,726,1137.373046875,11224.4521484375,14.927905082702637,6.219371318817139,14.887704849243164
0,727,1153.7197265625,11467.548828125,6.96487283706665,11.37378978729248,11.0739107131958
0,728,3564.624267578125,35552.640625,9.360140800476074,16.717561721801758,10.944549560546875
0,729,1902.000732421875,18949.904296875,7.010247707366943,11.973620414733887,9.551315307617188
0,730,1583.7108154296875,15775.4189453125,6.168919086456299,11.604201316833496,8.962347984313965
0,731,1954.909912109375,19491.029296875,5.80706262588501,13.34763240814209,7.372806072235107
0,732,1915.0379638671875,19056.94140625,9.343696594238281,9.874521255493164,5.974072456359863
0,733,2202.468017578125,21930.236328125,9.444453239440918,12.367568969726562,13.864242553710938
0,734,1375.170654296875,13642.171875,10.953524589538574,10.818916320800781,9.578503608703613
0,735,982.0853881835938,9751.1064453125,6.97476053237915,10.011964797973633,10.091931343078613
0,736,2149.342529296875,21373.00390625,12.042080879211426,14.192550659179688,7.593908786773682
0,737,2375.404296875,23684.861328125,6.918206214904785,12.765673637390137,9.062228202819824
0,738,1065.121337890625,10576.4609375,7.475234508514404,8.15595531463623,12.742227554321289
0,739,1534.77392578125,15183.0361328125,16.470314025878906,9.63180160522461,11.981882095336914
0,740,1003.53369140625,9886.6494140625,14.868692398071289,8.228049278259277,9.00818157196045
0,741,1958.0194091796875,19433.978515625,14.621551513671875,11.873454093933105,7.871484279632568
0,742,1229.3636474609375,12215.056640625,7.857880592346191,11.031474113464355,5.870022773742676
0,743,1926.2259521484375,19144.353515625,11.790586471557617,10.341355323791504,9.434112548828125
0,744,2492.423095703125,24800.9921875,12.323701858520508,14.082313537597656,10.008514404296875
0,745,1743.017822265625,17267.28515625,16.289306640625,10.303126335144043,11.186667442321777
0,746,2446.561767578125,24334.43359375,13.118428230285645,14.757171630859375,12.748703002929688
0,747,1466.603759765625,14517.099609375,14.893820762634277,11.996954917907715,11.818499565124512
0,748,3195.97705078125,31883.216796875,7.6551690101623535,15.110687255859375,13.014410972595215
0,749,4430.3056640625,44212.77734375,9.027682304382324,17.928213119506836,9.333251953125
0,750,2450.28125,24402.8046875,10.000740051269531,12.99882698059082,11.367685317993164
0,751,1522.6864013671875,15156.916015625,6.994697093963623,11.793801307678223,8.738489151000977
0,752,2261.959228515625,22526.212890625,9.337808609008789,12.299484252929688,13.367505073547363
0,753,3190.880126953125,31847.5078125,6.12935209274292,15.114584922790527,9.136590957641602
0,754,1363.7166748046875,13512.130859375,12.503523826599121,9.507833480834961,10.828424453735352
0,755,1603.215087890625,15971.650390625,6.049997806549072,8.563458442687988,10.218673706054688
0,756,2229.21923828125,22185.029296875,10.716423034667969,12.452983856201172,8.4795560836792
0,757,1511.0887451171875,15034.9287109375,7.595860958099365,10.891502380371094,9.951327323913574
0,758,2719.98193359375,27145.642578125,5.417819976806641,15.616708755493164,13.929794311523438
0,759,1906.1629638671875,18878.5078125,18.312177658081055,11.434585571289062,9.535089492797852
0,760,2572.48486328125,25670.388671875,5.4460272789001465,12.515873908996582,10.267303466796875
0,761,4594.91845703125,45874.62890625,7.455743312835693,17.477996826171875,6.067452907562256
0,762,2311.976806640625,23035.58203125,8.418414115905762,11.86892032623291,10.4558687210083
0,763,3477.0205078125,34674.87890625,9.532445907592773,15.493071556091309,8.732012748718262
0,764,1497.6474609375,14887.103515625,8.93718147277832,7.842923164367676,7.992043972015381
0,765,1276.4417724609375,12681.7861328125,8.263176918029785,9.692891120910645,8.964499473571777
0,766,1031.386962890625,10214.515625,9.935342788696289,9.079512596130371,13.314623832702637
0,767,1884.58447265625,18783.046875,6.2798075675964355,10.651455879211426,8.876681327819824
0,768,1858.841552734375,18515.07421875,7.33406925201416,12.616484642028809,11.450339317321777
0,769,1823.9000244140625,18089.546875,14.94532299041748,11.26695728302002,11.518341064453125
0,770,2713.571533203125,27036.705078125,9.900988578796387,15.878541946411133,9.793387413024902
0,771,1377.43603515625,13703.16015625,7.120044708251953,10.51824951171875,6.924203395843506
0,772,2041.12890625,20284.43359375,12.685538291931152,11.127402305603027,10.652435302734375
0,773,2092.028564453125,20847.96875,7.2316203117370605,13.586580276489258,14.269723892211914
0,774,327.7094421386719,3138.565673828125,13.852884292602539,3.804840087890625,13.26513385772705
0,775,1897.9581298828125,18875.349609375,10.423088073730469,8.965608596801758,8.824951171875
0,776,1730.9771728515625,17232.171875,7.7599921226501465,12.075103759765625,13.31610107421875
0,777,2403.00146484375,23876.810546875,15.320414543151855,14.972250938415527,9.536877632141113
0,778,2418.547607421875,24073.71875,11.175902366638184,13.922507286071777,13.909960746765137
0,779,1134.1051025390625,11016.4365234375,32.46140670776367,9.474405288696289,10.549542427062988
0,780,1974.9154052734375,19663.8203125,8.533340454101562,10.381482124328613,8.402664184570312
0,781,1598.9813232421875,15911.4111328125,7.840236186981201,12.212397575378418,6.269696235656738
0,782,2336.107666015625,23263.642578125,9.743354797363281,11.656938552856445,13.530420303344727
0,783,1267.22900390625,12556.90234375,11.538656234741211,9.695513725280762,12.081377983093262
0,784,1619.3350830078125,16117.421875,7.592891216278076,12.079867362976074,10.951102256774902
0,785,1790.58642578125,17849.984375,5.587988376617432,11.789290428161621,10.439703941345215
0,786,1488.936767578125,14764.828125,12.453994750976562,10.900544166564941,6.3212738037109375
0,787,986.8023681640625,9730.7763671875,13.724746704101562,6.792843818664551,9.48514461517334
0,788,2276.52978515625,22660.62109375,10.467619895935059,13.753334045410156,8.763205528259277
0,789,2228.0302734375,22096.982421875,18.332082748413086,11.947321891784668,11.162142753601074
0,790,3753.85888671875,37471.21484375,6.737412929534912,14.505000114440918,14.067273139953613
0,791,2131.59130859375,21230.05859375,8.585522651672363,13.247847557067871,7.387200832366943
0,792,3230.617431640625,32231.7109375,7.446322917938232,13.879462242126465,7.7999420166015625
0,793,1585.4970703125,15724.3564453125,13.0614013671875,10.506972312927246,12.950698852539062
0,794,1588.0989990234375,15822.3828125,5.860752582550049,12.532119750976562,14.046353340148926
0,795,1151.118896484375,11447.0419921875,6.414686679840088,9.874342918395996,12.843234062194824
0,796,2090.46630859375,20749.748046875,15.491409301757812,10.803410530090332,9.438684463500977
0,797,1589.820068359375,15598.345703125,29.98541259765625,10.062169075012207,11.259796142578125
0,798,2431.01171875,24228.767578125,8.134963989257812,13.851658821105957,10.465286254882812
0,799,2054.1357421875,20480.109375,6.1247878074646,11.896464347839355,6.574652194976807
0,800,1318.3485107421875,13069.35546875,11.413012504577637,9.283833503723145,7.325766086578369
0,801,2526.635986328125,25164.904296875,10.145442008972168,14.787854194641113,7.685324192047119
0,802,1445.2957763671875,14281.2138671875,17.174365997314453,11.326098442077637,9.883563041687012
0,803,2778.329345703125,27719.33984375,6.395199775695801,13.317267417907715,8.679956436157227
0,804,1919.51220703125,19049.978515625,14.514248847961426,10.991332054138184,12.774316787719727
0,805,2100.039306640625,20867.703125,13.269119262695312,13.05247974395752,9.066779136657715
0,806,1245.6881103515625,12342.0810546875,11.479973793029785,11.43055248260498,9.364758491516113
0,807,1698.2559814453125,16838.828125,14.37311840057373,11.22926139831543,13.454245567321777
0,808,1906.583740234375,18924.275390625,14.156119346618652,12.277253150939941,10.215951919555664
0,809,590.9158935546875,5750.67431640625,15.848462104797363,8.680849075317383,7.700094699859619
0,810,1155.1927490234375,11477.19140625,7.473655700683594,9.612299919128418,12.926712036132812
0,811,2641.83984375,26360.87109375,5.752696990966797,14.799203872680664,11.634637832641602
0,812,1674.285888671875,16687.38671875,5.547275543212891,11.74725341796875,8.474502563476562
0,813,1858.107177734375,18520.283203125,6.078822612762451,12.489418983459473,5.902731418609619
0,814,1496.8258056640625,14885.302734375,8.295531272888184,12.754778861999512,11.964545249938965
0,815,2253.1103515625,22437.634765625,9.346919059753418,14.42633056640625,13.695971488952637
0,816,2517.29931640625,25121.568359375,5.142353057861328,13.401535034179688,6.175488471984863
0,817,2074.20166015625,20677.2421875,6.47737979888916,15.197534561157227,10.405517578125
0,818,2106.2978515625,20974.998046875,8.797990798950195,12.68468189239502,8.09423828125
0,819,2846.796875,28402.91015625,6.505944728851318,14.207595825195312,12.12182903289795
0,820,1993.8228759765625,19851.3125,8.691632270812988,10.209582328796387,10.63879108428955
0,821,1248.4075927734375,12400.482421875,8.3594331741333,10.156523704528809,10.686822891235352
0,822,3018.6787109375,30122.03515625,6.475044250488281,14.77966594696045,6.3540802001953125
0,823,1524.5782470703125,15144.068359375,10.171442985534668,12.391314506530762,7.167425632476807
0,824,1117.306640625,11116.650390625,5.641589164733887,10.279940605163574,6.908511638641357
0,825,2354.298828125,23480.392578125,6.259402275085449,13.44218635559082,13.010187149047852
0,826,2369.60009765625,23512.68359375,18.331785202026367,12.228014945983887,6.697680950164795
0,827,2277.060791015625,22693.224609375,7.738212585449219,14.754849433898926,7.821524143218994
0,828,3558.2353515625,35522.8125,5.954043865203857,14.7128267288208,14.506210327148438
0,829,1866.1151123046875,18567.474609375,9.367711067199707,9.993232727050781,14.116803169250488
0,830,1141.71044921875,11209.458984375,20.764543533325195,10.143254280090332,10.947168350219727
0,831,3111.27685546875,31049.447265625,6.331948757171631,16.553451538085938,8.6300630569458
0,832,2744.833740234375,27393.986328125,5.434966087341309,12.514389038085938,11.288681030273438
0,833,2580.0947265625,25743.11328125,5.783509254455566,12.19074535369873,9.437771797180176
0,834,1413.7972412109375,14032.544921875,10.542699813842773,9.674165725708008,7.79671049118042
0,835,2926.10546875,29126.599609375,13.445645332336426,14.714700698852539,7.788855075836182
0,836,2009.2716064453125,20033.505859375,5.920983791351318,11.057971000671387,11.121661186218262
0,837,2550.81884765625,25450.404296875,5.778398036956787,14.54498291015625,8.305383682250977
0,838,1463.38720703125,14526.06640625,10.780532836914062,11.064289093017578,9.5919828414917
0,839,2034.1451416015625,20269.67578125,7.1774444580078125,12.801844596862793,8.58612060546875
0,840,299.8799743652344,2894.239013671875,10.456059455871582,9.039800643920898,6.3138885498046875
0,841,1180.45166015625,11719.6923828125,8.482376098632812,9.778203964233398,7.307898044586182
0,842,981.3389282226562,9667.888671875,14.550061225891113,9.145926475524902,9.067855834960938
0,843,1890.73193359375,18694.67578125,21.264326095581055,10.506926536560059,10.47086238861084
0,844,1859.5333251953125,18521.921875,7.341072082519531,14.34544849395752,8.907702445983887
0,845,1936.5772705078125,19308.34765625,5.74237585067749,11.711210250854492,9.565027236938477
0,846,1525.803955078125,15183.4130859375,7.462663173675537,9.771234512329102,12.516525268554688
0,847,1978.8802490234375,19670.236328125,11.856616020202637,13.857874870300293,11.108621597290039
0,848,3086.277587890625,30790.576171875,7.219865322113037,17.618947982788086,8.209769248962402
0,849,1751.8905029296875,17416.435546875,10.246973991394043,13.348085403442383,6.057702541351318
0,850,2634.3583984375,26250.42578125,9.315787315368652,11.844367027282715,7.457086086273193
0,851,1659.206298828125,16527.140625,6.492169380187988,10.327635765075684,11.323321342468262
0,852,2064.440673828125,20595.8125,4.859435558319092,12.186898231506348,12.16623592376709
0,853,2924.798583984375,29185.28125,6.270611763000488,14.397831916809082,10.180597305297852
0,854,1499.0645751953125,14932.5986328125,5.804678916931152,11.712339401245117,15.194351196289062
0,855,1971.458740234375,19624.591796875,8.999533653259277,12.990946769714355,9.772753715515137
0,856,2344.129150390625,23330.21484375,11.107598304748535,13.093690872192383,9.479690551757812
0,857,1322.7037353515625,13158.1396484375,6.889743328094482,9.192450523376465,10.335013389587402
0,858,680.6055297851562,6723.8681640625,8.218674659729004,10.461416244506836,7.900158882141113
0,859,2372.476318359375,23628.517578125,9.624542236328125,12.675955772399902,12.806674003601074
0,860,2885.12548828125,28788.169921875,6.308446407318115,15.804980278015137,11.472189903259277
0,861,2303.666259765625,22922.09375,11.456692695617676,12.9829740524292,11.810922622680664
0,862,4021.07666015625,40144.0234375,6.674278259277344,16.87561798095703,10.39404010772705
0,863,2307.14453125,23009.64453125,6.179933071136475,13.132916450500488,8.318124771118164
0,864,3315.768798828125,33059.47265625,9.82147216796875,15.507104873657227,10.421045303344727
0,865,2208.908203125,22027.44921875,6.163327693939209,14.524947166442871,9.701825141906738
0,866,2132.418212890625,21276.20703125,4.797278881072998,14.137463569641113,16.19817543029785
0,867,1478.25634765625,14718.302734375,6.4259934425354,12.764187812805176,13.278841972351074
0,868,1554.020751953125,15356.4453125,18.376188278198242,10.877554893493652,10.65164852142334
0,869,1174.51708984375,11687.384765625,5.7785964012146,8.612519264221191,11.465949058532715
0,870,2281.64990234375,22756.212890625,6.0285258293151855,12.798938751220703,12.335891723632812
0,871,2011.5426025390625,20033.9921875,8.143345832824707,13.552563667297363,9.281097412109375
0,872,2034.7406005859375,20281.169921875,6.62350606918335,13.86718463897705,11.207385063171387
0,873,4082.51025390625,40748.5859375,7.651715278625488,17.438207626342773,11.361956596374512
0,874,1828.571044921875,18226.25390625,5.945695877075195,13.786335945129395,9.500922203063965
0,875,3567.57763671875,35607.91796875,6.785898685455322,18.58755111694336,11.982718467712402
0,876,2276.719970703125,22715.7890625,5.141207218170166,15.684946060180664,13.808212280273438
0,877,1989.60546875,19840.896484375,5.515758037567139,12.416613578796387,14.601999282836914
0,878,1936.8931884765625,19303.578125,6.535426616668701,10.554104804992676,8.894696235656738
0,879,2482.201171875,24757.861328125,6.415107250213623,14.03228759765625,13.837518692016602
0,880,1186.3533935546875,11813.29296875,5.024056911468506,10.37108039855957,11.295267105102539
0,881,2170.672119140625,21645.16796875,6.1552581787109375,13.351788520812988,10.943270683288574
0,882,2115.978271484375,21048.166015625,11.161643028259277,11.4099702835083,13.815274238586426
0,883,1650.6705322265625,16437.806640625,6.889916896820068,12.098105430603027,6.104831218719482
0,884,723.7546997070312,7123.49609375,11.405085563659668,8.220489501953125,5.94441556930542
0,885,1518.1654052734375,15090.021484375,9.163260459899902,12.142970085144043,9.373987197875977
0,886,1289.3328857421875,12837.716796875,5.561214923858643,9.82067584991455,5.031256198883057
0,887,1770.1937255859375,17609.5234375,9.241379737854004,10.885214805603027,7.251077175140381
0,888,1175.40625,11673.2265625,8.083658218383789,9.86949634552002,7.268179416656494
0,889,1701.96923828125,16935.099609375,8.45926570892334,9.52134895324707,4.482211589813232
0,890,2649.30419921875,26439.01171875,5.40302848815918,15.033721923828125,12.098376274108887
0,891,2224.03173828125,22164.943359375,7.537246227264404,12.075161933898926,5.301550388336182
0,892,1189.2347412109375,11817.453125,7.489325046539307,11.039331436157227,7.298099040985107
0,893,1671.64990234375,16658.59375,5.790558815002441,11.220260620117188,9.964255332946777
0,894,1742.5562744140625,17333.2578125,9.230484008789062,11.625792503356934,11.352038383483887
0,895,2419.162353515625,24124.61328125,6.7010345458984375,11.150928497314453,9.527325630187988
0,896,1975.079345703125,19682.0390625,6.875345706939697,14.050869941711426,10.308481216430664
0,897,2191.77783203125,21829.755859375,8.802250862121582,12.417306900024414,9.498788833618164
0,898,1722.9813232421875,17132.041015625,9.777252197265625,12.956903457641602,7.103680610656738
0,899,2886.361328125,28769.037109375,9.457615852355957,15.796737670898438,9.711997032165527
0,900,3199.318603515625,31905.1484375,8.803634643554688,15.678927421569824,11.034802436828613
0,901,2276.228271484375,22706.13671875,5.6144938468933105,14.510098457336426,2.6183228492736816
0,902,1324.9080810546875,13183.81640625,6.526315212249756,13.050284385681152,8.540392875671387
0,903,1010.3278198242188,10045.3515625,5.792688846588135,10.82904052734375,8.291305541992188
0,904,2066.890625,20581.953125,8.695357322692871,11.084467887878418,8.975409507751465
0,905,2514.158203125,25072.21875,6.936367034912109,13.384779930114746,5.932638645172119
0,906,1016.16015625,10078.259765625,8.3341703414917,11.175148010253906,9.990402221679688
0,907,1927.790771484375,19229.296875,4.8610992431640625,12.52515697479248,13.32958698272705
0,908,2252.312744140625,22467.8828125,5.524343013763428,12.422182083129883,12.015268325805664
0,909,1904.660400390625,18950.287109375,9.631731033325195,12.798835754394531,11.044964790344238
0,910,651.3209228515625,6426.037109375,8.71722412109375,7.113013744354248,4.101834297180176
0,911,1645.8863525390625,16393.6484375,6.521541595458984,12.54560375213623,16.391040802001953
0,912,1645.3480224609375,16376.40625,7.707364559173584,11.458137512207031,10.784873008728027
0,913,1554.4189453125,15483.16015625,6.102869987487793,10.273825645446777,4.610040187835693
0,914,2500.521240234375,24947.140625,5.807145118713379,14.083070755004883,9.026501655578613
0,915,1830.01513671875,18229.55078125,7.060102939605713,11.745741844177246,13.539324760437012
0,916,2730.34912109375,27246.107421875,5.7382588386535645,13.806726455688477,6.613922119140625
0,917,1180.9149169921875,11755.79296875,5.33557653427124,10.28049373626709,9.830716133117676
0,918,2078.125732421875,20725.83984375,5.541813850402832,13.1664457321167,8.407907485961914
0,919,2477.638916015625,24688.29296875,8.809468269348145,14.477584838867188,10.893661499023438
0,920,2171.313720703125,21639.888671875,7.324801921844482,13.263506889343262,13.227643013000488
0,921,1786.2005615234375,17800.919921875,6.108574867248535,12.15246868133545,5.8654022216796875
0,922,896.9068603515625,8912.568359375,5.650020599365234,7.449887275695801,6.945355415344238
0,923,2379.13720703125,23716.0625,7.5310378074646,13.25732421875,6.960766792297363
0,924,2729.448486328125,27230.244140625,6.4241862297058105,16.086624145507812,8.025378227233887
0,925,1334.9638671875,13273.943359375,7.569413661956787,12.594648361206055,13.190643310546875
0,926,1602.5745849609375,15961.390625,6.435521125793457,12.099559783935547,11.844515800476074
0,927,1829.8328857421875,18248.5859375,4.97429895401001,9.625938415527344,5.877862453460693
0,928,1989.228271484375,19832.080078125,6.020267009735107,14.438156127929688,8.540472984313965
0,929,2085.1318359375,20790.236328125,6.108249187469482,13.219736099243164,14.639444351196289
0,930,1326.07568359375,13187.71484375,7.3041672706604,12.032553672790527,10.669076919555664
0,931,3300.34033203125,32943.765625,5.963502407073975,14.478311538696289,8.49863338470459
0,932,1946.9039306640625,19396.21875,7.281927585601807,14.843368530273438,6.7031097412109375
0,933,1178.4951171875,11696.466796875,8.848443031311035,10.066034317016602,10.796252250671387
0,934,2361.945068359375,23563.361328125,5.608834266662598,13.312365531921387,7.533923625946045
0,935,1789.8043212890625,17842.0234375,5.601947784423828,10.478994369506836,12.725363731384277
0,936,3025.1103515625,30189.427734375,6.1674346923828125,16.682079315185547,13.506021499633789
0,937,2722.283447265625,27157.435546875,6.539909362792969,13.879986763000488,8.612619400024414
0,938,2606.947998046875,26023.966796875,4.551253795623779,16.6864013671875,12.261370658874512
0,939,1311.154296875,13038.4697265625,7.307225227355957,12.276823997497559,10.826141357421875
0,940,1273.9688720703125,12693.087890625,4.66007137298584,12.320528030395508,13.075146675109863
0,941,1138.6414794921875,11291.923828125,9.449104309082031,6.642592906951904,9.29675006866455
0,942,1770.9962158203125,17639.375,7.058656215667725,12.385622024536133,9.79705810546875
0,943,1741.406982421875,17355.892578125,5.817719459533691,12.990887641906738,12.869668960571289
0,944,1952.7994384765625,19470.431640625,5.756260395050049,9.263223648071289,10.476218223571777
0,945,998.17333984375,9867.5771484375,11.415609359741211,12.080820083618164,11.0498046875
0,946,2092.611572265625,20877.03125,4.908351898193359,10.971084594726562,8.320523262023926
0,947,1534.5482177734375,15289.21484375,5.626702785491943,10.934962272644043,10.756451606750488
0,948,1819.49609375,18133.435546875,6.152510166168213,11.745083808898926,11.01208209991455
0,949,2175.166748046875,21692.32421875,5.934329986572266,15.405998229980469,11.562365531921387
0,950,2085.2822265625,20790.646484375,6.217650890350342,15.3953218460083,9.748193740844727
0,951,1199.482177734375,11877.78125,11.70401382446289,9.303105354309082,7.010922431945801
0,952,1136.6158447265625,11286.267578125,7.9890642166137695,11.534993171691895,12.046252250671387
0,953,2334.400390625,23270.251953125,7.375222206115723,16.49065399169922,8.756011962890625
0,954,2492.5869140625,24869.048828125,5.681972026824951,14.234454154968262,10.762356758117676
0,955,1510.1474609375,15050.73046875,5.074357032775879,12.676505088806152,6.651864528656006
0,956,3499.93798828125,34949.09375,5.028667449951172,16.974699020385742,11.097662925720215
0,957,1205.5860595703125,11981.7587890625,7.410187721252441,9.827371597290039,8.899911880493164
0,958,2903.820556640625,28971.873046875,6.633256435394287,14.682799339294434,12.347317695617676
0,959,1584.4425048828125,15762.421875,8.200288772583008,10.258694648742676,9.4093656539917
0,960,1879.0794677734375,18736.55859375,5.4236159324646,10.376075744628906,13.332559585571289
0,961,2359.302490234375,23531.978515625,6.104509353637695,13.050597190856934,12.420547485351562
0,962,2119.501953125,21091.826171875,10.319327354431152,14.194180488586426,13.012228965759277
0,963,1164.1326904296875,11508.7373046875,13.258868217468262,8.87070083618164,9.985345840454102
0,964,1412.0792236328125,14060.0830078125,6.070867538452148,11.846714973449707,6.538778781890869
0,965,2332.2041015625,23270.927734375,5.111288547515869,14.920933723449707,13.504861831665039
0,966,1464.54248046875,14583.611328125,6.181298732757568,11.035675048828125,11.814529418945312
0,967,1882.8543701171875,18709.626953125,11.891608238220215,11.950993537902832,10.332720756530762
0,968,1116.825439453125,11095.904296875,7.234954833984375,8.917471885681152,7.319344997406006
0,969,2070.829833984375,20631.435546875,7.686237335205078,14.138908386230469,15.005050659179688
0,970,1888.7374267578125,18819.34765625,6.802561283111572,13.093515396118164,13.859329223632812
0,971,2130.906982421875,21193.216796875,11.585105895996094,14.142529487609863,6.2997589111328125
0,972,998.929443359375,9879.3359375,10.99583625793457,9.07425308227539,9.282180786132812
0,973,1682.0498046875,16763.857421875,5.664017200469971,14.754284858703613,11.039935111999512
0,974,1798.6116943359375,17933.19140625,5.292494297027588,13.754938125610352,9.091888427734375
0,975,1667.1820068359375,16619.546875,5.227306842803955,14.143973350524902,8.71178913116455
0,976,826.1524658203125,8190.47607421875,7.1048760414123535,10.430377006530762,7.768545627593994
0,977,1281.023681640625,12751.28125,5.8954620361328125,11.784934997558594,12.574942588806152
0,978,1652.7728271484375,16476.77734375,5.095138072967529,11.489058494567871,9.412325859069824
0,979,1982.656005859375,19715.26171875,11.129778861999512,11.73210334777832,9.8358793258667
0,980,2350.431640625,23436.83984375,6.747541904449463,16.92763900756836,9.182791709899902
0,981,1691.98779296875,16858.923828125,6.095351696014404,12.194559097290039,13.005813598632812
0,982,2076.280029296875,20703.32421875,5.947606563568115,14.542019844055176,12.182601928710938
0,983,3031.427490234375,30260.009765625,5.426444053649902,15.742459297180176,11.840106010437012
0,984,2740.040283203125,27351.7265625,4.867770671844482,14.1107816696167,12.921716690063477
0,985,1437.09375,14312.0419921875,5.8895182609558105,10.707442283630371,7.330548286437988
0,986,1187.9486083984375,11821.47265625,5.801330089569092,9.763554573059082,8.481451988220215
0,987,2470.083251953125,24648.66796875,5.216359615325928,14.655875205993652,12.82007122039795
0,988,2216.7861328125,22116.517578125,5.134278774261475,13.257110595703125,8.180770874023438
0,989,2003.65771484375,19972.451171875,6.41262674331665,13.775973320007324,11.015863418579102
0,990,1772.39404296875,17577.24609375,14.669432640075684,13.028460502624512,13.013259887695312
0,991,2552.330078125,25473.673828125,4.9627509117126465,15.524226188659668,8.929266929626465
0,992,1236.8291015625,12283.8583984375,8.44317626953125,9.38187313079834,12.278775215148926
0,993,1776.60546875,17712.060546875,5.399394989013672,12.106376647949219,9.112570762634277
0,994,1341.559326171875,13344.091796875,7.1501922607421875,11.055495262145996,12.265945434570312
0,995,2243.762939453125,22383.994140625,5.36348819732666,12.8087158203125,12.056073188781738
0,996,1679.0958251953125,16701.244140625,8.971440315246582,9.399846076965332,12.373443603515625
0,997,1547.15576171875,15405.5361328125,6.6022233963012695,11.336997985839844,8.75487995147705
0,998,998.65869140625,9878.580078125,10.800639152526855,7.367786407470703,9.058481216430664
0,999,1540.9840087890625,15333.96875,7.587138652801514,12.033146858215332,7.442437648773193
0,1000,2113.34912109375,21074.197265625,5.929348945617676,14.742064476013184,9.655227661132812
0,1001,998.8605346679688,9942.40234375,4.620325565338135,7.150964260101318,6.407956123352051
0,1002,1670.072265625,16632.208984375,6.851359844207764,13.6326322555542,14.6157865524292
0,1003,1991.6649169921875,19859.619140625,5.70295524597168,13.514755249023438,10.969284057617188
0,1004,2895.34130859375,28810.50390625,14.290847778320312,16.027549743652344,10.54711627960205
0,1005,2161.4716796875,21552.212890625,6.250248432159424,14.92132568359375,9.541125297546387
0,1006,2363.788818359375,23577.58203125,6.03053617477417,11.803192138671875,3.642535448074341
0,1007,2520.018798828125,25141.71484375,5.8471198081970215,11.94853401184082,14.639190673828125
0,1008,1777.7447509765625,17691.44140625,8.600525856018066,9.64924144744873,5.055752754211426
0,1009,1906.3018798828125,19006.0859375,5.693225383758545,14.632979393005371,9.735885620117188
0,1010,1973.1689453125,19662.904296875,6.878570556640625,10.738887786865234,7.924588203430176
0,1011,2084.859375,20761.97265625,8.662202835083008,14.108319282531738,10.857388496398926
0,1012,1695.01953125,16896.609375,5.358504772186279,12.364367485046387,13.588101387023926
0,1013,1394.947265625,13878.232421875,7.124017238616943,12.363067626953125,10.086908340454102
0,1014,784.8992919921875,7778.9423828125,7.005049228668213,9.591780662536621,9.38028621673584
0,1015,1624.5714111328125,16176.0185546875,6.969490051269531,10.531119346618652,8.91637897491455
0,1016,1766.753173828125,17604.67578125,6.2855448722839355,10.610300064086914,6.0607147216796875
0,1017,1736.9188232421875,17323.75390625,4.54340124130249,13.113995552062988,12.452753067016602
0,1018,2002.39306640625,19959.23828125,6.469266414642334,14.787805557250977,7.604556560516357
0,1019,1914.765869140625,19088.640625,5.901787757873535,14.96496295928955,9.928637504577637
0,1020,1128.4698486328125,11218.1181640625,6.658000469207764,10.678860664367676,6.276706218719482
0,1021,1497.4033203125,14924.0732421875,4.995925426483154,11.969782829284668,12.610010147094727
0,1022,2036.8316650390625,20291.091796875,7.722363471984863,10.990988731384277,9.080347061157227
0,1023,2209.510009765625,22034.6171875,6.048290729522705,12.624690055847168,12.940691947937012
0,1024,1630.76611328125,16228.720703125,7.894031047821045,11.143404960632324,11.993853569030762
0,1025,1826.556396484375,18212.263671875,5.330001354217529,13.155731201171875,12.136929512023926
0,1026,1207.5953369140625,12009.0712890625,6.688229560852051,9.829900741577148,12.956830024719238
0,1027,896.0455932617188,8867.4462890625,9.300945281982422,8.53630256652832,8.58579158782959
0,1028,2287.544189453125,22821.98046875,5.346168518066406,13.281912803649902,14.78525447845459
0,1029,1131.7275390625,11246.8564453125,7.041815280914307,12.644181251525879,10.168652534484863
0,1030,2868.004150390625,28628.37109375,5.167013645172119,16.722455978393555,7.10261869430542
0,1031,555.6549072265625,5447.81982421875,10.872941017150879,7.152851104736328,7.940039157867432
0,1032,1113.6756591796875,11060.330078125,7.642624855041504,9.111071586608887,6.709341526031494
0,1033,2521.911865234375,25158.14453125,6.097474098205566,15.404281616210938,10.333636283874512
0,1034,2411.433837890625,24054.21875,6.012065410614014,16.933635711669922,11.4035062789917
0,1035,3367.8955078125,33623.66796875,5.52858304977417,18.962570190429688,10.443557739257812
0,1036,1957.99072265625,19481.52734375,9.837965965270996,11.796993255615234,9.849090576171875
0,1037,3203.18603515625,31974.51953125,5.734138011932373,17.321645736694336,9.940347671508789
0,1038,2350.72900390625,23448.0703125,5.921881198883057,13.751425743103027,9.034164428710938
0,1039,1677.3699951171875,16720.8515625,5.284761905670166,13.485267639160156,12.453021049499512
0,1040,1114.06689453125,11094.158203125,4.6510329246521,11.92315673828125,7.545749187469482
0,1041,1470.2611083984375,14645.0478515625,5.75629186630249,10.26685905456543,11.893643379211426
0,1042,966.3269653320312,9580.216796875,8.305309295654297,7.605923652648926,7.413421630859375
0,1043,1757.55859375,17470.138671875,10.544629096984863,11.19325065612793,7.699679851531982
0,1044,755.2445678710938,7494.5302734375,5.791483402252197,9.417062759399414,14.019943237304688
0,1045,1389.91552734375,13846.427734375,5.27273416519165,12.254398345947266,14.379034996032715
0,1046,2350.19140625,23441.349609375,6.0564117431640625,14.917337417602539,11.067010879516602
0,1047,1948.650146484375,19414.203125,7.229836940765381,14.514761924743652,10.792346000671387
0,1048,2046.9268798828125,20414.125,5.514358043670654,11.603006362915039,11.559967041015625
0,1049,1999.170654296875,19921.52734375,7.017899990081787,12.296652793884277,6.689123630523682
0,1050,1750.6103515625,17433.869140625,7.223330974578857,11.246451377868652,7.927734375
0,1051,1787.7108154296875,17806.185546875,7.0922532081604,8.225987434387207,11.886917114257812
0,1052,1259.0140380859375,12508.9755859375,8.1163969039917,8.237659454345703,10.975921630859375
0,1053,2563.251220703125,25578.056640625,5.445516109466553,13.90128231048584,8.423141479492188
0,1054,1905.1922607421875,18977.482421875,7.4439544677734375,12.774561882019043,9.058395385742188
0,1055,2104.91796875,20996.51171875,5.266951084136963,12.141378402709961,7.758847236633301
0,1056,2017.8515625,20104.662109375,7.385379314422607,12.359888076782227,10.364855766296387
0,1057,1751.634765625,17457.015625,5.933181285858154,12.306631088256836,8.282574653625488
0,1058,1154.521728515625,11498.830078125,4.638728618621826,8.822569847106934,11.216748237609863
0,1059,1634.51513671875,16289.71484375,5.54355001449585,11.731520652770996,14.886487007141113
0,1060,1837.2489013671875,18319.8046875,5.268456935882568,13.690213203430176,13.13687801361084
0,1061,1021.561767578125,10153.44921875,6.216846942901611,12.514286994934082,9.110766410827637
0,1062,951.6517944335938,9437.9375,7.8580322265625,10.508463859558105,9.375479698181152
0,1063,2829.24560546875,28246.302734375,4.615153789520264,14.469952583312988,10.615836143493652
0,1064,2393.937744140625,23889.4140625,4.9963812828063965,13.911102294921875,12.405325889587402
0,1065,3025.22412109375,30198.3671875,5.387338161468506,17.032730102539062,11.771499633789062
0,1066,1193.99072265625,11893.5595703125,4.63478422164917,11.255141258239746,11.138556480407715
0,1067,1127.62353515625,11224.640625,5.159474849700928,12.177557945251465,11.68682861328125
0,1068,1687.4664306640625,16804.01171875,7.0651373863220215,9.855422019958496,12.6646089553833
0,1069,1910.187744140625,19035.056640625,6.681988716125488,13.78077220916748,12.187039375305176
0,1070,1976.6849365234375,19708.859375,5.798919677734375,14.092612266540527,12.473803520202637
0,1071,2168.25830078125,21624.052734375,5.852952480316162,13.498469352722168,9.699938774108887
0,1072,2217.529296875,22099.4765625,7.581604957580566,14.720359802246094,10.202216148376465
0,1073,1728.1796875,17224.15625,5.764005661010742,12.487929344177246,9.223321914672852
0,1074,2456.60107421875,24515.419921875,5.059037208557129,16.625051498413086,9.249127388000488
0,1075,1776.5025634765625,17668.015625,9.700942993164062,13.119769096374512,11.28366756439209
0,1076,1443.5096435546875,14390.6220703125,4.447356700897217,11.598998069763184,12.4637451171875
0,1077,1280.2196044921875,12752.060546875,5.013566970825195,13.582074165344238,6.294891357421875
0,1078,924.0061645507812,9184.291015625,5.5770087242126465,11.179678916931152,9.088546752929688
0,1079,629.343017578125,6231.45556640625,6.197453498840332,10.028676986694336,11.736004829406738
0,1080,1115.8359375,11096.083984375,6.227574348449707,12.381156921386719,9.53299617767334
0,1081,2012.5750732421875,20073.421875,5.232930660247803,12.1465425491333,7.488687038421631
0,1082,867.3805541992188,8626.9404296875,4.6865129470825195,9.174072265625,14.213269233703613
0,1083,1974.228759765625,19695.80078125,4.648623943328857,13.682965278625488,9.124716758728027
0,1084,1326.141845703125,13198.7646484375,6.265374183654785,11.020174026489258,7.277978420257568
0,1085,1342.5841064453125,13353.5927734375,7.2248854637146,11.614927291870117,12.905041694641113
0,1086,717.1610717773438,7126.6962890625,4.49143648147583,9.134819030761719,13.300399780273438
0,1087,1226.501220703125,12202.9990234375,6.201236724853516,13.238527297973633,9.580740928649902
0,1088,3042.58154296875,30353.298828125,7.251756191253662,15.848596572875977,15.7379789352417
0,1089,2427.5751953125,24201.560546875,7.4192681312561035,14.75140380859375,11.380343437194824
0,1090,1559.22509765625,15516.296875,7.595322608947754,11.894871711730957,9.691763877868652
0,1091,1184.725830078125,11800.5498046875,4.6707305908203125,10.748224258422852,10.763873100280762
0,1092,1736.509033203125,17293.0625,7.2027435302734375,12.96713924407959,5.474114894866943
0,1093,1789.3787841796875,17840.861328125,5.292633056640625,15.176924705505371,8.55785846710205
0,1094,2166.928466796875,21606.048828125,6.32357931137085,12.630852699279785,9.352129936218262
0,1095,1384.2711181640625,13788.47265625,5.423779010772705,14.153162002563477,12.260214805603027
0,1096,1280.0048828125,12752.1103515625,4.793782711029053,11.093091011047363,2.1294403076171875
0,1097,1232.417724609375,12273.0078125,5.1169047355651855,12.056694984436035,8.858990669250488
0,1098,1469.05322265625,14634.673828125,5.585843563079834,12.422656059265137,9.334301948547363
0,1099,1789.8729248046875,17805.220703125,9.350887298583984,11.310029983520508,7.483529567718506
0,1100,986.54052734375,9814.673828125,5.073127269744873,10.407434463500977,10.528632164001465
0,1101,1576.194091796875,15704.25390625,5.768716335296631,10.897401809692383,12.262359619140625
0,1102,775.0537109375,7682.6181640625,6.79184103012085,10.598280906677246,12.6006498336792
0,1103,1736.533447265625,17314.41796875,5.091695308685303,11.698305130004883,10.145236015319824
0,1104,2406.081298828125,24006.1875,5.462491989135742,14.279330253601074,8.149100303649902
0,1105,1461.0784912109375,14539.76953125,7.1015143394470215,9.88761043548584,6.394433498382568
0,1106,1477.2933349609375,14721.107421875,5.182605266571045,13.926053047180176,10.48511028289795
0,1107,1321.1767578125,13146.509765625,6.525733947753906,10.272701263427734,10.603726387023926
0,1108,2597.47802734375,25926.130859375,4.86510705947876,14.082715034484863,15.21106243133545
0,1109,2399.49951171875,23940.427734375,5.456903457641602,14.662493705749512,1.78619384765625
0,1110,1878.1387939453125,18676.56640625,10.482234001159668,13.809921264648438,9.273117065429688
0,1111,1015.2145385742188,10082.5166015625,6.962864875793457,13.343162536621094,5.821582317352295
0,1112,1604.6575927734375,15993.4267578125,5.314896106719971,13.730414390563965,10.406481742858887
0,1113,1116.4471435546875,11094.400390625,7.007032871246338,10.988245964050293,11.073290824890137
0,1114,1804.5936279296875,17994.92578125,5.101017951965332,12.816397666931152,15.36401653289795
0,1115,1673.58837890625,16690.044921875,4.583863735198975,13.4446382522583,7.025109767913818
0,1116,1398.1951904296875,13922.66796875,5.9283342361450195,10.713322639465332,9.76132869720459
0,1117,669.4064331054688,6561.35498046875,13.270919799804688,8.259010314941406,9.033968925476074
0,1118,2446.1171875,24382.08203125,7.908856391906738,15.842056274414062,11.476202964782715
0,1119,2242.9755859375,22367.4140625,6.234221935272217,13.410685539245605,10.645438194274902
0,1120,2424.858642578125,24181.83984375,6.674475193023682,12.097784042358398,4.361920356750488
0,1121,1142.3436279296875,11364.9130859375,5.852239608764648,9.994732856750488,8.421414375305176
0,1122,1181.2489013671875,11739.4814453125,7.300727844238281,10.271185874938965,14.015939712524414
0,1123,2188.65234375,21818.513671875,6.801091194152832,14.096713066101074,5.809927463531494
0,1124,2139.809326171875,21327.427734375,7.066516399383545,13.177362442016602,7.628894329071045
0,1125,2048.240234375,20429.22265625,5.317986488342285,11.941278457641602,13.731951713562012
0,1126,1519.1439208984375,15135.921875,5.551754474639893,14.359784126281738,9.763406753540039
0,1127,1906.3914794921875,19007.7578125,5.615693092346191,13.216923713684082,8.886075019836426
0,1128,1158.6197509765625,11542.6591796875,4.353705883026123,8.370063781738281,11.260149955749512
0,1129,2100.86669921875,20947.1484375,6.1518330574035645,17.1033878326416,7.713391304016113
0,1130,1792.9962158203125,17878.28125,5.168141841888428,14.116877555847168,11.180734634399414
0,1131,1797.1937255859375,17923.01171875,4.892597198486328,16.42813491821289,10.744940757751465
0,1132,1775.848876953125,17686.59765625,7.189091682434082,13.658923149108887,15.727648735046387
0,1133,1695.90478515625,16907.431640625,5.161678314208984,10.884182929992676,14.206625938415527
0,1134,2519.247802734375,25092.775390625,9.9701566696167,16.518796920776367,15.91068172454834
0,1135,1262.2664794921875,12558.2353515625,6.442893981933594,11.53663158416748,9.895764350891113
0,1136,2688.54541015625,26836.380859375,4.907143592834473,14.88874340057373,6.649633884429932
0,1137,798.12255859375,7931.1259765625,5.009932994842529,8.264842987060547,7.4622802734375
0,1138,1814.9693603515625,18064.08203125,8.561163902282715,12.030047416687012,9.664016723632812
0,1139,1656.380126953125,16511.294921875,5.25067138671875,13.658782005310059,7.871734619140625
0,1140,2640.591552734375,26359.28125,4.663294315338135,17.358198165893555,11.3955659866333
0,1141,2147.07177734375,21374.240234375,9.647811889648438,13.774319648742676,13.701621055603027
0,1142,1639.0283203125,16333.45703125,5.682586669921875,12.070503234863281,7.327432155609131
0,1143,2063.302490234375,20576.962890625,5.606204509735107,13.942099571228027,12.394543647766113
0,1144,1031.0272216796875,10243.7919921875,6.647918701171875,8.883942604064941,9.058975219726562
0,1145,1341.545166015625,13367.646484375,4.780463695526123,9.741937637329102,5.497842311859131
0,1146,1532.8126220703125,15268.7294921875,5.939702987670898,11.658404350280762,11.834100723266602
0,1147,2037.3060302734375,20320.111328125,5.294866561889648,14.032824516296387,10.966974258422852
0,1148,1227.8924560546875,12230.970703125,4.7953925132751465,9.737696647644043,11.037005424499512
0,1149,2008.5533447265625,20035.88671875,4.964587688446045,16.139835357666016,13.450640678405762
0,1150,1323.3165283203125,13111.78515625,12.137984275817871,12.818610191345215,7.834866523742676
0,1151,2528.830078125,25239.97265625,4.8327956199646,16.920974731445312,10.265240669250488
0,1152,2451.266845703125,24456.31640625,5.635235786437988,14.063895225524902,12.043197631835938
0,1153,2128.72119140625,21235.646484375,5.156391143798828,10.265837669372559,8.11160945892334
0,1154,2531.535400390625,25267.861328125,4.749230861663818,16.89373779296875,6.763275146484375
0,1155,1417.9219970703125,14125.9638671875,5.325551509857178,10.20414924621582,8.208518028259277
0,1156,1242.971923828125,12380.111328125,4.960816383361816,10.958513259887695,7.7481231689453125
0,1157,1383.503173828125,13733.5751953125,10.145663261413574,13.703033447265625,13.80057430267334
0,1158,1271.49462890625,12660.732421875,5.421428203582764,12.083040237426758,9.888336181640625
0,1159,1497.90576171875,14924.421875,5.463505744934082,12.939608573913574,7.469155788421631
0,1160,1774.064453125,17685.279296875,5.536546230316162,11.427400588989258,11.436297416687012
0,1161,2862.0849609375,28573.583984375,4.72658634185791,16.906686782836914,15.493127822875977
0,1162,1615.984375,16079.4072265625,8.043569564819336,11.558343887329102,4.1363372802734375
0,1163,1544.47265625,15379.509765625,6.521632671356201,10.285468101501465,13.782614707946777
0,1164,980.4847412109375,9720.509765625,8.433771133422852,7.110565185546875,9.439371109008789
0,1165,1981.189208984375,19744.6015625,6.729053020477295,14.0498628616333,5.343356609344482
0,1166,1561.557861328125,15551.65234375,6.392518043518066,13.0326509475708,12.41843318939209
0,1167,1118.2252197265625,11130.072265625,5.2180280685424805,13.47473430633545,7.317477703094482
0,1168,1079.768798828125,10744.962890625,5.272416591644287,11.246155738830566,7.763150215148926
0,1169,1426.1661376953125,14212.802734375,4.8858795166015625,10.970702171325684,10.6025390625
0,1170,1677.9566650390625,16721.638671875,5.792684078216553,11.59247875213623,13.792678833007812
0,1171,1172.651611328125,11660.12109375,6.639468669891357,10.507061958312988,7.340207099914551
0,1172,1700.2615966796875,16957.578125,4.503810882568359,12.79813289642334,9.831255912780762
0,1173,1235.8017578125,12308.546875,4.946993350982666,14.330146789550781,10.085351943969727
0,1174,2356.536865234375,23503.28515625,6.20834493637085,13.209001541137695,11.086654663085938
0,1175,1628.55078125,16233.2021484375,5.230637550354004,13.344743728637695,11.311899185180664
0,1176,1452.3790283203125,14463.4296875,6.036014080047607,14.839346885681152,8.4295015335083
0,1177,1056.27978515625,10505.146484375,5.765110969543457,8.38193416595459,11.173730850219727
0,1178,1691.2637939453125,16849.0390625,6.359826564788818,13.167816162109375,7.474719524383545
0,1179,1524.70751953125,15173.3544921875,7.372018337249756,8.230700492858887,9.644309043884277
0,1180,1549.66259765625,15441.4736328125,5.515273571014404,15.0640869140625,10.1678466796875
0,1181,1615.8697509765625,16077.4384765625,8.125885009765625,11.441282272338867,12.339388847351074
0,1182,1695.2186279296875,16887.396484375,6.479016304016113,14.065309524536133,6.259289741516113
0,1183,1350.5748291015625,13440.4443359375,6.530437469482422,12.755148887634277,5.152209758758545
0,1184,1909.422607421875,19045.0859375,4.913897514343262,11.69457721710205,11.388449668884277
0,1185,1206.2371826171875,11998.388671875,6.398308277130127,11.030116081237793,7.761849880218506
0,1186,1525.19677734375,15202.537109375,4.943009853363037,12.699650764465332,11.1393404006958
0,1187,1297.278564453125,12921.1875,5.159810543060303,12.334311485290527,9.508193969726562
0,1188,451.7947998046875,4471.60693359375,4.6341094970703125,9.588990211486816,9.061380386352539
0,1189,1643.7003173828125,16376.6806640625,6.032195568084717,11.404223442077637,8.467569351196289
0,1190,804.0825805664062,7968.044921875,7.278049468994141,6.482496738433838,7.368802070617676
0,1191,965.7384033203125,9603.984375,5.339953899383545,9.100176811218262,10.803942680358887
0,1192,1775.040283203125,17687.73046875,6.267158508300781,14.237930297851562,13.285199165344238
0,1193,1712.571533203125,17081.5703125,4.414368152618408,14.293639183044434,11.1025972366333
0,1194,1751.2943115234375,17463.044921875,4.989721298217773,14.298301696777344,11.012295722961426
0,1195,1352.4774169921875,13472.361328125,5.241251468658447,13.331697463989258,12.122507095336914
0,1196,1033.6302490234375,10275.7578125,6.05441951751709,10.795783042907715,11.37793254852295
0,1197,1119.5234375,11141.556640625,5.367793083190918,10.301238059997559,8.231430053710938
0,1198,1482.234619140625,14772.775390625,4.957036018371582,11.924644470214844,11.618316650390625
0,1199,1492.4716796875,14879.435546875,4.52810525894165,11.789054870605469,12.125836372375488
0,1200,1233.8907470703125,12283.220703125,5.568600654602051,13.430961608886719,9.15521240234375
0,1201,2218.194091796875,22128.84375,5.309582710266113,14.110628128051758,8.915573120117188
0,1202,894.1948852539062,8879.626953125,6.2321600914001465,10.171904563903809,11.466073989868164
0,1203,994.298583984375,9899.43359375,4.355226039886475,13.611189842224121,7.659192085266113
0,1204,653.8487548828125,6466.5078125,7.197965145111084,8.750636100769043,7.965035915374756
0,1205,1155.5194091796875,11505.318359375,4.987575531005859,8.005475044250488,8.534601211547852
0,1206,2291.57177734375,22864.662109375,5.105384349822998,16.565095901489258,14.9612455368042
0,1207,1506.104248046875,15012.328125,4.871484279632568,12.564143180847168,12.8504056930542
0,1208,2097.712890625,20930.9296875,4.619852542877197,12.489153861999512,13.658001899719238
0,1209,2073.83154296875,20683.861328125,5.445342540740967,13.145378112792969,10.997174263000488
0,1210,1787.33056640625,17820.828125,5.247665882110596,13.6488618850708,10.775046348571777
0,1211,998.8715209960938,9910.34375,7.83712911605835,8.932548522949219,9.480624198913574
0,1212,715.7328491210938,7099.1650390625,5.816352367401123,9.060961723327637,10.595565795898438
0,1213,2730.566650390625,27246.23046875,5.943664073944092,18.269271850585938,10.352999687194824
0,1214,1538.5859375,15336.87890625,4.89802360534668,12.710090637207031,13.99987506866455
0,1215,3113.174560546875,31074.650390625,5.7093610763549805,17.303558349609375,7.713626384735107
0,1216,2355.115966796875,23492.701171875,5.845783233642578,12.887892723083496,9.691977500915527
0,1217,1174.28857421875,11660.548828125,8.233656883239746,11.141680717468262,7.0391998291015625
0,1218,1983.610107421875,19779.49609375,5.6604814529418945,12.372787475585938,11.4124174118042
0,1219,1282.9478759765625,12781.9208984375,4.755768299102783,11.5704927444458,6.892495632171631
0,1220,1139.6676025390625,11285.361328125,11.131464958190918,10.603761672973633,5.677270412445068
0,1221,1402.589599609375,13961.294921875,6.460043430328369,11.383511543273926,12.508440971374512
0,1222,1024.5491943359375,10191.9375,5.355422496795654,9.22191047668457,12.669848442077637
0,1223,1856.7100830078125,18468.572265625,9.852755546569824,13.494006156921387,9.471758842468262
0,1224,1539.916748046875,15346.56640625,5.2601213455200195,16.811847686767578,15.949686050415039
0,1225,302.1595764160156,2964.9462890625,5.664942264556885,7.808305263519287,10.454108238220215
0,1226,1181.7545166015625,11766.708984375,5.0836663246154785,11.223941802978516,13.369433403015137
0,1227,2204.169921875,21986.30078125,5.539689540863037,13.838546752929688,8.659619331359863
0,1228,2073.44287109375,20686.94140625,4.748724460601807,14.427637100219727,11.663537979125977
0,1229,1380.4573974609375,13762.0263671875,4.254819393157959,12.446295738220215,6.8942718505859375
0,1230,2379.313232421875,23744.125,4.900716781616211,15.758456230163574,12.294211387634277
0,1231,1065.3875732421875,10555.88671875,9.79881477355957,8.683853149414062,13.947626113891602
0,1232,1860.38671875,18553.970703125,4.989574909210205,13.258094787597656,4.89093017578125
0,1233,2650.1259765625,26449.541015625,5.171789646148682,14.684782981872559,11.668838500976562
0,1234,1606.2083740234375,15987.2080078125,7.4875688552856445,11.111751556396484,3.485299825668335
0,1235,1292.9205322265625,12878.77734375,5.042727947235107,11.348358154296875,6.757379055023193
0,1236,2521.009765625,25162.34375,4.775351047515869,14.302682876586914,14.200446128845215
0,1237,1263.89697265625,12584.9296875,5.403920650482178,10.084807395935059,6.4967498779296875
0,1238,2142.531494140625,21371.048828125,5.4264702796936035,13.257608413696289,13.560111045837402
0,1239,1861.5235595703125,18563.8046875,5.143074035644531,12.29478931427002,8.76434326171875
0,1240,1555.9488525390625,15518.6123046875,4.087648868560791,12.43353271484375,11.475784301757812
0,1241,1253.1500244140625,12484.181640625,4.731797695159912,13.159207344055176,12.106393814086914
0,1242,1650.4727783203125,16436.36328125,6.8364105224609375,10.380003929138184,10.297714233398438
0,1243,1206.647705078125,12016.5576171875,4.991919994354248,11.6619873046875,7.493353366851807
0,1244,1662.5650634765625,16562.8671875,6.278269290924072,13.753440856933594,12.261245727539062
0,1245,1490.598388671875,14858.4345703125,4.754840850830078,12.576074600219727,9.788064956665039
0,1246,1321.8482666015625,13175.107421875,4.3375115394592285,10.450451850891113,13.09299373626709
0,1247,2656.967529296875,26512.34375,5.7330522537231445,17.050352096557617,9.518198013305664
0,1248,989.5257568359375,9839.939453125,5.531799793243408,13.840624809265137,10.709494590759277
0,1249,824.406005859375,8181.9111328125,6.2148871421813965,8.848590850830078,7.873648166656494
0,1250,555.8362426757812,5470.53759765625,8.78245735168457,7.40258264541626,6.883309841156006
0,1251,1535.5985107421875,15311.0009765625,4.498391628265381,13.998329162597656,10.5384521484375
0,1252,1514.1201171875,15085.361328125,5.583978176116943,12.608488082885742,10.728952407836914
0,1253,1964.8792724609375,19601.220703125,4.757176876068115,11.542680740356445,7.82472562789917
0,1254,1239.3167724609375,12328.8408203125,6.432658672332764,12.33849811553955,11.299814224243164
0,1255,2153.687255859375,21487.07421875,4.9796271324157715,15.199841499328613,8.4655122756958
0,1256,2031.4949951171875,20266.345703125,4.860333442687988,13.161425590515137,9.819696426391602
0,1257,1389.841552734375,13784.47265625,11.394286155700684,12.251139640808105,12.19439697265625
0,1258,1668.7855224609375,16638.619140625,4.923630714416504,11.38477611541748,12.240488052368164
0,1259,1729.056884765625,17244.716796875,4.585236549377441,13.548323631286621,11.530474662780762
0,1260,1358.109619140625,13512.478515625,6.861692905426025,14.801345825195312,5.611486911773682
0,1261,857.8442993164062,8507.439453125,7.100349426269531,11.449193000793457,9.464327812194824
0,1262,1240.6680908203125,12359.865234375,4.681551933288574,10.687582015991211,11.391702651977539
