epoch,batch,loss,loss_h,loss_c,trans_l2_m,yaw_err_deg
0,0,4222.439453125,36240.859375,19.945112228393555,12.450597763061523,4.330160617828369
0,1,5119.1806640625,44195.65234375,23.32050323486328,12.556103706359863,8.735498428344727
0,2,5686.75048828125,50498.9375,21.228544235229492,13.244211196899414,14.284219741821289
0,3,5659.884765625,46969.234375,32.09870529174805,12.66693115234375,12.352240562438965
0,4,2977.50048828125,21931.4140625,26.145307540893555,6.8168840408325195,11.62326717376709
0,5,5142.76025390625,47085.78125,14.472740173339844,12.557941436767578,11.834332466125488
0,6,4320.05126953125,37726.0625,18.2481746673584,10.708313941955566,11.245346069335938
0,7,2873.12158203125,22430.119140625,21.00365447998047,7.606105804443359,11.40173053741455
0,8,5314.8232421875,47279.12890625,19.56368064880371,12.85819149017334,12.48691463470459
0,9,5421.26220703125,46710.0234375,25.008655548095703,13.016031265258789,9.187487602233887
0,10,4928.74755859375,42588.5078125,22.329875946044922,12.150205612182617,9.349469184875488
0,11,5716.15869140625,49176.234375,26.617834091186523,12.290886878967285,14.045056343078613
0,12,4614.12158203125,41043.42578125,16.992630004882812,11.572434425354004,9.27709674835205
0,13,5420.11279296875,49222.40625,16.59573745727539,14.399293899536133,7.184201240539551
0,14,5470.267578125,47849.828125,22.842817306518555,12.568217277526855,13.754706382751465
0,15,4566.4248046875,42490.9921875,10.577528953552246,13.931872367858887,2.69504714012146
0,16,4933.84814453125,43730.37109375,18.69370460510254,12.609770774841309,10.424774169921875
0,17,2792.923828125,24512.810546875,11.388091087341309,6.663473606109619,12.685534477233887
0,18,6303.2607421875,52080.8203125,36.505950927734375,14.092020034790039,10.52557373046875
0,19,4827.94970703125,42892.765625,17.95576286315918,12.706377029418945,10.021323204040527
0,20,6185.0078125,55919.8671875,19.767364501953125,14.126355171203613,12.990679740905762
0,21,4635.0234375,41375.6171875,16.58205223083496,12.903244018554688,8.3240966796875
0,22,5590.302734375,52327.1171875,11.919685363769531,13.756503105163574,11.54162883758545
0,23,4780.701171875,37919.40625,32.95869064331055,11.218263626098633,7.7407073974609375
0,24,6225.05615234375,55362.5078125,22.960174560546875,14.045931816101074,11.696578979492188
0,25,6372.1318359375,58109.98046875,18.704465866088867,14.700350761413574,10.548431396484375
0,26,4173.27099609375,37736.9140625,13.319320678710938,12.432330131530762,7.48272705078125
0,27,4997.5947265625,41710.75,27.5506534576416,10.320968627929688,15.331748008728027
0,28,3035.934814453125,26391.60546875,13.225809097290039,7.526285648345947,13.446524620056152
0,29,5095.90771484375,46785.95703125,13.910400390625,12.414726257324219,12.66003704071045
0,30,3355.40576171875,27876.05078125,18.926687240600586,8.118212699890137,9.734018325805664
0,31,4231.408203125,37981.30078125,14.442596435546875,10.813188552856445,12.19724178314209
0,32,3783.243896484375,34438.24609375,11.313974380493164,10.583023071289062,10.948132514953613
0,33,4543.400390625,35959.375,31.58209800720215,9.309475898742676,12.00457763671875
0,34,4507.30810546875,40134.0703125,16.463375091552734,11.737836837768555,9.140960693359375
0,35,3622.408935546875,30748.40625,18.25227928161621,8.308287620544434,14.265731811523438
0,36,4732.4619140625,43841.671875,11.609816551208496,13.055834770202637,10.104331016540527
0,37,3691.559814453125,30292.822265625,22.0759220123291,10.805061340332031,6.140450954437256
0,38,5258.04638671875,47960.69140625,15.399240493774414,13.186467170715332,9.30578899383545
0,39,5073.59521484375,42991.17578125,25.8159236907959,9.855368614196777,12.901415824890137
0,40,5086.44580078125,45537.87890625,17.75526237487793,12.643698692321777,10.836334228515625
0,41,3064.014892578125,23779.732421875,22.868051528930664,7.311795711517334,11.82779598236084
0,42,5453.7109375,50607.28515625,13.099408149719238,13.71844482421875,10.512784004211426
0,43,2785.25830078125,25296.958984375,8.518745422363281,8.876106262207031,9.512063980102539
0,44,3343.727783203125,28842.212890625,15.316876411437988,8.937273979187012,8.371752738952637
0,45,3140.3291015625,21994.2734375,31.363388061523438,8.276934623718262,6.448434352874756
0,46,5371.0361328125,50092.1171875,12.060815811157227,13.781249046325684,11.547955513000488
0,47,4126.21630859375,35830.87109375,18.104310989379883,10.176634788513184,10.34167766571045
0,48,2883.554443359375,24954.53515625,12.936691284179688,8.347667694091797,9.590509414672852
0,49,4023.556884765625,35891.85546875,14.479046821594238,11.359341621398926,9.9907865524292
0,50,4638.6357421875,42664.671875,12.405613899230957,11.74238109588623,11.947222709655762
0,51,4762.91162109375,42925.5625,15.678522109985352,11.972423553466797,9.428423881530762
0,52,4681.8681640625,43743.2734375,10.251346588134766,10.827025413513184,15.666216850280762
0,53,4774.849609375,44685.9296875,10.208552360534668,11.835367202758789,14.925793647766113
0,54,4699.8193359375,41872.3203125,17.086252212524414,11.590682983398438,10.095392227172852
0,55,3969.93359375,36104.0078125,11.984419822692871,9.985913276672363,13.24267578125
0,56,4492.3505859375,42628.25390625,7.6508307456970215,12.177191734313965,9.592157363891602
0,57,5727.9677734375,52261.05078125,16.728757858276367,13.984396934509277,8.994757652282715
0,58,4873.28466796875,41570.8828125,23.87320899963379,12.666240692138672,9.279868125915527
0,59,3254.466064453125,29257.185546875,10.958253860473633,10.580061912536621,5.113793849945068
0,60,2451.488525390625,21328.255859375,10.622091293334961,8.034412384033203,8.2344970703125
0,61,3668.08935546875,33614.9453125,10.219820022583008,11.331846237182617,8.116205215454102
0,62,4576.1103515625,39059.0390625,22.340211868286133,11.111775398254395,12.868789672851562
0,63,3963.0302734375,36654.734375,9.918560981750488,12.340858459472656,5.075952053070068
0,64,3723.94287109375,34503.0625,9.12121295928955,11.751595497131348,7.458425998687744
0,65,5087.88525390625,49048.4609375,6.101300239562988,13.258763313293457,9.124628067016602
0,66,4733.59521484375,40927.5390625,21.36138343811035,12.015982627868652,11.418103218078613
0,67,3080.100341796875,26631.755859375,13.897493362426758,9.026705741882324,8.097442626953125
0,68,3673.53515625,31364.83984375,17.901700973510742,11.075706481933594,7.097525119781494
0,69,3595.2265625,33805.5546875,7.15570592880249,11.417420387268066,6.7358245849609375
0,70,4796.048828125,45121.2265625,9.46420955657959,12.883944511413574,8.645126342773438
0,71,4512.1259765625,41421.0703125,12.333968162536621,12.557159423828125,8.828238487243652
0,72,4856.79296875,43052.2734375,18.385522842407227,13.005606651306152,6.089520454406738
0,73,5265.76611328125,47805.08203125,16.175260543823242,13.23227596282959,10.470474243164062
0,74,3417.244140625,31516.607421875,8.852771759033203,10.724822998046875,7.862283229827881
0,75,5081.6279296875,45711.546875,17.015764236450195,12.838543891906738,10.289532661437988
0,76,5301.248046875,45734.98828125,24.2582950592041,12.546529769897461,11.605944633483887
0,77,4618.29052734375,44015.359375,7.225146770477295,11.832518577575684,11.767901420593262
0,78,4373.22119140625,40133.7265625,11.994949340820312,10.892494201660156,14.0672607421875
0,79,4280.9794921875,40346.8828125,8.209708213806152,11.35986042022705,12.330377578735352
0,80,3254.456787109375,30324.22265625,7.401144504547119,10.10839557647705,8.73996639251709
0,81,3364.8955078125,30886.490234375,9.20821475982666,9.888640403747559,10.704169273376465
0,82,4964.158203125,45541.265625,13.667719841003418,13.028350830078125,7.842355251312256
0,83,1896.21435546875,16605.453125,7.8556365966796875,7.455137729644775,7.469769477844238
0,84,3059.14892578125,27065.9765625,11.75171184539795,9.450957298278809,8.569693565368652
0,85,5770.783203125,53929.640625,12.593954086303711,14.22070598602295,12.47711181640625
0,86,4988.9833984375,46457.17578125,11.44218635559082,13.106465339660645,9.575592041015625
0,87,3611.010498046875,33302.171875,9.359770774841309,11.468414306640625,5.147284030914307
0,88,6252.82470703125,59978.9375,8.497682571411133,14.215655326843262,11.757397651672363
0,89,3968.1005859375,35140.7109375,15.13431453704834,11.781275749206543,8.419089317321777
0,90,5736.91455078125,51931.5859375,18.125192642211914,14.147112846374512,7.472485542297363
0,91,4392.94140625,41629.6015625,7.66603422164917,13.21190071105957,6.225399971008301
0,92,5029.15380859375,45937.99609375,14.511797904968262,13.257864952087402,8.7249174118042
0,93,3462.421630859375,25414.09375,30.700407028198242,8.545794486999512,11.058932304382324
0,94,3662.4521484375,33762.33203125,9.540634155273438,11.348376274108887,8.02390193939209
0,95,3928.0537109375,36455.34375,9.417313575744629,11.426447868347168,10.21673583984375
0,96,2822.97998046875,26207.748046875,6.740170478820801,9.84977912902832,5.8173370361328125
0,97,3410.817138671875,31790.396484375,7.7259087562561035,10.675468444824219,8.77941608428955
0,98,3219.66357421875,29131.43359375,10.217338562011719,9.591216087341309,8.792465209960938
0,99,4349.94287109375,41001.23046875,8.327330589294434,10.688533782958984,14.045844078063965
0,100,4123.64013671875,35868.5078125,17.892972946166992,10.937690734863281,8.783166885375977
0,101,3594.77490234375,32206.91796875,12.469436645507812,9.99237060546875,11.01013469696045
0,102,3683.05810546875,33315.73828125,11.716140747070312,8.71989631652832,14.198636054992676
0,103,2834.422119140625,26120.1171875,7.413682460784912,9.168850898742676,9.586456298828125
0,104,4994.21484375,46545.11328125,11.323451042175293,13.100412368774414,10.626681327819824
0,105,4835.86962890625,46254.5859375,7.01370096206665,13.075654983520508,9.511404991149902
0,106,5256.3095703125,50403.5078125,7.198609828948975,13.407198905944824,13.025546073913574
0,107,5826.5947265625,56030.29296875,7.452174663543701,13.466998100280762,13.956168174743652
0,108,4698.8662109375,37537.30078125,31.504541397094727,11.908509254455566,7.798919677734375
0,109,5118.365234375,49307.23828125,6.254704475402832,11.872700691223145,15.478421211242676
0,110,3790.2734375,34905.1328125,9.99200439453125,10.792427062988281,11.225555419921875
0,111,4983.6767578125,47441.765625,7.983325481414795,13.47875690460205,10.438220024108887
0,112,4764.47998046875,43755.1328125,12.96555233001709,12.333988189697266,11.787078857421875
0,113,2807.103515625,23566.61328125,15.014739990234375,9.607634544372559,6.239892482757568
0,114,4121.34423828125,39139.2890625,6.91384744644165,11.493136405944824,12.526135444641113
0,115,3925.708740234375,35703.140625,11.84648609161377,11.198283195495605,8.387051582336426
0,116,5347.8623046875,51178.859375,7.665871620178223,13.639480590820312,11.539380073547363
0,117,5113.1640625,48614.81640625,8.389403343200684,13.332185745239258,11.415671348571777
0,118,5046.11181640625,46885.171875,11.919825553894043,13.314982414245605,10.276110649108887
0,119,3902.7880859375,34606.48828125,14.737971305847168,10.553716659545898,9.323953628540039
0,120,5373.9541015625,49846.17578125,12.977874755859375,13.774957656860352,6.700757026672363
0,121,2623.146240234375,18371.3828125,26.20026206970215,6.331442356109619,8.360602378845215
0,122,3771.0947265625,34186.671875,11.747580528259277,9.843179702758789,10.779306411743164
0,123,6236.31494140625,58707.2109375,12.1864652633667,14.353828430175781,13.719985961914062
0,124,3286.463623046875,30496.41796875,7.8940606117248535,9.492154121398926,10.662589073181152
0,125,3778.275146484375,34441.01953125,11.139101028442383,10.708537101745605,11.134528160095215
0,126,3368.600341796875,29782.41796875,13.011947631835938,10.915892601013184,4.080121040344238
0,127,4258.216796875,40098.85546875,8.277711868286133,10.505946159362793,12.44629192352295
0,128,4259.400390625,37949.37109375,15.482111930847168,10.111185073852539,12.921587944030762
0,129,4206.154296875,37854.91796875,14.022076606750488,11.281349182128906,8.517745971679688
0,130,4026.408447265625,37497.84765625,9.220786094665527,11.361800193786621,10.131860733032227
0,131,4163.23974609375,38245.73828125,11.28885555267334,11.464935302734375,10.222037315368652
0,132,2648.781005859375,23849.38671875,8.794743537902832,8.219950675964355,7.80849027633667
0,133,3377.314453125,30703.46484375,10.232271194458008,10.051553726196289,8.843622207641602
0,134,3531.7451171875,28000.3515625,24.390336990356445,8.651453971862793,12.281424522399902
0,135,3375.594482421875,29280.748046875,14.917314529418945,9.490728378295898,8.839136123657227
0,136,4454.57568359375,41851.37109375,8.981279373168945,12.78648853302002,5.85982084274292
0,137,3363.419921875,31823.130859375,6.036886692047119,8.965424537658691,12.914072036743164
0,138,3346.414794921875,31017.0078125,8.157132148742676,9.1854829788208,12.63623046875
0,139,3228.513427734375,29403.091796875,9.606803894042969,9.81750774383545,7.627896308898926
0,140,3739.09326171875,34091.7421875,10.997302055358887,9.844548225402832,11.81908893585205
0,141,4634.4990234375,41222.8203125,17.073888778686523,11.375409126281738,13.131442070007324
0,142,4812.13134765625,45246.59765625,9.582382202148438,13.119546890258789,10.06897258758545
0,143,5350.77880859375,49429.39453125,13.594650268554688,13.004300117492676,11.582366943359375
0,144,5331.064453125,46746.3671875,21.880931854248047,12.816864013671875,11.252618789672852
0,145,2751.672119140625,25182.66015625,7.780198574066162,8.6377534866333,9.690500259399414
0,146,3120.9375,27160.923828125,13.494830131530762,9.369773864746094,8.170416831970215
0,147,5468.4130859375,50411.90234375,14.240755081176758,13.675326347351074,10.509005546569824
0,148,3326.59228515625,30383.220703125,9.6090087890625,10.137518882751465,7.000006198883057
0,149,4220.39013671875,37577.5,15.421332359313965,11.451986312866211,10.161648750305176
0,150,4859.91796875,46191.29296875,8.026284217834473,13.02380657196045,10.273612022399902
0,151,2477.13330078125,20994.107421875,12.590743064880371,7.931403636932373,7.914025783538818
0,152,3985.333740234375,37745.1171875,7.027402400970459,11.590521812438965,9.674860000610352
0,153,2444.358642578125,22204.16796875,7.464729309082031,8.587773323059082,5.367804050445557
0,154,4174.17724609375,38995.28125,9.154977798461914,11.845683097839355,9.226404190063477
0,155,3911.11767578125,34654.59765625,14.855262756347656,10.631001472473145,8.496752738952637
0,156,4320.76708984375,40412.54296875,9.317092895507812,10.85399055480957,12.854926109313965
0,157,3371.309326171875,31576.9765625,7.120389461517334,9.285933494567871,12.086160659790039
0,158,4872.2666015625,46393.046875,7.765391826629639,11.926177024841309,13.297802925109863
0,159,3918.2607421875,35793.50390625,11.297015190124512,11.493782043457031,8.881461143493652
0,160,3309.59716796875,29056.216796875,13.465842247009277,10.495956420898438,6.128411769866943
0,161,3756.485595703125,35077.046875,8.292689323425293,11.123053550720215,8.084927558898926
0,162,5399.490234375,50253.6875,12.470720291137695,13.930121421813965,10.8656587600708
0,163,4094.1923828125,38515.30078125,8.088744163513184,9.143793106079102,14.258563041687012
0,164,6269.6611328125,60241.00390625,8.18535327911377,15.8284273147583,8.750879287719727
0,165,4802.75439453125,44597.45703125,11.433623313903809,10.934977531433105,14.810370445251465
0,166,5109.650390625,47868.828125,10.75892162322998,12.059042930603027,13.243151664733887
0,167,3983.03369140625,36310.3359375,11.733333587646484,10.405349731445312,10.813214302062988
0,168,5822.20263671875,56059.546875,7.208264350891113,14.359689712524414,11.196759223937988
0,169,2996.470703125,27604.005859375,7.8690056800842285,9.113564491271973,7.2740936279296875
0,170,3676.166748046875,33845.56640625,9.720338821411133,11.110673904418945,5.509036540985107
0,171,5526.64013671875,48063.67578125,24.009077072143555,13.095209121704102,10.5447359085083
0,172,4818.39501953125,43252.6796875,16.437570571899414,12.24889087677002,9.04791259765625
0,173,4731.9541015625,45287.02734375,6.775052547454834,13.127215385437012,6.069937229156494
0,174,3913.910888671875,36359.29296875,9.266051292419434,10.628127098083496,10.6429443359375
0,175,3322.296875,29255.19921875,13.2258939743042,9.73547077178955,9.125198364257812
0,176,3225.298095703125,30301.87109375,6.50369119644165,9.838946342468262,8.855307579040527
0,177,5458.59326171875,51914.00390625,8.906435012817383,12.866853713989258,15.400336265563965
0,178,4735.90673828125,45568.87109375,5.967310428619385,12.72305965423584,10.964388847351074
0,179,5131.47509765625,47573.1796875,12.471902847290039,12.828852653503418,8.38535213470459
0,180,3691.73974609375,34720.00390625,7.3246378898620605,10.006579399108887,11.132242202758789
0,181,3846.2255859375,36288.65625,7.245326995849609,10.017707824707031,10.464688301086426
0,182,4523.87890625,43251.32421875,6.62488317489624,11.553457260131836,8.607858657836914
0,183,3656.681396484375,33650.02734375,9.72262191772461,10.228646278381348,7.609311103820801
0,184,2277.006591796875,20442.365234375,7.7590012550354,8.088561058044434,6.957040309906006
0,185,3382.739013671875,31731.767578125,6.985406398773193,11.072115898132324,5.9490203857421875
0,186,4659.88525390625,42717.4921875,12.937860488891602,11.001925468444824,14.923871040344238
0,187,4780.0537109375,45584.80078125,7.385797023773193,11.28404426574707,15.37888240814209
0,188,3880.367919921875,36322.8203125,8.269529342651367,9.888126373291016,12.240094184875488
0,189,3375.1064453125,31728.796875,6.740890026092529,10.074938774108887,9.502570152282715
0,190,5734.94580078125,55435.125,6.381110668182373,14.251307487487793,11.985834121704102
0,191,4287.2412109375,40636.19921875,7.454037666320801,12.286107063293457,8.083871841430664
0,192,4623.076171875,43763.0859375,8.225578308105469,12.46652603149414,6.831024169921875
0,193,3610.88330078125,28575.5703125,25.110870361328125,8.898508071899414,9.026010513305664
0,194,5270.15966796875,50720.640625,6.603191375732422,13.718040466308594,10.36209774017334
0,195,3470.91357421875,31837.708984375,9.571415901184082,9.293235778808594,7.85540771484375
0,196,3608.854736328125,32965.57421875,10.409913063049316,10.750656127929688,7.445959568023682
0,197,2209.96875,19898.896484375,7.3359694480896,7.630876064300537,7.374698162078857
0,198,2307.78759765625,20360.08984375,9.059289932250977,7.496468544006348,8.546716690063477
0,199,5084.48828125,47372.31640625,11.575215339660645,12.861075401306152,11.653024673461914
0,200,3922.602294921875,37059.77734375,7.220816135406494,10.22691822052002,12.715158462524414
0,201,2738.06689453125,25087.47265625,7.643989562988281,6.723084926605225,12.125839233398438
0,202,4798.5244140625,45460.0859375,8.417181968688965,11.511868476867676,12.744363784790039
0,203,3702.55859375,34962.640625,6.876483917236328,11.208145141601562,6.939477443695068
0,204,3380.866943359375,31635.388671875,7.244273662567139,8.531302452087402,11.395135879516602
0,205,3420.216552734375,31719.484375,8.275598526000977,8.57647705078125,13.320345878601074
0,206,4003.026611328125,36779.67578125,10.835299491882324,9.3219633102417,14.254495620727539
0,207,4128.7197265625,39185.796875,7.0046586990356445,10.5291166305542,10.685638427734375
0,208,3910.9833984375,36311.515625,9.327723503112793,11.393600463867188,10.5331392288208
0,209,4597.11083984375,43433.5,8.458697319030762,13.194197654724121,6.600049018859863
0,210,3620.68359375,33907.109375,7.665750980377197,10.049447059631348,10.963004112243652
0,211,4577.84033203125,42944.2734375,9.447104454040527,11.411008834838867,12.392041206359863
0,212,5363.3466796875,49880.43359375,12.510103225708008,13.2758207321167,8.773590087890625
0,213,4942.4111328125,46536.08984375,9.626742362976074,13.40051555633545,11.028100967407227
0,214,3060.84521484375,27901.265625,9.023953437805176,8.931459426879883,9.143411636352539
0,215,4802.4365234375,44964.08203125,10.200949668884277,12.789888381958008,9.027029991149902
0,216,4889.9443359375,46718.4140625,7.2701005935668945,11.317451477050781,17.362918853759766
0,217,3483.178955078125,30001.615234375,16.1005802154541,10.789000511169434,6.077984809875488
0,218,5332.9599609375,51100.984375,7.42871618270874,12.999099731445312,12.359320640563965
0,219,6079.173828125,55751.09375,16.802143096923828,14.876558303833008,7.665963649749756
0,220,3519.89306640625,33145.48828125,6.844811916351318,9.70208740234375,9.378500938415527
0,221,4168.12353515625,37133.15625,15.16026496887207,10.52185344696045,12.280184745788574
0,222,3071.715576171875,26926.705078125,12.634830474853516,9.112082481384277,9.324905395507812
0,223,4291.3291015625,40526.9765625,7.954373836517334,11.260024070739746,12.255331993103027
0,224,3912.486572265625,35989.6640625,10.450667381286621,11.092836380004883,7.787957668304443
0,225,5352.986328125,50965.90625,8.546515464782715,13.373224258422852,13.764025688171387
0,226,4832.916015625,46307.0390625,6.740394592285156,12.42707347869873,11.584006309509277
0,227,4185.6923828125,37330.02734375,15.089659690856934,11.006318092346191,8.341925621032715
0,228,4807.62646484375,46091.5,6.615891933441162,11.890563011169434,12.799628257751465
0,229,1645.608154296875,14149.712890625,7.687892913818359,6.399417400360107,6.650180339813232
0,230,4183.73486328125,38948.9609375,9.627954483032227,11.104748725891113,9.79522705078125
0,231,4514.763671875,41156.03125,13.305350303649902,11.546091079711914,6.950222969055176
0,232,4047.9755859375,35753.55078125,15.754013061523438,10.637048721313477,9.773791313171387
0,233,3754.330078125,34915.76953125,8.758435249328613,11.038558959960938,9.22656536102295
0,234,4266.013671875,39536.9609375,10.410582542419434,11.70598030090332,6.775109767913818
0,235,3701.637939453125,33627.70703125,11.295573234558105,9.98359203338623,8.713488578796387
0,236,4199.45361328125,39771.4765625,7.410190582275391,12.005351066589355,10.071426391601562
0,237,2912.87548828125,25851.767578125,10.923288345336914,8.120482444763184,7.2009735107421875
0,238,5545.87548828125,52868.4140625,8.634477615356445,15.031844139099121,7.017184734344482
0,239,4511.59375,42738.83203125,7.923685550689697,12.904626846313477,7.1585540771484375
0,240,3139.214111328125,28768.2265625,8.746378898620605,9.94637393951416,8.868005752563477
0,241,5140.44384765625,48304.7734375,10.332213401794434,12.824668884277344,10.2862548828125
0,242,2878.90771484375,26035.62890625,9.1781587600708,8.664739608764648,9.993783950805664
0,243,5227.6474609375,48039.51171875,14.123204231262207,13.043225288391113,9.895227432250977
0,244,3504.5537109375,31882.802734375,10.542449951171875,8.037991523742676,13.327801704406738
0,245,6263.58984375,60215.93359375,8.066554069519043,14.88866138458252,11.980813980102539
0,246,3455.546630859375,31986.025390625,8.564804077148438,9.110356330871582,12.11285400390625
0,247,3410.428955078125,32161.9375,6.474502086639404,9.505976676940918,10.592300415039062
0,248,3409.982666015625,31960.859375,7.129887580871582,10.61929702758789,9.24320125579834
0,249,5198.0810546875,50206.81640625,5.9133219718933105,11.399027824401855,15.934765815734863
0,250,4269.2568359375,41130.0546875,5.2083892822265625,11.389528274536133,10.9290189743042
0,251,3407.56884765625,32036.48046875,6.7973551750183105,9.988516807556152,10.631583213806152
0,252,2773.7314453125,25632.76171875,7.015179634094238,8.656221389770508,8.059961318969727
0,253,4812.63330078125,46135.640625,6.635641574859619,12.270201683044434,12.91086483001709
0,254,5045.3974609375,47855.59375,8.661256790161133,11.772275924682617,13.731002807617188
0,255,2805.47802734375,25653.353515625,8.004749298095703,8.591814041137695,9.228705406188965
0,256,2653.197021484375,24146.39453125,7.9519243240356445,8.532607078552246,6.921365261077881
0,257,4490.39892578125,42186.40625,9.058608055114746,11.571309089660645,10.79534912109375
0,258,3201.47802734375,29064.880859375,9.833003044128418,9.889520645141602,7.84706449508667
0,259,4124.6884765625,39161.2265625,6.952186107635498,10.818269729614258,12.709716796875
0,260,4769.7919921875,45312.54296875,7.9512481689453125,12.811538696289062,9.736834526062012
0,261,3452.467529296875,30947.4140625,11.924201011657715,10.824004173278809,7.085168361663818
0,262,2931.14697265625,26856.2734375,8.183985710144043,7.922177791595459,12.291702270507812
0,263,2344.33837890625,21745.603515625,5.659265995025635,7.299891948699951,10.778220176696777
0,264,4515.3232421875,42946.96875,7.354220867156982,11.288885116577148,10.738024711608887
0,265,2940.843017578125,26400.33203125,10.026993751525879,9.55922794342041,6.402148723602295
0,266,3840.085205078125,35833.4765625,8.557921409606934,11.886860847473145,4.613040447235107
0,267,2077.32080078125,18529.640625,7.478555202484131,7.030503273010254,9.037375450134277
0,268,4425.8515625,42033.1875,7.417755126953125,11.63614559173584,11.127038955688477
0,269,5348.546875,51636.9609375,6.161681175231934,12.241934776306152,15.789196968078613
0,270,2778.09765625,25176.53515625,8.681472778320312,9.489436149597168,5.2139434814453125
0,271,3208.330078125,28299.03515625,12.61422061920166,9.504249572753906,8.26123046875
0,272,4780.5703125,45668.08984375,7.125367641448975,12.93323040008545,9.734601020812988
0,273,3579.41064453125,31216.69140625,15.258051872253418,9.100581169128418,11.609796524047852
0,274,5096.701171875,47849.34765625,10.39220142364502,13.326647758483887,9.531903266906738
0,275,2389.69189453125,21591.81640625,7.683677673339844,7.093388557434082,8.4700288772583
0,276,3632.982421875,34449.25,6.2685770988464355,9.76152515411377,11.05942440032959
0,277,4529.56689453125,42678.5625,8.723686218261719,10.866853713989258,13.840011596679688
0,278,3183.315185546875,29767.59375,6.885185241699219,7.550694942474365,12.608041763305664
0,279,4517.6728515625,43027.78125,7.163150310516357,11.172426223754883,12.6106595993042
0,280,3173.397216796875,29824.837890625,6.363780498504639,10.257347106933594,7.254223823547363
0,281,3794.506103515625,35170.65625,9.248011589050293,9.293506622314453,15.65750789642334
0,282,3107.089599609375,28874.923828125,7.319901943206787,9.506063461303711,9.447318077087402
0,283,3356.816650390625,31797.6484375,5.901728630065918,10.344843864440918,7.461956977844238
0,284,3112.600341796875,29240.876953125,6.283760070800781,8.561891555786133,13.046948432922363
0,285,5307.90478515625,50795.078125,7.613232612609863,11.63136100769043,15.801358222961426
0,286,2863.895263671875,25978.0078125,8.8698148727417,9.125894546508789,7.185132026672363
0,287,2955.135986328125,25770.77734375,12.601934432983398,9.217254638671875,6.97857666015625
0,288,4710.58984375,45164.87109375,6.470091342926025,13.242138862609863,8.177606582641602
0,289,3651.197021484375,33987.38671875,8.415277481079102,9.468073844909668,10.046698570251465
0,290,2410.697265625,20940.32421875,10.555493354797363,7.966796398162842,6.8754730224609375
0,291,3166.1279296875,29085.45703125,8.586076736450195,8.843247413635254,8.954767227172852
0,292,2931.02392578125,27075.94921875,7.447627544403076,9.040994644165039,7.458380222320557
0,293,2760.05517578125,24381.880859375,10.728897094726562,9.305434226989746,6.103262424468994
0,294,2081.718017578125,18602.59375,7.381954193115234,7.731324672698975,8.408190727233887
0,295,4304.0693359375,40860.9453125,7.265829563140869,11.498092651367188,9.719815254211426
0,296,3518.497802734375,33353.37890625,6.105327129364014,9.055377006530762,13.205172538757324
0,297,3544.728271484375,33160.421875,7.622868537902832,8.922096252441406,10.871286392211914
0,298,3174.879150390625,29079.255859375,8.898452758789062,9.358139038085938,8.99127197265625
0,299,5698.634765625,53586.75,11.331985473632812,12.961918830871582,12.480209350585938
0,300,2221.220703125,19184.60546875,10.092005729675293,7.9263763427734375,4.034045696258545
0,301,3888.353271484375,36447.046875,8.121611595153809,10.425819396972656,9.937588691711426
0,302,2428.89208984375,22453.21484375,6.119016170501709,6.805418491363525,10.759592056274414
0,303,2665.96142578125,24599.73046875,6.866279125213623,8.685038566589355,5.593335151672363
0,304,3726.439208984375,35147.3828125,7.056700229644775,11.61388874053955,5.608114719390869
0,305,3122.971435546875,28937.5859375,7.640431880950928,9.624388694763184,7.356207370758057
0,306,2701.81201171875,24497.3515625,8.402559280395508,8.299738883972168,9.537762641906738
0,307,4677.3212890625,44667.12890625,7.020276069641113,12.069931983947754,10.534274101257324
0,308,3751.890380859375,33642.1640625,12.922464370727539,9.298590660095215,7.959252834320068
0,309,3054.058837890625,27854.349609375,8.95412540435791,7.793567180633545,11.127145767211914
0,310,4931.42724609375,45655.10546875,12.197218894958496,12.058425903320312,12.480887413024902
0,311,4109.59326171875,38643.78125,8.17383098602295,9.837722778320312,12.840659141540527
0,312,4441.19677734375,42479.28125,6.44228458404541,11.826308250427246,10.335830688476562
0,313,3944.363525390625,36250.74609375,10.642958641052246,10.777701377868652,9.647745132446289
0,314,3582.459228515625,33349.6484375,8.249812126159668,9.644909858703613,9.432629585266113
0,315,3132.243896484375,29342.255859375,6.600612640380859,9.85021686553955,6.604547023773193
0,316,3811.6708984375,35943.8359375,7.242916107177734,10.392318725585938,6.0921478271484375
0,317,4365.44775390625,41216.77734375,8.125662803649902,10.466001510620117,14.051892280578613
0,318,3310.95166015625,29771.41015625,11.1270170211792,10.051836967468262,6.472217082977295
0,319,3031.99853515625,28197.5078125,7.074929237365723,9.006683349609375,9.456710815429688
0,320,3454.296142578125,29797.025390625,15.819783210754395,9.856413841247559,8.447775840759277
0,321,4013.999755859375,37571.265625,8.562432289123535,9.601791381835938,13.516079902648926
0,322,2584.72216796875,23278.14453125,8.563593864440918,7.437804698944092,10.3516206741333
0,323,1988.99658203125,17374.51171875,8.384844779968262,7.589839458465576,6.308688640594482
0,324,2643.80322265625,24205.8046875,7.4407572746276855,7.4606218338012695,11.262661933898926
0,325,4279.5732421875,40740.0546875,6.852258205413818,10.857208251953125,13.282299995422363
0,326,4283.8974609375,41003.6328125,6.117808818817139,10.508868217468262,13.172403335571289
0,327,2152.681884765625,18941.35546875,8.618206977844238,7.163479804992676,7.446048259735107
0,328,2598.848876953125,23525.7421875,8.20915412902832,7.090429782867432,9.82574462890625
0,329,4366.658203125,40496.11328125,10.568222999572754,11.146987915039062,12.658856391906738
0,330,4590.88330078125,40954.48046875,16.514516830444336,9.832991600036621,11.857129096984863
0,331,3741.937744140625,34604.7890625,9.38195514678955,9.045677185058594,11.90075397491455
0,332,4579.5703125,43956.109375,6.13198709487915,9.654617309570312,17.199811935424805
0,333,2578.820068359375,23927.107421875,6.20364236831665,7.360022068023682,10.357037544250488
0,334,4650.37158203125,44476.140625,6.758584499359131,11.357867240905762,12.504223823547363
0,335,3725.469482421875,34954.8984375,7.66598653793335,9.412330627441406,12.955810546875
0,336,4469.75634765625,42557.1484375,7.134712219238281,10.635382652282715,13.1013765335083
0,337,3662.901123046875,33680.6953125,9.827717781066895,9.6435546875,9.03385066986084
0,338,3821.504638671875,36005.10546875,7.3664679527282715,11.08495807647705,9.102911949157715
0,339,4539.3330078125,41595.15234375,12.660593032836914,10.666213989257812,14.243618965148926
0,340,2394.083984375,21628.62109375,7.707395076751709,8.318317413330078,6.882571697235107
0,341,3425.56591796875,30678.98828125,11.922235488891602,8.97495174407959,11.211343765258789
0,342,3882.934814453125,36458.046875,7.9043402671813965,9.94681453704834,11.419382095336914
0,343,3436.611572265625,32555.2421875,6.0362467765808105,10.189867973327637,9.220413208007812
0,344,3289.398193359375,31060.6875,6.110980987548828,9.542313575744629,10.191241264343262
0,345,3720.078369140625,35333.14453125,6.225462436676025,10.316367149353027,8.352938652038574
0,346,4018.937255859375,38291.0390625,6.3277716636657715,10.437536239624023,12.396600723266602
0,347,4096.2685546875,38527.0,8.1189603805542,10.63927936553955,10.943148612976074
0,348,4479.76513671875,42848.6796875,6.496570110321045,12.485182762145996,8.040860176086426
0,349,3820.6171875,36452.3515625,5.846070766448975,8.55863094329834,10.187692642211914
0,350,2011.9200439453125,17630.423828125,8.295924186706543,5.180739879608154,12.778411865234375
0,351,3763.254638671875,34927.6484375,9.016325950622559,9.881342887878418,10.400781631469727
0,352,3906.70458984375,37165.03125,6.340044021606445,11.092564582824707,7.544564723968506
0,353,3262.77392578125,29931.935546875,8.986011505126953,7.760720729827881,13.834548950195312
0,354,1496.97314453125,12591.09375,7.928793430328369,3.222060441970825,9.438956260681152
0,355,3367.746337890625,31352.505859375,7.749850749969482,8.801399230957031,10.800091743469238
0,356,3516.81640625,33017.53515625,7.168754577636719,9.168983459472656,10.552209854125977
0,357,3490.46435546875,32635.7109375,7.563114166259766,10.189806938171387,8.337042808532715
0,358,3742.0107421875,35553.51953125,6.221959114074707,8.534326553344727,14.042181968688965
0,359,4334.0888671875,41009.4296875,7.771531105041504,10.200361251831055,15.988394737243652
0,360,3771.5263671875,35101.0,8.714213371276855,10.344943046569824,11.032483100891113
0,361,1986.0924072265625,17347.060546875,8.379544258117676,6.619237422943115,4.049481391906738
0,362,3098.25439453125,27170.841796875,12.705674171447754,6.697190284729004,12.842681884765625
0,363,2831.630859375,25469.732421875,9.488578796386719,6.6628098487854,12.764871597290039
0,364,2277.769775390625,19510.61328125,10.890278816223145,6.523307800292969,7.500067234039307
0,365,3634.11767578125,33203.390625,10.459283828735352,9.846095085144043,8.011713027954102
0,366,4919.7998046875,46749.078125,8.163067817687988,11.10367488861084,13.875970840454102
0,367,3172.69677734375,29465.857421875,7.5370378494262695,9.423272132873535,7.3062744140625
0,368,4616.21875,44590.578125,5.238683223724365,10.805502891540527,13.600735664367676
0,369,4409.69921875,41892.421875,7.348575115203857,10.49466323852539,12.053412437438965
0,370,3419.750732421875,31921.21875,7.587628364562988,10.703228950500488,5.505984783172607
0,371,3433.7109375,31646.583984375,8.968412399291992,7.5952043533325195,13.816232681274414
0,372,3676.379150390625,35152.046875,5.372477054595947,10.856188774108887,4.938683986663818
0,373,4478.18994140625,43186.328125,5.318565368652344,10.733367919921875,13.861572265625
0,374,3129.36083984375,29223.85546875,6.899177551269531,8.953402519226074,4.819851875305176
0,375,3727.90869140625,35236.765625,6.807735443115234,8.453747749328613,13.281903266906738
0,376,3718.810302734375,35213.93359375,6.580563545227051,9.642168998718262,10.0144681930542
0,377,2611.771728515625,23735.630859375,7.940283298492432,8.56341552734375,7.616864204406738
0,378,2941.5908203125,27203.486328125,7.374736309051514,8.327839851379395,9.697665214538574
0,379,2032.32177734375,17941.85546875,7.937874794006348,5.437027454376221,7.6040802001953125
0,380,3383.82958984375,31540.00390625,7.660966396331787,9.757806777954102,9.56864070892334
0,381,2454.2294921875,21816.73828125,9.085189819335938,6.139873027801514,10.5582914352417
0,382,5066.61865234375,48776.203125,6.299928188323975,10.95635986328125,15.496500015258789
0,383,2872.46923828125,26829.203125,6.318292617797852,7.950740337371826,10.665366172790527
0,384,3437.34765625,31855.05859375,8.394728660583496,9.474008560180664,9.284628868103027
0,385,3883.783447265625,34507.82421875,14.433363914489746,7.375943183898926,13.591071128845215
0,386,3611.4287109375,34036.92578125,6.924537181854248,10.55869197845459,8.55212688446045
0,387,4958.68359375,46164.875,11.406523704528809,10.425430297851562,11.818002700805664
0,388,2457.4736328125,22386.66015625,7.293586730957031,6.318229675292969,11.41214656829834
0,389,3519.266845703125,33147.453125,6.817382335662842,9.269994735717773,11.43762493133545
0,390,2580.056396484375,24181.994140625,5.395230770111084,8.61201000213623,7.302682399749756
0,391,3565.53173828125,31816.65625,12.795531272888184,8.39653205871582,11.482248306274414
0,392,3110.412109375,27547.873046875,11.854155540466309,8.272205352783203,9.921618461608887
0,393,3843.807373046875,32390.423828125,20.15882682800293,9.06714916229248,10.95725154876709
0,394,2584.296630859375,21856.056640625,13.289700508117676,6.592889308929443,9.124823570251465
0,395,2899.20556640625,26899.25,6.976016521453857,6.923492431640625,12.203454971313477
0,396,3692.901123046875,34077.6640625,9.50449275970459,9.519624710083008,10.71441650390625
0,397,3048.0185546875,28664.49609375,6.052298069000244,7.72261381149292,10.016275405883789
0,398,2142.46337890625,19767.328125,5.524352550506592,7.2094573974609375,6.595245361328125
0,399,4601.4228515625,44018.2421875,6.653293132781982,9.550089836120605,14.128790855407715
0,400,2656.3681640625,24749.298828125,6.04794454574585,8.02896785736084,8.391351699829102
0,401,4787.21533203125,45332.49609375,8.465529441833496,10.5344877243042,14.929458618164062
0,402,2489.051025390625,22716.380859375,7.24709415435791,7.843516826629639,7.666723728179932
0,403,3024.701904296875,28371.6171875,6.251335620880127,8.38513469696045,8.534988403320312
0,404,4427.0068359375,37318.421875,23.172149658203125,8.954208374023438,12.708261489868164
0,405,2977.76123046875,27547.51953125,7.4336395263671875,8.29552936553955,10.260876655578613
0,406,3634.8466796875,33962.71484375,7.952505588531494,7.982026100158691,14.428583145141602
0,407,2006.7154541015625,17614.646484375,8.175025939941406,5.835490703582764,10.850885391235352
0,408,2313.5341796875,20701.900390625,8.111464500427246,6.396573066711426,9.2423734664917
0,409,3095.83349609375,29148.65234375,6.0322747230529785,7.917239665985107,10.260156631469727
0,410,3525.224609375,33393.640625,6.195353031158447,8.92709732055664,11.135144233703613
0,411,3230.292236328125,30192.859375,7.033543586730957,9.03988265991211,8.001349449157715
0,412,4304.23095703125,41230.4453125,6.03954553604126,9.806050300598145,13.38681697845459
0,413,3813.329345703125,35214.51171875,9.729275703430176,9.789068222045898,10.5901460647583
0,414,2495.802490234375,22652.265625,7.685866832733154,7.8916497230529785,6.924355983734131
0,415,2761.054931640625,24490.57421875,10.39991569519043,5.959146022796631,13.271517753601074
0,416,1868.283935546875,16343.904296875,7.796448707580566,4.515780925750732,9.48401165008545
0,417,3255.9365234375,30472.966796875,6.954661846160889,7.5305023193359375,13.630892753601074
0,418,2150.858642578125,18617.240234375,9.637822151184082,7.712609767913818,3.378927707672119
0,419,3795.30908203125,34497.6875,11.518011093139648,9.041930198669434,10.852142333984375
0,420,3801.75048828125,35393.09765625,8.748019218444824,10.3616943359375,8.303296089172363
0,421,3458.4267578125,30995.439453125,11.962762832641602,9.754142761230469,5.012805461883545
0,422,2957.24267578125,27250.12890625,7.7409892082214355,6.765130519866943,14.134615898132324
0,423,3330.651611328125,31324.7734375,6.605809211730957,8.418777465820312,11.501205444335938
0,424,3058.09375,28682.451171875,6.328283786773682,8.455070495605469,8.452059745788574
0,425,4597.58203125,42788.546875,10.624227523803711,10.71977710723877,11.952981948852539
0,426,3177.984619140625,30023.513671875,5.8544464111328125,7.217947483062744,12.76806354522705
0,427,4560.494140625,43840.54296875,5.881336688995361,11.009684562683105,11.67136287689209
0,428,2312.1826171875,19781.32421875,11.135008811950684,7.240650177001953,5.820456027984619
0,429,2076.7177734375,18105.404296875,8.872583389282227,6.54646635055542,7.426382541656494
0,430,4237.0888671875,40579.62109375,5.970892429351807,11.326789855957031,8.683633804321289
0,431,3401.35546875,32116.8515625,6.322337627410889,9.083464622497559,10.790961265563965
0,432,4377.83349609375,41344.140625,8.113983154296875,10.74986743927002,10.38098430633545
0,433,2823.622802734375,26498.69140625,5.7917866706848145,7.259220123291016,9.302645683288574
0,434,4139.7412109375,38927.08203125,8.2344331741333,8.06152629852295,16.027036666870117
0,435,2353.950927734375,21812.828125,5.755596160888672,7.527657985687256,7.3666839599609375
0,436,2719.740234375,25267.408203125,6.433310031890869,7.274051189422607,8.757791519165039
0,437,3410.604736328125,32451.3359375,5.515707492828369,6.873542785644531,16.93433952331543
0,438,1828.1295166015625,16431.837890625,6.164857387542725,6.415637493133545,6.584729194641113
0,439,2614.607421875,24544.359375,5.339048385620117,8.57208251953125,6.769601345062256
0,440,2778.562744140625,26045.7890625,5.799466133117676,8.78360652923584,6.791787624359131
0,441,3259.7216796875,28600.7265625,13.321629524230957,8.377774238586426,8.656424522399902
0,442,2403.169677734375,21623.5625,8.027117729187012,6.340641021728516,9.565421104431152
0,443,2801.705078125,26117.66015625,6.331296443939209,8.237981796264648,9.481805801391602
0,444,3359.326171875,31938.388671875,5.5162434577941895,9.090323448181152,11.572216987609863
0,445,3885.757080078125,36788.29296875,6.897593975067139,8.807026863098145,13.4597806930542
0,446,4185.58349609375,40286.40625,5.2314324378967285,10.580917358398438,11.002227783203125
0,447,2524.646728515625,22863.4296875,7.943456172943115,6.397808074951172,10.525497436523438
0,448,1932.96630859375,13196.103515625,20.4451961517334,4.316824913024902,8.28519344329834
0,449,2462.39501953125,22538.853515625,6.9503173828125,6.355161190032959,9.270889282226562
0,450,3208.141357421875,30146.1015625,6.451042175292969,8.607157707214355,10.389447212219238
0,451,2706.8076171875,24704.501953125,7.878584384918213,7.8042802810668945,7.2241973876953125
0,452,3885.990966796875,36810.7421875,6.830554962158203,10.074549674987793,9.056594848632812
0,453,2461.173583984375,22931.298828125,5.601457595825195,7.663067817687988,6.299130439758301
0,454,2096.15185546875,19352.32421875,5.36398458480835,7.176672458648682,5.702685832977295
0,455,1905.77197265625,16285.330078125,9.241297721862793,6.216391563415527,7.6071624755859375
0,456,2446.111328125,21972.6953125,8.294729232788086,7.189826965332031,9.278579711914062
0,457,3642.72607421875,34728.5625,5.662330150604248,9.159895896911621,9.738199234008789
0,458,2527.683349609375,22351.265625,9.751891136169434,7.211714267730713,8.343368530273438
0,459,2705.474853515625,25034.923828125,6.732749938964844,6.608613014221191,13.320727348327637
0,460,3279.45361328125,31164.89453125,5.432136058807373,9.09631633758545,10.705599784851074
0,461,2603.7841796875,24325.56640625,5.707583904266357,7.700759410858154,7.731658935546875
0,462,2785.46630859375,26402.19921875,4.841543197631836,8.098315238952637,8.134531021118164
0,463,2529.2041015625,23702.900390625,5.297132968902588,6.793460369110107,12.906455039978027
0,464,3479.492919921875,32848.515625,6.488043308258057,8.69543743133545,9.199243545532227
0,465,2630.267333984375,24146.033203125,7.188800811767578,7.4693498611450195,7.96889066696167
0,466,3537.027099609375,33768.65234375,5.338726043701172,9.242006301879883,10.486483573913574
0,467,2373.557373046875,21968.5859375,5.889954090118408,5.15036153793335,11.130850791931152
0,468,3904.428955078125,36903.9296875,7.134532451629639,10.874034881591797,7.879571437835693
0,469,2809.33837890625,26440.453125,5.509765148162842,7.165002346038818,8.310147285461426
0,470,3326.108154296875,31557.333984375,5.679160118103027,8.642056465148926,11.47354793548584
0,471,3324.936279296875,31475.494140625,5.912891387939453,7.622962951660156,12.391983032226562
0,472,3741.61572265625,35702.14453125,5.713372707366943,9.056057929992676,9.43127155303955
0,473,2941.36962890625,27907.146484375,5.021833896636963,8.482502937316895,8.595132827758789
0,474,3877.14697265625,37299.546875,4.9064040184021,8.215097427368164,15.488418579101562
0,475,3120.08251953125,29317.625,6.27733850479126,7.784446716308594,11.105117797851562
0,476,2726.689453125,23682.2578125,11.948782920837402,6.824994087219238,9.401019096374512
0,477,3092.46044921875,29323.01953125,5.338615417480469,7.244497776031494,12.14868450164795
0,478,3352.84912109375,31691.8515625,6.122125625610352,8.610044479370117,9.045245170593262
0,479,2481.3388671875,22854.353515625,6.530121803283691,7.241186618804932,8.635482788085938
0,480,4693.8974609375,43277.8984375,12.203577041625977,9.699540138244629,14.457098960876465
0,481,4172.0087890625,29084.974609375,42.11704635620117,8.328276634216309,9.944915771484375
0,482,2639.87060546875,23905.34375,8.311205863952637,7.333488464355469,9.52386474609375
0,483,1894.1451416015625,15540.1494140625,11.33767032623291,3.8568503856658936,8.947290420532227
0,484,3561.3369140625,33856.4609375,5.856353759765625,9.248066902160645,11.176825523376465
0,485,4144.94580078125,39544.68359375,6.349245548248291,10.524503707885742,10.212857246398926
0,486,3411.463623046875,32189.072265625,6.418543338775635,10.032546043395996,4.806942939758301
0,487,3815.290283203125,36532.2265625,5.402256011962891,10.420892715454102,7.2249603271484375
0,488,2611.6796875,24348.34375,5.894843578338623,7.6447272300720215,8.543115615844727
0,489,3244.684326171875,29737.296875,9.031816482543945,7.400936126708984,12.376029014587402
0,490,3975.2724609375,36708.078125,10.148823738098145,9.824172973632812,11.43267822265625
0,491,2722.527099609375,24556.841796875,8.894760131835938,6.392373561859131,9.855768203735352
0,492,2993.594482421875,28085.046875,6.169661045074463,7.9560227394104,10.664700508117676
0,493,2205.2099609375,19794.91015625,7.523966312408447,5.7920241355896,8.097665786743164
0,494,3234.88427734375,30759.220703125,5.298739910125732,8.565887451171875,11.26012897491455
0,495,3558.767578125,33789.61328125,5.993537425994873,7.87279748916626,13.003396987915039
0,496,2347.572265625,21909.00390625,5.222392559051514,4.522546291351318,13.580655097961426
0,497,2878.470458984375,26671.23046875,7.044912815093994,8.192804336547852,9.851150512695312
0,498,2335.28955078125,21638.5625,5.714447975158691,7.092780590057373,7.99727201461792
0,499,3745.22607421875,34852.8828125,8.664588928222656,8.716732025146484,12.223196983337402
0,500,2919.85400390625,27641.185546875,5.191175937652588,8.294073104858398,9.104357719421387
0,501,2486.19384765625,22859.734375,6.674012184143066,5.622944355010986,11.39047908782959
0,502,5012.68798828125,48322.25390625,6.015419006347656,9.157449722290039,18.087650299072266
0,503,2961.309326171875,27446.888671875,7.220680236816406,6.878955364227295,10.612921714782715
0,504,2204.84521484375,19887.37890625,7.203579902648926,6.21151065826416,10.668746948242188
0,505,4487.09130859375,43030.59765625,6.134369850158691,10.648524284362793,9.395599365234375
0,506,3351.05029296875,31283.27734375,7.424084663391113,8.914830207824707,9.078598022460938
0,507,2948.20849609375,26873.4296875,8.695517539978027,7.068734645843506,9.755719184875488
0,508,3057.5927734375,28882.92578125,5.643331050872803,7.333288669586182,12.839889526367188
0,509,3279.357421875,30973.125,6.0681681632995605,8.098609924316406,11.853195190429688
0,510,2424.27880859375,22465.494140625,5.924310207366943,7.427114009857178,8.466753959655762
0,511,1941.50390625,17933.228515625,4.939366817474365,4.6742377281188965,10.981314659118652
0,512,2627.90478515625,24754.966796875,5.080263614654541,7.528113842010498,8.902948379516602
0,513,2124.16845703125,18728.7578125,8.376420021057129,5.195977210998535,8.145947456359863
0,514,2955.967041015625,27733.69140625,6.086599826812744,7.0433502197265625,12.151297569274902
0,515,3036.69287109375,28657.0078125,5.699733734130859,6.769092082977295,12.806262016296387
0,516,2698.29345703125,25393.142578125,5.299304485321045,6.12085485458374,10.694140434265137
0,517,2576.2763671875,23359.8359375,8.00975513458252,7.441860198974609,9.347381591796875
0,518,3202.427490234375,29713.083984375,7.703972816467285,8.991325378417969,7.4778289794921875
0,519,2564.1123046875,24247.439453125,4.645610332489014,7.499286651611328,8.834662437438965
0,520,2844.275146484375,27005.00390625,4.7924909591674805,7.67727518081665,9.078742027282715
0,521,4263.1513671875,40771.1875,6.201079845428467,9.34067440032959,12.805496215820312
0,522,3581.198486328125,34043.453125,5.895099639892578,10.087685585021973,7.0012054443359375
0,523,2252.833251953125,20612.212890625,6.387059211730957,6.610485076904297,8.73483943939209
0,524,3968.138427734375,38104.78515625,5.255329132080078,10.239090919494629,8.682562828063965
0,525,2655.23193359375,24950.341796875,5.339923858642578,7.846493721008301,7.026675701141357
0,526,3130.980224609375,29400.373046875,6.364760398864746,8.816173553466797,8.1323823928833
0,527,3965.5625,37962.02734375,5.645318031311035,10.270723342895508,7.848690986633301
0,528,3033.83056640625,28767.8203125,5.23495626449585,7.782602787017822,7.742681980133057
0,529,4526.68994140625,43595.90625,5.5699639320373535,9.38461971282959,15.90185832977295
0,530,3465.3876953125,32682.1015625,6.572584629058838,7.7338690757751465,13.877649307250977
0,531,2661.855224609375,24206.435546875,8.040385246276855,6.606584072113037,11.116510391235352
0,532,2819.2919921875,26642.5078125,5.168044567108154,6.793254852294922,11.319388389587402
0,533,2913.616455078125,27452.640625,5.611746788024902,7.947500705718994,7.661950588226318
0,534,2824.782958984375,26368.412109375,6.2647199630737305,8.6331787109375,6.364544868469238
0,535,3381.791259765625,32090.388671875,5.758416652679443,8.16394329071045,11.114068984985352
0,536,2948.68603515625,27692.59375,5.980885982513428,9.147256851196289,4.337957859039307
0,537,2672.1201171875,25275.8984375,4.817677974700928,7.088498592376709,9.52783203125
0,538,4192.15869140625,40246.625,5.5832037925720215,8.932208061218262,14.2001314163208
0,539,3527.984130859375,33910.4375,4.5646772384643555,9.2002592086792,8.47961711883545
0,540,1467.9420166015625,12978.205078125,5.670716285705566,2.722346544265747,9.991101264953613
0,541,3618.652099609375,34099.86328125,6.95552396774292,7.781774997711182,13.4002685546875
0,542,2407.54443359375,22096.171875,6.597578525543213,5.574295520782471,10.810467720031738
0,543,2705.88427734375,25269.6796875,5.96387243270874,7.194392681121826,10.053576469421387
0,544,2947.0947265625,28021.40234375,4.831809997558594,7.6931610107421875,11.204962730407715
0,545,4054.280517578125,38916.6640625,5.420467853546143,11.21578311920166,6.690838813781738
0,546,2709.443603515625,25300.6875,5.979156494140625,8.03941535949707,7.422271728515625
0,547,2966.141357421875,27668.46484375,6.643161296844482,7.125319004058838,10.123794555664062
0,548,1313.849609375,11156.396484375,6.607000827789307,3.6107239723205566,8.273764610290527
0,549,1717.4910888671875,15776.9169921875,4.659975528717041,4.498819351196289,8.662854194641113
0,550,2685.768310546875,25126.451171875,5.770767688751221,7.36569356918335,9.84325885772705
0,551,3213.80908203125,30816.3828125,4.4056925773620605,7.121558666229248,12.391977310180664
0,552,2814.647705078125,26562.9765625,5.2783355712890625,5.991515636444092,12.820337295532227
0,553,3877.950927734375,36943.91796875,6.1186347007751465,8.918802261352539,10.918866157531738
0,554,2365.045166015625,20693.837890625,9.855376243591309,5.022311687469482,10.047952651977539
0,555,2770.751708984375,26257.8828125,4.832108974456787,6.184239387512207,13.276748657226562
0,556,4414.49951171875,42435.06640625,5.699758529663086,10.337454795837402,12.193020820617676
0,557,3888.6640625,37115.01171875,5.905424118041992,10.008729934692383,8.956369400024414
0,558,3414.292236328125,32555.6875,5.290781497955322,7.5591349601745605,11.09533405303955
0,559,3087.6064453125,29036.78515625,6.130932331085205,8.85623836517334,7.762149333953857
0,560,1869.5189208984375,16258.82421875,8.121214866638184,5.149840831756592,6.103598117828369
0,561,2368.941162109375,22054.015625,5.45131778717041,7.371470928192139,6.20955228805542
0,562,1914.792724609375,17647.314453125,5.002040386199951,4.822894096374512,9.735114097595215
0,563,3522.886474609375,32775.23828125,8.178750991821289,8.786955833435059,9.810935020446777
0,564,3303.19970703125,31471.75390625,5.200806617736816,6.932046413421631,12.280072212219238
0,565,2275.29833984375,20920.033203125,6.109827041625977,6.235911846160889,7.599658489227295
0,566,2862.75634765625,26936.267578125,5.637650489807129,8.24955940246582,5.884674072265625
0,567,1949.01123046875,17992.9375,4.990581512451172,6.026103973388672,6.286624431610107
0,568,2563.74609375,24071.126953125,5.2211079597473145,7.012059211730957,9.283072471618652
0,569,3753.02783203125,33582.76171875,13.1583890914917,7.249629497528076,12.825177192687988
0,570,3209.44677734375,30540.57421875,5.179648399353027,8.216567039489746,8.199197769165039
0,571,3160.029052734375,29977.65234375,5.408785343170166,7.904165744781494,10.360785484313965
0,572,2823.319091796875,26791.73828125,4.8048415184021,6.5814409255981445,11.144085884094238
0,573,2854.87158203125,27037.4140625,5.037673473358154,6.8901824951171875,11.417068481445312
0,574,4295.67431640625,41522.49609375,4.780821323394775,10.71630859375,9.526702880859375
0,575,1779.2384033203125,15855.845703125,6.455125331878662,4.663073539733887,8.550585746765137
0,576,2287.652587890625,21074.9765625,6.005162715911865,5.009613037109375,12.616217613220215
0,577,2779.937744140625,26405.294921875,4.6469407081604,6.066198348999023,12.979025840759277
0,578,2774.927001953125,25567.318359375,7.273168087005615,6.680652141571045,8.530631065368652
0,579,1748.99169921875,16115.44140625,4.581584453582764,4.647433757781982,9.303982734680176
0,580,2888.81103515625,27479.876953125,4.694110870361328,6.973561763763428,9.938522338867188
0,581,2388.045654296875,21591.71484375,7.629133701324463,5.423666477203369,11.882733345031738
0,582,2331.17236328125,21827.521484375,4.947342872619629,5.325328826904297,8.403668403625488
0,583,2493.7490234375,23597.67578125,4.466045379638672,5.790933609008789,10.56607723236084
0,584,3802.19189453125,36531.1875,4.969102382659912,8.8141508102417,10.091458320617676
0,585,3521.41162109375,33817.109375,4.656688213348389,8.259376525878906,11.79894733428955
0,586,2114.43505859375,18395.619140625,9.162442207336426,4.7412614822387695,9.61401081085205
0,587,3143.99853515625,28846.9765625,8.643362998962402,8.047846794128418,10.501543998718262
0,588,2748.301025390625,25890.185546875,5.309418201446533,6.583998203277588,9.581619262695312
0,589,1820.3941650390625,16786.79296875,4.723826885223389,5.53167724609375,7.546014308929443
0,590,1593.088623046875,14525.8017578125,4.683611869812012,4.546130657196045,7.215008735656738
0,591,1353.1802978515625,12154.3525390625,4.591500282287598,2.647160053253174,10.029708862304688
0,592,2840.89208984375,26958.91015625,4.833369731903076,7.730483531951904,11.0403470993042
0,593,3809.89111328125,36482.85546875,5.386847019195557,9.029191017150879,13.093780517578125
0,594,2537.8955078125,23551.859375,6.0903191566467285,6.3807692527771,8.859003067016602
0,595,3112.208251953125,29473.458984375,5.495410442352295,8.345648765563965,8.532342910766602
0,596,2269.840576171875,20927.427734375,5.903258323669434,6.196881294250488,8.100241661071777
0,597,2173.014404296875,20343.751953125,4.621306896209717,4.857425212860107,10.485943794250488
0,598,3038.393798828125,28932.18359375,4.839176654815674,7.433406352996826,10.551849365234375
0,599,2800.625,26407.40234375,5.329492092132568,6.362182140350342,12.074380874633789
0,600,3061.238037109375,29085.130859375,5.090827941894531,7.607283115386963,9.593329429626465
0,601,2882.213134765625,27278.4921875,5.145460605621338,7.063940525054932,10.520251274108887
0,602,2743.6044921875,25412.759765625,6.744279384613037,6.9158034324646,10.768472671508789
0,603,2945.7412109375,26901.77734375,8.518786430358887,5.295146942138672,13.615747451782227
0,604,1740.007568359375,15902.6435546875,4.9914398193359375,4.078699111938477,8.226984024047852
0,605,2992.488037109375,28523.462890625,4.671388626098633,7.9863433837890625,8.356371879577637
0,606,2612.955810546875,24715.669921875,4.712952613830566,5.926286697387695,10.292266845703125
0,607,1879.6756591796875,17495.080078125,4.3389201164245605,3.914996385574341,10.5045747756958
0,608,2601.793212890625,24662.79296875,4.517129898071289,6.315873146057129,7.780487060546875
0,609,3184.06396484375,30306.814453125,5.112756252288818,7.62865686416626,11.937881469726562
0,610,2020.6268310546875,18752.14453125,4.847078800201416,4.862478256225586,8.951773643493652
0,611,3407.166748046875,32464.4765625,5.357303142547607,7.8033905029296875,11.568857192993164
0,612,3598.838623046875,34382.953125,5.351442337036133,9.835349082946777,7.102880954742432
0,613,2268.428955078125,17978.8671875,15.684738159179688,6.5871477127075195,3.8213257789611816
0,614,2117.261962890625,18426.08984375,9.15510082244873,6.666744232177734,6.690503120422363
0,615,2374.2333984375,22264.232421875,4.927002429962158,6.9334001541137695,5.759091377258301
0,616,2354.314453125,22043.556640625,4.998623847961426,7.411808967590332,4.925750732421875
0,617,2215.26220703125,20895.515625,4.1903605461120605,4.037563323974609,12.848666191101074
0,618,2657.2421875,24600.04296875,6.574595928192139,6.321418285369873,11.4179048538208
0,619,2335.07958984375,21690.04296875,5.5358357429504395,5.836395740509033,7.680181980133057
0,620,2362.305908203125,22090.037109375,5.110074043273926,7.3001909255981445,7.4850311279296875
0,621,2359.163818359375,22152.263671875,4.797916412353516,4.740612983703613,11.6407470703125
0,622,2517.985107421875,23714.29296875,4.885192394256592,7.681340217590332,5.705020427703857
0,623,3416.963623046875,32725.12109375,4.815047740936279,8.716024398803711,8.961920738220215
0,624,1989.8037109375,18362.03125,5.120021820068359,5.465358734130859,7.600399971008301
0,625,1465.1387939453125,13331.2177734375,4.400566101074219,2.7150654792785645,8.46512508392334
0,626,2211.69091796875,20650.466796875,4.8881402015686035,4.266287326812744,13.301599502563477
0,627,1702.30517578125,15231.6787109375,5.971242427825928,6.209202766418457,4.858554363250732
0,628,2860.996826171875,27197.6328125,4.70778226852417,7.6820526123046875,9.1914701461792
0,629,3242.9111328125,30847.6015625,5.271698951721191,7.108445644378662,13.117471694946289
0,630,2407.80615234375,22670.716796875,4.691142559051514,6.932546138763428,4.640872478485107
0,631,3435.873291015625,32678.419921875,5.60104513168335,8.046127319335938,9.700793266296387
0,632,2191.84619140625,20518.89453125,4.665223598480225,5.1284027099609375,9.365338325500488
0,633,2363.80517578125,22306.775390625,4.437589645385742,6.217332363128662,9.803500175476074
0,634,1580.4892578125,14281.92578125,5.076556205749512,3.495318651199341,8.164133071899414
0,635,2779.21044921875,25627.46484375,7.215464115142822,7.052945137023926,10.428964614868164
0,636,4299.53515625,38575.625,14.732413291931152,8.264754295349121,13.5612154006958
0,637,1916.4765625,16983.787109375,7.269927978515625,3.520054340362549,10.577951431274414
0,638,2954.708740234375,27875.33203125,5.572516441345215,5.390093803405762,13.071044921875
0,639,2363.548095703125,22177.4765625,4.860011100769043,4.670464992523193,10.357562065124512
0,640,2214.257568359375,20709.763671875,4.7760443687438965,6.482537746429443,5.827877998352051
0,641,4125.50634765625,39786.0546875,4.896701812744141,8.758877754211426,13.794268608093262
0,642,2283.064697265625,21383.6875,4.8231964111328125,5.709805011749268,10.114249229431152
0,643,2470.81884765625,23314.1171875,4.64689826965332,5.5142669677734375,8.111099243164062
0,644,2907.92578125,27737.65234375,4.472011089324951,6.466456890106201,10.925570487976074
0,645,3233.2255859375,30738.4921875,5.312539577484131,6.942556858062744,10.967913627624512
0,646,1765.2427978515625,15139.70703125,8.37573528289795,4.270031452178955,8.273837089538574
0,647,3002.115478515625,28637.9375,4.610726833343506,6.467515468597412,12.259482383728027
0,648,2781.374755859375,26334.76171875,4.9299445152282715,4.7515482902526855,15.147897720336914
0,649,2797.21875,26121.4140625,6.169245719909668,7.252706050872803,9.477728843688965
0,650,3039.34130859375,28874.826171875,5.061952590942383,7.011412143707275,10.476996421813965
0,651,2402.65380859375,22482.21484375,5.1477484703063965,6.439953804016113,8.10003662109375
0,652,2108.555419921875,19713.017578125,4.575120449066162,5.414454936981201,8.021466255187988
0,653,2693.958984375,25581.1875,4.528000831604004,4.869124889373779,13.866070747375488
0,654,3106.977294921875,29550.552734375,5.064060211181641,5.104275703430176,16.201419830322266
0,655,2965.435546875,28101.3046875,5.176828861236572,5.846284866333008,13.31357479095459
0,656,1406.6690673828125,12845.4716796875,4.0707292556762695,3.620206832885742,8.062975883483887
0,657,1942.990478515625,17980.509765625,4.8313140869140625,4.828727722167969,9.173810005187988
0,658,2107.986083984375,19500.822265625,5.263462543487549,4.895925045013428,11.426871299743652
0,659,2403.034912109375,22608.810546875,4.738463878631592,7.045091152191162,5.024807929992676
0,660,1127.48291015625,9936.146484375,4.462273597717285,3.1154160499572754,4.35444974899292
0,661,2365.2529296875,22367.4765625,4.283501625061035,4.642707824707031,11.589151382446289
0,662,2173.689453125,20371.986328125,4.549698829650879,3.5913612842559814,10.943521499633789
0,663,2377.325439453125,22281.953125,4.971004486083984,4.265112400054932,12.991205215454102
0,664,2373.185546875,22246.5078125,4.9511542320251465,6.132314205169678,10.024057388305664
0,665,2609.348388671875,24638.39453125,4.850291728973389,6.886922359466553,7.431607246398926
0,666,3397.380859375,32518.578125,4.8507609367370605,7.460385322570801,10.809885025024414
0,667,2712.45947265625,25338.529296875,5.953550815582275,5.968204975128174,9.90575885772705
0,668,2983.3115234375,28530.79296875,4.34106969833374,6.553391456604004,11.707592964172363
0,669,2388.375244140625,22027.03515625,6.189053535461426,5.142919063568115,13.107950210571289
0,670,2079.338623046875,19378.21484375,4.717238903045654,6.315213203430176,7.943869113922119
0,671,1549.4378662109375,13917.2255859375,5.257178783416748,4.002373695373535,5.062582492828369
0,672,2985.187744140625,27845.439453125,6.6881256103515625,5.744174480438232,11.521857261657715
0,673,3192.024658203125,30522.896484375,4.657825469970703,5.15048360824585,16.392637252807617
0,674,1995.23779296875,18621.3515625,4.436757564544678,3.7499396800994873,10.928726196289062
0,675,2524.728515625,23877.158203125,4.567086219787598,5.748154640197754,11.260736465454102
0,676,1670.751953125,15227.5205078125,4.9333295822143555,3.774808645248413,9.668054580688477
0,677,2973.907470703125,28007.39453125,5.772267818450928,5.436275482177734,13.869677543640137
0,678,1299.3118896484375,11676.833984375,4.387613296508789,3.962343692779541,7.282507419586182
0,679,1946.3797607421875,15264.0439453125,13.999177932739258,3.7669854164123535,10.913352012634277
0,680,2313.760009765625,21794.12890625,4.478238582611084,4.359838008880615,12.967501640319824
0,681,3397.168701171875,30984.951171875,9.955782890319824,6.505898952484131,12.503634452819824
0,682,2342.154541015625,19319.09765625,13.674827575683594,5.152991771697998,8.640332221984863
0,683,2298.56884765625,21529.986328125,4.852339267730713,5.879350185394287,7.949893474578857
0,684,1868.39453125,17281.400390625,4.675150394439697,3.032442092895508,11.475363731384277
0,685,1698.0665283203125,15651.77734375,4.42962646484375,5.23189640045166,6.849759101867676
0,686,3994.121337890625,38443.90625,4.991025924682617,9.390357971191406,10.858871459960938
0,687,1866.125732421875,17258.37890625,4.676262855529785,5.040197849273682,7.163525581359863
0,688,2016.0452880859375,18832.326171875,4.42708683013916,4.42460298538208,10.219937324523926
0,689,2958.85693359375,28088.78515625,4.99927282333374,6.076619625091553,12.971038818359375
0,690,2951.471923828125,27935.029296875,5.265629768371582,6.368188381195068,11.7982177734375
0,691,2137.3330078125,20044.2578125,4.430244445800781,3.559572219848633,11.771716117858887
0,692,2730.34619140625,25865.654296875,4.792689800262451,4.7399163246154785,13.681848526000977
0,693,3505.96484375,33078.49609375,6.603841304779053,8.224886894226074,8.947586059570312
0,694,2623.826416015625,24860.34375,4.593064308166504,6.054208278656006,10.57983112335205
0,695,2694.75830078125,25652.095703125,4.318288326263428,5.6182122230529785,10.993637084960938
0,696,3047.34912109375,29044.560546875,4.763103485107422,6.084134101867676,12.878409385681152
0,697,2935.812744140625,27938.119140625,4.7333550453186035,6.271731853485107,10.658734321594238
0,698,2822.348388671875,26843.91015625,4.598579406738281,6.252959251403809,10.194247245788574
0,699,2638.759521484375,25016.8125,4.569272518157959,5.105963230133057,12.124066352844238
0,700,2714.240966796875,25749.580078125,4.642761707305908,5.721650123596191,12.9644775390625
0,701,1221.5645751953125,10860.0419921875,4.5186767578125,3.915059804916382,5.645916938781738
0,702,1886.5599365234375,17426.736328125,4.796208381652832,3.565286636352539,10.548858642578125
0,703,2541.17529296875,24077.46484375,4.447625160217285,4.631881237030029,13.366427421569824
0,704,2252.4150390625,21140.486328125,4.612217426300049,5.755444049835205,7.709051609039307
0,705,2806.58837890625,26657.83203125,4.693508148193359,6.575412273406982,10.028350830078125
0,706,2147.098388671875,20250.927734375,4.066854000091553,3.2560174465179443,14.082956314086914
0,707,2763.46337890625,26209.654296875,4.749927043914795,4.32639741897583,15.558978080749512
0,708,2377.54931640625,22447.06640625,4.42808723449707,6.462345123291016,6.571081638336182
0,709,2831.5126953125,26504.263671875,6.036207675933838,7.047404766082764,9.306976318359375
0,710,2811.077392578125,26663.55078125,4.824071884155273,6.052953243255615,10.887039184570312
0,711,1685.908447265625,15452.931640625,4.687173366546631,4.5432610511779785,6.679724216461182
0,712,1348.7479248046875,12157.853515625,4.432084083557129,3.186736583709717,6.680118083953857
0,713,3268.53515625,31314.31640625,4.5701212882995605,8.571636199951172,7.067425727844238
0,714,2450.8662109375,23080.220703125,4.761462688446045,5.956249713897705,6.763073921203613
0,715,2540.1435546875,24020.017578125,4.604728698730469,6.1122965812683105,9.143280029296875
0,716,3417.142333984375,32678.80859375,4.975379467010498,7.740739345550537,9.597345352172852
0,717,2113.182861328125,19767.73046875,4.546990871429443,3.8549435138702393,11.407739639282227
0,718,2743.936767578125,25946.69921875,4.975559234619141,5.95766544342041,12.340441703796387
0,719,3121.1396484375,29831.375,4.600073337554932,6.346044063568115,12.0407133102417
0,720,2125.74658203125,19470.6953125,5.955896854400635,5.208085536956787,8.719794273376465
0,721,2606.451171875,24592.103515625,4.908027172088623,6.100337505340576,10.526565551757812
0,722,1744.7139892578125,15924.8984375,5.074136734008789,3.670257329940796,9.499109268188477
0,723,1850.9097900390625,17129.234375,4.599545001983643,3.874192953109741,7.863519191741943
0,724,3069.39404296875,29018.2265625,5.5857062339782715,6.8971710205078125,10.818310737609863
0,725,2270.492431640625,21541.4375,3.878291368484497,3.82138991355896,14.499322891235352
0,726,2386.65478515625,22330.865234375,5.118937969207764,5.179140567779541,8.570526123046875
0,727,1430.8486328125,13039.3388671875,4.2304887771606445,2.834641218185425,8.008017539978027
0,728,1449.8995361328125,13208.08984375,4.303019046783447,3.4131646156311035,8.822015762329102
0,729,1732.1588134765625,16098.796875,4.075967311859131,5.148250102996826,9.229721069335938
0,730,1951.98095703125,18322.82421875,3.989950656890869,1.5775257349014282,14.635705947875977
0,731,2486.0068359375,23453.216796875,4.689500331878662,5.698676109313965,10.532767295837402
0,732,2576.630859375,24421.068359375,4.484127044677734,5.093610763549805,11.897867202758789
0,733,2798.49609375,26577.9453125,4.690045356750488,6.0504045486450195,12.157663345336914
0,734,2592.942138671875,24579.310546875,4.5003662109375,5.614295959472656,11.549829483032227
0,735,2540.661376953125,24003.73046875,4.676275730133057,6.300087928771973,7.734607219696045
0,736,3147.618896484375,30006.6796875,4.89836311340332,6.088618278503418,12.991869926452637
0,737,2463.9921875,23255.61328125,4.614364147186279,5.243256568908691,11.112753868103027
0,738,2589.148193359375,24540.0625,4.504725933074951,4.3194193840026855,13.550989151000977
0,739,2418.708984375,22766.076171875,4.736713409423828,6.022288799285889,6.533603191375732
0,740,1764.68115234375,16248.966796875,4.659482479095459,4.014784812927246,11.6060152053833
0,741,2383.057373046875,22529.94140625,4.3354387283325195,4.21703577041626,13.013083457946777
0,742,3009.548095703125,28747.046875,4.49477481842041,5.702151298522949,13.378396987915039
0,743,2059.930908203125,19191.40234375,4.693019390106201,4.921977519989014,8.3772611618042
0,744,1514.315185546875,13643.97265625,4.997262477874756,3.150907278060913,10.204556465148926
0,745,1286.8720703125,11523.9599609375,4.4825358390808105,3.877758741378784,5.629095554351807
0,746,1421.791259765625,12393.056640625,6.082854747772217,2.9474599361419678,9.092535972595215
0,747,2250.74169921875,21062.69140625,4.815745830535889,6.046289920806885,6.764425754547119
0,748,1872.9068603515625,17411.1953125,4.392911434173584,4.583312511444092,8.634729385375977
0,749,2224.34619140625,20921.33203125,4.407096862792969,5.364993095397949,9.372042655944824
0,750,2355.0791015625,21576.39453125,6.581326484680176,5.811139106750488,7.477899074554443
0,751,1338.6800537109375,11901.21875,4.951937198638916,4.027867317199707,7.274505615234375
0,752,2849.017333984375,27045.7734375,4.814661502838135,6.183199405670166,10.8657865524292
0,753,2968.949951171875,28284.48828125,4.683366298675537,6.02412748336792,10.3675537109375
0,754,2335.008544921875,22109.09375,4.136638164520264,4.654857635498047,14.383691787719727
0,755,2181.453369140625,20424.72265625,4.632699489593506,4.189624309539795,11.127548217773438
0,756,1637.086669921875,15051.5234375,4.3978095054626465,4.539186477661133,6.738394260406494
0,757,3030.8203125,28933.169921875,4.583439350128174,5.600134372711182,13.069360733032227
0,758,2444.84326171875,22918.61328125,5.0993971824646,6.234621047973633,7.626346111297607
0,759,1990.28515625,18577.84765625,4.4166789054870605,2.5750341415405273,13.887015342712402
0,760,2432.4033203125,22859.2265625,4.882687568664551,4.460721492767334,12.15555477142334
0,761,885.1066284179688,7564.71240234375,4.287846565246582,2.9871602058410645,5.393713474273682
0,762,2571.205810546875,24366.6640625,4.484646797180176,4.360270023345947,13.234774589538574
0,763,1634.1248779296875,15014.302734375,4.423154354095459,4.089179515838623,8.127179145812988
0,764,1974.4052734375,18490.185546875,4.179555892944336,4.022257328033447,10.531577110290527
0,765,2668.7177734375,25360.08984375,4.423628330230713,4.739616394042969,12.690360069274902
0,766,2040.4539794921875,19020.5078125,4.613440036773682,3.965102434158325,9.320114135742188
0,767,1225.5076904296875,11112.603515625,3.808244466781616,3.0449397563934326,5.676251411437988
0,768,3466.699462890625,33143.16015625,5.079443454742432,6.990712642669678,11.244330406188965
0,769,1441.12841796875,13184.689453125,4.088647842407227,2.945192813873291,8.597516059875488
0,770,1695.7906494140625,15620.654296875,4.457507610321045,4.744889736175537,3.823474168777466
0,771,2354.837890625,22186.75390625,4.5387468338012695,5.330028057098389,10.419845581054688
0,772,2375.171142578125,22479.7890625,4.239735126495361,4.571298122406006,11.226462364196777
0,773,1690.953857421875,15569.0869140625,4.468174457550049,4.453678131103516,5.9089202880859375
0,774,1758.884765625,16281.0791015625,4.359230041503906,4.844176292419434,6.57354736328125
0,775,1958.82470703125,17740.49609375,6.159165859222412,4.532557964324951,8.378875732421875
0,776,3421.446044921875,32866.25,4.49403190612793,6.662716865539551,10.8216552734375
0,777,2135.267578125,20048.294921875,4.347939968109131,2.482722520828247,14.348276138305664
0,778,2979.92578125,28350.35546875,4.829667568206787,4.004109859466553,15.824938774108887
0,779,2350.248291015625,22151.73828125,4.502481937408447,3.8930695056915283,11.65149211883545
0,780,1772.66748046875,16436.52734375,4.3004937171936035,3.600116729736328,8.056253433227539
0,781,1561.7681884765625,14487.560546875,3.76706862449646,3.9210197925567627,9.512613296508789
0,782,2800.08251953125,26014.7109375,6.620376110076904,4.526610851287842,14.7022066116333
0,783,1687.7044677734375,15012.8671875,6.213923931121826,3.342486619949341,10.098007202148438
0,784,1548.5687255859375,13609.513671875,6.25391149520874,3.1629953384399414,9.699297904968262
0,785,2698.00927734375,25385.95703125,5.313786029815674,4.002097129821777,14.900192260742188
0,786,2350.030517578125,22214.38671875,4.286391735076904,6.796785831451416,6.313382148742676
0,787,2197.357421875,20627.30859375,4.487544536590576,2.5940520763397217,14.825818061828613
0,788,2169.17724609375,20184.796875,5.02324914932251,5.108103275299072,6.161914348602295
0,789,3159.0009765625,30031.080078125,5.196425914764404,6.125573635101318,11.8860445022583
0,790,2441.12109375,23074.6484375,4.455204010009766,4.5136847496032715,12.434338569641113
0,791,1945.6552734375,17873.12890625,5.27808141708374,4.719703674316406,8.030844688415527
0,792,1292.3328857421875,11639.474609375,4.279512882232666,2.9108338356018066,6.673877239227295
0,793,3313.695068359375,31471.876953125,5.550246715545654,8.133137702941895,7.602215766906738
0,794,1920.8671875,17923.24609375,4.284755229949951,3.292518377304077,11.832247734069824
0,795,3631.083740234375,34824.23046875,4.95535135269165,7.304901123046875,13.38455867767334
0,796,1808.9576416015625,16731.138671875,4.528123378753662,3.2219741344451904,7.689740180969238
0,797,1961.875244140625,18360.73828125,4.193380355834961,4.240134239196777,8.746866226196289
0,798,1391.999267578125,12574.5703125,4.484741687774658,3.0531983375549316,9.013442993164062
0,799,2005.37451171875,18711.740234375,4.473346710205078,4.502938747406006,9.190637588500977
0,800,2571.55224609375,24291.41015625,4.747040271759033,5.139723777770996,11.411865234375
0,801,1573.546875,14494.0966796875,4.137908458709717,3.429210662841797,10.30993938446045
0,802,1673.5943603515625,15383.9091796875,4.506779670715332,4.185475826263428,8.963858604431152
0,803,860.2266845703125,7350.755859375,4.171701908111572,2.0918936729431152,4.227459907531738
0,804,2655.881103515625,25164.52734375,4.647609233856201,4.7234206199646,11.726776123046875
0,805,2850.168701171875,27134.640625,4.556823253631592,5.1147847175598145,12.552682876586914
0,806,2185.38427734375,20605.0546875,4.162619113922119,3.684232473373413,11.974609375
0,807,1708.499755859375,15954.8525390625,3.7671520709991455,2.4308784008026123,12.577178955078125
0,808,2391.034912109375,22563.07421875,4.490916728973389,4.419430732727051,13.788406372070312
0,809,2065.16259765625,19436.791015625,4.049449443817139,4.25909423828125,11.995986938476562
0,810,3863.47119140625,37100.3203125,5.1146440505981445,6.659106731414795,14.834586143493652
0,811,2963.136474609375,28304.310546875,4.423513889312744,5.427700519561768,15.473965644836426
0,812,2895.12255859375,27527.9375,4.744296550750732,5.411709785461426,12.528411865234375
0,813,910.7990112304688,7840.1904296875,4.225999355316162,2.5095534324645996,5.509820461273193
0,814,1947.56298828125,18121.1953125,4.514784336090088,4.6330790519714355,9.218851089477539
0,815,1881.03857421875,17461.15625,4.497430324554443,4.283858776092529,6.898562908172607
0,816,2615.203857421875,24714.861328125,4.790589332580566,5.49622917175293,8.565017700195312
0,817,1564.2650146484375,14298.869140625,4.479269504547119,2.7554357051849365,10.599133491516113
0,818,1580.0311279296875,14370.080078125,4.767436981201172,3.1658811569213867,9.081305503845215
0,819,2436.060302734375,22969.01171875,4.638641357421875,5.275237083435059,6.295111179351807
0,820,2668.9814453125,25391.03515625,4.329266548156738,4.652096748352051,13.28674030303955
0,821,1899.844482421875,17625.08984375,4.577848434448242,3.464996337890625,9.478805541992188
0,822,1700.5767822265625,15786.7587890625,4.063361644744873,2.43389892578125,9.821688652038574
0,823,1899.37158203125,17639.197265625,4.515059947967529,4.518372535705566,4.135229587554932
0,824,1573.2083740234375,14459.2587890625,4.242748260498047,2.3371827602386475,9.541190147399902
0,825,2202.65673828125,20698.8359375,4.425774574279785,4.003026008605957,11.24578857421875
0,826,1900.9951171875,17657.8203125,4.5071024894714355,3.550520420074463,9.194781303405762
0,827,1579.5211181640625,14508.669921875,4.288466930389404,2.6320009231567383,11.387091636657715
0,828,2170.1337890625,20408.365234375,4.309905529022217,2.747314453125,14.114407539367676
0,829,1030.6455078125,8981.0087890625,4.418153285980225,2.1758458614349365,6.012979030609131
0,830,1643.187255859375,15142.05859375,4.299377918243408,3.8194503784179688,7.582769870758057
0,831,1585.2147216796875,14530.8310546875,4.404385566711426,2.292325735092163,11.03220272064209
0,832,1624.018310546875,14892.5087890625,4.492248058319092,2.9797253608703613,7.567053318023682
0,833,1795.70556640625,16629.80078125,4.424180507659912,3.9005374908447266,8.386703491210938
0,834,1927.3160400390625,17891.791015625,4.604564189910889,3.754657506942749,9.42941951751709
0,835,2610.90478515625,24665.728515625,4.81105899810791,5.6299052238464355,7.644586086273193
0,836,1844.7559814453125,17108.359375,4.464000225067139,2.1945407390594482,11.999579429626465
0,837,1631.88427734375,15061.5224609375,4.191070079803467,3.6901886463165283,9.626132011413574
0,838,2216.690185546875,20430.37109375,5.788436412811279,4.137508392333984,7.958489894866943
0,839,1560.9337158203125,14479.5634765625,3.7659096717834473,2.2740254402160645,11.240008354187012
0,840,2376.0703125,22477.615234375,4.27696418762207,3.4256832599639893,14.683154106140137
0,841,1482.95166015625,13416.7734375,4.709142208099365,3.332592487335205,6.171924114227295
0,842,2612.7041015625,24728.046875,4.663316249847412,5.357360363006592,10.416333198547363
0,843,1915.608154296875,17793.958984375,4.540411472320557,5.188015937805176,6.217657566070557
0,844,2974.955810546875,28401.021484375,4.495114326477051,6.149796962738037,9.949197769165039
0,845,1863.65380859375,16986.25,5.500959873199463,3.5865325927734375,9.486581802368164
0,846,2280.215087890625,21348.451171875,4.845665454864502,5.099381446838379,6.631692409515381
0,847,2086.028564453125,19369.447265625,4.969460964202881,4.013839244842529,9.561426162719727
0,848,1859.8233642578125,17252.8671875,4.484555244445801,3.914273500442505,6.779290676116943
0,849,2192.281982421875,20623.525390625,4.330979824066162,2.457139015197754,14.739336967468262
0,850,2313.54541015625,21823.580078125,4.372910499572754,4.632157802581787,8.01055908203125
0,851,1935.32666015625,17979.0,4.5808892250061035,3.6427886486053467,8.103924751281738
0,852,1188.3590087890625,10646.2685546875,4.1244072914123535,2.9931321144104004,6.705352783203125
0,853,1734.354248046875,16015.228515625,4.427715301513672,4.148147106170654,7.645474433898926
0,854,2685.41064453125,25564.568359375,4.298465251922607,5.264549255371094,10.430444717407227
0,855,2433.464111328125,21841.943359375,8.308989524841309,4.657954692840576,11.27341365814209
0,856,2006.211669921875,18622.130859375,4.799953460693359,3.9415650367736816,8.57666015625
0,857,2143.464111328125,20128.419921875,4.354065895080566,4.123376369476318,10.779532432556152
0,858,2953.211669921875,28172.3203125,4.532649517059326,4.745635986328125,13.636474609375
0,859,1279.10400390625,11518.8359375,4.240677833557129,2.893768310546875,7.4244232177734375
0,860,2529.10400390625,23925.498046875,4.5518083572387695,4.215224742889404,10.833648681640625
0,861,987.6671142578125,8491.7548828125,4.616387844085693,2.081730365753174,6.151772975921631
0,862,2326.6865234375,21768.705078125,4.993866920471191,3.549067258834839,11.537988662719727
0,863,2286.435546875,21563.14453125,4.337371349334717,4.214234828948975,10.253165245056152
0,864,2674.30078125,25366.3046875,4.589005470275879,3.0469181537628174,14.949469566345215
0,865,2155.74560546875,20156.25390625,4.670670986175537,3.3297157287597656,10.878390312194824
0,866,1999.0655517578125,18621.71875,4.563122749328613,3.3761672973632812,9.586709976196289
0,867,1836.41259765625,16841.36328125,5.075875759124756,4.668287754058838,5.020758152008057
0,868,1886.229736328125,17310.865234375,5.171438694000244,3.946460008621216,9.262396812438965
0,869,1331.508544921875,12174.3837890625,3.802338123321533,2.8545920848846436,7.231027126312256
0,870,1909.8887939453125,17841.875,4.190042018890381,2.625897169113159,12.068878173828125
0,871,1880.40673828125,17554.6953125,4.164571285247803,2.909971237182617,12.625055313110352
0,872,2059.532470703125,19314.470703125,4.2695136070251465,4.486148834228516,9.311380386352539
0,873,3041.9580078125,28923.400390625,4.9872636795043945,4.1872148513793945,14.407788276672363
0,874,2105.361572265625,19576.73046875,4.922951698303223,4.670608997344971,6.482369899749756
0,875,1661.1773681640625,15322.349609375,4.298079967498779,1.53433358669281,11.864615440368652
0,876,1630.6524658203125,15069.517578125,4.123356819152832,2.74626088142395,10.544421195983887
0,877,1330.7147216796875,11970.3544921875,4.455971717834473,2.988642454147339,7.268286228179932
0,878,2609.794189453125,24596.70703125,5.004114627838135,4.42512845993042,10.099374771118164
0,879,1326.2000732421875,12094.576171875,3.891413927078247,2.9439966678619385,6.4837493896484375
0,880,1596.108642578125,14755.9765625,4.017032146453857,1.8440672159194946,12.9204740524292
0,881,2126.167724609375,19916.013671875,4.48553991317749,3.5037903785705566,8.773608207702637
0,882,1337.057373046875,11968.48046875,4.673643589019775,2.5988361835479736,6.131002902984619
0,883,1626.6148681640625,14838.9921875,4.757185459136963,2.6262214183807373,9.495074272155762
0,884,2185.419189453125,20500.23046875,4.5132012367248535,3.574979543685913,10.143012046813965
0,885,2131.232421875,19978.853515625,4.4449028968811035,2.2606093883514404,13.131494522094727
0,886,2888.127685546875,27132.41796875,5.829521179199219,5.80722713470459,8.062457084655762
0,887,2541.5576171875,23960.2734375,4.851006984710693,3.8815529346466064,12.331039428710938
0,888,1511.3167724609375,13876.73046875,4.121456623077393,3.0940043926239014,9.389981269836426
0,889,1682.888427734375,15413.5224609375,4.717872142791748,2.1686770915985107,8.068011283874512
0,890,1751.0189208984375,16130.177734375,4.600037097930908,3.8861234188079834,5.984945774078369
0,891,1310.9674072265625,11710.5166015625,4.663859844207764,2.1692659854888916,10.73779010772705
0,892,2806.95458984375,26775.513671875,4.313436031341553,5.415569305419922,10.251382827758789
0,893,3161.302490234375,29718.39453125,6.315433025360107,4.869280815124512,13.646005630493164
0,894,1889.6236572265625,17481.2578125,4.716592311859131,4.129904270172119,5.810534954071045
0,895,1146.1834716796875,10181.669921875,4.267215728759766,1.4734686613082886,8.907648086547852
0,896,2047.412109375,19126.734375,4.4912872314453125,1.8337074518203735,14.18615436553955
0,897,3271.20068359375,31293.341796875,4.728878021240234,5.860810279846191,13.342450141906738
0,898,2917.103759765625,27610.783203125,5.2008466720581055,5.137490749359131,10.388842582702637
0,899,3947.956298828125,38071.4609375,4.693667411804199,4.149726867675781,19.21236228942871
0,900,1404.438720703125,12810.068359375,4.1143951416015625,2.2436845302581787,10.246454238891602
0,901,2073.3720703125,19586.044921875,3.8255882263183594,2.761078357696533,13.825119018554688
0,902,1469.6702880859375,13246.298828125,4.834679126739502,2.2582218647003174,10.117568969726562
0,903,2344.03369140625,22091.806640625,4.495098114013672,2.4319405555725098,15.0403413772583
0,904,1711.1387939453125,15717.349609375,4.646791934967041,2.9347903728485107,8.314285278320312
0,905,2948.151611328125,28159.55078125,4.406551361083984,3.694685697555542,14.398178100585938
0,906,1872.3770751953125,17395.96484375,4.426016807556152,3.3237595558166504,11.3458251953125
0,907,1455.6617431640625,13259.6455078125,4.323239803314209,1.3949276208877563,9.456613540649414
0,908,2387.59033203125,22511.220703125,4.548941135406494,4.790515422821045,8.84801959991455
0,909,2518.069580078125,23823.55859375,4.5237884521484375,3.830049991607666,12.770621299743652
0,910,1902.2445068359375,17740.1875,4.27418851852417,3.865863800048828,9.891717910766602
0,911,2856.4296875,27181.1796875,4.610392093658447,3.7622642517089844,14.471697807312012
0,912,1573.8739013671875,14485.84375,4.1763200759887695,3.094087839126587,8.348642349243164
0,913,2041.85888671875,18942.404296875,4.920614242553711,2.984543561935425,8.980422973632812
0,914,1744.684814453125,16187.89453125,4.1965131759643555,3.099210500717163,8.8590087890625
0,915,1212.0482177734375,11123.71484375,3.3225581645965576,4.239175319671631,8.2808198928833
0,916,1713.6175537109375,15858.0009765625,4.260579586029053,2.859421730041504,11.0213623046875
0,917,2129.122314453125,19521.20703125,5.900053977966309,4.784768104553223,9.682934761047363
0,918,1572.88916015625,14432.6015625,4.320967197418213,1.5103671550750732,9.050186157226562
0,919,1594.17529296875,14603.1748046875,4.4619269371032715,2.588303565979004,12.048205375671387
0,920,2334.589111328125,21970.76953125,4.583743572235107,4.021579265594482,9.194037437438965
0,921,1841.288818359375,17052.4609375,4.534756660461426,2.946007490158081,7.893866062164307
0,922,3001.10693359375,28557.490234375,4.845266819000244,4.414505958557129,14.354974746704102
0,923,2036.0751953125,19022.19140625,4.461869716644287,4.073451995849609,7.447564601898193
0,924,2154.0341796875,20256.62109375,4.2790656089782715,3.498007297515869,9.34891414642334
0,925,2477.4951171875,23409.78125,4.5505595207214355,1.9120235443115234,16.267175674438477
0,926,2269.7685546875,21441.42578125,4.187530040740967,4.301669597625732,10.020486831665039
0,927,1777.0283203125,16469.404296875,4.336260795593262,2.3075368404388428,12.50821590423584
0,928,1473.051025390625,13357.380859375,4.577095031738281,3.109138250350952,6.840356349945068
0,929,1921.914794921875,17913.5625,4.3519487380981445,2.673046112060547,10.349814414978027
0,930,1982.152587890625,18477.20703125,4.481060981750488,4.757104396820068,6.954806804656982
0,931,1798.321044921875,16764.02734375,4.063945293426514,2.7836034297943115,13.023333549499512
0,932,1532.0877685546875,14056.556640625,4.214404582977295,2.572660446166992,7.205438137054443
0,933,700.22900390625,4956.3447265625,6.819818019866943,2.0797760486602783,8.182519912719727
0,934,1597.95654296875,14635.0390625,4.481755256652832,3.834702253341675,5.750372409820557
0,935,2456.228515625,23172.205078125,4.633602619171143,5.354836463928223,7.838443279266357
0,936,2767.477294921875,26220.63671875,4.847118377685547,5.499627590179443,6.913455486297607
0,937,1837.6663818359375,17169.435546875,4.024093151092529,3.830106496810913,10.058486938476562
0,938,2731.365234375,26028.23828125,4.284707069396973,1.9359267950057983,17.626102447509766
0,939,1077.214111328125,9722.7001953125,3.498136281967163,2.933025360107422,9.235925674438477
0,940,891.6277465820312,7757.85205078125,3.861417531967163,2.0835299491882324,6.504736423492432
0,941,1839.815673828125,17169.400390625,4.095851898193359,3.1780929565429688,8.88250732421875
0,942,2795.482177734375,26693.291015625,4.205104827880859,3.373594045639038,15.598401069641113
0,943,1762.1519775390625,16363.359375,4.193868160247803,4.089409828186035,11.693002700805664
0,944,1573.3902587890625,14469.6689453125,4.214109897613525,3.312816619873047,7.800152778625488
0,945,1368.7410888671875,12341.447265625,4.48654317855835,2.9295403957366943,9.630450248718262
0,946,1319.20947265625,11780.4296875,4.7055487632751465,1.4593948125839233,8.999032974243164
0,947,1851.894775390625,17106.740234375,4.707354545593262,2.3975560665130615,10.514902114868164
0,948,1301.9677734375,11720.513671875,4.330547332763672,1.7605217695236206,8.802313804626465
0,949,1758.3480224609375,16268.5869140625,4.382976531982422,2.5975072383880615,9.142691612243652
0,950,1415.999755859375,12880.64453125,4.264509677886963,2.7232234477996826,6.712194919586182
0,951,1286.9627685546875,11621.7646484375,4.159543514251709,1.6645931005477905,9.397015571594238
0,952,2642.17333984375,24888.93359375,5.109338283538818,2.7883450984954834,17.603967666625977
0,953,1668.9600830078125,15443.9892578125,4.152039051055908,2.3754570484161377,12.007186889648438
0,954,2697.4609375,25537.95703125,4.788838863372803,4.092066287994385,8.315820693969727
0,955,774.88134765625,6557.5703125,3.970810651779175,2.1416938304901123,3.5244691371917725
0,956,1864.749755859375,17298.646484375,4.496169567108154,3.354846954345703,6.7251739501953125
0,957,1062.6922607421875,9470.0576171875,3.856215000152588,2.238823652267456,5.9976959228515625
0,958,1752.7017822265625,16362.7109375,3.8810207843780518,2.4197194576263428,9.2506685256958
0,959,1252.166748046875,11366.4150390625,3.850844144821167,2.523940324783325,7.379202365875244
0,960,1114.45068359375,9887.91015625,4.188653469085693,1.703032374382019,7.309985637664795
0,961,2504.082275390625,23658.037109375,4.609287261962891,2.758113145828247,13.923733711242676
0,962,1844.412109375,17194.03125,4.166964054107666,1.7251805067062378,13.840036392211914
0,963,2649.810546875,25132.505859375,4.5519938468933105,3.6714131832122803,13.32913875579834
0,964,1891.9364013671875,17604.125,4.384130001068115,2.4902946949005127,11.883392333984375
0,965,1696.44287109375,15614.3935546875,4.500115871429443,3.2056450843811035,7.784417629241943
0,966,1474.6243896484375,13497.2880859375,4.163182258605957,1.9748858213424683,11.1466064453125
0,967,1780.0091552734375,16316.64453125,4.944825649261475,2.1148266792297363,11.373248100280762
0,968,1887.737060546875,17523.986328125,4.5112810134887695,2.0000059604644775,9.043784141540527
0,969,2518.36083984375,23888.2890625,4.317728519439697,3.609997510910034,13.438751220703125
0,970,1917.17919921875,17681.509765625,4.9676055908203125,3.500157117843628,11.716361045837402
0,971,2158.838134765625,20303.05078125,4.284434795379639,1.8782627582550049,12.519271850585938
0,972,1654.13232421875,15289.9501953125,4.171243190765381,3.6943905353546143,4.522433757781982
0,973,1549.1429443359375,14152.7109375,4.462395668029785,1.9280086755752563,9.0496244430542
0,974,1913.97607421875,17735.3515625,4.6813645362854,2.882331132888794,9.156122207641602
0,975,1190.895263671875,10728.1171875,3.936115026473999,2.473679780960083,6.690396308898926
0,976,1609.7259521484375,14773.3515625,4.413026332855225,2.627213954925537,8.145523071289062
0,977,2039.5863037109375,18988.900390625,4.689877510070801,2.224804639816284,12.176935195922852
0,978,1195.9163818359375,10519.3896484375,4.799247741699219,2.5614802837371826,8.828925132751465
0,979,2022.635498046875,18912.189453125,4.380550384521484,3.6515369415283203,9.1851806640625
0,980,1759.0394287109375,16204.6884765625,4.619019508361816,3.067863702774048,10.087775230407715
0,981,2142.8505859375,20213.162109375,4.051144123077393,2.6800873279571533,12.931744575500488
0,982,2318.6015625,21864.041015625,4.406579494476318,2.8546884059906006,12.08526611328125
0,983,1887.9190673828125,17774.884765625,3.6810193061828613,1.8630589246749878,13.522806167602539
0,984,1532.0186767578125,13861.064453125,4.863742351531982,2.92488431930542,6.698117256164551
0,985,1528.7203369140625,14124.5439453125,3.8755271434783936,2.2517666816711426,8.700736045837402
0,986,1928.966796875,18003.70703125,4.286534786224365,1.7351562976837158,13.796106338500977
0,987,1296.762451171875,11706.7646484375,4.2028656005859375,1.459820032119751,10.422637939453125
0,988,1654.5150146484375,15141.216796875,4.679776668548584,3.3236732482910156,7.674930095672607
0,989,2127.07470703125,20069.0390625,4.005695343017578,2.013559103012085,14.699914932250977
0,990,3485.70361328125,33412.34375,4.815643787384033,5.147153377532959,14.587793350219727
0,991,2467.361328125,23307.37890625,4.554107666015625,3.927424192428589,10.8255033493042
0,992,1670.7535400390625,15454.4873046875,4.176825523376465,2.306084156036377,11.519006729125977
0,993,1370.8516845703125,12506.5517578125,4.00654935836792,1.665584921836853,8.379404067993164
0,994,2063.23876953125,19090.814453125,5.138580322265625,2.590205430984497,10.2484130859375
0,995,716.103759765625,5910.625,4.168041706085205,2.428957223892212,4.527029514312744
0,996,1265.7119140625,11379.5146484375,4.2586774826049805,2.3193700313568115,8.212851524353027
0,997,981.3604125976562,8710.9599609375,3.675480604171753,2.5134637355804443,7.995794773101807
0,998,1363.6988525390625,12313.9072265625,4.410269260406494,2.798988103866577,5.5126495361328125
0,999,2309.1181640625,21785.720703125,4.351541519165039,2.2754273414611816,14.815820693969727
0,1000,2242.62158203125,21143.75,4.274886608123779,2.9554126262664795,12.451776504516602
0,1001,1136.073486328125,10016.033203125,4.482338905334473,1.1107286214828491,7.178097724914551
0,1002,1604.020263671875,14712.7021484375,4.4250006675720215,2.232348680496216,9.881586074829102
0,1003,1984.815673828125,16517.26953125,11.102960586547852,3.1254920959472656,12.381988525390625
0,1004,2310.714599609375,21766.8671875,4.467597484588623,2.5105361938476562,12.522720336914062
0,1005,1250.00341796875,11253.009765625,4.156747341156006,2.4758377075195312,9.955352783203125
0,1006,1716.28369140625,15870.578125,4.307529449462891,2.2373883724212646,9.210638999938965
0,1007,2176.843994140625,20429.0703125,4.464563369750977,2.7258689403533936,11.417502403259277
0,1008,1569.0394287109375,14373.90625,4.3882927894592285,3.0777881145477295,9.997204780578613
0,1009,1630.6875,14969.228515625,4.4588212966918945,3.055990219116211,6.041418552398682
0,1010,1989.279296875,18478.697265625,4.713650226593018,1.9126754999160767,13.175518989562988
0,1011,2019.099609375,18840.513671875,4.501608371734619,2.633845090866089,11.816705703735352
0,1012,1752.460205078125,16241.439453125,4.277211666107178,1.2807379961013794,10.64139461517334
0,1013,2379.24755859375,22555.396484375,4.123591899871826,4.01165246963501,11.681500434875488
0,1014,1607.42236328125,14833.96875,4.134185314178467,3.876882314682007,10.043622016906738
0,1015,1780.3341064453125,16391.322265625,4.70673131942749,1.2875736951828003,11.732098579406738
0,1016,1480.921630859375,13502.84765625,4.354563236236572,2.8310811519622803,10.984704971313477
0,1017,1430.4383544921875,12895.404296875,4.69659948348999,0.9871444702148438,9.516043663024902
0,1018,1036.5125732421875,9079.314453125,4.286038875579834,2.4928414821624756,5.059460639953613
0,1019,1829.336181640625,16913.96875,4.597977638244629,3.079024076461792,9.145068168640137
0,1020,1972.40087890625,17986.0390625,5.793234825134277,4.240492820739746,4.609274387359619
0,1021,1465.553466796875,13342.529296875,4.376685619354248,2.6896474361419678,12.661758422851562
0,1022,1690.5205078125,15576.388671875,4.42938756942749,2.5611743927001953,9.136685371398926
0,1023,1325.31396484375,11919.9794921875,4.443869113922119,2.705798864364624,11.277795791625977
0,1024,824.2711791992188,7116.77587890625,3.7531182765960693,2.3728652000427246,4.712960720062256
0,1025,2118.20556640625,19897.14453125,4.283036231994629,4.162959575653076,10.350763320922852
0,1026,2295.24658203125,21592.650390625,4.532711029052734,2.8697776794433594,12.015283584594727
0,1027,1498.2581787109375,13634.5,4.493603229522705,2.6259725093841553,9.501996040344238
0,1028,1669.9779052734375,15315.4931640625,4.614285945892334,3.026914358139038,8.444720268249512
0,1029,1168.967529296875,10586.04296875,3.6787726879119873,3.3497116565704346,6.433538913726807
0,1030,1687.286865234375,15570.326171875,4.3418097496032715,2.740676164627075,12.7814359664917
0,1031,1944.5941162109375,18268.513671875,3.924755096435547,2.326920747756958,13.133456230163574
0,1032,869.186767578125,7580.25048828125,3.705388307571411,2.2246949672698975,7.352786540985107
0,1033,966.1189575195312,8431.54296875,4.098822116851807,2.4486160278320312,6.0717010498046875
0,1034,1758.4700927734375,16304.8525390625,4.266160488128662,2.0444893836975098,10.22760009765625
0,1035,1048.7388916015625,9243.2041015625,4.147281169891357,1.6142005920410156,6.831668376922607
0,1036,1070.9669189453125,9427.470703125,4.273993492126465,2.1528987884521484,8.8313627243042
0,1037,1694.9615478515625,15610.302734375,4.464375972747803,2.088820695877075,8.337857246398926
0,1038,1687.0460205078125,15548.810546875,4.4054975509643555,1.7035096883773804,12.088098526000977
0,1039,1683.0888671875,15019.369140625,6.038400173187256,3.6817986965179443,7.137213230133057
0,1040,1084.406982421875,9693.734375,3.8344509601593018,2.2691476345062256,8.635138511657715
0,1041,1458.4205322265625,13297.185546875,4.290064334869385,1.722285270690918,9.0721435546875
0,1042,1574.7249755859375,14557.8798828125,3.9645659923553467,1.929840087890625,12.020194053649902
0,1043,2095.66455078125,19647.67578125,4.363231182098389,2.302561044692993,15.055447578430176
0,1044,1740.2523193359375,16194.08984375,4.0281081199646,1.9105552434921265,12.034296035766602
0,1045,2285.126220703125,21578.921875,4.241133213043213,2.2677061557769775,14.366546630859375
0,1046,1059.52392578125,9154.5634765625,4.802253723144531,2.21711802482605,4.751214504241943
0,1047,2063.07568359375,18461.037109375,7.232396125793457,3.7987372875213623,6.965280055999756
0,1048,1431.50830078125,12953.181640625,4.539669036865234,4.001729965209961,8.310626029968262
0,1049,1470.442626953125,13409.306640625,4.317067623138428,2.8245129585266113,9.320840835571289
0,1050,1190.3258056640625,10566.384765625,4.456242561340332,1.7477493286132812,7.132394313812256
0,1051,2469.78076171875,23316.43359375,4.604579448699951,2.4515092372894287,12.986352920532227
0,1052,1484.8345947265625,13494.00390625,4.514472484588623,1.3286049365997314,8.144571304321289
0,1053,1586.5853271484375,14513.35546875,4.508325576782227,1.7597715854644775,11.144335746765137
0,1054,1678.07275390625,15522.48046875,4.194156646728516,2.773096799850464,10.495999336242676
0,1055,1691.7152099609375,15597.5361328125,4.398716926574707,2.746155023574829,9.45208740234375
0,1056,1452.46435546875,13247.69140625,4.256505489349365,3.0669503211975098,7.747494697570801
0,1057,1557.6925048828125,14398.177734375,3.929157018661499,2.43601655960083,13.054669380187988
0,1058,2093.583251953125,19611.591796875,4.414137363433838,2.3481807708740234,10.835189819335938
0,1059,2106.766845703125,19631.24609375,4.788070201873779,3.3378257751464844,12.608728408813477
0,1060,669.4708862304688,5554.28759765625,3.801403522491455,2.539132833480835,4.313937664031982
0,1061,1519.1326904296875,13920.3046875,4.2367401123046875,2.286496877670288,8.61871337890625
0,1062,2010.7022705078125,18888.03125,4.0633039474487305,1.9659979343414307,12.534594535827637
0,1063,1778.3770751953125,16697.798828125,3.619904041290283,3.569781541824341,7.414727687835693
0,1064,1841.385498046875,17079.0078125,4.449493408203125,2.2929465770721436,12.660391807556152
0,1065,1103.8115234375,9856.1318359375,3.9399421215057373,2.410742998123169,6.887582302093506
0,1066,1633.432861328125,15096.1962890625,4.127105712890625,1.8717111349105835,9.388687133789062
0,1067,2391.561767578125,20475.087890625,11.468435287475586,3.228261947631836,10.364148139953613
0,1068,2074.662353515625,19480.96484375,4.218859672546387,2.2282910346984863,13.133966445922852
0,1069,1123.9312744140625,9903.978515625,4.451114177703857,2.44608211517334,8.5068998336792
0,1070,2627.74658203125,24874.73828125,4.675759315490723,3.0472700595855713,15.829760551452637
0,1071,1408.833984375,12937.4443359375,3.836315155029297,2.8281636238098145,9.667819023132324
0,1072,692.3575439453125,5768.8916015625,3.8489456176757812,1.8862800598144531,5.935092449188232
0,1073,2186.9296875,20560.015625,4.364264011383057,2.428621768951416,15.172637939453125
0,1074,1571.6767578125,14482.220703125,4.115155220031738,1.8999141454696655,11.388312339782715
0,1075,1767.5498046875,16327.58203125,4.493055820465088,2.27020525932312,11.52219295501709
0,1076,1276.1163330078125,11258.33203125,5.009437561035156,3.9868087768554688,3.7334229946136475
0,1077,1814.386474609375,16905.107421875,4.129189491271973,3.2702064514160156,11.207205772399902
0,1078,2231.69384765625,20964.12109375,4.509387493133545,2.7998666763305664,12.194668769836426
0,1079,1963.15283203125,18319.001953125,4.375086307525635,2.0001583099365234,12.782614707946777
0,1080,1344.509765625,12273.740234375,3.9045231342315674,2.237882375717163,8.889968872070312
0,1081,1419.9005126953125,12873.166015625,4.419463634490967,2.2341840267181396,7.471594333648682
0,1082,1481.565185546875,13505.6318359375,4.366733074188232,1.6194547414779663,10.312018394470215
0,1083,1520.6630859375,13923.841796875,4.27596378326416,1.855978012084961,7.492804050445557
0,1084,1187.86669921875,10545.861328125,4.442683219909668,2.066235303878784,7.668811321258545
0,1085,2169.316162109375,20386.220703125,4.356469631195068,2.09222412109375,14.364218711853027
0,1086,1687.5968017578125,15612.50390625,4.2115478515625,2.5466811656951904,12.5200777053833
0,1087,2273.089111328125,21485.01953125,4.152907848358154,1.2759037017822266,15.95824909210205
0,1088,2025.00927734375,18845.34375,4.682497024536133,2.9559991359710693,11.597436904907227
0,1089,1090.2891845703125,9544.1484375,4.529143810272217,1.6118175983428955,8.104654312133789
0,1090,1848.7523193359375,17101.845703125,4.618924140930176,2.7187323570251465,6.797372341156006
0,1091,1717.4388427734375,15959.2568359375,4.050439834594727,3.358349323272705,9.595181465148926
0,1092,1819.9881591796875,16869.09765625,4.435946941375732,2.0455234050750732,12.172015190124512
0,1093,2098.415771484375,19666.443359375,4.3923749923706055,2.684934139251709,10.934701919555664
0,1094,1335.6419677734375,11958.685546875,4.659116268157959,2.111365556716919,5.532440185546875
0,1095,1424.0098876953125,13054.8798828125,3.950727939605713,2.83986496925354,11.074106216430664
0,1096,1425.166748046875,12981.3935546875,4.234246730804443,2.637559652328491,9.395584106445312
0,1097,2484.208740234375,23500.701171875,4.471292018890381,3.4524667263031006,12.64813232421875
0,1098,1589.0235595703125,14755.751953125,3.7816123962402344,2.219041585922241,11.785971641540527
0,1099,1650.43701171875,15222.3671875,4.273345470428467,1.8418381214141846,9.909085273742676
0,1100,1479.470703125,13529.501953125,4.217351913452148,2.034511089324951,8.384744644165039
0,1101,1927.40380859375,17988.0625,4.2865824699401855,3.1440513134002686,7.364984035491943
0,1102,2673.647216796875,25383.697265625,4.50924825668335,3.1202266216278076,14.552752494812012
0,1103,931.5455322265625,8162.134765625,3.844400405883789,2.2103664875030518,6.606771945953369
0,1104,1804.5157470703125,16779.701171875,4.218188762664795,1.9542239904403687,12.389752388000488
0,1105,1445.827392578125,13112.2177734375,4.486854076385498,2.272453784942627,5.199850559234619
0,1106,1731.8953857421875,16055.623046875,4.2111005783081055,2.074171781539917,10.745745658874512
0,1107,1389.4210205078125,12672.83984375,4.071232795715332,3.1296021938323975,10.759478569030762
0,1108,1244.833984375,11164.615234375,4.279080867767334,2.0471770763397217,4.6217193603515625
0,1109,1564.898681640625,14346.27734375,4.342362880706787,2.787841558456421,9.193033218383789
0,1110,1140.1297607421875,10172.2490234375,4.096826553344727,2.29874587059021,7.818860054016113
0,1111,2005.2396240234375,18728.708984375,4.41228723526001,2.4212284088134766,13.28342342376709
0,1112,1810.8248291015625,16755.7890625,4.5081939697265625,2.056516408920288,11.40783405303955
0,1113,1210.074951171875,11000.0791015625,3.6688995361328125,2.4435548782348633,10.64098834991455
0,1114,1656.6900634765625,15338.947265625,4.093177318572998,2.032825231552124,11.15552043914795
0,1115,1176.298583984375,10647.62109375,3.7178847789764404,1.8850020170211792,9.646410942077637
0,1116,1812.03564453125,16573.509765625,5.156157970428467,1.205256700515747,13.625149726867676
0,1117,1181.218017578125,10574.5234375,4.125522613525391,2.491905689239502,7.048147678375244
0,1118,2085.4716796875,19577.501953125,4.25738000869751,2.209515333175659,13.223944664001465
0,1119,1374.2413330078125,12432.1650390625,4.367492198944092,2.27325439453125,8.198687553405762
0,1120,1478.653564453125,13292.2021484375,4.981113910675049,2.7541584968566895,8.040597915649414
0,1121,1495.7745361328125,13822.7978515625,3.783156633377075,2.0493648052215576,11.85303020477295
0,1122,1759.930419921875,16321.412109375,4.259637832641602,2.752387046813965,9.047778129577637
0,1123,2187.0361328125,20515.076171875,4.517620086669922,2.1396470069885254,12.057184219360352
0,1124,2070.638671875,19187.587890625,5.06265926361084,3.521717071533203,9.638205528259277
0,1125,1776.9207763671875,16510.658203125,4.195166110992432,1.7425956726074219,12.455853462219238
0,1126,2065.2177734375,19342.0234375,4.367183685302734,3.0865495204925537,11.547564506530762
0,1127,1390.327880859375,12799.765625,3.678375244140625,1.8075278997421265,11.066583633422852
0,1128,1863.1937255859375,17459.478515625,3.9081966876983643,1.5950160026550293,12.549506187438965
0,1129,2347.16015625,22039.390625,4.774029731750488,1.8187726736068726,13.742401123046875
0,1130,1463.7874755859375,13321.7744140625,4.386999607086182,2.91209077835083,6.046377658843994
0,1131,1150.860595703125,10258.3369140625,4.167561054229736,1.754005789756775,8.461966514587402
0,1132,1544.6588134765625,14143.341796875,4.344153881072998,2.064401626586914,10.849871635437012
0,1133,1570.2303466796875,14458.1240234375,4.147264003753662,1.9159786701202393,10.5250244140625
0,1134,1259.284423828125,11208.72265625,4.613735675811768,1.7289847135543823,7.727969646453857
0,1135,1564.0843505859375,14394.236328125,4.155356407165527,2.5083603858947754,9.001932144165039
0,1136,1282.29443359375,11549.80859375,4.243788242340088,1.6874477863311768,9.401178359985352
0,1137,2022.05517578125,18841.5625,4.596630573272705,1.8388525247573853,12.329852104187012
0,1138,2697.928466796875,25630.650390625,4.495444297790527,3.6878738403320312,12.149612426757812
0,1139,1337.07958984375,12168.5283203125,4.007557392120361,1.875949501991272,10.466021537780762
0,1140,1591.0911865234375,14619.5615234375,4.304502010345459,2.255638837814331,10.082992553710938
0,1141,1446.1546630859375,13212.0439453125,4.165005207061768,1.5812362432479858,10.483169555664062
0,1142,1083.3795166015625,9500.3759765625,4.444730281829834,1.904207468032837,8.285562515258789
0,1143,1597.0010986328125,14898.0693359375,3.5731372833251953,1.8525501489639282,10.633252143859863
0,1144,2084.592529296875,19493.4375,4.50829553604126,3.4030544757843018,8.913400650024414
0,1145,1198.3446044921875,10684.3876953125,4.3301920890808105,2.472254514694214,11.483166694641113
0,1146,1847.2412109375,17081.095703125,4.6377177238464355,1.4501584768295288,8.513028144836426
0,1147,1976.298828125,18431.244140625,4.439148902893066,1.2825376987457275,11.363863945007324
0,1148,1767.0953369140625,16676.73828125,3.314049482345581,2.104382276535034,12.662179946899414
0,1149,1962.4954833984375,18283.8984375,4.47018575668335,2.24499249458313,12.118639945983887
0,1150,1437.611083984375,13104.388671875,4.239076137542725,1.6005016565322876,7.6313629150390625
0,1151,1679.804931640625,15491.185546875,4.356212615966797,3.0763416290283203,9.559170722961426
0,1152,1653.8079833984375,15364.5791015625,3.911670446395874,1.2780624628067017,10.258707046508789
0,1153,1227.1295166015625,11062.3359375,4.029861927032471,2.1319587230682373,8.2423734664917
0,1154,954.5966186523438,8212.96875,4.443325042724609,2.315725564956665,6.313812255859375
0,1155,2046.711181640625,19096.677734375,4.568111419677734,2.283262252807617,13.084628105163574
0,1156,1300.5108642578125,11809.2041015625,3.9863502979278564,1.621537208557129,10.380273818969727
0,1157,1703.22998046875,15785.7021484375,4.155328273773193,2.054321050643921,12.978049278259277
0,1158,1557.9892578125,14367.4482421875,4.041478633880615,1.9571201801300049,12.130572319030762
0,1159,2108.673583984375,19814.37109375,4.241211891174316,1.6385029554367065,12.542108535766602
0,1160,1787.966552734375,16619.01953125,4.20215368270874,2.544830560684204,12.780179023742676
0,1161,1342.8272705078125,12210.400390625,4.059575080871582,2.118107557296753,9.879119873046875
0,1162,1699.390625,15742.0029296875,4.173009395599365,2.4117608070373535,11.922528266906738
0,1163,1289.8885498046875,11523.7080078125,4.583924770355225,1.2902450561523438,5.86470365524292
0,1164,1086.11669921875,9350.3310546875,5.0361175537109375,2.5923666954040527,6.316760540008545
0,1165,1341.9942626953125,12102.576171875,4.3912177085876465,3.118328809738159,8.583633422851562
0,1166,1712.0157470703125,15842.1923828125,4.259884834289551,2.103421688079834,10.05148983001709
0,1167,1501.6549072265625,13589.8798828125,4.755561351776123,1.9840977191925049,9.05804443359375
0,1168,2130.25244140625,19890.28515625,4.707459926605225,2.599640130996704,13.403704643249512
0,1169,1403.1920166015625,12658.728515625,4.577303409576416,2.263753652572632,8.56152057647705
0,1170,2556.8125,24267.162109375,4.33654260635376,2.227335214614868,16.890729904174805
0,1171,1813.715576171875,16939.28515625,3.9928994178771973,3.133356809616089,12.153635025024414
0,1172,1979.8505859375,18456.1875,4.474393367767334,4.906125545501709,9.105364799499512
0,1173,1888.6197509765625,17607.59765625,4.26200008392334,1.9573181867599487,10.717437744140625
0,1174,723.173095703125,6075.5439453125,3.8539581298828125,2.534183979034424,5.9410552978515625
0,1175,1606.83642578125,14873.46875,3.9829838275909424,1.8343628644943237,9.169565200805664
0,1176,1241.329345703125,11042.5234375,4.5692362785339355,2.246297597885132,6.991565227508545
0,1177,1684.6820068359375,15508.55859375,4.460872650146484,1.6033897399902344,10.458041191101074
0,1178,1081.225341796875,9569.1806640625,4.143576622009277,1.9923206567764282,7.449109077453613
0,1179,1246.0025634765625,11250.94921875,4.030251502990723,2.681281566619873,10.105792045593262
0,1180,1126.2264404296875,10132.6328125,3.7654366493225098,2.0752761363983154,7.380239963531494
0,1181,2279.169189453125,21455.3359375,4.454516410827637,3.365554094314575,14.244006156921387
0,1182,1570.190673828125,14597.865234375,3.6801376342773438,2.2525582313537598,8.346872329711914
0,1183,1374.777587890625,12351.38671875,4.6546311378479,1.8862885236740112,7.8949127197265625
0,1184,2103.59375,19834.548828125,4.0046305656433105,1.5480207204818726,12.964529991149902
0,1185,2299.808349609375,21724.884765625,4.243994235992432,1.9231535196304321,15.17517375946045
0,1186,1765.7093505859375,16303.2890625,4.512679576873779,2.995159864425659,4.4336700439453125
0,1187,1737.4610595703125,16042.7919921875,4.43939733505249,2.4496090412139893,11.979830741882324
0,1188,2224.819091796875,21021.771484375,4.088057994842529,1.5319889783859253,14.287393569946289
0,1189,1411.039306640625,12794.91796875,4.384914398193359,2.8159751892089844,5.905548095703125
0,1190,2652.600341796875,25156.994140625,4.5633625984191895,2.9604430198669434,13.307782173156738
0,1191,1526.2408447265625,13958.46484375,4.34647798538208,3.7960965633392334,3.3971831798553467
0,1192,1095.62353515625,9666.447265625,4.299292087554932,2.1775941848754883,8.000900268554688
0,1193,2063.033203125,19421.623046875,4.029027462005615,2.178267002105713,12.264609336853027
0,1194,1360.0791015625,12335.5390625,4.217503547668457,2.1823232173919678,9.933215141296387
0,1195,1353.0406494140625,12252.85546875,4.258502960205078,2.35422682762146,10.95489501953125
0,1196,1801.6015625,16685.2265625,4.4359612464904785,2.532731056213379,12.607958793640137
0,1197,1147.0596923828125,10216.533203125,4.180212020874023,1.618282675743103,6.3550872802734375
0,1198,1558.756591796875,14323.560546875,4.213351726531982,1.8805086612701416,8.886917114257812
0,1199,1214.779052734375,10889.9501953125,4.192803382873535,2.10333251953125,9.621472358703613
0,1200,1361.7130126953125,12418.216796875,3.9963796138763428,2.650327682495117,10.060528755187988
0,1201,1439.704833984375,13037.818359375,4.530765056610107,3.529520034790039,8.143567085266113
0,1202,1117.7420654296875,9957.7060546875,4.06571626663208,1.8683112859725952,8.6995210647583
0,1203,1649.7171630859375,15190.203125,4.3565592765808105,1.617701530456543,10.937906265258789
0,1204,1690.3575439453125,15670.341796875,4.110777378082275,2.410520315170288,5.7521209716796875
0,1205,2624.7763671875,24893.81640625,4.513163089752197,2.5380465984344482,16.1508731842041
0,1206,996.137451171875,8806.380859375,3.8499772548675537,1.8497856855392456,6.299539089202881
0,1207,1856.9615478515625,17445.314453125,3.7476680278778076,1.685571312904358,13.772546768188477
0,1208,1982.5819091796875,18530.087890625,4.3191022872924805,1.7785590887069702,11.848898887634277
0,1209,1743.1676025390625,16106.34375,4.4177727699279785,2.233548879623413,9.884613037109375
0,1210,2587.29736328125,24770.615234375,3.674525499343872,1.5604736804962158,17.1994686126709
0,1211,1595.176513671875,14545.1748046875,4.688634395599365,1.7432969808578491,10.213290214538574
0,1212,1653.69091796875,15159.33984375,4.59190034866333,1.5198068618774414,10.502283096313477
0,1213,2235.8955078125,21080.630859375,4.261078834533691,1.7566471099853516,15.053576469421387
0,1214,2226.560302734375,20983.2734375,4.2744269371032715,2.398803472518921,13.451974868774414
0,1215,1286.73193359375,11563.123046875,4.347317695617676,1.6653515100479126,8.550928115844727
0,1216,1776.621826171875,16512.04296875,4.180581092834473,1.0810112953186035,11.585055351257324
0,1217,1242.0928955078125,11205.9365234375,4.049973964691162,2.7740585803985596,10.168753623962402
0,1218,1516.3990478515625,14006.54296875,3.858158588409424,1.8597650527954102,9.65185260772705
0,1219,2059.947021484375,19220.744140625,4.595753192901611,2.644866704940796,11.608328819274902
0,1220,1290.8546142578125,11613.876953125,4.315565586090088,1.779917597770691,8.949423789978027
0,1221,2182.968994140625,20515.66796875,4.380069732666016,2.427537202835083,12.1510591506958
0,1222,1002.7041625976562,8976.4765625,3.5018837451934814,2.879599094390869,6.745980739593506
0,1223,1397.9173583984375,12750.0546875,4.097063064575195,2.713458776473999,11.555010795593262
0,1224,2446.534912109375,23143.6328125,4.405717372894287,3.2509377002716064,11.980682373046875
0,1225,1325.40185546875,12035.669921875,4.061160564422607,3.1721808910369873,9.359564781188965
0,1226,806.4411010742188,6794.6982421875,4.232374668121338,3.015247106552124,5.664953708648682
0,1227,1606.83447265625,14730.859375,4.458284854888916,2.1902363300323486,11.642645835876465
0,1228,1105.0540771484375,9906.59765625,3.8131439685821533,2.6665420532226562,6.742379665374756
0,1229,1880.31201171875,17477.876953125,4.41747522354126,3.2773048877716064,10.391257286071777
0,1230,1686.3680419921875,15572.40234375,4.304259777069092,4.0601420402526855,11.108725547790527
0,1231,1424.20703125,12990.9072265625,4.170543670654297,4.00958776473999,10.527213096618652
0,1232,1391.7279052734375,12638.701171875,4.261926651000977,3.0732243061065674,7.057351589202881
0,1233,2380.92724609375,22385.5,4.745908260345459,2.7554550170898438,13.659049034118652
0,1234,1781.0875244140625,16478.384765625,4.4416351318359375,3.1184089183807373,12.164148330688477
0,1235,950.5654296875,7986.20849609375,5.064819812774658,2.359334945678711,6.150244235992432
0,1236,2026.3984375,18935.263671875,4.429067134857178,3.025285482406616,10.979934692382812
0,1237,910.7435302734375,7967.81591796875,3.7987306118011475,3.023059606552124,8.19103717803955
0,1238,1379.0499267578125,12467.0107421875,4.411630153656006,3.2192375659942627,10.021387100219727
0,1239,2108.71923828125,19925.115234375,3.873589038848877,2.4084365367889404,15.334057807922363
0,1240,969.3590698242188,8478.7890625,4.0493388175964355,2.0649383068084717,6.053204536437988
0,1241,752.5838012695312,6304.8505859375,4.069957733154297,1.974037528038025,7.502057075500488
0,1242,1121.7315673828125,9900.634765625,4.388936519622803,1.9387073516845703,7.69757080078125
0,1243,1888.7081298828125,17587.32421875,4.332522869110107,2.5414602756500244,11.887656211853027
0,1244,1268.5709228515625,11474.044921875,4.038880825042725,2.652214288711548,7.562610149383545
0,1245,936.2528076171875,8046.908203125,4.385397434234619,1.8611382246017456,3.1920013427734375
0,1246,1663.8668212890625,15414.5234375,4.080482482910156,1.6328638792037964,10.068267822265625
0,1247,1116.60888671875,10041.318359375,3.7492332458496094,1.9371699094772339,7.205670356750488
0,1248,1340.97802734375,12178.3291015625,4.104838848114014,1.7694311141967773,9.979208946228027
0,1249,852.2687377929688,7346.53515625,3.920508623123169,2.3749821186065674,6.44014310836792
0,1250,1639.918212890625,15157.6201171875,4.1385369300842285,1.5335036516189575,10.993499755859375
0,1251,1547.7747802734375,13978.0302734375,4.999056816101074,2.021448850631714,10.808356285095215
0,1252,1086.3223876953125,9573.5654296875,4.298861026763916,1.958605408668518,7.984368801116943
0,1253,1744.7252197265625,16155.689453125,4.305209636688232,1.9262157678604126,11.582812309265137
0,1254,1163.2320556640625,10410.515625,4.072680950164795,1.5771387815475464,8.51501178741455
0,1255,1324.887939453125,12066.623046875,3.9408531188964844,1.4065521955490112,8.683728218078613
0,1256,705.4041748046875,5938.8134765625,3.7174274921417236,2.3965084552764893,5.36433744430542
0,1257,1444.7867431640625,13186.28125,4.205286979675293,2.2529938220977783,7.653866767883301
0,1258,1021.9869384765625,8978.7978515625,4.136903285980225,3.1609795093536377,6.6199188232421875
0,1259,1141.5068359375,10395.646484375,3.3980729579925537,2.2179524898529053,7.415109157562256
0,1260,1476.1861572265625,13558.7041015625,4.010524272918701,1.7705128192901611,9.986239433288574
0,1261,1267.2637939453125,11360.8935546875,4.3724799156188965,2.3874919414520264,6.71248197555542
0,1262,1665.1483154296875,15362.650390625,4.2961106300354,2.6736018657684326,9.840972900390625
0,1263,1801.961669921875,16729.01953125,4.301990509033203,3.6236093044281006,13.569488525390625
0,1264,946.184814453125,8291.30078125,3.901824951171875,2.738088607788086,7.556567668914795
0,1265,1336.7342529296875,12158.951171875,4.027971267700195,3.4043095111846924,8.995782852172852
0,1266,2341.60546875,21972.439453125,4.812056064605713,2.98177170753479,11.846285820007324
0,1267,2101.68359375,19417.486328125,5.331165313720703,2.744964361190796,12.513318061828613
0,1268,828.4212646484375,7008.0263671875,4.253952980041504,1.7930001020431519,2.787261962890625
0,1269,1234.1339111328125,11084.43359375,4.189685344696045,2.4058330059051514,8.944064140319824
0,1270,1420.7279052734375,12902.37109375,4.3496904373168945,3.8698387145996094,7.700931072235107
0,1271,910.3955078125,7889.69482421875,4.0475335121154785,2.8031930923461914,4.623593330383301
0,1272,1768.0850830078125,16252.607421875,4.760810375213623,1.4140547513961792,9.682266235351562
0,1273,2021.020751953125,18944.13671875,4.2202348709106445,3.896893262863159,14.005465507507324
0,1274,1810.7691650390625,16756.263671875,4.504760265350342,1.6959161758422852,8.892367362976074
0,1275,1290.748291015625,11612.529296875,4.316511154174805,2.0260844230651855,9.437433242797852
0,1276,2051.22119140625,19214.3984375,4.326047897338867,2.414036750793457,11.755502700805664
0,1277,1185.214599609375,10706.78515625,3.817868947982788,1.4408597946166992,6.371448040008545
0,1278,1408.0765380859375,12764.3984375,4.387889862060547,2.601942539215088,8.741561889648438
0,1279,2720.428466796875,13861.2919921875,44.47663879394531,2.2757513523101807,9.605554580688477
0,1280,2252.64599609375,21200.71875,4.419129848480225,2.379045248031616,15.744406700134277
0,1281,1566.123779296875,13895.6904296875,5.885158061981201,2.7702207565307617,10.37359619140625
0,1282,2300.52392578125,21303.38671875,5.6728410720825195,2.2323572635650635,12.516879081726074
0,1283,2752.18896484375,26223.404296875,4.328282356262207,3.1850051879882812,16.808191299438477
0,1284,1635.8590087890625,15062.162109375,4.3214263916015625,2.772325038909912,9.570895195007324
0,1285,1920.5057373046875,17865.771484375,4.4642863273620605,2.9703896045684814,12.07708740234375
0,1286,2079.851318359375,19444.185546875,4.514427661895752,2.810924530029297,9.827588081359863
0,1287,1810.3984375,16794.099609375,4.366279602050781,1.853507399559021,11.574478149414062
0,1288,1234.5911865234375,11121.8525390625,4.080196380615234,2.2174034118652344,9.55161190032959
0,1289,1478.5206298828125,13437.2626953125,4.493143558502197,1.3835643529891968,8.825335502624512
0,1290,1099.911865234375,9858.91015625,3.8006935119628906,2.584321975708008,9.834912300109863
0,1291,1364.8697509765625,12366.5498046875,4.273823261260986,2.0597710609436035,7.810794353485107
0,1292,908.7327880859375,7967.08251953125,3.7341504096984863,2.112192153930664,7.42633056640625
0,1293,1281.687744140625,11589.484375,4.091308116912842,2.474412441253662,9.579254150390625
0,1294,1285.79296875,11849.109375,3.362729787826538,2.4342422485351562,11.714593887329102
0,1295,964.0797119140625,8596.23828125,3.481863498687744,2.081108570098877,7.985556125640869
0,1296,1407.601318359375,12926.3837890625,3.8320958614349365,2.814225196838379,12.2192964553833
0,1297,1108.01220703125,10029.94140625,3.500603437423706,2.1448686122894287,8.230374336242676
0,1298,1763.856689453125,16286.568359375,4.506659984588623,2.7207415103912354,9.895135879516602
0,1299,1537.1435546875,13951.064453125,4.7345709800720215,1.6356289386749268,11.746103286743164
0,1300,1640.8695068359375,15209.1875,3.9983577728271484,1.8507912158966064,11.628448486328125
0,1301,1862.2752685546875,17272.173828125,4.501927375793457,1.0032851696014404,10.28482723236084
0,1302,1608.194091796875,14744.9638671875,4.456588268280029,2.1463706493377686,10.543652534484863
0,1303,1689.832763671875,15529.2421875,4.5636210441589355,1.9487640857696533,8.130670547485352
0,1304,1459.3690185546875,13224.0263671875,4.565544128417969,2.3592164516448975,7.545675754547119
0,1305,1203.5556640625,10697.845703125,4.459036350250244,3.163296937942505,9.1206636428833
0,1306,1248.9232177734375,10611.158203125,6.2602458000183105,2.020312547683716,6.884896755218506
0,1307,1247.9610595703125,11287.376953125,3.9741134643554688,2.1924870014190674,6.387582302093506
0,1308,1439.597900390625,13079.4580078125,4.388402938842773,1.7609089612960815,9.601279258728027
0,1309,1047.94970703125,9170.951171875,4.361816883087158,2.5642597675323486,5.644735813140869
0,1310,2051.7890625,19314.9296875,4.009868144989014,2.962143659591675,13.0883207321167
0,1311,1546.59521484375,14197.07421875,4.229592800140381,1.674407958984375,11.153207778930664
0,1312,2246.63671875,21047.798828125,4.728560447692871,2.5448765754699707,10.928500175476074
0,1313,2122.0673828125,19901.638671875,4.396783351898193,2.7583870887756348,14.063281059265137
0,1314,1777.943115234375,16660.57421875,3.729520559310913,2.2110214233398438,13.005136489868164
0,1315,1922.0216064453125,18094.0234375,3.753974199295044,2.151869297027588,14.132880210876465
0,1316,1348.8841552734375,12165.650390625,4.4106364250183105,2.9652621746063232,7.563595771789551
0,1317,1326.150634765625,11963.46875,4.326791286468506,3.1619136333465576,6.943634033203125
0,1318,1194.54443359375,10610.5166015625,4.449760437011719,2.975372314453125,10.130240440368652
0,1319,1624.36767578125,14161.46484375,6.9407057762146,1.9414852857589722,5.535977363586426
0,1320,1725.0867919921875,16051.94921875,3.996393918991089,2.2381086349487305,14.613321304321289
0,1321,1511.63818359375,13871.259765625,4.150408744812012,2.3239381313323975,6.8177642822265625
0,1322,2121.596923828125,19871.142578125,4.482758045196533,1.5250194072723389,12.686942100524902
0,1323,876.3206176757812,7630.482421875,3.7757439613342285,1.7988322973251343,7.448370456695557
0,1324,1030.5047607421875,9073.7890625,4.104194164276123,2.8050284385681152,8.21020793914795
0,1325,902.790771484375,7751.9951171875,4.253042697906494,2.477585554122925,3.9531800746917725
0,1326,1594.093505859375,14652.431640625,4.295009613037109,1.8589508533477783,8.602319717407227
0,1327,1392.5673828125,12562.8798828125,4.542649269104004,0.9673544764518738,8.802764892578125
0,1328,1823.1944580078125,16874.84375,4.523669719696045,2.4537599086761475,12.512750625610352
0,1329,1136.6187744140625,10061.6875,4.348335266113281,2.2459940910339355,10.868387222290039
0,1330,1024.3388671875,8976.876953125,4.221706390380859,1.9065958261489868,5.644195556640625
0,1331,1026.5697021484375,9323.54296875,3.1405129432678223,2.3740921020507812,9.780972480773926
0,1332,1391.1756591796875,12319.412109375,5.307814121246338,1.931057333946228,7.339865207672119
0,1333,1721.1575927734375,15947.2060546875,4.214568614959717,2.6532254219055176,10.235922813415527
0,1334,1937.294921875,17962.322265625,4.702086925506592,2.4019839763641357,12.381723403930664
0,1335,2144.674560546875,20153.169921875,4.311917304992676,2.549516201019287,14.217047691345215
0,1336,2906.93408203125,27909.19140625,3.8671653270721436,2.1524105072021484,18.325973510742188
0,1337,1317.833251953125,11892.1884765625,4.287147045135498,3.081200361251831,6.097690105438232
0,1338,1044.099609375,9154.2412109375,4.289180278778076,3.4039814472198486,6.922601222991943
0,1339,2179.456298828125,20631.0546875,3.8783600330352783,1.9796247482299805,16.35982322692871
0,1340,1302.01953125,11609.43359375,4.702540874481201,2.693742036819458,5.100488185882568
0,1341,2111.120849609375,19824.009765625,4.290660858154297,2.0412631034851074,13.212066650390625
0,1342,2064.71923828125,19285.921875,4.537570953369141,2.5369293689727783,14.1017427444458
0,1343,2298.48046875,21570.515625,4.714301586151123,3.2822678089141846,10.775659561157227
0,1344,1448.7880859375,13143.5966796875,4.480947017669678,2.6257259845733643,8.7617769241333
0,1345,1500.826904296875,13565.482421875,4.8092875480651855,3.1174674034118652,9.176315307617188
0,1346,1246.505859375,11141.2880859375,4.412568092346191,1.7378427982330322,9.076617240905762
0,1347,890.2227783203125,7717.119140625,3.9503629207611084,2.23441481590271,6.571576118469238
0,1348,1640.1708984375,15066.8330078125,4.4495849609375,2.153254270553589,10.902325630187988
0,1349,1397.95361328125,12803.177734375,3.9211952686309814,2.357959270477295,9.567883491516113
0,1350,1542.1832275390625,14128.0263671875,4.31268835067749,1.294321894645691,7.671460151672363
0,1351,1739.471923828125,16120.7392578125,4.2465996742248535,2.337480306625366,12.767245292663574
0,1352,1478.6722412109375,13474.9013671875,4.372739315032959,2.0251500606536865,7.5319976806640625
0,1353,1775.2457275390625,16486.140625,4.221052646636963,1.6431982517242432,11.345492362976074
0,1354,1171.9407958984375,10415.3046875,4.347010135650635,2.129936456680298,8.161590576171875
0,1355,1861.279296875,17418.953125,3.979464054107666,2.059222459793091,13.241385459899902
0,1356,1751.9775390625,16223.416015625,4.321197032928467,2.543633222579956,13.062664985656738
0,1357,1469.13427734375,13484.744140625,4.021993637084961,2.910008668899536,12.081588745117188
0,1358,1575.3685302734375,14682.015625,3.5722343921661377,1.8459625244140625,10.632718086242676
0,1359,2167.49560546875,20304.9453125,4.56670618057251,1.8643934726715088,10.2887601852417
0,1360,1541.3289794921875,13790.0703125,5.410729885101318,3.049978494644165,8.529879570007324
0,1361,2025.572021484375,19003.69140625,4.173429012298584,3.618009567260742,14.525586128234863
0,1362,1630.4256591796875,15143.71484375,3.868474245071411,2.3677899837493896,12.596160888671875
0,1363,1803.4781494140625,16708.732421875,4.420160293579102,1.9865760803222656,10.135589599609375
0,1364,1133.294921875,10088.103515625,4.149484634399414,2.2042884826660156,6.846798896789551
0,1365,1601.110107421875,14730.740234375,4.2678680419921875,2.209606170654297,11.40216064453125
0,1366,884.6028442382812,7614.9873046875,4.103470802307129,2.633507490158081,7.987552165985107
0,1367,1868.001953125,17411.64453125,4.2279181480407715,2.7530517578125,12.696673393249512
0,1368,762.69970703125,6600.2080078125,3.422628879547119,2.164320707321167,6.666290283203125
0,1369,1018.3057861328125,8840.53125,4.475086212158203,2.333746910095215,4.893176555633545
0,1370,1444.9630126953125,13298.79296875,3.8361263275146484,2.1698689460754395,9.35303020477295
0,1371,1123.838623046875,10012.5234375,4.086208343505859,2.406700849533081,8.350415229797363
0,1372,1787.3267822265625,16573.81640625,4.331502437591553,2.516186475753784,11.266260147094727
0,1373,1478.5440673828125,13506.572265625,4.262895107269287,2.805987596511841,10.594070434570312
0,1374,1997.1632080078125,18605.05859375,4.555245399475098,2.4418585300445557,13.988748550415039
0,1375,1427.13818359375,12964.44140625,4.3564653396606445,2.369133710861206,8.2288818359375
0,1376,1461.2449951171875,13330.6337890625,4.272719860076904,2.450472593307495,9.060754776000977
0,1377,565.5491943359375,4411.25830078125,4.1474456787109375,2.6954445838928223,4.06734037399292
0,1378,1194.6007080078125,10626.7265625,4.3975982666015625,1.8265436887741089,7.698599338531494
0,1379,891.70166015625,7774.33935546875,3.8089234828948975,2.488433837890625,7.417703151702881
0,1380,2551.8427734375,24216.080078125,4.341152191162109,2.107302188873291,15.448419570922852
0,1381,1041.01416015625,9184.34765625,4.0859808921813965,1.9526827335357666,5.346411228179932
0,1382,1382.658935546875,12384.58203125,4.806689262390137,3.2022995948791504,7.70637845993042
0,1383,1647.5050048828125,15157.416015625,4.392112731933594,2.3057057857513428,12.100781440734863
0,1384,1567.7437744140625,14292.638671875,4.615996837615967,1.984539270401001,9.865625381469727
0,1385,1363.569580078125,12437.0693359375,3.9954209327697754,2.625859260559082,6.968966960906982
0,1386,1450.251708984375,13052.7685546875,4.832493782043457,3.4090213775634766,9.707226753234863
0,1387,1669.8616943359375,15210.216796875,4.961331844329834,1.899417757987976,7.922454833984375
0,1388,728.7049560546875,6167.00146484375,3.733494997024536,0.9126229286193848,4.836999416351318
0,1389,973.0919189453125,8524.337890625,4.021937847137451,1.9474880695343018,7.008877754211426
0,1390,1935.56982421875,18007.1328125,4.4952168464660645,1.7773687839508057,12.272234916687012
0,1391,1983.79833984375,18546.748046875,4.304116249084473,2.2262978553771973,14.292742729187012
0,1392,1258.031494140625,11271.44921875,4.362884521484375,2.3036415576934814,8.905591011047363
0,1393,2156.53369140625,20203.107421875,4.540766716003418,1.988718867301941,11.932156562805176
0,1394,1145.7431640625,9906.578125,5.169510841369629,2.4025356769561768,8.666918754577637
0,1395,1855.5279541015625,17291.365234375,4.213047027587891,2.856954574584961,12.042574882507324
0,1396,1061.3004150390625,9281.888671875,4.437049865722656,2.0165297985076904,5.700177192687988
0,1397,2403.150634765625,22664.357421875,4.557158470153809,2.416025161743164,14.3845796585083
0,1398,2132.02294921875,19993.953125,4.42091703414917,2.035806655883789,13.249789237976074
0,1399,1696.0965576171875,15681.025390625,4.2664690017700195,2.2998976707458496,11.321603775024414
0,1400,1307.058837890625,11796.92578125,4.245540142059326,2.844341278076172,8.97025203704834
0,1401,1247.56396484375,11395.3291015625,3.601034641265869,2.201019287109375,9.089273452758789
0,1402,1455.0035400390625,13211.78515625,4.460831642150879,1.781600832939148,7.3970489501953125
0,1403,1572.3526611328125,14452.8798828125,4.2354912757873535,3.0628488063812256,8.290814399719238
0,1404,1759.5439453125,16315.123046875,4.26771879196167,2.4070663452148438,9.157742500305176
0,1405,2340.505859375,22179.798828125,4.084193706512451,2.984327554702759,16.286380767822266
0,1406,1517.656982421875,13938.1025390625,4.128221035003662,2.9938111305236816,12.666788101196289
0,1407,1286.8311767578125,11515.2421875,4.510228157043457,2.444166660308838,8.817883491516113
0,1408,1475.169677734375,13378.962890625,4.575775623321533,2.2397940158843994,10.514325141906738
0,1409,1447.6715087890625,13142.966796875,4.445825099945068,3.2662224769592285,9.9968900680542
0,1410,2315.005859375,21905.19140625,4.149555206298828,1.5799691677093506,13.796197891235352
0,1411,1236.5997314453125,11151.830078125,4.047224521636963,2.3358051776885986,7.084515571594238
0,1412,1621.2216796875,15009.369140625,4.009494304656982,2.0007636547088623,13.048016548156738
0,1413,1713.652099609375,15796.76171875,4.4658637046813965,2.8177762031555176,9.9421968460083
0,1414,1600.0498046875,14897.31640625,3.677272081375122,1.9888031482696533,11.588751792907715
0,1415,1618.9879150390625,14890.302734375,4.331921577453613,2.095371723175049,11.555984497070312
0,1416,1704.8651123046875,15804.73828125,4.146373748779297,3.103402853012085,10.502893447875977
0,1417,1221.635986328125,10931.802734375,4.281856060028076,2.7914621829986572,8.347357749938965
0,1418,1285.410400390625,11529.572265625,4.41510534286499,2.1932339668273926,6.696875095367432
0,1419,1863.4603271484375,17673.23046875,3.2045738697052,1.2951024770736694,15.86492919921875
0,1420,1447.406005859375,13211.4658203125,4.208648204803467,1.5189565420150757,10.72289752960205
0,1421,1273.7845458984375,11484.78125,4.176878452301025,1.7819111347198486,8.089202880859375
0,1422,1067.793701171875,9442.7255859375,4.117372035980225,2.268117904663086,7.714120388031006
0,1423,1118.503173828125,9891.3544921875,4.312259674072266,1.9740432500839233,7.070926189422607
0,1424,1578.4378662109375,14475.259765625,4.363729000091553,2.9793221950531006,8.647208213806152
0,1425,2109.60302734375,19948.029296875,3.826671600341797,1.5046278238296509,13.987582206726074
0,1426,1785.9833984375,16541.6328125,4.39400053024292,1.8901729583740234,11.347079277038574
0,1427,1640.8623046875,15166.6943359375,4.139763832092285,2.4350202083587646,11.2969331741333
0,1428,1163.8466796875,10498.611328125,3.79951548576355,2.663435697555542,10.49841022491455
0,1429,1582.30322265625,14631.9111328125,3.9704036712646484,1.972842812538147,12.644515991210938
0,1430,1039.3084716796875,9094.2021484375,4.3296074867248535,3.474472761154175,7.308825969696045
0,1431,1484.2486572265625,13481.32421875,4.537208080291748,2.9378604888916016,10.607388496398926
0,1432,1596.35107421875,14720.73828125,4.142575740814209,1.8547099828720093,9.343622207641602
0,1433,1699.897705078125,15662.8291015625,4.453822612762451,2.3284051418304443,13.340967178344727
0,1434,1556.8165283203125,14350.4912109375,4.058910369873047,1.7316025495529175,9.496146202087402
0,1435,947.8289794921875,8201.5146484375,4.255916118621826,2.2853500843048096,5.323086738586426
0,1436,1713.719970703125,15931.9365234375,4.0175395011901855,1.9919346570968628,13.025863647460938
0,1437,1480.7396240234375,13496.7275390625,4.368896961212158,2.0874361991882324,8.84973430633545
0,1438,1450.3388671875,12891.3349609375,5.37351131439209,1.9352234601974487,9.572577476501465
0,1439,985.2171020507812,8876.9697265625,3.2506706714630127,2.382617235183716,8.51660442352295
0,1440,1932.5225830078125,18010.408203125,4.3827223777771,1.6251602172851562,15.166055679321289
0,1441,1786.0994873046875,16634.173828125,4.089404582977295,1.6481255292892456,14.5589599609375
0,1442,1679.017333984375,15585.025390625,4.017157077789307,2.129586696624756,11.626062393188477
0,1443,1252.604736328125,11110.9189453125,4.717095851898193,1.5774906873703003,10.119906425476074
0,1444,2360.6796875,22465.49609375,3.804340124130249,1.7426204681396484,16.51506996154785
0,1445,1288.15185546875,11764.5458984375,3.7232437133789062,1.4390987157821655,8.3126859664917
0,1446,707.1407470703125,5912.373046875,3.8634490966796875,1.3040491342544556,5.692010402679443
0,1447,2017.7381591796875,18692.47265625,4.949695110321045,1.5083333253860474,11.456344604492188
0,1448,1958.2998046875,18482.103515625,3.6696510314941406,1.3132466077804565,12.223361015319824
0,1449,1499.4417724609375,13801.0380859375,3.9779305458068848,1.466600775718689,10.425836563110352
0,1450,1373.1358642578125,12385.12890625,4.487430572509766,2.202782154083252,9.740790367126465
0,1451,1634.5111083984375,15049.470703125,4.318800449371338,1.6621001958847046,9.995269775390625
0,1452,2188.00048828125,20532.484375,4.491733551025391,2.2884750366210938,14.07254695892334
0,1453,1853.2464599609375,17174.779296875,4.5256195068359375,1.8514126539230347,11.440320014953613
0,1454,1362.7728271484375,12497.9931640625,3.765782117843628,2.7526164054870605,12.95452880859375
0,1455,1924.666259765625,18048.69921875,3.9932096004486084,1.9383106231689453,15.457964897155762
0,1456,1289.665283203125,11604.5166015625,4.307118892669678,1.9155960083007812,10.100534439086914
0,1457,1290.32958984375,11733.1083984375,3.900620698928833,1.9303449392318726,8.529767036437988
0,1458,2327.92529296875,22025.052734375,4.180662155151367,2.5279626846313477,16.941858291625977
0,1459,1976.727783203125,18495.748046875,4.238431453704834,2.4554080963134766,13.665631294250488
0,1460,1321.3446044921875,11874.53125,4.463050365447998,2.5965306758880615,8.76867961883545
0,1461,1622.3592529296875,14928.001953125,4.3186354637146,2.3541066646575928,12.839340209960938
0,1462,1719.18505859375,15897.408203125,4.314806938171387,2.430206775665283,11.016189575195312
0,1463,1751.4658203125,16206.0068359375,4.362168788909912,2.160383939743042,10.023306846618652
0,1464,1781.81396484375,16551.0,4.223801612854004,2.0339629650115967,13.454846382141113
0,1465,1850.3665771484375,17244.91796875,4.19582462310791,2.4069297313690186,9.638373374938965
0,1466,1180.62353515625,10597.1943359375,4.0301337242126465,2.0760154724121094,9.0265474319458
0,1467,1519.1190185546875,14037.5849609375,3.845350980758667,2.175420045852661,10.609048843383789
0,1468,1186.788818359375,10619.716796875,4.160571098327637,2.4489998817443848,9.055319786071777
0,1469,1524.718017578125,14088.4150390625,3.862548828125,2.324580430984497,11.7503023147583
0,1470,1476.298095703125,13636.6298828125,3.754502534866333,1.700048804283142,10.720199584960938
0,1471,1492.3338623046875,13230.8818359375,5.641519069671631,2.138808012008667,11.766128540039062
0,1472,2151.4033203125,20199.984375,4.380164623260498,1.0611469745635986,12.80350399017334
0,1473,1984.5133056640625,18521.025390625,4.413691520690918,1.9271968603134155,11.55301570892334
0,1474,1604.5577392578125,14874.623046875,3.9031829833984375,1.4627569913864136,11.867316246032715
0,1475,1364.2430419921875,12427.3984375,4.050107002258301,1.395662784576416,10.206631660461426
0,1476,1458.9193115234375,13079.7275390625,5.03154993057251,2.2480785846710205,10.060638427734375
0,1477,817.8012084960938,6907.455078125,4.2351884841918945,1.3062156438827515,7.249124050140381
0,1478,1800.994140625,16618.3125,4.638762950897217,1.8721513748168945,11.529864311218262
0,1479,1031.4952392578125,9003.5908203125,4.371204376220703,1.7473621368408203,6.7129058837890625
0,1480,784.759765625,6517.40283203125,4.4339823722839355,1.921268105506897,5.646780490875244
0,1481,1493.457275390625,13377.15234375,5.191404342651367,1.3060944080352783,8.96555233001709
0,1482,1353.0738525390625,12272.1865234375,4.195172309875488,2.2825610637664795,11.602005004882812
0,1483,1356.3153076171875,12173.451171875,4.632339000701904,2.0198142528533936,6.39992094039917
0,1484,1556.6556396484375,14246.072265625,4.401612281799316,2.091053009033203,11.636941909790039
0,1485,1932.562255859375,18008.27734375,4.391147613525391,2.6695969104766846,11.87951374053955
0,1486,1517.145751953125,13876.30078125,4.317185878753662,1.8107773065567017,12.268112182617188
0,1487,1643.3037109375,15042.4921875,4.635149955749512,2.0384151935577393,9.377615928649902
0,1488,2109.2646484375,19963.515625,3.7637672424316406,2.5105793476104736,15.367850303649902
0,1489,1489.05126953125,12028.279296875,9.540776252746582,2.6901090145111084,9.574530601501465
0,1490,956.9326171875,8503.8828125,3.5514771938323975,2.4713222980499268,7.3130950927734375
0,1491,1704.5662841796875,15783.47265625,4.207300662994385,2.849186658859253,10.592093467712402
0,1492,1810.127685546875,16707.6171875,4.645533084869385,2.354149341583252,10.132000923156738
0,1493,1114.5157470703125,9707.33203125,4.792751312255859,1.3899668455123901,9.131827354431152
0,1494,1749.591796875,16151.5703125,4.481158256530762,2.036885976791382,11.90439510345459
0,1495,1155.5950927734375,10336.46875,4.064942836761475,1.985178828239441,8.765780448913574
0,1496,1341.0533447265625,12131.0107421875,4.265075206756592,3.207024097442627,6.282641887664795
0,1497,1386.400146484375,12495.1904296875,4.5627055168151855,3.522874593734741,9.1966552734375
0,1498,1296.386962890625,11746.392578125,4.058255672454834,3.5082173347473145,6.801553249359131
0,1499,1461.5299072265625,13267.197265625,4.4936723709106445,5.063576698303223,10.655099868774414
0,1500,995.99365234375,8686.189453125,4.245822906494141,4.5340189933776855,7.3963165283203125
0,1501,1702.6114501953125,15813.1748046875,4.043132305145264,2.399390935897827,11.496902465820312
0,1502,1234.487060546875,10812.0205078125,5.109499454498291,2.6887118816375732,9.952890396118164
0,1503,2167.6025390625,20439.41015625,4.122046947479248,1.1137319803237915,15.44650936126709
0,1504,1260.6136474609375,11472.1962890625,3.779799699783325,1.2657679319381714,7.571710109710693
0,1505,1781.20947265625,16475.10546875,4.4566264152526855,2.1571450233459473,9.62829303741455
0,1506,2095.9931640625,17792.78125,10.557169914245605,2.1281511783599854,11.238080024719238
0,1507,1019.9014282226562,8941.435546875,4.191928863525391,2.429504156112671,6.431338787078857
0,1508,1794.2374267578125,16746.521484375,3.9861717224121094,2.5241050720214844,12.227569580078125
0,1509,1017.39599609375,8970.673828125,4.010953426361084,2.3272104263305664,5.438223361968994
0,1510,1449.1492919921875,13218.9765625,4.24171781539917,1.7555011510849,8.704602241516113
0,1511,962.3211059570312,8378.412109375,4.149328708648682,2.1825809478759766,7.113516330718994
0,1512,2106.2421875,19705.59765625,4.522748947143555,2.7166411876678467,12.476287841796875
0,1513,2346.4765625,22144.30859375,4.401520729064941,1.9735565185546875,15.941296577453613
0,1514,1134.509765625,10009.9716796875,4.450417995452881,2.7969720363616943,7.791714668273926
0,1515,1153.82861328125,10383.6376953125,3.8488292694091797,2.3348388671875,8.596203804016113
0,1516,1235.556640625,11025.0791015625,4.43495512008667,2.5882725715637207,9.039053916931152
0,1517,1006.61328125,8760.7578125,4.3512492179870605,1.5487310886383057,5.515588283538818
0,1518,2009.775390625,18692.50390625,4.684169292449951,2.128558397293091,10.033413887023926
0,1519,1910.2862548828125,17703.408203125,4.664846420288086,2.477309465408325,12.002481460571289
0,1520,1243.483154296875,11230.375,4.0148539543151855,1.9851763248443604,10.41955852508545
0,1521,1105.234130859375,9907.677734375,3.8155457973480225,1.9960650205612183,9.753558158874512
0,1522,1072.968994140625,9311.9931640625,4.725655555725098,2.249894857406616,6.534185886383057
0,1523,1212.5933837890625,10911.875,4.046863079071045,2.1405880451202393,9.960260391235352
0,1524,1892.12255859375,17690.001953125,4.104075908660889,1.9751957654953003,11.12976360321045
0,1525,1904.2791748046875,17668.62109375,4.58056640625,2.191052198410034,12.42370319366455
0,1526,2045.3291015625,19183.138671875,4.233843803405762,1.1787923574447632,12.533709526062012
0,1527,1940.5992431640625,18079.91015625,4.4202704429626465,1.8057307004928589,14.221542358398438
0,1528,1307.3668212890625,11857.748046875,4.053067684173584,2.238355875015259,9.419726371765137
0,1529,1347.512451171875,12130.55859375,4.481882572174072,2.7133777141571045,9.080548286437988
0,1530,1288.5302734375,11645.826171875,4.131589412689209,1.2802886962890625,8.731497764587402
0,1531,1231.3367919921875,10897.53515625,4.719441890716553,1.574027180671692,6.859488010406494
0,1532,1161.972412109375,10505.013671875,3.7157039642333984,1.9264990091323853,7.844388008117676
0,1533,1909.095947265625,17727.001953125,4.5465264320373535,2.0442497730255127,12.227798461914062
0,1534,934.833740234375,8124.76171875,4.078583717346191,3.035128355026245,5.209332466125488
0,1535,2061.76416015625,19303.4609375,4.380603313446045,1.8451368808746338,11.896173477172852
0,1536,1631.8846435546875,15026.1640625,4.308938980102539,2.0277678966522217,11.962158203125
0,1537,1180.4921875,10417.0234375,4.626326084136963,1.7916107177734375,7.810184001922607
0,1538,1073.6915283203125,9518.4716796875,4.061477184295654,1.282414436340332,9.405926704406738
0,1539,1777.406982421875,16460.685546875,4.377944469451904,1.848021388053894,9.107559204101562
0,1540,1326.7816162109375,11964.2509765625,4.345213890075684,2.0658977031707764,9.788619995117188
0,1541,1872.0849609375,17439.46875,4.271267890930176,1.1139278411865234,13.779385566711426
0,1542,1510.3365478515625,13816.248046875,4.2903876304626465,1.901365876197815,10.694091796875
0,1543,913.6373901367188,7664.1669921875,4.907356262207031,0.9346898198127747,7.8795623779296875
0,1544,1284.2408447265625,11466.681640625,4.58575439453125,1.1829453706741333,5.413870334625244
0,1545,1124.0345458984375,10014.3203125,4.08674955368042,1.4716465473175049,8.987072944641113
0,1546,1756.618896484375,16308.5751953125,4.192046165466309,1.4748839139938354,12.6346435546875
0,1547,1780.13330078125,16520.25390625,4.270263671875,1.5242427587509155,12.42767333984375
0,1548,1196.867431640625,10640.322265625,4.427842140197754,1.339259147644043,8.505999565124512
0,1549,1404.2713623046875,12795.4775390625,4.1574554443359375,1.4089583158493042,8.984591484069824
0,1550,1930.9857177734375,18025.36328125,4.281644344329834,1.87868332862854,13.687796592712402
0,1551,1589.4609375,14699.912109375,3.982325315475464,1.6767641305923462,10.9576997756958
0,1552,1578.3836669921875,14477.166015625,4.355566501617432,1.3083715438842773,11.340433120727539
0,1553,839.6423950195312,7100.28369140625,4.320467472076416,1.469357967376709,6.255209445953369
0,1554,1631.4893798828125,15010.978515625,4.346383571624756,1.8787864446640015,12.221117973327637
0,1555,1901.002685546875,17606.3515625,4.6789164543151855,1.297960638999939,13.218340873718262
0,1556,1202.4755859375,10809.2802734375,4.051583766937256,1.191825270652771,10.555575370788574
0,1557,592.1504516601562,4666.86376953125,4.182136535644531,1.196590781211853,5.217267036437988
0,1558,1496.8818359375,13817.65625,3.837207794189453,1.4661060571670532,10.658121109008789
0,1559,1811.83935546875,16817.17578125,4.337392330169678,1.8906128406524658,8.926901817321777
0,1560,1116.6661376953125,9821.4443359375,4.484055519104004,2.222792387008667,7.804101467132568
0,1561,1509.6597900390625,13968.619140625,3.7599284648895264,1.79680597782135,12.408438682556152
0,1562,1069.5633544921875,9370.6123046875,4.416736125946045,1.8900402784347534,7.54884672164917
0,1563,2640.34912109375,25125.564453125,4.25976037979126,2.005910634994507,17.352399826049805
0,1564,1904.631591796875,17689.798828125,4.521722793579102,1.3025524616241455,13.358942031860352
0,1565,1321.424072265625,12054.830078125,3.8647027015686035,1.46084725856781,11.531778335571289
0,1566,1375.7498779296875,12684.833984375,3.5755488872528076,1.474919319152832,8.862942695617676
0,1567,1989.49365234375,18598.47265625,4.321544170379639,2.39648699760437,14.047616958618164
0,1568,1139.472412109375,10099.0234375,4.3190016746521,2.2105181217193604,8.902331352233887
0,1569,1224.888427734375,10923.966796875,4.416391372680664,0.8725913166999817,9.427545547485352
0,1570,1799.672607421875,16741.17578125,4.185169219970703,1.7722591161727905,10.2872314453125
0,1571,2498.902587890625,17689.29296875,24.332443237304688,1.7705885171890259,11.997537612915039
0,1572,1396.24658203125,12835.189453125,3.757589340209961,1.7626155614852905,10.929877281188965
0,1573,1803.830810546875,16818.0078125,4.067668914794922,1.771780252456665,13.468673706054688
0,1574,1028.2352294921875,9110.421875,3.9064369201660156,2.3689708709716797,8.939230918884277
0,1575,1132.7119140625,10068.302734375,4.196055889129639,1.293083667755127,9.9678373336792
0,1576,1979.5489501953125,18535.6875,4.199341297149658,2.0264251232147217,14.167596817016602
0,1577,1447.352294921875,13227.662109375,4.15286922454834,2.41328501701355,9.823282241821289
0,1578,841.1420288085938,7096.2509765625,4.383897304534912,2.8032984733581543,6.257043361663818
0,1579,1256.61865234375,11480.4228515625,3.619209051132202,2.3661744594573975,8.332491874694824
0,1580,828.21240234375,7054.533203125,4.091969013214111,2.5378055572509766,2.663861036300659
0,1581,1201.7391357421875,10676.2705078125,4.470401287078857,2.6297709941864014,6.854897975921631
0,1582,2057.49609375,19217.271484375,4.525628566741943,3.2442517280578613,13.546826362609863
0,1583,1462.40576171875,13404.94921875,4.063693046569824,2.835690975189209,11.930499076843262
0,1584,954.5863037109375,8121.41845703125,4.748149871826172,1.933313250541687,7.223242282867432
0,1585,1422.089111328125,13052.3046875,3.8952865600585938,2.4884438514709473,10.067514419555664
0,1586,891.7085571289062,7781.01220703125,3.786909580230713,1.6938889026641846,8.7941312789917
0,1587,1550.8607177734375,14097.462890625,4.7038116455078125,1.7164396047592163,10.68249797821045
0,1588,1062.63232421875,9225.9462890625,4.6679205894470215,2.2307746410369873,7.568860054016113
0,1589,1475.9517822265625,13561.8740234375,3.9921460151672363,1.4047294855117798,11.2464017868042
0,1590,1913.230712890625,17781.8515625,4.501519680023193,1.4284971952438354,12.69568157196045
0,1591,779.8236083984375,6819.88134765625,3.261181592941284,1.9928101301193237,6.536004543304443
0,1592,744.7162475585938,6308.54931640625,3.795377492904663,2.2892282009124756,4.576755046844482
0,1593,1506.1446533203125,13716.2177734375,4.48409366607666,2.3395497798919678,10.366620063781738
0,1594,1472.484130859375,13549.1318359375,3.9190328121185303,1.1891249418258667,12.134055137634277
0,1595,1526.1839599609375,13882.6396484375,4.597330570220947,1.8405462503433228,9.769134521484375
0,1596,1077.5020751953125,9437.115234375,4.459683895111084,1.7793430089950562,8.558221817016602
0,1597,1943.966552734375,18301.341796875,3.79441237449646,2.0811173915863037,16.244714736938477
0,1598,2050.158935546875,19093.921875,4.692221164703369,1.4829590320587158,13.111905097961426
0,1599,1912.5948486328125,17804.98828125,4.403199195861816,2.8936429023742676,14.531707763671875
0,1600,1225.2183837890625,10968.548828125,4.278785705566406,2.323988914489746,9.474505424499512
0,1601,2066.79736328125,19327.01953125,4.469846248626709,1.3030413389205933,15.28393840789795
0,1602,1390.5650634765625,12622.935546875,4.275716304779053,1.771958589553833,12.064501762390137
0,1603,1998.56005859375,18661.1171875,4.414943218231201,1.626667857170105,12.641674995422363
0,1604,842.8098754882812,7227.033203125,4.003552436828613,2.1272358894348145,7.284488201141357
0,1605,1817.877685546875,16767.998046875,4.702597141265869,1.8152382373809814,12.119888305664062
0,1606,1322.2781982421875,12022.501953125,4.0009331703186035,2.7213923931121826,9.588324546813965
0,1607,736.7314453125,6080.8046875,4.288365364074707,2.357652187347412,6.075955390930176
0,1608,1732.525390625,16127.3310546875,3.9930741786956787,1.975366234779358,12.134414672851562
0,1609,1624.9403076171875,14904.251953125,4.483837604522705,1.7483482360839844,10.263537406921387
0,1610,967.2984008789062,8352.06640625,4.4030585289001465,1.8882557153701782,6.937368869781494
0,1611,919.90966796875,7896.06640625,4.343433856964111,1.4500064849853516,6.981756687164307
0,1612,2421.300048828125,22867.341796875,4.48552942276001,1.9890154600143433,17.643905639648438
0,1613,1890.581787109375,17694.55078125,4.03755521774292,2.176086187362671,13.232553482055664
0,1614,1597.854736328125,14808.7412109375,3.8993542194366455,2.0790610313415527,9.599710464477539
0,1615,1687.12060546875,15627.80078125,4.144683837890625,1.7979300022125244,9.138162612915039
0,1616,1552.876953125,14167.7412109375,4.536760330200195,1.5273975133895874,10.559042930603027
0,1617,1197.9908447265625,10722.41796875,4.191634654998779,1.3234326839447021,9.693216323852539
0,1618,1143.9609375,10250.9287109375,3.9622695446014404,0.9026257395744324,8.98876667022705
0,1619,1422.1817626953125,13176.37109375,3.484823703765869,1.5310614109039307,11.848993301391602
0,1620,1206.900634765625,10731.001953125,4.4600138664245605,1.557094931602478,8.985015869140625
0,1621,907.908447265625,7881.6767578125,3.9913604259490967,1.4074422121047974,6.5260772705078125
0,1622,1441.8023681640625,13162.1005859375,4.1864094734191895,1.4755455255508423,10.500317573547363
0,1623,1379.852294921875,12596.626953125,4.006319046020508,1.7531940937042236,10.658398628234863
0,1624,1164.976806640625,10497.8046875,3.8398780822753906,1.687840461730957,8.867358207702637
0,1625,1167.0291748046875,10403.6865234375,4.222019195556641,1.4257843494415283,7.004425048828125
0,1626,1122.5887451171875,10144.46484375,3.6047425270080566,0.8543720245361328,10.56969928741455
0,1627,1184.590087890625,10467.50390625,4.594655990600586,0.7151749730110168,6.864987373352051
0,1628,1455.881591796875,13141.4580078125,4.724521636962891,1.1473348140716553,9.1157865524292
0,1629,676.740478515625,5606.1044921875,3.871000051498413,1.029518723487854,3.5822174549102783
0,1630,1248.531005859375,11243.244140625,4.1402201652526855,1.9421882629394531,8.883994102478027
0,1631,1098.470458984375,9623.0537109375,4.538838863372803,1.1980886459350586,8.265494346618652
0,1632,1365.03515625,12425.8125,4.081793785095215,1.0907127857208252,10.044097900390625
0,1633,1646.8197021484375,15263.525390625,4.015572547912598,1.935540795326233,12.63677978515625
0,1634,1277.1298828125,11563.1533203125,4.027153968811035,1.890962839126587,7.741479396820068
0,1635,1074.2618408203125,9437.734375,4.349613189697266,2.4002740383148193,8.176630020141602
0,1636,1152.51025390625,10350.9150390625,3.9139556884765625,1.2521393299102783,5.639532566070557
0,1637,1745.301513671875,16171.13671875,4.272929668426514,2.271517276763916,14.033551216125488
0,1638,1771.0128173828125,16281.0703125,4.763525009155273,2.4743824005126953,11.733749389648438
0,1639,1268.0245361328125,11458.6806640625,4.071882724761963,2.774301528930664,9.229697227478027
0,1640,727.09814453125,6016.130859375,4.182834625244141,1.207295536994934,5.592846870422363
0,1641,1594.8759765625,14757.263671875,3.971651554107666,1.4319396018981934,10.830535888671875
0,1642,1595.680908203125,14739.904296875,4.056346416473389,1.7998875379562378,12.082473754882812
0,1643,1495.9244384765625,13735.119140625,4.08041524887085,0.9534265398979187,7.268887519836426
0,1644,1848.018798828125,17221.55859375,4.195428371429443,1.1843206882476807,12.890426635742188
0,1645,1154.2274169921875,10347.9130859375,3.9812004566192627,1.1032772064208984,9.819869995117188
0,1646,1135.7774658203125,9929.740234375,4.7601141929626465,1.3708969354629517,8.138705253601074
0,1647,1359.680419921875,12112.193359375,4.948703765869141,1.7909252643585205,7.514212131500244
0,1648,1367.72802734375,12351.845703125,4.41811466217041,2.0685627460479736,6.617620944976807
0,1649,1261.77685546875,11263.328125,4.514798164367676,2.7130563259124756,6.920507907867432
0,1650,1241.8133544921875,11039.2890625,4.596147537231445,1.7262165546417236,9.739709854125977
0,1651,1780.55615234375,15932.7109375,6.242832183837891,1.7174720764160156,8.265612602233887
0,1652,1034.9114990234375,8962.345703125,4.622566223144531,1.8082329034805298,5.120608806610107
0,1653,1240.32958984375,11058.556640625,4.4824628829956055,1.2270491123199463,10.495755195617676
0,1654,1266.709716796875,11467.0771484375,4.000064849853516,2.2454283237457275,10.137054443359375
0,1655,1168.439208984375,10319.693359375,4.548994541168213,0.9243723750114441,11.090353965759277
0,1656,1817.3994140625,16832.361328125,4.47210693359375,2.5935590267181396,11.406814575195312
0,1657,1480.2418212890625,13381.962890625,4.734851837158203,1.8071441650390625,10.69164752960205
0,1658,1673.58251953125,15447.6494140625,4.293915748596191,1.6758559942245483,12.185412406921387
0,1659,586.616455078125,4639.76953125,4.087982177734375,1.1950645446777344,5.021307468414307
0,1660,2374.584716796875,22404.86328125,4.469942569732666,0.9310770034790039,15.2076997756958
0,1661,1222.644287109375,11063.1640625,3.8775956630706787,1.8707491159439087,11.828564643859863
0,1662,1095.735107421875,9650.8203125,4.355102062225342,2.0282249450683594,6.8465576171875
0,1663,877.0870361328125,7569.9140625,4.003188133239746,1.5337690114974976,6.839148044586182
0,1664,919.0275268554688,8041.1591796875,3.8303871154785156,1.7338355779647827,8.0927095413208
0,1665,1388.0037841796875,12573.099609375,4.356462001800537,0.7959110140800476,10.455347061157227
0,1666,1316.9788818359375,11978.3203125,3.9715614318847656,1.1819227933883667,11.897961616516113
0,1667,1434.4302978515625,12975.5185546875,4.562614440917969,1.8579692840576172,9.46203899383545
0,1668,1457.6737060546875,13318.908203125,4.19276237487793,1.94342839717865,11.282122611999512
0,1669,2060.451171875,19211.087890625,4.644751071929932,1.2142345905303955,12.841876029968262
0,1670,1386.997802734375,12597.3818359375,4.241987228393555,1.3031072616577148,10.6724214553833
0,1671,1720.0391845703125,15933.6259765625,4.222550868988037,1.9025696516036987,13.884259223937988
0,1672,1318.3211669921875,11713.6357421875,4.898583889007568,1.32443368434906,9.321423530578613
0,1673,862.338623046875,7326.412109375,4.323245525360107,1.4523171186447144,5.885369777679443
0,1674,1360.3548583984375,12374.7412109375,4.0960259437561035,1.5617034435272217,10.134750366210938
0,1675,1975.0933837890625,18487.59375,4.2111334800720215,1.7061983346939087,14.973483085632324
0,1676,1004.40966796875,8746.1181640625,4.326594829559326,1.7397717237472534,7.637951850891113
0,1677,1190.218017578125,10854.2783203125,3.4930050373077393,1.717279076576233,10.491909980773926
0,1678,634.503662109375,5134.4326171875,4.035346031188965,1.5913143157958984,4.51576566696167
0,1679,1240.1375732421875,11354.0732421875,3.4910073280334473,2.194132089614868,10.2306547164917
0,1680,2196.0888671875,20720.0390625,4.136168003082275,2.7139129638671875,13.392355918884277
0,1681,1523.859130859375,14031.095703125,4.024984836578369,2.5493884086608887,12.037249565124512
0,1682,1169.06982421875,10400.322265625,4.301253795623779,2.38400936126709,8.535333633422852
0,1683,985.1952514648438,8613.015625,4.129788398742676,2.0129830837249756,7.633886814117432
0,1684,1224.6536865234375,11432.7216796875,2.7127139568328857,1.5896761417388916,10.142489433288574
0,1685,1240.7750244140625,11224.6220703125,3.943758010864258,1.7768036127090454,7.424481391906738
0,1686,1438.6895751953125,13184.171875,4.009077072143555,2.000739812850952,12.906036376953125
0,1687,1163.262939453125,10514.294921875,3.7277772426605225,1.6954319477081299,8.730712890625
0,1688,1223.5499267578125,11046.4423828125,3.9635231494903564,1.3873227834701538,7.277942180633545
0,1689,1697.555908203125,15831.763671875,3.812652587890625,1.5888373851776123,12.376727104187012
0,1690,1899.232666015625,17861.767578125,3.7685306072235107,1.3302940130233765,13.591845512390137
0,1691,1199.7755126953125,10547.6025390625,4.833842754364014,1.6769535541534424,8.6255521774292
0,1692,1658.5216064453125,15231.4248046875,4.512637615203857,1.0114376544952393,13.150235176086426
0,1693,1618.7518310546875,14263.29296875,6.414081573486328,1.0353749990463257,13.134912490844727
0,1694,1399.8721923828125,12702.806640625,4.3197174072265625,1.8520561456680298,9.785113334655762
0,1695,1075.3021240234375,9588.265625,3.882516622543335,1.0833066701889038,9.650735855102539
0,1696,870.4623413085938,7712.1689453125,3.308180332183838,1.6584103107452393,8.840039253234863
0,1697,1109.1875,9740.0673828125,4.506025791168213,1.6599520444869995,7.555871486663818
0,1698,1059.744384765625,9391.455078125,4.01996374130249,2.087538480758667,6.546478271484375
0,1699,1832.35302734375,17102.404296875,4.070417881011963,1.9600342512130737,13.875345230102539
0,1700,1337.2835693359375,12065.6015625,4.357447147369385,1.9345134496688843,10.923929214477539
0,1701,507.5753479003906,3865.600830078125,4.033841609954834,1.31777822971344,4.221768379211426
0,1702,850.938232421875,7266.4052734375,4.143255233764648,1.3028877973556519,9.416406631469727
0,1703,1636.9412841796875,14710.0966796875,5.5310540199279785,1.2980871200561523,11.331329345703125
0,1704,1550.1221923828125,14232.8623046875,4.227865695953369,1.2394258975982666,13.729705810546875
0,1705,1241.615966796875,11153.3349609375,4.20941686630249,1.4465208053588867,9.503527641296387
0,1706,1920.466064453125,17722.548828125,4.940371036529541,1.5644118785858154,14.133551597595215
0,1707,732.3506469726562,5887.16943359375,4.787788391113281,0.8037624359130859,5.648044109344482
0,1708,830.208984375,6920.5458984375,4.605144023895264,1.697508454322815,6.408575534820557
0,1709,1959.0198974609375,18437.798828125,3.841332197189331,2.892291307449341,13.911486625671387
0,1710,1041.3736572265625,9287.0107421875,3.755751848220825,1.1100300550460815,10.210898399353027
0,1711,1690.632080078125,15629.3662109375,4.256515026092529,1.6913635730743408,10.872873306274414
0,1712,1754.795654296875,16225.1474609375,4.409362316131592,1.4905272722244263,10.880642890930176
0,1713,1157.1563720703125,10405.728515625,3.8861165046691895,1.458612322807312,9.602935791015625
0,1714,1214.7144775390625,10870.5302734375,4.2553791999816895,1.4277868270874023,8.28311824798584
0,1715,909.5439453125,7783.58740234375,4.37283992767334,1.1693294048309326,6.301526069641113
0,1716,1547.10205078125,14114.537109375,4.521612644195557,1.5457128286361694,11.62625789642334
0,1717,1376.1676025390625,12680.7490234375,3.60308837890625,1.7279465198516846,13.19101619720459
0,1718,1558.64208984375,14480.8232421875,3.685323715209961,1.3924199342727661,11.916345596313477
0,1719,1355.635498046875,12361.767578125,3.9819581508636475,2.9433774948120117,9.679461479187012
0,1720,881.9786376953125,7522.171875,4.325379848480225,1.9130859375,5.4395904541015625
0,1721,1555.939208984375,14139.396484375,4.733319282531738,1.457044243812561,11.873504638671875
0,1722,862.9044189453125,7373.1142578125,4.186432838439941,2.0156636238098145,8.837201118469238
0,1723,1398.958984375,12664.64453125,4.416483402252197,1.2692193984985352,11.038553237915039
0,1724,836.0438232421875,7031.28564453125,4.430508136749268,1.2917051315307617,7.52595853805542
0,1725,1969.29052734375,18352.984375,4.466400623321533,1.3029810190200806,13.87548542022705
0,1726,1341.739501953125,12222.30859375,3.9836204051971436,1.13033127784729,9.297284126281738
0,1727,756.8809814453125,6286.5732421875,4.2741217613220215,1.0385891199111938,5.756350994110107
0,1728,1624.508056640625,15027.7490234375,4.057772159576416,0.9510810971260071,11.430712699890137
0,1729,1200.457275390625,10847.35546875,3.8573906421661377,1.7534706592559814,11.68481159210205
0,1730,1241.6539306640625,11147.138671875,4.231335639953613,0.8546327948570251,9.79162311553955
0,1731,810.5645141601562,6902.96923828125,4.008919715881348,1.4991676807403564,7.058163642883301
0,1732,982.2893676757812,8523.12109375,4.332574367523193,1.9921619892120361,8.023642539978027
0,1733,1450.9527587890625,13276.14453125,4.111275672912598,1.125966191291809,11.671731948852539
0,1734,852.4017333984375,7209.4609375,4.3818535804748535,1.659342646598816,5.581433296203613
0,1735,1359.3939208984375,12408.349609375,3.95196533203125,0.9360027313232422,10.698562622070312
0,1736,1174.116455078125,10526.46875,4.048985481262207,1.362679362297058,9.316189765930176
0,1737,1319.6990966796875,11892.794921875,4.347320079803467,1.217174768447876,8.916028022766113
0,1738,2068.19775390625,19365.33984375,4.388787746429443,1.6601847410202026,15.4877290725708
0,1739,1296.2476806640625,11641.3056640625,4.40390157699585,1.8270615339279175,6.64324951171875
0,1740,1427.1781005859375,13192.0078125,3.5992431640625,1.5411301851272583,10.639960289001465
0,1741,1498.0380859375,13676.470703125,4.346367835998535,2.10650634765625,12.370431900024414
0,1742,1132.231689453125,10106.154296875,4.053875923156738,2.3132431507110596,8.935553550720215
0,1743,928.4859008789062,8118.1533203125,3.889017105102539,1.7692044973373413,7.272421360015869
0,1744,1273.8731689453125,11451.546875,4.290618419647217,2.503765821456909,9.729880332946777
0,1745,2367.84130859375,22340.556640625,4.459521770477295,1.957418441772461,16.654653549194336
0,1746,1896.87890625,17712.435546875,4.187847137451172,0.9249497652053833,11.984646797180176
0,1747,934.4880981445312,8044.390625,4.334967613220215,0.9935967326164246,7.546365261077881
0,1748,1163.561767578125,10353.7548828125,4.272878170013428,1.5561928749084473,9.962381362915039
0,1749,965.3416137695312,8331.642578125,4.40591287612915,2.4637162685394287,4.674749851226807
0,1750,1424.31640625,12974.4140625,4.229167461395264,1.2306950092315674,11.530840873718262
0,1751,1843.31201171875,17253.072265625,3.9334912300109863,1.7721748352050781,12.992358207702637
0,1752,1275.9471435546875,11625.7607421875,3.779036283493042,1.1178535223007202,10.633185386657715
0,1753,1036.835693359375,9117.248046875,4.170364856719971,1.2041479349136353,9.093551635742188
0,1754,1604.73583984375,14700.9736328125,4.487948894500732,1.3345398902893066,13.194534301757812
0,1755,728.1246948242188,5944.85498046875,4.4546380043029785,2.516056776046753,5.462491035461426
0,1756,642.8670043945312,5313.337890625,3.717773914337158,1.1890419721603394,5.636166572570801
0,1757,2119.03955078125,20022.20703125,3.893965482711792,1.6522972583770752,15.140576362609863
0,1758,1474.29736328125,13589.3203125,3.8455097675323486,2.4465301036834717,10.901965141296387
0,1759,1253.28662109375,11446.267578125,3.621992826461792,0.8667894601821899,11.30993366241455
0,1760,1563.2371826171875,14323.681640625,4.362300872802734,1.729559302330017,12.504752159118652
0,1761,1829.207763671875,16489.453125,6.0087480545043945,1.2570499181747437,10.672897338867188
0,1762,2034.824951171875,19122.609375,4.085466384887695,1.9838870763778687,16.121601104736328
0,1763,966.6268310546875,8445.7607421875,4.068356990814209,1.6472762823104858,7.512509346008301
0,1764,849.1416625976562,7329.384765625,3.8734402656555176,1.7157272100448608,7.722357273101807
0,1765,668.6318969726562,5495.501953125,3.9693894386291504,1.166847825050354,4.463647365570068
0,1766,789.2003173828125,6732.21728515625,3.865953207015991,1.7191871404647827,7.874334812164307
0,1767,1090.693603515625,9598.771484375,4.360550403594971,1.1451557874679565,9.10619831085205
0,1768,762.994873046875,6349.6025390625,4.267819404602051,1.738775610923767,5.854526042938232
0,1769,1567.5008544921875,14462.244140625,4.042547225952148,2.0007500648498535,12.109137535095215
0,1770,1454.7911376953125,13307.4921875,4.134727478027344,1.7507950067520142,11.446456909179688
0,1771,1555.38818359375,14270.3125,4.278563022613525,2.010774850845337,12.114718437194824
0,1772,2446.138671875,23165.263671875,4.320414066314697,2.277662754058838,15.201205253601074
0,1773,1183.8759765625,10706.876953125,3.772939682006836,1.4580062627792358,10.1159029006958
0,1774,1129.817626953125,10229.5517578125,3.562079668045044,2.7355058193206787,9.714983940124512
0,1775,1862.58056640625,17528.5,3.6576881408691406,1.3284685611724854,14.844382286071777
0,1776,1152.379638671875,10436.53515625,3.624204397201538,1.9517936706542969,8.817850112915039
0,1777,1395.05419921875,12811.953125,3.795297622680664,1.6037342548370361,9.152542114257812
0,1778,1068.5196533203125,9504.7900390625,3.934687852859497,1.6613216400146484,8.775430679321289
0,1779,1113.7347412109375,9734.89453125,4.674842357635498,1.9203869104385376,8.483624458312988
0,1780,985.49755859375,8546.2041015625,4.3625712394714355,2.0294222831726074,8.124133110046387
0,1781,1016.4203491210938,8768.791015625,4.6513752937316895,2.6603684425354004,4.443747043609619
0,1782,2332.007080078125,22216.015625,3.680185317993164,0.9505056738853455,14.705972671508789
0,1783,1109.6019287109375,9807.6708984375,4.294496059417725,1.8117725849151611,9.101019859313965
0,1784,760.622802734375,6437.0771484375,3.897170305252075,1.6916459798812866,5.584500312805176
0,1785,1121.0045166015625,9946.0478515625,4.213325023651123,1.6462395191192627,8.887722969055176
0,1786,924.8204345703125,8097.33642578125,3.836226224899292,1.1741586923599243,7.5594329833984375
0,1787,1563.8253173828125,14259.583984375,4.595566272735596,0.8141833543777466,12.971789360046387
0,1788,1167.920166015625,10390.19921875,4.296675205230713,1.2860300540924072,10.587176322937012
0,1789,1701.0989990234375,16084.904296875,3.0869500637054443,1.7805496454238892,14.546927452087402
0,1790,1528.6080322265625,14047.1455078125,4.129779815673828,1.813841700553894,11.834683418273926
0,1791,1308.899658203125,11863.5546875,4.084804534912109,1.2926979064941406,9.215750694274902
0,1792,1557.3472900390625,14146.302734375,4.757233619689941,1.4188110828399658,8.937036514282227
0,1793,1506.023681640625,13805.33203125,4.183017730712891,1.0863960981369019,11.73260498046875
0,1794,977.8636474609375,8362.5654296875,4.720236301422119,1.8912557363510132,7.677160739898682
0,1795,933.591796875,8177.66650390625,3.86083722114563,1.7404054403305054,7.128976345062256
0,1796,1687.1866455078125,15497.97265625,4.57964563369751,1.7084630727767944,11.58910846710205
0,1797,1806.3387451171875,16971.86328125,3.638411045074463,0.9611476063728333,13.79357624053955
0,1798,842.64453125,7183.8876953125,4.14185905456543,2.3431079387664795,6.148694038391113
0,1799,1200.5123291015625,10130.974609375,6.2471604347229,1.9718414545059204,5.734564304351807
0,1800,1456.274658203125,13452.6884765625,3.7001914978027344,1.6783145666122437,11.757644653320312
0,1801,1760.7640380859375,16357.0712890625,4.1685614585876465,2.4007551670074463,14.190078735351562
0,1802,1264.394775390625,11315.3994140625,4.428494930267334,2.2477283477783203,10.239031791687012
0,1803,1291.9976806640625,11807.3974609375,3.708597183227539,2.704364061355591,10.34081745147705
0,1804,1921.5030517578125,17927.4140625,4.292053699493408,1.543476939201355,14.888171195983887
0,1805,977.1491088867188,8571.5771484375,3.999713182449341,0.9653688669204712,8.594247817993164
0,1806,1214.8529052734375,10866.486328125,4.273475646972656,1.0061616897583008,10.838226318359375
0,1807,1438.753662109375,13072.7861328125,4.382500648498535,2.0462589263916016,10.424735069274902
0,1808,1393.382080078125,12720.7265625,4.043649196624756,0.9336439967155457,11.252081871032715
0,1809,2135.222900390625,20048.779296875,4.34483528137207,1.9991892576217651,14.381998062133789
0,1810,1912.915283203125,17981.380859375,3.825908660888672,2.400683879852295,14.70700740814209
0,1811,1027.96044921875,9128.37890625,3.837419271469116,1.2220485210418701,8.73935604095459
0,1812,1747.5067138671875,16152.43359375,4.408776760101318,1.4826287031173706,12.386395454406738
0,1813,1581.1478271484375,14736.875,3.5820107460021973,1.811987280845642,12.690814018249512
0,1814,1601.262451171875,14728.734375,4.279633045196533,1.2599931955337524,11.750457763671875
0,1815,1168.1163330078125,10346.486328125,4.448922157287598,2.6278493404388428,6.980755805969238
0,1816,696.1243896484375,5818.857421875,3.807955265045166,1.8600937128067017,4.877554416656494
0,1817,943.3896484375,8331.765625,3.673769474029541,1.7815109491348267,8.725018501281738
0,1818,1333.200439453125,12004.3662109375,4.425459384918213,1.2483490705490112,10.605481147766113
0,1819,1798.402587890625,16807.509765625,3.9217216968536377,1.080853819847107,14.373834609985352
0,1820,1402.3677978515625,12689.82421875,4.446177959442139,1.1264762878417969,11.52762508392334
0,1821,1160.410888671875,10380.744140625,4.077880859375,1.117337942123413,9.992166519165039
0,1822,1495.9404296875,13744.7109375,4.048980712890625,1.4973634481430054,11.296859741210938
0,1823,1530.72607421875,13912.6259765625,4.648784637451172,1.2687739133834839,8.757351875305176
0,1824,1065.8380126953125,9438.2470703125,4.067110061645508,2.07073712348938,8.429544448852539
0,1825,1014.5593872070312,8935.3955078125,4.033993721008301,2.0282959938049316,8.239709854125977
0,1826,2441.872802734375,23100.2421875,4.394955635070801,1.4732427597045898,15.854583740234375
0,1827,1428.446533203125,13047.431640625,4.1234450340271,1.7941349744796753,9.647046089172363
0,1828,1477.94580078125,13633.2978515625,3.820530652999878,2.1048343181610107,11.852411270141602
0,1829,1446.1248779296875,13134.1005859375,4.423827648162842,1.099406361579895,11.653701782226562
0,1830,917.546875,8127.52734375,3.4931366443634033,1.1347860097885132,8.538540840148926
0,1831,1425.7137451171875,12989.95703125,4.223932266235352,1.2333358526229858,11.476508140563965
0,1832,1204.991943359375,10889.294921875,3.868746280670166,1.043922781944275,10.494219779968262
0,1833,1867.121826171875,17521.9140625,3.831014394760132,1.050797939300537,14.737988471984863
0,1834,1344.699951171875,12165.36328125,4.272121429443359,2.127889633178711,11.071146011352539
0,1835,575.568115234375,4677.68505859375,3.593320608139038,1.5258188247680664,4.229522705078125
0,1836,930.0645751953125,8064.25,4.121318817138672,1.470821738243103,6.77095365524292
0,1837,2206.81103515625,20764.3671875,4.3458123207092285,1.3231985569000244,15.93914794921875
0,1838,1237.927734375,10970.4267578125,4.696166515350342,1.0324208736419678,9.711557388305664
0,1839,1703.8179931640625,15577.52734375,4.868838787078857,1.0077234506607056,10.506136894226074
0,1840,1662.1439208984375,15402.076171875,4.064541816711426,1.0675708055496216,12.260876655578613
0,1841,1777.9632568359375,16618.421875,3.8707034587860107,1.683468222618103,14.868414878845215
0,1842,1684.06982421875,15736.7939453125,3.679678440093994,0.9296374320983887,12.72556209564209
0,1843,1150.890869140625,10307.5205078125,4.004626750946045,1.358934760093689,8.267992973327637
0,1844,1465.66259765625,13473.19140625,3.9447784423828125,1.4875825643539429,12.615134239196777
0,1845,1762.67724609375,16447.787109375,3.929950714111328,2.529637098312378,11.348177909851074
0,1846,1837.5169677734375,17080.359375,4.316031455993652,1.8652781248092651,17.2042179107666
0,1847,1962.5838623046875,18071.470703125,5.181227207183838,2.294855833053589,12.840011596679688
0,1848,1845.6046142578125,17239.59765625,4.054824352264404,1.2489370107650757,12.950583457946777
0,1849,1238.3778076171875,11023.8779296875,4.532998561859131,1.6615415811538696,11.009943008422852
0,1850,2616.636962890625,24919.681640625,4.155620098114014,1.3072682619094849,17.520843505859375
0,1851,1350.1630859375,12406.6806640625,3.649831533432007,1.023059606552124,10.749191284179688
0,1852,678.6311645507812,5469.23828125,4.390244960784912,1.023276448249817,3.042746067047119
0,1853,1543.3671875,14172.0751953125,4.205323219299316,1.5223853588104248,10.586465835571289
0,1854,1238.241455078125,11165.1416015625,4.057575225830078,1.063448190689087,7.889227390289307
0,1855,778.042236328125,6471.0966796875,4.364419460296631,1.8232907056808472,4.671225070953369
0,1856,1198.7159423828125,10729.517578125,4.192138195037842,1.3916945457458496,9.550394058227539
0,1857,1148.2298583984375,10352.13671875,3.767204999923706,1.640886902809143,9.551422119140625
0,1858,1414.42431640625,12859.24609375,4.283322811126709,1.4863895177841187,11.11327838897705
0,1859,770.2164916992188,6555.791015625,3.821247100830078,0.9479789733886719,5.6595611572265625
0,1860,788.7845458984375,6621.59521484375,4.220834255218506,1.6975635290145874,5.0754852294921875
0,1861,1056.6190185546875,9465.064453125,3.6704165935516357,1.2684592008590698,9.733929634094238
0,1862,948.2321166992188,8171.44921875,4.369571208953857,1.5043938159942627,8.144904136657715
0,1863,1216.227294921875,10973.3505859375,3.9630725383758545,1.4165832996368408,10.667447090148926
0,1864,1182.482421875,10962.91796875,2.8730180263519287,0.8090445399284363,11.8838472366333
0,1865,1340.9283447265625,12340.283203125,3.563333511352539,1.1835036277770996,11.533963203430176
0,1866,1335.218505859375,12098.40625,4.179259777069092,0.9319988489151001,11.594970703125
0,1867,1243.030029296875,11099.947265625,4.434511184692383,1.052946925163269,8.697064399719238
0,1868,1176.6474609375,10660.82421875,3.685500383377075,1.6070278882980347,8.433880805969238
0,1869,1658.368408203125,14994.75,5.296447277069092,1.1856105327606201,13.593533515930176
0,1870,1264.5191650390625,11347.0576171875,4.327112674713135,1.1159379482269287,8.34131145477295
0,1871,1329.8984375,12075.4375,4.078485012054443,1.2039505243301392,10.570123672485352
0,1872,795.2031860351562,6530.3916015625,4.738799571990967,1.241316556930542,5.862191677093506
0,1873,687.27734375,5723.08447265625,3.8322956562042236,1.263547658920288,7.222741603851318
0,1874,860.3435668945312,7336.830078125,4.222018241882324,1.2301145792007446,6.105020046234131
0,1875,787.811767578125,6694.8212890625,3.9443206787109375,0.7668407559394836,6.459216594696045
0,1876,1369.242431640625,12393.0302734375,4.331310272216797,1.6513433456420898,10.090121269226074
0,1877,1222.626953125,11066.427734375,3.866137742996216,1.1807178258895874,10.851785659790039
0,1878,1120.9376220703125,9873.826171875,4.451833724975586,1.722002625465393,7.259072780609131
0,1879,1085.2728271484375,9617.357421875,4.11790132522583,1.2286853790283203,10.530035972595215
0,1880,609.2131958007812,4841.34326171875,4.169295787811279,1.0454052686691284,5.366662502288818
0,1881,1912.83837890625,17696.185546875,4.773995399475098,1.8963966369628906,11.819381713867188
0,1882,694.6669921875,5583.9736328125,4.542320728302002,0.7520599365234375,4.6121826171875
0,1883,1407.363037109375,12827.4580078125,4.153907775878906,1.0546743869781494,10.682266235351562
0,1884,988.438720703125,8649.953125,4.114781379699707,1.0323314666748047,8.099204063415527
0,1885,1141.5152587890625,10210.0791015625,4.016911029815674,2.260481595993042,8.506548881530762
0,1886,1250.6832275390625,11144.9521484375,4.539597988128662,0.7875968813896179,11.612100601196289
0,1887,1403.6986083984375,12668.955078125,4.5601043701171875,1.4829444885253906,10.848230361938477
0,1888,792.1688232421875,6762.57421875,3.8637123107910156,1.1668425798416138,6.707815647125244
0,1889,1200.6729736328125,10797.201171875,4.031763076782227,0.929703414440155,9.854486465454102
0,1890,1230.4324951171875,10923.833984375,4.6016364097595215,0.7624073624610901,10.569693565368652
0,1891,1105.1922607421875,9816.279296875,4.118810176849365,1.682120680809021,8.785428047180176
0,1892,1011.1845092773438,9001.953125,3.6996407508850098,1.5344974994659424,10.186453819274902
0,1893,1814.61328125,16889.962890625,4.1872334480285645,1.3646442890167236,14.14194393157959
0,1894,1141.74853515625,10173.2490234375,4.147455215454102,1.0298652648925781,7.665731906890869
0,1895,1008.900390625,8760.6728515625,4.427769660949707,0.9592005610466003,7.098962306976318
0,1896,1317.20703125,12112.75,3.531068801879883,0.9426688551902771,12.315299034118652
0,1897,1517.160888671875,13811.5556640625,4.533509254455566,1.0812208652496338,11.492441177368164
0,1898,1560.97021484375,14333.146484375,4.255184173583984,2.0930135250091553,10.789416313171387
0,1899,1383.0203857421875,12545.4013671875,4.282672882080078,1.7412675619125366,10.014605522155762
0,1900,1147.9681396484375,10328.1240234375,3.8385257720947266,1.8032716512680054,8.972894668579102
0,1901,1875.8631591796875,17407.7734375,4.502859592437744,0.957082211971283,13.979596138000488
0,1902,1464.032958984375,13311.923828125,4.428020000457764,2.003814458847046,11.130023002624512
0,1903,1841.2930908203125,17175.20703125,4.1257452964782715,0.9677553176879883,12.890719413757324
0,1904,1022.4298706054688,8932.791015625,4.30502462387085,1.0113170146942139,9.27203369140625
0,1905,1361.943359375,12298.39453125,4.403462886810303,1.2282946109771729,10.044595718383789
0,1906,750.9912719726562,6213.90771484375,4.320015907287598,1.6302765607833862,6.065499782562256
0,1907,1412.431884765625,13049.1728515625,3.583815813064575,1.169268012046814,12.642715454101562
0,1908,1852.2523193359375,17235.42578125,4.290322303771973,1.1388534307479858,12.446365356445312
0,1909,2202.80322265625,20793.859375,4.113906383514404,1.2929210662841797,15.291918754577637
0,1910,1652.2503662109375,15233.4833984375,4.296733379364014,0.9910003542900085,13.599337577819824
0,1911,1723.45947265625,15884.6982421875,4.49965238571167,1.5575976371765137,10.612197875976562
0,1912,1642.669189453125,15100.98828125,4.419010162353516,1.5046417713165283,12.767974853515625
0,1913,1403.66162109375,12755.501953125,4.270383358001709,1.0809065103530884,11.371081352233887
0,1914,1878.57470703125,17405.572265625,4.600579738616943,1.4692188501358032,12.688623428344727
0,1915,768.486083984375,6553.9072265625,3.7698440551757812,1.0747478008270264,6.304287910461426
0,1916,1495.96435546875,13427.09375,5.108502388000488,1.4290285110473633,9.495773315429688
0,1917,1092.0511474609375,9642.892578125,4.258730411529541,1.8322809934616089,6.858184814453125
0,1918,1366.4146728515625,12285.357421875,4.595962047576904,1.0381816625595093,9.854804039001465
0,1919,1019.16015625,8926.9765625,4.215415954589844,1.2118326425552368,7.944006443023682
0,1920,1448.752197265625,13249.8369140625,4.12561559677124,1.818939208984375,11.16800594329834
0,1921,1168.269287109375,10463.5234375,4.063894271850586,0.9709621667861938,9.676849365234375
0,1922,781.868896484375,6668.38671875,3.8343398571014404,0.9264178276062012,7.059552192687988
0,1923,710.56640625,5799.8740234375,4.352633476257324,1.3495699167251587,3.984365940093994
0,1924,1024.757568359375,8990.91015625,4.188884735107422,0.9968158602714539,7.085290431976318
0,1925,458.978759765625,3366.58544921875,4.077340602874756,1.2555909156799316,4.683157444000244
0,1926,1487.4970703125,13490.4072265625,4.615211009979248,1.8757108449935913,9.531585693359375
0,1927,1131.279296875,10192.3740234375,3.7347304821014404,0.9729495048522949,10.4181489944458
0,1928,1619.076904296875,15059.2138671875,3.771848678588867,1.807641625404358,13.469614028930664
0,1929,1074.7503662109375,9461.56640625,4.2864556312561035,1.3521353006362915,9.263689994812012
0,1930,729.12353515625,6234.9130859375,3.5210723876953125,1.4975188970565796,5.972568035125732
0,1931,1434.4952392578125,13135.78125,4.030568599700928,1.8976097106933594,12.126843452453613
0,1932,1146.364501953125,10187.2822265625,4.254543781280518,2.7827982902526855,8.719552993774414
0,1933,1138.76611328125,10133.646484375,4.180046558380127,2.972946882247925,6.030499458312988
0,1934,928.5164794921875,8161.3798828125,3.7459492683410645,1.0424721240997314,9.987652778625488
0,1935,1847.02880859375,17177.138671875,4.310495853424072,1.6073576211929321,11.55692195892334
0,1936,1338.0518798828125,12109.396484375,4.237074375152588,1.0383405685424805,11.777231216430664
0,1937,855.8344116210938,7292.8232421875,4.218402862548828,1.4103788137435913,5.506848335266113
0,1938,1113.4249267578125,9861.859375,4.241297721862793,1.6061677932739258,7.69734525680542
0,1939,765.0311279296875,6311.2724609375,4.463461399078369,1.1176832914352417,6.135488986968994
0,1940,821.341796875,7020.0986328125,3.9777297973632812,1.3835293054580688,7.920016765594482
0,1941,1768.7801513671875,16388.671875,4.330432415008545,1.5002071857452393,13.533493041992188
0,1942,1275.8604736328125,11534.7529296875,4.079504013061523,1.023201823234558,9.369168281555176
0,1943,1094.755126953125,9603.3564453125,4.480649471282959,1.4522465467453003,7.269961833953857
0,1944,1493.8941650390625,13390.6171875,5.161078929901123,1.683143973350525,9.482742309570312
0,1945,1519.41162109375,13918.8681640625,4.250823974609375,1.4261813163757324,9.972790718078613
0,1946,1381.6107177734375,12671.7001953125,3.8146884441375732,1.4525710344314575,11.405670166015625
0,1947,1407.698974609375,12760.4296875,4.388531684875488,1.9847887754440308,7.964926242828369
0,1948,1769.17529296875,14643.86328125,10.159628868103027,2.587867498397827,12.4825439453125
0,1949,1413.44580078125,12908.345703125,4.087039470672607,1.9213393926620483,12.000231742858887
0,1950,1517.46484375,13895.7509765625,4.262992858886719,1.4746993780136108,10.100448608398438
0,1951,822.5701904296875,6917.015625,4.362285137176514,1.5604668855667114,6.309964179992676
0,1952,1314.69580078125,11654.564453125,4.974643707275391,1.3384722471237183,10.505627632141113
0,1953,691.4668579101562,5587.02880859375,4.425466537475586,1.1550036668777466,8.419601440429688
