epoch,batch,loss,loss_h,loss_c,trans_l2_m,yaw_err_deg
13,0,185.99612426757812,1204.4327392578125,2.1850953102111816,2.47269344329834,1.561798095703125
13,1,127.28508758544922,588.868408203125,2.2799415588378906,1.8596128225326538,0.989039421081543
13,2,101.79444885253906,408.94830322265625,2.029987335205078,1.1976683139801025,1.5056142807006836
13,3,311.7760009765625,2460.183349609375,2.1919214725494385,3.238180160522461,1.2233524322509766
13,4,118.63481140136719,573.1513671875,2.0439891815185547,1.8225905895233154,1.6191587448120117
13,5,84.97233581542969,298.1846923828125,1.8384621143341064,1.3438420295715332,0.9207878112792969
13,6,132.7650909423828,666.7867431640625,2.202880620956421,2.053121328353882,1.060744285583496
13,7,106.29281616210938,462.09210205078125,2.002786874771118,1.7143027782440186,1.1327381134033203
13,8,94.23371887207031,329.49530029296875,2.0428061485290527,1.2281720638275146,1.5691280364990234
13,9,132.09129333496094,606.339111328125,2.3819127082824707,1.9412140846252441,1.2468500137329102
13,10,123.76402282714844,502.319091796875,2.4510703086853027,1.6221766471862793,1.1609535217285156
13,11,211.7896728515625,1640.790283203125,1.5903546810150146,2.242227077484131,1.7702503204345703
13,12,120.97248840332031,568.065673828125,2.138864040374756,1.9556593894958496,1.3719100952148438
13,13,97.00619506835938,428.1261291503906,1.8064525127410889,1.599414587020874,1.1771507263183594
13,14,149.89666748046875,779.4337158203125,2.3984427452087402,1.8222274780273438,1.499812126159668
13,15,120.25540924072266,565.9623413085938,2.1219725608825684,1.4589707851409912,1.783792495727539
13,16,89.12174224853516,291.155029296875,2.0002079010009766,1.5225248336791992,0.9171438217163086
13,17,99.87690734863281,408.7435302734375,1.9667515754699707,1.5856047868728638,1.3769187927246094
13,18,97.1234130859375,475.6845397949219,1.6518319845199585,1.6151878833770752,1.2504940032958984
13,19,116.9591064453125,529.6860961914062,2.133016586303711,1.5184413194656372,1.6700620651245117
13,20,96.41089630126953,449.10076904296875,1.7166939973831177,1.6138157844543457,1.3097972869873047
13,21,110.08889770507812,488.5140686035156,2.0412497520446777,1.679075837135315,1.1462726593017578
13,22,122.40465545654297,656.86669921875,1.8905996084213257,1.815258264541626,1.4171733856201172
13,23,104.24726104736328,446.4444885253906,1.9867603778839111,1.9047467708587646,0.7956581115722656
13,24,93.18517303466797,309.312744140625,2.075129985809326,1.2749290466308594,1.2121009826660156
13,25,140.19412231445312,670.6458129882812,2.4376513957977295,2.473029136657715,1.0337209701538086
13,26,116.17684936523438,586.9898071289062,1.9159289598464966,1.4523050785064697,1.7345447540283203
13,27,101.0726089477539,424.1365661621094,1.9552984237670898,1.5409166812896729,1.0609426498413086
13,28,108.91697692871094,474.23333740234375,2.049787998199463,1.7401974201202393,1.2480688095092773
13,29,131.75875854492188,656.2035522460938,2.204613208770752,2.1459298133850098,1.6252365112304688
13,30,106.55026245117188,495.7463684082031,1.8991875648498535,1.8197060823440552,1.2502374649047852
13,31,105.57557678222656,474.511962890625,1.9374791383743286,2.052039384841919,1.0513076782226562
13,32,125.38444519042969,584.0989379882812,2.232485294342041,1.947531819343567,1.5782699584960938
13,33,86.64493560791016,288.47900390625,1.926567792892456,1.6767280101776123,0.47142887115478516
13,34,136.82867431640625,786.94775390625,1.9377965927124023,2.4387993812561035,1.4255037307739258
13,35,151.30133056640625,929.9652099609375,1.9434936046600342,2.2876529693603516,1.5385866165161133
13,36,143.9144287109375,768.0814819335938,2.2368757724761963,1.8183207511901855,1.646590232849121
13,37,114.03668212890625,523.5224609375,2.056148052215576,1.1312296390533447,1.6515769958496094
13,38,113.2230453491211,504.8003234863281,2.0914337635040283,1.4402363300323486,1.6022472381591797
13,39,125.95121002197266,634.0969848632812,2.084717035293579,2.143122911453247,1.6815357208251953
13,40,89.2899398803711,351.6959228515625,1.804011583328247,1.2835376262664795,1.3616647720336914
13,41,123.11202239990234,636.230712890625,1.9829649925231934,1.9814908504486084,1.481858253479004
13,42,86.0851058959961,234.69384765625,2.087190628051758,1.1691958904266357,1.0122051239013672
13,43,104.78959655761719,500.99713134765625,1.8229960203170776,1.7728972434997559,1.294693946838379
13,44,121.30431365966797,573.3281860351562,2.132383108139038,1.8151626586914062,1.7017297744750977
13,45,112.73138427734375,556.5558471679688,1.902526617050171,1.3606632947921753,1.4681940078735352
13,46,106.20685577392578,499.9991760253906,1.8735644817352295,1.654553771018982,1.385807991027832
13,47,107.19639587402344,475.48077392578125,1.9882773160934448,1.630557656288147,1.4544677734375
13,48,124.57011413574219,556.1787719726562,2.298407793045044,1.6385771036148071,1.2554025650024414
13,49,94.84746551513672,370.6377868652344,1.9261229038238525,1.541743278503418,1.2382326126098633
13,50,162.7008056640625,926.55126953125,2.3348560333251953,1.9183449745178223,1.1985254287719727
13,51,191.47869873046875,1308.0513916015625,2.022451877593994,1.6342387199401855,1.9615907669067383
13,52,126.01913452148438,602.002197265625,2.1939635276794434,2.086637020111084,1.5583772659301758
13,53,109.54885864257812,474.31915283203125,2.0705647468566895,1.4499377012252808,1.4354419708251953
13,54,134.89100646972656,611.1942749023438,2.459052562713623,1.6194626092910767,1.0346574783325195
13,55,132.35557556152344,616.72802734375,2.3560924530029297,2.0822227001190186,1.6587400436401367
13,56,126.56893920898438,708.049560546875,1.8587994575500488,1.8270164728164673,1.2832584381103516
13,57,112.69834899902344,528.141357421875,1.996140480041504,1.7160106897354126,1.4093751907348633
13,58,177.44442749023438,1134.3485107421875,2.1336522102355957,2.504762887954712,1.6574516296386719
13,59,138.03306579589844,798.967041015625,1.9378786087036133,2.370741367340088,1.0372123718261719
13,60,149.70709228515625,810.4862060546875,2.2886157035827637,1.7138127088546753,1.8411054611206055
13,61,125.59542083740234,628.9705810546875,2.0899453163146973,1.9654793739318848,1.6056995391845703
13,62,116.69482421875,482.8659362792969,2.2802743911743164,1.635080337524414,1.319636344909668
13,63,82.04913330078125,320.3634948730469,1.6670926809310913,1.1690423488616943,1.5173473358154297
13,64,114.1519775390625,495.8005065917969,2.152397632598877,2.3794870376586914,0.9683713912963867
13,65,141.42904663085938,846.5006713867188,1.8926326036453247,2.5177483558654785,1.3156518936157227
13,66,112.49690246582031,495.7130432128906,2.097519874572754,1.4300243854522705,1.3381729125976562
13,67,134.04931640625,764.4727172851562,1.9200680255889893,1.9085538387298584,1.7188806533813477
13,68,138.22396850585938,727.038818359375,2.1840028762817383,1.6961493492126465,1.4752826690673828
13,69,99.61723327636719,478.99127197265625,1.7239367961883545,1.546238899230957,1.6097984313964844
13,70,115.96551513671875,517.6552734375,2.1399993896484375,1.301182746887207,1.7526683807373047
13,71,101.28657531738281,459.0537414550781,1.84604012966156,1.3682692050933838,1.5124130249023438
13,72,105.75128173828125,486.9653625488281,1.901824951171875,1.7542351484298706,0.8362674713134766
13,73,156.58966064453125,928.6248168945312,2.124239444732666,2.314016342163086,1.4536676406860352
13,74,82.06047058105469,269.97955322265625,1.8354172706604004,1.227480173110962,0.8499536514282227
13,75,107.21142578125,438.40447998046875,2.112365961074829,1.8515194654464722,0.8684654235839844
13,76,107.92013549804688,468.972412109375,2.0340962409973145,1.2775002717971802,1.2252254486083984
13,77,126.22636413574219,700.2086181640625,1.87351655960083,1.5923830270767212,1.5517120361328125
13,78,97.05987548828125,307.4674987792969,2.210437536239624,1.3908251523971558,1.2008390426635742
13,79,107.48548126220703,496.9659423828125,1.9262962341308594,1.8968735933303833,1.1340179443359375
13,80,102.03243255615234,394.4593811035156,2.086216449737549,1.6484520435333252,1.2863311767578125
13,81,128.98951721191406,568.2489013671875,2.405487537384033,1.6512483358383179,1.1163959503173828
13,82,108.73776245117188,435.18963623046875,2.1739602088928223,1.6454215049743652,1.0909671783447266
13,83,143.95301818847656,791.079833984375,2.161501169204712,1.6730659008026123,1.7230405807495117
13,84,127.9345932006836,647.6116333007812,2.105781078338623,1.9534913301467896,1.2828569412231445
13,85,131.0247039794922,670.4937744140625,2.1325109004974365,1.6938207149505615,1.345759391784668
13,86,103.49549865722656,414.1069030761719,2.0694937705993652,1.5397268533706665,1.399125099182129
13,87,113.94065856933594,455.6634826660156,2.279143810272217,1.7709331512451172,0.8510551452636719
13,88,109.69041442871094,562.1751098632812,1.7824301719665527,1.7389107942581177,1.464674949645996
13,89,114.05860137939453,529.9334106445312,2.035508632659912,1.4566006660461426,1.4311561584472656
13,90,117.33380889892578,553.2578735351562,2.066934108734131,1.6035573482513428,1.1202898025512695
13,91,111.80792999267578,490.2304992675781,2.0928292274475098,1.4885938167572021,1.3835887908935547
13,92,87.97644805908203,265.539306640625,2.047417163848877,1.3745124340057373,0.8002758026123047
13,93,107.719482421875,473.53021240234375,2.0122151374816895,1.5296070575714111,1.2670917510986328
13,94,108.6719970703125,487.5054626464844,1.9973816871643066,1.6404688358306885,1.3280582427978516
13,95,111.49057006835938,468.5869140625,2.1543960571289062,1.7420580387115479,1.4436883926391602
13,96,129.0116424560547,589.0025024414062,2.3370466232299805,2.076950788497925,1.3193817138671875
13,97,448.3427734375,3807.81396484375,2.2520456314086914,3.6828994750976562,1.0939445495605469
13,98,106.88538360595703,373.2856750488281,2.3185606002807617,1.423166036605835,1.412156105041504
13,99,96.57490539550781,346.40411376953125,2.064483165740967,1.6202229261398315,1.0714340209960938
13,100,98.82946014404297,360.8503723144531,2.0914807319641113,1.5314061641693115,1.1662006378173828
13,101,127.57709503173828,683.5166625976562,1.974180817604065,1.894651174545288,1.289663314819336
13,102,129.13235473632812,616.166259765625,2.2505240440368652,2.112640380859375,1.3520832061767578
13,103,144.39608764648438,825.6492919921875,2.0610384941101074,2.0830321311950684,1.6783380508422852
13,104,125.3982925415039,680.8096923828125,1.910577416419983,1.6119444370269775,1.6632452011108398
13,105,79.24162292480469,248.12881469726562,1.81429123878479,1.1910793781280518,1.0918731689453125
13,106,227.74310302734375,1634.1304931640625,2.1443350315093994,3.5398688316345215,1.050684928894043
13,107,106.77969360351562,462.8509216308594,2.016486644744873,1.5984649658203125,1.4788532257080078
13,108,101.5851821899414,427.2931823730469,1.9618620872497559,1.15873384475708,1.7809638977050781
13,109,119.09561157226562,519.73291015625,2.2374107837677,2.0488243103027344,1.2388763427734375
13,110,90.0196304321289,417.1363830566406,1.6101996898651123,1.4678285121917725,1.300471305847168
13,111,100.09962463378906,387.9198303222656,2.043588161468506,1.5717262029647827,1.0418291091918945
13,112,144.2841796875,810.8299560546875,2.106706142425537,2.039459466934204,1.2000417709350586
13,113,95.79905700683594,343.0718078613281,2.049729108810425,1.5310676097869873,1.076812744140625
13,114,87.60352325439453,429.40460205078125,1.4887688159942627,1.1690332889556885,1.4741201400756836
13,115,119.90142059326172,578.6143188476562,2.0679996013641357,2.2286033630371094,1.0675592422485352
13,116,143.40509033203125,798.8292236328125,2.117405414581299,2.4318010807037354,0.708643913269043
13,117,118.4581298828125,606.0518798828125,1.928431510925293,1.49843430519104,1.5830144882202148
13,118,102.66312408447266,416.128662109375,2.035008668899536,1.6248447895050049,0.9125919342041016
13,119,102.22921752929688,367.3299865722656,2.1832075119018555,1.5823495388031006,1.1695222854614258
13,120,88.66365814208984,271.8331298828125,2.049344778060913,1.1845521926879883,1.159224510192871
13,121,114.87007141113281,577.7377319335938,1.9032100439071655,2.073474884033203,0.9984292984008789
13,122,175.33700561523438,1151.873046875,2.0049896240234375,2.3513126373291016,1.3151559829711914
13,123,96.99812316894531,325.52081298828125,2.1482014656066895,1.605689287185669,0.9004764556884766
13,124,81.28482055664062,264.48724365234375,1.8278697729110718,1.0333806276321411,1.3580999374389648
13,125,116.00721740722656,514.6242065429688,2.1514930725097656,1.5680911540985107,1.403167724609375
13,126,106.09917449951172,497.000732421875,1.8799700736999512,1.541921615600586,1.197845458984375
13,127,125.09378051757812,660.1567993164062,1.96927011013031,1.9025613069534302,1.7325267791748047
13,128,124.25777435302734,614.7927856445312,2.092616558074951,1.9458354711532593,1.4505739212036133
13,129,88.26799011230469,323.6160583496094,1.8635461330413818,1.2502743005752563,1.1225204467773438
13,130,220.66049194335938,1571.5286865234375,2.116920232772827,3.1372365951538086,1.920175552368164
13,131,135.60670471191406,695.8980712890625,2.2005631923675537,2.268975257873535,1.0393304824829102
13,132,94.50424194335938,374.91033935546875,1.9004402160644531,1.651789665222168,1.3970365524291992
13,133,108.14309692382812,421.64892578125,2.1992733478546143,1.5814133882522583,1.4379777908325195
13,134,144.55104064941406,795.141357421875,2.1678967475891113,1.9838430881500244,1.4878911972045898
13,135,93.87266540527344,393.33984375,1.8179560899734497,1.3105312585830688,1.1580381393432617
13,136,113.85954284667969,514.1240234375,2.081571340560913,1.4000779390335083,1.6169919967651367
13,137,110.51609802246094,626.5574951171875,1.5953447818756104,1.789838194847107,0.8953056335449219
13,138,97.34994506835938,328.7174072265625,2.14927339553833,1.4266140460968018,1.1528902053833008
13,139,99.01376342773438,314.40093994140625,2.252455711364746,1.2013883590698242,0.9685373306274414
13,140,110.18424987792969,481.37664794921875,2.0682194232940674,1.2268158197402954,1.4281768798828125
13,141,105.3509521484375,442.974365234375,2.0351173877716064,1.5249031782150269,1.2271032333374023
13,142,100.41686248779297,337.25897216796875,2.223031997680664,1.503352165222168,0.8973855972290039
13,143,126.78102111816406,630.6298217773438,2.123934745788574,1.508581280708313,1.4395952224731445
13,144,96.47642517089844,336.3609619140625,2.094677448272705,1.5044833421707153,0.9208393096923828
13,145,101.91264343261719,372.66131591796875,2.154883861541748,1.2114982604980469,1.5536432266235352
13,146,138.00648498535156,770.5162963867188,2.0318284034729004,1.7309353351593018,1.258315086364746
13,147,120.903076171875,586.2711181640625,2.0758652687072754,1.8439143896102905,1.1637239456176758
13,148,105.32340240478516,462.15301513671875,1.970270037651062,1.4329733848571777,1.5199813842773438
13,149,110.41596984863281,544.8612670898438,1.864328145980835,1.314906120300293,1.5606813430786133
13,150,98.2637939453125,388.3547668457031,1.980944037437439,1.0801312923431396,1.2581682205200195
13,151,112.86431884765625,567.7239990234375,1.8697304725646973,1.6172679662704468,1.2992134094238281
13,152,120.67826843261719,495.07318115234375,2.3723649978637695,1.6169590950012207,1.6293954849243164
13,153,137.37591552734375,777.3641357421875,1.9879835844039917,2.1694412231445312,1.6578292846679688
13,154,137.03628540039062,714.77001953125,2.1853091716766357,1.8531140089035034,1.462458610534668
13,155,150.84640502929688,865.8433837890625,2.142068386077881,1.6750924587249756,1.783991813659668
13,156,99.62702941894531,440.33099365234375,1.85313081741333,1.7025129795074463,1.1918964385986328
13,157,99.39228057861328,441.6075439453125,1.8410508632659912,1.6142845153808594,0.9992237091064453
13,158,111.73899841308594,522.498291015625,1.9829721450805664,2.047668933868408,0.8555564880371094
13,159,196.00689697265625,1326.65869140625,2.1113672256469727,2.755077600479126,1.551595687866211
13,160,122.69845581054688,673.0384521484375,1.8464868068695068,1.7469782829284668,1.3532342910766602
13,161,103.75975036621094,535.3095092773438,1.6742932796478271,1.606096863746643,1.4808921813964844
13,162,113.30677032470703,488.9281311035156,2.14713191986084,1.4416495561599731,1.2536230087280273
13,163,345.46795654296875,2809.9033203125,2.1492538452148438,3.6012682914733887,1.2722206115722656
13,164,134.83001708984375,596.4712524414062,2.506096601486206,1.988869547843933,1.4187402725219727
13,165,160.5386962890625,879.6052856445312,2.4192721843719482,2.428954839706421,1.156097412109375
13,166,100.45641326904297,374.0396423339844,2.10174822807312,1.4386850595474243,1.3275012969970703
13,167,107.65790557861328,509.153564453125,1.8914183378219604,1.7315863370895386,1.2507429122924805
13,168,82.7825698852539,261.648193359375,1.8872582912445068,1.25327730178833,0.9527797698974609
13,169,100.20394134521484,337.15789794921875,2.2162716388702393,1.6432180404663086,1.2582015991210938
13,170,111.51448059082031,476.31268310546875,2.1294405460357666,1.7008187770843506,0.8965892791748047
13,171,123.89649963378906,480.4053649902344,2.528532028198242,1.6438130140304565,1.1259956359863281
13,172,92.90290832519531,265.598876953125,2.2114338874816895,1.3582717180252075,0.9988603591918945
13,173,125.99524688720703,583.8577880859375,2.2536489963531494,1.8569467067718506,1.3399829864501953
13,174,110.15309143066406,469.7555847167969,2.1059179306030273,1.9086965322494507,0.8835515975952148
13,175,105.81715393066406,473.84722900390625,1.9477477073669434,1.427731990814209,1.713362693786621
13,176,108.84795379638672,494.3518981933594,1.9804253578186035,1.8036487102508545,1.3848810195922852
13,177,110.75463104248047,493.4453125,2.0470032691955566,1.1219005584716797,1.092782974243164
13,178,107.17068481445312,394.77801513671875,2.2564291954040527,1.5240325927734375,0.9765815734863281
13,179,120.47895812988281,622.3955078125,1.94131338596344,1.6522014141082764,1.6561403274536133
13,180,81.57064819335938,268.7092590332031,1.823324203491211,1.3365591764450073,1.0054454803466797
13,181,79.97428894042969,177.22532653808594,2.0750584602355957,0.9185054302215576,0.7074193954467773
13,182,118.38765716552734,537.4347534179688,2.154806137084961,1.5897979736328125,1.1116886138916016
13,183,99.5403060913086,420.0531311035156,1.9178330898284912,1.253920316696167,1.5240898132324219
13,184,109.34767150878906,491.9169616699219,2.0051991939544678,1.666903018951416,1.2612009048461914
13,185,102.64276123046875,383.1519470214844,2.144252300262451,1.4944329261779785,1.3107471466064453
13,186,116.02432250976562,420.8443603515625,2.464662551879883,1.6103625297546387,0.8454971313476562
13,187,114.02796936035156,502.54766845703125,2.1257731914520264,1.7414190769195557,0.9875087738037109
13,188,123.03666687011719,613.679443359375,2.055624008178711,1.9309314489364624,1.6066694259643555
13,189,92.5131607055664,322.64544677734375,2.008287191390991,1.4323548078536987,0.7102746963500977
13,190,112.69252014160156,524.109375,2.0093860626220703,1.6721959114074707,1.244257926940918
13,191,99.55716705322266,365.2504577636719,2.1010706424713135,1.557181715965271,1.1598930358886719
13,192,110.54164123535156,510.21728515625,1.9839972257614136,1.4536612033843994,1.4973974227905273
13,193,118.6480484008789,567.5328979492188,2.0631585121154785,2.281754970550537,1.275848388671875
13,194,122.66354370117188,591.3858642578125,2.1174983978271484,2.369607448577881,1.0292882919311523
13,195,146.9429168701172,900.14697265625,1.8976070880889893,1.7836812734603882,1.4931526184082031
13,196,112.45172119140625,475.2673645019531,2.164166212081909,1.4089181423187256,1.1684989929199219
13,197,96.28521728515625,314.80670166015625,2.160151481628418,1.2865718603134155,1.0537986755371094
13,198,150.48074340820312,933.287109375,1.9050674438476562,1.2972904443740845,2.379514694213867
13,199,200.90184020996094,1403.20458984375,2.019379138946533,2.806124210357666,1.2909164428710938
13,200,129.39608764648438,628.2451171875,2.219052314758301,1.6866228580474854,1.5406227111816406
13,201,128.25057983398438,649.1748657226562,2.1111032962799072,2.0694737434387207,1.385788917541504
13,202,107.14167785644531,498.9437255859375,1.9082434177398682,2.2244725227355957,1.1634464263916016
13,203,165.13775634765625,876.9525756835938,2.581416606903076,2.1306910514831543,1.251866340637207
13,204,137.7462615966797,641.392333984375,2.4535675048828125,2.0667803287506104,1.7228078842163086
13,205,114.71563720703125,530.076904296875,2.056931495666504,1.8984272480010986,1.4670867919921875
13,206,134.91920471191406,703.4791259765625,2.152376174926758,2.121981620788574,1.4781007766723633
13,207,428.867919921875,3621.5556640625,2.223745107650757,3.573854446411133,1.1250152587890625
13,208,122.92092895507812,570.8335571289062,2.1945858001708984,1.9877339601516724,1.1869115829467773
13,209,98.5794906616211,466.3232727050781,1.7315720319747925,1.4362521171569824,1.640554428100586
13,210,103.3344497680664,472.9283447265625,1.8680537939071655,1.701915979385376,1.113591194152832
13,211,103.29023742675781,370.0185546875,2.2096128463745117,1.5650079250335693,0.8071794509887695
13,212,117.38212585449219,509.8935546875,2.21309232711792,1.8594615459442139,1.3442468643188477
13,213,127.42984008789062,705.6634521484375,1.8954498767852783,2.0386741161346436,1.548689842224121
13,214,111.29309844970703,496.2877502441406,2.0554773807525635,1.6564686298370361,0.8482589721679688
13,215,111.93281555175781,569.0496215820312,1.8342616558074951,1.5459641218185425,1.0885601043701172
13,216,106.12849426269531,385.7604064941406,2.2517483234405518,1.408501386642456,1.0641603469848633
13,217,83.97417449951172,283.1338806152344,1.8553595542907715,1.0220645666122437,1.3407630920410156
13,218,109.06036376953125,442.78057861328125,2.159410238265991,1.6515617370605469,0.8188962936401367
13,219,113.11373901367188,538.43115234375,1.9756872653961182,1.6873176097869873,1.391305923461914
13,220,86.79582214355469,307.1131286621094,1.8694837093353271,1.5437202453613281,0.8216981887817383
13,221,124.12438201904297,686.7257080078125,1.8483937978744507,2.3273887634277344,1.2566509246826172
13,222,87.36458587646484,290.640625,1.9433507919311523,1.4134165048599243,0.9990739822387695
13,223,139.4215087890625,716.5758056640625,2.2587976455688477,1.9392914772033691,1.5876407623291016
13,224,105.78895568847656,440.76019287109375,2.057097911834717,1.5275640487670898,1.3692560195922852
13,225,110.46051025390625,443.5341796875,2.2035694122314453,1.7706317901611328,1.1889362335205078
13,226,99.10926055908203,401.3233642578125,1.9658974409103394,1.8346710205078125,0.9751605987548828
13,227,136.9439697265625,783.9170532226562,1.9517419338226318,1.6770098209381104,1.3484468460083008
13,228,100.37408447265625,417.02178955078125,1.9557300806045532,1.6435046195983887,1.2651052474975586
13,229,126.47784423828125,586.4044189453125,2.261246681213379,1.7813656330108643,1.2112293243408203
13,230,115.91323852539062,575.9256591796875,1.9440224170684814,1.9328218698501587,1.3522930145263672
13,231,138.9630889892578,719.0664672851562,2.2352147102355957,1.973512887954712,1.403885841369629
13,232,114.69921875,497.52276611328125,2.164897918701172,1.0072200298309326,1.665207862854004
13,233,82.56462097167969,263.7022399902344,1.873146653175354,1.1936440467834473,1.2573261260986328
13,234,119.70257568359375,537.1616821289062,2.1995468139648438,1.8755621910095215,1.5625019073486328
13,235,136.58990478515625,718.1925048828125,2.1590216159820557,1.5158294439315796,1.4461669921875
13,236,99.80589294433594,408.73974609375,1.9643973112106323,1.6188061237335205,1.3018531799316406
13,237,88.24746704101562,319.0716857910156,1.8780097961425781,1.112635612487793,1.155487060546875
13,238,87.18791198730469,340.2270812988281,1.772173285484314,1.818040132522583,1.1499605178833008
13,239,106.43193054199219,420.9167175292969,2.1446752548217773,1.04855477809906,1.361917495727539
13,240,94.39567565917969,352.2801208496094,1.9722553491592407,1.5310795307159424,1.0968475341796875
13,241,159.99160766601562,926.757568359375,2.243861436843872,1.821276307106018,1.7426795959472656
13,242,123.05149841308594,597.4544067382812,2.110201835632324,1.8929234743118286,1.4110908508300781
13,243,152.2299346923828,885.76220703125,2.1217904090881348,2.689182758331299,1.1014089584350586
13,244,114.15957641601562,555.5911254882812,1.9533488750457764,1.894141435623169,1.2098979949951172
13,245,147.34140014648438,868.2183837890625,2.0173189640045166,2.071162700653076,1.9643049240112305
13,246,115.06959533691406,499.80609130859375,2.16963267326355,1.5522617101669312,1.4818344116210938
13,247,235.22979736328125,1750.73388671875,2.005213499069214,3.039905548095703,1.3438453674316406
13,248,104.01773071289062,419.2850036621094,2.06964111328125,1.6592397689819336,1.0302467346191406
13,249,122.92263793945312,557.7938232421875,2.2381086349487305,1.568549394607544,1.6134557723999023
13,250,125.29605102539062,511.11541748046875,2.4728169441223145,1.6968467235565186,1.4853391647338867
13,251,218.4043731689453,1492.4578857421875,2.305286169052124,2.029355525970459,2.4889278411865234
13,252,132.35919189453125,698.9686889648438,2.0820775032043457,1.7631804943084717,1.8890600204467773
13,253,93.71989440917969,296.2311096191406,2.13655948638916,1.4714787006378174,1.092452049255371
13,254,152.46217346191406,846.9547729492188,2.258889675140381,1.6616952419281006,1.8294410705566406
13,255,92.58041381835938,336.794189453125,1.9633665084838867,1.368943691253662,0.8369331359863281
13,256,160.05484008789062,968.78662109375,2.105872392654419,2.4821014404296875,1.4182958602905273
13,257,99.67778015136719,400.9564514160156,1.9860711097717285,1.4243658781051636,1.1949424743652344
13,258,90.53759002685547,326.8529968261719,1.9284096956253052,1.2566813230514526,1.0710258483886719
13,259,122.20184326171875,633.1537475585938,1.9628822803497314,1.8037177324295044,1.0663232803344727
13,260,118.90338134765625,526.3768920898438,2.2088563442230225,1.5145082473754883,1.7400789260864258
13,261,103.13104248046875,363.443359375,2.2262234687805176,1.2405359745025635,0.9364585876464844
13,262,151.4215087890625,829.9994506835938,2.280719041824341,1.6934010982513428,2.0640697479248047
13,263,103.56114196777344,494.5271301269531,1.8036142587661743,1.1495164632797241,1.4703445434570312
13,264,113.93184661865234,493.58062744140625,2.1524593830108643,1.6205140352249146,1.4932928085327148
13,265,114.63428497314453,565.3614501953125,1.9366047382354736,1.582106113433838,1.2894477844238281
13,266,171.06224060058594,1032.7974853515625,2.259416341781616,2.5607638359069824,1.331465721130371
13,267,153.16839599609375,864.628662109375,2.223517894744873,2.0669851303100586,1.5084028244018555
13,268,122.03219604492188,563.1398315429688,2.1906068325042725,1.9094676971435547,1.4546194076538086
13,269,147.6129608154297,840.08154296875,2.1201601028442383,2.1406524181365967,1.4117755889892578
13,270,104.47575378417969,463.4680480957031,1.937631607055664,1.5236437320709229,1.1386432647705078
13,271,87.47769165039062,244.86399841308594,2.0997095108032227,1.325499176979065,0.7203645706176758
13,272,97.52949523925781,366.51025390625,2.0292820930480957,1.5781220197677612,0.8929500579833984
13,273,111.26060485839844,499.4999084472656,2.043687105178833,1.6580336093902588,1.0413579940795898
13,274,98.10140991210938,386.2915954589844,1.9824082851409912,1.2055350542068481,1.030747413635254
13,275,109.87019348144531,462.4004211425781,2.121004819869995,1.571427345275879,1.2029438018798828
13,276,111.6038818359375,469.39544677734375,2.155478000640869,1.8164676427841187,1.2257137298583984
13,277,137.52859497070312,810.3279418945312,1.8831928968429565,1.958888292312622,1.0535869598388672
13,278,92.44659423828125,401.727783203125,1.7424603700637817,1.2856786251068115,1.1837806701660156
13,279,132.6932830810547,730.6737060546875,1.9875303506851196,1.6172142028808594,1.771134376525879
13,280,139.80076599121094,706.2210083007812,2.305955410003662,2.1281800270080566,1.2233495712280273
13,281,106.8309326171875,463.50262451171875,2.016022205352783,1.3251841068267822,1.1484298706054688
13,282,159.7644805908203,911.3914794921875,2.287510871887207,2.616382598876953,1.0122909545898438
13,283,146.46774291992188,788.11376953125,2.2552120685577393,2.5496163368225098,1.335805892944336
13,284,115.06114196777344,564.9000244140625,1.9523712396621704,1.438704490661621,1.5218830108642578
13,285,124.53670501708984,577.025146484375,2.227806329727173,1.475468397140503,1.5259466171264648
13,286,93.92390441894531,407.5297546386719,1.7723642587661743,1.2350835800170898,1.6249303817749023
13,287,104.31649780273438,482.6197204589844,1.8684840202331543,1.8143517971038818,1.1188507080078125
13,288,99.48478698730469,473.0741271972656,1.7392457723617554,0.969359815120697,1.5213041305541992
13,289,123.83860778808594,575.7205200195312,2.2088851928710938,1.7669334411621094,1.3306770324707031
13,290,122.42341613769531,654.4412231445312,1.8993096351623535,1.9477787017822266,1.2346181869506836
13,291,110.27278137207031,557.7839965820312,1.8164794445037842,1.105830430984497,1.198420524597168
13,292,125.66160583496094,593.6201171875,2.209986448287964,1.887507677078247,1.3658409118652344
13,293,125.74234771728516,597.5051879882812,2.1997275352478027,1.5179798603057861,1.3046493530273438
13,294,92.87603759765625,376.0916442871094,1.842228889465332,1.1933411359786987,1.209273338317871
13,295,133.5491485595703,758.108642578125,1.9246093034744263,1.8486497402191162,2.175090789794922
13,296,97.56916809082031,463.46429443359375,1.707424521446228,1.5670405626296997,1.3200511932373047
13,297,185.7527618408203,1245.89599609375,2.0387721061706543,2.5562968254089355,1.8542394638061523
13,298,123.3366928100586,682.40283203125,1.836546778678894,2.276045799255371,0.8263177871704102
13,299,110.35627746582031,445.845947265625,2.192389488220215,1.5247867107391357,1.492131233215332
13,300,111.6927490234375,513.7379150390625,2.010632038116455,1.8623942136764526,1.439438819885254
13,301,109.06636047363281,412.38604736328125,2.26092529296875,1.074254035949707,1.1202688217163086
13,302,131.87998962402344,720.0961303710938,1.9956791400909424,2.3603973388671875,0.6858015060424805
13,303,145.4670867919922,839.686279296875,2.0499486923217773,2.2222094535827637,1.188821792602539
13,304,106.88883972167969,437.7259521484375,2.103874683380127,1.2491652965545654,1.4360008239746094
13,305,328.9412841796875,2598.2216796875,2.3039705753326416,2.993556022644043,1.3863000869750977
13,306,143.12246704101562,765.0567016601562,2.22055983543396,2.123955726623535,1.2082710266113281
13,307,111.8265151977539,520.603759765625,1.9922046661376953,1.3901174068450928,1.5530338287353516
13,308,111.91952514648438,536.0797729492188,1.9437180757522583,1.7213722467422485,1.2593917846679688
13,309,108.30304718017578,445.0030517578125,2.126758098602295,1.2736246585845947,1.3729524612426758
13,310,122.85367584228516,585.87255859375,2.142213821411133,1.789079189300537,1.2915735244750977
13,311,86.47528076171875,326.1593017578125,1.795311689376831,1.1131173372268677,1.0147485733032227
13,312,98.02784729003906,368.74896240234375,2.0384316444396973,1.3699979782104492,1.2985734939575195
13,313,111.38986206054688,511.2657775878906,2.0087759494781494,1.9936590194702148,0.889592170715332
13,314,95.20585632324219,394.6695251464844,1.8579633235931396,1.2492331266403198,1.5222139358520508
13,315,102.47064208984375,423.797119140625,2.003031015396118,1.2130159139633179,1.6016101837158203
13,316,104.48963928222656,473.658447265625,1.904126524925232,1.7095224857330322,1.0206289291381836
13,317,87.80619812011719,338.2866516113281,1.7992510795593262,1.3641071319580078,0.9010496139526367
13,318,131.06439208984375,679.2360229492188,2.1046929359436035,2.066826820373535,1.3633460998535156
13,319,120.24213409423828,553.5904541015625,2.1627695560455322,1.6700719594955444,1.4758434295654297
13,320,134.1138916015625,649.7115478515625,2.304757595062256,1.7459875345230103,1.3424186706542969
13,321,87.29887390136719,255.34983825683594,2.0587961673736572,1.2050495147705078,1.1257905960083008
13,322,123.96231079101562,639.8695068359375,1.9991786479949951,2.1166248321533203,1.3420143127441406
13,323,102.74271392822266,465.2632751464844,1.8738795518875122,1.672890543937683,1.6664161682128906
13,324,330.4820556640625,2751.49365234375,1.8444229364395142,2.8828186988830566,1.5514392852783203
13,325,141.15530395507812,741.6634521484375,2.2329654693603516,2.237244129180908,1.1823692321777344
13,326,111.24102783203125,501.50091552734375,2.0363645553588867,1.3128423690795898,1.5041322708129883
13,327,99.32960510253906,364.78704833984375,2.0950300693511963,1.1200543642044067,0.9426956176757812
13,328,112.7199478149414,465.751708984375,2.2048258781433105,1.5805639028549194,1.0089454650878906
13,329,125.76351928710938,605.4693603515625,2.1738860607147217,1.9854990243911743,1.4849214553833008
13,330,117.89936828613281,576.4060668945312,2.0086252689361572,1.4498395919799805,1.8900461196899414
13,331,108.25316619873047,480.09033203125,2.0081377029418945,1.9513821601867676,1.240285873413086
13,332,129.04156494140625,608.6454467773438,2.2725672721862793,2.5732336044311523,1.1312456130981445
13,333,100.70004272460938,456.0481872558594,1.8365074396133423,1.8198496103286743,1.2443838119506836
13,334,128.10353088378906,626.404052734375,2.1821038722991943,1.601717472076416,1.1453628540039062
13,335,161.09774780273438,1006.71484375,2.0142087936401367,1.9962208271026611,1.8040571212768555
13,336,106.64752960205078,462.9295654296875,2.0118191242218018,1.7632060050964355,1.1595916748046875
13,337,125.27268981933594,649.8812866210938,2.0094852447509766,1.8336902856826782,1.502181053161621
13,338,128.82301330566406,633.7592163085938,2.1815695762634277,2.1531057357788086,1.1203632354736328
13,339,106.62908935546875,491.1502380371094,1.91713547706604,1.9042294025421143,0.9054412841796875
13,340,104.35693359375,493.85357666015625,1.8323860168457031,1.4566339254379272,1.2509384155273438
13,341,103.44705200195312,402.23321533203125,2.1074576377868652,1.863105058670044,0.7909421920776367
13,342,107.03450012207031,419.4985046386719,2.1694881916046143,1.6960581541061401,1.083512306213379
13,343,95.25811767578125,334.05810546875,2.0617434978485107,1.6887269020080566,0.9691028594970703
13,344,107.45956420898438,427.6626281738281,2.1564433574676514,1.521812081336975,1.2596168518066406
13,345,117.3792724609375,533.6995849609375,2.133643627166748,1.7744429111480713,1.485875129699707
13,346,108.82791137695312,505.33758544921875,1.9431382417678833,1.5951080322265625,1.0564489364624023
13,347,101.68971252441406,453.6236572265625,1.8775782585144043,1.2363271713256836,1.5062017440795898
13,348,101.09120178222656,437.6778869628906,1.910780429840088,1.6026690006256104,1.1340045928955078
13,349,101.09856414794922,395.8376770019531,2.0504932403564453,1.3976552486419678,1.1083927154541016
13,350,136.95899963378906,683.970458984375,2.285398483276367,1.7218968868255615,1.902531623840332
13,351,122.76083374023438,557.1705932617188,2.2347922325134277,1.859342336654663,1.3667888641357422
13,352,105.445556640625,410.65576171875,2.1459991931915283,1.5659035444259644,1.2766733169555664
13,353,105.1788330078125,392.70733642578125,2.196936845779419,1.505932092666626,1.3560523986816406
13,354,109.51512145996094,465.70086669921875,2.098167896270752,1.5320333242416382,1.3821525573730469
13,355,123.3408203125,558.0851440429688,2.2510766983032227,1.981398582458496,0.9988489151000977
13,356,170.8511962890625,982.662841796875,2.419496774673462,1.8682199716567993,1.0431928634643555
13,357,129.48475646972656,612.4985961914062,2.2744967937469482,2.0219550132751465,0.9707155227661133
13,358,107.38896179199219,432.66015625,2.1374313831329346,1.5225576162338257,1.1850910186767578
13,359,126.72538757324219,616.9426879882812,2.167703628540039,2.2006051540374756,1.0942611694335938
13,360,160.9609832763672,983.028076171875,2.0886058807373047,2.234891891479492,1.4011878967285156
13,361,104.98625183105469,410.8464660644531,2.1300535202026367,1.4888169765472412,1.2766752243041992
13,362,107.74166870117188,461.27459716796875,2.053806781768799,1.468069076538086,1.505080223083496
13,363,115.6893310546875,550.7742919921875,2.0203967094421387,1.6418545246124268,1.6680335998535156
13,364,150.30282592773438,925.1687622070312,1.9261982440948486,2.6093015670776367,0.8760614395141602
13,365,113.0728530883789,577.4546508789062,1.8442462682724,1.915437936782837,1.392038345336914
13,366,113.11869812011719,492.65167236328125,2.128450870513916,1.762594223022461,1.216684341430664
13,367,151.76531982421875,883.865478515625,2.1126255989074707,2.7844254970550537,1.5558691024780273
13,368,107.38639068603516,519.2356567382812,1.8487608432769775,1.8154698610305786,1.5645532608032227
13,369,115.40121459960938,495.6832580566406,2.194429874420166,1.7153825759887695,1.4426326751708984
13,370,127.43528747558594,611.5231323242188,2.209432601928711,1.5742148160934448,1.759882926940918
13,371,192.9261474609375,1363.922119140625,1.8844642639160156,1.9654996395111084,1.698073387145996
13,372,129.70578002929688,725.3594970703125,1.9056611061096191,1.6504956483840942,2.0780115127563477
13,373,88.1571044921875,312.36834716796875,1.8973422050476074,1.4791538715362549,1.0342330932617188
13,374,114.90644073486328,532.6275634765625,2.0547895431518555,1.1381549835205078,1.6309471130371094
13,375,143.23486328125,814.8492431640625,2.05833101272583,2.222242593765259,0.8993854522705078
13,376,116.33528900146484,559.5012817382812,2.01283860206604,1.6795551776885986,1.6619958877563477
13,377,89.7963638305664,333.99041748046875,1.8799107074737549,1.5439345836639404,1.0632591247558594
13,378,109.3079605102539,510.8731689453125,1.940688133239746,1.8971967697143555,1.2334156036376953
13,379,120.45050048828125,663.5306396484375,1.8032476902008057,2.0757851600646973,1.3497734069824219
13,380,129.77685546875,605.273193359375,2.3083181381225586,1.9287269115447998,1.6356782913208008
13,381,102.22340393066406,397.7917175292969,2.081474542617798,1.5969613790512085,0.9538583755493164
13,382,102.07434844970703,474.97454833984375,1.8192297220230103,1.5729026794433594,1.1216239929199219
13,383,105.02757263183594,435.30633544921875,2.0498979091644287,1.7365453243255615,1.1474199295043945
13,384,104.2779541015625,441.1978454589844,2.005272388458252,1.2056503295898438,1.2211389541625977
13,385,112.0954360961914,501.74365234375,2.064035654067993,1.8342552185058594,1.4779462814331055
13,386,111.92622375488281,510.03594970703125,2.0307540893554688,1.9977679252624512,1.5146102905273438
13,387,126.1087417602539,626.4686279296875,2.115396022796631,1.6503404378890991,1.3388843536376953
13,388,122.46699523925781,576.5113525390625,2.1605286598205566,1.9499098062515259,1.1583585739135742
13,389,120.56732177734375,539.1019287109375,2.2219042778015137,1.757631778717041,1.4301586151123047
13,390,115.37605285644531,451.0464782714844,2.3423800468444824,1.6594650745391846,1.335153579711914
13,391,113.85657501220703,592.3491821289062,1.8207218647003174,1.3064005374908447,1.877218246459961
13,392,100.08524322509766,370.0074768066406,2.102816581726074,1.3412522077560425,1.0730915069580078
13,393,164.58016967773438,961.3517456054688,2.2814993858337402,2.360752820968628,1.1803817749023438
13,394,133.9815673828125,724.2647705078125,2.0518362522125244,1.5509920120239258,1.5143356323242188
13,395,92.1053695678711,343.916015625,1.9237922430038452,1.1723766326904297,1.2655467987060547
13,396,292.47845458984375,2220.3017578125,2.3482751846313477,3.316232204437256,1.450608253479004
13,397,114.57640075683594,554.060302734375,1.9723455905914307,1.2770112752914429,1.7280950546264648
13,398,118.12272644042969,627.1123046875,1.8470497131347656,1.8696227073669434,1.8892459869384766
13,399,109.8707046508789,522.139404296875,1.9218921661376953,1.8403451442718506,1.1395235061645508
13,400,94.60161590576172,388.72503662109375,1.8576370477676392,1.4956789016723633,1.1898794174194336
13,401,126.29695129394531,598.337890625,2.2154388427734375,1.6221067905426025,1.9263992309570312
13,402,112.57347106933594,536.2111206054688,1.965078592300415,1.4633642435073853,1.229039192199707
13,403,104.34309387207031,470.4932556152344,1.9097923040390015,1.6064417362213135,1.1407365798950195
13,404,94.90028381347656,347.0212707519531,2.0066051483154297,1.2777174711227417,1.5376968383789062
13,405,96.20075988769531,416.8187255859375,1.8172961473464966,1.3338007926940918,1.3681249618530273
13,406,110.56964111328125,479.8046875,2.086305856704712,1.8570778369903564,1.0265512466430664
13,407,115.44173431396484,493.14697265625,2.2042346000671387,2.1829586029052734,1.1017446517944336
13,408,109.51278686523438,385.81072998046875,2.3643903732299805,1.7245781421661377,1.0406570434570312
13,409,112.82882690429688,481.02838134765625,2.1575326919555664,1.9013457298278809,1.483978271484375
13,410,115.549072265625,514.1529541015625,2.1377928256988525,1.132830262184143,1.914754867553711
13,411,105.41010284423828,499.1692199707031,1.8497726917266846,1.6020185947418213,1.1277503967285156
13,412,165.77743530273438,996.6273193359375,2.2038230895996094,2.586293935775757,1.2371559143066406
13,413,363.62066650390625,3087.83154296875,1.8279167413711548,3.7833940982818604,1.3156108856201172
13,414,98.07598876953125,340.0756530761719,2.1356139183044434,1.319898247718811,1.074819564819336
13,415,102.59269714355469,454.7520751953125,1.9039161205291748,2.039623498916626,1.0180301666259766
13,416,115.43989562988281,546.2132568359375,2.027285575866699,1.3714655637741089,1.497553825378418
13,417,116.83511352539062,524.4898681640625,2.1462039947509766,1.7520689964294434,1.4085187911987305
13,418,99.21217346191406,334.52392578125,2.19199275970459,1.4816585779190063,1.0654964447021484
13,419,118.78559875488281,591.868896484375,1.9866235256195068,2.2667202949523926,1.141077995300293
13,420,106.75389099121094,490.96978759765625,1.9218971729278564,1.5484504699707031,1.3959245681762695
13,421,102.04339599609375,415.30023193359375,2.0171122550964355,1.5818042755126953,1.3020687103271484
13,422,159.07077026367188,878.52392578125,2.373946189880371,2.833120107650757,1.1985340118408203
13,423,198.80856323242188,1267.50390625,2.4019393920898438,2.7570602893829346,1.5340604782104492
13,424,96.87367248535156,408.430908203125,1.867686152458191,1.4168777465820312,1.2077445983886719
13,425,125.40342712402344,743.9345092773438,1.7003324031829834,1.6312761306762695,2.0811538696289062
13,426,146.56578063964844,768.3191528320312,2.3244621753692627,2.476870059967041,1.2517309188842773
13,427,94.657958984375,308.6430358886719,2.126455068588257,1.5283420085906982,0.9913225173950195
13,428,112.17054748535156,530.825439453125,1.9696002006530762,1.537711501121521,1.5742673873901367
13,429,104.05538940429688,382.92340087890625,2.19210147857666,1.456610918045044,1.2243738174438477
13,430,157.2293243408203,854.6624145507812,2.3921027183532715,2.672924041748047,1.2529497146606445
13,431,146.27516174316406,862.2418212890625,2.001699447631836,1.8311221599578857,1.5663652420043945
13,432,126.93161010742188,614.9595947265625,2.1811883449554443,1.5507192611694336,1.4664525985717773
13,433,148.19036865234375,855.93896484375,2.0865492820739746,2.490997314453125,1.414137840270996
13,434,114.11386108398438,417.5188903808594,2.4120659828186035,1.2702505588531494,1.2810173034667969
13,435,98.11050415039062,395.6850280761719,1.9514000415802002,1.2285715341567993,1.5393543243408203
13,436,111.92898559570312,530.462890625,1.9627563953399658,1.8581202030181885,1.1381664276123047
13,437,97.48282623291016,390.63140869140625,1.9473228454589844,1.3290858268737793,1.4199705123901367
13,438,169.7188720703125,1015.9830932617188,2.2706856727600098,2.5289134979248047,1.7219476699829102
13,439,127.65766906738281,562.5609130859375,2.3800525665283203,1.874272346496582,1.2978973388671875
13,440,151.95867919921875,844.25927734375,2.251091480255127,2.3576526641845703,1.3206157684326172
13,441,131.6417999267578,695.91162109375,2.068354606628418,1.9256560802459717,0.9871358871459961
13,442,93.64710235595703,268.1436767578125,2.227757692337036,1.3715333938598633,0.7843484878540039
13,443,152.49163818359375,773.4848022460938,2.504772186279297,1.880216360092163,1.3853387832641602
13,444,168.37277221679688,1108.894287109375,1.9161112308502197,2.7049336433410645,1.2274169921875
13,445,97.32251739501953,417.2868957519531,1.8531275987625122,1.528048038482666,1.2931251525878906
13,446,136.4674835205078,762.2854614257812,2.007964611053467,1.779059648513794,1.1347074508666992
13,447,107.56401062011719,429.3965148925781,2.1541452407836914,1.389432668685913,1.2793922424316406
13,448,96.19277954101562,405.43109130859375,1.8549891710281372,1.48601233959198,1.283879280090332
13,449,126.40936279296875,672.5901489257812,1.9716781377792358,2.207512617111206,1.5297317504882812
13,450,121.83229064941406,648.329345703125,1.899978518486023,1.7856059074401855,1.0194206237792969
13,451,104.28309631347656,473.251708984375,1.8985974788665771,1.3592522144317627,1.3430233001708984
13,452,99.84205627441406,357.2141418457031,2.137354612350464,1.5189456939697266,1.2326116561889648
13,453,102.9794921875,439.82196044921875,1.9665765762329102,1.5006206035614014,1.602975845336914
13,454,136.73934936523438,682.4423828125,2.283170223236084,2.162914276123047,1.1893539428710938
13,455,133.5030059814453,710.8712158203125,2.0805294513702393,1.7109791040420532,1.1825628280639648
13,456,117.8209228515625,509.03277587890625,2.230587959289551,1.6447315216064453,1.5024232864379883
13,457,95.53054809570312,342.8171081542969,2.041627883911133,1.292502999305725,1.1681604385375977
13,458,133.4847412109375,685.0576782226562,2.1659655570983887,1.9690279960632324,1.3641510009765625
13,459,116.66156768798828,555.148681640625,2.0382232666015625,1.8183574676513672,1.3822402954101562
13,460,111.10604858398438,473.49078369140625,2.125232219696045,2.0410470962524414,1.3150348663330078
13,461,110.51002502441406,481.57025146484375,2.0784332752227783,1.3687989711761475,1.5218381881713867
13,462,121.5799560546875,588.631103515625,2.0905613899230957,1.7460979223251343,1.370692253112793
13,463,118.58912658691406,582.2479248046875,2.0121445655822754,1.322845458984375,1.6147899627685547
13,464,126.88447570800781,692.921630859375,1.9197434186935425,1.6755130290985107,1.692917823791504
13,465,90.01266479492188,308.7469787597656,1.971265435218811,1.1063679456710815,1.356618881225586
13,466,145.26605224609375,778.237548828125,2.248076915740967,2.0348434448242188,1.2244281768798828
13,467,124.62397766113281,625.7142333984375,2.068418502807617,1.8032068014144897,1.704580307006836
13,468,322.7607727050781,2593.386474609375,2.1140706539154053,3.7624735832214355,1.416182518005371
13,469,172.9688262939453,1112.203857421875,2.058281183242798,2.389543056488037,1.6602458953857422
13,470,158.31533813476562,1002.5050659179688,1.935494065284729,2.3022024631500244,1.177321434020996
13,471,125.33679962158203,630.2841796875,2.0769460201263428,1.9022916555404663,1.891280174255371
13,472,113.79591369628906,467.125244140625,2.2361130714416504,1.8545677661895752,1.142568588256836
13,473,132.51951599121094,652.3409423828125,2.242847442626953,1.724677562713623,1.4636764526367188
13,474,155.95606994628906,919.608642578125,2.1331732273101807,1.988953948020935,1.170358657836914
13,475,95.97476196289062,348.26068115234375,2.038289785385132,1.3088902235031128,1.3515281677246094
13,476,119.8161392211914,522.16162109375,2.2533326148986816,1.914183259010315,1.0616788864135742
13,477,121.97550964355469,630.7171020507812,1.9634597301483154,2.1249701976776123,1.2979068756103516
13,478,102.77537536621094,419.2372131347656,2.028388500213623,1.7730321884155273,1.2310724258422852
13,479,281.0163879394531,2203.79833984375,2.0212182998657227,3.26479172706604,1.487839698791504
13,480,104.04208374023438,396.6162414550781,2.1460154056549072,1.7572712898254395,0.9323759078979492
13,481,124.34005737304688,636.27978515625,2.023735761642456,1.9629108905792236,1.5965795516967773
13,482,114.13508605957031,515.32080078125,2.0867667198181152,1.5420053005218506,1.7413759231567383
13,483,118.87710571289062,643.383056640625,1.8179597854614258,1.6374192237854004,1.8191404342651367
13,484,101.99082946777344,470.657470703125,1.8308359384536743,1.4810965061187744,1.6601572036743164
13,485,91.28572845458984,367.7571105957031,1.8170006275177002,1.4743372201919556,0.8934516906738281
13,486,133.07449340820312,716.14599609375,2.0486631393432617,2.053370952606201,1.587005615234375
13,487,109.13163757324219,494.64410400390625,1.9889075756072998,1.534981608390808,1.5928049087524414
13,488,124.80615234375,563.9036865234375,2.2805261611938477,1.9477300643920898,1.4557676315307617
13,489,104.84434509277344,477.50738525390625,1.9031200408935547,1.590660572052002,1.1369810104370117
13,490,131.22601318359375,718.9686279296875,1.9776380062103271,1.4709430932998657,1.8746709823608398
13,491,117.43135833740234,578.72021484375,1.9853112697601318,2.2154221534729004,1.4947338104248047
13,492,134.7559814453125,709.8002319335938,2.1258649826049805,2.1214823722839355,1.0735063552856445
13,493,131.39703369140625,698.3456420898438,2.052082061767578,2.109320640563965,1.5212411880493164
13,494,111.5394058227539,532.8844604492188,1.9416985511779785,1.9175933599472046,1.4141721725463867
13,495,101.92900085449219,412.753173828125,2.02178955078125,1.7043275833129883,0.7560939788818359
13,496,112.11512756347656,533.614013671875,1.9584577083587646,1.8197294473648071,1.0482501983642578
13,497,112.15821075439453,422.3539733886719,2.3307604789733887,1.9305551052093506,0.9907779693603516
13,498,110.38697814941406,489.85394287109375,2.046719551086426,1.7541372776031494,1.3765974044799805
13,499,150.75473022460938,813.3453369140625,2.3140065670013428,2.2229509353637695,1.245234489440918
13,500,163.2021484375,948.5078125,2.27837872505188,2.2442846298217773,1.4002065658569336
13,501,96.013427734375,343.0379333496094,2.056987762451172,1.274038314819336,1.1465845108032227
13,502,122.95292663574219,565.1246948242188,2.21468186378479,2.1441879272460938,0.9973325729370117
13,503,147.99742126464844,853.9362182617188,2.0867931842803955,2.071514368057251,1.3966293334960938
13,504,125.54898071289062,640.204345703125,2.0509514808654785,1.5793511867523193,0.8449869155883789
13,505,115.20022583007812,533.0906982421875,2.0630383491516113,1.7158136367797852,1.6333341598510742
13,506,84.81480407714844,237.73150634765625,2.034721612930298,0.922217607498169,1.0770635604858398
13,507,138.24484252929688,658.0489501953125,2.4146652221679688,1.9858994483947754,1.6864919662475586
13,508,114.55943298339844,538.4998168945312,2.023648262023926,1.4576103687286377,1.5198173522949219
13,509,96.23640441894531,298.54351806640625,2.2127349376678467,1.373771071434021,0.9911708831787109
13,510,90.2924575805664,349.619384765625,1.8443505764007568,1.2250406742095947,1.1604700088500977
13,511,83.48678588867188,291.0318908691406,1.81278657913208,1.1358908414840698,0.98321533203125
13,512,102.42317962646484,411.18951416015625,2.0434741973876953,1.701249122619629,1.1261463165283203
13,513,139.71824645996094,777.9420166015625,2.0641345977783203,2.427391767501831,1.1969518661499023
13,514,104.79015350341797,457.61309814453125,1.9676281213760376,1.5646207332611084,1.2408638000488281
13,515,108.94068908691406,429.7745361328125,2.198774576187134,1.2850968837738037,1.114302635192871
13,516,106.78511810302734,492.712158203125,1.9171299934387207,1.7030739784240723,1.4818840026855469
13,517,115.45626831054688,572.3280639648438,1.9407821893692017,1.5723483562469482,1.835555076599121
13,518,110.8692855834961,512.8513793945312,1.9861382246017456,1.7541916370391846,1.2939577102661133
13,519,121.76704406738281,619.54052734375,1.9937665462493896,1.773125410079956,1.6410017013549805
13,520,123.10198211669922,566.1929931640625,2.2160892486572266,1.8069642782211304,1.3431320190429688
13,521,139.25050354003906,790.7296142578125,2.005918264389038,2.013101100921631,1.0590782165527344
13,522,118.15345764160156,536.1443481445312,2.1513006687164307,2.092550039291382,0.7420816421508789
13,523,153.014404296875,936.18017578125,1.9798794984817505,2.4872970581054688,1.4018011093139648
13,524,81.05265808105469,263.2548522949219,1.8242390155792236,1.250908613204956,1.1411781311035156
13,525,115.40016174316406,534.87451171875,2.0637569427490234,1.473623514175415,1.9825716018676758
13,526,108.23377990722656,527.5148315429688,1.849409818649292,1.3714641332626343,1.5028800964355469
13,527,124.74557495117188,655.6465454101562,1.9726972579956055,2.124778985977173,1.6449289321899414
13,528,114.56877136230469,508.0360412597656,2.1255054473876953,1.697383165359497,1.0722265243530273
13,529,113.53530883789062,559.2743530273438,1.9202622175216675,1.8138169050216675,1.0460519790649414
13,530,133.92005920410156,616.5914306640625,2.4086971282958984,2.0666310787200928,1.306687355041504
13,531,95.97361755371094,294.903076171875,2.2161102294921875,1.3693366050720215,0.9742097854614258
13,532,106.44569396972656,426.71002197265625,2.1258230209350586,1.417824387550354,1.1442375183105469
13,533,103.02420043945312,433.279541015625,1.989875078201294,1.6383178234100342,1.0924997329711914
13,534,125.17652893066406,536.183349609375,2.385272979736328,1.5932424068450928,1.3522729873657227
13,535,115.73357391357422,520.4407958984375,2.12298321723938,1.7819515466690063,1.4656591415405273
13,536,170.36422729492188,1067.79296875,2.119497537612915,2.319063425064087,0.893193244934082
13,537,594.268310546875,5233.64599609375,2.363457202911377,3.952313184738159,1.2136831283569336
13,538,139.20046997070312,733.4813232421875,2.195077657699585,1.7210924625396729,1.691065788269043
13,539,106.12985229492188,451.8482971191406,2.031500816345215,1.8668735027313232,1.0065460205078125
13,540,105.36827087402344,462.6006774902344,1.9702733755111694,1.4166758060455322,1.214604377746582
13,541,103.68787384033203,534.348876953125,1.6750996112823486,1.8203964233398438,1.2236661911010742
13,542,78.40663146972656,260.4379577636719,1.7454277276992798,1.2074332237243652,0.8940105438232422
13,543,86.04827880859375,234.12229919433594,2.0878682136535645,1.2808576822280884,0.8841638565063477
13,544,106.99078369140625,468.6142883300781,2.0043118000030518,1.6491700410842896,1.2156305313110352
13,545,113.46307373046875,596.6630249023438,1.793225646018982,1.5439097881317139,1.3720073699951172
13,546,115.14761352539062,553.6831665039062,1.9926433563232422,1.8736193180084229,1.2779483795166016
13,547,112.42097473144531,485.935791015625,2.127579927444458,1.6347997188568115,1.0117855072021484
13,548,96.78125762939453,454.8563232421875,1.7098541259765625,1.2882262468338013,1.2181549072265625
13,549,149.37710571289062,887.7614135742188,2.0200321674346924,2.276735305786133,1.4364566802978516
13,550,98.96977233886719,393.3349609375,1.9878759384155273,1.182300090789795,1.4546003341674805
13,551,162.277587890625,899.3919677734375,2.4112796783447266,2.0131399631500244,1.5977325439453125
13,552,133.94796752929688,698.387451171875,2.1369740962982178,2.3781981468200684,1.4299955368041992
13,553,110.91633605957031,458.4687194824219,2.1689820289611816,1.3679190874099731,1.6249361038208008
13,554,158.1907501220703,1031.0946044921875,1.836042881011963,2.595583438873291,1.5061225891113281
13,555,89.71553039550781,333.828857421875,1.8777546882629395,1.2974828481674194,1.205836296081543
13,556,149.1302947998047,953.9697875976562,1.7911103963851929,2.0902833938598633,1.706385612487793
13,557,953.2991943359375,8857.314453125,2.2522573471069336,5.806407451629639,2.391244888305664
13,558,109.09913635253906,540.0945434570312,1.8363227844238281,1.8617750406265259,1.678776741027832
13,559,152.48280334472656,943.3709106445312,1.9381905794143677,2.0778865814208984,1.3531131744384766
13,560,108.45138549804688,448.4828796386719,2.120103359222412,1.5657058954238892,1.025991439819336
13,561,144.4199676513672,783.4884033203125,2.2023708820343018,2.305518388748169,1.2852563858032227
13,562,84.43038940429688,259.1468811035156,1.9505232572555542,1.2404674291610718,0.983128547668457
13,563,106.77134704589844,446.90850830078125,2.069349765777588,1.466127872467041,1.5078802108764648
13,564,83.87234497070312,221.46420288085938,2.0575308799743652,1.122816562652588,0.7988204956054688
13,565,179.4019775390625,1113.7928466796875,2.267423152923584,2.7499566078186035,1.5229787826538086
13,566,86.52154541015625,294.77215576171875,1.901477575302124,1.5364996194839478,1.0709657669067383
13,567,115.46261596679688,531.1583251953125,2.078226089477539,2.0200672149658203,1.0902681350708008
13,568,134.89076232910156,684.032470703125,2.216250419616699,1.9131436347961426,1.6134510040283203
13,569,137.66517639160156,677.364990234375,2.330955743789673,2.2366843223571777,1.5260601043701172
13,570,102.48469543457031,456.46514892578125,1.894606113433838,1.3495988845825195,1.2889213562011719
13,571,424.2997131347656,3691.68212890625,1.837716817855835,3.6704611778259277,1.3215932846069336
13,572,106.37042236328125,363.8643493652344,2.3327994346618652,1.409425139427185,1.6883106231689453
13,573,137.8767547607422,671.32958984375,2.358126640319824,1.623729944229126,1.3081789016723633
13,574,96.26449584960938,361.8304138183594,2.0027151107788086,1.6071748733520508,1.3182802200317383
13,575,101.13453674316406,421.76123046875,1.965280294418335,1.434635877609253,1.1781988143920898
13,576,135.22885131835938,673.7387084960938,2.2618327140808105,1.9188050031661987,1.8192062377929688
13,577,124.46046447753906,548.0447998046875,2.321866035461426,1.9714982509613037,1.2047386169433594
13,578,104.81672668457031,431.708251953125,2.054863452911377,1.4089021682739258,1.5265464782714844
13,579,102.1122055053711,418.7303161621094,2.007972478866577,1.085938572883606,1.5590600967407227
13,580,103.14094543457031,471.58966064453125,1.8660660982131958,1.6354498863220215,1.587376594543457
13,581,154.722412109375,926.2509155273438,2.069911003112793,2.090388536453247,1.290487289428711
13,582,125.49121856689453,527.6300048828125,2.42427396774292,2.0106546878814697,1.1905441284179688
13,583,97.44636535644531,389.86590576171875,1.9486593008041382,1.4390331506729126,1.3511037826538086
13,584,191.43557739257812,1139.1881103515625,2.583892345428467,2.5372884273529053,1.0301637649536133
13,585,166.11862182617188,1032.47265625,2.0957119464874268,2.4131479263305664,1.3599271774291992
13,586,117.04842376708984,498.2513427734375,2.240776300430298,1.7407987117767334,1.179203987121582
13,587,126.86833190917969,604.35107421875,2.2144408226013184,1.830650806427002,1.1067581176757812
13,588,107.78327941894531,506.798583984375,1.9034473896026611,1.46435546875,1.6539974212646484
13,589,107.2382583618164,501.538330078125,1.9028141498565674,1.7086148262023926,1.137465476989746
13,590,89.98007202148438,347.51483154296875,1.8409531116485596,1.4122464656829834,1.0801677703857422
13,591,113.68470764160156,516.4461059570312,2.0680031776428223,1.6507060527801514,1.198263168334961
13,592,128.56292724609375,691.388671875,1.9808015823364258,1.8362905979156494,1.809798240661621
13,593,85.27391052246094,276.90576171875,1.9194445610046387,0.9935612082481384,1.051321029663086
13,594,122.51693725585938,619.2142333984375,2.019850254058838,1.5836429595947266,1.327214241027832
13,595,119.16097259521484,627.7764892578125,1.8794441223144531,2.245483875274658,0.8362483978271484
13,596,105.41090393066406,462.06256103515625,1.9734883308410645,1.0341755151748657,1.658599853515625
13,597,140.84230041503906,802.5152587890625,2.0196926593780518,2.286315441131592,1.216811180114746
13,598,133.3455810546875,718.286376953125,2.050564765930176,2.0091211795806885,1.2587013244628906
13,599,103.50872039794922,467.8122253417969,1.8909165859222412,1.8928545713424683,1.2722101211547852
13,600,96.45207977294922,374.1915283203125,1.967764139175415,1.460228443145752,1.2903718948364258
13,601,86.32241821289062,273.8714599609375,1.9645092487335205,1.313023567199707,1.0135154724121094
13,602,175.431396484375,1175.9405517578125,1.9279111623764038,2.565770387649536,1.196732521057129
13,603,109.29400634765625,538.9644165039062,1.8465855121612549,1.6343311071395874,1.7787132263183594
13,604,135.34603881835938,694.3441772460938,2.197054386138916,1.647727370262146,1.647444725036621
13,605,124.19906616210938,641.3277587890625,2.0022099018096924,2.156785488128662,1.462510108947754
13,606,129.27101135253906,698.7105712890625,1.9799984693527222,2.1333670616149902,1.5625295639038086
13,607,345.3645935058594,2844.43896484375,2.0306897163391113,3.15790057182312,1.6500911712646484
13,608,101.67420959472656,501.8663635253906,1.716252326965332,1.3078587055206299,1.406294822692871
13,609,96.87403869628906,380.9161376953125,1.9594141244888306,1.2535690069198608,1.3980779647827148
13,610,105.71025085449219,380.18212890625,2.2564010620117188,1.3645381927490234,1.0388765335083008
13,611,113.25543212890625,513.3633422851562,2.0639700889587402,1.7706513404846191,1.353485107421875
13,612,113.10812377929688,552.214599609375,1.9295554161071777,1.5807852745056152,1.10150146484375
13,613,121.47096252441406,618.2455444335938,1.9882137775421143,1.5023555755615234,1.9723730087280273
13,614,125.66937255859375,571.6786499023438,2.283383369445801,1.971996784210205,1.372239112854004
13,615,139.4699249267578,694.1668701171875,2.3351080417633057,1.8053150177001953,1.332158088684082
13,616,133.51043701171875,665.476318359375,2.2320938110351562,1.6025218963623047,1.8053054809570312
13,617,120.50498962402344,665.47802734375,1.7985728979110718,1.3351953029632568,1.6803054809570312
13,618,98.1994857788086,414.087158203125,1.8930256366729736,1.7436027526855469,0.9681568145751953
13,619,95.10130310058594,489.46282958984375,1.538500428199768,1.4643431901931763,1.719956398010254
13,620,106.62582397460938,508.2654113769531,1.8599759340286255,1.7896891832351685,1.4111309051513672
13,621,121.85912322998047,526.3458251953125,2.3074846267700195,1.8918745517730713,1.3658504486083984
13,622,118.5171127319336,537.96484375,2.1573543548583984,1.6536781787872314,1.7749929428100586
13,623,106.67071533203125,496.100341796875,1.9020228385925293,1.9330813884735107,1.226395606994629
13,624,98.65167999267578,403.2726135253906,1.9441472291946411,1.6493699550628662,1.1232433319091797
13,625,97.45381164550781,346.06524658203125,2.09490966796875,1.0064246654510498,1.457162857055664
13,626,141.269775390625,782.9631958007812,2.0991153717041016,1.9757099151611328,1.8117198944091797
13,627,109.285888671875,477.51849365234375,2.0511345863342285,1.709930658340454,1.204066276550293
13,628,419.9404602050781,3598.38232421875,2.0034079551696777,3.2928624153137207,0.9508295059204102
13,629,98.86207580566406,357.4960632324219,2.1037490367889404,1.6044650077819824,1.0348119735717773
13,630,100.72032928466797,365.028076171875,2.1405839920043945,1.4706557989120483,1.2447500228881836
13,631,105.887451171875,434.3489990234375,2.081751823425293,1.307807445526123,1.4028558731079102
13,632,128.36227416992188,681.154052734375,2.0082287788391113,1.4827601909637451,1.8132810592651367
13,633,111.14517211914062,480.9478759765625,2.101679563522339,1.5701987743377686,1.3327140808105469
13,634,99.94401550292969,403.26715087890625,1.9872431755065918,1.3779017925262451,1.3148565292358398
13,635,98.10786437988281,365.7781982421875,2.05100154876709,1.5653313398361206,1.3924341201782227
13,636,94.16040802001953,318.54180908203125,2.076874256134033,1.4014787673950195,0.8360986709594727
13,637,173.98831176757812,1121.4456787109375,2.061458110809326,2.472383499145508,1.1693458557128906
13,638,110.26703643798828,525.2899169921875,1.924601435661316,2.0873727798461914,0.8412027359008789
13,639,185.1304931640625,1177.485107421875,2.246066093444824,2.4975924491882324,0.968754768371582
13,640,106.05726623535156,516.9655151367188,1.8120238780975342,1.370302438735962,1.6475515365600586
13,641,141.43533325195312,778.0875244140625,2.1208858489990234,1.9947707653045654,1.6616506576538086
13,642,137.4484100341797,727.6580200195312,2.1560869216918945,2.1206464767456055,1.3830223083496094
13,643,94.81205749511719,369.4925231933594,1.928760290145874,1.587472677230835,1.0398187637329102
13,644,127.94554138183594,658.9378051757812,2.068391799926758,1.8435051441192627,1.4107961654663086
13,645,117.38392639160156,501.78546142578125,2.2401793003082275,1.9292943477630615,1.3716230392456055
13,646,112.62008666992188,507.6329345703125,2.0618929862976074,1.6676981449127197,0.9989442825317383
13,647,172.3854217529297,1023.2274169921875,2.3354225158691406,2.705981969833374,1.5305871963500977
13,648,100.10501098632812,333.05596923828125,2.226646900177002,1.0149803161621094,1.5713129043579102
13,649,103.24564361572266,394.7842102050781,2.1255741119384766,1.3242791891098022,1.6211299896240234
13,650,122.18125915527344,606.556640625,2.0508532524108887,1.838514804840088,1.7754096984863281
13,651,94.00767517089844,392.6152038574219,1.8248718976974487,1.3835489749908447,1.2219438552856445
13,652,93.25860595703125,369.9181823730469,1.8755598068237305,1.448209524154663,1.0897636413574219
13,653,137.45509338378906,765.6546020507812,2.0296542644500732,2.094233989715576,1.1788244247436523
13,654,96.3509521484375,358.456787109375,2.0168423652648926,1.3683397769927979,1.2547025680541992
13,655,125.81712341308594,584.9293212890625,2.2441399097442627,1.6318694353103638,1.4601354598999023
13,656,110.43118286132812,464.5361328125,2.1325855255126953,1.3993054628372192,1.7680540084838867
13,657,114.50357055664062,439.81488037109375,2.350735902786255,1.477075457572937,1.5815324783325195
13,658,137.25396728515625,832.749267578125,1.7993011474609375,2.0215859413146973,1.3611345291137695
13,659,108.31857299804688,498.4432678222656,1.9491417407989502,0.8604876399040222,1.6868467330932617
13,660,122.08670043945312,637.5970458984375,1.9442330598831177,2.127603530883789,1.3891897201538086
13,661,98.96665954589844,392.02142333984375,1.9921503067016602,1.8391910791397095,0.9662590026855469
13,662,104.3517074584961,478.4063720703125,1.883702278137207,1.3262853622436523,1.6324405670166016
13,663,151.34481811523438,846.4462890625,2.223339796066284,2.187417507171631,0.9315414428710938
13,664,221.84776306152344,1567.91015625,2.168558120727539,2.901360034942627,1.237248420715332
13,665,107.73074340820312,480.03289794921875,1.9909149408340454,1.897926926612854,0.8861169815063477
13,666,156.16705322265625,884.2774047851562,2.257977247238159,2.28896164894104,1.8222293853759766
13,667,169.20542907714844,1066.2117919921875,2.08614182472229,2.1929755210876465,1.569361686706543
13,668,79.37352752685547,248.1416015625,1.8186454772949219,1.0156505107879639,1.0411968231201172
13,669,166.2042694091797,982.565185546875,2.2649247646331787,2.1324806213378906,1.5355587005615234
13,670,94.47132873535156,329.00335693359375,2.052366256713867,1.5022215843200684,0.9440650939941406
13,671,121.63896179199219,555.38818359375,2.203338146209717,1.7215617895126343,1.4960899353027344
13,672,87.65157318115234,269.29833984375,2.0240578651428223,1.254380226135254,1.0321340560913086
13,673,110.15837097167969,516.2388305664062,1.9511494636535645,1.861900806427002,0.9208278656005859
13,674,95.48774719238281,392.7832336425781,1.8736473321914673,1.618788480758667,0.91455078125
13,675,123.92192840576172,498.6763000488281,2.4684765338897705,1.7360210418701172,1.5433778762817383
13,676,93.8203125,311.4030456542969,2.0893337726593018,1.5896086692810059,0.9425334930419922
13,677,106.3892822265625,526.3890380859375,1.7916793823242188,1.8772765398025513,1.2496109008789062
13,678,123.15846252441406,578.419921875,2.177215814590454,1.6024093627929688,1.1283140182495117
13,679,102.52799224853516,427.8406066894531,1.991464376449585,1.4643220901489258,1.4770278930664062
13,680,104.01365661621094,380.4189147949219,2.199058771133423,1.4343738555908203,1.1665992736816406
13,681,92.63804626464844,369.9205627441406,1.8548662662506104,1.5859155654907227,0.7809677124023438
13,682,128.4120330810547,650.084716796875,2.1134519577026367,2.0885488986968994,1.5601682662963867
13,683,101.53251647949219,381.48394775390625,2.1128039360046387,1.268378496170044,1.0502119064331055
13,684,117.41023254394531,566.1492919921875,2.026510000228882,1.6106387376785278,1.4699811935424805
13,685,104.09681701660156,395.2423095703125,2.1524195671081543,1.548288106918335,0.9878740310668945
13,686,154.88037109375,960.1195068359375,1.9622807502746582,2.304755687713623,1.4639091491699219
13,687,113.99285888671875,560.6278686523438,1.9310024976730347,1.86803138256073,1.139357566833496
13,688,138.83245849609375,735.6675415039062,2.175523281097412,1.6061663627624512,1.5805444717407227
13,689,120.04328918457031,458.2080383300781,2.4740829467773438,1.4562065601348877,1.1821174621582031
13,690,105.70845031738281,480.4588317871094,1.9220856428146362,1.5974469184875488,1.3480796813964844
13,691,367.8694763183594,3028.4697265625,2.1674160957336426,3.601607084274292,1.1771507263183594
13,692,131.52627563476562,704.8478393554688,2.0347166061401367,1.6997311115264893,1.8805418014526367
13,693,108.18219757080078,545.6041259765625,1.7873928546905518,1.7991317510604858,1.4321298599243164
13,694,118.679931640625,500.05242919921875,2.289156198501587,1.4338150024414062,0.9411392211914062
13,695,283.8030700683594,2150.965576171875,2.2902169227600098,3.4077794551849365,0.9331445693969727
13,696,121.38388061523438,535.763427734375,2.26025128364563,1.519730806350708,1.565237045288086
13,697,108.5408935546875,454.61492919921875,2.102646589279175,1.6464769840240479,1.2863645553588867
13,698,87.82176208496094,404.1408996582031,1.5802557468414307,1.5555177927017212,1.1049747467041016
13,699,102.72246551513672,396.57745361328125,2.1021573543548584,1.511367678642273,1.1059961318969727
13,700,147.64059448242188,841.1333618164062,2.1175756454467773,2.5022735595703125,1.287771224975586
13,701,97.28532409667969,353.400146484375,2.0648436546325684,1.4323539733886719,1.345376968383789
13,702,187.23074340820312,1202.005859375,2.2343385219573975,2.6988143920898438,1.192087173461914
13,703,131.1259765625,699.2646484375,2.0399837493896484,2.0700135231018066,1.6550970077514648
13,704,158.0462646484375,860.767578125,2.3989837169647217,2.311145782470703,1.361771583557129
13,705,105.95797729492188,503.41180419921875,1.8538932800292969,1.7299946546554565,1.4394750595092773
13,706,90.00782012939453,333.5313415527344,1.8884894847869873,1.5650732517242432,1.182520866394043
13,707,95.73229217529297,414.08319091796875,1.8107990026474,1.3478872776031494,1.1498527526855469
13,708,142.22047424316406,748.042724609375,2.247206687927246,1.9954166412353516,1.312342643737793
13,709,118.26197052001953,581.9932861328125,2.0020880699157715,1.5609360933303833,1.3332414627075195
13,710,110.48899841308594,445.18359375,2.199021339416504,1.6027356386184692,1.127303123474121
13,711,101.0697250366211,377.9896240234375,2.109025478363037,1.372074842453003,1.184122085571289
13,712,90.25033569335938,296.1968994140625,2.0210213661193848,1.1784995794296265,1.2637662887573242
13,713,94.6495361328125,311.49481201171875,2.116668462753296,1.4995784759521484,0.9541635513305664
13,714,110.4990234375,474.095703125,2.1029818058013916,1.6316415071487427,1.4549083709716797
13,715,110.02279663085938,481.4940185546875,2.0624465942382812,1.7899000644683838,1.403855323791504
13,716,116.29193115234375,474.12738037109375,2.295973300933838,1.52187979221344,1.5344924926757812
13,717,97.86668395996094,516.1993408203125,1.5415585041046143,1.4645884037017822,1.3623266220092773
13,718,182.31195068359375,1079.62841796875,2.4783031940460205,2.4360463619232178,1.4205684661865234
13,719,95.01548767089844,386.2246398925781,1.8797674179077148,1.1930224895477295,1.2851200103759766
13,720,184.41058349609375,1182.2591552734375,2.206155776977539,1.7577663660049438,2.3376893997192383
13,721,92.83540344238281,308.507080078125,2.0661563873291016,1.4309170246124268,1.0393600463867188
13,722,108.64844512939453,447.78387451171875,2.1290018558502197,1.5271821022033691,1.3410797119140625
13,723,86.62736511230469,344.401123046875,1.739574909210205,1.2415647506713867,1.1099929809570312
13,724,107.669189453125,395.44757080078125,2.2708144187927246,1.5632503032684326,0.9626941680908203
13,725,142.27249145507812,691.5723266601562,2.4371752738952637,2.445263147354126,0.8920307159423828
13,726,111.6463623046875,557.951904296875,1.8617056608200073,1.6285722255706787,1.3965339660644531
13,727,111.78179931640625,486.89044189453125,2.1030919551849365,1.719599723815918,1.0254268646240234
13,728,94.79891967773438,352.7991638183594,1.983966588973999,1.2575041055679321,0.9934883117675781
13,729,132.4167022705078,799.0191040039062,1.750493049621582,1.9292125701904297,1.2845687866210938
13,730,142.43130493164062,799.7880859375,2.081749677658081,2.4951181411743164,1.4158267974853516
13,731,96.74490356445312,329.8658447265625,2.125277519226074,1.5431915521621704,1.0502166748046875
13,732,109.90652465820312,505.8077392578125,1.9775248765945435,1.8081339597702026,1.226771354675293
13,733,104.84129333496094,461.6089172363281,1.9560132026672363,1.4599534273147583,1.4397468566894531
13,734,101.07806396484375,418.44024658203125,1.9744678735733032,1.5304484367370605,1.372488021850586
13,735,91.99290466308594,360.5186767578125,1.8647010326385498,1.528073787689209,1.1368827819824219
13,736,95.994384765625,385.77276611328125,1.9139037132263184,1.6648573875427246,0.9382867813110352
13,737,114.45614624023438,460.2713928222656,2.2809667587280273,1.1621878147125244,1.360274314880371
13,738,110.26506042480469,505.4026184082031,1.9908267259597778,1.660071611404419,1.2412872314453125
13,739,102.19799041748047,375.2229919433594,2.1558563709259033,1.6781833171844482,1.010498046875
13,740,104.8919677734375,463.2919921875,1.9520922899246216,1.175394058227539,1.499995231628418
13,741,248.3674774169922,1797.691162109375,2.286612033843994,3.1779942512512207,1.3156204223632812
13,742,127.36598205566406,630.9047241210938,2.14251708984375,1.8947162628173828,1.0521984100341797
13,743,118.70339965820312,435.256591796875,2.505924701690674,1.7671704292297363,1.3612947463989258
13,744,148.92698669433594,843.0969848632812,2.15390944480896,2.401413917541504,0.8808403015136719
13,745,760.4598999023438,6938.1630859375,2.221451759338379,5.930109024047852,1.4850215911865234
13,746,135.80023193359375,787.951416015625,1.9001693725585938,1.7731947898864746,1.5015745162963867
13,747,127.53702545166016,614.5572509765625,2.202709913253784,1.6795282363891602,1.3891305923461914
13,748,154.14669799804688,828.3085327148438,2.377194881439209,1.5922341346740723,1.207911491394043
13,749,101.92498779296875,464.70880126953125,1.8484702110290527,1.5914671421051025,1.2824621200561523
13,750,116.82940673828125,537.46533203125,2.102762460708618,1.4134349822998047,1.5440988540649414
13,751,97.57716369628906,367.1271057128906,2.0288150310516357,1.3321539163589478,1.2048673629760742
13,752,112.73175811767578,508.7787170410156,2.061796188354492,2.1205501556396484,0.9902782440185547
13,753,128.6282196044922,667.2265014648438,2.06351900100708,1.5160183906555176,1.4700727462768555
13,754,94.48489379882812,379.1491394042969,1.8856661319732666,1.180485725402832,1.635061264038086
13,755,202.3804931640625,1318.7158203125,2.350296974182129,2.2709667682647705,1.3000679016113281
13,756,99.17385864257812,376.0626525878906,2.052253007888794,1.521194577217102,0.9345512390136719
13,757,110.52137756347656,476.4511413574219,2.0958752632141113,1.8443893194198608,1.1955022811889648
13,758,104.50761413574219,365.8580017089844,2.2640604972839355,1.3486480712890625,0.8480281829833984
13,759,110.9679183959961,531.7394409179688,1.9264657497406006,1.6222484111785889,1.2364091873168945
13,760,100.73188781738281,382.59869384765625,2.0824007987976074,1.7379876375198364,0.9708213806152344
13,761,105.08425903320312,474.9261474609375,1.9197216033935547,1.6824880838394165,1.177119255065918
13,762,148.21139526367188,859.0804443359375,2.0767784118652344,2.005227565765381,1.2504491806030273
13,763,96.24109649658203,338.8614501953125,2.078498363494873,1.3383045196533203,0.8807382583618164
13,764,105.76921844482422,494.0882568359375,1.8786797523498535,1.644582748413086,1.4552116394042969
13,765,105.3552017211914,386.9245910644531,2.2220914363861084,1.369576334953308,1.2875041961669922
13,766,116.12036895751953,514.0924682617188,2.1570372581481934,1.3905401229858398,1.4151611328125
13,767,115.60916137695312,588.5345458984375,1.8918569087982178,1.8573455810546875,1.2649478912353516
13,768,100.63162231445312,404.6069030761719,2.005697727203369,1.2383705377578735,1.4102859497070312
13,769,131.9711456298828,648.584228515625,2.237090826034546,1.6825706958770752,1.2256765365600586
13,770,103.89667510986328,391.9542541503906,2.156708240509033,1.328258752822876,1.1219768524169922
13,771,116.07717895507812,601.1533203125,1.8653948307037354,1.572547435760498,1.3691043853759766
13,772,114.3582763671875,532.3399047851562,2.037476062774658,1.7425460815429688,0.7858180999755859
13,773,84.4293212890625,291.7008361816406,1.8419744968414307,1.431929349899292,0.8590860366821289
13,774,128.29966735839844,560.9368896484375,2.4068658351898193,1.8568402528762817,1.0942049026489258
13,775,121.28067016601562,593.668701171875,2.063793420791626,1.5779926776885986,1.470505714416504
13,776,128.28497314453125,687.72607421875,1.983745813369751,1.6652977466583252,1.6498079299926758
13,777,159.29751586914062,914.1605224609375,2.2627153396606445,2.1915721893310547,1.7613821029663086
13,778,95.58487701416016,352.544921875,2.0110127925872803,1.5444942712783813,0.7392139434814453
13,779,383.8906555175781,3169.76416015625,2.2304749488830566,3.5497660636901855,1.1300268173217773
13,780,127.89403533935547,665.2225952148438,2.0457258224487305,1.8751616477966309,0.8839931488037109
13,781,83.7502670288086,287.3691711425781,1.8337783813476562,1.2615375518798828,1.2098026275634766
13,782,122.9046630859375,496.2711486816406,2.442584991455078,1.9331191778182983,1.1221914291381836
13,783,105.89591217041016,424.98748779296875,2.11323881149292,1.332365870475769,1.417001724243164
13,784,94.96629333496094,359.3591613769531,1.9676793813705444,1.4665852785110474,1.138829231262207
13,785,138.74557495117188,605.9952392578125,2.6048684120178223,1.9114466905593872,1.3692951202392578
13,786,102.72340393066406,391.20135498046875,2.1201088428497314,1.541698694229126,0.9361591339111328
13,787,148.65098571777344,796.7333984375,2.299254894256592,1.5236494541168213,1.922896385192871
13,788,119.71446228027344,636.0546264648438,1.8702998161315918,2.6085965633392334,1.1052474975585938
13,789,105.95681762695312,358.8366394042969,2.3357715606689453,1.2972838878631592,1.1963281631469727
13,790,93.40486907958984,317.9927978515625,2.0535197257995605,1.4064327478408813,1.002791404724121
13,791,101.30575561523438,314.70904541015625,2.3278284072875977,1.281416654586792,1.1500587463378906
13,792,107.64321899414062,590.86669921875,1.6185517311096191,1.8531742095947266,1.391251564025879
13,793,87.59718322753906,316.3077392578125,1.8655469417572021,1.2528389692306519,0.9353694915771484
13,794,245.35289001464844,1822.0150146484375,2.105046033859253,2.7679316997528076,1.3260955810546875
13,795,127.91917419433594,653.96826171875,2.084078073501587,2.165489673614502,1.3081245422363281
13,796,98.94924926757812,358.54345703125,2.103163242340088,1.0754930973052979,1.3707647323608398
13,797,104.24085235595703,431.7296142578125,2.0355963706970215,1.2673649787902832,1.1722087860107422
13,798,141.0360107421875,767.0369262695312,2.1444101333618164,2.195237159729004,1.9579238891601562
13,799,145.72378540039062,793.3960571289062,2.21280574798584,2.0272622108459473,1.373185157775879
13,800,152.77902221679688,902.2737426757812,2.085054636001587,2.3935585021972656,1.3939018249511719
13,801,83.86361694335938,319.8447570800781,1.7293047904968262,1.0766746997833252,1.1828298568725586
13,802,94.71881866455078,375.9742431640625,1.9040465354919434,1.7224706411361694,1.3086776733398438
13,803,109.12086486816406,390.2471923828125,2.336538314819336,1.5922422409057617,1.052933692932129
13,804,117.11299896240234,652.05322265625,1.7302558422088623,1.3764476776123047,1.6739234924316406
13,805,121.7509994506836,580.5924072265625,2.123058557510376,1.6883559226989746,1.6588973999023438
13,806,106.57440185546875,470.3560791015625,1.9846264123916626,1.9795517921447754,1.2569913864135742
13,807,104.8629379272461,458.2573547363281,1.9679067134857178,1.5366318225860596,1.2457561492919922
13,808,124.81544494628906,610.0399169921875,2.1270484924316406,1.8720148801803589,1.3273420333862305
13,809,84.51018524169922,251.05984497070312,1.980139970779419,1.2371525764465332,0.9268693923950195
13,810,140.10394287109375,699.0045166015625,2.340116500854492,2.3070569038391113,1.2618045806884766
13,811,143.2516326904297,633.2063598632812,2.6643667221069336,2.0938544273376465,1.913534164428711
13,812,139.8265380859375,751.746337890625,2.1550633907318115,1.9145666360855103,1.0630807876586914
13,813,145.29400634765625,699.972900390625,2.5098907947540283,1.5160398483276367,1.895650863647461
13,814,162.41134643554688,1027.6683349609375,1.9881502389907837,2.3427414894104004,1.665431022644043
13,815,145.1421356201172,767.2466430664062,2.2805824279785156,1.8836567401885986,1.8853530883789062
13,816,185.85870361328125,1217.087890625,2.1383299827575684,2.85444974899292,1.214975357055664
13,817,128.75338745117188,715.8138427734375,1.905733346939087,1.9350697994232178,1.9335145950317383
13,818,124.34365844726562,532.37841796875,2.3701939582824707,1.398066520690918,1.6368093490600586
13,819,75.19314575195312,345.6214599609375,1.3543665409088135,1.1433897018432617,1.3792142868041992
13,820,108.54812622070312,495.7721252441406,1.9656970500946045,1.5861698389053345,1.4051637649536133
13,821,121.54639434814453,580.2315063476562,2.117441415786743,1.524680256843567,1.5113182067871094
13,822,154.6632537841797,784.0121459960938,2.5420680046081543,1.691720724105835,1.5261354446411133
13,823,101.042724609375,453.54364013671875,1.8562787771224976,1.446197509765625,1.2419700622558594
13,824,100.46104431152344,353.5946044921875,2.1700525283813477,1.4373539686203003,1.2811651229858398
13,825,139.89877319335938,799.3114013671875,1.9989206790924072,1.6409847736358643,1.5018959045410156
13,826,91.48229217529297,346.9145202636719,1.8930280208587646,1.4408149719238281,0.9641456604003906
13,827,103.40283203125,437.8668212890625,1.987204909324646,1.0772922039031982,1.8262948989868164
13,828,114.093994140625,499.5982971191406,2.137805461883545,1.7412482500076294,1.016082763671875
13,829,93.79695129394531,343.1591796875,1.982701063156128,1.6237750053405762,1.3267335891723633
13,830,125.38510131835938,546.718017578125,2.357109785079956,1.2037299871444702,1.6592226028442383
13,831,117.10542297363281,569.5307006835938,2.0050785541534424,1.883221983909607,1.317275047302246
13,832,98.50141906738281,380.2012939453125,2.016042947769165,1.6757478713989258,0.9147186279296875
13,833,125.02237701416016,548.75244140625,2.338237762451172,1.550003170967102,0.7490158081054688
13,834,184.98388671875,1234.068603515625,2.052567720413208,3.4043707847595215,1.8554086685180664
13,835,99.4800796508789,324.6038818359375,2.233989715576172,1.2545140981674194,0.8640069961547852
13,836,113.54741668701172,478.8160705566406,2.1888604164123535,1.6947095394134521,1.1851329803466797
13,837,104.02803039550781,461.7520751953125,1.9284273386001587,1.9177539348602295,1.3006572723388672
13,838,104.83793640136719,413.39013671875,2.1166305541992188,1.240872859954834,1.3444929122924805
13,839,118.08059692382812,508.4603271484375,2.241152048110962,1.6392141580581665,1.364297866821289
13,840,217.47547912597656,1482.63916015625,2.3070521354675293,2.797013998031616,1.768996238708496
13,841,98.90069580078125,368.58172607421875,2.068084239959717,1.0287468433380127,1.1328697204589844
13,842,106.24746704101562,505.51226806640625,1.856541395187378,1.824106216430664,1.3668546676635742
13,843,107.09918212890625,444.1184387207031,2.0895776748657227,1.6245222091674805,1.3771638870239258
13,844,121.45231628417969,614.7183227539062,1.999349594116211,1.771774411201477,1.4174070358276367
13,845,88.02436065673828,300.283447265625,1.9332005977630615,1.4133607149124146,0.9062528610229492
13,846,98.6893310546875,521.4674682617188,1.5514194965362549,1.60569167137146,1.123260498046875
13,847,122.44740295410156,622.8655395507812,2.005361557006836,1.9781969785690308,1.270059585571289
13,848,128.5501708984375,672.6376953125,2.042880058288574,2.0544323921203613,0.9891824722290039
13,849,116.92076873779297,568.3941650390625,2.002711772918701,1.4365876913070679,1.6936683654785156
13,850,106.55001068115234,404.2491760253906,2.204169750213623,1.7825522422790527,0.7325973510742188
13,851,117.7502670288086,467.84063720703125,2.365540027618408,1.649014949798584,1.1920356750488281
13,852,134.68930053710938,731.659423828125,2.050778388977051,2.053727149963379,1.0200777053833008
13,853,123.8201904296875,666.124755859375,1.906923532485962,2.016035795211792,1.1962041854858398
13,854,117.6812515258789,546.107421875,2.1023502349853516,1.2470009326934814,1.725398063659668
13,855,120.15330505371094,644.132080078125,1.8580031394958496,1.9441027641296387,1.4583196640014648
13,856,143.28073120117188,739.8222045898438,2.309950351715088,2.222601890563965,1.1284141540527344
13,857,87.99104309082031,315.7122802734375,1.8806605339050293,1.482071876525879,1.1575088500976562
13,858,106.58665466308594,495.527099609375,1.9011313915252686,1.910426139831543,1.2690954208374023
13,859,103.58048248291016,440.4558410644531,1.9844965934753418,1.5442965030670166,1.3591632843017578
13,860,135.064697265625,762.4934692382812,1.960511326789856,2.3293211460113525,1.2661914825439453
13,861,133.3003387451172,603.1806640625,2.4327423572540283,2.367978811264038,1.132615089416504
13,862,102.92984008789062,391.88189697265625,2.1247217655181885,1.6487239599227905,0.9780988693237305
13,863,108.20055389404297,448.28265380859375,2.1124095916748047,1.7501754760742188,1.1497154235839844
13,864,111.39154052734375,412.2373962402344,2.3389267921447754,1.8038763999938965,0.9713611602783203
13,865,87.47322082519531,272.8910827636719,2.0061371326446533,1.3176896572113037,0.9603137969970703
13,866,115.29025268554688,537.6878051757812,2.050715923309326,1.8827502727508545,1.0815849304199219
13,867,117.43759155273438,566.9284057617188,2.024825096130371,1.489055871963501,1.8064699172973633
13,868,89.96328735351562,313.455810546875,1.9539234638214111,1.382450819015503,0.9792089462280273
13,869,110.00958251953125,496.0098571777344,2.013619899749756,1.8617684841156006,1.2558765411376953
13,870,183.67771911621094,1207.50927734375,2.0975594520568848,2.1278765201568604,1.1143159866333008
13,871,97.40377807617188,358.861572265625,2.0505874156951904,1.401404619216919,1.2427797317504883
13,872,135.48483276367188,776.0930786132812,1.9291839599609375,2.51486873626709,0.9515104293823242
13,873,146.86135864257812,662.3255004882812,2.687626838684082,2.132589817047119,1.471064567565918
13,874,107.64373779296875,452.2520446777344,2.080617904663086,1.2039299011230469,1.4636173248291016
13,875,123.94856262207031,523.8743286132812,2.385371208190918,1.9743893146514893,1.1120824813842773
13,876,147.53182983398438,884.3997802734375,1.9697282314300537,2.699774742126465,1.0300283432006836
13,877,114.712890625,539.2184448242188,2.0263681411743164,1.419288992881775,1.626845359802246
13,878,130.31881713867188,606.0008544921875,2.323957920074463,1.660569429397583,1.4496164321899414
13,879,129.9429168701172,667.2095336914062,2.107398748397827,2.0036041736602783,1.2477903366088867
13,880,158.96983337402344,960.7626953125,2.096452236175537,2.870750665664673,1.3677692413330078
13,881,112.40469360351562,464.5287780761719,2.1983938217163086,1.4130678176879883,1.3898124694824219
13,882,130.5236053466797,623.6284790039062,2.2720251083374023,1.5967812538146973,1.489583969116211
13,883,101.07449340820312,362.8246154785156,2.1597342491149902,1.3082313537597656,1.2017927169799805
13,884,94.7393569946289,376.2944030761719,1.9036638736724854,1.303086519241333,1.333073616027832
13,885,111.65501403808594,460.4051513671875,2.187150001525879,1.779286503791809,1.1692161560058594
13,886,107.57147216796875,463.1845703125,2.041767120361328,1.5230119228363037,1.314671516418457
13,887,127.1151123046875,614.3916015625,2.1891984939575195,1.791940450668335,1.355717658996582
13,888,145.33731079101562,842.7527465820312,2.0354011058807373,2.3778018951416016,1.3131294250488281
13,889,111.77975463867188,399.1505126953125,2.3954901695251465,1.444098949432373,1.3806390762329102
13,890,138.7772979736328,779.9435424804688,2.0260982513427734,1.7088520526885986,2.0712718963623047
13,891,111.72219848632812,473.9765625,2.144151210784912,1.6021037101745605,1.5453338623046875
13,892,134.85940551757812,802.6475830078125,1.8198214769363403,2.49937105178833,1.5807218551635742
13,893,137.42242431640625,722.7438354492188,2.1716015338897705,1.871315598487854,1.284785270690918
13,894,98.65768432617188,359.2016906738281,2.0912506580352783,1.3386635780334473,1.1194267272949219
13,895,491.528076171875,4352.755859375,1.8750818967819214,3.7060346603393555,1.903773307800293
13,896,108.27092742919922,402.89276123046875,2.266055107116699,1.7336678504943848,1.0406579971313477
13,897,119.01956176757812,558.35009765625,2.106151580810547,2.308065891265869,1.2912683486938477
13,898,126.71302032470703,564.20751953125,2.3430755138397217,1.697043538093567,1.1748361587524414
13,899,82.48711395263672,268.3228454589844,1.8551610708236694,1.2580766677856445,0.9911327362060547
13,900,76.923095703125,208.8359832763672,1.867983341217041,0.8874219655990601,1.1135454177856445
13,901,103.17399597167969,439.82232666015625,1.9730587005615234,1.3638466596603394,1.5238428115844727
13,902,102.09854125976562,428.5473937988281,1.9747931957244873,1.6316211223602295,1.2933931350708008
13,903,102.74832916259766,417.87908935546875,2.0320138931274414,1.2602568864822388,1.119429588317871
13,904,492.10479736328125,4297.6591796875,2.0779623985290527,3.4603424072265625,0.9590845108032227
13,905,102.08735656738281,482.7049560546875,1.7938954830169678,1.7136701345443726,1.1006889343261719
13,906,129.5626678466797,688.1143798828125,2.025041103363037,1.9763150215148926,1.7206392288208008
13,907,144.82237243652344,835.234375,2.0432980060577393,2.546438694000244,1.457448959350586
13,908,113.78861236572266,470.2940368652344,2.225306987762451,1.8152154684066772,1.3867425918579102
13,909,124.20631408691406,602.898193359375,2.130549907684326,2.215775728225708,1.280125617980957
13,910,143.9525146484375,767.8519897460938,2.238910675048828,2.24655818939209,1.3253183364868164
13,911,147.02792358398438,798.5086669921875,2.2392349243164062,2.084958553314209,2.1508264541625977
13,912,100.76429748535156,401.9811096191406,2.0188729763031006,1.7384264469146729,1.0931568145751953
13,913,163.96224975585938,926.3626098632812,2.377532958984375,1.9517868757247925,2.0217456817626953
13,914,90.93072509765625,356.89984130859375,1.841357946395874,1.0123884677886963,1.1997976303100586
13,915,95.23733520507812,388.919189453125,1.878180742263794,1.3696765899658203,1.3065948486328125
13,916,164.2405242919922,1014.6557006835938,2.092498540878296,1.70831298828125,1.5963563919067383
13,917,112.10818481445312,443.44110107421875,2.2588024139404297,1.5651923418045044,1.1325864791870117
13,918,96.81254577636719,305.7799072265625,2.2078185081481934,1.417331337928772,0.7334575653076172
13,919,121.2515869140625,620.773681640625,1.9724737405776978,1.3338587284088135,1.638514518737793
13,920,97.60433197021484,423.2567443847656,1.8426218032836914,1.4905328750610352,1.2852773666381836
13,921,94.31280517578125,377.8819274902344,1.8841536045074463,1.3943309783935547,1.3467750549316406
13,922,104.96885681152344,467.9833679199219,1.9390171766281128,1.2568867206573486,1.0266284942626953
13,923,113.44828796386719,465.848876953125,2.2287800312042236,1.5220266580581665,1.3953800201416016
13,924,106.01893615722656,400.8388366699219,2.1978349685668945,1.7430145740509033,1.072627067565918
13,925,227.6021728515625,1708.4122314453125,1.892031192779541,2.6429483890533447,0.995452880859375
13,926,124.03408813476562,626.329345703125,2.0467052459716797,2.1147046089172363,1.043853759765625
13,927,110.0442886352539,514.1427001953125,1.9543339014053345,1.9095817804336548,1.2202348709106445
13,928,103.74747467041016,419.465576171875,2.060030460357666,1.6616756916046143,1.161935806274414
13,929,115.60578918457031,521.165283203125,2.1163086891174316,1.2406502962112427,1.6840553283691406
13,930,96.85995483398438,267.43963623046875,2.3371996879577637,1.2560832500457764,0.959895133972168
13,931,105.32511901855469,458.7033996582031,1.981825828552246,1.3669012784957886,1.0204029083251953
13,932,254.9479522705078,1837.4454345703125,2.3734467029571533,2.403898239135742,1.4254341125488281
13,933,182.53634643554688,1208.516357421875,2.056156635284424,2.382053852081299,1.6631965637207031
13,934,137.59214782714844,776.3162231445312,1.998684048652649,2.34059739112854,1.2312650680541992
13,935,184.21888732910156,1233.048828125,2.0304665565490723,2.715147018432617,1.5501670837402344
13,936,295.8447265625,2320.52490234375,2.126408100128174,3.2595722675323486,1.5423898696899414
13,937,104.27523803710938,419.7540588378906,2.0766611099243164,1.7534669637680054,1.0025568008422852
13,938,115.11476135253906,488.884765625,2.207542896270752,1.84098219871521,0.8739261627197266
13,939,145.03192138671875,783.4116821289062,2.223025321960449,2.0843067169189453,1.4102411270141602
13,940,88.46412658691406,334.09356689453125,1.8351590633392334,1.386535882949829,1.1354236602783203
13,941,125.61492919921875,663.789794921875,1.974531650543213,2.044027328491211,1.4970502853393555
13,942,110.45925903320312,417.1528015136719,2.2914657592773438,1.6784343719482422,1.071213722229004
13,943,111.61896514892578,550.69482421875,1.884982705116272,2.0315167903900146,1.5249528884887695
13,944,116.6051025390625,529.2460327148438,2.122683525085449,1.3028329610824585,1.508737564086914
13,945,112.68328857421875,584.01123046875,1.8094055652618408,1.395093321800232,1.7787084579467773
13,946,107.46633911132812,504.5792541503906,1.9002803564071655,1.8132082223892212,1.1814985275268555
13,947,135.31515502929688,696.6649169921875,2.188288688659668,1.6535258293151855,1.8839807510375977
13,948,103.30574798583984,447.04522705078125,1.9533741474151611,1.5086584091186523,1.07794189453125
13,949,102.70280456542969,384.9825439453125,2.1401517391204834,1.596461296081543,1.2733049392700195
13,950,130.32406616210938,692.9109497070312,2.0344319343566895,2.494870662689209,1.1666994094848633
13,951,124.59597778320312,601.5108642578125,2.148162841796875,2.1101558208465576,1.2123174667358398
13,952,318.59423828125,2442.545166015625,2.4779911041259766,3.841184616088867,1.2871103286743164
13,953,114.07987976074219,510.095458984375,2.102344512939453,1.62446928024292,1.0359563827514648
13,954,130.57369995117188,667.0830688476562,2.1288461685180664,2.0023722648620605,0.887847900390625
13,955,105.61100769042969,425.19805908203125,2.1030402183532715,1.5504255294799805,1.6205072402954102
13,956,113.22909545898438,512.348876953125,2.0664734840393066,1.585233449935913,1.4610986709594727
13,957,148.55760192871094,875.333251953125,2.0341427326202393,1.9058159589767456,1.7459115982055664
13,958,192.7437744140625,1181.431396484375,2.486687660217285,2.34989333152771,2.42169189453125
13,959,114.41336822509766,512.093017578125,2.106802225112915,1.7302415370941162,1.310791015625
13,960,106.76102447509766,437.85260009765625,2.0991921424865723,1.6056132316589355,1.1515483856201172
13,961,111.0716323852539,464.7707214355469,2.1531519889831543,1.5206162929534912,1.3212413787841797
13,962,174.24566650390625,1054.3443603515625,2.293707847595215,2.4526495933532715,1.5466222763061523
13,963,98.49778747558594,333.8827819824219,2.1703171730041504,1.3036885261535645,1.279123306274414
13,964,112.3861083984375,429.9100646972656,2.3131699562072754,1.498795747756958,1.1478242874145508
13,965,115.03945922851562,549.6305541992188,2.002546787261963,1.5948951244354248,1.3584527969360352
13,966,98.99385070800781,419.53631591796875,1.9013407230377197,1.617391586303711,1.4281854629516602
13,967,93.6058120727539,313.03143310546875,2.0767555236816406,1.0472943782806396,1.37548828125
13,968,95.01549530029297,331.4761962890625,2.062262535095215,1.1526203155517578,1.615494728088379
13,969,103.94503784179688,453.83905029296875,1.9520375728607178,1.5786492824554443,1.0785675048828125
13,970,130.03814697265625,610.820068359375,2.2985379695892334,1.9407919645309448,1.4313793182373047
13,971,396.00518798828125,3356.380859375,2.0122365951538086,3.466059923171997,1.4733161926269531
13,972,117.45423889160156,583.27685546875,1.9708850383758545,1.8914666175842285,1.2657346725463867
13,973,98.91957092285156,440.2532653808594,1.829807996749878,1.4775241613388062,1.5713939666748047
13,974,126.11041259765625,606.388427734375,2.1823854446411133,1.8405221700668335,1.6969547271728516
13,975,100.62870788574219,364.46527099609375,2.1394057273864746,1.2112616300582886,1.5635385513305664
13,976,105.36051177978516,438.365234375,2.050799608230591,1.3602283000946045,1.3675594329833984
13,977,247.3327178955078,1827.5595703125,2.1525583267211914,2.536825180053711,1.245772361755371
13,978,427.4593811035156,3624.093994140625,2.168332815170288,3.9311604499816895,0.8361988067626953
13,979,95.67755126953125,342.2362060546875,2.048464298248291,1.7612072229385376,0.7060337066650391
13,980,106.66221618652344,471.3175354003906,1.9843487739562988,1.0511953830718994,1.4468402862548828
13,981,142.04440307617188,788.3860473632812,2.1068599224090576,2.356809377670288,0.7881269454956055
13,982,119.70329284667969,588.1278076171875,2.029683828353882,1.8771984577178955,1.2789077758789062
13,983,114.37785339355469,490.7796936035156,2.1766629219055176,1.6952704191207886,1.2324028015136719
13,984,122.62398529052734,673.5032958984375,1.8424550294876099,1.9120055437088013,1.269495964050293
13,985,120.06044006347656,553.3428344726562,2.157538414001465,1.5259283781051636,1.2455978393554688
13,986,126.13178253173828,683.0009765625,1.927722692489624,2.259326934814453,1.1205215454101562
13,987,102.30235290527344,380.35577392578125,2.142225742340088,1.6064034700393677,0.9861736297607422
13,988,131.89239501953125,552.7432861328125,2.5539355278015137,1.5907237529754639,1.4082612991333008
13,989,85.26451110839844,322.56585693359375,1.7669308185577393,1.2693076133728027,1.3536691665649414
13,990,101.16167449951172,297.2041320800781,2.381375312805176,1.224792242050171,1.4460649490356445
13,991,115.57408142089844,485.35235595703125,2.2346279621124268,1.562169075012207,1.192495346069336
13,992,82.70753479003906,316.95306396484375,1.70040762424469,0.9890197515487671,1.0958271026611328
13,993,108.44972229003906,437.64263916015625,2.156182050704956,1.2004114389419556,1.3419523239135742
13,994,100.3702621459961,367.5558166503906,2.1204893589019775,1.3368968963623047,1.258255958557129
13,995,119.66230010986328,548.94775390625,2.1589174270629883,1.7167105674743652,1.1680097579956055
13,996,119.04927062988281,525.2745971679688,2.217393398284912,2.123459815979004,1.4690933227539062
13,997,112.9771728515625,596.3944091796875,1.7779242992401123,2.0529608726501465,1.4279041290283203
13,998,86.47978210449219,275.55194091796875,1.9641528129577637,1.2874369621276855,1.1131010055541992
13,999,131.24118041992188,757.7012939453125,1.8490350246429443,1.8933180570602417,1.8353042602539062
13,1000,118.6838607788086,459.2519226074219,2.4252889156341553,1.4868178367614746,0.7867641448974609
13,1001,209.13409423828125,1548.610107421875,1.8091027736663818,2.173114061355591,1.3690776824951172
13,1002,95.5766830444336,285.6755065917969,2.233637809753418,1.4881489276885986,1.059499740600586
13,1003,91.30224609375,289.0074768066406,2.080049991607666,1.1781140565872192,1.1843338012695312
13,1004,99.16983032226562,350.8695373535156,2.1360960006713867,1.2134828567504883,1.3721551895141602
13,1005,106.71150970458984,521.2059936523438,1.8196969032287598,1.6207029819488525,1.2580184936523438
13,1006,108.72039794921875,483.713623046875,2.011634349822998,1.7386350631713867,1.3106689453125
13,1007,106.6309814453125,464.71795654296875,2.0053060054779053,1.550594687461853,1.3456897735595703
13,1008,119.44242858886719,579.7991333007812,2.048750400543213,1.6914513111114502,1.4704980850219727
13,1009,119.5068359375,575.4080200195312,2.0655343532562256,1.8767805099487305,1.1192283630371094
13,1010,110.66165161132812,450.710693359375,2.186352491378784,1.0866599082946777,1.3976192474365234
13,1011,104.93460083007812,439.80279541015625,2.031810760498047,1.7322258949279785,1.1365470886230469
13,1012,109.24663543701172,491.364990234375,2.003671169281006,1.7006182670593262,1.3105411529541016
13,1013,104.85551452636719,457.46282958984375,1.9703078269958496,1.9037418365478516,1.2424421310424805
13,1014,119.98481750488281,602.2271728515625,1.992069959640503,1.750138759613037,1.2364482879638672
13,1015,102.3885498046875,393.7160339355469,2.100564956665039,1.6872026920318604,1.1771011352539062
13,1016,93.8385009765625,320.7450866699219,2.0587997436523438,1.1176650524139404,1.0931320190429688
13,1017,81.25758361816406,217.03988647460938,1.9851198196411133,1.2832244634628296,0.8564672470092773
13,1018,130.21946716308594,567.3386840820312,2.4495198726654053,1.6221923828125,1.3934097290039062
13,1019,99.96853637695312,372.5419616699219,2.09047794342041,1.302486777305603,1.219289779663086
13,1020,83.82752227783203,273.0715026855469,1.8840124607086182,1.0904557704925537,1.1765079498291016
13,1021,88.843505859375,312.3338623046875,1.920337200164795,1.338671326637268,1.3587207794189453
13,1022,114.48291015625,528.6417236328125,2.053957939147949,1.6446706056594849,1.4065132141113281
13,1023,121.17282104492188,550.3864135742188,2.204472541809082,2.1662864685058594,0.8597517013549805
13,1024,93.95359802246094,338.0097961425781,2.005087375640869,1.4836699962615967,1.0406732559204102
13,1025,124.3216552734375,544.6318359375,2.32861590385437,2.0162010192871094,1.208709716796875
13,1026,116.55459594726562,530.9881591796875,2.1151926517486572,2.147125720977783,0.8907642364501953
13,1027,122.42668151855469,610.9533081054688,2.0443782806396484,2.017665147781372,1.220820426940918
13,1028,133.932861328125,708.55078125,2.102592945098877,1.7911641597747803,1.7290687561035156
13,1029,108.49820709228516,472.384765625,2.0419909954071045,1.4817203283309937,1.232499122619629
13,1030,127.92034912109375,657.3355712890625,2.072892904281616,1.712835431098938,1.7316713333129883
13,1031,111.77452087402344,421.9300231933594,2.3193840980529785,1.466170072555542,1.4885015487670898
13,1032,123.04853820800781,583.8209228515625,2.155548334121704,1.9759819507598877,1.0670499801635742
13,1033,160.25872802734375,919.8248291015625,2.275874614715576,2.769702911376953,1.1098318099975586
13,1034,122.22224426269531,489.23016357421875,2.443307399749756,1.490062952041626,1.5678062438964844
13,1035,101.21537780761719,466.9859924316406,1.8172260522842407,1.3059666156768799,1.3832178115844727
13,1036,160.56771850585938,959.0982666015625,2.1552629470825195,2.3757071495056152,1.2173480987548828
13,1037,116.92090606689453,493.05023193359375,2.2538628578186035,1.5201826095581055,1.3698644638061523
13,1038,110.34471130371094,568.9469604492188,1.7816671133041382,1.278988003730774,1.82806396484375
13,1039,115.72940063476562,509.4203186035156,2.159579038619995,1.3843587636947632,1.482396125793457
13,1040,141.0616912841797,820.0272827148438,1.9686318635940552,2.1992626190185547,1.0438995361328125
13,1041,102.07709503173828,433.9278869628906,1.9561436176300049,1.081870198249817,1.0894908905029297
13,1042,89.78440856933594,291.54620361328125,2.0209927558898926,1.0603954792022705,1.0399742126464844
13,1043,114.63935852050781,620.4259033203125,1.753225564956665,1.935113787651062,1.4030790328979492
13,1044,95.70357513427734,309.02197265625,2.160045862197876,1.3135528564453125,0.9784946441650391
13,1045,100.99951171875,352.6373596191406,2.191192626953125,1.0093576908111572,1.1710376739501953
13,1046,94.87054443359375,300.2561340332031,2.1614978313446045,1.2229503393173218,1.1160125732421875
13,1047,86.7322006225586,322.4790344238281,1.8161431550979614,1.4591450691223145,1.086014747619629
13,1048,128.7877960205078,618.3396606445312,2.2317943572998047,2.0802626609802246,1.2120428085327148
13,1049,147.2236328125,892.0137939453125,1.934075117111206,2.1922154426574707,1.029343605041504
13,1050,139.1490478515625,690.8487548828125,2.335472583770752,1.9927716255187988,1.5152597427368164
13,1051,91.93012237548828,364.5285339355469,1.8492423295974731,1.3857543468475342,1.1675701141357422
13,1052,94.72903442382812,346.03662109375,2.004179000854492,1.357878565788269,1.1970138549804688
13,1053,107.51283264160156,375.6119384765625,2.331721305847168,1.6648176908493042,0.909449577331543
13,1054,131.77012634277344,769.2320556640625,1.828230381011963,1.7175743579864502,1.2876834869384766
13,1055,119.34512329101562,574.4786376953125,2.063241958618164,1.6071720123291016,1.4204416275024414
13,1056,95.74275207519531,325.2872009277344,2.1071343421936035,1.4988266229629517,1.2790517807006836
13,1057,184.63955688476562,1161.833251953125,2.281874418258667,2.6809709072113037,1.2813587188720703
13,1058,97.07487487792969,376.925537109375,1.9794107675552368,1.6218974590301514,1.1358909606933594
13,1059,102.59066772460938,509.6165466308594,1.7209670543670654,1.659276008605957,1.0837154388427734
13,1060,495.0836486816406,4234.73095703125,2.3870177268981934,4.031187534332275,1.1397171020507812
13,1061,136.86451721191406,726.712890625,2.1397743225097656,2.290595769882202,1.3580389022827148
13,1062,97.0625991821289,410.6086730957031,1.8667243719100952,1.7365102767944336,1.1024408340454102
13,1063,134.13902282714844,750.67578125,1.969048023223877,1.9540365934371948,0.8107872009277344
13,1064,94.90322875976562,376.7582092285156,1.907580018043518,1.228766918182373,1.2341318130493164
13,1065,150.42401123046875,835.16357421875,2.230255126953125,2.2269177436828613,1.4420700073242188
13,1066,109.09588623046875,456.7547607421875,2.114013671875,1.3759909868240356,1.6508913040161133
13,1067,108.66513061523438,462.36285400390625,2.0809614658355713,1.6710689067840576,1.2476749420166016
13,1068,79.89537048339844,319.97393798828125,1.5965993404388428,1.4062111377716064,1.1160669326782227
13,1069,97.1031265258789,380.23681640625,1.9693148136138916,1.2728184461593628,1.3424291610717773
13,1070,98.54371643066406,403.2283630371094,1.9406960010528564,1.2841564416885376,1.3716917037963867
13,1071,118.09481811523438,559.85546875,2.0703089237213135,1.5020263195037842,1.5579652786254883
13,1072,185.1669921875,1279.89599609375,1.9059127569198608,2.326328754425049,1.8462181091308594
13,1073,117.808837890625,529.1383056640625,2.1631669998168945,1.4335623979568481,1.701314926147461
13,1074,250.43536376953125,1774.8414306640625,2.4317073822021484,2.3709633350372314,1.4179019927978516
13,1075,97.27067565917969,336.9024963378906,2.11934757232666,1.2920184135437012,1.200089454650879
13,1076,200.4267578125,1317.3160400390625,2.2898383140563965,2.767162322998047,1.6256904602050781
13,1077,89.92936706542969,320.0421142578125,1.9308385848999023,1.11729896068573,1.109476089477539
13,1078,115.29856872558594,612.78662109375,1.8006634712219238,1.690903902053833,1.382431983947754
13,1079,133.7557373046875,759.586181640625,1.9265708923339844,2.112401008605957,1.4914627075195312
13,1080,122.93507385253906,528.2845458984375,2.3368873596191406,1.9167077541351318,1.2227697372436523
13,1081,103.68608093261719,431.9883117675781,2.0162415504455566,1.3931784629821777,1.3334321975708008
13,1082,165.0867156982422,1075.31689453125,1.9185009002685547,2.290329933166504,1.5605039596557617
13,1083,118.60201263427734,518.805908203125,2.2240474224090576,1.5170272588729858,1.1418781280517578
13,1084,116.59346008300781,550.4004516601562,2.0517804622650146,1.4592459201812744,1.0221977233886719
13,1085,92.59469604492188,345.23052978515625,1.9357213973999023,1.5310859680175781,0.9277067184448242
13,1086,101.16061401367188,437.8927917480469,1.9123777151107788,1.4116134643554688,1.332901954650879
13,1087,156.7168731689453,973.2103881835938,1.9798610210418701,2.2872633934020996,1.0998506546020508
13,1088,112.40457153320312,588.7435302734375,1.784340500831604,1.561413049697876,1.708974838256836
13,1089,113.66140747070312,589.4242553710938,1.8239660263061523,1.880509853363037,1.4802684783935547
13,1090,105.79818725585938,423.2795715332031,2.1156744956970215,1.362717628479004,1.2682609558105469
13,1091,102.65057373046875,491.2519226074219,1.784179449081421,1.374880075454712,1.6386442184448242
13,1092,231.88836669921875,1653.3426513671875,2.2184696197509766,2.8844008445739746,1.9513263702392578
13,1093,97.99079132080078,403.6293029785156,1.920928716659546,2.0182132720947266,1.1496992111206055
13,1094,113.88389587402344,515.406494140625,2.078108310699463,1.711848497390747,1.4169559478759766
13,1095,104.81438446044922,438.0621643066406,2.0336055755615234,1.6452817916870117,1.0913515090942383
13,1096,99.08610534667969,328.5777282714844,2.207611083984375,1.2488223314285278,1.0898637771606445
13,1097,141.4864044189453,734.7067260742188,2.267190933227539,1.7577893733978271,1.852187156677246
13,1098,133.89849853515625,595.0861206054688,2.4796628952026367,2.2478575706481934,0.9890108108520508
13,1099,108.20298767089844,456.56500244140625,2.0848827362060547,1.7411162853240967,1.2569904327392578
13,1100,171.31494140625,1090.228271484375,2.0764036178588867,2.966280221939087,1.4605941772460938
13,1101,113.63845825195312,511.66473388671875,2.082399606704712,1.693812608718872,1.5489788055419922
13,1102,126.20014953613281,689.4444580078125,1.908523440361023,1.9178963899612427,1.5381250381469727
13,1103,88.97994995117188,312.2974853515625,1.9250067472457886,1.5922592878341675,0.9943943023681641
13,1104,112.16961669921875,539.2407836914062,1.9415180683135986,1.5383946895599365,1.2812118530273438
13,1105,465.5545654296875,3990.777099609375,2.2158939838409424,3.444648504257202,1.6785926818847656
13,1106,98.17185974121094,351.3167724609375,2.101339340209961,1.4316470623016357,1.381922721862793
13,1107,117.91958618164062,604.4293823242188,1.9158881902694702,2.16587233543396,1.3692455291748047
13,1108,104.20877075195312,411.41314697265625,2.1022486686706543,1.4871290922164917,1.0910625457763672
13,1109,202.8937225341797,1407.0859375,2.0728373527526855,2.459714889526367,1.3673057556152344
13,1110,156.64239501953125,873.12646484375,2.3109915256500244,1.8693690299987793,1.4600820541381836
13,1111,111.75354766845703,606.8306274414062,1.7023494243621826,1.5588154792785645,2.056619644165039
13,1112,102.8741455078125,400.9686279296875,2.092576026916504,1.3622297048568726,1.4461498260498047
13,1113,233.89125061035156,1729.010986328125,2.0330047607421875,2.2396697998046875,1.3302001953125
13,1114,114.28640747070312,533.6387329101562,2.0307512283325195,1.5120357275009155,1.6639060974121094
13,1115,160.566650390625,993.3126220703125,2.0411794185638428,1.5075304508209229,1.9858570098876953
13,1116,100.98712158203125,353.8341979980469,2.1867899894714355,1.3466439247131348,0.9983797073364258
13,1117,242.2806396484375,1755.1295166015625,2.2255897521972656,3.1822547912597656,1.854207992553711
13,1118,191.47723388671875,1256.5296630859375,2.1941423416137695,3.061180591583252,1.4088659286499023
13,1119,161.49307250976562,944.5488891601562,2.2346062660217285,2.1020822525024414,1.9239082336425781
13,1120,118.62467193603516,579.4754638671875,2.022570848464966,1.8295769691467285,1.668375015258789
13,1121,120.11260986328125,590.9876708984375,2.03379487991333,1.5021380186080933,1.639388084411621
13,1122,93.08509063720703,318.3877868652344,2.04154372215271,1.2550766468048096,1.0826749801635742
13,1123,124.69786071777344,568.1929321289062,2.2626190185546875,1.9833014011383057,1.0936965942382812
13,1124,124.90385437011719,607.164306640625,2.139580726623535,1.7149757146835327,1.8137922286987305
13,1125,308.0679016113281,2413.7294921875,2.2231645584106445,2.6505517959594727,2.274740219116211
13,1126,133.57945251464844,704.4935913085938,2.1043362617492676,1.8706395626068115,1.7441062927246094
13,1127,103.49101257324219,446.82513427734375,1.9602832794189453,1.4984402656555176,1.447068214416504
13,1128,104.69568634033203,437.4245910644531,2.0317742824554443,1.6147058010101318,1.2837743759155273
13,1129,141.24615478515625,759.1572875976562,2.1776809692382812,1.7856507301330566,1.5061674118041992
13,1130,92.34663391113281,357.3176574707031,1.8871620893478394,1.229398250579834,1.447932243347168
13,1131,148.65029907226562,725.18798828125,2.5377166271209717,2.0455214977264404,1.3235244750976562
13,1132,128.85931396484375,677.8929443359375,2.0356674194335938,1.444167137145996,1.9274110794067383
13,1133,110.85104370117188,482.5399169921875,2.0865683555603027,1.4286279678344727,1.4102039337158203
13,1134,491.3531494140625,4270.62451171875,2.1430225372314453,4.128553867340088,1.5301704406738281
13,1135,123.57076263427734,566.0641479492188,2.232144832611084,2.007528305053711,1.3671789169311523
13,1136,113.13224792480469,526.4156494140625,2.0163559913635254,1.976960301399231,1.2334566116333008
13,1137,213.3921661376953,1441.226318359375,2.3089842796325684,3.4814724922180176,1.1984500885009766
13,1138,157.88037109375,965.07080078125,2.045776605606079,2.7633979320526123,1.7738018035888672
13,1139,89.07362365722656,362.1723937988281,1.7618794441223145,1.159622073173523,0.9223899841308594
13,1140,186.2058868408203,1235.2127685546875,2.089486837387085,2.745544195175171,1.1035261154174805
13,1141,121.701416015625,557.827880859375,2.1972875595092773,1.9786417484283447,1.4157724380493164
13,1142,126.22000122070312,596.7373657226562,2.2182087898254395,1.8165671825408936,1.1339797973632812
13,1143,94.41535949707031,361.92510986328125,1.9407614469528198,1.4424750804901123,0.9418811798095703
13,1144,99.3343276977539,405.84552001953125,1.9583258628845215,1.4332598447799683,1.3481073379516602
13,1145,80.16688537597656,280.875732421875,1.7359771728515625,1.2632592916488647,0.9736576080322266
13,1146,106.00033569335938,443.3951416015625,2.055360794067383,1.6425206661224365,1.5557584762573242
13,1147,110.93820190429688,495.9610595703125,2.044736385345459,1.2001162767410278,1.4677972793579102
13,1148,148.20281982421875,859.5650634765625,2.0748770236968994,1.82450270652771,1.072988510131836
13,1149,110.07144165039062,496.4248046875,2.014298439025879,1.6685817241668701,1.5225505828857422
13,1150,107.43247985839844,499.45196533203125,1.9162427186965942,2.1422107219696045,1.153334617614746
13,1151,107.62223815917969,456.21649169921875,2.0666861534118652,1.5966777801513672,1.172811508178711
13,1152,339.9082336425781,2784.007568359375,2.0502495765686035,3.1370627880096436,1.312067985534668
13,1153,107.95594787597656,469.2174072265625,2.034473419189453,1.8203003406524658,1.3822412490844727
13,1154,97.36573791503906,420.7042236328125,1.843177318572998,1.3347036838531494,1.3674449920654297
13,1155,115.90211486816406,580.3255004882812,1.928985357284546,1.617261528968811,0.9574518203735352
13,1156,127.72506713867188,651.1964111328125,2.0868475437164307,1.531947374343872,1.6366605758666992
13,1157,212.4461669921875,1464.536376953125,2.199751138687134,3.2818169593811035,1.1460437774658203
13,1158,89.05685424804688,350.86474609375,1.7990127801895142,1.4938421249389648,1.2488746643066406
13,1159,175.54299926757812,1098.094970703125,2.1911163330078125,2.046217918395996,1.823267936706543
13,1160,138.30136108398438,770.8851928710938,2.0404281616210938,1.8081367015838623,1.3575048446655273
13,1161,120.96965789794922,615.7889404296875,1.9796921014785767,1.5141887664794922,1.776479721069336
13,1162,90.22075653076172,310.35009765625,1.972858190536499,1.2970914840698242,1.3904409408569336
13,1163,89.17134094238281,352.982666015625,1.7957689762115479,1.607896327972412,1.0980644226074219
13,1164,98.18046569824219,296.46795654296875,2.2844555377960205,1.3088836669921875,1.1662940979003906
13,1165,104.80238342285156,393.229248046875,2.1826486587524414,1.7530845403671265,1.2430410385131836
13,1166,124.10921478271484,530.8878173828125,2.3673477172851562,1.6266076564788818,1.610154151916504
13,1167,135.71493530273438,714.4677124023438,2.142272472381592,1.817244052886963,1.5045299530029297
13,1168,130.4888916015625,655.3857421875,2.165010929107666,1.8849819898605347,1.5507450103759766
13,1169,178.17550659179688,1077.9957275390625,2.3458640575408936,2.297332286834717,0.8249301910400391
13,1170,112.96235656738281,407.998291015625,2.4054176807403564,1.8281927108764648,0.9306325912475586
13,1171,129.01251220703125,658.3494873046875,2.1059188842773438,2.010467529296875,1.0471315383911133
13,1172,214.72340393066406,1486.5648193359375,2.202230930328369,2.9531679153442383,1.0300178527832031
13,1173,97.56884765625,354.0550537109375,2.0721113681793213,1.0564366579055786,1.6095447540283203
13,1174,147.75070190429688,836.8027954101562,2.135680675506592,1.822912573814392,1.044999122619629
13,1175,253.97962951660156,1904.7169189453125,2.116931200027466,2.5928955078125,0.9578514099121094
13,1176,146.59796142578125,845.4476318359375,2.0684401988983154,2.37955641746521,1.0541620254516602
13,1177,149.074462890625,877.2412109375,2.045011520385742,2.6641180515289307,0.7794332504272461
13,1178,153.69989013671875,903.0506591796875,2.1131606101989746,2.724031925201416,1.254119873046875
13,1179,110.13616180419922,430.53314208984375,2.2360949516296387,1.4194724559783936,1.4898700714111328
13,1180,94.19400024414062,299.88177490234375,2.1401941776275635,1.4134056568145752,0.9191322326660156
13,1181,91.00617980957031,319.69927978515625,1.9678751230239868,1.320857286453247,1.1368598937988281
13,1182,96.51363372802734,401.5032043457031,1.878777027130127,1.6960121393203735,0.7560253143310547
13,1183,155.11727905273438,849.9295043945312,2.337477445602417,2.3917202949523926,1.6578025817871094
13,1184,104.40800476074219,424.1837158203125,2.0663208961486816,1.7295196056365967,1.293360710144043
13,1185,107.27742004394531,400.84344482421875,2.239769220352173,1.5610947608947754,1.133662223815918
13,1186,89.6191635131836,312.7821960449219,1.9446980953216553,1.4229896068572998,1.0338373184204102
13,1187,115.05753326416016,486.07818603515625,2.2149903774261475,1.9514415264129639,1.2555856704711914
13,1188,172.52310180664062,1224.6376953125,1.668644666671753,2.3462095260620117,1.000645637512207
13,1189,345.17144775390625,2864.131591796875,1.9586091041564941,3.1890530586242676,1.4427490234375
13,1190,118.38162994384766,509.0083923339844,2.249359607696533,1.4639716148376465,1.691298484802246
13,1191,100.3797378540039,401.2232971191406,2.008580207824707,1.5211241245269775,1.3640022277832031
13,1192,121.65049743652344,603.317138671875,2.043959379196167,1.6335078477859497,1.4917211532592773
13,1193,248.71348571777344,1780.871826171875,2.3542098999023438,2.9452033042907715,1.421900749206543
13,1194,99.27415466308594,373.8236083984375,2.0630595684051514,1.4742746353149414,1.1675872802734375
13,1195,85.180908203125,272.42156982421875,1.9312918186187744,1.2712907791137695,0.8773946762084961
13,1196,113.31394958496094,568.4397583007812,1.8823325634002686,1.705517053604126,1.1957664489746094
13,1197,104.58447265625,415.97821044921875,2.099555015563965,1.814265251159668,1.0124597549438477
13,1198,100.47119903564453,331.3203430175781,2.2446389198303223,0.961197018623352,1.3717336654663086
13,1199,113.28451538085938,459.0987548828125,2.245821475982666,1.6970850229263306,1.266366958618164
13,1200,105.7418212890625,450.4433288574219,2.023249626159668,1.3834116458892822,1.5583314895629883
13,1201,117.64004516601562,515.9053344726562,2.201650381088257,1.788047194480896,1.2211904525756836
13,1202,114.3625259399414,529.2933349609375,2.0477731227874756,1.9130620956420898,1.0848264694213867
13,1203,250.98251342773438,1888.0421142578125,2.0726099014282227,2.775470018386841,0.8633317947387695
13,1204,148.51266479492188,831.3822631835938,2.179147720336914,2.5640978813171387,1.2414579391479492
13,1205,99.52188110351562,407.410400390625,1.9593613147735596,1.8748615980148315,0.9703235626220703
13,1206,164.4129638671875,1004.7078247070312,2.1314055919647217,2.5268139839172363,0.8068151473999023
13,1207,104.15678405761719,432.2251281738281,2.031142234802246,1.640363335609436,1.0945940017700195
13,1208,139.0018310546875,766.2578125,2.0792012214660645,2.6493115425109863,1.3115310668945312
13,1209,106.52537536621094,393.993408203125,2.237534523010254,1.7374720573425293,0.840571403503418
13,1210,91.10304260253906,373.51318359375,1.7917242050170898,1.6275973320007324,1.1011524200439453
13,1211,140.85006713867188,578.91552734375,2.7652835845947266,2.050293445587158,1.3088550567626953
13,1212,124.7810287475586,564.0518188476562,2.2791948318481445,2.1997427940368652,1.2890796661376953
13,1213,147.36798095703125,758.187255859375,2.384974956512451,1.89695143699646,1.041285514831543
13,1214,132.2058563232422,763.5496826171875,1.8616962432861328,1.7665886878967285,1.6356210708618164
13,1215,96.453125,413.674560546875,1.8361890316009521,1.3564252853393555,1.4619970321655273
13,1216,300.78277587890625,2455.84423828125,1.839944839477539,2.852421760559082,1.6961097717285156
13,1217,105.98886108398438,417.16729736328125,2.142404317855835,1.2639939785003662,1.2046136856079102
13,1218,149.79428100585938,760.4398193359375,2.458343267440796,2.3472111225128174,1.1424989700317383
13,1219,219.5294647216797,1482.87890625,2.3747191429138184,2.461355686187744,1.7583637237548828
13,1220,92.01982116699219,386.7241516113281,1.7782468795776367,1.337235927581787,1.4994525909423828
13,1221,126.131591796875,657.0617065429688,2.0141806602478027,1.617575764656067,1.3602991104125977
13,1222,161.15060424804688,1011.7174072265625,1.9992949962615967,2.3282999992370605,1.281937599182129
13,1223,112.76998901367188,510.62713623046875,2.0569090843200684,2.1553752422332764,1.3893957138061523
13,1224,129.86984252929688,579.4498901367188,2.3974952697753906,1.8936283588409424,0.9491682052612305
13,1225,101.03462219238281,379.1875,2.1038622856140137,1.5293185710906982,1.3382291793823242
13,1226,98.43409729003906,358.7961730957031,2.0851492881774902,1.242281198501587,1.1316909790039062
13,1227,161.4293212890625,1027.5811767578125,1.95570707321167,2.746486186981201,1.4067163467407227
13,1228,117.03353118896484,523.9758911132812,2.154531478881836,1.4729695320129395,1.5789928436279297
13,1229,127.81523132324219,637.238037109375,2.136380672454834,1.897696614265442,1.0933465957641602
13,1230,86.97745513916016,368.9931640625,1.6692712306976318,1.1857198476791382,1.0342588424682617
13,1231,169.79872131347656,1071.168701171875,2.0893948078155518,2.8380680084228516,1.3118667602539062
13,1232,113.30717468261719,477.52099609375,2.185168981552124,1.3935778141021729,1.563450813293457
13,1233,128.70730590820312,552.892578125,2.447268486022949,1.3338711261749268,1.0997943878173828
13,1234,137.84304809570312,698.285888671875,2.267148494720459,1.806889295578003,1.6015253067016602
13,1235,151.62393188476562,829.1865844726562,2.290175676345825,2.006516933441162,1.3540563583374023
13,1236,98.47856140136719,458.9756774902344,1.752699851989746,1.519805908203125,1.4733352661132812
13,1237,127.87664794921875,646.3446044921875,2.1080729961395264,2.1073155403137207,1.2617406845092773
13,1238,109.25765991210938,451.3619689941406,2.1373822689056396,1.6730669736862183,1.1312341690063477
13,1239,104.88642883300781,502.33758544921875,1.8217556476593018,1.6868516206741333,1.2238197326660156
13,1240,87.99760437011719,310.35357666015625,1.8987414836883545,1.194840908050537,1.1534557342529297
13,1241,124.96041107177734,671.3916015625,1.927375078201294,2.0798423290252686,1.5123462677001953
13,1242,116.01254272460938,523.607177734375,2.121727466583252,2.057875156402588,1.237593650817871
13,1243,104.68958282470703,411.84356689453125,2.1168408393859863,1.3722697496414185,1.6644706726074219
13,1244,98.49393463134766,392.2482604980469,1.9756369590759277,1.5788791179656982,0.9724140167236328
13,1245,176.91903686523438,1116.5338134765625,2.1755216121673584,2.532377243041992,1.1989612579345703
13,1246,123.3656005859375,596.4359130859375,2.1240668296813965,1.4360977411270142,1.8134698867797852
13,1247,100.23477172851562,358.7522277832031,2.145318031311035,1.3496623039245605,1.056645393371582
13,1248,101.2788314819336,494.7726135253906,1.7267190217971802,1.5417976379394531,1.7965097427368164
13,1249,102.40652465820312,417.5687255859375,2.0216550827026367,1.3879786729812622,1.481607437133789
13,1250,132.22926330566406,641.5025634765625,2.2692999839782715,2.033454656600952,1.2361793518066406
13,1251,102.66206359863281,449.5149841308594,1.9236853122711182,1.4605735540390015,1.4111547470092773
13,1252,115.1673583984375,620.7662353515625,1.769690990447998,1.7951698303222656,0.9684171676635742
13,1253,127.42669677734375,609.4771728515625,2.215965747833252,1.9824446439743042,1.1443395614624023
13,1254,137.9576416015625,773.1499633789062,2.021421432495117,2.2055423259735107,1.279928207397461
13,1255,388.0255432128906,3322.42822265625,1.8594233989715576,3.2326931953430176,1.3131895065307617
13,1256,118.08301544189453,521.801513671875,2.1967620849609375,1.3053838014602661,1.766073226928711
13,1257,121.19570922851562,552.92041015625,2.196788787841797,1.9694247245788574,1.8864049911499023
13,1258,98.01675415039062,414.2089538574219,1.886528491973877,1.919918417930603,0.9719533920288086
13,1259,101.09584045410156,370.80804443359375,2.1338343620300293,1.359910249710083,1.0886297225952148
13,1260,110.98942565917969,452.23919677734375,2.192183494567871,1.1858298778533936,1.4598808288574219
13,1261,89.02875518798828,240.10215759277344,2.1672847270965576,1.0042659044265747,1.170811653137207
13,1262,117.34256744384766,491.639404296875,2.272620916366577,1.8684585094451904,1.1257810592651367
13,1263,159.37808227539062,895.1644287109375,2.328721046447754,2.256547451019287,1.8991832733154297
13,1264,100.92300415039062,389.28619384765625,2.066479444503784,1.9369254112243652,1.1383237838745117
13,1265,90.03669738769531,223.96029663085938,2.2546887397766113,1.2491021156311035,0.9298563003540039
13,1266,99.92018127441406,414.025146484375,1.9505887031555176,1.4874550104141235,1.1623973846435547
13,1267,121.74918365478516,577.932373046875,2.1318647861480713,1.9822132587432861,1.2403669357299805
13,1268,94.70561218261719,385.483154296875,1.8719099760055542,1.5072736740112305,1.1153039932250977
13,1269,109.13667297363281,529.8674926757812,1.8716641664505005,1.4781084060668945,1.3786678314208984
13,1270,105.60489654541016,486.43096923828125,1.8987267017364502,1.2610856294631958,1.2436485290527344
13,1271,106.36439514160156,481.7119140625,1.9397733211517334,1.5646727085113525,1.0548477172851562
13,1272,80.71428680419922,247.43560791015625,1.86569082736969,1.2701404094696045,0.9355297088623047
13,1273,133.91058349609375,632.3089599609375,2.3559892177581787,2.1221060752868652,1.2196111679077148
13,1274,159.302978515625,952.5333862304688,2.1349875926971436,2.625650405883789,1.235060691833496
13,1275,99.39202880859375,385.1871643066406,2.0291101932525635,1.3931829929351807,1.0950374603271484
13,1276,118.585205078125,509.0366516113281,2.2560510635375977,1.9167141914367676,1.229034423828125
13,1277,119.5837173461914,602.8726196289062,1.9765485525131226,1.5771844387054443,1.391066551208496
13,1278,131.80035400390625,708.2318115234375,2.0325727462768555,1.378596544265747,1.5273113250732422
13,1279,133.0371551513672,639.3556518554688,2.3033862113952637,2.1081883907318115,1.2170648574829102
13,1280,167.28369140625,1012.263427734375,2.2019119262695312,2.449634313583374,1.6571531295776367
13,1281,118.60246276855469,515.4418334960938,2.2352757453918457,1.508270263671875,1.8104305267333984
13,1282,106.24124145507812,476.4776611328125,1.953115701675415,1.693782091140747,1.5004138946533203
13,1283,107.04521179199219,408.20416259765625,2.207493305206299,1.295865774154663,1.2979326248168945
13,1284,340.5209045410156,2759.353271484375,2.1528525352478027,4.119155406951904,1.1600961685180664
13,1285,112.82736206054688,552.46240234375,1.9193706512451172,1.7239487171173096,1.6658029556274414
13,1286,120.2301025390625,592.861083984375,2.031466245651245,1.9071520566940308,1.2232465744018555
13,1287,84.18389892578125,313.818603515625,1.7600679397583008,1.4435184001922607,1.3011093139648438
13,1288,124.38804626464844,578.6790161132812,2.2173380851745605,2.2824106216430664,0.949432373046875
13,1289,144.39141845703125,776.255859375,2.225527763366699,1.8007724285125732,1.5860795974731445
13,1290,110.03144836425781,488.6468505859375,2.0388920307159424,1.7952916622161865,1.1651344299316406
13,1291,107.13948059082031,335.405029296875,2.4532992839813232,1.2748346328735352,1.4741144180297852
13,1292,130.85147094726562,662.8175048828125,2.1523241996765137,1.3662080764770508,1.8477897644042969
13,1293,97.77220153808594,364.62713623046875,2.043649673461914,1.5382851362228394,0.8843498229980469
13,1294,154.2117156982422,869.7449951171875,2.2412405014038086,2.347414493560791,1.6018381118774414
13,1295,105.23484802246094,449.33111572265625,2.0100579261779785,1.6152281761169434,1.1464214324951172
13,1296,135.04348754882812,716.61181640625,2.112743377685547,2.284402847290039,0.9403257369995117
13,1297,180.22543334960938,1165.803466796875,2.121502637863159,2.228116035461426,1.1534233093261719
13,1298,121.9368896484375,607.4091186523438,2.0398659706115723,1.4976236820220947,1.6515655517578125
13,1299,129.84628295898438,663.2584228515625,2.1173481941223145,2.1402428150177,1.6249141693115234
13,1300,126.88221740722656,660.4684448242188,2.027845859527588,1.5672378540039062,1.7890214920043945
13,1301,97.10208129882812,418.62567138671875,1.8413171768188477,1.3871220350265503,1.504171371459961
13,1302,97.10242462158203,345.5619812011719,2.084874153137207,1.1932809352874756,0.8814525604248047
13,1303,232.82373046875,1758.1197509765625,1.9003918170928955,1.8361011743545532,2.713407516479492
13,1304,84.16432189941406,222.17044067382812,2.0649092197418213,1.1069425344467163,0.7349166870117188
13,1305,135.64784240722656,718.0439453125,2.128114938735962,2.1383490562438965,1.2769622802734375
13,1306,106.22113037109375,467.15594482421875,1.9835176467895508,1.469811201095581,1.4690923690795898
13,1307,113.94093322753906,512.2666625976562,2.090475559234619,1.763777256011963,1.3822383880615234
13,1308,118.37953186035156,543.3860473632812,2.134697437286377,1.4523098468780518,1.8958110809326172
13,1309,100.86981201171875,385.9423828125,2.075852394104004,1.5880231857299805,1.080216407775879
13,1310,90.28074645996094,316.7036437988281,1.9536794424057007,1.563560962677002,0.5610408782958984
13,1311,90.2834243774414,247.792724609375,2.1834716796875,1.130643367767334,0.9748592376708984
13,1312,93.24034118652344,248.91629028320312,2.278290271759033,1.3639886379241943,0.5695953369140625
13,1313,108.76194763183594,498.7765808105469,1.9628098011016846,1.7635780572891235,1.358414649963379
13,1314,78.56031799316406,208.73934936523438,1.9228794574737549,1.1603116989135742,0.7257089614868164
13,1315,126.85801696777344,667.6422119140625,2.003126621246338,2.2022132873535156,0.998845100402832
13,1316,87.57102966308594,321.6148681640625,1.846984624862671,1.2905516624450684,0.9935054779052734
13,1317,141.56393432617188,782.9232177734375,2.109053611755371,2.391920804977417,1.179422378540039
13,1318,265.7625427246094,1974.4052734375,2.277400016784668,2.6931586265563965,1.6543102264404297
13,1319,101.46625518798828,309.3166809082031,2.3511528968811035,1.5413382053375244,0.750910758972168
13,1320,308.67010498046875,2438.830078125,2.1595702171325684,2.9835522174835205,1.3006486892700195
13,1321,205.21900939941406,1326.9923095703125,2.417325973510742,2.564241886138916,1.7588729858398438
13,1322,236.8311767578125,1716.4019775390625,2.173032522201538,2.9956579208374023,1.53057861328125
13,1323,115.82485961914062,474.3456726074219,2.2796764373779297,1.6970924139022827,1.6216411590576172
13,1324,130.46783447265625,584.7180786132812,2.399867534637451,1.816654920578003,1.3193750381469727
13,1325,158.03636169433594,950.1211547851562,2.1008081436157227,2.4889869689941406,1.304640769958496
13,1326,104.08921813964844,389.0298767089844,2.1728742122650146,1.526306390762329,1.058706283569336
13,1327,97.23263549804688,349.90826416015625,2.0747268199920654,1.6319719552993774,1.2919178009033203
13,1328,124.71220397949219,674.7130126953125,1.9080297946929932,2.136561632156372,1.6051464080810547
13,1329,106.31364440917969,516.6246337890625,1.8217060565948486,1.4713709354400635,1.102839469909668
13,1330,96.93746948242188,397.40411376953125,1.9065685272216797,1.6450982093811035,1.2893505096435547
13,1331,121.84605407714844,608.024658203125,2.0347862243652344,1.6568204164505005,1.9117412567138672
13,1332,90.974365234375,276.6733093261719,2.110234260559082,1.4507884979248047,0.8416271209716797
13,1333,155.3148956298828,940.70068359375,2.041494131088257,1.6228225231170654,2.077847480773926
13,1334,152.59451293945312,909.6795654296875,2.054218292236328,1.896207571029663,1.9775066375732422
13,1335,158.89759826660156,961.9721069335938,2.090013027191162,1.8633615970611572,1.287827491760254
13,1336,99.8282470703125,341.7614440917969,2.188403606414795,1.3682142496109009,1.0902957916259766
13,1337,156.63424682617188,907.270263671875,2.1969075202941895,1.574304223060608,1.5466299057006836
13,1338,95.23190307617188,330.4031982421875,2.0730528831481934,1.2561225891113281,1.0542831420898438
13,1339,122.75324249267578,577.916015625,2.1653881072998047,1.8078067302703857,1.2323150634765625
13,1340,191.03271484375,1378.693115234375,1.772113561630249,2.4847707748413086,1.1422395706176758
13,1341,115.31838989257812,544.3131103515625,2.029569149017334,2.0156445503234863,1.0942068099975586
13,1342,114.58262634277344,541.1941528320312,2.0154404640197754,1.7357443571090698,1.5075645446777344
13,1343,99.55613708496094,411.2593994140625,1.9476732015609741,1.6665799617767334,0.9668178558349609
13,1344,141.5611572265625,826.714111328125,1.962991714477539,1.9080849885940552,1.47113037109375
13,1345,93.04267883300781,428.9720458984375,1.671515703201294,1.5051316022872925,1.3075752258300781
13,1346,123.21649169921875,703.7430419921875,1.7614063024520874,1.613497018814087,1.734816551208496
13,1347,150.56329345703125,786.1890869140625,2.398145914077759,2.2256572246551514,1.4490766525268555
13,1348,146.98065185546875,772.6553344726562,2.3238372802734375,1.731066107749939,1.4582786560058594
13,1349,107.83479309082031,508.6324462890625,1.8990516662597656,1.3254773616790771,1.5586061477661133
13,1350,125.69096374511719,614.094970703125,2.1427154541015625,1.7911574840545654,1.4280214309692383
13,1351,128.9458465576172,670.4068603515625,2.063505172729492,2.053929090499878,1.216963768005371
13,1352,118.7967529296875,508.4764404296875,2.264970302581787,1.4191718101501465,1.1282215118408203
13,1353,116.89060974121094,559.54296875,2.031210422515869,1.3006751537322998,1.8875255584716797
13,1354,143.34693908691406,867.82666015625,1.8854756355285645,1.7688363790512085,1.9254951477050781
13,1355,121.14775848388672,579.1932373046875,2.107614517211914,2.0178909301757812,1.0379304885864258
13,1356,149.34854125976562,923.7261962890625,1.8991976976394653,2.1727023124694824,1.4198007583618164
13,1357,147.7265625,878.2171630859375,1.9968281984329224,1.468889594078064,2.068269729614258
13,1358,120.51254272460938,603.74267578125,2.0046091079711914,2.107910633087158,1.4459266662597656
13,1359,163.7510986328125,924.1814575195312,2.377764940261841,2.4930403232574463,1.24957275390625
13,1360,126.22555541992188,643.3699951171875,2.0629520416259766,1.6586039066314697,1.7139711380004883
13,1361,205.09609985351562,1482.8564453125,1.8936818838119507,2.662334442138672,1.2630863189697266
13,1362,146.55587768554688,855.80126953125,2.032524585723877,2.2601077556610107,1.1902093887329102
13,1363,187.72286987304688,1208.669189453125,2.228531837463379,2.308765411376953,1.7423839569091797
13,1364,133.61102294921875,685.47998046875,2.1687676906585693,2.589879035949707,1.2762384414672852
13,1365,94.364501953125,308.01824951171875,2.11875581741333,1.2031151056289673,1.2842292785644531
13,1366,83.94292449951172,258.87762451171875,1.9351720809936523,0.8942883014678955,1.3439998626708984
13,1367,103.38832092285156,399.2747802734375,2.115361213684082,1.2669789791107178,1.330148696899414
13,1368,121.98602294921875,636.5823364257812,1.944259762763977,2.2123045921325684,0.8832082748413086
13,1369,99.31378173828125,336.3498229980469,2.189293384552002,1.077548861503601,1.334834098815918
13,1370,97.42533874511719,350.16729736328125,2.080286979675293,1.1131161451339722,1.0988903045654297
13,1371,83.73851013183594,220.50033569335938,2.0562825202941895,1.0152409076690674,0.9956274032592773
13,1372,163.84652709960938,908.2219848632812,2.4341440200805664,2.110612392425537,1.551778793334961
13,1373,104.68377685546875,455.4978332519531,1.9711329936981201,1.5156255960464478,1.3234453201293945
13,1374,114.32466125488281,459.427001953125,2.2793989181518555,1.789113998413086,1.121577262878418
13,1375,140.43426513671875,773.5208129882812,2.1027393341064453,1.4363278150558472,1.6302528381347656
13,1376,113.09535217285156,435.9938659667969,2.3165321350097656,1.6849231719970703,1.2736167907714844
13,1377,103.00657653808594,382.34356689453125,2.159074068069458,1.0843584537506104,1.3159914016723633
13,1378,112.75253295898438,437.2291564941406,2.3009872436523438,1.6062084436416626,1.5617380142211914
13,1379,85.01142883300781,280.61029052734375,1.8983466625213623,1.2443370819091797,0.9970493316650391
13,1380,104.22421264648438,352.23614501953125,2.3000197410583496,1.897386908531189,0.9230356216430664
13,1381,118.79493713378906,572.6668701171875,2.0509414672851562,1.4430112838745117,1.7102346420288086
13,1382,122.46925354003906,559.4771118164062,2.2173848152160645,1.606464147567749,1.023672103881836
13,1383,109.64864349365234,476.2551574707031,2.0674376487731934,1.6024917364120483,1.4415006637573242
13,1384,94.07977294921875,309.9827880859375,2.1027164459228516,1.3615913391113281,0.7540922164916992
13,1385,128.69053649902344,629.779296875,2.190420389175415,1.750955581665039,0.9181184768676758
13,1386,93.29896545410156,303.99560546875,2.096646785736084,1.628563642501831,0.8331851959228516
13,1387,109.125244140625,501.6380310058594,1.965381383895874,1.5885467529296875,0.9613981246948242
13,1388,107.60743713378906,484.8856506347656,1.9706289768218994,1.6603797674179077,1.7142095565795898
13,1389,114.47435760498047,476.49383544921875,2.22749924659729,1.9454323053359985,1.102341651916504
13,1390,110.33546447753906,498.7567138671875,2.015326499938965,1.4591169357299805,1.3779687881469727
13,1391,129.0247802734375,633.2635498046875,2.1899478435516357,1.9810574054718018,1.0939111709594727
13,1392,107.62664031982422,508.6174621582031,1.8921630382537842,1.3900560140609741,1.525618553161621
13,1393,129.09323120117188,657.0704345703125,2.112873077392578,1.9066320657730103,1.6389236450195312
13,1394,112.26908874511719,505.8782043457031,2.056042194366455,1.561142921447754,1.2454042434692383
13,1395,91.29338836669922,327.4407958984375,1.9516435861587524,1.502729892730713,1.0104551315307617
13,1396,107.53634643554688,487.6842041015625,1.9589309692382812,1.681347370147705,1.4440851211547852
13,1397,145.65789794921875,724.1897583007812,2.4412975311279297,1.9763004779815674,1.4667844772338867
13,1398,126.32261657714844,613.8386840820312,2.1646251678466797,2.2270357608795166,1.3598546981811523
13,1399,106.82673645019531,449.60308837890625,2.0622141361236572,1.7249797582626343,1.0023698806762695
13,1400,105.3927001953125,462.23565673828125,1.9723044633865356,1.6556740999221802,1.5825824737548828
13,1401,111.49392700195312,538.74951171875,1.9206324815750122,1.7196805477142334,1.1756906509399414
13,1402,129.62852478027344,747.1673583984375,1.830392837524414,1.6013813018798828,1.5911874771118164
13,1403,95.20852661132812,362.0236511230469,1.9668718576431274,1.4890327453613281,1.0382575988769531
13,1404,100.41725158691406,367.2310791015625,2.123137950897217,1.5722789764404297,1.0953350067138672
13,1405,108.6410903930664,510.2663269042969,1.9204819202423096,1.7775473594665527,1.3048772811889648
13,1406,107.256591796875,427.8041076660156,2.1492059230804443,1.5407650470733643,1.1610593795776367
13,1407,119.81822204589844,535.2626342773438,2.2097320556640625,2.1123480796813965,0.9640712738037109
13,1408,159.59463500976562,916.777587890625,2.2638959884643555,2.2380642890930176,1.2974939346313477
13,1409,102.76255798339844,416.99932861328125,2.0354208946228027,1.9055063724517822,0.9621515274047852
13,1410,128.75372314453125,639.245361328125,2.1609725952148438,2.0577168464660645,1.189859390258789
13,1411,108.65804290771484,480.1589050292969,2.021404981613159,1.610759973526001,1.0365829467773438
13,1412,106.50648498535156,498.36260986328125,1.889007568359375,1.4021234512329102,1.4955415725708008
13,1413,92.70354461669922,362.5914001464844,1.8814802169799805,1.3961896896362305,1.0751628875732422
13,1414,116.69418334960938,614.2662353515625,1.8422517776489258,1.3843693733215332,1.500971794128418
13,1415,107.66165924072266,473.92059326171875,2.008986711502075,1.527834177017212,1.11505126953125
13,1416,79.62628936767578,265.2528381347656,1.7700334787368774,1.1027183532714844,1.1146469116210938
13,1417,107.16845703125,446.62017822265625,2.083548069000244,1.4568965435028076,1.4425506591796875
13,1418,92.07403564453125,316.4775390625,2.014209270477295,1.440089225769043,1.1978235244750977
13,1419,110.104736328125,519.4920654296875,1.9385175704956055,1.6002647876739502,1.2273674011230469
13,1420,109.67031860351562,461.0911865234375,2.118706464767456,1.3451731204986572,1.7659502029418945
13,1421,123.54278564453125,520.8078002929688,2.3820667266845703,1.5692036151885986,1.1023874282836914
13,1422,144.78640747070312,786.7933959960938,2.203568935394287,2.035522937774658,1.3930025100708008
13,1423,150.503173828125,878.4562377929688,2.0885846614837646,1.8534265756607056,0.9992046356201172
13,1424,99.33627319335938,369.6096496582031,2.079177141189575,1.5219762325286865,1.297048568725586
13,1425,112.93930053710938,535.5723876953125,1.97940194606781,1.5285558700561523,1.5981998443603516
13,1426,127.30461883544922,622.0220947265625,2.1700804233551025,1.9626264572143555,1.481572151184082
13,1427,105.71473693847656,474.41766357421875,1.9424324035644531,1.4387240409851074,1.5057744979858398
13,1428,106.76753234863281,495.281494140625,1.9079794883728027,1.5369131565093994,1.6576499938964844
13,1429,98.21480560302734,372.7934875488281,2.031181812286377,1.5562224388122559,0.5971412658691406
13,1430,85.1916275024414,240.5366973876953,2.0379319190979004,1.2217137813568115,1.010538101196289
13,1431,104.37834167480469,505.143310546875,1.7954668998718262,1.6634340286254883,1.5505256652832031
13,1432,106.59666442871094,429.08905029296875,2.122925281524658,1.4749338626861572,1.1975717544555664
13,1433,90.99093627929688,289.1922912597656,2.069056987762451,1.500637173652649,0.9648962020874023
13,1434,154.5879364013672,868.3895263671875,2.2582995891571045,1.9168682098388672,1.5930776596069336
13,1435,133.40216064453125,603.7101440429688,2.4343717098236084,1.8705410957336426,1.641068458557129
13,1436,91.8062515258789,324.5921936035156,1.9782344102859497,1.4423086643218994,0.9724330902099609
13,1437,144.49288940429688,865.2662963867188,1.93220853805542,2.01123046875,1.4648771286010742
13,1438,92.35968017578125,393.7099914550781,1.766289472579956,1.5312937498092651,1.1757173538208008
13,1439,97.9293212890625,485.4698486328125,1.6460779905319214,1.427491307258606,1.3739070892333984
13,1440,96.54727172851562,377.8304443359375,1.9588075876235962,1.7516863346099854,0.9240961074829102
13,1441,92.00789642333984,268.8165283203125,2.170874834060669,1.3562877178192139,0.8024101257324219
13,1442,121.08564758300781,554.408203125,2.1881608963012695,1.3036563396453857,1.2409029006958008
13,1443,81.3658447265625,249.49542236328125,1.8805434703826904,1.3839480876922607,1.0104646682739258
13,1444,104.96067810058594,451.7593688964844,1.992824673652649,1.2162684202194214,1.5150232315063477
13,1445,94.17376708984375,341.1766357421875,2.0018699169158936,1.3146058320999146,1.2138166427612305
13,1446,140.0690155029297,781.8478393554688,2.062807559967041,2.5061728954315186,1.3502416610717773
13,1447,127.05574035644531,593.20947265625,2.257826566696167,2.357022762298584,0.8593034744262695
13,1448,98.29779815673828,375.0948486328125,2.0262770652770996,1.5087614059448242,1.4588909149169922
13,1449,97.35385131835938,411.9605407714844,1.8719264268875122,1.3614177703857422,1.409815788269043
13,1450,157.40235900878906,1027.4097900390625,1.8220458030700684,2.5106759071350098,1.1734857559204102
13,1451,99.1259994506836,409.9282531738281,1.937772512435913,1.3311598300933838,1.5168018341064453
13,1452,98.599365234375,375.0488586425781,2.036482810974121,1.6717329025268555,0.9007024765014648
13,1453,111.69580078125,439.4942932128906,2.2582125663757324,1.5656721591949463,1.3442859649658203
13,1454,142.01182556152344,821.024658203125,1.996978521347046,2.401737689971924,1.2556190490722656
13,1455,102.39915466308594,392.3978576660156,2.1053123474121094,1.3601040840148926,0.8944597244262695
13,1456,124.17864990234375,586.8126831054688,2.183245897293091,1.8234496116638184,1.077988624572754
13,1457,121.37920379638672,640.4194946289062,1.9112416505813599,2.2058966159820557,0.9366273880004883
13,1458,111.25048828125,473.8709716796875,2.128779888153076,1.2810190916061401,1.3066425323486328
13,1459,113.292724609375,452.4521789550781,2.2682502269744873,1.3349590301513672,1.3536872863769531
13,1460,106.81025695800781,463.90631103515625,2.0139875411987305,1.8049910068511963,1.1802129745483398
13,1461,96.84486389160156,378.1246032714844,1.967746615409851,1.385847568511963,0.683258056640625
13,1462,102.18714141845703,315.76348876953125,2.3536930084228516,1.3349671363830566,0.9257087707519531
13,1463,185.2388916015625,1253.805908203125,1.9952765703201294,2.4592535495758057,1.0900001525878906
13,1464,100.5592041015625,405.58770751953125,2.000014305114746,1.3658461570739746,1.1221733093261719
13,1465,115.50086975097656,543.158447265625,2.0395007133483887,1.9534451961517334,1.1118040084838867
13,1466,108.72601318359375,424.6221618652344,2.2087931632995605,1.5785750150680542,0.9812841415405273
13,1467,134.40248107910156,733.4625244140625,2.035207748413086,1.8680636882781982,1.7310466766357422
13,1468,209.46484375,1457.449462890625,2.1239962577819824,2.893315315246582,1.0254287719726562
13,1469,104.95649719238281,435.5155029296875,2.0468313694000244,1.7530056238174438,1.1980133056640625
13,1470,151.3375244140625,820.728515625,2.3088221549987793,2.0835602283477783,1.4872770309448242
13,1471,109.23739624023438,330.80511474609375,2.538562774658203,1.3787755966186523,1.27581787109375
13,1472,121.1744384765625,575.5126953125,2.120772361755371,1.507961630821228,1.4067907333374023
13,1473,127.0775146484375,501.2318115234375,2.5651445388793945,1.5714776515960693,1.1872386932373047
13,1474,130.5631561279297,650.5550537109375,2.1835885047912598,2.0893712043762207,1.3632183074951172
13,1475,90.2769546508789,422.5348815917969,1.6007821559906006,1.3501145839691162,1.2485160827636719
13,1476,94.99264526367188,292.6230163574219,2.191011667251587,1.1285498142242432,1.2810497283935547
13,1477,101.74575805664062,398.0906066894531,2.06455659866333,1.8160408735275269,0.8680181503295898
13,1478,101.07306671142578,301.4699401855469,2.3642024993896484,1.3119122982025146,1.1023797988891602
13,1479,128.50241088867188,643.4220581054688,2.1386730670928955,1.497308611869812,1.8146753311157227
13,1480,134.4066162109375,642.8541870117188,2.3373732566833496,2.148949146270752,1.2151298522949219
13,1481,101.02278137207031,409.62213134765625,2.002018928527832,1.5282385349273682,1.1949806213378906
13,1482,113.93010711669922,429.52215576171875,2.36592960357666,1.4151197671890259,1.3536033630371094
13,1483,318.61053466796875,2488.9912109375,2.323713779449463,2.716769218444824,1.1101322174072266
13,1484,97.50411987304688,357.8288879394531,2.0573744773864746,1.1756486892700195,1.2007598876953125
13,1485,326.5390625,2562.159423828125,2.3441038131713867,2.814441204071045,1.427729606628418
13,1486,111.73274230957031,506.30029296875,2.036756992340088,2.0007309913635254,1.1006641387939453
13,1487,101.39886474609375,418.7151794433594,1.9842448234558105,1.5981080532073975,1.240194320678711
13,1488,91.26960754394531,286.5644226074219,2.0871055126190186,1.0335922241210938,1.404505729675293
13,1489,93.873291015625,301.10797119140625,2.1254162788391113,1.2429633140563965,1.2025346755981445
13,1490,107.47398376464844,405.32342529296875,2.2313880920410156,1.5909876823425293,1.2274503707885742
13,1491,113.62751770019531,513.7749633789062,2.075000762939453,1.7845065593719482,1.1752586364746094
13,1492,92.06664276123047,244.54205322265625,2.2537477016448975,1.0184731483459473,0.9788331985473633
13,1493,110.38603210449219,536.0076904296875,1.8928419351577759,2.0310468673706055,0.8673839569091797
13,1494,124.50588989257812,647.2857055664062,1.9925774335861206,1.4497041702270508,1.6027297973632812
13,1495,119.91123962402344,620.77197265625,1.927801489830017,1.6605114936828613,1.6224098205566406
13,1496,98.4626235961914,393.510498046875,1.9703857898712158,1.663891077041626,1.0946369171142578
13,1497,113.86711120605469,527.8446044921875,2.036088466644287,1.3555465936660767,1.3216543197631836
13,1498,122.79183959960938,592.2333984375,2.118950128555298,1.6186516284942627,1.4786252975463867
13,1499,172.0926055908203,1128.77783203125,1.9738272428512573,2.2681937217712402,1.1760683059692383
13,1500,123.086669921875,530.1541748046875,2.3357083797454834,1.8214772939682007,1.0369720458984375
13,1501,95.35678100585938,341.96905517578125,2.0386624336242676,1.403638243675232,1.2162580490112305
13,1502,138.89212036132812,754.52392578125,2.1146576404571533,2.025115966796875,0.9639892578125
13,1503,167.94461059570312,1018.9742431640625,2.201572895050049,2.327564239501953,1.2531661987304688
13,1504,456.8804626464844,4009.948974609375,1.862851858139038,3.8470866680145264,1.791346549987793
13,1505,96.39170837402344,370.629150390625,1.9776263236999512,1.2098171710968018,1.10882568359375
13,1506,108.52522277832031,468.79705810546875,2.0548505783081055,1.5053393840789795,1.636998176574707
13,1507,130.81959533691406,713.3265380859375,1.9828979969024658,1.7549883127212524,1.6431961059570312
13,1508,104.04036712646484,478.28466796875,1.873729944229126,1.4210325479507446,1.4467926025390625
13,1509,89.78471374511719,311.500732421875,1.9544880390167236,1.339656114578247,1.1881465911865234
13,1510,94.62086486816406,307.87384033203125,2.1277828216552734,1.3491803407669067,0.9972400665283203
13,1511,116.03770446777344,564.5791015625,1.9859929084777832,2.1511216163635254,0.9121303558349609
13,1512,122.95404052734375,697.8865966796875,1.772179365158081,2.1380839347839355,1.211623191833496
13,1513,106.21232604980469,444.6037902832031,2.0583982467651367,1.335758924484253,1.6195259094238281
13,1514,148.39981079101562,870.6524658203125,2.044485330581665,2.1453447341918945,1.8035297393798828
13,1515,102.62310791015625,356.9060974121094,2.231083393096924,1.4048192501068115,1.3193740844726562
13,1516,168.5523681640625,1071.569580078125,2.046513557434082,2.4967174530029297,1.332301139831543
13,1517,101.87261199951172,433.0321044921875,1.9523133039474487,1.6903053522109985,1.2916393280029297
13,1518,111.72099304199219,535.0006103515625,1.9406976699829102,1.9235097169876099,1.2427482604980469
13,1519,157.5939483642578,995.130615234375,1.9360296726226807,2.1446399688720703,1.7312297821044922
13,1520,85.19340515136719,310.038330078125,1.806318998336792,1.3381503820419312,0.9397001266479492
13,1521,90.71868896484375,201.7642059326172,2.3514089584350586,1.1859208345413208,0.6127481460571289
13,1522,106.45610046386719,421.68756103515625,2.142911434173584,1.6115089654922485,1.3967647552490234
13,1523,94.10102844238281,375.1629638671875,1.8861578702926636,1.0634102821350098,1.5108308792114258
13,1524,124.84032440185547,626.3280029296875,2.0735840797424316,1.4729286432266235,1.442713737487793
13,1525,120.15052795410156,551.9253540039062,2.165266513824463,1.8634443283081055,1.2833757400512695
13,1526,105.89109802246094,403.901611328125,2.1833646297454834,1.7430353164672852,0.8600702285766602
13,1527,95.40856170654297,281.27911376953125,2.2426881790161133,1.331852912902832,0.7677364349365234
13,1528,155.40487670898438,928.4324951171875,2.0853874683380127,2.1168131828308105,1.1955299377441406
13,1529,547.3757934570312,4873.947265625,1.999368667602539,3.7145280838012695,1.3959999084472656
13,1530,110.61507415771484,505.29669189453125,2.0028467178344727,1.435404658317566,1.5219335556030273
13,1531,106.13284301757812,442.82501220703125,2.061677932739258,1.2648401260375977,1.0912389755249023
13,1532,96.96435546875,346.66497802734375,2.0765953063964844,1.6971569061279297,0.845372200012207
13,1533,127.87371826171875,586.7794189453125,2.306525707244873,2.3897013664245605,1.076817512512207
13,1534,108.97346496582031,520.8703002929688,1.896214246749878,1.6851599216461182,1.654470443725586
13,1535,101.57972717285156,453.88787841796875,1.8730313777923584,1.8171762228012085,0.6065530776977539
13,1536,118.13018798828125,547.4540405273438,2.112826108932495,1.8427019119262695,1.309952735900879
13,1537,109.58807373046875,492.7344970703125,2.0104875564575195,1.6506626605987549,1.491765022277832
13,1538,110.90983581542969,473.20050048828125,2.119659423828125,1.6460548639297485,1.2695035934448242
13,1539,129.37881469726562,591.2360229492188,2.3418400287628174,1.7831740379333496,1.1609745025634766
13,1540,126.10025024414062,663.436279296875,1.9918873310089111,1.94137704372406,1.2827072143554688
13,1541,136.31333923339844,777.9188232421875,1.950715184211731,2.1490516662597656,1.7069072723388672
13,1542,109.89724731445312,475.84674072265625,2.0770857334136963,1.5277347564697266,1.1327524185180664
13,1543,207.0809326171875,1408.92529296875,2.206279993057251,2.951951265335083,1.2785091400146484
13,1544,93.29108428955078,375.177734375,1.8591103553771973,1.4352242946624756,1.5741872787475586
13,1545,142.0951385498047,708.16162109375,2.3759658336639404,1.8069283962249756,1.55975341796875
13,1546,110.35139465332031,446.54302978515625,2.1899030208587646,1.2109767198562622,1.5130243301391602
13,1547,134.30018615722656,792.724853515625,1.834256887435913,1.7819300889968872,1.6044912338256836
13,1548,112.455322265625,399.4260559082031,2.41709041595459,1.5163482427597046,1.4332084655761719
13,1549,104.0462646484375,349.9196472167969,2.3018100261688232,1.3170267343521118,1.1270771026611328
13,1550,110.62588500976562,530.3256225585938,1.9197773933410645,1.797628402709961,1.1281213760375977
13,1551,107.84507751464844,478.57177734375,1.9995968341827393,1.9116393327713013,0.9398527145385742
13,1552,124.77638244628906,633.8616943359375,2.0463404655456543,1.7965452671051025,1.2034282684326172
13,1553,88.22352600097656,217.73294067382812,2.215007781982422,1.2449555397033691,0.726262092590332
13,1554,156.83975219726562,970.5884399414062,1.992696762084961,2.2669336795806885,1.9234914779663086
13,1555,536.3933715820312,4737.0712890625,2.0895419120788574,3.198585033416748,1.825357437133789
13,1556,95.69349670410156,394.6764831542969,1.8741950988769531,1.6526278257369995,1.4444093704223633
13,1557,93.31929016113281,333.78533935546875,1.9980249404907227,1.331873893737793,1.3506898880004883
13,1558,101.0721664428711,457.1299743652344,1.8453056812286377,1.4273951053619385,1.6438159942626953
13,1559,107.29194641113281,457.6882629394531,2.0507705211639404,1.5136072635650635,1.620279312133789
13,1560,85.6882095336914,284.1536865234375,1.9090946912765503,1.3448665142059326,1.098165512084961
13,1561,499.8822021484375,4380.83837890625,2.059945583343506,4.033318042755127,1.3275680541992188
13,1562,217.9373321533203,1437.134765625,2.474128246307373,2.6582136154174805,1.2450227737426758
13,1563,128.87709045410156,684.8331298828125,2.0131258964538574,2.1550211906433105,1.3295955657958984
13,1564,82.2710952758789,300.5402526855469,1.7405688762664795,1.1715161800384521,1.1783905029296875
13,1565,117.99916076660156,524.2514038085938,2.185800552368164,1.8980523347854614,1.0006256103515625
13,1566,108.77307891845703,487.96759033203125,1.9992105960845947,1.7945551872253418,1.4122915267944336
13,1567,136.10781860351562,678.6226196289062,2.2748520374298096,2.5410046577453613,1.3675498962402344
13,1568,102.91209411621094,474.97662353515625,1.847147822380066,1.3018766641616821,1.4433460235595703
13,1569,109.4342041015625,452.0852355957031,2.1408557891845703,1.8719291687011719,1.0620050430297852
13,1570,111.1639175415039,491.1982116699219,2.06813645362854,1.3505820035934448,1.5763673782348633
13,1571,122.40214538574219,537.1172485351562,2.2896804809570312,1.7937800884246826,1.4179534912109375
13,1572,145.65884399414062,851.8181762695312,2.0159010887145996,1.8698780536651611,1.3961849212646484
13,1573,142.81329345703125,737.9766845703125,2.300520896911621,1.9460684061050415,1.6395940780639648
13,1574,120.49552917480469,500.741943359375,2.3473777770996094,1.8990031480789185,1.0211868286132812
13,1575,117.08534240722656,593.4639892578125,1.9246313571929932,1.7521240711212158,1.1210269927978516
13,1576,118.71805572509766,626.1300048828125,1.8701684474945068,1.7117329835891724,1.3301115036010742
13,1577,99.69732666015625,425.63226318359375,1.9044698476791382,1.4865810871124268,1.3813753128051758
13,1578,112.62744903564453,482.88330078125,2.1446373462677,1.8127045631408691,1.005136489868164
13,1579,100.78346252441406,444.72711181640625,1.8770250082015991,1.0343756675720215,1.4674644470214844
13,1580,103.26751708984375,450.62255859375,1.9401752948760986,1.4997155666351318,1.5864133834838867
13,1581,146.54844665527344,746.834228515625,2.395500659942627,1.7884341478347778,1.5454235076904297
13,1582,99.72882080078125,412.98468017578125,1.9476783275604248,2.0034379959106445,0.7158126831054688
13,1583,109.61573028564453,428.92828369140625,2.2240967750549316,1.5455492734909058,1.058990478515625
13,1584,117.81962585449219,610.014892578125,1.8939378261566162,1.8604867458343506,0.8504314422607422
13,1585,135.76434326171875,787.7813720703125,1.8995404243469238,1.9178187847137451,1.260960578918457
13,1586,139.27127075195312,777.6015625,2.050370693206787,1.9986366033554077,1.3620882034301758
13,1587,99.33000946044922,369.4938659667969,2.0793540477752686,1.5210144519805908,1.1264562606811523
13,1588,82.14930725097656,305.3688049316406,1.720414400100708,1.3666802644729614,0.8857307434082031
13,1589,119.62117004394531,577.4346313476562,2.0625901222229004,1.7937825918197632,1.2839689254760742
13,1590,103.95771789550781,385.2906188964844,2.180954933166504,1.7868212461471558,0.9880580902099609
13,1591,121.12157440185547,583.8895263671875,2.0910873413085938,1.9729853868484497,1.2262496948242188
13,1592,117.42945098876953,502.7030029296875,2.238638401031494,1.903801441192627,1.140742301940918
13,1593,129.01803588867188,671.1627197265625,2.063392162322998,1.907700538635254,1.52398681640625
13,1594,82.78211975097656,259.4579162597656,1.8945443630218506,1.226119041442871,1.0263614654541016
13,1595,120.93896484375,580.2399291992188,2.097165584564209,1.8235812187194824,1.1658039093017578
13,1596,100.56771850585938,430.6415710449219,1.9167852401733398,1.6179816722869873,1.2290010452270508
13,1597,112.07623291015625,504.89788818359375,2.0528814792633057,1.4335737228393555,1.7519655227661133
13,1598,105.92178344726562,439.3654479980469,2.0661745071411133,1.4866468906402588,1.3181180953979492
13,1599,172.72425842285156,1078.954345703125,2.1609606742858887,2.8164782524108887,1.400385856628418
13,1600,114.44544982910156,491.13580322265625,2.1777291297912598,2.047793388366699,0.8975486755371094
13,1601,155.60658264160156,918.9301147460938,2.1237854957580566,2.951824188232422,1.1145029067993164
13,1602,139.1984100341797,626.3016357421875,2.5522749423980713,1.905705213546753,1.611149787902832
13,1603,93.13182067871094,425.8113098144531,1.6850230693817139,1.7549197673797607,1.2089195251464844
13,1604,112.7960433959961,495.04827880859375,2.1097071170806885,2.0710904598236084,1.2997608184814453
13,1605,95.09190368652344,349.00921630859375,2.00636625289917,1.4006037712097168,1.1999902725219727
13,1606,125.43840026855469,604.3003540039062,2.166945695877075,1.515232801437378,1.5711383819580078
13,1607,82.88514709472656,346.33111572265625,1.6084011793136597,1.417484998703003,1.225325584411621
13,1608,104.52742004394531,360.5361328125,2.2824602127075195,1.3370062112808228,1.2227582931518555
13,1609,137.60791015625,794.4807739257812,1.9386608600616455,2.595339775085449,1.3239374160766602
13,1610,134.59754943847656,723.0087890625,2.0765557289123535,1.7313799858093262,1.5670499801635742
13,1611,79.96129608154297,250.90567016601562,1.829024314880371,1.1636931896209717,0.9421558380126953
13,1612,279.6775207519531,2199.230712890625,1.991814374923706,3.389291763305664,0.8221168518066406
13,1613,137.44894409179688,796.8715209960938,1.9253932237625122,2.1922214031219482,1.2683954238891602
13,1614,93.07867431640625,370.94580078125,1.8661364316940308,1.0646696090698242,1.4411144256591797
13,1615,106.38230895996094,470.47509765625,1.9778265953063965,1.4205222129821777,1.4246807098388672
13,1616,100.6673355102539,421.3789367675781,1.9509813785552979,1.376427412033081,1.171280860900879
13,1617,95.52776336669922,428.12646484375,1.7571704387664795,1.3779006004333496,1.488698959350586
13,1618,98.07089233398438,430.094482421875,1.8353813886642456,1.702793002128601,1.237778663635254
13,1619,92.3453369140625,314.919677734375,2.0284457206726074,1.3680360317230225,1.2132282257080078
13,1620,134.2174072265625,680.40234375,2.2059059143066406,2.5270018577575684,1.1216020584106445
13,1621,172.00262451171875,1004.4607543945312,2.3852181434631348,2.393251419067383,1.4342565536499023
13,1622,115.74974822998047,563.7589111328125,1.9791284799575806,1.8332247734069824,1.0219268798828125
13,1623,129.27976989746094,715.0022583007812,1.9259848594665527,1.8495872020721436,1.8112802505493164
13,1624,105.40170288085938,428.8874816894531,2.0837650299072266,1.5813672542572021,0.9363889694213867
13,1625,98.11126708984375,388.81256103515625,1.9743335247039795,1.4158031940460205,1.2208871841430664
13,1626,100.62069702148438,387.43450927734375,2.062574863433838,1.421739935874939,1.3985958099365234
13,1627,86.96662902832031,324.7567138671875,1.8163652420043945,1.154481053352356,1.0517950057983398
13,1628,91.25116729736328,315.91015625,1.9886717796325684,1.0532050132751465,1.2426691055297852
13,1629,86.5485610961914,284.89947509765625,1.9352871179580688,1.4792789220809937,0.8986797332763672
13,1630,84.48373413085938,350.88824462890625,1.6464970111846924,1.5449552536010742,0.8837423324584961
13,1631,103.67738342285156,405.3183898925781,2.104851245880127,1.5617821216583252,0.9336729049682617
13,1632,95.93234252929688,314.2977294921875,2.150085687637329,1.2966961860656738,1.0839567184448242
13,1633,153.63958740234375,890.1056518554688,2.1543004512786865,1.997140884399414,1.0793485641479492
13,1634,84.36079406738281,272.9304504394531,1.9022581577301025,1.1405614614486694,1.0514907836914062
13,1635,101.21591186523438,373.916748046875,2.127474546432495,1.5518089532852173,1.0631217956542969
13,1636,95.7181396484375,410.30352783203125,1.8229262828826904,1.8568429946899414,0.7232732772827148
13,1637,137.93276977539062,749.2548828125,2.1002426147460938,2.1921463012695312,1.1967592239379883
13,1638,91.5294418334961,321.3014221191406,1.9799766540527344,1.1904407739639282,1.2333402633666992
13,1639,109.16783142089844,491.4078369140625,2.000901699066162,1.8395648002624512,1.3819360733032227
13,1640,101.998046875,369.70440673828125,2.1675868034362793,1.4893592596054077,1.2780208587646484
13,1641,117.48875427246094,551.8145751953125,2.0769097805023193,1.8216214179992676,1.5128393173217773
13,1642,118.14163970947266,602.82568359375,1.928635597229004,2.0156736373901367,1.3592300415039062
13,1643,91.08971405029297,307.3773498535156,2.011732578277588,1.416884422302246,1.1163816452026367
13,1644,98.64823150634766,454.7110900878906,1.7725707292556763,1.5094459056854248,1.5061635971069336
13,1645,91.23634338378906,330.11090087890625,1.9408416748046875,1.4009684324264526,0.9424238204956055
13,1646,154.78948974609375,819.94970703125,2.426483631134033,2.4972798824310303,0.9505186080932617
13,1647,100.00274658203125,412.8419494628906,1.9572851657867432,1.7687774896621704,1.0789556503295898
13,1648,102.76844787597656,399.061767578125,2.0954091548919678,1.7094513177871704,0.9067068099975586
13,1649,96.78662109375,385.1437072753906,1.942408561706543,1.4237161874771118,1.5224409103393555
13,1650,509.7936096191406,4519.2412109375,1.9289826154708862,3.53053617477417,1.3607969284057617
13,1651,91.07647705078125,304.9104309082031,2.019514560699463,1.2843856811523438,1.2913379669189453
13,1652,78.33749389648438,278.6072082519531,1.6825590133666992,1.2200647592544556,0.9001522064208984
13,1653,110.53179931640625,529.3350830078125,1.919942855834961,1.9784860610961914,1.2786169052124023
13,1654,112.60794067382812,516.4127197265625,2.032222270965576,1.8534549474716187,1.5941896438598633
13,1655,147.88449096679688,913.7957763671875,1.8834973573684692,1.9129263162612915,1.5460481643676758
13,1656,92.22579956054688,303.81622314453125,2.0614724159240723,1.066171407699585,1.156662940979004
13,1657,87.60772705078125,232.9599609375,2.143724203109741,1.3222568035125732,0.9183378219604492
13,1658,95.32252502441406,362.38671875,1.9694617986679077,1.3876316547393799,1.3132972717285156
13,1659,117.34759521484375,549.3521728515625,2.0804123878479004,1.6062397956848145,1.7393875122070312
13,1660,124.24468994140625,559.4154052734375,2.2767715454101562,1.4807767868041992,1.7304201126098633
13,1661,110.61834716796875,501.8221435546875,2.014537811279297,1.3504737615585327,1.4064207077026367
13,1662,93.28802490234375,342.0497741699219,1.9694347381591797,1.2732219696044922,1.2381792068481445
13,1663,146.9881591796875,786.0294799804688,2.2795066833496094,2.251413106918335,1.3604669570922852
13,1664,86.5239028930664,280.0408020019531,1.9506607055664062,1.2830853462219238,0.9500732421875
13,1665,115.01834106445312,592.1068115234375,1.860255241394043,1.9741750955581665,1.1747150421142578
13,1666,87.62126159667969,329.6243896484375,1.821960687637329,1.0065722465515137,1.2612361907958984
13,1667,710.7349243164062,6451.509765625,2.186131000518799,4.755459308624268,1.020768165588379
13,1668,100.99092102050781,400.23675537109375,2.0322413444519043,1.3882207870483398,1.5071134567260742
13,1669,113.33590698242188,530.683349609375,2.0089190006256104,1.8655728101730347,1.4820013046264648
13,1670,90.14691162109375,307.8647155761719,1.978681206703186,1.3809921741485596,0.9954986572265625
13,1671,113.61170959472656,517.760009765625,2.061190128326416,1.9540480375289917,0.9984683990478516
13,1672,99.63671875,409.4239196777344,1.9564775228500366,1.3053011894226074,1.3717937469482422
13,1673,99.89602661132812,445.46392822265625,1.8449877500534058,1.0553505420684814,1.7330751419067383
13,1674,112.42683410644531,503.9712219238281,2.067656993865967,1.6778111457824707,1.4813804626464844
13,1675,131.30299377441406,600.5971069335938,2.3747758865356445,2.0135862827301025,0.9237403869628906
13,1676,133.07264709472656,736.067626953125,1.9821962118148804,2.112837553024292,1.2555913925170898
13,1677,104.43660736083984,426.2108154296875,2.0605175495147705,1.422804355621338,1.2556800842285156
13,1678,104.01998901367188,461.59576416015625,1.928680419921875,1.5735836029052734,1.180699348449707
13,1679,84.1126708984375,250.94619750976562,1.967268466949463,0.9950723052024841,0.9226016998291016
13,1680,115.25851440429688,471.5078125,2.2702574729919434,1.5329530239105225,1.447310447692871
13,1681,152.31781005859375,861.863525390625,2.2043819427490234,1.9095838069915771,1.5635757446289062
13,1682,87.462890625,337.73016357421875,1.7896625995635986,0.9279143810272217,1.411935806274414
13,1683,327.46734619140625,2627.7548828125,2.156395435333252,2.8784852027893066,1.2035255432128906
13,1684,188.99093627929688,1251.78857421875,2.1270692348480225,2.4848175048828125,1.5008649826049805
13,1685,96.61701965332031,428.4877014160156,1.7922749519348145,1.803620457649231,1.0810365676879883
13,1686,105.18441772460938,451.71282958984375,2.0004377365112305,1.887263298034668,1.1890010833740234
13,1687,131.24234008789062,572.8831787109375,2.4651341438293457,1.9693429470062256,1.2353391647338867
13,1688,191.5699462890625,1214.0394287109375,2.338866710662842,2.6244373321533203,0.9404783248901367
13,1689,99.43402099609375,350.70880126953125,2.1454379558563232,1.2613165378570557,0.8444643020629883
13,1690,116.52781677246094,459.39056396484375,2.3529586791992188,1.7143149375915527,1.0553579330444336
13,1691,90.52877807617188,330.230224609375,1.916858434677124,1.6001811027526855,0.9504938125610352
13,1692,123.419921875,612.8264770507812,2.071242332458496,2.4826948642730713,1.200200080871582
13,1693,111.94810485839844,480.14154052734375,2.131131649017334,1.1133370399475098,1.7279529571533203
13,1694,100.96578979492188,354.4668884277344,2.1839699745178223,1.316449761390686,1.1511726379394531
13,1695,111.18736267089844,472.644287109375,2.1307644844055176,1.7886701822280884,0.9562273025512695
13,1696,94.86465454101562,366.8405456542969,1.9393532276153564,1.6087524890899658,0.7441568374633789
13,1697,93.52384185791016,294.790283203125,2.134827136993408,1.4413158893585205,1.3074398040771484
13,1698,111.05290222167969,519.0276489257812,1.9716713428497314,1.3042117357254028,1.436558723449707
13,1699,87.88392639160156,301.1711730957031,1.9255602359771729,1.19801664352417,1.0071649551391602
13,1700,126.59877014160156,744.7833862304688,1.7373476028442383,1.9399616718292236,1.8803396224975586
13,1701,108.95893096923828,408.2741394042969,2.271050453186035,1.5879552364349365,0.8865137100219727
13,1702,180.8385009765625,1198.1298828125,2.0341835021972656,2.797931671142578,1.5177726745605469
13,1703,126.60224914550781,631.1485595703125,2.116246461868286,2.1790409088134766,1.3148632049560547
13,1704,103.18106842041016,384.91949462890625,2.156303882598877,1.5216810703277588,1.0994024276733398
13,1705,104.87702941894531,422.3548278808594,2.0880513191223145,1.3401497602462769,0.9824552536010742
13,1706,118.22866821289062,492.93463134765625,2.297840118408203,1.8559105396270752,1.1118993759155273
13,1707,140.42767333984375,752.0113525390625,2.17421817779541,1.7886296510696411,0.9894914627075195
13,1708,121.57130432128906,582.2745361328125,2.111461639404297,1.6191177368164062,1.106292724609375
13,1709,96.2138900756836,360.69293212890625,2.004819869995117,1.7189921140670776,0.9846181869506836
13,1710,171.38328552246094,1025.7650146484375,2.2935595512390137,2.6050186157226562,0.7850942611694336
13,1711,130.76467895507812,661.4946899414062,2.1538400650024414,1.7349296808242798,1.0262327194213867
13,1712,108.35330200195312,414.2919616699219,2.2308034896850586,1.3500028848648071,1.0862188339233398
13,1713,131.06307983398438,684.4393920898438,2.0873045921325684,1.7446327209472656,0.7594289779663086
13,1714,105.65443420410156,465.6717834472656,1.96957528591156,1.8177598714828491,1.5758094787597656
13,1715,112.70051574707031,430.28973388671875,2.3223845958709717,1.761353850364685,1.4494476318359375
13,1716,131.512451171875,667.3728637695312,2.1591720581054688,1.9802474975585938,1.276123046875
13,1717,283.146240234375,2125.48388671875,2.3532614707946777,2.8741531372070312,1.5991239547729492
13,1718,191.30235290527344,1279.315673828125,2.1123595237731934,2.2023091316223145,1.6916418075561523
13,1719,177.85462951660156,1121.270263671875,2.190919876098633,2.534353256225586,1.0143508911132812
13,1720,124.50617980957031,547.7890625,2.324242353439331,2.2305009365081787,1.0429458618164062
13,1721,178.83599853515625,1173.3157958984375,2.050147533416748,2.244692802429199,1.7241153717041016
13,1722,117.44149780273438,520.4713134765625,2.179812431335449,1.5685555934906006,1.1804752349853516
13,1723,158.5545654296875,926.6884765625,2.196190595626831,2.245382785797119,1.4660863876342773
13,1724,105.98805236816406,396.6622314453125,2.2107276916503906,1.4640225172042847,1.1279020309448242
13,1725,110.55116271972656,482.40191650390625,2.0770323276519775,1.742209792137146,0.8309059143066406
13,1726,148.360107421875,826.728271484375,2.1895761489868164,2.4859907627105713,1.4392757415771484
13,1727,158.5585479736328,892.05859375,2.311756134033203,2.057560682296753,1.1594228744506836
13,1728,107.37106323242188,466.5862121582031,2.0237479209899902,1.6134989261627197,1.282846450805664
13,1729,134.9645538330078,693.8406372070312,2.186016321182251,1.501909613609314,1.9887104034423828
13,1730,112.97672271728516,520.7096557617188,2.0301918983459473,1.7436034679412842,1.712265968322754
13,1731,123.56715393066406,626.4622802734375,2.0306973457336426,1.6146342754364014,1.2647743225097656
13,1732,139.194580078125,756.5086669921875,2.1181235313415527,2.198758125305176,1.4240617752075195
13,1733,126.45555114746094,669.2835083007812,1.984239935874939,1.7495652437210083,1.3435783386230469
13,1734,94.34281921386719,330.8370361328125,2.0419702529907227,1.4515740871429443,1.118117332458496
13,1735,171.87510681152344,1087.2257080078125,2.1050844192504883,2.029688835144043,1.1329984664916992
13,1736,112.76713562011719,464.84326171875,2.2094271183013916,1.5022308826446533,1.4699211120605469
13,1737,134.13230895996094,725.81689453125,2.051687479019165,1.9889613389968872,1.5077228546142578
13,1738,120.50743865966797,598.3275146484375,2.022489547729492,0.9762618541717529,2.2136573791503906
13,1739,100.2615737915039,346.0906066894531,2.1884169578552246,1.5208103656768799,0.9292001724243164
13,1740,99.0347900390625,433.0350646972656,1.8577094078063965,1.4460664987564087,1.6637353897094727
13,1741,131.98609924316406,648.6510009765625,2.2373664379119873,1.7838561534881592,1.2515602111816406
13,1742,225.2841033935547,1563.2001953125,2.298802614212036,2.683112859725952,1.2531938552856445
13,1743,90.06336975097656,240.3385009765625,2.200984001159668,1.2757892608642578,0.7911138534545898
13,1744,85.86627960205078,264.943359375,1.979064702987671,1.2854868173599243,0.7808494567871094
13,1745,114.17689514160156,535.2445068359375,2.0217480659484863,2.166675090789795,1.0175657272338867
13,1746,133.42234802246094,704.9076538085938,2.097719192504883,1.7284133434295654,0.8991584777832031
13,1747,98.49417114257812,373.59454345703125,2.0378236770629883,1.2032370567321777,0.939610481262207
13,1748,92.56615447998047,364.6480712890625,1.8700448274612427,1.2993495464324951,1.2764291763305664
13,1749,125.24562072753906,570.9599609375,2.2716541290283203,1.9527392387390137,1.1812047958374023
13,1750,115.75450134277344,545.0800170898438,2.0415499210357666,1.9087085723876953,1.3073320388793945
13,1751,141.9151153564453,719.6344604492188,2.3317222595214844,2.1735129356384277,1.4253711700439453
13,1752,142.14337158203125,794.6726684570312,2.089203357696533,2.408945322036743,1.245880126953125
13,1753,112.98287200927734,553.3460693359375,1.921608805656433,1.2237945795059204,1.8588294982910156
13,1754,138.76316833496094,806.1094970703125,1.938407301902771,1.9590731859207153,1.691746711730957
13,1755,94.7271728515625,349.0821533203125,1.9939651489257812,1.5790584087371826,1.1509580612182617
13,1756,114.03825378417969,606.2984008789062,1.780280590057373,1.5442028045654297,1.231719970703125
13,1757,131.78648376464844,654.5521240234375,2.2110424041748047,2.49052095413208,0.9981956481933594
13,1758,139.47872924804688,831.268310546875,1.8783968687057495,2.2957658767700195,0.9774274826049805
13,1759,109.31643676757812,472.09991455078125,2.0702149868011475,1.296714425086975,1.5355958938598633
13,1760,193.61634826660156,1337.8648681640625,1.9943288564682007,2.4753668308258057,1.302499771118164
13,1761,143.42953491210938,835.864501953125,1.9947694540023804,1.9165785312652588,1.2425737380981445
13,1762,140.70883178710938,790.5379638671875,2.0551676750183105,2.221381425857544,1.1933717727661133
13,1763,89.67044067382812,350.65509033203125,1.8201642036437988,0.9816450476646423,1.194589614868164
13,1764,127.80140686035156,700.0720825195312,1.9264733791351318,1.6150360107421875,1.7727785110473633
13,1765,147.37442016601562,826.148193359375,2.158653497695923,2.686845302581787,1.4887714385986328
13,1766,109.66355895996094,559.7459716796875,1.7896318435668945,1.864853858947754,0.937678337097168
13,1767,116.88182067871094,576.0211181640625,1.9759902954101562,1.8301610946655273,1.720747947692871
13,1768,124.17460632324219,609.6649780273438,2.1069369316101074,1.3774068355560303,2.0934410095214844
13,1769,127.94880676269531,604.1478881835938,2.251133918762207,1.7792508602142334,1.0091304779052734
13,1770,114.39311981201172,457.70849609375,2.2874088287353516,1.6085541248321533,1.2152786254882812
13,1771,104.2935562133789,374.9446716308594,2.2266361713409424,1.5050896406173706,0.9437723159790039
13,1772,105.07213592529297,417.9381103515625,2.1092774868011475,1.2804930210113525,1.4232053756713867
13,1773,108.60765075683594,468.6393127441406,2.058123826980591,1.7339832782745361,1.2648983001708984
13,1774,130.7631072998047,628.630615234375,2.2633347511291504,2.1434521675109863,1.095911979675293
13,1775,101.55464172363281,388.05224609375,2.0916473865509033,1.7899547815322876,1.0680828094482422
13,1776,116.21073913574219,541.2879638671875,2.0693979263305664,1.2079167366027832,1.252486228942871
13,1777,124.26922607421875,622.9600830078125,2.0657739639282227,1.6330044269561768,1.1340446472167969
13,1778,123.38381958007812,595.553466796875,2.1276159286499023,1.6480423212051392,1.2680368423461914
13,1779,101.81745910644531,433.45672607421875,1.9490594863891602,1.9830143451690674,1.173269271850586
13,1780,117.6827163696289,588.4180908203125,1.9613635540008545,2.210999011993408,1.098649024963379
13,1781,118.68771362304688,556.3055419921875,2.101905345916748,2.012056827545166,1.202291488647461
13,1782,110.75718688964844,463.3865051269531,2.147284507751465,1.4992084503173828,1.0204763412475586
13,1783,126.38587951660156,608.3143310546875,2.185148239135742,1.6400296688079834,2.0667991638183594
13,1784,144.1591033935547,838.6041259765625,2.0099563598632812,1.773374319076538,2.201157569885254
13,1785,112.80789947509766,564.037109375,1.8801395893096924,1.5859761238098145,1.5944023132324219
13,1786,106.59344482421875,503.10791015625,1.8760885000228882,1.2222025394439697,1.4812383651733398
13,1787,113.96054077148438,529.2032470703125,2.0346736907958984,1.7371060848236084,0.961359977722168
13,1788,115.68373107910156,449.6092529296875,2.357426881790161,1.9453988075256348,0.8173246383666992
13,1789,86.13368225097656,246.40834045410156,2.0497617721557617,1.2169185876846313,0.8246002197265625
13,1790,288.58544921875,2236.496826171875,2.164525032043457,3.2439393997192383,1.35443115234375
13,1791,150.40879821777344,913.20654296875,1.9696046113967896,2.6006011962890625,0.9698104858398438
13,1792,152.14898681640625,888.7468872070312,2.1091432571411133,2.4348227977752686,1.4753952026367188
13,1793,119.6470947265625,551.141845703125,2.151096820831299,1.2416408061981201,1.4906177520751953
13,1794,418.53277587890625,3534.322021484375,2.1700191497802734,3.8014750480651855,1.4922075271606445
13,1795,127.29676818847656,603.0110473632812,2.2331886291503906,1.7667508125305176,1.186579704284668
13,1796,289.3597106933594,2288.830078125,2.0158896446228027,3.0794200897216797,1.4360971450805664
13,1797,104.63804626464844,453.3539123535156,1.9767550230026245,1.4907395839691162,1.2422370910644531
13,1798,100.8840103149414,431.4430847167969,1.924656629562378,1.906569242477417,0.6596708297729492
13,1799,85.98701477050781,308.42669677734375,1.8381447792053223,1.3306193351745605,0.9003801345825195
13,1800,88.96954345703125,343.367431640625,1.8210933208465576,1.1608988046646118,1.4097881317138672
13,1801,99.32818603515625,345.7086181640625,2.1585774421691895,1.6005240678787231,1.1788368225097656
13,1802,113.9791259765625,486.09124755859375,2.178999900817871,1.8953063488006592,1.1198387145996094
13,1803,101.30589294433594,408.1483154296875,2.0163686275482178,1.5676020383834839,1.0733795166015625
13,1804,108.17283630371094,417.625732421875,2.2136754989624023,1.8052281141281128,0.9255304336547852
13,1805,104.10232543945312,451.95770263671875,1.9635517597198486,2.0583696365356445,1.024094581604004
13,1806,95.47787475585938,336.6593322753906,2.0603981018066406,1.1643831729888916,1.3006477355957031
13,1807,106.84598541259766,428.0805969238281,2.1345975399017334,1.820060133934021,1.0212593078613281
13,1808,102.15876007080078,458.8347473144531,1.875842809677124,1.6362076997756958,1.3195676803588867
13,1809,136.7396240234375,796.1367797851562,1.904198169708252,1.4933810234069824,1.3684778213500977
13,1810,120.24662780761719,536.7203979492188,2.2191529273986816,1.706488847732544,1.4082040786743164
13,1811,106.76139831542969,435.3483581542969,2.1075520515441895,1.804237723350525,1.2909812927246094
13,1812,86.96968078613281,289.0783996582031,1.9353946447372437,1.291216492652893,1.1327142715454102
13,1813,139.32388305664062,735.2077026367188,2.193437099456787,1.7296828031539917,1.4053764343261719
13,1814,90.82940673828125,339.8179931640625,1.8949202299118042,1.2796961069107056,1.162693977355957
13,1815,92.97190856933594,321.6376953125,2.026937961578369,1.2130036354064941,1.2607793807983398
13,1816,84.25611877441406,287.6185302734375,1.849808692932129,1.3069640398025513,1.1588563919067383
13,1817,81.91598510742188,313.76702880859375,1.6846427917480469,1.4732989072799683,1.145751953125
13,1818,99.30778503417969,445.4195251464844,1.825527548789978,1.505408763885498,1.3990097045898438
13,1819,110.67601013183594,469.83428955078125,2.1230859756469727,1.779256820678711,0.7220573425292969
13,1820,97.5926284790039,423.7948913574219,1.8404380083084106,1.4953680038452148,1.4203853607177734
13,1821,91.4614028930664,280.69329833984375,2.1130690574645996,1.2036190032958984,1.1765031814575195
13,1822,116.49981689453125,635.9083251953125,1.7636327743530273,1.1719284057617188,1.5810699462890625
13,1823,121.40251159667969,640.6717529296875,1.9111778736114502,2.2168750762939453,1.2546310424804688
13,1824,133.3960418701172,736.64306640625,1.9910579919815063,1.6755032539367676,1.853398323059082
13,1825,115.96339416503906,563.876953125,1.985856533050537,1.558893084526062,1.5736370086669922
13,1826,93.44681549072266,280.8775329589844,2.178635358810425,1.465510606765747,0.817774772644043
13,1827,86.98731231689453,272.17657470703125,1.9923217296600342,1.1137486696243286,1.0050506591796875
13,1828,94.878173828125,385.76171875,1.8767333030700684,1.2953673601150513,1.3025836944580078
13,1829,110.10356140136719,523.6834716796875,1.9245070219039917,1.9542063474655151,1.314239501953125
13,1830,87.91089630126953,254.39703369140625,2.0823731422424316,1.2761876583099365,0.6879205703735352
13,1831,162.3272705078125,1072.9410400390625,1.834438681602478,1.5315251350402832,2.1862239837646484
13,1832,105.27505493164062,375.5314025878906,2.257397174835205,1.5167744159698486,1.0229616165161133
13,1833,103.02717590332031,355.0184326171875,2.2508442401885986,1.3995990753173828,1.288656234741211
13,1834,106.90292358398438,417.1609191894531,2.1728944778442383,1.6828484535217285,1.2123851776123047
13,1835,86.92707061767578,287.0009460449219,1.940899133682251,1.3775503635406494,0.8509693145751953
13,1836,154.1942901611328,916.6806640625,2.08420729637146,1.5060222148895264,2.3720035552978516
13,1837,118.52635192871094,525.157470703125,2.2003536224365234,1.8246190547943115,1.5397920608520508
13,1838,122.43299865722656,474.434814453125,2.499650478363037,1.4205405712127686,1.2798128128051758
13,1839,92.11988830566406,342.0198669433594,1.9305968284606934,1.5033454895019531,0.9752683639526367
13,1840,98.05781555175781,384.83697509765625,1.9858038425445557,1.626659631729126,1.1001873016357422
13,1841,117.83003234863281,473.65966796875,2.348802089691162,1.8643686771392822,0.8632907867431641
13,1842,86.5709228515625,333.2234191894531,1.7749525308609009,1.4102991819381714,1.2313165664672852
13,1843,171.55345153808594,1169.8001708984375,1.819114327430725,2.2741024494171143,1.082036018371582
13,1844,83.22480010986328,294.4128723144531,1.7927837371826172,1.464806079864502,0.9197826385498047
13,1845,112.85592651367188,426.02197265625,2.3417909145355225,1.7087830305099487,1.383397102355957
13,1846,88.12755584716797,315.72418212890625,1.8851712942123413,0.91951584815979,1.1727981567382812
13,1847,85.62364196777344,328.49237060546875,1.7591469287872314,1.7891426086425781,0.9442501068115234
13,1848,101.28260803222656,395.23162841796875,2.058648109436035,1.4452183246612549,1.0905752182006836
13,1849,85.83871459960938,288.699951171875,1.8989572525024414,1.5508639812469482,0.9864063262939453
13,1850,131.50144958496094,724.08154296875,1.9697762727737427,2.1877784729003906,1.3584403991699219
13,1851,122.25312805175781,719.24462890625,1.6776223182678223,1.7246044874191284,1.7043218612670898
13,1852,105.18972778320312,306.2926025390625,2.485348701477051,1.3277055025100708,1.1835880279541016
13,1853,101.95182800292969,443.84271240234375,1.9189186096191406,1.2441576719284058,1.3095130920410156
13,1854,115.59405517578125,529.1820068359375,2.0891952514648438,1.7068299055099487,1.3135595321655273
13,1855,110.17790222167969,488.0831298828125,2.0456528663635254,1.5647523403167725,1.5354976654052734
13,1856,163.99256896972656,978.7025146484375,2.2040772438049316,2.5896682739257812,1.3776769638061523
13,1857,110.89661407470703,451.456298828125,2.191699504852295,1.2258503437042236,1.4231510162353516
13,1858,525.783203125,4656.82470703125,2.0033578872680664,3.9523706436157227,1.2411184310913086
13,1859,121.95948028564453,549.5389404296875,2.2335195541381836,2.101527214050293,1.2531051635742188
13,1860,120.38493347167969,530.89404296875,2.2431843280792236,1.3187689781188965,1.304239273071289
13,1861,102.3141860961914,345.5068054199219,2.2587833404541016,1.4739569425582886,1.2129077911376953
13,1862,337.185791015625,2740.02685546875,2.1061038970947266,2.9695475101470947,1.180145263671875
13,1863,106.0130844116211,423.2741394042969,2.1228556632995605,1.1216195821762085,1.295064926147461
13,1864,113.4964599609375,486.4185791015625,2.16182017326355,1.187056064605713,1.5491313934326172
13,1865,115.64483642578125,506.87908935546875,2.1652307510375977,1.5213487148284912,1.4430952072143555
13,1866,78.93277740478516,247.99024963378906,1.804458498954773,1.0984505414962769,0.7979831695556641
13,1867,109.50213623046875,492.9505615234375,2.0069026947021484,1.7055124044418335,1.2096786499023438
13,1868,156.7680206298828,889.263671875,2.2613883018493652,2.2962324619293213,1.3066577911376953
13,1869,120.22764587402344,603.9275512695312,1.9944961071014404,1.7879289388656616,1.3667354583740234
13,1870,101.53645324707031,411.80108642578125,2.011878252029419,1.7389007806777954,0.8990507125854492
13,1871,158.00872802734375,879.8506469726562,2.3341217041015625,1.4942456483840942,1.0355958938598633
13,1872,91.16356658935547,301.70751953125,2.0330939292907715,1.5008292198181152,0.898381233215332
13,1873,126.68636322021484,735.631591796875,1.7707732915878296,2.2529897689819336,0.8683004379272461
13,1874,117.34507751464844,599.140380859375,1.9143677949905396,1.6572445631027222,1.5855283737182617
13,1875,113.6903076171875,583.178955078125,1.8457469940185547,1.357735276222229,1.9452571868896484
13,1876,323.52191162109375,2560.438720703125,2.249268054962158,2.99862003326416,1.2434825897216797
13,1877,101.35822296142578,455.8152770996094,1.8592231273651123,1.253570318222046,1.3160076141357422
13,1878,96.54710388183594,364.679443359375,2.002638816833496,1.0187569856643677,1.5445194244384766
13,1879,104.04279327392578,438.5668029785156,2.0062036514282227,1.6273608207702637,1.1220817565917969
13,1880,146.12322998046875,885.526611328125,1.9190189838409424,2.0652527809143066,1.5039758682250977
13,1881,103.24164581298828,447.02764892578125,1.9512959718704224,1.4729599952697754,1.273146629333496
13,1882,87.45771026611328,343.1514587402344,1.771418809890747,1.3376996517181396,1.2381553649902344
13,1883,123.19180297851562,585.712158203125,2.154019594192505,1.1939659118652344,1.4809150695800781
13,1884,115.26007080078125,581.755615234375,1.9028170108795166,1.7711129188537598,1.3156566619873047
13,1885,97.76346588134766,285.1287841796875,2.3083529472351074,1.4366233348846436,0.70953369140625
13,1886,98.23204040527344,394.76324462890625,1.9585237503051758,1.5151519775390625,1.0207557678222656
13,1887,156.72613525390625,939.9129028320312,2.0911612510681152,2.4310641288757324,1.4256401062011719
13,1888,114.01594543457031,520.801025390625,2.064527988433838,1.418177843093872,0.8568925857543945
13,1889,102.37422943115234,432.71160888671875,1.970102310180664,1.4667471647262573,1.3019075393676758
13,1890,101.45597839355469,341.697265625,2.242875099182129,1.4592492580413818,1.1072263717651367
13,1891,109.18274688720703,399.5172119140625,2.3077008724212646,1.6829702854156494,1.0015287399291992
13,1892,115.96746063232422,601.8012084960938,1.8595778942108154,1.8343067169189453,1.687662124633789
13,1893,102.39025115966797,408.364501953125,2.051793336868286,1.623253583908081,0.9425373077392578
13,1894,105.73980712890625,532.1845092773438,1.7507116794586182,1.559539556503296,1.1476049423217773
13,1895,167.57858276367188,899.8241577148438,2.586538791656494,2.326425790786743,1.6114835739135742
13,1896,140.9124755859375,822.318359375,1.9560210704803467,2.2096219062805176,1.103621482849121
13,1897,411.92431640625,3477.846435546875,2.1379895210266113,3.6071255207061768,1.1413850784301758
13,1898,110.763671875,494.4358215332031,2.0440030097961426,1.6734859943389893,1.192483901977539
13,1899,108.52825927734375,506.61181640625,1.928902506828308,1.4973742961883545,1.5875530242919922
13,1900,118.61676788330078,601.6126708984375,1.9485167264938354,2.0299718379974365,1.3537654876708984
13,1901,170.2174835205078,1131.5721435546875,1.9020086526870728,2.8696179389953613,1.2513666152954102
13,1902,109.9175033569336,517.7330322265625,1.9381400346755981,1.6297268867492676,1.3410186767578125
13,1903,85.76184844970703,272.18121337890625,1.9514575004577637,1.3920722007751465,0.9036035537719727
13,1904,220.55528259277344,1616.540771484375,1.9633731842041016,2.923264741897583,1.3150148391723633
13,1905,138.8076629638672,774.4857788085938,2.0453028678894043,2.099294900894165,1.0605545043945312
13,1906,108.1865234375,524.662841796875,1.8573411703109741,1.1437392234802246,1.8550519943237305
13,1907,113.82989501953125,508.1617431640625,2.100457191467285,1.6088447570800781,1.7318334579467773
13,1908,92.16015625,329.6810302734375,1.973068356513977,1.4486793279647827,1.0775947570800781
13,1909,111.20844268798828,508.2067565917969,2.012925624847412,1.7423768043518066,1.1935625076293945
13,1910,97.74464416503906,378.6512756347656,1.9959838390350342,1.6979694366455078,0.9601116180419922
13,1911,83.70553588867188,319.1628723144531,1.7263083457946777,1.369602918624878,1.1836624145507812
13,1912,130.60740661621094,634.4362182617188,2.238792896270752,1.7897727489471436,1.4635019302368164
13,1913,106.54663848876953,440.45245361328125,2.0833797454833984,2.2340614795684814,0.7287940979003906
13,1914,156.5055389404297,934.80859375,2.100822687149048,2.1447038650512695,0.9616937637329102
13,1915,119.89772033691406,611.0338134765625,1.9598114490509033,1.867872953414917,1.679896354675293
13,1916,92.90522003173828,352.90777587890625,1.9204813241958618,1.50185227394104,1.1895885467529297
13,1917,112.938720703125,500.249755859375,2.0971248149871826,1.7178008556365967,1.1344680786132812
13,1918,124.70478820800781,619.5531616210938,2.091649055480957,1.9070079326629639,1.5053415298461914
13,1919,100.26910400390625,413.39727783203125,1.9643126726150513,1.2404251098632812,1.3159732818603516
13,1920,224.3348846435547,506.49078369140625,5.78952693939209,1.8654391765594482,1.4608497619628906
13,1921,118.54707336425781,552.1864013671875,2.110947847366333,2.0180962085723877,1.1998271942138672
13,1922,127.78435516357422,619.54345703125,2.194333553314209,2.0771899223327637,1.3393821716308594
13,1923,119.15591430664062,608.9027709960938,1.942187786102295,2.1113882064819336,1.0902442932128906
13,1924,157.92774963378906,964.0516967773438,2.050752639770508,1.518501877784729,1.772191047668457
13,1925,121.40966033935547,599.7838134765625,2.0477092266082764,1.850837230682373,1.7170228958129883
13,1926,80.7464370727539,307.8914794921875,1.6652430295944214,1.4275853633880615,1.0795488357543945
13,1927,92.01251983642578,342.8544006347656,1.9242359399795532,1.5534223318099976,1.0442695617675781
13,1928,75.44607543945312,230.14871215820312,1.7477067708969116,1.3060673475265503,0.8768634796142578
13,1929,112.21426391601562,488.1374206542969,2.1133506298065186,1.5425978899002075,1.0616703033447266
13,1930,119.62726593017578,538.385009765625,2.1929588317871094,1.6048691272735596,1.1762123107910156
13,1931,129.0946502685547,692.8707885742188,1.9935858249664307,1.5444308519363403,1.4781990051269531
13,1932,123.4117431640625,581.73486328125,2.1746082305908203,1.6168955564498901,1.5074272155761719
13,1933,95.2061767578125,286.2736511230469,2.2192938327789307,1.1770596504211426,1.0511207580566406
13,1934,113.69248962402344,411.6640625,2.4175360202789307,1.3776615858078003,0.8906021118164062
13,1935,136.566650390625,683.7173461914062,2.2731637954711914,2.0335259437561035,1.0020980834960938
13,1936,82.25824737548828,266.1698303222656,1.8547087907791138,1.277054786682129,1.160557746887207
13,1937,117.87530517578125,558.724365234375,2.0667624473571777,1.749167799949646,1.3076896667480469
13,1938,118.05866241455078,497.33184814453125,2.2775158882141113,2.1140940189361572,1.4831838607788086
13,1939,118.19119262695312,605.2835083007812,1.9220945835113525,1.9149563312530518,1.6070079803466797
13,1940,142.9237060546875,859.992919921875,1.8974807262420654,2.015270709991455,1.2507572174072266
13,1941,100.46060180664062,347.8979797363281,2.1890265941619873,1.5240377187728882,1.096658706665039
13,1942,122.58216094970703,626.1990356445312,1.998741865158081,1.4994776248931885,1.4016170501708984
13,1943,86.05260467529297,219.84071350097656,2.135617733001709,1.1165785789489746,1.1686010360717773
13,1944,95.21365356445312,325.15447998046875,2.089940309524536,1.4467997550964355,0.8558712005615234
13,1945,99.88473510742188,403.22637939453125,1.985403060913086,1.8793182373046875,1.2214136123657227
13,1946,93.05947875976562,355.7699890136719,1.916082739830017,1.3033368587493896,1.159144401550293
13,1947,144.65875244140625,824.1072998046875,2.0749340057373047,2.117701292037964,1.0014686584472656
13,1948,110.94859313964844,472.81292724609375,2.1222434043884277,1.9929111003875732,1.237807273864746
13,1949,168.47691345214844,1146.898681640625,1.7929015159606934,2.5354866981506348,0.8709640502929688
13,1950,153.99517822265625,787.4434814453125,2.5083608627319336,2.4269866943359375,1.0499420166015625
13,1951,113.06007385253906,478.9952087402344,2.172018527984619,1.9108238220214844,0.9274148941040039
13,1952,107.60020446777344,428.87103271484375,2.1571035385131836,1.6627907752990723,1.2788057327270508
13,1953,153.68179321289062,836.7904052734375,2.3334250450134277,1.6096524000167847,1.7781190872192383
13,1954,93.99452209472656,298.6243591308594,2.1377363204956055,1.32334566116333,1.213200569152832
13,1955,156.10098266601562,938.4725341796875,2.075124502182007,2.307206869125366,0.9643955230712891
13,1956,96.8438720703125,344.2862243652344,2.080508232116699,1.3497085571289062,0.9890499114990234
13,1957,88.57366180419922,316.33782958984375,1.8979958295822144,1.415095329284668,0.9921178817749023
13,1958,100.98717498779297,421.6506652832031,1.9607369899749756,1.8019957542419434,0.8624906539916992
13,1959,77.58654022216797,244.2843017578125,1.7719370126724243,1.2330069541931152,0.9647998809814453
13,1960,113.7987289428711,555.6320190429688,1.9411842823028564,1.8418889045715332,1.3363237380981445
13,1961,161.48854064941406,967.4650268554688,2.1580677032470703,2.380399227142334,1.2925262451171875
13,1962,111.02864074707031,494.7794494628906,2.051689863204956,1.5271141529083252,1.7661857604980469
13,1963,117.44047546386719,487.1286926269531,2.2909202575683594,1.3162903785705566,2.024857521057129
13,1964,107.58161926269531,486.6322937011719,1.9639464616775513,1.2981438636779785,1.6216888427734375
13,1965,96.54163360595703,374.8969421386719,1.968397855758667,1.3952908515930176,1.2916736602783203
13,1966,141.32553100585938,708.422607421875,2.3494420051574707,1.6714932918548584,1.4128704071044922
13,1967,91.9399185180664,331.5388488769531,1.9595344066619873,1.6627147197723389,1.0287694931030273
13,1968,90.85513305664062,258.1726379394531,2.167929172515869,1.3991754055023193,0.9759244918823242
13,1969,110.83686828613281,489.9183044433594,2.0615012645721436,1.6499754190444946,1.1951093673706055
13,1970,122.09480285644531,558.9030151367188,2.2068166732788086,1.4476028680801392,1.5221710205078125
13,1971,112.04859924316406,557.0537109375,1.8781075477600098,1.699451208114624,1.5460786819458008
13,1972,92.04031372070312,359.591552734375,1.869372010231018,1.4198496341705322,1.312067985534668
13,1973,100.21456146240234,376.4425048828125,2.085676908493042,1.464034080505371,1.1086807250976562
13,1974,104.28691864013672,485.46099853515625,1.8580272197723389,1.6286938190460205,1.2428865432739258
13,1975,105.17333984375,414.9315185546875,2.1226730346679688,1.6414546966552734,1.378087043762207
13,1976,118.48431396484375,638.0423583984375,1.822669267654419,1.6376700401306152,1.3768844604492188
13,1977,101.19709777832031,392.63751220703125,2.0644450187683105,1.2244594097137451,1.518075942993164
13,1978,88.15087890625,313.125732421875,1.8946101665496826,1.0918596982955933,1.220423698425293
13,1979,91.79281616210938,373.89776611328125,1.8134344816207886,1.00657057762146,1.2815513610839844
13,1980,127.95523071289062,680.7322387695312,1.996066927909851,2.154212236404419,1.1190099716186523
13,1981,124.57685852050781,623.49072265625,2.0742597579956055,1.4934219121932983,1.2377901077270508
13,1982,169.09140014648438,1046.094970703125,2.1493968963623047,2.6183879375457764,1.3667097091674805
13,1983,88.74893951416016,298.855224609375,1.962113857269287,1.6157805919647217,0.6883811950683594
13,1984,139.28956604003906,685.7257080078125,2.3572330474853516,2.0732407569885254,1.241628646850586
13,1985,85.81554412841797,305.4244384765625,1.8424365520477295,1.053330898284912,1.1753273010253906
13,1986,127.0617904663086,581.113037109375,2.298349380493164,1.9318723678588867,1.2946548461914062
13,1987,193.68739318847656,1356.0712890625,1.9360086917877197,2.272974729537964,1.4295997619628906
13,1988,132.38946533203125,706.5555419921875,2.0577967166900635,2.393357276916504,0.8530817031860352
13,1989,339.0419616699219,2813.329345703125,1.9236334562301636,3.293079376220703,1.5468215942382812
13,1990,105.81546020507812,485.66082763671875,1.9083126783370972,2.0398051738739014,1.1729259490966797
13,1991,118.63045501708984,522.4811401367188,2.21274471282959,1.6457035541534424,1.099710464477539
13,1992,115.50502014160156,558.0164184570312,1.990112543106079,1.4410791397094727,1.4983243942260742
13,1993,104.44277954101562,444.2164611816406,2.000704526901245,1.4642012119293213,1.0099153518676758
13,1994,195.14605712890625,1252.92431640625,2.32845401763916,3.014827013015747,0.9057941436767578
13,1995,153.05081176757812,813.1529541015625,2.391183376312256,1.822462558746338,1.2528438568115234
13,1996,118.62159729003906,512.7592163085938,2.2448556423187256,1.4654076099395752,1.5103235244750977
13,1997,129.43357849121094,752.818359375,1.8050580024719238,1.9614529609680176,1.4785680770874023
13,1998,150.05886840820312,888.0986328125,2.0416336059570312,1.8031549453735352,1.8912811279296875
13,1999,100.76554870605469,431.22833251953125,1.9214237928390503,1.5205776691436768,0.8441619873046875
13,2000,111.0908432006836,440.2183532714844,2.235633611679077,1.897559642791748,0.8740777969360352
13,2001,103.02555847167969,449.18499755859375,1.9369020462036133,1.762463092803955,1.1437807083129883
13,2002,125.57605743408203,608.5394287109375,2.1574037075042725,2.1090712547302246,1.5042972564697266
13,2003,94.13394165039062,306.342529296875,2.1166563034057617,1.1266858577728271,1.186814308166504
13,2004,206.31573486328125,1490.8233642578125,1.9077796936035156,2.339280128479004,1.4632835388183594
13,2005,144.5559844970703,730.5596313476562,2.383334159851074,1.7717094421386719,1.529611587524414
13,2006,97.57897186279297,400.0359802246094,1.9191792011260986,1.150038480758667,1.2647180557250977
13,2007,115.10749816894531,527.8827514648438,2.0773074626922607,2.009281873703003,1.271134376525879
13,2008,115.6761474609375,516.20751953125,2.1351795196533203,1.7912966012954712,1.139124870300293
13,2009,95.61123657226562,298.23699951171875,2.192917823791504,1.1162503957748413,1.2791757583618164
13,2010,119.87698364257812,574.01416015625,2.0825188159942627,1.00395929813385,2.030003547668457
13,2011,109.47982025146484,486.22698974609375,2.0285706520080566,1.95624577999115,1.0990819931030273
13,2012,114.59849548339844,498.63922119140625,2.1578190326690674,1.835709571838379,0.6767196655273438
13,2013,116.2330322265625,619.8173217773438,1.8083765506744385,1.3224573135375977,1.884385108947754
13,2014,113.948974609375,448.9764404296875,2.301711082458496,1.8149974346160889,1.142538070678711
13,2015,130.65325927734375,617.2250366210938,2.297692060470581,1.736066222190857,1.4174795150756836
13,2016,115.59397888183594,592.4043579101562,1.8784514665603638,1.87516450881958,1.5267200469970703
13,2017,138.60556030273438,839.1142578125,1.8231377601623535,2.416081428527832,1.2348909378051758
13,2018,148.4737548828125,787.4114379882812,2.32442045211792,2.1424293518066406,1.1790142059326172
13,2019,99.54736328125,402.4806823730469,1.9766430854797363,1.9629979133605957,1.0942726135253906
13,2020,165.57192993164062,1049.9288330078125,2.019301414489746,2.5055220127105713,1.8249053955078125
13,2021,153.54998779296875,953.8612060546875,1.938795566558838,1.8820209503173828,1.6033515930175781
13,2022,120.04296875,636.5721435546875,1.8795249462127686,2.101424217224121,1.2479877471923828
13,2023,113.89216613769531,574.864990234375,1.8801887035369873,1.1137659549713135,1.9520673751831055
13,2024,153.4773712158203,761.9676513671875,2.5760200023651123,1.7965044975280762,1.9055719375610352
13,2025,410.26141357421875,3552.718505859375,1.8329850435256958,3.7509889602661133,1.374476432800293
13,2026,109.81045532226562,462.0943603515625,2.1200337409973145,1.6437253952026367,1.230332374572754
13,2027,118.16606903076172,611.9266967773438,1.8991132974624634,1.8321400880813599,1.2891206741333008
13,2028,126.97820281982422,612.0538940429688,2.192427158355713,1.7666149139404297,1.6116485595703125
13,2029,106.66552734375,382.1410827636719,2.2817139625549316,1.4460865259170532,1.0282516479492188
13,2030,120.12281036376953,578.4872436523438,2.075802803039551,1.64802885055542,1.6024370193481445
13,2031,101.6393814086914,434.570556640625,1.9394108057022095,1.7903037071228027,1.0761356353759766
13,2032,446.81719970703125,3829.7548828125,2.1280570030212402,4.331010818481445,1.0589380264282227
13,2033,108.07286071777344,448.3027648925781,2.108086109161377,1.516922116279602,1.3159208297729492
13,2034,96.59004974365234,316.8653564453125,2.1634504795074463,1.4509780406951904,1.2724323272705078
13,2035,106.51046752929688,408.65960693359375,2.188149929046631,1.2954716682434082,1.3219242095947266
13,2036,114.03448486328125,551.3247680664062,1.9634003639221191,1.9484593868255615,1.2861871719360352
13,2037,86.09068298339844,283.0084533691406,1.9263277053833008,1.0277190208435059,1.077301025390625
13,2038,243.95823669433594,1812.547607421875,2.090115785598755,3.4485108852386475,1.1755285263061523
13,2039,122.02855682373047,608.0123291015625,2.0409107208251953,2.1478590965270996,1.245269775390625
13,2040,118.4779281616211,594.8576049804688,1.9664056301116943,1.7863402366638184,1.7336044311523438
13,2041,107.12240600585938,419.39093017578125,2.172776937484741,1.7506921291351318,0.9171934127807617
13,2042,82.83773040771484,286.14520263671875,1.8074402809143066,1.1970404386520386,1.1040382385253906
13,2043,96.95209503173828,411.349365234375,1.8605719804763794,1.6078002452850342,1.2263813018798828
13,2044,110.64506530761719,471.73028564453125,2.115734338760376,1.6093974113464355,1.4867134094238281
13,2045,120.32815551757812,506.8704833984375,2.3213701248168945,1.7857892513275146,1.2532281875610352
13,2046,126.08901977539062,688.080810546875,1.9093644618988037,2.095686435699463,1.2737541198730469
13,2047,100.14973449707031,446.0,1.8516576290130615,1.1093103885650635,1.5265998840332031
13,2048,103.9267578125,434.8914489746094,2.014586925506592,1.7660865783691406,1.1481409072875977
13,2049,108.30162048339844,506.557373046875,1.9215292930603027,1.9861843585968018,1.2826414108276367
13,2050,207.6830596923828,1444.7705078125,2.1068670749664307,3.3303017616271973,1.4207983016967773
13,2051,152.26364135742188,799.4688110351562,2.4105587005615234,2.1597347259521484,0.9610176086425781
13,2052,172.37413024902344,1071.98486328125,2.1725215911865234,2.2904791831970215,1.3753910064697266
13,2053,139.93397521972656,801.1700439453125,1.993898868560791,1.8333556652069092,1.7784948348999023
13,2054,87.38455963134766,317.9267578125,1.853062629699707,1.828216791152954,0.9071311950683594
13,2055,149.29934692382812,833.5568237304688,2.198122262954712,2.4785337448120117,0.9158096313476562
13,2056,89.32696533203125,345.5235595703125,1.8258202075958252,1.2020964622497559,1.4120759963989258
13,2057,103.02954864501953,427.00201416015625,2.0109782218933105,1.2793805599212646,1.4260101318359375
13,2058,86.47138977050781,334.92401123046875,1.7659662961959839,1.5738215446472168,1.1828031539916992
13,2059,131.3324737548828,707.9427490234375,2.017940044403076,2.2627546787261963,1.3473491668701172
13,2060,165.362548828125,1037.3779296875,2.0541586875915527,1.9503073692321777,1.1783246994018555
13,2061,116.70219421386719,537.8355102539062,2.097288131713867,2.0797154903411865,1.0203227996826172
13,2062,140.46160888671875,776.4168090820312,2.0939972400665283,1.7217755317687988,1.3369016647338867
13,2063,117.22677612304688,512.3870239257812,2.1996023654937744,1.7170675992965698,1.6455183029174805
13,2064,101.73112487792969,407.00006103515625,2.0343704223632812,1.5280241966247559,1.0333662033081055
13,2065,92.19244384765625,346.5220642089844,1.918007731437683,1.2303762435913086,1.1554222106933594
13,2066,86.0578384399414,306.369140625,1.8473641872406006,1.5144712924957275,1.1483030319213867
13,2067,97.64339447021484,327.2004699707031,2.164111614227295,1.2483375072479248,1.2010221481323242
13,2068,121.37310028076172,577.4332885742188,2.120992422103882,1.709575891494751,1.5230112075805664
13,2069,126.76268005371094,685.4788208007812,1.9404933452606201,1.7798775434494019,1.4808425903320312
13,2070,114.71245574951172,624.822509765625,1.741006851196289,1.3566499948501587,1.3065471649169922
13,2071,80.65968322753906,269.87158203125,1.7890841960906982,1.3433029651641846,0.932769775390625
13,2072,112.62442016601562,447.87255859375,2.2612385749816895,1.4180588722229004,1.4175834655761719
13,2073,88.63687896728516,307.0691833496094,1.9309985637664795,1.1333204507827759,1.0429677963256836
13,2074,92.53236389160156,360.324951171875,1.883328914642334,1.5209039449691772,1.254892349243164
13,2075,91.00545501708984,306.6724853515625,2.0112733840942383,0.9815313220024109,1.4654302597045898
13,2076,238.15003967285156,1787.7933349609375,1.9790232181549072,2.845463514328003,1.4120502471923828
13,2077,124.56205749511719,541.4301147460938,2.347301483154297,1.9749574661254883,1.1182613372802734
13,2078,123.331298828125,597.8367309570312,2.1182541847229004,1.8965659141540527,1.256089210510254
13,2079,140.4047393798828,771.3658447265625,2.108938217163086,1.8786842823028564,1.7788877487182617
13,2080,106.65750122070312,505.329345703125,1.870818853378296,1.5530376434326172,1.5444374084472656
13,2081,102.88973999023438,406.21673583984375,2.0756022930145264,1.4402236938476562,0.9882144927978516
13,2082,145.9552001953125,819.2320556640625,2.1343994140625,2.1555259227752686,1.4370975494384766
13,2083,139.32962036132812,743.495361328125,2.1660027503967285,1.9959086179733276,1.6380586624145508
13,2084,130.95745849609375,674.620361328125,2.116514205932617,1.7654204368591309,1.2040529251098633
13,2085,136.06903076171875,773.2681884765625,1.9580738544464111,2.7402913570404053,0.9720993041992188
13,2086,117.59937286376953,490.4811706542969,2.2850418090820312,2.0693516731262207,0.9758892059326172
13,2087,100.39051818847656,442.3109130859375,1.871980905532837,1.381911277770996,1.3419008255004883
13,2088,97.24398803710938,323.56365966796875,2.1629209518432617,1.315474510192871,0.9100027084350586
13,2089,115.89366149902344,554.10400390625,2.016108751296997,1.7845189571380615,0.8924875259399414
13,2090,87.6326904296875,240.18667602539062,2.1204674243927,1.1871817111968994,0.8308782577514648
13,2091,110.68783569335938,465.93896484375,2.1364643573760986,1.8462016582489014,1.1816816329956055
13,2092,117.2664566040039,500.85577392578125,2.2393627166748047,1.9955048561096191,1.2965984344482422
13,2093,121.27694702148438,599.7564697265625,2.0433766841888428,1.5441430807113647,1.780686378479004
13,2094,131.98513793945312,742.1095581054688,1.925805687904358,1.9193880558013916,1.4693450927734375
13,2095,143.09756469726562,857.8809814453125,1.9103151559829712,1.9047383069992065,1.3456830978393555
13,2096,153.11355590820312,863.3663940429688,2.2258970737457275,1.9336349964141846,1.5932016372680664
13,2097,103.58465576171875,363.30865478515625,2.241793155670166,1.362866759300232,1.4062252044677734
13,2098,104.40153503417969,460.3708190917969,1.9454818964004517,1.1289265155792236,1.6563444137573242
13,2099,132.30233764648438,644.589111328125,2.2614471912384033,1.8552160263061523,1.3217248916625977
13,2100,117.37898254394531,588.9625854492188,1.9494242668151855,1.3431544303894043,1.926401138305664
13,2101,79.28526306152344,251.93850708007812,1.8030471801757812,1.2860703468322754,1.0054807662963867
13,2102,95.91937255859375,343.5458984375,2.052159309387207,1.206174373626709,1.2040557861328125
13,2103,111.46780395507812,564.6197509765625,1.8335275650024414,1.2452247142791748,1.707571029663086
13,2104,111.55782318115234,532.0491943359375,1.945096731185913,1.8820955753326416,1.030202865600586
13,2105,122.181640625,598.57275390625,2.0774788856506348,1.8490514755249023,1.2621088027954102
13,2106,132.35330200195312,640.8024291992188,2.275768756866455,1.85830819606781,1.1557207107543945
13,2107,102.63824462890625,460.1393737792969,1.887476921081543,1.8147501945495605,1.0774221420288086
13,2108,122.2127685546875,588.5277099609375,2.111999750137329,1.6599769592285156,1.0745487213134766
13,2109,88.86310577392578,316.1718444824219,1.9081974029541016,1.4414358139038086,0.9787759780883789
13,2110,106.79054260253906,484.3520202636719,1.9451779127120972,1.8696633577346802,0.7462043762207031
13,2111,131.84396362304688,678.33203125,2.1336922645568848,1.8168160915374756,1.3819894790649414
13,2112,111.33497619628906,471.5364990234375,2.1393775939941406,1.8378088474273682,1.2674646377563477
13,2113,114.88851928710938,548.5978393554688,2.000957727432251,1.4723718166351318,1.5673885345458984
13,2114,101.4617691040039,445.21783447265625,1.8979994058609009,1.638589859008789,1.5655794143676758
13,2115,95.88800048828125,447.6072998046875,1.70424222946167,1.6865931749343872,0.9076366424560547
13,2116,161.7750701904297,981.7070922851562,2.120145320892334,2.1146202087402344,1.9103240966796875
13,2117,103.57368469238281,353.27142333984375,2.2748844623565674,1.4254679679870605,1.1447687149047852
13,2118,263.3191833496094,1857.74560546875,2.58482027053833,3.622692108154297,1.5660934448242188
13,2119,159.40830993652344,1052.6748046875,1.8046945333480835,2.4002621173858643,1.3482723236083984
13,2120,128.0673828125,664.4075927734375,2.0542211532592773,2.098782539367676,1.5315637588500977
13,2121,125.84785461425781,689.7567138671875,1.8957395553588867,2.100114107131958,1.2077722549438477
13,2122,142.96817016601562,699.4595947265625,2.4340739250183105,2.317056655883789,1.0383520126342773
13,2123,113.30496978759766,567.698974609375,1.8845024108886719,1.2710163593292236,1.7243032455444336
13,2124,120.29682159423828,632.7227783203125,1.900818109512329,1.8690308332443237,1.4301319122314453
13,2125,112.80793762207031,488.9075012207031,2.130573034286499,1.872060775756836,1.1979341506958008
13,2126,157.71788024902344,961.2626953125,2.053053379058838,1.8785145282745361,1.9127073287963867
13,2127,177.8601837158203,1242.989501953125,1.785374402999878,2.423030376434326,1.1644115447998047
13,2128,107.46553802490234,427.1272277832031,2.1584272384643555,1.7901337146759033,0.8509464263916016
13,2129,127.65894317626953,642.241455078125,2.1144933700561523,1.5989357233047485,1.4886589050292969
13,2130,81.87095642089844,275.1613464355469,1.811827301979065,1.1969833374023438,1.1422176361083984
13,2131,115.76835632324219,500.473876953125,2.1906986236572266,1.6347650289535522,1.2701854705810547
13,2132,110.28318786621094,542.5758056640625,1.8675200939178467,1.4252642393112183,1.5554285049438477
13,2133,108.01827239990234,453.04827880859375,2.0904481410980225,1.5028715133666992,1.0668363571166992
13,2134,90.14781188964844,303.6533203125,1.9927492141723633,1.2030969858169556,0.9253873825073242
13,2135,108.8897933959961,524.8628540039062,1.8801169395446777,1.5448592901229858,1.0247411727905273
13,2136,607.9994506835938,5463.177734375,2.05605411529541,4.383777618408203,1.1950368881225586
13,2137,92.30205535888672,283.5948181152344,2.1314191818237305,1.5429997444152832,0.9923515319824219
13,2138,126.54107666015625,580.0994873046875,2.2843708992004395,1.7675567865371704,1.3264179229736328
13,2139,122.30589294433594,550.760009765625,2.2409963607788086,1.6599643230438232,1.3141250610351562
13,2140,115.20619201660156,545.12353515625,2.023128032684326,1.2720482349395752,1.1864614486694336
13,2141,120.5189208984375,581.598876953125,2.07863450050354,1.84615159034729,1.4753904342651367
13,2142,647.8439331054688,5684.6533203125,2.645954132080078,4.313889980316162,1.4494152069091797
13,2143,106.29150390625,461.356689453125,2.005194664001465,1.38348388671875,1.2274961471557617
13,2144,108.41651916503906,456.173828125,2.0933046340942383,1.446786642074585,1.1821603775024414
13,2145,110.91256713867188,438.4095458984375,2.235720634460449,1.4601359367370605,1.2128467559814453
13,2146,169.0388946533203,1068.3792724609375,2.0733656883239746,2.4888088703155518,1.2622652053833008
13,2147,116.96916198730469,544.3139038085938,2.084592342376709,1.5773547887802124,1.1216669082641602
13,2148,106.90306091308594,450.74407958984375,2.060955047607422,1.5795012712478638,1.2202215194702148
13,2149,114.19607543945312,534.3665771484375,2.0253140926361084,1.8616325855255127,0.9677352905273438
13,2150,89.37663269042969,282.9241638183594,2.0361404418945312,1.1742254495620728,1.1033439636230469
13,2151,132.8263397216797,730.70361328125,1.991865634918213,2.4444289207458496,1.276473045349121
13,2152,142.15797424316406,825.3512573242188,1.9874284267425537,1.7289481163024902,1.645827293395996
13,2153,185.73468017578125,1194.298828125,2.2101597785949707,2.843818187713623,1.1110897064208984
13,2154,116.45658874511719,544.1666870117188,2.0679972171783447,1.772996187210083,0.9828462600708008
13,2155,98.79914855957031,415.8934326171875,1.9069935083389282,1.7421984672546387,0.9585084915161133
13,2156,114.91950225830078,538.5581665039062,2.0354561805725098,1.5942836999893188,1.7446041107177734
13,2157,95.18809509277344,356.5496826171875,1.9844374656677246,1.5219000577926636,1.1203012466430664
13,2158,118.1375732421875,593.796875,1.9585959911346436,1.6920832395553589,1.4092121124267578
13,2159,79.37095642089844,218.12533569335938,1.9186139106750488,1.304962158203125,0.5827465057373047
13,2160,155.49380493164062,912.491943359375,2.1414871215820312,2.3057966232299805,1.369215965270996
13,2161,105.99592590332031,448.49365234375,2.0382187366485596,1.5863711833953857,1.112248420715332
13,2162,127.27180480957031,597.8662109375,2.2495059967041016,1.6725902557373047,1.4537982940673828
13,2163,92.37539672851562,352.69696044921875,1.9035232067108154,1.3652656078338623,0.8936471939086914
13,2164,111.6707763671875,516.5112915039062,2.000654697418213,1.8680822849273682,1.1033544540405273
13,2165,100.2112045288086,381.56158447265625,2.0685014724731445,1.7501747608184814,1.1562490463256836
13,2166,113.69351196289062,652.1110229492188,1.616080403327942,1.7431080341339111,1.4744138717651367
13,2167,145.53341674804688,763.3656005859375,2.3065619468688965,1.8071627616882324,1.6769027709960938
13,2168,108.5404052734375,437.7478332519531,2.1588540077209473,1.6641260385513306,1.1407709121704102
13,2169,119.0086669921875,535.5459594726562,2.181802272796631,2.0726442337036133,0.7751960754394531
13,2170,112.8355712890625,445.560546875,2.2759838104248047,1.6028918027877808,1.1289329528808594
13,2171,106.16749572753906,446.88702392578125,2.049293041229248,1.1699960231781006,1.3166179656982422
13,2172,90.57819366455078,304.9018859863281,2.0029335021972656,1.2472097873687744,1.2229528427124023
13,2173,109.38807678222656,475.08624267578125,2.0626485347747803,1.853014588356018,1.0380325317382812
13,2174,106.99530029296875,508.5724182128906,1.871268630027771,2.10471773147583,1.1107797622680664
13,2175,113.95289611816406,488.01055908203125,2.1717281341552734,1.568495750427246,1.4832277297973633
13,2176,116.12937927246094,485.4256896972656,2.2528936862945557,1.6275215148925781,1.0468215942382812
13,2177,137.3359832763672,599.794677734375,2.5785505771636963,2.08868408203125,1.1845703125
13,2178,90.95738983154297,290.66082763671875,2.0630435943603516,1.5201661586761475,0.9912242889404297
13,2179,99.50114440917969,354.6540222167969,2.1345248222351074,1.3725366592407227,0.9028463363647461
13,2180,86.9324951171875,322.4463195800781,1.8229286670684814,1.440382957458496,0.8956460952758789
13,2181,119.165283203125,519.97998046875,2.2389094829559326,1.5310969352722168,1.3337650299072266
13,2182,123.34707641601562,612.991943359375,2.0682625770568848,1.6500838994979858,1.1652088165283203
13,2183,109.0439682006836,469.2666015625,2.0705769062042236,1.5890955924987793,1.2993040084838867
13,2184,104.67942810058594,496.601806640625,1.8339747190475464,1.3225023746490479,1.809037208557129
13,2185,128.6905975341797,683.080810546875,2.0127503871917725,1.9929310083389282,1.5555973052978516
13,2186,142.70587158203125,820.21533203125,2.022810935974121,2.1052193641662598,1.3042068481445312
13,2187,113.49325561523438,448.26702880859375,2.2888851165771484,1.3956786394119263,1.207132339477539
13,2188,119.63943481445312,538.8653564453125,2.191763401031494,1.5495599508285522,1.1821565628051758
13,2189,92.40046691894531,338.45294189453125,1.9518389701843262,1.2554054260253906,1.2340278625488281
13,2190,126.81904602050781,646.2470092773438,2.0731449127197266,2.090183734893799,1.1497726440429688
13,2191,87.47396850585938,359.7839050292969,1.7165194749832153,1.4742519855499268,0.9989433288574219
13,2192,100.43641662597656,422.8417663574219,1.9384078979492188,1.3977258205413818,1.066472053527832
13,2193,109.09230041503906,482.7464294433594,2.0272552967071533,1.405296802520752,1.5000152587890625
13,2194,145.23159790039062,810.4002075195312,2.139719009399414,1.9775700569152832,1.3604507446289062
13,2195,153.84710693359375,853.147216796875,2.2844128608703613,1.3389869928359985,1.890275001525879
13,2196,140.26580810546875,737.6334228515625,2.2167487144470215,1.6831880807876587,1.937230110168457
13,2197,148.10311889648438,767.9862670898438,2.3768162727355957,1.738412857055664,1.6172685623168945
13,2198,109.52423095703125,478.34014892578125,2.0563406944274902,1.9519696235656738,1.118382453918457
13,2199,97.15968322753906,297.3671875,2.247432231903076,1.3783161640167236,0.9142026901245117
13,2200,158.79425048828125,838.9251098632812,2.496725082397461,2.46787166595459,1.5676164627075195
13,2201,157.00765991210938,956.5018310546875,2.0452489852905273,1.4939604997634888,1.8362865447998047
13,2202,150.10446166992188,844.463134765625,2.1886048316955566,2.054508686065674,0.6925849914550781
13,2203,93.39065551757812,402.6787109375,1.7707595825195312,1.3639098405838013,1.2450037002563477
13,2204,124.13580322265625,607.351806640625,2.113354206085205,1.6735844612121582,1.6687898635864258
13,2205,161.41781616210938,1021.2301025390625,1.97649347782135,2.0466580390930176,1.4877586364746094
13,2206,121.20836639404297,607.419189453125,2.0155482292175293,1.9461843967437744,1.3463191986083984
13,2207,172.50802612304688,1061.87158203125,2.210695266723633,2.7989978790283203,1.7215700149536133
13,2208,123.59518432617188,711.2066040039062,1.7491507530212402,1.648406744003296,1.9685544967651367
13,2209,154.89212036132812,882.7600708007812,2.220536708831787,2.366171360015869,1.2279634475708008
13,2210,119.07710266113281,583.686279296875,2.023615837097168,2.154017686843872,1.3983697891235352
13,2211,104.46977233886719,503.6954345703125,1.803341031074524,1.9410189390182495,1.0475168228149414
13,2212,116.13520050048828,550.036865234375,2.03771710395813,1.8166372776031494,1.1889944076538086
13,2213,116.65904998779297,570.8545532226562,1.9857864379882812,2.331584930419922,1.0739812850952148
13,2214,107.8004379272461,475.1607360839844,2.009478807449341,1.7291254997253418,1.4609909057617188
13,2215,217.38734436035156,1500.46826171875,2.2446837425231934,2.4219207763671875,1.347890853881836
13,2216,96.01211547851562,342.229736328125,2.059638023376465,1.605609655380249,1.0077018737792969
13,2217,94.96022033691406,374.9044494628906,1.9156590700149536,1.3455265760421753,1.1939764022827148
13,2218,191.6673583984375,1159.2286376953125,2.5248160362243652,1.753997564315796,1.996633529663086
13,2219,130.96038818359375,689.777587890625,2.0660877227783203,1.7942631244659424,1.3863201141357422
13,2220,101.50157928466797,398.76861572265625,2.054157257080078,1.6222556829452515,1.186166763305664
13,2221,100.04690551757812,392.477294921875,2.026638984680176,1.3727543354034424,1.053868293762207
13,2222,357.62188720703125,2896.577392578125,2.2654709815979004,3.426267623901367,1.4205207824707031
13,2223,105.08583068847656,404.109375,2.155829906463623,1.553393840789795,1.0330848693847656
13,2224,127.29031372070312,660.0646362304688,2.042795181274414,1.6667625904083252,0.925755500793457
13,2225,91.50752258300781,375.78216552734375,1.7976434230804443,1.3308520317077637,1.2250232696533203
13,2226,85.82411193847656,279.6969909667969,1.9284803867340088,1.146226406097412,1.0670194625854492
13,2227,154.95172119140625,911.8640747070312,2.1255102157592773,2.315859079360962,1.0748100280761719
13,2228,90.892578125,330.16998291015625,1.9291858673095703,1.4499566555023193,0.9012537002563477
13,2229,107.2764663696289,514.12109375,1.862145185470581,1.5062750577926636,1.3119792938232422
13,2230,94.41427612304688,388.6665344238281,1.8515875339508057,1.353111982345581,1.1630449295043945
13,2231,82.82506561279297,273.187255859375,1.8502113819122314,1.2613788843154907,1.1881885528564453
13,2232,88.88662719726562,347.4476623535156,1.8047287464141846,1.456786036491394,0.9671878814697266
13,2233,76.82545471191406,208.9473876953125,1.8643572330474854,1.363950252532959,0.7763500213623047
13,2234,125.37977600097656,693.4877319335938,1.8676998615264893,1.9713685512542725,0.875762939453125
13,2235,109.01223754882812,372.8375549316406,2.390949249267578,1.8003814220428467,0.9597558975219727
13,2236,102.16110229492188,370.3278503417969,2.1709437370300293,1.271580696105957,0.9912576675415039
13,2237,195.8019256591797,1303.0069580078125,2.1833739280700684,2.7608914375305176,1.0609722137451172
13,2238,141.22305297851562,780.277587890625,2.1065099239349365,2.1402320861816406,1.7547273635864258
13,2239,638.9281005859375,5656.53076171875,2.442500352859497,4.671043395996094,1.3474369049072266
13,2240,92.81056213378906,341.4506530761719,1.9555164575576782,1.7925580739974976,1.1532421112060547
13,2241,101.54879760742188,436.41656494140625,1.9302380084991455,1.3391004800796509,1.146876335144043
13,2242,119.9087905883789,563.8084716796875,2.117598056793213,1.7549607753753662,1.2070207595825195
13,2243,75.80620574951172,226.73069763183594,1.7711045742034912,1.071472406387329,0.8467035293579102
13,2244,82.43303680419922,232.74758911132812,1.9719425439834595,1.351053237915039,0.5744028091430664
13,2245,89.75657653808594,277.7894592285156,2.0659210681915283,1.402020812034607,0.9895706176757812
13,2246,105.78931427001953,458.602294921875,1.9976361989974976,1.705538034439087,1.3925104141235352
13,2247,139.17666625976562,696.0614624023438,2.3190174102783203,2.2095611095428467,1.502284049987793
13,2248,212.95504760742188,1437.5916748046875,2.3065290451049805,2.526822090148926,0.9062767028808594
13,2249,142.30177307128906,666.301025390625,2.5223889350891113,1.752974033355713,1.3705711364746094
13,2250,112.82109069824219,503.90362548828125,2.081024169921875,2.0687642097473145,1.1366844177246094
13,2251,88.79302215576172,302.8382263183594,1.9503065347671509,1.156707525253296,1.0589284896850586
13,2252,180.57644653320312,1077.4830322265625,2.4276046752929688,2.4840996265411377,1.5183162689208984
13,2253,112.49748992919922,487.49249267578125,2.124941349029541,1.945905327796936,1.1934814453125
13,2254,104.82978057861328,413.7706604003906,2.1150903701782227,1.2146097421646118,1.1629562377929688
13,2255,126.74110412597656,636.7576293945312,2.1021780967712402,2.4534101486206055,1.466867446899414
13,2256,122.2164306640625,636.9029541015625,1.950871229171753,1.5491712093353271,1.4237661361694336
13,2257,107.56690979003906,447.45477294921875,2.0940475463867188,1.1037060022354126,1.3600902557373047
13,2258,85.49417114257812,261.3377990722656,1.9786796569824219,1.2016998529434204,0.8194799423217773
13,2259,125.90196228027344,630.2193603515625,2.0960006713867188,2.204533338546753,1.347503662109375
13,2260,101.1254653930664,375.2655944824219,2.1199634075164795,1.5678822994232178,0.9404029846191406
13,2261,94.53523254394531,358.06781005859375,1.9576148986816406,1.3383713960647583,1.2157573699951172
13,2262,142.54562377929688,814.645751953125,2.03603458404541,2.1889498233795166,1.5817041397094727
13,2263,136.4069061279297,619.4583740234375,2.4820356369018555,1.6993900537490845,1.5057849884033203
13,2264,107.07783508300781,427.34722900390625,2.144770383834839,1.807692527770996,0.8311071395874023
13,2265,99.51331329345703,400.8953857421875,1.98079252243042,1.2510359287261963,1.5272626876831055
13,2266,111.21842956542969,521.307861328125,1.969588279724121,1.692765474319458,1.3911018371582031
13,2267,86.21376037597656,299.0925598144531,1.876816987991333,1.1363403797149658,1.4197511672973633
13,2268,122.0135498046875,563.0114135742188,2.1904137134552,2.1573758125305176,0.9741096496582031
13,2269,112.88561248779297,539.15869140625,1.9656580686569214,1.3870965242385864,1.597517967224121
13,2270,115.25741577148438,456.5655212402344,2.3200290203094482,1.9874608516693115,0.8685245513916016
13,2271,153.3177947998047,869.7376098632812,2.211467742919922,2.521481513977051,1.253549575805664
13,2272,101.76441192626953,341.17620849609375,2.2548930644989014,1.339518427848816,0.9553718566894531
13,2273,107.2254638671875,490.58685302734375,1.9388926029205322,1.9226795434951782,1.0124273300170898
13,2274,139.97731018066406,787.5430908203125,2.040766477584839,1.5923339128494263,1.4539861679077148
13,2275,146.15310668945312,888.4625854492188,1.9102282524108887,2.2609081268310547,1.4454822540283203
13,2276,114.53832244873047,576.63623046875,1.8958232402801514,1.6249451637268066,1.0934467315673828
13,2277,120.10525512695312,563.816650390625,2.124119758605957,1.7816182374954224,1.2713298797607422
13,2278,103.27157592773438,439.8582763671875,1.976191520690918,1.59836745262146,1.3253698348999023
13,2279,131.8572235107422,757.0368041992188,1.8717845678329468,1.7024335861206055,1.7139854431152344
13,2280,104.40291595458984,480.4586181640625,1.878568410873413,1.6790473461151123,1.0980358123779297
13,2281,149.3310546875,883.7489624023438,2.031872034072876,2.193528652191162,1.216965675354004
13,2282,105.38582611083984,506.7951965332031,1.8235435485839844,1.409874677658081,1.5368061065673828
13,2283,149.55105590820312,871.3890380859375,2.080404758453369,2.242356777191162,0.9906368255615234
13,2284,134.3058319091797,652.16064453125,2.302992343902588,2.1453211307525635,1.221146583557129
13,2285,109.74951171875,540.4024658203125,1.8569755554199219,1.7427482604980469,1.2156248092651367
13,2286,92.84625244140625,289.9980163574219,2.1282150745391846,1.1779699325561523,0.9401121139526367
13,2287,113.45169067382812,415.61785888671875,2.3963303565979004,1.2872862815856934,1.244546890258789
13,2288,97.48321533203125,376.25555419921875,1.9952551126480103,1.1986409425735474,1.5366458892822266
13,2289,109.00282287597656,436.3531494140625,2.1789169311523438,1.2604074478149414,1.2846994400024414
13,2290,107.27908325195312,386.0231018066406,2.2892258167266846,1.5781556367874146,1.312129020690918
13,2291,118.19844055175781,588.8555297851562,1.9770963191986084,1.7317678928375244,1.4583444595336914
13,2292,90.58134460449219,335.0236511230469,1.902632474899292,1.430891752243042,1.3113107681274414
13,2293,122.22599792480469,608.584716796875,2.045584201812744,1.8349201679229736,1.3231964111328125
13,2294,917.1260986328125,8544.826171875,2.0881171226501465,5.952548027038574,1.8793601989746094
13,2295,145.45831298828125,808.7991943359375,2.1526126861572266,2.4520089626312256,1.028188705444336
13,2296,94.39189147949219,399.9356689453125,1.8132773637771606,1.7668042182922363,1.1870670318603516
13,2297,479.1566162109375,4174.96728515625,2.0553290843963623,3.3823118209838867,1.8179206848144531
13,2298,98.78287506103516,431.0711975097656,1.8558584451675415,1.6795586347579956,0.755040168762207
13,2299,640.3610229492188,5872.51171875,1.7703287601470947,4.06359338760376,1.321533203125
13,2300,102.97688293457031,397.586181640625,2.1072754859924316,1.3673529624938965,1.2993841171264648
13,2301,304.6874084472656,2417.3076171875,2.098555088043213,3.207742214202881,0.9780006408691406
13,2302,94.55950927734375,291.434814453125,2.1805343627929688,1.4267470836639404,0.9750289916992188
13,2303,99.8829345703125,352.02947998046875,2.1559994220733643,1.3442473411560059,0.9977483749389648
13,2304,104.40689086914062,411.7527770996094,2.1077206134796143,1.6568267345428467,1.259286880493164
13,2305,264.9305114746094,1980.7935791015625,2.2283713817596436,2.5548877716064453,0.6609954833984375
13,2306,115.147216796875,577.2720336914062,1.9140002727508545,1.861950159072876,1.335829734802246
13,2307,92.98941040039062,344.8839111328125,1.9500341415405273,1.1962711811065674,1.247650146484375
13,2308,168.37855529785156,1039.7681884765625,2.1467244625091553,2.5739798545837402,1.4809198379516602
13,2309,111.59783172607422,542.2161254882812,1.9125405550003052,1.8503453731536865,1.495523452758789
13,2310,93.86143493652344,354.26812744140625,1.9478206634521484,1.3660881519317627,0.955836296081543
13,2311,102.06681823730469,405.8221130371094,2.0494868755340576,1.5474034547805786,1.2636041641235352
13,2312,102.83122253417969,418.860107421875,2.0315070152282715,1.4009697437286377,1.2621240615844727
13,2313,119.48176574707031,599.3711547851562,1.9848215579986572,1.3889834880828857,1.4178085327148438
13,2314,117.02499389648438,629.3102416992188,1.8031320571899414,1.901478886604309,1.3962535858154297
13,2315,106.50648498535156,456.7534484863281,2.0277044773101807,1.5411579608917236,1.38006591796875
13,2316,106.88673400878906,449.4273681640625,2.0647997856140137,1.9704786539077759,1.081862449645996
13,2317,94.18296813964844,373.4193420410156,1.8947010040283203,1.7419346570968628,1.1465063095092773
13,2318,198.33746337890625,1365.024169921875,2.0611677169799805,2.482936382293701,1.6293859481811523
13,2319,90.66677856445312,307.79632568359375,1.996238350868225,1.1582229137420654,1.043473243713379
13,2320,87.01383209228516,286.1467590332031,1.9466384649276733,1.2257139682769775,1.128483772277832
13,2321,117.71432495117188,627.0964965820312,1.833489179611206,1.765076756477356,1.507206916809082
13,2322,108.61598205566406,501.85455322265625,1.9476840496063232,1.8442600965499878,1.609048843383789
13,2323,80.79629516601562,243.76168823242188,1.8806707859039307,1.1513257026672363,0.8672695159912109
13,2324,116.36917114257812,541.736328125,2.0731844902038574,1.5326570272445679,1.350295066833496
13,2325,109.35224914550781,463.08453369140625,2.1014599800109863,1.2886546850204468,1.7717342376708984
13,2326,95.67604064941406,359.21270751953125,1.9918255805969238,1.226998209953308,1.243424415588379
13,2327,110.88783264160156,415.37713623046875,2.3116705417633057,1.623469591140747,0.8373470306396484
13,2328,89.19322967529297,357.0355224609375,1.782989263534546,1.1616394519805908,1.0436601638793945
13,2329,114.05064392089844,434.98028564453125,2.3517537117004395,1.5314841270446777,1.107797622680664
13,2330,103.58927917480469,341.334228515625,2.315195083618164,1.2489991188049316,1.315932273864746
13,2331,230.54550170898438,1167.633544921875,3.792738199234009,2.6111526489257812,1.7261676788330078
13,2332,102.95401000976562,391.90863037109375,2.1254382133483887,1.2456897497177124,1.4508018493652344
13,2333,122.8775863647461,572.2256469726562,2.1885006427764893,1.595736026763916,1.8309221267700195
13,2334,91.54598999023438,284.4478759765625,2.1033732891082764,1.0203728675842285,1.096796989440918
13,2335,100.11695861816406,391.2864990234375,2.0329434871673584,1.4864871501922607,0.871556282043457
13,2336,91.20970153808594,372.0061950683594,1.8003026247024536,1.444810152053833,1.1893634796142578
13,2337,113.62031555175781,540.22607421875,1.9865903854370117,1.907400131225586,1.2760438919067383
13,2338,163.34803771972656,964.3886108398438,2.2303056716918945,2.2141380310058594,1.9001283645629883
13,2339,124.74761962890625,613.337646484375,2.113795280456543,1.5736747980117798,1.225937843322754
13,2340,103.34703063964844,461.90283203125,1.9052250385284424,1.412278652191162,1.170034408569336
13,2341,100.57476806640625,436.5495910644531,1.897326946258545,1.482858657836914,1.2388458251953125
13,2342,106.88396453857422,476.8218994140625,1.9733924865722656,1.511489987373352,1.2803211212158203
13,2343,108.39604949951172,525.7316284179688,1.8607629537582397,1.677769660949707,1.371438980102539
13,2344,247.6695556640625,1853.1279296875,2.078558921813965,2.6485939025878906,1.6944208145141602
13,2345,213.23036193847656,1560.6728515625,1.9054358005523682,3.178976535797119,1.0687541961669922
13,2346,172.40176391601562,1183.197998046875,1.8027321100234985,2.7169156074523926,1.4304132461547852
13,2347,128.480712890625,615.5935668945312,2.2307121753692627,2.342764377593994,0.9191446304321289
13,2348,144.8273162841797,448.4107666015625,3.3328745365142822,1.739307165145874,1.2161169052124023
13,2349,82.8775634765625,288.89727783203125,1.7995944023132324,1.1844816207885742,1.0283212661743164
13,2350,90.97113800048828,356.9156494140625,1.8426523208618164,1.519845724105835,1.1130743026733398
13,2351,105.30207061767578,439.89617919921875,2.043748378753662,1.4775075912475586,0.8065395355224609
13,2352,96.62875366210938,345.7052307128906,2.068607807159424,1.3643683195114136,1.3085880279541016
13,2353,85.45643615722656,316.7974548339844,1.7925562858581543,1.180742859840393,0.8945779800415039
13,2354,111.31124114990234,533.1151123046875,1.9333243370056152,1.7915558815002441,1.1282730102539062
13,2355,89.53044128417969,354.2193908691406,1.8036168813705444,1.3114116191864014,1.1939506530761719
13,2356,341.4551086425781,2826.0869140625,1.9615470170974731,2.8815367221832275,1.6237297058105469
13,2357,120.54862976074219,559.8128051757812,2.152245044708252,1.8799464702606201,1.0231094360351562
13,2358,124.18727111816406,624.5517578125,2.057736396789551,1.859593391418457,1.341217041015625
13,2359,100.33088684082031,407.5474548339844,1.9858713150024414,1.5132988691329956,1.237278938293457
13,2360,108.50291442871094,455.9366455078125,2.0969748497009277,1.6827490329742432,1.166640281677246
13,2361,100.3458023071289,421.5194091796875,1.9397952556610107,1.1218373775482178,1.1260271072387695
13,2362,131.7589569091797,721.8002319335938,1.9859644174575806,2.1434340476989746,1.1246767044067383
13,2363,111.33428955078125,479.0595703125,2.1142778396606445,1.8998589515686035,1.3344306945800781
13,2364,98.99082946777344,396.0234375,1.9796161651611328,1.7036261558532715,1.0002851486206055
13,2365,103.35195922851562,479.0087890625,1.8483692407608032,1.764660120010376,1.063746452331543
13,2366,104.84954833984375,454.88934326171875,1.9786872863769531,1.4333105087280273,1.4272041320800781
13,2367,154.8018798828125,977.5650024414062,1.9015123844146729,2.2075376510620117,1.608078956604004
13,2368,145.41883850097656,827.2896728515625,2.089662551879883,2.3535614013671875,1.2865524291992188
13,2369,112.819580078125,530.801025390625,1.9913158416748047,1.9572696685791016,0.9837579727172852
13,2370,134.50625610351562,676.55712890625,2.22835111618042,2.077467441558838,1.2339344024658203
13,2371,117.63147735595703,569.8486938476562,2.0215535163879395,1.804866075515747,1.1206417083740234
13,2372,92.87751770019531,344.8414001464844,1.9464457035064697,1.5498744249343872,0.9960412979125977
13,2373,95.35088348388672,288.19610595703125,2.2177090644836426,1.0703940391540527,1.057082176208496
13,2374,254.87530517578125,1889.531005859375,2.197406768798828,2.5511627197265625,0.8792409896850586
13,2375,103.1644287109375,412.2648620605469,2.0645980834960938,1.5118017196655273,1.2472658157348633
13,2376,107.71238708496094,510.8488464355469,1.8875833749771118,1.5631263256072998,1.7474756240844727
13,2377,125.49899291992188,587.6367797851562,2.224510431289673,2.017052173614502,1.1845674514770508
13,2378,393.166015625,3263.1298828125,2.228433609008789,4.027291297912598,1.3109807968139648
13,2379,120.83409118652344,631.4771728515625,1.9228789806365967,2.3463125228881836,1.0725889205932617
13,2380,130.56068420410156,652.9542846679688,2.1755082607269287,1.9539775848388672,1.0693168640136719
13,2381,120.28546142578125,492.1920166015625,2.368875026702881,1.6429394483566284,1.5085830688476562
13,2382,90.0232925415039,377.5288391113281,1.742347002029419,1.655714511871338,1.0344762802124023
13,2383,125.46463012695312,655.8853759765625,1.9958696365356445,1.815674901008606,1.2299928665161133
13,2384,109.13274383544922,470.297607421875,2.070099353790283,1.9020183086395264,1.4176340103149414
13,2385,119.08740234375,512.29443359375,2.261931896209717,2.1431398391723633,1.0932798385620117
13,2386,139.065673828125,744.6350708007812,2.1534054279327393,1.6934897899627686,1.197606086730957
13,2387,112.15640258789062,546.8836059570312,1.9156012535095215,2.0605783462524414,1.2597055435180664
13,2388,105.96144104003906,437.010009765625,2.075348138809204,1.8666316270828247,1.115438461303711
13,2389,137.48379516601562,684.5632934570312,2.3009157180786133,2.2321715354919434,1.3356752395629883
13,2390,98.83756256103516,404.04119873046875,1.9477813243865967,1.8124172687530518,0.8777427673339844
13,2391,123.2808837890625,517.3170776367188,2.38497257232666,1.493332862854004,1.5928277969360352
13,2392,104.138916015625,411.8897705078125,2.0983312129974365,1.5823763608932495,1.302638053894043
13,2393,113.89936828613281,578.4086303710938,1.8686169385910034,1.9613664150238037,1.476792335510254
13,2394,142.1853790283203,787.8890380859375,2.113215923309326,1.954969882965088,1.4399185180664062
13,2395,139.74880981445312,676.7590942382812,2.4024298191070557,1.7793669700622559,1.1294927597045898
13,2396,101.09933471679688,431.3323669433594,1.9322031736373901,1.7128970623016357,1.1944856643676758
13,2397,101.19841003417969,389.0101623535156,2.0765798091888428,1.4247231483459473,1.3184375762939453
13,2398,133.18988037109375,703.8173828125,2.0936050415039062,2.095508098602295,1.2410097122192383
13,2399,124.0888900756836,562.9303588867188,2.259861707687378,1.8885852098464966,1.2774639129638672
13,2400,103.108642578125,385.5035400390625,2.1519429683685303,1.3291752338409424,1.4273900985717773
13,2401,108.30876922607422,426.30523681640625,2.189274787902832,1.3848011493682861,1.6043968200683594
13,2402,109.21218872070312,510.08258056640625,1.9401309490203857,1.582901120185852,1.1447381973266602
13,2403,110.5145034790039,492.680419921875,2.041548728942871,1.023044228553772,1.3478384017944336
13,2404,95.35592651367188,387.7822265625,1.8859232664108276,1.5728070735931396,1.0329923629760742
13,2405,124.55876159667969,609.1763916015625,2.121370792388916,1.4523192644119263,1.6438360214233398
13,2406,107.323486328125,517.065673828125,1.8538973331451416,1.6047043800354004,1.812173843383789
13,2407,215.91204833984375,1515.8857421875,2.144115924835205,1.5996274948120117,1.768610954284668
13,2408,101.74254608154297,461.9458923339844,1.8515985012054443,1.5765358209609985,1.0177688598632812
13,2409,129.37469482421875,676.4891967773438,2.057525873184204,1.378969430923462,1.700942039489746
13,2410,125.80348205566406,663.413818359375,1.982069969177246,1.8763889074325562,1.1677827835083008
13,2411,95.71395111083984,361.2099609375,1.9864317178726196,1.556517243385315,1.2546977996826172
13,2412,101.96985626220703,357.2674560546875,2.208103656768799,1.6897237300872803,0.8363485336303711
13,2413,90.89263916015625,320.47601318359375,1.961501121520996,1.3847763538360596,1.3310794830322266
13,2414,109.72988891601562,456.30096435546875,2.136659622192383,1.8605669736862183,1.146463394165039
13,2415,110.94207763671875,488.3846740722656,2.070120334625244,1.5473790168762207,1.5204963684082031
13,2416,110.95970916748047,413.44366455078125,2.3205113410949707,1.2116578817367554,1.4254531860351562
13,2417,95.15599060058594,302.8019104003906,2.1625266075134277,1.1335101127624512,1.2766962051391602
13,2418,128.87387084960938,697.0536499023438,1.9722836017608643,1.829118013381958,1.5214529037475586
13,2419,140.5673065185547,808.554931640625,1.990393877029419,2.003200054168701,1.3209943771362305
13,2420,122.53036499023438,594.5361938476562,2.102558135986328,1.9296445846557617,1.7065372467041016
13,2421,98.53692626953125,293.88140869140625,2.304959535598755,1.182438611984253,0.8409061431884766
13,2422,120.77192687988281,660.369384765625,1.8244993686676025,1.8536348342895508,1.3904457092285156
13,2423,159.26597595214844,935.7462158203125,2.189711809158325,2.4715218544006348,1.6573410034179688
13,2424,103.931396484375,376.68328857421875,2.208768844604492,1.7786848545074463,1.0124950408935547
13,2425,109.39215087890625,427.2699279785156,2.2221717834472656,1.4266822338104248,1.357919692993164
13,2426,121.74247741699219,598.965087890625,2.0615320205688477,1.9309663772583008,1.1903133392333984
13,2427,162.7182159423828,992.9444580078125,2.1141257286071777,2.6386044025421143,1.2878170013427734
13,2428,421.8716125488281,3531.417724609375,2.290994167327881,3.4600071907043457,1.085784912109375
13,2429,84.5593032836914,336.471923828125,1.6970703601837158,1.1550800800323486,1.3993988037109375
13,2430,91.24787902832031,357.5024719238281,1.8499212265014648,1.5614047050476074,1.0646114349365234
13,2431,97.83771514892578,323.53179931640625,2.1828179359436035,1.325933814048767,1.2537593841552734
13,2432,98.02713012695312,338.65252685546875,2.1387293338775635,1.29453444480896,1.1360511779785156
13,2433,104.94975280761719,494.34356689453125,1.850513219833374,1.5703636407852173,1.5948076248168945
13,2434,123.51699829101562,642.998046875,1.9739065170288086,1.4425054788589478,1.7964353561401367
13,2435,110.82572937011719,505.95404052734375,2.0076775550842285,1.6440173387527466,1.2652368545532227
13,2436,91.26313781738281,329.373291015625,1.9441936016082764,1.695055603981018,0.9577407836914062
13,2437,94.0926513671875,325.6140441894531,2.051041603088379,1.0665361881256104,1.3689994812011719
13,2438,131.48846435546875,638.3848266601562,2.2549991607666016,1.2342665195465088,1.6653900146484375
13,2439,121.77035522460938,617.325439453125,2.001260280609131,1.6519321203231812,1.6095304489135742
13,2440,110.6466064453125,429.7145080566406,2.255838632583618,1.5068857669830322,1.1094083786010742
13,2441,115.84507751464844,465.9296875,2.308403491973877,1.6326191425323486,1.1114501953125
13,2442,113.17999267578125,480.65966796875,2.1704673767089844,1.7190533876419067,1.2917709350585938
13,2443,111.7303466796875,434.93634033203125,2.274557113647461,1.1650638580322266,1.6028661727905273
13,2444,101.87571716308594,378.16021728515625,2.1353230476379395,1.6177318096160889,1.1408748626708984
13,2445,120.10458374023438,571.0547485351562,2.0999703407287598,1.329394817352295,1.7039213180541992
13,2446,84.13697814941406,193.643310546875,2.159088134765625,1.0506260395050049,0.8014497756958008
13,2447,500.1120300292969,4352.30859375,2.162705659866333,3.6786701679229736,1.2208166122436523
13,2448,507.02093505859375,4471.04443359375,1.9972162246704102,4.241231918334961,1.3269004821777344
13,2449,101.6995849609375,520.197265625,1.6559951305389404,1.6914199590682983,1.1211662292480469
13,2450,92.34982299804688,330.59735107421875,1.9763362407684326,1.2856500148773193,1.227294921875
13,2451,123.7210464477539,645.8930053710938,1.9710581302642822,1.918142318725586,1.6544427871704102
13,2452,95.18636322021484,340.9508972167969,2.0363757610321045,1.7449017763137817,0.9419221878051758
13,2453,109.91463470458984,546.6569213867188,1.8416314125061035,1.4598097801208496,1.268646240234375
13,2454,133.8491668701172,606.1104125976562,2.4412710666656494,1.6255342960357666,1.6871232986450195
13,2455,105.56377410888672,464.6056213378906,1.970107078552246,1.9412436485290527,1.24212646484375
13,2456,83.88188171386719,230.29656982421875,2.028407573699951,1.0556976795196533,0.9170188903808594
13,2457,122.48692321777344,552.583740234375,2.2409515380859375,1.957824945449829,1.3549127578735352
13,2458,104.0545883178711,410.0158996582031,2.101766586303711,1.6562254428863525,0.8907232284545898
13,2459,96.0185775756836,393.0830078125,1.8903425931930542,1.2283928394317627,1.4656200408935547
13,2460,99.70565795898438,411.4061279296875,1.9521679878234863,1.3900989294052124,1.4619159698486328
13,2461,114.25200653076172,467.7025451660156,2.249391794204712,1.8449679613113403,1.0462064743041992
13,2462,188.9149627685547,1214.47607421875,2.2489118576049805,2.1861424446105957,1.257725715637207
13,2463,117.1885986328125,424.6903381347656,2.490652084350586,1.6128367185592651,0.8108949661254883
13,2464,78.20330810546875,234.35841369628906,1.8255822658538818,1.3628458976745605,0.79962158203125
13,2465,83.85713195800781,269.6838684082031,1.8962913751602173,1.482177495956421,0.6460056304931641
13,2466,102.45599365234375,341.0887451171875,2.2782373428344727,1.6005418300628662,0.6577367782592773
13,2467,90.23258972167969,294.5275573730469,2.0259945392608643,1.3781667947769165,1.166081428527832
13,2468,125.15707397460938,517.69482421875,2.4462532997131348,1.7327828407287598,1.2553491592407227
13,2469,119.25723266601562,597.8475341796875,1.982416033744812,1.801636815071106,1.5876073837280273
13,2470,106.53656005859375,424.8170471191406,2.135161876678467,1.545335292816162,1.2124300003051758
13,2471,97.61557006835938,396.2838134765625,1.9329063892364502,1.0743004083633423,1.6908063888549805
13,2472,162.54122924804688,1061.154541015625,1.8808588981628418,2.0717506408691406,1.089299201965332
13,2473,140.25259399414062,716.8406982421875,2.2856175899505615,2.271413803100586,1.363520622253418
13,2474,125.09883117675781,688.5908203125,1.874658226966858,1.6995508670806885,1.2140893936157227
13,2475,84.03663635253906,225.81552124023438,2.0485029220581055,1.082281231880188,0.6980466842651367
13,2476,126.87265014648438,706.8867797851562,1.8727988004684448,1.6810643672943115,1.736546516418457
13,2477,116.87184143066406,611.88037109375,1.8561267852783203,1.0555706024169922,1.8218345642089844
13,2478,184.70025634765625,1248.210693359375,1.9959731101989746,2.6325321197509766,1.3208646774291992
13,2479,96.51240539550781,407.403564453125,1.8590681552886963,1.257831335067749,1.4752349853515625
13,2480,120.76180267333984,618.0762939453125,1.9651391506195068,1.4089196920394897,2.048971176147461
13,2481,136.78912353515625,778.55859375,1.9644421339035034,1.9574941396713257,1.5919780731201172
13,2482,96.14375305175781,383.66937255859375,1.925893783569336,1.6352721452713013,1.0245637893676758
13,2483,101.50494384765625,380.4739685058594,2.1152515411376953,1.317134141921997,1.2356500625610352
13,2484,137.6142578125,774.847900390625,2.0043153762817383,2.014700174331665,1.261826515197754
13,2485,175.1226806640625,1047.0709228515625,2.34718656539917,2.9550929069519043,1.699666976928711
13,2486,91.69349670410156,357.4766845703125,1.864861011505127,1.4867852926254272,0.9486675262451172
13,2487,86.87696075439453,222.91653442382812,2.152843475341797,1.0173654556274414,0.9005947113037109
13,2488,115.3804931640625,457.085693359375,2.322397232055664,1.6611257791519165,1.4814472198486328
13,2489,117.40116882324219,523.8200073242188,2.1673054695129395,1.8232957124710083,1.480280876159668
13,2490,139.8623046875,783.55908203125,2.050212860107422,2.0495378971099854,1.7950420379638672
13,2491,93.30526733398438,320.8470764160156,2.0406851768493652,1.37680184841156,1.2437400817871094
13,2492,280.1647644042969,2193.6767578125,2.0265696048736572,3.2795987129211426,1.3111696243286133
13,2493,101.16189575195312,375.2043151855469,2.121382236480713,2.028017997741699,0.9659423828125
13,2494,122.42576599121094,636.5631103515625,1.9589818716049194,2.248270034790039,1.1553621292114258
13,2495,149.34909057617188,829.1370849609375,2.214512825012207,1.9859092235565186,1.7048511505126953
13,2496,116.32233428955078,520.703125,2.1417341232299805,1.8652788400650024,1.3168439865112305
13,2497,107.3956527709961,518.9226684570312,1.850112795829773,1.6690013408660889,1.3712091445922852
13,2498,119.98933410644531,563.3367919921875,2.1218552589416504,1.3547217845916748,1.1395292282104492
13,2499,145.91070556640625,771.4893798828125,2.2920591831207275,2.0708346366882324,1.514796257019043
13,2500,161.23226928710938,973.9051513671875,2.1280581951141357,2.489943504333496,1.1456060409545898
13,2501,396.17742919921875,3303.34326171875,2.194770097732544,3.1832375526428223,1.3416032791137695
13,2502,142.64422607421875,678.8861694335938,2.491853713989258,1.9888484477996826,1.8076210021972656
13,2503,241.28033447265625,1797.6771240234375,2.0504207611083984,2.9658007621765137,1.7175168991088867
13,2504,100.89173889160156,368.57952880859375,2.1344597339630127,1.4811255931854248,1.3019742965698242
13,2505,204.95477294921875,1413.5257568359375,2.120072841644287,2.8030216693878174,1.201481819152832
13,2506,81.8486557006836,279.26177978515625,1.7974159717559814,1.091825008392334,0.9183597564697266
13,2507,109.72634887695312,585.5047607421875,1.7058625221252441,1.2644177675247192,1.472823143005371
13,2508,103.14588928222656,438.3289794921875,1.9770996570587158,1.3265689611434937,1.3348913192749023
13,2509,145.5943603515625,898.7066040039062,1.8574566841125488,1.580487847328186,1.629690170288086
13,2510,112.63602447509766,485.39794921875,2.1365408897399902,1.3334405422210693,1.4544305801391602
13,2511,118.55653381347656,600.0030517578125,1.9518742561340332,1.7821167707443237,1.4330167770385742
13,2512,106.18215942382812,439.7370910644531,2.0736148357391357,1.3708224296569824,1.2084922790527344
13,2513,87.80863952636719,282.00311279296875,1.9869441986083984,1.044205904006958,1.0544939041137695
13,2514,97.35960388183594,322.50634765625,2.1702990531921387,1.672450065612793,0.82098388671875
13,2515,111.96311950683594,447.3349914550781,2.2409873008728027,1.221256971359253,1.503082275390625
13,2516,113.75856018066406,552.9784545898438,1.948690414428711,1.045400619506836,1.612579345703125
13,2517,304.63775634765625,2451.0302734375,1.9844908714294434,3.258483409881592,1.0841503143310547
13,2518,84.21263122558594,281.3720397949219,1.8691807985305786,1.2859749794006348,1.1236772537231445
13,2519,117.67619323730469,528.5016479492188,2.16086745262146,2.020040273666382,0.9074916839599609
13,2520,84.3970718383789,295.1429748535156,1.8294258117675781,1.2192142009735107,0.6825704574584961
13,2521,149.96841430664062,858.6483154296875,2.1367859840393066,2.4243674278259277,1.2429819107055664
13,2522,107.14994812011719,408.1802978515625,2.211063861846924,1.4992247819900513,1.4505681991577148
13,2523,126.81999206542969,676.7318115234375,1.9715604782104492,2.175678253173828,1.0279178619384766
13,2524,120.31619262695312,579.5220336914062,2.0787994861602783,2.032263994216919,1.0227622985839844
13,2525,148.61282348632812,855.1800537109375,2.1031603813171387,2.3200979232788086,1.5808296203613281
13,2526,91.69066619873047,413.1429443359375,1.6792123317718506,1.1741251945495605,1.4629297256469727
13,2527,124.29063415527344,714.4267578125,1.7615984678268433,2.2675039768218994,1.1596240997314453
13,2528,92.1429443359375,363.87042236328125,1.858530044555664,1.5466195344924927,1.088526725769043
13,2529,95.24563598632812,312.6374816894531,2.1327295303344727,1.3865535259246826,1.0203752517700195
13,2530,96.52923583984375,385.13055419921875,1.9338726997375488,1.3637149333953857,1.3553552627563477
13,2531,141.24917602539062,852.4580078125,1.8667793273925781,2.076836585998535,1.188680648803711
13,2532,105.76560974121094,375.0909423828125,2.275217294692993,1.0832511186599731,1.3328275680541992
13,2533,100.62239074707031,359.4354553222656,2.155961513519287,1.2708821296691895,1.531484603881836
13,2534,119.09951782226562,564.2716064453125,2.089078664779663,1.7567616701126099,1.3702526092529297
13,2535,253.21934509277344,1891.980712890625,2.134042263031006,3.66907000541687,1.0125732421875
13,2536,98.54438781738281,373.6058349609375,2.0394601821899414,1.6409144401550293,1.1434249877929688
13,2537,113.27830505371094,559.5665893554688,1.9107213020324707,1.9207557439804077,1.426833152770996
13,2538,184.6580047607422,1127.211181640625,2.3978960514068604,1.7027716636657715,1.6260910034179688
13,2539,109.13166046142578,466.25909423828125,2.0835249423980713,1.7541563510894775,0.8034992218017578
13,2540,107.74504089355469,497.44696044921875,1.933344841003418,2.0340776443481445,1.2382879257202148
13,2541,123.41876220703125,538.5614624023438,2.318753719329834,1.611820936203003,1.7786626815795898
13,2542,138.67523193359375,778.750244140625,2.0266737937927246,2.538423538208008,1.2027931213378906
13,2543,119.88948059082031,595.9031372070312,2.009972333908081,1.3744704723358154,1.7737960815429688
13,2544,127.43870544433594,629.7991333007812,2.1486263275146484,1.558478832244873,1.781306266784668
13,2545,105.14414978027344,444.43121337890625,2.0233676433563232,1.3003883361816406,1.6592178344726562
13,2546,132.552978515625,699.2977294921875,2.0874404907226562,2.2709622383117676,0.8719081878662109
13,2547,175.98670959472656,1194.6279296875,1.8841304779052734,2.544625759124756,1.3099336624145508
13,2548,167.46173095703125,1000.571533203125,2.246819019317627,2.762145757675171,0.8080987930297852
13,2549,103.33307647705078,409.8604736328125,2.0782341957092285,1.4130003452301025,1.2451248168945312
13,2550,111.8488998413086,461.733154296875,2.1891860961914062,1.3299834728240967,1.5756101608276367
13,2551,194.15716552734375,1347.69677734375,1.9795830249786377,2.6961400508880615,1.1017160415649414
13,2552,253.11773681640625,2002.3736572265625,1.762679100036621,3.6542069911956787,1.5398797988891602
13,2553,129.52223205566406,679.7335815429688,2.051629066467285,2.2184247970581055,1.6420717239379883
13,2554,92.79016876220703,306.73223876953125,2.0705647468566895,1.1835293769836426,1.2102680206298828
13,2555,112.61663818359375,531.760498046875,1.9813530445098877,2.0127248764038086,1.2728900909423828
13,2556,91.8119125366211,262.36053466796875,2.1858620643615723,1.4461472034454346,0.9533510208129883
13,2557,108.35830688476562,439.4317321777344,2.1471710205078125,1.5134499073028564,0.9157123565673828
13,2558,113.62776184082031,471.7540283203125,2.215078830718994,1.8014109134674072,1.252187728881836
13,2559,114.87842559814453,430.2081298828125,2.3952536582946777,1.8570990562438965,1.3508729934692383
13,2560,113.16259765625,550.1250610351562,1.9383364915847778,1.6510612964630127,1.7365541458129883
13,2561,122.83822631835938,583.6046142578125,2.149258852005005,1.8887848854064941,1.2354621887207031
13,2562,96.1703872680664,313.5866394042969,2.160390615463257,1.3676681518554688,1.039383888244629
13,2563,99.872802734375,376.4896545410156,2.074127674102783,1.5709235668182373,1.0848455429077148
13,2564,162.9202423095703,988.9603271484375,2.1341402530670166,2.0635781288146973,0.9760189056396484
13,2565,98.3592758178711,372.91412353515625,2.035595417022705,1.4228034019470215,1.2795639038085938
13,2566,82.7724380493164,239.4934539794922,1.960769772529602,1.425729513168335,0.8042020797729492
13,2567,99.78756713867188,371.9681091308594,2.0863585472106934,1.3932843208312988,1.2205495834350586
13,2568,413.53533935546875,3539.11767578125,1.9874520301818848,3.2321460247039795,1.497879981994629
13,2569,94.15692901611328,369.1775817871094,1.9079723358154297,1.1453098058700562,1.3604507446289062
13,2570,184.38302612304688,1152.0673828125,2.3058762550354004,2.6128973960876465,1.608576774597168
13,2571,129.5160369873047,614.4600830078125,2.269001007080078,1.9328162670135498,0.8032064437866211
13,2572,102.7840576171875,451.51751708984375,1.9210766553878784,1.8222227096557617,1.1886701583862305
13,2573,110.76698303222656,504.91326904296875,2.009188652038574,1.2584037780761719,1.821091651916504
13,2574,91.07794952392578,255.8804931640625,2.1829967498779297,1.4070122241973877,1.002608299255371
13,2575,424.7174072265625,3650.45263671875,1.9890711307525635,3.450406551361084,1.552872657775879
13,2576,115.67066192626953,550.1334228515625,2.0219106674194336,1.5806329250335693,1.2349376678466797
13,2577,94.63294982910156,384.46630859375,1.8728771209716797,1.8376412391662598,0.9323015213012695
13,2578,91.48445129394531,319.8970031738281,1.9831582307815552,1.3319573402404785,1.159684181213379
13,2579,102.01787567138672,436.8670654296875,1.944372296333313,1.462533950805664,0.9662990570068359
13,2580,133.12954711914062,745.283447265625,1.953373670578003,2.088848352432251,1.5116958618164062
13,2581,94.87227630615234,399.15191650390625,1.8319028615951538,1.870578646659851,1.066267967224121
13,2582,114.01704406738281,475.24029541015625,2.2164340019226074,1.5918806791305542,1.2007780075073242
13,2583,119.69740295410156,590.693115234375,2.0209362506866455,1.8264238834381104,0.6981239318847656
13,2584,99.26747131347656,474.0316467285156,1.7288100719451904,1.4204065799713135,1.2187814712524414
13,2585,404.9667663574219,3399.401123046875,2.1675543785095215,3.4615156650543213,1.7500286102294922
13,2586,118.84919738769531,568.9996337890625,2.064974308013916,1.564040184020996,1.7416801452636719
13,2587,84.53269958496094,262.96527099609375,1.9412057399749756,1.4873408079147339,1.0115032196044922
13,2588,121.67408752441406,524.1691284179688,2.30857253074646,1.6256675720214844,1.7815971374511719
13,2589,82.81114196777344,302.5726013183594,1.751796007156372,1.4954299926757812,0.9398765563964844
13,2590,100.74685668945312,394.8902893066406,2.0419275760650635,1.4763243198394775,0.9909839630126953
13,2591,104.11447143554688,319.85552978515625,2.404297351837158,1.2927556037902832,1.1518783569335938
13,2592,111.93409729003906,512.796142578125,2.0218162536621094,1.9538878202438354,0.9880237579345703
13,2593,120.19587707519531,545.6729736328125,2.187619209289551,1.459068775177002,1.5512704849243164
13,2594,108.96794128417969,535.5071411132812,1.847240686416626,1.1467552185058594,1.5077199935913086
13,2595,161.03396606445312,937.9577026367188,2.2412734031677246,2.429335117340088,1.3217811584472656
13,2596,109.36650085449219,407.7970275878906,2.286226511001587,1.1894587278366089,1.1724472045898438
13,2597,87.03712463378906,328.1786804199219,1.8073086738586426,1.2781968116760254,1.2694988250732422
13,2598,127.65018463134766,710.8609619140625,1.8854695558547974,2.4547805786132812,0.8902111053466797
13,2599,116.37834167480469,538.15478515625,2.0854287147521973,2.0571770668029785,1.3575258255004883
13,2600,88.54954528808594,273.5309753417969,2.039881706237793,1.1476638317108154,0.8762798309326172
13,2601,199.07965087890625,1303.6544189453125,2.290473461151123,2.2371628284454346,0.8983602523803711
13,2602,104.50581359863281,394.0417785644531,2.1700544357299805,1.1283842325210571,1.3680686950683594
13,2603,121.69925689697266,688.2329711914062,1.7625319957733154,1.737070083618164,1.9174814224243164
13,2604,216.07916259765625,1500.314697265625,2.2015891075134277,2.558607339859009,1.1850395202636719
13,2605,286.1619873046875,2162.274169921875,2.33115291595459,3.0123367309570312,1.5709991455078125
13,2606,97.95268249511719,358.6029052734375,2.069746494293213,0.9745380878448486,1.2245941162109375
13,2607,93.99236297607422,317.1357421875,2.0759596824645996,1.4494476318359375,0.8629417419433594
13,2608,95.75553894042969,312.8068542480469,2.1491618156433105,1.3895925283432007,0.960841178894043
13,2609,98.81410217285156,516.0177001953125,1.573744297027588,2.0022025108337402,1.2430315017700195
13,2610,102.3023910522461,420.24267578125,2.009270668029785,1.3449171781539917,1.4836406707763672
13,2611,194.2584991455078,1226.9417724609375,2.3854775428771973,2.8054797649383545,1.4930076599121094
13,2612,127.11936950683594,645.4395751953125,2.0858471393585205,1.8471864461898804,1.2144651412963867
13,2613,91.86457061767578,376.52203369140625,1.8070789575576782,1.6743720769882202,1.0732288360595703
13,2614,142.90907287597656,805.5758056640625,2.078383207321167,1.990425705909729,1.3832206726074219
13,2615,115.34278869628906,535.3675537109375,2.0602011680603027,1.4449622631072998,1.625706672668457
13,2616,106.64016723632812,422.8128356933594,2.145296335220337,1.6169533729553223,1.126664161682129
13,2617,99.68142700195312,384.6039123535156,2.040701150894165,1.3244614601135254,1.0791902542114258
13,2618,116.80279541015625,492.86627197265625,2.2505388259887695,1.7601463794708252,1.3345232009887695
13,2619,114.73527526855469,549.2753295898438,1.99359130859375,2.301487922668457,0.565058708190918
13,2620,106.57351684570312,465.6221618652344,2.0003767013549805,1.721778392791748,1.3681049346923828
13,2621,145.26992797851562,812.7642211914062,2.133117198944092,2.101757526397705,1.4099712371826172
13,2622,112.50144958496094,571.7371826171875,1.8442575931549072,1.7484960556030273,1.6978378295898438
13,2623,97.81990814208984,430.4583740234375,1.8258023262023926,1.6601320505142212,1.0733051300048828
13,2624,102.056884765625,467.4565734863281,1.8437076807022095,1.8732149600982666,1.2538270950317383
13,2625,188.7437744140625,1335.4443359375,1.8399782180786133,2.431124210357666,1.169687271118164
13,2626,134.44003295898438,759.7894897460938,1.9487029314041138,1.7097129821777344,1.567317008972168
13,2627,109.38069915771484,483.5595397949219,2.034158229827881,1.925897240638733,1.007516860961914
13,2628,146.83612060546875,811.629150390625,2.1891064643859863,2.238520622253418,1.2450284957885742
13,2629,221.33938598632812,1624.04248046875,1.964504361152649,2.765392541885376,1.4375524520874023
13,2630,138.26223754882812,759.64794921875,2.0765810012817383,2.1463563442230225,1.0421123504638672
13,2631,175.76467895507812,1179.848388671875,1.9259945154190063,2.644477605819702,1.406752586364746
13,2632,84.1352310180664,253.186279296875,1.9605534076690674,1.0273356437683105,1.085134506225586
13,2633,123.32809448242188,600.770751953125,2.108367443084717,1.5865910053253174,1.3895902633666992
13,2634,82.9173812866211,316.7644958496094,1.7080309391021729,1.0071208477020264,1.3363142013549805
13,2635,114.71072387695312,547.3406372070312,1.9992218017578125,1.6841075420379639,1.6128654479980469
13,2636,155.47715759277344,939.6990356445312,2.050241708755493,2.1868178844451904,1.123764991760254
13,2637,80.07356262207031,220.638427734375,1.933657169342041,1.0467246770858765,0.7020225524902344
13,2638,118.56338500976562,537.0151977539062,2.162062168121338,1.850154161453247,0.927577018737793
13,2639,89.38912200927734,298.3926696777344,1.9849951267242432,1.436495304107666,0.9468441009521484
13,2640,148.52146911621094,895.118408203125,1.9669874906539917,2.1473026275634766,1.0133962631225586
13,2641,131.2095947265625,625.5313720703125,2.288548231124878,1.821435570716858,0.9682731628417969
13,2642,134.31417846679688,712.0497436523438,2.103640079498291,2.2142844200134277,0.9397344589233398
13,2643,105.45547485351562,412.5269775390625,2.140092372894287,1.3687467575073242,1.1184825897216797
13,2644,535.561767578125,4684.0302734375,2.238624095916748,3.9380643367767334,1.310211181640625
13,2645,104.85826110839844,407.18035888671875,2.138007402420044,1.7798446416854858,0.968134880065918
13,2646,105.30863189697266,420.6907958984375,2.107985019683838,1.5571413040161133,1.2126741409301758
13,2647,110.48004150390625,520.0930786132812,1.9490244388580322,1.7270045280456543,1.2917985916137695
13,2648,99.69410705566406,365.2133483886719,2.1057591438293457,1.3083274364471436,1.2124252319335938
13,2649,102.80278015136719,454.6199645996094,1.9113595485687256,1.7023520469665527,1.2364635467529297
13,2650,125.92686462402344,577.1517333984375,2.2737231254577637,1.683161973953247,1.22052001953125
13,2651,118.14697265625,498.9728088378906,2.274989604949951,1.921857237815857,1.0446386337280273
13,2652,169.6311492919922,1081.2320556640625,2.050264835357666,2.4866929054260254,1.1537456512451172
13,2653,91.0545425415039,318.15380859375,1.9746387004852295,1.3235840797424316,1.1626615524291992
13,2654,105.39964294433594,430.1671142578125,2.0794310569763184,1.2641979455947876,1.595510482788086
13,2655,479.9234313964844,4181.98828125,2.0574870109558105,3.3128738403320312,1.3852157592773438
13,2656,93.47308349609375,393.82977294921875,1.8030035495758057,1.2847827672958374,1.455550193786621
13,2657,84.3689956665039,233.84124755859375,2.0328290462493896,1.164200782775879,0.9062442779541016
13,2658,113.4814224243164,456.6615295410156,2.2605090141296387,1.4256997108459473,1.5980587005615234
13,2659,96.73890686035156,420.45953369140625,1.8230981826782227,1.2584013938903809,1.0495977401733398
13,2660,97.447021484375,381.5714111328125,1.9763294458389282,1.391007423400879,1.1992807388305664
13,2661,324.32476806640625,2599.168212890625,2.1469309329986572,3.5938913822174072,1.513524055480957
13,2662,135.18441772460938,775.9840087890625,1.9195337295532227,2.350996971130371,1.5985021591186523
13,2663,143.07846069335938,856.928466796875,1.912853479385376,2.1299734115600586,1.0246858596801758
13,2664,186.18429565429688,1200.4466552734375,2.2046542167663574,2.1341135501861572,1.410552978515625
13,2665,298.7616882324219,2446.28271484375,1.8044466972351074,2.8514809608459473,1.2950191497802734
13,2666,128.0935516357422,644.206787109375,2.122429132461548,2.1959099769592285,0.93121337890625
13,2667,368.564697265625,2979.695068359375,2.353173017501831,2.5908281803131104,2.102015495300293
13,2668,95.06504821777344,325.1811828613281,2.084897518157959,1.30571711063385,1.3282136917114258
13,2669,101.80734252929688,481.41082763671875,1.7888753414154053,1.6155126094818115,1.324472427368164
13,2670,107.2647705078125,495.5906982421875,1.923523187637329,1.6386065483093262,0.9986629486083984
13,2671,164.42654418945312,1031.416015625,2.0428316593170166,2.247041940689087,1.1021709442138672
13,2672,100.07829284667969,386.724609375,2.046861171722412,1.2581703662872314,1.4001407623291016
13,2673,144.4379119873047,859.1734619140625,1.9506855010986328,2.1462202072143555,1.6345233917236328
13,2674,116.733642578125,574.6472778320312,1.975630283355713,1.6826107501983643,1.2712678909301758
13,2675,128.9867706298828,603.8621215820312,2.2866854667663574,1.796093225479126,1.5779609680175781
13,2676,111.3805923461914,536.328369140625,1.9249250888824463,1.6280725002288818,1.4196338653564453
13,2677,88.08863830566406,328.5899658203125,1.8409879207611084,1.5473864078521729,0.9083232879638672
13,2678,156.06854248046875,876.30322265625,2.28127384185791,2.623528480529785,1.3748550415039062
13,2679,109.53770446777344,453.5058898925781,2.139570474624634,1.5874643325805664,1.63916015625
13,2680,86.79680633544922,314.21612548828125,1.8458397388458252,1.2945261001586914,1.1785497665405273
13,2681,335.94854736328125,2740.064453125,2.0647363662719727,3.355191469192505,1.2086448669433594
13,2682,132.41769409179688,823.48388671875,1.6689767837524414,1.9202466011047363,1.3439340591430664
13,2683,95.13118743896484,397.21783447265625,1.8469802141189575,1.3805227279663086,1.2316064834594727
13,2684,112.23609924316406,453.2322998046875,2.230429172515869,1.56183922290802,1.3222732543945312
13,2685,118.56309509277344,569.9685668945312,2.0522079467773438,1.9380465745925903,0.9882526397705078
13,2686,95.63119506835938,379.9053955078125,1.9213553667068481,1.4007439613342285,1.1427249908447266
13,2687,98.47535705566406,371.209228515625,2.0451478958129883,1.5324718952178955,1.1877918243408203
13,2688,281.3648986816406,2233.20849609375,1.9348021745681763,3.2293243408203125,0.9103899002075195
13,2689,178.85836791992188,1144.5684814453125,2.146717071533203,2.1165080070495605,0.9149665832519531
13,2690,132.9786376953125,679.7830200195312,2.166677713394165,1.6641058921813965,1.7087059020996094
13,2691,102.72322082519531,367.14581298828125,2.2002878189086914,1.640470027923584,0.9526071548461914
13,2692,126.95841979980469,616.2378540039062,2.177821159362793,2.281348943710327,1.2153244018554688
13,2693,96.4238510131836,399.1214904785156,1.8837233781814575,1.3996930122375488,1.1862382888793945
13,2694,102.23861694335938,310.1491394042969,2.3741233348846436,1.4563559293746948,1.2457122802734375
13,2695,107.60194396972656,385.18231201171875,2.302790403366089,1.577747106552124,1.1699161529541016
13,2696,110.67269897460938,472.67938232421875,2.113492012023926,1.6183652877807617,1.2809114456176758
13,2697,98.61727905273438,334.8670654296875,2.1710190773010254,0.8505242466926575,1.168025016784668
13,2698,90.88243103027344,345.9965515136719,1.8760926723480225,1.1920175552368164,1.1047067642211914
13,2699,96.78970336914062,391.8814392089844,1.9200520515441895,1.7235212326049805,1.0886812210083008
13,2700,79.29304504394531,283.8280029296875,1.6970081329345703,1.010929822921753,0.897801399230957
13,2701,104.70480346679688,442.688232421875,2.0145325660705566,1.297341227531433,1.2898969650268555
13,2702,117.82322692871094,528.89794921875,2.164447784423828,1.6278111934661865,1.2953319549560547
13,2703,101.68365478515625,322.17962646484375,2.3155229091644287,1.6448097229003906,0.8917312622070312
13,2704,96.1727066040039,407.073974609375,1.8488435745239258,1.766007661819458,0.8866634368896484
13,2705,105.65690612792969,412.01611328125,2.148509979248047,1.5462353229522705,1.0508127212524414
13,2706,370.5326843261719,3044.055908203125,2.204235553741455,3.0992116928100586,0.9919605255126953
13,2707,116.25068664550781,520.7066650390625,2.139334201812744,1.4747602939605713,1.4040441513061523
13,2708,98.51905059814453,394.19610595703125,1.96998131275177,1.2723863124847412,1.1380319595336914
13,2709,108.17280578613281,496.5572204589844,1.9505695104599,1.7027199268341064,1.1768970489501953
13,2710,184.61807250976562,1219.0238037109375,2.0905230045318604,2.00872802734375,0.9656543731689453
13,2711,150.43356323242188,765.7198486328125,2.462052345275879,2.151745080947876,1.6947898864746094
13,2712,92.12486267089844,391.6988525390625,1.7651658058166504,1.2264273166656494,1.4551620483398438
13,2713,108.96893310546875,455.57989501953125,2.1136980056762695,1.6837435960769653,1.3532848358154297
13,2714,142.91885375976562,766.6856079101562,2.2083427906036377,1.7705185413360596,1.672602653503418
13,2715,100.36801147460938,386.2353515625,2.0581493377685547,1.5670220851898193,1.112107276916504
13,2716,88.021728515625,330.353271484375,1.8328800201416016,1.1475915908813477,1.4270706176757812
13,2717,108.51713562011719,438.36480712890625,2.1560215950012207,1.8131518363952637,0.9295806884765625
13,2718,130.4017791748047,767.634521484375,1.7879441976547241,1.9219735860824585,1.3456220626831055
13,2719,83.94266510009766,247.40731811523438,1.9733977317810059,1.3571432828903198,1.1949939727783203
13,2720,88.72927856445312,299.6346435546875,1.9588603973388672,1.534468412399292,0.712254524230957
13,2721,88.60543823242188,293.5101318359375,1.9751476049423218,1.2567064762115479,1.0019359588623047
13,2722,132.65696716308594,699.068115234375,2.0916717052459717,1.963900089263916,1.1983413696289062
13,2723,101.30194091796875,448.3199157714844,1.8823317289352417,1.3737062215805054,1.2616777420043945
13,2724,140.78384399414062,790.6630859375,2.057251214981079,2.340273141860962,1.2710838317871094
13,2725,176.312744140625,1139.07373046875,2.080179214477539,2.196274757385254,1.0405998229980469
13,2726,114.99134063720703,522.3072509765625,2.0920205116271973,1.6691652536392212,1.596390724182129
13,2727,145.00393676757812,809.158935546875,2.136268138885498,2.550103187561035,1.3367547988891602
13,2728,104.00607299804688,508.6839599609375,1.7712559700012207,1.972251534461975,0.7900056838989258
13,2729,86.26034545898438,291.1667785644531,1.9047889709472656,1.4245562553405762,0.8921966552734375
13,2730,85.18521118164062,365.73590087890625,1.6203875541687012,1.3462247848510742,1.0344820022583008
13,2731,100.9604263305664,482.18646240234375,1.7580592632293701,1.9052244424819946,1.2832107543945312
13,2732,118.53790283203125,555.0789184570312,2.1010003089904785,1.5384734869003296,1.412724494934082
13,2733,95.0606918334961,302.08856201171875,2.1617279052734375,1.268602967262268,0.8934717178344727
13,2734,231.2236328125,1665.4468994140625,2.1559646129608154,2.5766942501068115,1.3894891738891602
13,2735,94.84098815917969,356.87640380859375,1.971778154373169,0.8242597579956055,1.47760009765625
13,2736,112.61891174316406,544.8659057617188,1.937744140625,1.4421634674072266,1.692037582397461
13,2737,108.38880920410156,445.74609375,2.1271400451660156,1.556627631187439,1.0757617950439453
13,2738,118.46491241455078,589.3154296875,1.984445571899414,1.605020523071289,1.844289779663086
13,2739,90.31925964355469,371.53338623046875,1.7721972465515137,1.284580111503601,1.3559389114379883
13,2740,120.3048095703125,520.4051513671875,2.2754764556884766,1.8084797859191895,1.3923978805541992
13,2741,134.97991943359375,644.0607299804688,2.352461814880371,1.5578327178955078,1.5175189971923828
13,2742,119.10340881347656,553.878173828125,2.1238529682159424,1.523280382156372,1.0943679809570312
13,2743,97.1894760131836,461.784423828125,1.7003676891326904,1.2910470962524414,1.6957569122314453
13,2744,111.38988494873047,515.8156127929688,1.9936107397079468,2.036858081817627,1.1003236770629883
13,2745,101.80280303955078,486.9935607910156,1.7701148986816406,1.2000747919082642,1.188431739807129
13,2746,506.0916748046875,4508.05615234375,1.8428680896759033,3.637995958328247,0.8444414138793945
13,2747,101.03425598144531,488.5506286621094,1.7393064498901367,1.4071005582809448,1.2609729766845703
13,2748,77.78028106689453,288.4476623535156,1.6311837434768677,1.1664035320281982,1.197134017944336
13,2749,98.7166519165039,377.713134765625,2.0315113067626953,1.4018083810806274,1.1815290451049805
13,2750,133.72552490234375,635.005859375,2.3408310413360596,2.249190330505371,1.1985206604003906
13,2751,95.4975814819336,403.710693359375,1.837550401687622,1.3290247917175293,1.0938167572021484
13,2752,189.17288208007812,1249.1802978515625,2.1418280601501465,2.6919875144958496,1.0868444442749023
13,2753,110.90997314453125,461.09326171875,2.1600217819213867,1.5237048864364624,1.6657218933105469
13,2754,320.77044677734375,2526.616943359375,2.270291328430176,3.2120046615600586,0.8734111785888672
13,2755,105.98532104492188,449.82879638671875,2.033414840698242,1.4574228525161743,1.5462617874145508
13,2756,128.71221923828125,599.0662231445312,2.2935194969177246,1.6714580059051514,1.6903724670410156
13,2757,89.76251220703125,334.3389892578125,1.8776204586029053,1.3826504945755005,1.174983024597168
13,2758,137.6830291748047,724.8538818359375,2.1732547283172607,1.98456871509552,1.2240610122680664
13,2759,90.53915405273438,356.44580078125,1.8298190832138062,1.1678085327148438,1.578221321105957
13,2760,129.40457153320312,638.3614501953125,2.1856141090393066,1.8383105993270874,1.3377714157104492
13,2761,90.6711196899414,295.3893737792969,2.0377392768859863,1.25620698928833,1.0620832443237305
13,2762,101.88546752929688,391.447265625,2.091358184814453,1.4297012090682983,1.2225313186645508
13,2763,94.72779083251953,482.2624816894531,1.5500513315200806,1.6125917434692383,1.0430917739868164
13,2764,106.04193115234375,450.73486328125,2.0322813987731934,2.043182134628296,0.95941162109375
13,2765,105.56675720214844,487.059814453125,1.8953590393066406,1.7739694118499756,1.2012014389038086
13,2766,115.64631652832031,503.5925598144531,2.1762351989746094,1.2941652536392212,1.6070175170898438
13,2767,250.94046020507812,1912.630615234375,1.9892468452453613,3.5002121925354004,1.3620758056640625
13,2768,93.51808166503906,398.96929931640625,1.7873717546463013,1.3746998310089111,1.096822738647461
13,2769,122.94584655761719,644.6903076171875,1.9492270946502686,1.8662018775939941,1.4317474365234375
13,2770,134.49822998046875,717.0562744140625,2.0930869579315186,1.9789639711380005,1.787546157836914
13,2771,109.44302368164062,463.1561279296875,2.1042468547821045,1.926501750946045,1.3165578842163086
13,2772,109.78973388671875,537.0396728515625,1.869525671005249,1.2153253555297852,1.5867319107055664
13,2773,118.93730163574219,614.078125,1.917649745941162,1.4220523834228516,1.4453773498535156
13,2774,102.44969177246094,382.72857666015625,2.139227867126465,1.7074319124221802,1.2577276229858398
13,2775,79.23191833496094,249.85391235351562,1.8082175254821777,1.0935828685760498,0.8919086456298828
13,2776,137.83926391601562,720.9711303710938,2.1914052963256836,1.3739871978759766,1.9966039657592773
13,2777,113.96006774902344,464.2580871582031,2.2511420249938965,1.5866717100143433,1.2080774307250977
13,2778,176.52720642089844,1161.587890625,2.0122804641723633,2.171736717224121,1.6054296493530273
13,2779,117.1220703125,504.806884765625,2.221379280090332,1.4954631328582764,1.6968488693237305
13,2780,132.1348876953125,671.76708984375,2.1652727127075195,1.9490076303482056,1.3473148345947266
13,2781,98.70242309570312,447.0142822265625,1.8000332117080688,1.4968270063400269,1.641892433166504
13,2782,102.6685791015625,349.6285400390625,2.256857395172119,1.5397089719772339,1.3235750198364258
13,2783,106.67381286621094,461.49468994140625,2.0174779891967773,1.8185234069824219,1.3872737884521484
13,2784,113.79072570800781,574.8732299804688,1.8767800331115723,1.7415844202041626,1.7208032608032227
13,2785,112.57938385009766,569.86962890625,1.8530806303024292,1.5968446731567383,1.0144481658935547
13,2786,109.49897003173828,457.541259765625,2.1248281002044678,1.4451208114624023,1.6942071914672852
13,2787,125.69342041015625,615.6145629882812,2.1377320289611816,2.013029098510742,1.8409500122070312
13,2788,94.77288818359375,349.76373291015625,1.9932172298431396,1.145223617553711,1.3807697296142578
13,2789,88.17356872558594,302.1260070800781,1.9320322275161743,1.272361159324646,1.1252212524414062
13,2790,89.4444580078125,294.2876281738281,2.000523090362549,1.2625408172607422,1.0328130722045898
13,2791,116.89054870605469,587.3584594726562,1.9384899139404297,1.7020372152328491,1.4927253723144531
13,2792,133.1519775390625,671.336669921875,2.200610637664795,2.005389451980591,1.6504220962524414
13,2793,143.91561889648438,833.435791015625,2.0190677642822266,1.796990156173706,1.3416967391967773
13,2794,136.8761749267578,608.0493774414062,2.535707950592041,2.0297365188598633,1.016585350036621
13,2795,80.62055969238281,258.6752624511719,1.8251011371612549,0.7459756135940552,1.260477066040039
13,2796,133.71095275878906,681.400390625,2.185697078704834,2.006931781768799,1.2948198318481445
13,2797,110.4162368774414,522.6380615234375,1.9384143352508545,1.8554537296295166,0.9610233306884766
13,2798,122.31727600097656,579.638916015625,2.1451127529144287,1.9768587350845337,1.247767448425293
13,2799,123.56594848632812,658.248046875,1.924704670906067,1.6765761375427246,1.8753347396850586
13,2800,124.74812316894531,684.03466796875,1.87815523147583,2.1003079414367676,1.247511863708496
13,2801,164.70993041992188,982.8233642578125,2.2142531871795654,2.6034703254699707,1.39453125
13,2802,104.13400268554688,463.46746826171875,1.9262418746948242,1.576403021812439,1.5830230712890625
13,2803,96.658935546875,407.0329895019531,1.8651877641677856,1.5833855867385864,1.3714256286621094
13,2804,135.32272338867188,705.017822265625,2.1606979370117188,2.1676883697509766,0.8819913864135742
13,2805,106.2735824584961,504.1756591796875,1.8618671894073486,1.5442173480987549,1.367889404296875
13,2806,88.49278259277344,337.70379638671875,1.8240798711776733,1.0427693128585815,1.1350011825561523
13,2807,113.62477111816406,495.348388671875,2.136331081390381,1.8620340824127197,1.1543664932250977
13,2808,95.16545867919922,413.7088623046875,1.7931523323059082,1.1814641952514648,1.2597579956054688
13,2809,97.14643859863281,420.7475891113281,1.8357226848602295,1.8189743757247925,1.1674184799194336
13,2810,102.57804107666016,351.25128173828125,2.2484302520751953,1.5861417055130005,1.2019767761230469
13,2811,126.95175170898438,669.9627075195312,1.9985160827636719,2.011904239654541,1.3824548721313477
13,2812,86.5211181640625,277.3916931152344,1.9593982696533203,1.2578916549682617,0.847651481628418
13,2813,132.6952667236328,714.3336791992188,2.042062997817993,1.939136266708374,1.4561443328857422
13,2814,111.83338928222656,562.7886962890625,1.85181725025177,1.4845280647277832,1.7572813034057617
13,2815,97.74177551269531,417.6156005859375,1.8660070896148682,1.7499927282333374,1.1690540313720703
13,2816,103.75956726074219,411.4224853515625,2.0872440338134766,1.738523006439209,1.1085405349731445
13,2817,96.80110168457031,347.6888427734375,2.0677404403686523,1.199703574180603,1.2517127990722656
13,2818,85.48359680175781,297.2386474609375,1.8586575984954834,1.0814695358276367,1.2645502090454102
13,2819,109.20521545410156,538.0155639648438,1.8467886447906494,1.5071357488632202,1.9343624114990234
13,2820,410.80755615234375,3500.095947265625,2.0265979766845703,3.1281487941741943,1.03570556640625
13,2821,104.14157104492188,439.57293701171875,2.0061426162719727,1.8378078937530518,0.9826183319091797
13,2822,90.96277618408203,281.20013427734375,2.0947587490081787,1.1901881694793701,0.8513727188110352
13,2823,91.12427520751953,345.3488464355469,1.8863129615783691,1.6731582880020142,0.9009075164794922
13,2824,100.3114013671875,458.668701171875,1.8148176670074463,1.804004192352295,1.1752376556396484
13,2825,110.78176879882812,545.6162109375,1.8740047216415405,1.5921037197113037,1.5215253829956055
13,2826,101.20565032958984,329.7105407714844,2.274486541748047,1.4899024963378906,1.0363998413085938
13,2827,146.87774658203125,897.9492797851562,1.9027608633041382,2.600963830947876,0.984431266784668
13,2828,145.07281494140625,832.4158935546875,2.0610408782958984,2.306983709335327,1.4222698211669922
13,2829,122.18348693847656,549.4614868164062,2.2412447929382324,1.8875467777252197,1.2793684005737305
13,2830,95.15797424316406,381.3866882324219,1.9006437063217163,1.594527006149292,0.7975683212280273
13,2831,132.5980224609375,582.40185546875,2.4785947799682617,1.7637817859649658,1.2782697677612305
13,2832,103.82844543457031,453.4014892578125,1.9496099948883057,1.3601945638656616,1.255955696105957
13,2833,123.58170318603516,651.563232421875,1.9475126266479492,1.9443495273590088,1.5353450775146484
13,2834,109.06407165527344,489.5184326171875,2.0037410259246826,1.5825648307800293,1.60223388671875
13,2835,103.18692016601562,480.5475769042969,1.8377387523651123,1.6058740615844727,1.5880517959594727
13,2836,117.55717468261719,545.5481567382812,2.100078582763672,1.8513354063034058,1.271967887878418
13,2837,96.0422592163086,378.1803894042969,1.9408073425292969,1.6214311122894287,1.158463478088379
13,2838,103.40060424804688,458.727783203125,1.917594313621521,1.675595760345459,0.8306875228881836
13,2839,84.68155670166016,310.3587951660156,1.788189172744751,1.0204046964645386,1.2725601196289062
13,2840,111.1557388305664,507.9027099609375,2.0121822357177734,1.4848588705062866,1.6143484115600586
13,2841,122.97398376464844,600.7593383789062,2.096601724624634,2.1888537406921387,0.942352294921875
13,2842,112.24161529541016,534.2056274414062,1.9607017040252686,1.7522821426391602,0.8142623901367188
13,2843,108.4114990234375,448.1716003417969,2.1198112964630127,1.7192580699920654,1.1333465576171875
13,2844,115.16398620605469,591.7117919921875,1.866426944732666,1.36362624168396,1.9011592864990234
13,2845,118.62837982177734,543.5196533203125,2.142547130584717,2.08339262008667,1.1136770248413086
13,2846,119.57488250732422,586.8046264648438,2.0298140048980713,1.441269874572754,1.2873916625976562
13,2847,99.93074035644531,437.781494140625,1.8717529773712158,1.452805995941162,1.3032808303833008
13,2848,94.03426361083984,326.6871337890625,2.045518398284912,1.1544127464294434,1.1078014373779297
13,2849,151.67196655273438,812.8912963867188,2.3460946083068848,2.900115728378296,1.283987045288086
13,2850,84.4564437866211,247.20492553710938,1.9911983013153076,1.4033691883087158,0.7782211303710938
13,2851,112.24978637695312,464.5285339355469,2.1932308673858643,1.538353681564331,1.293355941772461
13,2852,91.90483093261719,342.1236267089844,1.9230821132659912,1.1722567081451416,1.0246706008911133
13,2853,85.92103576660156,274.69708251953125,1.9483776092529297,1.3100545406341553,0.9723167419433594
13,2854,104.31707000732422,451.988525390625,1.9706072807312012,1.6865205764770508,1.3919048309326172
13,2855,559.8947143554688,4897.1298828125,2.3393912315368652,4.237421989440918,1.3401622772216797
13,2856,149.6998748779297,900.96826171875,1.9867684841156006,2.307525634765625,1.0305938720703125
13,2857,161.37411499023438,1015.04296875,1.9956609010696411,2.288764476776123,1.3427705764770508
13,2858,146.95736694335938,813.9691162109375,2.1853487491607666,1.1500675678253174,1.9814338684082031
13,2859,116.33206939697266,624.611328125,1.7956979274749756,2.0243747234344482,1.6990671157836914
13,2860,107.60417938232422,541.1751098632812,1.7828888893127441,1.4345521926879883,1.3720388412475586
13,2861,92.83396911621094,355.1927795410156,1.910489559173584,1.4080119132995605,1.167679786682129
13,2862,101.6568603515625,374.5875244140625,2.139937162399292,1.2391183376312256,1.3653602600097656
13,2863,113.28045654296875,562.8701782226562,1.8997812271118164,1.267151117324829,1.6892175674438477
13,2864,111.22169494628906,519.7528686523438,1.9748802185058594,1.991866946220398,1.0881071090698242
13,2865,113.82046508789062,543.8721313476562,1.9811081886291504,1.8052036762237549,1.3212156295776367
13,2866,78.74150848388672,322.6799621582031,1.549117088317871,1.3087356090545654,1.002610206604004
13,2867,118.49724578857422,409.8917236328125,2.5836024284362793,1.4825867414474487,1.1729316711425781
13,2868,127.13326263427734,658.7656860351562,2.0418896675109863,1.9304680824279785,1.3291091918945312
13,2869,299.36663818359375,2433.751708984375,1.8663820028305054,3.2471041679382324,1.3647336959838867
13,2870,117.51542663574219,537.5006103515625,2.12551212310791,1.6438066959381104,1.619009017944336
13,2871,140.4470672607422,764.6126098632812,2.1328601837158203,1.7135205268859863,1.0692996978759766
13,2872,193.69869995117188,1366.416748046875,1.9019007682800293,2.593489646911621,0.9150428771972656
13,2873,103.5341796875,401.3658142089844,2.113253355026245,1.2814860343933105,1.100107192993164
13,2874,136.62965393066406,722.9758911132812,2.144402027130127,1.6647980213165283,1.8214731216430664
13,2875,132.63697814941406,688.6702880859375,2.1256651878356934,1.951073169708252,1.6360034942626953
13,2876,114.73933410644531,565.5701904296875,1.9394105672836304,1.1448354721069336,1.7268056869506836
13,2877,101.13224792480469,398.8379821777344,2.0416150093078613,1.6489622592926025,1.0187463760375977
13,2878,119.11956787109375,513.8057250976562,2.2579665184020996,1.755509614944458,1.3343486785888672
13,2879,98.18228149414062,436.661865234375,1.8172032833099365,1.7640234231948853,1.0102806091308594
13,2880,93.03777313232422,442.50726318359375,1.626234769821167,1.6880621910095215,1.2292680740356445
13,2881,98.26049041748047,407.0644836425781,1.9184681177139282,1.4403808116912842,1.2417640686035156
13,2882,84.98258209228516,298.8222961425781,1.8366782665252686,1.1032414436340332,1.137129783630371
13,2883,110.09083557128906,422.51959228515625,2.261295795440674,1.4125562906265259,1.2133760452270508
13,2884,114.80479431152344,509.60565185546875,2.128140926361084,1.6899871826171875,1.1944599151611328
13,2885,140.41680908203125,794.211669921875,2.0331878662109375,1.5125123262405396,2.4551191329956055
13,2886,112.10150909423828,476.1197509765625,2.149651050567627,1.646214246749878,1.4533510208129883
13,2887,107.9749755859375,509.71356201171875,1.9001206159591675,1.6422433853149414,1.1111783981323242
13,2888,102.7314453125,453.63385009765625,1.912268877029419,2.031989336013794,0.6845331192016602
13,2889,130.67291259765625,681.9302368164062,2.082663059234619,1.775804042816162,1.5293893814086914
13,2890,98.08421325683594,403.23382568359375,1.925360918045044,1.6413218975067139,1.144784927368164
13,2891,84.6900863647461,268.45013427734375,1.9281690120697021,1.3374323844909668,0.8597078323364258
13,2892,113.4774169921875,476.7716064453125,2.1933417320251465,1.5052225589752197,1.107086181640625
13,2893,125.56657409667969,630.4100341796875,2.0841856002807617,2.112076759338379,1.1668405532836914
13,2894,142.2936553955078,777.3323974609375,2.1520140171051025,2.024685859680176,1.1739892959594727
13,2895,171.73004150390625,1112.6429443359375,2.0155246257781982,2.156576156616211,1.8004302978515625
13,2896,104.30616760253906,466.5982666015625,1.9215446710586548,1.1399314403533936,1.3682708740234375
13,2897,122.12982177734375,434.2663879394531,2.623439311981201,1.6716818809509277,1.0905036926269531
13,2898,123.41865539550781,600.9888305664062,2.110658884048462,1.7987606525421143,1.5760297775268555
13,2899,132.1556854248047,638.6978759765625,2.2761964797973633,1.9213356971740723,1.4079561233520508
13,2900,139.57537841796875,801.882568359375,1.9795706272125244,1.973877191543579,1.5107336044311523
13,2901,233.18460083007812,1635.07470703125,2.322571039199829,2.567502021789551,1.162419319152832
13,2902,126.5137939453125,562.7755126953125,2.341207981109619,1.6401945352554321,1.3876142501831055
13,2903,126.19161987304688,637.8885498046875,2.080091953277588,1.6944313049316406,1.499979019165039
13,2904,122.17926025390625,623.3609008789062,1.99477219581604,1.7202917337417603,1.737004280090332
13,2905,101.2291259765625,376.74346923828125,2.118492603302002,1.6865863800048828,0.9281835556030273
13,2906,115.95697021484375,462.7368469238281,2.3227763175964355,1.9243613481521606,1.1230411529541016
13,2907,114.90586853027344,557.0853881835938,1.9732444286346436,1.5693926811218262,1.6381092071533203
13,2908,448.7431640625,3785.068359375,2.3412108421325684,3.097743034362793,1.5256338119506836
13,2909,128.13014221191406,683.0382080078125,1.9942106008529663,2.0304672718048096,1.7217607498168945
13,2910,100.12985229492188,419.030517578125,1.9408934116363525,1.4297980070114136,1.5434541702270508
13,2911,119.06697082519531,596.8692626953125,1.9793345928192139,1.552431583404541,1.6353111267089844
13,2912,111.38522338867188,459.326416015625,2.1817526817321777,1.3426247835159302,1.281510353088379
13,2913,86.24809265136719,211.33505249023438,2.1704862117767334,0.8629665374755859,0.7696771621704102
13,2914,94.33846282958984,343.66973876953125,1.9990496635437012,1.2681365013122559,0.9525861740112305
13,2915,111.08541870117188,455.29296875,2.185204029083252,1.6910405158996582,1.3187580108642578
13,2916,121.25114440917969,561.5401000976562,2.1699042320251465,1.7588858604431152,1.5715932846069336
13,2917,104.0557861328125,474.6363220214844,1.8864049911499023,1.6461212635040283,1.4390020370483398
13,2918,108.27033996582031,399.84881591796875,2.276182174682617,1.2937166690826416,1.0107250213623047
13,2919,112.72291564941406,512.2755737304688,2.0498452186584473,1.910236120223999,0.7620067596435547
13,2920,127.28501892089844,664.5859985351562,2.0275473594665527,1.848401427268982,1.4536523818969727
13,2921,73.52145385742188,228.79965209960938,1.688049554824829,1.1115378141403198,0.7447795867919922
13,2922,85.16268157958984,239.46588134765625,2.040536403656006,0.9590237140655518,0.9527225494384766
13,2923,95.41868591308594,407.9898376464844,1.820656657218933,1.1811308860778809,1.1625213623046875
13,2924,108.42552947998047,479.9228515625,2.01444149017334,1.9869712591171265,1.0159883499145508
13,2925,122.45222473144531,618.7872924804688,2.0191164016723633,1.9190425872802734,1.6563005447387695
13,2926,107.41404724121094,458.0346984863281,2.0536859035491943,1.6519007682800293,1.5746631622314453
13,2927,141.19979858398438,876.9667358398438,1.7834374904632568,2.3359181880950928,1.4551219940185547
13,2928,132.51864624023438,794.8402099609375,1.7678205966949463,1.9962892532348633,1.1876401901245117
13,2929,110.41226196289062,563.6971435546875,1.8014183044433594,1.9238520860671997,1.707254409790039
13,2930,141.34823608398438,799.10302734375,2.047930955886841,1.956164836883545,1.6979246139526367
13,2931,97.71066284179688,381.7474365234375,1.9845305681228638,1.365602970123291,1.2887868881225586
13,2932,454.4390869140625,3883.201904296875,2.2039637565612793,3.739704132080078,1.6339454650878906
13,2933,110.74089050292969,523.553955078125,1.946183204650879,1.8176889419555664,1.253249168395996
13,2934,112.8336410522461,535.640869140625,1.975651741027832,1.8988845348358154,1.2656307220458984
13,2935,160.3114013671875,967.4357299804688,2.118927478790283,2.9229352474212646,1.099186897277832
13,2936,99.933837890625,444.0606994628906,1.8509254455566406,1.228381633758545,1.3617219924926758
13,2937,117.87762451171875,623.47607421875,1.8510005474090576,2.067781925201416,0.947535514831543
13,2938,119.35185241699219,531.1779174804688,2.2078020572662354,1.8830212354660034,1.008681297302246
13,2939,106.00806427001953,451.7769470214844,2.027678966522217,1.5528044700622559,1.1343984603881836
13,2940,110.78254699707031,528.9708251953125,1.9295154809951782,1.8218963146209717,1.244185447692871
13,2941,107.369384765625,462.871826171875,2.0360734462738037,1.7241184711456299,1.0625982284545898
13,2942,138.33758544921875,687.461181640625,2.319715976715088,1.7997268438339233,1.1967582702636719
13,2943,135.77261352539062,785.540283203125,1.9072861671447754,1.9256591796875,1.6857423782348633
13,2944,98.55865478515625,434.4925842285156,1.8369797468185425,1.1500691175460815,1.6738214492797852
13,2945,132.8955078125,704.4063720703125,2.0818288326263428,2.0000088214874268,1.203415870666504
13,2946,131.32720947265625,677.262939453125,2.120030641555786,2.461202621459961,1.1872549057006836
13,2947,127.08625793457031,676.562255859375,1.9810011386871338,1.3158050775527954,1.867624282836914
13,2948,109.35507202148438,443.9079284667969,2.165475845336914,1.6269047260284424,0.9846296310424805
13,2949,112.19598388671875,434.438720703125,2.2917370796203613,1.708089828491211,1.1382312774658203
13,2950,93.45040893554688,342.5553894042969,1.9731621742248535,1.5215812921524048,1.138859748840332
13,2951,203.1492919921875,1396.4742431640625,2.1167287826538086,2.9958646297454834,1.1566314697265625
13,2952,116.59088134765625,512.0797119140625,2.1794304847717285,1.5068058967590332,1.3227996826171875
13,2953,110.42041778564453,489.85394287109375,2.0478341579437256,1.7632265090942383,1.3072576522827148
13,2954,83.78390502929688,277.114990234375,1.8690800666809082,1.473584771156311,1.0378456115722656
13,2955,97.17640686035156,451.2947998046875,1.7348973751068115,1.5089210271835327,1.4228973388671875
13,2956,102.73031616210938,383.2138977050781,2.1469640731811523,1.5798457860946655,1.624948501586914
13,2957,120.85735321044922,618.2200927734375,1.9678447246551514,1.8849183320999146,1.317408561706543
13,2958,88.38573455810547,303.43194580078125,1.9347513914108276,0.893085777759552,1.7299041748046875
13,2959,94.58759307861328,366.90130615234375,1.929915428161621,1.545546293258667,1.3810272216796875
13,2960,96.94374084472656,364.4464111328125,2.016636610031128,1.33140230178833,1.2189598083496094
13,2961,100.7392578125,446.3043212890625,1.870294213294983,1.623706579208374,1.015498161315918
13,2962,83.30925750732422,233.16468811035156,1.999759554862976,1.3420954942703247,0.8390554189682007
14,0,101.818115234375,441.9520263671875,1.9207637310028076,1.207305669784546,1.2873992919921875
14,1,90.4402084350586,308.07061767578125,1.9877715110778809,1.4383866786956787,0.8548202514648438
14,2,91.59657287597656,343.54595947265625,1.9080657958984375,1.713322401046753,0.8972282409667969
14,3,76.46070861816406,226.93637084960938,1.7922357320785522,1.0429903268814087,0.8789272308349609
14,4,133.76858520507812,733.8343505859375,2.012838363647461,1.896242380142212,1.2764930725097656
14,5,94.95207214355469,397.42437744140625,1.8403210639953613,1.2635445594787598,1.4969806671142578
14,6,98.91755676269531,424.650146484375,1.881751298904419,1.2782869338989258,1.2339181900024414
14,7,90.65220642089844,312.04559326171875,1.9815882444381714,1.5296359062194824,0.9911327362060547
14,8,91.26689910888672,361.5738830566406,1.836983561515808,1.3040904998779297,1.1127099990844727
14,9,107.23692321777344,519.4845581054688,1.8429489135742188,1.5692555904388428,1.4275388717651367
14,10,104.05545043945312,403.6761779785156,2.122927665710449,1.6924299001693726,1.2193622589111328
14,11,128.8133544921875,715.1149291992188,1.9100617170333862,1.9059052467346191,1.8701066970825195
14,12,94.65499877929688,310.4612121582031,2.120296001434326,1.102829098701477,1.0107479095458984
14,13,106.58692169189453,486.96075439453125,1.9296948909759521,1.2662990093231201,1.6214618682861328
14,14,141.46624755859375,751.49853515625,2.2105462551116943,2.0889172554016113,1.3763370513916016
14,15,113.69648742675781,564.5997924804688,1.907883644104004,1.8408315181732178,1.5081510543823242
14,16,98.79888916015625,315.9817810058594,2.240023612976074,1.3390737771987915,0.9926204681396484
14,17,83.7705307006836,282.20513916015625,1.8516672849655151,1.454698085784912,0.9642238616943359
14,18,94.69772338867188,416.24346923828125,1.7691123485565186,1.8126142024993896,0.8009967803955078
14,19,91.28678894042969,362.1293640136719,1.8357949256896973,1.0952508449554443,1.1935625076293945
14,20,87.45416259765625,289.6512756347656,1.9496344327926636,1.421539306640625,1.1066646575927734
14,21,119.43902587890625,560.0282592773438,2.1145401000976562,1.82842218875885,1.185887336730957
14,22,169.34201049804688,942.2183837890625,2.5040059089660645,2.084649085998535,1.9081478118896484
14,23,93.07545471191406,347.0616149902344,1.9456429481506348,1.0996681451797485,1.551091194152832
14,24,77.55741882324219,250.46714782714844,1.750356912612915,1.3247324228286743,0.8471641540527344
14,25,115.54106903076172,520.524658203125,2.1162867546081543,1.8441226482391357,1.3407249450683594
14,26,85.03681182861328,257.96484375,1.9746776819229126,1.290201187133789,1.0860776901245117
14,27,238.67494201660156,1842.092041015625,1.8155243396759033,2.499265670776367,1.0802974700927734
14,28,92.4565200805664,326.25921630859375,1.9943532943725586,1.579575538635254,0.9855337142944336
14,29,85.47882843017578,353.4796142578125,1.6710288524627686,1.1656231880187988,1.1283254623413086
14,30,89.46085357666016,296.6785583496094,1.9930999279022217,1.3796360492706299,0.8855705261230469
14,31,104.38983917236328,426.7826843261719,2.0570523738861084,1.689281940460205,0.7250127792358398
14,32,98.35653686523438,485.2293701171875,1.6611199378967285,1.5717929601669312,1.5671138763427734
14,33,90.11688995361328,352.7620544433594,1.8280227184295654,1.3661185503005981,1.0640125274658203
14,34,89.30864715576172,327.0361022949219,1.8868346214294434,1.0716419219970703,1.406783103942871
14,35,85.8866195678711,270.78253173828125,1.9602789878845215,1.3159029483795166,0.963435173034668
14,36,308.57867431640625,2432.80224609375,2.176614284515381,3.042619228363037,1.0600557327270508
14,37,86.42972564697266,288.159912109375,1.9204578399658203,1.0101183652877808,1.2617664337158203
14,38,95.05484771728516,388.1880798339844,1.8745346069335938,1.5915120840072632,0.993046760559082
14,39,114.88453674316406,504.93377685546875,2.146371841430664,1.6551876068115234,1.1120891571044922
14,40,96.73495483398438,372.040283203125,1.9843640327453613,1.3186451196670532,1.0830507278442383
14,41,79.5015869140625,254.7437744140625,1.800907015800476,1.375964879989624,1.0032014846801758
14,42,133.17593383789062,727.3922729492188,2.014556646347046,1.5032182931900024,2.071413040161133
14,43,120.51692199707031,664.92724609375,1.8008062839508057,1.3471074104309082,0.9372043609619141
14,44,95.87007141113281,380.1637878417969,1.9284563064575195,1.8002012968063354,0.9100198745727539
14,45,102.02413940429688,461.134765625,1.8636887073516846,1.5687328577041626,1.2039012908935547
14,46,162.16162109375,1071.7642822265625,1.8328399658203125,1.205853819847107,1.706298828125
14,47,95.25224304199219,354.771484375,1.992503046989441,1.6824308633804321,0.9440269470214844
14,48,86.22953033447266,326.1906433105469,1.7870155572891235,1.0986418724060059,1.308751106262207
14,49,102.66275024414062,488.4218444824219,1.7940189838409424,1.7641510963439941,1.2593069076538086
14,50,100.64791870117188,409.9859924316406,1.988310694694519,1.642485499382019,1.0429000854492188
14,51,83.61653900146484,262.06744384765625,1.9136598110198975,1.0177419185638428,1.0189170837402344
14,52,88.22844696044922,292.0740966796875,1.9673678874969482,1.3092111349105835,0.7380580902099609
14,53,304.764404296875,2468.972412109375,1.9289047718048096,3.07835054397583,1.2823762893676758
14,54,95.55455017089844,362.6917419433594,1.9761791229248047,1.166190505027771,1.3022537231445312
14,55,136.89956665039062,708.5292358398438,2.201554775238037,1.8301221132278442,1.5791349411010742
14,56,116.90974426269531,528.1783447265625,2.136396884918213,1.3999090194702148,1.3031377792358398
14,57,125.38215637207031,641.42724609375,2.0413146018981934,1.811005711555481,1.2103166580200195
14,58,136.8704833984375,715.6654663085938,2.176797389984131,2.3532824516296387,1.4489326477050781
14,59,120.32918548583984,626.9536743164062,1.921127200126648,2.2188143730163574,1.253422737121582
14,60,87.64291381835938,264.5681457519531,2.039536476135254,0.9045193791389465,1.0596237182617188
14,61,90.42288208007812,332.1805114746094,1.9068278074264526,1.4499938488006592,1.2387361526489258
14,62,90.2659683227539,287.77264404296875,2.049623489379883,0.9919686317443848,0.9465084075927734
14,63,92.25402069091797,281.0787353515625,2.138205051422119,1.1484373807907104,1.1240997314453125
14,64,91.42611694335938,356.68536376953125,1.858586072921753,1.4229865074157715,1.0787105560302734
14,65,127.41702270507812,611.459228515625,2.2090368270874023,1.7286423444747925,1.4985599517822266
14,66,104.71226501464844,443.25396728515625,2.0128955841064453,1.9380959272384644,1.0010042190551758
14,67,103.49606323242188,419.06488037109375,2.052985668182373,1.1696445941925049,1.4885807037353516
14,68,92.97001647949219,414.11773681640625,1.7186081409454346,1.504921793937683,1.0205469131469727
14,69,104.95089721679688,471.2085266113281,1.9276679754257202,1.144585371017456,1.7929563522338867
14,70,75.44938659667969,255.49697875976562,1.6633230447769165,1.0452580451965332,1.0340080261230469
14,71,123.88215637207031,597.6748046875,2.1371560096740723,2.1489052772521973,0.9171113967895508
14,72,92.1739501953125,349.53826904296875,1.9073375463485718,1.0873479843139648,1.088059425354004
14,73,103.06425476074219,419.1122131347656,2.0384345054626465,1.2349238395690918,1.2155160903930664
14,74,94.8330078125,403.55792236328125,1.8159071207046509,1.5268080234527588,1.3634395599365234
14,75,91.04927062988281,334.27081298828125,1.920739769935608,1.5158421993255615,1.210240364074707
14,76,105.66236877441406,364.740234375,2.3062779903411865,1.7034294605255127,1.082859992980957
14,77,79.89347076416016,239.1890869140625,1.8658186197280884,1.3003144264221191,0.6447610855102539
14,78,92.7883071899414,310.25128173828125,2.058772563934326,1.4789313077926636,1.039571762084961
14,79,139.05526733398438,699.389892578125,2.3038759231567383,2.6948652267456055,1.115997314453125
14,80,114.24512481689453,539.0667114257812,2.011281728744507,1.5795482397079468,1.0554866790771484
14,81,124.26338195800781,564.0005493164062,2.262110948562622,2.019590377807617,1.102522850036621
14,82,119.88899230957031,512.8079833984375,2.286939859390259,1.9945435523986816,1.1732454299926758
14,83,98.6156005859375,397.94146728515625,1.9607150554656982,1.3436176776885986,1.1089096069335938
14,84,112.79254150390625,490.3505554199219,2.1252496242523193,1.462993860244751,1.1419363021850586
14,85,91.41313171386719,304.70623779296875,2.031416893005371,1.3269495964050293,1.0323829650878906
14,86,93.99856567382812,394.7445983886719,1.8174700736999512,1.6709096431732178,1.1197500228881836
14,87,102.05650329589844,447.14617919921875,1.9113962650299072,1.8531548976898193,1.0401735305786133
14,88,73.17375183105469,227.04635620117188,1.682303786277771,0.976754903793335,0.9311628341674805
14,89,83.33674621582031,317.15863037109375,1.7206960916519165,1.5792410373687744,0.9842300415039062
14,90,137.88156127929688,779.7008056640625,1.997049331665039,1.9600754976272583,2.0018348693847656
14,91,126.7337417602539,674.8233032226562,1.9750471115112305,1.7906137704849243,1.1169986724853516
14,92,93.50209045410156,387.48162841796875,1.8251307010650635,1.631312370300293,1.0941753387451172
14,93,90.13052368164062,323.7859802246094,1.9250643253326416,1.3314824104309082,1.0511226654052734
14,94,108.63270568847656,593.6632080078125,1.6422126293182373,1.9912980794906616,1.1552410125732422
14,95,80.7511215209961,264.1268310546875,1.8112812042236328,1.2973358631134033,0.9143991470336914
14,96,80.14644622802734,308.14031982421875,1.6444138288497925,1.2251865863800049,1.1851110458374023
14,97,95.06544494628906,348.29302978515625,2.007871389389038,1.4973186254501343,1.0217323303222656
14,98,101.32437133789062,446.4051513671875,1.8894619941711426,1.885666012763977,1.1456193923950195
14,99,117.13197326660156,577.382568359375,1.9797905683517456,1.8416247367858887,1.235487937927246
14,100,106.83684539794922,494.115234375,1.9141772985458374,1.9893584251403809,1.0912914276123047
14,101,93.80210876464844,397.21331787109375,1.8026925325393677,1.3492867946624756,1.1246919631958008
14,102,87.4381332397461,278.611572265625,1.9858992099761963,1.4091267585754395,0.74334716796875
14,103,96.06573486328125,360.2168884277344,2.0014681816101074,1.3249268531799316,1.3172636032104492
14,104,87.42951965332031,282.56396484375,1.9724373817443848,1.0918095111846924,0.8009700775146484
14,105,101.9064712524414,454.9059753417969,1.8805291652679443,1.7993218898773193,0.9511165618896484
14,106,86.28498840332031,272.15093994140625,1.968996524810791,1.0962693691253662,1.0097265243530273
14,107,95.72442626953125,401.5826416015625,1.852205514907837,1.63125741481781,1.0295839309692383
14,108,100.40277099609375,420.4717712402344,1.9451864957809448,1.5649449825286865,1.2689170837402344
14,109,93.863037109375,367.323486328125,1.9043562412261963,1.562029242515564,0.9275588989257812
14,110,94.0511703491211,343.9617919921875,1.9884997606277466,1.2554974555969238,1.0334796905517578
14,111,159.3321990966797,1022.9922485351562,1.9010989665985107,2.5803139209747314,0.8679084777832031
14,112,110.89645385742188,503.1954345703125,2.019230365753174,1.8106099367141724,1.1893596649169922
14,113,100.54082489013672,444.5513000488281,1.8695231676101685,1.4758005142211914,1.2603530883789062
14,114,102.06879425048828,478.1820373535156,1.808353066444397,1.1674917936325073,1.2431745529174805
14,115,95.20902252197266,334.1033935546875,2.0599560737609863,1.9406135082244873,1.0709047317504883
14,116,157.64547729492188,922.4447021484375,2.1800336837768555,2.3484277725219727,1.1116056442260742
14,117,100.06317138671875,449.02520751953125,1.8386882543563843,1.6954421997070312,1.2797603607177734
14,118,106.17864990234375,427.96539306640625,2.1127371788024902,1.2238197326660156,1.1919660568237305
14,119,111.54863739013672,494.0633239746094,2.0714101791381836,1.7696200609207153,1.096156120300293
14,120,102.80554962158203,415.09210205078125,2.0432112216949463,1.580955147743225,1.1985883712768555
14,121,102.25043487548828,421.8458251953125,2.002195119857788,1.6212246417999268,1.0564641952514648
14,122,98.93435668945312,389.71075439453125,1.9987759590148926,1.5199742317199707,1.311631202697754
14,123,102.26332092285156,416.4556579589844,2.020591974258423,1.6998566389083862,1.2935771942138672
14,124,87.65678405761719,297.80035400390625,1.929224967956543,1.3574188947677612,1.2241191864013672
14,125,117.21841430664062,449.9613342285156,2.407409191131592,1.6017577648162842,1.3059921264648438
14,126,115.02505493164062,511.9139404296875,2.127788543701172,1.6208992004394531,1.3497114181518555
14,127,121.56373596191406,677.5528564453125,1.7936151027679443,2.054636001586914,1.548166275024414
14,128,144.51675415039062,899.9896240234375,1.8172600269317627,2.358219861984253,1.1470251083374023
14,129,97.10333251953125,422.29071044921875,1.8291418552398682,1.7786906957626343,1.1701831817626953
14,130,123.28306579589844,601.4110717773438,2.104732036590576,2.0290005207061768,1.308004379272461
14,131,101.0612564086914,313.3675537109375,2.3241500854492188,1.544224739074707,0.8839969635009766
14,132,106.06488037109375,491.18060302734375,1.8982274532318115,1.5383220911026,1.2724971771240234
14,133,100.92475891113281,468.56903076171875,1.8022617101669312,1.7532448768615723,1.2117290496826172
14,134,118.65158081054688,533.52099609375,2.176649570465088,1.758725643157959,1.3148717880249023
14,135,104.98646545410156,372.6821594238281,2.257275104522705,1.4740092754364014,1.2489299774169922
14,136,90.96781921386719,304.80712890625,2.0162370204925537,1.7033932209014893,0.8346443176269531
14,137,152.40032958984375,872.646240234375,2.171189785003662,2.2090888023376465,1.5769662857055664
14,138,119.44088745117188,605.5401611328125,1.9628956317901611,2.1890158653259277,1.333211898803711
14,139,123.03956604003906,611.5352783203125,2.0628678798675537,1.5695557594299316,1.516129493713379
14,140,90.97525024414062,328.19873046875,1.9385125637054443,1.4046809673309326,0.7425832748413086
14,141,94.91498565673828,333.4421081542969,2.052359104156494,1.455594778060913,0.9105367660522461
14,142,95.371826171875,433.87554931640625,1.7328091859817505,1.570235252380371,1.021834373474121
14,143,108.86575317382812,463.47442626953125,2.0839436054229736,1.2923474311828613,1.4449357986450195
14,144,86.19406127929688,289.37469482421875,1.908552885055542,1.6126924753189087,1.0628700256347656
14,145,121.4735107421875,547.0628662109375,2.225574254989624,1.8125542402267456,1.4244394302368164
14,146,94.48825073242188,411.9888916015625,1.7763118743896484,1.555130958557129,1.0001916885375977
14,147,107.88262939453125,384.6942138671875,2.3137736320495605,1.402738094329834,1.0252113342285156
14,148,97.19313049316406,447.7572326660156,1.7472467422485352,1.6664942502975464,1.4424571990966797
14,149,104.35353088378906,408.4209899902344,2.1170477867126465,1.2950170040130615,1.1413860321044922
14,150,102.44244384765625,414.11590576171875,2.0343618392944336,1.7141518592834473,1.108180046081543
14,151,116.16815948486328,565.9721069335938,1.9856983423233032,1.6723016500473022,1.2081193923950195
14,152,93.88804626464844,359.5169677734375,1.9312117099761963,1.19952392578125,1.2930021286010742
14,153,103.70063781738281,362.36767578125,2.248795509338379,1.2309753894805908,1.0827627182006836
14,154,133.7928924560547,817.9306640625,1.7333276271820068,1.8804336786270142,1.395522117614746
14,155,115.24954223632812,482.36663818359375,2.233762502670288,1.6648328304290771,1.4810991287231445
14,156,106.17769622802734,469.24822998046875,1.9750957489013672,1.600430965423584,1.1545000076293945
14,157,86.5196762084961,222.1182403564453,2.1435952186584473,1.0666414499282837,0.9890480041503906
14,158,120.49276733398438,615.012939453125,1.9663825035095215,2.0726730823516846,1.3220500946044922
14,159,124.57075500488281,655.2512817382812,1.9681873321533203,1.668708324432373,1.7121524810791016
14,160,91.73178100585938,286.56005859375,2.1025257110595703,1.1159738302230835,0.6888666152954102
14,161,306.9944152832031,2404.34423828125,2.2186660766601562,3.336350440979004,1.5908231735229492
14,162,97.72748565673828,426.7104187011719,1.8352147340774536,1.6018388271331787,1.0831899642944336
14,163,97.38835144042969,385.81982421875,1.9602123498916626,1.7063686847686768,1.034867286682129
14,164,115.99137878417969,477.1539611816406,2.2758660316467285,1.7990648746490479,1.1165361404418945
14,165,90.79824829101562,308.03466796875,1.999826192855835,1.3916642665863037,1.162125587463379
14,166,115.08872985839844,535.5498046875,2.0511248111724854,1.8112719058990479,1.472442626953125
14,167,107.87519836425781,367.9115295410156,2.3694682121276855,1.530576229095459,0.9857025146484375
14,168,129.33334350585938,704.9171752929688,1.9613876342773438,2.014322280883789,1.0056343078613281
14,169,160.55494689941406,852.9923706054688,2.508523464202881,2.60653018951416,1.1899757385253906
14,170,89.4658432006836,308.64715576171875,1.9533709287643433,1.3657417297363281,1.232325553894043
14,171,94.90115356445312,333.5345764160156,2.0515899658203125,1.1673129796981812,1.1803503036499023
14,172,92.35623168945312,369.92767333984375,1.8454487323760986,1.2728195190429688,1.3087072372436523
14,173,82.42457580566406,330.13287353515625,1.647042989730835,1.4812395572662354,0.9846229553222656
14,174,97.12320709228516,286.12420654296875,2.2836928367614746,1.353348970413208,0.6229734420776367
14,175,94.77375793457031,438.3550109863281,1.6979420185089111,1.4119781255722046,1.2730598449707031
14,176,77.17298126220703,278.18463134765625,1.6451506614685059,1.444066047668457,0.9853334426879883
14,177,89.77587127685547,367.1255798339844,1.7687771320343018,1.4580833911895752,1.207871437072754
14,178,116.55690002441406,560.208251953125,2.017868995666504,1.642016887664795,1.5190629959106445
14,179,97.14701080322266,434.6330871582031,1.7894567251205444,1.414245843887329,1.5077581405639648
14,180,94.92863464355469,322.242431640625,2.090146541595459,1.4137005805969238,0.7163848876953125
14,181,135.01307678222656,702.174072265625,2.159855604171753,2.444729804992676,1.1381797790527344
14,182,77.5203628540039,226.27130126953125,1.8297743797302246,1.0413336753845215,1.1036348342895508
14,183,88.87226104736328,321.73529052734375,1.8899576663970947,1.451027750968933,1.0806608200073242
14,184,78.86627960205078,232.70433044433594,1.8531948328018188,1.1383285522460938,0.9011507034301758
14,185,97.71049499511719,397.364501953125,1.9324681758880615,1.6900811195373535,1.0779390335083008
14,186,126.93238830566406,627.94921875,2.13791561126709,1.7349224090576172,1.481180191040039
14,187,131.95941162109375,654.7991333007812,2.2159833908081055,1.9417779445648193,0.8511905670166016
14,188,514.1143798828125,4480.7001953125,2.201478958129883,3.2922167778015137,1.0830001831054688
14,189,115.75069427490234,570.0145263671875,1.9583079814910889,2.24983549118042,0.9493837356567383
14,190,87.43206787109375,348.7733154296875,1.7518243789672852,1.3863182067871094,1.117696762084961
14,191,87.52845764160156,264.407470703125,2.036257028579712,1.161991834640503,1.234243392944336
14,192,90.11843872070312,276.81793212890625,2.081221342086792,1.0526264905929565,0.9994659423828125
14,193,89.79869842529297,306.0108337402344,1.973253846168518,1.253187894821167,1.295888900756836
14,194,122.17716979980469,623.439208984375,1.9944417476654053,2.0764176845550537,1.3426828384399414
14,195,113.92091369628906,523.2594604492188,2.0531654357910156,1.9483411312103271,0.7622795104980469
14,196,97.50106048583984,352.1788024902344,2.076106071472168,1.291260004043579,1.2692813873291016
14,197,91.43846130371094,337.39349365234375,1.9233038425445557,1.1461737155914307,1.4797048568725586
14,198,115.62736511230469,534.5869140625,2.072289228439331,1.4383114576339722,1.5306835174560547
14,199,91.4565658569336,373.854736328125,1.8023697137832642,1.5938496589660645,0.9906396865844727
14,200,117.25212097167969,569.5945434570312,2.0097556114196777,1.4801125526428223,1.853144645690918
14,201,195.8177947998047,1333.64599609375,2.081772804260254,2.837552547454834,1.2834587097167969
14,202,251.24649047851562,1884.29150390625,2.0939111709594727,3.3781142234802246,0.928924560546875
14,203,94.43045043945312,344.2882995605469,2.000053882598877,1.3649113178253174,1.2355632781982422
14,204,119.16236877441406,495.70904541015625,2.3197152614593506,1.6004884243011475,1.3963432312011719
14,205,107.66436767578125,484.4188232421875,1.9740828275680542,1.426079511642456,1.4306821823120117
14,206,103.51097106933594,512.6171875,1.741641640663147,1.550256371498108,1.4401016235351562
14,207,121.96549987792969,567.9423828125,2.172375202178955,1.2610752582550049,1.896139144897461
14,208,142.57357788085938,868.1414794921875,1.858647346496582,1.6471753120422363,1.8196496963500977
14,209,128.72764587402344,633.7144775390625,2.178539752960205,1.8156390190124512,1.2536516189575195
14,210,94.37230682373047,299.6883544921875,2.146782398223877,1.3747977018356323,1.0645160675048828
14,211,91.50164031982422,292.53564453125,2.0749359130859375,1.206112265586853,1.1179122924804688
14,212,94.9599380493164,303.6598205566406,2.1531319618225098,1.3235368728637695,0.815983772277832
14,213,118.51055908203125,515.7493286132812,2.231187343597412,1.4237842559814453,1.614919662475586
14,214,86.04598236083984,309.5632019042969,1.8363220691680908,1.3588793277740479,1.1491870880126953
14,215,112.962890625,556.5099487304688,1.9103963375091553,2.1620638370513916,0.837681770324707
14,216,100.99259948730469,300.33074951171875,2.3653175830841064,1.252335548400879,1.1370439529418945
14,217,142.04238891601562,776.7775268554688,2.1454880237579346,1.6085413694381714,1.858107566833496
14,218,98.73678588867188,414.42425537109375,1.9098122119903564,1.5246573686599731,1.220163345336914
14,219,89.82345581054688,299.32574462890625,1.9963626861572266,1.172176480293274,1.0873374938964844
14,220,110.61774444580078,440.67901611328125,2.2183279991149902,1.3288623094558716,1.4881877899169922
14,221,102.00959777832031,398.50244140625,2.0719785690307617,1.2119985818862915,1.4518814086914062
14,222,120.91828918457031,593.4658203125,2.0523900985717773,1.6944031715393066,1.841414451599121
14,223,86.00423431396484,345.69287109375,1.7144982814788818,1.0810225009918213,1.4963703155517578
14,224,103.80430603027344,440.60980224609375,1.9914441108703613,1.6529138088226318,0.9393634796142578
14,225,101.03945922851562,401.3750305175781,2.0300652980804443,1.7675652503967285,1.0466222763061523
14,226,103.69537353515625,415.8428955078125,2.0703694820404053,1.4008877277374268,0.8866291046142578
14,227,85.80064392089844,326.041015625,1.7732181549072266,1.2683517932891846,1.1458635330200195
14,228,92.44654846191406,407.77398681640625,1.7223050594329834,1.6852805614471436,1.247385025024414
14,229,107.64163208007812,500.0669860839844,1.9211645126342773,1.8615405559539795,1.384934425354004
14,230,83.16969299316406,331.82122802734375,1.6662523746490479,1.4180583953857422,0.9797477722167969
14,231,293.7406311035156,2218.119140625,2.3976235389709473,3.2845771312713623,1.4517631530761719
14,232,153.32077026367188,884.0977783203125,2.1636996269226074,3.1625232696533203,0.8028030395507812
14,233,81.9819564819336,244.4869384765625,1.9177755117416382,1.3919389247894287,0.6416549682617188
14,234,122.28375244140625,579.2692260742188,2.1452274322509766,1.64664888381958,1.5012483596801758
14,235,114.35820007324219,544.4498291015625,1.9971072673797607,1.3800172805786133,1.7393817901611328
14,236,89.746826171875,272.1796875,2.0842952728271484,0.9068934321403503,0.9421310424804688
14,237,86.7890625,293.838623046875,1.9135065078735352,1.42903470993042,0.9897956848144531
14,238,81.57464599609375,271.36474609375,1.814605712890625,0.9341689348220825,1.184767723083496
14,239,130.342041015625,727.137939453125,1.920941710472107,1.7156720161437988,1.5699958801269531
14,240,94.77719116210938,382.5159912109375,1.8841862678527832,1.2297775745391846,1.2462739944458008
14,241,97.27527618408203,362.2606506347656,2.034973621368408,1.3957910537719727,0.92657470703125
14,242,85.89204406738281,331.1954040527344,1.7590835094451904,1.042163610458374,1.3474559783935547
14,243,128.03363037109375,654.2651977539062,2.0869033336639404,1.800390601158142,1.5696115493774414
14,244,107.62757873535156,476.72760009765625,1.998494029045105,2.0340402126312256,1.0358467102050781
14,245,101.74545288085938,449.0567932128906,1.8946590423583984,1.9163751602172852,0.7401008605957031
14,246,124.6519546508789,663.3878784179688,1.9437720775604248,1.6572672128677368,1.8982467651367188
14,247,109.86222076416016,509.67266845703125,1.9631651639938354,1.4928991794586182,1.6854772567749023
14,248,80.3588638305664,301.90399169921875,1.6722822189331055,1.6190669536590576,1.141077995300293
14,249,82.96768188476562,287.4676513671875,1.8073639869689941,1.3531043529510498,1.249929428100586
14,250,104.32186889648438,477.8254699707031,1.8846440315246582,1.5366194248199463,1.2176704406738281
14,251,113.22740936279297,515.3718872070312,2.0563406944274902,1.4884154796600342,1.2643566131591797
14,252,103.06373596191406,456.23870849609375,1.91466224193573,1.5332859754562378,1.1972599029541016
14,253,108.51080322265625,468.90374755859375,2.054014205932617,1.8162624835968018,1.2547531127929688
14,254,102.00927734375,469.51068115234375,1.8352737426757812,1.4435386657714844,1.335536003112793
14,255,89.57595825195312,294.63153076171875,2.00376033782959,1.2965331077575684,0.9389238357543945
14,256,84.40194702148438,264.3365783691406,1.9322763681411743,1.2853524684906006,0.6617202758789062
14,257,90.0300521850586,303.07659912109375,1.9907463788986206,1.2820563316345215,1.2082719802856445
14,258,78.8756332397461,301.46234130859375,1.624313235282898,1.4439918994903564,1.2819995880126953
14,259,104.14753723144531,424.72149658203125,2.0558462142944336,1.9308348894119263,1.1224279403686523
14,260,95.44828796386719,315.8270263671875,2.1288528442382812,1.2455401420593262,0.8985891342163086
14,261,109.06021881103516,495.06494140625,1.985124111175537,1.7111024856567383,1.3770246505737305
14,262,92.7034683227539,298.1551818847656,2.0962648391723633,1.165747046470642,1.1357126235961914
14,263,84.07002258300781,351.1825866699219,1.631725549697876,1.222235918045044,1.1321945190429688
14,264,125.05833435058594,607.6573486328125,2.1430864334106445,1.8856873512268066,0.8848056793212891
14,265,92.4008560180664,277.1849060058594,2.156078815460205,1.0122644901275635,0.9583215713500977
14,266,123.65019226074219,538.7308349609375,2.3259036540985107,1.8900136947631836,1.1789226531982422
14,267,131.83346557617188,644.2239379882812,2.2470359802246094,1.8632665872573853,1.3410062789916992
14,268,90.87044525146484,349.9456787109375,1.8625292778015137,1.6006648540496826,0.9511852264404297
14,269,109.29582214355469,529.0984497070312,1.8795323371887207,1.7355728149414062,1.399064064025879
14,270,95.98197937011719,434.30450439453125,1.751717448234558,1.437709927558899,1.5167694091796875
14,271,201.3538055419922,1416.243408203125,1.9909820556640625,2.7525887489318848,1.8219366073608398
14,272,96.10698699951172,331.94866943359375,2.0970706939697266,1.0869438648223877,1.3976364135742188
14,273,97.79403686523438,324.06903076171875,2.1795713901519775,1.1974387168884277,0.9118995666503906
14,274,82.3539047241211,206.35914611816406,2.0572662353515625,1.3092291355133057,0.6519956588745117
14,275,115.57878875732422,524.8298950195312,2.1031932830810547,1.5185141563415527,1.2140445709228516
14,276,76.581787109375,218.97335815429688,1.82281494140625,1.3055812120437622,0.8660793304443359
14,277,100.12165832519531,428.9095764160156,1.9076900482177734,1.6683919429779053,1.1589593887329102
14,278,83.75027465820312,236.24757385253906,2.0041840076446533,1.237837791442871,0.7998189926147461
14,279,100.26864624023438,394.0294189453125,2.0288567543029785,1.5932018756866455,0.920680046081543
14,280,100.1108169555664,407.991943359375,1.9770541191101074,1.515905499458313,0.9446468353271484
14,281,164.45797729492188,1032.37451171875,2.040684223175049,2.298330068588257,1.4873580932617188
14,282,96.68708038330078,402.79559326171875,1.8802506923675537,1.8902530670166016,0.9701395034790039
14,283,107.84634399414062,455.13934326171875,2.077746868133545,1.4610555171966553,1.15423583984375
14,284,138.42098999023438,769.6810302734375,2.048429489135742,2.262917995452881,1.1146001815795898
14,285,90.68698120117188,368.88604736328125,1.7932792901992798,1.1674138307571411,1.4020681381225586
14,286,96.1794204711914,386.92034912109375,1.9162461757659912,1.2034538984298706,1.372675895690918
14,287,110.25630950927734,501.636962890625,2.003087043762207,1.9740829467773438,1.0780153274536133
14,288,88.71174621582031,323.0533447265625,1.880213737487793,1.548058032989502,1.0970630645751953
14,289,136.945556640625,705.3950805664062,2.2135348320007324,1.695130467414856,1.6541328430175781
14,290,107.01506805419922,468.9334411621094,2.0040574073791504,1.6368827819824219,1.3995895385742188
14,291,86.0148696899414,270.2076416015625,1.9664702415466309,1.2930951118469238,0.7603921890258789
14,292,102.12664794921875,425.89068603515625,1.9845860004425049,1.491999864578247,1.2962360382080078
14,293,89.33737182617188,388.09869384765625,1.6842501163482666,1.855237364768982,1.1464204788208008
14,294,108.3457260131836,451.42950439453125,2.1067590713500977,1.3727362155914307,1.0135698318481445
14,295,105.34822845458984,348.11431884765625,2.351226568222046,0.8929082155227661,1.4515104293823242
14,296,110.94233703613281,513.6781005859375,1.9858176708221436,1.5300414562225342,1.3461036682128906
14,297,110.94435119628906,535.7752075195312,1.912227749824524,1.7990784645080566,1.7010221481323242
14,298,81.1341552734375,231.17156982421875,1.933899998664856,0.960909366607666,1.135188102722168
14,299,126.91619873046875,707.8232421875,1.871129035949707,1.8598154783248901,0.9853010177612305
14,300,93.6537857055664,342.36322021484375,1.9805819988250732,1.4777040481567383,0.8548059463500977
14,301,88.42716979980469,290.00335693359375,1.9808944463729858,1.4078816175460815,0.9473791122436523
14,302,84.22914123535156,344.93841552734375,1.6578432321548462,1.7177610397338867,0.9876670837402344
14,303,104.67686462402344,400.89910888671875,2.1528983116149902,1.8814224004745483,1.1101150512695312
14,304,107.60942077636719,485.461669921875,1.9687750339508057,1.619842290878296,1.3559885025024414
14,305,124.8332290649414,629.2406616210938,2.063638687133789,1.6282527446746826,1.172062873840332
14,306,137.08245849609375,652.0242919921875,2.396001100540161,1.7055494785308838,1.5778560638427734
14,307,124.98365783691406,580.6200561523438,2.2307217121124268,1.700417160987854,1.268265724182129
14,308,102.11868286132812,394.1888732910156,2.0899930000305176,1.7840576171875,0.9839897155761719
14,309,97.34661865234375,384.7640380859375,1.9623403549194336,1.2578790187835693,1.1033515930175781
14,310,113.0755615234375,528.1178588867188,2.0087924003601074,1.5286526679992676,1.4211740493774414
14,311,130.09666442871094,733.322998046875,1.8921453952789307,2.0328164100646973,1.4020862579345703
14,312,100.47932434082031,375.74432373046875,2.096829652786255,1.888748049736023,0.8757534027099609
14,313,181.92417907714844,1266.5096435546875,1.8424403667449951,2.8703818321228027,1.616349220275879
14,314,203.9652099609375,1329.506103515625,2.3671536445617676,2.325972080230713,1.459031105041504
14,315,98.45259857177734,443.9299011230469,1.8019869327545166,1.5363450050354004,1.199233055114746
14,316,95.7234878540039,390.3438415527344,1.889636754989624,1.1830207109451294,1.3563871383666992
14,317,94.23294067382812,360.33062744140625,1.9399960041046143,1.6127417087554932,1.2585058212280273
14,318,97.633056640625,367.119384765625,2.0307040214538574,1.31472647190094,1.0377721786499023
14,319,80.77605438232422,244.4246368408203,1.87778639793396,1.0312349796295166,1.0945978164672852
14,320,104.857177734375,399.455322265625,2.1637215614318848,1.4933836460113525,1.282353401184082
14,321,88.82935333251953,377.4667663574219,1.7027558088302612,1.3625755310058594,0.9571561813354492
14,322,90.18034362792969,335.07568359375,1.8890925645828247,1.7597304582595825,0.7020387649536133
14,323,94.5968017578125,339.863037109375,2.0203499794006348,1.683609127998352,1.0819292068481445
14,324,106.0426025390625,472.41650390625,1.9600317478179932,1.7804051637649536,1.2408695220947266
14,325,107.01188659667969,359.00787353515625,2.3703699111938477,1.330899953842163,1.1714448928833008
14,326,313.15142822265625,2552.291259765625,1.93074369430542,2.794959545135498,1.7569408416748047
14,327,98.18153381347656,423.3308410644531,1.8616149425506592,1.8201220035552979,1.2278776168823242
14,328,100.68133544921875,438.7724609375,1.8934695720672607,1.681162714958191,1.4333276748657227
14,329,107.68534851074219,458.08795166015625,2.062551736831665,2.0548508167266846,1.0957250595092773
14,330,122.51678466796875,455.9113464355469,2.564188003540039,1.8414686918258667,1.2297554016113281
14,331,80.79297637939453,226.82330322265625,1.9370214939117432,1.306146264076233,0.5951862335205078
14,332,115.31416320800781,566.507080078125,1.9554486274719238,1.5036237239837646,1.4609489440917969
14,333,80.3266372680664,245.2218475341797,1.860148549079895,1.2492210865020752,1.1108980178833008
14,334,107.13275909423828,415.6227111816406,2.185683012008667,1.7169196605682373,1.166184425354004
14,335,94.18435668945312,328.5216064453125,2.0444066524505615,0.9949660301208496,1.5432415008544922
14,336,109.01129913330078,510.1058044433594,1.9333572387695312,1.3412659168243408,1.3044109344482422
14,337,112.11368560791016,557.15966796875,1.879923939704895,1.8713159561157227,1.3162269592285156
14,338,95.07684326171875,374.0794677734375,1.9222966432571411,1.1126139163970947,1.3414278030395508
14,339,100.94237518310547,464.12677001953125,1.8176566362380981,1.6719167232513428,1.3792181015014648
14,340,132.0880126953125,739.040771484375,1.9394643306732178,2.187103271484375,1.5227909088134766
14,341,79.29420471191406,231.94503784179688,1.8699898719787598,1.339874505996704,0.752690315246582
14,342,87.58601379394531,246.9549560546875,2.09635066986084,1.1251215934753418,0.7626924514770508
14,343,173.52342224121094,1051.585205078125,2.278830051422119,2.4252383708953857,0.70068359375
14,344,118.63137817382812,562.6950073242188,2.0787293910980225,1.6248185634613037,1.5805931091308594
14,345,350.9913024902344,2856.61572265625,2.177657127380371,3.6876773834228516,0.7202014923095703
14,346,111.27630615234375,529.3818969726562,1.9446039199829102,1.7097148895263672,1.3448286056518555
14,347,108.13160705566406,400.39227294921875,2.2697460651397705,1.5815165042877197,0.9312095642089844
14,348,95.83038330078125,374.0939025878906,1.9473665952682495,1.3597333431243896,1.1238594055175781
14,349,80.49732971191406,251.92300415039062,1.8435008525848389,1.4217982292175293,0.7099103927612305
14,350,88.38016510009766,251.04721069335938,2.1091814041137695,1.101974368095398,1.0337038040161133
14,351,128.80374145507812,620.7216796875,2.2243854999542236,1.7945997714996338,1.2634658813476562
14,352,84.68635559082031,272.49481201171875,1.914562463760376,1.161821722984314,0.9473781585693359
14,353,160.82742309570312,909.58447265625,2.328965663909912,1.9795796871185303,1.2246475219726562
14,354,82.92486572265625,312.1458740234375,1.7236757278442383,1.4559191465377808,0.9505624771118164
14,355,103.56866455078125,568.5355224609375,1.5571703910827637,1.3425973653793335,1.6619510650634766
14,356,183.458740234375,1198.8175048828125,2.1192328929901123,2.0496139526367188,1.7480411529541016
14,357,111.59690856933594,472.1061096191406,2.146209716796875,1.6680448055267334,0.9108991622924805
14,358,126.90801239013672,681.6527709960938,1.9580912590026855,1.8166759014129639,1.7735567092895508
14,359,138.23538208007812,820.9494018554688,1.871348261833191,2.477552890777588,0.7560482025146484
14,360,88.50039672851562,313.82781982421875,1.9039204120635986,1.3777295351028442,0.8412952423095703
14,361,88.18927764892578,350.51373291015625,1.7712634801864624,1.3340153694152832,1.1565532684326172
14,362,109.73345947265625,380.69866943359375,2.3887863159179688,1.5997414588928223,0.6850605010986328
14,363,119.12913513183594,603.5220336914062,1.9592311382293701,1.6268006563186646,1.589066505432129
14,364,81.30613708496094,259.80523681640625,1.8441870212554932,1.327324390411377,0.8334493637084961
14,365,146.17828369140625,766.1989135742188,2.318612575531006,2.1072311401367188,1.851602554321289
14,366,109.176025390625,470.06121826171875,2.0723299980163574,1.7219349145889282,1.5395174026489258
14,367,106.97332000732422,440.9437255859375,2.0959649085998535,1.4932175874710083,1.5619916915893555
14,368,94.81407165527344,399.4900207519531,1.8288356065750122,1.8850469589233398,0.7810077667236328
14,369,104.70576477050781,414.072265625,2.1099512577056885,1.5344061851501465,1.2256402969360352
14,370,136.84429931640625,688.767578125,2.265584707260132,1.4456249475479126,1.9726486206054688
14,371,98.43313598632812,404.55908203125,1.9325740337371826,1.480410099029541,1.516617774963379
14,372,97.60392761230469,363.7519226074219,2.0409579277038574,1.7385976314544678,0.9070339202880859
14,373,95.26409912109375,371.2182922363281,1.9380755424499512,1.3879958391189575,0.995457649230957
14,374,93.14959716796875,341.8471984863281,1.9654958248138428,1.2605266571044922,1.1941986083984375
14,375,95.44225311279297,416.5254821777344,1.7929900884628296,1.2181130647659302,1.7041521072387695
14,376,132.36148071289062,692.7369384765625,2.102926254272461,2.108283519744873,1.1847429275512695
14,377,92.34837341308594,393.3417663574219,1.7671399116516113,1.2420316934585571,1.4947309494018555
14,378,96.45904541015625,362.26544189453125,2.0077500343322754,1.4203475713729858,1.36322021484375
14,379,124.844970703125,596.2574462890625,2.1739742755889893,2.014742374420166,1.254185676574707
14,380,108.19005584716797,492.4920654296875,1.9646949768066406,1.4141311645507812,1.0974416732788086
14,381,102.11445617675781,372.5159912109375,2.162095069885254,1.667766809463501,1.1479244232177734
14,382,189.3190460205078,1279.2969970703125,2.046311378479004,2.1795947551727295,1.152115821838379
14,383,99.85506439208984,435.44287109375,1.877025842666626,1.4708874225616455,1.2939281463623047
14,384,103.99935913085938,380.87066650390625,2.1970763206481934,1.419891595840454,1.3230390548706055
14,385,89.13179016113281,390.95355224609375,1.6678810119628906,1.7056429386138916,1.168595314025879
14,386,91.6848373413086,318.66265869140625,1.9939522743225098,1.5426340103149414,0.8223600387573242
14,387,103.579833984375,448.7662048339844,1.9567737579345703,1.5004552602767944,1.206273078918457
14,388,145.4348602294922,823.202880859375,2.103818893432617,1.8610413074493408,1.3270940780639648
14,389,81.52860260009766,328.4200439453125,1.6228865385055542,1.285187005996704,1.1925344467163086
14,390,93.78459167480469,393.0744934082031,1.8159046173095703,1.232173204421997,1.4305715560913086
14,391,89.15550994873047,311.3187255859375,1.9341213703155518,1.51618230342865,1.1860408782958984
14,392,118.11927795410156,618.3912353515625,1.8760051727294922,1.825939655303955,1.509847640991211
14,393,102.07414245605469,461.6435852050781,1.8636595010757446,2.1606831550598145,0.7788457870483398
14,394,140.6661376953125,777.1116943359375,2.098498821258545,2.3361449241638184,1.5329828262329102
14,395,103.19380187988281,429.03582763671875,2.009673833847046,1.6289076805114746,0.9424495697021484
14,396,107.11408996582031,541.8699340820312,1.7642364501953125,1.3242709636688232,1.3453044891357422
14,397,108.14082336425781,463.8065185546875,2.0586724281311035,1.5397119522094727,1.4619121551513672
14,398,99.42051696777344,412.02099609375,1.9406137466430664,1.4659814834594727,1.2426748275756836
14,399,97.62614440917969,408.43798828125,1.892744779586792,1.9255547523498535,1.116898536682129
14,400,87.2568588256836,323.57257080078125,1.8299866914749146,1.2447351217269897,1.205948829650879
14,401,121.45193481445312,641.7042236328125,1.9093836545944214,2.0917270183563232,1.3889875411987305
14,402,108.66578674316406,444.4085693359375,2.1408309936523438,1.402773141860962,1.332625389099121
14,403,82.49223327636719,259.045166015625,1.8862571716308594,1.0608646869659424,0.8549022674560547
14,404,98.79500579833984,393.78619384765625,1.980546236038208,1.6251475811004639,0.8594131469726562
14,405,82.85790252685547,291.9561462402344,1.7887428998947144,1.401981234550476,0.7197713851928711
14,406,103.88162231445312,439.1446533203125,1.9989053010940552,1.3579388856887817,1.705042839050293
14,407,104.75436401367188,419.27667236328125,2.0942230224609375,1.6525375843048096,0.9713077545166016
14,408,110.65180206298828,421.91351318359375,2.282014846801758,1.7274445295333862,1.0248069763183594
14,409,90.17384338378906,408.552490234375,1.6439529657363892,1.3870012760162354,1.193770408630371
14,410,111.36238098144531,495.7706604003906,2.0595102310180664,1.641855001449585,1.3194379806518555
14,411,131.1256866455078,726.1060180664062,1.9505027532577515,2.1555910110473633,1.0881433486938477
14,412,94.8310546875,352.468994140625,1.9861384630203247,1.340362787246704,1.2635536193847656
14,413,82.69173431396484,283.25738525390625,1.8121998310089111,1.1392854452133179,1.1339225769042969
14,414,80.63821411132812,253.9176788330078,1.841548204421997,1.1419175863265991,0.8491878509521484
14,415,99.31370544433594,424.6568908691406,1.894933819770813,1.2038484811782837,1.753530502319336
14,416,109.14329528808594,557.23046875,1.780674934387207,2.058040142059326,1.3461437225341797
14,417,113.23246765136719,496.29595947265625,2.120095729827881,1.5838978290557861,0.9889297485351562
14,418,84.34884643554688,304.52850341796875,1.7965331077575684,1.1436564922332764,1.2551870346069336
14,419,100.11152648925781,408.0450439453125,1.9769006967544556,1.117815375328064,1.4125051498413086
14,420,123.37322998046875,614.254150390625,2.064927339553833,1.2593035697937012,1.6607694625854492
14,421,100.3207015991211,380.07342529296875,2.0771119594573975,1.3159306049346924,1.3550443649291992
14,422,102.87272644042969,485.3146667480469,1.8113752603530884,1.7090187072753906,1.1661367416381836
14,423,136.14183044433594,795.2974853515625,1.8870694637298584,2.155459403991699,1.0459175109863281
14,424,102.33639526367188,417.58551025390625,2.019261360168457,1.7134504318237305,1.4054107666015625
14,425,106.83934783935547,485.6414489746094,1.9425067901611328,1.7369673252105713,1.5116281509399414
14,426,124.05320739746094,556.4906616210938,2.2801382541656494,1.5265231132507324,0.9415016174316406
14,427,203.05616760253906,1428.5418701171875,2.006732702255249,2.3053181171417236,1.1464815139770508
14,428,103.53021240234375,431.56109619140625,2.012470006942749,1.3107256889343262,1.2296276092529297
14,429,686.9146728515625,6307.82421875,1.871076226234436,4.221369743347168,0.8029918670654297
14,430,90.87494659423828,287.1132507324219,2.0721206665039062,1.3342856168746948,1.1203231811523438
14,431,102.73434448242188,461.1627197265625,1.8872692584991455,2.0754482746124268,1.1556196212768555
14,432,107.16876220703125,494.0263671875,1.9255375862121582,1.9895274639129639,1.0182342529296875
14,433,111.80078125,494.8843994140625,2.077077865600586,1.3118664026260376,1.3405828475952148
14,434,82.13319396972656,267.93353271484375,1.8446614742279053,0.9585798382759094,1.189457893371582
14,435,233.03671264648438,1694.4482421875,2.119729518890381,2.9098165035247803,1.0986042022705078
14,436,87.9697265625,354.9333190917969,1.7492132186889648,1.484853744506836,1.079117774963379
14,437,121.42677307128906,522.9758911132812,2.3043060302734375,1.8447439670562744,1.2235898971557617
14,438,110.77397918701172,453.44854736328125,2.1809706687927246,1.9442795515060425,1.0108928680419922
14,439,116.25114440917969,483.126708984375,2.264615774154663,1.2944000959396362,1.7544307708740234
14,440,118.81390380859375,543.8912353515625,2.1474924087524414,1.8525052070617676,1.0544652938842773
14,441,103.38778686523438,433.40667724609375,2.001570701599121,1.7781399488449097,0.8752803802490234
14,442,110.06169128417969,519.5984497070312,1.9367280006408691,1.3706860542297363,1.513535499572754
14,443,98.15237426757812,426.8431701660156,1.8489353656768799,1.8623099327087402,0.9882164001464844
14,444,107.17820739746094,486.27093505859375,1.9517037868499756,1.4830882549285889,1.3341903686523438
14,445,122.91087341308594,598.5134887695312,2.1019840240478516,1.648964285850525,1.6368217468261719
14,446,108.69495391845703,368.337158203125,2.3953745365142822,1.248058557510376,1.2646398544311523
14,447,99.08148193359375,415.1199951171875,1.9189826250076294,1.6141831874847412,1.4676666259765625
14,448,118.57626342773438,550.8387451171875,2.116413116455078,2.091992139816284,1.2002534866333008
14,449,88.88579559326172,313.5401306152344,1.9177260398864746,0.8574031591415405,1.1619043350219727
14,450,100.14177703857422,373.03167724609375,2.0946202278137207,1.4057141542434692,1.367182731628418
14,451,98.3199234008789,388.8612060546875,1.9811267852783203,1.3491709232330322,1.1535835266113281
14,452,127.64212036132812,645.399169921875,2.1034069061279297,1.3491239547729492,1.7148113250732422
14,453,117.03694915771484,446.9878234863281,2.4112720489501953,2.0600485801696777,0.8605384826660156
14,454,116.33529663085938,572.1324462890625,1.9707350730895996,1.8209764957427979,1.4184484481811523
14,455,101.11170959472656,337.5548095703125,2.2452075481414795,1.1257269382476807,1.0652704238891602
14,456,108.02392578125,432.5782470703125,2.158870220184326,1.702423334121704,1.2148799896240234
14,457,119.99791717529297,619.906982421875,1.9335739612579346,1.9338626861572266,1.6688594818115234
14,458,115.83256530761719,545.0089111328125,2.044389247894287,1.9147374629974365,1.4488248825073242
14,459,76.7867202758789,202.3018798828125,1.8852176666259766,1.0150727033615112,1.0258064270019531
14,460,95.53436279296875,288.8614196777344,2.221607208251953,1.1221669912338257,1.0587549209594727
14,461,99.87889099121094,383.16497802734375,2.052079916000366,1.2545509338378906,1.5246086120605469
14,462,143.4192352294922,759.1436767578125,2.250162124633789,1.4367995262145996,1.671706199645996
14,463,104.74386596679688,416.76885986328125,2.1022326946258545,1.6963402032852173,1.03900146484375
14,464,78.34728240966797,198.83251953125,1.948801040649414,0.8760722875595093,0.9346647262573242
14,465,128.5750732421875,691.1416625976562,1.982029914855957,2.1979575157165527,1.4830894470214844
14,466,94.2161865234375,367.9404296875,1.9140713214874268,1.5169415473937988,1.0504913330078125
14,467,107.80427551269531,462.48187255859375,2.0518693923950195,1.5973963737487793,0.9504833221435547
14,468,95.46955108642578,370.33465576171875,1.9478695392608643,1.3806649446487427,1.236598014831543
14,469,108.0394058227539,441.9102783203125,2.128279209136963,1.294537901878357,1.3927574157714844
14,470,90.53286743164062,348.59478759765625,1.8557796478271484,1.2721296548843384,1.0266103744506836
14,471,94.0953369140625,376.83935546875,1.8803801536560059,1.1900372505187988,1.3833608627319336
14,472,98.91989135742188,393.9994812011719,1.9839980602264404,1.4616470336914062,1.2929611206054688
14,473,125.09701538085938,565.6343994140625,2.2844526767730713,1.4791901111602783,1.6339073181152344
14,474,94.15119934082031,387.0809020996094,1.8481037616729736,1.600721836090088,1.2012100219726562
14,475,82.36456298828125,257.42376708984375,1.8874061107635498,0.964227557182312,1.3240022659301758
14,476,85.3681869506836,243.9798583984375,2.0323400497436523,0.9965702295303345,0.9892091751098633
14,477,85.93196105957031,320.0466003417969,1.7975765466690063,1.4519832134246826,1.0738201141357422
14,478,158.37164306640625,981.1425170898438,2.008579730987549,1.9053609371185303,1.2479572296142578
14,479,97.11474609375,381.7843017578125,1.9645437002182007,1.5080833435058594,1.2274541854858398
14,480,104.08927917480469,499.011474609375,1.8062708377838135,1.231209635734558,1.6050224304199219
14,481,123.7109146118164,669.8113403320312,1.8909927606582642,1.982576608657837,0.8921718597412109
14,482,111.01226806640625,521.2888793945312,1.9627792835235596,1.6867374181747437,1.2627859115600586
14,483,105.64328002929688,513.585693359375,1.8094902038574219,1.7166595458984375,1.221343994140625
14,484,89.32353210449219,287.32342529296875,2.0197062492370605,1.1330997943878174,1.0695810317993164
14,485,81.14205169677734,244.1430206298828,1.8909249305725098,1.0378046035766602,1.0387887954711914
14,486,111.25369262695312,463.0866394042969,2.1648340225219727,1.6797293424606323,1.2200050354003906
14,487,114.44084167480469,534.2025146484375,2.0340194702148438,1.653283953666687,1.1318626403808594
14,488,94.31959533691406,393.39678955078125,1.8326640129089355,1.745931625366211,1.0892105102539062
14,489,133.416015625,732.833740234375,2.0044212341308594,2.0612375736236572,1.540548324584961
14,490,100.3251953125,445.88348388671875,1.857895016670227,1.3268300294876099,1.3511629104614258
14,491,91.85612487792969,322.9111022949219,1.9855003356933594,1.0034939050674438,1.2264108657836914
14,492,100.38619995117188,382.37481689453125,2.0716238021850586,1.8748395442962646,0.9576320648193359
14,493,116.6068115234375,569.8659057617188,1.9873406887054443,1.934735655784607,1.0752077102661133
14,494,103.03143310546875,340.520751953125,2.299312114715576,1.5030487775802612,1.3527202606201172
14,495,108.47943115234375,524.8718872070312,1.8664079904556274,2.0352249145507812,1.0577802658081055
14,496,145.04034423828125,826.2750244140625,2.080427885055542,2.14334774017334,1.1568622589111328
14,497,99.36399841308594,447.80908203125,1.8194361925125122,1.455341100692749,1.3890552520751953
14,498,92.92436981201172,288.88330078125,2.1345345973968506,1.598919153213501,0.8043575286865234
14,499,114.41612243652344,531.9862060546875,2.040583610534668,1.8673062324523926,0.9376134872436523
14,500,86.38470458984375,260.55419921875,2.0109763145446777,1.1643239259719849,0.8199987411499023
14,501,94.38111877441406,316.6650695800781,2.090487003326416,1.511265754699707,0.786285400390625
14,502,109.19331359863281,532.903076171875,1.863433599472046,1.4089773893356323,1.3197135925292969
14,503,92.38284301757812,356.57373046875,1.890848994255066,1.3203611373901367,1.336141586303711
14,504,145.76950073242188,789.0966796875,2.228661060333252,2.103334903717041,1.4183063507080078
14,505,198.54556274414062,1458.469970703125,1.7566189765930176,2.300123691558838,1.0448226928710938
14,506,95.0347671508789,306.697021484375,2.1455020904541016,1.468872308731079,1.0448827743530273
14,507,88.64387512207031,239.78610229492188,2.1555089950561523,1.1348177194595337,0.8299856185913086
14,508,120.51304626464844,562.4820556640625,2.1421613693237305,2.0131046772003174,1.3659210205078125
14,509,93.3058090209961,362.8854675292969,1.9005753993988037,1.0827327966690063,1.319610595703125
14,510,102.98655700683594,499.980712890625,1.7662826776504517,1.8410147428512573,1.1380071640014648
14,511,118.87369537353516,658.3648071289062,1.7679071426391602,1.978998064994812,1.178492546081543
14,512,75.0966796875,301.974853515625,1.4966397285461426,1.1683143377304077,1.1637287139892578
14,513,109.31590270996094,419.4554748535156,2.245678424835205,1.7587473392486572,0.8787956237792969
14,514,92.09632110595703,300.4729919433594,2.068300724029541,1.35903799533844,1.0015392303466797
14,515,110.07290649414062,465.2240905761719,2.11834979057312,1.2068818807601929,1.5673837661743164
14,516,182.56646728515625,1137.3797607421875,2.294282913208008,2.7268786430358887,1.5219287872314453
14,517,105.33424377441406,493.9331359863281,1.864697813987732,1.6347601413726807,1.4614391326904297
14,518,107.46638488769531,541.9105224609375,1.7758443355560303,1.2784417867660522,1.6124486923217773
14,519,121.77379608154297,661.7462158203125,1.8533058166503906,1.6549792289733887,1.1575841903686523
14,520,81.81573486328125,262.42718505859375,1.8524338006973267,0.982745885848999,1.144230842590332
14,521,95.50825500488281,313.93121337890625,2.1371712684631348,1.120261788368225,1.323136329650879
14,522,161.40560913085938,1032.208984375,1.9394901990890503,2.0853171348571777,1.2396059036254883
14,523,114.68844604492188,478.47955322265625,2.2280161380767822,1.4454128742218018,1.3952741622924805
14,524,113.67512512207031,490.91015625,2.152803897857666,1.6190192699432373,1.4436845779418945
14,525,94.86029052734375,417.4619445800781,1.7704699039459229,1.5758821964263916,1.1007490158081055
14,526,98.8885498046875,428.42608642578125,1.868198037147522,1.4632138013839722,1.4119796752929688
14,527,89.928955078125,311.77789306640625,1.9583721160888672,1.0953220129013062,1.2671585083007812
14,528,102.46326446533203,447.02056884765625,1.9253735542297363,1.1113746166229248,1.3328008651733398
14,529,115.00177001953125,539.8387451171875,2.0339298248291016,1.4266998767852783,1.111257553100586
14,530,102.00192260742188,400.305419921875,2.0657126903533936,1.3875375986099243,1.1925115585327148
14,531,86.48694610595703,312.5229797363281,1.8411548137664795,0.8764691948890686,1.5170297622680664
14,532,109.54283142089844,510.92218017578125,1.948353886604309,1.4493590593338013,1.6250495910644531
14,533,103.01133728027344,400.9246520996094,2.0972957611083984,1.5404272079467773,1.570450782775879
14,534,99.26185607910156,361.5176086425781,2.1036698818206787,1.2438567876815796,1.227311134338379
14,535,92.7117691040039,340.2649841308594,1.9561755657196045,1.2812225818634033,0.9170732498168945
14,536,85.89151000976562,309.0166320800781,1.832994818687439,0.9742532968521118,1.3407001495361328
14,537,75.34336853027344,219.5513153076172,1.7796077728271484,1.2255706787109375,0.9501256942749023
14,538,89.37835693359375,285.03643798828125,2.0291571617126465,1.1261110305786133,0.8790674209594727
14,539,153.76010131835938,894.5784301757812,2.14340877532959,2.179318904876709,1.025564193725586
14,540,98.34504699707031,433.00885009765625,1.8348054885864258,1.4074993133544922,1.5535163879394531
14,541,94.89937591552734,406.32427978515625,1.8088983297348022,1.7273952960968018,1.0624160766601562
14,542,107.6231689453125,506.48974609375,1.899139642715454,1.7464745044708252,1.4191131591796875
14,543,91.06684875488281,315.55438232421875,1.9837137460708618,1.650958776473999,0.876582145690918
14,544,91.8973388671875,426.767822265625,1.6406850814819336,0.9788092970848083,1.5817012786865234
14,545,103.68640899658203,459.4102478027344,1.9248461723327637,1.6962302923202515,1.008223533630371
14,546,107.01884460449219,503.37921142578125,1.889364242553711,1.3573980331420898,1.4698333740234375
14,547,91.91151428222656,320.16607666015625,1.9964969158172607,1.2870421409606934,1.2352333068847656
14,548,123.72697448730469,648.97216796875,1.9609917402267456,1.6957926750183105,1.944692611694336
14,549,120.80726623535156,554.4256591796875,2.178823471069336,1.823025107383728,1.3924551010131836
14,550,124.88449096679688,632.4091186523438,2.054785966873169,2.273258924484253,1.1281709671020508
14,551,123.52701568603516,569.37109375,2.219663619995117,1.9361302852630615,1.0678529739379883
14,552,95.13970947265625,403.5032958984375,1.826312780380249,1.2032415866851807,1.2543048858642578
14,553,111.10462188720703,488.306396484375,2.0757994651794434,2.110138416290283,1.1558971405029297
14,554,98.38148498535156,404.0529479980469,1.9325395822525024,1.357837438583374,1.2161531448364258
14,555,111.39478302001953,463.2281494140625,2.1690657138824463,1.3368597030639648,1.8222990036010742
14,556,96.36129760742188,374.3188781738281,1.9643137454986572,1.325429916381836,1.2662906646728516
14,557,106.91656494140625,409.1805114746094,2.1999504566192627,1.601082444190979,1.4492111206054688
14,558,95.2754135131836,392.7572937011719,1.8666560649871826,1.3401622772216797,1.2781133651733398
14,559,107.7169418334961,486.3812561035156,1.9692938327789307,1.6830625534057617,1.1007986068725586
14,560,101.87161254882812,472.70953369140625,1.8200221061706543,1.4494428634643555,1.1748323440551758
14,561,107.154052734375,343.6123352050781,2.426427125930786,1.2472031116485596,1.1104421615600586
14,562,99.21290588378906,367.468994140625,2.082200288772583,1.728593349456787,0.9672870635986328
14,563,109.73240661621094,459.909423828125,2.1247153282165527,1.5760111808776855,1.2564373016357422
14,564,143.72415161132812,776.299560546875,2.2031400203704834,1.6620104312896729,1.640315055847168
14,565,137.73760986328125,768.9750366210938,2.028003215789795,2.1254289150238037,1.2396574020385742
14,566,122.83773803710938,618.20263671875,2.0339159965515137,1.8740981817245483,1.7363786697387695
14,567,102.9146728515625,468.9398193359375,1.867356300354004,2.001221179962158,0.9830760955810547
14,568,91.6300048828125,392.87127685546875,1.7447624206542969,1.5280901193618774,0.9761180877685547
14,569,134.37713623046875,767.423828125,1.9211583137512207,2.0024733543395996,1.426865577697754
14,570,121.91806030273438,571.8944091796875,2.157620668411255,1.6123137474060059,1.4447126388549805
14,571,111.57933044433594,493.5032958984375,2.0743000507354736,1.1526060104370117,1.5670995712280273
14,572,103.74022674560547,446.97747802734375,1.9680825471878052,1.1649445295333862,1.6784801483154297
14,573,102.59540557861328,472.21295166015625,1.8458037376403809,1.5444586277008057,1.639068603515625
14,574,173.8135223388672,1158.1336669921875,1.9333384037017822,2.7872767448425293,1.3220405578613281
14,575,134.8977813720703,736.0878295898438,2.042966365814209,1.896990418434143,1.7551050186157227
14,576,101.79257202148438,378.84771728515625,2.1302599906921387,1.43117356300354,1.1396121978759766
14,577,91.8324203491211,305.6679992675781,2.042187213897705,1.210941195487976,1.2387275695800781
14,578,120.10594177246094,613.5738525390625,1.9582852125167847,1.8545185327529907,1.4739265441894531
14,579,125.809326171875,632.2315063476562,2.0862059593200684,1.9596270322799683,1.2307472229003906
14,580,148.9322509765625,893.1657104492188,1.987189531326294,2.4270973205566406,1.657618522644043
14,581,95.7115249633789,371.5638427734375,1.9518380165100098,1.4694889783859253,1.0296831130981445
14,582,134.3819122314453,682.8765869140625,2.203141689300537,1.5144151449203491,1.6613903045654297
14,583,99.43182373046875,351.1314697265625,2.143955707550049,1.377597451210022,1.1376876831054688
14,584,172.50900268554688,1013.888671875,2.370670795440674,2.975924015045166,1.0583429336547852
14,585,106.88660430908203,495.3940124511719,1.9115734100341797,2.0363903045654297,1.2875442504882812
14,586,100.91128540039062,395.64093017578125,2.0449063777923584,1.4902880191802979,1.217606544494629
14,587,93.40332794189453,360.3277282714844,1.9123518466949463,1.1964917182922363,1.2184514999389648
14,588,167.94528198242188,1042.561767578125,2.1229701042175293,2.40333890914917,1.1276435852050781
14,589,120.50773620605469,605.9332275390625,1.9971469640731812,2.1020383834838867,1.1535024642944336
14,590,113.91864013671875,591.21630859375,1.8265668153762817,1.569723129272461,1.4795722961425781
14,591,118.5404052734375,523.90673828125,2.204990863800049,1.3084537982940674,1.1406707763671875
14,592,99.89292907714844,410.2234802246094,1.9623526334762573,1.3999557495117188,1.4113245010375977
14,593,72.55372619628906,222.77481079101562,1.6758747100830078,1.4478120803833008,0.7745218276977539
14,594,103.25675964355469,494.97235107421875,1.7919840812683105,1.847077488899231,1.0269641876220703
14,595,103.89874267578125,531.5955810546875,1.6913061141967773,1.777129054069519,0.8202753067016602
14,596,94.2559814453125,345.10693359375,1.9915096759796143,1.2824018001556396,1.214365005493164
14,597,138.98129272460938,806.5216064453125,1.94430410861969,1.5322870016098022,1.3395166397094727
14,598,77.53498840332031,221.19046020507812,1.8471980094909668,1.060218095779419,1.0164661407470703
14,599,117.28179931640625,485.4297790527344,2.2912940979003906,1.6991443634033203,1.2045001983642578
14,600,108.91557312011719,479.36468505859375,2.032636880874634,1.9705923795700073,1.1283836364746094
14,601,90.25289916992188,240.06536865234375,2.20821213722229,1.194330096244812,0.9060859680175781
14,602,101.97021484375,497.414794921875,1.7409576177597046,1.5584169626235962,1.4491147994995117
14,603,489.0778503417969,4292.80517578125,1.9932446479797363,3.5773327350616455,1.0738296508789062
14,604,97.08462524414062,374.4332275390625,1.988043189048767,1.5460054874420166,1.2654705047607422
14,605,104.69662475585938,428.48895263671875,2.061591148376465,1.4692907333374023,1.2973203659057617
14,606,86.35572814941406,210.0595245361328,2.178325891494751,1.104189157485962,0.9487037658691406
14,607,171.1434783935547,1100.5980224609375,2.0361225605010986,2.8507347106933594,1.0968570709228516
14,608,89.09211730957031,266.0016174316406,2.0830650329589844,1.2391748428344727,1.1521568298339844
14,609,104.81671142578125,460.5104675292969,1.958855390548706,1.4179425239562988,1.1947612762451172
14,610,112.55751037597656,596.75732421875,1.762726068496704,1.9172852039337158,0.9468069076538086
14,611,294.5692138671875,2270.43212890625,2.2508671283721924,3.2062697410583496,1.446305274963379
14,612,105.54650115966797,429.0503234863281,2.0880489349365234,1.9444910287857056,0.8681974411010742
14,613,92.67857360839844,318.47894287109375,2.027689218521118,1.4743387699127197,1.2814817428588867
14,614,105.49179077148438,550.2559204101562,1.6822067499160767,1.5488115549087524,1.492593765258789
14,615,102.18577575683594,423.2242431640625,1.9954450130462646,1.792498230934143,1.3079872131347656
14,616,93.5328598022461,337.51568603515625,1.992709755897522,0.889968752861023,1.224116325378418
14,617,158.818359375,903.361572265625,2.2827398777008057,2.6448416709899902,0.8571643829345703
14,618,94.34907531738281,371.4716491699219,1.9067302942276,1.5511301755905151,0.7966489791870117
14,619,99.98887634277344,422.5234375,1.9245511293411255,1.6268184185028076,1.2596721649169922
14,620,104.37348937988281,490.4588317871094,1.844253420829773,1.4607696533203125,1.2855873107910156
14,621,89.7913818359375,358.793212890625,1.7970685958862305,1.1481767892837524,1.3549585342407227
14,622,91.57803344726562,306.54669189453125,2.0307788848876953,1.2050855159759521,1.0358047485351562
14,623,83.24047088623047,270.936767578125,1.871559739112854,1.2253004312515259,1.173142433166504
14,624,114.52729797363281,611.8677978515625,1.7780174016952515,1.5257055759429932,1.2940874099731445
14,625,116.09835815429688,534.282470703125,2.089003801345825,1.6637694835662842,1.2034645080566406
14,626,96.9155502319336,396.87359619140625,1.9076063632965088,1.3636629581451416,1.4814529418945312
14,627,149.56698608398438,910.4510498046875,1.9507293701171875,1.9306470155715942,1.0006399154663086
14,628,93.58028411865234,319.3114013671875,2.05497145652771,1.3869938850402832,1.111220359802246
14,629,104.88673400878906,386.7386474609375,2.2070956230163574,1.6326797008514404,1.3761940002441406
14,630,116.47386169433594,503.63128662109375,2.203691005706787,1.7338424921035767,1.009303092956543
14,631,82.74836730957031,209.80712890625,2.0589218139648438,1.0798076391220093,1.167531967163086
14,632,108.87318420410156,471.2816162109375,2.0581674575805664,1.4943875074386597,1.333944320678711
14,633,98.79841613769531,446.9306640625,1.8035117387771606,1.3226232528686523,1.2658233642578125
14,634,97.60298156738281,330.7169189453125,2.151042938232422,1.372100830078125,0.9376516342163086
14,635,79.82861328125,265.5740051269531,1.7757070064544678,1.1686445474624634,1.042673110961914
14,636,106.15003204345703,480.0066223144531,1.938312292098999,1.3015820980072021,1.8220558166503906
14,637,89.99473571777344,370.1595458984375,1.76595938205719,1.5117604732513428,1.2167396545410156
14,638,77.669677734375,270.87738037109375,1.686064600944519,1.2237355709075928,1.15252685546875
14,639,101.87186431884766,412.6785888671875,2.0201334953308105,1.6603116989135742,1.0591726303100586
14,640,83.34317779541016,284.4988098144531,1.8297765254974365,1.552909016609192,0.8559503555297852
14,641,97.6698226928711,305.797119140625,2.2363369464874268,1.529768466949463,1.115971565246582
14,642,74.05223846435547,210.77157592773438,1.7658361196517944,1.1397651433944702,0.9581918716430664
14,643,96.662841796875,313.72900390625,2.1763312816619873,1.499457597732544,1.2807674407958984
14,644,139.87893676757812,874.2199096679688,1.7485649585723877,2.0253994464874268,1.2561721801757812
14,645,117.4522705078125,547.9474487304688,2.0885841846466064,1.553653597831726,1.5235223770141602
14,646,105.36487579345703,484.38800048828125,1.897535800933838,1.5867843627929688,1.7159948348999023
14,647,128.81317138671875,659.3062133789062,2.0960850715637207,2.001030445098877,1.4546527862548828
14,648,115.79296112060547,461.85577392578125,2.3202462196350098,1.494924783706665,1.1005945205688477
14,649,213.58770751953125,1503.71728515625,2.10719895362854,2.522277355194092,1.2305212020874023
14,650,105.85699462890625,412.11578369140625,2.1548471450805664,1.3819637298583984,1.216787338256836
14,651,96.13349914550781,467.5240478515625,1.6460362672805786,1.7435798645019531,1.5382671356201172
14,652,126.26580047607422,654.9482421875,2.0256991386413574,2.1383941173553467,1.4980173110961914
14,653,87.36634063720703,310.4245910644531,1.87746262550354,1.4412068128585815,0.8797416687011719
14,654,105.18855285644531,501.2724609375,1.8353768587112427,1.1277307271957397,1.6481714248657227
14,655,101.22954559326172,410.55169677734375,2.005812406539917,1.5962263345718384,1.0938940048217773
14,656,145.693359375,826.2508544921875,2.102275848388672,1.9806621074676514,1.7905817031860352
14,657,116.78936767578125,630.1798095703125,1.79237961769104,1.4765639305114746,1.767465591430664
14,658,96.23878479003906,368.5469970703125,1.9794695377349854,1.46359384059906,0.894536018371582
14,659,103.15814208984375,386.1387023925781,2.151475429534912,1.6168822050094604,1.031641960144043
14,660,108.06491088867188,474.4621276855469,2.0206234455108643,1.8295068740844727,1.2599000930786133
14,661,129.4270477294922,723.4314575195312,1.9027966260910034,1.7630311250686646,2.270732879638672
14,662,139.89015197753906,719.3547973632812,2.265155792236328,1.3817296028137207,1.830291748046875
14,663,103.82771301269531,406.3144836425781,2.1065421104431152,1.7656358480453491,0.8038644790649414
14,664,121.60649871826172,585.1864624023438,2.102928400039673,1.7363014221191406,1.507345199584961
14,665,114.15351867675781,461.7479553222656,2.2659573554992676,1.4433035850524902,1.2784099578857422
14,666,90.25503540039062,353.318359375,1.830773115158081,1.4592894315719604,1.1309814453125
14,667,127.70348358154297,623.4906616210938,2.178480625152588,1.8196964263916016,1.3759431838989258
14,668,125.10655212402344,663.5493774414062,1.9583868980407715,1.5125255584716797,1.6428413391113281
14,669,112.60689544677734,461.29736328125,2.21590518951416,1.2650129795074463,1.4402952194213867
14,670,135.0696563720703,629.5059814453125,2.403968572616577,1.9708515405654907,1.6152458190917969
14,671,89.4137191772461,255.046875,2.130300998687744,0.9492521286010742,1.0961227416992188
14,672,98.4384994506836,393.0989990234375,1.9709532260894775,1.9307061433792114,0.7411327362060547
14,673,107.49688720703125,442.2372741699219,2.109105110168457,1.4252263307571411,1.1707735061645508
14,674,133.45440673828125,706.3846435546875,2.093864917755127,2.3398561477661133,1.5919914245605469
14,675,134.98956298828125,664.495849609375,2.284665584564209,1.7140755653381348,1.7744874954223633
14,676,146.35186767578125,811.6664428710938,2.1728405952453613,2.228055715560913,1.2312812805175781
14,677,128.63003540039062,650.8709716796875,2.118098258972168,1.9800841808319092,1.0785512924194336
14,678,85.37882232666016,245.5690460205078,2.0273971557617188,1.1879116296768188,0.9393863677978516
14,679,105.20639038085938,467.3092956542969,1.949182152748108,1.755670428276062,1.1565990447998047
14,680,134.03176879882812,749.18798828125,1.9704325199127197,2.176424741744995,1.0439577102661133
14,681,104.04898071289062,375.94989013671875,2.2151331901550293,1.4162509441375732,1.3292131423950195
14,682,78.23739624023438,260.5736999511719,1.7393341064453125,1.2241406440734863,0.9242124557495117
14,683,137.03521728515625,771.132080078125,1.997400164604187,2.3403234481811523,1.299443244934082
14,684,81.02349090576172,243.34695434570312,1.8896265029907227,1.1012077331542969,0.9228458404541016
14,685,89.5999755859375,238.380859375,2.1920628547668457,1.2694694995880127,0.9533538818359375
14,686,112.74566650390625,579.9196166992188,1.8251235485076904,1.6881020069122314,1.217728614807129
14,687,92.04826354980469,340.9278259277344,1.931849479675293,1.3863434791564941,1.1992883682250977
14,688,140.21836853027344,818.4935913085938,1.9456337690353394,2.4907164573669434,1.1279478073120117
14,689,106.98773193359375,489.92205810546875,1.933184266090393,1.7654495239257812,1.0847101211547852
14,690,100.49653625488281,335.6170654296875,2.231161117553711,1.3059179782867432,1.2380237579345703
14,691,104.9074478149414,400.41046142578125,2.1622133255004883,1.7790329456329346,1.2153263092041016
14,692,93.56040954589844,367.94189453125,1.892207384109497,1.272964596748352,1.3003501892089844
14,693,92.84085845947266,359.18255615234375,1.8974201679229736,1.3157260417938232,1.4022703170776367
14,694,107.96878814697266,520.576171875,1.8637057542800903,1.3490122556686401,1.0978021621704102
14,695,91.93252563476562,395.4346008300781,1.7463021278381348,1.3649423122406006,1.4460992813110352
14,696,99.75279998779297,433.3099365234375,1.880726933479309,1.3989737033843994,1.172774314880371
14,697,111.75201416015625,490.28070068359375,2.0907981395721436,1.4340479373931885,1.475790023803711
14,698,96.90695190429688,364.492431640625,2.015256881713867,1.490288257598877,1.1065483093261719
14,699,177.44387817382812,1138.25048828125,2.1206274032592773,2.2805702686309814,1.703110694885254
14,700,119.02485656738281,535.9486694335938,2.180999755859375,1.9870219230651855,1.1285009384155273
14,701,118.75248718261719,548.892333984375,2.128775119781494,1.6710991859436035,1.3053016662597656
14,702,402.7017822265625,3382.497802734375,2.1483993530273438,3.5449435710906982,1.2712068557739258
14,703,91.52938079833984,415.2732238769531,1.6667351722717285,1.2618234157562256,1.3976421356201172
14,704,81.81343078613281,239.64791870117188,1.9282879829406738,1.2517119646072388,0.8119878768920898
14,705,108.67196655273438,521.257568359375,1.884873628616333,1.488196611404419,1.266688346862793
14,706,102.10221862792969,405.4058532714844,2.0520546436309814,1.6895933151245117,1.003204345703125
14,707,87.10572052001953,344.325927734375,1.7557709217071533,1.1500000953674316,1.0893888473510742
14,708,115.6527099609375,578.2762451171875,1.9275027513504028,1.892843246459961,1.1388893127441406
14,709,90.22348022460938,363.3742980957031,1.7962018251419067,1.495656967163086,0.8544692993164062
14,710,109.84086608886719,497.23211669921875,2.0039217472076416,1.2286168336868286,1.7502641677856445
14,711,129.05532836914062,694.3970947265625,1.987187385559082,1.7438325881958008,1.2667160034179688
14,712,87.11018371582031,268.39593505859375,2.009019613265991,1.4238016605377197,0.8699989318847656
14,713,122.98687744140625,683.53564453125,1.8211101293563843,2.3602075576782227,1.218703269958496
14,714,123.70675659179688,669.15869140625,1.8930295705795288,1.6864769458770752,1.4504060745239258
14,715,86.69319915771484,283.9887390136719,1.9431442022323608,1.4777661561965942,1.0182647705078125
14,716,116.41547393798828,487.72613525390625,2.2547619342803955,1.525226354598999,1.158217430114746
14,717,101.25485229492188,300.6534118652344,2.372983694076538,1.2051987648010254,1.1848335266113281
14,718,86.32992553710938,250.25210571289062,2.043490409851074,1.0586780309677124,1.041672706604004
14,719,103.81033325195312,362.9391174316406,2.250547409057617,1.345383644104004,1.0598983764648438
14,720,115.74639892578125,517.2172241210938,2.1341559886932373,1.69313645362854,1.0866632461547852
14,721,96.86872863769531,400.29302978515625,1.8946475982666016,1.5438270568847656,1.0564603805541992
14,722,103.3241958618164,387.17315673828125,2.1535627841949463,1.3800486326217651,1.2888765335083008
14,723,120.97731018066406,585.4019775390625,2.0812370777130127,1.6706587076187134,1.2685832977294922
14,724,119.46109008789062,583.0198974609375,2.0386366844177246,1.653390884399414,1.326258659362793
14,725,80.62699890136719,235.93557739257812,1.9011147022247314,1.0552977323532104,0.8394145965576172
14,726,154.98880004882812,863.3134765625,2.288581609725952,2.5211825370788574,0.7074728012084961
14,727,143.4730682373047,858.522216796875,1.9206945896148682,1.982832670211792,1.4438667297363281
14,728,100.74063110351562,400.2915344238281,2.0237157344818115,1.394760012626648,1.1976699829101562
14,729,96.9795913696289,400.9503173828125,1.8961520195007324,1.447848916053772,1.2267627716064453
14,730,86.80400848388672,297.1480407714844,1.9029734134674072,1.1326072216033936,0.9876632690429688
14,731,133.54104614257812,840.9268798828125,1.6482784748077393,2.3941736221313477,1.2679681777954102
14,732,102.06103515625,500.0652160644531,1.7351503372192383,1.5578508377075195,1.0670642852783203
14,733,95.10456085205078,347.4712829589844,2.0119144916534424,1.4080209732055664,0.8996477127075195
14,734,274.08746337890625,2171.59619140625,1.897594690322876,2.733389139175415,0.826634407043457
14,735,78.20543670654297,209.39810180664062,1.9088542461395264,1.1270941495895386,0.8256626129150391
14,736,96.86477661132812,315.62548828125,2.176741123199463,1.4130208492279053,1.125436782836914
14,737,86.80638122558594,265.10455322265625,2.009864091873169,1.3054773807525635,0.8420209884643555
14,738,87.23802947998047,345.058837890625,1.7577381134033203,1.6370418071746826,0.9234085083007812
14,739,76.18679809570312,274.04339599609375,1.6260818243026733,1.1107776165008545,1.1399240493774414
14,740,124.59548950195312,573.705078125,2.240832805633545,1.5457288026809692,1.5566959381103516
14,741,99.18167114257812,445.487548828125,1.8210972547531128,1.8162697553634644,1.0940189361572266
14,742,96.9039306640625,440.272705078125,1.7625551223754883,1.4926798343658447,1.4324064254760742
14,743,110.78073120117188,536.1945190429688,1.9053759574890137,1.4155046939849854,1.2817373275756836
14,744,113.2442626953125,453.28399658203125,2.263862133026123,1.7778315544128418,1.07830810546875
14,745,100.08378601074219,392.1470947265625,2.0289692878723145,1.1827813386917114,1.178201675415039
14,746,96.80711364746094,400.0152587890625,1.8935197591781616,1.690166711807251,0.7551422119140625
14,747,99.93719482421875,371.2769470214844,2.0936498641967773,1.3368438482284546,1.1106815338134766
14,748,82.53668975830078,253.36984252929688,1.9066567420959473,1.0202102661132812,0.8288440704345703
14,749,113.47990417480469,588.9814453125,1.8193919658660889,1.7486445903778076,1.270319938659668
14,750,99.23423767089844,374.4864501953125,2.0595197677612305,1.4457266330718994,1.1486949920654297
14,751,110.62329864501953,519.1113891601562,1.9570719003677368,1.5072617530822754,1.4969367980957031
14,752,122.99554443359375,657.083984375,1.909571647644043,1.4916248321533203,2.0715627670288086
14,753,104.07781982421875,421.6180419921875,2.0638670921325684,1.5430961847305298,1.3526782989501953
14,754,162.02926635742188,991.615234375,2.0955917835235596,2.272831916809082,1.0862998962402344
14,755,144.30709838867188,726.2124633789062,2.3895280361175537,1.688124418258667,1.838334083557129
14,756,105.79310607910156,457.64837646484375,2.0009422302246094,1.2405309677124023,1.9501190185546875
14,757,133.81753540039062,805.9095458984375,1.7742193937301636,2.0978784561157227,1.9024124145507812
14,758,89.46202087402344,351.2086181640625,1.8113720417022705,1.4686729907989502,1.1414413452148438
14,759,108.07345581054688,425.64599609375,2.183628559112549,1.6342730522155762,1.1119155883789062
14,760,91.14227294921875,359.8072509765625,1.8387184143066406,1.353118896484375,1.3158550262451172
14,761,107.28675842285156,434.433837890625,2.128112316131592,1.5144715309143066,1.4045085906982422
14,762,108.24699401855469,477.03436279296875,2.018118381500244,1.4207524061203003,1.217972755432129
14,763,100.03040313720703,414.9496765136719,1.951181173324585,1.3036487102508545,1.312220573425293
14,764,89.24821472167969,318.098876953125,1.914610743522644,1.5212068557739258,0.9942312240600586
14,765,89.61724853515625,334.748046875,1.8714148998260498,1.3212745189666748,1.0718774795532227
14,766,95.75569152832031,271.8460388183594,2.285702705383301,0.9687299728393555,1.1066417694091797
14,767,327.79034423828125,2718.825927734375,1.863590955734253,2.813262701034546,1.182119369506836
14,768,99.31849670410156,351.3717346191406,2.1393775939941406,1.4491770267486572,0.8907842636108398
14,769,94.34980773925781,392.51324462890625,1.8366161584854126,1.0777088403701782,1.149618148803711
14,770,104.56765747070312,443.53863525390625,2.0071263313293457,1.3629347085952759,1.2914237976074219
14,771,80.26272583007812,285.9920654296875,1.7221174240112305,1.3588743209838867,0.962921142578125
14,772,90.52159881591797,305.8337707519531,1.9979406595230103,1.2113285064697266,1.131901741027832
14,773,78.70681762695312,244.53829956054688,1.8084328174591064,1.0492981672286987,1.0414552688598633
14,774,88.7657470703125,292.4912109375,1.9838874340057373,0.9786329865455627,1.179091453552246
14,775,118.57357788085938,492.7121276855469,2.3100788593292236,1.548777461051941,1.5841054916381836
14,776,135.66378784179688,760.8073120117188,1.9861021041870117,2.059062957763672,0.9596128463745117
14,777,142.14202880859375,704.4954833984375,2.389749050140381,2.0269408226013184,1.3254575729370117
14,778,92.71296691894531,324.7021789550781,2.008091449737549,1.2007564306259155,1.1357555389404297
14,779,103.16929626464844,449.4039001464844,1.9409635066986084,1.9284288883209229,1.019881248474121
14,780,89.55521392822266,296.57843017578125,1.9965790510177612,1.2108726501464844,1.0796804428100586
14,781,101.95513916015625,448.50982666015625,1.9034717082977295,1.331831932067871,1.3964557647705078
14,782,97.08650207519531,361.57989501953125,2.0309503078460693,1.4966557025909424,1.2205839157104492
14,783,143.38662719726562,823.208984375,2.035524368286133,2.2377240657806396,1.6654844284057617
14,784,92.1270980834961,413.6588134765625,1.6920405626296997,1.490851640701294,1.2559118270874023
14,785,79.86402893066406,288.5047302246094,1.7004519701004028,1.1305413246154785,1.2900867462158203
14,786,105.57899475097656,439.5655212402344,2.054081439971924,1.1782398223876953,1.7694244384765625
14,787,104.06834411621094,372.6183776855469,2.2268834114074707,1.3614182472229004,1.3776979446411133
14,788,131.4908905029297,624.3460083007812,2.3018763065338135,1.9075567722320557,1.420969009399414
14,789,100.0421371459961,367.94720458984375,2.1082472801208496,1.808654546737671,0.5804634094238281
14,790,95.61482238769531,383.98797607421875,1.907200574874878,1.1653177738189697,1.3107185363769531
14,791,84.86878967285156,286.37445068359375,1.8743780851364136,1.1441688537597656,1.1135683059692383
14,792,97.51010131835938,414.60638427734375,1.8683154582977295,1.233241081237793,1.2974815368652344
14,793,94.93121337890625,380.27398681640625,1.8967936038970947,1.4059181213378906,1.3837890625
14,794,116.4447021484375,507.5352478027344,2.1897058486938477,1.0883331298828125,1.7294492721557617
14,795,110.0865707397461,487.36724853515625,2.044994831085205,2.033931255340576,0.8890171051025391
14,796,86.75419616699219,294.932373046875,1.908698558807373,1.2770459651947021,0.9989748001098633
14,797,102.60157775878906,480.95037841796875,1.8168845176696777,1.5372445583343506,1.4471120834350586
14,798,100.69140625,403.56719970703125,2.0111560821533203,1.6809933185577393,0.8744306564331055
14,799,85.72235870361328,303.3814697265625,1.8461402654647827,1.1326665878295898,1.108881950378418
14,800,93.66986083984375,375.19439697265625,1.871680736541748,1.1364643573760986,1.327122688293457
14,801,122.46278381347656,656.7075805664062,1.8930672407150269,1.5479873418807983,1.9414730072021484
14,802,89.01077270507812,379.5911865234375,1.7017216682434082,1.2670605182647705,1.2885026931762695
14,803,132.39834594726562,745.1807250976562,1.929342269897461,2.3088951110839844,1.4997615814208984
14,804,99.73536682128906,391.8094177246094,2.0184807777404785,1.527361512184143,1.1670923233032227
14,805,105.45204162597656,473.2513122558594,1.9375635385513306,1.7823874950408936,1.2350845336914062
14,806,95.74978637695312,381.1424255371094,1.921184778213501,1.251056432723999,1.224142074584961
14,807,98.67041015625,355.7713928222656,2.1031088829040527,1.4331327676773071,1.3669090270996094
14,808,123.51423645019531,517.64501953125,2.391657829284668,1.7779476642608643,1.2469444274902344
14,809,92.51853942871094,304.54180908203125,2.0688118934631348,1.4514515399932861,0.8295555114746094
14,810,139.52056884765625,731.5635986328125,2.212139844894409,2.2667911052703857,1.0614004135131836
14,811,137.9847869873047,805.0946655273438,1.9158439636230469,2.658841609954834,1.5976505279541016
14,812,98.32672119140625,394.42401123046875,1.962810754776001,1.716294527053833,1.3227367401123047
14,813,206.58953857421875,1509.908447265625,1.8532896041870117,2.2045016288757324,2.217702865600586
14,814,85.5140151977539,357.9638671875,1.6572542190551758,1.0676383972167969,1.3360042572021484
14,815,81.80319213867188,239.28485107421875,1.929157018661499,1.2268459796905518,0.7568893432617188
14,816,81.56687927246094,273.59814453125,1.8069021701812744,1.2620363235473633,0.9677038192749023
14,817,90.02101135253906,253.7449951171875,2.154883861541748,1.090882658958435,0.7793340682983398
14,818,91.26675415039062,346.90679931640625,1.8858692646026611,1.1737263202667236,1.0277576446533203
14,819,142.73089599609375,802.1859741210938,2.0837435722351074,1.7591040134429932,2.1082019805908203
14,820,93.82571411132812,315.29803466796875,2.0765304565429688,1.275855541229248,0.9586029052734375
14,821,98.99946594238281,356.93878173828125,2.1101863384246826,1.4125518798828125,1.1847515106201172
14,822,87.5380630493164,346.34600830078125,1.763448715209961,1.6570110321044922,0.8953428268432617
14,823,84.2364501953125,280.2984619140625,1.8735536336898804,1.1236687898635864,0.8555784225463867
14,824,104.4329833984375,402.4161071777344,2.1397125720977783,1.075986623764038,1.3475370407104492
14,825,95.03707122802734,390.5289306640625,1.8661391735076904,1.0601117610931396,1.5389013290405273
14,826,97.97354125976562,401.1893310546875,1.9284868240356445,1.6613495349884033,0.9303674697875977
14,827,120.72874450683594,553.9888916015625,2.177661895751953,1.9308592081069946,1.135758399963379
14,828,110.65435791015625,463.94927978515625,2.1419808864593506,1.539689540863037,1.1422977447509766
14,829,102.00338745117188,412.914794921875,2.0237302780151367,1.5230319499969482,1.0885066986083984
14,830,105.12722778320312,507.46405029296875,1.8126941919326782,1.4282541275024414,1.0450773239135742
14,831,133.1185760498047,730.5003662109375,2.002284526824951,2.2129392623901367,0.9869413375854492
14,832,95.35487365722656,336.2823486328125,2.0575544834136963,1.608612298965454,1.0689048767089844
14,833,92.53375244140625,320.40850830078125,2.016429901123047,1.2002149820327759,0.9769010543823242
14,834,82.17000579833984,303.8323669433594,1.7262256145477295,1.4461297988891602,0.8718509674072266
14,835,116.40647888183594,445.52783203125,2.39512300491333,1.5170350074768066,1.234023094177246
14,836,113.45402526855469,538.9891357421875,1.9851703643798828,1.7179367542266846,1.1813850402832031
14,837,85.52088165283203,316.4559631347656,1.7958428859710693,1.1522542238235474,0.9870719909667969
14,838,106.82847595214844,455.00439453125,2.0442678928375244,1.5722259283065796,1.7352943420410156
14,839,78.7297134399414,275.73388671875,1.70521080493927,1.3824326992034912,0.9626083374023438
14,840,128.88815307617188,660.86572265625,2.093386173248291,2.0000288486480713,1.578669548034668
14,841,105.65672302246094,347.3580322265625,2.364030361175537,1.2864257097244263,0.9768486022949219
14,842,91.59136199951172,325.8914794921875,1.966740369796753,1.2327793836593628,1.294203758239746
14,843,83.82268524169922,298.12109375,1.8003524541854858,1.5637295246124268,0.8132810592651367
14,844,98.35554504394531,443.0325012207031,1.8017432689666748,1.6866034269332886,0.7840347290039062
14,845,84.5777359008789,253.99270629882812,1.9726154804229736,1.5968859195709229,0.5065288543701172
14,846,111.35200500488281,566.0641479492188,1.8248531818389893,1.985568881034851,0.9720592498779297
14,847,109.08656311035156,551.2885131835938,1.7985903024673462,1.7486203908920288,0.880859375
14,848,91.77752685546875,380.7413330078125,1.7901132106781006,1.3309168815612793,1.1403818130493164
14,849,107.49642944335938,428.8527526855469,2.15370512008667,1.657611608505249,1.1658296585083008
14,850,107.95860290527344,540.089111328125,1.798323154449463,1.7168457508087158,1.5878992080688477
14,851,105.83763122558594,499.806884765625,1.8618980646133423,1.4940826892852783,1.1941804885864258
14,852,111.48246002197266,529.29736328125,1.9517574310302734,2.036999225616455,0.9372596740722656
14,853,119.73065185546875,582.0805053710938,2.050753593444824,2.073544502258301,1.3937463760375977
14,854,80.41458129882812,236.48605346679688,1.8921990394592285,1.1462163925170898,0.9672794342041016
14,855,84.83094787597656,261.0330810546875,1.9575879573822021,1.3426575660705566,0.8407344818115234
14,856,79.00897979736328,254.5758819580078,1.7850463390350342,0.9164494872093201,1.1937198638916016
14,857,89.8464126586914,296.5340576171875,2.0064334869384766,1.3458161354064941,0.7748746871948242
14,858,116.27822875976562,548.600830078125,2.047271490097046,1.8217772245407104,1.2777509689331055
14,859,133.4915008544922,668.8743286132812,2.220135450363159,1.6448180675506592,1.2016181945800781
14,860,112.64421081542969,528.9976806640625,1.9914815425872803,1.7178936004638672,1.5113592147827148
14,861,87.48416137695312,337.80084228515625,1.7901358604431152,1.4068658351898193,0.9083881378173828
14,862,82.81568145751953,299.8563537597656,1.7610015869140625,1.2696716785430908,0.9639978408813477
14,863,114.47702026367188,472.35162353515625,2.2413952350616455,1.692868947982788,1.1849803924560547
14,864,120.08915710449219,589.993896484375,2.036325454711914,1.2536283731460571,1.9093408584594727
14,865,107.03511047363281,471.4964599609375,1.9961820840835571,1.4426454305648804,1.1381855010986328
14,866,102.22630310058594,415.3318176269531,2.023103952407837,1.671741008758545,1.5283384323120117
14,867,91.33857727050781,394.48077392578125,1.7296833992004395,1.4270334243774414,1.2405385971069336
14,868,102.22474670410156,374.70977783203125,2.158458948135376,1.6004738807678223,1.0225248336791992
14,869,114.57899475097656,622.6488037109375,1.743803858757019,1.9883629083633423,1.4070158004760742
14,870,113.65347290039062,503.4041748046875,2.1104350090026855,1.635122299194336,1.325547218322754
14,871,222.08346557617188,1630.740234375,1.966981291770935,1.6793327331542969,2.0498456954956055
14,872,151.55648803710938,856.7452392578125,2.196065902709961,2.2126307487487793,1.2814340591430664
14,873,129.230712890625,577.2390747070312,2.3835599422454834,1.7628358602523804,0.9661397933959961
14,874,108.50224304199219,522.6019287109375,1.874734878540039,1.9211804866790771,1.2577095031738281
14,875,84.80115509033203,313.8074951171875,1.7806801795959473,1.2394715547561646,1.0827407836914062
14,876,108.05352783203125,414.97271728515625,2.2185420989990234,1.3785732984542847,1.1202030181884766
14,877,98.28606414794922,329.6034240722656,2.1775240898132324,1.0795859098434448,1.4590072631835938
14,878,127.77421569824219,680.9446411132812,1.9893248081207275,2.059412717819214,0.9288816452026367
14,879,102.39769744873047,455.38092041015625,1.895320177078247,1.6764166355133057,1.4105701446533203
14,880,96.44418334960938,406.0492858886719,1.8613085746765137,1.3454062938690186,1.4350013732910156
14,881,100.5617446899414,457.547607421875,1.8268994092941284,1.7891626358032227,1.3327112197875977
14,882,89.26228332519531,339.9105224609375,1.842374324798584,1.3803410530090332,1.1352663040161133
14,883,272.7393493652344,2091.32373046875,2.1202330589294434,2.878371238708496,1.0705633163452148
14,884,86.42115783691406,327.13330078125,1.7902607917785645,1.480586290359497,1.1298103332519531
14,885,94.85446166992188,350.83056640625,1.992380142211914,1.4765830039978027,1.133183479309082
14,886,87.8680648803711,274.32305908203125,2.0145254135131836,1.3443329334259033,1.0076980590820312
14,887,123.14825439453125,692.367431640625,1.7970502376556396,1.8444862365722656,1.4271631240844727
14,888,145.17153930664062,812.260498046875,2.1315159797668457,1.7230851650238037,1.8246288299560547
14,889,157.61343383789062,1027.503173828125,1.828770399093628,2.0420961380004883,1.176560401916504
14,890,88.5267333984375,354.96044921875,1.76768958568573,1.2136660814285278,1.491959571838379
14,891,111.88990020751953,584.9285888671875,1.779901385307312,2.0196588039398193,1.204050064086914
14,892,155.3983154296875,896.6547241210938,2.191094398498535,2.3019843101501465,1.7642440795898438
14,893,91.21183776855469,270.6919250488281,2.1380882263183594,1.1360095739364624,0.9343690872192383
14,894,83.28804779052734,316.341552734375,1.7217963933944702,1.2025737762451172,1.1061220169067383
14,895,79.80713653564453,252.8757781982422,1.8173185586929321,1.241902232170105,1.038071632385254
14,896,120.996826171875,713.0917358398438,1.6562550067901611,1.916245460510254,1.3560590744018555
14,897,99.88954162597656,358.43670654296875,2.1348624229431152,1.366512656211853,1.1445178985595703
14,898,78.60470581054688,228.33265686035156,1.8590481281280518,1.0042043924331665,0.9604902267456055
14,899,116.84889221191406,555.9679565429688,2.041736602783203,1.8227595090866089,1.26019287109375
14,900,103.77516174316406,545.4283447265625,1.6410773992538452,1.5099356174468994,1.8653984069824219
14,901,128.996826171875,619.3130493164062,2.235517740249634,1.903694987297058,0.7621307373046875
14,902,408.322509765625,3482.45947265625,2.002551794052124,3.328275680541992,1.4294462203979492
14,903,84.50360870361328,335.5232238769531,1.698376178741455,1.455499291419983,0.8588056564331055
14,904,96.8733139038086,392.26898193359375,1.9215471744537354,1.3806207180023193,1.288661003112793
14,905,86.80397033691406,332.99884033203125,1.7834696769714355,1.6182589530944824,1.067112922668457
14,906,99.13360595703125,326.07208251953125,2.2175467014312744,1.3392267227172852,1.1195430755615234
14,907,91.23257446289062,371.4155578613281,1.8030339479446411,1.521230697631836,1.2588567733764648
14,908,84.72969818115234,267.9041442871094,1.931309461593628,1.0663695335388184,1.0335731506347656
14,909,102.0982666015625,436.0941162109375,1.9496283531188965,1.630317211151123,1.3387260437011719
14,910,91.53894805908203,331.19024658203125,1.9473307132720947,1.2817492485046387,1.0277395248413086
14,911,99.22923278808594,445.4082946777344,1.8229469060897827,1.1192309856414795,1.2180757522583008
14,912,97.3984603881836,468.002197265625,1.6866079568862915,1.5932707786560059,1.2928361892700195
14,913,93.04307556152344,380.2640075683594,1.8338890075683594,1.3251924514770508,1.3522977828979492
14,914,98.20889282226562,392.76861572265625,1.9644008874893188,1.2665014266967773,1.1432580947875977
14,915,123.61280059814453,730.8458251953125,1.6842737197875977,1.7256426811218262,2.153346061706543
14,916,109.05516815185547,498.1251525878906,1.974755048751831,1.5480819940567017,1.155735969543457
14,917,88.9007568359375,372.0753479003906,1.7231075763702393,1.2301441431045532,1.2644147872924805
14,918,109.611572265625,451.87420654296875,2.1474719047546387,1.447450876235962,0.6517677307128906
14,919,88.65385437011719,313.9840087890625,1.9085150957107544,1.1889420747756958,1.2101850509643555
14,920,132.38653564453125,719.731201171875,2.0137805938720703,2.0723466873168945,1.2481412887573242
14,921,112.60610961914062,513.8270874023438,2.0407800674438477,1.7585214376449585,1.1625289916992188
14,922,196.19375610351562,1440.9112548828125,1.7367546558380127,1.1562368869781494,2.1065597534179688
14,923,128.71331787109375,737.1998901367188,1.8331108093261719,2.3685302734375,1.878840446472168
14,924,97.91371154785156,390.50091552734375,1.962120532989502,0.9112530946731567,1.9442453384399414
14,925,90.20379638671875,359.6290283203125,1.8080298900604248,1.3965202569961548,1.311863899230957
14,926,93.38298797607422,316.36016845703125,2.058232307434082,1.0037747621536255,0.9188156127929688
14,927,98.86985778808594,356.25091552734375,2.108158826828003,1.6460003852844238,0.7960338592529297
14,928,114.26335144042969,514.9508666992188,2.092275619506836,2.1698784828186035,0.928563117980957
14,929,106.72146606445312,433.41595458984375,2.1126623153686523,1.2954312562942505,1.2500057220458984
14,930,90.63487243652344,387.9801025390625,1.7278952598571777,1.7862329483032227,0.9896621704101562
14,931,109.28981018066406,421.4407958984375,2.2381908893585205,1.5004528760910034,0.7706670761108398
14,932,124.27903747558594,557.3756103515625,2.2847161293029785,2.0190603733062744,0.8316850662231445
14,933,111.171142578125,496.8575439453125,2.0495128631591797,1.762418270111084,0.9893827438354492
14,934,104.82243347167969,415.6053466796875,2.108729839324951,1.6081078052520752,1.1586008071899414
14,935,131.93148803710938,710.0538330078125,2.030869960784912,1.9761769771575928,1.1133642196655273
14,936,100.16594696044922,346.32415771484375,2.184451103210449,1.7851742506027222,0.8955068588256836
14,937,98.42290496826172,266.94146728515625,2.390958786010742,1.2878899574279785,0.8737993240356445
14,938,83.53474426269531,294.5527038574219,1.8026490211486816,1.1492385864257812,1.2197179794311523
14,939,88.40743255615234,274.0736389160156,2.0333356857299805,0.9548488855361938,0.8436212539672852
14,940,105.5872802734375,521.7576904296875,1.7803837060928345,1.579680323600769,1.5069780349731445
14,941,81.52561950683594,288.9171142578125,1.7544636726379395,1.208270788192749,1.0575971603393555
14,942,86.98779296875,301.637939453125,1.89413321018219,1.2627944946289062,0.8349685668945312
14,943,94.3095703125,252.02432250976562,2.3035712242126465,1.1643999814987183,0.7710790634155273
14,944,100.37361145019531,367.0032653808594,2.1224427223205566,1.6025187969207764,0.8809757232666016
14,945,125.55450439453125,642.9051513671875,2.04213285446167,2.097012519836426,1.0564298629760742
14,946,108.37199401855469,425.4292297363281,2.1943023204803467,1.7921630144119263,0.8085479736328125
14,947,115.74281311035156,588.0411987304688,1.8979566097259521,1.8263331651687622,1.128403663635254
14,948,88.56148529052734,294.7187194824219,1.969653844833374,1.0546083450317383,1.3072452545166016
14,949,125.78150939941406,612.310546875,2.151681661605835,1.614203929901123,1.1029224395751953
14,950,94.82299041748047,350.9742431640625,1.9908522367477417,1.2856084108352661,1.0773792266845703
14,951,108.20184326171875,518.9371337890625,1.8769376277923584,1.7100199460983276,1.147348403930664
14,952,127.84608459472656,615.2567138671875,2.2106804847717285,1.3592703342437744,1.8409652709960938
14,953,95.46884155273438,310.1654357910156,2.148409843444824,1.337523102760315,1.083108901977539
14,954,82.71944427490234,257.7308654785156,1.89821195602417,0.8631634712219238,1.1790122985839844
14,955,162.94061279296875,1033.499755859375,1.9863543510437012,2.1953141689300537,1.2231378555297852
14,956,124.05382537841797,634.3223266601562,2.0207197666168213,1.9663492441177368,1.621084213256836
14,957,219.76828002929688,1575.337890625,2.0744824409484863,2.644657611846924,1.3860540390014648
14,958,111.51879119873047,442.3531188964844,2.2427825927734375,2.0016674995422363,0.8541641235351562
14,959,112.4586181640625,523.7595825195312,2.0027551651000977,1.6523832082748413,1.2829742431640625
14,960,104.13790893554688,500.2164611816406,1.803875207901001,1.2355234622955322,1.3960533142089844
14,961,130.12591552734375,702.9773559570312,1.9942727088928223,1.5217933654785156,1.082829475402832
14,962,142.92425537109375,805.514404296875,2.0790936946868896,2.0857152938842773,1.0481529235839844
14,963,122.07161712646484,571.685546875,2.163435459136963,1.8172454833984375,1.045271873474121
14,964,106.0137939453125,470.427978515625,1.9656999111175537,1.9083216190338135,0.6622467041015625
14,965,105.89118957519531,559.2589721679688,1.6655097007751465,1.7714353799819946,1.288527488708496
14,966,81.26260375976562,236.9615936279297,1.9188816547393799,1.2798932790756226,0.8533935546875
14,967,123.54800415039062,649.713134765625,1.9525563716888428,1.8593506813049316,1.300827980041504
14,968,93.2744369506836,386.8821105957031,1.8195407390594482,1.1413044929504395,1.2741832733154297
14,969,81.82994079589844,314.9328308105469,1.6778886318206787,1.1099004745483398,1.3677263259887695
14,970,103.61100006103516,514.0301513671875,1.74026620388031,1.123280644416809,1.7196903228759766
14,971,90.32478332519531,315.98681640625,1.9575368165969849,1.2751824855804443,1.047297477722168
14,972,152.36056518554688,897.6231689453125,2.0866079330444336,2.247105598449707,1.0821619033813477
14,973,92.0137939453125,402.95623779296875,1.7239391803741455,1.502410888671875,1.137110710144043
14,974,159.31744384765625,965.5453491210938,2.0920968055725098,2.0917274951934814,1.062575340270996
14,975,150.85678100585938,965.3911743164062,1.8105885982513428,2.289177417755127,1.1585416793823242
14,976,120.43156433105469,613.1300048828125,1.9706188440322876,2.1007955074310303,1.0770721435546875
14,977,97.99005126953125,417.3271789550781,1.875244379043579,1.678194522857666,0.7714090347290039
14,978,96.382080078125,391.29473876953125,1.9084203243255615,1.5055686235427856,1.0986042022705078
14,979,103.36468505859375,423.67266845703125,2.033247232437134,1.5058867931365967,1.2293071746826172
14,980,104.47409057617188,427.39794921875,2.057809829711914,1.2127127647399902,1.5364465713500977
14,981,106.05503845214844,547.6019897460938,1.7098280191421509,1.6333640813827515,1.2469282150268555
14,982,105.34506225585938,410.5274353027344,2.1430773735046387,1.4612127542495728,1.0138158798217773
14,983,121.70799255371094,546.4418334960938,2.2354605197906494,1.589491367340088,1.1398134231567383
14,984,108.00666809082031,385.05975341796875,2.3166894912719727,1.4786969423294067,1.0848608016967773
14,985,112.12559509277344,546.4528198242188,1.9160102605819702,1.5324784517288208,1.5620450973510742
14,986,100.08000183105469,320.4379577636719,2.267873764038086,1.1787525415420532,1.2186403274536133
14,987,79.93609619140625,264.5920104980469,1.7825629711151123,1.2258307933807373,0.9474601745605469
14,988,111.06063842773438,505.87744140625,2.0157630443573,1.6953253746032715,1.240147590637207
14,989,104.30624389648438,421.67205810546875,2.071301221847534,1.7831919193267822,0.8110284805297852
14,990,84.17228698730469,348.14007568359375,1.6452760696411133,1.552539587020874,0.8844480514526367
14,991,97.95156860351562,335.4953308105469,2.1467347145080566,1.1456692218780518,1.230494499206543
14,992,111.92430114746094,496.199951171875,2.076810359954834,1.6044684648513794,1.3502779006958008
14,993,105.66902160644531,490.84698486328125,1.8861442804336548,1.3436567783355713,1.4291648864746094
14,994,93.68492889404297,367.1018981933594,1.899158000946045,1.5036559104919434,1.0795307159423828
14,995,106.67105102539062,440.4454040527344,2.087550401687622,1.7953746318817139,1.2944002151489258
14,996,493.727783203125,4292.17236328125,2.15035080909729,3.4941015243530273,1.0911741256713867
14,997,95.41574096679688,398.8819580078125,1.8509180545806885,1.7025539875030518,1.309849739074707
14,998,92.97547912597656,380.6401062011719,1.8303823471069336,1.3491870164871216,1.2706737518310547
14,999,77.00235748291016,244.40420532226562,1.7520644664764404,1.4069697856903076,0.9868669509887695
14,1000,98.91159057617188,408.7613525390625,1.9345149993896484,1.604532241821289,1.1760845184326172
14,1001,95.76040649414062,404.5663146972656,1.8434593677520752,1.0334688425064087,1.5965385437011719
14,1002,88.12537384033203,256.94427490234375,2.081031560897827,1.4603588581085205,0.9584178924560547
14,1003,91.34033966064453,354.50811767578125,1.8629841804504395,1.1623833179473877,1.2622976303100586
14,1004,107.70396423339844,424.04266357421875,2.176656484603882,1.4430819749832153,1.1093158721923828
14,1005,98.81648254394531,408.46429443359375,1.9323351383209229,1.5796351432800293,1.0617485046386719
14,1006,93.45161437988281,371.9939270019531,1.8750741481781006,1.3312619924545288,1.3894214630126953
14,1007,101.02668762207031,331.9840087890625,2.2609429359436035,1.5624995231628418,0.9396371841430664
14,1008,91.36651611328125,349.555908203125,1.880364179611206,1.8044214248657227,1.0468254089355469
14,1009,115.82852172851562,634.4776611328125,1.7460253238677979,1.4697051048278809,1.7306270599365234
14,1010,85.24578094482422,273.23834228515625,1.9307315349578857,1.1917580366134644,1.0116682052612305
14,1011,112.34538269042969,506.3243713378906,2.057098150253296,1.5415987968444824,1.5271883010864258
14,1012,81.04802703857422,257.99090576171875,1.8416311740875244,1.3550658226013184,0.8187217712402344
14,1013,94.11824798583984,395.2272033691406,1.8198509216308594,1.1558036804199219,1.4965829849243164
14,1014,104.15663146972656,411.04656982421875,2.1017324924468994,1.2513800859451294,1.128911018371582
14,1015,130.65113830566406,684.713623046875,2.0726590156555176,1.7572941780090332,1.2063426971435547
14,1016,109.15274047851562,535.0392456054688,1.8549604415893555,1.473607063293457,0.8787698745727539
14,1017,116.381103515625,530.8848876953125,2.1097536087036133,1.711288571357727,1.4347248077392578
14,1018,101.39797973632812,357.71527099609375,2.1875486373901367,1.2992453575134277,1.0881109237670898
14,1019,107.38536071777344,499.4903869628906,1.9145441055297852,1.8025294542312622,1.225630760192871
14,1020,117.20376586914062,546.35107421875,2.0856220722198486,1.6676990985870361,0.7655105590820312
14,1021,140.54849243164062,901.4881591796875,1.679988980293274,1.9044431447982788,1.1177759170532227
14,1022,109.37104797363281,426.7908935546875,2.2230653762817383,1.2058794498443604,1.4759254455566406
14,1023,90.04714965820312,336.1507263183594,1.8810691833496094,1.5278894901275635,0.8650598526000977
14,1024,92.76459503173828,385.0255432128906,1.808734655380249,1.3970293998718262,1.0073566436767578
14,1025,108.32662963867188,436.12274169921875,2.1571452617645264,1.9710688591003418,0.7132892608642578
14,1026,89.95292663574219,291.72900390625,2.0260009765625,1.3136091232299805,1.0643301010131836
14,1027,111.56562042236328,501.53485107421875,2.0470712184906006,1.65395188331604,1.3909101486206055
14,1028,203.4290313720703,1463.339599609375,1.9031689167022705,2.7413880825042725,1.480966567993164
14,1029,90.06076049804688,335.8400573730469,1.8825585842132568,1.1690460443496704,1.1161432266235352
14,1030,109.73643493652344,488.45941162109375,2.0296831130981445,1.7830098867416382,1.0787897109985352
14,1031,87.97709655761719,325.1058349609375,1.8488836288452148,1.5983370542526245,0.7960443496704102
14,1032,109.24607849121094,517.7501831054688,1.9157018661499023,1.9441566467285156,0.9690847396850586
14,1033,102.25346374511719,378.5047607421875,2.146766185760498,1.0126028060913086,1.5596141815185547
14,1034,113.23859405517578,487.6361083984375,2.1491661071777344,1.5801881551742554,1.2030458450317383
14,1035,108.53581237792969,434.4127197265625,2.1698179244995117,1.5053668022155762,1.1988811492919922
14,1036,135.54476928710938,736.1005249023438,2.064490795135498,1.5796695947647095,1.4210395812988281
14,1037,120.21742248535156,541.8746337890625,2.200998306274414,1.7401196956634521,1.6239185333251953
14,1038,117.04463195800781,604.3759155273438,1.8869013786315918,1.7193515300750732,1.4761991500854492
14,1039,99.39283752441406,375.3953552246094,2.061776876449585,1.6552706956863403,0.9984855651855469
14,1040,132.52084350585938,697.9580078125,2.0908350944519043,1.3194546699523926,1.6951875686645508
14,1041,127.41665649414062,666.8552856445312,2.0243709087371826,1.9224566221237183,0.8037405014038086
14,1042,105.43624114990234,439.46026611328125,2.0496737957000732,1.2461286783218384,1.4840202331542969
14,1043,102.82516479492188,389.1253967285156,2.130420684814453,1.5579383373260498,1.2822465896606445
14,1044,173.92739868164062,1108.39794921875,2.1029200553894043,2.039754629135132,1.1696157455444336
14,1045,118.96318817138672,669.2734375,1.7345280647277832,1.9177268743515015,1.0685348510742188
14,1046,122.79029846191406,680.3804321289062,1.8250749111175537,1.7620368003845215,1.068039894104004
14,1047,89.37933349609375,331.19683837890625,1.8753215074539185,1.2584232091903687,1.104121208190918
14,1048,95.72465515136719,430.8878479003906,1.7545288801193237,1.7496488094329834,1.432084083557129
14,1049,91.31112670898438,376.9566650390625,1.787182092666626,1.4063527584075928,1.2012357711791992
14,1050,101.07304382324219,384.78106689453125,2.0864980220794678,1.6735131740570068,1.2355022430419922
14,1051,112.06837463378906,457.8647155761719,2.2093968391418457,1.8461661338806152,1.1439218521118164
14,1052,109.6264419555664,454.0376281738281,2.1407558917999268,1.6370116472244263,1.1946325302124023
14,1053,87.7459487915039,287.35406494140625,1.9670181274414062,1.2712912559509277,0.7702646255493164
14,1054,110.42560577392578,434.45159912109375,2.2326815128326416,1.3979215621948242,1.4310693740844727
14,1055,91.07402038574219,377.02984619140625,1.7790346145629883,1.2937440872192383,1.130936622619629
14,1056,97.41912078857422,303.02545166015625,2.2372193336486816,1.417968511581421,1.1523256301879883
14,1057,106.85502624511719,503.4997253417969,1.8835020065307617,1.6205403804779053,1.4383487701416016
14,1058,96.86521911621094,358.64373779296875,2.0333614349365234,1.1616287231445312,1.014897346496582
14,1059,137.98143005371094,815.729736328125,1.8802818059921265,1.8292150497436523,1.6199865341186523
14,1060,108.4827880859375,484.1313171386719,2.00232195854187,1.746018886566162,1.2758235931396484
14,1061,96.9963150024414,328.608154296875,2.137850046157837,1.48100745677948,1.0076513290405273
14,1062,86.99559020996094,307.2640686035156,1.8756394386291504,1.5464880466461182,0.8260641098022461
14,1063,90.73614501953125,377.57305908203125,1.7659611701965332,1.2093216180801392,1.4939794540405273
14,1064,194.1991424560547,1414.4229736328125,1.758561372756958,2.552318572998047,1.072256088256836
14,1065,85.31141662597656,309.7961730957031,1.811059832572937,1.2943249940872192,1.2713031768798828
14,1066,118.35127258300781,572.5260009765625,2.0366225242614746,1.5038546323776245,1.831512451171875
14,1067,102.4164047241211,394.988037109375,2.0972533226013184,1.7434524297714233,1.0681114196777344
14,1068,85.36199188232422,349.6380615234375,1.6799395084381104,1.6224926710128784,1.1473150253295898
14,1069,93.07853698730469,362.14361572265625,1.8954724073410034,1.6169371604919434,0.9856414794921875
14,1070,108.97262573242188,416.6866455078125,2.2434654235839844,1.5463926792144775,0.8802957534790039
14,1071,108.88716888427734,490.0521240234375,1.9960651397705078,1.7112343311309814,1.4934911727905273
14,1072,97.63591003417969,397.177734375,1.9306044578552246,1.27201247215271,1.3247261047363281
14,1073,103.08522033691406,415.31036376953125,2.0518059730529785,1.6708208322525024,1.0299882888793945
14,1074,81.49888610839844,240.61056518554688,1.9145944118499756,1.1962919235229492,1.1981115341186523
14,1075,106.73929595947266,448.6407470703125,2.062507390975952,1.357516884803772,1.262237548828125
14,1076,91.38054656982422,277.2748718261719,2.1217687129974365,1.5876545906066895,0.7315425872802734
14,1077,102.04737854003906,352.2635498046875,2.227367401123047,1.0785787105560303,1.7188606262207031
14,1078,89.9540023803711,296.4172058105469,2.010409355163574,1.3803369998931885,1.264164924621582
14,1079,93.21871185302734,323.50250244140625,2.0289487838745117,1.260345697402954,1.2110233306884766
14,1080,148.7947998046875,781.4191284179688,2.3550963401794434,2.2396795749664307,1.5492897033691406
14,1081,105.41340637207031,496.41192626953125,1.8590738773345947,1.6924149990081787,1.425532341003418
14,1082,110.14845275878906,351.740966796875,2.499145030975342,1.321781039237976,1.011763572692871
14,1083,172.1470184326172,1146.8746337890625,1.9153187274932861,2.636547803878784,0.9205150604248047
14,1084,79.41728210449219,258.40533447265625,1.7858917713165283,1.0942497253417969,0.8977546691894531
14,1085,95.1400146484375,369.66937255859375,1.9391026496887207,1.334718942642212,1.0096187591552734
14,1086,101.13810729980469,395.4661560058594,2.0530498027801514,1.3095881938934326,1.4014911651611328
14,1087,77.957763671875,282.7730712890625,1.656015157699585,0.8694043755531311,1.3192577362060547
14,1088,105.81329345703125,479.97369384765625,1.9271972179412842,1.840712070465088,1.1095170974731445
14,1089,109.64729309082031,545.9439086914062,1.835096836090088,1.5421457290649414,1.7703971862792969
14,1090,103.54324340820312,382.76202392578125,2.175568103790283,1.8138408660888672,0.8166942596435547
14,1091,140.27011108398438,733.2603149414062,2.23146915435791,2.1483547687530518,1.5676708221435547
14,1092,115.66259765625,525.0072021484375,2.105395793914795,1.950032353401184,1.220632553100586
14,1093,344.9744873046875,2745.38037109375,2.347881317138672,3.6570653915405273,0.9816656112670898
14,1094,107.70728302001953,509.69952392578125,1.8912444114685059,1.5100048780441284,1.682260513305664
14,1095,90.16495513916016,245.00753784179688,2.1888065338134766,1.2612557411193848,0.6885948181152344
14,1096,91.06993103027344,307.5377197265625,2.0105385780334473,1.346811056137085,0.836400032043457
14,1097,130.8472900390625,690.7720336914062,2.059002637863159,1.4732558727264404,1.5472745895385742
14,1098,96.00018310546875,358.1986083984375,2.0060105323791504,1.5006682872772217,0.7551670074462891
14,1099,100.28912353515625,351.14569091796875,2.172485113143921,1.260866641998291,0.963958740234375
14,1100,107.29302978515625,517.4954223632812,1.851449728012085,1.7637748718261719,1.5725603103637695
14,1101,104.49803924560547,483.91595458984375,1.8702147006988525,1.9377663135528564,1.1143951416015625
14,1102,161.59095764160156,1033.6861572265625,1.9407446384429932,2.771289825439453,1.2650995254516602
14,1103,129.53836059570312,644.5733032226562,2.169367551803589,1.73577880859375,1.7055444717407227
14,1104,117.09529113769531,535.5057983398438,2.118156909942627,2.07492733001709,1.3035621643066406
14,1105,105.14439392089844,382.1226806640625,2.2310707569122314,1.3940112590789795,1.0183897018432617
14,1106,115.06643676757812,517.658447265625,2.1100196838378906,1.84918212890625,1.1228551864624023
14,1107,90.1453857421875,271.86627197265625,2.0986251831054688,1.0802206993103027,1.0464906692504883
14,1108,125.38804626464844,646.2784423828125,2.0253400802612305,1.9634045362472534,1.2489862442016602
14,1109,101.97046661376953,461.0437316894531,1.8622031211853027,1.1652257442474365,1.6333513259887695
14,1110,111.2869873046875,453.15130615234375,2.199061870574951,1.0388331413269043,1.847905158996582
14,1111,101.00535583496094,457.3680419921875,1.842284917831421,1.6314501762390137,1.1725959777832031
14,1112,110.55947875976562,491.54119873046875,2.0468451976776123,1.271437168121338,1.1941423416137695
14,1113,80.70249938964844,315.0224304199219,1.6400086879730225,1.3740456104278564,1.196303367614746
14,1114,111.13150024414062,497.251708984375,2.046877861022949,1.3659015893936157,1.4476327896118164
14,1115,97.42086791992188,342.65618896484375,2.105175018310547,1.4288992881774902,0.9657058715820312
14,1116,108.15459442138672,458.6598815917969,2.076286792755127,1.2080363035202026,1.1892032623291016
14,1117,86.01017761230469,300.73309326171875,1.8645623922348022,1.0783973932266235,1.0238838195800781
14,1118,112.20472717285156,508.0711364746094,2.0465869903564453,1.568940281867981,1.381220817565918
14,1119,91.23490905761719,255.4647216796875,2.1896145343780518,1.0909994840621948,0.9349899291992188
14,1120,492.3163146972656,4328.4970703125,1.9822204113006592,4.081773281097412,0.7650041580200195
14,1121,95.6506118774414,407.67437744140625,1.8294391632080078,1.5959855318069458,1.2257680892944336
14,1122,82.62383270263672,268.14276123046875,1.860318660736084,1.091840147972107,1.189579963684082
14,1123,84.69541931152344,319.30859375,1.7588187456130981,1.4321815967559814,1.1181011199951172
14,1124,97.31153869628906,352.86334228515625,2.067506790161133,1.2269450426101685,1.097416877746582
14,1125,89.15328216552734,371.11376953125,1.7347301244735718,1.533644676208496,1.1870908737182617
14,1126,103.7542724609375,384.652099609375,2.176302194595337,1.7090179920196533,1.1127586364746094
14,1127,111.91351318359375,532.3668823242188,1.9558939933776855,1.5708632469177246,1.7983932495117188
14,1128,103.73832702636719,391.84625244140625,2.151789903640747,1.42087721824646,1.3432331085205078
14,1129,164.42941284179688,1014.5316772460938,2.099207878112793,2.3511552810668945,1.3012771606445312
14,1130,99.35443115234375,337.70794677734375,2.1861214637756348,1.3355776071548462,1.1148128509521484
14,1131,103.37339782714844,571.530029296875,1.540679693222046,1.62452232837677,1.449254035949707
14,1132,118.4056396484375,628.8289794921875,1.8507579565048218,1.5966923236846924,1.4791040420532227
14,1133,102.91281127929688,491.4587097167969,1.7922313213348389,1.833857536315918,1.126570701599121
14,1134,107.5052490234375,458.7090759277344,2.054478168487549,1.5200833082199097,1.5312442779541016
14,1135,78.32847595214844,236.50257873535156,1.8226072788238525,1.3073248863220215,0.7520866394042969
14,1136,112.19781494140625,578.3523559570312,1.8120861053466797,2.0372002124786377,0.816624641418457
14,1137,90.85016632080078,338.5523376464844,1.8998310565948486,1.5141152143478394,1.097951889038086
14,1138,98.99887084960938,407.8802185058594,1.940361499786377,1.5028076171875,1.0545015335083008
14,1139,115.96774291992188,592.5548095703125,1.8904087543487549,1.3521353006362915,1.5322628021240234
14,1140,92.65426635742188,347.440673828125,1.9303399324417114,1.562995433807373,1.2104787826538086
14,1141,109.03958892822266,477.2586364746094,2.043790817260742,1.4799963235855103,1.54302978515625
14,1142,89.43511199951172,295.2265319824219,1.997081995010376,1.2131139039993286,1.1779184341430664
14,1143,95.97218322753906,349.28680419921875,2.034783363342285,1.720766544342041,1.1193065643310547
14,1144,91.91429138183594,410.4122009277344,1.6957688331604004,1.2073822021484375,1.505885124206543
14,1145,92.06185913085938,338.92596435546875,1.9389753341674805,1.3069514036178589,1.017995834350586
14,1146,110.84323120117188,424.56890869140625,2.2795448303222656,1.5245293378829956,1.1326026916503906
14,1147,87.03044128417969,338.4451904296875,1.7728641033172607,1.5098094940185547,0.9551353454589844
14,1148,98.07975769042969,353.0616455078125,2.0924532413482666,1.4816288948059082,1.1682357788085938
14,1149,91.12247467041016,330.3656921386719,1.9361968040466309,1.488818645477295,0.9787797927856445
14,1150,86.622802734375,338.5793151855469,1.75882887840271,1.4844105243682861,1.1875486373901367
14,1151,135.86819458007812,743.7037353515625,2.049927234649658,1.5725514888763428,1.6678466796875
14,1152,91.66534423828125,436.80548095703125,1.5994932651519775,1.2778549194335938,1.1757783889770508
14,1153,125.9544906616211,655.0098876953125,2.0151166915893555,2.377267360687256,1.2994985580444336
14,1154,180.46800231933594,1255.3165283203125,1.8312114477157593,2.158628463745117,1.642655372619629
14,1155,102.87855529785156,411.01373291015625,2.059239149093628,1.6124632358551025,1.311161994934082
14,1156,109.06074523925781,453.85650634765625,2.1225032806396484,1.5757761001586914,1.052943229675293
14,1157,115.31420135498047,524.8072509765625,2.094449281692505,1.6102526187896729,1.2866287231445312
14,1158,103.73391723632812,372.6233215332031,2.21571946144104,1.5366854667663574,1.0768404006958008
14,1159,97.73858642578125,374.3080749511719,2.0102591514587402,1.2191060781478882,1.4656810760498047
14,1160,93.22529602050781,258.9482116699219,2.244349241256714,1.3023794889450073,0.7986507415771484
14,1161,96.56716918945312,317.1334228515625,2.1617941856384277,1.3351837396621704,0.8576250076293945
14,1162,98.60417175292969,416.646728515625,1.8979833126068115,1.703273057937622,0.8392648696899414
14,1163,77.76510620117188,229.6953125,1.8265190124511719,1.220491886138916,0.9808578491210938
14,1164,94.27937316894531,409.7120361328125,1.776939034461975,1.1962355375289917,1.2798080444335938
14,1165,87.82621765136719,340.64886474609375,1.7920444011688232,1.4034771919250488,0.8537845611572266
14,1166,88.20049285888672,257.661865234375,2.081143617630005,1.2966392040252686,0.8446493148803711
14,1167,102.90316772460938,428.342041015625,2.0022988319396973,1.697891116142273,1.1233396530151367
14,1168,103.42424011230469,384.9072265625,2.1644506454467773,1.5850255489349365,1.2681636810302734
14,1169,100.89581298828125,487.8152160644531,1.7371430397033691,2.012157440185547,0.9514122009277344
14,1170,113.0868148803711,482.6773681640625,2.1606359481811523,1.578742504119873,1.4929580688476562
14,1171,443.4827880859375,3837.75439453125,1.9902443885803223,3.6856894493103027,1.2095441818237305
14,1172,103.67927551269531,330.4609375,2.3544392585754395,1.081608533859253,1.1824970245361328
14,1173,89.23896789550781,350.0262756347656,1.807878017425537,1.2514472007751465,1.1818170547485352
14,1174,169.84071350097656,1113.102294921875,1.951015830039978,2.98909854888916,0.9827156066894531
14,1175,89.86759948730469,289.0671691894531,2.032029390335083,1.061616063117981,1.221200942993164
14,1176,107.48362731933594,455.16046142578125,2.0655860900878906,1.2746034860610962,1.1313438415527344
14,1177,99.3966064453125,469.210693359375,1.7491843700408936,1.7442114353179932,1.4507055282592773
14,1178,105.20247650146484,418.11419677734375,2.113035202026367,1.35356605052948,1.3995847702026367
14,1179,120.78931427001953,553.4808349609375,2.1813743114471436,1.9906152486801147,1.4171686172485352
14,1180,111.4757308959961,570.9071044921875,1.8128340244293213,1.3574057817459106,1.5264301300048828
14,1181,124.92057800292969,531.76806640625,2.3914589881896973,1.6107054948806763,1.4607524871826172
14,1182,94.38561248779297,328.9845275878906,2.049571990966797,1.253615140914917,0.9065647125244141
14,1183,104.38827514648438,442.0326843261719,2.006166934967041,1.6888456344604492,1.3755407333374023
14,1184,98.71710205078125,360.86761474609375,2.0876781940460205,1.5179736614227295,0.8706436157226562
14,1185,91.28218841552734,382.6308288574219,1.767303466796875,1.5877124071121216,1.1110610961914062
14,1186,108.74685668945312,597.3829345703125,1.633618950843811,1.5880178213119507,1.1025524139404297
14,1187,122.44984436035156,623.5223388671875,2.003253698348999,1.9074500799179077,1.3760643005371094
14,1188,94.2175064086914,262.88018798828125,2.2643163204193115,1.2521615028381348,0.9802341461181641
14,1189,516.4918823242188,4577.20458984375,1.959047555923462,4.093380928039551,1.2816743850708008
14,1190,109.47291564941406,453.238037109375,2.138303756713867,1.4696259498596191,1.5135068893432617
14,1191,103.29280090332031,485.41192626953125,1.8250536918640137,1.6135821342468262,1.3882665634155273
14,1192,104.29010009765625,507.9461669921875,1.7831826210021973,1.2343922853469849,1.4952478408813477
14,1193,92.44966125488281,339.15045166015625,1.9511539936065674,1.3846514225006104,1.0656719207763672
14,1194,113.2630615234375,507.3509521484375,2.08426570892334,1.8412256240844727,1.5257682800292969
14,1195,92.04170227050781,342.801513671875,1.9253849983215332,1.4242174625396729,1.223114013671875
14,1196,92.8309326171875,409.77264404296875,1.7284557819366455,1.535941243171692,1.281712532043457
14,1197,86.53968811035156,301.2350769042969,1.8805394172668457,1.1594469547271729,1.1727781295776367
14,1198,95.93104553222656,414.8285217285156,1.8149397373199463,1.593019723892212,1.1733198165893555
14,1199,86.97637176513672,362.7138366699219,1.6901662349700928,1.4217469692230225,1.0740766525268555
14,1200,106.59124755859375,476.3892822265625,1.965077519416809,1.8062500953674316,1.2250337600708008
14,1201,132.58541870117188,759.3707275390625,1.8882780075073242,2.0535686016082764,1.1691217422485352
14,1202,79.66970825195312,222.39205932617188,1.914350152015686,1.1114609241485596,0.8985776901245117
14,1203,96.58647155761719,410.793212890625,1.85023832321167,1.399167537689209,0.9926204681396484
14,1204,108.84329223632812,432.3504943847656,2.186941623687744,1.224041223526001,1.3441905975341797
14,1205,98.5833511352539,393.7359313964844,1.9736586809158325,1.6144496202468872,1.1456680297851562
14,1206,100.78489685058594,434.90081787109375,1.9098273515701294,1.3362174034118652,1.713827133178711
14,1207,91.49700164794922,352.2154541015625,1.8758485317230225,1.2913877964019775,1.2633981704711914
14,1208,92.96060180664062,360.2562561035156,1.8978326320648193,1.3044703006744385,1.385000228881836
14,1209,88.90811157226562,286.32403564453125,2.009190082550049,1.2208280563354492,1.0801172256469727
14,1210,100.43754577636719,424.4913330078125,1.932947039604187,1.6630198955535889,0.8799371719360352
14,1211,93.06476593017578,357.0888977050781,1.9118626117706299,1.3638334274291992,1.3376350402832031
14,1212,104.22357177734375,437.5328063964844,2.015676498413086,1.6359070539474487,1.1831579208374023
14,1213,106.11088562011719,501.78619384765625,1.8644087314605713,1.5405504703521729,1.5636005401611328
14,1214,85.9270248413086,280.2070007324219,1.9302107095718384,1.1603896617889404,1.1860589981079102
14,1215,101.14813232421875,446.6954345703125,1.8826196193695068,1.3582119941711426,1.2381916046142578
14,1216,117.4691162109375,486.86328125,2.292759418487549,1.8580098152160645,0.9184017181396484
14,1217,131.9434356689453,739.648193359375,1.9326205253601074,1.545434832572937,1.4565057754516602
14,1218,99.82275390625,428.7329406738281,1.8983153104782104,1.165091872215271,1.5438756942749023
14,1219,156.62139892578125,942.190185546875,2.0800790786743164,2.412472724914551,1.059464454650879
14,1220,84.20648193359375,348.9882507324219,1.6435885429382324,1.5726511478424072,1.1933307647705078
14,1221,401.314453125,3444.369140625,1.8959176540374756,3.220475196838379,1.632080078125
14,1222,184.76736450195312,1230.9971923828125,2.0555882453918457,2.5194315910339355,1.3171157836914062
14,1223,122.90167236328125,660.344970703125,1.895572304725647,1.7885546684265137,1.6433639526367188
14,1224,99.82239532470703,439.0401306152344,1.8639459609985352,1.408551812171936,1.3879508972167969
14,1225,85.80001831054688,272.7698059082031,1.950767993927002,1.282705545425415,0.8966064453125
14,1226,83.35087585449219,349.48883056640625,1.6133997440338135,1.4062559604644775,1.1695451736450195
14,1227,86.739501953125,315.60626220703125,1.8392959833145142,1.2058521509170532,1.2125577926635742
14,1228,83.46697998046875,289.80560302734375,1.8162140846252441,1.4771875143051147,0.9498624801635742
14,1229,103.25430297851562,476.3011474609375,1.8541394472122192,1.4119935035705566,1.5277795791625977
14,1230,110.80058288574219,409.1531982421875,2.3295087814331055,1.4834749698638916,1.2338390350341797
14,1231,119.34397888183594,568.7100830078125,2.082432270050049,1.6817913055419922,1.36553955078125
14,1232,147.62356567382812,741.9144287109375,2.447737216949463,1.421312689781189,1.5176868438720703
14,1233,105.05441284179688,440.34454345703125,2.033998489379883,1.2102370262145996,1.4363021850585938
14,1234,94.25072479248047,353.7779541015625,1.9624309539794922,1.3407710790634155,1.1329727172851562
14,1235,88.80061340332031,323.69110107421875,1.8810499906539917,1.1170549392700195,1.1419754028320312
14,1236,92.53599548339844,283.0537414550781,2.1410207748413086,1.2697516679763794,1.0146598815917969
14,1237,86.01531982421875,307.63348388671875,1.841732382774353,1.4329919815063477,1.18768310546875
14,1238,79.06764221191406,247.6026611328125,1.8102457523345947,1.1032443046569824,0.9229516983032227
14,1239,90.18748474121094,394.964599609375,1.6897008419036865,1.309128999710083,1.5167407989501953
14,1240,127.21337127685547,636.8502807617188,2.1176114082336426,1.6441311836242676,1.3095836639404297
14,1241,86.87454223632812,323.4599914550781,1.8176181316375732,1.3534939289093018,0.9586448669433594
14,1242,153.27719116210938,868.075439453125,2.2156548500061035,2.3148934841156006,1.1840696334838867
14,1243,110.24555969238281,505.4241027832031,1.9901049137115479,1.6668176651000977,1.4931669235229492
14,1244,101.62455749511719,356.253173828125,2.199974536895752,1.4283831119537354,0.9006500244140625
14,1245,128.63360595703125,729.5906372070312,1.8558180332183838,2.119553327560425,1.183389663696289
14,1246,98.42063903808594,377.5650634765625,2.0221376419067383,1.58788001537323,0.9695930480957031
14,1247,94.41727447509766,322.4203186035156,2.0725080966949463,1.7831811904907227,0.9841756820678711
14,1248,116.48020935058594,617.0145874023438,1.825958251953125,2.0617427825927734,1.4048376083374023
14,1249,105.65217590332031,402.0391540527344,2.1816086769104004,1.3113088607788086,1.3664512634277344
14,1250,157.08920288085938,898.4639282226562,2.241426944732666,2.0391812324523926,1.1900930404663086
14,1251,164.9718017578125,1115.0001220703125,1.7823927402496338,2.612741708755493,1.455479621887207
14,1252,116.80955505371094,530.4535522460938,2.1254732608795166,1.9824025630950928,1.444671630859375
14,1253,101.68791198730469,424.0478515625,1.9761042594909668,1.6965241432189941,1.2339105606079102
14,1254,107.3770751953125,463.24658203125,2.0350804328918457,1.9781125783920288,1.2758560180664062
14,1255,104.75091552734375,433.7421569824219,2.0458898544311523,1.6619659662246704,1.2694787979125977
14,1256,134.6717987060547,808.939208984375,1.7925957441329956,1.9890276193618774,1.4449615478515625
14,1257,133.9175567626953,729.4972534179688,2.0322608947753906,1.2442262172698975,1.6390714645385742
14,1258,100.19120025634766,360.43731689453125,2.138248920440674,1.2741789817810059,1.3081722259521484
14,1259,112.20747375488281,538.7371215820312,1.9444587230682373,1.7932345867156982,0.9151201248168945
14,1260,114.59185791015625,522.7816162109375,2.0771231651306152,1.613909125328064,1.2789669036865234
14,1261,103.27947998046875,449.5245056152344,1.9442343711853027,2.017368793487549,1.1048526763916016
14,1262,98.22540283203125,401.8306884765625,1.9347444772720337,1.5777661800384521,1.1746702194213867
14,1263,77.70647430419922,244.91281127929688,1.7738397121429443,1.31375253200531,0.8845577239990234
14,1264,85.9175796508789,294.11395263671875,1.8835394382476807,1.3398230075836182,0.8953609466552734
14,1265,156.46908569335938,904.853271484375,2.199458599090576,2.61136794090271,1.3343524932861328
14,1266,93.84710693359375,332.7753601074219,2.0189857482910156,0.8714544177055359,1.0864810943603516
14,1267,111.82005310058594,539.8411254882812,1.9278647899627686,1.7012417316436768,1.4152917861938477
14,1268,116.69482421875,470.9173278808594,2.320103168487549,1.7013022899627686,0.9403715133666992
14,1269,94.44757080078125,372.69256591796875,1.9059438705444336,1.6869250535964966,0.7861061096191406
14,1270,108.4281005859375,363.86334228515625,2.4013924598693848,1.2589869499206543,1.2112455368041992
14,1271,103.86158752441406,390.515869140625,2.1603333950042725,1.5040326118469238,1.4350433349609375
14,1272,214.47740173339844,1504.614990234375,2.1338634490966797,2.2916009426116943,1.1410770416259766
14,1273,164.79412841796875,1111.9117431640625,1.7867648601531982,2.083556652069092,1.260664939880371
14,1274,95.54377746582031,364.9772644042969,1.9682016372680664,1.515952706336975,1.1476974487304688
14,1275,100.91233825683594,407.51287841796875,2.005368232727051,1.4507365226745605,1.2676305770874023
14,1276,86.13996124267578,243.85845947265625,2.0584704875946045,1.0074130296707153,1.064509391784668
14,1277,103.01884460449219,463.00457763671875,1.8906129598617554,1.4672565460205078,1.0525884628295898
14,1278,115.65745544433594,594.870361328125,1.872347354888916,1.9958469867706299,1.327561378479004
14,1279,102.598388671875,427.080322265625,1.9963452816009521,1.4662129878997803,1.0566110610961914
14,1280,106.59507751464844,406.34075927734375,2.198699951171875,1.0156058073043823,0.9397058486938477
14,1281,83.15323638916016,252.90914916992188,1.9287440776824951,1.3732086420059204,0.9387474060058594
14,1282,99.18711853027344,358.3525390625,2.1117286682128906,1.5526540279388428,1.0534534454345703
14,1283,90.91806030273438,319.9864807128906,1.9639804363250732,1.5583590269088745,0.8747625350952148
14,1284,131.21249389648438,675.9487915039062,2.12058687210083,1.8834235668182373,1.2985773086547852
14,1285,101.225341796875,381.2762145996094,2.103257179260254,1.4628907442092896,0.9888200759887695
14,1286,83.84046936035156,287.20428466796875,1.8373347520828247,1.327906847000122,0.9012928009033203
14,1287,122.8210220336914,588.2250366210938,2.133283853530884,1.5238838195800781,1.6444272994995117
14,1288,266.350830078125,2005.448486328125,2.1935322284698486,3.2695631980895996,1.152400016784668
14,1289,137.83441162109375,789.5907592773438,1.9625110626220703,2.188983678817749,1.6233339309692383
14,1290,102.82954406738281,381.7369384765625,2.1551952362060547,1.7140145301818848,0.8703756332397461
14,1291,95.48715209960938,317.6385192871094,2.124109983444214,1.1615707874298096,1.3674345016479492
14,1292,89.41281127929688,363.1628112792969,1.7698842287063599,1.318337082862854,1.1247529983520508
14,1293,115.67523193359375,528.1856689453125,2.095221996307373,1.5206661224365234,1.5103979110717773
14,1294,179.22927856445312,1105.26513671875,2.2900924682617188,2.0676164627075195,1.1167488098144531
14,1295,135.0751953125,800.4008178710938,1.8345035314559937,1.8883564472198486,1.5418815612792969
14,1296,82.33033752441406,314.79443359375,1.6950297355651855,1.301210880279541,1.2030372619628906
14,1297,103.92501831054688,498.13177490234375,1.8037278652191162,2.1659116744995117,1.0313796997070312
14,1298,207.2776641845703,1529.005859375,1.8125691413879395,2.194821834564209,1.8725690841674805
14,1299,523.326171875,4463.4150390625,2.5661540031433105,4.407295227050781,1.5904417037963867
14,1300,600.59765625,5427.841796875,1.9271163940429688,4.3079633712768555,1.3415441513061523
14,1301,132.32357788085938,661.017822265625,2.207392930984497,1.8439207077026367,0.9074764251708984
14,1302,100.72909545898438,425.99005126953125,1.9376697540283203,1.1227515935897827,1.5755910873413086
14,1303,85.76602172851562,302.1683349609375,1.8516395092010498,1.1255801916122437,1.2414178848266602
14,1304,84.0003433227539,292.3294982910156,1.8255798816680908,1.2128105163574219,0.7848377227783203
14,1305,88.4740982055664,334.1697082519531,1.8352375030517578,1.176745891571045,1.1685333251953125
14,1306,115.2882080078125,574.6110229492188,1.9275703430175781,2.02901291847229,1.313673973083496
14,1307,383.0375671386719,3217.501708984375,2.042912721633911,3.3960742950439453,1.3243446350097656
14,1308,100.89273071289062,487.6016845703125,1.737751841545105,1.7977609634399414,1.481978416442871
14,1309,121.14437866210938,550.297119140625,2.203822135925293,1.5250784158706665,1.458918571472168
14,1310,103.45886993408203,417.2752380371094,2.057711601257324,1.346407175064087,1.2824649810791016
14,1311,82.6502914428711,253.79757690429688,1.9090176820755005,1.1102423667907715,1.1051998138427734
14,1312,99.3170166015625,415.06536865234375,1.9270159006118774,1.7137314081192017,0.7534856796264648
14,1313,113.67913055419922,514.16259765625,2.0754289627075195,1.5227539539337158,1.293898582458496
14,1314,89.61268615722656,382.98785400390625,1.710463285446167,1.271087884902954,1.4217357635498047
14,1315,98.60110473632812,321.2574462890625,2.2158451080322266,1.3486417531967163,1.074772834777832
14,1316,86.87178802490234,344.659912109375,1.7468599081039429,1.2878453731536865,1.3998517990112305
14,1317,102.38783264160156,432.00946044921875,1.9728960990905762,1.4162075519561768,1.4347057342529297
14,1318,99.43421936035156,341.30584716796875,2.176787853240967,1.5702424049377441,1.1222105026245117
14,1319,112.06037902832031,436.22821044921875,2.2812516689300537,1.3686714172363281,1.2547845840454102
14,1320,91.07441711425781,362.8072509765625,1.8264561891555786,1.3073945045471191,0.9951658248901367
14,1321,81.61497497558594,294.91339111328125,1.7374544143676758,1.2122132778167725,1.1685914993286133
14,1322,114.68882751464844,449.1205139160156,2.325892686843872,1.6321592330932617,1.4315681457519531
14,1323,132.44570922851562,753.6007080078125,1.902854561805725,2.161963939666748,0.9522771835327148
14,1324,113.09689331054688,377.62774658203125,2.5111372470855713,1.513873815536499,1.1046342849731445
14,1325,77.6437759399414,285.7961120605469,1.635472059249878,1.1836152076721191,0.8593215942382812
14,1326,221.2498016357422,1554.860595703125,2.192124366760254,3.1958556175231934,1.4426994323730469
14,1327,131.2165069580078,686.1314697265625,2.086778402328491,1.6950111389160156,1.5873165130615234
14,1328,141.9964599609375,738.2684326171875,2.2723207473754883,1.8486905097961426,1.115091323852539
14,1329,107.08363342285156,486.9208984375,1.9463846683502197,1.8416635990142822,1.3788585662841797
14,1330,125.50827026367188,644.0640258789062,2.036729097366333,1.5425468683242798,1.878697395324707
14,1331,395.7738037109375,3348.844482421875,2.02964448928833,3.401844024658203,1.7618589401245117
14,1332,102.0215072631836,443.65460205078125,1.9218682050704956,1.3095426559448242,1.6907787322998047
14,1333,89.12189483642578,340.3441467285156,1.8362493515014648,1.2185238599777222,1.0750112533569336
14,1334,103.01739501953125,380.88714599609375,2.1642894744873047,1.3596324920654297,1.1722707748413086
14,1335,93.63909912109375,377.8693542480469,1.8617388010025024,1.4439022541046143,1.2097558975219727
14,1336,102.79571533203125,429.37249755859375,1.9952821731567383,1.1934623718261719,1.4487428665161133
14,1337,93.69447326660156,359.8097229003906,1.923783302307129,1.5022025108337402,0.7818231582641602
14,1338,106.13577270507812,504.6837158203125,1.8555798530578613,1.4135658740997314,1.0463838577270508
14,1339,182.3303680419922,1173.08056640625,2.167410373687744,2.5706095695495605,1.5036697387695312
14,1340,100.59510803222656,428.02838134765625,1.9264088869094849,1.4810609817504883,1.2967300415039062
14,1341,108.49181365966797,462.6448974609375,2.0742440223693848,1.9562960863113403,1.188211441040039
14,1342,105.47039794921875,378.70281982421875,2.2533371448516846,1.1038812398910522,1.1139602661132812
14,1343,120.24607849121094,621.9686279296875,1.9349737167358398,1.694477915763855,2.0813512802124023
14,1344,119.63128662109375,549.803466796875,2.155031204223633,2.048713445663452,1.0575904846191406
14,1345,177.58102416992188,1136.873291015625,2.1297898292541504,2.700186014175415,1.377263069152832
14,1346,136.75631713867188,623.759521484375,2.4793453216552734,1.8661600351333618,1.4414892196655273
14,1347,89.5581283569336,303.49560546875,1.9736188650131226,1.447038173675537,1.0281305313110352
14,1348,95.40962219238281,351.90667724609375,2.007298469543457,1.4417293071746826,1.0756559371948242
14,1349,106.09171295166016,393.9094543457031,2.2233588695526123,1.6313883066177368,1.1584739685058594
14,1350,75.22938537597656,159.16375732421875,1.9771003723144531,0.8882262706756592,0.8128290176391602
14,1351,105.01588439941406,453.8726501464844,1.9876207113265991,1.4746060371398926,1.6978816986083984
14,1352,106.05201721191406,534.319580078125,1.7540020942687988,1.5431773662567139,1.3834028244018555
14,1353,127.81120300292969,675.8057861328125,2.0076873302459717,1.9497874975204468,1.4288129806518555
14,1354,165.09823608398438,997.040283203125,2.1798064708709717,2.5087289810180664,1.4936704635620117
14,1355,135.379638671875,788.1639404296875,1.8854411840438843,1.616923213005066,1.1968669891357422
14,1356,104.83837890625,466.0638122558594,1.9410667419433594,1.6165192127227783,1.7337818145751953
14,1357,236.3681640625,1700.2950439453125,2.2112884521484375,2.800403594970703,1.4313440322875977
14,1358,133.826171875,739.887451171875,1.9945807456970215,1.5429246425628662,1.8123722076416016
14,1359,105.56254577636719,412.71044921875,2.143049955368042,1.1600217819213867,1.3668975830078125
14,1360,87.46748352050781,313.13604736328125,1.871795892715454,1.3802398443222046,1.115351676940918
14,1361,101.90363311767578,418.8346862792969,2.0006721019744873,1.491750717163086,0.9669733047485352
14,1362,107.92805480957031,389.32470703125,2.2998528480529785,1.4736063480377197,1.267420768737793
14,1363,100.91178894042969,357.8974304199219,2.1707348823547363,1.5336991548538208,0.9867057800292969
14,1364,87.45563507080078,284.0162658691406,1.9684669971466064,1.3538774251937866,0.7761411666870117
14,1365,117.56355285644531,587.872314453125,1.959210753440857,2.032451868057251,1.1701898574829102
14,1366,112.72555541992188,555.9754028320312,1.9042670726776123,1.5816460847854614,1.3478546142578125
14,1367,111.78486633300781,525.4628295898438,1.9746193885803223,1.5534651279449463,1.2252721786499023
14,1368,105.62129211425781,464.6019287109375,1.972036600112915,1.8379311561584473,1.0386171340942383
14,1369,97.66261291503906,354.3052673339844,2.0744030475616455,1.175254225730896,1.0351028442382812
14,1370,101.97747802734375,390.9068603515625,2.096226215362549,1.6062557697296143,0.9986953735351562
14,1371,97.29641723632812,380.0838623046875,1.9762678146362305,1.6127228736877441,0.9618568420410156
14,1372,94.24610137939453,392.15093994140625,1.834366798400879,1.3491783142089844,1.2964048385620117
14,1373,103.47891998291016,475.6160583496094,1.863910436630249,1.4636130332946777,1.4008674621582031
14,1374,81.57426452636719,285.2711181640625,1.7682383060455322,1.507811188697815,0.6052913665771484
14,1375,95.44110107421875,413.99017333984375,1.8014029264450073,1.4534282684326172,1.3363761901855469
14,1376,88.4716796875,337.1023864746094,1.8253813982009888,1.1312685012817383,1.1815099716186523
14,1377,90.902099609375,357.4405822753906,1.8386011123657227,1.5304571390151978,0.9190378189086914
14,1378,97.5467300415039,329.3354797363281,2.1537728309631348,1.294144630432129,1.353470802307129
14,1379,100.18040466308594,490.7303466796875,1.7035788297653198,1.6446219682693481,1.343174934387207
14,1380,98.68038940429688,382.8017578125,2.0133402347564697,1.5824158191680908,0.977910041809082
14,1381,76.01918029785156,266.5499267578125,1.6454730033874512,1.2272889614105225,0.8089971542358398
14,1382,120.25677490234375,606.5478515625,1.9867329597473145,1.7869130373001099,1.317403793334961
14,1383,115.09075164794922,583.83740234375,1.8902337551116943,1.9698486328125,1.1716184616088867
14,1384,106.88235473632812,398.32501220703125,2.234994888305664,1.0274206399917603,1.559549331665039
14,1385,126.53215026855469,614.8272094726562,2.1683144569396973,1.5071443319320679,1.6707773208618164
14,1386,177.86410522460938,1100.5302734375,2.260369300842285,1.979628324508667,1.4664306640625
14,1387,145.01925659179688,908.4828491210938,1.8056988716125488,1.9851675033569336,1.2082414627075195
14,1388,124.45905303955078,651.4353637695312,1.9771838188171387,1.7982637882232666,1.4662046432495117
14,1389,100.5223617553711,316.0069274902344,2.297389030456543,1.5654388666152954,0.8365859985351562
14,1390,102.85693359375,410.34686279296875,2.060741424560547,1.6245657205581665,1.3893470764160156
14,1391,119.13642883300781,638.7491455078125,1.842050313949585,2.0227973461151123,1.2850170135498047
14,1392,163.2879638671875,1055.154541015625,1.9257502555847168,1.7980833053588867,1.7036323547363281
14,1393,84.23319244384766,291.378662109375,1.8365108966827393,1.0395911931991577,1.2382392883300781
14,1394,79.5087661743164,223.6971435546875,1.904634952545166,1.10736083984375,1.0603303909301758
14,1395,114.85603332519531,510.01702880859375,2.1284775733947754,1.8278491497039795,1.281515121459961
14,1396,177.42530822753906,1132.1649169921875,2.140293836593628,2.6911439895629883,0.9655380249023438
14,1397,149.22230529785156,899.8221435546875,1.9746696949005127,2.050806760787964,1.3801469802856445
14,1398,88.30155944824219,311.2467041015625,1.9058964252471924,1.2050453424453735,1.1713600158691406
14,1399,127.3712158203125,507.676025390625,2.5534539222717285,1.7800827026367188,1.3359375
14,1400,87.7110824584961,312.7560119628906,1.8811826705932617,1.3864126205444336,1.0752573013305664
14,1401,101.51988983154297,396.75018310546875,2.061495780944824,1.4515380859375,1.5599193572998047
14,1402,121.03291320800781,522.3531494140625,2.293252944946289,1.715601921081543,1.2577753067016602
14,1403,168.04283142089844,1112.3546142578125,1.8935790061950684,2.6266541481018066,0.8825321197509766
14,1404,105.61866760253906,490.0379943847656,1.887162208557129,1.5029942989349365,1.119734764099121
14,1405,84.53236389160156,381.803466796875,1.5450671911239624,1.2339997291564941,1.0614051818847656
14,1406,148.0052490234375,817.5035400390625,2.20849609375,1.8519816398620605,1.1690168380737305
14,1407,91.33700561523438,285.4540710449219,2.0930533409118652,0.9950640201568604,1.041611671447754
14,1408,110.83129119873047,442.41827392578125,2.219648838043213,1.4542732238769531,1.2877960205078125
14,1409,80.49715423583984,198.57208251953125,2.021331548690796,0.8627897500991821,0.9824304580688477
14,1410,106.900146484375,481.39691162109375,1.9586819410324097,1.2996387481689453,1.3814449310302734
14,1411,214.35406494140625,1514.0416259765625,2.09833025932312,2.408871650695801,0.8332023620605469
14,1412,105.72412109375,420.142333984375,2.1236629486083984,1.3778603076934814,0.9656515121459961
14,1413,92.03067779541016,276.97991943359375,2.144423007965088,1.0326130390167236,1.1076393127441406
14,1414,82.28297424316406,305.5760803222656,1.7241787910461426,1.180302381515503,1.2291059494018555
14,1415,95.240478515625,390.9264831542969,1.8715941905975342,1.6505475044250488,0.7658405303955078
14,1416,187.91351318359375,1154.2884521484375,2.4161553382873535,2.0367918014526367,1.3418855667114258
14,1417,132.76385498046875,677.8246459960938,2.166046380996704,1.8438267707824707,1.150395393371582
14,1418,90.79003143310547,322.97760009765625,1.9497424364089966,1.505105972290039,1.1606636047363281
14,1419,83.99933624267578,284.8895263671875,1.8503460884094238,1.2334166765213013,0.9859237670898438
14,1420,232.55218505859375,1624.827392578125,2.3356480598449707,2.5031776428222656,1.152658462524414
14,1421,114.38263702392578,521.7691650390625,2.073523998260498,1.3037450313568115,1.283259391784668
14,1422,92.12409973144531,291.963134765625,2.097592830657959,1.2284142971038818,1.0320415496826172
14,1423,93.91078186035156,391.0821533203125,1.8267520666122437,1.5633082389831543,0.9001398086547852
14,1424,87.6247787475586,287.3183288574219,1.9630982875823975,1.3364198207855225,1.035201072692871
14,1425,102.15425872802734,422.55047607421875,1.9966404438018799,1.5190949440002441,1.1457595825195312
14,1426,227.3369140625,1634.566650390625,2.1293416023254395,3.1365761756896973,0.9513816833496094
14,1427,89.80697631835938,355.57415771484375,1.808318853378296,1.4940214157104492,0.9744186401367188
14,1428,106.09325408935547,477.7161865234375,1.9440544843673706,1.449229121208191,1.2848968505859375
14,1429,95.96118927001953,397.0881652832031,1.8750791549682617,1.6273219585418701,1.122650146484375
14,1430,89.03846740722656,254.34825134277344,2.120121479034424,1.2642614841461182,0.8290042877197266
14,1431,107.48641967773438,479.41009521484375,1.984846830368042,1.767086148262024,1.2151622772216797
14,1432,82.33493041992188,273.5481872558594,1.8326704502105713,1.3923479318618774,0.9910058975219727
14,1433,111.47882843017578,551.8138427734375,1.8765814304351807,1.6100963354110718,1.544504165649414
14,1434,159.82931518554688,1021.1967163085938,1.9236544370651245,1.9019763469696045,1.6972112655639648
14,1435,101.00277709960938,370.79736328125,2.130768060684204,1.547498345375061,1.011260986328125
14,1436,83.89739990234375,308.1877136230469,1.7692874670028687,1.3925431966781616,0.9050807952880859
14,1437,108.69789123535156,534.4948120117188,1.841613531112671,1.5197629928588867,1.4441118240356445
14,1438,82.97987365722656,273.5502624511719,1.8541615009307861,1.4561532735824585,1.1706619262695312
14,1439,242.0279083251953,1871.494384765625,1.8292820453643799,2.321897268295288,1.545888900756836
14,1440,104.31733703613281,472.00567626953125,1.9038922786712646,1.2421774864196777,1.2088146209716797
14,1441,90.3392333984375,367.490966796875,1.786337971687317,1.358291745185852,1.3630990982055664
14,1442,106.99341583251953,449.17816162109375,2.0691866874694824,1.446409821510315,1.5072259902954102
14,1443,122.77731323242188,585.2576904296875,2.1417179107666016,1.8457430601119995,1.3049278259277344
14,1444,111.84716796875,525.5430908203125,1.976428747177124,1.6016863584518433,1.8223743438720703
14,1445,84.09481048583984,320.837646484375,1.733701467514038,1.7666871547698975,0.5350217819213867
14,1446,88.0677490234375,312.34344482421875,1.8944469690322876,1.2170478105545044,1.392104148864746
14,1447,108.59230041503906,467.10260009765625,2.062734603881836,1.6949777603149414,1.2292757034301758
14,1448,95.21160888671875,393.4423828125,1.862245798110962,1.3089994192123413,0.9290390014648438
14,1449,138.21058654785156,725.2005615234375,2.1896843910217285,1.7079637050628662,1.628310203552246
14,1450,103.79357147216797,420.1329345703125,2.059342622756958,1.4738421440124512,1.3552789688110352
14,1451,94.20750427246094,417.05535888671875,1.750065565109253,1.5703336000442505,1.1195716857910156
14,1452,92.99021911621094,365.6768798828125,1.8807508945465088,1.5191333293914795,1.3335809707641602
14,1453,92.88224792480469,404.5130615234375,1.747698187828064,1.2325217723846436,1.2660551071166992
14,1454,98.31864929199219,437.5660705566406,1.818734884262085,1.4014064073562622,1.4972639083862305
14,1455,94.98463439941406,396.4542541503906,1.8446402549743652,1.718991994857788,1.006204605102539
14,1456,140.5492401123047,820.4386596679688,1.9501789808273315,2.0762765407562256,2.0617218017578125
14,1457,93.01004028320312,322.74090576171875,2.024531841278076,1.7442312240600586,1.012746810913086
14,1458,299.6109924316406,2374.733154296875,2.071256399154663,2.728898048400879,1.4640436172485352
14,1459,141.28231811523438,786.4109497070312,2.088040351867676,2.2322638034820557,1.0602426528930664
14,1460,87.13685607910156,349.6742248535156,1.7389812469482422,1.4213365316390991,1.0304574966430664
14,1461,113.19522857666016,551.1370849609375,1.9360506534576416,1.7309038639068604,1.2997770309448242
14,1462,97.24662780761719,461.47235107421875,1.703312873840332,1.6528923511505127,1.1302642822265625
14,1463,93.59497833251953,307.3065185546875,2.09547758102417,1.3283569812774658,1.0274438858032227
14,1464,179.498046875,1114.093994140625,2.2696213722229004,2.1549830436706543,1.4618377685546875
14,1465,103.72319793701172,369.6297302246094,2.2253408432006836,1.1423141956329346,1.645674705505371
14,1466,86.7393798828125,321.7212829589844,1.8189083337783813,1.3181545734405518,1.41558837890625
14,1467,109.09660339355469,496.53717041015625,1.9814296960830688,1.603529453277588,1.241135597229004
14,1468,101.8330078125,341.94036865234375,2.2546322345733643,1.0840404033660889,1.5962133407592773
14,1469,144.57952880859375,823.8604736328125,2.0731163024902344,1.288546085357666,1.782576560974121
14,1470,89.78020477294922,383.2010803222656,1.7153364419937134,1.2832697629928589,1.1512203216552734
14,1471,84.20112609863281,308.8060607910156,1.777350664138794,0.8948862552642822,1.3722553253173828
14,1472,94.23556518554688,345.3573913574219,1.9899940490722656,1.2653740644454956,1.2609987258911133
14,1473,86.99431610107422,252.1266632080078,2.0593883991241455,1.2884492874145508,0.9346189498901367
14,1474,100.80238342285156,346.0382080078125,2.2066187858581543,1.4514273405075073,0.8420095443725586
14,1475,120.44326782226562,524.5433959960938,2.2662973403930664,1.2553329467773438,1.644515037536621
14,1476,113.31885528564453,599.4126586914062,1.7792530059814453,1.4935028553009033,0.957371711730957
14,1477,111.40876770019531,485.364501953125,2.0957441329956055,1.348173975944519,1.5424718856811523
14,1478,358.3209533691406,2974.183349609375,2.0300872325897217,3.4816949367523193,1.5738182067871094
14,1479,98.38825225830078,419.564453125,1.8810601234436035,1.9820202589035034,0.728764533996582
14,1480,97.89998626708984,389.01165771484375,1.9666273593902588,1.323432207107544,1.6187915802001953
14,1481,116.39765930175781,648.5956420898438,1.717936396598816,1.738854169845581,1.6684894561767578
14,1482,101.15818786621094,364.09100341796875,2.1583027839660645,1.503718614578247,1.1690998077392578
14,1483,86.43411254882812,344.8926086425781,1.7314951419830322,1.3060187101364136,1.236567497253418
14,1484,88.84906768798828,279.2189636230469,2.0309057235717773,1.3962100744247437,0.915064811706543
14,1485,202.4347381591797,1389.3331298828125,2.1167140007019043,2.2270758152008057,1.4891386032104492
14,1486,93.8163833618164,307.6383361816406,2.1017515659332275,0.9459220170974731,1.0614871978759766
14,1487,86.55078887939453,276.3406982421875,1.963890552520752,1.1862010955810547,1.152383804321289
14,1488,145.04049682617188,932.251220703125,1.7271795272827148,2.199280261993408,1.9165687561035156
14,1489,100.25593566894531,419.92425537109375,1.9421169757843018,1.7922241687774658,0.8947849273681641
14,1490,118.78388214111328,581.407958984375,2.0214362144470215,1.422382116317749,1.4244518280029297
14,1491,111.26588439941406,469.6217041015625,2.1434569358825684,1.880533218383789,0.9445695877075195
14,1492,92.58885192871094,340.11309814453125,1.9525848627090454,1.1610636711120605,1.288442611694336
14,1493,111.14312744140625,498.6762390136719,2.0425167083740234,1.3954837322235107,1.607396125793457
14,1494,103.8472900390625,413.1885070800781,2.0842812061309814,1.2474147081375122,1.1668920516967773
14,1495,81.25117492675781,282.9010009765625,1.7653692960739136,1.3144793510437012,0.8514242172241211
14,1496,127.13407897949219,687.414794921875,1.9464199542999268,1.9444063901901245,1.3945817947387695
14,1497,98.04407501220703,342.16326904296875,2.127591609954834,1.4214990139007568,1.2929162979125977
14,1498,109.68513488769531,450.97119140625,2.1529340744018555,1.2356867790222168,1.6124563217163086
14,1499,136.95367431640625,742.7822265625,2.089181900024414,1.919008731842041,1.4705085754394531
14,1500,113.65408325195312,503.5750427246094,2.1098859310150146,1.3956079483032227,1.6186628341674805
14,1501,103.46849060058594,417.51568603515625,2.0572309494018555,1.3916656970977783,0.9091577529907227
14,1502,112.95024108886719,447.8333740234375,2.2722299098968506,1.190107822418213,1.728515625
14,1503,100.14592742919922,445.0889587402344,1.8545677661895752,1.2838413715362549,1.510188102722168
14,1504,92.16072082519531,392.1262512207031,1.7649364471435547,1.240253210067749,1.2759523391723633
14,1505,154.65032958984375,895.8050537109375,2.168994426727295,2.1865108013153076,1.0544729232788086
14,1506,116.80098724365234,567.0695190429688,2.0031344890594482,1.866438388824463,1.5357704162597656
14,1507,99.71943664550781,381.6030578613281,2.051970958709717,1.1069079637527466,1.3567867279052734
14,1508,93.83268737792969,369.468505859375,1.8961946964263916,1.428125023841858,1.4230928421020508
14,1509,113.01065063476562,529.0593872070312,2.003490447998047,1.4356309175491333,1.542379379272461
14,1510,113.78456115722656,507.84912109375,2.0999884605407715,1.7610350847244263,1.7718267440795898
14,1511,99.809326171875,439.7747497558594,1.8610615730285645,1.543257236480713,1.2304954528808594
14,1512,92.9407958984375,326.78173828125,2.008754014968872,1.2926071882247925,1.1733503341674805
14,1513,106.82146453857422,550.2614135742188,1.726510763168335,2.0871472358703613,0.984375
14,1514,120.63487243652344,629.9834594726562,1.9212173223495483,2.2285046577453613,1.2472190856933594
14,1515,100.74006652832031,412.80352783203125,1.9819904565811157,1.3648613691329956,1.1457853317260742
14,1516,90.21292877197266,316.13427734375,1.953316569328308,1.354398250579834,0.9793014526367188
14,1517,86.88813781738281,339.64678955078125,1.764115333557129,1.3156628608703613,1.2459039688110352
14,1518,95.87498474121094,325.19384765625,2.1118531227111816,1.4218778610229492,1.2929821014404297
14,1519,95.03256225585938,358.7419738769531,1.9719452857971191,1.116502285003662,1.1725378036499023
14,1520,94.20598602294922,371.84954833984375,1.9007010459899902,1.4031131267547607,1.5010366439819336
14,1521,100.98921203613281,387.44293212890625,2.0748305320739746,1.4022769927978516,1.193124771118164
14,1522,89.6566390991211,321.3605041503906,1.9173529148101807,1.1543140411376953,1.2467241287231445
14,1523,81.10244750976562,246.9319305419922,1.8803085088729858,1.0066322088241577,0.9069309234619141
14,1524,78.2216796875,252.27792358398438,1.766462802886963,1.2256237268447876,1.073145866394043
14,1525,97.98489379882812,343.53997802734375,2.1210296154022217,1.3007928133010864,1.2831335067749023
14,1526,95.85987854003906,422.1747131347656,1.7880803346633911,1.6876295804977417,1.1349105834960938
14,1527,120.53062438964844,487.2239685058594,2.3936076164245605,1.8505845069885254,1.2657442092895508
14,1528,93.1143569946289,394.59185791015625,1.7885056734085083,1.3125807046890259,1.2709856033325195
14,1529,85.16537475585938,279.55523681640625,1.9069948196411133,1.3651161193847656,1.0402460098266602
14,1530,89.45116424560547,285.96063232421875,2.02850341796875,1.2139170169830322,0.866119384765625
14,1531,128.81997680664062,725.39501953125,1.8760159015655518,1.821820855140686,1.616220474243164
14,1532,95.2625732421875,303.1666259765625,2.1648635864257812,1.0504143238067627,0.8301630020141602
14,1533,101.16138458251953,400.51885986328125,2.0369832515716553,1.6329790353775024,1.1375732421875
14,1534,109.04801940917969,469.5661315917969,2.0697133541107178,1.4373458623886108,1.7778043746948242
14,1535,117.23937225341797,653.56298828125,1.729435682296753,2.06789493560791,1.3479375839233398
14,1536,97.51757049560547,473.06072998046875,1.67371666431427,1.3126686811447144,1.4415159225463867
14,1537,216.6026611328125,1517.5850830078125,2.1614718437194824,2.972781181335449,1.2968778610229492
14,1538,83.43666076660156,307.5666198730469,1.75600004196167,1.3524491786956787,0.997767448425293
14,1539,86.30435180664062,324.5679626464844,1.794918417930603,1.2396881580352783,1.1403064727783203
14,1540,130.7719268798828,634.1649169921875,2.245181083679199,1.9177134037017822,1.3767871856689453
14,1541,99.17376708984375,449.0127258300781,1.8090832233428955,1.6295478343963623,1.3200292587280273
14,1542,95.38017272949219,401.42022705078125,1.8412716388702393,1.370241641998291,1.2055025100708008
14,1543,156.44992065429688,938.916259765625,2.0852766036987305,2.2477633953094482,1.2636213302612305
14,1544,114.91419982910156,544.14013671875,2.0166730880737305,2.092768430709839,0.8725957870483398
14,1545,87.2729721069336,246.64346313476562,2.086954116821289,1.4459636211395264,0.7418069839477539
14,1546,116.16508483886719,486.1843566894531,2.2515549659729004,1.7606632709503174,1.342350959777832
14,1547,106.86771392822266,484.3243408203125,1.9478425979614258,1.8293068408966064,1.3237981796264648
14,1548,102.97531127929688,415.16717529296875,2.0486197471618652,1.251744270324707,0.9572639465332031
14,1549,135.84890747070312,648.3904418945312,2.3669958114624023,1.9114048480987549,1.5794744491577148
14,1550,118.27941131591797,491.69500732421875,2.303663730621338,1.7155996561050415,1.2649450302124023
14,1551,142.52276611328125,893.6083984375,1.772063970565796,2.3666086196899414,1.4721126556396484
14,1552,249.33981323242188,1900.285888671875,1.9770402908325195,2.6236820220947266,1.409942626953125
14,1553,98.46519470214844,351.6399230957031,2.1100401878356934,1.1342554092407227,1.4182395935058594
14,1554,76.3903579711914,263.23028564453125,1.6689109802246094,1.1522760391235352,1.3754463195800781
14,1555,85.29432678222656,364.79595947265625,1.6271576881408691,1.4204399585723877,1.0407648086547852
14,1556,102.89877319335938,434.4662170410156,1.9817384481430054,1.634739875793457,1.4825458526611328
14,1557,74.2748794555664,198.09095764160156,1.8155262470245361,0.9020833373069763,1.0341663360595703
14,1558,81.92440795898438,326.6642150878906,1.6419328451156616,0.9830661416053772,1.3426036834716797
14,1559,102.4410171508789,422.0857238769531,2.0077481269836426,1.5558745861053467,1.1098241806030273
14,1560,86.85908508300781,222.10781860351562,2.1549432277679443,0.9980071783065796,1.0015087127685547
14,1561,82.54483032226562,248.0828094482422,1.9245517253875732,1.412480354309082,0.7312049865722656
14,1562,132.1958770751953,595.113037109375,2.422819137573242,1.9135158061981201,1.0627307891845703
14,1563,89.81999969482422,266.76300048828125,2.104789972305298,1.368544578552246,0.8268184661865234
14,1564,114.73544311523438,483.8885498046875,2.211552858352661,1.6839089393615723,1.5548133850097656
14,1565,101.69227600097656,344.71417236328125,2.2406954765319824,1.4204292297363281,1.1456422805786133
14,1566,111.30109405517578,507.802490234375,2.0173614025115967,1.9607895612716675,1.116042137145996
14,1567,102.7655029296875,416.29119873046875,2.037879467010498,1.6830813884735107,1.200758934020996
14,1568,174.72982788085938,1178.439697265625,1.8961951732635498,2.1122288703918457,1.2829408645629883
14,1569,97.40501403808594,363.4939270019531,2.0351874828338623,1.5031986236572266,1.3412742614746094
14,1570,102.84850311279297,436.560791015625,1.9730808734893799,1.6869021654129028,1.511404037475586
14,1571,94.75498962402344,448.6946716308594,1.6628507375717163,1.2421631813049316,1.2856245040893555
14,1572,79.66075897216797,259.7335205078125,1.789580225944519,1.2245326042175293,1.0269880294799805
14,1573,102.0902328491211,403.2608947753906,2.058804750442505,0.8954157829284668,0.9855995178222656
14,1574,101.14073181152344,417.5379638671875,1.9795644283294678,1.5561678409576416,1.065171241760254
14,1575,109.75827026367188,604.745361328125,1.6427910327911377,1.3678606748580933,1.747908592224121
14,1576,78.9281005859375,264.865478515625,1.7480517625808716,1.2350248098373413,0.9353389739990234
14,1577,123.07575988769531,605.1658325195312,2.08530592918396,2.3063817024230957,1.0698699951171875
14,1578,118.84457397460938,537.9384155273438,2.1683578491210938,1.7201673984527588,1.070749282836914
14,1579,92.708251953125,371.51727294921875,1.851884126663208,1.4929933547973633,0.8864316940307617
14,1580,114.3619384765625,490.367431640625,2.177506446838379,1.5892400741577148,1.502211570739746
14,1581,128.6400604248047,633.8816528320312,2.175063133239746,1.4599976539611816,1.641632080078125
14,1582,214.89309692382812,1415.3497314453125,2.4452710151672363,3.0183897018432617,0.9102487564086914
14,1583,81.73915100097656,221.53805541992188,1.9861780405044556,1.1553747653961182,0.8962440490722656
14,1584,127.96629333496094,648.3134765625,2.1044981479644775,2.021981716156006,1.2017335891723633
14,1585,91.52912902832031,309.4124755859375,2.0195960998535156,1.1159567832946777,1.1092395782470703
14,1586,95.20191192626953,287.9636535644531,2.2135183811187744,0.9727435111999512,1.3098573684692383
14,1587,186.16177368164062,1218.8709716796875,2.142489433288574,2.233828067779541,1.3429374694824219
14,1588,87.09818267822266,302.94415283203125,1.8934588432312012,1.51042640209198,0.8718461990356445
14,1589,117.83688354492188,613.6984252929688,1.8822345733642578,1.6009511947631836,1.219217300415039
14,1590,106.23220825195312,394.5312194824219,2.2259697914123535,1.3196815252304077,1.2203187942504883
14,1591,122.60752868652344,565.697998046875,2.2012574672698975,1.9264119863510132,0.9527091979980469
14,1592,105.48262023925781,538.3968505859375,1.7214312553405762,1.6925251483917236,1.5864620208740234
14,1593,78.15086364746094,275.4778137207031,1.6867694854736328,1.193861961364746,1.034616470336914
14,1594,96.88995361328125,347.7035827636719,2.070652961730957,1.3642194271087646,1.1320877075195312
14,1595,173.80349731445312,1015.676025390625,2.407862901687622,2.954756259918213,1.18023681640625
14,1596,105.71235656738281,415.3111572265625,2.1393747329711914,1.5862460136413574,0.9696903228759766
14,1597,97.29901885986328,428.80743408203125,1.8139424324035645,1.583084225654602,1.312795639038086
14,1598,110.71044921875,503.86767578125,2.010789394378662,1.8880817890167236,1.0343742370605469
14,1599,105.20742797851562,420.6144104003906,2.1048660278320312,1.7245922088623047,1.1400270462036133
14,1600,108.4422607421875,541.9874877929688,1.808117151260376,1.3695225715637207,1.7129631042480469
14,1601,295.99285888671875,2386.66552734375,1.9108774662017822,1.8895325660705566,2.425933837890625
14,1602,338.29736328125,2733.91015625,2.1635446548461914,2.915800094604492,1.2893810272216797
14,1603,96.94365692138672,392.42724609375,1.9233644008636475,1.5953342914581299,1.1746149063110352
14,1604,117.07731628417969,563.430419921875,2.0244758129119873,1.9707121849060059,1.374617576599121
14,1605,103.59255981445312,393.1812744140625,2.1424808502197266,1.6621780395507812,1.2572402954101562
14,1606,97.93701171875,364.89166259765625,2.0482616424560547,1.776082992553711,1.0768003463745117
14,1607,103.72628784179688,389.2418212890625,2.1600699424743652,1.502363681793213,1.147491455078125
14,1608,106.92192077636719,534.05126953125,1.78389310836792,1.8845975399017334,1.4570016860961914
14,1609,105.95396423339844,567.2603759765625,1.6409308910369873,1.2669144868850708,1.462204933166504
14,1610,104.48082733154297,427.64947509765625,2.0571959018707275,1.6230725049972534,1.2192249298095703
14,1611,114.30763244628906,451.373046875,2.305677652359009,1.6835768222808838,1.3265562057495117
14,1612,106.423583984375,534.9501953125,1.7642853260040283,1.4365772008895874,1.325495719909668
14,1613,123.02812194824219,620.5626831054688,2.0323948860168457,2.3163387775421143,0.9891233444213867
14,1614,121.67083740234375,711.4051513671875,1.6843438148498535,2.0295603275299072,0.9585771560668945
14,1615,106.7943115234375,409.8221435546875,2.1937365531921387,1.4124027490615845,1.3991661071777344
14,1616,172.32382202148438,991.7482299804688,2.438300132751465,2.5775861740112305,1.2702093124389648
14,1617,104.15089416503906,455.12506103515625,1.9546128511428833,2.005305767059326,1.093038558959961
14,1618,83.46015930175781,256.5711364746094,1.926768183708191,1.2103395462036133,0.9812917709350586
14,1619,93.24369049072266,271.2724914550781,2.20388126373291,1.2232552766799927,1.1040382385253906
14,1620,108.55221557617188,526.551513671875,1.863235354423523,1.0732017755508423,1.5209369659423828
14,1621,81.994873046875,288.3419189453125,1.7720226049423218,1.1559971570968628,1.0191078186035156
14,1622,108.97711181640625,504.75970458984375,1.950037956237793,1.36358642578125,1.4563989639282227
14,1623,161.7794189453125,919.06298828125,2.329103469848633,2.6053030490875244,1.2438640594482422
14,1624,93.51765441894531,334.81951904296875,2.001190185546875,1.296926736831665,1.2164936065673828
14,1625,108.26232147216797,489.5504150390625,1.9769092798233032,1.4493595361709595,0.9518108367919922
14,1626,95.4921875,361.5257263183594,1.9779871702194214,1.1367775201797485,1.3885421752929688
14,1627,100.26025390625,342.2804870605469,2.201073408126831,1.4738941192626953,1.0541925430297852
14,1628,98.15414428710938,351.19976806640625,2.1011390686035156,1.5321173667907715,1.1935644149780273
14,1629,101.62672424316406,467.5045471191406,1.8292089700698853,1.7320902347564697,1.2986688613891602
14,1630,83.42428588867188,338.094970703125,1.653826117515564,1.3010330200195312,1.3005123138427734
14,1631,113.57347106933594,532.2711791992188,2.011545181274414,1.4385356903076172,1.3501548767089844
14,1632,146.58065795898438,846.7079467773438,2.063661813735962,2.0200037956237793,0.8507881164550781
14,1633,94.76013946533203,381.5130920410156,1.8869609832763672,1.4528180360794067,1.3573265075683594
14,1634,98.8502197265625,452.86334228515625,1.785462737083435,1.5668283700942993,1.0253477096557617
14,1635,103.02619934082031,411.5184631347656,2.062478542327881,1.4921844005584717,1.175771713256836
14,1636,96.83561706542969,349.64892578125,2.0623574256896973,1.4233930110931396,1.3513755798339844
14,1637,99.72823333740234,362.2247314453125,2.116858720779419,1.4836125373840332,0.945775032043457
14,1638,101.76590728759766,443.3640441894531,1.9143166542053223,1.4139595031738281,1.4494447708129883
14,1639,110.91610717773438,540.5994262695312,1.8952052593231201,1.3280363082885742,1.603358268737793
14,1640,137.65786743164062,851.6452026367188,1.7497780323028564,1.7795536518096924,1.0610523223876953
14,1641,72.28460693359375,182.72193908691406,1.8004138469696045,1.1922379732131958,0.8729486465454102
14,1642,96.31108093261719,357.8469543457031,2.0175461769104004,1.2834184169769287,0.8038434982299805
14,1643,92.02616882324219,372.0971374511719,1.8272151947021484,1.322204828262329,1.422511100769043
14,1644,148.3297119140625,847.523681640625,2.1192445755004883,2.0593204498291016,1.0957565307617188
14,1645,143.31271362304688,765.23681640625,2.2263011932373047,2.050586223602295,1.153228759765625
14,1646,98.42019653320312,338.4010009765625,2.15267014503479,1.2898584604263306,1.3240251541137695
14,1647,107.82763671875,470.066650390625,2.0273656845092773,1.6162750720977783,1.1705989837646484
14,1648,101.11788177490234,441.1170654296875,1.9002058506011963,1.5941835641860962,1.2340030670166016
14,1649,98.47653198242188,340.9378662109375,2.1460914611816406,1.254894733428955,1.15545654296875
14,1650,102.91535186767578,393.0130615234375,2.1204681396484375,1.6559677124023438,1.068812370300293
14,1651,81.97147369384766,242.67034912109375,1.9234812259674072,1.3159414529800415,0.8775520324707031
14,1652,122.040771484375,653.7138671875,1.8889793157577515,1.7042888402938843,1.7803525924682617
14,1653,133.96636962890625,719.69970703125,2.066546678543091,1.8728351593017578,1.358551025390625
14,1654,272.8273010253906,2101.665283203125,2.0886921882629395,2.9356369972229004,1.5474128723144531
14,1655,109.06797790527344,513.388916015625,1.9243026971817017,1.7709975242614746,1.5175037384033203
14,1656,117.9344711303711,441.0538330078125,2.4609694480895996,1.4449517726898193,1.295358657836914
14,1657,90.28433990478516,330.9007263183594,1.90647554397583,1.7001190185546875,0.7991523742675781
14,1658,108.98826599121094,339.1103515625,2.5025744438171387,1.5801408290863037,1.3595943450927734
14,1659,129.212890625,707.3990478515625,1.9490991830825806,1.7579693794250488,1.2495994567871094
14,1660,100.06884002685547,393.1143493652344,2.0252468585968018,1.5400118827819824,0.972804069519043
14,1661,106.04490661621094,427.9324951171875,2.108388662338257,1.40552818775177,1.1505546569824219
14,1662,114.46797180175781,616.65283203125,1.7600895166397095,1.6673946380615234,1.3643178939819336
14,1663,127.3201904296875,585.4134521484375,2.292628049850464,1.9747743606567383,1.001265525817871
14,1664,100.63043212890625,467.92236328125,1.7946064472198486,1.5212883949279785,1.5308141708374023
14,1665,116.58802795410156,481.2767028808594,2.2820119857788086,1.6359118223190308,1.134775161743164
14,1666,106.9098892211914,469.6171875,1.9982722997665405,1.8153769969940186,0.9946756362915039
14,1667,107.076904296875,514.059814453125,1.855697512626648,1.2904915809631348,1.2985467910766602
14,1668,96.7525634765625,434.36669921875,1.7771962881088257,1.5434249639511108,1.3601388931274414
14,1669,101.7236099243164,398.26708984375,2.063230037689209,1.4558308124542236,1.1798973083496094
14,1670,103.1431884765625,460.61590576171875,1.9027199745178223,1.5392831563949585,0.9256200790405273
14,1671,95.81416320800781,305.42584228515625,2.1757192611694336,1.5597186088562012,0.7902126312255859
14,1672,102.57254791259766,419.5498352050781,2.020585536956787,1.5312578678131104,1.1349468231201172
14,1673,79.98150634765625,283.6024475097656,1.7207087278366089,1.119490385055542,1.1091156005859375
14,1674,111.42063903808594,427.96435546875,2.287473201751709,1.2647731304168701,1.0023250579833984
14,1675,79.82521057128906,188.1725311279297,2.0335984230041504,1.0905473232269287,0.7433347702026367
14,1676,103.94639587402344,426.91802978515625,2.0418198108673096,1.5688588619232178,1.3731307983398438
14,1677,103.72412109375,388.90093994140625,2.1611342430114746,1.4002032279968262,1.254817008972168
14,1678,106.45263671875,477.9772033691406,1.9551639556884766,1.651321291923523,1.3044795989990234
14,1679,137.8976287841797,730.26220703125,2.1623802185058594,2.040820598602295,1.5772886276245117
14,1680,100.98359680175781,328.254150390625,2.271939277648926,1.4021154642105103,1.1481781005859375
14,1681,92.43304443359375,310.1968688964844,2.047111988067627,1.3717939853668213,1.0964679718017578
14,1682,384.9326171875,3197.953369140625,2.1712422370910645,3.7097997665405273,1.208475112915039
14,1683,131.06698608398438,620.2200927734375,2.3014988899230957,2.1314618587493896,1.0146551132202148
14,1684,87.32955169677734,277.90972900390625,1.9846192598342896,1.3976513147354126,0.8537712097167969
14,1685,100.51042938232422,426.27557373046875,1.9294289350509644,1.5493500232696533,1.2494134902954102
14,1686,120.15403747558594,542.2646484375,2.1975855827331543,0.9892676472663879,1.6481742858886719
14,1687,262.22503662109375,1993.5740966796875,2.0955872535705566,2.716386318206787,1.2250852584838867
14,1688,107.6130142211914,488.5396728515625,1.958634853363037,2.0610427856445312,0.9892578125
14,1689,125.52993774414062,672.9032592773438,1.9413204193115234,1.8095821142196655,1.0929346084594727
14,1690,92.22858428955078,384.0216369628906,1.7942140102386475,1.2502349615097046,1.1519393920898438
14,1691,86.16507720947266,286.9001159667969,1.9158356189727783,1.3187230825424194,0.919672966003418
14,1692,105.3740234375,397.7215576171875,2.1867289543151855,1.7418315410614014,1.066838264465332
14,1693,96.61395263671875,348.0772705078125,2.0602073669433594,1.5583093166351318,1.3071317672729492
14,1694,101.97332000732422,434.559814453125,1.950577974319458,1.357460379600525,1.495859146118164
14,1695,135.00704956054688,762.5523071289062,1.9583938121795654,1.9210768938064575,0.9016551971435547
14,1696,79.14900207519531,268.5126953125,1.7432576417922974,1.3296031951904297,0.9452648162841797
14,1697,204.94703674316406,1464.62548828125,1.949482798576355,2.4193973541259766,0.961756706237793
14,1698,99.02978515625,368.0708312988281,2.0740902423858643,1.4881160259246826,0.7216053009033203
14,1699,104.05641174316406,368.40667724609375,2.2405247688293457,1.550884485244751,1.3139762878417969
14,1700,97.06651306152344,385.7270812988281,1.9497935771942139,1.5609145164489746,1.0635576248168945
14,1701,100.75996398925781,380.12200927734375,2.0915918350219727,1.456113338470459,0.9620685577392578
14,1702,105.27888488769531,450.92449951171875,2.0062146186828613,1.6506690979003906,0.9477376937866211
14,1703,97.3208236694336,344.5346374511719,2.095578670501709,1.349747657775879,1.104863166809082
14,1704,109.93794250488281,470.904541015625,2.094916343688965,1.619755506515503,1.4716663360595703
14,1705,104.74369812011719,436.13861083984375,2.037661075592041,1.3577721118927002,1.2310781478881836
14,1706,114.53327941894531,436.783935546875,2.3618297576904297,1.6518419981002808,1.138051986694336
14,1707,93.91770935058594,381.4244689941406,1.859175443649292,1.344895601272583,1.223128318786621
14,1708,90.20516967773438,262.4931640625,2.131861686706543,1.3279931545257568,0.7905874252319336
14,1709,90.67378997802734,307.53912353515625,1.9973293542861938,1.2761390209197998,1.2487459182739258
14,1710,132.05517578125,671.919921875,2.1621060371398926,2.1583504676818848,1.30523681640625
14,1711,111.65507507324219,500.23114013671875,2.054398775100708,1.6533011198043823,0.9275493621826172
14,1712,98.64265441894531,411.9114990234375,1.9150500297546387,1.7033002376556396,1.3905515670776367
14,1713,117.71006774902344,542.8368530273438,2.11421275138855,1.8395050764083862,1.0810651779174805
14,1714,88.20259857177734,306.3036804199219,1.919074296951294,1.433493733406067,1.1880521774291992
14,1715,107.3274917602539,443.8846130371094,2.0979676246643066,1.590881109237671,0.9405641555786133
14,1716,116.10964965820312,569.271484375,1.972749948501587,1.7382014989852905,1.5793304443359375
14,1717,88.60575866699219,282.8558349609375,2.0106725692749023,1.2963145971298218,0.8866806030273438
14,1718,108.27262878417969,450.0438232421875,2.1089415550231934,1.2675050497055054,1.3968019485473633
14,1719,99.24473571777344,420.712646484375,1.9057823419570923,1.2546045780181885,1.2618341445922852
14,1720,87.015625,333.1316223144531,1.7900819778442383,1.036752462387085,1.2289562225341797
14,1721,86.81326293945312,324.12420654296875,1.813361406326294,1.0722942352294922,1.2678117752075195
14,1722,119.37667083740234,569.0752563476562,2.0823047161102295,1.2445399761199951,1.642059326171875
14,1723,109.08154296875,454.4883728027344,2.1210901737213135,1.567412257194519,0.9741983413696289
14,1724,98.96466827392578,395.5548095703125,1.9803062677383423,1.7939684391021729,0.9233007431030273
14,1725,116.64453125,611.108154296875,1.8511238098144531,1.8045355081558228,1.331141471862793
14,1726,96.27650451660156,366.3800048828125,1.9879502058029175,1.2956873178482056,1.0810441970825195
14,1727,119.90042114257812,586.417724609375,2.04195499420166,1.6543779373168945,1.126692771911621
14,1728,99.84308624267578,429.5979919433594,1.8961095809936523,1.7169075012207031,1.3651247024536133
14,1729,105.4942398071289,504.0638122558594,1.8362618684768677,1.4912230968475342,1.3140983581542969
14,1730,118.63694763183594,606.09814453125,1.9342377185821533,1.8878073692321777,1.2687311172485352
14,1731,120.67938232421875,648.4505615234375,1.8611443042755127,2.0632896423339844,1.2080068588256836
14,1732,85.40817260742188,271.94097900390625,1.9404692649841309,1.3975425958633423,0.9045925140380859
14,1733,115.56759643554688,503.5914306640625,2.173614978790283,1.9506242275238037,0.9597358703613281
14,1734,80.86875915527344,259.2906494140625,1.8313231468200684,1.2750921249389648,0.8911304473876953
14,1735,197.80010986328125,1375.862548828125,2.0071282386779785,2.8652167320251465,1.50103759765625
14,1736,89.79238891601562,331.2163391113281,1.8890252113342285,1.1237832307815552,1.2855844497680664
14,1737,107.98016357421875,489.2445373535156,1.9685235023498535,1.6301615238189697,1.0465068817138672
14,1738,95.58708190917969,420.659423828125,1.7840380668640137,1.0988593101501465,1.5797643661499023
14,1739,95.60884094238281,383.306640625,1.9092726707458496,1.3363229036331177,1.4596672058105469
14,1740,99.46401977539062,353.9732971191406,2.135556221008301,0.9127963185310364,1.333745002746582
14,1741,95.8006591796875,382.5048828125,1.9183390140533447,1.4411083459854126,1.5402450561523438
14,1742,121.2439956665039,580.7825927734375,2.1055245399475098,1.7574334144592285,1.2063522338867188
14,1743,109.35152435302734,508.61944580078125,1.9496526718139648,2.0478744506835938,1.263747215270996
14,1744,109.26895904541016,483.32275390625,2.0312228202819824,1.8958978652954102,1.102339744567871
14,1745,122.32086181640625,607.2030029296875,2.053351879119873,2.176164150238037,0.9521617889404297
14,1746,103.75172424316406,404.54998779296875,2.109890937805176,1.9208931922912598,1.0593299865722656
14,1747,112.30598449707031,477.1255798339844,2.153114080429077,1.333099603652954,1.3404788970947266
14,1748,116.46368408203125,433.3973388671875,2.437465190887451,1.3721537590026855,1.449167251586914
14,1749,105.81541442871094,409.2126159667969,2.1631386280059814,1.8032042980194092,1.055222511291504
14,1750,105.63497924804688,520.2968139648438,1.7868430614471436,1.3640908002853394,1.5444259643554688
14,1751,121.62908172607422,648.2133178710938,1.8935915231704712,2.0507514476776123,0.9608640670776367
14,1752,94.38250732421875,335.1573486328125,2.0288922786712646,1.4477214813232422,1.1028833389282227
14,1753,150.42288208007812,818.8110961914062,2.2847259044647217,2.489097833633423,1.496358871459961
14,1754,251.5919952392578,1882.10302734375,2.112722635269165,3.2556817531585693,1.0544147491455078
14,1755,147.8013916015625,888.8053588867188,1.9640281200408936,2.0691041946411133,1.5035247802734375
14,1756,86.96063232421875,323.25103759765625,1.8211843967437744,1.2799217700958252,0.9986820220947266
14,1757,94.0676040649414,350.4043273925781,1.9675724506378174,1.3163210153579712,1.372598648071289
14,1758,126.6162109375,616.0372314453125,2.1670827865600586,2.1883108615875244,1.1111536026000977
14,1759,98.21633911132812,352.484375,2.0989301204681396,1.3047850131988525,1.4246330261230469
14,1760,135.3358917236328,747.705078125,2.018846035003662,2.1531612873077393,0.9125051498413086
14,1761,159.73878479003906,895.6510009765625,2.339122772216797,2.537151336669922,1.3406457901000977
14,1762,115.62759399414062,567.77978515625,1.961653709411621,1.3842933177947998,1.7570877075195312
14,1763,117.34524536132812,529.9708251953125,2.1449389457702637,1.3715169429779053,1.6309213638305664
14,1764,75.68819427490234,248.19631958007812,1.6956186294555664,1.1079035997390747,0.7545719146728516
14,1765,105.62251281738281,452.9907531738281,2.0107812881469727,1.8066140413284302,1.278447151184082
14,1766,137.8306884765625,802.0478515625,1.9208632707595825,1.8287016153335571,1.6004619598388672
14,1767,83.42699432373047,328.5207214355469,1.6858307123184204,1.3208868503570557,1.0611209869384766
14,1768,88.48725891113281,285.9394836425781,1.996443748474121,1.5390177965164185,1.0437860488891602
14,1769,100.86921691894531,401.37158203125,2.024401903152466,1.497068166732788,1.3941211700439453
14,1770,103.96531677246094,412.8524475097656,2.0893359184265137,1.1551506519317627,1.2305755615234375
14,1771,161.18179321289062,937.9589233398438,2.246196746826172,2.033402919769287,0.673954963684082
14,1772,84.47239685058594,353.54644775390625,1.6372584104537964,1.1755852699279785,1.4057903289794922
14,1773,108.43231201171875,460.32415771484375,2.0799965858459473,1.728853702545166,1.1748428344726562
14,1774,100.79520416259766,383.86236572265625,2.080298900604248,1.3729264736175537,1.3615036010742188
14,1775,101.64336395263672,451.0499572753906,1.8846123218536377,1.7109601497650146,0.4497852325439453
14,1776,139.1768035888672,839.746826171875,1.8400707244873047,1.63572359085083,1.0059843063354492
14,1777,115.31193542480469,462.733642578125,2.301285743713379,1.599290370941162,1.1172409057617188
14,1778,87.48136901855469,379.53997802734375,1.6509124040603638,0.855926513671875,1.2681045532226562
14,1779,308.1498718261719,2477.724609375,2.012580394744873,2.8684263229370117,1.247004508972168
14,1780,113.28923034667969,483.38275146484375,2.165031909942627,2.0597639083862305,0.7466907501220703
14,1781,80.07721710205078,340.926025390625,1.532820463180542,1.2550477981567383,1.1640586853027344
14,1782,115.48310852050781,575.3473510742188,1.931612491607666,2.006803512573242,1.3927726745605469
14,1783,85.00750732421875,343.52606201171875,1.688496470451355,1.3228042125701904,1.1667842864990234
14,1784,87.4717025756836,317.3417053222656,1.8579177856445312,1.2804832458496094,1.0408658981323242
14,1785,89.45465087890625,389.2611999511719,1.6842842102050781,1.6680915355682373,0.8497095108032227
14,1786,87.38496398925781,379.4024658203125,1.6481573581695557,1.4401605129241943,1.2978754043579102
14,1787,81.51913452148438,295.04730224609375,1.7338136434555054,1.3525006771087646,1.1214590072631836
14,1788,116.45376586914062,548.7876586914062,2.052500009536743,1.6930320262908936,1.5789375305175781
14,1789,96.03977966308594,359.6082458496094,2.002631664276123,1.4828698635101318,1.2097053527832031
14,1790,95.39791870117188,373.581787109375,1.9346580505371094,1.120547890663147,1.5236949920654297
14,1791,105.52650451660156,511.38134765625,1.8129456043243408,1.4363431930541992,1.5980339050292969
14,1792,79.11030578613281,275.45709228515625,1.7188199758529663,1.2739746570587158,1.0087575912475586
14,1793,94.34648895263672,353.43780517578125,1.9667569398880005,1.5150388479232788,1.219294548034668
14,1794,106.87120056152344,478.26678466796875,1.9681506156921387,1.6662026643753052,1.1114940643310547
14,1795,113.46174621582031,466.6686706542969,2.2264962196350098,1.532233476638794,1.2627735137939453
14,1796,124.98420715332031,697.3685302734375,1.8415782451629639,1.9139950275421143,0.6483907699584961
14,1797,108.2199935913086,549.4476928710938,1.7758407592773438,1.6372315883636475,1.081756591796875
14,1798,98.99127197265625,382.40399169921875,2.025029182434082,1.3220200538635254,1.4603118896484375
14,1799,87.78726196289062,207.11538696289062,2.2358574867248535,1.1254432201385498,0.7783527374267578
14,1800,109.87274169921875,410.3273010253906,2.2946670055389404,1.4445829391479492,1.1443891525268555
14,1801,105.19689178466797,461.8311767578125,1.9671257734298706,1.64017653465271,1.1590070724487305
14,1802,98.09209442138672,416.5960693359375,1.8810828924179077,1.6807647943496704,1.2154254913330078
14,1803,102.65872955322266,404.1962585449219,2.074636697769165,1.2588809728622437,1.4017410278320312
14,1804,86.7554931640625,339.6793212890625,1.7595852613449097,1.460669994354248,0.9732551574707031
14,1805,114.12376403808594,433.442138671875,2.359318256378174,1.4322739839553833,0.8660249710083008
14,1806,145.24169921875,851.09033203125,2.004422426223755,2.0776305198669434,1.333791732788086
14,1807,100.51273345947266,337.0348205566406,2.2269749641418457,1.5596914291381836,0.8618068695068359
14,1808,106.44799041748047,481.45928955078125,1.9434019327163696,1.5604792833328247,1.271322250366211
14,1809,142.36288452148438,740.0855102539062,2.278477430343628,1.8367923498153687,1.199143409729004
14,1810,137.9799041748047,734.0889282226562,2.152366876602173,1.8465042114257812,1.3510284423828125
14,1811,75.29227447509766,246.83045959472656,1.686974287033081,1.2859711647033691,0.7942914962768555
14,1812,83.39321899414062,261.171875,1.9092011451721191,0.9953649044036865,1.1867151260375977
14,1813,198.7375030517578,1447.827880859375,1.7984905242919922,1.9864692687988281,1.308650016784668
14,1814,85.59358215332031,382.4339599609375,1.5783395767211914,1.524261236190796,1.0516691207885742
14,1815,93.98530578613281,358.567626953125,1.9376182556152344,1.3476263284683228,1.0114154815673828
14,1816,446.38763427734375,3854.639404296875,2.0307888984680176,3.834585666656494,1.4418773651123047
14,1817,95.76786804199219,339.2135009765625,2.0615506172180176,1.153165578842163,1.4107933044433594
14,1818,88.17862701416016,375.4901123046875,1.68765389919281,1.3505287170410156,0.8675613403320312
14,1819,95.99952697753906,381.9539794921875,1.9268041849136353,1.8270469903945923,1.231576919555664
14,1820,119.45550537109375,586.7921752929688,2.02587628364563,1.9362518787384033,1.1090993881225586
14,1821,127.89743041992188,572.076171875,2.3563270568847656,1.4233191013336182,1.7071104049682617
14,1822,118.04283142089844,515.6630859375,2.215884208679199,1.9755033254623413,1.2901496887207031
14,1823,248.48745727539062,1852.564453125,2.1077003479003906,3.0814809799194336,0.8739519119262695
14,1824,101.74523162841797,415.7939147949219,2.005527973175049,1.5823942422866821,1.0306482315063477
14,1825,328.5032958984375,2699.546142578125,1.951622486114502,3.333021640777588,1.1504440307617188
14,1826,109.63406372070312,482.9671936035156,2.0445780754089355,1.9370334148406982,1.071223258972168
14,1827,108.23565673828125,465.3099060058594,2.0568220615386963,1.615468978881836,1.0657730102539062
14,1828,97.27113342285156,369.3587341308594,2.0111753940582275,1.453169345855713,1.012521743774414
14,1829,98.21054077148438,414.38067626953125,1.8924157619476318,1.3357312679290771,1.3560152053833008
14,1830,99.39476013183594,426.2270812988281,1.8924018144607544,1.6544960737228394,0.7730026245117188
14,1831,104.59732055664062,485.6716003417969,1.8676719665527344,1.829164981842041,0.7661676406860352
14,1832,119.43445587158203,528.6646118164062,2.21893310546875,2.0886754989624023,1.1081562042236328
14,1833,97.18221282958984,405.8478088378906,1.8865810632705688,1.3908886909484863,0.9322319030761719
14,1834,91.3169174194336,265.9394226074219,2.1574325561523438,1.325998306274414,0.9481439590454102
14,1835,108.56544494628906,496.5625915527344,1.9636396169662476,1.4181501865386963,0.9577131271362305
14,1836,99.7622299194336,453.3885192871094,1.814112663269043,1.6341478824615479,0.8026037216186523
14,1837,115.8309326171875,508.20269775390625,2.1670219898223877,1.7943440675735474,1.1823911666870117
14,1838,97.39755249023438,460.2503662109375,1.7124171257019043,1.3366637229919434,1.5275259017944336
14,1839,89.52236938476562,298.5500183105469,1.9889123439788818,1.065112829208374,1.0357494354248047
14,1840,117.234375,618.6995239257812,1.8454807996749878,1.9546085596084595,1.1445436477661133
14,1841,135.50860595703125,682.4529418945312,2.24211049079895,2.057101249694824,1.4475574493408203
14,1842,123.263671875,652.5699462890625,1.9335558414459229,1.718047857284546,1.1495304107666016
14,1843,86.09645080566406,311.61981201171875,1.8311489820480347,1.3010571002960205,0.9755210876464844
14,1844,107.07601928710938,403.2403564453125,2.2250661849975586,1.4430816173553467,1.4431829452514648
14,1845,100.8370132446289,445.96417236328125,1.874686598777771,1.7326905727386475,1.3878345489501953
14,1846,86.05510711669922,310.96484375,1.8319541215896606,1.2545678615570068,0.7370576858520508
14,1847,108.74411010742188,368.25,2.397303581237793,1.6258361339569092,1.0944700241088867
14,1848,132.11585998535156,707.4848022460938,2.045579195022583,1.5551598072052002,1.8753976821899414
14,1849,92.90836334228516,317.6942443847656,2.0379645824432373,1.2900922298431396,0.8172626495361328
14,1850,103.169189453125,400.7203674316406,2.103238582611084,1.1859883069992065,1.2136449813842773
14,1851,107.91412353515625,562.747802734375,1.7213114500045776,1.4727487564086914,1.2751388549804688
14,1852,105.25822448730469,464.3235168457031,1.9608625173568726,1.2859746217727661,1.6152029037475586
14,1853,112.36305236816406,386.5291748046875,2.4570043087005615,1.519932508468628,0.9683437347412109
14,1854,103.12614440917969,493.87933349609375,1.791273593902588,1.7627947330474854,0.9098234176635742
14,1855,88.53814697265625,234.79409790039062,2.1686246395111084,1.0449466705322266,0.7834692001342773
14,1856,124.54551696777344,615.37353515625,2.1002721786499023,1.8365631103515625,1.1496849060058594
14,1857,98.83280944824219,365.86053466796875,2.0748918056488037,1.5157313346862793,1.3033561706542969
14,1858,87.01066589355469,325.20452880859375,1.8163402080535889,0.9370802640914917,1.139225959777832
14,1859,112.687744140625,537.7138671875,1.9638786315917969,1.89616858959198,1.3006935119628906
14,1860,91.62458801269531,370.34075927734375,1.81968355178833,1.4689009189605713,1.5090694427490234
14,1861,98.28977966308594,368.1090087890625,2.0492959022521973,1.630220890045166,1.0357093811035156
14,1862,92.98117065429688,336.78240966796875,1.9767643213272095,1.3695474863052368,1.418808937072754
14,1863,117.88648223876953,551.4237670898438,2.091470241546631,1.7209409475326538,1.1558904647827148
14,1864,125.86103820800781,586.7173461914062,2.2396435737609863,1.6454097032546997,1.7288331985473633
14,1865,108.41950988769531,474.9851379394531,2.0306997299194336,1.5073027610778809,1.3767871856689453
14,1866,92.41175842285156,378.9498596191406,1.8172259330749512,1.210172414779663,1.166581153869629
14,1867,93.88662719726562,356.288330078125,1.9419264793395996,1.1088201999664307,1.364577293395996
14,1868,94.64389038085938,463.5328063964844,1.6096867322921753,1.6116737127304077,1.5012226104736328
14,1869,86.18356323242188,299.9039306640625,1.873105764389038,1.2672455310821533,1.0739784240722656
14,1870,114.5893325805664,550.1500244140625,1.9858109951019287,1.799717903137207,1.3540306091308594
14,1871,105.33560180664062,476.35406494140625,1.92333984375,2.010296106338501,1.1661081314086914
14,1872,130.87039184570312,622.4085693359375,2.287651300430298,1.9315197467803955,1.0208654403686523
14,1873,117.95887756347656,551.8067626953125,2.092606544494629,1.895050048828125,1.3100204467773438
14,1874,136.3530731201172,783.8153076171875,1.9323848485946655,1.8645272254943848,1.3895883560180664
14,1875,160.9832763671875,1059.1409912109375,1.835639238357544,2.2143709659576416,1.5165739059448242
14,1876,104.50047302246094,501.1029052734375,1.8130059242248535,1.2072365283966064,1.7532129287719727
14,1877,199.93702697753906,1373.071044921875,2.0876636505126953,2.2071585655212402,1.6420955657958984
14,1878,113.68392944335938,553.961669921875,1.9429254531860352,1.6173044443130493,1.509821891784668
14,1879,134.7747802734375,743.6337280273438,2.0137133598327637,2.0853049755096436,0.8551950454711914
14,1880,106.91456604003906,482.1179504394531,1.9567590951919556,1.3097549676895142,1.320307731628418
14,1881,90.61610412597656,285.5380554199219,2.0687432289123535,1.4690606594085693,0.8199739456176758
14,1882,113.26828002929688,498.0137634277344,2.1155636310577393,1.8247853517532349,1.4348125457763672
14,1883,111.15301513671875,409.431884765625,2.340327739715576,1.5122265815734863,0.9307699203491211
14,1884,92.44140625,308.6860656738281,2.052426815032959,1.5002691745758057,1.032191276550293
14,1885,94.62799835205078,424.88812255859375,1.7379728555679321,1.4527122974395752,1.3486833572387695
14,1886,78.74537658691406,298.18292236328125,1.630902886390686,1.0700328350067139,1.146592140197754
14,1887,100.34092712402344,459.2415771484375,1.8138923645019531,1.7469520568847656,1.4372234344482422
14,1888,106.78977966308594,442.93768310546875,2.083200454711914,1.5242444276809692,1.3357124328613281
14,1889,137.5578155517578,807.4893188476562,1.8936293125152588,1.867085576057434,0.9313020706176758
14,1890,89.33805847167969,311.8862609863281,1.9383143186569214,1.3037680387496948,0.9980430603027344
14,1891,100.91807556152344,422.6224365234375,1.9551942348480225,1.8971374034881592,1.1487846374511719
14,1892,97.14651489257812,399.4750061035156,1.9066338539123535,1.3688716888427734,1.4133520126342773
14,1893,97.11384582519531,385.0507507324219,1.9536257982254028,1.019484043121338,1.3876476287841797
14,1894,93.46998596191406,375.29425048828125,1.8646851778030396,1.585116982460022,0.9921674728393555
14,1895,108.28103637695312,543.94287109375,1.7962249517440796,1.4103188514709473,1.6344451904296875
14,1896,97.60676574707031,324.865966796875,2.1706721782684326,1.2408907413482666,0.8392143249511719
14,1897,95.9996337890625,335.09954833984375,2.08298921585083,1.5366309881210327,1.045485496520996
14,1898,461.5786437988281,4018.48681640625,1.9909985065460205,3.292616844177246,0.7759513854980469
14,1899,85.51133728027344,259.5188293457031,1.9853150844573975,1.4491276741027832,0.758234977722168
14,1900,87.65918731689453,301.1689758300781,1.9180762767791748,1.485967755317688,0.8756675720214844
14,1901,106.34405517578125,455.6905822753906,2.0258333683013916,1.4972267150878906,1.399388313293457
14,1902,97.8017349243164,348.1192321777344,2.0996603965759277,1.2055976390838623,1.1238975524902344
14,1903,126.07768249511719,678.4927978515625,1.9409468173980713,1.3520843982696533,1.6527414321899414
14,1904,98.84696960449219,436.8456115722656,1.8387470245361328,1.3914932012557983,1.2674760818481445
14,1905,102.63768005371094,416.85546875,2.031737804412842,1.1361563205718994,1.5417022705078125
14,1906,103.1925277709961,437.8526916503906,1.9802418947219849,1.4743804931640625,1.284463882446289
14,1907,107.04499053955078,504.114990234375,1.8877830505371094,1.3047797679901123,1.5770702362060547
14,1908,124.51337432861328,641.4758911132812,2.012192726135254,1.777565360069275,1.266627311706543
14,1909,76.42723083496094,235.79782104492188,1.7615816593170166,1.1033294200897217,0.8971357345581055
14,1910,106.83850860595703,438.498046875,2.099623441696167,1.8477309942245483,1.190291404724121
14,1911,133.42465209960938,691.2940063476562,2.1431751251220703,1.8962938785552979,1.3638858795166016
14,1912,86.13101959228516,332.49346923828125,1.762722373008728,0.7586095333099365,1.1388969421386719
14,1913,174.21533203125,1130.22900390625,2.039747714996338,2.4403176307678223,0.8929805755615234
14,1914,136.06106567382812,740.9278564453125,2.0656094551086426,2.1011569499969482,1.0191640853881836
14,1915,129.81455993652344,653.292724609375,2.1495094299316406,1.9356975555419922,1.4131832122802734
14,1916,80.72883605957031,315.5360412597656,1.6391745805740356,1.4464404582977295,0.9855709075927734
14,1917,156.95040893554688,886.7560424804688,2.2758264541625977,2.5408449172973633,1.1911392211914062
14,1918,106.79005432128906,360.960205078125,2.3564677238464355,1.511214256286621,0.8602676391601562
14,1919,121.3305435180664,491.8654479980469,2.4047999382019043,1.8225138187408447,1.2435989379882812
14,1920,105.07505798339844,320.72296142578125,2.4334254264831543,1.456387996673584,0.6163444519042969
14,1921,86.63451385498047,347.1874084472656,1.7305257320404053,1.1141839027404785,1.0650482177734375
14,1922,103.28289794921875,418.45269775390625,2.0479209423065186,1.2728462219238281,1.2367048263549805
14,1923,99.677978515625,389.5796203613281,2.024000644683838,1.9094760417938232,1.0250625610351562
14,1924,158.6421356201172,968.8975830078125,2.058412551879883,2.269660711288452,1.6923551559448242
14,1925,77.7782211303711,252.55482482910156,1.7507579326629639,1.0384080410003662,1.2473621368408203
14,1926,81.17338562011719,322.40289306640625,1.631103277206421,1.34442937374115,0.8350629806518555
14,1927,100.93687438964844,396.7160339355469,2.042175769805908,1.1455748081207275,1.2826499938964844
14,1928,91.52249908447266,413.7394714355469,1.6716184616088867,1.0840466022491455,1.5838565826416016
14,1929,177.91775512695312,1124.818359375,2.18119740486145,1.9926401376724243,1.3131170272827148
14,1930,93.64623260498047,419.4444274902344,1.7233929634094238,1.4223313331604004,1.324458122253418
14,1931,153.4400634765625,1001.9415283203125,1.7748634815216064,1.9535003900527954,1.4161615371704102
14,1932,113.3662338256836,558.1046142578125,1.9185256958007812,1.6743468046188354,1.5995550155639648
14,1933,138.80593872070312,752.8564453125,2.1173434257507324,2.2095799446105957,1.081918716430664
14,1934,97.19784545898438,344.2110595703125,2.092557907104492,1.7161370515823364,0.5874900817871094
14,1935,81.6801528930664,341.0281066894531,1.5859113931655884,1.2311198711395264,1.3198366165161133
14,1936,89.37708282470703,337.7114562988281,1.8535312414169312,1.3846185207366943,0.7287387847900391
14,1937,98.87385559082031,394.5380554199219,1.980668306350708,1.3567415475845337,1.0496101379394531
14,1938,103.84379577636719,493.1402587890625,1.8176589012145996,1.6431353092193604,1.3297739028930664
14,1939,89.15619659423828,394.2799072265625,1.657606840133667,1.4347325563430786,0.9847593307495117
14,1940,83.16119384765625,269.0189208984375,1.8753101825714111,0.9506853222846985,1.369887351989746
14,1941,135.5532684326172,597.3621826171875,2.527235269546509,2.0449376106262207,1.2976408004760742
14,1942,93.31637573242188,298.49713134765625,2.1155552864074707,0.854622483253479,1.3375978469848633
14,1943,103.50826263427734,448.68548583984375,1.9546570777893066,1.4777898788452148,1.3166694641113281
14,1944,106.17900848388672,508.1763916015625,1.8453789949417114,1.38124418258667,1.5730228424072266
14,1945,97.48565673828125,507.1427001953125,1.5590461492538452,2.0236401557922363,1.261876106262207
14,1946,155.4911346435547,992.4794311523438,1.8747727870941162,2.165748119354248,1.4551467895507812
14,1947,78.9176025390625,221.1051483154297,1.8935697078704834,1.0994789600372314,0.7956809997558594
14,1948,132.56051635742188,682.9733276367188,2.142106294631958,2.1478230953216553,1.4973983764648438
14,1949,87.21974182128906,325.3985290527344,1.8226630687713623,1.2332382202148438,1.1569023132324219
14,1950,496.2449645996094,4378.2646484375,1.9472827911376953,3.743885040283203,0.9691667556762695
14,1951,96.45909881591797,433.0614013671875,1.7717652320861816,1.6984031200408936,1.053567886352539
14,1952,80.8797378540039,246.65582275390625,1.873805284500122,1.0643844604492188,0.8739118576049805
14,1953,105.96366882324219,442.2117919921875,2.0580828189849854,1.330223560333252,1.285390853881836
14,1954,103.56787872314453,421.6056823730469,2.046910285949707,1.4201289415359497,1.3424911499023438
14,1955,94.7464370727539,346.29205322265625,2.0039076805114746,1.3017561435699463,1.145254135131836
14,1956,113.29331970214844,508.762939453125,2.0805673599243164,1.6631367206573486,1.372788429260254
14,1957,112.0356674194336,600.5777587890625,1.7325962781906128,1.9825084209442139,0.9443445205688477
14,1958,252.08407592773438,1875.478515625,2.151207447052002,2.912348985671997,1.1372671127319336
14,1959,106.72882080078125,460.9389343261719,2.0211641788482666,1.6203680038452148,1.1497888565063477
14,1960,93.49205780029297,369.900146484375,1.8834013938903809,1.5912439823150635,1.0218448638916016
14,1961,120.82815551757812,514.7587890625,2.3117425441741943,1.6646852493286133,0.7643146514892578
14,1962,88.31243896484375,291.1626892089844,1.97320556640625,1.1229705810546875,0.9797849655151367
14,1963,104.98571014404297,549.105712890625,1.6691712141036987,1.2654716968536377,1.5319299697875977
14,1964,102.53559875488281,412.4736633300781,2.042941093444824,1.6385571956634521,0.7113065719604492
14,1965,154.01950073242188,989.2757568359375,1.836397647857666,2.1151883602142334,1.1596860885620117
14,1966,91.15476989746094,326.6431579589844,1.9496816396713257,0.9301326274871826,1.2992963790893555
14,1967,100.98396301269531,384.64208984375,2.083991765975952,1.71760094165802,1.1218795776367188
14,1968,107.56731414794922,522.7940673828125,1.8429301977157593,1.3005554676055908,1.5702219009399414
14,1969,106.86650848388672,462.24005126953125,2.021416664123535,2.0461063385009766,1.3460445404052734
14,1970,115.81553649902344,578.2500610351562,1.933017611503601,1.6574034690856934,1.189101219177246
14,1971,139.40133666992188,739.3228149414062,2.1823015213012695,2.1996169090270996,1.2080459594726562
14,1972,203.08743286132812,1416.4305419921875,2.0481457710266113,2.8588621616363525,1.5154333114624023
14,1973,103.05956268310547,381.8924560546875,2.162343740463257,1.0030134916305542,1.1952695846557617
14,1974,177.86117553710938,1091.447021484375,2.2905492782592773,2.116522789001465,1.3426103591918945
14,1975,82.48826599121094,242.74258422851562,1.9404667615890503,1.3649961948394775,0.8560581207275391
14,1976,151.72283935546875,808.2008666992188,2.3634250164031982,2.385773181915283,0.7095050811767578
14,1977,102.78988647460938,455.88262939453125,1.906720757484436,1.498507022857666,1.4477338790893555
14,1978,102.30740356445312,472.0491638183594,1.8367494344711304,1.4870214462280273,1.6018037796020508
14,1979,98.22538757324219,410.0164794921875,1.9074580669403076,1.3941433429718018,1.0549755096435547
14,1980,118.4925537109375,587.9766845703125,1.989829659461975,2.03910493850708,1.4569473266601562
14,1981,92.91249084472656,403.0726318359375,1.7535076141357422,1.261357069015503,1.3783454895019531
14,1982,213.25941467285156,1619.111328125,1.7116093635559082,2.342017650604248,1.1094903945922852
14,1983,111.44986724853516,491.32159423828125,2.077256917953491,1.8261523246765137,1.0810232162475586
14,1984,77.58422088623047,236.66738891601562,1.797249436378479,1.0396268367767334,0.7262115478515625
14,1985,107.76846313476562,430.9483642578125,2.155787706375122,1.4923055171966553,0.8451433181762695
14,1986,128.61705017089844,655.9686889648438,2.100672721862793,1.8048324584960938,1.7737789154052734
14,1987,115.88372039794922,498.1822204589844,2.202183246612549,1.8074061870574951,1.1342496871948242
14,1988,97.85633850097656,410.90802001953125,1.8921844959259033,1.754023551940918,1.3715238571166992
14,1989,102.96701049804688,466.123046875,1.8784902095794678,1.279697299003601,1.7771921157836914
14,1990,95.74311828613281,366.3269958496094,1.9703474044799805,1.3304941654205322,0.7492752075195312
14,1991,76.36669921875,230.06991577148438,1.7786567211151123,1.129372477531433,1.0119199752807617
14,1992,111.27299499511719,491.36907958984375,2.0712029933929443,1.8540345430374146,1.1302099227905273
14,1993,112.51863098144531,482.93072509765625,2.1408519744873047,1.9695799350738525,0.9307212829589844
14,1994,159.48046875,1001.3568725585938,1.9781590700149536,2.585939645767212,0.8950662612915039
14,1995,99.6673355102539,423.6163330078125,1.9101901054382324,1.2321293354034424,1.5726947784423828
14,1996,128.5823211669922,702.3642578125,1.9448630809783936,2.3681082725524902,1.7535648345947266
14,1997,88.35643768310547,301.3858947753906,1.9405949115753174,1.6601115465164185,0.9671850204467773
14,1998,84.53113555908203,286.5487060546875,1.8625421524047852,1.563392996788025,0.8172922134399414
14,1999,129.92259216308594,708.1456298828125,1.970267653465271,1.677057147026062,0.9558258056640625
14,2000,120.95501708984375,640.087158203125,1.898209810256958,2.1060233116149902,1.6544294357299805
14,2001,110.67231750488281,500.92767333984375,2.019318103790283,1.674368977546692,1.3171806335449219
14,2002,106.1793441772461,394.482177734375,2.2243707180023193,1.2734042406082153,1.489161491394043
14,2003,99.56263732910156,387.0436096191406,2.028609275817871,1.109546184539795,1.5959320068359375
14,2004,161.28416442871094,1022.9962768554688,1.966151237487793,2.914604663848877,0.8540048599243164
14,2005,84.14225006103516,316.75421142578125,1.748894214630127,1.3281201124191284,1.2169208526611328
14,2006,94.86187744140625,338.57403564453125,2.033482551574707,1.3218085765838623,0.9253988265991211
14,2007,99.83938598632812,370.27203369140625,2.0937395095825195,1.4321151971817017,1.2450571060180664
14,2008,103.75647735595703,468.4014587402344,1.8972110748291016,1.4591039419174194,1.2506523132324219
14,2009,122.19324493408203,663.7792358398438,1.8605108261108398,1.4873559474945068,1.7909345626831055
14,2010,88.99830627441406,299.809326171875,1.9672458171844482,1.1662559509277344,1.1490259170532227
14,2011,104.85479736328125,447.9299621582031,2.0020599365234375,1.7049298286437988,0.9793891906738281
14,2012,166.720703125,1022.697265625,2.1483659744262695,2.572021484375,1.1440315246582031
14,2013,94.30705261230469,330.8380432128906,2.0407748222351074,1.3746188879013062,1.0997562408447266
14,2014,107.61875915527344,461.1855773925781,2.050006866455078,1.8229289054870605,1.2146854400634766
14,2015,105.03811645507812,405.22607421875,2.1505167484283447,1.3447039127349854,1.3127336502075195
14,2016,121.04765319824219,598.1207275390625,2.0411860942840576,1.8192639350891113,1.4814863204956055
14,2017,120.14308166503906,600.1708374023438,2.004199981689453,1.1927130222320557,1.799652099609375
14,2018,91.47685241699219,324.0672912597656,1.9690041542053223,1.3636482954025269,1.1337652206420898
14,2019,123.76829528808594,626.981201171875,2.035672664642334,1.4418342113494873,1.486018180847168
14,2020,58.33902359008789,133.06236267089844,1.5010929107666016,0.915065586566925,0.7865514755249023
14,2021,161.16366577148438,1034.84716796875,1.9226317405700684,2.164151906967163,1.226480484008789
14,2022,100.58152770996094,377.9148864746094,2.093001365661621,1.395216464996338,1.2210216522216797
14,2023,73.33951568603516,209.4561767578125,1.7464632987976074,1.2016751766204834,1.1236257553100586
14,2024,83.0958480834961,254.86195373535156,1.9203217029571533,1.0038325786590576,1.0940093994140625
14,2025,105.53243255615234,420.6443786621094,2.1155998706817627,1.6253931522369385,0.9545125961303711
14,2026,108.54769897460938,433.2796325683594,2.1739912033081055,1.5070083141326904,1.24090576171875
14,2027,121.26544189453125,559.0075073242188,2.1788227558135986,1.9398927688598633,1.6662778854370117
14,2028,81.12808227539062,238.6617431640625,1.9087302684783936,1.1806600093841553,1.032872200012207
14,2029,93.78145599365234,410.5371398925781,1.7575913667678833,1.6118699312210083,0.7126121520996094
14,2030,425.72381591796875,3511.4658203125,2.485907554626465,3.082040786743164,1.6252202987670898
14,2031,94.00836181640625,374.7200012207031,1.8845454454421997,1.2070910930633545,1.5606727600097656
14,2032,106.94461059570312,401.52374267578125,2.226408004760742,1.4029831886291504,1.1628179550170898
14,2033,89.73468017578125,224.642578125,2.242347478866577,1.0459742546081543,0.8741235733032227
14,2034,112.04631042480469,569.2518920898438,1.8373708724975586,1.6932182312011719,1.6332426071166992
14,2035,84.60137939453125,355.7115478515625,1.634340763092041,1.311006784439087,1.4606542587280273
14,2036,93.63387298583984,291.5105895996094,2.1494269371032715,0.9443101286888123,1.3887767791748047
14,2037,109.37348937988281,564.938720703125,1.7626538276672363,1.8694852590560913,1.1825990676879883
14,2038,92.10418701171875,389.8265380859375,1.7707176208496094,1.477064847946167,1.2288732528686523
14,2039,91.69143676757812,350.95147705078125,1.8865429162979126,1.5010544061660767,0.8877296447753906
14,2040,130.2716827392578,709.8253784179688,1.9763047695159912,2.218773126602173,1.3418550491333008
14,2041,167.46484375,1109.2874755859375,1.884536623954773,2.6520402431488037,0.5740909576416016
14,2042,103.22482299804688,408.6875,2.078535795211792,1.5243064165115356,1.4295625686645508
14,2043,104.38189697265625,451.5738220214844,1.974150538444519,1.1861217021942139,1.5675268173217773
14,2044,173.8839874267578,1150.959228515625,1.9596019983291626,1.9841861724853516,1.404250144958496
14,2045,98.98265075683594,382.958251953125,2.0228941440582275,1.5842227935791016,0.8080224990844727
14,2046,94.96251678466797,383.84521484375,1.8859331607818604,1.3529613018035889,1.1165399551391602
14,2047,114.80557250976562,448.667724609375,2.3312933444976807,1.5366203784942627,1.375823974609375
14,2048,82.96294403076172,248.12049865722656,1.9383630752563477,1.298470377922058,1.0234203338623047
14,2049,91.83331298828125,323.4219055175781,1.9830374717712402,1.1444447040557861,1.0701875686645508
14,2050,92.30642700195312,273.612548828125,2.164839267730713,1.3222897052764893,0.9359560012817383
14,2051,77.86466979980469,255.619384765625,1.7434241771697998,1.333956241607666,0.87603759765625
14,2052,442.3908386230469,3827.37548828125,1.98844313621521,3.4914817810058594,1.498605728149414
14,2053,125.46549987792969,658.6035766601562,1.9868378639221191,1.489596962928772,1.8206424713134766
14,2054,96.66377258300781,439.0014953613281,1.7587873935699463,1.7146615982055664,1.3747444152832031
14,2055,102.52310180664062,405.8329162597656,2.0646603107452393,1.5425710678100586,1.0868644714355469
14,2056,122.39323425292969,509.87786865234375,2.380181312561035,2.001791000366211,0.9141426086425781
14,2057,111.92329406738281,401.51837158203125,2.3923816680908203,1.8737189769744873,0.8841133117675781
14,2058,89.4990463256836,372.51824951171875,1.7415739297866821,1.300922155380249,1.1322011947631836
14,2059,115.45750427246094,477.87835693359375,2.2556557655334473,1.6946191787719727,1.5067873001098633
14,2060,101.73355865478516,401.278076171875,2.053524971008301,1.5348321199417114,1.129002571105957
14,2061,108.9003677368164,491.7773132324219,1.9907546043395996,1.8017243146896362,0.9753274917602539
14,2062,87.17814636230469,327.54833984375,1.814110279083252,1.4705137014389038,1.2703361511230469
14,2063,85.03668212890625,372.04034423828125,1.594421625137329,1.6892600059509277,0.7773904800415039
14,2064,465.1002197265625,4015.159423828125,2.1194748878479004,3.6931393146514893,1.4507884979248047
14,2065,93.21517944335938,360.6112060546875,1.9051353931427002,1.440216302871704,1.2451057434082031
14,2066,126.30583953857422,717.1371459960938,1.8197375535964966,2.00791072845459,1.0837678909301758
14,2067,84.12879943847656,284.2634582519531,1.8567485809326172,1.4175846576690674,1.0241918563842773
14,2068,83.0903091430664,222.55438232421875,2.0278289318084717,1.2226183414459229,0.8044776916503906
14,2069,117.37308502197266,585.1419677734375,1.9619629383087158,1.573014736175537,1.486440658569336
14,2070,125.89033508300781,654.3270263671875,2.015254497528076,1.9328866004943848,1.0170421600341797
14,2071,92.32977294921875,334.41998291015625,1.9629260301589966,1.408434271812439,0.8485813140869141
14,2072,96.15995788574219,391.25067138671875,1.9011629819869995,1.6711266040802002,1.1251983642578125
14,2073,113.31013488769531,492.9276123046875,2.1339123249053955,1.5724236965179443,1.5904273986816406
14,2074,81.9039535522461,225.64573669433594,1.9779794216156006,1.1402950286865234,1.0173225402832031
14,2075,97.18617248535156,380.1116027832031,1.972500205039978,1.4313756227493286,1.2280263900756836
14,2076,376.203125,3221.110107421875,1.8030697107315063,3.3024203777313232,1.194509506225586
14,2077,113.02110290527344,516.6546020507812,2.0451881885528564,1.4893913269042969,1.1801481246948242
14,2078,125.12673950195312,613.8866577148438,2.1246023178100586,1.9867377281188965,0.9486427307128906
14,2079,102.3897705078125,431.2405700683594,1.9755237102508545,1.3958115577697754,1.1530141830444336
14,2080,105.15531921386719,360.40863037109375,2.3038151264190674,1.5148231983184814,0.9782648086547852
14,2081,97.11677551269531,380.82098388671875,1.9678224325180054,1.3219722509384155,1.244481086730957
14,2082,104.43373107910156,448.11474609375,1.9874083995819092,1.630581259727478,1.1321392059326172
14,2083,96.92030334472656,382.38201904296875,1.9560699462890625,1.5716873407363892,0.9393463134765625
14,2084,92.98057556152344,366.1801452636719,1.8787518739700317,1.2636151313781738,1.068002700805664
14,2085,116.83814239501953,497.36761474609375,2.236712694168091,1.2542614936828613,1.8316850662231445
14,2086,110.38551330566406,428.18157958984375,2.2522454261779785,1.2918412685394287,1.2745647430419922
14,2087,87.38406372070312,358.57861328125,1.7175402641296387,1.5397297143936157,0.8253574371337891
14,2088,96.64389038085938,384.0537109375,1.9412840604782104,1.4624037742614746,1.1539268493652344
14,2089,109.59952545166016,487.9584655761719,2.0267891883850098,1.5831499099731445,1.2064332962036133
14,2090,70.02826690673828,163.1790313720703,1.790345549583435,0.9570927619934082,0.8801441192626953
14,2091,120.24311828613281,675.9006958007812,1.7551016807556152,1.5382808446884155,1.5649433135986328
14,2092,94.49227142333984,318.0844421386719,2.089460849761963,1.421718716621399,1.07928466796875
14,2093,457.11663818359375,3989.38671875,1.939265251159668,3.468461513519287,1.1770210266113281
14,2094,101.39810943603516,329.701904296875,2.280930519104004,1.3334605693817139,0.8486948013305664
14,2095,179.21202087402344,1178.271240234375,2.0461630821228027,2.11659836769104,1.1521291732788086
14,2096,89.9303207397461,375.0082702636719,1.7476497888565063,1.5486408472061157,1.3600959777832031
14,2097,86.11383056640625,328.8641357421875,1.774247169494629,1.3484065532684326,1.1868152618408203
14,2098,112.8161849975586,543.33984375,1.949406623840332,1.9288740158081055,1.4083633422851562
14,2099,125.4141845703125,609.269287109375,2.1495749950408936,2.0598626136779785,1.192091941833496
14,2100,109.07815551757812,469.8335266113281,2.069826602935791,1.4316171407699585,0.9589052200317383
14,2101,152.56353759765625,874.2481689453125,2.171290397644043,2.001985788345337,1.986393928527832
14,2102,109.04153442382812,475.0354309082031,2.0512661933898926,1.4512825012207031,1.3635883331298828
14,2103,110.54823303222656,442.369140625,2.2103772163391113,1.6976567506790161,1.343658447265625
14,2104,123.82305908203125,671.8336181640625,1.88798987865448,1.7996885776519775,1.4599456787109375
14,2105,107.56016540527344,428.6624755859375,2.156463861465454,1.6422622203826904,1.1377239227294922
14,2106,101.79121398925781,422.13922119140625,1.9859097003936768,1.322076439857483,1.4708147048950195
14,2107,150.4239959716797,951.1717529296875,1.8435606956481934,2.1773934364318848,1.1541728973388672
14,2108,143.35057067871094,845.225341796875,1.9609345197677612,1.9840165376663208,1.1506538391113281
14,2109,90.74727630615234,315.97283935546875,1.9716664552688599,1.3880889415740967,0.8428735733032227
14,2110,113.81420135498047,530.98388671875,2.023860454559326,1.9265429973602295,1.292160987854004
14,2111,95.54987335205078,381.780517578125,1.9123940467834473,1.4687302112579346,1.158452033996582
14,2112,175.23167419433594,1194.45361328125,1.8595435619354248,2.6149001121520996,0.8459558486938477
14,2113,73.5995101928711,219.3690185546875,1.7220869064331055,1.2154417037963867,0.8689508438110352
14,2114,91.3388442993164,303.5400695800781,2.032827854156494,1.2148665189743042,1.3031396865844727
14,2115,94.2779769897461,377.0332946777344,1.8858215808868408,1.4960155487060547,1.0095577239990234
14,2116,113.5968017578125,598.4028930664062,1.7918837070465088,1.4487760066986084,1.4534502029418945
14,2117,88.43092346191406,336.3612365722656,1.8264931440353394,1.2312003374099731,0.8840227127075195
14,2118,161.8121337890625,877.5164794921875,2.4686827659606934,2.026430606842041,1.2130107879638672
14,2119,181.9991455078125,1206.03515625,2.0465211868286133,2.2434301376342773,1.1759958267211914
14,2120,100.37146759033203,410.8224792480469,1.9763072729110718,1.4529414176940918,1.4588899612426758
14,2121,108.92617797851562,407.1728210449219,2.273629903793335,1.3053381443023682,1.4914398193359375
14,2122,120.18314361572266,659.0677490234375,1.8092122077941895,1.6519112586975098,1.4711647033691406
14,2123,100.96400451660156,351.58154296875,2.193528175354004,1.7044020891189575,0.9307498931884766
14,2124,100.55064392089844,355.09613037109375,2.168034315109253,1.6926647424697876,1.002279281616211
14,2125,95.41145324707031,376.4053955078125,1.9256970882415771,1.2315341234207153,0.9822826385498047
14,2126,99.39179992675781,428.73516845703125,1.8839428424835205,1.1822099685668945,1.4645814895629883
14,2127,135.28407287597656,740.457763671875,2.041276454925537,2.360433578491211,1.5739049911499023
14,2128,554.6431884765625,4884.06982421875,2.2078728675842285,3.440305709838867,1.7663860321044922
14,2129,88.06004333496094,337.3302001953125,1.8109008073806763,1.380430817604065,1.3265180587768555
14,2130,143.87110900878906,842.7242431640625,1.98662269115448,1.9454288482666016,1.6405706405639648
14,2131,95.58979797363281,425.2806701660156,1.7687244415283203,1.7842695713043213,0.9993629455566406
14,2132,102.1766357421875,402.8455810546875,2.0630693435668945,1.4224604368209839,1.2761735916137695
14,2133,114.38733673095703,514.4525756835938,2.098069190979004,2.0040016174316406,1.176508903503418
14,2134,87.5609130859375,301.8785095214844,1.9124352931976318,1.3006958961486816,1.1911211013793945
14,2135,141.44140625,801.467041015625,2.043156385421753,2.1071510314941406,1.3693122863769531
14,2136,123.49783325195312,636.1162719726562,1.9962067604064941,1.9920268058776855,1.3310861587524414
14,2137,96.67146301269531,341.74737548828125,2.083224296569824,1.4821330308914185,0.8716764450073242
14,2138,259.52386474609375,1844.2099609375,2.5034284591674805,3.0254862308502197,1.3512353897094727
14,2139,100.65455627441406,379.44598388671875,2.090331792831421,1.0192039012908936,1.3356027603149414
14,2140,87.9707260131836,290.6929626464844,1.963381052017212,1.2143386602401733,1.0058841705322266
14,2141,101.39462280273438,373.3667907714844,2.1352646350860596,1.264481782913208,1.325448989868164
14,2142,86.83018493652344,261.63482666015625,2.0222232341766357,1.1332498788833618,1.1446828842163086
14,2143,105.07466125488281,349.39312744140625,2.3378450870513916,1.3491270542144775,0.9914464950561523
14,2144,192.9874267578125,1301.943359375,2.0931029319763184,2.356797695159912,1.3252582550048828
14,2145,84.61556243896484,311.79443359375,1.7812039852142334,1.0824759006500244,1.2743453979492188
14,2146,99.45872497558594,425.1087646484375,1.898261547088623,1.666857123374939,1.2607040405273438
14,2147,92.6378402709961,335.7454833984375,1.9687763452529907,1.356415033340454,1.2137384414672852
14,2148,86.65928649902344,242.7615509033203,2.079437732696533,1.0993733406066895,0.8389596939086914
14,2149,164.53025817871094,974.400146484375,2.2363412380218506,2.481358051300049,1.051259994506836
14,2150,137.8904266357422,713.2154541015625,2.2189626693725586,2.287846565246582,1.3783035278320312
14,2151,100.2342758178711,309.1020812988281,2.3108022212982178,1.4985709190368652,0.9092655181884766
14,2152,81.1506576538086,274.0777893066406,1.7914292812347412,1.5048723220825195,0.8918695449829102
14,2153,85.8436279296875,280.04815673828125,1.9279603958129883,1.13178551197052,1.2766923904418945
14,2154,86.66716766357422,327.8868713378906,1.7959493398666382,1.2545175552368164,1.120223045349121
14,2155,83.28981018066406,247.5499267578125,1.9511604309082031,1.3131307363510132,0.7454328536987305
14,2156,92.56135559082031,352.734375,1.9095971584320068,1.7394009828567505,0.9887180328369141
14,2157,96.00688934326172,314.4681396484375,2.1520023345947266,0.958077073097229,1.2422094345092773
14,2158,81.66546630859375,279.7384338378906,1.7897207736968994,1.378129482269287,0.9650487899780273
14,2159,85.34562683105469,243.5555419921875,2.0330023765563965,1.178415060043335,0.9121236801147461
14,2160,95.72974395751953,318.8565673828125,2.128136157989502,1.2306703329086304,1.1322650909423828
14,2161,112.06646728515625,504.66290283203125,2.0533392429351807,1.2585004568099976,1.4539871215820312
14,2162,92.90365600585938,400.9201354980469,1.760387897491455,1.2545042037963867,1.5712785720825195
14,2163,163.4392547607422,1005.6455078125,2.0958235263824463,2.300644636154175,1.5545568466186523
14,2164,95.92727661132812,347.9215087890625,2.037837505340576,1.3559484481811523,1.2672882080078125
14,2165,114.64717102050781,636.0264282226562,1.7014844417572021,1.9423240423202515,1.4514007568359375
14,2166,98.44905090332031,423.5656433105469,1.869749665260315,1.7552093267440796,0.9859075546264648
14,2167,80.03780364990234,271.08062744140625,1.76432466506958,1.2418296337127686,1.059199333190918
14,2168,96.58976745605469,307.55999755859375,2.1944589614868164,1.5929707288742065,0.7473554611206055
14,2169,95.1861572265625,358.2646484375,1.978656530380249,1.6163654327392578,1.0682449340820312
14,2170,100.68678283691406,357.66064453125,2.1640238761901855,1.2712528705596924,1.2452659606933594
14,2171,84.7535629272461,283.3970947265625,1.8804618120193481,1.1069319248199463,0.8878097534179688
14,2172,142.49932861328125,871.7058715820312,1.8442914485931396,2.2056825160980225,1.0988903045654297
14,2173,116.45293426513672,552.1361083984375,2.0413107872009277,1.7004973888397217,1.5040826797485352
14,2174,92.07991790771484,365.5754089355469,1.8507459163665771,1.1119474172592163,1.4042425155639648
14,2175,110.17892456054688,546.22705078125,1.851873755455017,1.6223468780517578,1.6658782958984375
14,2176,99.61347961425781,431.6155090332031,1.8817310333251953,1.6332883834838867,1.1235790252685547
14,2177,97.79866790771484,364.0162353515625,2.0465681552886963,1.3936870098114014,1.2674102783203125
14,2178,102.33314514160156,434.0713195800781,1.964200496673584,1.54970383644104,1.5820341110229492
14,2179,104.85739135742188,374.9292297363281,2.2454822063446045,1.3434638977050781,1.455519676208496
14,2180,92.77466583251953,365.6405944824219,1.8736869096755981,1.5776193141937256,1.030827522277832
14,2181,92.61979675292969,348.20306396484375,1.9266496896743774,1.0429883003234863,1.3805046081542969
14,2182,92.70552062988281,272.052734375,2.1833415031433105,1.4434525966644287,0.8311481475830078
14,2183,89.69664001464844,338.24261474609375,1.862412691116333,1.5369540452957153,1.3648138046264648
14,2184,83.81270599365234,299.65216064453125,1.7949163913726807,1.499017357826233,0.9063653945922852
14,2185,105.73530578613281,462.45953369140625,1.9829785823822021,1.641268014907837,1.483591079711914
14,2186,103.52461242675781,445.1557922363281,1.9669678211212158,1.450244426727295,1.3295269012451172
14,2187,91.96245574951172,349.8606872558594,1.8992128372192383,1.4329285621643066,1.16680908203125
14,2188,121.88858795166016,621.5574951171875,1.9910945892333984,1.8668893575668335,1.3429841995239258
14,2189,93.29335021972656,411.6302490234375,1.7376776933670044,1.249927282333374,1.254281997680664
14,2190,116.06532287597656,558.1380615234375,2.0083839893341064,1.470895528793335,1.843179702758789
14,2191,101.17741394042969,436.6614685058594,1.9170420169830322,1.4650133848190308,0.7801799774169922
14,2192,89.34490966796875,295.46435546875,1.993282437324524,1.2998723983764648,1.0610923767089844
14,2193,89.76448059082031,346.10418701171875,1.8384687900543213,1.3643407821655273,0.9994535446166992
14,2194,134.74789428710938,735.5852661132812,2.0396456718444824,2.3350090980529785,1.1705074310302734
14,2195,96.31686401367188,402.19683837890625,1.869905948638916,1.3987319469451904,1.3997926712036133
14,2196,108.59403991699219,488.13006591796875,1.9927010536193848,1.6573147773742676,1.1756982803344727
14,2197,82.47110748291016,259.8269958496094,1.8829468488693237,1.2711855173110962,0.9436836242675781
14,2198,115.66845703125,533.839599609375,2.0761499404907227,1.5249662399291992,1.4297246932983398
14,2199,112.85526275634766,448.7198486328125,2.2661092281341553,1.3128886222839355,1.103067398071289
14,2200,94.00532531738281,341.4178771972656,1.9954510927200317,1.5958247184753418,0.8933496475219727
14,2201,120.31839752197266,612.0880126953125,1.9703198671340942,1.893910527229309,1.0744905471801758
14,2202,93.7327880859375,326.5985107421875,2.035764694213867,1.3640048503875732,1.1038122177124023
14,2203,90.25890350341797,424.575927734375,1.5933769941329956,1.9464011192321777,0.9397983551025391
14,2204,92.13672637939453,328.488525390625,1.9762624502182007,1.333685278892517,1.2096624374389648
14,2205,97.24154663085938,366.33319091796875,2.0202741622924805,1.5326104164123535,1.3465538024902344
14,2206,234.430419921875,1635.1326904296875,2.3639044761657715,2.9385101795196533,0.9934854507446289
14,2207,106.50360107421875,444.30743408203125,2.0690951347351074,1.4668850898742676,1.6111698150634766
14,2208,85.4252700805664,262.7095642089844,1.9718103408813477,1.2185287475585938,1.079075813293457
14,2209,92.85653686523438,382.683837890625,1.8196052312850952,1.443401575088501,1.2675771713256836
14,2210,205.164794921875,1322.26806640625,2.4312660694122314,2.756636619567871,1.4521656036376953
14,2211,128.6461639404297,594.4093017578125,2.3068408966064453,1.74712073802948,1.4205265045166016
14,2212,127.7901611328125,637.60302734375,2.1343283653259277,1.6565191745758057,1.4591283798217773
14,2213,193.21072387695312,1346.140869140625,1.9532212018966675,3.4130606651306152,0.8749961853027344
14,2214,130.1796112060547,728.7648315429688,1.9101042747497559,1.6975589990615845,1.344635009765625
14,2215,117.41102600097656,552.538330078125,2.071906566619873,1.809034824371338,0.9412841796875
14,2216,87.81124114990234,284.20361328125,1.9796959161758423,1.1208277940750122,1.19683837890625
14,2217,93.66138458251953,346.2098388671875,1.9680134057998657,1.4184123277664185,1.254812240600586
14,2218,92.48468017578125,372.02581787109375,1.8427367210388184,1.647075891494751,0.995823860168457
14,2219,95.14480590820312,387.0167236328125,1.88143789768219,1.274669885635376,1.270547866821289
14,2220,90.3734130859375,320.0270080566406,1.945690393447876,1.2749383449554443,0.8533763885498047
14,2221,91.95527648925781,301.80572509765625,2.059156894683838,1.8838659524917603,0.8291530609130859
14,2222,103.12725830078125,438.9683532714844,1.9743475914001465,1.467419147491455,1.238795280456543
14,2223,91.89569091796875,340.8825988769531,1.9269144535064697,1.5739564895629883,0.7594156265258789
14,2224,88.51683044433594,382.9252624511719,1.6741435527801514,0.9171716570854187,1.2128772735595703
14,2225,114.28797912597656,493.4057312011719,2.1649134159088135,1.4501008987426758,1.4522418975830078
14,2226,134.03848266601562,720.5194091796875,2.066218376159668,1.1146960258483887,1.9383964538574219
14,2227,77.976318359375,235.32566833496094,1.8147916793823242,0.9746993184089661,1.1708259582519531
14,2228,136.10818481445312,749.731689453125,2.0378339290618896,2.1624722480773926,1.5140085220336914
14,2229,97.75625610351562,403.75225830078125,1.912700891494751,1.4671661853790283,1.083918571472168
14,2230,132.42144775390625,664.8739013671875,2.1978023052215576,2.312485933303833,1.1031036376953125
14,2231,303.076904296875,2367.45166015625,2.2110579013824463,3.1650238037109375,1.528792381286621
14,2232,117.37633514404297,651.406982421875,1.7411878108978271,1.8331843614578247,0.8088903427124023
14,2233,115.9566650390625,638.6075439453125,1.7365301847457886,2.123481273651123,1.2079887390136719
14,2234,91.83645629882812,324.90814208984375,1.978188157081604,1.4085252285003662,1.3398113250732422
14,2235,87.12301635742188,288.0842590332031,1.9438196420669556,1.23484468460083,1.035196304321289
14,2236,154.189208984375,948.6607055664062,1.977437973022461,2.1049909591674805,1.1495399475097656
14,2237,119.02023315429688,572.8028564453125,2.0579984188079834,1.9142924547195435,1.1738500595092773
14,2238,357.57440185546875,3017.125732421875,1.8620600700378418,3.4022679328918457,1.26708984375
14,2239,99.45880126953125,325.1939392089844,2.231313705444336,1.4662139415740967,0.9011001586914062
14,2240,105.58837890625,438.188232421875,2.0589852333068848,1.7598413228988647,1.4927053451538086
14,2241,565.1447143554688,5109.7294921875,1.805724859237671,4.37598991394043,1.5153312683105469
14,2242,148.80548095703125,735.8101806640625,2.507481813430786,2.131554126739502,1.2126646041870117
14,2243,172.78221130371094,1177.698486328125,1.8337454795837402,2.2881569862365723,0.9103069305419922
14,2244,95.18556213378906,393.55267333984375,1.8610098361968994,1.452798843383789,0.8282146453857422
14,2245,131.3529815673828,687.4192504882812,2.0870351791381836,1.9004911184310913,1.064234733581543
14,2246,122.2181625366211,635.0706787109375,1.9570364952087402,2.0427868366241455,1.1838665008544922
14,2247,108.1202163696289,522.3234252929688,1.862929105758667,2.0234427452087402,1.0763797760009766
14,2248,109.05780029296875,417.38934326171875,2.243962287902832,1.3381638526916504,1.4431629180908203
14,2249,86.3871078491211,221.7831573486328,2.1402931213378906,1.1566022634506226,0.9632377624511719
14,2250,104.59185791015625,402.38604736328125,2.145108461380005,1.6783196926116943,0.9260320663452148
14,2251,94.4930419921875,368.25225830078125,1.9222604036331177,1.3069697618484497,1.1873149871826172
14,2252,83.35881042480469,272.04937744140625,1.871795654296875,1.4800201654434204,0.7732324600219727
14,2253,130.57623291015625,657.5172729492188,2.1608166694641113,2.275916337966919,1.0311880111694336
14,2254,96.36156463623047,317.0514831542969,2.1552138328552246,1.3065003156661987,1.0286445617675781
14,2255,78.59504699707031,163.9298095703125,2.073402166366577,0.812895655632019,0.8460655212402344
14,2256,82.4728775024414,213.47047424316406,2.037527561187744,0.8221144676208496,1.076512336730957
14,2257,136.44424438476562,759.8419799804688,2.0153346061706543,1.9381471872329712,1.029646873474121
14,2258,290.175048828125,2213.40869140625,2.294473171234131,3.2235050201416016,1.4732017517089844
14,2259,92.31919860839844,372.5499572753906,1.8354735374450684,1.6334443092346191,1.1409873962402344
14,2260,128.11090087890625,598.5770263671875,2.275106430053711,1.5854690074920654,1.2460155487060547
14,2261,96.767822265625,332.6033935546875,2.1169161796569824,1.52134370803833,1.2464227676391602
14,2262,90.92851257324219,260.120849609375,2.1638808250427246,1.5255749225616455,0.9104833602905273
14,2263,91.33555603027344,331.5161437988281,1.939464807510376,1.2979929447174072,1.2804651260375977
14,2264,92.90899658203125,321.56146240234375,2.025094985961914,1.1101679801940918,0.9989538192749023
14,2265,97.57829284667969,431.517333984375,1.814218521118164,1.64048433303833,1.0102005004882812
14,2266,140.00576782226562,784.5684814453125,2.0516304969787598,2.049668073654175,1.378326416015625
14,2267,81.78697204589844,221.93515014648438,1.9864484071731567,1.160292625427246,0.87225341796875
14,2268,103.96038818359375,521.84765625,1.7258541584014893,1.5257185697555542,1.5281486511230469
14,2269,100.05140686035156,382.3145751953125,2.0606648921966553,1.377713918685913,1.2747440338134766
14,2270,137.2004852294922,798.9934692382812,1.9100379943847656,1.9579263925552368,1.2728557586669922
14,2271,117.61540222167969,493.90472412109375,2.2741641998291016,1.9659996032714844,0.8826284408569336
14,2272,93.52915954589844,354.32177734375,1.93656587600708,1.4862051010131836,0.8840494155883789
14,2273,105.23681640625,440.75048828125,2.0387253761291504,1.5667085647583008,1.1664085388183594
14,2274,80.78897094726562,343.5769958496094,1.5477091073989868,1.1738122701644897,1.3671245574951172
14,2275,92.52070617675781,362.2149353027344,1.8766405582427979,1.5358223915100098,1.408376693725586
14,2276,96.51716613769531,388.0062561035156,1.923884630203247,1.595818042755127,0.9890670776367188
14,2277,84.168701171875,272.151611328125,1.898451328277588,1.0334253311157227,1.027632713317871
14,2278,102.2503433227539,406.5799560546875,2.0530781745910645,1.3243703842163086,1.2079591751098633
14,2279,102.94256591796875,369.124267578125,2.20100474357605,1.3783910274505615,1.1044273376464844
14,2280,88.82044219970703,324.3443603515625,1.8795335292816162,1.337782859802246,1.1623268127441406
14,2281,91.0994873046875,281.9316101074219,2.0968775749206543,1.3893773555755615,0.8138637542724609
14,2282,94.02975463867188,380.6885070800781,1.865363359451294,1.29148530960083,1.3401384353637695
14,2283,84.36168670654297,319.6634521484375,1.746511459350586,1.1900081634521484,1.4502630233764648
14,2284,91.06175231933594,327.92083740234375,1.9423223733901978,1.239758014678955,1.0521411895751953
14,2285,89.95242309570312,429.3641357421875,1.5672003030776978,1.5490081310272217,1.2263450622558594
14,2286,108.22710418701172,505.6197509765625,1.922170877456665,1.8195949792861938,1.23773193359375
14,2287,114.36753845214844,455.46563720703125,2.294032573699951,1.836596131324768,0.7848930358886719
14,2288,107.35743713378906,472.3330078125,2.0041379928588867,1.4511609077453613,1.3993864059448242
14,2289,125.47917175292969,289.4727478027344,3.2177300453186035,1.4991751909255981,0.9379291534423828
14,2290,99.45307922363281,307.2906799316406,2.2908005714416504,1.2574282884597778,0.8656339645385742
14,2291,109.39064025878906,504.9737854003906,1.963108777999878,1.6790306568145752,1.5013036727905273
14,2292,101.08396911621094,477.25653076171875,1.7786105871200562,1.6299018859863281,0.8005952835083008
14,2293,98.4527359008789,378.77484130859375,2.0191750526428223,1.3060739040374756,1.1812934875488281
14,2294,129.28292846679688,668.2529296875,2.081921339035034,2.0136265754699707,1.299372673034668
14,2295,132.26766967773438,647.050537109375,2.252087116241455,1.6041250228881836,1.3563833236694336
14,2296,120.09089660644531,610.89013671875,1.9667292833328247,1.8258373737335205,1.0558443069458008
14,2297,99.99288177490234,340.6036376953125,2.1977505683898926,1.490614414215088,1.1051311492919922
14,2298,114.3432388305664,579.9887084960938,1.8781455755233765,1.663719654083252,1.102285385131836
14,2299,103.94854736328125,419.3003845214844,2.0672836303710938,1.4495588541030884,1.2243919372558594
14,2300,90.489990234375,273.91497802734375,2.103282928466797,1.0819836854934692,1.0527725219726562
14,2301,171.1929931640625,1033.810546875,2.2603979110717773,2.716221332550049,0.9425506591796875
14,2302,86.47787475585938,322.8126220703125,1.8065539598464966,1.2595250606536865,1.3023948669433594
14,2303,107.96084594726562,349.13226318359375,2.4349207878112793,1.6768536567687988,1.0201787948608398
14,2304,91.38777923583984,322.3778076171875,1.9716665744781494,1.1027275323867798,1.2136812210083008
14,2305,145.7030487060547,920.6468505859375,1.78794527053833,2.101959705352783,1.5631866455078125
14,2306,97.95828247070312,386.16400146484375,1.9780625104904175,1.3341405391693115,1.2463436126708984
14,2307,113.67212677001953,656.20458984375,1.601722240447998,1.869955062866211,1.3180322647094727
14,2308,85.7734603881836,287.9710693359375,1.8992117643356323,1.3912991285324097,0.9484825134277344
14,2309,107.08094787597656,503.82696533203125,1.889941692352295,1.3784551620483398,1.6129741668701172
14,2310,105.134521484375,396.02423095703125,2.18440318107605,1.4842854738235474,1.095113754272461
14,2311,96.31306457519531,333.96533203125,2.097217559814453,1.5998337268829346,0.9205837249755859
14,2312,116.6617431640625,600.3058471679688,1.8877050876617432,1.4319043159484863,1.600931167602539
14,2313,97.90203857421875,335.8189697265625,2.1440045833587646,1.4660170078277588,0.8821392059326172
14,2314,92.45480346679688,348.98663330078125,1.9185378551483154,1.444043755531311,1.1793460845947266
14,2315,82.59280395507812,310.51434326171875,1.7180455923080444,1.4003533124923706,0.9159946441650391
14,2316,117.72782897949219,502.6693115234375,2.2486963272094727,1.350146770477295,1.5583734512329102
14,2317,75.93682861328125,267.68670654296875,1.638938546180725,1.4156215190887451,0.7194890975952148
14,2318,138.47161865234375,885.6083984375,1.6636922359466553,2.2153968811035156,1.4790544509887695
14,2319,98.47723388671875,447.5538330078125,1.7907284498214722,1.3648433685302734,1.5699348449707031
14,2320,99.2576675415039,333.8560485839844,2.195735454559326,1.2600865364074707,1.101806640625
14,2321,88.66839599609375,341.65399169921875,1.8167665004730225,1.0292538404464722,1.319620132446289
14,2322,103.15862274169922,427.75775146484375,2.0127615928649902,1.2138538360595703,1.3765325546264648
14,2323,95.00852966308594,354.5934753417969,1.9849727153778076,1.5930321216583252,1.0314750671386719
14,2324,171.5526123046875,1108.1563720703125,2.0245659351348877,2.4661877155303955,1.1682729721069336
14,2325,94.62939453125,354.2955627441406,1.9733279943466187,1.1765295267105103,1.3484859466552734
14,2326,102.26017761230469,457.04083251953125,1.8852033615112305,1.5527077913284302,1.4097089767456055
14,2327,100.95539855957031,455.81597900390625,1.8457932472229004,1.8323205709457397,1.0950651168823242
14,2328,94.5106201171875,292.5482177734375,2.1751933097839355,1.4439091682434082,0.9963855743408203
14,2329,85.359619140625,274.3463134765625,1.9308327436447144,1.2756710052490234,0.8952054977416992
14,2330,88.35734558105469,301.4826965332031,1.9403024911880493,1.0907938480377197,1.1523141860961914
14,2331,83.21002197265625,378.74127197265625,1.5111966133117676,1.0910975933074951,1.4061384201049805
14,2332,107.5029525756836,377.5439453125,2.3249518871307373,1.528477430343628,1.0844898223876953
14,2333,119.68844604492188,525.555419921875,2.2377634048461914,1.5147109031677246,1.3894472122192383
14,2334,89.29153442382812,290.3635559082031,2.0085060596466064,1.5485353469848633,0.6026983261108398
14,2335,93.65975189208984,401.310791015625,1.784289002418518,1.281130313873291,1.2833538055419922
14,2336,104.02654266357422,385.95062255859375,2.181049346923828,1.678339958190918,0.9806013107299805
14,2337,113.11137390136719,534.1105346679688,1.9900107383728027,1.8725203275680542,1.218214988708496
14,2338,173.47195434570312,1153.645751953125,1.9369126558303833,2.9059553146362305,1.1696233749389648
14,2339,109.05911254882812,454.69195556640625,2.119663715362549,1.6994680166244507,1.2573556900024414
14,2340,101.95726013183594,438.006591796875,1.9385533332824707,1.6192739009857178,1.3646841049194336
14,2341,127.90861511230469,634.3348999023438,2.1491708755493164,1.4393383264541626,1.593825340270996
14,2342,105.55078887939453,445.882568359375,2.0320844650268555,1.7716734409332275,1.0600156784057617
14,2343,84.38215637207031,268.5559997558594,1.9175517559051514,1.007236123085022,1.2678651809692383
14,2344,85.40446472167969,220.68377685546875,2.1112029552459717,1.239011526107788,0.8161172866821289
14,2345,333.5880126953125,2691.70751953125,2.147242546081543,2.8555166721343994,1.0892410278320312
14,2346,101.02674865722656,483.5362548828125,1.7557705640792847,1.894019365310669,1.1363420486450195
14,2347,87.54386138916016,295.1394348144531,1.9343304634094238,1.4805245399475098,0.9707279205322266
14,2348,155.6697235107422,945.038818359375,2.0388612747192383,2.2320518493652344,1.0327959060668945
14,2349,226.98744201660156,1764.7049560546875,1.6838977336883545,2.2102370262145996,1.1322174072265625
14,2350,88.81889343261719,315.2921142578125,1.9096561670303345,1.1444472074508667,1.4651060104370117
14,2351,101.24947357177734,323.1363525390625,2.297861099243164,1.5848945379257202,1.0033254623413086
14,2352,94.83134460449219,348.22222900390625,2.0003039836883545,1.1519743204116821,1.189260482788086
14,2353,103.58717346191406,433.0411376953125,2.0094351768493652,1.5150978565216064,1.5592117309570312
14,2354,123.61233520507812,675.6495361328125,1.868246078491211,1.7862770557403564,2.073197364807129
14,2355,88.36872100830078,352.73626708984375,1.76983642578125,1.801813006401062,0.8181228637695312
14,2356,76.64678955078125,216.55917358398438,1.83302903175354,0.8649274110794067,1.0754804611206055
14,2357,102.97966003417969,493.39166259765625,1.7880163192749023,1.3716237545013428,1.2299861907958984
14,2358,105.46063995361328,399.1885986328125,2.1847259998321533,1.7382553815841675,1.044022560119629
14,2359,137.17611694335938,759.0858764648438,2.0422511100769043,1.561697006225586,0.8680410385131836
14,2360,112.38076782226562,529.798095703125,1.9800320863723755,2.0689730644226074,1.0666122436523438
14,2361,102.94377899169922,425.2764892578125,2.01387095451355,1.4079548120498657,1.177262306213379
14,2362,89.65261840820312,253.59400939941406,2.1431074142456055,1.1963385343551636,1.011488914489746
14,2363,98.07469177246094,419.44171142578125,1.8710174560546875,1.351649522781372,1.1336994171142578
14,2364,119.7416000366211,625.508056640625,1.9063597917556763,1.903066873550415,1.1111135482788086
14,2365,88.5931396484375,315.41656494140625,1.9017159938812256,1.0597602128982544,1.2343578338623047
14,2366,112.76580047607422,434.92340087890625,2.309115409851074,1.5570392608642578,1.3033390045166016
14,2367,102.55697631835938,395.5902099609375,2.0999317169189453,1.4568198919296265,1.1010379791259766
14,2368,114.07073974609375,597.4869384765625,1.810734748840332,1.2959630489349365,2.0725841522216797
14,2369,80.830810546875,206.7232666015625,2.0052828788757324,1.0873148441314697,1.0939149856567383
14,2370,103.64542388916016,487.292236328125,1.8305399417877197,1.487666130065918,1.2914953231811523
14,2371,108.09713745117188,430.8817138671875,2.1669654846191406,1.5652669668197632,1.1658430099487305
14,2372,94.61260986328125,330.8158264160156,2.0510342121124268,1.5180256366729736,1.0890703201293945
14,2373,105.29380798339844,431.1207580566406,2.0727243423461914,1.7341173887252808,1.4010801315307617
14,2374,108.71886444091797,466.3675842285156,2.0694034099578857,1.3490476608276367,1.1957263946533203
14,2375,122.02983093261719,529.9093017578125,2.3012967109680176,1.5589934587478638,1.6304798126220703
14,2376,78.1544189453125,219.13766479492188,1.8746885061264038,1.378255009651184,0.9652605056762695
14,2377,96.5030746459961,387.9158935546875,1.9237160682678223,1.5057936906814575,1.335413932800293
14,2378,115.70832824707031,380.6739807128906,2.588031053543091,1.0689616203308105,1.0805892944335938
14,2379,118.25883483886719,488.9358215332031,2.3121750354766846,1.814741849899292,1.2476139068603516
14,2380,76.87299346923828,168.33697509765625,2.001309871673584,1.0390286445617676,0.7362909317016602
14,2381,193.40328979492188,1357.087646484375,1.9231507778167725,2.839123487472534,1.7139854431152344
14,2382,121.99409484863281,632.213134765625,1.959092617034912,1.6486825942993164,1.8731279373168945
14,2383,103.85523986816406,466.9610900878906,1.9053043127059937,1.1466113328933716,1.6530389785766602
14,2384,105.30317687988281,465.3048095703125,1.9590896368026733,2.0456931591033936,1.1153888702392578
14,2385,165.72982788085938,890.584716796875,2.5557117462158203,1.7777721881866455,1.6510982513427734
14,2386,161.13339233398438,978.1824340820312,2.110504627227783,2.556100845336914,1.0486936569213867
14,2387,159.56680297851562,975.502197265625,2.0672192573547363,1.885008692741394,1.3824100494384766
14,2388,117.49873352050781,536.5740356445312,2.128044366836548,1.6323251724243164,1.4525737762451172
14,2389,105.64549255371094,458.1170654296875,1.9944593906402588,1.6045284271240234,1.1760540008544922
14,2390,107.11033630371094,517.3911743164062,1.8457071781158447,1.814314603805542,1.1031856536865234
14,2391,96.04155731201172,418.0758361816406,1.8077991008758545,1.3716422319412231,1.4165191650390625
14,2392,105.61238098144531,507.3925476074219,1.8291044235229492,1.4177420139312744,1.2852888107299805
14,2393,90.40257263183594,265.23236083984375,2.1293110847473145,0.8444691896438599,1.2677793502807617
14,2394,77.90137481689453,265.7275390625,1.7109540700912476,1.4675731658935547,0.997833251953125
14,2395,85.93373107910156,298.10675048828125,1.870768427848816,1.5135183334350586,0.9833879470825195
14,2396,68.4787826538086,224.72650146484375,1.5335376262664795,1.2950289249420166,0.7786197662353516
14,2397,89.4130630493164,346.23321533203125,1.826324701309204,1.2517696619033813,1.059967041015625
14,2398,99.6531982421875,395.3797607421875,2.003840923309326,1.4460936784744263,1.1565065383911133
14,2399,88.987060546875,311.62786865234375,1.9274756908416748,1.3722479343414307,1.0853815078735352
14,2400,96.0987319946289,304.2044982910156,2.1892762184143066,1.4883613586425781,0.7386770248413086
14,2401,77.0186767578125,213.73898315429688,1.8548259735107422,1.0978790521621704,0.8710851669311523
14,2402,102.70828247070312,349.72369384765625,2.257863998413086,1.3251092433929443,1.112295150756836
14,2403,195.32598876953125,1367.6806640625,1.9519306421279907,2.5997352600097656,1.2349796295166016
14,2404,97.55819702148438,367.31024169921875,2.0275723934173584,1.3817051649093628,1.0608444213867188
14,2405,105.2794189453125,462.1428527832031,1.968837857246399,1.0796380043029785,1.4602947235107422
14,2406,144.91693115234375,852.2479248046875,1.9897377490997314,1.8015081882476807,2.111063003540039
14,2407,98.95462036132812,337.2052307128906,2.1744699478149414,1.5493706464767456,1.0593976974487305
14,2408,100.36386108398438,415.111572265625,1.9617568254470825,1.0579230785369873,1.5802507400512695
14,2409,96.08904266357422,364.2677001953125,1.988742470741272,1.5902042388916016,0.9459047317504883
14,2410,106.05183410644531,359.5350341796875,2.336611270904541,1.3454198837280273,1.0184059143066406
14,2411,89.540771484375,301.892578125,1.9783837795257568,1.2600629329681396,1.189265251159668
14,2412,103.52357482910156,440.4081726074219,1.982758641242981,1.6983919143676758,1.12921142578125
14,2413,97.031494140625,332.98284912109375,2.1244401931762695,1.252598762512207,1.0389986038208008
14,2414,142.9251708984375,751.3026123046875,2.2598304748535156,2.156796932220459,1.0258188247680664
14,2415,104.46307373046875,455.1585693359375,1.964907169342041,1.9685709476470947,1.067596435546875
14,2416,86.42337799072266,287.4560546875,1.9225924015045166,1.3056130409240723,0.8074283599853516
14,2417,76.610107421875,277.0475769042969,1.630178451538086,0.9692376852035522,1.2031927108764648
14,2418,91.87228393554688,312.5940246582031,2.0204293727874756,1.4594264030456543,0.9027595520019531
14,2419,114.56346893310547,576.9371337890625,1.8956584930419922,1.7148520946502686,1.2298860549926758
14,2420,111.19538879394531,490.54510498046875,2.0713624954223633,1.7376444339752197,1.489516258239746
14,2421,95.21082305908203,377.872314453125,1.9141197204589844,1.8055131435394287,0.8861503601074219
14,2422,114.40965270996094,530.4891967773438,2.0453577041625977,1.745568037033081,1.3916234970092773
14,2423,93.14064025878906,362.7242736816406,1.8956071138381958,1.175683856010437,1.4244747161865234
14,2424,82.18919372558594,232.955322265625,1.9631218910217285,0.9587740898132324,1.1517133712768555
14,2425,95.81061553955078,409.66510009765625,1.8281368017196655,1.0092344284057617,1.4110488891601562
14,2426,106.71040344238281,417.5901184082031,2.165046215057373,1.2353649139404297,1.7101783752441406
14,2427,90.1927261352539,322.73248291015625,1.9306491613388062,1.1732523441314697,1.3597707748413086
14,2428,125.48963165283203,636.4579467773438,2.0614612102508545,1.4269979000091553,1.8759679794311523
14,2429,85.00901794433594,286.5992736816406,1.878303050994873,1.1500248908996582,1.1616458892822266
14,2430,119.13996887207031,522.2963256835938,2.230344533920288,1.5199077129364014,1.3286266326904297
14,2431,82.61797332763672,275.0711364746094,1.8370286226272583,1.2800307273864746,0.8597517013549805
14,2432,111.99812316894531,448.1917724609375,2.239298105239868,1.618047833442688,1.070749282836914
14,2433,99.5223617553711,428.93359375,1.8876334428787231,1.5610195398330688,1.0008258819580078
14,2434,94.52886962890625,426.58453369140625,1.7290138006210327,1.3837518692016602,1.3178720474243164
14,2435,104.12295532226562,476.1370544433594,1.8836417198181152,1.8004531860351562,1.4293289184570312
14,2436,79.70590209960938,222.85609436035156,1.9140098094940186,0.8584674596786499,0.8929977416992188
14,2437,91.4150390625,328.5874938964844,1.9518764019012451,1.2096807956695557,1.3456640243530273
14,2438,96.57919311523438,366.32879638671875,1.9982103109359741,1.3757187128067017,1.0655269622802734
14,2439,85.96163177490234,298.4866943359375,1.8704321384429932,1.2468369007110596,1.149245262145996
14,2440,121.82896423339844,646.7186279296875,1.9052364826202393,1.5200068950653076,1.6839876174926758
14,2441,113.076416015625,547.72509765625,1.943463683128357,1.4635562896728516,1.6572465896606445
14,2442,90.74118041992188,319.3114013671875,1.9603347778320312,1.3341810703277588,0.8921937942504883
14,2443,91.90320587158203,304.36602783203125,2.048886775970459,1.181786060333252,1.3674402236938477
14,2444,92.42777252197266,328.4110412597656,1.9862221479415894,1.3016767501831055,1.1986675262451172
14,2445,113.73140716552734,464.6223449707031,2.2423057556152344,1.871277093887329,0.8520822525024414
14,2446,123.37754821777344,506.0059509277344,2.425898551940918,1.5428600311279297,0.8130016326904297
14,2447,140.15904235839844,797.0578002929688,2.015108823776245,2.099541664123535,0.8364744186401367
14,2448,107.60920715332031,489.37322998046875,1.9557294845581055,1.4457968473434448,1.3290205001831055
14,2449,111.69329833984375,520.0380249023438,1.9896498918533325,1.6733390092849731,1.0742950439453125
14,2450,100.6421127319336,393.85394287109375,2.0418906211853027,1.550621747970581,1.228184700012207
14,2451,77.32988739013672,186.4671630859375,1.9561057090759277,1.0788770914077759,0.8221607208251953
14,2452,100.99048614501953,451.43438720703125,1.8615682125091553,1.349625587463379,1.5048456192016602
14,2453,87.11540222167969,281.1056213378906,1.9668278694152832,1.2148387432098389,1.0671377182006836
14,2454,79.71967315673828,202.6840362548828,1.9817090034484863,0.7875849604606628,1.14599609375
14,2455,83.76102447509766,332.607421875,1.683342695236206,1.1200919151306152,1.0345983505249023
14,2456,97.61165618896484,417.04541015625,1.8635705709457397,1.7425482273101807,1.3084907531738281
14,2457,507.2137145996094,4487.9365234375,1.9473347663879395,3.501716375350952,1.6630029678344727
14,2458,101.73680114746094,485.0419616699219,1.7744200229644775,1.6205568313598633,1.382756233215332
14,2459,102.06780242919922,448.2590026855469,1.9080634117126465,1.5554428100585938,0.971318244934082
14,2460,72.15442657470703,237.2624053955078,1.6142728328704834,1.176513671875,0.9348878860473633
14,2461,323.929931640625,2579.345703125,2.1998448371887207,2.992570400238037,1.1668424606323242
14,2462,87.11779022216797,384.698974609375,1.6215964555740356,1.3829967975616455,1.318903923034668
14,2463,79.27587127685547,314.9244384765625,1.5927808284759521,1.179208755493164,1.0624885559082031
14,2464,82.94657897949219,269.7239990234375,1.865805983543396,1.3501595258712769,0.7766733169555664
14,2465,101.66690063476562,419.7994689941406,1.989565134048462,1.471876621246338,1.3616390228271484
14,2466,145.88768005371094,705.7467651367188,2.5104334354400635,2.1561763286590576,1.260972023010254
14,2467,81.05555725097656,196.035888671875,2.048398971557617,1.231665015220642,0.7053976058959961
14,2468,90.5374526977539,335.2339172363281,1.9004687070846558,1.445145845413208,0.8974266052246094
14,2469,81.76478576660156,268.546142578125,1.8303391933441162,1.0514605045318604,1.3133106231689453
14,2470,93.51576232910156,375.25091552734375,1.8663557767868042,1.4698333740234375,1.365823745727539
14,2471,130.36651611328125,797.515625,1.6871647834777832,2.023477554321289,1.2252445220947266
14,2472,96.59690856933594,330.5330810546875,2.118119955062866,1.0749151706695557,0.9940299987792969
14,2473,112.85978698730469,511.43621826171875,2.0572054386138916,1.240987777709961,1.5575103759765625
14,2474,98.51123809814453,362.8857421875,2.0740888118743896,1.1001286506652832,1.584329605102539
14,2475,168.98524475097656,1110.5379638671875,1.9310482740402222,1.5596531629562378,2.126896858215332
14,2476,93.26031494140625,395.54974365234375,1.7901781797409058,1.6414953470230103,0.8403596878051758
14,2477,83.74272155761719,266.8918151855469,1.9017845392227173,1.3654773235321045,0.9578208923339844
14,2478,130.99957275390625,734.9100341796875,1.91695237159729,1.855979323387146,1.3211545944213867
14,2479,106.8312759399414,459.75885009765625,2.028512954711914,1.565435767173767,1.526580810546875
14,2480,93.79328918457031,357.79986572265625,1.933776617050171,1.6757376194000244,1.4118232727050781
14,2481,84.9642105102539,275.57720947265625,1.9135496616363525,1.260344386100769,0.9095315933227539
14,2482,124.45402526855469,670.1859130859375,1.9145143032073975,1.7994344234466553,1.6754159927368164
14,2483,102.5390396118164,433.3893737792969,1.9733366966247559,1.5200343132019043,1.1617050170898438
14,2484,107.56066131591797,453.96868896484375,2.0721263885498047,1.4496774673461914,1.3224992752075195
14,2485,89.94151306152344,335.5866394042969,1.8794283866882324,1.5189049243927002,1.1060962677001953
14,2486,109.98783874511719,450.95123291015625,2.163090467453003,1.543625831604004,1.144113540649414
14,2487,112.87730407714844,499.697998046875,2.096916913986206,1.405139446258545,1.7915573120117188
14,2488,102.64264678955078,452.9061279296875,1.9117343425750732,1.3699077367782593,1.2924518585205078
14,2489,79.0794448852539,233.54525756835938,1.8574973344802856,1.0470361709594727,1.1551132202148438
14,2490,107.59223175048828,397.3728942871094,2.261831521987915,1.4029189348220825,1.4023199081420898
14,2491,92.15042114257812,407.8094482421875,1.7123160362243652,1.3075711727142334,1.203695297241211
14,2492,120.47215270996094,541.0242919921875,2.212324380874634,1.7000967264175415,1.3140649795532227
14,2493,84.47911071777344,213.98214721679688,2.102696418762207,1.17789626121521,0.8373098373413086
14,2494,95.19700622558594,306.95648193359375,2.150045394897461,1.510494589805603,1.0014982223510742
14,2495,102.2886962890625,406.05950927734375,2.05609130859375,1.8001242876052856,0.9689846038818359
14,2496,111.11979675292969,469.7834167480469,2.1380486488342285,1.4283702373504639,1.2965660095214844
14,2497,116.57695007324219,562.746337890625,2.0100769996643066,1.6857490539550781,1.5828313827514648
14,2498,95.29129791259766,339.25946044921875,2.0455117225646973,1.1967017650604248,1.235835075378418
14,2499,91.7217788696289,387.0005187988281,1.7673908472061157,1.1477582454681396,1.6112089157104492
14,2500,77.25459289550781,255.89517211914062,1.7221691608428955,1.0354505777359009,1.127126693725586
14,2501,135.19671630859375,772.5803833007812,1.9312894344329834,2.1204042434692383,1.1590232849121094
14,2502,92.58878326416016,269.60577392578125,2.1876068115234375,1.0507742166519165,1.0435199737548828
14,2503,89.8988265991211,305.2713623046875,1.9790563583374023,1.2210086584091187,0.921412467956543
14,2504,91.41886138916016,312.1534118652344,2.006783962249756,1.4937636852264404,0.7273797988891602
14,2505,159.03390502929688,915.5624389648438,2.2492551803588867,2.2980360984802246,1.1452255249023438
14,2506,89.59221649169922,247.89259338378906,2.1600985527038574,0.9684813022613525,0.9131555557250977
14,2507,94.15205383300781,369.47137451171875,1.9068304300308228,1.3474171161651611,1.2062416076660156
14,2508,163.32891845703125,944.779052734375,2.2950334548950195,1.808713436126709,1.6498842239379883
14,2509,126.01412963867188,542.1119995117188,2.3934311866760254,1.7535051107406616,0.8942747116088867
14,2510,105.39192199707031,495.8634033203125,1.8601861000061035,1.0371501445770264,1.7448949813842773
14,2511,155.504150390625,887.7919921875,2.2241649627685547,2.3664650917053223,1.4353303909301758
14,2512,101.71051025390625,470.0376281738281,1.8235580921173096,1.2949888706207275,1.6428899765014648
14,2513,116.38215637207031,565.800537109375,1.993403434753418,1.9153707027435303,1.3544864654541016
14,2514,96.77751159667969,382.11505126953125,1.952200174331665,1.2102079391479492,1.0120038986206055
14,2515,374.6159973144531,3152.3212890625,1.979461669921875,3.064937114715576,1.2695693969726562
14,2516,141.97714233398438,844.6962280273438,1.9169174432754517,1.601898431777954,1.7824106216430664
14,2517,400.2847595214844,3395.334716796875,2.025042772293091,3.5530800819396973,1.114990234375
14,2518,95.10965728759766,411.4046630859375,1.7989729642868042,1.6277893781661987,1.1101932525634766
14,2519,95.44552612304688,380.2232360839844,1.9141066074371338,1.4226469993591309,0.7263517379760742
14,2520,116.02853393554688,574.2855224609375,1.9533326625823975,1.846536636352539,1.1388959884643555
14,2521,93.97735595703125,404.59576416015625,1.783926010131836,1.4362328052520752,1.484238624572754
14,2522,125.45864868164062,740.1591796875,1.7147575616836548,2.0118043422698975,1.3388996124267578
14,2523,95.36920166015625,433.3473815917969,1.7344820499420166,1.220186710357666,1.5587730407714844
14,2524,128.4741668701172,593.916259765625,2.302751302719116,2.207537889480591,0.9265356063842773
14,2525,112.52103424072266,526.60009765625,1.995367407798767,1.1396082639694214,1.5305900573730469
14,2526,102.4749755859375,402.0651550292969,2.075615406036377,1.3398780822753906,1.172347068786621
14,2527,85.69950866699219,301.50653076171875,1.8516285419464111,1.1398764848709106,1.0506105422973633
14,2528,88.15980529785156,301.92816162109375,1.9322330951690674,1.4040706157684326,0.7698354721069336
14,2529,100.11650085449219,360.4330749511719,2.135773181915283,1.4251184463500977,1.0925025939941406
14,2530,96.08087158203125,372.92572021484375,1.9596099853515625,1.1714543104171753,1.4265737533569336
14,2531,90.88196563720703,333.44366455078125,1.9179198741912842,1.41471529006958,1.2232112884521484
14,2532,73.75308227539062,248.13555908203125,1.6313176155090332,1.006546974182129,0.8645696640014648
14,2533,89.93896484375,331.2333068847656,1.8938543796539307,1.7058829069137573,0.4330463409423828
14,2534,110.88523864746094,490.38970947265625,2.061542272567749,1.359499216079712,1.6144495010375977
14,2535,112.1521987915039,527.5474853515625,1.9799150228500366,1.4572848081588745,1.516129493713379
14,2536,109.88752746582031,459.6393737792969,2.130786180496216,1.8409435749053955,0.9563970565795898
14,2537,112.62354278564453,534.508056640625,1.9724246263504028,1.9000537395477295,1.4482135772705078
14,2538,110.84629821777344,596.8157348632812,1.7054905891418457,1.645387887954712,1.3756885528564453
14,2539,104.42510986328125,392.54931640625,2.17233943939209,1.4003643989562988,1.370401382446289
14,2540,82.16233825683594,289.0696105957031,1.775179147720337,1.3763878345489502,1.1801633834838867
14,2541,98.44151306152344,416.6305847167969,1.8926153182983398,1.5913501977920532,1.0229740142822266
14,2542,129.5505828857422,700.7882080078125,1.9823919534683228,2.1107702255249023,1.274134635925293
14,2543,78.03192901611328,258.0046691894531,1.741048812866211,1.3027706146240234,0.9442510604858398
14,2544,89.16473388671875,318.237060546875,1.911367654800415,1.3144803047180176,1.1120109558105469
14,2545,90.96255493164062,363.87054443359375,1.819183349609375,1.3450136184692383,1.2634611129760742
14,2546,136.53848266601562,728.2716674804688,2.1237103939056396,1.723416805267334,1.1347770690917969
14,2547,99.9317398071289,316.58673095703125,2.275768756866455,1.6498663425445557,1.1571197509765625
14,2548,82.210693359375,264.3562927246094,1.8591688871383667,1.340611219406128,0.8517522811889648
14,2549,135.33236694335938,777.4852294921875,1.9194614887237549,2.367305040359497,1.5627527236938477
14,2550,103.18212127685547,340.88104248046875,2.303133964538574,1.1676454544067383,1.2793645858764648
14,2551,324.43206787109375,2614.828857421875,2.09830641746521,2.962324380874634,1.3756914138793945
14,2552,90.3778076171875,277.459716796875,2.0877277851104736,1.2406569719314575,1.0349626541137695
14,2553,76.97240447998047,248.14413452148438,1.7385997772216797,1.4207916259765625,0.7995977401733398
14,2554,109.08386993408203,539.79443359375,1.836814284324646,1.6216305494308472,1.8966875076293945
14,2555,102.17735290527344,468.71832275390625,1.8435174226760864,1.2027206420898438,1.5406951904296875
14,2556,90.64044189453125,344.6119079589844,1.872641682624817,1.227184534072876,0.871760368347168
14,2557,86.49357604980469,336.34033203125,1.7619847059249878,1.363175868988037,1.2662086486816406
14,2558,99.74923706054688,404.04840087890625,1.9781465530395508,1.1200604438781738,1.444906234741211
14,2559,96.71134185791016,389.2545166015625,1.9261963367462158,1.4993042945861816,1.2391643524169922
14,2560,100.05758666992188,453.70599365234375,1.822899341583252,1.5744497776031494,0.8584098815917969
14,2561,106.80438232421875,488.0574951171875,1.9332876205444336,1.011369228363037,1.438298225402832
14,2562,106.984619140625,429.7437744140625,2.1336748600006104,2.018498659133911,0.6590356826782227
14,2563,96.10833740234375,313.11181640625,2.159905195236206,1.3422496318817139,0.7835683822631836
14,2564,107.33291625976562,424.4172058105469,2.1630396842956543,1.4751200675964355,1.3079910278320312
14,2565,85.48898315429688,291.6861572265625,1.8773455619812012,1.2987499237060547,1.1608800888061523
14,2566,84.89521789550781,239.63552856445312,2.031055450439453,1.0618383884429932,0.761876106262207
14,2567,127.79277038574219,698.2938842773438,1.932112693786621,1.5464950799942017,1.4465417861938477
14,2568,106.63496398925781,496.81597900390625,1.8984456062316895,1.6910699605941772,1.064845085144043
14,2569,89.24920654296875,254.37118530273438,2.1270694732666016,1.3217546939849854,0.8030910491943359
14,2570,89.55618286132812,346.3626708984375,1.8306639194488525,1.2293095588684082,1.1921615600585938
14,2571,120.87004089355469,523.9297485351562,2.28256893157959,1.4193437099456787,1.3903722763061523
14,2572,435.07958984375,3762.79345703125,1.9600071907043457,3.0685226917266846,1.2645683288574219
14,2573,123.61222839355469,561.4675903320312,2.2488489151000977,1.3884707689285278,1.543222427368164
14,2574,105.12530517578125,438.2547912597656,2.043327569961548,1.7657978534698486,1.381805419921875
14,2575,87.4833984375,360.0672302246094,1.7158889770507812,1.3074002265930176,1.2141342163085938
14,2576,88.66545867919922,329.8017578125,1.8561761379241943,1.4848592281341553,1.2689924240112305
14,2577,117.21521759033203,578.017578125,1.9804487228393555,1.5960556268692017,1.3030242919921875
14,2578,105.1204833984375,480.39794921875,1.9026896953582764,1.8507403135299683,1.0827083587646484
14,2579,112.0616226196289,504.7669677734375,2.052830934524536,1.7734582424163818,0.9910612106323242
14,2580,112.40495300292969,527.2271728515625,1.9894077777862549,1.815449833869934,1.6562108993530273
14,2581,82.3929672241211,261.0169677734375,1.876375675201416,1.3584336042404175,0.8624420166015625
14,2582,169.18106079101562,1002.2872314453125,2.2984116077423096,2.7222087383270264,1.4033126831054688
14,2583,120.03828430175781,507.8494873046875,2.3084444999694824,1.3992853164672852,1.621861457824707
14,2584,99.97958374023438,464.1346435546875,1.7855373620986938,1.5486584901809692,1.2749223709106445
14,2585,102.13955688476562,455.8765869140625,1.8850634098052979,1.8012561798095703,1.0669841766357422
14,2586,113.8839111328125,438.7794494628906,2.3335323333740234,1.3572843074798584,0.6259431838989258
14,2587,143.4657440185547,781.4329833984375,2.177414655685425,1.883670687675476,1.5606451034545898
14,2588,100.03840637207031,363.1947021484375,2.123964548110962,0.9320192337036133,1.1457710266113281
14,2589,96.44637298583984,308.96722412109375,2.184988498687744,1.482211947441101,1.008260726928711
14,2590,97.62068176269531,380.71099853515625,1.9849858283996582,1.4416863918304443,1.3795394897460938
14,2591,168.58230590820312,1101.494384765625,1.947762370109558,2.679774761199951,1.5211114883422852
14,2592,83.43836212158203,253.44915771484375,1.936448097229004,1.2491986751556396,1.1008682250976562
14,2593,86.26473999023438,230.082275390625,2.1085503101348877,1.0511753559112549,0.8441324234008789
14,2594,93.46232604980469,396.5597229003906,1.7935452461242676,1.097291350364685,1.4707345962524414
14,2595,90.3550033569336,420.9961242675781,1.6085129976272583,1.4085102081298828,0.9506645202636719
14,2596,137.1270751953125,695.693359375,2.251924991607666,1.7616909742355347,1.6970901489257812
14,2597,91.99909973144531,327.83441162109375,1.9738552570343018,1.524890422821045,0.8287286758422852
14,2598,97.58259582519531,413.84539794921875,1.8732683658599854,1.3513058423995972,1.6722536087036133
14,2599,128.5826416015625,611.4735107421875,2.2478432655334473,1.5990235805511475,1.6981706619262695
14,2600,113.00595092773438,449.6678771972656,2.267971992492676,1.403022050857544,1.4363727569580078
14,2601,95.8434066772461,361.6756591796875,1.989194631576538,1.5093622207641602,1.108449935913086
14,2602,98.31226348876953,346.56146240234375,2.121870517730713,1.3858332633972168,0.9820680618286133
14,2603,88.71841430664062,315.6253356933594,1.905196189880371,0.8732391595840454,1.304300308227539
14,2604,108.26582336425781,451.47747802734375,2.103935718536377,1.641075611114502,1.2286901473999023
14,2605,121.92294311523438,633.5913696289062,1.9521269798278809,1.8290109634399414,1.0354070663452148
14,2606,141.24215698242188,785.449951171875,2.089905261993408,1.957054615020752,1.321249008178711
14,2607,90.60537719726562,322.7637023925781,1.9443001747131348,1.2827703952789307,1.2389888763427734
14,2608,95.19927978515625,360.6349182128906,1.9711930751800537,1.4202451705932617,1.189413070678711
14,2609,93.9984130859375,351.46087646484375,1.9617440700531006,1.3509531021118164,1.1979093551635742
14,2610,86.48416137695312,279.83831787109375,1.9500110149383545,1.2377893924713135,1.004195213317871
14,2611,136.32998657226562,730.38671875,2.109710216522217,2.2133138179779053,1.3646087646484375
14,2612,112.04227447509766,533.787109375,1.9554520845413208,1.2810139656066895,1.476649284362793
14,2613,85.93795013427734,278.12353515625,1.9375197887420654,1.3064305782318115,0.9220037460327148
14,2614,117.32325744628906,646.7781372070312,1.7548480033874512,1.9762698411941528,1.2404851913452148
14,2615,87.83723449707031,324.60040283203125,1.8459064960479736,1.4557456970214844,0.8335275650024414
14,2616,97.52670288085938,373.6037292480469,2.005544424057007,1.4367175102233887,0.892064094543457
14,2617,108.15184020996094,392.16339111328125,2.2978501319885254,1.2205235958099365,1.2095727920532227
14,2618,85.3149185180664,229.6870574951172,2.078207015991211,1.163217306137085,0.8936080932617188
14,2619,93.21829223632812,297.45147705078125,2.115771532058716,1.4175095558166504,0.939422607421875
14,2620,159.1702423095703,1029.5087890625,1.873978614807129,1.899092435836792,1.5465402603149414
14,2621,92.7861099243164,386.634033203125,1.8040902614593506,1.077648639678955,1.3562040328979492
14,2622,94.46463012695312,378.93048095703125,1.8857192993164062,1.26741361618042,1.193258285522461
14,2623,131.14785766601562,710.5663452148438,2.0030407905578613,1.2733945846557617,1.6916561126708984
14,2624,108.80940246582031,464.35479736328125,2.0791306495666504,1.6363251209259033,1.0776548385620117
14,2625,136.23629760742188,745.6820068359375,2.055603504180908,2.4987406730651855,0.8473300933837891
14,2626,94.36959075927734,274.9230651855469,2.2292428016662598,1.4901965856552124,1.1115503311157227
14,2627,100.76568603515625,330.64825439453125,2.25669527053833,1.4805858135223389,0.5766992568969727
14,2628,92.05494689941406,371.142578125,1.831356406211853,1.537809133529663,0.9426355361938477
14,2629,488.5032043457031,4209.50390625,2.2517595291137695,3.612921714782715,1.2231836318969727
14,2630,139.92713928222656,837.1036376953125,1.8738924264907837,1.9910674095153809,0.9005651473999023
14,2631,110.60586547851562,467.61883544921875,2.1281328201293945,1.7279260158538818,1.051743507385254
14,2632,113.23628234863281,509.92474365234375,2.074793815612793,1.6460016965866089,1.1802797317504883
14,2633,92.1143798828125,327.24237060546875,1.9796714782714844,1.2191624641418457,1.0363826751708984
14,2634,97.3582992553711,287.1953430175781,2.287958860397339,1.4996085166931152,1.1529111862182617
14,2635,103.15447998046875,476.85955810546875,1.848950982093811,1.3755366802215576,1.8206863403320312
14,2636,80.1993637084961,258.6556396484375,1.811126708984375,1.0209393501281738,1.0574893951416016
14,2637,94.19579315185547,328.9137878417969,2.043480396270752,1.2755029201507568,1.2072467803955078
14,2638,136.7008514404297,738.7669677734375,2.0941383838653564,2.5397303104400635,1.0721445083618164
14,2639,132.50234985351562,753.8079833984375,1.9040520191192627,1.6123952865600586,1.0184383392333984
14,2640,101.53147888183594,508.4874267578125,1.6894245147705078,1.2525715827941895,1.283583641052246
14,2641,120.51809692382812,626.1849365234375,1.9299867153167725,1.9387822151184082,1.3116607666015625
14,2642,140.29920959472656,815.0775146484375,1.9597153663635254,2.380460023880005,1.4270143508911133
14,2643,101.40228271484375,448.84722900390625,1.8839186429977417,1.7232414484024048,1.311995506286621
14,2644,124.07168579101562,573.413818359375,2.2243432998657227,1.8076844215393066,1.344996452331543
14,2645,77.21060943603516,284.59918212890625,1.6250230073928833,1.3176957368850708,1.0355758666992188
14,2646,99.76101684570312,391.20184326171875,2.0213608741760254,1.3425590991973877,1.1530933380126953
14,2647,82.7630844116211,265.28790283203125,1.874476432800293,0.9798436164855957,1.1690340042114258
14,2648,101.90086364746094,402.0164794921875,2.056640625,1.3328235149383545,1.3395843505859375
14,2649,100.8045425415039,459.0770263671875,1.8298946619033813,1.888024091720581,1.0048131942749023
14,2650,97.60234832763672,358.7955322265625,2.0574264526367188,1.6398558616638184,1.0467395782470703
14,2651,124.15047454833984,626.3245849609375,2.050600528717041,1.4599506855010986,1.3483343124389648
14,2652,156.67388916015625,960.5258178710938,2.0207104682922363,2.450808525085449,1.2639532089233398
14,2653,105.94512176513672,428.3652648925781,2.1036198139190674,1.6405911445617676,1.2793617248535156
14,2654,89.57245635986328,309.3148498535156,1.9546990394592285,1.661879062652588,0.8292837142944336
14,2655,83.08978271484375,224.12025451660156,2.022592067718506,1.1624746322631836,0.9258260726928711
14,2656,92.95140838623047,381.65582275390625,1.826194167137146,1.3523402214050293,1.2180213928222656
14,2657,89.64984893798828,277.1552429199219,2.0644774436950684,0.9088261127471924,0.9076156616210938
14,2658,95.8267822265625,354.56683349609375,2.012336492538452,1.4021912813186646,0.8199748992919922
14,2659,77.94256591796875,270.4750671386719,1.6965019702911377,0.6970361471176147,1.4560632705688477
14,2660,102.35093688964844,409.37579345703125,2.047111988067627,1.5246400833129883,1.4802474975585938
14,2661,87.76620483398438,302.98004150390625,1.9156068563461304,1.4117906093597412,1.3881816864013672
14,2662,436.49853515625,3705.95751953125,2.196758508682251,3.911940097808838,1.5309934616088867
14,2663,104.31553649902344,459.3187255859375,1.9461219310760498,1.4034855365753174,1.3518695831298828
14,2664,98.56318664550781,334.3729553222656,2.170863151550293,1.2250698804855347,1.204533576965332
14,2665,104.98298645019531,386.5308837890625,2.210996389389038,1.1440949440002441,1.5808229446411133
14,2666,95.3709945678711,367.8167724609375,1.952977180480957,1.5453063249588013,1.2223596572875977
14,2667,127.56343841552734,650.074951171875,2.085197925567627,1.7866325378417969,1.722665786743164
14,2668,96.98226928710938,367.5390319824219,2.0076122283935547,1.1733238697052002,1.1482887268066406
14,2669,120.53253173828125,670.293701171875,1.7834386825561523,2.1474337577819824,1.0250139236450195
14,2670,83.66409301757812,253.5584259033203,1.9436085224151611,1.0355339050292969,1.1028642654418945
14,2671,86.76593017578125,240.47998046875,2.090597629547119,1.1605565547943115,1.013422966003418
14,2672,97.43440246582031,365.2661437988281,2.030259609222412,1.1172916889190674,1.1368894577026367
14,2673,96.64410400390625,366.04998779296875,2.0013036727905273,1.7536002397537231,0.8630809783935547
14,2674,78.96031188964844,256.4754943847656,1.7770919799804688,1.2347055673599243,1.0064449310302734
14,2675,149.7156219482422,907.744140625,1.9647070169448853,1.7121447324752808,1.487736701965332
14,2676,92.237060546875,314.4238586425781,2.026489019393921,1.2933831214904785,1.293172836303711
14,2677,99.1468505859375,390.5787353515625,2.0029659271240234,1.5471322536468506,0.9525747299194336
14,2678,127.5731201171875,694.2330322265625,1.9383273124694824,2.0463368892669678,1.0877132415771484
14,2679,89.52180480957031,284.96771240234375,2.034167766571045,1.1636892557144165,0.9183740615844727
14,2680,101.14320373535156,470.498291015625,1.803112268447876,1.5479124784469604,1.3183479309082031
14,2681,102.96273803710938,439.39080810546875,1.9674551486968994,1.4593722820281982,1.471475601196289
14,2682,186.82540893554688,1290.01708984375,1.9274566173553467,2.0863564014434814,1.2510490417480469
14,2683,208.6700439453125,1388.057861328125,2.3288087844848633,2.5308938026428223,1.0322084426879883
14,2684,78.07453918457031,215.27825927734375,1.8848903179168701,1.0027360916137695,1.059342384338379
14,2685,78.37393951416016,219.18898010253906,1.8818347454071045,0.8805961608886719,0.9096279144287109
14,2686,119.78907012939453,605.21630859375,1.9755812883377075,2.0595617294311523,1.0230093002319336
14,2687,364.6663818359375,3083.38720703125,1.8775885105133057,2.938006639480591,2.3518848419189453
14,2688,132.32347106933594,755.3042602539062,1.8931015729904175,1.6231892108917236,1.3327608108520508
14,2689,101.66709899902344,442.74920654296875,1.9130725860595703,1.3177998065948486,1.33526611328125
14,2690,120.73101806640625,514.7788696289062,2.3084378242492676,1.9573454856872559,1.0216989517211914
14,2691,86.58457946777344,353.4688720703125,1.7079229354858398,1.6728928089141846,1.1300506591796875
14,2692,119.96590423583984,594.9414672851562,2.0157251358032227,1.962235450744629,1.1314125061035156
14,2693,129.07485961914062,662.9382934570312,2.092700958251953,1.7322450876235962,1.4003944396972656
14,2694,107.51416778564453,397.05474853515625,2.2602896690368652,1.824868083000183,0.9550867080688477
14,2695,96.42927551269531,354.29034423828125,2.033341407775879,1.4425017833709717,0.8490314483642578
14,2696,92.4990005493164,345.5254211425781,1.9315485954284668,1.1471166610717773,1.4404916763305664
14,2697,103.14093017578125,355.0498352050781,2.2545313835144043,1.5290911197662354,1.0339765548706055
14,2698,87.9369125366211,263.1314697265625,2.0541255474090576,1.2425768375396729,1.041067123413086
14,2699,75.97418212890625,275.5414733886719,1.6140010356903076,1.3032729625701904,1.0141658782958984
14,2700,115.66487121582031,532.2256469726562,2.0814101696014404,1.5233906507492065,0.9986162185668945
14,2701,93.20863342285156,342.0936584472656,1.966642141342163,1.3697937726974487,1.1568260192871094
14,2702,139.52828979492188,784.9732666015625,2.034365653991699,1.7989284992218018,1.3543272018432617
14,2703,108.30496215820312,514.598388671875,1.8948373794555664,1.3899720907211304,1.1313676834106445
14,2704,93.8837661743164,358.95062255859375,1.9329568147659302,1.3430571556091309,1.2047700881958008
14,2705,90.05999755859375,306.1579284667969,1.981473445892334,1.2736766338348389,1.0524158477783203
14,2706,93.91889953613281,293.4508361816406,2.1524605751037598,1.1453286409378052,0.9772710800170898
14,2707,127.35540008544922,749.3482055664062,1.7473526000976562,1.8929073810577393,1.4413061141967773
14,2708,98.43196868896484,377.8525390625,2.021557092666626,1.2634363174438477,1.2533750534057617
14,2709,98.70223999023438,386.9422607421875,2.0002670288085938,1.3085072040557861,1.3736438751220703
14,2710,92.26742553710938,359.1560974121094,1.8783936500549316,1.53301203250885,1.201089859008789
14,2711,83.62556457519531,271.2991638183594,1.8831881284713745,1.1707786321640015,1.1863775253295898
14,2712,104.44549560546875,424.30133056640625,2.067178726196289,1.3418612480163574,1.5686206817626953
14,2713,87.8733901977539,315.80938720703125,1.8764150142669678,1.2981083393096924,1.323105812072754
14,2714,90.1956787109375,343.065673828125,1.8629703521728516,1.365816593170166,1.4056367874145508
14,2715,98.19450378417969,360.75860595703125,2.0706214904785156,1.4571406841278076,0.8664865493774414
14,2716,84.20059204101562,220.0733184814453,2.073108673095703,1.343367099761963,0.7586441040039062
14,2717,109.7696533203125,499.95654296875,1.992466688156128,2.0853700637817383,0.8366575241088867
14,2718,113.01256561279297,580.205810546875,1.8330662250518799,2.0057764053344727,0.9738245010375977
14,2719,663.7269897460938,6005.13818359375,2.1071043014526367,4.740396022796631,1.3956565856933594
14,2720,85.2140884399414,264.8595275878906,1.9576046466827393,1.0726680755615234,1.0032224655151367
14,2721,116.83493041992188,582.6266479492188,1.9524086713790894,1.9130499362945557,1.4733991622924805
14,2722,93.66484832763672,342.306640625,1.9811395406723022,1.3894453048706055,1.1492233276367188
14,2723,96.70652770996094,413.0793151855469,1.8466196060180664,1.4432892799377441,1.097132682800293
14,2724,101.44622802734375,535.2245483398438,1.597458839416504,1.35957670211792,1.155745506286621
14,2725,94.73483276367188,297.4508056640625,2.166325092315674,1.397235631942749,1.151315689086914
14,2726,86.91537475585938,281.70428466796875,1.9581648111343384,1.3757179975509644,1.1403942108154297
14,2727,90.66773986816406,335.1600646972656,1.905057668685913,1.6429811716079712,0.7908926010131836
14,2728,89.68925476074219,306.7620544433594,1.9671015739440918,1.0975849628448486,1.4481925964355469
14,2729,98.82257843017578,397.75396728515625,1.9682393074035645,1.7186940908432007,0.9240207672119141
14,2730,110.08572387695312,457.20208740234375,2.145516872406006,1.30416738986969,1.3271846771240234
14,2731,74.16443634033203,233.70556640625,1.693129301071167,0.8830065727233887,0.9446001052856445
14,2732,101.28453063964844,355.81561279296875,2.190098762512207,1.3192542791366577,1.335890769958496
14,2733,95.09757995605469,343.8427429199219,2.0237770080566406,1.319833517074585,1.2116975784301758
14,2734,128.302978515625,722.1691284179688,1.8695353269577026,1.743194341659546,1.6107025146484375
14,2735,116.150390625,544.1763916015625,2.057758331298828,1.5936671495437622,1.1753902435302734
14,2736,79.94878387451172,272.4058837890625,1.7569397687911987,1.294236660003662,0.9596586227416992
14,2737,111.56776428222656,592.7222290039062,1.7431845664978027,1.5016086101531982,1.8501367568969727
14,2738,90.23664855957031,347.77313232421875,1.848644495010376,1.5674633979797363,0.7400379180908203
14,2739,78.8581771850586,277.0548400878906,1.705089807510376,1.2398886680603027,0.7520942687988281
14,2740,104.43058776855469,424.471923828125,2.066112995147705,1.588362693786621,1.4147138595581055
14,2741,111.78767395019531,539.4827880859375,1.9279797077178955,1.9301544427871704,1.1041479110717773
14,2742,103.83137512207031,442.63800048828125,1.9855859279632568,1.8203959465026855,1.0672321319580078
14,2743,94.28736114501953,340.884033203125,2.006631851196289,1.4591495990753174,1.0842084884643555
14,2744,99.06893157958984,464.79833984375,1.7529698610305786,1.456573486328125,1.2068614959716797
14,2745,131.613037109375,669.607177734375,2.1550769805908203,2.020756244659424,0.9511280059814453
14,2746,113.33171081542969,532.4597778320312,2.0028576850891113,1.4564144611358643,1.2047176361083984
14,2747,97.52692413330078,395.83575439453125,1.9314448833465576,1.460496425628662,1.3793344497680664
14,2748,110.35110473632812,455.58837890625,2.1597423553466797,1.4405467510223389,1.1796455383300781
14,2749,122.74589538574219,598.7734375,2.09561824798584,1.5708417892456055,1.5522956848144531
14,2750,98.32864379882812,423.9024658203125,1.8646132946014404,1.372756004333496,1.3205671310424805
14,2751,113.80268096923828,521.5658569335938,2.0548698902130127,1.3984148502349854,1.6643486022949219
14,2752,100.36093139648438,389.01922607421875,2.048633575439453,1.6738834381103516,0.8482065200805664
14,2753,92.68547058105469,320.41546630859375,2.0214643478393555,1.6351090669631958,0.986785888671875
14,2754,94.03402709960938,373.9284973144531,1.888039231300354,1.46797776222229,1.044856071472168
14,2755,108.40582275390625,450.6203308105469,2.111459732055664,1.704207420349121,1.3213186264038086
14,2756,114.70588684082031,461.8075256347656,2.2841711044311523,1.141674280166626,1.3614816665649414
14,2757,76.60761260986328,251.4937286376953,1.7152745723724365,1.4406156539916992,0.793421745300293
14,2758,97.80812072753906,399.4517822265625,1.9287645816802979,1.9158769845962524,1.075139045715332
14,2759,75.25176239013672,264.6177978515625,1.6263327598571777,1.1116465330123901,0.8511037826538086
14,2760,116.08010864257812,517.6824340820312,2.143728733062744,1.4965018033981323,1.4075050354003906
14,2761,122.14187622070312,560.2713012695312,2.203824996948242,1.8350789546966553,1.2006196975708008
14,2762,91.3079833984375,361.5513916015625,1.838428258895874,1.723272442817688,1.1284637451171875
14,2763,115.77066040039062,679.7516479492188,1.593183159828186,1.6365721225738525,1.3357505798339844
14,2764,158.41384887695312,956.6337280273438,2.0916824340820312,2.2201497554779053,1.5115318298339844
14,2765,118.72026062011719,575.4537353515625,2.0391626358032227,1.6004210710525513,1.4806833267211914
14,2766,118.47039794921875,536.0853881835938,2.162062168121338,1.9578914642333984,1.3307018280029297
14,2767,116.98794555664062,595.7889404296875,1.913635015487671,1.8204476833343506,1.2085142135620117
14,2768,110.11418151855469,443.83404541015625,2.191025972366333,1.7991622686386108,1.2388019561767578
14,2769,90.59100341796875,367.184326171875,1.7957525253295898,1.2184340953826904,1.2069282531738281
14,2770,98.56631469726562,481.86993408203125,1.6793105602264404,1.6503946781158447,1.1922340393066406
14,2771,113.39966583251953,513.1741943359375,2.0694081783294678,1.3333375453948975,1.535400390625
14,2772,99.2069091796875,382.23101806640625,2.0327935218811035,1.8475120067596436,0.9720258712768555
14,2773,112.65682220458984,514.2545166015625,2.041045665740967,1.7801339626312256,1.407297134399414
14,2774,143.53607177734375,779.8980102539062,2.184875965118408,2.4294838905334473,0.8549289703369141
14,2775,144.05181884765625,767.0364379882812,2.244938850402832,2.1850385665893555,1.1134605407714844
14,2776,110.80235290527344,473.55731201171875,2.1148874759674072,1.7349538803100586,1.2843637466430664
14,2777,93.48382568359375,362.1754150390625,1.9088761806488037,1.2617442607879639,1.2777538299560547
14,2778,89.74383544921875,266.45751953125,2.103269577026367,1.0224789381027222,1.004547119140625
14,2779,97.1052017211914,416.2128601074219,1.8494638204574585,0.9409250617027283,1.4166412353515625
14,2780,89.82283020019531,367.4715270996094,1.7691891193389893,1.4036921262741089,0.9518804550170898
14,2781,102.885009765625,480.00897216796875,1.8294706344604492,1.7630186080932617,1.0345821380615234
14,2782,86.17861938476562,181.60726928710938,2.2672629356384277,1.1178009510040283,0.729496955871582
14,2783,97.9784927368164,353.9598388671875,2.0860836505889893,1.554230809211731,0.8916893005371094
14,2784,108.76791381835938,463.94696044921875,2.0791072845458984,1.8633809089660645,0.9935379028320312
14,2785,87.5396728515625,274.6051940917969,2.002638339996338,1.1309354305267334,0.9859189987182617
14,2786,99.43606567382812,383.19891357421875,2.037205934524536,1.5820077657699585,0.6451330184936523
14,2787,107.62904357910156,446.3454284667969,2.0998167991638184,1.2422986030578613,1.6800994873046875
14,2788,87.61651611328125,314.00634765625,1.8738627433776855,1.498942255973816,1.1336374282836914
14,2789,118.4275131225586,601.260498046875,1.9433821439743042,1.7085216045379639,0.8306770324707031
14,2790,79.48469543457031,274.3380126953125,1.735029697418213,1.2480686902999878,1.1999807357788086
14,2791,78.62437438964844,251.57176208496094,1.7822399139404297,1.1634516716003418,1.0965394973754883
14,2792,94.57810974121094,303.8856201171875,2.1396515369415283,1.6037200689315796,0.8934640884399414
14,2793,115.56918334960938,583.025146484375,1.908888816833496,1.805229663848877,1.284062385559082
14,2794,96.45472717285156,394.2354431152344,1.9010393619537354,1.5269330739974976,0.7091140747070312
14,2795,95.39788818359375,413.63409423828125,1.8011493682861328,1.9300494194030762,0.5936546325683594
14,2796,219.8929443359375,1621.5755615234375,1.9245126247406006,3.037091016769409,1.7124862670898438
14,2797,101.28811645507812,432.48443603515625,1.9346559047698975,1.5408034324645996,1.1426162719726562
14,2798,106.43228149414062,508.1099853515625,1.8540425300598145,1.6609381437301636,1.4652099609375
14,2799,134.60214233398438,734.9096069335938,2.0370395183563232,1.5274620056152344,1.8628530502319336
14,2800,89.50115203857422,296.4869384765625,1.9950820207595825,1.3439100980758667,1.3089332580566406
14,2801,100.81436157226562,332.65802001953125,2.2516183853149414,1.1342248916625977,1.2185192108154297
14,2802,97.43106079101562,401.4463195800781,1.9095475673675537,1.599552869796753,0.8353004455566406
14,2803,95.09498596191406,299.295166015625,2.172182083129883,1.6472454071044922,0.7543973922729492
14,2804,105.6593017578125,457.2234802246094,1.9978985786437988,1.4860061407089233,1.4045238494873047
14,2805,99.16468811035156,377.78143310546875,2.046218156814575,1.3042793273925781,1.2387285232543945
14,2806,109.65153503417969,541.8444213867188,1.8489031791687012,1.0266939401626587,1.7866449356079102
14,2807,86.00521850585938,320.2842102050781,1.7992264032363892,1.0211583375930786,1.4246892929077148
14,2808,102.058837890625,417.5772705078125,2.0100369453430176,1.286492109298706,1.650167465209961
14,2809,96.67388916015625,344.2420654296875,2.0749893188476562,1.3660144805908203,1.0608396530151367
14,2810,98.58894348144531,457.18060302734375,1.7623628377914429,1.4823819398880005,0.8233346939086914
14,2811,482.5920104980469,4221.48681640625,2.014777898788452,3.6377341747283936,0.9276905059814453
14,2812,89.66500091552734,313.07659912109375,1.945244550704956,1.1641613245010376,1.2483587265014648
14,2813,90.14115142822266,313.2859802246094,1.960418462753296,1.3162354230880737,1.0930061340332031
14,2814,118.4281997680664,577.78466796875,2.021657705307007,1.9065289497375488,1.3881244659423828
14,2815,99.55960083007812,363.8023376464844,2.1059789657592773,1.552334189414978,1.0758333206176758
14,2816,109.67787170410156,504.6950378417969,1.9736120700836182,1.4481632709503174,1.6356468200683594
14,2817,87.96621704101562,275.92138671875,2.0124692916870117,1.074141502380371,1.3497028350830078
14,2818,95.17821502685547,335.13885498046875,2.0554776191711426,1.3741360902786255,1.1792678833007812
14,2819,87.37944030761719,367.10028076171875,1.688980221748352,1.2875914573669434,0.9130363464355469
14,2820,94.78985595703125,395.88800048828125,1.840035080909729,1.384791612625122,0.866694450378418
14,2821,76.64500427246094,271.6696472167969,1.6492681503295898,1.3599073886871338,0.8460550308227539
14,2822,104.64445495605469,381.7796630859375,2.2155494689941406,1.611860752105713,0.7429323196411133
14,2823,142.4898681640625,814.8780517578125,2.0334017276763916,1.6410475969314575,1.7061262130737305
14,2824,81.63057708740234,273.3891906738281,1.8097219467163086,1.4655369520187378,0.9897832870483398
14,2825,98.87677001953125,422.4652099609375,1.8876749277114868,1.7257649898529053,0.9200878143310547
14,2826,84.82095336914062,290.0716857910156,1.860459327697754,1.2984402179718018,1.2112455368041992
14,2827,90.58943939208984,350.2613525390625,1.8521101474761963,1.4489023685455322,0.9773674011230469
14,2828,92.50108337402344,329.7111511230469,1.9843323230743408,1.1348628997802734,1.182718276977539
14,2829,101.01934814453125,301.86663818359375,2.3610894680023193,1.2427418231964111,1.0425043106079102
14,2830,100.80797576904297,353.7026062011719,2.1812572479248047,1.4500011205673218,1.2338314056396484
14,2831,108.10939025878906,495.02972412109375,1.9535473585128784,1.3398213386535645,1.5443925857543945
14,2832,88.8414077758789,259.76422119140625,2.0954995155334473,1.1486197710037231,1.0119647979736328
14,2833,102.7894287109375,371.5236511230469,2.1879019737243652,1.5891010761260986,1.0285682678222656
14,2834,99.99640655517578,408.973388671875,1.9699689149856567,1.4190800189971924,1.0697660446166992
14,2835,89.05590057373047,320.8189697265625,1.8991334438323975,1.460240364074707,1.121495246887207
14,2836,95.5982894897461,329.51361083984375,2.088230848312378,1.7532539367675781,0.8914957046508789
14,2837,301.98370361328125,2430.581787109375,1.9641835689544678,3.126326560974121,0.9806985855102539
14,2838,94.82367706298828,367.89349365234375,1.9344775676727295,1.687432050704956,0.8356494903564453
14,2839,112.74058532714844,495.4034118652344,2.1066746711730957,1.5790832042694092,1.3700551986694336
14,2840,148.20965576171875,820.6988525390625,2.2046589851379395,1.7855473756790161,1.4201784133911133
14,2841,120.15275573730469,546.7142333984375,2.182711124420166,1.5897443294525146,1.6039543151855469
14,2842,77.47294616699219,250.96505737304688,1.7458813190460205,1.3881785869598389,0.966557502746582
14,2843,90.07046508789062,327.600341796875,1.9103474617004395,1.3249424695968628,0.9328756332397461
14,2844,91.37127685546875,329.4854736328125,1.9474241733551025,1.1671663522720337,1.2857532501220703
14,2845,94.40235900878906,422.58404541015625,1.7381317615509033,1.401353120803833,1.3098278045654297
14,2846,90.80414581298828,375.5155944824219,1.7750861644744873,1.1852750778198242,1.2195625305175781
14,2847,211.54666137695312,1524.1832275390625,1.9709446430206299,2.384331226348877,0.9962453842163086
14,2848,99.78945922851562,434.2906799316406,1.8786797523498535,1.6026560068130493,1.2024250030517578
14,2849,92.00505828857422,333.680419921875,1.9545671939849854,1.5051169395446777,1.0287761688232422
14,2850,104.50634765625,471.490234375,1.9119106531143188,1.8933510780334473,1.063481330871582
14,2851,91.72642517089844,417.99407958984375,1.664233922958374,1.111983060836792,1.6284799575805664
14,2852,103.30032348632812,417.81451416015625,2.050629138946533,1.8662796020507812,0.858820915222168
14,2853,91.33392333984375,323.1716003417969,1.9672255516052246,1.3891935348510742,0.8647537231445312
14,2854,86.03900909423828,285.9000244140625,1.9149668216705322,0.952146053314209,1.4063453674316406
14,2855,95.86353302001953,357.79974365234375,2.0027852058410645,1.5070029497146606,1.0250110626220703
14,2856,105.46885681152344,418.89410400390625,2.119314670562744,1.4158012866973877,1.3378582000732422
14,2857,123.1640625,638.0161743164062,1.9787482023239136,1.9896399974822998,1.4054622650146484
14,2858,97.48210906982422,360.56549072265625,2.047518730163574,1.5841264724731445,1.2875127792358398
14,2859,90.3967056274414,345.1128234863281,1.8628473281860352,1.7400881052017212,0.818603515625
14,2860,113.54464721679688,507.8016357421875,2.092149496078491,1.0878393650054932,1.6695690155029297
14,2861,94.45071411132812,376.1753234863281,1.894439458847046,1.6234519481658936,1.231649398803711
14,2862,146.95053100585938,761.6837768554688,2.359405040740967,1.80110502243042,1.2638816833496094
14,2863,88.69025421142578,281.43975830078125,2.018209218978882,1.5007197856903076,0.5835714340209961
14,2864,107.21768951416016,498.01971435546875,1.9138572216033936,1.6200931072235107,1.410567283630371
14,2865,105.72923278808594,428.0386657714844,2.0975120067596436,1.762678861618042,0.8309040069580078
14,2866,206.53707885742188,1425.58544921875,2.132617712020874,3.0234968662261963,1.1764039993286133
14,2867,82.2275619506836,280.2171936035156,1.806861400604248,1.0377062559127808,1.1348762512207031
14,2868,104.62715148925781,418.6733093261719,2.091993808746338,1.374064564704895,1.272134780883789
14,2869,88.70497131347656,334.3563232421875,1.8423112630844116,1.4270509481430054,0.8994560241699219
14,2870,120.43084716796875,548.84423828125,2.184880495071411,1.776296854019165,0.8857946395874023
14,2871,81.30474853515625,259.205810546875,1.8461389541625977,1.0274133682250977,1.1094493865966797
14,2872,94.94912719726562,307.7799987792969,2.139037609100342,1.2843997478485107,1.2389039993286133
14,2873,91.56800842285156,327.1694030761719,1.9617022275924683,1.486856460571289,1.078974723815918
14,2874,91.69877624511719,383.3644714355469,1.7787443399429321,1.5884501934051514,1.0868053436279297
14,2875,104.67813110351562,478.9997863769531,1.8926050662994385,1.6284887790679932,1.2044601440429688
14,2876,77.98934936523438,258.13604736328125,1.7391915321350098,1.2190229892730713,0.83233642578125
14,2877,102.82827758789062,437.55242919921875,1.9691009521484375,1.719907283782959,1.4595375061035156
14,2878,87.001953125,299.92327880859375,1.9003210067749023,1.2809174060821533,1.1200923919677734
14,2879,105.21223449707031,446.21392822265625,2.0196945667266846,1.501236915588379,1.144099235534668
14,2880,86.37598419189453,270.1770324707031,1.978609323501587,1.2354050874710083,1.0511512756347656
14,2881,82.50299072265625,224.63302612304688,2.0013229846954346,1.1814212799072266,0.6190176010131836
14,2882,94.68455505371094,292.1735534667969,2.1822400093078613,1.4639813899993896,0.9549436569213867
14,2883,87.41629028320312,258.07427978515625,2.05362868309021,1.2001395225524902,1.1049747467041016
14,2884,89.4848861694336,304.92718505859375,1.9664055109024048,1.0697169303894043,1.1666545867919922
14,2885,162.12603759765625,1015.209716796875,2.0201685428619385,2.264812469482422,1.4564590454101562
14,2886,111.61869812011719,488.4726257324219,2.092381238937378,1.561665654182434,0.7335262298583984
14,2887,94.76869201660156,337.40106201171875,2.0342862606048584,1.4334982633590698,1.2297382354736328
14,2888,100.14127349853516,479.4869689941406,1.7397525310516357,1.2648582458496094,1.4568662643432617
14,2889,108.39353942871094,512.5633544921875,1.9045734405517578,1.763235092163086,1.2567100524902344
14,2890,88.11437225341797,310.8564758300781,1.900957465171814,1.4667671918869019,0.826359748840332
14,2891,128.9075927734375,637.4801635742188,2.1719861030578613,1.8778126239776611,1.5378494262695312
14,2892,87.17414093017578,272.8887634277344,1.9961755275726318,1.2278752326965332,0.860356330871582
14,2893,92.66738891601562,352.0579833984375,1.9153861999511719,1.6554601192474365,1.0074329376220703
14,2894,97.38648986816406,361.2757263183594,2.041963815689087,1.2501628398895264,1.033604621887207
14,2895,104.2803955078125,437.1338806152344,2.018900156021118,1.7990269660949707,1.0297574996948242
14,2896,76.02958679199219,194.51324462890625,1.885941982269287,0.9932450652122498,0.854029655456543
14,2897,89.68394470214844,330.8539123535156,1.8866183757781982,1.3253874778747559,0.9689645767211914
14,2898,101.39327239990234,442.8982238769531,1.9034483432769775,1.424483299255371,1.3402481079101562
14,2899,90.10462951660156,370.3740234375,1.7689075469970703,1.4880379438400269,1.0462350845336914
14,2900,103.7384033203125,578.5050048828125,1.5295968055725098,1.7626681327819824,1.5411357879638672
14,2901,98.83367919921875,405.80963134765625,1.9417572021484375,1.3394427299499512,1.081817626953125
14,2902,95.45726776123047,300.0130920410156,2.1818652153015137,1.2450982332229614,1.2447643280029297
14,2903,126.42095947265625,629.0932006835938,2.1170544624328613,1.7387813329696655,1.6152267456054688
14,2904,108.1513442993164,413.45770263671875,2.2268524169921875,1.0430402755737305,1.2130937576293945
14,2905,86.64977264404297,321.1424865722656,1.8178507089614868,1.5271680355072021,0.8353271484375
14,2906,91.845947265625,323.6944580078125,1.9825501441955566,1.229842185974121,1.0489578247070312
14,2907,90.09302520751953,372.42864990234375,1.761672019958496,1.3362455368041992,1.4141178131103516
14,2908,79.55526733398438,244.89773559570312,1.8355164527893066,1.0283939838409424,1.0929346084594727
14,2909,84.98392486572266,315.2029724121094,1.782120943069458,1.1535636186599731,1.0595531463623047
14,2910,109.03885650634766,431.96807861328125,2.194735050201416,0.9348530769348145,1.0867490768432617
14,2911,439.1800842285156,3759.5751953125,2.10741925239563,3.456787109375,0.9679594039916992
14,2912,74.34294891357422,233.3681182861328,1.7002044916152954,1.031453251838684,0.7304286956787109
14,2913,162.81985473632812,1131.417236328125,1.6559375524520874,2.1227869987487793,1.3801689147949219
14,2914,151.61492919921875,907.9320068359375,2.027390956878662,2.031263589859009,1.0755014419555664
14,2915,188.5558624267578,1390.227294921875,1.651104211807251,2.164768695831299,1.4009485244750977
14,2916,131.48257446289062,727.4454345703125,1.9579346179962158,2.3894553184509277,1.2048768997192383
14,2917,100.11011505126953,377.65692138671875,2.0781474113464355,1.720815658569336,1.0790719985961914
14,2918,77.84506225585938,252.2183837890625,1.7541074752807617,1.2327361106872559,1.0333919525146484
14,2919,93.12515258789062,344.3919677734375,1.9561986923217773,1.4294865131378174,1.1207408905029297
14,2920,98.778564453125,420.30126953125,1.8916144371032715,1.5327415466308594,0.9023475646972656
14,2921,97.59817504882812,361.1973876953125,2.049281120300293,1.3188220262527466,1.2306404113769531
14,2922,103.58149719238281,502.3443603515625,1.7782353162765503,1.720253825187683,0.8749046325683594
14,2923,91.53290557861328,392.39019775390625,1.7431294918060303,1.4922188520431519,1.167628288269043
14,2924,105.55119323730469,350.97943115234375,2.3484416007995605,1.503349781036377,0.8851118087768555
14,2925,88.1994857788086,351.96221923828125,1.766775369644165,1.3611929416656494,1.2867460250854492
14,2926,160.56915283203125,957.846923828125,2.159482002258301,2.2629244327545166,1.7514705657958984
14,2927,118.90739440917969,569.3963623046875,2.065591812133789,1.9723232984542847,1.5471525192260742
14,2928,98.62208557128906,430.9635314941406,1.8508578538894653,1.6485049724578857,1.247964859008789
14,2929,105.27782440185547,396.04705810546875,2.189103841781616,1.2719330787658691,0.9012575149536133
14,2930,112.3232421875,452.6033020019531,2.2354304790496826,1.5784955024719238,1.2805166244506836
14,2931,83.44066619873047,236.7539825439453,1.992175579071045,1.289194941520691,0.8697147369384766
14,2932,106.51048278808594,471.2021789550781,1.979675531387329,1.8268396854400635,1.0423316955566406
14,2933,116.04927825927734,529.3875732421875,2.1036839485168457,1.6353132724761963,1.172903060913086
14,2934,95.71075439453125,404.2322692871094,1.842917561531067,1.4868626594543457,1.2827911376953125
14,2935,299.72662353515625,2325.16796875,2.2403268814086914,3.4401986598968506,1.3778114318847656
14,2936,87.95469665527344,254.6588134765625,2.082960605621338,1.4058088064193726,0.8252925872802734
14,2937,95.67646789550781,354.13134765625,2.008777618408203,1.1956759691238403,1.4476814270019531
14,2938,103.55392456054688,389.50701904296875,2.1534407138824463,1.4942779541015625,1.1016321182250977
14,2939,88.74800872802734,201.70849609375,2.285905122756958,0.9761285781860352,0.788508415222168
14,2940,116.87965393066406,554.7579345703125,2.04679536819458,1.543463110923767,1.3733386993408203
14,2941,79.15869140625,250.3655548095703,1.804071068763733,1.0970110893249512,1.0434093475341797
14,2942,134.60923767089844,683.74365234375,2.207828998565674,1.456260323524475,1.4641447067260742
14,2943,97.42290496826172,459.9220886230469,1.7143564224243164,1.6078693866729736,1.172377586364746
14,2944,85.44418334960938,339.3848876953125,1.7168563604354858,1.2993099689483643,1.3027467727661133
14,2945,135.01742553710938,732.9226684570312,2.0575056076049805,2.050231695175171,1.453338623046875
14,2946,87.95748138427734,308.0716857910156,1.905010461807251,1.4818274974822998,1.2905702590942383
14,2947,92.10467529296875,325.4466857910156,1.9853334426879883,1.183173656463623,1.4608783721923828
14,2948,91.39678955078125,322.36578369140625,1.9720070362091064,1.1325335502624512,1.1602602005004883
14,2949,110.31407165527344,486.76324462890625,2.054591417312622,2.010240077972412,0.8005800247192383
14,2950,236.06649780273438,1748.6171875,2.040159225463867,2.559816837310791,1.1159648895263672
14,2951,99.56549835205078,354.1545715332031,2.1383347511291504,1.587904453277588,0.8503799438476562
14,2952,97.46025085449219,439.3030090332031,1.7843317985534668,1.5445168018341064,1.3203773498535156
14,2953,137.7735595703125,741.546875,2.12062931060791,1.8003299236297607,1.3190479278564453
14,2954,102.4954833984375,372.67352294921875,2.1742711067199707,1.1117346286773682,1.1951227188110352
14,2955,108.35902404785156,491.0921936035156,1.9749934673309326,1.9155292510986328,0.7025785446166992
14,2956,91.64046478271484,334.1825256347656,1.9407403469085693,1.606623649597168,0.6583061218261719
14,2957,95.47976684570312,431.23016357421875,1.7452250719070435,1.6714043617248535,1.3818273544311523
14,2958,119.95719909667969,576.1373901367188,2.078115463256836,1.8465955257415771,1.2775688171386719
14,2959,83.10707092285156,294.63494873046875,1.7881193161010742,1.2533977031707764,0.9422454833984375
14,2960,97.62553405761719,355.71405029296875,2.0684709548950195,1.262603759765625,1.2319116592407227
14,2961,95.29743957519531,349.0567626953125,2.01305890083313,1.3234193325042725,1.1155433654785156
14,2962,93.8627700805664,346.6913146972656,1.9731212854385376,1.3289356231689453,1.0480072498321533
15,0,96.1776123046875,426.102294921875,1.7855794429779053,1.6059949398040771,1.1651315689086914
15,1,83.65044403076172,319.50592041015625,1.7233283519744873,1.1630995273590088,1.1156816482543945
15,2,80.92701721191406,207.528564453125,2.005805492401123,0.9098179340362549,0.8850431442260742
15,3,98.29562377929688,469.0805969238281,1.712918758392334,1.2475768327713013,1.0372085571289062
15,4,96.6103515625,458.7954406738281,1.6910268068313599,1.1839629411697388,1.5526409149169922
15,5,82.99712371826172,253.8028564453125,1.9205611944198608,1.2414641380310059,0.9874467849731445
15,6,92.1173095703125,330.6343994140625,1.9684622287750244,1.4050021171569824,1.1565656661987305
15,7,101.33617401123047,421.44525146484375,1.9730548858642578,1.3267261981964111,1.0768823623657227
15,8,95.7431869506836,376.1806335449219,1.9375040531158447,1.9780778884887695,0.8173198699951172
15,9,95.12728118896484,360.29327392578125,1.9699318408966064,1.7265737056732178,0.9644098281860352
15,10,97.15727996826172,401.6544189453125,1.8997278213500977,1.7622318267822266,1.0819530487060547
15,11,99.10562133789062,369.7130126953125,2.0711441040039062,1.2749581336975098,0.963770866394043
15,12,97.35240936279297,404.452392578125,1.8969056606292725,1.5505049228668213,1.3287887573242188
15,13,85.97294616699219,325.0591125488281,1.7822344303131104,1.3259031772613525,1.1189336776733398
15,14,70.529296875,182.66104125976562,1.742106556892395,0.816430389881134,0.8493824005126953
15,15,135.0988006591797,765.15380859375,1.952780842781067,1.866546869277954,1.2616710662841797
15,16,80.76380920410156,262.054443359375,1.8186123371124268,1.0973730087280273,1.034773826599121
15,17,92.12479400634766,267.51007080078125,2.179126262664795,1.4191820621490479,0.8681983947753906
15,18,94.22311401367188,357.41986083984375,1.9493709802627563,1.4268708229064941,0.9371242523193359
15,19,103.99870300292969,520.7470092773438,1.730799913406372,1.3883912563323975,1.1954069137573242
15,20,87.82487487792969,307.8064880371094,1.9014742374420166,1.1849099397659302,1.054229736328125
15,21,95.60266876220703,401.8356018066406,1.8473036289215088,1.74623703956604,1.1868314743041992
15,22,119.29115295410156,660.8892822265625,1.7734073400497437,1.0900471210479736,2.2876815795898438
15,23,85.39788055419922,314.246826171875,1.7991065979003906,1.0910500288009644,1.2810554504394531
15,24,81.59918975830078,270.0289611816406,1.8198763132095337,1.1855186223983765,1.0172529220581055
15,25,76.55291748046875,248.98812866210938,1.7218034267425537,1.0994865894317627,0.9153709411621094
15,26,84.35326385498047,282.9323425292969,1.8686676025390625,1.3320125341415405,0.8910150527954102
15,27,92.75116729736328,363.72821044921875,1.8792781829833984,1.2518291473388672,1.4574460983276367
15,28,106.52423858642578,380.0438537597656,2.2839951515197754,1.1991664171218872,0.9346694946289062
15,29,103.00479888916016,449.6277160644531,1.9347342252731323,1.6881332397460938,1.188817024230957
15,30,115.51248931884766,499.52093505859375,2.1853466033935547,1.5239330530166626,1.5860586166381836
15,31,127.73883056640625,611.2077026367188,2.220602035522461,2.0055770874023438,1.1833391189575195
15,32,151.66217041015625,975.2364501953125,1.8046176433563232,2.335937738418579,1.1450376510620117
15,33,133.37237548828125,814.1231689453125,1.7320020198822021,1.9885878562927246,1.4854764938354492
15,34,69.15229797363281,208.44793701171875,1.6102502346038818,1.0769952535629272,1.0127553939819336
15,35,91.5869369506836,374.7188720703125,1.8038349151611328,1.4590296745300293,1.1326398849487305
15,36,80.57320404052734,280.47650146484375,1.7508518695831299,1.4905576705932617,0.8547735214233398
15,37,124.35806274414062,606.1463012695312,2.1247811317443848,2.1746811866760254,1.2650556564331055
15,38,132.49197387695312,676.0927124023438,2.1627566814422607,1.735939860343933,1.478860855102539
15,39,124.45805358886719,565.2938232421875,2.264288902282715,1.5372494459152222,1.2654685974121094
15,40,112.27172088623047,577.766845703125,1.816501259803772,2.0113365650177,1.4554681777954102
15,41,110.00579833984375,479.20703125,2.0695033073425293,1.7219889163970947,1.0044631958007812
15,42,94.13072967529297,352.568603515625,1.9624621868133545,1.5047580003738403,1.1422624588012695
15,43,91.17704772949219,355.3346862792969,1.8547857999801636,1.5702017545700073,0.7316370010375977
15,44,126.82125854492188,695.9921264648438,1.9074015617370605,2.075925350189209,1.1347570419311523
15,45,82.11502075195312,256.4801025390625,1.882233738899231,1.298443078994751,0.7251005172729492
15,46,91.97679138183594,379.49365234375,1.8009142875671387,1.6155471801757812,1.177774429321289
15,47,86.57679748535156,298.1639404296875,1.892013430595398,1.3245991468429565,1.0696115493774414
15,48,83.7779541015625,325.609375,1.7072337865829468,1.191292405128479,0.9915151596069336
15,49,74.20630645751953,176.84474182128906,1.8840610980987549,1.1959240436553955,0.697911262512207
15,50,81.77499389648438,258.03326416015625,1.8657222986221313,1.1508686542510986,1.144394874572754
15,51,103.40702819824219,354.516357421875,2.2651796340942383,1.482443928718567,1.1694307327270508
15,52,91.20915222167969,385.7811584472656,1.7543678283691406,1.2101690769195557,0.8340044021606445
15,53,105.78339385986328,411.74468994140625,2.1536307334899902,1.4661409854888916,1.1638975143432617
15,54,99.55715942382812,432.4736328125,1.8769932985305786,1.74578857421875,1.184586524963379
15,55,85.05902099609375,265.34490966796875,1.9508177042007446,1.3947088718414307,0.8994226455688477
15,56,82.0440673828125,244.24493408203125,1.9206523895263672,1.374498963356018,0.9425153732299805
15,57,143.12701416015625,783.1505737304688,2.160398244857788,2.327705144882202,1.5030603408813477
15,58,115.44042205810547,468.64202880859375,2.2858738899230957,1.4597338438034058,1.4208831787109375
15,59,98.72352600097656,462.1545715332031,1.750268816947937,1.8056108951568604,0.8828468322753906
15,60,78.314697265625,248.21083068847656,1.7831206321716309,1.070847988128662,1.0751752853393555
15,61,97.96770477294922,348.0525817871094,2.105414867401123,1.2578699588775635,1.1912899017333984
15,62,85.07559204101562,280.28033447265625,1.901585340499878,1.2816424369812012,1.1841745376586914
15,63,100.80091857910156,423.68170166015625,1.9477583169937134,1.3302505016326904,1.2753267288208008
15,64,104.02578735351562,475.3072204589844,1.8831689357757568,1.43701171875,1.301600456237793
15,65,92.98455810546875,332.374267578125,1.9915709495544434,1.302703619003296,1.0494184494018555
15,66,83.24122619628906,313.63232421875,1.7292664051055908,1.1218328475952148,1.2829351425170898
15,67,110.97247314453125,499.1986999511719,2.0350868701934814,1.9195482730865479,1.315119743347168
15,68,74.47370910644531,181.63818359375,1.8769965171813965,0.9435734152793884,0.8871841430664062
15,69,120.59152221679688,570.20068359375,2.119048595428467,1.6605188846588135,1.04827880859375
15,70,159.69711303710938,933.3529663085938,2.2120604515075684,2.174903631210327,1.637019157409668
15,71,118.32063293457031,675.2305908203125,1.6932523250579834,2.216360330581665,1.065779685974121
15,72,113.43685913085938,509.0202941894531,2.084494113922119,1.929382562637329,1.3564481735229492
15,73,106.45547485351562,430.2117919921875,2.1144766807556152,1.8515838384628296,1.1870355606079102
15,74,93.49038696289062,418.03765869140625,1.7228871583938599,1.1271767616271973,1.4883699417114258
15,75,112.41966247558594,535.8427734375,1.9611796140670776,1.6010249853134155,1.0216789245605469
15,76,114.77728271484375,571.8171997070312,1.9198520183563232,1.6575838327407837,1.4849443435668945
15,77,82.03030395507812,279.4949951171875,1.8026933670043945,1.5224741697311401,1.015115737915039
15,78,125.51883697509766,681.5057983398438,1.9122751951217651,1.8803181648254395,1.0181102752685547
15,79,80.022705078125,283.5064697265625,1.7224020957946777,1.2985774278640747,1.0707836151123047
15,80,93.14974975585938,374.4408874511719,1.8568552732467651,1.1633353233337402,1.151017189025879
15,81,96.28571319580078,418.9663391113281,1.8129693269729614,1.8036408424377441,0.7482891082763672
15,82,90.49694061279297,276.7259826660156,2.094144821166992,1.2960373163223267,0.9625825881958008
15,83,98.55244445800781,466.40045166015625,1.7304131984710693,1.1889030933380127,1.236846923828125
15,84,79.29143524169922,293.18902587890625,1.6657510995864868,1.2256087064743042,1.166067123413086
15,85,87.3230209350586,247.77542114257812,2.0848493576049805,1.385347604751587,0.8421134948730469
15,86,225.89865112304688,1647.80908203125,2.0372581481933594,2.831780433654785,1.4766216278076172
15,87,108.44783020019531,414.28936767578125,2.2339630126953125,1.3866863250732422,1.206512451171875
15,88,102.99455261230469,411.2103576660156,2.062450408935547,1.738019585609436,0.9290933609008789
15,89,90.83695220947266,239.07838439941406,2.230970621109009,1.040801763534546,0.8376283645629883
15,90,80.78624725341797,295.9466552734375,1.7063860893249512,1.4483675956726074,0.848210334777832
15,91,85.2625732421875,356.84222412109375,1.6526117324829102,1.2904226779937744,1.3396053314208984
15,92,93.06892395019531,324.97369384765625,2.0190517902374268,1.2669599056243896,0.965489387512207
15,93,96.87569427490234,336.8457946777344,2.106370449066162,1.3986891508102417,1.0898256301879883
15,94,104.0302734375,456.60821533203125,1.9456483125686646,2.0550613403320312,0.9655323028564453
15,95,147.17495727539062,849.221435546875,2.0750937461853027,2.1017489433288574,1.1918363571166992
15,96,72.68301391601562,240.4964599609375,1.62111234664917,1.0306193828582764,0.9425725936889648
15,97,88.70185852050781,356.2598571777344,1.769195795059204,1.2346737384796143,1.024582862854004
15,98,81.27839660644531,273.4883117675781,1.7976521253585815,1.2142674922943115,1.0247421264648438
15,99,82.76370239257812,351.09967041015625,1.5884578227996826,1.3006839752197266,1.1675453186035156
15,100,96.94261932373047,404.113525390625,1.8843755722045898,1.4275848865509033,1.463125228881836
15,101,82.28131103515625,256.0562744140625,1.88918936252594,1.329988956451416,0.9105138778686523
15,102,160.6359405517578,952.1494140625,2.1806998252868652,2.0776476860046387,1.3869104385375977
15,103,80.76287841796875,300.3751220703125,1.6908454895019531,1.1474018096923828,0.9889278411865234
15,104,104.06277465820312,424.6473388671875,2.0532681941986084,1.668052077293396,1.178635597229004
15,105,76.48110961914062,223.3819580078125,1.804763913154602,1.0157954692840576,1.0401315689086914
15,106,113.36418151855469,546.2625732421875,1.9579308032989502,1.9170241355895996,1.5746479034423828
15,107,83.40613555908203,318.697021484375,1.7178809642791748,1.3675484657287598,1.116231918334961
15,108,83.60372924804688,250.50758361816406,1.951765775680542,1.2093541622161865,1.019892692565918
15,109,91.78340148925781,388.57177734375,1.7642076015472412,1.2464168071746826,1.1951913833618164
15,110,98.44993591308594,351.1180725097656,2.1112709045410156,1.3986493349075317,1.2552099227905273
15,111,166.16989135742188,1078.7049560546875,1.9433130025863647,2.8100638389587402,1.2293004989624023
15,112,115.78369140625,568.6204833984375,1.9640545845031738,1.9738194942474365,1.1406984329223633
15,113,86.02935028076172,368.8504943847656,1.6381433010101318,1.1035720109939575,0.9503183364868164
15,114,95.45379638671875,400.1599426269531,1.8479266166687012,1.3016211986541748,1.118316650390625
15,115,104.38673400878906,478.9562072753906,1.8830370903015137,1.66309654712677,1.2388334274291992
15,116,81.4868392944336,272.6041259765625,1.8075475692749023,1.2465460300445557,1.3635406494140625
15,117,99.37950134277344,319.2439270019531,2.2485036849975586,1.4568243026733398,1.2327756881713867
15,118,122.24623107910156,587.617431640625,2.116149663925171,1.756819248199463,1.2262907028198242
15,119,112.58588409423828,573.3564453125,1.8416746854782104,1.734932541847229,0.9057445526123047
15,120,130.17416381835938,782.5567626953125,1.7306159734725952,2.1338891983032227,0.9658880233764648
15,121,112.4935302734375,457.47265625,2.2248754501342773,1.8725919723510742,0.8828067779541016
15,122,88.1378402709961,312.1822814941406,1.8973203897476196,1.493830680847168,0.7848567962646484
15,123,86.03300476074219,240.7225341796875,2.0653581619262695,0.9533546566963196,1.1161985397338867
15,124,95.96769714355469,383.6680908203125,1.920029640197754,1.8063559532165527,0.6901473999023438
15,125,98.43373107910156,378.96160888671875,2.0179190635681152,1.5118978023529053,1.0779914855957031
15,126,84.13298797607422,324.8789978027344,1.7215029001235962,1.322037696838379,1.2552499771118164
15,127,116.30838012695312,616.1583251953125,1.823085069656372,1.6025068759918213,1.027181625366211
15,128,88.42340087890625,304.9530334472656,1.9309364557266235,1.3119409084320068,1.12677001953125
15,129,91.83973693847656,290.90936279296875,2.0916266441345215,1.261981725692749,1.1110448837280273
15,130,103.90568542480469,475.64019775390625,1.878055453300476,1.9613659381866455,1.3315486907958984
15,131,165.6378631591797,1079.2066650390625,1.9239065647125244,2.3319454193115234,1.6683387756347656
15,132,79.27468872070312,290.5408020019531,1.6740204095840454,0.9933752417564392,0.8296642303466797
15,133,90.6752700805664,304.2626953125,2.0083000659942627,1.5882890224456787,0.9426107406616211
15,134,110.11630249023438,501.71136474609375,1.9981722831726074,1.5730019807815552,1.4451990127563477
15,135,83.08892059326172,296.30413818359375,1.7819502353668213,1.4198966026306152,1.1428098678588867
15,136,101.27483367919922,279.88861083984375,2.4428658485412598,1.411517858505249,0.7288980484008789
15,137,116.94374084472656,529.5855102539062,2.1328394412994385,1.964003086090088,0.9412441253662109
15,138,87.54035949707031,307.8785400390625,1.8917500972747803,1.2412073612213135,1.132059097290039
15,139,100.21534729003906,314.7397766113281,2.291378974914551,1.2291309833526611,0.9219083786010742
15,140,83.10969543457031,218.727294921875,2.041232109069824,1.2196661233901978,0.8648395538330078
15,141,116.03865051269531,509.5738525390625,2.169375419616699,2.168769359588623,0.8404302597045898
15,142,82.80331420898438,275.36212158203125,1.8422365188598633,1.003698706626892,1.2465600967407227
15,143,104.94412231445312,521.9302978515625,1.7583696842193604,1.5385221242904663,1.088109016418457
15,144,94.3284912109375,375.244384765625,1.8934683799743652,1.2815136909484863,1.0604724884033203
15,145,98.30172729492188,408.9490661621094,1.9135605096817017,1.612278938293457,1.1193618774414062
15,146,101.86824035644531,459.9256896972656,1.8625223636627197,1.6315276622772217,0.9114904403686523
15,147,156.58975219726562,943.0869140625,2.076035499572754,2.0545616149902344,1.4824914932250977
15,148,96.07374572753906,315.3055725097656,2.151439666748047,1.3597468137741089,1.034419059753418
15,149,102.14710998535156,489.3462829589844,1.7737492322921753,2.0528557300567627,1.2341041564941406
15,150,97.74808502197266,396.0228271484375,1.938193440437317,1.6300530433654785,1.1930456161499023
15,151,76.67627716064453,196.20907592773438,1.9018456935882568,0.9883407354354858,1.0540428161621094
15,152,97.260009765625,424.78955078125,1.8260350227355957,1.3649719953536987,1.3285884857177734
15,153,94.14068603515625,243.265625,2.3271374702453613,1.1744096279144287,0.7447948455810547
15,154,91.2305908203125,364.58380126953125,1.8257403373718262,1.3159492015838623,1.0039243698120117
15,155,96.22271728515625,325.7988586425781,2.1214277744293213,1.384951114654541,1.2579975128173828
15,156,75.04757690429688,233.39669799804688,1.7235968112945557,1.2963671684265137,0.8477802276611328
15,157,75.85355377197266,254.30494689941406,1.680768609046936,1.1536126136779785,0.8277273178100586
15,158,114.34610748291016,524.423095703125,2.063459873199463,1.6120338439941406,1.5746707916259766
15,159,121.08560180664062,533.0547485351562,2.2593374252319336,1.6383676528930664,1.5971832275390625
15,160,93.38690185546875,414.0014953613281,1.7328917980194092,1.3016258478164673,1.461801528930664
15,161,94.45539093017578,424.77728271484375,1.732588768005371,1.4194040298461914,1.100630760192871
15,162,92.18177795410156,328.7468566894531,1.976902961730957,1.1653404235839844,1.22467041015625
15,163,98.89253997802734,420.4659729003906,1.894864797592163,1.3668655157089233,1.172307014465332
15,164,94.29365539550781,354.14404296875,1.9626414775848389,1.3911144733428955,1.4261722564697266
15,165,104.33769989013672,475.96136474609375,1.8913854360580444,1.323365330696106,1.2379741668701172
15,166,112.58891296386719,540.921875,1.9498908519744873,1.9222023487091064,1.181666374206543
15,167,93.51603698730469,353.30548095703125,1.9395164251327515,1.5795483589172363,1.0233497619628906
15,168,85.26337432861328,318.677734375,1.7798534631729126,1.5342752933502197,1.2083053588867188
15,169,106.95614624023438,452.988525390625,2.0552430152893066,1.9026715755462646,0.9552335739135742
15,170,96.76731872558594,455.7449951171875,1.7064272165298462,1.39247465133667,1.5527095794677734
15,171,143.33181762695312,784.5541381835938,2.1625471115112305,2.002427577972412,0.9885339736938477
15,172,178.86244201660156,1155.39892578125,2.1107516288757324,2.6190595626831055,1.7006025314331055
15,173,82.9046859741211,309.85113525390625,1.7306523323059082,1.4090970754623413,1.0864629745483398
15,174,88.44062805175781,303.4980163574219,1.9363608360290527,1.0877915620803833,1.5124969482421875
15,175,74.58236694335938,216.8938751220703,1.7630994319915771,1.0247477293014526,1.120962142944336
15,176,87.9977798461914,329.638427734375,1.8344645500183105,1.1384049654006958,1.1636390686035156
15,177,97.52589416503906,394.60089111328125,1.9355268478393555,1.206294059753418,1.505645751953125
15,178,133.50267028808594,703.1431274414062,2.106278419494629,2.033114194869995,0.9122858047485352
15,179,98.46619415283203,412.8071594238281,1.9061826467514038,1.7994325160980225,0.8403520584106445
15,180,91.65826416015625,340.19256591796875,1.9213002920150757,1.2969419956207275,1.2232704162597656
15,181,76.92020416259766,271.5423278808594,1.6588655710220337,1.179701805114746,1.0056467056274414
15,182,84.95173645019531,332.34649658203125,1.723902940750122,1.4149037599563599,0.8169384002685547
15,183,101.14419555664062,402.9454650878906,2.0283215045928955,1.3865327835083008,1.3903160095214844
15,184,83.40819549560547,289.23809814453125,1.8161461353302002,1.1839213371276855,1.166635513305664
15,185,87.40557861328125,330.35601806640625,1.8123323917388916,1.3411766290664673,0.9839630126953125
15,186,74.15518951416016,186.0331573486328,1.8517290353775024,0.9596021175384521,0.7246561050415039
15,187,92.87442016601562,330.5641784667969,1.9939332008361816,1.1946901082992554,1.046525001525879
15,188,77.66960144042969,237.9993133544922,1.7956557273864746,1.1558258533477783,0.8817663192749023
15,189,116.25774383544922,567.4466552734375,1.983769178390503,1.9766254425048828,1.3309412002563477
15,190,105.28087615966797,458.5082092285156,1.981001853942871,1.7511636018753052,1.1577072143554688
15,191,107.47807312011719,451.5135498046875,2.077557325363159,1.5790703296661377,1.230031967163086
15,192,143.6364288330078,770.8172607421875,2.2184901237487793,2.0355377197265625,1.2506237030029297
15,193,105.19963073730469,506.2257385253906,1.8192352056503296,1.5932927131652832,1.0718231201171875
15,194,84.58287048339844,326.32818603515625,1.731668472290039,1.1883271932601929,1.1785163879394531
15,195,71.75375366210938,233.73248291015625,1.6126835346221924,1.0152814388275146,0.6896247863769531
15,196,81.07905578613281,284.62109375,1.7538982629776,1.2731924057006836,0.908909797668457
15,197,81.091552734375,240.3478546142578,1.9018921852111816,1.078317403793335,0.8432588577270508
15,198,95.88186645507812,422.382080078125,1.7881218194961548,1.451219081878662,1.431748390197754
15,199,108.83546447753906,385.9118957519531,2.3414759635925293,1.520275592803955,1.3918771743774414
15,200,83.45335388183594,311.1081848144531,1.744751214981079,1.2631055116653442,1.0388202667236328
15,201,74.64866638183594,242.03482055664062,1.6815061569213867,1.1432251930236816,1.0109033584594727
15,202,89.59862518310547,290.3683166503906,2.018726348876953,1.3867180347442627,0.9912176132202148
15,203,136.82571411132812,732.7606811523438,2.118321180343628,1.6729087829589844,1.0459680557250977
15,204,339.19622802734375,2766.906982421875,2.08351731300354,3.6371307373046875,0.7504854202270508
15,205,118.16039276123047,571.3460083007812,2.0341930389404297,1.9435534477233887,1.1821746826171875
15,206,101.97518157958984,408.3129577636719,2.0381295680999756,1.5418386459350586,1.1864738464355469
15,207,100.87408447265625,491.4045104980469,1.724454402923584,1.5516704320907593,1.5331315994262695
15,208,83.1648941040039,282.0875244140625,1.8318712711334229,0.9523478150367737,0.9726085662841797
15,209,108.53022766113281,439.38165283203125,2.153068780899048,1.349688172340393,0.9938831329345703
15,210,98.20921325683594,401.6738586425781,1.934727430343628,1.5469298362731934,1.164285659790039
15,211,100.76797485351562,438.17022705078125,1.8983649015426636,1.6936229467391968,1.3364591598510742
15,212,81.7591552734375,292.3614807128906,1.7507668733596802,1.5532904863357544,0.9684915542602539
15,213,76.67257690429688,282.57464599609375,1.6138370037078857,1.5034348964691162,0.891261100769043
15,214,118.35831451416016,630.3010864257812,1.8442734479904175,1.853714942932129,1.0754194259643555
15,215,79.40676879882812,210.71414184570312,1.9445116519927979,0.966480016708374,0.9883928298950195
15,216,139.51876831054688,790.3973388671875,2.015967845916748,2.478205680847168,1.2418022155761719
15,217,87.78328704833984,350.73614501953125,1.7569890022277832,1.083864688873291,1.539219856262207
15,218,90.54539489746094,323.3212890625,1.9404420852661133,1.527194857597351,0.9556751251220703
15,219,104.74595642089844,413.3732604980469,2.1136209964752197,1.278550386428833,1.2754526138305664
15,220,109.84236907958984,517.6531982421875,1.9359016418457031,1.2493071556091309,1.3807706832885742
15,221,79.97940826416016,268.08612060546875,1.772359848022461,1.111767292022705,1.1782846450805664
15,222,87.919921875,355.6808166503906,1.7450615167617798,1.49462890625,1.1201848983764648
15,223,84.47754669189453,295.82183837890625,1.8298454284667969,1.3999358415603638,1.0462980270385742
15,224,102.94282531738281,458.4039306640625,1.9034144878387451,1.30331289768219,1.3959226608276367
15,225,88.85509490966797,300.97344970703125,1.9585916996002197,0.8687824606895447,1.3718957901000977
15,226,121.7279281616211,606.2955322265625,2.0366125106811523,1.9544363021850586,0.943817138671875
15,227,92.86976623535156,310.14892578125,2.061829090118408,1.1365681886672974,0.9220428466796875
15,228,114.81086730957031,555.5734252929688,1.9751174449920654,1.8750052452087402,0.9870443344116211
15,229,114.05278015136719,476.4202575683594,2.2136917114257812,1.3181638717651367,1.2559518814086914
15,230,80.87432861328125,272.3263854980469,1.7880562543869019,1.198714256286621,1.0673389434814453
15,231,120.2863998413086,577.138671875,2.0857510566711426,1.7787628173828125,1.3803119659423828
15,232,88.42510223388672,299.97955322265625,1.9475715160369873,1.3547922372817993,0.8285140991210938
15,233,91.92738342285156,403.0906982421875,1.72061026096344,1.0909582376480103,1.0650358200073242
15,234,102.93516540527344,422.3746337890625,2.023256778717041,1.4853262901306152,0.890965461730957
15,235,88.91133117675781,289.49951171875,1.9987125396728516,1.4703383445739746,1.0156183242797852
15,236,94.7119140625,310.349853515625,2.1225643157958984,1.1206947565078735,1.0830087661743164
15,237,84.15409851074219,280.8499450683594,1.868970274925232,1.0383312702178955,0.9727277755737305
15,238,75.77105712890625,244.8582000732422,1.709507703781128,1.0822473764419556,0.9752130508422852
15,239,74.53976440429688,207.0298614501953,1.7945592403411865,1.0250318050384521,0.9835290908813477
15,240,93.25570678710938,381.64306640625,1.836380124092102,1.483691930770874,1.125025749206543
15,241,82.1343002319336,244.34300231933594,1.9233331680297852,1.2335656881332397,0.8053684234619141
15,242,100.33749389648438,385.9887390136719,2.0579540729522705,1.4919335842132568,1.3802165985107422
15,243,99.99353790283203,421.5362548828125,1.92799711227417,1.384056806564331,1.4394245147705078
15,244,93.63128662109375,403.22802734375,1.776949405670166,1.6126110553741455,0.9803409576416016
15,245,167.39822387695312,1084.6063232421875,1.9645862579345703,2.607663869857788,0.7865266799926758
15,246,109.97012329101562,439.1019287109375,2.2019975185394287,1.5781630277633667,1.1572456359863281
15,247,109.98664855957031,519.7550659179688,1.9337046146392822,1.6946699619293213,1.2218523025512695
15,248,87.33848571777344,321.37713623046875,1.840025544166565,1.2353262901306152,1.1262702941894531
15,249,103.15159606933594,480.4798583984375,1.8367869853973389,1.9299638271331787,1.2384881973266602
15,250,89.91737365722656,411.1109313964844,1.6268761157989502,1.1565972566604614,1.6126327514648438
15,251,122.16839599609375,606.978271484375,2.0490188598632812,1.8251806497573853,0.9477758407592773
15,252,105.7801284790039,511.96466064453125,1.8194553852081299,2.0548555850982666,1.2864875793457031
15,253,101.50704956054688,481.626953125,1.77814519405365,1.5434577465057373,1.2999200820922852
15,254,439.74884033203125,3725.416015625,2.2402420043945312,3.2566401958465576,0.7532482147216797
15,255,78.50474548339844,305.782958984375,1.597548484802246,1.1796702146530151,1.2453670501708984
15,256,139.82839965820312,783.1768798828125,2.050356864929199,2.034295082092285,1.1191978454589844
15,257,87.28706359863281,346.38555908203125,1.7549500465393066,1.558547019958496,0.7288417816162109
15,258,120.25030517578125,548.202392578125,2.181002140045166,1.922281265258789,1.2196550369262695
15,259,95.27157592773438,371.7869873046875,1.9364292621612549,1.2795239686965942,1.3673782348632812
15,260,88.07685852050781,320.828857421875,1.86646568775177,1.4477683305740356,0.9392223358154297
15,261,93.76586151123047,440.08026123046875,1.6585944890975952,1.2291367053985596,1.6964654922485352
15,262,95.37042999267578,340.7893371582031,2.0430498123168945,1.4043829441070557,1.1570320129394531
15,263,99.92203521728516,380.3162536621094,2.0630135536193848,1.5695624351501465,1.2237129211425781
15,264,109.42679595947266,459.71063232421875,2.1151909828186035,1.8472754955291748,1.4162492752075195
15,265,152.6196746826172,950.7343139648438,1.9182080030441284,2.2633273601531982,1.134831428527832
15,266,110.12965393066406,468.4522705078125,2.109480857849121,1.74541175365448,1.1531524658203125
15,267,91.33204650878906,366.2359924316406,1.8236150741577148,1.1455776691436768,1.4635143280029297
15,268,91.7673568725586,359.8043212890625,1.8595640659332275,1.3346704244613647,1.331130027770996
15,269,91.17396545410156,303.38568115234375,2.027846574783325,1.3589203357696533,1.0003013610839844
15,270,125.95462036132812,618.8272705078125,2.1357297897338867,1.6630040407180786,0.7218008041381836
15,271,110.91352081298828,545.050048828125,1.8802838325500488,1.385519027709961,1.4852828979492188
15,272,119.03677368164062,629.1033325195312,1.87088143825531,1.7151658535003662,1.4849061965942383
15,273,85.32221984863281,307.4071044921875,1.8193836212158203,1.6903705596923828,0.9148769378662109
15,274,137.25711059570312,727.9093017578125,2.1488726139068604,2.2255020141601562,1.0187549591064453
15,275,125.16435241699219,656.2135009765625,1.9847664833068848,1.8603947162628174,1.583174705505371
15,276,89.60531616210938,324.37579345703125,1.905591368675232,1.4840493202209473,1.0373363494873047
15,277,101.52117919921875,384.8174743652344,2.1013145446777344,1.2357759475708008,1.3647956848144531
15,278,137.96380615234375,699.19140625,2.268155336380005,2.1463584899902344,0.9305934906005859
15,279,131.9749298095703,710.57177734375,2.0305917263031006,2.0957236289978027,0.8082151412963867
15,280,87.77717590332031,322.5857238769531,1.8506200313568115,1.3530060052871704,1.038548469543457
15,281,109.92310333251953,506.9625549316406,1.9742282629013062,1.9660277366638184,0.8414764404296875
15,282,85.60326385498047,266.03948974609375,1.9666438102722168,1.257629156112671,1.0656347274780273
15,283,84.4178466796875,374.50299072265625,1.5655850172042847,1.189204216003418,1.5215129852294922
15,284,82.84345245361328,259.9178466796875,1.8950556516647339,1.1986534595489502,0.9592390060424805
15,285,118.59394836425781,539.8173217773438,2.153740406036377,1.8060914278030396,1.1726551055908203
15,286,169.904052734375,1174.331787109375,1.7490289211273193,2.0006604194641113,1.6638917922973633
15,287,85.10529327392578,282.7401428222656,1.8943760395050049,1.6586003303527832,0.8340473175048828
15,288,108.24016571044922,445.6787109375,2.1224098205566406,2.0592944622039795,1.016876220703125
15,289,82.40898132324219,265.2440185546875,1.8628191947937012,1.2434316873550415,1.0000114440917969
15,290,80.38356018066406,259.0353698730469,1.8160006999969482,1.2805087566375732,0.8191375732421875
15,291,290.21258544921875,2350.71337890625,1.838042140007019,3.2886953353881836,0.9419469833374023
15,292,101.67161560058594,430.6048583984375,1.9537044763565063,1.8641810417175293,0.8733739852905273
15,293,130.30972290039062,769.7693481445312,1.7777597904205322,1.6181893348693848,0.935124397277832
15,294,94.34617614746094,426.36083984375,1.7236695289611816,1.4719080924987793,1.0438156127929688
15,295,139.72427368164062,697.679931640625,2.331875801086426,1.8846070766448975,1.726999282836914
15,296,85.00725555419922,232.86947631835938,2.0573434829711914,1.3657634258270264,0.7373313903808594
15,297,86.47364044189453,314.44085693359375,1.8343183994293213,1.5041874647140503,0.9647150039672852
15,298,82.43492126464844,311.7789001464844,1.7085676193237305,1.2696439027786255,1.3266706466674805
15,299,110.34025573730469,510.94268798828125,1.9748663902282715,1.3651015758514404,1.4158763885498047
15,300,157.29568481445312,939.2794189453125,2.1122584342956543,2.7280173301696777,1.2024097442626953
15,301,86.67982482910156,313.95159912109375,1.8428223133087158,0.9724029898643494,0.9950809478759766
15,302,80.57553100585938,194.4763946533203,2.0375962257385254,1.0269309282302856,0.9459772109985352
15,303,98.33758544921875,450.6875305175781,1.775627613067627,1.377702236175537,1.4007577896118164
15,304,92.60394287109375,377.9718322753906,1.8268918991088867,1.4709141254425049,1.1168298721313477
15,305,105.12715148925781,443.29779052734375,2.026578903198242,1.8145723342895508,0.9837751388549805
15,306,80.76303100585938,293.19451904296875,1.7147859334945679,1.2810494899749756,1.2567682266235352
15,307,98.58285522460938,353.2862243652344,2.1084744930267334,1.6851840019226074,0.9823570251464844
15,308,191.95986938476562,1278.493408203125,2.1370177268981934,2.35522723197937,1.2079296112060547
15,309,74.04098510742188,186.812744140625,1.8453238010406494,0.9622893333435059,0.9550294876098633
15,310,117.46015167236328,556.8796997070312,2.059072732925415,1.7792232036590576,1.1987714767456055
15,311,107.17054748535156,441.3420104980469,2.1012115478515625,1.4104321002960205,1.5579557418823242
15,312,89.98937225341797,331.7303771972656,1.8938777446746826,1.5025757551193237,1.011570930480957
15,313,88.66670227050781,295.02398681640625,1.9721434116363525,1.1574122905731201,1.1496105194091797
15,314,91.9635238647461,270.6356201171875,2.163332223892212,1.2594749927520752,0.6896724700927734
15,315,102.42689514160156,442.12493896484375,1.9404798746109009,1.6558825969696045,0.9882411956787109
15,316,100.3851318359375,356.9908752441406,2.1562013626098633,1.4973989725112915,0.809147834777832
15,317,103.87267303466797,487.717529296875,1.8366972208023071,1.4523286819458008,1.386397361755371
15,318,103.88192749023438,511.1686706542969,1.7588353157043457,1.342756748199463,1.3082151412963867
15,319,83.37882995605469,217.903076171875,2.052950620651245,1.2011076211929321,0.999908447265625
15,320,121.52565002441406,568.4645385742188,2.155973434448242,1.9101593494415283,1.1771011352539062
15,321,101.67227172851562,474.186279296875,1.8084548711776733,1.754896879196167,0.9691457748413086
15,322,650.2164306640625,5861.4013671875,2.1358776092529297,3.8952157497406006,1.2766447067260742
15,323,101.39749145507812,477.866455078125,1.7870280742645264,1.6835637092590332,1.4675474166870117
15,324,100.59071350097656,357.1913146972656,2.162385940551758,1.2703444957733154,1.1666078567504883
15,325,82.96509552001953,230.59376525878906,1.9968571662902832,1.1771891117095947,0.6408634185791016
15,326,87.5853271484375,326.23907470703125,1.8320473432540894,1.196718692779541,1.2768983840942383
15,327,88.73768615722656,256.0785217285156,2.104327917098999,1.2208155393600464,1.1360301971435547
15,328,85.19050598144531,339.64801025390625,1.7075235843658447,1.1251115798950195,1.0446882247924805
15,329,105.12535095214844,445.0566101074219,2.0206563472747803,1.6621837615966797,1.566431999206543
15,330,102.72018432617188,490.7790222167969,1.7880759239196777,1.6829502582550049,1.3147993087768555
15,331,93.40548706054688,327.2635803222656,2.022637367248535,1.21930730342865,1.103987693786621
15,332,103.29042053222656,558.7454223632812,1.5805294513702393,1.4240825176239014,1.4846992492675781
15,333,90.12156677246094,344.3836669921875,1.8561065196990967,1.2813583612442017,1.2873201370239258
15,334,110.76348876953125,536.0025024414062,1.905441403388977,1.9664666652679443,1.5513124465942383
15,335,93.95513916015625,380.26702880859375,1.864281177520752,1.3565059900283813,1.2148656845092773
15,336,108.94342803955078,447.5462951660156,2.1396265029907227,1.7635221481323242,1.0001821517944336
15,337,91.97650146484375,324.9288024902344,1.9827873706817627,1.503387451171875,0.8906145095825195
15,338,72.936767578125,230.94049072265625,1.661423921585083,1.0356745719909668,1.0777273178100586
15,339,97.57221221923828,340.44842529296875,2.1175789833068848,1.1977088451385498,1.4802169799804688
15,340,89.87284851074219,242.66726684570312,2.186870574951172,1.184003472328186,0.9210824966430664
15,341,99.63883972167969,441.8938293457031,1.8483150005340576,1.8180134296417236,0.8819694519042969
15,342,129.26597595214844,635.447998046875,2.1907057762145996,2.2047736644744873,1.274306297302246
15,343,91.92874908447266,318.13909912109375,2.0038280487060547,1.504644751548767,0.6361179351806641
15,344,125.41908264160156,778.96630859375,1.5840818881988525,1.8403639793395996,1.264862060546875
15,345,116.33445739746094,586.7431030273438,1.9220049381256104,1.8120533227920532,1.047739028930664
15,346,76.60224914550781,219.18621826171875,1.8227875232696533,0.9670758843421936,1.0760583877563477
15,347,101.3658218383789,482.87109375,1.7692904472351074,1.6204426288604736,1.4639701843261719
15,348,63.3772087097168,148.46263122558594,1.6176981925964355,0.8117247223854065,0.7731838226318359
15,349,99.29756927490234,460.5453796386719,1.7747676372528076,1.416612148284912,1.3712081909179688
15,350,93.17987060546875,383.7672119140625,1.8267717361450195,1.9629234075546265,0.8724842071533203
15,351,238.52281188964844,1841.7509765625,1.8115906715393066,3.154231071472168,1.0265436172485352
15,352,112.3681640625,487.39300537109375,2.120962142944336,1.8937830924987793,1.307450294494629
15,353,93.81663513183594,428.4769592285156,1.6989645957946777,1.1850199699401855,1.1982707977294922
15,354,129.4771728515625,545.3771362304688,2.4979817867279053,1.6340749263763428,1.158848762512207
15,355,112.20340728759766,569.1978149414062,1.842787504196167,1.4656267166137695,1.576700210571289
15,356,99.48798370361328,374.91162109375,2.066560745239258,1.6832818984985352,1.0671148300170898
15,357,184.81417846679688,1224.49462890625,2.078824043273926,2.5682411193847656,1.247283935546875
15,358,87.46089935302734,321.9670104980469,1.8421399593353271,1.6952767372131348,0.9180326461791992
15,359,99.76899719238281,412.5126647949219,1.950590968132019,1.3567235469818115,1.4973974227905273
15,360,85.51571655273438,279.4140930175781,1.9191436767578125,1.4246959686279297,0.8870401382446289
15,361,89.17041015625,228.13058471679688,2.211911678314209,1.337571382522583,0.9308195114135742
15,362,92.5714111328125,351.05078125,1.9155442714691162,1.332711100578308,1.2445869445800781
15,363,80.9437255859375,282.0105895996094,1.7580888271331787,1.2171071767807007,1.143411636352539
15,364,87.06390380859375,348.2603454589844,1.7412621974945068,1.1819862127304077,1.2418241500854492
15,365,91.3231201171875,381.8614501953125,1.7712323665618896,1.6292871236801147,1.2031469345092773
15,366,100.45799255371094,432.90380859375,1.905586838722229,1.8274030685424805,0.7283267974853516
15,367,83.38347625732422,249.91281127929688,1.946406602859497,0.9431267976760864,1.2176733016967773
15,368,81.47023010253906,275.06890869140625,1.7987780570983887,1.4971799850463867,0.8723602294921875
15,369,99.83587646484375,306.3814697265625,2.306591033935547,1.4871386289596558,1.0057315826416016
15,370,101.36907958984375,399.8048400878906,2.0462863445281982,1.2924937009811401,1.3933687210083008
15,371,101.16015625,397.8551025390625,2.0458216667175293,1.2772226333618164,1.2053070068359375
15,372,102.46339416503906,441.86767578125,1.942554235458374,1.4477699995040894,1.5098562240600586
15,373,98.74485778808594,362.5963134765625,2.082840919494629,1.2850345373153687,1.1322345733642578
15,374,118.69915771484375,651.3601684570312,1.785438060760498,1.0611015558242798,1.9532480239868164
15,375,139.20156860351562,858.4120483398438,1.7786786556243896,2.050621747970581,1.6132688522338867
15,376,118.00856018066406,529.4698486328125,2.1687192916870117,1.5238513946533203,1.1496543884277344
15,377,126.49567413330078,579.1467895507812,2.2860331535339355,1.3038909435272217,1.6060829162597656
15,378,85.576416015625,245.63323974609375,2.0337698459625244,1.0254347324371338,0.9530487060546875
15,379,87.91067504882812,264.6299743652344,2.0482559204101562,1.495185375213623,1.2280082702636719
15,380,96.93203735351562,371.7584228515625,1.991873025894165,1.3768980503082275,1.188441276550293
15,381,96.94910430908203,402.07373046875,1.8913910388946533,1.3500837087631226,1.3628168106079102
15,382,104.79912567138672,449.5494384765625,1.9948060512542725,1.1235861778259277,1.2493343353271484
15,383,97.06913757324219,411.40997314453125,1.8642711639404297,1.326077938079834,1.451681137084961
15,384,100.54597473144531,461.2016296386719,1.8141937255859375,1.7392945289611816,1.4196510314941406
15,385,110.51780700683594,532.2954711914062,1.9096087217330933,1.531850814819336,1.5142860412597656
15,386,95.74858093261719,415.71246337890625,1.8059109449386597,1.4177510738372803,1.2762527465820312
15,387,92.34943389892578,244.20053100585938,2.264312744140625,1.4326895475387573,0.8648414611816406
15,388,115.86671447753906,596.496826171875,1.873901128768921,1.5913946628570557,1.0991897583007812
15,389,91.88630676269531,330.13226318359375,1.9624359607696533,1.2391996383666992,1.106572151184082
15,390,83.3039779663086,271.4546813964844,1.8719502687454224,1.110069751739502,1.1569175720214844
15,391,119.66738891601562,530.0447387695312,2.2220969200134277,1.7610962390899658,1.2147445678710938
15,392,89.76993560791016,270.9751281738281,2.089080810546875,1.0771780014038086,1.256321907043457
15,393,100.65668487548828,355.4080810546875,2.1705291271209717,1.0960808992385864,1.016251564025879
15,394,82.12156677246094,284.206787109375,1.790029525756836,1.3606476783752441,0.8994436264038086
15,395,128.8396453857422,706.2376708984375,1.9405291080474854,1.9135559797286987,0.8029489517211914
15,396,108.28545379638672,480.07818603515625,2.0092544555664062,1.6776682138442993,1.0823774337768555
15,397,85.16337585449219,352.4778747558594,1.6638529300689697,1.2812271118164062,1.2604093551635742
15,398,92.7625732421875,341.6100158691406,1.953385829925537,1.314942717552185,1.1623096466064453
15,399,99.00285339355469,462.556640625,1.75823974609375,1.0778566598892212,1.2291746139526367
15,400,72.65728759765625,248.76486206054688,1.5926933288574219,1.036422848701477,1.1482172012329102
15,401,89.14806365966797,248.13275146484375,2.1444928646087646,0.9707611799240112,0.7648324966430664
15,402,106.00480651855469,504.52532958984375,1.8517425060272217,1.6235766410827637,1.2245635986328125
15,403,86.65634155273438,314.9753112792969,1.8386268615722656,1.113513469696045,1.2720279693603516
15,404,87.29658508300781,290.15386962890625,1.94270658493042,1.3550692796707153,1.1602373123168945
15,405,77.68048858642578,248.95921325683594,1.7594856023788452,1.3102681636810303,0.8695735931396484
15,406,108.75199890136719,487.3832702636719,2.000455856323242,1.7600106000900269,1.167337417602539
15,407,77.80106353759766,248.16656494140625,1.7661470174789429,1.3045393228530884,1.0698232650756836
15,408,74.72633361816406,211.4803924560547,1.7859430313110352,0.8715970516204834,1.028254508972168
15,409,112.29176330566406,552.7883911132812,1.9004307985305786,1.65787935256958,0.9022388458251953
15,410,103.83322143554688,464.7337646484375,1.9119946956634521,1.72556734085083,1.3642387390136719
15,411,99.39195251464844,456.4489440917969,1.7915687561035156,1.548716425895691,1.1548881530761719
15,412,102.67489624023438,370.5860290527344,2.1872098445892334,1.1588279008865356,1.2279691696166992
15,413,83.21783447265625,244.43447875976562,1.95914626121521,1.071852684020996,0.9104824066162109
15,414,97.53665161132812,396.86859130859375,1.9283263683319092,1.4604592323303223,1.2371711730957031
15,415,107.26103973388672,480.8611755371094,1.9724974632263184,1.5939700603485107,1.2480535507202148
15,416,202.50332641601562,1375.5985107421875,2.1647820472717285,2.707010269165039,1.0285568237304688
15,417,80.99715423583984,287.1845703125,1.7426230907440186,1.163976788520813,1.0894880294799805
15,418,108.3771743774414,488.70831298828125,1.9835448265075684,1.7007191181182861,1.2140264511108398
15,419,109.92840576171875,500.1146240234375,1.9972314834594727,1.3396024703979492,1.2522268295288086
15,420,117.64283752441406,588.5161743164062,1.959707260131836,2.253756523132324,1.1330881118774414
15,421,81.68901062011719,321.0450744628906,1.652816891670227,1.3620575666427612,1.2079057693481445
15,422,92.49662780761719,364.2739562988281,1.8689744472503662,1.533907175064087,1.3134984970092773
15,423,74.95152282714844,213.7030487060547,1.7860405445098877,1.3744275569915771,0.6999139785766602
15,424,100.00621795654297,289.11468505859375,2.3698248863220215,1.4034984111785889,1.088705062866211
15,425,110.0682373046875,503.1985168457031,1.9916130304336548,1.1526575088500977,1.7400922775268555
15,426,129.2490234375,725.5067138671875,1.8899452686309814,1.8201866149902344,1.012725830078125
15,427,84.86746215820312,246.0439453125,2.0087687969207764,1.2175259590148926,1.2058992385864258
15,428,88.39459228515625,228.8463134765625,2.1836655139923096,1.0880706310272217,0.9489583969116211
15,429,87.98704528808594,339.372802734375,1.8016587495803833,1.513155460357666,1.280228614807129
15,430,87.83184814453125,345.6831359863281,1.7754511833190918,1.491368293762207,1.1279706954956055
15,431,95.51220703125,337.48455810546875,2.0587916374206543,0.9881230592727661,1.4727392196655273
15,432,109.00160217285156,527.57421875,1.8748059272766113,1.566625714302063,1.5342073440551758
15,433,116.27723693847656,585.3924560546875,1.924599528312683,1.8843706846237183,1.1341228485107422
15,434,101.10023498535156,379.2040710449219,2.10599422454834,1.7526847124099731,0.9694061279296875
15,435,72.03976440429688,200.06668090820312,1.7344365119934082,0.9962249994277954,1.0313482284545898
15,436,97.49412536621094,388.38568115234375,1.955185055732727,1.182438611984253,1.0600395202636719
15,437,102.34561157226562,453.43939208984375,1.9000555276870728,1.70660400390625,1.2603940963745117
15,438,92.43093872070312,393.2906494140625,1.7700623273849487,1.1372382640838623,1.3582029342651367
15,439,95.94136047363281,390.85504150390625,1.8951951265335083,1.2746648788452148,1.6133127212524414
15,440,98.87886810302734,402.339111328125,1.954831838607788,1.8994390964508057,0.8610410690307617
15,441,101.3669204711914,377.6130065917969,2.120187282562256,1.393148422241211,1.134709358215332
15,442,92.03655242919922,382.594482421875,1.7925701141357422,1.2838480472564697,1.5574455261230469
15,443,77.09855651855469,176.636962890625,1.9811618328094482,0.8356913328170776,0.8182907104492188
15,444,122.13328552246094,619.2864990234375,2.0068211555480957,1.5683259963989258,1.2620658874511719
15,445,86.12548828125,316.189208984375,1.8168855905532837,1.096299171447754,1.1287031173706055
15,446,111.65312194824219,462.17620849609375,2.181183338165283,1.9946563243865967,1.2518072128295898
15,447,79.23274993896484,216.50677490234375,1.9194023609161377,1.2555553913116455,0.8487310409545898
15,448,104.59994506835938,367.59234619140625,2.261356830596924,1.4835714101791382,1.092508316040039
15,449,86.9909439086914,259.5036315917969,2.0346860885620117,1.3335845470428467,0.8484859466552734
15,450,77.38972473144531,287.6129455566406,1.6209475994110107,1.25257408618927,1.0187129974365234
15,451,92.41282653808594,340.33355712890625,1.9459823369979858,1.517049789428711,0.9006662368774414
15,452,145.7275848388672,874.0578002929688,1.9440598487854004,2.365729570388794,0.6534795761108398
15,453,92.58737182617188,338.5077819824219,1.9578864574432373,1.3973932266235352,1.0254449844360352
15,454,105.0457763671875,484.9276123046875,1.8851004838943481,1.6151530742645264,1.2583465576171875
15,455,95.63117980957031,401.39129638671875,1.8497350215911865,1.4725215435028076,1.4030323028564453
15,456,103.3484878540039,395.14520263671875,2.1277987957000732,1.8591711521148682,1.0153083801269531
15,457,92.91590881347656,314.2861328125,2.0495765209198,1.2450724840164185,1.081364631652832
15,458,78.61750793457031,287.013916015625,1.6638705730438232,1.2462081909179688,1.1352386474609375
15,459,97.29672241210938,375.03466796875,1.9931086301803589,1.1207969188690186,1.2293195724487305
15,460,196.0868682861328,1371.5374755859375,1.964437484741211,2.2491183280944824,1.350386619567871
15,461,115.9890365600586,573.3790283203125,1.9550378322601318,1.5951945781707764,1.0417070388793945
15,462,80.13919067382812,209.8417205810547,1.9718339443206787,1.1438584327697754,0.7967185974121094
15,463,88.02902221679688,265.1346130371094,2.050518751144409,1.2010655403137207,0.9230775833129883
15,464,97.93180847167969,400.8721923828125,1.9281529188156128,1.40902841091156,1.3159284591674805
15,465,106.32699584960938,412.32745361328125,2.1698083877563477,1.3952734470367432,1.259958267211914
15,466,146.3321533203125,824.5140991210938,2.1293580532073975,1.8036417961120605,1.6394386291503906
15,467,82.32977294921875,231.2591552734375,1.9734618663787842,1.275588035583496,0.7996492385864258
15,468,88.55244445800781,327.3181457519531,1.8606876134872437,1.0823094844818115,0.9249811172485352
15,469,94.57382202148438,386.45843505859375,1.8642657995224,1.3620961904525757,1.1899652481079102
15,470,92.02310180664062,293.4162292480469,2.0893826484680176,1.156921148300171,1.1394720077514648
15,471,112.78556060791016,564.48291015625,1.8779089450836182,1.3485199213027954,1.4843664169311523
15,472,88.12246704101562,346.3587951660156,1.7828863859176636,0.9590927958488464,1.3454618453979492
15,473,77.42133331298828,225.684326171875,1.828429937362671,1.1806050539016724,1.0641155242919922
15,474,94.64968872070312,332.77752685546875,2.04573130607605,1.3197376728057861,1.1271133422851562
15,475,96.53373718261719,364.3421630859375,2.003317356109619,1.325814962387085,1.0092096328735352
15,476,95.6160888671875,331.8193359375,2.0811383724212646,1.401341199874878,0.9190759658813477
15,477,86.48240661621094,323.7406005859375,1.8036115169525146,1.4645099639892578,1.1425857543945312
15,478,88.14898681640625,341.8902893066406,1.7986650466918945,1.3974707126617432,0.8393468856811523
15,479,89.02986907958984,264.3581848144531,2.08646821975708,1.1719046831130981,1.1969633102416992
15,480,92.31712341308594,323.1864318847656,1.999949336051941,1.2789969444274902,1.0975847244262695
15,481,85.24075317382812,286.0319519042969,1.8879185914993286,1.3507474660873413,0.9129056930541992
15,482,76.75852966308594,246.17312622070312,1.7380406856536865,1.164344072341919,0.6600685119628906
15,483,214.56246948242188,1488.44287109375,2.190606117248535,2.4685144424438477,1.015005111694336
15,484,81.3948974609375,307.6844482421875,1.6875483989715576,1.1917955875396729,1.0315771102905273
15,485,97.69622802734375,346.73883056640625,2.1007447242736816,1.1241390705108643,1.1691713333129883
15,486,90.15351867675781,341.38348388671875,1.8671724796295166,1.4880897998809814,0.7860345840454102
15,487,79.80950927734375,303.0865783691406,1.6500282287597656,1.4482907056808472,1.0671873092651367
15,488,87.32302856445312,299.58905029296875,1.912137508392334,1.2381867170333862,1.0945043563842773
15,489,82.43572998046875,264.5440673828125,1.8660439252853394,1.118748664855957,0.8841495513916016
15,490,104.3221435546875,500.3740539550781,1.8094912767410278,1.7825219631195068,1.1602602005004883
15,491,95.61448669433594,424.22760009765625,1.7730575799942017,1.550503134727478,1.241816520690918
15,492,105.51423645019531,477.11529541015625,1.926756739616394,1.1265156269073486,1.4567832946777344
15,493,95.91637420654297,381.86773681640625,1.9243199825286865,1.6861499547958374,0.9648380279541016
15,494,111.94688415527344,471.6424255371094,2.159421443939209,1.8740652799606323,1.1694269180297852
15,495,95.13692474365234,412.8490295410156,1.795067310333252,1.8093621730804443,0.7888898849487305
15,496,80.26152801513672,240.68104553222656,1.8731141090393066,1.0462247133255005,1.1553306579589844
15,497,138.0015106201172,845.1666259765625,1.7828283309936523,2.1495437622070312,0.7918643951416016
15,498,96.62173461914062,353.9189758300781,2.040994644165039,1.3787522315979004,1.0755510330200195
15,499,79.22514343261719,238.0541534423828,1.8473241329193115,1.262030839920044,1.0307121276855469
15,500,106.20539093017578,445.443603515625,2.0553677082061768,1.593242883682251,1.1703662872314453
15,501,111.80119323730469,541.8681640625,1.92047917842865,1.5059514045715332,1.2053871154785156
15,502,104.06887817382812,359.720703125,2.2698936462402344,1.748967170715332,1.1844406127929688
15,503,111.58975982666016,512.3062133789062,2.0119712352752686,1.7146397829055786,1.2023992538452148
15,504,67.00883483886719,166.614501953125,1.6782461404800415,0.809179425239563,1.1641578674316406
15,505,121.10733032226562,515.803466796875,2.317566156387329,1.8230552673339844,1.089430809020996
15,506,74.64764404296875,223.14268493652344,1.7444459199905396,1.3446044921875,0.8507747650146484
15,507,137.04168701171875,773.2224731445312,1.990647792816162,1.9497063159942627,2.084883689880371
15,508,118.99725341796875,544.055908203125,2.153055429458618,1.9838807582855225,1.2059764862060547
15,509,89.6013412475586,279.4747009277344,2.055129051208496,1.1456221342086792,1.1655292510986328
15,510,105.39517211914062,469.72918701171875,1.9474084377288818,1.3441250324249268,1.3427019119262695
15,511,91.1034927368164,340.1233215332031,1.9030386209487915,1.4831442832946777,1.0173149108886719
15,512,76.6490249633789,216.0752410888672,1.8347166776657104,0.9608897566795349,1.2682104110717773
15,513,94.69369506835938,415.6402587890625,1.770988941192627,1.2107093334197998,1.2351465225219727
15,514,102.17471313476562,442.2556457519531,1.931638240814209,2.0938987731933594,0.9729328155517578
15,515,85.76793670654297,280.24334716796875,1.9247868061065674,1.1605455875396729,1.011444091796875
15,516,95.2458724975586,367.9230041503906,1.948452353477478,1.3514788150787354,1.0247278213500977
15,517,99.72486114501953,294.33538818359375,2.3430440425872803,1.4292311668395996,0.8443775177001953
15,518,104.64791107177734,448.7742004394531,1.992349624633789,1.8195433616638184,0.6699790954589844
15,519,93.90788269042969,333.82562255859375,2.017510414123535,0.9105068445205688,1.425581932067871
15,520,94.33145141601562,377.3605651855469,1.8865129947662354,1.451621651649475,1.2091903686523438
15,521,92.53256225585938,309.88037109375,2.0514841079711914,1.330509066581726,1.0252199172973633
15,522,86.790283203125,333.26397705078125,1.7821295261383057,1.5067684650421143,1.258559226989746
15,523,172.32846069335938,1085.9283447265625,2.124520778656006,2.6343092918395996,1.275193214416504
15,524,92.46087646484375,386.4286193847656,1.793933629989624,1.4085721969604492,1.2752323150634766
15,525,117.28849029541016,597.4909057617188,1.9179799556732178,1.9484816789627075,0.9252433776855469
15,526,100.21809387207031,417.3215637207031,1.949531078338623,1.2523417472839355,1.4619035720825195
15,527,119.44447326660156,666.3670654296875,1.7602589130401611,1.8854892253875732,1.7416305541992188
15,528,119.02201843261719,696.8853759765625,1.6444493532180786,1.9984372854232788,1.271388053894043
15,529,78.63270568847656,196.07557678222656,1.9675049781799316,1.1037546396255493,0.7897682189941406
15,530,88.41495513916016,303.81634521484375,1.9344439506530762,1.2356013059616089,1.006948471069336
15,531,139.33493041992188,783.508544921875,2.0328028202056885,1.8975001573562622,1.6067590713500977
15,532,96.9659423828125,364.8683166503906,2.015970468521118,1.7214887142181396,0.9373130798339844
15,533,110.13262939453125,488.2922668457031,2.0434467792510986,1.4224507808685303,1.461456298828125
15,534,129.42320251464844,707.5426635742188,1.9556312561035156,2.23624324798584,0.969660758972168
15,535,110.89730834960938,388.6850891113281,2.4009597301483154,1.6518604755401611,1.1573896408081055
15,536,87.60489654541016,266.62701416015625,2.0314064025878906,1.2388919591903687,1.1193923950195312
15,537,96.30805969238281,377.92633056640625,1.9505140781402588,1.0182230472564697,1.4845209121704102
15,538,345.984375,2845.71240234375,2.0471043586730957,3.214517116546631,1.1720876693725586
15,539,96.54093933105469,356.3717346191406,2.030125617980957,0.8857159614562988,1.6281938552856445
15,540,108.28173828125,383.924072265625,2.3296444416046143,1.4900163412094116,1.107985496520996
15,541,103.34002685546875,499.6118469238281,1.7792948484420776,1.7142425775527954,1.1426820755004883
15,542,77.55147552490234,222.7569580078125,1.8425259590148926,1.0063936710357666,0.6609354019165039
15,543,144.57537841796875,815.58544921875,2.1005611419677734,2.1615102291107178,1.227804183959961
15,544,85.35771942138672,295.7620849609375,1.8593837022781372,0.9532158970832825,1.0815095901489258
15,545,100.11003112792969,317.7698974609375,2.2777678966522217,1.1424176692962646,0.914860725402832
15,546,86.77352905273438,320.1455993652344,1.82529878616333,1.2034534215927124,1.1765966415405273
15,547,88.8983154296875,369.82421875,1.73052978515625,1.521341323852539,1.0453872680664062
15,548,109.40225219726562,463.400390625,2.102073907852173,1.553990125656128,0.9563655853271484
15,549,77.32921600341797,265.5106201171875,1.6926050186157227,1.263514757156372,0.8671140670776367
15,550,82.87870025634766,297.2852783203125,1.771672248840332,1.1435942649841309,0.7125520706176758
15,551,79.5662841796875,279.54071044921875,1.720407247543335,1.417525291442871,0.9564065933227539
15,552,102.98431396484375,540.85205078125,1.6299703121185303,1.585849642753601,1.4597539901733398
15,553,89.8258056640625,377.2890625,1.7365632057189941,1.1956660747528076,1.150726318359375
15,554,109.34871673583984,530.0015869140625,1.8782851696014404,1.5237330198287964,1.2202892303466797
15,555,129.19720458984375,653.3400268554688,2.1287729740142822,1.4573036432266235,1.61175537109375
15,556,94.91256713867188,382.2101745605469,1.8897184133529663,1.6548711061477661,1.1317329406738281
15,557,96.15992736816406,416.9997863769531,1.8153318166732788,1.370684027671814,1.292165756225586
15,558,89.35198211669922,303.1197204589844,1.9680004119873047,1.2720873355865479,1.0627012252807617
15,559,87.66583251953125,256.7672119140625,2.0663037300109863,1.1576769351959229,0.9557180404663086
15,560,91.44767761230469,346.76910400390625,1.8923590183258057,1.178077220916748,1.4590463638305664
15,561,112.35513305664062,541.67333984375,1.9395930767059326,1.3832223415374756,1.226994514465332
15,562,77.01372528076172,240.9104766845703,1.7640893459320068,1.1421908140182495,1.0184106826782227
15,563,121.15931701660156,545.4606323242188,2.220442056655884,1.6797232627868652,1.0494728088378906
15,564,86.87432098388672,312.69537353515625,1.8534928560256958,1.1808738708496094,1.0787076950073242
15,565,97.31885528564453,436.7632141113281,1.7880843877792358,1.4849166870117188,1.100006103515625
15,566,116.19385528564453,599.8228759765625,1.8737188577651978,1.709922194480896,0.9964838027954102
15,567,93.11968994140625,339.2223815917969,1.9732482433319092,1.4589645862579346,1.0605525970458984
15,568,99.93609619140625,384.6422119140625,2.049062490463257,1.7448676824569702,1.164412498474121
15,569,84.06436157226562,249.8663330078125,1.9692575931549072,1.1238059997558594,1.0799856185913086
15,570,154.4890899658203,933.3640747070312,2.0384225845336914,2.291076898574829,1.058004379272461
15,571,73.120849609375,195.2205047607422,1.7866265773773193,1.0434720516204834,0.8375005722045898
15,572,79.87065887451172,275.63623046875,1.743567943572998,1.1872608661651611,1.0289459228515625
15,573,108.03904724121094,516.1376953125,1.8808425664901733,1.9143013954162598,1.2805728912353516
15,574,134.5995635986328,728.2741088867188,2.0590715408325195,1.960006833076477,1.8758087158203125
15,575,83.70664978027344,231.4731903076172,2.018644332885742,1.0650485754013062,0.9733772277832031
15,576,97.56060791015625,362.7088623046875,2.0429909229278564,1.4454188346862793,1.0091047286987305
15,577,103.62161254882812,448.69769287109375,1.9583946466445923,1.7490689754486084,1.0333929061889648
15,578,82.87714385986328,262.89837646484375,1.886243462562561,1.3047964572906494,1.0026435852050781
15,579,83.28218078613281,285.95220947265625,1.8228986263275146,1.1973538398742676,1.0250167846679688
15,580,91.17929077148438,296.998291015625,2.0493152141571045,1.0177228450775146,0.9261531829833984
15,581,78.1605224609375,199.54745483398438,1.940192699432373,1.222290277481079,0.8739566802978516
15,582,110.08863067626953,449.63262939453125,2.1708455085754395,1.8744240999221802,1.1747369766235352
15,583,71.38424682617188,199.44830322265625,1.7146471738815308,0.9902613162994385,0.8861713409423828
15,584,120.744873046875,670.15234375,1.7909879684448242,1.8105965852737427,0.7808284759521484
15,585,92.48455047607422,308.7428283691406,2.053675651550293,1.597979187965393,0.8152589797973633
15,586,89.5479965209961,372.77276611328125,1.7423572540283203,1.6806018352508545,0.9686498641967773
15,587,142.27633666992188,743.1087646484375,2.2655153274536133,2.3876047134399414,1.344285011291504
15,588,85.2760009765625,326.0737609863281,1.7556209564208984,1.6129229068756104,0.9157428741455078
15,589,107.82328796386719,507.6333923339844,1.9019982814788818,1.6223993301391602,1.3006458282470703
15,590,93.2269287109375,316.51495361328125,2.0525145530700684,1.4068272113800049,1.1196861267089844
15,591,94.63188934326172,320.9825134277344,2.0844545364379883,1.3705129623413086,1.0938682556152344
15,592,89.70047760009766,300.2779541015625,1.9890894889831543,1.465891718864441,0.8492116928100586
15,593,98.15869903564453,340.6462097167969,2.1364693641662598,1.6324433088302612,0.831024169921875
15,594,91.35880279541016,185.56298828125,2.4267501831054688,1.1937617063522339,0.9239120483398438
15,595,67.90267181396484,222.2247772216797,1.5226731300354004,1.239266276359558,0.9139509201049805
15,596,88.3585433959961,244.89637756347656,2.1289634704589844,1.4771448373794556,0.950047492980957
15,597,69.1480941772461,181.94076538085938,1.6984672546386719,0.939730703830719,0.8399467468261719
15,598,91.98682403564453,349.23114013671875,1.9021236896514893,1.3575314283370972,1.290914535522461
15,599,93.66223907470703,351.07342529296875,1.9518299102783203,1.4803073406219482,1.0491294860839844
15,600,100.18108367919922,401.29296875,2.0017261505126953,1.360586404800415,0.9262914657592773
15,601,95.63310241699219,453.1932373046875,1.6771259307861328,1.5521149635314941,1.1823644638061523
15,602,87.74984741210938,264.41339111328125,2.043617010116577,1.0139286518096924,0.8907670974731445
15,603,84.71639251708984,291.76361083984375,1.8513343334197998,1.2131332159042358,1.141505241394043
15,604,95.90867614746094,384.3151550292969,1.915905237197876,1.3687314987182617,1.1158924102783203
15,605,161.70562744140625,985.8545532226562,2.104005813598633,2.176201581954956,0.8487091064453125
15,606,109.06584167480469,482.677978515625,2.0266013145446777,1.7051365375518799,1.3428306579589844
15,607,88.10234069824219,314.8418273925781,1.8872720003128052,1.384296178817749,0.9633502960205078
15,608,78.70079803466797,217.64215087890625,1.897886037826538,1.1816357374191284,0.8621625900268555
15,609,127.54481506347656,624.340087890625,2.1703600883483887,1.7394747734069824,1.476114273071289
15,610,91.07852935791016,355.39697265625,1.8512942790985107,1.438812017440796,1.2727699279785156
15,611,107.17471313476562,410.0320739746094,2.205717086791992,1.353309154510498,1.4174232482910156
15,612,94.72990417480469,329.9576110839844,2.057804584503174,1.5589332580566406,0.8181333541870117
15,613,88.76016235351562,323.6246337890625,1.8799233436584473,1.239943504333496,0.9304485321044922
15,614,99.5647201538086,402.9314270019531,1.9757192134857178,1.1947879791259766,1.547205924987793
15,615,72.69902801513672,237.60623168945312,1.6312801837921143,1.0966882705688477,0.42584800720214844
15,616,74.84927368164062,168.40090942382812,1.9336392879486084,0.9350327253341675,0.7856512069702148
15,617,90.47055053710938,329.50445556640625,1.9173368215560913,1.3635855913162231,0.9926528930664062
15,618,73.03450775146484,219.61550903320312,1.7024319171905518,1.3110963106155396,0.9448919296264648
15,619,75.20758056640625,211.1037139892578,1.8032402992248535,1.2014795541763306,0.6130075454711914
15,620,78.19927978515625,222.03558349609375,1.8665239810943604,1.110663890838623,0.7810096740722656
15,621,88.9612808227539,228.61398315429688,2.203329563140869,1.1425968408584595,1.0152473449707031
15,622,82.69091796875,340.71417236328125,1.620650053024292,1.2667226791381836,1.2524728775024414
15,623,89.33338928222656,331.2091369628906,1.8737492561340332,1.5516092777252197,1.062870979309082
15,624,83.25664520263672,275.3084716796875,1.8575265407562256,1.0002033710479736,1.1784095764160156
15,625,103.98818969726562,482.1179504394531,1.85921311378479,1.6233375072479248,1.0932950973510742
15,626,78.39361572265625,239.71449279785156,1.8140721321105957,1.1808159351348877,0.8417415618896484
15,627,83.07861328125,267.8739929199219,1.8763737678527832,1.390714406967163,0.8061685562133789
15,628,108.66597747802734,484.02569580078125,2.0087802410125732,1.5199379920959473,1.3482608795166016
15,629,105.58150482177734,438.4830322265625,2.0577733516693115,1.5528113842010498,1.0387334823608398
15,630,144.56454467773438,775.3377685546875,2.234358787536621,2.0892691612243652,1.336125373840332
15,631,116.6568603515625,604.62158203125,1.8731569051742554,1.685927391052246,1.3336553573608398
15,632,92.6317138671875,322.89117431640625,2.0114197731018066,1.2094857692718506,1.0496740341186523
15,633,108.84820556640625,481.3351135253906,2.0238232612609863,1.5830488204956055,1.738652229309082
15,634,102.21438598632812,463.05145263671875,1.8636412620544434,1.6877200603485107,0.9173440933227539
15,635,98.00042724609375,382.03466796875,1.993232011795044,1.2542967796325684,1.106623649597168
15,636,86.03511047363281,353.35919189453125,1.6899731159210205,1.0773624181747437,1.3951921463012695
15,637,94.48895263671875,478.9080810546875,1.5532714128494263,1.1687712669372559,1.5780563354492188
15,638,87.63363647460938,324.26251220703125,1.8402462005615234,1.2597618103027344,0.9864091873168945
15,639,80.05366516113281,328.15069580078125,1.5746196508407593,1.28761625289917,1.2414875030517578
15,640,93.46820068359375,368.6729736328125,1.8866965770721436,1.3483564853668213,1.3930606842041016
15,641,97.1055908203125,343.8025817871094,2.0908443927764893,1.4513249397277832,1.117767333984375
15,642,104.65634155273438,433.33905029296875,2.044081211090088,1.6038020849227905,0.9558582305908203
15,643,76.41989135742188,224.48348999023438,1.7990514039993286,1.3180748224258423,0.9380578994750977
15,644,87.75670623779297,269.6324462890625,2.0264487266540527,1.273187279701233,1.136612892150879
15,645,96.85629272460938,389.88079833984375,1.9289405345916748,1.2360284328460693,1.2910966873168945
15,646,78.16970825195312,266.0481262207031,1.7188297510147095,1.0848443508148193,1.0503654479980469
15,647,84.0094985961914,230.32908630371094,2.03255295753479,0.9023676514625549,0.9086809158325195
15,648,91.45714569091797,357.39093017578125,1.8572684526443481,1.4533836841583252,1.0479555130004883
15,649,106.23797607421875,527.7390747070312,1.7821354866027832,1.640389323234558,1.1431827545166016
15,650,86.52751159667969,311.3089599609375,1.8465538024902344,1.3386952877044678,1.163008689880371
15,651,119.94438171386719,626.208740234375,1.9107835292816162,1.6583878993988037,1.4708023071289062
15,652,96.12411499023438,342.1005554199219,2.0638017654418945,1.3772200345993042,1.1627206802368164
15,653,84.35147094726562,305.6003723144531,1.7930477857589722,1.1398253440856934,1.1534404754638672
15,654,117.32398986816406,567.9561157226562,2.0176124572753906,1.715917706489563,1.0862054824829102
15,655,90.50696563720703,244.37405395507812,2.2023186683654785,1.2271127700805664,1.1086187362670898
15,656,102.56192016601562,389.12255859375,2.1216554641723633,1.286458969116211,1.327427864074707
15,657,162.60479736328125,1073.513671875,1.8417805433273315,2.2137532234191895,1.260324478149414
15,658,153.9638671875,928.66015625,2.036594867706299,2.3596701622009277,1.2797784805297852
15,659,86.30422973632812,303.69378662109375,1.864495038986206,1.6212295293807983,0.8446817398071289
15,660,145.89073181152344,808.3372802734375,2.1685667037963867,2.2566702365875244,1.0527267456054688
15,661,99.75054931640625,397.04083251953125,2.0015487670898438,1.7359600067138672,0.8463983535766602
15,662,106.31964874267578,476.26708984375,1.956431269645691,1.5697333812713623,1.0577077865600586
15,663,85.1393051147461,281.7579345703125,1.898783564567566,1.5416932106018066,0.5975170135498047
15,664,83.75616455078125,380.40234375,1.5238642692565918,1.6108042001724243,0.8864459991455078
15,665,95.86212921142578,421.70281982421875,1.7897281646728516,1.7544493675231934,1.1370487213134766
15,666,100.79617309570312,339.697021484375,2.2275490760803223,1.1282415390014648,1.188981056213379
15,667,99.02206420898438,441.9173583984375,1.8276773691177368,1.513765573501587,1.7054128646850586
15,668,138.78123474121094,813.182373046875,1.915433406829834,2.5849485397338867,1.2927532196044922
15,669,95.02690124511719,276.936279296875,2.2444424629211426,1.406542420387268,1.0176877975463867
15,670,85.9294662475586,278.9726867675781,1.9344065189361572,1.4345359802246094,0.8224477767944336
15,671,108.53868103027344,457.6409606933594,2.0924861431121826,1.7220078706741333,1.1387290954589844
15,672,167.3513946533203,1096.9525146484375,1.921871542930603,2.473827838897705,0.9526233673095703
15,673,83.19070434570312,311.723876953125,1.7339439392089844,1.1469018459320068,1.1369647979736328
15,674,80.54161071777344,234.34405517578125,1.9035736322402954,1.2016819715499878,0.9656209945678711
15,675,97.62820434570312,381.88397216796875,1.9813270568847656,1.319136142730713,1.1073722839355469
15,676,201.99896240234375,1482.7579345703125,1.7907719612121582,2.258090019226074,1.3709297180175781
15,677,97.63257598876953,375.3746032714844,2.0031704902648926,1.619383692741394,1.0294733047485352
15,678,82.590576171875,289.3314208984375,1.7885812520980835,1.3439698219299316,1.0015506744384766
15,679,107.56945037841797,436.8810119628906,2.129378318786621,1.6233797073364258,1.3492956161499023
15,680,94.36128234863281,388.12744140625,1.8516180515289307,0.986176073551178,1.1293201446533203
15,681,118.12010955810547,674.0491943359375,1.6905062198638916,1.8879461288452148,1.1726112365722656
15,682,86.48393249511719,263.0025634765625,2.006122589111328,1.373681902885437,0.9037981033325195
15,683,85.32401275634766,368.359130859375,1.6162699460983276,1.6941125392913818,0.9154043197631836
15,684,105.34551239013672,444.4349670410156,2.030067205429077,1.6934878826141357,1.1503124237060547
15,685,93.7071533203125,307.8277587890625,2.0974793434143066,1.327923059463501,1.1886720657348633
15,686,136.95004272460938,745.9620971679688,2.078460693359375,1.8659027814865112,1.2804441452026367
15,687,120.29704284667969,558.455322265625,2.148383617401123,1.5896155834197998,1.320042610168457
15,688,91.82372283935547,229.67335510253906,2.295212745666504,1.0370326042175293,0.8942642211914062
15,689,113.41964721679688,527.3068237304688,2.022965431213379,2.122495174407959,1.1119470596313477
15,690,157.79617309570312,1051.3377685546875,1.755413293838501,2.439725875854492,1.119053840637207
15,691,94.33084106445312,354.0623779296875,1.9641532897949219,1.4932153224945068,0.8606338500976562
15,692,80.09380340576172,235.80361938476562,1.8837814331054688,1.073380708694458,0.9337358474731445
15,693,83.77151489257812,263.18487548828125,1.9151008129119873,1.258088231086731,1.0982065200805664
15,694,116.02605438232422,618.0306396484375,1.8074328899383545,1.6827294826507568,1.2751150131225586
15,695,95.55376434326172,353.26568603515625,2.007573127746582,1.1071152687072754,1.321568489074707
15,696,76.08785247802734,207.6916961669922,1.8439559936523438,0.9516457319259644,0.6436882019042969
15,697,109.1221923828125,492.62188720703125,1.9953334331512451,1.2295527458190918,0.9272499084472656
15,698,111.24885559082031,485.08099365234375,2.0913584232330322,1.605699896812439,1.2711153030395508
15,699,75.82058715820312,189.6630096435547,1.8951427936553955,1.2181771993637085,0.6989278793334961
15,700,82.00238037109375,299.7498779296875,1.7342464923858643,1.2188427448272705,1.1778764724731445
15,701,73.39981079101562,211.9332275390625,1.7402163743972778,0.780987024307251,0.9806756973266602
15,702,87.98219299316406,274.93609619140625,2.0162858963012695,1.2433876991271973,0.7952308654785156
15,703,106.42791748046875,379.5946044921875,2.2822816371917725,1.5216076374053955,1.2148942947387695
15,704,383.1845703125,3303.337890625,1.7616920471191406,3.3038554191589355,1.0119009017944336
15,705,119.53483581542969,592.295654296875,2.0101757049560547,1.5630345344543457,1.3389978408813477
15,706,108.51054382324219,437.3893127441406,2.1590538024902344,1.3197863101959229,1.5223493576049805
15,707,170.10548400878906,1031.228759765625,2.2327535152435303,2.107203722000122,1.1826791763305664
15,708,83.79010772705078,280.26873779296875,1.8587744235992432,1.4768922328948975,0.8701257705688477
15,709,100.77937316894531,448.861083984375,1.8631088733673096,1.820197343826294,1.243901252746582
15,710,88.49037170410156,360.219970703125,1.7489458322525024,1.3925814628601074,1.283005714416504
15,711,109.68000793457031,490.50213623046875,2.020993232727051,1.6399993896484375,1.2338886260986328
15,712,95.3291015625,317.6929931640625,2.1186599731445312,1.1084471940994263,1.2566242218017578
15,713,87.4000473022461,292.2200927734375,1.939267873764038,1.4105069637298584,0.8673267364501953
15,714,94.08796691894531,323.98321533203125,2.056321620941162,1.236618995666504,1.1736669540405273
15,715,106.24310302734375,519.8245849609375,1.8086881637573242,1.8238229751586914,0.9325122833251953
15,716,87.52227020263672,350.17132568359375,1.7501713037490845,1.326897382736206,1.3117694854736328
15,717,100.23849487304688,424.2863464355469,1.9269952774047852,1.4928081035614014,1.1373348236083984
15,718,102.50003814697266,399.3502197265625,2.085500478744507,1.6378626823425293,1.0438308715820312
15,719,97.98434448242188,431.435791015625,1.828025460243225,1.386049509048462,1.4641542434692383
15,720,83.86027526855469,304.42596435546875,1.7805893421173096,1.3788387775421143,1.1016292572021484
15,721,120.69241333007812,646.7994384765625,1.8670823574066162,1.4544703960418701,1.8791866302490234
15,722,76.73473358154297,229.056396484375,1.7943031787872314,1.0264613628387451,0.8493661880493164
15,723,105.11268615722656,494.8714294433594,1.854184627532959,1.7566522359848022,1.3783245086669922
15,724,96.41276550292969,318.3172607421875,2.1527013778686523,1.1133192777633667,1.0239362716674805
15,725,82.02010345458984,230.24673461914062,1.9665143489837646,1.1415385007858276,1.0117807388305664
15,726,120.21761322021484,492.32574462890625,2.3661680221557617,1.3674838542938232,1.4270553588867188
15,727,86.3670654296875,279.1068420410156,1.9485459327697754,1.216267704963684,1.0042285919189453
15,728,99.45450592041016,403.13427734375,1.9713692665100098,1.4614739418029785,1.237299919128418
15,729,91.104736328125,347.58416748046875,1.8782105445861816,1.4332144260406494,1.2085561752319336
15,730,81.99484252929688,296.54339599609375,1.7446833848953247,1.3243465423583984,1.0945100784301758
15,731,95.64620208740234,389.92071533203125,1.888471007347107,1.3056786060333252,1.3663864135742188
15,732,161.5385284423828,989.81982421875,2.0852181911468506,2.3864283561706543,0.6826391220092773
15,733,92.4073257446289,367.86700439453125,1.8540208339691162,0.8730669021606445,1.4827404022216797
15,734,85.6142807006836,240.87033081054688,2.050908327102661,1.275730848312378,0.9343118667602539
15,735,95.37885284423828,415.7596435546875,1.7934296131134033,1.6702167987823486,1.1267261505126953
15,736,87.56953430175781,322.29327392578125,1.84467351436615,1.3182713985443115,1.195882797241211
15,737,109.49609375,501.36212158203125,1.9786627292633057,1.8390624523162842,1.239579200744629
15,738,93.62258911132812,377.0566711425781,1.8638972043991089,1.784165382385254,1.197798728942871
15,739,201.57363891601562,1393.06201171875,2.0755810737609863,2.56561541557312,1.1307973861694336
15,740,81.423095703125,283.78936767578125,1.7681386470794678,0.9869369864463806,1.1270275115966797
15,741,90.28667449951172,327.31298828125,1.9185124635696411,1.4015403985977173,1.1068477630615234
15,742,75.41712951660156,234.7518310546875,1.731398105621338,1.1106116771697998,0.7767915725708008
15,743,96.22996520996094,342.6856689453125,2.065380096435547,1.4055020809173584,0.8561582565307617
15,744,81.75293731689453,260.6910705566406,1.8561277389526367,0.9752233028411865,1.033278465270996
15,745,91.2966079711914,288.8207702636719,2.080484390258789,0.8936068415641785,1.1710128784179688
15,746,93.62435913085938,395.7546081542969,1.8016297817230225,1.5609078407287598,1.312727928161621
15,747,111.6312026977539,525.7330932617188,1.9685964584350586,1.424532413482666,1.4640693664550781
15,748,92.30738830566406,290.0967712402344,2.109923839569092,0.9128016233444214,1.0752744674682617
15,749,94.64633178710938,338.1756591796875,2.027625560760498,1.227076768875122,1.0039663314819336
15,750,86.15206909179688,262.3636474609375,1.9971901178359985,1.317819595336914,1.0770931243896484
15,751,121.52703094482422,577.5354614257812,2.1257827281951904,1.6175837516784668,1.230031967163086
15,752,97.50272369384766,349.30950927734375,2.085725784301758,1.2128230333328247,1.1207160949707031
15,753,113.91351318359375,440.4609375,2.328913927078247,1.5244355201721191,1.2834968566894531
15,754,107.44097900390625,476.8840026855469,1.9917526245117188,1.9076192378997803,0.8231925964355469
15,755,99.52561950683594,429.00628662109375,1.887499451637268,1.5989868640899658,1.0866422653198242
15,756,99.86894989013672,380.6318664550781,2.060192108154297,1.3107576370239258,1.2321796417236328
15,757,239.64785766601562,1839.3079833984375,1.8572354316711426,2.54343318939209,0.7062540054321289
15,758,94.07585906982422,390.6554870605469,1.833677053451538,1.3988837003707886,1.5101585388183594
15,759,94.7196044921875,401.9103698730469,1.8176189661026,1.749115228652954,1.2348051071166992
15,760,88.07520294189453,396.0406494140625,1.6157045364379883,1.0511722564697266,1.4401473999023438
15,761,82.71175384521484,305.8965148925781,1.737403392791748,1.3608417510986328,1.0335121154785156
15,762,102.2767333984375,362.20904541015625,2.2018609046936035,1.1706607341766357,1.452322006225586
15,763,109.97227478027344,401.60272216796875,2.327066421508789,1.5752272605895996,1.2800788879394531
15,764,121.94970703125,641.7527465820312,1.925814151763916,1.9474010467529297,1.451218605041504
15,765,98.92242431640625,406.2325134277344,1.9433057308197021,1.6348521709442139,1.1367597579956055
15,766,112.42697143554688,468.7884826660156,2.1849372386932373,1.55181884765625,1.1993837356567383
15,767,87.43942260742188,258.2586669921875,2.0537853240966797,1.2997875213623047,0.9983110427856445
15,768,82.37857055664062,302.521240234375,1.7375481128692627,1.1753395795822144,1.1171369552612305
15,769,102.72750854492188,420.7454528808594,2.0217654705047607,1.5422077178955078,1.2172069549560547
15,770,96.041748046875,335.29345703125,2.083746910095215,1.569506049156189,0.8772745132446289
15,771,88.95600891113281,366.8679504394531,1.7423073053359985,1.3198528289794922,1.2211246490478516
15,772,91.33721923828125,293.2707214355469,2.067004919052124,1.076285481452942,1.32879638671875
15,773,132.29278564453125,701.6614990234375,2.070888042449951,1.8541743755340576,1.6515331268310547
15,774,100.9774169921875,402.533203125,2.0241363048553467,1.4647988080978394,1.239058494567871
15,775,86.11665344238281,275.4515380859375,1.952383279800415,1.010137915611267,1.1502599716186523
15,776,84.48704528808594,303.7865295410156,1.8036131858825684,1.033819317817688,1.1207122802734375
15,777,112.42858123779297,484.88250732421875,2.1313443183898926,1.688973069190979,1.445582389831543
15,778,81.02195739746094,258.38818359375,1.8394379615783691,1.2411898374557495,0.6287689208984375
15,779,116.202880859375,555.5238037109375,2.0216832160949707,1.731487512588501,1.3639259338378906
15,780,82.12442016601562,333.0740966796875,1.6272335052490234,1.0702764987945557,1.3834333419799805
15,781,97.64257049560547,398.66571044921875,1.9258666038513184,1.4632716178894043,1.461268424987793
15,782,78.49991607666016,226.78114318847656,1.8607268333435059,1.078501582145691,0.8976116180419922
15,783,86.03955841064453,283.34063720703125,1.9235165119171143,1.1301714181900024,1.0878677368164062
15,784,76.62333679199219,249.89068603515625,1.721142292022705,1.1283082962036133,1.1715612411499023
15,785,89.91561126708984,309.1321716308594,1.9667465686798096,1.3445030450820923,1.0491342544555664
15,786,149.46786499023438,991.8895874023438,1.6759634017944336,2.072916030883789,1.4560365676879883
15,787,77.85179901123047,229.478515625,1.8301315307617188,1.2593269348144531,0.645263671875
15,788,93.51567077636719,313.202880859375,2.0731794834136963,1.0488781929016113,1.0919790267944336
15,789,90.64173889160156,298.9367980957031,2.024935245513916,1.3274009227752686,1.130284309387207
15,790,74.3062973022461,195.11964416503906,1.8264777660369873,0.8892021179199219,0.9457302093505859
15,791,104.82649230957031,472.95880126953125,1.917687177658081,1.4158194065093994,0.9211816787719727
15,792,91.5115966796875,314.9324951171875,2.0006115436553955,1.4389469623565674,0.9034137725830078
15,793,554.0487060546875,4939.54345703125,2.003145933151245,3.3753769397735596,1.4170198440551758
15,794,154.89129638671875,980.8192138671875,1.893646001815796,2.4393811225891113,0.9780654907226562
15,795,96.30499267578125,327.6423645019531,2.118025064468384,1.466288685798645,0.9709463119506836
15,796,195.5441436767578,1395.2984619140625,1.8671432733535767,2.386765241622925,1.5837507247924805
15,797,98.77557373046875,359.5406494140625,2.094050407409668,1.549794316291809,0.9575901031494141
15,798,126.84415435791016,691.6718139648438,1.9225656986236572,1.7995866537094116,1.2754888534545898
15,799,123.68569946289062,644.0169677734375,1.9761333465576172,1.887687087059021,1.3437204360961914
15,800,102.36476135253906,428.35333251953125,1.984314203262329,1.7846684455871582,0.8801088333129883
15,801,100.05958557128906,464.386962890625,1.787363052368164,1.0769245624542236,1.4476757049560547
15,802,101.79020690917969,457.9185791015625,1.8666115999221802,1.6802699565887451,0.5758810043334961
15,803,83.85548400878906,280.98468017578125,1.8585669994354248,0.9976463317871094,1.361170768737793
15,804,85.22940826416016,353.3369140625,1.6631906032562256,1.3280951976776123,1.0680484771728516
15,805,98.15522766113281,462.351318359375,1.7306699752807617,1.2659307718276978,1.6684331893920898
15,806,89.42134857177734,271.8811340332031,2.0744411945343018,1.2769229412078857,1.1078681945800781
15,807,88.37958526611328,281.3030090332031,2.0083096027374268,1.5156842470169067,0.7249822616577148
15,808,91.44872283935547,299.4727783203125,2.0500481128692627,1.2847750186920166,1.120173454284668
15,809,96.86502075195312,329.51837158203125,2.130439281463623,1.2467516660690308,0.9316644668579102
15,810,120.08424377441406,554.410888671875,2.1547720432281494,1.0508551597595215,1.613743782043457
15,811,92.45890808105469,331.9637451171875,1.9754176139831543,1.3923754692077637,1.0051898956298828
15,812,117.44808959960938,493.91375732421875,2.268557071685791,1.4258041381835938,1.44000244140625
15,813,118.61725616455078,603.6687622070312,1.9416792392730713,1.7021093368530273,0.965179443359375
15,814,87.85917663574219,308.6440124511719,1.899825930595398,1.0505121946334839,1.1617050170898438
15,815,82.40044403076172,320.21417236328125,1.6793007850646973,1.4782919883728027,0.942744255065918
15,816,99.61358642578125,460.7667236328125,1.7845637798309326,1.1101794242858887,1.6046733856201172
15,817,93.98279571533203,279.2971496582031,2.2017693519592285,1.4113166332244873,1.0113935470581055
15,818,100.99205017089844,387.0371398925781,2.076277732849121,1.5931787490844727,1.0932884216308594
15,819,90.68306732177734,297.78265380859375,2.0301599502563477,1.477880835533142,0.8195686340332031
15,820,83.24653625488281,234.5487060546875,1.9930555820465088,1.1918492317199707,0.8514566421508789
15,821,129.10586547851562,659.6614379882812,2.1046571731567383,2.123913049697876,1.396575927734375
15,822,93.22534942626953,370.7406005859375,1.8717095851898193,1.200063943862915,1.229874610900879
15,823,97.50513458251953,403.50762939453125,1.9051456451416016,1.488153338432312,0.7731761932373047
15,824,78.40452575683594,264.5096740722656,1.7317852973937988,1.1679661273956299,1.1212749481201172
15,825,110.44651794433594,524.9383544921875,1.9317560195922852,2.050563335418701,1.1377124786376953
15,826,82.39453125,290.0126953125,1.7797755002975464,1.018625020980835,1.1934871673583984
15,827,112.83546447753906,504.6708068847656,2.078946113586426,1.5434837341308594,1.6055002212524414
15,828,92.54049682617188,377.6846923828125,1.8257343769073486,1.684499740600586,1.0467748641967773
15,829,86.15028381347656,314.81768798828125,1.8222836256027222,1.3294541835784912,1.1346502304077148
15,830,91.91490936279297,383.66131591796875,1.784959316253662,1.4257088899612427,0.9632139205932617
15,831,80.09564208984375,196.1064453125,2.0161666870117188,1.4317734241485596,0.4463653564453125
15,832,119.46640014648438,605.9447631835938,1.9623973369598389,1.587378740310669,1.149251937866211
15,833,64.4696273803711,147.08087158203125,1.6587181091308594,0.9033693075180054,0.8454790115356445
15,834,109.03559875488281,431.2652587890625,2.1969690322875977,1.7795737981796265,1.1292057037353516
15,835,95.73191833496094,506.8338928222656,1.501617670059204,1.8192561864852905,1.3245458602905273
15,836,94.675048828125,356.2888488769531,1.968205213546753,1.202096700668335,1.3765192031860352
15,837,91.72096252441406,354.2438049316406,1.8765525817871094,1.5048631429672241,1.1999750137329102
15,838,122.662841796875,619.44873046875,2.023932456970215,1.862568736076355,1.1279420852661133
15,839,87.24983978271484,300.77642822265625,1.9057400226593018,1.3024983406066895,1.0618925094604492
15,840,144.18179321289062,781.6732177734375,2.2004823684692383,1.9447276592254639,1.605088233947754
15,841,88.25910186767578,270.533935546875,2.0401902198791504,1.2888346910476685,0.8943948745727539
15,842,100.317626953125,412.41754150390625,1.9691956043243408,1.4267401695251465,1.3836803436279297
15,843,119.98164367675781,640.7749633789062,1.863471508026123,1.6861908435821533,1.3434295654296875
15,844,111.03485870361328,554.4254760742188,1.8530770540237427,1.9831370115280151,1.285543441772461
15,845,84.69895935058594,262.2301940917969,1.9491980075836182,1.2121047973632812,0.9335222244262695
15,846,77.06575012207031,202.39486694335938,1.8942086696624756,1.075129508972168,1.1119165420532227
15,847,90.6099853515625,309.2982177734375,1.9893386363983154,1.4811251163482666,0.9621829986572266
15,848,72.21798706054688,234.38121032714844,1.6259956359863281,1.2044775485992432,0.9155120849609375
15,849,98.09518432617188,368.46636962890625,2.0416181087493896,1.0480583906173706,0.8929719924926758
15,850,78.51346588134766,249.92904663085938,1.7840187549591064,0.8969504833221436,1.2793903350830078
15,851,113.1554183959961,565.1312255859375,1.8880765438079834,2.00618314743042,1.0309066772460938
15,852,100.89019775390625,424.5438537597656,1.9478604793548584,0.9915465116500854,1.551407814025879
15,853,113.56967163085938,485.19940185546875,2.1683242321014404,1.4955941438674927,1.3009910583496094
15,854,91.5604248046875,322.99041748046875,1.975379467010498,1.3428374528884888,0.9778776168823242
15,855,125.24989318847656,561.317138671875,2.3039393424987793,2.073401927947998,0.8630781173706055
15,856,129.12039184570312,693.6285400390625,1.9919177293777466,2.047605514526367,1.3333396911621094
15,857,72.04281616210938,174.8538818359375,1.8185808658599854,0.7727890014648438,0.931793212890625
15,858,86.02165985107422,300.46917724609375,1.8658246994018555,1.5455143451690674,0.8660259246826172
15,859,77.89283752441406,243.95193481445312,1.7832547426223755,1.346683144569397,0.7235593795776367
15,860,86.89669036865234,307.42132568359375,1.8718185424804688,1.2754424810409546,1.3344736099243164
15,861,119.77735900878906,545.1585693359375,2.1753833293914795,1.656707763671875,1.4994192123413086
15,862,90.56129455566406,398.98272705078125,1.6887671947479248,1.2363131046295166,1.3841123580932617
15,863,70.97596740722656,235.1042022705078,1.5821847915649414,0.9388031959533691,0.9659461975097656
15,864,80.35830688476562,251.85252380371094,1.8391016721725464,0.8585140705108643,1.2470102310180664
15,865,85.21015167236328,315.4588928222656,1.788808822631836,1.4254151582717896,1.1644277572631836
15,866,85.01164245605469,307.4712829589844,1.8088170289993286,1.000622272491455,1.3382682800292969
15,867,80.91495513916016,270.70208740234375,1.7948248386383057,1.286947250366211,0.9399328231811523
15,868,89.60973358154297,365.759033203125,1.7677942514419556,1.1712088584899902,0.9949798583984375
15,869,85.66014862060547,316.86474609375,1.7991223335266113,1.164394736289978,0.9365835189819336
15,870,98.23246765136719,373.95513916015625,2.0278983116149902,1.6191341876983643,1.2255487442016602
15,871,118.25569152832031,612.9178466796875,1.898796796798706,1.65004301071167,1.2406749725341797
15,872,81.01699829101562,230.90087890625,1.9308968782424927,0.9741026759147644,0.9715642929077148
15,873,104.12189483642578,433.9228210449219,2.024320363998413,1.531821608543396,1.2786521911621094
15,874,78.5540771484375,270.1166687011719,1.7180804014205933,0.9507584571838379,1.1081047058105469
15,875,84.19255828857422,286.1042175292969,1.8527377843856812,1.403993010520935,1.0649709701538086
15,876,98.37509155273438,396.93707275390625,1.9560463428497314,1.3573065996170044,0.8395519256591797
15,877,178.3005828857422,1140.9033203125,2.1403417587280273,2.1111292839050293,1.6105070114135742
15,878,107.10183715820312,467.4546813964844,2.0118789672851562,1.688391923904419,1.1511602401733398
15,879,90.03117370605469,327.2559814453125,1.9101860523223877,1.3367489576339722,1.2343435287475586
15,880,89.36602783203125,288.3310546875,2.017764091491699,1.5243960618972778,0.8365087509155273
15,881,102.88323974609375,434.88592529296875,1.9798214435577393,1.0344808101654053,1.4877538681030273
15,882,118.55288696289062,546.7797241210938,2.1291637420654297,1.4379756450653076,1.3463220596313477
15,883,81.06771850585938,244.35687255859375,1.8877345323562622,1.426882266998291,0.8539896011352539
15,884,107.79275512695312,518.50732421875,1.864734172821045,1.7199231386184692,1.2191896438598633
15,885,673.4354858398438,6140.109375,1.980818271636963,4.873317718505859,1.0980606079101562
15,886,120.4499282836914,643.2481079101562,1.8708372116088867,1.8295392990112305,1.5667448043823242
15,887,78.83952331542969,248.95828247070312,1.7981232404708862,0.9938470721244812,1.1402807235717773
15,888,96.20512390136719,302.57354736328125,2.198258876800537,1.064112901687622,0.9672355651855469
15,889,80.47505187988281,279.17694091796875,1.7519117593765259,1.261230230331421,1.016042709350586
15,890,102.11970520019531,455.30340576171875,1.8863122463226318,1.3827934265136719,1.5206975936889648
15,891,100.50559997558594,466.46624755859375,1.7952991724014282,1.3024089336395264,1.5603828430175781
15,892,77.70814514160156,257.9542541503906,1.730424165725708,1.261015772819519,1.0619373321533203
15,893,109.36823272705078,591.882080078125,1.672667384147644,1.5334069728851318,1.4676456451416016
15,894,156.7462158203125,963.3436279296875,2.013728380203247,2.659048557281494,0.9306097030639648
15,895,134.60992431640625,776.7680053710938,1.897770643234253,2.1789987087249756,0.8668317794799805
15,896,94.27806854248047,327.2650146484375,2.0517189502716064,1.3382151126861572,1.1156940460205078
15,897,102.42716217041016,394.2093505859375,2.100207567214966,1.503646731376648,1.1595029830932617
15,898,95.91653442382812,358.5594787597656,2.0020194053649902,1.2086948156356812,1.3200654983520508
15,899,85.09973907470703,314.0592041015625,1.789793848991394,1.3820805549621582,1.0417604446411133
15,900,91.08781433105469,362.7812805175781,1.8269894123077393,1.3846524953842163,1.3448572158813477
15,901,92.08317565917969,357.4048767089844,1.8780896663665771,1.2796211242675781,1.441244125366211
15,902,105.14179992675781,459.72662353515625,1.9723047018051147,1.767327070236206,0.7172012329101562
15,903,92.42010498046875,342.8334655761719,1.9378917217254639,1.1892635822296143,1.2802753448486328
15,904,90.75958251953125,333.91259765625,1.9122774600982666,1.1788437366485596,1.3246421813964844
15,905,101.01359558105469,464.7447204589844,1.8179707527160645,1.4647563695907593,1.2224225997924805
15,906,84.06991577148438,278.10205078125,1.8753236532211304,1.4699732065200806,0.8049564361572266
15,907,101.0360107421875,410.50146484375,1.9995288848876953,1.5248539447784424,1.1145858764648438
15,908,219.988525390625,1580.77099609375,2.0637142658233643,2.456667184829712,1.1734371185302734
15,909,110.24578857421875,570.2965698242188,1.7738710641860962,1.6176668405532837,1.4930696487426758
15,910,102.69218444824219,405.19549560546875,2.072421073913574,1.5473618507385254,1.3429718017578125
15,911,81.88239288330078,239.25308227539062,1.9319028854370117,0.9048229455947876,1.316514015197754
15,912,77.09429168701172,237.749755859375,1.7773104906082153,1.24959397315979,0.8759298324584961
15,913,90.96739196777344,379.2498474121094,1.7680803537368774,1.227779746055603,1.1904182434082031
15,914,104.895751953125,391.20068359375,2.1925230026245117,1.411198616027832,1.175278663635254
15,915,76.39845275878906,192.64422607421875,1.9044675827026367,1.0340986251831055,0.7720603942871094
15,916,98.27304077148438,491.6710510253906,1.6368645429611206,1.6667847633361816,1.2690763473510742
15,917,102.47369384765625,427.62506103515625,1.990372657775879,1.622358798980713,0.9228677749633789
15,918,80.15635681152344,259.80731201171875,1.805854082107544,1.3521199226379395,0.9265155792236328
15,919,95.06063842773438,314.402099609375,2.120681047439575,1.4633262157440186,0.9394025802612305
15,920,69.65676879882812,172.22332763671875,1.747814416885376,1.2065714597702026,0.6258382797241211
15,921,125.55110168457031,639.3097534179688,2.054004192352295,1.6318718194961548,1.2539567947387695
15,922,86.1710205078125,278.8702697753906,1.9427999258041382,1.552192211151123,0.607325553894043
15,923,101.59015655517578,451.718017578125,1.880611777305603,1.1487164497375488,1.7796554565429688
15,924,104.14859008789062,458.25189208984375,1.9441132545471191,1.215926170349121,1.489975929260254
15,925,82.64862060546875,276.14276123046875,1.8344781398773193,1.215874433517456,1.0594673156738281
15,926,97.03367614746094,352.9009094238281,2.058119297027588,1.3567888736724854,0.8119029998779297
15,927,131.9013214111328,670.341064453125,2.1622402667999268,1.7973427772521973,1.375356674194336
15,928,113.90996551513672,313.4399108886719,2.7521989345550537,1.1443647146224976,1.1582860946655273
15,929,90.58627319335938,345.2716979980469,1.8686366081237793,1.2880175113677979,1.1813793182373047
15,930,115.53132629394531,464.7006530761719,2.302042007446289,1.8046756982803345,1.0441513061523438
15,931,91.76313781738281,348.15606689453125,1.8982510566711426,1.2152769565582275,1.3044872283935547
15,932,84.2781982421875,251.9087371826172,1.9695775508880615,1.357330322265625,0.9623689651489258
15,933,79.84635162353516,224.74270629882812,1.912402629852295,1.2151033878326416,0.7048254013061523
15,934,105.24214935302734,503.10247802734375,1.8310633897781372,1.2785084247589111,1.6533536911010742
15,935,80.7594985961914,278.3813171386719,1.7640454769134521,1.194720983505249,0.9698638916015625
15,936,102.11579895019531,480.6005859375,1.8018581867218018,1.7556277513504028,0.9984588623046875
15,937,89.12258911132812,354.0968017578125,1.7904303073883057,1.4862217903137207,1.1636476516723633
15,938,115.21730041503906,504.0404357910156,2.1604418754577637,1.614015817642212,1.3961687088012695
15,939,101.55589294433594,468.4601745605469,1.823662281036377,1.7652242183685303,1.0284099578857422
15,940,98.6868896484375,460.24603271484375,1.7554094791412354,1.025120735168457,1.2276601791381836
15,941,89.6895980834961,347.4568786621094,1.8314635753631592,1.4238696098327637,0.9877939224243164
15,942,123.80088806152344,624.892822265625,2.043720006942749,2.037888765335083,1.3656911849975586
15,943,87.47407531738281,280.6562194824219,1.9802818298339844,1.224865436553955,0.9106407165527344
15,944,94.9137954711914,412.23748779296875,1.7896682024002075,1.344360589981079,1.5240669250488281
15,945,93.79745483398438,365.5768737792969,1.9079920053482056,1.3667631149291992,1.298405647277832
15,946,125.62779235839844,559.0609130859375,2.324056386947632,2.013546943664551,1.095137596130371
15,947,87.16929626464844,320.064208984375,1.8387625217437744,1.6630058288574219,1.1163883209228516
15,948,84.96631622314453,327.35992431640625,1.7410107851028442,1.4329941272735596,1.2024908065795898
15,949,73.35942077636719,216.12132263183594,1.7249095439910889,1.2054630517959595,0.8340921401977539
15,950,78.51341247558594,220.25912475585938,1.8829165697097778,1.0973460674285889,0.885432243347168
15,951,118.03478240966797,671.398193359375,1.6964986324310303,1.646380066871643,1.6330947875976562
15,952,77.1807632446289,211.45230102539062,1.8678510189056396,0.9215282201766968,0.7614717483520508
15,953,105.67604064941406,449.5864562988281,2.0239133834838867,1.9718552827835083,0.8308649063110352
15,954,79.22620391845703,287.9527893066406,1.6810307502746582,1.0727808475494385,1.4730348587036133
15,955,103.9052734375,537.8069458007812,1.6708194017410278,1.8582545518875122,1.0248384475708008
15,956,74.40904998779297,206.625,1.7915515899658203,1.0772218704223633,1.0522737503051758
15,957,73.65481567382812,220.0670166015625,1.7216038703918457,0.9967070817947388,1.0842618942260742
15,958,85.40413665771484,296.6812438964844,1.8578670024871826,1.3804028034210205,1.0313177108764648
15,959,87.53128051757812,246.1964569091797,2.0970544815063477,1.1706916093826294,0.8375043869018555
15,960,79.16343688964844,288.949951171875,1.675614833831787,1.200085163116455,1.2166290283203125
15,961,108.63330078125,447.027099609375,2.1310195922851562,1.4912128448486328,1.3937883377075195
15,962,76.2667236328125,222.68515014648438,1.7999403476715088,1.0854953527450562,0.9668397903442383
15,963,93.12028503417969,369.970458984375,1.8707746267318726,1.259389877319336,0.8942718505859375
15,964,101.15502166748047,373.1972961425781,2.127843141555786,1.6344664096832275,0.9081087112426758
15,965,84.33753967285156,335.35919189453125,1.6933872699737549,1.4848544597625732,1.0350580215454102
15,966,133.66294860839844,775.0181884765625,1.872037649154663,1.8189127445220947,1.487905502319336
15,967,77.26184844970703,242.23690795898438,1.767938494682312,1.372558355331421,0.8226804733276367
15,968,132.16229248046875,686.442626953125,2.1172678470611572,1.914832592010498,1.189035415649414
15,969,90.80523681640625,355.3270568847656,1.8424174785614014,1.2499010562896729,1.273116111755371
15,970,115.2589111328125,551.189208984375,2.004666328430176,1.564908504486084,1.4684371948242188
15,971,78.49308776855469,316.00189208984375,1.563096523284912,1.5465567111968994,0.729893684387207
15,972,94.55014038085938,348.29742431640625,1.9906800985336304,1.333700180053711,0.9521465301513672
15,973,94.64657592773438,306.3955993652344,2.1335670948028564,1.5279850959777832,0.8023405075073242
15,974,78.44869995117188,224.8133087158203,1.8655788898468018,0.8322113752365112,1.2101802825927734
15,975,108.85205078125,552.9522705078125,1.7852272987365723,1.9397518634796143,1.435896873474121
15,976,142.8948211669922,859.9591064453125,1.8966305255889893,2.090632915496826,0.8816356658935547
15,977,92.14457702636719,380.2269287109375,1.8040626049041748,1.3641488552093506,1.0296316146850586
15,978,93.3323745727539,334.9115905761719,1.9947071075439453,1.5292341709136963,0.8784570693969727
15,979,135.39105224609375,732.6094970703125,2.0710034370422363,1.7618849277496338,1.6179800033569336
15,980,91.98165893554688,324.49688720703125,1.9843988418579102,1.4940096139907837,0.9303245544433594
15,981,84.17769622802734,280.4251708984375,1.8711726665496826,1.4153603315353394,1.1390705108642578
15,982,107.43370056152344,402.88763427734375,2.2381644248962402,1.2043503522872925,1.298151969909668
15,983,105.91657257080078,465.33929443359375,1.9794213771820068,1.8840317726135254,0.8530750274658203
15,984,122.83456420898438,592.2103271484375,2.120450973510742,1.9618630409240723,1.13360595703125
15,985,121.61833190917969,579.502685546875,2.1222689151763916,1.7977392673492432,1.3996429443359375
15,986,94.89720153808594,385.53875732421875,1.8781108856201172,1.2036559581756592,1.3399505615234375
15,987,112.95201873779297,564.3140869140625,1.8840203285217285,1.8013100624084473,1.4563684463500977
15,988,98.37016296386719,304.2628173828125,2.264796018600464,1.248938798904419,1.1700305938720703
15,989,107.7940673828125,381.0069580078125,2.3231122493743896,1.2497012615203857,1.112649917602539
15,990,99.21966552734375,393.48895263671875,1.995692491531372,1.5053149461746216,1.134993553161621
15,991,92.04348754882812,317.37860107421875,2.0101876258850098,1.4836764335632324,1.1402206420898438
15,992,99.48248291015625,419.6242370605469,1.9173352718353271,1.533712387084961,1.0943021774291992
15,993,102.00068664550781,368.6343688964844,2.1712417602539062,1.638837456703186,1.1029415130615234
15,994,69.9089126586914,247.125,1.506546974182129,1.1425511837005615,1.3039093017578125
15,995,147.6009979248047,873.4853515625,2.008415460586548,2.574683904647827,0.9313220977783203
15,996,113.18917846679688,521.4476928710938,2.034813404083252,1.7376327514648438,1.4405994415283203
15,997,82.79740905761719,282.82257080078125,1.817171573638916,1.1239125728607178,1.3663091659545898
15,998,152.84445190429688,876.64501953125,2.1726646423339844,2.4515116214752197,1.2997589111328125
15,999,84.84564971923828,256.92425537109375,1.9717739820480347,0.9781739711761475,1.0351457595825195
15,1000,95.466552734375,458.37060546875,1.6543164253234863,1.5464788675308228,1.339970588684082
15,1001,92.05885314941406,323.4032287597656,1.9906176328659058,1.2867579460144043,1.0224523544311523
15,1002,81.49244689941406,284.2957763671875,1.7687623500823975,1.0629558563232422,0.9633493423461914
15,1003,92.86715698242188,484.010498046875,1.482203722000122,1.3812185525894165,0.9873876571655273
15,1004,83.69123077392578,210.5127410888672,2.087998390197754,1.005639672279358,0.9705343246459961
15,1005,101.1400146484375,427.31121826171875,1.9469633102416992,1.353308916091919,1.1185779571533203
15,1006,91.11654663085938,310.44696044921875,2.0023951530456543,1.1355501413345337,1.388535499572754
15,1007,99.19453430175781,397.96734619140625,1.979926586151123,1.8420445919036865,0.8519601821899414
15,1008,98.27013397216797,381.3355712890625,2.0045526027679443,1.939746618270874,0.9102058410644531
15,1009,96.05719757080078,362.46710205078125,1.993682861328125,1.274263858795166,1.0624866485595703
15,1010,98.31538391113281,399.2830505371094,1.94623601436615,0.7950078248977661,1.295069694519043
15,1011,82.52848815917969,259.0528259277344,1.8874402046203613,1.2724483013153076,1.0539493560791016
15,1012,105.29408264160156,454.4296875,1.9950370788574219,1.188847303390503,1.561903953552246
15,1013,95.80545043945312,335.00054931640625,2.0768465995788574,1.2053380012512207,1.3114938735961914
15,1014,82.22117614746094,306.57196044921875,1.718799352645874,1.3212010860443115,0.9190301895141602
15,1015,88.7220458984375,250.55470275878906,2.1222190856933594,1.339930772781372,0.9292440414428711
15,1016,94.05982971191406,350.6514892578125,1.9664891958236694,1.268134593963623,1.2004451751708984
15,1017,92.56443786621094,284.5030517578125,2.1371376514434814,1.5589585304260254,0.7835426330566406
15,1018,101.89845275878906,436.8055419921875,1.940596580505371,1.8526843786239624,0.7831029891967773
15,1019,98.414306640625,453.75030517578125,1.7679758071899414,1.7620011568069458,1.255457878112793
15,1020,84.12210083007812,307.6496887207031,1.7785711288452148,1.2292611598968506,1.3521184921264648
15,1021,101.19877624511719,441.8231201171875,1.9005488157272339,1.3503597974777222,1.443314552307129
15,1022,92.55210876464844,325.4847412109375,2.0001211166381836,1.1479763984680176,1.2658672332763672
15,1023,196.640380859375,1304.0953369140625,2.207695245742798,2.522704839706421,1.0697250366210938
15,1024,93.21829223632812,346.36407470703125,1.9527292251586914,1.2391902208328247,1.2622566223144531
15,1025,90.09326934814453,349.1517333984375,1.8392698764801025,1.3787200450897217,1.0704898834228516
15,1026,84.78473663330078,235.84121704101562,2.04002046585083,1.0775316953659058,0.942927360534668
15,1027,81.15390014648438,301.7928466796875,1.6991539001464844,1.036820888519287,0.996220588684082
15,1028,136.62405395507812,826.7816772460938,1.7981964349746704,2.090916156768799,1.077676773071289
15,1029,73.02250671386719,243.1398468017578,1.6236172914505005,0.9530658721923828,1.0846281051635742
15,1030,96.68942260742188,333.734130859375,2.1105334758758545,1.2704790830612183,1.1031379699707031
15,1031,77.27354431152344,244.22869873046875,1.7616889476776123,1.2165722846984863,0.8538503646850586
15,1032,70.60208129882812,212.70603942871094,1.6443825960159302,0.7106381058692932,0.9672889709472656
15,1033,107.76103210449219,495.63653564453125,1.9399125576019287,1.5205029249191284,1.0607690811157227
15,1034,74.68782806396484,262.25018310546875,1.615427017211914,1.111748218536377,0.9531402587890625
15,1035,84.50117492675781,284.7751159667969,1.867455244064331,1.212329387664795,0.6851806640625
15,1036,85.18269348144531,304.4200439453125,1.824689507484436,1.326873540878296,1.0835695266723633
15,1037,117.88987731933594,640.1278686523438,1.795902967453003,1.6854016780853271,0.8292598724365234
15,1038,96.47632598876953,405.27239990234375,1.8649694919586182,1.4870386123657227,1.2921743392944336
15,1039,86.25145721435547,302.0291748046875,1.8682847023010254,1.2313227653503418,1.1054153442382812
15,1040,78.33682250976562,263.6322021484375,1.7324533462524414,1.2869828939437866,0.7185821533203125
15,1041,93.13871765136719,349.13287353515625,1.9408477544784546,1.3596798181533813,1.5645561218261719
15,1042,100.12840270996094,342.9603271484375,2.1944122314453125,1.396740198135376,1.191462516784668
15,1043,67.44258880615234,199.03643798828125,1.5846314430236816,1.002549409866333,0.7033977508544922
15,1044,83.50381469726562,250.75384521484375,1.9476144313812256,1.0960794687271118,0.9487981796264648
15,1045,152.48175048828125,871.4638671875,2.1778454780578613,2.01224946975708,1.5030698776245117
15,1046,110.26713562011719,527.712158203125,1.916530728340149,1.2621614933013916,1.606313705444336
15,1047,133.86805725097656,716.3563842773438,2.074413776397705,2.1994197368621826,0.8459062576293945
15,1048,84.83740234375,301.080810546875,1.8243107795715332,1.5219197273254395,0.8423013687133789
15,1049,89.79084014892578,290.8530578613281,2.0235178470611572,1.4137725830078125,1.1367969512939453
15,1050,88.08349609375,349.6566162109375,1.7705943584442139,1.5587637424468994,1.0400724411010742
15,1051,81.23236846923828,254.73947143554688,1.8586139678955078,1.1688438653945923,1.0873956680297852
15,1052,83.67941284179688,294.35321044921875,1.8081364631652832,1.1940021514892578,1.232370376586914
15,1053,110.06205749511719,502.261962890625,1.9945286512374878,1.6492745876312256,1.405360221862793
15,1054,89.60462951660156,362.3394775390625,1.7790226936340332,1.7202668190002441,1.0695476531982422
15,1055,106.34049987792969,472.86151123046875,1.9684784412384033,1.2992284297943115,1.430948257446289
15,1056,97.62605285644531,437.802001953125,1.7948616743087769,1.4100421667099,1.3407106399536133
15,1057,79.52237701416016,238.01025390625,1.857378363609314,1.1778111457824707,0.7000761032104492
15,1058,135.66329956054688,772.8785400390625,1.945847988128662,1.6836600303649902,0.8782873153686523
15,1059,118.86080932617188,505.758544921875,2.276165008544922,1.5903127193450928,1.4785699844360352
15,1060,159.5551300048828,1002.1156005859375,1.978118896484375,2.537395477294922,1.1638603210449219
15,1061,92.29437255859375,400.53125,1.7413749694824219,1.4235918521881104,1.1565217971801758
15,1062,116.10206604003906,588.073486328125,1.9098238945007324,1.5859586000442505,1.2072439193725586
15,1063,94.07669830322266,282.69879150390625,2.1935606002807617,1.276275634765625,0.96942138671875
15,1064,118.21867370605469,526.8650512695312,2.18440580368042,1.7877118587493896,1.368138313293457
15,1065,107.31558227539062,456.3171691894531,2.056128978729248,1.2952380180358887,1.3773479461669922
15,1066,96.67434692382812,343.5960998535156,2.077157735824585,1.375349998474121,0.8332424163818359
15,1067,97.36050415039062,432.5177917480469,1.8036240339279175,1.3239216804504395,1.6186637878417969
15,1068,95.3533706665039,432.800048828125,1.73577880859375,1.7073243856430054,0.9653511047363281
15,1069,101.2860107421875,461.65338134765625,1.8373557329177856,1.519555926322937,0.7607870101928711
15,1070,89.93258666992188,319.5487976074219,1.932590365409851,1.4929251670837402,1.1736936569213867
15,1071,87.5980453491211,296.36865234375,1.9320392608642578,1.1783794164657593,0.8424530029296875
15,1072,141.27685546875,775.331298828125,2.124790906906128,2.071281909942627,1.5771989822387695
15,1073,113.73265075683594,557.7545166015625,1.9319067001342773,2.0536351203918457,1.069880485534668
15,1074,114.77808380126953,597.510498046875,1.8342344760894775,1.845779538154602,0.8719463348388672
15,1075,106.79969024658203,519.8905029296875,1.8270212411880493,1.5973551273345947,1.8255529403686523
15,1076,89.33641052246094,333.08392333984375,1.867600440979004,1.2674858570098877,1.2604656219482422
15,1077,457.1497497558594,3881.136962890625,2.301201343536377,3.8962883949279785,0.888056755065918
15,1078,99.29463195800781,351.9598693847656,2.1366217136383057,1.2735480070114136,0.9021329879760742
15,1079,110.06515502929688,403.215576171875,2.32478666305542,1.291175127029419,1.135244369506836
15,1080,142.5061492919922,819.5594482421875,2.0183401107788086,2.0763015747070312,1.3098363876342773
15,1081,98.02653503417969,404.57177734375,1.9189783334732056,1.7723052501678467,1.2869272232055664
15,1082,110.8778305053711,508.8819580078125,1.9996545314788818,1.8516055345535278,1.1946229934692383
15,1083,106.52256774902344,511.0820617675781,1.847145438194275,1.888357400894165,1.1301231384277344
15,1084,114.49513244628906,459.2334899902344,2.2857260704040527,1.6158303022384644,1.704833984375
15,1085,269.73175048828125,2009.660400390625,2.292189598083496,2.674997568130493,1.351546287536621
15,1086,87.42274475097656,324.9777526855469,1.8308323621749878,0.9928649663925171,1.226618766784668
15,1087,91.99839782714844,339.5548400878906,1.9347636699676514,1.3430871963500977,1.0712709426879883
15,1088,95.52989196777344,383.4602966308594,1.9061286449432373,1.3312389850616455,1.1226282119750977
15,1089,106.3101806640625,518.7305297851562,1.8145709037780762,1.5191001892089844,1.5361785888671875
15,1090,95.96284484863281,405.56103515625,1.8468914031982422,1.476567029953003,1.2087984085083008
15,1091,118.05389404296875,595.4300537109375,1.9503629207611084,1.9253435134887695,1.3176612854003906
15,1092,85.73639678955078,385.533447265625,1.5727684497833252,1.2579118013381958,1.1713237762451172
15,1093,96.13970947265625,447.49774169921875,1.7129976749420166,1.1827797889709473,1.349564552307129
15,1094,99.47175598144531,434.51336669921875,1.8673473596572876,1.3910303115844727,1.6269044876098633
15,1095,100.73173522949219,467.049072265625,1.8008943796157837,1.858726978302002,1.156296730041504
15,1096,92.56074523925781,396.386962890625,1.7640681266784668,0.9172201156616211,1.3138227462768555
15,1097,95.60770416259766,385.33416748046875,1.9024763107299805,1.6431657075881958,0.9637451171875
15,1098,86.57078552246094,280.47686767578125,1.9507700204849243,1.0481786727905273,1.4114274978637695
15,1099,170.41030883789062,1044.0035400390625,2.200331687927246,2.40513277053833,1.3326034545898438
15,1100,98.50421142578125,483.34796142578125,1.6723136901855469,1.9940989017486572,1.312434196472168
15,1101,108.37065124511719,423.7655029296875,2.199803352355957,1.7288103103637695,0.9480524063110352
15,1102,96.13418579101562,419.47479248046875,1.8062233924865723,1.4305429458618164,1.3372106552124023
15,1103,111.87584686279297,615.1007080078125,1.6788592338562012,1.8591432571411133,1.214859962463379
15,1104,109.70954895019531,497.04180908203125,2.0001790523529053,1.3669204711914062,1.3277406692504883
15,1105,90.33845520019531,401.58514404296875,1.6726646423339844,1.6706434488296509,1.369612693786621
15,1106,83.5156021118164,297.30340576171875,1.792842149734497,1.5084071159362793,1.004734992980957
15,1107,79.88504791259766,239.24375915527344,1.8653557300567627,1.0628453493118286,0.945988655090332
15,1108,103.56578063964844,459.88604736328125,1.9192391633987427,1.7266614437103271,1.0789728164672852
15,1109,96.088134765625,358.9027099609375,2.0065956115722656,1.5590648651123047,0.8746538162231445
15,1110,76.580810546875,261.458251953125,1.681166172027588,1.1748325824737549,0.967738151550293
15,1111,138.854736328125,849.5638427734375,1.7966117858886719,1.9923439025878906,1.6289558410644531
15,1112,83.17817687988281,254.45303344726562,1.924429178237915,1.143357753753662,0.8302946090698242
15,1113,92.66935729980469,364.6790466308594,1.8733818531036377,1.0484050512313843,1.1243705749511719
15,1114,191.56617736816406,1260.397216796875,2.1842150688171387,3.0120131969451904,0.9628000259399414
15,1115,81.46488952636719,213.57833862304688,2.003568649291992,1.2406977415084839,0.7362852096557617
15,1116,82.001220703125,268.3778381347656,1.8387811183929443,1.1389797925949097,0.9927377700805664
15,1117,104.29743194580078,481.8585510253906,1.8703858852386475,1.8531969785690308,0.9412670135498047
15,1118,87.43396759033203,280.3116149902344,1.9800934791564941,1.1903305053710938,1.0459251403808594
15,1119,89.32350158691406,322.34600830078125,1.902963399887085,1.2350348234176636,1.349614143371582
15,1120,87.63822174072266,309.6750793457031,1.889023780822754,1.5229967832565308,1.1418418884277344
15,1121,300.6517028808594,2317.10205078125,2.2980499267578125,3.2184128761291504,0.8050746917724609
15,1122,85.00701141357422,333.8404235839844,1.7207655906677246,1.2931933403015137,0.9801855087280273
15,1123,79.76359558105469,226.76376342773438,1.902907133102417,1.3713159561157227,0.8325986862182617
15,1124,111.083740234375,520.7003173828125,1.9671233892440796,1.7614679336547852,1.2920379638671875
15,1125,102.10222625732422,384.0174865722656,2.123349189758301,1.3737965822219849,1.1811141967773438
15,1126,114.00051879882812,512.4156494140625,2.0919651985168457,1.9486674070358276,1.1633119583129883
15,1127,369.73028564453125,3168.69775390625,1.7620165348052979,2.8842175006866455,1.0654783248901367
15,1128,349.9851379394531,2901.634765625,1.9940547943115234,3.5991196632385254,0.9627180099487305
15,1129,89.56058502197266,296.0406188964844,1.9985507726669312,1.1556943655014038,1.0947437286376953
15,1130,92.20818328857422,336.63653564453125,1.9514843225479126,1.5923101902008057,1.0480031967163086
15,1131,87.68519592285156,334.21295166015625,1.8087966442108154,1.4809784889221191,1.008016586303711
15,1132,83.56891632080078,255.83226013183594,1.9328563213348389,1.112239122390747,0.971318244934082
15,1133,89.41874694824219,273.83648681640625,2.0678365230560303,1.3552131652832031,1.017512321472168
15,1134,87.2196044921875,375.7232971191406,1.6549091339111328,1.584787368774414,1.0419425964355469
15,1135,98.13787078857422,342.75482177734375,2.128746271133423,1.6246910095214844,1.1280031204223633
15,1136,94.6287841796875,386.2457275390625,1.8668071031570435,1.1856575012207031,1.155451774597168
15,1137,90.78668975830078,288.25115966796875,2.0653858184814453,1.4932003021240234,0.8579301834106445
15,1138,109.80220794677734,457.81317138671875,2.1340296268463135,2.0331592559814453,0.9922332763671875
15,1139,209.5862579345703,1566.757080078125,1.7636852264404297,2.428379535675049,0.9778280258178711
15,1140,104.90126037597656,496.1209716796875,1.8429720401763916,1.5769569873809814,1.3300552368164062
15,1141,86.44278717041016,325.4166259765625,1.7967040538787842,1.0941299200057983,0.8857879638671875
15,1142,75.32946014404297,155.21693420410156,1.9935921430587769,1.0537333488464355,0.859832763671875
15,1143,81.24658966064453,260.5292053222656,1.8397889137268066,1.3336312770843506,0.9595403671264648
15,1144,210.81524658203125,1505.998046875,2.007181406021118,2.7028777599334717,1.221170425415039
15,1145,99.79025268554688,413.841064453125,1.9468716382980347,1.4002220630645752,1.0996980667114258
15,1146,84.18408966064453,316.714599609375,1.7504210472106934,1.2608797550201416,1.1520519256591797
15,1147,103.28413391113281,413.99591064453125,2.0628180503845215,1.17405366897583,1.7877788543701172
15,1148,112.32595825195312,459.7249755859375,2.2117817401885986,1.6564748287200928,1.2249116897583008
15,1149,70.76974487304688,176.8193817138672,1.7695937156677246,0.7870553731918335,0.814976692199707
15,1150,89.20388793945312,341.9159240722656,1.8337430953979492,1.261376976966858,1.2238597869873047
15,1151,85.13774871826172,330.27056884765625,1.7370229959487915,1.2624956369400024,0.9193735122680664
15,1152,157.17355346679688,966.3502197265625,2.017951250076294,2.5729055404663086,1.2229156494140625
15,1153,89.64810180664062,325.40447998046875,1.9035882949829102,1.191693902015686,1.0785846710205078
15,1154,94.54425048828125,307.19854736328125,2.1274797916412354,1.547032117843628,0.9050197601318359
15,1155,110.81398010253906,526.9342651367188,1.9373517036437988,1.6842917203903198,1.4940662384033203
15,1156,76.24221801757812,252.2178955078125,1.7006807327270508,1.0790109634399414,1.2319889068603516
15,1157,102.95515441894531,451.35467529296875,1.9273228645324707,1.6038011312484741,1.375462532043457
15,1158,101.78642272949219,470.7978210449219,1.8235547542572021,1.94102942943573,0.8647756576538086
15,1159,113.78704833984375,539.9290771484375,1.9931378364562988,1.8428239822387695,1.4105873107910156
15,1160,96.137939453125,378.36572265625,1.9433786869049072,1.7586010694503784,0.867680549621582
15,1161,95.34004211425781,369.3439025878906,1.946855068206787,1.3219702243804932,0.9477157592773438
15,1162,107.25640869140625,437.4169921875,2.117156982421875,1.349865436553955,0.7600288391113281
15,1163,78.69520568847656,237.47030639648438,1.8316059112548828,1.1361545324325562,0.7350397109985352
15,1164,118.2447280883789,590.7274169921875,1.9723994731903076,2.0079660415649414,1.1637773513793945
15,1165,86.97186279296875,315.898681640625,1.8460664749145508,1.2630717754364014,0.963709831237793
15,1166,76.80184173583984,222.72869873046875,1.8176324367523193,1.233992099761963,0.8853750228881836
15,1167,89.5052261352539,295.1236572265625,1.9997620582580566,0.9283692240715027,1.0390138626098633
15,1168,80.85935974121094,278.3110046386719,1.7676087617874146,1.098590612411499,1.1635684967041016
15,1169,85.55604553222656,291.2752685546875,1.880950689315796,1.103980541229248,0.9913578033447266
15,1170,94.71741485595703,353.39813232421875,1.9792534112930298,1.3067643642425537,1.1799077987670898
15,1171,92.93035888671875,306.8489685058594,2.0748486518859863,1.05800461769104,1.0683364868164062
15,1172,88.45610046386719,328.26629638671875,1.8543155193328857,1.6836551427841187,0.8982000350952148
15,1173,74.9207992553711,266.8950500488281,1.6077098846435547,1.402294397354126,0.44838428497314453
15,1174,93.31504821777344,438.6620178222656,1.6482946872711182,1.5340207815170288,1.4581680297851562
15,1175,107.45381164550781,418.4910888671875,2.1868233680725098,1.661144495010376,1.1741390228271484
15,1176,103.70365905761719,454.3110656738281,1.9424183368682861,1.5314847230911255,1.1959400177001953
15,1177,87.77658081054688,342.62591552734375,1.7837997674942017,1.1675753593444824,1.127058982849121
15,1178,99.143798828125,404.46630859375,1.9565720558166504,1.5281689167022705,1.2412843704223633
15,1179,88.79750061035156,262.94451904296875,2.08343505859375,1.311976671218872,0.8331356048583984
15,1180,107.143798828125,471.1342468261719,2.0010125637054443,1.683227300643921,1.3763275146484375
15,1181,119.50776672363281,619.649169921875,1.9180949926376343,1.890247106552124,0.7119045257568359
15,1182,88.64659881591797,310.6163024902344,1.9194989204406738,1.4878017902374268,0.6796083450317383
15,1183,95.23171997070312,352.97314453125,1.9978137016296387,1.2051219940185547,1.2239704132080078
15,1184,80.48802185058594,250.92440795898438,1.8465194702148438,1.0070440769195557,1.1493682861328125
15,1185,91.97555541992188,309.1259460449219,2.0354318618774414,1.425132155418396,1.1631736755371094
15,1186,111.22564697265625,483.3392333984375,2.096390724182129,1.6338785886764526,1.0904273986816406
15,1187,91.33442687988281,309.2142333984375,2.0137667655944824,1.532893180847168,1.0318775177001953
15,1188,88.44386291503906,324.30853271484375,1.8671003580093384,1.4455605745315552,1.0618886947631836
15,1189,94.62263488769531,414.1884460449219,1.773459553718567,1.7563010454177856,1.148111343383789
15,1190,94.97573852539062,425.89093017578125,1.746221661567688,1.5390143394470215,1.2862462997436523
15,1191,149.9938201904297,851.9840087890625,2.1598472595214844,1.8273224830627441,1.2972373962402344
15,1192,126.61469268798828,674.4277954101562,1.9723970890045166,2.16642427444458,0.8918008804321289
15,1193,71.58786010742188,225.30979919433594,1.6352293491363525,1.2515285015106201,0.8147706985473633
15,1194,94.29869079589844,412.7283935546875,1.7675282955169678,1.3895676136016846,1.1646137237548828
15,1195,94.93663787841797,417.1729736328125,1.7739779949188232,1.5870816707611084,1.2136812210083008
15,1196,92.52958679199219,388.8221435546875,1.7882459163665771,1.7125390768051147,0.9025154113769531
15,1197,75.23939514160156,235.0870361328125,1.7243564128875732,1.1414963006973267,0.7663755416870117
15,1198,145.948486328125,864.4525756835938,1.9834411144256592,2.336527109146118,1.118947982788086
15,1199,94.20814514160156,302.3340148925781,2.13249135017395,1.3367279767990112,0.980865478515625
15,1200,110.01133728027344,378.5035705566406,2.4053659439086914,1.8338584899902344,0.7555198669433594
15,1201,105.64530181884766,475.71270751953125,1.9358010292053223,1.360982894897461,1.236185073852539
15,1202,79.9393081665039,297.49871826171875,1.6729811429977417,1.1707332134246826,1.0560684204101562
15,1203,88.54928588867188,373.8134765625,1.7055978775024414,1.1817010641098022,1.4385700225830078
15,1204,90.17938232421875,369.20086669921875,1.7753099203109741,1.298276662826538,0.9088163375854492
15,1205,95.8712158203125,418.21014404296875,1.8016732931137085,1.4907925128936768,1.135284423828125
15,1206,94.72893524169922,363.2965393066406,1.9466426372528076,1.4908983707427979,1.0967416763305664
15,1207,86.91753387451172,333.1220703125,1.786844253540039,1.331496000289917,0.9299039840698242
15,1208,88.52458190917969,337.9208679199219,1.8244163990020752,1.1874363422393799,1.248931884765625
15,1209,90.39300537109375,294.1015319824219,2.032761573791504,1.0306847095489502,1.0246868133544922
15,1210,81.48863220214844,237.07752990722656,1.9260293245315552,1.0834026336669922,1.0313005447387695
15,1211,82.69478607177734,210.68496704101562,2.0542097091674805,1.1538267135620117,0.9729032516479492
15,1212,90.70968627929688,382.53106689453125,1.7485525608062744,1.7302091121673584,0.7857933044433594
15,1213,82.14382934570312,318.55218505859375,1.6762869358062744,1.362950325012207,0.9638490676879883
15,1214,85.4701156616211,313.7698059082031,1.8031044006347656,1.376188039779663,0.9260749816894531
15,1215,107.06065368652344,450.7300720214844,2.0662546157836914,1.7904622554779053,1.3058700561523438
15,1216,102.42169952392578,389.11151123046875,2.117018222808838,1.3583829402923584,1.2012128829956055
15,1217,95.70658111572266,340.2597351074219,2.0560202598571777,1.4237616062164307,1.036691665649414
15,1218,138.36215209960938,805.55517578125,1.9268875122070312,1.875558614730835,0.8900995254516602
15,1219,96.42547607421875,348.54888916015625,2.0523529052734375,1.544714331626892,0.8872108459472656
15,1220,102.81257629394531,339.4080810546875,2.2957255840301514,1.5529308319091797,1.1253166198730469
15,1221,77.05713653564453,221.089111328125,1.8316075801849365,1.3002722263336182,0.9858827590942383
15,1222,96.3338623046875,406.64410400390625,1.8556485176086426,1.1830132007598877,1.5235919952392578
15,1223,91.95630645751953,343.46258544921875,1.9203349351882935,1.5252583026885986,1.0278825759887695
15,1224,98.25154113769531,446.0743103027344,1.7881368398666382,1.2430946826934814,1.3574247360229492
15,1225,165.97067260742188,1082.2193603515625,1.9249579906463623,2.7087700366973877,0.95684814453125
15,1226,94.17332458496094,319.6519775390625,2.0736043453216553,1.1765131950378418,1.0402584075927734
15,1227,103.18585205078125,446.22418212890625,1.9521145820617676,1.2011749744415283,1.397207260131836
15,1228,102.3824691772461,406.07513427734375,2.0591652393341064,1.472550868988037,1.291982650756836
15,1229,82.35594177246094,300.115478515625,1.744813084602356,1.171579122543335,1.1994304656982422
15,1230,82.9052505493164,241.27920532226562,1.9592442512512207,0.95986008644104,1.1400814056396484
15,1231,182.20066833496094,1165.89501953125,2.1870388984680176,1.9252376556396484,1.2136058807373047
15,1232,97.75798034667969,378.70782470703125,1.9962399005889893,1.476043939590454,1.0876779556274414
15,1233,87.52735900878906,336.7684326171875,1.795017123222351,1.3191031217575073,1.0664215087890625
15,1234,86.4227523803711,274.6974792480469,1.9651000499725342,1.2413079738616943,0.9965915679931641
15,1235,101.99825286865234,394.91668701171875,2.083552837371826,1.2992300987243652,1.377030372619629
15,1236,104.87493133544922,410.0713806152344,2.1289265155792236,1.110080361366272,1.0177631378173828
15,1237,106.04222106933594,350.6051025390625,2.3660571575164795,1.3418967723846436,1.200444221496582
15,1238,87.40663146972656,343.16656494140625,1.7696659564971924,1.4644010066986084,1.2318840026855469
15,1239,128.95314025878906,750.734619140625,1.7959893941879272,1.66591477394104,1.0259008407592773
15,1240,98.19171142578125,379.56036376953125,2.0078558921813965,1.6030502319335938,0.8065404891967773
15,1241,68.17601776123047,213.79803466796875,1.5598738193511963,1.2665860652923584,0.8815174102783203
15,1242,76.24346160888672,228.06289672851562,1.7812390327453613,1.1276698112487793,1.0248842239379883
15,1243,96.241943359375,342.84326171875,2.065253734588623,1.1498903036117554,1.057175636291504
15,1244,84.24712371826172,291.48431396484375,1.836623191833496,1.0623599290847778,1.1185178756713867
15,1245,82.07931518554688,335.38421630859375,1.6180298328399658,1.2954617738723755,1.0421028137207031
15,1246,117.51132202148438,526.23779296875,2.1629180908203125,1.1696524620056152,1.4636306762695312
15,1247,92.04602813720703,369.0596618652344,1.8380019664764404,1.2675576210021973,1.382737159729004
15,1248,72.00582885742188,201.87570190429688,1.7272753715515137,1.164398193359375,0.8351154327392578
15,1249,91.83415222167969,289.11541748046875,2.0974202156066895,1.1996455192565918,0.8750019073486328
15,1250,96.71022033691406,461.702880859375,1.6846644878387451,1.3198922872543335,1.2431221008300781
15,1251,77.35438537597656,252.0947265625,1.7381635904312134,0.9563165307044983,1.1391353607177734
15,1252,94.74061584472656,269.50787353515625,2.2596607208251953,1.2016055583953857,0.8711118698120117
15,1253,98.82615661621094,340.7382507324219,2.1584110260009766,1.21229088306427,1.210984230041504
15,1254,81.11289978027344,299.8103332519531,1.7043956518173218,1.407060146331787,1.1580934524536133
15,1255,92.68511962890625,354.48516845703125,1.9078867435455322,1.4895845651626587,1.4154062271118164
15,1256,90.55784606933594,290.85382080078125,2.049082040786743,1.267494559288025,0.8669261932373047
15,1257,86.24561309814453,294.78936767578125,1.89222252368927,1.6111708879470825,0.7839469909667969
15,1258,97.18351745605469,356.9339294433594,2.049670934677124,1.0864779949188232,1.4307374954223633
15,1259,86.77838134765625,318.75323486328125,1.8301019668579102,1.5018538236618042,0.9833860397338867
15,1260,327.21612548828125,2682.424560546875,1.96578848361969,2.7483956813812256,0.8041191101074219
15,1261,79.21817016601562,265.24566650390625,1.756453514099121,1.4114484786987305,0.7919044494628906
15,1262,91.57349395751953,294.38287353515625,2.071173667907715,1.2508854866027832,0.936396598815918
15,1263,94.33665466308594,398.969482421875,1.8146568536758423,1.1138794422149658,1.4542779922485352
15,1264,106.03501892089844,508.50567626953125,1.8394817113876343,1.5647611618041992,1.3888397216796875
15,1265,83.04393005371094,308.9596252441406,1.7382655143737793,1.3540544509887695,1.0377988815307617
15,1266,102.52342987060547,459.9497375488281,1.8842817544937134,1.3528850078582764,1.1266202926635742
15,1267,101.78162384033203,378.4093322753906,2.1313562393188477,1.480893850326538,1.0897502899169922
15,1268,98.50829315185547,407.9219970703125,1.9238697290420532,1.354138970375061,1.4346075057983398
15,1269,78.46739196777344,240.33924865722656,1.8144488334655762,0.8258486986160278,0.9802398681640625
15,1270,95.61212158203125,373.02691650390625,1.9436475038528442,1.2775485515594482,1.2714252471923828
15,1271,84.70613861083984,319.916015625,1.7571512460708618,1.3936333656311035,0.6784515380859375
15,1272,99.10946655273438,434.16998291015625,1.8564155101776123,1.4101448059082031,1.0458135604858398
15,1273,83.89100646972656,280.8807373046875,1.860097885131836,1.2560224533081055,1.1111783981323242
15,1274,107.21804809570312,562.952880859375,1.697425365447998,1.4425877332687378,1.162424087524414
15,1275,91.1739730834961,302.9140930175781,2.029418706893921,1.4510390758514404,0.9825630187988281
15,1276,115.10868835449219,492.4734191894531,2.195378065109253,1.2273935079574585,1.7843399047851562
15,1277,98.3138427734375,371.673583984375,2.0382161140441895,1.28169846534729,1.1118059158325195
15,1278,88.61083984375,318.53302001953125,1.8919180631637573,1.6357121467590332,0.7846670150756836
15,1279,111.35344696044922,526.2473754882812,1.9576237201690674,1.558318853378296,1.513655662536621
15,1280,76.8696517944336,243.53807067871094,1.7505282163619995,1.0696535110473633,0.8540830612182617
15,1281,93.13080596923828,322.2023010253906,2.0303525924682617,0.8605038523674011,1.4456748962402344
15,1282,107.06184387207031,531.027587890625,1.7986361980438232,1.0630773305892944,1.5238542556762695
15,1283,91.78916931152344,371.6067810058594,1.8209495544433594,1.513397455215454,1.1199979782104492
15,1284,228.20191955566406,1669.2177734375,2.0426712036132812,2.397578716278076,1.2676420211791992
15,1285,228.79840087890625,1744.056884765625,1.8130905628204346,2.9737305641174316,1.080174446105957
15,1286,109.32865905761719,552.046630859375,1.8041331768035889,1.9236407279968262,1.4591360092163086
15,1287,84.04623413085938,290.64971923828125,1.8327085971832275,1.1625746488571167,1.0036096572875977
15,1288,80.21920776367188,286.4805603027344,1.7190382480621338,1.1080667972564697,1.2110748291015625
15,1289,99.03207397460938,408.7879638671875,1.9384424686431885,1.7536685466766357,1.3844280242919922
15,1290,72.11878967285156,179.77989196777344,1.8046934604644775,0.9112856388092041,0.7082090377807617
15,1291,101.79695129394531,373.67340087890625,2.147653579711914,1.3899874687194824,0.8704843521118164
15,1292,81.12356567382812,322.3121032714844,1.6297452449798584,1.3670135736465454,0.9750032424926758
15,1293,100.23361206054688,453.96148681640625,1.8279155492782593,1.2818162441253662,1.4592571258544922
15,1294,83.18601989746094,318.89306640625,1.709890365600586,1.1778910160064697,1.1595897674560547
15,1295,105.70960235595703,479.7220458984375,1.9245798587799072,1.420750617980957,0.9813785552978516
15,1296,94.20726013183594,308.0353088378906,2.113457679748535,1.2808650732040405,1.1964187622070312
15,1297,117.45755004882812,570.8892211914062,2.0122873783111572,1.8012598752975464,0.9503154754638672
15,1298,85.7575912475586,222.2102508544922,2.1178855895996094,0.9606989026069641,0.897028923034668
15,1299,106.42355346679688,397.4351806640625,2.222667694091797,1.481383204460144,1.009805679321289
15,1300,85.80110168457031,303.043701171875,1.8498910665512085,1.3733181953430176,0.9056119918823242
15,1301,97.88209533691406,419.81103515625,1.8633663654327393,1.3579035997390747,1.3487377166748047
15,1302,95.20829772949219,384.2913513183594,1.8926386833190918,1.4942712783813477,1.267838478088379
15,1303,77.42047882080078,246.8433074951172,1.7578715085983276,1.084829568862915,1.0793991088867188
15,1304,98.61842346191406,370.2125549316406,2.053238868713379,1.4273183345794678,1.1698637008666992
15,1305,85.11848449707031,255.78857421875,1.9846543073654175,1.0629055500030518,1.0103416442871094
15,1306,132.61412048339844,722.6810913085938,2.011533737182617,1.892336130142212,1.0425310134887695
15,1307,84.63546752929688,293.9209899902344,1.8414456844329834,1.215564489364624,1.0511016845703125
15,1308,94.45928192138672,394.64642333984375,1.8331546783447266,1.3586807250976562,1.1556520462036133
15,1309,82.97074127197266,264.850830078125,1.8828551769256592,0.9294677376747131,1.3269433975219727
15,1310,86.73937225341797,320.0268249511719,1.8245563507080078,1.3412861824035645,1.4003124237060547
15,1311,87.78844451904297,341.392333984375,1.7883070707321167,1.4209991693496704,1.326401710510254
15,1312,89.23885345458984,274.7571105957031,2.0587713718414307,1.225594162940979,1.1205062866210938
15,1313,90.02442169189453,309.25604248046875,1.9699606895446777,1.4286961555480957,1.2904815673828125
15,1314,91.4141845703125,383.65985107421875,1.7682732343673706,1.7025854587554932,1.2466850280761719
15,1315,120.56559753417969,550.8784790039062,2.182591438293457,1.7104167938232422,0.9787483215332031
15,1316,120.93609619140625,602.7599487304688,2.022003173828125,1.818298101425171,1.3782520294189453
15,1317,86.1922836303711,340.7970886230469,1.7370858192443848,1.4311219453811646,1.1006317138671875
15,1318,81.41291046142578,256.72174072265625,1.8580245971679688,0.9948443174362183,1.047865867614746
15,1319,89.31766510009766,271.19287109375,2.0732791423797607,1.152397632598877,1.0359001159667969
15,1320,90.65492248535156,359.00006103515625,1.8251638412475586,1.358544111251831,1.147648811340332
15,1321,88.34416961669922,283.2649841308594,2.00058913230896,1.1844594478607178,1.0549898147583008
15,1322,96.6211929321289,471.8385925292969,1.6479110717773438,1.6740431785583496,0.8117523193359375
15,1323,100.47673034667969,406.6363525390625,1.9937697649002075,1.7125928401947021,1.0848512649536133
15,1324,84.86579895019531,289.3765563964844,1.8642712831497192,1.5485106706619263,0.8244752883911133
15,1325,99.97044372558594,462.7178649902344,1.7899551391601562,1.6761980056762695,0.659419059753418
15,1326,113.6536865234375,404.69189453125,2.439483165740967,1.2212780714035034,1.3897991180419922
15,1327,112.66448974609375,466.21380615234375,2.20143723487854,1.5815517902374268,1.2809514999389648
15,1328,91.04135131835938,346.57513427734375,1.879461407661438,1.3304336071014404,1.1208515167236328
15,1329,99.52082824707031,385.633544921875,2.0319159030914307,1.3041998147964478,1.0465154647827148
15,1330,67.40559387207031,210.65769958496094,1.5446608066558838,0.9872183799743652,0.7710609436035156
15,1331,98.32266235351562,428.5127868652344,1.849046230316162,1.6715298891067505,0.8396615982055664
15,1332,85.2036361694336,287.7416687011719,1.8809821605682373,1.102480173110962,1.2036380767822266
15,1333,109.76823425292969,525.3272094726562,1.9078505039215088,1.7778321504592896,1.4935131072998047
15,1334,95.70242309570312,402.9207763671875,1.8470115661621094,1.5349167585372925,1.2854804992675781
15,1335,103.854248046875,454.7936706542969,1.9458293914794922,1.6019062995910645,1.3856067657470703
15,1336,89.99638366699219,327.91656494140625,1.9068241119384766,1.1706433296203613,1.2878856658935547
15,1337,82.88455200195312,273.6917419433594,1.8505125045776367,1.334275245666504,0.9349374771118164
15,1338,77.03385925292969,220.5731201171875,1.8325514793395996,1.1921696662902832,0.8667917251586914
15,1339,76.48820495605469,233.31942749023438,1.7718753814697266,1.2024705410003662,0.9035482406616211
15,1340,88.3419189453125,299.65167236328125,1.9458918571472168,1.2154433727264404,0.8920965194702148
15,1341,94.79904174804688,381.77984619140625,1.8873684406280518,1.4330888986587524,0.9244308471679688
15,1342,79.32525634765625,208.1212158203125,1.9504376649856567,1.165083646774292,0.7890329360961914
15,1343,114.28559875488281,540.9629516601562,2.006309986114502,1.7355061769485474,1.4646587371826172
15,1344,108.66638946533203,497.0198669433594,1.965480089187622,1.466812252998352,1.1854400634765625
15,1345,100.10779571533203,348.11712646484375,2.1765360832214355,1.6214869022369385,0.8162317276000977
15,1346,108.20541381835938,570.861328125,1.7039759159088135,1.6472159624099731,0.8438014984130859
15,1347,114.41059875488281,479.81011962890625,2.2143192291259766,1.8311684131622314,1.2512197494506836
15,1348,103.46351623535156,442.94354248046875,1.9723055362701416,1.3514100313186646,1.5320682525634766
15,1349,86.03516387939453,278.76611328125,1.9386184215545654,1.2472608089447021,0.7445688247680664
15,1350,105.32550048828125,413.0565185546875,2.1339950561523438,1.807586431503296,0.935917854309082
15,1351,94.44388580322266,426.19921875,1.7274653911590576,1.9502837657928467,0.7709732055664062
15,1352,135.72509765625,804.1064453125,1.8438150882720947,1.2418439388275146,1.4017953872680664
15,1353,126.36178588867188,654.4027099609375,2.030717372894287,2.0539305210113525,0.9472017288208008
15,1354,81.64425659179688,290.468017578125,1.7532483339309692,1.5139336585998535,0.8127870559692383
15,1355,113.4600830078125,621.7547607421875,1.7094868421554565,1.331915020942688,1.5917816162109375
15,1356,97.98606872558594,334.73675537109375,2.1504130363464355,1.4673428535461426,1.279684066772461
15,1357,89.10687255859375,239.87405395507812,2.1706490516662598,1.4409390687942505,0.738525390625
15,1358,92.45178985595703,392.309326171875,1.7740285396575928,1.5444602966308594,0.944483757019043
15,1359,121.26677703857422,667.5691528320312,1.8169952630996704,1.4523221254348755,1.3821172714233398
15,1360,78.96045684814453,238.52474975585938,1.8369327783584595,1.2191267013549805,0.9551887512207031
15,1361,83.21891784667969,267.5457458496094,1.882144808769226,1.1709184646606445,1.3095941543579102
15,1362,111.14553833007812,529.0040283203125,1.941504716873169,1.7341516017913818,1.096120834350586
15,1363,85.94327545166016,288.40606689453125,1.903422236442566,1.200348973274231,1.0051994323730469
15,1364,89.37324523925781,303.31640625,1.9680535793304443,1.009445309638977,1.126077651977539
15,1365,103.30203247070312,505.97601318359375,1.7568143606185913,1.4534438848495483,1.1612434387207031
15,1366,81.54640197753906,258.554443359375,1.8563653230667114,1.1721192598342896,1.2268791198730469
15,1367,83.01148986816406,363.01519775390625,1.5569988489151,1.4574857950210571,1.025834083557129
15,1368,81.3526840209961,275.68060302734375,1.7928208112716675,1.4365381002426147,0.9621028900146484
15,1369,117.40462493896484,538.739013671875,2.1176908016204834,1.8149397373199463,1.3083343505859375
15,1370,118.23588562011719,553.469482421875,2.0962977409362793,1.929671049118042,1.2566814422607422
15,1371,62.43531799316406,177.31704711914062,1.4901204109191895,1.0014071464538574,0.886326789855957
15,1372,132.3535919189453,644.6161499023438,2.263065814971924,1.280068278312683,1.2135200500488281
15,1373,102.17788696289062,419.9749755859375,2.0060131549835205,1.5556557178497314,1.1895008087158203
15,1374,84.2045669555664,276.42327880859375,1.8854079246520996,1.340606689453125,0.8243207931518555
15,1375,85.0888671875,291.6121520996094,1.8642550706863403,1.154677391052246,0.8547086715698242
15,1376,85.05365753173828,264.88702392578125,1.952165126800537,1.0995341539382935,0.7873964309692383
15,1377,92.17267608642578,281.3623046875,2.1345481872558594,1.5065395832061768,1.0131816864013672
15,1378,94.51646423339844,417.75762939453125,1.7580232620239258,1.185818076133728,1.5769681930541992
15,1379,107.42039489746094,454.02996826171875,2.067246437072754,1.869682788848877,1.1846342086791992
15,1380,82.27727508544922,263.66522216796875,1.863691806793213,1.2987871170043945,1.206319808959961
15,1381,85.32295227050781,243.75009155273438,2.0315980911254883,1.2799899578094482,0.7273540496826172
15,1382,89.49897766113281,321.96466064453125,1.910083532333374,1.23495614528656,0.9415388107299805
15,1383,110.1646728515625,518.96337890625,1.9422776699066162,2.040595054626465,1.232381820678711
15,1384,102.78126525878906,415.28570556640625,2.0417563915252686,1.2028746604919434,1.4755287170410156
15,1385,103.21053314208984,479.1774597167969,1.8430927991867065,1.976426362991333,0.9218921661376953
15,1386,88.88363647460938,319.479248046875,1.8978571891784668,1.2877492904663086,0.9282674789428711
15,1387,96.0394287109375,368.87371826171875,1.9717352390289307,1.3252488374710083,1.107126235961914
15,1388,90.72946166992188,390.4728698730469,1.7227389812469482,1.3430031538009644,1.1013450622558594
15,1389,103.0947265625,498.5960693359375,1.7745038270950317,1.7266571521759033,1.0065326690673828
15,1390,84.46382141113281,298.5085144042969,1.820432424545288,1.222659707069397,1.1536006927490234
15,1391,112.26885986328125,492.10870361328125,2.101933002471924,1.5630199909210205,1.5900964736938477
15,1392,98.84622955322266,375.1899108886719,2.044241189956665,1.5285288095474243,0.9503574371337891
15,1393,89.13928985595703,296.4194641113281,1.9832446575164795,1.6257081031799316,0.46108055114746094
15,1394,91.39703369140625,300.43902587890625,2.0451042652130127,1.4448652267456055,1.108795166015625
15,1395,88.44278717041016,313.53143310546875,1.9029881954193115,1.0902185440063477,1.2332448959350586
15,1396,81.34868621826172,288.3204650878906,1.7505546808242798,1.3368622064590454,1.035186767578125
15,1397,98.04853820800781,331.0131530761719,2.164907455444336,1.318559169769287,0.9807529449462891
15,1398,134.94900512695312,722.6935424804688,2.0893218517303467,1.875180959701538,1.0853424072265625
15,1399,379.7758483886719,3232.926513671875,1.8827728033065796,3.065027952194214,0.8451900482177734
15,1400,82.10255432128906,245.94100952148438,1.9169483184814453,1.1885290145874023,1.0206117630004883
15,1401,72.30135345458984,283.4789123535156,1.4651154279708862,1.147399663925171,1.221512794494629
15,1402,124.07850646972656,559.674560546875,2.2703680992126465,1.3076847791671753,1.5287723541259766
15,1403,116.93501281738281,382.6585693359375,2.622305393218994,1.6043610572814941,1.2130765914916992
15,1404,91.11248016357422,333.6014709472656,1.9250776767730713,1.3383512496948242,1.0953235626220703
15,1405,82.68780517578125,285.0561828613281,1.8060729503631592,1.2268872261047363,1.1731805801391602
15,1406,98.0173110961914,380.3836669921875,1.999298095703125,1.5030443668365479,1.4777498245239258
15,1407,116.15229034423828,496.44683837890625,2.2169201374053955,1.203115701675415,1.544912338256836
15,1408,70.70751953125,157.9868927001953,1.8302942514419556,0.6711771488189697,0.732548713684082
15,1409,108.3363037109375,508.321533203125,1.9168050289154053,1.3337517976760864,1.7974586486816406
15,1410,87.94868469238281,347.9903259277344,1.7716552019119263,1.3688616752624512,1.0969114303588867
15,1411,113.48652648925781,527.0701293945312,2.0259838104248047,2.0253751277923584,1.1946067810058594
15,1412,229.75344848632812,1643.2705078125,2.1808793544769287,2.6977193355560303,1.1104650497436523
15,1413,115.08293151855469,599.9906005859375,1.836129069328308,1.2091299295425415,2.2129650115966797
15,1414,93.3515853881836,302.6571044921875,2.102862596511841,0.874031126499176,1.1642866134643555
15,1415,95.58616638183594,330.42840576171875,2.084777593612671,1.286008358001709,1.4238739013671875
15,1416,104.28436279296875,472.3353271484375,1.9016945362091064,1.4409594535827637,1.488485336303711
15,1417,142.06544494628906,861.197265625,1.8648571968078613,2.1314313411712646,0.8872365951538086
15,1418,137.68727111816406,772.9885864257812,2.0129470825195312,1.8890001773834229,1.3702020645141602
15,1419,111.1910629272461,514.7125244140625,1.990660309791565,1.6856141090393066,1.1473417282104492
15,1420,103.56239318847656,428.76629638671875,2.0228588581085205,1.7176671028137207,1.3809795379638672
15,1421,110.34931945800781,505.9006042480469,1.9919753074645996,1.6638293266296387,1.1670875549316406
15,1422,104.53840637207031,486.0792541503906,1.8643494844436646,1.3621978759765625,1.5947198867797852
15,1423,91.58516693115234,293.2752380371094,2.0752546787261963,1.47736394405365,1.0933771133422852
15,1424,101.17192077636719,426.9770202636719,1.9491405487060547,1.8134759664535522,1.2299747467041016
15,1425,94.16583251953125,333.9461364746094,2.025707244873047,1.048015832901001,1.4020919799804688
15,1426,107.32801818847656,504.05242919921875,1.897425889968872,1.9695709943771362,0.850581169128418
15,1427,96.37842559814453,353.2216491699219,2.0352087020874023,1.059861421585083,1.1987848281860352
15,1428,90.16281127929688,282.38946533203125,2.064128875732422,0.8164576292037964,1.1123313903808594
15,1429,100.81558990478516,397.7343444824219,2.034738540649414,1.2504535913467407,1.1914939880371094
15,1430,88.46531677246094,391.1233825683594,1.64509916305542,1.2635552883148193,1.301630973815918
15,1431,79.63047790527344,281.4111328125,1.7163121700286865,1.2343506813049316,0.8200206756591797
15,1432,95.8263931274414,339.4570007324219,2.062689781188965,1.4815560579299927,1.2147836685180664
15,1433,93.50607299804688,342.38775634765625,1.975576639175415,1.2406823635101318,1.115264892578125
15,1434,85.95137023925781,247.12193298339844,2.0413057804107666,1.1117664575576782,1.1209087371826172
15,1435,107.32601928710938,466.8664245605469,2.021312713623047,1.6511439085006714,1.0654420852661133
15,1436,77.26741790771484,190.41197204589844,1.9408739805221558,1.144714593887329,0.6404075622558594
15,1437,99.25389099121094,395.94122314453125,1.9886589050292969,1.6611751317977905,0.8518915176391602
15,1438,83.09577178955078,225.14703369140625,2.019368886947632,0.9192530512809753,1.1101341247558594
15,1439,97.85357666015625,400.5252685546875,1.9267017841339111,1.045440673828125,1.5965919494628906
15,1440,83.17146301269531,305.136474609375,1.7552605867385864,1.0126311779022217,1.352229118347168
15,1441,123.58062744140625,640.333740234375,1.9849083423614502,1.636691927909851,1.3882884979248047
15,1442,96.92174530029297,404.3709716796875,1.8828215599060059,1.4504070281982422,1.297438621520996
15,1443,96.49380493164062,393.2433166503906,1.9056490659713745,1.5169447660446167,1.074021339416504
15,1444,124.46075439453125,487.9374084472656,2.522233724594116,1.9216108322143555,1.2136974334716797
15,1445,93.64756774902344,402.250244140625,1.7807512283325195,1.5446655750274658,0.9067173004150391
15,1446,101.55918884277344,399.664306640625,2.0530920028686523,1.6150527000427246,1.1850395202636719
15,1447,78.31170654296875,258.916748046875,1.7473342418670654,1.1200027465820312,0.9352741241455078
15,1448,111.22345733642578,553.5252075195312,1.8623645305633545,1.7820948362350464,0.6347026824951172
15,1449,115.21295166015625,552.8366088867188,1.997642993927002,1.1991591453552246,1.508265495300293
15,1450,111.56878662109375,549.2113037109375,1.8882551193237305,1.6077170372009277,1.266737937927246
15,1451,86.35208892822266,346.31512451171875,1.7240192890167236,1.4596924781799316,1.154937744140625
15,1452,154.01846313476562,942.1053466796875,1.9935977458953857,1.878467082977295,1.0807056427001953
15,1453,98.07380676269531,307.62774658203125,2.243701219558716,1.4054169654846191,0.9286355972290039
15,1454,105.72856140136719,430.5411071777344,2.08914852142334,1.5921423435211182,1.2385473251342773
15,1455,105.19248962402344,475.19073486328125,1.9224472045898438,1.5120701789855957,1.2346115112304688
15,1456,74.95559692382812,226.126953125,1.7447633743286133,1.0971121788024902,0.9026088714599609
15,1457,95.40302276611328,389.2903747558594,1.8824660778045654,1.0443115234375,1.5375967025756836
15,1458,80.11991119384766,277.31512451171875,1.7462799549102783,1.5137203931808472,1.040292739868164
15,1459,136.6978302001953,757.206787109375,2.032571792602539,1.8776733875274658,1.542022705078125
15,1460,112.32417297363281,628.1934204101562,1.6501610279083252,2.1200132369995117,0.6197404861450195
15,1461,98.00372314453125,441.6473083496094,1.7946332693099976,1.3845041990280151,1.3085718154907227
15,1462,101.06629943847656,383.8358459472656,2.089423656463623,1.0287244319915771,1.40350341796875
15,1463,86.21228790283203,374.7543640136719,1.6245616674423218,1.4409077167510986,1.3313331604003906
15,1464,93.57664489746094,340.8546447753906,1.983039379119873,1.1816990375518799,1.3619699478149414
15,1465,85.13775634765625,285.747314453125,1.8854342699050903,1.2879739999771118,1.0841379165649414
15,1466,94.98519897460938,418.4573059082031,1.771315574645996,1.358337640762329,0.7676811218261719
15,1467,205.16598510742188,1401.766845703125,2.1663100719451904,2.2780282497406006,1.2754402160644531
15,1468,115.69580078125,585.89697265625,1.9035367965698242,1.7075159549713135,0.8535985946655273
15,1469,118.62786865234375,590.4486694335938,1.9860998392105103,1.7561399936676025,0.9172906875610352
15,1470,81.85908508300781,283.0484313964844,1.7851414680480957,1.1464996337890625,1.0534000396728516
15,1471,97.75028991699219,414.453125,1.8768326044082642,1.5272650718688965,1.019059181213379
15,1472,74.87287902832031,238.96200561523438,1.6992225646972656,1.3909404277801514,0.8152332305908203
15,1473,109.92405700683594,566.8340454101562,1.7746883630752563,1.8280045986175537,1.1975107192993164
15,1474,104.50152587890625,490.4185791015625,1.8486554622650146,1.657553791999817,1.0365943908691406
15,1475,81.68840026855469,260.6384582519531,1.854151964187622,1.5970547199249268,0.8542776107788086
15,1476,89.24610137939453,290.6501159667969,2.0060362815856934,1.0524450540542603,0.9855794906616211
15,1477,90.15943145751953,391.3088684082031,1.7009514570236206,1.1768946647644043,1.1774415969848633
15,1478,87.59935760498047,391.69989013671875,1.6143121719360352,1.459383487701416,1.1465682983398438
15,1479,84.44146728515625,296.3109130859375,1.827012538909912,1.2374014854431152,1.2351760864257812
15,1480,80.06733703613281,307.6869201660156,1.643288016319275,1.2314072847366333,0.9887914657592773
15,1481,113.74473571777344,555.4749145507812,1.9399081468582153,1.5472437143325806,1.05780029296875
15,1482,98.13327026367188,419.7332763671875,1.8719980716705322,1.4629104137420654,1.0921039581298828
15,1483,89.05365753173828,304.46514892578125,1.9535714387893677,1.4609479904174805,0.7399320602416992
15,1484,104.30897521972656,356.36090087890625,2.2890963554382324,1.8506642580032349,0.6440715789794922
15,1485,131.1566925048828,786.0492553710938,1.751725435256958,2.4869914054870605,1.0471992492675781
15,1486,88.87053680419922,394.65618896484375,1.646830677986145,1.499186635017395,0.8876619338989258
15,1487,90.84628295898438,299.76171875,2.029003620147705,1.34933602809906,1.044602394104004
15,1488,116.70279693603516,578.7044677734375,1.9610782861709595,1.9357420206069946,1.4517402648925781
15,1489,90.66395568847656,390.54986572265625,1.7202987670898438,1.2447001934051514,1.355433464050293
15,1490,102.41725158691406,481.35302734375,1.8093984127044678,1.991145372390747,1.2107248306274414
15,1491,92.15147399902344,346.51123046875,1.9166781902313232,1.0814158916473389,1.1801986694335938
15,1492,114.2025146484375,526.7595825195312,2.050884962081909,1.7458159923553467,1.0724000930786133
15,1493,129.8677215576172,663.703369140625,2.116579294204712,1.8054478168487549,1.2561569213867188
15,1494,86.85079956054688,392.77471923828125,1.5857776403427124,1.2544159889221191,1.2470455169677734
15,1495,119.69309997558594,713.740234375,1.6106358766555786,1.795393705368042,1.516179084777832
15,1496,214.43148803710938,1592.2987060546875,1.8400537967681885,2.569277286529541,1.0119543075561523
15,1497,81.60592651367188,234.61044311523438,1.938162922859192,1.1093229055404663,0.9297065734863281
15,1498,96.0999984741211,481.6676025390625,1.597774624824524,1.6125054359436035,1.0664854049682617
15,1499,101.64898681640625,415.28082275390625,2.004030227661133,1.5117826461791992,1.0789661407470703
15,1500,82.76895141601562,280.7628479003906,1.8230888843536377,1.2569446563720703,1.1166753768920898
15,1501,90.77685546875,376.6517028808594,1.7703893184661865,1.3059313297271729,1.4503841400146484
15,1502,97.42578125,398.48974609375,1.919226884841919,1.6401368379592896,1.1834659576416016
15,1503,77.0990982055664,211.6951904296875,1.8643193244934082,1.0585601329803467,0.7959470748901367
15,1504,113.52470397949219,582.7252807617188,1.8417391777038574,1.7873226404190063,1.0143985748291016
15,1505,105.85243225097656,378.5054931640625,2.2667293548583984,1.462482213973999,0.8829984664916992
15,1506,97.59783935546875,398.1167297363281,1.9262053966522217,1.485243797302246,1.424947738647461
15,1507,84.7394027709961,316.0130920410156,1.7712697982788086,1.2783982753753662,1.3162307739257812
15,1508,112.17047119140625,557.3634033203125,1.8811378479003906,1.6148215532302856,1.188140869140625
15,1509,104.7428207397461,421.3382873535156,2.0869662761688232,1.3977925777435303,1.441080093383789
15,1510,89.17459869384766,340.7762451171875,1.8365657329559326,1.1275326013565063,1.419057846069336
15,1511,103.47242736816406,397.99786376953125,2.1224212646484375,1.46845281124115,1.3790740966796875
15,1512,95.65597534179688,365.89434814453125,1.9688847064971924,1.1432496309280396,1.4746885299682617
15,1513,83.33848571777344,334.0604248046875,1.664414882659912,1.5032938718795776,1.0255365371704102
15,1514,75.97942352294922,229.431396484375,1.767876148223877,1.376656174659729,0.7475194931030273
15,1515,98.42758178710938,416.9981994628906,1.890925407409668,1.559453010559082,1.3462038040161133
15,1516,105.52850341796875,523.0016479492188,1.774277925491333,1.1467820405960083,0.8612051010131836
15,1517,96.61158752441406,472.9769287109375,1.643796443939209,1.5200198888778687,1.4020919799804688
15,1518,139.5570831298828,753.8372802734375,2.1391117572784424,1.8972935676574707,1.3643999099731445
15,1519,67.40055084228516,181.52235412597656,1.6416106224060059,1.1270473003387451,0.732696533203125
15,1520,108.67388153076172,518.9720458984375,1.892555832862854,1.3659791946411133,1.149653434753418
15,1521,101.59957885742188,486.7140197753906,1.7642724514007568,1.3739702701568604,1.4013423919677734
15,1522,79.91011047363281,233.32977294921875,1.885904312133789,0.9441359043121338,0.9956388473510742
15,1523,75.03466796875,224.94998168945312,1.7513221502304077,1.4072680473327637,0.7802886962890625
15,1524,94.25453186035156,310.6905212402344,2.10618257522583,1.2851431369781494,1.2097768783569336
15,1525,104.7403564453125,441.05169677734375,2.0211730003356934,1.5280741453170776,1.5720443725585938
15,1526,82.78994750976562,331.8409118652344,1.6535283327102661,1.348775863647461,1.1809368133544922
15,1527,79.1192855834961,266.69671630859375,1.7483205795288086,1.387868881225586,0.7515020370483398
15,1528,81.13025665283203,296.03875732421875,1.717545986175537,1.333959698677063,0.862421989440918
15,1529,83.88880920410156,256.34710693359375,1.941803216934204,1.100100040435791,1.1136493682861328
15,1530,90.24781799316406,362.429931640625,1.8001608848571777,1.2185673713684082,1.3644657135009766
15,1531,76.0739517211914,222.91061401367188,1.7927629947662354,1.001800537109375,1.080862045288086
15,1532,95.72340393066406,389.4762268066406,1.8925259113311768,1.6432141065597534,0.8001699447631836
15,1533,97.71168518066406,519.4468994140625,1.525566577911377,1.6599018573760986,1.5328855514526367
15,1534,77.43194580078125,208.08056640625,1.8874629735946655,1.087303638458252,0.9591608047485352
15,1535,83.12715148925781,287.9144287109375,1.8111903667449951,1.1411974430084229,0.9755592346191406
15,1536,87.78239440917969,367.44281005859375,1.701270341873169,1.4661697149276733,1.0409793853759766
15,1537,89.01293182373047,330.94952392578125,1.863932728767395,1.6055371761322021,0.7563285827636719
15,1538,241.38487243652344,1750.927490234375,2.2097370624542236,2.11462664604187,1.5620832443237305
15,1539,145.41867065429688,927.1373291015625,1.7568312883377075,1.8360168933868408,1.3550949096679688
15,1540,98.01392364501953,345.99456787109375,2.1138155460357666,1.417691707611084,1.1404008865356445
15,1541,80.6011962890625,279.4331359863281,1.755262851715088,0.9766173362731934,1.0815200805664062
15,1542,133.67227172851562,798.9537963867188,1.7925631999969482,1.4520790576934814,1.1254949569702148
15,1543,95.66497802734375,392.02313232421875,1.8820886611938477,0.9947470426559448,1.3025026321411133
15,1544,88.57681274414062,278.9212341308594,2.022822856903076,1.3880860805511475,0.8912515640258789
15,1545,91.35989379882812,342.69549560546875,1.9030115604400635,1.3183307647705078,1.1474361419677734
15,1546,102.62728881835938,386.0385437011719,2.1341142654418945,1.4996647834777832,1.3077659606933594
15,1547,114.42091369628906,570.8468627929688,1.9112074375152588,2.0438551902770996,0.9680280685424805
15,1548,87.21377563476562,355.90899658203125,1.7207624912261963,1.3674720525741577,1.3221960067749023
15,1549,86.69322967529297,263.5113220214844,2.0114030838012695,1.474822998046875,0.8668336868286133
15,1550,89.01602935791016,268.1256103515625,2.073448896408081,1.359237551689148,0.9487333297729492
15,1551,99.03626251220703,427.9181823730469,1.874814748764038,1.1775412559509277,0.950958251953125
15,1552,126.18684387207031,690.4322509765625,1.9047870635986328,2.038551092147827,1.5445365905761719
15,1553,99.3118667602539,403.0926513671875,1.966753363609314,1.2408913373947144,1.790785789489746
15,1554,72.51270294189453,269.2879638671875,1.5194635391235352,0.9739810228347778,1.076101303100586
15,1555,66.98600769042969,218.1399383544922,1.5057337284088135,0.9914074540138245,0.7821531295776367
15,1556,99.5440902709961,512.7090454101562,1.609106183052063,1.0917240381240845,1.8558340072631836
15,1557,88.06771087646484,306.9129638671875,1.9125471115112305,1.2272461652755737,1.3613882064819336
15,1558,104.10220336914062,402.22113037109375,2.129336357116699,1.6247352361679077,1.107370376586914
15,1559,159.007080078125,916.0206909179688,2.246833324432373,2.1916730403900146,1.5242528915405273
15,1560,80.0519027709961,226.5849609375,1.9131134748458862,1.185652256011963,0.7528858184814453
15,1561,92.34476470947266,425.69085693359375,1.659189224243164,1.3782721757888794,1.6083698272705078
15,1562,102.45259094238281,393.63238525390625,2.102978229522705,1.4307258129119873,1.153721809387207
15,1563,99.00001525878906,410.29132080078125,1.9323629140853882,1.4536707401275635,1.1492481231689453
15,1564,89.2403564453125,280.2186279296875,2.040616512298584,1.0663187503814697,1.4070301055908203
15,1565,94.67018127441406,436.61212158203125,1.7002989053726196,1.495186686515808,1.2092370986938477
15,1566,103.03741455078125,436.87469482421875,1.9783315658569336,1.6566746234893799,0.8736209869384766
15,1567,96.6400375366211,437.8930969238281,1.7616908550262451,1.4317268133163452,1.2393608093261719
15,1568,87.76179504394531,295.50372314453125,1.9403806924819946,1.1755856275558472,1.019129753112793
15,1569,102.68890380859375,435.4268798828125,1.9715403318405151,1.4128084182739258,1.116572380065918
15,1570,106.03162384033203,451.8287353515625,2.028291702270508,1.550340175628662,1.3840036392211914
15,1571,78.69688415527344,234.37509155273438,1.8419791460037231,0.9226702451705933,1.0249338150024414
15,1572,85.99917602539062,296.25054931640625,1.8791372776031494,1.1550519466400146,1.105839729309082
15,1573,93.0722427368164,252.27273559570312,2.2614989280700684,1.099537968635559,1.0519847869873047
15,1574,109.45693969726562,536.041259765625,1.8617604970932007,1.5307154655456543,1.2242612838745117
15,1575,90.24111938476562,299.32965087890625,2.0102717876434326,1.0143318176269531,1.1985416412353516
15,1576,75.98725891113281,236.11215209960938,1.7458680868148804,0.9868797063827515,1.006251335144043
15,1577,75.06810760498047,252.3603057861328,1.6610692739486694,1.2033600807189941,0.9552803039550781
15,1578,86.69548797607422,265.4354248046875,2.0050647258758545,1.3472955226898193,0.9847946166992188
15,1579,94.99278259277344,339.90777587890625,2.033400058746338,1.216199278831482,1.2328901290893555
15,1580,103.33949279785156,503.29644775390625,1.7669949531555176,1.5306658744812012,1.0952520370483398
15,1581,116.51443481445312,484.1304931640625,2.2700462341308594,1.6407278776168823,1.1164331436157227
15,1582,111.1453857421875,480.07977294921875,2.1045804023742676,1.551630973815918,1.5020036697387695
15,1583,88.02645874023438,339.97906494140625,1.8009519577026367,1.6855520009994507,0.9957904815673828
15,1584,76.08381652832031,232.38827514648438,1.7614995241165161,1.2006174325942993,0.9163627624511719
15,1585,77.46730041503906,199.1029052734375,1.9185669422149658,0.8905562162399292,0.9264125823974609
15,1586,85.83248901367188,285.27752685546875,1.9101577997207642,1.264670491218567,1.2646551132202148
15,1587,112.62516021728516,578.3411254882812,1.8263682126998901,1.406551480293274,1.3604154586791992
15,1588,112.26666259765625,514.8927612304688,2.0259130001068115,1.6624937057495117,1.5601606369018555
15,1589,85.9706039428711,318.3912048339844,1.8043828010559082,1.2954349517822266,1.3280649185180664
15,1590,95.20799255371094,343.4303283691406,2.028831958770752,1.0402814149856567,1.3136577606201172
15,1591,76.52100372314453,251.12960815429688,1.7136014699935913,1.0446994304656982,1.2128868103027344
15,1592,87.01525115966797,273.14337158203125,1.9900305271148682,1.1944936513900757,0.8037357330322266
15,1593,87.33450317382812,309.6798400878906,1.878883957862854,1.2939997911453247,1.2661924362182617
15,1594,125.38671875,645.2813720703125,2.0286192893981934,1.672008752822876,1.072749137878418
15,1595,85.4691162109375,286.8829345703125,1.8926939964294434,1.017931580543518,1.3377752304077148
15,1596,95.51460266113281,421.2244873046875,1.7797386646270752,1.5335196256637573,1.166550636291504
15,1597,92.10777282714844,332.7472229003906,1.9611015319824219,1.3460924625396729,1.022831916809082
15,1598,97.32847595214844,328.735595703125,2.1484971046447754,1.4647390842437744,0.8123865127563477
15,1599,79.10633087158203,242.64193725585938,1.8280712366104126,1.124140739440918,0.8696079254150391
15,1600,109.23389434814453,609.40087890625,1.6097934246063232,1.3652839660644531,1.3863811492919922
15,1601,82.16496276855469,250.8715362548828,1.902593731880188,1.19119393825531,1.2316150665283203
15,1602,132.26510620117188,715.6082763671875,2.0234756469726562,2.1907005310058594,1.502420425415039
15,1603,86.69120025634766,276.62109375,1.9676363468170166,1.2853267192840576,0.921473503112793
15,1604,112.72339630126953,534.5518798828125,1.975606918334961,1.2585220336914062,1.3404598236083984
15,1605,82.59234619140625,287.93701171875,1.793288230895996,1.2821911573410034,1.0990228652954102
15,1606,79.73493194580078,195.96258544921875,2.004622459411621,1.0543437004089355,0.8088321685791016
15,1607,75.97200775146484,149.41384887695312,2.0343539714813232,0.7760920524597168,0.8473043441772461
15,1608,85.42507934570312,271.9530029296875,1.9409925937652588,1.1819591522216797,1.0087900161743164
15,1609,104.3465576171875,531.5400390625,1.7064183950424194,1.2954304218292236,1.0056304931640625
15,1610,99.82768249511719,385.4650573730469,2.042705774307251,1.412862777709961,0.9892148971557617
15,1611,86.54220581054688,313.2681884765625,1.840512990951538,1.475517988204956,1.1117191314697266
15,1612,85.24592590332031,309.4393005371094,1.8100665807724,1.202075481414795,1.1481437683105469
15,1613,91.11166381835938,288.6481018066406,2.074894905090332,1.2812541723251343,1.1519184112548828
15,1614,73.328125,261.0934753417969,1.573959231376648,0.7579829692840576,1.305251121520996
15,1615,80.96806335449219,276.24896240234375,1.7781054973602295,1.1268616914749146,1.1521282196044922
15,1616,92.26153564453125,363.77587890625,1.8627980947494507,1.44804048538208,0.8798866271972656
15,1617,235.24847412109375,1735.2823486328125,2.0573410987854004,2.257894515991211,1.3590316772460938
15,1618,100.69732666015625,392.976806640625,2.0466549396514893,1.3404300212860107,1.086043357849121
15,1619,91.74417114257812,271.64520263671875,2.1526551246643066,1.0324028730392456,1.0906982421875
15,1620,84.36563873291016,296.8502502441406,1.8226871490478516,1.103350281715393,1.0965194702148438
15,1621,84.86908721923828,274.9309997558594,1.9125328063964844,1.553322434425354,0.6462230682373047
15,1622,92.74177551269531,316.40496826171875,2.0367093086242676,1.6932148933410645,0.6621160507202148
15,1623,94.72175598144531,370.24053955078125,1.9232566356658936,1.3517487049102783,1.1679191589355469
15,1624,94.71749877929688,416.6510925292969,1.7684130668640137,1.0991942882537842,1.2980842590332031
15,1625,95.91853332519531,393.5345458984375,1.8855026960372925,1.5954506397247314,0.7898941040039062
15,1626,83.33320617675781,261.81048583984375,1.90507173538208,1.3493618965148926,0.9307756423950195
15,1627,90.68960571289062,300.7538146972656,2.0204739570617676,1.3771892786026,0.858790397644043
15,1628,86.9326171875,324.37506103515625,1.8165037631988525,1.5364296436309814,0.7731151580810547
15,1629,90.769287109375,335.5880126953125,1.9070161581039429,1.3367128372192383,1.230484962463379
15,1630,130.80181884765625,674.7255249023438,2.1109752655029297,1.9713821411132812,1.091278076171875
15,1631,173.1947021484375,1129.368408203125,2.0085952281951904,2.208712100982666,1.2543878555297852
15,1632,368.7825012207031,3038.868896484375,2.1631863117218018,3.9483859539031982,0.9845380783081055
15,1633,83.70247650146484,263.3592834472656,1.9122183322906494,1.2335729598999023,0.9353275299072266
15,1634,107.00112915039062,479.3493347167969,1.9688732624053955,1.7666819095611572,1.4899063110351562
15,1635,84.58578491210938,278.40380859375,1.8915133476257324,1.079642653465271,1.090662956237793
15,1636,82.24384307861328,232.3248291015625,1.9670453071594238,1.0616307258605957,0.715458869934082
15,1637,99.0903091430664,416.412353515625,1.9149690866470337,1.7457627058029175,0.9184694290161133
15,1638,95.17292785644531,426.8199462890625,1.7496976852416992,1.5058001279830933,1.1708040237426758
15,1639,89.86798095703125,365.2079162597656,1.7782397270202637,1.5452864170074463,1.276937484741211
15,1640,86.25477600097656,315.9197998046875,1.8220932483673096,1.5892722606658936,0.7908077239990234
15,1641,93.29953002929688,297.68096923828125,2.1177144050598145,1.3032077550888062,1.0137338638305664
15,1642,88.03018188476562,282.4263000488281,1.9929182529449463,1.326584815979004,1.1126813888549805
15,1643,110.85358428955078,506.298095703125,2.0074591636657715,1.5610352754592896,1.3643302917480469
15,1644,463.41717529296875,4031.500244140625,2.0089049339294434,3.643322467803955,1.0213756561279297
15,1645,120.1710205078125,463.7264709472656,2.4599456787109375,1.5676027536392212,1.1595802307128906
15,1646,114.03091430664062,524.232421875,2.0535888671875,1.7295243740081787,1.3949050903320312
15,1647,98.91171264648438,380.3308410644531,2.029287576675415,1.4646518230438232,1.0629806518554688
15,1648,122.02299499511719,561.7506103515625,2.1949310302734375,1.962408423423767,0.8395519256591797
15,1649,108.45343017578125,499.5833740234375,1.9498363733291626,1.3475474119186401,1.2337713241577148
15,1650,97.94363403320312,368.8634338378906,2.035242795944214,1.6377567052841187,0.7926845550537109
15,1651,84.5343017578125,343.0172424316406,1.6744192838668823,1.416775107383728,1.1827611923217773
15,1652,74.62129974365234,236.30625915527344,1.6996891498565674,1.1460124254226685,0.9939565658569336
15,1653,117.697509765625,608.8623046875,1.893709421157837,1.4412450790405273,1.4814567565917969
15,1654,126.84979248046875,664.563720703125,2.0131139755249023,1.6136565208435059,1.107290267944336
15,1655,90.83014678955078,302.00421142578125,2.0209908485412598,1.1055481433868408,1.051910400390625
15,1656,106.82984924316406,487.3351745605469,1.9365445375442505,1.1971006393432617,1.683894157409668
15,1657,202.26187133789062,1440.5240478515625,1.9403150081634521,3.0355348587036133,1.4043216705322266
15,1658,95.78312683105469,410.077880859375,1.8258445262908936,1.418158769607544,1.1772947311401367
15,1659,121.0578842163086,609.8074951171875,2.0025711059570312,1.9417461156845093,1.17791748046875
15,1660,92.80029296875,286.4540710449219,2.138496160507202,1.1927015781402588,1.0775833129882812
15,1661,85.98239135742188,314.92657470703125,1.8163244724273682,1.2174185514450073,1.0669221878051758
15,1662,131.264404296875,689.36083984375,2.077610492706299,1.69950270652771,1.9065370559692383
15,1663,67.96704864501953,193.70831298828125,1.6198737621307373,1.1243641376495361,0.7448406219482422
15,1664,161.9375,1012.462646484375,2.023040771484375,2.5978307723999023,1.1024837493896484
15,1665,88.62040710449219,302.7610168457031,1.9448102712631226,0.9433461427688599,1.107447624206543
15,1666,89.35851287841797,273.130126953125,2.068183422088623,1.2151272296905518,0.9588909149169922
15,1667,118.93146514892578,538.8492431640625,2.168217897415161,1.980641484260559,1.0833816528320312
15,1668,91.7673110961914,343.23504638671875,1.9147934913635254,1.5800108909606934,0.8035392761230469
15,1669,81.37351989746094,259.7771301269531,1.846526861190796,1.254314661026001,1.0856599807739258
15,1670,92.66732788085938,280.07208251953125,2.155337333679199,1.1532129049301147,0.9867897033691406
15,1671,101.85969543457031,503.0579528808594,1.7184633016586304,1.8497910499572754,1.140639305114746
15,1672,108.29081726074219,496.0319519042969,1.956254243850708,1.3427555561065674,0.9987449645996094
15,1673,90.65225982666016,335.1405334472656,1.904606819152832,1.2078742980957031,1.230799674987793
15,1674,96.29010772705078,272.5965881347656,2.3010149002075195,1.1177756786346436,0.929783821105957
15,1675,83.8025894165039,226.49981689453125,2.0384202003479004,1.1270811557769775,0.8068399429321289
15,1676,66.61357879638672,216.62118530273438,1.4983820915222168,1.3163771629333496,0.9194107055664062
15,1677,102.90873718261719,351.2599792480469,2.2594246864318848,1.7631326913833618,0.8354082107543945
15,1678,78.74960327148438,271.6804504394531,1.7193851470947266,1.0512144565582275,1.2940940856933594
15,1679,86.68939208984375,375.9142150878906,1.636598825454712,1.4239951372146606,1.2235584259033203
15,1680,85.34881591796875,283.4912414550781,1.8999897241592407,0.9717934131622314,1.0479860305786133
15,1681,86.43183898925781,281.2356872558594,1.9436088800430298,1.4632697105407715,0.8622989654541016
15,1682,92.91033935546875,366.03619384765625,1.8768905401229858,1.448364496231079,1.1832294464111328
15,1683,129.67575073242188,681.11865234375,2.0521295070648193,2.1494932174682617,0.6837472915649414
15,1684,117.3865966796875,505.779052734375,2.2269561290740967,1.8669887781143188,1.2235889434814453
15,1685,80.01652526855469,235.97560119628906,1.8806321620941162,1.3589706420898438,0.7645797729492188
15,1686,99.21023559570312,370.64404296875,2.0715277194976807,1.2864423990249634,1.2884302139282227
15,1687,100.87211608886719,439.9957275390625,1.8957515954971313,1.3705921173095703,1.245488166809082
15,1688,83.3050537109375,309.5054016113281,1.7451505661010742,0.9225538372993469,1.4108772277832031
15,1689,103.82737731933594,456.5589904785156,1.9390491247177124,1.679023027420044,1.4974584579467773
15,1690,93.61679077148438,339.88916015625,1.987595558166504,1.4932199716567993,1.1026220321655273
15,1691,91.43667602539062,352.5653076171875,1.8726716041564941,1.3755807876586914,1.3899269104003906
15,1692,102.95401000976562,445.91973876953125,1.9454009532928467,1.5115488767623901,1.2263717651367188
15,1693,99.6801986694336,422.8870849609375,1.9130496978759766,1.596369743347168,1.3093013763427734
15,1694,98.58251953125,348.68597412109375,2.1237971782684326,1.6987017393112183,1.1871862411499023
15,1695,84.71438598632812,248.5651092529297,1.9952623844146729,1.3744291067123413,0.7561368942260742
15,1696,81.6091537475586,298.0096130371094,1.7269396781921387,1.0219885110855103,1.3687782287597656
15,1697,107.53302001953125,463.12054443359375,2.040699005126953,1.71033775806427,1.2639856338500977
15,1698,84.42133331298828,273.744873046875,1.9015616178512573,1.260028600692749,1.0053253173828125
15,1699,116.42603302001953,493.6863708496094,2.235246419906616,1.737138032913208,1.2070627212524414
15,1700,76.97420501708984,213.44924926757812,1.854309320449829,1.236193299293518,0.8228473663330078
15,1701,92.25749206542969,394.75360107421875,1.7594044208526611,1.323219656944275,0.8746309280395508
15,1702,171.31976318359375,1132.8526611328125,1.9344831705093384,2.7045934200286865,1.0019340515136719
15,1703,115.72637939453125,614.9388427734375,1.8077497482299805,1.718278169631958,0.8277111053466797
15,1704,113.8559341430664,631.575927734375,1.6899447441101074,1.4643765687942505,1.5494861602783203
15,1705,84.70803833007812,243.8878173828125,2.0106418132781982,1.1803255081176758,1.074162483215332
15,1706,111.48636627197266,535.6165161132812,1.930823802947998,1.4229660034179688,1.5700902938842773
15,1707,89.67134857177734,298.51324462890625,1.9940009117126465,1.1254136562347412,1.0668869018554688
15,1708,83.50877380371094,215.15216064453125,2.0664520263671875,1.0328278541564941,1.1081552505493164
15,1709,93.6479721069336,305.496826171875,2.103276252746582,1.0914565324783325,1.306900978088379
15,1710,89.72676849365234,307.3250732421875,1.966475486755371,1.4285109043121338,1.0447711944580078
15,1711,91.95648193359375,346.57525634765625,1.9099652767181396,1.636397123336792,1.0208253860473633
15,1712,88.3460693359375,335.3953552246094,1.8268846273422241,1.0476441383361816,1.4608774185180664
15,1713,323.58123779296875,2641.483642578125,1.9810949563980103,2.7592339515686035,0.9821262359619141
15,1714,83.28913879394531,244.91915893554688,1.9599075317382812,1.171937108039856,0.8850555419921875
15,1715,94.76361846923828,383.36810302734375,1.880893588066101,1.6268186569213867,1.0722894668579102
15,1716,98.29515075683594,443.52935791015625,1.7980737686157227,1.776550054550171,0.7800731658935547
15,1717,98.83546447753906,402.4275207519531,1.9530905485153198,1.6598150730133057,1.213409423828125
15,1718,81.50979614257812,262.7984313964844,1.8409984111785889,1.4441897869110107,0.8288135528564453
15,1719,99.47279357910156,412.0048522949219,1.9424101114273071,1.9007530212402344,0.7944669723510742
15,1720,73.7332534790039,220.6142120361328,1.7223944664001465,0.9088993072509766,0.8425369262695312
15,1721,97.82254028320312,294.22021484375,2.280017375946045,1.5588175058364868,0.8338155746459961
15,1722,91.66612243652344,314.5272216796875,2.007113456726074,1.5403938293457031,0.6729602813720703
15,1723,77.49655151367188,200.0739288330078,1.9163053035736084,1.0128984451293945,0.8349437713623047
15,1724,77.9072265625,183.26492309570312,1.9860246181488037,1.007483959197998,0.6785888671875
15,1725,85.968505859375,345.94635009765625,1.7124624252319336,1.2383193969726562,1.2463369369506836
15,1726,88.87332916259766,302.677978515625,1.9535176753997803,1.435367226600647,0.7537021636962891
15,1727,110.763427734375,534.05859375,1.9119187593460083,1.7716184854507446,1.3243827819824219
15,1728,152.94644165039062,890.8277587890625,2.128788471221924,2.0330522060394287,1.1322250366210938
15,1729,161.63522338867188,962.7728881835938,2.178597927093506,2.1254775524139404,1.0264606475830078
15,1730,87.21209716796875,296.3598937988281,1.9192036390304565,1.3989198207855225,1.003190040588379
15,1731,107.9342041015625,406.22064208984375,2.2437376976013184,1.293252944946289,1.5486116409301758
15,1732,127.89053344726562,675.030029296875,2.0129175186157227,1.836765170097351,1.343815803527832
15,1733,110.540771484375,559.8837890625,1.8184131383895874,1.4900332689285278,1.2025623321533203
15,1734,95.8487548828125,333.2265319824219,2.0842032432556152,1.1709513664245605,1.281865119934082
15,1735,86.69022369384766,311.9769287109375,1.8497509956359863,1.3039271831512451,0.9797382354736328
15,1736,86.60314178466797,327.05401611328125,1.7965912818908691,1.5069549083709717,1.034902572631836
15,1737,78.07562255859375,261.7330322265625,1.7300772666931152,1.1612038612365723,0.9372701644897461
15,1738,83.36627197265625,258.03302001953125,1.9187655448913574,1.3013107776641846,1.2018985748291016
15,1739,88.59672546386719,258.7523193359375,2.0907163619995117,1.2804486751556396,1.0799169540405273
15,1740,95.35488891601562,371.8108215332031,1.93912672996521,1.6713426113128662,0.8491802215576172
15,1741,100.37875366210938,423.08123779296875,1.935687780380249,1.3641180992126465,1.373361587524414
15,1742,76.85871887207031,250.649169921875,1.7264599800109863,0.8949804306030273,1.3374958038330078
15,1743,93.23480224609375,355.5235290527344,1.922748327255249,1.4025156497955322,1.0662164688110352
15,1744,83.82782745361328,337.98419189453125,1.667646884918213,1.131972312927246,1.2284250259399414
15,1745,95.46913146972656,345.4085388183594,2.030942678451538,0.988334596157074,1.0892572402954102
15,1746,128.8587646484375,673.3076782226562,2.050933361053467,2.4302546977996826,1.3123769760131836
15,1747,112.6974105834961,590.8380126953125,1.7871203422546387,1.5578694343566895,1.7477617263793945
15,1748,149.27825927734375,820.1260986328125,2.242187976837158,1.8423234224319458,1.2669963836669922
15,1749,91.1329574584961,270.54931640625,2.1359341144561768,1.469752311706543,0.871673583984375
15,1750,92.57876586914062,300.6585998535156,2.083763360977173,1.4453272819519043,1.0228900909423828
15,1751,89.8144302368164,316.6614990234375,1.9382760524749756,1.4253774881362915,1.079000473022461
15,1752,89.05610656738281,364.4328918457031,1.753760576248169,0.9994935989379883,1.435002326965332
15,1753,80.6047134399414,352.31793212890625,1.5124306678771973,1.5482590198516846,1.0441951751708984
15,1754,112.00814819335938,497.9817810058594,2.0736656188964844,1.870185375213623,0.8880538940429688
15,1755,121.49319458007812,642.443115234375,1.9082961082458496,1.7543143033981323,0.8288993835449219
15,1756,83.5636978149414,279.16033935546875,1.8549220561981201,0.887001633644104,1.1808700561523438
15,1757,205.45501708984375,1464.8760986328125,1.9655804634094238,2.3248038291931152,1.399831771850586
15,1758,105.31939697265625,372.635009765625,2.2685298919677734,1.3526170253753662,1.3880529403686523
15,1759,87.03225708007812,352.45855712890625,1.7262132167816162,1.4841628074645996,1.111485481262207
15,1760,102.12455749511719,411.21551513671875,2.033433675765991,1.8185687065124512,1.1001663208007812
15,1761,79.61800384521484,299.0566711425781,1.6570777893066406,1.1815979480743408,1.1009187698364258
15,1762,88.58016204833984,306.023193359375,1.932594656944275,1.4434173107147217,1.0755672454833984
15,1763,84.94032287597656,292.295654296875,1.857025146484375,1.0955549478530884,1.1802291870117188
15,1764,139.6064453125,836.3917236328125,1.8655754327774048,2.0139360427856445,1.4997119903564453
15,1765,93.93326568603516,295.94366455078125,2.144629955291748,1.3726940155029297,0.9378080368041992
15,1766,72.58246612548828,267.1000671386719,1.52908194065094,1.1750731468200684,1.150503158569336
15,1767,82.08373260498047,295.37176513671875,1.7515519857406616,1.0405738353729248,0.8583536148071289
15,1768,79.29328155517578,309.18560791015625,1.6124906539916992,0.9298369884490967,1.3581113815307617
15,1769,99.70372009277344,459.851806640625,1.7906181812286377,1.4855765104293823,1.143153190612793
15,1770,89.28012084960938,275.8157043457031,2.0566182136535645,1.398039698600769,0.8677444458007812
15,1771,89.14077758789062,356.5619201660156,1.7828195095062256,1.6119582653045654,1.2996673583984375
15,1772,95.15083312988281,379.0312194824219,1.908257007598877,1.7060723304748535,1.1841096878051758
15,1773,117.63936614990234,674.1790161132812,1.674048900604248,1.7879220247268677,1.1053094863891602
15,1774,103.28794860839844,434.0364074707031,1.9961435794830322,1.1838929653167725,1.6422548294067383
15,1775,116.48777770996094,565.0560302734375,1.9994056224822998,1.9135711193084717,0.9032840728759766
15,1776,104.91387176513672,533.5359497070312,1.7186758518218994,1.9059072732925415,0.9485588073730469
15,1777,79.02046966552734,323.67327880859375,1.5551047325134277,1.2232109308242798,1.004399299621582
15,1778,72.77465057373047,188.0068359375,1.799132227897644,0.8230468034744263,0.8283262252807617
15,1779,97.43335723876953,432.0640869140625,1.8075649738311768,1.007534146308899,1.6529006958007812
15,1780,72.4411849975586,234.82565307617188,1.6319539546966553,1.1087106466293335,1.2024688720703125
15,1781,66.8060302734375,159.1736297607422,1.6962889432907104,0.9867574572563171,0.5673494338989258
15,1782,107.62806701660156,548.98388671875,1.7576560974121094,1.2681628465652466,1.4803247451782227
15,1783,107.98355102539062,430.0301818847656,2.166018009185791,1.5097289085388184,1.2601633071899414
15,1784,128.7715606689453,659.1124267578125,2.095343828201294,1.4154913425445557,1.4773874282836914
15,1785,116.76791381835938,664.923095703125,1.6758534908294678,0.9141924977302551,1.9097223281860352
15,1786,83.7938003540039,334.6342468261719,1.677679181098938,0.901044487953186,1.4309892654418945
15,1787,553.6016845703125,4835.7734375,2.3341450691223145,3.963491916656494,1.0888919830322266
15,1788,92.69515991210938,321.5318908691406,2.0180656909942627,1.5456407070159912,1.1393451690673828
15,1789,94.79238891601562,335.31451416015625,2.0420312881469727,1.273390769958496,1.2771682739257812
15,1790,103.51091003417969,439.794189453125,1.9843831062316895,1.6980080604553223,1.1605901718139648
15,1791,75.51905059814453,197.68148803710938,1.8583635091781616,1.0209165811538696,1.108839988708496
15,1792,77.78838348388672,308.611328125,1.564241647720337,1.1858227252960205,1.352046012878418
15,1793,121.78416442871094,541.74267578125,2.2536630630493164,1.7396265268325806,1.1987113952636719
15,1794,81.19084930419922,292.7900390625,1.7303948402404785,1.4336745738983154,0.9532003402709961
15,1795,101.07160949707031,455.0251159667969,1.852303147315979,1.6461923122406006,0.999293327331543
15,1796,87.89151763916016,286.1422119140625,1.975909948348999,1.1088780164718628,1.1977157592773438
15,1797,89.4420166015625,283.3620300292969,2.036860466003418,0.9754625558853149,1.009927749633789
15,1798,106.65713500976562,447.4544372558594,2.063722848892212,1.5764200687408447,1.1475563049316406
15,1799,116.38441467285156,532.76513671875,2.1035966873168945,1.512075662612915,1.6420726776123047
15,1800,163.87901306152344,1007.2471923828125,2.1051430702209473,2.1180801391601562,1.3420391082763672
15,1801,85.06773376464844,263.57867431640625,1.9569954872131348,1.3786356449127197,0.9237461090087891
15,1802,108.12454223632812,514.62109375,1.8887476921081543,1.815080165863037,0.7804803848266602
15,1803,104.010498046875,407.3353576660156,2.109231948852539,1.516952395439148,0.8448581695556641
15,1804,101.74214172363281,389.5966491699219,2.0927491188049316,1.4574558734893799,1.0444211959838867
15,1805,82.89662170410156,293.0415954589844,1.7864153385162354,1.523133397102356,0.7372598648071289
15,1806,121.60394287109375,517.856201171875,2.327277421951294,2.1164894104003906,0.9486379623413086
15,1807,115.72842407226562,551.4090576171875,2.0195839405059814,1.828019618988037,1.1769437789916992
15,1808,118.63133239746094,579.1712646484375,2.0238068103790283,1.675804853439331,1.5131006240844727
15,1809,218.52084350585938,1630.6060791015625,1.8486745357513428,2.7838094234466553,0.9545164108276367
15,1810,122.36012268066406,589.6346435546875,2.1132218837738037,1.8523942232131958,1.1180763244628906
15,1811,83.33048248291016,261.6656494140625,1.9054639339447021,1.215317964553833,1.093928337097168
15,1812,72.30448913574219,165.1269073486328,1.8597264289855957,1.012244462966919,0.5851049423217773
15,1813,91.44380187988281,329.56573486328125,1.9495742321014404,1.6649647951126099,0.7267932891845703
15,1814,91.93175506591797,354.7624816894531,1.881850242614746,1.266719937324524,1.1814613342285156
15,1815,95.75967407226562,420.40716552734375,1.7906317710876465,1.88279128074646,1.2394256591796875
15,1816,81.96269226074219,328.0032958984375,1.6387454271316528,1.277759313583374,1.2081317901611328
15,1817,92.98753356933594,340.1890869140625,1.965620994567871,1.3423328399658203,1.2385683059692383
15,1818,104.03536987304688,445.87322998046875,1.9816014766693115,1.84157133102417,1.3547296524047852
15,1819,165.90524291992188,1031.9725341796875,2.090266466140747,2.3576583862304688,1.0932188034057617
15,1820,94.20121765136719,422.3284912109375,1.732278823852539,1.3613395690917969,1.8406610488891602
15,1821,87.54170989990234,268.9126281738281,2.021681547164917,1.1816277503967285,1.0567636489868164
15,1822,135.23057556152344,720.0360107421875,2.1075656414031982,1.7795885801315308,0.9876184463500977
15,1823,81.39925384521484,270.3852233886719,1.812024474143982,1.1696856021881104,1.006439208984375
15,1824,76.58497619628906,279.6524658203125,1.6206575632095337,1.202170491218567,1.0952482223510742
15,1825,80.50013732910156,223.19430541992188,1.939356803894043,1.3020567893981934,0.7367019653320312
15,1826,82.98006439208984,263.3696594238281,1.8881033658981323,1.172745704650879,1.1358871459960938
15,1827,93.71653747558594,346.45672607421875,1.9690287113189697,1.4342821836471558,0.8387613296508789
15,1828,82.24501037597656,215.89932250976562,2.0218358039855957,0.8396541476249695,1.0408611297607422
15,1829,92.72988891601562,323.9168701171875,2.0112733840942383,1.4278550148010254,1.1449775695800781
15,1830,85.63616943359375,349.40777587890625,1.689846396446228,1.339773416519165,1.2150678634643555
15,1831,89.09407043457031,335.3913269042969,1.851831078529358,1.5812511444091797,0.8773717880249023
15,1832,203.62850952148438,1402.4083251953125,2.1129229068756104,2.1876840591430664,1.5451135635375977
15,1833,77.07454681396484,227.56809997558594,1.810591220855713,1.3195284605026245,0.7192850112915039
15,1834,98.39363098144531,442.1768493652344,1.8058648109436035,1.5748889446258545,0.9672422409057617
15,1835,99.14012145996094,463.73626708984375,1.7588832378387451,1.6661293506622314,1.1371488571166992
15,1836,83.14013671875,275.94927978515625,1.8515070676803589,1.7476452589035034,0.6269283294677734
15,1837,70.4931640625,209.767333984375,1.650547742843628,1.0469835996627808,0.8959121704101562
15,1838,113.27777099609375,460.4700622558594,2.24102520942688,1.494143009185791,1.1101675033569336
15,1839,101.76191711425781,407.03497314453125,2.035280704498291,1.4327397346496582,1.2345857620239258
15,1840,86.99784851074219,284.90863037109375,1.950232982635498,1.4054062366485596,1.0487861633300781
15,1841,109.11314392089844,504.776611328125,1.9545159339904785,1.791927695274353,1.1036262512207031
15,1842,87.38897705078125,342.41802978515625,1.771572470664978,1.5801557302474976,1.0921335220336914
15,1843,109.92632293701172,487.2216796875,2.0401384830474854,1.2476894855499268,1.6728019714355469
15,1844,89.42745971679688,347.46820068359375,1.8226878643035889,1.1202272176742554,1.2747993469238281
15,1845,128.40179443359375,647.9114379882812,2.120354652404785,1.723600149154663,1.0860567092895508
15,1846,77.37664794921875,216.27975463867188,1.858289122581482,1.2515742778778076,0.7710037231445312
15,1847,88.27677917480469,276.082763671875,2.0222833156585693,1.3320631980895996,0.9145698547363281
15,1848,80.10957336425781,235.30038452148438,1.8859844207763672,1.2714555263519287,0.7153425216674805
15,1849,94.58772277832031,301.4118957519531,2.1482176780700684,1.217867136001587,1.0710668563842773
15,1850,98.73673248291016,413.7056579589844,1.912205457687378,1.3354746103286743,1.4209060668945312
15,1851,471.19464111328125,4032.0751953125,2.2662367820739746,3.6010971069335938,0.9528980255126953
15,1852,88.63645935058594,297.1533203125,1.9640374183654785,1.4278090000152588,0.9817333221435547
15,1853,100.24275207519531,412.4117431640625,1.966719150543213,1.5598163604736328,1.4477214813232422
15,1854,118.80297088623047,558.700927734375,2.0977625846862793,1.9458035230636597,0.6932229995727539
15,1855,92.65191650390625,346.5892639160156,1.9330995082855225,1.2993890047073364,0.9927434921264648
15,1856,89.38571166992188,296.34307861328125,1.9917134046554565,1.222362756729126,0.9813165664672852
15,1857,89.70680236816406,311.7208251953125,1.9511573314666748,1.3580284118652344,0.9237146377563477
15,1858,72.26626586914062,238.81179809570312,1.6128363609313965,1.448373556137085,0.851405143737793
15,1859,84.47042083740234,271.4277648925781,1.9109214544296265,0.9241459965705872,1.2484760284423828
15,1860,117.05691528320312,540.8195190429688,2.099165439605713,1.4159049987792969,1.5091028213500977
15,1861,130.3960418701172,713.7311401367188,1.9674307107925415,2.175476551055908,1.1297855377197266
15,1862,104.30535888671875,346.9048767089844,2.320495843887329,1.4383347034454346,1.1914005279541016
15,1863,94.78046417236328,314.726318359375,2.1102609634399414,0.9047703146934509,1.3215045928955078
15,1864,67.3726577758789,186.04771423339844,1.6255961656570435,0.9988806247711182,0.7505149841308594
15,1865,92.62272644042969,313.1955871582031,2.0434389114379883,1.203574776649475,0.9190025329589844
15,1866,86.86923217773438,281.87615966796875,1.9560539722442627,0.9104808568954468,1.2222957611083984
15,1867,98.07577514648438,390.6343078613281,1.9670782089233398,1.446180820465088,1.5705718994140625
15,1868,73.69713592529297,224.98793029785156,1.7066113948822021,1.2246179580688477,0.926300048828125
15,1869,91.63653564453125,400.406494140625,1.719862699508667,1.5824464559555054,0.8930416107177734
15,1870,87.06519317626953,325.21356201171875,1.8181278705596924,1.135284662246704,1.5460987091064453
15,1871,97.39453125,390.6876525878906,1.9441919326782227,1.4746978282928467,1.1308393478393555
15,1872,85.67681121826172,296.16448974609375,1.8686788082122803,1.4063798189163208,1.0121517181396484
15,1873,84.4260025024414,326.6490478515625,1.725369930267334,1.4511820077896118,1.2331266403198242
15,1874,85.16670227050781,289.8300476074219,1.872789978981018,1.1623878479003906,1.1884050369262695
15,1875,110.67636108398438,567.3699951171875,1.7979788780212402,1.8169829845428467,1.390390396118164
15,1876,89.41624450683594,371.73846435546875,1.7414131164550781,1.591915488243103,1.1977319717407227
15,1877,89.1162109375,321.81549072265625,1.8978219032287598,1.656041145324707,0.9085311889648438
15,1878,91.31690979003906,332.9420471191406,1.9340901374816895,1.3483796119689941,1.1316490173339844
15,1879,79.89295196533203,239.63418579101562,1.8643178939819336,1.4631859064102173,0.9380702972412109
15,1880,92.30077362060547,280.7972106933594,2.1407017707824707,1.0385677814483643,0.9755268096923828
15,1881,74.27996826171875,219.79791259765625,1.7433393001556396,1.2370948791503906,0.7415180206298828
15,1882,105.99417114257812,504.3479309082031,1.85197913646698,1.5758631229400635,1.2458362579345703
15,1883,116.27091217041016,559.746826171875,2.0098743438720703,1.523154377937317,1.3683280944824219
15,1884,68.03948974609375,214.92506408691406,1.5515661239624023,0.8829137086868286,1.1933727264404297
15,1885,84.26365661621094,268.9571228027344,1.9122649431228638,1.3815834522247314,0.6961956024169922
15,1886,81.90374755859375,269.9889221191406,1.8301619291305542,1.6297169923782349,0.9151525497436523
15,1887,73.08712768554688,229.03977966308594,1.6727715730667114,1.2172324657440186,0.7707862854003906
15,1888,90.25729370117188,336.0248718261719,1.8884936571121216,1.1283166408538818,1.249246597290039
15,1889,105.7822265625,503.96771240234375,1.8461817502975464,1.469922423362732,1.355778694152832
15,1890,79.29358673095703,204.7889404296875,1.9604897499084473,1.0080926418304443,1.0470571517944336
