epoch,batch,loss,loss_h,loss_c,trans_l2_m,yaw_err_deg
0,0,3151.619384765625,26308.6640625,17.358428955078125,14.98411750793457,13.283079147338867
0,1,3236.288330078125,27321.22265625,16.805530548095703,15.101837158203125,12.923646926879883
0,2,3026.364501953125,25569.740234375,15.646347045898438,16.917102813720703,9.083799362182617
0,3,2758.776123046875,22822.76171875,15.883332252502441,15.912091255187988,9.132786750793457
0,4,2461.84521484375,20710.8984375,13.02518081665039,15.219914436340332,7.626065254211426
0,5,2998.962890625,25865.248046875,13.747937202453613,17.099632263183594,9.743337631225586
0,6,3269.03369140625,28735.474609375,13.182870864868164,17.569873809814453,11.575020790100098
0,7,2439.625244140625,20056.076171875,14.467252731323242,15.394224166870117,8.511795997619629
0,8,3046.4892578125,26055.484375,14.698026657104492,16.622665405273438,10.444746971130371
0,9,2722.707275390625,22755.3671875,14.905679702758789,15.49929141998291,10.05538272857666
0,10,2521.279052734375,21462.9765625,12.499378204345703,15.973214149475098,8.110136985778809
0,11,2941.03857421875,26055.498046875,11.182957649230957,16.889881134033203,10.141982078552246
0,12,2873.555419921875,24897.33203125,12.794075012207031,16.147449493408203,10.976430892944336
0,13,3013.362548828125,26861.130859375,10.908319473266602,17.62118911743164,10.305434226989746
0,14,2728.4482421875,22628.142578125,15.521138191223145,14.074858665466309,11.763561248779297
0,15,2501.560546875,21289.03515625,12.42190170288086,14.122177124023438,10.214513778686523
0,16,2925.70263671875,23943.6015625,17.711414337158203,13.755757331848145,11.612129211425781
0,17,2393.772216796875,20868.876953125,10.229487419128418,12.269699096679688,12.414259910583496
0,18,2754.39599609375,23530.40625,13.378506660461426,15.21538257598877,11.285594940185547
0,19,3334.43994140625,30288.12109375,10.187592506408691,18.083454132080078,11.812686920166016
0,20,3192.93017578125,25858.48828125,20.236038208007812,15.114472389221191,12.640887260437012
0,21,2112.36669921875,17433.33984375,12.30108642578125,13.844147682189941,7.777623176574707
0,22,2484.32763671875,21066.8515625,12.58807373046875,15.768587112426758,8.678384780883789
0,23,3130.192626953125,26997.7578125,14.347227096557617,15.776020050048828,11.441473960876465
0,24,2959.7685546875,26177.98828125,11.398995399475098,15.205860137939453,11.655099868774414
0,25,2628.343505859375,22972.306640625,11.037094116210938,14.963848114013672,10.236849784851074
0,26,2542.23779296875,21784.625,12.125836372375488,17.38091278076172,6.12913703918457
0,27,2729.897216796875,23749.51953125,11.83150863647461,14.938688278198242,11.378999710083008
0,28,2637.86962890625,23048.564453125,11.100443840026855,15.843891143798828,9.8975830078125
0,29,2545.30078125,22735.263671875,9.059144973754883,14.78759765625,9.931366920471191
0,30,2299.050048828125,19901.3828125,10.2970609664917,14.251723289489746,8.108635902404785
0,31,1959.7647705078125,16816.783203125,9.269546508789062,15.504842758178711,4.187075614929199
0,32,2214.1103515625,18034.083984375,13.690061569213867,13.908905982971191,8.732809066772461
0,33,2752.3271484375,24672.712890625,9.501861572265625,16.564655303955078,9.609445571899414
0,34,2887.70166015625,26516.33203125,7.868941783905029,16.911334991455078,10.763846397399902
0,35,2941.310546875,26027.763671875,11.28447151184082,16.572202682495117,11.513071060180664
0,36,3151.9755859375,28337.62890625,10.607084274291992,18.239978790283203,9.437456130981445
0,37,3001.869140625,27090.5546875,9.760457992553711,16.657737731933594,11.212153434753418
0,38,2628.342041015625,23337.576171875,9.819483757019043,16.221847534179688,9.772290229797363
0,39,2765.422119140625,24739.65625,9.715215682983398,15.473085403442383,11.514751434326172
0,40,2490.296142578125,22423.44921875,8.265039443969727,14.08061408996582,10.624807357788086
0,41,2150.028564453125,18730.048828125,9.23412036895752,15.474660873413086,6.53626823425293
0,42,2818.93212890625,24782.1796875,11.357137680053711,16.769290924072266,8.996316909790039
0,43,2516.9169921875,21535.689453125,12.111595153808594,13.806367874145508,10.048358917236328
0,44,2837.337646484375,26053.634765625,7.732474327087402,15.168418884277344,12.757073402404785
0,45,1980.099609375,16728.40625,10.241964340209961,14.429283142089844,6.571331024169922
0,46,2925.35986328125,26065.6015625,10.6266508102417,16.294172286987305,10.441508293151855
0,47,2397.526123046875,21296.240234375,8.930068016052246,17.17804527282715,6.468653678894043
0,48,2455.05712890625,22222.39453125,7.760587692260742,16.355628967285156,8.09257698059082
0,49,3100.79736328125,27102.525390625,13.018155097961426,17.745813369750977,9.423715591430664
0,50,3149.56640625,28781.42578125,9.047465324401855,17.372222900390625,12.126839637756348
0,51,2498.8447265625,22123.818359375,9.548763275146484,15.212934494018555,8.992816925048828
0,52,2433.709228515625,22153.55078125,7.278463840484619,15.947528839111328,9.362227439880371
0,53,2882.86181640625,26176.115234375,8.8416748046875,17.391189575195312,10.087244987487793
0,54,2175.7939453125,19395.046875,7.876302719116211,14.549283981323242,8.521929740905762
0,55,2241.7861328125,19986.69140625,8.103894233703613,15.117133140563965,8.890189170837402
0,56,2489.0771484375,22432.90234375,8.192893981933594,14.062844276428223,10.420745849609375
0,57,2550.7353515625,22074.7734375,11.441932678222656,15.85027027130127,9.226583480834961
0,58,3297.67333984375,29567.44921875,11.364278793334961,17.947235107421875,10.84255313873291
0,59,2635.542724609375,23731.48046875,8.746482849121094,15.754899024963379,9.015615463256836
0,60,3110.641357421875,27941.763671875,10.548828125,18.421857833862305,9.934316635131836
0,61,2812.46875,25023.56640625,10.337071418762207,15.815587997436523,10.582441329956055
0,62,3473.9072265625,32298.2734375,8.13599681854248,17.79775619506836,13.29936408996582
0,63,2962.319580078125,26890.52734375,9.108896255493164,16.588726043701172,11.476180076599121
0,64,2718.503662109375,24834.041015625,7.8366570472717285,17.95980453491211,8.449690818786621
0,65,2507.67333984375,22213.96484375,9.542560577392578,13.614797592163086,11.151067733764648
0,66,2515.388427734375,22340.533203125,9.377832412719727,15.804449081420898,9.676197052001953
0,67,2647.652099609375,23930.8125,8.485696792602539,16.648670196533203,9.790749549865723
0,68,2429.265625,21654.630859375,8.793412208557129,15.162973403930664,8.593606948852539
0,69,2789.7734375,25880.3828125,6.72450065612793,15.984562873840332,10.353015899658203
0,70,2693.114990234375,24334.716796875,8.65477466583252,16.861656188964844,9.270609855651855
0,71,2606.19677734375,23579.439453125,8.275091171264648,16.066314697265625,10.146623611450195
0,72,2747.203125,25314.189453125,7.192806720733643,16.01865577697754,11.627063751220703
0,73,2109.92919921875,18637.859375,8.204771995544434,14.601975440979004,7.255379676818848
0,74,3156.89892578125,29254.96484375,7.713411808013916,18.44884490966797,10.588644981384277
0,75,2674.415283203125,24753.67578125,6.63491678237915,16.696552276611328,9.005608558654785
0,76,2454.61865234375,22216.111328125,7.766921043395996,15.89822006225586,8.83541488647461
0,77,2721.018310546875,24602.1171875,8.693552017211914,14.419200897216797,12.653203964233398
0,78,2648.907958984375,23459.001953125,10.100257873535156,15.59270191192627,10.062203407287598
0,79,2652.290283203125,23949.37890625,8.578407287597656,14.38880443572998,10.72750186920166
0,80,2617.0751953125,23246.642578125,9.747026443481445,16.706649780273438,9.71857738494873
0,81,2930.52099609375,25974.083984375,11.103747367858887,17.445735931396484,9.822833061218262
0,82,2891.501708984375,26741.818359375,7.2439961433410645,16.24336814880371,11.027377128601074
0,83,2402.723388671875,21656.90625,7.901089191436768,15.33493423461914,8.81005573272705
0,84,2823.60400390625,25916.521484375,7.73173189163208,17.43112564086914,9.474064826965332
0,85,2486.525146484375,22836.68359375,6.761890411376953,15.227407455444336,8.865452766418457
0,86,2355.74072265625,21498.787109375,6.862067699432373,16.331825256347656,7.606807708740234
0,87,2104.457275390625,19104.921875,6.465502738952637,14.96517562866211,8.061568260192871
0,88,2368.13134765625,21678.525390625,6.675959587097168,14.714773178100586,9.362210273742676
0,89,2493.144775390625,22850.978515625,6.934893608093262,15.836342811584473,10.038968086242676
0,90,2500.60498046875,22928.5546875,6.924983024597168,15.534292221069336,9.717843055725098
0,91,2835.286376953125,26151.267578125,7.338658332824707,16.992216110229492,10.430333137512207
0,92,2627.541015625,23946.458984375,7.763167381286621,16.363121032714844,9.485296249389648
0,93,2464.301513671875,22451.5859375,7.304759979248047,16.229339599609375,7.783381462097168
0,94,3394.846923828125,31492.5,8.186564445495605,19.747295379638672,10.63100814819336
0,95,2365.577880859375,21699.4140625,6.521218776702881,14.575716018676758,10.121491432189941
0,96,2707.697509765625,24988.0078125,6.963222503662109,16.86914825439453,9.883184432983398
0,97,2472.25439453125,22847.470703125,6.250244617462158,15.659172058105469,9.386300086975098
0,98,3214.7958984375,30002.71875,7.150801181793213,17.188404083251953,13.294658660888672
0,99,2742.66259765625,25322.021484375,7.015350341796875,15.40516471862793,10.684371948242188
0,100,2741.5,25384.7265625,6.767581939697266,15.605019569396973,11.0879487991333
0,101,2599.5791015625,23228.048828125,9.225805282592773,14.536649703979492,11.726905822753906
0,102,2713.44287109375,25199.4765625,6.449839115142822,16.030975341796875,10.378250122070312
0,103,2348.3466796875,21638.962890625,6.148344993591309,15.759681701660156,7.524828910827637
0,104,2162.976806640625,19479.0,7.169228553771973,14.640484809875488,8.550899505615234
0,105,2687.32275390625,24928.10546875,6.4837422370910645,15.357242584228516,11.858403205871582
0,106,2899.371826171875,27048.63671875,6.483602046966553,17.77996826171875,9.863390922546387
0,107,2151.128173828125,19483.62109375,6.75886869430542,13.816658020019531,9.173315048217773
0,108,2057.482666015625,18570.85546875,6.679903984069824,12.991870880126953,9.777297019958496
0,109,2392.936279296875,21718.28515625,7.370254993438721,14.817193031311035,10.16369915008545
0,110,2607.737060546875,23544.103515625,8.44422435760498,15.355566024780273,10.465700149536133
0,111,2826.80615234375,25895.498046875,7.908545970916748,17.50482749938965,10.222270011901855
0,112,3082.672119140625,27917.2109375,9.698362350463867,17.491500854492188,11.89540958404541
0,113,2501.1220703125,22880.94140625,7.100926876068115,16.270099639892578,9.14774227142334
0,114,2388.51171875,21929.67578125,6.518142223358154,14.809056282043457,9.271186828613281
0,115,2352.193359375,21599.9609375,6.4065775871276855,14.6513090133667,9.227567672729492
0,116,2494.263916015625,22433.060546875,8.365256309509277,16.52686309814453,9.334416389465332
0,117,2366.849365234375,20420.275390625,10.827390670776367,13.753504753112793,10.179594039916992
0,118,2425.562744140625,21361.408203125,9.647397994995117,14.897354125976562,8.921102523803711
0,119,2428.593994140625,22284.529296875,6.67137336730957,15.67755126953125,8.837006568908691
0,120,2572.5625,23553.552734375,7.240240097045898,14.37451171875,10.842870712280273
0,121,2365.2958984375,21596.51953125,6.854793548583984,14.576231956481934,9.867934226989746
0,122,2559.49853515625,23066.08203125,8.429683685302734,14.191147804260254,11.446040153503418
0,123,2470.318603515625,22570.3046875,7.1096038818359375,17.499191284179688,8.478832244873047
0,124,2714.071044921875,24762.8046875,7.92635440826416,16.99257469177246,8.157837867736816
0,125,2316.986328125,21144.140625,6.7524094581604,14.184422492980957,9.550307273864746
0,126,2638.0556640625,24480.138671875,6.334728717803955,16.682559967041016,9.703109741210938
0,127,2940.94482421875,27304.71875,7.0157670974731445,18.508628845214844,8.70560359954834
0,128,2239.969482421875,20177.60546875,7.406961441040039,14.629158020019531,8.691082000732422
0,129,2620.53125,24321.0625,6.2808308601379395,15.619592666625977,9.89064884185791
0,130,2563.956298828125,23269.912109375,7.898839950561523,16.384611129760742,8.956177711486816
0,131,2084.474365234375,18550.951171875,7.64597225189209,13.974392890930176,8.42235279083252
0,132,3246.26611328125,30525.66796875,6.456636428833008,17.20821762084961,12.460530281066895
0,133,2282.470458984375,20081.552734375,9.143840789794922,14.138063430786133,9.113109588623047
0,134,2394.52294921875,22146.328125,5.996336460113525,13.481653213500977,12.257330894470215
0,135,2347.741943359375,21398.02734375,6.931307315826416,14.99356460571289,8.994424819946289
0,136,2964.92919921875,27633.4609375,6.719432830810547,17.482616424560547,10.41987419128418
0,137,2861.83740234375,26576.55078125,6.8060760498046875,18.3716983795166,8.351757049560547
0,138,1922.427490234375,16421.4140625,9.342865943908691,12.925840377807617,7.8976240158081055
0,139,3385.65771484375,31778.931640625,6.925477981567383,18.529266357421875,11.462004661560059
0,140,2724.123046875,24903.728515625,7.7916789054870605,14.046890258789062,13.024169921875
0,141,2327.097900390625,21322.3984375,6.4952616691589355,16.174026489257812,7.445584297180176
0,142,2121.342041015625,19433.734375,5.932285308837891,13.95346450805664,8.90931224822998
0,143,2514.151611328125,22922.41796875,7.396988391876221,15.079075813293457,11.355939865112305
0,144,2443.10693359375,22343.05078125,6.960055828094482,14.529787063598633,10.551711082458496
0,145,2301.97216796875,21148.3984375,6.237745761871338,13.716022491455078,11.073846817016602
0,146,2208.2333984375,20325.90234375,5.854776382446289,15.068761825561523,8.623590469360352
0,147,2195.333984375,20211.66015625,5.805599689483643,14.050390243530273,8.720006942749023
0,148,2846.065185546875,26633.3828125,6.0908942222595215,17.916715621948242,10.657249450683594
0,149,2337.07177734375,21357.048828125,6.7122297286987305,14.595227241516113,9.418411254882812
0,150,2723.12255859375,25496.5078125,5.78238582611084,16.818588256835938,9.80441665649414
0,151,2752.4345703125,25397.517578125,7.089430809020996,16.431758880615234,10.381832122802734
0,152,2589.7978515625,23713.83984375,7.280457019805908,16.75341796875,9.512258529663086
0,153,3346.096923828125,31609.3125,6.172183036804199,18.09853744506836,13.273283958435059
0,154,2532.447265625,23448.435546875,6.253457546234131,14.94213581085205,11.366960525512695
0,155,2336.153564453125,21626.83203125,5.782339096069336,16.328338623046875,8.209890365600586
0,156,3333.451904296875,31225.916015625,7.028679847717285,17.899707794189453,12.354691505432129
0,157,2329.26025390625,21395.05078125,6.325174331665039,13.60866641998291,10.255546569824219
0,158,1994.45263671875,18314.650390625,5.432918548583984,13.14289379119873,9.288467407226562
0,159,2278.103759765625,21170.564453125,5.368248462677002,13.84097957611084,11.277332305908203
0,160,2663.014892578125,24504.96875,7.083934307098389,15.788182258605957,10.003327369689941
0,161,2354.663818359375,21880.955078125,5.552276611328125,16.284255981445312,8.04525375366211
0,162,2662.99072265625,24624.228515625,6.685593605041504,15.818328857421875,10.509135246276855
0,163,2227.308349609375,20166.34375,7.022464275360107,15.433416366577148,8.191717147827148
0,164,2082.28125,18958.732421875,6.213598251342773,13.19919204711914,10.1370267868042
0,165,2483.22216796875,22812.5,6.73240852355957,16.940509796142578,7.824457168579102
0,166,2972.94580078125,27123.76953125,8.685626983642578,15.712408065795898,11.741131782531738
0,167,2318.333984375,21447.47265625,5.786221981048584,13.811159133911133,10.52490520477295
0,168,2243.156005859375,20645.384765625,5.953912258148193,15.341025352478027,8.811128616333008
0,169,2403.343017578125,21975.96484375,6.858218193054199,14.43059253692627,9.721346855163574
0,170,2895.7109375,26918.099609375,6.796698093414307,15.572998046875,13.105687141418457
0,171,2564.276611328125,23998.546875,5.48072624206543,15.351573944091797,10.865337371826172
0,172,2286.32568359375,20859.7734375,6.678278923034668,16.721813201904297,7.52375602722168
0,173,2547.678955078125,23523.953125,6.509453296661377,15.493537902832031,9.871408462524414
0,174,2835.2001953125,26524.87109375,6.090441703796387,16.32662582397461,11.615138053894043
0,175,2342.805908203125,21532.09375,6.319882392883301,13.940489768981934,9.435406684875488
0,176,1845.9345703125,16141.75,7.725318908691406,12.113021850585938,8.65701675415039
0,177,2469.30322265625,22782.27734375,6.369184494018555,14.9205322265625,10.773747444152832
0,178,2547.894775390625,23470.228515625,6.6957244873046875,15.074136734008789,10.730487823486328
0,179,2671.554931640625,24703.421875,6.707087516784668,15.248321533203125,11.563593864440918
0,180,2546.400634765625,23343.134765625,7.069573879241943,16.456539154052734,8.79857063293457
0,181,2241.124267578125,20923.3515625,4.959634304046631,13.87529182434082,9.964594841003418
0,182,2589.251953125,24242.046875,5.5015668869018555,16.858556747436523,9.075098991394043
0,183,2294.464599609375,21133.998046875,6.0354905128479,13.149469375610352,11.17093563079834
0,184,2492.555419921875,23050.4765625,6.250258445739746,14.471277236938477,11.283228874206543
0,185,2204.83544921875,20191.46484375,6.189631462097168,15.480052947998047,8.093769073486328
0,186,2513.64501953125,23368.193359375,5.894190788269043,14.899538040161133,10.460451126098633
0,187,2617.216552734375,24488.796875,5.611227989196777,16.468833923339844,9.922855377197266
0,188,2506.82080078125,22934.7109375,7.1116557121276855,16.00749969482422,8.397933006286621
0,189,2263.51123046875,20373.7734375,7.537801265716553,14.343406677246094,8.079734802246094
0,190,2273.21142578125,20616.568359375,7.051817417144775,13.786773681640625,9.300262451171875
0,191,2049.078369140625,18487.86328125,6.676397323608398,14.708168029785156,7.896551132202148
0,192,2314.89013671875,21286.626953125,6.207575798034668,16.214696884155273,7.844579696655273
0,193,2074.54150390625,18843.91796875,6.338323593139648,12.928119659423828,9.883200645446777
0,194,2292.601806640625,21014.15234375,6.372884750366211,13.909059524536133,10.349059104919434
0,195,2566.913330078125,23921.578125,5.825179576873779,16.531810760498047,9.393000602722168
0,196,2768.92822265625,25749.7265625,6.465186595916748,15.07406234741211,12.00926685333252
0,197,2530.598388671875,23414.6015625,6.304607391357422,14.883874893188477,11.423187255859375
0,198,2630.506103515625,24567.92578125,5.790445327758789,16.40377426147461,10.216408729553223
0,199,2443.339599609375,22408.9375,6.748189926147461,15.236709594726562,10.061525344848633
0,200,2313.094970703125,21334.140625,5.9893646240234375,15.414068222045898,8.753543853759766
0,201,2353.1875,21816.58984375,5.717622756958008,15.669682502746582,9.626694679260254
0,202,1936.4293212890625,17558.685546875,6.018693923950195,11.528239250183105,10.759974479675293
0,203,2431.41943359375,22457.390625,6.189343452453613,14.693678855895996,10.317307472229004
0,204,3412.795654296875,31952.568359375,7.251290321350098,17.21473503112793,14.855332374572754
0,205,2738.0595703125,25769.484375,5.370373249053955,15.904069900512695,10.024785041809082
0,206,3038.964599609375,28649.330078125,5.801051139831543,17.24201011657715,11.308290481567383
0,207,2454.18359375,22743.328125,5.995027542114258,17.203224182128906,6.38627815246582
0,208,2795.91845703125,26024.2890625,6.44964599609375,15.423003196716309,12.63642692565918
0,209,2709.842529296875,25112.58984375,6.619453430175781,15.258462905883789,11.682747840881348
0,210,2373.81298828125,21489.53125,7.495327949523926,15.39517593383789,8.76904582977295
0,211,2620.93798828125,24022.203125,7.290581703186035,16.594438552856445,9.077315330505371
0,212,2558.241455078125,23325.888671875,7.521755218505859,14.582579612731934,10.756739616394043
0,213,2416.3193359375,22166.326171875,6.656227111816406,16.212488174438477,8.46713924407959
0,214,2431.7646484375,22549.5703125,5.893586158752441,16.25642204284668,8.099456787109375
0,215,2953.826416015625,27866.2421875,5.5734076499938965,18.57110595703125,9.792045593261719
0,216,2296.07373046875,21006.75,6.5132856369018555,13.366935729980469,10.746024131774902
0,217,2703.55419921875,25258.50390625,5.923462867736816,15.93855094909668,9.757486343383789
0,218,2089.993896484375,19109.310546875,5.9687652587890625,12.948192596435547,9.820014953613281
0,219,2429.735107421875,22597.107421875,5.667479515075684,15.71969985961914,8.271249771118164
0,220,2691.31689453125,24986.8984375,6.420895576477051,16.249216079711914,10.226832389831543
0,221,2404.53271484375,21922.828125,7.074989318847656,16.76350975036621,7.481734275817871
0,222,2697.512939453125,25246.849609375,5.760927200317383,15.721514701843262,11.474141120910645
0,223,2881.503173828125,26915.6875,6.331142425537109,17.462827682495117,9.969257354736328
0,224,2874.06689453125,26874.38671875,6.220938682556152,17.825706481933594,10.379040718078613
0,225,2397.73876953125,22157.12890625,6.067529678344727,15.462167739868164,10.295511245727539
0,226,2240.816650390625,20698.3046875,5.6995368003845215,14.077654838562012,9.862944602966309
0,227,2554.15185546875,23454.841796875,6.95559024810791,16.74007797241211,9.03125286102295
0,228,2499.25048828125,23219.267578125,5.910787105560303,15.579919815063477,9.483809471130371
0,229,2472.180419921875,22951.33984375,5.901548862457275,16.918025970458984,7.129549980163574
0,230,2612.236572265625,24289.26953125,6.110318183898926,15.774759292602539,10.968143463134766
0,231,2445.939453125,22519.072265625,6.467742919921875,16.31832504272461,8.974923133850098
0,232,2529.34521484375,23123.529296875,7.233074188232422,13.264652252197266,12.847026824951172
0,233,2501.151123046875,23287.55078125,5.7465362548828125,17.085695266723633,7.335598945617676
0,234,3286.873291015625,31049.462890625,6.064235687255859,18.961864471435547,11.468595504760742
0,235,2259.18212890625,20928.03515625,5.545958995819092,15.15432357788086,9.216644287109375
0,236,2506.818115234375,23220.06640625,6.1603875160217285,15.086305618286133,10.041094779968262
0,237,2059.5888671875,18936.751953125,5.530454635620117,14.479754447937012,8.609512329101562
0,238,2981.475341796875,28054.53515625,5.867388725280762,18.327537536621094,9.819441795349121
0,239,2123.77490234375,19259.75390625,6.593310356140137,14.642013549804688,8.83261775970459
0,240,2679.490478515625,24868.76171875,6.420475006103516,15.466365814208984,10.771014213562012
0,241,2048.26171875,18692.18359375,5.968109130859375,13.561779022216797,8.617517471313477
0,242,1988.1134033203125,18002.15234375,6.263273239135742,13.329841613769531,8.795428276062012
0,243,2731.390380859375,25530.6640625,5.944131851196289,16.405569076538086,10.681387901306152
0,244,2343.076416015625,21657.3125,5.911504745483398,15.636441230773926,8.267497062683105
0,245,2781.888916015625,26104.255859375,5.715448379516602,15.393266677856445,11.649258613586426
0,246,2598.746826171875,24064.810546875,6.408852577209473,17.570980072021484,8.392160415649414
0,247,2204.73681640625,20116.23828125,6.437096118927002,14.664783477783203,9.582831382751465
0,248,2144.568359375,19783.1015625,5.54193639755249,13.505714416503906,9.246512413024902
0,249,2967.20068359375,27986.673828125,5.617777347564697,16.061460494995117,12.928873062133789
0,250,2482.037109375,22884.6171875,6.452512264251709,12.861324310302734,12.68742561340332
0,251,2656.5908203125,24306.37890625,7.531761169433594,15.898563385009766,10.603285789489746
0,252,2618.96142578125,24558.498046875,5.437050819396973,15.733230590820312,11.107900619506836
0,253,2810.65966796875,26376.58203125,5.766718864440918,16.1083927154541,11.299178123474121
0,254,2894.09130859375,27116.421875,6.081629753112793,15.883644104003906,12.717597961425781
0,255,2976.609130859375,27496.048828125,7.566807270050049,16.748136520385742,11.997383117675781
0,256,2547.464111328125,23612.04296875,6.2086591720581055,15.11182975769043,10.578370094299316
0,257,2157.08056640625,19780.625,5.967267036437988,13.392192840576172,8.819618225097656
0,258,1980.3646240234375,18283.98828125,5.06552791595459,11.979347229003906,10.346113204956055
0,259,2658.447265625,24621.34765625,6.543747425079346,15.58537483215332,11.410515785217285
0,260,2671.907470703125,24682.93359375,6.787134647369385,14.670038223266602,12.096186637878418
0,261,2165.90869140625,19703.1484375,6.519791603088379,14.718341827392578,7.121413230895996
0,262,2592.463623046875,24255.931640625,5.562342643737793,15.482316017150879,10.632874488830566
0,263,2745.849609375,25404.49609375,6.8466596603393555,14.894094467163086,12.193995475769043
0,264,2599.994384765625,24023.830078125,6.5870466232299805,15.677922248840332,11.041157722473145
0,265,2501.105224609375,23350.990234375,5.533539772033691,15.644224166870117,9.591150283813477
0,266,2328.12255859375,19811.859375,11.564556121826172,14.554849624633789,8.66180419921875
0,267,2817.4169921875,26375.875,5.994309425354004,16.605804443359375,11.446688652038574
0,268,2748.376708984375,25903.23046875,5.268453598022461,16.522186279296875,10.999483108520508
0,269,2369.755859375,21807.888671875,6.298898696899414,13.794351577758789,10.166220664978027
0,270,2824.384033203125,25759.89453125,8.279818534851074,16.253578186035156,10.953744888305664
0,271,2633.125732421875,24791.86328125,5.131313323974609,15.174570083618164,11.54125690460205
0,272,2633.66748046875,24556.8359375,5.932793140411377,16.486530303955078,10.817646980285645
0,273,2277.395751953125,21176.4765625,5.324934005737305,15.391283988952637,9.515833854675293
0,274,2784.414306640625,25949.6171875,6.315090656280518,15.849478721618652,11.48432445526123
0,275,2432.955322265625,22352.46875,6.590282917022705,13.53970718383789,10.840906143188477
0,276,2608.674560546875,24391.5,5.650813579559326,16.4417724609375,9.85987377166748
0,277,2333.724609375,21597.05078125,5.8006486892700195,15.237601280212402,9.404000282287598
0,278,2874.425537109375,27141.701171875,5.341848373413086,16.12065315246582,12.005718231201172
0,279,2612.81689453125,24425.58203125,5.675283432006836,16.76386260986328,8.881277084350586
0,280,2078.958984375,19042.248046875,5.824471473693848,13.363335609436035,9.006375312805176
0,281,2366.495849609375,21817.41015625,6.158498287200928,14.457454681396484,9.853584289550781
0,282,1908.2052001953125,17018.30859375,6.879141807556152,12.245956420898438,9.497589111328125
0,283,2173.704345703125,20079.1953125,5.526163101196289,14.011746406555176,8.94074535369873
0,284,2229.236328125,20056.486328125,7.4529218673706055,14.56682014465332,9.075250625610352
0,285,2322.119873046875,21528.666015625,5.641773223876953,14.830601692199707,8.935467720031738
0,286,3100.53662109375,28908.3984375,6.989893913269043,17.229877471923828,12.095172882080078
0,287,2664.5986328125,25034.87890625,5.3703508377075195,14.846260070800781,12.135369300842285
0,288,2695.596435546875,25180.375,5.918630599975586,17.84674072265625,8.227848052978516
0,289,2252.420166015625,20761.943359375,5.874195575714111,14.85132122039795,9.639385223388672
0,290,1791.159423828125,16268.1259765625,5.478226184844971,12.080952644348145,8.141324043273926
0,291,2328.863525390625,21721.63671875,5.223322868347168,14.235936164855957,10.39033031463623
0,292,2143.974365234375,19542.658203125,6.3236165046691895,14.000606536865234,9.423519134521484
0,293,2670.69482421875,25047.25390625,5.532316207885742,14.765697479248047,11.831001281738281
0,294,2875.3505859375,27147.291015625,5.35404109954834,16.08914566040039,12.525980949401855
0,295,2381.96826171875,22060.41015625,5.86424446105957,15.408276557922363,9.555973052978516
0,296,2342.388427734375,21704.154296875,5.732431888580322,16.042606353759766,8.341445922851562
0,297,2644.9365234375,24705.56640625,5.812666893005371,14.71461009979248,11.715683937072754
0,298,2527.927001953125,23471.8203125,6.0248284339904785,16.1517333984375,9.979702949523926
0,299,2313.30908203125,21281.8671875,6.170742988586426,12.988420486450195,11.22632122039795
0,300,2510.490478515625,23364.4140625,5.801637649536133,14.500253677368164,11.545863151550293
0,301,1952.7469482421875,17846.48046875,5.603294372558594,13.685811996459961,8.658324241638184
0,302,2222.527587890625,20396.94140625,6.094446659088135,14.912147521972656,8.983721733093262
0,303,2553.771240234375,23813.880859375,5.746100425720215,16.571094512939453,9.55001163482666
0,304,2087.1572265625,19027.8515625,6.145738124847412,14.116277694702148,8.820515632629395
0,305,2339.956298828125,21648.98046875,5.835268974304199,17.252199172973633,7.387336730957031
0,306,2554.195068359375,23720.39453125,6.071852207183838,14.970751762390137,11.35605525970459
0,307,2789.69873046875,26239.91015625,5.523588180541992,16.97832489013672,9.896149635314941
0,308,2554.03662109375,23894.755859375,5.485369682312012,14.499799728393555,11.892383575439453
0,309,2719.048828125,25195.177734375,6.651029586791992,16.12084197998047,10.75179672241211
0,310,2565.576416015625,23919.296875,5.788227558135986,14.818177223205566,10.274285316467285
0,311,2407.462646484375,22454.140625,5.401620864868164,14.284416198730469,10.455817222595215
0,312,1958.0948486328125,17933.302734375,5.492150783538818,12.425442695617676,9.995925903320312
0,313,2690.72705078125,24746.068359375,7.2040019035339355,17.152944564819336,9.579360961914062
0,314,2025.0552978515625,18366.36328125,6.280630588531494,12.374977111816406,10.147053718566895
0,315,1968.5897216796875,17569.146484375,7.055835723876953,14.14537239074707,7.232403755187988
0,316,2377.55029296875,22158.61328125,5.389631271362305,13.090301513671875,11.12399959564209
0,317,2554.496337890625,23867.81640625,5.59048318862915,15.127606391906738,10.001128196716309
0,318,2424.500244140625,22490.546875,5.848188400268555,14.129949569702148,11.006284713745117
0,319,2364.62744140625,21932.79296875,5.711604118347168,14.021950721740723,11.240677833557129
0,320,2449.232421875,22884.833984375,5.358297824859619,15.478260040283203,9.394329071044922
0,321,2132.45458984375,19618.708984375,5.686116695404053,13.93746280670166,9.001564025878906
0,322,2592.09375,24379.3671875,5.1385626792907715,15.55377197265625,10.56570053100586
0,323,2127.180419921875,19364.46875,6.357783794403076,13.00773811340332,10.093742370605469
0,324,2708.4462890625,25431.728515625,5.509113788604736,14.70375919342041,12.285360336303711
0,325,2922.6240234375,27274.5,6.505805015563965,14.886567115783691,12.97674560546875
0,326,3028.380859375,28329.970703125,6.512791156768799,15.34620475769043,12.663658142089844
0,327,2934.751220703125,27618.236328125,5.764248371124268,16.528362274169922,11.121747970581055
0,328,2574.952392578125,24138.4609375,5.370208740234375,15.01519775390625,10.40494155883789
0,329,2366.380615234375,22041.626953125,5.407257080078125,13.33041763305664,11.820557594299316
0,330,2222.22900390625,20542.1953125,5.600316047668457,13.311233520507812,9.812561988830566
0,331,2606.539306640625,24432.828125,5.44188117980957,14.685525894165039,11.349201202392578
0,332,1779.540283203125,16020.607421875,5.915983200073242,13.263423919677734,6.786039352416992
0,333,2632.645751953125,24783.876953125,5.141938209533691,15.194352149963379,11.229540824890137
0,334,2671.721923828125,24885.2734375,6.1064839363098145,15.362371444702148,11.00913143157959
0,335,2786.022216796875,25680.826171875,7.264649391174316,17.040908813476562,10.558670997619629
0,336,2200.04296875,20201.447265625,5.996606826782227,15.495867729187012,7.634661674499512
0,337,2330.626953125,21114.609375,7.305535793304443,14.299383163452148,10.070951461791992
0,338,2272.904296875,21051.033203125,5.593371391296387,13.747842788696289,9.768071174621582
0,339,2231.13525390625,20693.451171875,5.393001556396484,14.701451301574707,9.246679306030273
0,340,2661.03271484375,24915.583984375,5.649144172668457,16.1229190826416,11.182531356811523
0,341,1927.40869140625,17373.517578125,6.335229873657227,13.547466278076172,6.7282209396362305
0,342,2530.772705078125,23554.82421875,5.843011856079102,16.199295043945312,9.374969482421875
0,343,2321.681884765625,21517.65234375,5.663885116577148,10.945024490356445,13.858179092407227
0,344,2171.3046875,20112.7265625,5.334397315979004,12.638160705566406,10.659928321838379
0,345,2010.8740234375,18499.3515625,5.364627838134766,13.221395492553711,9.215065956115723
0,346,2498.59423828125,23271.109375,5.716103553771973,15.986361503601074,9.348773002624512
0,347,2714.828125,25546.244140625,5.340116500854492,16.52468490600586,10.045876502990723
0,348,1958.5003662109375,17900.23046875,5.615909576416016,13.725285530090332,8.922101974487305
0,349,2194.035400390625,20230.55078125,5.699341773986816,12.73342514038086,9.781840324401855
0,350,2171.802001953125,19944.517578125,5.91167688369751,14.1529541015625,8.503437042236328
0,351,2351.09228515625,21927.6015625,5.27773380279541,14.841995239257812,8.851592063903809
0,352,2440.2958984375,22745.81640625,5.523801326751709,12.9815092086792,12.10512924194336
0,353,2230.71435546875,20581.33984375,5.752681732177734,13.155084609985352,10.35901165008545
0,354,2559.465087890625,23888.0546875,5.688652038574219,15.004104614257812,11.111437797546387
0,355,2527.529541015625,23398.88671875,6.254696846008301,15.33254623413086,10.253830909729004
0,356,2587.016357421875,24029.671875,6.134971618652344,14.842065811157227,11.57956600189209
0,357,2473.501708984375,22976.8515625,5.860547065734863,14.335989952087402,10.185687065124512
0,358,2322.80322265625,21641.7109375,5.287736892700195,15.64927864074707,9.249021530151367
0,359,2041.906494140625,18676.328125,5.809123992919922,13.4801664352417,8.078622817993164
0,360,2458.796142578125,22926.7890625,5.537237167358398,16.490964889526367,7.840405464172363
0,361,2197.45263671875,20357.69921875,5.3894219398498535,14.883003234863281,8.134624481201172
0,362,2527.416259765625,23437.955078125,6.120684623718262,14.807428359985352,10.83044147491455
0,363,2436.86279296875,22756.0,5.37542724609375,15.910530090332031,9.985212326049805
0,364,2408.26953125,22287.8671875,5.982759475708008,14.176626205444336,9.643098831176758
0,365,2432.93017578125,22666.61328125,5.54229736328125,14.355836868286133,10.753839492797852
0,366,2358.52880859375,22039.365234375,5.153079032897949,14.89529800415039,9.695886611938477
0,367,2711.531494140625,25513.677734375,5.33878231048584,17.82843589782715,8.745789527893066
0,368,2834.775146484375,26600.46484375,5.824285507202148,16.82876205444336,10.042783737182617
0,369,1746.7193603515625,15903.0439453125,5.213830947875977,12.826626777648926,8.126138687133789
0,370,2264.970703125,20978.744140625,5.569869041442871,13.332498550415039,10.199763298034668
0,371,2335.5341796875,21579.9453125,5.9179840087890625,13.557743072509766,11.293144226074219
0,372,2387.554931640625,22111.84765625,5.879004001617432,15.612691879272461,8.610650062561035
0,373,3109.88916015625,29391.05859375,5.692776203155518,16.70345687866211,12.621512413024902
0,374,2368.86865234375,21986.67578125,5.673367500305176,15.415008544921875,8.588967323303223
0,375,2705.7353515625,25401.162109375,5.52063512802124,17.20238494873047,9.213750839233398
0,376,2233.002197265625,20515.146484375,6.049586296081543,13.962890625,8.830757141113281
0,377,2564.412353515625,24026.3125,5.392700672149658,16.941781997680664,8.710494995117188
0,378,2253.56494140625,20930.138671875,5.351700782775879,13.258487701416016,10.46596908569336
0,379,2914.31103515625,27565.4765625,5.258777618408203,15.611008644104004,12.8893404006958
0,380,2787.475341796875,26144.0703125,5.768949031829834,17.51915740966797,9.464340209960938
0,381,2303.77197265625,21047.23828125,6.634940147399902,13.449399948120117,11.023209571838379
0,382,2826.75830078125,26516.8984375,5.8356146812438965,17.230953216552734,10.271406173706055
0,383,2783.18310546875,26086.83203125,5.81665563583374,14.701153755187988,11.968381881713867
0,384,2337.48828125,21777.421875,5.324869155883789,15.698646545410156,7.744009017944336
0,385,2074.281982421875,19109.25390625,5.445218563079834,14.278902053833008,9.138189315795898
0,386,2879.880126953125,27093.529296875,5.684240341186523,16.191608428955078,11.316646575927734
0,387,1998.236328125,18029.84375,6.508398056030273,12.81039047241211,8.256427764892578
0,388,2552.89013671875,23944.876953125,5.280081748962402,13.625041961669922,12.552103042602539
0,389,2309.9775390625,21408.587890625,5.63729190826416,14.440530776977539,9.971765518188477
0,390,2770.410400390625,25994.34765625,5.699188709259033,16.675811767578125,10.05250072479248
0,391,2394.917724609375,22255.62890625,5.64515495300293,15.354608535766602,8.393308639526367
0,392,2228.020751953125,20837.673828125,4.808444976806641,12.72938346862793,11.417244911193848
0,393,1969.8575439453125,17924.015625,5.915196418762207,13.679720878601074,8.279912948608398
0,394,2153.295654296875,20071.5234375,4.871446132659912,14.443655014038086,7.609352111816406
0,395,2440.0634765625,22231.34375,7.230968952178955,14.293232917785645,10.354944229125977
0,396,1944.081787109375,17902.900390625,5.126391887664795,14.590070724487305,6.812244415283203
0,397,2250.580078125,20928.015625,5.259284973144531,13.010309219360352,11.359646797180176
0,398,2367.901123046875,21892.384765625,5.955417633056641,13.49159049987793,10.229762077331543
0,399,2406.9013671875,22373.896484375,5.650388717651367,15.362889289855957,10.158642768859863
0,400,2364.848876953125,21941.25390625,5.6907806396484375,15.70463752746582,8.318994522094727
0,401,2587.58837890625,23907.439453125,6.561485767364502,13.26821517944336,12.28371810913086
0,402,2338.25439453125,21466.3203125,6.3874101638793945,15.792082786560059,7.894926071166992
0,403,2537.660400390625,23682.595703125,5.646693229675293,13.693938255310059,12.336301803588867
0,404,2617.783203125,24320.63671875,6.190645694732666,16.511859893798828,8.613121032714844
0,405,2209.5595703125,20347.48828125,5.827024459838867,13.024184226989746,10.944812774658203
0,406,2721.7099609375,25361.8359375,6.184208869934082,15.462196350097656,11.319036483764648
0,407,1875.63037109375,17117.04296875,5.464200019836426,11.862920761108398,9.691390037536621
0,408,1843.233642578125,16868.3828125,5.213177680969238,13.565649032592773,6.32462215423584
0,409,2516.10986328125,23660.76953125,5.001099586486816,14.913980484008789,10.808096885681152
0,410,2641.803466796875,24742.0859375,5.586489677429199,16.44666290283203,9.767895698547363
0,411,2337.51953125,21633.53515625,5.805529594421387,15.35830307006836,8.873945236206055
0,412,2137.87939453125,19543.576171875,6.117388725280762,14.480644226074219,8.592367172241211
0,413,2258.283447265625,20975.2421875,5.358644485473633,14.1317720413208,9.686540603637695
0,414,2255.9677734375,20775.875,5.946004867553711,14.71657943725586,9.294381141662598
0,415,2065.603515625,18876.482421875,5.93183708190918,13.076054573059082,9.235593795776367
0,416,2519.76904296875,23444.55859375,5.84377384185791,15.360610961914062,10.09894847869873
0,417,2448.3662109375,22837.15234375,5.488358497619629,14.267889022827148,10.704543113708496
0,418,2375.427490234375,22242.2421875,5.040107727050781,14.19367790222168,10.336368560791016
0,419,2054.3291015625,17701.62890625,9.472208023071289,12.9171781539917,8.325519561767578
0,420,2246.413818359375,20529.4765625,6.4488725662231445,14.06743049621582,10.000801086425781
0,421,2525.1923828125,23342.427734375,6.364980220794678,14.192546844482422,11.619491577148438
0,422,2398.503173828125,22300.84765625,5.613946914672852,15.311662673950195,9.4169282913208
0,423,2129.552490234375,19734.677734375,5.202820777893066,12.805246353149414,8.814226150512695
0,424,2605.6806640625,24191.134765625,6.21890115737915,13.65042781829834,13.408306121826172
0,425,2367.63623046875,21992.96484375,5.611319541931152,13.684377670288086,10.759570121765137
0,426,2841.369140625,26264.017578125,7.16557502746582,16.499267578125,10.040609359741211
0,427,2070.588623046875,19206.64453125,4.997473239898682,12.581143379211426,10.20474910736084
0,428,2112.619873046875,19452.681640625,5.5783891677856445,13.270143508911133,9.60710334777832
0,429,2875.289306640625,27268.5546875,4.947792053222656,15.966845512390137,12.52869987487793
0,430,2321.271484375,21763.005859375,4.832365036010742,15.46706771850586,8.505654335021973
0,431,2263.261962890625,20980.306640625,5.507708549499512,13.954916000366211,8.84217643737793
0,432,2227.20849609375,20636.8984375,5.450618743896484,13.102632522583008,10.780303001403809
0,433,1781.2113037109375,16272.4833984375,5.132097244262695,11.507291793823242,8.931047439575195
0,434,2296.292236328125,21012.41796875,6.501677513122559,14.135686874389648,9.799236297607422
0,435,2303.2998046875,21366.140625,5.556197166442871,14.463436126708984,9.437434196472168
0,436,2485.661376953125,23271.22265625,5.284637451171875,14.26857852935791,10.802804946899414
0,437,2172.27734375,19966.55859375,5.854052543640137,14.71202564239502,7.842868804931641
0,438,2522.0966796875,23582.189453125,5.462585926055908,15.327609062194824,9.117600440979004
0,439,2092.174560546875,19283.015625,5.462427139282227,12.867956161499023,10.404080390930176
0,440,2032.911865234375,18715.89453125,5.377413749694824,14.118850708007812,8.230549812316895
0,441,2323.016845703125,21429.3125,6.0028510093688965,15.454496383666992,8.32336711883545
0,442,2709.2099609375,25547.40625,5.148977279663086,14.794981002807617,12.797146797180176
0,443,2232.77490234375,20516.29296875,6.038184642791748,12.320296287536621,10.753385543823242
0,444,2245.581298828125,20689.65625,5.88719367980957,13.25233268737793,10.194036483764648
0,445,2146.180908203125,19800.9375,5.536240100860596,10.571349143981934,13.342032432556152
0,446,1689.620849609375,15387.224609375,5.029943466186523,12.123531341552734,7.757471084594727
0,447,2350.464111328125,21750.61328125,5.846763610839844,13.07148551940918,11.170768737792969
0,448,2043.6279296875,18988.41796875,4.826202392578125,13.498661041259766,8.72254753112793
0,449,2099.744140625,19515.2421875,4.940658092498779,13.787341117858887,9.512392044067383
0,450,2113.7607421875,19644.123046875,4.978277206420898,11.269023895263672,11.190231323242188
0,451,2651.86376953125,24716.37890625,6.0075249671936035,15.746949195861816,8.961647987365723
0,452,2040.415283203125,18685.265625,5.729623794555664,11.974535942077637,10.016410827636719
0,453,1935.80615234375,17708.71875,5.497804641723633,11.943014144897461,10.16991901397705
0,454,2573.162841796875,24176.232421875,5.184652328491211,16.004209518432617,10.07762336730957
0,455,2460.20263671875,22991.548828125,5.368256092071533,14.654104232788086,9.877195358276367
0,456,2157.69482421875,20039.59375,5.124515533447266,13.798250198364258,8.6604642868042
0,457,2386.265380859375,22490.685546875,4.573222637176514,12.221151351928711,12.661966323852539
0,458,2587.131103515625,24081.53515625,5.965920448303223,16.166284561157227,9.761040687561035
0,459,2720.305908203125,25582.27734375,5.402604103088379,14.964315414428711,12.545982360839844
0,460,2618.980712890625,24649.19140625,5.135380744934082,14.626243591308594,11.406753540039062
0,461,2269.80078125,21087.4375,5.368565082550049,14.29116153717041,10.182552337646484
0,462,2356.71142578125,22056.7578125,5.034524917602539,16.476825714111328,7.576251983642578
0,463,2409.26953125,22446.03125,5.4888739585876465,15.309076309204102,8.542312622070312
0,464,1860.613525390625,17067.1484375,5.129955768585205,10.28550910949707,10.496848106384277
0,465,2425.22021484375,22592.1640625,5.533454418182373,12.884177207946777,11.632468223571777
0,466,2879.25927734375,26933.17578125,6.198052883148193,15.692695617675781,11.872218132019043
0,467,2353.9248046875,21956.564453125,5.275609016418457,13.601350784301758,10.299590110778809
0,468,2171.41943359375,20189.943359375,5.080834865570068,15.466829299926758,7.658346176147461
0,469,2319.745361328125,21617.59765625,5.26618766784668,15.646377563476562,8.413925170898438
0,470,2520.933349609375,23556.068359375,5.510878086090088,14.652335166931152,10.338517189025879
0,471,2131.165283203125,19864.109375,4.825145721435547,13.772159576416016,9.246161460876465
0,472,1758.4122314453125,16092.42578125,4.972321510314941,11.803544998168945,7.8653411865234375
0,473,2032.4256591796875,18889.81640625,4.781466007232666,13.526037216186523,9.34560489654541
0,474,1862.227294921875,17051.173828125,5.236993312835693,11.620674133300781,9.233389854431152
0,475,2505.373046875,23450.48046875,5.344165802001953,13.717052459716797,12.21346378326416
0,476,2555.68017578125,23829.09375,5.759023189544678,14.152286529541016,11.712027549743652
0,477,2337.76611328125,21792.48828125,5.283911228179932,15.299041748046875,8.57721996307373
0,478,2288.681884765625,21106.38671875,5.934770584106445,13.882686614990234,9.607931137084961
0,479,2503.19140625,23375.26171875,5.522171974182129,14.492445945739746,10.208297729492188
0,480,2368.472412109375,22008.63671875,5.586954593658447,15.129314422607422,8.890206336975098
0,481,1873.1156005859375,17200.8671875,5.1009602546691895,12.072127342224121,9.617735862731934
0,482,1987.30517578125,18085.52734375,5.958416938781738,11.193212509155273,11.067334175109863
0,483,2563.633056640625,24051.3828125,5.283157825469971,14.381085395812988,11.678499221801758
0,484,2649.8837890625,25082.388671875,4.721496105194092,14.466449737548828,11.735483169555664
0,485,2414.781494140625,22432.94140625,5.716245174407959,16.49024772644043,6.809511184692383
0,486,2053.328369140625,18864.51171875,5.562572002410889,14.470146179199219,7.930961608886719
0,487,2027.5635986328125,18726.158203125,5.164925575256348,14.513136863708496,8.366362571716309
0,488,2270.05322265625,20700.134765625,6.667995929718018,13.611173629760742,9.785340309143066
0,489,1863.0135498046875,17092.986328125,5.123827934265137,10.265764236450195,9.59208869934082
0,490,2306.69921875,21406.98046875,5.5333709716796875,14.417097091674805,10.325960159301758
0,491,2057.330322265625,18975.09375,5.327361583709717,12.990869522094727,9.782502174377441
0,492,2611.5498046875,24577.72265625,5.12592077255249,15.105072975158691,11.123504638671875
0,493,2618.3232421875,24519.0625,5.547229290008545,14.725078582763672,11.502152442932129
0,494,2079.823974609375,19251.34375,5.156316757202148,13.316802024841309,9.0420560836792
0,495,2224.516845703125,20509.47265625,5.785654067993164,13.813261032104492,10.073271751403809
0,496,1820.609375,16666.22265625,5.132901668548584,11.647748947143555,9.124272346496582
0,497,2416.465087890625,22583.11328125,5.271791934967041,14.982097625732422,9.977396011352539
0,498,2761.2451171875,26004.224609375,5.360753536224365,15.893421173095703,10.832956314086914
0,499,2150.30419921875,20060.6953125,4.8078203201293945,13.557008743286133,9.993233680725098
0,500,2030.0374755859375,18579.9140625,5.734867572784424,12.748039245605469,8.664180755615234
0,501,2582.510498046875,24098.224609375,5.75626802444458,16.373767852783203,9.769054412841797
0,502,2187.54833984375,20336.873046875,5.12869930267334,14.467592239379883,8.968571662902832
0,503,2442.8291015625,22910.4921875,5.059326171875,13.619504928588867,11.23325252532959
0,504,2673.975830078125,25167.0703125,5.24229621887207,15.198840141296387,11.14157772064209
0,505,1787.5830078125,16442.904296875,4.776420593261719,10.405974388122559,9.871233940124512
0,506,2486.849365234375,23351.634765625,5.056193828582764,14.808914184570312,10.334430694580078
0,507,2406.19873046875,22602.58203125,4.8646769523620605,13.798992156982422,10.74947738647461
0,508,1880.419189453125,17253.400390625,5.169302463531494,11.137948989868164,10.46053409576416
0,509,2094.907470703125,19285.236328125,5.546123504638672,14.268491744995117,8.672243118286133
0,510,1747.0015869140625,16016.208984375,4.846022129058838,12.480616569519043,7.982509613037109
0,511,2048.118408203125,18865.978515625,5.384016990661621,10.89033317565918,11.34488296508789
0,512,2264.61572265625,21240.03125,4.6870880126953125,13.551337242126465,10.251953125
0,513,2670.43505859375,25244.744140625,4.865360260009766,15.103105545043945,10.93105411529541
0,514,2367.5810546875,22194.4296875,4.937932968139648,14.763273239135742,10.189798355102539
0,515,2194.522705078125,20278.78125,5.5548176765441895,13.729158401489258,9.743430137634277
0,516,2252.526123046875,20843.912109375,5.604494571685791,12.294459342956543,11.293754577636719
0,517,2419.846435546875,22617.6484375,5.269383430480957,16.24026870727539,7.72840690612793
0,518,2241.46337890625,20749.6171875,5.550056457519531,13.653220176696777,10.271880149841309
0,519,2764.690673828125,26053.89453125,5.31004524230957,16.31978988647461,11.05624771118164
0,520,1980.9822998046875,18240.341796875,5.231602668762207,12.649171829223633,9.183008193969727
0,521,1980.0396728515625,18308.21875,4.973925590515137,11.798576354980469,10.211198806762695
0,522,1843.694580078125,16947.30078125,4.965484619140625,11.147098541259766,9.848462104797363
0,523,2007.658935546875,18595.013671875,4.93858528137207,12.088125228881836,9.724973678588867
0,524,1967.05224609375,18239.03125,4.771634101867676,12.397768020629883,9.725011825561523
0,525,1992.620361328125,18249.392578125,5.589366436004639,13.408845901489258,8.405790328979492
0,526,1725.9732666015625,15747.73828125,5.039982795715332,12.392444610595703,7.557986259460449
0,527,1790.14453125,16177.236328125,5.747363567352295,12.20722770690918,7.317373275756836
0,528,1762.9510498046875,16116.982421875,5.041760444641113,11.651336669921875,8.380326271057129
0,529,2034.08984375,18800.7890625,5.133696556091309,14.074528694152832,7.605164527893066
0,530,2038.18994140625,18915.763671875,4.887119293212891,12.592299461364746,10.259564399719238
0,531,2383.813720703125,22302.09765625,5.120131969451904,13.794267654418945,10.41887092590332
0,532,2504.478271484375,23681.796875,4.543282985687256,16.615367889404297,8.49111270904541
0,533,2349.267578125,21916.208984375,5.254886627197266,14.158439636230469,10.408957481384277
0,534,2292.5810546875,21508.63671875,4.723905563354492,14.1061429977417,9.971306800842285
0,535,2747.39794921875,25641.388671875,6.108638286590576,15.192449569702148,10.711891174316406
0,536,2642.863525390625,24695.40234375,5.777442932128906,15.52553939819336,10.347307205200195
0,537,2920.7255859375,27507.68359375,5.665243625640869,15.013284683227539,13.242067337036133
0,538,2401.07470703125,22387.3359375,5.411367893218994,14.76893138885498,9.729408264160156
0,539,2080.915283203125,19310.083984375,4.996895790100098,10.487909317016602,12.165452003479004
0,540,2420.4736328125,22560.392578125,5.481141090393066,15.320117950439453,9.442231178283691
0,541,2811.056396484375,26489.59375,5.403233528137207,14.920004844665527,12.416866302490234
0,542,2287.050537109375,21168.953125,5.671844482421875,12.27407455444336,11.229048728942871
0,543,2235.09619140625,20869.1171875,4.939476013183594,12.952707290649414,10.524187088012695
0,544,2352.5185546875,22017.234375,5.026501655578613,14.400087356567383,9.73080062866211
0,545,2197.53173828125,20422.517578125,5.175995826721191,14.927786827087402,7.808245658874512
0,546,2125.02001953125,19489.017578125,5.870610237121582,12.161493301391602,10.593232154846191
0,547,2412.44091796875,22495.453125,5.429846286773682,13.850337028503418,10.765647888183594
0,548,2683.482666015625,25389.04296875,4.819279670715332,13.900527000427246,12.439183235168457
0,549,2271.25634765625,21093.796875,5.395893096923828,14.608360290527344,9.425928115844727
0,550,2131.65234375,19705.5,5.370077610015869,13.395370483398438,8.883407592773438
0,551,2038.65234375,18908.306640625,4.927386283874512,12.074197769165039,10.290176391601562
0,552,2422.2294921875,22656.04296875,5.220841407775879,13.489255905151367,11.066186904907227
0,553,2333.3671875,21851.435546875,4.9407854080200195,13.824438095092773,10.532320022583008
0,554,2205.171875,20468.509765625,5.277367115020752,13.871443748474121,9.47662353515625
0,555,2101.872314453125,19382.287109375,5.45478630065918,14.160050392150879,7.494386672973633
0,556,2383.203369140625,22235.07421875,5.323189735412598,13.0062255859375,11.790066719055176
0,557,1956.7750244140625,18005.765625,5.2066168785095215,12.59568977355957,8.384737968444824
0,558,2176.74560546875,20348.861328125,4.728646278381348,13.590726852416992,10.165804862976074
0,559,2494.357421875,23402.42578125,5.137154579162598,15.851160049438477,8.485692024230957
0,560,2781.2783203125,26145.392578125,5.557967662811279,16.319000244140625,10.3193998336792
0,561,2455.394287109375,23135.533203125,4.728027820587158,13.833606719970703,10.624527931213379
0,562,2102.782470703125,19590.962890625,4.7895355224609375,11.742938995361328,9.966715812683105
0,563,1692.40576171875,15530.142578125,4.646383285522461,10.397329330444336,9.567770004272461
0,564,2095.995849609375,19444.484375,5.051575660705566,10.431547164916992,12.965105056762695
0,565,1901.384521484375,17635.888671875,4.593188285827637,11.425185203552246,10.037219047546387
0,566,2533.614013671875,23798.328125,5.126039505004883,12.490511894226074,12.516209602355957
0,567,2216.3427734375,20636.98046875,5.088157653808594,14.472213745117188,8.923043251037598
0,568,2020.63720703125,18750.658203125,4.8523783683776855,12.344478607177734,9.91974925994873
0,569,2794.058837890625,26447.953125,4.97545051574707,16.54680633544922,10.866254806518555
0,570,2696.22314453125,25291.796875,5.568111419677734,15.581140518188477,10.819967269897461
0,571,2290.49658203125,21385.880859375,5.063616752624512,13.901748657226562,9.885774612426758
0,572,1994.631103515625,18422.453125,5.079525947570801,10.956125259399414,10.115442276000977
0,573,2351.77783203125,21948.998046875,5.2292680740356445,13.35615348815918,10.395544052124023
0,574,1910.8118896484375,17642.001953125,4.887056350708008,12.223011016845703,9.934762954711914
0,575,2479.2705078125,23121.01171875,5.572305679321289,14.212743759155273,10.950895309448242
0,576,2479.876708984375,23383.12109375,4.718815803527832,15.28416633605957,10.023073196411133
0,577,2453.306396484375,22973.40625,5.198862075805664,14.619865417480469,10.502701759338379
0,578,2760.71240234375,26072.83203125,5.114310264587402,15.767026901245117,11.619722366333008
0,579,2347.61865234375,21861.4453125,5.382468223571777,14.49539566040039,10.281920433044434
0,580,2152.797607421875,19983.85546875,5.147068023681641,13.078948974609375,9.00627613067627
0,581,2070.7587890625,19285.25,4.741121292114258,13.882192611694336,8.910759925842285
0,582,2545.51953125,24094.302734375,4.536306381225586,15.49527359008789,10.805203437805176
0,583,2345.29345703125,21848.984375,5.346498489379883,11.991120338439941,12.996305465698242
0,584,2129.2568359375,19713.83984375,5.262428283691406,12.64314079284668,9.681270599365234
0,585,2019.093017578125,18761.3828125,4.765155792236328,12.294057846069336,10.409317016601562
0,586,2184.755126953125,20463.6875,4.612878799438477,13.308802604675293,9.022001266479492
0,587,2605.12451171875,24660.7421875,4.635012626647949,13.970190048217773,11.490883827209473
0,588,1932.3743896484375,17872.85546875,4.8362956047058105,12.134011268615723,8.791216850280762
0,589,1785.8970947265625,16465.76953125,4.644001007080078,12.412468910217285,8.126663208007812
0,590,2512.944580078125,23487.34765625,5.47365665435791,16.084735870361328,9.366978645324707
0,591,2184.050537109375,20278.1328125,5.207907676696777,15.338335990905762,7.766558647155762
0,592,1752.94873046875,16187.396484375,4.473637580871582,12.523073196411133,7.989092826843262
0,593,2947.33154296875,27851.96484375,5.404504299163818,16.578765869140625,9.96345329284668
0,594,2553.348388671875,24006.703125,5.089266300201416,14.473779678344727,11.064454078674316
0,595,2051.13427734375,18817.3828125,5.646536827087402,12.257810592651367,9.722580909729004
0,596,1971.0220947265625,18237.796875,4.908082008361816,12.493096351623535,9.042101860046387
0,597,2066.294677734375,19255.34765625,4.691999912261963,12.799625396728516,10.087410926818848
0,598,2560.23583984375,24100.18359375,5.007250785827637,12.59360408782959,12.38012981414795
0,599,1999.8590087890625,18373.6796875,5.416365623474121,11.17291259765625,10.388007164001465
0,600,2099.47216796875,19317.134765625,5.591957092285156,12.476078033447266,10.821927070617676
0,601,1694.993896484375,15456.5322265625,4.978023052215576,11.228958129882812,8.634676933288574
0,602,1861.722412109375,16829.076171875,5.960495948791504,10.765284538269043,9.421721458435059
0,603,1996.6751708984375,18565.08984375,4.67220401763916,12.1957426071167,9.10271167755127
0,604,2308.9560546875,21610.90234375,4.92885684967041,13.639206886291504,11.36051082611084
0,605,2446.81982421875,22758.216796875,5.6999359130859375,13.24737548828125,10.587353706359863
0,606,1944.6182861328125,17983.78515625,4.874657154083252,13.369403839111328,7.788680076599121
0,607,1612.46728515625,14712.908203125,4.705881595611572,11.432389259338379,7.576263427734375
0,608,2422.49560546875,22763.451171875,4.871675491333008,14.733360290527344,9.290340423583984
0,609,2001.5919189453125,18636.408203125,4.598369121551514,14.387210845947266,7.709078788757324
0,610,2196.401123046875,20537.08203125,4.75643253326416,13.701018333435059,9.477876663208008
0,611,2338.867919921875,21911.5078125,4.92390251159668,15.23233413696289,9.4740629196167
0,612,2086.660400390625,19340.1796875,5.088085174560547,12.106439590454102,10.935575485229492
0,613,2081.5751953125,19276.005859375,5.132490634918213,11.703756332397461,11.16746997833252
0,614,1762.89111328125,16192.6513671875,4.787530899047852,11.811166763305664,8.541452407836914
0,615,2334.867431640625,21734.39453125,5.380934715270996,15.271858215332031,8.73597240447998
0,616,1813.1160888671875,16679.099609375,4.8402018547058105,11.963449478149414,7.613210678100586
0,617,2574.475830078125,24287.796875,4.856537818908691,12.852874755859375,13.173644065856934
0,618,2556.598388671875,23883.6953125,5.607625961303711,12.999350547790527,13.017179489135742
0,619,1897.1737060546875,17602.39453125,4.564473628997803,12.386839866638184,8.17509651184082
0,620,2244.82177734375,20822.9375,5.417600631713867,14.116498947143555,10.740314483642578
0,621,1711.8734130859375,15647.380859375,4.904507160186768,12.21260929107666,8.46529769897461
0,622,2857.967041015625,27129.357421875,4.834373474121094,16.267709732055664,11.707778930664062
0,623,2711.89404296875,25530.263671875,5.295586585998535,15.255489349365234,12.034846305847168
0,624,2836.950927734375,26968.369140625,4.670468330383301,16.930095672607422,10.076919555664062
0,625,2466.575927734375,23201.94921875,4.879361629486084,14.976834297180176,9.923042297363281
0,626,2115.806640625,19725.8046875,4.774204730987549,10.591167449951172,11.724879264831543
0,627,2680.3583984375,25408.392578125,4.650631904602051,14.548652648925781,11.829978942871094
0,628,2106.246826171875,19612.583984375,4.832948684692383,11.343101501464844,11.844342231750488
0,629,2843.58056640625,27033.087890625,4.675726890563965,14.04936408996582,12.255050659179688
0,630,1889.0765380859375,17519.787109375,4.5699262619018555,12.826103210449219,9.06840991973877
0,631,2184.006103515625,20543.7578125,4.321010589599609,12.430103302001953,11.400433540344238
0,632,2391.216552734375,22239.875,5.574300289154053,14.413473129272461,9.696809768676758
0,633,2197.619384765625,20540.71875,4.784912109375,13.695672988891602,8.911386489868164
0,634,2041.2913818359375,18794.927734375,5.393286228179932,12.424253463745117,9.796278953552246
0,635,1552.08935546875,14123.13671875,4.659185886383057,10.96382999420166,7.827943801879883
0,636,2223.032470703125,20853.40625,4.589728355407715,15.04580020904541,7.670358657836914
0,637,2051.827392578125,18950.947265625,5.224422931671143,14.23377799987793,7.769487380981445
0,638,1887.23828125,17301.65625,5.235752582550049,13.166763305664062,7.327576637268066
0,639,2288.615234375,21405.15625,4.936656951904297,14.152755737304688,9.964603424072266
0,640,2272.783203125,21093.33984375,5.448305130004883,14.726970672607422,9.031872749328613
0,641,1598.02099609375,14598.68359375,4.605084419250488,10.487693786621094,7.39739990234375
0,642,1898.39306640625,17499.708984375,4.947403430938721,12.580970764160156,9.011695861816406
0,643,2093.73681640625,19560.52734375,4.589472770690918,14.60336685180664,8.595020294189453
0,644,2205.4462890625,20559.1796875,4.984277725219727,13.529205322265625,9.585103034973145
0,645,2722.815673828125,25838.41015625,4.6324849128723145,15.475452423095703,10.715092658996582
0,646,2146.601806640625,19983.67578125,4.9411444664001465,13.492864608764648,9.087645530700684
0,647,2364.395263671875,22187.474609375,4.854926586151123,14.376670837402344,10.505364418029785
0,648,2144.21630859375,19849.48046875,5.308941841125488,13.950004577636719,8.958724975585938
0,649,1843.2818603515625,16919.28515625,5.045108795166016,9.200949668884277,11.208728790283203
0,650,2236.96630859375,21012.349609375,4.524369239807129,12.892433166503906,10.971065521240234
0,651,2072.69189453125,19202.0390625,5.082929611206055,11.703699111938477,10.040470123291016
0,652,2436.73681640625,22756.22265625,5.370485305786133,12.987117767333984,11.541650772094727
0,653,2950.141845703125,27958.1875,5.144099235534668,17.78490447998047,9.891873359680176
0,654,2463.07177734375,22840.0859375,5.968778133392334,12.287120819091797,12.678539276123047
0,655,2240.093017578125,20984.0859375,4.722808837890625,14.19672966003418,8.960359573364258
0,656,1459.5440673828125,13216.1689453125,4.59757137298584,10.57138729095459,8.413846969604492
0,657,2236.5703125,20997.8125,4.559633255004883,13.00925064086914,10.036084175109863
0,658,2011.68408203125,18771.9296875,4.483034133911133,10.42691707611084,11.936922073364258
0,659,2149.4833984375,20110.908203125,4.613081932067871,12.10698127746582,10.53805923461914
0,660,2585.08154296875,24499.23828125,4.505260944366455,13.419300079345703,12.237380981445312
0,661,1957.5401611328125,18233.390625,4.473369598388672,10.810726165771484,11.082269668579102
0,662,1808.09326171875,16734.125,4.489361763000488,11.412618637084961,8.559538841247559
0,663,2020.461669921875,18735.5546875,4.896869659423828,13.312828063964844,8.061236381530762
0,664,1966.9837646484375,18260.26953125,4.69856071472168,13.177873611450195,8.58354663848877
0,665,1897.7310791015625,17655.41796875,4.406308174133301,12.288566589355469,8.87563419342041
0,666,1927.5164794921875,17760.109375,5.0501813888549805,10.038156509399414,10.710162162780762
0,667,2602.782958984375,24502.62109375,5.084028244018555,14.267223358154297,10.891655921936035
0,668,2011.230712890625,18798.552734375,4.379179954528809,12.959948539733887,9.382604598999023
0,669,2138.29833984375,20003.189453125,4.599316120147705,11.56008243560791,10.971343040466309
0,670,2056.43994140625,19189.375,4.583414554595947,13.713600158691406,8.615632057189941
0,671,2302.25927734375,21566.5703125,4.853409767150879,13.231002807617188,9.566519737243652
0,672,2238.02783203125,20937.912109375,4.807884216308594,12.470539093017578,11.46653938293457
0,673,1890.16845703125,17570.53515625,4.437161445617676,10.412553787231445,10.26901912689209
0,674,2057.646728515625,18922.375,5.513638973236084,13.19267463684082,9.044268608093262
0,675,3086.7685546875,28896.181640625,6.571676254272461,15.893314361572266,12.1542387008667
0,676,2166.53955078125,20160.79296875,5.0153398513793945,12.85947322845459,10.696878433227539
0,677,1806.681640625,16584.0546875,4.942537307739258,11.323921203613281,8.850215911865234
0,678,1963.32666015625,18219.892578125,4.711248874664307,10.855124473571777,10.477011680603027
0,679,1851.517333984375,17164.60546875,4.50189208984375,11.331254005432129,8.94039249420166
0,680,2496.84521484375,23621.65234375,4.489330768585205,13.232748031616211,12.492828369140625
0,681,2430.69189453125,22859.51953125,4.824662208557129,14.026863098144531,11.622106552124023
0,682,2098.04248046875,19621.26171875,4.530538558959961,14.034692764282227,9.495783805847168
0,683,2023.996826171875,18746.154296875,4.979377746582031,14.304277420043945,7.580101013183594
0,684,2628.529052734375,24993.48046875,4.306032657623291,15.780685424804688,10.84091567993164
0,685,2460.64697265625,23185.138671875,4.737771034240723,13.529897689819336,11.944343566894531
0,686,2362.874755859375,22081.78125,5.156553268432617,13.962013244628906,10.693060874938965
0,687,1689.108642578125,15553.9609375,4.457083702087402,11.992631912231445,7.318198204040527
0,688,2372.474365234375,22408.34765625,4.387991905212402,14.099254608154297,9.382672309875488
0,689,2145.9423828125,20136.6015625,4.409409523010254,10.880659103393555,12.316476821899414
0,690,1964.072265625,18250.78515625,4.633124351501465,12.61931324005127,10.222793579101562
0,691,2414.888671875,22713.7421875,4.783816337585449,13.748111724853516,9.885176658630371
0,692,2368.18212890625,22270.955078125,4.702890396118164,11.811202049255371,12.206459999084473
0,693,2125.88427734375,19907.06640625,4.505916595458984,10.290230751037598,12.80949878692627
0,694,2464.265869140625,23302.23828125,4.468066692352295,14.600485801696777,10.159981727600098
0,695,1926.0433349609375,17373.765625,6.288890838623047,12.04383373260498,8.508162498474121
0,696,1971.8253173828125,18426.9453125,4.304356575012207,11.462989807128906,9.977221488952637
0,697,1894.457763671875,17511.033203125,4.778476715087891,12.48687744140625,8.251587867736816
0,698,1852.715087890625,17080.19921875,4.823172569274902,12.299047470092773,9.155678749084473
0,699,2395.9931640625,22651.822265625,4.360363006591797,14.604873657226562,10.23984432220459
0,700,2209.35205078125,20700.009765625,4.6450324058532715,15.356346130371094,8.35086441040039
0,701,1963.56591796875,18301.640625,4.446728706359863,11.752545356750488,9.896279335021973
0,702,1807.5360107421875,16531.953125,5.14469051361084,11.994951248168945,8.210149765014648
0,703,2822.6826171875,26628.375,5.3281683921813965,17.331676483154297,10.228581428527832
0,704,2271.885009765625,21294.908203125,4.746467113494873,13.60139274597168,10.24971866607666
0,705,2487.70458984375,23458.740234375,4.727686405181885,11.500482559204102,13.109533309936523
0,706,2284.08203125,21417.5390625,4.744271278381348,15.835053443908691,8.26243782043457
0,707,2047.77685546875,19035.76953125,4.8066630363464355,13.600147247314453,9.412879943847656
0,708,2176.010986328125,20248.349609375,5.039200782775879,12.481945037841797,9.836615562438965
0,709,1931.2218017578125,18027.22265625,4.283317565917969,11.633621215820312,10.169095039367676
0,710,2296.703125,21676.17578125,4.302846908569336,11.887889862060547,11.61082649230957
0,711,2213.361328125,20713.853515625,4.732524394989014,12.92314338684082,10.728523254394531
0,712,1996.112060546875,18664.080078125,4.32346773147583,15.07628059387207,6.511285781860352
0,713,2091.439697265625,19515.646484375,4.662502288818359,13.439647674560547,8.82874870300293
0,714,2056.2587890625,18901.3046875,5.53761100769043,13.579507827758789,7.845547676086426
0,715,1920.939208984375,17935.908203125,4.244946479797363,11.672865867614746,10.167501449584961
0,716,1787.066162109375,16537.6484375,4.443373680114746,12.05024528503418,8.315937042236328
0,717,1900.2347412109375,17613.916015625,4.628103256225586,11.971433639526367,10.324481964111328
0,718,2114.62353515625,19714.21875,4.773390769958496,11.64422607421875,10.614335060119629
0,719,2059.8759765625,19178.47265625,4.734292030334473,13.569622993469238,9.075776100158691
0,720,2644.340576171875,25013.029296875,4.767918586730957,15.886215209960938,10.258707046508789
0,721,2133.758544921875,19907.021484375,4.768549919128418,12.800407409667969,9.757696151733398
0,722,2078.677001953125,19426.373046875,4.534656047821045,13.861202239990234,7.625980377197266
0,723,1828.83935546875,16890.203125,4.66063117980957,12.491975784301758,8.150819778442383
0,724,3034.959228515625,29022.7734375,4.422726631164551,16.372089385986328,13.111668586730957
0,725,2211.256103515625,20719.64453125,4.643049240112305,14.624164581298828,9.082796096801758
0,726,2097.74169921875,19261.19921875,5.720721244812012,12.45925235748291,10.265612602233887
0,727,1790.7286376953125,16471.62109375,4.785552024841309,12.754131317138672,7.494204521179199
0,728,2170.424072265625,20366.7578125,4.458273887634277,13.016376495361328,11.522953033447266
0,729,2125.6435546875,19792.087890625,4.881155014038086,14.298055648803711,8.570050239562988
0,730,2352.224853515625,22217.734375,4.348381996154785,14.765192985534668,9.022856712341309
0,731,2318.46923828125,21881.68359375,4.343356609344482,13.6375732421875,10.531914710998535
0,732,1932.6776123046875,17846.72265625,4.933513164520264,12.463716506958008,9.709209442138672
0,733,2510.21533203125,23587.81640625,5.047786712646484,14.616378784179688,10.240095138549805
0,734,1859.47607421875,17221.484375,4.577587604522705,12.620033264160156,8.075540542602539
0,735,2311.810791015625,21679.1953125,4.796372413635254,13.940086364746094,9.767457008361816
0,736,1800.9512939453125,16680.162109375,4.4311699867248535,12.385644912719727,8.82699203491211
0,737,1809.3310546875,16789.0625,4.347494125366211,11.584477424621582,7.852653503417969
0,738,2462.4501953125,23306.189453125,4.3943772315979,14.98491096496582,10.621529579162598
0,739,1943.1044921875,18083.712890625,4.491105079650879,10.99145221710205,10.421479225158691
0,740,2176.53759765625,20052.75,5.70875358581543,13.211894989013672,9.496337890625
0,741,2289.763671875,21591.42578125,4.354035377502441,14.751164436340332,9.87008285522461
0,742,2165.343017578125,20325.826171875,4.425346851348877,13.089296340942383,8.618088722229004
0,743,1682.7391357421875,15494.85546875,4.441783905029297,12.738153457641602,7.643167495727539
0,744,2619.68505859375,24803.640625,4.644039154052734,15.610380172729492,10.41443157196045
0,745,2315.121826171875,21722.30078125,4.763056755065918,13.879558563232422,10.719862937927246
0,746,2113.061279296875,19738.869140625,4.6391401290893555,12.508526802062988,9.82874584197998
0,747,2099.87451171875,19680.23828125,4.395027160644531,11.872831344604492,9.434836387634277
0,748,1730.9119873046875,15828.08203125,4.936790466308594,13.207216262817383,7.354831695556641
0,749,2124.59326171875,19931.52734375,4.3813557624816895,13.242359161376953,10.186138153076172
0,750,1722.355224609375,15758.748046875,4.8826799392700195,12.16346263885498,7.345254898071289
0,751,2115.3896484375,19696.31640625,4.858598709106445,12.805525779724121,9.800305366516113
0,752,2247.803955078125,21098.484375,4.5985212326049805,12.687395095825195,10.138333320617676
0,753,1934.8927001953125,17872.36328125,4.921879768371582,11.18124771118164,10.002237319946289
0,754,2198.273681640625,20664.791015625,4.3931474685668945,12.575109481811523,10.588592529296875
0,755,2722.94091796875,25801.421875,4.759955406188965,14.23985481262207,10.905731201171875
0,756,2034.3699951171875,18967.455078125,4.587484359741211,14.241462707519531,7.189846038818359
0,757,2213.80810546875,20771.150390625,4.556436538696289,12.956058502197266,10.396331787109375
0,758,1892.745849609375,17551.359375,4.586994647979736,11.237348556518555,9.720589637756348
0,759,2141.349853515625,19989.697265625,4.746007919311523,12.745920181274414,9.585511207580566
0,760,1824.33837890625,16971.001953125,4.24127197265625,8.477157592773438,11.225456237792969
0,761,2258.6064453125,21168.22265625,4.726141452789307,12.862658500671387,9.595133781433105
0,762,2302.06494140625,21617.93359375,4.675719738006592,13.118087768554688,10.65277099609375
0,763,1817.3890380859375,16754.052734375,4.732791900634766,12.602002143859863,7.801540374755859
0,764,2297.836669921875,21711.38671875,4.223263740539551,13.243579864501953,10.658246040344238
0,765,2015.4798583984375,18888.359375,4.221465110778809,13.243121147155762,9.426473617553711
0,766,2213.66064453125,20855.41796875,4.270630836486816,13.666683197021484,10.320810317993164
0,767,2202.0263671875,20666.689453125,4.511910915374756,14.066064834594727,8.396672248840332
0,768,2088.747802734375,19607.96484375,4.265039920806885,11.71554946899414,10.809673309326172
0,769,2202.469970703125,20721.869140625,4.342761993408203,10.99091625213623,11.807805061340332
0,770,2151.03857421875,20053.3359375,4.856830596923828,15.154091835021973,7.07867431640625
0,771,2260.86962890625,21246.52734375,4.540558338165283,13.606863021850586,10.538201332092285
0,772,1828.2352294921875,16946.19140625,4.453869342803955,11.556869506835938,9.488907814025879
0,773,1605.4622802734375,14737.62109375,4.390007972717285,11.478446960449219,8.395752906799316
0,774,2192.136962890625,20399.40625,5.073212623596191,12.608182907104492,9.786489486694336
0,775,2381.81591796875,22278.85546875,5.131011962890625,12.510854721069336,11.649685859680176
0,776,1664.6463623046875,15408.14453125,4.127730369567871,11.548009872436523,8.517319679260254
0,777,2377.76708984375,22304.9765625,4.9089765548706055,12.299046516418457,11.309139251708984
0,778,2577.752685546875,24427.21484375,4.501040458679199,13.486248970031738,11.918910026550293
0,779,2792.3369140625,26489.86328125,4.778351783752441,14.033929824829102,12.525761604309082
0,780,2351.45751953125,22243.83203125,4.235806941986084,13.134773254394531,10.517821311950684
0,781,2390.32080078125,22520.458984375,4.609162330627441,13.230648040771484,11.36433219909668
0,782,1838.785400390625,17124.06640625,4.212624549865723,12.50838851928711,7.367332458496094
0,783,1589.33251953125,14520.4619140625,4.576207160949707,10.614441871643066,7.003192901611328
0,784,1537.2420654296875,14121.3759765625,4.170148849487305,10.465986251831055,7.562535285949707
0,785,2129.3740234375,19787.078125,5.022200584411621,14.631861686706543,9.022758483886719
0,786,2378.90771484375,22482.80078125,4.354260444641113,15.057008743286133,10.444262504577637
0,787,2101.9697265625,19685.46875,4.447432518005371,13.57615852355957,8.16075611114502
0,788,2180.031494140625,20469.439453125,4.436251163482666,10.90842342376709,11.876126289367676
0,789,1824.660888671875,16943.330078125,4.344264984130859,12.721175193786621,8.485867500305176
0,790,1872.796630859375,17392.724609375,4.450805187225342,13.12565803527832,9.01909351348877
0,791,2170.427978515625,20169.369140625,5.116372108459473,13.820561408996582,9.6630220413208
0,792,1966.9681396484375,18215.89453125,4.845956325531006,12.563249588012695,8.561213493347168
0,793,2805.60400390625,26681.552734375,4.581624507904053,15.441550254821777,11.351131439208984
0,794,2271.7568359375,21310.353515625,4.6907124519348145,14.424918174743652,9.352310180664062
0,795,2111.27587890625,19840.3046875,4.24151611328125,12.66417407989502,11.114333152770996
0,796,2012.5626220703125,18780.087890625,4.48512601852417,11.804682731628418,9.465152740478516
0,797,2343.92138671875,21890.37109375,5.162805557250977,11.63501262664795,11.388285636901855
0,798,2576.11083984375,24482.767578125,4.26113224029541,14.022405624389648,11.013425827026367
0,799,2064.758056640625,19125.099609375,5.0749359130859375,11.907217025756836,10.49937915802002
0,800,2633.217041015625,24943.62890625,4.628465175628662,13.399446487426758,13.128349304199219
0,801,2196.968017578125,20701.46875,4.227370262145996,14.555509567260742,8.945873260498047
0,802,2249.863037109375,21135.6171875,4.54337215423584,14.652130126953125,9.413426399230957
0,803,1580.1876220703125,14435.708984375,4.553891181945801,12.065174102783203,6.876614570617676
0,804,1581.542236328125,14492.125,4.410991668701172,11.368938446044922,7.902727127075195
0,805,1960.64453125,18199.494140625,4.689837455749512,10.226591110229492,10.879655838012695
0,806,2536.626953125,24037.06640625,4.4306745529174805,13.886696815490723,13.088098526000977
0,807,2473.12548828125,23386.11328125,4.483804702758789,12.794336318969727,11.64349365234375
0,808,1648.429443359375,15014.4580078125,4.8994550704956055,10.935561180114746,7.995870590209961
0,809,2493.839111328125,23485.1328125,4.844186782836914,13.525224685668945,11.96269416809082
0,810,1626.472412109375,15074.458984375,3.9675514698028564,9.338982582092285,9.416165351867676
0,811,1866.522216796875,17259.658203125,4.685213088989258,11.781661987304688,9.348251342773438
0,812,2101.725341796875,19635.2578125,4.606655597686768,13.87153434753418,8.47312068939209
0,813,2177.728271484375,20399.62890625,4.592182636260986,13.028157234191895,9.7887544631958
0,814,2275.6015625,21412.255859375,4.4792022705078125,14.133825302124023,9.099018096923828
0,815,2070.937744140625,19457.55078125,4.172751426696777,10.142126083374023,11.056482315063477
0,816,2202.078857421875,20767.037109375,4.1791672706604,11.004739761352539,12.052517890930176
0,817,2126.20068359375,19803.1640625,4.862809181213379,11.583964347839355,11.131897926330566
0,818,2750.74462890625,26293.953125,4.044976711273193,13.952150344848633,12.956171035766602
0,819,2185.35595703125,20537.26171875,4.387650489807129,13.01060676574707,10.445123672485352
0,820,2250.474365234375,21092.46484375,4.7075958251953125,11.019765853881836,12.434999465942383
0,821,1575.4962158203125,14342.611328125,4.707835674285889,9.810856819152832,8.7725830078125
0,822,2104.437744140625,19772.74609375,4.238770484924316,12.329726219177246,9.963568687438965
0,823,1901.83056640625,17632.3984375,4.619688034057617,12.933002471923828,6.705538749694824
0,824,1906.98193359375,17905.416015625,3.8813419342041016,10.998918533325195,9.986319541931152
0,825,2045.199951171875,19183.953125,4.22681999206543,11.397712707519531,10.855627059936523
0,826,2047.6033935546875,19211.220703125,4.216043472290039,12.237489700317383,9.708048820495605
0,827,1817.592529296875,16926.9375,4.163294315338135,11.241059303283691,9.05075454711914
0,828,1927.43310546875,17934.673828125,4.465521812438965,11.618998527526855,9.05898666381836
0,829,2534.314453125,24112.75390625,4.1012983322143555,14.375362396240234,11.852707862854004
0,830,1837.4110107421875,17014.138671875,4.5332350730896,11.57282829284668,8.753283500671387
0,831,2031.142578125,19141.3828125,3.9001424312591553,13.451131820678711,9.366805076599121
0,832,2004.9110107421875,18739.98828125,4.363736629486084,12.387152671813965,9.805572509765625
0,833,2459.011474609375,23234.029296875,4.520280838012695,12.211223602294922,13.38720417022705
0,834,2094.572265625,19655.419921875,4.301009178161621,10.950593948364258,11.664578437805176
0,835,2096.491455078125,19572.630859375,4.640949726104736,11.190241813659668,11.076716423034668
0,836,1950.46923828125,18175.755859375,4.4297895431518555,12.729570388793945,8.623126983642578
0,837,2015.1224365234375,18870.35546875,4.269565105438232,11.87842082977295,10.545395851135254
0,838,2048.402099609375,19099.982421875,4.613456726074219,11.939894676208496,10.135763168334961
0,839,2208.68603515625,20670.603515625,4.720854759216309,13.551464080810547,9.637127876281738
0,840,2047.68505859375,19234.677734375,4.140574932098389,14.018162727355957,8.26729965209961
0,841,2456.4306640625,23288.595703125,4.252371788024902,14.588052749633789,9.932022094726562
0,842,2085.4677734375,19437.46875,4.724030494689941,12.883273124694824,10.029997825622559
0,843,2117.96826171875,19873.30078125,4.354604721069336,12.928964614868164,9.683023452758789
0,844,1730.280029296875,15946.5595703125,4.520800590515137,12.481221199035645,6.441022872924805
0,845,1989.1783447265625,18589.75,4.340110778808594,12.275659561157227,10.140827178955078
0,846,2149.151123046875,20136.265625,4.517482757568359,13.90500259399414,8.080183982849121
0,847,2933.791259765625,27961.52734375,4.587944984436035,15.25185775756836,11.935327529907227
0,848,2073.653076171875,19416.140625,4.4012956619262695,13.298149108886719,8.55790901184082
0,849,2573.011962890625,24358.087890625,4.5734357833862305,12.266851425170898,13.233745574951172
0,850,2170.561767578125,20551.095703125,3.8484020233154297,11.758109092712402,10.831369400024414
0,851,2488.803466796875,23536.2109375,4.50607967376709,14.170772552490234,10.82984447479248
0,852,2227.591064453125,20900.44921875,4.584872245788574,15.453927040100098,7.236254692077637
0,853,2471.28076171875,23350.296875,4.54170036315918,13.800834655761719,10.764503479003906
0,854,2000.648193359375,18656.833984375,4.498823165893555,11.08867073059082,10.873950004577637
0,855,2428.525634765625,23028.576171875,4.188928604125977,14.667119979858398,11.37063980102539
0,856,1985.2496337890625,18491.23828125,4.537524223327637,14.625840187072754,7.181839942932129
0,857,2726.5205078125,26023.31640625,4.139619827270508,12.723123550415039,14.288251876831055
0,858,2393.797607421875,22593.13671875,4.482799053192139,12.76794719696045,12.312173843383789
0,859,1633.4073486328125,14973.6298828125,4.534811973571777,9.835185050964355,10.028172492980957
0,860,1844.57177734375,17111.546875,4.447237968444824,12.715917587280273,8.253252029418945
0,861,2034.385009765625,19039.3203125,4.348432540893555,10.658288955688477,10.20666217803955
0,862,1899.33740234375,17697.236328125,4.320460319519043,10.24836540222168,9.7584867477417
0,863,2621.5888671875,24672.37890625,5.145030975341797,13.077101707458496,12.763396263122559
0,864,2021.9560546875,18993.994140625,4.085221290588379,13.192962646484375,8.734668731689453
0,865,1842.2540283203125,16951.892578125,4.902157306671143,12.15713119506836,8.290365219116211
0,866,1973.0048828125,18363.923828125,4.55374813079834,13.023422241210938,7.217170715332031
0,867,2409.491455078125,22713.28125,4.605440616607666,13.855122566223145,11.06417465209961
0,868,2428.613525390625,22937.9296875,4.494016647338867,14.309020042419434,11.629437446594238
0,869,2806.07861328125,26605.609375,4.8505859375,17.054964065551758,10.605104446411133
0,870,2126.0048828125,18853.404296875,8.022148132324219,12.87682056427002,9.463089942932129
0,871,2359.829345703125,22179.83203125,4.728207588195801,13.788982391357422,10.421707153320312
0,872,2686.720947265625,25620.26953125,4.156463623046875,15.587261199951172,10.782293319702148
0,873,2395.947509765625,22627.958984375,4.438384532928467,15.101361274719238,8.490887641906738
0,874,2405.250244140625,22724.224609375,4.427587985992432,12.002647399902344,13.776124954223633
0,875,2064.0771484375,19320.205078125,4.401891231536865,9.13667106628418,11.854191780090332
0,876,2115.29248046875,19874.5546875,4.26123046875,12.277751922607422,9.723444938659668
0,877,1594.2462158203125,14624.9833984375,4.391594409942627,11.116445541381836,7.545257568359375
0,878,1644.98046875,15135.6806640625,4.380411148071289,10.02973747253418,9.182926177978516
0,879,2055.267333984375,19189.76953125,4.543015956878662,10.166457176208496,11.771923065185547
0,880,2244.163818359375,21094.0546875,4.491946220397949,11.790716171264648,10.83678913116455
0,881,1928.5848388671875,18023.986328125,4.206203937530518,11.465173721313477,9.9066743850708
0,882,2041.9859619140625,19156.90625,4.209842681884766,11.417427062988281,10.950758934020996
0,883,1865.668701171875,17293.322265625,4.544546604156494,12.232837677001953,8.592666625976562
0,884,1938.84716796875,18093.1796875,4.317637920379639,10.840231895446777,10.917139053344727
0,885,1633.400390625,15019.865234375,4.380458831787109,9.823878288269043,8.948836326599121
0,886,1387.1376953125,12546.564453125,4.416038513183594,8.26585865020752,7.929055213928223
0,887,2192.555419921875,20652.15234375,4.244671821594238,12.018213272094727,9.554734230041504
0,888,1943.9207763671875,18118.32421875,4.4029459953308105,9.984859466552734,10.614007949829102
0,889,1846.006591796875,17362.419921875,3.6588172912597656,10.534677505493164,11.26203441619873
0,890,1785.43603515625,16488.9453125,4.551382064819336,12.009845733642578,7.9566450119018555
0,891,2478.892822265625,23497.01171875,4.30639123916626,13.995993614196777,10.758072853088379
0,892,2087.5185546875,19447.369140625,4.759389400482178,11.124104499816895,10.92845344543457
0,893,1802.42041015625,16763.41796875,4.202618598937988,11.360359191894531,9.865402221679688
0,894,1769.2955322265625,16415.9609375,4.256649971008301,12.317892074584961,8.168879508972168
0,895,2791.86767578125,26679.40625,4.130897521972656,15.25886344909668,12.092292785644531
0,896,2125.981201171875,19992.47265625,4.224460601806641,13.4268159866333,9.33648681640625
0,897,2510.96240234375,23744.484375,4.550462245941162,14.280500411987305,10.314826965332031
0,898,2296.583740234375,21625.447265625,4.467970848083496,12.167308807373047,12.130654335021973
0,899,1884.4940185546875,17541.287109375,4.345509052276611,12.164144515991211,9.617323875427246
0,900,1470.8077392578125,13516.236328125,3.9728035926818848,10.307401657104492,7.822465896606445
0,901,1852.6513671875,17111.818359375,4.715651035308838,10.822431564331055,10.31587028503418
0,902,1910.8050537109375,17810.19140625,4.326196670532227,11.409131050109863,9.755392074584961
0,903,2410.45361328125,22598.45703125,5.020261287689209,12.816036224365234,11.909472465515137
0,904,1991.3974609375,18661.296875,4.175591945648193,11.245359420776367,10.00273609161377
0,905,2051.835205078125,19078.80859375,4.7984819412231445,12.111162185668945,10.086732864379883
0,906,1713.215576171875,15823.5224609375,4.362110137939453,9.654472351074219,10.130043029785156
0,907,2108.62744140625,19702.478515625,4.612653732299805,13.573336601257324,8.174569129943848
0,908,1807.700439453125,16706.44921875,4.568518161773682,10.053457260131836,9.735905647277832
0,909,2318.37353515625,21763.47265625,4.7342023849487305,13.81933879852295,9.812344551086426
0,910,2307.454833984375,21755.5390625,4.396693706512451,12.130485534667969,11.065972328186035
0,911,2352.10888671875,22254.431640625,4.222196578979492,14.840864181518555,9.371950149536133
0,912,1855.7037353515625,17235.15625,4.4062700271606445,10.038032531738281,10.659353256225586
0,913,2119.88818359375,19903.94140625,4.316464424133301,13.81972885131836,9.008309364318848
0,914,1835.3865966796875,16628.57421875,5.750972747802734,9.416021347045898,9.425347328186035
0,915,2363.004638671875,22303.458984375,4.421957015991211,12.890172958374023,11.956070899963379
0,916,2489.65576171875,23575.0625,4.404982566833496,16.469491958618164,8.571533203125
0,917,1819.736572265625,16687.78515625,5.031932830810547,11.970885276794434,9.134795188903809
0,918,2011.0797119140625,18752.47265625,4.527745246887207,12.70850658416748,9.170217514038086
0,919,1681.57666015625,15575.23046875,4.135119915008545,12.421956062316895,7.138551712036133
0,920,2474.94970703125,23428.3046875,4.403968811035156,14.752089500427246,10.584112167358398
0,921,2019.6827392578125,18690.076171875,5.022502899169922,12.358940124511719,8.93769645690918
0,922,1852.316650390625,17317.3515625,4.019380569458008,11.232383728027344,9.207062721252441
0,923,1918.3251953125,17953.13671875,4.100381851196289,11.207602500915527,9.984951972961426
0,924,2584.900390625,24322.529296875,5.088249206542969,15.059759140014648,10.134847640991211
0,925,1825.7996826171875,17069.02734375,3.9632322788238525,11.760319709777832,7.576581001281738
0,926,2241.154541015625,21068.15234375,4.477975368499756,12.396026611328125,11.09323501586914
0,927,2192.62939453125,20718.13671875,4.027190208435059,12.091747283935547,11.931270599365234
0,928,1785.0804443359375,16629.859375,4.069816589355469,9.847289085388184,10.838748931884766
0,929,1943.6171875,18179.03515625,4.190454483032227,11.234325408935547,8.967634201049805
0,930,1930.5875244140625,18037.05859375,4.229387283325195,12.57673454284668,8.840171813964844
0,931,2207.880859375,20823.62109375,4.183960437774658,13.623823165893555,9.759674072265625
0,932,1521.25244140625,13961.01171875,4.171709060668945,8.78414535522461,9.423490524291992
0,933,1892.96728515625,17042.400390625,6.2909040451049805,11.87430191040039,9.055874824523926
0,934,2273.04931640625,21434.8046875,4.318960666656494,12.797904014587402,10.630358695983887
0,935,2452.16943359375,23227.2890625,4.314677715301514,13.791862487792969,11.733247756958008
0,936,1956.22021484375,18408.125,3.8469228744506836,12.56972885131836,9.159248352050781
0,937,2418.364501953125,22921.884765625,4.20586633682251,12.619364738464355,13.364462852478027
0,938,2740.748046875,26006.36328125,4.670384407043457,15.402316093444824,11.199627876281738
0,939,2360.692138671875,22332.34765625,4.248574256896973,13.401765823364258,9.835640907287598
0,940,2322.560791015625,22018.07421875,4.025115489959717,12.887950897216797,10.856864929199219
0,941,1783.87744140625,16575.36328125,4.211366653442383,11.495755195617676,9.142094612121582
0,942,2454.733154296875,23098.498046875,4.8294453620910645,15.393597602844238,10.603071212768555
0,943,2182.131591796875,20649.7109375,3.9053454399108887,12.963685989379883,10.434380531311035
0,944,1626.1614990234375,15015.09375,4.155071258544922,9.843101501464844,8.14482307434082
0,945,1677.791015625,15479.6796875,4.327434539794922,11.557003021240234,7.771880149841309
0,946,2183.632568359375,20677.546875,3.862595319747925,12.061248779296875,11.136486053466797
0,947,1837.529052734375,17319.76953125,3.5184030532836914,12.519855499267578,8.726187705993652
0,948,2035.1917724609375,19081.609375,4.234358310699463,12.335714340209961,10.383644104003906
0,949,2112.2587890625,19823.625,4.329871654510498,11.074687957763672,11.741083145141602
0,950,2124.96875,19940.86328125,4.36274528503418,10.181217193603516,11.108392715454102
0,951,2300.337646484375,21730.482421875,4.242974281311035,13.264923095703125,10.167203903198242
0,952,1924.93505859375,18026.41015625,4.076468467712402,12.40261459350586,7.974679946899414
0,953,1866.3724365234375,17255.2734375,4.694836616516113,11.22170639038086,10.413341522216797
0,954,2267.75830078125,21257.6796875,4.733007431030273,13.406007766723633,10.251106262207031
0,955,2110.6494140625,19805.62109375,4.336242198944092,13.98548412322998,9.047163963317871
0,956,1924.2391357421875,18015.20703125,4.090611457824707,11.899150848388672,9.94912052154541
0,957,2572.9609375,24363.361328125,4.554155349731445,13.821659088134766,11.217556953430176
0,958,2190.62646484375,20660.0390625,4.154081344604492,12.485584259033203,11.232604026794434
0,959,2148.990966796875,20198.919921875,4.303302764892578,14.047887802124023,8.580183982849121
0,960,2333.16650390625,21743.640625,5.2934136390686035,14.694303512573242,9.28112506866455
0,961,1830.5587158203125,16908.6640625,4.65640926361084,12.124027252197266,6.810565948486328
0,962,2429.536865234375,23000.115234375,4.317509651184082,12.251287460327148,12.732829093933105
0,963,2132.449462890625,20157.30078125,3.890643358230591,10.77283000946045,12.573097229003906
0,964,2040.230712890625,19172.716796875,4.098631858825684,11.638265609741211,10.539901733398438
0,965,2257.53125,21327.369140625,4.159806728363037,13.540271759033203,9.98318099975586
0,966,2418.1044921875,22750.96484375,4.766932964324951,14.579721450805664,8.312163352966309
0,967,2274.33837890625,21263.046875,4.934457778930664,13.10963249206543,10.238597869873047
0,968,2544.769287109375,24174.115234375,4.2452545166015625,13.936714172363281,12.145915985107422
0,969,2605.7333984375,24647.072265625,4.700872421264648,15.138313293457031,9.802507400512695
0,970,2691.970703125,25643.47265625,4.254113674163818,14.778135299682617,11.953051567077637
0,971,2263.3408203125,21280.484375,4.509737491607666,12.030484199523926,11.510820388793945
0,972,1974.806640625,18504.296875,4.14589786529541,12.889615058898926,8.180327415466309
0,973,1735.3924560546875,16083.9423828125,4.233271598815918,10.93787670135498,7.499659538269043
0,974,2191.82421875,20602.71484375,4.3850908279418945,11.927562713623047,10.363584518432617
0,975,1795.1585693359375,16696.328125,4.184193134307861,10.055476188659668,9.961567878723145
0,976,2194.73291015625,20742.27734375,4.016836166381836,12.497488021850586,10.780816078186035
0,977,1750.5838623046875,16234.755859375,4.236943244934082,13.485166549682617,6.668901443481445
0,978,2094.349609375,19702.943359375,4.13517951965332,11.783584594726562,10.371246337890625
0,979,1916.9739990234375,17899.453125,4.234289169311523,14.27550220489502,7.007258415222168
0,980,1922.420166015625,17927.25390625,4.323156833648682,11.858743667602539,9.950545310974121
0,981,2090.6416015625,19630.296875,4.253730773925781,9.815105438232422,12.410715103149414
0,982,1717.4688720703125,15552.48046875,5.4073591232299805,13.287691116333008,5.675005912780762
0,983,2495.325439453125,23580.65234375,4.575340270996094,13.130325317382812,13.066656112670898
0,984,2411.93115234375,22786.59375,4.44238805770874,14.298065185546875,10.26046371459961
0,985,2358.2734375,22332.7265625,4.166692733764648,13.677877426147461,10.957700729370117
0,986,1388.4437255859375,12601.630859375,4.276021480560303,8.781646728515625,8.316516876220703
0,987,2235.748291015625,20934.62109375,4.742867469787598,12.818964004516602,10.890704154968262
0,988,2237.357421875,21171.107421875,4.008223533630371,12.242053031921387,12.56679630279541
0,989,1692.95263671875,15828.892578125,3.6687803268432617,12.549397468566895,6.864740371704102
0,990,2163.01123046875,20329.42578125,4.335622787475586,13.852518081665039,8.865461349487305
0,991,1696.7017822265625,15752.7841796875,4.047443866729736,11.203195571899414,8.815123558044434
0,992,1937.89208984375,18166.845703125,4.040250301361084,10.674443244934082,10.353926658630371
0,993,2555.013916015625,24275.78515625,4.247842788696289,14.313482284545898,10.73289680480957
0,994,2052.3154296875,19096.48828125,4.755550384521484,12.554037094116211,9.514070510864258
0,995,1805.0323486328125,16829.98828125,4.067782402038574,10.672420501708984,10.182781219482422
0,996,2037.08154296875,19008.3125,4.54167366027832,12.933572769165039,8.010534286499023
0,997,2336.88330078125,22126.75,4.1402740478515625,12.15945053100586,11.518460273742676
0,998,2220.2822265625,20847.953125,4.516229629516602,11.574030876159668,11.709965705871582
0,999,2050.900390625,19392.171875,3.7227721214294434,11.436610221862793,11.862213134765625
0,1000,1678.168212890625,15587.693359375,3.9799580574035645,9.539268493652344,10.074535369873047
0,1001,1653.189453125,15210.8955078125,4.403330326080322,10.311578750610352,8.307254791259766
0,1002,2192.1865234375,20755.162109375,3.8890016078948975,14.258652687072754,9.572742462158203
0,1003,1707.3258056640625,15800.521484375,4.242457389831543,11.071098327636719,8.065688133239746
0,1004,2602.825439453125,24666.953125,4.5376691818237305,13.821117401123047,12.501203536987305
0,1005,1909.9337158203125,17741.583984375,4.525843620300293,13.343069076538086,7.762364387512207
0,1006,2543.658447265625,24055.28125,4.60434627532959,14.389965057373047,11.6871919631958
0,1007,2047.8416748046875,19171.119140625,4.357658863067627,11.143669128417969,11.452462196350098
0,1008,2539.0673828125,24075.94921875,4.382413864135742,13.444660186767578,11.489457130432129
0,1009,1993.6380615234375,18703.578125,4.109341621398926,13.589435577392578,7.521000862121582
0,1010,1837.652099609375,17106.24609375,4.234248638153076,12.132387161254883,8.135062217712402
0,1011,1971.5072021484375,18434.529296875,4.268471717834473,11.633176803588867,10.493637084960938
0,1012,2355.711669921875,22307.3984375,4.165719509124756,13.288530349731445,10.384637832641602
0,1013,2080.844482421875,19460.9921875,4.491511344909668,13.696809768676758,9.300447463989258
0,1014,2503.8486328125,23746.43359375,4.306847095489502,13.522592544555664,11.62283992767334
0,1015,1895.0576171875,17793.1953125,3.857933521270752,9.420475006103516,11.029207229614258
0,1016,2101.781494140625,19780.001953125,4.12604284286499,12.58532428741455,10.581591606140137
0,1017,1560.2646484375,14452.341796875,3.8343448638916016,10.99142074584961,8.29103946685791
0,1018,1575.4046630859375,14541.5703125,4.041585445404053,9.850542068481445,8.507370948791504
0,1019,1465.45361328125,13543.880859375,3.7021830081939697,7.873319625854492,9.532536506652832
0,1020,2352.85009765625,22202.076171875,4.42141056060791,12.126808166503906,10.816353797912598
0,1021,1935.3779296875,17955.734375,4.660146713256836,12.760311126708984,8.342077255249023
0,1022,2274.5458984375,20894.185546875,6.170909404754639,11.760499954223633,11.040901184082031
0,1023,1933.410400390625,18073.94140625,4.200539588928223,12.248303413391113,9.164149284362793
0,1024,2344.3720703125,22058.45703125,4.617549896240234,12.92863941192627,10.8206148147583
0,1025,1955.995361328125,18357.28515625,4.0088958740234375,12.821721076965332,8.586397171020508
0,1026,1932.9083251953125,18120.283203125,4.029332637786865,11.985461235046387,9.661834716796875
0,1027,2071.13720703125,19489.7890625,4.071948051452637,12.186631202697754,9.482784271240234
0,1028,2411.3515625,22858.734375,4.182599067687988,11.802560806274414,12.395462989807129
0,1029,1719.3734130859375,15942.31640625,4.17139196395874,10.6131591796875,8.358089447021484
0,1030,1864.7510986328125,17414.189453125,4.111071586608887,10.360112190246582,10.45831298828125
0,1031,2056.527099609375,19364.30859375,4.003203392028809,11.211315155029297,11.405342102050781
0,1032,2286.1435546875,21529.673828125,4.439203262329102,13.114859580993652,9.907712936401367
0,1033,2183.40380859375,20613.64453125,4.06797456741333,9.494640350341797,13.171110153198242
0,1034,1642.646240234375,15165.8779296875,4.201949119567871,11.296481132507324,7.390302658081055
0,1035,2234.60107421875,21276.1953125,3.566052198410034,12.152944564819336,11.281030654907227
0,1036,1928.171875,18122.4453125,3.864246368408203,13.317253112792969,9.822941780090332
0,1037,2552.31640625,24322.740234375,4.001404762268066,13.786627769470215,13.005026817321777
0,1038,2202.60009765625,20663.5859375,4.541383743286133,12.266029357910156,10.1510591506958
0,1039,2302.61474609375,21638.359375,4.6259613037109375,15.100362777709961,8.568116188049316
0,1040,2446.225830078125,23145.29296875,4.389885902404785,13.757146835327148,11.531044006347656
0,1041,1852.5467529296875,17404.794921875,3.7355759143829346,10.905113220214844,10.268013954162598
0,1042,2032.27099609375,19026.48046875,4.320764541625977,12.062920570373535,10.896646499633789
0,1043,2058.452880859375,19399.275390625,3.9508416652679443,11.15079402923584,11.015250205993652
0,1044,2140.33544921875,20125.53515625,4.259391784667969,13.16528606414795,8.744051933288574
0,1045,1983.7357177734375,18592.541015625,4.149385929107666,13.550775527954102,8.43345832824707
0,1046,2345.010986328125,21850.37890625,5.332441329956055,13.764067649841309,10.362203598022461
0,1047,2261.620849609375,21398.203125,4.060014247894287,13.126043319702148,9.620553016662598
0,1048,2601.73291015625,24833.9609375,3.9445557594299316,14.464496612548828,12.866347312927246
0,1049,2375.3701171875,22512.765625,4.136449813842773,12.439895629882812,12.438834190368652
0,1050,2342.585693359375,22218.869140625,4.023293495178223,14.23808479309082,9.438495635986328
0,1051,1905.6953125,17499.982421875,5.189899921417236,12.49362564086914,9.272822380065918
0,1052,1622.74609375,14954.533203125,4.243090629577637,11.685781478881836,7.851633071899414
0,1053,2091.447509765625,19668.62109375,4.1528425216674805,12.02038860321045,10.661876678466797
0,1054,2430.642333984375,22949.810546875,4.522037506103516,14.03619384765625,10.07663631439209
0,1055,2432.265869140625,22946.68359375,4.586577415466309,14.043350219726562,11.092874526977539
0,1056,2677.642333984375,25477.25390625,4.330563545227051,14.037796020507812,11.288826942443848
0,1057,2170.822021484375,20409.458984375,4.329200267791748,13.835029602050781,7.706648826599121
0,1058,2135.35791015625,20167.59765625,3.9532711505889893,13.651039123535156,9.569878578186035
0,1059,2631.281494140625,25164.33984375,3.8282461166381836,12.961613655090332,12.681410789489746
0,1060,1918.7342529296875,17881.5078125,4.352783203125,10.873638153076172,9.878947257995605
0,1061,2467.54248046875,23234.67578125,4.802496910095215,12.45919418334961,11.319475173950195
0,1062,1929.65673828125,18065.85546875,4.1023712158203125,12.372846603393555,9.539593696594238
0,1063,1796.6297607421875,16779.763671875,3.955108880996704,11.006235122680664,9.594588279724121
0,1064,1919.6597900390625,17852.35546875,4.480806350708008,10.384140014648438,11.172295570373535
0,1065,1451.405029296875,13205.630859375,4.361395835876465,10.133471488952637,7.503486633300781
0,1066,2047.203125,19164.71484375,4.357720375061035,11.386295318603516,10.559733390808105
0,1067,1997.7479248046875,18689.6796875,4.29266357421875,12.944194793701172,8.45051097869873
0,1068,1808.708984375,16840.212890625,4.156252861022949,11.803564071655273,8.597671508789062
0,1069,2537.172119140625,23810.947265625,5.202583312988281,12.57507610321045,12.69262981414795
0,1070,1941.5955810546875,18226.2734375,3.9656105041503906,10.349745750427246,10.88190746307373
0,1071,1528.6307373046875,14092.4609375,3.9794867038726807,12.30196762084961,5.651882171630859
0,1072,1543.5751953125,14283.2158203125,3.8417844772338867,10.932767868041992,8.39216136932373
0,1073,1737.782470703125,16162.1943359375,4.052097797393799,11.32015323638916,8.825531959533691
0,1074,1383.656494140625,12542.2412109375,4.3144121170043945,8.755134582519531,8.052634239196777
0,1075,1951.052734375,18284.5078125,4.08673095703125,8.711877822875977,11.549348831176758
0,1076,2107.2587890625,19530.580078125,5.140026092529297,12.202096939086914,10.158815383911133
0,1077,1751.765380859375,16343.1015625,3.915175437927246,10.299040794372559,9.3285551071167
0,1078,1444.5557861328125,13218.931640625,4.088755130767822,10.209772109985352,6.656391143798828
0,1079,1860.720703125,17421.783203125,3.9514098167419434,10.353760719299316,10.497618675231934
0,1080,2360.48046875,22340.1796875,4.215410232543945,14.687644958496094,10.656898498535156
0,1081,2340.148193359375,22089.8046875,4.372260093688965,13.504952430725098,11.232508659362793
0,1082,1600.1397705078125,14744.642578125,4.189184188842773,8.858482360839844,9.744475364685059
0,1083,2379.686767578125,22534.25390625,4.208709716796875,12.362695693969727,11.7571439743042
0,1084,2290.94677734375,21699.794921875,4.03223991394043,13.20773696899414,11.759849548339844
0,1085,1760.593017578125,16380.5703125,4.084534645080566,12.772502899169922,8.506246566772461
0,1086,2561.0703125,24461.69140625,3.8300347328186035,13.845151901245117,11.84936809539795
0,1087,2533.4765625,24154.28125,3.934948682785034,14.2791748046875,12.021475791931152
0,1088,2136.909912109375,20065.140625,4.346530914306641,12.125064849853516,11.60493278503418
0,1089,2176.277587890625,20403.91015625,4.529555797576904,14.361271858215332,7.710779190063477
0,1090,2098.4091796875,19690.869140625,4.310745716094971,13.351892471313477,9.163984298706055
0,1091,2379.4267578125,22455.5234375,4.462479591369629,13.066594123840332,11.170599937438965
0,1092,2147.940673828125,20218.126953125,4.2042646408081055,12.275127410888672,10.308046340942383
0,1093,1766.0015869140625,16494.251953125,3.8858814239501953,7.973264694213867,12.275483131408691
0,1094,2226.31640625,20944.09765625,4.396884918212891,12.254880905151367,10.715580940246582
0,1095,1776.99609375,16455.80078125,4.380532264709473,10.147797584533691,9.907746315002441
0,1096,1788.42626953125,16703.27734375,3.9366164207458496,11.283876419067383,10.080911636352539
0,1097,2412.393310546875,22682.060546875,4.806241989135742,13.438918113708496,10.908844947814941
0,1098,1711.81298828125,15915.734375,4.00798225402832,13.058937072753906,7.153369903564453
0,1099,2154.18115234375,19704.16015625,6.125508785247803,11.168811798095703,11.486238479614258
0,1100,2394.4853515625,22728.068359375,4.05595064163208,14.723520278930664,10.57408332824707
0,1101,2155.989990234375,20205.841796875,4.513528347015381,14.279520988464355,10.056386947631836
0,1102,1929.970703125,18058.7734375,4.136445045471191,11.437956809997559,8.696576118469238
0,1103,1650.354736328125,15367.853515625,3.7856462001800537,8.82048225402832,9.583556175231934
0,1104,2529.26123046875,23810.240234375,4.9412336349487305,13.537873268127441,11.323287963867188
0,1105,1822.3714599609375,16981.46875,4.140819549560547,10.786291122436523,9.269121170043945
0,1106,1839.391845703125,17025.384765625,4.56178092956543,9.883123397827148,9.945389747619629
0,1107,1497.6302490234375,13866.6767578125,3.698751449584961,9.37661361694336,9.346755027770996
0,1108,1969.22705078125,18486.734375,4.018451690673828,12.126171112060547,9.967036247253418
0,1109,2028.271240234375,19119.66796875,3.876814842224121,10.946975708007812,10.819781303405762
0,1110,2008.476318359375,18020.224609375,6.881793022155762,14.239434242248535,6.7054033279418945
0,1111,1927.130615234375,18044.408203125,4.089659690856934,11.235601425170898,9.472885131835938
0,1112,1896.7786865234375,17754.154296875,4.045443534851074,10.197511672973633,11.064858436584473
0,1113,1848.009521484375,17283.546875,3.988494634628296,10.732707023620605,10.533563613891602
0,1114,2072.800537109375,19427.54296875,4.334877967834473,11.319704055786133,10.504157066345215
0,1115,1459.5438232421875,13317.310546875,4.260425090789795,9.117183685302734,9.281723022460938
0,1116,2508.410888671875,23738.5703125,4.485124588012695,13.149809837341309,11.233224868774414
0,1117,2314.305419921875,21790.9296875,4.507078170776367,12.391092300415039,12.46860122680664
0,1118,1920.27001953125,18027.68359375,3.916719675064087,12.11323356628418,9.365457534790039
0,1119,2367.7314453125,22196.9296875,4.934613227844238,14.862174987792969,8.874523162841797
0,1120,2150.153076171875,20189.421875,4.37369441986084,14.083944320678711,9.296025276184082
0,1121,2444.15673828125,23133.658203125,4.359696388244629,13.609395980834961,11.938135147094727
0,1122,2054.545166015625,19363.15625,3.9409842491149902,11.235167503356934,10.93310546875
0,1123,1579.3818359375,14594.609375,3.9973652362823486,8.667719841003418,9.898344039916992
0,1124,1726.5245361328125,15957.4208984375,4.359415054321289,12.121291160583496,7.597917556762695
0,1125,2409.71875,22834.58984375,4.208656311035156,15.258756637573242,10.479645729064941
0,1126,2098.87255859375,19768.125,4.06866455078125,13.327829360961914,9.81786823272705
0,1127,2375.35400390625,22531.43359375,4.07368803024292,13.679037094116211,10.415221214294434
0,1128,1318.648193359375,11952.3662109375,4.113718032836914,9.670352935791016,6.356056213378906
0,1129,2045.2176513671875,19301.46875,3.8356921672821045,10.196561813354492,10.982929229736328
0,1130,1983.3883056640625,18504.87109375,4.430037975311279,11.363253593444824,8.944259643554688
0,1131,2337.834716796875,22062.40234375,4.38647985458374,12.987256050109863,11.699140548706055
0,1132,1359.5655517578125,12324.078125,4.238592147827148,8.038616180419922,8.288390159606934
0,1133,1774.7369384765625,16506.80078125,4.135229587554932,12.833964347839355,7.836916923522949
0,1134,1767.99609375,16378.37890625,4.338606357574463,12.40106201171875,7.923471450805664
0,1135,1974.0699462890625,18419.337890625,4.40453577041626,12.318731307983398,8.31920337677002
0,1136,1744.43701171875,16339.8251953125,3.681817054748535,11.968229293823242,6.880179405212402
0,1137,1960.9200439453125,18223.931640625,4.617561340332031,12.710249900817871,8.16781234741211
0,1138,2209.3779296875,20700.732421875,4.643488883972168,13.045464515686035,10.31319522857666
0,1139,1605.7852783203125,14648.833984375,4.6967267990112305,10.576171875,7.406023979187012
0,1140,2211.486083984375,20649.30078125,4.885196685791016,12.452644348144531,11.006391525268555
0,1141,1957.439697265625,18335.142578125,4.130846977233887,12.290271759033203,9.681160926818848
0,1142,1885.9888916015625,17578.68359375,4.270683288574219,12.016397476196289,9.234644889831543
0,1143,2141.31298828125,20151.9765625,4.203843116760254,13.084402084350586,9.629701614379883
0,1144,1889.1947021484375,17720.169921875,3.9059243202209473,9.126803398132324,11.888615608215332
0,1145,1763.114990234375,16425.083984375,4.020219802856445,10.87327766418457,8.605196952819824
0,1146,1436.3873291015625,13200.505859375,3.8778886795043945,8.6316499710083,8.325647354125977
0,1147,2086.58642578125,19548.162109375,4.392333984375,14.051238059997559,8.244976997375488
0,1148,1769.4970703125,16585.96875,3.696672201156616,10.474494934082031,9.541666984558105
0,1149,2145.70947265625,20204.44921875,4.175485134124756,11.145914077758789,11.552595138549805
0,1150,1740.8524169921875,16251.771484375,3.855842113494873,9.658498764038086,10.308293342590332
0,1151,1851.10107421875,17206.46875,4.348472595214844,10.065082550048828,10.089856147766113
0,1152,1815.8564453125,16813.05859375,4.485016345977783,12.463722229003906,6.8202972412109375
0,1153,1652.5645751953125,14853.3388671875,5.5743584632873535,9.511313438415527,8.139688491821289
0,1154,1852.8692626953125,17344.1875,3.9483468532562256,11.393438339233398,9.245220184326172
0,1155,2169.886962890625,20480.62109375,4.060825824737549,12.561952590942383,10.381278038024902
0,1156,2084.46337890625,19592.224609375,4.174695014953613,12.976017951965332,9.925772666931152
0,1157,2129.65576171875,20003.064453125,4.311641693115234,12.210411071777344,11.107500076293945
0,1158,1711.48291015625,15898.6904296875,4.053795337677002,10.848329544067383,8.39498233795166
0,1159,1863.9901123046875,17488.546875,3.837844133377075,11.066478729248047,9.481707572937012
0,1160,2054.318359375,19152.2109375,4.636574745178223,11.794071197509766,10.156259536743164
0,1161,1575.4326171875,14466.412109375,4.2930450439453125,13.515932083129883,5.206633567810059
0,1162,2241.5771484375,20922.732421875,4.976802825927734,11.930535316467285,11.340885162353516
0,1163,1954.477783203125,18234.84765625,4.366435527801514,10.925273895263672,10.458433151245117
0,1164,1876.41748046875,17556.697265625,4.024923324584961,11.930684089660645,10.041715621948242
0,1165,2180.2568359375,20489.017578125,4.378499984741211,12.022075653076172,11.51860237121582
0,1166,2036.66748046875,19004.41796875,4.54085636138916,12.805816650390625,9.53559398651123
0,1167,2333.06591796875,22195.509765625,3.783828020095825,11.96242904663086,11.951382637023926
0,1168,2233.598876953125,20962.650390625,4.577789306640625,12.958961486816406,10.347505569458008
0,1169,1976.1556396484375,18648.404296875,3.7105066776275635,12.057282447814941,10.61965560913086
0,1170,1703.4632568359375,15957.6083984375,3.5900778770446777,8.455072402954102,11.225193977355957
0,1171,2159.229736328125,20159.548828125,4.7758259773254395,12.028236389160156,10.331192016601562
0,1172,1907.442626953125,17863.154296875,4.037574291229248,12.310073852539062,10.158434867858887
0,1173,1815.2288818359375,16874.5390625,4.259164810180664,9.719524383544922,10.46715259552002
0,1174,1467.76904296875,13617.1943359375,3.534986734390259,9.009190559387207,8.21102237701416
0,1175,1798.7515869140625,16782.271484375,4.017479419708252,12.103082656860352,8.88514518737793
0,1176,1621.7901611328125,14944.4619140625,4.244800090789795,9.674745559692383,8.599889755249023
0,1177,2058.4794921875,19410.076171875,3.915726661682129,10.224609375,11.161580085754395
0,1178,2110.806396484375,19850.0234375,4.193470478057861,11.768167495727539,10.603225708007812
0,1179,2095.87744140625,19646.0234375,4.375831604003906,11.700340270996094,10.5144681930542
0,1180,1485.5118408203125,13674.5341796875,3.935279369354248,11.277494430541992,6.52493953704834
0,1181,1978.8062744140625,18535.685546875,4.174587249755859,10.89013957977295,10.289029121398926
0,1182,1773.379150390625,16436.359375,4.32477331161499,12.492359161376953,8.186108589172363
0,1183,1995.09765625,18754.6640625,3.987706422805786,13.069805145263672,9.656241416931152
0,1184,2233.17236328125,21213.296875,3.72808575630188,10.909326553344727,11.672453880310059
0,1185,2069.618896484375,19300.43359375,4.652517318725586,11.579819679260254,11.32862663269043
0,1186,1806.474365234375,16837.14453125,4.091997146606445,11.186169624328613,9.186136245727539
0,1187,2113.85595703125,19801.4375,4.4570722579956055,13.670132637023926,8.966583251953125
0,1188,1898.726806640625,17686.568359375,4.335664749145508,12.681522369384766,8.583049774169922
0,1189,2275.847412109375,21458.240234375,4.3341169357299805,12.879364013671875,11.689474105834961
0,1190,1865.9207763671875,17563.67578125,3.651773452758789,10.028108596801758,9.983336448669434
0,1191,1689.768310546875,15690.1845703125,4.024995803833008,9.520261764526367,9.650690078735352
0,1192,1684.6287841796875,15598.205078125,4.160274982452393,11.74691390991211,7.706851959228516
0,1193,2020.6905517578125,19031.59375,3.9177041053771973,13.134475708007812,9.409028053283691
0,1194,2448.568603515625,23338.978515625,3.8223516941070557,12.92816162109375,12.195002555847168
0,1195,2042.292724609375,19129.40234375,4.3117475509643555,12.75,9.491344451904297
0,1196,2610.402587890625,24770.2109375,4.446047782897949,12.948233604431152,12.412805557250977
0,1197,1834.568603515625,16919.13671875,4.755161762237549,12.832006454467773,7.1211442947387695
0,1198,1710.1275634765625,15835.56640625,4.219029426574707,8.711221694946289,10.063218116760254
0,1199,2152.495849609375,20298.9375,4.086735248565674,11.618021011352539,11.204516410827637
0,1200,2068.1689453125,19435.501953125,4.153963088989258,11.446531295776367,10.580964088439941
0,1201,1665.8504638671875,15513.3369140625,3.8172240257263184,11.301870346069336,7.438144683837891
0,1202,1841.62255859375,17249.2265625,3.8899946212768555,10.144430160522461,10.647947311401367
0,1203,1606.3544921875,14878.966796875,3.9485936164855957,9.271814346313477,9.617599487304688
0,1204,2051.182373046875,19271.068359375,4.135852336883545,12.334453582763672,9.785778999328613
0,1205,1719.303466796875,16008.9912109375,3.9468095302581787,10.26736068725586,9.245145797729492
0,1206,2557.55810546875,24281.68359375,4.312985420227051,15.319282531738281,10.420027732849121
0,1207,2182.83935546875,20496.974609375,4.438063621520996,13.232057571411133,10.276687622070312
0,1208,2103.478759765625,19819.099609375,4.052290916442871,12.666488647460938,9.400736808776855
0,1209,2029.861572265625,19164.126953125,3.7816267013549805,10.533252716064453,11.16993236541748
0,1210,2196.598876953125,20705.9375,4.200167655944824,13.639278411865234,9.135603904724121
0,1211,1594.8365478515625,14666.0009765625,4.274547576904297,10.409852027893066,8.378669738769531
0,1212,1849.3172607421875,17324.375,3.8959922790527344,12.247430801391602,9.260758399963379
0,1213,1883.03857421875,17633.275390625,3.990367889404297,11.582473754882812,9.622623443603516
0,1214,2142.68212890625,20044.10546875,4.609052658081055,12.510551452636719,10.056262969970703
0,1215,2386.107666015625,22665.408203125,3.9855618476867676,14.842561721801758,9.167953491210938
0,1216,1677.53515625,15510.6328125,4.215725421905518,10.690619468688965,8.201288223266602
0,1217,2618.55859375,24534.94921875,5.502122402191162,13.51565170288086,13.110723495483398
0,1218,1633.646240234375,15001.8857421875,4.448589324951172,8.03562068939209,10.31911563873291
0,1219,1468.9588623046875,13495.189453125,3.981330394744873,7.2188215255737305,10.406181335449219
0,1220,2079.698486328125,19537.46484375,4.198398113250732,13.553523063659668,8.464814186096191
0,1221,2212.83056640625,20922.47265625,4.019437789916992,12.689474105834961,11.177438735961914
0,1222,1985.6170654296875,18635.80078125,4.067899227142334,11.893292427062988,9.21792984008789
0,1223,2184.27392578125,20728.1640625,3.715254783630371,10.895021438598633,12.840166091918945
0,1224,1699.0780029296875,15802.66015625,3.960401773452759,9.150402069091797,10.493213653564453
0,1225,2322.234619140625,21921.18359375,4.337207794189453,14.633770942687988,9.203433990478516
0,1226,1638.56396484375,15188.607421875,3.990109443664551,9.844690322875977,9.242341995239258
0,1227,1687.7408447265625,15725.322265625,3.8402862548828125,10.733915328979492,8.384218215942383
0,1228,2273.1748046875,21520.515625,4.037444591522217,11.8425931930542,11.82109260559082
0,1229,2211.833251953125,20885.2578125,4.11024284362793,13.197256088256836,9.305949211120605
0,1230,1728.853515625,15921.3837890625,4.557168960571289,12.840057373046875,6.537717819213867
0,1231,2097.38671875,19605.12890625,4.562457084655762,12.299139976501465,9.429903030395508
0,1232,1373.2843017578125,12593.3232421875,3.7983968257904053,8.73359203338623,8.191978454589844
0,1233,2054.015380859375,19273.30078125,4.222844123840332,12.209107398986816,10.19265365600586
0,1234,2027.3988037109375,19001.10546875,4.242938995361328,10.089527130126953,11.223236083984375
0,1235,1634.6348876953125,15088.0966796875,4.1941728591918945,11.775581359863281,6.991643905639648
0,1236,2086.370361328125,19645.751953125,4.059842109680176,11.067617416381836,11.619484901428223
0,1237,2234.529296875,21060.580078125,4.28237247467041,11.401493072509766,10.91714859008789
0,1238,2028.90185546875,19068.650390625,4.067890167236328,12.3120698928833,9.920868873596191
0,1239,1403.189697265625,12851.91796875,3.9332642555236816,10.888118743896484,6.9378509521484375
0,1240,2166.746337890625,20380.177734375,4.290950775146484,12.374675750732422,10.35861587524414
0,1241,2383.521240234375,22377.724609375,4.858292579650879,12.629623413085938,11.224855422973633
0,1242,1838.49365234375,17079.43359375,4.351675987243652,9.407550811767578,11.367291450500488
0,1243,1716.9991455078125,15952.951171875,4.056800842285156,10.480598449707031,10.43940258026123
0,1244,1559.334716796875,14454.5224609375,3.7960824966430664,10.385436058044434,8.228861808776855
0,1245,2048.50634765625,19223.830078125,4.204108238220215,12.898271560668945,9.36756420135498
0,1246,1583.142822265625,14649.751953125,3.9389193058013916,12.056713104248047,6.74514102935791
0,1247,1388.4990234375,12689.91015625,3.9835968017578125,12.111969947814941,5.647697448730469
0,1248,1433.016845703125,13205.037109375,3.750436305999756,10.5206298828125,7.675772666931152
0,1249,1525.2904052734375,14120.416015625,3.7749581336975098,10.358420372009277,8.405933380126953
0,1250,1902.1795654296875,17942.380859375,3.598047971725464,10.791942596435547,10.611682891845703
0,1251,2042.9752197265625,19075.78515625,4.513223648071289,11.71098518371582,10.435012817382812
0,1252,1375.51708984375,12085.9404296875,5.564098834991455,10.343280792236328,6.248857498168945
0,1253,2272.773193359375,21428.21484375,4.331722259521484,13.567092895507812,9.661182403564453
0,1254,2064.33056640625,19364.53125,4.2625837326049805,11.365678787231445,9.739022254943848
0,1255,1669.9208984375,15359.140625,4.466896057128906,12.116957664489746,7.712582588195801
0,1256,1917.148193359375,17966.67578125,4.016021728515625,11.64337158203125,9.83473014831543
0,1257,1940.1654052734375,17921.919921875,4.9324445724487305,11.399759292602539,8.688458442687988
0,1258,1692.6954345703125,15717.8046875,4.0304975509643555,11.870702743530273,7.097237586975098
0,1259,2081.757568359375,19595.59765625,4.0732550621032715,10.725910186767578,10.875349044799805
0,1260,1866.7371826171875,17354.61328125,4.375864028930664,9.216535568237305,11.242325782775879
0,1261,2221.412109375,20861.5859375,4.508450984954834,11.777604103088379,10.911795616149902
0,1262,1952.103515625,18155.130859375,4.553014755249023,10.77078628540039,10.608241081237793
0,1263,2150.067626953125,20305.767578125,3.983029365539551,11.547927856445312,11.388642311096191
0,1264,1936.9412841796875,18177.263671875,3.9738264083862305,9.586897850036621,10.55931282043457
0,1265,2428.7802734375,22981.17578125,4.355422019958496,15.416051864624023,9.855958938598633
0,1266,1586.874267578125,14644.8515625,4.079636096954346,7.988071441650391,9.58536434173584
0,1267,1894.5147705078125,17739.31640625,4.019437313079834,10.350895881652832,9.949369430541992
0,1268,1757.905029296875,16500.046875,3.596677303314209,9.827675819396973,10.54998779296875
0,1269,2061.82958984375,19390.1796875,4.093724727630615,13.919107437133789,8.201889038085938
0,1270,2236.3427734375,20679.544921875,5.612936973571777,12.550976753234863,9.985123634338379
0,1271,1691.728271484375,15789.154296875,3.7604267597198486,11.263856887817383,8.408123970031738
0,1272,2209.083984375,20680.015625,4.702742099761963,12.409205436706543,10.735281944274902
0,1273,2130.52392578125,20033.0,4.2407965660095215,12.28737735748291,11.226064682006836
0,1274,2448.604248046875,23223.35546875,4.208950996398926,14.822707176208496,10.53304672241211
0,1275,2306.71875,21876.4296875,3.969191074371338,14.176149368286133,9.492281913757324
0,1276,1958.4344482421875,18359.8828125,4.081537246704102,12.901243209838867,9.534992218017578
0,1277,1757.1834716796875,16280.4130859375,4.304737567901611,10.275394439697266,9.10715389251709
0,1278,2556.31396484375,24284.83984375,4.260993957519531,13.586507797241211,12.377833366394043
0,1279,2024.106201171875,18951.001953125,4.300197601318359,10.730701446533203,11.699421882629395
0,1280,2114.78662109375,20009.0390625,3.7960855960845947,11.849178314208984,11.0789155960083
0,1281,1885.0350341796875,17629.2265625,4.07041072845459,10.450939178466797,9.960536003112793
0,1282,1914.7261962890625,17871.505859375,4.252519607543945,10.697172164916992,10.35146427154541
0,1283,2335.2431640625,22063.857421875,4.295243263244629,10.868464469909668,11.89937973022461
0,1284,1751.7978515625,16234.70703125,4.2775726318359375,11.879010200500488,7.367616653442383
0,1285,1805.15185546875,16856.73046875,3.982625722885132,11.564311981201172,8.526322364807129
0,1286,1311.7679443359375,12002.8828125,3.7159862518310547,8.578046798706055,8.550808906555176
0,1287,2421.6923828125,23068.47265625,3.828162431716919,13.565470695495605,10.73197078704834
0,1288,2180.6982421875,20345.515625,4.871550559997559,14.534126281738281,8.578736305236816
0,1289,2533.27197265625,24058.53125,4.2472920417785645,13.852418899536133,10.631858825683594
0,1290,1589.3841552734375,14684.2890625,4.031841278076172,8.932453155517578,9.605748176574707
0,1291,1985.144775390625,18689.9765625,3.8715689182281494,13.342117309570312,8.950826644897461
0,1292,1912.89501953125,17854.953125,4.2466559410095215,12.022327423095703,9.209785461425781
0,1293,2009.50390625,18746.08984375,4.496495246887207,13.478067398071289,8.786547660827637
0,1294,1755.8590087890625,16434.7734375,3.7460529804229736,10.367910385131836,8.70209789276123
0,1295,2108.570068359375,19898.5625,3.9571287631988525,13.015417098999023,9.27470874786377
0,1296,1910.8470458984375,17913.4375,3.9834442138671875,11.648865699768066,9.946932792663574
0,1297,2152.40673828125,20341.9296875,3.9404594898223877,13.922825813293457,8.783953666687012
0,1298,1917.89501953125,17993.205078125,3.952484130859375,11.58751106262207,9.097733497619629
0,1299,1996.226318359375,18785.7890625,3.9215784072875977,10.221480369567871,10.881263732910156
0,1300,2147.139892578125,20371.76171875,3.6654605865478516,13.400256156921387,10.130757331848145
0,1301,1997.7659912109375,18711.412109375,4.2208251953125,10.914602279663086,9.721141815185547
0,1302,2342.05078125,22157.94140625,4.208550930023193,12.93850326538086,10.312917709350586
0,1303,2376.059326171875,22540.34765625,4.06748104095459,13.673686981201172,10.740017890930176
0,1304,2094.599609375,19780.869140625,3.8837544918060303,12.064920425415039,10.459774017333984
0,1305,1797.470458984375,16755.734375,4.063233375549316,11.865069389343262,9.726434707641602
0,1306,1730.3521728515625,15957.09765625,4.488077640533447,10.768559455871582,8.478050231933594
0,1307,1730.766845703125,16207.0986328125,3.668567180633545,9.309342384338379,10.090368270874023
0,1308,1937.1937255859375,18205.0234375,3.8897128105163574,11.463306427001953,8.7755126953125
0,1309,2146.548583984375,20268.76953125,3.98905086517334,11.087407112121582,10.980779647827148
0,1310,1955.03173828125,18445.791015625,3.6817538738250732,11.779035568237305,10.263007164001465
0,1311,2128.014404296875,20110.3046875,3.899460792541504,11.582071304321289,9.626036643981934
0,1312,1414.0501708984375,12980.14453125,3.8678553104400635,8.112106323242188,8.503053665161133
0,1313,1775.0057373046875,16526.845703125,4.077371120452881,9.863931655883789,9.908271789550781
0,1314,1844.4718017578125,17304.9765625,3.799137592315674,9.828863143920898,9.804322242736816
0,1315,2362.3505859375,22362.20703125,4.204333305358887,12.642912864685059,10.861452102661133
0,1316,1912.3470458984375,17953.068359375,3.901338577270508,9.27790355682373,10.686225891113281
0,1317,2417.045166015625,22882.828125,4.292072772979736,11.40091323852539,12.314857482910156
0,1318,1738.420166015625,16141.0283203125,4.143907070159912,12.01919937133789,6.791781425476074
0,1319,2357.70263671875,22083.23828125,4.97928524017334,13.271072387695312,9.430916786193848
0,1320,2248.260009765625,21165.818359375,4.389270782470703,14.700080871582031,8.498337745666504
0,1321,1986.830322265625,18574.84375,4.311532974243164,11.163610458374023,10.67243480682373
0,1322,1726.851318359375,16030.21484375,4.127660751342773,10.639026641845703,9.853043556213379
0,1323,1984.3660888671875,18645.060546875,3.995333433151245,11.49368953704834,10.263886451721191
0,1324,2725.828857421875,25994.984375,4.211007595062256,15.121589660644531,11.2791109085083
0,1325,2497.55224609375,23732.32421875,4.1439924240112305,14.401165008544922,11.711135864257812
0,1326,1985.3828125,18537.7734375,4.386848449707031,11.677114486694336,9.741893768310547
0,1327,1896.8424072265625,17745.6328125,4.07597017288208,11.884275436401367,9.431586265563965
0,1328,1766.0941162109375,16331.29296875,4.4321608543396,8.9922456741333,10.678818702697754
0,1329,1937.6119384765625,18185.59765625,3.9684057235717773,13.301843643188477,8.890331268310547
0,1330,2308.591796875,21956.1640625,3.765841007232666,14.933614730834961,9.186524391174316
0,1331,2315.185546875,22014.0859375,3.792560577392578,14.890275955200195,8.455484390258789
0,1332,2097.914306640625,19879.2734375,3.6662299633026123,14.146442413330078,9.762674331665039
0,1333,2028.389404296875,19088.22265625,3.9855711460113525,14.765142440795898,6.849961280822754
0,1334,2109.985107421875,19945.8046875,3.8468258380889893,13.21442985534668,8.657625198364258
0,1335,1975.944091796875,18521.85546875,4.125285625457764,12.721708297729492,8.598137855529785
0,1336,1865.2991943359375,17596.95703125,3.5201187133789062,10.248300552368164,10.09432601928711
0,1337,2361.531982421875,22399.556640625,4.052541255950928,14.49000072479248,9.28994083404541
0,1338,1781.0859375,16641.89453125,3.896547555923462,9.93361759185791,10.571929931640625
0,1339,2089.650146484375,19450.10546875,4.821317672729492,12.574125289916992,8.929770469665527
0,1340,1921.8692626953125,17926.2265625,4.308218479156494,10.431085586547852,10.214150428771973
0,1341,1972.4541015625,18549.10546875,3.9181199073791504,11.682902336120605,9.161582946777344
0,1342,2162.421630859375,20303.81640625,4.40132999420166,13.862154006958008,8.677865028381348
0,1343,2359.263671875,22349.587890625,4.143501281738281,15.007478713989258,10.285618782043457
0,1344,1906.205322265625,17951.048828125,3.703350782394409,11.114204406738281,9.82747745513916
0,1345,2208.4248046875,20812.7265625,4.238401412963867,11.81602954864502,11.854682922363281
0,1346,2218.98046875,20993.86328125,3.9864652156829834,12.058481216430664,10.85451889038086
0,1347,1719.166259765625,16096.919921875,3.6491427421569824,10.629171371459961,8.051170349121094
0,1348,2182.195556640625,20662.859375,3.863658905029297,12.16652774810791,10.12183666229248
0,1349,1827.724609375,17034.421875,4.142744064331055,8.893888473510742,10.186752319335938
0,1350,1864.21044921875,17432.701171875,4.031344413757324,9.797382354736328,9.828688621520996
0,1351,1798.404052734375,16778.099609375,4.019805908203125,10.715832710266113,8.769048690795898
0,1352,2254.530029296875,21234.822265625,4.368259906768799,14.244256019592285,8.560565948486328
0,1353,1655.2940673828125,15262.01171875,4.303094863891602,10.94809627532959,7.96839714050293
0,1354,1722.57275390625,16024.13671875,4.005301475524902,13.230447769165039,6.224025726318359
0,1355,1537.0517578125,14141.2099609375,4.097694396972656,11.609227180480957,5.915132522583008
0,1356,1952.767333984375,18020.501953125,5.023903846740723,13.008367538452148,8.4768648147583
0,1357,2276.870849609375,21593.837890625,3.91623592376709,12.81089973449707,9.455204010009766
0,1358,2374.411865234375,22421.78125,4.40778923034668,12.324841499328613,11.124402046203613
0,1359,1609.79296875,14878.6650390625,4.064210891723633,8.152644157409668,9.144847869873047
0,1360,1791.7939453125,16637.5625,4.267923831939697,10.543758392333984,9.264163970947266
0,1361,1666.753173828125,15471.1474609375,3.9879469871520996,13.0267333984375,5.183786392211914
0,1362,1993.5548095703125,18664.45703125,4.2369704246521,13.350648880004883,7.630619049072266
0,1363,1863.296142578125,17450.806640625,3.9405131340026855,9.838690757751465,10.393933296203613
0,1364,1730.3551025390625,16166.158203125,3.791309118270874,10.269390106201172,9.159679412841797
0,1365,1721.904296875,16071.3515625,3.8256402015686035,12.474337577819824,8.68317699432373
0,1366,1757.00341796875,16468.826171875,3.670691967010498,9.630478858947754,10.766867637634277
0,1367,1557.657470703125,14334.580078125,4.139981269836426,12.628313064575195,6.78555965423584
0,1368,1765.301025390625,16329.1162109375,4.412981033325195,11.579767227172852,8.815608978271484
0,1369,1943.626953125,18083.0546875,4.510711669921875,10.487224578857422,10.378361701965332
0,1370,1565.7064208984375,14456.6982421875,4.001220703125,9.01206111907959,9.054139137268066
0,1371,2168.03173828125,20341.59375,4.4624128341674805,13.034658432006836,9.399747848510742
0,1372,1591.349365234375,14716.205078125,3.9909627437591553,11.349197387695312,6.995830535888672
0,1373,1952.133544921875,17584.90625,6.454765319824219,10.029444694519043,11.161288261413574
0,1374,2006.0576171875,18878.8984375,3.93892240524292,12.028873443603516,9.793598175048828
0,1375,2261.908447265625,21023.2109375,5.319578170776367,11.22390365600586,12.09377670288086
0,1376,2289.76806640625,21506.37890625,4.637667655944824,10.443561553955078,11.72156047821045
0,1377,2248.27734375,21141.154296875,4.472064971923828,12.957728385925293,11.934713363647461
0,1378,1645.92578125,15311.298828125,3.8265292644500732,10.002492904663086,8.920212745666504
0,1379,1552.738037109375,14479.2578125,3.4937407970428467,10.581827163696289,8.346689224243164
0,1380,1933.898193359375,18045.69140625,4.310964107513428,12.696619033813477,7.739821434020996
0,1381,1849.7275390625,17233.287109375,4.21329402923584,11.784682273864746,8.991690635681152
0,1382,1780.7481689453125,16677.693359375,3.7659590244293213,9.852632522583008,10.13140869140625
0,1383,2074.216064453125,19591.36328125,3.8359928131103516,11.598451614379883,9.35215950012207
0,1384,1424.3079833984375,13018.41796875,4.082205772399902,9.716485977172852,7.617549896240234
0,1385,1824.8992919921875,17078.58984375,3.9013419151306152,12.236989974975586,7.822603225708008
0,1386,1939.2088623046875,18173.455078125,4.062110900878906,11.98771858215332,9.117958068847656
0,1387,2140.013916015625,20192.3359375,4.026011943817139,12.648962020874023,10.645359992980957
0,1388,2164.56298828125,20429.234375,4.054651737213135,12.648956298828125,11.427630424499512
0,1389,2007.51025390625,18908.6484375,3.8881795406341553,12.730413436889648,8.994959831237793
0,1390,2150.56591796875,20337.984375,3.892247438430786,13.449113845825195,10.004826545715332
0,1391,2225.75732421875,21092.52734375,3.883488655090332,11.86036491394043,11.190937042236328
0,1392,1601.27099609375,14910.68359375,3.673421859741211,10.747137069702148,6.919638633728027
0,1393,2062.81640625,19406.68359375,4.071600914001465,12.23158073425293,9.312374114990234
0,1394,1954.829833984375,18353.98046875,3.98106050491333,10.910747528076172,10.625344276428223
0,1395,2174.506591796875,20507.26171875,4.126006126403809,11.14294719696045,11.558027267456055
0,1396,2209.9033203125,20811.79296875,4.290791988372803,13.121665954589844,10.634719848632812
0,1397,1571.971923828125,14670.267578125,3.4981744289398193,9.261906623840332,9.183526992797852
0,1398,2192.942626953125,20533.091796875,4.654445648193359,12.420798301696777,9.988176345825195
0,1399,2540.261962890625,24044.23828125,4.527937889099121,13.186944961547852,12.058799743652344
0,1400,2073.631591796875,19488.333984375,4.159936904907227,11.1483154296875,10.23238468170166
0,1401,2467.884521484375,23542.09765625,3.789158582687378,13.906234741210938,11.48903751373291
0,1402,2076.241943359375,19625.505859375,3.789705753326416,12.319580078125,8.267423629760742
0,1403,1992.757080078125,18788.828125,3.795807361602783,11.118005752563477,10.771346092224121
0,1404,1781.492431640625,16466.109375,4.496047019958496,11.397268295288086,8.927701950073242
0,1405,2085.778564453125,19558.2265625,4.33186149597168,13.438684463500977,7.963741302490234
0,1406,1835.4390869140625,17180.31640625,3.9135818481445312,10.744388580322266,8.781240463256836
0,1407,2311.785400390625,21746.9921875,4.56954288482666,13.293055534362793,10.446980476379395
0,1408,2074.211669921875,19596.8359375,3.8176045417785645,13.112545013427734,8.840126991271973
0,1409,1913.55126953125,17838.1171875,4.324648857116699,10.559894561767578,10.306781768798828
0,1410,1701.442626953125,15829.6572265625,3.949232339859009,9.679481506347656,9.10998249053955
0,1411,2024.384765625,19019.19921875,4.082161903381348,13.36262321472168,8.680313110351562
0,1412,1992.9342041015625,18721.93359375,4.024696350097656,11.538890838623047,9.124110221862793
0,1413,1604.2723388671875,14898.9833984375,3.812467098236084,11.732872009277344,7.8485517501831055
0,1414,1435.702880859375,13243.7060546875,3.7110774517059326,9.387385368347168,6.293193817138672
0,1415,2087.685546875,19708.05078125,3.89601469039917,13.82759952545166,7.897049903869629
0,1416,1987.07568359375,18590.1796875,4.268592834472656,13.568659782409668,6.888339042663574
0,1417,2225.45458984375,21054.06640625,4.001591205596924,12.332643508911133,10.511458396911621
0,1418,1753.612060546875,16294.828125,4.137641906738281,10.68838119506836,7.923439025878906
0,1419,1392.20263671875,12751.669921875,3.901189088821411,9.612913131713867,8.029562950134277
0,1420,1885.4527587890625,17597.630859375,4.189655303955078,11.276595115661621,10.440876007080078
0,1421,1618.2208251953125,14994.6015625,3.9586873054504395,10.93431282043457,8.237931251525879
0,1422,2004.2037353515625,18819.640625,4.074655055999756,11.377479553222656,9.600519180297852
0,1423,2062.81103515625,19373.61328125,4.181657791137695,13.219789505004883,9.292585372924805
0,1424,1802.6319580078125,16690.529296875,4.452631950378418,13.175148010253906,8.16710090637207
0,1425,1810.244384765625,16919.27734375,3.9438886642456055,11.229036331176758,9.148829460144043
0,1426,1280.4757080078125,11540.8046875,4.21317720413208,9.248882293701172,6.980596542358398
0,1427,1613.888671875,14868.197265625,4.23563289642334,9.87981128692627,8.80115795135498
0,1428,2097.458251953125,19635.078125,4.465018272399902,12.023770332336426,10.350178718566895
0,1429,2335.154296875,22155.37890625,3.9872117042541504,13.724919319152832,10.92017650604248
0,1430,1969.261962890625,18296.69921875,4.653069496154785,13.1715726852417,7.209755897521973
0,1431,2164.630126953125,20383.001953125,4.210994720458984,12.825163841247559,9.376028060913086
0,1432,1879.8642578125,17487.90234375,4.369133472442627,11.094978332519531,9.477066993713379
0,1433,1259.8306884765625,11410.3486328125,3.9598588943481445,9.149137496948242,6.890022277832031
0,1434,1885.71728515625,17628.232421875,4.096466541290283,10.455425262451172,10.698946952819824
0,1435,1925.790283203125,17808.01953125,4.832943916320801,12.274104118347168,9.04544734954834
0,1436,1908.556884765625,17793.287109375,4.307606220245361,11.559364318847656,10.224715232849121
0,1437,1774.5771484375,16480.07421875,4.218992233276367,12.55299186706543,6.780587196350098
0,1438,2057.53662109375,19442.712890625,3.7755064964294434,11.938892364501953,8.748088836669922
0,1439,2094.7626953125,19533.076171875,4.715166091918945,11.389333724975586,10.18140983581543
0,1440,1790.4931640625,16699.37109375,4.018532752990723,11.417816162109375,8.778416633605957
0,1441,1463.3197021484375,13344.5380859375,4.295526504516602,9.419240951538086,7.778809547424316
0,1442,2247.626953125,21219.583984375,4.1889448165893555,14.387006759643555,8.028759956359863
0,1443,2042.459228515625,19168.9453125,4.185490608215332,12.842362403869629,7.858197212219238
0,1444,1817.287109375,16776.546875,4.654417037963867,12.078655242919922,7.653411865234375
0,1445,2275.95458984375,21397.48828125,4.540191173553467,14.492210388183594,9.448626518249512
0,1446,1685.8966064453125,15654.990234375,4.013252258300781,10.565423965454102,8.844528198242188
0,1447,1907.780029296875,17848.341796875,4.098191261291504,11.293113708496094,9.265875816345215
0,1448,2430.8564453125,22933.623046875,4.583136081695557,13.956872940063477,9.768345832824707
0,1449,2098.320556640625,19399.25,5.279852390289307,13.4407958984375,8.382274627685547
0,1450,1462.0054931640625,13448.552734375,3.9050040245056152,9.205078125,7.475223541259766
0,1451,2339.03662109375,22049.146484375,4.470729827880859,15.460522651672363,8.15701675415039
0,1452,1531.8798828125,13925.1083984375,4.645634651184082,12.059896469116211,5.7155609130859375
0,1453,1357.362060546875,12393.423828125,3.933990001678467,9.47235107421875,6.581679344177246
0,1454,1991.3896484375,18695.900390625,4.0599870681762695,12.575243949890137,8.972326278686523
0,1455,1795.116455078125,16457.34375,4.979401111602783,11.443131446838379,7.795609474182129
0,1456,1548.771240234375,14255.9384765625,4.105911731719971,8.442181587219238,8.713430404663086
0,1457,1629.1241455078125,15116.6552734375,3.9152870178222656,9.906168937683105,8.326573371887207
0,1458,2262.3349609375,20941.7265625,5.60540771484375,9.478747367858887,11.934487342834473
0,1459,1739.4688720703125,16055.51171875,4.463923931121826,12.069791793823242,8.050871849060059
0,1460,2113.080810546875,19843.13671875,4.292238235473633,13.022051811218262,9.386308670043945
0,1461,1778.4647216796875,16641.87109375,3.8092539310455322,11.852659225463867,8.00124454498291
0,1462,1893.033203125,17768.57421875,3.8725271224975586,12.430255889892578,8.046965599060059
0,1463,1754.0086669921875,16295.68359375,4.148011684417725,11.008184432983398,8.443690299987793
0,1464,1851.1046142578125,17239.8671875,4.237263202667236,10.678064346313477,10.115439414978027
0,1465,1902.958251953125,17822.732421875,4.022831439971924,11.881540298461914,8.771822929382324
0,1466,2102.504638671875,19749.2890625,4.252523422241211,10.716421127319336,10.921426773071289
0,1467,1607.5565185546875,14712.1064453125,4.544861793518066,9.114585876464844,7.911158561706543
0,1468,1956.88330078125,18225.15625,4.4789228439331055,13.662773132324219,6.827732086181641
0,1469,1818.723876953125,16979.783203125,4.024848461151123,10.691524505615234,10.019079208374023
0,1470,1540.592041015625,14211.705078125,3.9807167053222656,9.646698951721191,8.1141996383667
0,1471,1680.93701171875,15517.767578125,4.305344581604004,10.640823364257812,7.7396440505981445
0,1472,2306.023193359375,21832.578125,4.092177391052246,11.594555854797363,11.818137168884277
0,1473,1705.2861328125,15803.85546875,4.163352012634277,11.42132568359375,8.021353721618652
0,1474,1938.4573974609375,18060.56640625,4.413359642028809,10.830191612243652,9.02233600616455
0,1475,1681.360595703125,15551.4970703125,4.207026481628418,10.325386047363281,8.095891952514648
0,1476,2668.0595703125,25460.9921875,4.065340042114258,11.038887023925781,14.681303024291992
0,1477,1845.4619140625,17217.6875,4.123105049133301,10.920976638793945,8.606773376464844
0,1478,1270.9329833984375,11380.279296875,4.430168151855469,8.2612886428833,7.07784366607666
0,1479,1954.1094970703125,18331.6328125,4.031537055969238,12.850686073303223,8.027536392211914
0,1480,1643.476318359375,15243.2392578125,3.971745491027832,11.005619049072266,8.50500202178955
0,1481,2211.92431640625,20876.064453125,4.143928527832031,12.687658309936523,9.627510070800781
0,1482,1751.6611328125,16196.19140625,4.401398181915283,12.088809967041016,6.180131912231445
0,1483,1486.85546875,13668.181640625,4.00123929977417,11.320520401000977,6.882484436035156
0,1484,1719.6212158203125,16021.5712890625,3.915471315383911,11.14157485961914,7.840985298156738
0,1485,1916.0640869140625,17962.88671875,3.992513418197632,12.344467163085938,8.375226974487305
0,1486,1876.50341796875,17516.8671875,4.160556316375732,10.167967796325684,9.620834350585938
0,1487,1630.794677734375,15093.1083984375,4.049459457397461,9.65561294555664,7.873502731323242
0,1488,2135.250244140625,20036.908203125,4.385313034057617,13.135366439819336,8.81629467010498
0,1489,1925.14306640625,18044.51171875,4.023062705993652,11.834957122802734,7.465277671813965
0,1490,1970.6556396484375,18617.154296875,3.6313393115997314,12.561776161193848,7.264245986938477
0,1491,2060.796630859375,19317.2265625,4.302468299865723,13.553349494934082,8.976520538330078
0,1492,1768.69140625,16470.52734375,4.054623603820801,10.1820650100708,9.27562427520752
0,1493,1742.826171875,16216.1796875,4.040270805358887,12.198158264160156,6.8077239990234375
0,1494,1772.6925048828125,16475.62890625,4.1709885597229,10.84457015991211,8.25131893157959
0,1495,1826.82861328125,16955.25390625,4.376775741577148,11.90869426727295,7.803534507751465
0,1496,1546.0489501953125,14274.376953125,3.953706979751587,9.928582191467285,8.752927780151367
0,1497,2197.59716796875,20654.5,4.404906272888184,12.659383773803711,10.997007369995117
0,1498,1929.2413330078125,17905.23046875,4.62394380569458,11.946074485778809,8.446221351623535
0,1499,2374.43310546875,22441.54296875,4.342629432678223,15.079054832458496,8.099740028381348
0,1500,2339.8369140625,21984.83203125,4.711791038513184,13.404550552368164,10.124273300170898
0,1501,2385.308837890625,22658.447265625,3.9821407794952393,13.588903427124023,10.009421348571777
0,1502,1837.837158203125,17149.484375,4.09628963470459,11.584197044372559,8.569771766662598
0,1503,1420.0325927734375,12945.140625,4.183953285217285,9.957103729248047,7.000240325927734
0,1504,2163.80322265625,20397.0546875,4.136591911315918,12.33154010772705,9.907966613769531
0,1505,1937.5693359375,18255.453125,3.734135866165161,13.760421752929688,7.957210540771484
0,1506,1731.23193359375,16106.7431640625,4.018589019775391,9.91816520690918,8.075121879577637
0,1507,1767.6561279296875,16325.572265625,4.503296852111816,9.264732360839844,9.984013557434082
0,1508,2388.3447265625,22555.36328125,4.426946640014648,13.638971328735352,9.505775451660156
0,1509,2083.130859375,19512.021484375,4.397621154785156,15.243049621582031,8.842450141906738
0,1510,1924.2725830078125,18119.7265625,3.7433300018310547,10.642980575561523,10.326152801513672
0,1511,1820.435302734375,17064.111328125,3.8008077144622803,10.412511825561523,9.127842903137207
0,1512,2004.161865234375,18847.220703125,3.9813287258148193,13.947807312011719,7.4851579666137695
0,1513,1809.524658203125,16905.779296875,3.964888095855713,11.643004417419434,7.222211837768555
0,1514,2266.14111328125,21425.337890625,4.120237827301025,13.190367698669434,8.985118865966797
0,1515,1655.399658203125,15300.6435546875,4.177845001220703,11.588970184326172,7.237994194030762
0,1516,1344.999267578125,12327.201171875,3.742637872695923,8.977314949035645,7.550660133361816
0,1517,1392.7232666015625,12706.263671875,4.0698957443237305,9.748937606811523,6.867012977600098
0,1518,1699.0732421875,15709.8046875,4.269757270812988,11.226985931396484,7.796984672546387
0,1519,1998.40380859375,18764.69140625,4.064488887786865,13.681282997131348,6.396770477294922
0,1520,1455.0877685546875,13358.900390625,3.9732584953308105,10.290871620178223,6.074372291564941
0,1521,1743.38037109375,16290.984375,3.809396266937256,11.597042083740234,8.340921401977539
0,1522,1594.99560546875,14579.9501953125,4.56668758392334,10.609834671020508,7.545932769775391
0,1523,1708.95947265625,15885.42578125,4.013896465301514,12.027259826660156,6.832204818725586
0,1524,1880.79443359375,17677.419921875,3.768411636352539,10.845338821411133,9.570318222045898
0,1525,1622.3443603515625,15119.845703125,3.6786580085754395,9.300497055053711,8.893518447875977
0,1526,1332.41162109375,12220.146484375,3.6799001693725586,10.698171615600586,6.744816780090332
0,1527,2178.866455078125,20447.453125,4.470700263977051,13.78904914855957,9.220002174377441
0,1528,2278.98974609375,21589.708984375,4.000627040863037,13.372953414916992,9.666193008422852
0,1529,1898.299072265625,17712.28125,4.235698223114014,13.19805908203125,7.728480339050293
0,1530,2328.530029296875,21768.708984375,5.055306434631348,12.559399604797363,10.510890007019043
0,1531,2086.438232421875,19490.2890625,4.580311298370361,11.643021583557129,10.345220565795898
0,1532,2177.844482421875,20570.77734375,4.025551795959473,13.637580871582031,7.7472381591796875
0,1533,1939.2581787109375,18130.162109375,4.208065509796143,11.60224723815918,7.518352508544922
0,1534,1869.60400390625,17445.517578125,4.168408393859863,12.696224212646484,7.43592643737793
0,1535,1722.364990234375,16156.345703125,3.557680130004883,8.97566032409668,10.660323143005371
0,1536,1588.315185546875,14620.9033203125,4.207494735717773,11.785589218139648,6.495383262634277
0,1537,2082.518798828125,19398.92578125,4.754209518432617,13.579850196838379,8.814112663269043
0,1538,2161.99853515625,20267.703125,4.507606506347656,14.333512306213379,6.363395690917969
0,1539,1938.287353515625,16708.724609375,8.913830757141113,9.289144515991211,10.024955749511719
0,1540,1704.1785888671875,15884.1328125,3.8588409423828125,10.525386810302734,8.341784477233887
0,1541,1744.9034423828125,16329.2646484375,3.732563018798828,10.978959083557129,8.269747734069824
0,1542,1668.7359619140625,15411.833984375,4.251748561859131,12.572362899780273,5.487196922302246
0,1543,1764.7432861328125,16498.3671875,3.8302161693573,10.983187675476074,8.894779205322266
0,1544,1568.5682373046875,14530.2109375,3.851569175720215,10.955674171447754,7.269630432128906
0,1545,1571.6754150390625,14441.404296875,4.251162528991699,11.7132568359375,6.848047256469727
0,1546,1601.478515625,14744.2578125,4.235090255737305,10.22558879852295,7.688006401062012
0,1547,1784.248779296875,16639.962890625,4.008416175842285,12.243341445922852,8.090656280517578
0,1548,2190.72900390625,20627.265625,4.266746520996094,13.499486923217773,8.27798080444336
0,1549,1660.321533203125,15321.9228515625,4.2709760665893555,11.483091354370117,6.954354286193848
0,1550,1912.0291748046875,17931.390625,3.963002920150757,13.668782234191895,8.807153701782227
0,1551,1525.8065185546875,14140.607421875,3.724856376647949,10.325499534606934,7.444596290588379
0,1552,2116.8486328125,19890.43359375,4.260180473327637,13.908662796020508,8.602166175842285
0,1553,2088.926025390625,19512.001953125,4.590860843658447,12.24195671081543,8.783562660217285
0,1554,1713.7918701171875,15959.8671875,3.926837682723999,11.946910858154297,7.084872245788574
0,1555,1921.8251953125,17442.611328125,5.918802261352539,11.76533317565918,7.994768142700195
0,1556,1936.9169921875,18234.701171875,3.7815651893615723,10.949790954589844,10.197531700134277
0,1557,2204.719970703125,20745.4921875,4.339023590087891,13.663912773132324,8.934914588928223
0,1558,1675.787353515625,15549.9345703125,4.02646017074585,9.991661071777344,8.423784255981445
0,1559,1802.723388671875,16845.666015625,3.93855881690979,9.719038963317871,9.478914260864258
0,1560,1660.2115478515625,15396.33203125,4.019277572631836,11.1712064743042,7.637184143066406
0,1561,1806.551513671875,16789.216796875,4.254324913024902,11.368451118469238,9.243155479431152
0,1562,1755.7239990234375,16243.552734375,4.378956317901611,10.617250442504883,8.619288444519043
0,1563,1603.541259765625,14818.908203125,4.0550150871276855,11.310515403747559,7.276826858520508
0,1564,2088.194091796875,19612.84765625,4.2303080558776855,12.595701217651367,10.050232887268066
0,1565,1375.609130859375,12556.841796875,3.9974987506866455,11.536547660827637,5.004301071166992
0,1566,1991.76220703125,18612.28515625,4.351120948791504,11.124338150024414,9.86082649230957
0,1567,1693.7989501953125,14665.1875,7.576003551483154,10.69714641571045,8.52401065826416
0,1568,1671.346435546875,15653.2890625,3.5339162349700928,11.155614852905273,7.842989921569824
0,1569,1801.7930908203125,16762.35546875,4.185248851776123,11.463021278381348,7.960867881774902
0,1570,2240.46435546875,21242.193359375,3.8748278617858887,14.233047485351562,9.366408348083496
0,1571,1858.8514404296875,17427.169921875,3.8711471557617188,10.58991813659668,9.29794979095459
0,1572,1799.8436279296875,16750.919921875,4.158387184143066,13.669171333312988,6.939424514770508
0,1573,1820.056640625,17061.28125,3.7976155281066895,12.971080780029297,7.194084167480469
0,1574,1672.1683349609375,15359.4755859375,4.540688514709473,11.034666061401367,8.652629852294922
0,1575,1600.897705078125,14520.6591796875,4.961058616638184,10.348024368286133,7.951493263244629
0,1576,1584.7108154296875,14597.9384765625,4.1638994216918945,11.336690902709961,6.634706497192383
0,1577,1969.4915771484375,18538.23046875,3.8556160926818848,13.464649200439453,8.127951622009277
0,1578,1958.9560546875,18391.185546875,3.994584798812866,13.510059356689453,8.11819076538086
0,1579,1804.498779296875,16920.4140625,3.7485780715942383,10.870136260986328,7.95811653137207
0,1580,1992.8292236328125,18697.0625,4.104095935821533,12.465811729431152,7.497303009033203
0,1581,2150.188720703125,20275.943359375,4.086481094360352,11.353601455688477,9.536245346069336
0,1582,2434.855224609375,22851.03125,4.991729259490967,12.347978591918945,10.818042755126953
0,1583,2006.217041015625,18893.619140625,3.8951706886291504,11.90514850616455,8.449645042419434
0,1584,1526.8408203125,14054.7255859375,4.045609474182129,11.254446029663086,6.309666633605957
0,1585,1958.9229736328125,18311.287109375,4.259805679321289,11.267870903015137,9.007850646972656
0,1586,2126.87255859375,20097.9296875,3.90264892578125,12.060843467712402,9.289045333862305
0,1587,1809.5758056640625,16841.177734375,4.181933403015137,11.454083442687988,7.110143661499023
0,1588,1722.369873046875,16064.755859375,3.8631415367126465,11.336079597473145,7.79216194152832
0,1589,1271.2169189453125,11643.6630859375,3.561685562133789,9.065174102783203,5.82330322265625
0,1590,1579.0634765625,14609.546875,3.9369592666625977,8.258853912353516,9.054204940795898
0,1591,2030.2010498046875,19159.0,3.8100340366363525,11.96652889251709,8.445258140563965
0,1592,1945.19482421875,18300.3515625,3.8386549949645996,9.65546703338623,11.627552032470703
0,1593,1718.9156494140625,15984.791015625,4.014551639556885,10.512384414672852,8.462516784667969
0,1594,1822.26806640625,17003.6328125,4.063492298126221,11.493181228637695,7.702496528625488
0,1595,2236.547607421875,21096.1640625,4.231039047241211,12.788761138916016,10.065957069396973
0,1596,1848.047607421875,17227.962890625,4.175044059753418,11.06276798248291,8.270092964172363
0,1597,1649.766845703125,15267.849609375,4.099392414093018,10.92135238647461,7.728328704833984
0,1598,2107.97412109375,19938.076171875,3.8055474758148193,11.716108322143555,10.906006813049316
0,1599,2130.998046875,19982.65625,4.424410820007324,13.143848419189453,8.946545600891113
0,1600,1823.054443359375,17015.982421875,4.048540115356445,12.042963027954102,7.717706680297852
0,1601,2029.2587890625,18978.3046875,4.380945205688477,13.837488174438477,6.573164939880371
0,1602,1869.00634765625,17443.99609375,4.153554916381836,11.343695640563965,9.308379173278809
0,1603,1793.1611328125,16746.298828125,3.951040267944336,10.932182312011719,7.384270668029785
0,1604,1901.6304931640625,17822.3515625,3.9798424243927,10.45351791381836,9.048042297363281
0,1605,1498.0269775390625,13787.361328125,3.9763574600219727,11.322906494140625,6.118297576904297
0,1606,1416.869140625,12991.4609375,3.924102306365967,11.735502243041992,4.007721900939941
0,1607,1357.8839111328125,12386.7548828125,3.9736132621765137,9.413975715637207,5.773713111877441
0,1608,1573.689453125,14536.205078125,4.002297401428223,9.873793601989746,8.619745254516602
0,1609,2039.176025390625,19127.12890625,4.215438365936279,13.914676666259766,8.545095443725586
0,1610,1764.350830078125,16188.009765625,4.851658821105957,11.583701133728027,8.443937301635742
0,1611,2030.9976806640625,19138.4765625,3.9049997329711914,13.027563095092773,7.904616355895996
0,1612,2094.467529296875,19711.94921875,4.109083652496338,13.728885650634766,8.326864242553711
0,1613,1944.4840087890625,17907.419921875,5.124730587005615,12.966318130493164,8.349085807800293
0,1614,1847.5582275390625,17283.607421875,3.9732491970062256,12.837762832641602,7.510889053344727
0,1615,1716.778564453125,15881.9052734375,4.286269187927246,9.13050651550293,9.241801261901855
0,1616,1739.9508056640625,16196.6484375,4.009530067443848,10.029834747314453,9.280810356140137
0,1617,1663.244140625,15304.263671875,4.427258014678955,9.974339485168457,9.416739463806152
0,1618,1674.5904541015625,15616.2978515625,3.7653560638427734,10.638595581054688,9.20765495300293
0,1619,1352.2255859375,12321.525390625,4.002434253692627,9.564556121826172,7.175957679748535
0,1620,1792.018310546875,16644.96484375,4.250726699829102,11.203130722045898,8.556708335876465
0,1621,1934.01708984375,18135.90625,4.014212608337402,9.370957374572754,10.208446502685547
0,1622,2034.0238037109375,19132.47265625,4.025883197784424,11.19289779663086,10.901127815246582
0,1623,1615.0599365234375,14953.65625,3.989809513092041,10.492233276367188,7.144618988037109
0,1624,2130.35009765625,19836.13671875,4.891216278076172,13.407230377197266,9.572382926940918
0,1625,1777.6929931640625,16360.421875,4.7216901779174805,11.127424240112305,8.142793655395508
0,1626,1599.6148681640625,14827.15234375,3.8966546058654785,12.433401107788086,6.552028656005859
0,1627,1716.8521728515625,15989.703125,3.9293928146362305,12.67629337310791,6.539498329162598
0,1628,1892.978515625,17639.29296875,4.301639080047607,13.824108123779297,7.285189628601074
0,1629,1523.638916015625,14085.8125,3.8352556228637695,9.473957061767578,9.468366622924805
0,1630,1259.6068115234375,11455.5654296875,3.8016762733459473,8.979963302612305,6.527060508728027
0,1631,1860.47119140625,17353.31640625,4.171317100524902,12.049516677856445,9.021834373474121
0,1632,1560.763671875,14220.95703125,4.622264862060547,9.788469314575195,7.906674385070801
0,1633,1573.158935546875,14557.7626953125,3.912757158279419,10.441204071044922,7.802478790283203
0,1634,1958.104248046875,18262.984375,4.39352560043335,10.19115924835205,10.50692367553711
0,1635,1540.48779296875,14311.728515625,3.6438300609588623,9.573379516601562,8.455857276916504
0,1636,1310.8006591796875,11921.65625,3.9544997215270996,9.51591682434082,7.928330421447754
0,1637,1945.4737548828125,18225.1171875,4.098732948303223,12.520626068115234,8.382000923156738
0,1638,1646.99462890625,15288.7607421875,3.9372825622558594,10.215164184570312,8.687639236450195
0,1639,1734.15087890625,16012.4541015625,4.430181503295898,11.274928092956543,7.012007713317871
0,1640,1826.968017578125,17142.595703125,3.7569456100463867,12.646551132202148,6.390756607055664
0,1641,1764.68115234375,16354.099609375,4.309035778045654,11.749361038208008,7.506819725036621
0,1642,1620.802734375,14904.6767578125,4.3445024490356445,10.087150573730469,7.7107391357421875
0,1643,1472.256591796875,13503.8212890625,4.062478065490723,10.452803611755371,6.552791595458984
0,1644,1843.9864501953125,17250.59765625,3.9642221927642822,9.52949333190918,11.64081859588623
0,1645,2234.619873046875,21124.73828125,4.071535110473633,12.713903427124023,9.31054973602295
0,1646,1657.8577880859375,15443.96875,3.7820301055908203,10.583902359008789,8.102585792541504
0,1647,2660.284423828125,25296.763671875,4.3535990715026855,15.564905166625977,10.845252990722656
0,1648,1701.46044921875,15874.353515625,3.800835132598877,10.823169708251953,8.524887084960938
0,1649,1413.0887451171875,12956.171875,3.9157204627990723,9.966303825378418,6.061817169189453
0,1650,2245.23193359375,21090.7265625,4.538640975952148,15.142379760742188,7.444086074829102
0,1651,1960.0472412109375,18339.970703125,4.201671600341797,11.745535850524902,8.374342918395996
0,1652,1542.580322265625,14248.55078125,3.9241721630096436,8.991005897521973,9.288789749145508
0,1653,1604.3702392578125,14868.9638671875,3.915795087814331,11.070874214172363,6.864642143249512
0,1654,2011.1597900390625,18842.443359375,4.230513572692871,12.349010467529297,7.699155807495117
0,1655,1939.528564453125,18267.05078125,3.760781764984131,10.35948371887207,9.584404945373535
0,1656,1605.231689453125,14808.66796875,4.14549446105957,9.564024925231934,8.263964653015137
0,1657,1676.9454345703125,15535.4189453125,4.113452434539795,11.206747055053711,7.0093488693237305
0,1658,1357.7056884765625,12406.162109375,3.9029812812805176,8.271052360534668,7.388564109802246
0,1659,1534.57080078125,14179.984375,3.88574481010437,9.159248352050781,8.079514503479004
0,1660,1272.856689453125,11528.58984375,3.9999239444732666,8.915885925292969,6.419524192810059
0,1661,2061.344970703125,19268.421875,4.483424186706543,11.166799545288086,10.219841003417969
0,1662,1492.4266357421875,13629.8447265625,4.31473970413208,11.08251953125,5.590693473815918
0,1663,1447.943115234375,13374.15625,3.6842472553253174,10.048484802246094,7.179461479187012
0,1664,1643.1519775390625,15167.09375,4.214752674102783,11.455497741699219,7.892293930053711
0,1665,1433.4207763671875,12753.3515625,5.2695207595825195,10.118346214294434,5.504580497741699
0,1666,1997.9881591796875,18830.5546875,3.831087589263916,11.604413032531738,8.65272045135498
0,1667,1159.5367431640625,10350.0107421875,4.151188850402832,8.818219184875488,6.368354797363281
0,1668,1984.12451171875,18657.75390625,3.9449713230133057,12.422922134399414,8.937067031860352
0,1669,1924.700439453125,18088.287109375,3.8623886108398438,12.767302513122559,7.415541648864746
0,1670,2552.19091796875,24148.048828125,4.579531669616699,12.429414749145508,11.992388725280762
0,1671,1683.378662109375,15736.287109375,3.658329963684082,10.948599815368652,8.912034034729004
0,1672,1763.2257080078125,16465.67578125,3.888601779937744,11.743956565856934,8.285688400268555
0,1673,1976.297119140625,18555.291015625,4.025596618652344,12.436136245727539,8.247834205627441
0,1674,1493.2669677734375,13794.8125,3.7928531169891357,9.161779403686523,9.037195205688477
0,1675,1418.3519287109375,13121.91796875,3.538670063018799,9.391449928283691,9.114811897277832
0,1676,1848.24853515625,17266.3515625,4.053780555725098,10.766155242919922,10.854290008544922
0,1677,2080.87548828125,19447.5703125,4.537280082702637,13.343463897705078,6.951719284057617
0,1678,2158.8251953125,20442.296875,3.8198485374450684,11.844938278198242,10.857243537902832
0,1679,2499.349365234375,23662.10546875,4.437952518463135,15.120291709899902,9.21373176574707
0,1680,1345.8603515625,12159.4140625,4.330629825592041,10.0555419921875,7.0320587158203125
0,1681,1436.9697265625,13203.19921875,3.8883256912231445,11.173107147216797,6.2593793869018555
0,1682,1672.710693359375,15492.841796875,4.114217758178711,13.214223861694336,6.5203857421875
0,1683,1656.242431640625,15296.34375,4.220269203186035,10.71851921081543,7.266360282897949
0,1684,2110.923583984375,19837.2890625,4.239819526672363,13.5921049118042,7.586514472961426
0,1685,1975.1949462890625,18584.06640625,3.892943859100342,11.9349365234375,8.549786567687988
0,1686,1308.4498291015625,11935.734375,3.8292131423950195,8.563106536865234,7.082446098327637
0,1687,1493.46142578125,13589.4658203125,4.483823776245117,12.906888008117676,6.780121803283691
0,1688,1746.4693603515625,16223.654296875,4.136796474456787,11.095861434936523,8.494918823242188
0,1689,1473.8719482421875,13440.2197265625,4.328330993652344,10.154802322387695,6.62814998626709
0,1690,1489.3863525390625,13690.908203125,4.009849548339844,10.966781616210938,6.573544502258301
0,1691,1552.1099853515625,14227.6142578125,4.311615467071533,11.729643821716309,5.544061660766602
0,1692,2108.3798828125,19690.44921875,4.644496917724609,13.090935707092285,8.562398910522461
0,1693,1121.1884765625,10066.7109375,3.817248582839966,8.161354064941406,6.340615272521973
0,1694,1660.793701171875,15352.896484375,4.183468818664551,11.386096954345703,6.854397773742676
0,1695,1715.5126953125,15725.3662109375,4.765869140625,11.45278549194336,7.627593994140625
0,1696,1736.626220703125,16094.876953125,4.237951278686523,8.553716659545898,9.056441307067871
0,1697,1484.512939453125,13610.83984375,4.1142988204956055,9.86830997467041,6.559782028198242
0,1698,1737.156982421875,16203.685546875,3.8929481506347656,10.962470054626465,8.418519973754883
0,1699,1759.65283203125,16382.974609375,4.045180320739746,13.023092269897461,6.662854194641113
0,1700,1657.4266357421875,15244.8505859375,4.43138313293457,12.129678726196289,5.653141975402832
0,1701,1522.226806640625,14145.28125,3.5899548530578613,10.583087921142578,6.6090087890625
0,1702,1654.3631591796875,15295.455078125,4.160589218139648,9.339433670043945,8.393662452697754
0,1703,1479.3118896484375,13553.9658203125,4.1305084228515625,10.606534004211426,5.63410758972168
0,1704,1561.5074462890625,14111.2080078125,5.012887001037598,11.333904266357422,5.485115051269531
0,1705,1530.0859375,14043.9580078125,4.189670562744141,10.88115119934082,7.043302536010742
0,1706,1281.737548828125,11626.8056640625,3.9685683250427246,11.224738121032715,4.592623710632324
0,1707,1584.8572998046875,14679.1982421875,3.897916316986084,9.989791870117188,8.125743865966797
0,1708,1712.50830078125,15944.7578125,3.9344143867492676,12.592456817626953,6.36263370513916
0,1709,1949.6473388671875,18248.54296875,4.159764289855957,11.658941268920898,7.607154846191406
0,1710,1896.489501953125,17727.513671875,4.124603748321533,12.386138916015625,7.018906593322754
0,1711,1791.6971435546875,16757.46484375,3.865022897720337,9.548412322998047,10.155198097229004
0,1712,1524.1038818359375,14116.9892578125,3.7468318939208984,11.163105964660645,6.940633773803711
0,1713,1697.769775390625,15599.85546875,4.592807769775391,9.237983703613281,7.817607879638672
0,1714,1704.9637451171875,15769.3896484375,4.267491340637207,10.475421905517578,9.561539649963379
0,1715,1812.1640625,16923.845703125,3.9926466941833496,10.708412170410156,8.981908798217773
0,1716,1377.986083984375,12583.970703125,3.986297607421875,9.399347305297852,6.342778205871582
0,1717,1712.6280517578125,15805.40625,4.402913570404053,10.762349128723145,8.346662521362305
0,1718,1539.3316650390625,14162.2666015625,4.103498458862305,9.714690208435059,6.976395606994629
0,1719,1729.951904296875,16072.9794921875,4.088464260101318,10.123686790466309,7.370597839355469
0,1720,1129.341796875,10041.353515625,4.173548698425293,9.152942657470703,5.266842842102051
0,1721,1523.9039306640625,13881.6943359375,4.524483680725098,11.473552703857422,5.6344451904296875
0,1722,2033.7381591796875,19179.140625,3.860802412033081,12.259443283081055,8.154191970825195
0,1723,1891.07861328125,17652.86328125,4.193073272705078,10.849576950073242,8.473383903503418
0,1724,1918.427734375,17930.708984375,4.178559303283691,13.192026138305664,7.896989822387695
0,1725,2037.2867431640625,19172.689453125,4.0005950927734375,12.654874801635742,8.037964820861816
0,1726,1667.0535888671875,15435.330078125,4.117348670959473,10.030290603637695,7.966666221618652
0,1727,1914.4857177734375,17873.3359375,4.238402366638184,13.3634033203125,6.726876258850098
0,1728,1848.234130859375,17270.41015625,4.039770603179932,13.038003921508789,6.67555046081543
0,1729,1507.6146240234375,13991.8291015625,3.6143875122070312,11.280385971069336,6.999111175537109
0,1730,1530.476806640625,13944.5546875,4.534045219421387,9.592264175415039,5.891134262084961
0,1731,1590.891357421875,14750.658203125,3.860851764678955,10.914749145507812,7.373042106628418
0,1732,1631.635986328125,15066.984375,4.164582252502441,11.905370712280273,6.866198539733887
0,1733,1747.3828125,16183.9541015625,4.299581050872803,11.44936752319336,8.097777366638184
0,1734,2170.62744140625,20414.15625,4.307060718536377,15.407173156738281,7.4555559158325195
0,1735,1498.230224609375,13852.6708984375,3.7654385566711426,11.366146087646484,6.66133975982666
0,1736,1435.5709228515625,13126.201171875,4.098360538482666,8.920527458190918,6.570534706115723
0,1737,1082.8599853515625,9597.53515625,4.103548049926758,8.147086143493652,5.829479217529297
0,1738,1442.803466796875,13289.2998046875,3.795778274536133,11.435574531555176,5.926478385925293
0,1739,1544.7242431640625,14150.568359375,4.322243690490723,10.322494506835938,6.1837663650512695
0,1740,1777.206298828125,16432.888671875,4.463913917541504,12.333749771118164,6.988222122192383
0,1741,1757.8580322265625,16256.7490234375,4.406102657318115,12.984670639038086,6.705086708068848
0,1742,2276.656005859375,21240.283203125,5.087593078613281,14.432872772216797,8.344773292541504
0,1743,1760.50927734375,15447.55078125,7.191804885864258,9.601468086242676,7.578316688537598
0,1744,1469.15234375,13472.14453125,4.064595699310303,10.022892951965332,7.120772361755371
0,1745,1414.1431884765625,13058.197265625,3.610781669616699,11.962967872619629,5.674787521362305
0,1746,1542.7308349609375,14131.2392578125,4.3202314376831055,9.57741928100586,7.259599685668945
0,1747,2146.76171875,20219.7109375,4.159684181213379,14.80346393585205,8.062230110168457
0,1748,1538.7821044921875,14229.1357421875,3.86228609085083,11.0653657913208,7.2392988204956055
0,1749,1743.3978271484375,16304.318359375,3.765530586242676,11.352147102355957,7.783348083496094
0,1750,1534.653564453125,14144.416015625,4.007063865661621,10.15440559387207,7.784339904785156
0,1751,1449.556884765625,13352.701171875,3.8095569610595703,10.935311317443848,6.1833953857421875
0,1752,1848.204345703125,17269.103515625,4.043131351470947,11.689620018005371,9.036917686462402
0,1753,1427.4127197265625,13087.521484375,3.9553494453430176,11.7783784866333,4.59259033203125
0,1754,1343.62744140625,12159.787109375,4.254954814910889,8.741806983947754,7.096055030822754
0,1755,1414.5517578125,12823.0927734375,4.408082008361816,8.502548217773438,8.072664260864258
0,1756,1315.3037109375,12043.458984375,3.698591470718384,9.486602783203125,7.121698379516602
0,1757,1895.189208984375,17703.990234375,4.159671783447266,11.631986618041992,9.008491516113281
0,1758,1554.0166015625,14236.79296875,4.344573974609375,11.595575332641602,5.583166122436523
0,1759,1576.3394775390625,14421.54296875,4.472838878631592,10.172301292419434,7.6939849853515625
0,1760,1683.33984375,15620.26171875,4.043788433074951,10.749149322509766,7.612600326538086
0,1761,2167.953369140625,20507.50390625,3.9067635536193848,14.272845268249512,8.839369773864746
0,1762,1625.891845703125,15005.7265625,4.177308082580566,10.3125,8.733428001403809
0,1763,1745.3533935546875,16205.9296875,4.158679008483887,12.529308319091797,5.780269622802734
0,1764,2076.279296875,19641.90625,3.73629093170166,12.53920841217041,9.426584243774414
0,1765,1232.188720703125,11089.771484375,4.107053756713867,10.618511199951172,3.098801612854004
0,1766,1521.7926025390625,14002.0126953125,4.05304479598999,8.535093307495117,8.891451835632324
0,1767,1792.87353515625,16408.1796875,5.06851863861084,12.12355899810791,7.841037750244141
0,1768,1872.6341552734375,17650.64453125,3.5856549739837646,10.131747245788574,8.762419700622559
0,1769,1707.2203369140625,15870.021484375,4.007272720336914,11.479289054870605,6.516082763671875
0,1770,1515.297119140625,14058.2412109375,3.6491024494171143,9.411144256591797,8.643865585327148
0,1771,1723.0615234375,15934.001953125,4.322041034698486,9.741105079650879,8.509920120239258
0,1772,1587.5645751953125,14644.150390625,4.104986190795898,10.80037784576416,7.165646553039551
0,1773,1396.1673583984375,12833.7880859375,3.7596194744110107,10.43121337890625,6.427849769592285
0,1774,1864.0048828125,17452.361328125,3.958956241607666,12.923685073852539,6.8686676025390625
0,1775,1702.140380859375,15820.744140625,4.002198219299316,11.539093017578125,6.541796684265137
0,1776,1860.2763671875,17398.134765625,4.015430927276611,11.354192733764648,8.705291748046875
0,1777,1883.6300048828125,17563.78125,4.241726875305176,14.214539527893066,6.11688232421875
0,1778,1969.4315185546875,18357.09375,4.457404136657715,12.82661247253418,6.819164276123047
0,1779,2028.9658203125,19045.384765625,4.147578239440918,14.289341926574707,8.035821914672852
0,1780,1209.114013671875,10931.177734375,3.866542100906372,9.117316246032715,6.844011306762695
0,1781,1539.9437255859375,14189.63671875,4.032666206359863,10.058349609375,7.849922180175781
0,1782,1302.798828125,11530.390625,4.991990566253662,10.911300659179688,6.091251373291016
0,1783,1911.2607421875,18017.515625,3.6503067016601562,11.971270561218262,7.5782318115234375
0,1784,1353.1864013671875,12291.73828125,4.133753299713135,10.085694313049316,6.816899299621582
0,1785,1743.700439453125,16188.5166015625,4.161627292633057,10.907666206359863,7.743257522583008
0,1786,1708.52001953125,15769.396484375,4.386011600494385,8.374804496765137,8.699356079101562
0,1787,1726.5247802734375,16092.970703125,3.9075896739959717,11.16118335723877,7.685370445251465
0,1788,1702.8212890625,15563.02734375,4.8839521408081055,12.763935089111328,4.44449520111084
0,1789,2364.350341796875,22418.109375,4.0846452713012695,13.047904014587402,10.271390914916992
0,1790,2036.6474609375,18557.171875,6.031009674072266,12.77315902709961,8.955660820007324
0,1791,1682.4134521484375,15658.080078125,3.886850357055664,11.19068717956543,7.680084228515625
0,1792,1386.3837890625,12470.91796875,4.643068313598633,9.8132963180542,5.165341377258301
0,1793,1758.1038818359375,16308.38671875,4.242169380187988,14.199576377868652,4.964117050170898
0,1794,1597.69287109375,14677.021484375,4.333022117614746,11.20816421508789,7.592413902282715
0,1795,2280.066162109375,21468.603515625,4.440190315246582,11.955083847045898,10.924918174743652
0,1796,1574.7691650390625,14460.5,4.290637969970703,11.64133071899414,4.527326583862305
0,1797,2225.051513671875,20982.39453125,4.2270684242248535,14.732942581176758,7.627195358276367
0,1798,1925.1578369140625,18168.18359375,3.6113157272338867,11.5260591506958,7.863791465759277
0,1799,1860.50439453125,17398.32421875,4.022401332855225,12.828203201293945,5.590991973876953
0,1800,1863.246337890625,17204.67578125,4.75929069519043,12.36201286315918,7.436760902404785
0,1801,1906.1785888671875,17761.654296875,4.333773612976074,10.835041999816895,9.538797378540039
0,1802,1862.927978515625,17310.33984375,4.396464824676514,10.252653121948242,9.142537117004395
0,1803,2139.1376953125,20124.15625,4.224066734313965,14.776963233947754,7.843135833740234
0,1804,1899.1429443359375,17435.154296875,5.187582969665527,11.728952407836914,7.151369094848633
0,1805,1633.1951904296875,15056.994140625,4.2498579025268555,10.550012588500977,7.657833099365234
0,1806,1788.362548828125,16554.31640625,4.4310302734375,10.803689956665039,6.649706840515137
0,1807,1323.4090576171875,11957.51171875,4.255259990692139,10.641057968139648,3.582460403442383
0,1808,1580.00439453125,14592.82421875,4.024062633514404,10.074731826782227,7.417278289794922
0,1809,1793.3927001953125,16742.65625,3.9709033966064453,11.559934616088867,6.80067253112793
0,1810,1114.7598876953125,10016.435546875,3.770543336868286,9.212662696838379,5.600468635559082
0,1811,2314.547607421875,21881.748046875,4.212424278259277,13.731391906738281,9.739550590515137
0,1812,1562.986572265625,14417.4453125,4.041402816772461,10.42263126373291,6.564850807189941
0,1813,2096.26611328125,19594.435546875,4.560752868652344,13.350448608398438,7.369226455688477
0,1814,1928.328857421875,18036.611328125,4.155589580535889,12.689565658569336,6.205279350280762
0,1815,2262.839111328125,21462.8203125,3.8852381706237793,12.187962532043457,9.638884544372559
0,1816,1398.5621337890625,12595.5234375,4.633658409118652,10.058265686035156,5.166616439819336
0,1817,2095.22607421875,19691.1796875,4.203597545623779,10.515628814697266,11.039775848388672
0,1818,1877.96337890625,17543.537109375,4.120321750640869,11.593770980834961,8.707436561584473
0,1819,1387.397705078125,12688.2958984375,3.9522688388824463,10.248373031616211,6.295925140380859
0,1820,1834.326416015625,17190.58984375,3.8422470092773438,13.175286293029785,6.393223762512207
0,1821,1653.4599609375,15403.9482421875,3.7688374519348145,11.222177505493164,7.674826622009277
0,1822,1225.9984130859375,11196.5146484375,3.544895648956299,9.716732025146484,4.612116813659668
0,1823,1916.0616455078125,17972.431640625,3.9606146812438965,12.201835632324219,7.094542503356934
0,1824,1532.2174072265625,14187.0205078125,3.7838449478149414,11.840437889099121,6.167144775390625
0,1825,2115.6201171875,18833.927734375,7.740913391113281,12.819485664367676,7.053215980529785
0,1826,1912.44482421875,17791.33203125,4.443722724914551,10.728219032287598,9.353543281555176
0,1827,1751.2510986328125,16250.103515625,4.2080230712890625,11.933448791503906,7.252067565917969
0,1828,1465.254638671875,13428.5517578125,4.079979419708252,10.369918823242188,6.790299415588379
0,1829,1620.4530029296875,15063.888671875,3.8021349906921387,11.903562545776367,6.212457656860352
0,1830,1631.31982421875,15147.921875,3.884253978729248,10.604833602905273,7.638917922973633
0,1831,1333.7921142578125,12107.546875,4.101245880126953,8.529319763183594,8.13406753540039
0,1832,1777.3829345703125,16472.88671875,4.336475372314453,9.697396278381348,8.842351913452148
0,1833,1502.2001953125,13883.546875,3.794848680496216,10.646851539611816,5.726282119750977
0,1834,1257.0,11399.306640625,3.9023091793060303,8.396400451660156,6.306180953979492
0,1835,1559.039794921875,14108.6064453125,4.939303398132324,10.700767517089844,6.337825775146484
0,1836,1443.36962890625,13146.607421875,4.290295600891113,10.044807434082031,6.616458892822266
0,1837,1286.50634765625,11679.341796875,3.9524049758911133,10.011783599853516,5.486560821533203
0,1838,1704.198486328125,15902.765625,3.797394275665283,13.268289566040039,6.50461483001709
0,1839,1784.4132080078125,16671.01953125,3.910374641418457,11.718599319458008,8.994148254394531
0,1840,1600.589111328125,14763.2138671875,4.1422576904296875,10.501745223999023,7.351180076599121
0,1841,2461.24755859375,23239.4765625,4.576661586761475,13.717427253723145,9.926590919494629
0,1842,1453.2755126953125,13151.029296875,4.605753421783447,9.591153144836426,7.097476005554199
0,1843,1707.41162109375,15841.697265625,4.108058929443359,13.765628814697266,6.031425476074219
0,1844,1838.8465576171875,17096.94921875,4.305054664611816,13.741329193115234,6.906587600708008
0,1845,1332.6845703125,12199.208984375,3.758788585662842,11.067445755004883,4.7444963455200195
0,1846,1594.6220703125,14717.7353515625,4.094949722290039,8.2881441116333,9.764963150024414
0,1847,1992.5010986328125,18760.21875,3.8826403617858887,11.366230010986328,9.721339225769043
0,1848,1990.580322265625,18718.369140625,3.9581122398376465,12.022002220153809,7.908699035644531
0,1849,1894.3421630859375,17783.53125,3.8663015365600586,10.334487915039062,8.427770614624023
0,1850,1925.470458984375,18135.056640625,3.732158899307251,12.820899963378906,7.570620536804199
0,1851,1528.85791015625,14038.1337890625,4.168152809143066,10.93700885772705,6.99544620513916
0,1852,2417.2919921875,22795.03125,4.59295654296875,13.421154975891113,10.377500534057617
0,1853,1867.5703125,17362.720703125,4.376607894897461,11.055581092834473,8.299428939819336
0,1854,1820.57373046875,16866.06640625,4.465567111968994,11.439496994018555,8.758357048034668
0,1855,1714.7237548828125,16108.1240234375,3.4637134075164795,11.147120475769043,7.496512413024902
0,1856,1938.5059814453125,16206.390625,10.595564842224121,10.92852783203125,6.8147783279418945
0,1857,1129.6072998046875,10224.962890625,3.570366859436035,10.848997116088867,5.085026741027832
0,1858,1445.13427734375,13283.2666015625,3.8935863971710205,10.00571060180664,6.2368364334106445
0,1859,1882.588134765625,17595.392578125,4.101625919342041,12.312826156616211,7.11701774597168
0,1860,1966.062744140625,18284.73046875,4.5863237380981445,10.717521667480469,9.197454452514648
0,1861,1406.3778076171875,12754.703125,4.363581657409668,9.903324127197266,6.553428649902344
0,1862,1911.6387939453125,17909.451171875,4.023120403289795,13.55439567565918,5.972731590270996
0,1863,1565.55224609375,14360.134765625,4.317955493927002,11.067939758300781,6.720345497131348
0,1864,1808.236328125,16883.556640625,3.996018886566162,13.216808319091797,5.975798606872559
0,1865,1264.072998046875,11426.466796875,4.047541618347168,9.523100852966309,6.090803146362305
0,1866,1608.141845703125,14814.935546875,4.221610069274902,12.812952995300293,4.73940372467041
0,1867,1636.0858154296875,15267.322265625,3.6451168060302734,11.849573135375977,7.496996879577637
0,1868,1605.236572265625,14840.93359375,4.0381059646606445,11.430330276489258,8.318488121032715
0,1869,1410.4112548828125,12903.58203125,4.001766681671143,8.930633544921875,5.0349931716918945
0,1870,1725.6893310546875,16063.6337890625,3.9775309562683105,13.964839935302734,7.024412155151367
0,1871,1718.8951416015625,15975.005859375,4.046485900878906,12.288481712341309,8.961943626403809
0,1872,1975.8182373046875,18566.15234375,3.973433017730713,12.744915008544922,7.080470085144043
0,1873,1549.873046875,14069.943359375,4.762619972229004,11.38956069946289,5.204249382019043
0,1874,1621.9862060546875,15083.7421875,3.7870638370513916,11.330951690673828,8.829894065856934
0,1875,1883.334716796875,17506.40234375,4.423150062561035,10.61629581451416,8.658576011657715
0,1876,1713.2568359375,15973.935546875,3.8621087074279785,12.977462768554688,6.326193809509277
0,1877,1899.474853515625,17646.666015625,4.493609428405762,12.217750549316406,6.446795463562012
0,1878,1851.4124755859375,17212.455078125,4.338900566101074,12.588860511779785,7.055243492126465
0,1879,1895.22705078125,17697.240234375,4.183434009552002,12.149394035339355,7.113158226013184
0,1880,1212.373779296875,10766.421875,4.524387359619141,9.879630088806152,4.802858352661133
0,1881,1458.0478515625,13310.5859375,4.232976913452148,10.358193397521973,6.540398597717285
0,1882,1123.2823486328125,10121.005859375,3.7060577869415283,9.362014770507812,5.952296257019043
0,1883,2059.542236328125,19380.005859375,4.051390171051025,12.272098541259766,9.483548164367676
0,1884,1959.1517333984375,18271.763671875,4.399178504943848,12.828970909118652,8.175572395324707
0,1885,1767.5623779296875,16428.39453125,4.1574296951293945,11.91054916381836,6.975318908691406
0,1886,1945.880126953125,18204.2890625,4.181707859039307,13.628362655639648,7.561634063720703
0,1887,1477.5377197265625,13641.921875,3.7781832218170166,10.756853103637695,7.593299865722656
0,1888,1521.712646484375,13968.826171875,4.160998344421387,8.537544250488281,8.167586326599121
0,1889,2361.67333984375,22251.19140625,4.551807880401611,14.37859058380127,8.381553649902344
0,1890,1822.0467529296875,16973.794921875,4.15557336807251,13.374480247497559,6.383513450622559
0,1891,1465.00537109375,13430.5771484375,4.064921855926514,10.06312370300293,7.074939727783203
0,1892,1177.0345458984375,10569.1533203125,4.003973007202148,9.73007583618164,5.777107238769531
0,1893,1564.6767578125,14369.041015625,4.259087562561035,11.967103958129883,5.586678504943848
0,1894,1490.08935546875,13525.7626953125,4.583767890930176,9.845169067382812,8.184831619262695
0,1895,1606.7186279296875,14719.7763671875,4.491364002227783,12.83479118347168,5.544944763183594
0,1896,2064.81005859375,18904.05859375,5.8134765625,14.397733688354492,7.075818061828613
0,1897,1486.971923828125,13742.1904296875,3.758425712585449,10.388679504394531,7.438104629516602
0,1898,1833.2069091796875,17160.982421875,3.9036202430725098,12.350937843322754,7.874626159667969
0,1899,1579.044921875,14537.087890625,4.1778669357299805,12.784841537475586,4.3787736892700195
0,1900,1663.4093017578125,14935.482421875,5.66203498840332,10.88952922821045,5.524030685424805
0,1901,1804.6083984375,16794.80859375,4.170919418334961,10.052083969116211,8.92623233795166
0,1902,1676.562744140625,15498.658203125,4.223231792449951,10.35081672668457,7.085318565368652
0,1903,1328.060791015625,12118.62109375,3.873289108276367,9.36490249633789,7.327018737792969
0,1904,1295.656982421875,11833.7216796875,3.742826461791992,10.810651779174805,6.5838117599487305
0,1905,1480.05224609375,13264.6015625,5.119736671447754,12.100961685180664,5.705218315124512
0,1906,2001.8316650390625,18702.103515625,4.387378692626953,10.206871032714844,11.05573844909668
0,1907,1780.339599609375,16539.0625,4.214446067810059,11.456708908081055,7.2825822830200195
0,1908,1848.2822265625,17094.287109375,4.628450393676758,12.446681022644043,6.955841064453125
0,1909,1541.904296875,14109.62109375,4.364738464355469,11.113636016845703,6.013646125793457
0,1910,1382.5634765625,12497.16015625,4.428245544433594,10.01468563079834,5.083657264709473
0,1911,1889.697021484375,17424.751953125,4.9073944091796875,12.471946716308594,8.50979232788086
0,1912,1685.5250244140625,15533.697265625,4.405174732208252,10.6600923538208,6.579581260681152
0,1913,2288.633544921875,21560.712890625,4.41874361038208,13.379533767700195,8.472982406616211
0,1914,1720.7823486328125,15795.775390625,4.706826686859131,10.712541580200195,7.724753379821777
0,1915,1596.1160888671875,14712.2548828125,4.163021087646484,12.36819076538086,6.926153182983398
0,1916,1791.868896484375,16724.490234375,3.9806618690490723,12.824233055114746,6.97109317779541
0,1917,1672.534423828125,15444.0703125,4.2709126472473145,10.161269187927246,9.74308967590332
0,1918,1972.8701171875,18614.958984375,3.7124698162078857,11.844587326049805,10.859416007995605
0,1919,1490.3385009765625,13577.115234375,4.420897006988525,11.962752342224121,6.452489852905273
0,1920,1802.2977294921875,16489.53515625,5.111475944519043,13.456581115722656,4.9975433349609375
0,1921,1642.035400390625,15137.34765625,4.2766876220703125,12.836442947387695,5.649514198303223
0,1922,1978.362548828125,18535.908203125,4.159058570861816,12.62641716003418,7.49744987487793
0,1923,1397.576416015625,12870.4755859375,3.684295654296875,11.075150489807129,6.275501251220703
0,1924,1642.42041015625,15159.912109375,4.2143049240112305,11.508628845214844,5.937719345092773
0,1925,1635.607177734375,15011.15625,4.483052730560303,10.219629287719727,7.046439170837402
0,1926,1776.9505615234375,16540.73046875,4.095913887023926,11.108940124511719,7.980315208435059
0,1927,1818.8076171875,16912.263671875,4.252706527709961,12.861342430114746,7.745400428771973
0,1928,1176.7265625,10597.306640625,3.8998608589172363,10.023612976074219,4.631400108337402
0,1929,1674.9681396484375,15497.60546875,4.173584938049316,11.334783554077148,7.780059814453125
0,1930,1319.9222412109375,12014.7998046875,3.9480772018432617,9.968637466430664,4.9654083251953125
0,1931,1574.7073974609375,14410.6767578125,4.454656600952148,10.978147506713867,6.196625709533691
0,1932,2004.308349609375,18831.107421875,4.039921283721924,11.677339553833008,9.270774841308594
0,1933,1367.9263916015625,12424.98046875,4.180946350097656,10.686149597167969,5.870502471923828
0,1934,1701.5989990234375,15841.517578125,3.914909839630127,11.835737228393555,6.481448173522949
0,1935,1164.9185791015625,10502.109375,3.823589324951172,9.99047565460205,3.6659536361694336
0,1936,1761.351318359375,16430.265625,3.94415545463562,11.642630577087402,6.8858642578125
0,1937,1223.34521484375,11064.9736328125,3.894926071166992,10.428716659545898,5.576780319213867
0,1938,1820.8253173828125,16660.349609375,5.159675121307373,11.560664176940918,7.151728630065918
0,1939,1654.9268798828125,15281.54296875,4.2257537841796875,12.056665420532227,5.5519609451293945
0,1940,1586.2054443359375,14735.09765625,3.756520986557007,12.123096466064453,5.246081352233887
0,1941,1597.9818115234375,14781.673828125,3.9938135147094727,11.485367774963379,5.735901832580566
0,1942,1521.4818115234375,13992.224609375,4.075308322906494,10.900967597961426,7.274351119995117
0,1943,1394.7777099609375,12748.029296875,3.999157190322876,9.477800369262695,7.907719612121582
0,1944,1721.56787109375,15972.986328125,4.14230489730835,11.806392669677734,8.225598335266113
0,1945,1291.2489013671875,11709.15625,4.011109828948975,10.793458938598633,3.9956750869750977
0,1946,1688.8458251953125,15664.451171875,4.080020904541016,9.889225006103516,7.861327171325684
0,1947,2746.7099609375,26022.73046875,4.8145599365234375,15.627968788146973,9.553088188171387
0,1948,1478.4766845703125,13610.2060546875,3.915200710296631,11.038591384887695,6.25660514831543
0,1949,1451.6083984375,12905.138671875,5.36981725692749,10.947662353515625,4.815847396850586
0,1950,1190.427001953125,10782.3837890625,3.739619255065918,11.200605392456055,6.24308967590332
0,1951,1959.83251953125,18293.873046875,4.348172187805176,12.362010955810547,7.851284980773926
0,1952,1653.232666015625,15322.419921875,4.033018112182617,12.590106010437012,6.164180755615234
0,1953,2331.483642578125,21035.68359375,7.597177028656006,14.45009994506836,8.0191011428833
0,1954,2239.273681640625,21144.8671875,4.1595635414123535,8.701749801635742,10.976051330566406
0,1955,1308.9432373046875,11976.2734375,3.710531711578369,9.430458068847656,5.526161193847656
0,1956,2071.568359375,19392.794921875,4.409625053405762,14.622486114501953,8.214299201965332
0,1957,1644.548095703125,15306.80859375,3.7955732345581055,11.278305053710938,6.564492225646973
0,1958,1315.07080078125,11851.4755859375,4.330772876739502,10.65868854522705,4.899123191833496
0,1959,1497.2447509765625,13765.640625,4.0226874351501465,9.698801040649414,7.426636695861816
0,1960,1705.286865234375,15770.5244140625,4.274477005004883,12.51679801940918,5.715060234069824
0,1961,2152.016845703125,20423.30859375,3.6561951637268066,12.158320426940918,8.084526062011719
0,1962,1823.29296875,17070.55859375,3.8745687007904053,12.757572174072266,7.174970626831055
0,1963,1725.1353759765625,15811.70703125,4.798819065093994,11.934890747070312,4.787137985229492
0,1964,1922.76123046875,17902.623046875,4.416630744934082,9.466102600097656,11.033039093017578
0,1965,1491.1346435546875,13582.634765625,4.429038047790527,10.812708854675293,7.627472877502441
0,1966,1601.3287353515625,14827.2265625,3.9535374641418457,11.073392868041992,7.706259727478027
0,1967,1734.8267822265625,16077.123046875,4.237149238586426,12.233016967773438,6.050681114196777
0,1968,926.4381713867188,8015.66796875,4.162377834320068,8.696155548095703,4.544675827026367
0,1969,1690.2181396484375,15789.08984375,3.7103023529052734,11.792859077453613,6.325796127319336
0,1970,1333.630615234375,12249.501953125,3.6226813793182373,7.888115882873535,6.770792007446289
0,1971,1731.4407958984375,16058.48828125,4.18639612197876,11.76237678527832,5.406821250915527
0,1972,1388.528564453125,12665.0927734375,4.067310810089111,9.585684776306152,6.539613723754883
0,1973,1530.68896484375,14054.412109375,4.174920558929443,11.088326454162598,6.115422248840332
0,1974,1511.6641845703125,13888.900390625,4.092471599578857,10.349363327026367,8.185338020324707
0,1975,1378.490478515625,12534.341796875,4.168543815612793,11.094588279724121,6.865950584411621
0,1976,1631.110595703125,15061.7109375,4.164648056030273,10.295127868652344,8.217095375061035
0,1977,1432.118896484375,13089.5703125,4.105393886566162,10.978428840637207,5.128086090087891
0,1978,1385.830078125,12756.494140625,3.67268705368042,8.529937744140625,6.681800842285156
0,1979,1887.8973388671875,17513.6953125,4.550926208496094,11.260574340820312,8.796101570129395
0,1980,1889.2625732421875,17641.84375,4.169271945953369,11.87087631225586,8.321330070495605
0,1981,1343.564453125,12247.3134765625,3.961103677749634,8.077301979064941,7.237386703491211
0,1982,1693.8157958984375,15710.2783203125,4.092930793762207,12.038148880004883,7.028453826904297
0,1983,1488.53759765625,13564.591796875,4.402614116668701,11.423688888549805,6.788405418395996
0,1984,1496.117919921875,13837.2421875,3.7464566230773926,8.988386154174805,7.66170597076416
0,1985,2029.3463134765625,19126.9453125,3.8883893489837646,12.549739837646484,7.168808937072754
0,1986,2091.0,19299.40625,5.368645668029785,13.058088302612305,7.809375762939453
0,1987,1309.491943359375,11789.4150390625,4.35167932510376,10.073668479919434,6.615365982055664
0,1988,1685.13720703125,15691.3154296875,3.866853952407837,12.188179016113281,5.160841941833496
0,1989,1906.662841796875,17837.7578125,4.096235275268555,11.738548278808594,9.136656761169434
0,1990,1673.466552734375,15489.01953125,4.152153968811035,12.749475479125977,7.307873725891113
0,1991,1625.51611328125,14996.53125,4.195428848266602,11.408039093017578,7.684109687805176
0,1992,1686.144287109375,15642.787109375,4.062185764312744,11.039363861083984,7.145504951477051
0,1993,1867.736572265625,17273.89453125,4.678233623504639,10.364713668823242,9.081496238708496
0,1994,1677.382080078125,15552.005859375,4.072717666625977,11.569311141967773,8.276644706726074
0,1995,1252.85009765625,11394.4306640625,3.7802348136901855,9.738462448120117,5.694476127624512
0,1996,1701.2886962890625,15705.1376953125,4.359161853790283,10.533784866333008,8.47240161895752
0,1997,1606.134521484375,14854.6875,4.022190570831299,10.613249778747559,6.761628150939941
0,1998,1589.6707763671875,14631.50390625,4.217347145080566,12.49560546875,6.055014610290527
0,1999,1540.2392578125,14111.6767578125,4.3023834228515625,10.058080673217773,6.783771514892578
0,2000,1155.7069091796875,10423.822265625,3.777492046356201,8.696249961853027,6.6609649658203125
0,2001,1835.658447265625,17191.46875,3.8837218284606934,14.073905944824219,6.467630386352539
0,2002,1777.07470703125,16522.40234375,4.1611504554748535,11.660600662231445,6.87593936920166
0,2003,1447.64794921875,13313.67578125,3.87601375579834,11.486616134643555,4.631115913391113
0,2004,1658.6912841796875,15388.626953125,3.9942879676818848,12.373083114624023,5.927498817443848
0,2005,1904.5465087890625,17698.3828125,4.4902753829956055,12.783288955688477,5.326396942138672
0,2006,1765.260986328125,16378.6416015625,4.246561527252197,12.360872268676758,5.996038436889648
0,2007,2043.2742919921875,18994.421875,4.794400691986084,12.266337394714355,7.979928970336914
0,2008,2193.26806640625,20595.31640625,4.457876682281494,14.067314147949219,7.713273048400879
0,2009,1418.18310546875,12876.65234375,4.350593566894531,9.049896240234375,7.3850507736206055
0,2010,1725.985595703125,16120.015625,3.7994654178619385,10.113411903381348,8.784027099609375
0,2011,1630.1441650390625,15165.791015625,3.785503387451172,10.315731048583984,7.165735244750977
0,2012,1508.2481689453125,13859.623046875,4.076196670532227,10.838144302368164,6.421419143676758
0,2013,1708.724609375,15775.046875,4.373996734619141,11.675043106079102,7.474295616149902
0,2014,1586.0982666015625,14656.166015625,4.016056537628174,11.722886085510254,6.473573684692383
0,2015,1426.99755859375,13166.0390625,3.6797873973846436,10.2971830368042,5.887996673583984
0,2016,1845.613037109375,16884.6796875,5.238169193267822,11.552000045776367,8.134500503540039
0,2017,1465.4805908203125,13418.625,4.12060022354126,10.634038925170898,5.844520568847656
0,2018,1893.180908203125,17728.91015625,4.009665489196777,12.106283187866211,7.890698432922363
0,2019,1911.684814453125,17935.97265625,3.936249256134033,13.386627197265625,6.705113410949707
0,2020,1252.0150146484375,11397.802734375,3.741157054901123,9.374711036682129,7.12264347076416
0,2021,1646.989990234375,15235.6953125,4.114013671875,10.988255500793457,8.157145500183105
0,2022,1923.9776611328125,18023.701171875,4.053584575653076,13.042383193969727,6.880380630493164
0,2023,1929.1629638671875,18078.02734375,4.045339107513428,13.186545372009277,5.485525131225586
0,2024,1609.9691162109375,14910.9912109375,3.9623324871063232,9.483808517456055,9.727195739746094
0,2025,1612.7447509765625,14968.44921875,3.8633265495300293,10.787786483764648,6.7305803298950195
0,2026,1532.4473876953125,13948.7705078125,4.585677146911621,11.147354125976562,5.277449607849121
0,2027,1735.072021484375,16230.0,3.7357351779937744,12.879396438598633,7.165742874145508
0,2028,1600.6170654296875,14811.484375,3.9822888374328613,13.093619346618652,4.623274803161621
0,2029,1324.966796875,12184.3408203125,3.55108904838562,10.844826698303223,5.968473434448242
0,2030,1591.157470703125,14688.734375,4.076134204864502,10.107793807983398,7.126991271972656
0,2031,1340.9598388671875,12132.625,4.256576061248779,11.091970443725586,5.115793228149414
0,2032,1875.81298828125,17478.658203125,4.2649030685424805,12.588643074035645,5.564253807067871
0,2033,1441.779296875,12933.2158203125,4.948589324951172,9.6722412109375,5.955855369567871
0,2034,1551.61962890625,14315.96875,4.000758171081543,11.548591613769531,6.942168235778809
0,2035,1467.3109130859375,13462.619140625,4.034965515136719,7.799969673156738,7.998442649841309
0,2036,1904.2471923828125,17738.181640625,4.34763240814209,12.86599349975586,6.788661956787109
0,2037,1359.4820556640625,12270.076171875,4.415811061859131,10.991025924682617,4.857334136962891
0,2038,1879.7159423828125,17474.0390625,4.410401821136475,12.784671783447266,7.929459571838379
0,2039,1603.2283935546875,14794.955078125,4.124430179595947,12.025588035583496,6.086809158325195
0,2040,1699.9527587890625,15873.0390625,3.754960060119629,12.103729248046875,6.047194480895996
0,2041,2444.311767578125,23053.671875,4.631486892700195,16.23018455505371,7.6951093673706055
0,2042,1934.881103515625,17378.921875,6.5662946701049805,10.944849967956543,8.355146408081055
0,2043,1793.50341796875,16524.28515625,4.702493667602539,11.815496444702148,9.2374849319458
0,2044,1334.4171142578125,12170.1689453125,3.9133386611938477,9.044190406799316,5.593343734741211
0,2045,1412.2091064453125,12931.779296875,3.9677047729492188,11.073586463928223,4.5298566818237305
0,2046,2168.263916015625,20408.568359375,4.24690055847168,14.183414459228516,8.750770568847656
0,2047,2171.5751953125,20534.306640625,3.938152551651001,11.802314758300781,8.872138977050781
0,2048,1384.1439208984375,12580.818359375,4.202066421508789,11.738160133361816,4.441218376159668
0,2049,2084.697509765625,19675.490234375,3.9049479961395264,14.033334732055664,8.261133193969727
0,2050,1461.913818359375,13255.9794921875,4.543859958648682,11.544975280761719,4.630988121032715
0,2051,1749.8951416015625,16311.42578125,3.9584174156188965,10.914045333862305,8.463335990905762
0,2052,2132.821533203125,20132.35546875,3.9861996173858643,11.826665878295898,9.352116584777832
0,2053,1680.6981201171875,15550.5458984375,4.188119411468506,11.421623229980469,5.736508369445801
0,2054,1929.069091796875,18024.845703125,4.219482898712158,13.502340316772461,6.727964401245117
0,2055,1778.83544921875,16507.041015625,4.271044731140137,12.52440071105957,6.160974502563477
0,2056,1447.4371337890625,13264.466796875,4.033015251159668,9.941804885864258,5.910078048706055
0,2057,1796.69287109375,16788.412109375,3.9283881187438965,12.830038070678711,5.5251970291137695
0,2058,1429.7996826171875,13097.673828125,4.001073837280273,9.748544692993164,5.995037078857422
0,2059,1555.499755859375,14310.3515625,4.1488213539123535,10.236112594604492,7.3741865158081055
0,2060,1388.810791015625,12753.5712890625,3.781785488128662,9.029111862182617,5.5463361740112305
0,2061,1654.484619140625,15333.2587890625,4.0386247634887695,9.424297332763672,9.563226699829102
0,2062,1986.1307373046875,18670.919921875,3.9679582118988037,11.708352088928223,9.444393157958984
0,2063,1712.2880859375,15916.94921875,4.019769191741943,11.499258995056152,7.5050811767578125
0,2064,1536.166015625,14178.9853515625,3.942248821258545,11.051593780517578,5.385660171508789
0,2065,1899.55419921875,17780.2109375,4.051103591918945,11.56961727142334,9.675504684448242
0,2066,1744.5489501953125,16301.8662109375,3.8120760917663574,11.234150886535645,7.256481170654297
0,2067,1978.3079833984375,18559.998046875,4.076937675476074,11.111982345581055,9.487025260925293
0,2068,1490.7027587890625,13783.482421875,3.7451515197753906,11.44953727722168,4.877354621887207
0,2069,1937.89697265625,18219.341796875,3.8654260635375977,12.572489738464355,7.9635419845581055
0,2070,1222.747314453125,11007.576171875,4.066319465637207,9.51927375793457,5.683180809020996
0,2071,1426.1212158203125,13131.85546875,3.7645230293273926,8.531195640563965,6.988471031188965
0,2072,1536.1729736328125,14229.349609375,3.7746012210845947,12.342623710632324,5.118500709533691
0,2073,1574.38818359375,14483.4208984375,4.201533794403076,11.939252853393555,5.904090881347656
0,2074,1741.88720703125,16281.2490234375,3.792076587677002,12.412036895751953,6.260231018066406
0,2075,1470.7066650390625,13515.224609375,3.9728078842163086,10.593090057373047,7.157112121582031
0,2076,1269.230224609375,11592.970703125,3.6644368171691895,9.750816345214844,4.985315322875977
0,2077,2641.949951171875,25109.6953125,4.366016864776611,16.530126571655273,8.116194725036621
0,2078,1701.7060546875,15799.2177734375,4.059475421905518,11.134912490844727,7.970333099365234
0,2079,1714.016357421875,16003.5517578125,3.7887048721313477,11.789505004882812,7.692634582519531
0,2080,1810.347900390625,16934.103515625,3.8979172706604004,12.052306175231934,8.10523796081543
0,2081,1160.023681640625,10444.3046875,3.8531038761138916,8.471855163574219,6.534553527832031
0,2082,1806.8359375,16848.365234375,4.066644668579102,13.026473999023438,7.35450553894043
0,2083,1448.857666015625,13382.5771484375,3.6866648197174072,8.121637344360352,9.630987167358398
0,2084,1356.459716796875,12378.029296875,3.9552245140075684,10.143798828125,4.208966255187988
0,2085,1812.046630859375,17028.474609375,3.6399683952331543,11.990202903747559,5.863947868347168
0,2086,1640.730712890625,15159.84375,4.158209323883057,10.22848892211914,7.471094131469727
0,2087,1681.1820068359375,15568.1962890625,4.145410060882568,13.595195770263672,4.0004472732543945
0,2088,1249.3701171875,11356.3955078125,3.791018009185791,9.561927795410156,4.394983291625977
0,2089,1631.16748046875,15228.7265625,3.6098275184631348,11.234922409057617,8.064085006713867
0,2090,1701.2052001953125,15717.67578125,4.314587593078613,11.592615127563477,6.3864545822143555
0,2091,1559.0599365234375,14492.7822265625,3.6593918800354004,11.431217193603516,6.487329483032227
0,2092,1568.8499755859375,14410.7216796875,4.259260654449463,11.104413986206055,4.601181983947754
0,2093,1806.053466796875,16783.86328125,4.255569934844971,10.55156135559082,7.989231109619141
0,2094,1793.740966796875,16842.455078125,3.6498494148254395,14.134513854980469,6.899519920349121
0,2095,1673.193359375,15318.994140625,4.709798812866211,11.69522476196289,6.051675796508789
0,2096,1488.95849609375,13425.3212890625,4.88087797164917,11.28764533996582,4.215829849243164
0,2097,1493.769775390625,13698.3896484375,4.131025791168213,11.587394714355469,5.268930435180664
0,2098,1417.7608642578125,12887.123046875,4.301618576049805,11.492904663085938,5.608635902404785
0,2099,1604.561279296875,14393.4091796875,5.507345199584961,12.673440933227539,6.027021408081055
0,2100,1214.1802978515625,11060.8759765625,3.603088855743408,9.493532180786133,6.69718074798584
0,2101,1310.7589111328125,11970.3359375,3.7908437252044678,11.262295722961426,4.186185836791992
0,2102,1323.0736083984375,12144.458984375,3.620922088623047,10.432842254638672,5.968789100646973
0,2103,1490.0284423828125,13671.7890625,4.094983100891113,9.911649703979492,5.816637992858887
0,2104,1232.913330078125,11134.0673828125,3.983553886413574,10.079011917114258,6.599864959716797
0,2105,1520.4783935546875,14046.1142578125,3.862231492996216,10.140142440795898,7.034161567687988
0,2106,1941.574951171875,18124.095703125,4.305511951446533,10.497695922851562,8.985676765441895
0,2107,2031.656982421875,19128.22265625,3.96115779876709,14.066746711730957,7.541176795959473
0,2108,1985.09912109375,18219.326171875,5.438882350921631,12.813459396362305,6.9517927169799805
0,2109,1762.377685546875,16226.193359375,4.658610820770264,13.205134391784668,4.56941032409668
0,2110,1317.14404296875,11719.1767578125,4.840876579284668,10.006078720092773,6.576953887939453
0,2111,1649.7039794921875,15192.4453125,4.348649978637695,12.673147201538086,5.530094146728516
0,2112,1647.8226318359375,15302.8525390625,3.9179117679595947,11.554265975952148,6.167797088623047
0,2113,1827.026123046875,16983.26953125,4.2899699211120605,13.027263641357422,6.322039604187012
0,2114,1389.7139892578125,12491.7197265625,4.684732437133789,9.943480491638184,5.018259048461914
0,2115,1656.013427734375,15190.7451171875,4.564628601074219,11.029651641845703,6.385293960571289
0,2116,2061.449951171875,19256.86328125,4.525449752807617,12.862903594970703,9.243752479553223
0,2117,1237.6099853515625,11153.220703125,4.076260566711426,9.534185409545898,5.435357093811035
0,2118,1645.47021484375,15259.060546875,3.9854698181152344,9.683674812316895,8.128669738769531
0,2119,1382.867919921875,12568.12890625,4.201833248138428,9.598479270935059,6.846968650817871
0,2120,2288.55859375,21619.1171875,4.2215576171875,13.185012817382812,7.830460548400879
0,2121,1397.87939453125,12677.1103515625,4.338942527770996,10.960226058959961,6.926970481872559
0,2122,1335.928955078125,12233.294921875,3.7533183097839355,9.423251152038574,5.237833023071289
0,2123,2101.78076171875,19517.626953125,5.000601768493652,13.784758567810059,7.491085052490234
0,2124,1978.8387451171875,18606.84765625,3.938464641571045,10.064688682556152,10.365039825439453
0,2125,1689.5478515625,15735.171875,3.8676891326904297,12.161954879760742,6.934160232543945
0,2126,1193.3013916015625,10740.1044921875,3.9763622283935547,9.673810958862305,4.122491836547852
0,2127,1757.216064453125,16077.421875,4.982464790344238,11.83940315246582,6.475427627563477
0,2128,1303.745849609375,11859.3369140625,3.927070140838623,10.87816047668457,5.615347862243652
0,2129,1564.0333251953125,14406.5078125,4.1127519607543945,11.151309967041016,6.554030418395996
0,2130,1623.71142578125,14998.7060546875,4.12802791595459,12.503608703613281,6.265215873718262
0,2131,1818.3514404296875,16997.6640625,3.952831268310547,11.248096466064453,9.924378395080566
0,2132,2128.970703125,20148.2265625,3.804932117462158,13.066193580627441,8.936137199401855
0,2133,1488.7259521484375,13760.380859375,3.7562613487243652,11.369412422180176,7.679470062255859
0,2134,1629.777587890625,15091.8359375,4.01979923248291,11.839884757995605,5.936912536621094
0,2135,1386.355712890625,12651.5439453125,4.040044784545898,10.650650024414062,5.5959014892578125
0,2136,1547.5849609375,13637.2080078125,6.128803730010986,11.133532524108887,6.984764099121094
0,2137,1484.06298828125,13558.26171875,4.27455997467041,12.035456657409668,6.461199760437012
0,2138,1593.83251953125,14874.5546875,3.545902967453003,9.201072692871094,8.903494834899902
0,2139,2211.041259765625,20647.052734375,4.877864837646484,13.782411575317383,7.635005950927734
0,2140,1424.5247802734375,13098.416015625,3.8227720260620117,10.870475769042969,5.016307830810547
0,2141,1928.631103515625,17948.484375,4.459418296813965,12.553417205810547,6.673007965087891
0,2142,1046.6854248046875,9298.0654296875,3.895963191986084,9.452367782592773,4.196210861206055
0,2143,1466.503662109375,13532.8642578125,3.773906707763672,8.072128295898438,9.245848655700684
0,2144,1957.42529296875,18348.04296875,4.087366104125977,12.307048797607422,7.572434425354004
0,2145,1556.9708251953125,14182.39453125,4.624378204345703,11.69708251953125,5.821689605712891
0,2146,1910.101318359375,17882.66015625,4.061178207397461,14.744560241699219,5.582566261291504
0,2147,1892.672119140625,17721.919921875,4.0160040855407715,11.528225898742676,8.193408966064453
0,2148,2043.80810546875,19077.33203125,4.535827159881592,12.132084846496582,10.346343994140625
0,2149,1233.2835693359375,11156.23046875,3.922017812728882,9.18183708190918,6.852791786193848
0,2150,1476.4940185546875,13581.6328125,3.944356679916382,11.009920120239258,6.548102378845215
0,2151,1438.6368408203125,13111.6708984375,4.248992443084717,10.12231731414795,5.712874412536621
0,2152,1363.94775390625,12443.359375,3.987058639526367,8.637460708618164,6.5272626876831055
0,2153,1739.9993896484375,16161.20703125,4.129289150238037,12.338922500610352,6.376794815063477
0,2154,1350.16015625,12295.4267578125,4.020581245422363,10.582830429077148,5.564454078674316
0,2155,1662.3031005859375,15449.513671875,3.911722421646118,11.571855545043945,5.646498680114746
0,2156,1227.161865234375,10904.96875,4.555498123168945,8.176673889160156,6.687737464904785
0,2157,1712.58056640625,15916.61328125,4.030639171600342,12.879100799560547,5.68037223815918
0,2158,1497.880615234375,13776.9296875,4.006252765655518,11.070476531982422,6.4043073654174805
0,2159,1760.3289794921875,16405.9296875,3.991197109222412,13.218223571777344,5.576188087463379
0,2160,1649.2105712890625,15094.7919921875,4.657711982727051,10.903166770935059,7.468155860900879
0,2161,1915.0018310546875,17843.541015625,4.354921817779541,11.452394485473633,8.027348518371582
0,2162,1455.6827392578125,13459.869140625,3.6565284729003906,10.815914154052734,5.908206939697266
0,2163,1894.147705078125,17660.197265625,4.270930290222168,14.620271682739258,7.292242050170898
0,2164,1518.236572265625,13857.962890625,4.414677619934082,11.172713279724121,5.788743019104004
0,2165,1637.47021484375,15160.646484375,4.046851634979248,12.461345672607422,4.977231979370117
0,2166,1471.36669921875,13438.09765625,4.251895904541016,10.297281265258789,6.946191787719727
0,2167,1314.5989990234375,11931.736328125,4.047510623931885,11.144712448120117,4.652554512023926
0,2168,1733.808349609375,16030.3837890625,4.3589982986450195,14.668525695800781,4.897768974304199
0,2169,1558.9083251953125,14377.93359375,4.037165641784668,9.679963111877441,8.012094497680664
0,2170,1264.613525390625,11452.05078125,3.9802823066711426,8.87183952331543,6.203812599182129
0,2171,1342.4541015625,12280.2373046875,3.814345121383667,9.449403762817383,6.809844017028809
0,2172,1552.761474609375,14184.84765625,4.475889205932617,11.507980346679688,5.302433013916016
0,2173,1844.759033203125,17204.21484375,4.144582748413086,10.666953086853027,5.654559135437012
0,2174,1548.2222900390625,14245.828125,4.121313095092773,10.657892227172852,5.453584671020508
0,2175,1582.9852294921875,14511.15234375,4.395666599273682,10.482372283935547,6.4836320877075195
0,2176,1786.22412109375,16510.341796875,4.506333351135254,12.34367561340332,6.818138122558594
0,2177,1802.303466796875,16772.646484375,4.167961120605469,14.19379997253418,5.867619514465332
0,2178,1706.470947265625,15822.8193359375,4.1396307945251465,10.946394920349121,6.163403511047363
0,2179,1821.86962890625,17015.552734375,4.010477542877197,11.61417293548584,7.983150482177734
0,2180,1682.4124755859375,15543.662109375,4.268207550048828,10.977069854736328,7.601772308349609
0,2181,1537.221435546875,14141.015625,4.103994369506836,11.488150596618652,7.130915641784668
0,2182,1463.05615234375,13406.16796875,4.0813093185424805,9.944936752319336,6.628247261047363
0,2183,1393.1365966796875,12815.927734375,3.718127727508545,9.736360549926758,6.852049827575684
0,2184,1844.7261962890625,17151.310546875,4.319836139678955,12.908045768737793,6.497515678405762
0,2185,1562.351318359375,14492.537109375,3.76991605758667,11.66796875,5.941587448120117
0,2186,1506.4466552734375,13784.130859375,4.267786026000977,12.0364351272583,5.439922332763672
0,2187,1572.7313232421875,14497.25390625,4.100196838378906,12.01629638671875,7.278999328613281
0,2188,1382.021240234375,12560.4013671875,4.199369430541992,9.783226013183594,4.372629165649414
0,2189,1633.96630859375,15065.3203125,4.247805595397949,11.419342041015625,6.0891313552856445
0,2190,1644.9892578125,15313.85546875,3.786789655685425,13.166162490844727,6.401212692260742
0,2191,1642.0235595703125,15237.0654296875,3.9438986778259277,10.474370002746582,7.181825637817383
0,2192,965.5680541992188,8515.7099609375,3.7999017238616943,8.154287338256836,3.665225028991699
0,2193,1066.6484375,9484.87109375,3.9387123584747314,9.63869857788086,5.426379203796387
0,2194,1523.25390625,13900.654296875,4.439617156982422,12.142383575439453,4.653067588806152
0,2195,1413.5767822265625,13030.078125,3.68563175201416,11.846561431884766,6.099358558654785
0,2196,1662.4964599609375,15342.9931640625,4.273237228393555,12.717626571655273,4.858641624450684
0,2197,1794.961669921875,16628.3203125,4.404323101043701,14.396767616271973,5.852392196655273
0,2198,1369.8558349609375,12494.33203125,4.0140886306762695,9.543415069580078,5.985047340393066
0,2199,1838.380859375,16743.3203125,5.468293190002441,12.1293306350708,7.841509819030762
0,2200,1310.9390869140625,11956.2890625,3.8436715602874756,11.501110076904297,5.015446662902832
0,2201,1891.126220703125,17627.556640625,4.279016494750977,12.64301872253418,7.600937843322754
0,2202,1827.2662353515625,17160.1171875,3.7084853649139404,12.737751007080078,5.368335723876953
0,2203,1510.955810546875,13863.8828125,4.152248859405518,13.136507034301758,4.743359565734863
0,2204,1481.2578125,13658.802734375,3.845919609069824,11.019488334655762,5.022744178771973
0,2205,1340.09765625,12346.5576171875,3.514730930328369,10.80394458770752,5.820898056030273
0,2206,1618.8662109375,15087.560546875,3.6703357696533203,11.197935104370117,7.658888816833496
0,2207,1464.0262451171875,13414.2333984375,4.08676290512085,10.422250747680664,5.378966331481934
0,2208,1641.7349853515625,15144.5888671875,4.242536544799805,11.26008415222168,6.520407676696777
0,2209,1769.825439453125,16491.814453125,4.02146577835083,12.068437576293945,5.748208999633789
0,2210,1558.7991943359375,14370.71875,4.05757474899292,11.003643035888672,6.670342445373535
0,2211,1624.5015869140625,14930.283203125,4.382443428039551,11.769487380981445,5.446593284606934
0,2212,1629.268310546875,14908.59765625,4.613620758056641,12.928647994995117,4.946869850158691
0,2213,1539.0057373046875,14045.02734375,4.483431339263916,11.123875617980957,6.787510871887207
0,2214,1563.6104736328125,14551.3486328125,3.6158533096313477,11.068885803222656,6.243195533752441
0,2215,1591.5516357421875,14656.03515625,4.198270797729492,12.58597469329834,5.102184295654297
0,2216,1891.62841796875,17669.2421875,4.156805992126465,12.90640640258789,6.860047340393066
0,2217,1386.307861328125,12553.50390625,4.365246772766113,9.900492668151855,5.648594856262207
0,2218,1345.9603271484375,12294.423828125,3.88392972946167,9.67478084564209,5.691858291625977
0,2219,1782.5755615234375,16577.52734375,4.160758972167969,13.317566871643066,5.282691955566406
0,2220,1737.94189453125,16068.732421875,4.368951797485352,12.86028003692627,6.499959945678711
0,2221,1392.0809326171875,12682.9765625,4.126105308532715,11.148685455322266,4.684082984924316
0,2222,1549.853271484375,14290.986328125,4.025154113769531,11.837752342224121,6.068815231323242
0,2223,1693.1466064453125,15439.2451171875,4.974066734313965,11.171379089355469,4.835453033447266
0,2224,1232.89306640625,11012.806640625,4.387081623077393,7.743144512176514,6.575888633728027
0,2225,1315.6229248046875,11955.060546875,4.00389289855957,10.622936248779297,5.0667877197265625
0,2226,1974.8743896484375,18498.171875,4.168569564819336,12.470839500427246,8.910211563110352
0,2227,1389.9324951171875,12583.853515625,4.384904861450195,11.07946491241455,5.072450637817383
0,2228,1720.8428955078125,15837.103515625,4.571086883544922,13.284738540649414,5.168622016906738
0,2229,1339.5318603515625,12322.212890625,3.577019214630127,10.930099487304688,4.552157402038574
0,2230,1443.18359375,13264.7421875,3.890310764312744,9.651104927062988,7.244974136352539
0,2231,1401.6871337890625,12919.0234375,3.659492015838623,10.671836853027344,4.446074485778809
0,2232,1305.1629638671875,11866.7919921875,3.9494590759277344,9.840791702270508,5.353489875793457
0,2233,1517.5084228515625,13979.8134765625,3.9842371940612793,8.710485458374023,7.839053153991699
0,2234,1517.939453125,13915.810546875,4.211947917938232,10.588678359985352,4.7070112228393555
0,2235,1594.86572265625,14634.3515625,4.38101863861084,11.179195404052734,6.833220481872559
0,2236,1575.0693359375,14602.8828125,3.826033592224121,10.059856414794922,6.723529815673828
0,2237,1575.4354248046875,14535.58984375,4.062548637390137,10.91752815246582,7.908603668212891
0,2238,2041.76513671875,19161.330078125,4.187735557556152,14.920560836791992,5.872689247131348
0,2239,1559.072998046875,14359.88671875,4.102812767028809,12.427209854125977,5.1542768478393555
0,2240,1753.110107421875,14958.3125,8.575961112976074,11.661706924438477,6.189743995666504
0,2241,1501.835205078125,13812.68359375,4.018894195556641,9.056497573852539,7.784327507019043
0,2242,1437.759521484375,13189.451171875,3.960476875305176,11.150609016418457,7.010503768920898
0,2243,1211.2509765625,10815.0185546875,4.324972152709961,9.01554012298584,6.037080764770508
0,2244,1694.0277099609375,15391.732421875,5.1618146896362305,11.580486297607422,6.275119781494141
0,2245,1597.1044921875,14723.712890625,4.157772064208984,10.227822303771973,8.05640983581543
0,2246,1804.6883544921875,16785.70703125,4.203922271728516,10.019371032714844,9.348128318786621
0,2247,1705.673095703125,15904.3203125,3.841371774673462,9.712791442871094,10.649206161499023
0,2248,2095.796630859375,19621.96875,4.453326225280762,13.993124961853027,7.643698692321777
0,2249,1722.607666015625,15912.8828125,4.377309799194336,12.411005020141602,7.968481063842773
0,2250,1058.4302978515625,9467.89453125,3.7213597297668457,11.003718376159668,2.9097347259521484
0,2251,1742.8189697265625,16222.4892578125,4.0190019607543945,11.380989074707031,8.42818546295166
0,2252,1318.8802490234375,11520.6865234375,5.560382843017578,9.104860305786133,6.88762092590332
0,2253,1375.17041015625,12598.908203125,3.8426527976989746,10.330668449401855,5.817965507507324
0,2254,1344.64599609375,12151.4501953125,4.316699504852295,8.671545028686523,6.24721622467041
0,2255,2011.2781982421875,18940.4921875,3.9076337814331055,12.693801879882812,7.876289367675781
0,2256,1564.5443115234375,14320.11328125,4.417763710021973,10.18436336517334,7.5034379959106445
0,2257,1525.2239990234375,14173.0576171875,3.597273111343384,13.53714656829834,4.036507606506348
0,2258,1308.683349609375,11793.458984375,4.311248779296875,9.341363906860352,5.214634895324707
0,2259,2259.514404296875,21365.599609375,4.098480224609375,12.941728591918945,9.90173625946045
0,2260,1712.6373291015625,15851.93359375,4.248132228851318,12.491653442382812,6.451851844787598
0,2261,1557.0194091796875,14322.5302734375,4.158878326416016,9.758096694946289,7.549443244934082
0,2262,1647.693603515625,15257.462890625,4.064908504486084,13.23946475982666,5.182916641235352
0,2263,1518.42333984375,13963.0009765625,4.070770263671875,9.785537719726562,7.042243003845215
0,2264,1521.92724609375,14030.8876953125,3.96128249168396,11.679845809936523,4.55704402923584
0,2265,1565.9732666015625,14428.2734375,4.104863166809082,11.021625518798828,5.551153182983398
0,2266,1480.2950439453125,13670.427734375,3.775071620941162,9.580818176269531,6.14594841003418
0,2267,1822.9761962890625,16977.0546875,4.175690650939941,10.454567909240723,9.333094596862793
0,2268,1567.05224609375,14437.7412109375,4.109267711639404,9.850153923034668,7.23500919342041
0,2269,2182.00634765625,20571.0,4.163542747497559,14.60991096496582,8.278816223144531
0,2270,1776.2957763671875,16342.2353515625,4.735742092132568,10.990585327148438,5.891308784484863
0,2271,1690.3994140625,15669.3203125,4.115581512451172,13.235250473022461,4.74681282043457
0,2272,1509.95556640625,13895.5859375,4.0132341384887695,10.172689437866211,5.894376754760742
0,2273,1361.443603515625,12424.046875,3.967965602874756,9.060625076293945,7.074911117553711
0,2274,1611.3599853515625,14722.14453125,4.638184547424316,10.502045631408691,6.579812049865723
0,2275,1874.22412109375,17582.15625,3.866946220397949,11.960502624511719,8.876944541931152
0,2276,1401.226318359375,12793.58984375,4.062243461608887,10.760318756103516,4.343260765075684
0,2277,1144.2974853515625,10261.0439453125,3.9397690296173096,9.886396408081055,4.452455520629883
0,2278,1379.985595703125,12618.3271484375,3.938426971435547,9.863212585449219,5.24434757232666
0,2279,1473.791748046875,13565.40234375,3.908383846282959,10.748010635375977,8.792458534240723
0,2280,1786.8499755859375,16751.296875,3.7240076065063477,10.425830841064453,8.926721572875977
0,2281,1513.2890625,13930.75,4.0071330070495605,12.690230369567871,4.191211700439453
0,2282,900.2987060546875,7726.17724609375,4.256032943725586,7.364748954772949,5.171746253967285
0,2283,1547.2584228515625,14197.587890625,4.2499895095825195,10.540239334106445,6.176270484924316
0,2284,2064.12158203125,19381.603515625,4.198709964752197,14.569680213928223,7.04638671875
0,2285,1518.4827880859375,14006.5185546875,3.9276986122131348,10.507598876953125,7.1349945068359375
0,2286,1387.93359375,12624.6220703125,4.182378768920898,12.224407196044922,3.7765092849731445
0,2287,1704.0595703125,15764.203125,4.254644393920898,12.688936233520508,6.10643196105957
0,2288,1488.7822265625,13627.59765625,4.200750350952148,10.80250358581543,7.080870628356934
0,2289,1316.3543701171875,12051.421875,3.7070724964141846,10.691308975219727,5.8729753494262695
0,2290,1218.2176513671875,10977.1015625,4.016916275024414,8.995158195495605,4.810616493225098
0,2291,1934.1507568359375,18015.826171875,4.418937683105469,13.265436172485352,7.15657901763916
0,2292,1642.005126953125,14935.978515625,4.946908950805664,11.298372268676758,6.882657051086426
0,2293,1279.44189453125,11625.224609375,3.8973147869110107,10.951605796813965,6.203740119934082
0,2294,1623.278076171875,14705.7763671875,5.090014457702637,12.814973831176758,3.6246299743652344
0,2295,1656.0640869140625,15325.52734375,4.117044925689697,11.326271057128906,7.631495475769043
0,2296,1480.8270263671875,13730.11328125,3.5938539505004883,11.481082916259766,5.806316375732422
0,2297,984.7296752929688,8707.2431640625,3.8001792430877686,8.200790405273438,4.595935821533203
0,2298,1935.1251220703125,18092.53515625,4.195718765258789,11.69705867767334,7.135245323181152
0,2299,1712.855712890625,15782.138671875,4.488059997558594,12.011658668518066,6.70070743560791
0,2300,1361.1883544921875,12391.9013671875,4.0666046142578125,10.042764663696289,5.545246124267578
0,2301,1479.32568359375,13747.224609375,3.4867711067199707,10.69183349609375,7.050398826599121
0,2302,1563.94384765625,14363.5546875,4.252945899963379,10.13498306274414,6.547019004821777
0,2303,1449.026123046875,13227.1337890625,4.210422992706299,12.357532501220703,3.747866630554199
0,2304,1615.0963134765625,14996.474609375,3.8482964038848877,10.429996490478516,7.893858909606934
0,2305,1634.1630859375,15116.03125,4.08533239364624,10.633551597595215,8.033761024475098
0,2306,1108.650146484375,9981.73828125,3.6825456619262695,7.123771667480469,7.5371599197387695
0,2307,1837.3023681640625,17104.1171875,4.2296857833862305,14.256141662597656,6.985918045043945
0,2308,1967.0648193359375,18407.486328125,4.210536956787109,13.068202018737793,6.712358474731445
0,2309,1505.3043212890625,13893.845703125,3.86398983001709,12.936580657958984,4.7047014236450195
0,2310,1833.3707275390625,17075.265625,4.194803237915039,13.203200340270996,4.740711212158203
0,2311,1814.430908203125,17002.744140625,3.8052146434783936,12.039823532104492,8.92026138305664
0,2312,1622.27587890625,14884.12109375,4.462126731872559,11.47381591796875,6.280089378356934
0,2313,1168.113037109375,10468.38671875,4.042474269866943,8.730884552001953,5.455700874328613
0,2314,1657.6181640625,15340.525390625,4.1188507080078125,12.740249633789062,6.986590385437012
0,2315,1103.8929443359375,9720.1845703125,4.395814418792725,8.707393646240234,5.87106990814209
0,2316,1656.395751953125,15249.640625,4.381056785583496,12.295337677001953,5.121467590332031
0,2317,1464.32861328125,13421.794921875,4.071633815765381,9.407630920410156,6.317120552062988
0,2318,2240.533935546875,21066.5234375,4.4627180099487305,15.609553337097168,6.6288957595825195
0,2319,1553.645751953125,14027.73828125,5.0290656089782715,8.17193603515625,8.541226387023926
0,2320,1283.0079345703125,11667.0703125,3.8766961097717285,8.804098129272461,6.175570487976074
0,2321,1508.13818359375,13910.564453125,3.9027223587036133,10.099188804626465,4.980961799621582
0,2322,1813.254150390625,16888.8359375,4.145681858062744,12.78864860534668,5.424917221069336
0,2323,1304.155029296875,11956.6328125,3.616389513015747,9.651360511779785,5.8988800048828125
0,2324,1576.4150390625,14601.73046875,3.8747305870056152,10.71561050415039,7.0149688720703125
0,2325,1510.3460693359375,13809.080078125,4.31459903717041,8.968067169189453,6.307259559631348
0,2326,1682.83349609375,15580.025390625,4.1610307693481445,12.430615425109863,6.518047332763672
0,2327,1756.603759765625,16262.9765625,4.343534469604492,12.804805755615234,4.688840866088867
0,2328,1909.8167724609375,17898.296875,3.999569892883301,14.018092155456543,7.005125999450684
0,2329,1075.012451171875,9474.677734375,4.251487731933594,6.705391883850098,6.61622428894043
0,2330,1611.212646484375,14868.375,4.145838260650635,12.2860107421875,5.52115535736084
0,2331,1685.6490478515625,15600.60546875,4.186283111572266,10.84231185913086,5.961488723754883
0,2332,1700.8538818359375,15441.2890625,5.224164962768555,13.45750617980957,5.36307430267334
0,2333,1483.4071044921875,13527.037109375,4.356779098510742,12.50339126586914,6.118129730224609
0,2334,1315.152099609375,11899.482421875,4.1734619140625,11.000170707702637,5.444023132324219
0,2335,1666.8973388671875,15238.931640625,4.766806602478027,11.292911529541016,5.257246971130371
0,2336,1208.7781982421875,11101.216796875,3.28855037689209,8.25715446472168,6.341989517211914
0,2337,1595.376953125,14589.8203125,4.5464982986450195,12.044795989990234,6.331600189208984
0,2338,1482.0970458984375,13626.974609375,3.9799859523773193,12.012575149536133,6.018976211547852
0,2339,1223.3267822265625,11004.849609375,4.094726085662842,9.73630142211914,5.4175615310668945
0,2340,1615.344482421875,14889.8671875,4.211928367614746,11.071748733520508,5.048948287963867
0,2341,1472.4871826171875,13538.244140625,3.9554240703582764,10.90527057647705,7.133354187011719
0,2342,1256.9779052734375,11409.5625,3.867387533187866,9.732950210571289,5.068182945251465
0,2343,1761.950927734375,16374.18359375,4.151084899902344,12.741693496704102,6.392454147338867
0,2344,1298.77392578125,11812.20703125,3.9184389114379883,10.708313941955566,6.494379997253418
0,2345,2085.8408203125,19486.3046875,4.573680877685547,15.142778396606445,6.313772201538086
0,2346,1374.46533203125,12585.330078125,3.8644094467163086,12.814715385437012,3.067864418029785
0,2347,1749.8143310546875,16295.90234375,4.007469177246094,12.199045181274414,5.67457389831543
0,2348,1306.5645751953125,11833.0546875,4.108633041381836,9.78083610534668,6.411993026733398
0,2349,1717.06689453125,16020.6181640625,3.83349871635437,11.188304901123047,7.517913818359375
0,2350,1499.052978515625,13794.4853515625,3.9868133068084717,10.50594425201416,4.242443084716797
0,2351,1172.459716796875,10618.775390625,3.6860718727111816,8.259462356567383,6.490896224975586
0,2352,1712.669677734375,16014.71484375,3.706604480743408,10.455318450927734,7.937560081481934
0,2353,1839.5614013671875,17253.9375,3.8055858612060547,12.81617546081543,8.103055000305176
0,2354,2047.1837158203125,19137.302734375,4.448446273803711,12.084723472595215,8.26198673248291
0,2355,1520.720947265625,13890.37109375,4.38946008682251,11.912336349487305,5.634143829345703
0,2356,1565.2840576171875,14424.400390625,4.09480094909668,11.768716812133789,5.266892433166504
0,2357,1467.579345703125,13305.173828125,4.568727970123291,9.538232803344727,7.88206672668457
0,2358,1445.439208984375,13350.7421875,3.6788318157196045,9.760953903198242,7.827786445617676
0,2359,1107.0050048828125,9858.755859375,4.03764533996582,8.162802696228027,5.7832489013671875
0,2360,1070.3935546875,9531.7939453125,3.9071407318115234,9.191774368286133,2.5643796920776367
0,2361,1839.548828125,17005.341796875,4.633819580078125,11.81968879699707,6.662332534790039
0,2362,1424.3685302734375,13038.7578125,4.01642370223999,11.323201179504395,4.7085723876953125
0,2363,1661.25439453125,15429.705078125,3.9427947998046875,11.712820053100586,6.6257429122924805
0,2364,1854.550537109375,17106.837890625,4.795557022094727,11.883260726928711,9.00457763671875
0,2365,1276.3670654296875,11573.7724609375,3.966324806213379,10.254392623901367,4.889797210693359
0,2366,1601.938232421875,14827.9423828125,3.971463680267334,11.748493194580078,4.786068916320801
0,2367,1560.95556640625,14311.1865234375,4.3278961181640625,10.814689636230469,5.403495788574219
0,2368,1591.6007080078125,14631.0615234375,4.283151626586914,12.654196739196777,5.503985404968262
0,2369,1817.4593505859375,16906.6171875,4.226587295532227,14.304720878601074,5.296075820922852
0,2370,1241.4388427734375,11284.125,3.7675442695617676,9.61334228515625,5.911045074462891
0,2371,1487.4119873046875,13634.3994140625,4.1324005126953125,10.26212215423584,7.481196403503418
0,2372,1451.966064453125,13305.474609375,4.047284126281738,10.878484725952148,5.675060272216797
0,2373,1540.51953125,14172.8525390625,4.1078104972839355,12.308035850524902,5.348897933959961
0,2374,1392.8167724609375,12601.09765625,4.423567771911621,10.343564987182617,5.692694664001465
0,2375,1253.0726318359375,11383.486328125,3.824131488800049,10.018502235412598,4.940356254577637
0,2376,1509.9608154296875,13814.62109375,4.283289909362793,12.075075149536133,4.795805931091309
0,2377,1700.6968994140625,15858.7587890625,3.8273673057556152,11.240656852722168,8.636878967285156
0,2378,1714.637451171875,16069.82421875,3.5885019302368164,12.929555892944336,6.321123123168945
0,2379,1493.45751953125,13761.00390625,3.9119038581848145,10.854177474975586,6.237192153930664
0,2380,1386.502197265625,12658.5625,4.021531105041504,10.294275283813477,5.682523727416992
0,2381,1090.2723388671875,9758.083984375,3.8154656887054443,9.124401092529297,3.9509267807006836
0,2382,1317.2447509765625,11905.4033203125,4.223476409912109,10.439516067504883,5.299631118774414
0,2383,1436.05419921875,13230.548828125,3.7666401863098145,12.103002548217773,5.1906938552856445
0,2384,1722.0399169921875,16078.2060546875,3.807307481765747,10.063863754272461,7.28519344329834
0,2385,1171.87109375,10566.5068359375,3.8406786918640137,8.482638359069824,7.8849334716796875
0,2386,1505.6878662109375,13837.88671875,4.063304901123047,11.543445587158203,4.976814270019531
0,2387,1408.83154296875,12913.873046875,3.914808750152588,11.659412384033203,4.433404922485352
0,2388,1489.0777587890625,13686.783203125,4.013314247131348,11.263153076171875,4.217617988586426
0,2389,1568.297607421875,14407.7587890625,4.250724792480469,10.108438491821289,6.407142639160156
0,2390,1482.79931640625,13634.546875,3.978151798248291,11.299960136413574,4.647960662841797
0,2391,1073.3812255859375,9536.181640625,3.9921016693115234,8.142541885375977,5.362453460693359
0,2392,1401.501220703125,12900.7978515625,3.7140464782714844,9.068397521972656,6.352532386779785
0,2393,1505.3963623046875,13833.703125,4.067531585693359,10.809769630432129,6.190862655639648
0,2394,1626.78515625,15026.865234375,4.136622905731201,11.615827560424805,5.530041694641113
0,2395,1633.9903564453125,15161.4130859375,3.9283010959625244,11.69689655303955,5.731513977050781
0,2396,1343.03369140625,11756.802734375,5.578446388244629,8.521785736083984,6.689879417419434
0,2397,1439.845947265625,13286.3564453125,3.7070107460021973,10.079885482788086,5.837846755981445
0,2398,1340.865234375,12211.5009765625,3.990502119064331,11.144779205322266,4.659760475158691
0,2399,1279.8468017578125,11663.8203125,3.782158851623535,9.715542793273926,5.096524238586426
0,2400,1494.3193359375,13777.697265625,3.8849854469299316,9.954668998718262,6.626866340637207
0,2401,1154.991943359375,10255.5263671875,4.314643383026123,5.7213568687438965,5.605965614318848
0,2402,1679.0439453125,15435.3037109375,4.517117977142334,11.768552780151367,5.9009599685668945
0,2403,1594.8751220703125,14669.0634765625,4.265624523162842,9.111961364746094,7.2997236251831055
0,2404,1377.6256103515625,12670.001953125,3.687511682510376,11.699478149414062,5.233626365661621
0,2405,1643.195068359375,15267.7763671875,3.8805789947509766,10.312028884887695,9.808477401733398
0,2406,1718.4139404296875,15906.9482421875,4.257302284240723,10.170809745788574,8.571187973022461
0,2407,1202.414794921875,10752.1513671875,4.239985466003418,10.069931030273438,4.848549842834473
0,2408,1515.7193603515625,13899.6279296875,4.191885948181152,11.917390823364258,5.26737117767334
0,2409,1482.716796875,13510.0283203125,4.39046573638916,10.780323028564453,5.078579902648926
0,2410,1402.7177734375,12765.251953125,4.206418037414551,11.345211029052734,3.7224597930908203
0,2411,1320.9539794921875,12024.001953125,3.9517903327941895,10.702729225158691,4.855001449584961
0,2412,1397.56982421875,12701.52734375,4.247237682342529,11.501298904418945,4.815580368041992
0,2413,1902.9871826171875,17721.837890625,4.360111236572266,12.944761276245117,6.25852108001709
0,2414,1684.3193359375,15588.6396484375,4.1818437576293945,11.072600364685059,6.052507400512695
0,2415,1322.4266357421875,12042.046875,3.9407289028167725,9.590841293334961,5.792409896850586
0,2416,1384.926513671875,12663.859375,3.951350212097168,10.319972038269043,4.400071144104004
0,2417,1595.670166015625,14620.6953125,4.453351974487305,11.888742446899414,5.211491584777832
0,2418,1208.4366455078125,10974.1787109375,3.7006280422210693,8.388223648071289,7.3830671310424805
0,2419,1133.9813232421875,10151.9677734375,3.959484338760376,9.47801399230957,3.956284523010254
0,2420,1516.320068359375,13893.69140625,4.231695652008057,11.824605941772461,6.410060882568359
0,2421,2483.623046875,23028.53515625,6.0256500244140625,13.658432006835938,9.412290573120117
0,2422,1441.07373046875,13063.6142578125,4.490410804748535,10.704841613769531,6.50172233581543
0,2423,1642.185791015625,15211.30859375,4.035162925720215,11.796510696411133,5.523887634277344
0,2424,1330.498779296875,11268.00390625,6.789944648742676,10.501903533935547,6.4992780685424805
0,2425,1174.834716796875,10661.93359375,3.621377944946289,11.048014640808105,5.441929817199707
0,2426,1439.841796875,13158.9736328125,4.131482124328613,11.831928253173828,5.024687767028809
0,2427,1565.02880859375,14423.0576171875,4.090767860412598,10.840770721435547,6.6229095458984375
0,2428,1542.1072998046875,14180.693359375,4.134599685668945,11.30509090423584,6.681610107421875
0,2429,1476.8687744140625,13456.1767578125,4.375038146972656,11.771427154541016,6.403385162353516
0,2430,1626.46240234375,15054.03125,4.035308361053467,11.243474960327148,6.659296035766602
0,2431,1444.572021484375,13280.1875,3.8851065635681152,9.779277801513672,7.046587944030762
0,2432,1404.8399658203125,12864.9375,3.944873571395874,10.249439239501953,5.034394264221191
0,2433,1121.7889404296875,10137.0810546875,3.602694034576416,7.684127330780029,5.327175140380859
0,2434,1273.1435546875,11473.033203125,4.194674968719482,9.646225929260254,6.9441423416137695
0,2435,1610.4176025390625,14872.3837890625,4.105971813201904,9.289081573486328,7.665970802307129
0,2436,2376.585205078125,22648.271484375,3.7252659797668457,13.834699630737305,9.93118667602539
0,2437,1318.4168701171875,11893.4287109375,4.302467346191406,9.884510040283203,5.692069053649902
0,2438,1268.767333984375,11438.462890625,4.164035320281982,10.211169242858887,5.005892753601074
0,2439,1431.825927734375,13076.17578125,4.1402788162231445,10.55360221862793,5.535724639892578
0,2440,1863.5665283203125,17402.109375,4.111854553222656,12.058206558227539,6.705452919006348
0,2441,1813.614501953125,16942.8984375,3.977485179901123,12.324066162109375,6.281562805175781
0,2442,1651.5255126953125,15307.3525390625,4.026344299316406,10.354270935058594,7.846960067749023
0,2443,1455.410400390625,13121.7451171875,4.774526119232178,12.133115768432617,5.222751617431641
0,2444,1524.3072509765625,13995.490234375,4.158604145050049,11.074503898620605,5.838404655456543
0,2445,1444.004638671875,13257.02734375,3.943394184112549,9.197988510131836,5.388509750366211
0,2446,1658.952880859375,15409.0185546875,3.9350361824035645,10.43067741394043,8.47981071472168
0,2447,1243.5648193359375,11314.76953125,3.736264705657959,9.145726203918457,5.300647735595703
0,2448,1589.5849609375,14644.0693359375,4.1725993156433105,13.506686210632324,3.2215118408203125
0,2449,1748.6075439453125,16274.55078125,4.038414001464844,9.652641296386719,7.289135932922363
0,2450,1138.5020751953125,10219.3681640625,3.885509967803955,7.924732208251953,6.213750839233398
0,2451,1147.48828125,10222.96875,4.173047065734863,9.909090042114258,5.117763519287109
0,2452,1231.2598876953125,11040.2421875,4.241185188293457,9.382396697998047,5.318746566772461
0,2453,1554.480712890625,14378.6171875,3.887300729751587,12.33516788482666,5.394519805908203
0,2454,1528.924560546875,14055.6650390625,4.111936092376709,12.367646217346191,5.759822845458984
0,2455,1481.6063232421875,13570.5712890625,4.151638507843018,9.894580841064453,6.80280876159668
0,2456,1691.133544921875,15707.162109375,4.013911724090576,12.2763671875,5.159066200256348
0,2457,1372.5626220703125,12456.2255859375,4.231335163116455,9.923480987548828,7.741621971130371
0,2458,1210.6771240234375,10918.087890625,3.9622764587402344,9.624834060668945,3.775801658630371
0,2459,1022.5137329101562,9030.84765625,3.9809651374816895,9.200040817260742,5.036298751831055
0,2460,1623.9888916015625,15001.841796875,4.126821517944336,12.099599838256836,5.741528511047363
0,2461,1614.0460205078125,14880.521484375,4.199797630310059,13.296635627746582,4.781893730163574
0,2462,1603.207763671875,14709.146484375,4.4097676277160645,11.737590789794922,5.37867546081543
0,2463,1576.7001953125,14583.1796875,3.946072578430176,12.03580379486084,6.531023979187012
0,2464,1182.8369140625,10471.8134765625,4.521852016448975,9.304946899414062,5.834853172302246
0,2465,1751.5072021484375,16290.7236328125,4.081159591674805,12.680825233459473,5.432065010070801
0,2466,1556.96728515625,14339.45703125,4.1007208824157715,10.471779823303223,6.595555305480957
0,2467,1552.5015869140625,14341.283203125,3.9457757472991943,11.690587997436523,4.515318870544434
0,2468,1828.3193359375,17058.78125,4.081371307373047,11.665244102478027,7.760489463806152
0,2469,1364.1690673828125,12424.96484375,4.055752277374268,8.78356647491455,6.8784894943237305
0,2470,1254.39501953125,11428.314453125,3.718787431716919,9.856607437133789,5.245112419128418
0,2471,1606.30224609375,14797.078125,4.219812393188477,9.89773941040039,7.322786331176758
0,2472,1589.8507080078125,14643.3828125,4.183747291564941,11.681703567504883,4.481317520141602
0,2473,1318.578857421875,11998.2958984375,3.9583089351654053,10.312666893005371,5.016569137573242
0,2474,1137.0181884765625,10124.46484375,4.152392387390137,7.501514434814453,4.968944549560547
0,2475,1200.636962890625,10734.8212890625,4.238493919372559,9.309854507446289,7.498466491699219
0,2476,1491.1090087890625,13730.5546875,3.935117244720459,10.7969388961792,6.820168495178223
0,2477,1511.23388671875,13948.732421875,3.878688335418701,10.582023620605469,6.546209335327148
0,2478,1313.2127685546875,12008.1025390625,3.7467470169067383,10.67945671081543,4.005678176879883
0,2479,1730.1678466796875,16024.5263671875,4.257175445556641,12.668603897094727,6.74666690826416
0,2480,1558.8878173828125,14419.5380859375,3.8977975845336914,9.507213592529297,6.260500907897949
0,2481,2018.7918701171875,18895.939453125,4.306595802307129,15.24799919128418,6.303196907043457
0,2482,1839.014404296875,16958.990234375,4.770511150360107,12.590789794921875,8.265174865722656
0,2483,1256.5501708984375,11284.337890625,4.270545482635498,8.973020553588867,6.30714225769043
0,2484,1047.2852783203125,9296.56640625,3.920952558517456,9.491145133972168,5.179713249206543
0,2485,1324.3165283203125,12073.2646484375,3.8996658325195312,9.865360260009766,5.840353965759277
0,2486,1581.812744140625,14593.673828125,4.081510543823242,11.099447250366211,7.932143211364746
0,2487,1350.2281494140625,12377.7587890625,3.7484078407287598,10.890464782714844,5.540789604187012
0,2488,1968.488037109375,18333.31640625,4.505213737487793,11.903191566467285,7.586949348449707
0,2489,1410.2373046875,12751.5634765625,4.5026960372924805,10.850513458251953,7.162781715393066
0,2490,1565.7158203125,14502.732421875,3.8480851650238037,11.064167976379395,6.052341461181641
0,2491,1608.955078125,14817.443359375,4.240358352661133,12.409444808959961,4.420076370239258
0,2492,1475.3135986328125,13637.4140625,3.719072103500366,10.964640617370605,6.887755393981934
0,2493,1060.635986328125,9424.125,3.9407801628112793,8.90716552734375,4.167024612426758
0,2494,1209.9710693359375,10952.37890625,3.8244402408599854,8.82458782196045,5.548517227172852
0,2495,1389.0595703125,12788.4052734375,3.673966407775879,9.055513381958008,6.672846794128418
0,2496,1493.4886474609375,13790.40625,3.814934015274048,10.926908493041992,6.441839218139648
0,2497,1530.25341796875,14047.38671875,4.18382453918457,12.02529525756836,6.213466644287109
0,2498,1680.5352783203125,15620.81640625,3.948453903198242,11.49943733215332,6.165765762329102
0,2499,1655.6072998046875,15434.8818359375,3.737304449081421,10.333051681518555,7.288113594055176
0,2500,2105.697265625,19594.2734375,4.8756608963012695,14.777738571166992,5.980527877807617
0,2501,1321.361083984375,12041.98828125,3.905406951904297,10.958927154541016,4.595130920410156
0,2502,1376.051513671875,12548.6416015625,4.039580821990967,11.66667652130127,5.458880424499512
0,2503,1185.2596435546875,10512.056640625,4.468466281890869,8.600496292114258,4.515036582946777
0,2504,1383.1563720703125,12672.9140625,3.862165927886963,9.928425788879395,4.741281509399414
0,2505,1232.016357421875,10823.83984375,4.987743377685547,9.384334564208984,4.142572402954102
0,2506,1590.4661865234375,14559.70703125,4.483182907104492,11.610280990600586,5.214048385620117
0,2507,977.3076782226562,8533.083984375,4.133308410644531,8.310094833374023,4.814938545227051
0,2508,1353.431884765625,11767.8720703125,5.888154029846191,10.474609375,5.436038970947266
0,2509,1366.20751953125,12462.20703125,3.9995601177215576,11.04902172088623,3.899174690246582
0,2510,1016.8447875976562,8832.94140625,4.451688766479492,6.749153137207031,5.639568328857422
0,2511,1717.8878173828125,15873.5078125,4.35123348236084,13.367372512817383,5.077939033508301
0,2512,1524.8922119140625,14035.1611328125,4.045868873596191,11.843184471130371,5.34459114074707
0,2513,1413.553466796875,13012.56640625,3.7432260513305664,8.752760887145996,7.8318939208984375
0,2514,1219.76904296875,10876.708984375,4.403273582458496,9.337156295776367,4.391061782836914
0,2515,1731.02978515625,16118.779296875,3.9717278480529785,14.004281997680664,5.586932182312012
0,2516,1479.009033203125,13437.4580078125,4.508771896362305,10.980515480041504,4.842564582824707
0,2517,1466.0352783203125,13337.841796875,4.4083709716796875,10.341008186340332,7.7947587966918945
0,2518,1441.932373046875,13206.8046875,4.041728973388672,11.742216110229492,6.023830413818359
0,2519,1571.13916015625,14427.9150390625,4.278254508972168,11.475502014160156,4.966011047363281
0,2520,1701.87158203125,15841.916015625,3.922664165496826,11.247332572937012,7.144495010375977
0,2521,963.8831176757812,8386.1142578125,4.175722599029541,7.0301833152771,6.6768693923950195
0,2522,1499.6668701171875,13759.857421875,4.122704982757568,11.902654647827148,6.044220924377441
0,2523,1714.9019775390625,15771.642578125,4.591254711151123,11.620939254760742,7.038665771484375
0,2524,1367.6363525390625,12447.1845703125,4.097263336181641,8.643178939819336,4.942193984985352
0,2525,1431.3753662109375,13189.1015625,3.7488389015197754,12.859957695007324,4.675541877746582
0,2526,2048.436279296875,19204.61328125,4.265830039978027,13.656017303466797,7.114166259765625
0,2527,1708.22119140625,15957.658203125,3.7485122680664062,10.907352447509766,8.311543464660645
0,2528,1602.1268310546875,14702.326171875,4.39647102355957,11.859829902648926,7.025585174560547
0,2529,1138.8709716796875,10151.3896484375,4.124398708343506,8.953683853149414,4.925658226013184
0,2530,1225.6861572265625,11168.0673828125,3.6293141841888428,10.100923538208008,4.825777053833008
0,2531,2028.80517578125,18929.46875,4.528608322143555,12.967201232910156,8.851358413696289
0,2532,1198.4332275390625,10926.1904296875,3.527139663696289,8.825510025024414,5.470525741577148
0,2533,2019.0726318359375,18445.751953125,5.816581726074219,13.275491714477539,7.845273017883301
0,2534,1826.3465576171875,17010.044921875,4.178068161010742,12.227004051208496,7.591501235961914
0,2535,1319.2738037109375,12100.1298828125,3.6420230865478516,8.009428024291992,9.375079154968262
0,2536,2220.546875,20854.2109375,4.504188537597656,12.70133113861084,10.362585067749023
0,2537,1759.4849853515625,16430.30078125,3.881828784942627,11.786637306213379,8.048320770263672
0,2538,1543.1673583984375,14143.4638671875,4.294030666351318,11.548162460327148,5.622244834899902
0,2539,1778.0087890625,16459.02734375,4.403533935546875,9.262035369873047,9.347065925598145
0,2540,1725.80224609375,16056.6796875,4.004476547241211,11.964279174804688,6.01894474029541
0,2541,1189.4066162109375,10733.11328125,3.8698391914367676,9.93400764465332,6.3724517822265625
0,2542,1884.2354736328125,17691.162109375,3.837308406829834,12.779083251953125,5.899806976318359
0,2543,1494.38720703125,13786.125,3.8591554164886475,10.53697395324707,6.136040687561035
0,2544,1400.9180908203125,12801.697265625,4.024942398071289,12.344717025756836,4.9897871017456055
0,2545,1885.6619873046875,17511.89453125,4.482418537139893,11.669328689575195,9.348603248596191
0,2546,1165.2913818359375,10468.732421875,3.947269916534424,8.813674926757812,4.281777381896973
0,2547,1979.9210205078125,18556.28515625,4.143084526062012,14.080297470092773,5.97176456451416
0,2548,1183.9986572265625,10504.5263671875,4.451534748077393,9.579705238342285,4.547457695007324
0,2549,1328.8409423828125,12211.91796875,3.5883071422576904,9.224709510803223,6.28220272064209
0,2550,1481.908447265625,13590.7109375,4.094574928283691,9.408885955810547,7.631124496459961
0,2551,1654.2152099609375,15314.05859375,4.093646049499512,12.494952201843262,6.22715950012207
0,2552,1698.550048828125,15728.4765625,4.190077781677246,13.973784446716309,5.237729072570801
0,2553,1402.0191650390625,12717.953125,4.340795040130615,10.414066314697266,3.912299156188965
0,2554,1989.254150390625,18605.859375,4.288941383361816,14.31097412109375,6.762678146362305
0,2555,1700.7576904296875,15760.5517578125,4.1567511558532715,12.201669692993164,6.111573219299316
0,2556,1519.65576171875,13945.71484375,4.169475555419922,12.774725914001465,5.405800819396973
0,2557,1416.1141357421875,13060.8271484375,3.667710781097412,10.151809692382812,6.266595840454102
0,2558,2535.9658203125,24070.11328125,4.298480987548828,15.645986557006836,8.171897888183594
0,2559,2086.85302734375,19707.552734375,3.8699283599853516,13.538381576538086,8.46288013458252
0,2560,1415.255615234375,12880.6982421875,4.239524841308594,12.136435508728027,5.096344947814941
0,2561,1353.030517578125,12414.9296875,3.71791410446167,11.44965934753418,3.5765504837036133
0,2562,1463.923828125,13519.9052734375,3.7311062812805176,11.02036190032959,6.948554992675781
0,2563,1609.1826171875,14952.7265625,3.7969987392425537,11.533981323242188,6.706506729125977
0,2564,1619.783203125,14949.3828125,4.16149377822876,11.073549270629883,6.893332481384277
0,2565,1801.376708984375,16799.748046875,4.046727180480957,12.7619047164917,5.684597969055176
0,2566,1983.013427734375,18631.853515625,3.9942684173583984,12.443799018859863,7.494572639465332
0,2567,1586.81298828125,14664.841796875,4.010956764221191,11.1662015914917,5.781771659851074
0,2568,1232.0198974609375,11160.013671875,3.867284059524536,10.184504508972168,3.9272470474243164
0,2569,1361.316162109375,12430.4951171875,3.9422197341918945,8.59070873260498,6.169692039489746
0,2570,1936.7952880859375,18069.708984375,4.327478885650635,14.228973388671875,5.850057601928711
0,2571,2174.778076171875,20392.75390625,4.516759395599365,14.132109642028809,8.452605247497559
0,2572,1277.8717041015625,11487.384765625,4.304437637329102,8.044097900390625,6.145225524902344
0,2573,1458.50634765625,13401.607421875,3.9448533058166504,10.414734840393066,7.32621955871582
0,2574,1635.7000732421875,15069.8408203125,4.29053258895874,11.470701217651367,5.388951301574707
0,2575,1685.813232421875,15455.521484375,4.675368785858154,10.893009185791016,8.966322898864746
0,2576,1891.5745849609375,17767.77734375,3.826563835144043,13.770572662353516,6.050821304321289
0,2577,1992.126953125,18724.826171875,3.988142967224121,14.95600700378418,6.083483695983887
0,2578,1388.8128662109375,12722.0732421875,3.886847972869873,10.764707565307617,5.83608341217041
0,2579,1277.9515380859375,11538.65625,4.1361985206604,9.242159843444824,7.203949928283691
0,2580,1221.575927734375,11035.974609375,3.9326119422912598,8.927578926086426,5.950152397155762
0,2581,1445.816162109375,12936.2158203125,5.073153495788574,12.355478286743164,5.551779747009277
0,2582,1846.5821533203125,17252.271484375,4.045165538787842,12.722253799438477,5.994312286376953
0,2583,1643.11767578125,15239.1806640625,3.9733190536499023,11.153870582580566,7.89663028717041
0,2584,1756.8336181640625,16374.6064453125,3.9790966510772705,11.286945343017578,7.325873374938965
0,2585,1488.75830078125,13584.5537109375,4.343429088592529,10.142762184143066,4.952783584594727
0,2586,1581.804443359375,14552.609375,4.218114852905273,12.475536346435547,4.6018476486206055
0,2587,1559.8084716796875,14406.638671875,3.971484422683716,10.89271354675293,6.611705780029297
0,2588,1425.07421875,13038.3876953125,4.041182518005371,10.864582061767578,6.567533493041992
0,2589,1860.2110595703125,17418.177734375,3.946444511413574,12.986929893493652,6.4297685623168945
0,2590,1826.7857666015625,17099.5234375,3.8944458961486816,10.387619018554688,8.754051208496094
0,2591,1605.8797607421875,14790.6435546875,4.227181911468506,10.489970207214355,8.035835266113281
0,2592,1358.8934326171875,12466.833984375,3.7403321266174316,9.366401672363281,7.464241981506348
0,2593,1348.3916015625,12136.8740234375,4.490142345428467,9.894160270690918,4.92369270324707
0,2594,1453.4556884765625,13264.40625,4.233832359313965,9.720314979553223,5.800098419189453
0,2595,1454.513671875,13252.33203125,4.309346675872803,11.006575584411621,5.979938507080078
0,2596,1261.311767578125,11342.044921875,4.236908912658691,8.502952575683594,5.630403518676758
0,2597,1397.2850341796875,12691.009765625,4.272803783416748,10.240351676940918,4.481544494628906
0,2598,1254.4779052734375,11391.34375,3.8447823524475098,8.778008460998535,7.588371276855469
0,2599,1598.8404541015625,14601.8212890625,4.621944427490234,12.162885665893555,5.146945953369141
0,2600,1457.380859375,13380.865234375,3.9764761924743652,11.27701473236084,6.349998474121094
0,2601,1255.731689453125,11356.640625,4.002252101898193,10.752618789672852,4.820731163024902
0,2602,1347.1986083984375,12212.2568359375,4.199095249176025,11.680281639099121,4.711731910705566
0,2603,1392.943359375,12769.994140625,3.864799976348877,10.512226104736328,4.214595794677734
0,2604,1502.11328125,13927.416015625,3.645721912384033,10.186952590942383,6.295297622680664
0,2605,1902.8663330078125,17785.466796875,4.14398717880249,13.293379783630371,5.196488380432129
0,2606,1368.537109375,12447.509765625,4.126202583312988,11.78668212890625,3.626032829284668
0,2607,1376.8974609375,12607.7216796875,3.8708407878875732,10.11422348022461,8.609517097473145
0,2608,1312.9434814453125,12034.6767578125,3.649195432662964,10.01307487487793,6.543396949768066
0,2609,1083.408447265625,9616.9794921875,4.057017803192139,8.92466926574707,4.591108322143555
0,2610,1296.30029296875,11806.046875,3.8565192222595215,10.2655029296875,4.0647077560424805
0,2611,1604.146484375,14756.7900390625,4.282247066497803,12.535577774047852,6.140091896057129
0,2612,1377.1031494140625,12633.6416015625,3.79130220413208,11.190120697021484,5.574550628662109
0,2613,1184.2763671875,10593.146484375,4.165388584136963,10.144657135009766,4.585278511047363
0,2614,1306.802001953125,11948.0732421875,3.7331554889678955,10.805011749267578,5.195958137512207
0,2615,1626.2921142578125,14948.06640625,4.382848739624023,12.02796745300293,7.57227897644043
0,2616,1534.960205078125,14253.60546875,3.653318405151367,12.584315299987793,4.228259086608887
0,2617,1701.3067626953125,15903.203125,3.69954776763916,12.728599548339844,5.771013259887695
0,2618,1356.4586181640625,12396.20703125,3.8945982456207275,8.406454086303711,7.123574256896973
0,2619,1792.2708740234375,16541.310546875,4.604659557342529,13.445865631103516,4.98995304107666
0,2620,1400.972412109375,12799.9375,4.032623291015625,10.081766128540039,5.5569915771484375
0,2621,2431.96533203125,23015.58984375,4.3468780517578125,15.462493896484375,7.497832298278809
0,2622,1710.27587890625,15899.798828125,4.0098652839660645,13.291269302368164,6.029475212097168
0,2623,1830.0223388671875,17069.16015625,4.103545188903809,13.083322525024414,5.864676475524902
0,2624,1825.7530517578125,17066.84765625,3.9689414501190186,13.161792755126953,8.923068046569824
0,2625,1563.0323486328125,14289.0791015625,4.470812797546387,10.122143745422363,6.0384521484375
0,2626,1699.3343505859375,15779.26953125,4.046913146972656,12.792226791381836,5.618504524230957
0,2627,1636.9039306640625,15179.60546875,3.9647793769836426,11.866804122924805,7.298130989074707
0,2628,1144.11181640625,10306.2783203125,3.7828011512756348,10.105450630187988,5.036195755004883
0,2629,1431.5567626953125,13170.673828125,3.8163113594055176,10.72215461730957,5.60523796081543
0,2630,1557.3018798828125,14406.357421875,3.888869524002075,9.201247215270996,8.14983081817627
0,2631,1633.666015625,15259.1328125,3.591756820678711,11.189224243164062,6.848899841308594
0,2632,1226.38525390625,11036.255859375,4.0919880867004395,9.980854988098145,4.817671775817871
0,2633,1151.7489013671875,10376.689453125,3.8026652336120605,9.404605865478516,4.244688034057617
0,2634,1633.02490234375,15118.51171875,4.039122581481934,12.408843994140625,6.158637046813965
0,2635,1537.8443603515625,14233.478515625,3.816549062728882,9.700239181518555,6.619507789611816
0,2636,1902.7548828125,17765.091796875,4.208191871643066,13.427410125732422,6.306460380554199
0,2637,1374.03857421875,12409.1552734375,4.437436103820801,10.893672943115234,4.180665969848633
0,2638,1351.07861328125,12331.212890625,3.9319071769714355,9.562793731689453,6.624831199645996
0,2639,1309.6072998046875,11947.5947265625,3.828258514404297,12.132030487060547,4.410592079162598
0,2640,1546.9637451171875,14165.5458984375,4.34697151184082,11.270551681518555,5.39484977722168
0,2641,1739.602783203125,15979.009765625,4.723392486572266,12.781787872314453,4.544839859008789
0,2642,1470.1324462890625,13608.982421875,3.6411380767822266,12.150580406188965,4.938016891479492
0,2643,1414.6005859375,12980.93359375,3.8835716247558594,11.485708236694336,4.053106307983398
0,2644,1692.3182373046875,15669.4833984375,4.178994655609131,12.919105529785156,5.1617231369018555
0,2645,1419.537353515625,12511.9404296875,5.6114420890808105,11.636009216308594,3.3939027786254883
0,2646,1393.829833984375,12763.373046875,3.9164180755615234,9.993127822875977,6.357705116271973
0,2647,1446.15087890625,13143.22265625,4.394286155700684,11.602514266967773,3.9808568954467773
0,2648,1391.642333984375,12572.3486328125,4.48024845123291,11.665912628173828,5.876124382019043
0,2649,1075.74462890625,9551.17578125,4.020900726318359,8.193809509277344,7.083303451538086
0,2650,1250.9150390625,11250.072265625,4.196926116943359,9.031461715698242,5.281835556030273
0,2651,1786.0465087890625,16476.234375,4.614101886749268,13.977021217346191,5.642070770263672
0,2652,1221.1171875,11035.015625,3.920520782470703,10.3493070602417,4.63133430480957
0,2653,1036.853271484375,9290.228515625,3.5943470001220703,10.377951622009277,4.295992851257324
0,2654,1578.002197265625,14457.953125,4.406896114349365,12.030998229980469,6.249687194824219
0,2655,1537.12109375,14158.498046875,4.042374134063721,9.992916107177734,7.219600677490234
0,2656,1444.7232666015625,13213.943359375,4.1109619140625,10.276585578918457,6.558224678039551
0,2657,1527.9775390625,13952.421875,4.424513816833496,11.379693031311035,5.395740509033203
0,2658,1146.1552734375,10326.9716796875,3.781937599182129,7.527589797973633,6.07611083984375
0,2659,1508.5660400390625,13967.0068359375,3.7288458347320557,11.340876579284668,6.294547080993652
0,2660,1851.318359375,17286.568359375,4.088717460632324,13.043166160583496,6.074924468994141
0,2661,1440.18310546875,13082.763671875,4.396890640258789,9.761505126953125,6.521632194519043
0,2662,1680.60009765625,15132.9365234375,5.576879501342773,10.276446342468262,6.7623138427734375
0,2663,1553.3023681640625,14318.43359375,4.048632621765137,11.263847351074219,5.361748695373535
0,2664,1460.6951904296875,13353.384765625,4.1785569190979,11.74335765838623,2.8934974670410156
0,2665,1236.878662109375,11204.802734375,3.8799450397491455,10.20017147064209,2.566865921020508
0,2666,1802.793701171875,16871.853515625,3.8536107540130615,12.40402889251709,7.50617790222168
0,2667,1333.121337890625,12181.537109375,3.8322558403015137,8.371561050415039,7.07049560546875
0,2668,1334.10009765625,12024.6318359375,4.387895584106445,9.598892211914062,5.296814918518066
0,2669,1203.068603515625,10831.39453125,3.9976372718811035,8.3671875,5.718971252441406
0,2670,1054.432861328125,9292.091796875,4.174123764038086,9.571430206298828,3.6250600814819336
0,2671,1371.6134033203125,12544.474609375,3.9055299758911133,10.878450393676758,5.883121490478516
0,2672,1157.1856689453125,10365.580078125,4.0209245681762695,10.165095329284668,4.291045188903809
0,2673,1367.779541015625,12323.69140625,4.513680458068848,9.471625328063965,6.734749794006348
0,2674,1799.54296875,16666.13671875,4.4309773445129395,14.824378967285156,4.686619758605957
0,2675,1447.60498046875,13276.0908203125,3.999859571456909,11.686200141906738,5.6422834396362305
0,2676,1388.9759521484375,12717.7548828125,3.9066829681396484,10.051238059997559,6.023273468017578
0,2677,1462.93505859375,13420.01953125,4.031103134155273,10.088005065917969,6.29155158996582
0,2678,1727.9078369140625,16125.255859375,3.8460745811462402,12.901487350463867,5.546286582946777
0,2679,1529.8154296875,14117.7470703125,3.9346871376037598,11.007575035095215,7.378816604614258
0,2680,1662.0740966796875,15444.3125,3.9214272499084473,13.976475715637207,5.553802490234375
0,2681,1462.43603515625,13302.6875,4.40557336807251,10.964448928833008,5.767359733581543
0,2682,1281.1864013671875,11698.72265625,3.7104711532592773,10.367030143737793,4.07097053527832
0,2683,1228.5980224609375,11118.8642578125,3.890383243560791,10.503644943237305,6.2744340896606445
0,2684,1671.5025634765625,15556.9658203125,3.8601973056793213,11.527780532836914,5.504657745361328
0,2685,1402.1268310546875,12680.6494140625,4.468729496002197,11.395103454589844,6.310535430908203
0,2686,1140.2685546875,10322.833984375,3.5995054244995117,9.825980186462402,5.003260612487793
0,2687,1690.7901611328125,15679.634765625,4.094222068786621,12.718916893005371,7.063544273376465
0,2688,1310.4610595703125,11814.927734375,4.298940658569336,10.138938903808594,5.317198753356934
0,2689,1764.8143310546875,16228.1826171875,4.733202934265137,11.84463119506836,7.461270332336426
0,2690,1504.1893310546875,13591.8046875,4.833627223968506,12.139841079711914,6.6162919998168945
0,2691,1541.177490234375,14145.5234375,4.2208356857299805,13.021400451660156,4.517817497253418
0,2692,1690.798583984375,15571.541015625,4.454812049865723,12.358383178710938,5.5203351974487305
0,2693,1492.4935302734375,13589.888671875,4.450153827667236,10.678435325622559,5.502067565917969
0,2694,1134.747314453125,10108.4189453125,4.130180358886719,10.990514755249023,2.7358903884887695
0,2695,2216.38818359375,20871.515625,4.307886600494385,16.924713134765625,5.5367631912231445
0,2696,1758.631591796875,16267.421875,4.396312713623047,12.130244255065918,6.848637580871582
0,2697,1683.8504638671875,15651.162109375,3.9578070640563965,12.984806060791016,4.883443832397461
0,2698,1386.8519287109375,12468.51953125,4.666666507720947,9.996172904968262,5.741583824157715
0,2699,1657.056640625,15380.916015625,3.965496778488159,11.053518295288086,5.9610090255737305
0,2700,1855.722412109375,13277.125,17.600330352783203,13.999135971069336,3.741644859313965
0,2701,1356.718017578125,12334.6884765625,4.108303546905518,11.890962600708008,6.584207534790039
0,2702,1289.959716796875,11599.681640625,4.3330535888671875,10.753924369812012,6.0625410079956055
0,2703,1925.3250732421875,17867.2890625,4.619871616363525,13.099985122680664,7.228667259216309
0,2704,1129.46533203125,10160.044921875,3.7820253372192383,8.451099395751953,4.5035400390625
0,2705,1360.052001953125,12345.095703125,4.184746265411377,9.634017944335938,4.448509216308594
0,2706,1420.0968017578125,12967.341796875,4.112083435058594,9.821701049804688,5.2433271408081055
0,2707,1939.4130859375,18121.068359375,4.24354362487793,10.255362510681152,8.426651954650879
0,2708,1734.001220703125,15457.38671875,6.275419235229492,12.202950477600098,5.9196977615356445
0,2709,1207.7191162109375,10731.3828125,4.486025810241699,11.498321533203125,4.929403305053711
0,2710,1149.74658203125,10235.4423828125,4.206743240356445,8.861795425415039,5.168201446533203
0,2711,1376.2454833984375,12438.7841796875,4.412234783172607,11.70831298828125,5.416070938110352
0,2712,1391.13916015625,12656.2587890625,4.183777809143066,9.442090034484863,7.764400482177734
0,2713,1523.077392578125,13816.40234375,4.714569091796875,12.252586364746094,4.050327301025391
0,2714,1325.2701416015625,12187.6875,3.5500457286834717,9.28997802734375,5.3179168701171875
0,2715,1506.3863525390625,13906.333984375,3.858430862426758,12.436699867248535,4.687997817993164
0,2716,1503.54345703125,13705.7265625,4.432361602783203,9.738411903381348,8.301363945007324
0,2717,1823.435546875,16942.1171875,4.307458877563477,10.468836784362793,7.948758125305176
0,2718,1640.6402587890625,15174.43359375,4.106564044952393,12.23117733001709,5.7149200439453125
0,2719,1621.2406005859375,13508.20703125,9.013998031616211,12.18818473815918,4.514312744140625
0,2720,1404.6396484375,12782.35546875,4.213468074798584,10.662266731262207,6.190220832824707
0,2721,2006.9876708984375,18864.115234375,4.0192060470581055,12.69650650024414,7.359816551208496
0,2722,2269.441162109375,21565.640625,3.7625627517700195,13.152945518493652,7.833661079406738
0,2723,1323.84423828125,12003.7197265625,4.115744590759277,9.160587310791016,7.663466453552246
0,2724,1530.8919677734375,13880.048828125,4.762903213500977,11.385529518127441,4.539884567260742
0,2725,1638.78955078125,15261.462890625,3.754775047302246,12.035741806030273,6.011970520019531
0,2726,1656.3197021484375,15264.2841796875,4.32970666885376,11.488412857055664,5.508601188659668
0,2727,1338.3388671875,12002.4951171875,4.60297966003418,9.542448997497559,4.912412643432617
0,2728,1444.2921142578125,13239.0166015625,4.013011932373047,10.47459602355957,5.025877952575684
0,2729,1276.84619140625,11540.6171875,4.092813014984131,9.444421768188477,4.351439476013184
0,2730,1753.041015625,16225.625,4.349282264709473,13.34875202178955,5.803235054016113
0,2731,1334.53515625,12072.337890625,4.243377685546875,9.199438095092773,6.9511613845825195
0,2732,1100.5859375,9915.306640625,3.6351757049560547,9.37259292602539,3.6630382537841797
0,2733,1519.57861328125,13962.7734375,4.11004114151001,11.095048904418945,7.063956260681152
0,2734,1401.1041259765625,12730.30859375,4.269106388092041,11.976841926574707,4.270209312438965
0,2735,1413.6473388671875,12941.775390625,3.9823241233825684,11.876850128173828,5.811012268066406
0,2736,1381.1856689453125,12657.7158203125,3.8471364974975586,11.614895820617676,6.688202857971191
0,2737,1737.35546875,16232.42578125,3.8037633895874023,13.49544620513916,6.050312042236328
0,2738,1347.8236083984375,12229.1845703125,4.163504123687744,11.227788925170898,6.704804420471191
0,2739,1006.9080200195312,8910.6064453125,3.8615779876708984,8.1636962890625,5.119029998779297
0,2740,1167.090087890625,10460.2373046875,4.035542964935303,10.559011459350586,4.85017204284668
0,2741,1622.8104248046875,15002.0732421875,4.086766719818115,10.491460800170898,8.428462982177734
0,2742,1473.3892822265625,13573.626953125,3.867553949356079,12.447033882141113,5.179121017456055
0,2743,1941.6746826171875,18095.0,4.405824184417725,13.640740394592285,6.122961044311523
0,2744,1236.45654296875,11106.068359375,4.194990634918213,9.404745101928711,5.513568878173828
0,2745,1749.5216064453125,16192.73828125,4.341593265533447,11.499098777770996,7.325289726257324
0,2746,1400.208251953125,12840.8427734375,3.8707971572875977,10.149017333984375,5.751307487487793
0,2747,1144.0914306640625,10164.3203125,4.255311965942383,9.020780563354492,5.275996208190918
0,2748,1481.8778076171875,13601.353515625,4.058080196380615,12.386428833007812,6.011092185974121
0,2749,1349.51708984375,12332.3271484375,3.8761420249938965,10.129386901855469,3.7214107513427734
0,2750,1919.5955810546875,18012.5,3.9448533058166504,12.93173599243164,8.585208892822266
0,2751,2527.01123046875,23918.31640625,4.505981922149658,14.145055770874023,11.722253799438477
0,2752,1654.7708740234375,15416.7861328125,3.7697441577911377,11.859155654907227,7.140591621398926
0,2753,1376.2847900390625,12615.265625,3.8252711296081543,9.456987380981445,7.455157279968262
0,2754,1173.590087890625,10624.427734375,3.7049121856689453,9.048640251159668,6.544781684875488
0,2755,1228.3656005859375,11128.3115234375,3.8511464595794678,9.71422004699707,5.21254825592041
0,2756,1887.4835205078125,17777.88671875,3.6564924716949463,12.769671440124512,7.114626884460449
0,2757,1705.329833984375,15764.177734375,4.297067642211914,11.577474594116211,7.767350196838379
0,2758,1457.74755859375,13344.390625,4.110282897949219,10.634576797485352,6.230649948120117
0,2759,1726.423828125,16102.0859375,3.873840570449829,10.423107147216797,9.016643524169922
0,2760,1643.0816650390625,15196.97265625,4.11281156539917,11.685938835144043,6.583732604980469
0,2761,1592.52685546875,14715.669921875,4.031994819641113,12.09122371673584,5.607539176940918
0,2762,1525.1380615234375,13900.1220703125,4.5041961669921875,12.82321548461914,4.303003311157227
0,2763,1545.372314453125,14248.490234375,4.0174455642700195,11.302913665771484,5.442564010620117
0,2764,1633.2701416015625,15152.263671875,3.934788465499878,12.868820190429688,4.890927314758301
0,2765,1253.935302734375,11428.875,3.701590061187744,10.69218635559082,4.444460868835449
0,2766,1725.42822265625,16070.73828125,3.9451475143432617,14.209854125976562,6.501532554626465
0,2767,2054.659912109375,19398.53125,3.8268909454345703,12.585165023803711,8.597121238708496
0,2768,1257.94189453125,11423.02734375,3.8546390533447266,10.609796524047852,5.567588806152344
0,2769,1541.74365234375,13923.7568359375,4.978930473327637,12.295065879821777,5.834511756896973
0,2770,1370.55615234375,12554.619140625,3.8364734649658203,9.691909790039062,6.046604156494141
0,2771,1123.6729736328125,10157.44140625,3.597628116607666,9.470391273498535,4.941745758056641
0,2772,1419.80224609375,13008.6845703125,3.9644570350646973,11.046913146972656,4.132061004638672
0,2773,1276.73583984375,11664.42578125,3.676440715789795,11.370572090148926,3.454218864440918
0,2774,1663.643798828125,15400.18359375,4.120847702026367,11.717964172363281,6.383510589599609
0,2775,1364.345458984375,12477.580078125,3.886246919631958,9.118006706237793,6.529142379760742
0,2776,1214.9959716796875,10841.16015625,4.362663269042969,10.702558517456055,4.182469367980957
0,2777,1400.18505859375,12847.84375,3.8466861248016357,10.315337181091309,8.519518852233887
0,2778,1302.884765625,11711.5498046875,4.390991687774658,9.356826782226562,6.626228332519531
0,2779,1484.491943359375,13509.6005859375,4.4510602951049805,11.922443389892578,5.517669677734375
0,2780,1537.5240478515625,13699.67578125,5.585212707519531,10.081892013549805,7.86827278137207
0,2781,1237.391845703125,11153.0498046875,4.069560527801514,10.72299861907959,4.5135602951049805
0,2782,1708.2633056640625,15913.4853515625,3.8971610069274902,11.544013977050781,6.771484375
0,2783,1847.9488525390625,17192.734375,4.289180278778076,14.415761947631836,6.642575263977051
0,2784,1308.541015625,11938.40625,3.823343276977539,10.025713920593262,6.698755264282227
0,2785,1253.296630859375,11387.134765625,3.8194384574890137,10.478321075439453,5.103301048278809
0,2786,1727.6768798828125,15973.9609375,4.3426923751831055,12.463153839111328,5.723337173461914
0,2787,1340.92919921875,12205.091796875,4.01400089263916,10.43912124633789,6.015715599060059
0,2788,1472.77978515625,13449.2958984375,4.261673450469971,12.16891098022461,5.811519622802734
0,2789,1780.7618408203125,16617.193359375,3.968080997467041,12.64730453491211,4.5086259841918945
0,2790,1729.41162109375,16050.29296875,4.146078109741211,14.02723503112793,5.446099281311035
0,2791,1641.017333984375,15226.55859375,3.9453837871551514,12.304916381835938,6.088107109069824
0,2792,1431.06982421875,12979.6396484375,4.436860084533691,13.04629135131836,4.630497932434082
0,2793,1507.923828125,13840.3515625,4.129623889923096,10.830700874328613,5.784658432006836
0,2794,1333.8189697265625,12012.52734375,4.418872833251953,9.965217590332031,4.530250549316406
0,2795,1814.382080078125,16924.046875,4.065915584564209,12.327554702758789,6.498246192932129
0,2796,1723.50146484375,15896.544921875,4.461564064025879,12.945579528808594,7.32994270324707
0,2797,1348.572998046875,12226.3115234375,4.19805908203125,10.506793975830078,5.677944183349609
0,2798,1363.8992919921875,12434.7177734375,4.014247894287109,9.656820297241211,5.164778709411621
0,2799,1360.0589599609375,12356.802734375,4.145956039428711,10.375539779663086,5.219877243041992
0,2800,1347.566162109375,12196.513671875,4.263824462890625,10.962478637695312,3.679523468017578
0,2801,1438.7255859375,13255.943359375,3.7710418701171875,11.049123764038086,6.752899169921875
0,2802,1040.869384765625,9236.8564453125,3.906125783920288,8.2579984664917,6.571869850158691
0,2803,1335.4556884765625,12020.6943359375,4.44620943069458,9.151080131530762,5.743443489074707
0,2804,1535.45703125,14125.3173828125,4.097508907318115,11.183890342712402,5.109036445617676
0,2805,1400.9498291015625,12716.40234375,4.3103179931640625,10.313827514648438,6.618013381958008
0,2806,1433.6817626953125,13189.7255859375,3.823639392852783,10.036048889160156,6.551675796508789
0,2807,1224.0499267578125,11105.455078125,3.7834792137145996,9.466619491577148,4.220149993896484
0,2808,1921.703125,18022.607421875,3.9814107418060303,12.673721313476562,8.2372407913208
0,2809,1775.3560791015625,16214.0703125,5.131631851196289,11.537379264831543,6.179812431335449
0,2810,1588.1339111328125,14666.298828125,4.050134181976318,11.86519718170166,5.825356483459473
0,2811,1382.5362548828125,12659.78515625,3.885258197784424,9.431671142578125,6.6889448165893555
0,2812,1118.72119140625,10100.8173828125,3.621316432952881,9.780037879943848,3.329610824584961
0,2813,1453.674072265625,13347.7880859375,3.963174343109131,11.318948745727539,6.262622833251953
0,2814,1692.9888916015625,15758.943359375,3.9031498432159424,11.374927520751953,6.917459487915039
0,2815,1831.1107177734375,17077.21875,4.112960338592529,13.725479125976562,5.6233110427856445
0,2816,1278.5531005859375,11641.76171875,3.8125648498535156,11.579887390136719,3.576343536376953
0,2817,1189.9346923828125,10700.9833984375,3.9945430755615234,8.381746292114258,5.158846855163574
0,2818,1125.2703857421875,10192.52734375,3.5339226722717285,10.161909103393555,4.785447120666504
0,2819,1200.021728515625,10730.193359375,4.233412742614746,10.387300491333008,4.302617073059082
0,2820,1283.6072998046875,11599.515625,4.121858596801758,10.044511795043945,4.488746643066406
0,2821,1274.1075439453125,11582.9140625,3.8605401515960693,9.270499229431152,5.756389617919922
0,2822,1594.6033935546875,14488.2998046875,4.859114170074463,13.727590560913086,4.398399353027344
0,2823,1165.865478515625,10442.1591796875,4.054985046386719,10.523697853088379,4.921716690063477
0,2824,1566.471923828125,14172.8271484375,4.972972869873047,12.53150749206543,4.864635467529297
0,2825,1602.1051025390625,14736.6171875,4.281444072723389,12.101448059082031,6.245765686035156
0,2826,1194.4439697265625,10772.2890625,3.907168388366699,10.763772964477539,4.082252502441406
0,2827,1361.6044921875,12144.978515625,4.9035539627075195,11.345473289489746,3.407750129699707
0,2828,1421.4124755859375,13093.46875,3.7355189323425293,9.649030685424805,4.681389808654785
0,2829,1690.6016845703125,15657.814453125,4.160674095153809,11.845050811767578,7.377565383911133
0,2830,1254.8558349609375,11271.9345703125,4.255410194396973,11.558778762817383,4.098123550415039
0,2831,1120.0721435546875,10181.7373046875,3.396611452102661,9.102500915527344,4.895356178283691
0,2832,1501.7757568359375,13797.95703125,4.065999984741211,10.811304092407227,4.131805419921875
0,2833,1240.990966796875,11118.416015625,4.304975509643555,11.026933670043945,3.43886661529541
0,2834,1366.0859375,12308.5595703125,4.507664680480957,12.102834701538086,4.081040382385254
0,2835,1486.395751953125,13496.5,4.558192253112793,9.596792221069336,4.432318687438965
0,2836,1228.958251953125,11026.6787109375,4.20967960357666,8.941583633422852,5.11125373840332
0,2837,1103.7060546875,9688.76953125,4.4943013191223145,7.192173957824707,5.452367782592773
0,2838,1285.428466796875,11669.923828125,3.947869300842285,9.77428913116455,4.528982162475586
0,2839,1777.60791015625,15786.3046875,6.6325812339782715,12.40312385559082,7.001778602600098
0,2840,1057.2586669921875,9446.455078125,3.753770351409912,8.321830749511719,6.251223564147949
0,2841,1597.979736328125,14624.09765625,4.5189971923828125,13.735346794128418,4.426520347595215
0,2842,975.2669677734375,8511.5146484375,4.13718318939209,7.016166687011719,5.023281097412109
0,2843,1488.2662353515625,13579.193359375,4.344897270202637,11.005069732666016,5.773867607116699
0,2844,1670.707275390625,15542.78125,3.8809709548950195,14.547786712646484,4.510392189025879
0,2845,1095.7513427734375,9743.171875,4.04780387878418,8.866251945495605,4.182145118713379
0,2846,1386.6021728515625,12641.556640625,4.081552982330322,11.154827117919922,5.779252052307129
0,2847,1682.1268310546875,15586.1162109375,4.117171287536621,11.795416831970215,8.367941856384277
0,2848,1555.08740234375,14356.1201171875,3.982511281967163,12.396339416503906,5.731188774108887
0,2849,1588.82470703125,14696.94140625,3.9710185527801514,11.874197959899902,7.392701148986816
0,2850,1518.8226318359375,13958.9248046875,4.097671031951904,12.13614273071289,5.454856872558594
0,2851,1822.9267578125,16802.591796875,4.755588054656982,14.16959285736084,6.985447883605957
0,2852,1838.814208984375,17178.060546875,4.033604145050049,12.633628845214844,6.695613861083984
0,2853,1400.8604736328125,12847.0634765625,3.871800184249878,11.85782527923584,6.017333030700684
0,2854,1536.5875244140625,14141.8515625,4.080077171325684,11.442739486694336,7.318117141723633
0,2855,1487.96240234375,13734.3828125,3.8174703121185303,13.065799713134766,5.118802070617676
0,2856,1118.037109375,10052.3681640625,3.7600083351135254,8.383871078491211,6.390917778015137
0,2857,1322.59912109375,12058.3251953125,3.892221450805664,10.570272445678711,4.533905029296875
0,2858,1356.6427001953125,12474.8408203125,3.6386187076568604,10.449544906616211,6.1256866455078125
0,2859,1203.877197265625,10917.75,3.7367377281188965,7.337709426879883,6.799280166625977
0,2860,1345.000732421875,12147.119140625,4.342962265014648,9.34959602355957,6.836974143981934
0,2861,1485.13134765625,13524.501953125,4.4227070808410645,11.668876647949219,4.283605575561523
0,2862,1573.580322265625,14307.2763671875,4.7617573738098145,13.765596389770508,4.587843894958496
0,2863,1194.7779541015625,10727.3896484375,4.067963600158691,10.473660469055176,3.4340896606445312
0,2864,1718.7689208984375,15916.3251953125,4.237878799438477,11.937955856323242,7.057625770568848
0,2865,1799.6773681640625,16753.193359375,4.145266532897949,11.602156639099121,7.4174089431762695
0,2866,2328.77587890625,22117.13671875,3.9020724296569824,14.23708724975586,10.86473274230957
0,2867,1055.8072509765625,9408.357421875,3.8323826789855957,8.570517539978027,4.667147636413574
0,2868,1450.7548828125,13280.0234375,4.091753959655762,11.193558692932129,5.425271034240723
0,2869,1816.8453369140625,16793.587890625,4.582887172698975,11.896650314331055,6.654600143432617
0,2870,1387.1553955078125,12695.4599609375,3.9203124046325684,9.645655632019043,6.087989807128906
0,2871,1485.295166015625,13728.171875,3.7492644786834717,8.935994148254395,6.9455718994140625
0,2872,1719.7193603515625,15993.587890625,4.012021064758301,12.756207466125488,7.276247978210449
0,2873,1288.9234619140625,11722.267578125,3.8898892402648926,10.147682189941406,5.220621109008789
0,2874,1887.9559326171875,17555.466796875,4.413638114929199,13.81114387512207,6.014155387878418
0,2875,1869.91552734375,17546.236328125,3.843062400817871,12.686601638793945,5.920462608337402
0,2876,1766.416015625,16239.865234375,4.747647285461426,12.720967292785645,6.434886932373047
0,2877,1398.3983154296875,12867.8046875,3.7205944061279297,10.872868537902832,6.847682952880859
0,2878,1318.6531982421875,12040.982421875,3.8184993267059326,10.23796272277832,7.120892524719238
0,2879,1275.689208984375,11521.2099609375,4.118940830230713,9.897639274597168,4.466558456420898
0,2880,1185.6199951171875,10798.736328125,3.5248773097991943,9.34823989868164,5.0829315185546875
0,2881,1182.821533203125,10517.4423828125,4.369240760803223,7.003005504608154,7.134488105773926
0,2882,971.9752807617188,8644.259765625,3.5849766731262207,8.729384422302246,5.121640205383301
0,2883,1850.0137939453125,17242.482421875,4.192183017730713,9.663517951965332,9.198648452758789
0,2884,1120.906005859375,10039.12890625,3.899770736694336,9.344934463500977,3.6885480880737305
0,2885,1488.09423828125,13833.8388671875,3.490345001220703,12.023681640625,5.682787895202637
0,2886,1566.856201171875,14343.1416015625,4.418066024780273,12.146509170532227,7.017393112182617
0,2887,1243.8131103515625,11266.802734375,3.904428482055664,9.185651779174805,6.959616661071777
0,2888,1347.2994384765625,12047.8369140625,4.750524520874023,10.546846389770508,5.401520729064941
0,2889,1348.331787109375,12050.7138671875,4.775345325469971,11.625015258789062,3.788454055786133
0,2890,1569.2635498046875,14416.5615234375,4.253579616546631,12.422406196594238,4.844581604003906
0,2891,1798.075927734375,16589.99609375,4.635875225067139,12.887462615966797,7.07462215423584
0,2892,1689.849853515625,15629.865234375,4.228777885437012,12.914875030517578,6.609794616699219
0,2893,1309.52783203125,11946.234375,3.8301472663879395,11.5899019241333,5.247960090637207
0,2894,1258.8134765625,11532.3515625,3.519275426864624,9.10909366607666,4.750043869018555
0,2895,1531.510498046875,14123.9560546875,3.9704976081848145,13.091547012329102,4.014324188232422
0,2896,1378.4376220703125,12616.806640625,3.8918979167938232,12.416605949401855,4.734227180480957
0,2897,1206.760498046875,10913.0712890625,3.848447322845459,9.543807983398438,3.9319534301757812
0,2898,1440.7269287109375,13297.212890625,3.700188159942627,10.635695457458496,6.164675712585449
0,2899,1365.0777587890625,12574.244140625,3.58844256401062,9.642242431640625,6.679387092590332
0,2900,1639.76806640625,15117.748046875,4.266441345214844,13.389505386352539,4.924264907836914
0,2901,1246.859130859375,11372.9326171875,3.652193546295166,10.949480056762695,4.690552711486816
0,2902,1414.4737548828125,12947.26171875,3.991583824157715,10.874656677246094,4.659198760986328
0,2903,959.6548461914062,8473.7734375,3.742581844329834,7.05926513671875,5.995274543762207
0,2904,1175.6361083984375,10709.78125,3.4885993003845215,10.43960952758789,4.806819915771484
0,2905,1797.9427490234375,16653.4453125,4.419938087463379,12.47783088684082,5.798333168029785
0,2906,1331.5477294921875,12014.9453125,4.335107803344727,10.768157958984375,5.503003120422363
0,2907,1651.1422119140625,15391.228515625,3.733977794647217,12.802132606506348,5.901993751525879
0,2908,1583.546875,14644.96484375,3.9683456420898438,12.04598617553711,6.616899490356445
0,2909,1597.9093017578125,14797.7470703125,3.937819004058838,12.256743431091309,6.1968488693237305
0,2910,1471.0531005859375,13532.0927734375,3.9281249046325684,9.4215087890625,5.17578125
0,2911,1447.876708984375,13318.900390625,3.866222858428955,12.072620391845703,4.761075019836426
0,2912,1245.1219482421875,11336.7822265625,3.7147908210754395,10.073633193969727,4.325288772583008
0,2913,1262.780517578125,11499.994140625,3.759371280670166,10.370662689208984,6.559082984924316
0,2914,1573.7862548828125,14524.45703125,4.0446858406066895,12.648857116699219,3.838207244873047
0,2915,1514.190185546875,13982.55078125,3.8645009994506836,11.484158515930176,6.885556221008301
0,2916,1983.549072265625,18640.623046875,3.982891321182251,11.922847747802734,9.82302188873291
0,2917,1421.3177490234375,13159.501953125,3.5122509002685547,10.46095085144043,8.328368186950684
0,2918,1504.7255859375,13893.1533203125,3.847010612487793,10.07459831237793,5.033792495727539
0,2919,1273.9136962890625,11629.5146484375,3.698740005493164,9.357475280761719,6.402176856994629
0,2920,1619.1539306640625,15026.0126953125,3.8850889205932617,10.988162994384766,6.169445991516113
0,2921,1482.3878173828125,13609.787109375,4.046968936920166,12.09837818145752,5.189728736877441
0,2922,1049.9700927734375,9358.0830078125,3.805393934249878,8.971240997314453,4.9893293380737305
0,2923,1467.690185546875,13581.880859375,3.650070905685425,11.614446640014648,4.321131706237793
0,2924,1345.2562255859375,11591.5498046875,6.203372955322266,10.491033554077148,5.271910667419434
0,2925,1569.2762451171875,14462.4384765625,4.101079940795898,12.311361312866211,4.762509346008301
0,2926,1249.26123046875,11257.6376953125,4.116579055786133,8.487983703613281,5.912917137145996
0,2927,1269.258056640625,11526.6708984375,3.886366844177246,8.763496398925781,5.316383361816406
0,2928,1378.52392578125,12598.1865234375,3.9568393230438232,11.38353157043457,5.141959190368652
0,2929,1680.4508056640625,15565.546875,4.1298699378967285,11.374127388000488,6.694487571716309
0,2930,1232.5274658203125,11193.748046875,3.771751642227173,9.849067687988281,4.396027565002441
0,2931,1921.185546875,18038.04296875,3.9127068519592285,9.334574699401855,7.797100067138672
0,2932,1847.5570068359375,17174.064453125,4.338351726531982,12.327665328979492,8.021924018859863
0,2933,1377.67333984375,12530.9365234375,4.152656555175781,8.825489044189453,5.189547538757324
0,2934,1228.9906005859375,11092.4296875,3.991584300994873,8.060480117797852,6.268159866333008
0,2935,1660.142333984375,15436.8125,3.8820343017578125,13.775202751159668,5.273623466491699
0,2936,1355.2528076171875,12330.55859375,4.07322883605957,8.24631404876709,6.969018936157227
0,2937,1349.365478515625,12331.5146484375,3.8737988471984863,8.893203735351562,6.812566757202148
0,2938,1350.87158203125,12354.2890625,3.8480887413024902,10.223209381103516,7.647458076477051
0,2939,1417.0411376953125,12956.236328125,4.047250270843506,12.61516284942627,5.487428665161133
0,2940,1490.1527099609375,13722.890625,3.9287896156311035,11.034666061401367,6.677175521850586
0,2941,1751.5189208984375,16301.193359375,4.046650409698486,13.430183410644531,7.114978790283203
0,2942,1438.1527099609375,13350.1259765625,3.438004493713379,10.186454772949219,5.911952972412109
0,2943,1464.5316162109375,13493.369140625,3.8398215770721436,10.189165115356445,4.579655647277832
0,2944,1408.2308349609375,12941.3125,3.8033204078674316,11.158601760864258,5.671149253845215
0,2945,1568.1796875,14527.3447265625,3.8481743335723877,9.97677230834961,7.186563491821289
0,2946,1144.3057861328125,10355.42578125,3.6254401206970215,8.438323020935059,3.6717872619628906
0,2947,1524.2235107421875,14092.49609375,3.8324642181396484,11.216695785522461,6.124895095825195
0,2948,1316.05078125,11959.369140625,4.003795623779297,9.144319534301758,5.767886161804199
0,2949,1208.415283203125,10965.3798828125,3.7292423248291016,9.865859985351562,6.305275917053223
0,2950,1550.6748046875,14316.4013671875,3.967820882797241,9.493576049804688,7.775060653686523
0,2951,1291.2911376953125,11775.58984375,3.791074275970459,9.605796813964844,5.421037673950195
0,2952,1658.550048828125,15406.3935546875,3.930353879928589,12.647586822509766,6.227704048156738
0,2953,1550.831787109375,14193.44140625,4.382923603057861,11.691924095153809,4.800168991088867
0,2954,1181.608154296875,10697.6767578125,3.7280170917510986,9.955628395080566,4.78452205657959
0,2955,1200.9522705078125,10745.7265625,4.212654113769531,10.846367835998535,5.319762229919434
0,2956,1350.52880859375,12450.3232421875,3.516547679901123,11.18359375,4.895133972167969
0,2957,1429.70654296875,13067.87890625,4.09728479385376,10.953405380249023,7.674700736999512
0,2958,1926.7679443359375,17889.01953125,4.595531463623047,13.451847076416016,6.0946149826049805
0,2959,1723.44775390625,16124.6630859375,3.699380874633789,13.31924057006836,5.475621223449707
0,2960,1005.7109375,8670.50390625,4.622016906738281,8.771673202514648,5.416363716125488
0,2961,1284.5950927734375,11669.69140625,3.9208672046661377,11.932676315307617,5.687315940856934
0,2962,1276.200439453125,11572.5791015625,3.9647505283355713,11.55596923828125,4.261293888092041
1,0,1556.658447265625,14491.197265625,3.584622859954834,11.113368034362793,5.2675323486328125
1,1,1330.4603271484375,12207.611328125,3.656639575958252,10.410541534423828,5.230648994445801
1,2,1904.2529296875,17492.154296875,5.167916297912598,14.876352310180664,6.198012351989746
1,3,1626.57080078125,15007.3955078125,4.1943745613098145,10.507608413696289,7.420374870300293
1,4,1379.3995361328125,12378.119140625,4.719588279724121,10.059870719909668,6.259775161743164
1,5,1467.381103515625,13417.71875,4.186975955963135,10.006500244140625,6.383951187133789
1,6,1234.315673828125,11218.001953125,3.7505176067352295,9.00118350982666,4.15352725982666
1,7,1307.228759765625,11970.83203125,3.6715173721313477,9.137609481811523,6.105550765991211
1,8,1698.47265625,15495.5986328125,4.963757038116455,11.280086517333984,4.963515281677246
1,9,987.8952026367188,8827.466796875,3.5049500465393066,8.696125030517578,5.732791900634766
1,10,1823.0948486328125,17037.041015625,3.979691743850708,11.725478172302246,7.0798187255859375
1,11,1196.814453125,10829.2890625,3.7961819171905518,9.648189544677734,5.557985305786133
1,12,1362.1065673828125,12442.623046875,3.9281423091888428,10.50228214263916,4.953356742858887
1,13,1515.399658203125,13935.4580078125,4.06179666519165,11.043691635131836,6.713901519775391
1,14,1126.6175537109375,10132.5390625,3.778787612915039,10.277536392211914,5.035501480102539
1,15,1043.27001953125,9250.74609375,3.9398462772369385,9.92778205871582,3.5647220611572266
1,16,1619.071533203125,14870.955078125,4.399200439453125,12.838155746459961,5.229255676269531
1,17,1447.7352294921875,13334.447265625,3.809685707092285,9.560867309570312,6.2929840087890625
1,18,1390.76220703125,12633.6318359375,4.246636390686035,11.291511535644531,4.8381147384643555
1,19,1527.6376953125,14146.576171875,3.766005039215088,12.748906135559082,5.895147323608398
1,20,1315.8614501953125,11939.306640625,4.064357757568359,9.498079299926758,5.085442543029785
1,21,1093.677734375,9777.9794921875,3.8626577854156494,9.542231559753418,4.5988664627075195
1,22,1438.899169921875,13136.60546875,4.174623489379883,10.673294067382812,3.7607154846191406
1,23,1364.3580322265625,12341.0771484375,4.341673374176025,12.64467716217041,3.7049455642700195
1,24,1378.777099609375,12497.330078125,4.301467418670654,9.812911033630371,4.782718658447266
1,25,1402.4432373046875,12895.8603515625,3.7619056701660156,10.25351333618164,6.630169868469238
1,26,1363.86083984375,12480.3056640625,3.8610048294067383,10.317056655883789,5.943681716918945
1,27,1884.663818359375,17608.00390625,4.12877893447876,12.314554214477539,7.234280586242676
1,28,1279.3978271484375,11654.337890625,3.798799991607666,9.937841415405273,5.932928085327148
1,29,1324.46533203125,12043.5947265625,4.003528594970703,12.015687942504883,4.86964225769043
1,30,1771.640869140625,16053.7880859375,5.542067527770996,10.538393020629883,8.277173042297363
1,31,1534.829833984375,14088.484375,4.199377536773682,12.527892112731934,4.063360214233398
1,32,1517.943115234375,13875.6220703125,4.346030235290527,11.615151405334473,3.9118804931640625
1,33,1540.4197998046875,14170.943359375,4.110849857330322,10.333288192749023,8.44351577758789
1,34,1291.8699951171875,11771.654296875,3.823486566543579,10.903698921203613,5.799966812133789
1,35,1324.70849609375,12098.30078125,3.82928204536438,8.647760391235352,5.688979148864746
1,36,1345.523681640625,12359.560546875,3.6522560119628906,11.30711555480957,4.959650039672852
1,37,1554.7674560546875,14168.2822265625,4.5979719161987305,10.568765640258789,5.817913055419922
1,38,2062.852294921875,19382.01953125,4.155010223388672,15.692275047302246,4.477020263671875
1,39,1340.72705078125,12079.673828125,4.425321578979492,10.271736145019531,6.292768478393555
1,40,1165.0672607421875,10522.541015625,3.760436534881592,9.05931282043457,4.336091041564941
1,41,1122.03125,10091.0341796875,3.7642593383789062,8.790996551513672,5.858609199523926
1,42,1569.37939453125,14496.892578125,3.989668846130371,11.670496940612793,5.2209014892578125
1,43,1806.9696044921875,16745.396484375,4.414331912994385,11.636967658996582,6.466483116149902
1,44,2061.100830078125,19441.30859375,3.898998260498047,12.053276062011719,8.2930269241333
1,45,1806.911865234375,15894.8017578125,7.247722625732422,12.690488815307617,7.603471755981445
1,46,1603.780517578125,14950.28125,3.625077962875366,11.829755783081055,8.63089370727539
1,47,1385.6722412109375,12662.7255859375,3.979987621307373,11.727272033691406,5.522856712341309
1,48,1624.336181640625,14468.994140625,5.914559364318848,12.378318786621094,5.254070281982422
1,49,1483.857177734375,13679.4541015625,3.8637235164642334,9.824337005615234,5.3166913986206055
1,50,1190.237060546875,10518.4423828125,4.613096237182617,10.28170394897461,5.39369010925293
1,51,1415.130859375,13085.4423828125,3.552884578704834,10.269227981567383,5.298428535461426
1,52,1163.5574951171875,10517.6796875,3.7263197898864746,8.407408714294434,4.861516952514648
1,53,1362.810302734375,12514.345703125,3.712522506713867,10.35565185546875,5.563645362854004
1,54,1776.292724609375,16489.814453125,4.243709564208984,13.3745698928833,7.840570449829102
1,55,1290.3853759765625,11695.818359375,4.0267839431762695,10.006370544433594,4.9214324951171875
1,56,1402.8369140625,12720.064453125,4.361016273498535,12.053543090820312,4.311120986938477
1,57,1835.6280517578125,17268.28125,3.626664400100708,11.869619369506836,8.343451499938965
1,58,1510.0845947265625,13755.626953125,4.484063148498535,11.574578285217285,6.976006507873535
1,59,1496.278076171875,13656.220703125,4.355198860168457,11.854660034179688,5.344520568847656
1,60,1604.8961181640625,15009.984375,3.4632580280303955,10.663124084472656,6.937908172607422
1,61,1334.8021240234375,12170.71484375,3.9243526458740234,11.262462615966797,5.603911399841309
1,62,1158.8359375,10403.353515625,3.9500198364257812,8.73200798034668,4.571428298950195
1,63,1510.7308349609375,13994.05078125,3.71085786819458,9.711771011352539,6.631847381591797
1,64,868.29736328125,7677.013671875,3.3531992435455322,6.981637954711914,5.244274139404297
1,65,1074.0162353515625,9251.927734375,4.960779666900635,8.019754409790039,3.674281120300293
1,66,1472.7982177734375,13523.138671875,4.016146659851074,12.350669860839844,4.2071638107299805
1,67,1050.1259765625,9381.267578125,3.7333054542541504,9.775105476379395,4.573138236999512
1,68,1473.62548828125,13602.404296875,3.7794995307922363,10.898332595825195,6.1739091873168945
1,69,1453.76953125,13287.388671875,4.167688369750977,11.69618034362793,5.068613052368164
1,70,1549.290771484375,14271.2578125,4.072164058685303,11.563484191894531,4.330303192138672
1,71,1456.0848388671875,13361.294921875,3.998512029647827,11.136959075927734,4.47518253326416
1,72,1706.764404296875,15920.8994140625,3.8224830627441406,9.882458686828613,9.528990745544434
1,73,1454.4110107421875,12787.8115234375,5.854331016540527,11.641080856323242,4.598057746887207
1,74,1334.0362548828125,12214.28515625,3.7535903453826904,12.239289283752441,5.630302429199219
1,75,1144.136474609375,10324.5732421875,3.722637176513672,8.674811363220215,4.781579971313477
1,76,975.0465698242188,8643.8193359375,3.688819646835327,8.807458877563477,4.417262077331543
1,77,1308.07373046875,11799.7421875,4.269982814788818,10.85433578491211,4.981298446655273
1,78,1661.956787109375,15396.3701171875,4.077321529388428,12.153693199157715,6.413983345031738
1,79,1271.6785888671875,11588.1669921875,3.7620599269866943,9.932170867919922,5.238158226013184
1,80,1439.24267578125,13135.337890625,4.1902947425842285,11.6087646484375,5.04379940032959
1,81,1452.086181640625,13336.4990234375,3.9478759765625,10.489070892333984,7.1331281661987305
1,82,1297.4063720703125,11696.4169921875,4.258820056915283,10.063708305358887,5.367725372314453
1,83,1370.296630859375,12489.83984375,4.043753623962402,11.547776222229004,5.466730117797852
1,84,1066.0390625,9394.2880859375,4.220341682434082,9.525985717773438,4.412625312805176
1,85,1266.2337646484375,11466.1455078125,3.9873056411743164,10.217636108398438,4.875375747680664
1,86,1342.8681640625,12303.13671875,3.751814842224121,11.733200073242188,4.982778549194336
1,87,1342.288330078125,12265.4599609375,3.8580756187438965,11.734371185302734,4.274866104125977
1,88,1352.6568603515625,12294.810546875,4.105860710144043,9.0255126953125,6.919414520263672
1,89,1715.0740966796875,15929.9609375,4.069268226623535,11.558021545410156,9.046332359313965
1,90,1525.64208984375,14135.78125,3.735464096069336,10.159591674804688,5.820925712585449
1,91,1192.5076904296875,10746.97265625,3.9270145893096924,9.879884719848633,4.587520599365234
1,92,1636.9305419921875,15175.8251953125,3.978269100189209,11.315130233764648,5.992159843444824
1,93,1064.0830078125,9503.767578125,3.790205955505371,10.52811336517334,4.936875343322754
1,94,1148.45263671875,10428.826171875,3.5189993381500244,9.35445499420166,4.902824401855469
1,95,1045.43359375,9301.0078125,3.8444278240203857,7.982190132141113,6.287091255187988
1,96,1420.908935546875,13052.65234375,3.854790687561035,10.51350212097168,5.892637252807617
1,97,1032.4373779296875,9177.2802734375,3.8236446380615234,8.296058654785156,4.451847076416016
1,98,1887.87060546875,17577.8203125,4.33628511428833,15.139593124389648,5.611274719238281
1,99,1526.9822998046875,14146.5205078125,3.7443416118621826,10.243005752563477,7.947787284851074
1,100,1392.613037109375,12732.73828125,3.977975368499756,11.0073823928833,3.627957344055176
1,101,1235.5531005859375,11035.810546875,4.39906644821167,10.82447624206543,4.093725204467773
1,102,1455.029541015625,13272.9931640625,4.257674217224121,12.544771194458008,3.3352060317993164
1,103,1512.35595703125,13957.6533203125,3.886354446411133,12.797170639038086,4.753369331359863
1,104,1263.6026611328125,11125.0966796875,5.036433696746826,10.308609008789062,6.126032829284668
1,105,1413.98291015625,12923.95703125,4.05290412902832,11.679447174072266,5.196951866149902
1,106,1373.620361328125,12484.697265625,4.171689033508301,10.289602279663086,3.5624704360961914
1,107,1352.820556640625,12353.02734375,3.9172604084014893,12.36888313293457,4.70681095123291
1,108,1139.5,10192.0458984375,4.009845733642578,9.18338394165039,5.223268508911133
1,109,1893.579833984375,17796.3984375,3.7980000972747803,14.399578094482422,5.46224308013916
1,110,1179.59375,10609.9970703125,3.9531338214874268,10.827049255371094,3.383204460144043
1,111,1360.5914306640625,12441.5322265625,3.881272792816162,10.917535781860352,5.636200904846191
1,112,1165.0609130859375,10497.955078125,3.8421781063079834,10.223427772521973,4.512216567993164
1,113,1692.42138671875,15675.95703125,4.160858154296875,12.744873046875,5.711176872253418
1,114,1813.6971435546875,16871.6328125,4.217795372009277,12.944258689880371,6.844595909118652
1,115,1107.5406494140625,9898.986328125,3.9214015007019043,10.400960922241211,2.5726547241210938
1,116,1833.02392578125,16970.607421875,4.532105445861816,12.247188568115234,5.922813415527344
1,117,1350.829345703125,12459.6201171875,3.4955785274505615,10.494403839111328,4.408167839050293
1,118,1381.7666015625,12515.83203125,4.339442729949951,11.674518585205078,4.8885040283203125
1,119,1418.8331298828125,13039.974609375,3.827854633331299,10.527022361755371,5.952484130859375
1,120,1170.8394775390625,9241.0458984375,8.224496841430664,7.657597541809082,4.524932861328125
1,121,1323.3402099609375,12052.330078125,3.9369068145751953,9.773346900939941,5.3655500411987305
1,122,1490.812744140625,13676.2890625,4.106125831604004,12.21102523803711,3.9965457916259766
1,123,1487.8602294921875,13673.6416015625,4.016537666320801,11.673925399780273,5.175187110900879
1,124,979.525146484375,8631.5703125,3.878937244415283,8.527022361755371,4.042168617248535
1,125,1589.103271484375,14530.5263671875,4.5350236892700195,12.588935852050781,3.3082456588745117
1,126,1297.0213623046875,11855.9111328125,3.7143373489379883,12.00564956665039,4.866899490356445
1,127,1221.719482421875,11072.095703125,3.8169963359832764,11.336891174316406,5.3061017990112305
1,128,1164.8597412109375,10467.6826171875,3.936380386352539,9.151108741760254,5.309050559997559
1,129,845.4410400390625,7263.81103515625,3.9686648845672607,8.937034606933594,4.858819961547852
1,130,1503.6243896484375,13933.7236328125,3.6750640869140625,12.640547752380371,6.015862464904785
1,131,1164.8663330078125,10459.0341796875,3.9654297828674316,8.819303512573242,5.4854021072387695
1,132,1235.4208984375,11372.703125,3.271681785583496,9.901561737060547,5.762881278991699
1,133,1414.475341796875,12743.802734375,4.669834613800049,11.065143585205078,5.404233932495117
1,134,1178.5882568359375,10589.240234375,3.9888057708740234,9.905115127563477,5.071338653564453
1,135,1608.193603515625,14770.822265625,4.3703765869140625,13.855440139770508,4.661360740661621
1,136,1099.7080078125,9826.6591796875,3.9014012813568115,8.881948471069336,5.158608436584473
1,137,1660.6937255859375,15254.529296875,4.508025169372559,11.709407806396484,8.486504554748535
1,138,1596.6668701171875,14753.1796875,4.0449628829956055,11.274906158447266,7.625946044921875
1,139,1416.981201171875,13104.6484375,3.550546169281006,13.607366561889648,3.985020637512207
1,140,1408.583740234375,12964.341796875,3.7383198738098145,9.631673812866211,7.480574607849121
1,141,1366.701171875,12509.8955078125,3.8570494651794434,11.035974502563477,5.8918352127075195
1,142,1613.8414306640625,14900.4013671875,4.126708984375,11.865833282470703,5.559494972229004
1,143,1402.2178955078125,12727.57421875,4.315349578857422,10.723465919494629,6.00529670715332
1,144,1119.2171630859375,9932.564453125,4.198688983917236,7.466917991638184,5.575286865234375
1,145,1583.968017578125,14615.7041015625,4.0799174308776855,12.241695404052734,6.219704627990723
1,146,1127.7066650390625,9992.00390625,4.283544540405273,8.536664962768555,5.150457382202148
1,147,1481.84912109375,13657.18359375,3.871023178100586,13.228281021118164,5.418753623962402
1,148,1366.56103515625,12494.591796875,3.903395414352417,10.86966323852539,4.698805809020996
1,149,1271.28125,10789.173828125,6.4121294021606445,10.95905590057373,4.2423906326293945
1,150,1382.1512451171875,12729.55859375,3.6398439407348633,11.715841293334961,5.270761489868164
1,151,1481.0657958984375,13639.384765625,3.9042437076568604,10.671106338500977,6.0387372970581055
1,152,1561.6800537109375,14460.7236328125,3.8535890579223633,10.956989288330078,6.421199798583984
1,153,1272.8797607421875,11536.7939453125,3.9733424186706543,10.463911056518555,5.464679718017578
1,154,1562.6102294921875,14399.57421875,4.088428020477295,11.182592391967773,4.297320365905762
1,155,1183.610595703125,10772.8154296875,3.5442981719970703,8.764955520629883,4.623720169067383
1,156,1321.434326171875,11973.875,4.134891510009766,10.90251350402832,4.137842178344727
1,157,1275.4716796875,11637.25390625,3.72487211227417,11.252796173095703,6.148316383361816
1,158,1210.342041015625,10928.0546875,3.9178848266601562,9.631501197814941,5.7447919845581055
1,159,1599.485107421875,14760.703125,4.113826751708984,11.027425765991211,6.704172134399414
1,160,1412.1451416015625,12948.3994140625,3.910172939300537,11.206466674804688,4.218072891235352
1,161,1359.3638916015625,12450.294921875,3.8111462593078613,11.59341049194336,5.091554641723633
1,162,1397.5728759765625,12637.1650390625,4.461876392364502,12.50247573852539,4.913972854614258
1,163,2278.981201171875,21401.318359375,4.628312587738037,14.440587997436523,6.82865047454834
1,164,1291.91455078125,11764.830078125,3.8477187156677246,9.303572654724121,5.741438865661621
1,165,1827.9669189453125,17001.33984375,4.261096954345703,15.01157283782959,4.164545059204102
1,166,1323.9493408203125,12020.541015625,4.063175678253174,10.444705963134766,4.302950859069824
1,167,1085.6796875,9519.111328125,4.4589524269104,9.18231201171875,4.505302429199219
1,168,1297.2713623046875,11793.6171875,3.930323600769043,10.51320743560791,4.240992546081543
1,169,1075.8709716796875,9701.33203125,3.524590015411377,8.949195861816406,6.166196823120117
1,170,1168.5732421875,10550.23828125,3.7849807739257812,10.782487869262695,3.2663583755493164
1,171,1433.0567626953125,13214.705078125,3.7195396423339844,10.858689308166504,4.094376564025879
1,172,1091.4166259765625,9755.27734375,3.862961769104004,8.572904586791992,6.0213470458984375
1,173,1331.6693115234375,12186.33984375,3.7678422927856445,9.762526512145996,6.221706390380859
1,174,1287.5048828125,11724.904296875,3.8338141441345215,10.071735382080078,5.823524475097656
1,175,1552.6165771484375,14424.1171875,3.6734962463378906,9.696032524108887,6.28928279876709
1,176,1279.431396484375,11706.212890625,3.627002239227295,10.49276065826416,4.262877464294434
1,177,1283.62158203125,11664.5283203125,3.9056248664855957,11.400321006774902,4.651801109313965
1,178,1081.4744873046875,9747.501953125,3.5574769973754883,8.386894226074219,5.669425964355469
1,179,1167.611572265625,10386.326171875,4.299294471740723,10.180791854858398,3.9705591201782227
1,180,1441.804443359375,13206.8134765625,4.0374345779418945,10.583399772644043,7.294890403747559
1,181,1318.0633544921875,12014.03125,3.888672351837158,11.216650009155273,4.850970268249512
1,182,1285.1666259765625,11736.8916015625,3.715912103652954,10.690375328063965,3.544175148010254
1,183,1337.0302734375,12087.689453125,4.27537727355957,10.345346450805664,4.125520706176758
1,184,1713.827392578125,15923.404296875,4.049564838409424,10.094234466552734,6.470495223999023
1,185,1484.443359375,13624.26171875,4.0672407150268555,13.033037185668945,4.78757381439209
1,186,1681.0091552734375,15544.42578125,4.218883037567139,12.158525466918945,5.31181526184082
1,187,1466.7073974609375,13508.93359375,3.860464096069336,10.928129196166992,5.026183128356934
1,188,1216.3846435546875,11036.8251953125,3.756740093231201,10.130594253540039,3.592036247253418
1,189,853.9317016601562,7463.15380859375,3.5872111320495605,7.989080429077148,5.094151496887207
1,190,1528.053466796875,13963.326171875,4.390692234039307,12.27336597442627,6.231500625610352
1,191,1377.0902099609375,12502.78515625,4.227054595947266,11.085485458374023,5.5433149337768555
1,192,1764.902099609375,16225.4130859375,4.745359420776367,12.793981552124023,5.433196067810059
1,193,1638.258544921875,15254.0146484375,3.7619004249572754,12.424245834350586,6.174713134765625
1,194,1352.904052734375,12317.2568359375,4.039277076721191,10.701361656188965,4.605859756469727
1,195,1797.61962890625,16550.173828125,4.753406047821045,13.945758819580078,4.039693832397461
1,196,1717.5037841796875,15893.9345703125,4.270343780517578,14.436574935913086,4.474739074707031
1,197,1302.5806884765625,11805.0107421875,4.069317817687988,9.470935821533203,5.2836809158325195
1,198,1549.31494140625,14045.1435546875,4.826684474945068,12.06890869140625,5.143904685974121
1,199,1799.095458984375,16534.26953125,4.855615615844727,13.09931755065918,4.477357864379883
1,200,1007.8646240234375,8849.96875,4.0955915451049805,8.351297378540039,5.608929634094238
1,201,1296.666259765625,11892.7919921875,3.579568862915039,10.912757873535156,5.086493492126465
1,202,1261.709228515625,11483.0263671875,3.7802200317382812,10.72749137878418,4.530465126037598
1,203,1129.265869140625,10072.25390625,4.068016052246094,9.153554916381836,5.59918212890625
1,204,1618.989990234375,14742.0673828125,4.826108932495117,10.811088562011719,8.362316131591797
1,205,1642.2265625,15047.1513671875,4.583713531494141,12.87165641784668,4.673584938049316
1,206,1278.2364501953125,11405.740234375,4.588745594024658,10.174555778503418,4.003802299499512
1,207,1580.7064208984375,14413.626953125,4.6447906494140625,13.072757720947266,3.9605817794799805
1,208,1530.9202880859375,14054.8916015625,4.181040287017822,11.203651428222656,6.459465980529785
1,209,1453.1243896484375,13553.23828125,3.260019302368164,11.5987548828125,6.361458778381348
1,210,2093.2392578125,19327.8515625,5.348466396331787,15.231060981750488,6.188591003417969
1,211,1239.93115234375,11074.306640625,4.416682243347168,8.445718765258789,5.758413314819336
1,212,1407.52783203125,12831.14453125,4.147111415863037,11.479562759399414,4.752751350402832
1,213,1606.5484619140625,14902.2939453125,3.8773021697998047,11.945569038391113,7.695209503173828
1,214,1330.7080078125,12022.81640625,4.280880928039551,11.644485473632812,3.829287528991699
1,215,1868.16845703125,17294.1796875,4.6250152587890625,12.534673690795898,7.095264434814453
1,216,1068.5262451171875,9303.3076171875,4.606516361236572,9.394054412841797,4.969785690307617
1,217,1563.4140625,14482.6640625,3.8382534980773926,10.949588775634766,6.819012641906738
1,218,1304.89453125,11807.546875,4.137993335723877,11.107551574707031,3.653654098510742
1,219,1515.417236328125,14048.8876953125,3.6842832565307617,12.102094650268555,4.747330665588379
1,220,1367.92626953125,12479.7578125,3.998350143432617,10.345698356628418,4.783566474914551
1,221,1245.3671875,11291.71875,3.8731791973114014,9.79451847076416,5.130672454833984
1,222,1404.156494140625,12732.2236328125,4.364468097686768,10.763710021972656,6.308315277099609
1,223,1106.06689453125,9923.71484375,3.789846181869507,8.752975463867188,5.420658111572266
1,224,1331.4693603515625,12164.005859375,3.8356237411499023,12.976534843444824,5.4557037353515625
1,225,1620.7408447265625,15058.609375,3.8293309211730957,13.71023178100586,4.206128120422363
1,226,1239.6854248046875,11154.248046875,4.142019748687744,8.824736595153809,6.568202018737793
1,227,1146.113525390625,10315.375,3.8192028999328613,8.288097381591797,5.370704650878906
1,228,1221.7177734375,11037.376953125,3.9326705932617188,7.894522190093994,5.869421005249023
1,229,1361.822998046875,12315.150390625,4.343599319458008,10.87186050415039,5.511568069458008
1,230,1211.53857421875,10893.611328125,4.072577476501465,10.78262710571289,4.446170806884766
1,231,1764.1868896484375,16360.96875,4.269664764404297,13.311541557312012,5.603280067443848
1,232,1368.8914794921875,12576.982421875,3.7064414024353027,10.712080955505371,5.442652702331543
1,233,1212.94482421875,11013.3359375,3.720371723175049,9.24600887298584,5.339748382568359
1,234,1630.7943115234375,15081.435546875,4.088356971740723,12.523170471191406,4.954672813415527
1,235,1273.1866455078125,11566.982421875,3.8829452991485596,9.975120544433594,5.398311614990234
1,236,1479.7548828125,13601.25,3.987664222717285,9.912673950195312,7.333950996398926
1,237,1207.51806640625,10940.3330078125,3.782824993133545,9.139779090881348,3.96560001373291
1,238,1401.18701171875,12719.142578125,4.309088706970215,11.293517112731934,5.827387809753418
1,239,1738.0858154296875,16184.291015625,3.9885573387145996,12.53836441040039,6.7060136795043945
1,240,1369.7733154296875,12450.353515625,4.15792989730835,10.587611198425293,6.20503044128418
1,241,1241.666259765625,10978.3720703125,4.7943010330200195,10.003263473510742,5.431970596313477
1,242,1069.731689453125,9494.994140625,4.007742404937744,8.008210182189941,5.024932861328125
1,243,1617.1322021484375,14875.169921875,4.320507526397705,11.527819633483887,5.896732330322266
1,244,1252.452392578125,11244.923828125,4.265332221984863,9.704038619995117,4.34370231628418
1,245,1354.80322265625,12257.71875,4.301047325134277,10.903861999511719,4.251076698303223
1,246,1826.76953125,16490.67578125,5.923396110534668,13.567366600036621,4.494061470031738
1,247,1258.7384033203125,11352.966796875,4.114720344543457,9.60958480834961,5.023806571960449
1,248,1508.003173828125,13773.310546875,4.355739116668701,12.186589241027832,4.0766191482543945
1,249,1357.92138671875,12444.4033203125,3.7827022075653076,8.85836124420166,6.669261932373047
1,250,1325.6827392578125,12047.1611328125,4.032217025756836,11.443370819091797,4.365329742431641
1,251,1317.213623046875,12011.078125,3.870194435119629,9.649436950683594,5.769584655761719
1,252,1496.0150146484375,13774.5966796875,3.95184326171875,11.903398513793945,4.993124961853027
1,253,1803.0526123046875,16897.42578125,3.77700138092041,11.954607963562012,6.345769882202148
1,254,1406.3388671875,12886.7060546875,3.922274589538574,10.909339904785156,5.145632743835449
1,255,1336.2064208984375,12246.669921875,3.717979907989502,10.811567306518555,5.023923873901367
1,256,1374.3880615234375,12539.8837890625,4.0133209228515625,11.808663368225098,4.714735984802246
1,257,1442.7978515625,13270.4169921875,3.8585376739501953,12.252389907836914,2.6830806732177734
1,258,1214.2894287109375,11096.3828125,3.488370656967163,9.854830741882324,5.75087833404541
1,259,1764.7755126953125,16471.009765625,3.9224863052368164,13.097898483276367,6.5578107833862305
1,260,1405.5242919921875,12886.962890625,3.89426851272583,11.837285995483398,5.56760311126709
1,261,1010.2872314453125,8884.857421875,4.060048580169678,7.942409515380859,4.97224235534668
1,262,1393.7412109375,12788.486328125,3.8297512531280518,9.302328109741211,6.376916885375977
1,263,1346.698486328125,12269.2783203125,3.9923534393310547,11.044206619262695,5.036169052124023
1,264,1611.3580322265625,14873.8759765625,4.132349014282227,8.741841316223145,9.737553596496582
1,265,1340.8759765625,12279.87890625,3.762936592102051,10.40262508392334,6.277466773986816
1,266,1657.8453369140625,15362.1171875,4.054452896118164,13.104711532592773,4.666060447692871
1,267,1106.6292724609375,9841.4326171875,4.082867622375488,8.389851570129395,5.982331275939941
1,268,1616.6868896484375,14877.0771484375,4.299304485321045,12.775541305541992,2.9140377044677734
1,269,1554.45458984375,14401.9296875,3.808718204498291,10.442100524902344,7.891938209533691
1,270,1550.08251953125,14248.8603515625,4.173213958740234,10.000486373901367,7.737518310546875
1,271,1395.875,12785.73828125,3.910036325454712,9.70113754272461,7.758661270141602
1,272,1408.2091064453125,12999.421875,3.608895778656006,10.331076622009277,6.9584550857543945
1,273,1179.1021728515625,10709.650390625,3.6045708656311035,10.824987411499023,3.913681983947754
1,274,1452.1768798828125,13342.93359375,3.9294533729553223,11.144309043884277,5.1278791427612305
1,275,1146.99853515625,10239.81640625,4.100563049316406,9.068351745605469,5.390960693359375
1,276,1768.840576171875,16493.609375,3.9826555252075195,14.447254180908203,4.905214309692383
1,277,1017.8629150390625,9025.484375,3.843816041946411,8.565712928771973,5.053192138671875
1,278,1490.3946533203125,13516.322265625,4.62541389465332,11.538312911987305,7.377233505249023
1,279,1465.704345703125,13592.09765625,3.549816131591797,10.537875175476074,6.102452278137207
1,280,1351.27783203125,12372.55859375,3.8007326126098633,10.11423110961914,7.611652374267578
1,281,1376.6461181640625,12432.9248046875,4.445119857788086,10.140087127685547,5.930769920349121
1,282,1162.0228271484375,10375.2333984375,4.149984359741211,9.729874610900879,3.9552135467529297
1,283,1254.8448486328125,11279.1357421875,4.231040954589844,10.108484268188477,3.9568729400634766
1,284,1433.368408203125,13188.244140625,3.8181307315826416,10.689403533935547,5.475627899169922
1,285,1419.9140625,12977.830078125,4.071032524108887,11.637627601623535,4.566738128662109
1,286,1234.3590087890625,11141.255859375,4.007778644561768,8.735410690307617,5.495153427124023
1,287,1347.74462890625,12317.5634765625,3.8662774562835693,11.022294998168945,4.820620536804199
1,288,1745.3043212890625,16292.283203125,3.8691964149475098,13.394824981689453,4.915922164916992
1,289,1531.0679931640625,14182.0458984375,3.7621119022369385,10.540443420410156,5.143847465515137
1,290,1787.1495361328125,16793.05078125,3.5948147773742676,14.418903350830078,5.1686811447143555
1,291,1380.9698486328125,12668.3369140625,3.804537296295166,12.44371223449707,3.5994043350219727
1,292,1541.8262939453125,14152.509765625,4.21917724609375,10.81860637664795,5.786848068237305
1,293,1307.66748046875,11847.1796875,4.09831428527832,10.150592803955078,6.893364906311035
1,294,1413.709716796875,12838.380859375,4.329052925109863,11.30144214630127,4.75338077545166
1,295,1392.877197265625,12728.9921875,3.999262809753418,10.947768211364746,5.349997520446777
1,296,1284.507080078125,11688.1435546875,3.856423854827881,12.556828498840332,3.240969657897949
1,297,1239.49267578125,11218.63671875,3.920968532562256,9.185771942138672,6.149620056152344
1,298,1543.1376953125,14148.2587890625,4.2770609855651855,10.322356224060059,6.1409454345703125
1,299,1380.7308349609375,12590.169921875,4.057128429412842,11.170907020568848,5.499632835388184
1,300,1175.7581787109375,10574.642578125,3.943131923675537,10.426168441772461,4.401920318603516
1,301,1568.082763671875,14342.32421875,4.461679935455322,11.001266479492188,4.601596832275391
1,302,1494.2830810546875,13619.8056640625,4.410081386566162,12.115638732910156,5.9094390869140625
1,303,1311.9556884765625,12036.435546875,3.6104037761688232,10.755207061767578,5.886387825012207
1,304,1414.85546875,12852.2392578125,4.321050643920898,11.019214630126953,4.976848602294922
1,305,1089.8475341796875,9866.302734375,3.4405746459960938,8.531991004943848,4.151852607727051
1,306,1547.0728759765625,14183.501953125,4.2907538414001465,12.054454803466797,5.222273826599121
1,307,1375.334716796875,12531.2548828125,4.073642730712891,10.362922668457031,6.1233015060424805
1,308,1436.460693359375,13225.8623046875,3.795814037322998,11.763440132141113,5.712307929992676
1,309,1553.303955078125,14409.087890625,3.7465062141418457,10.935522079467773,6.601264953613281
1,310,1422.3759765625,13140.478515625,3.610938787460327,10.943865776062012,5.003964424133301
1,311,920.8021240234375,8101.966796875,3.6868467330932617,7.802724838256836,3.95194149017334
1,312,1311.8599853515625,11957.84375,3.8691866397857666,10.062897682189941,3.1457033157348633
1,313,1373.4000244140625,12577.0283203125,3.8565731048583984,9.478870391845703,5.8410186767578125
1,314,1532.3797607421875,14069.5205078125,4.180924415588379,10.361480712890625,7.061816215515137
1,315,1295.8157958984375,11819.931640625,3.79408597946167,10.412483215332031,4.009930610656738
1,316,1271.5347900390625,11557.509765625,3.859459638595581,11.123071670532227,4.693330764770508
1,317,1374.8587646484375,12488.859375,4.199092388153076,11.810300827026367,5.00711727142334
1,318,2229.98779296875,21010.4375,4.298137187957764,15.143373489379883,5.034716606140137
1,319,1382.1676025390625,12638.822265625,3.9428462982177734,8.904622077941895,5.954693794250488
1,320,1601.52490234375,14715.779296875,4.331563949584961,11.97555160522461,5.077417373657227
1,321,1369.9493408203125,12322.51171875,4.589937210083008,11.060592651367188,4.247188568115234
1,322,1224.3682861328125,11061.302734375,3.9412667751312256,9.039680480957031,5.438321113586426
1,323,1197.654296875,10922.7373046875,3.512681722640991,8.605657577514648,4.914031028747559
1,324,1772.2349853515625,16277.470703125,4.816262245178223,13.090693473815918,6.0640974044799805
1,325,1615.0570068359375,15016.4638671875,3.7803566455841064,13.563895225524902,5.012639045715332
1,326,1223.035400390625,11142.1298828125,3.6274118423461914,9.678579330444336,5.450552940368652
1,327,1298.1087646484375,11787.6025390625,3.9782845973968506,9.430736541748047,6.8308610916137695
1,328,1354.6729736328125,12320.814453125,4.0863847732543945,11.23229694366455,5.396668434143066
1,329,1343.9710693359375,12272.3955078125,3.8910465240478516,11.497269630432129,3.493903160095215
1,330,1488.3082275390625,13618.037109375,4.216815948486328,11.675680160522461,5.231247901916504
1,331,1354.493408203125,12440.142578125,3.6826395988464355,12.907387733459473,5.027993202209473
1,332,1203.4417724609375,10797.763671875,4.1221818923950195,11.76022720336914,4.036246299743652
1,333,1324.6241455078125,12092.271484375,3.8465664386749268,10.283283233642578,4.565837860107422
1,334,1208.427001953125,10994.92578125,3.6311471462249756,8.493318557739258,7.082118034362793
1,335,1418.2744140625,13044.9794921875,3.792548418045044,9.619728088378906,6.045794486999512
1,336,1281.7906494140625,11655.376953125,3.875096321105957,11.20370101928711,2.358809471130371
1,337,1455.91650390625,13355.43359375,4.012437343597412,12.068812370300293,4.832467079162598
1,338,1606.85595703125,14930.3251953125,3.7941136360168457,13.727625846862793,3.5861473083496094
1,339,1535.7935791015625,14248.90625,3.6967647075653076,11.384796142578125,5.452509880065918
1,340,1447.919189453125,13098.25390625,4.603124618530273,10.461663246154785,7.155381202697754
1,341,1325.3165283203125,12111.357421875,3.806027412414551,9.975425720214844,6.819201469421387
1,342,1883.8564453125,17610.30859375,4.094185829162598,14.052351951599121,6.7131452560424805
1,343,1517.178466796875,13981.17578125,3.968698024749756,11.613409042358398,4.200857162475586
1,344,1226.7203369140625,11150.1875,3.7233848571777344,10.020182609558105,5.738008499145508
1,345,1180.6531982421875,10599.005859375,4.025085926055908,9.006744384765625,5.307375907897949
1,346,1360.65771484375,12426.35546875,3.9340686798095703,10.748221397399902,4.364819526672363
1,347,1226.39404296875,11022.5888671875,4.1378374099731445,9.409599304199219,4.842696189880371
1,348,1382.628173828125,12719.048828125,3.6907739639282227,11.001498222351074,4.817166328430176
1,349,1601.52783203125,14384.0830078125,5.437318801879883,12.272611618041992,5.849457740783691
1,350,1286.4918212890625,11726.1318359375,3.7959542274475098,10.290310859680176,7.037398338317871
1,351,1161.8570556640625,10562.142578125,3.5214273929595947,10.502113342285156,4.226452827453613
1,352,1312.549560546875,11748.0439453125,4.591504096984863,9.511000633239746,5.586092948913574
1,353,1344.067138671875,12195.4736328125,4.1506571769714355,10.653902053833008,6.885746955871582
1,354,1679.70263671875,15595.984375,4.003470420837402,11.03361701965332,7.959009170532227
1,355,1130.3111572265625,10061.53515625,4.138589382171631,8.076309204101562,6.6530256271362305
1,356,1397.844482421875,12497.455078125,4.936634063720703,9.049493789672852,6.385599136352539
1,357,1466.93505859375,13517.0185546875,3.841104507446289,10.306665420532227,4.824253082275391
1,358,1994.8299560546875,18203.35546875,5.8164777755737305,12.991415977478027,7.320077896118164
1,359,1249.5233154296875,11367.1103515625,3.7604079246520996,9.43794059753418,6.014918327331543
1,360,1189.4127197265625,10764.1015625,3.766751766204834,10.89097785949707,3.7483367919921875
1,361,2074.1474609375,19589.482421875,3.839977979660034,13.337198257446289,7.14488410949707
1,362,1165.898193359375,10502.822265625,3.853865623474121,10.494640350341797,6.47208309173584
1,363,1290.015625,11781.55859375,3.728659152984619,9.293607711791992,8.118380546569824
1,364,1643.9967041015625,15268.8203125,3.903820753097534,10.012012481689453,9.196878433227539
1,365,1590.295654296875,14444.7099609375,4.8608198165893555,11.393068313598633,4.9792327880859375
1,366,1606.8687744140625,14869.8798828125,3.9960262775421143,11.080596923828125,7.530886650085449
1,367,1222.037353515625,11141.27734375,3.596984386444092,10.071727752685547,4.462038040161133
1,368,1852.9775390625,17359.03125,3.9024765491485596,12.950103759765625,6.16970157623291
1,369,1226.666015625,11250.3515625,3.3876953125,9.188775062561035,5.679765701293945
1,370,1511.8453369140625,14006.2236328125,3.7074317932128906,11.73214054107666,4.873882293701172
1,371,1361.1492919921875,12471.4140625,3.800261974334717,10.068219184875488,5.805279731750488
1,372,1608.78369140625,14888.5185546875,3.9977238178253174,11.90144157409668,7.384417533874512
1,373,1595.5068359375,14856.013671875,3.663511037826538,12.14846420288086,5.85283088684082
1,374,1780.700927734375,16630.732421875,3.9209225177764893,10.259286880493164,7.631813049316406
1,375,1239.4122314453125,11302.701171875,3.638071298599243,9.460687637329102,5.6003618240356445
1,376,991.4522705078125,8628.376953125,4.2871527671813965,8.382800102233887,4.903481483459473
1,377,1172.5601806640625,10544.5380859375,3.9368784427642822,9.1422700881958,4.257831573486328
1,378,1392.434814453125,12836.0859375,3.627537250518799,11.437143325805664,4.836191177368164
1,379,1866.9339599609375,17298.3671875,4.569907188415527,12.054689407348633,6.14553165435791
1,380,1250.35693359375,11306.4169921875,3.990506172180176,9.158143997192383,3.363123893737793
1,381,1426.7039794921875,13097.3896484375,3.898833751678467,10.610027313232422,5.664304733276367
1,382,841.3887939453125,7250.6044921875,3.877609968185425,7.471965789794922,5.53355598449707
1,383,1209.521728515625,10945.0947265625,3.833739757537842,9.092226028442383,6.492450714111328
1,384,1464.4234619140625,13494.400390625,3.8327784538269043,11.590144157409668,6.366830825805664
1,385,1290.4168701171875,11727.7109375,3.9215240478515625,10.131247520446777,5.105471611022949
1,386,1644.2705078125,15337.630859375,3.683579683303833,15.235122680664062,6.372984886169434
1,387,1293.0299072265625,11717.85546875,4.041479110717773,10.405145645141602,5.380407333374023
1,388,1179.885986328125,10558.6474609375,4.134042739868164,9.930089950561523,4.607317924499512
1,389,1249.5423583984375,11305.025390625,3.96799373626709,8.626791000366211,5.321528434753418
1,390,1420.5089111328125,13038.59375,3.8883190155029297,11.935321807861328,6.939536094665527
1,391,1142.118408203125,10037.6240234375,4.611867904663086,10.167593002319336,4.945611000061035
1,392,1422.8836669921875,13046.705078125,3.940436840057373,10.424551963806152,6.120676040649414
1,393,1082.1290283203125,9692.859375,3.76143479347229,9.029796600341797,3.8744163513183594
1,394,1234.8209228515625,11119.4912109375,4.095726013183594,10.743088722229004,4.531642913818359
1,395,1284.012939453125,11602.29296875,4.126120567321777,11.531656265258789,5.639418601989746
1,396,1057.6356201171875,9452.025390625,3.747767686843872,10.289999008178711,4.806341171264648
1,397,1662.312255859375,15375.1318359375,4.159967422485352,11.43664264678955,5.552977561950684
1,398,1307.3941650390625,11925.080078125,3.829538345336914,10.144134521484375,3.953127861022949
1,399,1239.7391357421875,11296.1748046875,3.6707208156585693,10.507719993591309,5.668128967285156
1,400,1255.6434326171875,11350.69921875,4.019115924835205,11.182741165161133,4.688454627990723
1,401,1539.0966796875,14118.720703125,4.240821838378906,11.72943115234375,4.067106246948242
1,402,1275.600830078125,11525.583984375,4.101412773132324,9.152779579162598,3.9018144607543945
1,403,1007.8010864257812,8865.9609375,4.040164947509766,8.170501708984375,4.750725746154785
1,404,1385.657958984375,12710.52734375,3.820173740386963,9.384428024291992,6.638680458068848
1,405,1201.6507568359375,10787.1259765625,4.097938537597656,10.032346725463867,3.9298057556152344
1,406,1640.7476806640625,15225.689453125,3.939291000366211,12.822877883911133,6.682340621948242
1,407,1375.282958984375,12559.671875,3.9771952629089355,9.94262981414795,6.8333635330200195
1,408,1476.176025390625,13599.197265625,3.875206708908081,12.409154891967773,5.450104713439941
1,409,1466.6116943359375,13405.3173828125,4.202664375305176,9.424720764160156,7.431879997253418
1,410,1402.82958984375,12886.58203125,3.805710792541504,10.490751266479492,8.291600227355957
1,411,1321.8223876953125,11862.642578125,4.5186052322387695,10.267252922058105,6.264433860778809
1,412,1468.08837890625,13385.0322265625,4.3195037841796875,11.28370475769043,7.215763092041016
1,413,1538.709228515625,13895.96875,4.970412254333496,9.271265029907227,7.278160095214844
1,414,1012.9166870117188,9082.310546875,3.4895195960998535,7.734591484069824,4.73466682434082
1,415,1451.9932861328125,13183.0029296875,4.45643424987793,12.130361557006836,4.760160446166992
1,416,1361.88916015625,12379.720703125,4.130568504333496,10.452823638916016,5.927398681640625
1,417,1570.3447265625,14554.0966796875,3.8311681747436523,12.2238130569458,6.903628349304199
1,418,1159.0760498046875,10469.1044921875,3.7388522624969482,9.26829719543457,7.1577043533325195
1,419,1457.380615234375,13374.1513671875,3.9988484382629395,10.961078643798828,6.514019012451172
1,420,1179.2237548828125,10697.091796875,3.650484561920166,12.580052375793457,4.504371643066406
1,421,1349.074462890625,12329.166015625,3.8719263076782227,10.139446258544922,4.4514312744140625
1,422,1173.5079345703125,10511.30078125,4.079259395599365,9.610366821289062,5.790962219238281
1,423,1313.701171875,11881.1123046875,4.186332702636719,9.857419967651367,5.803953170776367
1,424,1290.3961181640625,11687.201171875,4.055869102478027,9.07918643951416,4.702518463134766
1,425,1112.494873046875,10032.1640625,3.642615795135498,9.553523063659668,4.378920555114746
1,426,1686.6226806640625,15423.1865234375,4.810132026672363,14.063952445983887,4.682831764221191
1,427,1202.0870361328125,10974.2236328125,3.4888226985931396,10.291275978088379,4.400696754455566
1,428,1354.601318359375,12316.130859375,4.099605560302734,9.99386215209961,5.584376335144043
1,429,1249.58642578125,11348.6826171875,3.823939561843872,9.314580917358398,5.684205055236816
1,430,1375.4677734375,12465.1923828125,4.298284530639648,10.870100021362305,4.023983955383301
1,431,1238.19921875,11175.0625,4.023097991943359,9.542542457580566,6.533342361450195
1,432,1423.3480224609375,13070.619140625,3.8762047290802,10.439682006835938,5.229422569274902
1,433,1607.8165283203125,14881.44140625,3.989078998565674,10.808229446411133,7.691959381103516
1,434,1627.72607421875,15129.0146484375,3.827486991882324,12.72783088684082,7.841146469116211
1,435,1686.494140625,15486.169921875,4.595902442932129,11.925926208496094,6.813880920410156
1,436,1804.2265625,16579.91015625,4.874516487121582,11.269304275512695,8.290121078491211
1,437,1040.4337158203125,9245.068359375,3.8642282485961914,8.173737525939941,6.808249473571777
1,438,1346.7247314453125,12172.119140625,4.3170928955078125,10.969735145568848,4.585973739624023
1,439,1471.8646240234375,13561.828125,3.856057643890381,11.896392822265625,5.553707122802734
1,440,1234.650146484375,10923.521484375,4.7432661056518555,9.680419921875,5.259060859680176
1,441,1257.545166015625,11337.96484375,4.1249566078186035,9.382691383361816,6.240852355957031
1,442,1121.741943359375,9952.6259765625,4.215975284576416,8.337058067321777,6.208398818969727
1,443,1247.0985107421875,11258.609375,4.041251182556152,8.596261978149414,6.758454322814941
1,444,1196.9329833984375,10839.8359375,3.764976739883423,8.820877075195312,5.486078262329102
1,445,1277.178955078125,11598.84765625,3.9098048210144043,10.108288764953613,5.213685035705566
1,446,1967.334228515625,18426.794921875,4.155153751373291,14.077966690063477,6.620059013366699
1,447,1353.9222412109375,12311.1904296875,4.093439102172852,11.41180419921875,5.651811599731445
1,448,1120.54052734375,9947.86328125,4.191804885864258,9.780192375183105,4.819766044616699
1,449,1463.5589599609375,13391.388671875,4.147334098815918,12.038110733032227,6.494073867797852
1,450,1533.811767578125,14044.849609375,4.310892581939697,11.058183670043945,5.585857391357422
1,451,2006.1461181640625,18457.669921875,5.345973014831543,14.35971450805664,7.198163032531738
1,452,1246.9388427734375,11320.9013671875,3.8282885551452637,11.095977783203125,5.41945743560791
1,453,1780.673095703125,16616.19140625,3.9684665203094482,13.441986083984375,5.908221244812012
1,454,1950.4620361328125,18197.80078125,4.356062889099121,15.99490737915039,5.218523025512695
1,455,1082.17138671875,9676.7607421875,3.8165111541748047,9.035285949707031,6.414710998535156
1,456,1446.1622314453125,13201.98046875,4.198805332183838,10.876609802246094,6.734292030334473
1,457,1137.2901611328125,10250.57421875,3.741089344024658,9.430221557617188,5.768559455871582
1,458,1275.1395263671875,11617.2734375,3.7804031372070312,10.025074005126953,5.333723068237305
1,459,1534.4737548828125,14169.349609375,3.9179587364196777,12.747824668884277,6.071750640869141
1,460,1296.36328125,11711.6767578125,4.173184394836426,9.772815704345703,5.456847190856934
1,461,1393.96435546875,12639.642578125,4.33333683013916,10.567788124084473,5.683646202087402
1,462,1652.2198486328125,15216.6826171875,4.351717948913574,11.46194839477539,6.48228645324707
1,463,1296.5699462890625,11829.6533203125,3.7868196964263916,10.429426193237305,3.5907840728759766
1,464,1100.2220458984375,9912.4296875,3.6326370239257812,8.791955947875977,5.481740951538086
1,465,1284.970458984375,11719.6806640625,3.7667441368103027,11.664522171020508,3.145244598388672
1,466,1253.966796875,11421.98828125,3.7255988121032715,10.255962371826172,5.058262825012207
1,467,1214.6536865234375,11114.234375,3.441007614135742,8.031794548034668,6.302180290222168
1,468,1752.984619140625,16348.482421875,3.937877655029297,14.014543533325195,5.7352294921875
1,469,1599.426025390625,14864.30859375,3.766502618789673,11.065465927124023,6.596294403076172
1,470,1327.5400390625,12074.853515625,4.001823425292969,9.68668270111084,6.813535690307617
1,471,967.54638671875,8566.298828125,3.6972177028656006,8.446006774902344,4.54994010925293
1,472,1277.3162841796875,11657.697265625,3.7182178497314453,10.777175903320312,3.6654720306396484
1,473,1382.595947265625,12653.765625,3.9073104858398438,12.190510749816895,4.903012275695801
1,474,1310.9339599609375,11950.681640625,3.8621904850006104,11.240211486816406,4.878628730773926
1,475,1435.132080078125,12887.8330078125,4.878293991088867,11.177887916564941,5.141195297241211
1,476,1446.81884765625,13282.24609375,3.9531421661376953,12.310935974121094,4.854948997497559
1,477,1374.41650390625,12582.3212890625,3.872809410095215,10.013114929199219,6.122547149658203
1,478,1753.8138427734375,16149.1435546875,4.629979610443115,12.83795166015625,5.633233070373535
1,479,1506.43603515625,13834.4296875,4.099769592285156,11.333653450012207,5.6623992919921875
1,480,1310.4619140625,12009.12890625,3.651630401611328,11.327181816101074,4.8838653564453125
1,481,1207.7235107421875,11003.314453125,3.579735279083252,10.564956665039062,5.491886138916016
1,482,1413.39453125,12903.2265625,4.102397918701172,12.441289901733398,2.8912906646728516
1,483,1297.7464599609375,11836.263671875,3.8040051460266113,10.077054977416992,4.260918617248535
1,484,1548.068115234375,14295.044921875,3.952120542526245,11.187666893005371,6.4273834228515625
1,485,1504.2349853515625,13851.55078125,3.969329357147217,12.17359733581543,5.965766906738281
1,486,1546.888671875,14231.56640625,4.124403953552246,13.151619911193848,5.259284019470215
1,487,1457.21435546875,13327.5224609375,4.148735523223877,12.989189147949219,4.409745216369629
1,488,1073.254150390625,9584.693359375,3.8261592388153076,8.792444229125977,4.241111755371094
1,489,1121.9061279296875,10114.017578125,3.6834776401519775,8.703004837036133,4.97202205657959
1,490,1347.25830078125,12192.658203125,4.266412734985352,11.48006820678711,4.910416603088379
1,491,1693.5423583984375,15802.744140625,3.775599479675293,13.172173500061035,5.695827484130859
1,492,1159.5625,10416.224609375,3.93133544921875,10.211220741271973,4.7380876541137695
1,493,1499.258056640625,13721.751953125,4.2360944747924805,10.203900337219238,6.843151092529297
1,494,1243.129638671875,11324.84765625,3.688162326812744,11.094314575195312,5.031528472900391
1,495,1240.7728271484375,11093.373046875,4.3811845779418945,9.975311279296875,5.877527236938477
1,496,1096.197509765625,9881.5458984375,3.6014320850372314,10.150851249694824,4.299102783203125
1,497,1314.09375,11944.51171875,3.988084316253662,11.713600158691406,3.969723701477051
1,498,1288.85986328125,11583.947265625,4.348837375640869,11.30225944519043,4.3299760818481445
1,499,1272.362060546875,11605.6064453125,3.7267112731933594,11.031024932861328,3.691478729248047
1,500,1065.212890625,9381.9853515625,4.233809947967529,8.046052932739258,4.239349365234375
1,501,1225.65478515625,11142.642578125,3.713014602661133,11.444032669067383,6.090001106262207
1,502,1448.8223876953125,13274.9931640625,4.044100284576416,10.255067825317383,6.272774696350098
1,503,1329.10791015625,11952.21484375,4.462879180908203,11.02891731262207,4.706286430358887
1,504,1378.424072265625,12517.306640625,4.223114013671875,10.371881484985352,6.649499893188477
1,505,1289.363525390625,11822.28125,3.5711803436279297,10.148024559020996,5.4812726974487305
1,506,1538.2008056640625,14065.630859375,4.387923240661621,11.148384094238281,4.755681037902832
1,507,950.72998046875,8372.322265625,3.7832581996917725,8.770977020263672,4.945015907287598
1,508,1264.927490234375,11560.0927734375,3.6306052207946777,10.65906047821045,5.863494873046875
1,509,1237.0928955078125,11211.3466796875,3.8652749061584473,9.927545547485352,3.589679718017578
1,510,1193.889892578125,10472.06640625,4.88944149017334,8.685487747192383,4.528066635131836
1,511,1832.4058837890625,16988.59375,4.451549530029297,13.220356941223145,6.946272850036621
1,512,1274.3157958984375,11489.2822265625,4.179584503173828,10.326066970825195,4.157525062561035
1,513,1261.3111572265625,11353.939453125,4.197239875793457,11.035225868225098,4.212128639221191
1,514,1715.2088623046875,15998.556640625,3.8451058864593506,12.42548656463623,6.398819923400879
1,515,1193.5533447265625,10728.40625,4.023754119873047,9.225130081176758,3.338719367980957
1,516,1507.1861572265625,13795.15625,4.255685806274414,11.920257568359375,5.264366149902344
1,517,1166.504150390625,10592.423828125,3.5753908157348633,10.143157005310059,5.922707557678223
1,518,1635.9010009765625,15152.15625,4.022843360900879,13.58003044128418,5.69158935546875
1,519,1777.2012939453125,16549.4140625,4.0753278732299805,12.448480606079102,6.089466094970703
1,520,1538.25244140625,14090.7314453125,4.305977821350098,12.247389793395996,5.156257629394531
1,521,1383.037841796875,12615.060546875,4.051057815551758,11.565338134765625,3.8444080352783203
1,522,1246.0941162109375,11261.8349609375,3.9970219135284424,10.533514022827148,6.392559051513672
1,523,1731.1412353515625,16083.037109375,4.09458589553833,11.734237670898438,5.838405609130859
1,524,1298.76953125,11702.7490234375,4.2831525802612305,11.300464630126953,3.9837121963500977
1,525,1199.5595703125,10753.5478515625,4.140155792236328,10.299273490905762,5.780426979064941
1,526,1522.4903564453125,14007.5341796875,4.057898998260498,11.445555686950684,5.414960861206055
1,527,2170.843505859375,20472.8359375,4.1186676025390625,15.51669692993164,8.66917610168457
1,528,1366.0777587890625,12526.884765625,3.77964448928833,9.919811248779297,6.050732612609863
1,529,1410.5859375,12915.07421875,3.969283103942871,10.64704704284668,5.050417900085449
1,530,1469.3841552734375,13486.3984375,4.024808406829834,11.9944429397583,5.81645393371582
1,531,1341.333251953125,12026.79296875,4.621796607971191,11.258875846862793,5.146448135375977
1,532,1586.266357421875,14692.97265625,3.898970127105713,11.574846267700195,6.267906188964844
1,533,1816.270751953125,16871.7734375,4.3031110763549805,13.175653457641602,6.800258636474609
1,534,1620.56298828125,14923.798828125,4.272768020629883,12.045124053955078,7.087424278259277
1,535,1078.390380859375,9555.3447265625,4.095196723937988,10.061544418334961,4.691927909851074
1,536,1731.5079345703125,15852.1396484375,4.876463413238525,11.90628433227539,5.544605255126953
1,537,1056.522705078125,9403.828125,3.871328830718994,8.334756851196289,5.18393611907959
1,538,1469.1796875,13456.703125,4.116981506347656,11.350740432739258,3.154355049133301
1,539,1809.740478515625,16788.2421875,4.363874912261963,14.287385940551758,4.560839653015137
1,540,1498.5799560546875,13692.60546875,4.31064510345459,11.852689743041992,5.42540168762207
1,541,1290.096435546875,11600.0830078125,4.336270332336426,9.834207534790039,4.841917991638184
1,542,1147.39501953125,10259.880859375,4.046896457672119,10.59326457977295,5.19974422454834
1,543,1119.126953125,9872.8408203125,4.394759654998779,9.938467025756836,3.6450376510620117
1,544,1278.29296875,11511.8935546875,4.236786842346191,11.190644264221191,3.4737815856933594
1,545,1207.42138671875,10765.5224609375,4.3623046875,8.11001968383789,5.6380510330200195
1,546,1438.0726318359375,13312.3056640625,3.5614025592803955,11.076347351074219,3.9521799087524414
1,547,1254.3760986328125,11242.736328125,4.3367462158203125,10.446837425231934,4.565949440002441
1,548,1496.6732177734375,13748.064453125,4.062221527099609,12.3224515914917,4.77774715423584
1,549,881.3287353515625,7642.775390625,3.9017069339752197,8.311473846435547,4.746654510498047
1,550,1235.285888671875,11285.6640625,3.557314395904541,10.978445053100586,3.5540895462036133
1,551,1260.6214599609375,11385.517578125,4.068991661071777,10.81950569152832,4.618495941162109
1,552,1102.9278564453125,9888.72265625,3.801854133605957,9.948570251464844,5.330763816833496
1,553,1245.4952392578125,11202.0595703125,4.176309585571289,9.620981216430664,4.426152229309082
1,554,1713.1185302734375,15770.23828125,4.536489486694336,12.773832321166992,5.93134880065918
1,555,1502.7884521484375,13895.23828125,3.7754878997802734,13.878828048706055,3.3445615768432617
1,556,1186.5194091796875,10658.9609375,4.020777225494385,8.51142692565918,5.146368980407715
1,557,1545.4608154296875,14243.6181640625,4.036633014678955,13.14486312866211,3.21197509765625
1,558,1202.487548828125,10898.044921875,3.756101131439209,9.76257038116455,5.913106918334961
1,559,1183.4107666015625,10682.970703125,3.8371200561523438,10.010146141052246,5.665973663330078
1,560,1399.380126953125,12827.4296875,3.8879032135009766,10.989727973937988,7.85675048828125
1,561,2021.5281982421875,18767.21875,4.826875686645508,14.856948852539062,5.323081016540527
1,562,1296.7938232421875,11784.7431640625,3.9439821243286133,11.36284065246582,5.094483375549316
1,563,1928.4033203125,18012.552734375,4.23826789855957,12.398456573486328,5.332202911376953
1,564,1337.280029296875,12196.830078125,3.91990065574646,9.135683059692383,5.365701675415039
1,565,1127.958984375,9980.244140625,4.331153392791748,10.186267852783203,5.862850189208984
1,566,1513.6138916015625,14011.6796875,3.7481961250305176,12.634471893310547,4.528504371643066
1,567,1355.05517578125,12471.16015625,3.5979700088500977,9.70115852355957,5.201094627380371
1,568,1182.07373046875,10776.27734375,3.4815292358398438,8.314064025878906,6.4109954833984375
1,569,1255.4866943359375,11354.55859375,4.001023769378662,10.30062484741211,4.356306076049805
1,570,1360.4747314453125,12471.2587890625,3.778296709060669,11.29427719116211,4.6469221115112305
1,571,1152.731201171875,10200.759765625,4.421842575073242,9.448092460632324,5.195111274719238
1,572,1505.07421875,13838.8818359375,4.039536476135254,10.669227600097656,4.5836992263793945
1,573,1103.081787109375,9978.0,3.509394645690918,8.750856399536133,4.612381935119629
1,574,1188.625,10582.9951171875,4.344179153442383,11.153690338134766,3.848565101623535
1,575,1689.14990234375,15732.9951171875,3.8616766929626465,13.305188179016113,4.916228294372559
1,576,1307.47265625,11736.109375,4.462058067321777,10.818055152893066,4.915182113647461
1,577,1679.9918212890625,15481.40234375,4.395053386688232,12.402868270874023,4.317015647888184
1,578,1458.2135009765625,13252.8330078125,4.431005477905273,11.69981861114502,5.643202781677246
1,579,1862.70654296875,17503.185546875,3.746263027191162,13.262381553649902,6.960515022277832
1,580,1227.00732421875,10969.291015625,4.33594274520874,11.127274513244629,5.8575334548950195
1,581,1473.144287109375,13424.830078125,4.355373382568359,11.19318962097168,5.744405746459961
1,582,995.5498657226562,8777.6171875,3.926271915435791,9.869426727294922,5.252664566040039
1,583,1410.099609375,12752.125,4.496237277984619,11.280099868774414,4.045529365539551
1,584,1092.51953125,9540.6064453125,4.615296363830566,9.352825164794922,3.7099504470825195
1,585,1388.5450439453125,12663.8935546875,4.0718536376953125,11.459359169006348,4.5590362548828125
1,586,1194.7109375,10748.3994140625,3.995699405670166,9.177879333496094,6.911350250244141
1,587,1389.95947265625,12590.630859375,4.363211631774902,11.43332290649414,5.023946762084961
1,588,1351.719482421875,12344.884765625,3.9076974391937256,7.319577217102051,6.138039588928223
1,589,1729.636474609375,16008.6669921875,4.292326927185059,12.398046493530273,5.530193328857422
1,590,1511.90869140625,13897.296875,4.072632312774658,9.959443092346191,7.468647003173828
1,591,1250.2332763671875,11210.302734375,4.306766510009766,11.717193603515625,4.144115447998047
1,592,1141.754150390625,10219.578125,3.993210792541504,10.464193344116211,4.955939292907715
1,593,1622.49462890625,15014.22265625,4.035747051239014,12.26225757598877,6.872321128845215
1,594,1363.7630615234375,12471.6552734375,3.886582612991333,11.251846313476562,5.011763572692871
1,595,1683.4317626953125,15682.2587890625,3.8401918411254883,12.75815200805664,8.85403060913086
1,596,1560.380859375,14417.103515625,3.9556844234466553,10.226896286010742,6.3054399490356445
1,597,1535.2001953125,14038.78125,4.377398490905762,11.837593078613281,6.292062759399414
1,598,1244.9951171875,11371.7490234375,3.594007730484009,8.000823020935059,8.001900672912598
1,599,934.50732421875,8307.0810546875,3.4599742889404297,7.989142417907715,3.0419845581054688
1,600,1595.7840576171875,14654.7431640625,4.343656539916992,11.375812530517578,6.6639251708984375
1,601,1756.763427734375,16319.41796875,4.160721302032471,13.853134155273438,6.656741142272949
1,602,1298.5198974609375,11895.126953125,3.633573055267334,10.265946388244629,6.635882377624512
1,603,1284.6817626953125,11702.228515625,3.815295696258545,10.01025104522705,5.973567008972168
1,604,1041.0665283203125,9146.5869140625,4.213596343994141,8.500489234924316,5.070444107055664
1,605,1190.56884765625,10867.7890625,3.4596657752990723,9.77355670928955,4.434232711791992
1,606,924.7283935546875,8029.01708984375,4.060889720916748,7.599627494812012,5.321298599243164
1,607,1296.8203125,11773.873046875,3.981099843978882,9.956932067871094,5.818206787109375
1,608,1486.651611328125,13023.470703125,6.143484115600586,10.785823822021484,5.224705696105957
1,609,1648.9801025390625,15180.740234375,4.363534927368164,13.888776779174805,3.5980348587036133
1,610,1439.563232421875,13162.619140625,4.11004114151001,9.508726119995117,7.77193546295166
1,611,1536.03173828125,14159.5947265625,4.002410888671875,12.527795791625977,5.565513610839844
1,612,1399.6077880859375,12784.12890625,4.039827346801758,11.304854393005371,6.2678680419921875
1,613,1312.325927734375,11970.2900390625,3.8432304859161377,11.032303810119629,5.27040958404541
1,614,1249.5107421875,10972.138671875,5.076562404632568,10.943666458129883,5.799072265625
1,615,1718.3121337890625,15912.36328125,4.235861778259277,13.458791732788086,5.402712821960449
1,616,925.0947265625,8013.6953125,4.124171257019043,8.889442443847656,4.417350769042969
1,617,1354.666259765625,12453.4013671875,3.6442036628723145,11.66240406036377,5.834629058837891
1,618,1759.720947265625,16318.5703125,4.262130260467529,13.904584884643555,4.245023727416992
1,619,1131.1322021484375,10063.47265625,4.159496307373047,8.814016342163086,5.737405776977539
1,620,1222.858154296875,11073.923828125,3.8488576412200928,10.431880950927734,3.929459571838379
1,621,1174.073974609375,10621.3427734375,3.7313225269317627,10.058445930480957,5.194887161254883
1,622,1735.3436279296875,16071.28515625,4.273837089538574,11.219991683959961,8.164560317993164
1,623,1505.813720703125,13970.7841796875,3.6245057582855225,9.135233879089355,9.628947257995605
1,624,1328.212646484375,12072.779296875,4.03115701675415,10.155007362365723,3.485701560974121
1,625,1300.8538818359375,11730.76953125,4.259227752685547,10.266987800598145,4.580361366271973
1,626,1575.8828125,14523.8505859375,4.116589546203613,11.644048690795898,4.738957405090332
1,627,1172.8177490234375,10638.923828125,3.630842685699463,10.535232543945312,4.148764610290527
1,628,1848.965087890625,17392.638671875,3.6567044258117676,14.269089698791504,6.127079010009766
1,629,1288.8140869140625,11693.79296875,3.981159210205078,9.830243110656738,6.346446990966797
1,630,1733.7080078125,16014.9580078125,4.4070725440979,13.706626892089844,4.605068206787109
1,631,1402.7548828125,12756.91015625,4.235461711883545,9.052177429199219,6.394622802734375
1,632,1260.9886474609375,11408.3349609375,4.005173206329346,10.136772155761719,4.172370910644531
1,633,1261.469970703125,11414.59765625,4.000335693359375,10.024654388427734,4.805689811706543
1,634,1254.625732421875,11474.4130859375,3.572815179824829,9.305961608886719,6.078996658325195
1,635,1368.7840576171875,12511.494140625,3.921154737472534,11.249002456665039,4.427853584289551
1,636,959.9078979492188,8576.08203125,3.409990072250366,7.4397382736206055,5.41256046295166
1,637,1389.6917724609375,12685.626953125,4.037632465362549,10.645355224609375,5.797799110412598
1,638,1197.620849609375,10859.171875,3.7234530448913574,9.861573219299316,5.878109931945801
1,639,1413.564208984375,12821.396484375,4.380820274353027,11.407669067382812,5.6109209060668945
1,640,1572.8509521484375,14491.4716796875,4.123456001281738,11.725486755371094,5.847055435180664
1,641,1490.7237548828125,13808.84765625,3.6613001823425293,11.594290733337402,6.458786964416504
1,642,1046.48095703125,9133.9072265625,4.43634033203125,9.227601051330566,3.3063411712646484
1,643,1190.488525390625,10725.43359375,3.9315061569213867,10.173004150390625,4.762504577636719
1,644,1726.6339111328125,16005.64453125,4.202313423156738,13.105093955993652,4.686737060546875
1,645,1446.6279296875,13065.29296875,4.669952392578125,11.789587020874023,3.845759391784668
1,646,1422.96142578125,12980.837890625,4.162586212158203,12.305288314819336,4.538425445556641
1,647,1067.91064453125,9375.35546875,4.345834732055664,8.72718620300293,4.143630027770996
1,648,1452.0716552734375,13276.82421875,4.146304130554199,11.414417266845703,5.3025407791137695
1,649,1015.9002075195312,8987.3828125,3.905397653579712,10.197574615478516,3.4861574172973633
1,650,1528.7069091796875,14101.0400390625,3.95343017578125,11.681395530700684,5.532008171081543
1,651,1427.7149658203125,13159.7744140625,3.7245841026306152,12.809293746948242,3.2702369689941406
1,652,1633.0357666015625,14971.224609375,4.53044319152832,12.01007080078125,4.767364501953125
1,653,1246.6148681640625,10546.6298828125,6.39839506149292,9.508085250854492,5.380862236022949
1,654,1219.9656982421875,11091.4345703125,3.6940741539001465,9.954627990722656,5.350940704345703
1,655,1506.9002685546875,13844.8759765625,4.080421447753906,11.91667366027832,6.147678375244141
1,656,1345.2532958984375,12369.076171875,3.6115221977233887,10.214032173156738,4.775732040405273
1,657,1342.453369140625,12151.73046875,4.242677688598633,11.467185020446777,5.828253746032715
1,658,1649.4854736328125,15118.4560546875,4.5879974365234375,12.433229446411133,6.848258972167969
1,659,1357.7052001953125,12475.732421875,3.6710641384124756,10.666091918945312,6.8213396072387695
1,660,962.5615234375,8561.7763671875,3.546128749847412,7.334460258483887,5.898639678955078
1,661,1687.2613525390625,15672.0791015625,4.001781463623047,11.938911437988281,7.999259948730469
1,662,1613.569091796875,14991.9228515625,3.812561511993408,13.49804401397705,4.387673377990723
1,663,1476.6982421875,13569.61328125,3.991232395172119,9.759303092956543,4.732047080993652
1,664,1373.4849853515625,12547.6943359375,3.957186222076416,11.11465072631836,4.174188613891602
1,665,1167.2760009765625,10444.4462890625,4.094376564025879,10.732414245605469,5.781365394592285
1,666,1164.69873046875,10562.8837890625,3.6136763095855713,10.25554084777832,3.9043684005737305
1,667,2046.487060546875,19126.857421875,4.460042953491211,15.664657592773438,5.255795478820801
1,668,1154.3797607421875,10363.0439453125,3.935845375061035,10.266572952270508,5.313570022583008
1,669,1495.5523681640625,13800.427734375,3.850318193435669,10.892465591430664,5.835947036743164
1,670,1749.1929931640625,16321.044921875,3.9029488563537598,10.714399337768555,6.333831787109375
1,671,994.347900390625,8873.8359375,3.565476417541504,8.718748092651367,5.4283037185668945
1,672,1226.0718994140625,11051.390625,4.031095504760742,11.041318893432617,3.895442008972168
1,673,1287.494140625,11705.009765625,3.8997716903686523,11.040517807006836,4.984892845153809
1,674,1622.00439453125,14939.4345703125,4.268695831298828,13.067707061767578,5.410648345947266
1,675,1176.4515380859375,10477.923828125,4.288640022277832,10.147194862365723,5.167694091796875
1,676,977.770751953125,8605.689453125,3.9067258834838867,9.226686477661133,3.7743968963623047
1,677,1291.3079833984375,11534.8779296875,4.5940046310424805,11.062902450561523,5.631136894226074
1,678,1269.1585693359375,11559.349609375,3.7741219997406006,11.14384651184082,5.381338119506836
1,679,1323.880859375,11837.513671875,4.6709818840026855,10.113310813903809,5.822842597961426
1,680,1140.530517578125,10335.19921875,3.5670204162597656,10.1092529296875,5.203518867492676
1,681,1400.3236083984375,12857.6748046875,3.8185369968414307,12.138633728027344,5.461546897888184
1,682,1419.6630859375,12994.216796875,4.008044242858887,10.655778884887695,5.444994926452637
1,683,1045.50390625,9250.90234375,4.013788223266602,8.553885459899902,3.270754814147949
1,684,1094.1937255859375,9865.248046875,3.5889644622802734,8.899300575256348,3.7551841735839844
1,685,1093.674072265625,9757.2685546875,3.931574821472168,8.62275505065918,2.9918642044067383
1,686,1491.711181640625,13701.80078125,4.051037788391113,10.763738632202148,4.8662309646606445
1,687,1414.4903564453125,12915.578125,4.09774923324585,11.458255767822266,5.319846153259277
1,688,1177.6168212890625,10649.1943359375,3.7565813064575195,9.822488784790039,5.880169868469238
1,689,2135.496826171875,20146.3984375,4.028566360473633,13.180183410644531,8.557724952697754
1,690,1385.697509765625,12672.2177734375,3.9491891860961914,10.028560638427734,5.3914337158203125
1,691,1439.098876953125,13255.265625,3.7857420444488525,9.924762725830078,6.820727348327637
1,692,1249.779296875,11382.1640625,3.7187604904174805,9.272246360778809,6.5604352951049805
1,693,1520.748779296875,13975.77734375,4.105700492858887,10.351628303527832,6.245111465454102
1,694,1094.0931396484375,9815.224609375,3.7523577213287354,7.534387111663818,5.9924726486206055
1,695,1360.0079345703125,12367.2958984375,4.109278202056885,11.860383987426758,4.784134864807129
1,696,1163.4705810546875,10483.046875,3.83886456489563,9.169757843017578,5.545076370239258
1,697,1382.3046875,12730.9677734375,3.640261173248291,10.737760543823242,4.0906524658203125
1,698,1463.599853515625,13560.23828125,3.5858688354492188,12.78768253326416,3.9935922622680664
1,699,1403.783935546875,12827.8671875,4.033238410949707,10.250883102416992,4.435133934020996
1,700,1280.257568359375,11610.732421875,3.972809314727783,10.243743896484375,5.227053642272949
1,701,1481.48583984375,13616.408203125,3.9948341846466064,11.756834983825684,5.64015007019043
1,702,1417.5303955078125,13038.423828125,3.7895994186401367,11.614339828491211,4.289284706115723
1,703,1722.055419921875,15936.8173828125,4.279119968414307,14.158930778503418,5.42893123626709
1,704,1196.7587890625,10849.76953125,3.726060390472412,10.041048049926758,5.439562797546387
1,705,948.4366455078125,8427.462890625,3.523012161254883,9.21918773651123,3.3970947265625
1,706,1229.963623046875,11112.9912109375,3.955482006072998,10.677881240844727,5.038607597351074
1,707,1158.763916015625,10488.86328125,3.662584066390991,10.057502746582031,6.687294006347656
1,708,1488.5308837890625,13691.775390625,3.9784421920776367,12.922691345214844,4.989628791809082
1,709,1785.76318359375,16710.283203125,3.8244948387145996,13.080458641052246,4.729893684387207
1,710,988.5325317382812,8724.904296875,3.868070125579834,7.465802192687988,6.09593391418457
1,711,1194.216796875,10805.935546875,3.7874395847320557,11.247207641601562,4.596561431884766
1,712,1420.4376220703125,12956.779296875,4.15865421295166,11.233159065246582,3.481621742248535
1,713,929.400390625,8230.8076171875,3.5439884662628174,6.647611618041992,5.404557228088379
1,714,944.3486938476562,8356.0439453125,3.6248087882995605,7.860662460327148,4.367291450500488
1,715,757.2335815429688,6523.84765625,3.4949612617492676,7.117465496063232,4.910769462585449
1,716,1517.516357421875,13881.2021484375,4.313205718994141,11.331216812133789,6.327033042907715
1,717,985.1420288085938,8725.9912109375,3.751430034637451,9.48436450958252,3.767690658569336
1,718,1217.1485595703125,10885.5400390625,4.286481857299805,9.803064346313477,5.0864105224609375
1,719,1434.744873046875,13111.8984375,4.118501663208008,12.499788284301758,2.791950225830078
1,720,1405.8612060546875,12859.318359375,3.9976422786712646,12.760753631591797,4.990095138549805
1,721,1183.5714111328125,10685.341796875,3.8345727920532227,9.750652313232422,4.493542671203613
1,722,1216.3726806640625,11069.0048828125,3.6490719318389893,10.428157806396484,3.9645862579345703
1,723,1192.296875,10823.935546875,3.6634435653686523,9.383235931396484,5.211148262023926
1,724,1108.5596923828125,9960.615234375,3.7499380111694336,9.094324111938477,4.671106338500977
1,725,1600.0400390625,14751.1669921875,4.164111137390137,12.292917251586914,5.976269721984863
1,726,1004.3463134765625,9020.5341796875,3.409763813018799,8.905694961547852,4.472055435180664
1,727,1110.048583984375,9989.2734375,3.7040417194366455,9.303485870361328,3.7260990142822266
1,728,1842.290283203125,17190.037109375,4.109550952911377,12.15230941772461,7.196999549865723
1,729,1064.8436279296875,9525.3720703125,3.7435479164123535,9.557334899902344,3.40670108795166
1,730,959.545166015625,8490.8037109375,3.6821603775024414,7.821998119354248,5.790836334228516
1,731,1759.2451171875,16483.90625,3.695147752761841,13.434436798095703,4.419253349304199
1,732,1279.9066162109375,11740.7529296875,3.5277099609375,12.040749549865723,4.8929243087768555
1,733,1204.1607666015625,10886.046875,3.851868152618408,11.391818046569824,3.3798580169677734
1,734,1291.956298828125,11639.15234375,4.268032073974609,10.315401077270508,5.4987592697143555
1,735,1660.47216796875,15284.8125,4.3996968269348145,13.002431869506836,5.094940185546875
1,736,1489.66259765625,13616.248046875,4.267924785614014,10.694717407226562,5.1203460693359375
1,737,1483.909423828125,13546.9736328125,4.30706787109375,12.098245620727539,4.616443634033203
1,738,1245.5823974609375,11319.03515625,3.7892932891845703,9.426363945007324,6.132288932800293
1,739,994.60498046875,8847.728515625,3.6610686779022217,9.019031524658203,3.836071014404297
1,740,780.391845703125,6711.171875,3.642488956451416,7.156932353973389,4.947908401489258
1,741,1370.0194091796875,12509.537109375,3.9688541889190674,11.871332168579102,4.361737251281738
1,742,1521.9053955078125,14022.9921875,3.9868741035461426,10.738194465637207,5.080928802490234
1,743,1351.95458984375,12332.892578125,3.955507278442383,10.153407096862793,4.857086181640625
1,744,1106.5496826171875,9892.4580078125,3.9101316928863525,10.399148941040039,4.266814231872559
1,745,1451.40966796875,13350.7041015625,3.877974033355713,11.739057540893555,4.438202857971191
1,746,943.2868041992188,8308.3193359375,3.74849534034729,9.001389503479004,4.164773941040039
1,747,1159.0250244140625,10351.3134765625,4.129789352416992,9.715112686157227,3.710476875305176
1,748,1512.2413330078125,13926.384765625,3.9867606163024902,12.556257247924805,3.539402961730957
1,749,1096.0784912109375,9833.08203125,3.759006977081299,8.964493751525879,3.999666213989258
1,750,1122.561767578125,10066.361328125,3.864187002182007,9.70032787322998,4.910964012145996
1,751,1270.429931640625,11622.90625,3.6046409606933594,10.344464302062988,6.324016571044922
1,752,1092.908203125,9757.7890625,3.9043092727661133,9.664859771728516,3.0230560302734375
1,753,1642.926513671875,15158.908203125,4.2345194816589355,11.594917297363281,6.581284523010254
1,754,1514.882080078125,14009.107421875,3.799044132232666,12.24489974975586,4.497553825378418
1,755,1715.1832275390625,15776.259765625,4.58524227142334,12.124967575073242,4.087164878845215
1,756,1505.3170166015625,13790.48828125,4.2089385986328125,12.702447891235352,4.459686279296875
1,757,1511.5126953125,13967.8203125,3.8243515491485596,12.084692001342773,5.37080192565918
1,758,1181.504638671875,10607.576171875,4.024896621704102,9.7958984375,5.278985023498535
1,759,1320.9427490234375,11957.546875,4.172933578491211,11.997129440307617,3.7837677001953125
1,760,1656.951171875,15340.412109375,4.096997261047363,12.868532180786133,5.348791122436523
1,761,1396.615966796875,12749.2353515625,4.056410789489746,9.96116828918457,7.733186721801758
1,762,1177.674560546875,10660.3935546875,3.7211689949035645,10.24787425994873,4.994869232177734
1,763,1213.6678466796875,11048.0859375,3.628640651702881,12.577713012695312,4.304936408996582
1,764,1537.9090576171875,14167.673828125,4.038054943084717,11.619745254516602,6.054913520812988
1,765,1467.9510498046875,13590.896484375,3.628710985183716,11.546319961547852,4.370724678039551
1,766,1219.66259765625,11008.806640625,3.959393262863159,10.426248550415039,4.064793586730957
1,767,1244.25048828125,11344.4365234375,3.660226583480835,10.991076469421387,4.860881805419922
1,768,1563.052490234375,14461.390625,3.8971149921417236,11.163192749023438,8.093619346618652
1,769,1677.048828125,15369.78515625,4.669011116027832,12.92225456237793,5.743668556213379
1,770,1500.9141845703125,13729.595703125,4.265151500701904,11.42162799835205,4.410884857177734
1,771,1055.15185546875,9465.8798828125,3.61879563331604,9.525197982788086,4.651524543762207
1,772,1648.6922607421875,15386.6015625,3.667736291885376,11.057520866394043,6.638540267944336
1,773,1394.8721923828125,12797.23828125,3.8382761478424072,11.527130126953125,3.929518699645996
1,774,1636.2467041015625,15250.5419921875,3.7064173221588135,11.645532608032227,5.9075422286987305
1,775,1024.0833740234375,9115.6640625,3.75056529045105,7.768202304840088,3.1927566528320312
1,776,1190.876953125,10802.1796875,3.688632011413574,9.07696533203125,5.336678504943848
1,777,1537.543212890625,14211.6318359375,3.8793344497680664,12.046555519104004,4.7770280838012695
1,778,1376.3134765625,12591.4853515625,3.9054982662200928,9.793319702148438,6.628460884094238
1,779,1608.06396484375,14841.6494140625,4.129966735839844,12.151788711547852,6.378352165222168
1,780,1237.28271484375,11218.3876953125,3.848130226135254,8.734064102172852,6.033358573913574
1,781,1535.5472412109375,14176.03515625,3.931457757949829,12.118328094482422,4.768407821655273
1,782,1269.117431640625,11544.5625,3.8220386505126953,10.055662155151367,6.753139495849609
1,783,1164.02978515625,10473.912109375,3.8879520893096924,10.681535720825195,4.520688056945801
1,784,1705.543212890625,15721.177734375,4.447511672973633,13.884510040283203,3.7890539169311523
1,785,1484.12548828125,13604.796875,4.121522903442383,13.48389720916748,4.547146797180176
1,786,1903.9072265625,17902.67578125,3.7879862785339355,9.941200256347656,9.44232177734375
1,787,1472.11474609375,13221.091796875,5.000182628631592,11.269107818603516,6.240863800048828
1,788,1648.544189453125,15373.2451171875,3.7073187828063965,11.414432525634766,6.386090278625488
1,789,1020.528076171875,9093.8623046875,3.7047290802001953,8.611381530761719,5.709864616394043
1,790,1673.1556396484375,15528.96484375,4.008639335632324,13.287250518798828,6.334939956665039
1,791,1423.2734375,13059.669921875,3.910215377807617,11.771504402160645,4.506863594055176
1,792,1888.0517578125,17797.267578125,3.6108317375183105,8.755375862121582,10.938085556030273
1,793,1338.857666015625,12270.8310546875,3.7258191108703613,11.8038330078125,2.669100761413574
1,794,1371.1717529296875,12499.0302734375,4.042287826538086,10.258584976196289,7.1153717041015625
1,795,1328.20703125,12079.18359375,4.009624481201172,10.333060264587402,6.721266746520996
1,796,1005.9981689453125,8869.9287109375,3.9668431282043457,9.623495101928711,5.380714416503906
1,797,1470.3787841796875,13515.970703125,3.95939302444458,12.652947425842285,4.555365562438965
1,798,1101.0205078125,9928.9453125,3.604198932647705,9.103153228759766,4.06013298034668
1,799,1818.529296875,16871.150390625,4.380474090576172,12.97457504272461,6.916186332702637
1,800,1195.58984375,10794.0126953125,3.872952938079834,9.53928279876709,4.4775238037109375
1,801,1657.5775146484375,15319.748046875,4.186756134033203,13.898529052734375,4.21090030670166
1,802,1729.60302734375,15815.859375,4.933900833129883,12.501998901367188,5.374129295349121
1,803,1096.1365966796875,9850.1640625,3.704005241394043,8.621759414672852,5.1764373779296875
1,804,1567.999755859375,14372.607421875,4.357967376708984,12.022637367248535,5.821329116821289
1,805,1151.686279296875,10398.455078125,3.7280242443084717,10.91384220123291,4.041670799255371
1,806,1180.35986328125,10534.7333984375,4.229550838470459,10.486950874328613,3.37890625
1,807,1645.0494384765625,15173.029296875,4.258214950561523,13.009479522705078,6.444826126098633
1,808,1204.5048828125,10790.9150390625,4.180445194244385,9.359813690185547,4.885047912597656
1,809,1948.319091796875,18285.033203125,3.993858814239502,13.27679443359375,8.221718788146973
1,810,1541.335693359375,14295.859375,3.7249927520751953,10.52467155456543,5.729026794433594
1,811,1500.588623046875,13804.7431640625,4.003809928894043,12.213935852050781,4.36712646484375
1,812,1120.9306640625,9877.98828125,4.4377264976501465,10.332060813903809,3.481069564819336
1,813,1475.431396484375,13672.603515625,3.6057002544403076,10.88864517211914,6.6338958740234375
1,814,1367.6929931640625,12404.484375,4.24148416519165,11.222249984741211,4.7914628982543945
1,815,1166.0660400390625,10578.521484375,3.6071290969848633,9.46826171875,4.940071105957031
1,816,1445.8624267578125,13277.33203125,3.937636613845825,12.058615684509277,2.633011817932129
1,817,1164.0404052734375,10530.7314453125,3.6989083290100098,10.739152908325195,3.286712646484375
1,818,1211.8740234375,11002.8076171875,3.7197763919830322,8.909381866455078,6.328246116638184
1,819,1406.920654296875,12908.6416015625,3.8685495853424072,10.636848449707031,4.6955976486206055
1,820,1155.084228515625,10288.6484375,4.20731258392334,10.347339630126953,3.8032960891723633
1,821,1016.470947265625,8970.74609375,3.979877471923828,9.278430938720703,3.334437370300293
1,822,1308.6766357421875,11938.2275390625,3.828462839126587,11.487646102905273,4.719797134399414
1,823,1296.04541015625,11896.14453125,3.547698497772217,10.71984577178955,3.4783687591552734
1,824,1223.3916015625,11200.697265625,3.4440650939941406,9.064705848693848,4.812633514404297
1,825,1336.0274658203125,12171.548828125,3.962418794631958,10.093908309936523,6.17906379699707
1,826,2036.820556640625,19108.958984375,4.1974897384643555,13.2260160446167,7.348244667053223
1,827,1541.475341796875,14080.94140625,4.446040153503418,11.86810302734375,7.0867719650268555
1,828,1181.816650390625,10602.783203125,4.051279067993164,9.186018943786621,5.474138259887695
1,829,1252.278076171875,11421.0322265625,3.672495126724243,10.58940315246582,4.961895942687988
1,830,1333.5616455078125,12078.3515625,4.190881252288818,11.875395774841309,4.504593849182129
1,831,1563.068115234375,14449.8955078125,3.935950517654419,14.71042251586914,4.5482072830200195
1,832,1518.4091796875,14021.80078125,3.874302864074707,11.703956604003906,7.280782699584961
1,833,1588.1478271484375,14737.501953125,3.8132519721984863,12.713798522949219,5.209885597229004
1,834,1618.0684814453125,14940.2392578125,4.134817600250244,14.45499038696289,4.964832305908203
1,835,1472.943359375,13112.025390625,5.391359806060791,11.988916397094727,7.073638916015625
1,836,1251.9256591796875,11465.3203125,3.5131194591522217,8.499916076660156,6.715664863586426
1,837,1137.8529052734375,10056.4375,4.4069719314575195,10.06933307647705,3.662386894226074
1,838,1554.981201171875,14359.5078125,3.9676804542541504,10.210649490356445,7.909587860107422
1,839,1407.931640625,12928.236328125,3.836932897567749,12.228899002075195,4.506313323974609
1,840,940.6136474609375,8309.1015625,3.656783103942871,9.11242389678955,4.127016067504883
1,841,915.5458984375,8052.7568359375,3.6756744384765625,6.316902160644531,4.674003601074219
1,842,1311.102783203125,11898.064453125,4.04320764541626,11.281243324279785,2.819761276245117
1,843,1326.11083984375,12111.5546875,3.8318443298339844,12.622108459472656,3.7386817932128906
1,844,1039.001220703125,9245.58203125,3.8147659301757812,6.790639400482178,4.048377990722656
1,845,1535.5396728515625,14083.4287109375,4.23989200592041,10.567723274230957,6.798005104064941
1,846,1426.838134765625,13057.3642578125,4.0367231369018555,11.143210411071777,4.89969539642334
1,847,1837.646240234375,17187.373046875,3.9636306762695312,11.903928756713867,5.9086809158325195
1,848,1512.6121826171875,13902.296875,4.0794148445129395,12.469916343688965,4.564608573913574
1,849,1442.3927001953125,13291.57421875,3.774506092071533,11.397936820983887,7.223541259765625
1,850,1307.490478515625,11878.03515625,3.9895620346069336,10.385048866271973,5.317169189453125
1,851,1248.10986328125,11292.552734375,3.961820125579834,11.082062721252441,3.402193069458008
1,852,1183.3392333984375,10559.404296875,4.2466278076171875,10.037872314453125,4.676897048950195
1,853,976.2692260742188,8620.775390625,3.8063879013061523,7.624191761016846,4.518848419189453
1,854,1846.8431396484375,16833.46875,5.4498724937438965,15.065547943115234,4.6657209396362305
1,855,1250.254638671875,11273.0439453125,4.0983381271362305,9.604002952575684,6.403470039367676
1,856,1219.490234375,10915.8583984375,4.263481140136719,9.251726150512695,6.041010856628418
1,857,1200.763916015625,10830.087890625,3.925172805786133,9.801097869873047,4.782286643981934
1,858,1477.9130859375,13677.326171875,3.6726813316345215,11.306499481201172,6.709612846374512
1,859,1382.44677734375,12557.814453125,4.222177028656006,11.887107849121094,5.400025367736816
1,860,1576.0633544921875,14599.837890625,3.8693177700042725,12.373810768127441,4.315396308898926
1,861,1627.76708984375,15045.5859375,4.1069488525390625,13.182621002197266,5.086907386779785
1,862,1152.9779052734375,10436.05078125,3.6457595825195312,10.26871395111084,4.718911170959473
1,863,977.0502319335938,8673.5966796875,3.6563520431518555,9.38657283782959,3.336231231689453
1,864,1108.77197265625,9979.412109375,3.69435977935791,9.783641815185547,5.48966121673584
1,865,1678.4727783203125,15638.25390625,3.8215785026550293,12.268732070922852,7.571189880371094
1,866,1654.0531005859375,15243.73828125,4.3226399421691895,12.131763458251953,5.186070442199707
1,867,967.4842529296875,8520.8916015625,3.8465027809143066,9.9999418258667,2.171751022338867
1,868,1591.78125,14778.4150390625,3.7979912757873535,12.222921371459961,6.36160945892334
1,869,1186.1357421875,10696.2978515625,3.883530616760254,9.091944694519043,4.0870819091796875
1,870,1240.617431640625,11226.33203125,3.932809352874756,11.742328643798828,3.9057178497314453
1,871,1351.9481201171875,12301.291015625,4.060633659362793,10.464593887329102,4.836308479309082
1,872,1481.6551513671875,13435.97265625,4.6019287109375,13.03696060180664,3.0479583740234375
1,873,1435.6324462890625,13103.7421875,4.1752729415893555,12.958706855773926,4.484025001525879
1,874,1529.471435546875,14046.5439453125,4.160565376281738,12.947604179382324,4.356301307678223
1,875,1515.38671875,13776.9697265625,4.589658737182617,12.343240737915039,3.2062883377075195
1,876,1343.60205078125,12328.6640625,3.6911869049072266,11.492303848266602,5.121886253356934
1,877,1499.711181640625,13857.1357421875,3.799917221069336,12.886824607849121,5.587690353393555
1,878,1674.3203125,15380.80859375,4.541313171386719,12.952227592468262,5.025224685668945
1,879,1248.1781005859375,11380.576171875,3.670682191848755,10.66322135925293,5.10542106628418
1,880,1275.8729248046875,11679.00390625,3.5990827083587646,9.899767875671387,4.5321245193481445
1,881,1025.656494140625,9083.4189453125,3.9104857444763184,8.351545333862305,4.929791450500488
1,882,1325.776123046875,12124.919921875,3.7761335372924805,11.871196746826172,5.7224626541137695
1,883,1460.4207763671875,13346.7666015625,4.191471576690674,11.444482803344727,4.641888618469238
1,884,1891.474609375,17716.552734375,3.9939799308776855,13.335437774658203,5.9290618896484375
1,885,1510.599365234375,13985.3447265625,3.7354960441589355,12.327741622924805,4.545341491699219
1,886,1126.4849853515625,10152.1796875,3.7089009284973145,11.275461196899414,5.091682434082031
1,887,1617.0836181640625,14952.2451171875,4.061969757080078,11.124292373657227,6.705506324768066
1,888,1457.9344482421875,13344.4482421875,4.11631965637207,12.145015716552734,4.783148765563965
1,889,1518.880615234375,13781.404296875,4.691339015960693,12.26063346862793,4.865194320678711
1,890,1606.1143798828125,14893.0703125,3.8935787677764893,13.008430480957031,5.267165184020996
1,891,1167.994873046875,10529.09375,3.836182117462158,10.336183547973633,4.514649391174316
1,892,1080.297119140625,9602.3642578125,4.0020222663879395,10.535737991333008,3.541370391845703
1,893,1359.664306640625,12369.271484375,4.091238021850586,10.511768341064453,6.267857551574707
1,894,1176.090576171875,10642.7763671875,3.727093458175659,9.844524383544922,3.644529342651367
1,895,1656.63525390625,15307.29296875,4.196864128112793,11.446114540100098,7.350632667541504
1,896,1210.2177734375,9791.806640625,7.701234817504883,10.923216819763184,4.778097152709961
1,897,1243.120849609375,11228.3876953125,4.009404182434082,10.233942031860352,5.563654899597168
1,898,1176.4691162109375,10680.33203125,3.6145286560058594,9.17495346069336,5.440794944763184
1,899,1364.1458740234375,12463.65234375,3.926020622253418,10.838207244873047,5.438174247741699
1,900,1212.668701171875,11013.966796875,3.7090654373168945,10.274274826049805,6.426227569580078
1,901,1097.08447265625,9854.193359375,3.722170829772949,9.777212142944336,3.2910194396972656
1,902,1015.0819702148438,9084.544921875,3.5542473793029785,9.137258529663086,3.3050270080566406
1,903,1017.868896484375,9121.0546875,3.5254480838775635,9.026403427124023,4.15122127532959
1,904,1418.272216796875,12989.451171875,3.9775657653808594,11.869977951049805,3.4409093856811523
1,905,1481.79638671875,13568.06640625,4.166326999664307,10.56923770904541,4.984004974365234
1,906,1155.99267578125,10407.8671875,3.8401968479156494,9.427391052246094,3.814401626586914
1,907,1170.8629150390625,10530.87890625,3.9258346557617188,9.51354694366455,5.659771919250488
1,908,1385.1573486328125,12733.576171875,3.726656913757324,11.790352821350098,4.870556831359863
1,909,1237.9300537109375,11246.4033203125,3.7763209342956543,10.828469276428223,2.4985132217407227
1,910,1385.933837890625,12780.08984375,3.5974950790405273,11.91819953918457,5.4379119873046875
1,911,1389.161865234375,12701.8212890625,3.9659931659698486,11.541939735412598,5.2841796875
1,912,1454.747314453125,13392.5703125,3.849675178527832,10.343502044677734,5.831743240356445
1,913,1267.8037109375,11268.6884765625,4.69782829284668,11.557563781738281,3.4916610717773438
1,914,1643.8179931640625,15169.685546875,4.2283124923706055,11.03237533569336,6.414229393005371
1,915,1042.33203125,9262.505859375,3.869382381439209,9.247116088867188,3.39666748046875
1,916,1534.302490234375,14185.28125,3.8591432571411133,8.06930160522461,8.58049201965332
1,917,1037.068115234375,9247.916015625,3.742551803588867,10.374353408813477,4.653264999389648
1,918,1150.1368408203125,10223.51953125,4.259496212005615,8.229209899902344,5.2721710205078125
1,919,1386.8701171875,12647.697265625,4.070010185241699,11.786308288574219,5.468591690063477
1,920,1171.05322265625,10530.291015625,3.9341349601745605,9.40912914276123,4.766759872436523
1,921,1145.87060546875,10093.1796875,4.551753520965576,9.86367130279541,5.837267875671387
1,922,1103.73193359375,9938.6396484375,3.6622676849365234,9.971410751342773,4.762317657470703
1,923,889.4288330078125,7885.86328125,3.3614161014556885,8.087526321411133,3.6563682556152344
1,924,1160.1900634765625,10414.05859375,3.95947265625,9.468243598937988,4.687506675720215
1,925,1960.8563232421875,18270.9453125,4.4587225914001465,12.732501983642578,6.8628644943237305
1,926,1409.18603515625,13075.19140625,3.38889741897583,10.587204933166504,7.443471908569336
1,927,1371.8145751953125,12278.685546875,4.798200607299805,8.694267272949219,8.503737449645996
1,928,1504.308837890625,13817.369140625,4.085728645324707,11.71379280090332,6.144623756408691
1,929,1398.68994140625,12518.287109375,4.89537239074707,11.598438262939453,5.478401184082031
1,930,1308.39404296875,12038.31640625,3.485410690307617,11.286240577697754,2.93597412109375
1,931,1900.2420654296875,17825.5625,3.9228603839874268,11.805399894714355,8.394922256469727
1,932,1343.528564453125,12296.7109375,3.79524827003479,9.792236328125,5.954165458679199
1,933,1352.8485107421875,12202.1494140625,4.421117782592773,11.083250045776367,3.9538869857788086
1,934,1253.071533203125,11342.720703125,3.9599802494049072,11.481083869934082,3.796076774597168
1,935,1345.5897216796875,12264.20703125,3.972296714782715,11.617074966430664,4.180450439453125
1,936,1541.8128662109375,14280.2265625,3.793004274368286,13.413921356201172,4.577162742614746
1,937,1286.8692626953125,11733.619140625,3.783578634262085,11.98903751373291,3.8944034576416016
1,938,1256.9345703125,11454.5029296875,3.7161431312561035,10.492938995361328,4.122228622436523
1,939,1243.557861328125,10219.087890625,7.388300895690918,10.608142852783203,3.9546031951904297
1,940,1422.8126220703125,13109.705078125,3.728066921234131,11.249876976013184,4.761751174926758
1,941,1234.12109375,11141.0595703125,4.000502586364746,11.379751205444336,3.1001176834106445
1,942,1364.8056640625,12500.251953125,3.826011896133423,11.394020080566406,3.3961124420166016
1,943,1017.256103515625,9027.638671875,3.81640887260437,8.935772895812988,3.6791934967041016
1,944,1872.288818359375,17451.904296875,4.236611366271973,15.230297088623047,4.708010673522949
1,945,1442.962890625,13197.5986328125,4.106766700744629,13.228019714355469,3.825810432434082
1,946,1609.4898681640625,14863.63671875,4.104208946228027,13.550655364990234,3.0165834426879883
1,947,1154.198974609375,10382.33984375,3.8655009269714355,10.01159954071045,3.1423349380493164
1,948,1350.52001953125,12303.70703125,4.00497579574585,11.792010307312012,2.461033821105957
1,949,1082.936279296875,9691.376953125,3.793285846710205,7.715559005737305,4.937700271606445
1,950,1157.1334228515625,10462.865234375,3.694897174835205,9.069181442260742,5.4424591064453125
1,951,1151.5775146484375,10296.5185546875,4.064187049865723,9.7456693649292,3.890316963195801
1,952,1382.44580078125,12677.5087890625,3.8231630325317383,11.836252212524414,4.219053268432617
1,953,1176.5174560546875,10644.2109375,3.7365455627441406,10.230977058410645,5.416007995605469
1,954,1046.798828125,9408.486328125,3.5316734313964844,9.090954780578613,4.543242454528809
1,955,1196.63818359375,10892.689453125,3.5789756774902344,9.428738594055176,6.100756645202637
1,956,1365.404541015625,12460.30078125,3.979147434234619,10.841913223266602,6.655503273010254
1,957,1575.420654296875,14651.998046875,3.674025774002075,13.021108627319336,6.249547004699707
1,958,1360.0684814453125,12351.177734375,4.165024280548096,10.739227294921875,3.886747360229492
1,959,1393.430419921875,12794.697265625,3.7986900806427,10.121236801147461,7.347149848937988
1,960,1164.8017578125,10358.9990234375,4.296728134155273,11.05390739440918,5.019343376159668
1,961,1650.5103759765625,15093.34765625,4.705852508544922,11.821199417114258,6.977692604064941
1,962,1028.012939453125,9197.1455078125,3.6099469661712646,7.945951461791992,5.851105690002441
1,963,1595.5325927734375,14700.146484375,4.183933258056641,11.252580642700195,6.881577491760254
1,964,1044.8026123046875,9277.8203125,3.900684118270874,9.418282508850098,3.661426544189453
1,965,1334.073486328125,12199.1884765625,3.8051559925079346,10.304365158081055,5.411764144897461
1,966,1275.9906005859375,11580.8984375,3.930025100708008,11.61983871459961,4.576854705810547
1,967,1526.1978759765625,14064.140625,3.9927937984466553,11.615877151489258,4.935302734375
1,968,1295.515380859375,11664.1259765625,4.3034281730651855,10.575342178344727,4.107359886169434
1,969,1165.54541015625,10497.4990234375,3.8598527908325195,10.494670867919922,4.7655792236328125
1,970,1058.66064453125,9230.92578125,4.518933296203613,7.091388702392578,4.982002258300781
1,971,1365.93310546875,12568.10546875,3.6374166011810303,11.811250686645508,4.009382247924805
1,972,1399.31982421875,12904.482421875,3.629054069519043,11.783421516418457,4.378789901733398
1,973,1087.56298828125,9791.533203125,3.6136555671691895,8.797569274902344,3.7891693115234375
1,974,1212.185546875,10917.501953125,4.014509677886963,10.670083999633789,3.3616256713867188
1,975,1399.2879638671875,12815.45703125,3.9247403144836426,10.666202545166016,5.1558942794799805
1,976,1046.6102294921875,9221.6005859375,4.148338794708252,9.30303955078125,4.199322700500488
1,977,1687.31640625,15593.0712890625,4.266976356506348,12.423198699951172,5.728334426879883
1,978,1492.0311279296875,13544.7587890625,4.585171699523926,11.770790100097656,3.673013687133789
1,979,1018.8139038085938,9010.6044921875,3.925114631652832,9.682825088500977,4.147247314453125
1,980,1262.4993896484375,11533.216796875,3.6392576694488525,9.583126068115234,4.933683395385742
1,981,1451.81103515625,13364.8291015625,3.8442726135253906,9.154804229736328,6.724161148071289
1,982,1351.0545654296875,12201.3271484375,4.36406135559082,11.987554550170898,3.636747360229492
1,983,1404.197021484375,12891.7880859375,3.833939790725708,11.998028755187988,5.056392669677734
1,984,1580.2091064453125,14633.857421875,3.894113779067993,14.393970489501953,5.169160842895508
1,985,1289.45458984375,11799.4150390625,3.650437355041504,8.349406242370605,6.195351600646973
1,986,1327.4979248046875,12107.3271484375,3.8921713829040527,10.625764846801758,4.27083683013916
1,987,1825.4859619140625,17012.111328125,4.142494201660156,13.679468154907227,6.560609817504883
1,988,1344.9947509765625,12291.14453125,3.8626739978790283,9.848560333251953,5.034939765930176
1,989,1210.1640625,11036.74609375,3.549647808074951,11.261942863464355,3.704641342163086
1,990,1418.1754150390625,13043.375,3.79459810256958,11.043584823608398,6.648290634155273
1,991,1494.0697021484375,13621.486328125,4.397366523742676,11.283885955810547,5.543734550476074
1,992,969.2340698242188,8595.1884765625,3.6571741104125977,8.51710033416748,3.8132705688476562
1,993,1113.961669921875,9967.1064453125,3.908367872238159,9.139060020446777,3.4969234466552734
1,994,1450.6981201171875,13437.4482421875,3.5651094913482666,11.010759353637695,5.396930694580078
1,995,1417.368896484375,13028.21484375,3.818243980407715,11.86878776550293,3.1050987243652344
1,996,1329.9847412109375,12012.2705078125,4.291923522949219,11.040005683898926,6.326024055480957
1,997,1147.669677734375,10356.185546875,3.7350401878356934,9.64171314239502,4.367358207702637
1,998,1208.1390380859375,10962.4013671875,3.7299623489379883,10.006757736206055,5.283759117126465
1,999,1288.7200927734375,11740.57421875,3.8220877647399902,10.803224563598633,5.342058181762695
1,1000,1297.068603515625,11743.1591796875,4.091756820678711,10.405689239501953,6.196393966674805
1,1001,1347.071044921875,12121.4560546875,4.497514247894287,9.477254867553711,5.724798202514648
1,1002,1192.5721435546875,10804.3681640625,3.737840175628662,9.173989295959473,5.95004940032959
1,1003,1231.51123046875,11270.408203125,3.4823431968688965,12.950510025024414,5.841109275817871
1,1004,954.6238403320312,8461.4765625,3.615872859954834,9.619791984558105,4.397546768188477
1,1005,1792.384765625,16749.041015625,3.916018486022949,14.687095642089844,3.8962326049804688
1,1006,1279.59130859375,11647.51953125,3.8279786109924316,10.674169540405273,5.181398391723633
1,1007,991.2077026367188,8825.06640625,3.623368263244629,8.197237014770508,6.122312545776367
1,1008,1657.5009765625,14469.1865234375,7.019408226013184,13.018522262573242,3.8844738006591797
1,1009,1045.0037841796875,9304.779296875,3.8175272941589355,9.869144439697266,3.7344188690185547
1,1010,1634.923095703125,15180.982421875,3.8941595554351807,11.095172882080078,6.708107948303223
1,1011,1236.021484375,11184.2744140625,3.9197981357574463,8.157989501953125,5.609371185302734
1,1012,1659.56201171875,15506.083984375,3.631786346435547,14.225370407104492,4.0544633865356445
1,1013,983.9249877929688,8770.251953125,3.5633254051208496,8.167655944824219,5.781909942626953
1,1014,1359.24267578125,12401.46484375,3.969874382019043,9.37529182434082,7.151178359985352
1,1015,1421.4178466796875,13006.044921875,4.0271124839782715,11.226531982421875,5.68953800201416
1,1016,1430.91015625,13005.248046875,4.346180438995361,11.458353042602539,4.895402908325195
1,1017,1177.06640625,10460.6484375,4.366717338562012,10.21355152130127,3.7786388397216797
1,1018,1289.815185546875,11766.021484375,3.7737669944763184,10.690610885620117,4.2054443359375
1,1019,1534.2330322265625,14113.9951171875,4.094449996948242,12.533133506774902,4.906091690063477
1,1020,1147.3646240234375,10287.99609375,3.952165365219116,9.922721862792969,5.141325950622559
1,1021,1217.927490234375,10983.4453125,3.9860966205596924,11.107341766357422,4.234784126281738
1,1022,1455.273193359375,13304.072265625,4.162197113037109,10.82427978515625,4.436412811279297
1,1023,1331.887939453125,12141.1962890625,3.9256093502044678,11.994878768920898,4.634227752685547
1,1024,1388.26904296875,12687.0322265625,3.985525369644165,11.424145698547363,5.165090560913086
1,1025,1513.2401123046875,14011.9267578125,3.734912395477295,12.568166732788086,5.534814834594727
1,1026,1092.433837890625,9748.2607421875,3.920257091522217,9.475326538085938,4.506095886230469
1,1027,1442.909912109375,13318.333984375,3.7025530338287354,11.387670516967773,4.745019912719727
1,1028,1141.6124267578125,10291.8193359375,3.7476797103881836,9.454058647155762,4.859036445617676
1,1029,1334.336669921875,12260.7685546875,3.6086602210998535,11.120932579040527,5.371026992797852
1,1030,1212.474365234375,10879.1103515625,4.1521100997924805,11.419429779052734,2.635279655456543
1,1031,1319.5699462890625,12051.8173828125,3.8129377365112305,10.620641708374023,5.5034942626953125
1,1032,1006.0545043945312,8859.37109375,4.003911972045898,9.659921646118164,3.9242849349975586
1,1033,1198.219970703125,10731.818359375,4.167936325073242,9.668907165527344,3.919332504272461
1,1034,982.4844970703125,8745.349609375,3.5983169078826904,7.74180793762207,4.16259765625
1,1035,1564.17626953125,14541.703125,3.666867733001709,11.122112274169922,6.218132972717285
1,1036,1202.0350341796875,10909.92578125,3.7014167308807373,9.650947570800781,5.939482688903809
1,1037,1101.9158935546875,9754.373046875,4.2159528732299805,9.54914665222168,3.5704269409179688
1,1038,1066.643798828125,9592.716796875,3.579071521759033,9.557619094848633,5.1149187088012695
1,1039,1684.5736083984375,15720.8876953125,3.7494938373565674,12.256908416748047,4.574334144592285
1,1040,856.356201171875,7482.34521484375,3.6040546894073486,7.943545818328857,3.5979080200195312
1,1041,1226.2965087890625,11074.4560546875,3.961695432662964,10.399984359741211,5.434972763061523
1,1042,1395.298583984375,12858.3544921875,3.6487696170806885,12.077091217041016,5.996513366699219
1,1043,1362.4766845703125,12346.048828125,4.262393474578857,10.969290733337402,3.8037023544311523
1,1044,1297.67529296875,11808.5107421875,3.89414119720459,10.819480895996094,5.882608413696289
1,1045,1109.5567626953125,9922.1171875,3.9115006923675537,11.124868392944336,4.817100524902344
1,1046,1288.9365234375,11808.357421875,3.6033554077148438,9.0307035446167,6.422323226928711
1,1047,1185.694091796875,10533.935546875,4.410017967224121,9.050495147705078,5.539438247680664
1,1048,1100.2122802734375,9889.560546875,3.7085397243499756,9.758219718933105,4.665331840515137
1,1049,1314.21533203125,11950.8828125,3.970900774002075,11.96049690246582,5.1603498458862305
1,1050,1246.27392578125,11433.626953125,3.4303741455078125,8.648246765136719,5.225115776062012
1,1051,983.46044921875,8741.4892578125,3.643716812133789,7.9839067459106445,5.513768196105957
1,1052,1292.677001953125,11809.091796875,3.7255938053131104,10.91710376739502,4.623994827270508
1,1053,1177.8505859375,10661.751953125,3.722515821456909,9.95689582824707,6.54197883605957
1,1054,1146.114501953125,9893.9775390625,5.22389030456543,10.489176750183105,4.908980369567871
1,1055,1776.2955322265625,16175.9169921875,5.290128707885742,11.637176513671875,6.26914119720459
1,1056,1395.7908935546875,12625.59375,4.441049575805664,11.889154434204102,3.8068199157714844
1,1057,967.355712890625,8592.9873046875,3.6018972396850586,7.717733383178711,5.348666191101074
1,1058,1611.01611328125,14924.3017578125,3.9528651237487793,12.861579895019531,4.264233589172363
1,1059,1644.7208251953125,15302.7041015625,3.815013885498047,12.506187438964844,5.690947532653809
1,1060,1130.59326171875,10163.5888671875,3.807814598083496,8.545833587646484,4.048847198486328
1,1061,1309.9434814453125,11917.201171875,3.9407782554626465,11.444292068481445,3.7623958587646484
1,1062,1372.073486328125,12577.2001953125,3.8117809295654297,11.147409439086914,4.947724342346191
1,1063,998.8871459960938,8933.8603515625,3.5167036056518555,9.43256950378418,3.2820396423339844
1,1064,1427.674560546875,13139.5478515625,3.7906558513641357,12.291855812072754,4.2264814376831055
1,1065,1726.5404052734375,15939.91796875,4.41828727722168,14.153352737426758,4.375591278076172
1,1066,902.73876953125,7800.4296875,4.0898590087890625,6.862285137176514,5.096405982971191
1,1067,935.7557373046875,8171.8603515625,3.9523234367370605,9.296134948730469,3.6773624420166016
1,1068,1218.5614013671875,10874.90625,4.369026184082031,10.008115768432617,5.1226806640625
1,1069,1091.1748046875,9740.7158203125,3.903440475463867,9.28171157836914,4.141950607299805
1,1070,1243.5322265625,11206.083984375,4.09745979309082,9.78849983215332,6.401467323303223
1,1071,861.0797119140625,7483.9462890625,3.7561686038970947,8.144214630126953,4.208076477050781
1,1072,993.3250732421875,8842.76953125,3.634937286376953,9.373260498046875,4.516366004943848
1,1073,1750.2232666015625,16266.125,4.120356559753418,13.939654350280762,4.854604721069336
1,1074,1211.469482421875,10819.11328125,4.318603038787842,11.063143730163574,5.998000144958496
1,1075,778.5177612304688,6797.13330078125,3.29348087310791,8.282695770263672,2.7713470458984375
1,1076,1364.423095703125,12504.28515625,3.799818992614746,10.820255279541016,6.26486873626709
1,1077,1315.51513671875,11981.0224609375,3.9137606620788574,7.651864051818848,6.848889350891113
1,1078,1599.0660400390625,14777.4609375,4.043998718261719,13.204578399658203,5.478541374206543
1,1079,1336.6103515625,12129.3740234375,4.122432708740234,11.735885620117188,4.485800743103027
1,1080,925.0030517578125,8142.7783203125,3.690840721130371,8.33374309539795,5.065900802612305
1,1081,1315.114990234375,11714.9619140625,4.787293910980225,9.304922103881836,5.826169967651367
1,1082,1156.61474609375,10450.646484375,3.7183337211608887,8.957759857177734,4.51589298248291
1,1083,1379.6962890625,12566.9091796875,4.10017728805542,11.328741073608398,4.771677017211914
1,1084,1007.1537475585938,8984.041015625,3.624988079071045,7.871398448944092,3.394474983215332
1,1085,1642.92431640625,15328.662109375,3.6686031818389893,11.310220718383789,7.160770416259766
1,1086,1250.3885498046875,11291.6640625,4.0407395362854,9.665531158447266,6.11865234375
1,1087,1388.8487548828125,12740.087890625,3.8279991149902344,11.594572067260742,4.67399787902832
1,1088,1428.9796142578125,12978.35546875,4.371467590332031,10.827377319335938,6.06842041015625
1,1089,1681.6822509765625,15662.791015625,3.846771001815796,10.875394821166992,8.33454704284668
1,1090,1225.241455078125,11194.197265625,3.5273900032043457,10.0650053024292,5.162125587463379
1,1091,1211.8065185546875,10878.908203125,4.130519866943359,10.642762184143066,5.191946983337402
1,1092,984.4358520507812,8730.134765625,3.714078664779663,8.946731567382812,4.8749284744262695
1,1093,1426.0155029296875,13016.5546875,4.145332336425781,11.849069595336914,6.071475028991699
1,1094,1273.631103515625,11504.9375,4.104577541351318,9.052586555480957,6.385854721069336
1,1095,1366.4434814453125,12453.3828125,4.036839962005615,9.875211715698242,6.414017677307129
1,1096,1267.0894775390625,11398.1171875,4.242591381072998,9.379114151000977,5.284785270690918
1,1097,1111.7156982421875,9923.7275390625,3.9780969619750977,9.039164543151855,4.513427734375
1,1098,1480.2103271484375,13606.0673828125,3.986783981323242,12.89578628540039,4.805999755859375
1,1099,1286.2569580078125,11671.94921875,3.968733310699463,11.159225463867188,4.07902717590332
1,1100,939.3519897460938,8284.1640625,3.69785213470459,8.703217506408691,3.5693464279174805
1,1101,1420.9949951171875,13064.00390625,3.819819927215576,12.491901397705078,5.301394462585449
1,1102,1574.3907470703125,14710.458984375,3.444827079772949,13.22260856628418,4.892932891845703
1,1103,1537.367919921875,14154.53515625,4.063815593719482,11.881271362304688,4.09931755065918
1,1104,1514.91015625,13866.0693359375,4.276774883270264,11.037213325500488,6.274147033691406
1,1105,1305.518310546875,11842.865234375,4.0410590171813965,10.578922271728516,3.1724586486816406
1,1106,1078.7103271484375,9731.763671875,3.5177981853485107,9.778690338134766,4.316429138183594
1,1107,1432.4696044921875,13208.21484375,3.721602201461792,12.28439998626709,5.146498680114746
1,1108,1461.684326171875,13434.287109375,3.9418540000915527,12.873779296875,5.896198272705078
1,1109,1295.072265625,11874.140625,3.588608741760254,9.575474739074707,6.310858726501465
1,1110,1071.1749267578125,9565.150390625,3.821995735168457,8.018219947814941,6.45997428894043
1,1111,1506.9324951171875,13787.0849609375,4.274134635925293,11.823570251464844,5.00771427154541
1,1112,1219.506103515625,11068.9580078125,3.753675937652588,11.105731964111328,3.424955368041992
1,1113,1336.842041015625,12166.8466796875,4.00524377822876,11.624951362609863,4.43007755279541
1,1114,1407.6744384765625,12928.92578125,3.826063871383667,10.102871894836426,6.456409454345703
1,1115,1517.10107421875,13737.388671875,4.778738021850586,11.713955879211426,3.776217460632324
1,1116,1159.65576171875,10493.0390625,3.678393840789795,11.133262634277344,3.7546310424804688
1,1117,1055.8291015625,9493.962890625,3.5477609634399414,10.947235107421875,3.766648292541504
1,1118,1226.865478515625,10917.4775390625,4.503920555114746,10.210018157958984,3.0771427154541016
1,1119,1413.0028076171875,12973.4873046875,3.8551368713378906,10.700843811035156,5.547226905822754
1,1120,1126.138916015625,10177.2021484375,3.613955497741699,10.790688514709473,2.80361270904541
1,1121,1680.697998046875,15600.09765625,4.022943019866943,13.123102188110352,6.155032157897949
1,1122,1326.36181640625,12123.9580078125,3.7988626956939697,10.508842468261719,6.678445816040039
1,1123,1508.862548828125,13797.4912109375,4.303779602050781,12.621622085571289,6.172637939453125
1,1124,1049.74169921875,9366.04296875,3.7712481021881104,8.706992149353027,4.696453094482422
1,1125,1159.6497802734375,10448.201171875,3.8276519775390625,8.61713695526123,5.437628746032715
1,1126,1025.2880859375,9045.0,4.026268005371094,8.997623443603516,4.480154037475586
1,1127,1204.04638671875,10840.052734375,4.001369476318359,10.254831314086914,6.353725433349609
1,1128,1240.701416015625,11129.0302734375,4.259946823120117,11.02946662902832,4.362165451049805
1,1129,1330.5745849609375,12142.548828125,3.877322196960449,10.614274978637695,4.229156494140625
1,1130,1182.820556640625,10547.6884765625,4.268386363983154,11.109015464782715,3.065929412841797
1,1131,1587.4989013671875,14675.12109375,3.9995622634887695,12.385217666625977,5.47907829284668
1,1132,1434.901611328125,13078.9794921875,4.233456611633301,11.524056434631348,4.778538703918457
1,1133,1252.7802734375,11370.013671875,3.8592982292175293,10.628800392150879,4.971051216125488
1,1134,874.2930908203125,7473.86474609375,4.230220794677734,8.48204517364502,3.644163131713867
1,1135,1112.3345947265625,9942.943359375,3.9346749782562256,9.746319770812988,5.261600494384766
1,1136,1054.321533203125,9418.05078125,3.750548839569092,9.16462516784668,6.221500396728516
1,1137,1111.351318359375,10135.0869140625,3.2614192962646484,10.577125549316406,2.9047794342041016
1,1138,859.1705322265625,7332.630859375,4.196913719177246,8.442970275878906,4.562098503112793
1,1139,1067.6759033203125,9486.85546875,3.9663467407226562,9.335433959960938,3.107515335083008
1,1140,1517.78955078125,13939.18359375,4.1290411949157715,11.875165939331055,5.074285507202148
1,1141,989.78857421875,8781.01953125,3.722886562347412,8.89689826965332,4.651067733764648
1,1142,1015.2467651367188,9143.4384765625,3.3634300231933594,9.664852142333984,3.5695762634277344
1,1143,1132.118896484375,10150.8623046875,3.901087760925293,7.970430850982666,6.908841133117676
1,1144,1072.47802734375,9457.1728515625,4.225356101989746,8.811766624450684,4.055971145629883
1,1145,1001.8888549804688,8794.830078125,4.080193519592285,9.838430404663086,3.8208484649658203
1,1146,1452.4261474609375,13496.607421875,3.4255130290985107,11.948545455932617,4.566740036010742
1,1147,1538.0418701171875,14183.4765625,3.989807367324829,11.250757217407227,5.793496131896973
1,1148,1453.8868408203125,13286.5146484375,4.174511909484863,12.843795776367188,4.934207916259766
1,1149,1460.1099853515625,13333.232421875,4.22622537612915,10.615129470825195,4.271426200866699
1,1150,1361.08935546875,12431.150390625,3.93247652053833,11.962005615234375,3.9180612564086914
1,1151,1381.77001953125,12440.349609375,4.591166973114014,11.196954727172852,6.846827507019043
1,1152,1482.8765869140625,13502.005859375,4.422533988952637,11.224565505981445,5.417628288269043
1,1153,1150.6578369140625,10219.0927734375,4.291619300842285,9.411332130432129,5.278763771057129
1,1154,1564.25634765625,14535.6328125,3.6897683143615723,12.400678634643555,5.85749626159668
1,1155,1035.9283447265625,9185.43359375,3.9128305912017822,9.464964866638184,4.453143119812012
1,1156,777.4380493164062,6621.349609375,3.8434360027313232,7.718345642089844,3.6125431060791016
1,1157,1447.8756103515625,13307.53125,3.904080867767334,12.350204467773438,3.2241926193237305
1,1158,1192.659912109375,10617.072265625,4.365085601806641,9.528510093688965,4.631299018859863
1,1159,1404.02099609375,12857.970703125,3.9407970905303955,10.301984786987305,4.315178871154785
1,1160,1161.5203857421875,10278.478515625,4.455749988555908,11.686952590942383,3.8319787979125977
1,1161,1167.7518310546875,10594.6474609375,3.609571695327759,10.87486457824707,3.462815284729004
1,1162,1033.877685546875,9283.373046875,3.5180134773254395,9.889142990112305,3.9347753524780273
1,1163,1040.8695068359375,9325.0888671875,3.61201810836792,7.455742835998535,4.186790466308594
1,1164,1184.0953369140625,10768.4501953125,3.575009346008301,10.137154579162598,4.45119571685791
1,1165,1194.521728515625,10609.1591796875,4.453526496887207,10.910341262817383,4.769594192504883
1,1166,928.893310546875,8059.0751953125,4.099525451660156,7.0331220626831055,4.965982437133789
1,1167,1143.34375,10166.13671875,4.224334716796875,9.296154022216797,5.391486167907715
1,1168,1410.2635498046875,12790.80078125,4.372780799865723,11.262744903564453,3.8990535736083984
1,1169,1432.3875732421875,13118.7412109375,4.017114162445068,12.82658576965332,4.726966857910156
1,1170,1289.855224609375,11768.759765625,3.7659740447998047,9.331281661987305,4.379182815551758
1,1171,1377.4957275390625,12687.1162109375,3.626136541366577,13.325309753417969,3.3839426040649414
1,1172,879.1848754882812,7500.45166015625,4.304657459259033,7.587802410125732,4.935728073120117
1,1173,1246.55615234375,11318.2587890625,3.8243398666381836,11.979718208312988,3.6270551681518555
1,1174,1129.7945556640625,10165.4462890625,3.774998903274536,9.84368896484375,4.656881332397461
1,1175,1581.331298828125,14267.98828125,5.151081085205078,12.267618179321289,3.748342514038086
1,1176,1156.05126953125,10369.4248046875,3.9702906608581543,9.804529190063477,5.556478500366211
1,1177,1385.7010498046875,12771.3154296875,3.618980884552002,9.912942886352539,5.497081756591797
1,1178,1213.06005859375,11012.140625,3.728196382522583,11.4095458984375,4.445672035217285
1,1179,1552.2547607421875,14406.9296875,3.718724250793457,11.883294105529785,7.45733642578125
1,1180,1038.0535888671875,9269.30859375,3.704091787338257,10.638114929199219,5.098893165588379
1,1181,1016.8499755859375,9106.6484375,3.539504051208496,7.972649574279785,5.715259552001953
1,1182,1714.5186767578125,16039.7666015625,3.6847338676452637,12.858054161071777,6.617117881774902
1,1183,1221.8397216796875,11118.1748046875,3.667407512664795,11.125041961669922,7.115429878234863
1,1184,1492.481201171875,13710.7119140625,4.047001838684082,13.39373779296875,4.780241966247559
1,1185,1417.712646484375,13084.58203125,3.641814708709717,12.020237922668457,4.594308853149414
1,1186,1062.2730712890625,9599.13671875,3.4119808673858643,8.5536527633667,3.703251838684082
1,1187,1224.4774169921875,11072.201171875,3.9085779190063477,11.125808715820312,3.5900039672851562
1,1188,1516.2578125,13991.9140625,3.9022130966186523,11.295989990234375,5.850844383239746
1,1189,1149.88623046875,10409.2431640625,3.632065773010254,10.081512451171875,3.8524513244628906
1,1190,992.4349975585938,8869.8759765625,3.5149130821228027,8.372161865234375,4.019298553466797
1,1191,1285.260986328125,11702.4599609375,3.8338351249694824,9.325296401977539,4.491313934326172
1,1192,1538.4581298828125,14297.912109375,3.6222288608551025,12.75619125366211,5.440288543701172
1,1193,1170.9119873046875,10595.0634765625,3.71351957321167,8.946142196655273,5.052443504333496
1,1194,1266.3133544921875,11457.828125,4.017685413360596,10.37536334991455,4.428042411804199
1,1195,1087.6536865234375,9692.8642578125,3.9455738067626953,9.629032135009766,3.4677200317382812
1,1196,1683.0172119140625,15663.685546875,3.8882899284362793,12.492542266845703,5.364320755004883
1,1197,1154.927978515625,9809.138671875,5.800468921661377,9.094083786010742,5.793044090270996
1,1198,1232.8739013671875,11205.9404296875,3.7426602840423584,9.74248218536377,4.415689468383789
1,1199,966.6828002929688,8527.0498046875,3.7992589473724365,8.561878204345703,5.292060852050781
1,1200,1214.89697265625,11050.54296875,3.6614227294921875,9.531518936157227,5.749358177185059
1,1201,1038.9400634765625,9218.640625,3.9025321006774902,8.728277206420898,5.466168403625488
1,1202,1052.6429443359375,9367.53515625,3.8629820346832275,9.812844276428223,5.283858299255371
1,1203,1235.740966796875,11175.39453125,3.940052032470703,11.033942222595215,5.466063499450684
1,1204,1277.822265625,11606.462890625,3.9058637619018555,10.549209594726562,4.2955322265625
1,1205,1190.63330078125,10720.19140625,3.953803062438965,11.080318450927734,5.0078325271606445
1,1206,1425.7479248046875,13191.84375,3.552116632461548,12.161925315856934,4.168517112731934
1,1207,1441.4112548828125,13173.8896484375,4.13407564163208,12.237442016601562,4.981764793395996
1,1208,1511.0628662109375,14041.298828125,3.564432382583618,13.662849426269531,3.507711410522461
1,1209,1542.076171875,14410.0810546875,3.3689348697662354,9.848114013671875,8.195037841796875
1,1210,1435.9293212890625,13213.353515625,3.8197996616363525,10.87774658203125,6.466031074523926
1,1211,1492.28515625,13846.8642578125,3.586625814437866,11.946059226989746,4.667610168457031
1,1212,1183.0101318359375,10610.3857421875,4.065718650817871,9.342329025268555,5.671361923217773
1,1213,1400.1014404296875,12861.333984375,3.7989349365234375,11.411680221557617,5.624259948730469
1,1214,1326.38916015625,12156.8154296875,3.6902565956115723,11.02923583984375,3.159733772277832
1,1215,1310.8448486328125,12045.63671875,3.542705535888672,11.052574157714844,3.8158559799194336
1,1216,1003.3925170898438,8892.455078125,3.804898500442505,8.99875545501709,3.3931055068969727
1,1217,1174.640869140625,10644.7490234375,3.672196865081787,9.336761474609375,7.003301620483398
1,1218,1428.65771484375,13054.87890625,4.105660915374756,11.412307739257812,3.7282180786132812
1,1219,1197.8724365234375,10855.005859375,3.7457265853881836,10.48098087310791,4.451926231384277
1,1220,969.641845703125,8610.2783203125,3.620466947555542,9.257655143737793,4.73502254486084
1,1221,1110.225341796875,10064.412109375,3.4594709873199463,8.474687576293945,4.823638916015625
1,1222,1291.869384765625,11650.1142578125,4.2285990715026855,11.1043119430542,3.66007137298584
1,1223,1284.9617919921875,11559.5498046875,4.300228118896484,10.949252128601074,4.7706499099731445
1,1224,1005.0672607421875,8800.779296875,4.1663103103637695,9.078428268432617,3.757221221923828
1,1225,1465.7913818359375,13517.921875,3.7999730110168457,10.860542297363281,7.4573822021484375
1,1226,1096.5020751953125,9786.5341796875,3.9282891750335693,9.363101959228516,5.222098350524902
1,1227,1259.304931640625,11425.3916015625,3.892191171646118,10.878204345703125,4.97880744934082
1,1228,1359.879150390625,12490.947265625,3.692814350128174,10.770431518554688,6.475523948669434
1,1229,1192.8232421875,10773.029296875,3.850675582885742,10.755517959594727,4.091472625732422
1,1230,1154.5333251953125,10377.298828125,3.8934497833251953,10.376763343811035,3.208049774169922
1,1231,1450.1671142578125,13383.8603515625,3.726032257080078,11.128511428833008,5.486496925354004
1,1232,1341.7613525390625,12183.12109375,4.114973068237305,11.14920425415039,6.590691566467285
1,1233,1469.269775390625,13487.595703125,4.017005920410156,12.081536293029785,5.725786209106445
1,1234,1504.3929443359375,13911.2890625,3.775468111038208,11.225198745727539,5.8636579513549805
1,1235,1460.388916015625,13529.9658203125,3.579742431640625,11.31886100769043,5.421899795532227
1,1236,1539.879638671875,13931.921875,4.889578819274902,11.863697052001953,5.677038192749023
1,1237,1572.05810546875,14569.9443359375,3.835451126098633,11.752923965454102,6.406092643737793
1,1238,1361.2291259765625,12196.41796875,4.719574451446533,10.523521423339844,5.874488830566406
1,1239,1363.3692626953125,12382.4423828125,4.170833587646484,11.801047325134277,5.806108474731445
1,1240,1580.7020263671875,14588.4267578125,4.061978340148926,12.087625503540039,6.792649269104004
1,1241,1496.0914306640625,13772.5556640625,3.961195468902588,11.348034858703613,5.138357162475586
1,1242,1373.05126953125,12621.669921875,3.6961443424224854,10.852153778076172,5.668046951293945
1,1243,1241.9263916015625,11277.400390625,3.806208610534668,11.454177856445312,3.281991958618164
1,1244,1203.4970703125,10802.533203125,4.108123779296875,9.704200744628906,3.683858871459961
1,1245,1039.45556640625,9278.4033203125,3.7205071449279785,8.814567565917969,4.604335784912109
1,1246,1237.342041015625,11196.9345703125,3.9216198921203613,10.483644485473633,3.9869279861450195
1,1247,1083.9395751953125,9761.626953125,3.592562675476074,8.87944221496582,4.556041717529297
1,1248,1340.61279296875,12359.556640625,3.4885687828063965,9.415237426757812,5.536413192749023
1,1249,1415.757568359375,13114.61328125,3.4765422344207764,9.159639358520508,6.3061113357543945
1,1250,1119.86376953125,10068.076171875,3.7685394287109375,10.040534973144531,3.3744497299194336
1,1251,1444.525146484375,13220.763671875,4.081625461578369,10.647756576538086,5.9124040603637695
1,1252,1075.266357421875,9699.466796875,3.5106546878814697,10.68568229675293,1.806809425354004
1,1253,1017.1094970703125,9037.513671875,3.7786035537719727,9.378948211669922,4.030675888061523
1,1254,1514.127685546875,13949.8818359375,3.9713189601898193,12.256037712097168,4.924713134765625
1,1255,1463.5277099609375,13423.134765625,4.0404744148254395,12.474447250366211,3.7878828048706055
1,1256,1225.0330810546875,11089.3359375,3.8699822425842285,10.817597389221191,4.742199897766113
1,1257,1310.5091552734375,12058.67578125,3.4880552291870117,11.541891098022461,5.001742362976074
1,1258,1069.052734375,9470.0078125,4.068398952484131,9.222515106201172,4.052680969238281
1,1259,812.0818481445312,6914.2060546875,4.022042274475098,7.620265483856201,3.0901927947998047
1,1260,959.7680053710938,8527.8828125,3.565990447998047,8.366036415100098,4.95277214050293
1,1261,1246.302734375,11356.0498046875,3.689926862716675,10.739346504211426,3.4743499755859375
1,1262,830.562744140625,7215.6533203125,3.633246421813965,6.983649730682373,4.891172409057617
1,1263,1772.94970703125,16511.27734375,4.060729026794434,13.540414810180664,4.81910514831543
1,1264,1168.97216796875,10450.2470703125,4.1315813064575195,9.30968952178955,4.596083641052246
1,1265,1359.67626953125,12456.5908203125,3.800574541091919,13.178922653198242,4.629284858703613
1,1266,1244.472900390625,11066.9580078125,4.5925703048706055,10.615442276000977,4.810193061828613
1,1267,1310.5830078125,12030.8359375,3.583312511444092,11.632225036621094,3.803983688354492
1,1268,1334.7022705078125,12273.1259765625,3.579653739929199,12.79433536529541,6.078433036804199
1,1269,1665.8743896484375,15424.08984375,4.115509986877441,13.431906700134277,6.488941192626953
1,1270,1147.93896484375,10452.8779296875,3.4217021465301514,9.501286506652832,5.932385444641113
1,1271,1095.32470703125,9767.248046875,3.9533305168151855,10.391165733337402,3.918625831604004
1,1272,870.8314819335938,7516.7861328125,3.9717607498168945,7.433306694030762,5.21009635925293
1,1273,1114.116943359375,10039.775390625,3.671313524246216,9.58647632598877,5.295668601989746
1,1274,1362.919189453125,12495.876953125,3.7777152061462402,10.852193832397461,6.333016395568848
1,1275,1127.8314208984375,10199.4375,3.596254587173462,10.85800552368164,5.227417945861816
1,1276,1130.2861328125,10152.4951171875,3.8345561027526855,9.72329044342041,5.332389831542969
1,1277,1592.1466064453125,14761.0,3.868220329284668,11.055221557617188,6.960046768188477
1,1278,955.2857666015625,8490.744140625,3.5403783321380615,7.540794372558594,4.935669898986816
1,1279,1093.5826416015625,9766.7822265625,3.8968145847320557,9.118547439575195,3.5709009170532227
1,1280,1752.8975830078125,16339.23046875,3.965815305709839,13.419839859008789,5.684863090515137
1,1281,1074.869140625,9586.998046875,3.872312545776367,9.566061019897461,5.932744979858398
1,1282,1162.40283203125,10583.951171875,3.46692156791687,8.653404235839844,5.9346818923950195
1,1283,1259.8724365234375,11430.724609375,3.89333176612854,11.095171928405762,4.239736557006836
1,1284,1355.4560546875,12126.724609375,4.759450912475586,9.98481559753418,4.482243537902832
1,1285,1051.591064453125,9461.8701171875,3.513469696044922,8.960760116577148,4.140480041503906
1,1286,1353.141845703125,12492.4794921875,3.463132858276367,11.35884952545166,4.114951133728027
1,1287,1071.989013671875,9584.38671875,3.7850117683410645,8.986385345458984,4.28370475769043
1,1288,1475.6226806640625,13671.4921875,3.6157796382904053,12.31575870513916,4.601846694946289
1,1289,1178.333984375,10654.990234375,3.7611656188964844,11.415777206420898,3.939661979675293
1,1290,1658.958251953125,15474.6787109375,3.7163453102111816,13.571208000183105,3.8700828552246094
1,1291,1293.7373046875,11815.576171875,3.7393224239349365,10.224163055419922,2.5789031982421875
1,1292,1348.582275390625,12038.376953125,4.8248186111450195,10.037872314453125,3.9029579162597656
1,1293,1306.626220703125,11871.521484375,3.982468605041504,11.674442291259766,4.066344261169434
1,1294,992.7603759765625,8869.6318359375,3.5265722274780273,9.295050621032715,3.5947351455688477
1,1295,1512.5714111328125,13886.48828125,4.130754470825195,11.039255142211914,4.338024139404297
1,1296,1492.9718017578125,13729.611328125,4.0003557205200195,12.644359588623047,4.755556106567383
1,1297,1723.9176025390625,15967.111328125,4.240213394165039,13.388075828552246,4.4142866134643555
1,1298,1032.607421875,9295.203125,3.4362356662750244,6.7386932373046875,5.034385681152344
1,1299,927.7130126953125,8088.482421875,3.962157726287842,8.591764450073242,4.819759368896484
1,1300,1665.6248779296875,15438.177734375,4.060236930847168,13.456506729125977,5.721015930175781
1,1301,1222.88720703125,11022.876953125,4.019983291625977,10.199577331542969,4.300734519958496
1,1302,1059.856201171875,9503.552734375,3.650028705596924,8.944284439086914,5.354935646057129
1,1303,1149.9287109375,10453.265625,3.486738920211792,8.819440841674805,5.977686882019043
1,1304,1389.3795166015625,12716.8037109375,3.9233016967773438,10.156807899475098,6.164191246032715
1,1305,1029.071044921875,9291.919921875,3.3293004035949707,9.38254165649414,5.301856994628906
1,1306,1398.29931640625,12815.76171875,3.890772819519043,11.971588134765625,4.019435882568359
1,1307,1434.3140869140625,13196.353515625,3.822622299194336,13.122900009155273,5.496164321899414
1,1308,1467.3011474609375,13476.3486328125,3.9888744354248047,10.856842041015625,7.226959228515625
1,1309,1168.2056884765625,10529.548828125,3.841689348220825,9.803390502929688,5.707181930541992
1,1310,1137.9111328125,10246.62109375,3.7749688625335693,10.406305313110352,5.389719009399414
1,1311,1068.6717529296875,9648.015625,3.462341070175171,10.864191055297852,3.4793968200683594
1,1312,1565.962646484375,14543.853515625,3.7192416191101074,14.960105895996094,3.796969413757324
1,1313,942.7373046875,8210.3662109375,4.056689739227295,8.515182495117188,5.7011823654174805
1,1314,981.0870971679688,8754.2822265625,3.5219619274139404,7.1898393630981445,5.043456077575684
1,1315,1442.45458984375,13294.17578125,3.767897844314575,11.941705703735352,3.561631202697754
1,1316,1521.1278076171875,14135.572265625,3.585683822631836,10.83648681640625,5.544451713562012
1,1317,1409.5081787109375,12910.513671875,3.9485583305358887,9.618812561035156,6.592438697814941
1,1318,1282.5909423828125,11659.541015625,3.887894630432129,10.94120979309082,4.271878242492676
1,1319,990.4361572265625,8868.3984375,3.45320987701416,9.085941314697266,3.6554079055786133
1,1320,1382.218017578125,12647.4150390625,3.9158825874328613,11.604235649108887,6.588415145874023
1,1321,1293.2568359375,11780.05859375,3.841701030731201,11.013307571411133,3.895585060119629
1,1322,1543.664306640625,14304.7177734375,3.773084878921509,11.998181343078613,4.427972793579102
1,1323,1418.2275390625,12908.37109375,4.246345520019531,11.77385139465332,4.441525459289551
1,1324,1490.1644287109375,13803.103515625,3.6617984771728516,12.973400115966797,3.838968276977539
1,1325,1120.6539306640625,10147.16796875,3.5312366485595703,9.16193962097168,3.7733402252197266
1,1326,832.40673828125,7334.19970703125,3.299557685852051,7.570512771606445,3.0106754302978516
1,1327,1578.048828125,14573.3583984375,4.023766994476318,10.922334671020508,4.767270088195801
1,1328,1712.118408203125,15779.525390625,4.472196578979492,14.237971305847168,5.439693450927734
1,1329,919.3731079101562,8196.69140625,3.3234667778015137,8.008742332458496,7.636948585510254
1,1330,1162.2872314453125,10421.578125,4.004312038421631,10.380191802978516,5.445980072021484
1,1331,1125.773681640625,9503.7646484375,5.846571922302246,10.936025619506836,5.502017974853516
1,1332,1287.835693359375,11814.1123046875,3.5474791526794434,11.459802627563477,4.519223213195801
1,1333,1329.385009765625,12099.048828125,3.9826722145080566,10.411985397338867,6.076068878173828
1,1334,1205.176513671875,10946.7509765625,3.683379650115967,9.3951416015625,4.167720794677734
1,1335,1043.6070556640625,9262.4189453125,3.9121718406677246,8.046899795532227,4.8043670654296875
1,1336,1147.54736328125,10332.6728515625,3.8093323707580566,10.44388484954834,4.5694475173950195
1,1337,868.5524291992188,7616.8232421875,3.562337875366211,7.7425384521484375,5.408107757568359
1,1338,1338.658203125,12216.24609375,3.9011173248291016,11.43120002746582,5.7569780349731445
1,1339,1597.026611328125,14725.6962890625,4.148561954498291,10.810873031616211,6.017193794250488
1,1340,927.76025390625,8228.498046875,3.4970149993896484,8.53946304321289,5.096933364868164
1,1341,1227.574951171875,11116.4091796875,3.864464282989502,8.45563793182373,6.503812789916992
1,1342,948.7557983398438,8397.6015625,3.6331863403320312,9.70836067199707,4.145149230957031
1,1343,1409.206298828125,12844.8515625,4.157367706298828,10.859285354614258,8.028432846069336
1,1344,1089.7462158203125,9755.7509765625,3.80570387840271,9.842510223388672,3.5713844299316406
1,1345,980.2098388671875,8643.59765625,3.861668586730957,10.189058303833008,4.871986389160156
1,1346,1015.3387451171875,9084.73046875,3.5621895790100098,8.765488624572754,4.775801658630371
1,1347,1263.626220703125,11464.4306640625,3.9061033725738525,10.347565650939941,4.751694679260254
1,1348,1672.2069091796875,15541.0068359375,3.9368739128112793,12.806239128112793,5.788514137268066
1,1349,1217.9010009765625,10954.681640625,4.081093788146973,8.936389923095703,5.1994829177856445
1,1350,1306.6226806640625,11802.5625,4.212216377258301,9.44830322265625,5.305357933044434
1,1351,1216.00830078125,10953.408203125,4.022247314453125,9.436080932617188,5.396200180053711
1,1352,1606.4923095703125,14776.06640625,4.296187400817871,12.319160461425781,5.211355209350586
1,1353,1727.202392578125,16001.3193359375,4.235681056976318,12.909876823425293,5.454476356506348
1,1354,1493.1092529296875,13721.6083984375,4.031610488891602,11.645299911499023,5.93984317779541
1,1355,1430.5518798828125,13090.515625,4.050008773803711,12.067715644836426,5.211386680603027
1,1356,971.6229248046875,8538.263671875,3.9265518188476562,8.700803756713867,4.3828229904174805
1,1357,1410.2724609375,12770.109375,4.442050933837891,11.178850173950195,5.459099769592285
1,1358,1356.8421630859375,12380.0419921875,3.9612646102905273,11.301349639892578,5.09721565246582
1,1359,1120.947998046875,10081.9228515625,3.7585246562957764,10.62820816040039,4.07611083984375
1,1360,1055.898193359375,9637.01171875,3.073233127593994,9.443389892578125,4.376178741455078
1,1361,1246.0433349609375,11367.32421875,3.6436967849731445,10.778188705444336,3.870748519897461
1,1362,1208.010498046875,10917.77734375,3.874427318572998,10.045598983764648,5.047154426574707
1,1363,1263.4425048828125,11376.458984375,4.193219184875488,9.323676109313965,5.410093307495117
1,1364,1359.205322265625,12401.40625,3.9688239097595215,10.934024810791016,5.58113956451416
1,1365,1141.5992431640625,10209.7236328125,4.020895957946777,9.272285461425781,3.5991249084472656
1,1366,1254.5147705078125,11452.345703125,3.6426711082458496,10.506999969482422,5.602327346801758
1,1367,1692.1859130859375,15740.400390625,3.938194751739502,12.385001182556152,6.136648178100586
1,1368,1000.164794921875,8823.8798828125,3.9258921146392822,7.944761276245117,6.124303817749023
1,1369,1578.45556640625,14668.19140625,3.721210241317749,10.29786491394043,6.906304359436035
1,1370,1359.7242431640625,12328.296875,4.229817867279053,11.713812828063965,5.2379608154296875
1,1371,1709.589599609375,15827.802734375,4.226977825164795,14.379507064819336,4.462828636169434
1,1372,1213.0372314453125,10912.00390625,4.061225891113281,9.777355194091797,4.396244049072266
1,1373,1053.494384765625,9504.265625,3.4355955123901367,9.049959182739258,4.777031898498535
1,1374,881.3006591796875,7764.279296875,3.495757818222046,7.93516731262207,4.743544578552246
1,1375,1414.41796875,12984.818359375,3.864537239074707,11.835758209228516,3.412175178527832
1,1376,1286.63916015625,11642.3466796875,4.080146312713623,10.87520980834961,5.727151870727539
1,1377,1293.044921875,11746.4072265625,3.946807861328125,10.980653762817383,4.809612274169922
1,1378,1421.453857421875,13076.5986328125,3.7931313514709473,11.653267860412598,6.689413070678711
1,1379,1249.1483154296875,11275.873046875,4.052034378051758,9.137384414672852,7.422011375427246
1,1380,1465.162109375,13507.478515625,3.813805103302002,11.46398639678955,3.3457727432250977
1,1381,1284.29833984375,11665.111328125,3.926239013671875,10.974040985107422,3.9177236557006836
1,1382,1050.464111328125,9372.2568359375,3.7746121883392334,9.781591415405273,5.2591047286987305
1,1383,1243.25537109375,11316.90234375,3.718834400177002,10.24218463897705,4.215445518493652
1,1384,1099.430908203125,9859.39453125,3.7830491065979004,10.126132011413574,5.9560651779174805
1,1385,1335.3736572265625,12117.3525390625,4.12128210067749,10.408686637878418,4.866250991821289
1,1386,974.4429321289062,8621.3505859375,3.743596076965332,7.661373615264893,4.382638931274414
1,1387,1228.937255859375,11166.6875,3.7422804832458496,9.369787216186523,5.103222846984863
1,1388,1219.420166015625,10532.046875,5.54051399230957,11.401037216186523,3.6699867248535156
1,1389,1242.192138671875,11216.2060546875,4.019052028656006,10.738277435302734,4.593151092529297
1,1390,1213.203857421875,10650.76953125,4.937559127807617,10.373287200927734,4.581252098083496
1,1391,1224.197021484375,10920.251953125,4.405726432800293,10.472293853759766,1.9266424179077148
1,1392,863.8969116210938,7497.3076171875,3.8055386543273926,10.05982494354248,3.75754451751709
1,1393,872.7240600585938,7612.6787109375,3.7152066230773926,8.18345832824707,4.104680061340332
1,1394,1052.267822265625,9464.681640625,3.526654005050659,10.167289733886719,4.29445743560791
1,1395,1443.87451171875,13271.5,3.8908181190490723,12.663875579833984,4.96193790435791
1,1396,1256.4886474609375,11334.7255859375,4.1005353927612305,9.747203826904297,5.780662536621094
1,1397,1120.2269287109375,10074.3134765625,3.759854793548584,9.904863357543945,3.026773452758789
1,1398,1369.0657958984375,12595.310546875,3.6511566638946533,11.464298248291016,5.265690803527832
1,1399,1419.66552734375,12852.173828125,4.481604099273682,12.875022888183594,4.078782081604004
1,1400,1189.5841064453125,10751.9287109375,3.813042640686035,10.604862213134766,5.393365859985352
1,1401,1794.9635009765625,16748.849609375,4.002617835998535,14.61395263671875,3.4570884704589844
1,1402,1094.4654541015625,9859.84375,3.616034507751465,10.048545837402344,4.514220237731934
1,1403,1326.4306640625,12076.689453125,3.9587221145629883,12.513014793395996,4.847588539123535
1,1404,1272.284423828125,11566.65625,3.8539605140686035,10.07667350769043,4.766877174377441
1,1405,1002.8341674804688,8815.0966796875,4.0441484451293945,8.388219833374023,4.138392448425293
1,1406,1295.182373046875,11842.19140625,3.698773145675659,10.572975158691406,6.430572509765625
1,1407,1188.711669921875,10536.3984375,4.502390384674072,9.989367485046387,4.470970153808594
1,1408,1232.8424072265625,11130.197265625,3.994088649749756,10.16894245147705,4.799708366394043
1,1409,951.8939208984375,8382.623046875,3.787720203399658,10.25979995727539,5.177481651306152
1,1410,938.2110595703125,8266.119140625,3.719970703125,8.292913436889648,4.191343307495117
1,1411,1532.6776123046875,14192.26171875,3.7817137241363525,12.281685829162598,4.831724166870117
1,1412,1337.2110595703125,12251.158203125,3.736508369445801,10.900880813598633,4.848453521728516
1,1413,1227.416015625,10267.3408203125,6.689394474029541,10.630534172058105,3.2467546463012695
1,1414,1040.098876953125,9301.9658203125,3.6634104251861572,7.285111427307129,6.182175636291504
1,1415,1827.3277587890625,17209.41796875,3.546200752258301,15.346052169799805,4.307384490966797
1,1416,1298.1226806640625,11668.390625,4.376117706298828,10.480432510375977,5.409299850463867
1,1417,970.6339111328125,8615.357421875,3.6366043090820312,7.467782974243164,4.247163772583008
1,1418,1302.5865478515625,11911.6220703125,3.7141432762145996,11.383560180664062,6.236523628234863
1,1419,1476.9447021484375,13439.3349609375,4.433708667755127,12.25312614440918,6.109457015991211
1,1420,1050.6168212890625,9482.81640625,3.411172866821289,8.378498077392578,5.166872024536133
1,1421,1509.0311279296875,13837.6845703125,4.175422191619873,12.10326099395752,4.333847999572754
1,1422,1202.2213134765625,10869.857421875,3.8411855697631836,11.209203720092773,4.775988578796387
1,1423,1419.07080078125,13054.5888671875,3.787064552307129,12.276079177856445,3.005537986755371
1,1424,1668.688720703125,15442.666015625,4.147404670715332,13.732452392578125,4.428633689880371
1,1425,1404.7657470703125,12939.1533203125,3.6950130462646484,11.45844841003418,5.740285873413086
1,1426,1078.9052734375,9589.59375,3.998195171356201,9.659018516540527,5.409623146057129
1,1427,1500.3443603515625,13670.623046875,4.442731857299805,12.505812644958496,3.4525651931762695
1,1428,1127.1920166015625,10187.5390625,3.6146018505096436,8.743002891540527,3.9981069564819336
1,1429,925.4697265625,8173.5478515625,3.6038320064544678,8.11368465423584,4.02885627746582
1,1430,1303.48681640625,11832.787109375,4.006938934326172,10.998908996582031,2.9935436248779297
1,1431,1264.825927734375,11089.42578125,5.196110725402832,10.909677505493164,4.178773880004883
1,1432,1197.841552734375,10900.439453125,3.593255043029785,9.984636306762695,3.8260536193847656
1,1433,1237.611083984375,11288.5986328125,3.625042676925659,10.547859191894531,4.010994911193848
1,1434,1114.638671875,10014.01953125,3.774557590484619,9.345026016235352,3.315826416015625
1,1435,1289.169677734375,11793.197265625,3.6616673469543457,11.166407585144043,4.281885147094727
1,1436,1368.6722412109375,12556.966796875,3.7658538818359375,11.449695587158203,5.289097785949707
1,1437,1170.8876953125,10620.880859375,3.626652240753174,10.466085433959961,4.106501579284668
1,1438,955.5615234375,8405.017578125,3.8353259563446045,9.12884521484375,4.64310359954834
1,1439,1021.8652954101562,9045.248046875,3.911349296569824,9.554464340209961,4.816522598266602
1,1440,1064.74267578125,9562.9990234375,3.614759683609009,10.478700637817383,3.842954635620117
1,1441,1238.5252685546875,11260.08984375,3.750542163848877,9.87885856628418,3.5736093521118164
1,1442,1413.142578125,12931.703125,3.9990744590759277,12.745954513549805,3.3158226013183594
1,1443,1179.00537109375,10659.248046875,3.769352436065674,8.934002876281738,6.645992279052734
1,1444,1017.754638671875,9081.8935546875,3.6521754264831543,9.122204780578613,3.9553451538085938
1,1445,1155.8973388671875,10451.2529296875,3.6924009323120117,10.021503448486328,3.765796661376953
1,1446,968.2158203125,8483.2509765625,3.9963550567626953,9.210248947143555,2.9116830825805664
1,1447,1197.3602294921875,10815.8896484375,3.859042167663574,11.219176292419434,3.453371047973633
1,1448,1174.8743896484375,10620.375,3.7612297534942627,9.065094947814941,5.471614837646484
1,1449,1169.8646240234375,10611.2900390625,3.6245205402374268,10.063570022583008,5.149290084838867
1,1450,1179.210693359375,10605.0400390625,3.9568886756896973,9.216312408447266,6.6236371994018555
1,1451,1140.233642578125,10197.7705078125,4.015221118927002,9.872920036315918,3.5753698348999023
1,1452,1131.0068359375,10248.71484375,3.5378477573394775,9.765911102294922,4.623697280883789
1,1453,1319.346435546875,12114.4453125,3.5967278480529785,10.605186462402344,5.612260818481445
1,1454,1376.0933837890625,12551.9453125,4.029961585998535,11.543344497680664,2.5225467681884766
1,1455,1350.4080810546875,12350.91796875,3.84387469291687,11.71484088897705,5.205536842346191
1,1456,1100.939453125,9909.513671875,3.6662683486938477,10.806402206420898,4.134856224060059
1,1457,1260.413818359375,11441.92578125,3.8740406036376953,11.599580764770508,5.337082862854004
1,1458,1257.6854248046875,11479.7744140625,3.6569337844848633,10.177900314331055,4.776506423950195
1,1459,1121.04541015625,10076.6513671875,3.779341697692871,8.488171577453613,4.680643081665039
1,1460,1303.2435302734375,11819.390625,4.043480396270752,11.490950584411621,3.843576431274414
1,1461,1096.744873046875,9824.71875,3.809101104736328,10.411691665649414,3.8117637634277344
1,1462,1180.345703125,10757.3662109375,3.486966609954834,10.007463455200195,6.840646743774414
1,1463,1807.9622802734375,16772.951171875,4.3555707931518555,12.671645164489746,7.015815734863281
1,1464,1383.78955078125,12597.08203125,4.136043548583984,10.121698379516602,6.775286674499512
1,1465,2095.498046875,19757.75390625,3.9907584190368652,15.207998275756836,6.472238540649414
1,1466,1384.90478515625,12739.7578125,3.697629928588867,10.906911849975586,3.5310115814208984
1,1467,1512.2674560546875,13935.92578125,3.955825090408325,11.801769256591797,4.538536071777344
1,1468,1311.5848388671875,12005.9296875,3.699728488922119,12.626989364624023,3.738907814025879
1,1469,1195.818603515625,10793.029296875,3.883854866027832,10.30945110321045,5.854114532470703
1,1470,1376.3448486328125,12662.322265625,3.6704177856445312,10.445277214050293,6.901052474975586
1,1471,1071.98974609375,9575.388671875,3.8150277137756348,9.31560230255127,5.250166893005371
1,1472,1495.3778076171875,13794.697265625,3.863602638244629,11.018102645874023,3.4419727325439453
1,1473,949.8692016601562,8350.009765625,3.8289413452148438,9.253873825073242,3.2901105880737305
1,1474,1197.5428466796875,10828.0517578125,3.8245906829833984,10.364192962646484,3.809454917907715
1,1475,1433.04150390625,12970.955078125,4.531528472900391,11.000070571899414,3.782839775085449
1,1476,919.6375122070312,8092.0341796875,3.681136131286621,8.096914291381836,2.7832794189453125
1,1477,1008.29443359375,9082.9833984375,3.3332035541534424,9.411907196044922,4.093341827392578
1,1478,1428.2459716796875,13220.5703125,3.53963303565979,12.530741691589355,3.6230974197387695
1,1479,1164.9501953125,10571.73828125,3.5925447940826416,11.354448318481445,3.691897392272949
1,1480,848.5396118164062,7204.7158203125,4.268933296203613,7.587144374847412,3.8384647369384766
1,1481,1146.9808349609375,10478.39453125,3.3047118186950684,10.043044090270996,4.906999588012695
1,1482,1151.3616943359375,10276.4443359375,4.123909950256348,9.158568382263184,4.78404426574707
1,1483,911.831298828125,8126.74609375,3.305222511291504,7.2512311935424805,4.276212692260742
1,1484,1629.7159423828125,15166.681640625,3.768256902694702,13.625772476196289,8.425843238830566
1,1485,868.2965698242188,7653.33349609375,3.4321067333221436,9.261430740356445,4.612056732177734
1,1486,1372.2412109375,12564.728515625,3.8589417934417725,11.791152954101562,5.261125564575195
1,1487,1384.1273193359375,12729.2880859375,3.7066149711608887,11.120826721191406,5.531924247741699
1,1488,1092.7613525390625,9935.576171875,3.3067915439605713,9.918438911437988,4.852519989013672
1,1489,1385.624755859375,12644.7138671875,4.038445949554443,13.013301849365234,3.7224512100219727
1,1490,1391.0172119140625,12711.9453125,3.9940896034240723,11.460395812988281,2.7468624114990234
1,1491,1601.186767578125,14626.4189453125,4.618159770965576,12.785655975341797,4.900035858154297
1,1492,1285.7099609375,11649.173828125,4.0264201164245605,12.403242111206055,3.5373191833496094
1,1493,1636.369140625,15181.48046875,3.940703868865967,13.918041229248047,4.331772804260254
1,1494,1291.7879638671875,11802.34375,3.7184548377990723,11.568659782409668,5.003373146057129
1,1495,1556.8018798828125,14367.90625,4.000376224517822,9.972757339477539,7.518884658813477
1,1496,1914.86328125,17978.005859375,3.9020869731903076,13.910588264465332,5.523769378662109
1,1497,1381.63818359375,12790.6796875,3.4190077781677246,11.214319229125977,5.458927154541016
1,1498,1172.765380859375,10640.24609375,3.6246912479400635,8.894082069396973,5.078091621398926
1,1499,1467.544189453125,13525.0087890625,3.8347790241241455,12.125539779663086,5.511466979980469
1,1500,995.028564453125,8652.068359375,4.327391624450684,9.060506820678711,3.705484390258789
1,1501,1089.284423828125,9799.9423828125,3.643004894256592,9.522968292236328,3.7403717041015625
1,1502,1095.4532470703125,9862.75390625,3.6392621994018555,10.234981536865234,3.5068178176879883
1,1503,1015.3843994140625,9064.8701171875,3.629913806915283,8.347402572631836,4.6631011962890625
1,1504,1347.3797607421875,12302.7578125,3.9034676551818848,10.846075057983398,4.30587100982666
1,1505,1312.6884765625,11915.439453125,4.038150310516357,9.969586372375488,5.21296501159668
1,1506,1235.6402587890625,11159.994140625,3.988030195236206,10.44871711730957,4.578096389770508
1,1507,1298.5693359375,11921.8955078125,3.5459911823272705,11.716072082519531,4.058718681335449
1,1508,980.5765991210938,8651.701171875,3.8468825817108154,8.993505477905273,4.528818130493164
1,1509,1034.7435302734375,9159.8896484375,3.9584856033325195,8.537307739257812,3.709249496459961
1,1510,1023.7205810546875,9097.783203125,3.7980751991271973,10.048232078552246,3.0253210067749023
1,1511,1348.117431640625,12353.1103515625,3.7602124214172363,11.69291877746582,4.405982971191406
1,1512,1674.7398681640625,15650.576171875,3.656076431274414,11.679472923278809,5.995479583740234
1,1513,952.2978515625,8481.931640625,3.4701550006866455,7.935929298400879,3.1531457901000977
1,1514,1062.2322998046875,9537.7724609375,3.615169048309326,8.844970703125,3.7059526443481445
1,1515,1498.5692138671875,13774.23046875,4.038203239440918,13.532892227172852,4.798510551452637
1,1516,1341.7769775390625,11925.8515625,4.97305965423584,9.8987398147583,5.7386932373046875
1,1517,1427.1248779296875,13110.2822265625,3.869887590408325,10.497652053833008,4.7777605056762695
1,1518,1513.0452880859375,13903.8798828125,4.0885725021362305,14.027252197265625,3.779430389404297
1,1519,1267.151123046875,11374.9765625,4.321783542633057,9.863908767700195,4.25152587890625
1,1520,1312.959716796875,12034.048828125,3.6518280506134033,11.26186466217041,4.063846588134766
1,1521,830.2408447265625,7259.12109375,3.4776246547698975,7.616540908813477,5.251420021057129
1,1522,1535.8253173828125,14188.19140625,3.900203227996826,12.188674926757812,5.68489933013916
1,1523,1403.0888671875,12923.15234375,3.692451000213623,11.453678131103516,5.738104820251465
1,1524,964.7122802734375,8611.748046875,3.451249837875366,9.77161693572998,4.634657859802246
1,1525,1316.8564453125,11947.9599609375,4.068682670593262,10.577245712280273,4.309355735778809
1,1526,1196.8179931640625,10776.1865234375,3.9733119010925293,10.900279998779297,5.049710273742676
1,1527,1382.804931640625,12645.7001953125,3.941161632537842,11.572540283203125,5.49342155456543
1,1528,1498.059814453125,13708.5732421875,4.240084648132324,12.21300220489502,5.807415008544922
1,1529,1008.0357666015625,9008.4033203125,3.57318115234375,9.255927085876465,3.7255516052246094
1,1530,887.5035400390625,7803.00048828125,3.573448657989502,9.939476013183594,4.197885513305664
1,1531,1411.81640625,12831.9658203125,4.28732442855835,11.63134765625,4.799806594848633
1,1532,1570.59814453125,14488.599609375,4.057939529418945,13.850131034851074,2.188218116760254
1,1533,1276.5367431640625,11471.8876953125,4.311596393585205,12.482637405395508,5.914956092834473
1,1534,1196.3875732421875,10832.99609375,3.769597053527832,10.137320518493652,2.7526168823242188
1,1535,1201.922119140625,10715.92578125,4.344317436218262,8.840173721313477,4.022679328918457
1,1536,894.488037109375,7791.955078125,3.8430838584899902,8.76951789855957,4.119113922119141
1,1537,1300.671875,11775.431640625,4.104288101196289,10.94135856628418,4.798831939697266
1,1538,1351.905517578125,12315.494140625,4.011869430541992,10.692988395690918,4.080204963684082
1,1539,1661.9564208984375,14833.1181640625,5.9548187255859375,12.194341659545898,4.276521682739258
1,1540,727.158447265625,5962.67626953125,4.363026142120361,7.942314147949219,3.13991641998291
1,1541,1594.35302734375,14473.8076171875,4.899076461791992,11.705167770385742,5.537385940551758
1,1542,1483.568603515625,13601.4072265625,4.114259719848633,12.776985168457031,3.2181873321533203
1,1543,1250.8411865234375,11436.7021484375,3.57236385345459,10.452674865722656,4.318049430847168
1,1544,1172.8763427734375,10687.951171875,3.4693732261657715,8.894622802734375,6.122628211975098
1,1545,1415.096435546875,12985.1328125,3.8861050605773926,11.082111358642578,3.450568199157715
1,1546,793.0071411132812,6763.22119140625,3.889500617980957,7.138865947723389,5.098060607910156
1,1547,1253.1439208984375,11460.9228515625,3.568387269973755,10.689784049987793,3.7523574829101562
1,1548,1516.7928466796875,14111.4306640625,3.521660804748535,9.887495040893555,6.636370658874512
1,1549,1049.8232421875,9449.1591796875,3.496908187866211,8.722061157226562,4.77369499206543
1,1550,1551.5584716796875,14370.0224609375,3.8185386657714844,13.39834976196289,5.401289939880371
1,1551,1055.372802734375,9468.46875,3.6175308227539062,7.831657409667969,4.074699401855469
1,1552,1214.4716796875,11000.591796875,3.8137497901916504,11.137767791748047,5.214990615844727
1,1553,2008.8160400390625,18761.337890625,4.4227423667907715,13.247444152832031,6.258923530578613
1,1554,1102.6953125,9915.455078125,3.7049942016601562,9.7991304397583,4.3204498291015625
1,1555,1309.5743408203125,11953.67578125,3.806891679763794,11.281339645385742,3.744333267211914
1,1556,1745.3980712890625,16213.412109375,4.135228633880615,12.711017608642578,5.65580940246582
1,1557,935.7557373046875,8198.048828125,3.8650290966033936,8.11021614074707,4.176855087280273
1,1558,1022.5418701171875,8923.392578125,4.340085983276367,9.140056610107422,4.871596336364746
1,1559,1311.1370849609375,11894.837890625,4.055109977722168,11.72491455078125,4.053048133850098
1,1560,1478.72705078125,12942.1904296875,6.150263786315918,10.06730842590332,5.368629455566406
1,1561,1219.6890869140625,11030.599609375,3.887637138366699,10.92574691772461,3.7480287551879883
1,1562,1618.89013671875,15038.8955078125,3.83335542678833,10.177827835083008,5.499853134155273
1,1563,1162.7791748046875,10531.2216796875,3.655231475830078,10.84143352508545,3.044013023376465
1,1564,1623.2698974609375,15037.4619140625,3.984124183654785,12.455735206604004,6.285478591918945
1,1565,1413.443359375,12940.7900390625,3.978813648223877,11.775749206542969,4.684099197387695
1,1566,1430.4820556640625,13091.4052734375,4.044716835021973,11.703559875488281,3.678281784057617
1,1567,1010.5220947265625,8976.861328125,3.761197328567505,8.708364486694336,3.9926958084106445
1,1568,1754.0325927734375,16329.5361328125,4.035965919494629,12.646289825439453,6.022505760192871
1,1569,1220.013916015625,11030.9951171875,3.8971478939056396,9.305275917053223,5.683481216430664
1,1570,1542.939697265625,14339.78515625,3.632039785385132,9.96812629699707,5.471560478210449
1,1571,1363.210205078125,12487.234375,3.816222667694092,12.771964073181152,4.187746047973633
1,1572,1367.814453125,12472.484375,4.018867492675781,11.40225601196289,5.010418891906738
1,1573,1158.0662841796875,10522.203125,3.528198480606079,10.422874450683594,3.5983667373657227
1,1574,1327.0242919921875,12173.40625,3.656120777130127,10.608354568481445,4.6617231369018555
1,1575,877.690185546875,7679.751953125,3.6571648120880127,9.992873191833496,4.010323524475098
1,1576,1196.5989990234375,10803.0810546875,3.8763620853424072,9.237774848937988,5.461875915527344
1,1577,1205.279052734375,10929.857421875,3.7431094646453857,8.781906127929688,5.64877986907959
1,1578,1771.6422119140625,16497.5859375,4.0627851486206055,11.749566078186035,6.785987854003906
1,1579,1415.5614013671875,12906.4541015625,4.163867473602295,11.214448928833008,6.911459922790527
1,1580,1018.0430297851562,9143.283203125,3.457158088684082,8.803247451782227,4.822066307067871
1,1581,1103.1002197265625,9871.5595703125,3.864807605743408,9.11788272857666,3.071047782897949
1,1582,1010.5306396484375,8876.87109375,4.094783306121826,9.99868106842041,3.3378992080688477
1,1583,1022.283935546875,9069.7333984375,3.8436880111694336,8.608793258666992,3.71187686920166
1,1584,1068.68359375,9589.7958984375,3.65679931640625,8.996513366699219,5.523697853088379
1,1585,1246.693603515625,10982.416015625,4.94840145111084,10.927759170532227,4.676794052124023
1,1586,1417.452880859375,12851.416015625,4.410376071929932,12.037788391113281,5.365406036376953
1,1587,1379.54150390625,12651.810546875,3.812014102935791,10.900827407836914,6.129096984863281
1,1588,1127.465087890625,10130.064453125,3.8152871131896973,9.12460708618164,5.392124176025391
1,1589,1104.9337158203125,9830.3408203125,4.063318252563477,10.820930480957031,3.767849922180176
1,1590,1183.9146728515625,10754.814453125,3.6144421100616455,8.965113639831543,5.989477157592773
1,1591,1541.7261962890625,14273.60546875,3.8121848106384277,13.044557571411133,3.1064682006835938
1,1592,1073.8250732421875,9634.8740234375,3.677921772003174,9.891850471496582,5.3392839431762695
1,1593,1276.252685546875,11654.8955078125,3.69210147857666,10.339722633361816,5.913739204406738
1,1594,1291.1312255859375,11765.54296875,3.819230318069458,12.453008651733398,4.827550888061523
1,1595,1522.700927734375,14078.2138671875,3.829317092895508,12.60744857788086,3.4436473846435547
1,1596,1354.78076171875,12392.068359375,3.8524630069732666,8.734685897827148,6.4292755126953125
1,1597,1301.8309326171875,11886.025390625,3.774278163909912,11.944156646728516,4.503301620483398
1,1598,1229.3394775390625,11002.6416015625,4.302509784698486,10.00220775604248,4.336911201477051
1,1599,1219.21533203125,10913.818359375,4.2611165046691895,10.694183349609375,4.110576629638672
1,1600,997.5271606445312,8947.3515625,3.426398992538452,8.49006462097168,3.798914909362793
1,1601,911.931640625,8069.86865234375,3.4981589317321777,8.799905776977539,2.96710205078125
1,1602,1419.589599609375,12832.76171875,4.5437774658203125,9.937715530395508,4.587254524230957
1,1603,1170.9996337890625,10615.5078125,3.648294687271118,9.785823822021484,4.042594909667969
1,1604,1664.25390625,15412.7568359375,4.099270820617676,12.190563201904297,6.3180084228515625
1,1605,1387.1171875,12691.4375,3.932447910308838,12.629262924194336,3.2786407470703125
1,1606,1080.4228515625,9772.09765625,3.4404354095458984,9.393400192260742,4.695952415466309
1,1607,1388.409423828125,12764.49609375,3.731996536254883,10.201316833496094,5.88920783996582
1,1608,1163.0733642578125,10473.361328125,3.8579063415527344,9.465728759765625,6.995820999145508
1,1609,1064.5029296875,9543.8076171875,3.6707375049591064,9.64627742767334,4.614895820617676
1,1610,1345.39892578125,12240.3994140625,4.045302391052246,11.953857421875,6.494865417480469
1,1611,1381.464599609375,12673.658203125,3.8032939434051514,10.415914535522461,6.6790924072265625
1,1612,963.5736083984375,8558.7822265625,3.5898447036743164,9.699787139892578,4.046993255615234
1,1613,1349.759765625,12431.39453125,3.554006338119507,10.636980056762695,5.140178680419922
1,1614,1262.620361328125,11630.6650390625,3.3184611797332764,11.089176177978516,5.614592552185059
1,1615,1587.67822265625,14631.8134765625,4.149892330169678,12.715851783752441,3.856900215148926
1,1616,1105.202392578125,9906.232421875,3.819305181503296,9.627979278564453,5.090503692626953
1,1617,1179.529052734375,10656.9970703125,3.7943131923675537,10.838136672973633,4.0615034103393555
1,1618,1457.7208251953125,13313.248046875,4.213201522827148,11.018438339233398,4.398615837097168
1,1619,1319.3546142578125,11989.748046875,4.012659072875977,11.89469051361084,4.391451835632324
1,1620,1611.3682861328125,14754.73046875,4.529842376708984,12.07558822631836,5.380667686462402
1,1621,1536.3284912109375,14262.6015625,3.668945074081421,12.506805419921875,5.541410446166992
1,1622,1534.40771484375,14176.90234375,3.8905794620513916,12.223255157470703,5.036701202392578
1,1623,1099.8521728515625,9784.8759765625,4.045486927032471,9.173742294311523,4.570435523986816
1,1624,1450.367431640625,13335.1494140625,3.895080089569092,12.302688598632812,5.173879623413086
1,1625,1452.2796630859375,13458.3681640625,3.5480964183807373,12.803747177124023,4.703337669372559
1,1626,1450.3446044921875,13156.408203125,4.490124225616455,11.161474227905273,5.245720863342285
1,1627,966.90478515625,8402.2294921875,4.222726821899414,7.494433403015137,4.118869781494141
1,1628,1736.58203125,16124.41015625,4.138033866882324,13.534055709838867,4.947592735290527
1,1629,1190.8509521484375,10809.7158203125,3.6626453399658203,10.380186080932617,4.829041481018066
1,1630,1399.7437744140625,12772.201171875,4.084124565124512,11.05236530303955,3.340038299560547
1,1631,1390.78857421875,12849.2646484375,3.5287342071533203,10.525904655456543,6.140135765075684
1,1632,1383.4765625,12441.84765625,4.643060207366943,11.799518585205078,3.671860694885254
1,1633,1154.6407470703125,10408.833984375,3.79190993309021,11.113012313842773,3.030362129211426
1,1634,1160.8121337890625,10432.28125,3.9194655418395996,10.150416374206543,4.407370567321777
1,1635,1614.036865234375,14841.8642578125,4.328351020812988,13.714089393615723,3.376345634460449
1,1636,1023.184326171875,9060.681640625,3.903872013092041,7.555863380432129,4.071070671081543
1,1637,1074.2666015625,9608.2275390625,3.7814598083496094,9.28815746307373,5.183874130249023
1,1638,1315.586181640625,12039.5244140625,3.721120834350586,11.032770156860352,5.365373611450195
1,1639,1361.95751953125,12447.3486328125,3.907423973083496,9.722657203674316,7.333365440368652
1,1640,1204.6221923828125,10856.6044921875,3.9653894901275635,10.392181396484375,5.040128707885742
1,1641,1235.21142578125,11167.6728515625,3.948137044906616,10.479484558105469,3.376157760620117
1,1642,1537.3740234375,14218.07421875,3.8522191047668457,11.608048439025879,4.0133056640625
1,1643,1549.0302734375,14374.51171875,3.7193050384521484,13.54590892791748,4.715388298034668
1,1644,1162.062255859375,10494.470703125,3.753835439682007,8.645970344543457,4.881117820739746
1,1645,1064.6607666015625,9470.6435546875,3.91987943649292,8.71879768371582,4.957998275756836
1,1646,1131.9417724609375,10249.5361328125,3.5662710666656494,10.535385131835938,3.442607879638672
1,1647,1279.9542236328125,11155.83203125,5.479031562805176,10.806465148925781,3.332627296447754
1,1648,1545.673583984375,14231.046875,4.085628509521484,12.006853103637695,4.764285087585449
1,1649,1138.8450927734375,10285.0615234375,3.677961826324463,10.678903579711914,3.481743812561035
1,1650,1055.8404541015625,9480.0517578125,3.594510555267334,10.524120330810547,3.428765296936035
1,1651,1038.797119140625,9246.7099609375,3.8042030334472656,7.281358242034912,6.8007402420043945
1,1652,1331.367919921875,12125.19140625,3.961623191833496,12.235359191894531,4.372946739196777
1,1653,1231.5736083984375,11150.873046875,3.882878303527832,10.397787094116211,5.227256774902344
1,1654,1156.2325439453125,10450.0546875,3.707568645477295,7.291273593902588,5.086177825927734
1,1655,1483.4720458984375,13447.5185546875,4.624007225036621,13.316300392150879,6.089948654174805
1,1656,1679.3662109375,15630.9111328125,3.875835418701172,13.044036865234375,5.297074317932129
1,1657,1401.525390625,12881.140625,3.780376672744751,10.999654769897461,6.458616256713867
1,1658,801.3886108398438,7012.22802734375,3.3388595581054688,8.829283714294434,3.781423568725586
1,1659,1009.3189086914062,8795.4833984375,4.325685024261475,8.120525360107422,5.868685722351074
1,1660,1066.0341796875,9459.453125,4.002963066101074,7.535404205322266,6.205564498901367
1,1661,1434.0228271484375,13142.6025390625,3.99208402633667,11.71709156036377,5.280022621154785
1,1662,1270.9093017578125,11583.849609375,3.7508115768432617,11.359493255615234,3.280120849609375
1,1663,1580.8408203125,14694.3193359375,3.7136287689208984,12.916208267211914,4.016761779785156
1,1664,1239.44775390625,11212.330078125,3.9404923915863037,11.160318374633789,3.687713623046875
1,1665,1191.446044921875,10716.53515625,3.9930813312530518,8.688488006591797,5.653365135192871
1,1666,1286.9893798828125,11826.703125,3.4773030281066895,9.972326278686523,4.94874382019043
1,1667,1221.976806640625,11066.333984375,3.8447787761688232,10.039058685302734,4.147762298583984
1,1668,1081.6363525390625,9568.24609375,4.1603899002075195,10.897403717041016,2.95450496673584
1,1669,1133.597412109375,10316.755859375,3.3973910808563232,10.32910442352295,4.802801132202148
1,1670,1173.1558837890625,10578.736328125,3.842740535736084,11.07089614868164,3.426046371459961
1,1671,1711.5390625,15978.607421875,3.789276123046875,12.791078567504883,6.0588884353637695
1,1672,1347.2315673828125,12227.1845703125,4.150434494018555,11.286321640014648,3.953579902648926
1,1673,1140.2723388671875,10227.888671875,3.916116714477539,9.749942779541016,4.401523590087891
1,1674,1093.578125,9867.556640625,3.5607500076293945,10.091617584228516,3.775984764099121
1,1675,1389.157470703125,12755.849609375,3.7857513427734375,10.36696720123291,5.6665449142456055
1,1676,2005.7529296875,18737.796875,4.399109840393066,14.708486557006836,5.473926544189453
1,1677,1094.6307373046875,9900.134765625,3.48724102973938,10.941957473754883,5.056114196777344
1,1678,856.6719970703125,7506.87060546875,3.5328307151794434,7.218416690826416,4.256524085998535
1,1679,1617.408203125,14987.28125,3.956003189086914,12.658669471740723,3.9765195846557617
1,1680,1411.376953125,13041.8896484375,3.572932720184326,11.339925765991211,3.803318977355957
1,1681,1403.4720458984375,12945.6015625,3.630394697189331,10.864500045776367,4.973599433898926
1,1682,1217.838623046875,11039.798828125,3.7952933311462402,10.268102645874023,4.670538902282715
1,1683,1646.6241455078125,15176.95703125,4.297614097595215,13.658175468444824,5.370782852172852
1,1684,1248.6055908203125,11422.978515625,3.543590545654297,9.701921463012695,6.0664825439453125
1,1685,1524.9290771484375,14176.91015625,3.574601650238037,11.116762161254883,7.51350212097168
1,1686,1367.6541748046875,12489.884765625,3.955519914627075,11.656595230102539,4.494108200073242
1,1687,917.442138671875,8098.98779296875,3.5847768783569336,8.436159133911133,4.9866180419921875
1,1688,1224.778076171875,11027.943359375,4.0661234855651855,9.946649551391602,4.036124229431152
1,1689,1864.8663330078125,17392.205078125,4.188190460205078,13.542221069335938,7.0374250411987305
1,1690,1399.4161376953125,12728.787109375,4.217911720275879,11.97629451751709,4.707008361816406
1,1691,1086.60205078125,9747.435546875,3.728614568710327,9.706573486328125,4.977752685546875
1,1692,1453.7310791015625,13412.64453125,3.7488865852355957,12.569446563720703,5.626964569091797
1,1693,1356.4658203125,12428.5224609375,3.787116050720215,10.216869354248047,6.416945457458496
1,1694,1138.6676025390625,10208.2177734375,3.928194999694824,9.925052642822266,2.6654043197631836
1,1695,1023.2708129882812,9154.9853515625,3.592410087585449,10.447001457214355,3.8955183029174805
1,1696,1322.022705078125,11944.80078125,4.251421928405762,11.802104949951172,3.6687707901000977
1,1697,1239.580078125,11264.8515625,3.7698287963867188,9.674241065979004,5.865138053894043
1,1698,1231.38134765625,11148.2470703125,3.8852226734161377,9.473536491394043,5.524726867675781
1,1699,1305.3759765625,11923.705078125,3.7668516635894775,11.568078994750977,5.068503379821777
1,1700,1611.386474609375,14939.658203125,3.914019823074341,12.666313171386719,6.22181510925293
1,1701,1333.96728515625,12121.951171875,4.059067726135254,11.27093505859375,3.271355628967285
1,1702,817.2671508789062,7077.1298828125,3.6518044471740723,7.197778701782227,4.659354209899902
1,1703,1122.542236328125,10067.31640625,3.860353946685791,8.844725608825684,3.5509767532348633
1,1704,951.41357421875,8430.45703125,3.61226224899292,8.956480026245117,4.723838806152344
1,1705,1105.13427734375,9946.71484375,3.682093620300293,9.968141555786133,3.8358354568481445
1,1706,1157.343017578125,10485.6845703125,3.6258199214935303,8.231873512268066,5.096811294555664
1,1707,1734.4647216796875,16137.783203125,4.022881507873535,13.180456161499023,4.298295021057129
1,1708,1449.4642333984375,13391.54296875,3.6769967079162598,8.569068908691406,6.4015913009643555
1,1709,1032.6309814453125,9134.12890625,3.9739370346069336,8.473038673400879,4.08290958404541
1,1710,1432.428466796875,13136.30859375,3.959921360015869,12.169316291809082,4.491278648376465
1,1711,925.443115234375,8166.00048828125,3.628103733062744,8.643115997314453,3.7243423461914062
1,1712,1360.352783203125,12527.88671875,3.58546781539917,10.987680435180664,5.794528007507324
1,1713,1088.251220703125,9799.5107421875,3.610002040863037,9.054733276367188,3.8814096450805664
1,1714,1081.73046875,9667.541015625,3.8325440883636475,10.445592880249023,4.128649711608887
1,1715,1320.1873779296875,12044.015625,3.8595268726348877,11.684184074401855,4.066340446472168
1,1716,1054.794921875,9514.166015625,3.44594144821167,9.342803001403809,4.352492332458496
1,1717,1393.8489990234375,12744.974609375,3.978383779525757,11.3055419921875,4.248818397521973
1,1718,1057.134521484375,9483.5029296875,3.6261401176452637,9.463418960571289,3.0793771743774414
1,1719,1732.021240234375,16122.6611328125,3.991837978363037,14.611675262451172,4.1353559494018555
1,1720,1283.8526611328125,11707.970703125,3.768519401550293,11.399682998657227,4.3628997802734375
1,1721,1521.8414306640625,14113.3173828125,3.6836531162261963,12.837369918823242,6.497246742248535
1,1722,1293.164306640625,11714.63671875,4.056687355041504,10.604734420776367,5.533551216125488
1,1723,1393.7802734375,12666.740234375,4.236874103546143,12.306882858276367,4.55389404296875
1,1724,1703.7689208984375,15857.7978515625,3.932969808578491,11.865427017211914,6.155604362487793
1,1725,2083.916015625,19637.353515625,4.0060248374938965,14.837874412536621,7.39877986907959
1,1726,1044.711669921875,9282.306640625,3.8827006816864014,10.08241081237793,3.5698795318603516
1,1727,1325.5394287109375,12088.759765625,3.888780117034912,11.539443969726562,3.323352813720703
1,1728,1445.5819091796875,13240.154296875,4.052212715148926,12.20034408569336,5.2985429763793945
1,1729,1138.69677734375,10359.5458984375,3.4247403144836426,9.858551025390625,5.352364540100098
1,1730,1367.5615234375,12568.2578125,3.6911888122558594,13.167581558227539,4.10124397277832
1,1731,1261.2149658203125,11547.427734375,3.549072742462158,10.640110969543457,3.149722099304199
1,1732,1170.30810546875,10544.93359375,3.8604888916015625,10.308526039123535,3.7411327362060547
1,1733,1566.185302734375,14495.548828125,3.887678384780884,12.784894943237305,4.474743843078613
1,1734,1543.6875,14351.212890625,3.6188712120056152,13.279886245727539,3.9495935440063477
1,1735,1102.8162841796875,9890.888671875,3.7909131050109863,9.990628242492676,4.234448432922363
1,1736,1130.41650390625,10173.9375,3.767425775527954,10.9119873046875,3.887451171875
1,1737,1228.09375,11147.2109375,3.77908992767334,9.532456398010254,4.809137344360352
1,1738,1410.3043212890625,12966.791015625,3.787508010864258,10.919672012329102,4.7320756912231445
1,1739,1379.64208984375,12603.4501953125,3.9765655994415283,10.80686092376709,5.060532569885254
1,1740,1471.769287109375,13499.23046875,4.061540603637695,11.197519302368164,5.895554542541504
1,1741,1123.4217529296875,10179.90234375,3.5143826007843018,10.903173446655273,3.8639183044433594
1,1742,1197.47607421875,10954.349609375,3.401370048522949,10.185416221618652,4.535599708557129
1,1743,1231.6307373046875,11200.7734375,3.71844482421875,10.973116874694824,4.090953826904297
1,1744,1067.4844970703125,9644.4287109375,3.434720039367676,8.919931411743164,4.044878959655762
1,1745,930.882080078125,8307.7578125,3.3368754386901855,8.446436882019043,5.855330467224121
1,1746,1134.27685546875,10212.962890625,3.7660162448883057,9.375665664672852,2.7697620391845703
1,1747,1844.356689453125,17207.34375,4.120744705200195,13.673562049865723,6.23028564453125
1,1748,1459.1927490234375,13386.21875,4.019024848937988,10.952713966369629,3.452530860900879
1,1749,719.86572265625,6003.04443359375,3.9853765964508057,7.396374225616455,4.046792984008789
1,1750,1215.97900390625,11036.31640625,3.744908332824707,11.5675687789917,4.346184730529785
1,1751,954.7477416992188,8453.0185546875,3.64819598197937,10.735869407653809,3.7139148712158203
1,1752,969.3452758789062,8544.642578125,3.82936692237854,8.787271499633789,4.678861618041992
1,1753,1168.05419921875,10499.794921875,3.9358232021331787,11.17301082611084,5.344532012939453
1,1754,1100.437255859375,9940.3232421875,3.546830654144287,9.629592895507812,6.175812721252441
1,1755,1212.0638427734375,10887.390625,4.110823631286621,11.080118179321289,4.351749420166016
1,1756,1392.0172119140625,12648.076171875,4.240319728851318,10.867431640625,5.191573143005371
1,1757,979.7626953125,8626.1513671875,3.904916763305664,9.62910270690918,4.3785905838012695
1,1758,1099.623046875,9768.080078125,4.093833923339844,9.667299270629883,4.105564117431641
1,1759,955.7540893554688,8448.494140625,3.69682240486145,9.382671356201172,2.920684814453125
1,1760,1197.08056640625,10879.474609375,3.6377668380737305,11.178094863891602,3.6058216094970703
1,1761,1460.22802734375,13508.810546875,3.6448957920074463,11.36255931854248,6.239513397216797
1,1762,1333.3360595703125,12250.6806640625,3.6089329719543457,11.113271713256836,4.725358963012695
1,1763,1199.458251953125,10846.896484375,3.8256187438964844,10.865412712097168,4.906562805175781
1,1764,870.6656494140625,7271.525390625,4.783771514892578,7.591955184936523,3.454425811767578
1,1765,1461.65185546875,13486.02734375,3.768301486968994,10.912711143493652,6.338351249694824
1,1766,1411.1820068359375,12941.6181640625,3.900669574737549,10.660788536071777,4.119657516479492
1,1767,1015.2859497070312,9086.7470703125,3.553706169128418,9.001106262207031,3.433346748352051
1,1768,1022.0511474609375,9171.5986328125,3.496375560760498,10.151934623718262,4.175137519836426
1,1769,1457.197265625,13443.66015625,3.761037826538086,11.864093780517578,5.483478546142578
1,1770,1244.742919921875,11143.91796875,4.345034599304199,10.611010551452637,3.275114059448242
1,1771,1405.0517578125,12951.6484375,3.6628940105438232,12.110100746154785,6.366415977478027
1,1772,1198.8546142578125,10831.4208984375,3.8570847511291504,11.187416076660156,3.8398513793945312
1,1773,1169.5703125,10587.8544921875,3.6928248405456543,10.846747398376465,4.764927864074707
1,1774,1253.4302978515625,11367.0048828125,3.8909919261932373,10.29856014251709,3.2548599243164062
1,1775,1301.1424560546875,11864.7734375,3.82216739654541,12.243613243103027,3.768627166748047
1,1776,1468.838623046875,13537.041015625,3.837815761566162,11.379003524780273,6.41860294342041
1,1777,1051.4034423828125,9269.560546875,4.148247241973877,9.992168426513672,3.7190561294555664
1,1778,1025.4404296875,9027.908203125,4.088321685791016,10.09188461303711,5.636446952819824
1,1779,1320.39794921875,11979.4736328125,4.081686019897461,10.864391326904297,4.943703651428223
1,1780,1190.62158203125,10677.5771484375,4.095463275909424,11.028972625732422,3.1907787322998047
1,1781,1130.9521484375,10283.587890625,3.4197804927825928,8.343633651733398,7.1284894943237305
1,1782,1703.1512451171875,15959.744140625,3.5725603103637695,12.49295425415039,7.089678764343262
1,1783,1523.2548828125,14015.9375,4.055370330810547,11.85252857208252,5.988067626953125
1,1784,1316.6392822265625,11944.5703125,4.072741508483887,11.733928680419922,3.486039161682129
1,1785,1296.8304443359375,11858.361328125,3.6998071670532227,11.299205780029297,4.166068077087402
1,1786,1092.718505859375,9697.048828125,4.100452423095703,9.803452491760254,4.733278274536133
1,1787,1236.0067138671875,11232.53515625,3.758439064025879,11.088162422180176,6.710962295532227
1,1788,972.0675048828125,8670.7587890625,3.499720573425293,7.618303298950195,4.817462921142578
1,1789,1444.1077880859375,13264.3203125,3.922524929046631,11.704695701599121,5.554620742797852
1,1790,990.6988525390625,8738.4921875,3.894986629486084,7.878938674926758,3.160447120666504
1,1791,1123.8809814453125,10163.6455078125,3.5838804244995117,9.309144973754883,3.498800277709961
1,1792,1510.41162109375,13855.4150390625,4.162337303161621,12.942147254943848,4.633591651916504
1,1793,1213.5916748046875,10946.783203125,3.963776111602783,10.655238151550293,4.729181289672852
1,1794,1102.694091796875,9955.8525390625,3.57029390335083,8.323077201843262,5.944535255432129
1,1795,1271.9835205078125,11536.8095703125,3.9434144496917725,11.525975227355957,2.934504508972168
1,1796,1144.200927734375,10320.2958984375,3.739042282104492,10.191899299621582,3.4021291732788086
1,1797,1444.6097412109375,13330.658203125,3.7181296348571777,11.173822402954102,4.497710227966309
1,1798,1029.95947265625,9150.6875,3.8296890258789062,8.616626739501953,4.818958282470703
1,1799,1096.272216796875,9892.576171875,3.567154884338379,8.68634033203125,5.578173637390137
1,1800,1179.297607421875,10590.2275390625,4.009159088134766,9.54881477355957,3.7987804412841797
1,1801,1194.720458984375,10829.0908203125,3.7270467281341553,12.171590805053711,2.6204357147216797
1,1802,1099.4493408203125,9839.818359375,3.848917007446289,11.765534400939941,4.370486259460449
1,1803,1538.599609375,14163.056640625,4.07646369934082,11.749898910522461,5.288564682006836
1,1804,1054.28955078125,8708.88671875,6.113363265991211,9.007895469665527,4.132551193237305
1,1805,1191.6026611328125,10741.62890625,3.914658308029175,10.851968765258789,5.40031623840332
1,1806,1258.5382080078125,11452.998046875,3.774613857269287,12.030635833740234,4.684621810913086
1,1807,1429.5548095703125,13169.2177734375,3.7544350624084473,11.693143844604492,5.250232696533203
1,1808,1328.0787353515625,12134.34375,3.821476936340332,11.914619445800781,5.579619407653809
1,1809,889.9593505859375,7915.53759765625,3.280186414718628,9.110465049743652,2.9895553588867188
1,1810,1071.34375,9498.2177734375,4.05073356628418,8.887602806091309,4.616278648376465
1,1811,995.7569580078125,8858.1162109375,3.6648426055908203,8.699356079101562,4.266371726989746
1,1812,972.3109130859375,8627.474609375,3.652113437652588,8.750585556030273,3.860929489135742
1,1813,1399.9932861328125,12858.298828125,3.805443525314331,12.329214096069336,4.940253257751465
1,1814,1628.5106201171875,15143.177734375,3.8064301013946533,13.723854064941406,3.9489688873291016
1,1815,1199.474365234375,10875.5595703125,3.73060941696167,9.031469345092773,5.982695579528809
1,1816,1340.3914794921875,12214.0791015625,3.9661178588867188,11.911462783813477,3.13336181640625
1,1817,1512.518798828125,13984.1396484375,3.803494930267334,9.853689193725586,6.230518341064453
1,1818,1408.0540771484375,12997.453125,3.6102895736694336,9.910009384155273,7.535367965698242
1,1819,1205.0660400390625,10924.2294921875,3.754770278930664,8.557601928710938,6.450942039489746
1,1820,1111.7725830078125,10000.033203125,3.7256410121917725,10.692334175109863,4.026165962219238
1,1821,1010.1488037109375,8904.892578125,3.988651990890503,7.797901630401611,6.182448387145996
1,1822,1565.1480712890625,14456.5849609375,3.9829835891723633,12.025348663330078,5.877708435058594
1,1823,1323.1490478515625,12157.958984375,3.5784401893615723,10.743236541748047,4.88417911529541
1,1824,1056.9697265625,9494.4423828125,3.5841803550720215,9.510220527648926,4.459078788757324
1,1825,1418.38818359375,12700.4140625,4.944895267486572,10.444005966186523,5.93654727935791
1,1826,1330.8321533203125,12157.4765625,3.836150646209717,11.696273803710938,4.636666297912598
1,1827,1346.845703125,12279.779296875,3.962259292602539,10.879891395568848,5.642425537109375
1,1828,2105.05517578125,19800.638671875,4.166375160217285,15.338811874389648,4.937555313110352
1,1829,1164.1104736328125,10467.16796875,3.913121223449707,11.229036331176758,5.783537864685059
1,1830,1650.560791015625,15342.919921875,3.8756275177001953,12.742292404174805,6.293021202087402
1,1831,1010.2368774414062,8969.5234375,3.7761521339416504,9.286762237548828,4.867478370666504
1,1832,1092.7139892578125,9847.3515625,3.5992932319641113,8.127361297607422,5.220206260681152
1,1833,1326.74072265625,12111.5908203125,3.852721691131592,9.478842735290527,5.502490043640137
1,1834,922.6708984375,8158.84716796875,3.559539794921875,8.492958068847656,4.249652862548828
1,1835,1047.317626953125,9363.318359375,3.6995279788970947,9.095911026000977,5.140538215637207
1,1836,1145.0166015625,10319.333984375,3.769439697265625,9.432787895202637,4.483522415161133
1,1837,904.51171875,7897.6943359375,3.824742317199707,8.848858833312988,2.850543975830078
1,1838,1455.55615234375,13409.306640625,3.8208494186401367,11.432454109191895,4.595550537109375
1,1839,1482.6993408203125,13607.291015625,4.065673828125,11.664766311645508,2.4903564453125
1,1840,1638.4569091796875,15256.01953125,3.761833667755127,12.872823715209961,4.9430646896362305
1,1841,1469.33837890625,13505.3359375,3.9601612091064453,12.500657081604004,3.532010078430176
1,1842,1302.4720458984375,11881.2646484375,3.8115174770355225,12.072650909423828,4.496255874633789
1,1843,1112.5313720703125,9986.8447265625,3.7948968410491943,9.28821086883545,4.331232070922852
1,1844,1405.8343505859375,12891.421875,3.8897385597229004,12.76725959777832,4.031672477722168
1,1845,1161.259521484375,10438.50390625,3.9136366844177246,9.600879669189453,3.622860908508301
1,1846,1330.4801025390625,11388.9697265625,6.386104583740234,10.225975036621094,5.029364585876465
1,1847,957.74560546875,8467.25390625,3.7006735801696777,8.253469467163086,4.367890357971191
1,1848,1252.6103515625,11375.8828125,3.8340682983398438,10.280454635620117,3.8425893783569336
1,1849,1359.0740966796875,12475.3935546875,3.7178211212158203,9.678028106689453,5.481429100036621
1,1850,1761.881103515625,16454.01953125,3.8826370239257812,14.382930755615234,5.532822608947754
1,1851,2329.697509765625,22053.87890625,4.1436543464660645,14.709271430969238,6.769709587097168
1,1852,1170.7958984375,10499.4189453125,4.028467178344727,9.43425178527832,5.317666053771973
1,1853,1279.8494873046875,11705.56640625,3.643094539642334,11.655553817749023,5.263394355773926
1,1854,1155.7745361328125,10441.736328125,3.7200279235839844,8.541237831115723,6.28936767578125
1,1855,1326.70361328125,12114.306640625,3.842430591583252,11.385074615478516,6.095314025878906
1,1856,1318.734130859375,12055.7666015625,3.7719175815582275,10.264686584472656,6.137345314025879
1,1857,1003.670654296875,8904.123046875,3.775278091430664,8.47560977935791,4.698505401611328
1,1858,1176.7161865234375,10732.818359375,3.447810649871826,9.609952926635742,4.680444717407227
1,1859,924.9583740234375,8203.30859375,3.4875831604003906,8.697160720825195,5.065296173095703
1,1860,1092.418701171875,9828.736328125,3.6515016555786133,10.765006065368652,5.107346534729004
1,1861,1186.175048828125,10696.7724609375,3.8832592964172363,10.372943878173828,5.721756935119629
1,1862,1138.13134765625,10292.7060546875,3.628689765930176,8.948066711425781,4.742873191833496
1,1863,1367.90283203125,12461.4140625,4.05871057510376,11.867473602294922,4.855536460876465
1,1864,1421.97802734375,13067.6953125,3.8402812480926514,12.677430152893066,5.855375289916992
1,1865,1032.1888427734375,9200.375,3.7383787631988525,9.618227005004883,4.722369194030762
1,1866,1523.7847900390625,14040.919921875,3.9897565841674805,11.59572696685791,5.119710922241211
1,1867,1052.94384765625,9382.0810546875,3.824522018432617,9.150674819946289,4.161844253540039
1,1868,1377.53515625,12750.3994140625,3.4165070056915283,11.207869529724121,4.5507097244262695
1,1869,1272.4737548828125,11612.3525390625,3.7079501152038574,9.132279396057129,4.816971778869629
1,1870,1045.871826171875,9376.6318359375,3.606952667236328,9.371648788452148,3.41436767578125
1,1871,1524.6536865234375,14155.7783203125,3.635859489440918,12.571340560913086,5.049448013305664
1,1872,1229.774169921875,11189.3173828125,3.6947476863861084,10.261298179626465,4.665197372436523
1,1873,1135.616455078125,10179.375,3.9226303100585938,9.751068115234375,5.308697700500488
1,1874,1254.0504150390625,11327.24609375,4.044193744659424,11.892760276794434,4.026357650756836
1,1875,1151.4049072265625,10309.099609375,4.016497611999512,10.27218246459961,3.663802146911621
1,1876,1154.7021484375,10453.751953125,3.644228458404541,9.25141716003418,3.42252254486084
1,1877,1380.029541015625,12685.34375,3.7165040969848633,12.19151496887207,3.072793960571289
1,1878,1380.2686767578125,12669.56640625,3.777068614959717,11.435890197753906,3.9446516036987305
1,1879,1039.112548828125,9342.779296875,3.4944844245910645,8.954156875610352,7.503656387329102
1,1880,1336.2125244140625,12242.9580078125,3.7305569648742676,11.13018798828125,5.057591438293457
1,1881,1177.8658447265625,10648.146484375,3.7683699131011963,9.839576721191406,5.208330154418945
1,1882,1234.505126953125,11179.3095703125,3.8858044147491455,10.328417778015137,3.9171361923217773
1,1883,899.413818359375,7934.7412109375,3.5313243865966797,7.394386291503906,3.7194128036499023
1,1884,1619.883056640625,15052.47265625,3.821192502975464,12.380367279052734,5.588648796081543
1,1885,1421.561279296875,12919.0888671875,4.321745872497559,12.880229949951172,3.2611303329467773
1,1886,1243.9656982421875,11279.029296875,3.8687591552734375,10.805900573730469,6.250215530395508
1,1887,1327.641357421875,12161.3125,3.717005491256714,10.124267578125,5.242083549499512
1,1888,1272.4417724609375,11606.1943359375,3.727410316467285,11.193251609802246,4.666312217712402
1,1889,1469.7813720703125,13532.2021484375,3.8853728771209717,13.206727981567383,2.830389976501465
1,1890,1052.2991943359375,9370.91015625,3.8402724266052246,9.899404525756836,4.726691246032715
1,1891,843.5220336914062,7371.896484375,3.5444140434265137,9.629900932312012,4.088478088378906
1,1892,1244.491943359375,11310.46484375,3.7815141677856445,11.151421546936035,4.539066314697266
1,1893,1538.3917236328125,14165.96875,4.059826850891113,12.767358779907227,5.609856605529785
1,1894,1295.58642578125,11842.67578125,3.7106287479400635,10.968984603881836,5.488465309143066
1,1895,1221.200439453125,11017.40625,3.981994152069092,10.017637252807617,6.815983772277832
1,1896,846.4938354492188,7403.076171875,3.5395405292510986,8.57668399810791,4.501615524291992
1,1897,1102.792724609375,9889.587890625,3.7944626808166504,10.188831329345703,3.5605688095092773
1,1898,1036.4093017578125,9413.357421875,3.169119358062744,8.692066192626953,5.204095840454102
1,1899,1135.4962158203125,10263.580078125,3.6379408836364746,10.266712188720703,5.890545845031738
1,1900,1355.440185546875,12344.24609375,4.033849716186523,11.708988189697266,4.8905839920043945
1,1901,1132.0478515625,10259.314453125,3.537210464477539,10.127264022827148,5.118494033813477
1,1902,1240.8236083984375,11205.78515625,4.008172035217285,10.558022499084473,4.431224822998047
1,1903,1191.503662109375,10802.552734375,3.708280086517334,11.278656005859375,4.098381996154785
1,1904,961.8038940429688,8503.0859375,3.716510772705078,8.130528450012207,3.941929817199707
1,1905,1252.5211181640625,11318.0224609375,4.023963928222656,10.56287956237793,6.318971633911133
1,1906,1289.4913330078125,11779.033203125,3.719601631164551,11.400484085083008,3.9058046340942383
1,1907,1639.6397705078125,15168.3671875,4.0934343338012695,13.63671875,4.271425247192383
1,1908,1152.3992919921875,10539.35546875,3.282123327255249,10.407434463500977,3.652118682861328
1,1909,1223.5609130859375,11051.26171875,3.947822093963623,8.672121047973633,5.655453681945801
1,1910,1176.3936767578125,10326.0078125,4.793094635009766,10.141907691955566,4.355701446533203
1,1911,1748.3726806640625,16221.822265625,4.206347465515137,12.224716186523438,4.852490425109863
1,1912,1356.575927734375,12370.015625,3.985811710357666,11.914888381958008,4.302628517150879
1,1913,1110.1517333984375,9818.53125,4.276618003845215,8.97667407989502,3.990903854370117
1,1914,1369.73974609375,12463.2705078125,4.113758087158203,10.614974975585938,5.6669206619262695
1,1915,1044.5556640625,9292.46484375,3.8436388969421387,9.292455673217773,2.9915571212768555
1,1916,852.72900390625,7374.185546875,3.843679904937744,7.783658981323242,5.316336631774902
1,1917,1196.45751953125,10851.068359375,3.711690902709961,10.59512710571289,4.309810638427734
1,1918,1164.664306640625,10494.1328125,3.84169864654541,10.772712707519531,5.253617286682129
1,1919,1282.5067138671875,11725.9638671875,3.663675308227539,10.3886079788208,4.837594032287598
1,1920,1352.6658935546875,12399.7900390625,3.756230592727661,11.481895446777344,3.8966245651245117
1,1921,1050.01904296875,9480.2470703125,3.399811267852783,9.810236930847168,3.8791465759277344
1,1922,1197.223388671875,10819.0078125,3.8440873622894287,10.94583511352539,4.478217124938965
1,1923,1007.4383544921875,9007.6640625,3.5557308197021484,8.005350112915039,2.9553699493408203
1,1924,1239.989501953125,11291.888671875,3.69335675239563,10.3707857131958,5.391063690185547
1,1925,1277.9036865234375,11522.3505859375,4.1889519691467285,11.117630958557129,3.635171890258789
1,1926,1230.480712890625,11241.3955078125,3.544706106185913,10.829670906066895,5.941911697387695
1,1927,1185.0111083984375,10843.427734375,3.3556127548217773,9.892682075500488,5.651707649230957
1,1928,1416.2261962890625,12959.9716796875,4.007635116577148,8.98328685760498,7.863892555236816
1,1929,815.9576416015625,7042.34765625,3.7240943908691406,8.319942474365234,5.644710540771484
1,1930,1051.6629638671875,9441.677734375,3.583172559738159,8.93797492980957,5.133266448974609
1,1931,1117.89111328125,10100.642578125,3.5942270755767822,11.037984848022461,3.3550214767456055
1,1932,1418.011474609375,13075.8251953125,3.680964231491089,9.629467010498047,6.46308708190918
1,1933,1563.9180908203125,14472.16015625,3.890066385269165,12.444887161254883,3.5851335525512695
1,1934,1299.634521484375,11854.3125,3.8067734241485596,11.346524238586426,3.1426429748535156
1,1935,1218.711181640625,11076.0498046875,3.703540802001953,11.203479766845703,3.7082138061523438
1,1936,1355.4527587890625,12415.609375,3.796396493911743,11.912601470947266,4.0865325927734375
1,1937,1855.720703125,17334.05859375,4.077159881591797,12.460967063903809,6.586853981018066
1,1938,1139.23681640625,10360.55859375,3.4393630027770996,9.644943237304688,4.630992889404297
1,1939,1015.5404052734375,8986.857421875,3.8951549530029297,8.55310344696045,4.795174598693848
1,1940,674.9066162109375,5785.78466796875,3.210937023162842,7.025169849395752,4.571098327636719
1,1941,1694.193359375,15749.3203125,3.9753775596618652,13.600107192993164,5.010138511657715
1,1942,1504.7158203125,13834.6435546875,4.041717529296875,11.608843803405762,2.689798355102539
1,1943,1471.33203125,13541.12890625,3.9073047637939453,11.152817726135254,4.718195915222168
1,1944,1227.83203125,11236.8642578125,3.47152042388916,11.359034538269043,4.661747932434082
1,1945,1034.4373779296875,8991.966796875,4.508022785186768,8.893763542175293,3.199718475341797
1,1946,996.3494262695312,8878.560546875,3.6164445877075195,9.499682426452637,4.1651811599731445
1,1947,1322.60009765625,12147.326171875,3.5955824851989746,12.58651065826416,4.481958389282227
1,1948,1196.690673828125,10826.9453125,3.799868106842041,8.232929229736328,4.946499824523926
1,1949,1199.0369873046875,10804.36328125,3.9533514976501465,10.334383010864258,4.571741104125977
1,1950,1183.913330078125,10714.744140625,3.747959613800049,10.763644218444824,5.19868278503418
1,1951,1647.945068359375,15314.55078125,3.882997512817383,12.879556655883789,5.63076114654541
1,1952,1126.003173828125,10075.2900390625,3.949138641357422,11.083488464355469,4.090932846069336
1,1953,1307.439208984375,11881.107421875,3.97761607170105,11.34428596496582,5.136092185974121
1,1954,1204.658447265625,10958.80078125,3.625943422317505,9.663743019104004,6.0899200439453125
1,1955,1388.717529296875,12401.0966796875,4.9535932540893555,12.902751922607422,4.160163879394531
1,1956,979.6106567382812,8724.6875,3.571397304534912,8.660531997680664,3.788576126098633
1,1957,1024.19873046875,9138.7314453125,3.6775171756744385,9.300004005432129,2.4160032272338867
1,1958,1105.910888671875,9841.94921875,4.057199478149414,10.477516174316406,3.9013051986694336
1,1959,977.2030639648438,8647.404296875,3.7487547397613525,8.625008583068848,3.696981430053711
1,1960,1603.6099853515625,14868.9541015625,3.8904876708984375,14.475128173828125,2.9591379165649414
1,1961,899.6550903320312,7962.8642578125,3.445621967315674,9.27041244506836,2.8924455642700195
1,1962,1042.2977294921875,9299.275390625,3.7456722259521484,8.832372665405273,5.3476762771606445
1,1963,1182.65478515625,10746.43359375,3.600376844406128,9.594688415527344,4.341164588928223
1,1964,1208.1944580078125,10974.255859375,3.6922945976257324,10.160030364990234,3.733769416809082
1,1965,1249.6842041015625,11396.2734375,3.6685640811920166,8.145206451416016,7.011013984680176
1,1966,1131.9603271484375,10093.4375,4.087220191955566,9.227910995483398,4.6175127029418945
1,1967,1343.6513671875,12306.908203125,3.765352725982666,10.15367317199707,4.691633224487305
1,1968,1020.1484985351562,9191.7705078125,3.3657138347625732,8.812341690063477,5.918636322021484
1,1969,1430.3875732421875,13224.9453125,3.596435070037842,12.02410888671875,4.022055625915527
1,1970,1082.798583984375,9779.541015625,3.494814157485962,8.01639175415039,5.411623954772949
1,1971,1351.608642578125,12317.94921875,3.9937891960144043,9.394194602966309,5.999473571777344
1,1972,1344.6693115234375,12265.810546875,3.9362740516662598,12.464690208435059,4.710801124572754
1,1973,1435.482177734375,13187.435546875,3.8912887573242188,12.296342849731445,4.893171310424805
1,1974,1166.6507568359375,10562.083984375,3.6814143657684326,10.337645530700684,4.50753116607666
1,1975,1371.87353515625,12532.23828125,3.954987049102783,10.585762023925781,6.772029876708984
1,1976,1057.792724609375,9441.7080078125,3.78739595413208,9.499624252319336,2.5523462295532227
1,1977,1077.255615234375,9710.0517578125,3.5416793823242188,10.073108673095703,4.138210296630859
1,1978,1138.420654296875,10305.19140625,3.5967183113098145,10.473420143127441,4.260063171386719
1,1979,1638.966796875,15212.8076171875,3.9228665828704834,10.890727996826172,7.279114723205566
1,1980,991.88427734375,8755.0390625,3.879345655441284,8.779851913452148,3.8453750610351562
1,1981,1460.4351806640625,13400.2587890625,4.013642311096191,11.042112350463867,4.8493852615356445
1,1982,1360.71435546875,12407.654296875,3.998295307159424,12.63170051574707,4.48526668548584
1,1983,1414.0523681640625,12952.490234375,3.9601125717163086,11.918201446533203,5.27040958404541
1,1984,1098.1298828125,9836.2158203125,3.8169424533843994,9.764333724975586,4.452027320861816
1,1985,1242.9725341796875,11247.54296875,3.9406094551086426,11.03251838684082,4.827263832092285
1,1986,1122.422119140625,10207.287109375,3.3897812366485596,9.450047492980957,5.930219650268555
1,1987,1333.9459228515625,12130.9453125,4.028378963470459,11.366310119628906,4.735689163208008
1,1988,824.2127075195312,7167.49365234375,3.58211088180542,8.605182647705078,4.747748374938965
1,1989,1406.469482421875,12909.732421875,3.84987473487854,11.488555908203125,3.8886632919311523
1,1990,909.2022705078125,8037.1796875,3.5161445140838623,8.393148422241211,4.036590576171875
1,1991,1051.493408203125,9315.4794921875,3.998180627822876,9.393871307373047,3.600693702697754
1,1992,1177.41259765625,10705.697265625,3.561429977416992,9.504798889160156,4.4322052001953125
1,1993,1258.90087890625,11489.1962890625,3.666041374206543,9.795647621154785,3.403841018676758
1,1994,1116.909423828125,10167.173828125,3.339735507965088,9.939422607421875,2.9146671295166016
1,1995,1233.2120361328125,11158.875,3.910815715789795,10.863177299499512,4.336295127868652
1,1996,1037.4539794921875,9279.173828125,3.651216983795166,8.743280410766602,4.932170867919922
1,1997,1154.51025390625,10320.7978515625,4.0810136795043945,9.704773902893066,3.401341438293457
1,1998,1145.5185546875,10328.3974609375,3.7559609413146973,9.944955825805664,3.409296989440918
1,1999,1230.276611328125,11129.083984375,3.9122729301452637,10.437552452087402,4.81781005859375
1,2000,1102.1754150390625,9850.970703125,3.902609348297119,9.900894165039062,4.633391380310059
1,2001,1426.587646484375,13147.248046875,3.728759765625,11.692869186401367,4.5146026611328125
1,2002,1042.9759521484375,9299.19921875,3.7685327529907227,9.887369155883789,4.42707633972168
1,2003,1410.954833984375,12917.587890625,3.9732024669647217,11.984432220458984,5.007599830627441
1,2004,1040.270263671875,9184.5009765625,4.060671329498291,9.31001091003418,4.935498237609863
1,2005,1333.870849609375,12188.4423828125,3.834219455718994,12.028047561645508,4.917410850524902
1,2006,1256.803466796875,11389.6376953125,3.927992820739746,10.898603439331055,3.906186103820801
1,2007,1013.5267944335938,8933.2001953125,4.006893157958984,9.031732559204102,3.760287284851074
1,2008,980.2362670898438,8712.4228515625,3.633131265640259,9.073556900024414,3.213308334350586
1,2009,1418.0263671875,12985.84375,3.9813992977142334,12.724626541137695,4.273677825927734
1,2010,1103.840087890625,9887.51171875,3.8362982273101807,11.093191146850586,3.23519229888916
1,2011,881.1013793945312,7803.044921875,3.359895706176758,7.986437797546387,3.8568220138549805
1,2012,1438.0447998046875,13271.56640625,3.696272850036621,10.66338062286377,5.884261131286621
1,2013,1163.013916015625,10552.8359375,3.5910134315490723,11.454177856445312,3.994553565979004
1,2014,856.216064453125,7544.57470703125,3.3919544219970703,6.718503952026367,5.55941104888916
1,2015,1107.3642578125,10118.6748046875,3.1832268238067627,9.566812515258789,4.879884719848633
1,2016,781.903564453125,6894.7177734375,3.081058979034424,8.909616470336914,4.208182334899902
1,2017,1496.475341796875,13803.2939453125,3.871530771255493,9.394579887390137,6.096552848815918
1,2018,851.9102172851562,7465.58203125,3.5117337703704834,8.537623405456543,4.681556701660156
1,2019,1217.8740234375,11019.62890625,3.8637053966522217,9.913541793823242,4.355310440063477
1,2020,1254.1043701171875,11271.310546875,4.23244047164917,10.40471076965332,5.328948020935059
1,2021,1088.720458984375,9732.626953125,3.84859299659729,8.922609329223633,3.6930694580078125
1,2022,1349.4259033203125,12209.0078125,4.284173011779785,12.618985176086426,3.0033092498779297
1,2023,1612.998779296875,14633.5908203125,4.9879889488220215,12.232695579528809,3.6758127212524414
1,2024,676.2430419921875,5671.96728515625,3.6348776817321777,6.55736780166626,4.307282447814941
1,2025,1120.6907958984375,10096.1123046875,3.7026491165161133,9.350472450256348,3.9329538345336914
1,2026,1008.5472412109375,8995.37109375,3.6336708068847656,8.571195602416992,5.899765968322754
1,2027,1160.5001220703125,10414.15234375,3.9694952964782715,9.908933639526367,5.119945526123047
1,2028,996.265380859375,8910.775390625,3.5062594413757324,7.748385429382324,4.306448936462402
1,2029,1616.50927734375,14797.7802734375,4.557708740234375,12.7100830078125,6.337490081787109
1,2030,1098.62060546875,9899.5126953125,3.622309684753418,10.117170333862305,5.306264877319336
1,2031,1053.44287109375,9461.509765625,3.5763940811157227,9.716548919677734,3.966555595397949
1,2032,1318.8861083984375,12023.4501953125,3.8846993446350098,10.615551948547363,4.680917739868164
1,2033,999.439697265625,8841.3212890625,3.8435842990875244,9.626179695129395,3.830160140991211
1,2034,1021.354248046875,9034.7822265625,3.929202079772949,9.518672943115234,3.057185173034668
1,2035,950.8221435546875,8445.77734375,3.5414786338806152,8.41308879852295,3.482611656188965
1,2036,1217.5130615234375,11135.681640625,3.4648258686065674,11.659284591674805,3.0380516052246094
1,2037,1391.982666015625,12604.125,4.385672569274902,11.774662017822266,3.196591377258301
1,2038,1183.890625,10674.970703125,3.879784345626831,11.635947227478027,4.149737358093262
1,2039,1040.0118408203125,9206.4443359375,3.9789109230041504,9.799224853515625,4.076092720031738
1,2040,1993.087158203125,18637.69140625,4.310600757598877,13.64744758605957,5.619856834411621
1,2041,1173.4508056640625,10597.1025390625,3.7913503646850586,11.156315803527832,2.5774049758911133
1,2042,1013.9193115234375,8903.23046875,4.119874000549316,8.403196334838867,3.9260635375976562
1,2043,1214.335693359375,10852.287109375,4.303562164306641,9.908666610717773,4.780601501464844
1,2044,1175.072021484375,10544.4287109375,4.020970344543457,9.397733688354492,3.3955373764038086
1,2045,1488.6064453125,13764.884765625,3.7372641563415527,12.735556602478027,5.357193946838379
1,2046,870.801513671875,7611.7763671875,3.654127836227417,8.77503776550293,2.8363285064697266
1,2047,1233.01171875,11155.337890625,3.9159321784973145,10.993993759155273,5.160247802734375
1,2048,1336.2607421875,12323.486328125,3.4637365341186523,11.827305793762207,6.908699035644531
1,2049,1228.424072265625,11127.525390625,3.855717658996582,11.023670196533203,5.1290388107299805
1,2050,1226.4132080078125,10949.20703125,4.383079528808594,10.50039291381836,3.8951425552368164
1,2051,1378.1746826171875,12534.2490234375,4.158324718475342,11.221343994140625,4.098201751708984
1,2052,1240.4208984375,11309.4580078125,3.649169921875,10.35858154296875,3.8792667388916016
1,2053,1464.7283935546875,13489.888671875,3.857983350753784,12.048054695129395,3.837310791015625
1,2054,1194.292724609375,10854.2666015625,3.628871440887451,10.495168685913086,4.959408760070801
1,2055,1216.952392578125,11016.68359375,3.842802047729492,10.065689086914062,3.4817495346069336
1,2056,693.3444213867188,5884.4755859375,3.4965620040893555,6.450777530670166,4.0371809005737305
1,2057,1062.6051025390625,9513.6875,3.707876682281494,8.426183700561523,4.596068382263184
1,2058,1713.715576171875,15099.1220703125,6.793445110321045,10.83563232421875,7.588655471801758
1,2059,760.5827026367188,6634.9453125,3.236271858215332,8.618109703063965,3.24993896484375
1,2060,1146.923828125,10421.033203125,3.4940152168273926,9.68271541595459,5.6942548751831055
1,2061,1226.1796875,11052.017578125,4.032597541809082,9.805938720703125,4.655922889709473
1,2062,1163.4102783203125,10532.783203125,3.6710643768310547,9.825807571411133,5.252861976623535
1,2063,1080.4678955078125,9729.990234375,3.5822973251342773,10.464256286621094,4.077392578125
1,2064,949.2086791992188,8383.8798828125,3.694023370742798,8.70671272277832,4.901954650878906
1,2065,1070.579345703125,9626.9658203125,3.5960936546325684,9.754297256469727,5.804771423339844
1,2066,1174.016845703125,10701.4130859375,3.4625144004821777,11.672197341918945,5.18916130065918
1,2067,1294.625244140625,11810.779296875,3.7849063873291016,11.094949722290039,5.023808479309082
1,2068,1150.3699951171875,10491.9638671875,3.3724513053894043,11.433609962463379,4.448437690734863
1,2069,989.4096069335938,8789.0283203125,3.683558940887451,8.338894844055176,5.151580810546875
1,2070,1559.9061279296875,14430.8359375,3.8940834999084473,14.123709678649902,4.699593544006348
1,2071,1127.7919921875,10122.650390625,3.8508968353271484,9.461138725280762,5.213845252990723
1,2072,862.6026000976562,7504.171875,3.739513874053955,7.671260833740234,3.4577417373657227
1,2073,1209.890380859375,10931.6748046875,3.8907618522644043,9.70185661315918,4.906522750854492
1,2074,1053.388671875,9467.1015625,3.5559511184692383,9.171640396118164,4.921110153198242
1,2075,1246.0888671875,11372.416015625,3.6282424926757812,11.304976463317871,5.178557395935059
1,2076,1327.3302001953125,12046.791015625,4.088371753692627,11.997888565063477,3.822737693786621
1,2077,1378.0684814453125,12592.17578125,3.961695909500122,12.013986587524414,3.7230472564697266
1,2078,1167.650146484375,10635.408203125,3.470308780670166,9.988508224487305,5.083817481994629
1,2079,1345.859130859375,12294.1767578125,3.881378173828125,11.388199806213379,5.214837074279785
1,2080,1509.564208984375,13940.251953125,3.8512983322143555,13.201981544494629,4.030003547668457
1,2081,1313.92724609375,11961.146484375,3.927086353302002,11.348370552062988,3.7723398208618164
1,2082,1172.9195556640625,10668.978515625,3.5340569019317627,10.059538841247559,3.6211318969726562
1,2083,1353.85693359375,12048.0546875,4.968379497528076,11.879405975341797,2.762371063232422
1,2084,1003.6553955078125,8900.53125,3.7867422103881836,9.242431640625,2.715409278869629
1,2085,1007.1303100585938,8943.568359375,3.7591147422790527,8.908245086669922,4.090812683105469
1,2086,1003.3173828125,8950.615234375,3.6085283756256104,9.9061918258667,5.102712631225586
1,2087,927.3375854492188,8215.03125,3.527815341949463,8.332584381103516,4.488895416259766
1,2088,1033.716796875,9274.7734375,3.541314125061035,9.103433609008789,3.10916805267334
1,2089,1137.0438232421875,10332.6572265625,3.4592690467834473,10.656059265136719,2.7842941284179688
1,2090,1160.5069580078125,10578.7841796875,3.420950412750244,10.442733764648438,4.882902145385742
1,2091,883.2852172851562,7752.3642578125,3.6016249656677246,7.458524227142334,4.619071960449219
1,2092,1446.489990234375,13285.529296875,3.9312331676483154,11.603086471557617,5.107705116271973
1,2093,1182.9501953125,10733.423828125,3.6535940170288086,10.909624099731445,4.2701520919799805
1,2094,942.2819213867188,8309.8740234375,3.7098164558410645,8.841466903686523,3.126736640930176
1,2095,1534.83642578125,14170.48046875,3.926278591156006,12.201007843017578,3.314178466796875
1,2096,904.6115112304688,7998.783203125,3.491105556488037,8.421939849853516,3.985722541809082
1,2097,1602.5428466796875,14849.455078125,3.919908285140991,12.940420150756836,6.274272918701172
1,2098,1690.7132568359375,15663.3408203125,4.145973205566406,11.294672012329102,5.892797470092773
1,2099,952.8817138671875,8366.373046875,3.8748130798339844,7.3427042961120605,3.6743812561035156
1,2100,825.266357421875,7028.685546875,4.079924583435059,8.490646362304688,4.713013648986816
1,2101,1657.5811767578125,15396.68359375,3.9304275512695312,12.35018539428711,4.596248626708984
1,2102,1026.2203369140625,9210.013671875,3.5072991847991943,10.290916442871094,5.833721160888672
1,2103,949.6356811523438,8466.74609375,3.4320359230041504,8.164719581604004,4.150261878967285
1,2104,858.9609985351562,7554.55615234375,3.450178384780884,9.238607406616211,4.138545036315918
1,2105,1120.166015625,9837.8828125,4.545924663543701,10.282480239868164,3.544156074523926
1,2106,1495.4287109375,13791.7861328125,3.875002384185791,12.735548973083496,4.614894866943359
1,2107,1159.7637939453125,10438.572265625,3.863551378250122,11.400201797485352,4.63309383392334
1,2108,1068.1041259765625,9537.0908203125,3.813166618347168,10.611270904541016,4.81859016418457
1,2109,804.6874389648438,6949.603515625,3.6575679779052734,6.469151496887207,5.24351692199707
1,2110,1142.0416259765625,10251.3955078125,3.8967370986938477,9.726642608642578,4.7386274337768555
1,2111,1131.50830078125,10050.263671875,4.216064453125,9.303552627563477,4.376857757568359
1,2112,890.1525268554688,7865.3037109375,3.454070568084717,8.11778450012207,2.9161882400512695
1,2113,1682.3980712890625,15590.400390625,4.111932754516602,13.851316452026367,4.261940956115723
1,2114,944.6005859375,8372.509765625,3.5783212184906006,8.546710014343262,4.958974838256836
1,2115,1197.21484375,10815.3154296875,3.856107711791992,9.440862655639648,5.242395401000977
1,2116,1201.65234375,10915.072265625,3.6715047359466553,11.022342681884766,3.5969552993774414
1,2117,1475.61865234375,13587.6484375,3.8951244354248047,12.686810493469238,3.8754396438598633
1,2118,1171.3482666015625,10515.5478515625,3.9931135177612305,8.84486198425293,4.388151168823242
1,2119,923.503173828125,8111.60986328125,3.7447383403778076,8.071086883544922,4.571928024291992
1,2120,1079.95849609375,9713.1943359375,3.6212997436523438,9.232736587524414,3.384481430053711
1,2121,1091.019775390625,9670.724609375,4.131577968597412,8.541136741638184,3.7706966400146484
1,2122,1276.99462890625,11685.513671875,3.614773750305176,11.65896224975586,3.787590980529785
1,2123,1475.37451171875,13473.8857421875,4.2661967277526855,13.299744606018066,4.164915084838867
1,2124,909.6295776367188,7837.9345703125,4.19453763961792,9.380948066711426,4.4212446212768555
1,2125,1133.8594970703125,10125.6669921875,4.043094158172607,9.964498519897461,3.50907039642334
1,2126,1395.8338623046875,12813.353515625,3.816617965698242,12.242904663085938,4.692791938781738
1,2127,1401.903076171875,12762.517578125,4.188375949859619,12.486920356750488,6.705405235290527
1,2128,1248.55615234375,11424.8623046875,3.5356645584106445,10.064428329467773,5.52663516998291
1,2129,1038.5831298828125,9348.1044921875,3.4590885639190674,9.573999404907227,5.233034133911133
1,2130,1423.8310546875,13005.8203125,4.1082987785339355,10.73580551147461,5.965690612792969
1,2131,1403.629150390625,12870.2998046875,3.8866376876831055,11.403047561645508,4.52719783782959
1,2132,1234.19677734375,11046.251953125,4.319049835205078,11.356636047363281,2.999176025390625
1,2133,1237.515380859375,11348.5234375,3.422100305557251,11.169611930847168,5.248417854309082
1,2134,1042.579345703125,9355.9892578125,3.5660157203674316,8.981822967529297,5.698186874389648
1,2135,1147.3895263671875,10433.0205078125,3.46958065032959,11.343751907348633,3.5848846435546875
1,2136,1002.4926147460938,9047.373046875,3.2585103511810303,9.732023239135742,4.219715118408203
1,2137,1530.699951171875,14175.0078125,3.7733044624328613,12.59203052520752,7.246337890625
1,2138,1105.5718994140625,9962.0634765625,3.645516872406006,10.209388732910156,3.556767463684082
1,2139,1174.51513671875,10592.619140625,3.8417716026306152,9.425100326538086,4.441880226135254
1,2140,1188.5894775390625,10760.236328125,3.752194881439209,9.42176628112793,5.6072492599487305
1,2141,991.4132690429688,8833.494140625,3.6021275520324707,7.421002388000488,5.780850410461426
1,2142,1630.19482421875,15127.1044921875,3.9161441326141357,13.618836402893066,4.886530876159668
1,2143,874.034423828125,7754.45556640625,3.2862961292266846,7.86155366897583,4.142002105712891
1,2144,1459.5421142578125,13481.18359375,3.7141220569610596,13.225957870483398,3.352940559387207
1,2145,1231.0732421875,11074.4755859375,4.120852470397949,8.122901916503906,6.041459083557129
1,2146,1045.4940185546875,9382.0244140625,3.576385974884033,10.269933700561523,2.7283859252929688
1,2147,1073.4818115234375,9592.8447265625,3.806577205657959,8.680996894836426,5.098183631896973
1,2148,1183.699462890625,10707.765625,3.764094114303589,10.157033920288086,4.39096736907959
1,2149,1201.633544921875,10866.927734375,3.8313612937927246,11.102188110351562,4.680386543273926
1,2150,1099.5013427734375,9965.744140625,3.4308972358703613,9.705148696899414,4.904614448547363
1,2151,1144.8179931640625,10263.0234375,3.950519561767578,10.8226900100708,4.070653915405273
1,2152,1396.4759521484375,12802.13671875,3.875405788421631,11.65351676940918,3.5827770233154297
1,2153,1333.1434326171875,12203.0927734375,3.7611351013183594,11.600545883178711,5.476804733276367
1,2154,1667.8951416015625,15480.294921875,3.9955201148986816,13.342333793640137,3.809528350830078
1,2155,873.896484375,7648.1513671875,3.636044502258301,8.564682960510254,4.116058349609375
1,2156,1136.5166015625,10222.9365234375,3.807433605194092,10.925029754638672,4.8619384765625
1,2157,987.4286499023438,8728.251953125,3.820114850997925,9.85372543334961,3.8711280822753906
1,2158,1178.9212646484375,10658.62109375,3.7686350345611572,10.95130443572998,4.388680458068848
1,2159,1033.8970947265625,9195.2421875,3.8124303817749023,10.263619422912598,4.257965087890625
1,2160,1103.9776611328125,9912.4765625,3.757664203643799,10.000651359558105,3.5904932022094727
1,2161,1322.5703125,12204.7685546875,3.40311336517334,11.981924057006836,3.739590644836426
1,2162,1024.3907470703125,9153.2060546875,3.6356728076934814,9.195169448852539,4.180826187133789
1,2163,1203.7047119140625,10913.4130859375,3.745445489883423,9.206222534179688,4.00277042388916
1,2164,1097.6849365234375,9849.0732421875,3.7592530250549316,9.586250305175781,3.911990165710449
1,2165,1190.9959716796875,10742.7578125,3.8906753063201904,11.008853912353516,3.084136962890625
1,2166,1628.2987060546875,15166.220703125,3.7225546836853027,13.024126052856445,5.659365653991699
1,2167,1515.2486572265625,13967.751953125,3.9491124153137207,12.350862503051758,4.023271560668945
1,2168,1211.0615234375,11049.763671875,3.536170244216919,10.556716918945312,4.011438369750977
1,2169,1520.55712890625,13914.029296875,4.305141448974609,11.992960929870605,6.2110395431518555
1,2170,904.873046875,8023.49169921875,3.4174633026123047,8.007532119750977,5.234143257141113
1,2171,1463.4267578125,13455.9833984375,3.927614212036133,12.749345779418945,6.128898620605469
1,2172,1336.4632568359375,12127.9326171875,4.1223297119140625,11.03701114654541,6.52340030670166
1,2173,1519.4649658203125,13974.7265625,4.066411018371582,12.330327033996582,5.625921249389648
1,2174,1647.906494140625,15360.54296875,3.7284040451049805,13.339319229125977,3.928609848022461
1,2175,1127.5286865234375,10174.728515625,3.668527364730835,7.935661792755127,4.463536262512207
1,2176,1663.5478515625,15515.935546875,3.731807231903076,12.765599250793457,6.029915809631348
1,2177,1156.0911865234375,10457.4423828125,3.6782326698303223,10.476409912109375,2.6357975006103516
1,2178,1186.420166015625,10693.51171875,3.9022984504699707,10.070196151733398,4.741089820861816
1,2179,1202.908935546875,10939.013671875,3.6335859298706055,10.066566467285156,5.2161407470703125
1,2180,1398.1292724609375,12800.1015625,3.9373064041137695,11.126633644104004,6.122763633728027
1,2181,1099.907470703125,9971.7109375,3.424546718597412,9.957408905029297,4.970473289489746
1,2182,1232.3717041015625,11289.439453125,3.4475929737091064,11.63392162322998,4.790605545043945
1,2183,1096.6663818359375,9820.0078125,3.822186231613159,9.731673240661621,2.581907272338867
1,2184,1351.4427490234375,12309.95703125,4.014900207519531,11.481332778930664,3.15524959564209
1,2185,1187.338623046875,10682.6279296875,3.9691951274871826,9.740501403808594,3.874164581298828
1,2186,1146.755859375,10427.451171875,3.4670233726501465,9.147876739501953,5.230084419250488
1,2187,1303.8558349609375,11876.1240234375,3.8747787475585938,10.349076271057129,4.151283264160156
1,2188,1075.4410400390625,9610.6728515625,3.8124566078186035,11.484758377075195,2.620738983154297
1,2189,912.4490356445312,8100.3232421875,3.4138894081115723,7.404745101928711,3.9698925018310547
1,2190,1004.3743286132812,9020.984375,3.4091954231262207,8.659570693969727,4.261470794677734
1,2191,1473.6036376953125,13561.33203125,3.915681838989258,13.116781234741211,4.041071891784668
1,2192,882.8011474609375,7766.63232421875,3.537928581237793,7.394139289855957,4.646247863769531
1,2193,1499.4495849609375,13713.658203125,4.2694573402404785,11.127537727355957,4.5819807052612305
1,2194,1468.661376953125,13535.11328125,3.838334560394287,12.561819076538086,3.100895881652832
1,2195,1322.635986328125,12019.5576171875,4.022672653198242,11.575044631958008,4.70707893371582
1,2196,1106.5472412109375,9997.53125,3.559804916381836,9.467211723327637,4.489786148071289
1,2197,1314.75830078125,11971.0244140625,3.9218616485595703,11.295866012573242,6.2233381271362305
1,2198,810.2748413085938,7059.521484375,3.4774222373962402,8.873445510864258,2.6838254928588867
1,2199,1935.0323486328125,15871.765625,11.595190048217773,12.489709854125977,6.669374465942383
1,2200,967.2919311523438,8601.6533203125,3.5708866119384766,8.711334228515625,3.204469680786133
1,2201,1193.6717529296875,10778.998046875,3.8590662479400635,11.473068237304688,5.092995643615723
1,2202,1374.2601318359375,12632.9892578125,3.6987061500549316,9.944746971130371,5.640694618225098
1,2203,1029.383056640625,9137.4755859375,3.85451602935791,9.365570068359375,4.736842155456543
1,2204,1080.3055419921875,9715.6376953125,3.6247267723083496,9.856298446655273,4.543889999389648
1,2205,1872.0947265625,17511.4765625,4.031569480895996,13.51351547241211,5.926370620727539
1,2206,980.2109375,8352.478515625,4.832103252410889,7.759057998657227,4.93979549407959
1,2207,1110.1346435546875,9993.5419921875,3.6926827430725098,10.370555877685547,3.1284866333007812
1,2208,1682.3297119140625,15637.099609375,3.9539918899536133,13.110498428344727,5.887877464294434
1,2209,1187.6591796875,10724.4912109375,3.840334892272949,11.14571762084961,4.04749870300293
1,2210,930.0609130859375,8199.337890625,3.670905351638794,8.69509220123291,4.098989486694336
1,2211,1033.384521484375,9208.70703125,3.7504587173461914,9.708602905273438,4.233909606933594
1,2212,1227.6529541015625,10791.5087890625,4.950069427490234,10.238557815551758,4.326871871948242
1,2213,1142.0103759765625,10262.5791015625,3.8584141731262207,9.488546371459961,4.7505340576171875
1,2214,865.5479125976562,7542.2392578125,3.7107994556427,8.685735702514648,5.301174163818359
1,2215,935.65185546875,8205.005859375,3.838374137878418,7.290542125701904,4.918560981750488
1,2216,1288.3116455078125,11754.8388671875,3.760925054550171,10.761323928833008,5.979127883911133
1,2217,1248.924072265625,11159.841796875,4.4313273429870605,10.784271240234375,4.0147294998168945
1,2218,1284.48876953125,11714.654296875,3.767444610595703,12.714315414428711,3.5419015884399414
1,2219,1506.232666015625,13832.015625,4.101036071777344,12.181644439697266,3.814128875732422
1,2220,990.608642578125,8812.890625,3.643986463546753,8.878368377685547,4.463738441467285
1,2221,1454.186279296875,13358.966796875,3.942985773086548,11.621020317077637,5.290561676025391
1,2222,1637.866943359375,14764.5966796875,5.3802409172058105,12.508843421936035,3.4671878814697266
1,2223,1134.26171875,10272.994140625,3.5654098987579346,9.524026870727539,5.339898109436035
1,2224,1084.1099853515625,9451.849609375,4.630832672119141,8.454124450683594,5.057488441467285
1,2225,1279.2640380859375,11630.841796875,3.87266206741333,9.379349708557129,6.262146949768066
1,2226,1155.9365234375,10504.630859375,3.5157811641693115,10.804807662963867,4.622398376464844
1,2227,1320.6885986328125,12189.943359375,3.3898062705993652,11.222631454467773,4.82505989074707
1,2228,1241.294189453125,11321.4296875,3.638374090194702,10.562397956848145,3.0366058349609375
1,2229,1011.1856079101562,9062.078125,3.4992587566375732,8.661031723022461,3.7451725006103516
1,2230,1268.5196533203125,11619.1396484375,3.55352520942688,10.825532913208008,4.39224910736084
1,2231,1143.942138671875,10415.9697265625,3.411501884460449,9.905296325683594,4.896793365478516
1,2232,1111.138916015625,10028.12890625,3.610866069793701,8.887090682983398,4.395150184631348
1,2233,1222.5130615234375,11039.6103515625,3.951732635498047,9.23674488067627,4.5140380859375
1,2234,883.6884155273438,7785.31787109375,3.505221366882324,8.916182518005371,2.944608688354492
1,2235,1003.6340942382812,8865.44140625,3.902998924255371,9.137868881225586,3.9492359161376953
1,2236,1390.0701904296875,12705.2861328125,3.9847183227539062,11.781251907348633,4.383153915405273
1,2237,905.2460327148438,7922.5439453125,3.766388177871704,8.966097831726074,3.3958559036254883
1,2238,1726.3077392578125,16085.2294921875,3.9261600971221924,11.870864868164062,5.877516746520996
1,2239,1226.9202880859375,11182.8271484375,3.621253490447998,11.469820022583008,2.6298484802246094
1,2240,1052.310302734375,9397.0673828125,3.7534515857696533,9.851236343383789,4.194449424743652
1,2241,1230.6329345703125,11230.291015625,3.586792469024658,10.453904151916504,5.400088310241699
1,2242,1296.209716796875,11724.5458984375,4.125172138214111,11.404613494873047,5.026951789855957
1,2243,995.0264892578125,8777.0625,3.910674571990967,8.906054496765137,3.9178333282470703
1,2244,1017.4173583984375,9052.5283203125,3.738816499710083,8.482522964477539,3.2960987091064453
1,2245,963.7835693359375,8511.13671875,3.7556610107421875,8.490643501281738,3.683807373046875
1,2246,1553.681640625,14359.6630859375,3.9238431453704834,13.26413345336914,4.044323921203613
1,2247,1214.3035888671875,11021.5205078125,3.73838472366333,12.618114471435547,4.352085113525391
1,2248,931.8954467773438,8137.64013671875,3.937713623046875,9.501258850097656,3.008601188659668
1,2249,1452.1976318359375,13416.369140625,3.685356378555298,11.283668518066406,6.744063377380371
1,2250,975.2212524414062,8744.4384765625,3.3592467308044434,8.825601577758789,6.701349258422852
1,2251,976.5055541992188,8542.3974609375,4.075526237487793,9.205856323242188,3.6816606521606445
1,2252,1331.8563232421875,12220.705078125,3.659526824951172,10.832612037658691,6.444472312927246
1,2253,1199.6513671875,10911.8798828125,3.6154441833496094,9.390399932861328,3.567896842956543
1,2254,1562.6419677734375,14565.0107421875,3.538029670715332,13.621258735656738,2.918919563293457
1,2255,1033.749755859375,9091.712890625,4.152613639831543,8.408940315246582,2.5664167404174805
1,2256,1154.436279296875,10587.8173828125,3.1884851455688477,7.799016952514648,6.482707977294922
1,2257,1064.4541015625,9520.9853515625,3.745184898376465,8.639030456542969,6.280362129211426
1,2258,1117.1778564453125,10058.1923828125,3.711953639984131,9.144308090209961,5.430044174194336
1,2259,1138.5677490234375,10281.73828125,3.679795742034912,10.063948631286621,3.9342727661132812
1,2260,1187.2069091796875,10422.650390625,4.831395626068115,9.602200508117676,3.9913415908813477
1,2261,1648.518798828125,15387.0830078125,3.6603479385375977,12.303934097290039,6.204411506652832
1,2262,1430.7222900390625,13281.0947265625,3.4204282760620117,10.543636322021484,6.812341690063477
1,2263,1080.3765869140625,9685.3076171875,3.7281956672668457,10.869029998779297,4.483979225158691
1,2264,875.9227294921875,7656.78857421875,3.674795627593994,6.687997817993164,3.47609806060791
1,2265,1205.718505859375,10956.197265625,3.669956684112549,8.911033630371094,5.7601213455200195
1,2266,1259.0810546875,11436.4306640625,3.8479342460632324,10.488637924194336,4.1279449462890625
1,2267,1193.1466064453125,10745.265625,3.953998565673828,10.189894676208496,5.5030622482299805
1,2268,1119.3660888671875,10093.3076171875,3.66784405708313,10.640789031982422,3.394742012023926
1,2269,1048.4383544921875,9471.373046875,3.376699209213257,10.92245864868164,3.411982536315918
1,2270,1346.6092529296875,12317.6015625,3.8283042907714844,11.219283103942871,4.488740921020508
1,2271,1237.5389404296875,11283.060546875,3.6410977840423584,11.32282829284668,6.050911903381348
1,2272,1496.5177001953125,12862.6748046875,7.008342742919922,12.68366527557373,6.094693183898926
1,2273,1003.5970458984375,8876.5625,3.8646931648254395,8.43299674987793,5.543135643005371
1,2274,929.2674560546875,8113.818359375,3.929520606994629,7.903223514556885,3.888045310974121
1,2275,1163.5560302734375,10604.9541015625,3.435349941253662,10.725115776062012,4.882391929626465
1,2276,954.4869995117188,8394.77734375,3.8336434364318848,9.592216491699219,4.196205139160156
1,2277,1270.9404296875,11502.8798828125,4.021750450134277,11.326082229614258,4.600726127624512
1,2278,1857.0389404296875,17405.03515625,3.8845129013061523,15.858174324035645,3.7769546508789062
1,2279,1225.3218994140625,10993.275390625,4.1998138427734375,10.855381965637207,3.2207326889038086
1,2280,1153.109375,10426.390625,3.6823458671569824,10.418619155883789,4.8567047119140625
1,2281,1043.986572265625,9305.998046875,3.779557228088379,9.873594284057617,2.808605194091797
1,2282,1470.41015625,13448.5703125,4.185103416442871,9.580072402954102,5.676711082458496
1,2283,1238.99560546875,11236.744140625,3.8440380096435547,10.07357120513916,3.5013065338134766
1,2284,1046.95458984375,9438.7734375,3.4359049797058105,9.263866424560547,3.6015844345092773
1,2285,1196.001220703125,10921.244140625,3.4625608921051025,10.186542510986328,4.115416526794434
1,2286,1141.1019287109375,10342.8525390625,3.560556411743164,9.516200065612793,5.550693511962891
1,2287,933.39111328125,8334.6923828125,3.3307299613952637,8.951811790466309,3.042867660522461
1,2288,1383.29931640625,12675.9140625,3.856929063796997,11.45412826538086,3.9497432708740234
1,2289,782.4021606445312,6801.482421875,3.408463954925537,7.486882209777832,2.7287826538085938
1,2290,1236.941650390625,11253.2265625,3.7206335067749023,10.377216339111328,3.4366636276245117
1,2291,1292.4041748046875,11788.3994140625,3.7854726314544678,11.028022766113281,3.8968658447265625
1,2292,1267.2413330078125,11513.7421875,3.862236499786377,9.289356231689453,3.2612266540527344
1,2293,745.8817749023438,6328.9765625,3.7661380767822266,7.900729656219482,3.398763656616211
1,2294,881.5994262695312,7767.7705078125,3.49407958984375,7.459676742553711,5.003700256347656
1,2295,989.7939453125,8879.251953125,3.395623207092285,11.099257469177246,2.8550920486450195
1,2296,1292.5374755859375,11867.126953125,3.5274908542633057,11.403678894042969,4.171666145324707
1,2297,930.161865234375,8167.0576171875,3.781869649887085,8.255480766296387,5.261258125305176
1,2298,869.8570556640625,7633.9970703125,3.5485780239105225,9.758525848388672,5.7050275802612305
1,2299,1091.8515625,9716.380859375,4.007116317749023,10.149106979370117,4.455633163452148
1,2300,1180.3470458984375,10738.705078125,3.549217700958252,9.437528610229492,4.839428901672363
1,2301,1052.505859375,9444.15234375,3.603020668029785,10.1469087600708,4.276763916015625
1,2302,927.9326171875,8044.8935546875,4.114774227142334,8.356319427490234,3.9852685928344727
1,2303,1038.6962890625,9217.974609375,3.896627426147461,8.807659149169922,4.769613265991211
1,2304,1047.374755859375,9344.0458984375,3.7656736373901367,9.634723663330078,3.715823173522949
1,2305,1406.13134765625,12947.6845703125,3.712099075317383,10.96348762512207,6.103841781616211
1,2306,1048.63525390625,9456.16796875,3.433945655822754,8.773862838745117,4.031210899353027
1,2307,1209.44091796875,10905.9111328125,3.961656093597412,11.048413276672363,3.59273624420166
1,2308,1078.082275390625,9757.08984375,3.4124414920806885,9.835049629211426,3.8977603912353516
1,2309,916.3257446289062,8143.275390625,3.3999392986297607,8.850854873657227,3.262974739074707
1,2310,1093.861572265625,9862.3974609375,3.5873942375183105,10.476423263549805,3.914379119873047
1,2311,937.5515747070312,8376.525390625,3.329967498779297,9.142535209655762,4.166322708129883
1,2312,1417.373046875,13020.607421875,3.8437414169311523,11.466059684753418,4.567282676696777
1,2313,1041.386962890625,9389.03515625,3.416114568710327,9.07690143585205,4.5922136306762695
1,2314,1164.0086669921875,10408.830078125,4.104188442230225,10.623716354370117,3.884636878967285
1,2315,1307.1363525390625,12012.302734375,3.5301997661590576,10.800934791564941,5.293532371520996
1,2316,798.4581909179688,6893.28271484375,3.637662887573242,7.338037014007568,3.388033866882324
1,2317,1713.494384765625,15863.33984375,4.238678932189941,12.950848579406738,5.3625078201293945
1,2318,1282.068115234375,11758.708984375,3.5399062633514404,12.915042877197266,2.8021631240844727
1,2319,1129.1761474609375,10173.6162109375,3.7271509170532227,10.202787399291992,3.468724250793457
1,2320,1122.1627197265625,10170.109375,3.5050597190856934,9.496832847595215,4.695649147033691
1,2321,1299.001708984375,11822.935546875,3.890272617340088,11.587295532226562,1.9682722091674805
1,2322,1169.563720703125,10582.158203125,3.7115976810455322,8.998908042907715,4.550952911376953
1,2323,1310.5418701171875,11989.181640625,3.720789670944214,10.911690711975098,4.303241729736328
1,2324,1090.004638671875,9744.453125,3.8519785404205322,9.448973655700684,4.2246246337890625
1,2325,1187.890380859375,10767.474609375,3.704763412475586,8.891343116760254,3.5474987030029297
1,2326,848.6150512695312,7431.0556640625,3.516981363296509,9.115795135498047,3.742356300354004
1,2327,806.4174194335938,6998.912109375,3.550873279571533,8.193588256835938,4.130329132080078
1,2328,948.0272216796875,8399.935546875,3.601120948791504,9.578917503356934,3.564650535583496
1,2329,1360.9591064453125,12460.279296875,3.8310387134552,13.18795108795166,3.8062238693237305
1,2330,1225.9730224609375,11186.353515625,3.5779199600219727,10.540534973144531,3.9144954681396484
1,2331,1201.7452392578125,10880.4873046875,3.7898857593536377,9.88534164428711,5.637473106384277
1,2332,1416.8228759765625,13084.955078125,3.6109118461608887,13.117840766906738,4.134853363037109
1,2333,1455.3070068359375,13403.859375,3.8306989669799805,10.974756240844727,4.753697395324707
1,2334,998.916748046875,8889.291015625,3.6662545204162598,9.909660339355469,3.6456546783447266
1,2335,1163.4833984375,10629.2734375,3.3518667221069336,10.544859886169434,4.328558921813965
1,2336,1520.499755859375,13993.400390625,4.038656234741211,11.040142059326172,3.906374931335449
1,2337,1280.994140625,11703.58984375,3.6878364086151123,12.222387313842773,3.346816062927246
1,2338,1617.825927734375,14963.041015625,4.0507283210754395,11.429335594177246,7.049892425537109
1,2339,592.9603881835938,4925.5849609375,3.346728801727295,5.840585708618164,4.290929794311523
1,2340,1181.582763671875,10671.259765625,3.8152248859405518,10.013374328613281,4.619636535644531
1,2341,1123.704833984375,10036.2900390625,4.002526760101318,10.718225479125977,3.784870147705078
1,2342,1067.1815185546875,9625.5185546875,3.487654209136963,9.83779239654541,3.6144332885742188
1,2343,1277.205810546875,11677.291015625,3.649224042892456,11.071991920471191,2.9479799270629883
1,2344,1350.11572265625,12295.060546875,4.020319938659668,11.867669105529785,3.254927635192871
1,2345,1253.2967529296875,11427.822265625,3.68381929397583,10.513434410095215,3.339540481567383
1,2346,1061.5811767578125,9555.822265625,3.533297538757324,9.071844100952148,6.07187557220459
1,2347,796.8925170898438,6877.9404296875,3.636615037918091,8.161073684692383,4.101494789123535
1,2348,931.5674438476562,8162.8369140625,3.8427913188934326,10.639510154724121,2.9182329177856445
1,2349,1283.28759765625,11698.2333984375,3.782142400741577,11.0366849899292,7.075472831726074
1,2350,1453.2860107421875,13382.6220703125,3.8341283798217773,13.143335342407227,3.167759895324707
1,2351,1333.4168701171875,11217.0869140625,7.056938648223877,11.788919448852539,5.554996490478516
1,2352,1367.946533203125,12513.298828125,3.887218713760376,11.623092651367188,5.174246788024902
1,2353,1135.930908203125,10256.5107421875,3.675992488861084,9.918863296508789,4.6781768798828125
1,2354,1383.86474609375,12687.44140625,3.837353467941284,12.891651153564453,3.2577123641967773
1,2355,998.381591796875,8850.5341796875,3.7776050567626953,9.403894424438477,4.317419052124023
1,2356,1193.1898193359375,10838.85546875,3.6434731483459473,10.140422821044922,4.549182891845703
1,2357,1268.3768310546875,11647.193359375,3.455249547958374,10.90924072265625,4.218964576721191
1,2358,1085.765869140625,9773.728515625,3.613098621368408,9.155681610107422,4.99102783203125
1,2359,1494.3919677734375,13758.85546875,3.950211524963379,13.014309883117676,3.9305038452148438
1,2360,1267.9871826171875,11589.392578125,3.6349270343780518,9.193706512451172,5.4571685791015625
1,2361,1166.1373291015625,10464.642578125,3.989102363586426,9.552132606506348,3.1254377365112305
1,2362,1070.4443359375,9489.9541015625,4.048295021057129,8.61825942993164,3.890408515930176
1,2363,1432.8662109375,13127.51171875,4.003832817077637,11.501055717468262,4.595012664794922
1,2364,1733.17626953125,16099.44921875,4.107712745666504,14.187952041625977,4.024195671081543
1,2365,1209.960693359375,10970.2021484375,3.7646796703338623,9.75469970703125,6.244210243225098
1,2366,1051.3150634765625,9347.279296875,3.886235237121582,9.304641723632812,4.172045707702637
1,2367,1104.0,9946.02734375,3.646577835083008,8.76175308227539,3.7659807205200195
1,2368,1140.367431640625,10354.712890625,3.496537685394287,10.565912246704102,4.536135673522949
1,2369,953.3158569335938,8535.1640625,3.326648235321045,8.65961742401123,3.75870418548584
1,2370,1390.98681640625,12823.068359375,3.622666120529175,11.53056812286377,5.498027801513672
1,2371,1317.0029296875,11966.3955078125,4.012112617492676,11.919709205627441,3.966231346130371
1,2372,1001.5768432617188,8929.94921875,3.619396686553955,8.922499656677246,3.302920341491699
1,2373,926.4093017578125,8146.59912109375,3.7249786853790283,9.285400390625,3.923023223876953
1,2374,1381.2169189453125,12786.9970703125,3.417239189147949,11.393373489379883,4.627774238586426
1,2375,1098.97998046875,9800.0908203125,3.965695858001709,9.039484977722168,4.5387468338012695
1,2376,1390.9844970703125,12753.4833984375,3.854537010192871,12.576231956481934,3.252714157104492
1,2377,1062.392578125,9557.58203125,3.5544791221618652,10.351585388183594,3.6209897994995117
1,2378,1259.49072265625,11485.328125,3.6985950469970703,9.962785720825195,6.286803245544434
1,2379,1225.508544921875,11194.236328125,3.5361599922180176,10.678065299987793,3.9556312561035156
1,2380,768.6100463867188,6660.2919921875,3.4193601608276367,7.957668781280518,4.168645858764648
1,2381,1208.9373779296875,10927.97265625,3.8713390827178955,10.829269409179688,3.720393180847168
1,2382,852.17822265625,7532.697265625,3.296950101852417,6.724914073944092,4.453306198120117
1,2383,1172.353271484375,10507.748046875,4.05261754989624,9.827892303466797,4.165002822875977
1,2384,1059.322021484375,9497.1806640625,3.6534652709960938,9.517463684082031,3.367743492126465
1,2385,1276.474853515625,11660.8701171875,3.6795926094055176,11.049549102783203,5.124503135681152
1,2386,1520.97314453125,13861.630859375,4.4936699867248535,13.183276176452637,4.708856582641602
1,2387,1188.2451171875,10679.6826171875,4.009230613708496,10.510841369628906,3.621575355529785
1,2388,911.27490234375,7972.84375,3.7996835708618164,9.508895874023438,3.7939319610595703
1,2389,959.0504150390625,8470.390625,3.733711004257202,8.458640098571777,3.659832000732422
1,2390,952.7854614257812,8407.341796875,3.735042095184326,8.66650390625,3.9241504669189453
1,2391,1136.095458984375,10274.4248046875,3.621762990951538,10.62114429473877,5.099343299865723
1,2392,961.1410522460938,8595.275390625,3.3871171474456787,8.782234191894531,3.4617919921875
1,2393,1140.1888427734375,10243.6298828125,3.8608617782592773,10.261089324951172,4.187264442443848
1,2394,1142.1173095703125,10406.037109375,3.3837833404541016,10.50809383392334,4.047201156616211
1,2395,1116.7833251953125,10076.7998046875,3.63677716255188,10.319496154785156,2.251832962036133
1,2396,1678.47021484375,15645.6083984375,3.7969772815704346,12.706009864807129,5.701371192932129
1,2397,956.687255859375,8463.033203125,3.679464340209961,8.62603759765625,3.286332130432129
1,2398,1172.6278076171875,10370.80859375,4.518228530883789,9.876052856445312,5.090997695922852
1,2399,1022.2040405273438,9134.560546875,3.6249327659606934,7.960915565490723,5.241353988647461
1,2400,1367.1617431640625,12542.833984375,3.762608528137207,12.488155364990234,4.840852737426758
1,2401,1086.3616943359375,9795.404296875,3.560708999633789,9.784204483032227,4.299378395080566
1,2402,1375.9930419921875,12610.4892578125,3.831470012664795,11.314571380615234,5.491066932678223
1,2403,1155.4464111328125,10457.49609375,3.65655779838562,11.446418762207031,4.441683769226074
1,2404,1178.41064453125,10715.939453125,3.560553789138794,9.688386917114258,6.0039873123168945
1,2405,1302.3411865234375,11747.189453125,4.254071235656738,10.98349666595459,4.492258071899414
1,2406,961.6248779296875,8497.0625,3.7306222915649414,10.140790939331055,3.5702123641967773
1,2407,1116.939208984375,10023.0341796875,3.8211917877197266,10.593461990356445,5.140103340148926
1,2408,1212.7127685546875,10962.2802734375,3.8828248977661133,11.303940773010254,4.580617904663086
1,2409,1333.044677734375,12035.154296875,4.317639350891113,11.747888565063477,3.4590463638305664
1,2410,1007.8285522460938,8926.55078125,3.8391146659851074,9.66732406616211,4.692834854125977
1,2411,1135.7894287109375,10257.3779296875,3.6683895587921143,9.82496452331543,3.4969558715820312
1,2412,1226.79150390625,11192.4736328125,3.5848021507263184,11.77471923828125,3.9663124084472656
1,2413,909.0985107421875,7993.52001953125,3.6582183837890625,9.369693756103516,3.4045867919921875
1,2414,1203.284423828125,10985.685546875,3.490525245666504,10.258520126342773,5.191420555114746
1,2415,1216.700439453125,10989.994140625,3.923370361328125,11.070638656616211,3.193937301635742
1,2416,1138.37109375,10378.1513671875,3.3518643379211426,11.198270797729492,2.9645462036132812
1,2417,1197.288818359375,10875.2578125,3.6587700843811035,11.349945068359375,2.682950973510742
1,2418,1123.3310546875,10112.9638671875,3.734490394592285,10.751520156860352,4.033848762512207
1,2419,1103.818603515625,9867.146484375,3.9034652709960938,9.300993919372559,4.367307662963867
1,2420,1499.515869140625,13946.646484375,3.4950389862060547,13.447086334228516,4.470179557800293
1,2421,965.4983520507812,8455.7685546875,3.9973840713500977,8.898370742797852,4.586786270141602
1,2422,1402.5517578125,12889.9677734375,3.785163640975952,11.41142749786377,4.349409103393555
1,2423,1251.117919921875,11367.724609375,3.811513900756836,8.102693557739258,6.724966049194336
1,2424,881.9728393554688,7725.61181640625,3.6470541954040527,7.424717903137207,4.282445907592773
1,2425,1546.9793701171875,14309.609375,3.867281436920166,9.667211532592773,7.396557807922363
1,2426,1567.23193359375,14553.087890625,3.730771541595459,14.107110977172852,4.106694221496582
1,2427,1113.9024658203125,10030.85546875,3.693894863128662,10.011231422424316,3.6800060272216797
1,2428,1420.349609375,13132.9931640625,3.568343162536621,10.839550971984863,5.296662330627441
1,2429,1100.4384765625,9903.7705078125,3.6687135696411133,9.91817569732666,2.9340600967407227
1,2430,1229.6295166015625,11242.14453125,3.5138344764709473,10.306072235107422,4.872225761413574
1,2431,781.382080078125,6728.384765625,3.618119716644287,6.862901210784912,3.379457473754883
1,2432,1642.9071044921875,15088.859375,4.467369556427002,11.95844841003418,3.610485076904297
1,2433,1152.4326171875,10417.5107421875,3.6893820762634277,11.288163185119629,2.8631162643432617
1,2434,743.893310546875,6361.3505859375,3.5919418334960938,7.888455390930176,3.7231531143188477
1,2435,1036.1480712890625,9360.4482421875,3.336773157119751,9.548477172851562,3.490328788757324
1,2436,1185.0101318359375,10862.576171875,3.2917497158050537,8.891006469726562,5.219917297363281
1,2437,1243.22265625,11266.73828125,3.8849594593048096,11.056825637817383,3.183974266052246
1,2438,1341.93408203125,12309.8564453125,3.6982784271240234,11.350257873535156,4.064943313598633
1,2439,1223.689697265625,11097.005859375,3.79963755607605,10.643316268920898,4.038963317871094
1,2440,1127.258056640625,10215.443359375,3.5237913131713867,10.37228012084961,4.194438934326172
1,2441,1619.8592529296875,15053.32421875,3.8175606727600098,12.9959077835083,5.720977783203125
1,2442,1584.92041015625,14681.7138671875,3.891634702682495,13.269855499267578,4.379261016845703
1,2443,1285.958740234375,11760.373046875,3.664048194885254,11.464618682861328,4.5208940505981445
1,2444,974.9826049804688,8685.6728515625,3.547175884246826,8.409052848815918,5.329421043395996
1,2445,1445.9598388671875,13293.767578125,3.886101484298706,11.794458389282227,4.232717514038086
1,2446,1570.23291015625,14289.126953125,4.710675239562988,11.309814453125,5.174901008605957
1,2447,1066.828857421875,9613.12890625,3.517198324203491,9.308128356933594,5.125131607055664
1,2448,1297.392333984375,11812.181640625,3.87247371673584,12.097558975219727,4.07316780090332
1,2449,866.6279296875,7692.6591796875,3.2453999519348145,8.216652870178223,4.686735153198242
1,2450,921.6414794921875,8172.61328125,3.479337453842163,7.6145172119140625,4.731444358825684
1,2451,1412.80078125,13109.0712890625,3.3964576721191406,11.467641830444336,4.973635673522949
1,2452,1673.1422119140625,15502.1328125,4.09763240814209,14.626964569091797,5.068288803100586
1,2453,1282.0911865234375,11614.3388671875,4.021907806396484,11.746082305908203,5.028191566467285
1,2454,1379.603759765625,12610.150390625,3.9529569149017334,11.48744010925293,3.9352054595947266
1,2455,1146.15673828125,10288.3955078125,3.910572052001953,11.112017631530762,3.3751754760742188
1,2456,1294.895263671875,11577.8955078125,4.570191860198975,10.782126426696777,5.517692565917969
1,2457,1084.9119873046875,9817.052734375,3.440225124359131,11.16482162475586,3.148916244506836
1,2458,1350.3109130859375,12392.453125,3.7021865844726562,10.35222053527832,4.910673141479492
1,2459,1556.95068359375,14276.6044921875,4.309673309326172,11.960966110229492,4.44890022277832
1,2460,1421.4781494140625,13114.6044921875,3.6672568321228027,11.54336166381836,4.4745893478393555
1,2461,1302.403564453125,11850.2734375,3.912539482116699,11.19679069519043,3.6552371978759766
1,2462,991.5247802734375,8836.919921875,3.594426155090332,9.816387176513672,4.048086166381836
1,2463,1161.4808349609375,10384.447265625,4.101204872131348,9.689645767211914,3.537947654724121
1,2464,1180.73828125,10754.314453125,3.510226249694824,11.300249099731445,4.318214416503906
1,2465,892.92626953125,7792.6787109375,3.7886130809783936,9.226534843444824,4.19984245300293
1,2466,830.7744750976562,7122.5,3.9508166313171387,7.916435241699219,3.800215721130371
1,2467,1269.0911865234375,11532.4052734375,3.8616862297058105,11.694232940673828,5.243406295776367
1,2468,1180.928466796875,10805.0791015625,3.347350835800171,9.430525779724121,4.374549865722656
1,2469,903.3751220703125,7972.83203125,3.536398410797119,9.646446228027344,2.2727832794189453
1,2470,1218.078369140625,10389.306640625,5.971588134765625,9.566593170166016,4.126569747924805
1,2471,981.5557861328125,8737.7998046875,3.5925278663635254,9.531496047973633,3.7908945083618164
1,2472,1615.970947265625,14989.55859375,3.9004998207092285,13.543148040771484,5.864828109741211
1,2473,1260.9906005859375,11473.068359375,3.7894554138183594,12.310190200805664,4.825678825378418
1,2474,914.8922729492188,8082.3505859375,3.555241107940674,8.399004936218262,3.446040153503418
1,2475,1291.7271728515625,11867.6015625,3.4989030361175537,9.766963958740234,5.922149658203125
1,2476,762.3351440429688,6479.74609375,3.8120174407958984,8.018014907836914,2.7114505767822266
1,2477,1047.09521484375,9427.578125,3.4779133796691895,10.031615257263184,4.318455696105957
1,2478,1184.5816650390625,10709.884765625,3.78643798828125,10.467832565307617,4.655701637268066
1,2479,1100.943115234375,9834.732421875,3.9156601428985596,9.618456840515137,4.2090253829956055
1,2480,1965.7398681640625,18610.947265625,3.4881720542907715,11.656888008117676,6.956418991088867
1,2481,1060.865966796875,9466.083984375,3.808587074279785,8.376694679260254,5.548457145690918
1,2482,1196.269287109375,10737.3896484375,4.084343433380127,11.108680725097656,5.541762351989746
1,2483,1029.8385009765625,9136.2578125,3.873757839202881,8.612685203552246,3.035890579223633
1,2484,1251.9000244140625,11263.759765625,4.184133529663086,11.079296112060547,2.963237762451172
1,2485,1975.6331787109375,18531.162109375,4.083897590637207,15.457151412963867,3.4154367446899414
1,2486,777.6423950195312,6727.9736328125,3.4948348999023438,8.179731369018555,4.688916206359863
1,2487,968.20654296875,8666.84765625,3.384058952331543,8.538620948791504,4.050163269042969
1,2488,923.2651977539062,8149.55126953125,3.610334873199463,7.723818778991699,2.055154800415039
1,2489,958.248046875,8453.37109375,3.7636983394622803,9.885486602783203,3.6195192337036133
1,2490,1136.547607421875,9777.5,5.293254852294922,9.547012329101562,3.9186525344848633
1,2491,865.2177734375,7597.99365234375,3.5139458179473877,7.796357154846191,4.894512176513672
1,2492,1309.7535400390625,11952.2265625,3.817697763442993,12.042854309082031,4.438010215759277
1,2493,928.6028442382812,8149.93798828125,3.7869672775268555,10.161293029785156,4.818394660949707
1,2494,1165.4619140625,10589.7138671875,3.549683094024658,9.904728889465332,3.9150800704956055
1,2495,1173.1181640625,10638.4775390625,3.642345428466797,10.254201889038086,5.193265914916992
1,2496,1373.3125,12557.7783203125,3.9178223609924316,11.615486145019531,4.60994815826416
1,2497,1247.0556640625,11286.4375,3.947063446044922,11.346960067749023,3.5085601806640625
1,2498,1045.225830078125,9225.095703125,4.090542316436768,10.939733505249023,3.4476776123046875
1,2499,1106.1937255859375,9953.2880859375,3.6954989433288574,9.394676208496094,4.655892372131348
1,2500,809.3651733398438,7022.533203125,3.5703938007354736,7.752697944641113,3.5803909301757812
1,2501,1259.303955078125,11387.71875,4.017738342285156,11.207208633422852,6.1396589279174805
1,2502,940.2305297851562,8379.625,3.4089341163635254,8.330546379089355,4.092723846435547
1,2503,1402.368408203125,12956.7578125,3.556419610977173,12.729445457458496,3.5820770263671875
1,2504,1580.9598388671875,14714.1025390625,3.6516523361206055,12.232680320739746,3.640165328979492
1,2505,984.860107421875,8725.87109375,3.742434024810791,8.550968170166016,3.9569873809814453
1,2506,939.489013671875,8335.8623046875,3.530092716217041,8.095848083496094,4.192000389099121
1,2507,1252.0579833984375,11337.986328125,3.941974639892578,10.340557098388672,4.5857038497924805
1,2508,608.7637939453125,5133.98876953125,3.178830146789551,5.972111225128174,3.749605178833008
1,2509,1083.09765625,9735.9482421875,3.650092124938965,11.670663833618164,2.4732656478881836
1,2510,1297.9322509765625,11899.009765625,3.6010398864746094,11.06314468383789,3.2310495376586914
1,2511,906.0062866210938,8018.4716796875,3.4719700813293457,9.065717697143555,2.599851608276367
1,2512,1218.0994873046875,11083.4267578125,3.658560276031494,10.9075288772583,3.80535888671875
1,2513,1409.8094482421875,12924.361328125,3.9124412536621094,11.335692405700684,4.802648544311523
1,2514,1058.45654296875,9460.7607421875,3.7460150718688965,9.979290962219238,3.6192760467529297
1,2515,891.2539672851562,7818.31396484375,3.6474177837371826,9.445932388305664,2.695206642150879
1,2516,1202.5765380859375,10823.1240234375,4.008807182312012,10.038521766662598,4.185028076171875
1,2517,938.4385986328125,8212.1044921875,3.9076054096221924,10.066407203674316,3.4748268127441406
1,2518,1018.8016357421875,9101.0810546875,3.623116970062256,9.593177795410156,3.884324073791504
1,2519,958.9879760742188,8562.0322265625,3.4261579513549805,9.747027397155762,2.881671905517578
1,2520,992.8978271484375,8858.224609375,3.5691800117492676,9.291434288024902,4.522597312927246
1,2521,945.4392700195312,8329.5146484375,3.74959397315979,9.08128547668457,3.374265670776367
1,2522,1317.9749755859375,11520.234375,5.531716346740723,11.259902954101562,3.473379135131836
1,2523,1257.168212890625,11494.990234375,3.588973045349121,10.988523483276367,3.8218441009521484
1,2524,1035.36669921875,9210.029296875,3.812126398086548,9.774569511413574,4.72044563293457
1,2525,1022.5930786132812,9151.240234375,3.5823018550872803,10.602002143859863,3.2833251953125
1,2526,1086.3311767578125,9660.1689453125,4.01047420501709,9.579351425170898,4.247140884399414
1,2527,1037.383544921875,9251.71875,3.740388870239258,9.86593246459961,3.8803815841674805
1,2528,1175.3397216796875,10670.0625,3.611114740371704,11.820030212402344,3.845914840698242
1,2529,792.0322265625,6914.8603515625,3.351541042327881,7.958733558654785,4.459216117858887
1,2530,1089.0853271484375,9811.52734375,3.5977511405944824,10.513874053955078,3.6955366134643555
1,2531,1213.435302734375,10836.185546875,4.327226638793945,10.869600296020508,3.8621931076049805
1,2532,1753.320068359375,16377.345703125,3.8528482913970947,14.059198379516602,4.5184831619262695
1,2533,1353.9705810546875,12449.2880859375,3.634725570678711,11.730644226074219,4.971616744995117
1,2534,1224.154296875,11173.77734375,3.559218406677246,9.348884582519531,3.281905174255371
1,2535,1232.653076171875,11237.6298828125,3.629666328430176,10.371918678283691,3.7337722778320312
1,2536,1219.351806640625,11023.056640625,3.9015378952026367,10.006806373596191,4.909482955932617
1,2537,1357.15283203125,12442.9921875,3.7617878913879395,11.383121490478516,4.670313835144043
1,2538,1538.8228759765625,14194.169921875,3.9801971912384033,12.561704635620117,4.09519100189209
1,2539,869.6190185546875,7707.94482421875,3.2941508293151855,7.403614044189453,3.0027647018432617
1,2540,847.021728515625,7452.279296875,3.393125534057617,7.330411434173584,4.605954170227051
1,2541,891.2094116210938,7852.4482421875,3.532154083251953,9.270828247070312,3.554520606994629
1,2542,1023.6290893554688,9090.0234375,3.8208909034729004,9.708250045776367,3.074993133544922
1,2543,948.0028076171875,8410.2236328125,3.566013813018799,9.154516220092773,2.4224863052368164
1,2544,793.5736694335938,6934.0830078125,3.3388442993164062,7.745578765869141,4.449678421020508
1,2545,1097.385009765625,9955.4755859375,3.3945839405059814,10.340445518493652,4.810386657714844
1,2546,1216.4945068359375,10964.287109375,4.002194404602051,9.244220733642578,3.7661237716674805
1,2547,1121.2880859375,10113.9794921875,3.6630053520202637,10.68612289428711,4.318417549133301
1,2548,1246.0079345703125,11359.9716796875,3.667024850845337,10.69454574584961,5.281414985656738
1,2549,1004.1260375976562,8984.439453125,3.522736072540283,7.914642810821533,4.971776008605957
1,2550,979.2193603515625,8701.302734375,3.6363015174865723,8.267531394958496,4.952535629272461
1,2551,1258.0870361328125,11546.275390625,3.4486494064331055,12.075422286987305,3.024815559387207
1,2552,1722.388427734375,16002.720703125,4.0705461502075195,14.971963882446289,3.8939132690429688
1,2553,1414.0936279296875,12895.486328125,4.151498794555664,11.644198417663574,5.10748291015625
1,2554,1253.7742919921875,11336.3603515625,4.004607200622559,11.733657836914062,4.9961652755737305
1,2555,900.7330322265625,7927.09619140625,3.600778579711914,8.427288055419922,3.291688919067383
1,2556,1353.417236328125,12375.396484375,3.8625872135162354,11.102375030517578,4.448678016662598
1,2557,1663.90869140625,15584.4775390625,3.5153632164001465,11.42072868347168,5.740851402282715
1,2558,1015.1046752929688,9058.3916015625,3.642184257507324,9.49660873413086,3.484116554260254
1,2559,835.7427978515625,7344.7412109375,3.3756237030029297,8.277398109436035,4.119560241699219
1,2560,830.6597290039062,7272.8603515625,3.4457879066467285,8.821062088012695,3.381193161010742
1,2561,1315.5814208984375,12109.796875,3.4867234230041504,11.764730453491211,5.62203311920166
1,2562,991.12548828125,8908.7421875,3.341709613800049,8.650026321411133,4.846755027770996
1,2563,846.30078125,7504.96044921875,3.1934914588928223,7.9632978439331055,2.669553756713867
1,2564,1145.8076171875,10346.361328125,3.705716609954834,10.589560508728027,5.235400199890137
1,2565,1075.3641357421875,9642.1220703125,3.7050621509552,8.955095291137695,4.411994934082031
1,2566,860.466064453125,7470.40478515625,3.780853748321533,7.016596794128418,5.291980743408203
1,2567,1408.2584228515625,12950.85546875,3.772427558898926,9.539253234863281,5.870645523071289
1,2568,1488.6234130859375,13711.91796875,3.9143881797790527,11.910238265991211,4.179111480712891
1,2569,1124.41650390625,10123.990234375,3.733914613723755,9.300459861755371,5.001175880432129
1,2570,1075.9927978515625,9541.0673828125,4.062870025634766,10.058308601379395,4.525124549865723
1,2571,1447.72509765625,13194.48828125,4.27587366104126,10.648859024047852,5.767658233642578
1,2572,911.91064453125,7486.09326171875,5.443378448486328,8.867742538452148,3.4276628494262695
1,2573,1220.8525390625,11064.2587890625,3.8142218589782715,12.770425796508789,3.0351905822753906
1,2574,1516.9237060546875,14004.0205078125,3.8840548992156982,11.11480712890625,5.268016815185547
1,2575,1189.416015625,10769.3515625,3.749361038208008,10.25642204284668,4.450339317321777
1,2576,1214.967041015625,10977.9248046875,3.905820369720459,11.64404296875,3.9060630798339844
1,2577,1060.489013671875,9488.64453125,3.720820903778076,8.463868141174316,3.571169853210449
1,2578,1501.9500732421875,13899.9541015625,3.7318215370178223,12.616474151611328,4.007448196411133
1,2579,1305.7222900390625,11885.0068359375,3.907386302947998,11.055294036865234,3.3646726608276367
1,2580,1032.64111328125,9188.5322265625,3.7929282188415527,10.075695037841797,3.7818307876586914
1,2581,909.4429321289062,8021.70703125,3.5757410526275635,8.179473876953125,5.369569778442383
1,2582,702.9172973632812,5799.68212890625,4.09830379486084,6.695061206817627,3.7500314712524414
1,2583,1263.4898681640625,11491.3798828125,3.8117282390594482,10.851458549499512,3.98453426361084
1,2584,986.18798828125,8680.154296875,3.9390859603881836,8.012076377868652,4.744804382324219
1,2585,1493.95703125,13798.189453125,3.8046011924743652,12.08827018737793,4.084629058837891
1,2586,1256.121826171875,11405.76171875,3.851520299911499,10.843494415283203,2.784346580505371
1,2587,1195.943115234375,10798.74609375,3.8689494132995605,10.429636001586914,3.6633787155151367
1,2588,1395.3095703125,12735.3125,4.059276103973389,11.59470272064209,4.168428421020508
1,2589,771.7076416015625,6698.4599609375,3.3953871726989746,7.674967288970947,3.8161087036132812
1,2590,843.8240966796875,7391.36083984375,3.4895987510681152,9.119192123413086,3.9657630920410156
1,2591,824.010986328125,7137.03759765625,3.6769063472747803,8.285685539245605,3.7427597045898438
1,2592,1315.96923828125,11970.8798828125,3.962707996368408,9.911694526672363,5.158953666687012
1,2593,1284.7266845703125,11641.142578125,4.020413875579834,12.088056564331055,3.331629753112793
1,2594,1310.5531005859375,12011.79296875,3.6457927227020264,11.356423377990723,3.7316789627075195
1,2595,833.6348266601562,7203.44775390625,3.7763352394104004,6.90947151184082,4.916400909423828
1,2596,1111.80810546875,9958.3154296875,3.865884304046631,11.312460899353027,3.684965133666992
1,2597,1172.158447265625,10719.2099609375,3.3412485122680664,11.033206939697266,6.083920478820801
1,2598,1065.261962890625,9564.365234375,3.6275134086608887,9.450557708740234,3.802302360534668
1,2599,1441.9237060546875,12906.1015625,5.043781280517578,11.68612289428711,4.042858123779297
1,2600,1101.260009765625,9930.166015625,3.60811448097229,10.786157608032227,3.119600296020508
1,2601,1405.945556640625,12856.556640625,4.009664058685303,12.858428001403809,2.545884132385254
1,2602,1083.5565185546875,9768.31640625,3.5574958324432373,10.377450942993164,3.293027877807617
1,2603,1069.086669921875,9580.103515625,3.702543258666992,10.421626091003418,4.565004348754883
1,2604,1246.403564453125,11403.5703125,3.5348846912384033,11.771684646606445,3.5738344192504883
1,2605,1058.4517822265625,9479.4931640625,3.6834158897399902,9.912457466125488,3.5265865325927734
1,2606,689.8090209960938,5831.11279296875,3.556591510772705,8.145820617675781,4.051636695861816
1,2607,1319.2369384765625,12103.5078125,3.62953519821167,9.644538879394531,5.395279884338379
1,2608,1060.0972900390625,9479.95703125,3.7367186546325684,9.626504898071289,5.71514892578125
1,2609,1300.501708984375,11718.1806640625,4.2894511222839355,12.762252807617188,3.171257972717285
1,2610,667.8017578125,5675.310546875,3.3423566818237305,7.994543075561523,3.3384923934936523
1,2611,849.101806640625,7379.0908203125,3.7064223289489746,8.74929428100586,3.736907958984375
1,2612,1147.09228515625,10361.310546875,3.698707342147827,11.73647689819336,3.539957046508789
1,2613,1050.3199462890625,9490.833984375,3.374549388885498,9.083160400390625,5.859736442565918
1,2614,1258.367919921875,11513.8232421875,3.5661849975585938,10.177618026733398,5.64536190032959
1,2615,1021.2689208984375,9086.01171875,3.7555902004241943,9.981581687927246,4.29557991027832
1,2616,777.9642944335938,6719.61474609375,3.5334267616271973,7.24179744720459,3.478189468383789
1,2617,1113.7650146484375,10060.46484375,3.590618371963501,9.649818420410156,4.8631134033203125
1,2618,1115.8668212890625,9932.9892578125,4.085597038269043,10.242565155029297,3.6326074600219727
1,2619,1511.109619140625,13942.1416015625,3.8965134620666504,13.583242416381836,3.115513801574707
1,2620,1406.835693359375,12909.94921875,3.861356019973755,12.052512168884277,3.8488311767578125
1,2621,1388.3486328125,12773.3046875,3.700605869293213,10.987361907958984,4.920517921447754
1,2622,1230.10009765625,11153.8076171875,3.82397723197937,11.230446815490723,4.720717430114746
1,2623,983.627685546875,8789.392578125,3.489614248275757,7.680471420288086,4.047854423522949
1,2624,1592.2913818359375,14758.947265625,3.879885673522949,13.243997573852539,3.931918144226074
1,2625,996.3255615234375,8791.458984375,3.9059886932373047,9.355690002441406,3.2968969345092773
1,2626,1060.05859375,9557.43359375,3.4771761894226074,10.428786277770996,3.718930244445801
1,2627,1182.6793212890625,10658.171875,3.895402669906616,11.106632232666016,2.4589719772338867
1,2628,788.0020141601562,6742.2548828125,3.7925491333007812,8.556439399719238,2.703335762023926
1,2629,1400.9622802734375,12773.896484375,4.1190876960754395,11.596134185791016,5.046653747558594
1,2630,1665.226806640625,15532.130859375,3.733790874481201,12.691437721252441,4.122438430786133
1,2631,1306.384521484375,11841.751953125,4.0736470222473145,11.5734224319458,3.425556182861328
1,2632,1335.70556640625,12250.6875,3.687896728515625,11.842119216918945,3.7441511154174805
1,2633,915.9890747070312,8119.83642578125,3.4668469429016113,8.495061874389648,2.571345329284668
1,2634,1003.3191528320312,8884.9453125,3.827486038208008,9.537967681884766,3.3526077270507812
1,2635,1272.88720703125,11626.353515625,3.6750597953796387,10.377225875854492,6.152539253234863
1,2636,1454.0540771484375,13260.41015625,4.2671003341674805,12.251249313354492,2.508286476135254
1,2637,1363.1927490234375,12434.0908203125,3.9927895069122314,12.648051261901855,2.9935922622680664
1,2638,1204.9373779296875,10977.01171875,3.574540853500366,11.6979398727417,4.480901718139648
1,2639,751.4688720703125,6464.091796875,3.50199031829834,7.773908615112305,3.7048988342285156
1,2640,1257.66796875,11424.431640625,3.8408262729644775,10.15123176574707,4.731658935546875
1,2641,777.0382080078125,6793.81591796875,3.255220890045166,6.596371650695801,4.167271614074707
1,2642,1492.2796630859375,13740.994140625,3.939337968826294,13.01283073425293,4.809599876403809
1,2643,788.2838134765625,6905.693359375,3.2571487426757812,7.130716800689697,4.533937454223633
1,2644,1218.2896728515625,11052.44140625,3.76818585395813,10.255701065063477,5.161202430725098
1,2645,1414.471435546875,12975.259765625,3.898181438446045,12.016918182373047,4.33980655670166
1,2646,1022.7273559570312,9157.6123046875,3.565537452697754,9.070137977600098,5.292472839355469
1,2647,1184.7960205078125,10738.908203125,3.6968374252319336,8.692352294921875,5.424212455749512
1,2648,1081.6307373046875,9643.916015625,3.9079699516296387,10.906356811523438,3.2568750381469727
1,2649,1198.2982177734375,10880.890625,3.6736364364624023,10.211017608642578,5.975397109985352
1,2650,1102.098388671875,9962.7841796875,3.5273332595825195,10.677667617797852,5.440560340881348
1,2651,857.7015991210938,7522.00048828125,3.516716957092285,7.792588233947754,5.158172607421875
1,2652,990.0178833007812,8808.7578125,3.6380698680877686,8.381811141967773,5.230343818664551
1,2653,1466.156005859375,13493.48046875,3.8935999870300293,12.839017868041992,5.977261543273926
1,2654,1143.1396484375,10302.40625,3.763301134109497,10.099090576171875,6.482104301452637
1,2655,1093.0225830078125,9934.1455078125,3.3202691078186035,10.845518112182617,4.175605773925781
1,2656,917.06005859375,8056.6416015625,3.713195323944092,9.344429016113281,3.9556102752685547
1,2657,1286.9725341796875,11776.171875,3.645176887512207,12.101808547973633,3.6027450561523438
1,2658,1329.618896484375,12129.7080078125,3.888267993927002,10.824263572692871,4.422323226928711
1,2659,1310.02099609375,12078.70703125,3.4050073623657227,10.491798400878906,5.110785484313965
1,2660,1169.889404296875,10639.83203125,3.5302038192749023,10.552820205688477,3.833319664001465
1,2661,1300.1474609375,11972.490234375,3.4299492835998535,9.841693878173828,5.394317626953125
1,2662,1442.19677734375,13252.4296875,3.8984570503234863,10.733413696289062,4.9351396560668945
1,2663,905.6163940429688,8007.935546875,3.494093894958496,8.90478515625,2.595583915710449
1,2664,1028.73095703125,9219.876953125,3.5581092834472656,10.25820255279541,2.6079254150390625
1,2665,1071.0462646484375,9608.900390625,3.6718740463256836,9.675878524780273,4.4452924728393555
1,2666,1270.15771484375,10885.70703125,6.052899360656738,9.697781562805176,5.525834083557129
1,2667,1101.2132568359375,9869.41796875,3.8090474605560303,11.204854011535645,3.3258724212646484
1,2668,1114.7862548828125,10077.705078125,3.567190647125244,12.105369567871094,3.66251277923584
1,2669,1295.582275390625,11813.3681640625,3.8081836700439453,10.768471717834473,2.4807167053222656
1,2670,1149.9862060546875,10385.2021484375,3.7155303955078125,10.782954216003418,4.200425148010254
1,2671,1299.741943359375,11919.05859375,3.5945358276367188,9.667150497436523,4.641060829162598
1,2672,1041.95849609375,9274.9033203125,3.8156039714813232,8.530301094055176,5.455727577209473
1,2673,1268.89453125,11656.388671875,3.4418551921844482,10.778032302856445,5.409083366394043
1,2674,1212.0262451171875,11088.1689453125,3.440312385559082,11.690340042114258,3.9194374084472656
1,2675,755.0639038085938,6568.15673828125,3.2749407291412354,7.53209114074707,3.4711856842041016
1,2676,1178.6962890625,10715.1376953125,3.572751998901367,9.910133361816406,4.021211624145508
1,2677,1671.35888671875,15504.7265625,4.029539108276367,11.971799850463867,5.168266296386719
1,2678,1553.11962890625,14452.58203125,3.5953798294067383,12.41603946685791,4.895282745361328
1,2679,1123.969482421875,10063.6220703125,3.9202425479888916,7.931602954864502,5.061690330505371
1,2680,803.2454223632812,7023.64990234375,3.3626813888549805,7.436323165893555,3.134408950805664
1,2681,1369.56884765625,12564.5732421875,3.770380973815918,12.53785228729248,4.686335563659668
1,2682,1112.1317138671875,10063.6015625,3.525717258453369,9.198979377746582,4.911895751953125
1,2683,852.5326538085938,7427.98193359375,3.6578149795532227,8.148772239685059,3.9743919372558594
1,2684,1121.153076171875,10130.041015625,3.6049675941467285,10.116960525512695,3.8651609420776367
1,2685,1214.807373046875,11039.1416015625,3.696441650390625,10.399334907531738,3.4922189712524414
1,2686,1111.8184814453125,9782.498046875,4.452289581298828,9.761367797851562,4.897974967956543
1,2687,1137.922119140625,10241.8759765625,3.791149377822876,11.849451065063477,4.269152641296387
1,2688,812.6446533203125,7060.5048828125,3.553138256072998,8.643854141235352,3.775819778442383
1,2689,1546.3369140625,14334.3701171875,3.763331174850464,14.293176651000977,4.717503547668457
1,2690,1303.0606689453125,11843.0546875,3.9585039615631104,12.72612476348877,4.13033390045166
1,2691,863.2821655273438,7600.1865234375,3.4421167373657227,10.512197494506836,3.6942138671875
1,2692,1539.447021484375,14324.9482421875,3.565072774887085,11.870964050292969,4.126286506652832
1,2693,1509.644775390625,13969.083984375,3.757878065109253,12.907285690307617,5.322136878967285
1,2694,1360.0574951171875,12468.6572265625,3.773057222366333,11.194822311401367,3.6976709365844727
1,2695,1234.9295654296875,11222.5361328125,3.755863666534424,9.848132133483887,4.273825645446777
1,2696,855.31884765625,7456.4873046875,3.655669927597046,9.014445304870605,1.8934745788574219
1,2697,1055.1558837890625,9594.9794921875,3.188596725463867,8.799458503723145,4.345348358154297
1,2698,1041.8128662109375,9406.517578125,3.372036933898926,9.498900413513184,3.4783220291137695
1,2699,1170.66064453125,10650.1572265625,3.521498680114746,11.586790084838867,2.870394706726074
1,2700,1274.2156982421875,11662.77734375,3.597931385040283,10.55335807800293,3.184114456176758
1,2701,1237.0506591796875,9899.3671875,8.237131118774414,8.698629379272461,3.710087776184082
1,2702,1219.7861328125,11185.51171875,3.374497890472412,10.246238708496094,3.115481376647949
1,2703,801.736572265625,7044.8876953125,3.241593837738037,5.947144508361816,4.054848670959473
1,2704,1315.998046875,12081.1630859375,3.596055507659912,9.800683975219727,5.992528915405273
1,2705,1228.9139404296875,11301.80859375,3.2911019325256348,11.011421203613281,5.061154365539551
1,2706,1075.5487060546875,9656.234375,3.6641738414764404,8.886085510253906,5.401690483093262
1,2707,749.7355346679688,6483.76611328125,3.378628730773926,7.675968170166016,3.7725114822387695
1,2708,1068.397216796875,9587.0673828125,3.656348466873169,10.017132759094238,2.6943531036376953
1,2709,1072.5421142578125,9653.810546875,3.572035789489746,10.186182975769043,5.540691375732422
1,2710,1263.507568359375,11438.7265625,3.987828254699707,10.511693954467773,4.649970054626465
1,2711,1091.042236328125,9899.2001953125,3.370739459991455,8.484569549560547,5.001532554626465
1,2712,1133.7625732421875,10196.5263671875,3.8036649227142334,10.858135223388672,5.317671775817871
1,2713,735.24609375,6434.1796875,3.0609378814697266,8.352019309997559,3.330760955810547
1,2714,1329.9232177734375,12102.36328125,3.989562511444092,11.666597366333008,3.5729169845581055
1,2715,685.38330078125,5751.96923828125,3.672877311706543,6.8659772872924805,3.071038246154785
1,2716,1211.3948974609375,10870.859375,4.143630504608154,11.222304344177246,3.424189567565918
1,2717,843.8850708007812,7329.43603515625,3.6980481147766113,8.476831436157227,5.374575614929199
1,2718,1180.665771484375,10728.458984375,3.593996047973633,9.754948616027832,4.106870651245117
1,2719,919.6359252929688,8085.58544921875,3.7025790214538574,8.881173133850098,2.818070411682129
1,2720,855.1199340820312,7543.59130859375,3.358694076538086,8.838001251220703,3.7696914672851562
1,2721,858.3994140625,7510.7080078125,3.5776195526123047,9.52018928527832,3.850421905517578
1,2722,740.2611694335938,6358.5078125,3.480347156524658,7.367640495300293,3.7449111938476562
1,2723,890.6535034179688,7731.8876953125,3.9154911041259766,8.225234985351562,4.4880828857421875
1,2724,1183.6512451171875,10805.10546875,3.4380204677581787,10.731510162353516,4.53886604309082
1,2725,1141.7677001953125,10305.296875,3.7079355716705322,10.507553100585938,4.446552276611328
1,2726,1060.5885009765625,9468.8212890625,3.790212631225586,10.752755165100098,3.6329641342163086
1,2727,1505.540771484375,13869.9228515625,3.9516172409057617,12.291147232055664,4.020383834838867
1,2728,1862.955322265625,17490.98828125,3.795215606689453,13.146106719970703,5.054657936096191
1,2729,1337.3695068359375,12321.458984375,3.507452964782715,12.330801010131836,5.754826545715332
1,2730,1089.68310546875,9869.103515625,3.4257595539093018,10.553177833557129,2.40667724609375
1,2731,1454.050537109375,13426.083984375,3.714738368988037,13.880109786987305,3.5648813247680664
1,2732,1288.6282958984375,11747.5625,3.7957358360290527,10.161483764648438,5.164281845092773
1,2733,1332.2562255859375,12312.640625,3.366405725479126,9.71919059753418,6.451186180114746
1,2734,1019.7196044921875,9138.9453125,3.5275015830993652,8.049775123596191,4.482600212097168
1,2735,1450.1282958984375,13444.1494140625,3.523777723312378,13.190008163452148,4.738189697265625
1,2736,973.4767456054688,8606.1552734375,3.762040138244629,8.722185134887695,4.305027961730957
1,2737,1328.5224609375,12229.009765625,3.5207157135009766,12.041224479675293,4.4768829345703125
1,2738,1013.1605224609375,9081.9892578125,3.498721122741699,8.1940279006958,3.5586118698120117
1,2739,1262.0679931640625,11549.6474609375,3.5701093673706055,10.260496139526367,4.92092227935791
1,2740,923.4994506835938,8142.642578125,3.6411731243133545,6.637546062469482,5.635797500610352
1,2741,1403.104248046875,13028.98046875,3.3402037620544434,10.70742130279541,5.668795585632324
1,2742,1438.6287841796875,13135.2119140625,4.170252799987793,11.925315856933594,4.976162910461426
1,2743,824.945068359375,7219.453125,3.433324098587036,7.462635517120361,4.509766578674316
1,2744,990.1483764648438,8761.0927734375,3.8013014793395996,8.584245681762695,3.164196014404297
1,2745,1117.9775390625,10110.21875,3.5651891231536865,10.010233879089355,3.3124923706054688
1,2746,1065.2281494140625,9593.2216796875,3.5301997661590576,8.248406410217285,2.9816083908081055
1,2747,1009.1171875,9009.69921875,3.6049084663391113,8.845146179199219,3.342827796936035
1,2748,1122.737060546875,10124.84375,3.6750879287719727,10.03813362121582,4.717318534851074
1,2749,1207.998779296875,11040.1484375,3.4661307334899902,10.428567886352539,4.601579666137695
1,2750,1012.4320068359375,9102.5556640625,3.4058823585510254,10.677661895751953,4.364527702331543
1,2751,965.7647094726562,8676.03515625,3.272040605545044,9.621614456176758,6.258196830749512
1,2752,970.8264770507812,8681.0732421875,3.4239706993103027,8.732458114624023,3.7403669357299805
1,2753,993.4136962890625,9036.666015625,2.9915685653686523,7.776041030883789,4.650501251220703
1,2754,1046.4464111328125,9398.646484375,3.5527255535125732,8.831531524658203,5.007165908813477
1,2755,826.2828979492188,7141.9384765625,3.736302375793457,7.491456031799316,5.105166435241699
1,2756,1334.5606689453125,11842.90234375,5.009012222290039,10.006333351135254,4.6515960693359375
1,2757,1587.0543212890625,14803.5390625,3.5566821098327637,13.438169479370117,5.796774864196777
1,2758,1306.406982421875,11910.05859375,3.846705913543701,11.870100021362305,5.770538330078125
1,2759,1034.0333251953125,9238.994140625,3.671131134033203,9.506278038024902,5.1305999755859375
1,2760,1013.4646606445312,9012.630859375,3.740051031112671,9.00847053527832,4.079824447631836
1,2761,1091.3880615234375,9850.29296875,3.545290470123291,8.943201065063477,3.8129377365112305
