epoch,batch,loss,loss_h,loss_c,trans_l2_m,yaw_err_deg
0,0,3009.655029296875,24733.013671875,17.878448486328125,15.866209030151367,10.688817977905273
0,1,3101.767822265625,25147.9296875,19.56583023071289,16.124862670898438,11.327381134033203
0,2,2820.57373046875,22777.578125,18.093862533569336,13.115114212036133,10.926529884338379
0,3,2572.218017578125,21261.970703125,14.867368698120117,15.025392532348633,9.034929275512695
0,4,2685.383544921875,21083.806640625,19.233428955078125,15.049867630004883,8.460529327392578
0,5,2567.7744140625,21135.0078125,15.14245891571045,15.554887771606445,8.56673812866211
0,6,2777.64697265625,22977.48828125,15.996604919433594,14.100236892700195,11.622577667236328
0,7,2970.29296875,25169.41796875,15.111701965332031,17.423065185546875,8.488855361938477
0,8,2710.63720703125,23080.83203125,13.418464660644531,16.37592315673828,8.69745922088623
0,9,2468.8076171875,20017.017578125,15.570192337036133,13.6846923828125,9.391817092895508
0,10,2759.80615234375,23626.986328125,13.236917495727539,14.60202407836914,10.9904146194458
0,11,2198.58984375,17753.265625,14.108779907226562,14.403270721435547,7.357846260070801
0,12,2694.98681640625,22804.2421875,13.818750381469727,14.075332641601562,11.152534484863281
0,13,2782.388671875,24900.6953125,9.743967056274414,15.440200805664062,12.023282051086426
0,14,2638.527099609375,22266.59375,13.728920936584473,16.66379165649414,8.449116706848145
0,15,2606.6005859375,21970.478515625,13.651758193969727,15.545257568359375,9.863621711730957
0,16,2888.245849609375,23100.96484375,19.271648406982422,16.122638702392578,9.355188369750977
0,17,2969.232666015625,25995.65625,12.322233200073242,15.516014099121094,11.942866325378418
0,18,2873.91015625,24729.755859375,13.364486694335938,16.18399429321289,10.391608238220215
0,19,2600.01318359375,22664.94140625,11.117301940917969,15.494865417480469,9.951111793518066
0,20,2771.7529296875,24225.62109375,11.639688491821289,15.923468589782715,10.878697395324707
0,21,2733.31103515625,24470.72265625,9.541291236877441,14.426689147949219,11.265738487243652
0,22,2457.748779296875,21027.35546875,11.833769798278809,14.773216247558594,9.749271392822266
0,23,3190.61083984375,27908.083984375,13.326749801635742,16.34366798400879,12.889991760253906
0,24,2625.629150390625,22774.08203125,11.607366561889648,13.660215377807617,12.026293754577637
0,25,3159.295166015625,28231.46484375,11.204957962036133,18.129985809326172,11.676273345947266
0,26,2371.811767578125,20356.7109375,11.204690933227539,14.531571388244629,9.199577331542969
0,27,3127.35693359375,27855.8125,11.392524719238281,17.38097381591797,11.082600593566895
0,28,2960.791259765625,26687.7890625,9.733741760253906,14.808709144592285,13.619956970214844
0,29,2649.43115234375,23762.861328125,9.10483455657959,16.216102600097656,9.354813575744629
0,30,2581.93310546875,22494.15234375,11.083925247192383,15.754660606384277,9.750667572021484
0,31,2491.251708984375,21484.23828125,11.427595138549805,16.157196044921875,8.830740928649902
0,32,2429.89111328125,20948.150390625,11.169193267822266,14.4421968460083,10.454362869262695
0,33,3245.46337890625,28597.634765625,12.856666564941406,18.264904022216797,11.024883270263672
0,34,2726.25439453125,23979.87890625,10.942209243774414,14.894845008850098,10.202933311462402
0,35,2774.92724609375,24884.876953125,9.547980308532715,17.057422637939453,8.877238273620605
0,36,2382.67919921875,20902.5234375,9.74755573272705,14.238521575927734,10.165003776550293
0,37,2338.658447265625,19107.552734375,14.263439178466797,12.315816879272461,10.318304061889648
0,38,2743.820068359375,24737.07421875,9.003753662109375,17.398738861083984,8.560356140136719
0,39,2711.17333984375,24654.70703125,8.190088272094727,18.478923797607422,7.751855850219727
0,40,2549.185546875,22263.77734375,10.760261535644531,16.450847625732422,8.190350532531738
0,41,2815.890869140625,25179.048828125,9.932861328125,17.450275421142578,8.849320411682129
0,42,3495.6298828125,32131.515625,9.415946960449219,19.760540008544922,10.98795223236084
0,43,2231.23779296875,19634.48828125,8.926298141479492,14.271951675415039,9.068785667419434
0,44,2474.478271484375,21860.107421875,9.615586280822754,15.665613174438477,9.332682609558105
0,45,2556.79345703125,22613.51953125,9.848045349121094,16.56760025024414,8.21556568145752
0,46,2714.13671875,24704.822265625,8.121821403503418,15.827813148498535,9.739826202392578
0,47,2822.022216796875,25038.009765625,10.607375144958496,14.84238052368164,12.054771423339844
0,48,2721.470947265625,24956.814453125,7.526320457458496,17.542739868164062,9.072383880615234
0,49,3083.472412109375,28885.607421875,6.4970502853393555,16.73720932006836,12.884849548339844
0,50,2476.81005859375,21209.7890625,11.861032485961914,13.91789722442627,10.881561279296875
0,51,2249.3408203125,19241.796875,10.838705062866211,15.345213890075684,7.645965576171875
0,52,2568.463134765625,23778.90625,6.352417469024658,16.404802322387695,8.407822608947754
0,53,2972.81396484375,27534.84375,7.3109822273254395,16.3065242767334,12.427511215209961
0,54,2467.927490234375,22089.958984375,8.631052017211914,15.437063217163086,10.02144718170166
0,55,2695.42529296875,24408.76171875,8.484968185424805,17.233877182006836,8.878389358520508
0,56,2657.835205078125,24655.734375,6.408722877502441,17.830354690551758,8.395767211914062
0,57,2155.086669921875,19215.51953125,7.784492492675781,13.928297996520996,8.452109336853027
0,58,2426.47021484375,21637.220703125,8.758264541625977,14.661599159240723,10.884822845458984
0,59,1587.962158203125,13060.625,9.396656036376953,12.546178817749023,5.347541809082031
0,60,2993.677734375,27048.935546875,9.626141548156738,16.748123168945312,11.781891822814941
0,61,2447.825927734375,22289.78125,7.294924259185791,15.42135238647461,10.129223823547363
0,62,1776.863037109375,15497.6416015625,7.569960594177246,10.86502742767334,10.021158218383789
0,63,2001.1842041015625,17720.1953125,7.638823986053467,11.730337142944336,10.52132511138916
0,64,2971.543701171875,26472.21875,10.810724258422852,18.344776153564453,8.184530258178711
0,65,2491.80712890625,22633.837890625,7.614108085632324,15.771349906921387,9.971719741821289
0,66,2853.439697265625,25918.072265625,8.721076965332031,16.136844635009766,10.72433853149414
0,67,2113.816162109375,18572.4296875,8.552434921264648,14.064722061157227,7.4647674560546875
0,68,2215.281494140625,19719.49609375,8.11106014251709,13.362963676452637,9.100558280944824
0,69,2638.8974609375,24168.298828125,7.402251243591309,16.043542861938477,10.187975883483887
0,70,2475.98095703125,22350.8125,8.029991149902344,14.41957950592041,11.211929321289062
0,71,2518.333740234375,22559.392578125,8.746480941772461,13.862513542175293,11.16636848449707
0,72,2618.45166015625,23664.763671875,8.399181365966797,14.72590446472168,11.64230728149414
0,73,2422.775634765625,22198.0703125,6.765616416931152,16.14413070678711,8.570443153381348
0,74,2761.116455078125,25328.767578125,7.607994079589844,17.082548141479492,8.70408821105957
0,75,2706.9072265625,24924.529296875,7.148477554321289,15.735050201416016,11.616022109985352
0,76,2585.9033203125,23891.71484375,6.557724952697754,16.60927391052246,9.578033447265625
0,77,2559.42236328125,23216.3125,7.926363468170166,14.707398414611816,10.783906936645508
0,78,2764.9130859375,25512.662109375,7.121555328369141,13.847328186035156,13.56956958770752
0,79,2925.330078125,27611.796875,5.471677303314209,16.883468627929688,12.151606559753418
0,80,2614.7431640625,24023.693359375,7.079123497009277,15.690994262695312,10.64775276184082
0,81,2603.90087890625,24017.673828125,6.737782955169678,15.302351951599121,11.433939933776855
0,82,2724.353759765625,24853.16015625,7.967918395996094,15.177420616149902,11.582139015197754
0,83,3163.4658203125,28859.28125,9.251253128051758,18.210939407348633,10.544052124023438
0,84,2496.736083984375,22845.32421875,7.073450088500977,14.399528503417969,10.480978965759277
0,85,2688.539794921875,23988.701171875,9.655654907226562,16.76122283935547,9.788259506225586
0,86,2781.015869140625,24984.64453125,9.418378829956055,15.554638862609863,11.018340110778809
0,87,2503.1806640625,22750.46875,7.604458332061768,15.138484954833984,10.681011199951172
0,88,2374.643798828125,21308.828125,8.125368118286133,13.992145538330078,10.326783180236816
0,89,2292.955810546875,21087.611328125,6.139822006225586,15.078445434570312,9.005295753479004
0,90,2131.79248046875,19199.82421875,7.060335636138916,13.541519165039062,8.883915901184082
0,91,2325.95458984375,21353.23828125,6.354349613189697,14.019393920898438,11.227437019348145
0,92,2929.90185546875,26582.1171875,9.056340217590332,17.50888442993164,9.914823532104492
0,93,2386.04638671875,21649.5703125,7.369645118713379,15.880767822265625,8.913784980773926
0,94,1609.7919921875,14207.3671875,6.301843643188477,10.782697677612305,9.113984107971191
0,95,2466.424560546875,22391.2265625,7.576726913452148,14.05548095703125,10.54516887664795
0,96,2681.936279296875,24318.8359375,8.335092544555664,16.428726196289062,9.851773262023926
0,97,2487.207763671875,22891.6640625,6.601376533508301,13.47152328491211,12.35470962524414
0,98,2703.880859375,25034.50390625,6.681009769439697,15.408872604370117,10.875624656677246
0,99,2727.5390625,25167.515625,7.026246070861816,16.3431453704834,10.00123119354248
0,100,2152.91650390625,19513.9921875,6.717238426208496,15.522993087768555,6.539181709289551
0,101,2017.055419921875,18323.625,6.156428337097168,12.222861289978027,9.746736526489258
0,102,2254.696044921875,20470.25,6.922366619110107,14.736738204956055,9.071529388427734
0,103,2202.948486328125,20189.46875,6.133387088775635,14.110031127929688,9.1467924118042
0,104,2491.2392578125,23048.47265625,6.2130584716796875,14.415959358215332,11.996511459350586
0,105,2094.47900390625,18823.95703125,7.0694379806518555,14.488520622253418,8.061406135559082
0,106,2664.216064453125,24288.015625,7.847151279449463,16.31320571899414,9.868650436401367
0,107,2625.86962890625,24627.17578125,5.43840217590332,15.851434707641602,11.102956771850586
0,108,2222.673095703125,20604.0859375,5.408814430236816,13.25702953338623,10.551246643066406
0,109,2863.33837890625,26654.0703125,6.597711563110352,15.056591987609863,12.925004959106445
0,110,2435.46240234375,22231.6484375,7.076584339141846,16.40369987487793,8.486210823059082
0,111,2141.15478515625,19120.798828125,7.63582706451416,14.161576271057129,7.0007781982421875
0,112,2683.4111328125,25164.150390625,5.5665388107299805,16.888708114624023,10.501846313476562
0,113,2330.291015625,21354.505859375,6.4946770668029785,12.578282356262207,11.407705307006836
0,114,2548.7685546875,23636.0859375,6.171995639801025,15.657156944274902,9.792372703552246
0,115,2509.874755859375,23041.392578125,6.857843399047852,14.183670043945312,10.72142505645752
0,116,2485.1240234375,22756.154296875,6.983617782592773,15.717350006103516,8.671308517456055
0,117,2905.9013671875,27215.1875,6.146089553833008,17.236557006835938,11.320627212524414
0,118,2133.874267578125,19458.953125,6.265960216522217,14.951181411743164,8.607722282409668
0,119,2281.35693359375,20906.271484375,6.357657432556152,15.148426055908203,7.854599952697754
0,120,2489.153076171875,23114.01953125,5.925032138824463,16.5628662109375,8.817388534545898
0,121,2746.670654296875,25398.568359375,6.8937883377075195,15.279378890991211,11.471817970275879
0,122,2531.958251953125,23429.51953125,6.300212860107422,16.141891479492188,9.517008781433105
0,123,2868.932861328125,26440.857421875,7.494909286499023,15.365959167480469,12.370036125183105
0,124,2403.60888671875,22037.806640625,6.660937786102295,14.52499771118164,9.990313529968262
0,125,2808.58740234375,26245.796875,6.133588790893555,16.262144088745117,11.239304542541504
0,126,2950.5087890625,27458.87109375,6.820722579956055,15.774087905883789,12.435007095336914
0,127,2012.36962890625,17924.01953125,7.332257270812988,13.78353500366211,7.543882369995117
0,128,2047.5205078125,18637.470703125,6.125783443450928,12.246627807617188,9.747339248657227
0,129,2008.5628662109375,17616.00390625,8.23207950592041,12.952253341674805,8.549999237060547
0,130,1904.493896484375,17118.6640625,6.420915126800537,12.53150749206543,9.44661808013916
0,131,1964.3804931640625,17820.451171875,6.077845096588135,14.593198776245117,6.775891304016113
0,132,2716.66845703125,25317.556640625,6.163764953613281,15.421422958374023,11.855733871459961
0,133,2671.05517578125,24130.0859375,8.601552963256836,16.28478240966797,9.097001075744629
0,134,2441.5419921875,22603.912109375,6.03835391998291,15.335895538330078,9.277687072753906
0,135,1893.1148681640625,16833.79296875,6.99118709564209,11.228009223937988,9.585508346557617
0,136,2353.95751953125,21527.84765625,6.7057576179504395,15.6502103805542,9.610301971435547
0,137,2530.045166015625,23305.30078125,6.6505022048950195,15.79984188079834,9.418241500854492
0,138,2335.02685546875,21452.05859375,6.327366352081299,15.41995906829834,9.198726654052734
0,139,2316.67578125,20893.130859375,7.578752517700195,13.081619262695312,10.5245361328125
0,140,2067.71240234375,18276.41796875,8.002355575561523,14.878323554992676,7.627004623413086
0,141,2816.59716796875,26299.36328125,6.222030162811279,16.40182876586914,11.144708633422852
0,142,2345.97509765625,21137.0859375,7.742209434509277,14.115633010864258,9.56725025177002
0,143,2294.5048828125,21198.341796875,5.8223557472229,14.512228012084961,9.80846881866455
0,144,2333.227294921875,21488.3984375,6.146245956420898,14.865437507629395,8.847572326660156
0,145,2038.9783935546875,18506.759765625,6.276744842529297,13.727306365966797,8.615479469299316
0,146,2240.171630859375,20291.6875,7.033430099487305,14.683561325073242,9.203803062438965
0,147,2919.65771484375,27231.265625,6.551031112670898,18.440616607666016,9.414983749389648
0,148,2189.733154296875,20007.490234375,6.2994704246521,13.780012130737305,9.862183570861816
0,149,2894.68701171875,26603.87890625,7.809972763061523,17.95330810546875,9.620704650878906
0,150,1850.53759765625,16663.935546875,6.138134479522705,12.006844520568848,9.419866561889648
0,151,2572.79150390625,23783.58984375,6.481077194213867,15.882709503173828,9.94951057434082
0,152,1992.7388916015625,17780.7109375,7.155592441558838,13.383418083190918,8.798274993896484
0,153,2939.5947265625,26767.44140625,8.761682510375977,17.15796661376953,11.095162391662598
0,154,2433.576904296875,21770.486328125,8.550947189331055,15.94271183013916,9.020881652832031
0,155,2265.4169921875,20978.8203125,5.584501266479492,14.71660327911377,8.293270111083984
0,156,2344.36376953125,21472.763671875,6.569580554962158,15.293100357055664,9.623346328735352
0,157,2432.05322265625,22297.69921875,6.742774963378906,15.930008888244629,9.346833229064941
0,158,2545.966552734375,23681.759765625,5.9263505935668945,16.33478546142578,10.048089027404785
0,159,2004.408447265625,18032.248046875,6.70612096786499,13.842765808105469,8.315621376037598
0,160,2684.575927734375,25330.29296875,5.0515546798706055,15.734046936035156,12.014357566833496
0,161,2564.90478515625,23770.25,6.2626543045043945,15.650372505187988,10.529013633728027
0,162,2059.19921875,18972.57421875,5.3980631828308105,13.448212623596191,10.209561347961426
0,163,2493.25244140625,23078.552734375,6.179905891418457,15.787799835205078,9.386454582214355
0,164,2815.8115234375,26314.64453125,6.144894599914551,16.560710906982422,10.115514755249023
0,165,2779.096923828125,25809.53515625,6.604776859283447,15.323017120361328,12.485525131225586
0,166,2257.133544921875,20682.494140625,6.296131134033203,12.427166938781738,11.363564491271973
0,167,2563.78955078125,23691.73046875,6.487213611602783,16.967914581298828,9.005911827087402
0,168,2038.130859375,18593.951171875,5.957859039306641,13.966331481933594,9.192790031433105
0,169,2028.251953125,18474.900390625,6.025396347045898,14.4181547164917,7.650531768798828
0,170,2335.34912109375,21497.314453125,6.187252044677734,14.367138862609863,8.918658256530762
0,171,2335.704345703125,21797.03125,5.200040817260742,16.343645095825195,7.812511444091797
0,172,3131.4296875,29525.58984375,5.9623541831970215,18.298194885253906,12.067537307739258
0,173,2558.73486328125,24000.05859375,5.290966033935547,16.161901473999023,10.975335121154785
0,174,2285.430908203125,21119.0859375,5.784074783325195,14.559858322143555,9.640471458435059
0,175,2895.83349609375,27098.39453125,6.199792861938477,16.43669319152832,11.615513801574707
0,176,2534.814208984375,23781.857421875,5.220948696136475,16.22651481628418,9.19577693939209
0,177,2590.603515625,23829.4921875,6.921806335449219,14.383561134338379,11.981040000915527
0,178,2236.58984375,20597.05078125,5.89616060256958,15.627717018127441,8.539299011230469
0,179,2244.205322265625,20532.71484375,6.364457607269287,15.927691459655762,7.171341896057129
0,180,2753.25634765625,25897.4453125,5.450387954711914,17.1778507232666,10.225016593933105
0,181,3018.097900390625,28099.060546875,6.939732074737549,18.188106536865234,9.195049285888672
0,182,2931.874755859375,27342.0078125,6.589125633239746,16.742399215698242,10.817389488220215
0,183,3486.49853515625,33031.20703125,6.112593650817871,19.378875732421875,11.370997428894043
0,184,2272.39892578125,21012.75390625,5.704119682312012,15.747859001159668,8.048471450805664
0,185,2476.20458984375,23053.1875,5.696194648742676,16.07229232788086,9.865401268005371
0,186,2326.69921875,21549.48046875,5.72504186630249,14.361597061157227,8.873132705688477
0,187,2341.005615234375,21961.50390625,4.828507423400879,14.838373184204102,10.121545791625977
0,188,2198.4697265625,20227.203125,5.858309745788574,13.418540954589844,10.2363862991333
0,189,2324.630859375,21412.830078125,6.11159610748291,14.01821517944336,10.586572647094727
0,190,2359.1552734375,21990.80078125,5.335843563079834,13.084982872009277,10.632256507873535
0,191,2416.64111328125,22095.4296875,6.9032745361328125,14.997529029846191,8.513361930847168
0,192,2566.691162109375,24065.17578125,5.339122772216797,16.498991012573242,9.687926292419434
0,193,1975.02001953125,17896.201171875,6.179995059967041,13.575737953186035,8.34553337097168
0,194,2929.9853515625,27447.224609375,6.175428867340088,18.341079711914062,9.193153381347656
0,195,2261.7412109375,20857.396484375,5.866715908050537,14.861618041992188,9.297335624694824
0,196,2786.843017578125,26093.806640625,5.915417194366455,15.91049575805664,11.704985618591309
0,197,2454.97216796875,23124.57421875,4.750492095947266,16.49600601196289,9.84206771850586
0,198,2684.1318359375,25349.875,4.971478462219238,16.029708862304688,10.208450317382812
0,199,2066.61279296875,18882.66015625,5.94489049911499,13.84042739868164,9.462288856506348
0,200,2671.45263671875,24796.9375,6.391960144042969,15.77624225616455,10.117673873901367
0,201,2414.48095703125,22457.841796875,5.62322998046875,13.691352844238281,11.46231460571289
0,202,1556.671630859375,14020.7109375,5.153350353240967,10.468205451965332,8.897415161132812
0,203,2482.7724609375,22841.43359375,6.620972156524658,13.773392677307129,11.35089111328125
0,204,2454.480224609375,23005.462890625,5.131125450134277,15.872784614562988,9.89583969116211
0,205,2532.550537109375,23604.9140625,5.7353057861328125,15.443013191223145,10.403975486755371
0,206,2832.700927734375,26334.703125,6.64101505279541,16.625404357910156,10.487119674682617
0,207,2366.269775390625,22185.5546875,4.923809051513672,14.73511791229248,10.306930541992188
0,208,2559.03759765625,23756.390625,6.113279342651367,14.74493408203125,11.379711151123047
0,209,2760.3369140625,25750.263671875,6.1770219802856445,16.413406372070312,10.670628547668457
0,210,2202.483642578125,20135.08984375,6.2991509437561035,14.584281921386719,9.195394515991211
0,211,2826.958984375,26689.228515625,5.2678728103637695,16.350126266479492,11.251307487487793
0,212,2386.29150390625,22179.16015625,5.612517833709717,15.346552848815918,9.029109001159668
0,213,2678.53271484375,24959.12890625,6.08732795715332,16.20733642578125,10.213030815124512
0,214,1821.188720703125,16693.244140625,5.062143325805664,11.475015640258789,9.46346378326416
0,215,2217.17724609375,20625.55859375,5.154048919677734,14.123800277709961,9.971305847167969
0,216,2523.93310546875,23624.369140625,5.383205890655518,15.105365753173828,10.069491386413574
0,217,2359.516357421875,21188.91796875,8.020814895629883,12.631622314453125,11.44485855102539
0,218,2173.918701171875,19478.0625,7.537081241607666,14.294330596923828,8.77902603149414
0,219,2415.501220703125,22663.521484375,4.971627235412598,16.219642639160156,8.256913185119629
0,220,2344.45556640625,21751.50390625,5.64350700378418,14.4487943649292,11.081144332885742
0,221,1915.55419921875,17356.4765625,5.996881484985352,11.929986953735352,9.361625671386719
0,222,2288.614501953125,21169.8359375,5.721030235290527,14.908088684082031,8.258191108703613
0,223,2245.493896484375,20955.26953125,4.998891830444336,13.786701202392578,11.116255760192871
0,224,2893.258056640625,27367.03515625,5.218480110168457,15.944818496704102,11.993645668029785
0,225,2468.667236328125,23054.853515625,5.439395904541016,16.337791442871094,9.496391296386719
0,226,2074.41064453125,18964.263671875,5.932811737060547,13.34389877319336,7.932986259460449
0,227,2676.47998046875,24899.80078125,6.2166619300842285,17.355823516845703,9.1148042678833
0,228,2208.55224609375,20411.904296875,5.578726768493652,15.011407852172852,8.744016647338867
0,229,2827.085693359375,26601.94140625,5.563056945800781,16.52524185180664,11.483930587768555
0,230,2140.93798828125,19844.619140625,5.2158732414245605,14.359451293945312,9.202424049377441
0,231,2720.21533203125,25744.54296875,4.858696937561035,17.63149070739746,10.076252937316895
0,232,2395.26806640625,22341.81640625,5.3695478439331055,15.077493667602539,10.361143112182617
0,233,2581.89013671875,24057.5390625,5.871203422546387,15.412606239318848,10.174219131469727
0,234,2178.72021484375,20193.83203125,5.3112335205078125,12.748971939086914,11.255609512329102
0,235,1977.56201171875,18091.708984375,5.613038063049316,12.360366821289062,10.360602378845215
0,236,2966.3935546875,28120.80859375,5.1437578201293945,16.968908309936523,11.105752944946289
0,237,2446.400390625,22694.734375,5.897565841674805,13.331718444824219,12.410209655761719
0,238,1845.148193359375,16644.216796875,6.024212837219238,13.815230369567871,7.209806442260742
0,239,2653.631591796875,24909.15234375,5.423879146575928,15.295450210571289,11.588319778442383
0,240,3014.534912109375,28358.76953125,5.955268859863281,18.477067947387695,10.785307884216309
0,241,2538.927490234375,23502.5234375,6.289170265197754,15.398787498474121,10.31740665435791
0,242,2811.23291015625,26704.380859375,4.693159103393555,17.716655731201172,9.75779914855957
0,243,2632.59375,24827.115234375,4.996071815490723,13.904004096984863,12.571955680847168
0,244,2331.022216796875,21549.029296875,5.870635986328125,12.828559875488281,12.182923316955566
0,245,2277.4873046875,21175.09375,5.332591533660889,16.312328338623047,8.088046073913574
0,246,2172.206787109375,20164.82421875,5.190813064575195,12.414143562316895,10.935904502868652
0,247,2298.16845703125,21449.68359375,5.106663703918457,14.028999328613281,10.240286827087402
0,248,2467.6513671875,23034.6015625,5.4730424880981445,14.557251930236816,10.367446899414062
0,249,2132.434326171875,19572.611328125,5.839109420776367,15.375626564025879,6.96442985534668
0,250,1999.9527587890625,18473.62890625,5.086326599121094,14.232680320739746,8.398591041564941
0,251,2934.16845703125,27296.37109375,6.81771183013916,17.920703887939453,9.219000816345215
0,252,2037.63232421875,18646.46484375,5.766196250915527,13.142745971679688,10.013890266418457
0,253,2932.918701171875,27853.96484375,4.9174089431762695,14.746489524841309,13.1701078414917
0,254,2536.178955078125,23890.640625,4.903825759887695,16.313838958740234,9.857274055480957
0,255,1983.81298828125,18213.1796875,5.416499137878418,13.472789764404297,8.706932067871094
0,256,2499.830078125,23276.98828125,5.737701416015625,15.330328941345215,10.716031074523926
0,257,3045.081298828125,28857.63671875,5.310585021972656,17.198781967163086,12.087250709533691
0,258,2957.867919921875,27984.275390625,5.314681529998779,15.949691772460938,12.792313575744629
0,259,2683.67626953125,25373.751953125,4.876702308654785,16.514057159423828,9.52837085723877
0,260,2459.62646484375,22954.5390625,5.472418785095215,17.027870178222656,8.103466987609863
0,261,2156.464599609375,19923.76953125,5.4695844650268555,14.253019332885742,9.005077362060547
0,262,2516.248291015625,23630.275390625,5.107357025146484,15.85389232635498,10.723591804504395
0,263,2042.6055908203125,18811.55078125,5.381680011749268,13.794024467468262,9.002741813659668
0,264,2559.904296875,23911.296875,5.625822067260742,14.956003189086914,11.409873962402344
0,265,2183.14599609375,20141.24609375,5.6340460777282715,12.68677043914795,10.44628620147705
0,266,2420.03662109375,22666.2734375,5.113642692565918,16.469188690185547,8.957837104797363
0,267,2595.597412109375,24144.513671875,6.038199424743652,16.291370391845703,9.270743370056152
0,268,2558.178955078125,23886.00390625,5.652623176574707,14.418519973754883,11.584329605102539
0,269,2387.195068359375,22513.185546875,4.52921199798584,14.034832000732422,11.632340431213379
0,270,2393.737548828125,22509.392578125,4.759947776794434,14.992260932922363,9.224780082702637
0,271,2380.84033203125,22277.033203125,5.104567527770996,14.269356727600098,10.848518371582031
0,272,2182.941650390625,20313.90625,5.051700592041016,12.89173698425293,11.056809425354004
0,273,2478.928955078125,23193.236328125,5.320176124572754,13.53176498413086,11.235664367675781
0,274,2382.8837890625,22003.8828125,6.0831756591796875,15.74714469909668,9.336424827575684
0,275,2421.00927734375,22658.7421875,5.171164512634277,14.373777389526367,10.985847473144531
0,276,2007.151611328125,18601.953125,4.898542404174805,11.349457740783691,10.725643157958984
0,277,2549.6669921875,24117.544921875,4.59707498550415,15.13602066040039,11.819665908813477
0,278,2788.658447265625,26393.08203125,4.978334426879883,16.687686920166016,10.943385124206543
0,279,2718.833251953125,25564.875,5.411524772644043,14.519946098327637,12.963401794433594
0,280,2690.235107421875,25541.00390625,4.537827968597412,16.30978775024414,9.027514457702637
0,281,2290.235595703125,21161.490234375,5.802879810333252,13.969943046569824,10.243982315063477
0,282,2936.014892578125,27788.802734375,5.237818717956543,18.440427780151367,9.27376651763916
0,283,2425.890380859375,22661.91015625,5.323310375213623,14.47663688659668,10.410743713378906
0,284,1959.30126953125,18071.048828125,5.073213577270508,14.355125427246094,7.3603668212890625
0,285,2381.0771484375,22134.337890625,5.588111877441406,14.74848747253418,10.796355247497559
0,286,2184.184814453125,20368.091796875,4.9125213623046875,14.43082046508789,9.010899543762207
0,287,2416.765869140625,22508.6015625,5.530191898345947,14.147521018981934,10.76066780090332
0,288,2281.92138671875,21281.041015625,5.127240180969238,14.557453155517578,9.15121078491211
0,289,1957.4608154296875,18235.587890625,4.4633989334106445,14.426015853881836,7.396370887756348
0,290,2703.462890625,25437.12109375,5.3250274658203125,16.438074111938477,10.6317777633667
0,291,2071.622314453125,18874.359375,6.139548301696777,15.450555801391602,6.594496726989746
0,292,2328.212890625,21688.84375,5.310943126678467,15.200716018676758,9.093297958374023
0,293,2482.22998046875,22981.669921875,6.13543176651001,14.498802185058594,10.510183334350586
0,294,2555.43408203125,23994.1875,5.2005157470703125,15.353530883789062,10.436333656311035
0,295,1938.0343017578125,17432.08984375,6.49417781829834,12.39526653289795,8.826943397521973
0,296,2154.250244140625,19984.6015625,5.193002700805664,12.850696563720703,10.011258125305176
0,297,2647.6796875,25054.271484375,4.7417449951171875,14.476008415222168,11.95388126373291
0,298,2107.489013671875,19360.724609375,5.713885307312012,13.016347885131836,8.794591903686523
0,299,1851.7498779296875,16923.310546875,5.313959121704102,14.061418533325195,6.7030134201049805
0,300,2110.9853515625,19715.3046875,4.648494720458984,14.793584823608398,8.045987129211426
0,301,2320.865234375,21636.033203125,5.242063522338867,13.387273788452148,10.629260063171387
0,302,2600.342041015625,24387.81640625,5.385342597961426,15.5609712600708,10.651914596557617
0,303,2639.74951171875,24726.9375,5.568521499633789,16.842241287231445,8.773028373718262
0,304,2156.453857421875,20106.78515625,4.8591742515563965,14.267595291137695,8.737977027893066
0,305,2429.65625,22779.5,5.056875705718994,13.924398422241211,11.509546279907227
0,306,2195.525634765625,20527.119140625,4.760458946228027,12.482867240905762,11.7308988571167
0,307,2503.99658203125,23341.69140625,5.660916328430176,14.688297271728516,11.38525104522705
0,308,1802.772705078125,16510.783203125,5.056476593017578,11.69074821472168,9.544447898864746
0,309,2389.13037109375,22301.12890625,5.300575256347656,14.302029609680176,9.62881851196289
0,310,2297.113525390625,21543.20703125,4.759758949279785,15.905927658081055,7.378464698791504
0,311,2258.95751953125,20787.953125,6.005404472351074,14.42758560180664,8.642525672912598
0,312,2377.336669921875,22169.4453125,5.346403121948242,14.21412181854248,9.739800453186035
0,313,1685.375,14947.1669921875,6.355278491973877,12.619466781616211,6.431707382202148
0,314,2750.975341796875,26301.85546875,4.0263261795043945,14.399279594421387,13.403780937194824
0,315,2377.821044921875,22325.65234375,4.841859817504883,15.584659576416016,9.06495475769043
0,316,2429.794921875,22830.755859375,4.890644073486328,15.285919189453125,9.468143463134766
0,317,2629.85546875,24667.171875,5.437942028045654,16.38404083251953,10.210906028747559
0,318,2503.300048828125,23668.92578125,4.5469136238098145,14.766395568847656,11.06346607208252
0,319,2400.45703125,22313.689453125,5.636270523071289,12.469200134277344,12.319563865661621
0,320,2347.30810546875,22006.4765625,4.888681411743164,14.095206260681152,10.491558074951172
0,321,2146.4599609375,20010.888671875,4.845700263977051,14.295127868652344,9.10717487335205
0,322,3030.97607421875,28919.2421875,4.635056018829346,15.478015899658203,14.142675399780273
0,323,2130.89306640625,19888.94140625,4.733297348022461,15.077567100524902,7.879518508911133
0,324,2525.275390625,23754.2734375,4.994929313659668,16.145584106445312,9.606185913085938
0,325,2514.104736328125,23367.6171875,5.911434650421143,13.056636810302734,12.014290809631348
0,326,1971.9476318359375,17899.494140625,6.066606044769287,13.592132568359375,7.655004501342773
0,327,2493.304931640625,23250.76953125,5.607598304748535,15.90475845336914,8.931668281555176
0,328,2632.06689453125,24884.38671875,4.787608623504639,14.60416030883789,11.54985523223877
0,329,2440.306884765625,22759.7890625,5.477592945098877,16.37848663330078,8.52318000793457
0,330,2272.878662109375,21184.892578125,5.146309852600098,15.506820678710938,9.316166877746582
0,331,2444.28076171875,23125.03125,4.392588138580322,15.262561798095703,8.98723030090332
0,332,2056.63671875,19140.890625,4.751587867736816,14.558582305908203,7.735285758972168
0,333,2839.063232421875,26879.3515625,5.037594795227051,16.040611267089844,11.000694274902344
0,334,2805.861328125,26463.0625,5.3184943199157715,15.882373809814453,11.142271995544434
0,335,1875.7132568359375,17305.236328125,4.839652061462402,12.371389389038086,8.999615669250488
0,336,2030.7742919921875,18765.0625,5.142267227172852,13.12147331237793,9.375141143798828
0,337,2441.368408203125,22903.53125,5.033841609954834,15.671030044555664,8.687271118164062
0,338,2643.31103515625,24957.6171875,4.918312072753906,16.012203216552734,10.404504776000977
0,339,2368.23876953125,22089.232421875,5.310511112213135,14.275705337524414,9.888473510742188
0,340,1684.3734130859375,15331.1318359375,5.0420098304748535,12.839628219604492,6.870053291320801
0,341,2318.738525390625,21492.15234375,5.650776386260986,13.874482154846191,10.437246322631836
0,342,2514.826171875,23687.921875,4.867795467376709,14.383075714111328,10.923540115356445
0,343,1980.87353515625,17933.97265625,6.249204635620117,11.927325248718262,9.2846040725708
0,344,1803.412109375,16200.6640625,6.11152458190918,12.580516815185547,7.83026123046875
0,345,2431.7294921875,22876.669921875,4.802084922790527,15.222854614257812,9.4751558303833
0,346,2278.84033203125,21349.46484375,4.796462059020996,13.932055473327637,10.225919723510742
0,347,2970.80712890625,27918.703125,5.964555740356445,18.518814086914062,8.77649974822998
0,348,1964.779541015625,18083.306640625,5.214961051940918,12.079547882080078,9.45315933227539
0,349,2115.26611328125,19685.0859375,4.891912460327148,13.615056037902832,9.023601531982422
0,350,2651.355712890625,25071.609375,4.806494235992432,15.328551292419434,10.60803508758545
0,351,2422.97265625,22763.919921875,4.886019229888916,14.741275787353516,9.926085472106934
0,352,2782.825927734375,26468.095703125,4.533875942230225,16.937875747680664,10.143289566040039
0,353,1874.3460693359375,17140.576171875,5.342949867248535,12.347610473632812,8.893983840942383
0,354,1843.3363037109375,17053.744140625,4.598731517791748,13.120034217834473,7.662936210632324
0,355,2719.549560546875,25791.552734375,4.679807186126709,16.103601455688477,11.05849838256836
0,356,2204.083740234375,20582.34375,4.8616437911987305,12.934196472167969,10.162897109985352
0,357,2394.646484375,22398.26171875,5.160673141479492,15.242364883422852,8.594637870788574
0,358,1609.222900390625,14575.8828125,5.054487228393555,11.365108489990234,7.602555274963379
0,359,3133.937744140625,29796.05078125,5.144416809082031,15.650075912475586,13.590426445007324
0,360,2255.703125,21148.51171875,4.695058822631836,13.514344215393066,10.48377799987793
0,361,2354.8125,22166.2734375,4.606168270111084,13.489917755126953,11.074753761291504
0,362,2869.642578125,27330.88671875,4.551802635192871,14.970050811767578,13.217836380004883
0,363,2213.69140625,20687.013671875,4.833000183105469,14.075109481811523,8.472906112670898
0,364,2185.928466796875,20322.439453125,5.1228179931640625,11.684557914733887,12.1942720413208
0,365,2604.295654296875,24608.98828125,4.779892921447754,15.39615249633789,10.75841236114502
0,366,1996.0308837890625,18450.265625,5.033475875854492,12.320859909057617,9.242286682128906
0,367,2407.7294921875,22637.830078125,4.798215866088867,14.563393592834473,9.92140007019043
0,368,2243.102783203125,20847.412109375,5.278721809387207,14.31003475189209,9.28186321258545
0,369,2419.3193359375,22726.5625,4.888765335083008,14.443077087402344,10.928739547729492
0,370,2198.723388671875,20637.35546875,4.499593734741211,13.418132781982422,10.121414184570312
0,371,2241.22802734375,21154.87109375,4.191368103027344,14.26369571685791,10.174309730529785
0,372,2636.279052734375,24764.796875,5.326643466949463,13.651153564453125,12.265654563903809
0,373,2146.27392578125,20129.921875,4.442725658416748,12.97011947631836,10.235681533813477
0,374,2374.382080078125,21836.07421875,6.359158039093018,13.546834945678711,11.100271224975586
0,375,2951.29931640625,27812.37109375,5.668745040893555,17.993566513061523,10.121273040771484
0,376,2316.24169921875,21877.177734375,4.2841267585754395,13.424180030822754,10.937450408935547
0,377,2156.81201171875,20261.35546875,4.355881690979004,14.043472290039062,9.68951416015625
0,378,2262.028076171875,21221.29296875,4.6632914543151855,13.254150390625,10.34868049621582
0,379,2208.162353515625,20601.501953125,4.933737754821777,14.767044067382812,8.671080589294434
0,380,3188.109130859375,30511.37109375,4.565734386444092,17.469463348388672,11.352899551391602
0,381,2597.3134765625,24423.853515625,5.164266586303711,16.340648651123047,9.609820365905762
0,382,2288.5244140625,21365.01171875,5.0674357414245605,13.098821640014648,11.413704872131348
0,383,2329.4091796875,21661.265625,5.4427490234375,12.693861961364746,10.848678588867188
0,384,2240.24560546875,20997.07421875,4.684603214263916,13.702251434326172,10.367058753967285
0,385,2218.8935546875,20710.431640625,4.928343772888184,14.911687850952148,8.494263648986816
0,386,2786.76513671875,26398.4140625,4.897453784942627,15.143346786499023,11.90970516204834
0,387,2077.25537109375,19347.365234375,4.75062370300293,13.256956100463867,9.724775314331055
0,388,2437.218505859375,23115.212890625,4.189907073974609,15.296019554138184,11.339341163635254
0,389,2480.680419921875,23515.6640625,4.303799629211426,14.432136535644531,12.105193138122559
0,390,1915.250244140625,17501.47265625,5.503427982330322,13.248167991638184,8.178174018859863
0,391,2087.835693359375,19655.58203125,4.075917720794678,12.816627502441406,9.761648178100586
0,392,2386.015380859375,22330.923828125,5.0974273681640625,13.87862777709961,10.77676773071289
0,393,2432.08935546875,22850.1484375,4.902479648590088,16.01565933227539,8.838595390319824
0,394,2234.0107421875,20759.9453125,5.267205238342285,13.764629364013672,10.117156982421875
0,395,1769.8363037109375,16370.205078125,4.427193641662598,11.893829345703125,8.747933387756348
0,396,2949.6865234375,28127.587890625,4.5642595291137695,16.50755500793457,11.763710975646973
0,397,2261.238525390625,21136.255859375,4.92042350769043,15.547334671020508,8.17474365234375
0,398,2175.3720703125,20517.134765625,4.121947288513184,13.231768608093262,11.08552360534668
0,399,2384.360107421875,22327.24609375,5.05451774597168,16.245559692382812,8.157526969909668
0,400,2078.47705078125,19389.166015625,4.652016639709473,11.721672058105469,10.135473251342773
0,401,1824.1461181640625,16881.56640625,4.532984256744385,11.785999298095703,9.877689361572266
0,402,2657.071533203125,25178.5078125,4.640693664550781,16.739131927490234,10.196887969970703
0,403,2775.03759765625,26293.6328125,4.855812072753906,17.086875915527344,10.262070655822754
0,404,2364.8330078125,21874.515625,5.912707328796387,14.675317764282227,8.891918182373047
0,405,2491.53955078125,23537.76953125,4.592084884643555,14.361408233642578,10.871533393859863
0,406,2304.51220703125,21546.19921875,4.996413230895996,14.6537504196167,9.271446228027344
0,407,2123.34716796875,19774.322265625,4.863831520080566,13.051620483398438,9.666570663452148
0,408,2553.2421875,24195.115234375,4.457688331604004,14.966269493103027,10.84276008605957
0,409,2469.549072265625,23455.650390625,4.132795810699463,14.173824310302734,11.030746459960938
0,410,2303.48291015625,21752.16015625,4.275561332702637,13.304601669311523,10.283537864685059
0,411,2765.29443359375,26301.4453125,4.504998207092285,14.584390640258789,13.332839012145996
0,412,2231.79541015625,21127.001953125,3.969839096069336,13.649280548095703,10.33586311340332
0,413,2607.2568359375,24634.66015625,4.793024063110352,15.548578262329102,10.391011238098145
0,414,1908.4541015625,17753.931640625,4.435362815856934,12.279088020324707,8.526752471923828
0,415,2306.22314453125,21703.873046875,4.527857780456543,14.29695987701416,9.86202621459961
0,416,2395.3408203125,22560.095703125,4.644376277923584,13.322149276733398,11.987041473388672
0,417,2433.17138671875,22793.92578125,5.1259589195251465,13.546379089355469,12.235760688781738
0,418,2620.17578125,24847.8671875,4.512965202331543,15.85038948059082,10.606091499328613
0,419,2243.3203125,21059.677734375,4.5784196853637695,14.303958892822266,9.450573921203613
0,420,2195.25830078125,20664.232421875,4.294501304626465,14.186098098754883,9.493419647216797
0,421,1838.802734375,17115.671875,4.241180419921875,14.907026290893555,6.69635009765625
0,422,2498.08251953125,23567.2578125,4.711886405944824,13.29808235168457,12.166145324707031
0,423,2331.7900390625,21916.404296875,4.671651363372803,14.218597412109375,10.195170402526855
0,424,1999.8502197265625,18776.2109375,4.074304103851318,11.262704849243164,11.242530822753906
0,425,1942.010986328125,17984.03125,4.786924839019775,12.728700637817383,8.393195152282715
0,426,1957.3865966796875,17958.5625,5.384342193603516,13.970390319824219,7.57004451751709
0,427,2528.11865234375,23727.44921875,5.179125785827637,14.598489761352539,11.045619010925293
0,428,2344.716552734375,22150.6171875,4.321825981140137,12.459471702575684,12.713428497314453
0,429,2403.986572265625,22381.947265625,5.526391983032227,13.43230152130127,11.910672187805176
0,430,2417.267822265625,22748.94140625,4.745787620544434,13.862130165100098,11.59414291381836
0,431,2835.297607421875,26980.859375,4.573720932006836,16.798452377319336,10.27053165435791
0,432,2290.123046875,21380.125,5.07034969329834,14.704496383666992,8.996480941772461
0,433,2106.02392578125,19853.79296875,4.0214924812316895,14.730441093444824,8.758715629577637
0,434,2047.798828125,19214.06640625,4.21307373046875,11.476034164428711,11.596479415893555
0,435,2487.7158203125,23490.80859375,4.621164321899414,13.748395919799805,10.871297836303711
0,436,1879.5765380859375,17428.9453125,4.556068420410156,14.029558181762695,7.466403961181641
0,437,2266.38916015625,21225.1484375,4.795811653137207,15.376608848571777,8.225015640258789
0,438,2484.614990234375,23666.05078125,3.9336562156677246,15.947714805603027,8.87126350402832
0,439,2645.1279296875,25194.4609375,4.189398765563965,15.851160049438477,10.219486236572266
0,440,2202.75244140625,20517.71484375,5.032695770263672,12.752882957458496,10.245113372802734
0,441,2075.764892578125,19510.09375,4.158516883850098,13.326549530029297,9.15431022644043
0,442,2751.619140625,26187.375,4.429387092590332,15.654611587524414,11.611037254333496
0,443,1743.4019775390625,16037.828125,4.653970718383789,11.07723331451416,9.101752281188965
0,444,2029.2076416015625,19086.00390625,4.02023983001709,12.762022018432617,9.472236633300781
0,445,2340.177978515625,22170.607421875,4.103907585144043,15.164212226867676,8.171862602233887
0,446,1584.149169921875,14571.2431640625,4.234158515930176,12.713136672973633,7.022503852844238
0,447,2055.74853515625,19117.677734375,4.799357891082764,11.340736389160156,11.428549766540527
0,448,2718.3388671875,25769.21484375,4.713903903961182,15.987663269042969,9.943665504455566
0,449,2070.7841796875,19350.4921875,4.524497985839844,12.786510467529297,9.441853523254395
0,450,2218.48193359375,20841.720703125,4.476997375488281,14.047446250915527,9.545376777648926
0,451,2495.70166015625,23657.392578125,4.332076549530029,13.42107105255127,12.3966703414917
0,452,2279.206298828125,21457.48046875,4.4486083984375,12.813736915588379,11.3677339553833
0,453,2365.27294921875,22376.296875,4.254774570465088,14.025158882141113,10.571793556213379
0,454,2117.7333984375,19911.8359375,4.21832799911499,14.011173248291016,9.022289276123047
0,455,2079.881591796875,19583.576171875,4.050800800323486,13.766037940979004,9.074260711669922
0,456,2039.5830078125,18925.79296875,4.900120735168457,13.48145866394043,9.164859771728516
0,457,1754.4422607421875,16337.02734375,4.024651527404785,12.548890113830566,7.618771553039551
0,458,1985.459228515625,18414.6328125,4.799866676330566,13.30317497253418,8.303018569946289
0,459,1864.158447265625,17093.603515625,5.159936904907227,13.463375091552734,7.703250885009766
0,460,2168.000732421875,20486.34765625,3.978865146636963,13.416410446166992,9.874792098999023
0,461,2108.3671875,19662.890625,4.735939025878906,12.699522972106934,11.110091209411621
0,462,2477.0419921875,23659.05859375,3.7045369148254395,13.1535062789917,11.895418167114258
0,463,2105.93212890625,19699.39453125,4.53308629989624,13.783321380615234,9.517370223999023
0,464,2399.25927734375,22203.265625,5.964418888092041,14.677864074707031,9.84212875366211
0,465,2111.02783203125,19889.9140625,4.067878246307373,14.345429420471191,9.281124114990234
0,466,1673.3409423828125,15528.0478515625,4.01786994934082,11.947275161743164,7.191845893859863
0,467,2110.4013671875,19513.3515625,5.302207946777344,13.748311996459961,9.395882606506348
0,468,2270.3486328125,21300.904296875,4.675264358520508,14.298439979553223,9.497528076171875
0,469,2256.609375,21278.70703125,4.291284084320068,13.37657642364502,10.377432823181152
0,470,2305.761474609375,21702.55078125,4.516878128051758,14.284137725830078,9.660460472106934
0,471,1797.4915771484375,16650.24609375,4.415563106536865,12.281448364257812,8.442540168762207
0,472,2091.61376953125,19662.208984375,4.179764747619629,12.243098258972168,11.335363388061523
0,473,2487.458740234375,23478.552734375,4.653449058532715,15.321840286254883,8.719091415405273
0,474,1995.4674072265625,18706.677734375,4.159984588623047,12.641237258911133,9.474611282348633
0,475,2186.53955078125,20458.537109375,4.689522743225098,14.245412826538086,9.399114608764648
0,476,2602.52880859375,24602.4140625,4.742912292480469,15.312122344970703,10.282958984375
0,477,2543.4833984375,24195.50390625,4.131097793579102,15.799752235412598,9.936992645263672
0,478,2172.537841796875,20498.59375,4.089280128479004,13.72815227508545,10.524928092956543
0,479,2069.90771484375,19384.8125,4.380878448486328,13.000862121582031,8.996525764465332
0,480,2230.02734375,20984.375,4.38632869720459,13.404495239257812,10.537959098815918
0,481,2066.98193359375,19450.091796875,4.065761566162109,13.275436401367188,10.117082595825195
0,482,2037.585693359375,19079.23828125,4.3220624923706055,12.18951416015625,10.27814769744873
0,483,2144.64013671875,20243.03125,4.011236190795898,13.163936614990234,10.176547050476074
0,484,2248.109130859375,21170.689453125,4.368001461029053,13.865001678466797,9.413290977478027
0,485,1827.3870849609375,16884.451171875,4.6313982009887695,13.582718849182129,6.9019269943237305
0,486,1883.1544189453125,17545.5234375,4.286733627319336,13.843017578125,7.714171409606934
0,487,2335.473388671875,22111.30078125,4.144777774810791,12.133941650390625,11.853307723999023
0,488,2205.78369140625,20888.9765625,3.8961997032165527,14.164213180541992,9.248144149780273
0,489,1847.0345458984375,17209.171875,4.203909397125244,13.313400268554688,7.105780601501465
0,490,2457.94873046875,23228.51953125,4.50322151184082,15.289782524108887,9.4669828414917
0,491,2843.083251953125,27079.53125,4.504335403442383,15.647270202636719,12.038336753845215
0,492,2497.436279296875,23552.208984375,4.740509033203125,14.637990951538086,10.532371520996094
0,493,2040.0107421875,19055.728515625,4.481262683868408,13.196699142456055,9.964378356933594
0,494,2181.673828125,20431.46484375,4.61757755279541,13.805219650268555,9.59194278717041
0,495,1730.73388671875,15977.947265625,4.431300640106201,12.144229888916016,7.791044235229492
0,496,2848.22412109375,27162.01171875,4.400760650634766,14.630166053771973,13.272594451904297
0,497,3009.623046875,28692.7421875,4.678297996520996,16.97176742553711,12.815903663635254
0,498,2733.767333984375,25909.263671875,4.761363983154297,14.710715293884277,11.550313949584961
0,499,1869.844482421875,17107.6015625,5.302812099456787,10.693208694458008,10.259098052978516
0,500,2883.466064453125,27404.65625,4.7666802406311035,16.48398208618164,10.390997886657715
0,501,2190.74951171875,20614.009765625,4.311608791351318,11.558156967163086,11.314608573913574
0,502,2376.669189453125,22168.66015625,5.326773643493652,14.282896041870117,10.538102149963379
0,503,2059.61181640625,19334.33203125,4.205955505371094,13.031055450439453,8.958839416503906
0,504,2066.82861328125,19311.259765625,4.523418426513672,11.305412292480469,11.098711013793945
0,505,2579.24169921875,24214.125,5.260969161987305,13.337020874023438,13.130025863647461
0,506,2005.2005615234375,18810.41015625,4.1386518478393555,12.120282173156738,10.796422004699707
0,507,2051.39990234375,19157.01953125,4.523262023925781,13.503588676452637,9.15220832824707
0,508,2429.563720703125,23105.306640625,3.9677650928497314,15.036301612854004,9.867502212524414
0,509,2828.478759765625,26945.470703125,4.4643874168396,15.503847122192383,12.119384765625
0,510,2451.74560546875,23005.857421875,5.038661003112793,13.627593994140625,11.648493766784668
0,511,2116.42333984375,19836.02734375,4.427349090576172,13.516695022583008,9.763318061828613
0,512,2221.434814453125,21189.75,3.415325164794922,13.007031440734863,10.224194526672363
0,513,2209.550048828125,20920.341796875,3.9171957969665527,12.337100982666016,11.57332706451416
0,514,2808.5654296875,26944.173828125,3.8049330711364746,15.172447204589844,12.760663986206055
0,515,1901.4317626953125,17810.46875,4.012829780578613,12.417341232299805,8.175069808959961
0,516,2260.929443359375,21362.015625,4.157589912414551,14.680463790893555,9.375569343566895
0,517,2651.272216796875,25357.525390625,3.850654125213623,15.276668548583984,10.723434448242188
0,518,2306.17041015625,21838.65234375,4.076842308044434,13.980827331542969,10.982259750366211
0,519,1980.7340087890625,18565.296875,4.1401448249816895,12.007454872131348,10.058487892150879
0,520,2270.58544921875,21415.75,4.300349712371826,14.834667205810547,8.048593521118164
0,521,2336.376708984375,22114.744140625,4.16340970993042,12.366384506225586,11.821727752685547
0,522,2153.589111328125,20285.296875,4.168651103973389,14.381521224975586,7.822856903076172
0,523,2517.31103515625,23974.58203125,3.9950900077819824,15.440580368041992,10.901887893676758
0,524,2105.769775390625,19841.529296875,4.053890228271484,13.123762130737305,10.111319541931152
0,525,2470.302734375,23344.77734375,4.527496814727783,12.984371185302734,13.085559844970703
0,526,2160.93505859375,20264.484375,4.482882499694824,12.795598983764648,10.136064529418945
0,527,2633.659423828125,24840.25390625,4.987799644470215,13.30862045288086,13.018087387084961
0,528,2520.798583984375,23886.384765625,4.405341148376465,13.673446655273438,11.363302230834961
0,529,2130.890625,19954.234375,4.515568733215332,14.031261444091797,8.262064933776855
0,530,1759.388916015625,16306.64453125,4.290816307067871,11.514389038085938,8.990649223327637
0,531,2371.090087890625,22499.548828125,4.037840843200684,15.091205596923828,10.378567695617676
0,532,2161.70263671875,20436.205078125,3.936072826385498,14.369300842285156,9.096796989440918
0,533,2155.59765625,20296.14453125,4.199438095092773,13.766403198242188,9.030000686645508
0,534,2339.60986328125,22134.17578125,4.2064080238342285,13.44084644317627,11.699352264404297
0,535,2037.0616455078125,19069.2890625,4.3377556800842285,12.596731185913086,9.215128898620605
0,536,2320.478759765625,21989.232421875,4.051844596862793,14.005038261413574,10.150513648986816
0,537,2483.973876953125,23570.78125,4.229856491088867,14.238395690917969,11.527910232543945
0,538,1697.392333984375,15716.599609375,4.19107723236084,11.059337615966797,7.54520320892334
0,539,2586.173583984375,24778.7421875,3.609975814819336,16.412513732910156,9.131269454956055
0,540,2896.1953125,27760.775390625,4.00392484664917,16.01349449157715,12.094422340393066
0,541,2281.392578125,21532.740234375,4.270610332489014,14.38001823425293,9.771383285522461
0,542,2178.945556640625,20487.296875,4.340529441833496,12.793383598327637,11.531404495239258
0,543,2021.9532470703125,19015.1953125,4.014455318450928,13.228900909423828,8.577141761779785
0,544,2059.187744140625,19423.404296875,3.8949127197265625,11.355052947998047,11.285343170166016
0,545,1970.9984130859375,18586.92578125,3.7435269355773926,11.990446090698242,10.259418487548828
0,546,2890.27294921875,27621.11328125,4.2720537185668945,16.18792724609375,12.424257278442383
0,547,2453.365234375,23285.0859375,4.161888122558594,14.14619255065918,10.922286987304688
0,548,2168.108154296875,20355.189453125,4.419642448425293,12.625469207763672,9.716333389282227
0,549,2298.632080078125,21727.1328125,4.1972880363464355,14.15308666229248,9.840475082397461
0,550,2305.882080078125,21769.53515625,4.297618865966797,13.873994827270508,9.930660247802734
0,551,2185.108642578125,20590.1953125,4.202968597412109,13.832794189453125,9.068970680236816
0,552,2160.52099609375,20298.75390625,4.354855537414551,13.629998207092285,8.791512489318848
0,553,2007.7940673828125,18958.9765625,3.729879856109619,11.70016860961914,10.641230583190918
0,554,2239.82470703125,21150.267578125,4.1599273681640625,13.481969833374023,10.513333320617676
0,555,2011.0869140625,18702.59765625,4.694240093231201,12.720386505126953,9.467543601989746
0,556,1957.80859375,18208.001953125,4.566949367523193,11.96301555633545,9.33488655090332
0,557,2364.840087890625,22269.203125,4.597321510314941,13.172293663024902,10.708390235900879
0,558,1892.186767578125,17728.40234375,3.9782190322875977,12.810640335083008,7.977011680603027
0,559,2069.7890625,19398.123046875,4.332557678222656,13.657740592956543,8.888020515441895
0,560,2455.587158203125,23314.06640625,4.139347553253174,15.380722999572754,8.96438217163086
0,561,1987.6051025390625,18520.966796875,4.516947269439697,12.821044921875,7.988018989562988
0,562,1884.368408203125,17552.173828125,4.305032730102539,12.442214012145996,9.177847862243652
0,563,2126.95166015625,19909.306640625,4.53403377532959,12.894821166992188,9.455408096313477
0,564,2116.9482421875,19985.728515625,3.945845603942871,13.553889274597168,9.36353588104248
0,565,2303.978271484375,21756.40234375,4.2779316902160645,12.036397933959961,11.494757652282715
0,566,2359.64013671875,22348.001953125,4.161330699920654,13.404058456420898,10.623095512390137
0,567,1949.830810546875,18161.84375,4.454878330230713,10.90540885925293,10.308856010437012
0,568,2289.34423828125,21548.455078125,4.48328971862793,13.997753143310547,10.449078559875488
0,569,2203.201904296875,20833.5390625,3.994927167892456,13.254474639892578,9.371051788330078
0,570,2264.443603515625,21406.166015625,4.127564430236816,14.750842094421387,9.168994903564453
0,571,2269.295166015625,21513.751953125,3.9306650161743164,14.949701309204102,7.888895034790039
0,572,2107.945556640625,19947.201171875,3.7741799354553223,13.852289199829102,8.769234657287598
0,573,2390.555908203125,22709.9609375,3.9853296279907227,14.368635177612305,10.156289100646973
0,574,2118.296142578125,19919.341796875,4.212062835693359,13.220416069030762,10.21335220336914
0,575,2102.009033203125,19731.14453125,4.296482086181641,13.970376968383789,8.404159545898438
0,576,1843.72021484375,17302.953125,3.7808315753936768,11.480240821838379,9.124072074890137
0,577,2520.557373046875,23910.54296875,4.316765308380127,15.286056518554688,9.457777976989746
0,578,1385.5950927734375,12575.890625,4.266866207122803,11.588313102722168,5.913033485412598
0,579,1950.7137451171875,18313.111328125,3.9800870418548584,12.571449279785156,9.291611671447754
0,580,1874.981201171875,17580.806640625,3.896685838699341,13.047699928283691,8.324176788330078
0,581,2333.29931640625,21872.7265625,4.867557525634766,11.699125289916992,12.01839542388916
0,582,2755.017578125,26179.9921875,4.56727409362793,15.554686546325684,11.911986351013184
0,583,1959.2421875,18398.58203125,3.979463577270508,13.072546005249023,8.132098197937012
0,584,2058.043212890625,19429.07421875,3.8378612995147705,12.190101623535156,10.516267776489258
0,585,2336.446044921875,22232.7421875,3.772392749786377,14.920381546020508,8.24309253692627
0,586,2223.2646484375,20974.75,4.192983150482178,14.697166442871094,8.414227485656738
0,587,2343.229248046875,22193.091796875,4.130662441253662,11.734686851501465,11.841463088989258
0,588,2465.43994140625,23502.509765625,3.839627981185913,14.496190071105957,10.776215553283691
0,589,1891.0535888671875,17640.669921875,4.232884407043457,12.956233978271484,9.116727828979492
0,590,1721.6165771484375,16025.5322265625,3.9687774181365967,11.526376724243164,8.457472801208496
0,591,2316.86865234375,21907.734375,4.203177452087402,13.798530578613281,10.504158020019531
0,592,1778.333251953125,16415.54296875,4.559298515319824,12.400704383850098,8.678407669067383
0,593,2877.0712890625,27544.1875,4.088423728942871,15.549001693725586,11.984979629516602
0,594,2118.88232421875,19868.345703125,4.401594161987305,13.589210510253906,9.678811073303223
0,595,2418.66162109375,23092.51953125,3.6469879150390625,13.946649551391602,9.843441009521484
0,596,2622.42822265625,25168.22265625,3.5202019214630127,12.86886215209961,13.381799697875977
0,597,1687.0626220703125,15729.5078125,3.8037264347076416,10.906749725341797,8.157243728637695
0,598,2084.96435546875,19477.10546875,4.575129508972168,13.18826961517334,8.51554012298584
0,599,2289.7626953125,21648.830078125,4.16265344619751,12.559032440185547,11.407752990722656
0,600,2590.71533203125,24574.80859375,4.44114875793457,13.397832870483398,11.98876667022705
0,601,2164.089599609375,20561.22265625,3.5989131927490234,12.20765209197998,11.51779842376709
0,602,3097.693603515625,29436.5546875,5.134603500366211,16.653724670410156,12.376550674438477
0,603,2115.107177734375,20077.3515625,3.579061985015869,12.54676628112793,10.595039367675781
0,604,2245.3095703125,21305.6796875,3.8247122764587402,12.941640853881836,11.313282012939453
0,605,2051.33642578125,19384.748046875,3.762052059173584,11.99440860748291,10.124358177185059
0,606,2398.079345703125,22744.42578125,4.1212263107299805,12.817625045776367,12.073371887207031
0,607,2196.34619140625,20728.091796875,4.117895126342773,13.023265838623047,10.383042335510254
0,608,2581.437255859375,24789.390625,3.4166011810302734,14.494980812072754,9.840202331542969
0,609,2096.42236328125,19992.26171875,3.2398691177368164,13.806641578674316,9.378615379333496
0,610,2224.408447265625,21073.5859375,3.9016566276550293,14.501492500305176,9.104183197021484
0,611,1638.380859375,15300.7119140625,3.610323905944824,11.410812377929688,8.689979553222656
0,612,2006.7081298828125,18683.560546875,4.611734390258789,11.694095611572266,10.939571380615234
0,613,2411.1455078125,23129.337890625,3.27371883392334,14.1080322265625,10.010054588317871
0,614,2437.43994140625,23141.044921875,4.11118221282959,16.590877532958984,7.879767417907715
0,615,1896.607421875,17881.326171875,3.615823268890381,11.517938613891602,9.337556838989258
0,616,1818.4619140625,16951.6640625,4.109850883483887,13.321002960205078,6.857982635498047
0,617,2079.80126953125,19662.59375,3.7847299575805664,13.802543640136719,8.093053817749023
0,618,1808.6787109375,16809.94140625,4.256152153015137,10.742809295654297,10.50671672821045
0,619,2041.0950927734375,19417.6875,3.3108763694763184,10.610941886901855,11.989632606506348
0,620,2546.3916015625,24264.798828125,3.9970507621765137,14.151458740234375,11.466184616088867
0,621,2340.89697265625,22162.54296875,4.154753684997559,13.433365821838379,11.31749153137207
0,622,2613.042724609375,24648.7890625,4.938792705535889,14.018929481506348,11.329309463500977
0,623,2511.9404296875,23791.7578125,4.425487518310547,14.32977294921875,11.030795097351074
0,624,1933.9287109375,18057.26953125,4.273393630981445,10.731460571289062,10.258685111999512
0,625,2253.689453125,21178.99609375,4.5263261795043945,13.46961784362793,10.909192085266113
0,626,2622.71240234375,24329.490234375,6.325447082519531,16.647613525390625,10.004069328308105
0,627,1941.4002685546875,18376.08203125,3.4597349166870117,10.84683895111084,10.995133399963379
0,628,1966.9036865234375,18484.33203125,3.949014663696289,14.203695297241211,7.484358787536621
0,629,2213.083251953125,20897.904296875,4.109757423400879,13.719261169433594,8.90570068359375
0,630,1845.1708984375,17223.8203125,4.092960357666016,11.930356979370117,9.544270515441895
0,631,2229.423583984375,20978.40625,4.386096954345703,12.717487335205078,10.543695449829102
0,632,2045.644775390625,19225.66015625,4.102622985839844,10.349279403686523,12.161665916442871
0,633,1964.4932861328125,18256.109375,4.629410266876221,11.882316589355469,9.615096092224121
0,634,2229.927001953125,21070.564453125,4.095686912536621,13.893884658813477,9.704535484313965
0,635,1996.3594970703125,18861.755859375,3.6727945804595947,12.031288146972656,9.802534103393555
0,636,2057.62451171875,19274.75390625,4.33830451965332,15.388386726379395,5.736509323120117
0,637,1877.1214599609375,17254.728515625,5.054953575134277,13.416799545288086,7.598728179931641
0,638,1938.0068359375,18168.58984375,4.038259983062744,11.975940704345703,9.630219459533691
0,639,2026.27001953125,19245.875,3.3894152641296387,12.284967422485352,10.667399406433105
0,640,2696.776611328125,25805.529296875,3.8741250038146973,15.448783874511719,10.675506591796875
0,641,2145.03955078125,20270.88671875,3.9316906929016113,13.690319061279297,8.420369148254395
0,642,2207.95751953125,20907.54296875,3.906768321990967,13.191999435424805,10.529318809509277
0,643,2152.330810546875,20347.986328125,3.9177403450012207,12.841402053833008,11.348974227905273
0,644,2270.7958984375,21628.859375,3.5970005989074707,12.43229866027832,11.221298217773438
0,645,1892.2615966796875,17668.298828125,4.181056499481201,12.621137619018555,8.095508575439453
0,646,2606.547607421875,24846.396484375,4.063596248626709,14.08139705657959,11.839568138122559
0,647,2086.861572265625,19750.3359375,3.727602958679199,12.159475326538086,10.909391403198242
0,648,2017.211181640625,19034.15625,3.793182611465454,13.673839569091797,7.493618965148926
0,649,2301.2353515625,21639.74609375,4.575357437133789,14.443243026733398,8.472346305847168
0,650,1709.7664794921875,15869.1767578125,4.0949602127075195,11.100761413574219,8.545553207397461
0,651,1829.1678466796875,17157.21484375,3.781543016433716,12.337247848510742,8.726834297180176
0,652,2205.7724609375,21053.4609375,3.3475399017333984,13.037894248962402,11.343216896057129
0,653,2187.748046875,20777.0625,3.6680545806884766,11.846752166748047,11.755385398864746
0,654,2178.629150390625,20547.666015625,4.128753662109375,14.023948669433594,10.345510482788086
0,655,2144.009033203125,20110.359375,4.432436466217041,14.241585731506348,8.449694633483887
0,656,2349.388671875,19736.7421875,12.523819923400879,13.200294494628906,9.485116004943848
0,657,1930.3221435546875,18248.06640625,3.5171847343444824,12.91768741607666,8.533951759338379
0,658,2296.6865234375,21874.5390625,3.641089916229248,13.341784477233887,10.860061645507812
0,659,1770.4049072265625,16563.33203125,3.802389621734619,12.660521507263184,7.847005844116211
0,660,1836.981201171875,17372.529296875,3.3242743015289307,10.952418327331543,9.859089851379395
0,661,2188.208984375,20740.57421875,3.8050529956817627,12.42109203338623,10.779182434082031
0,662,2001.2760009765625,18854.654296875,3.8603529930114746,11.724678039550781,10.401927947998047
0,663,1727.43212890625,16208.54296875,3.5525918006896973,11.764384269714355,8.186175346374512
0,664,2899.5888671875,27714.328125,4.271864891052246,15.766292572021484,13.519309997558594
0,665,1842.8055419921875,17277.455078125,3.8353352546691895,12.382984161376953,8.327680587768555
0,666,1978.9969482421875,18680.6328125,3.6977853775024414,13.279081344604492,9.630181312561035
0,667,2319.599609375,21994.845703125,4.003830432891846,13.095250129699707,11.076967239379883
0,668,1868.2415771484375,17584.36328125,3.6601738929748535,11.068269729614258,9.434284210205078
0,669,2191.272705078125,20748.521484375,3.8806800842285156,13.228475570678711,8.956367492675781
0,670,2745.251953125,26421.318359375,3.4373364448547363,15.310123443603516,11.264391899108887
0,671,1988.4541015625,18803.71484375,3.602753162384033,11.6444673538208,9.575181007385254
0,672,1946.1796875,18268.28125,3.9783859252929688,13.057124137878418,7.061188697814941
0,673,2475.02099609375,23387.98046875,4.540761947631836,13.182411193847656,10.87869644165039
0,674,2159.168701171875,20296.3046875,4.317936897277832,14.712265014648438,9.518887519836426
0,675,2051.320068359375,19373.986328125,3.7973828315734863,11.997148513793945,10.44732666015625
0,676,2479.454345703125,23546.048828125,4.161645412445068,15.553126335144043,9.210165023803711
0,677,2005.1319580078125,18889.20703125,3.873704195022583,12.657268524169922,9.085041046142578
0,678,1798.3433837890625,16875.22265625,3.694035291671753,12.0896577835083,7.843267440795898
0,679,2263.96875,21529.345703125,3.701140880584717,14.21992015838623,10.47561264038086
0,680,2129.518798828125,20120.8125,3.914581298828125,12.968652725219727,10.067490577697754
0,681,2343.8642578125,22231.5859375,4.023515224456787,12.714656829833984,11.148872375488281
0,682,2065.255615234375,19589.46875,3.543626308441162,13.4815092086792,8.02977466583252
0,683,3168.8193359375,30364.048828125,4.413806915283203,17.58332633972168,13.027054786682129
0,684,1760.859375,16415.578125,3.9767160415649414,10.48415470123291,10.082717895507812
0,685,2057.959228515625,19354.8671875,4.082419395446777,13.569283485412598,8.673615455627441
0,686,2601.978515625,24794.1640625,4.0853986740112305,14.700408935546875,11.522021293640137
0,687,2384.42333984375,22772.341796875,3.5729761123657227,13.065398216247559,11.408585548400879
0,688,2102.393798828125,19754.81640625,4.230400085449219,10.799589157104492,11.187326431274414
0,689,2222.0810546875,20591.916015625,5.429642677307129,12.865649223327637,9.97017765045166
0,690,2204.597900390625,20839.455078125,4.021743297576904,12.192337989807129,11.71587085723877
0,691,2527.07470703125,23896.5234375,4.580747604370117,11.870884895324707,13.288065910339355
0,692,2607.32421875,24945.08203125,3.7605345249176025,13.624855041503906,11.880526542663574
0,693,1700.8236083984375,15866.0771484375,3.8071930408477783,10.249866485595703,9.817212104797363
0,694,2552.04248046875,24366.017578125,3.848022222518921,12.288036346435547,13.007294654846191
0,695,2359.6201171875,22299.86328125,4.3211259841918945,14.794801712036133,8.487677574157715
0,696,2194.52685546875,20765.361328125,3.933027982711792,13.590859413146973,10.12902545928955
0,697,2614.67236328125,24991.2578125,3.8515512943267822,15.377449989318848,10.955821990966797
0,698,1738.1348876953125,16119.078125,4.2075700759887695,10.382277488708496,10.327678680419922
0,699,2377.1513671875,22584.173828125,3.9577927589416504,15.178780555725098,9.488272666931152
0,700,2363.907470703125,22494.1796875,3.8163132667541504,14.291852951049805,10.429338455200195
0,701,1990.679443359375,18827.12890625,3.5988872051239014,12.441361427307129,10.046517372131348
0,702,2066.60107421875,19433.8046875,4.107349872589111,13.239553451538086,9.036267280578613
0,703,2125.40185546875,20075.0625,3.9298553466796875,14.83061408996582,7.613080024719238
0,704,1905.568603515625,18002.876953125,3.5093610286712646,10.992467880249023,10.615105628967285
0,705,2196.572265625,20867.21484375,3.6616926193237305,13.389429092407227,9.144109725952148
0,706,2711.6240234375,25921.71875,3.981738805770874,15.767768859863281,10.834378242492676
0,707,1954.170654296875,18355.984375,3.9524054527282715,11.801843643188477,9.909677505493164
0,708,2135.40380859375,19815.796875,5.127472877502441,10.75641918182373,12.163254737854004
0,709,2021.32958984375,19141.4375,3.572859764099121,11.604981422424316,9.531843185424805
0,710,1749.731689453125,16223.599609375,4.245725631713867,12.804754257202148,7.102268218994141
0,711,2168.77978515625,20490.11328125,3.992281198501587,13.533696174621582,10.818670272827148
0,712,2471.30615234375,23744.7265625,3.2277793884277344,12.707601547241211,12.469279289245605
0,713,2049.936767578125,19442.19921875,3.523890972137451,11.002188682556152,10.823180198669434
0,714,2254.911865234375,21277.77734375,4.237802028656006,13.946158409118652,9.668275833129883
0,715,2258.8447265625,21161.42578125,4.756739139556885,13.319273948669434,10.12503719329834
0,716,2341.27099609375,22200.26953125,4.041461944580078,12.953006744384766,10.054313659667969
0,717,2364.9951171875,22550.9921875,3.6631922721862793,15.381288528442383,9.546087265014648
0,718,2150.62451171875,19838.515625,5.559101581573486,13.50157356262207,8.636579513549805
0,719,1973.517578125,18680.8046875,3.5145716667175293,12.73762321472168,10.066243171691895
0,720,2643.626953125,25121.2734375,4.383321285247803,16.016986846923828,9.412972450256348
0,721,2390.55419921875,22781.16796875,3.7479095458984375,14.716773986816406,9.802130699157715
0,722,1574.5955810546875,14642.626953125,3.6777615547180176,10.072685241699219,8.390966415405273
0,723,2473.793212890625,23176.46875,5.204875469207764,12.66862964630127,12.452079772949219
0,724,2071.4697265625,19477.046875,4.1255035400390625,12.843742370605469,9.062051773071289
0,725,2479.145751953125,23550.990234375,4.134886264801025,14.116802215576172,11.039499282836914
0,726,2263.314697265625,21476.693359375,3.8548450469970703,14.065380096435547,9.511344909667969
0,727,1982.060791015625,18405.02734375,4.718599796295166,13.071998596191406,8.940342903137207
0,728,2054.769287109375,19395.923828125,3.839232921600342,12.960296630859375,9.107833862304688
0,729,1847.787841796875,17287.8984375,3.9665982723236084,12.465219497680664,8.890870094299316
0,730,1613.409423828125,14973.630859375,3.8682103157043457,10.138509750366211,8.739595413208008
0,731,2202.13037109375,21100.04296875,3.0708653926849365,11.71397590637207,11.140137672424316
0,732,2122.463134765625,20079.0546875,3.8185901641845703,13.364924430847168,9.247502326965332
0,733,2491.65087890625,23624.048828125,4.308192253112793,15.70946216583252,10.142842292785645
0,734,1950.3643798828125,18271.0859375,4.108526229858398,11.763826370239258,9.163687705993652
0,735,1937.64501953125,18193.80078125,3.94216251373291,12.642194747924805,9.61793041229248
0,736,1815.62451171875,16984.62890625,3.905386447906494,11.957087516784668,8.433395385742188
0,737,1822.330322265625,17152.787109375,3.5683882236480713,11.137877464294434,8.662163734436035
0,738,1936.8072509765625,18173.119140625,3.98317813873291,13.38388729095459,8.332935333251953
0,739,2516.938232421875,23801.1875,4.56064510345459,14.272455215454102,11.248001098632812
0,740,2303.938720703125,21744.31640625,4.316905975341797,13.62994384765625,11.027984619140625
0,741,2018.0601806640625,19070.556640625,3.7001490592956543,12.858438491821289,9.801108360290527
0,742,2588.150146484375,24737.251953125,3.814159393310547,14.42409896850586,11.115084648132324
0,743,1508.685546875,13856.0966796875,4.1025285720825195,10.786849975585938,6.3560895919799805
0,744,1822.9132080078125,16776.42578125,4.842355728149414,11.145585060119629,9.451753616333008
0,745,2465.4052734375,23459.6171875,3.9814558029174805,14.68602466583252,10.711621284484863
0,746,2413.15478515625,22935.833984375,3.9857120513916016,14.918111801147461,9.815070152282715
0,747,2347.24169921875,22432.267578125,3.4671630859375,13.926114082336426,10.374732971191406
0,748,2377.764404296875,22632.25390625,3.8179714679718018,15.019753456115723,8.941582679748535
0,749,2415.855712890625,23006.67578125,3.839597702026367,14.266668319702148,10.020210266113281
0,750,1844.1434326171875,17466.400390625,3.250114917755127,9.922809600830078,11.578723907470703
0,751,2295.802001953125,21451.65234375,5.021220684051514,13.51386833190918,10.562418937683105
0,752,2248.278564453125,21334.80859375,3.826587200164795,11.87183952331543,11.521063804626465
0,753,1763.6907958984375,16602.57421875,3.4477787017822266,12.515628814697266,7.691250801086426
0,754,2385.397705078125,22704.37890625,3.83199143409729,13.905306816101074,10.501638412475586
0,755,2356.722900390625,22409.224609375,3.8600125312805176,14.29495906829834,9.90076732635498
0,756,2012.507568359375,18942.564453125,3.9417037963867188,12.814102172851562,9.087638854980469
0,757,2156.857666015625,20275.203125,4.311241149902344,11.998854637145996,10.647910118103027
0,758,1972.98876953125,18527.50390625,4.0079450607299805,11.196148872375488,10.76821517944336
0,759,1772.523193359375,16557.25,3.893275737762451,10.627074241638184,9.2359037399292
0,760,2452.35205078125,23291.298828125,4.107407569885254,13.320441246032715,10.527637481689453
0,761,2100.633544921875,19843.333984375,3.8766727447509766,14.111583709716797,9.263084411621094
0,762,1759.89111328125,16455.529296875,3.8112709522247314,11.100107192993164,8.797761917114258
0,763,2363.24365234375,22378.466796875,4.179895401000977,12.719253540039062,12.193326950073242
0,764,1547.612548828125,14282.615234375,3.9783637523651123,10.136751174926758,9.022719383239746
0,765,2191.97265625,20714.5703125,4.0171895027160645,13.410955429077148,9.500088691711426
0,766,1908.4156494140625,17961.47265625,3.742278814315796,10.230010032653809,10.797351837158203
0,767,2472.019287109375,23543.666015625,3.921752452850342,12.110315322875977,12.02499008178711
0,768,2060.269775390625,19475.337890625,3.7578654289245605,12.085067749023438,9.570887565612793
0,769,2209.920654296875,20874.859375,4.081151962280273,12.370522499084473,9.748167037963867
0,770,2065.558837890625,19401.6484375,4.17979621887207,12.496437072753906,10.593233108520508
0,771,1876.9129638671875,17664.98046875,3.680497169494629,11.813769340515137,8.871267318725586
0,772,2318.29052734375,21902.03125,4.2695817947387695,13.085039138793945,10.854832649230957
0,773,2168.096923828125,20401.8125,4.263852119445801,14.12744140625,8.952770233154297
0,774,2216.819580078125,21030.171875,3.793409585952759,14.292919158935547,9.251973152160645
0,775,2442.052978515625,23345.8515625,3.5822594165802,14.872600555419922,10.007050514221191
0,776,1932.0592041015625,18145.625,3.916555166244507,12.399022102355957,9.813032150268555
0,777,1890.5799560546875,17911.48828125,3.314371109008789,12.422181129455566,8.375000953674316
0,778,1747.3033447265625,16488.59765625,3.28145170211792,10.737860679626465,9.722590446472168
0,779,1938.5877685546875,17852.802734375,5.110249042510986,12.840815544128418,8.011028289794922
0,780,1971.0281982421875,18428.05078125,4.274105548858643,12.518068313598633,9.194181442260742
0,781,2513.299072265625,24117.0390625,3.386505365371704,13.886180877685547,10.626594543457031
0,782,1772.9678955078125,16594.8046875,3.7829132080078125,12.885360717773438,7.077938079833984
0,783,2447.5615234375,23410.01953125,3.5519838333129883,10.723810195922852,13.647340774536133
0,784,2013.3363037109375,19128.4375,3.3497531414031982,14.134742736816406,8.671843528747559
0,785,2292.31201171875,21804.703125,3.7280497550964355,14.508199691772461,10.289732933044434
0,786,2098.601806640625,19977.7890625,3.3607654571533203,11.767448425292969,11.347174644470215
0,787,2042.0770263671875,19341.61328125,3.5971899032592773,12.311100006103516,10.383151054382324
0,788,1907.850341796875,17944.755859375,3.7791600227355957,12.248334884643555,8.345183372497559
0,789,1633.3050537109375,15378.611328125,3.1814632415771484,10.983875274658203,8.118489265441895
0,790,2388.556396484375,22924.51171875,3.2035105228424072,11.69615364074707,12.592647552490234
0,791,1803.9300537109375,16937.439453125,3.6728692054748535,9.450162887573242,11.031427383422852
0,792,2798.856689453125,26693.2265625,4.317796230316162,14.552778244018555,12.512383460998535
0,793,2132.83740234375,20114.7734375,4.045331001281738,16.44659423828125,5.65886116027832
0,794,1470.22900390625,13482.7099609375,4.06526517868042,10.023286819458008,7.575087547302246
0,795,1911.88525390625,18059.572265625,3.530933380126953,11.606881141662598,9.110413551330566
0,796,2281.50244140625,21599.4765625,4.051825046539307,13.688289642333984,9.539177894592285
0,797,2027.6666259765625,19255.990234375,3.4022560119628906,11.00868034362793,10.215316772460938
0,798,2103.5927734375,19951.41015625,3.615062952041626,11.729170799255371,11.431596755981445
0,799,2048.62158203125,19409.0703125,3.5904788970947266,14.164166450500488,8.323143005371094
0,800,2073.241455078125,19186.3046875,5.153698921203613,11.883298873901367,9.933401107788086
0,801,2446.195068359375,23266.10546875,3.9861526489257812,12.118194580078125,13.024138450622559
0,802,1896.052734375,17867.97265625,3.6418490409851074,12.029326438903809,10.177750587463379
0,803,2032.056396484375,19040.392578125,4.267237663269043,12.2891845703125,9.998418807983398
0,804,2273.009521484375,21591.4453125,3.795496940612793,13.2144775390625,9.463762283325195
0,805,2133.281494140625,20221.1640625,3.705501079559326,11.189937591552734,11.880330085754395
0,806,1784.20166015625,16765.1796875,3.5894558429718018,12.752397537231445,6.932805061340332
0,807,2026.71826171875,19160.13671875,3.690154552459717,11.706937789916992,9.95743179321289
0,808,2226.07421875,20926.140625,4.448677062988281,12.125734329223633,11.652030944824219
0,809,2055.345947265625,19294.240234375,4.197396278381348,12.277512550354004,10.888254165649414
0,810,2072.660888671875,19550.73046875,3.9195926189422607,12.702896118164062,9.298925399780273
0,811,2122.396484375,20177.046875,3.4897284507751465,11.584165573120117,11.399698257446289
0,812,2185.09716796875,20642.603515625,4.027892589569092,12.909969329833984,11.065781593322754
0,813,1841.0047607421875,17270.81640625,3.797438144683838,12.023666381835938,9.279570579528809
0,814,1891.31591796875,17726.650390625,3.9550282955169678,13.537576675415039,7.9595842361450195
0,815,2446.005615234375,23506.685546875,3.1778979301452637,13.645804405212402,10.333470344543457
0,816,2072.872314453125,19511.634765625,4.056961536407471,11.745113372802734,10.323982238769531
0,817,1907.0584716796875,17841.2890625,4.097653388977051,12.132635116577148,9.116277694702148
0,818,1992.2413330078125,18800.162109375,3.740835428237915,12.444046020507812,10.990432739257812
0,819,2226.206298828125,20980.8125,4.270830154418945,13.754716873168945,9.447103500366211
0,820,2294.617919921875,21877.16015625,3.5633935928344727,14.07194709777832,10.064899444580078
0,821,1909.4813232421875,17898.416015625,3.987988233566284,12.916036605834961,8.178074836730957
0,822,1901.36376953125,17877.029296875,3.7886908054351807,12.49870491027832,8.412864685058594
0,823,2394.11181640625,22827.64453125,3.7115817070007324,13.112031936645508,10.486129760742188
0,824,2162.993896484375,20555.818359375,3.5804026126861572,11.992961883544922,9.705642700195312
0,825,3064.303955078125,29554.53125,3.6283626556396484,16.800628662109375,11.814096450805664
0,826,2040.7352294921875,19349.6171875,3.525782585144043,12.251293182373047,9.220133781433105
0,827,2142.75341796875,20274.220703125,3.8443806171417236,14.266489028930664,8.056103706359863
0,828,1957.351318359375,18377.09765625,3.988051176071167,11.280177116394043,10.10001277923584
0,829,2571.407470703125,24410.16796875,4.346357345581055,13.049955368041992,13.054280281066895
0,830,2189.447265625,20834.001953125,3.5349020957946777,12.466642379760742,10.93238639831543
0,831,2013.7445068359375,19107.666015625,3.4325976371765137,12.916458129882812,10.401226043701172
0,832,1998.998779296875,18863.0078125,3.7565994262695312,13.588152885437012,8.563557624816895
0,833,2127.98291015625,20243.34765625,3.4549336433410645,12.011667251586914,9.759324073791504
0,834,1764.554931640625,16606.6015625,3.4631595611572266,11.319327354431152,7.82491397857666
0,835,2160.928466796875,20495.494140625,3.7126269340515137,11.567718505859375,11.115262031555176
0,836,2225.83935546875,21128.767578125,3.765422821044922,12.807194709777832,11.106598854064941
0,837,2325.740966796875,22108.283203125,3.830420970916748,14.248756408691406,9.970906257629395
0,838,1933.424560546875,18411.47265625,3.0759081840515137,11.11478328704834,10.289722442626953
0,839,1660.2447509765625,15451.4296875,3.836726665496826,10.541860580444336,8.778827667236328
0,840,1943.4093017578125,18294.966796875,3.797086715698242,11.497175216674805,10.00082015991211
0,841,2133.364013671875,20242.8125,3.636094570159912,13.73383903503418,8.441658973693848
0,842,2306.02587890625,21921.15234375,3.7970187664031982,14.657712936401367,8.503283500671387
0,843,2358.628662109375,22463.6640625,3.742074489593506,14.654926300048828,10.086360931396484
0,844,2051.458251953125,19284.76953125,4.099373817443848,12.778803825378418,9.685551643371582
0,845,1881.787841796875,17765.271484375,3.5086867809295654,10.66488265991211,10.557419776916504
0,846,2272.477294921875,21540.884765625,3.9462883472442627,14.356443405151367,9.176228523254395
0,847,1936.2474365234375,18194.337890625,3.893784761428833,11.536700248718262,8.780380249023438
0,848,2271.67578125,21586.66015625,3.766995429992676,13.975261688232422,9.981704711914062
0,849,1738.463134765625,16228.0927734375,3.8551278114318848,13.306437492370605,6.119048118591309
0,850,1825.84375,17080.2578125,3.927265167236328,11.45761489868164,7.815862655639648
0,851,1928.9329833984375,18349.380859375,3.1331636905670166,11.101869583129883,10.218460083007812
0,852,1779.808837890625,16857.3046875,3.135943651199341,11.03652286529541,9.184250831604004
0,853,2498.8505859375,24024.00390625,3.2150096893310547,13.305547714233398,11.911271095275879
0,854,1866.666259765625,17493.94140625,3.909071922302246,11.066957473754883,9.725326538085938
0,855,1473.52099609375,13672.033203125,3.5439205169677734,9.133267402648926,8.147832870483398
0,856,2234.4072265625,21273.859375,3.567371368408203,12.524115562438965,11.267599105834961
0,857,2147.006103515625,20113.369140625,4.522305488586426,13.55819320678711,9.656159400939941
0,858,1881.9986572265625,17645.216796875,3.9158966541290283,12.899801254272461,7.783130645751953
0,859,1968.4571533203125,18615.607421875,3.5632119178771973,11.615230560302734,9.976473808288574
0,860,2683.609619140625,25358.83203125,4.924208641052246,13.882101058959961,10.865508079528809
0,861,1709.9368896484375,16157.0390625,3.141096591949463,11.213752746582031,9.241621971130371
0,862,2208.07568359375,20964.328125,3.721428871154785,11.10985279083252,10.797133445739746
0,863,1753.7164306640625,16352.77734375,3.94795823097229,11.820921897888184,9.219966888427734
0,864,2190.395263671875,20909.099609375,3.3161749839782715,14.03288745880127,8.56618595123291
0,865,2178.83154296875,20783.123046875,3.350646495819092,13.088617324829102,10.012836456298828
0,866,1838.8192138671875,17338.826171875,3.4978833198547363,11.62502670288086,8.670221328735352
0,867,2033.04443359375,19175.119140625,3.851080894470215,13.044323921203613,8.618470191955566
0,868,2249.859375,21279.48828125,4.06368350982666,13.841265678405762,9.42401123046875
0,869,2095.228515625,19928.857421875,3.4114248752593994,11.23226547241211,11.072613716125488
0,870,1877.626708984375,17792.01171875,3.2808494567871094,12.02099609375,9.496771812438965
0,871,1866.023681640625,17554.8046875,3.6847734451293945,12.038915634155273,10.140847206115723
0,872,2326.0361328125,22135.3515625,3.750030040740967,13.206391334533691,9.986785888671875
0,873,2222.998046875,20678.95703125,5.1700758934021,12.899482727050781,12.153210639953613
0,874,2079.791259765625,19590.384765625,4.025091171264648,12.097700119018555,9.840903282165527
0,875,1994.97021484375,18686.509765625,4.210640907287598,12.823293685913086,9.718647003173828
0,876,2575.47216796875,24730.43359375,3.4142937660217285,12.249306678771973,13.677874565124512
0,877,2041.513671875,19334.9609375,3.6005845069885254,12.858200073242188,9.532929420471191
0,878,2182.066162109375,20749.9375,3.5690736770629883,11.863180160522461,11.493219375610352
0,879,2148.225341796875,20385.712890625,3.6551342010498047,12.735811233520508,11.596257209777832
0,880,2220.30224609375,20968.619140625,4.114672660827637,12.09356689453125,11.014866828918457
0,881,2002.331787109375,18600.30859375,4.743364334106445,10.393528938293457,11.04232120513916
0,882,1946.2049560546875,18314.986328125,3.8235421180725098,11.045384407043457,10.277581214904785
0,883,2293.145263671875,21784.79296875,3.8222038745880127,12.729801177978516,11.599825859069824
0,884,2196.97900390625,20870.21875,3.665235996246338,12.579248428344727,10.087125778198242
0,885,1707.7645263671875,16026.9873046875,3.5021939277648926,11.552377700805664,8.112051010131836
0,886,1720.4326171875,16158.7470703125,3.4852614402770996,11.614290237426758,9.81224250793457
0,887,1741.21044921875,16351.75390625,3.534499406814575,10.800189018249512,9.024133682250977
0,888,2228.913330078125,21226.619140625,3.541715145111084,13.617541313171387,9.390267372131348
0,889,1890.016357421875,17678.76953125,4.071313858032227,11.26285171508789,9.396272659301758
0,890,1536.6217041015625,14339.05859375,3.4238619804382324,9.204607009887695,8.3622407913208
0,891,2035.6802978515625,19212.048828125,3.8158445358276367,11.66300106048584,9.75920295715332
0,892,1915.63427734375,18106.560546875,3.49927020072937,11.344974517822266,10.512943267822266
0,893,1708.4178466796875,16095.5166015625,3.2955403327941895,11.143865585327148,9.029683113098145
0,894,1693.544677734375,15887.740234375,3.4923555850982666,10.259517669677734,8.208410263061523
0,895,2154.358642578125,20529.734375,3.379507541656494,13.137076377868652,9.046058654785156
0,896,2041.25390625,19352.98046875,3.5318617820739746,11.9264554977417,10.820022583007812
0,897,1769.069091796875,16714.79296875,3.2529919147491455,11.306245803833008,8.824705123901367
0,898,2420.73193359375,23027.44140625,3.9329237937927246,14.899834632873535,9.19991397857666
0,899,1887.021240234375,17910.51171875,3.1990020275115967,13.080347061157227,8.40198802947998
0,900,2042.55126953125,19380.638671875,3.4829156398773193,11.21977424621582,11.31247329711914
0,901,2085.20751953125,19723.66796875,3.7613563537597656,11.702436447143555,10.269476890563965
0,902,2206.936767578125,21008.111328125,3.5375146865844727,11.851686477661133,11.840874671936035
0,903,2111.49365234375,20055.78125,3.5305187702178955,10.953960418701172,10.657480239868164
0,904,2012.78857421875,19085.26953125,3.475385904312134,11.748889923095703,9.921369552612305
0,905,2044.8948974609375,19443.55078125,3.351325035095215,12.325254440307617,8.53283405303955
0,906,2053.857177734375,19477.5859375,3.5366132259368896,11.737549781799316,10.723248481750488
0,907,2289.0556640625,21853.97265625,3.4552812576293945,13.47680377960205,10.54217529296875
0,908,1954.62548828125,18528.921875,3.391108512878418,10.877182006835938,10.104190826416016
0,909,2327.203369140625,22160.048828125,3.7066171169281006,12.24222469329834,11.198383331298828
0,910,2287.805908203125,21788.4375,3.6320722103118896,13.655149459838867,10.423054695129395
0,911,2583.876708984375,24631.83984375,4.023087978363037,15.227505683898926,10.649829864501953
0,912,2016.45458984375,19011.96875,3.841921806335449,12.347210884094238,9.647150039672852
0,913,2047.47119140625,19448.81640625,3.4196479320526123,13.130169868469238,8.713399887084961
0,914,2146.859619140625,20353.048828125,3.7184925079345703,11.167325973510742,11.16983699798584
0,915,1816.66650390625,17062.431640625,3.680779457092285,10.36180305480957,10.211003303527832
0,916,1721.056396484375,16236.7724609375,3.2459702491760254,10.354188919067383,9.868638038635254
0,917,1669.004638671875,15695.3583984375,3.315626621246338,10.040933609008789,9.145421028137207
0,918,2403.262451171875,22591.30859375,4.804384231567383,13.11713695526123,9.614007949829102
0,919,2060.5,19060.9453125,5.146848678588867,13.697216033935547,8.513201713562012
0,920,1800.2626953125,16878.365234375,3.7475392818450928,10.56043815612793,10.756750106811523
0,921,1969.3182373046875,18720.451171875,3.242434501647949,10.57176399230957,11.425594329833984
0,922,1912.6304931640625,18164.984375,3.204402446746826,12.282730102539062,8.681516647338867
0,923,1710.0367431640625,16069.841796875,3.4350833892822266,13.178955078125,6.150959014892578
0,924,2102.9921875,19809.228515625,4.068974494934082,13.664713859558105,9.380410194396973
0,925,2089.763916015625,19586.693359375,4.3698225021362305,12.914495468139648,10.283684730529785
0,926,1672.4754638671875,15611.984375,3.7092318534851074,10.174332618713379,9.096902847290039
0,927,2161.28955078125,20583.67578125,3.4307327270507812,12.468138694763184,10.276141166687012
0,928,2453.15771484375,23463.625,3.5598409175872803,15.053878784179688,10.141897201538086
0,929,2305.716796875,21979.775390625,3.591310501098633,13.141973495483398,11.199914932250977
0,930,2102.901611328125,19982.369140625,3.4888205528259277,12.663223266601562,10.971136093139648
0,931,2183.2578125,20578.53125,4.180150985717773,14.235979080200195,8.84062671661377
0,932,1897.5653076171875,17760.265625,4.051290512084961,12.055850982666016,8.476632118225098
0,933,2327.234619140625,22139.0703125,3.777587413787842,13.412628173828125,9.508750915527344
0,934,1859.4307861328125,17573.189453125,3.4037275314331055,11.322895050048828,9.566262245178223
0,935,2325.603515625,21997.83203125,4.194013595581055,14.228399276733398,10.862293243408203
0,936,2189.086181640625,20750.927734375,3.79978084564209,13.340916633605957,11.084395408630371
0,937,1911.444091796875,18143.38671875,3.236844062805176,10.130861282348633,10.546462059020996
0,938,1727.08935546875,16193.646484375,3.590822696685791,11.450974464416504,7.837564468383789
0,939,2501.32568359375,23629.80078125,4.611514091491699,14.058588027954102,10.656106948852539
0,940,2136.252685546875,20332.94140625,3.431948184967041,11.980717658996582,10.01115608215332
0,941,2030.9105224609375,19389.66796875,3.064790725708008,12.721473693847656,9.388611793518066
0,942,1508.481201171875,14105.8486328125,3.2632126808166504,9.39415168762207,8.930957794189453
0,943,1910.1702880859375,18058.568359375,3.477116584777832,9.662680625915527,11.006378173828125
0,944,2022.97314453125,19171.796875,3.526449203491211,13.113779067993164,9.588295936584473
0,945,2161.08203125,20618.0546875,3.3092243671417236,13.538960456848145,9.876466751098633
0,946,1966.7501220703125,18499.49609375,3.8933510780334473,12.516767501831055,9.963322639465332
0,947,1712.4749755859375,16097.431640625,3.424393892288208,9.067793846130371,10.700303077697754
0,948,2005.9898681640625,19026.04296875,3.446183681488037,11.209114074707031,10.676896095275879
0,949,2162.403076171875,20378.078125,4.153176784515381,14.664421081542969,8.184144020080566
0,950,1485.572509765625,13901.3857421875,3.1811304092407227,9.880868911743164,8.192594528198242
0,951,2175.804443359375,20878.005859375,2.933462142944336,12.050074577331543,9.724320411682129
0,952,2262.03173828125,21334.734375,4.285276412963867,12.358038902282715,11.186277389526367
0,953,1376.23583984375,12769.56640625,3.309305191040039,9.448177337646484,7.956240653991699
0,954,1794.2646484375,16894.267578125,3.4945974349975586,11.280399322509766,8.616308212280273
0,955,2328.97998046875,22256.62109375,3.443925380706787,12.118335723876953,10.906586647033691
0,956,1625.185546875,15183.9755859375,3.559598922729492,10.96500015258789,8.232951164245605
0,957,1575.7147216796875,14794.533203125,3.2087132930755615,9.956005096435547,8.474187850952148
0,958,1487.6292724609375,13807.322265625,3.563231945037842,9.845958709716797,8.364432334899902
0,959,2173.35595703125,20742.234375,3.304419994354248,13.444009780883789,9.18886947631836
0,960,2356.602783203125,22486.90625,3.597067356109619,11.903658866882324,12.660877227783203
0,961,2080.54638671875,19766.740234375,3.462411880493164,10.63326358795166,11.402709007263184
0,962,2185.53857421875,20837.7890625,3.3919878005981445,15.146728515625,8.342622756958008
0,963,1962.6795654296875,18466.859375,3.8664557933807373,12.018260955810547,9.872379302978516
0,964,1593.484619140625,14911.52734375,3.4110641479492188,10.962869644165039,7.332217216491699
0,965,2102.265380859375,20115.830078125,3.0227439403533936,11.897348403930664,11.23725700378418
0,966,2430.601806640625,23174.236328125,3.772606372833252,14.779068946838379,10.67171573638916
0,967,1748.733642578125,16475.96875,3.371225357055664,8.886775970458984,11.01977252960205
0,968,1999.95166015625,18784.7890625,4.049093246459961,11.791482925415039,9.518038749694824
0,969,2003.6953125,18918.482421875,3.7282352447509766,12.968645095825195,8.344106674194336
0,970,1700.91552734375,16071.7919921875,3.1245455741882324,9.637959480285645,9.515680313110352
0,971,2055.734619140625,19346.61328125,4.0357770919799805,12.540719032287598,9.847188949584961
0,972,1863.1402587890625,17570.029296875,3.537912368774414,11.882121086120605,9.426730155944824
0,973,2316.211181640625,22081.4453125,3.6022233963012695,13.259452819824219,10.355056762695312
0,974,1599.8328857421875,14717.904296875,4.268083572387695,11.453010559082031,7.051651954650879
0,975,2069.402587890625,19481.79296875,4.040771961212158,12.367170333862305,10.668700218200684
0,976,2157.92529296875,20576.65234375,3.341998815536499,14.234053611755371,7.402163505554199
0,977,2289.594482421875,21733.86328125,3.8736016750335693,15.845808982849121,7.874258995056152
0,978,1811.78076171875,17159.81640625,3.193301200866699,8.70970344543457,10.75912857055664
0,979,1616.860595703125,15088.548828125,3.6001927852630615,10.134810447692871,8.041857719421387
0,980,2071.887451171875,19744.439453125,3.248116970062256,11.622579574584961,10.508108139038086
0,981,1700.9332275390625,15847.3837890625,3.873159170150757,12.465696334838867,7.901506423950195
0,982,2073.4404296875,19632.671875,3.6724371910095215,12.095757484436035,10.621664047241211
0,983,2196.80126953125,20980.880859375,3.2904367446899414,12.621492385864258,10.315788269042969
0,984,2531.824951171875,24161.802734375,3.85482120513916,14.935821533203125,10.154668807983398
0,985,1864.597412109375,17710.0078125,3.119885206222534,12.644997596740723,8.758913040161133
0,986,2143.935546875,20405.8125,3.4451422691345215,12.535791397094727,10.60890007019043
0,987,2345.59765625,22447.95703125,3.3600685596466064,13.573126792907715,10.756494522094727
0,988,2158.515625,20571.33984375,3.379387140274048,12.88313102722168,9.820444107055664
0,989,2862.343994140625,27443.44140625,3.933326482772827,16.12363052368164,10.67150592803955
0,990,2004.1346435546875,19033.07421875,3.3609044551849365,11.767696380615234,9.487088203430176
0,991,2061.07861328125,19296.171875,4.382047653198242,12.394545555114746,9.1185941696167
0,992,2528.517822265625,24058.83984375,4.087795257568359,16.21479034423828,10.307295799255371
0,993,2253.967041015625,21374.44921875,3.8840651512145996,12.711691856384277,11.003340721130371
0,994,2243.861328125,21206.4921875,4.107070446014404,13.02180290222168,10.5006103515625
0,995,1355.570068359375,12490.8662109375,3.549445629119873,10.07552719116211,7.94658088684082
0,996,2141.34326171875,20337.521484375,3.5863685607910156,15.120420455932617,7.137147903442383
0,997,1786.651123046875,16860.3359375,3.353917121887207,10.424141883850098,8.966635704040527
0,998,1731.8009033203125,16247.9384765625,3.566903829574585,10.21295166015625,10.289752006530762
0,999,2241.861328125,21377.2578125,3.4711811542510986,11.554977416992188,12.142399787902832
0,1000,1702.5380859375,15819.0283203125,4.021176815032959,8.783623695373535,11.044775009155273
0,1001,1785.8153076171875,16845.890625,3.374206304550171,11.626094818115234,9.125375747680664
0,1002,1388.2413330078125,12998.603515625,2.9460320472717285,8.020734786987305,8.217867851257324
0,1003,2099.48291015625,19872.296875,3.741772174835205,11.669743537902832,11.072636604309082
0,1004,1750.4927978515625,16458.400390625,3.4884254932403564,10.765937805175781,7.86759090423584
0,1005,1935.3624267578125,18329.265625,3.4145278930664062,12.80154800415039,8.07651138305664
0,1006,2142.5849609375,20440.12109375,3.285763740539551,11.014562606811523,11.443025588989258
0,1007,1925.2451171875,18306.94140625,3.151698589324951,11.753619194030762,8.516461372375488
0,1008,2243.90771484375,21236.76171875,4.00771427154541,13.296323776245117,10.599188804626465
0,1009,2464.702392578125,23657.001953125,3.3000736236572266,12.77392292022705,11.630354881286621
0,1010,1619.952880859375,15177.251953125,3.4075889587402344,11.732998847961426,6.532166481018066
0,1011,2072.548828125,19620.888671875,3.6820015907287598,11.606246948242188,11.355460166931152
0,1012,2049.074462890625,19402.49609375,3.6274914741516113,13.180811882019043,8.433987617492676
0,1013,1950.916259765625,18480.904296875,3.4275286197662354,9.47878360748291,12.084492683410645
0,1014,1888.7962646484375,17926.29296875,3.2055647373199463,10.891836166381836,11.004326820373535
0,1015,2284.245849609375,21655.64453125,3.9560434818267822,12.907801628112793,11.912115097045898
0,1016,2297.1162109375,22081.16015625,2.966674566268921,13.10175895690918,10.502633094787598
0,1017,2723.625732421875,25784.6171875,4.838799476623535,14.901333808898926,12.018501281738281
0,1018,2085.9814453125,19796.5859375,3.5440988540649414,13.491706848144531,8.140278816223145
0,1019,1747.90869140625,16341.2373046875,3.7928285598754883,12.047903060913086,7.338349342346191
0,1020,2380.914794921875,22761.24609375,3.493000030517578,12.530067443847656,13.009218215942383
0,1021,1696.06884765625,15872.7109375,3.626589059829712,10.343316078186035,10.20436954498291
0,1022,2350.762451171875,22351.20703125,3.8547203540802,13.808947563171387,9.841095924377441
0,1023,1802.218994140625,16787.6015625,4.11529541015625,12.294708251953125,8.55966567993164
0,1024,2608.615234375,25165.384765625,3.0692238807678223,13.23271656036377,12.269474029541016
0,1025,2171.135009765625,20656.3984375,3.516507387161255,11.15899658203125,12.222026824951172
0,1026,1669.4697265625,15865.74609375,2.7631707191467285,10.938884735107422,8.498126029968262
0,1027,2050.45556640625,19488.0625,3.3883056640625,12.282888412475586,10.138422012329102
0,1028,1847.728271484375,17379.01171875,3.6609020233154297,10.954765319824219,9.955991744995117
0,1029,1836.8912353515625,17402.357421875,3.221851348876953,9.940069198608398,10.314343452453613
0,1030,2309.65869140625,21829.3203125,4.224215030670166,13.464004516601562,10.752420425415039
0,1031,1691.4503173828125,15912.4140625,3.3402955532073975,9.246133804321289,10.27038860321045
0,1032,2008.4998779296875,19049.2265625,3.452572822570801,10.418058395385742,11.259242057800293
0,1033,2303.799560546875,21919.15234375,3.7294788360595703,13.183675765991211,11.007340431213379
0,1034,1959.6278076171875,18460.26171875,3.786719799041748,12.24139404296875,7.32752799987793
0,1035,1667.9464111328125,15643.595703125,3.452894449234009,10.57179069519043,9.411762237548828
0,1036,1886.420654296875,17883.681640625,3.268415927886963,9.796810150146484,10.541159629821777
0,1037,1722.292236328125,16077.865234375,3.81685733795166,9.310894012451172,9.016778945922852
0,1038,1746.2315673828125,16506.025390625,3.1876347064971924,12.674378395080566,7.715557098388672
0,1039,2078.826416015625,19803.376953125,3.2829513549804688,11.923563957214355,10.340133666992188
0,1040,1754.1014404296875,16470.42578125,3.5686283111572266,12.176918983459473,7.903851509094238
0,1041,1722.9688720703125,16264.1630859375,3.2184178829193115,12.079651832580566,7.052046775817871
0,1042,2130.007568359375,20314.4375,3.2854576110839844,12.972932815551758,9.480011940002441
0,1043,1807.7576904296875,17069.7578125,3.3593955039978027,11.284920692443848,8.389704704284668
0,1044,1395.46142578125,13030.962890625,3.0788369178771973,9.722780227661133,7.573269844055176
0,1045,2041.992919921875,19373.353515625,3.488586664199829,13.035263061523438,8.92533016204834
0,1046,2475.62841796875,23663.7734375,3.641695022583008,12.34756851196289,11.59505844116211
0,1047,2142.847412109375,20431.3203125,3.3238468170166016,11.082494735717773,12.19968318939209
0,1048,2120.839599609375,20078.595703125,3.7660000324249268,12.20427417755127,10.130462646484375
0,1049,2531.5732421875,24085.8671875,4.099555015563965,16.08779525756836,9.198984146118164
0,1050,2249.55908203125,21325.033203125,3.901853084564209,12.575540542602539,10.242897033691406
0,1051,2300.58935546875,21804.734375,4.003863334655762,12.723125457763672,11.683486938476562
0,1052,2324.4228515625,21999.09765625,4.1504340171813965,14.991626739501953,9.183759689331055
0,1053,2358.65966796875,22618.34765625,3.227501153945923,13.733222961425781,10.693094253540039
0,1054,2062.558349609375,19607.78515625,3.3926620483398438,11.56170654296875,9.062005043029785
0,1055,1957.31201171875,18655.69140625,3.0580921173095703,9.670612335205078,11.44962215423584
0,1056,1975.2845458984375,18743.384765625,3.3648681640625,12.445327758789062,9.243108749389648
0,1057,1745.3841552734375,16524.55078125,3.0976366996765137,11.08444595336914,9.497390747070312
0,1058,2180.361572265625,20769.169921875,3.448153018951416,10.70638370513916,11.196017265319824
0,1059,2015.2437744140625,19186.48046875,3.2198567390441895,10.873701095581055,11.359696388244629
0,1060,2058.4365234375,19400.2734375,3.9469733238220215,14.634197235107422,7.1702470779418945
0,1061,1881.6285400390625,17775.845703125,3.4681317806243896,11.6821870803833,8.930524826049805
0,1062,1360.743408203125,12492.501953125,3.716440200805664,7.938660144805908,8.103946685791016
0,1063,2394.113037109375,22759.07421875,3.9401869773864746,14.67807388305664,9.240167617797852
0,1064,2072.522216796875,19870.306640625,2.8497228622436523,10.025764465332031,11.403488159179688
0,1065,1806.276123046875,17018.025390625,3.482449531555176,11.3369779586792,8.776639938354492
0,1066,2523.024169921875,23857.857421875,4.574611186981201,16.28873062133789,9.472933769226074
0,1067,1969.494140625,18245.060546875,4.832934379577637,12.322128295898438,8.543781280517578
0,1068,1892.2294921875,18010.66015625,3.038783073425293,11.759016990661621,8.983942031860352
0,1069,2381.46240234375,22809.203125,3.3513970375061035,13.16869068145752,9.73391342163086
0,1070,2480.5439453125,23760.109375,3.4844307899475098,14.194149017333984,9.298330307006836
0,1071,1653.2633056640625,15509.771484375,3.4095394611358643,10.099312782287598,9.736307144165039
0,1072,2162.6826171875,20655.69921875,3.237088441848755,11.445785522460938,11.096778869628906
0,1073,2691.677001953125,25807.935546875,3.6961073875427246,16.609081268310547,9.216633796691895
0,1074,2417.087890625,23119.5625,3.5043864250183105,13.141271591186523,10.930556297302246
0,1075,1643.563720703125,15408.017578125,3.425398826599121,11.4010009765625,7.684263229370117
0,1076,1829.7371826171875,17198.86328125,3.661695957183838,10.128644943237305,10.245272636413574
0,1077,2221.537109375,21085.29296875,3.766927719116211,11.714475631713867,12.10449504852295
0,1078,2077.87255859375,19575.3046875,4.01140022277832,13.849540710449219,7.3766326904296875
0,1079,1558.12939453125,14540.46484375,3.469428539276123,10.604312896728516,7.865469932556152
0,1080,2008.24365234375,19094.505859375,3.2931041717529297,10.592960357666016,10.979552268981934
0,1081,2051.223876953125,19517.89453125,3.3144826889038086,11.902753829956055,10.18558406829834
0,1082,1653.3563232421875,15544.2001953125,3.2978768348693848,10.964152336120605,8.678751945495605
0,1083,2259.281494140625,21413.478515625,3.9311230182647705,16.36214828491211,7.1110992431640625
0,1084,1566.386962890625,14780.685546875,2.9439468383789062,9.69743537902832,8.838010787963867
0,1085,1733.3818359375,16332.3564453125,3.338205575942993,10.00650405883789,9.291730880737305
0,1086,2000.6422119140625,18057.087890625,6.497777938842773,12.460737228393555,8.558422088623047
0,1087,2120.114501953125,19995.45703125,4.018960475921631,11.073616027832031,11.807043075561523
0,1088,2399.068603515625,23035.37890625,3.184356689453125,13.06336498260498,12.581815719604492
0,1089,2191.521728515625,20696.62890625,4.061964988708496,12.745269775390625,9.720415115356445
0,1090,1844.755615234375,17487.16796875,3.2012929916381836,11.642958641052246,9.202055931091309
0,1091,2192.8369140625,20947.21875,3.270498275756836,13.991947174072266,9.301979064941406
0,1092,2170.016357421875,20643.921875,3.520798683166504,14.14094352722168,8.495539665222168
0,1093,1774.7606201171875,16717.0703125,3.435119152069092,11.767266273498535,8.56864070892334
0,1094,1871.6163330078125,17652.54296875,3.5454022884368896,12.96072769165039,8.134012222290039
0,1095,1483.1324462890625,13910.18359375,3.0704665184020996,11.2547607421875,6.2113752365112305
0,1096,1737.00439453125,16265.5546875,3.6816301345825195,9.30974006652832,9.688133239746094
0,1097,2033.561279296875,19210.12890625,3.7516098022460938,12.610172271728516,10.069189071655273
0,1098,1715.8857421875,16121.986328125,3.456239700317383,11.853221893310547,7.462377548217773
0,1099,2583.107421875,24764.7265625,3.554492235183716,14.15975570678711,11.374914169311523
0,1100,1689.005859375,15937.208984375,3.176161766052246,9.553413391113281,9.800284385681152
0,1101,1790.7325439453125,16896.576171875,3.369163990020752,12.395706176757812,7.582073211669922
0,1102,2253.09033203125,21423.076171875,3.6927602291107178,13.727595329284668,10.253252983093262
0,1103,1646.1904296875,15402.30859375,3.5319855213165283,10.749199867248535,8.48520278930664
0,1104,1924.85498046875,18233.4453125,3.3836774826049805,10.535959243774414,10.489940643310547
0,1105,2256.583740234375,21494.701171875,3.5704505443573,14.547459602355957,9.792989730834961
0,1106,2517.424560546875,24076.240234375,3.6600208282470703,14.014731407165527,11.126651763916016
0,1107,1375.341796875,12727.203125,3.4207160472869873,10.80033016204834,6.981813430786133
0,1108,2392.84375,22692.11328125,4.121081352233887,13.935489654541016,10.866877555847168
0,1109,1707.227783203125,16008.703125,3.545248031616211,9.97587776184082,10.161810874938965
0,1110,1600.679443359375,15027.5419921875,3.2641706466674805,9.414844512939453,9.957808494567871
0,1111,2126.67041015625,19992.1171875,4.248621940612793,14.34251594543457,8.088367462158203
0,1112,2047.931640625,19420.849609375,3.528224468231201,12.488139152526855,9.552571296691895
0,1113,2569.22216796875,24461.91015625,4.101029396057129,11.218194961547852,12.785600662231445
0,1114,1917.1649169921875,17775.931640625,4.652393341064453,11.059326171875,9.468969345092773
0,1115,1868.12646484375,17659.59375,3.405571937561035,12.047553062438965,7.777483940124512
0,1116,1994.934326171875,18917.193359375,3.440497875213623,12.20556640625,9.805730819702148
0,1117,1868.3963623046875,17546.306640625,3.792186737060547,13.975525856018066,6.521806716918945
0,1118,2806.744384765625,26839.00390625,4.09480094909668,16.127212524414062,10.866296768188477
0,1119,2414.43603515625,23034.65625,3.6990113258361816,12.658754348754883,11.481526374816895
0,1120,1936.5145263671875,18395.431640625,3.2323784828186035,12.17888355255127,9.060802459716797
0,1121,2138.3291015625,20249.00390625,3.7809600830078125,11.870217323303223,10.747915267944336
0,1122,2301.363037109375,21944.60546875,3.5634145736694336,12.662860870361328,10.99963665008545
0,1123,1725.8577880859375,16239.6044921875,3.3965775966644287,10.626241683959961,9.258672714233398
0,1124,2249.663330078125,21385.01953125,3.705378532409668,13.211360931396484,10.23256778717041
0,1125,2168.83251953125,20758.78125,3.0984792709350586,12.030324935913086,10.606751441955566
0,1126,1865.794677734375,17463.158203125,3.9826297760009766,10.670053482055664,9.603840827941895
0,1127,1780.8939208984375,16607.69921875,4.0041351318359375,11.37168025970459,9.118308067321777
0,1128,2472.881591796875,23615.25390625,3.7118730545043945,15.06074047088623,8.843018531799316
0,1129,1760.8477783203125,16592.388671875,3.386962413787842,11.467514991760254,8.39146900177002
0,1130,2373.304443359375,22659.20703125,3.5794577598571777,15.626970291137695,8.58953857421875
0,1131,2102.267822265625,19948.408203125,3.580899477005005,12.492794036865234,10.086249351501465
0,1132,2365.12744140625,22422.423828125,4.096166610717773,14.414664268493652,9.4996919631958
0,1133,1795.731201171875,17031.6015625,3.0856995582580566,12.40087604522705,9.158123016357422
0,1134,1931.5950927734375,18222.85546875,3.6436514854431152,12.370823860168457,9.03065013885498
0,1135,1534.3363037109375,14398.70703125,3.148850679397583,10.609994888305664,8.165962219238281
0,1136,1678.3150634765625,15663.275390625,3.7329187393188477,10.189571380615234,8.775341987609863
0,1137,2112.08984375,20043.70703125,3.5906357765197754,11.785837173461914,10.273150444030762
0,1138,1541.560791015625,14327.88671875,3.62573504447937,11.532297134399414,6.672033309936523
0,1139,2101.009521484375,19922.26953125,3.6260862350463867,13.931385040283203,8.464153289794922
0,1140,1387.0269775390625,12850.634765625,3.398784637451172,9.26527214050293,6.398759841918945
0,1141,1666.5552978515625,15684.138671875,3.2713773250579834,10.044998168945312,9.474248886108398
0,1142,1883.9949951171875,17862.546875,3.2580084800720215,11.86286449432373,9.009963035583496
0,1143,2022.650390625,19083.107421875,3.8113203048706055,11.047761917114258,10.892995834350586
0,1144,1535.712646484375,14346.5908203125,3.3684544563293457,10.3016357421875,8.459827423095703
0,1145,2305.625732421875,22077.400390625,3.262857437133789,11.058138847351074,12.85033130645752
0,1146,2113.503662109375,19885.025390625,4.166701316833496,13.243471145629883,9.970062255859375
0,1147,1222.808837890625,11317.7451171875,3.0344762802124023,8.999610900878906,6.357028007507324
0,1148,1686.259765625,15977.1923828125,2.9513487815856934,9.270654678344727,9.991514205932617
0,1149,1956.773681640625,18532.89453125,3.4494762420654297,9.859691619873047,12.080594062805176
0,1150,2094.974609375,19964.453125,3.284313678741455,12.133352279663086,10.493382453918457
0,1151,1505.1302490234375,14087.359375,3.2131447792053223,10.545294761657715,8.171150207519531
0,1152,1825.2572021484375,17415.611328125,2.789869546890259,9.577454566955566,10.890531539916992
0,1153,2042.4302978515625,19298.19921875,3.753676652908325,12.950639724731445,9.758322715759277
0,1154,1665.548828125,15591.03125,3.5481884479522705,11.814353942871094,7.607038497924805
0,1155,2048.064697265625,19327.0546875,3.845308542251587,12.597424507141113,9.499763488769531
0,1156,1805.4713134765625,17039.951171875,3.3825392723083496,10.548008918762207,10.033292770385742
0,1157,1996.626708984375,18878.548828125,3.625727415084839,11.136903762817383,10.740130424499512
0,1158,1699.048583984375,15963.80859375,3.4222588539123535,11.541289329528809,7.554727554321289
0,1159,2079.699951171875,19859.353515625,3.125485420227051,12.219270706176758,9.6912841796875
0,1160,2048.57861328125,19381.15625,3.682097911834717,11.196516036987305,10.827763557434082
0,1161,1924.54443359375,18071.09765625,3.9144914150238037,14.02787971496582,7.1043596267700195
0,1162,2308.85986328125,22024.984375,3.5453734397888184,12.50637435913086,11.748231887817383
0,1163,1709.7979736328125,15877.271484375,4.069027900695801,12.484786987304688,7.896410942077637
0,1164,1911.4857177734375,18081.09375,3.4458775520324707,11.673480987548828,9.046875
0,1165,2044.4722900390625,19360.275390625,3.6148219108581543,12.988506317138672,9.471922874450684
0,1166,2110.637451171875,20074.201171875,3.4405746459960938,14.138980865478516,9.415596008300781
0,1167,1754.88671875,16414.783203125,3.780275821685791,11.937490463256836,8.361870765686035
0,1168,2060.02685546875,19572.87109375,3.424659490585327,11.588321685791016,10.104898452758789
0,1169,1987.751708984375,18854.47265625,3.4101462364196777,12.469782829284668,9.956941604614258
0,1170,1476.311279296875,13636.71875,3.7546463012695312,9.977865219116211,8.510442733764648
0,1171,2131.503662109375,20212.78125,3.674180030822754,13.878856658935547,8.766773223876953
0,1172,1997.1717529296875,18895.19140625,3.588421106338501,13.607536315917969,8.3800687789917
0,1173,1819.2999267578125,16953.568359375,4.131435871124268,12.648338317871094,7.421899795532227
0,1174,1937.3033447265625,18237.091796875,3.7864718437194824,12.663627624511719,8.19509506225586
0,1175,2177.470947265625,20719.11328125,3.5186541080474854,13.14242935180664,9.418566703796387
0,1176,2009.383056640625,18869.072265625,4.082529067993164,12.436297416687012,9.041132926940918
0,1177,1631.8726806640625,15401.1376953125,3.0586295127868652,9.601799011230469,9.021594047546387
0,1178,2076.210205078125,19732.44140625,3.4321999549865723,10.815618515014648,11.489843368530273
0,1179,2522.834716796875,23885.8671875,4.474932670593262,15.41348648071289,8.187962532043457
0,1180,1640.144775390625,15393.4453125,3.3600046634674072,9.804254531860352,8.272250175476074
0,1181,1816.6387939453125,17142.681640625,3.4123520851135254,11.249847412109375,8.993152618408203
0,1182,2063.57958984375,19506.8515625,3.7631430625915527,11.205018997192383,11.040261268615723
0,1183,1750.6884765625,16337.2890625,3.898653507232666,11.605276107788086,8.617681503295898
0,1184,2069.670654296875,19793.8046875,3.009669780731201,11.533426284790039,9.545157432556152
0,1185,2161.772216796875,20615.236328125,3.3416152000427246,11.836759567260742,10.063044548034668
0,1186,1906.305419921875,17836.97265625,4.086939811706543,11.544086456298828,10.022801399230957
0,1187,1334.564697265625,12330.044921875,3.3853397369384766,8.778915405273438,8.11884593963623
0,1188,2269.923828125,21676.64453125,3.408642292022705,11.534978866577148,12.130499839782715
0,1189,1805.2265625,17060.009765625,3.3075175285339355,10.908016204833984,8.390764236450195
0,1190,1839.350341796875,17439.990234375,3.1783769130706787,10.855818748474121,10.14896011352539
0,1191,1929.3834228515625,18328.39453125,3.2181317806243896,10.484037399291992,11.658246040344238
0,1192,1871.0032958984375,17714.322265625,3.319033622741699,10.056411743164062,10.618839263916016
0,1193,1542.2918701171875,14460.7099609375,3.207359790802002,9.460759162902832,9.238523483276367
0,1194,1801.0567626953125,17040.458984375,3.2336935997009277,12.29385757446289,8.765170097351074
0,1195,1534.253173828125,14430.7421875,3.039299488067627,9.651244163513184,9.403987884521484
0,1196,2113.77587890625,20090.658203125,3.4903359413146973,12.804536819458008,8.853299140930176
0,1197,2103.111083984375,19949.6484375,3.604876756668091,13.850969314575195,8.09545612335205
0,1198,2386.17529296875,22850.23828125,3.3717105388641357,12.56216049194336,10.9843111038208
0,1199,1531.3167724609375,14354.83203125,3.194451332092285,11.637975692749023,6.247130393981934
0,1200,1970.5916748046875,18755.04296875,3.1695785522460938,11.62453556060791,10.154627799987793
0,1201,1980.9132080078125,18630.59375,3.9284586906433105,12.28625774383545,8.879565238952637
0,1202,2023.265869140625,19126.09765625,3.6885364055633545,11.610038757324219,10.748560905456543
0,1203,1594.98876953125,14987.90234375,3.206618309020996,9.81670093536377,9.707921028137207
0,1204,1567.0860595703125,14730.42578125,3.1347827911376953,11.077947616577148,7.451210021972656
0,1205,1661.7620849609375,15524.7841796875,3.642791509628296,11.416300773620605,7.706829071044922
0,1206,2299.212158203125,21802.23828125,3.9662728309631348,13.221145629882812,10.728523254394531
0,1207,1855.2760009765625,17279.755859375,4.243348598480225,11.554149627685547,9.89096450805664
0,1208,2094.434814453125,20054.921875,2.9647514820098877,11.553437232971191,9.886539459228516
0,1209,1550.27734375,14499.69140625,3.34360933303833,12.016968727111816,6.217071533203125
0,1210,2000.2203369140625,18913.9765625,3.6274194717407227,11.380456924438477,10.426063537597656
0,1211,2238.11572265625,21311.01171875,3.5671496391296387,12.653609275817871,10.429512023925781
0,1212,1950.8619384765625,18618.015625,2.9686758518218994,13.593260765075684,8.18078899383545
0,1213,2078.20068359375,19804.33203125,3.2589151859283447,13.081023216247559,9.608853340148926
0,1214,2012.2403564453125,19169.873046875,3.1751022338867188,11.503108978271484,10.585836410522461
0,1215,1677.9102783203125,15520.62890625,4.1949143409729,10.432291030883789,9.025169372558594
0,1216,1629.98583984375,15227.2099609375,3.5754928588867188,11.448371887207031,6.04854679107666
0,1217,1755.0186767578125,16562.005859375,3.293938159942627,11.741926193237305,8.12154483795166
0,1218,2249.380859375,21282.41796875,4.037962913513184,14.026512145996094,9.222094535827637
0,1219,1768.4571533203125,16579.484375,3.6836209297180176,11.82827377319336,8.729515075683594
0,1220,1762.1512451171875,16728.673828125,2.9761266708374023,12.313943862915039,8.291070938110352
0,1221,1950.2166748046875,18434.42578125,3.559136390686035,11.512313842773438,8.459259986877441
0,1222,2145.656005859375,20504.154296875,3.174679756164551,11.742049217224121,10.140594482421875
0,1223,1950.922607421875,18519.125,3.30033802986145,11.495378494262695,9.55199909210205
0,1224,1850.796142578125,17317.44140625,3.9684014320373535,11.437337875366211,8.94206714630127
0,1225,2114.154296875,19948.775390625,3.975891590118408,13.02783203125,8.931049346923828
0,1226,1880.2825927734375,17813.421875,3.298013210296631,10.355489730834961,9.450124740600586
0,1227,1917.101806640625,18159.818359375,3.3706674575805664,12.88005256652832,7.963677406311035
0,1228,2134.009521484375,20332.44921875,3.358819007873535,14.704763412475586,8.363632202148438
0,1229,1898.3787841796875,17970.86328125,3.376415252685547,10.636870384216309,10.56364631652832
0,1230,1818.390869140625,17186.80078125,3.3236937522888184,10.063087463378906,9.732170104980469
0,1231,2157.693115234375,20473.09375,3.6794586181640625,13.721487045288086,8.99027156829834
0,1232,1933.223876953125,18256.6171875,3.5854036808013916,12.931196212768555,7.735189437866211
0,1233,2320.23681640625,22125.587890625,3.5892701148986816,13.011253356933594,11.420172691345215
0,1234,1801.8360595703125,17006.970703125,3.3712973594665527,11.262149810791016,9.012775421142578
0,1235,1804.5570068359375,16917.7734375,3.7593212127685547,11.597354888916016,8.143890380859375
0,1236,1759.330322265625,16655.9921875,3.12437105178833,9.654707908630371,9.02961540222168
0,1237,2024.742431640625,19349.50390625,2.993068218231201,12.430950164794922,10.119711875915527
0,1238,2104.131591796875,19924.900390625,3.7213797569274902,9.584083557128906,12.327792167663574
0,1239,1619.94970703125,15108.51171875,3.6366190910339355,9.792848587036133,8.349466323852539
0,1240,1810.2208251953125,17152.931640625,3.164252281188965,10.587778091430664,8.862478256225586
0,1241,1546.5361328125,14411.5556640625,3.5126843452453613,10.623339653015137,7.174459457397461
0,1242,1613.2269287109375,15277.373046875,2.8496525287628174,10.604549407958984,8.70643138885498
0,1243,1102.856689453125,10091.30078125,3.1242198944091797,10.014204025268555,5.017219543457031
0,1244,1873.183837890625,17646.72265625,3.6170547008514404,9.623893737792969,11.071085929870605
0,1245,1972.8436279296875,18728.7578125,3.3322577476501465,12.03868293762207,8.802966117858887
0,1246,2090.09765625,19910.525390625,3.3015055656433105,12.829978942871094,9.550870895385742
0,1247,2081.33251953125,19846.0234375,3.2243399620056152,13.210441589355469,8.967711448669434
0,1248,1868.0445556640625,17574.697265625,3.6858267784118652,10.371374130249023,8.986004829406738
0,1249,1978.398681640625,18638.5390625,3.8181591033935547,12.55774974822998,9.731091499328613
0,1250,2226.175048828125,21248.48828125,3.37753963470459,12.846975326538086,10.707389831542969
0,1251,2448.8291015625,23443.806640625,3.4816174507141113,14.235175132751465,10.096977233886719
0,1252,1915.5677490234375,18228.94140625,3.089118242263794,10.735963821411133,10.783285140991211
0,1253,1615.5394287109375,15162.9453125,3.308164119720459,10.452505111694336,8.04591178894043
0,1254,1492.87255859375,14092.01171875,2.7890470027923584,8.544556617736816,9.18051815032959
0,1255,1926.1337890625,18145.5625,3.7192511558532715,10.27160930633545,10.076861381530762
0,1256,2259.43310546875,21560.6796875,3.445502519607544,12.203462600708008,11.684136390686035
0,1257,1847.79541015625,17207.3828125,4.235237121582031,11.054187774658203,8.786802291870117
0,1258,2089.968994140625,19866.40625,3.444281578063965,11.291431427001953,11.318093299865723
0,1259,2437.571533203125,23422.61328125,3.1770026683807373,12.79176139831543,12.181097984313965
0,1260,2184.82373046875,20878.931640625,3.231011152267456,11.6994047164917,11.883563041687012
0,1261,2152.751708984375,19698.787109375,6.09576416015625,11.58347225189209,11.085789680480957
0,1262,2210.008056640625,21099.505859375,3.3352441787719727,11.957588195800781,12.273527145385742
0,1263,2065.447265625,19565.759765625,3.6290414333343506,12.521595001220703,9.30538272857666
0,1264,1834.120361328125,17358.0390625,3.2772116661071777,10.913496017456055,10.012372970581055
0,1265,2342.657958984375,22322.94140625,3.6787919998168945,14.392841339111328,8.748882293701172
0,1266,1988.6544189453125,18842.65234375,3.4796388149261475,12.704763412475586,8.160224914550781
0,1267,1719.9970703125,16215.6552734375,3.2810521125793457,11.5453462600708,7.228394508361816
0,1268,1917.090576171875,18094.83203125,3.5869107246398926,11.668405532836914,9.274227142333984
0,1269,1771.4683837890625,16793.732421875,3.069835901260376,9.82119083404541,9.385648727416992
0,1270,1823.5792236328125,16886.73828125,4.496845245361328,10.865615844726562,9.886550903320312
0,1271,2320.47216796875,22060.7734375,3.8131589889526367,11.84482192993164,10.83403491973877
0,1272,1827.3773193359375,17278.76953125,3.316678524017334,10.005815505981445,9.463982582092285
0,1273,1898.34521484375,17757.58984375,4.086204528808594,10.759756088256836,9.229999542236328
0,1274,1678.6533203125,15773.98046875,3.375176429748535,10.574352264404297,8.55595588684082
0,1275,1914.12841796875,18029.072265625,3.7073731422424316,12.810972213745117,8.919533729553223
0,1276,1854.48046875,17558.2734375,3.288435459136963,11.152484893798828,9.448653221130371
0,1277,1498.2056884765625,14046.65625,3.118000030517578,9.257425308227539,8.229296684265137
0,1278,2039.43896484375,19311.984375,3.6080148220062256,13.542789459228516,8.831501007080078
0,1279,1611.045654296875,15008.87890625,3.6719229221343994,9.768949508666992,7.845963478088379
0,1280,1993.00927734375,18835.701171875,3.647968053817749,10.86917495727539,10.078408241271973
0,1281,1955.956787109375,18555.318359375,3.3474996089935303,12.910299301147461,8.494467735290527
0,1282,1298.5367431640625,12018.0546875,3.224374294281006,9.410505294799805,6.790291786193848
0,1283,1987.3890380859375,18845.4140625,3.4282546043395996,12.791465759277344,9.005619049072266
0,1284,1524.64306640625,14364.142578125,2.9409573078155518,9.880067825317383,8.604352951049805
0,1285,2072.830810546875,19707.875,3.401442527770996,13.63284683227539,8.615598678588867
0,1286,2029.037841796875,19274.490234375,3.3862924575805664,11.591594696044922,10.18311595916748
0,1287,1943.946044921875,18433.662109375,3.3526601791381836,10.721379280090332,9.654736518859863
0,1288,1742.976806640625,16384.015625,3.4858386516571045,10.479167938232422,9.828779220581055
0,1289,1588.585693359375,14911.1015625,3.2491800785064697,9.674641609191895,8.028135299682617
0,1290,2088.103759765625,19962.583984375,3.061509370803833,12.791196823120117,8.637895584106445
0,1291,1878.28564453125,17553.021484375,4.099451541900635,12.180407524108887,8.313533782958984
0,1292,2058.905517578125,19498.990234375,3.633545160293579,12.668294906616211,8.67773151397705
0,1293,1871.847412109375,17663.845703125,3.515425205230713,10.223322868347168,10.059505462646484
0,1294,1603.8875732421875,15087.3671875,3.1716952323913574,8.916214942932129,8.718897819519043
0,1295,1590.017578125,14813.67578125,3.6216681003570557,10.515473365783691,6.083154678344727
0,1296,1897.3660888671875,17877.13671875,3.655078649520874,11.820303916931152,8.427427291870117
0,1297,1410.53271484375,13040.515625,3.5493710041046143,10.664143562316895,7.691082954406738
0,1298,1722.850341796875,16283.96484375,3.148460865020752,8.695676803588867,9.908687591552734
0,1299,1964.7508544921875,18561.408203125,3.6203317642211914,12.362712860107422,8.120721817016602
0,1300,1907.92919921875,17925.521484375,3.845902919769287,10.645658493041992,10.638335227966309
0,1301,1865.5374755859375,17496.833984375,3.8617992401123047,11.996047019958496,8.987715721130371
0,1302,2061.582275390625,19485.724609375,3.7669949531555176,12.79558277130127,8.802865028381348
0,1303,1637.9403076171875,15424.2138671875,3.183964729309082,11.269359588623047,8.199196815490723
0,1304,2006.5068359375,19057.625,3.358140468597412,8.994927406311035,11.92764949798584
0,1305,1651.438232421875,15500.099609375,3.3809401988983154,11.916129112243652,6.151636123657227
0,1306,1665.4959716796875,15466.3818359375,3.961925506591797,9.603653907775879,10.18017864227295
0,1307,1929.9444580078125,18096.1875,4.010854721069336,11.232257843017578,8.65438175201416
0,1308,1813.4102783203125,16839.06640625,4.316789627075195,11.16966438293457,8.345476150512695
0,1309,1410.0177001953125,12820.4228515625,4.265843391418457,9.944908142089844,6.416652679443359
0,1310,2330.139892578125,22185.93359375,3.7182164192199707,11.8834867477417,11.559280395507812
0,1311,1709.118408203125,16059.181640625,3.440007209777832,9.589773178100586,9.30816650390625
0,1312,2337.86279296875,22203.58984375,3.9167909622192383,15.002873420715332,8.683924674987793
0,1313,1678.8460693359375,15722.4892578125,3.5532398223876953,11.174479484558105,6.839882850646973
0,1314,1936.98876953125,18432.578125,3.1243648529052734,12.797517776489258,7.790382385253906
0,1315,2376.8583984375,22860.373046875,3.0273642539978027,11.792983055114746,12.657259941101074
0,1316,2084.64306640625,19723.01953125,3.744704008102417,12.777240753173828,9.067963600158691
0,1317,1825.8851318359375,17312.39453125,3.154855251312256,12.801578521728516,6.55153751373291
0,1318,1707.297119140625,15986.1796875,3.6226370334625244,12.131988525390625,6.042287826538086
0,1319,2331.450439453125,22067.404296875,4.157000541687012,15.915942192077637,7.896147727966309
0,1320,2134.924560546875,20129.55078125,4.06564998626709,12.953779220581055,10.583171844482422
0,1321,1805.8199462890625,17172.388671875,2.952700138092041,10.180618286132812,9.220005989074707
0,1322,2343.62548828125,22336.0703125,3.6672744750976562,15.014802932739258,9.670426368713379
0,1323,2104.4453125,19943.38671875,3.6702215671539307,11.14879035949707,10.779937744140625
0,1324,1725.992919921875,16247.73046875,3.373995780944824,9.920890808105469,9.402847290039062
0,1325,1553.300048828125,14440.5908203125,3.6413636207580566,10.4907808303833,7.489391326904297
0,1326,1799.5704345703125,17158.392578125,2.791038751602173,10.250974655151367,8.649150848388672
0,1327,1650.825439453125,15361.224609375,3.8234329223632812,12.337471008300781,7.312647819519043
0,1328,1215.9375,11116.064453125,3.47770357131958,8.943192481994629,6.851833343505859
0,1329,1706.6507568359375,16108.55859375,3.193164348602295,9.125692367553711,9.568940162658691
0,1330,1569.1851806640625,14770.076171875,3.0725820064544678,9.892969131469727,8.232998847961426
0,1331,1409.0791015625,13145.07421875,3.1523900032043457,9.470340728759766,7.394272804260254
0,1332,2163.527099609375,20513.140625,3.7404260635375977,11.74731731414795,10.118459701538086
0,1333,1330.595458984375,12242.3642578125,3.545299768447876,9.273567199707031,7.809375762939453
0,1334,1538.3934326171875,14371.0595703125,3.376249074935913,10.013879776000977,8.775199890136719
0,1335,2137.1669921875,20306.37109375,3.5509984493255615,12.6329984664917,10.711071014404297
0,1336,2149.0048828125,20396.1796875,3.646226406097412,12.371970176696777,10.058938980102539
0,1337,1648.74658203125,15496.513671875,3.3031718730926514,9.41269302368164,9.33584976196289
0,1338,1727.2347412109375,16335.5283203125,3.1227288246154785,10.226258277893066,9.292091369628906
0,1339,1800.2515869140625,17047.326171875,3.183964729309082,11.755184173583984,7.9921112060546875
0,1340,1842.428466796875,17386.421875,3.459542989730835,11.808256149291992,9.06906509399414
0,1341,1875.2071533203125,17687.478515625,3.5486416816711426,11.28873062133789,7.752297401428223
0,1342,1808.9359130859375,17125.50390625,3.2128500938415527,11.555335998535156,8.85991096496582
0,1343,1934.031982421875,18214.783203125,3.751786708831787,11.323310852050781,9.848922729492188
0,1344,2098.706787109375,19913.15625,3.579704999923706,11.253816604614258,9.744589805603027
0,1345,2137.68896484375,20118.533203125,4.194519519805908,14.644346237182617,8.356760025024414
0,1346,2245.677001953125,21361.625,3.6504788398742676,16.208663940429688,7.114824295043945
0,1347,1924.365478515625,18244.87890625,3.3292508125305176,12.079967498779297,8.72351360321045
0,1348,1839.532958984375,17430.12890625,3.217331886291504,10.808856964111328,9.216691017150879
0,1349,1821.4556884765625,17259.98828125,3.1818935871124268,11.04986572265625,8.605278015136719
0,1350,1635.4852294921875,15227.0986328125,3.759181499481201,12.569953918457031,6.543248176574707
0,1351,2313.055419921875,22160.9140625,3.2321300506591797,13.59524917602539,11.004453659057617
0,1352,1524.9444580078125,13820.3046875,4.763798713684082,10.822426795959473,6.9812774658203125
0,1353,1898.889892578125,17969.716796875,3.3972718715667725,10.664167404174805,9.87681770324707
0,1354,1581.03515625,14796.21484375,3.3804566860198975,11.212915420532227,7.070989608764648
0,1355,1927.5263671875,18195.7109375,3.598508358001709,12.111656188964844,8.61814022064209
0,1356,1571.076171875,14648.455078125,3.5410196781158447,10.835105895996094,6.850611686706543
0,1357,1461.4847412109375,13604.029296875,3.3693928718566895,8.766746520996094,8.763566970825195
0,1358,2749.454833984375,26225.625,4.229747295379639,13.730515480041504,13.02039909362793
0,1359,1700.1383056640625,15900.76953125,3.668710947036743,11.639246940612793,7.768720626831055
0,1360,1804.61474609375,17087.115234375,3.1967716217041016,8.444245338439941,11.04028606414795
0,1361,2021.6455078125,19254.36328125,3.2069685459136963,11.553338050842285,10.200909614562988
0,1362,1939.8441162109375,18295.265625,3.67724871635437,9.88644790649414,11.12624740600586
0,1363,2555.779052734375,24262.662109375,4.317089080810547,14.07066822052002,11.07902717590332
0,1364,1647.3858642578125,15271.9111328125,4.006489276885986,10.538427352905273,10.096051216125488
0,1365,1905.705810546875,18017.876953125,3.463937520980835,10.866253852844238,9.554948806762695
0,1366,1880.845458984375,17747.83203125,3.5354104042053223,12.675141334533691,7.807291030883789
0,1367,1774.01025390625,16742.1640625,3.326462507247925,10.185453414916992,9.911005973815918
0,1368,1945.173095703125,18428.9453125,3.4092841148376465,11.054346084594727,10.262622833251953
0,1369,1281.485595703125,11718.771484375,3.653613328933716,9.29812240600586,5.270740509033203
0,1370,1684.0792236328125,15910.564453125,3.100755214691162,10.690374374389648,7.73304557800293
0,1371,1619.979248046875,15139.3388671875,3.5348429679870605,11.213577270507812,7.932608604431152
0,1372,1854.99658203125,17470.70703125,3.597529172897339,12.397990226745605,7.654460906982422
0,1373,1914.8560791015625,18210.83984375,3.1257355213165283,11.263049125671387,9.35130786895752
0,1374,1994.9483642578125,19025.484375,3.0799970626831055,10.780206680297852,10.490066528320312
0,1375,1605.1533203125,14796.953125,4.181933879852295,10.478446006774902,7.918083190917969
0,1376,2119.6318359375,20239.205078125,3.190375804901123,12.02513599395752,10.862802505493164
0,1377,1602.06591796875,15040.04296875,3.2687225341796875,10.211007118225098,8.357495307922363
0,1378,1995.5648193359375,18872.0546875,3.611978530883789,12.263038635253906,10.147995948791504
0,1379,2200.9248046875,21048.248046875,3.2033281326293945,12.647331237792969,10.944024085998535
0,1380,1668.5115966796875,15559.59765625,3.7517266273498535,10.548208236694336,8.167529106140137
0,1381,1794.7998046875,16943.37109375,3.348754405975342,11.560569763183594,7.847260475158691
0,1382,2112.49853515625,20074.173828125,3.50270938873291,13.238414764404297,9.241851806640625
0,1383,1755.7935791015625,16408.84375,3.8303065299987793,12.577491760253906,6.81058406829834
0,1384,2182.465087890625,20708.353515625,3.7209877967834473,10.129837036132812,12.460297584533691
0,1385,1755.649658203125,16510.748046875,3.4858293533325195,11.093830108642578,8.879922866821289
0,1386,1539.8150634765625,14440.951171875,3.1906652450561523,12.351078987121582,5.535550117492676
0,1387,2415.406005859375,22955.279296875,3.995933771133423,13.12131118774414,11.365734100341797
0,1388,1809.2373046875,17177.775390625,3.048656702041626,8.989835739135742,11.692215919494629
0,1389,1201.996826171875,11033.916015625,3.2868399620056152,7.9892425537109375,8.438251495361328
0,1390,2020.9473876953125,19163.736328125,3.4857892990112305,12.892976760864258,8.990389823913574
0,1391,2287.82177734375,21754.185546875,3.746770143508911,13.916496276855469,8.306142807006836
0,1392,1999.928955078125,18988.078125,3.3707025051116943,11.558963775634766,9.740025520324707
0,1393,1345.5889892578125,12427.28515625,3.428680658340454,8.44612979888916,7.111529350280762
0,1394,1938.2734375,18331.47265625,3.5042026042938232,12.375850677490234,8.099322319030762
0,1395,1670.1737060546875,15790.1318359375,3.038684368133545,11.178226470947266,8.014389038085938
0,1396,2268.3984375,21423.525390625,4.201533794403076,13.563871383666992,9.211493492126465
0,1397,2018.1785888671875,19131.19140625,3.501980781555176,12.310888290405273,10.299717903137207
0,1398,2181.56396484375,20658.375,3.857543468475342,10.30756950378418,12.014488220214844
0,1399,1487.8433837890625,13906.0771484375,3.241185426712036,9.00255012512207,8.344659805297852
0,1400,1512.8150634765625,13993.287109375,3.782878875732422,11.474912643432617,6.796433448791504
0,1401,1246.3751220703125,11604.9873046875,2.8625452518463135,7.292551517486572,7.842782974243164
0,1402,1288.7877197265625,11983.4501953125,3.0147557258605957,9.733924865722656,5.718016624450684
0,1403,2207.13720703125,21050.521484375,3.402829170227051,12.843035697937012,10.400111198425293
0,1404,2184.797607421875,20676.92578125,3.9034976959228516,13.251533508300781,9.998123168945312
0,1405,1271.2655029296875,11723.9228515625,3.2957706451416016,9.832201957702637,5.7369794845581055
0,1406,1534.721923828125,14291.5673828125,3.5188374519348145,11.991846084594727,7.219688415527344
0,1407,1350.2442626953125,12372.1494140625,3.767642021179199,8.62816047668457,7.899971008300781
0,1408,1837.1494140625,17432.46875,3.130082368850708,10.35389518737793,8.576621055603027
0,1409,2142.01318359375,20470.8828125,3.164168357849121,12.372990608215332,8.864225387573242
0,1410,1618.31396484375,15256.486328125,3.088840961456299,9.67515754699707,9.1516695022583
0,1411,1396.823486328125,12938.08984375,3.4338159561157227,9.191940307617188,8.560182571411133
0,1412,1571.00244140625,14647.6044921875,3.5413997173309326,11.794662475585938,5.763944625854492
0,1413,1891.1441650390625,17894.96875,3.3882393836975098,12.551090240478516,7.881156921386719
0,1414,2077.92578125,19832.513671875,3.155810832977295,11.145902633666992,10.806999206542969
0,1415,2368.638427734375,22585.2265625,3.670523166656494,13.577585220336914,10.62394905090332
0,1416,1832.3419189453125,17031.4921875,4.306421279907227,12.936456680297852,7.884817123413086
0,1417,1378.7486572265625,12868.9892578125,3.0616586208343506,9.755294799804688,6.849190711975098
0,1418,1806.8876953125,17103.03515625,3.219470977783203,12.510857582092285,7.576006889343262
0,1419,1661.604248046875,15646.609375,3.2314414978027344,10.118898391723633,7.855833053588867
0,1420,2420.4599609375,23110.595703125,3.6466822624206543,12.425509452819824,10.351478576660156
0,1421,1617.374267578125,15267.384765625,3.0211918354034424,10.325460433959961,8.377190589904785
0,1422,2241.899658203125,21387.42578125,3.4385666847229004,14.395999908447266,9.652856826782227
0,1423,1868.2823486328125,17707.3203125,3.2516777515411377,11.233461380004883,8.177244186401367
0,1424,1326.1888427734375,12169.572265625,3.641052484512329,11.858498573303223,4.482847213745117
0,1425,1635.128662109375,15344.892578125,3.3546483516693115,10.407017707824707,7.949933052062988
0,1426,2495.06982421875,23742.421875,4.027591228485107,14.88649845123291,9.16443157196045
0,1427,2003.97412109375,18953.111328125,3.622097969055176,12.560515403747559,8.200916290283203
0,1428,2089.095947265625,19706.8125,3.9471595287323,11.685308456420898,10.960795402526855
0,1429,1603.563232421875,15067.587890625,3.226816415786743,11.996755599975586,6.70499324798584
0,1430,2044.5726318359375,19298.3828125,3.824479103088379,14.447147369384766,7.420844078063965
0,1431,1501.8858642578125,14034.060546875,3.282656192779541,11.889108657836914,6.010417938232422
0,1432,2237.508544921875,21290.197265625,3.616288661956787,13.293331146240234,10.991002082824707
0,1433,1864.83154296875,17596.515625,3.5059962272644043,11.434486389160156,8.605083465576172
0,1434,2017.852294921875,19091.48828125,3.6234498023986816,12.532608032226562,10.104642868041992
0,1435,1289.30517578125,11955.68359375,3.1245603561401367,8.684207916259766,7.411149024963379
0,1436,1947.140869140625,18370.025390625,3.671276807785034,11.209759712219238,10.256897926330566
0,1437,2032.2994384765625,19278.63671875,3.481194496154785,13.00405216217041,8.961127281188965
0,1438,1651.02685546875,15462.59375,3.492250442504883,10.503941535949707,7.48448371887207
0,1439,1696.72900390625,16047.271484375,3.0667295455932617,7.612095832824707,9.806524276733398
0,1440,1752.69677734375,16345.779296875,3.9372918605804443,7.869845390319824,11.645941734313965
0,1441,2009.2138671875,19061.9609375,3.433924674987793,10.857329368591309,10.883930206298828
0,1442,1787.2412109375,16920.96484375,3.1714870929718018,11.367340087890625,8.26591682434082
0,1443,1826.5810546875,17338.595703125,3.0907135009765625,12.650808334350586,6.40220832824707
0,1444,2274.751220703125,21689.64453125,3.526224136352539,12.275829315185547,12.626214981079102
0,1445,1521.924560546875,14189.529296875,3.4323835372924805,11.534354209899902,6.421321868896484
0,1446,1925.54931640625,18348.2421875,3.0241715908050537,10.079774856567383,9.671331405639648
0,1447,1445.1138916015625,13388.7626953125,3.5412516593933105,10.037351608276367,7.533173561096191
0,1448,1396.4254150390625,12985.056640625,3.2639880180358887,8.630635261535645,7.528356552124023
0,1449,1933.2413330078125,18334.81640625,3.3253214359283447,10.581991195678711,9.165766716003418
0,1450,2093.13330078125,19809.45703125,3.7395877838134766,14.408588409423828,7.469668388366699
0,1451,1251.0025634765625,11468.4208984375,3.4720144271850586,9.57288646697998,6.400752067565918
0,1452,1304.0367431640625,12076.1865234375,3.2139365673065186,7.8712358474731445,7.95320987701416
0,1453,1386.95849609375,12586.0546875,4.278434753417969,11.561601638793945,4.567435264587402
0,1454,1549.359619140625,14518.349609375,3.250821828842163,11.122980117797852,7.960970878601074
0,1455,1139.821044921875,10315.931640625,3.6075947284698486,9.569551467895508,5.654109954833984
0,1456,1661.65087890625,15660.2099609375,3.187661647796631,12.195850372314453,5.885149955749512
0,1457,2188.969482421875,20862.23046875,3.424874782562256,13.781116485595703,7.800212860107422
0,1458,1873.41845703125,17640.908203125,3.6442558765411377,12.76761531829834,6.922578811645508
0,1459,2191.76611328125,20676.744140625,4.136385440826416,12.853713989257812,9.549575805664062
0,1460,1678.40673828125,15704.4833984375,3.598611831665039,12.25788688659668,6.207768440246582
0,1461,2601.928466796875,24490.484375,5.095998764038086,15.970186233520508,9.858956336975098
0,1462,1075.86083984375,9799.744140625,3.196211814880371,9.315871238708496,4.759093284606934
0,1463,1213.8160400390625,11010.8037109375,3.757852554321289,9.704383850097656,6.302809715270996
0,1464,1678.9940185546875,15673.5,3.7214674949645996,10.629741668701172,7.756217956542969
0,1465,1512.4200439453125,14074.794921875,3.498018980026245,11.972917556762695,5.529370307922363
0,1466,2257.20849609375,21504.529296875,3.558521032333374,13.583642959594727,9.235252380371094
0,1467,1871.8348388671875,17558.2890625,3.8668627738952637,12.608055114746094,7.475536346435547
0,1468,2225.126708984375,21160.505859375,3.6358695030212402,13.687592506408691,8.904585838317871
0,1469,1190.2596435546875,10783.7568359375,3.7294650077819824,8.785350799560547,6.031686782836914
0,1470,2303.759765625,21692.041015625,4.485185146331787,13.125959396362305,9.372488021850586
0,1471,1695.055419921875,16063.9716796875,2.955275535583496,10.408103942871094,8.453680038452148
0,1472,1617.2772216796875,15222.6962890625,3.166919469833374,9.29107666015625,8.653343200683594
0,1473,1761.76708984375,16640.412109375,3.25752854347229,12.11298656463623,6.4710693359375
0,1474,1783.7879638671875,16772.158203125,3.5524048805236816,9.652989387512207,8.912147521972656
0,1475,1665.8603515625,15393.6220703125,4.216606616973877,10.978675842285156,7.198270797729492
0,1476,1884.72998046875,17866.400390625,3.269665241241455,12.881937026977539,6.232904434204102
0,1477,1347.7896728515625,12378.1083984375,3.665957450866699,11.296454429626465,5.660053253173828
0,1478,1668.1497802734375,15683.87109375,3.3254237174987793,9.980754852294922,8.82612133026123
0,1479,1730.2322998046875,16148.0654296875,3.847524881362915,12.940369606018066,6.138533592224121
0,1480,1440.0474853515625,13342.3955078125,3.526927947998047,11.069561004638672,6.473746299743652
0,1481,1769.435302734375,16627.1796875,3.557241916656494,11.663005828857422,7.889364242553711
0,1482,2189.403076171875,20743.689453125,3.8344719409942627,12.37006950378418,10.111708641052246
0,1483,1212.83349609375,11180.9609375,3.1579158306121826,8.425737380981445,5.777442932128906
0,1484,1750.5267333984375,16428.7578125,3.5883607864379883,11.374999046325684,8.14633846282959
0,1485,1914.1986083984375,18203.923828125,3.126873016357422,12.423609733581543,6.819512367248535
0,1486,1580.8441162109375,14801.888671875,3.3551764488220215,10.450794219970703,8.414824485778809
0,1487,2010.0208740234375,19113.23046875,3.289926528930664,12.020736694335938,8.429244041442871
0,1488,1856.4481201171875,17563.73828125,3.3358066082000732,8.914117813110352,10.92078685760498
0,1489,1409.7178955078125,13233.4833984375,2.8789827823638916,9.281671524047852,7.629563331604004
0,1490,1360.502685546875,12659.267578125,3.1525299549102783,10.743575096130371,5.045140266418457
0,1491,1842.7294921875,17322.845703125,3.6814990043640137,14.236247062683105,6.028373718261719
0,1492,1903.5440673828125,17996.095703125,3.464479923248291,10.266702651977539,9.981779098510742
0,1493,1763.68115234375,16571.517578125,3.550980806350708,10.07388687133789,10.73880386352539
0,1494,1914.7269287109375,18091.638671875,3.518765926361084,11.67070198059082,10.688764572143555
0,1495,1541.0404052734375,14464.974609375,3.151432752609253,10.573139190673828,6.765000343322754
0,1496,1600.474609375,14963.783203125,3.4698755741119385,10.08849811553955,8.457640647888184
0,1497,1906.81640625,18110.841796875,3.191072940826416,9.827791213989258,10.475018501281738
0,1498,1638.2681884765625,15296.53125,3.620500326156616,11.189064025878906,6.818658828735352
0,1499,1914.826171875,18045.28515625,3.6765856742858887,10.926324844360352,8.73833179473877
0,1500,1978.54345703125,18679.13671875,3.687656879425049,10.644815444946289,10.64038372039795
0,1501,1391.4381103515625,12950.3193359375,3.2135372161865234,8.448814392089844,9.418163299560547
0,1502,1593.0509033203125,14998.8291015625,3.1055994033813477,9.894211769104004,8.023470878601074
0,1503,1511.953857421875,14075.826171875,3.4790425300598145,10.934246063232422,6.613813400268555
0,1504,1412.6029052734375,13078.9384765625,3.4902987480163574,9.638593673706055,7.105274200439453
0,1505,1500.4556884765625,14118.953125,2.9520115852355957,9.958797454833984,8.490020751953125
0,1506,1570.912353515625,14700.12890625,3.3633155822753906,11.291383743286133,6.641592025756836
0,1507,1453.5263671875,13428.1103515625,3.690511465072632,9.048843383789062,7.04835319519043
0,1508,2341.9775390625,22266.521484375,3.844181537628174,14.504289627075195,9.486294746398926
0,1509,1839.9227294921875,17217.58984375,3.938791036605835,10.423561096191406,8.959152221679688
0,1510,1598.5042724609375,14996.5498046875,3.2949743270874023,10.635059356689453,7.207671165466309
0,1511,1566.3837890625,14599.2392578125,3.5486626625061035,10.28477954864502,8.0572509765625
0,1512,2317.833984375,22168.12109375,3.3673946857452393,13.259267807006836,10.524683952331543
0,1513,2112.0556640625,20199.12890625,3.0714218616485596,11.993217468261719,10.2726411819458
0,1514,1954.2069091796875,18518.9765625,3.4103050231933594,11.80936050415039,8.250146865844727
0,1515,1741.7816162109375,16455.400390625,3.20805287361145,12.849981307983398,6.338199615478516
0,1516,1924.801513671875,17997.07421875,4.169802188873291,14.135746002197266,6.845510482788086
0,1517,1439.302490234375,13401.3056640625,3.3057284355163574,10.856446266174316,7.096009254455566
0,1518,1735.89697265625,16307.1748046875,3.505980968475342,12.159263610839844,6.930596351623535
0,1519,1722.044189453125,16255.9736328125,3.214891195297241,12.229598999023438,6.637263298034668
0,1520,1459.748291015625,13532.6796875,3.5493452548980713,9.393558502197266,7.379900932312012
0,1521,1803.0413818359375,16962.5,3.559713363647461,11.6344633102417,7.741493225097656
0,1522,1606.0023193359375,15056.736328125,3.3442885875701904,11.169744491577148,6.960755348205566
0,1523,1819.356689453125,17233.31640625,3.200834274291992,10.843626022338867,8.336316108703613
0,1524,2152.68896484375,20655.98828125,2.9030003547668457,11.601560592651367,10.000450134277344
0,1525,1676.69091796875,15819.4375,3.158240795135498,10.662517547607422,7.018185615539551
0,1526,1300.435791015625,12031.3515625,3.2433559894561768,9.846569061279297,5.9803361892700195
0,1527,1988.5518798828125,18896.890625,3.2954254150390625,11.769286155700684,9.168882369995117
0,1528,1564.1971435546875,14421.96484375,4.06668758392334,11.530044555664062,5.26805305480957
0,1529,1511.55029296875,14326.4140625,2.630293369293213,9.968412399291992,6.215980529785156
0,1530,1473.81396484375,13636.86328125,3.6709179878234863,10.866509437561035,6.43813419342041
0,1531,1898.416748046875,17711.857421875,4.24103307723999,13.817313194274902,7.219180107116699
0,1532,1678.77734375,15835.8193359375,3.1731791496276855,9.775660514831543,8.235971450805664
0,1533,1809.9412841796875,17231.2109375,2.8940048217773438,12.538778305053711,7.172809600830078
0,1534,1829.677001953125,17281.537109375,3.3841099739074707,13.168619155883789,7.184002876281738
0,1535,1333.40673828125,12522.40234375,2.7055509090423584,8.212434768676758,7.171731948852539
0,1536,1880.564208984375,17836.53125,3.230367660522461,10.94508171081543,8.117213249206543
0,1537,2295.412353515625,21919.96875,3.447185516357422,13.751436233520508,8.950724601745605
0,1538,2108.510986328125,19914.47265625,3.9021201133728027,12.97238540649414,9.711833953857422
0,1539,1932.7821044921875,18357.65625,3.233882427215576,13.443780899047852,7.074973106384277
0,1540,1597.8251953125,15035.1015625,3.143834114074707,9.931989669799805,8.243217468261719
0,1541,1468.5125732421875,13632.8203125,3.5076818466186523,11.142126083374023,4.773863792419434
0,1542,1601.2401123046875,14987.572265625,3.4160971641540527,11.582406997680664,6.258563041687012
0,1543,1885.2933349609375,17831.70703125,3.404085874557495,13.093360900878906,6.865081787109375
0,1544,1690.446044921875,15853.37890625,3.5036065578460693,12.277612686157227,6.50858211517334
0,1545,1576.2822265625,14804.3505859375,3.194903612136841,10.372657775878906,7.720544815063477
0,1546,1941.658203125,18445.974609375,3.2353549003601074,11.815239906311035,9.576998710632324
0,1547,1848.512451171875,17547.423828125,3.125667095184326,10.740680694580078,8.968255996704102
0,1548,1654.6595458984375,15445.8671875,3.6690900325775146,10.482403755187988,7.7363739013671875
0,1549,1253.864501953125,11550.6923828125,3.293178081512451,8.41323184967041,6.994257926940918
0,1550,2041.7373046875,19441.87109375,3.2516725063323975,10.402267456054688,11.732911109924316
0,1551,1751.49609375,16345.705078125,3.897520065307617,11.5581693649292,7.862095832824707
0,1552,2221.21826171875,20992.78515625,4.064660549163818,14.074394226074219,8.090551376342773
0,1553,1471.5689697265625,13845.708984375,2.8999335765838623,9.188920974731445,7.511631965637207
0,1554,2284.208251953125,21928.21484375,3.046220302581787,13.889497756958008,9.205489158630371
0,1555,1590.9732666015625,14888.8671875,3.402886390686035,9.86722469329834,8.6895751953125
0,1556,1737.5621337890625,16291.7490234375,3.612907648086548,13.077238082885742,5.855281829833984
0,1557,1827.867919921875,17253.681640625,3.416656970977783,10.753013610839844,7.234821319580078
0,1558,1641.4263916015625,15522.775390625,2.9716269969940186,10.266921997070312,9.371814727783203
0,1559,1559.084716796875,14664.365234375,3.088273048400879,9.23487377166748,9.436738014221191
0,1560,1827.577880859375,17260.380859375,3.3846592903137207,12.447858810424805,7.290244102478027
0,1561,1569.050537109375,14507.11328125,3.944643259048462,10.464090347290039,6.291535377502441
0,1562,1034.4483642578125,9358.0390625,3.2881507873535156,8.208090782165527,5.695977210998535
0,1563,1837.0609130859375,17429.900390625,3.1356921195983887,12.112646102905273,8.026986122131348
0,1564,1829.218994140625,17235.662109375,3.521757125854492,11.337230682373047,9.83558177947998
0,1565,1675.418701171875,15745.935546875,3.3608357906341553,11.499540328979492,5.755490303039551
0,1566,1844.4696044921875,17398.4921875,3.4873437881469727,13.326515197753906,8.537100791931152
0,1567,1651.0196533203125,15371.0498046875,3.7971572875976562,11.442079544067383,7.672223091125488
0,1568,1994.457275390625,18942.21875,3.341176986694336,13.706275939941406,8.49286937713623
0,1569,1739.8946533203125,16372.646484375,3.4210011959075928,12.009432792663574,8.171525001525879
0,1570,1420.5921630859375,13272.748046875,3.1105809211730957,11.368667602539062,4.3677978515625
0,1571,2374.647216796875,22743.150390625,3.34440016746521,14.787678718566895,8.810132026672363
0,1572,2784.422607421875,26484.96875,4.530860424041748,14.970388412475586,11.315754890441895
0,1573,1727.231201171875,16102.353515625,3.89985990524292,10.37344741821289,8.974777221679688
0,1574,2019.3568115234375,19249.296875,3.147571563720703,12.49894905090332,8.562189102172852
0,1575,1880.9874267578125,17940.087890625,2.8992862701416016,12.267998695373535,7.216469764709473
0,1576,2269.222900390625,21627.71875,3.5483665466308594,13.949162483215332,8.233778953552246
0,1577,1417.9150390625,13122.599609375,3.521834373474121,10.13028335571289,7.388195037841797
0,1578,1863.099853515625,17684.26953125,3.1557631492614746,10.859888076782227,8.062633514404297
0,1579,2131.513671875,20276.34375,3.4626407623291016,12.108781814575195,9.899964332580566
0,1580,1964.814453125,18483.921875,3.8807406425476074,12.226337432861328,7.938157081604004
0,1581,1638.046875,15438.64453125,3.1394126415252686,11.343042373657227,6.482769012451172
0,1582,1446.7974853515625,13558.630859375,3.0311427116394043,9.630451202392578,7.710422515869141
0,1583,1595.8221435546875,14735.9384765625,4.074274063110352,10.893838882446289,6.955090522766113
0,1584,2112.445068359375,20155.73828125,3.229038715362549,12.199932098388672,9.506124496459961
0,1585,1614.1392822265625,15336.21875,2.6839122772216797,10.168827056884766,8.059589385986328
0,1586,1512.5296630859375,14338.97265625,2.6210758686065674,10.099106788635254,7.453375816345215
0,1587,1387.662841796875,12909.126953125,3.225004196166992,8.226259231567383,7.077851295471191
0,1588,1562.50439453125,14691.68359375,3.111201286315918,9.59975814819336,7.841931343078613
0,1589,1732.3424072265625,16269.3828125,3.513467788696289,9.40044116973877,9.029903411865234
0,1590,1253.9832763671875,11646.052734375,2.9792652130126953,9.291097640991211,6.995855331420898
0,1591,1753.227294921875,16617.29296875,3.0499300956726074,10.614928245544434,7.2848310470581055
0,1592,1779.885009765625,16710.51953125,3.627764940261841,12.057647705078125,7.943368911743164
0,1593,1769.083251953125,16541.826171875,3.8300204277038574,12.3902587890625,6.968097686767578
0,1594,1861.11328125,17612.98828125,3.327146291732788,12.302450180053711,8.540544509887695
0,1595,1571.50048828125,14726.322265625,3.2956085205078125,11.99876594543457,6.641880989074707
0,1596,1319.2708740234375,12061.2275390625,3.771601676940918,9.41661548614502,5.587480545043945
0,1597,1634.277099609375,15369.1455078125,3.2454190254211426,11.204107284545898,6.51710319519043
0,1598,1570.218505859375,14629.125,3.5768680572509766,9.791238784790039,7.876385688781738
0,1599,1586.5374755859375,14929.2021484375,3.120572805404663,10.541820526123047,7.058568000793457
0,1600,1957.345703125,18526.671875,3.4892830848693848,13.8162202835083,5.760150909423828
0,1601,1316.945068359375,12236.578125,3.109574794769287,9.677541732788086,6.715497970581055
0,1602,1800.1416015625,16967.44140625,3.446582794189453,12.019529342651367,7.173413276672363
0,1603,2099.110595703125,19781.2109375,4.03298282623291,10.710748672485352,8.843514442443848
0,1604,2075.073974609375,19790.228515625,3.2017083168029785,10.820215225219727,10.08906364440918
0,1605,1768.281494140625,16770.97265625,3.0394716262817383,9.456389427185059,8.665787696838379
0,1606,1644.642822265625,15378.080078125,3.561160087585449,10.380434036254883,8.227039337158203
0,1607,1340.083251953125,12532.912109375,2.893068313598633,7.862577438354492,8.456284523010254
0,1608,1601.25927734375,15024.306640625,3.29428768157959,9.658697128295898,9.49432373046875
0,1609,1755.84912109375,16408.95703125,3.831777572631836,10.742640495300293,7.958831787109375
0,1610,2382.7666015625,22717.431640625,3.70078444480896,11.844871520996094,10.943650245666504
0,1611,1630.0361328125,15351.205078125,3.163856267929077,11.456389427185059,7.699019432067871
0,1612,1700.976318359375,16015.80078125,3.3132100105285645,11.809215545654297,7.435184478759766
0,1613,2015.612060546875,19221.87890625,3.1141395568847656,11.186660766601562,9.919095039367676
0,1614,1898.500732421875,17731.283203125,4.179079532623291,11.08852767944336,7.788658142089844
0,1615,1544.9908447265625,14558.203125,2.9723520278930664,10.538103103637695,6.792441368103027
0,1616,1645.7069091796875,15516.3798828125,3.135629415512085,10.13345718383789,7.393711090087891
0,1617,2023.1280517578125,19208.32421875,3.409853935241699,12.370872497558594,7.193355560302734
0,1618,1645.747802734375,15522.68359375,3.1159777641296387,9.689875602722168,9.56714916229248
0,1619,1427.4234619140625,13227.7294921875,3.4883522987365723,8.159198760986328,8.503926277160645
0,1620,1898.4124755859375,17895.349609375,3.6292481422424316,11.110107421875,7.843072891235352
0,1621,2015.334228515625,19050.703125,3.675464630126953,12.586761474609375,8.374103546142578
0,1622,1361.923095703125,12477.9443359375,3.804288864135742,10.15292739868164,5.2313232421875
0,1623,1958.99609375,18292.87890625,4.323605537414551,10.06155776977539,9.381268501281738
0,1624,2029.975830078125,19412.60546875,2.9571738243103027,12.516748428344727,8.084609031677246
0,1625,1727.955322265625,16236.7265625,3.4760847091674805,10.86130142211914,7.177227020263672
0,1626,1932.181640625,18172.8125,3.8300137519836426,12.701607704162598,8.082258224487305
0,1627,1607.1162109375,14895.15234375,3.920032501220703,10.47574520111084,8.153308868408203
0,1628,1450.2012939453125,13478.00390625,3.4133615493774414,11.349527359008789,5.490428924560547
0,1629,1199.30810546875,11162.5,2.7686047554016113,8.228998184204102,6.333963394165039
0,1630,1782.601318359375,16830.283203125,3.3191018104553223,10.40066909790039,8.859902381896973
0,1631,1555.7303466796875,14599.779296875,3.191748857498169,11.501461029052734,5.549949645996094
0,1632,1720.226806640625,16040.6015625,3.872222423553467,9.181110382080078,8.239273071289062
0,1633,1385.011474609375,12892.822265625,3.190976619720459,9.094072341918945,6.575560569763184
0,1634,1519.2236328125,14109.5751953125,3.608870267868042,9.899819374084473,7.207001686096191
0,1635,1313.4674072265625,11894.0,4.135581016540527,9.807598114013672,6.190264701843262
0,1636,1574.8134765625,14697.955078125,3.500598907470703,11.756364822387695,7.285408973693848
0,1637,1772.0062255859375,16842.943359375,2.923731803894043,12.1090669631958,6.4501142501831055
0,1638,2009.243408203125,19111.6484375,3.269284963607788,13.15553092956543,8.769968032836914
0,1639,1658.615478515625,15517.775390625,3.561262607574463,12.412601470947266,7.2321319580078125
0,1640,1449.2379150390625,13608.244140625,2.9471168518066406,11.219685554504395,5.584911346435547
0,1641,1594.728271484375,14963.486328125,3.279322385787964,9.731508255004883,7.8262224197387695
0,1642,1797.1988525390625,16964.09765625,3.3596341609954834,10.827571868896484,8.616734504699707
0,1643,2097.06884765625,19999.25,3.2381296157836914,12.179189682006836,7.580121040344238
0,1644,1242.0673828125,11516.4599609375,3.014047861099243,9.727231979370117,5.174256324768066
0,1645,1968.5806884765625,18797.5390625,2.9608941078186035,11.327322959899902,9.65279483795166
0,1646,1908.9722900390625,18127.162109375,3.2085368633270264,11.079780578613281,9.560691833496094
0,1647,1507.4051513671875,14211.1123046875,2.8764662742614746,8.221317291259766,8.860400199890137
0,1648,1717.788818359375,16000.30859375,3.925264835357666,12.60621166229248,6.883264541625977
0,1649,1561.5595703125,14510.1396484375,3.684851884841919,9.822382926940918,8.089581489562988
0,1650,1921.5152587890625,18171.28125,3.4795689582824707,13.615489959716797,6.127270698547363
0,1651,1863.9658203125,17488.51953125,3.837130308151245,11.996026992797852,9.190335273742676
0,1652,1329.5283203125,12414.015625,2.937556266784668,9.5457124710083,7.400448799133301
0,1653,2016.268798828125,19208.181640625,3.181685447692871,15.733285903930664,6.318985939025879
0,1654,937.973876953125,8449.1650390625,3.101912498474121,7.352766036987305,5.391694068908691
0,1655,1509.0086669921875,14200.79296875,2.964310646057129,7.943556785583496,8.411933898925781
0,1656,2352.806884765625,22348.3203125,3.932494640350342,13.568349838256836,10.438024520874023
0,1657,1424.48095703125,13193.294921875,3.5050506591796875,10.024239540100098,6.4558868408203125
0,1658,1386.2144775390625,12933.0673828125,3.096923828125,8.676255226135254,8.622586250305176
0,1659,1517.012451171875,14112.5986328125,3.5250861644744873,10.521621704101562,6.845505714416504
0,1660,1330.6876220703125,12350.33984375,3.1884536743164062,8.120119094848633,8.235860824584961
0,1661,2258.743896484375,21457.16015625,3.767597198486328,11.8818998336792,11.527735710144043
0,1662,1397.473388671875,13015.8828125,3.1961727142333984,10.40351676940918,7.043352127075195
0,1663,1360.19189453125,12617.2578125,3.282200336456299,9.253990173339844,7.590420722961426
0,1664,1457.071533203125,13547.25,3.411552906036377,9.314537048339844,7.519103050231934
0,1665,1867.480224609375,17723.34375,3.1715283393859863,11.127876281738281,7.720762252807617
0,1666,1909.6793212890625,18150.28125,3.1550381183624268,11.584513664245605,8.556832313537598
0,1667,1482.27197265625,13579.83203125,4.14295768737793,11.320817947387695,5.138848304748535
0,1668,2011.7967529296875,19104.390625,3.3785877227783203,12.993911743164062,7.06185245513916
0,1669,1643.90234375,15453.044921875,3.2865920066833496,11.066972732543945,6.6821184158325195
0,1670,1614.4725341796875,15167.287109375,3.258124589920044,11.19035530090332,7.282898902893066
0,1671,1868.9630126953125,17564.0703125,3.7518653869628906,12.781683921813965,6.051156044006348
0,1672,1023.0365600585938,9350.494140625,2.9329042434692383,7.245059013366699,7.335410118103027
0,1673,1873.08544921875,17731.15234375,3.3323416709899902,13.823358535766602,6.329352378845215
0,1674,1760.77734375,16565.35546875,3.4747252464294434,10.500589370727539,8.31898307800293
0,1675,1675.357177734375,15672.6611328125,3.603034496307373,11.054248809814453,7.0415496826171875
0,1676,1761.6063232421875,16628.1171875,3.293152093887329,11.138360977172852,8.01104736328125
0,1677,1591.181396484375,14974.53125,3.124274730682373,10.346305847167969,6.092947959899902
0,1678,1420.5400390625,13306.0166015625,2.99794340133667,9.664923667907715,6.423445701599121
0,1679,1477.9727783203125,13924.1455078125,2.851942300796509,8.892169952392578,7.834389686584473
0,1680,1568.4066162109375,14497.759765625,3.9543540477752686,11.736080169677734,4.951537132263184
0,1681,1603.55322265625,14906.123046875,3.764695882797241,11.215032577514648,6.496540069580078
0,1682,2377.288818359375,22730.8828125,3.4733471870422363,13.809707641601562,8.462957382202148
0,1683,1350.825439453125,12562.7265625,3.1517577171325684,8.590812683105469,7.419343948364258
0,1684,1460.168701171875,13756.1552734375,2.818438768386841,10.824625015258789,5.609125137329102
0,1685,1435.376708984375,13422.3916015625,3.1045870780944824,9.503421783447266,7.051074028015137
0,1686,1395.651123046875,12914.2353515625,3.4742531776428223,10.538033485412598,5.864709854125977
0,1687,1655.0054931640625,15506.7578125,3.4776570796966553,11.763994216918945,8.10860824584961
0,1688,2143.494384765625,20457.693359375,3.257503032684326,15.123598098754883,6.396058082580566
0,1689,2278.845458984375,21688.1796875,3.667581558227539,12.553157806396484,10.222100257873535
0,1690,1419.8438720703125,13284.783203125,3.0455145835876465,9.47880744934082,7.53524112701416
0,1691,1647.0489501953125,15500.01953125,3.2348999977111816,12.956853866577148,5.487706184387207
0,1692,1552.94189453125,14435.568359375,3.646167755126953,11.07065200805664,5.410381317138672
0,1693,1548.3900146484375,14447.140625,3.455862045288086,10.36756706237793,7.527437210083008
0,1694,1378.2957763671875,12874.716796875,3.0274691581726074,7.897298812866211,7.701221466064453
0,1695,1867.6766357421875,17848.49609375,2.760899543762207,13.281219482421875,6.742300033569336
0,1696,1333.846435546875,12479.5,2.8632118701934814,9.544715881347656,6.49658203125
0,1697,1733.3524169921875,16399.78515625,3.11246395111084,12.576858520507812,5.5273027420043945
0,1698,1726.2650146484375,16194.6201171875,3.560098648071289,12.008382797241211,7.801321029663086
0,1699,1561.283935546875,14560.8515625,3.5066237449645996,10.919204711914062,6.44399356842041
0,1700,2224.562255859375,21318.5234375,3.09033203125,9.377859115600586,12.866514205932617
0,1701,1828.7703857421875,17381.267578125,3.0214524269104004,12.678201675415039,6.33078670501709
0,1702,1764.6505126953125,16660.169921875,3.2877845764160156,11.894414901733398,7.857622146606445
0,1703,1450.751708984375,13635.8916015625,2.9054155349731445,9.470235824584961,6.706487655639648
0,1704,1617.35791015625,15208.22265625,3.2178544998168945,11.601530075073242,6.056982040405273
0,1705,1782.2374267578125,16879.638671875,3.1424508094787598,12.29193115234375,6.538327217102051
0,1706,1603.38427734375,15040.8037109375,3.310128688812256,11.634519577026367,6.467362403869629
0,1707,1464.1309814453125,13756.435546875,2.9495790004730225,8.81955337524414,7.669793128967285
0,1708,1468.666015625,13675.7763671875,3.369614601135254,9.931861877441406,6.472716331481934
0,1709,1597.4757080078125,15042.10546875,3.108839511871338,9.948714256286621,7.597358703613281
0,1710,1566.487548828125,14772.68359375,2.9739701747894287,11.643526077270508,7.136316299438477
0,1711,1425.9366455078125,13280.123046875,3.2641420364379883,10.026372909545898,6.94052791595459
0,1712,1810.5712890625,17042.55078125,3.543872594833374,11.980810165405273,8.15815258026123
0,1713,1676.812744140625,15852.2880859375,3.0527968406677246,10.572614669799805,7.300885200500488
0,1714,2082.352294921875,19862.55078125,3.203235626220703,13.068777084350586,8.913297653198242
0,1715,1367.0382080078125,12850.4248046875,2.7331905364990234,8.29953384399414,7.930270195007324
0,1716,1772.173095703125,16907.8671875,2.712876558303833,9.899483680725098,8.410063743591309
0,1717,1195.376953125,11009.6767578125,3.146977424621582,8.291790008544922,4.990452766418457
0,1718,1609.2427978515625,15279.91015625,2.708390235900879,9.061967849731445,6.586647987365723
0,1719,1456.749755859375,13679.65625,2.9594693183898926,9.377979278564453,8.825939178466797
0,1720,1711.058837890625,16031.60546875,3.5966084003448486,13.092351913452148,7.628676414489746
0,1721,1869.6390380859375,17758.2421875,3.127162456512451,11.132259368896484,9.822339057922363
0,1722,1565.3165283203125,14552.435546875,3.669098377227783,11.405738830566406,8.553653717041016
0,1723,1693.5992431640625,16022.9765625,3.043381929397583,11.32437515258789,6.533681869506836
0,1724,1508.4786376953125,14262.1640625,2.742074966430664,11.673864364624023,6.134513854980469
0,1725,2175.974853515625,20691.1484375,3.5619916915893555,13.60534381866455,7.179887771606445
0,1726,1782.1943359375,16898.642578125,3.077669143676758,12.784278869628906,6.919007301330566
0,1727,1741.5296630859375,16011.3515625,4.679816246032715,11.548234939575195,8.546377182006836
0,1728,2320.53662109375,22095.12890625,3.700791358947754,13.88965129852295,7.647347450256348
0,1729,1466.319580078125,13707.2724609375,3.1864078044891357,11.156403541564941,5.14931583404541
0,1730,1607.163330078125,15040.5869140625,3.436821460723877,8.206469535827637,9.126779556274414
0,1731,1522.7830810546875,14276.41796875,3.1713736057281494,9.617862701416016,7.490423202514648
0,1732,1532.5970458984375,14379.8203125,3.1538333892822266,11.48276138305664,5.733643531799316
0,1733,1584.5946044921875,14804.60546875,3.4711356163024902,12.889732360839844,6.683825492858887
0,1734,1472.3145751953125,13797.2705078125,3.086249351501465,10.661968231201172,6.356280326843262
0,1735,1906.7581787109375,18070.20703125,3.324582576751709,13.138057708740234,7.690011978149414
0,1736,1332.837646484375,12330.265625,3.3270344734191895,9.994556427001953,4.488918304443359
0,1737,1343.8768310546875,12474.255859375,3.2150380611419678,10.506866455078125,6.40822696685791
0,1738,1832.176025390625,17406.564453125,3.0506527423858643,10.6773681640625,8.787519454956055
0,1739,1609.830322265625,15103.5869140625,3.3157196044921875,11.32819652557373,7.091214179992676
0,1740,1638.8935546875,15191.55078125,3.9912784099578857,11.075419425964355,6.356433868408203
0,1741,1383.851806640625,12814.7099609375,3.4126901626586914,10.08702564239502,5.91555118560791
0,1742,1886.2891845703125,17754.4296875,3.694871187210083,11.853914260864258,8.306238174438477
0,1743,1535.027587890625,14420.0595703125,3.1007208824157715,8.586210250854492,6.987154960632324
0,1744,1597.050537109375,14937.625,3.4429330825805664,10.989887237548828,6.043252944946289
0,1745,1538.8319091796875,14334.0107421875,3.5143585205078125,11.790895462036133,4.661983489990234
0,1746,1985.2626953125,18569.83984375,4.275956153869629,12.373794555664062,7.568793296813965
0,1747,1486.8291015625,13910.486328125,3.1926817893981934,10.855077743530273,4.140995025634766
0,1748,2106.23681640625,19887.93359375,3.9147825241088867,11.760560035705566,8.458724975585938
0,1749,1887.0599365234375,17797.728515625,3.5762388706207275,13.800580024719238,6.817378997802734
0,1750,1302.3126220703125,11885.4140625,3.792375087738037,11.63626480102539,5.4423627853393555
0,1751,1540.5361328125,14515.1328125,2.9674277305603027,11.094388961791992,5.651849746704102
0,1752,1631.506103515625,15037.51953125,4.25847053527832,9.388655662536621,8.047269821166992
0,1753,1173.59423828125,10549.6064453125,3.954453468322754,8.459182739257812,6.454339981079102
0,1754,1752.002685546875,16372.5224609375,3.8250110149383545,12.850688934326172,7.3438873291015625
0,1755,2351.2001953125,22529.5625,3.274794578552246,15.206046104431152,8.277876853942871
0,1756,1525.9072265625,14377.6640625,2.938023090362549,10.83430290222168,5.486642837524414
0,1757,1661.578369140625,15472.435546875,3.8111624717712402,12.321651458740234,6.485628128051758
0,1758,1477.3560791015625,13871.8515625,3.0056958198547363,8.811882019042969,6.365514755249023
0,1759,1401.0220947265625,13084.4375,3.085944175720215,9.60949993133545,7.042213439941406
0,1760,1991.6212158203125,18848.75390625,3.558194160461426,12.684932708740234,7.003879547119141
0,1761,1354.4114990234375,12632.3271484375,3.0392909049987793,10.183170318603516,6.154628753662109
0,1762,1740.04150390625,16272.16796875,3.76082181930542,11.045917510986328,7.895102500915527
0,1763,1528.470703125,14385.310546875,2.997983932495117,9.59745979309082,7.45591926574707
0,1764,1350.7576904296875,12608.51171875,2.996882438659668,8.69947624206543,7.150531768798828
0,1765,1600.0299072265625,14742.2119140625,4.193624019622803,11.049613952636719,6.415865898132324
0,1766,1041.50439453125,9569.39453125,2.8188300132751465,8.533284187316895,5.058455467224121
0,1767,1308.284423828125,12230.005859375,2.8427929878234863,7.419024467468262,10.029058456420898
0,1768,1500.6058349609375,13548.6259765625,4.858105659484863,11.40930461883545,6.249214172363281
0,1769,1394.3077392578125,12835.3173828125,3.6925323009490967,9.96684741973877,5.315402984619141
0,1770,1914.5445556640625,18154.537109375,3.303028106689453,13.474283218383789,5.979185104370117
0,1771,2000.0081787109375,19029.638671875,3.2348108291625977,13.023075103759766,7.388768196105957
0,1772,1247.9664306640625,11441.59765625,3.460221290588379,10.044733047485352,5.5043230056762695
0,1773,1767.8271484375,16642.521484375,3.4524986743927,9.940975189208984,10.05672550201416
0,1774,1477.6043701171875,13817.412109375,3.1954398155212402,8.666950225830078,8.293326377868652
0,1775,2158.831298828125,20336.4609375,4.172842025756836,13.999809265136719,8.290045738220215
0,1776,1909.7406005859375,18042.48046875,3.5164175033569336,11.398923873901367,9.01131820678711
0,1777,1531.18505859375,14185.537109375,3.754380226135254,11.59148120880127,5.248117446899414
0,1778,1291.0604248046875,12012.240234375,2.9945461750030518,9.202699661254883,5.217323303222656
0,1779,1849.922119140625,17502.587890625,3.322113037109375,11.927047729492188,7.671773910522461
0,1780,1603.468994140625,14972.9794921875,3.5390329360961914,11.27056884765625,6.654980659484863
0,1781,1296.2933349609375,11933.0966796875,3.432788372039795,9.54482364654541,5.727350234985352
0,1782,1482.1024169921875,13625.44921875,3.9852495193481445,9.923194885253906,7.113039970397949
0,1783,1565.0726318359375,14662.072265625,3.295511245727539,8.25552749633789,9.308028221130371
0,1784,1653.0361328125,15634.7568359375,2.9853456020355225,11.118587493896484,6.632314682006836
0,1785,1176.532470703125,10793.6728515625,3.2388386726379395,8.7872953414917,5.248574256896973
0,1786,1731.0491943359375,16323.681640625,3.2893664836883545,9.631086349487305,8.682929039001465
0,1787,1240.85888671875,11357.822265625,3.5025534629821777,9.504190444946289,4.60161018371582
0,1788,1506.2880859375,13940.7236328125,3.740523099899292,10.719207763671875,6.757424354553223
0,1789,1083.0673828125,9899.3671875,3.1043570041656494,7.985722064971924,6.024345397949219
0,1790,974.7344360351562,8796.869140625,3.1682486534118652,7.497593402862549,6.229562759399414
0,1791,1602.6845703125,14901.40625,3.7514662742614746,10.666873931884766,8.043391227722168
0,1792,1537.5313720703125,14163.39453125,4.039730072021484,13.34655475616455,4.228198051452637
0,1793,1120.4287109375,10262.9052734375,3.137937307357788,8.489076614379883,3.725407600402832
0,1794,1589.1187744140625,14942.6240234375,3.161876916885376,12.548406600952148,6.365639686584473
0,1795,1425.659912109375,13143.990234375,3.7086968421936035,11.036944389343262,5.895412445068359
0,1796,1613.4024658203125,15084.34375,3.4989356994628906,11.278491020202637,5.962740898132324
0,1797,976.2368774414062,8875.732421875,2.9554548263549805,6.640757083892822,5.11009407043457
0,1798,1453.4183349609375,13458.9931640625,3.583967924118042,10.555953025817871,5.361729621887207
0,1799,1478.512939453125,13846.822265625,3.1276907920837402,9.08141803741455,7.035699844360352
0,1800,1862.37939453125,17617.296875,3.354987144470215,11.03730583190918,8.238057136535645
0,1801,1141.32177734375,10451.3212890625,3.2063207626342773,8.847551345825195,6.456025123596191
0,1802,1532.8951416015625,14288.5537109375,3.4679946899414062,10.57323932647705,6.199515342712402
0,1803,1773.824951171875,16879.9921875,2.8608570098876953,13.262442588806152,5.730953216552734
0,1804,2014.055419921875,18952.00390625,3.9618306159973145,13.888309478759766,7.626677513122559
0,1805,1714.845703125,16000.9892578125,3.8248910903930664,10.102953910827637,7.172172546386719
0,1806,1520.6927490234375,14229.2734375,3.258845806121826,11.588220596313477,6.494505882263184
0,1807,1543.8399658203125,14478.314453125,3.200284957885742,10.081721305847168,6.898369789123535
0,1808,1460.320556640625,13648.947265625,3.180859327316284,11.09325885772705,4.972207069396973
0,1809,1225.7275390625,11291.9990234375,3.217588424682617,8.287424087524414,6.866879463195801
0,1810,1423.733642578125,13294.171875,3.14387845993042,11.048286437988281,5.8993120193481445
0,1811,1436.4381103515625,13510.1630859375,2.8473920822143555,8.675448417663574,7.676566123962402
0,1812,1482.8424072265625,14028.8896484375,2.6651105880737305,9.251214981079102,7.589028358459473
0,1813,1291.0706787109375,11987.3505859375,3.077852725982666,9.048866271972656,6.444057464599609
0,1814,1589.0302734375,14864.75390625,3.418492078781128,10.455057144165039,5.772920608520508
0,1815,1249.023681640625,11500.9443359375,3.2976419925689697,8.447038650512695,5.823066711425781
0,1816,1585.8009033203125,14766.744140625,3.6375482082366943,10.80569076538086,6.292064666748047
0,1817,1513.9520263671875,13984.91015625,3.8486993312835693,11.26220703125,7.167885780334473
0,1818,1034.1009521484375,9442.595703125,2.994711399078369,7.779411315917969,5.390872955322266
0,1819,1299.9228515625,12052.7158203125,3.155042886734009,9.25079345703125,6.693948745727539
0,1820,1418.7998046875,13177.8349609375,3.36720609664917,10.49752140045166,6.281786918640137
0,1821,1571.6395263671875,14702.7177734375,3.3789210319519043,10.607278823852539,7.821775436401367
0,1822,1525.85888671875,14364.4130859375,2.9805867671966553,9.453208923339844,8.342371940612793
0,1823,1563.2626953125,14490.7060546875,3.806398391723633,10.749271392822266,5.93681526184082
0,1824,1657.5438232421875,15286.458984375,4.296597480773926,12.026866912841797,6.771919250488281
0,1825,1740.3052978515625,16476.2109375,3.0894718170166016,11.566685676574707,8.214561462402344
0,1826,1189.8720703125,10860.056640625,3.4622111320495605,9.005417823791504,5.857348442077637
0,1827,1143.823974609375,10633.65625,2.6819472312927246,7.056748390197754,6.762890815734863
0,1828,1534.9014892578125,14402.775390625,3.154129981994629,10.012105941772461,6.515390396118164
0,1829,1624.7840576171875,15182.54296875,3.5509934425354004,11.275339126586914,6.784010887145996
0,1830,1582.0576171875,14806.5927734375,3.3799424171447754,9.695125579833984,8.237110137939453
0,1831,1422.585693359375,13268.400390625,3.191520929336548,10.031042098999023,6.2839555740356445
0,1832,1990.8619384765625,18864.962890625,3.478851795196533,12.138272285461426,8.996691703796387
0,1833,1985.96630859375,18841.04296875,3.3953959941864014,12.158465385437012,8.005826950073242
0,1834,1384.96826171875,13037.62890625,2.7068445682525635,10.087220191955566,7.605801582336426
0,1835,1675.0687255859375,15785.69140625,3.2166495323181152,11.10069751739502,6.773397445678711
0,1836,1708.534423828125,15997.7021484375,3.6254701614379883,11.565170288085938,6.494568824768066
0,1837,1575.6722412109375,14815.65234375,3.1368963718414307,10.608545303344727,8.408204078674316
0,1838,1293.495849609375,11879.7177734375,3.517467498779297,9.085762977600098,6.30661678314209
0,1839,2058.978271484375,19609.287109375,3.2683169841766357,13.031639099121094,10.741215705871582
0,1840,1772.4163818359375,16636.693359375,3.624903917312622,11.08337116241455,6.986795425415039
0,1841,1865.954833984375,17496.439453125,3.877031087875366,12.531061172485352,7.216765403747559
0,1842,1293.8109130859375,12135.80859375,2.6743323802948,9.043916702270508,5.2760725021362305
0,1843,1984.974365234375,18610.732421875,4.130037307739258,12.27796745300293,6.943275451660156
0,1844,1680.1416015625,15809.0390625,3.307924270629883,12.021078109741211,5.166083335876465
0,1845,1398.7547607421875,13100.119140625,2.9580936431884766,10.377726554870605,4.783123016357422
0,1846,1349.1983642578125,12519.25390625,3.242432117462158,9.166705131530762,5.941725730895996
0,1847,2035.62939453125,19276.783203125,3.5983684062957764,12.925262451171875,9.228963851928711
0,1848,1762.6141357421875,16582.26171875,3.4795966148376465,12.494394302368164,6.353200912475586
0,1849,1240.2572021484375,11536.92578125,2.8854849338531494,7.908304691314697,6.973066329956055
0,1850,1215.233642578125,11281.2158203125,2.9037370681762695,8.689735412597656,6.2855424880981445
0,1851,1767.55859375,16670.748046875,3.349459171295166,13.516497611999512,5.307407379150391
0,1852,1491.5157470703125,13972.375,3.1426072120666504,10.570194244384766,5.133157730102539
0,1853,1132.713623046875,10224.4990234375,3.675459861755371,11.033980369567871,4.172577857971191
0,1854,1956.8265380859375,18495.224609375,3.576801300048828,14.602312088012695,5.829401016235352
0,1855,1425.78662109375,13219.2626953125,3.462012767791748,10.327571868896484,6.370262145996094
0,1856,1413.904052734375,13209.2109375,3.099431276321411,8.116613388061523,7.174120903015137
0,1857,1710.40625,16018.3408203125,3.619072198867798,12.142026901245117,5.557845115661621
0,1858,1861.3131103515625,17674.90625,3.127415895462036,13.435989379882812,5.2872114181518555
0,1859,1647.646728515625,15305.267578125,3.904001474380493,12.836281776428223,5.277041435241699
0,1860,1598.706298828125,14956.6337890625,3.434763193130493,11.156851768493652,6.780281066894531
0,1861,1522.1007080078125,14252.787109375,3.2273988723754883,10.388555526733398,5.407463073730469
0,1862,1713.840576171875,16048.6044921875,3.6326682567596436,12.507194519042969,5.375637054443359
0,1863,2333.081787109375,22313.1875,3.3920998573303223,14.252226829528809,9.877137184143066
0,1864,1873.9351806640625,17651.19140625,3.6272025108337402,11.113147735595703,7.629888534545898
0,1865,1629.65771484375,15357.19140625,3.131287097930908,11.560951232910156,5.973110198974609
0,1866,1362.451416015625,12620.6669921875,3.346153974533081,10.506742477416992,7.424966812133789
0,1867,1468.811279296875,13690.98828125,3.3237485885620117,9.626445770263672,6.99481201171875
0,1868,1461.11279296875,13560.716796875,3.501371383666992,10.829023361206055,5.40425968170166
0,1869,962.631591796875,8713.1689453125,3.043823719024658,9.066100120544434,3.9432992935180664
0,1870,1752.7081298828125,16560.43359375,3.222161293029785,12.9186372756958,7.200139045715332
0,1871,1487.566162109375,13881.5322265625,3.3137664794921875,11.961273193359375,4.6812849044799805
0,1872,1328.9727783203125,12403.482421875,2.9541499614715576,10.898101806640625,5.600600242614746
0,1873,1321.9664306640625,12311.421875,3.0274722576141357,9.325523376464844,6.029735565185547
0,1874,1762.6790771484375,16591.85546875,3.4497838020324707,13.369657516479492,6.209875106811523
0,1875,1494.437744140625,14087.9951171875,2.854605197906494,9.401000022888184,5.871668815612793
0,1876,1919.9312744140625,18096.1796875,3.6771059036254883,13.199153900146484,7.877049446105957
0,1877,1784.85205078125,16873.455078125,3.250213861465454,12.53072738647461,6.0981950759887695
0,1878,1056.1602783203125,9601.5419921875,3.200200080871582,7.950750827789307,6.024725914001465
0,1879,1197.56884765625,11082.857421875,2.9761037826538086,9.893733978271484,5.053186416625977
0,1880,1862.0303955078125,17536.865234375,3.6114611625671387,15.596874237060547,5.07865047454834
0,1881,1136.29150390625,10460.669921875,3.007483720779419,8.752010345458984,6.815957069396973
0,1882,1278.634033203125,11597.701171875,3.9621293544769287,9.95034408569336,5.193117141723633
0,1883,1441.481201171875,13452.283203125,3.208425998687744,10.160445213317871,7.745120048522949
0,1884,1276.7869873046875,11912.408203125,2.851539134979248,10.260652542114258,5.8160600662231445
0,1885,1646.3077392578125,15511.87890625,3.170663833618164,11.49994945526123,6.384198188781738
0,1886,1298.2816162109375,12014.8349609375,3.2266039848327637,10.94162368774414,5.572966575622559
0,1887,1585.968017578125,14929.767578125,3.0997071266174316,10.200496673583984,7.295440673828125
0,1888,1220.3172607421875,11257.728515625,3.1514792442321777,10.415021896362305,4.5229291915893555
0,1889,1783.03564453125,16714.97265625,3.7179431915283203,11.642592430114746,6.60030460357666
0,1890,2086.541259765625,16898.677734375,13.222451210021973,14.418811798095703,5.3916168212890625
0,1891,1096.6031494140625,10048.5576171875,3.05824613571167,8.42989444732666,5.390018463134766
0,1892,1593.996337890625,14903.0615234375,3.4563398361206055,11.565008163452148,5.927443504333496
0,1893,1914.9888916015625,18084.3828125,3.551682710647583,14.808636665344238,4.881379127502441
0,1894,1482.906494140625,13871.8505859375,3.190714120864868,10.23525619506836,6.150511741638184
0,1895,1932.8031005859375,18335.330078125,3.30899977684021,13.066171646118164,5.864013671875
0,1896,1492.10986328125,13907.6650390625,3.378112316131592,10.13045883178711,5.838025093078613
0,1897,1879.1785888671875,17853.849609375,3.1264543533325195,12.789867401123047,8.045762062072754
0,1898,1443.22900390625,13363.1318359375,3.5638599395751953,11.55078125,5.702742576599121
0,1899,1618.907470703125,15339.224609375,2.832834243774414,8.957047462463379,8.94520378112793
0,1900,1179.0899658203125,11020.3037109375,2.5686540603637695,8.109956741333008,4.233919143676758
0,1901,2044.138427734375,19484.8671875,3.1883931159973145,12.494050025939941,7.59532356262207
0,1902,1465.598876953125,13560.134765625,3.652843713760376,11.592758178710938,6.432823181152344
0,1903,1456.8291015625,13641.900390625,3.0879688262939453,9.66510009765625,6.497920989990234
0,1904,1629.380859375,15324.037109375,3.2325704097747803,11.757562637329102,6.436750411987305
0,1905,1738.1756591796875,16440.69921875,3.1368556022644043,8.92586612701416,10.439987182617188
0,1906,1425.2130126953125,13171.626953125,3.6016767024993896,9.494868278503418,6.931853294372559
0,1907,1772.259765625,16637.671875,3.6164164543151855,12.963558197021484,7.032865524291992
0,1908,1721.062744140625,15729.4638671875,4.937209129333496,10.83034610748291,7.663043975830078
0,1909,1412.0750732421875,13152.013671875,3.229123592376709,9.613602638244629,7.751370429992676
0,1910,1617.3162841796875,15015.49609375,3.8588852882385254,10.824714660644531,6.207069396972656
0,1911,1401.4110107421875,13134.380859375,2.9324307441711426,9.75391960144043,8.003630638122559
0,1912,1552.7794189453125,14548.50390625,3.264298439025879,10.10997200012207,7.099987983703613
0,1913,1427.531005859375,13190.16015625,3.61716890335083,9.035257339477539,6.824091911315918
0,1914,1905.9779052734375,18056.1171875,3.34553861618042,11.340982437133789,8.548630714416504
0,1915,1294.9681396484375,11915.1171875,3.4485487937927246,10.945999145507812,5.395175933837891
0,1916,1703.12109375,15996.91796875,3.447645664215088,13.183181762695312,6.2040252685546875
0,1917,1281.7816162109375,11911.6484375,3.0205559730529785,9.094935417175293,5.488395690917969
0,1918,1359.71630859375,12412.205078125,3.9498579502105713,10.037796020507812,7.27076530456543
0,1919,1409.875244140625,13145.5380859375,3.177381992340088,10.222625732421875,5.6579179763793945
0,1920,1504.9437255859375,14140.447265625,3.0299623012542725,8.424723625183105,8.35660171508789
0,1921,2368.400146484375,22389.4296875,4.315232276916504,14.728796005249023,7.672384262084961
0,1922,1337.6007080078125,12386.2890625,3.299058675765991,8.876047134399414,6.836324691772461
0,1923,1651.9332275390625,15472.6220703125,3.489034414291382,13.619154930114746,4.629387855529785
0,1924,1502.001220703125,14081.34375,3.1288928985595703,10.395544052124023,7.900519371032715
0,1925,1662.9857177734375,15760.15234375,2.8990159034729004,12.05866813659668,5.952217102050781
0,1926,1427.0687255859375,13472.31640625,2.6612355709075928,9.115848541259766,6.869741439819336
0,1927,1336.183349609375,12481.79296875,2.9334678649902344,11.110368728637695,5.02545166015625
0,1928,2001.2647705078125,19058.0859375,3.1818714141845703,12.138381958007812,9.266395568847656
0,1929,1262.43408203125,11648.3583984375,3.2532761096954346,9.784224510192871,5.49973201751709
0,1930,1160.99169921875,10689.53125,3.067953109741211,8.842522621154785,6.214056968688965
0,1931,1171.621826171875,10720.01171875,3.3206889629364014,9.223953247070312,5.133392333984375
0,1932,1557.5517578125,14598.5185546875,3.2566611766815186,11.391378402709961,5.891127586364746
0,1933,1814.6513671875,17142.09375,3.3480677604675293,12.771585464477539,5.578605651855469
0,1934,1422.4830322265625,12940.11328125,4.282390594482422,10.832304000854492,5.450270652770996
0,1935,1964.0445556640625,18383.083984375,4.19120454788208,13.207441329956055,7.130841255187988
0,1936,1518.3897705078125,14134.3125,3.49861478805542,10.061474800109863,5.291248321533203
0,1937,2095.732177734375,19892.619140625,3.5490052700042725,15.076704025268555,6.132323265075684
0,1938,1503.332275390625,14139.076171875,2.9808239936828613,10.453964233398438,5.758871078491211
0,1939,1134.6593017578125,10407.955078125,3.1287930011749268,9.63123607635498,3.351590156555176
0,1940,1631.673095703125,15136.4892578125,3.9341392517089844,10.725021362304688,5.9935455322265625
0,1941,1422.66748046875,13191.109375,3.4518842697143555,8.506711959838867,7.317869186401367
0,1942,1725.130126953125,16254.2822265625,3.3233964443206787,12.755343437194824,5.776244163513184
0,1943,1737.4271240234375,16305.59765625,3.5622432231903076,12.930034637451172,7.299715995788574
0,1944,1606.33837890625,15009.822265625,3.5118699073791504,10.084253311157227,7.763854026794434
0,1945,1148.6422119140625,10618.38671875,2.8934507369995117,7.840903282165527,6.513934135437012
0,1946,1968.03466796875,18735.7890625,3.148524284362793,12.562440872192383,8.641416549682617
0,1947,1113.92626953125,10186.447265625,3.176051139831543,9.063043594360352,6.433353424072266
0,1948,1600.4779052734375,15157.1796875,2.8253302574157715,12.279500961303711,5.302300453186035
0,1949,1562.88525390625,14813.61328125,2.7174649238586426,9.174051284790039,6.8683671951293945
0,1950,1894.410888671875,17950.03125,3.3135905265808105,13.297785758972168,5.900826454162598
0,1951,1083.4783935546875,9930.263671875,3.015068531036377,9.695867538452148,5.240251541137695
0,1952,1306.82958984375,12296.5693359375,2.5724220275878906,9.426419258117676,4.710864067077637
0,1953,1574.3631591796875,14900.20703125,2.8114144802093506,12.260334014892578,6.910706520080566
0,1954,1612.579345703125,15083.90234375,3.472968339920044,12.172578811645508,6.079941749572754
0,1955,1328.5941162109375,12395.55078125,2.9679670333862305,9.200821876525879,5.997381210327148
0,1956,1048.40673828125,9642.3896484375,2.8055920600891113,9.188436508178711,5.895627975463867
0,1957,1143.846435546875,10491.849609375,3.1553843021392822,8.0226411819458,4.184212684631348
0,1958,1330.025146484375,12353.501953125,3.1558291912078857,9.493355751037598,5.811006546020508
0,1959,1429.464111328125,13126.916015625,3.89241361618042,11.711712837219238,5.044380187988281
0,1960,1890.04248046875,17896.7734375,3.3455028533935547,14.126304626464844,6.221527099609375
0,1961,1218.1534423828125,11137.673828125,3.4795327186584473,10.139090538024902,5.107176780700684
0,1962,1569.0972900390625,14652.58203125,3.4613037109375,10.846210479736328,7.428811073303223
0,1963,1418.6138916015625,13182.7802734375,3.3445260524749756,9.289133071899414,5.498252868652344
0,1964,1753.2059326171875,16640.7890625,2.9708971977233887,11.648577690124512,6.793449401855469
0,1965,1396.4337158203125,13091.048828125,2.910961151123047,10.930152893066406,5.968807220458984
0,1966,1592.71630859375,15050.8173828125,2.9211525917053223,10.509241104125977,5.482877731323242
0,1967,1488.6123046875,13934.8408203125,3.170940637588501,10.151996612548828,6.8814496994018555
0,1968,1231.133544921875,11409.87109375,3.0048794746398926,10.398452758789062,3.6821680068969727
0,1969,1332.946533203125,12399.8388671875,3.0987558364868164,10.61083698272705,4.007478713989258
0,1970,1892.2730712890625,17891.41015625,3.437735080718994,11.98062801361084,6.451420783996582
0,1971,1265.25537109375,11731.0419921875,3.071704387664795,9.019451141357422,4.617755889892578
0,1972,1337.8843994140625,12423.46484375,3.184593915939331,9.636157989501953,3.879190444946289
0,1973,1933.4332275390625,18105.5625,4.09589958190918,12.885171890258789,7.189240455627441
0,1974,1456.76708984375,13532.755859375,3.449714183807373,10.775693893432617,6.474831581115723
0,1975,1906.3009033203125,18191.296875,2.9057059288024902,11.671987533569336,7.645259857177734
0,1976,1736.0037841796875,16376.1123046875,3.2797510623931885,11.956768989562988,6.915738105773926
0,1977,1358.2412109375,12450.3671875,3.773481845855713,11.256193161010742,7.066586494445801
0,1978,1938.7633056640625,18441.8359375,3.1526565551757812,11.366271018981934,10.003596305847168
0,1979,1360.48193359375,12689.060546875,3.052525758743286,10.462100982666016,6.051577568054199
0,1980,1324.49462890625,12264.109375,3.269455909729004,9.297101020812988,7.093663215637207
0,1981,1525.547119140625,14272.07421875,3.2779922485351562,12.350265502929688,5.282466888427734
0,1982,1676.54931640625,15592.2060546875,3.910958766937256,11.980749130249023,6.004217147827148
0,1983,1294.4237060546875,11740.630859375,4.012021541595459,10.452377319335938,4.974709510803223
0,1984,1465.28955078125,13642.5908203125,3.367680072784424,11.764978408813477,5.137346267700195
0,1985,1830.074462890625,17340.970703125,3.199248790740967,13.294058799743652,5.354535102844238
0,1986,1603.9952392578125,14986.8427734375,3.5103654861450195,12.040237426757812,5.112439155578613
0,1987,1713.2734375,16201.845703125,3.1029627323150635,10.915160179138184,7.215276718139648
0,1988,1436.031005859375,13424.46875,3.1194682121276855,9.631434440612793,6.145071983337402
0,1989,1503.3974609375,13976.234375,3.5258021354675293,12.411986351013184,5.25693416595459
0,1990,1449.410888671875,13554.0400390625,3.1335630416870117,8.367485046386719,6.283878326416016
0,1991,1467.61669921875,13711.330078125,3.2161202430725098,10.091658592224121,5.594956398010254
0,1992,1306.7955322265625,12055.517578125,3.374791145324707,9.012847900390625,5.388228416442871
0,1993,1643.5010986328125,15369.373046875,3.5521254539489746,12.167659759521484,6.61224365234375
0,1994,1338.9200439453125,12414.791015625,3.2480318546295166,10.872386932373047,4.309718132019043
0,1995,1548.4791259765625,13831.34375,5.511490821838379,10.37858772277832,5.779884338378906
0,1996,963.0244750976562,8617.3701171875,3.3762500286102295,8.944698333740234,4.640542984008789
0,1997,1431.555908203125,13149.818359375,3.88580322265625,11.040184020996094,5.05887508392334
0,1998,1330.1617431640625,12294.1357421875,3.3582711219787598,9.595973014831543,5.929145812988281
0,1999,1221.6263427734375,11105.34375,3.7030632495880127,9.512430191040039,5.979219436645508
0,2000,1195.1903076171875,10970.5791015625,3.271075963973999,9.538858413696289,3.7436790466308594
0,2001,1548.7822265625,14566.03515625,3.0726237297058105,8.839764595031738,7.806995391845703
0,2002,1648.3040771484375,15495.779296875,3.2908687591552734,11.194255828857422,7.778227806091309
0,2003,968.801513671875,8826.1376953125,2.8729248046875,7.6399431228637695,5.793821334838867
0,2004,1408.149658203125,13016.7822265625,3.5490474700927734,10.480409622192383,6.699921607971191
0,2005,1937.8282470703125,18271.18359375,3.690328359603882,12.530421257019043,8.446243286132812
0,2006,1890.9757080078125,17727.361328125,3.9413161277770996,12.92785930633545,7.040132522583008
0,2007,1243.5567626953125,11521.3359375,3.0474374294281006,9.428022384643555,4.608258247375488
0,2008,1584.135009765625,14924.82421875,3.0550854206085205,9.742530822753906,7.012384414672852
0,2009,1700.45361328125,15806.697265625,3.9927940368652344,10.974191665649414,6.583244323730469
0,2010,1639.7958984375,15215.8583984375,3.940335750579834,12.273412704467773,8.474793434143066
0,2011,1103.06298828125,10144.796875,2.952775478363037,9.232871055603027,5.6590118408203125
0,2012,1301.8563232421875,12142.322265625,2.920802116394043,9.664623260498047,6.968628883361816
0,2013,1508.841064453125,14032.7568359375,3.5188426971435547,11.282407760620117,3.575047492980957
0,2014,1181.1005859375,10907.1640625,3.0128045082092285,8.842220306396484,5.06735897064209
0,2015,1722.3232421875,16241.8623046875,3.2712326049804688,11.669815063476562,5.99299430847168
0,2016,1534.8428955078125,14392.541015625,3.1862902641296387,8.833608627319336,8.268861770629883
0,2017,997.9180297851562,9059.8662109375,3.0643796920776367,8.095846176147461,5.747610092163086
0,2018,1252.328369140625,11662.8896484375,2.8679816722869873,7.947694301605225,4.610447883605957
0,2019,1678.3040771484375,15847.65625,3.117949962615967,10.002289772033691,9.123970985412598
0,2020,1696.3343505859375,15959.240234375,3.347010850906372,9.89920425415039,9.268400192260742
0,2021,1402.7880859375,13141.212890625,2.955559015274048,9.71314811706543,7.009027481079102
0,2022,1338.5706787109375,12288.533203125,3.657243013381958,10.306000709533691,5.67569637298584
0,2023,1318.7440185546875,12272.88671875,3.0485119819641113,10.359098434448242,5.866703987121582
0,2024,1405.3729248046875,13168.5234375,2.950683355331421,10.975564956665039,5.350131034851074
0,2025,1379.87060546875,12947.548828125,2.837191343307495,9.501750946044922,6.8508453369140625
0,2026,1822.846923828125,17397.671875,2.769322395324707,11.337699890136719,7.764451026916504
0,2027,1171.6953125,10775.923828125,3.1367626190185547,10.298261642456055,6.081455230712891
0,2028,1499.8199462890625,13963.33203125,3.449556589126587,9.797066688537598,6.698258399963379
0,2029,1124.339111328125,10305.904296875,3.1249544620513916,9.610601425170898,4.1527605056762695
0,2030,1314.6739501953125,12185.5078125,3.2041049003601074,11.052000045776367,4.535495758056641
0,2031,1011.78759765625,9202.2041015625,3.052239418029785,9.257894515991211,4.2918853759765625
0,2032,1246.23486328125,11599.8564453125,2.874971866607666,9.164995193481445,7.195863723754883
0,2033,916.63671875,8151.658203125,3.382362127304077,7.651304721832275,4.863354682922363
0,2034,1107.4215087890625,10204.1552734375,2.900198221206665,8.891286849975586,3.4798202514648438
0,2035,1885.6798095703125,17861.181640625,3.3187198638916016,13.062518119812012,4.384464263916016
0,2036,925.7050170898438,8325.78515625,3.104215145111084,8.583263397216797,4.9457597732543945
0,2037,1266.7335205078125,11611.58203125,3.519176959991455,8.782233238220215,4.294492721557617
0,2038,1740.01123046875,16244.8681640625,3.8508152961730957,11.494537353515625,5.284880638122559
0,2039,1439.4739990234375,13304.0615234375,3.635596513748169,9.873554229736328,6.6944122314453125
0,2040,1182.7508544921875,10924.318359375,3.010633945465088,9.837397575378418,3.1138343811035156
0,2041,1338.9456787109375,12475.3251953125,3.0471014976501465,9.296736717224121,6.556567192077637
0,2042,1319.3258056640625,12274.7421875,3.0617191791534424,7.827693939208984,6.66903018951416
0,2043,1414.678466796875,13154.830078125,3.3065123558044434,9.796867370605469,4.268943786621094
0,2044,1823.24755859375,17251.029296875,3.2714877128601074,11.729301452636719,6.429471015930176
0,2045,1484.0543212890625,13920.7802734375,3.065876007080078,11.026776313781738,6.461688041687012
0,2046,1415.85009765625,13115.681640625,3.4760637283325195,10.737643241882324,5.669557571411133
0,2047,2256.065185546875,21443.4921875,3.7238590717315674,14.642467498779297,8.580217361450195
0,2048,1433.777099609375,13335.701171875,3.34022855758667,9.134912490844727,8.36960220336914
0,2049,1207.8653564453125,11104.86328125,3.2459683418273926,10.131738662719727,3.8239173889160156
0,2050,1525.698974609375,14054.7255859375,4.007547855377197,9.576354026794434,7.389845848083496
0,2051,1635.1795654296875,15285.5703125,3.554086685180664,12.146726608276367,5.292121887207031
0,2052,1530.088623046875,14101.8408203125,3.9968183040618896,11.753177642822266,5.753711700439453
0,2053,1604.6195068359375,14923.2158203125,3.7432613372802734,11.479161262512207,6.755434989929199
0,2054,1327.2215576171875,12314.890625,3.1910805702209473,10.044665336608887,5.463870048522949
0,2055,1454.2967529296875,13652.5966796875,2.967902421951294,10.013702392578125,6.492408752441406
0,2056,1514.1177978515625,14134.4765625,3.3556718826293945,10.787239074707031,7.441892623901367
0,2057,1141.50390625,10563.693359375,2.8378188610076904,7.047482490539551,6.197518348693848
0,2058,1531.1041259765625,14202.662109375,3.6945948600769043,9.189922332763672,6.120345115661621
0,2059,1553.193603515625,14488.099609375,3.479454517364502,12.990516662597656,4.45790958404541
0,2060,1641.3927001953125,15423.203125,3.30241322517395,11.766925811767578,6.872575759887695
0,2061,1561.3011474609375,14627.9453125,3.2835540771484375,11.813947677612305,4.708888053894043
0,2062,1498.5460205078125,14053.099609375,3.1078691482543945,12.861968994140625,4.6976318359375
0,2063,1770.4610595703125,16501.826171875,4.009280681610107,12.844415664672852,4.969696998596191
0,2064,1022.3148193359375,9462.3076171875,2.5361344814300537,7.065920352935791,5.527583122253418
0,2065,1688.281494140625,15887.884765625,3.316436290740967,12.950363159179688,4.6534881591796875
0,2066,1613.57080078125,15002.6591796875,3.7768287658691406,10.590717315673828,6.320734977722168
0,2067,1417.0096435546875,13030.58984375,3.7983579635620117,9.15857982635498,6.381300926208496
0,2068,1305.6817626953125,12142.123046875,3.0489838123321533,10.18389892578125,6.109828948974609
0,2069,1510.9337158203125,14129.861328125,3.2649178504943848,11.504684448242188,5.534212112426758
0,2070,1536.249755859375,14470.2314453125,2.974217414855957,11.966851234436035,4.728407859802246
0,2071,2040.6510009765625,19344.09375,3.5413851737976074,14.489628791809082,6.548135757446289
0,2072,1451.6627197265625,13449.462890625,3.5572140216827393,10.521146774291992,4.554662704467773
0,2073,1173.69140625,10746.5283203125,3.301283836364746,10.457931518554688,4.847074508666992
0,2074,1667.0672607421875,15630.046875,3.468749523162842,10.333793640136719,6.322260856628418
0,2075,1459.5721435546875,13763.634765625,2.7736191749572754,10.037178039550781,5.314999580383301
0,2076,1700.5968017578125,16019.7587890625,3.287360668182373,10.49543285369873,7.847189903259277
0,2077,1667.02294921875,15573.0419921875,3.6572914123535156,10.273218154907227,6.835628509521484
0,2078,1312.5833740234375,11847.59765625,4.260785102844238,10.991120338439941,4.3144073486328125
0,2079,1174.9814453125,10787.328125,3.2082877159118652,9.145829200744629,6.5162153244018555
0,2080,2302.76220703125,21755.666015625,4.239851474761963,16.589277267456055,7.37038516998291
0,2081,1600.286865234375,14524.37890625,4.928299903869629,10.898391723632812,6.275742530822754
0,2082,1110.4130859375,10209.1865234375,2.9831488132476807,8.373510360717773,6.183864593505859
0,2083,1409.3544921875,13164.919921875,3.0954136848449707,9.661110877990723,6.106688499450684
0,2084,1635.69970703125,15236.30859375,3.7356295585632324,11.836302757263184,6.982935905456543
0,2085,1704.7318115234375,16130.2939453125,3.0567474365234375,11.113441467285156,8.533279418945312
0,2086,1766.90673828125,16612.87890625,3.520627975463867,11.807401657104492,8.128914833068848
0,2087,1709.0374755859375,16141.396484375,3.163259506225586,12.16736888885498,7.912318229675293
0,2088,1269.544921875,11954.59765625,2.46950101852417,8.330901145935059,6.624351501464844
0,2089,1778.7996826171875,16731.0078125,3.523294448852539,13.323741912841797,5.124622344970703
0,2090,1186.1563720703125,10828.2890625,3.4442477226257324,9.235597610473633,3.1456947326660156
0,2091,1538.40185546875,14172.640625,4.037927627563477,10.927228927612305,5.903812408447266
0,2092,1649.6866455078125,15303.607421875,3.9775326251983643,11.061850547790527,5.854471206665039
0,2093,1667.4072265625,15820.09375,2.8465938568115234,10.987704277038574,6.664308547973633
0,2094,1619.4332275390625,15139.62890625,3.5156784057617188,11.662665367126465,6.819126129150391
0,2095,1361.9547119140625,12136.912109375,4.942113399505615,10.08389663696289,4.575161933898926
0,2096,1137.228759765625,10389.9296875,3.2745256423950195,9.776308059692383,4.365342140197754
0,2097,1815.065673828125,17083.814453125,3.5561413764953613,13.826250076293945,7.769442558288574
0,2098,1649.715576171875,15558.1484375,3.1300272941589355,10.758322715759277,7.145417213439941
0,2099,1478.1259765625,13844.9453125,3.1210479736328125,12.063261032104492,5.907526969909668
0,2100,1358.9443359375,12556.212890625,3.444098472595215,11.188608169555664,4.807822227478027
0,2101,1200.84716796875,10939.0859375,3.5646204948425293,9.893024444580078,4.619230270385742
0,2102,1007.3096313476562,9052.9541015625,3.400474786758423,10.269651412963867,3.5844602584838867
0,2103,1578.600830078125,14831.43359375,3.1819114685058594,11.683055877685547,5.207602500915527
0,2104,1418.4461669921875,13264.439453125,3.0667405128479004,10.107047080993652,4.894562721252441
0,2105,1135.0115966796875,10293.5986328125,3.5217232704162598,9.170597076416016,5.429314613342285
0,2106,1222.346435546875,10627.0859375,5.321261405944824,10.358844757080078,4.578481674194336
0,2107,1359.8856201171875,12642.095703125,3.189201831817627,9.555948257446289,5.4003801345825195
0,2108,1670.7724609375,15591.7587890625,3.7198872566223145,12.898090362548828,6.094908714294434
0,2109,1464.0780029296875,13603.9833984375,3.455988883972168,11.848411560058594,4.94188117980957
0,2110,1748.343994140625,16393.8203125,3.632065534591675,13.75583267211914,5.6504058837890625
0,2111,1145.8726806640625,10392.9775390625,3.552499294281006,9.70770263671875,6.005098342895508
0,2112,1299.9947509765625,12077.0615234375,3.0762858390808105,10.026850700378418,4.786990165710449
0,2113,1525.31494140625,14320.1025390625,3.110154390335083,10.665168762207031,5.144478797912598
0,2114,1206.1099853515625,11037.58984375,3.4116978645324707,9.266390800476074,5.399557113647461
0,2115,1562.027099609375,14662.1279296875,3.19381046295166,13.291683197021484,4.453370094299316
0,2116,1384.037353515625,12884.478515625,3.18631649017334,9.713323593139648,6.244575500488281
0,2117,1669.5367431640625,15613.3271484375,3.606800079345703,11.509686470031738,5.998493194580078
0,2118,1457.472412109375,13496.9765625,3.592493772506714,11.083880424499512,6.662820816040039
0,2119,1344.70654296875,12493.84375,3.1774067878723145,9.625691413879395,5.708525657653809
0,2120,1515.9744873046875,14198.9658203125,3.202594757080078,11.802299499511719,6.170930862426758
0,2121,1311.1177978515625,12291.7138671875,2.731546401977539,7.381640434265137,6.8786725997924805
0,2122,1461.6077880859375,13596.23828125,3.3994617462158203,11.557809829711914,6.053714752197266
0,2123,1668.2735595703125,15580.6357421875,3.673666477203369,12.797003746032715,7.357053756713867
0,2124,1535.2791748046875,14306.109375,3.488940954208374,11.494457244873047,6.282477378845215
0,2125,1445.4749755859375,13479.14453125,3.2520179748535156,9.542205810546875,5.517399787902832
0,2126,1492.3873291015625,13910.529296875,3.3778128623962402,11.866138458251953,4.814340591430664
0,2127,1091.7684326171875,10017.09765625,3.001955509185791,9.525505065917969,4.825165748596191
0,2128,1814.303955078125,17220.375,3.0755505561828613,13.216773986816406,7.038715362548828
0,2129,1549.666748046875,14539.603515625,3.1902153491973877,11.126533508300781,6.2417144775390625
0,2130,1624.2734375,15096.23046875,3.821681499481201,11.780786514282227,6.230597496032715
0,2131,932.4094848632812,8267.189453125,3.5230188369750977,7.891284942626953,3.707202911376953
0,2132,1520.9228515625,14398.9150390625,2.7010459899902344,11.534933090209961,6.9124555587768555
0,2133,1627.50537109375,15211.2421875,3.546036720275879,12.81055736541748,4.527544975280762
0,2134,1601.61865234375,15127.4580078125,2.96242618560791,13.437618255615234,5.378639221191406
0,2135,1307.4112548828125,12101.5732421875,3.241795778274536,8.82171630859375,6.49766731262207
0,2136,1996.8670654296875,19008.810546875,3.1995320320129395,11.079609870910645,7.882881164550781
0,2137,1023.984619140625,9266.638671875,3.2440237998962402,10.01097297668457,4.316887855529785
0,2138,1105.078125,10145.978515625,3.016007423400879,8.034536361694336,3.534031867980957
0,2139,1583.606689453125,14644.2978515625,3.972564220428467,11.264142990112305,8.02038288116455
0,2140,1595.1962890625,14995.39453125,3.1885628700256348,13.20436954498291,4.612591743469238
0,2141,1208.687255859375,11194.5634765625,2.9743599891662598,8.985941886901855,6.774301528930664
0,2142,1728.82275390625,16316.0078125,3.240732431411743,13.309554100036621,5.4364013671875
0,2143,1645.390625,15187.169921875,4.222452163696289,12.43691635131836,5.184754371643066
0,2144,1524.22216796875,14179.693359375,3.541762351989746,11.430729866027832,5.101221084594727
0,2145,1794.8197021484375,16807.892578125,3.8010129928588867,11.260834693908691,6.214255332946777
0,2146,1325.641845703125,12281.892578125,3.248415231704712,9.91181755065918,6.28192138671875
0,2147,1503.0645751953125,14063.4833984375,3.2238714694976807,10.061025619506836,7.007447242736816
0,2148,1243.5064697265625,11420.0322265625,3.383439779281616,8.583051681518555,5.916140556335449
0,2149,1123.0960693359375,10283.3203125,3.1588001251220703,8.112588882446289,4.850136756896973
0,2150,1484.533447265625,13845.4140625,3.3330702781677246,10.890268325805664,5.598308563232422
0,2151,1586.70556640625,15006.2763671875,2.8692617416381836,10.954778671264648,6.189715385437012
0,2152,1665.4395751953125,15616.373046875,3.4600744247436523,12.468868255615234,5.016595840454102
0,2153,1627.3138427734375,15128.5927734375,3.8151543140411377,11.426284790039062,7.278207778930664
0,2154,1306.742431640625,12142.53125,3.082974910736084,9.941987037658691,6.936668395996094
0,2155,1597.918701171875,14773.3515625,4.019451141357422,11.738054275512695,6.1899871826171875
0,2156,1819.63818359375,16946.896484375,4.164950847625732,13.554586410522461,6.266392707824707
0,2157,1630.7545166015625,15261.505859375,3.486795425415039,13.519977569580078,4.9458160400390625
0,2158,1395.6337890625,12867.9013671875,3.6281204223632812,10.814922332763672,5.747109413146973
0,2159,1443.6864013671875,13453.1787109375,3.2789523601531982,11.02053165435791,6.878694534301758
0,2160,1145.87451171875,10493.0107421875,3.219111442565918,9.605661392211914,5.597774505615234
0,2161,1345.8074951171875,12442.7021484375,3.3845725059509277,10.389843940734863,5.66563606262207
0,2162,1847.0867919921875,17410.3828125,3.534950017929077,12.975799560546875,8.826478004455566
0,2163,1492.51220703125,14001.47265625,3.078829288482666,11.549590110778809,4.453208923339844
0,2164,1092.3248291015625,9982.0390625,3.1373629570007324,10.74333381652832,4.015721321105957
0,2165,1231.25732421875,11403.4306640625,3.03047251701355,10.744433403015137,4.972322463989258
0,2166,1496.9688720703125,13923.9619140625,3.485755681991577,10.705971717834473,5.285404205322266
0,2167,1612.31201171875,15134.974609375,3.293821096420288,11.273000717163086,9.027204513549805
0,2168,1645.9586181640625,15546.6630859375,3.043074607849121,10.216802597045898,6.989826202392578
0,2169,1277.4095458984375,11799.69140625,3.2480146884918213,8.622637748718262,6.05809211730957
0,2170,1532.3367919921875,14141.2412109375,3.9404211044311523,10.796157836914062,6.586336135864258
0,2171,1524.5067138671875,13999.3662109375,4.1523356437683105,9.959239959716797,8.60174560546875
0,2172,1682.4215087890625,15803.373046875,3.4028067588806152,11.346142768859863,6.355356216430664
0,2173,1636.232177734375,15267.732421875,3.6486308574676514,9.673322677612305,9.302644729614258
0,2174,1894.8271484375,17961.771484375,3.288331985473633,11.714445114135742,7.53404426574707
0,2175,1048.9072265625,9486.30078125,3.3425703048706055,7.866396903991699,3.688161849975586
0,2176,1146.8101806640625,10634.220703125,2.779601812362671,9.67284870147705,5.3433074951171875
0,2177,1333.828857421875,12332.08203125,3.3540186882019043,10.092735290527344,4.889596939086914
0,2178,1561.6488037109375,14734.068359375,2.9413986206054688,11.381101608276367,5.9957380294799805
0,2179,1619.624755859375,15114.5234375,3.6057443618774414,10.107686996459961,6.921224594116211
0,2180,1584.7037353515625,14909.708984375,3.1244280338287354,12.41933822631836,5.352117538452148
0,2181,1460.6448974609375,13473.42578125,3.7767419815063477,11.667738914489746,6.741988182067871
0,2182,1502.9864501953125,13980.615234375,3.497498035430908,11.83279800415039,5.349369049072266
0,2183,1291.93798828125,11822.58203125,3.655992269515991,9.136838912963867,5.235694885253906
0,2184,1630.546630859375,15168.9658203125,3.7883353233337402,12.898500442504883,5.747224807739258
0,2185,1254.3292236328125,11511.26171875,3.440101385116577,10.120911598205566,3.6848373413085938
0,2186,1640.36181640625,15346.32421875,3.5243122577667236,14.283418655395508,4.301403999328613
0,2187,1879.810302734375,17856.140625,3.1398701667785645,10.100595474243164,9.820414543151855
0,2188,2107.763671875,20046.01953125,3.4387271404266357,12.390530586242676,9.317768096923828
0,2189,1504.2816162109375,14067.2587890625,3.251857280731201,9.390069961547852,7.321720123291016
0,2190,1511.5408935546875,14066.583984375,3.4960803985595703,10.094219207763672,5.451263427734375
0,2191,1712.5418701171875,16112.9931640625,3.374752998352051,12.547639846801758,5.051470756530762
0,2192,1078.657958984375,9906.0087890625,2.9352364540100098,9.773770332336426,5.442937850952148
0,2193,1303.93505859375,11960.029296875,3.5977377891540527,10.157975196838379,4.333483695983887
0,2194,1050.996337890625,9556.814453125,3.1771609783172607,9.945198059082031,4.8010358810424805
0,2195,1647.8602294921875,15419.548828125,3.5301759243011475,12.207437515258789,5.323864936828613
0,2196,1524.8636474609375,14408.2470703125,2.8012990951538086,11.463512420654297,3.0789289474487305
0,2197,1291.7216796875,12064.904296875,2.84104061126709,10.690135955810547,4.646592140197754
0,2198,1454.5889892578125,13566.99609375,3.262979507446289,10.397950172424316,5.859728813171387
0,2199,1884.5963134765625,17698.65234375,3.8243680000305176,13.622546195983887,5.971259117126465
0,2200,1479.5428466796875,13932.427734375,2.87666916847229,10.677038192749023,5.260089874267578
0,2201,1390.4248046875,12857.0458984375,3.4906740188598633,9.989482879638672,6.452262878417969
0,2202,1355.22265625,12661.865234375,2.96787166595459,10.58026123046875,5.121827125549316
0,2203,1432.8597412109375,13191.833984375,3.7892086505889893,10.734502792358398,4.743142127990723
0,2204,1314.570068359375,11722.498046875,4.744006156921387,9.296539306640625,6.619869232177734
0,2205,1589.7781982421875,14994.185546875,3.011986255645752,11.338899612426758,7.466604232788086
0,2206,1257.35888671875,11582.748046875,3.302802324295044,9.493593215942383,5.334149360656738
0,2207,1392.5086669921875,12431.951171875,4.977115154266357,11.272787094116211,4.516165733337402
0,2208,1327.3072509765625,12216.142578125,3.5231003761291504,10.01917839050293,5.364377021789551
0,2209,1442.07568359375,13406.66015625,3.380323648452759,11.606764793395996,5.58720588684082
0,2210,1435.7840576171875,13337.767578125,3.400242328643799,11.042179107666016,6.075750350952148
0,2211,1120.424560546875,10261.33203125,3.143045425415039,8.304682731628418,4.466273307800293
0,2212,1067.9385986328125,9723.01953125,3.18788743019104,7.612327575683594,5.060711860656738
0,2213,1197.499755859375,11070.640625,3.014524459838867,8.972168922424316,5.347597122192383
0,2214,1498.9036865234375,13992.94921875,3.320293664932251,9.996576309204102,5.559027671813965
0,2215,1729.810302734375,16394.341796875,3.0125365257263184,11.142086029052734,8.240249633789062
0,2216,1714.797607421875,16016.3203125,3.772185802459717,12.264043807983398,6.876980781555176
0,2217,1215.4344482421875,11360.1884765625,2.647186040878296,9.190866470336914,5.869387626647949
0,2218,1510.7625732421875,14093.8984375,3.379089593887329,10.359505653381348,4.899532318115234
0,2219,1653.3131103515625,15500.4619140625,3.442229747772217,13.49247932434082,5.996882438659668
0,2220,1907.05224609375,18179.7109375,2.9693708419799805,13.645705223083496,2.720597267150879
0,2221,1084.63232421875,9956.734375,2.965297222137451,8.94681167602539,4.487462043762207
0,2222,1486.32568359375,13818.1650390625,3.4836390018463135,11.641168594360352,4.987876892089844
0,2223,1309.9481201171875,12174.607421875,3.082911252975464,11.318170547485352,3.0711050033569336
0,2224,1073.54150390625,9617.25390625,3.7272045612335205,8.58243179321289,5.89215087890625
0,2225,1384.493408203125,12829.9765625,3.383190631866455,8.169624328613281,6.726447105407715
0,2226,1662.3641357421875,15748.3359375,2.91768217086792,10.650869369506836,7.1581926345825195
0,2227,1439.8160400390625,13393.3349609375,3.3494198322296143,8.866201400756836,6.181774139404297
0,2228,1144.356689453125,10560.0712890625,2.9449849128723145,9.286218643188477,5.332244873046875
0,2229,1109.4713134765625,10090.8759765625,3.346123456954956,9.9426908493042,4.346614837646484
0,2230,1384.677734375,12984.265625,2.875034809112549,9.656885147094727,5.581051826477051
0,2231,1752.465087890625,16459.2421875,3.5513644218444824,12.096354484558105,6.248496055603027
0,2232,1751.5806884765625,16391.9609375,3.746150016784668,12.69095516204834,4.435471534729004
0,2233,1394.82568359375,12838.310546875,3.699822187423706,9.919416427612305,4.217409133911133
0,2234,987.6055297851562,9118.115234375,2.5264663696289062,8.298280715942383,4.616310119628906
0,2235,1337.8079833984375,12376.048828125,3.3401026725769043,8.729677200317383,6.608664512634277
0,2236,1411.2314453125,12932.958984375,3.931185722351074,11.784189224243164,4.449047088623047
0,2237,1560.113525390625,14647.751953125,3.1779420375823975,12.398488998413086,5.316061973571777
0,2238,1387.2449951171875,12934.015625,3.1281137466430664,9.140812873840332,6.6393632888793945
0,2239,1407.5372314453125,13065.611328125,3.365870952606201,11.65931510925293,4.272269248962402
0,2240,1508.831787109375,14244.611328125,2.81235408782959,9.106304168701172,6.815903663635254
0,2241,1260.7435302734375,11735.537109375,2.9063267707824707,9.981761932373047,4.721317291259766
0,2242,1361.0850830078125,12571.84765625,3.463344097137451,11.55377197265625,3.9309587478637695
0,2243,1152.5736083984375,10492.6376953125,3.443661689758301,10.105634689331055,4.089118003845215
0,2244,1380.9090576171875,12917.216796875,2.9729137420654297,11.119977951049805,4.6041669845581055
0,2245,1190.9613037109375,10958.83984375,3.1692404747009277,10.249982833862305,4.698551177978516
0,2246,1496.659423828125,13768.173828125,3.9947361946105957,11.485886573791504,5.244908332824707
0,2247,1383.8919677734375,12715.498046875,3.744739055633545,9.7081298828125,4.215020179748535
0,2248,1335.394287109375,12593.1005859375,2.536139965057373,9.772618293762207,5.095714569091797
0,2249,1571.19384765625,14684.58203125,3.424518346786499,11.551719665527344,7.888007164001465
0,2250,1361.143310546875,12694.474609375,3.0565271377563477,11.602689743041992,5.2912445068359375
0,2251,1194.601318359375,11054.900390625,2.97037410736084,9.05129337310791,5.110204696655273
0,2252,1609.904052734375,15170.2666015625,3.095911979675293,10.992616653442383,5.612399101257324
0,2253,1492.103271484375,13811.10546875,3.6997575759887695,10.6382474899292,6.114198684692383
0,2254,1282.4329833984375,11874.62890625,3.165670394897461,10.900287628173828,3.964982032775879
0,2255,1754.0081787109375,16494.560546875,3.4850709438323975,12.847132682800293,4.655930519104004
0,2256,1183.478759765625,10991.859375,2.8097636699676514,9.92765998840332,5.827211380004883
0,2257,1773.192138671875,16745.93359375,3.2866251468658447,10.909993171691895,8.042744636535645
0,2258,1278.7340087890625,11843.0341796875,3.1476831436157227,9.44648265838623,5.188955307006836
0,2259,1293.8551025390625,11793.96875,3.8152759075164795,11.253945350646973,5.30592155456543
0,2260,1649.2222900390625,15453.7392578125,3.4616143703460693,12.50052261352539,3.9951839447021484
0,2261,1893.83642578125,17850.974609375,3.624631643295288,12.83342170715332,6.498347282409668
0,2262,923.063232421875,8356.615234375,2.9133896827697754,8.09256649017334,3.8831539154052734
0,2263,1223.1287841796875,11326.23046875,3.016857862472534,9.655680656433105,3.4032726287841797
0,2264,1669.822998046875,15819.9462890625,2.9276115894317627,12.141084671020508,5.375645637512207
0,2265,1307.7940673828125,12090.53125,3.2913658618927,10.133866310119629,6.235500335693359
0,2266,1214.3948974609375,11290.9365234375,2.843374252319336,8.52320384979248,6.732853889465332
0,2267,1461.9990234375,13746.44921875,2.911803960800171,9.347770690917969,5.777775764465332
0,2268,1512.847900390625,14195.005859375,3.111576557159424,11.284305572509766,6.276102066040039
0,2269,1419.06201171875,13241.1103515625,3.1650328636169434,9.707469940185547,6.063566207885742
0,2270,1735.70947265625,16406.173828125,3.169734001159668,13.021321296691895,4.317320823669434
0,2271,1517.1376953125,14300.0166015625,2.9045333862304688,10.055078506469727,7.041723251342773
0,2272,1775.4534912109375,16812.099609375,3.1414523124694824,11.060922622680664,9.689891815185547
0,2273,1500.607421875,13906.4345703125,3.6654648780822754,12.223204612731934,5.018817901611328
0,2274,1417.766845703125,13153.720703125,3.4131581783294678,11.599727630615234,5.65054988861084
0,2275,1563.328857421875,14616.6943359375,3.3886454105377197,11.340635299682617,6.994647979736328
0,2276,1841.0035400390625,17298.0703125,3.706552028656006,13.316900253295898,7.494326591491699
0,2277,1494.208251953125,13844.892578125,3.6572988033294678,10.137985229492188,7.441713333129883
0,2278,1651.0885009765625,15543.0703125,3.22605037689209,11.275166511535645,7.415215492248535
0,2279,927.3353881835938,8348.12890625,3.084082841873169,8.289934158325195,4.16726016998291
0,2280,1288.916748046875,11966.5498046875,3.075390100479126,10.026322364807129,6.15207576751709
0,2281,1279.4847412109375,11801.47265625,3.3112473487854004,10.026952743530273,4.297158241271973
0,2282,1726.7900390625,16259.9228515625,3.3599250316619873,12.075726509094238,6.540422439575195
0,2283,1584.568115234375,14883.06640625,3.2087149620056152,9.3037109375,7.028023719787598
0,2284,1313.1981201171875,12107.171875,3.4160313606262207,10.644482612609863,3.89176082611084
0,2285,1272.3536376953125,11842.65234375,2.9362807273864746,9.927796363830566,5.143525123596191
0,2286,1629.0494384765625,15292.34765625,3.327158212661743,10.607460975646973,7.91395378112793
0,2287,1322.320068359375,12368.078125,2.8504061698913574,9.462650299072266,5.046056747436523
0,2288,1640.9482421875,14807.927734375,5.338512420654297,8.955042839050293,7.786589622497559
0,2289,1270.5689697265625,11822.103515625,2.9452879428863525,9.36215591430664,5.08322811126709
0,2290,1786.8428955078125,16821.5546875,3.4895787239074707,13.803752899169922,5.816638946533203
0,2291,1332.81982421875,12437.330078125,2.9695582389831543,10.425626754760742,6.472369194030762
0,2292,1611.22998046875,15094.521484375,3.392592668533325,11.315449714660645,6.400506019592285
0,2293,1150.2421875,10546.9638671875,3.1848583221435547,10.245553016662598,2.808505058288574
0,2294,1030.7066650390625,9142.369140625,3.882323980331421,8.26793384552002,3.945220947265625
0,2295,1027.3868408203125,9428.341796875,2.8184211254119873,8.886714935302734,3.4515180587768555
0,2296,1618.2401123046875,15177.5927734375,3.3493595123291016,9.62150764465332,8.096235275268555
0,2297,1398.8739013671875,13088.548828125,3.0006356239318848,10.165388107299805,6.011880874633789
0,2298,1290.9456787109375,12055.337890625,2.847062826156616,9.901507377624512,6.282526969909668
0,2299,1284.3001708984375,11730.623046875,3.7079262733459473,11.072040557861328,4.496466636657715
0,2300,1533.5673828125,14370.98828125,3.2156174182891846,9.068700790405273,7.151337623596191
0,2301,1649.3592529296875,15271.9912109375,4.072003364562988,13.275459289550781,4.436774253845215
0,2302,1138.9630126953125,10308.173828125,3.604855537414551,11.207351684570312,3.668180465698242
0,2303,1675.2628173828125,15806.638671875,3.153296947479248,10.152580261230469,7.23453426361084
0,2304,987.7564086914062,8887.583984375,3.2999324798583984,6.913352966308594,4.676058769226074
0,2305,968.492431640625,8799.4404296875,2.9516139030456543,9.091508865356445,4.255949020385742
0,2306,1390.4764404296875,12949.205078125,3.1851987838745117,12.379447937011719,4.600175857543945
0,2307,1011.008056640625,9117.966796875,3.3070459365844727,8.329490661621094,4.81892204284668
0,2308,967.0578002929688,8784.8623046875,2.9523839950561523,8.670329093933105,3.8989877700805664
0,2309,1192.8572998046875,11019.119140625,3.031510829925537,11.285477638244629,4.5811052322387695
0,2310,1649.7333984375,15326.7099609375,3.9020779132843018,11.424328804016113,6.289560317993164
0,2311,1189.3277587890625,10969.044921875,3.0807735919952393,10.193999290466309,6.248425483703613
0,2312,1239.9130859375,11416.421875,3.275695562362671,8.153480529785156,6.1922101974487305
0,2313,1197.21875,11027.638671875,3.148495674133301,10.77092456817627,3.2296152114868164
0,2314,1236.69970703125,11417.6806640625,3.164386749267578,8.456169128417969,6.54830265045166
0,2315,1091.3369140625,10087.1376953125,2.7541024684906006,7.423484802246094,5.796041488647461
0,2316,1270.0416259765625,11863.12109375,2.790982246398926,10.828444480895996,5.534401893615723
0,2317,1307.82568359375,12119.03515625,3.1974058151245117,10.381181716918945,5.438205718994141
0,2318,1528.403076171875,14325.302734375,3.195761203765869,9.411286354064941,9.117670059204102
0,2319,1233.4500732421875,11410.390625,3.080366611480713,10.205049514770508,5.846758842468262
0,2320,1547.7401123046875,14569.044921875,3.0278520584106445,11.12704086303711,4.629122734069824
0,2321,1840.00537109375,17434.64453125,3.2180302143096924,11.830987930297852,9.350348472595215
0,2322,1039.6575927734375,9555.6748046875,2.803004741668701,9.017801284790039,5.409624099731445
0,2323,1641.2147216796875,15478.919921875,3.1107592582702637,11.39928150177002,6.548398017883301
0,2324,1491.93798828125,13834.94140625,3.614793300628662,11.620343208312988,4.135875701904297
0,2325,1197.1451416015625,11119.806640625,2.8388142585754395,7.716157913208008,5.060093879699707
0,2326,1123.3226318359375,10252.779296875,3.268155097961426,9.539112091064453,4.151332855224609
0,2327,1725.1539306640625,16310.681640625,3.136190414428711,11.312395095825195,7.233488082885742
0,2328,1302.64599609375,12149.951171875,2.921693801879883,10.983187675476074,3.75864315032959
0,2329,1433.968017578125,13223.2080078125,3.721573829650879,10.70831298828125,6.792974472045898
0,2330,1215.2449951171875,11255.0029296875,2.991488456726074,9.847555160522461,5.633391380310059
0,2331,1524.09716796875,14221.208984375,3.3992080688476562,12.805473327636719,4.938230514526367
0,2332,1689.673095703125,15790.8271484375,3.686342716217041,13.446682929992676,3.964167594909668
0,2333,1043.48583984375,9522.95703125,3.0396711826324463,8.724336624145508,3.297100067138672
0,2334,1027.8812255859375,9371.25390625,3.0251927375793457,7.797212600708008,3.278191566467285
0,2335,1262.353759765625,11618.9736328125,3.348548412322998,10.322282791137695,4.823071479797363
0,2336,1445.0374755859375,13367.54296875,3.6094398498535156,10.274600982666016,5.119251251220703
0,2337,1339.273681640625,12545.48046875,2.8241865634918213,8.938194274902344,5.420956611633301
0,2338,1631.3428955078125,15253.685546875,3.5324783325195312,12.47239875793457,7.026147842407227
0,2339,1006.8261108398438,8929.01171875,3.797497272491455,9.24683952331543,5.347002983093262
0,2340,1654.6749267578125,15472.55859375,3.580636739730835,13.17024040222168,5.604158401489258
0,2341,1636.2747802734375,15315.8203125,3.4897570610046387,13.60495662689209,3.897383689880371
0,2342,792.2843017578125,6951.16259765625,3.2389347553253174,6.631234169006348,5.374149322509766
0,2343,1066.24658203125,9730.962890625,3.105010747909546,8.939376831054688,4.625770568847656
0,2344,1508.285400390625,14154.037109375,3.096055030822754,10.635191917419434,5.531223297119141
0,2345,1157.708984375,10682.7578125,2.981109380722046,11.037830352783203,4.8779296875
0,2346,1393.6217041015625,12941.95703125,3.314199924468994,10.141936302185059,6.039732933044434
0,2347,1493.8919677734375,13952.2998046875,3.288731575012207,11.399877548217773,6.949441909790039
0,2348,1590.7943115234375,14832.517578125,3.5847506523132324,9.976167678833008,7.76270866394043
0,2349,1319.5379638671875,12084.8974609375,3.7016077041625977,11.09532642364502,3.170395851135254
0,2350,1162.2091064453125,10738.2265625,2.9462172985076904,9.052227020263672,6.912818908691406
0,2351,1338.33642578125,12237.6953125,3.8188984394073486,10.94105052947998,5.266658782958984
0,2352,1950.602783203125,18478.47265625,3.4251835346221924,12.548971176147461,7.841909408569336
0,2353,1571.31005859375,14605.08984375,3.6933693885803223,11.939371109008789,7.277549743652344
0,2354,691.823974609375,6054.29296875,2.8798208236694336,7.114372253417969,5.046084403991699
0,2355,1110.033935546875,10111.8427734375,3.2949893474578857,7.7521867752075195,5.796839714050293
0,2356,1556.2618408203125,14384.537109375,3.9269375801086426,12.41617202758789,5.002972602844238
0,2357,1190.884033203125,10865.2470703125,3.478640556335449,9.705097198486328,5.666485786437988
0,2358,1628.0709228515625,15394.220703125,2.9549601078033447,11.1856050491333,7.528220176696777
0,2359,1382.7734375,12989.4052734375,2.7944273948669434,11.657768249511719,3.73126220703125
0,2360,1226.72119140625,11262.6630859375,3.348496437072754,10.111247062683105,5.154010772705078
0,2361,1291.9940185546875,11950.330078125,3.2320327758789062,9.089140892028809,7.382174491882324
0,2362,1310.719970703125,12137.640625,3.231865644454956,10.117834091186523,3.4152097702026367
0,2363,1113.654541015625,10184.1455078125,3.174665689468384,9.058545112609863,4.4556779861450195
0,2364,1933.4833984375,18163.310546875,3.9050779342651367,12.313932418823242,7.538718223571777
0,2365,1635.5418701171875,15309.1611328125,3.4875235557556152,13.310564041137695,4.53865909576416
0,2366,1715.2646484375,16045.8173828125,3.689427137374878,12.920828819274902,3.4427642822265625
0,2367,1136.1934814453125,10403.66796875,3.1942226886749268,9.848272323608398,4.555159568786621
0,2368,1059.4703369140625,9701.1669921875,2.9784536361694336,9.562097549438477,4.2626953125
0,2369,1292.8826904296875,12067.109375,2.8723905086517334,9.630941390991211,6.870861053466797
0,2370,1494.734619140625,13814.1201171875,3.777423143386841,11.863460540771484,4.746713638305664
0,2371,1150.76220703125,10651.126953125,2.8549866676330566,9.309930801391602,7.649991035461426
0,2372,1570.0543212890625,14711.943359375,3.2953338623046875,12.442703247070312,5.013423919677734
0,2373,1601.51953125,14437.857421875,5.257794380187988,11.300090789794922,6.996350288391113
0,2374,1381.18896484375,12843.103515625,3.2292866706848145,11.64230728149414,3.392152786254883
0,2375,1716.232666015625,16223.5478515625,3.1292595863342285,12.233530044555664,5.09698486328125
0,2376,1346.882568359375,12614.869140625,2.846522331237793,10.083395004272461,5.775931358337402
0,2377,1211.653076171875,11199.916015625,3.055382251739502,9.769709587097168,3.2806711196899414
0,2378,929.6520385742188,8470.765625,2.7525148391723633,8.590548515319824,4.4284210205078125
0,2379,1296.915283203125,12037.5234375,3.105433940887451,10.916399002075195,4.977762222290039
0,2380,955.867919921875,8642.69140625,3.053292751312256,7.359138011932373,5.7170209884643555
0,2381,1736.657958984375,16408.466796875,3.1937098503112793,11.077823638916016,6.947330474853516
0,2382,956.186279296875,8736.8662109375,2.7499866485595703,7.207364082336426,3.8956289291381836
0,2383,1379.4144287109375,12866.103515625,3.0934691429138184,11.54049301147461,4.1199951171875
0,2384,1160.0771484375,10555.794921875,3.4832563400268555,10.011621475219727,4.488163948059082
0,2385,1649.017578125,15410.759765625,3.5980520248413086,12.35069465637207,6.685589790344238
0,2386,1254.2066650390625,11508.55859375,3.445026397705078,10.259600639343262,4.889357566833496
0,2387,1307.485107421875,12049.1083984375,3.4191393852233887,10.315021514892578,8.886697769165039
0,2388,1520.21923828125,14182.5087890625,3.3989453315734863,10.91273307800293,5.998350143432617
0,2389,1389.359619140625,12940.7451171875,3.17616605758667,10.299290657043457,4.616463661193848
0,2390,1225.436767578125,11266.478515625,3.292966365814209,8.929882049560547,6.092258453369141
0,2391,1287.8656005859375,11825.724609375,3.5097687244415283,9.983121871948242,5.518000602722168
0,2392,1104.368896484375,9978.095703125,3.551975727081299,9.253918647766113,3.807162284851074
0,2393,1184.2786865234375,10862.208984375,3.268592357635498,11.387036323547363,3.527623176574707
0,2394,1149.798583984375,10480.3828125,3.3920063972473145,8.967166900634766,5.466635704040527
0,2395,1875.8387451171875,17628.279296875,3.767024517059326,14.645322799682617,5.843775749206543
0,2396,1207.1395263671875,11208.4931640625,2.8763389587402344,10.223440170288086,4.733011245727539
0,2397,1891.900634765625,17968.0546875,3.1698367595672607,13.820432662963867,5.81524658203125
0,2398,1241.3408203125,11529.666015625,2.9458043575286865,11.256728172302246,2.8772926330566406
0,2399,1318.370361328125,12136.38671875,3.4910569190979004,10.176166534423828,3.4555788040161133
0,2400,1208.2158203125,11085.146484375,3.323373794555664,11.65234088897705,4.188567161560059
0,2401,1425.120361328125,13325.814453125,3.0846314430236816,11.205934524536133,5.590085029602051
0,2402,888.1213989257812,7874.0517578125,3.357206344604492,7.014881134033203,4.585566520690918
0,2403,1210.2325439453125,11092.2763671875,3.366830825805664,9.848350524902344,6.0694475173950195
0,2404,1562.7900390625,14519.3408203125,3.695200204849243,11.289369583129883,5.3209733963012695
0,2405,1212.2149658203125,11233.8388671875,2.9610352516174316,9.923521041870117,4.952580451965332
0,2406,1749.141357421875,16568.62109375,3.0759739875793457,11.552136421203613,7.043179512023926
0,2407,1605.8751220703125,14959.279296875,3.6649041175842285,12.543679237365723,5.133512496948242
0,2408,1437.5506591796875,13432.099609375,3.144691228866577,10.070919036865234,5.843988418579102
0,2409,1702.0850830078125,15914.494140625,3.6878550052642822,10.390762329101562,8.030555725097656
0,2410,1198.734619140625,10977.337890625,3.366694927215576,10.26360034942627,4.712264060974121
0,2411,1232.500244140625,11420.66015625,3.0144729614257812,9.971170425415039,4.804134368896484
0,2412,1276.471923828125,11897.7802734375,2.8897933959960938,9.447935104370117,4.165376663208008
0,2413,1590.64697265625,14763.16796875,3.811004638671875,11.210695266723633,6.156681060791016
0,2414,1132.86669921875,10361.9375,3.2224314212799072,7.906732559204102,7.242160797119141
0,2415,1475.179443359375,13787.931640625,3.212874412536621,10.619962692260742,6.968013763427734
0,2416,1457.614013671875,13527.78125,3.49452805519104,11.406126022338867,4.387831687927246
0,2417,1040.031005859375,9484.76953125,3.05180025100708,8.314537048339844,3.728182792663574
0,2418,1047.517333984375,9626.2509765625,2.8297393321990967,8.777939796447754,4.176375389099121
0,2419,1236.309326171875,11395.57421875,3.2250611782073975,10.766571998596191,4.465843200683594
0,2420,1380.139404296875,12790.4755859375,3.3697261810302734,10.375930786132812,3.626194953918457
0,2421,1590.643310546875,14861.7490234375,3.4822802543640137,12.036672592163086,4.799701690673828
0,2422,1636.284423828125,15200.060546875,3.875943183898926,11.439127922058105,7.558592796325684
0,2423,1470.960205078125,13761.892578125,3.1590301990509033,10.963081359863281,5.55463981628418
0,2424,1636.9852294921875,15452.861328125,3.0566365718841553,11.576105117797852,6.336666107177734
0,2425,1357.93359375,12591.875,3.291534423828125,11.083953857421875,3.835921287536621
0,2426,1401.921142578125,13069.56640625,3.165482997894287,11.262259483337402,5.126365661621094
0,2427,1682.950439453125,15710.7314453125,3.729246139526367,12.352105140686035,5.059471130371094
0,2428,1449.00830078125,13514.095703125,3.2532925605773926,10.929485321044922,6.356375694274902
0,2429,1827.6824951171875,17166.787109375,3.700124740600586,9.899965286254883,10.028627395629883
0,2430,1514.60498046875,14358.787109375,2.62420654296875,10.870125770568848,8.675195693969727
0,2431,967.5944213867188,8776.40234375,2.998471736907959,9.465250015258789,3.7745323181152344
0,2432,1403.8944091796875,13050.09375,3.29616641998291,11.283927917480469,6.706336975097656
0,2433,1321.75537109375,12170.115234375,3.491457939147949,10.546344757080078,5.855032920837402
0,2434,1540.323486328125,14412.5625,3.3022429943084717,11.893023490905762,4.1360626220703125
0,2435,1678.424072265625,15773.2294921875,3.3700337409973145,12.8086576461792,5.491445541381836
0,2436,1320.77001953125,12323.732421875,2.9465582370758057,10.075435638427734,4.769469261169434
0,2437,1375.3385009765625,12603.802734375,3.831941843032837,10.74089241027832,5.7219038009643555
0,2438,1073.556640625,9887.7880859375,2.8259265422821045,9.72330093383789,4.2461042404174805
0,2439,1768.799072265625,16656.69921875,3.4376370906829834,14.513923645019531,6.8077287673950195
0,2440,1406.08447265625,13009.9365234375,3.5030274391174316,11.7627534866333,2.771050453186035
0,2441,1401.917236328125,13083.2734375,3.1196608543395996,9.850006103515625,6.4505157470703125
0,2442,1316.75927734375,12097.958984375,3.5654473304748535,11.1915283203125,5.214047431945801
0,2443,1384.1024169921875,12923.74609375,3.0575923919677734,11.470052719116211,4.128180503845215
0,2444,1277.1488037109375,11865.42578125,3.0202083587646484,10.890657424926758,5.91231632232666
0,2445,1630.6510009765625,15034.53125,4.239928245544434,12.366737365722656,6.314334869384766
0,2446,1643.3804931640625,15335.56640625,3.6607964038848877,11.08852481842041,6.031476974487305
0,2447,1660.00390625,15702.228515625,2.9927008152008057,10.209827423095703,8.415278434753418
0,2448,1764.072265625,16661.2734375,3.264831781387329,14.173127174377441,2.896185874938965
0,2449,1508.439453125,13898.462890625,3.953104257583618,11.638097763061523,3.8377304077148438
0,2450,1955.228759765625,18444.443359375,3.692812442779541,14.6211576461792,3.8334836959838867
0,2451,1437.9415283203125,13249.25,3.7672176361083984,9.556928634643555,5.767388343811035
0,2452,1219.623291015625,11279.298828125,3.056443214416504,9.02545166015625,5.085857391357422
0,2453,1118.1207275390625,10271.0234375,3.0339436531066895,9.980668067932129,5.682803153991699
0,2454,1602.115234375,14876.7392578125,3.814709186553955,12.498005867004395,5.486432075500488
0,2455,1674.1038818359375,15425.458984375,4.385264873504639,11.549949645996094,5.541308403015137
0,2456,1396.7635498046875,12802.060546875,3.885249137878418,10.947397232055664,5.809621810913086
0,2457,1826.9188232421875,17008.958984375,4.200766086578369,11.903234481811523,6.982775688171387
0,2458,1137.931884765625,10542.375,2.789813280105591,9.19347095489502,3.777235984802246
0,2459,1423.2176513671875,13280.9384765625,3.170792579650879,11.393922805786133,4.508967399597168
0,2460,1224.42626953125,11389.048828125,2.8507132530212402,10.301780700683594,4.529898643493652
0,2461,875.2578735351562,7716.3466796875,3.4541051387786865,7.344876289367676,4.377272605895996
0,2462,1144.280517578125,10572.486328125,2.9010605812072754,10.162457466125488,3.9203176498413086
0,2463,1513.7794189453125,14164.7216796875,3.2435755729675293,10.606544494628906,6.764535903930664
0,2464,1060.47705078125,9634.515625,3.234182834625244,9.87093734741211,4.257547378540039
0,2465,1570.67333984375,14783.3310546875,3.0780091285705566,9.715839385986328,9.360308647155762
0,2466,1658.68798828125,15494.6552734375,3.6407456398010254,13.51321029663086,5.496770858764648
0,2467,1254.6951904296875,11615.83203125,3.103731632232666,8.96194839477539,5.324305534362793
0,2468,1413.8184814453125,13090.224609375,3.493199110031128,11.699277877807617,4.011049270629883
0,2469,1738.2762451171875,16306.201171875,3.5885372161865234,11.001821517944336,9.147920608520508
0,2470,1189.1263427734375,10901.537109375,3.2990899085998535,9.562170028686523,5.365639686584473
0,2471,1520.7879638671875,14014.451171875,3.9780917167663574,10.249629020690918,6.716265678405762
0,2472,1226.9833984375,11253.8203125,3.3867125511169434,10.011545181274414,3.483133316040039
0,2473,1584.758544921875,14843.650390625,3.3464460372924805,10.35316276550293,7.463194847106934
0,2474,1399.587646484375,13066.3994140625,3.098254919052124,10.442136764526367,6.510443687438965
0,2475,1455.5245361328125,13588.88671875,3.221195936203003,11.52888298034668,3.583221435546875
0,2476,1171.3782958984375,10814.08984375,2.9989731311798096,9.96456527709961,3.9728822708129883
0,2477,1436.134033203125,13430.701171875,3.102128505706787,10.686849594116211,4.816342353820801
0,2478,833.345703125,7458.921875,2.9151172637939453,8.283590316772461,3.1410322189331055
0,2479,1344.42529296875,12505.109375,3.130476474761963,10.397578239440918,4.60127067565918
0,2480,1219.505615234375,11294.6103515625,3.0014872550964355,9.041386604309082,5.193686485290527
0,2481,1328.8240966796875,12260.25390625,3.4266231060028076,10.803728103637695,4.789031028747559
0,2482,1584.102294921875,14877.439453125,3.2119438648223877,11.716190338134766,5.5661211013793945
0,2483,1776.6875,16555.939453125,4.036449432373047,13.639562606811523,4.893084526062012
0,2484,1812.8956298828125,16945.70703125,3.944166660308838,12.499876976013184,5.891913414001465
0,2485,1217.000732421875,11112.048828125,3.526524066925049,10.684762954711914,5.338520050048828
0,2486,1355.410888671875,12665.671875,2.961453676223755,10.525306701660156,4.714347839355469
0,2487,1509.32177734375,13934.19140625,3.863420009613037,11.689310073852539,3.3459062576293945
0,2488,1975.590576171875,18791.1875,3.215728759765625,14.967164993286133,5.747910499572754
0,2489,1161.7578125,10671.17578125,3.1546742916107178,8.303564071655273,4.870378494262695
0,2490,1405.1456298828125,13055.7626953125,3.318978786468506,10.375426292419434,6.231884956359863
0,2491,1070.9500732421875,9866.0927734375,2.8113574981689453,8.287961959838867,6.235152244567871
0,2492,1340.814697265625,12531.4580078125,2.9222946166992188,10.52962875366211,5.558331489562988
0,2493,1045.9871826171875,9376.4208984375,3.611504554748535,8.693387031555176,4.291068077087402
0,2494,1292.61474609375,11828.578125,3.658567428588867,9.561845779418945,6.933749198913574
0,2495,1142.822021484375,10510.0205078125,3.0606656074523926,7.04884147644043,7.408405303955078
0,2496,855.3134765625,7620.796875,3.107792377471924,7.519532203674316,4.139193534851074
0,2497,1370.6358642578125,12575.51953125,3.7694602012634277,10.460997581481934,7.171154022216797
0,2498,1202.681640625,11105.240234375,3.071920871734619,9.473386764526367,6.074013710021973
0,2499,1090.9390869140625,9945.0625,3.214428186416626,10.39893913269043,2.9090280532836914
0,2500,1716.42138671875,16056.3359375,3.6929221153259277,12.490592956542969,6.239193916320801
0,2501,1170.9581298828125,10840.564453125,2.896721363067627,10.672443389892578,4.429497718811035
0,2502,1112.7203369140625,10213.677734375,3.0450849533081055,8.967069625854492,5.457010269165039
0,2503,1777.015380859375,16901.29296875,2.8962044715881348,12.798686981201172,5.909951210021973
0,2504,1273.2974853515625,11750.5390625,3.2747836112976074,11.240337371826172,4.1453351974487305
0,2505,1093.98876953125,10048.314453125,2.971909523010254,7.904987335205078,5.663946151733398
0,2506,1308.284912109375,12175.34765625,3.0250048637390137,11.111034393310547,4.7724103927612305
0,2507,1305.60205078125,12052.119140625,3.3463377952575684,10.019054412841797,4.175786018371582
0,2508,1112.87939453125,10266.4365234375,2.8745222091674805,9.01516056060791,4.326848983764648
0,2509,1072.06494140625,9873.3203125,2.8244311809539795,9.411974906921387,3.844175338745117
0,2510,1244.100341796875,11592.30078125,2.8290061950683594,11.859621047973633,4.805804252624512
0,2511,1306.3851318359375,12026.2158203125,3.458784580230713,11.015997886657715,3.232717514038086
0,2512,1143.3668212890625,10501.4384765625,3.1074299812316895,9.746381759643555,3.650341033935547
0,2513,1370.9461669921875,12762.3671875,3.1569836139678955,9.942276000976562,6.470104217529297
0,2514,1454.8621826171875,13662.4453125,2.95392107963562,10.486112594604492,6.373271942138672
0,2515,1536.3828125,13690.4140625,5.5780487060546875,11.291921615600586,5.091623306274414
0,2516,1567.7196044921875,14514.091796875,3.8770148754119873,12.084238052368164,4.5116376876831055
0,2517,1201.38037109375,10996.796875,3.3900208473205566,9.917461395263672,4.092823028564453
0,2518,966.6265258789062,8777.498046875,2.9625563621520996,7.652619361877441,3.754098892211914
0,2519,1310.1444091796875,12138.3720703125,3.210237503051758,10.798440933227539,4.674953460693359
0,2520,1160.250244140625,10758.0625,2.81479811668396,10.34733772277832,4.24061393737793
0,2521,1399.366455078125,13113.4765625,2.933957815170288,9.29127025604248,7.26301383972168
0,2522,1073.411376953125,9903.00390625,2.770364761352539,9.90455150604248,3.4282960891723633
0,2523,1539.2701416015625,14387.669921875,3.3501060009002686,13.191276550292969,5.155193328857422
0,2524,990.425048828125,8871.001953125,3.4441609382629395,8.443071365356445,4.854143142700195
0,2525,1810.423828125,17236.02734375,2.8940367698669434,11.389375686645508,8.289501190185547
0,2526,1661.4014892578125,15504.4296875,3.6986148357391357,11.584468841552734,6.765483856201172
0,2527,1238.000732421875,11432.8310546875,3.1572532653808594,10.31999397277832,6.609726905822754
0,2528,996.8694458007812,9116.8779296875,2.839388370513916,8.640222549438477,4.833888053894043
0,2529,1281.1024169921875,11871.2412109375,3.132610321044922,10.692912101745605,4.22723388671875
0,2530,1043.3203125,9602.72265625,2.7682666778564453,7.76323127746582,5.002960205078125
0,2531,1311.2225341796875,12057.5546875,3.5155680179595947,12.17544937133789,3.770482063293457
0,2532,1347.1956787109375,12430.1259765625,3.4727683067321777,10.374781608581543,7.281418800354004
0,2533,1174.8575439453125,10773.412109375,3.2505455017089844,9.847332954406738,4.290870666503906
0,2534,1918.2386474609375,18301.13671875,2.9375009536743164,10.842459678649902,8.585179328918457
0,2535,883.2410888671875,8043.1650390625,2.630819320678711,8.416258811950684,4.433623313903809
0,2536,1271.629150390625,11709.1279296875,3.3572120666503906,11.064228057861328,4.998955726623535
0,2537,1217.6011962890625,11257.1201171875,3.062971830368042,11.113363265991211,4.588940620422363
0,2538,1453.3519287109375,12930.9443359375,5.341915130615234,10.719144821166992,6.063226699829102
0,2539,1132.2994384765625,10519.06640625,2.6797590255737305,7.648688793182373,5.361193656921387
0,2540,1225.6513671875,11222.3896484375,3.4470763206481934,9.755054473876953,3.570505142211914
0,2541,1392.3419189453125,12934.662109375,3.295856237411499,11.279889106750488,5.0944623947143555
0,2542,1311.19677734375,12168.751953125,3.144049882888794,9.854580879211426,5.663144111633301
0,2543,1493.9483642578125,14089.1279296875,2.8345165252685547,9.509647369384766,8.548888206481934
0,2544,1262.405029296875,11684.9921875,3.130190372467041,9.790063858032227,5.087594985961914
0,2545,1808.197509765625,17209.244140625,2.909102439880371,10.347938537597656,7.40692138671875
0,2546,1482.102783203125,13965.5,2.851757049560547,12.141548156738281,4.761473655700684
0,2547,1324.5740966796875,12126.005859375,3.7324488162994385,10.41267204284668,5.250607490539551
0,2548,1301.6788330078125,12159.8134765625,2.856581926345825,10.838444709777832,5.113168716430664
0,2549,1472.1370849609375,13750.4140625,3.2365217208862305,12.327674865722656,5.841601371765137
0,2550,1239.952392578125,11585.546875,2.7132558822631836,8.24436092376709,5.876107215881348
0,2551,1134.5584716796875,10555.9443359375,2.632134437561035,8.418001174926758,6.767465591430664
0,2552,1259.0372314453125,11509.466796875,3.6030189990997314,9.943920135498047,5.819159507751465
0,2553,1276.6640625,11624.69140625,3.806497573852539,9.207520484924316,3.1280136108398438
0,2554,1194.65283203125,11038.8623046875,3.0255532264709473,10.484621047973633,4.193863868713379
0,2555,1436.423095703125,13396.9453125,3.2242822647094727,11.660274505615234,5.211701393127441
0,2556,1067.102783203125,9770.935546875,3.0003089904785156,7.202940940856934,6.360804557800293
0,2557,1635.884521484375,15405.65234375,3.177306652069092,11.190035820007324,9.027210235595703
0,2558,1156.68408203125,10540.40625,3.421447277069092,8.055246353149414,5.013385772705078
0,2559,1963.4224853515625,18634.310546875,3.333047389984131,15.714593887329102,4.080077171325684
0,2560,1704.2752685546875,16213.01171875,2.765803813934326,12.61090087890625,3.8752222061157227
0,2561,1370.5191650390625,12754.0322265625,3.170532703399658,11.140730857849121,5.089836120605469
0,2562,1255.509521484375,11519.7158203125,3.451263904571533,7.868795394897461,7.460838317871094
0,2563,1560.175048828125,14680.255859375,3.0716466903686523,12.137578964233398,5.6017351150512695
0,2564,1378.74169921875,12789.9892578125,3.3247618675231934,10.651571273803711,7.387618064880371
0,2565,1385.15380859375,13067.0732421875,2.614882469177246,10.348614692687988,6.649012565612793
0,2566,1599.188720703125,15155.84765625,2.786796808242798,11.918069839477539,7.057879447937012
0,2567,1106.8365478515625,10144.82421875,3.078472137451172,9.542755126953125,6.518424034118652
0,2568,984.9284057617188,8968.283203125,2.93666934967041,8.35458755493164,2.9748640060424805
0,2569,1246.948486328125,11444.37109375,3.417043685913086,12.034344673156738,6.118427276611328
0,2570,1241.4713134765625,11422.1142578125,3.3086612224578857,9.737691879272461,4.320428848266602
0,2571,1009.6650390625,9235.9619140625,2.8689610958099365,8.659387588500977,5.997305870056152
0,2572,1344.6461181640625,12255.630859375,3.969435453414917,8.790876388549805,5.498774528503418
0,2573,1553.3819580078125,14501.3828125,3.4414544105529785,11.6893310546875,5.551618576049805
0,2574,1279.6361083984375,11550.6484375,4.152376174926758,10.679092407226562,3.653780937194824
0,2575,1256.564453125,11697.66796875,2.8932535648345947,9.106605529785156,4.258273124694824
0,2576,1573.262939453125,14635.5166015625,3.657042980194092,11.159795761108398,5.865623474121094
0,2577,1717.31396484375,16243.1845703125,3.0998501777648926,11.434314727783203,5.364504814147949
0,2578,1266.0577392578125,11796.919921875,2.8788561820983887,10.440511703491211,4.364937782287598
0,2579,898.20751953125,8132.2724609375,2.8326759338378906,8.876914978027344,2.3731584548950195
0,2580,1792.6492919921875,16838.92578125,3.6252248287200928,13.402474403381348,5.393712043762207
0,2581,1351.4210205078125,12433.947265625,3.6008753776550293,10.746692657470703,6.282949447631836
0,2582,1684.087158203125,15637.0263671875,4.012815952301025,11.548391342163086,5.935586929321289
0,2583,1702.1844482421875,16065.08984375,3.1891794204711914,12.696056365966797,4.8892621994018555
0,2584,1282.0484619140625,11841.248046875,3.26411771774292,10.972570419311523,3.316812515258789
0,2585,1638.2735595703125,15635.0859375,2.492161989212036,11.579938888549805,7.012945175170898
0,2586,1464.1859130859375,13571.302734375,3.5685226917266846,12.10106372833252,3.278597831726074
0,2587,1369.40087890625,12698.869140625,3.317131996154785,10.828718185424805,4.861843109130859
0,2588,1464.5679931640625,13248.25390625,4.65808629989624,11.160614013671875,6.918452262878418
0,2589,1222.592041015625,11366.333984375,2.8652853965759277,9.061036109924316,4.2088165283203125
0,2590,1232.280029296875,11351.220703125,3.2385988235473633,10.743227005004883,4.0671796798706055
0,2591,1110.741943359375,10173.50390625,3.113049268722534,9.137924194335938,3.4719228744506836
0,2592,1121.787353515625,10361.9580078125,2.8530502319335938,9.794902801513672,7.027585983276367
0,2593,1206.9764404296875,11126.9287109375,3.14278507232666,10.273746490478516,3.894195556640625
0,2594,1356.650390625,12621.1572265625,3.1511545181274414,10.746990203857422,5.487154960632324
0,2595,1453.5311279296875,13625.9912109375,3.0310659408569336,9.971534729003906,6.726373672485352
0,2596,1003.6749267578125,8998.5625,3.4606218338012695,8.439132690429688,4.364642143249512
0,2597,1170.1551513671875,10812.265625,2.9642863273620605,8.897555351257324,4.9056396484375
0,2598,1409.775634765625,13210.71484375,2.9568028450012207,10.698442459106445,5.808316230773926
0,2599,1260.2530517578125,11757.2392578125,2.8176348209381104,11.650592803955078,5.933225631713867
0,2600,1216.3299560546875,11204.435546875,3.196211576461792,11.902925491333008,4.549266815185547
0,2601,1446.991943359375,13513.521484375,3.187992572784424,11.731922149658203,4.7009782791137695
0,2602,1522.419189453125,14155.76171875,3.5614356994628906,11.049163818359375,6.372218132019043
0,2603,1908.068359375,17947.03515625,3.7788310050964355,14.4573974609375,5.29850959777832
0,2604,1487.65625,13900.611328125,3.2531704902648926,12.145145416259766,4.715671539306641
0,2605,1628.972900390625,15334.537109375,3.1839709281921387,11.015668869018555,6.146631240844727
0,2606,1701.2568359375,16224.982421875,2.6252827644348145,11.979877471923828,5.865633010864258
0,2607,1053.069580078125,9581.9833984375,3.162374973297119,8.379508972167969,4.6525163650512695
0,2608,1036.7816162109375,9473.8427734375,2.9799118041992188,10.428922653198242,4.982990264892578
0,2609,1858.63818359375,17609.8828125,3.2549948692321777,13.204574584960938,5.547008514404297
0,2610,1712.0535888671875,16120.8359375,3.33233380317688,11.78833293914795,6.520406723022461
0,2611,1325.428466796875,12298.134765625,3.1871659755706787,11.193310737609863,5.112244606018066
0,2612,1578.863525390625,14872.0517578125,3.0552761554718018,10.927897453308105,4.949612617492676
0,2613,1503.26708984375,14039.7109375,3.3098690509796143,11.300633430480957,4.790726661682129
0,2614,1282.1466064453125,11810.7900390625,3.3689193725585938,10.245595932006836,4.188361167907715
0,2615,1286.8636474609375,11897.7822265625,3.2361834049224854,10.947174072265625,4.536921501159668
0,2616,1320.2628173828125,12243.87890625,3.1958274841308594,10.396493911743164,4.631807327270508
0,2617,1798.7210693359375,17033.7421875,3.1782267093658447,13.650824546813965,4.176780700683594
0,2618,1091.0498046875,10047.822265625,2.8755838871002197,10.080392837524414,4.252364158630371
0,2619,1364.648681640625,12723.486328125,3.0766677856445312,11.523439407348633,2.5895004272460938
0,2620,1265.930908203125,11677.6396484375,3.2722294330596924,10.389089584350586,5.21484375
0,2621,1540.29833984375,14391.517578125,3.3715553283691406,10.905891418457031,5.085729598999023
0,2622,1617.550048828125,15262.70703125,3.042644739151001,10.66327953338623,3.7858457565307617
0,2623,1035.41259765625,9438.87109375,3.050849437713623,8.483129501342773,4.680774688720703
0,2624,1376.8907470703125,12820.65625,3.160834789276123,11.079876899719238,6.045339584350586
0,2625,1632.742919921875,15288.412109375,3.4633893966674805,12.407159805297852,6.817225456237793
0,2626,1184.9202880859375,10843.1845703125,3.3533926010131836,9.957723617553711,3.9491796493530273
0,2627,1470.1954345703125,13708.6044921875,3.3111653327941895,11.736268043518066,4.47542667388916
0,2628,1568.0633544921875,14680.9140625,3.332397937774658,12.394844055175781,5.361695289611816
0,2629,884.5036010742188,7955.38623046875,2.9654994010925293,8.658015251159668,3.54166316986084
0,2630,1631.6014404296875,15243.115234375,3.576328754425049,12.314249038696289,6.386693000793457
0,2631,1471.1900634765625,13876.30078125,2.7853312492370605,9.6637601852417,6.056710243225098
0,2632,1544.56494140625,14431.861328125,3.3792943954467773,10.912229537963867,4.358389854431152
0,2633,1603.8720703125,15013.9716796875,3.4158289432525635,12.86638069152832,5.936135292053223
0,2634,1212.8857421875,11191.259765625,3.1253273487091064,9.143321990966797,7.272495269775391
0,2635,2116.714111328125,20163.45703125,3.345611095428467,11.334681510925293,9.951510429382324
0,2636,1366.91796875,12708.3046875,3.202916383743286,10.82065486907959,6.404504776000977
0,2637,1914.019775390625,18163.021484375,3.257253408432007,13.556683540344238,5.557451248168945
0,2638,1551.1693115234375,14601.03515625,3.0355265140533447,12.41515064239502,5.49384880065918
0,2639,1036.0968017578125,9444.578125,3.0546329021453857,9.871010780334473,4.44329833984375
0,2640,1494.2138671875,13974.42578125,3.225706100463867,10.995794296264648,4.459598541259766
0,2641,1591.853271484375,14841.630859375,3.589674711227417,11.429069519042969,4.134660720825195
0,2642,1490.785888671875,13954.2080078125,3.178835391998291,12.192766189575195,5.950333595275879
0,2643,1225.499755859375,11226.44921875,3.428494930267334,10.290092468261719,4.150047302246094
0,2644,1179.7186279296875,10986.8505859375,2.701118230819702,9.166661262512207,6.707488059997559
0,2645,1429.0162353515625,13168.322265625,3.7394635677337646,11.23853874206543,4.82859992980957
0,2646,1111.872802734375,10234.9013671875,2.946089506149292,9.866911888122559,4.062604904174805
0,2647,1405.295654296875,13081.0390625,3.239725112915039,11.827594757080078,3.6789255142211914
0,2648,1437.3114013671875,13477.482421875,2.9854354858398438,11.924199104309082,4.96453857421875
0,2649,1004.384521484375,9174.361328125,2.8982791900634766,8.647045135498047,3.2989501953125
0,2650,1302.54150390625,12141.419921875,2.9466490745544434,11.618371963500977,4.654645919799805
0,2651,1162.821533203125,10675.974609375,3.1741318702697754,8.748762130737305,3.398613929748535
0,2652,1680.682861328125,15851.8935546875,3.183119535446167,12.728141784667969,5.749795913696289
0,2653,1087.162109375,10056.349609375,2.7175731658935547,8.11927604675293,3.7981319427490234
0,2654,1556.6207275390625,14525.91015625,3.467654228210449,12.925586700439453,4.291119575500488
0,2655,1726.0855712890625,16212.529296875,3.4944207668304443,13.096450805664062,5.251768112182617
0,2656,1135.6978759765625,10248.0107421875,3.6965579986572266,10.087998390197754,5.09660530090332
0,2657,1211.7110595703125,11064.5263671875,3.5086138248443604,9.408348083496094,4.786838531494141
0,2658,1401.4554443359375,12643.697265625,4.569522857666016,11.425678253173828,4.977123260498047
0,2659,1692.466064453125,15942.615234375,3.273482322692871,13.554671287536621,4.892979621887207
0,2660,2077.515625,19705.75390625,3.564668655395508,15.666036605834961,6.945782661437988
0,2661,1118.49169921875,10141.955078125,3.476541519165039,10.21875,4.8172149658203125
0,2662,1343.412841796875,12579.080078125,2.850159168243408,11.381028175354004,4.739580154418945
0,2663,1017.09814453125,9250.3798828125,3.068669557571411,8.459833145141602,3.053483009338379
0,2664,1776.7969970703125,16765.509765625,3.341533660888672,11.888447761535645,8.671486854553223
0,2665,1117.7608642578125,9938.466796875,4.130474090576172,9.473078727722168,6.4438982009887695
0,2666,1566.532958984375,14779.4873046875,2.952808380126953,11.490867614746094,6.263575553894043
0,2667,1649.24609375,15579.8642578125,3.0419859886169434,13.029930114746094,5.993746757507324
0,2668,1615.39501953125,15184.6240234375,3.2310874462127686,12.461759567260742,6.47943115234375
0,2669,1590.01171875,14918.748046875,3.2712290287017822,12.346487045288086,5.623597145080566
0,2670,1357.48291015625,12695.626953125,2.9306721687316895,10.476388931274414,5.851883888244629
0,2671,1317.1697998046875,12182.892578125,3.2960169315338135,12.302908897399902,3.9608154296875
0,2672,1298.7685546875,12096.384765625,2.9709994792938232,11.639301300048828,4.793709754943848
0,2673,1489.5137939453125,13915.7509765625,3.2646241188049316,11.337998390197754,4.224125862121582
0,2674,1322.5029296875,12324.283203125,3.0024867057800293,9.642512321472168,5.342720985412598
0,2675,808.80126953125,7241.9326171875,2.8202648162841797,6.9578070640563965,3.221686363220215
0,2676,1031.5323486328125,9520.552734375,2.649233341217041,8.280500411987305,4.616991996765137
0,2677,1359.0921630859375,12549.505859375,3.4713878631591797,11.12317180633545,5.807412147521973
0,2678,1169.75927734375,10876.2177734375,2.737914562225342,9.278703689575195,4.473833084106445
0,2679,1401.21484375,13121.794921875,2.9678425788879395,9.248136520385742,6.108636856079102
0,2680,1171.6611328125,10859.8046875,2.85602068901062,9.527040481567383,3.9961986541748047
0,2681,1071.5789794921875,9689.8251953125,3.419882297515869,8.106368064880371,4.628762245178223
0,2682,1163.5677490234375,10833.693359375,2.6732778549194336,10.173014640808105,4.693547248840332
0,2683,729.3578491210938,6369.4892578125,3.0802979469299316,7.227519512176514,3.161393165588379
0,2684,1941.408935546875,18336.921875,3.590557813644409,14.528864860534668,6.642614364624023
0,2685,1421.07861328125,13180.8515625,3.433115005493164,11.165782928466797,4.709880828857422
0,2686,1360.625244140625,12726.58203125,2.9322359561920166,9.212403297424316,5.674713134765625
0,2687,1347.5654296875,12555.1962890625,3.0681920051574707,10.998231887817383,7.233955383300781
0,2688,1189.73486328125,11045.5498046875,2.839327096939087,8.691435813903809,6.708074569702148
0,2689,1467.074951171875,13606.32421875,3.548081398010254,9.955161094665527,4.35676383972168
0,2690,1484.5257568359375,13855.2294921875,3.300093650817871,10.755521774291992,5.445469856262207
0,2691,1651.6854248046875,14987.8505859375,5.096680164337158,13.26292896270752,6.930795669555664
0,2692,1106.3023681640625,10166.55078125,2.9882428646087646,9.027076721191406,5.3376264572143555
0,2693,1021.7444458007812,9266.6455078125,3.1693296432495117,8.193477630615234,4.68485164642334
0,2694,1462.5594482421875,13661.9609375,3.212110996246338,11.317194938659668,5.683163642883301
0,2695,1203.9405517578125,11013.54296875,3.4195408821105957,9.23755931854248,5.1028289794921875
0,2696,1003.8099365234375,9062.0732421875,3.253420352935791,8.349617004394531,7.024998664855957
0,2697,2051.975341796875,19526.259765625,3.3116469383239746,14.480483055114746,5.886323928833008
0,2698,1761.701904296875,16661.28515625,3.1857800483703613,11.298980712890625,6.323493003845215
0,2699,1390.902099609375,12933.5,3.251739263534546,10.484230041503906,6.075315475463867
0,2700,1249.9521484375,11633.796875,2.885745048522949,10.722764015197754,6.351009368896484
0,2701,1344.5255126953125,12376.2353515625,3.5633974075317383,11.088995933532715,5.113329887390137
0,2702,1532.49853515625,14457.57421875,2.8913686275482178,12.241713523864746,4.694116592407227
0,2703,1223.896728515625,11351.9072265625,2.956862449645996,10.934104919433594,5.465762138366699
0,2704,1768.3424072265625,15891.7578125,5.972220420837402,12.551910400390625,5.826654434204102
0,2705,972.3997192382812,8703.291015625,3.4023542404174805,8.085338592529297,4.882353782653809
0,2706,1379.0897216796875,12872.482421875,3.0613808631896973,11.650755882263184,3.490839958190918
0,2707,1844.7274169921875,17235.625,4.0388288497924805,14.071748733520508,6.519041061401367
0,2708,821.7691650390625,7055.3310546875,3.874535083770752,6.21692419052124,7.912576675415039
0,2709,1011.3357543945312,9321.966796875,2.637967109680176,8.409915924072266,4.334051132202148
0,2710,1191.16357421875,11114.546875,2.656961441040039,8.870319366455078,4.062413215637207
0,2711,923.02880859375,8462.837890625,2.5581674575805664,9.204538345336914,3.538050651550293
0,2712,1285.8499755859375,11945.53125,3.0432283878326416,10.940902709960938,6.472264289855957
0,2713,1117.5465087890625,10211.666015625,3.212662696838379,8.693092346191406,7.675477981567383
0,2714,1882.31640625,17818.1953125,3.3498947620391846,11.717982292175293,8.719857215881348
0,2715,1255.4736328125,11508.453125,3.4876084327697754,9.128501892089844,4.902264595031738
0,2716,1143.575439453125,10466.25390625,3.2316677570343018,10.131579399108887,5.012701034545898
0,2717,849.33837890625,7602.9189453125,2.968214511871338,6.435410499572754,4.275557518005371
0,2718,1495.5067138671875,13908.1240234375,3.4898123741149902,11.373441696166992,5.131932258605957
0,2719,1270.0589599609375,11893.3828125,2.6906914710998535,7.837257385253906,6.237593650817871
0,2720,1598.235107421875,15030.919921875,3.171433925628662,14.351369857788086,5.223354339599609
0,2721,2346.225830078125,22372.3203125,3.633122444152832,13.69402027130127,8.927867889404297
0,2722,1367.501953125,12782.544921875,2.974916458129883,11.397960662841797,3.347304344177246
0,2723,1255.4180908203125,11312.1015625,4.140264511108398,10.257755279541016,5.333243370056152
0,2724,1508.4056396484375,14179.7490234375,3.0143537521362305,11.066429138183594,6.828315734863281
0,2725,1219.4471435546875,11167.5703125,3.4230003356933594,10.363483428955078,5.393462181091309
0,2726,1435.971923828125,13428.08203125,3.1054558753967285,11.576340675354004,4.610446929931641
0,2727,1306.739990234375,11942.615234375,3.7492806911468506,8.687994956970215,6.224811553955078
0,2728,1081.5177001953125,9858.1875,3.18996524810791,8.688508987426758,5.073803901672363
0,2729,1318.5670166015625,12332.4794921875,2.8439695835113525,11.043959617614746,4.029329299926758
0,2730,1585.5135498046875,14710.60546875,3.8150994777679443,11.586366653442383,5.470870018005371
0,2731,1386.181884765625,13001.140625,2.8689262866973877,11.913156509399414,4.658042907714844
0,2732,1611.636962890625,15114.876953125,3.3383102416992188,12.352978706359863,5.321516990661621
0,2733,1246.26025390625,11585.8193359375,2.9226136207580566,8.574956893920898,5.970200538635254
0,2734,1228.9891357421875,11263.8984375,3.4199745655059814,9.91180419921875,4.564268112182617
0,2735,1755.1517333984375,16508.46875,3.4768261909484863,13.125465393066406,6.040563583374023
0,2736,1304.099365234375,12075.7880859375,3.2173523902893066,9.707220077514648,6.525885581970215
0,2737,1013.1431884765625,9246.103515625,2.951094150543213,9.926244735717773,3.945540428161621
0,2738,1160.443359375,10757.1572265625,2.8242568969726562,9.475090026855469,3.5356931686401367
0,2739,1221.50146484375,11288.9931640625,3.0867385864257812,9.972918510437012,3.69217586517334
0,2740,1337.6617431640625,12444.806640625,3.106034278869629,10.325674057006836,5.459902763366699
0,2741,1513.034912109375,13711.265625,4.730279445648193,12.197188377380371,4.441183090209961
0,2742,1149.953857421875,10566.26953125,3.110896110534668,9.228023529052734,4.444117546081543
0,2743,1986.5885009765625,18778.404296875,3.6249337196350098,14.030954360961914,5.901989936828613
0,2744,1274.25439453125,11797.142578125,3.151337146759033,10.099907875061035,6.77215576171875
0,2745,1650.4521484375,15566.400390625,3.1270692348480225,11.752132415771484,5.956149101257324
0,2746,1312.00439453125,11824.6669921875,4.317923069000244,10.26448917388916,4.850634574890137
0,2747,1173.4722900390625,10743.7138671875,3.303361415863037,9.847672462463379,3.433108329772949
0,2748,1685.1134033203125,15906.39453125,3.14912748336792,11.09402847290039,6.434792518615723
0,2749,1174.4774169921875,10706.759765625,3.4600448608398438,10.313104629516602,3.321187973022461
0,2750,1447.772705078125,13532.615234375,3.1503689289093018,10.751556396484375,5.039186477661133
0,2751,1179.9910888671875,10828.39453125,3.2383861541748047,9.658794403076172,2.18387508392334
0,2752,1346.3414306640625,12430.9248046875,3.4416286945343018,10.840084075927734,2.948305130004883
0,2753,1269.549560546875,11677.529296875,3.393221855163574,10.088661193847656,2.6458749771118164
0,2754,1061.2606201171875,9609.5849609375,3.3434033393859863,8.523519515991211,6.346766471862793
0,2755,1622.4298095703125,15307.3349609375,3.0565426349639893,12.632657051086426,3.759744644165039
0,2756,1058.4798583984375,9613.3525390625,3.238152503967285,8.81453800201416,4.317349433898926
0,2757,1298.262939453125,11949.2998046875,3.444430112838745,11.245790481567383,4.805234909057617
0,2758,1294.4210205078125,12048.248046875,2.986539363861084,11.57621955871582,3.7304296493530273
0,2759,882.4346313476562,7970.10546875,2.847468852996826,7.5539445877075195,5.55433464050293
0,2760,1170.2296142578125,10791.365234375,3.0364327430725098,9.979755401611328,5.790207862854004
0,2761,1587.0126953125,14873.57421875,3.321840286254883,12.46061897277832,6.02238655090332
0,2762,1237.9888916015625,11491.7294921875,2.9605302810668945,9.149520874023438,6.762575149536133
0,2763,1103.74072265625,10174.01953125,2.8779571056365967,9.319500923156738,3.233609199523926
0,2764,1775.9127197265625,16787.66796875,3.238196849822998,11.21219253540039,7.8274383544921875
0,2765,1684.6319580078125,15458.732421875,4.6252899169921875,12.611172676086426,5.248159408569336
0,2766,1146.39794921875,10626.333984375,2.792151689529419,9.765177726745605,5.546631813049316
0,2767,1823.104248046875,17253.732421875,3.257699489593506,13.681014060974121,4.930584907531738
0,2768,1475.1146240234375,13632.86328125,3.7276082038879395,8.985663414001465,7.878868103027344
0,2769,1447.6956787109375,13419.1259765625,3.526102066040039,10.513833045959473,7.159052848815918
0,2770,1160.280517578125,10705.1953125,2.992034435272217,9.259562492370605,6.804792404174805
0,2771,1198.06201171875,10830.0693359375,3.835167169570923,8.598894119262695,4.835101127624512
0,2772,1166.8087158203125,10661.7177734375,3.3545641899108887,8.963661193847656,5.6681365966796875
0,2773,1344.9781494140625,11968.748046875,4.936775207519531,9.347068786621094,5.557028770446777
0,2774,1579.4407958984375,14832.58203125,3.2060868740081787,11.709875106811523,5.808592796325684
0,2775,1270.706298828125,11635.5,3.5718750953674316,11.329973220825195,5.08308219909668
0,2776,1341.1385498046875,12405.486328125,3.3529930114746094,9.795145988464355,5.780442237854004
0,2777,1281.1053466796875,11686.5830078125,3.748234272003174,10.084491729736328,2.938145637512207
0,2778,1872.178955078125,17765.58984375,3.1873326301574707,12.393080711364746,7.152046203613281
0,2779,1100.389404296875,9991.615234375,3.374262571334839,9.7749662399292,5.034619331359863
0,2780,1121.369873046875,10253.169921875,3.201760768890381,9.963735580444336,4.941194534301758
0,2781,825.392578125,7465.6044921875,2.627736806869507,6.10003662109375,5.612283706665039
0,2782,1223.8380126953125,11388.041015625,2.834463596343994,10.00234603881836,5.515605926513672
0,2783,1230.0262451171875,11217.580078125,3.608940362930298,10.228192329406738,5.954631805419922
0,2784,1348.445556640625,12297.2158203125,3.957468032836914,10.483205795288086,5.084258079528809
0,2785,1021.6536254882812,9329.5556640625,2.956601142883301,7.640292167663574,5.145549774169922
0,2786,1023.6735229492188,9284.87890625,3.172854423522949,7.678089618682861,4.296314239501953
0,2787,1609.1888427734375,15174.8740234375,3.0567126274108887,10.100894927978516,7.0475969314575195
0,2788,1147.006103515625,10055.283203125,4.715925693511963,9.494311332702637,6.090299606323242
0,2789,1161.3543701171875,10783.5078125,2.766784906387329,7.688833236694336,6.292115211486816
0,2790,902.4906616210938,8179.5185546875,2.8179612159729004,7.6086812019348145,3.709247589111328
0,2791,1130.537353515625,10462.126953125,2.8108181953430176,10.277411460876465,4.463102340698242
0,2792,1425.141845703125,13086.0947265625,3.8844099044799805,12.42725944519043,4.2771100997924805
0,2793,1142.7984619140625,10518.162109375,3.0327401161193848,9.764805793762207,4.613095283508301
0,2794,1648.658935546875,15436.146484375,3.5014760494232178,10.039385795593262,5.958789825439453
0,2795,1211.88623046875,11206.0966796875,3.0425496101379395,10.1607666015625,3.032170295715332
0,2796,1234.610107421875,11367.548828125,3.261838912963867,9.249734878540039,7.00192928314209
0,2797,1176.7376708984375,10843.14453125,3.0807738304138184,8.6474609375,5.627132415771484
0,2798,1136.4403076171875,10349.986328125,3.3813889026641846,9.425457000732422,4.701423645019531
0,2799,1069.40966796875,9388.5322265625,4.351880073547363,7.79914665222168,6.081507682800293
0,2800,1365.1195068359375,12713.869140625,3.1244187355041504,11.514366149902344,4.115164756774902
0,2801,1415.0645751953125,13268.43359375,2.940704584121704,11.342344284057617,4.68979549407959
0,2802,1335.2703857421875,12457.2236328125,2.9849328994750977,9.17825698852539,7.791294097900391
0,2803,1335.09130859375,12462.673828125,2.9607951641082764,10.907320022583008,6.606961250305176
0,2804,1275.1739501953125,11899.4609375,2.8409245014190674,10.716062545776367,4.263119697570801
0,2805,1041.0357666015625,9438.0693359375,3.240962505340576,9.665905952453613,4.334996223449707
0,2806,1585.2562255859375,14910.484375,3.1402573585510254,11.817920684814453,7.532445907592773
0,2807,1569.669189453125,14638.53515625,3.527188301086426,10.757610321044922,5.627358436584473
0,2808,1504.728759765625,14068.912109375,3.2612528800964355,10.637136459350586,5.7548112869262695
0,2809,1445.622314453125,13343.9697265625,3.707509994506836,12.136283874511719,5.614184379577637
0,2810,1249.799072265625,11378.15625,3.732781410217285,10.445618629455566,4.958343505859375
0,2811,1088.980712890625,9944.392578125,3.151380777359009,9.39896011352539,4.411701202392578
0,2812,1736.2578125,16179.87890625,3.9423282146453857,13.502335548400879,4.766674995422363
0,2813,1260.7564697265625,11755.59765625,2.8398873805999756,9.192025184631348,5.144184112548828
0,2814,1491.4046630859375,13902.705078125,3.3711366653442383,12.627510070800781,4.853116989135742
0,2815,1680.06982421875,15888.869140625,3.039426803588867,12.13798713684082,5.954800605773926
0,2816,924.789794921875,8361.240234375,2.9555253982543945,8.757467269897461,3.6436424255371094
0,2817,1123.9649658203125,10320.4326171875,3.0640525817871094,9.435007095336914,3.4483299255371094
0,2818,1470.8499755859375,13725.806640625,3.275641441345215,9.982629776000977,5.813030242919922
0,2819,966.3212280273438,8709.7919921875,3.178068161010742,8.588842391967773,4.908115386962891
0,2820,1215.1187744140625,11333.248046875,2.7264630794525146,10.355602264404297,4.514068603515625
0,2821,840.7811279296875,7607.33544921875,2.6682510375976562,7.7329816818237305,4.0275421142578125
0,2822,1072.682861328125,10045.6005859375,2.270758628845215,7.844150066375732,5.818467140197754
0,2823,2500.244873046875,23834.416015625,3.8934378623962402,17.94831657409668,6.425535202026367
0,2824,1611.99609375,15068.5234375,3.504791021347046,12.379308700561523,6.105805397033691
0,2825,977.9466552734375,8944.7060546875,2.7825348377227783,8.410734176635742,3.87457275390625
0,2826,1716.0572509765625,16063.873046875,3.655665636062622,12.086482048034668,5.690052032470703
0,2827,1497.1842041015625,14006.31640625,3.218416929244995,11.878702163696289,4.150035858154297
0,2828,1534.274169921875,14477.4892578125,2.8841745853424072,13.506770133972168,4.343337059020996
0,2829,1489.000732421875,13800.5234375,3.631610870361328,10.87873649597168,4.288867950439453
0,2830,1189.40771484375,10820.47265625,3.578683376312256,9.973672866821289,5.546753883361816
0,2831,1088.8876953125,9980.7666015625,3.027035713195801,8.567495346069336,6.177251815795898
0,2832,1176.5618896484375,10641.205078125,3.7480459213256836,9.280409812927246,5.488982200622559
0,2833,1001.2781982421875,9027.67578125,3.2836873531341553,9.315468788146973,3.84567928314209
0,2834,1434.1954345703125,13412.4150390625,3.0984625816345215,10.976634979248047,4.991025924682617
0,2835,1350.685546875,12596.794921875,3.033531665802002,10.613826751708984,4.415840148925781
0,2836,1061.4542236328125,9720.2509765625,2.9809701442718506,9.956060409545898,4.675136566162109
0,2837,1585.41845703125,15025.20703125,2.7632575035095215,9.989947319030762,9.201858520507812
0,2838,1428.242919921875,13329.1806640625,3.177494764328003,9.00166130065918,6.663475036621094
0,2839,1181.52783203125,10925.7822265625,2.9649882316589355,9.196431159973145,4.987787246704102
0,2840,1068.8818359375,9864.0244140625,2.7493112087249756,9.190361022949219,4.6750335693359375
0,2841,1713.5848388671875,16237.9140625,2.993114948272705,12.768489837646484,6.928005218505859
0,2842,1232.12744140625,11348.9462890625,3.2410922050476074,10.089049339294434,4.5086565017700195
0,2843,1241.8997802734375,11576.0224609375,2.809915065765381,8.022342681884766,7.062943458557129
0,2844,1256.8675537109375,11693.1962890625,2.9182627201080322,10.186152458190918,4.64654541015625
0,2845,1057.058837890625,9710.529296875,2.866863250732422,9.60547161102295,4.531084060668945
0,2846,1382.8135986328125,12861.287109375,3.222827911376953,9.712503433227539,5.116603851318359
0,2847,1312.755859375,12059.783203125,3.559250593185425,10.53552532196045,5.556604385375977
0,2848,1108.7279052734375,10149.18359375,3.126983165740967,8.571197509765625,4.356400489807129
0,2849,1320.61376953125,12413.6650390625,2.641573190689087,11.284423828125,4.907525062561035
0,2850,1047.623046875,9440.8310546875,3.451331377029419,7.144241809844971,4.63913631439209
0,2851,1243.5296630859375,11544.1953125,2.970337152481079,9.507407188415527,4.906982421875
0,2852,1617.0975341796875,15314.380859375,2.8553152084350586,11.97716236114502,4.668339729309082
0,2853,1467.53857421875,13641.154296875,3.4474377632141113,11.48984432220459,4.811114311218262
0,2854,1436.1627197265625,13572.6591796875,2.6298904418945312,10.411972045898438,7.921869277954102
0,2855,1740.1558837890625,16356.8671875,3.4823055267333984,11.578490257263184,5.680916786193848
0,2856,1259.2149658203125,11779.8779296875,2.707573890686035,11.167415618896484,4.654026031494141
0,2857,1410.1759033203125,13175.240234375,3.088395833969116,10.483905792236328,5.4627532958984375
0,2858,1586.267333984375,14895.560546875,3.223708152770996,10.942760467529297,6.598655700683594
0,2859,1858.1534423828125,17593.21875,3.2943856716156006,13.716556549072266,7.571049690246582
0,2860,1251.1802978515625,11508.5576171875,3.3441500663757324,10.484538078308105,4.565667152404785
0,2861,1383.766845703125,12834.525390625,3.3438100814819336,12.420642852783203,2.2656736373901367
0,2862,1123.665283203125,10254.091796875,3.2752044200897217,9.09353256225586,3.4541311264038086
0,2863,1764.3822021484375,16655.947265625,3.292917251586914,12.652229309082031,5.811822891235352
0,2864,1010.2754516601562,9239.5205078125,2.877446174621582,7.12367582321167,5.265766143798828
0,2865,1486.525634765625,13932.5361328125,3.1090657711029053,10.292838096618652,5.3479204177856445
0,2866,1265.8062744140625,11709.1689453125,3.1629817485809326,9.9600830078125,3.8121719360351562
0,2867,1190.239013671875,11043.828125,2.8618712425231934,10.000154495239258,5.209094047546387
0,2868,1353.1912841796875,12558.33984375,3.2452445030212402,10.54349136352539,4.593597412109375
0,2869,1283.15234375,11775.283203125,3.520798683166504,10.945707321166992,2.9941816329956055
0,2870,1283.2305908203125,11801.8828125,3.4347422122955322,8.990020751953125,6.229126930236816
0,2871,1196.576416015625,11032.794921875,3.109895706176758,9.955425262451172,4.660173416137695
0,2872,1615.084716796875,15106.7890625,3.480191946029663,11.546672821044922,7.232110023498535
0,2873,1288.0997314453125,11903.158203125,3.2594656944274902,9.980804443359375,5.3193359375
0,2874,1252.764892578125,11680.302734375,2.824488401412964,10.052818298339844,5.446769714355469
0,2875,1340.181396484375,12303.6533203125,3.6605334281921387,10.597187042236328,4.828143119812012
0,2876,1211.91845703125,11252.60546875,2.8885931968688965,9.837793350219727,5.772479057312012
0,2877,1335.9473876953125,12479.19921875,2.9342470169067383,10.569086074829102,6.147463798522949
0,2878,1481.462158203125,13617.5302734375,3.9903039932250977,12.407021522521973,5.302581787109375
0,2879,1313.3582763671875,12139.01953125,3.3152108192443848,11.120712280273438,6.1028242111206055
0,2880,1444.9664306640625,13556.048828125,2.9787187576293945,11.502500534057617,3.520960807800293
0,2881,897.8258056640625,8041.626953125,3.122103214263916,8.538141250610352,3.9048261642456055
0,2882,1448.3995361328125,13580.076171875,3.013061285018921,12.079015731811523,4.209062576293945
0,2883,1088.47119140625,10074.8349609375,2.699587345123291,9.49363899230957,6.086773872375488
0,2884,1330.8546142578125,12428.7021484375,2.932812213897705,10.983659744262695,4.569648742675781
0,2885,1219.615234375,11256.779296875,3.1312434673309326,9.774980545043945,4.678606986999512
0,2886,1026.4755859375,9386.9755859375,2.9259350299835205,7.912220001220703,5.189212799072266
0,2887,1216.0313720703125,11247.6123046875,3.042336940765381,10.58825397491455,4.173107147216797
0,2888,1174.1903076171875,10808.6025390625,3.1110029220581055,10.800617218017578,3.294203758239746
0,2889,1589.9083251953125,14940.619140625,3.194882869720459,11.490379333496094,6.123828887939453
0,2890,1333.76416015625,12508.65625,2.763286590576172,10.780478477478027,3.838512420654297
0,2891,948.7471923828125,8650.33203125,2.7904655933380127,5.920699596405029,4.583198547363281
0,2892,1388.3115234375,12131.111328125,5.840010643005371,8.773326873779297,4.630960464477539
0,2893,1455.2620849609375,13768.12890625,2.614974021911621,12.172359466552734,4.961109161376953
0,2894,1295.3072509765625,12088.1630859375,2.8830318450927734,11.171692848205566,3.3437204360961914
0,2895,761.9468994140625,6756.11572265625,2.877845048904419,6.403712272644043,2.858767509460449
0,2896,1301.0191650390625,11733.306640625,4.256283760070801,9.63992977142334,5.598719596862793
0,2897,1285.39453125,11874.9033203125,3.263472318649292,11.342193603515625,5.263261795043945
0,2898,1353.466064453125,12497.3359375,3.457749366760254,12.448862075805664,4.9483184814453125
0,2899,1476.975341796875,13481.3310546875,4.29473876953125,11.279814720153809,4.700000762939453
0,2900,1070.3060302734375,9728.61328125,3.248157024383545,9.308086395263672,3.4015321731567383
0,2901,1200.3363037109375,10979.96875,3.411313533782959,10.149553298950195,6.178348541259766
0,2902,1159.195556640625,10699.62109375,2.9744467735290527,10.221534729003906,5.433971405029297
0,2903,1479.0238037109375,13854.048828125,3.1206297874450684,12.960115432739258,3.9780149459838867
0,2904,1079.8074951171875,9865.919921875,3.1071853637695312,9.242197036743164,3.8343772888183594
0,2905,1364.634521484375,12647.26953125,3.330251693725586,11.30447006225586,4.8511457443237305
0,2906,1265.573974609375,11703.931640625,3.1726908683776855,10.611754417419434,4.813046455383301
0,2907,1295.3857421875,12016.2890625,3.125229835510254,9.983756065368652,7.532888412475586
0,2908,1181.119873046875,10976.470703125,2.7824246883392334,10.542218208312988,5.456897735595703
0,2909,1190.7508544921875,10953.833984375,3.178913116455078,9.657140731811523,5.691947937011719
0,2910,1574.9073486328125,14659.1435546875,3.633096694946289,12.993322372436523,4.450162887573242
0,2911,960.5845947265625,8706.5302734375,2.9977200031280518,8.474735260009766,5.336337089538574
0,2912,939.8589477539062,8497.1337890625,3.0048530101776123,8.410223960876465,3.585878372192383
0,2913,1631.2989501953125,15326.9306640625,3.2868614196777344,13.531846046447754,5.013588905334473
0,2914,1109.4974365234375,10298.357421875,2.655386447906494,8.260392189025879,4.813536643981934
0,2915,998.9707641601562,9127.3505859375,2.8745245933532715,9.01175594329834,4.00250244140625
0,2916,1029.6085205078125,9492.2109375,2.679579257965088,8.42529582977295,5.397469520568848
0,2917,977.0911254882812,8840.359375,3.101839542388916,8.42231273651123,3.654430389404297
0,2918,1397.774169921875,12963.37890625,3.381209373474121,10.127347946166992,4.143959045410156
0,2919,1220.6148681640625,11305.8408203125,3.001025438308716,9.03890609741211,4.891057968139648
0,2920,1158.9481201171875,10665.1484375,3.081105947494507,10.405084609985352,3.884549140930176
0,2921,1489.025146484375,13744.751953125,3.818330764770508,11.235801696777344,3.5578927993774414
0,2922,944.4722290039062,8681.076171875,2.545487880706787,7.232569694519043,6.812911033630371
0,2923,1141.9794921875,10520.40234375,2.997974395751953,9.921472549438477,3.6990280151367188
0,2924,1246.8702392578125,11656.033203125,2.7088944911956787,9.188234329223633,6.198813438415527
0,2925,1104.8193359375,10066.0126953125,3.2739357948303223,9.55723762512207,4.465546607971191
0,2926,1247.5634765625,11501.001953125,3.2487759590148926,10.741188049316406,3.0095205307006836
0,2927,1371.278564453125,12794.6083984375,3.0605921745300293,10.085391998291016,6.307835578918457
0,2928,940.7091064453125,8460.0185546875,3.1569066047668457,6.957799434661865,4.600287437438965
0,2929,1395.0904541015625,13030.01171875,3.0696401596069336,13.149588584899902,4.3763427734375
0,2930,1329.07958984375,12354.9423828125,3.119508743286133,12.371503829956055,2.202169418334961
0,2931,1676.21044921875,15642.5400390625,3.7318825721740723,13.06442928314209,5.244190216064453
0,2932,1359.4261474609375,12649.0732421875,3.1506247520446777,11.259641647338867,4.288852691650391
0,2933,1462.0245361328125,13525.39453125,3.6495022773742676,12.226127624511719,5.4405622482299805
0,2934,1067.63818359375,9875.6357421875,2.6691513061523438,7.679591655731201,3.682851791381836
0,2935,1326.491455078125,12306.9833984375,3.1931025981903076,10.179826736450195,7.522038459777832
0,2936,1006.103759765625,9118.673828125,3.141213893890381,10.199699401855469,3.9200305938720703
0,2937,1606.521728515625,14893.283203125,3.9064459800720215,11.829566955566406,4.892624855041504
0,2938,1098.90185546875,10031.6962890625,3.191075086593628,8.993762969970703,5.321323394775391
0,2939,1202.0101318359375,11131.091796875,2.9633631706237793,8.896573066711426,5.308646202087402
0,2940,1857.7098388671875,17502.18359375,3.5830469131469727,11.106512069702148,9.478958129882812
0,2941,1150.8641357421875,10454.9326171875,3.5123610496520996,9.71152114868164,4.5279130935668945
0,2942,1230.9053955078125,11468.044921875,2.8033623695373535,10.661128044128418,4.6367082595825195
0,2943,1554.29248046875,14546.48828125,3.321455240249634,11.095624923706055,4.797406196594238
0,2944,881.137939453125,7858.716796875,3.175542116165161,7.415438175201416,2.4941720962524414
0,2945,1568.8880615234375,14790.8759765625,2.9933488368988037,11.718846321105957,4.927870750427246
0,2946,1293.6400146484375,11912.4375,3.4132089614868164,9.523774147033691,5.591082572937012
0,2947,991.5952758789062,8906.861328125,3.363637924194336,9.437980651855469,4.712188720703125
0,2948,1560.3634033203125,14604.5703125,3.330214023590088,10.006901741027832,6.992166519165039
0,2949,1537.294189453125,14367.4638671875,3.3515915870666504,12.391075134277344,6.679582595825195
0,2950,983.8916015625,8901.380859375,3.1251168251037598,8.982840538024902,3.9493885040283203
0,2951,1257.5101318359375,11745.818359375,2.764273166656494,10.814775466918945,4.937590599060059
0,2952,1564.4591064453125,14827.400390625,2.723966598510742,10.524107933044434,6.211719512939453
0,2953,1289.6668701171875,11921.939453125,3.2490975856781006,10.283315658569336,5.424735069274902
0,2954,1140.9820556640625,10510.98828125,2.9961061477661133,8.86431884765625,5.048969268798828
0,2955,892.9835815429688,8113.7353515625,2.7203357219696045,7.800366401672363,4.307395935058594
0,2956,831.8709716796875,7522.87109375,2.6527957916259766,6.665742874145508,4.528766632080078
0,2957,1028.2867431640625,9364.119140625,3.062495231628418,8.343680381774902,4.812013626098633
0,2958,1261.4986572265625,11639.08203125,3.2530136108398438,10.558303833007812,3.61934757232666
0,2959,1047.2740478515625,9581.1298828125,2.972034454345703,8.527627944946289,4.53961181640625
0,2960,1015.292236328125,9143.5400390625,3.364607334136963,9.139823913574219,4.449139595031738
0,2961,1581.3690185546875,14770.2900390625,3.4779977798461914,12.376325607299805,5.015981674194336
0,2962,1730.4471435546875,16186.65625,3.7260489463806152,13.082121849060059,5.224920749664307
1,0,1061.24365234375,9730.1318359375,2.9410147666931152,9.759326934814453,5.562506675720215
1,1,814.4974975585938,7301.86767578125,2.8103585243225098,8.136018753051758,2.8056135177612305
1,2,1070.4302978515625,9781.2216796875,3.076937198638916,9.369500160217285,4.275540351867676
1,3,1135.9285888671875,10469.955078125,2.96443510055542,10.458642959594727,2.491793632507324
1,4,958.6968994140625,8733.3857421875,2.8452773094177246,8.380964279174805,3.248800277709961
1,5,1223.6680908203125,11388.171875,2.8283627033233643,8.858015060424805,5.772086143493652
1,6,1248.4700927734375,11557.736328125,3.089881181716919,10.234539031982422,4.588090896606445
1,7,1233.21533203125,11032.21875,4.333115577697754,10.921730041503906,4.981504440307617
1,8,1087.47021484375,9898.162109375,3.2551326751708984,9.719419479370117,5.0168914794921875
1,9,1578.71630859375,14921.9033203125,2.8842010498046875,10.399881362915039,6.524143218994141
1,10,1153.986572265625,10703.6767578125,2.787294626235962,9.469832420349121,4.818717956542969
1,11,894.8580322265625,8168.2109375,2.601231336593628,8.202120780944824,4.0981855392456055
1,12,1090.019287109375,9933.833984375,3.2211976051330566,10.320577621459961,3.417285919189453
1,13,1526.6793212890625,14226.3505859375,3.4681410789489746,11.099472045898438,6.486407279968262
1,14,1358.3150634765625,12612.41796875,3.235774517059326,10.471136093139648,5.845457077026367
1,15,1365.2088623046875,12758.814453125,2.9775805473327637,10.976984024047852,5.572502136230469
1,16,1265.886474609375,11682.810546875,3.253512382507324,10.34100341796875,4.8010663986206055
1,17,828.62353515625,7404.8310546875,2.9380149841308594,7.867946147918701,3.1039371490478516
1,18,1167.26220703125,10818.0302734375,2.8486368656158447,10.186655044555664,3.7087888717651367
1,19,1493.2012939453125,14065.2021484375,2.889366388320923,10.733871459960938,5.9971113204956055
1,20,1614.5228271484375,15260.2490234375,2.9499289989471436,11.095437049865723,8.602975845336914
1,21,1778.441650390625,16310.857421875,4.911860466003418,11.976033210754395,5.757428169250488
1,22,985.3680419921875,9070.962890625,2.609057664871216,7.944159507751465,3.9098968505859375
1,23,1436.6949462890625,13355.3701171875,3.3719305992126465,12.841206550598145,4.106070518493652
1,24,1326.680908203125,12327.001953125,3.132688522338867,10.690740585327148,6.055665969848633
1,25,1244.0157470703125,11357.0771484375,3.6102664470672607,9.911516189575195,5.096752166748047
1,26,1655.01220703125,15629.7431640625,3.0679268836975098,11.163309097290039,5.551527976989746
1,27,1547.8609619140625,14603.505859375,2.9170138835906982,12.705984115600586,4.646862983703613
1,28,1126.201416015625,10280.1953125,3.2727298736572266,10.123995780944824,2.995635986328125
1,29,1223.4459228515625,11235.3916015625,3.330223560333252,10.547718048095703,2.945265769958496
1,30,1293.59326171875,11930.8134765625,3.350396156311035,11.195691108703613,6.142050743103027
1,31,1000.258056640625,9113.9697265625,2.9620351791381836,9.323497772216797,4.670167922973633
1,32,1600.21728515625,15118.7119140625,2.9448680877685547,11.412681579589844,4.439130783081055
1,33,1109.3948974609375,10211.49609375,2.941511392593384,10.553821563720703,5.640300750732422
1,34,1053.737548828125,9654.095703125,2.944263458251953,7.944040298461914,5.433300971984863
1,35,1322.9449462890625,12280.970703125,3.161595582962036,9.38546371459961,3.1528310775756836
1,36,891.4656982421875,8063.337890625,2.8377301692962646,9.22098445892334,4.341159820556641
1,37,1364.3206787109375,12704.8115234375,3.127984046936035,10.551202774047852,4.307770729064941
1,38,1058.8931884765625,9757.7939453125,2.7704572677612305,9.848407745361328,3.711894989013672
1,39,1067.0625,9739.84375,3.102602958679199,9.93602180480957,3.8031959533691406
1,40,1173.54541015625,10875.322265625,2.867105484008789,9.039022445678711,4.369080543518066
1,41,1273.2774658203125,11769.296875,3.211592674255371,11.133744239807129,3.4316959381103516
1,42,1046.5538330078125,9503.2734375,3.2075490951538086,8.761445045471191,5.872518539428711
1,43,916.7281494140625,8296.470703125,2.9027018547058105,9.918802261352539,4.161243438720703
1,44,980.6851806640625,8939.263671875,2.891960620880127,8.769405364990234,4.526415824890137
1,45,1038.6572265625,9518.8583984375,2.8923768997192383,9.555610656738281,4.027233123779297
1,46,811.0994873046875,7140.8447265625,3.233833074569702,6.5579328536987305,5.608575820922852
1,47,1293.362060546875,12018.166015625,3.0515153408050537,10.117856979370117,4.093335151672363
1,48,1860.3087158203125,17515.658203125,3.6247644424438477,13.02810287475586,7.9188690185546875
1,49,1025.8663330078125,9401.1416015625,2.8584043979644775,8.571505546569824,4.352328300476074
1,50,1382.0216064453125,12997.1259765625,2.743633508682251,10.650020599365234,6.084561347961426
1,51,1038.582763671875,9558.146484375,2.7589378356933594,9.761619567871094,3.4029531478881836
1,52,1201.8175048828125,11165.4453125,2.84243106842041,9.088171005249023,4.284570693969727
1,53,1244.600341796875,11654.966796875,2.6367900371551514,11.545612335205078,3.986614227294922
1,54,1461.2779541015625,13699.89453125,3.042947292327881,9.718683242797852,4.623809814453125
1,55,1119.838134765625,10241.2841796875,3.1903235912323,10.298860549926758,3.9384307861328125
1,56,1571.70361328125,14746.908203125,3.2337594032287598,10.843709945678711,6.528402328491211
1,57,1245.572509765625,11459.2841796875,3.321469306945801,10.427061080932617,4.462191581726074
1,58,1481.8900146484375,13887.27734375,3.10540771484375,12.588722229003906,4.049374580383301
1,59,958.0209350585938,8618.8115234375,3.2046589851379395,7.959643363952637,3.8353471755981445
1,60,1227.2034912109375,11331.0576171875,3.1365902423858643,10.398326873779297,4.189426422119141
1,61,1267.6234130859375,11753.8095703125,3.0747461318969727,10.150774002075195,5.8507232666015625
1,62,1084.535888671875,9870.1875,3.2505717277526855,9.844644546508789,4.535715103149414
1,63,1304.7889404296875,12042.6455078125,3.350813627243042,10.590593338012695,5.097428321838379
1,64,1108.18505859375,10211.603515625,2.9008231163024902,8.638232231140137,4.177040100097656
1,65,1126.5570068359375,10303.78125,3.205960273742676,9.096343994140625,5.637855529785156
1,66,1358.087890625,12627.5234375,3.177851676940918,10.97114086151123,3.9902572631835938
1,67,1253.859619140625,11568.5029296875,3.2336409091949463,11.304960250854492,6.778928756713867
1,68,1664.0360107421875,15723.181640625,3.057260036468506,10.880464553833008,6.149953842163086
1,69,1361.28759765625,12666.037109375,3.1561264991760254,11.34599494934082,4.1708269119262695
1,70,1277.336669921875,11866.390625,3.023253917694092,11.577140808105469,3.4523353576660156
1,71,1253.138916015625,11582.1328125,3.164189100265503,10.468713760375977,4.845191955566406
1,72,1724.6064453125,16252.97265625,3.3103065490722656,12.035940170288086,8.665998458862305
1,73,1165.385498046875,10778.4638671875,2.9179673194885254,8.935733795166016,5.0787153244018555
1,74,835.957763671875,7660.40966796875,2.3305602073669434,6.382732391357422,2.7152395248413086
1,75,1431.2423095703125,13429.90234375,2.9417364597320557,10.479049682617188,6.7125444412231445
1,76,1172.91455078125,10687.8671875,3.4709277153015137,8.924620628356934,6.039467811584473
1,77,1968.8216552734375,18643.095703125,3.4837374687194824,13.249692916870117,6.664798736572266
1,78,1455.65087890625,13554.6259765625,3.339609146118164,10.577325820922852,6.294156074523926
1,79,972.32568359375,8795.2763671875,3.093266725540161,8.317562103271484,3.2331008911132812
1,80,1110.02392578125,10252.384765625,2.826178550720215,9.147319793701172,3.76174259185791
1,81,1023.5941162109375,9294.453125,3.1382925510406494,10.172098159790039,3.7573766708374023
1,82,1009.3262939453125,9231.5107421875,2.872507095336914,9.141401290893555,3.864398956298828
1,83,1130.5020751953125,10350.693359375,3.1810903549194336,8.776269912719727,5.81795597076416
1,84,1640.5577392578125,15488.6162109375,3.0565361976623535,11.188581466674805,4.981040000915527
1,85,1083.058837890625,9849.8671875,3.2690682411193848,9.537616729736328,3.712204933166504
1,86,1334.94384765625,12319.337890625,3.433666706085205,10.820218086242676,4.137950897216797
1,87,1074.6429443359375,9796.2509765625,3.167262077331543,8.874368667602539,4.67291259765625
1,88,1357.478271484375,12657.9619140625,3.05606746673584,9.815818786621094,4.504403114318848
1,89,727.0317993164062,6327.38037109375,3.1431257724761963,6.635357856750488,3.643143653869629
1,90,1060.6082763671875,9696.142578125,3.0331332683563232,10.076946258544922,5.0634307861328125
1,91,962.378173828125,8833.353515625,2.6347599029541016,7.64617919921875,4.5421295166015625
1,92,1307.9361572265625,12092.716796875,3.2888145446777344,10.960229873657227,4.97425651550293
1,93,1081.226806640625,9946.26953125,2.886660099029541,9.065704345703125,4.582239151000977
1,94,1069.6015625,9716.9716796875,3.2634780406951904,9.046780586242676,3.4966678619384766
1,95,1423.4945068359375,13252.212890625,3.2757744789123535,11.647417068481445,5.067294120788574
1,96,1472.335205078125,13683.091796875,3.467532157897949,11.187484741210938,6.116325378417969
1,97,1540.8980712890625,14227.978515625,3.9366726875305176,13.250864028930664,3.6711320877075195
1,98,1775.9600830078125,16718.48046875,3.4704015254974365,14.511152267456055,5.307798385620117
1,99,1428.088623046875,13308.6943359375,3.2406365871429443,11.601005554199219,2.3380565643310547
1,100,1643.484130859375,15490.9765625,3.1462178230285645,11.09119987487793,3.8845558166503906
1,101,1158.6942138671875,10801.47265625,2.618230104446411,10.399553298950195,6.682598114013672
1,102,1446.9066162109375,13576.7822265625,2.9742794036865234,12.975964546203613,4.911100387573242
1,103,1354.8787841796875,12633.8486328125,3.0497961044311523,10.885198593139648,3.718827247619629
1,104,999.2166137695312,9159.482421875,2.7756130695343018,8.883605003356934,5.558457374572754
1,105,1363.896728515625,12698.3076171875,3.135529041290283,11.225255966186523,5.972726821899414
1,106,1258.510009765625,11740.14453125,2.8165173530578613,11.390772819519043,5.943010330200195
1,107,1186.636962890625,11037.5234375,2.7628207206726074,10.019332885742188,5.66248893737793
1,108,1047.0927734375,9717.0048828125,2.5130741596221924,8.360908508300781,5.571053504943848
1,109,1611.377685546875,15207.1708984375,3.0220179557800293,12.342870712280273,3.37692928314209
1,110,1717.1666259765625,16276.7265625,2.9831314086914062,11.1414794921875,5.664986610412598
1,111,1091.886474609375,10024.7333984375,2.9804396629333496,10.411883354187012,4.378037452697754
1,112,1077.5738525390625,9901.900390625,2.9127936363220215,9.3688325881958,4.228830337524414
1,113,1130.2725830078125,10288.9853515625,3.3791353702545166,9.653827667236328,4.506056785583496
1,114,1262.556884765625,11736.5986328125,2.963231325149536,10.02674674987793,3.7292661666870117
1,115,1712.25439453125,16122.3740234375,3.3338990211486816,12.77170181274414,5.721172332763672
1,116,936.6160278320312,8508.072265625,2.860292434692383,8.608076095581055,4.899872779846191
1,117,1156.08642578125,10654.865234375,3.019993782043457,11.126913070678711,3.543087959289551
1,118,1066.98974609375,9690.189453125,3.265690565109253,7.783268451690674,4.941754341125488
1,119,1721.87890625,16295.6953125,3.0769762992858887,12.221455574035645,7.166476249694824
1,120,1287.691162109375,11906.80078125,3.233705759048462,10.20846939086914,3.0145444869995117
1,121,1092.9364013671875,10079.6455078125,2.8323960304260254,8.56556510925293,4.645604133605957
1,122,1041.6136474609375,9465.5029296875,3.1687777042388916,9.262444496154785,3.115060806274414
1,123,1288.8255615234375,11969.5888671875,3.062223434448242,9.713418006896973,5.256106376647949
1,124,1241.8775634765625,11607.390625,2.7046148777008057,8.944562911987305,5.627433776855469
1,125,1393.6783447265625,12968.30859375,3.228245496749878,11.926721572875977,5.317984580993652
1,126,1315.707275390625,12222.193359375,3.1162636280059814,12.110321044921875,3.3185110092163086
1,127,1094.77294921875,10192.677734375,2.5168378353118896,8.7506742477417,5.5729875564575195
1,128,1047.595458984375,9526.380859375,3.1652450561523438,9.229228973388672,5.209565162658691
1,129,709.6699829101562,6248.3271484375,2.8279097080230713,6.421628952026367,3.6521568298339844
1,130,1206.2490234375,11209.123046875,2.844554901123047,9.202727317810059,4.540755271911621
1,131,865.1375732421875,7687.873046875,3.211676597595215,8.008569717407227,2.605360984802246
1,132,1747.8946533203125,15492.68359375,6.620872497558594,12.688787460327148,5.552605628967285
1,133,1498.35595703125,14041.5576171875,3.140005588531494,11.793155670166016,7.3236589431762695
1,134,955.0226440429688,8611.814453125,3.1280393600463867,8.321566581726074,5.265144348144531
1,135,1311.250244140625,12171.216796875,3.1376185417175293,11.117338180541992,5.277392387390137
1,136,1252.581298828125,11676.73828125,2.8302502632141113,8.472105979919434,4.231354713439941
1,137,1761.60302734375,16671.53515625,3.148313522338867,13.938440322875977,4.700571060180664
1,138,1340.9732666015625,12540.658203125,2.896915912628174,10.965986251831055,4.526756286621094
1,139,1397.074462890625,13112.62109375,2.86041259765625,10.49336051940918,6.461093902587891
1,140,1628.1727294921875,15239.763671875,3.4732112884521484,12.596656799316406,6.140759468078613
1,141,1471.84716796875,13639.12109375,3.5978336334228516,11.875067710876465,6.440469741821289
1,142,1122.875244140625,10182.6943359375,3.486861228942871,9.98218822479248,4.378706932067871
1,143,1114.87744140625,10265.2109375,2.945211887359619,7.813173294067383,4.030871391296387
1,144,1355.225341796875,12468.18359375,3.6135663986206055,10.771575927734375,4.180722236633301
1,145,908.4749755859375,8209.48828125,2.9175384044647217,8.528545379638672,4.516595840454102
1,146,1256.24267578125,11693.375,2.8968396186828613,10.983871459960938,6.893327713012695
1,147,1488.2752685546875,13995.220703125,2.9584381580352783,11.191108703613281,5.1136369705200195
1,148,960.7172241210938,8776.6650390625,2.768357276916504,8.842750549316406,3.1241226196289062
1,149,1530.7860107421875,14296.7275390625,3.370443344116211,11.64364242553711,4.566067695617676
1,150,1227.2059326171875,11206.3486328125,3.5523672103881836,10.773183822631836,4.040835380554199
1,151,1013.3855590820312,9281.171875,2.842278242111206,8.23898696899414,5.289898872375488
1,152,1256.0443115234375,11735.796875,2.7488198280334473,8.949182510375977,5.75372314453125
1,153,1080.392578125,9845.6904296875,3.194119691848755,7.788524627685547,5.504098892211914
1,154,1386.10888671875,12931.765625,3.0977425575256348,12.28391170501709,2.3650522232055664
1,155,1433.356201171875,13345.3017578125,3.294201135635376,11.653558731079102,3.2999134063720703
1,156,930.902587890625,8434.3974609375,2.9154276847839355,8.148904800415039,3.852670669555664
1,157,1423.644287109375,13303.123046875,3.11106538772583,10.422560691833496,7.365802764892578
1,158,1098.4381103515625,9996.826171875,3.2918500900268555,8.819623947143555,5.576125144958496
1,159,1415.8670654296875,13205.0927734375,3.1785919666290283,10.350447654724121,5.965123176574707
1,160,1291.4530029296875,12081.7138671875,2.7760543823242188,9.885388374328613,5.334442138671875
1,161,991.6304321289062,9051.7197265625,2.8819470405578613,9.994415283203125,5.197522163391113
1,162,1247.7833251953125,11491.9990234375,3.2861111164093018,10.336679458618164,4.310573577880859
1,163,1247.28955078125,11548.916015625,3.0799319744110107,10.680367469787598,6.969875335693359
1,164,1025.4954833984375,9385.9521484375,2.896677017211914,9.356708526611328,4.1676435470581055
1,165,1329.5699462890625,12416.4912109375,2.9306907653808594,11.29832935333252,3.6175785064697266
1,166,1025.670166015625,9348.044921875,3.0288572311401367,9.415343284606934,4.511505126953125
1,167,1254.7652587890625,11602.73046875,3.1497411727905273,11.516956329345703,6.177288055419922
1,168,1060.122314453125,9482.0556640625,3.7305572032928467,9.111059188842773,4.613007545471191
1,169,922.0440063476562,8493.02734375,2.424708366394043,7.171215057373047,5.497506141662598
1,170,1072.50830078125,9971.0068359375,2.51358699798584,7.076838970184326,5.976134300231934
1,171,1530.80615234375,14390.87109375,3.0573017597198486,11.374368667602539,4.661238670349121
1,172,1375.2733154296875,12786.04296875,3.2222981452941895,11.058603286743164,4.221111297607422
1,173,1071.7811279296875,9757.521484375,3.2009670734405518,9.476303100585938,4.243764877319336
1,174,830.1073608398438,7392.1630859375,3.0297021865844727,7.212843418121338,5.036407470703125
1,175,1093.439453125,10115.6875,2.729020118713379,7.880449295043945,5.514947891235352
1,176,1221.215576171875,11280.7421875,3.1047115325927734,10.838586807250977,5.742121696472168
1,177,1338.821044921875,12528.029296875,2.8672690391540527,9.308221817016602,6.824367523193359
1,178,1449.672119140625,13411.666015625,3.6168503761291504,11.881328582763672,3.26857852935791
1,179,1095.715576171875,9653.111328125,4.346811771392822,8.05318546295166,5.80844783782959
1,180,901.9793701171875,8009.841796875,3.366506576538086,7.014113903045654,5.640241622924805
1,181,1409.01123046875,13188.890625,3.0040719509124756,10.325244903564453,7.044760704040527
1,182,1049.423828125,9496.11328125,3.327085018157959,9.785627365112305,4.572018623352051
1,183,1273.2698974609375,11830.3291015625,3.007896900177002,9.360052108764648,4.956228256225586
1,184,1539.5487060546875,14578.63671875,2.7228360176086426,10.334573745727539,5.6054582595825195
1,185,658.7662353515625,5704.7626953125,2.9429986476898193,6.302970886230469,2.5047168731689453
1,186,1846.27685546875,17483.158203125,3.2653698921203613,13.006171226501465,6.40396785736084
1,187,1092.4097900390625,10028.02734375,2.98690128326416,8.861342430114746,6.116879463195801
1,188,1242.2783203125,11554.306640625,2.89492130279541,8.980751037597656,6.639949798583984
1,189,1402.8536376953125,13089.68359375,3.129509449005127,12.043779373168945,4.1362714767456055
1,190,1135.673828125,10482.83203125,2.913022994995117,8.59916877746582,6.0949249267578125
1,191,1142.3017578125,10608.76953125,2.7141594886779785,8.060691833496094,5.465353965759277
1,192,1334.1583251953125,12520.5146484375,2.7368927001953125,9.993213653564453,3.906076431274414
1,193,1442.6341552734375,13263.3203125,3.876739025115967,10.586366653442383,3.560537338256836
1,194,971.41650390625,8768.583984375,3.151937484741211,8.439947128295898,4.923624038696289
1,195,1029.5205078125,9361.173828125,3.1134378910064697,10.07547664642334,4.494795799255371
1,196,2018.8375244140625,19034.771484375,3.8453447818756104,13.269524574279785,6.775849342346191
1,197,1647.12841796875,15415.630859375,3.518843173980713,9.337196350097656,7.113564491271973
1,198,1277.057861328125,11770.0732421875,3.33501935005188,9.711896896362305,4.781099319458008
1,199,1131.944091796875,10393.7314453125,3.0856990814208984,9.601675033569336,4.051800727844238
1,200,1214.5059814453125,11125.69921875,3.3978686332702637,9.951322555541992,4.857306480407715
1,201,1583.7698974609375,14862.70703125,3.249969720840454,12.127965927124023,3.7898025512695312
1,202,1252.5634765625,11586.701171875,3.129779100418091,11.031841278076172,4.534156799316406
1,203,1260.9927978515625,11787.818359375,2.740363597869873,10.669441223144531,6.507721900939941
1,204,1225.931396484375,11405.130859375,2.8472776412963867,10.22513198852539,5.50136661529541
1,205,1326.6015625,12287.5615234375,3.261512279510498,9.933674812316895,6.149727821350098
1,206,1816.1619873046875,17072.32421875,3.630986452102661,11.544676780700684,9.924288749694824
1,207,1011.4661254882812,9226.3125,2.96116042137146,9.172889709472656,3.4237585067749023
1,208,1006.6612548828125,9136.845703125,3.099222421646118,9.14192008972168,2.691682815551758
1,209,726.3724975585938,6407.994140625,2.852435827255249,7.300678253173828,4.849433898925781
1,210,962.8026733398438,8731.9169921875,2.987031936645508,7.43035888671875,5.863263130187988
1,211,1190.8638916015625,10967.85546875,3.135946750640869,9.080709457397461,6.810835838317871
1,212,1276.483154296875,11824.3125,3.135061025619507,10.231450080871582,4.065199851989746
1,213,1215.97265625,11330.8125,2.7630443572998047,10.571654319763184,4.767229080200195
1,214,1130.840087890625,10273.4619140625,3.4497973918914795,9.351545333862305,4.732259750366211
1,215,970.9695434570312,8839.6171875,2.9002602100372314,9.134478569030762,5.0128173828125
1,216,1436.6253662109375,13462.076171875,3.0139248371124268,10.431379318237305,5.193243980407715
1,217,1608.063232421875,15224.6171875,2.8533806800842285,11.826946258544922,5.140839576721191
1,218,1211.438720703125,11249.0244140625,2.884539842605591,10.006905555725098,4.594392776489258
1,219,975.6908569335938,8712.2900390625,3.4820618629455566,8.88447380065918,5.269319534301758
1,220,962.1690673828125,8851.30078125,2.567966938018799,8.014530181884766,5.129425048828125
1,221,1292.007568359375,11983.0595703125,3.1233842372894287,9.300243377685547,4.398434638977051
1,222,1373.14208984375,12822.1337890625,3.030959129333496,11.281222343444824,4.173611640930176
1,223,1165.9901123046875,10683.595703125,3.2543506622314453,9.017642974853516,5.248224258422852
1,224,1403.818603515625,13043.5546875,3.315438747406006,11.578763008117676,3.475017547607422
1,225,1522.70556640625,14335.322265625,2.972445249557495,12.635139465332031,4.330077171325684
1,226,1471.5513916015625,13785.27734375,3.1007893085479736,10.40943431854248,4.716702461242676
1,227,1240.08154296875,11505.126953125,2.9856274127960205,11.327341079711914,4.545734405517578
1,228,1076.414794921875,9883.0771484375,2.936903476715088,8.531458854675293,4.8568267822265625
1,229,1721.509765625,16183.990234375,3.4370248317718506,13.055777549743652,4.646463394165039
1,230,1191.4639892578125,10991.1259765625,3.0783767700195312,9.494091033935547,5.312609672546387
1,231,1174.9241943359375,10894.0029296875,2.850796699523926,10.709531784057617,3.887152671813965
1,232,1444.3399658203125,13339.1845703125,3.6807174682617188,12.066730499267578,4.105714797973633
1,233,1406.8399658203125,13037.8310546875,3.4352312088012695,12.239130020141602,3.6306161880493164
1,234,1120.4111328125,10337.17578125,2.8897833824157715,11.485740661621094,3.562565803527832
1,235,1284.374755859375,12010.0556640625,2.778972625732422,10.300943374633789,4.303021430969238
1,236,1283.8544921875,11825.544921875,3.3766651153564453,10.19561767578125,5.672019958496094
1,237,1080.1146240234375,9934.6025390625,2.8884801864624023,9.016225814819336,4.505082130432129
1,238,1080.9500732421875,9972.896484375,2.7886784076690674,7.696847915649414,5.384311676025391
1,239,964.51513671875,8778.5244140625,2.8887555599212646,9.26342487335205,5.143218994140625
1,240,1021.8561401367188,9307.7666015625,3.035982370376587,9.1969575881958,4.299907684326172
1,241,1458.9586181640625,13531.490234375,3.5269861221313477,13.800756454467773,4.3435468673706055
1,242,1301.1317138671875,12139.8349609375,2.9049389362335205,11.104820251464844,5.600713729858398
1,243,883.7853393554688,7974.7919921875,2.8768718242645264,7.697883605957031,3.6369524002075195
1,244,1094.803466796875,10084.8720703125,2.877206325531006,8.989837646484375,4.922036170959473
1,245,1192.907958984375,11034.8876953125,2.9806408882141113,11.08321762084961,4.606454849243164
1,246,1198.66015625,10997.064453125,3.2984564304351807,11.393089294433594,3.6673545837402344
1,247,1345.8282470703125,12491.9052734375,3.2212562561035156,10.10940933227539,4.072900772094727
1,248,1373.891845703125,12517.53515625,4.071277618408203,11.24854564666748,5.592365264892578
1,249,1325.231201171875,12365.142578125,2.957231044769287,10.045609474182129,6.357734680175781
1,250,1175.4232177734375,10595.646484375,3.861952543258667,10.185212135314941,5.22987174987793
1,251,1334.8388671875,12483.03125,2.884523868560791,10.20014762878418,5.574602127075195
1,252,1235.7237548828125,11354.9267578125,3.3410348892211914,9.297520637512207,4.090319633483887
1,253,971.531494140625,8788.1279296875,3.090623617172241,10.230010986328125,3.8999757766723633
1,254,1021.2381591796875,9390.8798828125,2.738337278366089,10.046804428100586,2.7973241806030273
1,255,1532.584716796875,14394.623046875,3.1040806770324707,13.67622184753418,4.225214004516602
1,256,1227.4696044921875,11265.638671875,3.363525867462158,11.183812141418457,3.0266685485839844
1,257,979.2584228515625,8834.50390625,3.193601131439209,7.814051151275635,5.479349136352539
1,258,1501.9310302734375,14190.447265625,2.762875556945801,11.981630325317383,5.472850799560547
1,259,1333.3148193359375,12401.1591796875,3.10662841796875,10.301895141601562,3.734537124633789
1,260,1265.98486328125,11775.5029296875,2.947816848754883,11.155145645141602,4.816231727600098
1,261,773.4007568359375,7006.2431640625,2.425879955291748,5.829944133758545,4.668025970458984
1,262,1029.0416259765625,9374.908203125,3.0516910552978516,8.534103393554688,3.8489274978637695
1,263,1318.6259765625,12311.1708984375,2.9169657230377197,11.486673355102539,4.83873176574707
1,264,1146.7196044921875,10338.775390625,3.7614026069641113,10.039289474487305,4.268311500549316
1,265,1165.43310546875,10711.12109375,3.1440322399139404,9.5182523727417,3.8430404663085938
1,266,1351.773681640625,12595.6796875,3.0735249519348145,10.945904731750488,5.388604164123535
1,267,1529.875244140625,14307.2763671875,3.304917335510254,12.148618698120117,5.446188926696777
1,268,1164.0137939453125,10652.736328125,3.291337251663208,10.845314025878906,2.661806106567383
1,269,1425.31884765625,13331.376953125,3.072706937789917,11.070556640625,3.918336868286133
1,270,1082.849365234375,9928.2353515625,3.000858783721924,9.519733428955078,5.022381782531738
1,271,941.4678955078125,8509.83203125,3.0161561965942383,8.624409675598145,4.872838973999023
1,272,1283.7896728515625,11839.556640625,3.3277993202209473,10.402610778808594,4.818227767944336
1,273,1560.1390380859375,14633.9833984375,3.224691152572632,11.760350227355957,4.727801322937012
1,274,1468.3616943359375,13697.2705078125,3.28782320022583,12.92622184753418,4.177281379699707
1,275,1043.1597900390625,9422.8544921875,3.362476348876953,9.480548858642578,4.624197959899902
1,276,1088.225341796875,9760.5283203125,3.7390835285186768,9.2504243850708,3.472291946411133
1,277,1200.4483642578125,10993.3525390625,3.3704347610473633,11.006059646606445,3.839543342590332
1,278,1454.94580078125,13537.83984375,3.372056245803833,13.35373306274414,4.631298065185547
1,279,1568.347900390625,14699.232421875,3.280824661254883,12.462613105773926,4.524576187133789
1,280,1021.7239990234375,9228.62109375,3.2953948974609375,9.341143608093262,3.619089126586914
1,281,1193.4110107421875,11066.4658203125,2.8921456336975098,9.925601959228516,5.921677589416504
1,282,1656.4755859375,15537.208984375,3.425156593322754,10.919282913208008,6.429914474487305
1,283,1419.5419921875,13264.9326171875,3.101621627807617,11.894731521606445,6.322761535644531
1,284,1146.94482421875,10391.166015625,3.5942769050598145,10.215584754943848,3.7016258239746094
1,285,1522.896484375,14159.65625,3.5643582344055176,11.253985404968262,5.346096038818359
1,286,1160.0369873046875,10738.3896484375,2.8732681274414062,9.50925064086914,4.797192573547363
1,287,1434.9560546875,13390.5634765625,3.1966552734375,11.254585266113281,3.309382438659668
1,288,1043.36181640625,9516.4921875,3.057086229324341,9.145975112915039,4.440817832946777
1,289,1212.4803466796875,11064.666015625,3.5337889194488525,10.79310417175293,4.490426063537598
1,290,1245.7601318359375,11401.7548828125,3.5194880962371826,8.73892593383789,5.280982971191406
1,291,729.5859375,6378.51025390625,3.0578300952911377,7.713306427001953,4.852723121643066
1,292,1283.3515625,11926.6142578125,3.0230016708374023,11.583976745605469,4.312555313110352
1,293,1152.9766845703125,10525.080078125,3.3489553928375244,10.05681037902832,3.2131166458129883
1,294,1053.999267578125,9650.255859375,2.965791702270508,9.681516647338867,3.7018604278564453
1,295,1318.259765625,11968.998046875,4.045331001281738,10.451822280883789,5.254878997802734
1,296,1164.2052001953125,10748.2841796875,2.97922420501709,10.79613971710205,4.469870567321777
1,297,1167.053466796875,10873.029296875,2.65834903717041,9.70905876159668,4.606260299682617
1,298,1026.12353515625,9190.9833984375,3.5675055980682373,9.384431838989258,3.912970542907715
1,299,1062.1859130859375,9776.583984375,2.8175833225250244,7.962338447570801,3.9235496520996094
1,300,1402.9793701171875,13183.365234375,2.821427345275879,10.554821968078613,5.0415849685668945
1,301,944.5562133789062,8666.9990234375,2.5952110290527344,8.658987998962402,3.921201705932617
1,302,1386.2889404296875,12686.78125,3.920361042022705,12.531241416931152,4.095749855041504
1,303,1144.6253662109375,10501.7431640625,3.1483681201934814,10.300202369689941,2.5130062103271484
1,304,1272.1324462890625,11849.9716796875,2.9045088291168213,9.332940101623535,5.137661933898926
1,305,1547.825439453125,14539.013671875,3.1308021545410156,11.182106018066406,5.82780647277832
1,306,1311.272216796875,12315.921875,2.656000852584839,11.172172546386719,3.718080520629883
1,307,929.798828125,8458.0234375,2.7998828887939453,9.146171569824219,3.3827905654907227
1,308,1374.0614013671875,12631.1162109375,3.6983237266540527,11.641949653625488,5.013972282409668
1,309,1063.3583984375,9866.28125,2.5576772689819336,9.61910629272461,4.197718620300293
1,310,1175.9169921875,10812.095703125,3.1569113731384277,9.768926620483398,4.505857467651367
1,311,910.6959228515625,8253.08984375,2.8462307453155518,8.992453575134277,3.3529891967773438
1,312,1418.2877197265625,13328.017578125,2.8495326042175293,10.954998016357422,4.943612098693848
1,313,702.218505859375,6227.5361328125,2.648829698562622,6.385200500488281,4.490339279174805
1,314,738.514892578125,6568.82373046875,2.7210843563079834,7.835184097290039,4.589102745056152
1,315,1195.4296875,10867.4765625,3.6227314472198486,10.593581199645996,5.256919860839844
1,316,1243.6956787109375,11475.4443359375,3.2050418853759766,10.816141128540039,4.085387229919434
1,317,1300.7235107421875,12120.634765625,2.9553356170654297,10.454292297363281,5.476519584655762
1,318,1374.7978515625,10984.607421875,9.211233139038086,11.284059524536133,4.180835723876953
1,319,1450.986083984375,13356.400390625,3.8448681831359863,11.39223861694336,4.846031188964844
1,320,1158.350341796875,10643.07421875,3.134763717651367,10.910356521606445,4.195243835449219
1,321,1271.4542236328125,11844.494140625,2.900158405303955,9.80568790435791,7.449499130249023
1,322,991.9244384765625,8992.029296875,3.090716600418091,9.34943962097168,5.016664505004883
1,323,1394.029296875,13038.669921875,3.005408763885498,10.035301208496094,5.172208786010742
1,324,1040.4256591796875,9482.5537109375,3.0723443031311035,7.730675220489502,6.429355621337891
1,325,736.2911376953125,6495.9345703125,2.889922618865967,6.362419128417969,4.439493179321289
1,326,911.0806884765625,8294.263671875,2.721808910369873,8.354252815246582,3.3722314834594727
1,327,1357.417236328125,12634.7421875,3.1314315795898438,11.261343002319336,5.192472457885742
1,328,1683.1873779296875,15820.748046875,3.370417833328247,13.498435020446777,4.889776229858398
1,329,1467.622314453125,13603.556640625,3.5755534172058105,12.496808052062988,4.482524871826172
1,330,1405.1318359375,13070.6806640625,3.2687907218933105,12.176950454711914,3.944417953491211
1,331,1469.20849609375,13514.2001953125,3.9262800216674805,12.843404769897461,3.6344194412231445
1,332,1053.041259765625,9631.95703125,2.994849681854248,8.16507625579834,5.785948753356934
1,333,1213.36572265625,11116.587890625,3.390228271484375,9.669828414916992,5.486888885498047
1,334,1018.1301879882812,9332.29296875,2.8300294876098633,9.166032791137695,5.046547889709473
1,335,1553.4237060546875,14541.109375,3.310424566268921,12.784214973449707,4.971858024597168
1,336,1738.1734619140625,16497.2890625,2.948153257369995,15.14539909362793,4.621621131896973
1,337,1119.147216796875,10191.658203125,3.3327114582061768,9.692153930664062,6.058407783508301
1,338,1752.0379638671875,16523.6015625,3.32258939743042,12.751733779907227,6.055098533630371
1,339,1193.998779296875,11017.0205078125,3.0765581130981445,9.95490837097168,3.603975296020508
1,340,1398.4625244140625,12978.31640625,3.3543620109558105,11.834405899047852,6.962779998779297
1,341,1304.5501708984375,12022.7861328125,3.409048080444336,9.1035737991333,5.657155990600586
1,342,1332.384765625,12166.8720703125,3.856584072113037,12.307565689086914,4.719571113586426
1,343,1270.0067138671875,11793.4443359375,3.02207612991333,10.60619831085205,4.372808456420898
1,344,1310.0169677734375,12085.87109375,3.3809924125671387,11.30045223236084,5.876532554626465
1,345,1089.42236328125,10002.7236328125,2.971666097640991,8.619623184204102,4.693841934204102
1,346,1266.25537109375,11779.951171875,2.942009925842285,9.658163070678711,7.13252067565918
1,347,1313.736572265625,12046.3994140625,3.6365532875061035,11.684223175048828,4.7602691650390625
1,348,1015.2274780273438,9273.12890625,2.930485248565674,8.831012725830078,4.869785308837891
1,349,885.5830688476562,8005.5400390625,2.8343019485473633,7.267311096191406,3.1763296127319336
1,350,1365.454345703125,12874.259765625,2.6009433269500732,10.64244556427002,5.594851493835449
1,351,1635.99169921875,15452.8623046875,3.0235157012939453,11.820241928100586,5.862857818603516
1,352,984.09228515625,8950.7373046875,2.967285633087158,9.9297513961792,3.7109127044677734
1,353,1278.4952392578125,11805.140625,3.266040325164795,9.92818832397461,4.854927062988281
1,354,1127.3331298828125,10275.46875,3.326209783554077,9.9418306350708,3.5888071060180664
1,355,1047.4127197265625,9678.4423828125,2.65228271484375,9.466651916503906,4.23068904876709
1,356,1011.7586669921875,9265.4990234375,2.8402905464172363,9.008591651916504,4.383937835693359
1,357,1103.6771240234375,10172.626953125,2.8804807662963867,8.414716720581055,7.276973724365234
1,358,1162.0775146484375,10725.130859375,2.985480785369873,8.520210266113281,5.244077682495117
1,359,952.461669921875,8671.58984375,2.8434226512908936,8.710107803344727,2.604633331298828
1,360,1261.196044921875,11702.888671875,3.0302376747131348,8.882704734802246,7.0055646896362305
1,361,1209.8612060546875,11223.587890625,2.916748523712158,10.268096923828125,4.989565849304199
1,362,1462.3741455078125,13756.025390625,2.8923861980438232,11.567686080932617,5.767611503601074
1,363,1027.1387939453125,9419.314453125,2.8402445316314697,9.357795715332031,4.014376640319824
1,364,1315.316162109375,12161.861328125,3.304332733154297,10.055734634399414,4.640395164489746
1,365,1101.1810302734375,10123.109375,2.962334156036377,10.040220260620117,4.10831356048584
1,366,1345.6497802734375,12550.0400390625,3.021524429321289,12.125479698181152,5.126904487609863
1,367,1261.4061279296875,11709.994140625,3.013558864593506,10.408414840698242,5.715973854064941
1,368,1238.2686767578125,11330.2890625,3.507993221282959,11.134369850158691,5.827768325805664
1,369,1445.7734375,13476.314453125,3.2714006900787354,8.643054008483887,8.38939094543457
1,370,1338.091552734375,12572.337890625,2.695258617401123,9.828442573547363,5.985055923461914
1,371,1045.2557373046875,9594.685546875,2.8595738410949707,8.6136474609375,4.694684028625488
1,372,1036.2891845703125,9407.546875,3.1844818592071533,9.872300148010254,3.9313440322875977
1,373,1607.0216064453125,15093.0009765625,3.2573792934417725,12.86431884765625,5.78226375579834
1,374,1356.9560546875,12231.7412109375,4.459395408630371,11.623296737670898,4.691808700561523
1,375,869.3295288085938,7827.6318359375,2.885545253753662,8.50054931640625,4.876029014587402
1,376,1147.3843994140625,10548.3583984375,3.084951877593994,11.496696472167969,3.0382585525512695
1,377,1223.8397216796875,11154.2177734375,3.613931894302368,11.305304527282715,2.468435287475586
1,378,897.3955078125,8106.892578125,2.890207290649414,8.983074188232422,2.9664154052734375
1,379,1579.3751220703125,14855.9501953125,3.126002311706543,14.044215202331543,3.188168525695801
1,380,1119.4337158203125,10288.43359375,3.019676685333252,9.99614429473877,4.635964393615723
1,381,1145.9544677734375,10486.38671875,3.2438602447509766,9.679492950439453,4.645735740661621
1,382,1611.42529296875,15093.0595703125,3.403975248336792,11.727248191833496,5.619894981384277
1,383,1072.4322509765625,9791.333984375,3.1099600791931152,9.273313522338867,3.4086170196533203
1,384,1220.9830322265625,11257.9794921875,3.1728343963623047,9.872930526733398,3.0913734436035156
1,385,1035.2984619140625,9420.412109375,3.1085755825042725,9.464394569396973,3.648003578186035
1,386,1195.0538330078125,11097.13671875,2.8446688652038574,11.517663955688477,3.6656980514526367
1,387,1008.2857055664062,9285.3779296875,2.6582634449005127,10.005051612854004,3.6027278900146484
1,388,1143.706298828125,10484.8251953125,3.174126148223877,9.692646026611328,3.6497201919555664
1,389,1254.1666259765625,11554.943359375,3.2890732288360596,11.763227462768555,2.8669052124023438
1,390,977.8860473632812,8843.0029296875,3.119525194168091,9.468221664428711,3.4779281616210938
1,391,1181.859375,11014.220703125,2.6812429428100586,11.686541557312012,4.640664100646973
1,392,951.161865234375,8570.970703125,3.1354918479919434,7.672441482543945,4.466921806335449
1,393,1187.654541015625,10867.478515625,3.3635520935058594,8.073972702026367,5.711024284362793
1,394,1485.3663330078125,13791.98046875,3.5389389991760254,13.048419952392578,3.29119873046875
1,395,1003.6156005859375,9069.494140625,3.222207546234131,9.840229034423828,5.7619476318359375
1,396,1207.77197265625,11195.0869140625,2.942111015319824,10.237005233764648,3.980532646179199
1,397,876.2725830078125,7897.70556640625,2.8834002017974854,7.51633882522583,5.930371284484863
1,398,1306.449462890625,12178.40234375,2.953643560409546,11.150602340698242,4.893990516662598
1,399,1366.4449462890625,12654.45703125,3.366642713546753,12.651084899902344,4.013836860656738
1,400,1591.2142333984375,14968.7802734375,3.1445388793945312,11.307151794433594,4.948103904724121
1,401,1277.80419921875,11952.47265625,2.751894474029541,9.59158706665039,3.4572086334228516
1,402,1319.444091796875,12362.7880859375,2.7721750736236572,10.326299667358398,5.223234176635742
1,403,1323.85009765625,12247.5478515625,3.3031790256500244,11.597156524658203,3.633345603942871
1,404,1500.9969482421875,13914.68359375,3.6509525775909424,11.791796684265137,4.730608940124512
1,405,1166.527099609375,10746.4296875,3.062807321548462,10.648152351379395,5.2319135665893555
1,406,937.9352416992188,8450.4326171875,3.0963988304138184,8.276078224182129,3.519850730895996
1,407,1322.646240234375,12205.037109375,3.404749870300293,12.296625137329102,4.545945167541504
1,408,1908.6944580078125,17464.74609375,5.407328128814697,14.656888961791992,5.265158653259277
1,409,1227.64990234375,11293.5703125,3.276430368423462,11.365514755249023,3.7032041549682617
1,410,1623.5157470703125,14837.8447265625,4.657705307006836,12.62716293334961,5.552453994750977
1,411,1611.27294921875,15126.5869140625,3.287139892578125,11.406660079956055,4.776116371154785
1,412,1290.0352783203125,11904.724609375,3.3187575340270996,10.258186340332031,6.082304000854492
1,413,1311.109619140625,12116.474609375,3.31540584564209,10.471799850463867,5.779167175292969
1,414,878.8533935546875,7926.7548828125,2.872596263885498,8.385347366333008,4.089748382568359
1,415,1108.1484375,10144.123046875,3.124539852142334,9.392433166503906,5.119316101074219
1,416,1346.6573486328125,12563.609375,3.009878158569336,10.599003791809082,5.757347106933594
1,417,1419.9967041015625,13084.8037109375,3.7172117233276367,10.330284118652344,5.188231468200684
1,418,1101.627197265625,10186.1953125,2.7669200897216797,9.05018424987793,6.228946685791016
1,419,1086.1302490234375,10048.3447265625,2.7098610401153564,8.217557907104492,5.085261344909668
1,420,1413.484375,13229.732421875,3.0170350074768066,11.044017791748047,5.660743713378906
1,421,1574.5804443359375,14787.041015625,3.1958775520324707,12.50279426574707,4.984931945800781
1,422,1239.6563720703125,11478.1416015625,3.061405897140503,10.049748420715332,5.989597320556641
1,423,1291.4974365234375,12041.74609375,2.9107565879821777,8.805893898010254,6.145708084106445
1,424,1411.0443115234375,13076.068359375,3.447917938232422,12.631119728088379,4.046871185302734
1,425,1122.2437744140625,10185.7353515625,3.4556758403778076,8.332832336425781,5.964155197143555
1,426,1509.961669921875,14079.49609375,3.4004011154174805,9.296354293823242,5.355175018310547
1,427,1301.3154296875,12088.87890625,3.0809166431427,11.55850601196289,3.3903894424438477
1,428,1026.5574951171875,9398.7607421875,2.8893816471099854,9.65316390991211,3.641629219055176
1,429,1134.738525390625,10432.646484375,3.0491278171539307,8.926257133483887,6.078165054321289
1,430,1199.122314453125,10983.7666015625,3.3581857681274414,9.23150634765625,6.276926040649414
1,431,1378.61865234375,12832.61328125,3.178575277328491,11.183319091796875,3.248525619506836
1,432,1197.36865234375,11018.7861328125,3.1829981803894043,10.634861946105957,3.778630256652832
1,433,880.5809936523438,7993.537109375,2.7075769901275635,8.700357437133789,3.866884231567383
1,434,1395.938232421875,12920.4921875,3.462965965270996,10.03445816040039,6.07431697845459
1,435,1402.1884765625,12976.0478515625,3.4861226081848145,11.694592475891113,4.621397972106934
1,436,960.2647094726562,8738.7998046875,2.879490375518799,7.927125930786133,4.495275497436523
1,437,1244.672607421875,11322.15625,3.748563289642334,8.441841125488281,5.938651084899902
1,438,964.5311279296875,8782.828125,2.874943971633911,8.893731117248535,4.043679237365723
1,439,1024.887451171875,9268.451171875,3.2680749893188477,8.077844619750977,5.7106218338012695
1,440,1056.8714599609375,9494.162109375,3.581840753555298,8.501895904541016,5.104928016662598
1,441,904.9010009765625,8143.5615234375,3.0181612968444824,7.272287368774414,3.8156089782714844
1,442,1339.6768798828125,12535.876953125,2.8696389198303223,11.025196075439453,4.406952857971191
1,443,1316.85009765625,12163.271484375,3.3507637977600098,9.059969902038574,6.447330474853516
1,444,1073.1419677734375,9894.904296875,2.7883853912353516,8.862335205078125,7.088677406311035
1,445,1476.7012939453125,13775.310546875,3.3056728839874268,12.90287971496582,4.972658157348633
1,446,1369.25927734375,12852.8984375,2.7989768981933594,9.300416946411133,6.460058212280273
1,447,1777.0048828125,16792.01171875,3.2601215839385986,11.679484367370605,7.687707901000977
1,448,1227.9793701171875,11383.12890625,2.9888839721679688,7.520505428314209,6.208095550537109
1,449,907.3689575195312,8139.4365234375,3.114175796508789,8.188980102539062,4.209514617919922
1,450,1266.530029296875,11749.0087890625,3.0543055534362793,9.827882766723633,5.431327819824219
1,451,1474.496826171875,13816.9580078125,3.0933685302734375,12.467658996582031,4.115091323852539
1,452,1192.10693359375,10965.80859375,3.18420147895813,10.10291862487793,3.7384986877441406
1,453,1088.710205078125,10061.060546875,2.753469944000244,8.586831092834473,4.721654891967773
1,454,827.0189208984375,7295.7958984375,3.247978687286377,7.9564948081970215,3.5331716537475586
1,455,1204.12890625,11267.9404296875,2.5778281688690186,10.572514533996582,5.456537246704102
1,456,1234.023681640625,11144.48046875,3.985851764678955,9.782114028930664,6.357921600341797
1,457,985.3917846679688,8872.3876953125,3.2717678546905518,10.13027286529541,4.016341209411621
1,458,1236.5770263671875,11469.41796875,2.987842082977295,10.261534690856934,5.0263776779174805
1,459,1413.9027099609375,13166.349609375,3.2422585487365723,13.092369079589844,4.875520706176758
1,460,1206.214599609375,11148.099609375,3.046821355819702,9.240114212036133,4.054251670837402
1,461,1185.28125,10985.560546875,2.890841245651245,9.352349281311035,3.714008331298828
1,462,1121.857177734375,10302.314453125,3.0541889667510986,8.40871524810791,4.715274810791016
1,463,1324.72021484375,12403.33203125,2.812898874282837,6.977951526641846,6.105771064758301
1,464,1081.2105712890625,9903.732421875,3.027911424636841,9.19092082977295,3.8647661209106445
1,465,1383.641357421875,12805.47265625,3.4364700317382812,9.161269187927246,8.328518867492676
1,466,970.84326171875,8825.990234375,2.9414725303649902,8.547147750854492,4.7346601486206055
1,467,972.5344848632812,8744.3134765625,3.2701046466827393,9.093433380126953,3.765512466430664
1,468,1229.4779052734375,11440.1689453125,2.8486990928649902,9.133241653442383,4.3354339599609375
1,469,1134.3360595703125,10227.640625,3.719064950942993,10.444847106933594,5.759751319885254
1,470,1260.0904541015625,11629.5478515625,3.2378556728363037,10.792099952697754,3.0566396713256836
1,471,1324.8670654296875,12213.28515625,3.451284885406494,9.876941680908203,5.397540092468262
1,472,762.9857177734375,6802.87451171875,2.7566070556640625,7.994757652282715,5.287468910217285
1,473,798.6153564453125,7084.8779296875,3.0042529106140137,7.249834060668945,4.562843322753906
1,474,1231.0980224609375,11399.0322265625,3.039825916290283,9.502822875976562,4.886404037475586
1,475,1248.3243408203125,11551.013671875,3.1074302196502686,11.817838668823242,6.158809661865234
1,476,870.2794189453125,7959.5068359375,2.477623462677002,7.780706405639648,3.204679489135742
1,477,1219.336181640625,10151.4248046875,6.806454658508301,8.999239921569824,3.729551315307617
1,478,1162.569091796875,10626.990234375,3.329000473022461,10.266368865966797,4.601890563964844
1,479,947.4745483398438,8651.40625,2.7444639205932617,8.908559799194336,4.4115705490112305
1,480,1268.943359375,11443.22265625,4.154038429260254,9.641946792602539,7.259979248046875
1,481,1284.7777099609375,11837.708984375,3.3668928146362305,11.50497055053711,3.56746768951416
1,482,682.5444946289062,5873.8818359375,3.1718766689300537,6.614788055419922,3.3679637908935547
1,483,837.376708984375,7487.2431640625,2.95508074760437,7.372166633605957,4.6382904052734375
1,484,1136.121826171875,10459.8271484375,3.00463604927063,8.866451263427734,6.079970359802246
1,485,889.9305419921875,7951.02490234375,3.160936117172241,8.662014961242676,4.461021423339844
1,486,1119.0775146484375,10312.875,2.9263339042663574,10.824284553527832,3.6443567276000977
1,487,1282.455078125,11955.01953125,2.8984389305114746,11.127696990966797,3.9016666412353516
1,488,1018.6759033203125,9188.92578125,3.326111316680908,9.673325538635254,3.394674301147461
1,489,1040.1998291015625,9453.06640625,3.16310715675354,10.18034553527832,2.3891992568969727
1,490,1188.493896484375,10948.1123046875,3.122756004333496,11.383841514587402,2.9846343994140625
1,491,1152.1783447265625,10561.470703125,3.2010421752929688,9.053003311157227,4.846487998962402
1,492,1199.8856201171875,11092.8564453125,3.0199995040893555,10.790019035339355,5.055093765258789
1,493,760.2067260742188,6700.79296875,3.0042476654052734,6.668902397155762,3.705629348754883
1,494,1286.027587890625,11870.978515625,3.297654151916504,11.631650924682617,4.980345726013184
1,495,1537.117919921875,14398.09765625,3.243605613708496,11.984415054321289,4.370306015014648
1,496,1576.26904296875,14711.115234375,3.5052478313446045,12.017102241516113,5.792072296142578
1,497,1290.5318603515625,11936.708984375,3.2287001609802246,10.19512939453125,5.483306884765625
1,498,958.12646484375,8473.0595703125,3.6940159797668457,8.915482521057129,4.493968963623047
1,499,1262.623779296875,11663.822265625,3.2080531120300293,11.272928237915039,2.731621742248535
1,500,1027.0250244140625,9254.7265625,3.3850793838500977,9.514931678771973,3.8560056686401367
1,501,1180.2528076171875,10979.0498046875,2.7449240684509277,9.192423820495605,6.604517936706543
1,502,1316.6796875,12341.087890625,2.7523629665374756,11.766399383544922,6.059615135192871
1,503,1795.847412109375,17036.220703125,3.0741782188415527,12.445070266723633,7.684401512145996
1,504,1405.890869140625,13132.6787109375,3.087432384490967,11.525705337524414,4.722126007080078
1,505,1191.3853759765625,10952.7587890625,3.203651189804077,8.789332389831543,5.04731559753418
1,506,1100.2900390625,10067.84765625,3.11683988571167,9.401491165161133,5.401433944702148
1,507,1051.452880859375,9621.146484375,2.9779410362243652,9.32955265045166,4.512921333312988
1,508,1122.44677734375,10276.7587890625,3.159029960632324,10.630898475646973,5.827752113342285
1,509,1500.4066162109375,14192.236328125,2.7061009407043457,12.511809349060059,3.6166763305664062
1,510,1117.5631103515625,10096.4765625,3.5971827507019043,11.12657642364502,2.4706907272338867
1,511,1140.3240966796875,10471.138671875,3.1070053577423096,11.266145706176758,4.167501449584961
1,512,989.8309936523438,8610.9384765625,4.291236877441406,9.49208927154541,3.181398391723633
1,513,1417.7369384765625,13232.412109375,3.149857521057129,11.51656436920166,4.611015319824219
1,514,1247.0587158203125,11509.330078125,3.2041897773742676,8.704070091247559,5.280333518981934
1,515,936.1185913085938,8450.7626953125,3.034743070602417,7.82540225982666,5.361330986022949
1,516,1281.5692138671875,11906.17578125,3.031722068786621,10.262365341186523,4.720466613769531
1,517,1090.2425537109375,10107.103515625,2.6510720252990723,9.066650390625,4.328605651855469
1,518,1301.02587890625,12131.859375,2.9279990196228027,10.445335388183594,4.536015510559082
1,519,713.0929565429688,6265.66552734375,2.884211540222168,6.058414459228516,4.664472579956055
1,520,979.4833984375,8910.44921875,2.9479494094848633,9.251920700073242,3.1718435287475586
1,521,1396.3572998046875,12863.78515625,3.665959596633911,9.963092803955078,5.205989837646484
1,522,1384.7757568359375,12889.779296875,3.1932621002197266,11.517898559570312,5.282896041870117
1,523,945.861083984375,8576.634765625,2.939919948577881,7.892212390899658,4.35642147064209
1,524,1077.3736572265625,9933.2744140625,2.8015384674072266,9.354194641113281,4.43082332611084
1,525,1354.13525390625,12608.8330078125,3.1083984375,10.574153900146484,4.951725959777832
1,526,1139.1282958984375,10529.3642578125,2.873063325881958,10.029855728149414,2.6139955520629883
1,527,1052.8641357421875,9665.6064453125,2.8767809867858887,8.411321640014648,4.674394607543945
1,528,1313.868896484375,12206.349609375,3.1077980995178223,11.626228332519531,4.169044494628906
1,529,1240.4404296875,11408.9443359375,3.3181986808776855,9.415287017822266,3.7896995544433594
1,530,1079.409912109375,9637.3427734375,3.855851650238037,10.27678108215332,4.882969856262207
1,531,1511.614501953125,14219.8515625,2.9876437187194824,12.242902755737305,5.564420700073242
1,532,1025.1827392578125,9367.638671875,2.9472975730895996,7.870899200439453,4.144872665405273
1,533,1178.05615234375,10693.16015625,3.6246697902679443,7.645959854125977,6.070644378662109
1,534,1300.273193359375,12106.3515625,2.9879345893859863,10.943925857543945,5.156189918518066
1,535,1688.21435546875,15957.5400390625,3.082010507583618,12.474620819091797,4.698493957519531
1,536,1214.12939453125,11200.57421875,3.1357316970825195,10.194388389587402,3.8665103912353516
1,537,940.50244140625,8523.6884765625,2.937786817550659,8.618886947631836,4.555046081542969
1,538,1091.1729736328125,10052.7314453125,2.8633275032043457,9.387550354003906,4.371496200561523
1,539,1276.9619140625,11939.4033203125,2.767387866973877,11.682382583618164,3.9115591049194336
1,540,1026.37451171875,9376.9228515625,2.956071376800537,8.707679748535156,5.118856430053711
1,541,1162.930908203125,10736.9228515625,2.974622964859009,10.686864852905273,3.2044992446899414
1,542,1090.5421142578125,9973.8583984375,3.1052064895629883,8.751790046691895,4.89506721496582
1,543,1503.075439453125,13750.478515625,4.267584800720215,12.32734203338623,6.120285987854004
1,544,1443.1256103515625,13529.572265625,3.005612850189209,10.926785469055176,5.86979866027832
1,545,772.9075927734375,6850.29296875,2.929276943206787,7.63123893737793,3.8387346267700195
1,546,1095.36572265625,10050.296875,3.0112016201019287,9.486156463623047,3.7752437591552734
1,547,1208.393310546875,11206.458984375,2.9249138832092285,9.563316345214844,4.563436508178711
1,548,1406.3314208984375,13074.634765625,3.2955992221832275,11.802131652832031,4.376842498779297
1,549,903.6837158203125,7954.71435546875,3.6070761680603027,8.681961059570312,4.146369934082031
1,550,1203.353759765625,11173.2470703125,2.86763596534729,10.573831558227539,4.236898422241211
1,551,1322.4222412109375,12274.974609375,3.164159059524536,8.914600372314453,5.672077178955078
1,552,1303.4910888671875,12130.3701171875,3.0151379108428955,10.7266845703125,5.474122047424316
1,553,1160.3409423828125,10736.5615234375,2.889493942260742,8.459388732910156,4.3256378173828125
1,554,924.671142578125,8447.322265625,2.6646296977996826,7.895639419555664,5.181750297546387
1,555,1319.8828125,12326.583984375,2.907477617263794,9.593337059020996,5.378060340881348
1,556,1332.2303466796875,12407.517578125,3.0492844581604004,10.064072608947754,4.603213310241699
1,557,1216.129638671875,11156.5380859375,3.349195957183838,9.666030883789062,3.4734573364257812
1,558,728.7218627929688,6428.697265625,2.861736536026001,5.616950035095215,5.114142417907715
1,559,976.8907470703125,8890.390625,2.928388833999634,8.897123336791992,3.693452835083008
1,560,1095.3740234375,10038.849609375,3.049637794494629,10.167025566101074,2.15689754486084
1,561,1339.6114501953125,12499.533203125,2.9886016845703125,11.431617736816406,3.5160112380981445
1,562,919.4545288085938,8442.07421875,2.5082356929779053,7.157641887664795,5.828166961669922
1,563,1141.8309326171875,10435.7001953125,3.2753610610961914,9.749463081359863,5.826166152954102
1,564,1274.7740478515625,11773.5947265625,3.2471532821655273,10.388371467590332,5.496390342712402
1,565,1266.8782958984375,11802.4306640625,2.887843608856201,10.479513168334961,5.8581743240356445
1,566,1081.044921875,9901.7490234375,3.028998851776123,8.923832893371582,5.390657424926758
1,567,982.3552856445312,9041.720703125,2.606107473373413,8.680562019348145,4.6828765869140625
1,568,1054.3646240234375,9204.021484375,4.46541690826416,8.252701759338379,4.716819763183594
1,569,913.2017211914062,7925.79638671875,4.020735740661621,8.8880615234375,4.066667556762695
1,570,905.1807250976562,8309.3828125,2.474748134613037,7.966290473937988,5.029594421386719
1,571,1259.735595703125,11824.2998046875,2.576852321624756,10.916601181030273,3.8623409271240234
1,572,991.8651123046875,9091.4990234375,2.757173538208008,8.577613830566406,3.369821548461914
1,573,1897.2545166015625,17949.27734375,3.410893440246582,13.537548065185547,5.894352912902832
1,574,965.3506469726562,8775.943359375,2.9252095222473145,9.715170860290527,3.589313507080078
1,575,1200.883544921875,11095.984375,3.0428359508514404,9.42341423034668,4.110753059387207
1,576,1274.4771728515625,11856.4365234375,2.96111798286438,11.164834976196289,4.92390251159668
1,577,1140.6553955078125,10554.15234375,2.841337203979492,9.890209197998047,6.8924665451049805
1,578,1323.1005859375,12326.138671875,3.016221523284912,9.348791122436523,5.332508087158203
1,579,1496.2459716796875,13982.3017578125,3.267192840576172,12.697813034057617,4.801144599914551
1,580,1204.265869140625,11044.2646484375,3.3279802799224854,10.593841552734375,4.795177459716797
1,581,1129.7847900390625,10411.3154296875,2.9551076889038086,9.708823204040527,3.8628196716308594
1,582,1207.466064453125,11159.818359375,3.0494768619537354,10.538397789001465,4.768523216247559
1,583,1250.8077392578125,11502.025390625,3.3535072803497314,10.116565704345703,4.032814979553223
1,584,1295.8951416015625,12113.4443359375,2.8183541297912598,9.51697063446045,7.319971084594727
1,585,1058.6021728515625,9796.923828125,2.6303279399871826,9.01741886138916,4.263155937194824
1,586,1272.9237060546875,11827.884765625,3.004507064819336,11.83672046661377,4.538114547729492
1,587,1501.804443359375,14229.05078125,2.6299750804901123,9.273228645324707,6.512629508972168
1,588,1202.4058837890625,11063.9248046875,3.2004494667053223,10.069526672363281,4.730700492858887
1,589,1252.163818359375,11485.2275390625,3.4546985626220703,9.785577774047852,6.5198163986206055
1,590,1094.7401123046875,9953.888671875,3.311708927154541,9.586776733398438,4.841790199279785
1,591,1060.1455078125,9674.935546875,3.088395357131958,9.448019027709961,3.662692070007324
1,592,1577.7889404296875,14752.484375,3.4180188179016113,10.798015594482422,5.147212982177734
1,593,1309.6578369140625,12261.7646484375,2.7827091217041016,11.224614143371582,3.754690170288086
1,594,1601.1505126953125,15089.4892578125,3.0733847618103027,11.892041206359863,4.210235595703125
1,595,1454.2142333984375,13688.1328125,2.8466949462890625,10.852907180786133,4.384657859802246
1,596,1303.1392822265625,12145.486328125,2.953019380569458,11.605918884277344,4.628506660461426
1,597,1350.434814453125,12661.3642578125,2.809946060180664,11.196290969848633,4.334844589233398
1,598,1332.2054443359375,12395.7138671875,3.087801456451416,9.476970672607422,7.243390083312988
1,599,1305.99169921875,12117.7763671875,3.1404645442962646,10.441357612609863,5.204559326171875
1,600,1191.517578125,11042.5634765625,2.9087090492248535,10.316917419433594,4.575404167175293
1,601,1028.455322265625,9355.802734375,3.095837116241455,9.858437538146973,4.131612777709961
1,602,1317.3883056640625,12217.419921875,3.1882073879241943,12.116832733154297,3.8445377349853516
1,603,1514.0477294921875,14299.3828125,2.803645610809326,11.43316650390625,7.135830879211426
1,604,1780.35546875,16851.8671875,3.1722893714904785,11.442193984985352,6.706205368041992
1,605,974.5885009765625,8816.287109375,3.098658561706543,8.19471549987793,4.938139915466309
1,606,1476.8079833984375,13722.400390625,3.4855968952178955,12.8316650390625,4.000107765197754
1,607,991.294677734375,9109.720703125,2.6774187088012695,10.050004959106445,3.5692100524902344
1,608,966.6300048828125,8866.16015625,2.6671321392059326,9.062187194824219,5.113659858703613
1,609,1363.485595703125,12686.232421875,3.1620748043060303,12.133995056152344,3.020005226135254
1,610,1585.873046875,14875.6328125,3.276989459991455,11.709877014160156,6.733708381652832
1,611,1214.9549560546875,11196.322265625,3.1774237155914307,9.388299942016602,6.1520843505859375
1,612,1409.904052734375,13035.84375,3.5439884662628174,12.795221328735352,5.301235198974609
1,613,1197.6109619140625,11068.478515625,3.0254344940185547,10.886138916015625,3.0071659088134766
1,614,1360.3966064453125,12765.255859375,2.795700788497925,10.751899719238281,3.915703773498535
1,615,1460.24755859375,13770.78125,2.7723140716552734,11.677778244018555,5.232950210571289
1,616,1016.7363891601562,9263.427734375,3.0131208896636963,9.034109115600586,3.6312570571899414
1,617,867.6754150390625,7774.9033203125,3.006168842315674,8.632156372070312,4.853272438049316
1,618,968.5926513671875,8727.9755859375,3.1931700706481934,9.71241283416748,4.279314994812012
1,619,2061.254150390625,19536.0078125,3.588447332382202,16.358787536621094,4.830964088439941
1,620,1308.810546875,12064.34375,3.41253662109375,10.021768569946289,4.396024703979492
1,621,1429.3878173828125,13338.77734375,3.1836652755737305,10.721957206726074,5.205327033996582
1,622,1116.30908203125,10297.4580078125,2.885441303253174,10.421684265136719,6.074749946594238
1,623,857.2019653320312,7700.12841796875,2.906303644180298,7.264792442321777,4.474210739135742
1,624,1032.299072265625,9436.3662109375,2.9554154872894287,10.158225059509277,3.189995765686035
1,625,1271.0830078125,11852.0751953125,2.8625168800354004,9.920112609863281,5.378377914428711
1,626,1428.2852783203125,13389.3359375,2.9783902168273926,11.643489837646484,5.168474197387695
1,627,891.6149291992188,7909.740234375,3.3546953201293945,9.11331844329834,4.414977073669434
1,628,1095.3802490234375,10058.6552734375,2.9838249683380127,9.54532527923584,3.2172069549560547
1,629,1081.286376953125,9933.1865234375,2.932257890701294,9.994086265563965,2.643734931945801
1,630,1046.78759765625,9589.623046875,2.9275102615356445,8.50275993347168,4.298555374145508
1,631,1059.75830078125,9811.48828125,2.620314836502075,8.787854194641113,5.218804359436035
1,632,1481.890625,13927.548828125,2.9711928367614746,11.914813995361328,3.6560707092285156
1,633,1256.4437255859375,11538.888671875,3.4184937477111816,11.020788192749023,5.908251762390137
1,634,918.7353515625,8392.306640625,2.650156021118164,7.738787651062012,4.134469032287598
1,635,1107.02587890625,10084.3671875,3.2863073348999023,9.501161575317383,6.029328346252441
1,636,1108.1822509765625,10233.099609375,2.829073429107666,9.751670837402344,4.339007377624512
1,637,806.7669677734375,7131.97705078125,3.1189754009246826,8.697827339172363,3.7090377807617188
1,638,1514.2830810546875,14238.1728515625,3.0155255794525146,10.032323837280273,6.138662338256836
1,639,1095.0980224609375,10065.3505859375,2.9520957469940186,10.075642585754395,3.554591178894043
1,640,725.31103515625,6344.7919921875,3.0277271270751953,7.433788299560547,2.613126754760742
1,641,1160.025146484375,10437.103515625,3.8771588802337646,9.659390449523926,5.648653984069824
1,642,1076.4388427734375,9813.21484375,3.1705784797668457,10.427645683288574,4.997337341308594
1,643,1090.1002197265625,9944.3671875,3.1887834072113037,10.209342956542969,4.904831886291504
1,644,1206.897216796875,11254.271484375,2.715667724609375,11.085533142089844,4.200512886047363
1,645,1262.0875244140625,11605.39453125,3.384937286376953,11.55892562866211,3.308863639831543
1,646,1372.524658203125,12808.826171875,3.0547304153442383,10.739846229553223,4.797389030456543
1,647,1234.5545654296875,11341.3125,3.3474435806274414,10.806564331054688,3.913858413696289
1,648,1500.819580078125,13939.587890625,3.562025547027588,11.936481475830078,5.81648063659668
1,649,1171.4266357421875,10752.9111328125,3.204515218734741,9.225353240966797,3.5096969604492188
1,650,1166.587158203125,10836.2861328125,2.7652852535247803,9.964115142822266,4.033499717712402
1,651,615.0532836914062,5316.16943359375,2.7812116146087646,5.796795845031738,3.5810022354125977
1,652,1209.322509765625,11226.91796875,2.887690305709839,10.940123558044434,4.780656814575195
1,653,1418.8780517578125,13172.6015625,3.3872642517089844,12.122897148132324,4.271858215332031
1,654,1065.53076171875,9783.09765625,2.907364845275879,9.548023223876953,4.947827339172363
1,655,963.4871826171875,8779.611328125,2.8508691787719727,9.20980167388916,4.534816741943359
1,656,1234.5089111328125,11488.322265625,2.8558874130249023,10.81140422821045,4.222572326660156
1,657,1431.37841796875,13389.4296875,3.0811829566955566,11.744895935058594,2.67376708984375
1,658,1640.94580078125,15510.298828125,2.9971981048583984,10.955232620239258,7.2489166259765625
1,659,931.1341552734375,8089.46435546875,4.072922229766846,9.546899795532227,4.299254417419434
1,660,1182.643798828125,10931.08203125,2.98451828956604,9.797471046447754,3.331287384033203
1,661,910.5333862304688,8225.6845703125,2.932164192199707,7.506196022033691,5.791491508483887
1,662,949.12158203125,8651.84765625,2.7978954315185547,7.350541114807129,4.475934028625488
1,663,1024.833251953125,9384.8603515625,2.878239154815674,10.434165000915527,3.094691276550293
1,664,799.933837890625,7340.03466796875,2.1976778507232666,7.258606910705566,5.302011489868164
1,665,1335.8487548828125,12313.87890625,3.482028007507324,9.619873046875,4.6559906005859375
1,666,1299.0592041015625,11999.77734375,3.3027148246765137,11.243496894836426,5.106480598449707
1,667,930.9908447265625,8431.3125,2.928652048110962,8.615910530090332,3.881535530090332
1,668,1494.2110595703125,13948.130859375,3.313265800476074,12.307709693908691,5.914911270141602
1,669,1317.4515380859375,12386.4482421875,2.6268861293792725,10.852581024169922,5.028997421264648
1,670,948.8656005859375,8527.779296875,3.202920913696289,10.165969848632812,3.7785911560058594
1,671,1368.8221435546875,12768.970703125,3.0641684532165527,11.723464965820312,4.807888984680176
1,672,835.614990234375,7596.95654296875,2.5306427478790283,7.368215560913086,3.9829015731811523
1,673,1017.8690185546875,9324.08984375,2.848668098449707,9.02400016784668,4.687526702880859
1,674,767.4690551757812,6842.2119140625,2.774928331375122,8.032681465148926,2.5824079513549805
1,675,875.7191162109375,7798.6806640625,3.1950345039367676,8.14764404296875,6.046452522277832
1,676,1234.5677490234375,11403.3447265625,3.14111065864563,9.869773864746094,4.968945503234863
1,677,1285.9080810546875,12004.19921875,2.8496034145355225,11.06923770904541,4.4769287109375
1,678,1016.0792236328125,9215.4443359375,3.1511600017547607,9.235898971557617,3.3102340698242188
1,679,1404.436767578125,13098.3212890625,3.153489112854004,10.350401878356934,4.335092544555664
1,680,926.2035522460938,8385.640625,2.9213147163391113,8.879180908203125,3.0922040939331055
1,681,1262.433349609375,11619.5712890625,3.349208116531372,10.782620429992676,3.750669479370117
1,682,957.0164794921875,8694.03515625,2.920433521270752,9.532051086425781,2.246047019958496
1,683,1319.44482421875,12259.724609375,3.1157419681549072,11.948482513427734,3.036651611328125
1,684,1031.5283203125,9430.021484375,2.950873374938965,9.469388008117676,3.377349853515625
1,685,1410.8260498046875,13185.658203125,3.0753414630889893,11.945009231567383,3.3815183639526367
1,686,883.7896118164062,6919.2890625,6.395357608795166,6.810978412628174,4.039178848266602
1,687,1230.547119140625,11433.0224609375,2.908163070678711,11.137393951416016,2.9551620483398438
1,688,1186.369384765625,10892.474609375,3.2373971939086914,10.645963668823242,5.787423133850098
1,689,1358.99462890625,12713.775390625,2.920567035675049,10.327516555786133,3.865206718444824
1,690,1366.8323974609375,12297.744140625,4.568600654602051,11.293533325195312,5.8423357009887695
1,691,1252.889404296875,11553.552734375,3.2511351108551025,10.11410903930664,5.219037055969238
1,692,870.2316284179688,7834.3466796875,2.8932318687438965,7.657756805419922,5.3294878005981445
1,693,1136.865234375,10342.453125,3.4206643104553223,9.820587158203125,4.164531707763672
1,694,1329.5316162109375,12419.6083984375,2.919027805328369,10.978434562683105,4.381071090698242
1,695,1264.172607421875,11724.9306640625,3.05598521232605,10.952342987060547,3.940786361694336
1,696,766.7784423828125,6856.6181640625,2.703887462615967,7.186611175537109,3.2724151611328125
1,697,973.8961181640625,8906.916015625,2.7734835147857666,7.919325351715088,3.4411516189575195
1,698,1180.491455078125,10962.822265625,2.8069756031036377,8.941524505615234,5.146527290344238
1,699,1083.2457275390625,9917.447265625,3.0500314235687256,9.533082962036133,5.118988037109375
1,700,1133.93505859375,10376.1162109375,3.210780620574951,9.032624244689941,4.454502105712891
1,701,1096.095703125,10136.2421875,2.749051094055176,9.953683853149414,3.9934234619140625
1,702,1173.5172119140625,10835.359375,2.9993748664855957,9.616071701049805,4.291042327880859
1,703,844.943603515625,7652.5791015625,2.6561896800994873,6.252782344818115,5.202876091003418
1,704,1168.60791015625,10637.7099609375,3.494565963745117,10.049190521240234,5.166507720947266
1,705,1303.6943359375,12076.7998046875,3.200474739074707,10.693451881408691,5.081520080566406
1,706,1406.7659912109375,13109.826171875,3.1927778720855713,11.417564392089844,4.347076416015625
1,707,1144.5333251953125,10445.6376953125,3.33231782913208,9.273375511169434,4.041852951049805
1,708,1243.469970703125,11575.9287109375,2.862567901611328,10.612420082092285,3.6663856506347656
1,709,1158.843017578125,10608.64453125,3.265951156616211,8.717921257019043,4.690197944641113
1,710,1327.0125732421875,12270.533203125,3.3319740295410156,9.45322036743164,5.109091758728027
1,711,1365.671630859375,12732.1240234375,3.0819759368896484,11.237449645996094,5.889392852783203
1,712,953.881591796875,8648.17578125,2.9688005447387695,9.676998138427734,5.560943603515625
1,713,1118.5885009765625,10072.1826171875,3.7123427391052246,11.344388961791992,2.791431427001953
1,714,1079.12109375,9862.5458984375,3.0955512523651123,8.969472885131836,3.869417190551758
1,715,1178.392333984375,10762.8359375,3.4036238193511963,10.785430908203125,2.352511405944824
1,716,1209.843017578125,11184.228515625,3.0473408699035645,10.530244827270508,5.3830461502075195
1,717,1660.3990478515625,15650.0703125,3.1797311305999756,12.219057083129883,6.508203506469727
1,718,1272.6756591796875,11868.169921875,2.861955165863037,9.604530334472656,5.633179664611816
1,719,1285.820068359375,11935.765625,3.0747828483581543,11.380375862121582,4.54128360748291
1,720,964.3428955078125,8805.208984375,2.7940659523010254,8.335784912109375,3.235701560974121
1,721,1069.352294921875,9697.6103515625,3.319709300994873,9.30105972290039,5.770920753479004
1,722,998.9398803710938,9127.146484375,2.874174118041992,9.09837818145752,5.5690813064575195
1,723,1474.762939453125,13792.095703125,3.1851093769073486,12.276582717895508,4.755884170532227
1,724,1334.39111328125,12322.1533203125,3.405860662460327,11.600713729858398,5.091385841369629
1,725,1088.869873046875,9866.7646484375,3.40644907951355,9.320587158203125,4.326420783996582
1,726,1323.5341796875,12261.677734375,3.2455453872680664,11.834625244140625,5.000697135925293
1,727,1122.40478515625,10306.78125,3.057555675506592,10.140201568603516,4.244997978210449
1,728,1008.6718139648438,9303.8525390625,2.6095526218414307,8.71511173248291,4.298262596130371
1,729,1229.9931640625,11389.4326171875,3.0349955558776855,10.885839462280273,5.546089172363281
1,730,1042.35107421875,9650.388671875,2.57707142829895,8.719910621643066,5.744052886962891
1,731,1307.9931640625,12129.279296875,3.168839931488037,11.63707160949707,3.8172101974487305
1,732,844.7240600585938,7614.33154296875,2.776362657546997,8.023223876953125,3.954928398132324
1,733,1581.848388671875,15008.322265625,2.7005362510681152,12.704261779785156,4.421319961547852
1,734,1218.043701171875,11285.25,2.983957290649414,10.60423469543457,5.1685028076171875
1,735,1274.18994140625,11765.921875,3.2532577514648438,10.720682144165039,3.0338239669799805
1,736,1049.8204345703125,9473.0712890625,3.417109251022339,8.860830307006836,3.2490224838256836
1,737,1658.93798828125,15604.09765625,3.2842726707458496,12.050275802612305,5.519611358642578
1,738,1086.31005859375,10094.5634765625,2.561791181564331,7.944960117340088,4.153482437133789
1,739,1081.8985595703125,9956.8984375,2.8736233711242676,9.609954833984375,5.316553115844727
1,740,1009.0792236328125,9121.91015625,3.229607105255127,9.730823516845703,3.90128231048584
1,741,1135.388916015625,10506.51953125,2.824563980102539,9.678263664245605,5.148865699768066
1,742,1341.748046875,12500.591796875,3.0562968254089355,8.931962966918945,6.534415245056152
1,743,920.9448852539062,8343.5341796875,2.886380434036255,8.993677139282227,3.124481201171875
1,744,1512.2340087890625,14104.658203125,3.3922715187072754,13.005006790161133,3.592327117919922
1,745,1358.4818115234375,12720.03515625,2.882608652114868,10.275297164916992,5.586811065673828
1,746,993.1607055664062,9235.2802734375,2.321089506149292,9.236139297485352,4.011178016662598
1,747,1391.6807861328125,13069.3798828125,2.824759006500244,12.710210800170898,4.857587814331055
1,748,1516.216064453125,14200.283203125,3.2062575817108154,10.854263305664062,4.078028678894043
1,749,1408.6279296875,13144.2060546875,3.140242099761963,12.2244234085083,4.547774314880371
1,750,1031.4281005859375,9335.42578125,3.2628512382507324,9.652215003967285,3.70742130279541
1,751,1154.45556640625,10614.5556640625,3.100001335144043,9.907702445983887,2.109363555908203
1,752,1347.34228515625,12031.8662109375,4.80518913269043,11.869510650634766,2.916743278503418
1,753,981.0119018554688,8776.3779296875,3.44580340385437,9.719265937805176,4.930710792541504
1,754,1429.04541015625,13369.89453125,3.068528175354004,11.820404052734375,6.8891754150390625
1,755,1040.962890625,9471.6875,3.1264729499816895,9.634780883789062,3.9284543991088867
1,756,1347.2149658203125,12563.5,3.028834581375122,8.825376510620117,7.564507484436035
1,757,1335.5498046875,12424.353515625,3.1038146018981934,9.681988716125488,6.694314002990723
1,758,1078.03857421875,9913.513671875,2.889573574066162,9.377656936645508,5.03804874420166
1,759,1332.8345947265625,12392.1875,3.1205267906188965,11.867359161376953,3.561038017272949
1,760,1130.4185791015625,10364.6240234375,3.1318726539611816,11.667753219604492,2.8371706008911133
1,761,1965.2457275390625,18706.919921875,3.1517906188964844,12.998669624328613,6.895639419555664
1,762,1471.436767578125,13690.1982421875,3.413897752761841,11.797563552856445,5.721503257751465
1,763,1235.3515625,11486.875,2.8888001441955566,10.512746810913086,4.642707824707031
1,764,1012.4210205078125,9153.9794921875,3.2341017723083496,8.777979850769043,3.876039505004883
1,765,987.436767578125,8852.287109375,3.406935214996338,8.533323287963867,4.040901184082031
1,766,1047.9376220703125,9431.681640625,3.492314338684082,8.98962688446045,3.103022575378418
1,767,1017.9105224609375,9329.81640625,2.8309621810913086,8.61636734008789,3.4301881790161133
1,768,921.3666381835938,8384.7412109375,2.7630834579467773,8.20952033996582,4.834242820739746
1,769,1225.474365234375,11297.4189453125,3.1910815238952637,10.743463516235352,4.962856292724609
1,770,1304.486083984375,12119.55078125,3.0843653678894043,10.132453918457031,6.766781806945801
1,771,1206.77783203125,11074.0146484375,3.3125460147857666,10.845208168029785,4.63986873626709
1,772,1446.364501953125,13614.4189453125,2.8307533264160156,12.400501251220703,3.654754638671875
1,773,984.3409423828125,8966.3212890625,2.92362642288208,8.3400297164917,4.6713714599609375
1,774,1202.2867431640625,10949.822265625,3.576813220977783,10.492243766784668,2.8721885681152344
1,775,1270.6148681640625,11748.7958984375,3.191173791885376,10.585958480834961,3.896615982055664
1,776,1245.1077880859375,11599.3974609375,2.838931083679199,10.425125122070312,3.93496036529541
1,777,937.9014892578125,8532.7431640625,2.8209047317504883,9.764669418334961,4.480203628540039
1,778,1529.9073486328125,14375.1689453125,3.079679489135742,12.342823028564453,3.2576656341552734
1,779,1076.4630126953125,9855.1455078125,3.031613826751709,9.28670597076416,4.814382553100586
1,780,980.6915893554688,8925.580078125,2.9377849102020264,8.441526412963867,2.9937610626220703
1,781,1322.8106689453125,12211.888671875,3.387394666671753,10.836362838745117,6.524521827697754
1,782,1571.221923828125,14766.20703125,3.1533727645874023,13.017547607421875,5.681903839111328
1,783,1348.4088134765625,12699.96484375,2.6137447357177734,10.423521041870117,7.249983787536621
1,784,1431.7564697265625,13309.62109375,3.359811305999756,12.010866165161133,5.323089599609375
1,785,1269.697021484375,11771.0537109375,3.0863871574401855,11.217606544494629,6.546754837036133
1,786,1106.59521484375,10176.7138671875,2.964125633239746,9.983263969421387,4.766057968139648
1,787,1149.9083251953125,10547.1943359375,3.1729626655578613,10.333348274230957,4.544929504394531
1,788,1101.2701416015625,10022.8828125,3.2993955612182617,8.82336711883545,4.012444496154785
1,789,1434.4156494140625,13349.0146484375,3.3171401023864746,11.790298461914062,3.5428285598754883
1,790,1406.702880859375,13224.3701171875,2.808861494064331,10.838581085205078,6.876229286193848
1,791,1174.67626953125,10793.474609375,3.1776227951049805,9.804182052612305,3.8168067932128906
1,792,1617.9586181640625,15138.1669921875,3.471395492553711,12.871929168701172,4.229365348815918
1,793,1056.3486328125,9597.115234375,3.2212352752685547,8.227804183959961,2.993570327758789
1,794,1221.135498046875,11291.6416015625,3.0657105445861816,10.644248962402344,5.57759952545166
1,795,1401.5806884765625,13268.4111328125,2.4913182258605957,11.480857849121094,5.196009635925293
1,796,1286.950439453125,11989.6689453125,2.932784080505371,10.187701225280762,4.058485984802246
1,797,1307.59375,12106.4111328125,3.2317545413970947,9.957080841064453,4.530640602111816
1,798,965.9077758789062,8842.6201171875,2.721524953842163,8.537946701049805,4.414553642272949
1,799,1209.2020263671875,11210.4775390625,2.9384765625,9.366565704345703,3.973860740661621
1,800,866.4826049804688,7905.7275390625,2.5303282737731934,8.508316993713379,5.111059188842773
1,801,880.0029296875,7938.8232421875,2.8706867694854736,6.788423538208008,5.3778276443481445
1,802,1007.897216796875,9050.994140625,3.4265923500061035,8.388924598693848,6.628732681274414
1,803,1299.8245849609375,12123.775390625,2.914902448654175,11.0285062789917,5.303925514221191
1,804,975.8897094726562,8818.9638671875,3.1331090927124023,8.270408630371094,6.369268417358398
1,805,1133.049072265625,10410.6728515625,3.066061496734619,9.382669448852539,4.398855209350586
1,806,1046.6201171875,9690.9736328125,2.5840940475463867,7.519744396209717,5.534080505371094
1,807,1179.54296875,10964.2109375,2.770728826522827,9.115970611572266,4.508373260498047
1,808,1024.2215576171875,9339.703125,3.0083751678466797,8.326515197753906,6.0507707595825195
1,809,1540.7080078125,14490.396484375,3.0556130409240723,14.197072982788086,4.393706321716309
1,810,1530.7767333984375,14443.53515625,2.880772113800049,12.705292701721191,4.996716499328613
1,811,1500.7335205078125,14089.2392578125,3.0603201389312744,12.488633155822754,4.938597679138184
1,812,1589.581787109375,14789.6298828125,3.687290906906128,12.017541885375977,4.163987159729004
1,813,835.1036987304688,7222.24609375,3.762636661529541,7.755574703216553,4.346438407897949
1,814,1164.1429443359375,10810.5263671875,2.769676923751831,9.207693099975586,4.498884201049805
1,815,1084.961181640625,9947.4892578125,3.007075309753418,9.987285614013672,3.279815673828125
1,816,898.6991577148438,8154.7705078125,2.7740697860717773,8.746944427490234,4.089322090148926
1,817,1149.715576171875,10458.3154296875,3.462799072265625,8.958324432373047,5.151009559631348
1,818,862.1470947265625,7903.8017578125,2.392230987548828,6.560222148895264,4.9555511474609375
1,819,992.810302734375,9166.58203125,2.538403034210205,6.2299485206604,6.270208358764648
1,820,995.5072631835938,9121.50390625,2.7785632610321045,9.01714038848877,3.644780158996582
1,821,983.8115844726562,8967.833984375,2.90093994140625,8.356024742126465,3.5271434783935547
1,822,1402.126708984375,13004.4765625,3.3893022537231445,11.904529571533203,3.581486701965332
1,823,1165.9681396484375,10830.19921875,2.7649428844451904,10.74727725982666,5.680203437805176
1,824,977.6090698242188,8523.6064453125,4.1749467849731445,9.011478424072266,3.3432512283325195
1,825,1385.9833984375,12905.6435546875,3.180635452270508,11.273355484008789,4.558246612548828
1,826,1405.426513671875,13124.271484375,3.0999794006347656,11.717785835266113,5.1394853591918945
1,827,1421.0460205078125,13129.7236328125,3.602452278137207,12.705764770507812,4.010227203369141
1,828,1085.328125,9974.7421875,2.928462028503418,10.105144500732422,5.739230155944824
1,829,1431.31787109375,13394.3125,3.0628857612609863,12.318681716918945,3.013439178466797
1,830,1194.0777587890625,11081.111328125,2.8655505180358887,10.402952194213867,4.199284553527832
1,831,1204.967529296875,11109.4326171875,3.1341443061828613,10.446432113647461,3.610414505004883
1,832,988.1650390625,8991.2802734375,2.967899799346924,9.281942367553711,4.019437789916992
1,833,1321.2606201171875,12209.31640625,3.3443007469177246,11.312356948852539,6.774066925048828
1,834,1231.4306640625,11294.619140625,3.3989572525024414,9.693010330200195,5.929311752319336
1,835,1373.0394287109375,12874.84765625,2.851821184158325,12.096323013305664,3.9368438720703125
1,836,1731.31298828125,16225.4765625,3.62550687789917,14.327153205871582,3.3665666580200195
1,837,1413.9749755859375,13239.1904296875,3.001863956451416,11.651265144348145,6.250085830688477
1,838,1025.2978515625,9395.265625,2.8590431213378906,8.945504188537598,5.940036773681641
1,839,1063.051513671875,9699.048828125,3.104887008666992,10.063116073608398,4.031055450439453
1,840,839.92431640625,7573.978515625,2.7508819103240967,8.111923217773438,3.8952560424804688
1,841,1354.793212890625,12382.927734375,3.8833446502685547,11.544456481933594,4.50797176361084
1,842,857.4261474609375,7677.18115234375,2.9902663230895996,8.378875732421875,2.316516876220703
1,843,1494.910888671875,13955.017578125,3.313634157180786,10.687505722045898,4.368577003479004
1,844,1767.9969482421875,16229.4306640625,4.8351287841796875,13.82412338256836,6.482461929321289
1,845,1119.3404541015625,10195.77734375,3.325422763824463,9.925833702087402,2.355245590209961
1,846,1137.549560546875,10528.0234375,2.8249051570892334,10.940418243408203,4.005457878112793
1,847,1268.50390625,11821.10546875,2.8797764778137207,12.351494789123535,4.487998962402344
1,848,1230.1907958984375,11466.0419921875,2.786220073699951,11.421607971191406,3.72506046295166
1,849,1685.85107421875,15834.91796875,3.4119763374328613,13.372429847717285,5.301231384277344
1,850,1353.856689453125,12615.8720703125,3.0756454467773438,9.137710571289062,5.615152359008789
1,851,1368.664306640625,12564.6484375,3.739983558654785,11.509387016296387,4.079315185546875
1,852,1184.2601318359375,10996.46875,2.8204426765441895,10.383208274841309,4.467548370361328
1,853,1153.985107421875,10690.275390625,2.8319156169891357,10.302407264709473,3.1280059814453125
1,854,1212.9639892578125,11296.447265625,2.77730655670166,10.731061935424805,4.109415054321289
1,855,820.193359375,7321.4052734375,2.9350924491882324,7.43735408782959,3.7260923385620117
1,856,1105.981201171875,10055.154296875,3.34885835647583,9.267918586730957,4.2379560470581055
1,857,1204.57177734375,11048.00390625,3.3257126808166504,11.288530349731445,5.27651309967041
1,858,1135.494384765625,10480.6298828125,2.9143779277801514,10.20289421081543,4.7066144943237305
1,859,1402.2525634765625,13035.390625,3.2904486656188965,12.019256591796875,5.040095329284668
1,860,1577.1451416015625,14836.8076171875,3.115478515625,12.396195411682129,5.921846389770508
1,861,1227.4482421875,11418.2197265625,2.8542094230651855,8.689833641052246,7.320303916931152
1,862,1299.517333984375,12057.78515625,3.1246237754821777,11.489036560058594,3.0593185424804688
1,863,850.2034912109375,7609.89208984375,2.973809242248535,8.48653507232666,3.645017623901367
1,864,1270.0040283203125,11879.1904296875,2.7361650466918945,11.614507675170898,2.950070381164551
1,865,1113.8575439453125,10379.6142578125,2.5298705101013184,9.647258758544922,5.910914421081543
1,866,779.6129150390625,6888.41162109375,3.025723457336426,7.047669410705566,4.016696929931641
1,867,1529.4014892578125,14426.40625,2.89202880859375,11.098287582397461,6.591333389282227
1,868,1537.7608642578125,14177.7265625,3.9996042251586914,12.061332702636719,6.372267723083496
1,869,1282.3739013671875,11904.40625,3.064439296722412,9.218212127685547,5.597212791442871
1,870,1259.213623046875,11614.5751953125,3.258537530899048,11.41288948059082,5.023000717163086
1,871,1174.295654296875,10889.142578125,2.8460464477539062,10.072271347045898,4.438591957092285
1,872,978.0704956054688,8898.451171875,2.940845489501953,7.996291637420654,5.6767683029174805
1,873,1145.290771484375,10564.833984375,2.960245370864868,9.798430442810059,6.258923530578613
1,874,1002.140625,9137.587890625,2.9460608959198,8.594703674316406,4.108475685119629
1,875,1100.176513671875,10022.185546875,3.265265941619873,9.933023452758789,5.616903305053711
1,876,1413.98388671875,13040.623046875,3.664048910140991,11.18539810180664,4.864777565002441
1,877,945.59130859375,8664.2841796875,2.638763189315796,8.2094087600708,3.452577590942383
1,878,1160.55224609375,10641.4853515625,3.2134547233581543,9.581453323364258,5.914212226867676
1,879,1020.447021484375,9303.1953125,3.0042505264282227,10.146108627319336,4.7115278244018555
1,880,1240.45849609375,11497.390625,3.023977279663086,8.504850387573242,6.329323768615723
1,881,971.0165405273438,8803.806640625,3.02119517326355,9.887195587158203,3.081021308898926
1,882,1136.176513671875,10478.9287109375,2.942783832550049,7.95904541015625,6.909982681274414
1,883,1336.009521484375,12482.849609375,2.9241504669189453,11.046333312988281,5.226558685302734
1,884,1052.6851806640625,9534.740234375,3.307037353515625,9.645353317260742,5.382352828979492
1,885,993.0123291015625,9077.9794921875,2.8404781818389893,9.849258422851562,3.5872411727905273
1,886,1193.66357421875,11049.3125,2.9577443599700928,9.483747482299805,4.596078872680664
1,887,1176.3184814453125,10796.361328125,3.2227463722229004,10.258591651916504,4.805331230163574
1,888,1046.7298583984375,9645.0771484375,2.740736484527588,8.19710922241211,4.4889726638793945
1,889,924.8921508789062,8414.4755859375,2.7814862728118896,7.121380805969238,4.978250503540039
1,890,1492.24951171875,14036.693359375,2.95267391204834,11.55108642578125,3.975527763366699
1,891,1275.4766845703125,11733.697265625,3.4035661220550537,11.294775009155273,3.0541954040527344
1,892,1391.0584716796875,13088.078125,2.741687536239624,10.91054630279541,6.002948760986328
1,893,1607.4757080078125,15255.37109375,2.731288433074951,11.220382690429688,5.592062950134277
1,894,1160.2789306640625,10745.880859375,2.856358528137207,10.323003768920898,4.917370796203613
1,895,888.7314453125,8089.94189453125,2.6579079627990723,6.422202110290527,4.681669235229492
1,896,1248.9085693359375,11645.0341796875,2.8135037422180176,10.506860733032227,3.517587661743164
1,897,801.50390625,7277.34619140625,2.4589762687683105,7.506042957305908,3.7822256088256836
1,898,1385.2646484375,13003.876953125,2.829233169555664,12.4266357421875,2.9503355026245117
1,899,1038.8885498046875,9463.1318359375,3.085846424102783,8.323884010314941,5.002582550048828
1,900,1310.6549072265625,12165.755859375,3.1359786987304688,10.995500564575195,4.921143531799316
1,901,1431.0634765625,13317.8359375,3.3093299865722656,12.648906707763672,5.556753158569336
1,902,995.9708251953125,9138.7578125,2.7365000247955322,8.924798965454102,4.398420333862305
1,903,850.977294921875,7725.3916015625,2.6146035194396973,7.590769290924072,3.457217216491699
1,904,1175.0137939453125,10790.19921875,3.1997952461242676,9.647743225097656,4.635907173156738
1,905,1386.2647705078125,12749.509765625,3.710458755493164,11.208404541015625,5.066924095153809
1,906,1399.18603515625,12541.3603515625,4.834996223449707,11.261077880859375,5.247003555297852
1,907,1444.250732421875,10386.9169921875,13.518633842468262,10.000223159790039,4.007190704345703
1,908,1336.602294921875,12415.7451171875,3.167588710784912,10.843994140625,5.522261619567871
1,909,1139.022705078125,10494.1826171875,2.9868106842041016,8.684774398803711,4.9410552978515625
1,910,1402.84716796875,13047.892578125,3.2685956954956055,11.185835838317871,5.3574981689453125
1,911,1403.7982177734375,13073.6591796875,3.214407444000244,10.790756225585938,6.085075378417969
1,912,1239.8382568359375,11454.7021484375,3.1456010341644287,10.742269515991211,4.79864501953125
1,913,1540.922119140625,14257.025390625,3.84065318107605,12.620203018188477,3.4351606369018555
1,914,1789.8646240234375,16836.9296875,3.539053201675415,13.456111907958984,5.817420959472656
1,915,1094.8984375,9910.9609375,3.4600768089294434,8.672586441040039,5.616888046264648
1,916,1046.0667724609375,9598.9140625,2.872511386871338,8.188075065612793,4.77414608001709
1,917,1251.173095703125,11579.3115234375,3.1080665588378906,12.169395446777344,2.975191116333008
1,918,924.6402587890625,8268.2626953125,3.2604665756225586,7.850940227508545,3.8478517532348633
1,919,934.96923828125,8468.654296875,2.936793088912964,9.211038589477539,3.485123634338379
1,920,1692.6669921875,15767.6142578125,3.863515853881836,12.504302024841309,5.476922035217285
1,921,1078.6988525390625,9828.916015625,3.193575620651245,10.066161155700684,3.573855400085449
1,922,1150.0078125,10635.66015625,2.8813915252685547,10.691940307617188,3.3919801712036133
1,923,1167.300048828125,10844.8994140625,2.7603349685668945,9.935224533081055,3.15012264251709
1,924,1345.0888671875,12464.37890625,3.2883665561676025,11.794723510742188,4.49152946472168
1,925,1094.9862060546875,10120.78515625,2.76358962059021,10.005600929260254,5.020794868469238
1,926,1168.3701171875,10785.2099609375,2.99497127532959,8.909900665283203,4.920475959777832
1,927,1509.88720703125,14171.556640625,3.091050148010254,11.385425567626953,4.911786079406738
1,928,1267.6923828125,11791.041015625,2.9529404640197754,8.921682357788086,6.266794204711914
1,929,1540.6666259765625,14433.1640625,3.2450075149536133,12.222030639648438,4.98455810546875
1,930,887.806884765625,7932.51220703125,3.1518545150756836,7.273049354553223,5.64654541015625
1,931,1366.47119140625,12880.5087890625,2.6140096187591553,8.932254791259766,7.06816291809082
1,932,1283.88330078125,11969.75390625,2.896925926208496,10.62209701538086,4.950414657592773
1,933,1127.2215576171875,10366.9521484375,3.0175466537475586,9.646533012390137,4.633203506469727
1,934,1139.224853515625,10477.67578125,3.048574447631836,9.648757934570312,5.259823799133301
1,935,1530.675048828125,14300.57421875,3.35391902923584,11.525453567504883,5.580050468444824
1,936,1277.554931640625,11781.7861328125,3.3125429153442383,10.118735313415527,6.821043968200684
1,937,1329.81396484375,12340.7587890625,3.191265821456909,10.318803787231445,4.03053092956543
1,938,974.2389526367188,8931.1923828125,2.7039904594421387,8.735574722290039,5.8126068115234375
1,939,809.7598876953125,7281.197265625,2.7213377952575684,7.298929691314697,3.899179458618164
1,940,1228.2708740234375,11333.49609375,3.164041757583618,10.434725761413574,3.4871129989624023
1,941,1108.69384765625,10157.076171875,3.099538803100586,10.1043701171875,3.3907318115234375
1,942,790.9151000976562,7018.20458984375,2.969820976257324,7.605082035064697,3.7033958435058594
1,943,1732.6724853515625,16380.564453125,3.1538660526275635,11.89401912689209,6.199369430541992
1,944,1190.1451416015625,10923.205078125,3.260819673538208,10.71292495727539,4.620075225830078
1,945,1031.8387451171875,9384.1484375,3.114129066467285,8.648910522460938,5.050395965576172
1,946,1022.4231567382812,9351.1015625,2.910432815551758,8.461233139038086,4.916078567504883
1,947,1351.2305908203125,12611.3134765625,3.0033063888549805,11.131060600280762,4.569858551025391
1,948,1150.5714111328125,10546.0595703125,3.198850154876709,8.57445240020752,3.1985883712768555
1,949,1351.2950439453125,12550.4951171875,3.2081828117370605,11.444517135620117,4.600245475769043
1,950,906.498291015625,8245.3173828125,2.7322182655334473,6.828594207763672,5.876043319702148
1,951,1514.5316162109375,14247.0400390625,2.994253396987915,9.86514663696289,7.0967512130737305
1,952,1171.5872802734375,10729.6455078125,3.287424087524414,9.809072494506836,5.186957359313965
1,953,1269.76123046875,11802.650390625,2.983208417892456,10.743770599365234,4.002753257751465
1,954,996.3600463867188,9152.91796875,2.702275037765503,8.84731674194336,4.022273063659668
1,955,991.1695556640625,9066.796875,2.8163278102874756,8.237547874450684,5.2366943359375
1,956,965.3555908203125,8811.08203125,2.8082456588745117,8.601903915405273,3.1901769638061523
1,957,1289.0233154296875,12069.14453125,2.736961603164673,10.617416381835938,5.653660774230957
1,958,1215.3558349609375,11296.4296875,2.8570961952209473,10.35317611694336,3.821164131164551
1,959,1075.5675048828125,9774.751953125,3.269742250442505,9.739335060119629,4.079319000244141
1,960,953.1495971679688,8725.046875,2.6881628036499023,7.980754852294922,3.318532943725586
1,961,1485.239013671875,13997.4072265625,2.8499414920806885,11.52244758605957,5.305332183837891
1,962,1194.50341796875,11018.947265625,3.0869534015655518,11.475284576416016,4.124838829040527
1,963,1371.466796875,12862.8876953125,2.8392646312713623,10.136741638183594,4.864859580993652
1,964,1290.6522216796875,11993.287109375,3.044114589691162,10.962767601013184,4.386629104614258
1,965,1310.4820556640625,12140.642578125,3.2139222621917725,10.614931106567383,5.741872787475586
1,966,1064.0069580078125,9627.9443359375,3.3737523555755615,9.58299732208252,2.3408384323120117
1,967,1367.4683837890625,12854.20703125,2.734919548034668,12.326717376708984,4.7674407958984375
1,968,1102.5697021484375,10100.6123046875,3.083615779876709,9.668267250061035,5.174349784851074
1,969,1233.846923828125,11420.3779296875,3.0603036880493164,10.344491004943848,3.850560188293457
1,970,1337.6466064453125,12424.189453125,3.1742560863494873,10.797992706298828,5.079432487487793
1,971,761.1048583984375,6666.6748046875,3.14791202545166,8.680882453918457,3.690720558166504
1,972,1290.4759521484375,11969.3173828125,3.11814022064209,10.44677448272705,4.970300674438477
1,973,1057.1209716796875,9749.083984375,2.740417957305908,10.809759140014648,3.3232240676879883
1,974,735.3394165039062,6376.80517578125,3.255295515060425,7.928176403045654,3.2537879943847656
1,975,1457.0679931640625,13574.478515625,3.320671558380127,11.986639022827148,3.2920150756835938
1,976,949.51416015625,8620.27734375,2.9162135124206543,8.805484771728516,5.714043617248535
1,977,776.7443237304688,6960.11669921875,2.6910881996154785,7.575617790222168,3.5291404724121094
1,978,1145.9515380859375,10636.755859375,2.7425308227539062,8.191091537475586,6.287532806396484
1,979,843.871337890625,7648.0703125,2.635474681854248,7.607337951660156,4.078704833984375
1,980,1052.508544921875,9747.9404296875,2.590484142303467,9.500101089477539,4.988063812255859
1,981,936.7437133789062,8423.513671875,3.146411657333374,9.065165519714355,4.042580604553223
1,982,1094.0277099609375,10032.4970703125,3.0259320735931396,9.583307266235352,4.462646484375
1,983,1183.034912109375,10896.6455078125,3.1123452186584473,9.967706680297852,5.117701530456543
1,984,1598.054443359375,15088.3251953125,2.974062204360962,11.489256858825684,6.227727890014648
1,985,777.2548828125,7022.81494140625,2.4991140365600586,7.773791790008545,4.579543113708496
1,986,705.8424682617188,6204.43017578125,2.846646308898926,6.796825408935547,4.444822311401367
1,987,1018.8736572265625,9211.71484375,3.256737232208252,9.04065227508545,4.336679458618164
1,988,1263.9515380859375,11677.728515625,3.2059576511383057,11.71192455291748,3.453022003173828
1,989,1391.650390625,12954.005859375,3.2083263397216797,11.749509811401367,4.696329116821289
1,990,1941.60693359375,18399.640625,3.3880958557128906,14.079582214355469,5.930217742919922
1,991,1210.5528564453125,11267.115234375,2.794711112976074,10.777860641479492,5.650428771972656
1,992,1217.82421875,11218.744140625,3.198329210281372,10.740472793579102,3.2168445587158203
1,993,1385.65087890625,12884.037109375,3.241572141647339,9.758501052856445,5.211539268493652
1,994,1542.360595703125,14522.98046875,3.002082347869873,9.710273742675781,6.386265754699707
1,995,841.2305297851562,7581.45458984375,2.769503593444824,6.785473823547363,4.611469268798828
1,996,1311.405029296875,12206.5810546875,3.0248966217041016,11.124467849731445,3.74770450592041
1,997,1286.7156982421875,11943.779296875,3.0779266357421875,10.185285568237305,5.329272270202637
1,998,1166.363037109375,10648.677734375,3.3831727504730225,10.911773681640625,4.695382118225098
1,999,1261.14892578125,11628.9560546875,3.275108814239502,11.1782808303833,3.0740537643432617
1,1000,1050.42138671875,9650.765625,2.844827175140381,9.752457618713379,3.1192140579223633
1,1001,1450.5892333984375,13441.5458984375,3.5478196144104004,12.00490665435791,3.9996957778930664
1,1002,799.9567260742188,7219.16162109375,2.6013503074645996,6.981947898864746,5.195664405822754
1,1003,983.0654907226562,8951.603515625,2.9301722049713135,7.966742515563965,3.591409683227539
1,1004,1327.399169921875,12380.25390625,2.979127883911133,12.271615028381348,3.431166648864746
1,1005,944.8984985351562,8630.513671875,2.728236675262451,9.093314170837402,4.27139949798584
1,1006,1021.96240234375,9390.30078125,2.7644104957580566,9.131404876708984,5.516855239868164
1,1007,1171.950927734375,10734.54296875,3.2832186222076416,9.864319801330566,5.2692155838012695
1,1008,1106.078369140625,10199.7236328125,2.870199203491211,9.701822280883789,3.614013671875
1,1009,980.2703247070312,8971.3818359375,2.771070957183838,9.344369888305664,4.4255266189575195
1,1010,1117.19775390625,10213.96484375,3.193376302719116,9.84942626953125,4.113823890686035
1,1011,1697.4613037109375,15993.0859375,3.2717580795288086,11.775537490844727,5.6933441162109375
1,1012,1108.537841796875,10262.6103515625,2.742558479309082,10.686239242553711,4.663269996643066
1,1013,987.625,9039.2548828125,2.789985179901123,9.051055908203125,4.916419982910156
1,1014,1352.2652587890625,12607.046875,3.0520169734954834,10.889042854309082,5.319243431091309
1,1015,851.3868408203125,7506.61328125,3.357517719268799,8.45637321472168,4.482454299926758
1,1016,1320.965087890625,12163.9091796875,3.4858052730560303,9.033492088317871,6.615998268127441
1,1017,1352.767333984375,12557.693359375,3.2332634925842285,11.728803634643555,2.929997444152832
1,1018,1122.9776611328125,10356.900390625,2.909585952758789,9.782537460327148,4.319524765014648
1,1019,1143.8505859375,10500.8056640625,3.1256675720214844,9.788309097290039,5.30925178527832
1,1020,1226.126708984375,11382.130859375,2.9304542541503906,9.404560089111328,5.941781044006348
1,1021,776.2474975585938,7040.486328125,2.406627893447876,6.546054840087891,4.722593307495117
1,1022,1367.5936279296875,12726.603515625,3.164440393447876,9.993382453918457,6.193044662475586
1,1023,1669.10498046875,15739.5947265625,3.171517848968506,13.701601028442383,4.9157257080078125
1,1024,918.0918579101562,8226.501953125,3.1813881397247314,8.605921745300293,4.934947967529297
1,1025,1619.13232421875,15226.2880859375,3.2167837619781494,11.647937774658203,3.6507091522216797
1,1026,1305.7928466796875,12183.7294921875,2.9139962196350098,11.251989364624023,4.033770561218262
1,1027,1087.9761962890625,9959.5556640625,3.0673534870147705,9.412662506103516,3.84982967376709
1,1028,1275.9234619140625,11720.28515625,3.4631643295288086,11.173176765441895,4.555402755737305
1,1029,990.3411254882812,8963.3017578125,3.133697271347046,9.055790901184082,4.313852310180664
1,1030,1171.9930419921875,10875.87890625,2.8135032653808594,8.103605270385742,4.788826942443848
1,1031,1138.5455322265625,10502.6044921875,2.9428341388702393,10.052974700927734,3.811324119567871
1,1032,1165.878662109375,10736.5830078125,3.074009418487549,10.17869758605957,5.0668439865112305
1,1033,1020.5183715820312,9336.2255859375,2.89652681350708,8.850943565368652,3.5957984924316406
1,1034,1832.47802734375,17428.447265625,2.9877748489379883,11.951316833496094,6.068608283996582
1,1035,1209.9210205078125,11132.73046875,3.22160005569458,9.800424575805664,5.583408355712891
1,1036,1113.51708984375,10205.10546875,3.1002159118652344,8.03011703491211,4.448494911193848
1,1037,870.8050537109375,7768.78515625,3.1308846473693848,7.6403489112854,4.279239654541016
1,1038,962.6996459960938,8827.84375,2.663841962814331,8.424477577209473,3.691781997680664
1,1039,1691.0909423828125,15908.3095703125,3.3420019149780273,13.755698204040527,5.917697906494141
1,1040,1689.0050048828125,15864.54296875,3.4183568954467773,12.881648063659668,6.5453290939331055
1,1041,802.571044921875,7106.8056640625,3.0630149841308594,8.90214729309082,4.091657638549805
1,1042,1423.3145751953125,13354.880859375,2.9275474548339844,10.102680206298828,5.964895248413086
1,1043,1338.1361083984375,12399.640625,3.27239990234375,12.086502075195312,4.211916923522949
1,1044,990.6593017578125,8998.0673828125,3.0284175872802734,8.731460571289062,3.6818017959594727
1,1045,862.454345703125,7823.2724609375,2.6709024906158447,7.787416458129883,5.340634346008301
1,1046,1450.410888671875,13583.328125,3.069268226623535,11.702428817749023,4.905407905578613
1,1047,1326.968994140625,12331.7060546875,3.1266117095947266,10.097115516662598,4.22999382019043
1,1048,1008.05712890625,9122.8916015625,3.1922640800476074,9.524324417114258,3.606374740600586
1,1049,1414.1077880859375,13279.0771484375,2.8733367919921875,10.814109802246094,5.475393295288086
1,1050,1426.3291015625,13449.857421875,2.71144700050354,10.850959777832031,4.50410270690918
1,1051,1622.357666015625,15233.8837890625,3.298975944519043,13.262223243713379,5.252147674560547
1,1052,1411.802490234375,13263.484375,2.8484673500061035,9.736693382263184,5.773781776428223
1,1053,1685.75341796875,15821.3330078125,3.4540047645568848,11.894471168518066,6.176451683044434
1,1054,1229.146240234375,11394.291015625,2.990572214126587,10.705402374267578,3.232388496398926
1,1055,1100.7086181640625,10018.462890625,3.2954111099243164,9.370838165283203,3.605391502380371
1,1056,1495.791259765625,13950.2734375,3.3587958812713623,13.376110076904297,4.400557518005371
1,1057,1197.86279296875,10750.615234375,4.093376159667969,9.237812042236328,6.615970611572266
1,1058,1261.1802978515625,11318.42578125,4.31125545501709,11.102256774902344,5.475105285644531
1,1059,1055.5496826171875,9560.9716796875,3.3150839805603027,9.671989440917969,4.705561637878418
1,1060,882.0689697265625,7956.4638671875,2.880751609802246,9.107242584228516,3.3030223846435547
1,1061,1739.167724609375,16500.74609375,2.9697723388671875,14.436197280883789,4.364701271057129
1,1062,921.0441284179688,8280.3779296875,3.100212335586548,8.307662963867188,3.7677059173583984
1,1063,1112.373779296875,10262.41015625,2.871090888977051,10.976968765258789,3.5719070434570312
1,1064,1388.3626708984375,12931.943359375,3.172278642654419,11.875299453735352,5.502260208129883
1,1065,1348.0185546875,12574.0703125,3.0203804969787598,12.917481422424316,4.211432456970215
1,1066,1351.2646484375,12551.6923828125,3.203178882598877,10.446043014526367,4.137580871582031
1,1067,946.0283203125,8566.54296875,2.9791345596313477,8.333660125732422,3.6947250366210938
1,1068,1045.7867431640625,9557.8193359375,3.00015926361084,9.816254615783691,3.53208065032959
1,1069,929.2161254882812,8394.755859375,2.9913506507873535,7.485591411590576,5.260773658752441
1,1070,1118.32470703125,10282.8251953125,3.0014052391052246,9.766427993774414,4.014402389526367
1,1071,880.2881469726562,7962.54638671875,2.801117420196533,8.862735748291016,3.824188232421875
1,1072,756.9379272460938,6751.66796875,2.7257041931152344,7.237531661987305,2.995635986328125
1,1073,1711.1324462890625,16015.2841796875,3.6534650325775146,12.981555938720703,4.1822404861450195
1,1074,821.580322265625,7479.26611328125,2.4551234245300293,7.737392425537109,4.922757148742676
1,1075,905.4630126953125,8231.7216796875,2.7430272102355957,6.242990493774414,4.818942070007324
1,1076,1151.022216796875,10639.49609375,2.9024200439453125,9.60262680053711,3.633970260620117
1,1077,941.0313720703125,8539.51953125,2.9026477336883545,9.018784523010254,4.251455307006836
1,1078,1059.8699951171875,9865.763671875,2.4431209564208984,7.192564010620117,6.389253616333008
1,1079,1352.2115478515625,12575.076171875,3.156794786453247,11.512690544128418,4.708464622497559
1,1080,1027.888671875,9443.3359375,2.785170078277588,9.900836944580078,4.485230445861816
1,1081,1168.4310302734375,10729.240234375,3.183563470840454,10.55217170715332,4.398000717163086
1,1082,1060.8138427734375,9636.23828125,3.2396669387817383,10.08838176727295,4.548065185546875
1,1083,1143.7022705078125,10565.201171875,2.906071662902832,10.720463752746582,3.3589725494384766
1,1084,1219.047119140625,11317.0205078125,2.911503791809082,9.983020782470703,7.019026756286621
1,1085,943.3193359375,8554.705078125,2.9282941818237305,9.036147117614746,4.109895706176758
1,1086,1248.1578369140625,11531.9130859375,3.16555118560791,11.867195129394531,3.4121923446655273
1,1087,1189.2720947265625,10886.3740234375,3.3544881343841553,11.34183120727539,5.2039899826049805
1,1088,1027.435546875,9418.7646484375,2.851968765258789,8.917497634887695,5.5514726638793945
1,1089,1125.947265625,10223.16796875,3.454346179962158,9.97686767578125,4.536937713623047
1,1090,1115.3394775390625,10284.109375,2.897616147994995,8.443065643310547,5.387897491455078
1,1091,1059.01025390625,9336.310546875,4.179307460784912,9.774542808532715,3.846830368041992
1,1092,1538.968017578125,14300.837890625,3.629472255706787,12.921574592590332,3.002913475036621
1,1093,1055.182373046875,9725.287109375,2.755120277404785,8.622604370117188,6.004118919372559
1,1094,1034.3511962890625,9391.62890625,3.172943115234375,9.24673080444336,5.612936019897461
1,1095,1166.75048828125,10550.712890625,3.7226412296295166,8.198494911193848,4.835121154785156
1,1096,936.9532470703125,8308.908203125,3.5354135036468506,8.453056335449219,3.510122299194336
1,1097,1415.2550048828125,13245.62109375,3.023097515106201,10.0106201171875,5.213932037353516
1,1098,1075.541015625,9642.7587890625,3.708836555480957,9.95313835144043,3.1307449340820312
1,1099,1376.616943359375,12878.9384765625,2.957432508468628,11.45473575592041,4.638360023498535
1,1100,1245.8897705078125,11228.171875,4.102416038513184,10.766633033752441,4.449403762817383
1,1101,926.9249877929688,8427.3330078125,2.8063881397247314,9.186586380004883,3.2983484268188477
1,1102,872.4805297851562,7811.078125,3.0457568168640137,6.9837565422058105,3.88922119140625
1,1103,955.4478759765625,8774.1123046875,2.6012208461761475,9.09857177734375,3.111018180847168
1,1104,1261.195068359375,11748.66796875,2.8776073455810547,11.836687088012695,4.35185432434082
1,1105,1012.0496826171875,9294.63671875,2.7528672218322754,8.73753547668457,3.7877769470214844
1,1106,1403.7645263671875,13124.3193359375,3.0444164276123047,12.408228874206543,4.6205291748046875
1,1107,1592.30419921875,14834.279296875,3.6292073726654053,13.264657974243164,5.70588493347168
1,1108,890.0049438476562,7942.1005859375,3.193162202835083,8.513303756713867,4.521994590759277
1,1109,937.7942504882812,8225.884765625,3.840190887451172,9.76573371887207,3.9940271377563477
1,1110,1199.929443359375,10989.6669921875,3.3654274940490723,9.403202056884766,3.5711612701416016
1,1111,1352.2034912109375,12499.9052734375,3.4070968627929688,12.96982192993164,3.250394821166992
1,1112,1346.6654052734375,12382.4140625,3.6141302585601807,11.007129669189453,4.115495681762695
1,1113,1078.83349609375,9954.15625,2.780593156814575,10.026525497436523,3.511446952819824
1,1114,831.48828125,7418.1455078125,2.989124298095703,9.308744430541992,4.415008544921875
1,1115,1279.197021484375,11954.732421875,2.790790557861328,11.383293151855469,5.642157554626465
1,1116,622.859619140625,5376.88330078125,2.8390426635742188,6.705023288726807,3.8721933364868164
1,1117,1152.2886962890625,10633.90625,2.9632697105407715,10.786516189575195,4.130316734313965
1,1118,1438.799560546875,13303.931640625,3.613546371459961,13.879264831542969,2.3692827224731445
1,1119,969.56494140625,8869.6572265625,2.753305435180664,8.789092063903809,3.7828025817871094
1,1120,927.9307250976562,8322.2255859375,3.1902713775634766,8.406925201416016,5.208415985107422
1,1121,1342.6072998046875,12533.1767578125,2.976317882537842,11.206892013549805,4.587697982788086
1,1122,1048.4544677734375,9542.1826171875,3.1412081718444824,9.329273223876953,6.041860580444336
1,1123,1653.4246826171875,15333.7490234375,4.00166130065918,14.689709663391113,3.22451114654541
1,1124,945.3887939453125,8500.0869140625,3.1793363094329834,8.980369567871094,4.359719276428223
1,1125,1155.044189453125,10523.1337890625,3.4243617057800293,10.464698791503906,3.756993293762207
1,1126,1226.675537109375,11332.0546875,3.1156697273254395,11.776422500610352,5.026982307434082
1,1127,868.3428344726562,7908.4609375,2.583223819732666,8.976885795593262,4.438215255737305
1,1128,1368.167236328125,12706.57421875,3.2503256797790527,11.919038772583008,4.87116813659668
1,1129,1135.374755859375,10510.6962890625,2.8101675510406494,10.74697208404541,3.0511655807495117
1,1130,1312.5731201171875,12218.4130859375,3.0243921279907227,12.22355842590332,4.869602203369141
1,1131,1080.59912109375,9838.265625,3.225749969482422,10.275699615478516,3.5398406982421875
1,1132,1156.165283203125,10603.5283203125,3.1937451362609863,9.909517288208008,4.0832624435424805
1,1133,1166.860107421875,10748.025390625,3.0685815811157227,9.575153350830078,3.8851451873779297
1,1134,1213.847900390625,11319.642578125,2.7294540405273438,11.046689987182617,3.1082496643066406
1,1135,1074.708251953125,9922.0693359375,2.750041961669922,9.162235260009766,4.069731712341309
1,1136,885.9905395507812,8001.7626953125,2.860475540161133,8.129463195800781,3.8784427642822266
1,1137,1488.185791015625,13832.1904296875,3.498887777328491,9.5469331741333,6.418535232543945
1,1138,1687.6102294921875,15760.498046875,3.7186810970306396,12.125236511230469,6.398104667663574
1,1139,999.9189453125,9032.6337890625,3.2218518257141113,10.00501537322998,3.9164037704467773
1,1140,1450.590576171875,13541.0927734375,3.21604585647583,11.710187911987305,5.738112449645996
1,1141,1139.8359375,10429.7841796875,3.2285847663879395,9.295820236206055,5.486323356628418
1,1142,671.2755737304688,5922.68896484375,2.6335549354553223,8.198448181152344,3.344226837158203
1,1143,991.0264892578125,9052.0751953125,2.8606326580047607,8.428460121154785,3.896725654602051
1,1144,1585.3238525390625,14810.3876953125,3.476168632507324,12.897697448730469,5.045440673828125
1,1145,1503.7032470703125,14091.0400390625,3.1533079147338867,12.180290222167969,4.881471633911133
1,1146,1157.37451171875,10624.076171875,3.1655631065368652,10.49767780303955,2.2545595169067383
1,1147,1381.8521728515625,12954.9208984375,2.8786706924438477,11.580487251281738,3.133787155151367
1,1148,1031.3809814453125,9411.1044921875,3.0090174674987793,9.009547233581543,3.780363082885742
1,1149,1079.2474365234375,9917.810546875,2.9155454635620117,8.449071884155273,4.263874053955078
1,1150,1362.47412109375,12606.296875,3.394813060760498,10.637855529785156,3.4647397994995117
1,1151,1475.9029541015625,13903.396484375,2.8521080017089844,11.439485549926758,4.827757835388184
1,1152,997.107421875,9150.095703125,2.736595630645752,6.915759086608887,6.590628623962402
1,1153,1086.9212646484375,9676.1015625,3.9770348072052,10.301115036010742,4.730680465698242
1,1154,866.6921997070312,7691.271484375,3.2521681785583496,8.220536231994629,3.7340030670166016
1,1155,1326.9344482421875,12466.734375,2.6753666400909424,10.954641342163086,4.293726921081543
1,1156,1088.788818359375,10035.5908203125,2.8409922122955322,9.090677261352539,3.3098459243774414
1,1157,999.2501831054688,9127.1630859375,2.88446307182312,9.491189956665039,3.3141403198242188
1,1158,1308.7764892578125,12185.0380859375,3.009089946746826,11.560653686523438,3.567615509033203
1,1159,1285.564208984375,12024.67578125,2.769883632659912,11.079828262329102,4.840664863586426
1,1160,1032.6788330078125,9488.3291015625,2.794863224029541,7.715790748596191,4.559439659118652
1,1161,1185.81884765625,11039.3076171875,2.729599952697754,9.77792739868164,4.0974321365356445
1,1162,1160.4027099609375,10670.25390625,3.112579107284546,10.998459815979004,3.6982784271240234
1,1163,856.5099487304688,7685.92138671875,2.930593252182007,7.192917346954346,4.127458572387695
1,1164,752.794189453125,6751.638671875,2.587677478790283,6.950130939483643,5.330977439880371
1,1165,1072.741455078125,9754.466796875,3.243159294128418,10.412893295288086,4.399105072021484
1,1166,1014.424072265625,9317.8310546875,2.754697799682617,9.002952575683594,4.758854866027832
1,1167,1271.852783203125,11836.2314453125,2.940985918045044,9.327260971069336,6.489377021789551
1,1168,1100.9569091796875,10117.947265625,2.9720706939697266,9.333282470703125,3.6785688400268555
1,1169,951.3291015625,8560.6279296875,3.1755423545837402,9.882060050964355,2.332230567932129
1,1170,1138.2110595703125,10543.015625,2.7969813346862793,9.86044692993164,4.924347877502441
1,1171,1081.4619140625,9820.9453125,3.3122477531433105,9.016816139221191,4.643935203552246
1,1172,1489.2255859375,14000.876953125,2.971259593963623,13.527863502502441,4.753181457519531
1,1173,1134.7679443359375,10480.060546875,2.892059564590454,9.37057876586914,5.307910919189453
1,1174,1286.85791015625,11885.6455078125,3.276442766189575,10.45878791809082,4.22871208190918
1,1175,1207.375,11235.7646484375,2.7932817935943604,9.497838020324707,4.169894218444824
1,1176,991.4984130859375,8971.6650390625,3.144397497177124,7.61398983001709,5.368792533874512
1,1177,923.28857421875,8310.0390625,3.0761561393737793,8.773165702819824,4.001247406005859
1,1178,1098.967041015625,10115.490234375,2.9139347076416016,10.405037879943848,3.2224979400634766
1,1179,1025.3431396484375,9321.578125,3.1061770915985107,9.09060287475586,4.453152656555176
1,1180,1278.6832275390625,11874.13671875,3.0423173904418945,10.805826187133789,4.68791389465332
1,1181,968.4756469726562,8828.994140625,2.852541208267212,8.359710693359375,4.160605430603027
1,1182,1471.1181640625,13707.431640625,3.345834732055664,9.643991470336914,6.894139289855957
1,1183,864.9185791015625,7750.58984375,2.995319366455078,6.597886085510254,5.894872665405273
1,1184,878.5614624023438,7869.5966796875,3.053393602371216,9.46535873413086,3.205153465270996
1,1185,1168.202392578125,10680.38671875,3.3387882709503174,10.674705505371094,4.120149612426758
1,1186,1171.2900390625,10763.77734375,3.1637420654296875,9.498367309570312,5.203485488891602
1,1187,971.5817260742188,8700.1396484375,3.3855907917022705,7.931456565856934,5.431644439697266
1,1188,1118.155517578125,10297.6484375,2.9463539123535156,9.021411895751953,5.673330307006836
1,1189,941.3182983398438,8440.7177734375,3.2415499687194824,8.633663177490234,4.492558479309082
1,1190,925.744384765625,8394.677734375,2.8758862018585205,8.041255950927734,4.669333457946777
1,1191,1086.0482177734375,9933.7548828125,3.08909273147583,10.588958740234375,3.7096900939941406
1,1192,1043.287353515625,9446.599609375,3.287578582763672,9.567989349365234,3.8150320053100586
1,1193,1372.547119140625,12741.265625,3.2806856632232666,12.027236938476562,3.473172187805176
1,1194,1019.5438232421875,9474.89453125,2.4018123149871826,8.964428901672363,4.386038780212402
1,1195,1074.247314453125,9758.25,3.280743360519409,8.731054306030273,5.503412246704102
1,1196,1111.16064453125,10280.7890625,2.769390344619751,9.796878814697266,4.748876571655273
1,1197,1256.3681640625,11624.021484375,3.132199764251709,12.067350387573242,2.1198644638061523
1,1198,1031.18798828125,9261.3115234375,3.5018959045410156,10.102007865905762,3.3506860733032227
1,1199,771.3814697265625,6887.49169921875,2.754409074783325,7.959399223327637,2.2821006774902344
1,1200,1083.25439453125,10000.314453125,2.7740986347198486,8.469968795776367,4.7141218185424805
1,1201,1232.523193359375,11418.0859375,3.023820400238037,9.393068313598633,4.525148391723633
1,1202,1366.37060546875,12954.00390625,2.365675926208496,11.157187461853027,4.015801429748535
1,1203,1095.875,10057.537109375,3.004044532775879,10.271316528320312,4.113189697265625
1,1204,1193.7568359375,10961.314453125,3.2541794776916504,11.246881484985352,3.9891958236694336
1,1205,1086.945068359375,9966.6640625,3.009288787841797,9.913570404052734,3.5303478240966797
1,1206,1427.46728515625,13479.5712890625,2.6503376960754395,12.097522735595703,3.6671676635742188
1,1207,875.4715576171875,7855.14453125,2.9985690116882324,7.5962677001953125,3.671261787414551
1,1208,1225.6173095703125,11331.009765625,3.083878993988037,11.050992012023926,3.785768508911133
1,1209,1303.1524658203125,12074.044921875,3.191596031188965,8.190235137939453,7.364336967468262
1,1210,1014.191650390625,9223.6806640625,3.0607857704162598,9.302712440490723,4.7801361083984375
1,1211,838.9706420898438,7491.1416015625,2.9952149391174316,7.9729437828063965,2.8428163528442383
1,1212,1490.7386474609375,13980.767578125,3.088728427886963,14.041180610656738,4.30433464050293
1,1213,888.4579467773438,7992.2431640625,2.9744555950164795,7.730268955230713,4.2495269775390625
1,1214,1223.417236328125,11397.2451171875,2.789759635925293,10.70273208618164,5.022643089294434
1,1215,1159.0853271484375,10534.7353515625,3.520395040512085,9.502976417541504,5.977590560913086
1,1216,1392.1864013671875,13079.73828125,2.8070850372314453,9.31531047821045,6.836803436279297
1,1217,984.8543090820312,9009.8818359375,2.7955360412597656,8.962255477905273,2.984969139099121
1,1218,1043.982177734375,9537.7373046875,3.006946563720703,7.505316734313965,5.890168190002441
1,1219,1061.798828125,9737.8408203125,2.9338252544403076,9.669951438903809,2.937673568725586
1,1220,1528.2386474609375,14287.279296875,3.3170242309570312,11.055604934692383,5.529754638671875
1,1221,878.6007690429688,7913.447265625,2.9085347652435303,8.244657516479492,3.163327217102051
1,1222,1359.6610107421875,12479.8564453125,3.722510814666748,12.434370040893555,3.7281503677368164
1,1223,1342.1947021484375,12449.880859375,3.2402186393737793,10.586824417114258,3.6524009704589844
1,1224,1088.175537109375,9962.7763671875,3.0632638931274414,9.55806827545166,4.42140007019043
1,1225,1514.3492431640625,14190.9296875,3.1752073764801025,10.464038848876953,5.613064765930176
1,1226,1011.8181762695312,9214.6982421875,3.011610746383667,9.805373191833496,3.640944480895996
1,1227,921.1564331054688,8337.8359375,2.9124269485473633,9.325817108154297,4.523126602172852
1,1228,1078.9525146484375,9866.966796875,3.075195074081421,10.111448287963867,3.7351675033569336
1,1229,1270.2559814453125,11807.9765625,2.981943130493164,9.708402633666992,7.5384979248046875
1,1230,1058.8079833984375,9681.9267578125,3.0205087661743164,10.121183395385742,3.6456260681152344
1,1231,885.8148803710938,7979.9462890625,2.927342176437378,8.661596298217773,4.430980682373047
1,1232,1401.943359375,13118.9375,3.001652479171753,11.674520492553711,5.904461860656738
1,1233,1035.7061767578125,9492.4189453125,2.8821446895599365,9.198745727539062,3.6185836791992188
1,1234,923.1406860351562,8360.306640625,2.9036669731140137,9.193458557128906,3.618133544921875
1,1235,1139.8397216796875,10577.6259765625,2.735903739929199,10.000879287719727,3.7174110412597656
1,1236,884.3280639648438,8021.18701171875,2.7403111457824707,8.050687789916992,2.474278450012207
1,1237,1402.09814453125,13198.3447265625,2.7421226501464844,10.004268646240234,5.937926292419434
1,1238,1248.0218505859375,11646.486328125,2.779104709625244,10.436307907104492,4.272465705871582
1,1239,1296.940673828125,12029.015625,3.134633779525757,10.396068572998047,4.851722717285156
1,1240,1168.948974609375,10895.20703125,2.6476058959960938,9.641636848449707,3.670146942138672
1,1241,1158.140380859375,10723.5126953125,2.8596363067626953,9.83022689819336,5.470053672790527
1,1242,1349.4346923828125,12486.79296875,3.3585119247436523,10.520401000976562,3.927241325378418
1,1243,728.0584716796875,6450.6064453125,2.7665934562683105,7.905818462371826,3.9366607666015625
1,1244,899.433349609375,8064.34521484375,3.099961519241333,8.64041805267334,4.211089134216309
1,1245,796.3085327148438,7170.94921875,2.640453815460205,7.449422836303711,4.346892356872559
1,1246,1051.1004638671875,9588.9462890625,3.073526620864868,9.23460578918457,5.2569732666015625
1,1247,1089.4730224609375,10042.49609375,2.8407795429229736,8.619354248046875,4.320301055908203
1,1248,904.0516967773438,8242.4541015625,2.6602091789245605,8.362150192260742,4.5296478271484375
1,1249,852.2939453125,7737.56494140625,2.617913246154785,7.496135711669922,5.873023986816406
1,1250,1538.010498046875,14370.9130859375,3.3639745712280273,11.63134765625,5.040458679199219
1,1251,1371.658935546875,12716.125,3.33488130569458,11.330028533935547,5.754182815551758
1,1252,1107.49658203125,10082.267578125,3.308993339538574,9.191070556640625,4.417978286743164
1,1253,1678.0281982421875,15998.6455078125,2.6054534912109375,11.972892761230469,5.911683082580566
1,1254,1200.8994140625,11118.6376953125,2.967853307723999,10.108229637145996,4.309073448181152
1,1255,967.4074096679688,8811.99609375,2.8735928535461426,9.534198760986328,4.0820417404174805
1,1256,1099.597900390625,10079.96875,3.0533676147460938,9.046195030212402,4.783044815063477
1,1257,1192.3348388671875,11024.984375,2.994548797607422,11.585015296936035,2.7695465087890625
1,1258,1142.12255859375,10375.1982421875,3.4867544174194336,10.412796020507812,4.176857948303223
1,1259,1193.18505859375,11093.435546875,2.79471492767334,10.353034973144531,4.069249153137207
1,1260,948.9703369140625,8598.6572265625,2.9701547622680664,8.484212875366211,4.848189353942871
1,1261,1105.9583740234375,6525.10693359375,15.114924430847168,7.179826736450195,2.662355422973633
1,1262,974.2381591796875,8756.759765625,3.2854063510894775,8.1212158203125,3.1117172241210938
1,1263,1296.005859375,12130.9736328125,2.763613224029541,10.40394401550293,4.917850494384766
1,1264,959.5111694335938,8736.486328125,2.862084150314331,9.083174705505371,3.734100341796875
1,1265,1276.0765380859375,11753.169921875,3.358651638031006,11.088212966918945,3.3337488174438477
1,1266,834.7389526367188,7497.76025390625,2.8320963382720947,7.512889385223389,3.311062812805176
1,1267,1147.363037109375,10635.025390625,2.795347213745117,9.781312942504883,4.459113121032715
1,1268,1512.1141357421875,14252.7802734375,2.8945345878601074,11.105854034423828,5.07713508605957
1,1269,1150.9171142578125,10629.048828125,2.93373966217041,10.946560859680176,3.9493885040283203
1,1270,982.0771484375,8915.521484375,3.0174989700317383,9.960198402404785,4.0890302658081055
1,1271,849.5116577148438,7689.82421875,2.68430757522583,8.551326751708984,2.3942174911499023
1,1272,1082.357666015625,9983.029296875,2.8018240928649902,9.436624526977539,4.4451704025268555
1,1273,1210.2760009765625,11178.07421875,3.0822830200195312,10.516922950744629,4.682669639587402
1,1274,869.2455444335938,7864.76171875,2.7589786052703857,9.095520973205566,2.010530471801758
1,1275,948.789306640625,8633.30859375,2.8486154079437256,8.763782501220703,4.101316452026367
1,1276,803.9832763671875,7141.92041015625,2.9930405616760254,9.21595287322998,3.2707109451293945
1,1277,1037.7108154296875,9479.814453125,2.9909780025482178,10.247539520263672,3.8111820220947266
1,1278,1076.725341796875,9946.970703125,2.7342772483825684,8.799199104309082,4.778816223144531
1,1279,780.07861328125,6989.86083984375,2.7030835151672363,7.9972310066223145,4.218080520629883
1,1280,1430.5546875,13442.53515625,2.876706123352051,10.831413269042969,6.418938636779785
1,1281,944.6160278320312,8538.0595703125,3.0270023345947266,8.960309982299805,3.4916582107543945
1,1282,602.67919921875,5269.138671875,2.5255112648010254,5.732049942016602,3.280721664428711
1,1283,1273.15771484375,11822.423828125,3.0305094718933105,9.862981796264648,6.1641340255737305
1,1284,1102.791259765625,10082.5263671875,3.1512861251831055,10.747628211975098,3.3826208114624023
1,1285,1377.2078857421875,12848.8671875,3.0773727893829346,12.040284156799316,4.990473747253418
1,1286,1098.6207275390625,10163.330078125,2.742922306060791,8.8857421875,4.567132949829102
1,1287,1347.74755859375,12601.16796875,2.921023368835449,10.625353813171387,6.6477251052856445
1,1288,856.5671997070312,7736.37109375,2.7643349170684814,7.283572673797607,4.564822196960449
1,1289,1224.000732421875,11346.5546875,2.9781723022460938,10.418927192687988,4.993736267089844
1,1290,1583.601318359375,14920.2958984375,3.052387237548828,13.264439582824707,3.8590784072875977
1,1291,1129.8428955078125,10372.9853515625,3.0848093032836914,10.761335372924805,3.0445175170898438
1,1292,1104.717041015625,10075.85546875,3.237717390060425,10.473855018615723,4.249616622924805
1,1293,907.583984375,8303.1015625,2.5757923126220703,8.722429275512695,3.921950340270996
1,1294,1159.886474609375,10661.0634765625,3.126006603240967,9.286961555480957,6.00076961517334
1,1295,778.2628173828125,6984.62255859375,2.6600167751312256,6.502551078796387,4.440052032470703
1,1296,1483.8048095703125,13834.025390625,3.346740245819092,12.110001564025879,4.619140625
1,1297,1029.86279296875,9472.3291015625,2.7543272972106934,8.07014274597168,6.194746971130371
1,1298,1657.7867431640625,15633.376953125,3.1482999324798584,12.593364715576172,6.64326286315918
1,1299,1169.8427734375,10776.54296875,3.0729503631591797,10.289339065551758,3.572265625
1,1300,980.2112426757812,8859.9833984375,3.1404290199279785,8.36194896697998,2.45192813873291
1,1301,1052.6094970703125,9662.76171875,2.8777754306793213,8.168001174926758,4.82913875579834
1,1302,1007.9998168945312,9197.978515625,2.94006609916687,10.55794620513916,2.93426513671875
1,1303,1173.6409912109375,10828.833984375,3.0252528190612793,10.089277267456055,3.200132369995117
1,1304,1307.0592041015625,12308.470703125,2.5404062271118164,11.971014022827148,2.256521224975586
1,1305,999.6231689453125,9260.228515625,2.453343629837036,9.278434753417969,3.9454708099365234
1,1306,1228.06396484375,11346.119140625,3.115067720413208,11.210517883300781,3.2832279205322266
1,1307,1103.9117431640625,9939.7109375,3.664686679840088,7.9751410484313965,3.570833206176758
1,1308,1549.793701171875,14627.76953125,2.9005556106567383,11.144645690917969,5.108809471130371
1,1309,953.7479248046875,8693.439453125,2.813467502593994,9.083486557006836,4.1270551681518555
1,1310,1004.2828369140625,9139.546875,3.0109384059906006,9.494443893432617,4.171374320983887
1,1311,1024.4281005859375,9281.6640625,3.208721160888672,10.352434158325195,4.234964370727539
1,1312,1041.210693359375,9326.32421875,3.619274616241455,9.282014846801758,5.539432525634766
1,1313,1175.060546875,10983.001953125,2.558677911758423,10.071150779724121,4.1490631103515625
1,1314,1168.5926513671875,10824.712890625,2.8707098960876465,9.613516807556152,4.5757856369018555
1,1315,819.4297485351562,7358.68359375,2.7853803634643555,6.574795246124268,4.217206001281738
1,1316,955.8018188476562,8699.265625,2.862508535385132,9.89818000793457,5.224678039550781
1,1317,843.0037231445312,7609.4580078125,2.7352633476257324,7.507234573364258,5.350951194763184
1,1318,746.0869750976562,6712.85107421875,2.4933955669403076,7.790587902069092,3.7679367065429688
1,1319,731.9552001953125,6266.30859375,3.510812282562256,7.952561378479004,4.152600288391113
1,1320,1005.6743774414062,9272.703125,2.613469123840332,9.273062705993652,4.443604469299316
1,1321,1232.414306640625,11449.486328125,2.9155240058898926,11.029541969299316,4.6781816482543945
1,1322,1001.4957275390625,9151.068359375,2.879628896713257,9.189870834350586,4.076888084411621
1,1323,1199.57373046875,11142.318359375,2.844729423522949,10.119317054748535,5.017348289489746
1,1324,1026.418701171875,9344.15625,3.0667667388916016,9.765775680541992,4.286067962646484
1,1325,1173.5379638671875,10779.6328125,3.185822010040283,11.268939971923828,2.730679512023926
1,1326,1423.2939453125,13150.8916015625,3.606825351715088,11.185009002685547,5.377289772033691
1,1327,811.9744873046875,7318.08642578125,2.6721949577331543,7.069500923156738,3.5487184524536133
1,1328,1336.1357421875,12586.439453125,2.583062171936035,11.185428619384766,4.269935607910156
1,1329,1031.9158935546875,9361.87890625,3.1909310817718506,10.43764877319336,3.721634864807129
1,1330,912.1856079101562,8228.126953125,2.979097843170166,7.788983345031738,5.714694976806641
1,1331,1174.9716796875,10760.103515625,3.2987122535705566,11.128904342651367,2.7320632934570312
1,1332,1074.3843994140625,9927.943359375,2.719667911529541,9.186002731323242,3.7204971313476562
1,1333,1024.982421875,9404.1171875,2.819024085998535,9.6612548828125,4.355654716491699
1,1334,957.6885986328125,8753.173828125,2.7457070350646973,9.497509002685547,4.700264930725098
1,1335,1506.9732666015625,14092.9306640625,3.25600528717041,12.53984546661377,5.021832466125488
1,1336,1156.8614501953125,10672.6328125,2.9866065979003906,9.210556030273438,5.696106910705566
1,1337,1118.4530029296875,10364.5107421875,2.7333998680114746,10.055339813232422,3.348308563232422
1,1338,817.8399047851562,7342.625,2.78591251373291,7.636763095855713,3.6786327362060547
1,1339,1942.84765625,18431.96484375,3.3217053413391113,13.108119010925293,5.815550804138184
1,1340,1234.5333251953125,11328.4873046875,3.3894872665405273,10.24947738647461,5.507120132446289
1,1341,1033.5084228515625,9481.4521484375,2.845442056655884,7.970531463623047,4.056669235229492
1,1342,1066.345703125,9886.2841796875,2.5905747413635254,8.871686935424805,5.20164680480957
1,1343,578.453369140625,4893.3798828125,2.9705138206481934,6.6274566650390625,2.710127830505371
1,1344,756.87255859375,6840.3251953125,2.427999973297119,7.736676216125488,4.5631561279296875
1,1345,1276.3729248046875,11820.68359375,3.143486261367798,12.446552276611328,3.296335220336914
1,1346,1125.796630859375,10446.216796875,2.7058303356170654,10.246016502380371,3.9905052185058594
1,1347,1367.0523681640625,12848.837890625,2.7389514446258545,10.142123222351074,6.0318498611450195
1,1348,977.2100830078125,8813.158203125,3.1964735984802246,8.775165557861328,5.062566757202148
1,1349,737.7340087890625,6565.484375,2.706183910369873,7.325196266174316,4.625670433044434
1,1350,1385.2044677734375,12969.955078125,2.940300226211548,11.013357162475586,6.298148155212402
1,1351,1154.04443359375,10654.619140625,2.952749252319336,10.281750679016113,3.7359819412231445
1,1352,1555.5611572265625,14708.2626953125,2.8244946002960205,12.738743782043457,5.852670669555664
1,1353,1185.877685546875,11039.77734375,2.7299978733062744,11.196802139282227,3.2859554290771484
1,1354,1100.822998046875,10142.2822265625,2.886493682861328,9.916879653930664,3.309138298034668
1,1355,1208.054443359375,11157.9306640625,3.0753777027130127,10.341184616088867,3.0337343215942383
1,1356,696.9398803710938,6187.6396484375,2.605863094329834,7.589907646179199,3.492671012878418
1,1357,1645.284912109375,15594.1083984375,2.86246657371521,10.169889450073242,6.187888145446777
1,1358,1319.9693603515625,12190.015625,3.3655917644500732,11.733207702636719,3.675717353820801
1,1359,1299.17578125,12027.7919921875,3.213219165802002,11.725735664367676,5.252828598022461
1,1360,902.566650390625,8158.89453125,2.88923978805542,8.936246871948242,3.2570810317993164
1,1361,938.8115234375,8513.2734375,2.916140079498291,8.698026657104492,4.271262168884277
1,1362,879.7777709960938,7960.25732421875,2.791734218597412,8.3898344039917,3.3981733322143555
1,1363,914.9794311523438,8320.02734375,2.7658896446228027,7.995492935180664,4.396148681640625
1,1364,931.8214111328125,8448.572265625,2.8988051414489746,8.582237243652344,4.490544319152832
1,1365,951.3287963867188,8716.751953125,2.6551194190979004,7.975958824157715,4.074784278869629
1,1366,1598.7960205078125,14947.947265625,3.466708183288574,11.397725105285645,5.573911666870117
1,1367,1025.6793212890625,9365.10546875,2.972292184829712,9.647027969360352,3.6993608474731445
1,1368,1280.9547119140625,11876.05078125,3.1116526126861572,9.681370735168457,6.427745819091797
1,1369,1427.278076171875,13305.048828125,3.2257723808288574,12.962976455688477,3.9460830688476562
1,1370,905.4552001953125,8152.083984375,3.008225440979004,8.503190994262695,4.436784744262695
1,1371,1363.093505859375,12724.22265625,3.0223774909973145,12.034019470214844,3.8369522094726562
1,1372,921.4263916015625,8372.5869140625,2.805588722229004,8.284469604492188,4.787906646728516
1,1373,858.9659423828125,7749.701171875,2.7998600006103516,8.501459121704102,2.464606285095215
1,1374,785.2300415039062,7005.96533203125,2.821115493774414,7.867298603057861,3.825674057006836
1,1375,681.7427368164062,6030.06103515625,2.624553680419922,7.130496025085449,3.498058319091797
1,1376,745.7755126953125,6645.26123046875,2.708312511444092,7.287349224090576,2.44869327545166
1,1377,1498.5086669921875,14056.703125,3.094614028930664,13.48295783996582,4.3624372482299805
1,1378,1408.22216796875,13073.7451171875,3.3615872859954834,11.488447189331055,4.290733337402344
1,1379,836.2843627929688,7540.5771484375,2.740886926651001,8.3817777633667,2.8952512741088867
1,1380,1159.38818359375,10635.7060546875,3.1939172744750977,9.527488708496094,5.686230659484863
1,1381,1082.5244140625,9904.845703125,3.067995071411133,8.616140365600586,3.798154830932617
1,1382,1058.7403564453125,9713.859375,2.9118142127990723,8.774543762207031,4.136414527893066
1,1383,890.5107421875,8054.7451171875,2.834540367126465,9.47770881652832,2.667567253112793
1,1384,1027.8941650390625,9384.70703125,2.9807839393615723,9.904692649841309,4.314343452453613
1,1385,1291.2158203125,12039.84765625,2.9077024459838867,12.581233978271484,4.568721771240234
1,1386,1098.289306640625,10175.51171875,2.6912710666656494,10.865900039672852,3.275249481201172
1,1387,985.6463623046875,9125.2587890625,2.437349319458008,8.059389114379883,4.6049652099609375
1,1388,1022.2205200195312,9324.564453125,2.9921340942382812,9.07840347290039,4.905454635620117
1,1389,1191.5269775390625,10934.646484375,3.268742561340332,9.883970260620117,4.488325119018555
1,1390,1445.938232421875,13578.2626953125,2.937063217163086,12.645474433898926,4.255928039550781
1,1391,1182.564453125,11089.90234375,2.45247483253479,9.946603775024414,3.7291059494018555
1,1392,1040.2794189453125,9499.884765625,3.009699821472168,9.104043960571289,5.484108924865723
1,1393,1161.065673828125,10751.9052734375,2.862504482269287,10.967328071594238,4.591136932373047
1,1394,826.6777954101562,7565.052734375,2.339082717895508,9.345527648925781,3.147052764892578
1,1395,1555.2952880859375,14320.78515625,4.1072282791137695,9.688072204589844,6.264183044433594
1,1396,1420.9764404296875,13377.3271484375,2.774786949157715,10.842351913452148,5.582094192504883
1,1397,1300.8150634765625,12108.4189453125,2.9991064071655273,10.972766876220703,3.8743648529052734
1,1398,830.54736328125,7488.26416015625,2.724031448364258,7.486448764801025,4.624696731567383
1,1399,1459.6883544921875,13678.94921875,3.0597832202911377,11.464910507202148,6.053954124450684
1,1400,949.7583618164062,8676.169921875,2.738044500350952,8.657560348510742,5.224147796630859
1,1401,1356.441650390625,12590.4873046875,3.2464301586151123,11.458675384521484,6.245882034301758
1,1402,1120.3526611328125,10394.560546875,2.6965537071228027,9.220393180847168,6.804093360900879
1,1403,1129.0518798828125,10390.58984375,2.9997658729553223,10.504478454589844,4.348536491394043
1,1404,1559.611328125,14500.6826171875,3.6514344215393066,12.947725296020508,4.947504043579102
1,1405,1207.002197265625,11114.392578125,3.1854281425476074,11.238187789916992,4.09553337097168
1,1406,1122.562744140625,10233.3837890625,3.307478427886963,9.730566024780273,5.277352333068848
1,1407,869.3058471679688,7827.5068359375,2.8851728439331055,8.472776412963867,3.2568578720092773
1,1408,1150.0496826171875,10673.6943359375,2.756007194519043,10.08647346496582,3.6005945205688477
1,1409,737.0546264648438,6585.53125,2.6167147159576416,7.68311071395874,4.129877090454102
1,1410,787.4560546875,7094.8642578125,2.598987340927124,8.435120582580566,3.3358726501464844
1,1411,1248.288818359375,11600.20703125,2.9422707557678223,9.813067436218262,5.759113311767578
1,1412,1125.552978515625,10361.2509765625,2.9809274673461914,10.85950756072998,2.9874753952026367
1,1413,955.8123168945312,8794.5556640625,2.545224189758301,8.737997055053711,3.5116748809814453
1,1414,1108.91455078125,10246.7861328125,2.8078644275665283,10.237070083618164,2.6542882919311523
1,1415,1036.7601318359375,9472.0859375,2.9850502014160156,9.48979377746582,3.80954647064209
1,1416,1159.20166015625,10670.5419921875,3.0715818405151367,9.861543655395508,5.524518013000488
1,1417,853.2765502929688,7729.74658203125,2.676729679107666,7.563867568969727,3.554867744445801
1,1418,1177.828857421875,10946.1376953125,2.7738380432128906,10.110666275024414,3.46219539642334
1,1419,1104.2041015625,10199.984375,2.806853771209717,9.53414535522461,3.5998668670654297
1,1420,1055.2115478515625,9606.1787109375,3.153122901916504,10.171245574951172,3.561491012573242
1,1421,1067.4093017578125,9716.076171875,3.1933910846710205,10.670106887817383,3.36386775970459
1,1422,826.8019409179688,7452.51611328125,2.7183432579040527,8.030823707580566,4.150119781494141
1,1423,1284.0240478515625,12022.8017578125,2.7247982025146484,12.397249221801758,4.602466583251953
1,1424,1277.02197265625,11859.724609375,3.0349807739257812,10.58854866027832,4.073019027709961
1,1425,1225.1602783203125,11477.005859375,2.581990957260132,10.048816680908203,3.96408748626709
1,1426,1243.4288330078125,11530.5234375,3.01254940032959,10.225366592407227,4.716094970703125
1,1427,887.6473388671875,7987.9296875,2.9618115425109863,9.082154273986816,3.5179710388183594
1,1428,1094.4635009765625,9974.859375,3.232584238052368,9.016605377197266,4.183913230895996
1,1429,1030.0220947265625,9432.427734375,2.892642021179199,8.705475807189941,5.312457084655762
1,1430,1150.38916015625,10570.603515625,3.110959529876709,10.161611557006836,4.713950157165527
1,1431,924.3720092773438,8409.923828125,2.7793221473693848,8.958656311035156,4.261639595031738
1,1432,949.1400146484375,8658.126953125,2.777578115463257,9.808443069458008,2.6457862854003906
1,1433,1079.705322265625,9823.6806640625,3.2445740699768066,9.257890701293945,4.4240522384643555
1,1434,649.2717895507812,5740.64990234375,2.5068931579589844,6.519721984863281,3.6637887954711914
1,1435,916.3182983398438,8196.513671875,3.222231149673462,8.347102165222168,4.606489181518555
1,1436,971.9144897460938,8817.6552734375,3.0049643516540527,9.461454391479492,3.276291847229004
1,1437,727.1112670898438,6581.0625,2.3001670837402344,6.347997665405273,4.958919525146484
1,1438,1010.2882080078125,9269.314453125,2.778559446334839,8.618656158447266,5.398133277893066
1,1439,973.939697265625,8832.4755859375,3.023070812225342,8.38616943359375,4.9991254806518555
1,1440,1049.0577392578125,9569.625,3.0698416233062744,11.051385879516602,3.5948305130004883
1,1441,1025.716064453125,9441.6806640625,2.7182648181915283,8.181501388549805,6.124258041381836
1,1442,1025.0380859375,9306.359375,3.1467368602752686,9.967765808105469,2.8928966522216797
1,1443,1138.5938720703125,10632.6875,2.5108370780944824,10.060644149780273,4.344145774841309
1,1444,835.247802734375,7489.1689453125,2.8776960372924805,7.925531387329102,2.84499454498291
1,1445,822.5702514648438,7287.72119140625,3.1266028881073,8.105403900146484,2.4581384658813477
1,1446,1014.0842895507812,9084.4072265625,3.521451473236084,8.489055633544922,4.093358039855957
1,1447,1080.44482421875,9910.1298828125,2.9810619354248047,9.759281158447266,4.161734580993652
1,1448,1001.0734252929688,9091.115234375,3.065396785736084,9.24061393737793,2.58203125
1,1449,1065.02197265625,9759.7255859375,2.968311309814453,9.550798416137695,4.270888328552246
1,1450,907.0413818359375,8103.095703125,3.224393367767334,9.560897827148438,3.696610450744629
1,1451,1269.5748291015625,11643.634765625,3.507044553756714,10.653460502624512,2.750791549682617
1,1452,1432.268310546875,13448.380859375,2.9143412113189697,11.96082878112793,3.4027442932128906
1,1453,1224.802734375,11419.1904296875,2.7627878189086914,11.788918495178223,3.2900123596191406
1,1454,1044.098876953125,9612.0615234375,2.7630887031555176,9.159421920776367,4.136823654174805
1,1455,943.560302734375,8613.37109375,2.7407736778259277,8.52903938293457,4.978091239929199
1,1456,1190.751708984375,11099.6865234375,2.69276762008667,10.548173904418945,4.209503173828125
1,1457,910.5393676757812,8321.666015625,2.61242413520813,7.133440017700195,5.584181785583496
1,1458,941.043701171875,8548.4775390625,2.873196601867676,7.459356784820557,3.8913040161132812
1,1459,1084.4207763671875,9957.1787109375,2.95676326751709,9.165007591247559,4.380660057067871
1,1460,1284.5789794921875,11985.0419921875,2.8691563606262207,10.712696075439453,4.957956314086914
1,1461,1094.4476318359375,10049.798828125,2.9822566509246826,9.006150245666504,4.970308303833008
1,1462,842.6242065429688,7598.146484375,2.7603182792663574,8.391841888427734,5.345654487609863
1,1463,1250.594482421875,11736.755859375,2.563960552215576,10.255561828613281,6.031790733337402
1,1464,897.6345825195312,8173.2861328125,2.6768651008605957,9.129924774169922,4.735822677612305
1,1465,1369.780517578125,12682.1171875,3.385624408721924,11.197566986083984,6.239234924316406
1,1466,1310.726806640625,12276.15625,2.770371675491333,10.380294799804688,5.038473129272461
1,1467,1399.232421875,13014.158203125,3.260549545288086,11.567909240722656,5.059474945068359
1,1468,1190.328369140625,10743.5322265625,3.8658370971679688,11.230066299438477,4.824589729309082
1,1469,1387.0667724609375,13098.3828125,2.5742857456207275,10.55522346496582,6.955981254577637
1,1470,1230.4786376953125,11254.85546875,3.4997687339782715,11.399019241333008,5.373958587646484
1,1471,814.3841552734375,7398.7421875,2.483664035797119,8.8541259765625,3.910149574279785
1,1472,822.6890258789062,7446.87890625,2.600036382675171,7.934266567230225,4.172121047973633
1,1473,760.2679443359375,6816.546875,2.6204416751861572,7.431779861450195,3.661829948425293
1,1474,1215.814697265625,11364.8994140625,2.6441562175750732,10.174758911132812,3.93826961517334
1,1475,1263.06640625,11742.7294921875,2.959782838821411,10.620593070983887,3.6464357376098633
1,1476,1126.2952880859375,10397.822265625,2.8837671279907227,9.84405517578125,5.0146284103393555
1,1477,1387.259521484375,12895.296875,3.257660150527954,12.136139869689941,4.345898628234863
1,1478,1157.71728515625,10659.9189453125,3.0575108528137207,10.259407997131348,4.802756309509277
1,1479,1080.9095458984375,10028.541015625,2.6018478870391846,8.231595993041992,4.857267379760742
1,1480,972.8887329101562,8891.853515625,2.7901124954223633,10.17313289642334,3.500263214111328
1,1481,1160.2415771484375,10825.330078125,2.5902841091156006,8.924436569213867,5.604992866516113
1,1482,1189.7938232421875,11039.8642578125,2.8602447509765625,10.365894317626953,3.3991470336914062
1,1483,719.6693115234375,6348.79296875,2.826331615447998,6.373340129852295,4.492119789123535
1,1484,868.7891235351562,7961.3076171875,2.4219443798065186,8.483468055725098,4.447176933288574
1,1485,953.4520263671875,8750.0859375,2.6147799491882324,9.66999626159668,2.993838310241699
1,1486,884.9862060546875,8038.5166015625,2.704483985900879,7.65657901763916,3.8860816955566406
1,1487,1523.6553955078125,14207.642578125,3.4297025203704834,12.19624137878418,4.996628761291504
1,1488,1389.3282470703125,12975.138671875,3.0604777336120605,12.144344329833984,3.55319881439209
1,1489,974.23828125,9018.763671875,2.412061929702759,8.279017448425293,4.838529586791992
1,1490,831.3040161132812,7468.822265625,2.814058303833008,7.556733131408691,4.483248710632324
1,1491,784.65869140625,6938.1025390625,3.0282812118530273,8.063237190246582,3.1946916580200195
1,1492,1112.93505859375,10316.1708984375,2.710601806640625,9.971800804138184,2.810882568359375
1,1493,912.6627807617188,8222.646484375,3.0132713317871094,7.412684917449951,4.679872512817383
1,1494,1106.89501953125,10225.5,2.811500072479248,9.278444290161133,3.849860191345215
1,1495,753.8240966796875,6699.009765625,2.797435998916626,8.27774715423584,3.325624465942383
1,1496,1184.8721923828125,11006.802734375,2.8063957691192627,11.352890014648438,2.749288558959961
1,1497,1490.551513671875,13835.6845703125,3.5661001205444336,11.443120956420898,5.232293128967285
1,1498,746.964111328125,6607.13671875,2.875014305114746,8.098233222961426,3.4191904067993164
1,1499,1294.747314453125,11972.8359375,3.248793363571167,10.130701065063477,5.160856246948242
1,1500,1202.624755859375,11099.5146484375,3.0891082286834717,10.375494956970215,6.391931533813477
1,1501,809.943603515625,7306.2353515625,2.6440014839172363,7.886514663696289,4.403176307678223
1,1502,945.9202270507812,8641.5390625,2.7255430221557617,8.097524642944336,6.189553260803223
1,1503,1203.2784423828125,11068.107421875,3.215590238571167,10.88833236694336,5.5561370849609375
1,1504,1121.1580810546875,10351.505859375,2.866913080215454,8.536285400390625,5.156917572021484
1,1505,1898.8231201171875,17387.5,5.3357696533203125,12.00033187866211,4.917923927307129
1,1506,1005.9835205078125,9154.2587890625,3.0185866355895996,9.287532806396484,4.87528133392334
1,1507,814.48486328125,7322.98291015625,2.739553451538086,7.428521633148193,3.6503705978393555
1,1508,1079.9022216796875,9858.4677734375,3.1351823806762695,9.627375602722168,4.892597198486328
1,1509,819.8477783203125,7354.93310546875,2.811814785003662,7.8359150886535645,3.4103355407714844
1,1510,993.5078125,8957.123046875,3.2598485946655273,8.202112197875977,4.121346473693848
1,1511,690.892333984375,6102.798828125,2.687081813812256,6.971984386444092,3.539412498474121
1,1512,1369.5042724609375,12700.4248046875,3.315392017364502,10.944141387939453,5.885915756225586
1,1513,842.86474609375,7646.505859375,2.6071391105651855,7.838785648345947,3.9169273376464844
1,1514,959.5941162109375,8757.8349609375,2.7936863899230957,8.805858612060547,2.2516679763793945
1,1515,1057.012451171875,9693.4873046875,2.9221222400665283,9.004362106323242,4.375967979431152
1,1516,1161.8931884765625,10835.0458984375,2.612950563430786,6.328892707824707,6.804221153259277
1,1517,867.53564453125,7947.4111328125,2.4264822006225586,9.141369819641113,3.931896209716797
1,1518,984.1395874023438,8947.861328125,2.978447914123535,8.990581512451172,5.070483207702637
1,1519,1077.7919921875,9910.978515625,2.8898072242736816,8.705205917358398,4.673981666564941
1,1520,1549.57421875,14593.380859375,3.0078673362731934,11.1585693359375,3.8907251358032227
1,1521,964.0494995117188,8822.419921875,2.726917266845703,6.874507427215576,5.548379898071289
1,1522,1040.6768798828125,9596.10546875,2.702209949493408,8.422981262207031,4.9744672775268555
1,1523,1155.216796875,10664.330078125,2.959460735321045,9.272918701171875,4.108796119689941
1,1524,1272.6669921875,11793.306640625,3.1112098693847656,11.701215744018555,4.036201477050781
1,1525,1150.66650390625,10479.2080078125,3.4248557090759277,11.192351341247559,3.120966911315918
1,1526,1040.3582763671875,9375.533203125,3.4268300533294678,9.139097213745117,4.955357551574707
1,1527,1145.414794921875,10590.974609375,2.8772428035736084,7.603704929351807,5.1867876052856445
1,1528,1335.3909912109375,12401.1728515625,3.175787925720215,10.380090713500977,5.3065385818481445
1,1529,821.85986328125,7340.6796875,2.926395893096924,7.7650227546691895,3.521487236022949
1,1530,1230.1226806640625,11338.353515625,3.2095799446105957,11.372306823730469,2.851215362548828
1,1531,1198.472412109375,11120.76171875,2.8798727989196777,10.46976089477539,3.941425323486328
1,1532,1145.7734375,10663.849609375,2.6462812423706055,8.874051094055176,6.880297660827637
1,1533,926.8892211914062,8456.005859375,2.709620714187622,9.295730590820312,3.2200050354003906
1,1534,1043.6434326171875,9510.40234375,3.0867724418640137,9.736011505126953,3.871234893798828
1,1535,985.247802734375,8982.4453125,2.9001078605651855,9.67158317565918,3.880068778991699
1,1536,1058.560791015625,9814.2763671875,2.57110595703125,9.984171867370605,3.416232109069824
1,1537,1242.6993408203125,11573.0703125,2.8464109897613525,11.903690338134766,3.3850269317626953
1,1538,754.0037841796875,6670.9970703125,2.896801710128784,7.077113628387451,4.325183868408203
1,1539,1544.17724609375,14403.669921875,3.460341453552246,10.75767707824707,5.661004066467285
1,1540,956.8089599609375,8585.072265625,3.276724338531494,8.009248733520508,4.277850151062012
1,1541,1202.5517578125,11052.7841796875,3.2424445152282715,12.213372230529785,4.015656471252441
1,1542,1381.2698974609375,12912.2197265625,3.001594305038452,10.721633911132812,5.050294876098633
1,1543,1391.537841796875,12840.53125,3.582826614379883,11.017338752746582,6.188958168029785
1,1544,1108.218017578125,10265.244140625,2.7231197357177734,9.481588363647461,3.9469242095947266
1,1545,728.9779052734375,6534.3466796875,2.5181069374084473,6.635249137878418,4.03557014465332
1,1546,904.2545776367188,8247.17578125,2.6512322425842285,9.485725402832031,4.164607048034668
1,1547,1355.3304443359375,12610.8173828125,3.141620397567749,10.824665069580078,5.42690372467041
1,1548,1735.4766845703125,16448.275390625,3.0216376781463623,14.458196640014648,3.651026725769043
1,1549,1085.3990478515625,10018.0791015625,2.786371946334839,9.376694679260254,5.435712814331055
1,1550,1095.574462890625,9994.013671875,3.2057719230651855,10.278342247009277,5.179961204528809
1,1551,1559.607177734375,14645.455078125,3.1687235832214355,9.6766357421875,7.250008583068848
1,1552,1220.3359375,11314.27734375,2.9636082649230957,10.723506927490234,3.4006872177124023
1,1553,1202.1019287109375,11202.263671875,2.7291817665100098,11.857370376586914,3.0670461654663086
1,1554,1289.49365234375,12083.1513671875,2.705949068069458,11.657293319702148,3.743051528930664
1,1555,1213.240234375,11235.0361328125,2.9912190437316895,8.699878692626953,5.168691635131836
1,1556,1072.57080078125,9993.8173828125,2.439635753631592,8.159387588500977,5.122122764587402
1,1557,941.6785888671875,8584.0263671875,2.7758636474609375,8.08651065826416,3.3626222610473633
1,1558,631.734375,5551.8779296875,2.5515525341033936,5.964271545410156,4.264992713928223
1,1559,1182.5159912109375,11024.234375,2.669750213623047,8.887514114379883,4.718226432800293
1,1560,1290.5347900390625,12034.3134765625,2.9034457206726074,12.031526565551758,3.375533103942871
1,1561,1031.3262939453125,9221.98046875,3.6376068592071533,9.036310195922852,3.5761451721191406
1,1562,1057.8548583984375,9641.1669921875,3.1246047019958496,10.534590721130371,2.2618894577026367
1,1563,980.034912109375,9019.259765625,2.6036319732666016,8.718809127807617,2.348078727722168
1,1564,1038.9171142578125,9478.41015625,3.0358715057373047,9.01038932800293,4.623188018798828
1,1565,1206.635986328125,11187.8037109375,2.9285202026367188,9.689279556274414,5.591587066650391
1,1566,1819.964111328125,17275.72265625,3.0797290802001953,12.594660758972168,5.830866813659668
1,1567,1346.2974853515625,12486.056640625,3.2563936710357666,12.269125938415527,3.3624801635742188
1,1568,907.39794921875,8181.13671875,2.9761404991149902,9.115017890930176,4.437495231628418
1,1569,1381.2777099609375,12836.6474609375,3.253765106201172,12.334356307983398,5.885533332824707
1,1570,1392.3505859375,12937.921875,3.2852783203125,11.86353874206543,5.144845962524414
1,1571,1016.0563354492188,9259.78125,3.0026066303253174,9.221145629882812,4.138083457946777
1,1572,877.3861694335938,7807.0263671875,3.222784996032715,8.13259506225586,2.64998722076416
1,1573,1244.185546875,11618.326171875,2.745096206665039,10.010321617126465,4.074848175048828
1,1574,1309.66845703125,12046.6123046875,3.500242233276367,11.074529647827148,2.86879825592041
1,1575,1009.985595703125,9184.5400390625,3.0510525703430176,9.876323699951172,3.193206787109375
1,1576,1130.763427734375,10486.91796875,2.7357239723205566,11.093987464904785,4.2619123458862305
1,1577,914.4014282226562,8295.1904296875,2.8294124603271484,8.964020729064941,3.2552642822265625
1,1578,1077.346923828125,9900.875,2.9086458683013916,9.246999740600586,4.7642011642456055
1,1579,1217.758544921875,11239.7529296875,3.1261069774627686,11.45782470703125,4.371523857116699
1,1580,1515.6170654296875,14211.478515625,3.1489758491516113,10.411787033081055,5.375123977661133
1,1581,1093.1524658203125,10039.53125,2.973310947418213,9.69680118560791,5.167576789855957
1,1582,790.4170532226562,7110.978515625,2.6439733505249023,7.46415901184082,5.014289855957031
1,1583,976.1834716796875,8875.416015625,2.9547271728515625,9.53286075592041,3.0127506256103516
1,1584,1291.4664306640625,11754.6630859375,3.8666696548461914,10.842367172241211,5.669954299926758
1,1585,844.3446044921875,7630.13037109375,2.7110509872436523,8.411321640014648,3.2797956466674805
1,1586,1214.60400390625,11218.275390625,3.0925517082214355,10.51403522491455,4.548923492431641
1,1587,1520.8955078125,12260.033203125,9.829741477966309,11.232431411743164,6.11167049407959
1,1588,849.871337890625,7676.8798828125,2.7394442558288574,7.571067810058594,5.341998100280762
1,1589,1133.5616455078125,10482.2626953125,2.844510555267334,7.933311462402344,6.6339311599731445
1,1590,1426.0645751953125,13305.064453125,3.185270309448242,12.432613372802734,3.494145393371582
1,1591,772.1168212890625,6878.4912109375,2.8089232444763184,7.52274751663208,4.249795913696289
1,1592,1083.8336181640625,9948.18359375,2.967176914215088,10.383188247680664,4.086816787719727
1,1593,1057.4368896484375,9671.7705078125,3.0086607933044434,10.1920747756958,3.3962974548339844
1,1594,1176.0137939453125,10719.748046875,3.467963218688965,9.796165466308594,3.8458986282348633
1,1595,864.994140625,7814.2578125,2.7856130599975586,8.740065574645996,3.9147157669067383
1,1596,980.7091064453125,8802.5302734375,3.3485360145568848,9.759195327758789,4.488897323608398
1,1597,1108.5718994140625,10215.6435546875,2.9002487659454346,9.891850471496582,3.8769540786743164
1,1598,1109.66943359375,10286.14453125,2.7018306255340576,8.996943473815918,5.12888240814209
1,1599,676.7379760742188,6034.328125,2.44350528717041,7.274923324584961,4.393500328063965
1,1600,837.0751953125,7498.36279296875,2.907963752746582,8.803253173828125,3.2017221450805664
1,1601,1527.2613525390625,14393.076171875,2.9317917823791504,10.933198928833008,5.97293758392334
1,1602,1295.923095703125,12181.3037109375,2.5930898189544678,10.577125549316406,4.87432861328125
1,1603,1161.66259765625,10784.9765625,2.772163152694702,9.396751403808594,4.955305099487305
1,1604,1149.3751220703125,10642.5478515625,2.8373465538024902,9.867563247680664,4.49564266204834
1,1605,1362.064697265625,12635.9052734375,3.282470226287842,11.692386627197266,4.492955207824707
1,1606,1150.5811767578125,10424.328125,3.60494327545166,9.667009353637695,4.27231502532959
1,1607,1284.6600341796875,11850.6123046875,3.3199567794799805,11.811491012573242,4.844944000244141
1,1608,861.8154907226562,7834.568359375,2.611954689025879,7.946272850036621,4.688283920288086
1,1609,1043.0859375,9509.6396484375,3.0707316398620605,10.147851943969727,4.344006538391113
1,1610,1087.5404052734375,10055.470703125,2.733109712600708,9.568673133850098,4.351750373840332
1,1611,967.49755859375,8780.6044921875,2.981235980987549,10.263978958129883,2.49188232421875
1,1612,1465.27685546875,13732.72265625,3.0668158531188965,12.980557441711426,3.8015012741088867
1,1613,1596.29150390625,14983.072265625,3.2661404609680176,13.548958778381348,4.691642761230469
1,1614,1030.393310546875,9474.884765625,2.763493061065674,8.879348754882812,4.258551597595215
1,1615,1200.0592041015625,11100.525390625,3.000217914581299,9.48495864868164,5.75430965423584
1,1616,1394.12451171875,13056.9453125,2.9476656913757324,13.031618118286133,3.7120189666748047
1,1617,1157.6802978515625,10613.9736328125,3.209430694580078,10.765914916992188,2.6871652603149414
1,1618,782.0674438476562,6998.9619140625,2.739041328430176,8.22347640991211,3.3933448791503906
1,1619,1179.8240966796875,10884.00390625,3.047456741333008,9.841196060180664,4.0512285232543945
1,1620,1012.6889038085938,9292.5849609375,2.7810142040252686,10.020313262939453,3.947164535522461
1,1621,1145.0240478515625,10600.6728515625,2.8318917751312256,8.38937759399414,8.00588321685791
1,1622,1025.6337890625,9264.642578125,3.305649757385254,8.31792163848877,5.464201927185059
1,1623,1139.523681640625,10519.462890625,2.919245481491089,10.115717887878418,4.717827796936035
1,1624,650.2564086914062,5723.06494140625,2.5983290672302246,7.298471450805664,3.645162582397461
1,1625,799.7179565429688,7161.30126953125,2.7862610816955566,7.557319641113281,3.314699172973633
1,1626,1204.963623046875,11159.6396484375,2.9666523933410645,11.047654151916504,2.7707014083862305
1,1627,1477.326904296875,13900.6953125,2.908578872680664,12.736518859863281,3.142436981201172
1,1628,1488.060302734375,13913.49609375,3.2236907482147217,12.711328506469727,2.966939926147461
1,1629,881.44873046875,8002.39306640625,2.706979274749756,9.54067611694336,3.6630859375
1,1630,972.9710083007812,8829.1162109375,3.001978874206543,9.540172576904297,4.303322792053223
1,1631,717.3026123046875,6391.35107421875,2.605581760406494,6.441558837890625,4.501199722290039
1,1632,1270.1864013671875,11792.9609375,3.0296761989593506,11.102002143859863,4.332245826721191
1,1633,1214.258544921875,11355.7578125,2.62275767326355,10.989535331726074,3.079714775085449
1,1634,994.640869140625,9128.94921875,2.7248635292053223,9.820140838623047,3.3505373001098633
1,1635,1376.1151123046875,12948.201171875,2.7098312377929688,9.927380561828613,7.013813018798828
1,1636,1355.6839599609375,12717.173828125,2.798884391784668,10.644304275512695,4.7659759521484375
1,1637,1135.1162109375,10444.8203125,3.021139144897461,9.493712425231934,2.749662399291992
1,1638,970.5403442382812,8851.19921875,2.847346782684326,8.706008911132812,5.250009536743164
1,1639,1287.7130126953125,11950.6982421875,3.0881056785583496,8.937026977539062,5.646298408508301
1,1640,1173.966064453125,10931.859375,2.6926703453063965,9.188190460205078,5.503909111022949
1,1641,1072.75830078125,9928.6953125,2.662957191467285,8.089628219604492,3.3703107833862305
1,1642,1117.0389404296875,10294.2802734375,2.920362949371338,9.36440372467041,4.710285186767578
1,1643,1177.250244140625,10985.0615234375,2.6248018741607666,9.600659370422363,5.160000801086426
1,1644,772.1118774414062,7009.015625,2.3736774921417236,7.793496131896973,4.038596153259277
1,1645,1257.538330078125,11681.712890625,2.9789035320281982,11.002464294433594,4.093083381652832
1,1646,663.6112670898438,5332.5029296875,4.34536600112915,5.466912269592285,3.5468883514404297
1,1647,1318.3736572265625,12368.0869140625,2.7188315391540527,10.552708625793457,3.150014877319336
1,1648,1237.32861328125,11425.5361328125,3.1591672897338867,10.676491737365723,4.445998191833496
1,1649,758.7855834960938,6723.708984375,2.8804893493652344,7.126769065856934,4.029075622558594
1,1650,1070.656494140625,9905.265625,2.6709983348846436,10.406370162963867,4.456182479858398
1,1651,931.3325805664062,8466.6962890625,2.822099447250366,7.825871467590332,4.194567680358887
1,1652,1040.557373046875,9581.6875,2.7462878227233887,10.189873695373535,4.045342445373535
1,1653,1129.956787109375,10430.6767578125,2.896303176879883,10.598743438720703,4.888629913330078
1,1654,1021.5084228515625,9309.4375,3.018821954727173,10.17364501953125,2.693728446960449
1,1655,1308.968505859375,12237.0302734375,2.842184543609619,11.820148468017578,3.817111015319824
1,1656,962.4813232421875,8890.619140625,2.447312355041504,8.453194618225098,3.5328454971313477
1,1657,1179.3507080078125,11016.791015625,2.589055061340332,10.078741073608398,4.175759315490723
1,1658,1041.9581298828125,9527.13671875,2.9748153686523438,8.682859420776367,3.108553886413574
1,1659,1156.140625,10684.9658203125,2.9214682579040527,11.642560958862305,2.79339599609375
1,1660,1534.480224609375,14419.607421875,3.0839786529541016,13.19549560546875,4.420775413513184
1,1661,1283.8038330078125,11913.24609375,3.082641124725342,11.205137252807617,4.520087242126465
1,1662,946.92626953125,8638.724609375,2.7684597969055176,7.965836524963379,4.906123161315918
1,1663,1004.7695922851562,9284.736328125,2.543198585510254,8.553255081176758,4.605487823486328
1,1664,726.9556884765625,6465.5810546875,2.679919958114624,7.130702972412109,4.377127647399902
1,1665,1219.057861328125,11275.7060546875,3.0495729446411133,12.533239364624023,4.066936492919922
1,1666,1371.4600830078125,12861.92578125,2.842247724533081,12.364492416381836,4.013860702514648
1,1667,933.313232421875,8440.712890625,2.974731922149658,9.148283004760742,2.5217533111572266
1,1668,1096.011474609375,10097.9248046875,2.873966693878174,9.360502243041992,3.6734094619750977
1,1669,789.2415771484375,7061.0673828125,2.771160364151001,5.884207248687744,2.9125890731811523
1,1670,969.0174560546875,8950.1669921875,2.4666905403137207,5.889609336853027,6.832460403442383
1,1671,918.11376953125,8312.451171875,2.8956222534179688,8.797775268554688,4.02867317199707
1,1672,1465.0084228515625,13797.962890625,2.840406894683838,11.574048042297363,3.6858901977539062
1,1673,1048.8692626953125,9613.88671875,2.916018486022949,10.019707679748535,3.192318916320801
1,1674,1127.4852294921875,10439.6943359375,2.7838573455810547,9.693961143493652,3.7493762969970703
1,1675,1025.1171875,9339.5234375,3.0388264656066895,8.958109855651855,4.051553726196289
1,1676,953.3803100585938,8578.4111328125,3.1846399307250977,9.135235786437988,3.583627700805664
1,1677,1067.28857421875,9677.97265625,3.3163771629333496,9.920280456542969,3.460343360900879
1,1678,1188.895751953125,10939.83203125,3.163748264312744,9.496025085449219,5.160030364990234
1,1679,1141.0074462890625,10523.3603515625,2.9557135105133057,9.975992202758789,4.4148759841918945
1,1680,1042.015380859375,9574.919921875,2.8174474239349365,8.91769027709961,4.538232803344727
1,1681,684.8458251953125,6056.9931640625,2.638216495513916,7.8842597007751465,3.306817054748535
1,1682,904.69580078125,8169.734375,2.924078941345215,9.482605934143066,4.633569717407227
1,1683,1083.4049072265625,9991.6708984375,2.8079261779785156,9.632339477539062,4.042723655700684
1,1684,1515.359619140625,14238.6826171875,3.0497121810913086,13.568615913391113,2.622943878173828
1,1685,1266.2010498046875,11778.0849609375,2.9464190006256104,11.407630920410156,3.597188949584961
1,1686,1221.82275390625,11294.95703125,3.077568292617798,10.790376663208008,3.8240528106689453
1,1687,1214.2677001953125,11361.84375,2.602773666381836,11.977542877197266,3.129946708679199
1,1688,735.533935546875,6430.8203125,3.0817296504974365,6.813950538635254,3.2133655548095703
1,1689,1036.965576171875,9442.970703125,3.08894944190979,9.384276390075684,3.676194190979004
1,1690,960.88330078125,8878.6171875,2.4340522289276123,9.593727111816406,2.7010154724121094
1,1691,993.1489868164062,9109.2529296875,2.7407898902893066,8.591451644897461,4.657951354980469
1,1692,791.7459106445312,7139.96728515625,2.5916390419006348,7.401312351226807,4.033653259277344
1,1693,1143.7091064453125,10495.849609375,3.1374728679656982,10.58883285522461,1.9476633071899414
1,1694,1040.2137451171875,9615.529296875,2.62202787399292,10.039379119873047,5.549964904785156
1,1695,1463.1534423828125,13755.201171875,2.921109199523926,11.587942123413086,5.893505096435547
1,1696,770.9337158203125,6987.3681640625,2.406564235687256,7.716090202331543,3.16446590423584
1,1697,891.4255981445312,7995.88134765625,3.0612480640411377,7.854791641235352,3.455203056335449
1,1698,1170.8465576171875,10716.810546875,3.305516242980957,11.28963851928711,3.516538619995117
1,1699,885.9917602539062,8011.5908203125,2.827754020690918,8.69888687133789,3.496946334838867
1,1700,1185.35888671875,10849.251953125,3.3477907180786133,10.468355178833008,3.8517274856567383
1,1701,1144.3551025390625,10555.474609375,2.9602527618408203,10.452133178710938,4.247291564941406
1,1702,1956.447265625,18598.484375,3.2199594974517822,14.020646095275879,6.509299278259277
1,1703,884.7243041992188,8086.73779296875,2.5350184440612793,8.696695327758789,5.138873100280762
1,1704,1361.5308837890625,12710.244140625,3.0168814659118652,10.341973304748535,4.2725629806518555
1,1705,1557.7066650390625,14573.0439453125,3.34674072265625,14.49854850769043,4.754521369934082
1,1706,1156.8577880859375,10686.853515625,2.9390780925750732,11.517627716064453,4.591382026672363
1,1707,976.589599609375,8891.197265625,2.915661096572876,8.185188293457031,3.583521842956543
1,1708,1035.0008544921875,9426.6142578125,3.0779800415039062,9.570281982421875,4.1698760986328125
1,1709,1560.9945068359375,14478.689453125,3.7708487510681152,13.105161666870117,5.173410415649414
1,1710,1565.458984375,14793.638671875,2.86983585357666,11.728372573852539,5.186704635620117
1,1711,1213.859619140625,11235.2021484375,3.0113117694854736,11.687667846679688,3.442514419555664
1,1712,1047.2369384765625,9661.412109375,2.703190803527832,9.302229881286621,4.347873687744141
1,1713,1762.6417236328125,16640.88671875,3.285099983215332,12.173234939575195,6.547697067260742
1,1714,1333.8310546875,12374.15625,3.2138466835021973,10.832014083862305,6.680765151977539
1,1715,1353.426513671875,12616.59765625,3.0588908195495605,11.57498550415039,5.004895210266113
1,1716,1050.452880859375,9574.0078125,3.101733684539795,9.124411582946777,4.6852521896362305
1,1717,1312.7578125,12198.4345703125,3.097141742706299,10.515615463256836,3.6147069931030273
1,1718,1079.86181640625,9938.0556640625,2.8685407638549805,10.164789199829102,2.8319406509399414
1,1719,858.15869140625,7826.416015625,2.5172371864318848,6.662007808685303,4.274484634399414
1,1720,1079.33935546875,9945.8603515625,2.825108051300049,10.237096786499023,3.806163787841797
1,1721,916.981689453125,8340.9443359375,2.762909412384033,8.280227661132812,3.792348861694336
1,1722,991.6343994140625,8785.13671875,3.770691394805908,8.906865119934082,4.067361831665039
1,1723,917.537109375,8323.9345703125,2.8381197452545166,8.293111801147461,4.331479072570801
1,1724,1023.3223266601562,9324.5107421875,3.029041290283203,11.013916969299316,2.75955867767334
1,1725,1059.4112548828125,9820.9814453125,2.5771026611328125,7.82440710067749,4.787040710449219
1,1726,882.9905395507812,7941.2099609375,2.9623160362243652,9.139932632446289,3.928365707397461
1,1727,1128.68798828125,10481.873046875,2.6833529472351074,9.7574462890625,4.469735145568848
1,1728,879.6548461914062,7895.048828125,3.0049991607666016,8.720942497253418,4.7658233642578125
1,1729,1563.218017578125,14684.2177734375,3.1598734855651855,12.121950149536133,5.767531394958496
1,1730,872.3057250976562,7958.91796875,2.5471320152282715,8.286409378051758,4.174927711486816
1,1731,989.3687744140625,9044.6767578125,2.8300352096557617,8.525630950927734,3.606517791748047
1,1732,759.7985229492188,6694.55419921875,3.0114364624023438,8.24185848236084,4.048338890075684
1,1733,1039.08740234375,9504.36328125,2.955036163330078,9.342288970947266,4.933876991271973
1,1734,1059.843994140625,9683.9033203125,3.0484566688537598,10.899454116821289,4.7122297286987305
1,1735,1025.1304931640625,9387.1376953125,2.8805556297302246,9.358078002929688,3.5387401580810547
1,1736,1099.8712158203125,10082.7783203125,3.0531134605407715,10.152896881103516,2.932464599609375
1,1737,1089.12646484375,9962.8154296875,3.094829797744751,11.159414291381836,3.937234878540039
1,1738,796.96435546875,7162.7373046875,2.6896862983703613,8.647485733032227,2.587007522583008
1,1739,776.1187744140625,6911.18505859375,2.8333420753479004,7.04142427444458,4.420498847961426
1,1740,859.33935546875,7792.341796875,2.670172929763794,7.821165561676025,3.390209197998047
1,1741,1140.3197021484375,10564.248046875,2.796494960784912,10.442155838012695,4.762922286987305
1,1742,1097.4638671875,10136.1728515625,2.794886589050293,10.57304573059082,3.563589096069336
1,1743,1235.33447265625,11517.8427734375,2.785005569458008,10.619319915771484,5.181548118591309
1,1744,1173.426025390625,10936.5107421875,2.6591639518737793,11.525751113891602,3.2405014038085938
1,1745,794.0675048828125,7261.06103515625,2.2653777599334717,7.490209579467773,3.177788734436035
1,1746,674.1835327148438,5902.92822265625,2.796355724334717,7.805593490600586,3.9101171493530273
1,1747,1446.0533447265625,13520.265625,3.134223461151123,10.217260360717773,7.49708366394043
1,1748,824.3316040039062,7497.14208984375,2.487245798110962,8.503804206848145,3.2947769165039062
1,1749,1010.4766845703125,9195.0302734375,3.032454252243042,8.477489471435547,4.507023811340332
1,1750,1197.2923583984375,11149.12890625,2.7459793090820312,8.51960563659668,4.931483268737793
1,1751,1271.5361328125,11600.708984375,3.715507745742798,10.671189308166504,5.418403625488281
1,1752,792.0004272460938,7031.8125,2.9606385231018066,7.840605735778809,3.662644386291504
1,1753,777.8250732421875,6945.45556640625,2.77598237991333,7.049158096313477,3.1990232467651367
1,1754,1012.40673828125,9230.38671875,2.9789342880249023,8.204538345336914,4.001924514770508
1,1755,972.1731567382812,8884.21875,2.7917094230651855,8.513583183288574,4.041787147521973
1,1756,904.178466796875,8298.947265625,2.476125717163086,6.982961654663086,4.844612121582031
1,1757,1266.712646484375,11857.1123046875,2.700045108795166,10.322530746459961,4.146838188171387
1,1758,968.3180541992188,8851.625,2.7718513011932373,8.677637100219727,3.3914260864257812
1,1759,1010.9341430664062,9196.095703125,3.0441524982452393,7.641502380371094,4.801182746887207
1,1760,861.1300659179688,7878.0078125,2.4443092346191406,7.351230144500732,4.643202781677246
1,1761,1279.2529296875,11465.1416015625,4.424624919891357,10.792844772338867,3.62191104888916
1,1762,1134.3404541015625,10403.484375,3.1330652236938477,9.344015121459961,3.6419906616210938
1,1763,873.98388671875,7914.01025390625,2.7527613639831543,8.656637191772461,4.790485382080078
1,1764,1254.0870361328125,11670.49609375,2.901244878768921,10.040184020996094,6.045117378234863
1,1765,1352.976318359375,12535.109375,3.3155107498168945,10.281181335449219,6.131361961364746
1,1766,848.2313232421875,7515.20703125,3.2236876487731934,7.905600070953369,6.311756134033203
1,1767,943.3681640625,8650.513671875,2.610558032989502,7.829800128936768,5.436388969421387
1,1768,779.1928100585938,6968.1171875,2.7460365295410156,7.1141180992126465,3.396883964538574
1,1769,904.4983520507812,8073.10009765625,3.239612102508545,8.410408020019531,5.215147972106934
1,1770,606.7809448242188,5338.75927734375,2.4301679134368896,6.810254096984863,3.6553468704223633
1,1771,687.6869506835938,5997.244140625,2.932084798812866,7.154577255249023,4.662062644958496
1,1772,1071.64208984375,9960.423828125,2.5199875831604004,8.886234283447266,5.015209197998047
1,1773,1105.50146484375,9764.7578125,4.300858020782471,8.373531341552734,4.193211555480957
1,1774,1003.7623901367188,9168.359375,2.897547721862793,9.590019226074219,4.801736831665039
1,1775,1124.2230224609375,10382.7236328125,2.8650217056274414,10.620131492614746,3.391469955444336
1,1776,831.7905883789062,7438.51171875,2.9313132762908936,8.202094078063965,4.6389970779418945
1,1777,1144.002685546875,10581.9267578125,2.8603322505950928,10.066064834594727,4.100691795349121
1,1778,854.4124755859375,7710.7880859375,2.7777886390686035,8.83321762084961,3.058565139770508
1,1779,1048.9451904296875,9545.6123046875,3.146131753921509,8.822977066040039,5.853971481323242
1,1780,985.685546875,9016.7578125,2.800326108932495,9.982616424560547,3.136103630065918
1,1781,766.0745849609375,6825.83251953125,2.7830452919006348,7.276189804077148,4.222319602966309
1,1782,825.13330078125,7435.85498046875,2.718258857727051,9.370031356811523,2.69189453125
1,1783,880.9309692382812,7945.21728515625,2.8803086280822754,8.778362274169922,3.2270965576171875
1,1784,955.5963745117188,8718.9453125,2.7900607585906982,10.69236946105957,2.821284294128418
1,1785,909.8060913085938,8226.1279296875,2.906442642211914,9.860618591308594,2.704509735107422
1,1786,873.89404296875,7804.16552734375,3.115915298461914,9.455965042114258,2.4825658798217773
1,1787,1182.644775390625,10769.494140625,3.5231776237487793,10.77023696899414,3.036928176879883
1,1788,955.0458984375,8709.255859375,2.804008960723877,9.962566375732422,4.15457820892334
1,1789,1029.60302734375,9408.22265625,2.959360122680664,9.891361236572266,3.4274253845214844
1,1790,818.5504150390625,7402.61376953125,2.6096324920654297,7.760395050048828,5.616579055786133
1,1791,917.2034912109375,8290.9873046875,2.936824321746826,7.180752754211426,5.663442611694336
1,1792,1055.9849853515625,9712.732421875,2.823725938796997,8.135169982910156,5.957368850708008
1,1793,1184.2073974609375,10964.3359375,2.9257936477661133,12.13436222076416,3.67562198638916
1,1794,1303.47314453125,12166.9697265625,2.89253568649292,10.9032564163208,4.560179710388184
1,1795,1171.3865966796875,10818.8662109375,2.983333110809326,11.856266021728516,3.676057815551758
1,1796,1159.19970703125,10635.478515625,3.1883950233459473,9.893757820129395,5.009703636169434
1,1797,1645.0985107421875,15497.0126953125,3.179905891418457,14.642504692077637,3.747910499572754
1,1798,1262.46044921875,11807.8662109375,2.722461700439453,10.444829940795898,4.839229583740234
1,1799,927.5380249023438,8451.58984375,2.7459678649902344,9.579290390014648,2.7494592666625977
1,1800,927.7852783203125,8400.7998046875,2.9235081672668457,10.681075096130371,2.547793388366699
1,1801,1047.4154052734375,9656.9130859375,2.724134922027588,11.04307746887207,3.4011974334716797
1,1802,852.3640747070312,7585.8232421875,3.1260576248168945,7.959560394287109,3.071913719177246
1,1803,1050.3388671875,9648.474609375,2.8497118949890137,9.661636352539062,3.397695541381836
1,1804,978.9261474609375,8916.9169921875,2.9078149795532227,9.05356502532959,3.659698486328125
1,1805,932.2083129882812,8480.529296875,2.805180072784424,8.505041122436523,4.08986759185791
1,1806,790.0277709960938,7080.2412109375,2.733454942703247,6.00730562210083,5.678221702575684
1,1807,1203.2021484375,11089.2451171875,3.142587661743164,11.712883949279785,2.7507667541503906
1,1808,766.4896240234375,6860.193359375,2.6823415756225586,8.430912971496582,3.5303831100463867
1,1809,1456.2562255859375,13638.2421875,3.0810678005218506,11.77486801147461,4.944147109985352
1,1810,1106.30029296875,10168.5712890625,2.9814372062683105,9.984102249145508,3.897205352783203
1,1811,741.9703369140625,6565.32763671875,2.8479182720184326,6.401666164398193,3.195524215698242
1,1812,1378.9149169921875,12933.455078125,2.8523101806640625,11.818181037902832,3.5013389587402344
1,1813,924.2286987304688,8442.1884765625,2.666995048522949,7.99917459487915,4.063521385192871
1,1814,794.1491088867188,7182.58837890625,2.529675006866455,7.933638095855713,3.8889284133911133
1,1815,715.4921875,6351.31298828125,2.6786975860595703,8.299247741699219,3.232293128967285
1,1816,1051.857666015625,9788.1328125,2.434812307357788,8.431639671325684,5.537784576416016
1,1817,1005.5050048828125,9170.9267578125,2.947075843811035,8.767789840698242,3.6199827194213867
1,1818,1286.2701416015625,11960.154296875,3.0084877014160156,11.002461433410645,3.988184928894043
1,1819,812.6881103515625,7301.30810546875,2.7519094944000244,6.72820520401001,4.222137451171875
1,1820,944.7979125976562,8586.6318359375,2.8711562156677246,7.908146381378174,3.736095428466797
1,1821,1149.748046875,10559.0546875,3.128082275390625,9.922688484191895,3.5912704467773438
1,1822,775.9088134765625,6918.16015625,2.8030920028686523,6.974824905395508,3.7495203018188477
1,1823,1091.1920166015625,10026.4208984375,2.9516634941101074,10.052017211914062,3.6782045364379883
1,1824,810.6394653320312,7221.4951171875,2.9496641159057617,9.293224334716797,3.342818260192871
1,1825,1090.8692626953125,10034.037109375,2.9155185222625732,10.667545318603516,2.890657424926758
1,1826,843.5057983398438,7722.3173828125,2.375800848007202,8.610095977783203,3.6113767623901367
1,1827,1056.9583740234375,9815.603515625,2.5132668018341064,9.008745193481445,4.537734031677246
1,1828,1342.20654296875,12545.80078125,2.9208807945251465,12.33791732788086,4.308094024658203
1,1829,1170.9188232421875,10783.05859375,3.0870962142944336,10.677660942077637,4.393695831298828
1,1830,1280.9842529296875,11865.4775390625,3.1478841304779053,11.38604736328125,3.8041458129882812
1,1831,1180.4241943359375,10979.4091796875,2.7494421005249023,10.061395645141602,4.528177261352539
1,1832,1217.6519775390625,11378.2216796875,2.6609954833984375,11.993911743164062,3.4505138397216797
1,1833,1203.03369140625,11081.5146484375,3.1627418994903564,11.503023147583008,3.751199722290039
1,1834,620.0999145507812,5457.5078125,2.478303909301758,6.343940734863281,2.44759464263916
1,1835,1208.3033447265625,11249.3017578125,2.7791073322296143,9.644807815551758,6.747903823852539
1,1836,1293.052734375,12160.4375,2.5669655799865723,10.08970832824707,4.703017234802246
1,1837,785.8674926757812,7056.3740234375,2.67433762550354,7.2460737228393555,5.802329063415527
1,1838,1177.5030517578125,10940.904296875,2.7804198265075684,9.678515434265137,6.930352210998535
1,1839,768.5650634765625,6797.72802734375,2.9597413539886475,8.360095977783203,4.13005256652832
1,1840,1202.0557861328125,11102.189453125,3.061225652694702,10.503532409667969,4.856925010681152
1,1841,1658.7635498046875,15703.6787109375,2.946519136428833,14.048246383666992,4.2573957443237305
1,1842,1087.0596923828125,10092.1171875,2.5949325561523438,9.78519344329834,3.9370107650756836
1,1843,1038.734130859375,9517.75390625,2.8986268043518066,10.180084228515625,4.380438804626465
1,1844,852.94921875,7717.3212890625,2.7072365283966064,7.864382743835449,6.001371383666992
1,1845,877.83056640625,8032.62646484375,2.4855971336364746,8.298145294189453,3.9138269424438477
1,1846,964.9457397460938,8667.712890625,3.2724809646606445,8.29281997680664,3.4880142211914062
1,1847,739.589599609375,6688.40185546875,2.3583133220672607,4.713158130645752,5.462163925170898
1,1848,1301.3824462890625,12105.9443359375,3.0262646675109863,12.75963020324707,3.239579200744629
1,1849,932.435546875,8460.7265625,2.878761053085327,9.299674987792969,3.9295854568481445
1,1850,1328.2486572265625,12376.541015625,3.0198144912719727,9.930068016052246,3.5376758575439453
1,1851,629.5547485351562,5454.88330078125,2.802213191986084,7.038397789001465,3.5600204467773438
1,1852,806.5035400390625,7258.2841796875,2.689169406890869,7.842822551727295,3.6096506118774414
1,1853,1235.1705322265625,11516.0732421875,2.7854413986206055,10.623384475708008,4.296480178833008
1,1854,950.0013427734375,8625.6123046875,2.914669990539551,9.932945251464844,2.7932300567626953
1,1855,784.4547119140625,7012.22265625,2.774413585662842,8.42392635345459,3.783935546875
1,1856,1004.131103515625,9124.46875,3.0561399459838867,8.709362030029297,5.91959285736084
1,1857,812.5555419921875,7343.91015625,2.605483055114746,8.187162399291992,3.9701995849609375
1,1858,999.064208984375,9186.240234375,2.681340217590332,9.72871208190918,3.099778175354004
1,1859,645.5932006835938,5643.1728515625,2.709195852279663,7.364134788513184,2.6645240783691406
1,1860,1241.78076171875,11553.7294921875,2.880263328552246,11.500882148742676,3.7738571166992188
1,1861,1312.886962890625,12128.01953125,3.3361635208129883,10.428194999694824,4.346579551696777
1,1862,1208.1632080078125,11202.02734375,2.9320144653320312,9.97160816192627,5.714276313781738
1,1863,1146.0020751953125,10632.8291015625,2.7573037147521973,9.196581840515137,7.016444206237793
1,1864,1333.1265869140625,12491.755859375,2.7983627319335938,10.310588836669922,5.744566917419434
1,1865,1159.8050537109375,10755.4892578125,2.8085367679595947,9.855145454406738,5.425205230712891
1,1866,965.9486083984375,8813.1884765625,2.8209919929504395,9.651052474975586,3.558643341064453
1,1867,1220.8050537109375,11381.5126953125,2.7551255226135254,11.097297668457031,4.658206939697266
1,1868,864.5357666015625,7871.84814453125,2.578364372253418,8.428759574890137,2.7753381729125977
1,1869,775.190673828125,6895.80859375,2.8536603450775146,7.324130535125732,2.8622169494628906
1,1870,1234.4200439453125,11447.1201171875,2.990266799926758,10.051778793334961,5.115131378173828
1,1871,1339.678955078125,12495.9609375,3.002763271331787,12.147100448608398,3.511843681335449
1,1872,684.771240234375,6015.84375,2.772894859313965,7.614721298217773,2.9956016540527344
1,1873,998.61669921875,9066.8115234375,3.0645174980163574,9.354405403137207,3.0946292877197266
1,1874,696.9929809570312,6139.6181640625,2.7677035331726074,7.202732563018799,4.0947980880737305
1,1875,1491.0328369140625,14081.58984375,2.7624597549438477,13.067062377929688,3.19339656829834
1,1876,1078.356201171875,10048.6611328125,2.4496679306030273,8.541657447814941,5.462569236755371
1,1877,995.531982421875,9248.5166015625,2.356010913848877,8.832418441772461,3.5485401153564453
1,1878,847.6437377929688,7672.2216796875,2.680718421936035,8.32900333404541,3.407377243041992
1,1879,1402.89013671875,13127.927734375,3.0032429695129395,11.88351058959961,5.3256120681762695
1,1880,1181.874267578125,10863.6015625,3.183803081512451,10.80161190032959,2.7348127365112305
1,1881,1077.2950439453125,9941.3125,2.772125720977783,9.14181900024414,3.483975410461426
1,1882,859.8540649414062,7839.2666015625,2.530911922454834,8.528218269348145,3.189586639404297
1,1883,977.425048828125,8781.736328125,3.3083810806274414,9.09857177734375,3.9978952407836914
1,1884,1066.7890625,9691.7216796875,3.2538952827453613,10.617595672607422,3.59173583984375
1,1885,870.0299072265625,7872.1259765625,2.7605772018432617,8.420309066772461,3.4250335693359375
1,1886,1022.5422973632812,9405.1083984375,2.7343811988830566,8.876248359680176,4.841432571411133
1,1887,1064.21337890625,9882.36328125,2.5325679779052734,9.05283260345459,5.915920257568359
1,1888,965.2902221679688,8853.822265625,2.6635990142822266,8.09156608581543,6.674464225769043
1,1889,970.5104370117188,8883.9248046875,2.7372632026672363,6.664862632751465,4.590375900268555
1,1890,807.072265625,7256.3876953125,2.714449882507324,7.633560657501221,3.5063676834106445
1,1891,1048.294677734375,9695.7314453125,2.6240479946136475,10.076996803283691,3.9635562896728516
1,1892,1131.670654296875,10453.93359375,2.875908613204956,9.578712463378906,4.354876518249512
1,1893,970.1578369140625,8814.7265625,2.956172466278076,8.4258451461792,4.016426086425781
1,1894,902.3290405273438,8210.2412109375,2.7101640701293945,7.990306377410889,5.353992462158203
1,1895,1513.9886474609375,14159.10546875,3.269270181655884,12.872430801391602,4.275392532348633
1,1896,1166.3450927734375,10816.3017578125,2.82382869720459,10.648775100708008,5.201154708862305
1,1897,1186.409912109375,11000.7744140625,2.8777449131011963,10.223388671875,3.8164119720458984
1,1898,1205.8275146484375,11126.6513671875,3.105410099029541,11.076833724975586,3.604494094848633
1,1899,754.1414184570312,6761.81494140625,2.598662853240967,7.674726486206055,3.9235143661499023
1,1900,1245.6126708984375,11137.6015625,4.395085334777832,9.951944351196289,4.703301429748535
1,1901,762.4457397460938,6911.82421875,2.375443458557129,7.521096706390381,3.9773473739624023
1,1902,987.3762817382812,8946.0185546875,3.092479705810547,10.18149471282959,4.646401405334473
1,1903,1089.4532470703125,9970.8125,3.0790672302246094,10.254814147949219,3.0635948181152344
1,1904,775.9466552734375,6966.3837890625,2.6436100006103516,8.81505012512207,3.857243537902832
1,1905,969.6994018554688,8803.263671875,2.9791007041931152,10.171164512634277,4.410654067993164
1,1906,980.8704833984375,8890.646484375,3.0601959228515625,7.499573707580566,5.856467247009277
1,1907,676.1864013671875,6039.76611328125,2.4069929122924805,7.037518501281738,3.5521507263183594
1,1908,1160.15380859375,10611.03515625,3.3016772270202637,11.833423614501953,3.2188100814819336
1,1909,720.9378662109375,6142.52734375,3.5561695098876953,8.295048713684082,2.3326330184936523
1,1910,952.9671020507812,8686.30859375,2.8112072944641113,9.111841201782227,3.414196014404297
1,1911,1225.62109375,11301.962890625,3.1808252334594727,11.238668441772461,3.404932975769043
1,1912,1028.447998046875,9476.3837890625,2.6936540603637695,9.31092643737793,4.416773796081543
1,1913,725.248046875,6465.91015625,2.621901273727417,6.858016014099121,3.0415496826171875
1,1914,698.390625,6263.193359375,2.4023756980895996,6.451823711395264,2.8849945068359375
1,1915,1286.0384521484375,11901.6884765625,3.1956558227539062,9.730113983154297,3.145674705505371
1,1916,871.6156616210938,7956.23095703125,2.533085346221924,8.841377258300781,4.3997650146484375
1,1917,1062.4390869140625,9834.2734375,2.6337239742279053,7.5272016525268555,6.755098342895508
1,1918,1031.12939453125,9491.419921875,2.73291277885437,10.276145935058594,2.778280258178711
1,1919,1231.667236328125,11337.1328125,3.2651329040527344,11.602415084838867,3.3526926040649414
1,1920,1013.677734375,9342.4677734375,2.6476993560791016,8.156820297241211,4.7839250564575195
1,1921,1218.067138671875,11357.763671875,2.7430269718170166,10.912907600402832,3.8338661193847656
1,1922,1110.607666015625,10243.890625,2.8739523887634277,9.626078605651855,7.11962890625
1,1923,1542.9962158203125,14490.7666015625,3.1306509971618652,12.583046913146973,4.356427192687988
1,1924,1025.296630859375,9346.576171875,3.0212998390197754,10.402364730834961,3.949936866760254
1,1925,940.33349609375,8524.103515625,2.9307711124420166,8.5233154296875,2.7354936599731445
1,1926,1114.07373046875,10288.109375,2.842094659805298,9.607290267944336,4.60413932800293
1,1927,1453.1431884765625,13599.021484375,3.1080315113067627,12.30999755859375,4.503155708312988
1,1928,1080.4522705078125,9937.98828125,2.8884499073028564,10.202127456665039,2.8393774032592773
1,1929,951.6658935546875,8672.744140625,2.81304931640625,9.487218856811523,4.09233283996582
1,1930,1328.6658935546875,12327.2705078125,3.1979618072509766,10.420614242553711,5.010875701904297
1,1931,966.0216064453125,8867.7080078125,2.641693592071533,7.060600280761719,5.507942199707031
1,1932,887.6546020507812,8061.4521484375,2.716980457305908,8.460357666015625,4.301364898681641
1,1933,872.970703125,7896.947265625,2.775864601135254,8.013059616088867,4.238918304443359
1,1934,951.3499145507812,8515.7578125,3.325803518295288,8.841238021850586,3.3540897369384766
1,1935,1101.9234619140625,10106.8271484375,3.0413575172424316,10.40273380279541,3.208804130554199
1,1936,990.8059692382812,9156.541015625,2.505061626434326,9.625211715698242,3.893857955932617
1,1937,1155.65380859375,10673.0224609375,2.945054054260254,10.229230880737305,3.4344635009765625
1,1938,1021.82275390625,9464.171875,2.5135185718536377,8.888370513916016,4.783273696899414
1,1939,1256.5159912109375,11551.51171875,3.3788251876831055,10.73779296875,3.682497024536133
1,1940,956.6035766601562,8663.8681640625,3.007225275039673,9.808798789978027,3.9141311645507812
1,1941,1109.3323974609375,10151.1162109375,3.1406936645507812,11.06894588470459,4.204493522644043
1,1942,1207.04931640625,11205.7353515625,2.882524013519287,10.718507766723633,4.187727928161621
1,1943,594.4246215820312,5097.09130859375,2.8238487243652344,5.846335411071777,3.2049598693847656
1,1944,1512.3353271484375,14223.00390625,3.001164436340332,13.483904838562012,3.16864013671875
1,1945,1021.7991943359375,9357.0224609375,2.869896411895752,8.888819694519043,2.581371307373047
1,1946,1106.2708740234375,10230.810546875,2.772994041442871,10.654617309570312,3.605855941772461
1,1947,789.760009765625,7010.28955078125,2.957700490951538,8.002727508544922,4.1420745849609375
1,1948,1146.1439208984375,10698.134765625,2.5443484783172607,10.005433082580566,4.16732120513916
1,1949,861.6173706054688,7634.52783203125,3.272151231765747,7.984790802001953,4.616574287414551
1,1950,1122.394287109375,10335.31640625,2.962087631225586,9.775712013244629,3.7798023223876953
1,1951,879.5433349609375,8044.103515625,2.504434108734131,7.689881324768066,4.035013198852539
1,1952,1006.6849975585938,8390.2138671875,5.588785648345947,8.985111236572266,4.496622085571289
1,1953,876.16357421875,7911.6591796875,2.8332529067993164,7.788687229156494,3.3873348236083984
1,1954,1249.6480712890625,11662.8037109375,2.778921127319336,10.54523754119873,3.234686851501465
1,1955,1024.490234375,9443.162109375,2.672466516494751,10.012672424316406,3.566661834716797
1,1956,1370.1612548828125,12704.69140625,3.323071002960205,12.502638816833496,3.2147178649902344
1,1957,955.90478515625,8724.41796875,2.7820982933044434,9.320516586303711,3.6855239868164062
1,1958,1227.9075927734375,11417.0947265625,2.873271942138672,10.33779525756836,3.846630096435547
1,1959,1109.3822021484375,10275.826171875,2.7266530990600586,7.618749618530273,5.5274248123168945
1,1960,675.4388427734375,5932.9384765625,2.7381646633148193,6.873146057128906,4.044635772705078
1,1961,1319.3809814453125,12336.201171875,2.8586971759796143,12.320581436157227,2.678277015686035
1,1962,1109.714599609375,10151.154296875,3.153306484222412,10.536788940429688,3.2595787048339844
1,1963,1110.70947265625,10244.271484375,2.876077175140381,9.929000854492188,4.0218095779418945
1,1964,836.75390625,7588.3798828125,2.5971972942352295,8.355749130249023,3.769533157348633
1,1965,924.02294921875,8384.927734375,2.8510046005249023,9.081157684326172,3.426586151123047
1,1966,762.033447265625,6801.6611328125,2.728909492492676,8.735753059387207,2.3810806274414062
1,1967,1037.751953125,9422.5771484375,3.1831421852111816,10.026359558105469,3.788153648376465
1,1968,909.1343383789062,8274.220703125,2.7237422466278076,9.31416130065918,2.877796173095703
1,1969,986.5885009765625,9026.505859375,2.7979307174682617,9.310286521911621,2.554842948913574
1,1970,715.606689453125,6329.11181640625,2.756517171859741,7.222090721130371,3.9535531997680664
1,1971,1069.6197509765625,9724.8935546875,3.237677812576294,7.862684726715088,5.159336090087891
1,1972,1650.9466552734375,15502.244140625,3.3574044704437256,14.17238998413086,3.7405548095703125
1,1973,1221.234375,11201.693359375,3.368835926055908,10.034281730651855,2.3720970153808594
1,1974,1719.9844970703125,16101.216796875,3.6620936393737793,13.531473159790039,5.470781326293945
1,1975,1196.14208984375,10977.671875,3.2791619300842285,11.995807647705078,3.2389936447143555
1,1976,1177.49169921875,10953.1376953125,2.7392640113830566,11.359739303588867,3.3803014755249023
1,1977,938.1491088867188,8510.408203125,2.9036097526550293,9.455788612365723,4.042787551879883
1,1978,865.89697265625,7817.0966796875,2.806243658065796,7.782772064208984,3.500652313232422
1,1979,855.8226928710938,7753.5185546875,2.6823601722717285,8.654312133789062,3.311431884765625
1,1980,896.1718139648438,7901.97265625,3.532484292984009,7.640599727630615,2.49984073638916
1,1981,727.0509033203125,6532.9638671875,2.458484649658203,6.070091247558594,3.9905481338500977
1,1982,833.5642700195312,7502.70361328125,2.7764620780944824,8.755441665649414,3.2013349533081055
1,1983,900.3544921875,8043.4521484375,3.200308322906494,8.298799514770508,4.338282585144043
1,1984,1019.657470703125,9329.01171875,2.8918755054473877,8.390480041503906,5.45075798034668
1,1985,774.0489501953125,6895.9443359375,2.8151516914367676,8.145179748535156,3.5485410690307617
1,1986,725.2606201171875,6395.171875,2.858114719390869,7.417199611663818,3.476806640625
1,1987,974.4915771484375,8806.5224609375,3.1279759407043457,9.216160774230957,4.218405723571777
1,1988,711.567138671875,6282.4013671875,2.777564525604248,8.096898078918457,4.288358688354492
1,1989,847.5823364257812,7651.3720703125,2.74817156791687,8.310111045837402,4.603635787963867
1,1990,978.8734130859375,8931.6328125,2.857003688812256,8.691247940063477,4.446623802185059
1,1991,741.275634765625,6642.8583984375,2.5663270950317383,7.412376880645752,3.2180871963500977
1,1992,698.372314453125,6137.6748046875,2.8201589584350586,7.551173210144043,3.7588558197021484
1,1993,1008.352294921875,9171.8212890625,3.039006233215332,10.067508697509766,2.6686344146728516
1,1994,1018.6018676757812,9199.2353515625,3.2892775535583496,9.543424606323242,2.635439872741699
1,1995,1104.0013427734375,10229.8212890625,2.7006423473358154,9.144067764282227,5.293521881103516
1,1996,897.3435668945312,8141.6650390625,2.7725682258605957,8.246101379394531,4.509917259216309
1,1997,986.298828125,8989.4609375,2.911757469177246,9.428319931030273,4.123659133911133
1,1998,1324.430419921875,12326.2861328125,3.060058116912842,9.177188873291016,7.490425109863281
1,1999,731.2906494140625,6548.02490234375,2.5496063232421875,7.971086502075195,4.653714179992676
1,2000,996.9832763671875,9029.984375,3.132826805114746,10.031656265258789,4.782954216003418
1,2001,1162.0970458984375,10776.84765625,2.813742160797119,11.585092544555664,4.454845428466797
1,2002,1071.9620361328125,9763.759765625,3.1862034797668457,9.554691314697266,3.5841379165649414
1,2003,1276.7996826171875,11924.64453125,2.8111727237701416,11.102991104125977,4.504400253295898
1,2004,1159.492431640625,10649.8125,3.150371551513672,11.530536651611328,3.2336244583129883
1,2005,630.7135620117188,5591.01953125,2.3870530128479004,6.701642036437988,3.86849308013916
1,2006,990.4407958984375,9058.390625,2.8200571537017822,7.957968235015869,5.2287445068359375
1,2007,1305.4459228515625,12126.7265625,3.092438220977783,11.178194999694824,3.260806083679199
1,2008,1163.7852783203125,10792.6357421875,2.8173892498016357,10.314059257507324,3.820100784301758
1,2009,1067.4146728515625,9776.6884765625,2.9915273189544678,9.584898948669434,3.0363006591796875
1,2010,948.5864868164062,8715.9462890625,2.5663936138153076,7.866689205169678,4.766839981079102
1,2011,806.0829467773438,7268.46923828125,2.6412014961242676,6.31353759765625,3.847287178039551
1,2012,1003.6521606445312,9196.177734375,2.801145315170288,10.609240531921387,2.4745750427246094
1,2013,928.5288696289062,8385.1884765625,3.000333786010742,8.540193557739258,3.77215576171875
1,2014,958.9520874023438,8772.83203125,2.7222957611083984,8.398387908935547,4.146514892578125
1,2015,812.5926513671875,7341.3525390625,2.6152474880218506,7.951475143432617,3.0649938583374023
1,2016,1100.4527587890625,10107.58984375,2.9897947311401367,9.04405403137207,5.232976913452148
1,2017,1330.722412109375,12428.5380859375,2.928950309753418,10.504596710205078,5.130776405334473
1,2018,1642.246826171875,15484.408203125,3.1268680095672607,13.300407409667969,4.946591377258301
1,2019,883.071044921875,7978.91015625,2.8393325805664062,7.8771281242370605,4.576592445373535
1,2020,796.7477416992188,7036.8056640625,3.1022374629974365,7.951283931732178,3.1330995559692383
1,2021,824.648193359375,7406.0751953125,2.8013548851013184,8.331239700317383,3.818235397338867
1,2022,1127.1732177734375,10360.87890625,3.0361757278442383,9.625804901123047,4.593846321105957
1,2023,1100.325439453125,10152.703125,2.8351688385009766,9.62966251373291,3.1611318588256836
1,2024,1013.0872802734375,9257.49609375,2.9112548828125,9.692546844482422,4.7208251953125
1,2025,875.2123413085938,7866.77294921875,2.951167583465576,7.241067886352539,5.286630630493164
1,2026,1023.934814453125,9364.75,2.9153261184692383,9.096148490905762,4.787674903869629
1,2027,992.7073974609375,8993.4677734375,3.11202073097229,9.339272499084473,3.195096969604492
1,2028,831.0638427734375,7569.3955078125,2.470808506011963,7.528547763824463,3.5095319747924805
1,2029,869.72216796875,7838.3212890625,2.862999439239502,6.541538238525391,5.206575393676758
1,2030,926.5851440429688,8438.5869140625,2.757547616958618,8.743019104003906,4.832912445068359
1,2031,1153.2734375,10703.0390625,2.7656490802764893,9.669573783874512,5.594793319702148
1,2032,955.85888671875,8704.923828125,2.8455514907836914,10.227376937866211,2.8797035217285156
1,2033,975.4340209960938,8830.796875,3.078477621078491,9.472285270690918,3.714071273803711
1,2034,928.751220703125,8415.666015625,2.9061553478240967,9.216474533081055,2.686873435974121
1,2035,1064.57177734375,9730.3515625,3.0512211322784424,10.439102172851562,2.858095169067383
1,2036,838.2612915039062,7571.9404296875,2.702241897583008,8.184744834899902,3.6327123641967773
1,2037,806.0857543945312,7269.38720703125,2.6382346153259277,6.425762176513672,4.851556777954102
1,2038,1464.974853515625,13806.580078125,2.8105592727661133,13.544392585754395,3.8166637420654297
1,2039,1270.0628662109375,11821.34375,2.930948257446289,10.286948204040527,5.829465866088867
1,2040,1677.554931640625,15794.9765625,3.2685742378234863,12.787870407104492,4.901541709899902
1,2041,974.5708618164062,8974.935546875,2.5692431926727295,7.152508735656738,3.6053390502929688
1,2042,1018.71923828125,9394.4716796875,2.642401695251465,9.297576904296875,3.2774486541748047
1,2043,1158.2158203125,10677.4248046875,3.0157735347747803,9.152226448059082,3.508207321166992
1,2044,1222.3653564453125,11279.181640625,3.14823842048645,10.719109535217285,2.437018394470215
1,2045,786.5283813476562,7143.2314453125,2.406839609146118,7.27637243270874,3.2156457901000977
1,2046,999.8885498046875,9071.97265625,3.0897083282470703,10.206405639648438,3.090158462524414
1,2047,995.895263671875,9184.1123046875,2.582801342010498,8.062715530395508,4.291831016540527
1,2048,1799.8271484375,17115.255859375,2.9433841705322266,10.231866836547852,7.575773239135742
1,2049,1363.6414794921875,12771.212890625,2.8840043544769287,11.249303817749023,4.619017601013184
1,2050,845.454833984375,7668.91015625,2.618793487548828,8.798239707946777,3.6777992248535156
1,2051,632.528564453125,5510.82470703125,2.7148702144622803,7.9923553466796875,2.7345237731933594
1,2052,786.76513671875,7003.1328125,2.8817286491394043,7.40875244140625,4.143416404724121
1,2053,984.9688720703125,9093.1201171875,2.521894931793213,9.969212532043457,3.708237648010254
1,2054,991.9036254882812,8997.556640625,3.071598529815674,8.101852416992188,4.5277814865112305
1,2055,839.2796630859375,7465.8017578125,3.0899810791015625,8.275524139404297,3.9937219619750977
1,2056,1492.9495849609375,13912.1943359375,3.391003370285034,12.371755599975586,4.620293617248535
1,2057,1359.0,12746.0810546875,2.813062906265259,9.845663070678711,5.230406761169434
1,2058,1511.57666015625,14082.419921875,3.4444854259490967,12.822510719299316,3.284377098083496
1,2059,756.1328125,6599.712890625,3.2053842544555664,7.875697612762451,2.6727218627929688
1,2060,1000.0970458984375,9192.9287109375,2.6934709548950195,9.342811584472656,3.76126766204834
1,2061,914.82080078125,8291.2333984375,2.856581687927246,8.569785118103027,4.703500747680664
1,2062,829.306640625,7479.6298828125,2.711454391479492,8.686481475830078,3.494058609008789
1,2063,888.0360107421875,8024.40576171875,2.8531808853149414,9.636940002441406,2.5193729400634766
1,2064,751.1211547851562,6625.1025390625,2.9536972045898438,7.450366497039795,2.134392738342285
1,2065,1029.6614990234375,9389.806640625,3.022693157196045,9.733434677124023,3.258554458618164
1,2066,1676.963134765625,15967.712890625,2.6730599403381348,12.06816291809082,5.896323204040527
1,2067,1354.2135009765625,12596.2734375,3.1528725624084473,11.350241661071777,5.564268112182617
1,2068,1089.0640869140625,10146.7607421875,2.4796009063720703,10.134517669677734,4.074804306030273
1,2069,1277.7349853515625,11754.1689453125,3.410602569580078,11.506118774414062,5.067358016967773
1,2070,1082.0948486328125,9851.5263671875,3.23140549659729,8.400718688964844,6.004070281982422
1,2071,1069.225341796875,9874.46484375,2.7259624004364014,7.313377380371094,7.031796455383301
1,2072,1516.540283203125,11582.71875,11.942281723022461,10.576906204223633,3.361983299255371
1,2073,967.70703125,8768.228515625,3.029470920562744,9.470719337463379,3.539295196533203
1,2074,1244.0677490234375,11375.16015625,3.5517237186431885,9.168916702270508,4.50755500793457
1,2075,848.1810913085938,7570.7294921875,3.036938190460205,8.162557601928711,4.3460845947265625
1,2076,1046.358642578125,9551.931640625,3.038848876953125,9.670992851257324,4.478828430175781
1,2077,1206.5804443359375,11008.767578125,3.5234527587890625,10.898298263549805,3.6241064071655273
1,2078,973.5734252929688,8969.6259765625,2.553694486618042,8.287500381469727,3.6588430404663086
1,2079,835.0860595703125,7374.4921875,3.254560947418213,7.828643798828125,3.8655452728271484
1,2080,1137.9158935546875,10402.134765625,3.256746292114258,10.487686157226562,5.191667556762695
1,2081,790.2073364257812,7029.84765625,2.9074172973632812,7.955644607543945,4.471149444580078
1,2082,1215.8170166015625,11331.12109375,2.7568283081054688,8.53230094909668,6.275774955749512
1,2083,771.6156005859375,6864.61083984375,2.838481903076172,8.363876342773438,4.283967018127441
1,2084,1026.274658203125,9394.3857421875,2.894536018371582,9.346038818359375,6.090471267700195
1,2085,732.7310791015625,6551.53125,2.5859320163726807,6.948764324188232,2.8630781173706055
1,2086,771.945556640625,6914.1767578125,2.6842634677886963,8.41318130493164,3.4883670806884766
1,2087,851.8687744140625,7417.84716796875,3.669468402862549,6.978221416473389,3.907136917114258
1,2088,595.7575073242188,5220.68798828125,2.4562902450561523,5.33953857421875,3.81362247467041
1,2089,958.9247436523438,8720.18359375,2.896878242492676,9.467668533325195,4.012353897094727
1,2090,857.464111328125,7728.33642578125,2.821014642715454,8.446914672851562,4.2244367599487305
1,2091,920.1610717773438,8396.833984375,2.682589292526245,9.68289852142334,2.925525665283203
1,2092,1005.80322265625,9026.8056640625,3.4374215602874756,8.78499984741211,4.621044158935547
1,2093,1239.458984375,11496.265625,2.994415044784546,10.165987968444824,3.675896644592285
1,2094,927.3278198242188,8487.5263671875,2.619174003601074,7.950901508331299,4.058205604553223
1,2095,1157.81982421875,10697.765625,2.934774398803711,10.805787086486816,4.3896284103393555
1,2096,913.5765991210938,8319.015625,2.722500801086426,10.163406372070312,3.7213401794433594
1,2097,1248.250732421875,11686.3642578125,2.65380859375,10.913751602172852,4.538471221923828
1,2098,1293.053466796875,12045.4775390625,2.950190544128418,9.490565299987793,7.688275337219238
1,2099,1210.7340087890625,11244.5048828125,2.876114845275879,11.120080947875977,4.565089225769043
1,2100,1059.0897216796875,9737.275390625,2.8454065322875977,8.680092811584473,3.3928422927856445
1,2101,1109.661865234375,10329.205078125,2.5580461025238037,10.36091136932373,4.363603591918945
1,2102,1041.7374267578125,9501.3896484375,3.053280830383301,9.923389434814453,4.057733535766602
1,2103,704.79736328125,6184.64990234375,2.8777451515197754,8.553059577941895,3.382932662963867
1,2104,877.84765625,7963.365234375,2.7170376777648926,8.093473434448242,3.213287353515625
1,2105,953.531982421875,8424.83984375,3.701599597930908,8.432082176208496,2.277682304382324
1,2106,812.1175537109375,7373.40673828125,2.4925622940063477,8.177288055419922,3.0146865844726562
1,2107,570.8330078125,5027.55322265625,2.269256114959717,5.009621620178223,3.223752021789551
1,2108,970.8973388671875,8828.7255859375,2.934159278869629,9.025054931640625,3.0937767028808594
1,2109,1060.0379638671875,9820.498046875,2.599606990814209,9.786344528198242,5.424633979797363
1,2110,1074.552001953125,9890.38671875,2.850442409515381,10.417539596557617,3.95123291015625
1,2111,854.1569213867188,7770.1416015625,2.5714259147644043,8.562070846557617,4.656246185302734
1,2112,881.8800659179688,7951.70458984375,2.89031982421875,8.199007034301758,3.0161008834838867
1,2113,945.734619140625,8602.92578125,2.8480679988861084,8.936603546142578,3.7293920516967773
1,2114,720.5890502929688,6474.791015625,2.436997890472412,8.214856147766113,4.256298065185547
1,2115,978.9155883789062,8871.283203125,3.059575080871582,8.921721458435059,4.82877254486084
1,2116,934.870361328125,8515.6962890625,2.7766895294189453,9.95290470123291,3.9139814376831055
1,2117,801.3760375976562,7283.62451171875,2.4337849617004395,8.81496810913086,3.1574859619140625
1,2118,1223.0277099609375,11265.4921875,3.2159523963928223,11.700666427612305,4.833884239196777
1,2119,1541.3079833984375,14488.029296875,3.0835018157958984,13.86380672454834,4.1993865966796875
1,2120,1395.7176513671875,12976.6875,3.2682931423187256,12.830653190612793,3.8504934310913086
1,2121,1333.6737060546875,12387.283203125,3.164843797683716,9.761592864990234,6.34799861907959
1,2122,640.1282958984375,5675.615234375,2.4188926219940186,7.20733642578125,3.4866819381713867
1,2123,704.6967163085938,6217.75732421875,2.764031410217285,7.354584217071533,3.823728561401367
1,2124,829.4794311523438,7352.201171875,3.1419758796691895,8.599275588989258,4.473711013793945
1,2125,1053.6309814453125,9558.0234375,3.260953426361084,10.268609046936035,4.298357009887695
1,2126,1355.9586181640625,12605.0615234375,3.181746006011963,10.98947811126709,3.843386650085449
1,2127,928.13134765625,8404.91796875,2.9213178157806396,7.914133071899414,5.469379425048828
1,2128,1402.0640869140625,13162.57421875,2.8602209091186523,12.545503616333008,3.7433109283447266
1,2129,656.0770263671875,5784.61474609375,2.587183952331543,5.6619038581848145,3.6176795959472656
1,2130,1214.7076416015625,11306.6865234375,2.8012962341308594,9.71419906616211,3.250197410583496
1,2131,943.594970703125,8509.7216796875,3.0874276161193848,8.632894515991211,2.851456642150879
1,2132,1081.0687255859375,9962.2265625,2.828202724456787,9.66476821899414,5.282912254333496
1,2133,1680.757080078125,15846.01171875,3.2051939964294434,13.99170207977295,5.216794013977051
1,2134,1152.8953857421875,10653.9658203125,2.9166269302368164,10.921224594116211,5.1038970947265625
1,2135,1168.54296875,10726.1201171875,3.1976981163024902,10.476731300354004,3.579178810119629
1,2136,1201.91015625,11182.08203125,2.7900631427764893,9.62513542175293,5.23079776763916
1,2137,1206.306640625,11189.8916015625,2.91058349609375,11.877872467041016,3.9317588806152344
1,2138,870.4696655273438,7633.87890625,3.5693936347961426,8.925403594970703,3.756967544555664
1,2139,1127.5469970703125,10431.29296875,2.8139231204986572,10.505355834960938,4.078460693359375
1,2140,885.9379272460938,8076.337890625,2.6101372241973877,6.326617240905762,5.575789451599121
1,2141,886.9630737304688,7940.4716796875,3.0971968173980713,9.700028419494629,2.903371810913086
1,2142,805.6588745117188,7194.1279296875,2.8748703002929688,7.285297393798828,3.8900585174560547
1,2143,1455.06298828125,13618.7197265625,3.1063661575317383,12.61780834197998,3.2243614196777344
1,2144,831.9735107421875,7464.78759765625,2.849825620651245,8.00982666015625,3.456597328186035
1,2145,1354.7520751953125,12631.5791015625,3.0531375408172607,12.365683555603027,2.995537757873535
1,2146,865.217041015625,7845.1953125,2.6899170875549316,9.102386474609375,2.4173460006713867
1,2147,893.1842651367188,8214.8212890625,2.390071153640747,9.017449378967285,3.4436826705932617
1,2148,1285.0323486328125,11930.791015625,3.0651063919067383,11.273820877075195,3.4796600341796875
1,2149,647.7999267578125,5667.1142578125,2.7029504776000977,6.716404438018799,3.488816261291504
1,2150,1500.09619140625,13997.3359375,3.345418930053711,13.337847709655762,3.505904197692871
1,2151,1897.4248046875,18086.580078125,2.9588918685913086,14.33920955657959,4.558228492736816
1,2152,1137.2518310546875,10531.1982421875,2.804399013519287,11.463703155517578,3.455373764038086
1,2153,880.338623046875,7958.26708984375,2.817063331604004,7.4929304122924805,3.670027732849121
1,2154,644.164794921875,5618.65771484375,2.7433013916015625,6.846501350402832,2.396373748779297
1,2155,824.80029296875,7451.96728515625,2.6534531116485596,7.779047966003418,2.760845184326172
1,2156,846.685791015625,7653.5869140625,2.710902690887451,9.198381423950195,4.295270919799805
1,2157,1059.07421875,9841.919921875,2.4960737228393555,9.251213073730469,3.4536752700805664
1,2158,726.8966064453125,6500.47119140625,2.5616493225097656,7.050775051116943,3.2680225372314453
1,2159,1080.3212890625,9821.212890625,3.27333402633667,10.991965293884277,3.0514230728149414
1,2160,834.7241821289062,7558.376953125,2.629549264907837,8.948040008544922,4.477069854736328
1,2161,1081.6707763671875,9947.697265625,2.896700859069824,9.140298843383789,3.5584278106689453
1,2162,1110.542724609375,10202.9423828125,3.00828218460083,10.658814430236816,2.751816749572754
1,2163,898.15625,8111.23974609375,2.9010770320892334,9.214399337768555,3.3396730422973633
1,2164,847.6718139648438,7491.44287109375,3.2842514514923096,8.525457382202148,4.828380584716797
1,2165,1019.592529296875,9262.7646484375,3.1105337142944336,10.473320007324219,3.5232295989990234
1,2166,1050.197509765625,9576.228515625,3.0858230590820312,10.075187683105469,2.6216421127319336
1,2167,634.23388671875,5629.49365234375,2.376150608062744,6.164427280426025,2.8758068084716797
1,2168,1257.1888427734375,11780.03125,2.6395225524902344,11.652037620544434,3.1209402084350586
1,2169,1340.779296875,12526.5498046875,2.9374773502349854,11.389492988586426,3.835744857788086
1,2170,870.313720703125,7846.185546875,2.8565049171447754,8.821836471557617,4.5134382247924805
1,2171,948.3387451171875,8589.162109375,2.9807512760162354,9.694175720214844,5.292511940002441
1,2172,780.445068359375,6940.7734375,2.8789238929748535,8.467984199523926,4.060220718383789
1,2173,1018.5752563476562,9151.4755859375,3.447589635848999,8.109012603759766,4.2129058837890625
1,2174,1128.724609375,10341.373046875,3.152907371520996,10.417423248291016,4.08652400970459
1,2175,1306.6221923828125,12130.9755859375,3.1174888610839844,11.008993148803711,3.989253044128418
1,2176,1196.551025390625,11022.8466796875,3.142212390899658,11.447882652282715,3.497065544128418
1,2177,1031.9771728515625,9480.9609375,2.7960360050201416,7.756490707397461,5.1801347732543945
1,2178,967.5828857421875,8772.49609375,3.011107921600342,8.519572257995605,4.182945251464844
1,2179,1057.12646484375,9761.3994140625,2.6995482444763184,10.419297218322754,3.4694080352783203
1,2180,858.6873168945312,7755.103515625,2.772564172744751,7.024242401123047,5.141721725463867
1,2181,785.9586181640625,7068.548828125,2.636789560317993,9.283029556274414,2.8238115310668945
1,2182,1449.7279052734375,13612.9306640625,2.947828531265259,13.473604202270508,2.752436637878418
1,2183,1315.74072265625,12235.927734375,3.071598529815674,11.75300407409668,3.865182876586914
1,2184,929.9044799804688,8518.392578125,2.602172613143921,8.220276832580566,4.877370834350586
1,2185,1025.8270263671875,9379.15625,2.9303789138793945,9.076826095581055,4.805246353149414
1,2186,1308.61083984375,12277.15625,2.6965060234069824,9.30213451385498,7.383627891540527
1,2187,930.1455078125,8470.7890625,2.7688865661621094,9.119183540344238,4.341545104980469
1,2188,673.2486572265625,5861.62744140625,2.9028618335723877,7.163198471069336,3.7389516830444336
1,2189,837.9490356445312,7598.7734375,2.602389335632324,8.018434524536133,3.164865493774414
1,2190,1211.4708251953125,11218.375,2.987776041030884,10.442325592041016,3.5878772735595703
1,2191,939.0439453125,8512.8330078125,2.925354480743408,8.795831680297852,2.600264549255371
1,2192,1212.690673828125,11382.419921875,2.4816203117370605,9.434063911437988,6.982672691345215
1,2193,946.2353515625,8659.2060546875,2.6771583557128906,8.988032341003418,4.55886173248291
1,2194,1240.148681640625,11607.1513671875,2.647784471511841,11.900318145751953,4.493094444274902
1,2195,955.0654296875,8755.5126953125,2.65047287940979,10.161039352416992,3.19876766204834
1,2196,874.79345703125,7871.21484375,2.922398090362549,8.81730842590332,4.972356796264648
1,2197,1121.581787109375,10152.169921875,3.5454916954040527,10.229060173034668,5.277970314025879
1,2198,1144.794677734375,10507.46875,3.1349241733551025,9.334709167480469,4.60921573638916
1,2199,938.7489624023438,8545.2099609375,2.807598829269409,10.360668182373047,3.102630615234375
1,2200,1294.36669921875,12023.955078125,3.065706968307495,11.087714195251465,3.019381523132324
1,2201,1169.6739501953125,10846.2919921875,2.834824323654175,11.09598159790039,3.0817184448242188
1,2202,1129.7615966796875,10331.4765625,3.220463514328003,9.847108840942383,4.316205024719238
1,2203,723.4417724609375,6516.44384765625,2.3932454586029053,7.9306488037109375,3.432565689086914
1,2204,1410.671630859375,13250.7421875,2.853248119354248,11.30528450012207,5.2743940353393555
1,2205,883.3692626953125,8032.39599609375,2.670987844467163,8.307708740234375,3.622404098510742
1,2206,914.4204711914062,8291.431640625,2.8425755500793457,9.141902923583984,3.7988462448120117
1,2207,1024.0489501953125,9341.1083984375,2.997936248779297,9.483945846557617,3.4332103729248047
1,2208,1002.0857543945312,9093.318359375,3.091796398162842,9.893742561340332,3.2478084564208984
1,2209,729.7120361328125,6364.755859375,3.1078805923461914,7.835065841674805,3.224062919616699
1,2210,916.6868896484375,8354.369140625,2.708331823348999,8.566368103027344,4.984373092651367
1,2211,1096.3743896484375,10077.25,2.9549784660339355,9.293472290039062,5.361386299133301
1,2212,1158.1934814453125,10572.193359375,3.365804672241211,10.655435562133789,3.7113113403320312
1,2213,1341.8001708984375,12440.3837890625,3.258725643157959,11.589435577392578,3.85867977142334
1,2214,912.6895141601562,8394.263671875,2.4421048164367676,8.750581741333008,3.069713592529297
1,2215,1389.54833984375,13050.130859375,2.8178417682647705,12.584127426147461,1.9851455688476562
1,2216,1034.327880859375,9507.38671875,2.7863070964813232,10.167329788208008,3.0499887466430664
1,2217,822.8361206054688,7395.759765625,2.7753372192382812,8.539422988891602,3.285223960876465
1,2218,1083.9801025390625,9981.958984375,2.8594741821289062,9.836053848266602,3.8074302673339844
1,2219,1656.086669921875,15645.4462890625,3.0514016151428223,12.732738494873047,5.199664115905762
1,2220,1120.545654296875,10385.125,2.73443603515625,10.546956062316895,2.8641443252563477
1,2221,799.2037963867188,7138.34375,2.845646858215332,8.523914337158203,3.0819005966186523
1,2222,1174.8465576171875,10882.8046875,2.8855347633361816,10.908227920532227,3.2167539596557617
1,2223,764.3311157226562,6878.693359375,2.5487260818481445,8.793127059936523,2.502044677734375
1,2224,854.4317626953125,7618.041015625,3.087588310241699,8.093921661376953,3.4573822021484375
1,2225,1449.8731689453125,13583.6572265625,3.050248146057129,10.35033893585205,5.456938743591309
1,2226,891.4711303710938,8040.869140625,2.9128079414367676,10.630500793457031,2.8473854064941406
1,2227,1021.10888671875,9404.099609375,2.689962863922119,9.636268615722656,5.394203186035156
1,2228,986.1087036132812,8980.8203125,2.9342222213745117,9.394728660583496,3.067643165588379
1,2229,727.4188232421875,6317.1611328125,3.1900901794433594,7.276471138000488,3.3610286712646484
1,2230,1105.062744140625,10275.3115234375,2.5843870639801025,10.303967475891113,4.567322731018066
1,2231,947.2025146484375,8613.3974609375,2.862091064453125,9.462211608886719,3.447172164916992
1,2232,658.251708984375,5732.16650390625,2.834500789642334,6.339657783508301,3.5163755416870117
1,2233,817.770751953125,7366.470703125,2.7041218280792236,8.273321151733398,4.073400497436523
1,2234,1117.5255126953125,10300.8994140625,2.9145193099975586,11.138484954833984,3.149700164794922
1,2235,1012.7875366210938,9014.021484375,3.712846040725708,10.066390991210938,2.4427900314331055
1,2236,1155.14990234375,10691.427734375,2.8669047355651855,10.0038480758667,4.844728469848633
1,2237,745.7637939453125,6070.2998046875,4.624462127685547,7.4054670333862305,3.8350276947021484
1,2238,837.2697143554688,7508.79541015625,2.879671096801758,7.029832363128662,3.5043210983276367
1,2239,1088.56298828125,10092.5625,2.643555164337158,9.651790618896484,3.0205392837524414
1,2240,997.294921875,9147.375,2.751915454864502,8.437828063964844,5.3816680908203125
1,2241,1363.9681396484375,12707.166015625,3.108382225036621,11.697338104248047,3.4066429138183594
1,2242,957.5769653320312,8734.9638671875,2.8026859760284424,9.106672286987305,3.3573408126831055
1,2243,871.4093017578125,7887.87841796875,2.754049301147461,8.997541427612305,2.170626640319824
1,2244,1168.409423828125,10842.984375,2.803699016571045,8.489523887634277,6.844516754150391
1,2245,1333.461181640625,12355.763671875,3.2628250122070312,10.96580696105957,4.629186630249023
1,2246,1164.180419921875,10805.9609375,2.786146640777588,10.092090606689453,4.527301788330078
1,2247,1020.2919921875,9429.640625,2.5775983333587646,10.395746231079102,3.854334831237793
1,2248,1148.6497802734375,10603.59375,2.943014144897461,10.729158401489258,3.344573974609375
1,2249,960.2260131835938,8701.0107421875,3.004164218902588,9.937299728393555,3.193939208984375
1,2250,1468.3076171875,13715.5458984375,3.2251029014587402,11.65237045288086,4.008302688598633
1,2251,1014.1761474609375,9278.19921875,2.878540277481079,9.085067749023438,4.74444580078125
1,2252,869.62353515625,7980.0927734375,2.387141704559326,5.462900638580322,6.086883544921875
1,2253,715.711669921875,6284.53125,2.908618927001953,8.692024230957031,2.574660301208496
1,2254,1277.54931640625,11999.37890625,2.5870463848114014,8.14588451385498,6.496405601501465
1,2255,1137.510498046875,10523.80859375,2.8376541137695312,9.715365409851074,2.6917028427124023
1,2256,883.7194213867188,8060.5341796875,2.588867664337158,8.942756652832031,3.5316200256347656
1,2257,1227.491455078125,11470.54296875,2.681236982345581,11.902682304382324,4.200528144836426
1,2258,1154.53857421875,10743.1865234375,2.6739931106567383,9.306193351745605,5.919229507446289
1,2259,853.863525390625,7780.58203125,2.526844024658203,8.728495597839355,3.8539037704467773
1,2260,981.2056884765625,8918.587890625,2.978228807449341,8.503982543945312,4.00926399230957
1,2261,1231.527587890625,11508.267578125,2.690025806427002,10.415510177612305,4.145374298095703
1,2262,829.5128784179688,7461.2353515625,2.7796454429626465,7.506596565246582,3.4984865188598633
1,2263,1310.261474609375,12184.3056640625,3.0610299110412598,10.343183517456055,5.252992630004883
1,2264,806.4453735351562,7285.75732421875,2.5956544876098633,8.330131530761719,2.693984031677246
1,2265,1095.693115234375,10094.642578125,2.874295711517334,10.776037216186523,4.027941703796387
1,2266,839.6165771484375,7532.61572265625,2.8784985542297363,7.672708034515381,3.2724838256835938
1,2267,1193.336669921875,10237.3203125,5.653486251831055,9.066095352172852,4.884838104248047
1,2268,1232.25537109375,11558.8271484375,2.5457541942596436,10.119159698486328,4.164738655090332
1,2269,1060.6209716796875,9772.005859375,2.7806785106658936,11.313614845275879,3.8271865844726562
1,2270,1423.6717529296875,13061.82421875,3.916307210922241,13.215614318847656,4.157754898071289
1,2271,1163.7362060546875,10768.01953125,2.897808074951172,10.061173439025879,3.98175048828125
1,2272,1185.7659912109375,10996.501953125,2.8705224990844727,9.803232192993164,4.35225772857666
1,2273,956.2667236328125,8656.9140625,3.019177198410034,9.572717666625977,4.224705696105957
1,2274,1075.2037353515625,9743.98828125,3.360163450241089,10.383731842041016,4.078227996826172
1,2275,697.5991821289062,6079.10400390625,2.98962664604187,8.24879264831543,2.869007110595703
1,2276,960.6103515625,8810.50390625,2.6519970893859863,9.371916770935059,4.396414756774902
1,2277,784.4217529296875,7041.587890625,2.6754322052001953,7.678957939147949,4.343836784362793
1,2278,1132.482421875,10496.802734375,2.7600715160369873,10.674764633178711,3.9734086990356445
1,2279,834.2137451171875,7598.34521484375,2.4793074131011963,8.409667015075684,3.0916872024536133
1,2280,1158.1556396484375,10726.509765625,2.8501546382904053,9.391800880432129,4.3393096923828125
1,2281,826.0946044921875,7426.732421875,2.7807118892669678,8.069007873535156,3.7388925552368164
1,2282,795.6824340820312,7131.4892578125,2.751117706298828,7.732072830200195,3.222951889038086
1,2283,734.793212890625,6578.0068359375,2.5664167404174805,7.9995951652526855,2.5758094787597656
1,2284,1005.8035888671875,9238.5751953125,2.731534242630005,9.826193809509277,2.9356298446655273
1,2285,891.20361328125,8062.75341796875,2.830941677093506,10.358158111572266,2.8848438262939453
1,2286,1019.6051635742188,9315.6142578125,2.9347891807556152,9.991849899291992,5.244997978210449
1,2287,1098.5267333984375,10123.7724609375,2.871649742126465,10.679667472839355,3.5510759353637695
1,2288,1068.943115234375,9876.4111328125,2.7100653648376465,9.424558639526367,3.1781835556030273
1,2289,1153.39892578125,10690.078125,2.8130364418029785,10.056544303894043,4.059467315673828
1,2290,1072.3641357421875,9767.0654296875,3.188586711883545,9.323925018310547,4.8812360763549805
1,2291,1030.41796875,9566.412109375,2.459225654602051,9.628190994262695,4.326322555541992
1,2292,1005.49609375,9210.294921875,2.815553665161133,8.7916259765625,4.4175920486450195
1,2293,959.7664794921875,8772.41796875,2.750821113586426,8.872640609741211,4.158247947692871
1,2294,794.9593505859375,7101.6416015625,2.8265058994293213,7.437664031982422,4.729109764099121
1,2295,1032.48583984375,9559.8779296875,2.549936294555664,7.758675575256348,4.806879997253418
1,2296,801.0018310546875,7205.13916015625,2.682929754257202,8.879810333251953,3.866549491882324
1,2297,949.3798828125,8650.09765625,2.8123369216918945,9.585034370422363,2.761749267578125
1,2298,1178.0167236328125,11039.501953125,2.468883752822876,10.371037483215332,4.4517669677734375
1,2299,755.3385009765625,6769.0908203125,2.614313840866089,7.388411998748779,2.762824058532715
1,2300,618.0432739257812,5338.69921875,2.8057785034179688,7.644108772277832,3.5149431228637695
1,2301,1109.3131103515625,10220.537109375,2.9086458683013916,10.091562271118164,4.073824882507324
1,2302,646.9649658203125,5726.9404296875,2.475698471069336,6.561896324157715,3.1307973861694336
1,2303,982.2098388671875,8965.736328125,2.8545379638671875,10.681402206420898,3.868414878845215
1,2304,878.2167358398438,7934.52880859375,2.8254611492156982,7.777273178100586,3.75555419921875
1,2305,810.9423828125,7314.00146484375,2.6514081954956055,8.229464530944824,4.525661468505859
1,2306,1072.657470703125,9838.927734375,2.958824634552002,9.291857719421387,4.543129920959473
1,2307,781.2960815429688,6993.45361328125,2.731689929962158,7.9338483810424805,4.432234764099121
1,2308,840.7001342773438,7620.986328125,2.6200497150421143,8.74455451965332,3.223173141479492
1,2309,855.0946044921875,7749.712890625,2.6707754135131836,8.233209609985352,3.0145978927612305
1,2310,1088.107177734375,10069.7841796875,2.7042922973632812,10.200506210327148,3.233445167541504
1,2311,1350.7801513671875,12675.3671875,2.7747786045074463,11.852409362792969,4.151766777038574
1,2312,803.5980834960938,7158.716796875,2.924213171005249,6.701420783996582,4.243047714233398
1,2313,1105.4725341796875,10263.138671875,2.638622283935547,10.760784149169922,4.16826057434082
1,2314,1232.764892578125,11447.677734375,2.9332337379455566,10.34329891204834,4.475276947021484
1,2315,666.8804321289062,5943.19140625,2.4187088012695312,7.591775894165039,2.5956125259399414
1,2316,859.1139526367188,7735.380859375,2.852529764175415,6.788114070892334,4.228470802307129
1,2317,854.2685546875,7655.3525390625,2.9577770233154297,8.64933967590332,3.0821895599365234
1,2318,811.208251953125,7307.1435546875,2.6831302642822266,8.213470458984375,2.791522979736328
1,2319,866.2272338867188,7904.322265625,2.5264992713928223,7.849817752838135,4.991259574890137
1,2320,1070.9306640625,9799.2578125,3.0334970951080322,9.762821197509766,4.813188552856445
1,2321,1472.649658203125,13808.421875,3.0602495670318604,10.530811309814453,5.129519462585449
1,2322,1100.0726318359375,9956.833984375,3.4796388149261475,10.390018463134766,2.7136592864990234
1,2323,809.5594482421875,7206.04833984375,2.9651527404785156,8.278881072998047,3.626065254211426
1,2324,898.662841796875,8214.052734375,2.575252056121826,8.690213203430176,3.3061838150024414
1,2325,747.6988525390625,5933.8828125,5.143685340881348,7.2341084480285645,3.181309700012207
1,2326,1069.9051513671875,9878.8935546875,2.733860492706299,10.22472858428955,2.79971981048584
1,2327,727.907958984375,6464.1767578125,2.716343879699707,8.050870895385742,3.2069835662841797
1,2328,1143.15625,10511.4140625,3.067157745361328,9.882568359375,3.1279525756835938
1,2329,892.3117065429688,8024.3642578125,2.9958415031433105,9.122038841247559,3.8242101669311523
1,2330,818.0428466796875,7424.0048828125,2.5214104652404785,7.174210548400879,5.474264144897461
1,2331,1125.19873046875,10359.92578125,2.973540782928467,10.15211296081543,4.679105758666992
1,2332,1188.6058349609375,11038.12890625,2.826432704925537,9.675658226013184,5.419511795043945
1,2333,880.2733154296875,7896.154296875,3.0219309329986572,9.77878189086914,2.426266670227051
1,2334,1105.927001953125,10176.4736328125,2.942652702331543,10.878293991088867,3.0035171508789062
1,2335,1524.1204833984375,14393.7724609375,2.824772596359253,13.32750129699707,3.181910514831543
1,2336,1035.625732421875,9469.5244140625,2.9557762145996094,10.21603775024414,3.7652816772460938
1,2337,957.0158081054688,8672.2880859375,2.9928998947143555,9.09846019744873,3.827951431274414
1,2338,849.3214721679688,7561.267578125,3.1064908504486084,8.622565269470215,4.144077301025391
1,2339,860.6362915039062,7772.390625,2.7799065113067627,9.316535949707031,3.9516429901123047
1,2340,1391.4429931640625,13114.9921875,2.6647896766662598,11.43215560913086,4.347430229187012
1,2341,967.2142333984375,8856.26953125,2.719576835632324,7.9745402336120605,4.70439338684082
1,2342,1110.4757080078125,10173.4599609375,3.1043219566345215,10.861783027648926,3.5979480743408203
1,2343,823.9151611328125,7462.93310546875,2.5873935222625732,7.250196933746338,4.068102836608887
1,2344,1116.4384765625,10284.66015625,2.932412624359131,9.598274230957031,5.9700117111206055
1,2345,926.1576538085938,8462.640625,2.663119077682495,8.899642944335938,4.488529205322266
1,2346,739.0498657226562,6487.4560546875,3.010141611099243,7.021391868591309,4.135049819946289
1,2347,1072.845703125,9894.7841796875,2.778907299041748,10.124322891235352,3.498467445373535
1,2348,745.7609252929688,6615.4638671875,2.8071513175964355,8.168625831604004,3.024393081665039
1,2349,894.9194946289062,8155.04931640625,2.647151470184326,8.295583724975586,3.723212242126465
1,2350,1227.5269775390625,11420.9921875,2.8475892543792725,11.238245964050293,2.3622188568115234
1,2351,843.6943969726562,7671.81884765625,2.55041766166687,9.397125244140625,3.108518600463867
1,2352,816.3768310546875,7273.97216796875,2.9659881591796875,7.949056625366211,3.044881820678711
1,2353,706.0685424804688,6115.923828125,3.1492042541503906,6.7778215408325195,2.2419586181640625
1,2354,1225.181396484375,11343.130859375,3.028942823410034,10.809968948364258,4.251995086669922
1,2355,917.133544921875,7913.85693359375,4.191595554351807,9.376270294189453,3.3407821655273438
1,2356,833.7078247070312,7554.7890625,2.6076300144195557,8.266618728637695,2.944080352783203
1,2357,1156.98828125,10682.35546875,2.958423614501953,11.951153755187988,3.4606714248657227
1,2358,724.6868286132812,6478.8291015625,2.5601296424865723,8.43867301940918,3.8587284088134766
1,2359,542.38623046875,4685.4521484375,2.4613664150238037,6.023990154266357,4.0213165283203125
1,2360,1108.6651611328125,10269.6767578125,2.7232494354248047,10.062744140625,3.4439992904663086
1,2361,635.645263671875,5553.865234375,2.675290584564209,6.011935710906982,2.6932010650634766
1,2362,1303.59619140625,12064.0791015625,3.239607334136963,9.1632080078125,7.300469398498535
1,2363,1464.4879150390625,13743.80859375,3.0035669803619385,13.976470947265625,4.120394706726074
1,2364,1155.8936767578125,10728.50390625,2.768106460571289,10.81855583190918,3.390676498413086
1,2365,982.1322631835938,8885.1513671875,3.1205716133117676,10.46131706237793,3.953561782836914
1,2366,955.8170166015625,8721.818359375,2.7878403663635254,9.561302185058594,3.35469913482666
1,2367,905.9107666015625,8242.78125,2.7210869789123535,8.775955200195312,3.974081039428711
1,2368,887.6390991210938,8043.1025390625,2.7776293754577637,8.961628913879395,4.018545150756836
1,2369,1014.149658203125,9249.091796875,2.9746832847595215,9.563770294189453,3.60813045501709
1,2370,1359.7025146484375,12629.94921875,3.2235827445983887,12.086007118225098,5.213855743408203
1,2371,1030.29833984375,9430.9150390625,2.9068970680236816,9.648634910583496,2.5362300872802734
1,2372,703.8125,6214.9765625,2.7438273429870605,7.65598201751709,3.6368885040283203
1,2373,510.9597473144531,4350.02001953125,2.5319247245788574,5.598208427429199,3.1324691772460938
1,2374,1266.1025390625,11859.548828125,2.671586513519287,8.543716430664062,5.4957733154296875
1,2375,992.27978515625,9051.3916015625,2.9046883583068848,9.62051010131836,3.379077911376953
1,2376,840.558349609375,7532.73974609375,2.9094791412353516,9.2718505859375,3.4931182861328125
1,2377,1017.286376953125,9375.318359375,2.6584839820861816,10.218911170959473,2.758993148803711
1,2378,1174.5833740234375,10828.654296875,3.0572619438171387,10.574235916137695,4.3207855224609375
1,2379,872.5529174804688,7888.47412109375,2.7901830673217773,7.884781360626221,3.8743085861206055
1,2380,798.4784545898438,7131.14501953125,2.845465898513794,9.079145431518555,3.522515296936035
1,2381,841.3232421875,7574.36962890625,2.7962093353271484,8.907150268554688,3.7904586791992188
1,2382,1189.5859375,10994.4765625,3.004610300064087,9.942730903625488,3.398747444152832
1,2383,842.621826171875,7600.505859375,2.7523744106292725,7.348910331726074,5.924295425415039
1,2384,860.2879028320312,7735.3154296875,2.891878604888916,7.7822699546813965,4.066396713256836
1,2385,900.0830688476562,8029.90625,3.2364144325256348,8.937799453735352,4.2338056564331055
1,2386,822.2782592773438,7372.52294921875,2.834198236465454,8.237604141235352,2.294658660888672
1,2387,1416.655029296875,12902.5087890625,4.213470458984375,11.081066131591797,5.3184967041015625
1,2388,750.15283203125,6671.04638671875,2.7682719230651855,7.852662563323975,4.211457252502441
1,2389,779.910400390625,6989.845703125,2.697528600692749,7.329775810241699,5.391162872314453
1,2390,907.4423828125,8261.685546875,2.7091262340545654,9.264183044433594,3.6531410217285156
1,2391,701.85302734375,6180.1318359375,2.794661521911621,7.615728855133057,3.796724319458008
1,2392,963.3793334960938,8621.677734375,3.37371826171875,8.735360145568848,3.141634941101074
1,2393,786.3693237304688,7039.75,2.7464759349823,8.2951078414917,2.9906482696533203
1,2394,825.49560546875,7399.298828125,2.8521907329559326,8.143172264099121,3.261922836303711
1,2395,422.5753173828125,3479.73974609375,2.4867115020751953,4.803915023803711,2.8955421447753906
1,2396,825.5674438476562,7458.53271484375,2.657139778137207,7.851719856262207,3.5003318786621094
1,2397,954.9307250976562,8737.2041015625,2.7070112228393555,10.003276824951172,2.376225471496582
1,2398,1249.836181640625,11575.6689453125,3.0756425857543945,10.651309967041016,4.333013534545898
1,2399,996.7438354492188,9106.3076171875,2.8704347610473633,8.330879211425781,4.063714981079102
1,2400,771.54296875,7003.658203125,2.372570753097534,8.517449378967285,3.358710289001465
1,2401,972.7717895507812,8852.13671875,2.91860294342041,9.525529861450195,3.8229141235351562
1,2402,1021.934814453125,9394.34375,2.7500133514404297,9.845510482788086,4.489311218261719
1,2403,829.4830932617188,7506.806640625,2.6267480850219727,8.241613388061523,3.5626630783081055
1,2404,864.1226806640625,7769.93359375,2.904311180114746,8.899650573730469,4.745138168334961
1,2405,744.1633911132812,6600.39208984375,2.80413818359375,7.454415798187256,3.663585662841797
1,2406,934.98046875,8532.48046875,2.7244133949279785,10.195135116577148,3.5903759002685547
1,2407,735.1650390625,6563.384765625,2.6275506019592285,7.566615104675293,3.9920120239257812
1,2408,1266.7371826171875,11885.80859375,2.6052088737487793,11.495220184326172,4.292362213134766
1,2409,1354.5081787109375,12746.9638671875,2.6603903770446777,11.163832664489746,2.9730730056762695
1,2410,1215.175537109375,11331.748046875,2.73335862159729,11.288287162780762,3.747426986694336
1,2411,1097.0821533203125,10074.236328125,2.988617420196533,9.8585205078125,4.318742752075195
1,2412,978.6517944335938,9012.072265625,2.5814852714538574,9.458218574523926,4.914745330810547
1,2413,761.187744140625,6752.48046875,2.864657402038574,7.051355361938477,5.068697929382324
1,2414,1487.73974609375,13896.140625,3.2708539962768555,11.735980033874512,3.9162063598632812
1,2415,809.75,7297.67041015625,2.666100025177002,8.45962142944336,2.094241142272949
1,2416,1225.4051513671875,11380.4833984375,2.9118926525115967,9.79727840423584,4.215780258178711
1,2417,880.5882568359375,7839.54296875,3.221132278442383,8.595499992370605,2.881406784057617
1,2418,919.4476318359375,8351.3955078125,2.810267210006714,10.109456062316895,2.591731071472168
1,2419,819.9169921875,7456.72314453125,2.4748220443725586,7.386905670166016,3.4620771408081055
1,2420,624.5941772460938,5523.61767578125,2.407747268676758,6.882696151733398,2.8631591796875
1,2421,963.9558715820312,8787.50390625,2.840181827545166,8.998222351074219,4.25486946105957
1,2422,804.0877685546875,7243.2421875,2.6587843894958496,6.637739181518555,3.963961601257324
1,2423,803.7459716796875,7248.49072265625,2.6298975944519043,8.328341484069824,3.402287483215332
1,2424,879.1831665039062,7981.54736328125,2.7009472846984863,8.026430130004883,2.302414894104004
1,2425,1080.0517578125,9913.9228515625,2.955315113067627,10.650030136108398,3.2404232025146484
1,2426,756.5206298828125,6764.8984375,2.6676926612854004,8.95804214477539,2.3177871704101562
1,2427,690.51806640625,6107.13671875,2.660147190093994,7.299304485321045,3.713937759399414
1,2428,1138.7901611328125,10547.513671875,2.8012948036193848,9.292826652526855,5.526627540588379
1,2429,1268.3280029296875,11837.1865234375,2.8203141689300537,9.855669021606445,4.925128936767578
1,2430,870.2113037109375,7856.1435546875,2.8198983669281006,8.790531158447266,5.575551986694336
1,2431,979.627685546875,8957.73046875,2.7951533794403076,9.662455558776855,4.284019470214844
1,2432,806.4608154296875,7246.69287109375,2.7263832092285156,7.870695114135742,5.4163713455200195
1,2433,656.47802734375,5655.51171875,3.0308947563171387,6.869936943054199,2.849156379699707
1,2434,1270.3948974609375,11839.484375,2.8815464973449707,11.599203109741211,2.8432016372680664
1,2435,428.558837890625,3603.353515625,2.274116277694702,5.628400802612305,2.9639482498168945
1,2436,1114.3154296875,10187.29296875,3.1862053871154785,10.975942611694336,3.3626890182495117
1,2437,1013.9365234375,9390.748046875,2.4953908920288086,8.335092544555664,4.4059858322143555
1,2438,946.0498657226562,8561.6611328125,2.996123790740967,10.162559509277344,3.6468887329101562
1,2439,1128.3961181640625,10391.83203125,2.973764657974243,7.827274322509766,6.413786888122559
1,2440,754.9187622070312,6719.537109375,2.765500068664551,8.048596382141113,3.316425323486328
1,2441,795.901123046875,6991.8544921875,3.223853588104248,8.570292472839355,2.130918502807617
1,2442,1075.266845703125,9880.333984375,2.907783031463623,9.352945327758789,4.081329345703125
1,2443,1048.2379150390625,9688.484375,2.646315574645996,9.594747543334961,3.5222272872924805
1,2444,855.5322265625,7630.82177734375,3.0816659927368164,9.351865768432617,3.8816118240356445
1,2445,1075.373779296875,9928.3310546875,2.751354217529297,9.978893280029297,2.7635059356689453
1,2446,902.8048095703125,8120.6533203125,3.024649143218994,7.910618782043457,4.151084899902344
1,2447,822.65380859375,7425.7626953125,2.669250011444092,9.030538558959961,3.201374053955078
1,2448,1058.1075439453125,9667.1796875,3.046321392059326,10.11186408996582,3.21628475189209
1,2449,786.4874877929688,7011.31005859375,2.845215082168579,7.233579635620117,4.274076461791992
1,2450,898.1297607421875,8146.50048828125,2.782655715942383,9.16912841796875,4.357855796813965
1,2451,789.8063354492188,7027.990234375,2.9002437591552734,8.017557144165039,2.7742538452148438
1,2452,848.4822387695312,7646.89697265625,2.7930850982666016,7.737792015075684,3.209345817565918
1,2453,1040.142333984375,9505.759765625,2.9855432510375977,9.159399032592773,4.467952728271484
1,2454,1254.179931640625,11608.68359375,3.1103835105895996,11.93807601928711,3.1600990295410156
1,2455,1042.0784912109375,9524.94140625,2.9861464500427246,10.236261367797852,3.6538610458374023
1,2456,1008.0252685546875,9257.044921875,2.7440242767333984,7.737977981567383,4.139404296875
1,2457,738.592041015625,6680.3134765625,2.352023124694824,6.409299373626709,5.167596817016602
1,2458,953.15869140625,8652.048828125,2.931793689727783,8.655181884765625,3.3602094650268555
1,2459,1006.9346313476562,9159.134765625,3.034036636352539,10.401832580566406,4.53013801574707
1,2460,666.8390502929688,5963.1953125,2.350651264190674,7.561215877532959,3.831244468688965
1,2461,876.6696166992188,7956.1328125,2.701878070831299,8.24234390258789,3.7245569229125977
1,2462,1116.71533203125,10244.7294921875,3.0747435092926025,10.253755569458008,5.075857162475586
1,2463,1207.957763671875,11319.359375,2.534059762954712,8.986191749572754,5.730252265930176
1,2464,882.3496704101562,7976.69091796875,2.8226847648620605,8.494754791259766,3.5533456802368164
1,2465,1458.4371337890625,13710.75,2.912069320678711,11.758400917053223,4.145491600036621
1,2466,828.1923828125,7370.07666015625,3.039489984512329,8.730051040649414,2.591848373413086
1,2467,763.4371337890625,6844.8544921875,2.631721019744873,8.461725234985352,3.1999855041503906
1,2468,1031.0509033203125,9433.416015625,2.9236440658569336,11.647189140319824,2.043971061706543
1,2469,722.9578857421875,6485.58740234375,2.4799699783325195,7.414200782775879,4.276432991027832
1,2470,1040.614013671875,9597.7255859375,2.694716453552246,8.148871421813965,5.755352020263672
1,2471,939.9356079101562,8597.3173828125,2.673461437225342,8.765302658081055,4.287470817565918
1,2472,1005.5322875976562,9248.357421875,2.6898837089538574,10.543583869934082,3.9236812591552734
1,2473,949.5874633789062,8727.7431640625,2.5604372024536133,7.095757484436035,5.0445661544799805
1,2474,1178.298828125,10857.68359375,3.0843470096588135,12.043825149536133,2.9220781326293945
1,2475,909.07861328125,8260.990234375,2.765984296798706,8.268178939819336,3.6473636627197266
1,2476,1164.1912841796875,10775.3330078125,2.8885984420776367,11.037413597106934,4.867557525634766
1,2477,1189.3369140625,10999.2568359375,2.9803733825683594,11.80763053894043,3.187335968017578
1,2478,1143.4833984375,10610.671875,2.7472028732299805,10.437503814697266,3.6326942443847656
1,2479,902.4553833007812,8226.8271484375,2.659088134765625,7.934920787811279,4.790655136108398
1,2480,810.5938720703125,7239.265625,2.8889105319976807,7.611143112182617,3.9985275268554688
1,2481,1054.9246826171875,9724.4296875,2.749390125274658,10.003808975219727,4.006559371948242
1,2482,922.794189453125,8347.9853515625,2.9331891536712646,8.73803997039795,2.844742774963379
1,2483,1117.38623046875,10348.158203125,2.7523481845855713,10.20439338684082,3.3486900329589844
1,2484,809.5560913085938,7305.65625,2.633016347885132,7.8301825523376465,4.253334999084473
1,2485,1072.7225341796875,9893.7724609375,2.77817440032959,10.255401611328125,3.5839529037475586
1,2486,840.1879272460938,7599.7568359375,2.6737399101257324,8.641986846923828,4.240479469299316
1,2487,746.2362670898438,6656.31103515625,2.686837911605835,7.712784767150879,3.0943984985351562
1,2488,999.7290649414062,9083.154296875,3.047121047973633,8.43492317199707,4.623713493347168
1,2489,894.89013671875,8109.5205078125,2.7979350090026855,8.89714241027832,3.584104537963867
1,2490,1221.482666015625,11412.009765625,2.676055431365967,8.970819473266602,6.669732093811035
1,2491,752.5057373046875,6731.443359375,2.6453800201416016,5.3065361976623535,4.797907829284668
1,2492,1147.010009765625,10687.2607421875,2.609466075897217,12.025108337402344,2.987924575805664
1,2493,1168.340576171875,10876.6923828125,2.6890416145324707,10.531790733337402,4.697695732116699
1,2494,797.1375122070312,7186.05078125,2.6177468299865723,7.039453983306885,4.335230827331543
1,2495,944.931640625,8480.6875,3.2287628650665283,10.739669799804688,3.244485855102539
1,2496,908.573974609375,8221.9970703125,2.8791422843933105,10.32846450805664,3.484053611755371
1,2497,1010.1329345703125,9239.3671875,2.873206853866577,8.393842697143555,3.9861316680908203
1,2498,763.9400024414062,6867.7158203125,2.5722804069519043,8.007730484008789,2.5681934356689453
1,2499,1015.351318359375,9225.2666015625,3.0941543579101562,10.659173965454102,5.132019996643066
1,2500,1205.8021240234375,11171.78515625,2.954118490219116,10.22311019897461,4.972723007202148
1,2501,1010.2146606445312,9299.8056640625,2.674468517303467,10.606800079345703,3.272671699523926
1,2502,593.5049438476562,5073.20947265625,2.8727991580963135,6.620597839355469,3.085362434387207
1,2503,550.4166259765625,4762.06494140625,2.473670482635498,4.589240550994873,4.621328353881836
1,2504,794.8832397460938,7073.314453125,2.9183926582336426,9.554994583129883,2.379932403564453
1,2505,1021.2648315429688,9399.427734375,2.710733413696289,9.234015464782715,3.98569393157959
1,2506,811.4152221679688,7310.6025390625,2.6784987449645996,7.354487419128418,4.050995826721191
1,2507,1099.6671142578125,10188.3134765625,2.694526195526123,10.742528915405273,3.2674474716186523
1,2508,864.354248046875,7954.4716796875,2.2969019412994385,8.388717651367188,3.5707902908325195
1,2509,819.996826171875,7400.537109375,2.6647696495056152,7.766384124755859,3.1629819869995117
1,2510,879.945556640625,7929.99267578125,2.8982105255126953,8.664287567138672,3.335188865661621
1,2511,942.5242919921875,8591.626953125,2.778719663619995,8.757144927978516,3.7133569717407227
1,2512,1305.2242431640625,12157.4296875,2.982705593109131,10.628742218017578,4.984609603881836
1,2513,823.5914306640625,7451.23291015625,2.6156041622161865,8.861388206481934,2.524799346923828
1,2514,1203.973388671875,11053.9296875,3.286013603210449,11.489349365234375,3.1347274780273438
1,2515,783.3904418945312,6922.0224609375,3.0396065711975098,8.890850067138672,3.101398468017578
1,2516,1149.110107421875,10680.1845703125,2.7030560970306396,9.000663757324219,3.67751407623291
1,2517,882.781005859375,7808.09814453125,3.3990390300750732,10.055839538574219,3.2880868911743164
1,2518,911.9585571289062,8297.5498046875,2.740118980407715,7.199980735778809,4.899618148803711
1,2519,745.3770751953125,6708.61279296875,2.4838600158691406,7.290586471557617,3.2212657928466797
1,2520,1004.2659912109375,9119.3408203125,3.077730894088745,10.585609436035156,2.8437843322753906
1,2521,956.0697021484375,8794.4951171875,2.5540056228637695,9.077646255493164,2.926534652709961
1,2522,924.1927490234375,8491.052734375,2.502915382385254,9.040611267089844,3.530092239379883
1,2523,1148.6336669921875,10612.7880859375,2.911830425262451,10.355857849121094,3.6346187591552734
1,2524,772.2792358398438,6982.8251953125,2.466557025909424,8.27940559387207,2.446765899658203
1,2525,1414.729736328125,13193.412109375,3.179616928100586,11.448338508605957,4.751197814941406
1,2526,728.7310180664062,6462.73974609375,2.748567581176758,8.083650588989258,2.4268178939819336
1,2527,655.2054443359375,5709.7099609375,2.807814359664917,7.204624176025391,3.785673141479492
1,2528,979.7532958984375,8867.42578125,3.1003551483154297,9.268816947937012,3.1011152267456055
1,2529,776.1105346679688,7038.365234375,2.409132957458496,7.950918197631836,4.114078521728516
1,2530,863.353759765625,7886.09814453125,2.4914660453796387,8.627429962158203,5.285526275634766
1,2531,1023.1658935546875,9344.47265625,2.9572887420654297,9.637473106384277,4.299703598022461
1,2532,1053.9764404296875,9812.310546875,2.4248452186584473,9.13652515411377,5.252955436706543
1,2533,638.66552734375,5632.64990234375,2.5133495330810547,6.762567520141602,3.6525707244873047
1,2534,1197.8492431640625,11120.068359375,2.861414909362793,10.641670227050781,4.801996231079102
1,2535,830.8253784179688,7461.8994140625,2.821181297302246,9.248046875,3.899142265319824
1,2536,804.8382568359375,7211.65380859375,2.789095878601074,8.337575912475586,2.021841049194336
1,2537,1047.1717529296875,9692.4990234375,2.59739351272583,10.652144432067871,4.1894025802612305
1,2538,1234.8514404296875,11486.5478515625,2.8732199668884277,11.450045585632324,4.058047294616699
1,2539,1137.4906005859375,10616.4970703125,2.528028964996338,11.201988220214844,3.609807014465332
1,2540,579.7671508789062,4991.6865234375,2.6866157054901123,6.422100067138672,3.061652183532715
1,2541,798.3032836914062,7199.5859375,2.6114888191223145,8.758943557739258,2.7772388458251953
1,2542,804.7552490234375,7199.3974609375,2.827183246612549,9.789499282836914,2.9021120071411133
1,2543,1125.9364013671875,10366.037109375,2.977755546569824,10.47707748413086,2.6005496978759766
1,2544,1456.3289794921875,13598.173828125,3.2170519828796387,12.991582870483398,2.651026725769043
1,2545,1170.6829833984375,10802.302734375,3.0150890350341797,11.749052047729492,3.385091781616211
1,2546,944.840087890625,8674.1220703125,2.5809295177459717,8.31436538696289,3.71414852142334
1,2547,910.2259521484375,8264.982421875,2.7909233570098877,9.065267562866211,4.259143829345703
1,2548,807.7186889648438,7337.11083984375,2.4669196605682373,7.662790298461914,3.449662208557129
1,2549,951.0665283203125,8524.7421875,3.286409854888916,8.903802871704102,2.6770524978637695
1,2550,1119.8896484375,10276.009765625,3.076289415359497,10.558891296386719,3.357510566711426
1,2551,949.2255249023438,8709.603515625,2.608837604522705,8.486235618591309,5.354247093200684
1,2552,990.327880859375,9037.0205078125,2.8875269889831543,7.495652198791504,5.039148330688477
1,2553,1234.798828125,11471.865234375,2.9204115867614746,10.421648025512695,3.1483469009399414
1,2554,933.4759521484375,8466.791015625,2.8932268619537354,9.383902549743652,2.4412269592285156
1,2555,568.9406127929688,4822.83203125,2.888580322265625,7.0136189460754395,3.1999340057373047
1,2556,724.790771484375,6443.3037109375,2.6820123195648193,6.660977840423584,4.533206939697266
1,2557,1125.6705322265625,10440.67578125,2.720097064971924,11.208429336547852,1.631556510925293
1,2558,939.68798828125,8496.455078125,3.001415967941284,9.175945281982422,3.5249900817871094
1,2559,556.7013549804688,4779.9013671875,2.6237075328826904,6.340719223022461,3.899606704711914
1,2560,1195.0736083984375,11058.390625,2.974482297897339,11.89174747467041,3.635043144226074
1,2561,843.5498046875,7685.1123046875,2.501286506652832,9.068645477294922,2.9029741287231445
1,2562,693.4764404296875,6192.32421875,2.4748003482818604,6.45473051071167,3.4637832641601562
1,2563,688.2401123046875,6126.75,2.518838405609131,7.376957893371582,2.705033302307129
1,2564,1042.5587158203125,9632.94921875,2.6421256065368652,8.595003128051758,5.178779602050781
1,2565,1300.2923583984375,12227.423828125,2.5849990844726562,10.558507919311523,3.551115036010742
1,2566,790.8750610351562,7005.29541015625,3.011516571044922,7.398381233215332,3.703810691833496
1,2567,1051.337158203125,9712.6796875,2.668972969055176,10.189369201660156,3.6067676544189453
1,2568,777.7353515625,7060.6162109375,2.389122724533081,8.238313674926758,3.344363212585449
1,2569,842.1729125976562,7453.4609375,3.2275590896606445,7.878973007202148,3.1217727661132812
1,2570,1398.1004638671875,13099.923828125,2.9369359016418457,10.328834533691406,4.831584930419922
1,2571,799.8966064453125,7138.15966796875,2.869353771209717,7.555461883544922,4.115358352661133
1,2572,694.6112060546875,6241.173828125,2.3497936725616455,6.841850280761719,3.9252548217773438
1,2573,894.4796142578125,8197.083984375,2.492372989654541,8.918367385864258,3.4126968383789062
1,2574,602.6091918945312,5242.23291015625,2.6128625869750977,5.803544044494629,4.2252397537231445
1,2575,871.1951904296875,7612.087890625,3.666212558746338,8.770204544067383,3.8544721603393555
1,2576,800.7096557617188,7060.8251953125,3.154237985610962,8.617101669311523,3.432964324951172
1,2577,940.39697265625,8612.5234375,2.638152599334717,9.681288719177246,3.8510427474975586
1,2578,892.8649291992188,8055.3564453125,2.910975933074951,8.112893104553223,4.295465469360352
1,2579,916.412841796875,8380.953125,2.610584020614624,8.59160041809082,3.0219221115112305
1,2580,780.8517456054688,6983.6474609375,2.7495667934417725,7.9223127365112305,2.55112361907959
1,2581,1031.0284423828125,9515.12890625,2.6505203247070312,9.675650596618652,4.074556350708008
1,2582,1077.5665283203125,9931.9111328125,2.8125123977661133,10.299860954284668,4.019278526306152
1,2583,838.0779418945312,7581.75390625,2.663417100906372,8.132861137390137,3.7890119552612305
1,2584,1011.33935546875,9273.236328125,2.8005220890045166,9.298229217529297,3.9214963912963867
1,2585,1070.2269287109375,9877.943359375,2.747750759124756,10.179059028625488,2.6856956481933594
1,2586,938.8641967773438,8698.4638671875,2.300593852996826,9.069585800170898,4.065180778503418
1,2587,1197.717041015625,11003.517578125,3.2455081939697266,10.900535583496094,1.9282760620117188
1,2588,649.026611328125,5716.8291015625,2.578122138977051,6.693819046020508,3.320502281188965
1,2589,965.4265747070312,8872.9599609375,2.6043519973754883,8.944242477416992,4.430483818054199
1,2590,1432.247314453125,13375.0625,3.158034324645996,11.65229606628418,5.601335525512695
1,2591,870.8137817382812,7831.39794921875,2.9224658012390137,9.590255737304688,2.858684539794922
1,2592,1263.28857421875,11836.162109375,2.6557469367980957,10.075815200805664,5.406664848327637
1,2593,1162.371826171875,10815.98828125,2.692432403564453,9.767457962036133,5.463181495666504
1,2594,795.9086303710938,7150.9482421875,2.6937921047210693,6.875772476196289,4.1055402755737305
1,2595,1018.0938720703125,9392.46875,2.628232479095459,9.026718139648438,3.344552993774414
1,2596,938.3773193359375,8463.08984375,3.0689425468444824,8.67142105102539,2.797574043273926
1,2597,658.0009155273438,5768.4755859375,2.705110549926758,6.927294731140137,2.0022878646850586
1,2598,905.2716674804688,8237.1640625,2.718508005142212,8.745389938354492,3.0160961151123047
1,2599,1352.138916015625,12609.5615234375,3.0394251346588135,12.585779190063477,3.664337158203125
1,2600,1162.75830078125,10727.353515625,3.0007667541503906,10.397832870483398,3.871450424194336
1,2601,1409.1217041015625,13202.8388671875,2.961259365081787,11.329475402832031,5.152558326721191
1,2602,909.2871704101562,8356.7412109375,2.453768491744995,9.323831558227539,2.7685546875
1,2603,865.9899291992188,7873.845703125,2.62017822265625,8.468348503112793,3.9145097732543945
1,2604,1166.8338623046875,10859.109375,2.6974282264709473,11.424036026000977,3.364156723022461
1,2605,904.981689453125,8225.0087890625,2.749359607696533,9.820169448852539,2.954585075378418
1,2606,1273.696044921875,11867.4853515625,2.8982489109039307,11.946479797363281,3.4011659622192383
1,2607,566.5115966796875,4945.65625,2.3981990814208984,7.26513671875,3.322129249572754
1,2608,1035.4273681640625,9453.78515625,3.0016283988952637,10.35057544708252,2.9676036834716797
1,2609,1272.1802978515625,11857.375,2.8814239501953125,12.381635665893555,3.112272262573242
1,2610,852.9672241210938,7697.78515625,2.7729573249816895,6.6251444816589355,5.943665504455566
1,2611,752.516357421875,6552.8017578125,3.241203784942627,7.874823570251465,3.505936622619629
1,2612,1217.78515625,11268.9931640625,3.029527187347412,11.024435043334961,4.166736602783203
1,2613,954.93994140625,8605.1171875,3.1476078033447266,9.368912696838379,3.9019384384155273
1,2614,1129.83837890625,10434.201171875,2.880608558654785,10.127510070800781,3.824517250061035
1,2615,1002.9508056640625,9208.205078125,2.7376766204833984,9.074920654296875,4.058852195739746
1,2616,929.3046264648438,8453.9677734375,2.7969284057617188,8.044147491455078,4.1536149978637695
1,2617,957.1353759765625,8743.1318359375,2.760740280151367,9.094720840454102,3.4966564178466797
1,2618,1285.077392578125,11966.2158203125,2.948528289794922,11.58506965637207,3.9408674240112305
1,2619,915.57373046875,8313.8369140625,2.806332588195801,9.65367317199707,3.8810644149780273
1,2620,1059.279052734375,8318.6826171875,7.580360412597656,8.339391708374023,2.7793445587158203
1,2621,1132.0208740234375,10410.3564453125,3.032839298248291,10.229516983032227,2.666201591491699
1,2622,1072.9136962890625,9820.51171875,3.0287489891052246,11.380752563476562,1.8641433715820312
1,2623,1307.7239990234375,12136.240234375,3.136667251586914,10.953715324401855,4.456528663635254
1,2624,817.9353637695312,7424.6630859375,2.5156352519989014,7.785406112670898,3.3902645111083984
1,2625,1497.8416748046875,14069.7890625,3.0287582874298096,13.3653564453125,4.371204376220703
1,2626,893.9879150390625,8179.853515625,2.533419132232666,8.235040664672852,3.3641462326049805
1,2627,832.6336059570312,7535.0693359375,2.637554168701172,8.524908065795898,4.361420631408691
1,2628,770.4126586914062,6910.58740234375,2.6451292037963867,7.539889335632324,3.119870185852051
1,2629,910.1297607421875,8198.2509765625,3.010155200958252,9.38606071472168,4.185667037963867
1,2630,634.1325073242188,5558.5078125,2.609391927719116,6.98048734664917,3.1339492797851562
1,2631,1425.5653076171875,13458.7333984375,2.6563963890075684,12.0245361328125,3.219193458557129
1,2632,1109.8719482421875,10303.41015625,2.651029348373413,10.294576644897461,3.599069595336914
1,2633,650.8499755859375,5715.49755859375,2.643341541290283,6.452657699584961,3.5204086303710938
1,2634,883.400146484375,8021.9814453125,2.7067313194274902,8.247074127197266,4.471733093261719
1,2635,837.0552978515625,7581.111328125,2.631471633911133,8.484195709228516,2.728069305419922
1,2636,1035.5025634765625,9598.86328125,2.520541191101074,9.790492057800293,4.250406265258789
1,2637,452.6034851074219,3896.700927734375,2.0977792739868164,4.029701232910156,1.8844099044799805
1,2638,648.6708374023438,5773.31103515625,2.37799072265625,7.706389427185059,3.110692024230957
1,2639,599.136962890625,5131.763671875,2.865351676940918,6.827848434448242,3.7113122940063477
1,2640,881.1488037109375,7920.2666015625,2.970738172531128,7.8829169273376465,3.8037195205688477
1,2641,915.7892456054688,8060.265625,3.6587562561035156,7.8542938232421875,5.072881698608398
1,2642,797.342041015625,7152.419921875,2.7366669178009033,7.207515239715576,4.818014144897461
1,2643,843.3335571289062,7473.1416015625,3.2006468772888184,8.445757865905762,2.5903329849243164
1,2644,919.8095092773438,8366.80078125,2.770979642868042,9.342610359191895,3.78460693359375
1,2645,1281.6287841796875,11926.015625,2.9675726890563965,9.643996238708496,4.750876426696777
1,2646,1055.802001953125,9666.3330078125,2.9722888469696045,10.374641418457031,3.3061914443969727
1,2647,1038.2374267578125,9484.8095703125,2.9918808937072754,9.96594524383545,4.016881942749023
1,2648,754.9902954101562,6785.9990234375,2.546346426010132,7.239433765411377,3.636929512023926
1,2649,850.5634155273438,7669.62109375,2.786709785461426,7.830504417419434,3.3930253982543945
1,2650,946.9376220703125,8629.3759765625,2.7999989986419678,8.942440032958984,2.9509458541870117
1,2651,984.4513549804688,9003.3466796875,2.803889513015747,9.727851867675781,3.3481178283691406
1,2652,1004.4632568359375,9102.0859375,3.141822099685669,9.722526550292969,3.846586227416992
1,2653,1079.31298828125,9885.1630859375,3.026557207107544,9.056440353393555,2.732809066772461
1,2654,1164.166748046875,10687.794921875,3.179572582244873,8.285266876220703,5.090648651123047
1,2655,1073.0205078125,9820.1357421875,3.0335617065429688,10.237897872924805,2.991177558898926
1,2656,1437.71533203125,13515.8525390625,2.871002197265625,12.809314727783203,1.8620433807373047
1,2657,1167.1021728515625,10873.744140625,2.6575915813446045,10.136073112487793,3.760268211364746
1,2658,900.7123413085938,8246.638671875,2.5349488258361816,8.230446815490723,3.5176620483398438
1,2659,803.5671997070312,7150.3876953125,2.9509482383728027,9.144786834716797,1.8295488357543945
1,2660,913.6242065429688,8369.732421875,2.5550312995910645,7.965118408203125,5.10508918762207
1,2661,854.9241943359375,7730.984375,2.7275238037109375,9.133712768554688,2.000279426574707
1,2662,874.1263427734375,7836.37744140625,3.0162856578826904,9.161624908447266,3.6611833572387695
1,2663,880.5626220703125,7954.2314453125,2.8379812240600586,10.214567184448242,2.977297782897949
1,2664,810.5150146484375,7203.8740234375,3.0042548179626465,7.687226295471191,3.8984031677246094
1,2665,659.6177368164062,5789.451171875,2.6890876293182373,6.807604789733887,3.8607254028320312
1,2666,894.3302001953125,8110.54541015625,2.7758536338806152,9.16887092590332,3.3676090240478516
1,2667,835.412353515625,7625.158203125,2.4298839569091797,8.132471084594727,2.9176864624023438
1,2668,1113.0654296875,10237.84375,2.9760351181030273,10.229104042053223,5.074178695678711
1,2669,855.8556518554688,7677.3193359375,2.937457323074341,7.784517765045166,3.925063133239746
1,2670,748.5277099609375,6679.783203125,2.6849782466888428,8.017228126525879,3.299769401550293
1,2671,1062.44921875,9837.1552734375,2.6244559288024902,9.367897033691406,4.33482551574707
1,2672,1062.1646728515625,9683.8935546875,3.125843048095703,9.889144897460938,3.4822044372558594
1,2673,1207.525146484375,11128.845703125,3.1546826362609863,10.458166122436523,2.9625978469848633
1,2674,1132.337646484375,10481.3876953125,2.806626796722412,10.304728507995605,2.360753059387207
1,2675,1052.8731689453125,9728.4736328125,2.6675286293029785,9.979137420654297,3.8693790435791016
1,2676,940.9351196289062,8616.7666015625,2.641946792602539,8.908059120178223,1.5343284606933594
1,2677,852.573974609375,7813.2646484375,2.3749160766601562,8.139784812927246,3.999197006225586
1,2678,1077.9747314453125,9889.41796875,2.967761993408203,10.20815372467041,3.2407894134521484
1,2679,585.9888305664062,5104.4228515625,2.5182182788848877,6.0969085693359375,3.8401994705200195
1,2680,749.583740234375,6557.3564453125,3.1282687187194824,7.413173198699951,3.585834503173828
1,2681,783.8599243164062,7024.6044921875,2.7133164405822754,5.922130584716797,5.437677383422852
1,2682,896.5123291015625,8158.4677734375,2.688849925994873,8.108704566955566,4.312426567077637
1,2683,862.4588012695312,7660.8994140625,3.2122950553894043,7.864272594451904,4.322695732116699
1,2684,1129.7303466796875,10486.0546875,2.704163074493408,10.292962074279785,2.973587989807129
1,2685,831.673828125,7501.69677734375,2.716804027557373,7.266362190246582,4.153980255126953
1,2686,955.576904296875,8747.41796875,2.694502830505371,7.856224536895752,4.697393417358398
1,2687,888.527587890625,8061.3251953125,2.7465038299560547,8.843586921691895,2.9349403381347656
1,2688,963.2452392578125,8824.75390625,2.6923272609710693,7.036036491394043,5.456879615783691
1,2689,1578.0230712890625,14880.6552734375,2.9985833168029785,13.381301879882812,5.502514839172363
1,2690,839.8538818359375,7563.470703125,2.783559799194336,9.072563171386719,2.837820053100586
1,2691,1111.503173828125,10249.0087890625,2.886744737625122,10.463216781616211,3.5074453353881836
1,2692,1257.7950439453125,11670.9580078125,3.0233054161071777,12.1373291015625,1.7435226440429688
1,2693,696.3958129882812,6165.2412109375,2.6623902320861816,7.822355270385742,2.624457359313965
1,2694,696.6923217773438,6070.97705078125,2.9864859580993652,6.9043169021606445,1.9875497817993164
1,2695,721.1561279296875,6402.078125,2.6982767581939697,7.758121967315674,2.684718132019043
1,2696,1142.504150390625,10522.2626953125,3.0092594623565674,9.937765121459961,3.169635772705078
1,2697,1000.3148803710938,9224.8798828125,2.5942306518554688,8.813096046447754,4.648856163024902
1,2698,1109.540771484375,10087.736328125,3.358903646469116,10.250123977661133,3.4841442108154297
1,2699,663.1829223632812,5872.6318359375,2.530658006668091,6.658082485198975,2.9427642822265625
1,2700,829.757080078125,7499.916015625,2.658848285675049,8.411386489868164,3.1224851608276367
1,2701,831.4376831054688,7481.8515625,2.775083541870117,8.778814315795898,2.0183944702148438
1,2702,982.879638671875,9004.275390625,2.7484025955200195,9.781766891479492,2.198244094848633
1,2703,1299.0577392578125,12091.61328125,2.9965460300445557,11.63097095489502,4.216920852661133
1,2704,883.9408569335938,7984.67041015625,2.8491275310516357,9.792810440063477,4.094352722167969
1,2705,856.3648071289062,7712.73388671875,2.836381435394287,6.902641296386719,4.367181777954102
1,2706,978.1590576171875,8942.3037109375,2.797621726989746,10.94201374053955,3.802903175354004
1,2707,1385.2545166015625,12148.88671875,5.678861618041992,9.68684196472168,4.22431755065918
1,2708,701.462158203125,6098.1982421875,3.0547447204589844,7.298925399780273,3.207612991333008
1,2709,902.3174438476562,8227.375,2.652665138244629,10.05671501159668,2.8196535110473633
1,2710,1030.5382080078125,9447.248046875,2.8604490756988525,10.735528945922852,3.3728628158569336
1,2711,1159.8463134765625,10757.638671875,2.802745819091797,10.298652648925781,3.8370485305786133
1,2712,988.7696533203125,8990.96875,2.9890928268432617,9.803302764892578,3.212155342102051
1,2713,1087.4931640625,10087.3330078125,2.625326633453369,10.72344970703125,3.207988739013672
1,2714,1276.6326904296875,11930.146484375,2.7872684001922607,10.915138244628906,4.661236763000488
1,2715,1384.2362060546875,13054.861328125,2.6249988079071045,12.530826568603516,4.147719383239746
1,2716,1228.0823974609375,11414.30078125,2.8884127140045166,9.5602445602417,4.103853225708008
1,2717,1169.06640625,10934.498046875,2.5205516815185547,11.023715019226074,3.290609359741211
1,2718,708.6363525390625,6236.69873046875,2.832217216491699,8.024628639221191,2.708041191101074
1,2719,588.0203857421875,5107.24755859375,2.5765199661254883,6.627306938171387,2.679043769836426
1,2720,1482.688232421875,13846.0234375,3.2695260047912598,13.236923217773438,2.9510717391967773
1,2721,782.4646606445312,7105.14697265625,2.3983309268951416,8.340572357177734,2.2684316635131836
1,2722,839.805908203125,7579.16162109375,2.72965669631958,8.961653709411621,3.0981760025024414
1,2723,1189.91796875,11043.544921875,2.8521180152893066,12.062562942504883,3.517123222351074
1,2724,623.4929809570312,5451.51171875,2.6113929748535156,6.402558326721191,2.680530548095703
1,2725,893.1355590820312,8161.07275390625,2.5676093101501465,8.260263442993164,4.388890266418457
1,2726,835.3007202148438,7605.76318359375,2.490812301635742,7.010652542114258,4.119091033935547
1,2727,881.212158203125,7989.4921875,2.742098093032837,9.876102447509766,2.539273262023926
1,2728,580.071533203125,5007.828125,2.6429572105407715,7.210394382476807,2.8623828887939453
1,2729,1313.35498046875,12273.228515625,2.8677353858947754,10.384780883789062,4.08786678314209
1,2730,641.9496459960938,5551.04052734375,2.894853115081787,6.831754684448242,2.5062570571899414
1,2731,643.042236328125,5666.62890625,2.545977830886841,6.899815559387207,3.7702713012695312
1,2732,698.0147094726562,6225.4248046875,2.5157408714294434,5.956143379211426,4.0421857833862305
1,2733,934.0214233398438,8522.0,2.7273805141448975,9.897080421447754,3.3386707305908203
1,2734,939.2420654296875,8604.197265625,2.627410888671875,10.713541030883789,3.235531806945801
1,2735,795.652587890625,7125.05859375,2.7715582847595215,7.8594255447387695,2.383883476257324
1,2736,1077.870849609375,9828.455078125,3.1675100326538086,8.919578552246094,3.2590770721435547
1,2737,947.9288330078125,8701.5,2.59262752532959,10.442876815795898,2.5942935943603516
1,2738,1422.880615234375,13390.154296875,2.795503854751587,9.542379379272461,5.329809188842773
1,2739,671.2313232421875,5981.58203125,2.4357714653015137,7.528789043426514,2.7498397827148438
1,2740,856.7080078125,7627.740234375,3.131132125854492,8.122188568115234,2.7806568145751953
1,2741,1597.23486328125,14883.564453125,3.629281997680664,13.898012161254883,2.379441261291504
1,2742,1138.359375,10623.67578125,2.533060312271118,9.63984489440918,5.559870719909668
1,2743,1168.4439697265625,10761.1513671875,3.077626943588257,10.551139831542969,4.502631187438965
1,2744,808.0868530273438,7306.216796875,2.582172155380249,8.006719589233398,3.4850893020629883
1,2745,1025.8076171875,9402.73828125,2.8511271476745605,10.312751770019531,2.1915321350097656
1,2746,1035.4122314453125,9582.30859375,2.5727109909057617,9.663309097290039,3.2869749069213867
1,2747,534.5205688476562,4607.02587890625,2.460598945617676,5.925136089324951,3.0926074981689453
1,2748,970.2764892578125,8850.7119140625,2.840174674987793,9.028604507446289,4.598930358886719
1,2749,1141.5150146484375,10520.767578125,2.981275796890259,10.794709205627441,3.8527755737304688
1,2750,1053.4979248046875,9727.5166015625,2.6915431022644043,9.559329986572266,4.245830535888672
1,2751,1163.4454345703125,10849.2861328125,2.617229461669922,10.366195678710938,4.9895429611206055
1,2752,800.0352783203125,7188.50390625,2.7061614990234375,6.221787452697754,4.622114181518555
1,2753,801.3828735351562,7129.89697265625,2.9464402198791504,7.560394287109375,3.6204299926757812
1,2754,890.1843872070312,8040.69775390625,2.8704874515533447,9.082079887390137,3.157196044921875
1,2755,1122.5474853515625,10427.5390625,2.6597862243652344,10.033194541931152,4.396639823913574
1,2756,930.133544921875,8390.9716796875,3.034546375274658,10.252446174621582,2.6197738647460938
1,2757,841.562255859375,7565.986328125,2.832120895385742,7.310901641845703,4.749152183532715
1,2758,1030.16015625,9461.8134765625,2.7992961406707764,8.93988037109375,4.918089866638184
1,2759,827.484375,7424.01513671875,2.8360934257507324,7.573892593383789,3.792313575744629
1,2760,973.6564331054688,8868.2578125,2.8943533897399902,8.377260208129883,4.999558448791504
1,2761,971.1617431640625,8788.6064453125,3.0767030715942383,9.9450044631958,4.104212760925293
1,2762,737.1773681640625,6501.3896484375,2.9012789726257324,7.738836288452148,4.1766157150268555
1,2763,637.9374389648438,5602.904296875,2.5882315635681152,6.766034126281738,3.707362174987793
1,2764,1181.1119384765625,10922.1640625,2.9631845951080322,10.497050285339355,4.37287712097168
1,2765,838.294677734375,7240.75634765625,3.807302713394165,8.4080810546875,4.090414047241211
1,2766,1153.73828125,10655.703125,2.938931941986084,10.976757049560547,3.0452070236206055
1,2767,1228.474365234375,11397.08984375,2.9588470458984375,8.770816802978516,4.163552284240723
1,2768,1122.8629150390625,10431.9794921875,2.655498743057251,10.767440795898438,4.121910095214844
1,2769,842.15185546875,7555.4541015625,2.8868813514709473,7.954877853393555,4.634449005126953
1,2770,963.2315673828125,8803.0908203125,2.7640819549560547,9.253164291381836,4.27345085144043
1,2771,919.2026977539062,8451.1083984375,2.4697279930114746,8.629400253295898,3.263604164123535
1,2772,1600.8179931640625,15049.123046875,3.1968541145324707,12.36193561553955,4.4698638916015625
1,2773,1000.3720092773438,9180.77734375,2.7431414127349854,8.322041511535645,5.024003028869629
1,2774,1063.5247802734375,9743.705078125,2.9718072414398193,10.159154891967773,2.5104684829711914
1,2775,908.5065307617188,8271.2666015625,2.712662696838379,9.70527172088623,3.513970375061035
1,2776,664.5407104492188,5869.54345703125,2.586212158203125,6.8285064697265625,3.322024345397949
1,2777,1475.78955078125,13846.427734375,3.0382254123687744,12.26926040649414,4.736175537109375
1,2778,720.3256225585938,6427.638671875,2.5853922367095947,8.41048812866211,3.7463674545288086
1,2779,953.72265625,8681.1796875,2.8534886837005615,8.975375175476074,2.8515939712524414
1,2780,1158.9276123046875,10799.34375,2.6331071853637695,9.973204612731934,4.46014404296875
1,2781,1007.11474609375,9306.5712890625,2.548586368560791,10.072853088378906,2.6546878814697266
1,2782,961.6027221679688,8838.478515625,2.591829776763916,9.980301856994629,2.560307502746582
1,2783,1198.45556640625,11057.369140625,3.0906190872192383,11.73658561706543,3.3156509399414062
1,2784,618.2631225585938,5330.91357421875,2.8390579223632812,6.090778350830078,3.8338775634765625
1,2785,697.6926879882812,6079.65625,2.9909019470214844,8.325141906738281,2.8087615966796875
1,2786,838.7526245117188,7630.6865234375,2.522798538208008,8.836136817932129,3.168045997619629
1,2787,797.8306274414062,7117.5341796875,2.869239568710327,7.496980667114258,2.9326744079589844
1,2788,1078.2413330078125,9962.7138671875,2.7323319911956787,10.121061325073242,4.35505485534668
1,2789,1144.211669921875,10533.0595703125,3.0301899909973145,9.743959426879883,4.592644691467285
1,2790,946.1090087890625,8514.755859375,3.154447555541992,9.459590911865234,3.9240360260009766
1,2791,1012.9139404296875,9187.923828125,3.1373844146728516,9.156301498413086,3.8262557983398438
1,2792,1013.58837890625,9354.29296875,2.6053013801574707,9.564070701599121,3.8750858306884766
1,2793,846.0386962890625,7721.31005859375,2.463588237762451,6.320363521575928,6.0959978103637695
1,2794,1076.45166015625,9912.44140625,2.8402485847473145,11.267901420593262,3.4279870986938477
1,2795,1165.8172607421875,10777.134765625,2.9367923736572266,9.699469566345215,4.910314559936523
1,2796,1305.033447265625,12152.1640625,2.9939022064208984,11.823360443115234,3.939443588256836
1,2797,1154.3134765625,10691.2431640625,2.8396356105804443,10.005783081054688,4.090226173400879
1,2798,724.213623046875,6477.9970703125,2.547128915786743,8.077621459960938,2.4611120223999023
1,2799,1036.7880859375,9611.37109375,2.521697998046875,9.321094512939453,4.753722190856934
1,2800,935.2200317382812,8566.04296875,2.620523691177368,9.265095710754395,2.60800838470459
1,2801,754.894775390625,6796.43115234375,2.5083889961242676,7.347993850708008,3.945490837097168
1,2802,1213.0255126953125,11193.587890625,3.122225284576416,11.943371772766113,3.0104331970214844
1,2803,1219.941162109375,11293.283203125,3.020427703857422,10.136117935180664,4.157292366027832
1,2804,942.5386962890625,8637.1806640625,2.6273536682128906,8.273395538330078,4.785004615783691
1,2805,637.4190673828125,5405.2099609375,3.229936122894287,6.334664821624756,3.8539581298828125
1,2806,1481.957763671875,13996.9453125,2.7421040534973145,11.62352466583252,4.491769790649414
1,2807,1222.9464111328125,11430.2646484375,2.6639957427978516,8.142334938049316,5.150568008422852
1,2808,1213.9752197265625,11302.96484375,2.789290428161621,10.5137939453125,3.245298385620117
1,2809,903.1935424804688,8249.4765625,2.6081953048706055,7.370670318603516,4.4971208572387695
1,2810,882.2410278320312,8057.26171875,2.55049467086792,8.147862434387207,4.652984619140625
1,2811,1128.7559814453125,10442.951171875,2.8153586387634277,9.714407920837402,4.658500671386719
1,2812,939.8543090820312,8631.794921875,2.5558271408081055,8.356119155883789,5.407574653625488
1,2813,1031.9703369140625,9648.677734375,2.2367501258850098,6.570819854736328,6.889795303344727
1,2814,1144.405029296875,10583.220703125,2.8694276809692383,9.502716064453125,4.532742500305176
1,2815,885.3988037109375,8015.15478515625,2.7961111068725586,9.086164474487305,3.085958480834961
1,2816,585.0535888671875,5112.15625,2.461265802383423,5.486554145812988,4.1497392654418945
1,2817,1201.6837158203125,11080.60546875,3.1207704544067383,10.53973388671875,3.61899471282959
1,2818,657.13037109375,5809.1650390625,2.540462017059326,7.484828948974609,3.5245399475097656
1,2819,908.7861328125,8187.904296875,2.9998550415039062,9.305183410644531,3.7023048400878906
1,2820,743.1978759765625,6680.62060546875,2.5045266151428223,7.208581924438477,4.23968505859375
1,2821,585.4710693359375,5124.82861328125,2.4329395294189453,6.009033203125,3.123859405517578
1,2822,860.7652587890625,7758.263671875,2.831296443939209,9.102445602416992,3.8902130126953125
1,2823,904.957275390625,8244.8017578125,2.6825711727142334,9.580639839172363,3.3705968856811523
1,2824,1254.7947998046875,11620.560546875,3.0912914276123047,12.15776538848877,4.124781608581543
1,2825,1434.465087890625,13438.462890625,3.0206241607666016,12.577339172363281,3.722273826599121
1,2826,868.8944091796875,7884.318359375,2.6820852756500244,9.64723014831543,2.207368850708008
1,2827,934.12548828125,8572.466796875,2.562626361846924,9.352436065673828,3.563772201538086
1,2828,827.4461669921875,7481.9111328125,2.6418349742889404,9.769868850708008,3.807509422302246
1,2829,1352.06396484375,12628.75390625,2.972951889038086,11.692853927612305,4.408821105957031
1,2830,1286.272216796875,12057.509765625,2.6840403079986572,11.016035079956055,4.525631904602051
1,2831,840.031982421875,7636.15576171875,2.547212600708008,8.569698333740234,3.026784896850586
1,2832,918.2496948242188,8390.048828125,2.6414942741394043,9.393538475036621,3.913412094116211
1,2833,1319.34521484375,12301.44140625,2.9733686447143555,11.548251152038574,3.8762998580932617
1,2834,1066.9595947265625,9779.927734375,2.9655604362487793,9.776153564453125,2.963068962097168
1,2835,861.5750732421875,7789.6376953125,2.7537083625793457,9.00411319732666,2.7116880416870117
1,2836,1138.8988037109375,10580.8076171875,2.693931818008423,9.552950859069824,4.597127914428711
1,2837,1515.803466796875,14329.3505859375,2.7622790336608887,13.474641799926758,3.4997434616088867
1,2838,903.7802124023438,8293.24609375,2.4818530082702637,8.429296493530273,3.888699531555176
1,2839,895.7694091796875,8122.041015625,2.785511016845703,8.099899291992188,3.3671493530273438
1,2840,626.304443359375,5379.9365234375,2.9436936378479004,7.278100967407227,2.3167295455932617
1,2841,943.3731079101562,8693.814453125,2.4663872718811035,9.399291038513184,3.940913200378418
1,2842,914.2523803710938,8383.064453125,2.5315299034118652,8.737483978271484,3.0911245346069336
1,2843,1075.7099609375,9925.609375,2.7716314792633057,9.732799530029297,3.7163591384887695
1,2844,1065.535400390625,9799.2626953125,2.8536369800567627,8.982328414916992,4.346935272216797
1,2845,807.0951538085938,7251.5244140625,2.7314224243164062,9.099148750305176,3.0092382431030273
1,2846,832.7510375976562,7534.8740234375,2.642120361328125,9.782496452331543,3.24802303314209
1,2847,706.129150390625,6241.63037109375,2.732203483581543,8.302940368652344,2.7332897186279297
1,2848,1379.4454345703125,12899.4052734375,2.9834957122802734,13.356555938720703,2.6854934692382812
1,2849,609.3619384765625,5265.51953125,2.7603321075439453,6.819056034088135,3.7052860260009766
1,2850,888.3431396484375,8119.0703125,2.54787015914917,8.28145980834961,4.318681716918945
1,2851,606.693359375,5298.0234375,2.563032627105713,7.203111171722412,3.4351634979248047
1,2852,829.1090087890625,7444.32421875,2.822551965713501,7.447419166564941,3.2964706420898438
1,2853,890.113037109375,8126.07861328125,2.5835065841674805,8.39358901977539,4.190274238586426
1,2854,629.26220703125,5524.974609375,2.5588245391845703,6.701537132263184,2.6477460861206055
1,2855,1011.7970581054688,9329.6181640625,2.627840757369995,9.422209739685059,4.193328857421875
1,2856,743.6856079101562,6608.6669921875,2.760629892349243,7.786735534667969,2.707087516784668
1,2857,641.4318237304688,5712.86572265625,2.3381752967834473,6.7222795486450195,2.9475183486938477
1,2858,786.408203125,7046.50341796875,2.7252626419067383,7.769707679748535,4.336911201477051
1,2859,809.9104614257812,7376.06689453125,2.410125494003296,7.894071102142334,2.881734848022461
1,2860,964.6580810546875,8852.455078125,2.6470837593078613,8.726310729980469,4.738896369934082
1,2861,712.6976318359375,6310.0390625,2.7231245040893555,6.8844733238220215,4.624579429626465
1,2862,1143.6146240234375,10641.0478515625,2.6503238677978516,10.417516708374023,3.529123306274414
1,2863,1338.6781005859375,12557.05859375,2.765737533569336,10.988809585571289,4.572354316711426
1,2864,1079.71337890625,9917.537109375,2.931988477706909,10.657268524169922,3.374140739440918
1,2865,1287.2579345703125,12014.97265625,2.858686923980713,11.490755081176758,4.0498046875
1,2866,756.1307373046875,6829.1611328125,2.440485954284668,7.786991119384766,3.155154228210449
1,2867,703.630615234375,6215.64453125,2.7355380058288574,7.4745893478393555,4.102460861206055
1,2868,836.8722534179688,7569.40087890625,2.6644034385681152,8.18951416015625,3.433384895324707
1,2869,955.2183837890625,8693.568359375,2.862050771713257,8.35627555847168,3.8780517578125
1,2870,689.1004028320312,6159.78564453125,2.437394142150879,6.289844989776611,3.7743358612060547
1,2871,798.6220092773438,7123.59912109375,2.8754019737243652,8.556243896484375,2.7420644760131836
1,2872,1538.3436279296875,14515.83203125,2.8920109272003174,10.42361831665039,5.849250793457031
1,2873,1314.2347412109375,12201.544921875,3.136007308959961,12.319988250732422,5.585631370544434
1,2874,1169.98974609375,10837.40234375,2.874983072280884,11.256678581237793,3.5760269165039062
1,2875,1110.968505859375,10088.068359375,3.4053878784179688,10.602516174316406,3.3679285049438477
1,2876,929.632080078125,8506.89453125,2.631420135498047,10.106229782104492,3.673672676086426
1,2877,855.6880493164062,7803.67822265625,2.5106735229492188,8.962676048278809,2.4407148361206055
1,2878,1464.2828369140625,13734.4453125,3.027942657470703,10.390753746032715,6.585497856140137
1,2879,891.9495849609375,8080.23046875,2.7975502014160156,7.865617752075195,3.4540185928344727
1,2880,684.8187255859375,6099.05029296875,2.4971232414245605,6.715167999267578,3.163867950439453
1,2881,1289.6112060546875,12049.37109375,2.822470188140869,12.133506774902344,3.0960159301757812
1,2882,855.5911865234375,7711.25634765625,2.815516471862793,7.724309921264648,4.948432922363281
1,2883,720.6221923828125,6380.478515625,2.7524783611297607,7.126277923583984,3.5539798736572266
1,2884,762.4912719726562,6858.9384765625,2.5532476902008057,7.685673236846924,2.698187828063965
1,2885,826.3265380859375,7422.60595703125,2.8021979331970215,7.717273712158203,2.386777877807617
1,2886,985.867919921875,9002.4736328125,2.854018449783325,9.526239395141602,3.6638755798339844
1,2887,979.1941528320312,8862.947265625,3.096646785736084,9.671881675720215,4.689475059509277
1,2888,739.201416015625,6667.81640625,2.413992404937744,8.184867858886719,3.3902549743652344
1,2889,1108.634033203125,10215.5390625,2.9026691913604736,9.869049072265625,4.591494560241699
1,2890,671.4067993164062,5984.939453125,2.4304287433624268,7.665346622467041,3.6477060317993164
1,2891,832.128662109375,7509.16845703125,2.707059621810913,7.385605812072754,3.5930070877075195
1,2892,865.977783203125,7876.2041015625,2.611912727355957,8.617134094238281,3.556826591491699
1,2893,928.60205078125,8549.7939453125,2.4540882110595703,9.206875801086426,4.641847610473633
1,2894,799.9765625,7231.3583984375,2.5613560676574707,7.788785934448242,3.0812339782714844
1,2895,1030.5899658203125,9532.4462890625,2.5781781673431396,9.747791290283203,4.174246788024902
1,2896,1141.2786865234375,10542.501953125,2.9009478092193604,10.689292907714844,3.8429441452026367
1,2897,1303.748291015625,12254.58984375,2.6096417903900146,11.056262969970703,2.736043930053711
1,2898,1085.4215087890625,9881.146484375,3.243560314178467,10.238950729370117,3.207333564758301
1,2899,1189.367919921875,11068.439453125,2.7507989406585693,11.823975563049316,2.9350976943969727
1,2900,1050.8885498046875,9689.1474609375,2.7324607372283936,10.257636070251465,2.7960968017578125
1,2901,1126.6285400390625,10492.875,2.578033924102783,9.687756538391113,4.109172821044922
1,2902,472.8054504394531,3985.568115234375,2.474954128265381,4.944099426269531,3.5106868743896484
1,2903,1090.3887939453125,9889.41796875,3.381564140319824,10.30239486694336,2.2566661834716797
1,2904,1028.456787109375,9477.125,2.6914758682250977,8.922792434692383,4.303723335266113
1,2905,932.3744506835938,8556.326171875,2.558060646057129,8.08485221862793,5.268219947814941
1,2906,1179.496826171875,10936.796875,2.8605713844299316,9.783079147338867,4.320152282714844
1,2907,852.5621948242188,7686.96728515625,2.795515537261963,9.661727905273438,2.0087013244628906
1,2908,901.473388671875,7940.39599609375,3.5811262130737305,9.356307029724121,3.071597099304199
1,2909,1679.040771484375,15996.673828125,2.645779609680176,12.27885627746582,5.440899848937988
1,2910,1030.9139404296875,9433.1982421875,2.9198036193847656,8.868844985961914,4.0561723709106445
1,2911,682.2138671875,6050.7099609375,2.5714292526245117,7.349062919616699,2.897397994995117
1,2912,941.3992309570312,8596.251953125,2.725801467895508,9.5736083984375,3.0460433959960938
1,2913,1143.824951171875,10599.830078125,2.794731378555298,9.322334289550781,4.879482269287109
1,2914,1295.8853759765625,12086.5625,2.9076385498046875,11.345518112182617,4.50901985168457
1,2915,1165.01025390625,10783.6142578125,2.888294219970703,10.552677154541016,4.316681861877441
1,2916,862.612548828125,7841.716796875,2.614694118499756,9.087591171264648,3.469916343688965
1,2917,920.9801635742188,8381.37890625,2.7614097595214844,10.004559516906738,2.825167655944824
1,2918,919.056396484375,8425.6552734375,2.5496950149536133,9.82264518737793,3.2501888275146484
1,2919,774.51025390625,6998.4150390625,2.4889590740203857,8.430580139160156,2.620732307434082
1,2920,889.4175415039062,8119.0634765625,2.5837063789367676,7.61134147644043,4.41035270690918
1,2921,825.9236450195312,7502.5009765625,2.5224499702453613,8.736459732055664,2.665839195251465
1,2922,1008.6195068359375,9245.6484375,2.801820755004883,9.853326797485352,3.324037551879883
1,2923,1320.187744140625,12296.5791015625,3.0176594257354736,13.852218627929688,1.9664554595947266
1,2924,1028.125,9399.630859375,2.9387307167053223,9.373430252075195,3.9667491912841797
1,2925,867.6443481445312,7830.73095703125,2.8190407752990723,9.112892150878906,3.682260513305664
1,2926,700.23291015625,6231.693359375,2.568784713745117,7.356074810028076,2.6402835845947266
1,2927,712.142822265625,6367.552734375,2.5129165649414062,7.902132034301758,2.7992334365844727
1,2928,576.8848876953125,5003.0556640625,2.5526440143585205,7.510255336761475,3.4143714904785156
1,2929,706.8541259765625,6326.57373046875,2.4732236862182617,7.760010719299316,3.1410036087036133
1,2930,1111.850341796875,10288.51953125,2.766615390777588,11.232301712036133,3.732510566711426
1,2931,1023.1852416992188,9495.9716796875,2.4529361724853516,9.535573959350586,2.78725528717041
1,2932,1055.5980224609375,9648.2880859375,3.0256423950195312,10.629919052124023,3.0308914184570312
1,2933,735.0938110351562,6463.34521484375,2.9586431980133057,7.6675567626953125,3.06923770904541
1,2934,1628.35009765625,15306.5283203125,3.2565741539001465,14.009008407592773,3.537236213684082
1,2935,1022.5774536132812,9360.24609375,2.8850953578948975,10.440654754638672,3.672365188598633
1,2936,1155.9326171875,10584.5341796875,3.249302864074707,11.242364883422852,2.6749086380004883
1,2937,1074.4910888671875,9852.34375,2.975224256515503,11.428169250488281,2.7546510696411133
1,2938,757.3901977539062,6811.47412109375,2.541426181793213,7.74009895324707,4.035824775695801
1,2939,930.447998046875,8482.7412109375,2.739129066467285,9.604755401611328,3.6382741928100586
1,2940,968.413330078125,8758.8564453125,3.084254503250122,7.775284767150879,5.376286506652832
1,2941,786.7567138671875,7082.4248046875,2.6171398162841797,7.952744483947754,4.199828147888184
1,2942,855.8216552734375,7754.44921875,2.6792244911193848,7.49857234954834,3.491697311401367
1,2943,952.8494873046875,8563.7939453125,3.2156686782836914,9.858431816101074,2.768596649169922
1,2944,872.78173828125,7900.59326171875,2.757413148880005,8.561467170715332,3.726473808288574
1,2945,890.0762939453125,8027.443359375,2.9110660552978516,8.814872741699219,4.7345170974731445
1,2946,1346.8961181640625,12610.24609375,2.862382173538208,12.251371383666992,2.281867027282715
1,2947,925.5770874023438,8258.01953125,3.3258376121520996,9.04861068725586,3.8628129959106445
1,2948,1038.5035400390625,9521.568359375,2.878222942352295,10.101923942565918,5.4592084884643555
1,2949,913.0174560546875,8286.287109375,2.812958240509033,8.799649238586426,4.144782066345215
1,2950,830.2086791992188,7576.9365234375,2.4171676635742188,6.359197616577148,4.391411781311035
1,2951,1002.5645141601562,9092.5458984375,3.1103320121765137,9.884881019592285,5.013216018676758
1,2952,842.926025390625,7599.095703125,2.7672128677368164,7.957100868225098,4.947934150695801
1,2953,838.2882080078125,7549.029296875,2.7795095443725586,8.052043914794922,4.071099281311035
1,2954,1029.5819091796875,9405.73046875,2.9669623374938965,10.862573623657227,2.831388473510742
1,2955,874.9378662109375,7853.259765625,2.987062454223633,8.491764068603516,3.2663745880126953
1,2956,685.947998046875,5613.48876953125,4.153303623199463,7.397560119628906,3.065492630004883
1,2957,1040.1466064453125,9582.322265625,2.7304775714874268,10.692119598388672,3.108670234680176
1,2958,944.900634765625,8541.783203125,3.024075984954834,8.803388595581055,3.421139717102051
1,2959,1442.437255859375,13435.80078125,3.2952375411987305,12.689831733703613,4.1462297439575195
1,2960,1030.7672119140625,9463.8681640625,2.812680721282959,8.463733673095703,3.4302825927734375
1,2961,860.7522583007812,7840.39990234375,2.5570764541625977,7.823793888092041,3.199726104736328
1,2962,723.4627685546875,5948.3935546875,4.287447929382324,7.944591999053955,2.768038034439087
2,0,1084.3201904296875,9991.8828125,2.837728977203369,10.315887451171875,4.468503952026367
2,1,1198.8660888671875,11129.11328125,2.8651561737060547,9.84653091430664,4.884939193725586
2,2,796.55810546875,7115.890625,2.8323025703430176,7.029330730438232,3.6731014251708984
2,3,919.5995483398438,8389.4228515625,2.6885733604431152,8.857708930969238,4.05616569519043
2,4,791.7645263671875,7155.93408203125,2.5390355587005615,8.046573638916016,3.4370594024658203
2,5,812.2447509765625,7275.80517578125,2.822141170501709,6.566988945007324,4.76738166809082
2,6,605.9328002929688,5164.6318359375,2.9823200702667236,6.6789398193359375,2.1534547805786133
2,7,918.0888061523438,8369.865234375,2.703409433364868,8.986516952514648,2.627812385559082
2,8,650.6202392578125,5645.171875,2.870100259780884,7.228382587432861,3.440413475036621
2,9,1097.337646484375,10055.5791015625,3.05932354927063,10.86572265625,3.1130151748657227
2,10,965.148193359375,8802.958984375,2.8284099102020264,9.469923973083496,3.812270164489746
2,11,1002.8252563476562,9185.3056640625,2.8098220825195312,9.983729362487793,3.557662010192871
2,12,679.733642578125,6064.5400390625,2.442652940750122,7.028896331787109,4.442950248718262
2,13,772.63720703125,6976.40478515625,2.499889373779297,9.029134750366211,2.389174461364746
2,14,736.7562255859375,6529.0166015625,2.7951512336730957,6.190130233764648,3.6260595321655273
2,15,1040.5311279296875,9472.427734375,3.1096105575561523,10.427949905395508,3.8022308349609375
2,16,672.6926879882812,5775.33837890625,3.1719613075256348,7.376104354858398,3.2490835189819336
2,17,989.4256591796875,8720.412109375,3.9128143787384033,9.165484428405762,3.745382308959961
2,18,676.67431640625,5950.154296875,2.7219624519348145,7.214563846588135,2.9927186965942383
2,19,615.8450927734375,5424.7578125,2.445643186569214,7.05291748046875,2.696150779724121
2,20,779.3407592773438,7037.7099609375,2.5189929008483887,7.15109395980835,4.25948429107666
2,21,1183.97607421875,10756.423828125,3.611119270324707,11.39322280883789,3.291240692138672
2,22,970.3701171875,8874.1533203125,2.765158176422119,9.568187713623047,2.967484474182129
2,23,927.480712890625,8403.958984375,2.9028258323669434,10.007555961608887,3.1396427154541016
2,24,1170.6116943359375,10776.7880859375,3.097761392593384,11.656291961669922,5.1303205490112305
2,25,843.67431640625,7658.1396484375,2.595345973968506,8.816125869750977,2.786801338195801
2,26,1356.4505615234375,12593.7939453125,3.2357048988342285,10.971362113952637,3.253973960876465
2,27,804.7138061523438,7285.791015625,2.537822961807251,9.002523422241211,2.9700613021850586
2,28,548.2430419921875,4783.4169921875,2.3300440311431885,6.161892890930176,2.8135299682617188
2,29,775.8663940429688,6855.927734375,3.0091211795806885,7.435451030731201,4.0998125076293945
2,30,829.8040161132812,7542.197265625,2.5194754600524902,6.888696670532227,3.4087886810302734
2,31,1024.0111083984375,9369.0791015625,2.903439521789551,8.641883850097656,3.868260383605957
2,32,1107.6402587890625,10292.830078125,2.6119072437286377,10.560263633728027,2.481006622314453
2,33,668.1045532226562,5914.4931640625,2.555173635482788,6.238455772399902,4.565522193908691
2,34,989.2657470703125,9067.9814453125,2.748920202255249,9.311430931091309,3.23844051361084
2,35,1260.6099853515625,11802.419921875,2.6789307594299316,10.545257568359375,5.743771553039551
2,36,740.8353881835938,6663.0458984375,2.484358310699463,7.471371650695801,3.7847776412963867
2,37,977.7479248046875,8929.51953125,2.8265321254730225,9.132226943969727,2.6131534576416016
2,38,1025.2440185546875,9344.263671875,3.0272555351257324,10.914304733276367,2.33682918548584
2,39,1159.6021728515625,10771.681640625,2.7477996349334717,10.702259063720703,3.622528076171875
2,40,841.7218017578125,7662.3876953125,2.5161008834838867,9.17510986328125,1.7743043899536133
2,41,1113.0889892578125,10227.4326171875,3.0115232467651367,10.365910530090332,4.5877685546875
2,42,1005.4261474609375,9191.1826171875,2.8769290447235107,11.160400390625,3.153225898742676
2,43,1040.353271484375,9452.296875,3.1707849502563477,10.90591049194336,3.067058563232422
2,44,807.58349609375,7239.21923828125,2.788717746734619,8.692306518554688,5.079831123352051
2,45,993.4020385742188,9059.033203125,2.916623830795288,9.869873046875,4.533875465393066
2,46,1158.3482666015625,10683.330078125,3.0005083084106445,11.266275405883789,3.423098564147949
2,47,1001.8195190429688,8805.35546875,4.042797088623047,10.256561279296875,2.784910202026367
2,48,1251.4383544921875,11639.6728515625,2.915703296661377,11.398436546325684,3.3899307250976562
2,49,857.339599609375,7742.38427734375,2.770038604736328,9.330923080444336,3.754629135131836
2,50,971.9224243164062,8966.7568359375,2.508223056793213,8.150012969970703,3.8041601181030273
2,51,909.3252563476562,8283.146484375,2.7003540992736816,7.746453762054443,5.308608055114746
2,52,874.3491821289062,7892.75390625,2.8357934951782227,9.332378387451172,3.836688995361328
2,53,905.7617797851562,8209.525390625,2.8269734382629395,8.962413787841797,3.1084604263305664
2,54,671.5310668945312,5878.55419921875,2.7891886234283447,7.448735237121582,3.284189224243164
2,55,483.80126953125,4123.6787109375,2.381113052368164,5.892581939697266,2.488448143005371
2,56,880.4228515625,8004.1435546875,2.66694974899292,10.039671897888184,4.188727378845215
2,57,770.726318359375,6998.14990234375,2.3637115955352783,8.015443801879883,2.940319061279297
2,58,873.9111938476562,7972.24951171875,2.5562081336975098,8.493724822998047,4.591312408447266
2,59,988.9127197265625,9119.94921875,2.563925266265869,9.659322738647461,4.096226692199707
2,60,1287.1298828125,12038.25390625,2.7768146991729736,10.185378074645996,5.7405853271484375
2,61,850.0827026367188,7677.64306640625,2.7439451217651367,9.18195915222168,2.9088525772094727
2,62,1143.549560546875,10588.7724609375,2.822409152984619,10.37939167022705,2.596341133117676
2,63,955.6493530273438,8736.521484375,2.7332394123077393,9.57595443725586,3.3383665084838867
2,64,1170.7091064453125,10839.357421875,2.8924436569213867,9.935422897338867,3.379728317260742
2,65,839.05712890625,7656.5869140625,2.4466135501861572,8.782381057739258,3.599729537963867
2,66,924.5723266601562,8445.1025390625,2.6687355041503906,8.966181755065918,4.242494583129883
2,67,1155.7843017578125,10659.1533203125,2.99562931060791,11.71734619140625,3.1774864196777344
2,68,657.7852783203125,5796.193359375,2.605532169342041,6.131548881530762,4.521639823913574
2,69,690.4810791015625,6053.8681640625,2.8364744186401367,8.061532974243164,2.6701173782348633
2,70,884.3646240234375,8096.38525390625,2.490868330001831,8.566536903381348,3.0395631790161133
2,71,821.4066772460938,7412.4658203125,2.672003984451294,7.551919460296631,5.615729331970215
2,72,1005.4478149414062,9234.0771484375,2.7346694469451904,9.07748794555664,3.0407724380493164
2,73,1471.56201171875,13896.64453125,2.729921340942383,11.907816886901855,4.80667781829834
2,74,785.8741455078125,7075.654296875,2.6102895736694336,8.170129776000977,4.581338882446289
2,75,729.5450439453125,6536.64794921875,2.529340982437134,6.865999221801758,2.9366798400878906
2,76,1006.0718383789062,9281.4443359375,2.597578525543213,9.4291410446167,3.238888740539551
2,77,721.8635864257812,6389.07080078125,2.76521635055542,7.280923843383789,3.874917984008789
2,78,1240.312744140625,11588.93359375,2.7139759063720703,10.136039733886719,3.843369483947754
2,79,795.1267700195312,7136.62109375,2.7154879570007324,7.662407875061035,4.647395133972168
2,80,1053.04541015625,9614.849609375,3.052013635635376,11.942745208740234,3.813892364501953
2,81,758.8626098632812,6781.45458984375,2.69057297706604,7.665081024169922,4.619890213012695
2,82,1052.5185546875,9670.005859375,2.850599765777588,10.065078735351562,2.948460578918457
2,83,771.7940673828125,6950.921875,2.556727409362793,7.101927280426025,3.342770576477051
2,84,1113.7742919921875,10310.41796875,2.757747173309326,10.794561386108398,4.7483415603637695
2,85,1098.7393798828125,10194.4384765625,2.6431827545166016,7.822871208190918,6.2154645919799805
2,86,792.0909423828125,7134.27783203125,2.622105121612549,7.668387413024902,4.489963531494141
2,87,974.1998291015625,8991.56640625,2.501438617706299,9.034479141235352,5.2974700927734375
2,88,891.5328369140625,7956.45654296875,3.1962392330169678,8.924158096313477,3.432976722717285
2,89,762.7821044921875,6846.611328125,2.604032039642334,7.959170341491699,4.508481025695801
2,90,1549.2666015625,14677.4072265625,2.717527151107788,10.770116806030273,6.281573295593262
2,91,830.1356811523438,7490.720703125,2.702120304107666,8.272911071777344,2.8311033248901367
2,92,944.64404296875,8660.1533203125,2.620957612991333,8.752645492553711,2.415494918823242
2,93,1222.8028564453125,11222.095703125,3.3531088829040527,9.697549819946289,4.249849319458008
2,94,815.105712890625,7353.181640625,2.6595849990844727,9.173210144042969,3.116246223449707
2,95,963.4577026367188,8805.900390625,2.762256622314453,9.292322158813477,3.1503028869628906
2,96,461.1960144042969,3892.3271484375,2.398776054382324,6.099261283874512,2.5319032669067383
2,97,1217.595458984375,11389.0244140625,2.623098611831665,9.700179100036621,4.313076972961426
2,98,886.6187744140625,7998.1728515625,2.893380880355835,8.736933708190918,2.7431297302246094
2,99,933.1824951171875,8284.8203125,3.4900152683258057,9.773733139038086,3.128164291381836
2,100,705.3771362304688,6251.7646484375,2.673356056213379,7.092521667480469,4.362699508666992
2,101,666.3905029296875,5836.6416015625,2.7575440406799316,7.2403035163879395,2.348219871520996
2,102,1300.558349609375,12133.8310546875,2.905837297439575,12.833931922912598,4.072932243347168
2,103,1419.98876953125,13327.396484375,2.9083051681518555,10.940351486206055,3.226675033569336
2,104,1215.678955078125,11245.4306640625,3.03786039352417,11.658134460449219,3.4488611221313477
2,105,871.166259765625,7996.98388671875,2.382261276245117,8.737059593200684,2.831716537475586
2,106,976.34716796875,8889.736328125,2.912450075149536,8.648494720458984,4.246371269226074
2,107,811.994873046875,7309.04443359375,2.703012228012085,8.097118377685547,3.519280433654785
2,108,746.9625244140625,6661.806640625,2.692727565765381,8.655613899230957,2.87990665435791
2,109,757.3196411132812,6816.65625,2.5218000411987305,7.814126491546631,2.072904586791992
2,110,839.010986328125,7586.6689453125,2.678135633468628,9.45616340637207,2.6135740280151367
2,111,1048.334716796875,9665.837890625,2.7250304222106934,8.169378280639648,5.697537422180176
2,112,908.3726806640625,8198.8193359375,2.949690341949463,8.727672576904297,4.88838005065918
2,113,684.9427490234375,6165.93896484375,2.278294324874878,6.661255359649658,3.4160337448120117
2,114,1078.192138671875,9884.6337890625,2.9909584522247314,9.857951164245605,3.4638729095458984
2,115,1046.0087890625,9694.109375,2.5532631874084473,9.763750076293945,4.317116737365723
2,116,1321.290771484375,12339.41796875,2.911632537841797,11.95939826965332,2.849020004272461
2,117,696.8438720703125,6106.5458984375,2.8729753494262695,7.769101619720459,2.6975784301757812
2,118,791.173095703125,7077.9755859375,2.7791848182678223,7.807289123535156,3.986818313598633
2,119,1113.876220703125,10318.1162109375,2.7354838848114014,11.14620590209961,3.7789688110351562
2,120,664.6895751953125,5862.8759765625,2.6133995056152344,7.005862236022949,2.4988842010498047
2,121,1025.0816650390625,9411.0205078125,2.7993197441101074,9.976943016052246,2.964667320251465
2,122,591.818359375,5178.46533203125,2.4657275676727295,5.996111869812012,3.2204360961914062
2,123,888.666748046875,7991.58203125,2.9836182594299316,8.70086669921875,3.3763389587402344
2,124,761.6856689453125,6834.25390625,2.608675718307495,7.986730098724365,4.139054298400879
2,125,1111.0927734375,10267.8251953125,2.8103384971618652,10.697380065917969,3.338709831237793
2,126,1002.7828369140625,9090.36328125,3.1248834133148193,8.853326797485352,3.848050117492676
2,127,739.6784057617188,6598.5595703125,2.660747528076172,8.469043731689453,2.871607780456543
2,128,602.6696166992188,5180.42041015625,2.8209190368652344,6.439250469207764,2.6918153762817383
2,129,1250.2647705078125,11548.712890625,3.179780960083008,10.313386917114258,3.713895797729492
2,130,666.0894775390625,5783.2568359375,2.9254589080810547,6.23879337310791,4.024380683898926
2,131,943.3817138671875,8451.48046875,3.274453639984131,9.558138847351074,3.660612106323242
2,132,979.1743774414062,8982.783203125,2.6965348720550537,7.569180011749268,5.397789001464844
2,133,742.5965576171875,6667.8740234375,2.5269713401794434,7.711973190307617,3.1598005294799805
2,134,838.2489624023438,7146.39404296875,4.1203179359436035,8.479870796203613,2.365314483642578
2,135,850.4663696289062,7597.1884765625,3.024916648864746,8.332252502441406,3.421750068664551
2,136,892.3040161132812,8078.751953125,2.81429386138916,10.454198837280273,2.6057872772216797
2,137,897.7007446289062,8120.63037109375,2.8545901775360107,9.01850700378418,3.213460922241211
2,138,680.6920776367188,5941.98876953125,2.8831052780151367,7.378257751464844,3.0100364685058594
2,139,1201.3922119140625,11130.634765625,2.9442906379699707,11.067404747009277,4.034482955932617
2,140,654.9298095703125,5817.642578125,2.438850164413452,7.196194648742676,3.2089719772338867
2,141,1595.5882568359375,15116.052734375,2.799428939819336,10.973594665527344,7.646474838256836
2,142,933.3964233398438,8582.505859375,2.5048604011535645,10.469568252563477,4.165283203125
2,143,917.61181640625,8400.5966796875,2.5850706100463867,9.642020225524902,3.0984745025634766
2,144,1131.394287109375,10432.9287109375,2.9367141723632812,9.976760864257812,5.411911964416504
2,145,1064.569091796875,9834.0615234375,2.705430269241333,9.250110626220703,3.1167564392089844
2,146,1471.95263671875,13807.728515625,3.0393283367156982,10.70120620727539,3.8208723068237305
2,147,1096.741943359375,10095.7421875,2.9055891036987305,9.548550605773926,4.579863548278809
2,148,968.1294555664062,8784.6298828125,2.988882303237915,8.375304222106934,4.122491836547852
2,149,687.8550415039062,6082.923828125,2.6520872116088867,6.800644874572754,4.036499977111816
2,150,555.1598510742188,4717.720703125,2.779592990875244,5.515610694885254,2.8621740341186523
2,151,793.5875854492188,6697.1162109375,4.129199028015137,8.755807876586914,2.168606758117676
2,152,1824.062255859375,17190.08203125,3.5018012523651123,14.079113006591797,3.757784843444824
2,153,857.5930786132812,7871.77099609375,2.347198247909546,8.783014297485352,2.6050186157226562
2,154,1047.911865234375,9621.630859375,2.8582916259765625,9.77601146697998,2.4179744720458984
2,155,712.7532348632812,6243.8017578125,2.945767879486084,6.874998092651367,3.94338321685791
2,156,1060.188232421875,9751.208984375,2.8355791568756104,11.043586730957031,2.9994640350341797
2,157,1198.97802734375,11125.6240234375,2.880523204803467,10.862268447875977,2.91939640045166
2,158,900.9402465820312,8171.5390625,2.792877674102783,10.026847839355469,2.6571922302246094
2,159,703.5292358398438,6266.013671875,2.5642621517181396,8.47876262664795,2.153322219848633
2,160,602.2208251953125,5218.9013671875,2.6776905059814453,6.592741012573242,2.3476123809814453
2,161,1054.9188232421875,9684.9580078125,2.880767345428467,11.087699890136719,4.297646522521973
2,162,856.0584716796875,7735.791015625,2.749311923980713,9.814131736755371,3.1711244583129883
2,163,666.88720703125,5928.5087890625,2.4678773880004883,7.068561553955078,3.339360237121582
2,164,1305.9940185546875,12240.8125,2.730423927307129,13.423469543457031,3.4656524658203125
2,165,1197.9422607421875,11203.451171875,2.5865707397460938,10.234130859375,4.956413269042969
2,166,903.96875,8250.5263671875,2.6305360794067383,9.402253150939941,3.380936622619629
2,167,790.1070556640625,7141.9267578125,2.5304784774780273,7.446516513824463,4.620841026306152
2,168,516.9682006835938,4387.2373046875,2.608150005340576,6.328305244445801,3.164811134338379
2,169,697.0288696289062,6187.50537109375,2.6092782020568848,7.966864585876465,2.3315916061401367
2,170,1022.5143432617188,9346.8505859375,2.927643299102783,10.688234329223633,4.431624412536621
2,171,911.0482788085938,8325.62109375,2.6162047386169434,8.573348045349121,3.0733261108398438
2,172,754.108642578125,6824.34130859375,2.3891496658325195,8.016324043273926,4.335549354553223
2,173,801.934814453125,7213.14501953125,2.6873440742492676,8.27841854095459,4.053733825683594
2,174,947.9263916015625,8609.3876953125,2.8995859622955322,8.691359519958496,3.462029457092285
2,175,972.3064575195312,8972.94140625,2.500410318374634,8.104695320129395,5.045652389526367
2,176,1054.4434814453125,9696.509765625,2.8264150619506836,10.194085121154785,3.137261390686035
2,177,1117.1837158203125,10302.24609375,2.8986356258392334,10.7154541015625,2.6754846572875977
2,178,1252.6373291015625,11636.7412109375,2.9654388427734375,12.016520500183105,4.009385108947754
2,179,1102.5518798828125,10179.09765625,2.8214032649993896,8.737907409667969,5.580129623413086
2,180,679.522705078125,6025.029296875,2.5673255920410156,7.4789323806762695,2.7324485778808594
2,181,975.8653564453125,8885.564453125,2.910297393798828,8.662391662597656,4.279727935791016
2,182,815.971435546875,7411.79443359375,2.4930663108825684,7.765975475311279,4.005451202392578
2,183,911.8681030273438,8259.6357421875,2.8634839057922363,8.65051555633545,3.541619300842285
2,184,975.0115356445312,8930.7763671875,2.7311291694641113,8.93962287902832,4.494049072265625
2,185,1150.162353515625,10709.306640625,2.6410574913024902,10.561141967773438,4.140117645263672
2,186,993.3642578125,9185.373046875,2.4942312240600586,9.849023818969727,2.7964582443237305
2,187,772.7103271484375,6859.630859375,2.8915748596191406,9.029935836791992,2.3995046615600586
2,188,652.3074951171875,5742.7451171875,2.6010985374450684,6.304324150085449,3.725706100463867
2,189,788.91748046875,7080.6962890625,2.694927215576172,7.8501296043396,3.167067527770996
2,190,864.0545654296875,7916.58349609375,2.4132063388824463,7.64326810836792,4.128851890563965
2,191,1329.1856689453125,12380.185546875,3.038905143737793,11.686452865600586,3.400588035583496
2,192,918.7530517578125,8414.9306640625,2.575331687927246,8.697884559631348,4.251765251159668
2,193,582.888427734375,5090.9736328125,2.4597020149230957,6.727848052978516,2.752481460571289
2,194,694.5390625,5992.556640625,3.176112651824951,6.345147132873535,2.9542179107666016
2,195,561.3775634765625,4848.205078125,2.5519001483917236,6.621181488037109,3.2335948944091797
2,196,688.6974487304688,6119.2568359375,2.55905818939209,7.545517921447754,4.087139129638672
2,197,810.412353515625,7172.11572265625,3.106692314147949,6.526153087615967,4.926047325134277
2,198,1030.4737548828125,9540.236328125,2.5483388900756836,9.035773277282715,5.822299957275391
2,199,1002.0521850585938,9197.59375,2.743093252182007,10.447951316833496,2.444873809814453
2,200,869.966064453125,7885.919921875,2.712470054626465,9.292550086975098,2.4195852279663086
2,201,909.9251708984375,8317.154296875,2.606990337371826,7.133079528808594,4.926647186279297
2,202,1065.3690185546875,9768.744140625,2.9498178958892822,9.294031143188477,4.03338623046875
2,203,1145.176025390625,10534.17578125,3.0586142539978027,8.663289070129395,4.6561479568481445
2,204,1291.6749267578125,12088.9833984375,2.759220838546753,10.03164291381836,5.799264907836914
2,205,751.4246215820312,6728.25634765625,2.6199660301208496,5.836935043334961,4.413633346557617
2,206,888.2288208007812,8116.37939453125,2.5530295372009277,8.887127876281738,2.601747512817383
2,207,756.9939575195312,6790.990234375,2.596496343612671,7.147611141204834,4.516848564147949
2,208,933.2723388671875,8516.611328125,2.7203736305236816,8.805158615112305,3.4132823944091797
2,209,1123.8192138671875,10404.2294921875,2.779874324798584,9.406501770019531,4.214404106140137
2,210,1193.00341796875,11046.880859375,2.9438414573669434,9.979839324951172,5.495680809020996
2,211,986.7035522460938,8989.0439453125,2.926637649536133,9.241220474243164,4.911444664001465
2,212,857.1510620117188,7733.0302734375,2.7949345111846924,8.255184173583984,4.241695404052734
2,213,1014.400390625,9322.1953125,2.7393627166748047,10.358795166015625,3.501058578491211
2,214,891.2849731445312,8144.1259765625,2.562412738800049,8.21588134765625,4.237639427185059
2,215,1112.3790283203125,10247.6845703125,2.9203522205352783,9.84782600402832,3.479090690612793
2,216,665.3265991210938,5823.4326171875,2.7661118507385254,7.456125259399414,3.4716434478759766
2,217,963.5206909179688,8813.7734375,2.738109588623047,8.941036224365234,4.590702056884766
2,218,856.3570556640625,7709.7900390625,2.845935821533203,7.534847259521484,5.061856269836426
2,219,729.2750854492188,6476.98583984375,2.7192158699035645,7.757487773895264,3.874753952026367
2,220,574.5381469726562,4943.408203125,2.673243761062622,6.380794048309326,2.9109649658203125
2,221,946.1829223632812,8609.7568359375,2.840240240097046,8.828957557678223,2.5038022994995117
2,222,901.875,8085.7041015625,3.110152006149292,8.758241653442383,2.931563377380371
2,223,723.0148315429688,6467.9052734375,2.5408096313476562,7.8332319259643555,2.159369468688965
2,224,778.2474975585938,6923.8017578125,2.862244129180908,8.074825286865234,4.521719932556152
2,225,791.669189453125,7115.771484375,2.669734001159668,8.546455383300781,2.6109790802001953
2,226,1089.908935546875,10111.154296875,2.626452684402466,10.41073226928711,3.7806882858276367
2,227,1210.9390869140625,11163.08984375,3.1543357372283936,11.472824096679688,3.8408422470092773
2,228,996.4051513671875,9100.390625,2.8788697719573975,9.772375106811523,3.603114128112793
2,229,1059.9053955078125,9708.5380859375,2.9683876037597656,10.592002868652344,1.9546947479248047
2,230,862.3963012695312,7783.4267578125,2.801786422729492,9.08610725402832,2.8096837997436523
2,231,985.6892700195312,8944.05859375,3.042778968811035,8.955876350402832,3.664790153503418
2,232,1242.329833984375,11519.88671875,3.011373519897461,11.765607833862305,2.8167295455932617
2,233,802.4237670898438,7264.404296875,2.5327770709991455,7.718916893005371,3.0663347244262695
2,234,1046.061767578125,9411.619140625,3.4966626167297363,10.02232551574707,2.6160030364990234
2,235,746.5684204101562,6703.4736328125,2.5407028198242188,7.304717063903809,4.217119216918945
2,236,1094.0069580078125,10158.552734375,2.6050572395324707,11.290507316589355,3.0303688049316406
2,237,811.28662109375,7263.69677734375,2.830563545227051,9.066563606262207,2.683633804321289
2,238,917.2503051757812,8273.091796875,2.998037576675415,8.004188537597656,4.292314529418945
2,239,1208.92333984375,11147.8818359375,3.1378397941589355,11.08173942565918,3.574000358581543
2,240,949.5311889648438,8640.65625,2.8488526344299316,6.0237650871276855,5.909976959228516
2,241,918.4332885742188,8344.05859375,2.800912618637085,8.80136489868164,4.065298080444336
2,242,596.4326171875,5265.1689453125,2.330524444580078,6.983554363250732,3.0056114196777344
2,243,1106.486572265625,10137.802734375,3.0902090072631836,11.681903839111328,2.7204036712646484
2,244,830.334228515625,7496.40625,2.6897873878479004,8.253687858581543,2.6591033935546875
2,245,902.6278686523438,8215.7861328125,2.7016420364379883,9.348023414611816,2.86077880859375
2,246,856.7227783203125,7658.71044921875,3.028390407562256,9.443583488464355,2.8035812377929688
2,247,830.1815185546875,7485.7001953125,2.720384120941162,9.561834335327148,2.613520622253418
2,248,1015.3399047851562,9357.9580078125,2.6514692306518555,9.59093952178955,3.5021915435791016
2,249,965.550048828125,8876.0126953125,2.598292350769043,8.113883972167969,4.096432685852051
2,250,899.2572631835938,8185.74560546875,2.689422369003296,8.790034294128418,4.038271903991699
2,251,1011.8938598632812,9378.8837890625,2.4668493270874023,8.973048210144043,3.589336395263672
2,252,732.345947265625,6423.17529296875,3.000945568084717,8.846192359924316,3.206615447998047
2,253,932.008056640625,8497.4775390625,2.7420108318328857,10.454122543334961,2.4222068786621094
2,254,600.5463256835938,5253.0546875,2.5080275535583496,6.625075340270996,2.262965202331543
2,255,971.1398315429688,8879.4580078125,2.7731337547302246,8.518010139465332,5.497305870056152
2,256,999.613037109375,9135.34375,2.8692891597747803,10.217930793762207,2.475325584411621
2,257,853.7236328125,7743.158203125,2.646925926208496,8.056602478027344,4.120200157165527
2,258,840.0979614257812,6715.1552734375,5.619413375854492,8.585821151733398,3.4242019653320312
2,259,1003.0982666015625,9315.66015625,2.3844075202941895,10.101521492004395,3.708913803100586
2,260,742.593505859375,6539.2958984375,2.9554624557495117,7.393961429595947,2.949873924255371
2,261,797.6150512695312,7246.0966796875,2.43351149559021,7.751977920532227,4.307494163513184
2,262,1048.06298828125,9623.75390625,2.856250286102295,10.804880142211914,3.7813215255737305
2,263,1104.8245849609375,10200.38671875,2.8261966705322266,10.771586418151855,3.6903581619262695
2,264,1227.00390625,11429.365234375,2.80224609375,9.879108428955078,4.902569770812988
2,265,876.7958374023438,7967.88818359375,2.666900157928467,9.269083976745605,3.6967620849609375
2,266,817.820556640625,7359.01025390625,2.7306487560272217,8.463491439819336,3.07462215423584
2,267,1147.5516357421875,10567.1025390625,3.0280420780181885,11.083603858947754,3.695972442626953
2,268,1214.873779296875,11277.140625,2.9053239822387695,10.851690292358398,3.28903865814209
2,269,1394.6002197265625,13005.36328125,3.13546085357666,11.873184204101562,4.025204658508301
2,270,1430.2060546875,13397.822265625,3.014129400253296,12.639501571655273,4.723807334899902
2,271,755.8346557617188,6724.326171875,2.7800683975219727,6.899848461151123,3.73016357421875
2,272,810.0360717773438,7269.49267578125,2.769558906555176,7.018990516662598,3.964707374572754
2,273,1056.3057861328125,9756.3486328125,2.689030408859253,9.394037246704102,3.5063467025756836
2,274,749.25927734375,6713.48681640625,2.597020149230957,7.574963569641113,4.448403358459473
2,275,760.2843017578125,6796.2548828125,2.688626289367676,7.31999397277832,3.5921249389648438
2,276,679.4654541015625,6010.09375,2.615201473236084,7.22251558303833,4.160453796386719
2,277,1322.23095703125,12333.60546875,2.962346315383911,10.633956909179688,5.2271881103515625
2,278,743.0421752929688,6690.3291015625,2.4669761657714844,8.040817260742188,3.4194984436035156
2,279,708.281494140625,6324.93310546875,2.5262720584869385,6.440452575683594,3.04681396484375
2,280,985.5380249023438,9064.5341796875,2.636152982711792,9.892803192138672,2.6507511138916016
2,281,671.7348022460938,5939.36181640625,2.5932869911193848,8.015228271484375,2.961747169494629
2,282,1177.662841796875,10918.0185546875,2.8620314598083496,11.052746772766113,4.120905876159668
2,283,1101.4512939453125,10134.701171875,2.9327046871185303,8.982611656188965,4.124350547790527
2,284,931.6472778320312,8419.994140625,2.988260507583618,10.60989761352539,2.8927879333496094
2,285,1131.7984619140625,10376.5546875,3.1380972862243652,10.74422550201416,3.369504928588867
2,286,1051.7999267578125,9641.611328125,2.921293258666992,9.473896026611328,2.9218311309814453
2,287,857.4064331054688,7755.7578125,2.727687120437622,8.216511726379395,3.8947200775146484
2,288,787.7117919921875,7072.9833984375,2.680448532104492,7.486232757568359,2.6960020065307617
2,289,799.377197265625,7206.78515625,2.623288154602051,7.595834732055664,2.4109020233154297
2,290,1034.4510498046875,9514.462890625,2.7668261528015137,7.846839904785156,5.041425704956055
2,291,552.9902954101562,4700.20458984375,2.765660047531128,6.010951995849609,3.4868650436401367
2,292,962.0004272460938,8778.759765625,2.8041481971740723,8.894853591918945,4.382189750671387
2,293,639.7816772460938,5600.4912109375,2.6577508449554443,6.7306013107299805,4.198716163635254
2,294,884.9591064453125,7862.37890625,3.2907066345214844,9.227346420288086,4.117462158203125
2,295,821.4183959960938,7464.376953125,2.4993577003479004,8.240644454956055,2.1189441680908203
2,296,643.2042846679688,5744.62939453125,2.291377067565918,6.825661659240723,3.5515193939208984
2,297,810.0531005859375,7356.1845703125,2.481153726577759,7.629709720611572,3.967731475830078
2,298,1298.7974853515625,12142.732421875,2.817471742630005,12.604909896850586,2.8926877975463867
2,299,997.6984252929688,9148.5849609375,2.7613296508789062,10.404167175292969,3.6726903915405273
2,300,549.8399047851562,4657.404296875,2.8033156394958496,5.967837810516357,3.4966373443603516
2,301,848.37841796875,7634.98193359375,2.829339027404785,9.064326286315918,2.630117416381836
2,302,984.8128662109375,8993.5,2.8487613201141357,9.58968448638916,4.199239730834961
2,303,1202.9010009765625,11114.6015625,3.048027515411377,11.342844009399414,2.904115676879883
2,304,838.578125,7540.2470703125,2.8184478282928467,8.761548042297363,2.837247848510742
2,305,1022.2494506835938,9419.3203125,2.677246570587158,7.759012222290039,5.777347564697266
2,306,1338.139892578125,12542.16015625,2.7974624633789062,11.558008193969727,4.104434013366699
2,307,896.8801879882812,8161.802734375,2.6899969577789307,9.150978088378906,2.8837242126464844
2,308,1064.2879638671875,9677.814453125,3.216886043548584,9.28656005859375,5.0400848388671875
2,309,1019.4010620117188,9350.71484375,2.8109865188598633,10.54428768157959,3.985492706298828
2,310,1068.375244140625,9848.7451171875,2.783357620239258,9.463138580322266,5.608639717102051
2,311,691.0829467773438,5970.4765625,3.1345090866088867,6.997944355010986,4.305417060852051
2,312,718.7798461914062,6423.376953125,2.54807186126709,7.368095397949219,4.021147727966309
2,313,737.3787841796875,6652.91015625,2.4029245376586914,7.506137847900391,4.423251152038574
2,314,1417.844482421875,13320.5126953125,2.859773635864258,11.955022811889648,4.8100786209106445
2,315,776.1492919921875,6973.12890625,2.6278796195983887,7.8757171630859375,3.146738052368164
2,316,569.05322265625,4882.32421875,2.694025993347168,6.835359573364258,2.448057174682617
2,317,961.6578369140625,8803.818359375,2.7091991901397705,9.631303787231445,3.40720272064209
2,318,1050.541259765625,9695.7705078125,2.69880747795105,9.317465782165527,4.938033103942871
2,319,916.1718139648438,8292.953125,2.8958828449249268,8.06204605102539,4.275860786437988
2,320,819.4961547851562,7383.67333984375,2.7042927742004395,7.787920951843262,3.545421600341797
2,321,780.3033447265625,7020.15185546875,2.6096043586730957,7.254561424255371,3.267078399658203
2,322,707.7335205078125,6226.3740234375,2.8365373611450195,6.261922359466553,3.6922855377197266
2,323,864.1959228515625,7755.0439453125,2.956383228302002,7.901447296142578,2.773495674133301
2,324,802.6607666015625,7184.322265625,2.8076179027557373,9.603036880493164,2.292605400085449
2,325,1335.842041015625,12414.7431640625,3.145587682723999,11.552358627319336,3.689420700073242
2,326,1131.6043701171875,10434.828125,2.9373843669891357,10.60592269897461,3.767514228820801
2,327,1106.1417236328125,9719.90234375,4.47171688079834,10.266073226928711,3.8381147384643555
2,328,1316.8115234375,12364.828125,2.6776256561279297,11.0285062789917,4.035287857055664
2,329,788.3502197265625,7087.89208984375,2.652031421661377,8.584524154663086,3.1915416717529297
2,330,701.19921875,6243.42724609375,2.5618834495544434,8.053462982177734,2.7794055938720703
2,331,846.7389526367188,7638.2939453125,2.763650894165039,7.789638519287109,4.5869140625
2,332,843.5673828125,7634.76513671875,2.669696807861328,6.653071403503418,4.414783477783203
2,333,721.4751586914062,6344.595703125,2.9005184173583984,7.154699802398682,2.926081657409668
2,334,1000.9624633789062,9138.4833984375,2.903803825378418,9.487951278686523,2.8997268676757812
2,335,1113.08447265625,10231.8837890625,2.996534824371338,9.790066719055176,4.534028053283691
2,336,1031.2557373046875,9484.4462890625,2.7603700160980225,10.651201248168945,3.2449474334716797
2,337,807.0452880859375,7290.517578125,2.5997843742370605,7.925092697143555,4.007567405700684
2,338,531.547607421875,4527.56005859375,2.626387596130371,6.5891618728637695,3.4384241104125977
2,339,1071.6123046875,9951.3623046875,2.549203395843506,9.814008712768555,4.448205947875977
2,340,1224.4056396484375,11294.537109375,3.165064573287964,11.299240112304688,3.852444648742676
2,341,987.4271240234375,9117.4736328125,2.5226588249206543,9.758100509643555,3.320993423461914
2,342,813.2941284179688,7304.61328125,2.7610929012298584,8.683355331420898,3.5460987091064453
2,343,984.615966796875,9062.23046875,2.613096237182617,8.971614837646484,2.6097612380981445
2,344,1115.766845703125,10310.7451171875,2.8230738639831543,10.914488792419434,2.841766357421875
2,345,497.55877685546875,4179.501953125,2.6536197662353516,6.423921585083008,2.56695556640625
2,346,597.142578125,5109.49462890625,2.873102903366089,6.233381271362305,2.575789451599121
2,347,930.5479736328125,8405.521484375,2.9998598098754883,8.95670223236084,3.482564926147461
2,348,791.076904296875,7041.8681640625,2.8963351249694824,7.880131244659424,3.756392478942871
2,349,1085.0491943359375,10019.384765625,2.770355701446533,8.798181533813477,5.109119415283203
2,350,864.221435546875,7765.884765625,2.9210987091064453,7.895548343658447,2.2736434936523438
2,351,989.9535522460938,8995.06640625,3.0148963928222656,8.702880859375,3.638967514038086
2,352,655.726806640625,5686.59228515625,2.9022529125213623,6.789292335510254,3.1247549057006836
2,353,1513.3470458984375,14103.515625,3.4331836700439453,13.587894439697266,3.369251251220703
2,354,715.6314086914062,6290.83203125,2.8849406242370605,8.742822647094727,3.9119386672973633
2,355,1150.8736572265625,10685.365234375,2.7445714473724365,9.748453140258789,4.253139495849609
2,356,751.7896728515625,6761.44140625,2.5215179920196533,7.373256683349609,3.1332321166992188
2,357,743.08349609375,6614.513671875,2.721072196960449,8.314216613769531,4.309856414794922
2,358,622.8738403320312,5390.68359375,2.7935166358947754,7.67564582824707,2.614604949951172
2,359,700.92138671875,6229.9833984375,2.5974345207214355,7.154287815093994,3.2282590866088867
2,360,791.6859130859375,7084.48291015625,2.7745871543884277,7.905704498291016,4.419218063354492
2,361,1133.4969482421875,10413.0537109375,3.0730514526367188,9.149089813232422,5.542959213256836
2,362,843.0909423828125,7603.98681640625,2.756408214569092,7.593076229095459,4.997550010681152
2,363,1091.2701416015625,9938.828125,3.2462451457977295,10.812027931213379,3.5825347900390625
2,364,968.6754150390625,8817.13671875,2.8987247943878174,8.921913146972656,3.748483657836914
2,365,799.8248901367188,7180.126953125,2.7270736694335938,8.574925422668457,2.706056594848633
2,366,856.153076171875,7710.001953125,2.8384296894073486,8.899974822998047,4.271834373474121
2,367,933.7706298828125,8510.775390625,2.756434917449951,9.523216247558594,2.778496742248535
2,368,684.3980712890625,6154.68798828125,2.297642230987549,6.877491474151611,3.498354911804199
2,369,1085.4332275390625,10097.6748046875,2.522190570831299,9.870976448059082,3.471928596496582
2,370,847.3871459960938,7623.5712890625,2.834334135055542,7.046506881713867,4.244030952453613
2,371,695.960693359375,6194.736328125,2.549567937850952,7.227912902832031,3.9734325408935547
2,372,1071.104736328125,8207.578125,8.344897270202637,8.780856132507324,3.2198591232299805
2,373,804.6318359375,7274.63427734375,2.572279453277588,8.199816703796387,3.638474464416504
2,374,744.6378784179688,6658.20751953125,2.6272382736206055,8.34691047668457,3.44952392578125
2,375,1610.802734375,15102.138671875,3.3529627323150635,12.162812232971191,3.7776012420654297
2,376,867.0971069335938,7927.33349609375,2.478792905807495,8.465988159179688,4.251875877380371
2,377,883.6932983398438,7980.625,2.854360580444336,9.61672592163086,3.6860198974609375
2,378,1184.8114013671875,10935.5390625,3.041914939880371,9.056070327758789,5.347712516784668
2,379,1359.740234375,12713.529296875,2.9462461471557617,12.718822479248047,2.7290916442871094
2,380,756.55615234375,6847.22412109375,2.3944575786590576,7.825536251068115,3.5068225860595703
2,381,849.5850830078125,7698.51220703125,2.6577935218811035,8.033760070800781,2.635472297668457
2,382,638.7667846679688,5704.669921875,2.276660442352295,6.916491508483887,2.970163345336914
2,383,611.4771118164062,5299.1982421875,2.7185754776000977,6.136435508728027,3.394364356994629
2,384,1297.114013671875,11971.515625,3.3320789337158203,11.378961563110352,4.243448257446289
2,385,699.9596557617188,6223.34765625,2.587496519088745,4.725251197814941,6.7513227462768555
2,386,966.2860717773438,8898.625,2.547452449798584,9.166155815124512,3.80743408203125
2,387,934.2234497070312,8502.37109375,2.7995448112487793,8.589262962341309,4.130369186401367
2,388,1134.564697265625,10549.462890625,2.653949022293091,9.723848342895508,5.4397478103637695
2,389,1008.1737060546875,9290.0625,2.6389145851135254,10.910679817199707,3.4290037155151367
2,390,873.7470703125,7840.59765625,2.989577293395996,8.297491073608398,3.4041824340820312
2,391,1093.2529296875,10068.275390625,2.8808460235595703,9.724493026733398,6.366048812866211
2,392,1191.9327392578125,11056.7421875,2.875283718109131,10.551713943481445,5.945106506347656
2,393,939.6506958007812,8581.2265625,2.7176008224487305,9.472491264343262,3.608591079711914
2,394,1059.945068359375,9728.697265625,2.9025111198425293,10.253883361816406,4.2967071533203125
2,395,923.0023193359375,8372.955078125,2.8568930625915527,9.369414329528809,3.692816734313965
2,396,655.16845703125,5852.7861328125,2.329659938812256,7.556271076202393,3.0267772674560547
2,397,667.8012084960938,5945.0478515625,2.4432132244110107,8.202849388122559,3.357982635498047
2,398,1521.2333984375,14420.0478515625,2.6409528255462646,10.682538032531738,6.130722999572754
2,399,805.0093994140625,7242.45751953125,2.69212007522583,8.212757110595703,3.8589420318603516
2,400,1283.6083984375,12015.810546875,2.734243154525757,9.878698348999023,4.582751274108887
2,401,664.682373046875,5856.40087890625,2.6347434520721436,6.546600341796875,3.5534210205078125
2,402,1004.0173950195312,9256.21484375,2.61319637298584,9.553393363952637,2.3741960525512695
2,403,935.4625244140625,8615.8818359375,2.462476968765259,8.796703338623047,3.003720283508301
2,404,960.8653564453125,8764.9931640625,2.8122005462646484,9.425668716430664,2.2712554931640625
2,405,882.4627685546875,7863.29150390625,3.2044544219970703,9.366535186767578,3.896198272705078
2,406,1103.3836669921875,10221.6884765625,2.7071595191955566,9.89394760131836,3.587099075317383
2,407,1058.7066650390625,9824.416015625,2.542168378829956,8.281721115112305,5.177084922790527
2,408,915.214599609375,8362.26953125,2.6329197883605957,9.24346923828125,5.466588020324707
2,409,716.1358032226562,6376.45654296875,2.6163368225097656,8.729243278503418,3.0747060775756836
2,410,1128.6046142578125,10505.431640625,2.602047920227051,9.555557250976562,5.951476097106934
2,411,691.9583129882812,6099.0361328125,2.735156774520874,8.010259628295898,1.953042984008789
2,412,993.43359375,9098.94921875,2.7846219539642334,8.924327850341797,4.325299263000488
2,413,1103.75732421875,10151.19921875,2.954580307006836,10.634363174438477,4.535595893859863
2,414,1353.403564453125,12650.90234375,2.943777561187744,11.583232879638672,4.115871429443359
2,415,814.83740234375,7386.4853515625,2.5396275520324707,9.084145545959473,3.7076101303100586
2,416,1320.437255859375,12257.6572265625,3.1557157039642334,11.558029174804688,4.262050628662109
2,417,979.8189086914062,8930.021484375,2.893892765045166,8.824793815612793,4.789119720458984
2,418,968.5904541015625,8750.8974609375,3.116689682006836,9.658647537231445,2.8181591033935547
2,419,1205.739013671875,11174.3349609375,2.943518877029419,9.258147239685059,4.674490928649902
2,420,1025.7718505859375,9530.5810546875,2.423792839050293,8.656753540039062,6.498959541320801
2,421,1106.7508544921875,10214.220703125,2.844292163848877,10.513391494750977,4.539925575256348
2,422,833.5606689453125,7473.47607421875,2.873769521713257,8.257831573486328,3.1207199096679688
2,423,958.409912109375,8783.4130859375,2.6689534187316895,8.155001640319824,4.411673545837402
2,424,1060.737548828125,9863.3212890625,2.4801788330078125,10.91658878326416,4.659024238586426
2,425,621.7991943359375,5436.1474609375,2.6061482429504395,6.665838718414307,2.554123878479004
2,426,745.8790893554688,6558.302734375,3.001626968383789,6.844372272491455,3.2747859954833984
2,427,1002.5492553710938,9233.587890625,2.6396803855895996,8.829364776611328,4.585750579833984
2,428,698.2568359375,6169.9775390625,2.708636999130249,8.501428604125977,2.3353281021118164
2,429,795.1031494140625,7056.984375,2.980156421661377,7.813922882080078,3.086287498474121
2,430,860.8043823242188,7770.8876953125,2.7905192375183105,9.491016387939453,3.131399154663086
2,431,866.369384765625,7805.52880859375,2.860548734664917,7.055992126464844,3.4463119506835938
2,432,1131.258056640625,10473.0400390625,2.79846453666687,10.730829238891602,2.02032470703125
2,433,828.4409790039062,7367.67724609375,3.0557732582092285,7.635196685791016,3.166685104370117
2,434,666.22216796875,5913.30859375,2.4963769912719727,5.8710551261901855,3.781036376953125
2,435,877.724365234375,8042.68359375,2.448533773422241,6.74885892868042,4.546989440917969
2,436,552.2255249023438,4771.30615234375,2.503164291381836,6.480985641479492,1.9710016250610352
2,437,787.4149780273438,7053.88525390625,2.7342147827148438,8.002586364746094,3.2471561431884766
2,438,872.5545043945312,7836.3173828125,2.964090347290039,9.511314392089844,3.5899314880371094
2,439,610.7008056640625,5304.30859375,2.6756656169891357,5.896431922912598,3.489309310913086
2,440,733.527099609375,6493.033203125,2.807457685470581,7.594106674194336,2.5426063537597656
2,441,899.73193359375,8278.2548828125,2.3968801498413086,9.788457870483398,2.5471391677856445
2,442,391.589599609375,3211.278564453125,2.348723888397217,5.191576957702637,2.19647216796875
2,443,688.1503295898438,6138.50537109375,2.47666072845459,8.030776977539062,2.748917579650879
2,444,1224.2269287109375,11298.619140625,3.145498514175415,9.502474784851074,4.906813621520996
2,445,896.4774169921875,8202.4150390625,2.5411977767944336,9.559247970581055,2.6677818298339844
2,446,933.7100830078125,8436.2509765625,3.0028328895568848,8.42232894897461,2.576754570007324
2,447,666.5330200195312,5879.1591796875,2.6205687522888184,7.724677562713623,2.8936309814453125
2,448,1113.72607421875,10324.833984375,2.7080912590026855,10.407419204711914,3.5581579208374023
2,449,1190.707275390625,10967.265625,3.1326913833618164,10.482514381408691,3.860074996948242
2,450,761.5159912109375,6818.501953125,2.655524730682373,8.190773010253906,3.2382707595825195
2,451,1258.699951171875,11747.837890625,2.7972025871276855,10.867876052856445,3.7682552337646484
2,452,642.42431640625,5639.6201171875,2.6154096126556396,7.011824607849121,3.7114171981811523
2,453,979.1886596679688,8853.9560546875,3.126434326171875,8.525673866271973,4.559622764587402
2,454,584.0957641601562,5149.51171875,2.304819107055664,7.230794429779053,2.3576736450195312
2,455,672.1571655273438,5900.45166015625,2.7370660305023193,7.429182529449463,3.177652359008789
2,456,734.9178466796875,6519.8291015625,2.764498472213745,7.51686954498291,3.5377254486083984
2,457,524.9056396484375,4503.5791015625,2.4849252700805664,5.799562454223633,2.8430919647216797
2,458,1038.958740234375,9593.6708984375,2.6530532836914062,9.596050262451172,4.028179168701172
2,459,1324.4345703125,12345.9931640625,2.994507312774658,10.940252304077148,4.885334014892578
2,460,819.6522827148438,7335.9267578125,2.868651866912842,9.647372245788574,2.1926145553588867
2,461,705.9083862304688,6275.642578125,2.611470937728882,8.75503158569336,2.7904891967773438
2,462,895.5060424804688,8263.078125,2.3066089153289795,9.349266052246094,3.1625537872314453
2,463,691.7628173828125,6138.80810546875,2.596067428588867,6.27793025970459,3.815199851989746
2,464,1116.65380859375,10385.947265625,2.6019692420959473,9.844791412353516,4.997673988342285
2,465,791.929443359375,7096.154296875,2.7438015937805176,8.395118713378906,3.224911689758301
2,466,982.2313232421875,8991.1630859375,2.770500659942627,8.411069869995117,4.577325820922852
2,467,985.9210205078125,8969.318359375,2.9663076400756836,10.836311340332031,2.879179000854492
2,468,1087.4339599609375,10020.2890625,2.8468339443206787,10.45759391784668,4.098574638366699
2,469,828.3851318359375,7502.58349609375,2.6042251586914062,7.664149761199951,4.236350059509277
2,470,878.244384765625,7941.22509765625,2.8040637969970703,8.268247604370117,3.552403450012207
2,471,958.3697509765625,8581.8740234375,3.3394103050231934,9.584227561950684,4.038137435913086
2,472,959.8582763671875,8798.701171875,2.6662721633911133,10.602773666381836,3.585063934326172
2,473,1227.585693359375,11290.015625,3.286135196685791,10.931417465209961,2.920748710632324
2,474,906.8054809570312,8221.64453125,2.821366310119629,8.505217552185059,3.953794479370117
2,475,569.0924072265625,4860.5966796875,2.7677576541900635,6.534919738769531,2.424250602722168
2,476,1087.4169921875,9998.345703125,2.919412612915039,11.617887496948242,3.054417610168457
2,477,732.59423828125,6533.2392578125,2.6423439979553223,8.411261558532715,2.04721736907959
2,478,607.7054443359375,5291.5927734375,2.6182055473327637,5.8618268966674805,2.8823490142822266
2,479,1022.7033081054688,9396.2333984375,2.7693326473236084,10.131183624267578,3.2470579147338867
2,480,1124.472412109375,10347.501953125,2.9907374382019043,10.703450202941895,4.957566261291504
2,481,575.8443603515625,4943.1591796875,2.7176146507263184,6.257203102111816,3.405424118041992
2,482,730.7240600585938,6495.998046875,2.7041428089141846,8.230942726135254,2.2967023849487305
2,483,741.1603393554688,6587.138671875,2.7482151985168457,8.695212364196777,2.6080703735351562
2,484,836.7704467773438,7577.51953125,2.6339497566223145,8.301562309265137,4.305913925170898
2,485,1043.1368408203125,9606.109375,2.7508625984191895,10.604841232299805,3.0436325073242188
2,486,718.097900390625,6310.9013671875,2.9002575874328613,7.048514366149902,2.7267236709594727
2,487,1071.0159912109375,9920.0185546875,2.6338024139404297,8.221203804016113,3.6501941680908203
2,488,1040.9775390625,9600.4140625,2.6978707313537598,10.534613609313965,2.7528610229492188
2,489,760.2677612304688,6790.76171875,2.706385612487793,8.302225112915039,2.7416086196899414
2,490,999.0252075195312,9161.4140625,2.7627930641174316,8.687019348144531,3.560978889465332
2,491,934.44091796875,8470.7451171875,2.912212371826172,8.777444839477539,3.0511903762817383
2,492,583.3084716796875,5076.6708984375,2.5213794708251953,6.590885162353516,4.32835578918457
2,493,1082.60986328125,10030.056640625,2.6534738540649414,9.887194633483887,4.27056884765625
2,494,1116.5833740234375,10307.296875,2.8617897033691406,11.639730453491211,3.1775169372558594
2,495,1071.0018310546875,9864.802734375,2.8173842430114746,10.184624671936035,3.9970483779907227
2,496,1280.45556640625,11985.8544921875,2.7290046215057373,10.72657585144043,4.9778032302856445
2,497,691.2096557617188,6168.17333984375,2.4797444343566895,6.205249786376953,5.007028579711914
2,498,1110.4969482421875,10273.1953125,2.7725796699523926,11.867883682250977,2.192941665649414
2,499,1142.0936279296875,10570.08203125,2.8361806869506836,8.723072052001953,4.715293884277344
2,500,799.1177978515625,7154.9521484375,2.7874186038970947,8.683170318603516,3.0626935958862305
2,501,770.3045043945312,6954.44921875,2.495319128036499,7.799989700317383,2.4609718322753906
2,502,532.8208618164062,4550.4501953125,2.5925278663635254,5.548433303833008,3.6022043228149414
2,503,1645.9327392578125,15564.84765625,2.9816012382507324,12.241621971130371,4.750372886657715
2,504,850.6600341796875,7706.23291015625,2.66789174079895,9.327354431152344,2.7552309036254883
2,505,808.2520141601562,7321.54345703125,2.536588668823242,8.468976974487305,2.057344436645508
2,506,619.7100830078125,5402.5751953125,2.6484181880950928,7.447292327880859,3.473139762878418
2,507,1024.5198974609375,9421.603515625,2.7453198432922363,8.541919708251953,4.486774444580078
2,508,1242.913330078125,11538.828125,2.967683792114258,10.921707153320312,3.0403575897216797
2,509,955.094970703125,8747.8662109375,2.676945447921753,8.758913040161133,3.294158935546875
2,510,1125.3009033203125,10296.220703125,3.189293384552002,10.332837104797363,3.5059709548950195
2,511,727.76123046875,6453.23046875,2.747938632965088,6.464666366577148,3.832522392272949
2,512,601.719970703125,5236.54296875,2.6021902561187744,5.263984680175781,2.876641273498535
2,513,1219.96630859375,11401.0869140625,2.6619198322296143,10.849979400634766,4.538602828979492
2,514,721.01611328125,6383.0302734375,2.7571020126342773,7.1578850746154785,4.350639343261719
2,515,1212.6817626953125,11245.734375,2.936944007873535,10.101832389831543,4.107199668884277
2,516,805.55810546875,7250.96875,2.6820411682128906,7.891660690307617,5.417659759521484
2,517,1245.1595458984375,11634.3720703125,2.7240777015686035,9.28145694732666,5.300839424133301
2,518,1079.7569580078125,9848.22265625,3.16448974609375,10.492705345153809,3.9583616256713867
2,519,886.9517211914062,8030.564453125,2.796509027481079,8.112201690673828,3.828401565551758
2,520,816.78271484375,7271.013671875,2.989377498626709,9.13286018371582,2.8071088790893555
2,521,907.7169189453125,8284.400390625,2.642561674118042,8.666706085205078,3.6649999618530273
2,522,948.8870239257812,8647.53125,2.804464340209961,9.932869911193848,3.659839630126953
2,523,818.53564453125,7371.16357421875,2.713974952697754,8.175163269042969,2.4920215606689453
2,524,942.5992431640625,8512.6689453125,3.0444111824035645,9.071972846984863,4.209249496459961
2,525,767.852294921875,6596.96875,3.605180263519287,7.080615043640137,4.688626289367676
2,526,1105.98974609375,10255.3125,2.6819515228271484,10.164571762084961,3.853541374206543
2,527,775.2506103515625,6945.2177734375,2.69096040725708,6.842434406280518,4.260943412780762
2,528,850.6612548828125,7714.64208984375,2.639901638031006,8.561796188354492,2.774354934692383
2,529,843.299560546875,7587.81689453125,2.817262649536133,7.853365898132324,2.718353271484375
2,530,820.0904541015625,7354.12255859375,2.822605609893799,9.567832946777344,2.629366874694824
2,531,876.6943359375,7974.73388671875,2.6406989097595215,8.529577255249023,4.693556785583496
2,532,877.321044921875,7966.62353515625,2.688622236251831,9.658638954162598,2.4851789474487305
2,533,1117.632080078125,10329.310546875,2.8233699798583984,11.083863258361816,2.9245738983154297
2,534,559.7606811523438,4854.2763671875,2.4777677059173584,6.1339216232299805,3.99484920501709
2,535,722.386962890625,6436.4267578125,2.6248083114624023,6.297021865844727,3.7090272903442383
2,536,916.7646484375,8394.3681640625,2.57759428024292,9.54664421081543,3.615335464477539
2,537,974.4168701171875,8981.7646484375,2.541346311569214,7.780694007873535,4.263838768005371
2,538,1038.3199462890625,9582.6474609375,2.6685070991516113,8.877937316894531,4.330977439880371
2,539,886.47216796875,8081.31884765625,2.611342430114746,9.007377624511719,2.626387596130371
2,540,1142.77490234375,10538.142578125,2.965353012084961,10.268627166748047,3.8468809127807617
2,541,960.8023071289062,8715.7216796875,2.974337577819824,9.00737190246582,3.8663387298583984
2,542,936.2347412109375,8506.62109375,2.8524208068847656,10.001694679260254,2.2905502319335938
2,543,1164.552734375,10817.986328125,2.758467674255371,9.467653274536133,4.056296348571777
2,544,940.0818481445312,8567.4755859375,2.7778098583221436,9.616806983947754,2.8505468368530273
2,545,1127.8505859375,10472.6376953125,2.6862246990203857,9.488622665405273,3.6628522872924805
2,546,600.5125732421875,5216.09423828125,2.6301040649414062,6.743008613586426,3.062222480773926
2,547,918.5918579101562,8387.041015625,2.6629252433776855,9.410985946655273,3.5540943145751953
2,548,605.64208984375,5335.3173828125,2.4036784172058105,6.2754034996032715,3.5706872940063477
2,549,890.5438842773438,8006.49609375,2.9964756965637207,8.767032623291016,4.61118221282959
2,550,674.9263916015625,5932.8447265625,2.721397876739502,7.940457344055176,2.7485790252685547
2,551,970.0989990234375,8785.7373046875,3.050841808319092,9.666463851928711,3.2508859634399414
2,552,1254.21435546875,11661.833984375,2.9343645572662354,11.693679809570312,4.861626625061035
2,553,1021.6212158203125,9396.244140625,2.7332260608673096,10.098142623901367,3.059014320373535
2,554,637.9806518554688,5575.10009765625,2.68235445022583,6.518424987792969,3.5284852981567383
2,555,1183.7696533203125,10917.419921875,3.0675864219665527,10.603693008422852,2.7820796966552734
2,556,981.6317749023438,8979.408203125,2.7896974086761475,6.981303691864014,4.867574691772461
2,557,900.0472412109375,8218.974609375,2.6049938201904297,8.775205612182617,2.838775634765625
2,558,531.76416015625,4522.3017578125,2.651132106781006,7.273872375488281,2.6521968841552734
2,559,629.0533447265625,5518.66796875,2.5728845596313477,5.681526184082031,3.5876026153564453
2,560,906.7461547851562,8225.041015625,2.8080687522888184,8.894882202148438,3.35599422454834
2,561,916.107177734375,8326.61328125,2.7815284729003906,9.61491870880127,3.791444778442383
2,562,830.4212036132812,7589.30615234375,2.3830196857452393,8.853793144226074,2.1056480407714844
2,563,1038.3984375,9616.9521484375,2.5567708015441895,9.437311172485352,2.7602386474609375
2,564,704.5564575195312,6292.1708984375,2.5113120079040527,7.887269020080566,3.8185434341430664
2,565,751.3453369140625,6807.138671875,2.3543829917907715,6.5543012619018555,5.115897178649902
2,566,878.6551513671875,7847.41259765625,3.1304616928100586,8.429774284362793,3.7527809143066406
2,567,661.6151123046875,5918.3408203125,2.326032876968384,7.152774810791016,3.158832550048828
2,568,1069.4525146484375,9721.353515625,3.243903636932373,9.5670747756958,3.406792640686035
2,569,713.51611328125,6350.61572265625,2.615149974822998,7.069643020629883,3.3495607376098633
2,570,610.6162719726562,5325.8935546875,2.6008970737457275,5.982680320739746,2.8875961303710938
2,571,965.342529296875,8827.4599609375,2.7532155513763428,8.470979690551758,2.943240165710449
2,572,928.1576538085938,8554.30078125,2.4242520332336426,8.92322826385498,2.6809959411621094
2,573,838.8758544921875,7686.78759765625,2.339902877807617,8.422205924987793,3.53298282623291
2,574,1288.2003173828125,12022.904296875,2.8636651039123535,11.455659866333008,3.43801212310791
2,575,776.2323608398438,7003.103515625,2.530733108520508,8.21363639831543,2.6461544036865234
2,576,1066.915283203125,9851.5947265625,2.725192070007324,9.172113418579102,3.439455032348633
2,577,600.9178466796875,4928.1806640625,3.6033260822296143,5.808707237243652,2.9034671783447266
2,578,798.5725708007812,7104.91357421875,2.936039924621582,8.988676071166992,3.3618335723876953
2,579,1143.5189208984375,10581.9775390625,2.84403920173645,11.216079711914062,3.1216583251953125
2,580,871.3687744140625,7903.9326171875,2.699183464050293,7.150424003601074,5.757867813110352
2,581,953.017578125,8729.48828125,2.6689579486846924,9.235944747924805,3.545670509338379
2,582,939.98779296875,8541.42578125,2.8615074157714844,9.38892936706543,3.4195165634155273
2,583,736.53125,6609.080078125,2.520775318145752,7.800446510314941,4.531135559082031
2,584,762.7642211914062,6834.509765625,2.6437735557556152,6.9409942626953125,4.529242515563965
2,585,683.7808837890625,6024.87744140625,2.7097721099853516,6.872132301330566,3.1002988815307617
2,586,645.7843627929688,5695.35498046875,2.541628122329712,7.668535232543945,2.3992538452148438
2,587,674.9432373046875,6049.8515625,2.331935405731201,6.094867706298828,3.2169389724731445
2,588,584.6981201171875,5122.42578125,2.415184497833252,5.675328254699707,3.221803665161133
2,589,540.6469116210938,4651.47119140625,2.5166587829589844,6.009977340698242,2.9547863006591797
2,590,938.8175048828125,8507.3671875,2.936025619506836,9.710841178894043,3.1041183471679688
2,591,1257.9539794921875,11613.1435546875,3.221320152282715,11.641756057739258,3.964348793029785
2,592,587.1217041015625,5099.962890625,2.570845603942871,6.614476203918457,2.942892074584961
2,593,571.635009765625,4950.23046875,2.553731918334961,5.794029235839844,4.464405059814453
2,594,709.1129150390625,6356.9140625,2.4473845958709717,7.910572052001953,3.538990020751953
2,595,1076.969482421875,9905.2421875,2.8815083503723145,10.543441772460938,2.6003313064575195
2,596,986.603271484375,9093.751953125,2.5742688179016113,9.473363876342773,3.265561103820801
2,597,865.81396484375,7933.6826171875,2.41485595703125,8.440874099731445,3.2486572265625
2,598,703.072509765625,6191.1865234375,2.7984609603881836,5.924751281738281,3.2386388778686523
2,599,646.7481689453125,5742.46630859375,2.416717052459717,6.676323413848877,3.7849559783935547
2,600,707.75439453125,6333.0634765625,2.481602191925049,8.720733642578125,1.4832515716552734
2,601,915.947265625,8288.671875,2.9026694297790527,9.665657997131348,1.6773996353149414
2,602,937.3928833007812,8535.0087890625,2.7963995933532715,9.470907211303711,2.8870134353637695
2,603,794.2160034179688,7051.00439453125,2.970518112182617,7.460115432739258,3.496400833129883
2,604,715.91259765625,6285.84375,2.910940170288086,7.741143226623535,2.8584909439086914
2,605,1076.9285888671875,9907.509765625,2.872586727142334,10.003244400024414,3.2369985580444336
2,606,997.515869140625,9161.3916015625,2.7125580310821533,9.714512825012207,3.1211671829223633
2,607,831.6279296875,7243.47802734375,3.5760021209716797,8.205575942993164,4.316481590270996
2,608,654.5025024414062,5748.5615234375,2.654878854751587,6.833120346069336,2.9597368240356445
2,609,787.6876831054688,7136.35693359375,2.468400478363037,7.66164493560791,3.687196731567383
2,610,1051.3963623046875,9651.1015625,2.876207113265991,10.068761825561523,3.8102054595947266
2,611,749.9733276367188,6734.5556640625,2.5505924224853516,7.199616432189941,3.916769027709961
2,612,1544.2667236328125,14621.5361328125,2.7371010780334473,13.255868911743164,4.016718864440918
2,613,1206.1260986328125,10382.30859375,5.5965070724487305,9.893282890319824,4.4509429931640625
2,614,1180.468994140625,11006.8984375,2.6593055725097656,10.61384105682373,4.878602027893066
2,615,666.485595703125,5875.22607421875,2.63209867477417,7.53571891784668,2.5734920501708984
2,616,703.501708984375,6159.81005859375,2.9173574447631836,6.868454933166504,4.068787574768066
2,617,1451.15966796875,13574.9814453125,3.12205171585083,10.761903762817383,4.638737678527832
2,618,1016.6898193359375,9306.0810546875,2.869391918182373,10.17861557006836,3.377406120300293
2,619,717.2899780273438,6374.8759765625,2.660079002380371,7.5326714515686035,3.4354000091552734
2,620,1128.1953125,10412.224609375,2.8990931510925293,11.06334114074707,2.036074638366699
2,621,752.588134765625,6670.32861328125,2.851841926574707,8.057951927185059,3.822199821472168
2,622,920.7382202148438,8312.5419921875,2.982799768447876,9.303589820861816,3.7347946166992188
2,623,1125.50390625,10366.7314453125,2.9610209465026855,10.928115844726562,3.7941417694091797
2,624,582.065673828125,5024.60205078125,2.6535160541534424,6.964487552642822,3.325094223022461
2,625,551.22021484375,4760.1044921875,2.506990671157837,6.839918613433838,2.3875532150268555
2,626,1058.1368408203125,9904.31640625,2.2568397521972656,9.56618595123291,4.967313766479492
2,627,1014.8231811523438,9328.3076171875,2.7330803871154785,9.395439147949219,3.6344518661499023
2,628,775.0377807617188,6990.9853515625,2.5313074588775635,8.313621520996094,3.2659225463867188
2,629,766.303955078125,6792.22607421875,2.902711868286133,8.658259391784668,3.7423925399780273
2,630,756.8250122070312,6762.0849609375,2.6872177124023438,7.747272968292236,3.471864700317383
2,631,898.8797607421875,8193.337890625,2.65153169631958,8.972614288330078,3.5706777572631836
2,632,1338.6304931640625,12613.0400390625,2.5775489807128906,11.277039527893066,3.3058433532714844
2,633,745.543701171875,6642.98779296875,2.7081637382507324,8.361987113952637,3.137883186340332
2,634,923.667724609375,8333.201171875,3.0115866661071777,8.88747787475586,4.050188064575195
2,635,1219.610107421875,11355.0986328125,2.8033394813537598,9.199432373046875,4.550941467285156
2,636,1141.414794921875,10504.3916015625,3.0325188636779785,10.177701950073242,4.024701118469238
2,637,832.724365234375,7542.482421875,2.6158716678619385,8.915306091308594,3.4550743103027344
2,638,1077.2078857421875,10043.427734375,2.4288363456726074,11.004606246948242,3.2661571502685547
2,639,1214.584716796875,11224.076171875,3.0725698471069336,10.026281356811523,4.698028564453125
2,640,920.1829833984375,8323.8095703125,2.9267327785491943,9.250961303710938,4.563498497009277
2,641,974.8815307617188,8905.88671875,2.8097610473632812,9.967565536499023,4.666664123535156
2,642,988.1317749023438,9108.46875,2.5761635303497314,8.794143676757812,4.197514533996582
2,643,728.3611450195312,6481.27685546875,2.6744489669799805,8.232952117919922,2.648469924926758
2,644,948.8623046875,8709.142578125,2.5982680320739746,9.273761749267578,2.6836624145507812
2,645,764.57421875,6904.18994140625,2.471841335296631,7.0453619956970215,3.2628087997436523
2,646,898.2470092773438,8164.001953125,2.7282261848449707,7.061286926269531,4.744296073913574
2,647,704.0322265625,6251.4267578125,2.6296515464782715,8.731143951416016,2.054218292236328
2,648,1647.625732421875,15584.6435546875,2.972043991088867,14.611427307128906,3.1830291748046875
2,649,651.1058349609375,5720.3564453125,2.635673999786377,6.8435211181640625,3.39495849609375
2,650,782.9044189453125,7037.916015625,2.6370935440063477,7.744576454162598,2.8660850524902344
2,651,894.9813232421875,8082.35302734375,2.891535520553589,8.954894065856934,4.558345794677734
2,652,653.0240478515625,5766.330078125,2.5463685989379883,6.598598480224609,3.682239532470703
2,653,1095.9925537109375,10123.412109375,2.788377285003662,10.794865608215332,3.3387460708618164
2,654,951.3087768554688,8723.1123046875,2.633251667022705,9.039302825927734,2.6144895553588867
2,655,897.72509765625,8128.43359375,2.8293910026550293,8.93306827545166,3.662869453430176
2,656,1144.3199462890625,10625.5634765625,2.725450038909912,11.208288192749023,2.730288505554199
2,657,833.6410522460938,7531.3447265625,2.6835532188415527,9.023588180541992,4.074481010437012
2,658,909.6470947265625,8366.5947265625,2.432920455932617,8.47647476196289,1.880880355834961
2,659,447.3450927734375,3645.1298828125,2.7610695362091064,5.339817523956299,2.320549964904785
2,660,875.836669921875,7860.18212890625,2.9939470291137695,8.56760025024414,3.359433174133301
2,661,834.692138671875,7469.27734375,2.9254794120788574,9.503206253051758,3.2927513122558594
2,662,860.6689453125,7878.3251953125,2.427881956100464,8.801874160766602,3.735149383544922
2,663,1028.328125,9478.2958984375,2.6832847595214844,9.811324119567871,3.7899131774902344
2,664,553.9239501953125,4798.2119140625,2.4700915813446045,6.178915977478027,3.9991159439086914
2,665,947.5020751953125,8612.037109375,2.876612424850464,9.830902099609375,3.0116920471191406
2,666,673.5308837890625,5837.62353515625,2.992283821105957,7.22629451751709,2.1993837356567383
2,667,771.8704833984375,6828.4619140625,2.9674761295318604,9.891637802124023,2.5965576171875
2,668,819.6441650390625,7280.07275390625,3.0545623302459717,8.315654754638672,3.2143678665161133
2,669,924.3282470703125,8414.447265625,2.7627832889556885,8.665823936462402,3.399867057800293
2,670,865.2201538085938,7805.11865234375,2.8236083984375,9.299206733703613,2.5019874572753906
2,671,753.151611328125,6542.96923828125,3.295156478881836,8.684865951538086,2.35526180267334
2,672,894.45556640625,8105.79052734375,2.7958836555480957,8.892918586730957,2.4628400802612305
2,673,640.0487060546875,5668.263671875,2.4407458305358887,7.656689643859863,2.741579055786133
2,674,606.40966796875,5213.357421875,2.835797071456909,6.361528396606445,3.537883758544922
2,675,1018.2656860351562,9326.4384765625,2.8540613651275635,9.49250602722168,3.6260576248168945
2,676,928.895263671875,8429.962890625,2.8632984161376953,9.199993133544922,3.690694808959961
2,677,934.2137451171875,8443.8037109375,2.9944465160369873,8.03354263305664,4.9010467529296875
2,678,803.0519409179688,7200.94287109375,2.765254497528076,8.476078033447266,4.035682678222656
2,679,829.8190307617188,7493.755859375,2.6814472675323486,8.440020561218262,3.406747817993164
2,680,719.1820068359375,6344.048828125,2.82590389251709,6.853664398193359,3.8310909271240234
2,681,662.7139892578125,5812.685546875,2.7148473262786865,5.7616424560546875,3.2890520095825195
2,682,739.8682861328125,6570.267578125,2.761382579803467,8.15316390991211,3.6235857009887695
2,683,887.2081298828125,8140.4521484375,2.43876314163208,7.655580043792725,4.563190460205078
2,684,949.4703979492188,8708.2529296875,2.621502161026001,8.25808048248291,4.264802932739258
2,685,944.5653686523438,8575.0517578125,2.902005672454834,8.094308853149414,3.7326107025146484
2,686,590.92529296875,5166.822265625,2.474769115447998,5.9904279708862305,2.8808164596557617
2,687,1145.5064697265625,10581.2236328125,2.9128029346466064,11.46806526184082,3.32047176361084
2,688,985.1187744140625,9049.3310546875,2.6728551387786865,8.89465045928955,3.5683860778808594
2,689,632.0901489257812,5562.732421875,2.5272302627563477,7.379742622375488,3.733889579772949
2,690,902.47021484375,8160.3935546875,2.8810291290283203,7.493674278259277,4.622260093688965
2,691,1012.6253662109375,9228.734375,2.9917306900024414,10.928821563720703,3.294928550720215
2,692,597.6259765625,5213.65576171875,2.5420122146606445,6.912858486175537,3.6821470260620117
2,693,628.5470581054688,5516.8623046875,2.5620274543762207,7.6440958976745605,3.6292266845703125
2,694,791.7376708984375,7154.43603515625,2.5431346893310547,7.697580814361572,4.622713088989258
2,695,906.0999145507812,8273.333984375,2.625548839569092,8.96324634552002,4.132907867431641
2,696,1212.3756103515625,11268.63671875,2.8503994941711426,10.981972694396973,4.222724914550781
2,697,1049.828369140625,9730.7978515625,2.5582849979400635,8.989981651306152,5.0344743728637695
2,698,903.1182250976562,8300.89453125,2.434291362762451,7.397040367126465,4.316783905029297
2,699,558.1146850585938,4820.54296875,2.535346031188965,7.147856712341309,1.7056045532226562
2,700,1025.6622314453125,9411.0205078125,2.8186726570129395,9.9937744140625,3.868269920349121
2,701,1099.629638671875,10165.62890625,2.768892526626587,10.791231155395508,2.9143142700195312
2,702,970.97998046875,8940.8603515625,2.563131809234619,9.923380851745605,2.5453195571899414
2,703,760.3674926757812,6753.32568359375,2.8344967365264893,8.506855010986328,3.2782459259033203
2,704,857.67236328125,7936.31591796875,2.134693145751953,7.628441333770752,2.940323829650879
2,705,806.89599609375,7228.2666015625,2.8023109436035156,8.810543060302734,4.122928619384766
2,706,1104.122802734375,9699.509765625,4.472394943237305,10.082497596740723,3.0562047958374023
2,707,977.2431640625,8933.6962890625,2.7957842350006104,9.272808074951172,4.167749404907227
2,708,817.3280029296875,7366.353515625,2.689753532409668,8.693761825561523,3.178969383239746
2,709,709.466064453125,6248.814453125,2.8194854259490967,6.585470199584961,3.960719108581543
2,710,1067.8341064453125,9862.08203125,2.7208621501922607,9.149131774902344,4.609724998474121
2,711,890.8267211914062,8109.376953125,2.662968158721924,9.287872314453125,3.6984148025512695
2,712,902.8067016601562,8273.865234375,2.5140061378479004,9.030641555786133,3.0514774322509766
2,713,1116.8052978515625,10398.953125,2.5636649131774902,10.924427032470703,4.272625923156738
2,714,933.7969970703125,8433.2685546875,3.0156707763671875,8.740606307983398,2.9405107498168945
2,715,725.9598388671875,6472.1142578125,2.6249470710754395,7.591961860656738,3.3152055740356445
2,716,629.8889770507812,5633.8017578125,2.216958999633789,5.26417875289917,4.063162803649902
2,717,1282.3876953125,11962.875,2.8700053691864014,9.529031753540039,6.664703369140625
2,718,782.1878662109375,7025.119140625,2.655864953994751,7.688010215759277,3.351116180419922
2,719,1152.26025390625,10642.5927734375,2.933364152908325,9.610544204711914,5.133272171020508
2,720,828.4284057617188,7513.09814453125,2.570619821548462,9.205822944641113,3.387383460998535
2,721,728.08544921875,6388.0361328125,2.9760594367980957,8.003480911254883,4.050079345703125
2,722,538.6605224609375,4644.86083984375,2.472482204437256,5.332296371459961,3.32412052154541
2,723,782.3330078125,7006.4296875,2.7230005264282227,7.98512601852417,3.1121559143066406
2,724,413.91619873046875,3407.671630859375,2.438300132751465,5.429819107055664,3.514028549194336
2,725,902.3856811523438,8195.5361328125,2.7610671520233154,8.895528793334961,5.107404708862305
2,726,527.965087890625,4457.75390625,2.739656686782837,6.055375099182129,2.9943904876708984
2,727,1120.11474609375,10282.630859375,3.061720848083496,10.86367416381836,4.592678070068359
2,728,1144.5560302734375,10624.912109375,2.7354936599731445,10.72608757019043,3.993501663208008
2,729,973.7947998046875,8910.7421875,2.7573533058166504,8.649068832397461,4.5694169998168945
2,730,750.4434204101562,6806.607421875,2.3260889053344727,8.484151840209961,3.098146438598633
2,731,999.3741455078125,9200.087890625,2.6455116271972656,8.88241195678711,3.275118827819824
2,732,699.22021484375,6140.5947265625,2.8386893272399902,8.354304313659668,3.168325424194336
2,733,621.9769287109375,5467.4560546875,2.507711410522461,7.194674968719482,2.2028751373291016
2,734,928.0711059570312,8434.806640625,2.8196825981140137,8.91431999206543,4.073027610778809
2,735,734.1643676757812,6631.939453125,2.365680456161499,7.155492782592773,4.218539237976074
2,736,910.1768798828125,8267.0078125,2.782536506652832,9.9210205078125,3.593830108642578
2,737,660.5240478515625,5865.2548828125,2.466618537902832,5.944397926330566,3.4959611892700195
2,738,807.9158325195312,7317.576171875,2.5386061668395996,8.538196563720703,2.7279491424560547
2,739,854.0733642578125,7689.45361328125,2.837599515914917,8.504302978515625,4.693168640136719
2,740,547.9437866210938,4759.4130859375,2.4000821113586426,6.439623832702637,2.3912839889526367
2,741,638.453125,5470.74072265625,3.045966625213623,7.429791450500488,2.8346900939941406
2,742,684.4727783203125,6127.8994140625,2.389425754547119,7.831908226013184,2.6816024780273438
2,743,1060.6519775390625,9723.353515625,2.943885326385498,9.01583480834961,2.836973190307617
2,744,1045.966552734375,9546.15625,3.0450286865234375,9.1846284866333,3.5748376846313477
2,745,1007.8023681640625,9123.1318359375,3.1829731464385986,9.273038864135742,4.226812362670898
2,746,1177.3236083984375,10884.947265625,2.9609622955322266,10.826325416564941,3.6533727645874023
2,747,1291.961181640625,11931.98828125,3.2920780181884766,11.843531608581543,3.571253776550293
2,748,809.8790283203125,7334.19775390625,2.548640727996826,8.118833541870117,3.264749526977539
2,749,952.3688354492188,8758.29296875,2.551318883895874,8.018867492675781,5.0154876708984375
2,750,953.1631469726562,8796.068359375,2.4518752098083496,9.655391693115234,4.167295455932617
2,751,1172.75830078125,10809.216796875,3.0612165927886963,9.951728820800781,4.27065372467041
2,752,666.8690795898438,5935.99609375,2.442314863204956,7.780403137207031,4.104883193969727
2,753,822.1630859375,7490.0302734375,2.4386677742004395,8.567532539367676,3.642176628112793
2,754,700.908447265625,6272.1298828125,2.4565134048461914,6.18537712097168,4.021777153015137
2,755,823.77587890625,7476.1337890625,2.538748264312744,8.285501480102539,3.515745162963867
2,756,685.453125,6092.2255859375,2.541018009185791,5.877199649810791,3.0359315872192383
2,757,726.8980102539062,6446.30810546875,2.7422404289245605,8.42580795288086,2.8270301818847656
2,758,880.1656494140625,7954.478515625,2.823925495147705,9.757108688354492,2.879222869873047
2,759,808.5371704101562,7293.44482421875,2.6397554874420166,8.349690437316895,2.7903356552124023
2,760,605.248291015625,5260.8076171875,2.6389169692993164,6.9614105224609375,2.3195877075195312
2,761,1081.6669921875,9988.3466796875,2.7610793113708496,10.219964027404785,3.0554113388061523
2,762,926.2987060546875,8359.294921875,3.0123071670532227,9.251172065734863,3.4605588912963867
2,763,792.4976196289062,7098.3564453125,2.7554001808166504,8.987262725830078,2.943331718444824
2,764,558.6526489257812,4839.15380859375,2.4912424087524414,6.440488815307617,2.680539131164551
2,765,815.6979370117188,7347.91796875,2.696871280670166,8.241968154907227,2.6970958709716797
2,766,1213.2938232421875,11327.9150390625,2.6834120750427246,10.574758529663086,3.3547821044921875
2,767,802.1763916015625,7170.31591796875,2.8381597995758057,8.009906768798828,1.9657831192016602
2,768,750.032958984375,6730.33935546875,2.5666332244873047,8.293212890625,3.817673683166504
2,769,699.4878540039062,6226.08984375,2.5626277923583984,7.801600456237793,3.3498382568359375
2,770,939.9022216796875,8555.8642578125,2.8105270862579346,9.369791030883789,3.450819969177246
2,771,1159.9071044921875,10744.08984375,2.8499341011047363,9.475513458251953,4.211319923400879
2,772,869.6610107421875,7841.0888671875,2.851738452911377,9.963106155395508,2.642582893371582
2,773,771.87744140625,6923.88427734375,2.6496334075927734,7.685652732849121,3.5305938720703125
2,774,487.6725158691406,4117.833984375,2.5296366214752197,5.660111427307129,3.1021595001220703
2,775,1084.8380126953125,10006.775390625,2.805349826812744,9.800132751464844,3.87636661529541
2,776,1110.2249755859375,10256.115234375,2.820446252822876,11.482608795166016,2.3132715225219727
2,777,630.9530639648438,5455.69921875,2.8461034297943115,6.984060287475586,2.999391555786133
2,778,1029.8402099609375,9511.5048828125,2.6229898929595947,10.331597328186035,3.927001953125
2,779,743.8651123046875,6564.14453125,2.91502046585083,8.556255340576172,2.1533327102661133
2,780,694.5623779296875,6169.921875,2.585672378540039,7.189666748046875,2.8467769622802734
2,781,828.1717529296875,7370.2060546875,3.0383718013763428,8.32446575164795,2.9799604415893555
2,782,992.284423828125,9090.1728515625,2.7755725383758545,9.381280899047852,3.0269031524658203
2,783,1058.0338134765625,9751.029296875,2.764362335205078,11.025075912475586,2.5979318618774414
2,784,812.648681640625,7298.9638671875,2.7584097385406494,9.761055946350098,2.5430612564086914
2,785,1760.2879638671875,11858.5546875,19.147750854492188,12.932940483093262,3.0187454223632812
2,786,979.48046875,9001.44921875,2.644516706466675,9.660017013549805,2.5445852279663086
2,787,563.341796875,4847.00244140625,2.621384620666504,6.300268650054932,2.99941349029541
2,788,824.76123046875,7426.875,2.735790252685547,7.9260993003845215,3.002368927001953
2,789,960.7294921875,8826.720703125,2.6019153594970703,8.925649642944336,3.3141403198242188
2,790,681.5629272460938,6004.53955078125,2.70363187789917,7.73350191116333,3.0099258422851562
2,791,1004.2593383789062,9183.857421875,2.862452983856201,8.834125518798828,3.79695987701416
2,792,1008.2703857421875,9208.4638671875,2.914132595062256,10.20478630065918,3.8559188842773438
2,793,937.1317138671875,8537.4912109375,2.7794196605682373,8.81395149230957,3.538177490234375
2,794,694.3277587890625,6198.666015625,2.4820380210876465,7.786721706390381,3.6475677490234375
2,795,913.8858642578125,8319.90234375,2.7298550605773926,8.460033416748047,3.4415111541748047
2,796,748.9072875976562,6452.2099609375,3.456209659576416,7.978793621063232,3.145989418029785
2,797,1033.5491943359375,9503.427734375,2.7735471725463867,10.415084838867188,3.6103286743164062
2,798,658.7383422851562,5869.38671875,2.3933234214782715,9.090638160705566,2.9560909271240234
2,799,656.1077880859375,5829.32080078125,2.4391908645629883,7.773052215576172,2.956195831298828
2,800,863.0542602539062,7785.54736328125,2.816650390625,8.774519920349121,4.453771591186523
2,801,880.3480834960938,8089.79345703125,2.3789572715759277,7.763803005218506,4.851309776306152
2,802,1139.756103515625,10616.53515625,2.6034200191497803,10.994209289550781,2.6712770462036133
2,803,982.7530517578125,9010.41796875,2.723707675933838,8.632065773010254,3.494741439819336
2,804,933.057373046875,8559.3994140625,2.5705814361572266,9.762260437011719,2.0408897399902344
2,805,696.34814453125,6205.11328125,2.527893543243408,6.721999168395996,3.9187612533569336
2,806,788.9443359375,7171.46630859375,2.3932557106018066,7.674744129180908,2.721512794494629
2,807,579.5155029296875,4985.20068359375,2.699848175048828,6.337344169616699,2.4129114151000977
2,808,892.0758056640625,7949.8359375,3.236407518386841,8.527229309082031,3.749119758605957
2,809,719.728271484375,6317.3837890625,2.932995557785034,7.470528602600098,3.2773189544677734
2,810,1007.2720336914062,9253.560546875,2.730532169342041,10.98912525177002,2.219985008239746
2,811,1064.5311279296875,9797.087890625,2.8274121284484863,9.319031715393066,3.466398239135742
2,812,719.1651611328125,6128.103515625,3.545158863067627,8.332437515258789,2.8608760833740234
2,813,902.0213623046875,8215.7529296875,2.6815338134765625,7.999974250793457,4.425867080688477
2,814,686.3397827148438,6018.9072265625,2.814967632293701,7.721710205078125,3.032176971435547
2,815,911.2952270507812,8221.943359375,2.970029354095459,9.091423034667969,3.1617774963378906
2,816,803.3060302734375,7276.349609375,2.5223684310913086,7.507702827453613,3.359189033508301
2,817,545.2935791015625,4680.5439453125,2.574639081954956,6.6745285987854,2.6224727630615234
2,818,1032.16357421875,9332.634765625,3.2966713905334473,10.184404373168945,2.6224069595336914
2,819,890.8023681640625,7978.4990234375,3.098414897918701,8.601911544799805,4.469353675842285
2,820,1105.6162109375,10156.75390625,2.998025417327881,9.839906692504883,4.362948417663574
2,821,935.7301635742188,8528.55859375,2.7624754905700684,7.722814559936523,5.378080368041992
2,822,891.7456665039062,8110.59375,2.689542531967163,8.836929321289062,4.16854190826416
2,823,682.9202270507812,6047.0546875,2.6071577072143555,8.434111595153809,2.45253849029541
2,824,834.6867065429688,7439.56005859375,3.024357557296753,9.838054656982422,2.273556709289551
2,825,1103.3697509765625,10229.3828125,2.6810498237609863,9.872213363647461,2.5407323837280273
2,826,984.8505249023438,8962.025390625,2.9549317359924316,10.14329719543457,3.1005191802978516
2,827,946.3463745117188,8587.849609375,2.918712615966797,9.11705207824707,2.26654052734375
2,828,575.8143310546875,4961.4755859375,2.655559539794922,5.912238121032715,3.425755500793457
2,829,934.5277709960938,8548.5537109375,2.6557459831237793,8.017826080322266,4.465871810913086
2,830,854.89599609375,7673.7119140625,2.9174928665161133,8.918975830078125,3.4783554077148438
2,831,660.6709594726562,5831.50732421875,2.5840067863464355,6.683509349822998,3.9572153091430664
2,832,638.0489501953125,5672.7734375,2.3590526580810547,5.240318298339844,4.899707794189453
2,833,988.4366455078125,9054.59375,2.7659080028533936,9.892672538757324,4.173150062561035
2,834,872.8494262695312,7926.5205078125,2.6732468605041504,8.216768264770508,3.1417713165283203
2,835,638.9041137695312,5678.30908203125,2.3691062927246094,5.650115966796875,3.405965805053711
2,836,819.841064453125,7336.2060546875,2.8740158081054688,9.17013168334961,2.96622371673584
2,837,847.1246948242188,7648.15478515625,2.743640899658203,8.33112621307373,2.6807680130004883
2,838,724.1650390625,6373.40283203125,2.894158124923706,8.191047668457031,3.5561370849609375
2,839,1293.5118408203125,12054.015625,2.9370076656341553,11.151477813720703,4.639233589172363
2,840,1010.0750732421875,9033.74609375,3.55668044090271,9.1591215133667,4.416742324829102
2,841,1036.6650390625,9570.8828125,2.6525588035583496,10.534992218017578,3.0977535247802734
2,842,983.1912841796875,8999.4345703125,2.7749276161193848,9.38062858581543,2.1052494049072266
2,843,782.39404296875,6915.2353515625,3.02901554107666,7.6864824295043945,2.7714500427246094
2,844,786.3887329101562,7046.13427734375,2.725841522216797,7.780141830444336,3.1803159713745117
2,845,834.0136108398438,7540.861328125,2.6642494201660156,8.473318099975586,3.5673322677612305
2,846,940.9893188476562,8596.611328125,2.7109389305114746,8.988811492919922,2.4624271392822266
2,847,851.9796752929688,7697.4306640625,2.7412197589874268,7.803455352783203,4.3966827392578125
2,848,854.5311889648438,7676.14501953125,2.8972225189208984,8.202101707458496,2.8929080963134766
2,849,1143.430908203125,10656.3837890625,2.593083143234253,10.457144737243652,5.0122528076171875
2,850,953.16796875,8736.73828125,2.649803638458252,8.72614860534668,5.139535903930664
2,851,1193.2574462890625,11139.125,2.6448333263397217,11.143439292907715,2.3966569900512695
2,852,814.2959594726562,7265.5712890625,2.9246273040771484,9.364375114440918,2.5963850021362305
2,853,880.77490234375,8113.7021484375,2.3134899139404297,8.984771728515625,4.621979713439941
2,854,874.2145385742188,7877.7880859375,2.881190776824951,9.195243835449219,4.700350761413574
2,855,925.024169921875,8349.6123046875,3.0020980834960938,9.532950401306152,3.2428483963012695
2,856,612.5781860351562,5341.72802734375,2.6135125160217285,6.931650161743164,2.3395261764526367
2,857,910.7216796875,8383.8369140625,2.411264419555664,9.02195930480957,3.5090370178222656
2,858,612.5332641601562,5380.7900390625,2.4818079471588135,6.503232002258301,4.255793571472168
2,859,628.5824584960938,5524.755859375,2.536895751953125,7.754551410675049,2.155019760131836
2,860,926.2449340820312,8426.9248046875,2.7850801944732666,7.801970481872559,5.2993011474609375
2,861,830.595703125,7362.2001953125,3.1458566188812256,9.155864715576172,3.726141929626465
2,862,741.4447631835938,6587.0654296875,2.7579402923583984,8.302173614501953,2.8665523529052734
2,863,720.5505981445312,6310.26171875,2.984147787094116,7.700830459594727,2.9408140182495117
2,864,850.5459594726562,7767.2431640625,2.460721492767334,8.756003379821777,3.1510629653930664
2,865,1287.0692138671875,11925.693359375,3.149996042251587,11.207834243774414,4.235664367675781
2,866,905.64306640625,8175.27099609375,2.9371986389160156,8.846138000488281,3.352963447570801
2,867,875.0443115234375,7929.90283203125,2.7351341247558594,9.112907409667969,2.9707202911376953
2,868,726.2412109375,6358.1376953125,3.0142476558685303,7.932175159454346,2.929372787475586
2,869,783.5811157226562,6868.244140625,3.2252237796783447,6.952997207641602,3.6636581420898438
2,870,1077.6766357421875,9922.5078125,2.847527503967285,8.86338996887207,4.822105407714844
2,871,799.575927734375,7157.02490234375,2.7957801818847656,9.51507568359375,2.146651268005371
2,872,981.8590087890625,9034.984375,2.61201810836792,8.929499626159668,3.0339698791503906
2,873,1193.0726318359375,11033.3369140625,2.99129581451416,11.897103309631348,2.5216331481933594
2,874,767.2606201171875,6880.203125,2.6413426399230957,8.706960678100586,2.4904556274414062
2,875,766.8994140625,6908.1943359375,2.5359973907470703,8.613273620605469,2.6697301864624023
2,876,734.5203857421875,6594.03076171875,2.503911018371582,6.332894802093506,4.255373001098633
2,877,694.7754516601562,6137.197265625,2.701857566833496,7.2355804443359375,3.8542003631591797
2,878,777.9859008789062,7012.9345703125,2.556415557861328,7.914453506469727,3.59722900390625
2,879,979.8274536132812,8941.26953125,2.856682538986206,10.504603385925293,3.126331329345703
2,880,876.7442016601562,7940.38134765625,2.7568678855895996,9.495096206665039,2.3110694885253906
2,881,1020.217041015625,9410.978515625,2.637305974960327,9.95509147644043,4.561973571777344
2,882,1382.31982421875,12985.4072265625,2.7926340103149414,12.047738075256348,2.964570999145508
2,883,839.8093872070312,7606.09765625,2.639986753463745,7.829421043395996,4.423927307128906
2,884,661.6495361328125,5851.00927734375,2.5516197681427,7.771975994110107,2.9737119674682617
2,885,429.8037414550781,3467.556396484375,2.7682695388793945,4.363037109375,2.312419891357422
2,886,718.644775390625,6310.544921875,2.9196767807006836,8.633464813232422,2.4388370513916016
2,887,608.4768676757812,5342.5009765625,2.4742255210876465,6.785459518432617,3.503755569458008
2,888,751.0496826171875,6774.5263671875,2.4532358646392822,8.560710906982422,2.042135238647461
2,889,785.0613403320312,7045.50830078125,2.683682918548584,7.883205413818359,3.1044931411743164
2,890,628.3977661132812,5504.330078125,2.598823308944702,7.159389495849609,2.688638687133789
2,891,911.890380859375,8293.3271484375,2.751922607421875,7.991063117980957,5.148516654968262
2,892,603.4835815429688,5030.2080078125,3.348759174346924,7.294341087341309,3.857588768005371
2,893,722.6336669921875,6390.89697265625,2.7847986221313477,8.267097473144531,3.0746641159057617
2,894,663.6560668945312,5788.35546875,2.8273491859436035,7.216614246368408,3.522273063659668
2,895,1088.83935546875,10054.947265625,2.778153896331787,10.767208099365234,3.052035331726074
2,896,596.7596435546875,5206.587890625,2.536693572998047,5.861800193786621,2.562864303588867
2,897,1058.959228515625,9724.6669921875,2.8830838203430176,9.852173805236816,4.282944679260254
2,898,601.4745483398438,5240.27783203125,2.581559896469116,5.6178693771362305,3.6733741760253906
2,899,616.1845703125,5293.0927734375,2.8958444595336914,6.650032043457031,2.481631278991699
2,900,821.2962646484375,7349.6884765625,2.8775808811187744,8.228435516357422,2.8408050537109375
2,901,766.9036254882812,6820.677734375,2.827859878540039,8.232358932495117,2.878917694091797
2,902,1010.97021484375,9268.861328125,2.802802085876465,10.084050178527832,2.246021270751953
2,903,712.5917358398438,6299.634765625,2.754274606704712,7.562666416168213,2.4836654663085938
2,904,770.4757690429688,6984.3876953125,2.401233673095703,8.166086196899414,3.7522201538085938
2,905,1053.472900390625,9602.833984375,3.106316328048706,9.172563552856445,3.105417251586914
2,906,1078.8282470703125,10023.2333984375,2.5501623153686523,10.09660530090332,4.056769371032715
2,907,1022.17236328125,9460.5498046875,2.537245035171509,9.964902877807617,4.957536697387695
2,908,1361.8870849609375,12833.638671875,2.617440700531006,12.682863235473633,1.76580810546875
2,909,1141.03125,10605.88671875,2.6814160346984863,11.075733184814453,4.335509300231934
2,910,728.795654296875,6520.68994140625,2.5575530529022217,7.217453956604004,4.443033218383789
2,911,785.38525390625,7106.591796875,2.49086856842041,7.271537780761719,3.43511962890625
2,912,784.98583984375,7092.16357421875,2.5256478786468506,7.238391876220703,4.072837829589844
2,913,1051.073974609375,9699.0537109375,2.7056171894073486,9.333333969116211,4.758691787719727
2,914,523.18115234375,4446.72119140625,2.616966724395752,5.855884552001953,2.771977424621582
2,915,737.5453491210938,6562.59375,2.709531307220459,7.1146650314331055,2.4364871978759766
2,916,588.6576538085938,5075.00146484375,2.705249786376953,5.421938896179199,2.868936538696289
2,917,886.4583740234375,8058.03857421875,2.688483715057373,8.599455833435059,3.8106002807617188
2,918,1351.2587890625,12681.462890625,2.7704153060913086,9.122684478759766,5.297959327697754
2,919,875.4977416992188,7910.49951171875,2.814925193786621,9.679548263549805,2.873178482055664
2,920,828.131591796875,7483.248046875,2.6602253913879395,7.861002445220947,3.4682321548461914
2,921,790.1422729492188,7033.3662109375,2.893522262573242,8.295958518981934,3.353764533996582
2,922,940.2959594726562,8481.755859375,3.070678949356079,9.114517211914062,2.9193763732910156
2,923,1031.2672119140625,9486.9052734375,2.752554416656494,9.948286056518555,3.257796287536621
2,924,931.294677734375,8467.974609375,2.816572666168213,9.00864028930664,3.58050537109375
2,925,877.5892944335938,7966.90380859375,2.6966309547424316,9.392996788024902,3.160490036010742
2,926,635.31005859375,5568.7783203125,2.6144063472747803,5.822635650634766,4.314426422119141
2,927,506.2798767089844,4251.9384765625,2.7028679847717285,5.774065017700195,2.44229793548584
2,928,538.39794921875,4694.01123046875,2.299894094467163,6.170716285705566,3.804147720336914
2,929,838.1797485351562,7550.2646484375,2.771775245666504,8.239498138427734,2.7669076919555664
2,930,802.2593994140625,7272.564453125,2.500096559524536,8.600383758544922,2.958733558654785
2,931,1027.070556640625,9420.9189453125,2.8326215744018555,9.618508338928223,4.036638259887695
2,932,908.3419189453125,8253.626953125,2.7659738063812256,9.417455673217773,2.653225898742676
2,933,570.5540161132812,4960.17236328125,2.4845590591430664,7.0641937255859375,3.1828079223632812
2,934,810.7738647460938,7262.4921875,2.8174891471862793,7.3809099197387695,2.3961896896362305
2,935,917.9261474609375,8291.44140625,2.9593992233276367,8.032066345214844,3.4991531372070312
2,936,824.0293579101562,7290.3193359375,3.1665806770324707,8.085994720458984,3.2903518676757812
2,937,829.1072998046875,7415.2373046875,2.9194507598876953,8.283463478088379,2.530829429626465
2,938,539.2976684570312,4624.0107421875,2.563218355178833,6.164456844329834,2.7267370223999023
2,939,833.1172485351562,7444.7099609375,2.9548754692077637,8.621967315673828,3.581303596496582
2,940,1124.62744140625,10392.2373046875,2.8467888832092285,10.987493515014648,3.079191207885742
2,941,528.1915283203125,4558.12841796875,2.412623405456543,6.295192718505859,2.7798309326171875
2,942,842.1827392578125,6822.646484375,5.330604076385498,8.125301361083984,2.669764518737793
2,943,767.3668823242188,6861.5048828125,2.707212448120117,8.448124885559082,3.0930004119873047
2,944,898.6076049804688,8237.01171875,2.4968807697296143,7.9694743156433105,3.9061288833618164
2,945,991.7162475585938,9009.2392578125,3.026409387588501,8.564432144165039,3.5020570755004883
2,946,773.5692138671875,6940.86376953125,2.649428129196167,8.053722381591797,2.877523422241211
2,947,892.7078857421875,8007.6845703125,3.0646471977233887,9.048612594604492,3.9312705993652344
2,948,910.762939453125,8292.8515625,2.715925455093384,8.463573455810547,4.577975273132324
2,949,962.7655639648438,8755.0126953125,2.9088096618652344,7.980572700500488,4.666736602783203
2,950,926.9494018554688,8420.6181640625,2.8295860290527344,9.687054634094238,3.784207344055176
2,951,1097.060302734375,10146.9443359375,2.745530128479004,9.611589431762695,3.076552391052246
2,952,1005.4110717773438,9197.525390625,2.855283737182617,9.179475784301758,2.976564407348633
2,953,995.9885864257812,9095.203125,2.8822755813598633,10.056236267089844,2.0512514114379883
2,954,887.4067993164062,8031.4697265625,2.808661460876465,9.004963874816895,4.246081352233887
2,955,631.9400024414062,5479.19677734375,2.800677537918091,6.798210620880127,3.110630989074707
2,956,538.1915893554688,4610.828125,2.5702919960021973,5.805408477783203,4.432171821594238
2,957,906.0936279296875,8263.4658203125,2.658234119415283,9.43886947631836,4.098001480102539
2,958,639.95849609375,5684.6279296875,2.3831889629364014,7.145971298217773,4.565917015075684
2,959,981.92236328125,9041.1328125,2.593635320663452,9.942924499511719,3.320341110229492
2,960,691.1494140625,6120.46728515625,2.63675594329834,7.564541339874268,3.22713565826416
2,961,770.0938720703125,6818.12158203125,2.9427223205566406,8.827573776245117,3.3682870864868164
2,962,824.17529296875,7507.8388671875,2.446380615234375,8.302690505981445,2.916950225830078
2,963,1015.3259887695312,9332.8623046875,2.734657049179077,9.92601490020752,3.846634864807129
2,964,738.1923828125,6610.693359375,2.5707671642303467,7.749475955963135,3.255735397338867
2,965,648.101318359375,5717.61865234375,2.544646978378296,7.006042957305908,4.076001167297363
2,966,805.2369995117188,7289.78369140625,2.5419530868530273,8.659454345703125,3.023923873901367
2,967,900.7467041015625,8192.564453125,2.7163405418395996,8.13385009765625,2.9839353561401367
2,968,1082.4970703125,9981.9296875,2.8101377487182617,10.48641586303711,2.641489028930664
2,969,505.9095458984375,4289.0771484375,2.566727638244629,5.570959568023682,3.5464906692504883
2,970,882.0613403320312,7959.951171875,2.8688735961914062,9.35055160522461,2.4930362701416016
2,971,976.8025512695312,9041.169921875,2.4228515625,9.257708549499512,3.382444381713867
2,972,1193.9970703125,11102.1875,2.792609930038452,11.226961135864258,3.1527576446533203
2,973,907.7653198242188,8327.1328125,2.5017335414886475,9.070527076721191,3.3090028762817383
2,974,890.0777587890625,8046.06396484375,2.8490469455718994,9.357633590698242,2.799893379211426
2,975,936.4118041992188,8445.890625,3.060757637023926,8.933012008666992,2.7765207290649414
2,976,733.6246337890625,6574.68017578125,2.538553237915039,8.83940315246582,3.1000490188598633
2,977,859.3157958984375,7906.7763671875,2.2879371643066406,7.869650363922119,3.4095993041992188
2,978,1080.2396240234375,9963.5302734375,2.7962212562561035,10.19157600402832,2.6119699478149414
2,979,516.4747314453125,4490.73193359375,2.246718168258667,6.379389762878418,2.250847816467285
2,980,717.1038818359375,6393.8896484375,2.59049654006958,8.010711669921875,2.6063833236694336
2,981,979.8449096679688,9013.5908203125,2.616194725036621,8.41931438446045,5.316074371337891
2,982,1140.697265625,10544.287109375,2.8756189346313477,10.2925443649292,3.366888999938965
2,983,856.7861328125,7803.81982421875,2.546804428100586,8.725748062133789,4.416267395019531
2,984,958.8103637695312,8836.546875,2.50518798828125,9.30889892578125,2.6299514770507812
2,985,1051.5,9748.529296875,2.554901123046875,9.342550277709961,3.242873191833496
2,986,930.9784545898438,8429.90234375,2.9329402446746826,8.646333694458008,3.6107234954833984
2,987,1326.7457275390625,12431.85546875,2.785338878631592,9.21017837524414,5.002513885498047
2,988,775.822509765625,6952.5712890625,2.6855125427246094,8.620380401611328,2.8959789276123047
2,989,928.52587890625,8506.8681640625,2.594635486602783,9.646724700927734,2.4258365631103516
2,990,763.125,6872.572265625,2.528923988342285,8.660796165466309,2.685089111328125
2,991,493.78643798828125,4219.5849609375,2.3942646980285645,5.770606994628906,3.9186153411865234
2,992,863.6752319335938,7904.55224609375,2.4406657218933105,8.959657669067383,2.2326364517211914
2,993,948.0901489257812,8668.2900390625,2.7087039947509766,7.886508464813232,2.522820472717285
2,994,962.408935546875,8867.84375,2.5208184719085693,8.210025787353516,5.948528289794922
2,995,675.6876220703125,5549.68408203125,4.023972511291504,7.572909355163574,3.673694610595703
2,996,804.1414184570312,7188.8544921875,2.8418657779693604,7.814426422119141,2.8914794921875
2,997,689.2874755859375,6158.7607421875,2.447045087814331,8.989876747131348,3.796881675720215
2,998,1019.07421875,9277.8974609375,3.042816162109375,10.929315567016602,2.1935806274414062
2,999,957.90380859375,8773.697265625,2.6844677925109863,10.378482818603516,2.6843481063842773
2,1000,884.0968627929688,8032.73583984375,2.694108486175537,9.090923309326172,3.2233095169067383
2,1001,889.3047485351562,8003.48974609375,2.9651918411254883,9.507608413696289,2.3161535263061523
2,1002,777.4323120117188,6913.974609375,2.867828369140625,9.147260665893555,2.8132200241088867
2,1003,921.1310424804688,8368.0166015625,2.8109774589538574,8.352592468261719,2.6317005157470703
2,1004,676.5932006835938,5882.947265625,2.943281650543213,7.601946830749512,2.9312591552734375
2,1005,1126.378173828125,10395.6376953125,2.8938090801239014,10.515852928161621,3.9560070037841797
2,1006,1066.19140625,9821.19921875,2.8023808002471924,10.330437660217285,4.2892303466796875
2,1007,831.4894409179688,7449.47265625,2.8847384452819824,7.578335762023926,3.773268699645996
2,1008,955.2515258789062,8823.822265625,2.428976058959961,8.973605155944824,3.3046188354492188
2,1009,951.9259033203125,8685.7197265625,2.778465747833252,9.602508544921875,3.335315704345703
2,1010,703.7296142578125,6233.3310546875,2.6798837184906006,6.697389602661133,3.9719324111938477
2,1011,1072.274658203125,9883.71875,2.7967591285705566,9.531635284423828,4.861083030700684
2,1012,644.6568603515625,5614.21630859375,2.774508476257324,7.672908306121826,3.412128448486328
2,1013,662.60400390625,5759.83544921875,2.8873467445373535,7.408792495727539,2.943286895751953
2,1014,930.7335815429688,8508.369140625,2.663221597671509,10.91259765625,3.0779495239257812
2,1015,672.80517578125,5917.876953125,2.7005810737609863,7.548383712768555,3.464956283569336
2,1016,1025.4737548828125,9416.7470703125,2.793300151824951,10.651443481445312,3.85817813873291
2,1017,794.2171630859375,7084.1474609375,2.860081672668457,8.262907028198242,2.4757766723632812
2,1018,839.4346313476562,7657.2041015625,2.457141876220703,6.878516674041748,4.225518226623535
2,1019,628.509765625,5564.462890625,2.4021170139312744,7.0401458740234375,3.4645986557006836
2,1020,1301.6429443359375,12119.0087890625,2.9914026260375977,10.3970308303833,4.419857025146484
2,1021,1032.15380859375,9508.0615234375,2.7115867137908936,9.20295524597168,2.943881034851074
2,1022,1032.73291015625,9448.341796875,2.9299564361572266,9.693262100219727,3.9241514205932617
2,1023,880.9510498046875,8067.37548828125,2.473783493041992,7.968571662902832,3.805309295654297
2,1024,952.3181762695312,8762.697265625,2.534949541091919,8.849248886108398,4.432727813720703
2,1025,586.6024169921875,5017.12890625,2.82965087890625,6.469499111175537,2.6439085006713867
2,1026,869.3656005859375,7896.7890625,2.6562225818634033,8.15791130065918,3.3071937561035156
2,1027,1051.121826171875,9666.740234375,2.8149287700653076,9.895780563354492,3.8172998428344727
2,1028,782.8253784179688,7064.8642578125,2.5446317195892334,8.13648509979248,2.705939292907715
2,1029,788.5388793945312,7097.45166015625,2.6264562606811523,7.539178848266602,3.925067901611328
2,1030,979.0579223632812,8966.4384765625,2.747135639190674,9.145956993103027,3.3342647552490234
2,1031,811.6771240234375,7315.09375,2.672257661819458,8.440607070922852,2.470473289489746
2,1032,866.1497192382812,7860.51171875,2.669950008392334,8.3098726272583,3.145009994506836
2,1033,656.2515258789062,5738.283203125,2.747440814971924,7.484217166900635,2.5972824096679688
2,1034,932.9954833984375,8494.2333984375,2.785737991333008,9.281652450561523,3.0051212310791016
2,1035,692.1286010742188,6050.7138671875,2.9019055366516113,8.310763359069824,2.438349723815918
2,1036,1018.847900390625,9373.2001953125,2.717597484588623,9.31132698059082,2.6150197982788086
2,1037,907.1470947265625,8321.3359375,2.5004491806030273,9.956217765808105,3.542501449584961
2,1038,987.8046264648438,8745.4716796875,3.7752490043640137,9.141407012939453,2.811737060546875
2,1039,537.286865234375,4652.78515625,2.4002785682678223,6.777266025543213,2.4947423934936523
2,1040,500.456787109375,4288.86474609375,2.385676622390747,5.586857318878174,3.6134395599365234
2,1041,994.1952514648438,9194.310546875,2.492137908935547,9.756912231445312,3.2703371047973633
2,1042,963.0904541015625,8846.2666015625,2.6154613494873047,10.336158752441406,2.8747777938842773
2,1043,829.055419921875,7486.1943359375,2.6811985969543457,7.147466659545898,4.487771987915039
2,1044,1174.6734619140625,10888.9638671875,2.8592381477355957,10.110029220581055,3.6446075439453125
2,1045,788.1886596679688,7108.42431640625,2.5782060623168945,8.695758819580078,4.38020133972168
2,1046,733.0347290039062,6468.7646484375,2.8719420433044434,7.197272777557373,2.820052146911621
2,1047,806.3948974609375,6987.9296875,3.5867300033569336,8.391215324401855,2.893644332885742
2,1048,874.5307006835938,7893.56005859375,2.839156150817871,8.133465766906738,4.2917070388793945
2,1049,951.0657958984375,8616.57421875,2.980278968811035,10.513063430786133,1.9681692123413086
2,1050,637.6890869140625,5604.49853515625,2.574638843536377,7.0446882247924805,3.4965076446533203
2,1051,1121.7216796875,10356.14453125,2.8702380657196045,10.34307861328125,1.9283599853515625
2,1052,763.1820678710938,6847.71533203125,2.613684892654419,8.544857025146484,2.747894287109375
2,1053,682.3754272460938,6039.3798828125,2.6145808696746826,7.118233680725098,3.667695999145508
2,1054,843.4093017578125,7610.89404296875,2.7439963817596436,9.204118728637695,3.695185661315918
2,1055,576.45947265625,4921.4130859375,2.810606002807617,7.164351940155029,2.449469566345215
2,1056,1038.1038818359375,9412.8359375,3.2273428440093994,10.024579048156738,3.7999114990234375
2,1057,594.9956665039062,5203.5419921875,2.488049030303955,7.400768280029297,2.859377861022949
2,1058,872.9364013671875,7871.5771484375,2.8592889308929443,8.135540008544922,3.412240982055664
2,1059,1308.771240234375,12189.384765625,2.99442720413208,10.780230522155762,5.3344621658325195
2,1060,645.5367431640625,5690.314453125,2.5501761436462402,6.96328592300415,1.7135629653930664
2,1061,800.9788818359375,7124.138671875,2.9521665573120117,8.335548400878906,2.3971710205078125
2,1062,978.3911743164062,8918.3828125,2.8850948810577393,9.581212997436523,4.918848037719727
2,1063,816.3551025390625,7335.70751953125,2.7594776153564453,8.862533569335938,1.825800895690918
2,1064,681.2153930664062,6020.10107421875,2.6401748657226562,6.244715213775635,3.6593990325927734
2,1065,818.243408203125,7296.80224609375,2.952106475830078,8.86811351776123,2.5343894958496094
2,1066,972.4913940429688,8956.8935546875,2.5600669384002686,9.960806846618652,2.3359193801879883
2,1067,822.6901245117188,7267.482421875,3.198063611984253,6.746626853942871,4.20783805847168
2,1068,773.78515625,7031.05908203125,2.3559751510620117,7.109165668487549,4.296459197998047
2,1069,529.7705078125,4550.0517578125,2.4921774864196777,6.241485595703125,3.112133026123047
2,1070,1104.827392578125,10250.0078125,2.6608853340148926,9.74179744720459,3.5232925415039062
2,1071,740.501953125,6689.33056640625,2.385629177093506,7.84431266784668,2.8321971893310547
2,1072,1043.315673828125,9631.40625,2.6725010871887207,8.112187385559082,4.723297119140625
2,1073,607.7752685546875,5319.4228515625,2.527764320373535,6.541404724121094,2.7324705123901367
2,1074,750.3195190429688,6812.4150390625,2.302600860595703,6.488901138305664,4.3928937911987305
2,1075,543.423828125,4675.0810546875,2.5305230617523193,5.908269882202148,3.9830217361450195
2,1076,712.357177734375,6192.7666015625,3.1026830673217773,6.957874774932861,4.745169639587402
2,1077,489.1861267089844,4142.83349609375,2.4967589378356934,5.959555625915527,2.3343515396118164
2,1078,954.5366821289062,8763.8095703125,2.605189800262451,8.260650634765625,3.954639434814453
2,1079,767.07373046875,6820.08203125,2.8355162143707275,8.083244323730469,1.9544382095336914
2,1080,677.6866455078125,6001.33349609375,2.585108995437622,7.326425552368164,2.5002450942993164
2,1081,828.307373046875,7448.22265625,2.782836437225342,7.843825340270996,3.4357528686523438
2,1082,780.8881225585938,7002.55517578125,2.6877524852752686,8.415743827819824,4.114443778991699
2,1083,686.145751953125,6085.83203125,2.585418224334717,8.204097747802734,2.635003089904785
2,1084,787.7982788085938,7062.1875,2.7193174362182617,7.859773635864258,2.2671356201171875
2,1085,1313.5181884765625,12188.568359375,3.1553802490234375,11.436727523803711,4.505073547363281
2,1086,1419.1925048828125,13406.181640625,2.6191437244415283,11.186546325683594,3.248218536376953
2,1087,1420.559326171875,13376.1953125,2.7646591663360596,13.160017013549805,3.1765613555908203
2,1088,584.0435791015625,5044.52392578125,2.6530399322509766,6.296748638153076,2.817172050476074
2,1089,739.97314453125,6705.4140625,2.3143904209136963,8.06081485748291,3.3188247680664062
2,1090,802.4488525390625,7308.02783203125,2.3882012367248535,8.877235412597656,3.4767723083496094
2,1091,466.963623046875,3888.5166015625,2.603732109069824,5.090124130249023,3.038577079772949
2,1092,727.9199829101562,6500.5322265625,2.595557928085327,8.470325469970703,2.6137914657592773
2,1093,713.5218505859375,6324.5810546875,2.7021231651306152,6.972952842712402,3.142867088317871
2,1094,826.3427734375,7465.65478515625,2.6592416763305664,8.851191520690918,2.498025894165039
2,1095,896.8461303710938,8193.0263671875,2.584782123565674,9.154690742492676,2.7083816528320312
2,1096,852.8736572265625,7780.0517578125,2.495615005493164,9.178812980651855,2.6083145141601562
2,1097,1047.45556640625,9553.43359375,3.0704071521759033,10.332406997680664,3.167300224304199
2,1098,935.2236328125,8597.357421875,2.516261577606201,8.394561767578125,4.969478607177734
2,1099,491.5667419433594,4111.98291015625,2.678947925567627,4.68979024887085,3.056582450866699
2,1100,1020.0866088867188,9342.1953125,2.8622360229492188,9.951797485351562,2.803426742553711
2,1101,646.1398315429688,5654.85595703125,2.688474178314209,7.582821369171143,1.6320476531982422
2,1102,828.8784790039062,7542.3017578125,2.4882771968841553,8.190046310424805,3.760347366333008
2,1103,1044.22802734375,9697.947265625,2.4811081886291504,9.47591781616211,4.7773284912109375
2,1104,1334.2249755859375,12444.451171875,2.992659568786621,11.57742977142334,3.069978713989258
2,1105,1169.240966796875,10840.3056640625,2.840343952178955,10.684501647949219,3.6401491165161133
2,1106,699.9321899414062,6067.54296875,3.1059279441833496,6.888699531555176,3.0057287216186523
2,1107,1068.1207275390625,9907.224609375,2.5799427032470703,9.845698356628418,2.5368642807006836
2,1108,1146.1075439453125,10656.560546875,2.6817150115966797,10.687259674072266,4.137357711791992
2,1109,959.690673828125,8698.306640625,2.9953322410583496,10.726938247680664,2.71433162689209
2,1110,784.7172241210938,7012.86279296875,2.7810306549072266,8.008010864257812,3.6421594619750977
2,1111,729.0447387695312,6492.677734375,2.6592321395874023,7.35936164855957,2.0820999145507812
2,1112,786.992431640625,7118.171875,2.505841016769409,8.462158203125,2.6601743698120117
2,1113,847.8197021484375,7699.47216796875,2.5957508087158203,8.904696464538574,3.4048843383789062
2,1114,627.8277587890625,5547.48095703125,2.435987949371338,6.458683013916016,3.6439476013183594
2,1115,1258.31689453125,11799.296875,2.6129064559936523,10.489762306213379,3.305497169494629
2,1116,1078.079833984375,9895.666015625,2.9504408836364746,10.51127815246582,4.555997848510742
2,1117,829.9129028320312,7440.126953125,2.86333966255188,7.90693998336792,4.5517578125
2,1118,659.1737060546875,5719.30078125,2.908120632171631,7.092059135437012,3.0311765670776367
2,1119,1097.2384033203125,10167.357421875,2.6834211349487305,11.783652305603027,3.2057666778564453
2,1120,714.8549194335938,6310.4853515625,2.7935471534729004,7.762240409851074,3.4471120834350586
2,1121,1001.19921875,9168.6650390625,2.8110909461975098,10.095967292785645,2.9988107681274414
2,1122,629.6618041992188,5434.08984375,2.8750932216644287,6.466060638427734,3.2386646270751953
2,1123,698.8336181640625,6180.0751953125,2.694204807281494,7.047791481018066,2.3968915939331055
2,1124,889.3141479492188,8127.248046875,2.552978515625,10.406682014465332,2.5439529418945312
2,1125,754.8524169921875,6736.083984375,2.708134651184082,7.222646713256836,3.53696346282959
2,1126,940.8219604492188,8585.630859375,2.7419612407684326,9.181447982788086,4.018768310546875
2,1127,1128.2674560546875,10408.8349609375,2.9127984046936035,10.21054458618164,3.7436437606811523
2,1128,737.9223022460938,6565.9384765625,2.7109482288360596,8.256609916687012,2.717259407043457
2,1129,937.1373291015625,8453.107421875,3.060887336730957,8.635578155517578,3.640348434448242
2,1130,900.171875,8213.537109375,2.6272735595703125,9.83863639831543,2.5160388946533203
2,1131,645.9887084960938,5652.4013671875,2.6916184425354004,6.955648422241211,3.505692481994629
2,1132,722.8883056640625,6475.12646484375,2.5125222206115723,7.160784721374512,2.763636589050293
2,1133,848.3436889648438,7749.6572265625,2.445930242538452,9.12539291381836,3.0902280807495117
2,1134,673.7556762695312,6002.54150390625,2.4500515460968018,7.85826301574707,2.233631134033203
2,1135,713.4479370117188,6334.0263671875,2.6681766510009766,7.910906791687012,2.404637336730957
2,1136,845.4467163085938,7625.8193359375,2.7621583938598633,7.681552886962891,3.919445037841797
2,1137,937.7902221679688,8637.0810546875,2.46940279006958,8.706153869628906,4.559873580932617
2,1138,841.9078369140625,7517.39404296875,3.0056121349334717,9.084476470947266,3.4385643005371094
2,1139,843.8216552734375,7588.65478515625,2.8318729400634766,8.99105453491211,3.5112533569335938
2,1140,789.9336547851562,6969.8876953125,3.09816312789917,7.167327880859375,4.247995376586914
2,1141,687.4583129882812,6002.2900390625,2.907644271850586,7.852520942687988,2.587822914123535
2,1142,711.4931030273438,6270.326171875,2.8153491020202637,7.7342729568481445,3.3463964462280273
2,1143,602.2976684570312,5236.068359375,2.6230273246765137,6.662824630737305,2.5368175506591797
2,1144,505.88128662109375,4305.5380859375,2.510916233062744,5.834896087646484,2.8979244232177734
2,1145,863.124267578125,7489.45947265625,3.8059418201446533,8.734870910644531,3.7204513549804688
2,1146,733.8505859375,6362.08056640625,3.254751682281494,6.959794998168945,2.773036003112793
2,1147,836.0725708007812,7523.46728515625,2.7908616065979004,7.758509159088135,4.276505470275879
2,1148,743.1306762695312,6744.4501953125,2.289522886276245,7.085169792175293,3.299732208251953
2,1149,829.6419067382812,7477.0341796875,2.7312822341918945,8.475811004638672,3.3454856872558594
2,1150,704.28271484375,6266.18359375,2.5888113975524902,7.709549427032471,3.154177665710449
2,1151,653.8980712890625,5799.818359375,2.463874101638794,7.443219184875488,3.1821517944335938
2,1152,701.8211669921875,5950.142578125,3.560229778289795,6.826092720031738,3.1182126998901367
2,1153,939.7432861328125,8539.91796875,2.8583824634552,10.032440185546875,3.281848907470703
2,1154,810.22021484375,7368.251953125,2.446500539779663,7.4107666015625,3.1919069290161133
2,1155,885.896240234375,7836.10546875,3.4095230102539062,8.933313369750977,3.3343772888183594
2,1156,968.2944946289062,8889.92578125,2.6433963775634766,9.815725326538086,2.510477066040039
2,1157,740.6272583007812,6645.1689453125,2.5370118618011475,8.555252075195312,2.89837646484375
2,1158,1099.4447021484375,10151.8701171875,2.8085899353027344,10.207447052001953,3.575718879699707
2,1159,752.7247314453125,6766.64990234375,2.535325050354004,7.38734245300293,3.5208024978637695
2,1160,943.6295166015625,8534.119140625,3.0072526931762695,10.02850341796875,2.5863466262817383
2,1161,742.8378295898438,6603.41845703125,2.749866008758545,8.313962936401367,2.640069007873535
2,1162,1142.34521484375,10543.935546875,2.9317212104797363,9.896302223205566,5.288928985595703
2,1163,732.0098876953125,6577.67138671875,2.474757671356201,8.25539779663086,2.4955978393554688
2,1164,503.3106689453125,4260.53466796875,2.5752406120300293,6.033730506896973,2.799846649169922
2,1165,906.83740234375,8258.853515625,2.698401689529419,9.622286796569824,3.187501907348633
2,1166,732.613037109375,6491.89306640625,2.780789852142334,7.774973392486572,3.9646663665771484
2,1167,656.2745971679688,5817.46875,2.484257698059082,7.302475929260254,2.725693702697754
2,1168,1190.038330078125,11053.9658203125,2.8213887214660645,10.969167709350586,2.645170211791992
2,1169,602.1188354492188,5286.525390625,2.44887638092041,7.75179386138916,2.4817686080932617
2,1170,825.7728271484375,7365.67578125,2.97350811958313,8.511363983154297,2.747434616088867
2,1171,616.3370971679688,5406.732421875,2.522128105163574,6.531645774841309,3.200326919555664
2,1172,590.4984130859375,5179.74853515625,2.4174509048461914,7.143130779266357,2.834031105041504
2,1173,647.1553955078125,5686.48681640625,2.616889715194702,6.267510890960693,2.654555320739746
2,1174,804.3760986328125,7259.5595703125,2.6140034198760986,8.950837135314941,2.958554267883301
2,1175,1020.7779541015625,9347.107421875,2.868906259536743,11.221038818359375,3.1443634033203125
2,1176,869.9378051757812,7948.90625,2.501572847366333,7.9986443519592285,2.8494491577148438
2,1177,1043.1392822265625,9575.9599609375,2.8514442443847656,9.736802101135254,4.107273101806641
2,1178,756.63427734375,6726.2646484375,2.8002612590789795,8.022186279296875,3.167473793029785
2,1179,1281.20361328125,11979.44921875,2.7752881050109863,11.078248023986816,4.522294998168945
2,1180,740.7971801757812,6656.9501953125,2.503406524658203,7.877089500427246,3.5914134979248047
2,1181,1000.7623901367188,9242.509765625,2.550380229949951,9.742462158203125,2.3190250396728516
2,1182,525.3931884765625,4444.6708984375,2.697535991668701,6.16034460067749,2.5369129180908203
2,1183,613.932373046875,5258.455078125,2.936227560043335,5.540164947509766,3.708254814147949
2,1184,875.7145385742188,7979.1376953125,2.5933585166931152,9.518647193908691,2.5778932571411133
2,1185,642.5130615234375,5670.89111328125,2.514131546020508,5.622552394866943,4.117138862609863
2,1186,631.1192016601562,5522.4638671875,2.629093647003174,8.004812240600586,3.4892425537109375
2,1187,802.299560546875,7254.603515625,2.5613057613372803,7.933126449584961,3.3147850036621094
2,1188,690.8341064453125,6075.61767578125,2.7757434844970703,8.354061126708984,2.7134647369384766
2,1189,455.1663818359375,3820.1884765625,2.43825101852417,5.357675552368164,3.315558433532715
2,1190,1371.235595703125,12838.376953125,2.913261890411377,11.21777057647705,4.647638320922852
2,1191,462.3810729980469,3888.19482421875,2.452052593231201,5.371734142303467,3.001431465148926
2,1192,969.208740234375,8857.705078125,2.78127384185791,9.464800834655762,3.429656982421875
2,1193,661.4940795898438,5829.5751953125,2.617884874343872,5.951656818389893,4.704894065856934
2,1194,528.897705078125,4523.23193359375,2.552482843399048,7.13272762298584,2.367124557495117
2,1195,1050.29296875,9687.39453125,2.7184500694274902,11.479716300964355,2.488797187805176
2,1196,898.2715454101562,8132.6787109375,2.8334548473358154,9.508737564086914,2.1437129974365234
2,1197,899.535400390625,8206.216796875,2.630457639694214,8.540081024169922,3.8219079971313477
2,1198,478.0826416015625,4017.3291015625,2.5449905395507812,5.4078288078308105,2.9202194213867188
2,1199,563.9711303710938,4827.373046875,2.707794427871704,6.276750087738037,1.3800745010375977
2,1200,879.2184448242188,8019.0302734375,2.577181100845337,8.578113555908203,3.9696836471557617
2,1201,662.40966796875,5768.267578125,2.8527638912200928,8.151390075683594,1.942392349243164
2,1202,697.17529296875,6121.8369140625,2.8330514430999756,7.885465621948242,2.4535207748413086
2,1203,655.5752563476562,5749.361328125,2.6879701614379883,7.073098182678223,4.013570785522461
2,1204,518.7518920898438,4348.56787109375,2.7965033054351807,5.08931303024292,3.5251035690307617
2,1205,1028.329345703125,9454.982421875,2.7610390186309814,10.654420852661133,3.648562431335449
2,1206,546.9551391601562,4640.22509765625,2.764420747756958,6.236944198608398,2.724644660949707
2,1207,820.5925903320312,7438.06640625,2.5595316886901855,7.872986316680908,4.672515869140625
2,1208,971.2450561523438,8924.3515625,2.626995086669922,9.526741027832031,2.9307174682617188
2,1209,981.1292724609375,9020.123046875,2.6372313499450684,8.752305030822754,4.153195381164551
2,1210,832.0451049804688,7541.06591796875,2.597949981689453,8.233004570007324,3.971019744873047
2,1211,892.4318237304688,8149.91357421875,2.5813474655151367,8.739558219909668,3.8376073837280273
2,1212,983.6788940429688,9044.263671875,2.6417503356933594,8.154886245727539,3.586942672729492
2,1213,647.6693115234375,5750.775390625,2.419724702835083,5.877119541168213,4.50314998626709
2,1214,533.704345703125,4618.783203125,2.394200086593628,6.2868266105651855,2.313961982727051
2,1215,811.805908203125,7367.197265625,2.502872943878174,8.347173690795898,3.699276924133301
2,1216,840.145263671875,7663.4033203125,2.4601635932922363,7.719103813171387,3.6444578170776367
2,1217,867.5465698242188,7869.40380859375,2.686873435974121,9.155290603637695,3.37618350982666
2,1218,855.624755859375,7693.54150390625,2.8756847381591797,7.875792980194092,3.1077613830566406
2,1219,634.5087890625,5559.033203125,2.620182991027832,5.784609794616699,4.5657758712768555
2,1220,1104.2891845703125,10150.4970703125,2.974648952484131,9.799657821655273,4.880123138427734
2,1221,620.4478149414062,5429.2470703125,2.584101676940918,6.914020538330078,4.164813041687012
2,1222,834.0924072265625,7608.71142578125,2.4407076835632324,8.634641647338867,3.5126914978027344
2,1223,1062.6170654296875,9836.2802734375,2.632965564727783,10.310728073120117,3.543036460876465
2,1224,929.3926391601562,8424.9267578125,2.896664619445801,9.674795150756836,3.49237060546875
2,1225,1040.7734375,9590.75390625,2.723268985748291,10.705124855041504,3.6176986694335938
2,1226,1270.3975830078125,11780.482421875,3.078310489654541,10.899795532226562,4.165859222412109
2,1227,924.00439453125,8376.13671875,2.879689931869507,10.667055130004883,2.4994125366210938
2,1228,871.2784423828125,7935.064453125,2.5923986434936523,9.706914901733398,2.575812339782715
2,1229,937.7854614257812,8565.3671875,2.7082905769348145,9.348770141601562,2.5020952224731445
2,1230,991.3330078125,9094.6904296875,2.728797674179077,9.359147071838379,2.0103940963745117
2,1231,630.681396484375,5649.34033203125,2.1915788650512695,8.015510559082031,2.993824005126953
2,1232,1027.482177734375,9339.927734375,3.1163105964660645,10.177812576293945,3.0282812118530273
2,1233,450.4627990722656,3793.56591796875,2.370206594467163,5.866727352142334,2.737245559692383
2,1234,845.2108764648438,7682.25,2.566195487976074,8.101713180541992,3.7283191680908203
2,1235,789.523681640625,7056.2900390625,2.796487808227539,7.949381351470947,3.830643653869629
2,1236,575.8502807617188,4968.4990234375,2.633345365524292,5.636916160583496,2.826265335083008
2,1237,764.3817749023438,6800.7041015625,2.810378313064575,8.230785369873047,2.974946975708008
2,1238,936.633056640625,8521.4287109375,2.8163394927978516,9.662039756774902,2.7748823165893555
2,1239,834.228515625,7605.3505859375,2.4564480781555176,8.642206192016602,2.955416679382324
2,1240,900.8500366210938,8211.6279296875,2.6562414169311523,8.614921569824219,2.1748008728027344
2,1241,1135.168212890625,10600.7626953125,2.503063440322876,7.901951789855957,4.7304792404174805
2,1242,644.401123046875,5689.458984375,2.5151724815368652,7.270970344543457,3.7071170806884766
2,1243,1046.358642578125,9631.05078125,2.775118350982666,9.799973487854004,3.8752899169921875
2,1244,1026.435791015625,9415.2373046875,2.8304033279418945,10.148555755615234,2.7172470092773438
2,1245,1249.0947265625,11607.80859375,2.943795680999756,11.764781951904297,2.5957422256469727
2,1246,811.693603515625,7325.46533203125,2.638235092163086,6.978438854217529,2.6991424560546875
2,1247,973.9501953125,8914.3203125,2.750603675842285,8.876574516296387,3.9580631256103516
2,1248,1181.521484375,10926.783203125,2.961437225341797,11.506525039672852,3.1970319747924805
2,1249,970.611083984375,8915.61328125,2.6349921226501465,8.909703254699707,2.9491090774536133
2,1250,1078.7373046875,9976.58984375,2.702609062194824,10.891288757324219,1.992527961730957
2,1251,876.75146484375,7114.94873046875,5.5085530281066895,8.224677085876465,3.935366630554199
2,1252,610.087158203125,5341.9267578125,2.5298147201538086,7.523644924163818,2.549941062927246
2,1253,1037.244873046875,9504.697265625,2.892503023147583,8.358482360839844,3.716189384460449
2,1254,865.8269653320312,7857.3388671875,2.6697700023651123,7.281919956207275,5.030335426330566
2,1255,610.0084838867188,5332.3955078125,2.558964729309082,5.601430892944336,4.153070449829102
2,1256,723.7547607421875,6493.509765625,2.480123996734619,6.71974515914917,3.318622589111328
2,1257,715.9768676757812,6307.421875,2.841156005859375,8.746960639953613,2.8677597045898438
2,1258,682.4808959960938,6104.7431640625,2.400219678878784,7.480715751647949,3.756819725036621
2,1259,929.696044921875,8497.67578125,2.664283275604248,8.574178695678711,5.582771301269531
2,1260,1116.1524658203125,10361.185546875,2.667799472808838,10.549013137817383,5.47197151184082
2,1261,871.3029174804688,7947.96435546875,2.55021595954895,8.221104621887207,3.6069507598876953
2,1262,797.6204833984375,7155.83203125,2.7345759868621826,8.411373138427734,4.486263275146484
2,1263,556.1800537109375,4807.90087890625,2.51299786567688,6.105743885040283,4.479976654052734
2,1264,691.7305908203125,6106.28125,2.7034153938293457,7.588239669799805,3.920724868774414
2,1265,836.2518310546875,7663.33642578125,2.330604076385498,9.118707656860352,4.660957336425781
2,1266,946.4281616210938,8691.1484375,2.577110528945923,8.832806587219238,2.7724838256835938
2,1267,869.6641845703125,7993.662109375,2.3432650566101074,8.020599365234375,4.404134750366211
2,1268,889.7363891601562,8095.701171875,2.672208786010742,8.159234046936035,4.217158317565918
2,1269,1241.1473388671875,11592.83984375,2.7287757396698,11.421409606933594,3.319911003112793
2,1270,1096.59716796875,10129.7138671875,2.787527561187744,10.18886947631836,3.8799009323120117
2,1271,824.018310546875,7370.09716796875,2.9002866744995117,8.71165657043457,3.586392402648926
2,1272,1156.4263916015625,10822.453125,2.4727015495300293,9.724706649780273,5.050464630126953
2,1273,702.0866088867188,6220.2255859375,2.6688008308410645,8.072050094604492,3.6447887420654297
2,1274,979.8216552734375,8942.4189453125,2.852659225463867,9.08784294128418,3.8738412857055664
2,1275,896.2747802734375,8163.44873046875,2.664328098297119,9.170788764953613,3.753437042236328
2,1276,632.0093383789062,5502.21630859375,2.726256847381592,7.491522789001465,1.9491138458251953
2,1277,992.0640869140625,9097.353515625,2.744290351867676,10.632393836975098,3.7356863021850586
2,1278,750.0333251953125,6668.69140625,2.7721400260925293,7.380856037139893,2.982593536376953
2,1279,1315.8988037109375,12280.5546875,2.928107261657715,9.548993110656738,5.84825325012207
2,1280,1035.629638671875,9501.0,2.8509881496429443,10.351824760437012,3.644036293029785
2,1281,924.0591430664062,8430.830078125,2.6992039680480957,8.229413986206055,4.168047904968262
2,1282,1005.640625,9180.708984375,2.918990135192871,11.073613166809082,2.694830894470215
2,1283,992.0123901367188,9145.4404296875,2.582278251647949,9.718758583068848,3.738095283508301
2,1284,904.2643432617188,8200.5556640625,2.8069581985473633,7.318907737731934,4.648426055908203
2,1285,835.56396484375,7564.18359375,2.638185977935791,8.850603103637695,2.7538652420043945
2,1286,766.5677490234375,6835.6552734375,2.766740560531616,7.7533769607543945,3.4898900985717773
2,1287,937.1192626953125,8641.41015625,2.4326066970825195,8.592439651489258,4.591925621032715
2,1288,926.8853149414062,8373.54296875,2.9843673706054688,10.834585189819336,2.1834659576416016
2,1289,780.7811279296875,7043.47265625,2.5477938652038574,8.359715461730957,2.8281068801879883
2,1290,766.1575927734375,6877.19482421875,2.614603042602539,7.547702312469482,3.514131546020508
2,1291,535.6024780273438,4564.38916015625,2.6387853622436523,5.96022367477417,3.4100656509399414
2,1292,1045.1962890625,9707.623046875,2.481130838394165,10.270383834838867,3.599559783935547
2,1293,707.860595703125,6293.1259765625,2.61826491355896,7.696606636047363,3.6231470108032227
2,1294,985.8013916015625,9002.97265625,2.8501367568969727,10.260648727416992,3.248490333557129
2,1295,646.9006958007812,5701.98828125,2.5567283630371094,6.933140754699707,3.5148696899414062
2,1296,693.9248657226562,6157.26953125,2.606595039367676,6.612250328063965,4.679941177368164
2,1297,704.040771484375,6280.1318359375,2.534252882003784,8.692246437072754,2.9829397201538086
2,1298,909.56494140625,8225.833984375,2.899383544921875,9.255069732666016,2.344712257385254
2,1299,958.58642578125,8789.8662109375,2.6533267498016357,8.53298568725586,4.119157791137695
2,1300,838.20849609375,7479.986328125,3.0069949626922607,8.097372055053711,3.843916893005371
2,1301,906.6932373046875,8185.126953125,2.9393510818481445,9.527963638305664,2.94454288482666
2,1302,728.3046875,6546.962890625,2.453612804412842,7.898412704467773,2.2350215911865234
2,1303,625.9869384765625,5435.7333984375,2.7471187114715576,6.217338562011719,2.5484142303466797
2,1304,484.57489013671875,4108.0927734375,2.458852767944336,5.631525993347168,3.0580530166625977
2,1305,732.2843627929688,6535.853515625,2.6232995986938477,7.563177108764648,3.056757926940918
2,1306,886.62841796875,8057.576171875,2.6956937313079834,9.551334381103516,2.888662338256836
2,1307,984.49658203125,8778.91015625,3.553518056869507,8.985577583312988,3.3714122772216797
2,1308,1160.9404296875,10591.9580078125,3.391488552093506,10.703298568725586,4.11952018737793
2,1309,817.798583984375,7395.216796875,2.609231472015381,7.2916693687438965,3.908940315246582
2,1310,898.4644775390625,8130.630859375,2.846712589263916,8.799131393432617,3.6164731979370117
2,1311,973.8270263671875,8892.76953125,2.81833553314209,8.460121154785156,3.745410919189453
2,1312,1136.6192626953125,10547.623046875,2.7285633087158203,10.004895210266113,3.8979740142822266
2,1313,1129.000244140625,10404.609375,2.9513115882873535,10.207151412963867,2.606332778930664
2,1314,591.960205078125,5096.38525390625,2.7440567016601562,5.689153671264648,4.905338287353516
2,1315,1267.25146484375,11787.369140625,2.950486183166504,11.529425621032715,5.0947418212890625
2,1316,849.8406982421875,7652.70849609375,2.8189949989318848,8.284297943115234,3.100566864013672
2,1317,625.4656982421875,5439.06396484375,2.718641996383667,6.81358528137207,3.089104652404785
2,1318,1084.748779296875,10028.6357421875,2.7295069694519043,9.947210311889648,3.787747383117676
2,1319,1058.719970703125,9759.65234375,2.758491277694702,10.537229537963867,2.805087089538574
2,1320,662.4781494140625,5811.2119140625,2.711897850036621,6.4954681396484375,3.4289321899414062
2,1321,875.394775390625,8079.06787109375,2.2496001720428467,9.371864318847656,3.392918586730957
2,1322,707.8274536132812,6263.17041015625,2.717013359069824,7.618469715118408,2.4727020263671875
2,1323,657.4837036132812,5826.65380859375,2.4939424991607666,7.812625408172607,2.6666011810302734
2,1324,953.9000244140625,8735.791015625,2.6773650646209717,9.991347312927246,2.8254098892211914
2,1325,845.0504150390625,7672.90673828125,2.5919909477233887,7.733795166015625,3.359710693359375
2,1326,919.5260009765625,8382.330078125,2.709766149520874,10.152241706848145,2.447826385498047
2,1327,1567.875244140625,14522.04296875,3.855698585510254,12.206327438354492,4.498119354248047
2,1328,808.1280517578125,7315.056640625,2.5540802478790283,9.051031112670898,2.5105209350585938
2,1329,749.8685302734375,6702.361328125,2.654411792755127,7.734731674194336,2.709522247314453
2,1330,791.8381958007812,7114.259765625,2.6804072856903076,7.16756534576416,4.454102516174316
2,1331,541.4766845703125,4768.77978515625,2.153290271759033,6.77376127243042,2.8736343383789062
2,1332,908.0744018554688,8196.16796875,2.9485855102539062,8.952199935913086,3.3281326293945312
2,1333,663.6587524414062,5888.18603515625,2.494671583175659,7.389408588409424,3.3863515853881836
2,1334,820.8434448242188,7430.48193359375,2.5931735038757324,8.242324829101562,2.9241199493408203
2,1335,769.4710693359375,6908.3271484375,2.6212782859802246,7.89097785949707,2.6291866302490234
2,1336,746.4235229492188,6676.0810546875,2.627180814743042,7.964775085449219,2.4463682174682617
2,1337,633.48876953125,5543.40087890625,2.638289213180542,7.211153507232666,2.07344913482666
2,1338,905.5548706054688,8263.380859375,2.640559673309326,8.770877838134766,3.9745492935180664
2,1339,823.9588012695312,7449.80078125,2.632622718811035,7.011474609375,2.7586469650268555
2,1340,903.1951904296875,8174.01220703125,2.859797954559326,8.249312400817871,2.3276796340942383
2,1341,543.7049560546875,4676.91064453125,2.5337958335876465,5.7531304359436035,2.663132667541504
2,1342,1086.251708984375,9946.2265625,3.0542993545532227,9.40571403503418,3.6705541610717773
2,1343,861.3390502929688,7820.34375,2.643488883972168,8.896106719970703,4.557896614074707
2,1344,772.8941040039062,6930.4609375,2.661600112915039,8.8797607421875,2.9803524017333984
2,1345,858.9046630859375,7849.25048828125,2.465986728668213,8.0733642578125,3.220555305480957
2,1346,782.9652709960938,7012.11669921875,2.7251195907592773,8.395059585571289,3.054387092590332
2,1347,767.96240234375,6952.2333984375,2.4246349334716797,8.362716674804688,3.2542057037353516
2,1348,1141.6627197265625,10566.1806640625,2.834822416305542,10.349386215209961,4.9853315353393555
2,1349,1149.28173828125,10640.0751953125,2.8424744606018066,11.321161270141602,4.715277671813965
2,1350,762.0138549804688,6884.0849609375,2.4535112380981445,7.635369300842285,4.71852970123291
2,1351,565.9011840820312,4902.783203125,2.5207622051239014,6.611673355102539,4.34882926940918
2,1352,773.6478881835938,7016.013671875,2.4015495777130127,8.248064041137695,3.84578800201416
2,1353,886.2625732421875,8055.9345703125,2.6889710426330566,8.3378267288208,3.988222122192383
2,1354,799.7346801757812,7235.17724609375,2.54056453704834,7.177646160125732,3.9318065643310547
2,1355,781.4769897460938,7050.73046875,2.546797275543213,6.134902477264404,5.185375213623047
2,1356,853.0689086914062,7702.8037109375,2.7596163749694824,9.629159927368164,2.5604124069213867
2,1357,896.0091552734375,8060.1162109375,2.9999160766601562,8.835566520690918,2.7731103897094727
2,1358,614.4088134765625,5468.9814453125,2.2503557205200195,6.934329032897949,1.9782562255859375
2,1359,934.5278930664062,8517.025390625,2.760843515396118,9.63644027709961,1.7881441116333008
2,1360,1022.670166015625,9366.1240234375,2.868591785430908,9.704390525817871,2.8709354400634766
2,1361,651.032958984375,5754.857421875,2.5182385444641113,6.51472806930542,2.045853614807129
2,1362,716.45068359375,6380.4765625,2.613434314727783,9.348834991455078,2.2668914794921875
2,1363,1037.2098388671875,9591.708984375,2.601296901702881,9.858073234558105,3.5293846130371094
2,1364,925.2688598632812,8461.3935546875,2.637650966644287,8.823171615600586,3.3679733276367188
2,1365,791.6390991210938,7116.3212890625,2.666898727416992,9.214292526245117,3.011669158935547
2,1366,593.1578369140625,5167.421875,2.5471887588500977,7.357055187225342,2.178250312805176
2,1367,920.070556640625,8148.46826171875,3.5074574947357178,9.053116798400879,3.0205345153808594
2,1368,576.5220336914062,5002.13818359375,2.543607234954834,7.396327495574951,2.141357421875
2,1369,648.6239013671875,5702.259765625,2.613262891769409,6.142670631408691,4.337421417236328
2,1370,519.712158203125,4476.45166015625,2.4022328853607178,6.922456741333008,2.103475570678711
2,1371,662.9503784179688,5861.11669921875,2.561288833618164,7.5229573249816895,2.151516914367676
2,1372,712.4458618164062,6295.0078125,2.7648353576660156,7.233997344970703,2.9946212768554688
2,1373,679.8737182617188,6000.8623046875,2.6595828533172607,8.009781837463379,2.857008934020996
2,1374,764.8353271484375,6877.79296875,2.5685343742370605,7.5617547035217285,3.7351675033569336
2,1375,816.9508056640625,7440.1845703125,2.431077003479004,9.039641380310059,3.687540054321289
2,1376,744.1174926757812,6593.3681640625,2.8260207176208496,7.41070556640625,2.7930307388305664
2,1377,813.9625244140625,7341.4033203125,2.6607398986816406,7.228835105895996,4.298449516296387
2,1378,745.37939453125,6683.88671875,2.566357135772705,7.417308330535889,3.358743667602539
2,1379,889.0006103515625,8185.5458984375,2.3481991291046143,8.650032043457031,4.192030906677246
2,1380,787.891845703125,7079.4912109375,2.6647565364837646,7.1901960372924805,4.081119537353516
2,1381,1062.9354248046875,9771.9072265625,2.8581559658050537,10.768976211547852,2.9103126525878906
2,1382,764.1221923828125,6830.154296875,2.703558921813965,7.295849800109863,4.49849796295166
2,1383,574.0156860351562,4984.55908203125,2.5186593532562256,7.118908405303955,2.8608551025390625
2,1384,761.9537353515625,6828.189453125,2.637826442718506,7.909970760345459,3.2515430450439453
2,1385,787.6593627929688,7168.97705078125,2.3587217330932617,6.8378801345825195,4.943730354309082
2,1386,688.6060791015625,6125.89892578125,2.533872127532959,7.842005729675293,2.744272232055664
2,1387,869.5247802734375,7886.7275390625,2.6950674057006836,9.233415603637695,2.2019872665405273
2,1388,713.5477294921875,6368.62158203125,2.5561840534210205,7.5054426193237305,3.083146095275879
2,1389,844.87939453125,7609.310546875,2.7982778549194336,8.628352165222168,2.6983766555786133
2,1390,1312.3209228515625,12129.12109375,3.3136281967163086,12.950996398925781,2.9476585388183594
2,1391,624.3655395507812,5477.29541015625,2.5545337200164795,7.016790866851807,2.540660858154297
2,1392,618.3671264648438,5423.99169921875,2.5322651863098145,7.107767105102539,3.387749671936035
2,1393,844.893310546875,7636.21240234375,2.7090678215026855,7.721999645233154,3.1296682357788086
2,1394,680.8555908203125,6003.03076171875,2.6850826740264893,7.558988571166992,2.70516300201416
2,1395,574.834716796875,5044.9375,2.3446998596191406,5.266085624694824,3.6317005157470703
2,1396,1131.324951171875,10481.0224609375,2.774087905883789,10.50848388671875,3.5088415145874023
2,1397,1061.95947265625,9831.05859375,2.6284546852111816,9.510968208312988,3.7810239791870117
2,1398,792.1568603515625,7113.14892578125,2.694732904434204,9.116754531860352,2.153243064880371
2,1399,1063.4998779296875,9861.81640625,2.5772757530212402,8.719656944274902,5.423796653747559
2,1400,711.981201171875,6378.84765625,2.4698801040649414,7.553941249847412,2.9392499923706055
2,1401,812.6724243164062,7331.2080078125,2.651721954345703,8.271124839782715,3.076192855834961
2,1402,896.3367919921875,8215.720703125,2.492156982421875,8.020408630371094,4.084136962890625
2,1403,844.7755737304688,7572.37890625,2.917921543121338,7.9905524253845215,3.840747833251953
2,1404,1194.7156982421875,11057.11328125,2.9668145179748535,11.765008926391602,2.256199836730957
2,1405,673.0658569335938,5843.931640625,2.9557557106018066,6.599669933319092,2.677618980407715
2,1406,715.8333129882812,6389.39794921875,2.5631155967712402,7.087952136993408,3.522648811340332
2,1407,892.3253173828125,8171.283203125,2.506565570831299,9.650049209594727,2.191380500793457
2,1408,781.3741455078125,6904.48046875,3.0308704376220703,7.861813545227051,4.334626197814941
2,1409,668.3452758789062,5934.1787109375,2.4975781440734863,7.567992210388184,2.5085229873657227
2,1410,925.068603515625,8525.041015625,2.418816566467285,9.26586627960205,3.2590293884277344
2,1411,670.00341796875,5904.5576171875,2.6515893936157227,7.219837665557861,2.391486167907715
2,1412,1094.7158203125,10165.595703125,2.605206251144409,9.825138092041016,3.2369136810302734
2,1413,828.2683715820312,7556.19873046875,2.421617031097412,8.472774505615234,2.0994768142700195
2,1414,802.489013671875,7157.09423828125,2.892653465270996,8.437466621398926,2.002534866333008
2,1415,607.844482421875,5341.84423828125,2.455334186553955,7.3086700439453125,2.5229339599609375
2,1416,647.3745727539062,5690.7861328125,2.6098644733428955,6.932957649230957,2.181973457336426
2,1417,979.7232055664062,8991.95703125,2.684248924255371,9.519369125366211,4.232307434082031
2,1418,804.328369140625,7225.34716796875,2.7264535427093506,7.77853536605835,2.7625932693481445
2,1419,988.3989868164062,9020.03515625,2.8798482418060303,9.225379943847656,2.711946487426758
2,1420,1110.89208984375,10249.7734375,2.863823652267456,10.289931297302246,3.7234392166137695
2,1421,713.4957275390625,6285.09228515625,2.8328847885131836,7.823144912719727,2.4793500900268555
2,1422,807.9849853515625,7341.21337890625,2.4621224403381348,8.526113510131836,3.0090227127075195
2,1423,894.7736206054688,8156.474609375,2.637537956237793,9.595279693603516,3.430004119873047
2,1424,761.3680419921875,6789.611328125,2.7468984127044678,7.578670501708984,3.7215824127197266
2,1425,1086.199462890625,10058.625,2.6778972148895264,11.046485900878906,3.5827369689941406
2,1426,734.0068969726562,6471.90869140625,2.8938677310943604,8.3858003616333,2.1360292434692383
2,1427,1155.867431640625,10791.3818359375,2.5576417446136475,11.413209915161133,2.8497257232666016
2,1428,1510.287109375,14188.6953125,3.0472519397735596,13.901951789855957,2.292330741882324
2,1429,471.1195373535156,3926.045654296875,2.6171650886535645,5.780837059020996,2.100954055786133
2,1430,846.6878662109375,7735.62841796875,2.4375,7.543849945068359,3.8672008514404297
2,1431,875.5027465820312,7854.56591796875,3.0015382766723633,7.624394416809082,4.412982940673828
2,1432,542.3556518554688,4787.63427734375,2.1197409629821777,6.937351226806641,2.2379465103149414
2,1433,804.2208251953125,7220.74365234375,2.7382149696350098,6.901811599731445,3.988041877746582
2,1434,661.4175415039062,5819.2626953125,2.6497087478637695,6.671652793884277,2.6242551803588867
2,1435,618.575439453125,5348.3447265625,2.7913665771484375,7.946330547332764,1.9372730255126953
2,1436,612.682373046875,5308.353515625,2.728231906890869,7.152896881103516,2.942135810852051
2,1437,829.1004638671875,7479.396484375,2.7053613662719727,9.806975364685059,2.606499671936035
2,1438,872.3109741210938,7911.61572265625,2.7049810886383057,8.154678344726562,3.424649238586426
2,1439,879.0338134765625,7999.2978515625,2.6368000507354736,8.405963897705078,3.5972957611083984
2,1440,796.9402465820312,7228.001953125,2.4713339805603027,8.360442161560059,2.7148752212524414
2,1441,1157.1026611328125,10745.8095703125,2.7507259845733643,11.485974311828613,3.9422683715820312
2,1442,803.0585327148438,7303.2900390625,2.42431640625,7.4988298416137695,4.106259346008301
2,1443,760.3148193359375,6827.53466796875,2.5853774547576904,7.789793968200684,2.4192914962768555
2,1444,828.1513061523438,7465.29541015625,2.7207260131835938,8.165631294250488,2.8720436096191406
2,1445,1184.4713134765625,11018.3173828125,2.7546510696411133,12.231134414672852,1.6371288299560547
2,1446,796.9837036132812,7205.7607421875,2.5469205379486084,8.418458938598633,2.6344127655029297
2,1447,888.5979614257812,8115.8505859375,2.567095994949341,9.711742401123047,3.2345638275146484
2,1448,1013.3544921875,9270.5888671875,2.8765201568603516,9.915443420410156,3.8014307022094727
2,1449,756.6563720703125,6662.056640625,3.0150232315063477,7.813792705535889,3.3792057037353516
2,1450,883.2548828125,8062.9912109375,2.5651912689208984,7.664085388183594,2.9409046173095703
2,1451,1015.633056640625,9444.39453125,2.3731207847595215,11.010767936706543,2.9971771240234375
2,1452,1232.765625,11522.7490234375,2.683025360107422,11.850454330444336,4.274720191955566
2,1453,808.7598876953125,7280.833984375,2.6892144680023193,7.790736198425293,2.79386043548584
2,1454,960.7071533203125,8792.3017578125,2.7158987522125244,9.802705764770508,3.2938461303710938
2,1455,966.5816650390625,8797.947265625,2.8928966522216797,9.028440475463867,3.288482666015625
2,1456,956.411376953125,8675.146484375,2.9632248878479004,9.227998733520508,3.0295143127441406
2,1457,733.3178100585938,6528.96142578125,2.6807212829589844,8.785603523254395,2.209601402282715
2,1458,809.7786865234375,7364.64990234375,2.4437882900238037,9.322998046875,3.9089221954345703
2,1459,876.9971923828125,7958.42822265625,2.705144166946411,8.737091064453125,3.5958786010742188
2,1460,786.7000122070312,6998.208984375,2.8959696292877197,8.103126525878906,2.6983203887939453
2,1461,495.13623046875,4228.3134765625,2.4101619720458984,5.7757649421691895,2.14068603515625
2,1462,630.7001342773438,5409.96875,2.9901082515716553,7.072597503662109,2.5504512786865234
2,1463,532.3640747070312,4387.4697265625,3.1205692291259766,5.961403846740723,2.687042236328125
2,1464,960.5332641601562,8754.4775390625,2.83618426322937,8.382084846496582,4.560613632202148
2,1465,921.0291137695312,8363.998046875,2.8209760189056396,10.80739974975586,2.3509511947631836
2,1466,911.00341796875,8289.7587890625,2.734250068664551,9.445740699768066,3.431879997253418
2,1467,1094.9830322265625,10142.4580078125,2.691239833831787,11.383600234985352,3.8709192276000977
2,1468,923.4403686523438,8443.6435546875,2.63586688041687,8.357940673828125,3.902078628540039
2,1469,656.5927734375,5756.26904296875,2.698862314224243,7.096637725830078,3.637476921081543
2,1470,685.096923828125,6026.478515625,2.7483019828796387,9.06741714477539,3.6092605590820312
2,1471,767.5515747070312,6903.7705078125,2.572484016418457,7.91469144821167,3.966860771179199
2,1472,789.4564819335938,7114.3466796875,2.600727081298828,9.048121452331543,2.7921199798583984
2,1473,1037.759765625,9528.7080078125,2.8296310901641846,10.664573669433594,2.362445831298828
2,1474,628.3751220703125,5398.9033203125,2.949492931365967,6.255451679229736,3.7287979125976562
2,1475,1010.0521240234375,9318.9912109375,2.6051013469696045,8.673419952392578,5.427639961242676
2,1476,1028.201904296875,9440.763671875,2.8041839599609375,10.867581367492676,3.142702102661133
2,1477,1479.4327392578125,13922.0771484375,2.9074995517730713,11.85125732421875,4.461127281188965
2,1478,836.880615234375,7534.10546875,2.782335042953491,8.952775955200195,3.2273483276367188
2,1479,820.9974365234375,7393.5048828125,2.721564769744873,8.894186019897461,2.8063554763793945
2,1480,917.0540771484375,8419.3798828125,2.5038695335388184,8.127391815185547,3.0586633682250977
2,1481,934.5838623046875,8547.6953125,2.660477638244629,8.327926635742188,3.450468063354492
2,1482,1194.02587890625,11094.947265625,2.8177030086517334,11.408500671386719,3.2340574264526367
2,1483,595.0309448242188,5166.91650390625,2.6113104820251465,7.052827835083008,2.5330944061279297
2,1484,638.0062866210938,5591.40380859375,2.6288633346557617,8.178793907165527,2.2816476821899414
2,1485,946.2263793945312,8708.173828125,2.5136327743530273,8.79074478149414,4.063620567321777
2,1486,901.6575317382812,8105.4404296875,3.037116050720215,8.743143081665039,3.8019628524780273
2,1487,870.6029052734375,7970.45556640625,2.4519102573394775,9.791749954223633,2.2074384689331055
2,1488,616.3677368164062,5444.3212890625,2.397852897644043,7.207810878753662,3.138996124267578
2,1489,714.3778686523438,6380.515625,2.544210195541382,7.682365417480469,2.84185791015625
2,1490,1039.1973876953125,9523.060546875,2.8963780403137207,9.301755905151367,3.58013916015625
2,1491,1090.10595703125,10012.470703125,2.9619641304016113,9.46396255493164,3.180889129638672
2,1492,734.4548950195312,6557.33349609375,2.624051809310913,8.306917190551758,3.076610565185547
2,1493,1139.202880859375,10539.90234375,2.8404197692871094,10.949484825134277,3.870009422302246
2,1494,684.7379150390625,6011.6474609375,2.7857723236083984,6.037639141082764,4.670063018798828
2,1495,886.6227416992188,8050.32666015625,2.7196688652038574,8.69302749633789,3.644268035888672
2,1496,967.052490234375,8726.845703125,3.1455962657928467,10.038707733154297,2.851353645324707
2,1497,761.9434814453125,6876.6611328125,2.4759104251861572,7.723888874053955,3.1043853759765625
2,1498,936.43310546875,8596.2861328125,2.560150146484375,10.576658248901367,2.801288604736328
2,1499,1074.8052978515625,9957.9228515625,2.6337668895721436,9.930648803710938,2.826070785522461
2,1500,527.191650390625,4553.65185546875,2.394213914871216,6.743081092834473,2.932642936706543
2,1501,807.9307250976562,7359.541015625,2.3992202281951904,8.176349639892578,2.320779800415039
2,1502,1375.1231689453125,12832.47265625,3.062528610229492,9.573923110961914,5.7828474044799805
2,1503,1006.3408813476562,9048.94921875,3.3815300464630127,9.605960845947266,3.353346824645996
2,1504,1064.021240234375,9914.9267578125,2.4176175594329834,8.249149322509766,3.743231773376465
2,1505,589.9169921875,5132.10302734375,2.5568885803222656,7.223470211029053,3.1726503372192383
2,1506,625.4506225585938,5395.97216796875,2.8617794513702393,8.099319458007812,2.9007482528686523
2,1507,1016.3471069335938,9373.125,2.634486675262451,10.274894714355469,4.021551132202148
2,1508,565.2679443359375,4996.30419921875,2.187918186187744,6.575384140014648,3.4548635482788086
2,1509,597.2335815429688,5244.38671875,2.4264976978302,6.189287185668945,3.2492475509643555
2,1510,942.2847900390625,8582.55859375,2.800963878631592,8.496831893920898,4.004855155944824
2,1511,1022.5309448242188,9117.515625,3.69264554977417,9.094377517700195,3.330219268798828
2,1512,854.2935180664062,7755.4931640625,2.6248064041137695,7.7393598556518555,3.10626220703125
2,1513,1065.425048828125,9884.6728515625,2.565260171890259,10.892552375793457,2.7416181564331055
2,1514,722.7447509765625,6475.70556640625,2.5058064460754395,7.813827991485596,1.431325912475586
2,1515,678.9722900390625,6075.7412109375,2.3799386024475098,7.116776466369629,2.6779632568359375
2,1516,1024.967529296875,9485.658203125,2.5467231273651123,10.164274215698242,3.342312812805176
2,1517,996.3642578125,9117.5859375,2.820187568664551,7.3207621574401855,4.414743423461914
2,1518,1108.8050537109375,10181.1640625,3.022953987121582,10.662552833557129,2.445343017578125
2,1519,716.1908569335938,6398.2783203125,2.5454344749450684,7.349843502044678,3.5074462890625
2,1520,427.8627624511719,3411.444091796875,2.8906118869781494,5.382816314697266,2.154926300048828
2,1521,540.8271484375,4759.96240234375,2.161029577255249,5.078171730041504,3.6585474014282227
2,1522,655.7490234375,5766.4951171875,2.6366498470306396,7.581908226013184,2.479280471801758
2,1523,814.7037353515625,7359.9873046875,2.623499631881714,8.75464153289795,2.3478469848632812
2,1524,934.8880615234375,8501.400390625,2.824932098388672,6.955686092376709,4.311104774475098
2,1525,941.84814453125,8641.029296875,2.591506004333496,9.775259017944336,2.574047088623047
2,1526,950.882568359375,8780.951171875,2.4262471199035645,9.670741081237793,2.021879196166992
2,1527,943.4405517578125,8644.404296875,2.633338451385498,9.15020751953125,2.8872623443603516
2,1528,815.1023559570312,7399.13330078125,2.506301164627075,8.744903564453125,3.019622802734375
2,1529,804.107421875,7299.2255859375,2.472830295562744,9.271280288696289,2.4967517852783203
2,1530,665.5928955078125,5779.50830078125,2.921400785446167,7.196175575256348,1.9873723983764648
2,1531,702.9083251953125,6242.83740234375,2.6208181381225586,8.104376792907715,2.771925926208496
2,1532,465.0069885253906,3880.56884765625,2.5650033950805664,5.692052364349365,2.2082223892211914
2,1533,523.5865478515625,4530.8798828125,2.34995174407959,5.533543586730957,2.8419952392578125
2,1534,821.988037109375,7370.7744140625,2.830352306365967,8.211302757263184,2.5444345474243164
2,1535,642.988525390625,5706.37451171875,2.411703586578369,7.165660381317139,3.3329687118530273
2,1536,993.7410278320312,9117.328125,2.7336056232452393,7.391452789306641,3.643805503845215
2,1537,912.8170776367188,8413.16015625,2.3833677768707275,9.763514518737793,2.933460235595703
2,1538,1184.712890625,11012.544921875,2.781946897506714,10.841632843017578,3.760843276977539
2,1539,1165.440673828125,10833.41796875,2.736629009246826,9.87691879272461,3.6569995880126953
2,1540,967.9523315429688,8790.544921875,2.9632604122161865,10.19766616821289,3.132920265197754
2,1541,836.6453857421875,7534.90966796875,2.771812915802002,8.90845775604248,3.16414737701416
2,1542,740.4093627929688,6620.0390625,2.6135144233703613,8.176840782165527,2.2815608978271484
2,1543,720.0186157226562,6356.5986328125,2.8119592666625977,7.010967254638672,3.146341323852539
2,1544,998.0032958984375,9247.578125,2.441516876220703,10.050263404846191,3.4297056198120117
2,1545,622.869873046875,5555.8974609375,2.2426700592041016,7.239159107208252,2.3839120864868164
2,1546,656.5618286132812,5728.9833984375,2.7887821197509766,6.924508094787598,3.2876319885253906
2,1547,1033.2012939453125,9390.373046875,3.138800621032715,10.288214683532715,3.089813232421875
2,1548,764.525634765625,6841.76171875,2.678313970565796,8.75192642211914,2.439091682434082
2,1549,632.6920166015625,5496.4013671875,2.7683959007263184,6.9602556228637695,2.3321847915649414
2,1550,898.1632080078125,8237.21484375,2.4813902378082275,10.124524116516113,2.3365135192871094
2,1551,573.166748046875,4946.6591796875,2.6166937351226807,5.579766273498535,3.884733200073242
2,1552,1031.8394775390625,9477.3662109375,2.803427219390869,10.72123908996582,3.117595672607422
2,1553,1166.197509765625,10788.7021484375,2.9109091758728027,9.091435432434082,4.383340835571289
2,1554,957.982421875,8782.3916015625,2.658106803894043,9.71201229095459,2.377190589904785
2,1555,1426.35498046875,13354.6015625,3.029827833175659,10.790374755859375,4.195563316345215
2,1556,686.3375854492188,6140.34375,2.4101078510284424,7.071718215942383,3.294247627258301
2,1557,622.237548828125,5369.0478515625,2.844426155090332,5.857723236083984,4.257864952087402
2,1558,828.3619384765625,7396.55615234375,2.9568772315979004,8.965744018554688,4.396883010864258
2,1559,875.055908203125,8048.1728515625,2.341287136077881,8.634963989257812,2.7941274642944336
2,1560,542.7084350585938,4648.57470703125,2.595032215118408,5.010382652282715,4.541464805603027
2,1561,976.759765625,8967.240234375,2.6678576469421387,10.156126022338867,3.6126747131347656
2,1562,592.91357421875,5204.8544921875,2.414268970489502,6.579784393310547,2.585883140563965
2,1563,827.1969604492188,7502.41015625,2.5651979446411133,8.82955265045166,3.235128402709961
2,1564,1172.3687744140625,10889.974609375,2.7790451049804688,10.722013473510742,3.68951416015625
2,1565,912.6627197265625,8355.5908203125,2.5701212882995605,8.72465705871582,3.264967918395996
2,1566,661.9335327148438,5835.3251953125,2.61336612701416,7.363400459289551,3.0488529205322266
2,1567,568.7335205078125,5011.6494140625,2.252286672592163,5.984087944030762,3.0521059036254883
2,1568,718.6151123046875,6450.1953125,2.4531869888305664,8.168118476867676,2.9157466888427734
2,1569,475.9350891113281,4006.169921875,2.510603189468384,6.004456520080566,2.7183237075805664
2,1570,738.3530883789062,6586.33203125,2.6573281288146973,8.014010429382324,3.5626277923583984
2,1571,885.7067260742188,8022.55859375,2.781696319580078,8.644807815551758,2.4269189834594727
2,1572,472.43658447265625,3975.95703125,2.4946961402893066,5.536096572875977,2.3220834732055664
2,1573,806.0804443359375,7317.51123046875,2.4776430130004883,8.1336030960083,2.841464042663574
2,1574,1017.184814453125,9270.1484375,3.0056650638580322,10.411514282226562,1.4616718292236328
2,1575,803.5661010742188,7265.07080078125,2.568634510040283,8.852643013000488,2.915135383605957
2,1576,556.0498657226562,4802.19287109375,2.5276856422424316,6.853837966918945,2.305233955383301
2,1577,1092.240234375,10192.681640625,2.432401180267334,8.57145881652832,2.6789608001708984
2,1578,597.02783203125,5267.0830078125,2.3439841270446777,7.248878002166748,2.6278772354125977
2,1579,1022.8082885742188,9427.830078125,2.667509078979492,10.205212593078613,2.803797721862793
2,1580,1017.1466674804688,9371.138671875,2.6677587032318115,11.056568145751953,2.1750621795654297
2,1581,818.0582275390625,7412.33984375,2.5608062744140625,8.30993366241455,2.1037635803222656
2,1582,922.0050048828125,8375.0537109375,2.8166537284851074,8.629650115966797,2.822230339050293
2,1583,902.2968139648438,8222.685546875,2.667609214782715,8.507280349731445,2.7291135787963867
2,1584,785.2399291992188,7109.63134765625,2.4758927822113037,7.826973915100098,2.5893163681030273
2,1585,773.5526123046875,6945.9140625,2.6320395469665527,7.559690952301025,3.328470230102539
2,1586,708.8555297851562,6307.4892578125,2.6035525798797607,7.602048397064209,3.2988767623901367
2,1587,559.2904052734375,4735.3583984375,2.858485221862793,7.415221691131592,2.984389305114746
2,1588,676.6602783203125,5940.1240234375,2.7549285888671875,7.206515312194824,2.5539331436157227
2,1589,638.4076538085938,5588.2197265625,2.6528573036193848,7.044134140014648,3.175084114074707
2,1590,814.6913452148438,7297.49755859375,2.831385612487793,9.294624328613281,2.968149185180664
2,1591,663.4420776367188,5851.44189453125,2.6099276542663574,6.925773620605469,2.399951934814453
2,1592,751.1715087890625,6743.87109375,2.5594797134399414,8.054197311401367,2.701627731323242
2,1593,1071.4615478515625,9895.642578125,2.729907989501953,8.966453552246094,4.175594329833984
2,1594,592.9183349609375,5253.71484375,2.251561164855957,6.924352645874023,3.1470232009887695
2,1595,828.8360595703125,7518.50048828125,2.566199779510498,9.606956481933594,2.9008216857910156
2,1596,729.7086181640625,6518.498046875,2.595294237136841,7.728464603424072,2.3800535202026367
2,1597,986.2298583984375,9103.416015625,2.529608726501465,9.916252136230469,2.6427412033081055
2,1598,729.6318359375,6533.38525390625,2.5431084632873535,7.666592597961426,2.9572010040283203
2,1599,598.6021118164062,5328.96240234375,2.1901965141296387,6.606182098388672,2.3369245529174805
2,1600,881.48828125,7918.505859375,2.9879236221313477,8.418096542358398,3.5026464462280273
2,1601,518.9080810546875,4402.80126953125,2.620931625366211,5.840287685394287,2.2818498611450195
2,1602,646.9224853515625,5662.01806640625,2.6906871795654297,6.6021833419799805,2.855828285217285
2,1603,826.561767578125,7384.23876953125,2.9379281997680664,7.549831390380859,2.0246400833129883
2,1604,742.8033447265625,6626.236328125,2.672656536102295,8.362367630004883,3.3587751388549805
2,1605,875.5985717773438,7913.5712890625,2.8080482482910156,7.367037296295166,3.7322235107421875
2,1606,1194.26708984375,11019.1552734375,3.078385829925537,11.34261417388916,2.411726951599121
2,1607,693.366455078125,6135.8916015625,2.6592416763305664,8.004590034484863,3.2211170196533203
2,1608,963.8148803710938,8899.669921875,2.4615964889526367,10.117136001586914,2.8685102462768555
2,1609,612.527587890625,5447.69921875,2.2585885524749756,6.908658981323242,2.6855478286743164
2,1610,768.4239501953125,6886.578125,2.658869504928589,8.720223426818848,2.3862857818603516
2,1611,1034.19921875,9533.962890625,2.6934306621551514,8.666913032531738,4.311986923217773
2,1612,1291.976318359375,12118.8818359375,2.6696057319641113,12.018033981323242,3.6771364212036133
2,1613,1245.8343505859375,11497.20703125,3.2037887573242188,12.15516185760498,3.28214168548584
2,1614,857.2431030273438,7780.888671875,2.6384739875793457,8.638384819030762,4.716547966003418
2,1615,852.9222412109375,7641.63671875,2.958617687225342,8.889947891235352,2.4876575469970703
2,1616,748.1717529296875,6706.9345703125,2.582608222961426,7.866153717041016,3.7963991165161133
2,1617,771.8081665039062,6957.345703125,2.5357861518859863,7.895512580871582,3.1753931045532227
2,1618,662.4187622070312,5770.087890625,2.846998691558838,7.935232162475586,1.9573278427124023
2,1619,910.0437622070312,8257.1015625,2.8111212253570557,8.669841766357422,3.3239526748657227
2,1620,1094.0419921875,9974.666015625,3.21917986869812,10.919770240783691,3.07309627532959
2,1621,611.8806762695312,5433.1689453125,2.285458564758301,6.837339401245117,2.616823196411133
2,1622,569.2001342773438,4952.7548828125,2.4641551971435547,6.502107620239258,2.560755729675293
2,1623,623.39794921875,5498.005859375,2.453244209289551,7.48838472366333,2.7210960388183594
2,1624,517.4990234375,4408.11474609375,2.5562515258789062,6.812459468841553,2.8919591903686523
2,1625,1027.0755615234375,9499.671875,2.5702784061431885,9.653021812438965,2.6615991592407227
2,1626,780.78564453125,6949.61474609375,2.860805034637451,8.54554557800293,2.9131574630737305
2,1627,580.4695434570312,5015.423828125,2.6309056282043457,6.4890217781066895,2.829620361328125
2,1628,1306.5103759765625,12027.37109375,3.459106683731079,10.718036651611328,5.240241050720215
2,1629,953.4058837890625,8665.2880859375,2.895902156829834,9.763045310974121,3.764965057373047
2,1630,1234.18896484375,11432.966796875,3.0297398567199707,12.352792739868164,2.462273597717285
2,1631,876.4978637695312,7977.5576171875,2.6247355937957764,7.91154670715332,4.553823471069336
2,1632,621.4623413085938,5458.3671875,2.5208537578582764,6.681366443634033,2.918337821960449
2,1633,801.9697265625,7165.03271484375,2.8488810062408447,9.050336837768555,3.366647720336914
2,1634,849.1527709960938,7629.03515625,2.8749747276306152,9.465312957763672,3.567418098449707
2,1635,805.4569702148438,7231.9677734375,2.742007255554199,8.053353309631348,4.210500717163086
2,1636,593.6002197265625,5234.8828125,2.3370652198791504,6.904736518859863,2.7931156158447266
2,1637,743.0381469726562,6636.6708984375,2.6457009315490723,7.796034812927246,2.949578285217285
2,1638,917.5152587890625,8403.9130859375,2.5707976818084717,9.18386459350586,2.079230308532715
2,1639,854.0296630859375,7781.41259765625,2.5296130180358887,9.835959434509277,2.613140106201172
2,1640,1044.5791015625,9669.185546875,2.588685989379883,9.650533676147461,4.763460159301758
2,1641,730.0503540039062,6547.8515625,2.5088400840759277,9.118612289428711,3.415438652038574
2,1642,859.2963256835938,7781.49462890625,2.7048957347869873,8.392291069030762,3.890277862548828
2,1643,506.7489929199219,4281.31884765625,2.620569944381714,5.931007385253906,2.966379165649414
2,1644,1328.0538330078125,12298.029296875,3.2750282287597656,12.087310791015625,2.977785110473633
2,1645,1255.0035400390625,11570.7294921875,3.264353036880493,11.612493515014648,3.2830934524536133
2,1646,649.3511352539062,5593.716796875,2.999314785003662,7.155267715454102,2.9391937255859375
2,1647,1095.4849853515625,10116.9326171875,2.7930567264556885,9.683722496032715,3.3797130584716797
2,1648,1021.5206298828125,9304.58203125,3.0354135036468506,10.448533058166504,3.12827205657959
2,1649,921.50927734375,8390.330078125,2.7492074966430664,8.546558380126953,3.079350471496582
2,1650,1299.453369140625,12147.1640625,2.82456374168396,12.556931495666504,4.063061714172363
2,1651,872.887939453125,7929.3251953125,2.6651792526245117,9.293046951293945,2.7751245498657227
2,1652,663.9348754882812,5845.1572265625,2.647304058074951,7.030551910400391,3.290912628173828
2,1653,786.4451904296875,7056.1533203125,2.6943283081054688,6.515480995178223,3.7904300689697266
2,1654,852.131103515625,7715.34521484375,2.686551570892334,8.763653755187988,2.9806137084960938
2,1655,717.2849731445312,6398.7275390625,2.5804073810577393,7.696181297302246,2.5460681915283203
2,1656,927.7810668945312,8480.1796875,2.658768653869629,10.083402633666992,2.5575103759765625
2,1657,759.4172973632812,6837.6142578125,2.5218634605407715,8.302879333496094,2.8884496688842773
2,1658,689.5462036132812,6153.4072265625,2.4735140800476074,8.510902404785156,3.1997108459472656
2,1659,796.1236572265625,7081.392578125,2.9328126907348633,8.37929916381836,3.6311206817626953
2,1660,800.0003051757812,7198.81103515625,2.6706395149230957,9.69162368774414,2.3269386291503906
2,1661,1252.4552001953125,11682.8544921875,2.8056557178497314,12.385845184326172,2.356626510620117
2,1662,939.9644775390625,8551.36328125,2.827604055404663,9.334819793701172,3.5727434158325195
2,1663,554.6314086914062,4797.61181640625,2.495673656463623,6.3897600173950195,3.28847599029541
2,1664,990.9853515625,9077.044921875,2.7760276794433594,10.34549617767334,3.118915557861328
2,1665,1163.0029296875,10710.529296875,3.064999580383301,10.193916320800781,3.9778146743774414
2,1666,1090.43701171875,10183.724609375,2.4021501541137695,10.067662239074707,4.176877021789551
2,1667,900.9586181640625,8246.2783203125,2.5443572998046875,9.12100601196289,3.689547538757324
2,1668,622.0768432617188,5426.05078125,2.6490578651428223,8.173038482666016,2.299126625061035
2,1669,1150.9154052734375,10599.2880859375,3.032886505126953,10.051026344299316,3.289529800415039
2,1670,695.0015869140625,6210.962890625,2.4635086059570312,7.957474231719971,2.7760486602783203
2,1671,609.3684692382812,5378.74462890625,2.383133888244629,6.2402663230896,4.028368949890137
2,1672,824.7079467773438,7504.8828125,2.4739890098571777,9.30624771118164,2.9512834548950195
2,1673,1101.0369873046875,10299.0849609375,2.37094783782959,9.185397148132324,5.032648086547852
2,1674,544.8577880859375,4761.0498046875,2.2917611598968506,5.489455223083496,4.322723388671875
2,1675,481.7105407714844,4074.031982421875,2.4769115447998047,6.462855815887451,2.399327278137207
2,1676,1070.2645263671875,9853.2080078125,2.83145809173584,9.990159034729004,3.690235137939453
2,1677,893.1914672851562,8186.546875,2.48455810546875,7.211737155914307,5.30068302154541
2,1678,722.19677734375,6377.42919921875,2.815129280090332,7.272809982299805,3.623171806335449
2,1679,824.7654418945312,7502.88818359375,2.4825546741485596,9.365198135375977,3.0103588104248047
2,1680,897.866455078125,8194.7109375,2.613177537918091,8.055976867675781,4.276854515075684
2,1681,616.8956298828125,5383.4609375,2.618317127227783,6.616436004638672,3.203152656555176
2,1682,926.4882202148438,8507.869140625,2.523375988006592,8.909753799438477,3.1242828369140625
2,1683,745.515869140625,6670.1015625,2.616856575012207,8.822998046875,2.244274139404297
2,1684,825.5344848632812,7457.79833984375,2.6584887504577637,7.138357162475586,3.6185359954833984
2,1685,944.8453369140625,8677.255859375,2.57065749168396,10.30207347869873,2.685640335083008
2,1686,1039.5421142578125,9660.560546875,2.4495348930358887,10.429191589355469,2.3654069900512695
2,1687,1183.935791015625,10948.2177734375,2.9704651832580566,10.984253883361816,4.1145524978637695
2,1688,561.6929321289062,4920.1484375,2.322601795196533,5.310415744781494,3.7326011657714844
2,1689,851.2396240234375,7746.61181640625,2.5526139736175537,8.48726749420166,4.635599136352539
2,1690,890.9454956054688,8099.17822265625,2.7009215354919434,9.506402969360352,2.5423145294189453
2,1691,668.9580078125,5927.21240234375,2.541224241256714,8.086071014404297,2.6689329147338867
2,1692,1074.7943115234375,9895.001953125,2.8431358337402344,10.033644676208496,2.950437545776367
2,1693,1360.153564453125,12748.2470703125,2.844295024871826,11.84022331237793,3.300532341003418
2,1694,1020.7437744140625,9355.26953125,2.8405590057373047,10.764944076538086,2.82513427734375
2,1695,801.75244140625,7201.58984375,2.7197823524475098,8.593219757080078,3.0633840560913086
2,1696,506.4436340332031,4316.55908203125,2.492924213409424,5.147722244262695,2.816370964050293
2,1697,841.2998657226562,7587.5478515625,2.751502275466919,9.263187408447266,3.5270729064941406
2,1698,839.525634765625,7564.99853515625,2.7675256729125977,6.716325283050537,5.466187477111816
2,1699,764.8673095703125,6905.53466796875,2.4771275520324707,8.37923812866211,2.513155937194824
2,1700,821.666015625,7515.07373046875,2.338620185852051,8.087934494018555,4.115109443664551
2,1701,801.1248168945312,7220.36083984375,2.63629150390625,9.091236114501953,2.2733583450317383
2,1702,845.92138671875,7725.8388671875,2.4445815086364746,8.069549560546875,3.7363882064819336
2,1703,814.812255859375,7413.4287109375,2.4489779472351074,9.344453811645508,2.302335739135742
2,1704,817.7902221679688,7181.87109375,3.3201022148132324,9.005529403686523,3.0082950592041016
2,1705,841.6433715820312,7531.49853515625,2.949784278869629,8.554755210876465,2.3451852798461914
2,1706,797.3629760742188,7083.2333984375,2.967986822128296,6.438268184661865,4.693137168884277
2,1707,997.0689697265625,9205.69921875,2.549966335296631,9.822927474975586,2.6370372772216797
2,1708,724.6055297851562,6451.0185546875,2.65012264251709,8.631474494934082,1.579453468322754
2,1709,746.8037109375,6622.08447265625,2.819843292236328,7.130953311920166,3.4925928115844727
2,1710,919.0862426757812,8390.896484375,2.666553497314453,9.903103828430176,2.0631446838378906
2,1711,804.1536254882812,7153.18212890625,2.96117901802063,6.840479373931885,3.3886795043945312
2,1712,899.73681640625,8197.419921875,2.6664934158325195,9.259235382080078,2.426349639892578
2,1713,1010.6468505859375,9246.00390625,2.8682146072387695,9.600532531738281,3.7302322387695312
2,1714,626.4144897460938,5534.1884765625,2.4331867694854736,6.4514241218566895,4.702070236206055
2,1715,946.5543823242188,8638.767578125,2.75592041015625,9.462757110595703,3.1608734130859375
2,1716,1120.3660888671875,10406.2958984375,2.657883405685425,11.766240119934082,3.0433568954467773
2,1717,654.25537109375,5724.8408203125,2.725710868835449,8.232002258300781,2.502577781677246
2,1718,905.9212646484375,8229.8984375,2.7643795013427734,8.293304443359375,3.2781991958618164
2,1719,624.710693359375,5424.548828125,2.7418594360351562,6.880354881286621,1.9802274703979492
2,1720,1000.67626953125,9197.828125,2.6964468955993652,8.929967880249023,3.8679933547973633
2,1721,602.3121948242188,5226.71875,2.654677629470825,6.730172157287598,2.850687026977539
2,1722,734.682861328125,6634.9462890625,2.3729400634765625,8.473197937011719,2.810262680053711
2,1723,1071.98291015625,9892.787109375,2.7568044662475586,10.594522476196289,3.1561737060546875
2,1724,694.9898681640625,6175.1591796875,2.5824646949768066,7.136281967163086,3.2478580474853516
2,1725,729.8070678710938,6535.72998046875,2.5411365032196045,7.7862868309021,3.5215654373168945
2,1726,720.5179443359375,6344.25830078125,2.869736909866333,8.408628463745117,2.9199533462524414
2,1727,760.2006225585938,6747.376953125,2.8487634658813477,8.850103378295898,2.362865447998047
2,1728,1243.351318359375,11663.525390625,2.566624164581299,8.742561340332031,4.13380241394043
2,1729,880.0983276367188,8040.7744140625,2.534029006958008,6.494984149932861,4.796429634094238
2,1730,1002.8270263671875,9231.8671875,2.6546764373779297,10.680784225463867,3.4209413528442383
2,1731,586.182373046875,5056.474609375,2.6844966411590576,7.389725208282471,3.110107421875
2,1732,1262.28662109375,11667.095703125,3.185899496078491,11.373167037963867,2.7100276947021484
2,1733,938.6734619140625,8496.44921875,2.9676170349121094,8.259893417358398,3.876614570617676
2,1734,971.611572265625,8984.3583984375,2.43919038772583,7.679259300231934,4.367471694946289
2,1735,561.4361572265625,4840.45703125,2.5796823501586914,5.894255638122559,3.806467056274414
2,1736,794.7252807617188,7172.4921875,2.5825355052948,8.305123329162598,2.5468788146972656
2,1737,995.4544677734375,9171.7109375,2.6094470024108887,7.978496551513672,5.696722984313965
2,1738,1119.4091796875,10330.9765625,2.8770506381988525,10.000139236450195,4.0785675048828125
2,1739,489.77593994140625,4058.7744140625,2.7966160774230957,4.868664741516113,3.051654815673828
2,1740,566.2666015625,4883.17724609375,2.598297119140625,6.615316867828369,2.427239418029785
2,1741,1046.27099609375,9623.6328125,2.796924352645874,9.040857315063477,4.407098770141602
2,1742,802.3843994140625,7147.2578125,2.9219532012939453,8.878772735595703,3.0254039764404297
2,1743,838.0137329101562,7590.50048828125,2.63212251663208,8.479585647583008,2.7707901000976562
2,1744,586.06982421875,5231.044921875,2.0988452434539795,6.876837730407715,2.9022932052612305
2,1745,780.280517578125,6976.728515625,2.7535877227783203,6.923907279968262,5.109701156616211
2,1746,820.7508544921875,7188.84423828125,3.395545482635498,7.737605094909668,4.888032913208008
2,1747,908.3067016601562,8293.501953125,2.631882667541504,8.807246208190918,4.482758522033691
2,1748,815.0460205078125,7298.25439453125,2.840686321258545,8.270156860351562,3.278140068054199
2,1749,867.0809326171875,7706.68994140625,3.213731050491333,8.51558780670166,2.0325355529785156
2,1750,876.2957763671875,7867.57421875,2.9846105575561523,9.768217086791992,3.640591621398926
2,1751,620.6810302734375,5396.5908203125,2.7007298469543457,7.795032501220703,3.3039703369140625
2,1752,556.0879516601562,4716.48388671875,2.814650774002075,7.1094794273376465,2.5086183547973633
2,1753,919.781005859375,8422.515625,2.5843145847320557,9.608325958251953,3.056788444519043
2,1754,701.4566040039062,6238.22802734375,2.58779239654541,8.365438461303711,2.3675155639648438
2,1755,566.4169921875,4829.607421875,2.781874656677246,5.947832107543945,3.0939455032348633
2,1756,992.76220703125,9056.76953125,2.902841329574585,10.579021453857422,2.072725296020508
2,1757,922.044189453125,8431.3056640625,2.630455493927002,9.229671478271484,4.03765869140625
2,1758,627.3319091796875,5438.6513671875,2.782224178314209,7.192025184631348,2.366415023803711
2,1759,832.3795166015625,7406.298828125,3.0583200454711914,8.572917938232422,3.6037702560424805
2,1760,1140.6678466796875,10526.6572265625,2.933403491973877,10.54183578491211,2.4759750366210938
2,1761,761.6179809570312,6752.40087890625,2.8792619705200195,7.258397102355957,3.5005712509155273
2,1762,763.5859985351562,6852.27392578125,2.6119534969329834,8.44710636138916,3.123096466064453
2,1763,996.3236083984375,9039.3369140625,3.079662799835205,9.940502166748047,3.253024101257324
2,1764,695.9542236328125,6107.51220703125,2.8401002883911133,7.711696624755859,2.4671554565429688
2,1765,868.7633056640625,7494.92529296875,3.9756908416748047,8.831008911132812,3.499095916748047
2,1766,1627.0306396484375,14485.18359375,5.950408458709717,12.632357597351074,2.77077579498291
2,1767,545.2706909179688,4702.36572265625,2.5011367797851562,6.262925148010254,2.8744850158691406
2,1768,673.9513549804688,5963.6083984375,2.586351156234741,7.110840797424316,2.3078718185424805
2,1769,1136.8355712890625,10457.3828125,3.036576747894287,12.22414779663086,3.4789676666259766
2,1770,789.36083984375,7028.0107421875,2.8853251934051514,8.443656921386719,2.959568977355957
2,1771,755.82958984375,6850.12939453125,2.360555410385132,6.364967346191406,3.718364715576172
2,1772,1004.9276123046875,9183.146484375,2.887098789215088,10.2214937210083,2.8761167526245117
2,1773,582.3308715820312,5057.015625,2.554309606552124,6.986264228820801,2.3136777877807617
2,1774,406.155029296875,3395.17333984375,2.2212562561035156,5.39219856262207,1.927785873413086
2,1775,683.62255859375,6089.38720703125,2.4894611835479736,7.317956924438477,3.289979934692383
2,1776,692.0816040039062,6092.1201171875,2.7623181343078613,7.155884742736816,2.951043128967285
2,1777,746.0963134765625,6756.33935546875,2.3487443923950195,9.116416931152344,1.453913688659668
2,1778,675.9306030273438,5019.92626953125,5.7979326248168945,6.397944450378418,2.2821083068847656
2,1779,704.9464111328125,6095.73828125,3.179084539413452,7.065500259399414,3.5744190216064453
2,1780,1264.5318603515625,11725.0087890625,3.0676991939544678,10.444031715393066,3.5470943450927734
2,1781,906.372314453125,8233.7744140625,2.7664968967437744,10.41349983215332,2.2440481185913086
2,1782,1066.96044921875,9926.7197265625,2.4762797355651855,10.818761825561523,4.274352073669434
2,1783,626.4360961914062,5458.072265625,2.6876280307769775,8.150212287902832,2.92679500579834
2,1784,713.2869262695312,6384.9921875,2.492924690246582,7.480332851409912,2.7743825912475586
2,1785,582.3294677734375,5106.0712890625,2.3907432556152344,6.8821001052856445,2.860027313232422
2,1786,984.9562377929688,9055.4228515625,2.647132158279419,7.922363758087158,4.155233383178711
2,1787,881.42919921875,8018.03076171875,2.6542038917541504,9.583709716796875,2.939329147338867
2,1788,741.97314453125,6602.6083984375,2.723743200302124,7.638664722442627,2.8774309158325195
2,1789,714.733642578125,6374.67724609375,2.5755319595336914,8.602684020996094,1.8820228576660156
2,1790,630.509033203125,5559.8544921875,2.4841184616088867,8.483773231506348,2.573716163635254
2,1791,892.055908203125,8183.2333984375,2.4577512741088867,8.203672409057617,4.730489730834961
2,1792,697.838623046875,6145.3291015625,2.7768564224243164,7.617599964141846,3.0961666107177734
2,1793,945.0986938476562,8636.0859375,2.7163374423980713,9.033191680908203,3.826279640197754
2,1794,1474.349365234375,13837.05078125,3.0214757919311523,11.696756362915039,3.6470136642456055
2,1795,939.2600708007812,8625.025390625,2.5585827827453613,9.32930850982666,2.585132598876953
2,1796,1011.6021728515625,9312.0146484375,2.6800241470336914,10.695747375488281,2.50673770904541
2,1797,935.6343383789062,8553.474609375,2.67622971534729,8.342229843139648,3.4968671798706055
2,1798,944.9447631835938,8577.505859375,2.9064724445343018,10.205175399780273,1.8744535446166992
2,1799,958.8504638671875,8798.4873046875,2.633389949798584,9.369292259216309,4.859594345092773
2,1800,534.4562377929688,4486.01953125,2.861809253692627,5.73565673828125,3.6625165939331055
2,1801,821.9959716796875,7376.666015625,2.8109779357910156,9.430176734924316,2.2069272994995117
2,1802,976.4595947265625,8922.419921875,2.807253360748291,9.348943710327148,3.5971736907958984
2,1803,796.7415161132812,7172.1591796875,2.650853157043457,8.374568939208984,3.6742496490478516
2,1804,645.6385498046875,5692.48095703125,2.5463480949401855,6.670119285583496,4.3469743728637695
2,1805,782.8655395507812,6990.5791015625,2.7935876846313477,8.72392749786377,3.546645164489746
2,1806,810.3424072265625,7298.36083984375,2.6835427284240723,8.978199005126953,2.911187171936035
2,1807,967.342041015625,8832.06640625,2.8045127391815186,7.634598731994629,4.858853340148926
2,1808,853.597900390625,7823.9736328125,2.3733510971069336,8.274868965148926,2.8966150283813477
2,1809,794.3150634765625,7151.7783203125,2.637907028198242,8.095256805419922,2.926457405090332
2,1810,445.99273681640625,3714.556640625,2.484569787979126,5.8394317626953125,3.082876205444336
2,1811,898.8547973632812,8197.3525390625,2.6373164653778076,8.95305061340332,4.148774147033691
2,1812,691.6343994140625,6170.103515625,2.487466335296631,6.918054580688477,4.298591613769531
2,1813,1218.8870849609375,11336.01171875,2.8428640365600586,9.29775619506836,5.783276557922363
2,1814,840.9912109375,7600.40771484375,2.6983470916748047,9.22982406616211,2.4164552688598633
2,1815,773.9820556640625,6978.9853515625,2.5361156463623047,8.260430335998535,3.5371532440185547
2,1816,764.0195922851562,6816.201171875,2.7466490268707275,8.361165046691895,3.319540023803711
2,1817,998.2736206054688,9178.7724609375,2.6798791885375977,9.785795211791992,4.303079605102539
2,1818,899.840576171875,8248.1884765625,2.500725269317627,8.683259010314941,5.188570976257324
2,1819,896.8079223632812,8182.77587890625,2.617678165435791,9.900167465209961,3.323855400085449
2,1820,735.4627685546875,6462.61962890625,2.973360061645508,7.30544376373291,3.453489303588867
2,1821,958.4940795898438,8712.6982421875,2.907474994659424,8.516358375549316,4.020343780517578
2,1822,1011.6661376953125,9302.919921875,2.712472438812256,9.41942310333252,3.5012550354003906
2,1823,770.731201171875,6981.44921875,2.4195408821105957,8.603473663330078,2.267045021057129
2,1824,726.6694946289062,6512.03515625,2.515530586242676,8.507369995117188,3.6851415634155273
2,1825,940.9020385742188,8257.3642578125,3.838853597640991,7.705630779266357,3.732912063598633
2,1826,1088.3021240234375,10015.5419921875,2.8915958404541016,9.655537605285645,4.271714210510254
2,1827,770.5274047851562,6930.412109375,2.5828728675842285,7.058108806610107,3.580641746520996
2,1828,892.5737915039062,8160.68359375,2.550180435180664,7.550034999847412,3.9940919876098633
2,1829,715.603759765625,6416.57275390625,2.4648828506469727,7.329627990722656,3.3518218994140625
2,1830,929.4647827148438,8474.412109375,2.7341184616088867,8.453181266784668,3.501643180847168
2,1831,918.1198120117188,8310.2548828125,2.9031436443328857,8.067338943481445,3.1163578033447266
2,1832,762.1689453125,6902.521484375,2.3972270488739014,7.3991899490356445,4.229410171508789
2,1833,1021.7115478515625,9445.91015625,2.5706841945648193,8.680530548095703,4.14478874206543
2,1834,906.8873901367188,8165.23974609375,3.012113094329834,9.339090347290039,3.2737979888916016
2,1835,548.6950073242188,4737.99609375,2.4965124130249023,7.530174255371094,2.9204330444335938
2,1836,912.4091186523438,8308.0830078125,2.7200284004211426,9.089598655700684,2.5793209075927734
2,1837,824.4736328125,7322.71728515625,3.073397159576416,8.848149299621582,3.113980293273926
2,1838,687.3426513671875,6051.6845703125,2.7391393184661865,7.5489349365234375,2.5469303131103516
2,1839,678.8302001953125,6074.119140625,2.380608558654785,7.096715927124023,3.948488235473633
2,1840,908.3758544921875,8250.38671875,2.777904987335205,9.68471622467041,1.6786279678344727
2,1841,1016.2705078125,9311.9765625,2.835761308670044,10.351360321044922,3.1425466537475586
2,1842,967.3118896484375,8780.5927734375,2.9750871658325195,9.076224327087402,2.797840118408203
2,1843,802.6793823242188,7182.9033203125,2.8129677772521973,8.538867950439453,3.8610639572143555
2,1844,770.8711547851562,6989.92333984375,2.39595890045166,6.832777976989746,4.248409271240234
2,1845,879.8408203125,8020.72802734375,2.5922670364379883,9.312705993652344,3.2630786895751953
2,1846,624.0725708007812,5491.36083984375,2.497882604598999,6.323174476623535,3.583559036254883
2,1847,684.5196533203125,6001.10009765625,2.813654661178589,7.907841205596924,2.90677547454834
2,1848,885.3563232421875,8063.39990234375,2.6338770389556885,9.138578414916992,3.4090099334716797
2,1849,670.7359619140625,5973.4013671875,2.4465279579162598,6.717004776000977,4.290453910827637
2,1850,595.0497436523438,5214.0615234375,2.4547858238220215,6.569467067718506,2.9531431198120117
2,1851,1045.926513671875,9710.279296875,2.4966201782226562,9.691452026367188,2.7776355743408203
2,1852,906.96533203125,8242.5244140625,2.757096767425537,8.589824676513672,3.5396575927734375
2,1853,940.635009765625,8674.693359375,2.438854217529297,8.385709762573242,4.475240707397461
2,1854,983.755859375,9114.474609375,2.4102799892425537,7.498737335205078,5.11135196685791
2,1855,1161.97021484375,10731.9892578125,2.959040403366089,10.5421781539917,2.614889144897461
2,1856,1124.9151611328125,10449.3759765625,2.6659183502197266,10.530183792114258,2.3881912231445312
2,1857,782.7958374023438,7003.931640625,2.7467541694641113,8.404013633728027,2.7724380493164062
2,1858,902.22216796875,8155.34912109375,2.8895761966705322,10.25291919708252,2.4768199920654297
2,1859,953.92236328125,8408.2783203125,3.7698183059692383,8.756065368652344,3.2179555892944336
2,1860,569.231201171875,4988.29833984375,2.3467116355895996,6.243168354034424,2.3436622619628906
2,1861,852.3582763671875,7610.04296875,3.045130729675293,9.170467376708984,2.439676284790039
2,1862,791.0679931640625,7089.2001953125,2.7382657527923584,7.572637557983398,3.961986541748047
2,1863,1053.24755859375,9720.255859375,2.7073986530303955,10.259140014648438,2.9497175216674805
2,1864,869.3651733398438,7873.5361328125,2.7337183952331543,9.635322570800781,2.6759538650512695
2,1865,1304.056884765625,12167.125,2.9114794731140137,11.992385864257812,3.28286075592041
2,1866,835.139892578125,7587.3642578125,2.546781539916992,8.014403343200684,3.7629270553588867
2,1867,751.156494140625,6697.84765625,2.712390661239624,7.985563278198242,2.7641992568969727
2,1868,1072.650634765625,9930.015625,2.6549699306488037,10.040376663208008,3.2091827392578125
2,1869,753.7568359375,6726.3974609375,2.7039027214050293,8.733989715576172,3.046863555908203
2,1870,856.174560546875,7742.80615234375,2.7297964096069336,9.727791786193848,2.1816415786743164
2,1871,759.5975341796875,6760.302734375,2.7855758666992188,8.428306579589844,2.826162338256836
2,1872,1002.0844116210938,9127.7890625,2.976848840713501,9.82451057434082,3.6809511184692383
2,1873,606.0438232421875,5316.2451171875,2.4806432723999023,6.830484867095947,3.6532840728759766
2,1874,691.1802368164062,6132.1943359375,2.59869384765625,7.948430061340332,2.879147529602051
2,1875,1060.6707763671875,9732.2958984375,2.9147043228149414,10.550830841064453,3.489447593688965
2,1876,862.0765991210938,7765.587890625,2.8505947589874268,9.584970474243164,2.639620780944824
2,1877,827.6246948242188,7512.25537109375,2.5466392040252686,9.648874282836914,3.137998580932617
2,1878,1081.9632568359375,9974.1220703125,2.818366527557373,10.39659309387207,2.6577062606811523
2,1879,898.07568359375,8207.341796875,2.5780506134033203,10.390192031860352,2.4685211181640625
2,1880,820.9661254882812,7428.24658203125,2.604715585708618,9.165287017822266,3.619866371154785
2,1881,832.9862060546875,7508.06201171875,2.7393341064453125,8.109906196594238,2.4409008026123047
2,1882,984.84765625,9026.1015625,2.741250514984131,8.906232833862305,3.5611019134521484
2,1883,1165.337890625,10779.447265625,2.9131052494049072,10.639361381530762,3.4749040603637695
2,1884,894.91845703125,8131.2373046875,2.726491928100586,9.039594650268555,3.262608528137207
2,1885,884.9925537109375,7889.357421875,3.201895236968994,8.482269287109375,3.25638484954834
2,1886,663.8014526367188,5810.6796875,2.757781982421875,7.584160804748535,2.1184616088867188
2,1887,677.0057373046875,5875.2265625,2.98276948928833,7.073927879333496,1.8997735977172852
2,1888,832.2125244140625,7365.302734375,3.189408779144287,8.577875137329102,2.405244827270508
2,1889,986.9337158203125,8989.09375,2.9341444969177246,9.907271385192871,3.207712173461914
2,1890,842.0045776367188,7583.88916015625,2.787189483642578,10.318120002746582,3.788689613342285
2,1891,764.5708618164062,6741.83349609375,3.0129165649414062,8.672723770141602,2.6116466522216797
2,1892,864.72998046875,7780.8515625,2.8881616592407227,8.507794380187988,3.8618574142456055
2,1893,532.8361206054688,4440.4677734375,2.9596450328826904,5.93386697769165,3.234457015991211
2,1894,698.6931762695312,6290.93701171875,2.319983720779419,7.206411361694336,3.6072874069213867
2,1895,917.3089599609375,8312.58984375,2.868333339691162,8.75733757019043,3.3887577056884766
2,1896,798.0904541015625,7196.48876953125,2.6147189140319824,9.87923812866211,2.998929023742676
2,1897,757.4838256835938,6837.50146484375,2.457787275314331,8.833091735839844,3.134815216064453
2,1898,766.8815307617188,6830.89697265625,2.793059825897217,8.891535758972168,1.7545194625854492
2,1899,969.2061767578125,8941.3623046875,2.502331256866455,9.540513038635254,3.4114198684692383
2,1900,1047.7950439453125,9552.2939453125,3.0855188369750977,10.183487892150879,3.548358917236328
2,1901,728.4906616210938,6472.8759765625,2.7067689895629883,7.418084144592285,3.718216896057129
2,1902,1146.5587158203125,10612.4140625,2.8439085483551025,12.382827758789062,2.133894920349121
2,1903,521.5059814453125,4515.59375,2.331552267074585,5.192256927490234,3.192007064819336
2,1904,836.2681884765625,7570.2685546875,2.641378879547119,8.109840393066406,4.049798965454102
2,1905,480.8796691894531,4036.279296875,2.5750579833984375,5.752536773681641,2.974989891052246
2,1906,709.4219970703125,6258.6220703125,2.7853240966796875,7.60282039642334,2.6853761672973633
2,1907,710.9526977539062,6275.18359375,2.7811436653137207,7.505553722381592,3.2865371704101562
2,1908,490.5625,4156.001953125,2.498744249343872,5.384565830230713,2.0026731491088867
2,1909,467.7727966308594,3946.54541015625,2.437274932861328,5.928584098815918,2.9973058700561523
2,1910,460.5440673828125,3893.923095703125,2.371725082397461,4.960504055023193,2.107898712158203
2,1911,624.1466674804688,5446.70947265625,2.6491904258728027,6.982872009277344,2.2326717376708984
2,1912,601.6602783203125,5297.98779296875,2.395383596420288,6.7081098556518555,3.260004997253418
2,1913,419.56207275390625,3482.064453125,2.3785202503204346,4.778409481048584,3.4970293045043945
2,1914,1271.454833984375,11725.458984375,3.296966552734375,11.665878295898438,4.143792152404785
2,1915,661.1673583984375,5777.82275390625,2.779503345489502,6.891017913818359,2.458449363708496
2,1916,561.4430541992188,4775.40966796875,2.7967352867126465,5.892763614654541,2.542147636413574
2,1917,984.5009765625,7083.5908203125,9.204729080200195,7.708526134490967,2.8610734939575195
2,1918,555.937255859375,4872.25341796875,2.2903966903686523,5.513698577880859,3.44728946685791
2,1919,544.430419921875,4693.810546875,2.501645088195801,6.164945602416992,2.6491899490356445
2,1920,855.099853515625,7710.2412109375,2.802525043487549,9.183547019958496,3.115001678466797
2,1921,954.7407836914062,8622.595703125,3.0827064514160156,9.327791213989258,3.0540218353271484
2,1922,973.232666015625,8858.7890625,2.911792039871216,11.288984298706055,2.124203681945801
2,1923,625.427978515625,5469.43994140625,2.61613130569458,6.238256454467773,3.4477930068969727
2,1924,1130.7103271484375,10454.29296875,2.8427011966705322,8.4506196975708,4.131360054016113
2,1925,712.84619140625,6317.9765625,2.7016162872314453,7.174722671508789,2.6601009368896484
2,1926,601.9631958007812,5263.3447265625,2.520958185195923,6.837914943695068,2.4682464599609375
2,1927,764.1052856445312,6756.251953125,2.949336290359497,8.108631134033203,3.242391586303711
2,1928,560.4384155273438,4894.9931640625,2.3646368980407715,6.292787551879883,3.3917293548583984
2,1929,916.2760620117188,8294.2109375,2.8951668739318848,8.135663986206055,4.706676483154297
2,1930,1112.8720703125,10174.87890625,3.179473400115967,9.850467681884766,3.9633302688598633
2,1931,788.166015625,7094.302734375,2.624523401260376,8.745111465454102,3.0962133407592773
2,1932,766.0679931640625,6931.037109375,2.432143211364746,9.304712295532227,3.343451499938965
2,1933,896.6244506835938,8159.4658203125,2.6892621517181396,9.296548843383789,3.4504709243774414
2,1934,832.4661865234375,7526.7119140625,2.659832715988159,9.71787166595459,2.8582706451416016
2,1935,761.6309814453125,6819.50390625,2.6560206413269043,7.698822975158691,2.5830554962158203
2,1936,745.0491943359375,6686.001953125,2.5482993125915527,8.430843353271484,2.6738414764404297
2,1937,961.4176025390625,8787.4287109375,2.755824327468872,10.062111854553223,2.802922248840332
2,1938,612.9320068359375,5343.7353515625,2.618614673614502,7.379995346069336,2.317699432373047
2,1939,680.7854614257812,6035.62744140625,2.5740909576416016,6.48843240737915,2.9991531372070312
2,1940,681.5846557617188,5933.93212890625,2.9397130012512207,7.386192321777344,4.2400970458984375
2,1941,737.2686767578125,6582.78662109375,2.633000373840332,7.9870452880859375,3.198197364807129
2,1942,756.0997314453125,6722.50048828125,2.7949881553649902,7.261500358581543,2.92417049407959
2,1943,852.0263671875,7639.85791015625,2.9346861839294434,8.138209342956543,3.0434675216674805
2,1944,820.3135986328125,7389.77685546875,2.7111949920654297,8.23833179473877,2.98384952545166
2,1945,771.8756103515625,6845.783203125,2.9099106788635254,9.024275779724121,4.147994041442871
2,1946,701.2528076171875,6154.275390625,2.860842704772949,6.811142921447754,4.7984771728515625
2,1947,766.976318359375,6909.62890625,2.533780336380005,7.277976989746094,4.475597381591797
2,1948,868.89208984375,7867.0478515625,2.739576816558838,8.753068923950195,4.8594770431518555
2,1949,477.45587158203125,4084.03857421875,2.30173397064209,5.012507915496826,4.267176628112793
2,1950,622.3397827148438,5488.92041015625,2.448258876800537,6.786854267120361,2.809908866882324
2,1951,1437.41064453125,13501.349609375,2.9091877937316895,13.167675971984863,2.830967903137207
2,1952,617.5396118164062,5316.728515625,2.8622260093688965,7.46618127822876,2.6847000122070312
2,1953,799.8917846679688,7253.0888671875,2.486095428466797,5.601092338562012,5.943399429321289
2,1954,642.8563232421875,5639.51171875,2.6301724910736084,5.822950839996338,4.2342071533203125
2,1955,973.0150146484375,8778.8564453125,3.17097806930542,8.212729454040527,3.6154117584228516
2,1956,854.7327270507812,7717.6513671875,2.7655863761901855,8.691659927368164,2.4943389892578125
2,1957,501.2698669433594,4199.38671875,2.7110390663146973,5.494306564331055,2.3982648849487305
2,1958,893.924072265625,8151.8056640625,2.624781608581543,8.878520965576172,2.7829513549804688
2,1959,373.8445129394531,2955.60595703125,2.609463691711426,4.447841644287109,2.5223474502563477
2,1960,605.0621337890625,5297.7080078125,2.5097107887268066,7.279104232788086,3.8125038146972656
2,1961,794.4427490234375,7096.1748046875,2.8275089263916016,7.800388813018799,4.518136024475098
2,1962,859.662841796875,7842.9296875,2.5123283863067627,8.591973304748535,3.8991918563842773
2,1963,866.4554443359375,7868.69189453125,2.65287446975708,8.980257034301758,3.901047706604004
2,1964,520.4081420898438,4430.43359375,2.578826427459717,6.511199951171875,2.3241710662841797
2,1965,917.0006713867188,8311.7333984375,2.8609108924865723,8.119153022766113,3.668537139892578
2,1966,873.0481567382812,7939.17626953125,2.6376824378967285,9.744844436645508,2.501866340637207
2,1967,863.7748413085938,7848.94580078125,2.6293420791625977,7.300108909606934,4.199008941650391
2,1968,1209.0670166015625,11285.583984375,2.683617115020752,8.090883255004883,4.797482490539551
2,1969,730.3402099609375,6447.810546875,2.8519725799560547,8.236572265625,3.598574638366699
2,1970,632.0077514648438,5519.3388671875,2.669127941131592,6.5673112869262695,3.8106508255004883
2,1971,728.0331420898438,6535.3203125,2.483370304107666,8.279701232910156,2.732264518737793
2,1972,1014.7763671875,9296.904296875,2.836198329925537,9.382328033447266,3.4663467407226562
2,1973,564.7194213867188,4843.0576171875,2.6804561614990234,6.052709579467773,2.986471176147461
2,1974,1184.3858642578125,11025.453125,2.728018045425415,7.194377899169922,5.717015266418457
2,1975,767.6863403320312,6941.18359375,2.4522664546966553,8.751279830932617,2.280885696411133
2,1976,1012.9143676757812,9326.5029296875,2.6754674911499023,10.777091979980469,3.089162826538086
2,1977,589.989501953125,5070.22314453125,2.765573024749756,6.34174919128418,3.4317760467529297
2,1978,731.05419921875,6545.5263671875,2.550050735473633,7.916731357574463,3.5615386962890625
2,1979,1041.136962890625,9632.908203125,2.5948705673217773,9.521984100341797,3.8762598037719727
2,1980,670.7445068359375,5914.25439453125,2.6439685821533203,6.8431549072265625,2.8092756271362305
2,1981,834.6279296875,7540.31787109375,2.6865367889404297,8.947325706481934,3.0592451095581055
2,1982,631.9805297851562,5498.22509765625,2.738600730895996,8.68447494506836,2.1227035522460938
2,1983,1392.61767578125,13202.294921875,2.4129409790039062,11.752595901489258,5.005776405334473
2,1984,869.4153442382812,8012.576171875,2.271923303604126,8.67385482788086,3.600889205932617
2,1985,861.791259765625,7827.4169921875,2.6349844932556152,9.45623779296875,1.8132362365722656
2,1986,703.6287231445312,6215.556640625,2.7357680797576904,7.980428695678711,2.6884145736694336
2,1987,1443.9127197265625,13570.0107421875,2.8970534801483154,12.053794860839844,3.4208879470825195
2,1988,475.4261779785156,3999.3916015625,2.516232967376709,5.796206474304199,2.906475067138672
2,1989,963.1539916992188,8873.453125,2.5269546508789062,9.237597465515137,2.7788238525390625
2,1990,604.5449829101562,5299.83642578125,2.485377311706543,6.93642520904541,2.37451171875
2,1991,1089.5010986328125,10037.33203125,2.8589301109313965,9.862504959106445,4.047306060791016
2,1992,1254.3623046875,11706.8017578125,2.789402484893799,10.927552223205566,4.517043113708496
2,1993,790.8576049804688,7099.04248046875,2.6984453201293945,8.868911743164062,3.037896156311035
2,1994,948.263916015625,8664.791015625,2.7261593341827393,9.784051895141602,3.4300193786621094
2,1995,924.6317749023438,8497.5546875,2.495875835418701,10.495107650756836,2.3196983337402344
2,1996,861.31494140625,7782.86328125,2.767620801925659,8.964359283447266,2.8642759323120117
2,1997,1169.205810546875,10980.1103515625,2.3731584548950195,10.10396957397461,4.294586181640625
2,1998,718.938232421875,6417.29638671875,2.573618173599243,7.686485290527344,4.087817192077637
2,1999,537.2396850585938,4516.203125,2.8539786338806152,5.608757972717285,3.0039987564086914
2,2000,898.0108032226562,8124.25830078125,2.8528313636779785,9.2302827835083,4.6412200927734375
2,2001,1078.1785888671875,9993.349609375,2.628122091293335,9.828203201293945,3.9838714599609375
2,2002,784.55859375,7109.10693359375,2.454929828643799,9.073456764221191,2.655282974243164
2,2003,648.9493408203125,5692.0673828125,2.6580865383148193,6.707161903381348,3.132540702819824
2,2004,829.1978759765625,7399.5625,2.974722385406494,8.388225555419922,4.602358818054199
2,2005,755.4127197265625,6804.98974609375,2.497126340866089,7.271961212158203,4.059186935424805
2,2006,595.2777709960938,5194.6455078125,2.5271081924438477,7.2732086181640625,1.8125724792480469
2,2007,590.645751953125,5191.2880859375,2.3838963508605957,6.619900703430176,2.8508691787719727
2,2008,1074.2010498046875,9926.8857421875,2.71708345413208,9.77618408203125,3.567234992980957
2,2009,555.3504638671875,4723.2548828125,2.76749849319458,6.166938781738281,3.024150848388672
2,2010,1005.7183837890625,9222.62890625,2.781851291656494,10.55423355102539,2.8757572174072266
2,2011,997.3063354492188,9212.7685546875,2.534316062927246,9.72490406036377,4.397645950317383
2,2012,435.17877197265625,3577.646484375,2.5804710388183594,5.476247310638428,3.8343725204467773
2,2013,678.6853637695312,5883.0244140625,3.0127639770507812,7.331607818603516,2.8895883560180664
2,2014,909.294677734375,8227.6396484375,2.884357452392578,8.830652236938477,2.522252082824707
2,2015,687.201171875,6041.919921875,2.766972541809082,7.096121311187744,3.1792049407958984
2,2016,602.0745239257812,5282.3857421875,2.461197853088379,7.1187849044799805,2.572993278503418
2,2017,779.6072998046875,7007.017578125,2.630183219909668,7.567823886871338,4.8903350830078125
2,2018,929.7110595703125,8486.5263671875,2.7019481658935547,9.76952075958252,3.021677017211914
2,2019,867.0824584960938,7901.228515625,2.565319538116455,9.02152156829834,3.749323844909668
2,2020,664.5059204101562,5870.427734375,2.5821049213409424,6.5903096199035645,3.196901321411133
2,2021,1115.9666748046875,10364.3818359375,2.6509480476379395,9.229047775268555,4.329493522644043
2,2022,738.5884399414062,6589.91259765625,2.65323805809021,7.114282608032227,3.226348876953125
2,2023,760.9326782226562,6775.8115234375,2.778384208679199,7.825694561004639,4.498122215270996
2,2024,1046.44775390625,9603.7412109375,2.8691208362579346,9.894063949584961,3.757434844970703
2,2025,796.039306640625,7157.978515625,2.6747140884399414,7.254728317260742,3.100844383239746
2,2026,1135.4053955078125,10606.6513671875,2.4913411140441895,8.861099243164062,5.426135063171387
2,2027,702.1304931640625,6227.7490234375,2.6451852321624756,7.738412380218506,4.542234420776367
2,2028,587.572021484375,5130.68359375,2.483454704284668,6.700389862060547,3.074216842651367
2,2029,752.8292846679688,6698.06640625,2.7674219608306885,8.69828987121582,2.8751907348632812
2,2030,719.1651000976562,6421.00537109375,2.568819999694824,8.095071792602539,2.7546815872192383
2,2031,926.2241821289062,8461.552734375,2.6689631938934326,9.591789245605469,3.847630500793457
2,2032,822.3968505859375,7407.78515625,2.7206108570098877,9.724529266357422,3.202760696411133
2,2033,637.12890625,5601.9111328125,2.56459379196167,7.9224700927734375,2.80255126953125
2,2034,531.9220581054688,4618.28125,2.3364639282226562,6.662219047546387,2.3247804641723633
2,2035,962.80322265625,8810.353515625,2.7255969047546387,7.4384260177612305,3.954814910888672
2,2036,952.434326171875,8480.3740234375,3.479896068572998,7.101104736328125,5.80735969543457
2,2037,796.4406127929688,7145.7080078125,2.728994607925415,8.746097564697266,2.1824045181274414
2,2038,868.642822265625,7804.5234375,2.9396841526031494,9.3297119140625,2.762928009033203
2,2039,1042.206787109375,9588.5615234375,2.778352737426758,9.202827453613281,5.60772705078125
2,2040,503.885498046875,4241.29541015625,2.658531665802002,5.540444374084473,2.840165138244629
2,2041,857.303466796875,7803.1357421875,2.5663278102874756,9.242854118347168,2.653500556945801
2,2042,942.4887084960938,8530.974609375,2.979708194732666,9.221731185913086,3.5418081283569336
2,2043,918.1044311523438,8317.5615234375,2.8782753944396973,9.324191093444824,3.069697380065918
2,2044,1175.8131103515625,10938.125,2.733351945877075,11.47970199584961,2.8936405181884766
2,2045,680.9150390625,6066.109375,2.4768033027648926,7.3525896072387695,3.3807811737060547
2,2046,1128.441650390625,10492.4208984375,2.6399879455566406,10.92017650604248,2.7359447479248047
2,2047,946.3345336914062,8690.75,2.5753166675567627,8.42311954498291,2.9873085021972656
2,2048,519.2703247070312,4533.31640625,2.197955846786499,5.909069538116455,2.661039352416992
2,2049,1744.474609375,16457.57421875,3.2905702590942383,14.215810775756836,4.680405616760254
2,2050,834.4887084960938,7480.6435546875,2.8808112144470215,8.974827766418457,2.1587581634521484
2,2051,620.2175903320312,5414.88720703125,2.624295711517334,7.441047668457031,2.2918272018432617
2,2052,604.0689697265625,5181.541015625,2.863828659057617,6.832996368408203,3.5133371353149414
2,2053,580.4067993164062,5122.63671875,2.271436929702759,6.206693172454834,3.419525146484375
2,2054,634.2601928710938,5562.40234375,2.6006648540496826,6.916954517364502,2.2358455657958984
2,2055,522.600830078125,4417.91064453125,2.6936581134796143,6.7320075035095215,2.68436336517334
2,2056,729.544921875,6567.4521484375,2.4266557693481445,7.25573205947876,2.911190986633301
2,2057,874.2041625976562,7895.693359375,2.8211617469787598,9.248437881469727,2.562347412109375
2,2058,909.9072875976562,8206.923828125,2.9738309383392334,10.014751434326172,2.623563766479492
2,2059,659.76123046875,5834.3466796875,2.544217586517334,6.504623889923096,3.4530858993530273
2,2060,521.1411743164062,4443.037109375,2.561249256134033,6.4065141677856445,2.917879104614258
2,2061,884.4124755859375,8065.2333984375,2.5963025093078613,9.5931396484375,2.273029327392578
2,2062,593.0460205078125,5133.53857421875,2.656404495239258,7.112051010131836,2.038191795349121
2,2063,613.0478515625,5327.1279296875,2.6778335571289062,6.8162736892700195,2.8150949478149414
2,2064,806.076416015625,7306.05712890625,2.5156900882720947,9.04384994506836,2.8413753509521484
2,2065,1313.28076171875,12173.8134765625,3.196645498275757,12.236445426940918,2.4312362670898438
2,2066,904.2551879882812,8295.818359375,2.4891104698181152,8.12441349029541,5.318210601806641
2,2067,1436.318603515625,13447.2265625,3.0531973838806152,11.635839462280273,4.092375755310059
2,2068,979.7298583984375,9023.755859375,2.5784740447998047,10.546531677246094,2.538762092590332
2,2069,728.1524658203125,6431.8359375,2.8322949409484863,6.9333319664001465,3.5292062759399414
2,2070,701.7190551757812,6192.03564453125,2.750516891479492,7.139103889465332,3.4912595748901367
2,2071,878.718994140625,7979.69580078125,2.6916463375091553,9.525117874145508,3.116230010986328
2,2072,785.9151611328125,6996.294921875,2.876188278198242,8.863503456115723,2.7261171340942383
2,2073,960.525146484375,8847.5576171875,2.5256450176239014,9.473267555236816,3.1662216186523438
2,2074,1254.516845703125,11664.4638671875,2.9356822967529297,12.411004066467285,3.3857898712158203
2,2075,730.5089111328125,6533.42724609375,2.572207450866699,7.0047478675842285,4.052438735961914
2,2076,716.78515625,6265.64306640625,3.00736141204834,8.83711051940918,2.7284412384033203
2,2077,804.750244140625,7215.8427734375,2.772197723388672,8.156253814697266,3.284770965576172
2,2078,974.7597045898438,8883.1669921875,2.8814332485198975,10.09735107421875,3.0830078125
2,2079,851.8452758789062,7788.15771484375,2.434316635131836,8.532557487487793,3.1103649139404297
2,2080,1544.0938720703125,14566.009765625,2.916429281234741,13.915109634399414,3.8355493545532227
2,2081,1008.6558227539062,9122.873046875,3.2122836112976074,9.691163063049316,3.6100244522094727
2,2082,903.336669921875,8149.384765625,2.9466068744659424,7.957890510559082,3.782285690307617
2,2083,691.727783203125,6105.4140625,2.706211566925049,7.714498043060303,2.77449893951416
2,2084,788.2324829101562,7081.56884765625,2.6691861152648926,7.889186859130859,2.7703981399536133
2,2085,969.6956176757812,8829.1982421875,2.8925256729125977,9.536296844482422,2.7457752227783203
2,2086,835.7404174804688,7669.2734375,2.2937679290771484,6.846382141113281,5.050457954406738
2,2087,691.443603515625,5940.71630859375,3.245732069015503,7.517084121704102,2.7855939865112305
2,2088,633.9799194335938,5535.55859375,2.680802345275879,7.611063480377197,2.0718727111816406
2,2089,586.4087524414062,5047.365234375,2.7224066257476807,6.842577934265137,3.272549629211426
2,2090,897.3466186523438,8216.3369140625,2.523763656616211,9.423145294189453,3.723573684692383
2,2091,938.2390747070312,8541.759765625,2.802103042602539,9.646135330200195,4.308075904846191
2,2092,1154.4254150390625,10688.3486328125,2.8530173301696777,9.805906295776367,4.094983100891113
2,2093,621.1627807617188,5423.15673828125,2.628237247467041,7.413968086242676,2.8063478469848633
2,2094,852.1400146484375,7705.46484375,2.7197837829589844,10.008932113647461,3.2079334259033203
2,2095,929.9893798828125,8355.865234375,3.1467621326446533,8.279935836791992,3.602492332458496
2,2096,657.20361328125,5810.9521484375,2.536947727203369,6.91021728515625,2.6576690673828125
2,2097,669.4662475585938,5887.1220703125,2.691800832748413,7.552206993103027,2.9740028381347656
2,2098,690.1351928710938,5718.853515625,3.9416604042053223,6.568635940551758,2.1075429916381836
2,2099,638.77099609375,5631.3759765625,2.5211119651794434,7.607623100280762,3.1605186462402344
2,2100,964.097900390625,8869.6943359375,2.5709500312805176,8.063161849975586,4.937562942504883
2,2101,628.6223754882812,5520.69287109375,2.551769495010376,8.111079216003418,3.034717559814453
2,2102,830.9892578125,7513.24365234375,2.6554946899414062,8.444132804870605,2.2761192321777344
2,2103,773.8621826171875,7036.83642578125,2.3392837047576904,7.694268703460693,2.5653162002563477
2,2104,962.2094116210938,8764.92578125,2.8572263717651367,8.745904922485352,3.639863967895508
2,2105,755.0408325195312,6744.55810546875,2.686166524887085,8.28834342956543,2.4695396423339844
2,2106,629.9006958007812,5528.28515625,2.5690715312957764,7.046634197235107,2.649627685546875
2,2107,776.03662109375,6890.01025390625,2.9011855125427246,7.911594867706299,2.6345701217651367
2,2108,561.8515625,4894.4443359375,2.4135706424713135,6.301968097686768,3.615403175354004
2,2109,844.944580078125,7744.64208984375,2.349344491958618,7.67331600189209,3.650003433227539
2,2110,530.168212890625,4462.95166015625,2.7957677841186523,5.4319047927856445,2.9698314666748047
2,2111,519.1573486328125,4475.0791015625,2.3883137702941895,6.640044212341309,2.411097526550293
2,2112,959.2178344726562,8738.548828125,2.8454298973083496,9.477251052856445,2.7262182235717773
2,2113,723.2957763671875,6422.32861328125,2.702096462249756,9.122723579406738,2.6096763610839844
2,2114,701.2139282226562,6296.6572265625,2.3849403858184814,7.457083702087402,4.145068168640137
2,2115,645.0245971679688,5679.7001953125,2.568485975265503,6.840188980102539,2.713674545288086
2,2116,735.7498168945312,6563.9052734375,2.645308494567871,8.815905570983887,2.27054500579834
2,2117,745.649658203125,6743.71435546875,2.3759405612945557,8.24040412902832,3.1758909225463867
2,2118,672.8021240234375,5979.06982421875,2.496504306793213,5.857257843017578,3.823284149169922
2,2119,579.4647216796875,5040.97119140625,2.512251853942871,7.093584060668945,2.973987579345703
2,2120,976.4984741210938,8931.0869140625,2.7796595096588135,9.540529251098633,2.660470962524414
2,2121,1048.2242431640625,9564.7890625,3.058176279067993,10.552722930908203,4.016862869262695
2,2122,1209.517578125,11239.1904296875,2.853282928466797,11.46682357788086,2.356609344482422
2,2123,804.19091796875,7229.26171875,2.7088241577148438,8.407886505126953,3.682342529296875
2,2124,826.0975341796875,7451.7548828125,2.6974024772644043,8.668517112731934,2.6800527572631836
2,2125,1108.166748046875,10313.12109375,2.561821460723877,10.663261413574219,2.8981733322143555
2,2126,653.0810546875,5715.548828125,2.7175402641296387,8.076510429382324,3.303567886352539
2,2127,871.1950073242188,7947.0,2.549832820892334,9.802501678466797,3.236649513244629
2,2128,1192.4453125,11041.4482421875,2.9433460235595703,12.058553695678711,2.076824188232422
2,2129,808.0441284179688,7269.36572265625,2.703584671020508,8.714417457580566,3.0437002182006836
2,2130,645.44970703125,5636.560546875,2.7264552116394043,7.342679977416992,2.9169702529907227
2,2131,714.8536376953125,6413.392578125,2.4504778385162354,7.884341239929199,3.874423027038574
2,2132,1083.731201171875,9994.0771484375,2.8107833862304688,9.9782075881958,2.538379669189453
2,2133,972.5000610351562,8774.2333984375,3.1692233085632324,9.33758544921875,3.0403966903686523
2,2134,680.03564453125,5832.43017578125,3.2264199256896973,7.717302322387695,2.6340599060058594
2,2135,949.5574951171875,8578.087890625,3.058291435241699,8.56265926361084,4.106490135192871
2,2136,1049.015380859375,9638.8203125,2.8377773761749268,10.374095916748047,2.6609649658203125
2,2137,806.135986328125,7201.369140625,2.86663556098938,8.615777969360352,3.025692939758301
2,2138,1407.3494873046875,13173.51171875,2.999941349029541,11.505186080932617,4.152382850646973
2,2139,681.6611938476562,6077.23583984375,2.464587926864624,7.075503349304199,3.7397212982177734
2,2140,856.3822631835938,7740.1083984375,2.7457125186920166,8.07872200012207,4.181967735290527
2,2141,980.8443603515625,8968.3056640625,2.8004603385925293,8.70811653137207,4.511989593505859
2,2142,880.3882446289062,7961.49072265625,2.8079705238342285,8.68775749206543,3.575429916381836
2,2143,929.8124389648438,7773.40234375,5.082406044006348,7.802973747253418,5.119054794311523
2,2144,997.0055541992188,9273.22265625,2.3227758407592773,8.803720474243164,4.708415985107422
2,2145,573.5133666992188,4972.83251953125,2.5410027503967285,5.987275123596191,2.7740001678466797
2,2146,820.29638671875,7411.76123046875,2.637341260910034,7.375012397766113,4.9305419921875
2,2147,1174.5087890625,10899.0322265625,2.820185661315918,9.556066513061523,4.511066436767578
2,2148,920.2808227539062,8334.177734375,2.8954343795776367,9.157939910888672,2.91976261138916
2,2149,472.32647705078125,3954.0166015625,2.5641605854034424,5.3381805419921875,4.642862319946289
2,2150,579.8595581054688,5074.287109375,2.4143624305725098,5.756801128387451,4.450566291809082
2,2151,422.18463134765625,3531.6005859375,2.300818920135498,4.748254776000977,3.063568115234375
2,2152,700.9234619140625,6203.453125,2.685936689376831,8.141712188720703,2.040581703186035
2,2153,1076.094482421875,9818.408203125,3.141789197921753,9.090328216552734,3.173809051513672
2,2154,376.0497741699219,3037.757080078125,2.409134864807129,3.763458013534546,3.7578868865966797
2,2155,1069.044921875,9911.04296875,2.598020076751709,11.106718063354492,2.814228057861328
2,2156,936.1825561523438,8517.193359375,2.8154397010803223,7.862588882446289,5.233490943908691
2,2157,555.68603515625,4799.927734375,2.5231099128723145,6.342801094055176,4.007081031799316
2,2158,695.8885498046875,6206.82958984375,2.5068511962890625,8.096349716186523,2.2310266494750977
2,2159,501.6302185058594,4310.0947265625,2.3540239334106445,5.48702335357666,3.014209747314453
2,2160,579.92431640625,5099.3935546875,2.3328309059143066,6.979192733764648,2.428030014038086
2,2161,399.59478759765625,3247.759033203125,2.4939627647399902,4.591235637664795,2.474574089050293
2,2162,1058.1373291015625,9749.1396484375,2.7741124629974365,8.871359825134277,5.181255340576172
2,2163,536.200439453125,4601.17626953125,2.536092758178711,7.523957252502441,2.1747846603393555
2,2164,749.3189086914062,6627.732421875,2.884855270385742,8.814294815063477,2.1352901458740234
2,2165,553.5390014648438,4747.42578125,2.6265475749969482,7.272220611572266,2.441753387451172
2,2166,802.9494018554688,7279.1708984375,2.501075506210327,9.233226776123047,2.0135011672973633
2,2167,417.73541259765625,3441.3798828125,2.453246593475342,4.983238220214844,3.0934581756591797
2,2168,739.74755859375,6663.94580078125,2.4450979232788086,7.465817451477051,4.170931816101074
2,2169,1009.3895263671875,9232.544921875,2.8711676597595215,9.834291458129883,3.3523693084716797
2,2170,661.2858276367188,5854.671875,2.527287483215332,6.5824480056762695,3.615537643432617
2,2171,699.525634765625,6260.9833984375,2.4475769996643066,7.473402500152588,3.401003837585449
2,2172,815.0668334960938,7379.7607421875,2.5696911811828613,7.296627521514893,2.137157440185547
2,2173,906.2994384765625,8243.3447265625,2.732165813446045,8.928604125976562,4.025494575500488
2,2174,996.784912109375,9095.8486328125,2.9066667556762695,8.653618812561035,2.9316225051879883
2,2175,902.5857543945312,8172.3515625,2.8450188636779785,7.0302510261535645,4.486152648925781
2,2176,1131.9852294921875,10483.7158203125,2.7871227264404297,11.581787109375,2.473477363586426
2,2177,993.5499267578125,9028.6689453125,3.0227677822113037,10.323593139648438,2.658329963684082
2,2178,1309.7490234375,12204.685546875,2.9760117530822754,11.806991577148438,3.83248233795166
2,2179,857.3612670898438,7785.82861328125,2.625945806503296,8.417234420776367,4.35472297668457
2,2180,697.39306640625,6167.45947265625,2.6882362365722656,6.526534080505371,4.25971794128418
2,2181,830.7803955078125,7444.01220703125,2.879304885864258,8.1598482131958,2.854227066040039
2,2182,671.5967407226562,5894.56640625,2.7380032539367676,6.66079044342041,3.6695079803466797
2,2183,620.6516723632812,5231.63330078125,3.2496118545532227,7.39379358291626,2.958467483520508
2,2184,916.07373046875,8291.56640625,2.8972342014312744,10.107501983642578,3.0784711837768555
2,2185,799.7965087890625,7184.9833984375,2.7099382877349854,8.874841690063477,2.5087060928344727
2,2186,740.319580078125,6625.09228515625,2.593679428100586,7.559111595153809,3.069552421569824
2,2187,755.9827880859375,6804.904296875,2.5164132118225098,9.649349212646484,3.564149856567383
2,2188,707.9249267578125,6292.65283203125,2.621986150741577,8.255653381347656,3.5363264083862305
2,2189,1000.007080078125,9279.76171875,2.401028633117676,9.218582153320312,3.6695146560668945
2,2190,593.08251953125,5215.93359375,2.3829708099365234,5.952614784240723,3.485323905944824
2,2191,729.6831665039062,6403.7490234375,2.9769411087036133,8.920404434204102,3.3528642654418945
2,2192,659.17041015625,5810.4521484375,2.6041722297668457,8.49738597869873,3.075908660888672
2,2193,840.7362670898438,7544.36767578125,2.876649856567383,9.122876167297363,2.973322868347168
2,2194,982.9873046875,9071.82421875,2.526829242706299,9.301361083984375,4.3584747314453125
2,2195,559.6181030273438,4819.04541015625,2.590452194213867,6.541533470153809,3.1469621658325195
2,2196,670.622314453125,5890.4462890625,2.719257354736328,7.457061290740967,3.3327865600585938
2,2197,778.5504760742188,7055.021484375,2.4349446296691895,7.879222869873047,3.2420873641967773
2,2198,753.1686401367188,6775.80908203125,2.519589900970459,6.655505657196045,4.591397285461426
2,2199,1804.91796875,17086.470703125,3.2090272903442383,14.778889656066895,3.9652557373046875
2,2200,531.839599609375,4542.013671875,2.5879411697387695,6.611284255981445,3.993819236755371
2,2201,493.558349609375,4190.5712890625,2.4833736419677734,6.741637706756592,3.0385570526123047
2,2202,704.771728515625,6259.5400390625,2.627255439758301,7.543293476104736,4.628796577453613
2,2203,515.198486328125,4402.09326171875,2.4996399879455566,6.432656764984131,2.0172224044799805
2,2204,776.2368774414062,6953.375,2.6966452598571777,8.156318664550781,3.4251461029052734
2,2205,632.0393676757812,5565.681640625,2.5157063007354736,7.22261905670166,3.2751541137695312
2,2206,698.019287109375,6207.1435546875,2.576831340789795,7.271081447601318,4.104498863220215
2,2207,929.4576416015625,8516.361328125,2.594048023223877,9.527790069580078,2.173710823059082
2,2208,678.4013671875,5952.494140625,2.771730899810791,6.034247398376465,4.850427627563477
2,2209,710.3209228515625,6213.173828125,2.966784715652466,7.497735023498535,3.221219062805176
2,2210,926.99267578125,8459.53515625,2.7013049125671387,7.520400047302246,4.02947998046875
2,2211,435.1331787109375,3552.99462890625,2.6611239910125732,5.663256645202637,2.8617982864379883
2,2212,818.3726196289062,7438.28125,2.484816551208496,7.735394477844238,2.623565673828125
2,2213,700.0308837890625,6177.08837890625,2.744067907333374,7.332462310791016,3.0558347702026367
2,2214,679.4963989257812,6000.46240234375,2.6483383178710938,6.5858683586120605,2.7916460037231445
2,2215,1258.7056884765625,11753.869140625,2.777292013168335,10.659624099731445,3.9271955490112305
2,2216,875.8502807617188,8001.470703125,2.523439407348633,9.07794189453125,3.2959718704223633
2,2217,796.401611328125,7256.4267578125,2.358631134033203,7.247856140136719,4.313482284545898
2,2218,639.4198608398438,5670.73583984375,2.411540985107422,7.467796802520752,2.1921119689941406
2,2219,1141.2530517578125,10611.2265625,2.6710104942321777,10.583606719970703,4.696585655212402
2,2220,882.4732055664062,8047.46337890625,2.5908963680267334,9.062651634216309,3.1442060470581055
2,2221,876.6642456054688,7892.33984375,2.9143404960632324,8.773006439208984,3.638728141784668
2,2222,1006.3941040039062,9089.537109375,3.248012065887451,9.011380195617676,3.833087921142578
2,2223,759.2783203125,6810.36865234375,2.6080496311187744,8.084410667419434,3.2868833541870117
2,2224,965.2940063476562,8941.9033203125,2.370121955871582,7.586737632751465,4.853046417236328
2,2225,711.26123046875,6328.6923828125,2.613065242767334,7.258487224578857,3.439846992492676
2,2226,605.0530395507812,5197.685546875,2.8428168296813965,6.662178993225098,3.6490488052368164
2,2227,631.8125610351562,5625.7138671875,2.3080382347106934,6.064742088317871,2.844024658203125
2,2228,733.0074462890625,6492.25537109375,2.7927300930023193,8.643211364746094,2.2062807083129883
2,2229,869.9385986328125,7901.0068359375,2.6612629890441895,7.944060325622559,3.825533866882324
2,2230,816.2476196289062,7408.0732421875,2.5146775245666504,9.028650283813477,4.391653060913086
2,2231,955.773193359375,8745.9912109375,2.7058017253875732,9.71190357208252,2.2674074172973633
2,2232,1084.186279296875,10049.96484375,2.6396565437316895,9.614773750305176,2.9982519149780273
2,2233,706.3695068359375,6235.69384765625,2.760003089904785,7.522604465484619,2.1286821365356445
2,2234,714.5278930664062,6361.107421875,2.613903045654297,7.5821709632873535,2.9104490280151367
2,2235,837.4401245117188,7563.9482421875,2.701509714126587,9.180810928344727,2.136232376098633
2,2236,570.90380859375,4975.63232421875,2.4446864128112793,6.401181697845459,3.046764373779297
2,2237,743.7340698242188,6636.669921875,2.66890287399292,7.671073913574219,3.219226837158203
2,2238,756.6913452148438,6760.3623046875,2.6885032653808594,7.791135787963867,3.7464752197265625
2,2239,993.9088134765625,9091.59765625,2.8249671459198,9.328449249267578,3.413943290710449
2,2240,656.4696655273438,5741.5205078125,2.74392032623291,7.094960689544678,3.7403440475463867
2,2241,857.9847412109375,7698.1484375,2.9389963150024414,7.690366744995117,4.211908340454102
2,2242,724.0059814453125,6519.29736328125,2.402540445327759,7.585987567901611,2.4566850662231445
