{'gpuid': [0], 'mixed_precision': False, 'iters_lev0': 6, 'lev0': True, 'flow': True, 'p_siamese': True, 'CNN16': True, 'dataset': 'zod', 'orig_label': False, 'cross_area': False, 'batch_size': 5, 'lr': 0.00035, 'num_steps': 39000, 'scheduler': 'OneCycle', 'loss_w': [0.1, 30.0, 100000.0], 'temperature': 4.0, 'augment': False, 'ori_noise': 45.0, 'orien': True, 'restore_ckpt': None, 'model': None, 'wdecay': 0.0005, 'epsilon': 1e-07, 'clip': 1.0, 'gamma': 0.85, 'name': 'zod_train', 'validation': None, 'image_size': 512, 'zoom': 20, 'IMG_FREQ': 20000, 'SUM_FREQ': 100, 'use_augmentation': True, 'image_area_dg_m': 51.2, 'image_area_zod_m': 100, 'max_translation': 15.0, 'max_rot_deg': 20.0, 'z_range': [-2.5, 3.0], 'BEV_grid_resolution': 0.1, 'lidar_dataset_root': '/work/vita/datasets/zod', 'aerial_img_dataset_root': '/work/vita/datasets/zod_crossview_processed_100m', 'version': 'full', 'config': '/home/finckh/VITA/HC-Net/models/config/ZOD/train.json', 'best_dis': 100000000.0, 'start_step': 0}
[31m2025-12-20 22:23:25[0m
Loaded pretrained weights for efficientnet-b0
Parameter Count: 7754186
Loading train split : 23 drives
Loading val split : 6 drives
Training with 47407 samples, validation with 10393 samples.
Using 5 dataloader workers every process
Best distance so far 100000000.0.
[34mLog will be saved to:./watch/zod/zod_train_20251220_223008.log[0m
Epoch: [1/4], Batch: 0/9482, Loss: 4222.439, Trans_L2_m: 12.451, Yaw_err_deg: 4.330
Epoch: [1/4], Batch: 10/9482, Loss: 4928.748, Trans_L2_m: 12.150, Yaw_err_deg: 9.349
Epoch: [1/4], Batch: 20/9482, Loss: 6185.008, Trans_L2_m: 14.126, Yaw_err_deg: 12.991
Epoch: [1/4], Batch: 30/9482, Loss: 3355.406, Trans_L2_m: 8.118, Yaw_err_deg: 9.734
Epoch: [1/4], Batch: 40/9482, Loss: 5086.446, Trans_L2_m: 12.644, Yaw_err_deg: 10.836
Epoch: [1/4], Batch: 50/9482, Loss: 4638.636, Trans_L2_m: 11.742, Yaw_err_deg: 11.947
Epoch: [1/4], Batch: 60/9482, Loss: 2451.489, Trans_L2_m: 8.034, Yaw_err_deg: 8.234
Epoch: [1/4], Batch: 70/9482, Loss: 4796.049, Trans_L2_m: 12.884, Yaw_err_deg: 8.645
Epoch: [1/4], Batch: 80/9482, Loss: 3254.457, Trans_L2_m: 10.108, Yaw_err_deg: 8.740
Epoch: [1/4], Batch: 90/9482, Loss: 5736.915, Trans_L2_m: 14.147, Yaw_err_deg: 7.472
Epoch: [1/4], Batch: 100/9482, Loss: 4123.640, Trans_L2_m: 10.938, Yaw_err_deg: 8.783
Epoch: [1/4], Batch: 110/9482, Loss: 3790.273, Trans_L2_m: 10.792, Yaw_err_deg: 11.226
Epoch: [1/4], Batch: 120/9482, Loss: 5373.954, Trans_L2_m: 13.775, Yaw_err_deg: 6.701
Epoch: [1/4], Batch: 130/9482, Loss: 4026.408, Trans_L2_m: 11.362, Yaw_err_deg: 10.132
Epoch: [1/4], Batch: 140/9482, Loss: 3739.093, Trans_L2_m: 9.845, Yaw_err_deg: 11.819
Epoch: [1/4], Batch: 150/9482, Loss: 4859.918, Trans_L2_m: 13.024, Yaw_err_deg: 10.274
Epoch: [1/4], Batch: 160/9482, Loss: 3309.597, Trans_L2_m: 10.496, Yaw_err_deg: 6.128
Epoch: [1/4], Batch: 170/9482, Loss: 3676.167, Trans_L2_m: 11.111, Yaw_err_deg: 5.509
Epoch: [1/4], Batch: 180/9482, Loss: 3691.740, Trans_L2_m: 10.007, Yaw_err_deg: 11.132
Epoch: [1/4], Batch: 190/9482, Loss: 5734.946, Trans_L2_m: 14.251, Yaw_err_deg: 11.986
Epoch: [1/4], Batch: 200/9482, Loss: 3922.602, Trans_L2_m: 10.227, Yaw_err_deg: 12.715
Epoch: [1/4], Batch: 210/9482, Loss: 3620.684, Trans_L2_m: 10.049, Yaw_err_deg: 10.963
Epoch: [1/4], Batch: 220/9482, Loss: 3519.893, Trans_L2_m: 9.702, Yaw_err_deg: 9.379
Epoch: [1/4], Batch: 230/9482, Loss: 4183.735, Trans_L2_m: 11.105, Yaw_err_deg: 9.795
Epoch: [1/4], Batch: 240/9482, Loss: 3139.214, Trans_L2_m: 9.946, Yaw_err_deg: 8.868
Epoch: [1/4], Batch: 250/9482, Loss: 4269.257, Trans_L2_m: 11.390, Yaw_err_deg: 10.929
Epoch: [1/4], Batch: 260/9482, Loss: 4769.792, Trans_L2_m: 12.812, Yaw_err_deg: 9.737
Epoch: [1/4], Batch: 270/9482, Loss: 2778.098, Trans_L2_m: 9.489, Yaw_err_deg: 5.214
Epoch: [1/4], Batch: 280/9482, Loss: 3173.397, Trans_L2_m: 10.257, Yaw_err_deg: 7.254
Epoch: [1/4], Batch: 290/9482, Loss: 2410.697, Trans_L2_m: 7.967, Yaw_err_deg: 6.875
Epoch: [1/4], Batch: 300/9482, Loss: 2221.221, Trans_L2_m: 7.926, Yaw_err_deg: 4.034
Epoch: [1/4], Batch: 310/9482, Loss: 4931.427, Trans_L2_m: 12.058, Yaw_err_deg: 12.481
Epoch: [1/4], Batch: 320/9482, Loss: 3454.296, Trans_L2_m: 9.856, Yaw_err_deg: 8.448
Epoch: [1/4], Batch: 330/9482, Loss: 4590.883, Trans_L2_m: 9.833, Yaw_err_deg: 11.857
Epoch: [1/4], Batch: 340/9482, Loss: 2394.084, Trans_L2_m: 8.318, Yaw_err_deg: 6.883
Epoch: [1/4], Batch: 350/9482, Loss: 2011.920, Trans_L2_m: 5.181, Yaw_err_deg: 12.778
Epoch: [1/4], Batch: 360/9482, Loss: 3771.526, Trans_L2_m: 10.345, Yaw_err_deg: 11.032
Epoch: [1/4], Batch: 370/9482, Loss: 3419.751, Trans_L2_m: 10.703, Yaw_err_deg: 5.506
Epoch: [1/4], Batch: 380/9482, Loss: 3383.830, Trans_L2_m: 9.758, Yaw_err_deg: 9.569
Epoch: [1/4], Batch: 390/9482, Loss: 2580.056, Trans_L2_m: 8.612, Yaw_err_deg: 7.303
Epoch: [1/4], Batch: 400/9482, Loss: 2656.368, Trans_L2_m: 8.029, Yaw_err_deg: 8.391
Epoch: [1/4], Batch: 410/9482, Loss: 3525.225, Trans_L2_m: 8.927, Yaw_err_deg: 11.135
Epoch: [1/4], Batch: 420/9482, Loss: 3801.750, Trans_L2_m: 10.362, Yaw_err_deg: 8.303
Epoch: [1/4], Batch: 430/9482, Loss: 4237.089, Trans_L2_m: 11.327, Yaw_err_deg: 8.684
Epoch: [1/4], Batch: 440/9482, Loss: 2778.563, Trans_L2_m: 8.784, Yaw_err_deg: 6.792
Epoch: [1/4], Batch: 450/9482, Loss: 3208.141, Trans_L2_m: 8.607, Yaw_err_deg: 10.389
Epoch: [1/4], Batch: 460/9482, Loss: 3279.454, Trans_L2_m: 9.096, Yaw_err_deg: 10.706
Epoch: [1/4], Batch: 470/9482, Loss: 3326.108, Trans_L2_m: 8.642, Yaw_err_deg: 11.474
Epoch: [1/4], Batch: 480/9482, Loss: 4693.897, Trans_L2_m: 9.700, Yaw_err_deg: 14.457
Epoch: [1/4], Batch: 490/9482, Loss: 3975.272, Trans_L2_m: 9.824, Yaw_err_deg: 11.433
Epoch: [1/4], Batch: 500/9482, Loss: 2919.854, Trans_L2_m: 8.294, Yaw_err_deg: 9.104
Epoch: [1/4], Batch: 510/9482, Loss: 2424.279, Trans_L2_m: 7.427, Yaw_err_deg: 8.467
Epoch: [1/4], Batch: 520/9482, Loss: 2844.275, Trans_L2_m: 7.677, Yaw_err_deg: 9.079
Epoch: [1/4], Batch: 530/9482, Loss: 3465.388, Trans_L2_m: 7.734, Yaw_err_deg: 13.878
Epoch: [1/4], Batch: 540/9482, Loss: 1467.942, Trans_L2_m: 2.722, Yaw_err_deg: 9.991
Epoch: [1/4], Batch: 550/9482, Loss: 2685.768, Trans_L2_m: 7.366, Yaw_err_deg: 9.843
Epoch: [1/4], Batch: 560/9482, Loss: 1869.519, Trans_L2_m: 5.150, Yaw_err_deg: 6.104
Epoch: [1/4], Batch: 570/9482, Loss: 3209.447, Trans_L2_m: 8.217, Yaw_err_deg: 8.199
Epoch: [1/4], Batch: 580/9482, Loss: 2888.811, Trans_L2_m: 6.974, Yaw_err_deg: 9.939
Epoch: [1/4], Batch: 590/9482, Loss: 1593.089, Trans_L2_m: 4.546, Yaw_err_deg: 7.215
Epoch: [1/4], Batch: 600/9482, Loss: 3061.238, Trans_L2_m: 7.607, Yaw_err_deg: 9.593
Epoch: [1/4], Batch: 610/9482, Loss: 2020.627, Trans_L2_m: 4.862, Yaw_err_deg: 8.952
Epoch: [1/4], Batch: 620/9482, Loss: 2362.306, Trans_L2_m: 7.300, Yaw_err_deg: 7.485
Epoch: [1/4], Batch: 630/9482, Loss: 2407.806, Trans_L2_m: 6.933, Yaw_err_deg: 4.641
Epoch: [1/4], Batch: 640/9482, Loss: 2214.258, Trans_L2_m: 6.483, Yaw_err_deg: 5.828
Epoch: [1/4], Batch: 650/9482, Loss: 3039.341, Trans_L2_m: 7.011, Yaw_err_deg: 10.477
Epoch: [1/4], Batch: 660/9482, Loss: 1127.483, Trans_L2_m: 3.115, Yaw_err_deg: 4.354
Epoch: [1/4], Batch: 670/9482, Loss: 2079.339, Trans_L2_m: 6.315, Yaw_err_deg: 7.944
Epoch: [1/4], Batch: 680/9482, Loss: 2313.760, Trans_L2_m: 4.360, Yaw_err_deg: 12.968
Epoch: [1/4], Batch: 690/9482, Loss: 2951.472, Trans_L2_m: 6.368, Yaw_err_deg: 11.798
Epoch: [1/4], Batch: 700/9482, Loss: 2714.241, Trans_L2_m: 5.722, Yaw_err_deg: 12.964
Epoch: [1/4], Batch: 710/9482, Loss: 2811.077, Trans_L2_m: 6.053, Yaw_err_deg: 10.887
Epoch: [1/4], Batch: 720/9482, Loss: 2125.747, Trans_L2_m: 5.208, Yaw_err_deg: 8.720
Epoch: [1/4], Batch: 730/9482, Loss: 1951.981, Trans_L2_m: 1.578, Yaw_err_deg: 14.636
Epoch: [1/4], Batch: 740/9482, Loss: 1764.681, Trans_L2_m: 4.015, Yaw_err_deg: 11.606
Epoch: [1/4], Batch: 750/9482, Loss: 2355.079, Trans_L2_m: 5.811, Yaw_err_deg: 7.478
Epoch: [1/4], Batch: 760/9482, Loss: 2432.403, Trans_L2_m: 4.461, Yaw_err_deg: 12.156
Epoch: [1/4], Batch: 770/9482, Loss: 1695.791, Trans_L2_m: 4.745, Yaw_err_deg: 3.823
Epoch: [1/4], Batch: 780/9482, Loss: 1772.667, Trans_L2_m: 3.600, Yaw_err_deg: 8.056
Epoch: [1/4], Batch: 790/9482, Loss: 2441.121, Trans_L2_m: 4.514, Yaw_err_deg: 12.434
Epoch: [1/4], Batch: 800/9482, Loss: 2571.552, Trans_L2_m: 5.140, Yaw_err_deg: 11.412
Epoch: [1/4], Batch: 810/9482, Loss: 3863.471, Trans_L2_m: 6.659, Yaw_err_deg: 14.835
Epoch: [1/4], Batch: 820/9482, Loss: 2668.981, Trans_L2_m: 4.652, Yaw_err_deg: 13.287
Epoch: [1/4], Batch: 830/9482, Loss: 1643.187, Trans_L2_m: 3.819, Yaw_err_deg: 7.583
Epoch: [1/4], Batch: 840/9482, Loss: 2376.070, Trans_L2_m: 3.426, Yaw_err_deg: 14.683
Epoch: [1/4], Batch: 850/9482, Loss: 2313.545, Trans_L2_m: 4.632, Yaw_err_deg: 8.011
Epoch: [1/4], Batch: 860/9482, Loss: 2529.104, Trans_L2_m: 4.215, Yaw_err_deg: 10.834
Epoch: [1/4], Batch: 870/9482, Loss: 1909.889, Trans_L2_m: 2.626, Yaw_err_deg: 12.069
Epoch: [1/4], Batch: 880/9482, Loss: 1596.109, Trans_L2_m: 1.844, Yaw_err_deg: 12.920
Epoch: [1/4], Batch: 890/9482, Loss: 1751.019, Trans_L2_m: 3.886, Yaw_err_deg: 5.985
Epoch: [1/4], Batch: 900/9482, Loss: 1404.439, Trans_L2_m: 2.244, Yaw_err_deg: 10.246
Epoch: [1/4], Batch: 910/9482, Loss: 1902.245, Trans_L2_m: 3.866, Yaw_err_deg: 9.892
Epoch: [1/4], Batch: 920/9482, Loss: 2334.589, Trans_L2_m: 4.022, Yaw_err_deg: 9.194
Epoch: [1/4], Batch: 930/9482, Loss: 1982.153, Trans_L2_m: 4.757, Yaw_err_deg: 6.955
Epoch: [1/4], Batch: 940/9482, Loss: 891.628, Trans_L2_m: 2.084, Yaw_err_deg: 6.505
Epoch: [1/4], Batch: 950/9482, Loss: 1416.000, Trans_L2_m: 2.723, Yaw_err_deg: 6.712
Epoch: [1/4], Batch: 960/9482, Loss: 1114.451, Trans_L2_m: 1.703, Yaw_err_deg: 7.310
Epoch: [1/4], Batch: 970/9482, Loss: 1917.179, Trans_L2_m: 3.500, Yaw_err_deg: 11.716
Epoch: [1/4], Batch: 980/9482, Loss: 1759.039, Trans_L2_m: 3.068, Yaw_err_deg: 10.088
Epoch: [1/4], Batch: 990/9482, Loss: 3485.704, Trans_L2_m: 5.147, Yaw_err_deg: 14.588
Epoch: [1/4], Batch: 1000/9482, Loss: 2242.622, Trans_L2_m: 2.955, Yaw_err_deg: 12.452
Epoch: [1/4], Batch: 1010/9482, Loss: 1989.279, Trans_L2_m: 1.913, Yaw_err_deg: 13.176
Epoch: [1/4], Batch: 1020/9482, Loss: 1972.401, Trans_L2_m: 4.240, Yaw_err_deg: 4.609
Epoch: [1/4], Batch: 1030/9482, Loss: 1687.287, Trans_L2_m: 2.741, Yaw_err_deg: 12.781
Epoch: [1/4], Batch: 1040/9482, Loss: 1084.407, Trans_L2_m: 2.269, Yaw_err_deg: 8.635
Epoch: [1/4], Batch: 1050/9482, Loss: 1190.326, Trans_L2_m: 1.748, Yaw_err_deg: 7.132
Epoch: [1/4], Batch: 1060/9482, Loss: 669.471, Trans_L2_m: 2.539, Yaw_err_deg: 4.314
Epoch: [1/4], Batch: 1070/9482, Loss: 2627.747, Trans_L2_m: 3.047, Yaw_err_deg: 15.830
Epoch: [1/4], Batch: 1080/9482, Loss: 1344.510, Trans_L2_m: 2.238, Yaw_err_deg: 8.890
Epoch: [1/4], Batch: 1090/9482, Loss: 1848.752, Trans_L2_m: 2.719, Yaw_err_deg: 6.797
Epoch: [1/4], Batch: 1100/9482, Loss: 1479.471, Trans_L2_m: 2.035, Yaw_err_deg: 8.385
Epoch: [1/4], Batch: 1110/9482, Loss: 1140.130, Trans_L2_m: 2.299, Yaw_err_deg: 7.819
Epoch: [1/4], Batch: 1120/9482, Loss: 1478.654, Trans_L2_m: 2.754, Yaw_err_deg: 8.041
Epoch: [1/4], Batch: 1130/9482, Loss: 1463.787, Trans_L2_m: 2.912, Yaw_err_deg: 6.046
Epoch: [1/4], Batch: 1140/9482, Loss: 1591.091, Trans_L2_m: 2.256, Yaw_err_deg: 10.083
Epoch: [1/4], Batch: 1150/9482, Loss: 1437.611, Trans_L2_m: 1.601, Yaw_err_deg: 7.631
Epoch: [1/4], Batch: 1160/9482, Loss: 1787.967, Trans_L2_m: 2.545, Yaw_err_deg: 12.780
Epoch: [1/4], Batch: 1170/9482, Loss: 2556.812, Trans_L2_m: 2.227, Yaw_err_deg: 16.891
Epoch: [1/4], Batch: 1180/9482, Loss: 1126.226, Trans_L2_m: 2.075, Yaw_err_deg: 7.380
Epoch: [1/4], Batch: 1190/9482, Loss: 2652.600, Trans_L2_m: 2.960, Yaw_err_deg: 13.308
Epoch: [1/4], Batch: 1200/9482, Loss: 1361.713, Trans_L2_m: 2.650, Yaw_err_deg: 10.061
Epoch: [1/4], Batch: 1210/9482, Loss: 2587.297, Trans_L2_m: 1.560, Yaw_err_deg: 17.199
Epoch: [1/4], Batch: 1220/9482, Loss: 1290.855, Trans_L2_m: 1.780, Yaw_err_deg: 8.949
Epoch: [1/4], Batch: 1230/9482, Loss: 1686.368, Trans_L2_m: 4.060, Yaw_err_deg: 11.109
Epoch: [1/4], Batch: 1240/9482, Loss: 969.359, Trans_L2_m: 2.065, Yaw_err_deg: 6.053
Epoch: [1/4], Batch: 1250/9482, Loss: 1639.918, Trans_L2_m: 1.534, Yaw_err_deg: 10.993
Epoch: [1/4], Batch: 1260/9482, Loss: 1476.186, Trans_L2_m: 1.771, Yaw_err_deg: 9.986
Epoch: [1/4], Batch: 1270/9482, Loss: 1420.728, Trans_L2_m: 3.870, Yaw_err_deg: 7.701
Epoch: [1/4], Batch: 1280/9482, Loss: 2252.646, Trans_L2_m: 2.379, Yaw_err_deg: 15.744
Epoch: [1/4], Batch: 1290/9482, Loss: 1099.912, Trans_L2_m: 2.584, Yaw_err_deg: 9.835
Epoch: [1/4], Batch: 1300/9482, Loss: 1640.870, Trans_L2_m: 1.851, Yaw_err_deg: 11.628
Epoch: [1/4], Batch: 1310/9482, Loss: 2051.789, Trans_L2_m: 2.962, Yaw_err_deg: 13.088
Epoch: [1/4], Batch: 1320/9482, Loss: 1725.087, Trans_L2_m: 2.238, Yaw_err_deg: 14.613
Epoch: [1/4], Batch: 1330/9482, Loss: 1024.339, Trans_L2_m: 1.907, Yaw_err_deg: 5.644
Epoch: [1/4], Batch: 1340/9482, Loss: 1302.020, Trans_L2_m: 2.694, Yaw_err_deg: 5.100
Epoch: [1/4], Batch: 1350/9482, Loss: 1542.183, Trans_L2_m: 1.294, Yaw_err_deg: 7.671
Epoch: [1/4], Batch: 1360/9482, Loss: 1541.329, Trans_L2_m: 3.050, Yaw_err_deg: 8.530
Epoch: [1/4], Batch: 1370/9482, Loss: 1444.963, Trans_L2_m: 2.170, Yaw_err_deg: 9.353
Epoch: [1/4], Batch: 1380/9482, Loss: 2551.843, Trans_L2_m: 2.107, Yaw_err_deg: 15.448
Epoch: [1/4], Batch: 1390/9482, Loss: 1935.570, Trans_L2_m: 1.777, Yaw_err_deg: 12.272
Epoch: [1/4], Batch: 1400/9482, Loss: 1307.059, Trans_L2_m: 2.844, Yaw_err_deg: 8.970
Epoch: [1/4], Batch: 1410/9482, Loss: 2315.006, Trans_L2_m: 1.580, Yaw_err_deg: 13.796
Epoch: [1/4], Batch: 1420/9482, Loss: 1447.406, Trans_L2_m: 1.519, Yaw_err_deg: 10.723
Epoch: [1/4], Batch: 1430/9482, Loss: 1039.308, Trans_L2_m: 3.474, Yaw_err_deg: 7.309
Epoch: [1/4], Batch: 1440/9482, Loss: 1932.523, Trans_L2_m: 1.625, Yaw_err_deg: 15.166
Epoch: [1/4], Batch: 1450/9482, Loss: 1373.136, Trans_L2_m: 2.203, Yaw_err_deg: 9.741
Epoch: [1/4], Batch: 1460/9482, Loss: 1321.345, Trans_L2_m: 2.597, Yaw_err_deg: 8.769
Epoch: [1/4], Batch: 1470/9482, Loss: 1476.298, Trans_L2_m: 1.700, Yaw_err_deg: 10.720
Epoch: [1/4], Batch: 1480/9482, Loss: 784.760, Trans_L2_m: 1.921, Yaw_err_deg: 5.647
Epoch: [1/4], Batch: 1490/9482, Loss: 956.933, Trans_L2_m: 2.471, Yaw_err_deg: 7.313
Epoch: [1/4], Batch: 1500/9482, Loss: 995.994, Trans_L2_m: 4.534, Yaw_err_deg: 7.396
Epoch: [1/4], Batch: 1510/9482, Loss: 1449.149, Trans_L2_m: 1.756, Yaw_err_deg: 8.705
Epoch: [1/4], Batch: 1520/9482, Loss: 1243.483, Trans_L2_m: 1.985, Yaw_err_deg: 10.420
Epoch: [1/4], Batch: 1530/9482, Loss: 1288.530, Trans_L2_m: 1.280, Yaw_err_deg: 8.731
Epoch: [1/4], Batch: 1540/9482, Loss: 1326.782, Trans_L2_m: 2.066, Yaw_err_deg: 9.789
Epoch: [1/4], Batch: 1550/9482, Loss: 1930.986, Trans_L2_m: 1.879, Yaw_err_deg: 13.688
Epoch: [1/4], Batch: 1560/9482, Loss: 1116.666, Trans_L2_m: 2.223, Yaw_err_deg: 7.804
Epoch: [1/4], Batch: 1570/9482, Loss: 1799.673, Trans_L2_m: 1.772, Yaw_err_deg: 10.287
Epoch: [1/4], Batch: 1580/9482, Loss: 828.212, Trans_L2_m: 2.538, Yaw_err_deg: 2.664
Epoch: [1/4], Batch: 1590/9482, Loss: 1913.231, Trans_L2_m: 1.428, Yaw_err_deg: 12.696
Epoch: [1/4], Batch: 1600/9482, Loss: 1225.218, Trans_L2_m: 2.324, Yaw_err_deg: 9.475
Epoch: [1/4], Batch: 1610/9482, Loss: 967.298, Trans_L2_m: 1.888, Yaw_err_deg: 6.937
Epoch: [1/4], Batch: 1620/9482, Loss: 1206.901, Trans_L2_m: 1.557, Yaw_err_deg: 8.985
Epoch: [1/4], Batch: 1630/9482, Loss: 1248.531, Trans_L2_m: 1.942, Yaw_err_deg: 8.884
Epoch: [1/4], Batch: 1640/9482, Loss: 727.098, Trans_L2_m: 1.207, Yaw_err_deg: 5.593
Epoch: [1/4], Batch: 1650/9482, Loss: 1241.813, Trans_L2_m: 1.726, Yaw_err_deg: 9.740
Epoch: [1/4], Batch: 1660/9482, Loss: 2374.585, Trans_L2_m: 0.931, Yaw_err_deg: 15.208
Epoch: [1/4], Batch: 1670/9482, Loss: 1386.998, Trans_L2_m: 1.303, Yaw_err_deg: 10.672
Epoch: [1/4], Batch: 1680/9482, Loss: 2196.089, Trans_L2_m: 2.714, Yaw_err_deg: 13.392
Epoch: [1/4], Batch: 1690/9482, Loss: 1899.233, Trans_L2_m: 1.330, Yaw_err_deg: 13.592
Epoch: [1/4], Batch: 1700/9482, Loss: 1337.284, Trans_L2_m: 1.935, Yaw_err_deg: 10.924
Epoch: [1/4], Batch: 1710/9482, Loss: 1041.374, Trans_L2_m: 1.110, Yaw_err_deg: 10.211
Epoch: [1/4], Batch: 1720/9482, Loss: 881.979, Trans_L2_m: 1.913, Yaw_err_deg: 5.440
Epoch: [1/4], Batch: 1730/9482, Loss: 1241.654, Trans_L2_m: 0.855, Yaw_err_deg: 9.792
Epoch: [1/4], Batch: 1740/9482, Loss: 1427.178, Trans_L2_m: 1.541, Yaw_err_deg: 10.640
Epoch: [1/4], Batch: 1750/9482, Loss: 1424.316, Trans_L2_m: 1.231, Yaw_err_deg: 11.531
Epoch: [1/4], Batch: 1760/9482, Loss: 1563.237, Trans_L2_m: 1.730, Yaw_err_deg: 12.505
Epoch: [1/4], Batch: 1770/9482, Loss: 1454.791, Trans_L2_m: 1.751, Yaw_err_deg: 11.446
Epoch: [1/4], Batch: 1780/9482, Loss: 985.498, Trans_L2_m: 2.029, Yaw_err_deg: 8.124
Epoch: [1/4], Batch: 1790/9482, Loss: 1528.608, Trans_L2_m: 1.814, Yaw_err_deg: 11.835
Epoch: [1/4], Batch: 1800/9482, Loss: 1456.275, Trans_L2_m: 1.678, Yaw_err_deg: 11.758
Epoch: [1/4], Batch: 1810/9482, Loss: 1912.915, Trans_L2_m: 2.401, Yaw_err_deg: 14.707
Epoch: [1/4], Batch: 1820/9482, Loss: 1402.368, Trans_L2_m: 1.126, Yaw_err_deg: 11.528
Epoch: [1/4], Batch: 1830/9482, Loss: 917.547, Trans_L2_m: 1.135, Yaw_err_deg: 8.539
Epoch: [1/4], Batch: 1840/9482, Loss: 1662.144, Trans_L2_m: 1.068, Yaw_err_deg: 12.261
Epoch: [1/4], Batch: 1850/9482, Loss: 2616.637, Trans_L2_m: 1.307, Yaw_err_deg: 17.521
Epoch: [1/4], Batch: 1860/9482, Loss: 788.785, Trans_L2_m: 1.698, Yaw_err_deg: 5.075
Epoch: [1/4], Batch: 1870/9482, Loss: 1264.519, Trans_L2_m: 1.116, Yaw_err_deg: 8.341
Epoch: [1/4], Batch: 1880/9482, Loss: 609.213, Trans_L2_m: 1.045, Yaw_err_deg: 5.367
Epoch: [1/4], Batch: 1890/9482, Loss: 1230.432, Trans_L2_m: 0.762, Yaw_err_deg: 10.570
Epoch: [1/4], Batch: 1900/9482, Loss: 1147.968, Trans_L2_m: 1.803, Yaw_err_deg: 8.973
Epoch: [1/4], Batch: 1910/9482, Loss: 1652.250, Trans_L2_m: 0.991, Yaw_err_deg: 13.599
Epoch: [1/4], Batch: 1920/9482, Loss: 1448.752, Trans_L2_m: 1.819, Yaw_err_deg: 11.168
Epoch: [1/4], Batch: 1930/9482, Loss: 729.124, Trans_L2_m: 1.498, Yaw_err_deg: 5.973
Epoch: [1/4], Batch: 1940/9482, Loss: 821.342, Trans_L2_m: 1.384, Yaw_err_deg: 7.920
Epoch: [1/4], Batch: 1950/9482, Loss: 1517.465, Trans_L2_m: 1.475, Yaw_err_deg: 10.100
Epoch: [1/4], Batch: 1960/9482, Loss: 713.925, Trans_L2_m: 1.213, Yaw_err_deg: 7.392
Epoch: [1/4], Batch: 1970/9482, Loss: 1027.739, Trans_L2_m: 2.118, Yaw_err_deg: 8.195
Epoch: [1/4], Batch: 1980/9482, Loss: 1218.687, Trans_L2_m: 1.289, Yaw_err_deg: 11.090
Epoch: [1/4], Batch: 1990/9482, Loss: 1083.727, Trans_L2_m: 1.084, Yaw_err_deg: 10.290
Epoch: [1/4], Batch: 2000/9482, Loss: 1614.858, Trans_L2_m: 2.386, Yaw_err_deg: 7.499
Epoch: [1/4], Batch: 2010/9482, Loss: 840.931, Trans_L2_m: 1.904, Yaw_err_deg: 7.246
Epoch: [1/4], Batch: 2020/9482, Loss: 1621.734, Trans_L2_m: 1.965, Yaw_err_deg: 13.469
Epoch: [1/4], Batch: 2030/9482, Loss: 1339.424, Trans_L2_m: 1.599, Yaw_err_deg: 11.012
Epoch: [1/4], Batch: 2040/9482, Loss: 1673.683, Trans_L2_m: 1.194, Yaw_err_deg: 13.209
Epoch: [1/4], Batch: 2050/9482, Loss: 2074.069, Trans_L2_m: 1.664, Yaw_err_deg: 14.983
Epoch: [1/4], Batch: 2060/9482, Loss: 1124.276, Trans_L2_m: 1.081, Yaw_err_deg: 8.112
Epoch: [1/4], Batch: 2070/9482, Loss: 723.956, Trans_L2_m: 1.456, Yaw_err_deg: 7.235
Epoch: [1/4], Batch: 2080/9482, Loss: 1556.417, Trans_L2_m: 0.733, Yaw_err_deg: 11.643
Epoch: [1/4], Batch: 2090/9482, Loss: 1326.102, Trans_L2_m: 1.318, Yaw_err_deg: 10.526
Epoch: [1/4], Batch: 2100/9482, Loss: 1288.711, Trans_L2_m: 2.390, Yaw_err_deg: 9.872
Epoch: [1/4], Batch: 2110/9482, Loss: 1660.714, Trans_L2_m: 2.263, Yaw_err_deg: 13.022
Epoch: [1/4], Batch: 2120/9482, Loss: 1285.869, Trans_L2_m: 2.284, Yaw_err_deg: 10.549
Epoch: [1/4], Batch: 2130/9482, Loss: 1918.952, Trans_L2_m: 2.014, Yaw_err_deg: 14.894
Epoch: [1/4], Batch: 2140/9482, Loss: 848.950, Trans_L2_m: 1.844, Yaw_err_deg: 6.675
Epoch: [1/4], Batch: 2150/9482, Loss: 767.168, Trans_L2_m: 1.965, Yaw_err_deg: 5.925
Epoch: [1/4], Batch: 2160/9482, Loss: 1155.088, Trans_L2_m: 1.157, Yaw_err_deg: 10.161
Epoch: [1/4], Batch: 2170/9482, Loss: 848.041, Trans_L2_m: 1.204, Yaw_err_deg: 7.780
Epoch: [1/4], Batch: 2180/9482, Loss: 915.096, Trans_L2_m: 0.861, Yaw_err_deg: 8.613
Epoch: [1/4], Batch: 2190/9482, Loss: 2117.281, Trans_L2_m: 1.559, Yaw_err_deg: 14.222
Epoch: [1/4], Batch: 2200/9482, Loss: 1334.062, Trans_L2_m: 1.117, Yaw_err_deg: 9.708
Epoch: [1/4], Batch: 2210/9482, Loss: 1142.519, Trans_L2_m: 1.787, Yaw_err_deg: 9.664
Epoch: [1/4], Batch: 2220/9482, Loss: 1650.500, Trans_L2_m: 1.608, Yaw_err_deg: 11.203
Epoch: [1/4], Batch: 2230/9482, Loss: 1108.467, Trans_L2_m: 0.556, Yaw_err_deg: 8.558
Epoch: [1/4], Batch: 2240/9482, Loss: 761.823, Trans_L2_m: 0.973, Yaw_err_deg: 7.171
Epoch: [1/4], Batch: 2250/9482, Loss: 1862.032, Trans_L2_m: 0.992, Yaw_err_deg: 12.654
Epoch: [1/4], Batch: 2260/9482, Loss: 951.529, Trans_L2_m: 2.233, Yaw_err_deg: 6.719
Epoch: [1/4], Batch: 2270/9482, Loss: 1232.063, Trans_L2_m: 1.927, Yaw_err_deg: 10.595
Epoch: [1/4], Batch: 2280/9482, Loss: 1022.106, Trans_L2_m: 1.400, Yaw_err_deg: 8.010
Epoch: [1/4], Batch: 2290/9482, Loss: 807.819, Trans_L2_m: 1.173, Yaw_err_deg: 5.995
Epoch: [1/4], Batch: 2300/9482, Loss: 1005.017, Trans_L2_m: 1.159, Yaw_err_deg: 8.795
Epoch: [1/4], Batch: 2310/9482, Loss: 1000.374, Trans_L2_m: 1.058, Yaw_err_deg: 8.893
Epoch: [1/4], Batch: 2320/9482, Loss: 796.512, Trans_L2_m: 0.861, Yaw_err_deg: 6.948
Epoch: [1/4], Batch: 2330/9482, Loss: 1179.849, Trans_L2_m: 1.015, Yaw_err_deg: 10.805
Epoch: [1/4], Batch: 2340/9482, Loss: 1721.223, Trans_L2_m: 1.103, Yaw_err_deg: 12.711
Epoch: [1/4], Batch: 2350/9482, Loss: 703.477, Trans_L2_m: 1.086, Yaw_err_deg: 6.396
Epoch: [1/4], Batch: 2360/9482, Loss: 1688.068, Trans_L2_m: 1.474, Yaw_err_deg: 13.965
Epoch: [1/4], Batch: 2370/9482, Loss: 1505.186, Trans_L2_m: 1.180, Yaw_err_deg: 12.869
Epoch: [1/4], Batch: 2380/9482, Loss: 1159.700, Trans_L2_m: 1.423, Yaw_err_deg: 8.807
Epoch: [1/4], Batch: 2390/9482, Loss: 957.630, Trans_L2_m: 1.246, Yaw_err_deg: 8.829
Epoch: [1/4], Batch: 2400/9482, Loss: 1318.294, Trans_L2_m: 1.491, Yaw_err_deg: 10.548
Epoch: [1/4], Batch: 2410/9482, Loss: 1497.074, Trans_L2_m: 1.069, Yaw_err_deg: 13.733
Epoch: [1/4], Batch: 2420/9482, Loss: 682.293, Trans_L2_m: 1.512, Yaw_err_deg: 7.506
Epoch: [1/4], Batch: 2430/9482, Loss: 1205.368, Trans_L2_m: 1.642, Yaw_err_deg: 11.095
Epoch: [1/4], Batch: 2440/9482, Loss: 864.746, Trans_L2_m: 1.310, Yaw_err_deg: 9.772
Epoch: [1/4], Batch: 2450/9482, Loss: 1320.565, Trans_L2_m: 1.811, Yaw_err_deg: 11.308
Epoch: [1/4], Batch: 2460/9482, Loss: 1377.312, Trans_L2_m: 0.932, Yaw_err_deg: 12.800
Epoch: [1/4], Batch: 2470/9482, Loss: 1385.547, Trans_L2_m: 1.225, Yaw_err_deg: 11.359
Epoch: [1/4], Batch: 2480/9482, Loss: 1459.086, Trans_L2_m: 0.809, Yaw_err_deg: 14.156
Epoch: [1/4], Batch: 2490/9482, Loss: 1182.838, Trans_L2_m: 1.248, Yaw_err_deg: 10.395
Epoch: [1/4], Batch: 2500/9482, Loss: 1211.266, Trans_L2_m: 0.684, Yaw_err_deg: 10.540
Epoch: [1/4], Batch: 2510/9482, Loss: 907.857, Trans_L2_m: 0.962, Yaw_err_deg: 8.747
Epoch: [1/4], Batch: 2520/9482, Loss: 1701.277, Trans_L2_m: 1.328, Yaw_err_deg: 14.162
Epoch: [1/4], Batch: 2530/9482, Loss: 1215.526, Trans_L2_m: 1.213, Yaw_err_deg: 10.405
Epoch: [1/4], Batch: 2540/9482, Loss: 862.010, Trans_L2_m: 1.444, Yaw_err_deg: 7.704
Epoch: [1/4], Batch: 2550/9482, Loss: 1372.218, Trans_L2_m: 1.446, Yaw_err_deg: 11.310
Epoch: [1/4], Batch: 2560/9482, Loss: 1811.501, Trans_L2_m: 0.773, Yaw_err_deg: 15.152
Epoch: [1/4], Batch: 2570/9482, Loss: 771.612, Trans_L2_m: 0.694, Yaw_err_deg: 8.161
Epoch: [1/4], Batch: 2580/9482, Loss: 1090.776, Trans_L2_m: 0.680, Yaw_err_deg: 11.426
Epoch: [1/4], Batch: 2590/9482, Loss: 1834.911, Trans_L2_m: 0.950, Yaw_err_deg: 12.503
Epoch: [1/4], Batch: 2600/9482, Loss: 1538.588, Trans_L2_m: 1.028, Yaw_err_deg: 13.060
Epoch: [1/4], Batch: 2610/9482, Loss: 1063.376, Trans_L2_m: 0.818, Yaw_err_deg: 10.236
Epoch: [1/4], Batch: 2620/9482, Loss: 750.299, Trans_L2_m: 0.618, Yaw_err_deg: 7.201
Epoch: [1/4], Batch: 2630/9482, Loss: 1118.014, Trans_L2_m: 1.577, Yaw_err_deg: 7.031
Epoch: [1/4], Batch: 2640/9482, Loss: 1252.618, Trans_L2_m: 1.332, Yaw_err_deg: 10.829
Epoch: [1/4], Batch: 2650/9482, Loss: 833.648, Trans_L2_m: 1.254, Yaw_err_deg: 8.022
Epoch: [1/4], Batch: 2660/9482, Loss: 1051.094, Trans_L2_m: 1.050, Yaw_err_deg: 9.767
Epoch: [1/4], Batch: 2670/9482, Loss: 1347.842, Trans_L2_m: 0.973, Yaw_err_deg: 10.894
Epoch: [1/4], Batch: 2680/9482, Loss: 1163.514, Trans_L2_m: 0.700, Yaw_err_deg: 11.301
Epoch: [1/4], Batch: 2690/9482, Loss: 702.922, Trans_L2_m: 0.854, Yaw_err_deg: 7.418
Epoch: [1/4], Batch: 2700/9482, Loss: 666.635, Trans_L2_m: 1.760, Yaw_err_deg: 3.814
Epoch: [1/4], Batch: 2710/9482, Loss: 1247.986, Trans_L2_m: 2.156, Yaw_err_deg: 9.513
Epoch: [1/4], Batch: 2720/9482, Loss: 700.022, Trans_L2_m: 1.016, Yaw_err_deg: 8.134
Epoch: [1/4], Batch: 2730/9482, Loss: 942.543, Trans_L2_m: 0.990, Yaw_err_deg: 8.168
Epoch: [1/4], Batch: 2740/9482, Loss: 1333.078, Trans_L2_m: 0.848, Yaw_err_deg: 11.913
Epoch: [1/4], Batch: 2750/9482, Loss: 713.056, Trans_L2_m: 0.994, Yaw_err_deg: 7.618
Epoch: [1/4], Batch: 2760/9482, Loss: 1010.860, Trans_L2_m: 1.143, Yaw_err_deg: 8.874
Epoch: [1/4], Batch: 2770/9482, Loss: 879.882, Trans_L2_m: 1.276, Yaw_err_deg: 8.381
Epoch: [1/4], Batch: 2780/9482, Loss: 792.020, Trans_L2_m: 1.459, Yaw_err_deg: 8.452
Epoch: [1/4], Batch: 2790/9482, Loss: 1267.014, Trans_L2_m: 1.268, Yaw_err_deg: 10.887
Epoch: [1/4], Batch: 2800/9482, Loss: 1259.500, Trans_L2_m: 1.091, Yaw_err_deg: 12.692
Epoch: [1/4], Batch: 2810/9482, Loss: 1500.216, Trans_L2_m: 0.822, Yaw_err_deg: 12.716
Epoch: [1/4], Batch: 2820/9482, Loss: 924.898, Trans_L2_m: 1.375, Yaw_err_deg: 7.322
Epoch: [1/4], Batch: 2830/9482, Loss: 1416.449, Trans_L2_m: 1.036, Yaw_err_deg: 14.054
Epoch: [1/4], Batch: 2840/9482, Loss: 1850.677, Trans_L2_m: 1.040, Yaw_err_deg: 14.440
Epoch: [1/4], Batch: 2850/9482, Loss: 909.792, Trans_L2_m: 0.584, Yaw_err_deg: 9.913
Epoch: [1/4], Batch: 2860/9482, Loss: 1292.872, Trans_L2_m: 0.991, Yaw_err_deg: 9.292
Epoch: [1/4], Batch: 2870/9482, Loss: 1265.807, Trans_L2_m: 0.744, Yaw_err_deg: 12.504
Epoch: [1/4], Batch: 2880/9482, Loss: 1400.436, Trans_L2_m: 1.324, Yaw_err_deg: 12.110
Epoch: [1/4], Batch: 2890/9482, Loss: 679.404, Trans_L2_m: 1.435, Yaw_err_deg: 5.608
Epoch: [1/4], Batch: 2900/9482, Loss: 1599.537, Trans_L2_m: 1.549, Yaw_err_deg: 12.777
Epoch: [1/4], Batch: 2910/9482, Loss: 604.991, Trans_L2_m: 0.522, Yaw_err_deg: 6.210
Epoch: [1/4], Batch: 2920/9482, Loss: 1306.181, Trans_L2_m: 0.891, Yaw_err_deg: 11.345
Epoch: [1/4], Batch: 2930/9482, Loss: 629.848, Trans_L2_m: 1.076, Yaw_err_deg: 4.896
Epoch: [1/4], Batch: 2940/9482, Loss: 996.823, Trans_L2_m: 1.189, Yaw_err_deg: 9.426
Epoch: [1/4], Batch: 2950/9482, Loss: 1141.560, Trans_L2_m: 1.155, Yaw_err_deg: 11.455
Epoch: [1/4], Batch: 2960/9482, Loss: 1388.015, Trans_L2_m: 1.063, Yaw_err_deg: 11.072
Epoch: [1/4], Batch: 2970/9482, Loss: 593.906, Trans_L2_m: 1.268, Yaw_err_deg: 5.921
Epoch: [1/4], Batch: 2980/9482, Loss: 1232.699, Trans_L2_m: 1.409, Yaw_err_deg: 10.894
Epoch: [1/4], Batch: 2990/9482, Loss: 1153.867, Trans_L2_m: 1.602, Yaw_err_deg: 11.132
Epoch: [1/4], Batch: 3000/9482, Loss: 1013.060, Trans_L2_m: 0.721, Yaw_err_deg: 9.964
Epoch: [1/4], Batch: 3010/9482, Loss: 1565.726, Trans_L2_m: 1.230, Yaw_err_deg: 11.713
Epoch: [1/4], Batch: 3020/9482, Loss: 1106.539, Trans_L2_m: 0.784, Yaw_err_deg: 10.536
Epoch: [1/4], Batch: 3030/9482, Loss: 1184.236, Trans_L2_m: 0.971, Yaw_err_deg: 11.025
Epoch: [1/4], Batch: 3040/9482, Loss: 743.940, Trans_L2_m: 0.584, Yaw_err_deg: 9.435
Epoch: [1/4], Batch: 3050/9482, Loss: 1787.294, Trans_L2_m: 0.851, Yaw_err_deg: 15.588
Epoch: [1/4], Batch: 3060/9482, Loss: 1004.744, Trans_L2_m: 0.669, Yaw_err_deg: 11.032
Epoch: [1/4], Batch: 3070/9482, Loss: 1302.698, Trans_L2_m: 0.842, Yaw_err_deg: 12.816
Epoch: [1/4], Batch: 3080/9482, Loss: 659.301, Trans_L2_m: 0.783, Yaw_err_deg: 7.074
Epoch: [1/4], Batch: 3090/9482, Loss: 1005.804, Trans_L2_m: 1.188, Yaw_err_deg: 8.811
Epoch: [1/4], Batch: 3100/9482, Loss: 1028.714, Trans_L2_m: 1.120, Yaw_err_deg: 10.553
Epoch: [1/4], Batch: 3110/9482, Loss: 1625.340, Trans_L2_m: 1.303, Yaw_err_deg: 15.006
Epoch: [1/4], Batch: 3120/9482, Loss: 1284.235, Trans_L2_m: 1.248, Yaw_err_deg: 10.531
Epoch: [1/4], Batch: 3130/9482, Loss: 1097.548, Trans_L2_m: 1.076, Yaw_err_deg: 11.316
Epoch: [1/4], Batch: 3140/9482, Loss: 1129.336, Trans_L2_m: 0.717, Yaw_err_deg: 7.261
Epoch: [1/4], Batch: 3150/9482, Loss: 474.287, Trans_L2_m: 0.975, Yaw_err_deg: 5.319
Epoch: [1/4], Batch: 3160/9482, Loss: 494.640, Trans_L2_m: 1.067, Yaw_err_deg: 4.005
Epoch: [1/4], Batch: 3170/9482, Loss: 1609.027, Trans_L2_m: 0.826, Yaw_err_deg: 12.752
Epoch: [1/4], Batch: 3180/9482, Loss: 600.795, Trans_L2_m: 1.560, Yaw_err_deg: 5.446
Epoch: [1/4], Batch: 3190/9482, Loss: 873.746, Trans_L2_m: 1.160, Yaw_err_deg: 10.158
Epoch: [1/4], Batch: 3200/9482, Loss: 1549.156, Trans_L2_m: 1.047, Yaw_err_deg: 13.034
Epoch: [1/4], Batch: 3210/9482, Loss: 999.504, Trans_L2_m: 0.850, Yaw_err_deg: 9.432
Epoch: [1/4], Batch: 3220/9482, Loss: 1080.843, Trans_L2_m: 0.960, Yaw_err_deg: 10.936
Epoch: [1/4], Batch: 3230/9482, Loss: 1135.866, Trans_L2_m: 0.651, Yaw_err_deg: 10.702
Epoch: [1/4], Batch: 3240/9482, Loss: 1221.354, Trans_L2_m: 1.543, Yaw_err_deg: 11.541
Epoch: [1/4], Batch: 3250/9482, Loss: 1025.118, Trans_L2_m: 1.121, Yaw_err_deg: 7.072
Epoch: [1/4], Batch: 3260/9482, Loss: 988.828, Trans_L2_m: 1.198, Yaw_err_deg: 8.244
Epoch: [1/4], Batch: 3270/9482, Loss: 683.730, Trans_L2_m: 0.947, Yaw_err_deg: 5.743
Epoch: [1/4], Batch: 3280/9482, Loss: 1132.560, Trans_L2_m: 0.732, Yaw_err_deg: 10.748
Epoch: [1/4], Batch: 3290/9482, Loss: 1440.498, Trans_L2_m: 0.610, Yaw_err_deg: 13.864
Epoch: [1/4], Batch: 3300/9482, Loss: 1288.990, Trans_L2_m: 0.387, Yaw_err_deg: 12.533
Epoch: [1/4], Batch: 3310/9482, Loss: 800.640, Trans_L2_m: 1.269, Yaw_err_deg: 8.495
Epoch: [1/4], Batch: 3320/9482, Loss: 1309.022, Trans_L2_m: 1.382, Yaw_err_deg: 11.126
Epoch: [1/4], Batch: 3330/9482, Loss: 1218.572, Trans_L2_m: 0.842, Yaw_err_deg: 12.434
Epoch: [1/4], Batch: 3340/9482, Loss: 627.673, Trans_L2_m: 0.818, Yaw_err_deg: 6.007
Epoch: [1/4], Batch: 3350/9482, Loss: 991.911, Trans_L2_m: 1.051, Yaw_err_deg: 10.768
Epoch: [1/4], Batch: 3360/9482, Loss: 1223.815, Trans_L2_m: 0.823, Yaw_err_deg: 10.176
Epoch: [1/4], Batch: 3370/9482, Loss: 661.894, Trans_L2_m: 1.012, Yaw_err_deg: 7.072
Epoch: [1/4], Batch: 3380/9482, Loss: 1253.789, Trans_L2_m: 1.389, Yaw_err_deg: 9.439
Epoch: [1/4], Batch: 3390/9482, Loss: 909.660, Trans_L2_m: 0.744, Yaw_err_deg: 8.734
Epoch: [1/4], Batch: 3400/9482, Loss: 838.109, Trans_L2_m: 1.097, Yaw_err_deg: 8.963
Epoch: [1/4], Batch: 3410/9482, Loss: 866.801, Trans_L2_m: 0.628, Yaw_err_deg: 9.903
Epoch: [1/4], Batch: 3420/9482, Loss: 1085.038, Trans_L2_m: 0.989, Yaw_err_deg: 10.594
Epoch: [1/4], Batch: 3430/9482, Loss: 1626.475, Trans_L2_m: 1.184, Yaw_err_deg: 13.897
Epoch: [1/4], Batch: 3440/9482, Loss: 1354.388, Trans_L2_m: 0.989, Yaw_err_deg: 11.781
Epoch: [1/4], Batch: 3450/9482, Loss: 558.389, Trans_L2_m: 0.789, Yaw_err_deg: 6.554
Epoch: [1/4], Batch: 3460/9482, Loss: 1188.723, Trans_L2_m: 0.819, Yaw_err_deg: 10.750
Epoch: [1/4], Batch: 3470/9482, Loss: 2175.527, Trans_L2_m: 0.824, Yaw_err_deg: 17.304
Epoch: [1/4], Batch: 3480/9482, Loss: 1231.114, Trans_L2_m: 0.921, Yaw_err_deg: 10.190
Epoch: [1/4], Batch: 3490/9482, Loss: 650.126, Trans_L2_m: 0.546, Yaw_err_deg: 7.287
Epoch: [1/4], Batch: 3500/9482, Loss: 1485.540, Trans_L2_m: 1.437, Yaw_err_deg: 13.046
Epoch: [1/4], Batch: 3510/9482, Loss: 750.968, Trans_L2_m: 1.136, Yaw_err_deg: 7.143
Epoch: [1/4], Batch: 3520/9482, Loss: 279.924, Trans_L2_m: 1.021, Yaw_err_deg: 4.233
Epoch: [1/4], Batch: 3530/9482, Loss: 839.441, Trans_L2_m: 1.037, Yaw_err_deg: 8.072
Epoch: [1/4], Batch: 3540/9482, Loss: 775.336, Trans_L2_m: 0.792, Yaw_err_deg: 9.064
Epoch: [1/4], Batch: 3550/9482, Loss: 1209.686, Trans_L2_m: 0.727, Yaw_err_deg: 11.935
Epoch: [1/4], Batch: 3560/9482, Loss: 1033.929, Trans_L2_m: 0.973, Yaw_err_deg: 8.902
Epoch: [1/4], Batch: 3570/9482, Loss: 1562.667, Trans_L2_m: 0.806, Yaw_err_deg: 12.786
Epoch: [1/4], Batch: 3580/9482, Loss: 1102.594, Trans_L2_m: 0.850, Yaw_err_deg: 10.514
Epoch: [1/4], Batch: 3590/9482, Loss: 992.777, Trans_L2_m: 0.680, Yaw_err_deg: 10.080
Epoch: [1/4], Batch: 3600/9482, Loss: 855.660, Trans_L2_m: 1.083, Yaw_err_deg: 9.157
Epoch: [1/4], Batch: 3610/9482, Loss: 1255.492, Trans_L2_m: 1.702, Yaw_err_deg: 10.440
Epoch: [1/4], Batch: 3620/9482, Loss: 1577.831, Trans_L2_m: 0.568, Yaw_err_deg: 13.802
Epoch: [1/4], Batch: 3630/9482, Loss: 985.844, Trans_L2_m: 0.646, Yaw_err_deg: 10.257
Epoch: [1/4], Batch: 3640/9482, Loss: 751.729, Trans_L2_m: 0.780, Yaw_err_deg: 9.225
Epoch: [1/4], Batch: 3650/9482, Loss: 1025.817, Trans_L2_m: 0.969, Yaw_err_deg: 9.050
Epoch: [1/4], Batch: 3660/9482, Loss: 1108.081, Trans_L2_m: 0.942, Yaw_err_deg: 11.192
Epoch: [1/4], Batch: 3670/9482, Loss: 925.302, Trans_L2_m: 0.636, Yaw_err_deg: 7.813
Epoch: [1/4], Batch: 3680/9482, Loss: 804.455, Trans_L2_m: 0.913, Yaw_err_deg: 8.268
Epoch: [1/4], Batch: 3690/9482, Loss: 1214.250, Trans_L2_m: 1.127, Yaw_err_deg: 10.934
Epoch: [1/4], Batch: 3700/9482, Loss: 930.579, Trans_L2_m: 1.019, Yaw_err_deg: 10.331
Epoch: [1/4], Batch: 3710/9482, Loss: 336.027, Trans_L2_m: 0.988, Yaw_err_deg: 5.763
Epoch: [1/4], Batch: 3720/9482, Loss: 978.053, Trans_L2_m: 1.205, Yaw_err_deg: 10.447
Epoch: [1/4], Batch: 3730/9482, Loss: 919.204, Trans_L2_m: 0.980, Yaw_err_deg: 9.873
Epoch: [1/4], Batch: 3740/9482, Loss: 1244.707, Trans_L2_m: 0.896, Yaw_err_deg: 11.888
Epoch: [1/4], Batch: 3750/9482, Loss: 1139.770, Trans_L2_m: 0.931, Yaw_err_deg: 10.870
Epoch: [1/4], Batch: 3760/9482, Loss: 1414.448, Trans_L2_m: 0.532, Yaw_err_deg: 11.909
Epoch: [1/4], Batch: 3770/9482, Loss: 1639.427, Trans_L2_m: 0.828, Yaw_err_deg: 14.761
Epoch: [1/4], Batch: 3780/9482, Loss: 485.199, Trans_L2_m: 0.978, Yaw_err_deg: 6.000
Epoch: [1/4], Batch: 3790/9482, Loss: 805.952, Trans_L2_m: 0.660, Yaw_err_deg: 8.535
Epoch: [1/4], Batch: 3800/9482, Loss: 581.681, Trans_L2_m: 0.582, Yaw_err_deg: 6.507
Epoch: [1/4], Batch: 3810/9482, Loss: 1166.069, Trans_L2_m: 0.903, Yaw_err_deg: 11.709
Epoch: [1/4], Batch: 3820/9482, Loss: 1101.750, Trans_L2_m: 1.038, Yaw_err_deg: 9.667
Epoch: [1/4], Batch: 3830/9482, Loss: 891.451, Trans_L2_m: 1.150, Yaw_err_deg: 10.508
Epoch: [1/4], Batch: 3840/9482, Loss: 1463.187, Trans_L2_m: 0.906, Yaw_err_deg: 13.800
Epoch: [1/4], Batch: 3850/9482, Loss: 1416.924, Trans_L2_m: 1.355, Yaw_err_deg: 13.438
Epoch: [1/4], Batch: 3860/9482, Loss: 766.907, Trans_L2_m: 1.384, Yaw_err_deg: 8.221
Epoch: [1/4], Batch: 3870/9482, Loss: 781.713, Trans_L2_m: 1.185, Yaw_err_deg: 7.726
Epoch: [1/4], Batch: 3880/9482, Loss: 1257.235, Trans_L2_m: 0.587, Yaw_err_deg: 11.868
Epoch: [1/4], Batch: 3890/9482, Loss: 1123.649, Trans_L2_m: 1.175, Yaw_err_deg: 11.081
Epoch: [1/4], Batch: 3900/9482, Loss: 1814.590, Trans_L2_m: 1.530, Yaw_err_deg: 15.915
Epoch: [1/4], Batch: 3910/9482, Loss: 1077.584, Trans_L2_m: 1.267, Yaw_err_deg: 9.433
Epoch: [1/4], Batch: 3920/9482, Loss: 640.178, Trans_L2_m: 1.745, Yaw_err_deg: 6.083
Epoch: [1/4], Batch: 3930/9482, Loss: 1251.676, Trans_L2_m: 0.983, Yaw_err_deg: 12.345
Epoch: [1/4], Batch: 3940/9482, Loss: 992.413, Trans_L2_m: 0.758, Yaw_err_deg: 10.432
Epoch: [1/4], Batch: 3950/9482, Loss: 1387.109, Trans_L2_m: 0.523, Yaw_err_deg: 13.147
Epoch: [1/4], Batch: 3960/9482, Loss: 1025.362, Trans_L2_m: 0.793, Yaw_err_deg: 11.526
Epoch: [1/4], Batch: 3970/9482, Loss: 1098.096, Trans_L2_m: 0.755, Yaw_err_deg: 9.521
Epoch: [1/4], Batch: 3980/9482, Loss: 1387.344, Trans_L2_m: 0.797, Yaw_err_deg: 12.087
Epoch: [1/4], Batch: 3990/9482, Loss: 1117.472, Trans_L2_m: 0.827, Yaw_err_deg: 10.350
Epoch: [1/4], Batch: 4000/9482, Loss: 1001.385, Trans_L2_m: 0.812, Yaw_err_deg: 9.961
Epoch: [1/4], Batch: 4010/9482, Loss: 671.722, Trans_L2_m: 0.914, Yaw_err_deg: 8.379
Epoch: [1/4], Batch: 4020/9482, Loss: 1422.142, Trans_L2_m: 0.988, Yaw_err_deg: 13.868
Epoch: [1/4], Batch: 4030/9482, Loss: 596.886, Trans_L2_m: 0.777, Yaw_err_deg: 6.627
Epoch: [1/4], Batch: 4040/9482, Loss: 1061.756, Trans_L2_m: 1.073, Yaw_err_deg: 10.016
Epoch: [1/4], Batch: 4050/9482, Loss: 917.227, Trans_L2_m: 0.747, Yaw_err_deg: 8.868
Epoch: [1/4], Batch: 4060/9482, Loss: 990.581, Trans_L2_m: 0.993, Yaw_err_deg: 8.331
Epoch: [1/4], Batch: 4070/9482, Loss: 1314.270, Trans_L2_m: 0.776, Yaw_err_deg: 11.860
Epoch: [1/4], Batch: 4080/9482, Loss: 1065.855, Trans_L2_m: 0.804, Yaw_err_deg: 10.822
Epoch: [1/4], Batch: 4090/9482, Loss: 1106.687, Trans_L2_m: 1.115, Yaw_err_deg: 10.861
Epoch: [1/4], Batch: 4100/9482, Loss: 1176.302, Trans_L2_m: 1.492, Yaw_err_deg: 11.174
Epoch: [1/4], Batch: 4110/9482, Loss: 381.445, Trans_L2_m: 0.925, Yaw_err_deg: 5.199
Epoch: [1/4], Batch: 4120/9482, Loss: 609.053, Trans_L2_m: 0.762, Yaw_err_deg: 8.588
Epoch: [1/4], Batch: 4130/9482, Loss: 1501.692, Trans_L2_m: 1.231, Yaw_err_deg: 13.804
Epoch: [1/4], Batch: 4140/9482, Loss: 757.379, Trans_L2_m: 0.758, Yaw_err_deg: 7.517
Epoch: [1/4], Batch: 4150/9482, Loss: 980.753, Trans_L2_m: 0.853, Yaw_err_deg: 9.301
Epoch: [1/4], Batch: 4160/9482, Loss: 1240.373, Trans_L2_m: 1.388, Yaw_err_deg: 12.077
Epoch: [1/4], Batch: 4170/9482, Loss: 998.945, Trans_L2_m: 0.912, Yaw_err_deg: 9.537
Epoch: [1/4], Batch: 4180/9482, Loss: 654.569, Trans_L2_m: 0.606, Yaw_err_deg: 7.822
Epoch: [1/4], Batch: 4190/9482, Loss: 879.954, Trans_L2_m: 0.695, Yaw_err_deg: 9.447
Epoch: [1/4], Batch: 4200/9482, Loss: 1149.394, Trans_L2_m: 0.973, Yaw_err_deg: 11.536
Epoch: [1/4], Batch: 4210/9482, Loss: 1635.806, Trans_L2_m: 1.311, Yaw_err_deg: 15.176
Epoch: [1/4], Batch: 4220/9482, Loss: 1259.209, Trans_L2_m: 0.915, Yaw_err_deg: 12.192
Epoch: [1/4], Batch: 4230/9482, Loss: 638.217, Trans_L2_m: 1.046, Yaw_err_deg: 5.794
Epoch: [1/4], Batch: 4240/9482, Loss: 1109.234, Trans_L2_m: 1.314, Yaw_err_deg: 10.745
Epoch: [1/4], Batch: 4250/9482, Loss: 801.535, Trans_L2_m: 0.872, Yaw_err_deg: 10.430
Epoch: [1/4], Batch: 4260/9482, Loss: 1092.612, Trans_L2_m: 0.610, Yaw_err_deg: 10.563
Epoch: [1/4], Batch: 4270/9482, Loss: 1409.835, Trans_L2_m: 0.374, Yaw_err_deg: 12.482
Epoch: [1/4], Batch: 4280/9482, Loss: 546.893, Trans_L2_m: 0.427, Yaw_err_deg: 6.634
Epoch: [1/4], Batch: 4290/9482, Loss: 1809.608, Trans_L2_m: 0.737, Yaw_err_deg: 16.417
Epoch: [1/4], Batch: 4300/9482, Loss: 1552.995, Trans_L2_m: 0.740, Yaw_err_deg: 14.759
Epoch: [1/4], Batch: 4310/9482, Loss: 725.479, Trans_L2_m: 0.940, Yaw_err_deg: 8.496
Epoch: [1/4], Batch: 4320/9482, Loss: 798.281, Trans_L2_m: 0.727, Yaw_err_deg: 6.959
Epoch: [1/4], Batch: 4330/9482, Loss: 1191.643, Trans_L2_m: 1.181, Yaw_err_deg: 10.562
Epoch: [1/4], Batch: 4340/9482, Loss: 547.323, Trans_L2_m: 1.656, Yaw_err_deg: 7.640
Epoch: [1/4], Batch: 4350/9482, Loss: 1078.194, Trans_L2_m: 0.989, Yaw_err_deg: 10.773
Epoch: [1/4], Batch: 4360/9482, Loss: 1148.770, Trans_L2_m: 0.585, Yaw_err_deg: 11.814
Epoch: [1/4], Batch: 4370/9482, Loss: 1120.713, Trans_L2_m: 0.719, Yaw_err_deg: 10.672
Epoch: [1/4], Batch: 4380/9482, Loss: 897.838, Trans_L2_m: 1.272, Yaw_err_deg: 10.506
Epoch: [1/4], Batch: 4390/9482, Loss: 605.029, Trans_L2_m: 0.577, Yaw_err_deg: 7.117
Epoch: [1/4], Batch: 4400/9482, Loss: 1106.829, Trans_L2_m: 0.709, Yaw_err_deg: 10.307
Epoch: [1/4], Batch: 4410/9482, Loss: 817.886, Trans_L2_m: 1.215, Yaw_err_deg: 7.792
Epoch: [1/4], Batch: 4420/9482, Loss: 1541.734, Trans_L2_m: 0.639, Yaw_err_deg: 13.777
Epoch: [1/4], Batch: 4430/9482, Loss: 717.231, Trans_L2_m: 0.877, Yaw_err_deg: 7.106
Epoch: [1/4], Batch: 4440/9482, Loss: 1427.443, Trans_L2_m: 0.862, Yaw_err_deg: 13.500
Epoch: [1/4], Batch: 4450/9482, Loss: 1735.595, Trans_L2_m: 0.985, Yaw_err_deg: 15.662
Epoch: [1/4], Batch: 4460/9482, Loss: 975.542, Trans_L2_m: 1.445, Yaw_err_deg: 7.638
Epoch: [1/4], Batch: 4470/9482, Loss: 639.332, Trans_L2_m: 1.104, Yaw_err_deg: 8.187
Epoch: [1/4], Batch: 4480/9482, Loss: 2204.050, Trans_L2_m: 0.590, Yaw_err_deg: 17.002
Epoch: [1/4], Batch: 4490/9482, Loss: 1220.266, Trans_L2_m: 1.047, Yaw_err_deg: 12.717
Epoch: [1/4], Batch: 4500/9482, Loss: 919.307, Trans_L2_m: 1.354, Yaw_err_deg: 10.000
Epoch: [1/4], Batch: 4510/9482, Loss: 1309.179, Trans_L2_m: 1.046, Yaw_err_deg: 10.967
Epoch: [1/4], Batch: 4520/9482, Loss: 699.239, Trans_L2_m: 1.231, Yaw_err_deg: 8.350
Epoch: [1/4], Batch: 4530/9482, Loss: 601.489, Trans_L2_m: 1.058, Yaw_err_deg: 7.339
Epoch: [1/4], Batch: 4540/9482, Loss: 886.665, Trans_L2_m: 0.965, Yaw_err_deg: 9.178
Epoch: [1/4], Batch: 4550/9482, Loss: 1429.034, Trans_L2_m: 0.919, Yaw_err_deg: 12.144
Epoch: [1/4], Batch: 4560/9482, Loss: 1148.943, Trans_L2_m: 0.969, Yaw_err_deg: 11.962
Epoch: [1/4], Batch: 4570/9482, Loss: 925.239, Trans_L2_m: 0.806, Yaw_err_deg: 9.864
Epoch: [1/4], Batch: 4580/9482, Loss: 1420.703, Trans_L2_m: 1.027, Yaw_err_deg: 11.980
Epoch: [1/4], Batch: 4590/9482, Loss: 1311.746, Trans_L2_m: 0.766, Yaw_err_deg: 12.578
Epoch: [1/4], Batch: 4600/9482, Loss: 712.485, Trans_L2_m: 1.003, Yaw_err_deg: 7.267
Epoch: [1/4], Batch: 4610/9482, Loss: 1201.643, Trans_L2_m: 0.704, Yaw_err_deg: 10.054
Epoch: [1/4], Batch: 4620/9482, Loss: 1298.711, Trans_L2_m: 0.948, Yaw_err_deg: 10.003
Epoch: [1/4], Batch: 4630/9482, Loss: 791.825, Trans_L2_m: 0.728, Yaw_err_deg: 9.229
Epoch: [1/4], Batch: 4640/9482, Loss: 1090.138, Trans_L2_m: 0.575, Yaw_err_deg: 11.723
Epoch: [1/4], Batch: 4650/9482, Loss: 1112.504, Trans_L2_m: 1.000, Yaw_err_deg: 11.642
Epoch: [1/4], Batch: 4660/9482, Loss: 583.298, Trans_L2_m: 0.901, Yaw_err_deg: 7.025
Epoch: [1/4], Batch: 4670/9482, Loss: 1516.358, Trans_L2_m: 0.840, Yaw_err_deg: 13.224
Epoch: [1/4], Batch: 4680/9482, Loss: 1091.894, Trans_L2_m: 0.637, Yaw_err_deg: 11.776
Epoch: [1/4], Batch: 4690/9482, Loss: 1512.082, Trans_L2_m: 0.572, Yaw_err_deg: 14.723
Epoch: [1/4], Batch: 4700/9482, Loss: 1210.919, Trans_L2_m: 0.733, Yaw_err_deg: 12.719
Epoch: [1/4], Batch: 4710/9482, Loss: 638.521, Trans_L2_m: 1.010, Yaw_err_deg: 7.515
Epoch: [1/4], Batch: 4720/9482, Loss: 720.326, Trans_L2_m: 0.907, Yaw_err_deg: 8.067
Epoch: [1/4], Batch: 4730/9482, Loss: 1384.760, Trans_L2_m: 1.059, Yaw_err_deg: 14.670
Epoch: [1/4], Batch: 4740/9482, Loss: 767.829, Trans_L2_m: 1.193, Yaw_err_deg: 8.754
Epoch: [1/4], Batch: 4750/9482, Loss: 737.489, Trans_L2_m: 0.527, Yaw_err_deg: 7.739
Epoch: [1/4], Batch: 4760/9482, Loss: 1200.408, Trans_L2_m: 0.648, Yaw_err_deg: 12.998
Epoch: [1/4], Batch: 4770/9482, Loss: 607.083, Trans_L2_m: 0.589, Yaw_err_deg: 7.590
Epoch: [1/4], Batch: 4780/9482, Loss: 1196.758, Trans_L2_m: 1.213, Yaw_err_deg: 10.692
Epoch: [1/4], Batch: 4790/9482, Loss: 1089.843, Trans_L2_m: 1.252, Yaw_err_deg: 10.713
Epoch: [1/4], Batch: 4800/9482, Loss: 1005.674, Trans_L2_m: 0.923, Yaw_err_deg: 10.379
Epoch: [1/4], Batch: 4810/9482, Loss: 652.156, Trans_L2_m: 1.448, Yaw_err_deg: 5.949
Epoch: [1/4], Batch: 4820/9482, Loss: 1181.028, Trans_L2_m: 0.925, Yaw_err_deg: 11.505
Epoch: [1/4], Batch: 4830/9482, Loss: 1234.000, Trans_L2_m: 0.849, Yaw_err_deg: 11.722
Epoch: [1/4], Batch: 4840/9482, Loss: 1042.373, Trans_L2_m: 0.799, Yaw_err_deg: 11.175
Epoch: [1/4], Batch: 4850/9482, Loss: 1296.260, Trans_L2_m: 0.849, Yaw_err_deg: 11.868
Epoch: [1/4], Batch: 4860/9482, Loss: 674.214, Trans_L2_m: 0.839, Yaw_err_deg: 7.495
Epoch: [1/4], Batch: 4870/9482, Loss: 603.270, Trans_L2_m: 0.672, Yaw_err_deg: 6.742
Epoch: [1/4], Batch: 4880/9482, Loss: 1117.902, Trans_L2_m: 0.694, Yaw_err_deg: 10.885
Epoch: [1/4], Batch: 4890/9482, Loss: 725.849, Trans_L2_m: 0.732, Yaw_err_deg: 8.341
Epoch: [1/4], Batch: 4900/9482, Loss: 1233.107, Trans_L2_m: 1.036, Yaw_err_deg: 11.474
Epoch: [1/4], Batch: 4910/9482, Loss: 1687.901, Trans_L2_m: 0.491, Yaw_err_deg: 15.307
Epoch: [1/4], Batch: 4920/9482, Loss: 898.516, Trans_L2_m: 0.812, Yaw_err_deg: 10.140
Epoch: [1/4], Batch: 4930/9482, Loss: 746.488, Trans_L2_m: 1.373, Yaw_err_deg: 7.377
Epoch: [1/4], Batch: 4940/9482, Loss: 909.680, Trans_L2_m: 1.159, Yaw_err_deg: 8.888
Epoch: [1/4], Batch: 4950/9482, Loss: 874.589, Trans_L2_m: 0.970, Yaw_err_deg: 8.626
Epoch: [1/4], Batch: 4960/9482, Loss: 1165.024, Trans_L2_m: 0.984, Yaw_err_deg: 12.206
Epoch: [1/4], Batch: 4970/9482, Loss: 634.179, Trans_L2_m: 1.159, Yaw_err_deg: 7.734
Epoch: [1/4], Batch: 4980/9482, Loss: 552.641, Trans_L2_m: 0.860, Yaw_err_deg: 6.124
Epoch: [1/4], Batch: 4990/9482, Loss: 1249.302, Trans_L2_m: 0.692, Yaw_err_deg: 11.436
Epoch: [1/4], Batch: 5000/9482, Loss: 1141.906, Trans_L2_m: 0.708, Yaw_err_deg: 11.744
Epoch: [1/4], Batch: 5010/9482, Loss: 360.375, Trans_L2_m: 0.897, Yaw_err_deg: 5.314
Epoch: [1/4], Batch: 5020/9482, Loss: 993.616, Trans_L2_m: 0.560, Yaw_err_deg: 10.471
Epoch: [1/4], Batch: 5030/9482, Loss: 1007.674, Trans_L2_m: 0.692, Yaw_err_deg: 10.256
Epoch: [1/4], Batch: 5040/9482, Loss: 975.524, Trans_L2_m: 0.505, Yaw_err_deg: 11.271
Epoch: [1/4], Batch: 5050/9482, Loss: 647.729, Trans_L2_m: 0.716, Yaw_err_deg: 7.356
Epoch: [1/4], Batch: 5060/9482, Loss: 1326.302, Trans_L2_m: 0.958, Yaw_err_deg: 13.425
Epoch: [1/4], Batch: 5070/9482, Loss: 916.324, Trans_L2_m: 0.448, Yaw_err_deg: 10.133
Epoch: [1/4], Batch: 5080/9482, Loss: 756.331, Trans_L2_m: 0.724, Yaw_err_deg: 9.082
Epoch: [1/4], Batch: 5090/9482, Loss: 490.429, Trans_L2_m: 0.861, Yaw_err_deg: 6.777
Epoch: [1/4], Batch: 5100/9482, Loss: 871.939, Trans_L2_m: 1.040, Yaw_err_deg: 9.396
Epoch: [1/4], Batch: 5110/9482, Loss: 1160.102, Trans_L2_m: 0.804, Yaw_err_deg: 11.987
Epoch: [1/4], Batch: 5120/9482, Loss: 541.519, Trans_L2_m: 0.661, Yaw_err_deg: 6.886
Epoch: [1/4], Batch: 5130/9482, Loss: 1039.155, Trans_L2_m: 0.758, Yaw_err_deg: 11.788
Epoch: [1/4], Batch: 5140/9482, Loss: 1222.654, Trans_L2_m: 1.343, Yaw_err_deg: 12.103
Epoch: [1/4], Batch: 5150/9482, Loss: 1521.256, Trans_L2_m: 0.487, Yaw_err_deg: 15.205
Epoch: [1/4], Batch: 5160/9482, Loss: 430.297, Trans_L2_m: 0.654, Yaw_err_deg: 5.804
Epoch: [1/4], Batch: 5170/9482, Loss: 1002.602, Trans_L2_m: 1.443, Yaw_err_deg: 9.769
Epoch: [1/4], Batch: 5180/9482, Loss: 1731.872, Trans_L2_m: 1.136, Yaw_err_deg: 15.813
Epoch: [1/4], Batch: 5190/9482, Loss: 1317.066, Trans_L2_m: 0.910, Yaw_err_deg: 11.893
Epoch: [1/4], Batch: 5200/9482, Loss: 1027.533, Trans_L2_m: 0.980, Yaw_err_deg: 9.923
Epoch: [1/4], Batch: 5210/9482, Loss: 1394.491, Trans_L2_m: 0.941, Yaw_err_deg: 11.986
Epoch: [1/4], Batch: 5220/9482, Loss: 765.624, Trans_L2_m: 0.604, Yaw_err_deg: 9.210
Epoch: [1/4], Batch: 5230/9482, Loss: 864.098, Trans_L2_m: 0.914, Yaw_err_deg: 8.638
Epoch: [1/4], Batch: 5240/9482, Loss: 821.310, Trans_L2_m: 0.892, Yaw_err_deg: 9.880
Epoch: [1/4], Batch: 5250/9482, Loss: 894.130, Trans_L2_m: 0.547, Yaw_err_deg: 9.980
Epoch: [1/4], Batch: 5260/9482, Loss: 909.963, Trans_L2_m: 0.649, Yaw_err_deg: 9.540
Epoch: [1/4], Batch: 5270/9482, Loss: 928.111, Trans_L2_m: 0.937, Yaw_err_deg: 8.522
Epoch: [1/4], Batch: 5280/9482, Loss: 727.901, Trans_L2_m: 1.003, Yaw_err_deg: 9.233
Epoch: [1/4], Batch: 5290/9482, Loss: 1465.688, Trans_L2_m: 1.387, Yaw_err_deg: 13.064
Epoch: [1/4], Batch: 5300/9482, Loss: 1164.873, Trans_L2_m: 0.900, Yaw_err_deg: 11.820
Epoch: [1/4], Batch: 5310/9482, Loss: 978.471, Trans_L2_m: 1.471, Yaw_err_deg: 11.032
Epoch: [1/4], Batch: 5320/9482, Loss: 1729.500, Trans_L2_m: 0.979, Yaw_err_deg: 15.863
Epoch: [1/4], Batch: 5330/9482, Loss: 1063.816, Trans_L2_m: 1.182, Yaw_err_deg: 11.326
Epoch: [1/4], Batch: 5340/9482, Loss: 1189.408, Trans_L2_m: 0.892, Yaw_err_deg: 11.436
Epoch: [1/4], Batch: 5350/9482, Loss: 656.042, Trans_L2_m: 0.512, Yaw_err_deg: 6.951
Epoch: [1/4], Batch: 5360/9482, Loss: 970.165, Trans_L2_m: 0.728, Yaw_err_deg: 9.228
Epoch: [1/4], Batch: 5370/9482, Loss: 863.923, Trans_L2_m: 1.082, Yaw_err_deg: 8.318
Epoch: [1/4], Batch: 5380/9482, Loss: 867.948, Trans_L2_m: 0.996, Yaw_err_deg: 7.997
Epoch: [1/4], Batch: 5390/9482, Loss: 762.686, Trans_L2_m: 0.843, Yaw_err_deg: 9.037
Epoch: [1/4], Batch: 5400/9482, Loss: 1237.820, Trans_L2_m: 1.266, Yaw_err_deg: 11.539
Epoch: [1/4], Batch: 5410/9482, Loss: 1230.624, Trans_L2_m: 0.896, Yaw_err_deg: 11.133
Epoch: [1/4], Batch: 5420/9482, Loss: 353.028, Trans_L2_m: 0.564, Yaw_err_deg: 4.752
Epoch: [1/4], Batch: 5430/9482, Loss: 1132.144, Trans_L2_m: 0.634, Yaw_err_deg: 10.103
Epoch: [1/4], Batch: 5440/9482, Loss: 675.018, Trans_L2_m: 1.325, Yaw_err_deg: 7.348
Epoch: [1/4], Batch: 5450/9482, Loss: 943.727, Trans_L2_m: 0.586, Yaw_err_deg: 10.256
Epoch: [1/4], Batch: 5460/9482, Loss: 1606.178, Trans_L2_m: 1.330, Yaw_err_deg: 13.596
Epoch: [1/4], Batch: 5470/9482, Loss: 1800.546, Trans_L2_m: 0.763, Yaw_err_deg: 15.229
Epoch: [1/4], Batch: 5480/9482, Loss: 884.107, Trans_L2_m: 0.671, Yaw_err_deg: 9.150
Epoch: [1/4], Batch: 5490/9482, Loss: 567.773, Trans_L2_m: 1.231, Yaw_err_deg: 7.162
Epoch: [1/4], Batch: 5500/9482, Loss: 708.341, Trans_L2_m: 1.123, Yaw_err_deg: 7.608
Epoch: [1/4], Batch: 5510/9482, Loss: 1015.316, Trans_L2_m: 0.619, Yaw_err_deg: 11.016
Epoch: [1/4], Batch: 5520/9482, Loss: 823.100, Trans_L2_m: 0.967, Yaw_err_deg: 9.470
Epoch: [1/4], Batch: 5530/9482, Loss: 739.242, Trans_L2_m: 0.901, Yaw_err_deg: 8.959
Epoch: [1/4], Batch: 5540/9482, Loss: 623.204, Trans_L2_m: 1.154, Yaw_err_deg: 8.288
Epoch: [1/4], Batch: 5550/9482, Loss: 774.594, Trans_L2_m: 0.484, Yaw_err_deg: 7.631
Epoch: [1/4], Batch: 5560/9482, Loss: 1322.099, Trans_L2_m: 0.763, Yaw_err_deg: 13.569
Epoch: [1/4], Batch: 5570/9482, Loss: 1725.911, Trans_L2_m: 0.756, Yaw_err_deg: 15.389
Epoch: [1/4], Batch: 5580/9482, Loss: 1152.871, Trans_L2_m: 0.857, Yaw_err_deg: 12.269
Epoch: [1/4], Batch: 5590/9482, Loss: 1208.018, Trans_L2_m: 0.962, Yaw_err_deg: 12.120
Epoch: [1/4], Batch: 5600/9482, Loss: 1062.475, Trans_L2_m: 1.003, Yaw_err_deg: 10.284
Epoch: [1/4], Batch: 5610/9482, Loss: 1149.427, Trans_L2_m: 0.694, Yaw_err_deg: 11.009
Epoch: [1/4], Batch: 5620/9482, Loss: 1526.335, Trans_L2_m: 0.753, Yaw_err_deg: 13.400
Epoch: [1/4], Batch: 5630/9482, Loss: 715.756, Trans_L2_m: 0.908, Yaw_err_deg: 7.134
Epoch: [1/4], Batch: 5640/9482, Loss: 1220.052, Trans_L2_m: 0.756, Yaw_err_deg: 11.782
Epoch: [1/4], Batch: 5650/9482, Loss: 596.779, Trans_L2_m: 0.760, Yaw_err_deg: 7.819
Epoch: [1/4], Batch: 5660/9482, Loss: 1050.427, Trans_L2_m: 1.130, Yaw_err_deg: 11.868
Epoch: [1/4], Batch: 5670/9482, Loss: 1518.391, Trans_L2_m: 0.965, Yaw_err_deg: 14.636
Epoch: [1/4], Batch: 5680/9482, Loss: 742.966, Trans_L2_m: 1.046, Yaw_err_deg: 8.461
Epoch: [1/4], Batch: 5690/9482, Loss: 1488.870, Trans_L2_m: 0.952, Yaw_err_deg: 13.537
Epoch: [1/4], Batch: 5700/9482, Loss: 900.163, Trans_L2_m: 0.684, Yaw_err_deg: 8.690
Epoch: [1/4], Batch: 5710/9482, Loss: 1066.943, Trans_L2_m: 0.803, Yaw_err_deg: 10.222
Epoch: [1/4], Batch: 5720/9482, Loss: 939.119, Trans_L2_m: 0.669, Yaw_err_deg: 10.080
Epoch: [1/4], Batch: 5730/9482, Loss: 1104.854, Trans_L2_m: 0.825, Yaw_err_deg: 10.905
Epoch: [1/4], Batch: 5740/9482, Loss: 820.634, Trans_L2_m: 0.603, Yaw_err_deg: 8.234
Epoch: [1/4], Batch: 5750/9482, Loss: 843.813, Trans_L2_m: 1.450, Yaw_err_deg: 9.143
Epoch: [1/4], Batch: 5760/9482, Loss: 1343.306, Trans_L2_m: 1.225, Yaw_err_deg: 13.257
Epoch: [1/4], Batch: 5770/9482, Loss: 1037.520, Trans_L2_m: 0.969, Yaw_err_deg: 10.792
Epoch: [1/4], Batch: 5780/9482, Loss: 890.252, Trans_L2_m: 0.717, Yaw_err_deg: 10.237
Epoch: [1/4], Batch: 5790/9482, Loss: 1218.839, Trans_L2_m: 1.031, Yaw_err_deg: 11.416
Epoch: [1/4], Batch: 5800/9482, Loss: 832.021, Trans_L2_m: 0.916, Yaw_err_deg: 9.365
Epoch: [1/4], Batch: 5810/9482, Loss: 1498.851, Trans_L2_m: 0.809, Yaw_err_deg: 14.076
Epoch: [1/4], Batch: 5820/9482, Loss: 944.594, Trans_L2_m: 0.824, Yaw_err_deg: 10.362
Epoch: [1/4], Batch: 5830/9482, Loss: 1525.898, Trans_L2_m: 0.914, Yaw_err_deg: 13.607
Epoch: [1/4], Batch: 5840/9482, Loss: 907.600, Trans_L2_m: 0.620, Yaw_err_deg: 10.477
Epoch: [1/4], Batch: 5850/9482, Loss: 1437.267, Trans_L2_m: 1.330, Yaw_err_deg: 13.681
Epoch: [1/4], Batch: 5860/9482, Loss: 1299.836, Trans_L2_m: 0.592, Yaw_err_deg: 12.189
Epoch: [1/4], Batch: 5870/9482, Loss: 359.157, Trans_L2_m: 0.673, Yaw_err_deg: 6.038
Epoch: [1/4], Batch: 5880/9482, Loss: 1200.133, Trans_L2_m: 0.768, Yaw_err_deg: 10.647
Epoch: [1/4], Batch: 5890/9482, Loss: 673.299, Trans_L2_m: 0.583, Yaw_err_deg: 7.790
Epoch: [1/4], Batch: 5900/9482, Loss: 620.281, Trans_L2_m: 0.886, Yaw_err_deg: 7.754
Epoch: [1/4], Batch: 5910/9482, Loss: 1093.026, Trans_L2_m: 1.159, Yaw_err_deg: 9.912
Epoch: [1/4], Batch: 5920/9482, Loss: 1056.409, Trans_L2_m: 0.451, Yaw_err_deg: 10.398
Epoch: [1/4], Batch: 5930/9482, Loss: 583.851, Trans_L2_m: 0.669, Yaw_err_deg: 7.817
Epoch: [1/4], Batch: 5940/9482, Loss: 307.923, Trans_L2_m: 0.647, Yaw_err_deg: 5.255
Epoch: [1/4], Batch: 5950/9482, Loss: 1163.364, Trans_L2_m: 0.950, Yaw_err_deg: 10.575
Epoch: [1/4], Batch: 5960/9482, Loss: 866.556, Trans_L2_m: 0.349, Yaw_err_deg: 10.276
Epoch: [1/4], Batch: 5970/9482, Loss: 1210.634, Trans_L2_m: 1.052, Yaw_err_deg: 11.556
Epoch: [1/4], Batch: 5980/9482, Loss: 955.655, Trans_L2_m: 0.620, Yaw_err_deg: 11.119
Epoch: [1/4], Batch: 5990/9482, Loss: 664.203, Trans_L2_m: 1.484, Yaw_err_deg: 6.839
Epoch: [1/4], Batch: 6000/9482, Loss: 1226.561, Trans_L2_m: 0.929, Yaw_err_deg: 11.963
Epoch: [1/4], Batch: 6010/9482, Loss: 831.446, Trans_L2_m: 0.912, Yaw_err_deg: 8.706
Epoch: [1/4], Batch: 6020/9482, Loss: 650.124, Trans_L2_m: 0.835, Yaw_err_deg: 7.630
Epoch: [1/4], Batch: 6030/9482, Loss: 1006.102, Trans_L2_m: 0.937, Yaw_err_deg: 10.772
Epoch: [1/4], Batch: 6040/9482, Loss: 562.614, Trans_L2_m: 0.589, Yaw_err_deg: 7.945
Epoch: [1/4], Batch: 6050/9482, Loss: 661.340, Trans_L2_m: 1.009, Yaw_err_deg: 7.463
Epoch: [1/4], Batch: 6060/9482, Loss: 934.947, Trans_L2_m: 1.084, Yaw_err_deg: 10.484
Epoch: [1/4], Batch: 6070/9482, Loss: 733.430, Trans_L2_m: 0.907, Yaw_err_deg: 8.192
Epoch: [1/4], Batch: 6080/9482, Loss: 760.453, Trans_L2_m: 0.585, Yaw_err_deg: 9.713
Epoch: [1/4], Batch: 6090/9482, Loss: 1324.702, Trans_L2_m: 0.795, Yaw_err_deg: 13.763
Epoch: [1/4], Batch: 6100/9482, Loss: 1009.480, Trans_L2_m: 0.893, Yaw_err_deg: 10.687
Epoch: [1/4], Batch: 6110/9482, Loss: 1186.507, Trans_L2_m: 0.770, Yaw_err_deg: 11.627
Epoch: [1/4], Batch: 6120/9482, Loss: 705.488, Trans_L2_m: 1.079, Yaw_err_deg: 8.203
Epoch: [1/4], Batch: 6130/9482, Loss: 871.941, Trans_L2_m: 1.091, Yaw_err_deg: 9.275
Epoch: [1/4], Batch: 6140/9482, Loss: 536.771, Trans_L2_m: 0.782, Yaw_err_deg: 7.729
Epoch: [1/4], Batch: 6150/9482, Loss: 1014.034, Trans_L2_m: 0.786, Yaw_err_deg: 10.929
Epoch: [1/4], Batch: 6160/9482, Loss: 1195.694, Trans_L2_m: 0.747, Yaw_err_deg: 11.632
Epoch: [1/4], Batch: 6170/9482, Loss: 973.764, Trans_L2_m: 0.512, Yaw_err_deg: 11.036
Epoch: [1/4], Batch: 6180/9482, Loss: 1262.899, Trans_L2_m: 0.860, Yaw_err_deg: 13.024
Epoch: [1/4], Batch: 6190/9482, Loss: 757.202, Trans_L2_m: 0.932, Yaw_err_deg: 9.240
Epoch: [1/4], Batch: 6200/9482, Loss: 1090.981, Trans_L2_m: 0.849, Yaw_err_deg: 10.429
Epoch: [1/4], Batch: 6210/9482, Loss: 756.822, Trans_L2_m: 0.998, Yaw_err_deg: 8.117
Epoch: [1/4], Batch: 6220/9482, Loss: 568.489, Trans_L2_m: 0.253, Yaw_err_deg: 8.770
Epoch: [1/4], Batch: 6230/9482, Loss: 820.639, Trans_L2_m: 0.763, Yaw_err_deg: 10.287
Epoch: [1/4], Batch: 6240/9482, Loss: 1144.816, Trans_L2_m: 0.690, Yaw_err_deg: 12.194
Epoch: [1/4], Batch: 6250/9482, Loss: 904.055, Trans_L2_m: 1.214, Yaw_err_deg: 8.622
Epoch: [1/4], Batch: 6260/9482, Loss: 477.972, Trans_L2_m: 1.262, Yaw_err_deg: 6.219
Epoch: [1/4], Batch: 6270/9482, Loss: 1460.060, Trans_L2_m: 1.355, Yaw_err_deg: 13.029
Epoch: [1/4], Batch: 6280/9482, Loss: 495.250, Trans_L2_m: 0.830, Yaw_err_deg: 6.719
Epoch: [1/4], Batch: 6290/9482, Loss: 313.615, Trans_L2_m: 1.390, Yaw_err_deg: 5.074
Epoch: [1/4], Batch: 6300/9482, Loss: 1127.729, Trans_L2_m: 0.840, Yaw_err_deg: 11.007
Epoch: [1/4], Batch: 6310/9482, Loss: 988.188, Trans_L2_m: 0.503, Yaw_err_deg: 10.501
Epoch: [1/4], Batch: 6320/9482, Loss: 1177.987, Trans_L2_m: 0.822, Yaw_err_deg: 11.062
Epoch: [1/4], Batch: 6330/9482, Loss: 754.122, Trans_L2_m: 0.863, Yaw_err_deg: 8.751
Epoch: [1/4], Batch: 6340/9482, Loss: 1349.710, Trans_L2_m: 1.132, Yaw_err_deg: 12.884
Epoch: [1/4], Batch: 6350/9482, Loss: 556.133, Trans_L2_m: 0.973, Yaw_err_deg: 7.354
Epoch: [1/4], Batch: 6360/9482, Loss: 1477.474, Trans_L2_m: 0.694, Yaw_err_deg: 13.318
Epoch: [1/4], Batch: 6370/9482, Loss: 1374.005, Trans_L2_m: 0.600, Yaw_err_deg: 13.517
Epoch: [1/4], Batch: 6380/9482, Loss: 1012.981, Trans_L2_m: 1.310, Yaw_err_deg: 10.977
Epoch: [1/4], Batch: 6390/9482, Loss: 919.845, Trans_L2_m: 1.128, Yaw_err_deg: 10.236
Epoch: [1/4], Batch: 6400/9482, Loss: 1030.890, Trans_L2_m: 0.683, Yaw_err_deg: 11.506
Epoch: [1/4], Batch: 6410/9482, Loss: 792.236, Trans_L2_m: 0.860, Yaw_err_deg: 8.490
Epoch: [1/4], Batch: 6420/9482, Loss: 367.909, Trans_L2_m: 0.996, Yaw_err_deg: 4.894
Epoch: [1/4], Batch: 6430/9482, Loss: 1695.092, Trans_L2_m: 1.040, Yaw_err_deg: 15.709
Epoch: [1/4], Batch: 6440/9482, Loss: 682.823, Trans_L2_m: 0.758, Yaw_err_deg: 6.721
Epoch: [1/4], Batch: 6450/9482, Loss: 869.058, Trans_L2_m: 1.183, Yaw_err_deg: 9.312
Epoch: [1/4], Batch: 6460/9482, Loss: 1074.192, Trans_L2_m: 0.706, Yaw_err_deg: 10.931
Epoch: [1/4], Batch: 6470/9482, Loss: 1605.810, Trans_L2_m: 0.606, Yaw_err_deg: 14.378
Epoch: [1/4], Batch: 6480/9482, Loss: 907.234, Trans_L2_m: 0.848, Yaw_err_deg: 10.956
Epoch: [1/4], Batch: 6490/9482, Loss: 1079.873, Trans_L2_m: 0.703, Yaw_err_deg: 11.635
Epoch: [1/4], Batch: 6500/9482, Loss: 1325.982, Trans_L2_m: 0.796, Yaw_err_deg: 10.813
Epoch: [1/4], Batch: 6510/9482, Loss: 792.511, Trans_L2_m: 0.992, Yaw_err_deg: 9.141
Epoch: [1/4], Batch: 6520/9482, Loss: 593.920, Trans_L2_m: 0.586, Yaw_err_deg: 5.125
Epoch: [1/4], Batch: 6530/9482, Loss: 687.530, Trans_L2_m: 0.793, Yaw_err_deg: 8.511
Epoch: [1/4], Batch: 6540/9482, Loss: 891.885, Trans_L2_m: 1.119, Yaw_err_deg: 9.103
Epoch: [1/4], Batch: 6550/9482, Loss: 440.631, Trans_L2_m: 0.779, Yaw_err_deg: 6.811
Epoch: [1/4], Batch: 6560/9482, Loss: 1598.259, Trans_L2_m: 2.053, Yaw_err_deg: 13.688
Epoch: [1/4], Batch: 6570/9482, Loss: 417.229, Trans_L2_m: 1.297, Yaw_err_deg: 6.071
Epoch: [1/4], Batch: 6580/9482, Loss: 523.035, Trans_L2_m: 1.322, Yaw_err_deg: 6.625
Epoch: [1/4], Batch: 6590/9482, Loss: 751.345, Trans_L2_m: 0.901, Yaw_err_deg: 8.035
Epoch: [1/4], Batch: 6600/9482, Loss: 568.362, Trans_L2_m: 1.091, Yaw_err_deg: 6.146
Epoch: [1/4], Batch: 6610/9482, Loss: 1097.915, Trans_L2_m: 1.478, Yaw_err_deg: 10.675
Epoch: [1/4], Batch: 6620/9482, Loss: 730.858, Trans_L2_m: 1.114, Yaw_err_deg: 9.117
Epoch: [1/4], Batch: 6630/9482, Loss: 619.971, Trans_L2_m: 1.025, Yaw_err_deg: 7.654
Epoch: [1/4], Batch: 6640/9482, Loss: 760.807, Trans_L2_m: 0.611, Yaw_err_deg: 9.141
Epoch: [1/4], Batch: 6650/9482, Loss: 978.860, Trans_L2_m: 0.667, Yaw_err_deg: 11.441
Epoch: [1/4], Batch: 6660/9482, Loss: 939.771, Trans_L2_m: 0.853, Yaw_err_deg: 9.896
Epoch: [1/4], Batch: 6670/9482, Loss: 537.317, Trans_L2_m: 0.396, Yaw_err_deg: 5.482
Epoch: [1/4], Batch: 6680/9482, Loss: 326.139, Trans_L2_m: 1.159, Yaw_err_deg: 4.866
Epoch: [1/4], Batch: 6690/9482, Loss: 1508.554, Trans_L2_m: 1.282, Yaw_err_deg: 13.300
Epoch: [1/4], Batch: 6700/9482, Loss: 961.614, Trans_L2_m: 0.636, Yaw_err_deg: 9.630
Epoch: [1/4], Batch: 6710/9482, Loss: 784.463, Trans_L2_m: 0.912, Yaw_err_deg: 8.165
Epoch: [1/4], Batch: 6720/9482, Loss: 575.813, Trans_L2_m: 1.074, Yaw_err_deg: 7.740
Epoch: [1/4], Batch: 6730/9482, Loss: 1579.401, Trans_L2_m: 0.656, Yaw_err_deg: 14.898
Epoch: [1/4], Batch: 6740/9482, Loss: 1239.715, Trans_L2_m: 0.688, Yaw_err_deg: 11.911
Epoch: [1/4], Batch: 6750/9482, Loss: 340.219, Trans_L2_m: 0.585, Yaw_err_deg: 6.424
Epoch: [1/4], Batch: 6760/9482, Loss: 1345.113, Trans_L2_m: 0.563, Yaw_err_deg: 13.572
Epoch: [1/4], Batch: 6770/9482, Loss: 580.574, Trans_L2_m: 0.914, Yaw_err_deg: 7.961
Epoch: [1/4], Batch: 6780/9482, Loss: 899.969, Trans_L2_m: 1.111, Yaw_err_deg: 8.432
Epoch: [1/4], Batch: 6790/9482, Loss: 490.084, Trans_L2_m: 0.836, Yaw_err_deg: 5.926
Epoch: [1/4], Batch: 6800/9482, Loss: 1141.531, Trans_L2_m: 0.651, Yaw_err_deg: 11.791
Epoch: [1/4], Batch: 6810/9482, Loss: 1416.275, Trans_L2_m: 0.552, Yaw_err_deg: 14.024
Epoch: [1/4], Batch: 6820/9482, Loss: 881.946, Trans_L2_m: 1.000, Yaw_err_deg: 10.056
Epoch: [1/4], Batch: 6830/9482, Loss: 711.343, Trans_L2_m: 1.200, Yaw_err_deg: 8.114
Epoch: [1/4], Batch: 6840/9482, Loss: 1502.909, Trans_L2_m: 0.667, Yaw_err_deg: 14.731
Epoch: [1/4], Batch: 6850/9482, Loss: 1055.052, Trans_L2_m: 1.037, Yaw_err_deg: 10.447
Epoch: [1/4], Batch: 6860/9482, Loss: 990.878, Trans_L2_m: 0.736, Yaw_err_deg: 11.432
Epoch: [1/4], Batch: 6870/9482, Loss: 739.527, Trans_L2_m: 0.715, Yaw_err_deg: 9.093
Epoch: [1/4], Batch: 6880/9482, Loss: 903.594, Trans_L2_m: 0.715, Yaw_err_deg: 9.529
Epoch: [1/4], Batch: 6890/9482, Loss: 1733.039, Trans_L2_m: 0.726, Yaw_err_deg: 15.198
Epoch: [1/4], Batch: 6900/9482, Loss: 742.014, Trans_L2_m: 0.811, Yaw_err_deg: 9.108
Epoch: [1/4], Batch: 6910/9482, Loss: 914.964, Trans_L2_m: 0.693, Yaw_err_deg: 10.040
Epoch: [1/4], Batch: 6920/9482, Loss: 359.969, Trans_L2_m: 0.648, Yaw_err_deg: 5.433
Epoch: [1/4], Batch: 6930/9482, Loss: 984.779, Trans_L2_m: 0.918, Yaw_err_deg: 9.557
Epoch: [1/4], Batch: 6940/9482, Loss: 388.786, Trans_L2_m: 0.675, Yaw_err_deg: 4.666
Epoch: [1/4], Batch: 6950/9482, Loss: 1267.431, Trans_L2_m: 1.851, Yaw_err_deg: 10.259
Epoch: [1/4], Batch: 6960/9482, Loss: 827.203, Trans_L2_m: 0.584, Yaw_err_deg: 9.446
Epoch: [1/4], Batch: 6970/9482, Loss: 1161.794, Trans_L2_m: 1.314, Yaw_err_deg: 11.091
Epoch: [1/4], Batch: 6980/9482, Loss: 1108.321, Trans_L2_m: 1.238, Yaw_err_deg: 10.847
Epoch: [1/4], Batch: 6990/9482, Loss: 1074.081, Trans_L2_m: 0.972, Yaw_err_deg: 11.426
Epoch: [1/4], Batch: 7000/9482, Loss: 540.926, Trans_L2_m: 0.583, Yaw_err_deg: 7.171
Epoch: [1/4], Batch: 7010/9482, Loss: 312.897, Trans_L2_m: 1.055, Yaw_err_deg: 3.922
Epoch: [1/4], Batch: 7020/9482, Loss: 1269.454, Trans_L2_m: 0.713, Yaw_err_deg: 12.484
Epoch: [1/4], Batch: 7030/9482, Loss: 944.518, Trans_L2_m: 1.115, Yaw_err_deg: 10.696
Epoch: [1/4], Batch: 7040/9482, Loss: 963.429, Trans_L2_m: 0.813, Yaw_err_deg: 9.816
Epoch: [1/4], Batch: 7050/9482, Loss: 387.613, Trans_L2_m: 0.870, Yaw_err_deg: 5.455
Epoch: [1/4], Batch: 7060/9482, Loss: 999.484, Trans_L2_m: 0.692, Yaw_err_deg: 10.109
Epoch: [1/4], Batch: 7070/9482, Loss: 534.689, Trans_L2_m: 0.669, Yaw_err_deg: 6.909
Epoch: [1/4], Batch: 7080/9482, Loss: 1382.424, Trans_L2_m: 0.590, Yaw_err_deg: 13.938
Epoch: [1/4], Batch: 7090/9482, Loss: 1803.807, Trans_L2_m: 0.790, Yaw_err_deg: 16.285
Epoch: [1/4], Batch: 7100/9482, Loss: 641.975, Trans_L2_m: 0.623, Yaw_err_deg: 7.898
Epoch: [1/4], Batch: 7110/9482, Loss: 409.167, Trans_L2_m: 0.751, Yaw_err_deg: 4.839
Epoch: [1/4], Batch: 7120/9482, Loss: 1004.104, Trans_L2_m: 0.825, Yaw_err_deg: 10.941
Epoch: [1/4], Batch: 7130/9482, Loss: 976.353, Trans_L2_m: 1.589, Yaw_err_deg: 9.733
Epoch: [1/4], Batch: 7140/9482, Loss: 655.874, Trans_L2_m: 1.274, Yaw_err_deg: 6.679
Epoch: [1/4], Batch: 7150/9482, Loss: 1122.815, Trans_L2_m: 0.756, Yaw_err_deg: 12.059
Epoch: [1/4], Batch: 7160/9482, Loss: 1082.938, Trans_L2_m: 0.544, Yaw_err_deg: 12.507
Epoch: [1/4], Batch: 7170/9482, Loss: 848.931, Trans_L2_m: 0.680, Yaw_err_deg: 9.097
Epoch: [1/4], Batch: 7180/9482, Loss: 620.531, Trans_L2_m: 1.213, Yaw_err_deg: 7.618
Epoch: [1/4], Batch: 7190/9482, Loss: 1430.798, Trans_L2_m: 0.682, Yaw_err_deg: 13.712
Epoch: [1/4], Batch: 7200/9482, Loss: 942.105, Trans_L2_m: 0.941, Yaw_err_deg: 10.034
Epoch: [1/4], Batch: 7210/9482, Loss: 635.768, Trans_L2_m: 0.882, Yaw_err_deg: 7.343
Epoch: [1/4], Batch: 7220/9482, Loss: 1110.445, Trans_L2_m: 0.441, Yaw_err_deg: 11.531
Epoch: [1/4], Batch: 7230/9482, Loss: 697.480, Trans_L2_m: 1.137, Yaw_err_deg: 8.681
Epoch: [1/4], Batch: 7240/9482, Loss: 1538.275, Trans_L2_m: 0.697, Yaw_err_deg: 14.297
Epoch: [1/4], Batch: 7250/9482, Loss: 858.820, Trans_L2_m: 0.545, Yaw_err_deg: 8.446
Epoch: [1/4], Batch: 7260/9482, Loss: 1068.172, Trans_L2_m: 1.406, Yaw_err_deg: 11.546
Epoch: [1/4], Batch: 7270/9482, Loss: 675.295, Trans_L2_m: 0.740, Yaw_err_deg: 8.372
Epoch: [1/4], Batch: 7280/9482, Loss: 1225.606, Trans_L2_m: 0.593, Yaw_err_deg: 11.992
Epoch: [1/4], Batch: 7290/9482, Loss: 1337.077, Trans_L2_m: 0.813, Yaw_err_deg: 12.288
Epoch: [1/4], Batch: 7300/9482, Loss: 989.059, Trans_L2_m: 0.580, Yaw_err_deg: 11.177
Epoch: [1/4], Batch: 7310/9482, Loss: 587.625, Trans_L2_m: 1.444, Yaw_err_deg: 6.881
Epoch: [1/4], Batch: 7320/9482, Loss: 417.422, Trans_L2_m: 0.999, Yaw_err_deg: 5.887
Epoch: [1/4], Batch: 7330/9482, Loss: 1512.476, Trans_L2_m: 0.732, Yaw_err_deg: 13.592
Epoch: [1/4], Batch: 7340/9482, Loss: 1467.431, Trans_L2_m: 0.747, Yaw_err_deg: 13.584
Epoch: [1/4], Batch: 7350/9482, Loss: 519.654, Trans_L2_m: 0.742, Yaw_err_deg: 6.569
Epoch: [1/4], Batch: 7360/9482, Loss: 1478.604, Trans_L2_m: 1.004, Yaw_err_deg: 14.060
Epoch: [1/4], Batch: 7370/9482, Loss: 1017.608, Trans_L2_m: 2.260, Yaw_err_deg: 7.655
Epoch: [1/4], Batch: 7380/9482, Loss: 722.338, Trans_L2_m: 0.951, Yaw_err_deg: 8.305
Epoch: [1/4], Batch: 7390/9482, Loss: 1281.469, Trans_L2_m: 0.481, Yaw_err_deg: 11.808
Epoch: [1/4], Batch: 7400/9482, Loss: 656.471, Trans_L2_m: 0.982, Yaw_err_deg: 7.766
Epoch: [1/4], Batch: 7410/9482, Loss: 1401.001, Trans_L2_m: 1.131, Yaw_err_deg: 13.050
Epoch: [1/4], Batch: 7420/9482, Loss: 1082.061, Trans_L2_m: 1.359, Yaw_err_deg: 9.874
Epoch: [1/4], Batch: 7430/9482, Loss: 532.336, Trans_L2_m: 0.839, Yaw_err_deg: 7.524
Epoch: [1/4], Batch: 7440/9482, Loss: 643.070, Trans_L2_m: 0.593, Yaw_err_deg: 8.402
Epoch: [1/4], Batch: 7450/9482, Loss: 175.171, Trans_L2_m: 0.613, Yaw_err_deg: 3.350
Epoch: [1/4], Batch: 7460/9482, Loss: 1364.068, Trans_L2_m: 1.059, Yaw_err_deg: 12.964
Epoch: [1/4], Batch: 7470/9482, Loss: 1208.857, Trans_L2_m: 0.890, Yaw_err_deg: 11.786
Epoch: [1/4], Batch: 7480/9482, Loss: 1202.842, Trans_L2_m: 1.034, Yaw_err_deg: 10.835
Epoch: [1/4], Batch: 7490/9482, Loss: 848.317, Trans_L2_m: 0.854, Yaw_err_deg: 9.533
Epoch: [1/4], Batch: 7500/9482, Loss: 1021.876, Trans_L2_m: 0.919, Yaw_err_deg: 11.365
Epoch: [1/4], Batch: 7510/9482, Loss: 1638.664, Trans_L2_m: 0.768, Yaw_err_deg: 15.441
Epoch: [1/4], Batch: 7520/9482, Loss: 1143.209, Trans_L2_m: 0.607, Yaw_err_deg: 12.091
Epoch: [1/4], Batch: 7530/9482, Loss: 827.015, Trans_L2_m: 1.093, Yaw_err_deg: 8.684
Epoch: [1/4], Batch: 7540/9482, Loss: 854.428, Trans_L2_m: 1.019, Yaw_err_deg: 9.668
Epoch: [1/4], Batch: 7550/9482, Loss: 731.153, Trans_L2_m: 1.033, Yaw_err_deg: 8.851
Epoch: [1/4], Batch: 7560/9482, Loss: 1074.735, Trans_L2_m: 1.445, Yaw_err_deg: 10.829
Epoch: [1/4], Batch: 7570/9482, Loss: 725.208, Trans_L2_m: 1.058, Yaw_err_deg: 8.275
Epoch: [1/4], Batch: 7580/9482, Loss: 982.664, Trans_L2_m: 1.033, Yaw_err_deg: 9.415
Epoch: [1/4], Batch: 7590/9482, Loss: 1323.012, Trans_L2_m: 0.767, Yaw_err_deg: 13.195
Epoch: [1/4], Batch: 7600/9482, Loss: 1143.409, Trans_L2_m: 0.776, Yaw_err_deg: 11.147
Epoch: [1/4], Batch: 7610/9482, Loss: 1459.655, Trans_L2_m: 0.745, Yaw_err_deg: 12.626
Epoch: [1/4], Batch: 7620/9482, Loss: 1476.300, Trans_L2_m: 1.050, Yaw_err_deg: 14.685
Epoch: [1/4], Batch: 7630/9482, Loss: 605.080, Trans_L2_m: 0.527, Yaw_err_deg: 8.773
Epoch: [1/4], Batch: 7640/9482, Loss: 534.363, Trans_L2_m: 1.106, Yaw_err_deg: 7.778
Epoch: [1/4], Batch: 7650/9482, Loss: 755.967, Trans_L2_m: 0.868, Yaw_err_deg: 8.540
Epoch: [1/4], Batch: 7660/9482, Loss: 690.628, Trans_L2_m: 0.739, Yaw_err_deg: 7.642
Epoch: [1/4], Batch: 7670/9482, Loss: 913.179, Trans_L2_m: 1.126, Yaw_err_deg: 10.988
Epoch: [1/4], Batch: 7680/9482, Loss: 916.128, Trans_L2_m: 1.304, Yaw_err_deg: 9.808
Epoch: [1/4], Batch: 7690/9482, Loss: 899.245, Trans_L2_m: 1.320, Yaw_err_deg: 9.341
Epoch: [1/4], Batch: 7700/9482, Loss: 1297.928, Trans_L2_m: 0.569, Yaw_err_deg: 12.000
Epoch: [1/4], Batch: 7710/9482, Loss: 1267.301, Trans_L2_m: 0.485, Yaw_err_deg: 12.468
Epoch: [1/4], Batch: 7720/9482, Loss: 450.765, Trans_L2_m: 1.451, Yaw_err_deg: 6.539
Epoch: [1/4], Batch: 7730/9482, Loss: 140.388, Trans_L2_m: 0.701, Yaw_err_deg: 2.191
Epoch: [1/4], Batch: 7740/9482, Loss: 1138.720, Trans_L2_m: 1.161, Yaw_err_deg: 11.839
Epoch: [1/4], Batch: 7750/9482, Loss: 1328.831, Trans_L2_m: 1.685, Yaw_err_deg: 12.031
Epoch: [1/4], Batch: 7760/9482, Loss: 822.412, Trans_L2_m: 1.626, Yaw_err_deg: 10.046
Epoch: [1/4], Batch: 7770/9482, Loss: 816.147, Trans_L2_m: 1.443, Yaw_err_deg: 9.295
Epoch: [1/4], Batch: 7780/9482, Loss: 1246.592, Trans_L2_m: 0.952, Yaw_err_deg: 11.424
Epoch: [1/4], Batch: 7790/9482, Loss: 705.839, Trans_L2_m: 0.895, Yaw_err_deg: 8.265
Epoch: [1/4], Batch: 7800/9482, Loss: 1146.508, Trans_L2_m: 1.472, Yaw_err_deg: 11.120
Epoch: [1/4], Batch: 7810/9482, Loss: 944.386, Trans_L2_m: 0.939, Yaw_err_deg: 9.666
Epoch: [1/4], Batch: 7820/9482, Loss: 439.071, Trans_L2_m: 0.913, Yaw_err_deg: 7.313
Epoch: [1/4], Batch: 7830/9482, Loss: 988.089, Trans_L2_m: 1.095, Yaw_err_deg: 9.051
Epoch: [1/4], Batch: 7840/9482, Loss: 1227.478, Trans_L2_m: 0.814, Yaw_err_deg: 12.341
Epoch: [1/4], Batch: 7850/9482, Loss: 1173.347, Trans_L2_m: 0.807, Yaw_err_deg: 11.743
Epoch: [1/4], Batch: 7860/9482, Loss: 1294.702, Trans_L2_m: 1.262, Yaw_err_deg: 12.161
Epoch: [1/4], Batch: 7870/9482, Loss: 1121.745, Trans_L2_m: 0.743, Yaw_err_deg: 10.903
Epoch: [1/4], Batch: 7880/9482, Loss: 509.000, Trans_L2_m: 1.106, Yaw_err_deg: 7.405
Epoch: [1/4], Batch: 7890/9482, Loss: 1159.196, Trans_L2_m: 0.833, Yaw_err_deg: 11.857
Epoch: [1/4], Batch: 7900/9482, Loss: 1293.788, Trans_L2_m: 1.365, Yaw_err_deg: 11.731
Epoch: [1/4], Batch: 7910/9482, Loss: 634.957, Trans_L2_m: 0.934, Yaw_err_deg: 7.797
Epoch: [1/4], Batch: 7920/9482, Loss: 1019.595, Trans_L2_m: 1.209, Yaw_err_deg: 9.923
Epoch: [1/4], Batch: 7930/9482, Loss: 503.564, Trans_L2_m: 0.895, Yaw_err_deg: 5.576
Epoch: [1/4], Batch: 7940/9482, Loss: 598.368, Trans_L2_m: 0.743, Yaw_err_deg: 7.980
Epoch: [1/4], Batch: 7950/9482, Loss: 1206.371, Trans_L2_m: 1.143, Yaw_err_deg: 11.480
Epoch: [1/4], Batch: 7960/9482, Loss: 831.595, Trans_L2_m: 1.076, Yaw_err_deg: 9.328
Epoch: [1/4], Batch: 7970/9482, Loss: 643.755, Trans_L2_m: 0.628, Yaw_err_deg: 8.071
Epoch: [1/4], Batch: 7980/9482, Loss: 693.228, Trans_L2_m: 0.775, Yaw_err_deg: 7.162
Epoch: [1/4], Batch: 7990/9482, Loss: 1177.216, Trans_L2_m: 0.970, Yaw_err_deg: 12.411
Epoch: [1/4], Batch: 8000/9482, Loss: 285.642, Trans_L2_m: 1.259, Yaw_err_deg: 4.022
Epoch: [1/4], Batch: 8010/9482, Loss: 999.988, Trans_L2_m: 0.614, Yaw_err_deg: 10.112
Epoch: [1/4], Batch: 8020/9482, Loss: 1590.552, Trans_L2_m: 1.610, Yaw_err_deg: 13.858
Epoch: [1/4], Batch: 8030/9482, Loss: 1197.944, Trans_L2_m: 0.660, Yaw_err_deg: 11.480
Epoch: [1/4], Batch: 8040/9482, Loss: 1029.348, Trans_L2_m: 1.134, Yaw_err_deg: 11.481
Epoch: [1/4], Batch: 8050/9482, Loss: 948.606, Trans_L2_m: 0.521, Yaw_err_deg: 10.376
Epoch: [1/4], Batch: 8060/9482, Loss: 787.315, Trans_L2_m: 1.069, Yaw_err_deg: 7.893
Epoch: [1/4], Batch: 8070/9482, Loss: 163.050, Trans_L2_m: 0.941, Yaw_err_deg: 2.989
Epoch: [1/4], Batch: 8080/9482, Loss: 712.475, Trans_L2_m: 0.853, Yaw_err_deg: 8.818
Epoch: [1/4], Batch: 8090/9482, Loss: 726.776, Trans_L2_m: 1.209, Yaw_err_deg: 8.193
Epoch: [1/4], Batch: 8100/9482, Loss: 1070.809, Trans_L2_m: 0.709, Yaw_err_deg: 11.506
Epoch: [1/4], Batch: 8110/9482, Loss: 1307.361, Trans_L2_m: 1.379, Yaw_err_deg: 11.094
Epoch: [1/4], Batch: 8120/9482, Loss: 689.007, Trans_L2_m: 0.583, Yaw_err_deg: 9.311
Epoch: [1/4], Batch: 8130/9482, Loss: 560.648, Trans_L2_m: 0.773, Yaw_err_deg: 5.417
Epoch: [1/4], Batch: 8140/9482, Loss: 762.268, Trans_L2_m: 0.888, Yaw_err_deg: 8.110
Epoch: [1/4], Batch: 8150/9482, Loss: 1534.037, Trans_L2_m: 1.069, Yaw_err_deg: 13.515
Epoch: [1/4], Batch: 8160/9482, Loss: 535.469, Trans_L2_m: 1.204, Yaw_err_deg: 6.322
Epoch: [1/4], Batch: 8170/9482, Loss: 1434.274, Trans_L2_m: 0.997, Yaw_err_deg: 13.863
Epoch: [1/4], Batch: 8180/9482, Loss: 1011.410, Trans_L2_m: 0.842, Yaw_err_deg: 11.361
Epoch: [1/4], Batch: 8190/9482, Loss: 554.025, Trans_L2_m: 0.849, Yaw_err_deg: 7.784
Epoch: [1/4], Batch: 8200/9482, Loss: 933.434, Trans_L2_m: 0.558, Yaw_err_deg: 9.601
Epoch: [1/4], Batch: 8210/9482, Loss: 886.526, Trans_L2_m: 0.604, Yaw_err_deg: 9.976
Epoch: [1/4], Batch: 8220/9482, Loss: 626.088, Trans_L2_m: 0.931, Yaw_err_deg: 7.893
Epoch: [1/4], Batch: 8230/9482, Loss: 914.701, Trans_L2_m: 0.635, Yaw_err_deg: 9.892
Epoch: [1/4], Batch: 8240/9482, Loss: 1370.750, Trans_L2_m: 0.702, Yaw_err_deg: 13.736
Epoch: [1/4], Batch: 8250/9482, Loss: 917.519, Trans_L2_m: 0.715, Yaw_err_deg: 9.572
Epoch: [1/4], Batch: 8260/9482, Loss: 1184.221, Trans_L2_m: 0.836, Yaw_err_deg: 12.218
Epoch: [1/4], Batch: 8270/9482, Loss: 777.985, Trans_L2_m: 0.886, Yaw_err_deg: 8.738
Epoch: [1/4], Batch: 8280/9482, Loss: 1277.462, Trans_L2_m: 0.830, Yaw_err_deg: 12.666
Epoch: [1/4], Batch: 8290/9482, Loss: 949.612, Trans_L2_m: 0.688, Yaw_err_deg: 8.013
Epoch: [1/4], Batch: 8300/9482, Loss: 820.117, Trans_L2_m: 1.031, Yaw_err_deg: 9.845
Epoch: [1/4], Batch: 8310/9482, Loss: 1473.886, Trans_L2_m: 0.726, Yaw_err_deg: 13.274
Epoch: [1/4], Batch: 8320/9482, Loss: 595.443, Trans_L2_m: 0.825, Yaw_err_deg: 7.883
Epoch: [1/4], Batch: 8330/9482, Loss: 1521.194, Trans_L2_m: 0.650, Yaw_err_deg: 13.758
Epoch: [1/4], Batch: 8340/9482, Loss: 886.724, Trans_L2_m: 1.359, Yaw_err_deg: 10.269
Epoch: [1/4], Batch: 8350/9482, Loss: 1033.694, Trans_L2_m: 0.830, Yaw_err_deg: 10.207
Epoch: [1/4], Batch: 8360/9482, Loss: 1790.231, Trans_L2_m: 0.818, Yaw_err_deg: 15.426
Epoch: [1/4], Batch: 8370/9482, Loss: 1448.174, Trans_L2_m: 0.944, Yaw_err_deg: 14.571
Epoch: [1/4], Batch: 8380/9482, Loss: 612.161, Trans_L2_m: 0.739, Yaw_err_deg: 7.847
Epoch: [1/4], Batch: 8390/9482, Loss: 945.211, Trans_L2_m: 0.910, Yaw_err_deg: 9.519
Epoch: [1/4], Batch: 8400/9482, Loss: 1072.842, Trans_L2_m: 0.816, Yaw_err_deg: 11.302
Epoch: [1/4], Batch: 8410/9482, Loss: 1174.679, Trans_L2_m: 0.539, Yaw_err_deg: 12.204
Epoch: [1/4], Batch: 8420/9482, Loss: 678.790, Trans_L2_m: 1.132, Yaw_err_deg: 8.257
Epoch: [1/4], Batch: 8430/9482, Loss: 1071.357, Trans_L2_m: 1.037, Yaw_err_deg: 12.100
Epoch: [1/4], Batch: 8440/9482, Loss: 839.601, Trans_L2_m: 1.086, Yaw_err_deg: 10.316
Epoch: [1/4], Batch: 8450/9482, Loss: 495.974, Trans_L2_m: 0.621, Yaw_err_deg: 5.270
Epoch: [1/4], Batch: 8460/9482, Loss: 853.477, Trans_L2_m: 0.612, Yaw_err_deg: 10.029
Epoch: [1/4], Batch: 8470/9482, Loss: 923.298, Trans_L2_m: 0.656, Yaw_err_deg: 9.058
Epoch: [1/4], Batch: 8480/9482, Loss: 632.511, Trans_L2_m: 1.005, Yaw_err_deg: 7.060
Epoch: [1/4], Batch: 8490/9482, Loss: 1339.612, Trans_L2_m: 1.023, Yaw_err_deg: 13.883
Epoch: [1/4], Batch: 8500/9482, Loss: 1409.532, Trans_L2_m: 1.333, Yaw_err_deg: 12.616
Epoch: [1/4], Batch: 8510/9482, Loss: 884.776, Trans_L2_m: 0.486, Yaw_err_deg: 10.513
Epoch: [1/4], Batch: 8520/9482, Loss: 1140.310, Trans_L2_m: 1.231, Yaw_err_deg: 12.721
Epoch: [1/4], Batch: 8530/9482, Loss: 1101.377, Trans_L2_m: 0.739, Yaw_err_deg: 9.306
Epoch: [1/4], Batch: 8540/9482, Loss: 1026.831, Trans_L2_m: 1.184, Yaw_err_deg: 9.829
Epoch: [1/4], Batch: 8550/9482, Loss: 1354.312, Trans_L2_m: 0.873, Yaw_err_deg: 13.118
Epoch: [1/4], Batch: 8560/9482, Loss: 1100.619, Trans_L2_m: 1.209, Yaw_err_deg: 10.290
Epoch: [1/4], Batch: 8570/9482, Loss: 679.688, Trans_L2_m: 0.703, Yaw_err_deg: 8.240
Epoch: [1/4], Batch: 8580/9482, Loss: 1159.278, Trans_L2_m: 0.727, Yaw_err_deg: 11.984
Epoch: [1/4], Batch: 8590/9482, Loss: 588.398, Trans_L2_m: 0.695, Yaw_err_deg: 8.402
Epoch: [1/4], Batch: 8600/9482, Loss: 1278.592, Trans_L2_m: 0.923, Yaw_err_deg: 12.930
Epoch: [1/4], Batch: 8610/9482, Loss: 1399.223, Trans_L2_m: 0.757, Yaw_err_deg: 14.010
Epoch: [1/4], Batch: 8620/9482, Loss: 1221.084, Trans_L2_m: 1.491, Yaw_err_deg: 11.220
Epoch: [1/4], Batch: 8630/9482, Loss: 1575.552, Trans_L2_m: 1.519, Yaw_err_deg: 12.565
Epoch: [1/4], Batch: 8640/9482, Loss: 765.272, Trans_L2_m: 1.480, Yaw_err_deg: 7.623
Epoch: [1/4], Batch: 8650/9482, Loss: 1170.201, Trans_L2_m: 0.762, Yaw_err_deg: 10.544
Epoch: [1/4], Batch: 8660/9482, Loss: 1167.387, Trans_L2_m: 0.860, Yaw_err_deg: 11.236
Epoch: [1/4], Batch: 8670/9482, Loss: 1340.257, Trans_L2_m: 0.881, Yaw_err_deg: 12.702
Epoch: [1/4], Batch: 8680/9482, Loss: 1139.044, Trans_L2_m: 0.729, Yaw_err_deg: 11.017
Epoch: [1/4], Batch: 8690/9482, Loss: 800.162, Trans_L2_m: 0.415, Yaw_err_deg: 8.774
Epoch: [1/4], Batch: 8700/9482, Loss: 842.412, Trans_L2_m: 0.776, Yaw_err_deg: 8.923
Epoch: [1/4], Batch: 8710/9482, Loss: 716.273, Trans_L2_m: 0.726, Yaw_err_deg: 8.958
Epoch: [1/4], Batch: 8720/9482, Loss: 1135.563, Trans_L2_m: 0.834, Yaw_err_deg: 12.380
Epoch: [1/4], Batch: 8730/9482, Loss: 793.399, Trans_L2_m: 1.175, Yaw_err_deg: 7.878
Epoch: [1/4], Batch: 8740/9482, Loss: 358.300, Trans_L2_m: 0.913, Yaw_err_deg: 5.620
Epoch: [1/4], Batch: 8750/9482, Loss: 1080.388, Trans_L2_m: 1.088, Yaw_err_deg: 9.622
Epoch: [1/4], Batch: 8760/9482, Loss: 1115.523, Trans_L2_m: 1.429, Yaw_err_deg: 11.737
Epoch: [1/4], Batch: 8770/9482, Loss: 840.876, Trans_L2_m: 0.969, Yaw_err_deg: 9.430
Epoch: [1/4], Batch: 8780/9482, Loss: 1741.111, Trans_L2_m: 0.894, Yaw_err_deg: 15.271
Epoch: [1/4], Batch: 8790/9482, Loss: 1259.202, Trans_L2_m: 0.954, Yaw_err_deg: 12.748
Epoch: [1/4], Batch: 8800/9482, Loss: 945.114, Trans_L2_m: 1.096, Yaw_err_deg: 9.333
Epoch: [1/4], Batch: 8810/9482, Loss: 638.154, Trans_L2_m: 1.164, Yaw_err_deg: 6.710
Epoch: [1/4], Batch: 8820/9482, Loss: 427.583, Trans_L2_m: 0.578, Yaw_err_deg: 5.768
Epoch: [1/4], Batch: 8830/9482, Loss: 986.869, Trans_L2_m: 0.404, Yaw_err_deg: 10.232
Epoch: [1/4], Batch: 8840/9482, Loss: 1248.329, Trans_L2_m: 0.964, Yaw_err_deg: 13.051
Epoch: [1/4], Batch: 8850/9482, Loss: 962.491, Trans_L2_m: 0.976, Yaw_err_deg: 11.200
Epoch: [1/4], Batch: 8860/9482, Loss: 467.896, Trans_L2_m: 0.796, Yaw_err_deg: 6.169
Epoch: [1/4], Batch: 8870/9482, Loss: 903.807, Trans_L2_m: 0.953, Yaw_err_deg: 10.714
Epoch: [1/4], Batch: 8880/9482, Loss: 1260.969, Trans_L2_m: 0.916, Yaw_err_deg: 12.630
Epoch: [1/4], Batch: 8890/9482, Loss: 1102.805, Trans_L2_m: 0.825, Yaw_err_deg: 10.804
Epoch: [1/4], Batch: 8900/9482, Loss: 1414.601, Trans_L2_m: 0.630, Yaw_err_deg: 12.913
Epoch: [1/4], Batch: 8910/9482, Loss: 637.767, Trans_L2_m: 0.994, Yaw_err_deg: 7.249
Epoch: [1/4], Batch: 8920/9482, Loss: 864.182, Trans_L2_m: 0.563, Yaw_err_deg: 7.697
Epoch: [1/4], Batch: 8930/9482, Loss: 1408.076, Trans_L2_m: 0.672, Yaw_err_deg: 12.892
Epoch: [1/4], Batch: 8940/9482, Loss: 1332.819, Trans_L2_m: 0.921, Yaw_err_deg: 12.707
Epoch: [1/4], Batch: 8950/9482, Loss: 991.585, Trans_L2_m: 1.164, Yaw_err_deg: 10.048
Epoch: [1/4], Batch: 8960/9482, Loss: 409.366, Trans_L2_m: 0.910, Yaw_err_deg: 5.911
Epoch: [1/4], Batch: 8970/9482, Loss: 1528.898, Trans_L2_m: 1.474, Yaw_err_deg: 13.201
Epoch: [1/4], Batch: 8980/9482, Loss: 1074.786, Trans_L2_m: 0.979, Yaw_err_deg: 11.976
Epoch: [1/4], Batch: 8990/9482, Loss: 584.858, Trans_L2_m: 0.949, Yaw_err_deg: 6.890
Epoch: [1/4], Batch: 9000/9482, Loss: 601.497, Trans_L2_m: 0.660, Yaw_err_deg: 8.096
Epoch: [1/4], Batch: 9010/9482, Loss: 1379.191, Trans_L2_m: 0.804, Yaw_err_deg: 14.125
Epoch: [1/4], Batch: 9020/9482, Loss: 749.120, Trans_L2_m: 0.903, Yaw_err_deg: 7.080
Epoch: [1/4], Batch: 9030/9482, Loss: 478.155, Trans_L2_m: 0.836, Yaw_err_deg: 7.020
Epoch: [1/4], Batch: 9040/9482, Loss: 492.350, Trans_L2_m: 0.761, Yaw_err_deg: 6.693
Epoch: [1/4], Batch: 9050/9482, Loss: 1244.598, Trans_L2_m: 0.710, Yaw_err_deg: 13.695
Epoch: [1/4], Batch: 9060/9482, Loss: 1335.219, Trans_L2_m: 1.692, Yaw_err_deg: 11.330
Epoch: [1/4], Batch: 9070/9482, Loss: 1479.608, Trans_L2_m: 0.796, Yaw_err_deg: 11.262
Epoch: [1/4], Batch: 9080/9482, Loss: 931.839, Trans_L2_m: 0.630, Yaw_err_deg: 10.936
Epoch: [1/4], Batch: 9090/9482, Loss: 1329.656, Trans_L2_m: 0.506, Yaw_err_deg: 12.928
Epoch: [1/4], Batch: 9100/9482, Loss: 591.143, Trans_L2_m: 0.681, Yaw_err_deg: 6.983
Epoch: [1/4], Batch: 9110/9482, Loss: 446.186, Trans_L2_m: 0.446, Yaw_err_deg: 7.582
Epoch: [1/4], Batch: 9120/9482, Loss: 951.589, Trans_L2_m: 0.760, Yaw_err_deg: 9.101
Epoch: [1/4], Batch: 9130/9482, Loss: 751.035, Trans_L2_m: 1.111, Yaw_err_deg: 9.299
Epoch: [1/4], Batch: 9140/9482, Loss: 875.876, Trans_L2_m: 0.812, Yaw_err_deg: 8.229
Epoch: [1/4], Batch: 9150/9482, Loss: 810.422, Trans_L2_m: 0.977, Yaw_err_deg: 9.075
Epoch: [1/4], Batch: 9160/9482, Loss: 296.791, Trans_L2_m: 1.067, Yaw_err_deg: 4.678
Epoch: [1/4], Batch: 9170/9482, Loss: 979.092, Trans_L2_m: 1.137, Yaw_err_deg: 9.861
Epoch: [1/4], Batch: 9180/9482, Loss: 1338.403, Trans_L2_m: 1.115, Yaw_err_deg: 12.594
Epoch: [1/4], Batch: 9190/9482, Loss: 1066.521, Trans_L2_m: 0.717, Yaw_err_deg: 11.367
Epoch: [1/4], Batch: 9200/9482, Loss: 1063.008, Trans_L2_m: 0.731, Yaw_err_deg: 11.323
Epoch: [1/4], Batch: 9210/9482, Loss: 348.625, Trans_L2_m: 1.955, Yaw_err_deg: 4.640
Epoch: [1/4], Batch: 9220/9482, Loss: 905.720, Trans_L2_m: 0.623, Yaw_err_deg: 10.973
Epoch: [1/4], Batch: 9230/9482, Loss: 327.900, Trans_L2_m: 0.865, Yaw_err_deg: 4.548
Epoch: [1/4], Batch: 9240/9482, Loss: 526.782, Trans_L2_m: 2.146, Yaw_err_deg: 2.731
Epoch: [1/4], Batch: 9250/9482, Loss: 683.662, Trans_L2_m: 1.020, Yaw_err_deg: 8.367
Epoch: [1/4], Batch: 9260/9482, Loss: 571.684, Trans_L2_m: 0.983, Yaw_err_deg: 7.946
Epoch: [1/4], Batch: 9270/9482, Loss: 452.735, Trans_L2_m: 0.822, Yaw_err_deg: 5.626
Epoch: [1/4], Batch: 9280/9482, Loss: 747.382, Trans_L2_m: 1.074, Yaw_err_deg: 9.203
Epoch: [1/4], Batch: 9290/9482, Loss: 603.667, Trans_L2_m: 1.021, Yaw_err_deg: 6.336
Epoch: [1/4], Batch: 9300/9482, Loss: 1043.840, Trans_L2_m: 0.613, Yaw_err_deg: 11.082
Epoch: [1/4], Batch: 9310/9482, Loss: 1166.577, Trans_L2_m: 0.908, Yaw_err_deg: 13.309
Epoch: [1/4], Batch: 9320/9482, Loss: 424.105, Trans_L2_m: 0.958, Yaw_err_deg: 6.583
Epoch: [1/4], Batch: 9330/9482, Loss: 661.585, Trans_L2_m: 0.773, Yaw_err_deg: 7.731
Epoch: [1/4], Batch: 9340/9482, Loss: 1071.670, Trans_L2_m: 0.684, Yaw_err_deg: 10.473
Epoch: [1/4], Batch: 9350/9482, Loss: 681.662, Trans_L2_m: 0.833, Yaw_err_deg: 7.831
Epoch: [1/4], Batch: 9360/9482, Loss: 977.296, Trans_L2_m: 1.079, Yaw_err_deg: 11.260
Epoch: [1/4], Batch: 9370/9482, Loss: 1130.310, Trans_L2_m: 0.697, Yaw_err_deg: 11.057
Epoch: [1/4], Batch: 9380/9482, Loss: 949.398, Trans_L2_m: 0.632, Yaw_err_deg: 10.637
Epoch: [1/4], Batch: 9390/9482, Loss: 1763.727, Trans_L2_m: 1.183, Yaw_err_deg: 14.597
Epoch: [1/4], Batch: 9400/9482, Loss: 804.975, Trans_L2_m: 0.617, Yaw_err_deg: 9.425
Epoch: [1/4], Batch: 9410/9482, Loss: 739.412, Trans_L2_m: 0.809, Yaw_err_deg: 9.101
Epoch: [1/4], Batch: 9420/9482, Loss: 810.869, Trans_L2_m: 1.088, Yaw_err_deg: 9.098
Epoch: [1/4], Batch: 9430/9482, Loss: 346.599, Trans_L2_m: 0.663, Yaw_err_deg: 5.459
Epoch: [1/4], Batch: 9440/9482, Loss: 856.097, Trans_L2_m: 0.955, Yaw_err_deg: 9.563
Epoch: [1/4], Batch: 9450/9482, Loss: 625.281, Trans_L2_m: 0.958, Yaw_err_deg: 7.369
Epoch: [1/4], Batch: 9460/9482, Loss: 885.059, Trans_L2_m: 1.131, Yaw_err_deg: 8.737
Epoch: [1/4], Batch: 9470/9482, Loss: 1407.037, Trans_L2_m: 1.466, Yaw_err_deg: 12.806
Epoch: [1/4], Batch: 9480/9482, Loss: 1111.975, Trans_L2_m: 1.030, Yaw_err_deg: 11.069
Validation loss (homography): 2209.4251
Avg batch time: 822.66 ms, total: 268.563 s
[1;94mSave the best of 2209.425048828125, at checkpoints/2025_12_20_best_checkpoint_zod_0.pth[0m
Epoch: [2/4], Batch: 0/9482, Loss: 850.535, Trans_L2_m: 0.941, Yaw_err_deg: 10.083
Epoch: [2/4], Batch: 10/9482, Loss: 428.440, Trans_L2_m: 0.854, Yaw_err_deg: 6.920
Epoch: [2/4], Batch: 20/9482, Loss: 948.047, Trans_L2_m: 0.885, Yaw_err_deg: 9.527
Epoch: [2/4], Batch: 30/9482, Loss: 1125.433, Trans_L2_m: 1.038, Yaw_err_deg: 11.107
Epoch: [2/4], Batch: 40/9482, Loss: 379.659, Trans_L2_m: 0.876, Yaw_err_deg: 4.280
Epoch: [2/4], Batch: 50/9482, Loss: 1315.385, Trans_L2_m: 0.769, Yaw_err_deg: 13.133
Epoch: [2/4], Batch: 60/9482, Loss: 898.477, Trans_L2_m: 0.998, Yaw_err_deg: 8.160
Epoch: [2/4], Batch: 70/9482, Loss: 1352.370, Trans_L2_m: 0.821, Yaw_err_deg: 11.547
Epoch: [2/4], Batch: 80/9482, Loss: 812.629, Trans_L2_m: 1.217, Yaw_err_deg: 8.817
Epoch: [2/4], Batch: 90/9482, Loss: 912.170, Trans_L2_m: 0.710, Yaw_err_deg: 11.847
Epoch: [2/4], Batch: 100/9482, Loss: 944.549, Trans_L2_m: 1.058, Yaw_err_deg: 7.312
Epoch: [2/4], Batch: 110/9482, Loss: 1792.354, Trans_L2_m: 1.229, Yaw_err_deg: 14.419
Epoch: [2/4], Batch: 120/9482, Loss: 709.657, Trans_L2_m: 1.213, Yaw_err_deg: 8.931
Epoch: [2/4], Batch: 130/9482, Loss: 578.694, Trans_L2_m: 1.886, Yaw_err_deg: 3.017
Epoch: [2/4], Batch: 140/9482, Loss: 1350.467, Trans_L2_m: 0.920, Yaw_err_deg: 12.864
Epoch: [2/4], Batch: 150/9482, Loss: 1284.619, Trans_L2_m: 0.776, Yaw_err_deg: 11.533
Epoch: [2/4], Batch: 160/9482, Loss: 941.090, Trans_L2_m: 0.913, Yaw_err_deg: 9.816
Epoch: [2/4], Batch: 170/9482, Loss: 479.993, Trans_L2_m: 0.736, Yaw_err_deg: 6.740
Epoch: [2/4], Batch: 180/9482, Loss: 979.627, Trans_L2_m: 0.550, Yaw_err_deg: 11.159
Epoch: [2/4], Batch: 190/9482, Loss: 628.701, Trans_L2_m: 0.697, Yaw_err_deg: 7.476
Epoch: [2/4], Batch: 200/9482, Loss: 509.777, Trans_L2_m: 0.893, Yaw_err_deg: 6.449
Epoch: [2/4], Batch: 210/9482, Loss: 672.972, Trans_L2_m: 0.670, Yaw_err_deg: 9.028
Epoch: [2/4], Batch: 220/9482, Loss: 444.106, Trans_L2_m: 0.966, Yaw_err_deg: 5.181
Epoch: [2/4], Batch: 230/9482, Loss: 226.382, Trans_L2_m: 0.595, Yaw_err_deg: 3.416
Epoch: [2/4], Batch: 240/9482, Loss: 1109.748, Trans_L2_m: 1.733, Yaw_err_deg: 10.999
Epoch: [2/4], Batch: 250/9482, Loss: 605.455, Trans_L2_m: 1.107, Yaw_err_deg: 6.314
Epoch: [2/4], Batch: 260/9482, Loss: 1076.292, Trans_L2_m: 0.794, Yaw_err_deg: 9.614
Epoch: [2/4], Batch: 270/9482, Loss: 713.393, Trans_L2_m: 0.938, Yaw_err_deg: 8.623
Epoch: [2/4], Batch: 280/9482, Loss: 650.448, Trans_L2_m: 1.182, Yaw_err_deg: 5.611
Epoch: [2/4], Batch: 290/9482, Loss: 867.405, Trans_L2_m: 1.262, Yaw_err_deg: 9.232
Epoch: [2/4], Batch: 300/9482, Loss: 539.176, Trans_L2_m: 0.839, Yaw_err_deg: 6.403
Epoch: [2/4], Batch: 310/9482, Loss: 730.332, Trans_L2_m: 0.829, Yaw_err_deg: 8.286
Epoch: [2/4], Batch: 320/9482, Loss: 651.033, Trans_L2_m: 0.763, Yaw_err_deg: 7.296
Epoch: [2/4], Batch: 330/9482, Loss: 1715.572, Trans_L2_m: 0.561, Yaw_err_deg: 14.624
Epoch: [2/4], Batch: 340/9482, Loss: 1105.273, Trans_L2_m: 0.500, Yaw_err_deg: 11.952
Epoch: [2/4], Batch: 350/9482, Loss: 1183.968, Trans_L2_m: 1.143, Yaw_err_deg: 11.689
Epoch: [2/4], Batch: 360/9482, Loss: 1637.745, Trans_L2_m: 0.715, Yaw_err_deg: 14.823
Epoch: [2/4], Batch: 370/9482, Loss: 737.084, Trans_L2_m: 1.189, Yaw_err_deg: 9.935
Epoch: [2/4], Batch: 380/9482, Loss: 1090.554, Trans_L2_m: 0.986, Yaw_err_deg: 10.333
Epoch: [2/4], Batch: 390/9482, Loss: 1309.706, Trans_L2_m: 0.854, Yaw_err_deg: 12.335
Epoch: [2/4], Batch: 400/9482, Loss: 807.304, Trans_L2_m: 1.171, Yaw_err_deg: 10.169
Epoch: [2/4], Batch: 410/9482, Loss: 292.044, Trans_L2_m: 0.836, Yaw_err_deg: 4.026
Epoch: [2/4], Batch: 420/9482, Loss: 1007.224, Trans_L2_m: 0.933, Yaw_err_deg: 9.722
Epoch: [2/4], Batch: 430/9482, Loss: 587.500, Trans_L2_m: 0.868, Yaw_err_deg: 7.774
Epoch: [2/4], Batch: 440/9482, Loss: 969.982, Trans_L2_m: 1.157, Yaw_err_deg: 10.764
Epoch: [2/4], Batch: 450/9482, Loss: 1056.017, Trans_L2_m: 1.318, Yaw_err_deg: 11.389
Epoch: [2/4], Batch: 460/9482, Loss: 1404.543, Trans_L2_m: 0.782, Yaw_err_deg: 13.244
Epoch: [2/4], Batch: 470/9482, Loss: 535.969, Trans_L2_m: 1.373, Yaw_err_deg: 6.422
Epoch: [2/4], Batch: 480/9482, Loss: 342.911, Trans_L2_m: 0.999, Yaw_err_deg: 5.087
Epoch: [2/4], Batch: 490/9482, Loss: 1222.844, Trans_L2_m: 0.822, Yaw_err_deg: 12.429
Epoch: [2/4], Batch: 500/9482, Loss: 393.718, Trans_L2_m: 0.504, Yaw_err_deg: 5.143
Epoch: [2/4], Batch: 510/9482, Loss: 809.116, Trans_L2_m: 0.608, Yaw_err_deg: 9.218
Epoch: [2/4], Batch: 520/9482, Loss: 757.001, Trans_L2_m: 0.317, Yaw_err_deg: 8.043
Epoch: [2/4], Batch: 530/9482, Loss: 352.883, Trans_L2_m: 0.729, Yaw_err_deg: 4.804
Epoch: [2/4], Batch: 540/9482, Loss: 1185.303, Trans_L2_m: 0.842, Yaw_err_deg: 12.392
Epoch: [2/4], Batch: 550/9482, Loss: 362.869, Trans_L2_m: 1.209, Yaw_err_deg: 5.129
Epoch: [2/4], Batch: 560/9482, Loss: 1446.373, Trans_L2_m: 1.167, Yaw_err_deg: 12.019
Epoch: [2/4], Batch: 570/9482, Loss: 830.429, Trans_L2_m: 0.946, Yaw_err_deg: 9.358
Epoch: [2/4], Batch: 580/9482, Loss: 324.712, Trans_L2_m: 0.829, Yaw_err_deg: 4.292
Epoch: [2/4], Batch: 590/9482, Loss: 882.816, Trans_L2_m: 0.820, Yaw_err_deg: 10.589
Epoch: [2/4], Batch: 600/9482, Loss: 710.910, Trans_L2_m: 0.631, Yaw_err_deg: 9.478
Epoch: [2/4], Batch: 610/9482, Loss: 973.874, Trans_L2_m: 0.812, Yaw_err_deg: 11.049
Epoch: [2/4], Batch: 620/9482, Loss: 1029.214, Trans_L2_m: 0.680, Yaw_err_deg: 10.389
Epoch: [2/4], Batch: 630/9482, Loss: 897.382, Trans_L2_m: 1.353, Yaw_err_deg: 8.647
Epoch: [2/4], Batch: 640/9482, Loss: 531.418, Trans_L2_m: 0.504, Yaw_err_deg: 6.730
Epoch: [2/4], Batch: 650/9482, Loss: 249.394, Trans_L2_m: 0.572, Yaw_err_deg: 3.919
Epoch: [2/4], Batch: 660/9482, Loss: 592.706, Trans_L2_m: 0.797, Yaw_err_deg: 6.194
Epoch: [2/4], Batch: 670/9482, Loss: 1249.132, Trans_L2_m: 0.791, Yaw_err_deg: 12.389
Epoch: [2/4], Batch: 680/9482, Loss: 1102.117, Trans_L2_m: 0.705, Yaw_err_deg: 10.447
Epoch: [2/4], Batch: 690/9482, Loss: 754.207, Trans_L2_m: 0.604, Yaw_err_deg: 8.145
Epoch: [2/4], Batch: 700/9482, Loss: 436.383, Trans_L2_m: 1.068, Yaw_err_deg: 6.603
Epoch: [2/4], Batch: 710/9482, Loss: 1013.748, Trans_L2_m: 1.137, Yaw_err_deg: 9.802
Epoch: [2/4], Batch: 720/9482, Loss: 376.045, Trans_L2_m: 1.111, Yaw_err_deg: 5.953
Epoch: [2/4], Batch: 730/9482, Loss: 1143.701, Trans_L2_m: 0.948, Yaw_err_deg: 10.515
Epoch: [2/4], Batch: 740/9482, Loss: 1082.158, Trans_L2_m: 0.464, Yaw_err_deg: 11.522
Epoch: [2/4], Batch: 750/9482, Loss: 922.618, Trans_L2_m: 0.618, Yaw_err_deg: 10.197
Epoch: [2/4], Batch: 760/9482, Loss: 417.503, Trans_L2_m: 1.178, Yaw_err_deg: 6.386
Epoch: [2/4], Batch: 770/9482, Loss: 1546.105, Trans_L2_m: 1.133, Yaw_err_deg: 14.499
Epoch: [2/4], Batch: 780/9482, Loss: 638.003, Trans_L2_m: 0.794, Yaw_err_deg: 7.612
Epoch: [2/4], Batch: 790/9482, Loss: 1509.145, Trans_L2_m: 0.984, Yaw_err_deg: 13.372
Epoch: [2/4], Batch: 800/9482, Loss: 1354.760, Trans_L2_m: 1.156, Yaw_err_deg: 12.401
Epoch: [2/4], Batch: 810/9482, Loss: 1732.834, Trans_L2_m: 0.889, Yaw_err_deg: 16.233
Epoch: [2/4], Batch: 820/9482, Loss: 1306.424, Trans_L2_m: 1.006, Yaw_err_deg: 12.417
Epoch: [2/4], Batch: 830/9482, Loss: 666.785, Trans_L2_m: 0.574, Yaw_err_deg: 7.366
Epoch: [2/4], Batch: 840/9482, Loss: 1546.129, Trans_L2_m: 0.393, Yaw_err_deg: 14.787
Epoch: [2/4], Batch: 850/9482, Loss: 967.599, Trans_L2_m: 0.665, Yaw_err_deg: 9.944
Epoch: [2/4], Batch: 860/9482, Loss: 465.424, Trans_L2_m: 1.061, Yaw_err_deg: 6.235
Epoch: [2/4], Batch: 870/9482, Loss: 685.930, Trans_L2_m: 0.794, Yaw_err_deg: 10.019
Epoch: [2/4], Batch: 880/9482, Loss: 584.258, Trans_L2_m: 0.936, Yaw_err_deg: 7.416
Epoch: [2/4], Batch: 890/9482, Loss: 581.949, Trans_L2_m: 0.675, Yaw_err_deg: 8.188
Epoch: [2/4], Batch: 900/9482, Loss: 1336.238, Trans_L2_m: 1.063, Yaw_err_deg: 12.432
Epoch: [2/4], Batch: 910/9482, Loss: 1037.615, Trans_L2_m: 1.486, Yaw_err_deg: 10.676
Epoch: [2/4], Batch: 920/9482, Loss: 1350.913, Trans_L2_m: 0.831, Yaw_err_deg: 10.859
Epoch: [2/4], Batch: 930/9482, Loss: 468.618, Trans_L2_m: 1.015, Yaw_err_deg: 6.552
Epoch: [2/4], Batch: 940/9482, Loss: 361.763, Trans_L2_m: 1.149, Yaw_err_deg: 4.663
Epoch: [2/4], Batch: 950/9482, Loss: 1381.414, Trans_L2_m: 0.789, Yaw_err_deg: 13.327
Epoch: [2/4], Batch: 960/9482, Loss: 455.272, Trans_L2_m: 0.903, Yaw_err_deg: 5.513
Epoch: [2/4], Batch: 970/9482, Loss: 369.992, Trans_L2_m: 0.905, Yaw_err_deg: 4.965
Epoch: [2/4], Batch: 980/9482, Loss: 1593.780, Trans_L2_m: 0.830, Yaw_err_deg: 13.628
Epoch: [2/4], Batch: 990/9482, Loss: 603.415, Trans_L2_m: 1.287, Yaw_err_deg: 8.012
Epoch: [2/4], Batch: 1000/9482, Loss: 964.079, Trans_L2_m: 0.418, Yaw_err_deg: 10.133
Epoch: [2/4], Batch: 1010/9482, Loss: 799.979, Trans_L2_m: 0.753, Yaw_err_deg: 8.376
Epoch: [2/4], Batch: 1020/9482, Loss: 1107.793, Trans_L2_m: 1.041, Yaw_err_deg: 11.273
Epoch: [2/4], Batch: 1030/9482, Loss: 818.080, Trans_L2_m: 0.700, Yaw_err_deg: 8.933
Epoch: [2/4], Batch: 1040/9482, Loss: 883.813, Trans_L2_m: 1.212, Yaw_err_deg: 9.053
Epoch: [2/4], Batch: 1050/9482, Loss: 2531.467, Trans_L2_m: 1.059, Yaw_err_deg: 17.305
Epoch: [2/4], Batch: 1060/9482, Loss: 1001.586, Trans_L2_m: 0.665, Yaw_err_deg: 8.729
Epoch: [2/4], Batch: 1070/9482, Loss: 685.323, Trans_L2_m: 0.778, Yaw_err_deg: 7.300
Epoch: [2/4], Batch: 1080/9482, Loss: 424.232, Trans_L2_m: 1.026, Yaw_err_deg: 5.652
Epoch: [2/4], Batch: 1090/9482, Loss: 797.413, Trans_L2_m: 1.357, Yaw_err_deg: 8.559
Epoch: [2/4], Batch: 1100/9482, Loss: 1120.954, Trans_L2_m: 0.690, Yaw_err_deg: 11.276
Epoch: [2/4], Batch: 1110/9482, Loss: 635.700, Trans_L2_m: 0.939, Yaw_err_deg: 6.517
Epoch: [2/4], Batch: 1120/9482, Loss: 1361.581, Trans_L2_m: 1.315, Yaw_err_deg: 10.585
Epoch: [2/4], Batch: 1130/9482, Loss: 980.259, Trans_L2_m: 0.281, Yaw_err_deg: 10.393
Epoch: [2/4], Batch: 1140/9482, Loss: 1179.953, Trans_L2_m: 0.763, Yaw_err_deg: 11.975
Epoch: [2/4], Batch: 1150/9482, Loss: 719.595, Trans_L2_m: 0.827, Yaw_err_deg: 7.799
Epoch: [2/4], Batch: 1160/9482, Loss: 1593.825, Trans_L2_m: 0.805, Yaw_err_deg: 14.027
Epoch: [2/4], Batch: 1170/9482, Loss: 815.058, Trans_L2_m: 0.694, Yaw_err_deg: 9.139
Epoch: [2/4], Batch: 1180/9482, Loss: 657.660, Trans_L2_m: 0.927, Yaw_err_deg: 8.504
Epoch: [2/4], Batch: 1190/9482, Loss: 598.640, Trans_L2_m: 0.658, Yaw_err_deg: 8.629
Epoch: [2/4], Batch: 1200/9482, Loss: 1313.250, Trans_L2_m: 0.542, Yaw_err_deg: 13.321
Epoch: [2/4], Batch: 1210/9482, Loss: 657.727, Trans_L2_m: 1.340, Yaw_err_deg: 7.352
Epoch: [2/4], Batch: 1220/9482, Loss: 331.555, Trans_L2_m: 0.765, Yaw_err_deg: 5.239
Epoch: [2/4], Batch: 1230/9482, Loss: 720.480, Trans_L2_m: 0.661, Yaw_err_deg: 7.672
Epoch: [2/4], Batch: 1240/9482, Loss: 807.446, Trans_L2_m: 1.477, Yaw_err_deg: 8.377
Epoch: [2/4], Batch: 1250/9482, Loss: 1808.350, Trans_L2_m: 0.764, Yaw_err_deg: 15.412
Epoch: [2/4], Batch: 1260/9482, Loss: 661.097, Trans_L2_m: 0.787, Yaw_err_deg: 8.060
Epoch: [2/4], Batch: 1270/9482, Loss: 1272.192, Trans_L2_m: 1.198, Yaw_err_deg: 12.116
Epoch: [2/4], Batch: 1280/9482, Loss: 1295.247, Trans_L2_m: 0.286, Yaw_err_deg: 11.215
Epoch: [2/4], Batch: 1290/9482, Loss: 776.977, Trans_L2_m: 1.157, Yaw_err_deg: 9.048
Epoch: [2/4], Batch: 1300/9482, Loss: 1427.715, Trans_L2_m: 0.808, Yaw_err_deg: 11.769
Epoch: [2/4], Batch: 1310/9482, Loss: 551.492, Trans_L2_m: 1.026, Yaw_err_deg: 5.991
Epoch: [2/4], Batch: 1320/9482, Loss: 502.028, Trans_L2_m: 1.160, Yaw_err_deg: 6.289
Epoch: [2/4], Batch: 1330/9482, Loss: 1040.994, Trans_L2_m: 1.235, Yaw_err_deg: 10.345
Epoch: [2/4], Batch: 1340/9482, Loss: 797.545, Trans_L2_m: 0.863, Yaw_err_deg: 10.469
Epoch: [2/4], Batch: 1350/9482, Loss: 1397.155, Trans_L2_m: 0.903, Yaw_err_deg: 13.384
Epoch: [2/4], Batch: 1360/9482, Loss: 827.723, Trans_L2_m: 1.588, Yaw_err_deg: 9.309
Epoch: [2/4], Batch: 1370/9482, Loss: 1086.612, Trans_L2_m: 0.908, Yaw_err_deg: 8.470
Epoch: [2/4], Batch: 1380/9482, Loss: 493.649, Trans_L2_m: 0.663, Yaw_err_deg: 6.451
Epoch: [2/4], Batch: 1390/9482, Loss: 1133.061, Trans_L2_m: 1.290, Yaw_err_deg: 10.561
Epoch: [2/4], Batch: 1400/9482, Loss: 584.974, Trans_L2_m: 0.962, Yaw_err_deg: 7.319
Epoch: [2/4], Batch: 1410/9482, Loss: 462.168, Trans_L2_m: 0.802, Yaw_err_deg: 7.449
Epoch: [2/4], Batch: 1420/9482, Loss: 488.395, Trans_L2_m: 0.401, Yaw_err_deg: 6.746
Epoch: [2/4], Batch: 1430/9482, Loss: 1164.992, Trans_L2_m: 1.053, Yaw_err_deg: 9.380
Epoch: [2/4], Batch: 1440/9482, Loss: 322.827, Trans_L2_m: 1.014, Yaw_err_deg: 4.826
Epoch: [2/4], Batch: 1450/9482, Loss: 1256.364, Trans_L2_m: 0.822, Yaw_err_deg: 12.336
Epoch: [2/4], Batch: 1460/9482, Loss: 602.809, Trans_L2_m: 1.132, Yaw_err_deg: 8.118
Epoch: [2/4], Batch: 1470/9482, Loss: 885.683, Trans_L2_m: 1.042, Yaw_err_deg: 10.605
Epoch: [2/4], Batch: 1480/9482, Loss: 1102.844, Trans_L2_m: 0.832, Yaw_err_deg: 12.475
Epoch: [2/4], Batch: 1490/9482, Loss: 551.859, Trans_L2_m: 1.026, Yaw_err_deg: 6.728
Epoch: [2/4], Batch: 1500/9482, Loss: 910.237, Trans_L2_m: 0.612, Yaw_err_deg: 7.989
Epoch: [2/4], Batch: 1510/9482, Loss: 580.914, Trans_L2_m: 0.799, Yaw_err_deg: 7.391
Epoch: [2/4], Batch: 1520/9482, Loss: 739.277, Trans_L2_m: 0.933, Yaw_err_deg: 8.229
Epoch: [2/4], Batch: 1530/9482, Loss: 1347.289, Trans_L2_m: 1.321, Yaw_err_deg: 10.345
Epoch: [2/4], Batch: 1540/9482, Loss: 783.088, Trans_L2_m: 0.667, Yaw_err_deg: 9.641
Epoch: [2/4], Batch: 1550/9482, Loss: 1110.247, Trans_L2_m: 0.999, Yaw_err_deg: 11.784
Epoch: [2/4], Batch: 1560/9482, Loss: 1020.751, Trans_L2_m: 0.645, Yaw_err_deg: 11.246
Epoch: [2/4], Batch: 1570/9482, Loss: 743.220, Trans_L2_m: 0.702, Yaw_err_deg: 9.859
Epoch: [2/4], Batch: 1580/9482, Loss: 676.608, Trans_L2_m: 1.081, Yaw_err_deg: 7.986
Epoch: [2/4], Batch: 1590/9482, Loss: 576.678, Trans_L2_m: 1.797, Yaw_err_deg: 6.826
Epoch: [2/4], Batch: 1600/9482, Loss: 455.866, Trans_L2_m: 1.378, Yaw_err_deg: 5.959
Epoch: [2/4], Batch: 1610/9482, Loss: 802.281, Trans_L2_m: 1.170, Yaw_err_deg: 8.869
Epoch: [2/4], Batch: 1620/9482, Loss: 769.303, Trans_L2_m: 1.042, Yaw_err_deg: 9.602
Epoch: [2/4], Batch: 1630/9482, Loss: 773.942, Trans_L2_m: 1.054, Yaw_err_deg: 8.517
Epoch: [2/4], Batch: 1640/9482, Loss: 1563.122, Trans_L2_m: 0.814, Yaw_err_deg: 15.219
Epoch: [2/4], Batch: 1650/9482, Loss: 1169.881, Trans_L2_m: 0.674, Yaw_err_deg: 11.442
Epoch: [2/4], Batch: 1660/9482, Loss: 824.243, Trans_L2_m: 0.599, Yaw_err_deg: 8.621
Epoch: [2/4], Batch: 1670/9482, Loss: 888.105, Trans_L2_m: 1.075, Yaw_err_deg: 6.808
Epoch: [2/4], Batch: 1680/9482, Loss: 548.907, Trans_L2_m: 0.698, Yaw_err_deg: 6.375
Epoch: [2/4], Batch: 1690/9482, Loss: 746.563, Trans_L2_m: 0.951, Yaw_err_deg: 9.996
Epoch: [2/4], Batch: 1700/9482, Loss: 566.677, Trans_L2_m: 0.801, Yaw_err_deg: 6.918
Epoch: [2/4], Batch: 1710/9482, Loss: 882.433, Trans_L2_m: 1.310, Yaw_err_deg: 8.190
Epoch: [2/4], Batch: 1720/9482, Loss: 1467.745, Trans_L2_m: 1.244, Yaw_err_deg: 13.645
Epoch: [2/4], Batch: 1730/9482, Loss: 674.965, Trans_L2_m: 1.112, Yaw_err_deg: 7.867
Epoch: [2/4], Batch: 1740/9482, Loss: 764.823, Trans_L2_m: 1.363, Yaw_err_deg: 8.212
Epoch: [2/4], Batch: 1750/9482, Loss: 785.462, Trans_L2_m: 0.921, Yaw_err_deg: 9.214
Epoch: [2/4], Batch: 1760/9482, Loss: 723.252, Trans_L2_m: 0.760, Yaw_err_deg: 8.056
Epoch: [2/4], Batch: 1770/9482, Loss: 1293.083, Trans_L2_m: 1.109, Yaw_err_deg: 9.545
Epoch: [2/4], Batch: 1780/9482, Loss: 477.160, Trans_L2_m: 1.267, Yaw_err_deg: 6.113
Epoch: [2/4], Batch: 1790/9482, Loss: 710.599, Trans_L2_m: 0.823, Yaw_err_deg: 8.895
Epoch: [2/4], Batch: 1800/9482, Loss: 1132.231, Trans_L2_m: 1.762, Yaw_err_deg: 7.830
Epoch: [2/4], Batch: 1810/9482, Loss: 764.121, Trans_L2_m: 0.524, Yaw_err_deg: 8.918
Epoch: [2/4], Batch: 1820/9482, Loss: 1312.960, Trans_L2_m: 0.710, Yaw_err_deg: 10.976
Epoch: [2/4], Batch: 1830/9482, Loss: 787.691, Trans_L2_m: 0.723, Yaw_err_deg: 8.735
Epoch: [2/4], Batch: 1840/9482, Loss: 1095.099, Trans_L2_m: 0.915, Yaw_err_deg: 9.907
Epoch: [2/4], Batch: 1850/9482, Loss: 680.620, Trans_L2_m: 0.657, Yaw_err_deg: 7.490
Epoch: [2/4], Batch: 1860/9482, Loss: 793.650, Trans_L2_m: 1.195, Yaw_err_deg: 8.712
Epoch: [2/4], Batch: 1870/9482, Loss: 795.872, Trans_L2_m: 0.623, Yaw_err_deg: 9.352
Epoch: [2/4], Batch: 1880/9482, Loss: 501.863, Trans_L2_m: 1.246, Yaw_err_deg: 6.121
Epoch: [2/4], Batch: 1890/9482, Loss: 753.637, Trans_L2_m: 1.259, Yaw_err_deg: 9.209
Epoch: [2/4], Batch: 1900/9482, Loss: 1690.645, Trans_L2_m: 0.863, Yaw_err_deg: 14.436
Epoch: [2/4], Batch: 1910/9482, Loss: 1053.800, Trans_L2_m: 1.199, Yaw_err_deg: 10.251
Epoch: [2/4], Batch: 1920/9482, Loss: 954.756, Trans_L2_m: 1.114, Yaw_err_deg: 10.409
Epoch: [2/4], Batch: 1930/9482, Loss: 369.712, Trans_L2_m: 0.748, Yaw_err_deg: 5.740
Epoch: [2/4], Batch: 1940/9482, Loss: 1047.722, Trans_L2_m: 0.767, Yaw_err_deg: 10.881
Epoch: [2/4], Batch: 1950/9482, Loss: 777.457, Trans_L2_m: 0.921, Yaw_err_deg: 9.365
Epoch: [2/4], Batch: 1960/9482, Loss: 679.669, Trans_L2_m: 0.827, Yaw_err_deg: 6.834
Epoch: [2/4], Batch: 1970/9482, Loss: 836.846, Trans_L2_m: 0.827, Yaw_err_deg: 10.824
Epoch: [2/4], Batch: 1980/9482, Loss: 405.619, Trans_L2_m: 0.791, Yaw_err_deg: 5.555
Epoch: [2/4], Batch: 1990/9482, Loss: 757.882, Trans_L2_m: 0.712, Yaw_err_deg: 8.869
Epoch: [2/4], Batch: 2000/9482, Loss: 451.567, Trans_L2_m: 0.767, Yaw_err_deg: 6.103
Epoch: [2/4], Batch: 2010/9482, Loss: 510.956, Trans_L2_m: 1.449, Yaw_err_deg: 6.410
Epoch: [2/4], Batch: 2020/9482, Loss: 1089.391, Trans_L2_m: 2.116, Yaw_err_deg: 10.417
Epoch: [2/4], Batch: 2030/9482, Loss: 589.220, Trans_L2_m: 0.709, Yaw_err_deg: 8.349
Epoch: [2/4], Batch: 2040/9482, Loss: 522.370, Trans_L2_m: 1.004, Yaw_err_deg: 6.746
Epoch: [2/4], Batch: 2050/9482, Loss: 838.495, Trans_L2_m: 0.844, Yaw_err_deg: 9.160
Epoch: [2/4], Batch: 2060/9482, Loss: 608.395, Trans_L2_m: 1.091, Yaw_err_deg: 8.389
Epoch: [2/4], Batch: 2070/9482, Loss: 655.382, Trans_L2_m: 0.793, Yaw_err_deg: 7.049
Epoch: [2/4], Batch: 2080/9482, Loss: 674.259, Trans_L2_m: 0.981, Yaw_err_deg: 8.294
Epoch: [2/4], Batch: 2090/9482, Loss: 1433.022, Trans_L2_m: 1.095, Yaw_err_deg: 12.550
Epoch: [2/4], Batch: 2100/9482, Loss: 472.346, Trans_L2_m: 0.865, Yaw_err_deg: 7.792
Epoch: [2/4], Batch: 2110/9482, Loss: 647.242, Trans_L2_m: 1.415, Yaw_err_deg: 8.332
Epoch: [2/4], Batch: 2120/9482, Loss: 410.547, Trans_L2_m: 0.675, Yaw_err_deg: 6.109
Epoch: [2/4], Batch: 2130/9482, Loss: 643.896, Trans_L2_m: 0.891, Yaw_err_deg: 6.376
Epoch: [2/4], Batch: 2140/9482, Loss: 639.522, Trans_L2_m: 0.915, Yaw_err_deg: 8.609
Epoch: [2/4], Batch: 2150/9482, Loss: 735.450, Trans_L2_m: 0.870, Yaw_err_deg: 8.798
Epoch: [2/4], Batch: 2160/9482, Loss: 1490.343, Trans_L2_m: 1.117, Yaw_err_deg: 14.792
Epoch: [2/4], Batch: 2170/9482, Loss: 936.445, Trans_L2_m: 1.789, Yaw_err_deg: 9.503
Epoch: [2/4], Batch: 2180/9482, Loss: 1028.698, Trans_L2_m: 0.768, Yaw_err_deg: 10.741
Epoch: [2/4], Batch: 2190/9482, Loss: 354.453, Trans_L2_m: 1.282, Yaw_err_deg: 5.400
Epoch: [2/4], Batch: 2200/9482, Loss: 1062.598, Trans_L2_m: 0.812, Yaw_err_deg: 12.042
Epoch: [2/4], Batch: 2210/9482, Loss: 360.110, Trans_L2_m: 1.124, Yaw_err_deg: 5.259
Epoch: [2/4], Batch: 2220/9482, Loss: 889.450, Trans_L2_m: 0.749, Yaw_err_deg: 11.519
Epoch: [2/4], Batch: 2230/9482, Loss: 1196.002, Trans_L2_m: 0.831, Yaw_err_deg: 12.397
Epoch: [2/4], Batch: 2240/9482, Loss: 590.942, Trans_L2_m: 1.366, Yaw_err_deg: 6.397
Epoch: [2/4], Batch: 2250/9482, Loss: 444.100, Trans_L2_m: 0.673, Yaw_err_deg: 6.533
Epoch: [2/4], Batch: 2260/9482, Loss: 525.190, Trans_L2_m: 1.071, Yaw_err_deg: 7.617
Epoch: [2/4], Batch: 2270/9482, Loss: 982.217, Trans_L2_m: 1.069, Yaw_err_deg: 9.730
Epoch: [2/4], Batch: 2280/9482, Loss: 980.264, Trans_L2_m: 1.012, Yaw_err_deg: 10.077
Epoch: [2/4], Batch: 2290/9482, Loss: 912.187, Trans_L2_m: 0.645, Yaw_err_deg: 9.438
Epoch: [2/4], Batch: 2300/9482, Loss: 781.376, Trans_L2_m: 0.572, Yaw_err_deg: 9.585
Epoch: [2/4], Batch: 2310/9482, Loss: 627.794, Trans_L2_m: 0.784, Yaw_err_deg: 7.716
Epoch: [2/4], Batch: 2320/9482, Loss: 1226.635, Trans_L2_m: 1.620, Yaw_err_deg: 12.407
Epoch: [2/4], Batch: 2330/9482, Loss: 1070.785, Trans_L2_m: 0.753, Yaw_err_deg: 11.878
Epoch: [2/4], Batch: 2340/9482, Loss: 301.669, Trans_L2_m: 0.634, Yaw_err_deg: 4.715
Epoch: [2/4], Batch: 2350/9482, Loss: 1119.220, Trans_L2_m: 0.927, Yaw_err_deg: 9.127
Epoch: [2/4], Batch: 2360/9482, Loss: 1420.796, Trans_L2_m: 0.690, Yaw_err_deg: 13.955
Epoch: [2/4], Batch: 2370/9482, Loss: 814.784, Trans_L2_m: 0.851, Yaw_err_deg: 9.042
Epoch: [2/4], Batch: 2380/9482, Loss: 477.360, Trans_L2_m: 0.973, Yaw_err_deg: 5.804
Epoch: [2/4], Batch: 2390/9482, Loss: 746.336, Trans_L2_m: 1.087, Yaw_err_deg: 9.030
Epoch: [2/4], Batch: 2400/9482, Loss: 1357.187, Trans_L2_m: 0.857, Yaw_err_deg: 12.579
Epoch: [2/4], Batch: 2410/9482, Loss: 628.449, Trans_L2_m: 1.008, Yaw_err_deg: 7.772
Epoch: [2/4], Batch: 2420/9482, Loss: 1241.066, Trans_L2_m: 0.878, Yaw_err_deg: 11.206
Epoch: [2/4], Batch: 2430/9482, Loss: 1641.849, Trans_L2_m: 1.056, Yaw_err_deg: 14.410
Epoch: [2/4], Batch: 2440/9482, Loss: 650.392, Trans_L2_m: 0.814, Yaw_err_deg: 7.287
Epoch: [2/4], Batch: 2450/9482, Loss: 926.610, Trans_L2_m: 1.221, Yaw_err_deg: 8.125
Epoch: [2/4], Batch: 2460/9482, Loss: 870.667, Trans_L2_m: 0.834, Yaw_err_deg: 9.924
Epoch: [2/4], Batch: 2470/9482, Loss: 1383.245, Trans_L2_m: 0.565, Yaw_err_deg: 12.737
Epoch: [2/4], Batch: 2480/9482, Loss: 603.618, Trans_L2_m: 0.760, Yaw_err_deg: 7.378
Epoch: [2/4], Batch: 2490/9482, Loss: 687.579, Trans_L2_m: 0.830, Yaw_err_deg: 9.208
Epoch: [2/4], Batch: 2500/9482, Loss: 899.922, Trans_L2_m: 0.576, Yaw_err_deg: 9.970
Epoch: [2/4], Batch: 2510/9482, Loss: 522.317, Trans_L2_m: 0.859, Yaw_err_deg: 7.213
Epoch: [2/4], Batch: 2520/9482, Loss: 1024.229, Trans_L2_m: 1.087, Yaw_err_deg: 11.226
Epoch: [2/4], Batch: 2530/9482, Loss: 917.746, Trans_L2_m: 1.285, Yaw_err_deg: 9.438
Epoch: [2/4], Batch: 2540/9482, Loss: 1029.242, Trans_L2_m: 1.085, Yaw_err_deg: 9.401
Epoch: [2/4], Batch: 2550/9482, Loss: 672.027, Trans_L2_m: 0.849, Yaw_err_deg: 7.181
Epoch: [2/4], Batch: 2560/9482, Loss: 1065.006, Trans_L2_m: 1.523, Yaw_err_deg: 10.433
Epoch: [2/4], Batch: 2570/9482, Loss: 670.572, Trans_L2_m: 1.446, Yaw_err_deg: 7.590
Epoch: [2/4], Batch: 2580/9482, Loss: 720.181, Trans_L2_m: 1.325, Yaw_err_deg: 8.645
Epoch: [2/4], Batch: 2590/9482, Loss: 1843.765, Trans_L2_m: 0.920, Yaw_err_deg: 16.538
Epoch: [2/4], Batch: 2600/9482, Loss: 517.302, Trans_L2_m: 0.819, Yaw_err_deg: 6.645
Epoch: [2/4], Batch: 2610/9482, Loss: 1082.621, Trans_L2_m: 0.925, Yaw_err_deg: 10.210
Epoch: [2/4], Batch: 2620/9482, Loss: 858.460, Trans_L2_m: 0.962, Yaw_err_deg: 9.208
Epoch: [2/4], Batch: 2630/9482, Loss: 503.234, Trans_L2_m: 1.503, Yaw_err_deg: 7.014
Epoch: [2/4], Batch: 2640/9482, Loss: 989.061, Trans_L2_m: 1.096, Yaw_err_deg: 11.309
Epoch: [2/4], Batch: 2650/9482, Loss: 545.021, Trans_L2_m: 1.087, Yaw_err_deg: 7.630
Epoch: [2/4], Batch: 2660/9482, Loss: 1634.401, Trans_L2_m: 1.347, Yaw_err_deg: 12.608
Epoch: [2/4], Batch: 2670/9482, Loss: 603.248, Trans_L2_m: 1.133, Yaw_err_deg: 8.084
Epoch: [2/4], Batch: 2680/9482, Loss: 530.850, Trans_L2_m: 1.651, Yaw_err_deg: 6.271
Epoch: [2/4], Batch: 2690/9482, Loss: 875.704, Trans_L2_m: 1.378, Yaw_err_deg: 9.873
Epoch: [2/4], Batch: 2700/9482, Loss: 503.314, Trans_L2_m: 1.001, Yaw_err_deg: 6.352
Epoch: [2/4], Batch: 2710/9482, Loss: 287.659, Trans_L2_m: 1.394, Yaw_err_deg: 3.617
Epoch: [2/4], Batch: 2720/9482, Loss: 555.827, Trans_L2_m: 1.059, Yaw_err_deg: 6.902
Epoch: [2/4], Batch: 2730/9482, Loss: 544.512, Trans_L2_m: 0.739, Yaw_err_deg: 7.615
Epoch: [2/4], Batch: 2740/9482, Loss: 549.363, Trans_L2_m: 1.118, Yaw_err_deg: 6.978
Epoch: [2/4], Batch: 2750/9482, Loss: 664.717, Trans_L2_m: 0.620, Yaw_err_deg: 8.359
Epoch: [2/4], Batch: 2760/9482, Loss: 474.617, Trans_L2_m: 1.247, Yaw_err_deg: 4.804
Epoch: [2/4], Batch: 2770/9482, Loss: 613.247, Trans_L2_m: 0.816, Yaw_err_deg: 7.790
Epoch: [2/4], Batch: 2780/9482, Loss: 394.934, Trans_L2_m: 0.714, Yaw_err_deg: 4.247
Epoch: [2/4], Batch: 2790/9482, Loss: 1343.336, Trans_L2_m: 0.494, Yaw_err_deg: 14.338
Epoch: [2/4], Batch: 2800/9482, Loss: 507.650, Trans_L2_m: 1.257, Yaw_err_deg: 5.724
Epoch: [2/4], Batch: 2810/9482, Loss: 455.194, Trans_L2_m: 1.048, Yaw_err_deg: 6.610
Epoch: [2/4], Batch: 2820/9482, Loss: 1414.664, Trans_L2_m: 0.681, Yaw_err_deg: 12.837
Epoch: [2/4], Batch: 2830/9482, Loss: 769.490, Trans_L2_m: 1.075, Yaw_err_deg: 9.646
Epoch: [2/4], Batch: 2840/9482, Loss: 616.829, Trans_L2_m: 0.816, Yaw_err_deg: 7.692
Epoch: [2/4], Batch: 2850/9482, Loss: 264.867, Trans_L2_m: 1.043, Yaw_err_deg: 3.510
Epoch: [2/4], Batch: 2860/9482, Loss: 621.184, Trans_L2_m: 0.801, Yaw_err_deg: 8.301
Epoch: [2/4], Batch: 2870/9482, Loss: 679.386, Trans_L2_m: 1.104, Yaw_err_deg: 6.966
Epoch: [2/4], Batch: 2880/9482, Loss: 929.597, Trans_L2_m: 1.216, Yaw_err_deg: 10.287
Epoch: [2/4], Batch: 2890/9482, Loss: 1255.165, Trans_L2_m: 0.951, Yaw_err_deg: 13.137
Epoch: [2/4], Batch: 2900/9482, Loss: 1225.109, Trans_L2_m: 0.800, Yaw_err_deg: 12.140
Epoch: [2/4], Batch: 2910/9482, Loss: 697.796, Trans_L2_m: 0.950, Yaw_err_deg: 9.242
Epoch: [2/4], Batch: 2920/9482, Loss: 1102.594, Trans_L2_m: 0.763, Yaw_err_deg: 10.376
Epoch: [2/4], Batch: 2930/9482, Loss: 960.991, Trans_L2_m: 1.184, Yaw_err_deg: 9.146
Epoch: [2/4], Batch: 2940/9482, Loss: 531.025, Trans_L2_m: 1.114, Yaw_err_deg: 6.781
Epoch: [2/4], Batch: 2950/9482, Loss: 704.355, Trans_L2_m: 1.073, Yaw_err_deg: 8.572
Epoch: [2/4], Batch: 2960/9482, Loss: 681.664, Trans_L2_m: 0.929, Yaw_err_deg: 8.693
Epoch: [2/4], Batch: 2970/9482, Loss: 763.700, Trans_L2_m: 1.220, Yaw_err_deg: 7.814
Epoch: [2/4], Batch: 2980/9482, Loss: 947.712, Trans_L2_m: 0.769, Yaw_err_deg: 8.116
Epoch: [2/4], Batch: 2990/9482, Loss: 831.712, Trans_L2_m: 1.073, Yaw_err_deg: 9.735
Epoch: [2/4], Batch: 3000/9482, Loss: 751.838, Trans_L2_m: 0.811, Yaw_err_deg: 8.218
Epoch: [2/4], Batch: 3010/9482, Loss: 908.587, Trans_L2_m: 1.152, Yaw_err_deg: 9.635
Epoch: [2/4], Batch: 3020/9482, Loss: 1057.581, Trans_L2_m: 1.078, Yaw_err_deg: 9.356
Epoch: [2/4], Batch: 3030/9482, Loss: 644.106, Trans_L2_m: 0.861, Yaw_err_deg: 6.898
Epoch: [2/4], Batch: 3040/9482, Loss: 1116.986, Trans_L2_m: 1.264, Yaw_err_deg: 12.290
Epoch: [2/4], Batch: 3050/9482, Loss: 459.624, Trans_L2_m: 0.813, Yaw_err_deg: 5.977
Epoch: [2/4], Batch: 3060/9482, Loss: 1140.848, Trans_L2_m: 0.483, Yaw_err_deg: 12.276
Epoch: [2/4], Batch: 3070/9482, Loss: 1042.652, Trans_L2_m: 1.058, Yaw_err_deg: 11.098
Epoch: [2/4], Batch: 3080/9482, Loss: 328.934, Trans_L2_m: 0.927, Yaw_err_deg: 5.085
Epoch: [2/4], Batch: 3090/9482, Loss: 1314.346, Trans_L2_m: 0.832, Yaw_err_deg: 11.767
Epoch: [2/4], Batch: 3100/9482, Loss: 406.136, Trans_L2_m: 1.023, Yaw_err_deg: 6.286
Epoch: [2/4], Batch: 3110/9482, Loss: 575.951, Trans_L2_m: 1.219, Yaw_err_deg: 8.014
Epoch: [2/4], Batch: 3120/9482, Loss: 716.960, Trans_L2_m: 1.378, Yaw_err_deg: 8.204
Epoch: [2/4], Batch: 3130/9482, Loss: 755.655, Trans_L2_m: 0.996, Yaw_err_deg: 8.533
Epoch: [2/4], Batch: 3140/9482, Loss: 609.190, Trans_L2_m: 1.559, Yaw_err_deg: 6.601
Epoch: [2/4], Batch: 3150/9482, Loss: 422.573, Trans_L2_m: 1.016, Yaw_err_deg: 3.821
Epoch: [2/4], Batch: 3160/9482, Loss: 610.307, Trans_L2_m: 0.742, Yaw_err_deg: 6.507
Epoch: [2/4], Batch: 3170/9482, Loss: 465.829, Trans_L2_m: 1.000, Yaw_err_deg: 7.097
Epoch: [2/4], Batch: 3180/9482, Loss: 398.592, Trans_L2_m: 0.926, Yaw_err_deg: 5.044
Epoch: [2/4], Batch: 3190/9482, Loss: 411.545, Trans_L2_m: 0.863, Yaw_err_deg: 6.584
Epoch: [2/4], Batch: 3200/9482, Loss: 830.035, Trans_L2_m: 1.256, Yaw_err_deg: 9.060
Epoch: [2/4], Batch: 3210/9482, Loss: 296.165, Trans_L2_m: 0.416, Yaw_err_deg: 4.981
Epoch: [2/4], Batch: 3220/9482, Loss: 707.383, Trans_L2_m: 1.016, Yaw_err_deg: 8.310
Epoch: [2/4], Batch: 3230/9482, Loss: 454.524, Trans_L2_m: 0.593, Yaw_err_deg: 7.249
Epoch: [2/4], Batch: 3240/9482, Loss: 807.853, Trans_L2_m: 0.590, Yaw_err_deg: 8.462
Epoch: [2/4], Batch: 3250/9482, Loss: 1455.763, Trans_L2_m: 1.532, Yaw_err_deg: 13.717
Epoch: [2/4], Batch: 3260/9482, Loss: 879.060, Trans_L2_m: 0.631, Yaw_err_deg: 9.540
Epoch: [2/4], Batch: 3270/9482, Loss: 736.965, Trans_L2_m: 0.862, Yaw_err_deg: 9.701
Epoch: [2/4], Batch: 3280/9482, Loss: 1170.452, Trans_L2_m: 0.764, Yaw_err_deg: 11.764
Epoch: [2/4], Batch: 3290/9482, Loss: 1234.383, Trans_L2_m: 0.866, Yaw_err_deg: 12.204
Epoch: [2/4], Batch: 3300/9482, Loss: 1201.661, Trans_L2_m: 0.793, Yaw_err_deg: 11.889
Epoch: [2/4], Batch: 3310/9482, Loss: 856.682, Trans_L2_m: 0.837, Yaw_err_deg: 8.093
Epoch: [2/4], Batch: 3320/9482, Loss: 394.843, Trans_L2_m: 1.183, Yaw_err_deg: 4.165
Epoch: [2/4], Batch: 3330/9482, Loss: 692.339, Trans_L2_m: 0.729, Yaw_err_deg: 7.627
Epoch: [2/4], Batch: 3340/9482, Loss: 665.884, Trans_L2_m: 1.141, Yaw_err_deg: 7.995
Epoch: [2/4], Batch: 3350/9482, Loss: 626.716, Trans_L2_m: 1.341, Yaw_err_deg: 7.678
Epoch: [2/4], Batch: 3360/9482, Loss: 1059.662, Trans_L2_m: 0.702, Yaw_err_deg: 10.804
Epoch: [2/4], Batch: 3370/9482, Loss: 537.143, Trans_L2_m: 0.829, Yaw_err_deg: 5.766
Epoch: [2/4], Batch: 3380/9482, Loss: 494.299, Trans_L2_m: 0.962, Yaw_err_deg: 6.440
Epoch: [2/4], Batch: 3390/9482, Loss: 924.157, Trans_L2_m: 0.585, Yaw_err_deg: 9.636
Epoch: [2/4], Batch: 3400/9482, Loss: 1905.802, Trans_L2_m: 1.477, Yaw_err_deg: 15.555
Epoch: [2/4], Batch: 3410/9482, Loss: 687.364, Trans_L2_m: 1.374, Yaw_err_deg: 8.815
Epoch: [2/4], Batch: 3420/9482, Loss: 500.043, Trans_L2_m: 0.743, Yaw_err_deg: 6.331
Epoch: [2/4], Batch: 3430/9482, Loss: 844.116, Trans_L2_m: 0.945, Yaw_err_deg: 7.434
Epoch: [2/4], Batch: 3440/9482, Loss: 693.833, Trans_L2_m: 0.627, Yaw_err_deg: 7.348
Epoch: [2/4], Batch: 3450/9482, Loss: 286.899, Trans_L2_m: 0.606, Yaw_err_deg: 5.308
Epoch: [2/4], Batch: 3460/9482, Loss: 658.777, Trans_L2_m: 0.725, Yaw_err_deg: 9.042
Epoch: [2/4], Batch: 3470/9482, Loss: 832.798, Trans_L2_m: 0.900, Yaw_err_deg: 10.110
Epoch: [2/4], Batch: 3480/9482, Loss: 894.716, Trans_L2_m: 0.833, Yaw_err_deg: 11.020
Epoch: [2/4], Batch: 3490/9482, Loss: 1283.019, Trans_L2_m: 1.136, Yaw_err_deg: 11.961
Epoch: [2/4], Batch: 3500/9482, Loss: 1241.798, Trans_L2_m: 0.710, Yaw_err_deg: 11.490
Epoch: [2/4], Batch: 3510/9482, Loss: 790.095, Trans_L2_m: 0.562, Yaw_err_deg: 9.531
Epoch: [2/4], Batch: 3520/9482, Loss: 521.395, Trans_L2_m: 0.974, Yaw_err_deg: 7.183
Epoch: [2/4], Batch: 3530/9482, Loss: 791.072, Trans_L2_m: 1.066, Yaw_err_deg: 7.753
Epoch: [2/4], Batch: 3540/9482, Loss: 525.960, Trans_L2_m: 0.998, Yaw_err_deg: 7.005
Epoch: [2/4], Batch: 3550/9482, Loss: 1133.467, Trans_L2_m: 0.842, Yaw_err_deg: 11.485
Epoch: [2/4], Batch: 3560/9482, Loss: 646.359, Trans_L2_m: 1.903, Yaw_err_deg: 8.124
Epoch: [2/4], Batch: 3570/9482, Loss: 685.115, Trans_L2_m: 0.671, Yaw_err_deg: 9.270
Epoch: [2/4], Batch: 3580/9482, Loss: 775.814, Trans_L2_m: 1.232, Yaw_err_deg: 8.922
Epoch: [2/4], Batch: 3590/9482, Loss: 588.147, Trans_L2_m: 0.827, Yaw_err_deg: 7.874
Epoch: [2/4], Batch: 3600/9482, Loss: 513.409, Trans_L2_m: 0.840, Yaw_err_deg: 7.709
Epoch: [2/4], Batch: 3610/9482, Loss: 298.481, Trans_L2_m: 0.552, Yaw_err_deg: 4.482
Epoch: [2/4], Batch: 3620/9482, Loss: 704.799, Trans_L2_m: 1.049, Yaw_err_deg: 8.450
Epoch: [2/4], Batch: 3630/9482, Loss: 1322.719, Trans_L2_m: 0.865, Yaw_err_deg: 13.383
Epoch: [2/4], Batch: 3640/9482, Loss: 700.390, Trans_L2_m: 0.726, Yaw_err_deg: 9.619
Epoch: [2/4], Batch: 3650/9482, Loss: 713.457, Trans_L2_m: 0.960, Yaw_err_deg: 9.325
Epoch: [2/4], Batch: 3660/9482, Loss: 437.117, Trans_L2_m: 1.012, Yaw_err_deg: 6.444
Epoch: [2/4], Batch: 3670/9482, Loss: 708.929, Trans_L2_m: 1.062, Yaw_err_deg: 8.547
Epoch: [2/4], Batch: 3680/9482, Loss: 810.248, Trans_L2_m: 0.693, Yaw_err_deg: 10.003
Epoch: [2/4], Batch: 3690/9482, Loss: 1123.454, Trans_L2_m: 0.852, Yaw_err_deg: 10.895
Epoch: [2/4], Batch: 3700/9482, Loss: 1192.876, Trans_L2_m: 1.286, Yaw_err_deg: 11.068
Epoch: [2/4], Batch: 3710/9482, Loss: 529.974, Trans_L2_m: 0.973, Yaw_err_deg: 7.544
Epoch: [2/4], Batch: 3720/9482, Loss: 562.742, Trans_L2_m: 1.132, Yaw_err_deg: 6.621
Epoch: [2/4], Batch: 3730/9482, Loss: 531.734, Trans_L2_m: 1.161, Yaw_err_deg: 6.462
Epoch: [2/4], Batch: 3740/9482, Loss: 579.178, Trans_L2_m: 0.603, Yaw_err_deg: 7.233
Epoch: [2/4], Batch: 3750/9482, Loss: 1061.242, Trans_L2_m: 0.847, Yaw_err_deg: 11.312
Epoch: [2/4], Batch: 3760/9482, Loss: 626.722, Trans_L2_m: 0.782, Yaw_err_deg: 7.411
Epoch: [2/4], Batch: 3770/9482, Loss: 583.818, Trans_L2_m: 1.302, Yaw_err_deg: 7.656
Epoch: [2/4], Batch: 3780/9482, Loss: 353.629, Trans_L2_m: 0.690, Yaw_err_deg: 4.346
Epoch: [2/4], Batch: 3790/9482, Loss: 1196.528, Trans_L2_m: 1.325, Yaw_err_deg: 9.896
Epoch: [2/4], Batch: 3800/9482, Loss: 510.478, Trans_L2_m: 1.043, Yaw_err_deg: 6.452
Epoch: [2/4], Batch: 3810/9482, Loss: 390.725, Trans_L2_m: 0.972, Yaw_err_deg: 5.162
Epoch: [2/4], Batch: 3820/9482, Loss: 403.648, Trans_L2_m: 0.720, Yaw_err_deg: 6.278
Epoch: [2/4], Batch: 3830/9482, Loss: 532.571, Trans_L2_m: 1.218, Yaw_err_deg: 6.647
Epoch: [2/4], Batch: 3840/9482, Loss: 929.888, Trans_L2_m: 1.472, Yaw_err_deg: 10.194
Epoch: [2/4], Batch: 3850/9482, Loss: 513.575, Trans_L2_m: 0.666, Yaw_err_deg: 7.297
Epoch: [2/4], Batch: 3860/9482, Loss: 461.134, Trans_L2_m: 0.738, Yaw_err_deg: 6.776
Epoch: [2/4], Batch: 3870/9482, Loss: 1203.289, Trans_L2_m: 1.216, Yaw_err_deg: 10.611
Epoch: [2/4], Batch: 3880/9482, Loss: 1257.436, Trans_L2_m: 1.712, Yaw_err_deg: 11.043
Epoch: [2/4], Batch: 3890/9482, Loss: 545.942, Trans_L2_m: 0.659, Yaw_err_deg: 8.306
Epoch: [2/4], Batch: 3900/9482, Loss: 1619.150, Trans_L2_m: 1.021, Yaw_err_deg: 12.622
Epoch: [2/4], Batch: 3910/9482, Loss: 178.309, Trans_L2_m: 1.118, Yaw_err_deg: 3.336
Epoch: [2/4], Batch: 3920/9482, Loss: 1272.823, Trans_L2_m: 1.726, Yaw_err_deg: 11.323
Epoch: [2/4], Batch: 3930/9482, Loss: 235.507, Trans_L2_m: 0.663, Yaw_err_deg: 4.224
Epoch: [2/4], Batch: 3940/9482, Loss: 884.472, Trans_L2_m: 0.908, Yaw_err_deg: 10.277
Epoch: [2/4], Batch: 3950/9482, Loss: 731.590, Trans_L2_m: 1.319, Yaw_err_deg: 8.472
Epoch: [2/4], Batch: 3960/9482, Loss: 988.752, Trans_L2_m: 0.909, Yaw_err_deg: 9.434
Epoch: [2/4], Batch: 3970/9482, Loss: 261.788, Trans_L2_m: 0.860, Yaw_err_deg: 3.984
Epoch: [2/4], Batch: 3980/9482, Loss: 578.485, Trans_L2_m: 0.718, Yaw_err_deg: 8.244
Epoch: [2/4], Batch: 3990/9482, Loss: 613.740, Trans_L2_m: 0.599, Yaw_err_deg: 7.112
Epoch: [2/4], Batch: 4000/9482, Loss: 851.681, Trans_L2_m: 1.873, Yaw_err_deg: 9.605
Epoch: [2/4], Batch: 4010/9482, Loss: 482.770, Trans_L2_m: 0.709, Yaw_err_deg: 6.192
Epoch: [2/4], Batch: 4020/9482, Loss: 206.278, Trans_L2_m: 0.687, Yaw_err_deg: 3.185
Epoch: [2/4], Batch: 4030/9482, Loss: 480.875, Trans_L2_m: 0.926, Yaw_err_deg: 6.491
Epoch: [2/4], Batch: 4040/9482, Loss: 1212.009, Trans_L2_m: 0.879, Yaw_err_deg: 11.742
Epoch: [2/4], Batch: 4050/9482, Loss: 610.668, Trans_L2_m: 1.245, Yaw_err_deg: 7.769
Epoch: [2/4], Batch: 4060/9482, Loss: 801.966, Trans_L2_m: 0.768, Yaw_err_deg: 7.800
Epoch: [2/4], Batch: 4070/9482, Loss: 375.727, Trans_L2_m: 0.789, Yaw_err_deg: 4.549
Epoch: [2/4], Batch: 4080/9482, Loss: 685.105, Trans_L2_m: 0.868, Yaw_err_deg: 9.001
Epoch: [2/4], Batch: 4090/9482, Loss: 621.057, Trans_L2_m: 1.296, Yaw_err_deg: 7.913
Epoch: [2/4], Batch: 4100/9482, Loss: 995.102, Trans_L2_m: 0.727, Yaw_err_deg: 9.868
Epoch: [2/4], Batch: 4110/9482, Loss: 378.691, Trans_L2_m: 0.759, Yaw_err_deg: 5.564
Epoch: [2/4], Batch: 4120/9482, Loss: 311.722, Trans_L2_m: 1.359, Yaw_err_deg: 4.781
Epoch: [2/4], Batch: 4130/9482, Loss: 761.087, Trans_L2_m: 0.698, Yaw_err_deg: 10.559
Epoch: [2/4], Batch: 4140/9482, Loss: 411.761, Trans_L2_m: 1.149, Yaw_err_deg: 5.637
Epoch: [2/4], Batch: 4150/9482, Loss: 671.336, Trans_L2_m: 1.174, Yaw_err_deg: 7.922
Epoch: [2/4], Batch: 4160/9482, Loss: 143.343, Trans_L2_m: 0.973, Yaw_err_deg: 2.751
Epoch: [2/4], Batch: 4170/9482, Loss: 304.660, Trans_L2_m: 1.497, Yaw_err_deg: 3.950
Epoch: [2/4], Batch: 4180/9482, Loss: 387.411, Trans_L2_m: 0.788, Yaw_err_deg: 5.224
Epoch: [2/4], Batch: 4190/9482, Loss: 1053.092, Trans_L2_m: 0.954, Yaw_err_deg: 10.216
Epoch: [2/4], Batch: 4200/9482, Loss: 667.302, Trans_L2_m: 0.823, Yaw_err_deg: 8.160
Epoch: [2/4], Batch: 4210/9482, Loss: 969.078, Trans_L2_m: 0.770, Yaw_err_deg: 11.327
Epoch: [2/4], Batch: 4220/9482, Loss: 820.504, Trans_L2_m: 0.761, Yaw_err_deg: 9.660
Epoch: [2/4], Batch: 4230/9482, Loss: 631.418, Trans_L2_m: 1.565, Yaw_err_deg: 6.380
Epoch: [2/4], Batch: 4240/9482, Loss: 390.490, Trans_L2_m: 2.812, Yaw_err_deg: 3.665
Epoch: [2/4], Batch: 4250/9482, Loss: 736.901, Trans_L2_m: 1.554, Yaw_err_deg: 8.639
Epoch: [2/4], Batch: 4260/9482, Loss: 637.711, Trans_L2_m: 0.960, Yaw_err_deg: 6.613
Epoch: [2/4], Batch: 4270/9482, Loss: 695.288, Trans_L2_m: 0.604, Yaw_err_deg: 9.423
Epoch: [2/4], Batch: 4280/9482, Loss: 644.693, Trans_L2_m: 0.831, Yaw_err_deg: 7.490
Epoch: [2/4], Batch: 4290/9482, Loss: 351.801, Trans_L2_m: 0.856, Yaw_err_deg: 4.272
Epoch: [2/4], Batch: 4300/9482, Loss: 395.063, Trans_L2_m: 1.489, Yaw_err_deg: 5.806
Epoch: [2/4], Batch: 4310/9482, Loss: 268.434, Trans_L2_m: 0.730, Yaw_err_deg: 5.090
Epoch: [2/4], Batch: 4320/9482, Loss: 1179.776, Trans_L2_m: 0.843, Yaw_err_deg: 12.071
Epoch: [2/4], Batch: 4330/9482, Loss: 1047.808, Trans_L2_m: 0.580, Yaw_err_deg: 11.661
Epoch: [2/4], Batch: 4340/9482, Loss: 563.490, Trans_L2_m: 0.909, Yaw_err_deg: 7.016
Epoch: [2/4], Batch: 4350/9482, Loss: 1119.335, Trans_L2_m: 1.103, Yaw_err_deg: 11.885
Epoch: [2/4], Batch: 4360/9482, Loss: 558.855, Trans_L2_m: 0.801, Yaw_err_deg: 7.099
Epoch: [2/4], Batch: 4370/9482, Loss: 1041.538, Trans_L2_m: 1.330, Yaw_err_deg: 9.806
Epoch: [2/4], Batch: 4380/9482, Loss: 188.012, Trans_L2_m: 0.664, Yaw_err_deg: 3.172
Epoch: [2/4], Batch: 4390/9482, Loss: 923.500, Trans_L2_m: 0.909, Yaw_err_deg: 9.564
Epoch: [2/4], Batch: 4400/9482, Loss: 217.266, Trans_L2_m: 0.908, Yaw_err_deg: 3.786
Epoch: [2/4], Batch: 4410/9482, Loss: 1134.917, Trans_L2_m: 1.933, Yaw_err_deg: 9.224
Epoch: [2/4], Batch: 4420/9482, Loss: 707.085, Trans_L2_m: 1.055, Yaw_err_deg: 9.252
Epoch: [2/4], Batch: 4430/9482, Loss: 427.055, Trans_L2_m: 0.698, Yaw_err_deg: 5.901
Epoch: [2/4], Batch: 4440/9482, Loss: 777.470, Trans_L2_m: 0.920, Yaw_err_deg: 8.796
Epoch: [2/4], Batch: 4450/9482, Loss: 188.806, Trans_L2_m: 0.666, Yaw_err_deg: 3.494
Epoch: [2/4], Batch: 4460/9482, Loss: 451.310, Trans_L2_m: 1.066, Yaw_err_deg: 6.628
Epoch: [2/4], Batch: 4470/9482, Loss: 479.706, Trans_L2_m: 1.118, Yaw_err_deg: 6.827
Epoch: [2/4], Batch: 4480/9482, Loss: 863.367, Trans_L2_m: 0.544, Yaw_err_deg: 10.658
Epoch: [2/4], Batch: 4490/9482, Loss: 542.771, Trans_L2_m: 0.428, Yaw_err_deg: 7.625
Epoch: [2/4], Batch: 4500/9482, Loss: 1082.922, Trans_L2_m: 1.503, Yaw_err_deg: 8.138
Epoch: [2/4], Batch: 4510/9482, Loss: 1025.774, Trans_L2_m: 0.832, Yaw_err_deg: 11.173
Epoch: [2/4], Batch: 4520/9482, Loss: 1278.515, Trans_L2_m: 2.336, Yaw_err_deg: 9.515
Epoch: [2/4], Batch: 4530/9482, Loss: 368.770, Trans_L2_m: 0.724, Yaw_err_deg: 5.624
Epoch: [2/4], Batch: 4540/9482, Loss: 1269.657, Trans_L2_m: 0.765, Yaw_err_deg: 9.925
Epoch: [2/4], Batch: 4550/9482, Loss: 293.255, Trans_L2_m: 0.760, Yaw_err_deg: 5.258
Epoch: [2/4], Batch: 4560/9482, Loss: 1016.900, Trans_L2_m: 1.137, Yaw_err_deg: 8.849
Epoch: [2/4], Batch: 4570/9482, Loss: 592.577, Trans_L2_m: 0.854, Yaw_err_deg: 5.679
Epoch: [2/4], Batch: 4580/9482, Loss: 238.027, Trans_L2_m: 0.885, Yaw_err_deg: 3.477
Epoch: [2/4], Batch: 4590/9482, Loss: 318.024, Trans_L2_m: 0.829, Yaw_err_deg: 5.675
Epoch: [2/4], Batch: 4600/9482, Loss: 496.297, Trans_L2_m: 0.720, Yaw_err_deg: 6.330
Epoch: [2/4], Batch: 4610/9482, Loss: 349.998, Trans_L2_m: 1.577, Yaw_err_deg: 5.228
Epoch: [2/4], Batch: 4620/9482, Loss: 320.463, Trans_L2_m: 1.029, Yaw_err_deg: 4.965
Epoch: [2/4], Batch: 4630/9482, Loss: 241.730, Trans_L2_m: 0.829, Yaw_err_deg: 4.216
Epoch: [2/4], Batch: 4640/9482, Loss: 308.848, Trans_L2_m: 0.968, Yaw_err_deg: 5.721
Epoch: [2/4], Batch: 4650/9482, Loss: 435.388, Trans_L2_m: 1.112, Yaw_err_deg: 6.281
Epoch: [2/4], Batch: 4660/9482, Loss: 776.943, Trans_L2_m: 0.702, Yaw_err_deg: 8.784
Epoch: [2/4], Batch: 4670/9482, Loss: 794.900, Trans_L2_m: 0.846, Yaw_err_deg: 7.175
Epoch: [2/4], Batch: 4680/9482, Loss: 1500.759, Trans_L2_m: 1.046, Yaw_err_deg: 13.204
Epoch: [2/4], Batch: 4690/9482, Loss: 487.216, Trans_L2_m: 1.199, Yaw_err_deg: 5.273
Epoch: [2/4], Batch: 4700/9482, Loss: 295.448, Trans_L2_m: 1.690, Yaw_err_deg: 5.277
Epoch: [2/4], Batch: 4710/9482, Loss: 630.798, Trans_L2_m: 1.073, Yaw_err_deg: 8.362
Epoch: [2/4], Batch: 4720/9482, Loss: 847.193, Trans_L2_m: 0.708, Yaw_err_deg: 10.128
Epoch: [2/4], Batch: 4730/9482, Loss: 868.120, Trans_L2_m: 1.372, Yaw_err_deg: 8.077
Epoch: [2/4], Batch: 4740/9482, Loss: 518.407, Trans_L2_m: 1.251, Yaw_err_deg: 5.517
Epoch: [2/4], Batch: 4750/9482, Loss: 833.692, Trans_L2_m: 0.678, Yaw_err_deg: 9.703
Epoch: [2/4], Batch: 4760/9482, Loss: 1216.929, Trans_L2_m: 0.772, Yaw_err_deg: 9.098
Epoch: [2/4], Batch: 4770/9482, Loss: 916.143, Trans_L2_m: 1.207, Yaw_err_deg: 9.625
Epoch: [2/4], Batch: 4780/9482, Loss: 940.286, Trans_L2_m: 0.856, Yaw_err_deg: 10.975
Epoch: [2/4], Batch: 4790/9482, Loss: 483.721, Trans_L2_m: 1.228, Yaw_err_deg: 6.541
Epoch: [2/4], Batch: 4800/9482, Loss: 279.212, Trans_L2_m: 0.559, Yaw_err_deg: 3.856
Epoch: [2/4], Batch: 4810/9482, Loss: 1095.112, Trans_L2_m: 0.872, Yaw_err_deg: 8.810
Epoch: [2/4], Batch: 4820/9482, Loss: 405.432, Trans_L2_m: 1.061, Yaw_err_deg: 6.298
Epoch: [2/4], Batch: 4830/9482, Loss: 282.632, Trans_L2_m: 1.062, Yaw_err_deg: 4.026
Epoch: [2/4], Batch: 4840/9482, Loss: 295.981, Trans_L2_m: 1.345, Yaw_err_deg: 3.774
Epoch: [2/4], Batch: 4850/9482, Loss: 330.655, Trans_L2_m: 1.124, Yaw_err_deg: 4.525
Epoch: [2/4], Batch: 4860/9482, Loss: 239.744, Trans_L2_m: 1.279, Yaw_err_deg: 2.789
Epoch: [2/4], Batch: 4870/9482, Loss: 830.240, Trans_L2_m: 0.630, Yaw_err_deg: 8.133
Epoch: [2/4], Batch: 4880/9482, Loss: 522.255, Trans_L2_m: 1.060, Yaw_err_deg: 5.942
Epoch: [2/4], Batch: 4890/9482, Loss: 301.199, Trans_L2_m: 1.140, Yaw_err_deg: 5.270
Epoch: [2/4], Batch: 4900/9482, Loss: 1429.555, Trans_L2_m: 1.700, Yaw_err_deg: 12.663
Epoch: [2/4], Batch: 4910/9482, Loss: 895.736, Trans_L2_m: 0.713, Yaw_err_deg: 10.119
Epoch: [2/4], Batch: 4920/9482, Loss: 213.946, Trans_L2_m: 0.793, Yaw_err_deg: 4.108
Epoch: [2/4], Batch: 4930/9482, Loss: 602.869, Trans_L2_m: 0.745, Yaw_err_deg: 7.833
Epoch: [2/4], Batch: 4940/9482, Loss: 307.607, Trans_L2_m: 0.901, Yaw_err_deg: 5.686
Epoch: [2/4], Batch: 4950/9482, Loss: 401.406, Trans_L2_m: 1.087, Yaw_err_deg: 5.257
Epoch: [2/4], Batch: 4960/9482, Loss: 610.462, Trans_L2_m: 0.707, Yaw_err_deg: 7.586
Epoch: [2/4], Batch: 4970/9482, Loss: 486.550, Trans_L2_m: 0.830, Yaw_err_deg: 7.198
Epoch: [2/4], Batch: 4980/9482, Loss: 580.133, Trans_L2_m: 1.075, Yaw_err_deg: 7.557
Epoch: [2/4], Batch: 4990/9482, Loss: 677.118, Trans_L2_m: 1.049, Yaw_err_deg: 8.261
Epoch: [2/4], Batch: 5000/9482, Loss: 5424.117, Trans_L2_m: 1.321, Yaw_err_deg: 13.029
Epoch: [2/4], Batch: 5010/9482, Loss: 494.396, Trans_L2_m: 0.793, Yaw_err_deg: 5.938
Epoch: [2/4], Batch: 5020/9482, Loss: 725.798, Trans_L2_m: 1.003, Yaw_err_deg: 8.259
Epoch: [2/4], Batch: 5030/9482, Loss: 1006.324, Trans_L2_m: 0.829, Yaw_err_deg: 10.447
Epoch: [2/4], Batch: 5040/9482, Loss: 171.015, Trans_L2_m: 0.750, Yaw_err_deg: 2.728
Epoch: [2/4], Batch: 5050/9482, Loss: 738.747, Trans_L2_m: 1.080, Yaw_err_deg: 8.488
Epoch: [2/4], Batch: 5060/9482, Loss: 270.204, Trans_L2_m: 0.772, Yaw_err_deg: 4.816
Epoch: [2/4], Batch: 5070/9482, Loss: 710.427, Trans_L2_m: 0.902, Yaw_err_deg: 8.854
Epoch: [2/4], Batch: 5080/9482, Loss: 341.001, Trans_L2_m: 0.850, Yaw_err_deg: 4.392
Epoch: [2/4], Batch: 5090/9482, Loss: 837.748, Trans_L2_m: 0.558, Yaw_err_deg: 10.604
Epoch: [2/4], Batch: 5100/9482, Loss: 904.623, Trans_L2_m: 1.779, Yaw_err_deg: 8.359
Epoch: [2/4], Batch: 5110/9482, Loss: 420.045, Trans_L2_m: 1.145, Yaw_err_deg: 5.560
Epoch: [2/4], Batch: 5120/9482, Loss: 1135.401, Trans_L2_m: 1.248, Yaw_err_deg: 9.896
Epoch: [2/4], Batch: 5130/9482, Loss: 316.715, Trans_L2_m: 0.459, Yaw_err_deg: 4.719
Epoch: [2/4], Batch: 5140/9482, Loss: 160.857, Trans_L2_m: 0.805, Yaw_err_deg: 3.172
Epoch: [2/4], Batch: 5150/9482, Loss: 451.600, Trans_L2_m: 0.962, Yaw_err_deg: 6.522
Epoch: [2/4], Batch: 5160/9482, Loss: 153.198, Trans_L2_m: 0.821, Yaw_err_deg: 2.862
Epoch: [2/4], Batch: 5170/9482, Loss: 455.601, Trans_L2_m: 1.333, Yaw_err_deg: 6.464
Epoch: [2/4], Batch: 5180/9482, Loss: 805.854, Trans_L2_m: 1.588, Yaw_err_deg: 8.697
Epoch: [2/4], Batch: 5190/9482, Loss: 438.063, Trans_L2_m: 0.644, Yaw_err_deg: 5.892
Epoch: [2/4], Batch: 5200/9482, Loss: 410.259, Trans_L2_m: 0.850, Yaw_err_deg: 4.549
Epoch: [2/4], Batch: 5210/9482, Loss: 585.360, Trans_L2_m: 0.889, Yaw_err_deg: 7.481
Epoch: [2/4], Batch: 5220/9482, Loss: 1207.413, Trans_L2_m: 0.888, Yaw_err_deg: 11.655
Epoch: [2/4], Batch: 5230/9482, Loss: 667.910, Trans_L2_m: 1.154, Yaw_err_deg: 7.950
Epoch: [2/4], Batch: 5240/9482, Loss: 628.294, Trans_L2_m: 1.078, Yaw_err_deg: 8.072
Epoch: [2/4], Batch: 5250/9482, Loss: 646.674, Trans_L2_m: 0.806, Yaw_err_deg: 8.105
Epoch: [2/4], Batch: 5260/9482, Loss: 481.650, Trans_L2_m: 0.628, Yaw_err_deg: 7.353
Epoch: [2/4], Batch: 5270/9482, Loss: 980.758, Trans_L2_m: 0.770, Yaw_err_deg: 10.187
Epoch: [2/4], Batch: 5280/9482, Loss: 1337.696, Trans_L2_m: 1.235, Yaw_err_deg: 12.533
Epoch: [2/4], Batch: 5290/9482, Loss: 618.319, Trans_L2_m: 0.787, Yaw_err_deg: 8.586
Epoch: [2/4], Batch: 5300/9482, Loss: 441.465, Trans_L2_m: 1.256, Yaw_err_deg: 7.138
Epoch: [2/4], Batch: 5310/9482, Loss: 628.288, Trans_L2_m: 0.879, Yaw_err_deg: 7.616
Epoch: [2/4], Batch: 5320/9482, Loss: 532.806, Trans_L2_m: 0.826, Yaw_err_deg: 8.082
Epoch: [2/4], Batch: 5330/9482, Loss: 902.172, Trans_L2_m: 0.705, Yaw_err_deg: 10.360
Epoch: [2/4], Batch: 5340/9482, Loss: 231.589, Trans_L2_m: 0.736, Yaw_err_deg: 3.146
Epoch: [2/4], Batch: 5350/9482, Loss: 1143.478, Trans_L2_m: 0.957, Yaw_err_deg: 10.636
Epoch: [2/4], Batch: 5360/9482, Loss: 1063.391, Trans_L2_m: 1.438, Yaw_err_deg: 11.053
Epoch: [2/4], Batch: 5370/9482, Loss: 960.502, Trans_L2_m: 1.071, Yaw_err_deg: 10.138
Epoch: [2/4], Batch: 5380/9482, Loss: 416.258, Trans_L2_m: 0.748, Yaw_err_deg: 6.551
Epoch: [2/4], Batch: 5390/9482, Loss: 536.829, Trans_L2_m: 0.795, Yaw_err_deg: 6.854
Epoch: [2/4], Batch: 5400/9482, Loss: 392.121, Trans_L2_m: 0.762, Yaw_err_deg: 6.198
Epoch: [2/4], Batch: 5410/9482, Loss: 701.497, Trans_L2_m: 0.862, Yaw_err_deg: 6.220
Epoch: [2/4], Batch: 5420/9482, Loss: 711.811, Trans_L2_m: 0.758, Yaw_err_deg: 6.814
Epoch: [2/4], Batch: 5430/9482, Loss: 820.322, Trans_L2_m: 0.977, Yaw_err_deg: 9.700
Epoch: [2/4], Batch: 5440/9482, Loss: 1763.871, Trans_L2_m: 0.857, Yaw_err_deg: 14.851
Epoch: [2/4], Batch: 5450/9482, Loss: 827.184, Trans_L2_m: 1.391, Yaw_err_deg: 9.335
Epoch: [2/4], Batch: 5460/9482, Loss: 292.612, Trans_L2_m: 0.936, Yaw_err_deg: 4.854
Epoch: [2/4], Batch: 5470/9482, Loss: 421.620, Trans_L2_m: 0.794, Yaw_err_deg: 6.086
Epoch: [2/4], Batch: 5480/9482, Loss: 851.177, Trans_L2_m: 1.095, Yaw_err_deg: 9.898
Epoch: [2/4], Batch: 5490/9482, Loss: 237.177, Trans_L2_m: 0.446, Yaw_err_deg: 4.694
Epoch: [2/4], Batch: 5500/9482, Loss: 1068.255, Trans_L2_m: 0.723, Yaw_err_deg: 7.508
Epoch: [2/4], Batch: 5510/9482, Loss: 1937.737, Trans_L2_m: 1.897, Yaw_err_deg: 13.838
Epoch: [2/4], Batch: 5520/9482, Loss: 1253.299, Trans_L2_m: 1.070, Yaw_err_deg: 12.276
Epoch: [2/4], Batch: 5530/9482, Loss: 737.633, Trans_L2_m: 0.913, Yaw_err_deg: 9.721
Epoch: [2/4], Batch: 5540/9482, Loss: 291.845, Trans_L2_m: 0.998, Yaw_err_deg: 4.155
Epoch: [2/4], Batch: 5550/9482, Loss: 192.274, Trans_L2_m: 0.718, Yaw_err_deg: 3.049
Epoch: [2/4], Batch: 5560/9482, Loss: 213.016, Trans_L2_m: 0.419, Yaw_err_deg: 3.994
Epoch: [2/4], Batch: 5570/9482, Loss: 278.390, Trans_L2_m: 0.887, Yaw_err_deg: 4.551
Epoch: [2/4], Batch: 5580/9482, Loss: 302.038, Trans_L2_m: 0.542, Yaw_err_deg: 5.599
Epoch: [2/4], Batch: 5590/9482, Loss: 718.220, Trans_L2_m: 0.724, Yaw_err_deg: 8.152
Epoch: [2/4], Batch: 5600/9482, Loss: 811.050, Trans_L2_m: 1.351, Yaw_err_deg: 9.281
Epoch: [2/4], Batch: 5610/9482, Loss: 347.810, Trans_L2_m: 1.474, Yaw_err_deg: 4.536
Epoch: [2/4], Batch: 5620/9482, Loss: 1255.167, Trans_L2_m: 1.114, Yaw_err_deg: 10.231
Epoch: [2/4], Batch: 5630/9482, Loss: 805.841, Trans_L2_m: 0.863, Yaw_err_deg: 8.485
Epoch: [2/4], Batch: 5640/9482, Loss: 712.574, Trans_L2_m: 0.460, Yaw_err_deg: 8.129
Epoch: [2/4], Batch: 5650/9482, Loss: 458.048, Trans_L2_m: 0.617, Yaw_err_deg: 6.601
Epoch: [2/4], Batch: 5660/9482, Loss: 437.985, Trans_L2_m: 0.846, Yaw_err_deg: 6.670
Epoch: [2/4], Batch: 5670/9482, Loss: 296.478, Trans_L2_m: 0.889, Yaw_err_deg: 3.469
Epoch: [2/4], Batch: 5680/9482, Loss: 547.883, Trans_L2_m: 1.254, Yaw_err_deg: 7.120
Epoch: [2/4], Batch: 5690/9482, Loss: 549.562, Trans_L2_m: 0.617, Yaw_err_deg: 8.111
Epoch: [2/4], Batch: 5700/9482, Loss: 1093.965, Trans_L2_m: 1.689, Yaw_err_deg: 10.617
Epoch: [2/4], Batch: 5710/9482, Loss: 1159.291, Trans_L2_m: 0.990, Yaw_err_deg: 11.401
Epoch: [2/4], Batch: 5720/9482, Loss: 1397.543, Trans_L2_m: 1.152, Yaw_err_deg: 11.589
Epoch: [2/4], Batch: 5730/9482, Loss: 391.531, Trans_L2_m: 0.946, Yaw_err_deg: 6.549
Epoch: [2/4], Batch: 5740/9482, Loss: 913.049, Trans_L2_m: 0.876, Yaw_err_deg: 9.569
Epoch: [2/4], Batch: 5750/9482, Loss: 1059.751, Trans_L2_m: 0.809, Yaw_err_deg: 8.957
Epoch: [2/4], Batch: 5760/9482, Loss: 411.515, Trans_L2_m: 1.457, Yaw_err_deg: 6.446
Epoch: [2/4], Batch: 5770/9482, Loss: 984.044, Trans_L2_m: 1.200, Yaw_err_deg: 8.318
Epoch: [2/4], Batch: 5780/9482, Loss: 916.552, Trans_L2_m: 0.962, Yaw_err_deg: 8.708
Epoch: [2/4], Batch: 5790/9482, Loss: 1243.772, Trans_L2_m: 0.864, Yaw_err_deg: 11.026
Epoch: [2/4], Batch: 5800/9482, Loss: 939.104, Trans_L2_m: 0.376, Yaw_err_deg: 11.323
Epoch: [2/4], Batch: 5810/9482, Loss: 542.213, Trans_L2_m: 0.684, Yaw_err_deg: 7.808
Epoch: [2/4], Batch: 5820/9482, Loss: 969.416, Trans_L2_m: 0.473, Yaw_err_deg: 7.358
Epoch: [2/4], Batch: 5830/9482, Loss: 282.595, Trans_L2_m: 0.817, Yaw_err_deg: 4.410
Epoch: [2/4], Batch: 5840/9482, Loss: 1041.285, Trans_L2_m: 0.527, Yaw_err_deg: 9.683
Epoch: [2/4], Batch: 5850/9482, Loss: 277.693, Trans_L2_m: 0.861, Yaw_err_deg: 3.250
Epoch: [2/4], Batch: 5860/9482, Loss: 371.774, Trans_L2_m: 0.923, Yaw_err_deg: 6.075
Epoch: [2/4], Batch: 5870/9482, Loss: 177.408, Trans_L2_m: 0.771, Yaw_err_deg: 3.088
Epoch: [2/4], Batch: 5880/9482, Loss: 356.325, Trans_L2_m: 1.225, Yaw_err_deg: 5.033
Epoch: [2/4], Batch: 5890/9482, Loss: 567.859, Trans_L2_m: 1.259, Yaw_err_deg: 6.890
Epoch: [2/4], Batch: 5900/9482, Loss: 557.712, Trans_L2_m: 0.764, Yaw_err_deg: 7.213
Epoch: [2/4], Batch: 5910/9482, Loss: 330.039, Trans_L2_m: 1.355, Yaw_err_deg: 4.925
Epoch: [2/4], Batch: 5920/9482, Loss: 679.277, Trans_L2_m: 1.078, Yaw_err_deg: 6.838
Epoch: [2/4], Batch: 5930/9482, Loss: 786.162, Trans_L2_m: 0.927, Yaw_err_deg: 9.554
Epoch: [2/4], Batch: 5940/9482, Loss: 1014.357, Trans_L2_m: 1.748, Yaw_err_deg: 10.324
Epoch: [2/4], Batch: 5950/9482, Loss: 384.349, Trans_L2_m: 0.807, Yaw_err_deg: 5.623
Epoch: [2/4], Batch: 5960/9482, Loss: 1078.625, Trans_L2_m: 1.114, Yaw_err_deg: 10.185
Epoch: [2/4], Batch: 5970/9482, Loss: 287.249, Trans_L2_m: 0.560, Yaw_err_deg: 4.773
Epoch: [2/4], Batch: 5980/9482, Loss: 1027.726, Trans_L2_m: 1.680, Yaw_err_deg: 10.556
Epoch: [2/4], Batch: 5990/9482, Loss: 373.263, Trans_L2_m: 0.810, Yaw_err_deg: 5.614
Epoch: [2/4], Batch: 6000/9482, Loss: 677.891, Trans_L2_m: 1.991, Yaw_err_deg: 6.734
Epoch: [2/4], Batch: 6010/9482, Loss: 699.179, Trans_L2_m: 1.221, Yaw_err_deg: 6.889
Epoch: [2/4], Batch: 6020/9482, Loss: 302.738, Trans_L2_m: 1.352, Yaw_err_deg: 4.076
Epoch: [2/4], Batch: 6030/9482, Loss: 1101.403, Trans_L2_m: 0.775, Yaw_err_deg: 10.388
Epoch: [2/4], Batch: 6040/9482, Loss: 1364.745, Trans_L2_m: 0.615, Yaw_err_deg: 11.960
Epoch: [2/4], Batch: 6050/9482, Loss: 998.030, Trans_L2_m: 0.999, Yaw_err_deg: 9.139
Epoch: [2/4], Batch: 6060/9482, Loss: 446.288, Trans_L2_m: 1.338, Yaw_err_deg: 6.415
Epoch: [2/4], Batch: 6070/9482, Loss: 739.394, Trans_L2_m: 1.033, Yaw_err_deg: 8.469
Epoch: [2/4], Batch: 6080/9482, Loss: 348.191, Trans_L2_m: 0.665, Yaw_err_deg: 5.804
Epoch: [2/4], Batch: 6090/9482, Loss: 977.879, Trans_L2_m: 0.416, Yaw_err_deg: 10.617
Epoch: [2/4], Batch: 6100/9482, Loss: 1899.016, Trans_L2_m: 3.931, Yaw_err_deg: 7.481
Epoch: [2/4], Batch: 6110/9482, Loss: 553.438, Trans_L2_m: 1.244, Yaw_err_deg: 6.950
Epoch: [2/4], Batch: 6120/9482, Loss: 805.503, Trans_L2_m: 0.838, Yaw_err_deg: 9.557
Epoch: [2/4], Batch: 6130/9482, Loss: 436.530, Trans_L2_m: 0.610, Yaw_err_deg: 5.927
Epoch: [2/4], Batch: 6140/9482, Loss: 222.042, Trans_L2_m: 0.490, Yaw_err_deg: 3.755
Epoch: [2/4], Batch: 6150/9482, Loss: 370.307, Trans_L2_m: 0.961, Yaw_err_deg: 4.853
Epoch: [2/4], Batch: 6160/9482, Loss: 435.584, Trans_L2_m: 0.341, Yaw_err_deg: 5.997
Epoch: [2/4], Batch: 6170/9482, Loss: 725.801, Trans_L2_m: 0.788, Yaw_err_deg: 7.268
Epoch: [2/4], Batch: 6180/9482, Loss: 1463.299, Trans_L2_m: 0.939, Yaw_err_deg: 13.297
Epoch: [2/4], Batch: 6190/9482, Loss: 1402.742, Trans_L2_m: 0.820, Yaw_err_deg: 8.989
Epoch: [2/4], Batch: 6200/9482, Loss: 419.373, Trans_L2_m: 0.556, Yaw_err_deg: 6.476
Epoch: [2/4], Batch: 6210/9482, Loss: 392.838, Trans_L2_m: 0.923, Yaw_err_deg: 5.390
Epoch: [2/4], Batch: 6220/9482, Loss: 517.724, Trans_L2_m: 0.795, Yaw_err_deg: 6.491
Epoch: [2/4], Batch: 6230/9482, Loss: 839.725, Trans_L2_m: 0.693, Yaw_err_deg: 9.039
Epoch: [2/4], Batch: 6240/9482, Loss: 796.528, Trans_L2_m: 0.882, Yaw_err_deg: 10.698
Epoch: [2/4], Batch: 6250/9482, Loss: 818.589, Trans_L2_m: 0.623, Yaw_err_deg: 8.767
Epoch: [2/4], Batch: 6260/9482, Loss: 835.762, Trans_L2_m: 0.821, Yaw_err_deg: 9.761
Epoch: [2/4], Batch: 6270/9482, Loss: 596.512, Trans_L2_m: 0.813, Yaw_err_deg: 6.711
Epoch: [2/4], Batch: 6280/9482, Loss: 628.092, Trans_L2_m: 0.688, Yaw_err_deg: 8.231
Epoch: [2/4], Batch: 6290/9482, Loss: 348.911, Trans_L2_m: 0.812, Yaw_err_deg: 5.244
Epoch: [2/4], Batch: 6300/9482, Loss: 610.734, Trans_L2_m: 0.827, Yaw_err_deg: 6.549
Epoch: [2/4], Batch: 6310/9482, Loss: 559.112, Trans_L2_m: 0.994, Yaw_err_deg: 8.036
Epoch: [2/4], Batch: 6320/9482, Loss: 339.280, Trans_L2_m: 0.750, Yaw_err_deg: 4.229
Epoch: [2/4], Batch: 6330/9482, Loss: 275.035, Trans_L2_m: 0.706, Yaw_err_deg: 3.758
Epoch: [2/4], Batch: 6340/9482, Loss: 358.805, Trans_L2_m: 1.279, Yaw_err_deg: 4.809
Epoch: [2/4], Batch: 6350/9482, Loss: 556.047, Trans_L2_m: 0.947, Yaw_err_deg: 9.201
Epoch: [2/4], Batch: 6360/9482, Loss: 389.431, Trans_L2_m: 0.885, Yaw_err_deg: 4.625
Epoch: [2/4], Batch: 6370/9482, Loss: 827.210, Trans_L2_m: 1.143, Yaw_err_deg: 8.048
Epoch: [2/4], Batch: 6380/9482, Loss: 1013.011, Trans_L2_m: 0.706, Yaw_err_deg: 9.684
Epoch: [2/4], Batch: 6390/9482, Loss: 258.795, Trans_L2_m: 0.709, Yaw_err_deg: 4.807
Epoch: [2/4], Batch: 6400/9482, Loss: 539.677, Trans_L2_m: 0.848, Yaw_err_deg: 7.573
Epoch: [2/4], Batch: 6410/9482, Loss: 285.331, Trans_L2_m: 0.510, Yaw_err_deg: 5.579
Epoch: [2/4], Batch: 6420/9482, Loss: 637.387, Trans_L2_m: 0.978, Yaw_err_deg: 8.184
Epoch: [2/4], Batch: 6430/9482, Loss: 236.038, Trans_L2_m: 1.055, Yaw_err_deg: 3.494
Epoch: [2/4], Batch: 6440/9482, Loss: 937.196, Trans_L2_m: 0.688, Yaw_err_deg: 10.148
Epoch: [2/4], Batch: 6450/9482, Loss: 224.462, Trans_L2_m: 0.818, Yaw_err_deg: 3.577
Epoch: [2/4], Batch: 6460/9482, Loss: 458.002, Trans_L2_m: 1.318, Yaw_err_deg: 5.595
Epoch: [2/4], Batch: 6470/9482, Loss: 315.810, Trans_L2_m: 0.812, Yaw_err_deg: 4.708
Epoch: [2/4], Batch: 6480/9482, Loss: 911.922, Trans_L2_m: 0.470, Yaw_err_deg: 10.832
Epoch: [2/4], Batch: 6490/9482, Loss: 496.297, Trans_L2_m: 1.310, Yaw_err_deg: 5.839
Epoch: [2/4], Batch: 6500/9482, Loss: 291.295, Trans_L2_m: 1.554, Yaw_err_deg: 3.525
Epoch: [2/4], Batch: 6510/9482, Loss: 296.462, Trans_L2_m: 0.768, Yaw_err_deg: 3.973
Epoch: [2/4], Batch: 6520/9482, Loss: 648.715, Trans_L2_m: 0.908, Yaw_err_deg: 7.990
Epoch: [2/4], Batch: 6530/9482, Loss: 1074.480, Trans_L2_m: 0.666, Yaw_err_deg: 10.080
Epoch: [2/4], Batch: 6540/9482, Loss: 1060.023, Trans_L2_m: 0.688, Yaw_err_deg: 9.628
Epoch: [2/4], Batch: 6550/9482, Loss: 575.686, Trans_L2_m: 0.362, Yaw_err_deg: 6.894
Epoch: [2/4], Batch: 6560/9482, Loss: 533.368, Trans_L2_m: 0.630, Yaw_err_deg: 5.996
Epoch: [2/4], Batch: 6570/9482, Loss: 713.485, Trans_L2_m: 1.276, Yaw_err_deg: 6.628
Epoch: [2/4], Batch: 6580/9482, Loss: 290.709, Trans_L2_m: 1.443, Yaw_err_deg: 3.921
Epoch: [2/4], Batch: 6590/9482, Loss: 1213.695, Trans_L2_m: 0.904, Yaw_err_deg: 11.360
Epoch: [2/4], Batch: 6600/9482, Loss: 620.129, Trans_L2_m: 0.938, Yaw_err_deg: 7.928
Epoch: [2/4], Batch: 6610/9482, Loss: 445.363, Trans_L2_m: 1.153, Yaw_err_deg: 6.056
Epoch: [2/4], Batch: 6620/9482, Loss: 218.572, Trans_L2_m: 0.720, Yaw_err_deg: 4.246
Epoch: [2/4], Batch: 6630/9482, Loss: 1262.918, Trans_L2_m: 0.831, Yaw_err_deg: 12.336
Epoch: [2/4], Batch: 6640/9482, Loss: 626.483, Trans_L2_m: 0.507, Yaw_err_deg: 5.409
Epoch: [2/4], Batch: 6650/9482, Loss: 519.488, Trans_L2_m: 0.965, Yaw_err_deg: 8.050
Epoch: [2/4], Batch: 6660/9482, Loss: 514.345, Trans_L2_m: 0.694, Yaw_err_deg: 7.194
Epoch: [2/4], Batch: 6670/9482, Loss: 312.378, Trans_L2_m: 1.058, Yaw_err_deg: 5.103
Epoch: [2/4], Batch: 6680/9482, Loss: 2677.860, Trans_L2_m: 0.786, Yaw_err_deg: 9.626
Epoch: [2/4], Batch: 6690/9482, Loss: 1243.552, Trans_L2_m: 0.650, Yaw_err_deg: 11.704
Epoch: [2/4], Batch: 6700/9482, Loss: 176.082, Trans_L2_m: 0.688, Yaw_err_deg: 3.305
Epoch: [2/4], Batch: 6710/9482, Loss: 505.908, Trans_L2_m: 1.367, Yaw_err_deg: 7.237
Epoch: [2/4], Batch: 6720/9482, Loss: 843.674, Trans_L2_m: 1.024, Yaw_err_deg: 9.328
Epoch: [2/4], Batch: 6730/9482, Loss: 916.519, Trans_L2_m: 1.146, Yaw_err_deg: 9.399
Epoch: [2/4], Batch: 6740/9482, Loss: 229.822, Trans_L2_m: 0.828, Yaw_err_deg: 3.866
Epoch: [2/4], Batch: 6750/9482, Loss: 745.495, Trans_L2_m: 1.884, Yaw_err_deg: 7.763
Epoch: [2/4], Batch: 6760/9482, Loss: 980.905, Trans_L2_m: 1.006, Yaw_err_deg: 11.060
Epoch: [2/4], Batch: 6770/9482, Loss: 756.156, Trans_L2_m: 1.058, Yaw_err_deg: 7.926
Epoch: [2/4], Batch: 6780/9482, Loss: 208.359, Trans_L2_m: 1.073, Yaw_err_deg: 3.902
Epoch: [2/4], Batch: 6790/9482, Loss: 355.261, Trans_L2_m: 0.924, Yaw_err_deg: 5.108
Epoch: [2/4], Batch: 6800/9482, Loss: 231.855, Trans_L2_m: 0.547, Yaw_err_deg: 4.518
Epoch: [2/4], Batch: 6810/9482, Loss: 789.653, Trans_L2_m: 1.537, Yaw_err_deg: 9.641
Epoch: [2/4], Batch: 6820/9482, Loss: 435.194, Trans_L2_m: 0.797, Yaw_err_deg: 6.079
Epoch: [2/4], Batch: 6830/9482, Loss: 1833.396, Trans_L2_m: 1.779, Yaw_err_deg: 14.039
Epoch: [2/4], Batch: 6840/9482, Loss: 499.534, Trans_L2_m: 1.076, Yaw_err_deg: 6.787
Epoch: [2/4], Batch: 6850/9482, Loss: 967.676, Trans_L2_m: 1.147, Yaw_err_deg: 10.450
Epoch: [2/4], Batch: 6860/9482, Loss: 1166.580, Trans_L2_m: 0.716, Yaw_err_deg: 10.492
Epoch: [2/4], Batch: 6870/9482, Loss: 1255.438, Trans_L2_m: 1.094, Yaw_err_deg: 11.569
Epoch: [2/4], Batch: 6880/9482, Loss: 1001.268, Trans_L2_m: 1.051, Yaw_err_deg: 10.299
Epoch: [2/4], Batch: 6890/9482, Loss: 678.108, Trans_L2_m: 0.787, Yaw_err_deg: 8.069
Epoch: [2/4], Batch: 6900/9482, Loss: 868.717, Trans_L2_m: 0.722, Yaw_err_deg: 8.797
Epoch: [2/4], Batch: 6910/9482, Loss: 445.601, Trans_L2_m: 0.588, Yaw_err_deg: 6.910
Epoch: [2/4], Batch: 6920/9482, Loss: 236.967, Trans_L2_m: 0.837, Yaw_err_deg: 3.184
Epoch: [2/4], Batch: 6930/9482, Loss: 264.660, Trans_L2_m: 1.430, Yaw_err_deg: 3.817
Epoch: [2/4], Batch: 6940/9482, Loss: 555.222, Trans_L2_m: 1.481, Yaw_err_deg: 7.296
Epoch: [2/4], Batch: 6950/9482, Loss: 637.030, Trans_L2_m: 0.684, Yaw_err_deg: 8.391
Epoch: [2/4], Batch: 6960/9482, Loss: 657.107, Trans_L2_m: 0.945, Yaw_err_deg: 7.900
Epoch: [2/4], Batch: 6970/9482, Loss: 705.478, Trans_L2_m: 1.190, Yaw_err_deg: 8.636
Epoch: [2/4], Batch: 6980/9482, Loss: 442.995, Trans_L2_m: 1.326, Yaw_err_deg: 6.474
Epoch: [2/4], Batch: 6990/9482, Loss: 1395.825, Trans_L2_m: 0.788, Yaw_err_deg: 12.305
Epoch: [2/4], Batch: 7000/9482, Loss: 497.608, Trans_L2_m: 0.809, Yaw_err_deg: 6.551
Epoch: [2/4], Batch: 7010/9482, Loss: 597.818, Trans_L2_m: 0.793, Yaw_err_deg: 7.369
Epoch: [2/4], Batch: 7020/9482, Loss: 854.537, Trans_L2_m: 1.346, Yaw_err_deg: 8.793
Epoch: [2/4], Batch: 7030/9482, Loss: 231.431, Trans_L2_m: 0.839, Yaw_err_deg: 3.645
Epoch: [2/4], Batch: 7040/9482, Loss: 1631.311, Trans_L2_m: 1.144, Yaw_err_deg: 12.866
Epoch: [2/4], Batch: 7050/9482, Loss: 588.264, Trans_L2_m: 0.882, Yaw_err_deg: 7.753
Epoch: [2/4], Batch: 7060/9482, Loss: 952.503, Trans_L2_m: 0.875, Yaw_err_deg: 9.910
Epoch: [2/4], Batch: 7070/9482, Loss: 218.905, Trans_L2_m: 0.695, Yaw_err_deg: 3.412
Epoch: [2/4], Batch: 7080/9482, Loss: 610.013, Trans_L2_m: 1.144, Yaw_err_deg: 8.262
Epoch: [2/4], Batch: 7090/9482, Loss: 444.917, Trans_L2_m: 0.741, Yaw_err_deg: 6.211
Epoch: [2/4], Batch: 7100/9482, Loss: 525.768, Trans_L2_m: 1.313, Yaw_err_deg: 6.698
Epoch: [2/4], Batch: 7110/9482, Loss: 312.774, Trans_L2_m: 1.660, Yaw_err_deg: 4.473
Epoch: [2/4], Batch: 7120/9482, Loss: 653.060, Trans_L2_m: 1.375, Yaw_err_deg: 8.251
Epoch: [2/4], Batch: 7130/9482, Loss: 472.700, Trans_L2_m: 0.904, Yaw_err_deg: 5.448
Epoch: [2/4], Batch: 7140/9482, Loss: 1129.615, Trans_L2_m: 0.923, Yaw_err_deg: 10.313
Epoch: [2/4], Batch: 7150/9482, Loss: 741.084, Trans_L2_m: 0.992, Yaw_err_deg: 8.962
Epoch: [2/4], Batch: 7160/9482, Loss: 520.205, Trans_L2_m: 1.226, Yaw_err_deg: 6.543
Epoch: [2/4], Batch: 7170/9482, Loss: 631.545, Trans_L2_m: 0.713, Yaw_err_deg: 7.374
Epoch: [2/4], Batch: 7180/9482, Loss: 713.197, Trans_L2_m: 1.150, Yaw_err_deg: 9.002
Epoch: [2/4], Batch: 7190/9482, Loss: 363.205, Trans_L2_m: 1.085, Yaw_err_deg: 5.526
Epoch: [2/4], Batch: 7200/9482, Loss: 782.219, Trans_L2_m: 0.896, Yaw_err_deg: 7.430
Epoch: [2/4], Batch: 7210/9482, Loss: 270.807, Trans_L2_m: 0.873, Yaw_err_deg: 3.097
Epoch: [2/4], Batch: 7220/9482, Loss: 319.951, Trans_L2_m: 1.085, Yaw_err_deg: 4.562
Epoch: [2/4], Batch: 7230/9482, Loss: 296.264, Trans_L2_m: 1.127, Yaw_err_deg: 4.143
Epoch: [2/4], Batch: 7240/9482, Loss: 699.158, Trans_L2_m: 0.784, Yaw_err_deg: 8.491
Epoch: [2/4], Batch: 7250/9482, Loss: 424.042, Trans_L2_m: 0.666, Yaw_err_deg: 5.704
Epoch: [2/4], Batch: 7260/9482, Loss: 936.763, Trans_L2_m: 0.888, Yaw_err_deg: 9.809
Epoch: [2/4], Batch: 7270/9482, Loss: 629.552, Trans_L2_m: 1.481, Yaw_err_deg: 7.369
Epoch: [2/4], Batch: 7280/9482, Loss: 560.172, Trans_L2_m: 1.136, Yaw_err_deg: 7.303
Epoch: [2/4], Batch: 7290/9482, Loss: 724.112, Trans_L2_m: 0.862, Yaw_err_deg: 8.800
Epoch: [2/4], Batch: 7300/9482, Loss: 387.935, Trans_L2_m: 0.739, Yaw_err_deg: 6.519
Epoch: [2/4], Batch: 7310/9482, Loss: 360.781, Trans_L2_m: 1.007, Yaw_err_deg: 4.538
Epoch: [2/4], Batch: 7320/9482, Loss: 807.444, Trans_L2_m: 0.803, Yaw_err_deg: 9.903
Epoch: [2/4], Batch: 7330/9482, Loss: 928.352, Trans_L2_m: 1.417, Yaw_err_deg: 8.198
Epoch: [2/4], Batch: 7340/9482, Loss: 506.145, Trans_L2_m: 0.616, Yaw_err_deg: 7.274
Epoch: [2/4], Batch: 7350/9482, Loss: 660.972, Trans_L2_m: 0.789, Yaw_err_deg: 8.792
Epoch: [2/4], Batch: 7360/9482, Loss: 740.543, Trans_L2_m: 0.936, Yaw_err_deg: 9.132
Epoch: [2/4], Batch: 7370/9482, Loss: 971.844, Trans_L2_m: 0.924, Yaw_err_deg: 8.402
Epoch: [2/4], Batch: 7380/9482, Loss: 710.767, Trans_L2_m: 0.773, Yaw_err_deg: 7.802
Epoch: [2/4], Batch: 7390/9482, Loss: 568.419, Trans_L2_m: 1.253, Yaw_err_deg: 7.435
Epoch: [2/4], Batch: 7400/9482, Loss: 518.174, Trans_L2_m: 0.884, Yaw_err_deg: 6.232
Epoch: [2/4], Batch: 7410/9482, Loss: 1057.541, Trans_L2_m: 1.225, Yaw_err_deg: 8.190
Epoch: [2/4], Batch: 7420/9482, Loss: 368.347, Trans_L2_m: 0.969, Yaw_err_deg: 6.038
Epoch: [2/4], Batch: 7430/9482, Loss: 422.397, Trans_L2_m: 0.427, Yaw_err_deg: 7.186
Epoch: [2/4], Batch: 7440/9482, Loss: 593.568, Trans_L2_m: 0.919, Yaw_err_deg: 7.589
Epoch: [2/4], Batch: 7450/9482, Loss: 644.107, Trans_L2_m: 0.672, Yaw_err_deg: 9.044
Epoch: [2/4], Batch: 7460/9482, Loss: 662.824, Trans_L2_m: 0.815, Yaw_err_deg: 6.917
Epoch: [2/4], Batch: 7470/9482, Loss: 808.451, Trans_L2_m: 1.102, Yaw_err_deg: 9.121
Epoch: [2/4], Batch: 7480/9482, Loss: 995.365, Trans_L2_m: 0.636, Yaw_err_deg: 9.853
Epoch: [2/4], Batch: 7490/9482, Loss: 434.530, Trans_L2_m: 1.033, Yaw_err_deg: 6.603
Epoch: [2/4], Batch: 7500/9482, Loss: 754.528, Trans_L2_m: 1.602, Yaw_err_deg: 9.200
Epoch: [2/4], Batch: 7510/9482, Loss: 235.302, Trans_L2_m: 0.835, Yaw_err_deg: 3.264
Epoch: [2/4], Batch: 7520/9482, Loss: 276.290, Trans_L2_m: 0.746, Yaw_err_deg: 3.415
Epoch: [2/4], Batch: 7530/9482, Loss: 728.455, Trans_L2_m: 0.968, Yaw_err_deg: 7.608
Epoch: [2/4], Batch: 7540/9482, Loss: 495.218, Trans_L2_m: 0.565, Yaw_err_deg: 6.425
Epoch: [2/4], Batch: 7550/9482, Loss: 635.236, Trans_L2_m: 0.873, Yaw_err_deg: 9.056
Epoch: [2/4], Batch: 7560/9482, Loss: 430.186, Trans_L2_m: 0.734, Yaw_err_deg: 5.780
Epoch: [2/4], Batch: 7570/9482, Loss: 866.784, Trans_L2_m: 1.088, Yaw_err_deg: 8.970
Epoch: [2/4], Batch: 7580/9482, Loss: 432.385, Trans_L2_m: 0.675, Yaw_err_deg: 6.526
Epoch: [2/4], Batch: 7590/9482, Loss: 846.134, Trans_L2_m: 0.772, Yaw_err_deg: 8.608
Epoch: [2/4], Batch: 7600/9482, Loss: 592.878, Trans_L2_m: 0.881, Yaw_err_deg: 6.690
Epoch: [2/4], Batch: 7610/9482, Loss: 830.657, Trans_L2_m: 0.827, Yaw_err_deg: 8.935
Epoch: [2/4], Batch: 7620/9482, Loss: 179.844, Trans_L2_m: 0.793, Yaw_err_deg: 3.265
Epoch: [2/4], Batch: 7630/9482, Loss: 504.260, Trans_L2_m: 0.764, Yaw_err_deg: 5.877
Epoch: [2/4], Batch: 7640/9482, Loss: 471.843, Trans_L2_m: 0.702, Yaw_err_deg: 6.903
Epoch: [2/4], Batch: 7650/9482, Loss: 804.662, Trans_L2_m: 0.700, Yaw_err_deg: 8.408
Epoch: [2/4], Batch: 7660/9482, Loss: 390.962, Trans_L2_m: 0.717, Yaw_err_deg: 6.092
Epoch: [2/4], Batch: 7670/9482, Loss: 747.323, Trans_L2_m: 0.654, Yaw_err_deg: 7.504
Epoch: [2/4], Batch: 7680/9482, Loss: 446.161, Trans_L2_m: 1.122, Yaw_err_deg: 5.323
Epoch: [2/4], Batch: 7690/9482, Loss: 392.939, Trans_L2_m: 0.684, Yaw_err_deg: 6.455
Epoch: [2/4], Batch: 7700/9482, Loss: 594.564, Trans_L2_m: 0.781, Yaw_err_deg: 6.924
Epoch: [2/4], Batch: 7710/9482, Loss: 1163.034, Trans_L2_m: 1.266, Yaw_err_deg: 11.314
Epoch: [2/4], Batch: 7720/9482, Loss: 556.546, Trans_L2_m: 0.917, Yaw_err_deg: 6.328
Epoch: [2/4], Batch: 7730/9482, Loss: 501.486, Trans_L2_m: 1.147, Yaw_err_deg: 5.322
Epoch: [2/4], Batch: 7740/9482, Loss: 671.462, Trans_L2_m: 1.860, Yaw_err_deg: 6.686
Epoch: [2/4], Batch: 7750/9482, Loss: 428.298, Trans_L2_m: 0.774, Yaw_err_deg: 6.613
Epoch: [2/4], Batch: 7760/9482, Loss: 245.060, Trans_L2_m: 0.959, Yaw_err_deg: 3.708
Epoch: [2/4], Batch: 7770/9482, Loss: 569.612, Trans_L2_m: 1.116, Yaw_err_deg: 5.958
Epoch: [2/4], Batch: 7780/9482, Loss: 442.595, Trans_L2_m: 1.023, Yaw_err_deg: 6.033
Epoch: [2/4], Batch: 7790/9482, Loss: 305.827, Trans_L2_m: 0.811, Yaw_err_deg: 5.382
Epoch: [2/4], Batch: 7800/9482, Loss: 637.154, Trans_L2_m: 1.088, Yaw_err_deg: 6.776
Epoch: [2/4], Batch: 7810/9482, Loss: 1049.885, Trans_L2_m: 0.776, Yaw_err_deg: 10.824
Epoch: [2/4], Batch: 7820/9482, Loss: 714.382, Trans_L2_m: 1.335, Yaw_err_deg: 8.374
Epoch: [2/4], Batch: 7830/9482, Loss: 603.772, Trans_L2_m: 1.163, Yaw_err_deg: 7.996
Epoch: [2/4], Batch: 7840/9482, Loss: 699.722, Trans_L2_m: 0.700, Yaw_err_deg: 8.733
Epoch: [2/4], Batch: 7850/9482, Loss: 490.545, Trans_L2_m: 0.519, Yaw_err_deg: 6.982
Epoch: [2/4], Batch: 7860/9482, Loss: 271.942, Trans_L2_m: 0.737, Yaw_err_deg: 3.825
Epoch: [2/4], Batch: 7870/9482, Loss: 430.214, Trans_L2_m: 0.762, Yaw_err_deg: 6.352
Epoch: [2/4], Batch: 7880/9482, Loss: 553.852, Trans_L2_m: 0.825, Yaw_err_deg: 7.428
Epoch: [2/4], Batch: 7890/9482, Loss: 520.803, Trans_L2_m: 0.780, Yaw_err_deg: 6.727
Epoch: [2/4], Batch: 7900/9482, Loss: 388.193, Trans_L2_m: 0.879, Yaw_err_deg: 5.568
Epoch: [2/4], Batch: 7910/9482, Loss: 637.527, Trans_L2_m: 0.684, Yaw_err_deg: 7.561
Epoch: [2/4], Batch: 7920/9482, Loss: 1447.726, Trans_L2_m: 0.689, Yaw_err_deg: 12.350
Epoch: [2/4], Batch: 7930/9482, Loss: 1220.451, Trans_L2_m: 0.961, Yaw_err_deg: 8.427
Epoch: [2/4], Batch: 7940/9482, Loss: 254.347, Trans_L2_m: 0.744, Yaw_err_deg: 4.549
Epoch: [2/4], Batch: 7950/9482, Loss: 259.320, Trans_L2_m: 1.122, Yaw_err_deg: 3.508
Epoch: [2/4], Batch: 7960/9482, Loss: 186.735, Trans_L2_m: 0.690, Yaw_err_deg: 3.042
Epoch: [2/4], Batch: 7970/9482, Loss: 539.467, Trans_L2_m: 1.348, Yaw_err_deg: 7.670
Epoch: [2/4], Batch: 7980/9482, Loss: 134.133, Trans_L2_m: 1.219, Yaw_err_deg: 1.850
Epoch: [2/4], Batch: 7990/9482, Loss: 431.034, Trans_L2_m: 1.567, Yaw_err_deg: 6.006
Epoch: [2/4], Batch: 8000/9482, Loss: 770.172, Trans_L2_m: 0.718, Yaw_err_deg: 9.214
Epoch: [2/4], Batch: 8010/9482, Loss: 417.379, Trans_L2_m: 0.537, Yaw_err_deg: 6.565
Epoch: [2/4], Batch: 8020/9482, Loss: 322.077, Trans_L2_m: 1.228, Yaw_err_deg: 4.557
Epoch: [2/4], Batch: 8030/9482, Loss: 666.269, Trans_L2_m: 0.661, Yaw_err_deg: 6.158
Epoch: [2/4], Batch: 8040/9482, Loss: 267.207, Trans_L2_m: 0.699, Yaw_err_deg: 5.448
Epoch: [2/4], Batch: 8050/9482, Loss: 312.234, Trans_L2_m: 0.802, Yaw_err_deg: 4.209
Epoch: [2/4], Batch: 8060/9482, Loss: 601.245, Trans_L2_m: 0.993, Yaw_err_deg: 7.955
Epoch: [2/4], Batch: 8070/9482, Loss: 303.860, Trans_L2_m: 0.839, Yaw_err_deg: 4.336
Epoch: [2/4], Batch: 8080/9482, Loss: 740.247, Trans_L2_m: 0.571, Yaw_err_deg: 8.715
Epoch: [2/4], Batch: 8090/9482, Loss: 802.870, Trans_L2_m: 0.433, Yaw_err_deg: 9.474
Epoch: [2/4], Batch: 8100/9482, Loss: 250.668, Trans_L2_m: 1.125, Yaw_err_deg: 4.117
Epoch: [2/4], Batch: 8110/9482, Loss: 454.496, Trans_L2_m: 0.994, Yaw_err_deg: 5.783
Epoch: [2/4], Batch: 8120/9482, Loss: 432.576, Trans_L2_m: 0.911, Yaw_err_deg: 6.699
Epoch: [2/4], Batch: 8130/9482, Loss: 628.189, Trans_L2_m: 0.771, Yaw_err_deg: 8.586
Epoch: [2/4], Batch: 8140/9482, Loss: 475.004, Trans_L2_m: 0.894, Yaw_err_deg: 6.652
Epoch: [2/4], Batch: 8150/9482, Loss: 669.772, Trans_L2_m: 0.736, Yaw_err_deg: 7.828
Epoch: [2/4], Batch: 8160/9482, Loss: 730.197, Trans_L2_m: 0.485, Yaw_err_deg: 8.941
Epoch: [2/4], Batch: 8170/9482, Loss: 397.350, Trans_L2_m: 0.903, Yaw_err_deg: 5.745
Epoch: [2/4], Batch: 8180/9482, Loss: 511.007, Trans_L2_m: 0.800, Yaw_err_deg: 7.265
Epoch: [2/4], Batch: 8190/9482, Loss: 1258.151, Trans_L2_m: 1.151, Yaw_err_deg: 11.161
Epoch: [2/4], Batch: 8200/9482, Loss: 804.351, Trans_L2_m: 0.586, Yaw_err_deg: 8.865
Epoch: [2/4], Batch: 8210/9482, Loss: 520.021, Trans_L2_m: 1.171, Yaw_err_deg: 7.287
Epoch: [2/4], Batch: 8220/9482, Loss: 192.920, Trans_L2_m: 0.965, Yaw_err_deg: 2.419
Epoch: [2/4], Batch: 8230/9482, Loss: 250.750, Trans_L2_m: 1.219, Yaw_err_deg: 3.190
Epoch: [2/4], Batch: 8240/9482, Loss: 227.182, Trans_L2_m: 0.470, Yaw_err_deg: 4.759
Epoch: [2/4], Batch: 8250/9482, Loss: 1056.179, Trans_L2_m: 0.940, Yaw_err_deg: 9.030
Epoch: [2/4], Batch: 8260/9482, Loss: 162.355, Trans_L2_m: 1.179, Yaw_err_deg: 2.530
Epoch: [2/4], Batch: 8270/9482, Loss: 444.463, Trans_L2_m: 0.507, Yaw_err_deg: 6.680
Epoch: [2/4], Batch: 8280/9482, Loss: 979.736, Trans_L2_m: 1.077, Yaw_err_deg: 8.835
Epoch: [2/4], Batch: 8290/9482, Loss: 1574.264, Trans_L2_m: 1.079, Yaw_err_deg: 11.811
Epoch: [2/4], Batch: 8300/9482, Loss: 201.379, Trans_L2_m: 1.668, Yaw_err_deg: 1.782
Epoch: [2/4], Batch: 8310/9482, Loss: 183.035, Trans_L2_m: 1.298, Yaw_err_deg: 2.823
Epoch: [2/4], Batch: 8320/9482, Loss: 1240.730, Trans_L2_m: 1.338, Yaw_err_deg: 10.566
Epoch: [2/4], Batch: 8330/9482, Loss: 527.475, Trans_L2_m: 1.467, Yaw_err_deg: 6.370
Epoch: [2/4], Batch: 8340/9482, Loss: 200.193, Trans_L2_m: 1.250, Yaw_err_deg: 3.035
Epoch: [2/4], Batch: 8350/9482, Loss: 204.211, Trans_L2_m: 0.542, Yaw_err_deg: 4.344
Epoch: [2/4], Batch: 8360/9482, Loss: 685.996, Trans_L2_m: 0.749, Yaw_err_deg: 6.798
Epoch: [2/4], Batch: 8370/9482, Loss: 428.968, Trans_L2_m: 1.387, Yaw_err_deg: 4.289
Epoch: [2/4], Batch: 8380/9482, Loss: 351.977, Trans_L2_m: 1.533, Yaw_err_deg: 5.449
Epoch: [2/4], Batch: 8390/9482, Loss: 1355.870, Trans_L2_m: 0.508, Yaw_err_deg: 8.723
Epoch: [2/4], Batch: 8400/9482, Loss: 810.950, Trans_L2_m: 0.794, Yaw_err_deg: 10.479
Epoch: [2/4], Batch: 8410/9482, Loss: 633.263, Trans_L2_m: 0.610, Yaw_err_deg: 8.045
Epoch: [2/4], Batch: 8420/9482, Loss: 271.599, Trans_L2_m: 0.769, Yaw_err_deg: 4.151
Epoch: [2/4], Batch: 8430/9482, Loss: 672.670, Trans_L2_m: 0.890, Yaw_err_deg: 8.528
Epoch: [2/4], Batch: 8440/9482, Loss: 575.886, Trans_L2_m: 0.800, Yaw_err_deg: 7.982
Epoch: [2/4], Batch: 8450/9482, Loss: 643.714, Trans_L2_m: 1.057, Yaw_err_deg: 8.478
Epoch: [2/4], Batch: 8460/9482, Loss: 311.144, Trans_L2_m: 1.103, Yaw_err_deg: 3.858
Epoch: [2/4], Batch: 8470/9482, Loss: 970.141, Trans_L2_m: 1.275, Yaw_err_deg: 9.925
Epoch: [2/4], Batch: 8480/9482, Loss: 360.244, Trans_L2_m: 0.693, Yaw_err_deg: 5.588
Epoch: [2/4], Batch: 8490/9482, Loss: 692.855, Trans_L2_m: 0.902, Yaw_err_deg: 8.897
Epoch: [2/4], Batch: 8500/9482, Loss: 327.444, Trans_L2_m: 0.923, Yaw_err_deg: 5.330
Epoch: [2/4], Batch: 8510/9482, Loss: 331.927, Trans_L2_m: 0.879, Yaw_err_deg: 5.030
Epoch: [2/4], Batch: 8520/9482, Loss: 1003.769, Trans_L2_m: 0.721, Yaw_err_deg: 9.365
Epoch: [2/4], Batch: 8530/9482, Loss: 482.474, Trans_L2_m: 1.016, Yaw_err_deg: 6.376
Epoch: [2/4], Batch: 8540/9482, Loss: 735.422, Trans_L2_m: 1.169, Yaw_err_deg: 8.616
Epoch: [2/4], Batch: 8550/9482, Loss: 392.006, Trans_L2_m: 1.153, Yaw_err_deg: 5.622
Epoch: [2/4], Batch: 8560/9482, Loss: 411.244, Trans_L2_m: 0.553, Yaw_err_deg: 4.871
Epoch: [2/4], Batch: 8570/9482, Loss: 630.030, Trans_L2_m: 0.457, Yaw_err_deg: 7.793
Epoch: [2/4], Batch: 8580/9482, Loss: 369.519, Trans_L2_m: 0.836, Yaw_err_deg: 5.615
Epoch: [2/4], Batch: 8590/9482, Loss: 320.147, Trans_L2_m: 1.005, Yaw_err_deg: 5.371
Epoch: [2/4], Batch: 8600/9482, Loss: 436.785, Trans_L2_m: 0.593, Yaw_err_deg: 7.464
Epoch: [2/4], Batch: 8610/9482, Loss: 225.928, Trans_L2_m: 0.799, Yaw_err_deg: 3.896
Epoch: [2/4], Batch: 8620/9482, Loss: 888.361, Trans_L2_m: 0.628, Yaw_err_deg: 10.458
Epoch: [2/4], Batch: 8630/9482, Loss: 479.543, Trans_L2_m: 1.137, Yaw_err_deg: 6.402
Epoch: [2/4], Batch: 8640/9482, Loss: 184.837, Trans_L2_m: 1.044, Yaw_err_deg: 2.393
Epoch: [2/4], Batch: 8650/9482, Loss: 178.876, Trans_L2_m: 0.870, Yaw_err_deg: 3.686
Epoch: [2/4], Batch: 8660/9482, Loss: 239.399, Trans_L2_m: 0.661, Yaw_err_deg: 4.542
Epoch: [2/4], Batch: 8670/9482, Loss: 504.902, Trans_L2_m: 0.588, Yaw_err_deg: 5.952
Epoch: [2/4], Batch: 8680/9482, Loss: 890.052, Trans_L2_m: 0.832, Yaw_err_deg: 10.165
Epoch: [2/4], Batch: 8690/9482, Loss: 973.449, Trans_L2_m: 0.852, Yaw_err_deg: 9.203
Epoch: [2/4], Batch: 8700/9482, Loss: 318.652, Trans_L2_m: 1.440, Yaw_err_deg: 5.162
Epoch: [2/4], Batch: 8710/9482, Loss: 702.326, Trans_L2_m: 1.454, Yaw_err_deg: 8.379
Epoch: [2/4], Batch: 8720/9482, Loss: 113.786, Trans_L2_m: 0.339, Yaw_err_deg: 2.740
Epoch: [2/4], Batch: 8730/9482, Loss: 1310.883, Trans_L2_m: 0.593, Yaw_err_deg: 9.554
Epoch: [2/4], Batch: 8740/9482, Loss: 293.838, Trans_L2_m: 0.714, Yaw_err_deg: 3.926
Epoch: [2/4], Batch: 8750/9482, Loss: 395.755, Trans_L2_m: 1.397, Yaw_err_deg: 5.144
Epoch: [2/4], Batch: 8760/9482, Loss: 1057.797, Trans_L2_m: 1.170, Yaw_err_deg: 10.685
Epoch: [2/4], Batch: 8770/9482, Loss: 2037.856, Trans_L2_m: 1.012, Yaw_err_deg: 16.918
Epoch: [2/4], Batch: 8780/9482, Loss: 813.002, Trans_L2_m: 0.593, Yaw_err_deg: 7.965
Epoch: [2/4], Batch: 8790/9482, Loss: 186.525, Trans_L2_m: 0.547, Yaw_err_deg: 3.091
Epoch: [2/4], Batch: 8800/9482, Loss: 513.852, Trans_L2_m: 0.498, Yaw_err_deg: 7.331
Epoch: [2/4], Batch: 8810/9482, Loss: 467.308, Trans_L2_m: 0.591, Yaw_err_deg: 6.220
Epoch: [2/4], Batch: 8820/9482, Loss: 591.768, Trans_L2_m: 0.793, Yaw_err_deg: 8.069
Epoch: [2/4], Batch: 8830/9482, Loss: 885.861, Trans_L2_m: 0.964, Yaw_err_deg: 9.855
Epoch: [2/4], Batch: 8840/9482, Loss: 368.995, Trans_L2_m: 0.824, Yaw_err_deg: 5.804
Epoch: [2/4], Batch: 8850/9482, Loss: 744.747, Trans_L2_m: 0.478, Yaw_err_deg: 8.317
Epoch: [2/4], Batch: 8860/9482, Loss: 309.753, Trans_L2_m: 0.833, Yaw_err_deg: 5.665
Epoch: [2/4], Batch: 8870/9482, Loss: 1334.923, Trans_L2_m: 1.320, Yaw_err_deg: 11.349
Epoch: [2/4], Batch: 8880/9482, Loss: 332.882, Trans_L2_m: 0.541, Yaw_err_deg: 4.928
Epoch: [2/4], Batch: 8890/9482, Loss: 405.781, Trans_L2_m: 0.870, Yaw_err_deg: 7.437
Epoch: [2/4], Batch: 8900/9482, Loss: 419.935, Trans_L2_m: 0.649, Yaw_err_deg: 6.392
Epoch: [2/4], Batch: 8910/9482, Loss: 227.200, Trans_L2_m: 0.874, Yaw_err_deg: 3.693
Epoch: [2/4], Batch: 8920/9482, Loss: 309.802, Trans_L2_m: 1.067, Yaw_err_deg: 4.135
Epoch: [2/4], Batch: 8930/9482, Loss: 405.941, Trans_L2_m: 1.139, Yaw_err_deg: 4.417
Epoch: [2/4], Batch: 8940/9482, Loss: 827.114, Trans_L2_m: 1.008, Yaw_err_deg: 10.089
Epoch: [2/4], Batch: 8950/9482, Loss: 379.046, Trans_L2_m: 2.054, Yaw_err_deg: 5.477
Epoch: [2/4], Batch: 8960/9482, Loss: 258.062, Trans_L2_m: 1.227, Yaw_err_deg: 4.611
Epoch: [2/4], Batch: 8970/9482, Loss: 320.651, Trans_L2_m: 1.091, Yaw_err_deg: 5.667
Epoch: [2/4], Batch: 8980/9482, Loss: 183.969, Trans_L2_m: 0.922, Yaw_err_deg: 2.968
Epoch: [2/4], Batch: 8990/9482, Loss: 895.937, Trans_L2_m: 0.831, Yaw_err_deg: 9.461
Epoch: [2/4], Batch: 9000/9482, Loss: 467.422, Trans_L2_m: 1.136, Yaw_err_deg: 6.973
Epoch: [2/4], Batch: 9010/9482, Loss: 523.006, Trans_L2_m: 0.817, Yaw_err_deg: 6.896
Epoch: [2/4], Batch: 9020/9482, Loss: 776.349, Trans_L2_m: 1.154, Yaw_err_deg: 9.518
Epoch: [2/4], Batch: 9030/9482, Loss: 377.232, Trans_L2_m: 0.926, Yaw_err_deg: 5.738
Epoch: [2/4], Batch: 9040/9482, Loss: 607.462, Trans_L2_m: 0.464, Yaw_err_deg: 6.296
Epoch: [2/4], Batch: 9050/9482, Loss: 500.373, Trans_L2_m: 1.193, Yaw_err_deg: 5.980
Epoch: [2/4], Batch: 9060/9482, Loss: 712.714, Trans_L2_m: 0.727, Yaw_err_deg: 8.201
Epoch: [2/4], Batch: 9070/9482, Loss: 325.768, Trans_L2_m: 0.710, Yaw_err_deg: 4.545
Epoch: [2/4], Batch: 9080/9482, Loss: 466.454, Trans_L2_m: 0.690, Yaw_err_deg: 7.258
Epoch: [2/4], Batch: 9090/9482, Loss: 477.564, Trans_L2_m: 0.688, Yaw_err_deg: 7.008
Epoch: [2/4], Batch: 9100/9482, Loss: 227.381, Trans_L2_m: 0.907, Yaw_err_deg: 3.747
Epoch: [2/4], Batch: 9110/9482, Loss: 297.479, Trans_L2_m: 0.732, Yaw_err_deg: 5.318
Epoch: [2/4], Batch: 9120/9482, Loss: 504.047, Trans_L2_m: 0.847, Yaw_err_deg: 6.156
Epoch: [2/4], Batch: 9130/9482, Loss: 318.224, Trans_L2_m: 0.541, Yaw_err_deg: 5.464
Epoch: [2/4], Batch: 9140/9482, Loss: 516.625, Trans_L2_m: 0.781, Yaw_err_deg: 7.318
Epoch: [2/4], Batch: 9150/9482, Loss: 203.261, Trans_L2_m: 0.693, Yaw_err_deg: 3.691
Epoch: [2/4], Batch: 9160/9482, Loss: 302.991, Trans_L2_m: 0.786, Yaw_err_deg: 4.943
Epoch: [2/4], Batch: 9170/9482, Loss: 302.399, Trans_L2_m: 1.093, Yaw_err_deg: 5.411
Epoch: [2/4], Batch: 9180/9482, Loss: 143.192, Trans_L2_m: 0.771, Yaw_err_deg: 3.014
Epoch: [2/4], Batch: 9190/9482, Loss: 546.078, Trans_L2_m: 0.695, Yaw_err_deg: 6.978
Epoch: [2/4], Batch: 9200/9482, Loss: 655.714, Trans_L2_m: 0.825, Yaw_err_deg: 6.551
Epoch: [2/4], Batch: 9210/9482, Loss: 375.059, Trans_L2_m: 0.654, Yaw_err_deg: 5.223
Epoch: [2/4], Batch: 9220/9482, Loss: 206.440, Trans_L2_m: 0.687, Yaw_err_deg: 3.331
Epoch: [2/4], Batch: 9230/9482, Loss: 437.773, Trans_L2_m: 1.083, Yaw_err_deg: 5.921
Epoch: [2/4], Batch: 9240/9482, Loss: 668.091, Trans_L2_m: 1.018, Yaw_err_deg: 7.329
Epoch: [2/4], Batch: 9250/9482, Loss: 562.301, Trans_L2_m: 0.388, Yaw_err_deg: 7.211
Epoch: [2/4], Batch: 9260/9482, Loss: 457.432, Trans_L2_m: 0.671, Yaw_err_deg: 7.479
Epoch: [2/4], Batch: 9270/9482, Loss: 483.252, Trans_L2_m: 0.878, Yaw_err_deg: 6.857
Epoch: [2/4], Batch: 9280/9482, Loss: 1066.098, Trans_L2_m: 0.543, Yaw_err_deg: 10.792
Epoch: [2/4], Batch: 9290/9482, Loss: 513.419, Trans_L2_m: 0.914, Yaw_err_deg: 7.037
Epoch: [2/4], Batch: 9300/9482, Loss: 411.475, Trans_L2_m: 0.826, Yaw_err_deg: 4.618
Epoch: [2/4], Batch: 9310/9482, Loss: 725.274, Trans_L2_m: 0.829, Yaw_err_deg: 8.930
Epoch: [2/4], Batch: 9320/9482, Loss: 483.689, Trans_L2_m: 0.944, Yaw_err_deg: 6.604
Epoch: [2/4], Batch: 9330/9482, Loss: 355.817, Trans_L2_m: 0.547, Yaw_err_deg: 5.397
Epoch: [2/4], Batch: 9340/9482, Loss: 310.614, Trans_L2_m: 1.012, Yaw_err_deg: 4.717
Epoch: [2/4], Batch: 9350/9482, Loss: 243.176, Trans_L2_m: 0.847, Yaw_err_deg: 4.310
Epoch: [2/4], Batch: 9360/9482, Loss: 170.067, Trans_L2_m: 0.836, Yaw_err_deg: 1.853
Epoch: [2/4], Batch: 9370/9482, Loss: 314.336, Trans_L2_m: 0.741, Yaw_err_deg: 5.391
Epoch: [2/4], Batch: 9380/9482, Loss: 1073.327, Trans_L2_m: 0.575, Yaw_err_deg: 9.215
Epoch: [2/4], Batch: 9390/9482, Loss: 353.427, Trans_L2_m: 0.789, Yaw_err_deg: 5.427
Epoch: [2/4], Batch: 9400/9482, Loss: 378.777, Trans_L2_m: 1.005, Yaw_err_deg: 5.615
Epoch: [2/4], Batch: 9410/9482, Loss: 234.342, Trans_L2_m: 0.950, Yaw_err_deg: 3.501
Epoch: [2/4], Batch: 9420/9482, Loss: 819.688, Trans_L2_m: 1.223, Yaw_err_deg: 7.866
Epoch: [2/4], Batch: 9430/9482, Loss: 959.515, Trans_L2_m: 0.605, Yaw_err_deg: 10.920
Epoch: [2/4], Batch: 9440/9482, Loss: 387.478, Trans_L2_m: 0.680, Yaw_err_deg: 5.371
Epoch: [2/4], Batch: 9450/9482, Loss: 358.857, Trans_L2_m: 0.734, Yaw_err_deg: 5.427
Epoch: [2/4], Batch: 9460/9482, Loss: 565.953, Trans_L2_m: 0.538, Yaw_err_deg: 7.635
Epoch: [2/4], Batch: 9470/9482, Loss: 497.358, Trans_L2_m: 0.771, Yaw_err_deg: 6.916
Epoch: [2/4], Batch: 9480/9482, Loss: 544.728, Trans_L2_m: 0.653, Yaw_err_deg: 6.381
Epoch: [3/4], Batch: 0/9482, Loss: 523.544, Trans_L2_m: 0.789, Yaw_err_deg: 7.156
Epoch: [3/4], Batch: 10/9482, Loss: 472.352, Trans_L2_m: 0.603, Yaw_err_deg: 6.643
Epoch: [3/4], Batch: 20/9482, Loss: 222.509, Trans_L2_m: 0.683, Yaw_err_deg: 3.265
Epoch: [3/4], Batch: 30/9482, Loss: 275.492, Trans_L2_m: 1.044, Yaw_err_deg: 4.515
Epoch: [3/4], Batch: 40/9482, Loss: 636.460, Trans_L2_m: 0.843, Yaw_err_deg: 7.719
Epoch: [3/4], Batch: 50/9482, Loss: 380.208, Trans_L2_m: 0.750, Yaw_err_deg: 5.444
Epoch: [3/4], Batch: 60/9482, Loss: 350.677, Trans_L2_m: 1.396, Yaw_err_deg: 4.459
Epoch: [3/4], Batch: 70/9482, Loss: 450.726, Trans_L2_m: 1.596, Yaw_err_deg: 5.322
Epoch: [3/4], Batch: 80/9482, Loss: 170.675, Trans_L2_m: 0.629, Yaw_err_deg: 3.856
Epoch: [3/4], Batch: 90/9482, Loss: 167.834, Trans_L2_m: 0.891, Yaw_err_deg: 2.610
Epoch: [3/4], Batch: 100/9482, Loss: 540.268, Trans_L2_m: 1.162, Yaw_err_deg: 6.105
Epoch: [3/4], Batch: 110/9482, Loss: 565.762, Trans_L2_m: 1.054, Yaw_err_deg: 5.222
Epoch: [3/4], Batch: 120/9482, Loss: 388.576, Trans_L2_m: 0.873, Yaw_err_deg: 7.346
Epoch: [3/4], Batch: 130/9482, Loss: 366.525, Trans_L2_m: 1.186, Yaw_err_deg: 5.396
Epoch: [3/4], Batch: 140/9482, Loss: 271.628, Trans_L2_m: 1.562, Yaw_err_deg: 4.097
Epoch: [3/4], Batch: 150/9482, Loss: 152.690, Trans_L2_m: 0.523, Yaw_err_deg: 3.012
Epoch: [3/4], Batch: 160/9482, Loss: 317.956, Trans_L2_m: 0.787, Yaw_err_deg: 4.856
Epoch: [3/4], Batch: 170/9482, Loss: 517.228, Trans_L2_m: 0.427, Yaw_err_deg: 7.795
Epoch: [3/4], Batch: 180/9482, Loss: 855.221, Trans_L2_m: 0.847, Yaw_err_deg: 10.273
Epoch: [3/4], Batch: 190/9482, Loss: 337.466, Trans_L2_m: 0.891, Yaw_err_deg: 5.037
Epoch: [3/4], Batch: 200/9482, Loss: 110.346, Trans_L2_m: 0.577, Yaw_err_deg: 1.136
Epoch: [3/4], Batch: 210/9482, Loss: 959.606, Trans_L2_m: 0.633, Yaw_err_deg: 10.510
Epoch: [3/4], Batch: 220/9482, Loss: 428.615, Trans_L2_m: 0.807, Yaw_err_deg: 5.068
Epoch: [3/4], Batch: 230/9482, Loss: 216.113, Trans_L2_m: 1.154, Yaw_err_deg: 3.678
Epoch: [3/4], Batch: 240/9482, Loss: 253.327, Trans_L2_m: 0.808, Yaw_err_deg: 5.031
Epoch: [3/4], Batch: 250/9482, Loss: 1017.264, Trans_L2_m: 0.516, Yaw_err_deg: 9.249
Epoch: [3/4], Batch: 260/9482, Loss: 284.647, Trans_L2_m: 0.795, Yaw_err_deg: 5.124
Epoch: [3/4], Batch: 270/9482, Loss: 352.124, Trans_L2_m: 0.627, Yaw_err_deg: 6.315
Epoch: [3/4], Batch: 280/9482, Loss: 913.772, Trans_L2_m: 0.967, Yaw_err_deg: 10.658
Epoch: [3/4], Batch: 290/9482, Loss: 401.664, Trans_L2_m: 0.866, Yaw_err_deg: 6.158
Epoch: [3/4], Batch: 300/9482, Loss: 261.776, Trans_L2_m: 1.479, Yaw_err_deg: 3.862
Epoch: [3/4], Batch: 310/9482, Loss: 645.081, Trans_L2_m: 1.000, Yaw_err_deg: 7.640
Epoch: [3/4], Batch: 320/9482, Loss: 622.258, Trans_L2_m: 0.459, Yaw_err_deg: 8.712
Epoch: [3/4], Batch: 330/9482, Loss: 496.589, Trans_L2_m: 0.675, Yaw_err_deg: 6.263
Epoch: [3/4], Batch: 340/9482, Loss: 742.971, Trans_L2_m: 1.285, Yaw_err_deg: 6.539
Epoch: [3/4], Batch: 350/9482, Loss: 408.462, Trans_L2_m: 0.835, Yaw_err_deg: 6.200
Epoch: [3/4], Batch: 360/9482, Loss: 394.976, Trans_L2_m: 1.190, Yaw_err_deg: 5.405
Epoch: [3/4], Batch: 370/9482, Loss: 1053.140, Trans_L2_m: 1.092, Yaw_err_deg: 10.484
Epoch: [3/4], Batch: 380/9482, Loss: 553.185, Trans_L2_m: 1.122, Yaw_err_deg: 8.228
Epoch: [3/4], Batch: 390/9482, Loss: 186.056, Trans_L2_m: 0.890, Yaw_err_deg: 3.905
Epoch: [3/4], Batch: 400/9482, Loss: 469.324, Trans_L2_m: 0.648, Yaw_err_deg: 6.657
Epoch: [3/4], Batch: 410/9482, Loss: 222.389, Trans_L2_m: 0.550, Yaw_err_deg: 3.554
Epoch: [3/4], Batch: 420/9482, Loss: 365.674, Trans_L2_m: 0.909, Yaw_err_deg: 4.883
Epoch: [3/4], Batch: 430/9482, Loss: 683.731, Trans_L2_m: 1.338, Yaw_err_deg: 7.773
Epoch: [3/4], Batch: 440/9482, Loss: 345.580, Trans_L2_m: 0.933, Yaw_err_deg: 5.025
Epoch: [3/4], Batch: 450/9482, Loss: 568.702, Trans_L2_m: 0.863, Yaw_err_deg: 7.215
Epoch: [3/4], Batch: 460/9482, Loss: 625.778, Trans_L2_m: 0.649, Yaw_err_deg: 7.857
Epoch: [3/4], Batch: 470/9482, Loss: 382.381, Trans_L2_m: 0.871, Yaw_err_deg: 4.667
Epoch: [3/4], Batch: 480/9482, Loss: 821.087, Trans_L2_m: 1.278, Yaw_err_deg: 8.166
Epoch: [3/4], Batch: 490/9482, Loss: 240.429, Trans_L2_m: 1.693, Yaw_err_deg: 2.639
Epoch: [3/4], Batch: 500/9482, Loss: 714.111, Trans_L2_m: 0.302, Yaw_err_deg: 8.980
Epoch: [3/4], Batch: 510/9482, Loss: 319.508, Trans_L2_m: 1.082, Yaw_err_deg: 4.313
Epoch: [3/4], Batch: 520/9482, Loss: 235.834, Trans_L2_m: 0.993, Yaw_err_deg: 3.451
Epoch: [3/4], Batch: 530/9482, Loss: 131.440, Trans_L2_m: 0.882, Yaw_err_deg: 2.581
Epoch: [3/4], Batch: 540/9482, Loss: 918.612, Trans_L2_m: 0.747, Yaw_err_deg: 10.640
Epoch: [3/4], Batch: 550/9482, Loss: 280.052, Trans_L2_m: 0.825, Yaw_err_deg: 3.061
Epoch: [3/4], Batch: 560/9482, Loss: 206.168, Trans_L2_m: 0.971, Yaw_err_deg: 3.779
Epoch: [3/4], Batch: 570/9482, Loss: 396.261, Trans_L2_m: 0.961, Yaw_err_deg: 6.002
Epoch: [3/4], Batch: 580/9482, Loss: 464.246, Trans_L2_m: 0.618, Yaw_err_deg: 6.490
Epoch: [3/4], Batch: 590/9482, Loss: 731.671, Trans_L2_m: 0.966, Yaw_err_deg: 7.884
Epoch: [3/4], Batch: 600/9482, Loss: 369.768, Trans_L2_m: 0.840, Yaw_err_deg: 5.772
Epoch: [3/4], Batch: 610/9482, Loss: 294.246, Trans_L2_m: 0.517, Yaw_err_deg: 5.304
Epoch: [3/4], Batch: 620/9482, Loss: 785.130, Trans_L2_m: 0.542, Yaw_err_deg: 9.070
Epoch: [3/4], Batch: 630/9482, Loss: 476.821, Trans_L2_m: 0.793, Yaw_err_deg: 7.026
Epoch: [3/4], Batch: 640/9482, Loss: 228.552, Trans_L2_m: 0.685, Yaw_err_deg: 3.464
Epoch: [3/4], Batch: 650/9482, Loss: 239.215, Trans_L2_m: 0.709, Yaw_err_deg: 3.931
Epoch: [3/4], Batch: 660/9482, Loss: 145.632, Trans_L2_m: 0.706, Yaw_err_deg: 2.387
Epoch: [3/4], Batch: 670/9482, Loss: 1145.415, Trans_L2_m: 0.991, Yaw_err_deg: 10.116
Epoch: [3/4], Batch: 680/9482, Loss: 293.712, Trans_L2_m: 0.917, Yaw_err_deg: 3.656
Epoch: [3/4], Batch: 690/9482, Loss: 439.731, Trans_L2_m: 0.781, Yaw_err_deg: 6.100
Epoch: [3/4], Batch: 700/9482, Loss: 1177.459, Trans_L2_m: 1.026, Yaw_err_deg: 9.616
Epoch: [3/4], Batch: 710/9482, Loss: 266.712, Trans_L2_m: 0.651, Yaw_err_deg: 5.001
Epoch: [3/4], Batch: 720/9482, Loss: 186.560, Trans_L2_m: 1.465, Yaw_err_deg: 3.153
Epoch: [3/4], Batch: 730/9482, Loss: 1459.519, Trans_L2_m: 0.947, Yaw_err_deg: 13.077
Epoch: [3/4], Batch: 740/9482, Loss: 194.708, Trans_L2_m: 0.883, Yaw_err_deg: 3.540
Epoch: [3/4], Batch: 750/9482, Loss: 289.585, Trans_L2_m: 0.569, Yaw_err_deg: 4.700
Epoch: [3/4], Batch: 760/9482, Loss: 393.270, Trans_L2_m: 0.747, Yaw_err_deg: 5.796
Epoch: [3/4], Batch: 770/9482, Loss: 632.548, Trans_L2_m: 0.659, Yaw_err_deg: 7.944
Epoch: [3/4], Batch: 780/9482, Loss: 646.207, Trans_L2_m: 0.957, Yaw_err_deg: 9.477
Epoch: [3/4], Batch: 790/9482, Loss: 690.579, Trans_L2_m: 0.923, Yaw_err_deg: 8.438
Epoch: [3/4], Batch: 800/9482, Loss: 577.189, Trans_L2_m: 1.188, Yaw_err_deg: 5.579
Epoch: [3/4], Batch: 810/9482, Loss: 203.709, Trans_L2_m: 1.154, Yaw_err_deg: 3.231
Epoch: [3/4], Batch: 820/9482, Loss: 220.310, Trans_L2_m: 1.258, Yaw_err_deg: 2.779
Epoch: [3/4], Batch: 830/9482, Loss: 217.458, Trans_L2_m: 0.946, Yaw_err_deg: 3.763
Epoch: [3/4], Batch: 840/9482, Loss: 392.601, Trans_L2_m: 1.350, Yaw_err_deg: 5.856
Epoch: [3/4], Batch: 850/9482, Loss: 158.980, Trans_L2_m: 0.942, Yaw_err_deg: 2.337
Epoch: [3/4], Batch: 860/9482, Loss: 1651.041, Trans_L2_m: 1.596, Yaw_err_deg: 11.497
Epoch: [3/4], Batch: 870/9482, Loss: 332.983, Trans_L2_m: 1.072, Yaw_err_deg: 2.997
Epoch: [3/4], Batch: 880/9482, Loss: 167.119, Trans_L2_m: 0.621, Yaw_err_deg: 2.282
Epoch: [3/4], Batch: 890/9482, Loss: 513.238, Trans_L2_m: 0.981, Yaw_err_deg: 6.983
Epoch: [3/4], Batch: 900/9482, Loss: 762.828, Trans_L2_m: 0.505, Yaw_err_deg: 6.281
Epoch: [3/4], Batch: 910/9482, Loss: 697.553, Trans_L2_m: 1.331, Yaw_err_deg: 8.885
Epoch: [3/4], Batch: 920/9482, Loss: 390.131, Trans_L2_m: 0.993, Yaw_err_deg: 5.707
Epoch: [3/4], Batch: 930/9482, Loss: 244.554, Trans_L2_m: 0.527, Yaw_err_deg: 4.059
Epoch: [3/4], Batch: 940/9482, Loss: 350.944, Trans_L2_m: 1.719, Yaw_err_deg: 5.177
Epoch: [3/4], Batch: 950/9482, Loss: 183.150, Trans_L2_m: 0.840, Yaw_err_deg: 3.271
Epoch: [3/4], Batch: 960/9482, Loss: 266.485, Trans_L2_m: 1.511, Yaw_err_deg: 3.614
Epoch: [3/4], Batch: 970/9482, Loss: 407.356, Trans_L2_m: 0.982, Yaw_err_deg: 6.151
Epoch: [3/4], Batch: 980/9482, Loss: 506.408, Trans_L2_m: 0.479, Yaw_err_deg: 6.704
Epoch: [3/4], Batch: 990/9482, Loss: 244.630, Trans_L2_m: 0.818, Yaw_err_deg: 4.041
Epoch: [3/4], Batch: 1000/9482, Loss: 185.899, Trans_L2_m: 0.836, Yaw_err_deg: 3.300
Epoch: [3/4], Batch: 1010/9482, Loss: 355.805, Trans_L2_m: 1.101, Yaw_err_deg: 5.937
Epoch: [3/4], Batch: 1020/9482, Loss: 394.103, Trans_L2_m: 1.022, Yaw_err_deg: 4.536
Epoch: [3/4], Batch: 1030/9482, Loss: 411.819, Trans_L2_m: 0.900, Yaw_err_deg: 6.294
Epoch: [3/4], Batch: 1040/9482, Loss: 254.776, Trans_L2_m: 0.979, Yaw_err_deg: 4.181
Epoch: [3/4], Batch: 1050/9482, Loss: 558.184, Trans_L2_m: 0.653, Yaw_err_deg: 6.469
Epoch: [3/4], Batch: 1060/9482, Loss: 782.679, Trans_L2_m: 1.305, Yaw_err_deg: 6.669
Epoch: [3/4], Batch: 1070/9482, Loss: 432.988, Trans_L2_m: 0.774, Yaw_err_deg: 6.103
Epoch: [3/4], Batch: 1080/9482, Loss: 204.993, Trans_L2_m: 0.980, Yaw_err_deg: 3.934
Epoch: [3/4], Batch: 1090/9482, Loss: 357.178, Trans_L2_m: 1.112, Yaw_err_deg: 6.163
Epoch: [3/4], Batch: 1100/9482, Loss: 491.510, Trans_L2_m: 0.878, Yaw_err_deg: 6.283
Epoch: [3/4], Batch: 1110/9482, Loss: 350.567, Trans_L2_m: 1.022, Yaw_err_deg: 6.174
Epoch: [3/4], Batch: 1120/9482, Loss: 310.632, Trans_L2_m: 0.862, Yaw_err_deg: 5.111
Epoch: [3/4], Batch: 1130/9482, Loss: 139.840, Trans_L2_m: 0.934, Yaw_err_deg: 1.861
Epoch: [3/4], Batch: 1140/9482, Loss: 335.799, Trans_L2_m: 1.149, Yaw_err_deg: 6.257
Epoch: [3/4], Batch: 1150/9482, Loss: 747.084, Trans_L2_m: 0.799, Yaw_err_deg: 8.662
Epoch: [3/4], Batch: 1160/9482, Loss: 443.093, Trans_L2_m: 0.765, Yaw_err_deg: 6.125
Epoch: [3/4], Batch: 1170/9482, Loss: 572.951, Trans_L2_m: 1.124, Yaw_err_deg: 6.981
Epoch: [3/4], Batch: 1180/9482, Loss: 548.219, Trans_L2_m: 1.230, Yaw_err_deg: 7.756
Epoch: [3/4], Batch: 1190/9482, Loss: 593.369, Trans_L2_m: 0.979, Yaw_err_deg: 8.544
Epoch: [3/4], Batch: 1200/9482, Loss: 421.399, Trans_L2_m: 1.937, Yaw_err_deg: 4.244
Epoch: [3/4], Batch: 1210/9482, Loss: 315.059, Trans_L2_m: 1.335, Yaw_err_deg: 5.643
Epoch: [3/4], Batch: 1220/9482, Loss: 349.184, Trans_L2_m: 1.224, Yaw_err_deg: 4.981
Epoch: [3/4], Batch: 1230/9482, Loss: 554.369, Trans_L2_m: 0.761, Yaw_err_deg: 7.734
Epoch: [3/4], Batch: 1240/9482, Loss: 119.642, Trans_L2_m: 0.614, Yaw_err_deg: 2.209
Epoch: [3/4], Batch: 1250/9482, Loss: 483.349, Trans_L2_m: 0.844, Yaw_err_deg: 7.629
Epoch: [3/4], Batch: 1260/9482, Loss: 646.562, Trans_L2_m: 0.708, Yaw_err_deg: 8.634
Epoch: [3/4], Batch: 1270/9482, Loss: 401.690, Trans_L2_m: 0.752, Yaw_err_deg: 6.409
Epoch: [3/4], Batch: 1280/9482, Loss: 148.739, Trans_L2_m: 1.143, Yaw_err_deg: 2.571
Epoch: [3/4], Batch: 1290/9482, Loss: 356.940, Trans_L2_m: 1.101, Yaw_err_deg: 5.766
Epoch: [3/4], Batch: 1300/9482, Loss: 536.561, Trans_L2_m: 1.644, Yaw_err_deg: 7.027
Epoch: [3/4], Batch: 1310/9482, Loss: 236.151, Trans_L2_m: 0.740, Yaw_err_deg: 3.743
Epoch: [3/4], Batch: 1320/9482, Loss: 281.454, Trans_L2_m: 1.146, Yaw_err_deg: 5.021
Epoch: [3/4], Batch: 1330/9482, Loss: 303.461, Trans_L2_m: 0.762, Yaw_err_deg: 4.852
Epoch: [3/4], Batch: 1340/9482, Loss: 483.133, Trans_L2_m: 0.702, Yaw_err_deg: 7.550
Epoch: [3/4], Batch: 1350/9482, Loss: 493.623, Trans_L2_m: 1.059, Yaw_err_deg: 7.163
Epoch: [3/4], Batch: 1360/9482, Loss: 709.970, Trans_L2_m: 0.888, Yaw_err_deg: 8.475
Epoch: [3/4], Batch: 1370/9482, Loss: 195.426, Trans_L2_m: 1.264, Yaw_err_deg: 2.621
Epoch: [3/4], Batch: 1380/9482, Loss: 1019.801, Trans_L2_m: 0.934, Yaw_err_deg: 10.070
Epoch: [3/4], Batch: 1390/9482, Loss: 655.391, Trans_L2_m: 0.811, Yaw_err_deg: 7.709
Epoch: [3/4], Batch: 1400/9482, Loss: 1030.350, Trans_L2_m: 1.076, Yaw_err_deg: 9.669
Epoch: [3/4], Batch: 1410/9482, Loss: 953.058, Trans_L2_m: 0.932, Yaw_err_deg: 9.306
Epoch: [3/4], Batch: 1420/9482, Loss: 187.386, Trans_L2_m: 1.331, Yaw_err_deg: 3.133
Epoch: [3/4], Batch: 1430/9482, Loss: 317.145, Trans_L2_m: 0.636, Yaw_err_deg: 4.460
Epoch: [3/4], Batch: 1440/9482, Loss: 170.394, Trans_L2_m: 0.940, Yaw_err_deg: 3.348
Epoch: [3/4], Batch: 1450/9482, Loss: 293.298, Trans_L2_m: 0.901, Yaw_err_deg: 4.799
Epoch: [3/4], Batch: 1460/9482, Loss: 292.315, Trans_L2_m: 1.390, Yaw_err_deg: 4.413
Epoch: [3/4], Batch: 1470/9482, Loss: 348.380, Trans_L2_m: 0.829, Yaw_err_deg: 4.569
Epoch: [3/4], Batch: 1480/9482, Loss: 534.796, Trans_L2_m: 0.534, Yaw_err_deg: 5.677
Epoch: [3/4], Batch: 1490/9482, Loss: 612.095, Trans_L2_m: 0.850, Yaw_err_deg: 6.597
Epoch: [3/4], Batch: 1500/9482, Loss: 344.406, Trans_L2_m: 1.066, Yaw_err_deg: 5.469
Epoch: [3/4], Batch: 1510/9482, Loss: 138.516, Trans_L2_m: 0.905, Yaw_err_deg: 2.773
Epoch: [3/4], Batch: 1520/9482, Loss: 524.982, Trans_L2_m: 0.939, Yaw_err_deg: 5.949
Epoch: [3/4], Batch: 1530/9482, Loss: 271.177, Trans_L2_m: 1.149, Yaw_err_deg: 4.954
Epoch: [3/4], Batch: 1540/9482, Loss: 265.951, Trans_L2_m: 0.973, Yaw_err_deg: 4.621
Epoch: [3/4], Batch: 1550/9482, Loss: 291.273, Trans_L2_m: 0.765, Yaw_err_deg: 4.983
Epoch: [3/4], Batch: 1560/9482, Loss: 377.692, Trans_L2_m: 0.776, Yaw_err_deg: 4.530
Epoch: [3/4], Batch: 1570/9482, Loss: 961.889, Trans_L2_m: 0.827, Yaw_err_deg: 10.827
Epoch: [3/4], Batch: 1580/9482, Loss: 1717.899, Trans_L2_m: 0.935, Yaw_err_deg: 13.246
Epoch: [3/4], Batch: 1590/9482, Loss: 796.134, Trans_L2_m: 0.683, Yaw_err_deg: 9.423
Epoch: [3/4], Batch: 1600/9482, Loss: 533.904, Trans_L2_m: 0.761, Yaw_err_deg: 6.819
Epoch: [3/4], Batch: 1610/9482, Loss: 182.886, Trans_L2_m: 1.160, Yaw_err_deg: 2.838
Epoch: [3/4], Batch: 1620/9482, Loss: 392.101, Trans_L2_m: 0.828, Yaw_err_deg: 5.346
Epoch: [3/4], Batch: 1630/9482, Loss: 436.418, Trans_L2_m: 0.856, Yaw_err_deg: 6.054
Epoch: [3/4], Batch: 1640/9482, Loss: 906.588, Trans_L2_m: 1.076, Yaw_err_deg: 8.511
Epoch: [3/4], Batch: 1650/9482, Loss: 446.618, Trans_L2_m: 0.881, Yaw_err_deg: 5.506
Epoch: [3/4], Batch: 1660/9482, Loss: 111.039, Trans_L2_m: 0.764, Yaw_err_deg: 1.567
Epoch: [3/4], Batch: 1670/9482, Loss: 294.577, Trans_L2_m: 0.806, Yaw_err_deg: 4.624
Epoch: [3/4], Batch: 1680/9482, Loss: 782.961, Trans_L2_m: 0.844, Yaw_err_deg: 6.939
Epoch: [3/4], Batch: 1690/9482, Loss: 580.172, Trans_L2_m: 0.625, Yaw_err_deg: 7.355
Epoch: [3/4], Batch: 1700/9482, Loss: 199.565, Trans_L2_m: 0.590, Yaw_err_deg: 3.018
Epoch: [3/4], Batch: 1710/9482, Loss: 443.553, Trans_L2_m: 1.223, Yaw_err_deg: 5.471
Epoch: [3/4], Batch: 1720/9482, Loss: 420.294, Trans_L2_m: 1.713, Yaw_err_deg: 5.503
Epoch: [3/4], Batch: 1730/9482, Loss: 447.397, Trans_L2_m: 0.870, Yaw_err_deg: 5.928
Epoch: [3/4], Batch: 1740/9482, Loss: 328.317, Trans_L2_m: 1.073, Yaw_err_deg: 4.531
Epoch: [3/4], Batch: 1750/9482, Loss: 778.595, Trans_L2_m: 0.728, Yaw_err_deg: 8.005
Epoch: [3/4], Batch: 1760/9482, Loss: 514.569, Trans_L2_m: 1.300, Yaw_err_deg: 6.778
Epoch: [3/4], Batch: 1770/9482, Loss: 492.459, Trans_L2_m: 1.032, Yaw_err_deg: 6.188
Epoch: [3/4], Batch: 1780/9482, Loss: 899.184, Trans_L2_m: 0.699, Yaw_err_deg: 9.234
Epoch: [3/4], Batch: 1790/9482, Loss: 479.259, Trans_L2_m: 1.529, Yaw_err_deg: 5.399
Epoch: [3/4], Batch: 1800/9482, Loss: 355.154, Trans_L2_m: 0.668, Yaw_err_deg: 5.342
Epoch: [3/4], Batch: 1810/9482, Loss: 184.028, Trans_L2_m: 1.027, Yaw_err_deg: 3.391
Epoch: [3/4], Batch: 1820/9482, Loss: 451.363, Trans_L2_m: 1.105, Yaw_err_deg: 6.711
Epoch: [3/4], Batch: 1830/9482, Loss: 239.255, Trans_L2_m: 0.576, Yaw_err_deg: 4.741
Epoch: [3/4], Batch: 1840/9482, Loss: 416.952, Trans_L2_m: 0.997, Yaw_err_deg: 6.413
Epoch: [3/4], Batch: 1850/9482, Loss: 353.331, Trans_L2_m: 0.953, Yaw_err_deg: 4.776
Epoch: [3/4], Batch: 1860/9482, Loss: 272.021, Trans_L2_m: 1.137, Yaw_err_deg: 4.543
Epoch: [3/4], Batch: 1870/9482, Loss: 558.843, Trans_L2_m: 0.582, Yaw_err_deg: 7.996
Epoch: [3/4], Batch: 1880/9482, Loss: 471.399, Trans_L2_m: 0.871, Yaw_err_deg: 5.739
Epoch: [3/4], Batch: 1890/9482, Loss: 1197.470, Trans_L2_m: 0.930, Yaw_err_deg: 9.634
Epoch: [3/4], Batch: 1900/9482, Loss: 502.371, Trans_L2_m: 1.443, Yaw_err_deg: 6.353
Epoch: [3/4], Batch: 1910/9482, Loss: 351.676, Trans_L2_m: 1.032, Yaw_err_deg: 5.819
Epoch: [3/4], Batch: 1920/9482, Loss: 143.953, Trans_L2_m: 0.747, Yaw_err_deg: 2.509
Epoch: [3/4], Batch: 1930/9482, Loss: 1445.850, Trans_L2_m: 1.498, Yaw_err_deg: 12.090
Epoch: [3/4], Batch: 1940/9482, Loss: 726.757, Trans_L2_m: 1.099, Yaw_err_deg: 8.196
Epoch: [3/4], Batch: 1950/9482, Loss: 433.118, Trans_L2_m: 0.918, Yaw_err_deg: 6.674
Epoch: [3/4], Batch: 1960/9482, Loss: 248.953, Trans_L2_m: 0.900, Yaw_err_deg: 3.422
Epoch: [3/4], Batch: 1970/9482, Loss: 243.126, Trans_L2_m: 0.876, Yaw_err_deg: 3.829
Epoch: [3/4], Batch: 1980/9482, Loss: 200.136, Trans_L2_m: 0.778, Yaw_err_deg: 3.429
Epoch: [3/4], Batch: 1990/9482, Loss: 1305.431, Trans_L2_m: 0.776, Yaw_err_deg: 10.580
Epoch: [3/4], Batch: 2000/9482, Loss: 316.465, Trans_L2_m: 0.992, Yaw_err_deg: 4.557
Epoch: [3/4], Batch: 2010/9482, Loss: 941.015, Trans_L2_m: 1.014, Yaw_err_deg: 9.419
Epoch: [3/4], Batch: 2020/9482, Loss: 228.103, Trans_L2_m: 0.799, Yaw_err_deg: 3.566
Epoch: [3/4], Batch: 2030/9482, Loss: 324.533, Trans_L2_m: 0.861, Yaw_err_deg: 5.072
Epoch: [3/4], Batch: 2040/9482, Loss: 488.814, Trans_L2_m: 0.862, Yaw_err_deg: 7.059
Epoch: [3/4], Batch: 2050/9482, Loss: 271.203, Trans_L2_m: 0.862, Yaw_err_deg: 4.955
Epoch: [3/4], Batch: 2060/9482, Loss: 478.385, Trans_L2_m: 1.262, Yaw_err_deg: 6.702
Epoch: [3/4], Batch: 2070/9482, Loss: 239.632, Trans_L2_m: 0.730, Yaw_err_deg: 3.515
Epoch: [3/4], Batch: 2080/9482, Loss: 543.752, Trans_L2_m: 0.514, Yaw_err_deg: 7.307
Epoch: [3/4], Batch: 2090/9482, Loss: 772.024, Trans_L2_m: 1.324, Yaw_err_deg: 8.201
Epoch: [3/4], Batch: 2100/9482, Loss: 1152.470, Trans_L2_m: 0.782, Yaw_err_deg: 9.651
Epoch: [3/4], Batch: 2110/9482, Loss: 204.193, Trans_L2_m: 1.003, Yaw_err_deg: 3.783
Epoch: [3/4], Batch: 2120/9482, Loss: 415.313, Trans_L2_m: 0.847, Yaw_err_deg: 6.549
Epoch: [3/4], Batch: 2130/9482, Loss: 288.515, Trans_L2_m: 0.757, Yaw_err_deg: 5.827
Epoch: [3/4], Batch: 2140/9482, Loss: 875.258, Trans_L2_m: 0.946, Yaw_err_deg: 10.453
Epoch: [3/4], Batch: 2150/9482, Loss: 285.313, Trans_L2_m: 1.027, Yaw_err_deg: 3.159
Epoch: [3/4], Batch: 2160/9482, Loss: 143.517, Trans_L2_m: 1.006, Yaw_err_deg: 2.226
Epoch: [3/4], Batch: 2170/9482, Loss: 845.224, Trans_L2_m: 1.066, Yaw_err_deg: 9.681
Epoch: [3/4], Batch: 2180/9482, Loss: 312.054, Trans_L2_m: 0.771, Yaw_err_deg: 5.237
Epoch: [3/4], Batch: 2190/9482, Loss: 241.551, Trans_L2_m: 0.715, Yaw_err_deg: 3.692
Epoch: [3/4], Batch: 2200/9482, Loss: 162.731, Trans_L2_m: 0.721, Yaw_err_deg: 2.748
Epoch: [3/4], Batch: 2210/9482, Loss: 146.427, Trans_L2_m: 0.956, Yaw_err_deg: 2.991
Epoch: [3/4], Batch: 2220/9482, Loss: 326.064, Trans_L2_m: 1.020, Yaw_err_deg: 4.986
Epoch: [3/4], Batch: 2230/9482, Loss: 480.669, Trans_L2_m: 0.897, Yaw_err_deg: 7.094
Epoch: [3/4], Batch: 2240/9482, Loss: 117.383, Trans_L2_m: 1.101, Yaw_err_deg: 1.334
Epoch: [3/4], Batch: 2250/9482, Loss: 692.266, Trans_L2_m: 0.731, Yaw_err_deg: 7.634
Epoch: [3/4], Batch: 2260/9482, Loss: 96.125, Trans_L2_m: 1.037, Yaw_err_deg: 1.407
Epoch: [3/4], Batch: 2270/9482, Loss: 317.274, Trans_L2_m: 0.664, Yaw_err_deg: 5.452
Epoch: [3/4], Batch: 2280/9482, Loss: 512.664, Trans_L2_m: 1.106, Yaw_err_deg: 6.689
Epoch: [3/4], Batch: 2290/9482, Loss: 463.643, Trans_L2_m: 1.066, Yaw_err_deg: 6.459
Epoch: [3/4], Batch: 2300/9482, Loss: 491.978, Trans_L2_m: 0.732, Yaw_err_deg: 6.275
Epoch: [3/4], Batch: 2310/9482, Loss: 902.659, Trans_L2_m: 1.017, Yaw_err_deg: 6.682
Epoch: [3/4], Batch: 2320/9482, Loss: 345.148, Trans_L2_m: 0.536, Yaw_err_deg: 5.562
Epoch: [3/4], Batch: 2330/9482, Loss: 268.737, Trans_L2_m: 1.442, Yaw_err_deg: 4.314
Epoch: [3/4], Batch: 2340/9482, Loss: 142.736, Trans_L2_m: 0.338, Yaw_err_deg: 2.867
Epoch: [3/4], Batch: 2350/9482, Loss: 966.876, Trans_L2_m: 0.684, Yaw_err_deg: 9.763
Epoch: [3/4], Batch: 2360/9482, Loss: 236.983, Trans_L2_m: 0.880, Yaw_err_deg: 4.637
Epoch: [3/4], Batch: 2370/9482, Loss: 320.452, Trans_L2_m: 0.649, Yaw_err_deg: 5.867
Epoch: [3/4], Batch: 2380/9482, Loss: 1065.503, Trans_L2_m: 0.883, Yaw_err_deg: 10.378
Epoch: [3/4], Batch: 2390/9482, Loss: 284.343, Trans_L2_m: 1.065, Yaw_err_deg: 4.762
Epoch: [3/4], Batch: 2400/9482, Loss: 221.913, Trans_L2_m: 0.921, Yaw_err_deg: 3.801
Epoch: [3/4], Batch: 2410/9482, Loss: 816.480, Trans_L2_m: 2.653, Yaw_err_deg: 4.406
Epoch: [3/4], Batch: 2420/9482, Loss: 180.066, Trans_L2_m: 0.753, Yaw_err_deg: 3.560
Epoch: [3/4], Batch: 2430/9482, Loss: 348.333, Trans_L2_m: 1.335, Yaw_err_deg: 3.870
Epoch: [3/4], Batch: 2440/9482, Loss: 511.108, Trans_L2_m: 0.859, Yaw_err_deg: 7.234
Epoch: [3/4], Batch: 2450/9482, Loss: 119.407, Trans_L2_m: 0.966, Yaw_err_deg: 1.804
Epoch: [3/4], Batch: 2460/9482, Loss: 126.136, Trans_L2_m: 0.970, Yaw_err_deg: 2.196
Epoch: [3/4], Batch: 2470/9482, Loss: 390.647, Trans_L2_m: 1.029, Yaw_err_deg: 5.811
Epoch: [3/4], Batch: 2480/9482, Loss: 404.789, Trans_L2_m: 1.014, Yaw_err_deg: 5.386
Epoch: [3/4], Batch: 2490/9482, Loss: 513.041, Trans_L2_m: 0.697, Yaw_err_deg: 6.433
Epoch: [3/4], Batch: 2500/9482, Loss: 723.515, Trans_L2_m: 0.803, Yaw_err_deg: 8.214
Epoch: [3/4], Batch: 2510/9482, Loss: 564.718, Trans_L2_m: 0.873, Yaw_err_deg: 8.622
Epoch: [3/4], Batch: 2520/9482, Loss: 190.315, Trans_L2_m: 1.061, Yaw_err_deg: 2.506
Epoch: [3/4], Batch: 2530/9482, Loss: 742.041, Trans_L2_m: 0.896, Yaw_err_deg: 8.955
Epoch: [3/4], Batch: 2540/9482, Loss: 248.778, Trans_L2_m: 0.902, Yaw_err_deg: 3.918
Epoch: [3/4], Batch: 2550/9482, Loss: 164.812, Trans_L2_m: 0.963, Yaw_err_deg: 2.901
Epoch: [3/4], Batch: 2560/9482, Loss: 861.240, Trans_L2_m: 0.686, Yaw_err_deg: 7.214
Epoch: [3/4], Batch: 2570/9482, Loss: 299.230, Trans_L2_m: 1.523, Yaw_err_deg: 5.432
Epoch: [3/4], Batch: 2580/9482, Loss: 242.916, Trans_L2_m: 1.345, Yaw_err_deg: 3.929
Epoch: [3/4], Batch: 2590/9482, Loss: 329.513, Trans_L2_m: 0.843, Yaw_err_deg: 5.131
Epoch: [3/4], Batch: 2600/9482, Loss: 285.498, Trans_L2_m: 0.576, Yaw_err_deg: 5.519
Epoch: [3/4], Batch: 2610/9482, Loss: 614.109, Trans_L2_m: 1.456, Yaw_err_deg: 6.199
Epoch: [3/4], Batch: 2620/9482, Loss: 204.567, Trans_L2_m: 0.741, Yaw_err_deg: 4.294
Epoch: [3/4], Batch: 2630/9482, Loss: 980.459, Trans_L2_m: 1.230, Yaw_err_deg: 8.398
Epoch: [3/4], Batch: 2640/9482, Loss: 290.628, Trans_L2_m: 0.928, Yaw_err_deg: 5.395
Epoch: [3/4], Batch: 2650/9482, Loss: 233.347, Trans_L2_m: 0.606, Yaw_err_deg: 3.654
Epoch: [3/4], Batch: 2660/9482, Loss: 172.158, Trans_L2_m: 0.803, Yaw_err_deg: 2.867
Epoch: [3/4], Batch: 2670/9482, Loss: 1131.594, Trans_L2_m: 0.688, Yaw_err_deg: 8.513
Epoch: [3/4], Batch: 2680/9482, Loss: 603.528, Trans_L2_m: 0.823, Yaw_err_deg: 7.304
Epoch: [3/4], Batch: 2690/9482, Loss: 151.933, Trans_L2_m: 0.737, Yaw_err_deg: 2.006
Epoch: [3/4], Batch: 2700/9482, Loss: 371.159, Trans_L2_m: 0.804, Yaw_err_deg: 5.551
Epoch: [3/4], Batch: 2710/9482, Loss: 123.568, Trans_L2_m: 0.506, Yaw_err_deg: 2.162
Epoch: [3/4], Batch: 2720/9482, Loss: 379.302, Trans_L2_m: 0.496, Yaw_err_deg: 5.370
Epoch: [3/4], Batch: 2730/9482, Loss: 935.710, Trans_L2_m: 0.568, Yaw_err_deg: 7.647
Epoch: [3/4], Batch: 2740/9482, Loss: 735.489, Trans_L2_m: 1.508, Yaw_err_deg: 8.739
Epoch: [3/4], Batch: 2750/9482, Loss: 532.146, Trans_L2_m: 0.943, Yaw_err_deg: 6.334
Epoch: [3/4], Batch: 2760/9482, Loss: 267.151, Trans_L2_m: 0.716, Yaw_err_deg: 4.743
Epoch: [3/4], Batch: 2770/9482, Loss: 206.130, Trans_L2_m: 1.358, Yaw_err_deg: 3.211
Epoch: [3/4], Batch: 2780/9482, Loss: 296.173, Trans_L2_m: 0.736, Yaw_err_deg: 5.209
Epoch: [3/4], Batch: 2790/9482, Loss: 169.201, Trans_L2_m: 0.969, Yaw_err_deg: 3.826
Epoch: [3/4], Batch: 2800/9482, Loss: 523.010, Trans_L2_m: 1.172, Yaw_err_deg: 7.299
Epoch: [3/4], Batch: 2810/9482, Loss: 102.332, Trans_L2_m: 0.856, Yaw_err_deg: 1.065
Epoch: [3/4], Batch: 2820/9482, Loss: 344.750, Trans_L2_m: 0.876, Yaw_err_deg: 6.347
Epoch: [3/4], Batch: 2830/9482, Loss: 417.219, Trans_L2_m: 0.681, Yaw_err_deg: 6.029
Epoch: [3/4], Batch: 2840/9482, Loss: 248.799, Trans_L2_m: 0.546, Yaw_err_deg: 3.562
Epoch: [3/4], Batch: 2850/9482, Loss: 99.874, Trans_L2_m: 0.654, Yaw_err_deg: 0.750
Epoch: [3/4], Batch: 2860/9482, Loss: 360.627, Trans_L2_m: 0.784, Yaw_err_deg: 5.604
Epoch: [3/4], Batch: 2870/9482, Loss: 398.915, Trans_L2_m: 0.876, Yaw_err_deg: 6.250
Epoch: [3/4], Batch: 2880/9482, Loss: 258.986, Trans_L2_m: 1.129, Yaw_err_deg: 3.397
Epoch: [3/4], Batch: 2890/9482, Loss: 209.048, Trans_L2_m: 0.766, Yaw_err_deg: 3.481
Epoch: [3/4], Batch: 2900/9482, Loss: 208.846, Trans_L2_m: 0.628, Yaw_err_deg: 4.112
Epoch: [3/4], Batch: 2910/9482, Loss: 181.910, Trans_L2_m: 0.697, Yaw_err_deg: 3.488
Epoch: [3/4], Batch: 2920/9482, Loss: 324.207, Trans_L2_m: 1.263, Yaw_err_deg: 4.980
Epoch: [3/4], Batch: 2930/9482, Loss: 670.188, Trans_L2_m: 0.463, Yaw_err_deg: 8.177
Epoch: [3/4], Batch: 2940/9482, Loss: 504.663, Trans_L2_m: 0.805, Yaw_err_deg: 5.655
Epoch: [3/4], Batch: 2950/9482, Loss: 261.865, Trans_L2_m: 0.852, Yaw_err_deg: 3.949
Epoch: [3/4], Batch: 2960/9482, Loss: 524.919, Trans_L2_m: 0.463, Yaw_err_deg: 6.480
Epoch: [3/4], Batch: 2970/9482, Loss: 292.510, Trans_L2_m: 0.745, Yaw_err_deg: 4.114
Epoch: [3/4], Batch: 2980/9482, Loss: 378.525, Trans_L2_m: 0.873, Yaw_err_deg: 6.033
Epoch: [3/4], Batch: 2990/9482, Loss: 574.302, Trans_L2_m: 0.869, Yaw_err_deg: 6.779
Epoch: [3/4], Batch: 3000/9482, Loss: 540.928, Trans_L2_m: 1.278, Yaw_err_deg: 7.327
Epoch: [3/4], Batch: 3010/9482, Loss: 376.874, Trans_L2_m: 0.752, Yaw_err_deg: 5.049
Epoch: [3/4], Batch: 3020/9482, Loss: 344.824, Trans_L2_m: 1.144, Yaw_err_deg: 4.307
Epoch: [3/4], Batch: 3030/9482, Loss: 435.396, Trans_L2_m: 0.671, Yaw_err_deg: 6.340
Epoch: [3/4], Batch: 3040/9482, Loss: 286.145, Trans_L2_m: 0.970, Yaw_err_deg: 4.333
Epoch: [3/4], Batch: 3050/9482, Loss: 1366.572, Trans_L2_m: 0.771, Yaw_err_deg: 9.185
Epoch: [3/4], Batch: 3060/9482, Loss: 214.181, Trans_L2_m: 0.768, Yaw_err_deg: 2.878
Epoch: [3/4], Batch: 3070/9482, Loss: 393.113, Trans_L2_m: 0.935, Yaw_err_deg: 5.824
Epoch: [3/4], Batch: 3080/9482, Loss: 263.930, Trans_L2_m: 0.382, Yaw_err_deg: 5.089
Epoch: [3/4], Batch: 3090/9482, Loss: 143.396, Trans_L2_m: 0.932, Yaw_err_deg: 1.948
Epoch: [3/4], Batch: 3100/9482, Loss: 116.887, Trans_L2_m: 0.753, Yaw_err_deg: 2.482
Epoch: [3/4], Batch: 3110/9482, Loss: 224.697, Trans_L2_m: 0.693, Yaw_err_deg: 4.208
Epoch: [3/4], Batch: 3120/9482, Loss: 265.199, Trans_L2_m: 0.730, Yaw_err_deg: 4.407
Epoch: [3/4], Batch: 3130/9482, Loss: 83.241, Trans_L2_m: 0.262, Yaw_err_deg: 1.557
Epoch: [3/4], Batch: 3140/9482, Loss: 260.643, Trans_L2_m: 0.730, Yaw_err_deg: 4.646
Epoch: [3/4], Batch: 3150/9482, Loss: 798.420, Trans_L2_m: 1.148, Yaw_err_deg: 6.156
Epoch: [3/4], Batch: 3160/9482, Loss: 318.760, Trans_L2_m: 0.683, Yaw_err_deg: 4.705
Epoch: [3/4], Batch: 3170/9482, Loss: 318.935, Trans_L2_m: 0.677, Yaw_err_deg: 6.260
Epoch: [3/4], Batch: 3180/9482, Loss: 194.148, Trans_L2_m: 0.722, Yaw_err_deg: 3.246
Epoch: [3/4], Batch: 3190/9482, Loss: 700.000, Trans_L2_m: 0.433, Yaw_err_deg: 8.668
Epoch: [3/4], Batch: 3200/9482, Loss: 1137.628, Trans_L2_m: 0.601, Yaw_err_deg: 9.834
Epoch: [3/4], Batch: 3210/9482, Loss: 154.282, Trans_L2_m: 0.694, Yaw_err_deg: 2.977
Epoch: [3/4], Batch: 3220/9482, Loss: 450.710, Trans_L2_m: 0.657, Yaw_err_deg: 6.979
Epoch: [3/4], Batch: 3230/9482, Loss: 286.833, Trans_L2_m: 1.142, Yaw_err_deg: 4.756
Epoch: [3/4], Batch: 3240/9482, Loss: 187.093, Trans_L2_m: 0.953, Yaw_err_deg: 3.745
Epoch: [3/4], Batch: 3250/9482, Loss: 500.530, Trans_L2_m: 0.553, Yaw_err_deg: 6.508
Epoch: [3/4], Batch: 3260/9482, Loss: 542.449, Trans_L2_m: 0.788, Yaw_err_deg: 5.605
Epoch: [3/4], Batch: 3270/9482, Loss: 154.934, Trans_L2_m: 1.271, Yaw_err_deg: 0.957
Epoch: [3/4], Batch: 3280/9482, Loss: 220.364, Trans_L2_m: 1.030, Yaw_err_deg: 4.620
Epoch: [3/4], Batch: 3290/9482, Loss: 478.660, Trans_L2_m: 1.019, Yaw_err_deg: 6.822
Epoch: [3/4], Batch: 3300/9482, Loss: 198.697, Trans_L2_m: 1.077, Yaw_err_deg: 2.908
Epoch: [3/4], Batch: 3310/9482, Loss: 694.877, Trans_L2_m: 0.879, Yaw_err_deg: 8.342
Epoch: [3/4], Batch: 3320/9482, Loss: 284.544, Trans_L2_m: 0.594, Yaw_err_deg: 5.032
Epoch: [3/4], Batch: 3330/9482, Loss: 225.956, Trans_L2_m: 0.607, Yaw_err_deg: 3.371
Epoch: [3/4], Batch: 3340/9482, Loss: 138.882, Trans_L2_m: 0.978, Yaw_err_deg: 2.835
Epoch: [3/4], Batch: 3350/9482, Loss: 436.102, Trans_L2_m: 1.089, Yaw_err_deg: 5.213
Epoch: [3/4], Batch: 3360/9482, Loss: 206.455, Trans_L2_m: 0.716, Yaw_err_deg: 4.198
Epoch: [3/4], Batch: 3370/9482, Loss: 163.349, Trans_L2_m: 1.124, Yaw_err_deg: 2.979
Epoch: [3/4], Batch: 3380/9482, Loss: 179.191, Trans_L2_m: 0.938, Yaw_err_deg: 2.935
Epoch: [3/4], Batch: 3390/9482, Loss: 286.072, Trans_L2_m: 0.885, Yaw_err_deg: 4.464
Epoch: [3/4], Batch: 3400/9482, Loss: 188.645, Trans_L2_m: 0.652, Yaw_err_deg: 3.713
Epoch: [3/4], Batch: 3410/9482, Loss: 373.573, Trans_L2_m: 0.515, Yaw_err_deg: 6.212
Epoch: [3/4], Batch: 3420/9482, Loss: 782.761, Trans_L2_m: 0.741, Yaw_err_deg: 8.857
Epoch: [3/4], Batch: 3430/9482, Loss: 693.463, Trans_L2_m: 1.031, Yaw_err_deg: 8.577
Epoch: [3/4], Batch: 3440/9482, Loss: 501.059, Trans_L2_m: 0.902, Yaw_err_deg: 6.127
Epoch: [3/4], Batch: 3450/9482, Loss: 290.168, Trans_L2_m: 0.954, Yaw_err_deg: 4.177
Epoch: [3/4], Batch: 3460/9482, Loss: 292.455, Trans_L2_m: 1.046, Yaw_err_deg: 4.834
Epoch: [3/4], Batch: 3470/9482, Loss: 209.360, Trans_L2_m: 0.503, Yaw_err_deg: 2.780
Epoch: [3/4], Batch: 3480/9482, Loss: 193.113, Trans_L2_m: 0.805, Yaw_err_deg: 3.453
Epoch: [3/4], Batch: 3490/9482, Loss: 149.983, Trans_L2_m: 0.919, Yaw_err_deg: 2.728
Epoch: [3/4], Batch: 3500/9482, Loss: 196.628, Trans_L2_m: 0.722, Yaw_err_deg: 4.230
Epoch: [3/4], Batch: 3510/9482, Loss: 257.597, Trans_L2_m: 0.771, Yaw_err_deg: 4.376
Epoch: [3/4], Batch: 3520/9482, Loss: 1560.554, Trans_L2_m: 1.082, Yaw_err_deg: 12.705
Epoch: [3/4], Batch: 3530/9482, Loss: 175.064, Trans_L2_m: 1.078, Yaw_err_deg: 3.007
Epoch: [3/4], Batch: 3540/9482, Loss: 553.531, Trans_L2_m: 0.813, Yaw_err_deg: 6.979
Epoch: [3/4], Batch: 3550/9482, Loss: 466.885, Trans_L2_m: 0.918, Yaw_err_deg: 7.486
Epoch: [3/4], Batch: 3560/9482, Loss: 225.174, Trans_L2_m: 0.807, Yaw_err_deg: 4.192
Epoch: [3/4], Batch: 3570/9482, Loss: 268.723, Trans_L2_m: 0.635, Yaw_err_deg: 4.482
Epoch: [3/4], Batch: 3580/9482, Loss: 417.991, Trans_L2_m: 0.668, Yaw_err_deg: 5.553
Epoch: [3/4], Batch: 3590/9482, Loss: 297.831, Trans_L2_m: 0.963, Yaw_err_deg: 4.935
Epoch: [3/4], Batch: 3600/9482, Loss: 86.144, Trans_L2_m: 0.621, Yaw_err_deg: 0.989
Epoch: [3/4], Batch: 3610/9482, Loss: 285.784, Trans_L2_m: 1.042, Yaw_err_deg: 4.229
Epoch: [3/4], Batch: 3620/9482, Loss: 229.123, Trans_L2_m: 0.796, Yaw_err_deg: 3.950
Epoch: [3/4], Batch: 3630/9482, Loss: 474.667, Trans_L2_m: 0.773, Yaw_err_deg: 5.352
Epoch: [3/4], Batch: 3640/9482, Loss: 523.404, Trans_L2_m: 0.876, Yaw_err_deg: 6.532
Epoch: [3/4], Batch: 3650/9482, Loss: 532.138, Trans_L2_m: 0.826, Yaw_err_deg: 8.040
Epoch: [3/4], Batch: 3660/9482, Loss: 330.972, Trans_L2_m: 0.790, Yaw_err_deg: 5.225
Epoch: [3/4], Batch: 3670/9482, Loss: 415.581, Trans_L2_m: 0.592, Yaw_err_deg: 6.680
Epoch: [3/4], Batch: 3680/9482, Loss: 201.768, Trans_L2_m: 0.822, Yaw_err_deg: 3.741
Epoch: [3/4], Batch: 3690/9482, Loss: 304.075, Trans_L2_m: 0.681, Yaw_err_deg: 5.325
Epoch: [3/4], Batch: 3700/9482, Loss: 804.175, Trans_L2_m: 0.950, Yaw_err_deg: 8.510
Epoch: [3/4], Batch: 3710/9482, Loss: 486.981, Trans_L2_m: 0.828, Yaw_err_deg: 5.754
Epoch: [3/4], Batch: 3720/9482, Loss: 292.845, Trans_L2_m: 0.862, Yaw_err_deg: 4.065
Epoch: [3/4], Batch: 3730/9482, Loss: 744.956, Trans_L2_m: 0.584, Yaw_err_deg: 9.237
Epoch: [3/4], Batch: 3740/9482, Loss: 378.276, Trans_L2_m: 0.676, Yaw_err_deg: 5.532
Epoch: [3/4], Batch: 3750/9482, Loss: 699.187, Trans_L2_m: 0.705, Yaw_err_deg: 9.957
Epoch: [3/4], Batch: 3760/9482, Loss: 249.393, Trans_L2_m: 0.926, Yaw_err_deg: 4.975
Epoch: [3/4], Batch: 3770/9482, Loss: 374.067, Trans_L2_m: 0.805, Yaw_err_deg: 5.601
Epoch: [3/4], Batch: 3780/9482, Loss: 247.260, Trans_L2_m: 1.069, Yaw_err_deg: 4.345
Epoch: [3/4], Batch: 3790/9482, Loss: 1090.682, Trans_L2_m: 0.788, Yaw_err_deg: 10.731
Epoch: [3/4], Batch: 3800/9482, Loss: 241.105, Trans_L2_m: 0.659, Yaw_err_deg: 3.582
Epoch: [3/4], Batch: 3810/9482, Loss: 411.287, Trans_L2_m: 0.958, Yaw_err_deg: 5.069
Epoch: [3/4], Batch: 3820/9482, Loss: 129.825, Trans_L2_m: 0.651, Yaw_err_deg: 2.587
Epoch: [3/4], Batch: 3830/9482, Loss: 204.418, Trans_L2_m: 0.922, Yaw_err_deg: 3.585
Epoch: [3/4], Batch: 3840/9482, Loss: 348.781, Trans_L2_m: 0.873, Yaw_err_deg: 6.091
Epoch: [3/4], Batch: 3850/9482, Loss: 260.275, Trans_L2_m: 0.815, Yaw_err_deg: 4.674
Epoch: [3/4], Batch: 3860/9482, Loss: 273.008, Trans_L2_m: 0.618, Yaw_err_deg: 5.323
Epoch: [3/4], Batch: 3870/9482, Loss: 247.143, Trans_L2_m: 0.797, Yaw_err_deg: 3.437
Epoch: [3/4], Batch: 3880/9482, Loss: 530.881, Trans_L2_m: 0.634, Yaw_err_deg: 7.021
Epoch: [3/4], Batch: 3890/9482, Loss: 141.739, Trans_L2_m: 0.963, Yaw_err_deg: 2.429
Epoch: [3/4], Batch: 3900/9482, Loss: 501.589, Trans_L2_m: 0.468, Yaw_err_deg: 6.796
Epoch: [3/4], Batch: 3910/9482, Loss: 221.364, Trans_L2_m: 0.652, Yaw_err_deg: 3.815
Epoch: [3/4], Batch: 3920/9482, Loss: 259.431, Trans_L2_m: 1.246, Yaw_err_deg: 3.427
Epoch: [3/4], Batch: 3930/9482, Loss: 557.671, Trans_L2_m: 0.752, Yaw_err_deg: 7.238
Epoch: [3/4], Batch: 3940/9482, Loss: 205.403, Trans_L2_m: 0.315, Yaw_err_deg: 3.569
Epoch: [3/4], Batch: 3950/9482, Loss: 682.676, Trans_L2_m: 0.509, Yaw_err_deg: 7.887
Epoch: [3/4], Batch: 3960/9482, Loss: 232.236, Trans_L2_m: 0.716, Yaw_err_deg: 3.759
Epoch: [3/4], Batch: 3970/9482, Loss: 232.420, Trans_L2_m: 0.567, Yaw_err_deg: 4.615
Epoch: [3/4], Batch: 3980/9482, Loss: 434.491, Trans_L2_m: 0.681, Yaw_err_deg: 6.576
Epoch: [3/4], Batch: 3990/9482, Loss: 428.258, Trans_L2_m: 1.019, Yaw_err_deg: 6.532
Epoch: [3/4], Batch: 4000/9482, Loss: 994.257, Trans_L2_m: 0.818, Yaw_err_deg: 4.110
Epoch: [3/4], Batch: 4010/9482, Loss: 174.641, Trans_L2_m: 0.841, Yaw_err_deg: 3.310
Epoch: [3/4], Batch: 4020/9482, Loss: 271.115, Trans_L2_m: 0.673, Yaw_err_deg: 5.314
Epoch: [3/4], Batch: 4030/9482, Loss: 162.773, Trans_L2_m: 0.679, Yaw_err_deg: 3.376
Epoch: [3/4], Batch: 4040/9482, Loss: 256.552, Trans_L2_m: 0.667, Yaw_err_deg: 4.231
Epoch: [3/4], Batch: 4050/9482, Loss: 177.047, Trans_L2_m: 1.120, Yaw_err_deg: 2.904
Epoch: [3/4], Batch: 4060/9482, Loss: 139.826, Trans_L2_m: 0.831, Yaw_err_deg: 2.952
Epoch: [3/4], Batch: 4070/9482, Loss: 987.702, Trans_L2_m: 0.713, Yaw_err_deg: 7.892
Epoch: [3/4], Batch: 4080/9482, Loss: 1013.675, Trans_L2_m: 0.818, Yaw_err_deg: 8.198
Epoch: [3/4], Batch: 4090/9482, Loss: 238.102, Trans_L2_m: 0.529, Yaw_err_deg: 4.264
Epoch: [3/4], Batch: 4100/9482, Loss: 229.590, Trans_L2_m: 0.758, Yaw_err_deg: 4.040
Epoch: [3/4], Batch: 4110/9482, Loss: 389.281, Trans_L2_m: 0.587, Yaw_err_deg: 6.092
Epoch: [3/4], Batch: 4120/9482, Loss: 351.147, Trans_L2_m: 0.928, Yaw_err_deg: 5.760
Epoch: [3/4], Batch: 4130/9482, Loss: 181.920, Trans_L2_m: 1.355, Yaw_err_deg: 3.611
Epoch: [3/4], Batch: 4140/9482, Loss: 266.743, Trans_L2_m: 0.508, Yaw_err_deg: 4.523
Epoch: [3/4], Batch: 4150/9482, Loss: 713.029, Trans_L2_m: 0.708, Yaw_err_deg: 8.694
Epoch: [3/4], Batch: 4160/9482, Loss: 447.846, Trans_L2_m: 0.799, Yaw_err_deg: 4.712
Epoch: [3/4], Batch: 4170/9482, Loss: 152.321, Trans_L2_m: 0.661, Yaw_err_deg: 3.347
Epoch: [3/4], Batch: 4180/9482, Loss: 109.306, Trans_L2_m: 0.603, Yaw_err_deg: 1.795
Epoch: [3/4], Batch: 4190/9482, Loss: 269.390, Trans_L2_m: 1.836, Yaw_err_deg: 3.944
Epoch: [3/4], Batch: 4200/9482, Loss: 144.671, Trans_L2_m: 0.903, Yaw_err_deg: 2.635
Epoch: [3/4], Batch: 4210/9482, Loss: 456.829, Trans_L2_m: 0.904, Yaw_err_deg: 5.768
Epoch: [3/4], Batch: 4220/9482, Loss: 246.028, Trans_L2_m: 0.882, Yaw_err_deg: 3.586
Epoch: [3/4], Batch: 4230/9482, Loss: 649.570, Trans_L2_m: 0.514, Yaw_err_deg: 6.830
Epoch: [3/4], Batch: 4240/9482, Loss: 340.920, Trans_L2_m: 0.675, Yaw_err_deg: 4.722
Epoch: [3/4], Batch: 4250/9482, Loss: 215.456, Trans_L2_m: 0.845, Yaw_err_deg: 3.906
Epoch: [3/4], Batch: 4260/9482, Loss: 207.710, Trans_L2_m: 0.749, Yaw_err_deg: 2.512
Epoch: [3/4], Batch: 4270/9482, Loss: 127.311, Trans_L2_m: 0.715, Yaw_err_deg: 2.296
Epoch: [3/4], Batch: 4280/9482, Loss: 282.821, Trans_L2_m: 0.817, Yaw_err_deg: 3.773
Epoch: [3/4], Batch: 4290/9482, Loss: 386.501, Trans_L2_m: 0.776, Yaw_err_deg: 6.444
Epoch: [3/4], Batch: 4300/9482, Loss: 343.664, Trans_L2_m: 1.064, Yaw_err_deg: 5.428
Epoch: [3/4], Batch: 4310/9482, Loss: 317.605, Trans_L2_m: 0.602, Yaw_err_deg: 5.836
Epoch: [3/4], Batch: 4320/9482, Loss: 648.354, Trans_L2_m: 0.839, Yaw_err_deg: 7.284
Epoch: [3/4], Batch: 4330/9482, Loss: 126.040, Trans_L2_m: 0.679, Yaw_err_deg: 2.819
Epoch: [3/4], Batch: 4340/9482, Loss: 456.571, Trans_L2_m: 0.760, Yaw_err_deg: 7.285
Epoch: [3/4], Batch: 4350/9482, Loss: 518.406, Trans_L2_m: 0.763, Yaw_err_deg: 7.358
Epoch: [3/4], Batch: 4360/9482, Loss: 869.838, Trans_L2_m: 0.631, Yaw_err_deg: 8.696
Epoch: [3/4], Batch: 4370/9482, Loss: 288.850, Trans_L2_m: 0.535, Yaw_err_deg: 5.344
Epoch: [3/4], Batch: 4380/9482, Loss: 181.830, Trans_L2_m: 0.653, Yaw_err_deg: 3.670
Epoch: [3/4], Batch: 4390/9482, Loss: 103.810, Trans_L2_m: 0.762, Yaw_err_deg: 2.617
Epoch: [3/4], Batch: 4400/9482, Loss: 196.549, Trans_L2_m: 0.690, Yaw_err_deg: 4.130
Epoch: [3/4], Batch: 4410/9482, Loss: 270.059, Trans_L2_m: 0.649, Yaw_err_deg: 4.313
Epoch: [3/4], Batch: 4420/9482, Loss: 503.818, Trans_L2_m: 0.541, Yaw_err_deg: 7.371
Epoch: [3/4], Batch: 4430/9482, Loss: 164.156, Trans_L2_m: 0.641, Yaw_err_deg: 3.249
Epoch: [3/4], Batch: 4440/9482, Loss: 363.809, Trans_L2_m: 0.926, Yaw_err_deg: 5.710
Epoch: [3/4], Batch: 4450/9482, Loss: 223.546, Trans_L2_m: 0.764, Yaw_err_deg: 3.144
Epoch: [3/4], Batch: 4460/9482, Loss: 751.958, Trans_L2_m: 0.932, Yaw_err_deg: 10.085
Epoch: [3/4], Batch: 4470/9482, Loss: 1653.733, Trans_L2_m: 0.811, Yaw_err_deg: 13.028
Epoch: [3/4], Batch: 4480/9482, Loss: 432.907, Trans_L2_m: 0.781, Yaw_err_deg: 6.723
Epoch: [3/4], Batch: 4490/9482, Loss: 358.515, Trans_L2_m: 0.533, Yaw_err_deg: 4.616
Epoch: [3/4], Batch: 4500/9482, Loss: 334.692, Trans_L2_m: 0.704, Yaw_err_deg: 5.289
Epoch: [3/4], Batch: 4510/9482, Loss: 293.994, Trans_L2_m: 1.042, Yaw_err_deg: 5.566
Epoch: [3/4], Batch: 4520/9482, Loss: 294.309, Trans_L2_m: 0.504, Yaw_err_deg: 5.164
Epoch: [3/4], Batch: 4530/9482, Loss: 244.096, Trans_L2_m: 0.801, Yaw_err_deg: 3.673
Epoch: [3/4], Batch: 4540/9482, Loss: 292.500, Trans_L2_m: 0.829, Yaw_err_deg: 4.705
Epoch: [3/4], Batch: 4550/9482, Loss: 190.934, Trans_L2_m: 0.986, Yaw_err_deg: 2.965
Epoch: [3/4], Batch: 4560/9482, Loss: 267.301, Trans_L2_m: 0.959, Yaw_err_deg: 4.459
Epoch: [3/4], Batch: 4570/9482, Loss: 246.243, Trans_L2_m: 1.022, Yaw_err_deg: 4.667
Epoch: [3/4], Batch: 4580/9482, Loss: 423.207, Trans_L2_m: 0.746, Yaw_err_deg: 4.416
Epoch: [3/4], Batch: 4590/9482, Loss: 893.162, Trans_L2_m: 1.232, Yaw_err_deg: 9.326
Epoch: [3/4], Batch: 4600/9482, Loss: 496.661, Trans_L2_m: 0.766, Yaw_err_deg: 8.019
Epoch: [3/4], Batch: 4610/9482, Loss: 545.384, Trans_L2_m: 1.046, Yaw_err_deg: 6.285
Epoch: [3/4], Batch: 4620/9482, Loss: 553.120, Trans_L2_m: 0.941, Yaw_err_deg: 7.047
Epoch: [3/4], Batch: 4630/9482, Loss: 295.761, Trans_L2_m: 1.034, Yaw_err_deg: 5.323
Epoch: [3/4], Batch: 4640/9482, Loss: 435.655, Trans_L2_m: 0.522, Yaw_err_deg: 5.930
Epoch: [3/4], Batch: 4650/9482, Loss: 163.295, Trans_L2_m: 0.887, Yaw_err_deg: 2.852
Epoch: [3/4], Batch: 4660/9482, Loss: 639.678, Trans_L2_m: 1.922, Yaw_err_deg: 6.428
Epoch: [3/4], Batch: 4670/9482, Loss: 168.743, Trans_L2_m: 0.971, Yaw_err_deg: 3.619
Epoch: [3/4], Batch: 4680/9482, Loss: 194.822, Trans_L2_m: 0.946, Yaw_err_deg: 4.085
Epoch: [3/4], Batch: 4690/9482, Loss: 295.647, Trans_L2_m: 0.624, Yaw_err_deg: 4.793
Epoch: [3/4], Batch: 4700/9482, Loss: 213.992, Trans_L2_m: 0.949, Yaw_err_deg: 3.098
Epoch: [3/4], Batch: 4710/9482, Loss: 140.981, Trans_L2_m: 0.421, Yaw_err_deg: 1.982
Epoch: [3/4], Batch: 4720/9482, Loss: 540.365, Trans_L2_m: 0.756, Yaw_err_deg: 6.053
Epoch: [3/4], Batch: 4730/9482, Loss: 953.093, Trans_L2_m: 0.784, Yaw_err_deg: 10.063
Epoch: [3/4], Batch: 4740/9482, Loss: 1120.288, Trans_L2_m: 1.053, Yaw_err_deg: 10.064
Epoch: [3/4], Batch: 4750/9482, Loss: 219.651, Trans_L2_m: 1.336, Yaw_err_deg: 3.247
Epoch: [3/4], Batch: 4760/9482, Loss: 1000.553, Trans_L2_m: 1.207, Yaw_err_deg: 9.420
Epoch: [3/4], Batch: 4770/9482, Loss: 583.851, Trans_L2_m: 1.190, Yaw_err_deg: 5.931
Epoch: [3/4], Batch: 4780/9482, Loss: 203.174, Trans_L2_m: 0.750, Yaw_err_deg: 2.185
Epoch: [3/4], Batch: 4790/9482, Loss: 1131.852, Trans_L2_m: 0.700, Yaw_err_deg: 10.738
Epoch: [3/4], Batch: 4800/9482, Loss: 1198.026, Trans_L2_m: 0.708, Yaw_err_deg: 10.861
Epoch: [3/4], Batch: 4810/9482, Loss: 343.174, Trans_L2_m: 1.042, Yaw_err_deg: 4.981
Epoch: [3/4], Batch: 4820/9482, Loss: 405.141, Trans_L2_m: 0.994, Yaw_err_deg: 4.951
Epoch: [3/4], Batch: 4830/9482, Loss: 244.957, Trans_L2_m: 0.763, Yaw_err_deg: 3.861
Epoch: [3/4], Batch: 4840/9482, Loss: 201.242, Trans_L2_m: 0.847, Yaw_err_deg: 3.393
Epoch: [3/4], Batch: 4850/9482, Loss: 485.422, Trans_L2_m: 1.010, Yaw_err_deg: 6.995
Epoch: [3/4], Batch: 4860/9482, Loss: 175.687, Trans_L2_m: 0.974, Yaw_err_deg: 3.612
Epoch: [3/4], Batch: 4870/9482, Loss: 175.390, Trans_L2_m: 0.429, Yaw_err_deg: 3.118
Epoch: [3/4], Batch: 4880/9482, Loss: 140.078, Trans_L2_m: 0.435, Yaw_err_deg: 2.893
Epoch: [3/4], Batch: 4890/9482, Loss: 97.161, Trans_L2_m: 1.024, Yaw_err_deg: 1.448
Epoch: [3/4], Batch: 4900/9482, Loss: 252.196, Trans_L2_m: 1.023, Yaw_err_deg: 3.475
Epoch: [3/4], Batch: 4910/9482, Loss: 183.900, Trans_L2_m: 0.837, Yaw_err_deg: 3.813
Epoch: [3/4], Batch: 4920/9482, Loss: 127.683, Trans_L2_m: 0.550, Yaw_err_deg: 2.673
Epoch: [3/4], Batch: 4930/9482, Loss: 176.968, Trans_L2_m: 0.542, Yaw_err_deg: 4.028
Epoch: [3/4], Batch: 4940/9482, Loss: 352.071, Trans_L2_m: 0.863, Yaw_err_deg: 4.993
Epoch: [3/4], Batch: 4950/9482, Loss: 1447.318, Trans_L2_m: 0.610, Yaw_err_deg: 11.555
Epoch: [3/4], Batch: 4960/9482, Loss: 222.610, Trans_L2_m: 1.309, Yaw_err_deg: 3.922
Epoch: [3/4], Batch: 4970/9482, Loss: 912.060, Trans_L2_m: 0.755, Yaw_err_deg: 9.118
Epoch: [3/4], Batch: 4980/9482, Loss: 288.250, Trans_L2_m: 0.769, Yaw_err_deg: 4.951
Epoch: [3/4], Batch: 4990/9482, Loss: 123.561, Trans_L2_m: 0.377, Yaw_err_deg: 2.746
Epoch: [3/4], Batch: 5000/9482, Loss: 183.575, Trans_L2_m: 0.598, Yaw_err_deg: 4.250
Epoch: [3/4], Batch: 5010/9482, Loss: 268.044, Trans_L2_m: 0.454, Yaw_err_deg: 5.362
Epoch: [3/4], Batch: 5020/9482, Loss: 320.321, Trans_L2_m: 0.883, Yaw_err_deg: 5.607
Epoch: [3/4], Batch: 5030/9482, Loss: 247.257, Trans_L2_m: 1.096, Yaw_err_deg: 3.599
Epoch: [3/4], Batch: 5040/9482, Loss: 417.512, Trans_L2_m: 0.614, Yaw_err_deg: 6.852
Epoch: [3/4], Batch: 5050/9482, Loss: 473.820, Trans_L2_m: 1.048, Yaw_err_deg: 4.396
Epoch: [3/4], Batch: 5060/9482, Loss: 180.876, Trans_L2_m: 0.670, Yaw_err_deg: 3.789
Epoch: [3/4], Batch: 5070/9482, Loss: 361.011, Trans_L2_m: 0.822, Yaw_err_deg: 4.876
Epoch: [3/4], Batch: 5080/9482, Loss: 145.207, Trans_L2_m: 0.816, Yaw_err_deg: 1.836
Epoch: [3/4], Batch: 5090/9482, Loss: 350.570, Trans_L2_m: 0.768, Yaw_err_deg: 5.496
Epoch: [3/4], Batch: 5100/9482, Loss: 458.177, Trans_L2_m: 1.440, Yaw_err_deg: 6.421
Epoch: [3/4], Batch: 5110/9482, Loss: 268.987, Trans_L2_m: 0.539, Yaw_err_deg: 3.977
Epoch: [3/4], Batch: 5120/9482, Loss: 413.069, Trans_L2_m: 0.527, Yaw_err_deg: 5.142
Epoch: [3/4], Batch: 5130/9482, Loss: 579.756, Trans_L2_m: 0.498, Yaw_err_deg: 8.038
Epoch: [3/4], Batch: 5140/9482, Loss: 216.543, Trans_L2_m: 0.760, Yaw_err_deg: 3.498
Epoch: [3/4], Batch: 5150/9482, Loss: 284.045, Trans_L2_m: 0.972, Yaw_err_deg: 4.875
Epoch: [3/4], Batch: 5160/9482, Loss: 456.009, Trans_L2_m: 0.686, Yaw_err_deg: 4.731
Epoch: [3/4], Batch: 5170/9482, Loss: 271.210, Trans_L2_m: 1.427, Yaw_err_deg: 4.623
Epoch: [3/4], Batch: 5180/9482, Loss: 398.977, Trans_L2_m: 0.921, Yaw_err_deg: 4.872
Epoch: [3/4], Batch: 5190/9482, Loss: 191.933, Trans_L2_m: 0.658, Yaw_err_deg: 4.366
Epoch: [3/4], Batch: 5200/9482, Loss: 119.006, Trans_L2_m: 0.750, Yaw_err_deg: 1.839
Epoch: [3/4], Batch: 5210/9482, Loss: 190.145, Trans_L2_m: 0.909, Yaw_err_deg: 3.221
Epoch: [3/4], Batch: 5220/9482, Loss: 240.810, Trans_L2_m: 0.757, Yaw_err_deg: 4.058
Epoch: [3/4], Batch: 5230/9482, Loss: 205.100, Trans_L2_m: 0.516, Yaw_err_deg: 3.904
Epoch: [3/4], Batch: 5240/9482, Loss: 234.525, Trans_L2_m: 0.745, Yaw_err_deg: 4.340
Epoch: [3/4], Batch: 5250/9482, Loss: 177.271, Trans_L2_m: 0.596, Yaw_err_deg: 3.412
Epoch: [3/4], Batch: 5260/9482, Loss: 1218.760, Trans_L2_m: 0.879, Yaw_err_deg: 8.754
Epoch: [3/4], Batch: 5270/9482, Loss: 158.211, Trans_L2_m: 1.489, Yaw_err_deg: 1.659
Epoch: [3/4], Batch: 5280/9482, Loss: 225.908, Trans_L2_m: 0.970, Yaw_err_deg: 4.194
Epoch: [3/4], Batch: 5290/9482, Loss: 224.687, Trans_L2_m: 0.711, Yaw_err_deg: 4.074
Epoch: [3/4], Batch: 5300/9482, Loss: 421.300, Trans_L2_m: 0.657, Yaw_err_deg: 5.400
Epoch: [3/4], Batch: 5310/9482, Loss: 360.722, Trans_L2_m: 0.328, Yaw_err_deg: 6.263
Epoch: [3/4], Batch: 5320/9482, Loss: 293.576, Trans_L2_m: 0.724, Yaw_err_deg: 5.766
Epoch: [3/4], Batch: 5330/9482, Loss: 109.384, Trans_L2_m: 0.984, Yaw_err_deg: 1.912
Epoch: [3/4], Batch: 5340/9482, Loss: 202.226, Trans_L2_m: 1.066, Yaw_err_deg: 3.820
Epoch: [3/4], Batch: 5350/9482, Loss: 300.105, Trans_L2_m: 0.860, Yaw_err_deg: 4.674
Epoch: [3/4], Batch: 5360/9482, Loss: 184.452, Trans_L2_m: 0.812, Yaw_err_deg: 4.130
Epoch: [3/4], Batch: 5370/9482, Loss: 311.715, Trans_L2_m: 0.797, Yaw_err_deg: 4.121
Epoch: [3/4], Batch: 5380/9482, Loss: 137.587, Trans_L2_m: 0.923, Yaw_err_deg: 2.122
Epoch: [3/4], Batch: 5390/9482, Loss: 164.977, Trans_L2_m: 0.612, Yaw_err_deg: 2.660
Epoch: [3/4], Batch: 5400/9482, Loss: 238.057, Trans_L2_m: 0.520, Yaw_err_deg: 4.151
Epoch: [3/4], Batch: 5410/9482, Loss: 370.170, Trans_L2_m: 0.684, Yaw_err_deg: 5.984
Epoch: [3/4], Batch: 5420/9482, Loss: 174.751, Trans_L2_m: 0.930, Yaw_err_deg: 3.026
Epoch: [3/4], Batch: 5430/9482, Loss: 1317.218, Trans_L2_m: 1.109, Yaw_err_deg: 10.072
Epoch: [3/4], Batch: 5440/9482, Loss: 138.628, Trans_L2_m: 0.595, Yaw_err_deg: 3.518
Epoch: [3/4], Batch: 5450/9482, Loss: 117.762, Trans_L2_m: 0.502, Yaw_err_deg: 2.777
Epoch: [3/4], Batch: 5460/9482, Loss: 147.205, Trans_L2_m: 0.632, Yaw_err_deg: 3.249
Epoch: [3/4], Batch: 5470/9482, Loss: 346.594, Trans_L2_m: 0.977, Yaw_err_deg: 5.653
Epoch: [3/4], Batch: 5480/9482, Loss: 217.368, Trans_L2_m: 0.978, Yaw_err_deg: 3.631
Epoch: [3/4], Batch: 5490/9482, Loss: 233.218, Trans_L2_m: 0.533, Yaw_err_deg: 4.218
Epoch: [3/4], Batch: 5500/9482, Loss: 256.491, Trans_L2_m: 0.671, Yaw_err_deg: 4.827
Epoch: [3/4], Batch: 5510/9482, Loss: 196.125, Trans_L2_m: 0.689, Yaw_err_deg: 4.089
Epoch: [3/4], Batch: 5520/9482, Loss: 1284.830, Trans_L2_m: 0.869, Yaw_err_deg: 10.008
Epoch: [3/4], Batch: 5530/9482, Loss: 394.769, Trans_L2_m: 0.784, Yaw_err_deg: 4.605
Epoch: [3/4], Batch: 5540/9482, Loss: 2376.433, Trans_L2_m: 0.895, Yaw_err_deg: 15.030
Epoch: [3/4], Batch: 5550/9482, Loss: 339.859, Trans_L2_m: 1.039, Yaw_err_deg: 4.843
Epoch: [3/4], Batch: 5560/9482, Loss: 177.625, Trans_L2_m: 0.764, Yaw_err_deg: 3.489
Epoch: [3/4], Batch: 5570/9482, Loss: 471.046, Trans_L2_m: 0.344, Yaw_err_deg: 5.942
Epoch: [3/4], Batch: 5580/9482, Loss: 308.045, Trans_L2_m: 0.769, Yaw_err_deg: 5.038
Epoch: [3/4], Batch: 5590/9482, Loss: 332.061, Trans_L2_m: 0.786, Yaw_err_deg: 6.346
Epoch: [3/4], Batch: 5600/9482, Loss: 200.068, Trans_L2_m: 0.799, Yaw_err_deg: 3.662
Epoch: [3/4], Batch: 5610/9482, Loss: 221.798, Trans_L2_m: 0.670, Yaw_err_deg: 3.459
Epoch: [3/4], Batch: 5620/9482, Loss: 363.561, Trans_L2_m: 0.728, Yaw_err_deg: 5.498
Epoch: [3/4], Batch: 5630/9482, Loss: 402.576, Trans_L2_m: 1.074, Yaw_err_deg: 6.614
Epoch: [3/4], Batch: 5640/9482, Loss: 578.277, Trans_L2_m: 0.624, Yaw_err_deg: 4.940
Epoch: [3/4], Batch: 5650/9482, Loss: 737.598, Trans_L2_m: 1.264, Yaw_err_deg: 6.451
Epoch: [3/4], Batch: 5660/9482, Loss: 438.910, Trans_L2_m: 0.561, Yaw_err_deg: 7.366
Epoch: [3/4], Batch: 5670/9482, Loss: 201.044, Trans_L2_m: 1.723, Yaw_err_deg: 2.723
Epoch: [3/4], Batch: 5680/9482, Loss: 437.572, Trans_L2_m: 1.063, Yaw_err_deg: 5.230
Epoch: [3/4], Batch: 5690/9482, Loss: 213.860, Trans_L2_m: 1.222, Yaw_err_deg: 2.348
Epoch: [3/4], Batch: 5700/9482, Loss: 903.797, Trans_L2_m: 0.732, Yaw_err_deg: 9.258
Epoch: [3/4], Batch: 5710/9482, Loss: 241.437, Trans_L2_m: 0.584, Yaw_err_deg: 4.460
Epoch: [3/4], Batch: 5720/9482, Loss: 139.184, Trans_L2_m: 0.615, Yaw_err_deg: 2.812
Epoch: [3/4], Batch: 5730/9482, Loss: 402.326, Trans_L2_m: 0.853, Yaw_err_deg: 5.047
Epoch: [3/4], Batch: 5740/9482, Loss: 264.645, Trans_L2_m: 0.879, Yaw_err_deg: 5.267
Epoch: [3/4], Batch: 5750/9482, Loss: 294.837, Trans_L2_m: 0.653, Yaw_err_deg: 4.655
Epoch: [3/4], Batch: 5760/9482, Loss: 209.456, Trans_L2_m: 0.844, Yaw_err_deg: 3.784
Epoch: [3/4], Batch: 5770/9482, Loss: 222.989, Trans_L2_m: 0.681, Yaw_err_deg: 4.372
Epoch: [3/4], Batch: 5780/9482, Loss: 1104.391, Trans_L2_m: 0.771, Yaw_err_deg: 8.681
Epoch: [3/4], Batch: 5790/9482, Loss: 221.906, Trans_L2_m: 0.368, Yaw_err_deg: 4.633
Epoch: [3/4], Batch: 5800/9482, Loss: 202.379, Trans_L2_m: 0.707, Yaw_err_deg: 3.415
Epoch: [3/4], Batch: 5810/9482, Loss: 261.514, Trans_L2_m: 0.661, Yaw_err_deg: 4.900
Epoch: [3/4], Batch: 5820/9482, Loss: 539.412, Trans_L2_m: 1.357, Yaw_err_deg: 7.022
Epoch: [3/4], Batch: 5830/9482, Loss: 370.303, Trans_L2_m: 0.601, Yaw_err_deg: 5.110
Epoch: [3/4], Batch: 5840/9482, Loss: 221.235, Trans_L2_m: 1.022, Yaw_err_deg: 3.284
Epoch: [3/4], Batch: 5850/9482, Loss: 101.095, Trans_L2_m: 0.879, Yaw_err_deg: 1.444
Epoch: [3/4], Batch: 5860/9482, Loss: 167.208, Trans_L2_m: 0.424, Yaw_err_deg: 3.641
Epoch: [3/4], Batch: 5870/9482, Loss: 162.160, Trans_L2_m: 0.841, Yaw_err_deg: 2.957
Epoch: [3/4], Batch: 5880/9482, Loss: 234.598, Trans_L2_m: 0.705, Yaw_err_deg: 4.484
Epoch: [3/4], Batch: 5890/9482, Loss: 275.015, Trans_L2_m: 0.982, Yaw_err_deg: 5.016
Epoch: [3/4], Batch: 5900/9482, Loss: 93.051, Trans_L2_m: 0.408, Yaw_err_deg: 2.002
Epoch: [3/4], Batch: 5910/9482, Loss: 185.214, Trans_L2_m: 0.634, Yaw_err_deg: 3.790
Epoch: [3/4], Batch: 5920/9482, Loss: 547.095, Trans_L2_m: 0.337, Yaw_err_deg: 6.010
Epoch: [3/4], Batch: 5930/9482, Loss: 576.821, Trans_L2_m: 0.932, Yaw_err_deg: 7.088
Epoch: [3/4], Batch: 5940/9482, Loss: 387.710, Trans_L2_m: 0.608, Yaw_err_deg: 5.167
Epoch: [3/4], Batch: 5950/9482, Loss: 130.887, Trans_L2_m: 1.013, Yaw_err_deg: 2.092
Epoch: [3/4], Batch: 5960/9482, Loss: 1447.744, Trans_L2_m: 0.427, Yaw_err_deg: 2.929
Epoch: [3/4], Batch: 5970/9482, Loss: 234.295, Trans_L2_m: 0.712, Yaw_err_deg: 4.126
Epoch: [3/4], Batch: 5980/9482, Loss: 820.763, Trans_L2_m: 0.600, Yaw_err_deg: 9.946
Epoch: [3/4], Batch: 5990/9482, Loss: 351.002, Trans_L2_m: 0.755, Yaw_err_deg: 4.985
Epoch: [3/4], Batch: 6000/9482, Loss: 268.512, Trans_L2_m: 1.004, Yaw_err_deg: 4.587
Epoch: [3/4], Batch: 6010/9482, Loss: 342.076, Trans_L2_m: 0.739, Yaw_err_deg: 4.926
Epoch: [3/4], Batch: 6020/9482, Loss: 194.849, Trans_L2_m: 1.187, Yaw_err_deg: 2.638
Epoch: [3/4], Batch: 6030/9482, Loss: 74.269, Trans_L2_m: 0.337, Yaw_err_deg: 1.970
Epoch: [3/4], Batch: 6040/9482, Loss: 312.457, Trans_L2_m: 0.741, Yaw_err_deg: 4.307
Epoch: [3/4], Batch: 6050/9482, Loss: 559.678, Trans_L2_m: 0.582, Yaw_err_deg: 7.823
Epoch: [3/4], Batch: 6060/9482, Loss: 127.083, Trans_L2_m: 0.732, Yaw_err_deg: 2.268
Epoch: [3/4], Batch: 6070/9482, Loss: 971.008, Trans_L2_m: 0.548, Yaw_err_deg: 8.224
Epoch: [3/4], Batch: 6080/9482, Loss: 246.543, Trans_L2_m: 0.693, Yaw_err_deg: 4.420
Epoch: [3/4], Batch: 6090/9482, Loss: 528.492, Trans_L2_m: 0.611, Yaw_err_deg: 6.641
Epoch: [3/4], Batch: 6100/9482, Loss: 432.539, Trans_L2_m: 1.141, Yaw_err_deg: 6.471
Epoch: [3/4], Batch: 6110/9482, Loss: 594.820, Trans_L2_m: 0.999, Yaw_err_deg: 6.725
Epoch: [3/4], Batch: 6120/9482, Loss: 113.602, Trans_L2_m: 0.866, Yaw_err_deg: 2.717
Epoch: [3/4], Batch: 6130/9482, Loss: 408.683, Trans_L2_m: 0.718, Yaw_err_deg: 6.264
Epoch: [3/4], Batch: 6140/9482, Loss: 488.296, Trans_L2_m: 0.577, Yaw_err_deg: 6.410
Epoch: [3/4], Batch: 6150/9482, Loss: 229.393, Trans_L2_m: 0.657, Yaw_err_deg: 4.005
Epoch: [3/4], Batch: 6160/9482, Loss: 174.481, Trans_L2_m: 1.103, Yaw_err_deg: 2.666
Epoch: [3/4], Batch: 6170/9482, Loss: 385.010, Trans_L2_m: 0.910, Yaw_err_deg: 6.198
Epoch: [3/4], Batch: 6180/9482, Loss: 1083.401, Trans_L2_m: 0.590, Yaw_err_deg: 10.129
Epoch: [3/4], Batch: 6190/9482, Loss: 139.396, Trans_L2_m: 0.631, Yaw_err_deg: 2.929
Epoch: [3/4], Batch: 6200/9482, Loss: 533.766, Trans_L2_m: 0.753, Yaw_err_deg: 6.097
Epoch: [3/4], Batch: 6210/9482, Loss: 336.386, Trans_L2_m: 0.638, Yaw_err_deg: 5.264
Epoch: [3/4], Batch: 6220/9482, Loss: 461.884, Trans_L2_m: 0.836, Yaw_err_deg: 6.116
Epoch: [3/4], Batch: 6230/9482, Loss: 266.873, Trans_L2_m: 0.592, Yaw_err_deg: 4.141
Epoch: [3/4], Batch: 6240/9482, Loss: 297.364, Trans_L2_m: 0.922, Yaw_err_deg: 5.292
Epoch: [3/4], Batch: 6250/9482, Loss: 279.362, Trans_L2_m: 0.715, Yaw_err_deg: 4.850
Epoch: [3/4], Batch: 6260/9482, Loss: 1002.113, Trans_L2_m: 0.521, Yaw_err_deg: 8.330
Epoch: [3/4], Batch: 6270/9482, Loss: 511.020, Trans_L2_m: 0.673, Yaw_err_deg: 7.591
Epoch: [3/4], Batch: 6280/9482, Loss: 156.801, Trans_L2_m: 0.845, Yaw_err_deg: 2.839
Epoch: [3/4], Batch: 6290/9482, Loss: 186.895, Trans_L2_m: 0.894, Yaw_err_deg: 3.892
Epoch: [3/4], Batch: 6300/9482, Loss: 148.203, Trans_L2_m: 0.707, Yaw_err_deg: 3.111
Epoch: [3/4], Batch: 6310/9482, Loss: 195.850, Trans_L2_m: 0.839, Yaw_err_deg: 3.271
Epoch: [3/4], Batch: 6320/9482, Loss: 358.242, Trans_L2_m: 1.104, Yaw_err_deg: 5.249
Epoch: [3/4], Batch: 6330/9482, Loss: 432.922, Trans_L2_m: 0.365, Yaw_err_deg: 6.802
Epoch: [3/4], Batch: 6340/9482, Loss: 451.537, Trans_L2_m: 1.051, Yaw_err_deg: 6.451
Epoch: [3/4], Batch: 6350/9482, Loss: 229.007, Trans_L2_m: 0.761, Yaw_err_deg: 3.519
Epoch: [3/4], Batch: 6360/9482, Loss: 205.693, Trans_L2_m: 0.352, Yaw_err_deg: 4.351
Epoch: [3/4], Batch: 6370/9482, Loss: 309.168, Trans_L2_m: 0.947, Yaw_err_deg: 4.834
Epoch: [3/4], Batch: 6380/9482, Loss: 260.240, Trans_L2_m: 0.921, Yaw_err_deg: 3.996
Epoch: [3/4], Batch: 6390/9482, Loss: 340.468, Trans_L2_m: 0.865, Yaw_err_deg: 5.420
Epoch: [3/4], Batch: 6400/9482, Loss: 163.592, Trans_L2_m: 0.908, Yaw_err_deg: 3.398
Epoch: [3/4], Batch: 6410/9482, Loss: 102.736, Trans_L2_m: 0.405, Yaw_err_deg: 1.877
Epoch: [3/4], Batch: 6420/9482, Loss: 541.962, Trans_L2_m: 0.822, Yaw_err_deg: 5.267
Epoch: [3/4], Batch: 6430/9482, Loss: 1006.424, Trans_L2_m: 0.876, Yaw_err_deg: 9.540
Epoch: [3/4], Batch: 6440/9482, Loss: 242.684, Trans_L2_m: 0.637, Yaw_err_deg: 4.365
Epoch: [3/4], Batch: 6450/9482, Loss: 258.912, Trans_L2_m: 0.523, Yaw_err_deg: 5.026
Epoch: [3/4], Batch: 6460/9482, Loss: 835.478, Trans_L2_m: 0.691, Yaw_err_deg: 7.627
Epoch: [3/4], Batch: 6470/9482, Loss: 170.779, Trans_L2_m: 0.848, Yaw_err_deg: 3.297
Epoch: [3/4], Batch: 6480/9482, Loss: 265.763, Trans_L2_m: 1.000, Yaw_err_deg: 4.111
Epoch: [3/4], Batch: 6490/9482, Loss: 74.305, Trans_L2_m: 0.605, Yaw_err_deg: 1.018
Epoch: [3/4], Batch: 6500/9482, Loss: 218.587, Trans_L2_m: 0.881, Yaw_err_deg: 4.530
Epoch: [3/4], Batch: 6510/9482, Loss: 1223.694, Trans_L2_m: 1.190, Yaw_err_deg: 10.815
Epoch: [3/4], Batch: 6520/9482, Loss: 704.188, Trans_L2_m: 0.462, Yaw_err_deg: 8.912
Epoch: [3/4], Batch: 6530/9482, Loss: 303.067, Trans_L2_m: 0.711, Yaw_err_deg: 5.822
Epoch: [3/4], Batch: 6540/9482, Loss: 222.806, Trans_L2_m: 0.564, Yaw_err_deg: 4.283
Epoch: [3/4], Batch: 6550/9482, Loss: 274.187, Trans_L2_m: 1.026, Yaw_err_deg: 4.023
Epoch: [3/4], Batch: 6560/9482, Loss: 279.542, Trans_L2_m: 0.704, Yaw_err_deg: 5.311
Epoch: [3/4], Batch: 6570/9482, Loss: 105.798, Trans_L2_m: 0.595, Yaw_err_deg: 2.113
Epoch: [3/4], Batch: 6580/9482, Loss: 268.827, Trans_L2_m: 0.717, Yaw_err_deg: 4.851
Epoch: [3/4], Batch: 6590/9482, Loss: 859.861, Trans_L2_m: 0.875, Yaw_err_deg: 8.833
Epoch: [3/4], Batch: 6600/9482, Loss: 154.043, Trans_L2_m: 0.818, Yaw_err_deg: 2.373
Epoch: [3/4], Batch: 6610/9482, Loss: 166.627, Trans_L2_m: 0.776, Yaw_err_deg: 2.925
Epoch: [3/4], Batch: 6620/9482, Loss: 326.529, Trans_L2_m: 0.689, Yaw_err_deg: 4.599
Epoch: [3/4], Batch: 6630/9482, Loss: 191.550, Trans_L2_m: 0.500, Yaw_err_deg: 3.539
Epoch: [3/4], Batch: 6640/9482, Loss: 416.346, Trans_L2_m: 1.268, Yaw_err_deg: 5.426
Epoch: [3/4], Batch: 6650/9482, Loss: 415.298, Trans_L2_m: 1.024, Yaw_err_deg: 5.875
Epoch: [3/4], Batch: 6660/9482, Loss: 149.662, Trans_L2_m: 0.620, Yaw_err_deg: 3.274
Epoch: [3/4], Batch: 6670/9482, Loss: 122.593, Trans_L2_m: 0.871, Yaw_err_deg: 3.026
Epoch: [3/4], Batch: 6680/9482, Loss: 353.593, Trans_L2_m: 0.572, Yaw_err_deg: 5.744
Epoch: [3/4], Batch: 6690/9482, Loss: 463.741, Trans_L2_m: 0.429, Yaw_err_deg: 6.460
Epoch: [3/4], Batch: 6700/9482, Loss: 551.938, Trans_L2_m: 0.555, Yaw_err_deg: 6.164
Epoch: [3/4], Batch: 6710/9482, Loss: 409.686, Trans_L2_m: 1.090, Yaw_err_deg: 5.447
Epoch: [3/4], Batch: 6720/9482, Loss: 219.453, Trans_L2_m: 0.535, Yaw_err_deg: 4.304
Epoch: [3/4], Batch: 6730/9482, Loss: 311.024, Trans_L2_m: 0.475, Yaw_err_deg: 4.704
Epoch: [3/4], Batch: 6740/9482, Loss: 235.873, Trans_L2_m: 0.696, Yaw_err_deg: 4.394
Epoch: [3/4], Batch: 6750/9482, Loss: 959.908, Trans_L2_m: 0.929, Yaw_err_deg: 7.185
Epoch: [3/4], Batch: 6760/9482, Loss: 364.544, Trans_L2_m: 0.817, Yaw_err_deg: 5.283
Epoch: [3/4], Batch: 6770/9482, Loss: 1001.887, Trans_L2_m: 1.150, Yaw_err_deg: 9.382
Epoch: [3/4], Batch: 6780/9482, Loss: 287.516, Trans_L2_m: 0.729, Yaw_err_deg: 4.821
Epoch: [3/4], Batch: 6790/9482, Loss: 330.328, Trans_L2_m: 0.549, Yaw_err_deg: 5.555
Epoch: [3/4], Batch: 6800/9482, Loss: 252.823, Trans_L2_m: 1.600, Yaw_err_deg: 3.012
Epoch: [3/4], Batch: 6810/9482, Loss: 364.173, Trans_L2_m: 0.609, Yaw_err_deg: 6.270
Epoch: [3/4], Batch: 6820/9482, Loss: 219.745, Trans_L2_m: 0.895, Yaw_err_deg: 4.590
Epoch: [3/4], Batch: 6830/9482, Loss: 798.835, Trans_L2_m: 0.831, Yaw_err_deg: 8.659
Epoch: [3/4], Batch: 6840/9482, Loss: 638.165, Trans_L2_m: 0.398, Yaw_err_deg: 7.472
Epoch: [3/4], Batch: 6850/9482, Loss: 506.747, Trans_L2_m: 0.768, Yaw_err_deg: 6.921
Epoch: [3/4], Batch: 6860/9482, Loss: 496.883, Trans_L2_m: 0.924, Yaw_err_deg: 5.367
Epoch: [3/4], Batch: 6870/9482, Loss: 190.387, Trans_L2_m: 0.673, Yaw_err_deg: 3.820
Epoch: [3/4], Batch: 6880/9482, Loss: 231.669, Trans_L2_m: 0.882, Yaw_err_deg: 3.907
Epoch: [3/4], Batch: 6890/9482, Loss: 249.240, Trans_L2_m: 0.989, Yaw_err_deg: 3.209
Epoch: [3/4], Batch: 6900/9482, Loss: 246.770, Trans_L2_m: 0.717, Yaw_err_deg: 4.586
Epoch: [3/4], Batch: 6910/9482, Loss: 349.675, Trans_L2_m: 0.558, Yaw_err_deg: 6.140
Epoch: [3/4], Batch: 6920/9482, Loss: 177.329, Trans_L2_m: 0.803, Yaw_err_deg: 3.836
Epoch: [3/4], Batch: 6930/9482, Loss: 340.869, Trans_L2_m: 0.710, Yaw_err_deg: 5.775
Epoch: [3/4], Batch: 6940/9482, Loss: 376.251, Trans_L2_m: 0.848, Yaw_err_deg: 5.803
Epoch: [3/4], Batch: 6950/9482, Loss: 84.485, Trans_L2_m: 0.775, Yaw_err_deg: 1.375
Epoch: [3/4], Batch: 6960/9482, Loss: 315.969, Trans_L2_m: 0.650, Yaw_err_deg: 5.408
Epoch: [3/4], Batch: 6970/9482, Loss: 204.404, Trans_L2_m: 0.662, Yaw_err_deg: 3.735
Epoch: [3/4], Batch: 6980/9482, Loss: 386.569, Trans_L2_m: 0.760, Yaw_err_deg: 6.181
Epoch: [3/4], Batch: 6990/9482, Loss: 223.159, Trans_L2_m: 0.328, Yaw_err_deg: 4.844
Epoch: [3/4], Batch: 7000/9482, Loss: 166.952, Trans_L2_m: 0.650, Yaw_err_deg: 2.109
Epoch: [3/4], Batch: 7010/9482, Loss: 227.513, Trans_L2_m: 0.794, Yaw_err_deg: 3.698
Epoch: [3/4], Batch: 7020/9482, Loss: 188.867, Trans_L2_m: 0.412, Yaw_err_deg: 4.099
Epoch: [3/4], Batch: 7030/9482, Loss: 360.200, Trans_L2_m: 0.405, Yaw_err_deg: 5.995
Epoch: [3/4], Batch: 7040/9482, Loss: 174.096, Trans_L2_m: 0.498, Yaw_err_deg: 4.086
Epoch: [3/4], Batch: 7050/9482, Loss: 300.171, Trans_L2_m: 0.842, Yaw_err_deg: 5.522
Epoch: [3/4], Batch: 7060/9482, Loss: 156.911, Trans_L2_m: 0.771, Yaw_err_deg: 2.703
Epoch: [3/4], Batch: 7070/9482, Loss: 375.469, Trans_L2_m: 0.478, Yaw_err_deg: 6.744
Epoch: [3/4], Batch: 7080/9482, Loss: 451.453, Trans_L2_m: 0.338, Yaw_err_deg: 7.086
Epoch: [3/4], Batch: 7090/9482, Loss: 142.806, Trans_L2_m: 1.351, Yaw_err_deg: 1.703
Epoch: [3/4], Batch: 7100/9482, Loss: 326.733, Trans_L2_m: 0.637, Yaw_err_deg: 6.366
Epoch: [3/4], Batch: 7110/9482, Loss: 91.947, Trans_L2_m: 0.815, Yaw_err_deg: 1.618
Epoch: [3/4], Batch: 7120/9482, Loss: 524.753, Trans_L2_m: 0.715, Yaw_err_deg: 5.928
Epoch: [3/4], Batch: 7130/9482, Loss: 341.006, Trans_L2_m: 0.824, Yaw_err_deg: 4.373
Epoch: [3/4], Batch: 7140/9482, Loss: 166.862, Trans_L2_m: 0.735, Yaw_err_deg: 2.870
Epoch: [3/4], Batch: 7150/9482, Loss: 338.654, Trans_L2_m: 0.871, Yaw_err_deg: 5.508
Epoch: [3/4], Batch: 7160/9482, Loss: 255.808, Trans_L2_m: 0.762, Yaw_err_deg: 4.622
Epoch: [3/4], Batch: 7170/9482, Loss: 146.258, Trans_L2_m: 0.672, Yaw_err_deg: 3.013
Epoch: [3/4], Batch: 7180/9482, Loss: 187.398, Trans_L2_m: 0.645, Yaw_err_deg: 2.822
Epoch: [3/4], Batch: 7190/9482, Loss: 286.846, Trans_L2_m: 0.824, Yaw_err_deg: 3.480
Epoch: [3/4], Batch: 7200/9482, Loss: 236.298, Trans_L2_m: 0.491, Yaw_err_deg: 4.780
Epoch: [3/4], Batch: 7210/9482, Loss: 266.760, Trans_L2_m: 0.690, Yaw_err_deg: 3.633
Epoch: [3/4], Batch: 7220/9482, Loss: 187.454, Trans_L2_m: 0.273, Yaw_err_deg: 3.663
Epoch: [3/4], Batch: 7230/9482, Loss: 208.984, Trans_L2_m: 0.702, Yaw_err_deg: 3.668
Epoch: [3/4], Batch: 7240/9482, Loss: 80.754, Trans_L2_m: 0.496, Yaw_err_deg: 1.376
Epoch: [3/4], Batch: 7250/9482, Loss: 1207.412, Trans_L2_m: 0.709, Yaw_err_deg: 5.445
Epoch: [3/4], Batch: 7260/9482, Loss: 1282.351, Trans_L2_m: 0.571, Yaw_err_deg: 12.067
Epoch: [3/4], Batch: 7270/9482, Loss: 352.196, Trans_L2_m: 0.454, Yaw_err_deg: 6.097
Epoch: [3/4], Batch: 7280/9482, Loss: 108.687, Trans_L2_m: 0.752, Yaw_err_deg: 2.482
Epoch: [3/4], Batch: 7290/9482, Loss: 259.127, Trans_L2_m: 0.727, Yaw_err_deg: 3.996
Epoch: [3/4], Batch: 7300/9482, Loss: 162.600, Trans_L2_m: 0.705, Yaw_err_deg: 3.682
Epoch: [3/4], Batch: 7310/9482, Loss: 439.031, Trans_L2_m: 1.039, Yaw_err_deg: 5.508
Epoch: [3/4], Batch: 7320/9482, Loss: 661.838, Trans_L2_m: 0.745, Yaw_err_deg: 7.519
Epoch: [3/4], Batch: 7330/9482, Loss: 315.125, Trans_L2_m: 1.304, Yaw_err_deg: 4.351
Epoch: [3/4], Batch: 7340/9482, Loss: 150.435, Trans_L2_m: 0.941, Yaw_err_deg: 1.846
Epoch: [3/4], Batch: 7350/9482, Loss: 253.072, Trans_L2_m: 0.701, Yaw_err_deg: 3.756
Epoch: [3/4], Batch: 7360/9482, Loss: 204.511, Trans_L2_m: 0.646, Yaw_err_deg: 3.385
Epoch: [3/4], Batch: 7370/9482, Loss: 489.719, Trans_L2_m: 0.846, Yaw_err_deg: 6.597
Epoch: [3/4], Batch: 7380/9482, Loss: 491.121, Trans_L2_m: 0.747, Yaw_err_deg: 6.729
Epoch: [3/4], Batch: 7390/9482, Loss: 351.910, Trans_L2_m: 1.027, Yaw_err_deg: 5.307
Epoch: [3/4], Batch: 7400/9482, Loss: 312.055, Trans_L2_m: 0.713, Yaw_err_deg: 6.185
Epoch: [3/4], Batch: 7410/9482, Loss: 120.604, Trans_L2_m: 0.453, Yaw_err_deg: 2.787
Epoch: [3/4], Batch: 7420/9482, Loss: 376.826, Trans_L2_m: 0.589, Yaw_err_deg: 6.516
Epoch: [3/4], Batch: 7430/9482, Loss: 117.106, Trans_L2_m: 0.762, Yaw_err_deg: 2.452
Epoch: [3/4], Batch: 7440/9482, Loss: 393.916, Trans_L2_m: 0.497, Yaw_err_deg: 5.900
Epoch: [3/4], Batch: 7450/9482, Loss: 231.905, Trans_L2_m: 0.434, Yaw_err_deg: 4.392
Epoch: [3/4], Batch: 7460/9482, Loss: 177.957, Trans_L2_m: 0.836, Yaw_err_deg: 3.084
Epoch: [3/4], Batch: 7470/9482, Loss: 142.575, Trans_L2_m: 0.356, Yaw_err_deg: 2.687
Epoch: [3/4], Batch: 7480/9482, Loss: 316.715, Trans_L2_m: 1.027, Yaw_err_deg: 4.783
Epoch: [3/4], Batch: 7490/9482, Loss: 962.215, Trans_L2_m: 0.585, Yaw_err_deg: 9.620
Epoch: [3/4], Batch: 7500/9482, Loss: 201.332, Trans_L2_m: 0.403, Yaw_err_deg: 3.938
Epoch: [3/4], Batch: 7510/9482, Loss: 733.229, Trans_L2_m: 0.885, Yaw_err_deg: 7.436
Epoch: [3/4], Batch: 7520/9482, Loss: 825.806, Trans_L2_m: 0.724, Yaw_err_deg: 5.946
Epoch: [3/4], Batch: 7530/9482, Loss: 378.753, Trans_L2_m: 0.905, Yaw_err_deg: 5.761
Epoch: [3/4], Batch: 7540/9482, Loss: 514.763, Trans_L2_m: 0.975, Yaw_err_deg: 6.794
Epoch: [3/4], Batch: 7550/9482, Loss: 204.574, Trans_L2_m: 0.701, Yaw_err_deg: 2.978
Epoch: [3/4], Batch: 7560/9482, Loss: 180.985, Trans_L2_m: 0.828, Yaw_err_deg: 2.759
Epoch: [3/4], Batch: 7570/9482, Loss: 374.330, Trans_L2_m: 1.231, Yaw_err_deg: 6.543
Epoch: [3/4], Batch: 7580/9482, Loss: 196.300, Trans_L2_m: 0.627, Yaw_err_deg: 4.025
Epoch: [3/4], Batch: 7590/9482, Loss: 108.385, Trans_L2_m: 0.367, Yaw_err_deg: 2.684
Epoch: [3/4], Batch: 7600/9482, Loss: 143.019, Trans_L2_m: 0.835, Yaw_err_deg: 2.347
Epoch: [3/4], Batch: 7610/9482, Loss: 449.893, Trans_L2_m: 0.686, Yaw_err_deg: 6.947
Epoch: [3/4], Batch: 7620/9482, Loss: 80.987, Trans_L2_m: 0.628, Yaw_err_deg: 1.845
Epoch: [3/4], Batch: 7630/9482, Loss: 118.764, Trans_L2_m: 0.667, Yaw_err_deg: 2.768
Epoch: [3/4], Batch: 7640/9482, Loss: 332.250, Trans_L2_m: 0.450, Yaw_err_deg: 5.823
Epoch: [3/4], Batch: 7650/9482, Loss: 281.702, Trans_L2_m: 0.624, Yaw_err_deg: 4.894
Epoch: [3/4], Batch: 7660/9482, Loss: 186.173, Trans_L2_m: 0.690, Yaw_err_deg: 3.873
Epoch: [3/4], Batch: 7670/9482, Loss: 546.748, Trans_L2_m: 0.509, Yaw_err_deg: 6.555
Epoch: [3/4], Batch: 7680/9482, Loss: 627.368, Trans_L2_m: 0.695, Yaw_err_deg: 9.242
Epoch: [3/4], Batch: 7690/9482, Loss: 124.505, Trans_L2_m: 0.681, Yaw_err_deg: 2.141
Epoch: [3/4], Batch: 7700/9482, Loss: 307.351, Trans_L2_m: 0.696, Yaw_err_deg: 5.259
Epoch: [3/4], Batch: 7710/9482, Loss: 106.519, Trans_L2_m: 0.611, Yaw_err_deg: 2.956
Epoch: [3/4], Batch: 7720/9482, Loss: 636.037, Trans_L2_m: 0.631, Yaw_err_deg: 6.729
Epoch: [3/4], Batch: 7730/9482, Loss: 303.799, Trans_L2_m: 0.619, Yaw_err_deg: 5.963
Epoch: [3/4], Batch: 7740/9482, Loss: 209.045, Trans_L2_m: 0.909, Yaw_err_deg: 3.824
Epoch: [3/4], Batch: 7750/9482, Loss: 452.883, Trans_L2_m: 0.525, Yaw_err_deg: 7.264
Epoch: [3/4], Batch: 7760/9482, Loss: 150.791, Trans_L2_m: 0.415, Yaw_err_deg: 3.176
Epoch: [3/4], Batch: 7770/9482, Loss: 216.109, Trans_L2_m: 0.916, Yaw_err_deg: 4.077
Epoch: [3/4], Batch: 7780/9482, Loss: 265.252, Trans_L2_m: 0.647, Yaw_err_deg: 4.575
Epoch: [3/4], Batch: 7790/9482, Loss: 144.167, Trans_L2_m: 0.560, Yaw_err_deg: 2.905
Epoch: [3/4], Batch: 7800/9482, Loss: 109.648, Trans_L2_m: 0.660, Yaw_err_deg: 2.030
Epoch: [3/4], Batch: 7810/9482, Loss: 154.053, Trans_L2_m: 0.723, Yaw_err_deg: 2.711
Epoch: [3/4], Batch: 7820/9482, Loss: 146.831, Trans_L2_m: 0.500, Yaw_err_deg: 2.692
Epoch: [3/4], Batch: 7830/9482, Loss: 384.642, Trans_L2_m: 0.717, Yaw_err_deg: 4.983
Epoch: [3/4], Batch: 7840/9482, Loss: 151.258, Trans_L2_m: 0.301, Yaw_err_deg: 2.638
Epoch: [3/4], Batch: 7850/9482, Loss: 534.743, Trans_L2_m: 0.799, Yaw_err_deg: 5.447
Epoch: [3/4], Batch: 7860/9482, Loss: 135.941, Trans_L2_m: 0.764, Yaw_err_deg: 2.570
Epoch: [3/4], Batch: 7870/9482, Loss: 133.113, Trans_L2_m: 0.764, Yaw_err_deg: 0.983
Epoch: [3/4], Batch: 7880/9482, Loss: 225.916, Trans_L2_m: 0.650, Yaw_err_deg: 4.482
Epoch: [3/4], Batch: 7890/9482, Loss: 982.641, Trans_L2_m: 0.622, Yaw_err_deg: 8.483
Epoch: [3/4], Batch: 7900/9482, Loss: 344.268, Trans_L2_m: 1.273, Yaw_err_deg: 5.624
Epoch: [3/4], Batch: 7910/9482, Loss: 176.276, Trans_L2_m: 0.719, Yaw_err_deg: 3.863
Epoch: [3/4], Batch: 7920/9482, Loss: 307.775, Trans_L2_m: 0.576, Yaw_err_deg: 5.609
Epoch: [3/4], Batch: 7930/9482, Loss: 344.454, Trans_L2_m: 0.614, Yaw_err_deg: 6.753
Epoch: [3/4], Batch: 7940/9482, Loss: 383.576, Trans_L2_m: 0.691, Yaw_err_deg: 5.488
Epoch: [3/4], Batch: 7950/9482, Loss: 466.632, Trans_L2_m: 1.035, Yaw_err_deg: 5.664
Epoch: [3/4], Batch: 7960/9482, Loss: 185.074, Trans_L2_m: 0.953, Yaw_err_deg: 3.327
Epoch: [3/4], Batch: 7970/9482, Loss: 168.808, Trans_L2_m: 1.223, Yaw_err_deg: 2.213
Epoch: [3/4], Batch: 7980/9482, Loss: 147.841, Trans_L2_m: 0.889, Yaw_err_deg: 2.628
Epoch: [3/4], Batch: 7990/9482, Loss: 470.577, Trans_L2_m: 0.520, Yaw_err_deg: 6.992
Epoch: [3/4], Batch: 8000/9482, Loss: 166.220, Trans_L2_m: 0.576, Yaw_err_deg: 3.683
Epoch: [3/4], Batch: 8010/9482, Loss: 278.440, Trans_L2_m: 0.648, Yaw_err_deg: 4.406
Epoch: [3/4], Batch: 8020/9482, Loss: 219.810, Trans_L2_m: 0.722, Yaw_err_deg: 3.328
Epoch: [3/4], Batch: 8030/9482, Loss: 202.872, Trans_L2_m: 0.412, Yaw_err_deg: 4.245
Epoch: [3/4], Batch: 8040/9482, Loss: 253.169, Trans_L2_m: 0.608, Yaw_err_deg: 4.939
Epoch: [3/4], Batch: 8050/9482, Loss: 433.801, Trans_L2_m: 0.950, Yaw_err_deg: 5.584
Epoch: [3/4], Batch: 8060/9482, Loss: 160.769, Trans_L2_m: 0.707, Yaw_err_deg: 3.102
Epoch: [3/4], Batch: 8070/9482, Loss: 172.500, Trans_L2_m: 0.719, Yaw_err_deg: 3.147
Epoch: [3/4], Batch: 8080/9482, Loss: 144.923, Trans_L2_m: 0.893, Yaw_err_deg: 2.331
Epoch: [3/4], Batch: 8090/9482, Loss: 1185.399, Trans_L2_m: 0.665, Yaw_err_deg: 10.544
Epoch: [3/4], Batch: 8100/9482, Loss: 271.826, Trans_L2_m: 0.733, Yaw_err_deg: 4.984
Epoch: [3/4], Batch: 8110/9482, Loss: 157.337, Trans_L2_m: 0.786, Yaw_err_deg: 2.940
Epoch: [3/4], Batch: 8120/9482, Loss: 99.799, Trans_L2_m: 0.444, Yaw_err_deg: 2.357
Epoch: [3/4], Batch: 8130/9482, Loss: 226.953, Trans_L2_m: 1.064, Yaw_err_deg: 3.259
Epoch: [3/4], Batch: 8140/9482, Loss: 1334.757, Trans_L2_m: 1.048, Yaw_err_deg: 11.131
Epoch: [3/4], Batch: 8150/9482, Loss: 287.472, Trans_L2_m: 0.716, Yaw_err_deg: 4.827
Epoch: [3/4], Batch: 8160/9482, Loss: 304.677, Trans_L2_m: 0.926, Yaw_err_deg: 4.850
Epoch: [3/4], Batch: 8170/9482, Loss: 146.129, Trans_L2_m: 0.628, Yaw_err_deg: 3.088
Epoch: [3/4], Batch: 8180/9482, Loss: 206.803, Trans_L2_m: 0.784, Yaw_err_deg: 3.805
Epoch: [3/4], Batch: 8190/9482, Loss: 113.101, Trans_L2_m: 0.812, Yaw_err_deg: 1.262
Epoch: [3/4], Batch: 8200/9482, Loss: 544.125, Trans_L2_m: 0.545, Yaw_err_deg: 7.653
Epoch: [3/4], Batch: 8210/9482, Loss: 126.656, Trans_L2_m: 0.773, Yaw_err_deg: 2.177
Epoch: [3/4], Batch: 8220/9482, Loss: 368.755, Trans_L2_m: 1.076, Yaw_err_deg: 6.021
Epoch: [3/4], Batch: 8230/9482, Loss: 271.085, Trans_L2_m: 0.520, Yaw_err_deg: 4.446
Epoch: [3/4], Batch: 8240/9482, Loss: 212.115, Trans_L2_m: 1.040, Yaw_err_deg: 2.822
Epoch: [3/4], Batch: 8250/9482, Loss: 125.246, Trans_L2_m: 0.857, Yaw_err_deg: 2.249
Epoch: [3/4], Batch: 8260/9482, Loss: 89.625, Trans_L2_m: 0.547, Yaw_err_deg: 2.266
Epoch: [3/4], Batch: 8270/9482, Loss: 252.416, Trans_L2_m: 0.568, Yaw_err_deg: 4.909
Epoch: [3/4], Batch: 8280/9482, Loss: 119.312, Trans_L2_m: 1.030, Yaw_err_deg: 1.877
Epoch: [3/4], Batch: 8290/9482, Loss: 276.126, Trans_L2_m: 0.765, Yaw_err_deg: 4.145
Epoch: [3/4], Batch: 8300/9482, Loss: 116.401, Trans_L2_m: 0.524, Yaw_err_deg: 2.588
Epoch: [3/4], Batch: 8310/9482, Loss: 291.801, Trans_L2_m: 0.730, Yaw_err_deg: 5.232
Epoch: [3/4], Batch: 8320/9482, Loss: 579.104, Trans_L2_m: 0.510, Yaw_err_deg: 7.131
Epoch: [3/4], Batch: 8330/9482, Loss: 686.834, Trans_L2_m: 0.454, Yaw_err_deg: 7.780
Epoch: [3/4], Batch: 8340/9482, Loss: 174.750, Trans_L2_m: 0.477, Yaw_err_deg: 3.083
Epoch: [3/4], Batch: 8350/9482, Loss: 195.161, Trans_L2_m: 0.786, Yaw_err_deg: 3.086
Epoch: [3/4], Batch: 8360/9482, Loss: 147.412, Trans_L2_m: 0.880, Yaw_err_deg: 2.600
Epoch: [3/4], Batch: 8370/9482, Loss: 130.604, Trans_L2_m: 0.730, Yaw_err_deg: 3.486
Epoch: [3/4], Batch: 8380/9482, Loss: 194.665, Trans_L2_m: 0.748, Yaw_err_deg: 2.416
Epoch: [3/4], Batch: 8390/9482, Loss: 263.059, Trans_L2_m: 0.798, Yaw_err_deg: 3.648
Epoch: [3/4], Batch: 8400/9482, Loss: 215.456, Trans_L2_m: 0.785, Yaw_err_deg: 2.982
Epoch: [3/4], Batch: 8410/9482, Loss: 1056.172, Trans_L2_m: 0.711, Yaw_err_deg: 10.033
Epoch: [3/4], Batch: 8420/9482, Loss: 398.652, Trans_L2_m: 0.944, Yaw_err_deg: 5.830
Epoch: [3/4], Batch: 8430/9482, Loss: 110.682, Trans_L2_m: 0.637, Yaw_err_deg: 1.742
Epoch: [3/4], Batch: 8440/9482, Loss: 422.409, Trans_L2_m: 1.250, Yaw_err_deg: 5.440
Epoch: [3/4], Batch: 8450/9482, Loss: 729.589, Trans_L2_m: 1.558, Yaw_err_deg: 8.070
Epoch: [3/4], Batch: 8460/9482, Loss: 1113.525, Trans_L2_m: 0.643, Yaw_err_deg: 10.721
Epoch: [3/4], Batch: 8470/9482, Loss: 246.236, Trans_L2_m: 0.660, Yaw_err_deg: 4.359
Epoch: [3/4], Batch: 8480/9482, Loss: 118.706, Trans_L2_m: 0.558, Yaw_err_deg: 3.089
Epoch: [3/4], Batch: 8490/9482, Loss: 153.937, Trans_L2_m: 0.935, Yaw_err_deg: 2.825
Epoch: [3/4], Batch: 8500/9482, Loss: 108.046, Trans_L2_m: 0.810, Yaw_err_deg: 1.800
Epoch: [3/4], Batch: 8510/9482, Loss: 227.499, Trans_L2_m: 0.611, Yaw_err_deg: 4.824
Epoch: [3/4], Batch: 8520/9482, Loss: 198.576, Trans_L2_m: 0.519, Yaw_err_deg: 3.144
Epoch: [3/4], Batch: 8530/9482, Loss: 231.443, Trans_L2_m: 1.124, Yaw_err_deg: 3.989
Epoch: [3/4], Batch: 8540/9482, Loss: 350.914, Trans_L2_m: 0.533, Yaw_err_deg: 4.693
Epoch: [3/4], Batch: 8550/9482, Loss: 279.501, Trans_L2_m: 0.378, Yaw_err_deg: 4.966
Epoch: [3/4], Batch: 8560/9482, Loss: 364.782, Trans_L2_m: 0.599, Yaw_err_deg: 5.412
Epoch: [3/4], Batch: 8570/9482, Loss: 320.436, Trans_L2_m: 0.966, Yaw_err_deg: 5.111
Epoch: [3/4], Batch: 8580/9482, Loss: 85.621, Trans_L2_m: 0.578, Yaw_err_deg: 1.886
Epoch: [3/4], Batch: 8590/9482, Loss: 174.815, Trans_L2_m: 0.687, Yaw_err_deg: 3.956
Epoch: [3/4], Batch: 8600/9482, Loss: 252.149, Trans_L2_m: 0.644, Yaw_err_deg: 3.945
Epoch: [3/4], Batch: 8610/9482, Loss: 427.491, Trans_L2_m: 0.714, Yaw_err_deg: 6.110
Epoch: [3/4], Batch: 8620/9482, Loss: 206.055, Trans_L2_m: 0.732, Yaw_err_deg: 4.076
Epoch: [3/4], Batch: 8630/9482, Loss: 340.026, Trans_L2_m: 0.544, Yaw_err_deg: 4.720
Epoch: [3/4], Batch: 8640/9482, Loss: 92.955, Trans_L2_m: 0.502, Yaw_err_deg: 1.738
Epoch: [3/4], Batch: 8650/9482, Loss: 322.129, Trans_L2_m: 0.645, Yaw_err_deg: 4.993
Epoch: [3/4], Batch: 8660/9482, Loss: 200.771, Trans_L2_m: 0.481, Yaw_err_deg: 3.791
Epoch: [3/4], Batch: 8670/9482, Loss: 131.243, Trans_L2_m: 0.710, Yaw_err_deg: 2.140
Epoch: [3/4], Batch: 8680/9482, Loss: 878.456, Trans_L2_m: 0.983, Yaw_err_deg: 9.535
Epoch: [3/4], Batch: 8690/9482, Loss: 233.003, Trans_L2_m: 0.869, Yaw_err_deg: 3.965
Epoch: [3/4], Batch: 8700/9482, Loss: 136.493, Trans_L2_m: 0.540, Yaw_err_deg: 3.440
Epoch: [3/4], Batch: 8710/9482, Loss: 150.686, Trans_L2_m: 1.008, Yaw_err_deg: 2.642
Epoch: [3/4], Batch: 8720/9482, Loss: 139.374, Trans_L2_m: 0.610, Yaw_err_deg: 2.878
Epoch: [3/4], Batch: 8730/9482, Loss: 201.541, Trans_L2_m: 0.649, Yaw_err_deg: 2.995
Epoch: [3/4], Batch: 8740/9482, Loss: 294.620, Trans_L2_m: 0.972, Yaw_err_deg: 4.414
Epoch: [3/4], Batch: 8750/9482, Loss: 156.398, Trans_L2_m: 0.495, Yaw_err_deg: 2.929
Epoch: [3/4], Batch: 8760/9482, Loss: 342.335, Trans_L2_m: 0.545, Yaw_err_deg: 5.335
Epoch: [3/4], Batch: 8770/9482, Loss: 141.902, Trans_L2_m: 0.986, Yaw_err_deg: 1.801
Epoch: [3/4], Batch: 8780/9482, Loss: 154.264, Trans_L2_m: 0.782, Yaw_err_deg: 2.769
Epoch: [3/4], Batch: 8790/9482, Loss: 356.107, Trans_L2_m: 0.745, Yaw_err_deg: 6.438
Epoch: [3/4], Batch: 8800/9482, Loss: 157.173, Trans_L2_m: 0.759, Yaw_err_deg: 3.106
Epoch: [3/4], Batch: 8810/9482, Loss: 126.938, Trans_L2_m: 0.577, Yaw_err_deg: 2.126
Epoch: [3/4], Batch: 8820/9482, Loss: 550.630, Trans_L2_m: 0.743, Yaw_err_deg: 7.742
Epoch: [3/4], Batch: 8830/9482, Loss: 318.998, Trans_L2_m: 0.711, Yaw_err_deg: 5.286
Epoch: [3/4], Batch: 8840/9482, Loss: 457.563, Trans_L2_m: 0.790, Yaw_err_deg: 5.519
Epoch: [3/4], Batch: 8850/9482, Loss: 171.927, Trans_L2_m: 0.783, Yaw_err_deg: 3.109
Epoch: [3/4], Batch: 8860/9482, Loss: 206.050, Trans_L2_m: 0.438, Yaw_err_deg: 3.247
Epoch: [3/4], Batch: 8870/9482, Loss: 212.146, Trans_L2_m: 0.587, Yaw_err_deg: 3.821
Epoch: [3/4], Batch: 8880/9482, Loss: 330.887, Trans_L2_m: 0.909, Yaw_err_deg: 4.519
Epoch: [3/4], Batch: 8890/9482, Loss: 944.533, Trans_L2_m: 0.714, Yaw_err_deg: 9.401
Epoch: [3/4], Batch: 8900/9482, Loss: 146.692, Trans_L2_m: 0.560, Yaw_err_deg: 2.993
Epoch: [3/4], Batch: 8910/9482, Loss: 144.904, Trans_L2_m: 0.687, Yaw_err_deg: 3.228
Epoch: [3/4], Batch: 8920/9482, Loss: 609.312, Trans_L2_m: 0.454, Yaw_err_deg: 7.610
Epoch: [3/4], Batch: 8930/9482, Loss: 205.724, Trans_L2_m: 0.504, Yaw_err_deg: 3.612
Epoch: [3/4], Batch: 8940/9482, Loss: 187.922, Trans_L2_m: 0.515, Yaw_err_deg: 3.185
Epoch: [3/4], Batch: 8950/9482, Loss: 673.841, Trans_L2_m: 0.364, Yaw_err_deg: 6.614
Epoch: [3/4], Batch: 8960/9482, Loss: 187.379, Trans_L2_m: 0.873, Yaw_err_deg: 3.593
Epoch: [3/4], Batch: 8970/9482, Loss: 273.164, Trans_L2_m: 0.720, Yaw_err_deg: 5.445
Epoch: [3/4], Batch: 8980/9482, Loss: 257.033, Trans_L2_m: 0.988, Yaw_err_deg: 3.752
Epoch: [3/4], Batch: 8990/9482, Loss: 220.854, Trans_L2_m: 0.600, Yaw_err_deg: 3.019
Epoch: [3/4], Batch: 9000/9482, Loss: 1144.606, Trans_L2_m: 0.942, Yaw_err_deg: 10.072
Epoch: [3/4], Batch: 9010/9482, Loss: 115.662, Trans_L2_m: 0.561, Yaw_err_deg: 2.385
Epoch: [3/4], Batch: 9020/9482, Loss: 196.438, Trans_L2_m: 0.695, Yaw_err_deg: 4.083
Epoch: [3/4], Batch: 9030/9482, Loss: 349.627, Trans_L2_m: 0.731, Yaw_err_deg: 6.539
Epoch: [3/4], Batch: 9040/9482, Loss: 567.174, Trans_L2_m: 0.394, Yaw_err_deg: 6.112
Epoch: [3/4], Batch: 9050/9482, Loss: 242.867, Trans_L2_m: 0.205, Yaw_err_deg: 4.791
Epoch: [3/4], Batch: 9060/9482, Loss: 199.321, Trans_L2_m: 0.914, Yaw_err_deg: 2.785
Epoch: [3/4], Batch: 9070/9482, Loss: 244.608, Trans_L2_m: 0.428, Yaw_err_deg: 4.447
Epoch: [3/4], Batch: 9080/9482, Loss: 232.796, Trans_L2_m: 0.850, Yaw_err_deg: 3.880
Epoch: [3/4], Batch: 9090/9482, Loss: 126.911, Trans_L2_m: 0.726, Yaw_err_deg: 1.854
Epoch: [3/4], Batch: 9100/9482, Loss: 297.781, Trans_L2_m: 0.704, Yaw_err_deg: 4.375
Epoch: [3/4], Batch: 9110/9482, Loss: 201.638, Trans_L2_m: 0.735, Yaw_err_deg: 3.533
Epoch: [3/4], Batch: 9120/9482, Loss: 376.347, Trans_L2_m: 0.464, Yaw_err_deg: 5.081
Epoch: [3/4], Batch: 9130/9482, Loss: 86.037, Trans_L2_m: 0.670, Yaw_err_deg: 1.351
Epoch: [3/4], Batch: 9140/9482, Loss: 243.513, Trans_L2_m: 0.603, Yaw_err_deg: 4.165
Epoch: [3/4], Batch: 9150/9482, Loss: 148.510, Trans_L2_m: 0.895, Yaw_err_deg: 2.693
Epoch: [3/4], Batch: 9160/9482, Loss: 343.241, Trans_L2_m: 0.963, Yaw_err_deg: 4.512
Epoch: [3/4], Batch: 9170/9482, Loss: 416.777, Trans_L2_m: 1.279, Yaw_err_deg: 6.088
Epoch: [3/4], Batch: 9180/9482, Loss: 293.033, Trans_L2_m: 0.718, Yaw_err_deg: 4.914
Epoch: [3/4], Batch: 9190/9482, Loss: 111.770, Trans_L2_m: 0.517, Yaw_err_deg: 1.732
Epoch: [3/4], Batch: 9200/9482, Loss: 118.751, Trans_L2_m: 0.863, Yaw_err_deg: 1.407
Epoch: [3/4], Batch: 9210/9482, Loss: 113.006, Trans_L2_m: 0.530, Yaw_err_deg: 2.740
Epoch: [3/4], Batch: 9220/9482, Loss: 134.971, Trans_L2_m: 0.631, Yaw_err_deg: 2.508
Epoch: [3/4], Batch: 9230/9482, Loss: 203.231, Trans_L2_m: 0.500, Yaw_err_deg: 3.860
Epoch: [3/4], Batch: 9240/9482, Loss: 310.060, Trans_L2_m: 1.002, Yaw_err_deg: 4.519
Epoch: [3/4], Batch: 9250/9482, Loss: 115.195, Trans_L2_m: 0.247, Yaw_err_deg: 2.421
Epoch: [3/4], Batch: 9260/9482, Loss: 261.848, Trans_L2_m: 0.708, Yaw_err_deg: 4.258
Epoch: [3/4], Batch: 9270/9482, Loss: 253.324, Trans_L2_m: 0.597, Yaw_err_deg: 3.782
Epoch: [3/4], Batch: 9280/9482, Loss: 1074.597, Trans_L2_m: 0.472, Yaw_err_deg: 9.201
Epoch: [3/4], Batch: 9290/9482, Loss: 248.187, Trans_L2_m: 0.691, Yaw_err_deg: 4.851
Epoch: [3/4], Batch: 9300/9482, Loss: 275.574, Trans_L2_m: 0.740, Yaw_err_deg: 4.360
Epoch: [3/4], Batch: 9310/9482, Loss: 429.048, Trans_L2_m: 0.662, Yaw_err_deg: 5.698
Epoch: [3/4], Batch: 9320/9482, Loss: 146.744, Trans_L2_m: 0.470, Yaw_err_deg: 3.418
Epoch: [3/4], Batch: 9330/9482, Loss: 155.554, Trans_L2_m: 0.609, Yaw_err_deg: 2.978
Epoch: [3/4], Batch: 9340/9482, Loss: 154.899, Trans_L2_m: 0.774, Yaw_err_deg: 2.311
Epoch: [3/4], Batch: 9350/9482, Loss: 174.855, Trans_L2_m: 1.004, Yaw_err_deg: 2.392
Epoch: [3/4], Batch: 9360/9482, Loss: 371.056, Trans_L2_m: 1.189, Yaw_err_deg: 3.881
Epoch: [3/4], Batch: 9370/9482, Loss: 478.337, Trans_L2_m: 0.750, Yaw_err_deg: 5.748
Epoch: [3/4], Batch: 9380/9482, Loss: 92.728, Trans_L2_m: 0.704, Yaw_err_deg: 1.548
Epoch: [3/4], Batch: 9390/9482, Loss: 174.336, Trans_L2_m: 0.671, Yaw_err_deg: 3.890
Epoch: [3/4], Batch: 9400/9482, Loss: 96.996, Trans_L2_m: 0.498, Yaw_err_deg: 2.003
Epoch: [3/4], Batch: 9410/9482, Loss: 111.603, Trans_L2_m: 0.515, Yaw_err_deg: 2.357
Epoch: [3/4], Batch: 9420/9482, Loss: 258.730, Trans_L2_m: 0.493, Yaw_err_deg: 4.869
Epoch: [3/4], Batch: 9430/9482, Loss: 119.319, Trans_L2_m: 0.760, Yaw_err_deg: 2.357
Epoch: [3/4], Batch: 9440/9482, Loss: 161.428, Trans_L2_m: 0.745, Yaw_err_deg: 2.778
Epoch: [3/4], Batch: 9450/9482, Loss: 231.636, Trans_L2_m: 0.916, Yaw_err_deg: 4.277
Epoch: [3/4], Batch: 9460/9482, Loss: 346.493, Trans_L2_m: 0.491, Yaw_err_deg: 5.270
Epoch: [3/4], Batch: 9470/9482, Loss: 143.060, Trans_L2_m: 0.923, Yaw_err_deg: 2.992
Epoch: [3/4], Batch: 9480/9482, Loss: 174.885, Trans_L2_m: 0.413, Yaw_err_deg: 3.727
Validation loss (homography): 856.8870
Avg batch time: 886.99 ms, total: 287.716 s
[1;94mSave the best of 856.886962890625, at checkpoints/2025_12_20_best_checkpoint_zod_0.pth[0m
Epoch: [4/4], Batch: 0/9482, Loss: 235.831, Trans_L2_m: 0.665, Yaw_err_deg: 3.565
Epoch: [4/4], Batch: 10/9482, Loss: 194.376, Trans_L2_m: 0.393, Yaw_err_deg: 4.220
Epoch: [4/4], Batch: 20/9482, Loss: 557.379, Trans_L2_m: 0.990, Yaw_err_deg: 7.225
Epoch: [4/4], Batch: 30/9482, Loss: 112.016, Trans_L2_m: 0.586, Yaw_err_deg: 2.756
Epoch: [4/4], Batch: 40/9482, Loss: 288.229, Trans_L2_m: 0.800, Yaw_err_deg: 4.564
Epoch: [4/4], Batch: 50/9482, Loss: 179.361, Trans_L2_m: 0.793, Yaw_err_deg: 2.807
Epoch: [4/4], Batch: 60/9482, Loss: 209.989, Trans_L2_m: 0.568, Yaw_err_deg: 3.736
Epoch: [4/4], Batch: 70/9482, Loss: 157.030, Trans_L2_m: 0.543, Yaw_err_deg: 2.724
Epoch: [4/4], Batch: 80/9482, Loss: 226.830, Trans_L2_m: 0.811, Yaw_err_deg: 4.492
Epoch: [4/4], Batch: 90/9482, Loss: 109.049, Trans_L2_m: 0.487, Yaw_err_deg: 2.774
Epoch: [4/4], Batch: 100/9482, Loss: 236.286, Trans_L2_m: 0.754, Yaw_err_deg: 2.961
Epoch: [4/4], Batch: 110/9482, Loss: 256.715, Trans_L2_m: 0.602, Yaw_err_deg: 4.584
Epoch: [4/4], Batch: 120/9482, Loss: 500.628, Trans_L2_m: 0.933, Yaw_err_deg: 5.725
Epoch: [4/4], Batch: 130/9482, Loss: 83.043, Trans_L2_m: 0.448, Yaw_err_deg: 1.963
Epoch: [4/4], Batch: 140/9482, Loss: 76.592, Trans_L2_m: 0.446, Yaw_err_deg: 1.085
Epoch: [4/4], Batch: 150/9482, Loss: 315.363, Trans_L2_m: 0.818, Yaw_err_deg: 5.470
Epoch: [4/4], Batch: 160/9482, Loss: 221.543, Trans_L2_m: 0.844, Yaw_err_deg: 3.601
Epoch: [4/4], Batch: 170/9482, Loss: 1027.254, Trans_L2_m: 0.459, Yaw_err_deg: 10.770
Epoch: [4/4], Batch: 180/9482, Loss: 610.201, Trans_L2_m: 0.619, Yaw_err_deg: 6.921
Epoch: [4/4], Batch: 190/9482, Loss: 233.506, Trans_L2_m: 0.658, Yaw_err_deg: 4.024
Epoch: [4/4], Batch: 200/9482, Loss: 480.840, Trans_L2_m: 0.448, Yaw_err_deg: 6.821
Epoch: [4/4], Batch: 210/9482, Loss: 168.800, Trans_L2_m: 0.612, Yaw_err_deg: 3.591
Epoch: [4/4], Batch: 220/9482, Loss: 322.744, Trans_L2_m: 0.634, Yaw_err_deg: 6.145
Epoch: [4/4], Batch: 230/9482, Loss: 161.648, Trans_L2_m: 0.440, Yaw_err_deg: 3.483
Epoch: [4/4], Batch: 240/9482, Loss: 1736.917, Trans_L2_m: 0.979, Yaw_err_deg: 9.377
Epoch: [4/4], Batch: 250/9482, Loss: 237.977, Trans_L2_m: 0.597, Yaw_err_deg: 4.268
Epoch: [4/4], Batch: 260/9482, Loss: 124.479, Trans_L2_m: 0.820, Yaw_err_deg: 2.392
Epoch: [4/4], Batch: 270/9482, Loss: 185.779, Trans_L2_m: 0.856, Yaw_err_deg: 3.143
Epoch: [4/4], Batch: 280/9482, Loss: 105.596, Trans_L2_m: 0.635, Yaw_err_deg: 2.113
Epoch: [4/4], Batch: 290/9482, Loss: 628.169, Trans_L2_m: 0.838, Yaw_err_deg: 7.073
Epoch: [4/4], Batch: 300/9482, Loss: 330.969, Trans_L2_m: 0.505, Yaw_err_deg: 5.370
Epoch: [4/4], Batch: 310/9482, Loss: 453.899, Trans_L2_m: 0.401, Yaw_err_deg: 6.089
Epoch: [4/4], Batch: 320/9482, Loss: 26648.336, Trans_L2_m: 0.591, Yaw_err_deg: 3.141
Epoch: [4/4], Batch: 330/9482, Loss: 155.854, Trans_L2_m: 0.704, Yaw_err_deg: 2.826
Epoch: [4/4], Batch: 340/9482, Loss: 394.372, Trans_L2_m: 0.668, Yaw_err_deg: 5.830
Epoch: [4/4], Batch: 350/9482, Loss: 123.089, Trans_L2_m: 0.478, Yaw_err_deg: 3.382
Epoch: [4/4], Batch: 360/9482, Loss: 230.427, Trans_L2_m: 0.391, Yaw_err_deg: 3.643
Epoch: [4/4], Batch: 370/9482, Loss: 377.635, Trans_L2_m: 0.558, Yaw_err_deg: 3.983
Epoch: [4/4], Batch: 380/9482, Loss: 356.649, Trans_L2_m: 0.616, Yaw_err_deg: 5.110
Epoch: [4/4], Batch: 390/9482, Loss: 252.980, Trans_L2_m: 0.578, Yaw_err_deg: 3.718
Epoch: [4/4], Batch: 400/9482, Loss: 236.437, Trans_L2_m: 0.382, Yaw_err_deg: 4.353
Epoch: [4/4], Batch: 410/9482, Loss: 179.024, Trans_L2_m: 0.592, Yaw_err_deg: 2.794
Epoch: [4/4], Batch: 420/9482, Loss: 284.273, Trans_L2_m: 0.624, Yaw_err_deg: 4.356
Epoch: [4/4], Batch: 430/9482, Loss: 185.890, Trans_L2_m: 0.878, Yaw_err_deg: 2.693
Epoch: [4/4], Batch: 440/9482, Loss: 181.127, Trans_L2_m: 0.371, Yaw_err_deg: 3.306
Epoch: [4/4], Batch: 450/9482, Loss: 87.514, Trans_L2_m: 0.516, Yaw_err_deg: 1.909
Epoch: [4/4], Batch: 460/9482, Loss: 129.484, Trans_L2_m: 0.707, Yaw_err_deg: 2.102
Epoch: [4/4], Batch: 470/9482, Loss: 290.931, Trans_L2_m: 0.382, Yaw_err_deg: 4.118
Epoch: [4/4], Batch: 480/9482, Loss: 333.285, Trans_L2_m: 0.492, Yaw_err_deg: 4.815
Epoch: [4/4], Batch: 490/9482, Loss: 125.945, Trans_L2_m: 0.398, Yaw_err_deg: 2.308
Epoch: [4/4], Batch: 500/9482, Loss: 156.126, Trans_L2_m: 0.628, Yaw_err_deg: 3.181
Epoch: [4/4], Batch: 510/9482, Loss: 120.106, Trans_L2_m: 0.979, Yaw_err_deg: 2.488
Epoch: [4/4], Batch: 520/9482, Loss: 783.767, Trans_L2_m: 0.638, Yaw_err_deg: 8.501
Epoch: [4/4], Batch: 530/9482, Loss: 208.763, Trans_L2_m: 0.877, Yaw_err_deg: 3.801
Epoch: [4/4], Batch: 540/9482, Loss: 102.348, Trans_L2_m: 0.297, Yaw_err_deg: 2.291
Epoch: [4/4], Batch: 550/9482, Loss: 179.556, Trans_L2_m: 0.387, Yaw_err_deg: 3.690
Epoch: [4/4], Batch: 560/9482, Loss: 246.080, Trans_L2_m: 0.528, Yaw_err_deg: 5.785
Epoch: [4/4], Batch: 570/9482, Loss: 166.569, Trans_L2_m: 0.823, Yaw_err_deg: 3.336
Epoch: [4/4], Batch: 580/9482, Loss: 129.297, Trans_L2_m: 0.521, Yaw_err_deg: 2.642
Epoch: [4/4], Batch: 590/9482, Loss: 145.926, Trans_L2_m: 0.658, Yaw_err_deg: 3.130
Epoch: [4/4], Batch: 600/9482, Loss: 84.962, Trans_L2_m: 0.346, Yaw_err_deg: 2.146
Epoch: [4/4], Batch: 610/9482, Loss: 220.824, Trans_L2_m: 0.623, Yaw_err_deg: 3.241
Epoch: [4/4], Batch: 620/9482, Loss: 176.422, Trans_L2_m: 0.602, Yaw_err_deg: 3.271
Epoch: [4/4], Batch: 630/9482, Loss: 1489.010, Trans_L2_m: 0.472, Yaw_err_deg: 11.286
Epoch: [4/4], Batch: 640/9482, Loss: 104.148, Trans_L2_m: 0.672, Yaw_err_deg: 1.885
Epoch: [4/4], Batch: 650/9482, Loss: 193.088, Trans_L2_m: 0.480, Yaw_err_deg: 4.072
Epoch: [4/4], Batch: 660/9482, Loss: 116.849, Trans_L2_m: 0.859, Yaw_err_deg: 1.925
Epoch: [4/4], Batch: 670/9482, Loss: 322.810, Trans_L2_m: 0.359, Yaw_err_deg: 4.858
Epoch: [4/4], Batch: 680/9482, Loss: 300.343, Trans_L2_m: 0.390, Yaw_err_deg: 5.394
Epoch: [4/4], Batch: 690/9482, Loss: 122.484, Trans_L2_m: 0.791, Yaw_err_deg: 1.112
Epoch: [4/4], Batch: 700/9482, Loss: 271.001, Trans_L2_m: 0.446, Yaw_err_deg: 5.171
Epoch: [4/4], Batch: 710/9482, Loss: 490.388, Trans_L2_m: 0.691, Yaw_err_deg: 4.789
Epoch: [4/4], Batch: 720/9482, Loss: 98.053, Trans_L2_m: 0.632, Yaw_err_deg: 2.509
Epoch: [4/4], Batch: 730/9482, Loss: 104.846, Trans_L2_m: 0.557, Yaw_err_deg: 1.470
Epoch: [4/4], Batch: 740/9482, Loss: 118.375, Trans_L2_m: 0.522, Yaw_err_deg: 2.540
Epoch: [4/4], Batch: 750/9482, Loss: 133.314, Trans_L2_m: 0.624, Yaw_err_deg: 2.867
Epoch: [4/4], Batch: 760/9482, Loss: 289.736, Trans_L2_m: 0.552, Yaw_err_deg: 4.915
Epoch: [4/4], Batch: 770/9482, Loss: 339.717, Trans_L2_m: 0.730, Yaw_err_deg: 6.511
Epoch: [4/4], Batch: 780/9482, Loss: 556.424, Trans_L2_m: 0.369, Yaw_err_deg: 6.295
Epoch: [4/4], Batch: 790/9482, Loss: 118.062, Trans_L2_m: 0.442, Yaw_err_deg: 2.907
Epoch: [4/4], Batch: 800/9482, Loss: 302.337, Trans_L2_m: 0.655, Yaw_err_deg: 5.676
Epoch: [4/4], Batch: 810/9482, Loss: 191.012, Trans_L2_m: 0.278, Yaw_err_deg: 3.806
Epoch: [4/4], Batch: 820/9482, Loss: 179.593, Trans_L2_m: 0.835, Yaw_err_deg: 3.593
Epoch: [4/4], Batch: 830/9482, Loss: 166.926, Trans_L2_m: 0.506, Yaw_err_deg: 4.247
Epoch: [4/4], Batch: 840/9482, Loss: 424.475, Trans_L2_m: 0.313, Yaw_err_deg: 6.941
Epoch: [4/4], Batch: 850/9482, Loss: 437.712, Trans_L2_m: 0.597, Yaw_err_deg: 5.872
Epoch: [4/4], Batch: 860/9482, Loss: 172.235, Trans_L2_m: 0.467, Yaw_err_deg: 3.878
Epoch: [4/4], Batch: 870/9482, Loss: 210.180, Trans_L2_m: 0.545, Yaw_err_deg: 4.125
Epoch: [4/4], Batch: 880/9482, Loss: 153.669, Trans_L2_m: 1.183, Yaw_err_deg: 2.020
Epoch: [4/4], Batch: 890/9482, Loss: 143.334, Trans_L2_m: 0.459, Yaw_err_deg: 3.107
Epoch: [4/4], Batch: 900/9482, Loss: 115.603, Trans_L2_m: 0.364, Yaw_err_deg: 2.698
Epoch: [4/4], Batch: 910/9482, Loss: 333.705, Trans_L2_m: 0.819, Yaw_err_deg: 5.819
Epoch: [4/4], Batch: 920/9482, Loss: 165.450, Trans_L2_m: 0.309, Yaw_err_deg: 2.936
Epoch: [4/4], Batch: 930/9482, Loss: 245.839, Trans_L2_m: 0.307, Yaw_err_deg: 4.166
Epoch: [4/4], Batch: 940/9482, Loss: 158.132, Trans_L2_m: 0.693, Yaw_err_deg: 2.647
Epoch: [4/4], Batch: 950/9482, Loss: 166.354, Trans_L2_m: 0.340, Yaw_err_deg: 2.884
Epoch: [4/4], Batch: 960/9482, Loss: 123.439, Trans_L2_m: 1.111, Yaw_err_deg: 2.012
Epoch: [4/4], Batch: 970/9482, Loss: 497.553, Trans_L2_m: 0.740, Yaw_err_deg: 6.533
Epoch: [4/4], Batch: 980/9482, Loss: 741.069, Trans_L2_m: 0.878, Yaw_err_deg: 6.795
Epoch: [4/4], Batch: 990/9482, Loss: 186.573, Trans_L2_m: 0.977, Yaw_err_deg: 3.654
Epoch: [4/4], Batch: 1000/9482, Loss: 941.201, Trans_L2_m: 0.644, Yaw_err_deg: 7.809
Epoch: [4/4], Batch: 1010/9482, Loss: 305.751, Trans_L2_m: 0.826, Yaw_err_deg: 4.256
Epoch: [4/4], Batch: 1020/9482, Loss: 267.302, Trans_L2_m: 0.624, Yaw_err_deg: 5.785
Epoch: [4/4], Batch: 1030/9482, Loss: 128.392, Trans_L2_m: 0.532, Yaw_err_deg: 2.852
Epoch: [4/4], Batch: 1040/9482, Loss: 162.365, Trans_L2_m: 0.755, Yaw_err_deg: 3.920
Epoch: [4/4], Batch: 1050/9482, Loss: 153.128, Trans_L2_m: 0.917, Yaw_err_deg: 2.960
Epoch: [4/4], Batch: 1060/9482, Loss: 175.479, Trans_L2_m: 0.739, Yaw_err_deg: 3.362
Epoch: [4/4], Batch: 1070/9482, Loss: 226.300, Trans_L2_m: 1.011, Yaw_err_deg: 4.374
Epoch: [4/4], Batch: 1080/9482, Loss: 333.995, Trans_L2_m: 0.536, Yaw_err_deg: 4.201
Epoch: [4/4], Batch: 1090/9482, Loss: 238.972, Trans_L2_m: 0.695, Yaw_err_deg: 4.871
Epoch: [4/4], Batch: 1100/9482, Loss: 380.633, Trans_L2_m: 0.736, Yaw_err_deg: 6.316
Epoch: [4/4], Batch: 1110/9482, Loss: 550.503, Trans_L2_m: 0.569, Yaw_err_deg: 6.943
Epoch: [4/4], Batch: 1120/9482, Loss: 172.695, Trans_L2_m: 0.616, Yaw_err_deg: 3.536
Epoch: [4/4], Batch: 1130/9482, Loss: 817.528, Trans_L2_m: 0.368, Yaw_err_deg: 7.394
Epoch: [4/4], Batch: 1140/9482, Loss: 209.063, Trans_L2_m: 0.538, Yaw_err_deg: 3.992
Epoch: [4/4], Batch: 1150/9482, Loss: 137.769, Trans_L2_m: 1.115, Yaw_err_deg: 2.014
Epoch: [4/4], Batch: 1160/9482, Loss: 211.588, Trans_L2_m: 0.421, Yaw_err_deg: 2.902
Epoch: [4/4], Batch: 1170/9482, Loss: 200.464, Trans_L2_m: 0.898, Yaw_err_deg: 3.173
Epoch: [4/4], Batch: 1180/9482, Loss: 147.339, Trans_L2_m: 0.692, Yaw_err_deg: 2.803
Epoch: [4/4], Batch: 1190/9482, Loss: 139.105, Trans_L2_m: 0.427, Yaw_err_deg: 3.037
Epoch: [4/4], Batch: 1200/9482, Loss: 280.272, Trans_L2_m: 1.108, Yaw_err_deg: 4.535
Epoch: [4/4], Batch: 1210/9482, Loss: 793.946, Trans_L2_m: 0.672, Yaw_err_deg: 6.535
Epoch: [4/4], Batch: 1220/9482, Loss: 165.249, Trans_L2_m: 0.642, Yaw_err_deg: 3.545
Epoch: [4/4], Batch: 1230/9482, Loss: 210.807, Trans_L2_m: 0.650, Yaw_err_deg: 3.649
Epoch: [4/4], Batch: 1240/9482, Loss: 118.519, Trans_L2_m: 0.515, Yaw_err_deg: 2.112
Epoch: [4/4], Batch: 1250/9482, Loss: 85.692, Trans_L2_m: 0.622, Yaw_err_deg: 1.449
Epoch: [4/4], Batch: 1260/9482, Loss: 275.647, Trans_L2_m: 0.726, Yaw_err_deg: 5.173
Epoch: [4/4], Batch: 1270/9482, Loss: 213.176, Trans_L2_m: 0.869, Yaw_err_deg: 4.008
Epoch: [4/4], Batch: 1280/9482, Loss: 150.077, Trans_L2_m: 0.710, Yaw_err_deg: 3.287
Epoch: [4/4], Batch: 1290/9482, Loss: 90.826, Trans_L2_m: 0.637, Yaw_err_deg: 1.719
Epoch: [4/4], Batch: 1300/9482, Loss: 199.239, Trans_L2_m: 1.055, Yaw_err_deg: 4.272
Epoch: [4/4], Batch: 1310/9482, Loss: 295.583, Trans_L2_m: 0.581, Yaw_err_deg: 3.914
Epoch: [4/4], Batch: 1320/9482, Loss: 195.657, Trans_L2_m: 0.658, Yaw_err_deg: 3.939
Epoch: [4/4], Batch: 1330/9482, Loss: 211.510, Trans_L2_m: 0.462, Yaw_err_deg: 4.416
Epoch: [4/4], Batch: 1340/9482, Loss: 277.403, Trans_L2_m: 0.477, Yaw_err_deg: 4.991
Epoch: [4/4], Batch: 1350/9482, Loss: 410.076, Trans_L2_m: 0.724, Yaw_err_deg: 6.064
Epoch: [4/4], Batch: 1360/9482, Loss: 216.410, Trans_L2_m: 0.574, Yaw_err_deg: 3.897
Epoch: [4/4], Batch: 1370/9482, Loss: 311.446, Trans_L2_m: 0.647, Yaw_err_deg: 5.436
Epoch: [4/4], Batch: 1380/9482, Loss: 439.910, Trans_L2_m: 0.377, Yaw_err_deg: 6.029
Epoch: [4/4], Batch: 1390/9482, Loss: 148.642, Trans_L2_m: 0.748, Yaw_err_deg: 3.136
Epoch: [4/4], Batch: 1400/9482, Loss: 883.715, Trans_L2_m: 0.807, Yaw_err_deg: 10.816
Epoch: [4/4], Batch: 1410/9482, Loss: 516.476, Trans_L2_m: 0.682, Yaw_err_deg: 7.351
Epoch: [4/4], Batch: 1420/9482, Loss: 185.883, Trans_L2_m: 0.722, Yaw_err_deg: 3.224
Epoch: [4/4], Batch: 1430/9482, Loss: 355.766, Trans_L2_m: 0.596, Yaw_err_deg: 4.813
Epoch: [4/4], Batch: 1440/9482, Loss: 167.026, Trans_L2_m: 0.753, Yaw_err_deg: 3.805
Epoch: [4/4], Batch: 1450/9482, Loss: 206.784, Trans_L2_m: 0.674, Yaw_err_deg: 3.783
Epoch: [4/4], Batch: 1460/9482, Loss: 369.274, Trans_L2_m: 0.459, Yaw_err_deg: 6.220
Epoch: [4/4], Batch: 1470/9482, Loss: 133.340, Trans_L2_m: 0.961, Yaw_err_deg: 1.729
Epoch: [4/4], Batch: 1480/9482, Loss: 1013.180, Trans_L2_m: 0.344, Yaw_err_deg: 10.154
Epoch: [4/4], Batch: 1490/9482, Loss: 378.495, Trans_L2_m: 0.546, Yaw_err_deg: 5.907
Epoch: [4/4], Batch: 1500/9482, Loss: 152.475, Trans_L2_m: 0.810, Yaw_err_deg: 3.525
Epoch: [4/4], Batch: 1510/9482, Loss: 86.948, Trans_L2_m: 0.745, Yaw_err_deg: 0.952
Epoch: [4/4], Batch: 1520/9482, Loss: 307.020, Trans_L2_m: 0.512, Yaw_err_deg: 6.231
Epoch: [4/4], Batch: 1530/9482, Loss: 167.046, Trans_L2_m: 0.829, Yaw_err_deg: 3.452
Epoch: [4/4], Batch: 1540/9482, Loss: 114.510, Trans_L2_m: 0.703, Yaw_err_deg: 2.406
Epoch: [4/4], Batch: 1550/9482, Loss: 136.764, Trans_L2_m: 0.739, Yaw_err_deg: 2.795
Epoch: [4/4], Batch: 1560/9482, Loss: 273.142, Trans_L2_m: 0.951, Yaw_err_deg: 4.787
Epoch: [4/4], Batch: 1570/9482, Loss: 362.068, Trans_L2_m: 0.878, Yaw_err_deg: 4.881
Epoch: [4/4], Batch: 1580/9482, Loss: 438.754, Trans_L2_m: 0.434, Yaw_err_deg: 6.930
Epoch: [4/4], Batch: 1590/9482, Loss: 184.927, Trans_L2_m: 0.501, Yaw_err_deg: 4.010
Epoch: [4/4], Batch: 1600/9482, Loss: 104.614, Trans_L2_m: 0.810, Yaw_err_deg: 2.234
Epoch: [4/4], Batch: 1610/9482, Loss: 152.114, Trans_L2_m: 0.626, Yaw_err_deg: 3.424
Epoch: [4/4], Batch: 1620/9482, Loss: 507.909, Trans_L2_m: 0.662, Yaw_err_deg: 7.765
Epoch: [4/4], Batch: 1630/9482, Loss: 86.560, Trans_L2_m: 0.647, Yaw_err_deg: 1.528
Epoch: [4/4], Batch: 1640/9482, Loss: 337.723, Trans_L2_m: 0.771, Yaw_err_deg: 5.682
Epoch: [4/4], Batch: 1650/9482, Loss: 174.602, Trans_L2_m: 0.798, Yaw_err_deg: 3.381
Epoch: [4/4], Batch: 1660/9482, Loss: 174.738, Trans_L2_m: 0.773, Yaw_err_deg: 3.022
Epoch: [4/4], Batch: 1670/9482, Loss: 306.515, Trans_L2_m: 1.045, Yaw_err_deg: 5.525
Epoch: [4/4], Batch: 1680/9482, Loss: 529.228, Trans_L2_m: 0.440, Yaw_err_deg: 5.603
Epoch: [4/4], Batch: 1690/9482, Loss: 318.128, Trans_L2_m: 0.755, Yaw_err_deg: 3.687
Epoch: [4/4], Batch: 1700/9482, Loss: 124.666, Trans_L2_m: 0.713, Yaw_err_deg: 2.875
Epoch: [4/4], Batch: 1710/9482, Loss: 145.228, Trans_L2_m: 0.807, Yaw_err_deg: 2.673
Epoch: [4/4], Batch: 1720/9482, Loss: 59.931, Trans_L2_m: 0.556, Yaw_err_deg: 0.789
Epoch: [4/4], Batch: 1730/9482, Loss: 623.169, Trans_L2_m: 0.377, Yaw_err_deg: 6.575
Epoch: [4/4], Batch: 1740/9482, Loss: 302.965, Trans_L2_m: 0.709, Yaw_err_deg: 5.564
Epoch: [4/4], Batch: 1750/9482, Loss: 292.907, Trans_L2_m: 0.471, Yaw_err_deg: 4.754
Epoch: [4/4], Batch: 1760/9482, Loss: 441.522, Trans_L2_m: 0.630, Yaw_err_deg: 4.684
Epoch: [4/4], Batch: 1770/9482, Loss: 237.725, Trans_L2_m: 0.490, Yaw_err_deg: 4.822
Epoch: [4/4], Batch: 1780/9482, Loss: 153.330, Trans_L2_m: 0.615, Yaw_err_deg: 2.388
Epoch: [4/4], Batch: 1790/9482, Loss: 341.433, Trans_L2_m: 0.612, Yaw_err_deg: 5.402
Epoch: [4/4], Batch: 1800/9482, Loss: 205.972, Trans_L2_m: 0.626, Yaw_err_deg: 4.270
Epoch: [4/4], Batch: 1810/9482, Loss: 209.822, Trans_L2_m: 0.572, Yaw_err_deg: 4.036
Epoch: [4/4], Batch: 1820/9482, Loss: 107.613, Trans_L2_m: 0.576, Yaw_err_deg: 2.493
Epoch: [4/4], Batch: 1830/9482, Loss: 158.057, Trans_L2_m: 0.593, Yaw_err_deg: 3.268
Epoch: [4/4], Batch: 1840/9482, Loss: 1389.559, Trans_L2_m: 0.814, Yaw_err_deg: 8.970
Epoch: [4/4], Batch: 1850/9482, Loss: 188.104, Trans_L2_m: 0.730, Yaw_err_deg: 3.629
Epoch: [4/4], Batch: 1860/9482, Loss: 161.024, Trans_L2_m: 0.727, Yaw_err_deg: 2.076
Epoch: [4/4], Batch: 1870/9482, Loss: 147.741, Trans_L2_m: 0.788, Yaw_err_deg: 2.930
Epoch: [4/4], Batch: 1880/9482, Loss: 267.388, Trans_L2_m: 0.767, Yaw_err_deg: 4.676
Epoch: [4/4], Batch: 1890/9482, Loss: 184.676, Trans_L2_m: 0.699, Yaw_err_deg: 3.527
Epoch: [4/4], Batch: 1900/9482, Loss: 215.055, Trans_L2_m: 1.123, Yaw_err_deg: 3.848
Epoch: [4/4], Batch: 1910/9482, Loss: 205.569, Trans_L2_m: 0.328, Yaw_err_deg: 4.090
Epoch: [4/4], Batch: 1920/9482, Loss: 247.496, Trans_L2_m: 0.365, Yaw_err_deg: 3.812
Epoch: [4/4], Batch: 1930/9482, Loss: 346.794, Trans_L2_m: 0.646, Yaw_err_deg: 6.242
Epoch: [4/4], Batch: 1940/9482, Loss: 284.285, Trans_L2_m: 0.623, Yaw_err_deg: 4.785
Epoch: [4/4], Batch: 1950/9482, Loss: 167.827, Trans_L2_m: 0.681, Yaw_err_deg: 2.805
Epoch: [4/4], Batch: 1960/9482, Loss: 198.429, Trans_L2_m: 0.797, Yaw_err_deg: 3.833
Epoch: [4/4], Batch: 1970/9482, Loss: 249.675, Trans_L2_m: 0.672, Yaw_err_deg: 4.383
Epoch: [4/4], Batch: 1980/9482, Loss: 149.961, Trans_L2_m: 0.714, Yaw_err_deg: 2.428
Epoch: [4/4], Batch: 1990/9482, Loss: 234.686, Trans_L2_m: 0.948, Yaw_err_deg: 2.501
Epoch: [4/4], Batch: 2000/9482, Loss: 281.810, Trans_L2_m: 0.736, Yaw_err_deg: 5.500
Epoch: [4/4], Batch: 2010/9482, Loss: 218.217, Trans_L2_m: 0.650, Yaw_err_deg: 3.523
Epoch: [4/4], Batch: 2020/9482, Loss: 278.596, Trans_L2_m: 0.620, Yaw_err_deg: 5.397
Epoch: [4/4], Batch: 2030/9482, Loss: 376.444, Trans_L2_m: 0.823, Yaw_err_deg: 5.320
Epoch: [4/4], Batch: 2040/9482, Loss: 161.306, Trans_L2_m: 0.992, Yaw_err_deg: 2.908
Epoch: [4/4], Batch: 2050/9482, Loss: 500.418, Trans_L2_m: 0.834, Yaw_err_deg: 4.462
Epoch: [4/4], Batch: 2060/9482, Loss: 378.923, Trans_L2_m: 0.891, Yaw_err_deg: 5.845
Epoch: [4/4], Batch: 2070/9482, Loss: 135.451, Trans_L2_m: 0.746, Yaw_err_deg: 2.296
Epoch: [4/4], Batch: 2080/9482, Loss: 123.538, Trans_L2_m: 0.494, Yaw_err_deg: 2.704
Epoch: [4/4], Batch: 2090/9482, Loss: 237.188, Trans_L2_m: 0.523, Yaw_err_deg: 3.910
Epoch: [4/4], Batch: 2100/9482, Loss: 842.432, Trans_L2_m: 0.608, Yaw_err_deg: 8.074
Epoch: [4/4], Batch: 2110/9482, Loss: 726.741, Trans_L2_m: 0.707, Yaw_err_deg: 7.718
Epoch: [4/4], Batch: 2120/9482, Loss: 292.559, Trans_L2_m: 0.866, Yaw_err_deg: 4.696
Epoch: [4/4], Batch: 2130/9482, Loss: 88.714, Trans_L2_m: 0.703, Yaw_err_deg: 1.763
Epoch: [4/4], Batch: 2140/9482, Loss: 425.377, Trans_L2_m: 0.631, Yaw_err_deg: 5.625
Epoch: [4/4], Batch: 2150/9482, Loss: 215.751, Trans_L2_m: 0.536, Yaw_err_deg: 4.851
Epoch: [4/4], Batch: 2160/9482, Loss: 107.954, Trans_L2_m: 0.818, Yaw_err_deg: 1.901
Epoch: [4/4], Batch: 2170/9482, Loss: 206.303, Trans_L2_m: 0.297, Yaw_err_deg: 3.599
Epoch: [4/4], Batch: 2180/9482, Loss: 885.250, Trans_L2_m: 0.477, Yaw_err_deg: 8.176
Epoch: [4/4], Batch: 2190/9482, Loss: 544.933, Trans_L2_m: 1.225, Yaw_err_deg: 6.703
Epoch: [4/4], Batch: 2200/9482, Loss: 173.279, Trans_L2_m: 0.601, Yaw_err_deg: 2.551
Epoch: [4/4], Batch: 2210/9482, Loss: 623.336, Trans_L2_m: 0.618, Yaw_err_deg: 8.064
Epoch: [4/4], Batch: 2220/9482, Loss: 372.615, Trans_L2_m: 1.262, Yaw_err_deg: 4.400
Epoch: [4/4], Batch: 2230/9482, Loss: 159.434, Trans_L2_m: 0.600, Yaw_err_deg: 3.239
Epoch: [4/4], Batch: 2240/9482, Loss: 183.928, Trans_L2_m: 0.703, Yaw_err_deg: 3.031
Epoch: [4/4], Batch: 2250/9482, Loss: 168.551, Trans_L2_m: 0.491, Yaw_err_deg: 3.757
Epoch: [4/4], Batch: 2260/9482, Loss: 319.464, Trans_L2_m: 0.666, Yaw_err_deg: 4.468
Epoch: [4/4], Batch: 2270/9482, Loss: 89.350, Trans_L2_m: 0.667, Yaw_err_deg: 1.753
Epoch: [4/4], Batch: 2280/9482, Loss: 1181.792, Trans_L2_m: 0.673, Yaw_err_deg: 8.363
Epoch: [4/4], Batch: 2290/9482, Loss: 158.953, Trans_L2_m: 0.665, Yaw_err_deg: 2.823
Epoch: [4/4], Batch: 2300/9482, Loss: 165.330, Trans_L2_m: 0.699, Yaw_err_deg: 3.342
Epoch: [4/4], Batch: 2310/9482, Loss: 138.655, Trans_L2_m: 0.553, Yaw_err_deg: 2.854
Epoch: [4/4], Batch: 2320/9482, Loss: 154.334, Trans_L2_m: 0.414, Yaw_err_deg: 3.310
Epoch: [4/4], Batch: 2330/9482, Loss: 133.361, Trans_L2_m: 0.577, Yaw_err_deg: 2.532
Epoch: [4/4], Batch: 2340/9482, Loss: 165.942, Trans_L2_m: 0.688, Yaw_err_deg: 3.116
Epoch: [4/4], Batch: 2350/9482, Loss: 132.619, Trans_L2_m: 0.630, Yaw_err_deg: 2.952
Epoch: [4/4], Batch: 2360/9482, Loss: 170.813, Trans_L2_m: 0.469, Yaw_err_deg: 3.556
Epoch: [4/4], Batch: 2370/9482, Loss: 144.425, Trans_L2_m: 0.496, Yaw_err_deg: 2.402
Epoch: [4/4], Batch: 2380/9482, Loss: 108.656, Trans_L2_m: 0.618, Yaw_err_deg: 2.095
Epoch: [4/4], Batch: 2390/9482, Loss: 347.794, Trans_L2_m: 0.455, Yaw_err_deg: 6.274
Epoch: [4/4], Batch: 2400/9482, Loss: 296.970, Trans_L2_m: 0.527, Yaw_err_deg: 4.632
Epoch: [4/4], Batch: 2410/9482, Loss: 310.813, Trans_L2_m: 0.848, Yaw_err_deg: 4.848
Epoch: [4/4], Batch: 2420/9482, Loss: 135.978, Trans_L2_m: 0.508, Yaw_err_deg: 2.429
Epoch: [4/4], Batch: 2430/9482, Loss: 212.925, Trans_L2_m: 0.605, Yaw_err_deg: 4.747
Epoch: [4/4], Batch: 2440/9482, Loss: 151.163, Trans_L2_m: 0.490, Yaw_err_deg: 2.875
Epoch: [4/4], Batch: 2450/9482, Loss: 124.995, Trans_L2_m: 0.681, Yaw_err_deg: 2.463
Epoch: [4/4], Batch: 2460/9482, Loss: 175.615, Trans_L2_m: 0.484, Yaw_err_deg: 3.128
Epoch: [4/4], Batch: 2470/9482, Loss: 122.651, Trans_L2_m: 0.683, Yaw_err_deg: 2.695
Epoch: [4/4], Batch: 2480/9482, Loss: 478.803, Trans_L2_m: 0.724, Yaw_err_deg: 7.502
Epoch: [4/4], Batch: 2490/9482, Loss: 124.407, Trans_L2_m: 1.074, Yaw_err_deg: 2.772
Epoch: [4/4], Batch: 2500/9482, Loss: 444.309, Trans_L2_m: 0.675, Yaw_err_deg: 5.066
Epoch: [4/4], Batch: 2510/9482, Loss: 142.609, Trans_L2_m: 0.486, Yaw_err_deg: 2.928
Epoch: [4/4], Batch: 2520/9482, Loss: 243.546, Trans_L2_m: 0.753, Yaw_err_deg: 4.931
Epoch: [4/4], Batch: 2530/9482, Loss: 113.861, Trans_L2_m: 0.520, Yaw_err_deg: 2.174
Epoch: [4/4], Batch: 2540/9482, Loss: 116.270, Trans_L2_m: 0.627, Yaw_err_deg: 2.518
Epoch: [4/4], Batch: 2550/9482, Loss: 141.763, Trans_L2_m: 0.933, Yaw_err_deg: 2.652
Epoch: [4/4], Batch: 2560/9482, Loss: 372.653, Trans_L2_m: 0.578, Yaw_err_deg: 6.769
Epoch: [4/4], Batch: 2570/9482, Loss: 108.842, Trans_L2_m: 0.556, Yaw_err_deg: 2.567
Epoch: [4/4], Batch: 2580/9482, Loss: 88.295, Trans_L2_m: 0.708, Yaw_err_deg: 2.101
Epoch: [4/4], Batch: 2590/9482, Loss: 300.786, Trans_L2_m: 0.536, Yaw_err_deg: 5.350
Epoch: [4/4], Batch: 2600/9482, Loss: 98.221, Trans_L2_m: 0.678, Yaw_err_deg: 1.305
Epoch: [4/4], Batch: 2610/9482, Loss: 186.301, Trans_L2_m: 0.450, Yaw_err_deg: 3.743
Epoch: [4/4], Batch: 2620/9482, Loss: 104.478, Trans_L2_m: 0.995, Yaw_err_deg: 1.635
Epoch: [4/4], Batch: 2630/9482, Loss: 503.098, Trans_L2_m: 0.716, Yaw_err_deg: 4.641
Epoch: [4/4], Batch: 2640/9482, Loss: 219.992, Trans_L2_m: 0.606, Yaw_err_deg: 3.453
Epoch: [4/4], Batch: 2650/9482, Loss: 268.677, Trans_L2_m: 0.748, Yaw_err_deg: 4.959
Epoch: [4/4], Batch: 2660/9482, Loss: 1127.079, Trans_L2_m: 0.597, Yaw_err_deg: 7.572
Epoch: [4/4], Batch: 2670/9482, Loss: 226.333, Trans_L2_m: 0.571, Yaw_err_deg: 4.608
Epoch: [4/4], Batch: 2680/9482, Loss: 311.513, Trans_L2_m: 0.516, Yaw_err_deg: 5.887
Epoch: [4/4], Batch: 2690/9482, Loss: 956.494, Trans_L2_m: 0.603, Yaw_err_deg: 8.607
Epoch: [4/4], Batch: 2700/9482, Loss: 140.672, Trans_L2_m: 0.693, Yaw_err_deg: 2.166
Epoch: [4/4], Batch: 2710/9482, Loss: 116.867, Trans_L2_m: 0.595, Yaw_err_deg: 2.291
Epoch: [4/4], Batch: 2720/9482, Loss: 310.993, Trans_L2_m: 0.604, Yaw_err_deg: 5.725
Epoch: [4/4], Batch: 2730/9482, Loss: 875.469, Trans_L2_m: 0.549, Yaw_err_deg: 6.850
Epoch: [4/4], Batch: 2740/9482, Loss: 124.057, Trans_L2_m: 0.503, Yaw_err_deg: 3.284
Epoch: [4/4], Batch: 2750/9482, Loss: 102.805, Trans_L2_m: 0.399, Yaw_err_deg: 1.817
Epoch: [4/4], Batch: 2760/9482, Loss: 171.200, Trans_L2_m: 0.433, Yaw_err_deg: 2.934
Epoch: [4/4], Batch: 2770/9482, Loss: 403.078, Trans_L2_m: 0.748, Yaw_err_deg: 6.263
Epoch: [4/4], Batch: 2780/9482, Loss: 188.417, Trans_L2_m: 0.600, Yaw_err_deg: 3.259
Epoch: [4/4], Batch: 2790/9482, Loss: 100.139, Trans_L2_m: 0.930, Yaw_err_deg: 2.244
Epoch: [4/4], Batch: 2800/9482, Loss: 244.649, Trans_L2_m: 0.773, Yaw_err_deg: 4.361
Epoch: [4/4], Batch: 2810/9482, Loss: 79.400, Trans_L2_m: 0.927, Yaw_err_deg: 0.711
Epoch: [4/4], Batch: 2820/9482, Loss: 391.062, Trans_L2_m: 0.659, Yaw_err_deg: 6.543
Epoch: [4/4], Batch: 2830/9482, Loss: 268.927, Trans_L2_m: 0.795, Yaw_err_deg: 4.605
Epoch: [4/4], Batch: 2840/9482, Loss: 129.832, Trans_L2_m: 0.794, Yaw_err_deg: 2.265
Epoch: [4/4], Batch: 2850/9482, Loss: 137.018, Trans_L2_m: 0.692, Yaw_err_deg: 2.627
Epoch: [4/4], Batch: 2860/9482, Loss: 209.383, Trans_L2_m: 0.581, Yaw_err_deg: 3.781
Epoch: [4/4], Batch: 2870/9482, Loss: 239.790, Trans_L2_m: 0.848, Yaw_err_deg: 4.174
Epoch: [4/4], Batch: 2880/9482, Loss: 697.411, Trans_L2_m: 0.626, Yaw_err_deg: 6.905
Epoch: [4/4], Batch: 2890/9482, Loss: 150.673, Trans_L2_m: 0.591, Yaw_err_deg: 3.694
Epoch: [4/4], Batch: 2900/9482, Loss: 152.759, Trans_L2_m: 0.449, Yaw_err_deg: 3.728
Epoch: [4/4], Batch: 2910/9482, Loss: 102.971, Trans_L2_m: 0.529, Yaw_err_deg: 1.834
Epoch: [4/4], Batch: 2920/9482, Loss: 125.929, Trans_L2_m: 0.820, Yaw_err_deg: 2.165
Epoch: [4/4], Batch: 2930/9482, Loss: 360.085, Trans_L2_m: 0.451, Yaw_err_deg: 4.173
Epoch: [4/4], Batch: 2940/9482, Loss: 108.206, Trans_L2_m: 0.677, Yaw_err_deg: 2.411
Epoch: [4/4], Batch: 2950/9482, Loss: 123.469, Trans_L2_m: 0.632, Yaw_err_deg: 3.143
Epoch: [4/4], Batch: 2960/9482, Loss: 304.199, Trans_L2_m: 0.534, Yaw_err_deg: 5.491
Epoch: [4/4], Batch: 2970/9482, Loss: 240.804, Trans_L2_m: 0.808, Yaw_err_deg: 4.744
Epoch: [4/4], Batch: 2980/9482, Loss: 641.989, Trans_L2_m: 0.651, Yaw_err_deg: 6.917
Epoch: [4/4], Batch: 2990/9482, Loss: 98.323, Trans_L2_m: 0.455, Yaw_err_deg: 1.443
Epoch: [4/4], Batch: 3000/9482, Loss: 115.363, Trans_L2_m: 0.781, Yaw_err_deg: 2.176
Epoch: [4/4], Batch: 3010/9482, Loss: 179.590, Trans_L2_m: 0.607, Yaw_err_deg: 3.816
Epoch: [4/4], Batch: 3020/9482, Loss: 140.920, Trans_L2_m: 0.377, Yaw_err_deg: 3.167
Epoch: [4/4], Batch: 3030/9482, Loss: 139.897, Trans_L2_m: 0.662, Yaw_err_deg: 2.582
Epoch: [4/4], Batch: 3040/9482, Loss: 265.434, Trans_L2_m: 0.885, Yaw_err_deg: 4.756
Epoch: [4/4], Batch: 3050/9482, Loss: 242.724, Trans_L2_m: 0.807, Yaw_err_deg: 4.375
Epoch: [4/4], Batch: 3060/9482, Loss: 118.110, Trans_L2_m: 0.643, Yaw_err_deg: 2.880
Epoch: [4/4], Batch: 3070/9482, Loss: 200.938, Trans_L2_m: 0.581, Yaw_err_deg: 4.381
Epoch: [4/4], Batch: 3080/9482, Loss: 99.256, Trans_L2_m: 0.615, Yaw_err_deg: 1.933
Epoch: [4/4], Batch: 3090/9482, Loss: 83.198, Trans_L2_m: 0.602, Yaw_err_deg: 1.859
Epoch: [4/4], Batch: 3100/9482, Loss: 132.663, Trans_L2_m: 0.746, Yaw_err_deg: 1.985
Epoch: [4/4], Batch: 3110/9482, Loss: 110.109, Trans_L2_m: 0.843, Yaw_err_deg: 2.158
Epoch: [4/4], Batch: 3120/9482, Loss: 319.978, Trans_L2_m: 0.573, Yaw_err_deg: 5.394
Epoch: [4/4], Batch: 3130/9482, Loss: 102.186, Trans_L2_m: 0.538, Yaw_err_deg: 2.636
Epoch: [4/4], Batch: 3140/9482, Loss: 83.657, Trans_L2_m: 0.601, Yaw_err_deg: 1.496
Epoch: [4/4], Batch: 3150/9482, Loss: 860.890, Trans_L2_m: 0.544, Yaw_err_deg: 10.688
Epoch: [4/4], Batch: 3160/9482, Loss: 179.648, Trans_L2_m: 0.785, Yaw_err_deg: 3.722
Epoch: [4/4], Batch: 3170/9482, Loss: 82.855, Trans_L2_m: 0.627, Yaw_err_deg: 2.031
Epoch: [4/4], Batch: 3180/9482, Loss: 115.008, Trans_L2_m: 0.874, Yaw_err_deg: 2.429
Epoch: [4/4], Batch: 3190/9482, Loss: 124.136, Trans_L2_m: 0.606, Yaw_err_deg: 3.108
Epoch: [4/4], Batch: 3200/9482, Loss: 119.986, Trans_L2_m: 0.894, Yaw_err_deg: 2.168
Epoch: [4/4], Batch: 3210/9482, Loss: 289.755, Trans_L2_m: 0.570, Yaw_err_deg: 4.223
Epoch: [4/4], Batch: 3220/9482, Loss: 138.728, Trans_L2_m: 0.597, Yaw_err_deg: 2.341
Epoch: [4/4], Batch: 3230/9482, Loss: 1448.146, Trans_L2_m: 0.727, Yaw_err_deg: 13.242
Epoch: [4/4], Batch: 3240/9482, Loss: 116.343, Trans_L2_m: 0.322, Yaw_err_deg: 2.156
Epoch: [4/4], Batch: 3250/9482, Loss: 108.242, Trans_L2_m: 0.697, Yaw_err_deg: 1.762
Epoch: [4/4], Batch: 3260/9482, Loss: 180.344, Trans_L2_m: 0.968, Yaw_err_deg: 3.178
Epoch: [4/4], Batch: 3270/9482, Loss: 167.877, Trans_L2_m: 0.528, Yaw_err_deg: 3.332
Epoch: [4/4], Batch: 3280/9482, Loss: 198.807, Trans_L2_m: 0.500, Yaw_err_deg: 4.096
Epoch: [4/4], Batch: 3290/9482, Loss: 125.693, Trans_L2_m: 0.686, Yaw_err_deg: 2.213
Epoch: [4/4], Batch: 3300/9482, Loss: 401.856, Trans_L2_m: 0.928, Yaw_err_deg: 6.131
Epoch: [4/4], Batch: 3310/9482, Loss: 218.345, Trans_L2_m: 0.816, Yaw_err_deg: 4.768
Epoch: [4/4], Batch: 3320/9482, Loss: 412.323, Trans_L2_m: 0.661, Yaw_err_deg: 5.534
Epoch: [4/4], Batch: 3330/9482, Loss: 150.613, Trans_L2_m: 0.350, Yaw_err_deg: 3.018
Epoch: [4/4], Batch: 3340/9482, Loss: 763.509, Trans_L2_m: 0.636, Yaw_err_deg: 7.179
Epoch: [4/4], Batch: 3350/9482, Loss: 127.761, Trans_L2_m: 0.586, Yaw_err_deg: 2.043
Epoch: [4/4], Batch: 3360/9482, Loss: 304.651, Trans_L2_m: 0.453, Yaw_err_deg: 5.528
Epoch: [4/4], Batch: 3370/9482, Loss: 166.010, Trans_L2_m: 0.467, Yaw_err_deg: 2.633
Epoch: [4/4], Batch: 3380/9482, Loss: 463.100, Trans_L2_m: 0.617, Yaw_err_deg: 6.417
Epoch: [4/4], Batch: 3390/9482, Loss: 194.597, Trans_L2_m: 0.491, Yaw_err_deg: 4.256
Epoch: [4/4], Batch: 3400/9482, Loss: 340.704, Trans_L2_m: 0.592, Yaw_err_deg: 4.522
Epoch: [4/4], Batch: 3410/9482, Loss: 470.109, Trans_L2_m: 0.823, Yaw_err_deg: 6.173
Epoch: [4/4], Batch: 3420/9482, Loss: 416.956, Trans_L2_m: 0.540, Yaw_err_deg: 5.494
Epoch: [4/4], Batch: 3430/9482, Loss: 227.684, Trans_L2_m: 0.709, Yaw_err_deg: 3.525
Epoch: [4/4], Batch: 3440/9482, Loss: 138.685, Trans_L2_m: 0.648, Yaw_err_deg: 2.651
Epoch: [4/4], Batch: 3450/9482, Loss: 222.120, Trans_L2_m: 0.282, Yaw_err_deg: 5.046
Epoch: [4/4], Batch: 3460/9482, Loss: 151.086, Trans_L2_m: 0.551, Yaw_err_deg: 3.374
Epoch: [4/4], Batch: 3470/9482, Loss: 150.571, Trans_L2_m: 0.921, Yaw_err_deg: 3.395
Epoch: [4/4], Batch: 3480/9482, Loss: 142.218, Trans_L2_m: 0.738, Yaw_err_deg: 2.714
Epoch: [4/4], Batch: 3490/9482, Loss: 132.338, Trans_L2_m: 0.522, Yaw_err_deg: 2.984
Epoch: [4/4], Batch: 3500/9482, Loss: 291.652, Trans_L2_m: 0.765, Yaw_err_deg: 5.495
Epoch: [4/4], Batch: 3510/9482, Loss: 245.988, Trans_L2_m: 0.886, Yaw_err_deg: 4.298
Epoch: [4/4], Batch: 3520/9482, Loss: 252.551, Trans_L2_m: 0.609, Yaw_err_deg: 4.488
Epoch: [4/4], Batch: 3530/9482, Loss: 385.385, Trans_L2_m: 0.554, Yaw_err_deg: 6.302
Epoch: [4/4], Batch: 3540/9482, Loss: 239.968, Trans_L2_m: 0.505, Yaw_err_deg: 4.035
Epoch: [4/4], Batch: 3550/9482, Loss: 76.881, Trans_L2_m: 0.378, Yaw_err_deg: 2.220
Epoch: [4/4], Batch: 3560/9482, Loss: 75.590, Trans_L2_m: 0.655, Yaw_err_deg: 1.039
Epoch: [4/4], Batch: 3570/9482, Loss: 185.907, Trans_L2_m: 0.385, Yaw_err_deg: 3.984
Epoch: [4/4], Batch: 3580/9482, Loss: 352.101, Trans_L2_m: 0.817, Yaw_err_deg: 5.435
Epoch: [4/4], Batch: 3590/9482, Loss: 194.740, Trans_L2_m: 1.016, Yaw_err_deg: 3.728
Epoch: [4/4], Batch: 3600/9482, Loss: 704.376, Trans_L2_m: 0.654, Yaw_err_deg: 6.978
Epoch: [4/4], Batch: 3610/9482, Loss: 86.297, Trans_L2_m: 0.581, Yaw_err_deg: 1.561
Epoch: [4/4], Batch: 3620/9482, Loss: 182.610, Trans_L2_m: 0.751, Yaw_err_deg: 3.080
Epoch: [4/4], Batch: 3630/9482, Loss: 144.953, Trans_L2_m: 0.344, Yaw_err_deg: 3.187
Epoch: [4/4], Batch: 3640/9482, Loss: 213.502, Trans_L2_m: 0.909, Yaw_err_deg: 4.091
Epoch: [4/4], Batch: 3650/9482, Loss: 280.469, Trans_L2_m: 0.682, Yaw_err_deg: 5.038
Epoch: [4/4], Batch: 3660/9482, Loss: 223.372, Trans_L2_m: 0.752, Yaw_err_deg: 4.310
Epoch: [4/4], Batch: 3670/9482, Loss: 77.748, Trans_L2_m: 0.667, Yaw_err_deg: 0.726
Epoch: [4/4], Batch: 3680/9482, Loss: 121.570, Trans_L2_m: 0.662, Yaw_err_deg: 2.469
Epoch: [4/4], Batch: 3690/9482, Loss: 117.803, Trans_L2_m: 0.230, Yaw_err_deg: 2.396
Epoch: [4/4], Batch: 3700/9482, Loss: 147.022, Trans_L2_m: 0.535, Yaw_err_deg: 1.111
Epoch: [4/4], Batch: 3710/9482, Loss: 97.722, Trans_L2_m: 0.486, Yaw_err_deg: 2.370
Epoch: [4/4], Batch: 3720/9482, Loss: 1182.686, Trans_L2_m: 0.604, Yaw_err_deg: 10.863
Epoch: [4/4], Batch: 3730/9482, Loss: 130.656, Trans_L2_m: 0.767, Yaw_err_deg: 2.550
Epoch: [4/4], Batch: 3740/9482, Loss: 267.268, Trans_L2_m: 0.691, Yaw_err_deg: 4.441
Epoch: [4/4], Batch: 3750/9482, Loss: 128.100, Trans_L2_m: 0.345, Yaw_err_deg: 2.654
Epoch: [4/4], Batch: 3760/9482, Loss: 204.156, Trans_L2_m: 0.443, Yaw_err_deg: 4.462
Epoch: [4/4], Batch: 3770/9482, Loss: 458.197, Trans_L2_m: 0.636, Yaw_err_deg: 6.121
Epoch: [4/4], Batch: 3780/9482, Loss: 1009.110, Trans_L2_m: 0.585, Yaw_err_deg: 7.662
Epoch: [4/4], Batch: 3790/9482, Loss: 109.627, Trans_L2_m: 0.687, Yaw_err_deg: 2.038
Epoch: [4/4], Batch: 3800/9482, Loss: 134.313, Trans_L2_m: 0.533, Yaw_err_deg: 2.387
Epoch: [4/4], Batch: 3810/9482, Loss: 525.202, Trans_L2_m: 0.593, Yaw_err_deg: 7.011
Epoch: [4/4], Batch: 3820/9482, Loss: 558.848, Trans_L2_m: 0.526, Yaw_err_deg: 7.535
Epoch: [4/4], Batch: 3830/9482, Loss: 128.045, Trans_L2_m: 0.632, Yaw_err_deg: 2.510
Epoch: [4/4], Batch: 3840/9482, Loss: 109.210, Trans_L2_m: 0.506, Yaw_err_deg: 3.129
Epoch: [4/4], Batch: 3850/9482, Loss: 89.332, Trans_L2_m: 0.575, Yaw_err_deg: 1.988
Epoch: [4/4], Batch: 3860/9482, Loss: 326.835, Trans_L2_m: 0.582, Yaw_err_deg: 5.554
Epoch: [4/4], Batch: 3870/9482, Loss: 145.544, Trans_L2_m: 0.324, Yaw_err_deg: 3.276
Epoch: [4/4], Batch: 3880/9482, Loss: 209.756, Trans_L2_m: 0.994, Yaw_err_deg: 3.823
Epoch: [4/4], Batch: 3890/9482, Loss: 258.232, Trans_L2_m: 1.169, Yaw_err_deg: 4.296
Epoch: [4/4], Batch: 3900/9482, Loss: 286.161, Trans_L2_m: 0.810, Yaw_err_deg: 4.320
Epoch: [4/4], Batch: 3910/9482, Loss: 89.589, Trans_L2_m: 0.423, Yaw_err_deg: 2.674
Epoch: [4/4], Batch: 3920/9482, Loss: 465.048, Trans_L2_m: 0.733, Yaw_err_deg: 5.994
Epoch: [4/4], Batch: 3930/9482, Loss: 428.908, Trans_L2_m: 0.543, Yaw_err_deg: 5.764
Epoch: [4/4], Batch: 3940/9482, Loss: 171.250, Trans_L2_m: 0.719, Yaw_err_deg: 3.796
Epoch: [4/4], Batch: 3950/9482, Loss: 96.251, Trans_L2_m: 0.673, Yaw_err_deg: 1.766
Epoch: [4/4], Batch: 3960/9482, Loss: 90.806, Trans_L2_m: 0.567, Yaw_err_deg: 2.002
Epoch: [4/4], Batch: 3970/9482, Loss: 751.601, Trans_L2_m: 0.341, Yaw_err_deg: 7.684
Epoch: [4/4], Batch: 3980/9482, Loss: 543.184, Trans_L2_m: 0.552, Yaw_err_deg: 5.982
Epoch: [4/4], Batch: 3990/9482, Loss: 130.186, Trans_L2_m: 0.805, Yaw_err_deg: 3.176
Epoch: [4/4], Batch: 4000/9482, Loss: 147.340, Trans_L2_m: 0.629, Yaw_err_deg: 3.634
Epoch: [4/4], Batch: 4010/9482, Loss: 311.162, Trans_L2_m: 0.393, Yaw_err_deg: 5.337
Epoch: [4/4], Batch: 4020/9482, Loss: 190.402, Trans_L2_m: 0.728, Yaw_err_deg: 4.387
Epoch: [4/4], Batch: 4030/9482, Loss: 404.406, Trans_L2_m: 0.430, Yaw_err_deg: 5.803
Epoch: [4/4], Batch: 4040/9482, Loss: 328.895, Trans_L2_m: 0.454, Yaw_err_deg: 4.787
Epoch: [4/4], Batch: 4050/9482, Loss: 97.143, Trans_L2_m: 0.432, Yaw_err_deg: 2.354
Epoch: [4/4], Batch: 4060/9482, Loss: 57.178, Trans_L2_m: 0.524, Yaw_err_deg: 1.524
Epoch: [4/4], Batch: 4070/9482, Loss: 80.783, Trans_L2_m: 0.521, Yaw_err_deg: 1.418
Epoch: [4/4], Batch: 4080/9482, Loss: 452.052, Trans_L2_m: 0.676, Yaw_err_deg: 6.029
Epoch: [4/4], Batch: 4090/9482, Loss: 107.909, Trans_L2_m: 0.218, Yaw_err_deg: 2.321
Epoch: [4/4], Batch: 4100/9482, Loss: 189.004, Trans_L2_m: 0.402, Yaw_err_deg: 2.993
Epoch: [4/4], Batch: 4110/9482, Loss: 603.611, Trans_L2_m: 0.754, Yaw_err_deg: 6.203
Epoch: [4/4], Batch: 4120/9482, Loss: 129.496, Trans_L2_m: 0.596, Yaw_err_deg: 3.052
Epoch: [4/4], Batch: 4130/9482, Loss: 525.943, Trans_L2_m: 0.554, Yaw_err_deg: 6.071
Epoch: [4/4], Batch: 4140/9482, Loss: 129.564, Trans_L2_m: 0.687, Yaw_err_deg: 2.900
Epoch: [4/4], Batch: 4150/9482, Loss: 177.376, Trans_L2_m: 0.662, Yaw_err_deg: 4.327
Epoch: [4/4], Batch: 4160/9482, Loss: 79.166, Trans_L2_m: 0.869, Yaw_err_deg: 1.226
Epoch: [4/4], Batch: 4170/9482, Loss: 125.242, Trans_L2_m: 0.570, Yaw_err_deg: 2.999
Epoch: [4/4], Batch: 4180/9482, Loss: 302.856, Trans_L2_m: 0.579, Yaw_err_deg: 3.720
Epoch: [4/4], Batch: 4190/9482, Loss: 149.437, Trans_L2_m: 0.328, Yaw_err_deg: 3.291
Epoch: [4/4], Batch: 4200/9482, Loss: 156.739, Trans_L2_m: 0.293, Yaw_err_deg: 3.789
Epoch: [4/4], Batch: 4210/9482, Loss: 118.213, Trans_L2_m: 0.717, Yaw_err_deg: 2.536
Epoch: [4/4], Batch: 4220/9482, Loss: 591.536, Trans_L2_m: 0.772, Yaw_err_deg: 7.136
Epoch: [4/4], Batch: 4230/9482, Loss: 728.996, Trans_L2_m: 0.587, Yaw_err_deg: 6.912
Epoch: [4/4], Batch: 4240/9482, Loss: 214.441, Trans_L2_m: 0.650, Yaw_err_deg: 4.076
Epoch: [4/4], Batch: 4250/9482, Loss: 112.694, Trans_L2_m: 0.545, Yaw_err_deg: 1.894
Epoch: [4/4], Batch: 4260/9482, Loss: 336.080, Trans_L2_m: 0.721, Yaw_err_deg: 4.794
Epoch: [4/4], Batch: 4270/9482, Loss: 356.004, Trans_L2_m: 0.466, Yaw_err_deg: 4.553
Epoch: [4/4], Batch: 4280/9482, Loss: 84.366, Trans_L2_m: 0.368, Yaw_err_deg: 1.967
Epoch: [4/4], Batch: 4290/9482, Loss: 263.342, Trans_L2_m: 0.676, Yaw_err_deg: 4.671
Epoch: [4/4], Batch: 4300/9482, Loss: 162.923, Trans_L2_m: 0.408, Yaw_err_deg: 3.331
Epoch: [4/4], Batch: 4310/9482, Loss: 180.333, Trans_L2_m: 0.840, Yaw_err_deg: 3.410
Epoch: [4/4], Batch: 4320/9482, Loss: 163.686, Trans_L2_m: 0.507, Yaw_err_deg: 3.004
Epoch: [4/4], Batch: 4330/9482, Loss: 201.056, Trans_L2_m: 0.460, Yaw_err_deg: 4.232
Epoch: [4/4], Batch: 4340/9482, Loss: 104.012, Trans_L2_m: 0.634, Yaw_err_deg: 2.421
Epoch: [4/4], Batch: 4350/9482, Loss: 1216.264, Trans_L2_m: 0.547, Yaw_err_deg: 6.843
Epoch: [4/4], Batch: 4360/9482, Loss: 441.559, Trans_L2_m: 0.545, Yaw_err_deg: 6.756
Epoch: [4/4], Batch: 4370/9482, Loss: 174.544, Trans_L2_m: 0.407, Yaw_err_deg: 3.886
Epoch: [4/4], Batch: 4380/9482, Loss: 503.712, Trans_L2_m: 0.424, Yaw_err_deg: 5.385
Epoch: [4/4], Batch: 4390/9482, Loss: 184.969, Trans_L2_m: 0.614, Yaw_err_deg: 3.962
Epoch: [4/4], Batch: 4400/9482, Loss: 183.454, Trans_L2_m: 0.375, Yaw_err_deg: 4.443
Epoch: [4/4], Batch: 4410/9482, Loss: 96.600, Trans_L2_m: 0.369, Yaw_err_deg: 2.392
Epoch: [4/4], Batch: 4420/9482, Loss: 87.868, Trans_L2_m: 0.616, Yaw_err_deg: 1.611
Epoch: [4/4], Batch: 4430/9482, Loss: 131.555, Trans_L2_m: 0.841, Yaw_err_deg: 2.839
Epoch: [4/4], Batch: 4440/9482, Loss: 264.078, Trans_L2_m: 0.424, Yaw_err_deg: 4.184
Epoch: [4/4], Batch: 4450/9482, Loss: 415.025, Trans_L2_m: 0.748, Yaw_err_deg: 5.682
Epoch: [4/4], Batch: 4460/9482, Loss: 551.283, Trans_L2_m: 0.739, Yaw_err_deg: 7.392
Epoch: [4/4], Batch: 4470/9482, Loss: 415.975, Trans_L2_m: 0.753, Yaw_err_deg: 4.691
Epoch: [4/4], Batch: 4480/9482, Loss: 185.958, Trans_L2_m: 0.791, Yaw_err_deg: 3.582
Epoch: [4/4], Batch: 4490/9482, Loss: 218.094, Trans_L2_m: 1.130, Yaw_err_deg: 3.969
Epoch: [4/4], Batch: 4500/9482, Loss: 99.804, Trans_L2_m: 0.417, Yaw_err_deg: 2.546
Epoch: [4/4], Batch: 4510/9482, Loss: 208.217, Trans_L2_m: 0.873, Yaw_err_deg: 3.029
Epoch: [4/4], Batch: 4520/9482, Loss: 138.534, Trans_L2_m: 0.371, Yaw_err_deg: 2.582
Epoch: [4/4], Batch: 4530/9482, Loss: 203.456, Trans_L2_m: 0.459, Yaw_err_deg: 3.788
Epoch: [4/4], Batch: 4540/9482, Loss: 149.759, Trans_L2_m: 0.749, Yaw_err_deg: 1.451
Epoch: [4/4], Batch: 4550/9482, Loss: 104.215, Trans_L2_m: 0.747, Yaw_err_deg: 1.853
Epoch: [4/4], Batch: 4560/9482, Loss: 475.059, Trans_L2_m: 0.826, Yaw_err_deg: 6.437
Epoch: [4/4], Batch: 4570/9482, Loss: 239.492, Trans_L2_m: 0.577, Yaw_err_deg: 4.181
Epoch: [4/4], Batch: 4580/9482, Loss: 188.548, Trans_L2_m: 0.738, Yaw_err_deg: 3.289
Epoch: [4/4], Batch: 4590/9482, Loss: 925.307, Trans_L2_m: 0.869, Yaw_err_deg: 7.989
Epoch: [4/4], Batch: 4600/9482, Loss: 307.949, Trans_L2_m: 0.560, Yaw_err_deg: 4.907
Epoch: [4/4], Batch: 4610/9482, Loss: 821.505, Trans_L2_m: 0.283, Yaw_err_deg: 7.386
Epoch: [4/4], Batch: 4620/9482, Loss: 317.466, Trans_L2_m: 1.057, Yaw_err_deg: 5.306
Epoch: [4/4], Batch: 4630/9482, Loss: 206.595, Trans_L2_m: 0.565, Yaw_err_deg: 2.478
Epoch: [4/4], Batch: 4640/9482, Loss: 134.527, Trans_L2_m: 0.657, Yaw_err_deg: 2.694
Epoch: [4/4], Batch: 4650/9482, Loss: 99.586, Trans_L2_m: 0.390, Yaw_err_deg: 2.444
Epoch: [4/4], Batch: 4660/9482, Loss: 287.395, Trans_L2_m: 0.399, Yaw_err_deg: 5.771
Epoch: [4/4], Batch: 4670/9482, Loss: 112.899, Trans_L2_m: 0.535, Yaw_err_deg: 1.900
Epoch: [4/4], Batch: 4680/9482, Loss: 111.166, Trans_L2_m: 0.949, Yaw_err_deg: 2.421
Epoch: [4/4], Batch: 4690/9482, Loss: 571.421, Trans_L2_m: 0.601, Yaw_err_deg: 6.731
Epoch: [4/4], Batch: 4700/9482, Loss: 174.545, Trans_L2_m: 0.335, Yaw_err_deg: 3.588
Epoch: [4/4], Batch: 4710/9482, Loss: 123.922, Trans_L2_m: 0.539, Yaw_err_deg: 3.527
Epoch: [4/4], Batch: 4720/9482, Loss: 436.766, Trans_L2_m: 0.827, Yaw_err_deg: 6.329
Epoch: [4/4], Batch: 4730/9482, Loss: 114.374, Trans_L2_m: 0.905, Yaw_err_deg: 2.211
Epoch: [4/4], Batch: 4740/9482, Loss: 135.559, Trans_L2_m: 0.575, Yaw_err_deg: 3.265
Epoch: [4/4], Batch: 4750/9482, Loss: 217.043, Trans_L2_m: 0.478, Yaw_err_deg: 4.106
Epoch: [4/4], Batch: 4760/9482, Loss: 117.797, Trans_L2_m: 0.611, Yaw_err_deg: 2.339
Epoch: [4/4], Batch: 4770/9482, Loss: 519.262, Trans_L2_m: 0.632, Yaw_err_deg: 5.957
Epoch: [4/4], Batch: 4780/9482, Loss: 321.632, Trans_L2_m: 0.642, Yaw_err_deg: 6.118
Epoch: [4/4], Batch: 4790/9482, Loss: 590.485, Trans_L2_m: 0.669, Yaw_err_deg: 6.708
Epoch: [4/4], Batch: 4800/9482, Loss: 261.837, Trans_L2_m: 0.464, Yaw_err_deg: 5.347
Epoch: [4/4], Batch: 4810/9482, Loss: 643.655, Trans_L2_m: 0.789, Yaw_err_deg: 7.172
Epoch: [4/4], Batch: 4820/9482, Loss: 114.616, Trans_L2_m: 0.673, Yaw_err_deg: 2.586
Epoch: [4/4], Batch: 4830/9482, Loss: 218.003, Trans_L2_m: 0.868, Yaw_err_deg: 3.353
Epoch: [4/4], Batch: 4840/9482, Loss: 224.048, Trans_L2_m: 0.715, Yaw_err_deg: 4.423
Epoch: [4/4], Batch: 4850/9482, Loss: 111.745, Trans_L2_m: 0.477, Yaw_err_deg: 3.151
Epoch: [4/4], Batch: 4860/9482, Loss: 536.782, Trans_L2_m: 0.413, Yaw_err_deg: 5.568
Epoch: [4/4], Batch: 4870/9482, Loss: 180.283, Trans_L2_m: 0.510, Yaw_err_deg: 3.732
Epoch: [4/4], Batch: 4880/9482, Loss: 131.694, Trans_L2_m: 0.518, Yaw_err_deg: 2.521
Epoch: [4/4], Batch: 4890/9482, Loss: 158.663, Trans_L2_m: 0.458, Yaw_err_deg: 3.239
Epoch: [4/4], Batch: 4900/9482, Loss: 163.047, Trans_L2_m: 0.832, Yaw_err_deg: 2.757
Epoch: [4/4], Batch: 4910/9482, Loss: 101.862, Trans_L2_m: 0.615, Yaw_err_deg: 1.941
Epoch: [4/4], Batch: 4920/9482, Loss: 103.695, Trans_L2_m: 0.665, Yaw_err_deg: 2.912
Epoch: [4/4], Batch: 4930/9482, Loss: 115.561, Trans_L2_m: 0.725, Yaw_err_deg: 1.531
Epoch: [4/4], Batch: 4940/9482, Loss: 110.535, Trans_L2_m: 0.779, Yaw_err_deg: 2.442
Epoch: [4/4], Batch: 4950/9482, Loss: 131.903, Trans_L2_m: 0.641, Yaw_err_deg: 2.814
Epoch: [4/4], Batch: 4960/9482, Loss: 145.304, Trans_L2_m: 0.602, Yaw_err_deg: 3.262
Epoch: [4/4], Batch: 4970/9482, Loss: 82.908, Trans_L2_m: 0.611, Yaw_err_deg: 1.849
Epoch: [4/4], Batch: 4980/9482, Loss: 188.001, Trans_L2_m: 0.711, Yaw_err_deg: 3.551
Epoch: [4/4], Batch: 4990/9482, Loss: 111.933, Trans_L2_m: 0.379, Yaw_err_deg: 2.917
Epoch: [4/4], Batch: 5000/9482, Loss: 346.655, Trans_L2_m: 0.464, Yaw_err_deg: 5.511
Epoch: [4/4], Batch: 5010/9482, Loss: 73.812, Trans_L2_m: 0.593, Yaw_err_deg: 1.109
Epoch: [4/4], Batch: 5020/9482, Loss: 82.673, Trans_L2_m: 0.565, Yaw_err_deg: 1.493
Epoch: [4/4], Batch: 5030/9482, Loss: 297.841, Trans_L2_m: 0.411, Yaw_err_deg: 4.219
Epoch: [4/4], Batch: 5040/9482, Loss: 437.414, Trans_L2_m: 0.690, Yaw_err_deg: 6.109
Epoch: [4/4], Batch: 5050/9482, Loss: 460.956, Trans_L2_m: 0.693, Yaw_err_deg: 6.572
Epoch: [4/4], Batch: 5060/9482, Loss: 484.409, Trans_L2_m: 0.829, Yaw_err_deg: 6.059
Epoch: [4/4], Batch: 5070/9482, Loss: 707.278, Trans_L2_m: 0.741, Yaw_err_deg: 7.170
Epoch: [4/4], Batch: 5080/9482, Loss: 191.502, Trans_L2_m: 0.686, Yaw_err_deg: 3.291
Epoch: [4/4], Batch: 5090/9482, Loss: 101.287, Trans_L2_m: 0.379, Yaw_err_deg: 2.064
Epoch: [4/4], Batch: 5100/9482, Loss: 163.438, Trans_L2_m: 0.856, Yaw_err_deg: 3.768
Epoch: [4/4], Batch: 5110/9482, Loss: 108.447, Trans_L2_m: 0.820, Yaw_err_deg: 2.040
Epoch: [4/4], Batch: 5120/9482, Loss: 105.316, Trans_L2_m: 0.708, Yaw_err_deg: 1.928
Epoch: [4/4], Batch: 5130/9482, Loss: 131.206, Trans_L2_m: 0.722, Yaw_err_deg: 2.622
Epoch: [4/4], Batch: 5140/9482, Loss: 300.102, Trans_L2_m: 0.588, Yaw_err_deg: 5.238
Epoch: [4/4], Batch: 5150/9482, Loss: 256.797, Trans_L2_m: 0.660, Yaw_err_deg: 4.865
Epoch: [4/4], Batch: 5160/9482, Loss: 806.465, Trans_L2_m: 0.330, Yaw_err_deg: 9.730
Epoch: [4/4], Batch: 5170/9482, Loss: 118.866, Trans_L2_m: 0.569, Yaw_err_deg: 2.287
Epoch: [4/4], Batch: 5180/9482, Loss: 95.358, Trans_L2_m: 0.584, Yaw_err_deg: 2.228
Epoch: [4/4], Batch: 5190/9482, Loss: 1085.768, Trans_L2_m: 0.489, Yaw_err_deg: 8.753
Epoch: [4/4], Batch: 5200/9482, Loss: 110.425, Trans_L2_m: 0.492, Yaw_err_deg: 1.912
Epoch: [4/4], Batch: 5210/9482, Loss: 260.136, Trans_L2_m: 0.866, Yaw_err_deg: 4.868
Epoch: [4/4], Batch: 5220/9482, Loss: 243.138, Trans_L2_m: 0.817, Yaw_err_deg: 3.893
Epoch: [4/4], Batch: 5230/9482, Loss: 88.133, Trans_L2_m: 0.518, Yaw_err_deg: 1.887
Epoch: [4/4], Batch: 5240/9482, Loss: 167.920, Trans_L2_m: 0.556, Yaw_err_deg: 3.412
Epoch: [4/4], Batch: 5250/9482, Loss: 67.522, Trans_L2_m: 0.495, Yaw_err_deg: 1.481
Epoch: [4/4], Batch: 5260/9482, Loss: 97.527, Trans_L2_m: 0.343, Yaw_err_deg: 1.731
Epoch: [4/4], Batch: 5270/9482, Loss: 152.961, Trans_L2_m: 0.280, Yaw_err_deg: 2.992
Epoch: [4/4], Batch: 5280/9482, Loss: 215.827, Trans_L2_m: 0.702, Yaw_err_deg: 3.802
Epoch: [4/4], Batch: 5290/9482, Loss: 168.290, Trans_L2_m: 0.513, Yaw_err_deg: 2.438
Epoch: [4/4], Batch: 5300/9482, Loss: 102.449, Trans_L2_m: 0.458, Yaw_err_deg: 2.090
Epoch: [4/4], Batch: 5310/9482, Loss: 199.049, Trans_L2_m: 1.011, Yaw_err_deg: 3.618
Epoch: [4/4], Batch: 5320/9482, Loss: 250.361, Trans_L2_m: 0.437, Yaw_err_deg: 5.027
Epoch: [4/4], Batch: 5330/9482, Loss: 140.095, Trans_L2_m: 0.512, Yaw_err_deg: 2.996
Epoch: [4/4], Batch: 5340/9482, Loss: 230.792, Trans_L2_m: 0.269, Yaw_err_deg: 4.352
Epoch: [4/4], Batch: 5350/9482, Loss: 99.503, Trans_L2_m: 0.708, Yaw_err_deg: 1.707
Epoch: [4/4], Batch: 5360/9482, Loss: 120.180, Trans_L2_m: 0.549, Yaw_err_deg: 3.040
Epoch: [4/4], Batch: 5370/9482, Loss: 213.235, Trans_L2_m: 0.566, Yaw_err_deg: 4.308
Epoch: [4/4], Batch: 5380/9482, Loss: 162.895, Trans_L2_m: 0.664, Yaw_err_deg: 3.229
Epoch: [4/4], Batch: 5390/9482, Loss: 257.172, Trans_L2_m: 0.451, Yaw_err_deg: 3.541
Epoch: [4/4], Batch: 5400/9482, Loss: 130.368, Trans_L2_m: 0.663, Yaw_err_deg: 3.500
Epoch: [4/4], Batch: 5410/9482, Loss: 132.229, Trans_L2_m: 0.697, Yaw_err_deg: 2.538
Epoch: [4/4], Batch: 5420/9482, Loss: 372.931, Trans_L2_m: 0.711, Yaw_err_deg: 5.396
Epoch: [4/4], Batch: 5430/9482, Loss: 233.591, Trans_L2_m: 0.634, Yaw_err_deg: 4.250
Epoch: [4/4], Batch: 5440/9482, Loss: 251.154, Trans_L2_m: 0.518, Yaw_err_deg: 5.184
Epoch: [4/4], Batch: 5450/9482, Loss: 150.865, Trans_L2_m: 0.558, Yaw_err_deg: 3.199
Epoch: [4/4], Batch: 5460/9482, Loss: 133.954, Trans_L2_m: 0.768, Yaw_err_deg: 2.708
Epoch: [4/4], Batch: 5470/9482, Loss: 1547.785, Trans_L2_m: 0.596, Yaw_err_deg: 9.053
Epoch: [4/4], Batch: 5480/9482, Loss: 276.277, Trans_L2_m: 1.165, Yaw_err_deg: 3.668
Epoch: [4/4], Batch: 5490/9482, Loss: 102.407, Trans_L2_m: 0.654, Yaw_err_deg: 2.037
Epoch: [4/4], Batch: 5500/9482, Loss: 94.224, Trans_L2_m: 0.674, Yaw_err_deg: 2.084
Epoch: [4/4], Batch: 5510/9482, Loss: 208.690, Trans_L2_m: 0.619, Yaw_err_deg: 3.623
Epoch: [4/4], Batch: 5520/9482, Loss: 267.426, Trans_L2_m: 0.627, Yaw_err_deg: 4.542
Epoch: [4/4], Batch: 5530/9482, Loss: 619.723, Trans_L2_m: 0.745, Yaw_err_deg: 5.763
Epoch: [4/4], Batch: 5540/9482, Loss: 380.089, Trans_L2_m: 0.446, Yaw_err_deg: 5.372
Epoch: [4/4], Batch: 5550/9482, Loss: 180.136, Trans_L2_m: 0.435, Yaw_err_deg: 3.984
Epoch: [4/4], Batch: 5560/9482, Loss: 205.157, Trans_L2_m: 0.419, Yaw_err_deg: 3.777
Epoch: [4/4], Batch: 5570/9482, Loss: 274.853, Trans_L2_m: 0.380, Yaw_err_deg: 4.452
Epoch: [4/4], Batch: 5580/9482, Loss: 706.679, Trans_L2_m: 0.832, Yaw_err_deg: 8.510
Epoch: [4/4], Batch: 5590/9482, Loss: 580.429, Trans_L2_m: 0.428, Yaw_err_deg: 5.144
Epoch: [4/4], Batch: 5600/9482, Loss: 224.863, Trans_L2_m: 0.664, Yaw_err_deg: 3.696
Epoch: [4/4], Batch: 5610/9482, Loss: 236.204, Trans_L2_m: 0.338, Yaw_err_deg: 4.250
Epoch: [4/4], Batch: 5620/9482, Loss: 685.287, Trans_L2_m: 0.604, Yaw_err_deg: 9.284
Epoch: [4/4], Batch: 5630/9482, Loss: 302.190, Trans_L2_m: 0.531, Yaw_err_deg: 4.626
Epoch: [4/4], Batch: 5640/9482, Loss: 205.293, Trans_L2_m: 0.340, Yaw_err_deg: 4.904
Epoch: [4/4], Batch: 5650/9482, Loss: 229.318, Trans_L2_m: 0.516, Yaw_err_deg: 3.940
Epoch: [4/4], Batch: 5660/9482, Loss: 486.482, Trans_L2_m: 0.577, Yaw_err_deg: 6.803
Epoch: [4/4], Batch: 5670/9482, Loss: 284.418, Trans_L2_m: 0.774, Yaw_err_deg: 4.589
Epoch: [4/4], Batch: 5680/9482, Loss: 391.488, Trans_L2_m: 0.754, Yaw_err_deg: 5.523
Epoch: [4/4], Batch: 5690/9482, Loss: 560.046, Trans_L2_m: 0.656, Yaw_err_deg: 5.768
Epoch: [4/4], Batch: 5700/9482, Loss: 106.868, Trans_L2_m: 0.558, Yaw_err_deg: 1.249
Epoch: [4/4], Batch: 5710/9482, Loss: 97.693, Trans_L2_m: 0.834, Yaw_err_deg: 1.980
Epoch: [4/4], Batch: 5720/9482, Loss: 659.557, Trans_L2_m: 0.614, Yaw_err_deg: 4.977
Epoch: [4/4], Batch: 5730/9482, Loss: 411.769, Trans_L2_m: 0.519, Yaw_err_deg: 5.900
Epoch: [4/4], Batch: 5740/9482, Loss: 108.149, Trans_L2_m: 0.829, Yaw_err_deg: 2.302
Epoch: [4/4], Batch: 5750/9482, Loss: 488.962, Trans_L2_m: 0.726, Yaw_err_deg: 7.515
Epoch: [4/4], Batch: 5760/9482, Loss: 795.221, Trans_L2_m: 0.568, Yaw_err_deg: 6.175
Epoch: [4/4], Batch: 5770/9482, Loss: 171.286, Trans_L2_m: 0.694, Yaw_err_deg: 3.614
Epoch: [4/4], Batch: 5780/9482, Loss: 140.726, Trans_L2_m: 0.609, Yaw_err_deg: 2.672
Epoch: [4/4], Batch: 5790/9482, Loss: 184.769, Trans_L2_m: 0.850, Yaw_err_deg: 3.266
Epoch: [4/4], Batch: 5800/9482, Loss: 164.673, Trans_L2_m: 0.513, Yaw_err_deg: 3.969
Epoch: [4/4], Batch: 5810/9482, Loss: 177.019, Trans_L2_m: 0.551, Yaw_err_deg: 3.213
Epoch: [4/4], Batch: 5820/9482, Loss: 91.485, Trans_L2_m: 0.434, Yaw_err_deg: 1.627
Epoch: [4/4], Batch: 5830/9482, Loss: 1142.121, Trans_L2_m: 0.429, Yaw_err_deg: 9.025
Epoch: [4/4], Batch: 5840/9482, Loss: 121.199, Trans_L2_m: 0.471, Yaw_err_deg: 3.073
Epoch: [4/4], Batch: 5850/9482, Loss: 143.460, Trans_L2_m: 0.658, Yaw_err_deg: 2.829
Epoch: [4/4], Batch: 5860/9482, Loss: 249.188, Trans_L2_m: 0.579, Yaw_err_deg: 4.405
Epoch: [4/4], Batch: 5870/9482, Loss: 771.702, Trans_L2_m: 0.723, Yaw_err_deg: 6.156
Epoch: [4/4], Batch: 5880/9482, Loss: 304.607, Trans_L2_m: 0.974, Yaw_err_deg: 3.874
Epoch: [4/4], Batch: 5890/9482, Loss: 295.659, Trans_L2_m: 0.309, Yaw_err_deg: 4.250
Epoch: [4/4], Batch: 5900/9482, Loss: 287.160, Trans_L2_m: 0.730, Yaw_err_deg: 4.910
Epoch: [4/4], Batch: 5910/9482, Loss: 131.215, Trans_L2_m: 0.390, Yaw_err_deg: 2.348
Epoch: [4/4], Batch: 5920/9482, Loss: 167.078, Trans_L2_m: 0.445, Yaw_err_deg: 3.649
Epoch: [4/4], Batch: 5930/9482, Loss: 167.891, Trans_L2_m: 0.465, Yaw_err_deg: 3.021
Epoch: [4/4], Batch: 5940/9482, Loss: 63.418, Trans_L2_m: 0.401, Yaw_err_deg: 1.305
Epoch: [4/4], Batch: 5950/9482, Loss: 92.367, Trans_L2_m: 0.680, Yaw_err_deg: 2.434
Epoch: [4/4], Batch: 5960/9482, Loss: 142.209, Trans_L2_m: 0.564, Yaw_err_deg: 3.159
Epoch: [4/4], Batch: 5970/9482, Loss: 135.161, Trans_L2_m: 0.339, Yaw_err_deg: 2.860
Epoch: [4/4], Batch: 5980/9482, Loss: 79.181, Trans_L2_m: 0.703, Yaw_err_deg: 1.690
Epoch: [4/4], Batch: 5990/9482, Loss: 681.086, Trans_L2_m: 0.749, Yaw_err_deg: 7.782
Epoch: [4/4], Batch: 6000/9482, Loss: 117.809, Trans_L2_m: 0.359, Yaw_err_deg: 2.981
Epoch: [4/4], Batch: 6010/9482, Loss: 319.862, Trans_L2_m: 0.528, Yaw_err_deg: 5.200
Epoch: [4/4], Batch: 6020/9482, Loss: 158.448, Trans_L2_m: 0.479, Yaw_err_deg: 3.741
Epoch: [4/4], Batch: 6030/9482, Loss: 285.510, Trans_L2_m: 0.736, Yaw_err_deg: 5.755
Epoch: [4/4], Batch: 6040/9482, Loss: 199.571, Trans_L2_m: 0.436, Yaw_err_deg: 4.618
Epoch: [4/4], Batch: 6050/9482, Loss: 75.423, Trans_L2_m: 0.248, Yaw_err_deg: 1.888
Epoch: [4/4], Batch: 6060/9482, Loss: 283.899, Trans_L2_m: 0.785, Yaw_err_deg: 4.975
Epoch: [4/4], Batch: 6070/9482, Loss: 68.242, Trans_L2_m: 0.695, Yaw_err_deg: 1.050
Epoch: [4/4], Batch: 6080/9482, Loss: 195.993, Trans_L2_m: 0.361, Yaw_err_deg: 4.175
Epoch: [4/4], Batch: 6090/9482, Loss: 211.675, Trans_L2_m: 0.681, Yaw_err_deg: 4.086
Epoch: [4/4], Batch: 6100/9482, Loss: 136.730, Trans_L2_m: 0.572, Yaw_err_deg: 2.376
Epoch: [4/4], Batch: 6110/9482, Loss: 141.026, Trans_L2_m: 0.400, Yaw_err_deg: 2.963
Epoch: [4/4], Batch: 6120/9482, Loss: 148.725, Trans_L2_m: 0.496, Yaw_err_deg: 3.037
Epoch: [4/4], Batch: 6130/9482, Loss: 75.073, Trans_L2_m: 0.475, Yaw_err_deg: 1.452
Epoch: [4/4], Batch: 6140/9482, Loss: 177.454, Trans_L2_m: 0.653, Yaw_err_deg: 3.783
Epoch: [4/4], Batch: 6150/9482, Loss: 157.970, Trans_L2_m: 0.291, Yaw_err_deg: 3.245
Epoch: [4/4], Batch: 6160/9482, Loss: 218.288, Trans_L2_m: 0.505, Yaw_err_deg: 3.483
Epoch: [4/4], Batch: 6170/9482, Loss: 81.933, Trans_L2_m: 0.806, Yaw_err_deg: 1.436
Epoch: [4/4], Batch: 6180/9482, Loss: 218.808, Trans_L2_m: 0.496, Yaw_err_deg: 4.232
Epoch: [4/4], Batch: 6190/9482, Loss: 157.251, Trans_L2_m: 0.245, Yaw_err_deg: 3.227
Epoch: [4/4], Batch: 6200/9482, Loss: 623.371, Trans_L2_m: 0.534, Yaw_err_deg: 5.286
Epoch: [4/4], Batch: 6210/9482, Loss: 113.365, Trans_L2_m: 0.548, Yaw_err_deg: 2.341
Epoch: [4/4], Batch: 6220/9482, Loss: 122.075, Trans_L2_m: 0.301, Yaw_err_deg: 2.727
Epoch: [4/4], Batch: 6230/9482, Loss: 149.675, Trans_L2_m: 0.449, Yaw_err_deg: 3.340
Epoch: [4/4], Batch: 6240/9482, Loss: 458.336, Trans_L2_m: 0.470, Yaw_err_deg: 6.704
Epoch: [4/4], Batch: 6250/9482, Loss: 88.620, Trans_L2_m: 0.484, Yaw_err_deg: 1.618
Epoch: [4/4], Batch: 6260/9482, Loss: 227.250, Trans_L2_m: 0.584, Yaw_err_deg: 3.919
Epoch: [4/4], Batch: 6270/9482, Loss: 95.111, Trans_L2_m: 0.787, Yaw_err_deg: 1.747
Epoch: [4/4], Batch: 6280/9482, Loss: 201.600, Trans_L2_m: 0.498, Yaw_err_deg: 4.071
Epoch: [4/4], Batch: 6290/9482, Loss: 689.050, Trans_L2_m: 0.362, Yaw_err_deg: 7.590
Epoch: [4/4], Batch: 6300/9482, Loss: 334.008, Trans_L2_m: 0.630, Yaw_err_deg: 4.440
Epoch: [4/4], Batch: 6310/9482, Loss: 660.870, Trans_L2_m: 0.567, Yaw_err_deg: 7.305
Epoch: [4/4], Batch: 6320/9482, Loss: 704.753, Trans_L2_m: 0.759, Yaw_err_deg: 6.332
Epoch: [4/4], Batch: 6330/9482, Loss: 231.849, Trans_L2_m: 0.552, Yaw_err_deg: 4.173
Epoch: [4/4], Batch: 6340/9482, Loss: 295.767, Trans_L2_m: 0.481, Yaw_err_deg: 5.178
Epoch: [4/4], Batch: 6350/9482, Loss: 161.180, Trans_L2_m: 0.632, Yaw_err_deg: 3.288
Epoch: [4/4], Batch: 6360/9482, Loss: 189.621, Trans_L2_m: 0.573, Yaw_err_deg: 3.779
Epoch: [4/4], Batch: 6370/9482, Loss: 350.106, Trans_L2_m: 0.591, Yaw_err_deg: 6.180
Epoch: [4/4], Batch: 6380/9482, Loss: 192.728, Trans_L2_m: 0.785, Yaw_err_deg: 3.676
Epoch: [4/4], Batch: 6390/9482, Loss: 131.296, Trans_L2_m: 0.673, Yaw_err_deg: 2.402
Epoch: [4/4], Batch: 6400/9482, Loss: 308.414, Trans_L2_m: 0.701, Yaw_err_deg: 5.416
Epoch: [4/4], Batch: 6410/9482, Loss: 348.181, Trans_L2_m: 0.944, Yaw_err_deg: 5.661
Epoch: [4/4], Batch: 6420/9482, Loss: 156.543, Trans_L2_m: 1.223, Yaw_err_deg: 3.185
Epoch: [4/4], Batch: 6430/9482, Loss: 163.964, Trans_L2_m: 0.719, Yaw_err_deg: 3.192
Epoch: [4/4], Batch: 6440/9482, Loss: 91.112, Trans_L2_m: 0.511, Yaw_err_deg: 1.284
Epoch: [4/4], Batch: 6450/9482, Loss: 174.197, Trans_L2_m: 0.432, Yaw_err_deg: 2.468
Epoch: [4/4], Batch: 6460/9482, Loss: 84.484, Trans_L2_m: 0.787, Yaw_err_deg: 1.343
Epoch: [4/4], Batch: 6470/9482, Loss: 71.175, Trans_L2_m: 0.602, Yaw_err_deg: 1.331
Epoch: [4/4], Batch: 6480/9482, Loss: 211.843, Trans_L2_m: 0.838, Yaw_err_deg: 3.620
Epoch: [4/4], Batch: 6490/9482, Loss: 246.188, Trans_L2_m: 0.708, Yaw_err_deg: 2.999
Epoch: [4/4], Batch: 6500/9482, Loss: 152.363, Trans_L2_m: 0.583, Yaw_err_deg: 2.671
Epoch: [4/4], Batch: 6510/9482, Loss: 133.908, Trans_L2_m: 0.419, Yaw_err_deg: 3.706
Epoch: [4/4], Batch: 6520/9482, Loss: 69.446, Trans_L2_m: 0.493, Yaw_err_deg: 1.040
Epoch: [4/4], Batch: 6530/9482, Loss: 171.832, Trans_L2_m: 0.551, Yaw_err_deg: 3.811
Epoch: [4/4], Batch: 6540/9482, Loss: 271.797, Trans_L2_m: 0.409, Yaw_err_deg: 5.029
Epoch: [4/4], Batch: 6550/9482, Loss: 1082.243, Trans_L2_m: 0.700, Yaw_err_deg: 12.301
Epoch: [4/4], Batch: 6560/9482, Loss: 239.850, Trans_L2_m: 0.361, Yaw_err_deg: 3.896
Epoch: [4/4], Batch: 6570/9482, Loss: 1155.378, Trans_L2_m: 0.624, Yaw_err_deg: 8.369
Epoch: [4/4], Batch: 6580/9482, Loss: 164.453, Trans_L2_m: 0.647, Yaw_err_deg: 3.308
Epoch: [4/4], Batch: 6590/9482, Loss: 149.351, Trans_L2_m: 0.477, Yaw_err_deg: 3.625
Epoch: [4/4], Batch: 6600/9482, Loss: 140.206, Trans_L2_m: 0.651, Yaw_err_deg: 2.770
Epoch: [4/4], Batch: 6610/9482, Loss: 155.657, Trans_L2_m: 0.642, Yaw_err_deg: 3.412
Epoch: [4/4], Batch: 6620/9482, Loss: 439.187, Trans_L2_m: 0.632, Yaw_err_deg: 5.516
Epoch: [4/4], Batch: 6630/9482, Loss: 536.810, Trans_L2_m: 0.552, Yaw_err_deg: 4.860
Epoch: [4/4], Batch: 6640/9482, Loss: 233.831, Trans_L2_m: 0.472, Yaw_err_deg: 3.908
Epoch: [4/4], Batch: 6650/9482, Loss: 336.017, Trans_L2_m: 0.800, Yaw_err_deg: 4.605
Epoch: [4/4], Batch: 6660/9482, Loss: 209.370, Trans_L2_m: 0.413, Yaw_err_deg: 3.739
Epoch: [4/4], Batch: 6670/9482, Loss: 125.372, Trans_L2_m: 0.371, Yaw_err_deg: 2.041
Epoch: [4/4], Batch: 6680/9482, Loss: 107.381, Trans_L2_m: 0.883, Yaw_err_deg: 2.252
Epoch: [4/4], Batch: 6690/9482, Loss: 175.802, Trans_L2_m: 1.134, Yaw_err_deg: 2.876
Epoch: [4/4], Batch: 6700/9482, Loss: 101.756, Trans_L2_m: 0.875, Yaw_err_deg: 1.584
Epoch: [4/4], Batch: 6710/9482, Loss: 161.994, Trans_L2_m: 0.308, Yaw_err_deg: 3.508
Epoch: [4/4], Batch: 6720/9482, Loss: 203.107, Trans_L2_m: 0.537, Yaw_err_deg: 3.485
Epoch: [4/4], Batch: 6730/9482, Loss: 830.962, Trans_L2_m: 0.400, Yaw_err_deg: 8.287
Epoch: [4/4], Batch: 6740/9482, Loss: 200.033, Trans_L2_m: 0.416, Yaw_err_deg: 3.675
Epoch: [4/4], Batch: 6750/9482, Loss: 671.765, Trans_L2_m: 0.954, Yaw_err_deg: 5.566
Epoch: [4/4], Batch: 6760/9482, Loss: 240.734, Trans_L2_m: 0.704, Yaw_err_deg: 3.547
Epoch: [4/4], Batch: 6770/9482, Loss: 163.544, Trans_L2_m: 0.907, Yaw_err_deg: 3.132
Epoch: [4/4], Batch: 6780/9482, Loss: 135.662, Trans_L2_m: 0.505, Yaw_err_deg: 3.716
Epoch: [4/4], Batch: 6790/9482, Loss: 262.268, Trans_L2_m: 0.711, Yaw_err_deg: 4.555
Epoch: [4/4], Batch: 6800/9482, Loss: 1165.531, Trans_L2_m: 0.360, Yaw_err_deg: 5.816
Epoch: [4/4], Batch: 6810/9482, Loss: 1293.196, Trans_L2_m: 0.404, Yaw_err_deg: 9.694
Epoch: [4/4], Batch: 6820/9482, Loss: 571.293, Trans_L2_m: 0.317, Yaw_err_deg: 8.003
Epoch: [4/4], Batch: 6830/9482, Loss: 693.020, Trans_L2_m: 0.969, Yaw_err_deg: 8.570
Epoch: [4/4], Batch: 6840/9482, Loss: 112.736, Trans_L2_m: 0.545, Yaw_err_deg: 2.420
Epoch: [4/4], Batch: 6850/9482, Loss: 112.362, Trans_L2_m: 0.507, Yaw_err_deg: 1.997
Epoch: [4/4], Batch: 6860/9482, Loss: 391.588, Trans_L2_m: 0.616, Yaw_err_deg: 5.526
Epoch: [4/4], Batch: 6870/9482, Loss: 284.028, Trans_L2_m: 1.065, Yaw_err_deg: 5.170
Epoch: [4/4], Batch: 6880/9482, Loss: 160.426, Trans_L2_m: 0.604, Yaw_err_deg: 3.442
Epoch: [4/4], Batch: 6890/9482, Loss: 594.458, Trans_L2_m: 0.611, Yaw_err_deg: 6.469
Epoch: [4/4], Batch: 6900/9482, Loss: 176.781, Trans_L2_m: 0.492, Yaw_err_deg: 3.597
Epoch: [4/4], Batch: 6910/9482, Loss: 234.313, Trans_L2_m: 0.480, Yaw_err_deg: 4.303
Epoch: [4/4], Batch: 6920/9482, Loss: 91.016, Trans_L2_m: 0.286, Yaw_err_deg: 1.745
Epoch: [4/4], Batch: 6930/9482, Loss: 80.979, Trans_L2_m: 0.362, Yaw_err_deg: 2.073
Epoch: [4/4], Batch: 6940/9482, Loss: 290.927, Trans_L2_m: 0.597, Yaw_err_deg: 5.343
Epoch: [4/4], Batch: 6950/9482, Loss: 128.551, Trans_L2_m: 0.396, Yaw_err_deg: 3.060
Epoch: [4/4], Batch: 6960/9482, Loss: 87.045, Trans_L2_m: 0.769, Yaw_err_deg: 1.506
Epoch: [4/4], Batch: 6970/9482, Loss: 183.107, Trans_L2_m: 0.271, Yaw_err_deg: 3.136
Epoch: [4/4], Batch: 6980/9482, Loss: 127.467, Trans_L2_m: 0.425, Yaw_err_deg: 2.454
Epoch: [4/4], Batch: 6990/9482, Loss: 520.754, Trans_L2_m: 0.705, Yaw_err_deg: 7.419
Epoch: [4/4], Batch: 7000/9482, Loss: 224.073, Trans_L2_m: 0.471, Yaw_err_deg: 3.978
Epoch: [4/4], Batch: 7010/9482, Loss: 452.718, Trans_L2_m: 0.643, Yaw_err_deg: 7.074
Epoch: [4/4], Batch: 7020/9482, Loss: 198.731, Trans_L2_m: 0.832, Yaw_err_deg: 3.448
Epoch: [4/4], Batch: 7030/9482, Loss: 153.227, Trans_L2_m: 0.582, Yaw_err_deg: 3.527
Epoch: [4/4], Batch: 7040/9482, Loss: 113.354, Trans_L2_m: 0.628, Yaw_err_deg: 2.622
Epoch: [4/4], Batch: 7050/9482, Loss: 101.325, Trans_L2_m: 0.467, Yaw_err_deg: 2.844
Epoch: [4/4], Batch: 7060/9482, Loss: 60.958, Trans_L2_m: 0.759, Yaw_err_deg: 0.810
Epoch: [4/4], Batch: 7070/9482, Loss: 161.028, Trans_L2_m: 0.522, Yaw_err_deg: 3.749
Epoch: [4/4], Batch: 7080/9482, Loss: 222.303, Trans_L2_m: 0.565, Yaw_err_deg: 4.630
Epoch: [4/4], Batch: 7090/9482, Loss: 177.466, Trans_L2_m: 0.612, Yaw_err_deg: 4.123
Epoch: [4/4], Batch: 7100/9482, Loss: 258.708, Trans_L2_m: 0.542, Yaw_err_deg: 4.815
Epoch: [4/4], Batch: 7110/9482, Loss: 135.360, Trans_L2_m: 0.496, Yaw_err_deg: 2.897
Epoch: [4/4], Batch: 7120/9482, Loss: 114.557, Trans_L2_m: 0.482, Yaw_err_deg: 2.401
Epoch: [4/4], Batch: 7130/9482, Loss: 121.982, Trans_L2_m: 0.599, Yaw_err_deg: 2.584
Epoch: [4/4], Batch: 7140/9482, Loss: 90.620, Trans_L2_m: 0.717, Yaw_err_deg: 1.260
Epoch: [4/4], Batch: 7150/9482, Loss: 158.858, Trans_L2_m: 0.581, Yaw_err_deg: 4.197
Epoch: [4/4], Batch: 7160/9482, Loss: 194.141, Trans_L2_m: 0.420, Yaw_err_deg: 4.278
Epoch: [4/4], Batch: 7170/9482, Loss: 1280.884, Trans_L2_m: 0.585, Yaw_err_deg: 7.965
Epoch: [4/4], Batch: 7180/9482, Loss: 129.248, Trans_L2_m: 0.351, Yaw_err_deg: 2.716
Epoch: [4/4], Batch: 7190/9482, Loss: 875.056, Trans_L2_m: 0.617, Yaw_err_deg: 7.939
Epoch: [4/4], Batch: 7200/9482, Loss: 166.227, Trans_L2_m: 0.677, Yaw_err_deg: 3.402
Epoch: [4/4], Batch: 7210/9482, Loss: 524.258, Trans_L2_m: 0.575, Yaw_err_deg: 6.844
Epoch: [4/4], Batch: 7220/9482, Loss: 212.916, Trans_L2_m: 0.790, Yaw_err_deg: 3.771
Epoch: [4/4], Batch: 7230/9482, Loss: 119.768, Trans_L2_m: 0.464, Yaw_err_deg: 3.405
Epoch: [4/4], Batch: 7240/9482, Loss: 331.284, Trans_L2_m: 0.548, Yaw_err_deg: 4.189
Epoch: [4/4], Batch: 7250/9482, Loss: 77.096, Trans_L2_m: 0.290, Yaw_err_deg: 1.825
Epoch: [4/4], Batch: 7260/9482, Loss: 299.978, Trans_L2_m: 0.352, Yaw_err_deg: 4.629
Epoch: [4/4], Batch: 7270/9482, Loss: 125.763, Trans_L2_m: 0.430, Yaw_err_deg: 2.648
Epoch: [4/4], Batch: 7280/9482, Loss: 261.354, Trans_L2_m: 0.637, Yaw_err_deg: 5.299
Epoch: [4/4], Batch: 7290/9482, Loss: 158.904, Trans_L2_m: 0.575, Yaw_err_deg: 3.442
Epoch: [4/4], Batch: 7300/9482, Loss: 175.373, Trans_L2_m: 0.420, Yaw_err_deg: 3.909
Epoch: [4/4], Batch: 7310/9482, Loss: 148.488, Trans_L2_m: 0.660, Yaw_err_deg: 2.988
Epoch: [4/4], Batch: 7320/9482, Loss: 93.878, Trans_L2_m: 0.670, Yaw_err_deg: 1.865
Epoch: [4/4], Batch: 7330/9482, Loss: 64.240, Trans_L2_m: 0.430, Yaw_err_deg: 1.059
Epoch: [4/4], Batch: 7340/9482, Loss: 183.244, Trans_L2_m: 0.523, Yaw_err_deg: 4.071
Epoch: [4/4], Batch: 7350/9482, Loss: 120.275, Trans_L2_m: 0.911, Yaw_err_deg: 1.614
Epoch: [4/4], Batch: 7360/9482, Loss: 175.919, Trans_L2_m: 0.684, Yaw_err_deg: 3.357
Epoch: [4/4], Batch: 7370/9482, Loss: 158.679, Trans_L2_m: 0.588, Yaw_err_deg: 3.191
Epoch: [4/4], Batch: 7380/9482, Loss: 98.456, Trans_L2_m: 0.798, Yaw_err_deg: 2.379
Epoch: [4/4], Batch: 7390/9482, Loss: 178.165, Trans_L2_m: 0.450, Yaw_err_deg: 3.348
Epoch: [4/4], Batch: 7400/9482, Loss: 116.059, Trans_L2_m: 0.284, Yaw_err_deg: 2.370
Epoch: [4/4], Batch: 7410/9482, Loss: 132.484, Trans_L2_m: 0.839, Yaw_err_deg: 2.305
Epoch: [4/4], Batch: 7420/9482, Loss: 140.761, Trans_L2_m: 0.427, Yaw_err_deg: 3.120
Epoch: [4/4], Batch: 7430/9482, Loss: 261.832, Trans_L2_m: 0.399, Yaw_err_deg: 3.880
Epoch: [4/4], Batch: 7440/9482, Loss: 403.064, Trans_L2_m: 0.510, Yaw_err_deg: 5.503
Epoch: [4/4], Batch: 7450/9482, Loss: 273.751, Trans_L2_m: 0.462, Yaw_err_deg: 3.819
Epoch: [4/4], Batch: 7460/9482, Loss: 348.379, Trans_L2_m: 0.647, Yaw_err_deg: 3.975
Epoch: [4/4], Batch: 7470/9482, Loss: 109.802, Trans_L2_m: 0.536, Yaw_err_deg: 2.790
Epoch: [4/4], Batch: 7480/9482, Loss: 173.023, Trans_L2_m: 0.421, Yaw_err_deg: 3.456
Epoch: [4/4], Batch: 7490/9482, Loss: 175.882, Trans_L2_m: 0.473, Yaw_err_deg: 3.915
Epoch: [4/4], Batch: 7500/9482, Loss: 169.946, Trans_L2_m: 0.555, Yaw_err_deg: 3.027
Epoch: [4/4], Batch: 7510/9482, Loss: 338.017, Trans_L2_m: 0.560, Yaw_err_deg: 5.920
Epoch: [4/4], Batch: 7520/9482, Loss: 747.057, Trans_L2_m: 0.524, Yaw_err_deg: 8.651
Epoch: [4/4], Batch: 7530/9482, Loss: 235.296, Trans_L2_m: 0.411, Yaw_err_deg: 4.834
Epoch: [4/4], Batch: 7540/9482, Loss: 479.962, Trans_L2_m: 0.484, Yaw_err_deg: 6.893
Epoch: [4/4], Batch: 7550/9482, Loss: 69.290, Trans_L2_m: 0.691, Yaw_err_deg: 1.749
Epoch: [4/4], Batch: 7560/9482, Loss: 194.837, Trans_L2_m: 0.651, Yaw_err_deg: 3.931
Epoch: [4/4], Batch: 7570/9482, Loss: 641.015, Trans_L2_m: 0.654, Yaw_err_deg: 7.877
Epoch: [4/4], Batch: 7580/9482, Loss: 296.613, Trans_L2_m: 0.732, Yaw_err_deg: 5.711
Epoch: [4/4], Batch: 7590/9482, Loss: 130.119, Trans_L2_m: 0.612, Yaw_err_deg: 2.862
Epoch: [4/4], Batch: 7600/9482, Loss: 80.039, Trans_L2_m: 0.471, Yaw_err_deg: 1.500
Epoch: [4/4], Batch: 7610/9482, Loss: 136.017, Trans_L2_m: 0.540, Yaw_err_deg: 2.670
Epoch: [4/4], Batch: 7620/9482, Loss: 127.643, Trans_L2_m: 0.651, Yaw_err_deg: 1.879
Epoch: [4/4], Batch: 7630/9482, Loss: 153.993, Trans_L2_m: 0.719, Yaw_err_deg: 2.773
Epoch: [4/4], Batch: 7640/9482, Loss: 258.283, Trans_L2_m: 0.837, Yaw_err_deg: 4.641
Epoch: [4/4], Batch: 7650/9482, Loss: 275.305, Trans_L2_m: 0.792, Yaw_err_deg: 3.961
Epoch: [4/4], Batch: 7660/9482, Loss: 161.065, Trans_L2_m: 0.812, Yaw_err_deg: 3.515
Epoch: [4/4], Batch: 7670/9482, Loss: 209.017, Trans_L2_m: 0.675, Yaw_err_deg: 3.514
Epoch: [4/4], Batch: 7680/9482, Loss: 130.146, Trans_L2_m: 0.453, Yaw_err_deg: 3.127
Epoch: [4/4], Batch: 7690/9482, Loss: 125.912, Trans_L2_m: 0.410, Yaw_err_deg: 1.536
Epoch: [4/4], Batch: 7700/9482, Loss: 129.088, Trans_L2_m: 0.525, Yaw_err_deg: 3.068
Epoch: [4/4], Batch: 7710/9482, Loss: 285.271, Trans_L2_m: 0.537, Yaw_err_deg: 4.498
Epoch: [4/4], Batch: 7720/9482, Loss: 79.564, Trans_L2_m: 0.662, Yaw_err_deg: 1.061
Epoch: [4/4], Batch: 7730/9482, Loss: 90.088, Trans_L2_m: 0.545, Yaw_err_deg: 1.967
Epoch: [4/4], Batch: 7740/9482, Loss: 163.169, Trans_L2_m: 0.602, Yaw_err_deg: 3.699
Epoch: [4/4], Batch: 7750/9482, Loss: 148.452, Trans_L2_m: 0.496, Yaw_err_deg: 2.815
Epoch: [4/4], Batch: 7760/9482, Loss: 102.609, Trans_L2_m: 0.612, Yaw_err_deg: 2.583
Epoch: [4/4], Batch: 7770/9482, Loss: 87.950, Trans_L2_m: 0.623, Yaw_err_deg: 1.810
Epoch: [4/4], Batch: 7780/9482, Loss: 131.383, Trans_L2_m: 0.537, Yaw_err_deg: 2.659
Epoch: [4/4], Batch: 7790/9482, Loss: 121.920, Trans_L2_m: 0.488, Yaw_err_deg: 2.999
Epoch: [4/4], Batch: 7800/9482, Loss: 128.686, Trans_L2_m: 0.469, Yaw_err_deg: 2.407
Epoch: [4/4], Batch: 7810/9482, Loss: 164.966, Trans_L2_m: 0.367, Yaw_err_deg: 4.128
Epoch: [4/4], Batch: 7820/9482, Loss: 273.201, Trans_L2_m: 0.464, Yaw_err_deg: 5.369
Epoch: [4/4], Batch: 7830/9482, Loss: 376.642, Trans_L2_m: 0.590, Yaw_err_deg: 6.469
Epoch: [4/4], Batch: 7840/9482, Loss: 58.436, Trans_L2_m: 0.524, Yaw_err_deg: 1.376
Epoch: [4/4], Batch: 7850/9482, Loss: 88.741, Trans_L2_m: 0.656, Yaw_err_deg: 1.792
Epoch: [4/4], Batch: 7860/9482, Loss: 210.478, Trans_L2_m: 0.729, Yaw_err_deg: 4.115
Epoch: [4/4], Batch: 7870/9482, Loss: 248.690, Trans_L2_m: 0.304, Yaw_err_deg: 4.491
Epoch: [4/4], Batch: 7880/9482, Loss: 115.980, Trans_L2_m: 0.411, Yaw_err_deg: 2.910
Epoch: [4/4], Batch: 7890/9482, Loss: 640.681, Trans_L2_m: 0.542, Yaw_err_deg: 5.849
Epoch: [4/4], Batch: 7900/9482, Loss: 189.709, Trans_L2_m: 0.407, Yaw_err_deg: 3.280
Epoch: [4/4], Batch: 7910/9482, Loss: 857.770, Trans_L2_m: 0.486, Yaw_err_deg: 8.279
Epoch: [4/4], Batch: 7920/9482, Loss: 103.308, Trans_L2_m: 0.369, Yaw_err_deg: 1.965
Epoch: [4/4], Batch: 7930/9482, Loss: 180.621, Trans_L2_m: 0.483, Yaw_err_deg: 3.847
Epoch: [4/4], Batch: 7940/9482, Loss: 430.456, Trans_L2_m: 0.723, Yaw_err_deg: 5.267
Epoch: [4/4], Batch: 7950/9482, Loss: 70.660, Trans_L2_m: 0.530, Yaw_err_deg: 1.533
Epoch: [4/4], Batch: 7960/9482, Loss: 200.303, Trans_L2_m: 0.532, Yaw_err_deg: 4.004
Epoch: [4/4], Batch: 7970/9482, Loss: 145.472, Trans_L2_m: 0.651, Yaw_err_deg: 2.836
Epoch: [4/4], Batch: 7980/9482, Loss: 250.162, Trans_L2_m: 0.554, Yaw_err_deg: 3.886
Epoch: [4/4], Batch: 7990/9482, Loss: 156.403, Trans_L2_m: 0.712, Yaw_err_deg: 2.676
Epoch: [4/4], Batch: 8000/9482, Loss: 153.718, Trans_L2_m: 0.502, Yaw_err_deg: 3.778
Epoch: [4/4], Batch: 8010/9482, Loss: 115.501, Trans_L2_m: 0.434, Yaw_err_deg: 2.387
Epoch: [4/4], Batch: 8020/9482, Loss: 122.952, Trans_L2_m: 0.771, Yaw_err_deg: 2.739
Epoch: [4/4], Batch: 8030/9482, Loss: 240.899, Trans_L2_m: 0.506, Yaw_err_deg: 5.024
Epoch: [4/4], Batch: 8040/9482, Loss: 541.502, Trans_L2_m: 0.376, Yaw_err_deg: 7.671
Epoch: [4/4], Batch: 8050/9482, Loss: 125.636, Trans_L2_m: 0.801, Yaw_err_deg: 2.789
Epoch: [4/4], Batch: 8060/9482, Loss: 172.577, Trans_L2_m: 0.575, Yaw_err_deg: 3.485
Epoch: [4/4], Batch: 8070/9482, Loss: 107.284, Trans_L2_m: 0.482, Yaw_err_deg: 2.203
Epoch: [4/4], Batch: 8080/9482, Loss: 153.394, Trans_L2_m: 0.405, Yaw_err_deg: 3.040
Epoch: [4/4], Batch: 8090/9482, Loss: 1237.239, Trans_L2_m: 0.925, Yaw_err_deg: 9.515
Epoch: [4/4], Batch: 8100/9482, Loss: 138.559, Trans_L2_m: 0.441, Yaw_err_deg: 3.644
Epoch: [4/4], Batch: 8110/9482, Loss: 86.078, Trans_L2_m: 0.639, Yaw_err_deg: 2.305
Epoch: [4/4], Batch: 8120/9482, Loss: 138.996, Trans_L2_m: 0.529, Yaw_err_deg: 3.068
Epoch: [4/4], Batch: 8130/9482, Loss: 296.730, Trans_L2_m: 0.451, Yaw_err_deg: 6.091
Epoch: [4/4], Batch: 8140/9482, Loss: 185.131, Trans_L2_m: 0.312, Yaw_err_deg: 4.081
Epoch: [4/4], Batch: 8150/9482, Loss: 314.553, Trans_L2_m: 0.477, Yaw_err_deg: 5.585
Epoch: [4/4], Batch: 8160/9482, Loss: 93.150, Trans_L2_m: 0.342, Yaw_err_deg: 1.472
Epoch: [4/4], Batch: 8170/9482, Loss: 258.251, Trans_L2_m: 0.478, Yaw_err_deg: 4.373
Epoch: [4/4], Batch: 8180/9482, Loss: 181.609, Trans_L2_m: 0.545, Yaw_err_deg: 3.617
Epoch: [4/4], Batch: 8190/9482, Loss: 600.652, Trans_L2_m: 0.530, Yaw_err_deg: 6.111
Epoch: [4/4], Batch: 8200/9482, Loss: 144.942, Trans_L2_m: 0.268, Yaw_err_deg: 2.701
Epoch: [4/4], Batch: 8210/9482, Loss: 131.030, Trans_L2_m: 0.482, Yaw_err_deg: 2.106
Epoch: [4/4], Batch: 8220/9482, Loss: 171.486, Trans_L2_m: 0.943, Yaw_err_deg: 2.871
Epoch: [4/4], Batch: 8230/9482, Loss: 129.632, Trans_L2_m: 0.558, Yaw_err_deg: 3.202
Epoch: [4/4], Batch: 8240/9482, Loss: 112.057, Trans_L2_m: 0.532, Yaw_err_deg: 2.223
Epoch: [4/4], Batch: 8250/9482, Loss: 140.152, Trans_L2_m: 0.589, Yaw_err_deg: 2.660
Epoch: [4/4], Batch: 8260/9482, Loss: 161.435, Trans_L2_m: 0.298, Yaw_err_deg: 3.496
Epoch: [4/4], Batch: 8270/9482, Loss: 400.200, Trans_L2_m: 0.725, Yaw_err_deg: 5.406
Epoch: [4/4], Batch: 8280/9482, Loss: 227.615, Trans_L2_m: 0.674, Yaw_err_deg: 3.408
Epoch: [4/4], Batch: 8290/9482, Loss: 501.112, Trans_L2_m: 0.668, Yaw_err_deg: 6.973
Epoch: [4/4], Batch: 8300/9482, Loss: 1121.100, Trans_L2_m: 0.510, Yaw_err_deg: 7.219
Epoch: [4/4], Batch: 8310/9482, Loss: 170.093, Trans_L2_m: 0.629, Yaw_err_deg: 3.273
Epoch: [4/4], Batch: 8320/9482, Loss: 157.708, Trans_L2_m: 0.413, Yaw_err_deg: 3.028
Epoch: [4/4], Batch: 8330/9482, Loss: 88.331, Trans_L2_m: 0.663, Yaw_err_deg: 1.473
Epoch: [4/4], Batch: 8340/9482, Loss: 1181.798, Trans_L2_m: 0.538, Yaw_err_deg: 7.062
Epoch: [4/4], Batch: 8350/9482, Loss: 148.538, Trans_L2_m: 0.463, Yaw_err_deg: 3.614
Epoch: [4/4], Batch: 8360/9482, Loss: 122.756, Trans_L2_m: 0.369, Yaw_err_deg: 2.690
Epoch: [4/4], Batch: 8370/9482, Loss: 425.597, Trans_L2_m: 0.708, Yaw_err_deg: 6.466
Epoch: [4/4], Batch: 8380/9482, Loss: 114.589, Trans_L2_m: 0.601, Yaw_err_deg: 2.026
Epoch: [4/4], Batch: 8390/9482, Loss: 943.601, Trans_L2_m: 0.331, Yaw_err_deg: 7.073
Epoch: [4/4], Batch: 8400/9482, Loss: 149.115, Trans_L2_m: 0.651, Yaw_err_deg: 2.991
Epoch: [4/4], Batch: 8410/9482, Loss: 99.467, Trans_L2_m: 0.339, Yaw_err_deg: 1.825
Epoch: [4/4], Batch: 8420/9482, Loss: 90.729, Trans_L2_m: 0.341, Yaw_err_deg: 1.525
Epoch: [4/4], Batch: 8430/9482, Loss: 68.781, Trans_L2_m: 0.713, Yaw_err_deg: 0.736
Epoch: [4/4], Batch: 8440/9482, Loss: 189.665, Trans_L2_m: 0.394, Yaw_err_deg: 2.838
Epoch: [4/4], Batch: 8450/9482, Loss: 841.373, Trans_L2_m: 0.529, Yaw_err_deg: 9.694
Epoch: [4/4], Batch: 8460/9482, Loss: 192.863, Trans_L2_m: 0.490, Yaw_err_deg: 4.131
Epoch: [4/4], Batch: 8470/9482, Loss: 329.866, Trans_L2_m: 0.647, Yaw_err_deg: 5.684
Epoch: [4/4], Batch: 8480/9482, Loss: 80.477, Trans_L2_m: 0.604, Yaw_err_deg: 2.229
Epoch: [4/4], Batch: 8490/9482, Loss: 234.369, Trans_L2_m: 0.534, Yaw_err_deg: 4.623
Epoch: [4/4], Batch: 8500/9482, Loss: 635.845, Trans_L2_m: 0.563, Yaw_err_deg: 7.841
Epoch: [4/4], Batch: 8510/9482, Loss: 371.291, Trans_L2_m: 0.757, Yaw_err_deg: 6.354
Epoch: [4/4], Batch: 8520/9482, Loss: 125.194, Trans_L2_m: 0.407, Yaw_err_deg: 2.881
Epoch: [4/4], Batch: 8530/9482, Loss: 65.086, Trans_L2_m: 0.763, Yaw_err_deg: 1.449
Epoch: [4/4], Batch: 8540/9482, Loss: 176.724, Trans_L2_m: 0.454, Yaw_err_deg: 3.674
Epoch: [4/4], Batch: 8550/9482, Loss: 781.200, Trans_L2_m: 0.526, Yaw_err_deg: 8.836
Epoch: [4/4], Batch: 8560/9482, Loss: 324.918, Trans_L2_m: 0.502, Yaw_err_deg: 5.626
Epoch: [4/4], Batch: 8570/9482, Loss: 121.383, Trans_L2_m: 0.472, Yaw_err_deg: 2.590
Epoch: [4/4], Batch: 8580/9482, Loss: 195.277, Trans_L2_m: 0.721, Yaw_err_deg: 3.785
Epoch: [4/4], Batch: 8590/9482, Loss: 210.040, Trans_L2_m: 0.747, Yaw_err_deg: 4.030
Epoch: [4/4], Batch: 8600/9482, Loss: 126.789, Trans_L2_m: 0.759, Yaw_err_deg: 2.148
Epoch: [4/4], Batch: 8610/9482, Loss: 292.765, Trans_L2_m: 0.499, Yaw_err_deg: 4.077
Epoch: [4/4], Batch: 8620/9482, Loss: 61.583, Trans_L2_m: 0.690, Yaw_err_deg: 1.066
Epoch: [4/4], Batch: 8630/9482, Loss: 150.568, Trans_L2_m: 0.621, Yaw_err_deg: 2.808
Epoch: [4/4], Batch: 8640/9482, Loss: 129.244, Trans_L2_m: 0.594, Yaw_err_deg: 1.709
Epoch: [4/4], Batch: 8650/9482, Loss: 199.723, Trans_L2_m: 0.306, Yaw_err_deg: 3.671
Epoch: [4/4], Batch: 8660/9482, Loss: 845.789, Trans_L2_m: 0.512, Yaw_err_deg: 8.423
Epoch: [4/4], Batch: 8670/9482, Loss: 157.096, Trans_L2_m: 0.550, Yaw_err_deg: 3.588
Epoch: [4/4], Batch: 8680/9482, Loss: 167.614, Trans_L2_m: 0.554, Yaw_err_deg: 2.450
Epoch: [4/4], Batch: 8690/9482, Loss: 156.879, Trans_L2_m: 0.471, Yaw_err_deg: 3.165
Epoch: [4/4], Batch: 8700/9482, Loss: 226.559, Trans_L2_m: 0.721, Yaw_err_deg: 4.340
Epoch: [4/4], Batch: 8710/9482, Loss: 1165.465, Trans_L2_m: 0.427, Yaw_err_deg: 8.218
Epoch: [4/4], Batch: 8720/9482, Loss: 180.490, Trans_L2_m: 0.767, Yaw_err_deg: 3.076
Epoch: [4/4], Batch: 8730/9482, Loss: 280.658, Trans_L2_m: 0.589, Yaw_err_deg: 4.565
Epoch: [4/4], Batch: 8740/9482, Loss: 120.429, Trans_L2_m: 0.725, Yaw_err_deg: 1.585
Epoch: [4/4], Batch: 8750/9482, Loss: 149.196, Trans_L2_m: 0.820, Yaw_err_deg: 2.714
Epoch: [4/4], Batch: 8760/9482, Loss: 135.781, Trans_L2_m: 0.701, Yaw_err_deg: 2.105
Epoch: [4/4], Batch: 8770/9482, Loss: 116.014, Trans_L2_m: 0.163, Yaw_err_deg: 3.039
Epoch: [4/4], Batch: 8780/9482, Loss: 363.220, Trans_L2_m: 0.311, Yaw_err_deg: 6.074
Epoch: [4/4], Batch: 8790/9482, Loss: 130.122, Trans_L2_m: 0.770, Yaw_err_deg: 1.994
Epoch: [4/4], Batch: 8800/9482, Loss: 116.309, Trans_L2_m: 0.520, Yaw_err_deg: 2.684
Epoch: [4/4], Batch: 8810/9482, Loss: 543.398, Trans_L2_m: 0.713, Yaw_err_deg: 5.250
Epoch: [4/4], Batch: 8820/9482, Loss: 132.222, Trans_L2_m: 0.410, Yaw_err_deg: 3.032
Epoch: [4/4], Batch: 8830/9482, Loss: 87.948, Trans_L2_m: 0.290, Yaw_err_deg: 1.724
Epoch: [4/4], Batch: 8840/9482, Loss: 92.184, Trans_L2_m: 0.567, Yaw_err_deg: 2.092
Epoch: [4/4], Batch: 8850/9482, Loss: 62.946, Trans_L2_m: 0.268, Yaw_err_deg: 1.540
Epoch: [4/4], Batch: 8860/9482, Loss: 220.333, Trans_L2_m: 0.969, Yaw_err_deg: 3.415
Epoch: [4/4], Batch: 8870/9482, Loss: 152.322, Trans_L2_m: 0.306, Yaw_err_deg: 2.816
Epoch: [4/4], Batch: 8880/9482, Loss: 154.643, Trans_L2_m: 0.474, Yaw_err_deg: 3.523
Epoch: [4/4], Batch: 8890/9482, Loss: 103.992, Trans_L2_m: 0.510, Yaw_err_deg: 2.353
Epoch: [4/4], Batch: 8900/9482, Loss: 81.215, Trans_L2_m: 0.517, Yaw_err_deg: 1.274
Epoch: [4/4], Batch: 8910/9482, Loss: 157.969, Trans_L2_m: 0.668, Yaw_err_deg: 3.294
Epoch: [4/4], Batch: 8920/9482, Loss: 193.588, Trans_L2_m: 0.548, Yaw_err_deg: 3.832
Epoch: [4/4], Batch: 8930/9482, Loss: 350.553, Trans_L2_m: 0.669, Yaw_err_deg: 4.753
Epoch: [4/4], Batch: 8940/9482, Loss: 331.901, Trans_L2_m: 0.365, Yaw_err_deg: 5.893
Epoch: [4/4], Batch: 8950/9482, Loss: 211.689, Trans_L2_m: 0.428, Yaw_err_deg: 3.996
Epoch: [4/4], Batch: 8960/9482, Loss: 494.242, Trans_L2_m: 0.462, Yaw_err_deg: 7.184
Epoch: [4/4], Batch: 8970/9482, Loss: 210.485, Trans_L2_m: 0.588, Yaw_err_deg: 4.390
Epoch: [4/4], Batch: 8980/9482, Loss: 183.710, Trans_L2_m: 0.452, Yaw_err_deg: 3.132
Epoch: [4/4], Batch: 8990/9482, Loss: 122.544, Trans_L2_m: 0.533, Yaw_err_deg: 2.292
Epoch: [4/4], Batch: 9000/9482, Loss: 158.620, Trans_L2_m: 0.587, Yaw_err_deg: 3.133
Epoch: [4/4], Batch: 9010/9482, Loss: 76.382, Trans_L2_m: 0.613, Yaw_err_deg: 1.796
Epoch: [4/4], Batch: 9020/9482, Loss: 142.703, Trans_L2_m: 0.607, Yaw_err_deg: 2.840
Epoch: [4/4], Batch: 9030/9482, Loss: 117.035, Trans_L2_m: 0.550, Yaw_err_deg: 2.364
Epoch: [4/4], Batch: 9040/9482, Loss: 142.315, Trans_L2_m: 0.508, Yaw_err_deg: 4.116
Epoch: [4/4], Batch: 9050/9482, Loss: 79.252, Trans_L2_m: 0.501, Yaw_err_deg: 1.492
Epoch: [4/4], Batch: 9060/9482, Loss: 518.747, Trans_L2_m: 0.401, Yaw_err_deg: 4.718
Epoch: [4/4], Batch: 9070/9482, Loss: 282.518, Trans_L2_m: 0.576, Yaw_err_deg: 4.205
Epoch: [4/4], Batch: 9080/9482, Loss: 117.259, Trans_L2_m: 0.404, Yaw_err_deg: 2.170
Epoch: [4/4], Batch: 9090/9482, Loss: 115.178, Trans_L2_m: 0.418, Yaw_err_deg: 2.537
Epoch: [4/4], Batch: 9100/9482, Loss: 75.048, Trans_L2_m: 0.463, Yaw_err_deg: 1.349
Epoch: [4/4], Batch: 9110/9482, Loss: 136.533, Trans_L2_m: 0.444, Yaw_err_deg: 2.511
Epoch: [4/4], Batch: 9120/9482, Loss: 241.401, Trans_L2_m: 0.556, Yaw_err_deg: 4.951
Epoch: [4/4], Batch: 9130/9482, Loss: 557.848, Trans_L2_m: 0.360, Yaw_err_deg: 6.485
Epoch: [4/4], Batch: 9140/9482, Loss: 85.049, Trans_L2_m: 0.271, Yaw_err_deg: 2.366
Epoch: [4/4], Batch: 9150/9482, Loss: 165.989, Trans_L2_m: 0.304, Yaw_err_deg: 3.667
Epoch: [4/4], Batch: 9160/9482, Loss: 78.311, Trans_L2_m: 0.610, Yaw_err_deg: 1.874
Epoch: [4/4], Batch: 9170/9482, Loss: 123.422, Trans_L2_m: 0.461, Yaw_err_deg: 2.328
Epoch: [4/4], Batch: 9180/9482, Loss: 130.039, Trans_L2_m: 0.734, Yaw_err_deg: 2.514
Epoch: [4/4], Batch: 9190/9482, Loss: 100.197, Trans_L2_m: 0.355, Yaw_err_deg: 2.390
Epoch: [4/4], Batch: 9200/9482, Loss: 308.240, Trans_L2_m: 0.480, Yaw_err_deg: 4.995
Epoch: [4/4], Batch: 9210/9482, Loss: 284.117, Trans_L2_m: 0.614, Yaw_err_deg: 3.709
Epoch: [4/4], Batch: 9220/9482, Loss: 244.338, Trans_L2_m: 0.584, Yaw_err_deg: 4.136
Epoch: [4/4], Batch: 9230/9482, Loss: 233.668, Trans_L2_m: 0.497, Yaw_err_deg: 3.854
Epoch: [4/4], Batch: 9240/9482, Loss: 98.167, Trans_L2_m: 0.737, Yaw_err_deg: 1.634
Epoch: [4/4], Batch: 9250/9482, Loss: 142.073, Trans_L2_m: 0.587, Yaw_err_deg: 2.252
Epoch: [4/4], Batch: 9260/9482, Loss: 95.056, Trans_L2_m: 0.619, Yaw_err_deg: 2.433
Epoch: [4/4], Batch: 9270/9482, Loss: 111.365, Trans_L2_m: 0.547, Yaw_err_deg: 2.538
Epoch: [4/4], Batch: 9280/9482, Loss: 524.857, Trans_L2_m: 0.989, Yaw_err_deg: 7.512
Epoch: [4/4], Batch: 9290/9482, Loss: 205.125, Trans_L2_m: 0.651, Yaw_err_deg: 4.663
Epoch: [4/4], Batch: 9300/9482, Loss: 149.323, Trans_L2_m: 0.677, Yaw_err_deg: 3.346
Epoch: [4/4], Batch: 9310/9482, Loss: 208.624, Trans_L2_m: 0.508, Yaw_err_deg: 2.819
Epoch: [4/4], Batch: 9320/9482, Loss: 163.370, Trans_L2_m: 0.613, Yaw_err_deg: 3.714
Epoch: [4/4], Batch: 9330/9482, Loss: 111.783, Trans_L2_m: 0.596, Yaw_err_deg: 2.519
Epoch: [4/4], Batch: 9340/9482, Loss: 77.730, Trans_L2_m: 0.415, Yaw_err_deg: 1.970
Epoch: [4/4], Batch: 9350/9482, Loss: 167.717, Trans_L2_m: 0.770, Yaw_err_deg: 3.512
Epoch: [4/4], Batch: 9360/9482, Loss: 215.356, Trans_L2_m: 0.350, Yaw_err_deg: 4.199
Epoch: [4/4], Batch: 9370/9482, Loss: 157.509, Trans_L2_m: 0.412, Yaw_err_deg: 3.366
Epoch: [4/4], Batch: 9380/9482, Loss: 77.538, Trans_L2_m: 0.461, Yaw_err_deg: 1.342
Epoch: [4/4], Batch: 9390/9482, Loss: 676.071, Trans_L2_m: 0.700, Yaw_err_deg: 6.885
Epoch: [4/4], Batch: 9400/9482, Loss: 135.828, Trans_L2_m: 0.699, Yaw_err_deg: 2.864
Epoch: [4/4], Batch: 9410/9482, Loss: 148.965, Trans_L2_m: 0.560, Yaw_err_deg: 3.460
Epoch: [4/4], Batch: 9420/9482, Loss: 230.216, Trans_L2_m: 0.407, Yaw_err_deg: 3.884
Epoch: [4/4], Batch: 9430/9482, Loss: 181.128, Trans_L2_m: 0.246, Yaw_err_deg: 3.540
Epoch: [4/4], Batch: 9440/9482, Loss: 109.080, Trans_L2_m: 0.521, Yaw_err_deg: 1.882
Epoch: [4/4], Batch: 9450/9482, Loss: 600.858, Trans_L2_m: 0.415, Yaw_err_deg: 7.990
Epoch: [4/4], Batch: 9460/9482, Loss: 122.573, Trans_L2_m: 0.463, Yaw_err_deg: 2.608
Epoch: [4/4], Batch: 9470/9482, Loss: 156.976, Trans_L2_m: 0.395, Yaw_err_deg: 3.287
Epoch: [4/4], Batch: 9480/9482, Loss: 144.615, Trans_L2_m: 0.512, Yaw_err_deg: 2.922
Epoch: [5/4], Batch: 0/9482, Loss: 226.012, Trans_L2_m: 0.466, Yaw_err_deg: 4.224
Epoch: [5/4], Batch: 10/9482, Loss: 101.975, Trans_L2_m: 0.457, Yaw_err_deg: 1.960
Epoch: [5/4], Batch: 20/9482, Loss: 151.636, Trans_L2_m: 0.674, Yaw_err_deg: 2.030
Epoch: [5/4], Batch: 30/9482, Loss: 150.159, Trans_L2_m: 0.560, Yaw_err_deg: 3.254
Epoch: [5/4], Batch: 40/9482, Loss: 68.332, Trans_L2_m: 0.403, Yaw_err_deg: 1.458
Epoch: [5/4], Batch: 50/9482, Loss: 176.252, Trans_L2_m: 0.700, Yaw_err_deg: 3.321
Epoch: [5/4], Batch: 60/9482, Loss: 107.019, Trans_L2_m: 0.469, Yaw_err_deg: 2.435
Epoch: [5/4], Batch: 70/9482, Loss: 218.747, Trans_L2_m: 0.351, Yaw_err_deg: 4.308
Epoch: [5/4], Batch: 80/9482, Loss: 80.702, Trans_L2_m: 0.506, Yaw_err_deg: 2.056
Epoch: [5/4], Batch: 90/9482, Loss: 85.576, Trans_L2_m: 0.409, Yaw_err_deg: 1.748
Epoch: [5/4], Batch: 100/9482, Loss: 903.464, Trans_L2_m: 0.358, Yaw_err_deg: 9.126
Epoch: [5/4], Batch: 110/9482, Loss: 1537.508, Trans_L2_m: 0.505, Yaw_err_deg: 12.775
Epoch: [5/4], Batch: 120/9482, Loss: 171.501, Trans_L2_m: 0.599, Yaw_err_deg: 3.967
Epoch: [5/4], Batch: 130/9482, Loss: 139.791, Trans_L2_m: 0.743, Yaw_err_deg: 2.720
Epoch: [5/4], Batch: 140/9482, Loss: 112.561, Trans_L2_m: 0.343, Yaw_err_deg: 2.767
Epoch: [5/4], Batch: 150/9482, Loss: 73.654, Trans_L2_m: 0.427, Yaw_err_deg: 1.242
Epoch: [5/4], Batch: 160/9482, Loss: 259.500, Trans_L2_m: 0.492, Yaw_err_deg: 4.019
Epoch: [5/4], Batch: 170/9482, Loss: 149.428, Trans_L2_m: 0.603, Yaw_err_deg: 2.562
Epoch: [5/4], Batch: 180/9482, Loss: 76.634, Trans_L2_m: 0.575, Yaw_err_deg: 1.607
Epoch: [5/4], Batch: 190/9482, Loss: 189.457, Trans_L2_m: 0.445, Yaw_err_deg: 3.865
Epoch: [5/4], Batch: 200/9482, Loss: 740.149, Trans_L2_m: 0.641, Yaw_err_deg: 5.674
Epoch: [5/4], Batch: 210/9482, Loss: 131.437, Trans_L2_m: 0.464, Yaw_err_deg: 3.108
Epoch: [5/4], Batch: 220/9482, Loss: 111.911, Trans_L2_m: 0.597, Yaw_err_deg: 1.992
Epoch: [5/4], Batch: 230/9482, Loss: 74.510, Trans_L2_m: 0.637, Yaw_err_deg: 1.757
Epoch: [5/4], Batch: 240/9482, Loss: 115.244, Trans_L2_m: 0.529, Yaw_err_deg: 3.087
Epoch: [5/4], Batch: 250/9482, Loss: 169.813, Trans_L2_m: 0.537, Yaw_err_deg: 3.581
Epoch: [5/4], Batch: 260/9482, Loss: 102.471, Trans_L2_m: 0.745, Yaw_err_deg: 1.914
Epoch: [5/4], Batch: 270/9482, Loss: 118.175, Trans_L2_m: 0.716, Yaw_err_deg: 2.606
Epoch: [5/4], Batch: 280/9482, Loss: 156.887, Trans_L2_m: 0.466, Yaw_err_deg: 3.685
Epoch: [5/4], Batch: 290/9482, Loss: 295.330, Trans_L2_m: 0.930, Yaw_err_deg: 4.130
Epoch: [5/4], Batch: 300/9482, Loss: 125.146, Trans_L2_m: 0.470, Yaw_err_deg: 2.778
Epoch: [5/4], Batch: 310/9482, Loss: 322.437, Trans_L2_m: 0.945, Yaw_err_deg: 4.954
Epoch: [5/4], Batch: 320/9482, Loss: 96.369, Trans_L2_m: 0.523, Yaw_err_deg: 1.539
Epoch: [5/4], Batch: 330/9482, Loss: 359.801, Trans_L2_m: 0.376, Yaw_err_deg: 5.429
Epoch: [5/4], Batch: 340/9482, Loss: 122.539, Trans_L2_m: 0.556, Yaw_err_deg: 1.260
Epoch: [5/4], Batch: 350/9482, Loss: 1064.640, Trans_L2_m: 0.512, Yaw_err_deg: 8.872
Epoch: [5/4], Batch: 360/9482, Loss: 219.961, Trans_L2_m: 0.643, Yaw_err_deg: 4.695
Epoch: [5/4], Batch: 370/9482, Loss: 114.932, Trans_L2_m: 0.412, Yaw_err_deg: 1.642
Epoch: [5/4], Batch: 380/9482, Loss: 356.360, Trans_L2_m: 0.545, Yaw_err_deg: 4.932
Epoch: [5/4], Batch: 390/9482, Loss: 747.027, Trans_L2_m: 0.301, Yaw_err_deg: 2.491
Epoch: [5/4], Batch: 400/9482, Loss: 401.326, Trans_L2_m: 0.691, Yaw_err_deg: 6.046
Epoch: [5/4], Batch: 410/9482, Loss: 180.793, Trans_L2_m: 0.478, Yaw_err_deg: 3.560
Epoch: [5/4], Batch: 420/9482, Loss: 135.126, Trans_L2_m: 0.832, Yaw_err_deg: 2.949
Epoch: [5/4], Batch: 430/9482, Loss: 124.706, Trans_L2_m: 0.739, Yaw_err_deg: 2.406
Epoch: [5/4], Batch: 440/9482, Loss: 88.923, Trans_L2_m: 0.807, Yaw_err_deg: 1.941
Epoch: [5/4], Batch: 450/9482, Loss: 120.088, Trans_L2_m: 0.718, Yaw_err_deg: 2.825
Epoch: [5/4], Batch: 460/9482, Loss: 105.779, Trans_L2_m: 0.789, Yaw_err_deg: 2.245
Epoch: [5/4], Batch: 470/9482, Loss: 103.069, Trans_L2_m: 0.558, Yaw_err_deg: 1.754
Epoch: [5/4], Batch: 480/9482, Loss: 103.569, Trans_L2_m: 0.276, Yaw_err_deg: 1.856
Epoch: [5/4], Batch: 490/9482, Loss: 632.791, Trans_L2_m: 0.399, Yaw_err_deg: 7.678
Epoch: [5/4], Batch: 500/9482, Loss: 77.788, Trans_L2_m: 0.473, Yaw_err_deg: 1.637
Epoch: [5/4], Batch: 510/9482, Loss: 171.568, Trans_L2_m: 0.287, Yaw_err_deg: 4.263
Epoch: [5/4], Batch: 520/9482, Loss: 417.790, Trans_L2_m: 0.677, Yaw_err_deg: 5.288
Epoch: [5/4], Batch: 530/9482, Loss: 189.399, Trans_L2_m: 0.537, Yaw_err_deg: 3.371
Epoch: [5/4], Batch: 540/9482, Loss: 98.553, Trans_L2_m: 0.402, Yaw_err_deg: 1.727
Epoch: [5/4], Batch: 550/9482, Loss: 128.722, Trans_L2_m: 0.694, Yaw_err_deg: 2.834
Epoch: [5/4], Batch: 560/9482, Loss: 957.337, Trans_L2_m: 0.617, Yaw_err_deg: 7.699
Epoch: [5/4], Batch: 570/9482, Loss: 180.525, Trans_L2_m: 0.514, Yaw_err_deg: 3.663
Epoch: [5/4], Batch: 580/9482, Loss: 78.522, Trans_L2_m: 0.335, Yaw_err_deg: 1.686
Epoch: [5/4], Batch: 590/9482, Loss: 102.759, Trans_L2_m: 0.472, Yaw_err_deg: 2.476
Epoch: [5/4], Batch: 600/9482, Loss: 74.778, Trans_L2_m: 0.326, Yaw_err_deg: 1.226
Epoch: [5/4], Batch: 610/9482, Loss: 139.984, Trans_L2_m: 0.708, Yaw_err_deg: 2.586
Epoch: [5/4], Batch: 620/9482, Loss: 508.372, Trans_L2_m: 0.504, Yaw_err_deg: 7.983
Epoch: [5/4], Batch: 630/9482, Loss: 166.933, Trans_L2_m: 0.874, Yaw_err_deg: 2.991
Epoch: [5/4], Batch: 640/9482, Loss: 297.538, Trans_L2_m: 0.387, Yaw_err_deg: 3.682
Epoch: [5/4], Batch: 650/9482, Loss: 97.816, Trans_L2_m: 0.481, Yaw_err_deg: 1.381
Epoch: [5/4], Batch: 660/9482, Loss: 115.445, Trans_L2_m: 0.537, Yaw_err_deg: 2.102
Epoch: [5/4], Batch: 670/9482, Loss: 133.313, Trans_L2_m: 0.446, Yaw_err_deg: 3.054
Epoch: [5/4], Batch: 680/9482, Loss: 130.757, Trans_L2_m: 0.634, Yaw_err_deg: 2.486
Epoch: [5/4], Batch: 690/9482, Loss: 101.090, Trans_L2_m: 0.551, Yaw_err_deg: 1.964
Epoch: [5/4], Batch: 700/9482, Loss: 1051.153, Trans_L2_m: 0.336, Yaw_err_deg: 7.718
Epoch: [5/4], Batch: 710/9482, Loss: 75.154, Trans_L2_m: 0.471, Yaw_err_deg: 1.864
Epoch: [5/4], Batch: 720/9482, Loss: 345.857, Trans_L2_m: 0.349, Yaw_err_deg: 5.354
Epoch: [5/4], Batch: 730/9482, Loss: 450.475, Trans_L2_m: 0.363, Yaw_err_deg: 5.582
Epoch: [5/4], Batch: 740/9482, Loss: 926.780, Trans_L2_m: 0.352, Yaw_err_deg: 9.555
Epoch: [5/4], Batch: 750/9482, Loss: 145.905, Trans_L2_m: 0.471, Yaw_err_deg: 2.500
Epoch: [5/4], Batch: 760/9482, Loss: 69.045, Trans_L2_m: 0.290, Yaw_err_deg: 1.353
Epoch: [5/4], Batch: 770/9482, Loss: 155.658, Trans_L2_m: 0.668, Yaw_err_deg: 2.871
Epoch: [5/4], Batch: 780/9482, Loss: 120.357, Trans_L2_m: 1.192, Yaw_err_deg: 2.017
Epoch: [5/4], Batch: 790/9482, Loss: 329.429, Trans_L2_m: 0.818, Yaw_err_deg: 3.853
Epoch: [5/4], Batch: 800/9482, Loss: 124.811, Trans_L2_m: 0.277, Yaw_err_deg: 3.082
Epoch: [5/4], Batch: 810/9482, Loss: 191.698, Trans_L2_m: 0.542, Yaw_err_deg: 3.116
Epoch: [5/4], Batch: 820/9482, Loss: 350.773, Trans_L2_m: 0.750, Yaw_err_deg: 4.435
Epoch: [5/4], Batch: 830/9482, Loss: 72.082, Trans_L2_m: 0.638, Yaw_err_deg: 1.519
Epoch: [5/4], Batch: 840/9482, Loss: 105.522, Trans_L2_m: 0.345, Yaw_err_deg: 2.064
Epoch: [5/4], Batch: 850/9482, Loss: 182.958, Trans_L2_m: 0.336, Yaw_err_deg: 3.321
Epoch: [5/4], Batch: 860/9482, Loss: 68.543, Trans_L2_m: 0.475, Yaw_err_deg: 1.608
Epoch: [5/4], Batch: 870/9482, Loss: 97.748, Trans_L2_m: 0.878, Yaw_err_deg: 1.635
Epoch: [5/4], Batch: 880/9482, Loss: 626.059, Trans_L2_m: 0.372, Yaw_err_deg: 6.375
Epoch: [5/4], Batch: 890/9482, Loss: 1719.828, Trans_L2_m: 0.405, Yaw_err_deg: 9.313
Epoch: [5/4], Batch: 900/9482, Loss: 144.940, Trans_L2_m: 0.965, Yaw_err_deg: 2.101
Epoch: [5/4], Batch: 910/9482, Loss: 700.889, Trans_L2_m: 0.804, Yaw_err_deg: 6.224
Epoch: [5/4], Batch: 920/9482, Loss: 88.023, Trans_L2_m: 0.331, Yaw_err_deg: 1.845
Epoch: [5/4], Batch: 930/9482, Loss: 196.174, Trans_L2_m: 0.453, Yaw_err_deg: 3.852
Epoch: [5/4], Batch: 940/9482, Loss: 126.561, Trans_L2_m: 0.482, Yaw_err_deg: 3.365
Epoch: [5/4], Batch: 950/9482, Loss: 82.316, Trans_L2_m: 0.412, Yaw_err_deg: 1.935
Epoch: [5/4], Batch: 960/9482, Loss: 205.314, Trans_L2_m: 0.452, Yaw_err_deg: 3.709
Epoch: [5/4], Batch: 970/9482, Loss: 106.414, Trans_L2_m: 0.473, Yaw_err_deg: 2.160
Epoch: [5/4], Batch: 980/9482, Loss: 670.990, Trans_L2_m: 0.577, Yaw_err_deg: 7.998
Epoch: [5/4], Batch: 990/9482, Loss: 82.154, Trans_L2_m: 0.433, Yaw_err_deg: 1.902
Epoch: [5/4], Batch: 1000/9482, Loss: 100.637, Trans_L2_m: 0.372, Yaw_err_deg: 2.709
Epoch: [5/4], Batch: 1010/9482, Loss: 101.578, Trans_L2_m: 0.747, Yaw_err_deg: 2.022
Epoch: [5/4], Batch: 1020/9482, Loss: 92.666, Trans_L2_m: 0.418, Yaw_err_deg: 2.328
Epoch: [5/4], Batch: 1030/9482, Loss: 862.783, Trans_L2_m: 0.663, Yaw_err_deg: 8.108
Epoch: [5/4], Batch: 1040/9482, Loss: 124.744, Trans_L2_m: 0.453, Yaw_err_deg: 3.324
Epoch: [5/4], Batch: 1050/9482, Loss: 82.609, Trans_L2_m: 0.479, Yaw_err_deg: 1.437
Epoch: [5/4], Batch: 1060/9482, Loss: 319.517, Trans_L2_m: 0.731, Yaw_err_deg: 5.221
Epoch: [5/4], Batch: 1070/9482, Loss: 451.540, Trans_L2_m: 0.519, Yaw_err_deg: 6.161
Validation loss (homography): 739.2046
Avg batch time: 868.17 ms, total: 281.739 s
[1;94mSave the best of 739.2046508789062, at checkpoints/2025_12_20_best_checkpoint_zod_0.pth[0m
The minist distance is 739.2046508789062m!
Loading val split : 6 drives
Validation with 10393 samples.
