{'gpuid': [0], 'mixed_precision': False, 'iters_lev0': 6, 'lev0': True, 'flow': True, 'p_siamese': True, 'CNN16': True, 'log_every': 10, 'dataset': 'zod', 'orig_label': False, 'cross_area': False, 'batch_size': 16, 'lr': 0.00035, 'num_steps': 70000, 'scheduler': 'OneCycle', 'loss_w': [0.1, 30.0, 100000.0], 'temperature': 4.0, 'augment': False, 'ori_noise': 45.0, 'orien': True, 'restore_ckpt': None, 'model': None, 'wdecay': 0.0005, 'epsilon': 1e-07, 'clip': 1.0, 'gamma': 0.85, 'name': 'zod_train', 'validation': None, 'image_size': 512, 'zoom': 20, 'IMG_FREQ': 20000, 'SUM_FREQ': 100, 'use_augmentation': True, 'image_area_dg_m': 51.2, 'image_area_zod_m': 100, 'max_translation': 15.0, 'max_rot_deg': 20.0, 'z_range': [-2.5, 3.0], 'BEV_grid_resolution': 0.1, 'lidar_dataset_root': '/work/vita/datasets/zod', 'aerial_img_dataset_root': '/work/vita/datasets/zod_crossview_processed_100m', 'version': 'full', 'config': '/home/finckh/VITA/HC-Net/models/config/ZOD/train.json', 'best_dis': 100000000.0, 'start_step': 0}
[31m2025-12-28 23:35:33[0m
Loaded pretrained weights for efficientnet-b0
Parameter Count: 7754186
Loading train split : 23 drives
Loading val split : 6 drives
Training with 47407 samples, validation with 10393 samples.
Using 8 dataloader workers every process
Best distance so far 100000000.0.
[34mLog will be saved to:./watch/zod/zod_train_20251228_234201.log[0m
Epoch: [1/23], Batch: 0/2963, Loss: 4585.953, Trans_L2_m: 11.621, Yaw_err_deg: 9.021
Epoch: [1/23], Batch: 10/2963, Loss: 4270.663, Trans_L2_m: 10.693, Yaw_err_deg: 11.383
Epoch: [1/23], Batch: 20/2963, Loss: 5072.351, Trans_L2_m: 11.818, Yaw_err_deg: 11.342
Epoch: [1/23], Batch: 30/2963, Loss: 4755.190, Trans_L2_m: 11.695, Yaw_err_deg: 11.096
Epoch: [1/23], Batch: 40/2963, Loss: 4343.163, Trans_L2_m: 11.305, Yaw_err_deg: 10.284
Epoch: [1/23], Batch: 50/2963, Loss: 4477.769, Trans_L2_m: 11.974, Yaw_err_deg: 11.232
Epoch: [1/23], Batch: 60/2963, Loss: 4305.376, Trans_L2_m: 12.043, Yaw_err_deg: 8.591
Epoch: [1/23], Batch: 70/2963, Loss: 3492.316, Trans_L2_m: 9.570, Yaw_err_deg: 8.383
Epoch: [1/23], Batch: 80/2963, Loss: 4160.849, Trans_L2_m: 11.285, Yaw_err_deg: 11.598
Epoch: [1/23], Batch: 90/2963, Loss: 3709.740, Trans_L2_m: 10.568, Yaw_err_deg: 8.075
Epoch: [1/23], Batch: 100/2963, Loss: 3360.126, Trans_L2_m: 9.074, Yaw_err_deg: 12.212
Epoch: [1/23], Batch: 110/2963, Loss: 4194.801, Trans_L2_m: 11.537, Yaw_err_deg: 8.819
Epoch: [1/23], Batch: 120/2963, Loss: 4939.167, Trans_L2_m: 12.157, Yaw_err_deg: 13.446
Epoch: [1/23], Batch: 130/2963, Loss: 3361.498, Trans_L2_m: 10.424, Yaw_err_deg: 7.520
Epoch: [1/23], Batch: 140/2963, Loss: 4025.652, Trans_L2_m: 11.461, Yaw_err_deg: 8.781
Epoch: [1/23], Batch: 150/2963, Loss: 3834.422, Trans_L2_m: 10.482, Yaw_err_deg: 8.293
Epoch: [1/23], Batch: 160/2963, Loss: 3559.949, Trans_L2_m: 10.279, Yaw_err_deg: 9.571
Epoch: [1/23], Batch: 170/2963, Loss: 4043.170, Trans_L2_m: 10.119, Yaw_err_deg: 12.508
Epoch: [1/23], Batch: 180/2963, Loss: 3673.668, Trans_L2_m: 10.578, Yaw_err_deg: 7.768
Epoch: [1/23], Batch: 190/2963, Loss: 3666.391, Trans_L2_m: 10.123, Yaw_err_deg: 9.311
Epoch: [1/23], Batch: 200/2963, Loss: 3703.211, Trans_L2_m: 9.529, Yaw_err_deg: 11.081
Epoch: [1/23], Batch: 210/2963, Loss: 4548.528, Trans_L2_m: 11.539, Yaw_err_deg: 10.908
Epoch: [1/23], Batch: 220/2963, Loss: 4000.016, Trans_L2_m: 9.760, Yaw_err_deg: 12.228
Epoch: [1/23], Batch: 230/2963, Loss: 3003.141, Trans_L2_m: 8.235, Yaw_err_deg: 10.527
Epoch: [1/23], Batch: 240/2963, Loss: 3231.041, Trans_L2_m: 9.080, Yaw_err_deg: 10.385
Epoch: [1/23], Batch: 250/2963, Loss: 3198.389, Trans_L2_m: 9.471, Yaw_err_deg: 8.051
Epoch: [1/23], Batch: 260/2963, Loss: 4054.229, Trans_L2_m: 10.887, Yaw_err_deg: 9.091
Epoch: [1/23], Batch: 270/2963, Loss: 3779.639, Trans_L2_m: 9.371, Yaw_err_deg: 11.184
Epoch: [1/23], Batch: 280/2963, Loss: 3348.029, Trans_L2_m: 9.919, Yaw_err_deg: 9.001
Epoch: [1/23], Batch: 290/2963, Loss: 3997.448, Trans_L2_m: 9.988, Yaw_err_deg: 11.106
Epoch: [1/23], Batch: 300/2963, Loss: 2623.477, Trans_L2_m: 7.420, Yaw_err_deg: 9.313
Epoch: [1/23], Batch: 310/2963, Loss: 3586.147, Trans_L2_m: 8.907, Yaw_err_deg: 10.965
Epoch: [1/23], Batch: 320/2963, Loss: 4140.796, Trans_L2_m: 10.570, Yaw_err_deg: 10.749
Epoch: [1/23], Batch: 330/2963, Loss: 3962.756, Trans_L2_m: 9.843, Yaw_err_deg: 11.187
Epoch: [1/23], Batch: 340/2963, Loss: 3142.352, Trans_L2_m: 8.198, Yaw_err_deg: 10.242
Epoch: [1/23], Batch: 350/2963, Loss: 2994.265, Trans_L2_m: 8.381, Yaw_err_deg: 9.061
Epoch: [1/23], Batch: 360/2963, Loss: 3299.986, Trans_L2_m: 8.740, Yaw_err_deg: 10.025
Epoch: [1/23], Batch: 370/2963, Loss: 2913.520, Trans_L2_m: 7.710, Yaw_err_deg: 9.165
Epoch: [1/23], Batch: 380/2963, Loss: 2676.069, Trans_L2_m: 7.526, Yaw_err_deg: 9.474
Epoch: [1/23], Batch: 390/2963, Loss: 3240.675, Trans_L2_m: 7.722, Yaw_err_deg: 11.890
Epoch: [1/23], Batch: 400/2963, Loss: 3335.410, Trans_L2_m: 8.356, Yaw_err_deg: 11.386
Epoch: [1/23], Batch: 410/2963, Loss: 3641.299, Trans_L2_m: 9.146, Yaw_err_deg: 10.217
Epoch: [1/23], Batch: 420/2963, Loss: 3031.285, Trans_L2_m: 7.557, Yaw_err_deg: 10.892
Epoch: [1/23], Batch: 430/2963, Loss: 3282.024, Trans_L2_m: 8.500, Yaw_err_deg: 9.511
Epoch: [1/23], Batch: 440/2963, Loss: 3456.301, Trans_L2_m: 8.111, Yaw_err_deg: 12.456
Epoch: [1/23], Batch: 450/2963, Loss: 2976.426, Trans_L2_m: 7.300, Yaw_err_deg: 9.974
Epoch: [1/23], Batch: 460/2963, Loss: 2349.748, Trans_L2_m: 5.078, Yaw_err_deg: 12.071
Epoch: [1/23], Batch: 470/2963, Loss: 2991.170, Trans_L2_m: 8.356, Yaw_err_deg: 9.194
Epoch: [1/23], Batch: 480/2963, Loss: 3512.538, Trans_L2_m: 8.986, Yaw_err_deg: 9.711
Epoch: [1/23], Batch: 490/2963, Loss: 2917.017, Trans_L2_m: 6.591, Yaw_err_deg: 11.224
Epoch: [1/23], Batch: 500/2963, Loss: 3035.414, Trans_L2_m: 7.679, Yaw_err_deg: 11.295
Epoch: [1/23], Batch: 510/2963, Loss: 3251.781, Trans_L2_m: 8.118, Yaw_err_deg: 10.712
Epoch: [1/23], Batch: 520/2963, Loss: 2620.224, Trans_L2_m: 7.280, Yaw_err_deg: 8.335
Epoch: [1/23], Batch: 530/2963, Loss: 3434.946, Trans_L2_m: 8.343, Yaw_err_deg: 10.019
Epoch: [1/23], Batch: 540/2963, Loss: 2389.487, Trans_L2_m: 6.599, Yaw_err_deg: 8.746
Epoch: [1/23], Batch: 550/2963, Loss: 2287.881, Trans_L2_m: 6.738, Yaw_err_deg: 7.791
Epoch: [1/23], Batch: 560/2963, Loss: 3522.816, Trans_L2_m: 7.972, Yaw_err_deg: 11.460
Epoch: [1/23], Batch: 570/2963, Loss: 3153.999, Trans_L2_m: 7.624, Yaw_err_deg: 10.686
Epoch: [1/23], Batch: 580/2963, Loss: 3066.391, Trans_L2_m: 7.907, Yaw_err_deg: 8.539
Epoch: [1/23], Batch: 590/2963, Loss: 3350.073, Trans_L2_m: 8.522, Yaw_err_deg: 9.720
Epoch: [1/23], Batch: 600/2963, Loss: 2821.826, Trans_L2_m: 5.320, Yaw_err_deg: 12.837
Epoch: [1/23], Batch: 610/2963, Loss: 3035.928, Trans_L2_m: 6.627, Yaw_err_deg: 11.222
Epoch: [1/23], Batch: 620/2963, Loss: 3007.301, Trans_L2_m: 6.886, Yaw_err_deg: 11.563
Epoch: [1/23], Batch: 630/2963, Loss: 2434.352, Trans_L2_m: 5.858, Yaw_err_deg: 10.276
Epoch: [1/23], Batch: 640/2963, Loss: 2737.078, Trans_L2_m: 6.421, Yaw_err_deg: 11.807
Epoch: [1/23], Batch: 650/2963, Loss: 2425.270, Trans_L2_m: 5.904, Yaw_err_deg: 9.954
Epoch: [1/23], Batch: 660/2963, Loss: 2255.088, Trans_L2_m: 4.590, Yaw_err_deg: 10.307
Epoch: [1/23], Batch: 670/2963, Loss: 3714.576, Trans_L2_m: 8.343, Yaw_err_deg: 11.872
Epoch: [1/23], Batch: 680/2963, Loss: 2998.098, Trans_L2_m: 6.671, Yaw_err_deg: 11.028
Epoch: [1/23], Batch: 690/2963, Loss: 1958.860, Trans_L2_m: 3.978, Yaw_err_deg: 9.726
Epoch: [1/23], Batch: 700/2963, Loss: 2364.508, Trans_L2_m: 4.889, Yaw_err_deg: 12.332
Epoch: [1/23], Batch: 710/2963, Loss: 2826.974, Trans_L2_m: 5.652, Yaw_err_deg: 10.065
Epoch: [1/23], Batch: 720/2963, Loss: 2100.748, Trans_L2_m: 4.469, Yaw_err_deg: 10.261
Epoch: [1/23], Batch: 730/2963, Loss: 2252.015, Trans_L2_m: 4.759, Yaw_err_deg: 10.774
Epoch: [1/23], Batch: 740/2963, Loss: 2364.726, Trans_L2_m: 6.099, Yaw_err_deg: 7.459
Epoch: [1/23], Batch: 750/2963, Loss: 2206.485, Trans_L2_m: 4.920, Yaw_err_deg: 9.609
Epoch: [1/23], Batch: 760/2963, Loss: 2151.207, Trans_L2_m: 4.787, Yaw_err_deg: 9.201
Epoch: [1/23], Batch: 770/2963, Loss: 1862.794, Trans_L2_m: 4.063, Yaw_err_deg: 8.634
Epoch: [1/23], Batch: 780/2963, Loss: 2226.949, Trans_L2_m: 4.291, Yaw_err_deg: 10.072
Epoch: [1/23], Batch: 790/2963, Loss: 2301.544, Trans_L2_m: 4.502, Yaw_err_deg: 10.267
Epoch: [1/23], Batch: 800/2963, Loss: 2164.625, Trans_L2_m: 3.400, Yaw_err_deg: 12.344
Epoch: [1/23], Batch: 810/2963, Loss: 2094.040, Trans_L2_m: 4.584, Yaw_err_deg: 8.910
Epoch: [1/23], Batch: 820/2963, Loss: 2506.217, Trans_L2_m: 4.856, Yaw_err_deg: 11.333
Epoch: [1/23], Batch: 830/2963, Loss: 2138.461, Trans_L2_m: 3.953, Yaw_err_deg: 10.377
Epoch: [1/23], Batch: 840/2963, Loss: 1787.797, Trans_L2_m: 3.549, Yaw_err_deg: 9.672
Epoch: [1/23], Batch: 850/2963, Loss: 1974.958, Trans_L2_m: 4.052, Yaw_err_deg: 9.750
Epoch: [1/23], Batch: 860/2963, Loss: 1880.509, Trans_L2_m: 3.502, Yaw_err_deg: 9.428
Epoch: [1/23], Batch: 870/2963, Loss: 2096.847, Trans_L2_m: 4.542, Yaw_err_deg: 8.262
Epoch: [1/23], Batch: 880/2963, Loss: 2039.263, Trans_L2_m: 3.990, Yaw_err_deg: 9.593
Epoch: [1/23], Batch: 890/2963, Loss: 2299.575, Trans_L2_m: 4.558, Yaw_err_deg: 9.883
Epoch: [1/23], Batch: 900/2963, Loss: 2654.978, Trans_L2_m: 4.886, Yaw_err_deg: 11.894
Epoch: [1/23], Batch: 910/2963, Loss: 1998.096, Trans_L2_m: 4.827, Yaw_err_deg: 6.732
Epoch: [1/23], Batch: 920/2963, Loss: 2355.192, Trans_L2_m: 4.657, Yaw_err_deg: 9.762
Epoch: [1/23], Batch: 930/2963, Loss: 2089.840, Trans_L2_m: 3.356, Yaw_err_deg: 11.008
Epoch: [1/23], Batch: 940/2963, Loss: 2066.003, Trans_L2_m: 4.086, Yaw_err_deg: 9.005
Epoch: [1/23], Batch: 950/2963, Loss: 1713.551, Trans_L2_m: 2.651, Yaw_err_deg: 10.368
Epoch: [1/23], Batch: 960/2963, Loss: 1985.567, Trans_L2_m: 3.608, Yaw_err_deg: 10.480
Epoch: [1/23], Batch: 970/2963, Loss: 1637.904, Trans_L2_m: 3.198, Yaw_err_deg: 8.004
Epoch: [1/23], Batch: 980/2963, Loss: 1660.645, Trans_L2_m: 2.680, Yaw_err_deg: 10.421
Epoch: [1/23], Batch: 990/2963, Loss: 1896.204, Trans_L2_m: 3.225, Yaw_err_deg: 10.435
Epoch: [1/23], Batch: 1000/2963, Loss: 2106.181, Trans_L2_m: 3.208, Yaw_err_deg: 11.286
Epoch: [1/23], Batch: 1010/2963, Loss: 2383.121, Trans_L2_m: 3.347, Yaw_err_deg: 13.124
Epoch: [1/23], Batch: 1020/2963, Loss: 2217.631, Trans_L2_m: 3.743, Yaw_err_deg: 10.611
Epoch: [1/23], Batch: 1030/2963, Loss: 1901.686, Trans_L2_m: 3.857, Yaw_err_deg: 7.120
Epoch: [1/23], Batch: 1040/2963, Loss: 1958.245, Trans_L2_m: 3.122, Yaw_err_deg: 9.769
Epoch: [1/23], Batch: 1050/2963, Loss: 1334.422, Trans_L2_m: 2.080, Yaw_err_deg: 8.031
Epoch: [1/23], Batch: 1060/2963, Loss: 1760.682, Trans_L2_m: 2.744, Yaw_err_deg: 10.616
Epoch: [1/23], Batch: 1070/2963, Loss: 1603.468, Trans_L2_m: 2.527, Yaw_err_deg: 8.390
Epoch: [1/23], Batch: 1080/2963, Loss: 1516.623, Trans_L2_m: 3.154, Yaw_err_deg: 7.857
Epoch: [1/23], Batch: 1090/2963, Loss: 1827.542, Trans_L2_m: 2.570, Yaw_err_deg: 10.710
Epoch: [1/23], Batch: 1100/2963, Loss: 1783.082, Trans_L2_m: 2.815, Yaw_err_deg: 8.964
Epoch: [1/23], Batch: 1110/2963, Loss: 1675.091, Trans_L2_m: 2.920, Yaw_err_deg: 8.383
Epoch: [1/23], Batch: 1120/2963, Loss: 1540.589, Trans_L2_m: 2.509, Yaw_err_deg: 9.162
Epoch: [1/23], Batch: 1130/2963, Loss: 2199.803, Trans_L2_m: 2.933, Yaw_err_deg: 13.198
Epoch: [1/23], Batch: 1140/2963, Loss: 1730.973, Trans_L2_m: 2.464, Yaw_err_deg: 11.367
Epoch: [1/23], Batch: 1150/2963, Loss: 1767.227, Trans_L2_m: 2.483, Yaw_err_deg: 9.465
Epoch: [1/23], Batch: 1160/2963, Loss: 1538.512, Trans_L2_m: 2.554, Yaw_err_deg: 8.110
Epoch: [1/23], Batch: 1170/2963, Loss: 1938.568, Trans_L2_m: 2.687, Yaw_err_deg: 10.159
Epoch: [1/23], Batch: 1180/2963, Loss: 1902.698, Trans_L2_m: 2.444, Yaw_err_deg: 9.839
Epoch: [1/23], Batch: 1190/2963, Loss: 1975.698, Trans_L2_m: 3.745, Yaw_err_deg: 7.448
Epoch: [1/23], Batch: 1200/2963, Loss: 1688.001, Trans_L2_m: 2.355, Yaw_err_deg: 9.938
Epoch: [1/23], Batch: 1210/2963, Loss: 1679.665, Trans_L2_m: 2.028, Yaw_err_deg: 10.139
Epoch: [1/23], Batch: 1220/2963, Loss: 2008.705, Trans_L2_m: 2.816, Yaw_err_deg: 11.468
Epoch: [1/23], Batch: 1230/2963, Loss: 2188.022, Trans_L2_m: 2.399, Yaw_err_deg: 12.815
Epoch: [1/23], Batch: 1240/2963, Loss: 1837.901, Trans_L2_m: 2.838, Yaw_err_deg: 10.202
Epoch: [1/23], Batch: 1250/2963, Loss: 1610.328, Trans_L2_m: 1.714, Yaw_err_deg: 10.473
Epoch: [1/23], Batch: 1260/2963, Loss: 1583.130, Trans_L2_m: 1.953, Yaw_err_deg: 9.721
Epoch: [1/23], Batch: 1270/2963, Loss: 1693.663, Trans_L2_m: 2.380, Yaw_err_deg: 9.120
Epoch: [1/23], Batch: 1280/2963, Loss: 1442.731, Trans_L2_m: 1.752, Yaw_err_deg: 9.101
Epoch: [1/23], Batch: 1290/2963, Loss: 1765.214, Trans_L2_m: 2.088, Yaw_err_deg: 12.944
Epoch: [1/23], Batch: 1300/2963, Loss: 1457.617, Trans_L2_m: 1.881, Yaw_err_deg: 9.049
Epoch: [1/23], Batch: 1310/2963, Loss: 1605.837, Trans_L2_m: 1.892, Yaw_err_deg: 9.205
Epoch: [1/23], Batch: 1320/2963, Loss: 1314.869, Trans_L2_m: 1.783, Yaw_err_deg: 8.911
Epoch: [1/23], Batch: 1330/2963, Loss: 1691.856, Trans_L2_m: 2.157, Yaw_err_deg: 11.804
Epoch: [1/23], Batch: 1340/2963, Loss: 1901.762, Trans_L2_m: 2.221, Yaw_err_deg: 12.281
Epoch: [1/23], Batch: 1350/2963, Loss: 1989.525, Trans_L2_m: 2.771, Yaw_err_deg: 9.537
Epoch: [1/23], Batch: 1360/2963, Loss: 1113.310, Trans_L2_m: 2.170, Yaw_err_deg: 8.607
Epoch: [1/23], Batch: 1370/2963, Loss: 1586.252, Trans_L2_m: 3.159, Yaw_err_deg: 6.829
Epoch: [1/23], Batch: 1380/2963, Loss: 1933.983, Trans_L2_m: 2.590, Yaw_err_deg: 8.673
Epoch: [1/23], Batch: 1390/2963, Loss: 2034.464, Trans_L2_m: 2.271, Yaw_err_deg: 11.875
Epoch: [1/23], Batch: 1400/2963, Loss: 1755.457, Trans_L2_m: 2.286, Yaw_err_deg: 10.327
Epoch: [1/23], Batch: 1410/2963, Loss: 2051.058, Trans_L2_m: 1.854, Yaw_err_deg: 12.456
Epoch: [1/23], Batch: 1420/2963, Loss: 1686.014, Trans_L2_m: 2.189, Yaw_err_deg: 9.429
Epoch: [1/23], Batch: 1430/2963, Loss: 1772.790, Trans_L2_m: 2.043, Yaw_err_deg: 12.418
Epoch: [1/23], Batch: 1440/2963, Loss: 1884.498, Trans_L2_m: 2.111, Yaw_err_deg: 12.925
Epoch: [1/23], Batch: 1450/2963, Loss: 2203.111, Trans_L2_m: 1.445, Yaw_err_deg: 14.082
Epoch: [1/23], Batch: 1460/2963, Loss: 1635.398, Trans_L2_m: 1.397, Yaw_err_deg: 11.607
Epoch: [1/23], Batch: 1470/2963, Loss: 1438.743, Trans_L2_m: 2.089, Yaw_err_deg: 8.921
Epoch: [1/23], Batch: 1480/2963, Loss: 1638.385, Trans_L2_m: 1.526, Yaw_err_deg: 10.768
Epoch: [1/23], Batch: 1490/2963, Loss: 1243.423, Trans_L2_m: 2.111, Yaw_err_deg: 7.472
Epoch: [1/23], Batch: 1500/2963, Loss: 1187.862, Trans_L2_m: 1.650, Yaw_err_deg: 8.926
Epoch: [1/23], Batch: 1510/2963, Loss: 945.807, Trans_L2_m: 1.800, Yaw_err_deg: 5.315
Epoch: [1/23], Batch: 1520/2963, Loss: 1249.045, Trans_L2_m: 1.764, Yaw_err_deg: 10.588
Epoch: [1/23], Batch: 1530/2963, Loss: 1388.642, Trans_L2_m: 1.471, Yaw_err_deg: 9.750
Epoch: [1/23], Batch: 1540/2963, Loss: 1531.480, Trans_L2_m: 1.734, Yaw_err_deg: 11.335
Epoch: [1/23], Batch: 1550/2963, Loss: 1353.468, Trans_L2_m: 1.605, Yaw_err_deg: 8.049
Epoch: [1/23], Batch: 1560/2963, Loss: 1534.834, Trans_L2_m: 1.069, Yaw_err_deg: 10.781
Epoch: [1/23], Batch: 1570/2963, Loss: 1517.459, Trans_L2_m: 2.016, Yaw_err_deg: 9.254
Epoch: [1/23], Batch: 1580/2963, Loss: 1468.010, Trans_L2_m: 1.359, Yaw_err_deg: 8.493
Epoch: [1/23], Batch: 1590/2963, Loss: 1748.315, Trans_L2_m: 1.537, Yaw_err_deg: 10.344
Epoch: [1/23], Batch: 1600/2963, Loss: 1413.270, Trans_L2_m: 1.028, Yaw_err_deg: 10.117
Epoch: [1/23], Batch: 1610/2963, Loss: 952.529, Trans_L2_m: 1.491, Yaw_err_deg: 8.042
Epoch: [1/23], Batch: 1620/2963, Loss: 1249.989, Trans_L2_m: 1.968, Yaw_err_deg: 8.799
Epoch: [1/23], Batch: 1630/2963, Loss: 1834.653, Trans_L2_m: 2.005, Yaw_err_deg: 10.576
Epoch: [1/23], Batch: 1640/2963, Loss: 1305.144, Trans_L2_m: 1.488, Yaw_err_deg: 7.188
Epoch: [1/23], Batch: 1650/2963, Loss: 1361.524, Trans_L2_m: 1.504, Yaw_err_deg: 9.451
Epoch: [1/23], Batch: 1660/2963, Loss: 1444.759, Trans_L2_m: 1.853, Yaw_err_deg: 6.508
Epoch: [1/23], Batch: 1670/2963, Loss: 1696.964, Trans_L2_m: 2.150, Yaw_err_deg: 8.997
Epoch: [1/23], Batch: 1680/2963, Loss: 1440.133, Trans_L2_m: 1.719, Yaw_err_deg: 7.781
Epoch: [1/23], Batch: 1690/2963, Loss: 1632.934, Trans_L2_m: 1.921, Yaw_err_deg: 12.470
Epoch: [1/23], Batch: 1700/2963, Loss: 1488.775, Trans_L2_m: 1.193, Yaw_err_deg: 10.386
Epoch: [1/23], Batch: 1710/2963, Loss: 1310.141, Trans_L2_m: 1.259, Yaw_err_deg: 9.480
Epoch: [1/23], Batch: 1720/2963, Loss: 1500.560, Trans_L2_m: 1.627, Yaw_err_deg: 11.507
Epoch: [1/23], Batch: 1730/2963, Loss: 1233.417, Trans_L2_m: 1.505, Yaw_err_deg: 9.344
Epoch: [1/23], Batch: 1740/2963, Loss: 1324.715, Trans_L2_m: 1.815, Yaw_err_deg: 9.333
Epoch: [1/23], Batch: 1750/2963, Loss: 1363.992, Trans_L2_m: 1.241, Yaw_err_deg: 9.180
Epoch: [1/23], Batch: 1760/2963, Loss: 1288.402, Trans_L2_m: 1.507, Yaw_err_deg: 9.918
Epoch: [1/23], Batch: 1770/2963, Loss: 1641.812, Trans_L2_m: 1.249, Yaw_err_deg: 11.626
Epoch: [1/23], Batch: 1780/2963, Loss: 1244.191, Trans_L2_m: 1.338, Yaw_err_deg: 9.667
Epoch: [1/23], Batch: 1790/2963, Loss: 1033.596, Trans_L2_m: 2.060, Yaw_err_deg: 6.598
Epoch: [1/23], Batch: 1800/2963, Loss: 1261.152, Trans_L2_m: 1.980, Yaw_err_deg: 9.664
Epoch: [1/23], Batch: 1810/2963, Loss: 1564.100, Trans_L2_m: 1.842, Yaw_err_deg: 11.184
Epoch: [1/23], Batch: 1820/2963, Loss: 1084.726, Trans_L2_m: 1.265, Yaw_err_deg: 6.849
Epoch: [1/23], Batch: 1830/2963, Loss: 1408.676, Trans_L2_m: 1.290, Yaw_err_deg: 9.998
Epoch: [1/23], Batch: 1840/2963, Loss: 1423.106, Trans_L2_m: 1.260, Yaw_err_deg: 10.793
Epoch: [1/23], Batch: 1850/2963, Loss: 1975.202, Trans_L2_m: 1.513, Yaw_err_deg: 13.347
Epoch: [1/23], Batch: 1860/2963, Loss: 1606.989, Trans_L2_m: 1.820, Yaw_err_deg: 10.126
Epoch: [1/23], Batch: 1870/2963, Loss: 1405.009, Trans_L2_m: 1.718, Yaw_err_deg: 9.501
Epoch: [1/23], Batch: 1880/2963, Loss: 1180.072, Trans_L2_m: 1.025, Yaw_err_deg: 8.786
Epoch: [1/23], Batch: 1890/2963, Loss: 1488.616, Trans_L2_m: 1.582, Yaw_err_deg: 10.776
Epoch: [1/23], Batch: 1900/2963, Loss: 1354.274, Trans_L2_m: 1.160, Yaw_err_deg: 11.602
Epoch: [1/23], Batch: 1910/2963, Loss: 1423.557, Trans_L2_m: 1.759, Yaw_err_deg: 9.658
Epoch: [1/23], Batch: 1920/2963, Loss: 1428.464, Trans_L2_m: 1.256, Yaw_err_deg: 10.549
Epoch: [1/23], Batch: 1930/2963, Loss: 1045.856, Trans_L2_m: 1.999, Yaw_err_deg: 7.180
Epoch: [1/23], Batch: 1940/2963, Loss: 1359.419, Trans_L2_m: 1.687, Yaw_err_deg: 7.575
Epoch: [1/23], Batch: 1950/2963, Loss: 1336.046, Trans_L2_m: 1.507, Yaw_err_deg: 9.607
Epoch: [1/23], Batch: 1960/2963, Loss: 1255.287, Trans_L2_m: 0.955, Yaw_err_deg: 9.219
Epoch: [1/23], Batch: 1970/2963, Loss: 1116.328, Trans_L2_m: 1.619, Yaw_err_deg: 8.421
Epoch: [1/23], Batch: 1980/2963, Loss: 1034.548, Trans_L2_m: 1.454, Yaw_err_deg: 7.152
Epoch: [1/23], Batch: 1990/2963, Loss: 1130.256, Trans_L2_m: 1.606, Yaw_err_deg: 8.296
Epoch: [1/23], Batch: 2000/2963, Loss: 1369.978, Trans_L2_m: 1.262, Yaw_err_deg: 9.860
Epoch: [1/23], Batch: 2010/2963, Loss: 1820.337, Trans_L2_m: 1.326, Yaw_err_deg: 11.743
Epoch: [1/23], Batch: 2020/2963, Loss: 888.958, Trans_L2_m: 2.117, Yaw_err_deg: 5.040
Epoch: [1/23], Batch: 2030/2963, Loss: 1015.209, Trans_L2_m: 1.091, Yaw_err_deg: 7.472
Epoch: [1/23], Batch: 2040/2963, Loss: 1255.654, Trans_L2_m: 1.597, Yaw_err_deg: 8.507
Epoch: [1/23], Batch: 2050/2963, Loss: 1080.575, Trans_L2_m: 1.166, Yaw_err_deg: 8.666
Epoch: [1/23], Batch: 2060/2963, Loss: 768.640, Trans_L2_m: 2.005, Yaw_err_deg: 4.941
Epoch: [1/23], Batch: 2070/2963, Loss: 1279.265, Trans_L2_m: 1.204, Yaw_err_deg: 8.531
Epoch: [1/23], Batch: 2080/2963, Loss: 1305.434, Trans_L2_m: 2.106, Yaw_err_deg: 7.271
Epoch: [1/23], Batch: 2090/2963, Loss: 1035.064, Trans_L2_m: 1.515, Yaw_err_deg: 9.637
Epoch: [1/23], Batch: 2100/2963, Loss: 1025.119, Trans_L2_m: 1.138, Yaw_err_deg: 9.208
Epoch: [1/23], Batch: 2110/2963, Loss: 1547.403, Trans_L2_m: 1.126, Yaw_err_deg: 11.895
Epoch: [1/23], Batch: 2120/2963, Loss: 797.226, Trans_L2_m: 1.011, Yaw_err_deg: 5.869
Epoch: [1/23], Batch: 2130/2963, Loss: 981.363, Trans_L2_m: 0.973, Yaw_err_deg: 7.366
Epoch: [1/23], Batch: 2140/2963, Loss: 1393.502, Trans_L2_m: 1.189, Yaw_err_deg: 9.499
Epoch: [1/23], Batch: 2150/2963, Loss: 1280.339, Trans_L2_m: 1.179, Yaw_err_deg: 9.079
Epoch: [1/23], Batch: 2160/2963, Loss: 1811.705, Trans_L2_m: 1.229, Yaw_err_deg: 12.374
Epoch: [1/23], Batch: 2170/2963, Loss: 1184.991, Trans_L2_m: 1.620, Yaw_err_deg: 8.202
Epoch: [1/23], Batch: 2180/2963, Loss: 1107.435, Trans_L2_m: 1.740, Yaw_err_deg: 8.266
Epoch: [1/23], Batch: 2190/2963, Loss: 1324.269, Trans_L2_m: 1.243, Yaw_err_deg: 10.795
Epoch: [1/23], Batch: 2200/2963, Loss: 991.711, Trans_L2_m: 1.106, Yaw_err_deg: 6.622
Epoch: [1/23], Batch: 2210/2963, Loss: 1205.966, Trans_L2_m: 1.584, Yaw_err_deg: 8.582
Epoch: [1/23], Batch: 2220/2963, Loss: 1342.804, Trans_L2_m: 1.917, Yaw_err_deg: 8.151
Epoch: [1/23], Batch: 2230/2963, Loss: 1138.698, Trans_L2_m: 1.681, Yaw_err_deg: 6.197
Epoch: [1/23], Batch: 2240/2963, Loss: 1178.711, Trans_L2_m: 1.788, Yaw_err_deg: 9.076
Epoch: [1/23], Batch: 2250/2963, Loss: 1129.583, Trans_L2_m: 1.348, Yaw_err_deg: 8.446
Epoch: [1/23], Batch: 2260/2963, Loss: 1323.023, Trans_L2_m: 1.506, Yaw_err_deg: 10.672
Epoch: [1/23], Batch: 2270/2963, Loss: 1306.453, Trans_L2_m: 1.448, Yaw_err_deg: 8.604
Epoch: [1/23], Batch: 2280/2963, Loss: 1204.969, Trans_L2_m: 1.846, Yaw_err_deg: 7.399
Epoch: [1/23], Batch: 2290/2963, Loss: 1063.378, Trans_L2_m: 1.151, Yaw_err_deg: 7.913
Epoch: [1/23], Batch: 2300/2963, Loss: 1394.375, Trans_L2_m: 1.305, Yaw_err_deg: 8.809
Epoch: [1/23], Batch: 2310/2963, Loss: 875.932, Trans_L2_m: 1.633, Yaw_err_deg: 5.982
Epoch: [1/23], Batch: 2320/2963, Loss: 1284.861, Trans_L2_m: 1.578, Yaw_err_deg: 10.480
Epoch: [1/23], Batch: 2330/2963, Loss: 1318.134, Trans_L2_m: 1.883, Yaw_err_deg: 9.331
Epoch: [1/23], Batch: 2340/2963, Loss: 989.804, Trans_L2_m: 1.689, Yaw_err_deg: 8.206
Epoch: [1/23], Batch: 2350/2963, Loss: 1004.055, Trans_L2_m: 1.613, Yaw_err_deg: 7.018
Epoch: [1/23], Batch: 2360/2963, Loss: 1282.537, Trans_L2_m: 2.105, Yaw_err_deg: 8.966
Epoch: [1/23], Batch: 2370/2963, Loss: 1118.457, Trans_L2_m: 1.483, Yaw_err_deg: 8.143
Epoch: [1/23], Batch: 2380/2963, Loss: 960.236, Trans_L2_m: 1.819, Yaw_err_deg: 6.208
Epoch: [1/23], Batch: 2390/2963, Loss: 997.555, Trans_L2_m: 1.104, Yaw_err_deg: 8.640
Epoch: [1/23], Batch: 2400/2963, Loss: 1358.220, Trans_L2_m: 1.713, Yaw_err_deg: 10.986
Epoch: [1/23], Batch: 2410/2963, Loss: 918.626, Trans_L2_m: 1.627, Yaw_err_deg: 6.042
Epoch: [1/23], Batch: 2420/2963, Loss: 1157.701, Trans_L2_m: 1.815, Yaw_err_deg: 6.552
Epoch: [1/23], Batch: 2430/2963, Loss: 1232.821, Trans_L2_m: 1.558, Yaw_err_deg: 7.735
Epoch: [1/23], Batch: 2440/2963, Loss: 887.618, Trans_L2_m: 1.366, Yaw_err_deg: 6.039
Epoch: [1/23], Batch: 2450/2963, Loss: 1151.236, Trans_L2_m: 1.831, Yaw_err_deg: 9.113
Epoch: [1/23], Batch: 2460/2963, Loss: 756.369, Trans_L2_m: 1.145, Yaw_err_deg: 6.448
Epoch: [1/23], Batch: 2470/2963, Loss: 898.138, Trans_L2_m: 1.312, Yaw_err_deg: 6.940
Epoch: [1/23], Batch: 2480/2963, Loss: 1091.905, Trans_L2_m: 1.520, Yaw_err_deg: 7.680
Epoch: [1/23], Batch: 2490/2963, Loss: 920.189, Trans_L2_m: 0.869, Yaw_err_deg: 8.091
Epoch: [1/23], Batch: 2500/2963, Loss: 1135.705, Trans_L2_m: 1.200, Yaw_err_deg: 8.603
Epoch: [1/23], Batch: 2510/2963, Loss: 979.865, Trans_L2_m: 2.069, Yaw_err_deg: 6.236
Epoch: [1/23], Batch: 2520/2963, Loss: 1058.633, Trans_L2_m: 1.831, Yaw_err_deg: 7.920
Epoch: [1/23], Batch: 2530/2963, Loss: 1231.810, Trans_L2_m: 1.378, Yaw_err_deg: 8.833
Epoch: [1/23], Batch: 2540/2963, Loss: 784.688, Trans_L2_m: 1.549, Yaw_err_deg: 5.669
Epoch: [1/23], Batch: 2550/2963, Loss: 1075.464, Trans_L2_m: 1.234, Yaw_err_deg: 6.735
Epoch: [1/23], Batch: 2560/2963, Loss: 896.964, Trans_L2_m: 1.592, Yaw_err_deg: 5.193
Epoch: [1/23], Batch: 2570/2963, Loss: 1021.540, Trans_L2_m: 1.179, Yaw_err_deg: 7.469
Epoch: [1/23], Batch: 2580/2963, Loss: 997.947, Trans_L2_m: 1.403, Yaw_err_deg: 6.185
Epoch: [1/23], Batch: 2590/2963, Loss: 1357.565, Trans_L2_m: 1.103, Yaw_err_deg: 11.640
Epoch: [1/23], Batch: 2600/2963, Loss: 934.003, Trans_L2_m: 1.455, Yaw_err_deg: 7.789
Epoch: [1/23], Batch: 2610/2963, Loss: 1343.401, Trans_L2_m: 1.233, Yaw_err_deg: 9.384
Epoch: [1/23], Batch: 2620/2963, Loss: 771.976, Trans_L2_m: 1.021, Yaw_err_deg: 6.214
Epoch: [1/23], Batch: 2630/2963, Loss: 1222.187, Trans_L2_m: 1.481, Yaw_err_deg: 8.222
Epoch: [1/23], Batch: 2640/2963, Loss: 861.192, Trans_L2_m: 1.168, Yaw_err_deg: 6.645
Epoch: [1/23], Batch: 2650/2963, Loss: 1043.172, Trans_L2_m: 1.024, Yaw_err_deg: 7.699
Epoch: [1/23], Batch: 2660/2963, Loss: 1121.255, Trans_L2_m: 1.786, Yaw_err_deg: 8.355
Epoch: [1/23], Batch: 2670/2963, Loss: 996.983, Trans_L2_m: 1.200, Yaw_err_deg: 7.139
Epoch: [1/23], Batch: 2680/2963, Loss: 1304.419, Trans_L2_m: 2.260, Yaw_err_deg: 9.402
Epoch: [1/23], Batch: 2690/2963, Loss: 1005.727, Trans_L2_m: 1.255, Yaw_err_deg: 7.742
Epoch: [1/23], Batch: 2700/2963, Loss: 964.102, Trans_L2_m: 1.644, Yaw_err_deg: 7.768
Epoch: [1/23], Batch: 2710/2963, Loss: 952.314, Trans_L2_m: 1.405, Yaw_err_deg: 8.095
Epoch: [1/23], Batch: 2720/2963, Loss: 902.328, Trans_L2_m: 1.901, Yaw_err_deg: 5.712
Epoch: [1/23], Batch: 2730/2963, Loss: 1352.620, Trans_L2_m: 1.138, Yaw_err_deg: 9.670
Epoch: [1/23], Batch: 2740/2963, Loss: 1032.061, Trans_L2_m: 1.530, Yaw_err_deg: 7.710
Epoch: [1/23], Batch: 2750/2963, Loss: 889.731, Trans_L2_m: 1.524, Yaw_err_deg: 7.859
Epoch: [1/23], Batch: 2760/2963, Loss: 867.664, Trans_L2_m: 1.756, Yaw_err_deg: 5.349
Epoch: [1/23], Batch: 2770/2963, Loss: 1317.578, Trans_L2_m: 1.176, Yaw_err_deg: 9.284
Epoch: [1/23], Batch: 2780/2963, Loss: 883.127, Trans_L2_m: 1.417, Yaw_err_deg: 8.348
Epoch: [1/23], Batch: 2790/2963, Loss: 659.042, Trans_L2_m: 1.234, Yaw_err_deg: 5.490
Epoch: [1/23], Batch: 2800/2963, Loss: 1585.936, Trans_L2_m: 1.471, Yaw_err_deg: 11.751
Epoch: [1/23], Batch: 2810/2963, Loss: 1177.217, Trans_L2_m: 0.781, Yaw_err_deg: 10.264
Epoch: [1/23], Batch: 2820/2963, Loss: 1134.374, Trans_L2_m: 1.319, Yaw_err_deg: 9.497
Epoch: [1/23], Batch: 2830/2963, Loss: 1057.051, Trans_L2_m: 1.434, Yaw_err_deg: 7.131
Epoch: [1/23], Batch: 2840/2963, Loss: 1014.327, Trans_L2_m: 1.590, Yaw_err_deg: 6.473
Epoch: [1/23], Batch: 2850/2963, Loss: 1359.499, Trans_L2_m: 1.666, Yaw_err_deg: 9.311
Epoch: [1/23], Batch: 2860/2963, Loss: 951.031, Trans_L2_m: 0.892, Yaw_err_deg: 6.539
Epoch: [1/23], Batch: 2870/2963, Loss: 1116.959, Trans_L2_m: 1.342, Yaw_err_deg: 8.143
Epoch: [1/23], Batch: 2880/2963, Loss: 857.373, Trans_L2_m: 1.364, Yaw_err_deg: 5.919
Epoch: [1/23], Batch: 2890/2963, Loss: 1433.681, Trans_L2_m: 1.228, Yaw_err_deg: 10.741
Epoch: [1/23], Batch: 2900/2963, Loss: 1029.365, Trans_L2_m: 1.069, Yaw_err_deg: 7.114
Epoch: [1/23], Batch: 2910/2963, Loss: 881.221, Trans_L2_m: 1.341, Yaw_err_deg: 7.240
Epoch: [1/23], Batch: 2920/2963, Loss: 1329.573, Trans_L2_m: 1.293, Yaw_err_deg: 8.631
Epoch: [1/23], Batch: 2930/2963, Loss: 948.333, Trans_L2_m: 1.404, Yaw_err_deg: 6.757
Epoch: [1/23], Batch: 2940/2963, Loss: 921.787, Trans_L2_m: 1.713, Yaw_err_deg: 6.527
Epoch: [1/23], Batch: 2950/2963, Loss: 817.256, Trans_L2_m: 1.261, Yaw_err_deg: 6.378
Epoch: [1/23], Batch: 2960/2963, Loss: 1198.275, Trans_L2_m: 1.292, Yaw_err_deg: 9.072
Validation loss (homography): 2029.4527
Avg batch time: 971.30 ms, total: 316.419 s
[1;94mSave the best of 2029.4527587890625, at checkpoints/2025_12_28_23_35_33_best_checkpoint_zod.pth[0m
Epoch: [2/23], Batch: 0/2963, Loss: 951.162, Trans_L2_m: 1.288, Yaw_err_deg: 7.393
Epoch: [2/23], Batch: 10/2963, Loss: 704.435, Trans_L2_m: 1.275, Yaw_err_deg: 6.130
Epoch: [2/23], Batch: 20/2963, Loss: 906.823, Trans_L2_m: 1.061, Yaw_err_deg: 8.427
Epoch: [2/23], Batch: 30/2963, Loss: 640.703, Trans_L2_m: 1.584, Yaw_err_deg: 5.372
Epoch: [2/23], Batch: 40/2963, Loss: 903.685, Trans_L2_m: 1.076, Yaw_err_deg: 6.602
Epoch: [2/23], Batch: 50/2963, Loss: 888.072, Trans_L2_m: 1.174, Yaw_err_deg: 6.811
Epoch: [2/23], Batch: 60/2963, Loss: 802.824, Trans_L2_m: 1.362, Yaw_err_deg: 6.869
Epoch: [2/23], Batch: 70/2963, Loss: 972.752, Trans_L2_m: 1.222, Yaw_err_deg: 8.368
Epoch: [2/23], Batch: 80/2963, Loss: 499.928, Trans_L2_m: 1.834, Yaw_err_deg: 3.820
Epoch: [2/23], Batch: 90/2963, Loss: 630.645, Trans_L2_m: 1.301, Yaw_err_deg: 5.949
Epoch: [2/23], Batch: 100/2963, Loss: 849.978, Trans_L2_m: 0.786, Yaw_err_deg: 6.393
Epoch: [2/23], Batch: 110/2963, Loss: 946.885, Trans_L2_m: 1.683, Yaw_err_deg: 6.616
Epoch: [2/23], Batch: 120/2963, Loss: 889.175, Trans_L2_m: 1.520, Yaw_err_deg: 7.674
Epoch: [2/23], Batch: 130/2963, Loss: 831.580, Trans_L2_m: 1.573, Yaw_err_deg: 5.836
Epoch: [2/23], Batch: 140/2963, Loss: 812.375, Trans_L2_m: 1.779, Yaw_err_deg: 5.284
Epoch: [2/23], Batch: 150/2963, Loss: 866.999, Trans_L2_m: 1.801, Yaw_err_deg: 7.231
Epoch: [2/23], Batch: 160/2963, Loss: 1055.810, Trans_L2_m: 1.183, Yaw_err_deg: 8.966
Epoch: [2/23], Batch: 170/2963, Loss: 658.150, Trans_L2_m: 1.748, Yaw_err_deg: 4.811
Epoch: [2/23], Batch: 180/2963, Loss: 802.233, Trans_L2_m: 1.567, Yaw_err_deg: 5.793
Epoch: [2/23], Batch: 190/2963, Loss: 813.482, Trans_L2_m: 0.928, Yaw_err_deg: 7.304
Epoch: [2/23], Batch: 200/2963, Loss: 914.527, Trans_L2_m: 1.563, Yaw_err_deg: 8.447
Epoch: [2/23], Batch: 210/2963, Loss: 624.778, Trans_L2_m: 1.225, Yaw_err_deg: 4.502
Epoch: [2/23], Batch: 220/2963, Loss: 670.749, Trans_L2_m: 1.187, Yaw_err_deg: 6.409
Epoch: [2/23], Batch: 230/2963, Loss: 707.118, Trans_L2_m: 1.273, Yaw_err_deg: 6.824
Epoch: [2/23], Batch: 240/2963, Loss: 1235.091, Trans_L2_m: 1.466, Yaw_err_deg: 8.559
Epoch: [2/23], Batch: 250/2963, Loss: 609.676, Trans_L2_m: 0.996, Yaw_err_deg: 4.845
Epoch: [2/23], Batch: 260/2963, Loss: 911.454, Trans_L2_m: 1.133, Yaw_err_deg: 7.681
Epoch: [2/23], Batch: 270/2963, Loss: 618.178, Trans_L2_m: 2.038, Yaw_err_deg: 5.494
Epoch: [2/23], Batch: 280/2963, Loss: 836.207, Trans_L2_m: 1.165, Yaw_err_deg: 7.085
Epoch: [2/23], Batch: 290/2963, Loss: 906.177, Trans_L2_m: 1.744, Yaw_err_deg: 6.533
Epoch: [2/23], Batch: 300/2963, Loss: 658.280, Trans_L2_m: 2.044, Yaw_err_deg: 4.421
Epoch: [2/23], Batch: 310/2963, Loss: 990.893, Trans_L2_m: 1.460, Yaw_err_deg: 7.975
Epoch: [2/23], Batch: 320/2963, Loss: 763.119, Trans_L2_m: 1.558, Yaw_err_deg: 6.669
Epoch: [2/23], Batch: 330/2963, Loss: 759.462, Trans_L2_m: 1.678, Yaw_err_deg: 7.348
Epoch: [2/23], Batch: 340/2963, Loss: 631.761, Trans_L2_m: 1.763, Yaw_err_deg: 5.587
Epoch: [2/23], Batch: 350/2963, Loss: 985.107, Trans_L2_m: 1.113, Yaw_err_deg: 7.455
Epoch: [2/23], Batch: 360/2963, Loss: 776.826, Trans_L2_m: 1.645, Yaw_err_deg: 4.979
Epoch: [2/23], Batch: 370/2963, Loss: 744.895, Trans_L2_m: 1.272, Yaw_err_deg: 6.979
Epoch: [2/23], Batch: 380/2963, Loss: 1040.864, Trans_L2_m: 1.550, Yaw_err_deg: 8.266
Epoch: [2/23], Batch: 390/2963, Loss: 875.094, Trans_L2_m: 1.873, Yaw_err_deg: 7.152
Epoch: [2/23], Batch: 400/2963, Loss: 1056.746, Trans_L2_m: 1.290, Yaw_err_deg: 9.033
Epoch: [2/23], Batch: 410/2963, Loss: 1265.939, Trans_L2_m: 1.356, Yaw_err_deg: 9.826
Epoch: [2/23], Batch: 420/2963, Loss: 994.792, Trans_L2_m: 1.170, Yaw_err_deg: 8.108
Epoch: [2/23], Batch: 430/2963, Loss: 776.932, Trans_L2_m: 1.526, Yaw_err_deg: 5.586
Epoch: [2/23], Batch: 440/2963, Loss: 718.759, Trans_L2_m: 1.448, Yaw_err_deg: 6.482
Epoch: [2/23], Batch: 450/2963, Loss: 901.481, Trans_L2_m: 1.887, Yaw_err_deg: 6.909
Epoch: [2/23], Batch: 460/2963, Loss: 905.154, Trans_L2_m: 1.392, Yaw_err_deg: 7.302
Epoch: [2/23], Batch: 470/2963, Loss: 751.814, Trans_L2_m: 1.388, Yaw_err_deg: 6.327
Epoch: [2/23], Batch: 480/2963, Loss: 736.816, Trans_L2_m: 0.793, Yaw_err_deg: 6.540
Epoch: [2/23], Batch: 490/2963, Loss: 538.426, Trans_L2_m: 1.174, Yaw_err_deg: 5.689
Epoch: [2/23], Batch: 500/2963, Loss: 1211.657, Trans_L2_m: 1.713, Yaw_err_deg: 10.559
Epoch: [2/23], Batch: 510/2963, Loss: 927.531, Trans_L2_m: 1.420, Yaw_err_deg: 7.154
Epoch: [2/23], Batch: 520/2963, Loss: 726.042, Trans_L2_m: 1.223, Yaw_err_deg: 6.763
Epoch: [2/23], Batch: 530/2963, Loss: 2093.758, Trans_L2_m: 1.878, Yaw_err_deg: 7.623
Epoch: [2/23], Batch: 540/2963, Loss: 778.587, Trans_L2_m: 1.241, Yaw_err_deg: 7.268
Epoch: [2/23], Batch: 550/2963, Loss: 959.234, Trans_L2_m: 1.163, Yaw_err_deg: 8.031
Epoch: [2/23], Batch: 560/2963, Loss: 632.800, Trans_L2_m: 1.173, Yaw_err_deg: 5.668
Epoch: [2/23], Batch: 570/2963, Loss: 851.958, Trans_L2_m: 1.303, Yaw_err_deg: 6.065
Epoch: [2/23], Batch: 580/2963, Loss: 470.620, Trans_L2_m: 1.548, Yaw_err_deg: 4.771
Epoch: [2/23], Batch: 590/2963, Loss: 582.344, Trans_L2_m: 1.250, Yaw_err_deg: 5.057
Epoch: [2/23], Batch: 600/2963, Loss: 583.159, Trans_L2_m: 1.275, Yaw_err_deg: 4.742
Epoch: [2/23], Batch: 610/2963, Loss: 812.072, Trans_L2_m: 1.471, Yaw_err_deg: 8.107
Epoch: [2/23], Batch: 620/2963, Loss: 736.395, Trans_L2_m: 1.133, Yaw_err_deg: 5.537
Epoch: [2/23], Batch: 630/2963, Loss: 786.992, Trans_L2_m: 1.323, Yaw_err_deg: 7.935
Epoch: [2/23], Batch: 640/2963, Loss: 870.410, Trans_L2_m: 0.975, Yaw_err_deg: 8.291
Epoch: [2/23], Batch: 650/2963, Loss: 601.784, Trans_L2_m: 1.444, Yaw_err_deg: 4.920
Epoch: [2/23], Batch: 660/2963, Loss: 1313.540, Trans_L2_m: 1.343, Yaw_err_deg: 9.378
Epoch: [2/23], Batch: 670/2963, Loss: 528.997, Trans_L2_m: 1.091, Yaw_err_deg: 4.564
Epoch: [2/23], Batch: 680/2963, Loss: 638.790, Trans_L2_m: 1.100, Yaw_err_deg: 5.420
Epoch: [2/23], Batch: 690/2963, Loss: 533.156, Trans_L2_m: 0.859, Yaw_err_deg: 5.315
Epoch: [2/23], Batch: 700/2963, Loss: 555.256, Trans_L2_m: 1.383, Yaw_err_deg: 5.597
Epoch: [2/23], Batch: 710/2963, Loss: 799.516, Trans_L2_m: 1.370, Yaw_err_deg: 7.299
Epoch: [2/23], Batch: 720/2963, Loss: 900.096, Trans_L2_m: 1.722, Yaw_err_deg: 7.061
Epoch: [2/23], Batch: 730/2963, Loss: 812.675, Trans_L2_m: 1.871, Yaw_err_deg: 7.916
Epoch: [2/23], Batch: 740/2963, Loss: 722.231, Trans_L2_m: 1.323, Yaw_err_deg: 5.963
Epoch: [2/23], Batch: 750/2963, Loss: 548.900, Trans_L2_m: 0.872, Yaw_err_deg: 6.599
Epoch: [2/23], Batch: 760/2963, Loss: 583.003, Trans_L2_m: 1.836, Yaw_err_deg: 5.101
Epoch: [2/23], Batch: 770/2963, Loss: 596.271, Trans_L2_m: 1.434, Yaw_err_deg: 5.500
Epoch: [2/23], Batch: 780/2963, Loss: 772.080, Trans_L2_m: 1.357, Yaw_err_deg: 7.170
Epoch: [2/23], Batch: 790/2963, Loss: 470.759, Trans_L2_m: 1.204, Yaw_err_deg: 4.541
Epoch: [2/23], Batch: 800/2963, Loss: 690.075, Trans_L2_m: 1.033, Yaw_err_deg: 6.684
Epoch: [2/23], Batch: 810/2963, Loss: 595.400, Trans_L2_m: 1.219, Yaw_err_deg: 4.979
Epoch: [2/23], Batch: 820/2963, Loss: 809.286, Trans_L2_m: 1.357, Yaw_err_deg: 7.050
Epoch: [2/23], Batch: 830/2963, Loss: 709.689, Trans_L2_m: 1.255, Yaw_err_deg: 6.144
Epoch: [2/23], Batch: 840/2963, Loss: 790.712, Trans_L2_m: 1.187, Yaw_err_deg: 6.712
Epoch: [2/23], Batch: 850/2963, Loss: 692.652, Trans_L2_m: 1.031, Yaw_err_deg: 5.623
Epoch: [2/23], Batch: 860/2963, Loss: 654.958, Trans_L2_m: 1.363, Yaw_err_deg: 5.745
Epoch: [2/23], Batch: 870/2963, Loss: 904.783, Trans_L2_m: 1.131, Yaw_err_deg: 8.033
Epoch: [2/23], Batch: 880/2963, Loss: 561.709, Trans_L2_m: 1.341, Yaw_err_deg: 5.908
Epoch: [2/23], Batch: 890/2963, Loss: 998.689, Trans_L2_m: 1.047, Yaw_err_deg: 8.412
Epoch: [2/23], Batch: 900/2963, Loss: 498.305, Trans_L2_m: 1.360, Yaw_err_deg: 3.695
Epoch: [2/23], Batch: 910/2963, Loss: 709.030, Trans_L2_m: 0.866, Yaw_err_deg: 6.336
Epoch: [2/23], Batch: 920/2963, Loss: 582.030, Trans_L2_m: 1.320, Yaw_err_deg: 6.756
Epoch: [2/23], Batch: 930/2963, Loss: 518.706, Trans_L2_m: 0.918, Yaw_err_deg: 5.214
Epoch: [2/23], Batch: 940/2963, Loss: 815.881, Trans_L2_m: 1.115, Yaw_err_deg: 7.113
Epoch: [2/23], Batch: 950/2963, Loss: 1209.670, Trans_L2_m: 1.645, Yaw_err_deg: 8.225
Epoch: [2/23], Batch: 960/2963, Loss: 529.757, Trans_L2_m: 1.294, Yaw_err_deg: 7.085
Epoch: [2/23], Batch: 970/2963, Loss: 558.553, Trans_L2_m: 1.083, Yaw_err_deg: 4.854
Epoch: [2/23], Batch: 980/2963, Loss: 687.467, Trans_L2_m: 1.254, Yaw_err_deg: 5.680
Epoch: [2/23], Batch: 990/2963, Loss: 589.943, Trans_L2_m: 1.234, Yaw_err_deg: 4.786
Epoch: [2/23], Batch: 1000/2963, Loss: 597.890, Trans_L2_m: 1.236, Yaw_err_deg: 6.434
Epoch: [2/23], Batch: 1010/2963, Loss: 505.854, Trans_L2_m: 0.890, Yaw_err_deg: 4.766
Epoch: [2/23], Batch: 1020/2963, Loss: 837.402, Trans_L2_m: 1.501, Yaw_err_deg: 6.059
Epoch: [2/23], Batch: 1030/2963, Loss: 676.002, Trans_L2_m: 1.101, Yaw_err_deg: 6.956
Epoch: [2/23], Batch: 1040/2963, Loss: 598.352, Trans_L2_m: 1.053, Yaw_err_deg: 6.410
Epoch: [2/23], Batch: 1050/2963, Loss: 668.600, Trans_L2_m: 1.386, Yaw_err_deg: 5.623
Epoch: [2/23], Batch: 1060/2963, Loss: 368.252, Trans_L2_m: 1.047, Yaw_err_deg: 3.844
Epoch: [2/23], Batch: 1070/2963, Loss: 437.034, Trans_L2_m: 1.317, Yaw_err_deg: 4.723
Epoch: [2/23], Batch: 1080/2963, Loss: 516.710, Trans_L2_m: 1.070, Yaw_err_deg: 4.673
Epoch: [2/23], Batch: 1090/2963, Loss: 478.395, Trans_L2_m: 1.063, Yaw_err_deg: 5.060
Epoch: [2/23], Batch: 1100/2963, Loss: 397.035, Trans_L2_m: 1.157, Yaw_err_deg: 3.462
Epoch: [2/23], Batch: 1110/2963, Loss: 577.155, Trans_L2_m: 1.177, Yaw_err_deg: 6.121
Epoch: [2/23], Batch: 1120/2963, Loss: 516.133, Trans_L2_m: 1.285, Yaw_err_deg: 3.000
Epoch: [2/23], Batch: 1130/2963, Loss: 461.987, Trans_L2_m: 1.275, Yaw_err_deg: 4.739
Epoch: [2/23], Batch: 1140/2963, Loss: 487.982, Trans_L2_m: 1.290, Yaw_err_deg: 5.283
Epoch: [2/23], Batch: 1150/2963, Loss: 476.630, Trans_L2_m: 1.167, Yaw_err_deg: 4.943
Epoch: [2/23], Batch: 1160/2963, Loss: 581.293, Trans_L2_m: 1.167, Yaw_err_deg: 5.314
Epoch: [2/23], Batch: 1170/2963, Loss: 357.764, Trans_L2_m: 1.208, Yaw_err_deg: 3.903
Epoch: [2/23], Batch: 1180/2963, Loss: 682.089, Trans_L2_m: 1.360, Yaw_err_deg: 5.427
Epoch: [2/23], Batch: 1190/2963, Loss: 646.859, Trans_L2_m: 1.126, Yaw_err_deg: 3.992
Epoch: [2/23], Batch: 1200/2963, Loss: 538.149, Trans_L2_m: 0.956, Yaw_err_deg: 6.362
Epoch: [2/23], Batch: 1210/2963, Loss: 766.631, Trans_L2_m: 1.211, Yaw_err_deg: 5.773
Epoch: [2/23], Batch: 1220/2963, Loss: 487.704, Trans_L2_m: 0.962, Yaw_err_deg: 4.964
Epoch: [2/23], Batch: 1230/2963, Loss: 425.669, Trans_L2_m: 1.287, Yaw_err_deg: 3.465
Epoch: [2/23], Batch: 1240/2963, Loss: 643.770, Trans_L2_m: 1.081, Yaw_err_deg: 6.351
Epoch: [2/23], Batch: 1250/2963, Loss: 447.222, Trans_L2_m: 1.213, Yaw_err_deg: 4.513
Epoch: [2/23], Batch: 1260/2963, Loss: 396.124, Trans_L2_m: 0.868, Yaw_err_deg: 4.281
Epoch: [2/23], Batch: 1270/2963, Loss: 772.544, Trans_L2_m: 1.308, Yaw_err_deg: 7.011
Epoch: [2/23], Batch: 1280/2963, Loss: 678.316, Trans_L2_m: 0.879, Yaw_err_deg: 5.605
Epoch: [2/23], Batch: 1290/2963, Loss: 704.241, Trans_L2_m: 1.094, Yaw_err_deg: 5.229
Epoch: [2/23], Batch: 1300/2963, Loss: 675.361, Trans_L2_m: 0.938, Yaw_err_deg: 6.865
Epoch: [2/23], Batch: 1310/2963, Loss: 472.473, Trans_L2_m: 1.129, Yaw_err_deg: 5.085
Epoch: [2/23], Batch: 1320/2963, Loss: 970.110, Trans_L2_m: 1.319, Yaw_err_deg: 7.129
Epoch: [2/23], Batch: 1330/2963, Loss: 353.924, Trans_L2_m: 0.783, Yaw_err_deg: 4.709
Epoch: [2/23], Batch: 1340/2963, Loss: 606.593, Trans_L2_m: 1.227, Yaw_err_deg: 5.391
Epoch: [2/23], Batch: 1350/2963, Loss: 602.342, Trans_L2_m: 0.941, Yaw_err_deg: 5.588
Epoch: [2/23], Batch: 1360/2963, Loss: 532.832, Trans_L2_m: 0.991, Yaw_err_deg: 5.608
Epoch: [2/23], Batch: 1370/2963, Loss: 464.346, Trans_L2_m: 1.349, Yaw_err_deg: 5.328
Epoch: [2/23], Batch: 1380/2963, Loss: 345.879, Trans_L2_m: 1.476, Yaw_err_deg: 3.986
Epoch: [2/23], Batch: 1390/2963, Loss: 446.270, Trans_L2_m: 1.258, Yaw_err_deg: 5.294
Epoch: [2/23], Batch: 1400/2963, Loss: 390.749, Trans_L2_m: 0.899, Yaw_err_deg: 4.594
Epoch: [2/23], Batch: 1410/2963, Loss: 405.520, Trans_L2_m: 0.947, Yaw_err_deg: 4.302
Epoch: [2/23], Batch: 1420/2963, Loss: 709.723, Trans_L2_m: 1.141, Yaw_err_deg: 7.122
Epoch: [2/23], Batch: 1430/2963, Loss: 586.198, Trans_L2_m: 1.054, Yaw_err_deg: 6.070
Epoch: [2/23], Batch: 1440/2963, Loss: 536.278, Trans_L2_m: 1.235, Yaw_err_deg: 5.381
Epoch: [2/23], Batch: 1450/2963, Loss: 398.297, Trans_L2_m: 1.416, Yaw_err_deg: 3.570
Epoch: [2/23], Batch: 1460/2963, Loss: 651.593, Trans_L2_m: 0.979, Yaw_err_deg: 6.412
Epoch: [2/23], Batch: 1470/2963, Loss: 519.771, Trans_L2_m: 1.127, Yaw_err_deg: 5.275
Epoch: [2/23], Batch: 1480/2963, Loss: 546.147, Trans_L2_m: 1.198, Yaw_err_deg: 5.637
Epoch: [2/23], Batch: 1490/2963, Loss: 515.766, Trans_L2_m: 0.958, Yaw_err_deg: 6.434
Epoch: [2/23], Batch: 1500/2963, Loss: 360.848, Trans_L2_m: 0.975, Yaw_err_deg: 3.717
Epoch: [2/23], Batch: 1510/2963, Loss: 847.180, Trans_L2_m: 1.238, Yaw_err_deg: 7.172
Epoch: [2/23], Batch: 1520/2963, Loss: 557.517, Trans_L2_m: 1.117, Yaw_err_deg: 5.758
Epoch: [2/23], Batch: 1530/2963, Loss: 470.165, Trans_L2_m: 1.026, Yaw_err_deg: 5.829
Epoch: [2/23], Batch: 1540/2963, Loss: 597.410, Trans_L2_m: 1.250, Yaw_err_deg: 5.421
Epoch: [2/23], Batch: 1550/2963, Loss: 571.429, Trans_L2_m: 1.028, Yaw_err_deg: 6.123
Epoch: [2/23], Batch: 1560/2963, Loss: 450.818, Trans_L2_m: 1.155, Yaw_err_deg: 6.162
Epoch: [2/23], Batch: 1570/2963, Loss: 452.693, Trans_L2_m: 0.890, Yaw_err_deg: 5.493
Epoch: [2/23], Batch: 1580/2963, Loss: 426.573, Trans_L2_m: 1.107, Yaw_err_deg: 3.884
Epoch: [2/23], Batch: 1590/2963, Loss: 703.455, Trans_L2_m: 1.132, Yaw_err_deg: 6.213
Epoch: [2/23], Batch: 1600/2963, Loss: 517.166, Trans_L2_m: 1.065, Yaw_err_deg: 5.011
Epoch: [2/23], Batch: 1610/2963, Loss: 421.815, Trans_L2_m: 1.016, Yaw_err_deg: 4.722
Epoch: [2/23], Batch: 1620/2963, Loss: 1095.368, Trans_L2_m: 1.219, Yaw_err_deg: 5.497
Epoch: [2/23], Batch: 1630/2963, Loss: 421.073, Trans_L2_m: 1.348, Yaw_err_deg: 4.855
Epoch: [2/23], Batch: 1640/2963, Loss: 399.729, Trans_L2_m: 1.006, Yaw_err_deg: 4.149
Epoch: [2/23], Batch: 1650/2963, Loss: 639.360, Trans_L2_m: 1.181, Yaw_err_deg: 6.296
Epoch: [2/23], Batch: 1660/2963, Loss: 376.009, Trans_L2_m: 1.041, Yaw_err_deg: 4.463
Epoch: [2/23], Batch: 1670/2963, Loss: 545.786, Trans_L2_m: 0.732, Yaw_err_deg: 7.302
Epoch: [2/23], Batch: 1680/2963, Loss: 398.095, Trans_L2_m: 1.083, Yaw_err_deg: 4.615
Epoch: [2/23], Batch: 1690/2963, Loss: 389.920, Trans_L2_m: 1.268, Yaw_err_deg: 4.790
Epoch: [2/23], Batch: 1700/2963, Loss: 764.025, Trans_L2_m: 1.227, Yaw_err_deg: 7.128
Epoch: [2/23], Batch: 1710/2963, Loss: 535.198, Trans_L2_m: 1.031, Yaw_err_deg: 5.890
Epoch: [2/23], Batch: 1720/2963, Loss: 460.112, Trans_L2_m: 0.805, Yaw_err_deg: 5.268
Epoch: [2/23], Batch: 1730/2963, Loss: 372.256, Trans_L2_m: 1.207, Yaw_err_deg: 3.863
Epoch: [2/23], Batch: 1740/2963, Loss: 325.233, Trans_L2_m: 0.923, Yaw_err_deg: 3.349
Epoch: [2/23], Batch: 1750/2963, Loss: 522.711, Trans_L2_m: 1.191, Yaw_err_deg: 4.584
Epoch: [2/23], Batch: 1760/2963, Loss: 381.395, Trans_L2_m: 0.979, Yaw_err_deg: 4.415
Epoch: [2/23], Batch: 1770/2963, Loss: 465.503, Trans_L2_m: 0.863, Yaw_err_deg: 5.174
Epoch: [2/23], Batch: 1780/2963, Loss: 283.361, Trans_L2_m: 1.160, Yaw_err_deg: 3.681
Epoch: [2/23], Batch: 1790/2963, Loss: 428.334, Trans_L2_m: 1.209, Yaw_err_deg: 4.721
Epoch: [2/23], Batch: 1800/2963, Loss: 322.159, Trans_L2_m: 1.487, Yaw_err_deg: 3.566
Epoch: [2/23], Batch: 1810/2963, Loss: 465.932, Trans_L2_m: 0.854, Yaw_err_deg: 5.764
Epoch: [2/23], Batch: 1820/2963, Loss: 379.386, Trans_L2_m: 0.931, Yaw_err_deg: 4.205
Epoch: [2/23], Batch: 1830/2963, Loss: 377.620, Trans_L2_m: 1.125, Yaw_err_deg: 3.609
Epoch: [2/23], Batch: 1840/2963, Loss: 619.322, Trans_L2_m: 1.213, Yaw_err_deg: 6.601
Epoch: [2/23], Batch: 1850/2963, Loss: 644.120, Trans_L2_m: 1.031, Yaw_err_deg: 7.068
Epoch: [2/23], Batch: 1860/2963, Loss: 415.599, Trans_L2_m: 1.041, Yaw_err_deg: 4.931
Epoch: [2/23], Batch: 1870/2963, Loss: 532.377, Trans_L2_m: 1.008, Yaw_err_deg: 5.857
Epoch: [2/23], Batch: 1880/2963, Loss: 348.365, Trans_L2_m: 1.099, Yaw_err_deg: 4.155
Epoch: [2/23], Batch: 1890/2963, Loss: 334.419, Trans_L2_m: 0.905, Yaw_err_deg: 3.984
Epoch: [2/23], Batch: 1900/2963, Loss: 273.202, Trans_L2_m: 0.989, Yaw_err_deg: 3.244
Epoch: [2/23], Batch: 1910/2963, Loss: 581.808, Trans_L2_m: 1.450, Yaw_err_deg: 7.420
Epoch: [2/23], Batch: 1920/2963, Loss: 544.149, Trans_L2_m: 0.933, Yaw_err_deg: 5.660
Epoch: [2/23], Batch: 1930/2963, Loss: 395.385, Trans_L2_m: 0.953, Yaw_err_deg: 5.521
Epoch: [2/23], Batch: 1940/2963, Loss: 298.535, Trans_L2_m: 0.974, Yaw_err_deg: 3.486
Epoch: [2/23], Batch: 1950/2963, Loss: 455.107, Trans_L2_m: 1.150, Yaw_err_deg: 4.724
Epoch: [2/23], Batch: 1960/2963, Loss: 389.370, Trans_L2_m: 0.941, Yaw_err_deg: 3.889
Epoch: [2/23], Batch: 1970/2963, Loss: 392.075, Trans_L2_m: 1.013, Yaw_err_deg: 4.886
Epoch: [2/23], Batch: 1980/2963, Loss: 326.748, Trans_L2_m: 0.888, Yaw_err_deg: 3.674
Epoch: [2/23], Batch: 1990/2963, Loss: 310.284, Trans_L2_m: 0.970, Yaw_err_deg: 4.026
Epoch: [2/23], Batch: 2000/2963, Loss: 339.153, Trans_L2_m: 0.913, Yaw_err_deg: 4.455
Epoch: [2/23], Batch: 2010/2963, Loss: 284.125, Trans_L2_m: 0.837, Yaw_err_deg: 2.684
Epoch: [2/23], Batch: 2020/2963, Loss: 405.229, Trans_L2_m: 1.020, Yaw_err_deg: 4.355
Epoch: [2/23], Batch: 2030/2963, Loss: 578.329, Trans_L2_m: 1.109, Yaw_err_deg: 6.653
Epoch: [2/23], Batch: 2040/2963, Loss: 404.326, Trans_L2_m: 0.972, Yaw_err_deg: 4.671
Epoch: [2/23], Batch: 2050/2963, Loss: 407.570, Trans_L2_m: 1.091, Yaw_err_deg: 4.287
Epoch: [2/23], Batch: 2060/2963, Loss: 619.770, Trans_L2_m: 0.951, Yaw_err_deg: 6.076
Epoch: [2/23], Batch: 2070/2963, Loss: 297.024, Trans_L2_m: 1.075, Yaw_err_deg: 4.020
Epoch: [2/23], Batch: 2080/2963, Loss: 453.402, Trans_L2_m: 1.120, Yaw_err_deg: 5.057
Epoch: [2/23], Batch: 2090/2963, Loss: 334.828, Trans_L2_m: 0.837, Yaw_err_deg: 4.537
Epoch: [2/23], Batch: 2100/2963, Loss: 415.802, Trans_L2_m: 1.207, Yaw_err_deg: 4.871
Epoch: [2/23], Batch: 2110/2963, Loss: 533.488, Trans_L2_m: 0.940, Yaw_err_deg: 5.031
Epoch: [2/23], Batch: 2120/2963, Loss: 254.393, Trans_L2_m: 0.873, Yaw_err_deg: 2.772
Epoch: [2/23], Batch: 2130/2963, Loss: 483.136, Trans_L2_m: 1.175, Yaw_err_deg: 5.850
Epoch: [2/23], Batch: 2140/2963, Loss: 220.454, Trans_L2_m: 1.420, Yaw_err_deg: 2.459
Epoch: [2/23], Batch: 2150/2963, Loss: 497.887, Trans_L2_m: 1.171, Yaw_err_deg: 5.513
Epoch: [2/23], Batch: 2160/2963, Loss: 402.979, Trans_L2_m: 1.056, Yaw_err_deg: 5.002
Epoch: [2/23], Batch: 2170/2963, Loss: 428.377, Trans_L2_m: 0.980, Yaw_err_deg: 4.181
Epoch: [2/23], Batch: 2180/2963, Loss: 384.868, Trans_L2_m: 0.793, Yaw_err_deg: 3.964
Epoch: [2/23], Batch: 2190/2963, Loss: 343.438, Trans_L2_m: 0.877, Yaw_err_deg: 3.371
Epoch: [2/23], Batch: 2200/2963, Loss: 457.487, Trans_L2_m: 1.116, Yaw_err_deg: 6.245
Epoch: [2/23], Batch: 2210/2963, Loss: 373.936, Trans_L2_m: 0.908, Yaw_err_deg: 3.800
Epoch: [2/23], Batch: 2220/2963, Loss: 347.172, Trans_L2_m: 1.070, Yaw_err_deg: 4.274
Epoch: [2/23], Batch: 2230/2963, Loss: 457.642, Trans_L2_m: 0.896, Yaw_err_deg: 3.685
Epoch: [2/23], Batch: 2240/2963, Loss: 261.951, Trans_L2_m: 0.855, Yaw_err_deg: 3.911
Epoch: [2/23], Batch: 2250/2963, Loss: 668.432, Trans_L2_m: 1.039, Yaw_err_deg: 6.884
Epoch: [2/23], Batch: 2260/2963, Loss: 351.254, Trans_L2_m: 0.834, Yaw_err_deg: 4.124
Epoch: [2/23], Batch: 2270/2963, Loss: 379.076, Trans_L2_m: 1.034, Yaw_err_deg: 4.773
Epoch: [2/23], Batch: 2280/2963, Loss: 352.926, Trans_L2_m: 1.099, Yaw_err_deg: 3.824
Epoch: [2/23], Batch: 2290/2963, Loss: 777.083, Trans_L2_m: 0.927, Yaw_err_deg: 7.670
Epoch: [2/23], Batch: 2300/2963, Loss: 291.100, Trans_L2_m: 0.922, Yaw_err_deg: 3.716
Epoch: [2/23], Batch: 2310/2963, Loss: 343.579, Trans_L2_m: 1.186, Yaw_err_deg: 3.663
Epoch: [2/23], Batch: 2320/2963, Loss: 327.594, Trans_L2_m: 0.984, Yaw_err_deg: 3.947
Epoch: [2/23], Batch: 2330/2963, Loss: 603.885, Trans_L2_m: 1.200, Yaw_err_deg: 6.446
Epoch: [2/23], Batch: 2340/2963, Loss: 444.333, Trans_L2_m: 0.944, Yaw_err_deg: 5.067
Epoch: [2/23], Batch: 2350/2963, Loss: 399.935, Trans_L2_m: 0.890, Yaw_err_deg: 4.806
Epoch: [2/23], Batch: 2360/2963, Loss: 598.058, Trans_L2_m: 0.832, Yaw_err_deg: 6.058
Epoch: [2/23], Batch: 2370/2963, Loss: 581.537, Trans_L2_m: 0.778, Yaw_err_deg: 6.416
Epoch: [2/23], Batch: 2380/2963, Loss: 345.219, Trans_L2_m: 0.880, Yaw_err_deg: 4.253
Epoch: [2/23], Batch: 2390/2963, Loss: 193.162, Trans_L2_m: 0.794, Yaw_err_deg: 2.987
Epoch: [2/23], Batch: 2400/2963, Loss: 313.701, Trans_L2_m: 0.781, Yaw_err_deg: 3.724
Epoch: [2/23], Batch: 2410/2963, Loss: 433.379, Trans_L2_m: 1.168, Yaw_err_deg: 4.598
Epoch: [2/23], Batch: 2420/2963, Loss: 319.276, Trans_L2_m: 1.033, Yaw_err_deg: 3.829
Epoch: [2/23], Batch: 2430/2963, Loss: 420.339, Trans_L2_m: 0.848, Yaw_err_deg: 4.897
Epoch: [2/23], Batch: 2440/2963, Loss: 277.243, Trans_L2_m: 0.998, Yaw_err_deg: 3.132
Epoch: [2/23], Batch: 2450/2963, Loss: 413.054, Trans_L2_m: 0.840, Yaw_err_deg: 5.250
Epoch: [2/23], Batch: 2460/2963, Loss: 194.002, Trans_L2_m: 0.740, Yaw_err_deg: 2.815
Epoch: [2/23], Batch: 2470/2963, Loss: 468.658, Trans_L2_m: 1.199, Yaw_err_deg: 5.100
Epoch: [2/23], Batch: 2480/2963, Loss: 270.498, Trans_L2_m: 0.997, Yaw_err_deg: 3.378
Epoch: [2/23], Batch: 2490/2963, Loss: 570.137, Trans_L2_m: 1.162, Yaw_err_deg: 6.686
Epoch: [2/23], Batch: 2500/2963, Loss: 237.438, Trans_L2_m: 0.821, Yaw_err_deg: 3.003
Epoch: [2/23], Batch: 2510/2963, Loss: 260.601, Trans_L2_m: 0.882, Yaw_err_deg: 4.345
Epoch: [2/23], Batch: 2520/2963, Loss: 496.409, Trans_L2_m: 1.144, Yaw_err_deg: 4.720
Epoch: [2/23], Batch: 2530/2963, Loss: 265.695, Trans_L2_m: 0.957, Yaw_err_deg: 3.562
Epoch: [2/23], Batch: 2540/2963, Loss: 207.062, Trans_L2_m: 1.073, Yaw_err_deg: 2.834
Epoch: [2/23], Batch: 2550/2963, Loss: 388.453, Trans_L2_m: 0.790, Yaw_err_deg: 4.557
Epoch: [2/23], Batch: 2560/2963, Loss: 267.540, Trans_L2_m: 1.256, Yaw_err_deg: 3.477
Epoch: [2/23], Batch: 2570/2963, Loss: 325.145, Trans_L2_m: 0.716, Yaw_err_deg: 3.935
Epoch: [2/23], Batch: 2580/2963, Loss: 656.202, Trans_L2_m: 0.874, Yaw_err_deg: 7.146
Epoch: [2/23], Batch: 2590/2963, Loss: 538.011, Trans_L2_m: 1.152, Yaw_err_deg: 5.614
Epoch: [2/23], Batch: 2600/2963, Loss: 235.815, Trans_L2_m: 1.034, Yaw_err_deg: 2.872
Epoch: [2/23], Batch: 2610/2963, Loss: 436.684, Trans_L2_m: 1.209, Yaw_err_deg: 5.299
Epoch: [2/23], Batch: 2620/2963, Loss: 250.095, Trans_L2_m: 1.067, Yaw_err_deg: 3.255
Epoch: [2/23], Batch: 2630/2963, Loss: 425.577, Trans_L2_m: 0.868, Yaw_err_deg: 5.855
Epoch: [2/23], Batch: 2640/2963, Loss: 518.592, Trans_L2_m: 0.820, Yaw_err_deg: 5.639
Epoch: [2/23], Batch: 2650/2963, Loss: 225.256, Trans_L2_m: 0.908, Yaw_err_deg: 2.771
Epoch: [2/23], Batch: 2660/2963, Loss: 233.844, Trans_L2_m: 0.918, Yaw_err_deg: 3.872
Epoch: [2/23], Batch: 2670/2963, Loss: 338.175, Trans_L2_m: 0.686, Yaw_err_deg: 5.081
Epoch: [2/23], Batch: 2680/2963, Loss: 664.998, Trans_L2_m: 0.894, Yaw_err_deg: 5.901
Epoch: [2/23], Batch: 2690/2963, Loss: 361.043, Trans_L2_m: 0.907, Yaw_err_deg: 4.432
Epoch: [2/23], Batch: 2700/2963, Loss: 372.871, Trans_L2_m: 1.049, Yaw_err_deg: 3.246
Epoch: [2/23], Batch: 2710/2963, Loss: 248.975, Trans_L2_m: 0.687, Yaw_err_deg: 3.413
Epoch: [2/23], Batch: 2720/2963, Loss: 409.297, Trans_L2_m: 0.808, Yaw_err_deg: 4.601
Epoch: [2/23], Batch: 2730/2963, Loss: 467.038, Trans_L2_m: 0.811, Yaw_err_deg: 5.756
Epoch: [2/23], Batch: 2740/2963, Loss: 287.776, Trans_L2_m: 1.027, Yaw_err_deg: 3.597
Epoch: [2/23], Batch: 2750/2963, Loss: 358.679, Trans_L2_m: 0.751, Yaw_err_deg: 4.897
Epoch: [2/23], Batch: 2760/2963, Loss: 320.383, Trans_L2_m: 0.936, Yaw_err_deg: 4.890
Epoch: [2/23], Batch: 2770/2963, Loss: 266.784, Trans_L2_m: 0.709, Yaw_err_deg: 3.485
Epoch: [2/23], Batch: 2780/2963, Loss: 236.390, Trans_L2_m: 0.727, Yaw_err_deg: 3.085
Epoch: [2/23], Batch: 2790/2963, Loss: 278.347, Trans_L2_m: 1.025, Yaw_err_deg: 3.874
Epoch: [2/23], Batch: 2800/2963, Loss: 315.986, Trans_L2_m: 0.903, Yaw_err_deg: 4.813
Epoch: [2/23], Batch: 2810/2963, Loss: 556.852, Trans_L2_m: 1.281, Yaw_err_deg: 5.778
Epoch: [2/23], Batch: 2820/2963, Loss: 437.928, Trans_L2_m: 1.023, Yaw_err_deg: 4.403
Epoch: [2/23], Batch: 2830/2963, Loss: 295.663, Trans_L2_m: 1.062, Yaw_err_deg: 4.428
Epoch: [2/23], Batch: 2840/2963, Loss: 359.677, Trans_L2_m: 0.775, Yaw_err_deg: 4.331
Epoch: [2/23], Batch: 2850/2963, Loss: 242.801, Trans_L2_m: 0.819, Yaw_err_deg: 3.680
Epoch: [2/23], Batch: 2860/2963, Loss: 741.528, Trans_L2_m: 1.240, Yaw_err_deg: 7.349
Epoch: [2/23], Batch: 2870/2963, Loss: 289.613, Trans_L2_m: 0.976, Yaw_err_deg: 3.555
Epoch: [2/23], Batch: 2880/2963, Loss: 275.765, Trans_L2_m: 1.224, Yaw_err_deg: 3.432
Epoch: [2/23], Batch: 2890/2963, Loss: 565.604, Trans_L2_m: 1.379, Yaw_err_deg: 6.484
Epoch: [2/23], Batch: 2900/2963, Loss: 470.950, Trans_L2_m: 1.199, Yaw_err_deg: 5.130
Epoch: [2/23], Batch: 2910/2963, Loss: 265.679, Trans_L2_m: 0.970, Yaw_err_deg: 3.483
Epoch: [2/23], Batch: 2920/2963, Loss: 284.136, Trans_L2_m: 0.944, Yaw_err_deg: 3.875
Epoch: [2/23], Batch: 2930/2963, Loss: 214.029, Trans_L2_m: 0.871, Yaw_err_deg: 2.934
Epoch: [2/23], Batch: 2940/2963, Loss: 189.047, Trans_L2_m: 0.893, Yaw_err_deg: 2.558
Epoch: [2/23], Batch: 2950/2963, Loss: 508.080, Trans_L2_m: 0.825, Yaw_err_deg: 5.101
Epoch: [2/23], Batch: 2960/2963, Loss: 359.685, Trans_L2_m: 1.103, Yaw_err_deg: 4.411
Epoch: [3/23], Batch: 0/2963, Loss: 313.711, Trans_L2_m: 1.022, Yaw_err_deg: 4.196
Epoch: [3/23], Batch: 10/2963, Loss: 406.797, Trans_L2_m: 1.164, Yaw_err_deg: 5.028
Epoch: [3/23], Batch: 20/2963, Loss: 422.272, Trans_L2_m: 0.918, Yaw_err_deg: 5.086
Epoch: [3/23], Batch: 30/2963, Loss: 464.245, Trans_L2_m: 0.894, Yaw_err_deg: 5.188
Epoch: [3/23], Batch: 40/2963, Loss: 262.480, Trans_L2_m: 0.883, Yaw_err_deg: 3.028
Epoch: [3/23], Batch: 50/2963, Loss: 206.169, Trans_L2_m: 0.615, Yaw_err_deg: 3.058
Epoch: [3/23], Batch: 60/2963, Loss: 479.603, Trans_L2_m: 0.865, Yaw_err_deg: 5.022
Epoch: [3/23], Batch: 70/2963, Loss: 227.431, Trans_L2_m: 0.822, Yaw_err_deg: 3.033
Epoch: [3/23], Batch: 80/2963, Loss: 292.978, Trans_L2_m: 1.119, Yaw_err_deg: 4.114
Epoch: [3/23], Batch: 90/2963, Loss: 236.790, Trans_L2_m: 1.016, Yaw_err_deg: 3.322
Epoch: [3/23], Batch: 100/2963, Loss: 264.485, Trans_L2_m: 0.779, Yaw_err_deg: 3.589
Epoch: [3/23], Batch: 110/2963, Loss: 186.485, Trans_L2_m: 0.766, Yaw_err_deg: 2.219
Epoch: [3/23], Batch: 120/2963, Loss: 368.700, Trans_L2_m: 1.246, Yaw_err_deg: 4.469
Epoch: [3/23], Batch: 130/2963, Loss: 272.181, Trans_L2_m: 0.794, Yaw_err_deg: 2.850
Epoch: [3/23], Batch: 140/2963, Loss: 387.171, Trans_L2_m: 1.251, Yaw_err_deg: 4.556
Epoch: [3/23], Batch: 150/2963, Loss: 261.898, Trans_L2_m: 0.771, Yaw_err_deg: 4.062
Epoch: [3/23], Batch: 160/2963, Loss: 161.723, Trans_L2_m: 0.822, Yaw_err_deg: 2.198
Epoch: [3/23], Batch: 170/2963, Loss: 245.756, Trans_L2_m: 1.014, Yaw_err_deg: 3.480
Epoch: [3/23], Batch: 180/2963, Loss: 371.420, Trans_L2_m: 0.833, Yaw_err_deg: 4.483
Epoch: [3/23], Batch: 190/2963, Loss: 257.324, Trans_L2_m: 1.026, Yaw_err_deg: 4.148
Epoch: [3/23], Batch: 200/2963, Loss: 506.248, Trans_L2_m: 0.970, Yaw_err_deg: 5.518
Epoch: [3/23], Batch: 210/2963, Loss: 291.229, Trans_L2_m: 0.896, Yaw_err_deg: 4.281
Epoch: [3/23], Batch: 220/2963, Loss: 415.729, Trans_L2_m: 1.058, Yaw_err_deg: 5.192
Epoch: [3/23], Batch: 230/2963, Loss: 680.306, Trans_L2_m: 0.814, Yaw_err_deg: 6.269
Epoch: [3/23], Batch: 240/2963, Loss: 244.940, Trans_L2_m: 0.792, Yaw_err_deg: 3.760
Epoch: [3/23], Batch: 250/2963, Loss: 228.873, Trans_L2_m: 0.986, Yaw_err_deg: 3.641
Epoch: [3/23], Batch: 260/2963, Loss: 408.436, Trans_L2_m: 0.815, Yaw_err_deg: 5.657
Epoch: [3/23], Batch: 270/2963, Loss: 338.966, Trans_L2_m: 1.028, Yaw_err_deg: 5.003
Epoch: [3/23], Batch: 280/2963, Loss: 239.793, Trans_L2_m: 0.973, Yaw_err_deg: 3.573
Epoch: [3/23], Batch: 290/2963, Loss: 262.532, Trans_L2_m: 0.768, Yaw_err_deg: 3.687
Epoch: [3/23], Batch: 300/2963, Loss: 598.297, Trans_L2_m: 1.059, Yaw_err_deg: 7.237
Epoch: [3/23], Batch: 310/2963, Loss: 547.459, Trans_L2_m: 0.763, Yaw_err_deg: 6.041
Epoch: [3/23], Batch: 320/2963, Loss: 318.082, Trans_L2_m: 1.015, Yaw_err_deg: 4.402
Epoch: [3/23], Batch: 330/2963, Loss: 439.883, Trans_L2_m: 1.005, Yaw_err_deg: 4.482
Epoch: [3/23], Batch: 340/2963, Loss: 340.068, Trans_L2_m: 0.906, Yaw_err_deg: 5.095
Epoch: [3/23], Batch: 350/2963, Loss: 401.545, Trans_L2_m: 0.839, Yaw_err_deg: 5.196
Epoch: [3/23], Batch: 360/2963, Loss: 309.380, Trans_L2_m: 0.928, Yaw_err_deg: 3.919
Epoch: [3/23], Batch: 370/2963, Loss: 190.450, Trans_L2_m: 0.652, Yaw_err_deg: 2.734
Epoch: [3/23], Batch: 380/2963, Loss: 212.674, Trans_L2_m: 1.068, Yaw_err_deg: 2.497
Epoch: [3/23], Batch: 390/2963, Loss: 201.912, Trans_L2_m: 1.160, Yaw_err_deg: 2.489
Epoch: [3/23], Batch: 400/2963, Loss: 181.413, Trans_L2_m: 0.951, Yaw_err_deg: 3.364
Epoch: [3/23], Batch: 410/2963, Loss: 273.006, Trans_L2_m: 1.214, Yaw_err_deg: 3.480
Epoch: [3/23], Batch: 420/2963, Loss: 358.783, Trans_L2_m: 1.156, Yaw_err_deg: 4.650
Epoch: [3/23], Batch: 430/2963, Loss: 243.837, Trans_L2_m: 0.733, Yaw_err_deg: 3.736
Epoch: [3/23], Batch: 440/2963, Loss: 258.838, Trans_L2_m: 1.013, Yaw_err_deg: 3.621
Epoch: [3/23], Batch: 450/2963, Loss: 466.843, Trans_L2_m: 1.053, Yaw_err_deg: 4.292
Epoch: [3/23], Batch: 460/2963, Loss: 291.153, Trans_L2_m: 0.718, Yaw_err_deg: 3.781
Epoch: [3/23], Batch: 470/2963, Loss: 181.635, Trans_L2_m: 0.869, Yaw_err_deg: 2.736
Epoch: [3/23], Batch: 480/2963, Loss: 356.307, Trans_L2_m: 0.818, Yaw_err_deg: 3.625
Epoch: [3/23], Batch: 490/2963, Loss: 228.203, Trans_L2_m: 0.895, Yaw_err_deg: 3.201
Epoch: [3/23], Batch: 500/2963, Loss: 361.878, Trans_L2_m: 0.949, Yaw_err_deg: 4.983
Epoch: [3/23], Batch: 510/2963, Loss: 306.169, Trans_L2_m: 0.981, Yaw_err_deg: 3.765
Epoch: [3/23], Batch: 520/2963, Loss: 221.812, Trans_L2_m: 0.866, Yaw_err_deg: 3.092
Epoch: [3/23], Batch: 530/2963, Loss: 552.876, Trans_L2_m: 0.849, Yaw_err_deg: 6.078
Epoch: [3/23], Batch: 540/2963, Loss: 269.952, Trans_L2_m: 0.919, Yaw_err_deg: 3.999
Epoch: [3/23], Batch: 550/2963, Loss: 240.201, Trans_L2_m: 0.898, Yaw_err_deg: 3.341
Epoch: [3/23], Batch: 560/2963, Loss: 266.847, Trans_L2_m: 0.817, Yaw_err_deg: 3.746
Epoch: [3/23], Batch: 570/2963, Loss: 383.121, Trans_L2_m: 0.980, Yaw_err_deg: 5.251
Epoch: [3/23], Batch: 580/2963, Loss: 225.682, Trans_L2_m: 0.714, Yaw_err_deg: 3.181
Epoch: [3/23], Batch: 590/2963, Loss: 223.134, Trans_L2_m: 1.013, Yaw_err_deg: 3.374
Epoch: [3/23], Batch: 600/2963, Loss: 276.958, Trans_L2_m: 0.930, Yaw_err_deg: 3.213
Epoch: [3/23], Batch: 610/2963, Loss: 231.481, Trans_L2_m: 0.802, Yaw_err_deg: 3.877
Epoch: [3/23], Batch: 620/2963, Loss: 240.736, Trans_L2_m: 0.762, Yaw_err_deg: 4.085
Epoch: [3/23], Batch: 630/2963, Loss: 363.967, Trans_L2_m: 1.043, Yaw_err_deg: 4.309
Epoch: [3/23], Batch: 640/2963, Loss: 276.635, Trans_L2_m: 0.834, Yaw_err_deg: 4.013
Epoch: [3/23], Batch: 650/2963, Loss: 284.851, Trans_L2_m: 1.078, Yaw_err_deg: 3.598
Epoch: [3/23], Batch: 660/2963, Loss: 315.499, Trans_L2_m: 1.034, Yaw_err_deg: 4.383
Epoch: [3/23], Batch: 670/2963, Loss: 255.493, Trans_L2_m: 0.719, Yaw_err_deg: 3.568
Epoch: [3/23], Batch: 680/2963, Loss: 335.578, Trans_L2_m: 1.234, Yaw_err_deg: 4.156
Epoch: [3/23], Batch: 690/2963, Loss: 482.326, Trans_L2_m: 0.655, Yaw_err_deg: 5.574
Epoch: [3/23], Batch: 700/2963, Loss: 187.113, Trans_L2_m: 0.979, Yaw_err_deg: 2.870
Epoch: [3/23], Batch: 710/2963, Loss: 192.241, Trans_L2_m: 0.900, Yaw_err_deg: 2.756
Epoch: [3/23], Batch: 720/2963, Loss: 370.614, Trans_L2_m: 1.025, Yaw_err_deg: 5.682
Epoch: [3/23], Batch: 730/2963, Loss: 193.131, Trans_L2_m: 0.776, Yaw_err_deg: 2.417
Epoch: [3/23], Batch: 740/2963, Loss: 201.567, Trans_L2_m: 1.229, Yaw_err_deg: 2.583
Epoch: [3/23], Batch: 750/2963, Loss: 219.769, Trans_L2_m: 1.144, Yaw_err_deg: 3.735
Epoch: [3/23], Batch: 760/2963, Loss: 170.445, Trans_L2_m: 1.129, Yaw_err_deg: 1.813
Epoch: [3/23], Batch: 770/2963, Loss: 274.634, Trans_L2_m: 1.024, Yaw_err_deg: 4.068
Epoch: [3/23], Batch: 780/2963, Loss: 396.583, Trans_L2_m: 0.796, Yaw_err_deg: 4.194
Epoch: [3/23], Batch: 790/2963, Loss: 345.090, Trans_L2_m: 1.047, Yaw_err_deg: 4.526
Epoch: [3/23], Batch: 800/2963, Loss: 219.891, Trans_L2_m: 0.669, Yaw_err_deg: 3.332
Epoch: [3/23], Batch: 810/2963, Loss: 292.332, Trans_L2_m: 0.695, Yaw_err_deg: 4.765
Epoch: [3/23], Batch: 820/2963, Loss: 356.679, Trans_L2_m: 0.832, Yaw_err_deg: 4.351
Epoch: [3/23], Batch: 830/2963, Loss: 364.280, Trans_L2_m: 1.252, Yaw_err_deg: 4.815
Epoch: [3/23], Batch: 840/2963, Loss: 237.436, Trans_L2_m: 1.189, Yaw_err_deg: 3.970
Epoch: [3/23], Batch: 850/2963, Loss: 370.872, Trans_L2_m: 0.699, Yaw_err_deg: 5.970
Epoch: [3/23], Batch: 860/2963, Loss: 287.685, Trans_L2_m: 0.812, Yaw_err_deg: 4.738
Epoch: [3/23], Batch: 870/2963, Loss: 318.133, Trans_L2_m: 1.132, Yaw_err_deg: 4.998
Epoch: [3/23], Batch: 880/2963, Loss: 288.344, Trans_L2_m: 0.721, Yaw_err_deg: 4.164
Epoch: [3/23], Batch: 890/2963, Loss: 229.662, Trans_L2_m: 0.665, Yaw_err_deg: 3.665
Epoch: [3/23], Batch: 900/2963, Loss: 322.276, Trans_L2_m: 1.065, Yaw_err_deg: 4.709
Epoch: [3/23], Batch: 910/2963, Loss: 519.170, Trans_L2_m: 0.992, Yaw_err_deg: 6.234
Epoch: [3/23], Batch: 920/2963, Loss: 154.442, Trans_L2_m: 0.899, Yaw_err_deg: 2.309
Epoch: [3/23], Batch: 930/2963, Loss: 313.672, Trans_L2_m: 0.793, Yaw_err_deg: 4.711
Epoch: [3/23], Batch: 940/2963, Loss: 244.883, Trans_L2_m: 0.798, Yaw_err_deg: 3.587
Epoch: [3/23], Batch: 950/2963, Loss: 541.551, Trans_L2_m: 0.880, Yaw_err_deg: 5.120
Epoch: [3/23], Batch: 960/2963, Loss: 208.423, Trans_L2_m: 1.072, Yaw_err_deg: 2.933
Epoch: [3/23], Batch: 970/2963, Loss: 324.285, Trans_L2_m: 1.302, Yaw_err_deg: 2.632
Epoch: [3/23], Batch: 980/2963, Loss: 310.320, Trans_L2_m: 0.834, Yaw_err_deg: 4.304
Epoch: [3/23], Batch: 990/2963, Loss: 225.431, Trans_L2_m: 0.693, Yaw_err_deg: 3.448
Epoch: [3/23], Batch: 1000/2963, Loss: 225.208, Trans_L2_m: 0.880, Yaw_err_deg: 3.812
Epoch: [3/23], Batch: 1010/2963, Loss: 187.929, Trans_L2_m: 0.759, Yaw_err_deg: 2.803
Epoch: [3/23], Batch: 1020/2963, Loss: 288.266, Trans_L2_m: 0.740, Yaw_err_deg: 4.124
Epoch: [3/23], Batch: 1030/2963, Loss: 252.014, Trans_L2_m: 0.648, Yaw_err_deg: 3.897
Epoch: [3/23], Batch: 1040/2963, Loss: 216.526, Trans_L2_m: 0.875, Yaw_err_deg: 3.685
Epoch: [3/23], Batch: 1050/2963, Loss: 216.478, Trans_L2_m: 1.127, Yaw_err_deg: 3.533
Epoch: [3/23], Batch: 1060/2963, Loss: 334.384, Trans_L2_m: 1.151, Yaw_err_deg: 5.027
Epoch: [3/23], Batch: 1070/2963, Loss: 267.789, Trans_L2_m: 1.175, Yaw_err_deg: 3.674
Epoch: [3/23], Batch: 1080/2963, Loss: 191.390, Trans_L2_m: 0.620, Yaw_err_deg: 3.269
Epoch: [3/23], Batch: 1090/2963, Loss: 412.529, Trans_L2_m: 0.948, Yaw_err_deg: 4.937
Epoch: [3/23], Batch: 1100/2963, Loss: 328.212, Trans_L2_m: 1.207, Yaw_err_deg: 3.869
Epoch: [3/23], Batch: 1110/2963, Loss: 280.681, Trans_L2_m: 1.102, Yaw_err_deg: 4.122
Epoch: [3/23], Batch: 1120/2963, Loss: 205.322, Trans_L2_m: 0.824, Yaw_err_deg: 3.379
Epoch: [3/23], Batch: 1130/2963, Loss: 326.137, Trans_L2_m: 0.693, Yaw_err_deg: 5.268
Epoch: [3/23], Batch: 1140/2963, Loss: 198.755, Trans_L2_m: 0.956, Yaw_err_deg: 2.909
Epoch: [3/23], Batch: 1150/2963, Loss: 171.964, Trans_L2_m: 0.763, Yaw_err_deg: 2.547
Epoch: [3/23], Batch: 1160/2963, Loss: 194.211, Trans_L2_m: 0.877, Yaw_err_deg: 3.088
Epoch: [3/23], Batch: 1170/2963, Loss: 152.601, Trans_L2_m: 0.757, Yaw_err_deg: 2.731
Epoch: [3/23], Batch: 1180/2963, Loss: 276.195, Trans_L2_m: 0.824, Yaw_err_deg: 4.020
Epoch: [3/23], Batch: 1190/2963, Loss: 227.069, Trans_L2_m: 0.836, Yaw_err_deg: 3.542
Epoch: [3/23], Batch: 1200/2963, Loss: 205.689, Trans_L2_m: 0.639, Yaw_err_deg: 3.799
Epoch: [3/23], Batch: 1210/2963, Loss: 578.725, Trans_L2_m: 0.787, Yaw_err_deg: 4.912
Epoch: [3/23], Batch: 1220/2963, Loss: 181.772, Trans_L2_m: 0.962, Yaw_err_deg: 2.810
Epoch: [3/23], Batch: 1230/2963, Loss: 207.738, Trans_L2_m: 0.825, Yaw_err_deg: 3.448
Epoch: [3/23], Batch: 1240/2963, Loss: 325.083, Trans_L2_m: 1.081, Yaw_err_deg: 4.323
Epoch: [3/23], Batch: 1250/2963, Loss: 448.359, Trans_L2_m: 1.053, Yaw_err_deg: 5.392
Epoch: [3/23], Batch: 1260/2963, Loss: 210.727, Trans_L2_m: 0.725, Yaw_err_deg: 2.927
Epoch: [3/23], Batch: 1270/2963, Loss: 297.603, Trans_L2_m: 0.959, Yaw_err_deg: 3.550
Epoch: [3/23], Batch: 1280/2963, Loss: 169.809, Trans_L2_m: 0.785, Yaw_err_deg: 2.877
Epoch: [3/23], Batch: 1290/2963, Loss: 283.608, Trans_L2_m: 0.641, Yaw_err_deg: 4.262
Epoch: [3/23], Batch: 1300/2963, Loss: 341.924, Trans_L2_m: 0.737, Yaw_err_deg: 4.285
Epoch: [3/23], Batch: 1310/2963, Loss: 287.300, Trans_L2_m: 0.649, Yaw_err_deg: 4.728
Epoch: [3/23], Batch: 1320/2963, Loss: 361.428, Trans_L2_m: 0.785, Yaw_err_deg: 5.114
Epoch: [3/23], Batch: 1330/2963, Loss: 233.264, Trans_L2_m: 0.710, Yaw_err_deg: 3.556
Epoch: [3/23], Batch: 1340/2963, Loss: 219.136, Trans_L2_m: 0.815, Yaw_err_deg: 3.392
Epoch: [3/23], Batch: 1350/2963, Loss: 208.645, Trans_L2_m: 0.806, Yaw_err_deg: 3.632
Epoch: [3/23], Batch: 1360/2963, Loss: 220.784, Trans_L2_m: 1.029, Yaw_err_deg: 3.431
Epoch: [3/23], Batch: 1370/2963, Loss: 344.395, Trans_L2_m: 0.619, Yaw_err_deg: 5.291
Epoch: [3/23], Batch: 1380/2963, Loss: 221.822, Trans_L2_m: 0.802, Yaw_err_deg: 3.619
Epoch: [3/23], Batch: 1390/2963, Loss: 228.240, Trans_L2_m: 0.647, Yaw_err_deg: 3.825
Epoch: [3/23], Batch: 1400/2963, Loss: 216.559, Trans_L2_m: 0.879, Yaw_err_deg: 3.576
Epoch: [3/23], Batch: 1410/2963, Loss: 217.448, Trans_L2_m: 1.039, Yaw_err_deg: 2.362
Epoch: [3/23], Batch: 1420/2963, Loss: 218.144, Trans_L2_m: 0.959, Yaw_err_deg: 2.925
Epoch: [3/23], Batch: 1430/2963, Loss: 274.045, Trans_L2_m: 0.709, Yaw_err_deg: 3.655
Epoch: [3/23], Batch: 1440/2963, Loss: 228.902, Trans_L2_m: 0.890, Yaw_err_deg: 4.086
Epoch: [3/23], Batch: 1450/2963, Loss: 222.632, Trans_L2_m: 0.788, Yaw_err_deg: 3.316
Epoch: [3/23], Batch: 1460/2963, Loss: 227.118, Trans_L2_m: 0.813, Yaw_err_deg: 3.974
Epoch: [3/23], Batch: 1470/2963, Loss: 340.695, Trans_L2_m: 0.870, Yaw_err_deg: 4.979
Epoch: [3/23], Batch: 1480/2963, Loss: 172.135, Trans_L2_m: 0.982, Yaw_err_deg: 2.847
Epoch: [3/23], Batch: 1490/2963, Loss: 432.732, Trans_L2_m: 1.958, Yaw_err_deg: 2.918
Epoch: [3/23], Batch: 1500/2963, Loss: 288.983, Trans_L2_m: 0.852, Yaw_err_deg: 4.233
Epoch: [3/23], Batch: 1510/2963, Loss: 151.058, Trans_L2_m: 0.810, Yaw_err_deg: 2.910
Epoch: [3/23], Batch: 1520/2963, Loss: 363.953, Trans_L2_m: 0.810, Yaw_err_deg: 5.464
Epoch: [3/23], Batch: 1530/2963, Loss: 338.262, Trans_L2_m: 0.826, Yaw_err_deg: 3.852
Epoch: [3/23], Batch: 1540/2963, Loss: 181.472, Trans_L2_m: 0.781, Yaw_err_deg: 3.221
Epoch: [3/23], Batch: 1550/2963, Loss: 272.162, Trans_L2_m: 1.006, Yaw_err_deg: 3.542
Epoch: [3/23], Batch: 1560/2963, Loss: 375.672, Trans_L2_m: 0.879, Yaw_err_deg: 4.459
Epoch: [3/23], Batch: 1570/2963, Loss: 210.850, Trans_L2_m: 0.703, Yaw_err_deg: 3.792
Epoch: [3/23], Batch: 1580/2963, Loss: 245.120, Trans_L2_m: 0.785, Yaw_err_deg: 4.230
Epoch: [3/23], Batch: 1590/2963, Loss: 251.306, Trans_L2_m: 0.608, Yaw_err_deg: 3.768
Epoch: [3/23], Batch: 1600/2963, Loss: 176.146, Trans_L2_m: 0.881, Yaw_err_deg: 2.575
Epoch: [3/23], Batch: 1610/2963, Loss: 161.358, Trans_L2_m: 0.764, Yaw_err_deg: 2.867
Epoch: [3/23], Batch: 1620/2963, Loss: 376.945, Trans_L2_m: 0.805, Yaw_err_deg: 3.527
Epoch: [3/23], Batch: 1630/2963, Loss: 254.007, Trans_L2_m: 0.578, Yaw_err_deg: 3.722
Epoch: [3/23], Batch: 1640/2963, Loss: 201.777, Trans_L2_m: 0.906, Yaw_err_deg: 3.021
Epoch: [3/23], Batch: 1650/2963, Loss: 229.526, Trans_L2_m: 0.773, Yaw_err_deg: 3.770
Epoch: [3/23], Batch: 1660/2963, Loss: 236.041, Trans_L2_m: 1.263, Yaw_err_deg: 3.502
Epoch: [3/23], Batch: 1670/2963, Loss: 316.359, Trans_L2_m: 0.960, Yaw_err_deg: 4.465
Epoch: [3/23], Batch: 1680/2963, Loss: 236.750, Trans_L2_m: 0.734, Yaw_err_deg: 3.930
Epoch: [3/23], Batch: 1690/2963, Loss: 202.195, Trans_L2_m: 0.675, Yaw_err_deg: 3.449
Epoch: [3/23], Batch: 1700/2963, Loss: 213.078, Trans_L2_m: 1.003, Yaw_err_deg: 3.160
Epoch: [3/23], Batch: 1710/2963, Loss: 259.164, Trans_L2_m: 0.995, Yaw_err_deg: 3.944
Epoch: [3/23], Batch: 1720/2963, Loss: 200.126, Trans_L2_m: 0.897, Yaw_err_deg: 2.842
Epoch: [3/23], Batch: 1730/2963, Loss: 273.794, Trans_L2_m: 0.793, Yaw_err_deg: 4.616
Epoch: [3/23], Batch: 1740/2963, Loss: 286.284, Trans_L2_m: 0.667, Yaw_err_deg: 4.198
Epoch: [3/23], Batch: 1750/2963, Loss: 142.280, Trans_L2_m: 0.831, Yaw_err_deg: 1.891
Epoch: [3/23], Batch: 1760/2963, Loss: 152.257, Trans_L2_m: 0.688, Yaw_err_deg: 2.828
Epoch: [3/23], Batch: 1770/2963, Loss: 304.998, Trans_L2_m: 0.822, Yaw_err_deg: 4.244
Epoch: [3/23], Batch: 1780/2963, Loss: 459.251, Trans_L2_m: 1.174, Yaw_err_deg: 5.647
Epoch: [3/23], Batch: 1790/2963, Loss: 145.837, Trans_L2_m: 0.874, Yaw_err_deg: 2.702
Epoch: [3/23], Batch: 1800/2963, Loss: 203.224, Trans_L2_m: 0.916, Yaw_err_deg: 3.256
Epoch: [3/23], Batch: 1810/2963, Loss: 401.713, Trans_L2_m: 1.206, Yaw_err_deg: 4.928
Epoch: [3/23], Batch: 1820/2963, Loss: 164.937, Trans_L2_m: 0.917, Yaw_err_deg: 2.873
Epoch: [3/23], Batch: 1830/2963, Loss: 275.963, Trans_L2_m: 1.119, Yaw_err_deg: 3.645
Epoch: [3/23], Batch: 1840/2963, Loss: 270.298, Trans_L2_m: 0.641, Yaw_err_deg: 3.831
Epoch: [3/23], Batch: 1850/2963, Loss: 190.493, Trans_L2_m: 0.799, Yaw_err_deg: 2.933
Epoch: [3/23], Batch: 1860/2963, Loss: 226.555, Trans_L2_m: 0.791, Yaw_err_deg: 3.340
Epoch: [3/23], Batch: 1870/2963, Loss: 130.709, Trans_L2_m: 0.601, Yaw_err_deg: 2.370
Epoch: [3/23], Batch: 1880/2963, Loss: 336.646, Trans_L2_m: 0.790, Yaw_err_deg: 5.334
Epoch: [3/23], Batch: 1890/2963, Loss: 205.623, Trans_L2_m: 0.807, Yaw_err_deg: 3.569
Epoch: [3/23], Batch: 1900/2963, Loss: 252.617, Trans_L2_m: 0.809, Yaw_err_deg: 4.107
Epoch: [3/23], Batch: 1910/2963, Loss: 170.550, Trans_L2_m: 0.815, Yaw_err_deg: 2.967
Epoch: [3/23], Batch: 1920/2963, Loss: 180.266, Trans_L2_m: 0.803, Yaw_err_deg: 3.369
Epoch: [3/23], Batch: 1930/2963, Loss: 735.151, Trans_L2_m: 0.992, Yaw_err_deg: 6.299
Epoch: [3/23], Batch: 1940/2963, Loss: 189.623, Trans_L2_m: 0.629, Yaw_err_deg: 3.493
Epoch: [3/23], Batch: 1950/2963, Loss: 252.889, Trans_L2_m: 0.736, Yaw_err_deg: 3.666
Epoch: [3/23], Batch: 1960/2963, Loss: 282.306, Trans_L2_m: 0.836, Yaw_err_deg: 3.909
Epoch: [3/23], Batch: 1970/2963, Loss: 283.708, Trans_L2_m: 0.877, Yaw_err_deg: 4.155
Epoch: [3/23], Batch: 1980/2963, Loss: 453.630, Trans_L2_m: 0.711, Yaw_err_deg: 6.454
Epoch: [3/23], Batch: 1990/2963, Loss: 234.320, Trans_L2_m: 0.687, Yaw_err_deg: 4.149
Epoch: [3/23], Batch: 2000/2963, Loss: 274.941, Trans_L2_m: 0.884, Yaw_err_deg: 3.976
Epoch: [3/23], Batch: 2010/2963, Loss: 181.412, Trans_L2_m: 0.766, Yaw_err_deg: 2.838
Epoch: [3/23], Batch: 2020/2963, Loss: 300.182, Trans_L2_m: 1.000, Yaw_err_deg: 4.040
Epoch: [3/23], Batch: 2030/2963, Loss: 173.616, Trans_L2_m: 0.588, Yaw_err_deg: 3.634
Epoch: [3/23], Batch: 2040/2963, Loss: 528.780, Trans_L2_m: 0.863, Yaw_err_deg: 4.548
Epoch: [3/23], Batch: 2050/2963, Loss: 276.614, Trans_L2_m: 0.582, Yaw_err_deg: 4.102
Epoch: [3/23], Batch: 2060/2963, Loss: 201.635, Trans_L2_m: 1.002, Yaw_err_deg: 3.307
Epoch: [3/23], Batch: 2070/2963, Loss: 180.050, Trans_L2_m: 1.065, Yaw_err_deg: 3.278
Epoch: [3/23], Batch: 2080/2963, Loss: 259.221, Trans_L2_m: 0.725, Yaw_err_deg: 3.048
Epoch: [3/23], Batch: 2090/2963, Loss: 156.168, Trans_L2_m: 0.729, Yaw_err_deg: 2.642
Epoch: [3/23], Batch: 2100/2963, Loss: 380.693, Trans_L2_m: 0.686, Yaw_err_deg: 5.068
Epoch: [3/23], Batch: 2110/2963, Loss: 357.440, Trans_L2_m: 0.815, Yaw_err_deg: 4.207
Epoch: [3/23], Batch: 2120/2963, Loss: 238.463, Trans_L2_m: 0.833, Yaw_err_deg: 3.428
Epoch: [3/23], Batch: 2130/2963, Loss: 125.897, Trans_L2_m: 0.524, Yaw_err_deg: 2.458
Epoch: [3/23], Batch: 2140/2963, Loss: 259.502, Trans_L2_m: 0.666, Yaw_err_deg: 3.891
Epoch: [3/23], Batch: 2150/2963, Loss: 167.895, Trans_L2_m: 0.743, Yaw_err_deg: 2.699
Epoch: [3/23], Batch: 2160/2963, Loss: 174.962, Trans_L2_m: 0.805, Yaw_err_deg: 3.062
Epoch: [3/23], Batch: 2170/2963, Loss: 271.895, Trans_L2_m: 0.879, Yaw_err_deg: 4.040
Epoch: [3/23], Batch: 2180/2963, Loss: 228.292, Trans_L2_m: 0.914, Yaw_err_deg: 3.553
Epoch: [3/23], Batch: 2190/2963, Loss: 174.764, Trans_L2_m: 0.717, Yaw_err_deg: 2.737
Epoch: [3/23], Batch: 2200/2963, Loss: 166.016, Trans_L2_m: 0.599, Yaw_err_deg: 3.346
Epoch: [3/23], Batch: 2210/2963, Loss: 532.530, Trans_L2_m: 0.577, Yaw_err_deg: 6.241
Epoch: [3/23], Batch: 2220/2963, Loss: 164.053, Trans_L2_m: 0.592, Yaw_err_deg: 3.150
Epoch: [3/23], Batch: 2230/2963, Loss: 163.944, Trans_L2_m: 0.857, Yaw_err_deg: 3.070
Epoch: [3/23], Batch: 2240/2963, Loss: 335.605, Trans_L2_m: 0.680, Yaw_err_deg: 3.412
Epoch: [3/23], Batch: 2250/2963, Loss: 176.587, Trans_L2_m: 0.630, Yaw_err_deg: 3.346
Epoch: [3/23], Batch: 2260/2963, Loss: 271.485, Trans_L2_m: 0.785, Yaw_err_deg: 3.670
Epoch: [3/23], Batch: 2270/2963, Loss: 194.403, Trans_L2_m: 0.858, Yaw_err_deg: 3.107
Epoch: [3/23], Batch: 2280/2963, Loss: 266.126, Trans_L2_m: 0.772, Yaw_err_deg: 4.163
Epoch: [3/23], Batch: 2290/2963, Loss: 197.810, Trans_L2_m: 0.791, Yaw_err_deg: 2.839
Epoch: [3/23], Batch: 2300/2963, Loss: 183.660, Trans_L2_m: 0.723, Yaw_err_deg: 3.500
Epoch: [3/23], Batch: 2310/2963, Loss: 230.926, Trans_L2_m: 0.910, Yaw_err_deg: 3.065
Epoch: [3/23], Batch: 2320/2963, Loss: 135.206, Trans_L2_m: 0.710, Yaw_err_deg: 2.266
Epoch: [3/23], Batch: 2330/2963, Loss: 164.775, Trans_L2_m: 0.643, Yaw_err_deg: 3.070
Epoch: [3/23], Batch: 2340/2963, Loss: 254.127, Trans_L2_m: 1.022, Yaw_err_deg: 4.031
Epoch: [3/23], Batch: 2350/2963, Loss: 292.529, Trans_L2_m: 1.010, Yaw_err_deg: 3.209
Epoch: [3/23], Batch: 2360/2963, Loss: 192.856, Trans_L2_m: 0.930, Yaw_err_deg: 2.948
Epoch: [3/23], Batch: 2370/2963, Loss: 232.247, Trans_L2_m: 1.033, Yaw_err_deg: 3.644
Epoch: [3/23], Batch: 2380/2963, Loss: 436.711, Trans_L2_m: 0.689, Yaw_err_deg: 4.820
Epoch: [3/23], Batch: 2390/2963, Loss: 152.691, Trans_L2_m: 0.955, Yaw_err_deg: 2.463
Epoch: [3/23], Batch: 2400/2963, Loss: 455.837, Trans_L2_m: 0.831, Yaw_err_deg: 5.773
Epoch: [3/23], Batch: 2410/2963, Loss: 332.426, Trans_L2_m: 0.914, Yaw_err_deg: 4.211
Epoch: [3/23], Batch: 2420/2963, Loss: 276.200, Trans_L2_m: 1.052, Yaw_err_deg: 4.248
Epoch: [3/23], Batch: 2430/2963, Loss: 340.690, Trans_L2_m: 0.795, Yaw_err_deg: 5.545
Epoch: [3/23], Batch: 2440/2963, Loss: 140.325, Trans_L2_m: 0.608, Yaw_err_deg: 2.171
Epoch: [3/23], Batch: 2450/2963, Loss: 176.680, Trans_L2_m: 0.860, Yaw_err_deg: 2.866
Epoch: [3/23], Batch: 2460/2963, Loss: 148.233, Trans_L2_m: 0.475, Yaw_err_deg: 2.634
Epoch: [3/23], Batch: 2470/2963, Loss: 291.532, Trans_L2_m: 0.779, Yaw_err_deg: 4.222
Epoch: [3/23], Batch: 2480/2963, Loss: 118.103, Trans_L2_m: 0.713, Yaw_err_deg: 1.892
Epoch: [3/23], Batch: 2490/2963, Loss: 190.795, Trans_L2_m: 0.680, Yaw_err_deg: 3.188
Epoch: [3/23], Batch: 2500/2963, Loss: 195.399, Trans_L2_m: 0.744, Yaw_err_deg: 3.285
Epoch: [3/23], Batch: 2510/2963, Loss: 206.861, Trans_L2_m: 1.000, Yaw_err_deg: 3.509
Epoch: [3/23], Batch: 2520/2963, Loss: 208.274, Trans_L2_m: 0.884, Yaw_err_deg: 3.126
Epoch: [3/23], Batch: 2530/2963, Loss: 197.373, Trans_L2_m: 0.692, Yaw_err_deg: 2.996
Epoch: [3/23], Batch: 2540/2963, Loss: 220.409, Trans_L2_m: 0.752, Yaw_err_deg: 3.825
Epoch: [3/23], Batch: 2550/2963, Loss: 191.050, Trans_L2_m: 0.803, Yaw_err_deg: 3.025
Epoch: [3/23], Batch: 2560/2963, Loss: 145.937, Trans_L2_m: 0.855, Yaw_err_deg: 2.137
Epoch: [3/23], Batch: 2570/2963, Loss: 399.768, Trans_L2_m: 0.744, Yaw_err_deg: 5.033
Epoch: [3/23], Batch: 2580/2963, Loss: 446.258, Trans_L2_m: 0.666, Yaw_err_deg: 5.691
Epoch: [3/23], Batch: 2590/2963, Loss: 389.718, Trans_L2_m: 0.717, Yaw_err_deg: 5.375
Epoch: [3/23], Batch: 2600/2963, Loss: 149.221, Trans_L2_m: 0.727, Yaw_err_deg: 2.617
Epoch: [3/23], Batch: 2610/2963, Loss: 264.520, Trans_L2_m: 0.770, Yaw_err_deg: 3.667
Epoch: [3/23], Batch: 2620/2963, Loss: 117.498, Trans_L2_m: 0.670, Yaw_err_deg: 1.767
Epoch: [3/23], Batch: 2630/2963, Loss: 417.963, Trans_L2_m: 0.786, Yaw_err_deg: 4.493
Epoch: [3/23], Batch: 2640/2963, Loss: 246.527, Trans_L2_m: 1.014, Yaw_err_deg: 4.238
Epoch: [3/23], Batch: 2650/2963, Loss: 180.159, Trans_L2_m: 0.838, Yaw_err_deg: 3.013
Epoch: [3/23], Batch: 2660/2963, Loss: 247.727, Trans_L2_m: 0.854, Yaw_err_deg: 3.865
Epoch: [3/23], Batch: 2670/2963, Loss: 147.765, Trans_L2_m: 0.790, Yaw_err_deg: 2.231
Epoch: [3/23], Batch: 2680/2963, Loss: 210.660, Trans_L2_m: 0.868, Yaw_err_deg: 3.704
Epoch: [3/23], Batch: 2690/2963, Loss: 239.499, Trans_L2_m: 0.709, Yaw_err_deg: 3.646
Epoch: [3/23], Batch: 2700/2963, Loss: 211.794, Trans_L2_m: 0.913, Yaw_err_deg: 3.396
Epoch: [3/23], Batch: 2710/2963, Loss: 193.715, Trans_L2_m: 0.787, Yaw_err_deg: 3.431
Epoch: [3/23], Batch: 2720/2963, Loss: 305.246, Trans_L2_m: 0.852, Yaw_err_deg: 3.344
Epoch: [3/23], Batch: 2730/2963, Loss: 245.767, Trans_L2_m: 0.870, Yaw_err_deg: 4.604
Epoch: [3/23], Batch: 2740/2963, Loss: 165.005, Trans_L2_m: 0.697, Yaw_err_deg: 3.016
Epoch: [3/23], Batch: 2750/2963, Loss: 208.874, Trans_L2_m: 0.685, Yaw_err_deg: 3.762
Epoch: [3/23], Batch: 2760/2963, Loss: 306.559, Trans_L2_m: 0.785, Yaw_err_deg: 4.267
Epoch: [3/23], Batch: 2770/2963, Loss: 195.507, Trans_L2_m: 0.774, Yaw_err_deg: 3.614
Epoch: [3/23], Batch: 2780/2963, Loss: 105.917, Trans_L2_m: 0.938, Yaw_err_deg: 1.753
Epoch: [3/23], Batch: 2790/2963, Loss: 130.221, Trans_L2_m: 0.745, Yaw_err_deg: 2.322
Epoch: [3/23], Batch: 2800/2963, Loss: 255.750, Trans_L2_m: 0.622, Yaw_err_deg: 4.548
Epoch: [3/23], Batch: 2810/2963, Loss: 212.934, Trans_L2_m: 0.652, Yaw_err_deg: 4.043
Epoch: [3/23], Batch: 2820/2963, Loss: 219.090, Trans_L2_m: 0.750, Yaw_err_deg: 4.099
Epoch: [3/23], Batch: 2830/2963, Loss: 218.421, Trans_L2_m: 0.846, Yaw_err_deg: 3.792
Epoch: [3/23], Batch: 2840/2963, Loss: 114.817, Trans_L2_m: 0.731, Yaw_err_deg: 1.670
Epoch: [3/23], Batch: 2850/2963, Loss: 303.965, Trans_L2_m: 1.003, Yaw_err_deg: 3.755
Epoch: [3/23], Batch: 2860/2963, Loss: 312.212, Trans_L2_m: 1.047, Yaw_err_deg: 3.611
Epoch: [3/23], Batch: 2870/2963, Loss: 168.125, Trans_L2_m: 0.855, Yaw_err_deg: 3.012
Epoch: [3/23], Batch: 2880/2963, Loss: 276.441, Trans_L2_m: 0.733, Yaw_err_deg: 3.800
Epoch: [3/23], Batch: 2890/2963, Loss: 142.048, Trans_L2_m: 0.708, Yaw_err_deg: 2.407
Epoch: [3/23], Batch: 2900/2963, Loss: 230.649, Trans_L2_m: 1.009, Yaw_err_deg: 3.085
Epoch: [3/23], Batch: 2910/2963, Loss: 205.765, Trans_L2_m: 0.605, Yaw_err_deg: 3.389
Epoch: [3/23], Batch: 2920/2963, Loss: 247.415, Trans_L2_m: 0.679, Yaw_err_deg: 3.697
Epoch: [3/23], Batch: 2930/2963, Loss: 154.444, Trans_L2_m: 0.652, Yaw_err_deg: 2.663
Epoch: [3/23], Batch: 2940/2963, Loss: 203.274, Trans_L2_m: 0.846, Yaw_err_deg: 3.402
Epoch: [3/23], Batch: 2950/2963, Loss: 181.816, Trans_L2_m: 0.809, Yaw_err_deg: 2.994
Epoch: [3/23], Batch: 2960/2963, Loss: 142.936, Trans_L2_m: 0.632, Yaw_err_deg: 2.225
Validation loss (homography): 822.1824
Avg batch time: 993.60 ms, total: 322.279 s
[1;94mSave the best of 822.1824340820312, at checkpoints/2025_12_28_23_35_33_best_checkpoint_zod.pth[0m
Epoch: [4/23], Batch: 0/2963, Loss: 183.626, Trans_L2_m: 0.643, Yaw_err_deg: 3.407
Epoch: [4/23], Batch: 10/2963, Loss: 454.386, Trans_L2_m: 0.744, Yaw_err_deg: 5.612
Epoch: [4/23], Batch: 20/2963, Loss: 321.653, Trans_L2_m: 0.557, Yaw_err_deg: 5.487
Epoch: [4/23], Batch: 30/2963, Loss: 342.947, Trans_L2_m: 1.145, Yaw_err_deg: 4.634
Epoch: [4/23], Batch: 40/2963, Loss: 244.673, Trans_L2_m: 0.793, Yaw_err_deg: 4.073
Epoch: [4/23], Batch: 50/2963, Loss: 282.404, Trans_L2_m: 0.867, Yaw_err_deg: 3.830
Epoch: [4/23], Batch: 60/2963, Loss: 230.889, Trans_L2_m: 0.831, Yaw_err_deg: 3.920
Epoch: [4/23], Batch: 70/2963, Loss: 191.162, Trans_L2_m: 0.746, Yaw_err_deg: 3.551
Epoch: [4/23], Batch: 80/2963, Loss: 155.348, Trans_L2_m: 0.703, Yaw_err_deg: 3.006
Epoch: [4/23], Batch: 90/2963, Loss: 252.602, Trans_L2_m: 0.804, Yaw_err_deg: 3.782
Epoch: [4/23], Batch: 100/2963, Loss: 164.484, Trans_L2_m: 0.799, Yaw_err_deg: 3.142
Epoch: [4/23], Batch: 110/2963, Loss: 167.534, Trans_L2_m: 0.994, Yaw_err_deg: 2.755
Epoch: [4/23], Batch: 120/2963, Loss: 179.060, Trans_L2_m: 0.826, Yaw_err_deg: 3.578
Epoch: [4/23], Batch: 130/2963, Loss: 170.083, Trans_L2_m: 0.775, Yaw_err_deg: 2.829
Epoch: [4/23], Batch: 140/2963, Loss: 210.789, Trans_L2_m: 0.915, Yaw_err_deg: 3.941
Epoch: [4/23], Batch: 150/2963, Loss: 412.306, Trans_L2_m: 0.696, Yaw_err_deg: 5.363
Epoch: [4/23], Batch: 160/2963, Loss: 588.249, Trans_L2_m: 0.976, Yaw_err_deg: 5.725
Epoch: [4/23], Batch: 170/2963, Loss: 177.960, Trans_L2_m: 0.691, Yaw_err_deg: 3.086
Epoch: [4/23], Batch: 180/2963, Loss: 196.257, Trans_L2_m: 1.138, Yaw_err_deg: 3.473
Epoch: [4/23], Batch: 190/2963, Loss: 415.792, Trans_L2_m: 0.739, Yaw_err_deg: 3.757
Epoch: [4/23], Batch: 200/2963, Loss: 153.272, Trans_L2_m: 0.829, Yaw_err_deg: 2.694
Epoch: [4/23], Batch: 210/2963, Loss: 125.387, Trans_L2_m: 0.775, Yaw_err_deg: 1.623
Epoch: [4/23], Batch: 220/2963, Loss: 227.503, Trans_L2_m: 0.803, Yaw_err_deg: 4.036
Epoch: [4/23], Batch: 230/2963, Loss: 162.612, Trans_L2_m: 0.630, Yaw_err_deg: 2.306
Epoch: [4/23], Batch: 240/2963, Loss: 199.101, Trans_L2_m: 0.776, Yaw_err_deg: 3.662
Epoch: [4/23], Batch: 250/2963, Loss: 223.725, Trans_L2_m: 0.745, Yaw_err_deg: 3.485
Epoch: [4/23], Batch: 260/2963, Loss: 215.790, Trans_L2_m: 1.106, Yaw_err_deg: 3.492
Epoch: [4/23], Batch: 270/2963, Loss: 166.446, Trans_L2_m: 0.853, Yaw_err_deg: 2.981
Epoch: [4/23], Batch: 280/2963, Loss: 130.511, Trans_L2_m: 0.567, Yaw_err_deg: 2.291
Epoch: [4/23], Batch: 290/2963, Loss: 166.949, Trans_L2_m: 0.760, Yaw_err_deg: 3.057
Epoch: [4/23], Batch: 300/2963, Loss: 267.970, Trans_L2_m: 0.718, Yaw_err_deg: 4.232
Epoch: [4/23], Batch: 310/2963, Loss: 260.593, Trans_L2_m: 0.930, Yaw_err_deg: 3.781
Epoch: [4/23], Batch: 320/2963, Loss: 154.511, Trans_L2_m: 0.914, Yaw_err_deg: 3.054
Epoch: [4/23], Batch: 330/2963, Loss: 161.798, Trans_L2_m: 0.612, Yaw_err_deg: 3.182
Epoch: [4/23], Batch: 340/2963, Loss: 250.667, Trans_L2_m: 0.891, Yaw_err_deg: 3.441
Epoch: [4/23], Batch: 350/2963, Loss: 160.587, Trans_L2_m: 0.868, Yaw_err_deg: 2.687
Epoch: [4/23], Batch: 360/2963, Loss: 323.696, Trans_L2_m: 0.797, Yaw_err_deg: 3.647
Epoch: [4/23], Batch: 370/2963, Loss: 223.733, Trans_L2_m: 0.841, Yaw_err_deg: 4.022
Epoch: [4/23], Batch: 380/2963, Loss: 179.682, Trans_L2_m: 0.844, Yaw_err_deg: 2.840
Epoch: [4/23], Batch: 390/2963, Loss: 114.851, Trans_L2_m: 0.946, Yaw_err_deg: 1.685
Epoch: [4/23], Batch: 400/2963, Loss: 117.124, Trans_L2_m: 0.647, Yaw_err_deg: 2.276
Epoch: [4/23], Batch: 410/2963, Loss: 144.723, Trans_L2_m: 0.696, Yaw_err_deg: 2.588
Epoch: [4/23], Batch: 420/2963, Loss: 258.525, Trans_L2_m: 0.664, Yaw_err_deg: 4.423
Epoch: [4/23], Batch: 430/2963, Loss: 234.671, Trans_L2_m: 0.782, Yaw_err_deg: 3.478
Epoch: [4/23], Batch: 440/2963, Loss: 183.993, Trans_L2_m: 0.827, Yaw_err_deg: 3.306
Epoch: [4/23], Batch: 450/2963, Loss: 356.914, Trans_L2_m: 0.805, Yaw_err_deg: 5.624
Epoch: [4/23], Batch: 460/2963, Loss: 168.955, Trans_L2_m: 0.773, Yaw_err_deg: 3.477
Epoch: [4/23], Batch: 470/2963, Loss: 200.463, Trans_L2_m: 0.774, Yaw_err_deg: 2.642
Epoch: [4/23], Batch: 480/2963, Loss: 162.661, Trans_L2_m: 0.646, Yaw_err_deg: 2.838
Epoch: [4/23], Batch: 490/2963, Loss: 434.524, Trans_L2_m: 0.820, Yaw_err_deg: 4.804
Epoch: [4/23], Batch: 500/2963, Loss: 134.595, Trans_L2_m: 0.833, Yaw_err_deg: 2.566
Epoch: [4/23], Batch: 510/2963, Loss: 172.298, Trans_L2_m: 0.495, Yaw_err_deg: 3.039
Epoch: [4/23], Batch: 520/2963, Loss: 156.238, Trans_L2_m: 0.534, Yaw_err_deg: 3.301
Epoch: [4/23], Batch: 530/2963, Loss: 168.470, Trans_L2_m: 0.611, Yaw_err_deg: 3.401
Epoch: [4/23], Batch: 540/2963, Loss: 135.858, Trans_L2_m: 0.653, Yaw_err_deg: 2.815
Epoch: [4/23], Batch: 550/2963, Loss: 290.900, Trans_L2_m: 0.688, Yaw_err_deg: 4.741
Epoch: [4/23], Batch: 560/2963, Loss: 134.482, Trans_L2_m: 0.580, Yaw_err_deg: 2.201
Epoch: [4/23], Batch: 570/2963, Loss: 178.624, Trans_L2_m: 0.750, Yaw_err_deg: 3.166
Epoch: [4/23], Batch: 580/2963, Loss: 183.876, Trans_L2_m: 0.742, Yaw_err_deg: 2.592
Epoch: [4/23], Batch: 590/2963, Loss: 158.196, Trans_L2_m: 0.609, Yaw_err_deg: 2.987
Epoch: [4/23], Batch: 600/2963, Loss: 124.111, Trans_L2_m: 0.776, Yaw_err_deg: 2.562
Epoch: [4/23], Batch: 610/2963, Loss: 345.509, Trans_L2_m: 0.883, Yaw_err_deg: 5.205
Epoch: [4/23], Batch: 620/2963, Loss: 202.755, Trans_L2_m: 0.863, Yaw_err_deg: 3.232
Epoch: [4/23], Batch: 630/2963, Loss: 182.573, Trans_L2_m: 0.778, Yaw_err_deg: 2.621
Epoch: [4/23], Batch: 640/2963, Loss: 164.325, Trans_L2_m: 0.568, Yaw_err_deg: 3.575
Epoch: [4/23], Batch: 650/2963, Loss: 103.907, Trans_L2_m: 0.621, Yaw_err_deg: 1.637
Epoch: [4/23], Batch: 660/2963, Loss: 178.534, Trans_L2_m: 0.646, Yaw_err_deg: 3.296
Epoch: [4/23], Batch: 670/2963, Loss: 223.791, Trans_L2_m: 0.658, Yaw_err_deg: 4.455
Epoch: [4/23], Batch: 680/2963, Loss: 170.531, Trans_L2_m: 0.876, Yaw_err_deg: 2.693
Epoch: [4/23], Batch: 690/2963, Loss: 362.625, Trans_L2_m: 0.799, Yaw_err_deg: 4.391
Epoch: [4/23], Batch: 700/2963, Loss: 103.784, Trans_L2_m: 0.741, Yaw_err_deg: 1.835
Epoch: [4/23], Batch: 710/2963, Loss: 158.426, Trans_L2_m: 1.041, Yaw_err_deg: 2.629
Epoch: [4/23], Batch: 720/2963, Loss: 180.840, Trans_L2_m: 0.899, Yaw_err_deg: 3.098
Epoch: [4/23], Batch: 730/2963, Loss: 417.643, Trans_L2_m: 1.007, Yaw_err_deg: 3.993
Epoch: [4/23], Batch: 740/2963, Loss: 147.544, Trans_L2_m: 0.924, Yaw_err_deg: 1.891
Epoch: [4/23], Batch: 750/2963, Loss: 121.702, Trans_L2_m: 0.594, Yaw_err_deg: 2.230
Epoch: [4/23], Batch: 760/2963, Loss: 185.243, Trans_L2_m: 0.516, Yaw_err_deg: 3.029
Epoch: [4/23], Batch: 770/2963, Loss: 154.202, Trans_L2_m: 0.788, Yaw_err_deg: 2.838
Epoch: [4/23], Batch: 780/2963, Loss: 105.138, Trans_L2_m: 1.132, Yaw_err_deg: 1.747
Epoch: [4/23], Batch: 790/2963, Loss: 166.428, Trans_L2_m: 1.149, Yaw_err_deg: 2.639
Epoch: [4/23], Batch: 800/2963, Loss: 187.659, Trans_L2_m: 1.120, Yaw_err_deg: 2.892
Epoch: [4/23], Batch: 810/2963, Loss: 136.363, Trans_L2_m: 1.025, Yaw_err_deg: 2.390
Epoch: [4/23], Batch: 820/2963, Loss: 116.030, Trans_L2_m: 0.858, Yaw_err_deg: 1.861
Epoch: [4/23], Batch: 830/2963, Loss: 184.892, Trans_L2_m: 0.902, Yaw_err_deg: 3.162
Epoch: [4/23], Batch: 840/2963, Loss: 192.581, Trans_L2_m: 0.914, Yaw_err_deg: 2.969
Epoch: [4/23], Batch: 850/2963, Loss: 131.032, Trans_L2_m: 0.656, Yaw_err_deg: 2.561
Epoch: [4/23], Batch: 860/2963, Loss: 282.668, Trans_L2_m: 0.762, Yaw_err_deg: 4.404
Epoch: [4/23], Batch: 870/2963, Loss: 227.678, Trans_L2_m: 1.023, Yaw_err_deg: 2.729
Epoch: [4/23], Batch: 880/2963, Loss: 127.426, Trans_L2_m: 0.875, Yaw_err_deg: 2.086
Epoch: [4/23], Batch: 890/2963, Loss: 247.532, Trans_L2_m: 0.824, Yaw_err_deg: 4.713
Epoch: [4/23], Batch: 900/2963, Loss: 340.234, Trans_L2_m: 0.992, Yaw_err_deg: 4.315
Epoch: [4/23], Batch: 910/2963, Loss: 128.453, Trans_L2_m: 0.545, Yaw_err_deg: 2.560
Epoch: [4/23], Batch: 920/2963, Loss: 161.499, Trans_L2_m: 1.021, Yaw_err_deg: 2.154
Epoch: [4/23], Batch: 930/2963, Loss: 250.941, Trans_L2_m: 0.589, Yaw_err_deg: 3.623
Epoch: [4/23], Batch: 940/2963, Loss: 422.863, Trans_L2_m: 0.607, Yaw_err_deg: 5.547
Epoch: [4/23], Batch: 950/2963, Loss: 161.928, Trans_L2_m: 1.059, Yaw_err_deg: 2.478
Epoch: [4/23], Batch: 960/2963, Loss: 116.321, Trans_L2_m: 0.805, Yaw_err_deg: 2.155
Epoch: [4/23], Batch: 970/2963, Loss: 202.568, Trans_L2_m: 0.906, Yaw_err_deg: 4.026
Epoch: [4/23], Batch: 980/2963, Loss: 271.045, Trans_L2_m: 0.969, Yaw_err_deg: 3.612
Epoch: [4/23], Batch: 990/2963, Loss: 171.581, Trans_L2_m: 1.001, Yaw_err_deg: 3.211
Epoch: [4/23], Batch: 1000/2963, Loss: 343.257, Trans_L2_m: 0.635, Yaw_err_deg: 3.884
Epoch: [4/23], Batch: 1010/2963, Loss: 257.172, Trans_L2_m: 0.689, Yaw_err_deg: 4.399
Epoch: [4/23], Batch: 1020/2963, Loss: 215.773, Trans_L2_m: 0.578, Yaw_err_deg: 3.782
Epoch: [4/23], Batch: 1030/2963, Loss: 220.131, Trans_L2_m: 0.657, Yaw_err_deg: 3.966
Epoch: [4/23], Batch: 1040/2963, Loss: 171.262, Trans_L2_m: 0.708, Yaw_err_deg: 2.778
Epoch: [4/23], Batch: 1050/2963, Loss: 173.781, Trans_L2_m: 0.751, Yaw_err_deg: 2.923
Epoch: [4/23], Batch: 1060/2963, Loss: 199.905, Trans_L2_m: 0.950, Yaw_err_deg: 2.952
Epoch: [4/23], Batch: 1070/2963, Loss: 120.788, Trans_L2_m: 0.919, Yaw_err_deg: 2.383
Epoch: [4/23], Batch: 1080/2963, Loss: 113.849, Trans_L2_m: 0.669, Yaw_err_deg: 2.005
Epoch: [4/23], Batch: 1090/2963, Loss: 115.490, Trans_L2_m: 0.709, Yaw_err_deg: 2.096
Epoch: [4/23], Batch: 1100/2963, Loss: 149.563, Trans_L2_m: 0.930, Yaw_err_deg: 3.110
Epoch: [4/23], Batch: 1110/2963, Loss: 111.765, Trans_L2_m: 0.659, Yaw_err_deg: 2.329
Epoch: [4/23], Batch: 1120/2963, Loss: 164.096, Trans_L2_m: 0.594, Yaw_err_deg: 3.338
Epoch: [4/23], Batch: 1130/2963, Loss: 150.311, Trans_L2_m: 0.660, Yaw_err_deg: 2.855
Epoch: [4/23], Batch: 1140/2963, Loss: 168.485, Trans_L2_m: 0.874, Yaw_err_deg: 2.820
Epoch: [4/23], Batch: 1150/2963, Loss: 232.351, Trans_L2_m: 0.852, Yaw_err_deg: 3.091
Epoch: [4/23], Batch: 1160/2963, Loss: 172.548, Trans_L2_m: 0.720, Yaw_err_deg: 3.174
Epoch: [4/23], Batch: 1170/2963, Loss: 133.748, Trans_L2_m: 0.558, Yaw_err_deg: 2.783
Epoch: [4/23], Batch: 1180/2963, Loss: 188.156, Trans_L2_m: 0.761, Yaw_err_deg: 3.203
Epoch: [4/23], Batch: 1190/2963, Loss: 144.807, Trans_L2_m: 0.689, Yaw_err_deg: 3.207
Epoch: [4/23], Batch: 1200/2963, Loss: 116.098, Trans_L2_m: 0.755, Yaw_err_deg: 2.374
Epoch: [4/23], Batch: 1210/2963, Loss: 124.850, Trans_L2_m: 0.782, Yaw_err_deg: 2.217
Epoch: [4/23], Batch: 1220/2963, Loss: 121.833, Trans_L2_m: 0.775, Yaw_err_deg: 2.161
Epoch: [4/23], Batch: 1230/2963, Loss: 178.419, Trans_L2_m: 0.712, Yaw_err_deg: 3.273
Epoch: [4/23], Batch: 1240/2963, Loss: 156.513, Trans_L2_m: 0.713, Yaw_err_deg: 2.752
Epoch: [4/23], Batch: 1250/2963, Loss: 99.748, Trans_L2_m: 0.667, Yaw_err_deg: 1.646
Epoch: [4/23], Batch: 1260/2963, Loss: 218.511, Trans_L2_m: 0.646, Yaw_err_deg: 3.015
Epoch: [4/23], Batch: 1270/2963, Loss: 121.433, Trans_L2_m: 0.646, Yaw_err_deg: 2.581
Epoch: [4/23], Batch: 1280/2963, Loss: 207.169, Trans_L2_m: 1.163, Yaw_err_deg: 3.546
Epoch: [4/23], Batch: 1290/2963, Loss: 135.993, Trans_L2_m: 0.657, Yaw_err_deg: 2.562
Epoch: [4/23], Batch: 1300/2963, Loss: 417.236, Trans_L2_m: 0.803, Yaw_err_deg: 4.649
Epoch: [4/23], Batch: 1310/2963, Loss: 461.084, Trans_L2_m: 0.892, Yaw_err_deg: 5.075
Epoch: [4/23], Batch: 1320/2963, Loss: 131.267, Trans_L2_m: 0.548, Yaw_err_deg: 2.971
Epoch: [4/23], Batch: 1330/2963, Loss: 126.721, Trans_L2_m: 0.475, Yaw_err_deg: 2.341
Epoch: [4/23], Batch: 1340/2963, Loss: 150.166, Trans_L2_m: 0.657, Yaw_err_deg: 2.626
Epoch: [4/23], Batch: 1350/2963, Loss: 144.312, Trans_L2_m: 0.799, Yaw_err_deg: 2.748
Epoch: [4/23], Batch: 1360/2963, Loss: 164.800, Trans_L2_m: 0.738, Yaw_err_deg: 2.792
Epoch: [4/23], Batch: 1370/2963, Loss: 151.481, Trans_L2_m: 0.770, Yaw_err_deg: 2.415
Epoch: [4/23], Batch: 1380/2963, Loss: 146.420, Trans_L2_m: 0.835, Yaw_err_deg: 2.553
Epoch: [4/23], Batch: 1390/2963, Loss: 224.302, Trans_L2_m: 1.018, Yaw_err_deg: 4.167
Epoch: [4/23], Batch: 1400/2963, Loss: 132.295, Trans_L2_m: 0.844, Yaw_err_deg: 3.038
Epoch: [4/23], Batch: 1410/2963, Loss: 160.508, Trans_L2_m: 0.831, Yaw_err_deg: 2.846
Epoch: [4/23], Batch: 1420/2963, Loss: 221.186, Trans_L2_m: 0.923, Yaw_err_deg: 4.402
Epoch: [4/23], Batch: 1430/2963, Loss: 138.344, Trans_L2_m: 0.714, Yaw_err_deg: 2.356
Epoch: [4/23], Batch: 1440/2963, Loss: 134.586, Trans_L2_m: 0.694, Yaw_err_deg: 2.624
Epoch: [4/23], Batch: 1450/2963, Loss: 245.796, Trans_L2_m: 0.666, Yaw_err_deg: 4.616
Epoch: [4/23], Batch: 1460/2963, Loss: 165.765, Trans_L2_m: 0.769, Yaw_err_deg: 2.741
Epoch: [4/23], Batch: 1470/2963, Loss: 225.392, Trans_L2_m: 0.692, Yaw_err_deg: 3.728
Epoch: [4/23], Batch: 1480/2963, Loss: 119.368, Trans_L2_m: 0.706, Yaw_err_deg: 2.369
Epoch: [4/23], Batch: 1490/2963, Loss: 112.416, Trans_L2_m: 0.439, Yaw_err_deg: 2.127
Epoch: [4/23], Batch: 1500/2963, Loss: 110.858, Trans_L2_m: 0.478, Yaw_err_deg: 2.097
Epoch: [4/23], Batch: 1510/2963, Loss: 117.279, Trans_L2_m: 0.673, Yaw_err_deg: 2.498
Epoch: [4/23], Batch: 1520/2963, Loss: 172.063, Trans_L2_m: 0.896, Yaw_err_deg: 2.705
Epoch: [4/23], Batch: 1530/2963, Loss: 249.606, Trans_L2_m: 0.650, Yaw_err_deg: 4.163
Epoch: [4/23], Batch: 1540/2963, Loss: 112.121, Trans_L2_m: 0.675, Yaw_err_deg: 1.895
Epoch: [4/23], Batch: 1550/2963, Loss: 142.835, Trans_L2_m: 0.481, Yaw_err_deg: 2.619
Epoch: [4/23], Batch: 1560/2963, Loss: 111.666, Trans_L2_m: 0.558, Yaw_err_deg: 2.327
Epoch: [4/23], Batch: 1570/2963, Loss: 152.435, Trans_L2_m: 0.627, Yaw_err_deg: 2.255
Epoch: [4/23], Batch: 1580/2963, Loss: 126.383, Trans_L2_m: 0.899, Yaw_err_deg: 2.377
Epoch: [4/23], Batch: 1590/2963, Loss: 144.709, Trans_L2_m: 0.619, Yaw_err_deg: 2.763
Epoch: [4/23], Batch: 1600/2963, Loss: 245.017, Trans_L2_m: 0.961, Yaw_err_deg: 3.334
Epoch: [4/23], Batch: 1610/2963, Loss: 163.709, Trans_L2_m: 0.718, Yaw_err_deg: 2.593
Epoch: [4/23], Batch: 1620/2963, Loss: 143.630, Trans_L2_m: 1.002, Yaw_err_deg: 1.779
Epoch: [4/23], Batch: 1630/2963, Loss: 133.595, Trans_L2_m: 0.705, Yaw_err_deg: 2.138
Epoch: [4/23], Batch: 1640/2963, Loss: 139.696, Trans_L2_m: 0.557, Yaw_err_deg: 2.681
Epoch: [4/23], Batch: 1650/2963, Loss: 211.886, Trans_L2_m: 0.694, Yaw_err_deg: 3.647
Epoch: [4/23], Batch: 1660/2963, Loss: 150.931, Trans_L2_m: 0.904, Yaw_err_deg: 2.379
Epoch: [4/23], Batch: 1670/2963, Loss: 139.216, Trans_L2_m: 0.792, Yaw_err_deg: 2.983
Epoch: [4/23], Batch: 1680/2963, Loss: 218.456, Trans_L2_m: 0.930, Yaw_err_deg: 4.236
Epoch: [4/23], Batch: 1690/2963, Loss: 167.118, Trans_L2_m: 0.753, Yaw_err_deg: 2.899
Epoch: [4/23], Batch: 1700/2963, Loss: 132.167, Trans_L2_m: 0.887, Yaw_err_deg: 2.781
Epoch: [4/23], Batch: 1710/2963, Loss: 118.914, Trans_L2_m: 1.005, Yaw_err_deg: 2.141
Epoch: [4/23], Batch: 1720/2963, Loss: 143.012, Trans_L2_m: 0.720, Yaw_err_deg: 2.650
Epoch: [4/23], Batch: 1730/2963, Loss: 115.219, Trans_L2_m: 0.693, Yaw_err_deg: 2.108
Epoch: [4/23], Batch: 1740/2963, Loss: 149.828, Trans_L2_m: 0.578, Yaw_err_deg: 2.672
Epoch: [4/23], Batch: 1750/2963, Loss: 291.363, Trans_L2_m: 0.633, Yaw_err_deg: 4.793
Epoch: [4/23], Batch: 1760/2963, Loss: 295.526, Trans_L2_m: 0.811, Yaw_err_deg: 4.556
Epoch: [4/23], Batch: 1770/2963, Loss: 194.322, Trans_L2_m: 0.918, Yaw_err_deg: 2.814
Epoch: [4/23], Batch: 1780/2963, Loss: 130.287, Trans_L2_m: 0.834, Yaw_err_deg: 2.200
Epoch: [4/23], Batch: 1790/2963, Loss: 147.930, Trans_L2_m: 0.944, Yaw_err_deg: 2.887
Epoch: [4/23], Batch: 1800/2963, Loss: 111.611, Trans_L2_m: 0.658, Yaw_err_deg: 2.213
Epoch: [4/23], Batch: 1810/2963, Loss: 125.340, Trans_L2_m: 0.904, Yaw_err_deg: 2.382
Epoch: [4/23], Batch: 1820/2963, Loss: 123.991, Trans_L2_m: 0.834, Yaw_err_deg: 2.429
Epoch: [4/23], Batch: 1830/2963, Loss: 166.163, Trans_L2_m: 1.016, Yaw_err_deg: 2.940
Epoch: [4/23], Batch: 1840/2963, Loss: 500.000, Trans_L2_m: 0.862, Yaw_err_deg: 5.310
Epoch: [4/23], Batch: 1850/2963, Loss: 211.576, Trans_L2_m: 0.936, Yaw_err_deg: 3.205
Epoch: [4/23], Batch: 1860/2963, Loss: 170.734, Trans_L2_m: 0.725, Yaw_err_deg: 3.183
Epoch: [4/23], Batch: 1870/2963, Loss: 140.593, Trans_L2_m: 0.577, Yaw_err_deg: 2.799
Epoch: [4/23], Batch: 1880/2963, Loss: 122.317, Trans_L2_m: 0.807, Yaw_err_deg: 2.265
Epoch: [4/23], Batch: 1890/2963, Loss: 220.156, Trans_L2_m: 0.645, Yaw_err_deg: 3.772
Epoch: [4/23], Batch: 1900/2963, Loss: 183.277, Trans_L2_m: 0.881, Yaw_err_deg: 3.047
Epoch: [4/23], Batch: 1910/2963, Loss: 132.242, Trans_L2_m: 0.938, Yaw_err_deg: 2.089
Epoch: [4/23], Batch: 1920/2963, Loss: 146.441, Trans_L2_m: 0.660, Yaw_err_deg: 3.059
Epoch: [4/23], Batch: 1930/2963, Loss: 136.761, Trans_L2_m: 0.492, Yaw_err_deg: 2.820
Epoch: [4/23], Batch: 1940/2963, Loss: 212.476, Trans_L2_m: 0.707, Yaw_err_deg: 3.829
Epoch: [4/23], Batch: 1950/2963, Loss: 156.204, Trans_L2_m: 0.508, Yaw_err_deg: 2.859
Epoch: [4/23], Batch: 1960/2963, Loss: 130.647, Trans_L2_m: 0.731, Yaw_err_deg: 2.563
Epoch: [4/23], Batch: 1970/2963, Loss: 153.990, Trans_L2_m: 0.967, Yaw_err_deg: 2.483
Epoch: [4/23], Batch: 1980/2963, Loss: 248.185, Trans_L2_m: 0.858, Yaw_err_deg: 3.776
Epoch: [4/23], Batch: 1990/2963, Loss: 152.287, Trans_L2_m: 0.939, Yaw_err_deg: 2.833
Epoch: [4/23], Batch: 2000/2963, Loss: 102.391, Trans_L2_m: 0.747, Yaw_err_deg: 1.818
Epoch: [4/23], Batch: 2010/2963, Loss: 180.418, Trans_L2_m: 0.663, Yaw_err_deg: 3.051
Epoch: [4/23], Batch: 2020/2963, Loss: 219.790, Trans_L2_m: 1.257, Yaw_err_deg: 2.990
Epoch: [4/23], Batch: 2030/2963, Loss: 161.772, Trans_L2_m: 0.857, Yaw_err_deg: 2.991
Epoch: [4/23], Batch: 2040/2963, Loss: 101.800, Trans_L2_m: 0.585, Yaw_err_deg: 2.036
Epoch: [4/23], Batch: 2050/2963, Loss: 176.349, Trans_L2_m: 0.857, Yaw_err_deg: 2.468
Epoch: [4/23], Batch: 2060/2963, Loss: 134.273, Trans_L2_m: 0.628, Yaw_err_deg: 2.829
Epoch: [4/23], Batch: 2070/2963, Loss: 175.279, Trans_L2_m: 1.184, Yaw_err_deg: 3.016
Epoch: [4/23], Batch: 2080/2963, Loss: 173.882, Trans_L2_m: 0.707, Yaw_err_deg: 3.542
Epoch: [4/23], Batch: 2090/2963, Loss: 83.665, Trans_L2_m: 0.636, Yaw_err_deg: 1.773
Epoch: [4/23], Batch: 2100/2963, Loss: 177.256, Trans_L2_m: 0.757, Yaw_err_deg: 3.265
Epoch: [4/23], Batch: 2110/2963, Loss: 174.600, Trans_L2_m: 0.616, Yaw_err_deg: 3.314
Epoch: [4/23], Batch: 2120/2963, Loss: 140.628, Trans_L2_m: 0.789, Yaw_err_deg: 2.949
Epoch: [4/23], Batch: 2130/2963, Loss: 132.956, Trans_L2_m: 0.577, Yaw_err_deg: 2.731
Epoch: [4/23], Batch: 2140/2963, Loss: 176.217, Trans_L2_m: 0.647, Yaw_err_deg: 3.250
Epoch: [4/23], Batch: 2150/2963, Loss: 152.209, Trans_L2_m: 0.583, Yaw_err_deg: 2.645
Epoch: [4/23], Batch: 2160/2963, Loss: 128.205, Trans_L2_m: 0.602, Yaw_err_deg: 2.557
Epoch: [4/23], Batch: 2170/2963, Loss: 114.921, Trans_L2_m: 0.409, Yaw_err_deg: 2.596
Epoch: [4/23], Batch: 2180/2963, Loss: 217.831, Trans_L2_m: 0.914, Yaw_err_deg: 3.974
Epoch: [4/23], Batch: 2190/2963, Loss: 274.467, Trans_L2_m: 0.683, Yaw_err_deg: 4.456
Epoch: [4/23], Batch: 2200/2963, Loss: 243.332, Trans_L2_m: 0.652, Yaw_err_deg: 3.476
Epoch: [4/23], Batch: 2210/2963, Loss: 134.449, Trans_L2_m: 0.735, Yaw_err_deg: 2.518
Epoch: [4/23], Batch: 2220/2963, Loss: 167.100, Trans_L2_m: 0.700, Yaw_err_deg: 2.878
Epoch: [4/23], Batch: 2230/2963, Loss: 135.604, Trans_L2_m: 0.897, Yaw_err_deg: 2.814
Epoch: [4/23], Batch: 2240/2963, Loss: 137.285, Trans_L2_m: 0.809, Yaw_err_deg: 2.578
Epoch: [4/23], Batch: 2250/2963, Loss: 144.006, Trans_L2_m: 0.879, Yaw_err_deg: 2.731
Epoch: [4/23], Batch: 2260/2963, Loss: 122.581, Trans_L2_m: 0.758, Yaw_err_deg: 2.456
Epoch: [4/23], Batch: 2270/2963, Loss: 157.762, Trans_L2_m: 1.053, Yaw_err_deg: 2.619
Epoch: [4/23], Batch: 2280/2963, Loss: 189.317, Trans_L2_m: 0.641, Yaw_err_deg: 2.986
Epoch: [4/23], Batch: 2290/2963, Loss: 153.852, Trans_L2_m: 0.897, Yaw_err_deg: 3.072
Epoch: [4/23], Batch: 2300/2963, Loss: 219.419, Trans_L2_m: 0.669, Yaw_err_deg: 2.993
Epoch: [4/23], Batch: 2310/2963, Loss: 496.498, Trans_L2_m: 0.747, Yaw_err_deg: 3.998
Epoch: [4/23], Batch: 2320/2963, Loss: 85.237, Trans_L2_m: 0.693, Yaw_err_deg: 1.717
Epoch: [4/23], Batch: 2330/2963, Loss: 156.449, Trans_L2_m: 0.584, Yaw_err_deg: 3.026
Epoch: [4/23], Batch: 2340/2963, Loss: 129.667, Trans_L2_m: 0.627, Yaw_err_deg: 2.718
Epoch: [4/23], Batch: 2350/2963, Loss: 140.040, Trans_L2_m: 0.860, Yaw_err_deg: 2.085
Epoch: [4/23], Batch: 2360/2963, Loss: 259.081, Trans_L2_m: 0.583, Yaw_err_deg: 3.838
Epoch: [4/23], Batch: 2370/2963, Loss: 194.297, Trans_L2_m: 0.731, Yaw_err_deg: 3.029
Epoch: [4/23], Batch: 2380/2963, Loss: 323.311, Trans_L2_m: 0.624, Yaw_err_deg: 4.326
Epoch: [4/23], Batch: 2390/2963, Loss: 135.532, Trans_L2_m: 0.705, Yaw_err_deg: 2.768
Epoch: [4/23], Batch: 2400/2963, Loss: 95.991, Trans_L2_m: 0.626, Yaw_err_deg: 2.070
Epoch: [4/23], Batch: 2410/2963, Loss: 163.231, Trans_L2_m: 0.701, Yaw_err_deg: 2.927
Epoch: [4/23], Batch: 2420/2963, Loss: 188.384, Trans_L2_m: 0.654, Yaw_err_deg: 3.349
Epoch: [4/23], Batch: 2430/2963, Loss: 122.353, Trans_L2_m: 0.576, Yaw_err_deg: 2.370
Epoch: [4/23], Batch: 2440/2963, Loss: 150.849, Trans_L2_m: 0.724, Yaw_err_deg: 2.544
Epoch: [4/23], Batch: 2450/2963, Loss: 126.425, Trans_L2_m: 0.752, Yaw_err_deg: 2.769
Epoch: [4/23], Batch: 2460/2963, Loss: 128.326, Trans_L2_m: 0.719, Yaw_err_deg: 2.458
Epoch: [4/23], Batch: 2470/2963, Loss: 211.287, Trans_L2_m: 0.836, Yaw_err_deg: 3.514
Epoch: [4/23], Batch: 2480/2963, Loss: 194.205, Trans_L2_m: 0.679, Yaw_err_deg: 2.954
Epoch: [4/23], Batch: 2490/2963, Loss: 141.237, Trans_L2_m: 0.607, Yaw_err_deg: 3.122
Epoch: [4/23], Batch: 2500/2963, Loss: 220.972, Trans_L2_m: 0.911, Yaw_err_deg: 3.618
Epoch: [4/23], Batch: 2510/2963, Loss: 392.448, Trans_L2_m: 0.738, Yaw_err_deg: 4.674
Epoch: [4/23], Batch: 2520/2963, Loss: 141.316, Trans_L2_m: 0.744, Yaw_err_deg: 2.748
Epoch: [4/23], Batch: 2530/2963, Loss: 124.022, Trans_L2_m: 0.656, Yaw_err_deg: 2.036
Epoch: [4/23], Batch: 2540/2963, Loss: 185.520, Trans_L2_m: 0.810, Yaw_err_deg: 3.159
Epoch: [4/23], Batch: 2550/2963, Loss: 234.294, Trans_L2_m: 0.706, Yaw_err_deg: 4.048
Epoch: [4/23], Batch: 2560/2963, Loss: 139.273, Trans_L2_m: 0.768, Yaw_err_deg: 2.422
Epoch: [4/23], Batch: 2570/2963, Loss: 102.736, Trans_L2_m: 0.658, Yaw_err_deg: 2.117
Epoch: [4/23], Batch: 2580/2963, Loss: 113.100, Trans_L2_m: 0.827, Yaw_err_deg: 2.239
Epoch: [4/23], Batch: 2590/2963, Loss: 170.393, Trans_L2_m: 0.709, Yaw_err_deg: 2.632
Epoch: [4/23], Batch: 2600/2963, Loss: 118.468, Trans_L2_m: 0.593, Yaw_err_deg: 2.359
Epoch: [4/23], Batch: 2610/2963, Loss: 139.883, Trans_L2_m: 0.557, Yaw_err_deg: 2.586
Epoch: [4/23], Batch: 2620/2963, Loss: 133.173, Trans_L2_m: 0.528, Yaw_err_deg: 2.867
Epoch: [4/23], Batch: 2630/2963, Loss: 153.316, Trans_L2_m: 0.680, Yaw_err_deg: 2.657
Epoch: [4/23], Batch: 2640/2963, Loss: 142.537, Trans_L2_m: 0.583, Yaw_err_deg: 2.879
Epoch: [4/23], Batch: 2650/2963, Loss: 97.540, Trans_L2_m: 0.784, Yaw_err_deg: 1.669
Epoch: [4/23], Batch: 2660/2963, Loss: 209.820, Trans_L2_m: 0.778, Yaw_err_deg: 3.323
Epoch: [4/23], Batch: 2670/2963, Loss: 93.682, Trans_L2_m: 0.760, Yaw_err_deg: 1.627
Epoch: [4/23], Batch: 2680/2963, Loss: 169.720, Trans_L2_m: 0.708, Yaw_err_deg: 3.254
Epoch: [4/23], Batch: 2690/2963, Loss: 189.911, Trans_L2_m: 0.499, Yaw_err_deg: 3.241
Epoch: [4/23], Batch: 2700/2963, Loss: 185.453, Trans_L2_m: 0.839, Yaw_err_deg: 3.165
Epoch: [4/23], Batch: 2710/2963, Loss: 121.008, Trans_L2_m: 0.727, Yaw_err_deg: 2.380
Epoch: [4/23], Batch: 2720/2963, Loss: 135.202, Trans_L2_m: 0.560, Yaw_err_deg: 2.797
Epoch: [4/23], Batch: 2730/2963, Loss: 165.418, Trans_L2_m: 0.688, Yaw_err_deg: 2.135
Epoch: [4/23], Batch: 2740/2963, Loss: 149.795, Trans_L2_m: 0.763, Yaw_err_deg: 3.114
Epoch: [4/23], Batch: 2750/2963, Loss: 102.885, Trans_L2_m: 0.709, Yaw_err_deg: 2.108
Epoch: [4/23], Batch: 2760/2963, Loss: 149.941, Trans_L2_m: 0.800, Yaw_err_deg: 3.304
Epoch: [4/23], Batch: 2770/2963, Loss: 168.521, Trans_L2_m: 0.621, Yaw_err_deg: 2.710
Epoch: [4/23], Batch: 2780/2963, Loss: 132.654, Trans_L2_m: 0.517, Yaw_err_deg: 2.847
Epoch: [4/23], Batch: 2790/2963, Loss: 163.809, Trans_L2_m: 0.768, Yaw_err_deg: 2.903
Epoch: [4/23], Batch: 2800/2963, Loss: 214.163, Trans_L2_m: 0.835, Yaw_err_deg: 3.429
Epoch: [4/23], Batch: 2810/2963, Loss: 143.074, Trans_L2_m: 0.763, Yaw_err_deg: 2.607
Epoch: [4/23], Batch: 2820/2963, Loss: 203.429, Trans_L2_m: 0.771, Yaw_err_deg: 3.464
Epoch: [4/23], Batch: 2830/2963, Loss: 147.201, Trans_L2_m: 0.806, Yaw_err_deg: 3.050
Epoch: [4/23], Batch: 2840/2963, Loss: 100.388, Trans_L2_m: 0.711, Yaw_err_deg: 1.866
Epoch: [4/23], Batch: 2850/2963, Loss: 131.530, Trans_L2_m: 0.804, Yaw_err_deg: 2.406
Epoch: [4/23], Batch: 2860/2963, Loss: 131.290, Trans_L2_m: 0.605, Yaw_err_deg: 2.882
Epoch: [4/23], Batch: 2870/2963, Loss: 139.598, Trans_L2_m: 0.632, Yaw_err_deg: 2.864
Epoch: [4/23], Batch: 2880/2963, Loss: 125.059, Trans_L2_m: 0.553, Yaw_err_deg: 2.775
Epoch: [4/23], Batch: 2890/2963, Loss: 157.782, Trans_L2_m: 0.535, Yaw_err_deg: 3.020
Epoch: [4/23], Batch: 2900/2963, Loss: 141.496, Trans_L2_m: 0.570, Yaw_err_deg: 2.708
Epoch: [4/23], Batch: 2910/2963, Loss: 132.229, Trans_L2_m: 0.499, Yaw_err_deg: 2.748
Epoch: [4/23], Batch: 2920/2963, Loss: 171.776, Trans_L2_m: 0.685, Yaw_err_deg: 3.101
Epoch: [4/23], Batch: 2930/2963, Loss: 125.658, Trans_L2_m: 0.542, Yaw_err_deg: 2.314
Epoch: [4/23], Batch: 2940/2963, Loss: 140.762, Trans_L2_m: 0.550, Yaw_err_deg: 2.680
Epoch: [4/23], Batch: 2950/2963, Loss: 146.030, Trans_L2_m: 0.750, Yaw_err_deg: 2.941
Epoch: [4/23], Batch: 2960/2963, Loss: 274.410, Trans_L2_m: 0.777, Yaw_err_deg: 3.551
Epoch: [5/23], Batch: 0/2963, Loss: 139.494, Trans_L2_m: 0.521, Yaw_err_deg: 2.637
Epoch: [5/23], Batch: 10/2963, Loss: 143.498, Trans_L2_m: 0.669, Yaw_err_deg: 2.701
Epoch: [5/23], Batch: 20/2963, Loss: 113.819, Trans_L2_m: 0.550, Yaw_err_deg: 1.961
Epoch: [5/23], Batch: 30/2963, Loss: 189.928, Trans_L2_m: 0.830, Yaw_err_deg: 3.807
Epoch: [5/23], Batch: 40/2963, Loss: 120.855, Trans_L2_m: 0.679, Yaw_err_deg: 2.517
Epoch: [5/23], Batch: 50/2963, Loss: 317.661, Trans_L2_m: 0.710, Yaw_err_deg: 4.413
Epoch: [5/23], Batch: 60/2963, Loss: 124.654, Trans_L2_m: 0.559, Yaw_err_deg: 2.486
Epoch: [5/23], Batch: 70/2963, Loss: 124.144, Trans_L2_m: 0.867, Yaw_err_deg: 2.420
Epoch: [5/23], Batch: 80/2963, Loss: 131.298, Trans_L2_m: 1.048, Yaw_err_deg: 2.020
Epoch: [5/23], Batch: 90/2963, Loss: 175.422, Trans_L2_m: 0.717, Yaw_err_deg: 2.460
Epoch: [5/23], Batch: 100/2963, Loss: 105.385, Trans_L2_m: 0.572, Yaw_err_deg: 2.347
Epoch: [5/23], Batch: 110/2963, Loss: 147.277, Trans_L2_m: 0.725, Yaw_err_deg: 2.644
Epoch: [5/23], Batch: 120/2963, Loss: 122.729, Trans_L2_m: 0.828, Yaw_err_deg: 2.209
Epoch: [5/23], Batch: 130/2963, Loss: 129.936, Trans_L2_m: 0.873, Yaw_err_deg: 2.558
Epoch: [5/23], Batch: 140/2963, Loss: 260.800, Trans_L2_m: 0.815, Yaw_err_deg: 3.630
Epoch: [5/23], Batch: 150/2963, Loss: 165.362, Trans_L2_m: 0.666, Yaw_err_deg: 2.138
Epoch: [5/23], Batch: 160/2963, Loss: 124.999, Trans_L2_m: 0.505, Yaw_err_deg: 2.314
Epoch: [5/23], Batch: 170/2963, Loss: 140.662, Trans_L2_m: 0.604, Yaw_err_deg: 2.982
Epoch: [5/23], Batch: 180/2963, Loss: 118.985, Trans_L2_m: 0.603, Yaw_err_deg: 2.213
Epoch: [5/23], Batch: 190/2963, Loss: 141.526, Trans_L2_m: 0.894, Yaw_err_deg: 2.520
Epoch: [5/23], Batch: 200/2963, Loss: 140.923, Trans_L2_m: 0.593, Yaw_err_deg: 2.802
Epoch: [5/23], Batch: 210/2963, Loss: 159.388, Trans_L2_m: 0.522, Yaw_err_deg: 2.802
Epoch: [5/23], Batch: 220/2963, Loss: 106.070, Trans_L2_m: 0.747, Yaw_err_deg: 2.367
Epoch: [5/23], Batch: 230/2963, Loss: 103.663, Trans_L2_m: 0.662, Yaw_err_deg: 1.894
Epoch: [5/23], Batch: 240/2963, Loss: 129.930, Trans_L2_m: 0.850, Yaw_err_deg: 2.722
Epoch: [5/23], Batch: 250/2963, Loss: 113.672, Trans_L2_m: 0.654, Yaw_err_deg: 2.302
Epoch: [5/23], Batch: 260/2963, Loss: 119.342, Trans_L2_m: 0.652, Yaw_err_deg: 2.105
Epoch: [5/23], Batch: 270/2963, Loss: 148.803, Trans_L2_m: 0.579, Yaw_err_deg: 3.182
Epoch: [5/23], Batch: 280/2963, Loss: 127.617, Trans_L2_m: 0.516, Yaw_err_deg: 2.718
Epoch: [5/23], Batch: 290/2963, Loss: 192.757, Trans_L2_m: 0.742, Yaw_err_deg: 3.436
Epoch: [5/23], Batch: 300/2963, Loss: 159.760, Trans_L2_m: 0.639, Yaw_err_deg: 3.010
Epoch: [5/23], Batch: 310/2963, Loss: 167.020, Trans_L2_m: 0.795, Yaw_err_deg: 3.474
Epoch: [5/23], Batch: 320/2963, Loss: 118.958, Trans_L2_m: 0.642, Yaw_err_deg: 1.897
Epoch: [5/23], Batch: 330/2963, Loss: 150.605, Trans_L2_m: 0.882, Yaw_err_deg: 3.140
Epoch: [5/23], Batch: 340/2963, Loss: 113.125, Trans_L2_m: 0.585, Yaw_err_deg: 2.349
Epoch: [5/23], Batch: 350/2963, Loss: 132.319, Trans_L2_m: 0.917, Yaw_err_deg: 2.556
Epoch: [5/23], Batch: 360/2963, Loss: 319.804, Trans_L2_m: 0.744, Yaw_err_deg: 4.193
Epoch: [5/23], Batch: 370/2963, Loss: 202.355, Trans_L2_m: 0.720, Yaw_err_deg: 3.643
Epoch: [5/23], Batch: 380/2963, Loss: 117.484, Trans_L2_m: 0.644, Yaw_err_deg: 2.433
Epoch: [5/23], Batch: 390/2963, Loss: 120.416, Trans_L2_m: 0.805, Yaw_err_deg: 2.304
Epoch: [5/23], Batch: 400/2963, Loss: 126.504, Trans_L2_m: 0.843, Yaw_err_deg: 2.741
Epoch: [5/23], Batch: 410/2963, Loss: 105.779, Trans_L2_m: 0.766, Yaw_err_deg: 2.084
Epoch: [5/23], Batch: 420/2963, Loss: 187.820, Trans_L2_m: 0.556, Yaw_err_deg: 3.145
Epoch: [5/23], Batch: 430/2963, Loss: 99.383, Trans_L2_m: 0.877, Yaw_err_deg: 1.808
Epoch: [5/23], Batch: 440/2963, Loss: 138.756, Trans_L2_m: 0.648, Yaw_err_deg: 2.673
Epoch: [5/23], Batch: 450/2963, Loss: 136.319, Trans_L2_m: 0.712, Yaw_err_deg: 2.597
Epoch: [5/23], Batch: 460/2963, Loss: 112.223, Trans_L2_m: 0.809, Yaw_err_deg: 2.283
Epoch: [5/23], Batch: 470/2963, Loss: 342.196, Trans_L2_m: 0.729, Yaw_err_deg: 3.788
Epoch: [5/23], Batch: 480/2963, Loss: 117.343, Trans_L2_m: 0.726, Yaw_err_deg: 2.644
Epoch: [5/23], Batch: 490/2963, Loss: 162.602, Trans_L2_m: 0.441, Yaw_err_deg: 3.047
Epoch: [5/23], Batch: 500/2963, Loss: 151.579, Trans_L2_m: 0.732, Yaw_err_deg: 2.319
Epoch: [5/23], Batch: 510/2963, Loss: 131.525, Trans_L2_m: 0.653, Yaw_err_deg: 2.811
Epoch: [5/23], Batch: 520/2963, Loss: 164.840, Trans_L2_m: 0.830, Yaw_err_deg: 3.165
Epoch: [5/23], Batch: 530/2963, Loss: 87.943, Trans_L2_m: 0.674, Yaw_err_deg: 1.752
Epoch: [5/23], Batch: 540/2963, Loss: 146.950, Trans_L2_m: 0.630, Yaw_err_deg: 2.221
Epoch: [5/23], Batch: 550/2963, Loss: 177.748, Trans_L2_m: 0.807, Yaw_err_deg: 3.365
Epoch: [5/23], Batch: 560/2963, Loss: 139.084, Trans_L2_m: 0.604, Yaw_err_deg: 3.215
Epoch: [5/23], Batch: 570/2963, Loss: 169.956, Trans_L2_m: 0.725, Yaw_err_deg: 3.719
Epoch: [5/23], Batch: 580/2963, Loss: 136.764, Trans_L2_m: 0.592, Yaw_err_deg: 2.755
Epoch: [5/23], Batch: 590/2963, Loss: 115.619, Trans_L2_m: 0.725, Yaw_err_deg: 2.496
Epoch: [5/23], Batch: 600/2963, Loss: 99.280, Trans_L2_m: 0.714, Yaw_err_deg: 1.899
Epoch: [5/23], Batch: 610/2963, Loss: 98.755, Trans_L2_m: 0.522, Yaw_err_deg: 1.946
Epoch: [5/23], Batch: 620/2963, Loss: 155.427, Trans_L2_m: 0.810, Yaw_err_deg: 3.305
Epoch: [5/23], Batch: 630/2963, Loss: 90.234, Trans_L2_m: 0.644, Yaw_err_deg: 1.882
Epoch: [5/23], Batch: 640/2963, Loss: 211.832, Trans_L2_m: 0.534, Yaw_err_deg: 4.023
Epoch: [5/23], Batch: 650/2963, Loss: 116.069, Trans_L2_m: 0.615, Yaw_err_deg: 2.362
Epoch: [5/23], Batch: 660/2963, Loss: 161.287, Trans_L2_m: 0.808, Yaw_err_deg: 2.671
Epoch: [5/23], Batch: 670/2963, Loss: 160.980, Trans_L2_m: 0.610, Yaw_err_deg: 3.153
Epoch: [5/23], Batch: 680/2963, Loss: 128.550, Trans_L2_m: 0.609, Yaw_err_deg: 2.735
Epoch: [5/23], Batch: 690/2963, Loss: 142.535, Trans_L2_m: 0.673, Yaw_err_deg: 2.692
Epoch: [5/23], Batch: 700/2963, Loss: 94.245, Trans_L2_m: 0.537, Yaw_err_deg: 2.078
Epoch: [5/23], Batch: 710/2963, Loss: 124.325, Trans_L2_m: 0.554, Yaw_err_deg: 2.343
Epoch: [5/23], Batch: 720/2963, Loss: 176.693, Trans_L2_m: 0.637, Yaw_err_deg: 3.296
Epoch: [5/23], Batch: 730/2963, Loss: 153.568, Trans_L2_m: 0.566, Yaw_err_deg: 3.062
Epoch: [5/23], Batch: 740/2963, Loss: 118.376, Trans_L2_m: 0.834, Yaw_err_deg: 1.768
Epoch: [5/23], Batch: 750/2963, Loss: 185.573, Trans_L2_m: 0.726, Yaw_err_deg: 3.348
Epoch: [5/23], Batch: 760/2963, Loss: 125.868, Trans_L2_m: 0.782, Yaw_err_deg: 2.569
Epoch: [5/23], Batch: 770/2963, Loss: 104.297, Trans_L2_m: 0.536, Yaw_err_deg: 2.351
Epoch: [5/23], Batch: 780/2963, Loss: 140.026, Trans_L2_m: 0.671, Yaw_err_deg: 2.529
Epoch: [5/23], Batch: 790/2963, Loss: 160.192, Trans_L2_m: 0.665, Yaw_err_deg: 3.277
Epoch: [5/23], Batch: 800/2963, Loss: 139.534, Trans_L2_m: 0.673, Yaw_err_deg: 2.644
Epoch: [5/23], Batch: 810/2963, Loss: 224.949, Trans_L2_m: 0.872, Yaw_err_deg: 3.893
Epoch: [5/23], Batch: 820/2963, Loss: 108.724, Trans_L2_m: 0.783, Yaw_err_deg: 1.937
Epoch: [5/23], Batch: 830/2963, Loss: 216.033, Trans_L2_m: 1.058, Yaw_err_deg: 3.624
Epoch: [5/23], Batch: 840/2963, Loss: 110.021, Trans_L2_m: 0.725, Yaw_err_deg: 2.332
Epoch: [5/23], Batch: 850/2963, Loss: 128.848, Trans_L2_m: 0.659, Yaw_err_deg: 2.287
Epoch: [5/23], Batch: 860/2963, Loss: 99.638, Trans_L2_m: 0.741, Yaw_err_deg: 1.628
Epoch: [5/23], Batch: 870/2963, Loss: 111.596, Trans_L2_m: 0.640, Yaw_err_deg: 2.226
Epoch: [5/23], Batch: 880/2963, Loss: 107.238, Trans_L2_m: 0.828, Yaw_err_deg: 1.650
Epoch: [5/23], Batch: 890/2963, Loss: 114.892, Trans_L2_m: 0.551, Yaw_err_deg: 2.491
Epoch: [5/23], Batch: 900/2963, Loss: 113.917, Trans_L2_m: 0.679, Yaw_err_deg: 2.082
Epoch: [5/23], Batch: 910/2963, Loss: 103.699, Trans_L2_m: 0.717, Yaw_err_deg: 2.123
Epoch: [5/23], Batch: 920/2963, Loss: 132.446, Trans_L2_m: 0.818, Yaw_err_deg: 2.618
Epoch: [5/23], Batch: 930/2963, Loss: 103.815, Trans_L2_m: 0.934, Yaw_err_deg: 1.729
Epoch: [5/23], Batch: 940/2963, Loss: 176.262, Trans_L2_m: 0.783, Yaw_err_deg: 3.609
Epoch: [5/23], Batch: 950/2963, Loss: 128.091, Trans_L2_m: 0.942, Yaw_err_deg: 2.097
Epoch: [5/23], Batch: 960/2963, Loss: 140.944, Trans_L2_m: 0.822, Yaw_err_deg: 2.292
Epoch: [5/23], Batch: 970/2963, Loss: 129.481, Trans_L2_m: 0.838, Yaw_err_deg: 2.327
Epoch: [5/23], Batch: 980/2963, Loss: 105.752, Trans_L2_m: 0.547, Yaw_err_deg: 2.138
Epoch: [5/23], Batch: 990/2963, Loss: 169.445, Trans_L2_m: 0.663, Yaw_err_deg: 3.445
Epoch: [5/23], Batch: 1000/2963, Loss: 181.047, Trans_L2_m: 0.665, Yaw_err_deg: 2.836
Epoch: [5/23], Batch: 1010/2963, Loss: 99.284, Trans_L2_m: 0.712, Yaw_err_deg: 2.275
Epoch: [5/23], Batch: 1020/2963, Loss: 111.351, Trans_L2_m: 0.731, Yaw_err_deg: 2.295
Epoch: [5/23], Batch: 1030/2963, Loss: 107.526, Trans_L2_m: 0.799, Yaw_err_deg: 1.900
Epoch: [5/23], Batch: 1040/2963, Loss: 99.515, Trans_L2_m: 0.774, Yaw_err_deg: 2.043
Epoch: [5/23], Batch: 1050/2963, Loss: 116.697, Trans_L2_m: 0.441, Yaw_err_deg: 2.770
Epoch: [5/23], Batch: 1060/2963, Loss: 113.479, Trans_L2_m: 0.484, Yaw_err_deg: 2.588
Epoch: [5/23], Batch: 1070/2963, Loss: 100.207, Trans_L2_m: 0.553, Yaw_err_deg: 2.005
Epoch: [5/23], Batch: 1080/2963, Loss: 508.479, Trans_L2_m: 0.667, Yaw_err_deg: 3.593
Epoch: [5/23], Batch: 1090/2963, Loss: 113.087, Trans_L2_m: 0.696, Yaw_err_deg: 2.165
Epoch: [5/23], Batch: 1100/2963, Loss: 84.648, Trans_L2_m: 0.534, Yaw_err_deg: 1.992
Epoch: [5/23], Batch: 1110/2963, Loss: 103.108, Trans_L2_m: 0.729, Yaw_err_deg: 2.027
Epoch: [5/23], Batch: 1120/2963, Loss: 144.157, Trans_L2_m: 0.902, Yaw_err_deg: 2.641
Epoch: [5/23], Batch: 1130/2963, Loss: 121.321, Trans_L2_m: 0.590, Yaw_err_deg: 2.192
Epoch: [5/23], Batch: 1140/2963, Loss: 279.286, Trans_L2_m: 0.610, Yaw_err_deg: 3.838
Epoch: [5/23], Batch: 1150/2963, Loss: 100.479, Trans_L2_m: 0.581, Yaw_err_deg: 2.308
Epoch: [5/23], Batch: 1160/2963, Loss: 118.812, Trans_L2_m: 0.552, Yaw_err_deg: 2.541
Epoch: [5/23], Batch: 1170/2963, Loss: 217.563, Trans_L2_m: 0.712, Yaw_err_deg: 2.968
Epoch: [5/23], Batch: 1180/2963, Loss: 106.959, Trans_L2_m: 0.564, Yaw_err_deg: 2.026
Epoch: [5/23], Batch: 1190/2963, Loss: 163.814, Trans_L2_m: 0.544, Yaw_err_deg: 3.293
Epoch: [5/23], Batch: 1200/2963, Loss: 113.851, Trans_L2_m: 0.754, Yaw_err_deg: 2.407
Epoch: [5/23], Batch: 1210/2963, Loss: 100.095, Trans_L2_m: 0.815, Yaw_err_deg: 2.125
Epoch: [5/23], Batch: 1220/2963, Loss: 102.619, Trans_L2_m: 0.706, Yaw_err_deg: 2.272
Epoch: [5/23], Batch: 1230/2963, Loss: 143.040, Trans_L2_m: 0.697, Yaw_err_deg: 2.803
Epoch: [5/23], Batch: 1240/2963, Loss: 110.082, Trans_L2_m: 0.691, Yaw_err_deg: 2.597
Epoch: [5/23], Batch: 1250/2963, Loss: 310.239, Trans_L2_m: 0.568, Yaw_err_deg: 4.540
Epoch: [5/23], Batch: 1260/2963, Loss: 91.696, Trans_L2_m: 0.639, Yaw_err_deg: 1.459
Epoch: [5/23], Batch: 1270/2963, Loss: 191.576, Trans_L2_m: 0.660, Yaw_err_deg: 3.235
Epoch: [5/23], Batch: 1280/2963, Loss: 156.520, Trans_L2_m: 0.748, Yaw_err_deg: 3.421
Epoch: [5/23], Batch: 1290/2963, Loss: 114.724, Trans_L2_m: 0.553, Yaw_err_deg: 2.583
Epoch: [5/23], Batch: 1300/2963, Loss: 93.599, Trans_L2_m: 0.628, Yaw_err_deg: 2.002
Epoch: [5/23], Batch: 1310/2963, Loss: 149.684, Trans_L2_m: 0.504, Yaw_err_deg: 3.121
Epoch: [5/23], Batch: 1320/2963, Loss: 191.978, Trans_L2_m: 0.438, Yaw_err_deg: 3.952
Epoch: [5/23], Batch: 1330/2963, Loss: 105.022, Trans_L2_m: 0.998, Yaw_err_deg: 1.640
Epoch: [5/23], Batch: 1340/2963, Loss: 110.109, Trans_L2_m: 0.652, Yaw_err_deg: 2.295
Epoch: [5/23], Batch: 1350/2963, Loss: 166.403, Trans_L2_m: 0.693, Yaw_err_deg: 3.026
Epoch: [5/23], Batch: 1360/2963, Loss: 103.604, Trans_L2_m: 0.853, Yaw_err_deg: 1.735
Epoch: [5/23], Batch: 1370/2963, Loss: 536.774, Trans_L2_m: 0.674, Yaw_err_deg: 4.979
Epoch: [5/23], Batch: 1380/2963, Loss: 140.311, Trans_L2_m: 0.653, Yaw_err_deg: 2.831
Epoch: [5/23], Batch: 1390/2963, Loss: 145.264, Trans_L2_m: 0.518, Yaw_err_deg: 2.711
Epoch: [5/23], Batch: 1400/2963, Loss: 86.767, Trans_L2_m: 0.609, Yaw_err_deg: 1.746
Epoch: [5/23], Batch: 1410/2963, Loss: 429.550, Trans_L2_m: 0.483, Yaw_err_deg: 4.713
Epoch: [5/23], Batch: 1420/2963, Loss: 175.162, Trans_L2_m: 0.790, Yaw_err_deg: 3.148
Epoch: [5/23], Batch: 1430/2963, Loss: 120.049, Trans_L2_m: 0.978, Yaw_err_deg: 1.999
Epoch: [5/23], Batch: 1440/2963, Loss: 116.592, Trans_L2_m: 0.513, Yaw_err_deg: 2.464
Epoch: [5/23], Batch: 1450/2963, Loss: 84.292, Trans_L2_m: 0.866, Yaw_err_deg: 1.613
Epoch: [5/23], Batch: 1460/2963, Loss: 114.191, Trans_L2_m: 0.916, Yaw_err_deg: 2.093
Epoch: [5/23], Batch: 1470/2963, Loss: 118.775, Trans_L2_m: 0.751, Yaw_err_deg: 2.254
Epoch: [5/23], Batch: 1480/2963, Loss: 154.876, Trans_L2_m: 0.650, Yaw_err_deg: 2.875
Epoch: [5/23], Batch: 1490/2963, Loss: 118.280, Trans_L2_m: 0.869, Yaw_err_deg: 2.361
Epoch: [5/23], Batch: 1500/2963, Loss: 91.944, Trans_L2_m: 0.644, Yaw_err_deg: 1.684
Epoch: [5/23], Batch: 1510/2963, Loss: 104.201, Trans_L2_m: 0.688, Yaw_err_deg: 2.052
Epoch: [5/23], Batch: 1520/2963, Loss: 169.728, Trans_L2_m: 0.668, Yaw_err_deg: 3.597
Epoch: [5/23], Batch: 1530/2963, Loss: 196.643, Trans_L2_m: 0.872, Yaw_err_deg: 3.278
Epoch: [5/23], Batch: 1540/2963, Loss: 145.129, Trans_L2_m: 0.649, Yaw_err_deg: 2.800
Epoch: [5/23], Batch: 1550/2963, Loss: 105.636, Trans_L2_m: 0.796, Yaw_err_deg: 1.968
Epoch: [5/23], Batch: 1560/2963, Loss: 274.028, Trans_L2_m: 0.612, Yaw_err_deg: 3.276
Epoch: [5/23], Batch: 1570/2963, Loss: 242.559, Trans_L2_m: 0.631, Yaw_err_deg: 3.554
Epoch: [5/23], Batch: 1580/2963, Loss: 114.283, Trans_L2_m: 0.774, Yaw_err_deg: 2.357
Epoch: [5/23], Batch: 1590/2963, Loss: 151.312, Trans_L2_m: 0.476, Yaw_err_deg: 2.978
Epoch: [5/23], Batch: 1600/2963, Loss: 96.927, Trans_L2_m: 0.712, Yaw_err_deg: 1.971
Epoch: [5/23], Batch: 1610/2963, Loss: 118.614, Trans_L2_m: 0.651, Yaw_err_deg: 2.663
Epoch: [5/23], Batch: 1620/2963, Loss: 118.070, Trans_L2_m: 0.806, Yaw_err_deg: 2.162
Epoch: [5/23], Batch: 1630/2963, Loss: 548.711, Trans_L2_m: 0.576, Yaw_err_deg: 4.661
Epoch: [5/23], Batch: 1640/2963, Loss: 354.393, Trans_L2_m: 0.589, Yaw_err_deg: 3.845
Epoch: [5/23], Batch: 1650/2963, Loss: 273.740, Trans_L2_m: 0.462, Yaw_err_deg: 4.058
Epoch: [5/23], Batch: 1660/2963, Loss: 168.926, Trans_L2_m: 0.727, Yaw_err_deg: 3.140
Epoch: [5/23], Batch: 1670/2963, Loss: 99.827, Trans_L2_m: 0.594, Yaw_err_deg: 2.205
Epoch: [5/23], Batch: 1680/2963, Loss: 245.520, Trans_L2_m: 0.781, Yaw_err_deg: 3.875
Epoch: [5/23], Batch: 1690/2963, Loss: 95.228, Trans_L2_m: 0.600, Yaw_err_deg: 1.950
Epoch: [5/23], Batch: 1700/2963, Loss: 165.133, Trans_L2_m: 0.566, Yaw_err_deg: 3.110
Epoch: [5/23], Batch: 1710/2963, Loss: 133.878, Trans_L2_m: 0.800, Yaw_err_deg: 2.552
Epoch: [5/23], Batch: 1720/2963, Loss: 219.331, Trans_L2_m: 0.574, Yaw_err_deg: 3.045
Epoch: [5/23], Batch: 1730/2963, Loss: 132.782, Trans_L2_m: 0.652, Yaw_err_deg: 2.565
Epoch: [5/23], Batch: 1740/2963, Loss: 106.527, Trans_L2_m: 0.663, Yaw_err_deg: 2.034
Epoch: [5/23], Batch: 1750/2963, Loss: 136.590, Trans_L2_m: 0.458, Yaw_err_deg: 3.041
Epoch: [5/23], Batch: 1760/2963, Loss: 114.389, Trans_L2_m: 0.752, Yaw_err_deg: 2.235
Epoch: [5/23], Batch: 1770/2963, Loss: 174.590, Trans_L2_m: 0.507, Yaw_err_deg: 3.269
Epoch: [5/23], Batch: 1780/2963, Loss: 257.270, Trans_L2_m: 0.622, Yaw_err_deg: 2.751
Epoch: [5/23], Batch: 1790/2963, Loss: 120.197, Trans_L2_m: 0.805, Yaw_err_deg: 2.063
Epoch: [5/23], Batch: 1800/2963, Loss: 185.558, Trans_L2_m: 0.647, Yaw_err_deg: 3.496
Epoch: [5/23], Batch: 1810/2963, Loss: 128.157, Trans_L2_m: 0.609, Yaw_err_deg: 3.084
Epoch: [5/23], Batch: 1820/2963, Loss: 100.669, Trans_L2_m: 0.680, Yaw_err_deg: 2.258
Epoch: [5/23], Batch: 1830/2963, Loss: 117.023, Trans_L2_m: 0.704, Yaw_err_deg: 2.079
Epoch: [5/23], Batch: 1840/2963, Loss: 88.336, Trans_L2_m: 0.425, Yaw_err_deg: 2.158
Epoch: [5/23], Batch: 1850/2963, Loss: 102.861, Trans_L2_m: 0.615, Yaw_err_deg: 2.158
Epoch: [5/23], Batch: 1860/2963, Loss: 92.246, Trans_L2_m: 0.800, Yaw_err_deg: 1.489
Epoch: [5/23], Batch: 1870/2963, Loss: 101.347, Trans_L2_m: 0.613, Yaw_err_deg: 2.090
Epoch: [5/23], Batch: 1880/2963, Loss: 154.000, Trans_L2_m: 0.709, Yaw_err_deg: 2.787
Epoch: [5/23], Batch: 1890/2963, Loss: 89.343, Trans_L2_m: 0.616, Yaw_err_deg: 1.443
Epoch: [5/23], Batch: 1900/2963, Loss: 117.320, Trans_L2_m: 0.572, Yaw_err_deg: 1.911
Epoch: [5/23], Batch: 1910/2963, Loss: 130.242, Trans_L2_m: 0.667, Yaw_err_deg: 2.167
Epoch: [5/23], Batch: 1920/2963, Loss: 76.654, Trans_L2_m: 0.598, Yaw_err_deg: 1.590
Epoch: [5/23], Batch: 1930/2963, Loss: 175.593, Trans_L2_m: 0.707, Yaw_err_deg: 2.963
Epoch: [5/23], Batch: 1940/2963, Loss: 240.617, Trans_L2_m: 0.685, Yaw_err_deg: 3.738
Epoch: [5/23], Batch: 1950/2963, Loss: 112.872, Trans_L2_m: 1.096, Yaw_err_deg: 1.792
Epoch: [5/23], Batch: 1960/2963, Loss: 88.070, Trans_L2_m: 0.662, Yaw_err_deg: 1.581
Epoch: [5/23], Batch: 1970/2963, Loss: 115.136, Trans_L2_m: 0.595, Yaw_err_deg: 2.306
Epoch: [5/23], Batch: 1980/2963, Loss: 284.728, Trans_L2_m: 0.896, Yaw_err_deg: 4.094
Epoch: [5/23], Batch: 1990/2963, Loss: 144.828, Trans_L2_m: 0.544, Yaw_err_deg: 2.628
Epoch: [5/23], Batch: 2000/2963, Loss: 152.802, Trans_L2_m: 0.705, Yaw_err_deg: 2.460
Epoch: [5/23], Batch: 2010/2963, Loss: 185.068, Trans_L2_m: 0.512, Yaw_err_deg: 2.869
Epoch: [5/23], Batch: 2020/2963, Loss: 127.884, Trans_L2_m: 0.659, Yaw_err_deg: 2.247
Epoch: [5/23], Batch: 2030/2963, Loss: 239.459, Trans_L2_m: 0.638, Yaw_err_deg: 3.663
Epoch: [5/23], Batch: 2040/2963, Loss: 151.535, Trans_L2_m: 0.713, Yaw_err_deg: 2.850
Epoch: [5/23], Batch: 2050/2963, Loss: 78.662, Trans_L2_m: 0.871, Yaw_err_deg: 1.261
Epoch: [5/23], Batch: 2060/2963, Loss: 199.324, Trans_L2_m: 0.729, Yaw_err_deg: 3.178
Epoch: [5/23], Batch: 2070/2963, Loss: 87.889, Trans_L2_m: 0.687, Yaw_err_deg: 1.506
Epoch: [5/23], Batch: 2080/2963, Loss: 143.643, Trans_L2_m: 0.790, Yaw_err_deg: 2.751
Epoch: [5/23], Batch: 2090/2963, Loss: 145.287, Trans_L2_m: 0.564, Yaw_err_deg: 2.083
Epoch: [5/23], Batch: 2100/2963, Loss: 140.464, Trans_L2_m: 0.600, Yaw_err_deg: 3.030
Epoch: [5/23], Batch: 2110/2963, Loss: 98.478, Trans_L2_m: 0.512, Yaw_err_deg: 2.515
Epoch: [5/23], Batch: 2120/2963, Loss: 103.659, Trans_L2_m: 0.629, Yaw_err_deg: 2.064
Epoch: [5/23], Batch: 2130/2963, Loss: 145.074, Trans_L2_m: 0.776, Yaw_err_deg: 3.337
Epoch: [5/23], Batch: 2140/2963, Loss: 1737.213, Trans_L2_m: 0.698, Yaw_err_deg: 1.902
Epoch: [5/23], Batch: 2150/2963, Loss: 142.710, Trans_L2_m: 0.722, Yaw_err_deg: 2.710
Epoch: [5/23], Batch: 2160/2963, Loss: 79.052, Trans_L2_m: 0.960, Yaw_err_deg: 1.231
Epoch: [5/23], Batch: 2170/2963, Loss: 131.398, Trans_L2_m: 0.504, Yaw_err_deg: 2.722
Epoch: [5/23], Batch: 2180/2963, Loss: 89.139, Trans_L2_m: 0.753, Yaw_err_deg: 1.761
Epoch: [5/23], Batch: 2190/2963, Loss: 148.399, Trans_L2_m: 0.706, Yaw_err_deg: 2.833
Epoch: [5/23], Batch: 2200/2963, Loss: 114.679, Trans_L2_m: 0.871, Yaw_err_deg: 1.983
Epoch: [5/23], Batch: 2210/2963, Loss: 122.447, Trans_L2_m: 0.663, Yaw_err_deg: 2.379
Epoch: [5/23], Batch: 2220/2963, Loss: 148.424, Trans_L2_m: 0.721, Yaw_err_deg: 2.982
Epoch: [5/23], Batch: 2230/2963, Loss: 131.214, Trans_L2_m: 0.735, Yaw_err_deg: 2.239
Epoch: [5/23], Batch: 2240/2963, Loss: 101.678, Trans_L2_m: 0.630, Yaw_err_deg: 2.243
Epoch: [5/23], Batch: 2250/2963, Loss: 135.074, Trans_L2_m: 0.462, Yaw_err_deg: 2.740
Epoch: [5/23], Batch: 2260/2963, Loss: 112.131, Trans_L2_m: 0.783, Yaw_err_deg: 1.923
Epoch: [5/23], Batch: 2270/2963, Loss: 142.983, Trans_L2_m: 0.688, Yaw_err_deg: 2.718
Epoch: [5/23], Batch: 2280/2963, Loss: 77.902, Trans_L2_m: 0.470, Yaw_err_deg: 1.612
Epoch: [5/23], Batch: 2290/2963, Loss: 1022.362, Trans_L2_m: 0.746, Yaw_err_deg: 1.833
Epoch: [5/23], Batch: 2300/2963, Loss: 109.224, Trans_L2_m: 0.579, Yaw_err_deg: 1.992
Epoch: [5/23], Batch: 2310/2963, Loss: 110.707, Trans_L2_m: 0.706, Yaw_err_deg: 2.110
Epoch: [5/23], Batch: 2320/2963, Loss: 185.210, Trans_L2_m: 0.665, Yaw_err_deg: 2.687
Epoch: [5/23], Batch: 2330/2963, Loss: 117.977, Trans_L2_m: 0.629, Yaw_err_deg: 2.632
Epoch: [5/23], Batch: 2340/2963, Loss: 167.715, Trans_L2_m: 0.603, Yaw_err_deg: 3.364
Epoch: [5/23], Batch: 2350/2963, Loss: 119.784, Trans_L2_m: 0.611, Yaw_err_deg: 2.563
Epoch: [5/23], Batch: 2360/2963, Loss: 427.764, Trans_L2_m: 0.958, Yaw_err_deg: 3.819
Epoch: [5/23], Batch: 2370/2963, Loss: 122.386, Trans_L2_m: 0.697, Yaw_err_deg: 2.572
Epoch: [5/23], Batch: 2380/2963, Loss: 108.683, Trans_L2_m: 0.644, Yaw_err_deg: 2.089
Epoch: [5/23], Batch: 2390/2963, Loss: 86.205, Trans_L2_m: 0.416, Yaw_err_deg: 1.859
Epoch: [5/23], Batch: 2400/2963, Loss: 173.587, Trans_L2_m: 0.580, Yaw_err_deg: 3.249
Epoch: [5/23], Batch: 2410/2963, Loss: 149.039, Trans_L2_m: 0.744, Yaw_err_deg: 2.364
Epoch: [5/23], Batch: 2420/2963, Loss: 96.639, Trans_L2_m: 0.429, Yaw_err_deg: 1.663
Epoch: [5/23], Batch: 2430/2963, Loss: 84.023, Trans_L2_m: 0.665, Yaw_err_deg: 1.542
Epoch: [5/23], Batch: 2440/2963, Loss: 128.831, Trans_L2_m: 0.771, Yaw_err_deg: 2.430
Epoch: [5/23], Batch: 2450/2963, Loss: 217.170, Trans_L2_m: 0.825, Yaw_err_deg: 3.288
Epoch: [5/23], Batch: 2460/2963, Loss: 78.358, Trans_L2_m: 0.669, Yaw_err_deg: 1.501
Epoch: [5/23], Batch: 2470/2963, Loss: 116.393, Trans_L2_m: 0.626, Yaw_err_deg: 2.352
Epoch: [5/23], Batch: 2480/2963, Loss: 91.077, Trans_L2_m: 0.552, Yaw_err_deg: 1.747
Epoch: [5/23], Batch: 2490/2963, Loss: 99.646, Trans_L2_m: 0.526, Yaw_err_deg: 2.058
Epoch: [5/23], Batch: 2500/2963, Loss: 130.253, Trans_L2_m: 0.458, Yaw_err_deg: 2.686
Epoch: [5/23], Batch: 2510/2963, Loss: 148.646, Trans_L2_m: 0.874, Yaw_err_deg: 2.570
Epoch: [5/23], Batch: 2520/2963, Loss: 106.394, Trans_L2_m: 0.801, Yaw_err_deg: 1.990
Epoch: [5/23], Batch: 2530/2963, Loss: 103.132, Trans_L2_m: 0.576, Yaw_err_deg: 2.196
Epoch: [5/23], Batch: 2540/2963, Loss: 83.726, Trans_L2_m: 0.840, Yaw_err_deg: 1.498
Epoch: [5/23], Batch: 2550/2963, Loss: 147.217, Trans_L2_m: 0.775, Yaw_err_deg: 2.656
Epoch: [5/23], Batch: 2560/2963, Loss: 149.059, Trans_L2_m: 0.457, Yaw_err_deg: 2.723
Epoch: [5/23], Batch: 2570/2963, Loss: 87.847, Trans_L2_m: 0.685, Yaw_err_deg: 1.738
Epoch: [5/23], Batch: 2580/2963, Loss: 149.694, Trans_L2_m: 0.538, Yaw_err_deg: 2.900
Epoch: [5/23], Batch: 2590/2963, Loss: 169.428, Trans_L2_m: 0.839, Yaw_err_deg: 3.267
Epoch: [5/23], Batch: 2600/2963, Loss: 217.140, Trans_L2_m: 0.518, Yaw_err_deg: 3.572
Epoch: [5/23], Batch: 2610/2963, Loss: 209.107, Trans_L2_m: 0.585, Yaw_err_deg: 4.207
Epoch: [5/23], Batch: 2620/2963, Loss: 178.393, Trans_L2_m: 0.645, Yaw_err_deg: 2.950
Epoch: [5/23], Batch: 2630/2963, Loss: 103.300, Trans_L2_m: 0.616, Yaw_err_deg: 1.850
Epoch: [5/23], Batch: 2640/2963, Loss: 110.291, Trans_L2_m: 0.736, Yaw_err_deg: 1.661
Epoch: [5/23], Batch: 2650/2963, Loss: 170.192, Trans_L2_m: 0.566, Yaw_err_deg: 2.870
Epoch: [5/23], Batch: 2660/2963, Loss: 94.859, Trans_L2_m: 0.860, Yaw_err_deg: 1.906
Epoch: [5/23], Batch: 2670/2963, Loss: 92.513, Trans_L2_m: 0.629, Yaw_err_deg: 2.017
Epoch: [5/23], Batch: 2680/2963, Loss: 113.372, Trans_L2_m: 0.610, Yaw_err_deg: 2.405
Epoch: [5/23], Batch: 2690/2963, Loss: 101.048, Trans_L2_m: 0.677, Yaw_err_deg: 2.056
Epoch: [5/23], Batch: 2700/2963, Loss: 123.976, Trans_L2_m: 0.633, Yaw_err_deg: 2.409
Epoch: [5/23], Batch: 2710/2963, Loss: 113.603, Trans_L2_m: 0.699, Yaw_err_deg: 2.510
Epoch: [5/23], Batch: 2720/2963, Loss: 110.061, Trans_L2_m: 0.607, Yaw_err_deg: 2.007
Epoch: [5/23], Batch: 2730/2963, Loss: 152.624, Trans_L2_m: 0.732, Yaw_err_deg: 2.861
Epoch: [5/23], Batch: 2740/2963, Loss: 100.411, Trans_L2_m: 0.398, Yaw_err_deg: 1.896
Epoch: [5/23], Batch: 2750/2963, Loss: 130.973, Trans_L2_m: 0.552, Yaw_err_deg: 2.466
Epoch: [5/23], Batch: 2760/2963, Loss: 85.602, Trans_L2_m: 0.584, Yaw_err_deg: 1.562
Epoch: [5/23], Batch: 2770/2963, Loss: 94.523, Trans_L2_m: 0.586, Yaw_err_deg: 1.549
Epoch: [5/23], Batch: 2780/2963, Loss: 109.028, Trans_L2_m: 0.524, Yaw_err_deg: 2.252
Epoch: [5/23], Batch: 2790/2963, Loss: 110.119, Trans_L2_m: 0.696, Yaw_err_deg: 1.900
Epoch: [5/23], Batch: 2800/2963, Loss: 101.814, Trans_L2_m: 0.557, Yaw_err_deg: 2.139
Epoch: [5/23], Batch: 2810/2963, Loss: 127.801, Trans_L2_m: 0.719, Yaw_err_deg: 2.194
Epoch: [5/23], Batch: 2820/2963, Loss: 148.609, Trans_L2_m: 0.649, Yaw_err_deg: 3.027
Epoch: [5/23], Batch: 2830/2963, Loss: 83.011, Trans_L2_m: 0.597, Yaw_err_deg: 1.527
Epoch: [5/23], Batch: 2840/2963, Loss: 118.651, Trans_L2_m: 0.911, Yaw_err_deg: 2.250
Epoch: [5/23], Batch: 2850/2963, Loss: 132.244, Trans_L2_m: 0.674, Yaw_err_deg: 2.568
Epoch: [5/23], Batch: 2860/2963, Loss: 122.005, Trans_L2_m: 0.716, Yaw_err_deg: 2.436
Epoch: [5/23], Batch: 2870/2963, Loss: 104.677, Trans_L2_m: 0.586, Yaw_err_deg: 2.019
Epoch: [5/23], Batch: 2880/2963, Loss: 159.723, Trans_L2_m: 0.646, Yaw_err_deg: 3.065
Epoch: [5/23], Batch: 2890/2963, Loss: 124.378, Trans_L2_m: 0.741, Yaw_err_deg: 1.745
Epoch: [5/23], Batch: 2900/2963, Loss: 163.950, Trans_L2_m: 0.724, Yaw_err_deg: 3.050
Epoch: [5/23], Batch: 2910/2963, Loss: 135.181, Trans_L2_m: 0.820, Yaw_err_deg: 2.206
Epoch: [5/23], Batch: 2920/2963, Loss: 87.348, Trans_L2_m: 0.590, Yaw_err_deg: 1.809
Epoch: [5/23], Batch: 2930/2963, Loss: 158.457, Trans_L2_m: 0.635, Yaw_err_deg: 2.808
Epoch: [5/23], Batch: 2940/2963, Loss: 142.666, Trans_L2_m: 0.648, Yaw_err_deg: 2.947
Epoch: [5/23], Batch: 2950/2963, Loss: 183.595, Trans_L2_m: 0.619, Yaw_err_deg: 2.629
Epoch: [5/23], Batch: 2960/2963, Loss: 131.680, Trans_L2_m: 0.626, Yaw_err_deg: 3.109
Validation loss (homography): 906.7715
Avg batch time: 973.15 ms, total: 315.577 s
[1;91mVal has no improvement vs 822.1824340820312![0m
Epoch: [6/23], Batch: 0/2963, Loss: 113.888, Trans_L2_m: 0.646, Yaw_err_deg: 2.045
Epoch: [6/23], Batch: 10/2963, Loss: 136.576, Trans_L2_m: 0.616, Yaw_err_deg: 2.705
Epoch: [6/23], Batch: 20/2963, Loss: 91.269, Trans_L2_m: 0.623, Yaw_err_deg: 1.708
Epoch: [6/23], Batch: 30/2963, Loss: 96.190, Trans_L2_m: 0.576, Yaw_err_deg: 1.591
Epoch: [6/23], Batch: 40/2963, Loss: 98.310, Trans_L2_m: 0.687, Yaw_err_deg: 1.942
Epoch: [6/23], Batch: 50/2963, Loss: 126.845, Trans_L2_m: 0.630, Yaw_err_deg: 2.736
Epoch: [6/23], Batch: 60/2963, Loss: 76.586, Trans_L2_m: 0.760, Yaw_err_deg: 1.268
Epoch: [6/23], Batch: 70/2963, Loss: 129.803, Trans_L2_m: 0.600, Yaw_err_deg: 2.871
Epoch: [6/23], Batch: 80/2963, Loss: 96.692, Trans_L2_m: 0.611, Yaw_err_deg: 2.145
Epoch: [6/23], Batch: 90/2963, Loss: 75.692, Trans_L2_m: 0.549, Yaw_err_deg: 1.758
Epoch: [6/23], Batch: 100/2963, Loss: 102.418, Trans_L2_m: 0.584, Yaw_err_deg: 1.974
Epoch: [6/23], Batch: 110/2963, Loss: 76.322, Trans_L2_m: 0.772, Yaw_err_deg: 1.274
Epoch: [6/23], Batch: 120/2963, Loss: 129.124, Trans_L2_m: 0.571, Yaw_err_deg: 2.646
Epoch: [6/23], Batch: 130/2963, Loss: 95.968, Trans_L2_m: 0.565, Yaw_err_deg: 2.125
Epoch: [6/23], Batch: 140/2963, Loss: 84.885, Trans_L2_m: 0.539, Yaw_err_deg: 1.970
Epoch: [6/23], Batch: 150/2963, Loss: 99.107, Trans_L2_m: 0.652, Yaw_err_deg: 2.162
Epoch: [6/23], Batch: 160/2963, Loss: 78.789, Trans_L2_m: 0.625, Yaw_err_deg: 1.326
Epoch: [6/23], Batch: 170/2963, Loss: 159.493, Trans_L2_m: 0.815, Yaw_err_deg: 3.040
Epoch: [6/23], Batch: 180/2963, Loss: 136.196, Trans_L2_m: 0.843, Yaw_err_deg: 2.796
Epoch: [6/23], Batch: 190/2963, Loss: 96.514, Trans_L2_m: 0.802, Yaw_err_deg: 1.541
Epoch: [6/23], Batch: 200/2963, Loss: 97.183, Trans_L2_m: 0.833, Yaw_err_deg: 1.877
Epoch: [6/23], Batch: 210/2963, Loss: 92.909, Trans_L2_m: 0.723, Yaw_err_deg: 1.850
Epoch: [6/23], Batch: 220/2963, Loss: 89.847, Trans_L2_m: 0.605, Yaw_err_deg: 1.792
Epoch: [6/23], Batch: 230/2963, Loss: 88.362, Trans_L2_m: 0.418, Yaw_err_deg: 2.066
Epoch: [6/23], Batch: 240/2963, Loss: 96.777, Trans_L2_m: 0.666, Yaw_err_deg: 2.207
Epoch: [6/23], Batch: 250/2963, Loss: 142.241, Trans_L2_m: 0.704, Yaw_err_deg: 2.095
Epoch: [6/23], Batch: 260/2963, Loss: 91.816, Trans_L2_m: 0.676, Yaw_err_deg: 1.888
Epoch: [6/23], Batch: 270/2963, Loss: 77.099, Trans_L2_m: 0.384, Yaw_err_deg: 1.349
Epoch: [6/23], Batch: 280/2963, Loss: 86.876, Trans_L2_m: 0.771, Yaw_err_deg: 1.903
Epoch: [6/23], Batch: 290/2963, Loss: 112.370, Trans_L2_m: 0.744, Yaw_err_deg: 2.056
Epoch: [6/23], Batch: 300/2963, Loss: 96.179, Trans_L2_m: 0.541, Yaw_err_deg: 1.692
Epoch: [6/23], Batch: 310/2963, Loss: 111.561, Trans_L2_m: 0.694, Yaw_err_deg: 1.869
Epoch: [6/23], Batch: 320/2963, Loss: 541.516, Trans_L2_m: 0.664, Yaw_err_deg: 5.026
Epoch: [6/23], Batch: 330/2963, Loss: 100.628, Trans_L2_m: 0.649, Yaw_err_deg: 2.113
Epoch: [6/23], Batch: 340/2963, Loss: 95.466, Trans_L2_m: 0.631, Yaw_err_deg: 1.856
Epoch: [6/23], Batch: 350/2963, Loss: 120.882, Trans_L2_m: 0.634, Yaw_err_deg: 2.731
Epoch: [6/23], Batch: 360/2963, Loss: 106.993, Trans_L2_m: 0.591, Yaw_err_deg: 2.369
Epoch: [6/23], Batch: 370/2963, Loss: 85.487, Trans_L2_m: 0.448, Yaw_err_deg: 2.296
Epoch: [6/23], Batch: 380/2963, Loss: 130.904, Trans_L2_m: 0.701, Yaw_err_deg: 2.813
Epoch: [6/23], Batch: 390/2963, Loss: 125.860, Trans_L2_m: 0.692, Yaw_err_deg: 2.086
Epoch: [6/23], Batch: 400/2963, Loss: 160.262, Trans_L2_m: 0.449, Yaw_err_deg: 2.661
Epoch: [6/23], Batch: 410/2963, Loss: 128.684, Trans_L2_m: 1.053, Yaw_err_deg: 2.464
Epoch: [6/23], Batch: 420/2963, Loss: 138.196, Trans_L2_m: 0.943, Yaw_err_deg: 2.301
Epoch: [6/23], Batch: 430/2963, Loss: 95.160, Trans_L2_m: 0.875, Yaw_err_deg: 2.054
Epoch: [6/23], Batch: 440/2963, Loss: 191.217, Trans_L2_m: 0.856, Yaw_err_deg: 2.839
Epoch: [6/23], Batch: 450/2963, Loss: 95.306, Trans_L2_m: 0.432, Yaw_err_deg: 1.894
Epoch: [6/23], Batch: 460/2963, Loss: 150.931, Trans_L2_m: 0.440, Yaw_err_deg: 2.681
Epoch: [6/23], Batch: 470/2963, Loss: 120.575, Trans_L2_m: 0.654, Yaw_err_deg: 2.609
Epoch: [6/23], Batch: 480/2963, Loss: 132.399, Trans_L2_m: 0.701, Yaw_err_deg: 2.547
Epoch: [6/23], Batch: 490/2963, Loss: 78.157, Trans_L2_m: 0.754, Yaw_err_deg: 1.467
Epoch: [6/23], Batch: 500/2963, Loss: 88.712, Trans_L2_m: 0.432, Yaw_err_deg: 2.139
Epoch: [6/23], Batch: 510/2963, Loss: 97.342, Trans_L2_m: 0.493, Yaw_err_deg: 2.439
Epoch: [6/23], Batch: 520/2963, Loss: 95.896, Trans_L2_m: 0.604, Yaw_err_deg: 1.802
Epoch: [6/23], Batch: 530/2963, Loss: 118.077, Trans_L2_m: 0.431, Yaw_err_deg: 2.164
Epoch: [6/23], Batch: 540/2963, Loss: 82.387, Trans_L2_m: 0.648, Yaw_err_deg: 1.687
Epoch: [6/23], Batch: 550/2963, Loss: 96.886, Trans_L2_m: 0.746, Yaw_err_deg: 1.592
Epoch: [6/23], Batch: 560/2963, Loss: 256.885, Trans_L2_m: 0.551, Yaw_err_deg: 3.488
Epoch: [6/23], Batch: 570/2963, Loss: 95.147, Trans_L2_m: 0.779, Yaw_err_deg: 2.010
Epoch: [6/23], Batch: 580/2963, Loss: 109.158, Trans_L2_m: 0.696, Yaw_err_deg: 2.405
Epoch: [6/23], Batch: 590/2963, Loss: 139.192, Trans_L2_m: 0.589, Yaw_err_deg: 3.291
Epoch: [6/23], Batch: 600/2963, Loss: 161.858, Trans_L2_m: 0.559, Yaw_err_deg: 2.781
Epoch: [6/23], Batch: 610/2963, Loss: 85.931, Trans_L2_m: 0.495, Yaw_err_deg: 1.971
Epoch: [6/23], Batch: 620/2963, Loss: 104.010, Trans_L2_m: 0.715, Yaw_err_deg: 1.894
Epoch: [6/23], Batch: 630/2963, Loss: 93.676, Trans_L2_m: 0.447, Yaw_err_deg: 1.999
Epoch: [6/23], Batch: 640/2963, Loss: 218.830, Trans_L2_m: 0.498, Yaw_err_deg: 2.700
Epoch: [6/23], Batch: 650/2963, Loss: 142.622, Trans_L2_m: 0.742, Yaw_err_deg: 2.729
Epoch: [6/23], Batch: 660/2963, Loss: 108.982, Trans_L2_m: 0.734, Yaw_err_deg: 1.968
Epoch: [6/23], Batch: 670/2963, Loss: 146.691, Trans_L2_m: 0.780, Yaw_err_deg: 2.407
Epoch: [6/23], Batch: 680/2963, Loss: 96.752, Trans_L2_m: 0.602, Yaw_err_deg: 2.005
Epoch: [6/23], Batch: 690/2963, Loss: 122.538, Trans_L2_m: 0.748, Yaw_err_deg: 2.601
Epoch: [6/23], Batch: 700/2963, Loss: 130.053, Trans_L2_m: 0.607, Yaw_err_deg: 2.576
Epoch: [6/23], Batch: 710/2963, Loss: 106.747, Trans_L2_m: 0.623, Yaw_err_deg: 2.241
Epoch: [6/23], Batch: 720/2963, Loss: 219.408, Trans_L2_m: 0.864, Yaw_err_deg: 2.508
Epoch: [6/23], Batch: 730/2963, Loss: 107.787, Trans_L2_m: 0.554, Yaw_err_deg: 2.276
Epoch: [6/23], Batch: 740/2963, Loss: 99.252, Trans_L2_m: 0.578, Yaw_err_deg: 2.057
Epoch: [6/23], Batch: 750/2963, Loss: 168.806, Trans_L2_m: 0.607, Yaw_err_deg: 3.117
Epoch: [6/23], Batch: 760/2963, Loss: 178.175, Trans_L2_m: 0.602, Yaw_err_deg: 3.689
Epoch: [6/23], Batch: 770/2963, Loss: 125.407, Trans_L2_m: 0.518, Yaw_err_deg: 2.557
Epoch: [6/23], Batch: 780/2963, Loss: 99.700, Trans_L2_m: 0.651, Yaw_err_deg: 2.164
Epoch: [6/23], Batch: 790/2963, Loss: 89.493, Trans_L2_m: 0.502, Yaw_err_deg: 1.917
Epoch: [6/23], Batch: 800/2963, Loss: 100.679, Trans_L2_m: 0.492, Yaw_err_deg: 1.892
Epoch: [6/23], Batch: 810/2963, Loss: 118.991, Trans_L2_m: 0.423, Yaw_err_deg: 2.592
Epoch: [6/23], Batch: 820/2963, Loss: 103.802, Trans_L2_m: 0.634, Yaw_err_deg: 2.273
Epoch: [6/23], Batch: 830/2963, Loss: 78.931, Trans_L2_m: 0.646, Yaw_err_deg: 1.667
Epoch: [6/23], Batch: 840/2963, Loss: 278.093, Trans_L2_m: 0.579, Yaw_err_deg: 3.555
Epoch: [6/23], Batch: 850/2963, Loss: 112.535, Trans_L2_m: 0.556, Yaw_err_deg: 1.665
Epoch: [6/23], Batch: 860/2963, Loss: 109.547, Trans_L2_m: 0.705, Yaw_err_deg: 2.147
Epoch: [6/23], Batch: 870/2963, Loss: 87.490, Trans_L2_m: 0.522, Yaw_err_deg: 1.802
Epoch: [6/23], Batch: 880/2963, Loss: 143.201, Trans_L2_m: 0.654, Yaw_err_deg: 2.524
Epoch: [6/23], Batch: 890/2963, Loss: 122.989, Trans_L2_m: 0.935, Yaw_err_deg: 2.278
Epoch: [6/23], Batch: 900/2963, Loss: 103.410, Trans_L2_m: 0.656, Yaw_err_deg: 2.057
Epoch: [6/23], Batch: 910/2963, Loss: 145.076, Trans_L2_m: 0.589, Yaw_err_deg: 2.767
Epoch: [6/23], Batch: 920/2963, Loss: 104.309, Trans_L2_m: 0.744, Yaw_err_deg: 1.969
Epoch: [6/23], Batch: 930/2963, Loss: 120.399, Trans_L2_m: 0.536, Yaw_err_deg: 2.103
Epoch: [6/23], Batch: 940/2963, Loss: 76.418, Trans_L2_m: 0.563, Yaw_err_deg: 1.454
Epoch: [6/23], Batch: 950/2963, Loss: 91.029, Trans_L2_m: 0.653, Yaw_err_deg: 1.547
Epoch: [6/23], Batch: 960/2963, Loss: 134.539, Trans_L2_m: 0.725, Yaw_err_deg: 2.373
Epoch: [6/23], Batch: 970/2963, Loss: 100.498, Trans_L2_m: 0.694, Yaw_err_deg: 1.911
Epoch: [6/23], Batch: 980/2963, Loss: 282.787, Trans_L2_m: 0.564, Yaw_err_deg: 3.907
Epoch: [6/23], Batch: 990/2963, Loss: 126.204, Trans_L2_m: 0.659, Yaw_err_deg: 2.448
Epoch: [6/23], Batch: 1000/2963, Loss: 115.569, Trans_L2_m: 0.455, Yaw_err_deg: 2.635
Epoch: [6/23], Batch: 1010/2963, Loss: 96.357, Trans_L2_m: 0.619, Yaw_err_deg: 1.897
Epoch: [6/23], Batch: 1020/2963, Loss: 106.703, Trans_L2_m: 0.718, Yaw_err_deg: 1.929
Epoch: [6/23], Batch: 1030/2963, Loss: 100.416, Trans_L2_m: 0.722, Yaw_err_deg: 2.016
Epoch: [6/23], Batch: 1040/2963, Loss: 103.162, Trans_L2_m: 0.842, Yaw_err_deg: 1.806
Epoch: [6/23], Batch: 1050/2963, Loss: 96.856, Trans_L2_m: 0.685, Yaw_err_deg: 2.184
Epoch: [6/23], Batch: 1060/2963, Loss: 103.060, Trans_L2_m: 0.525, Yaw_err_deg: 1.971
Epoch: [6/23], Batch: 1070/2963, Loss: 80.346, Trans_L2_m: 0.516, Yaw_err_deg: 1.548
Epoch: [6/23], Batch: 1080/2963, Loss: 85.578, Trans_L2_m: 0.693, Yaw_err_deg: 1.629
Epoch: [6/23], Batch: 1090/2963, Loss: 179.178, Trans_L2_m: 0.712, Yaw_err_deg: 3.844
Epoch: [6/23], Batch: 1100/2963, Loss: 134.890, Trans_L2_m: 0.730, Yaw_err_deg: 3.274
Epoch: [6/23], Batch: 1110/2963, Loss: 103.462, Trans_L2_m: 0.480, Yaw_err_deg: 1.434
Epoch: [6/23], Batch: 1120/2963, Loss: 84.253, Trans_L2_m: 0.614, Yaw_err_deg: 1.650
Epoch: [6/23], Batch: 1130/2963, Loss: 154.186, Trans_L2_m: 0.575, Yaw_err_deg: 3.166
Epoch: [6/23], Batch: 1140/2963, Loss: 90.815, Trans_L2_m: 0.664, Yaw_err_deg: 1.734
Epoch: [6/23], Batch: 1150/2963, Loss: 98.235, Trans_L2_m: 0.630, Yaw_err_deg: 1.700
Epoch: [6/23], Batch: 1160/2963, Loss: 105.250, Trans_L2_m: 0.506, Yaw_err_deg: 2.410
Epoch: [6/23], Batch: 1170/2963, Loss: 118.907, Trans_L2_m: 0.651, Yaw_err_deg: 1.861
Epoch: [6/23], Batch: 1180/2963, Loss: 122.506, Trans_L2_m: 0.503, Yaw_err_deg: 2.290
Epoch: [6/23], Batch: 1190/2963, Loss: 87.682, Trans_L2_m: 0.538, Yaw_err_deg: 2.200
Epoch: [6/23], Batch: 1200/2963, Loss: 91.445, Trans_L2_m: 0.484, Yaw_err_deg: 1.719
Epoch: [6/23], Batch: 1210/2963, Loss: 115.576, Trans_L2_m: 0.483, Yaw_err_deg: 2.134
Epoch: [6/23], Batch: 1220/2963, Loss: 90.791, Trans_L2_m: 0.725, Yaw_err_deg: 1.754
Epoch: [6/23], Batch: 1230/2963, Loss: 118.177, Trans_L2_m: 0.500, Yaw_err_deg: 2.469
Epoch: [6/23], Batch: 1240/2963, Loss: 138.792, Trans_L2_m: 0.680, Yaw_err_deg: 2.362
Epoch: [6/23], Batch: 1250/2963, Loss: 124.097, Trans_L2_m: 0.529, Yaw_err_deg: 2.595
Epoch: [6/23], Batch: 1260/2963, Loss: 125.043, Trans_L2_m: 0.491, Yaw_err_deg: 1.938
Epoch: [6/23], Batch: 1270/2963, Loss: 95.953, Trans_L2_m: 0.619, Yaw_err_deg: 1.936
Epoch: [6/23], Batch: 1280/2963, Loss: 75.001, Trans_L2_m: 0.394, Yaw_err_deg: 1.639
Epoch: [6/23], Batch: 1290/2963, Loss: 199.881, Trans_L2_m: 0.659, Yaw_err_deg: 3.509
Epoch: [6/23], Batch: 1300/2963, Loss: 230.479, Trans_L2_m: 0.459, Yaw_err_deg: 3.475
Epoch: [6/23], Batch: 1310/2963, Loss: 91.693, Trans_L2_m: 0.634, Yaw_err_deg: 1.902
Epoch: [6/23], Batch: 1320/2963, Loss: 66.783, Trans_L2_m: 0.536, Yaw_err_deg: 1.344
Epoch: [6/23], Batch: 1330/2963, Loss: 108.402, Trans_L2_m: 0.627, Yaw_err_deg: 2.191
Epoch: [6/23], Batch: 1340/2963, Loss: 86.204, Trans_L2_m: 0.584, Yaw_err_deg: 1.713
Epoch: [6/23], Batch: 1350/2963, Loss: 104.502, Trans_L2_m: 0.511, Yaw_err_deg: 2.160
Epoch: [6/23], Batch: 1360/2963, Loss: 86.455, Trans_L2_m: 0.713, Yaw_err_deg: 2.193
Epoch: [6/23], Batch: 1370/2963, Loss: 118.575, Trans_L2_m: 0.604, Yaw_err_deg: 2.667
Epoch: [6/23], Batch: 1380/2963, Loss: 90.767, Trans_L2_m: 0.720, Yaw_err_deg: 1.555
Epoch: [6/23], Batch: 1390/2963, Loss: 175.406, Trans_L2_m: 0.626, Yaw_err_deg: 3.090
Epoch: [6/23], Batch: 1400/2963, Loss: 99.192, Trans_L2_m: 0.644, Yaw_err_deg: 1.532
Epoch: [6/23], Batch: 1410/2963, Loss: 99.361, Trans_L2_m: 0.701, Yaw_err_deg: 1.926
Epoch: [6/23], Batch: 1420/2963, Loss: 179.698, Trans_L2_m: 0.603, Yaw_err_deg: 2.924
Epoch: [6/23], Batch: 1430/2963, Loss: 81.394, Trans_L2_m: 0.639, Yaw_err_deg: 1.803
Epoch: [6/23], Batch: 1440/2963, Loss: 95.125, Trans_L2_m: 0.725, Yaw_err_deg: 2.249
Epoch: [6/23], Batch: 1450/2963, Loss: 73.210, Trans_L2_m: 0.429, Yaw_err_deg: 1.513
Epoch: [6/23], Batch: 1460/2963, Loss: 100.007, Trans_L2_m: 0.554, Yaw_err_deg: 2.141
Epoch: [6/23], Batch: 1470/2963, Loss: 98.884, Trans_L2_m: 0.544, Yaw_err_deg: 2.151
Epoch: [6/23], Batch: 1480/2963, Loss: 92.963, Trans_L2_m: 0.541, Yaw_err_deg: 1.910
Epoch: [6/23], Batch: 1490/2963, Loss: 136.167, Trans_L2_m: 0.537, Yaw_err_deg: 2.412
Epoch: [6/23], Batch: 1500/2963, Loss: 123.725, Trans_L2_m: 0.662, Yaw_err_deg: 2.263
Epoch: [6/23], Batch: 1510/2963, Loss: 99.829, Trans_L2_m: 0.740, Yaw_err_deg: 1.728
Epoch: [6/23], Batch: 1520/2963, Loss: 552.157, Trans_L2_m: 0.458, Yaw_err_deg: 4.412
Epoch: [6/23], Batch: 1530/2963, Loss: 128.390, Trans_L2_m: 0.791, Yaw_err_deg: 2.210
Epoch: [6/23], Batch: 1540/2963, Loss: 88.329, Trans_L2_m: 0.479, Yaw_err_deg: 1.814
Epoch: [6/23], Batch: 1550/2963, Loss: 96.020, Trans_L2_m: 0.600, Yaw_err_deg: 2.236
Epoch: [6/23], Batch: 1560/2963, Loss: 120.313, Trans_L2_m: 0.631, Yaw_err_deg: 2.307
Epoch: [6/23], Batch: 1570/2963, Loss: 237.544, Trans_L2_m: 0.364, Yaw_err_deg: 3.740
Epoch: [6/23], Batch: 1580/2963, Loss: 152.138, Trans_L2_m: 0.563, Yaw_err_deg: 3.335
Epoch: [6/23], Batch: 1590/2963, Loss: 128.493, Trans_L2_m: 0.559, Yaw_err_deg: 2.972
Epoch: [6/23], Batch: 1600/2963, Loss: 80.802, Trans_L2_m: 0.586, Yaw_err_deg: 1.513
Epoch: [6/23], Batch: 1610/2963, Loss: 161.391, Trans_L2_m: 0.581, Yaw_err_deg: 3.667
Epoch: [6/23], Batch: 1620/2963, Loss: 115.505, Trans_L2_m: 0.475, Yaw_err_deg: 2.684
Epoch: [6/23], Batch: 1630/2963, Loss: 111.216, Trans_L2_m: 0.545, Yaw_err_deg: 1.948
Epoch: [6/23], Batch: 1640/2963, Loss: 111.127, Trans_L2_m: 0.711, Yaw_err_deg: 1.817
Epoch: [6/23], Batch: 1650/2963, Loss: 74.444, Trans_L2_m: 0.482, Yaw_err_deg: 1.411
Epoch: [6/23], Batch: 1660/2963, Loss: 114.181, Trans_L2_m: 0.589, Yaw_err_deg: 2.271
Epoch: [6/23], Batch: 1670/2963, Loss: 92.025, Trans_L2_m: 0.450, Yaw_err_deg: 1.740
Epoch: [6/23], Batch: 1680/2963, Loss: 153.539, Trans_L2_m: 0.594, Yaw_err_deg: 2.948
Epoch: [6/23], Batch: 1690/2963, Loss: 103.440, Trans_L2_m: 0.515, Yaw_err_deg: 2.643
Epoch: [6/23], Batch: 1700/2963, Loss: 162.847, Trans_L2_m: 0.754, Yaw_err_deg: 2.494
Epoch: [6/23], Batch: 1710/2963, Loss: 159.913, Trans_L2_m: 0.613, Yaw_err_deg: 3.138
Epoch: [6/23], Batch: 1720/2963, Loss: 253.981, Trans_L2_m: 0.488, Yaw_err_deg: 3.512
Epoch: [6/23], Batch: 1730/2963, Loss: 95.521, Trans_L2_m: 0.584, Yaw_err_deg: 2.208
Epoch: [6/23], Batch: 1740/2963, Loss: 78.587, Trans_L2_m: 0.525, Yaw_err_deg: 1.304
Epoch: [6/23], Batch: 1750/2963, Loss: 80.912, Trans_L2_m: 0.599, Yaw_err_deg: 1.837
Epoch: [6/23], Batch: 1760/2963, Loss: 68.329, Trans_L2_m: 0.497, Yaw_err_deg: 1.377
Epoch: [6/23], Batch: 1770/2963, Loss: 116.453, Trans_L2_m: 0.534, Yaw_err_deg: 2.311
Epoch: [6/23], Batch: 1780/2963, Loss: 120.712, Trans_L2_m: 0.871, Yaw_err_deg: 2.120
Epoch: [6/23], Batch: 1790/2963, Loss: 111.457, Trans_L2_m: 0.557, Yaw_err_deg: 2.145
Epoch: [6/23], Batch: 1800/2963, Loss: 92.184, Trans_L2_m: 0.446, Yaw_err_deg: 1.741
Epoch: [6/23], Batch: 1810/2963, Loss: 74.389, Trans_L2_m: 0.466, Yaw_err_deg: 1.446
Epoch: [6/23], Batch: 1820/2963, Loss: 211.306, Trans_L2_m: 0.612, Yaw_err_deg: 3.013
Epoch: [6/23], Batch: 1830/2963, Loss: 103.204, Trans_L2_m: 0.642, Yaw_err_deg: 1.744
Epoch: [6/23], Batch: 1840/2963, Loss: 142.718, Trans_L2_m: 0.633, Yaw_err_deg: 2.951
Epoch: [6/23], Batch: 1850/2963, Loss: 96.766, Trans_L2_m: 0.981, Yaw_err_deg: 1.785
Epoch: [6/23], Batch: 1860/2963, Loss: 90.959, Trans_L2_m: 0.761, Yaw_err_deg: 1.648
Epoch: [6/23], Batch: 1870/2963, Loss: 64.850, Trans_L2_m: 0.537, Yaw_err_deg: 1.413
Epoch: [6/23], Batch: 1880/2963, Loss: 114.870, Trans_L2_m: 0.764, Yaw_err_deg: 1.852
Epoch: [6/23], Batch: 1890/2963, Loss: 78.530, Trans_L2_m: 0.612, Yaw_err_deg: 1.509
Epoch: [6/23], Batch: 1900/2963, Loss: 129.257, Trans_L2_m: 0.566, Yaw_err_deg: 2.639
Epoch: [6/23], Batch: 1910/2963, Loss: 109.891, Trans_L2_m: 0.419, Yaw_err_deg: 2.313
Epoch: [6/23], Batch: 1920/2963, Loss: 124.285, Trans_L2_m: 0.402, Yaw_err_deg: 2.458
Epoch: [6/23], Batch: 1930/2963, Loss: 91.776, Trans_L2_m: 0.558, Yaw_err_deg: 1.927
Epoch: [6/23], Batch: 1940/2963, Loss: 138.274, Trans_L2_m: 0.498, Yaw_err_deg: 2.910
Epoch: [6/23], Batch: 1950/2963, Loss: 100.534, Trans_L2_m: 0.487, Yaw_err_deg: 1.729
Epoch: [6/23], Batch: 1960/2963, Loss: 95.134, Trans_L2_m: 0.652, Yaw_err_deg: 1.973
Epoch: [6/23], Batch: 1970/2963, Loss: 86.300, Trans_L2_m: 0.674, Yaw_err_deg: 1.592
Epoch: [6/23], Batch: 1980/2963, Loss: 208.789, Trans_L2_m: 0.337, Yaw_err_deg: 3.422
Epoch: [6/23], Batch: 1990/2963, Loss: 91.157, Trans_L2_m: 0.737, Yaw_err_deg: 1.715
Epoch: [6/23], Batch: 2000/2963, Loss: 147.633, Trans_L2_m: 0.645, Yaw_err_deg: 3.128
Epoch: [6/23], Batch: 2010/2963, Loss: 66.418, Trans_L2_m: 0.580, Yaw_err_deg: 1.084
Epoch: [6/23], Batch: 2020/2963, Loss: 171.188, Trans_L2_m: 0.631, Yaw_err_deg: 3.488
Epoch: [6/23], Batch: 2030/2963, Loss: 125.630, Trans_L2_m: 0.436, Yaw_err_deg: 2.998
Epoch: [6/23], Batch: 2040/2963, Loss: 81.061, Trans_L2_m: 0.545, Yaw_err_deg: 1.534
Epoch: [6/23], Batch: 2050/2963, Loss: 123.956, Trans_L2_m: 0.666, Yaw_err_deg: 2.545
Epoch: [6/23], Batch: 2060/2963, Loss: 77.754, Trans_L2_m: 0.597, Yaw_err_deg: 1.862
Epoch: [6/23], Batch: 2070/2963, Loss: 74.160, Trans_L2_m: 0.705, Yaw_err_deg: 1.339
Epoch: [6/23], Batch: 2080/2963, Loss: 87.158, Trans_L2_m: 0.798, Yaw_err_deg: 1.544
Epoch: [6/23], Batch: 2090/2963, Loss: 147.368, Trans_L2_m: 0.594, Yaw_err_deg: 2.990
Epoch: [6/23], Batch: 2100/2963, Loss: 83.550, Trans_L2_m: 0.597, Yaw_err_deg: 1.754
Epoch: [6/23], Batch: 2110/2963, Loss: 99.312, Trans_L2_m: 0.696, Yaw_err_deg: 1.942
Epoch: [6/23], Batch: 2120/2963, Loss: 83.771, Trans_L2_m: 0.658, Yaw_err_deg: 1.701
Epoch: [6/23], Batch: 2130/2963, Loss: 94.332, Trans_L2_m: 0.662, Yaw_err_deg: 1.873
Epoch: [6/23], Batch: 2140/2963, Loss: 106.890, Trans_L2_m: 0.652, Yaw_err_deg: 2.504
Epoch: [6/23], Batch: 2150/2963, Loss: 83.785, Trans_L2_m: 0.662, Yaw_err_deg: 1.383
Epoch: [6/23], Batch: 2160/2963, Loss: 110.089, Trans_L2_m: 0.649, Yaw_err_deg: 2.079
Epoch: [6/23], Batch: 2170/2963, Loss: 90.414, Trans_L2_m: 0.631, Yaw_err_deg: 1.877
Epoch: [6/23], Batch: 2180/2963, Loss: 122.364, Trans_L2_m: 0.759, Yaw_err_deg: 2.201
Epoch: [6/23], Batch: 2190/2963, Loss: 85.923, Trans_L2_m: 0.619, Yaw_err_deg: 1.646
Epoch: [6/23], Batch: 2200/2963, Loss: 90.643, Trans_L2_m: 0.711, Yaw_err_deg: 1.256
Epoch: [6/23], Batch: 2210/2963, Loss: 90.109, Trans_L2_m: 0.804, Yaw_err_deg: 1.615
Epoch: [6/23], Batch: 2220/2963, Loss: 91.455, Trans_L2_m: 0.555, Yaw_err_deg: 2.207
Epoch: [6/23], Batch: 2230/2963, Loss: 72.074, Trans_L2_m: 0.543, Yaw_err_deg: 1.310
Epoch: [6/23], Batch: 2240/2963, Loss: 70.516, Trans_L2_m: 0.484, Yaw_err_deg: 1.383
Epoch: [6/23], Batch: 2250/2963, Loss: 71.155, Trans_L2_m: 0.586, Yaw_err_deg: 1.427
Epoch: [6/23], Batch: 2260/2963, Loss: 152.391, Trans_L2_m: 0.649, Yaw_err_deg: 2.920
Epoch: [6/23], Batch: 2270/2963, Loss: 172.717, Trans_L2_m: 0.665, Yaw_err_deg: 2.457
Epoch: [6/23], Batch: 2280/2963, Loss: 68.012, Trans_L2_m: 0.485, Yaw_err_deg: 1.305
Epoch: [6/23], Batch: 2290/2963, Loss: 97.648, Trans_L2_m: 0.783, Yaw_err_deg: 2.001
Epoch: [6/23], Batch: 2300/2963, Loss: 130.584, Trans_L2_m: 0.687, Yaw_err_deg: 2.659
Epoch: [6/23], Batch: 2310/2963, Loss: 99.247, Trans_L2_m: 0.683, Yaw_err_deg: 2.065
Epoch: [6/23], Batch: 2320/2963, Loss: 112.251, Trans_L2_m: 0.523, Yaw_err_deg: 2.516
Epoch: [6/23], Batch: 2330/2963, Loss: 90.946, Trans_L2_m: 0.632, Yaw_err_deg: 2.087
Epoch: [6/23], Batch: 2340/2963, Loss: 98.891, Trans_L2_m: 0.544, Yaw_err_deg: 2.057
Epoch: [6/23], Batch: 2350/2963, Loss: 162.923, Trans_L2_m: 0.631, Yaw_err_deg: 3.369
Epoch: [6/23], Batch: 2360/2963, Loss: 82.568, Trans_L2_m: 0.650, Yaw_err_deg: 1.654
Epoch: [6/23], Batch: 2370/2963, Loss: 108.036, Trans_L2_m: 0.631, Yaw_err_deg: 2.149
Epoch: [6/23], Batch: 2380/2963, Loss: 130.787, Trans_L2_m: 0.561, Yaw_err_deg: 2.787
Epoch: [6/23], Batch: 2390/2963, Loss: 430.697, Trans_L2_m: 0.391, Yaw_err_deg: 4.172
Epoch: [6/23], Batch: 2400/2963, Loss: 105.148, Trans_L2_m: 0.655, Yaw_err_deg: 1.969
Epoch: [6/23], Batch: 2410/2963, Loss: 85.876, Trans_L2_m: 0.542, Yaw_err_deg: 1.961
Epoch: [6/23], Batch: 2420/2963, Loss: 98.012, Trans_L2_m: 0.588, Yaw_err_deg: 1.920
Epoch: [6/23], Batch: 2430/2963, Loss: 82.151, Trans_L2_m: 0.520, Yaw_err_deg: 1.677
Epoch: [6/23], Batch: 2440/2963, Loss: 93.972, Trans_L2_m: 0.562, Yaw_err_deg: 2.086
Epoch: [6/23], Batch: 2450/2963, Loss: 92.055, Trans_L2_m: 0.647, Yaw_err_deg: 1.943
Epoch: [6/23], Batch: 2460/2963, Loss: 161.040, Trans_L2_m: 0.731, Yaw_err_deg: 2.170
Epoch: [6/23], Batch: 2470/2963, Loss: 89.341, Trans_L2_m: 0.574, Yaw_err_deg: 1.831
Epoch: [6/23], Batch: 2480/2963, Loss: 73.461, Trans_L2_m: 0.400, Yaw_err_deg: 1.356
Epoch: [6/23], Batch: 2490/2963, Loss: 357.388, Trans_L2_m: 0.793, Yaw_err_deg: 3.431
Epoch: [6/23], Batch: 2500/2963, Loss: 97.989, Trans_L2_m: 0.467, Yaw_err_deg: 1.983
Epoch: [6/23], Batch: 2510/2963, Loss: 120.410, Trans_L2_m: 0.589, Yaw_err_deg: 2.788
Epoch: [6/23], Batch: 2520/2963, Loss: 123.289, Trans_L2_m: 0.641, Yaw_err_deg: 2.561
Epoch: [6/23], Batch: 2530/2963, Loss: 126.392, Trans_L2_m: 0.703, Yaw_err_deg: 2.473
Epoch: [6/23], Batch: 2540/2963, Loss: 113.288, Trans_L2_m: 0.609, Yaw_err_deg: 2.202
Epoch: [6/23], Batch: 2550/2963, Loss: 127.859, Trans_L2_m: 0.648, Yaw_err_deg: 2.642
Epoch: [6/23], Batch: 2560/2963, Loss: 110.274, Trans_L2_m: 0.562, Yaw_err_deg: 2.371
Epoch: [6/23], Batch: 2570/2963, Loss: 100.896, Trans_L2_m: 0.617, Yaw_err_deg: 2.118
Epoch: [6/23], Batch: 2580/2963, Loss: 854.564, Trans_L2_m: 0.461, Yaw_err_deg: 2.308
Epoch: [6/23], Batch: 2590/2963, Loss: 143.246, Trans_L2_m: 0.597, Yaw_err_deg: 3.283
Epoch: [6/23], Batch: 2600/2963, Loss: 105.052, Trans_L2_m: 0.582, Yaw_err_deg: 2.384
Epoch: [6/23], Batch: 2610/2963, Loss: 75.142, Trans_L2_m: 0.650, Yaw_err_deg: 1.492
Epoch: [6/23], Batch: 2620/2963, Loss: 102.743, Trans_L2_m: 0.577, Yaw_err_deg: 1.814
Epoch: [6/23], Batch: 2630/2963, Loss: 92.817, Trans_L2_m: 0.528, Yaw_err_deg: 1.815
Epoch: [6/23], Batch: 2640/2963, Loss: 114.517, Trans_L2_m: 0.630, Yaw_err_deg: 2.335
Epoch: [6/23], Batch: 2650/2963, Loss: 94.413, Trans_L2_m: 0.578, Yaw_err_deg: 1.993
Epoch: [6/23], Batch: 2660/2963, Loss: 113.853, Trans_L2_m: 0.580, Yaw_err_deg: 2.236
Epoch: [6/23], Batch: 2670/2963, Loss: 65.874, Trans_L2_m: 0.581, Yaw_err_deg: 1.083
Epoch: [6/23], Batch: 2680/2963, Loss: 124.744, Trans_L2_m: 0.548, Yaw_err_deg: 2.524
Epoch: [6/23], Batch: 2690/2963, Loss: 89.877, Trans_L2_m: 0.576, Yaw_err_deg: 1.901
Epoch: [6/23], Batch: 2700/2963, Loss: 95.074, Trans_L2_m: 0.700, Yaw_err_deg: 2.158
Epoch: [6/23], Batch: 2710/2963, Loss: 158.482, Trans_L2_m: 0.514, Yaw_err_deg: 2.978
Epoch: [6/23], Batch: 2720/2963, Loss: 81.194, Trans_L2_m: 0.555, Yaw_err_deg: 1.378
Epoch: [6/23], Batch: 2730/2963, Loss: 72.439, Trans_L2_m: 0.376, Yaw_err_deg: 1.778
Epoch: [6/23], Batch: 2740/2963, Loss: 101.594, Trans_L2_m: 0.665, Yaw_err_deg: 1.809
Epoch: [6/23], Batch: 2750/2963, Loss: 120.953, Trans_L2_m: 0.746, Yaw_err_deg: 2.221
Epoch: [6/23], Batch: 2760/2963, Loss: 90.159, Trans_L2_m: 0.535, Yaw_err_deg: 2.008
Epoch: [6/23], Batch: 2770/2963, Loss: 93.401, Trans_L2_m: 0.548, Yaw_err_deg: 1.844
Epoch: [6/23], Batch: 2780/2963, Loss: 76.085, Trans_L2_m: 0.610, Yaw_err_deg: 1.596
Epoch: [6/23], Batch: 2790/2963, Loss: 106.615, Trans_L2_m: 0.574, Yaw_err_deg: 2.166
Epoch: [6/23], Batch: 2800/2963, Loss: 97.667, Trans_L2_m: 0.793, Yaw_err_deg: 1.852
Epoch: [6/23], Batch: 2810/2963, Loss: 90.712, Trans_L2_m: 0.587, Yaw_err_deg: 2.213
Epoch: [6/23], Batch: 2820/2963, Loss: 127.364, Trans_L2_m: 0.506, Yaw_err_deg: 2.715
Epoch: [6/23], Batch: 2830/2963, Loss: 80.151, Trans_L2_m: 0.484, Yaw_err_deg: 1.916
Epoch: [6/23], Batch: 2840/2963, Loss: 93.960, Trans_L2_m: 0.618, Yaw_err_deg: 2.134
Epoch: [6/23], Batch: 2850/2963, Loss: 105.590, Trans_L2_m: 0.649, Yaw_err_deg: 1.850
Epoch: [6/23], Batch: 2860/2963, Loss: 78.454, Trans_L2_m: 0.755, Yaw_err_deg: 1.508
Epoch: [6/23], Batch: 2870/2963, Loss: 89.603, Trans_L2_m: 0.536, Yaw_err_deg: 2.032
Epoch: [6/23], Batch: 2880/2963, Loss: 108.462, Trans_L2_m: 0.581, Yaw_err_deg: 1.720
Epoch: [6/23], Batch: 2890/2963, Loss: 88.715, Trans_L2_m: 0.642, Yaw_err_deg: 1.749
Epoch: [6/23], Batch: 2900/2963, Loss: 98.694, Trans_L2_m: 0.588, Yaw_err_deg: 2.272
Epoch: [6/23], Batch: 2910/2963, Loss: 112.658, Trans_L2_m: 0.611, Yaw_err_deg: 2.588
Epoch: [6/23], Batch: 2920/2963, Loss: 102.839, Trans_L2_m: 0.644, Yaw_err_deg: 2.160
Epoch: [6/23], Batch: 2930/2963, Loss: 106.068, Trans_L2_m: 0.551, Yaw_err_deg: 2.178
Epoch: [6/23], Batch: 2940/2963, Loss: 108.401, Trans_L2_m: 0.832, Yaw_err_deg: 2.269
Epoch: [6/23], Batch: 2950/2963, Loss: 97.227, Trans_L2_m: 0.575, Yaw_err_deg: 2.084
Epoch: [6/23], Batch: 2960/2963, Loss: 96.095, Trans_L2_m: 0.636, Yaw_err_deg: 2.263
Epoch: [7/23], Batch: 0/2963, Loss: 87.757, Trans_L2_m: 0.598, Yaw_err_deg: 1.909
Epoch: [7/23], Batch: 10/2963, Loss: 126.981, Trans_L2_m: 0.546, Yaw_err_deg: 2.127
Epoch: [7/23], Batch: 20/2963, Loss: 94.248, Trans_L2_m: 0.684, Yaw_err_deg: 1.848
Epoch: [7/23], Batch: 30/2963, Loss: 96.843, Trans_L2_m: 0.630, Yaw_err_deg: 1.982
Epoch: [7/23], Batch: 40/2963, Loss: 111.210, Trans_L2_m: 0.657, Yaw_err_deg: 2.291
Epoch: [7/23], Batch: 50/2963, Loss: 115.586, Trans_L2_m: 0.616, Yaw_err_deg: 1.928
Epoch: [7/23], Batch: 60/2963, Loss: 80.882, Trans_L2_m: 0.517, Yaw_err_deg: 1.823
Epoch: [7/23], Batch: 70/2963, Loss: 62.207, Trans_L2_m: 0.602, Yaw_err_deg: 1.209
Epoch: [7/23], Batch: 80/2963, Loss: 79.605, Trans_L2_m: 0.721, Yaw_err_deg: 1.280
Epoch: [7/23], Batch: 90/2963, Loss: 168.663, Trans_L2_m: 0.603, Yaw_err_deg: 2.600
Epoch: [7/23], Batch: 100/2963, Loss: 133.230, Trans_L2_m: 0.729, Yaw_err_deg: 2.514
Epoch: [7/23], Batch: 110/2963, Loss: 99.484, Trans_L2_m: 0.726, Yaw_err_deg: 1.687
Epoch: [7/23], Batch: 120/2963, Loss: 125.079, Trans_L2_m: 0.537, Yaw_err_deg: 2.711
Epoch: [7/23], Batch: 130/2963, Loss: 239.724, Trans_L2_m: 0.402, Yaw_err_deg: 3.441
Epoch: [7/23], Batch: 140/2963, Loss: 98.655, Trans_L2_m: 0.732, Yaw_err_deg: 2.074
Epoch: [7/23], Batch: 150/2963, Loss: 81.701, Trans_L2_m: 0.584, Yaw_err_deg: 1.750
Epoch: [7/23], Batch: 160/2963, Loss: 71.188, Trans_L2_m: 0.642, Yaw_err_deg: 1.303
Epoch: [7/23], Batch: 170/2963, Loss: 107.570, Trans_L2_m: 0.903, Yaw_err_deg: 2.238
Epoch: [7/23], Batch: 180/2963, Loss: 145.577, Trans_L2_m: 0.773, Yaw_err_deg: 2.408
Epoch: [7/23], Batch: 190/2963, Loss: 541.985, Trans_L2_m: 0.428, Yaw_err_deg: 5.033
Epoch: [7/23], Batch: 200/2963, Loss: 99.656, Trans_L2_m: 0.516, Yaw_err_deg: 2.278
Epoch: [7/23], Batch: 210/2963, Loss: 88.184, Trans_L2_m: 0.569, Yaw_err_deg: 1.829
Epoch: [7/23], Batch: 220/2963, Loss: 102.996, Trans_L2_m: 0.485, Yaw_err_deg: 2.498
Epoch: [7/23], Batch: 230/2963, Loss: 107.215, Trans_L2_m: 0.691, Yaw_err_deg: 2.073
Epoch: [7/23], Batch: 240/2963, Loss: 89.617, Trans_L2_m: 0.657, Yaw_err_deg: 1.436
Epoch: [7/23], Batch: 250/2963, Loss: 412.338, Trans_L2_m: 0.491, Yaw_err_deg: 3.803
Epoch: [7/23], Batch: 260/2963, Loss: 89.741, Trans_L2_m: 0.534, Yaw_err_deg: 1.729
Epoch: [7/23], Batch: 270/2963, Loss: 79.720, Trans_L2_m: 0.453, Yaw_err_deg: 1.973
Epoch: [7/23], Batch: 280/2963, Loss: 100.361, Trans_L2_m: 0.634, Yaw_err_deg: 2.363
Epoch: [7/23], Batch: 290/2963, Loss: 93.635, Trans_L2_m: 0.417, Yaw_err_deg: 2.015
Epoch: [7/23], Batch: 300/2963, Loss: 84.985, Trans_L2_m: 0.812, Yaw_err_deg: 1.154
Epoch: [7/23], Batch: 310/2963, Loss: 79.533, Trans_L2_m: 0.583, Yaw_err_deg: 1.701
Epoch: [7/23], Batch: 320/2963, Loss: 84.889, Trans_L2_m: 0.724, Yaw_err_deg: 1.769
Epoch: [7/23], Batch: 330/2963, Loss: 137.869, Trans_L2_m: 0.662, Yaw_err_deg: 2.825
Epoch: [7/23], Batch: 340/2963, Loss: 117.010, Trans_L2_m: 0.626, Yaw_err_deg: 2.506
Epoch: [7/23], Batch: 350/2963, Loss: 117.462, Trans_L2_m: 0.868, Yaw_err_deg: 2.366
Epoch: [7/23], Batch: 360/2963, Loss: 93.649, Trans_L2_m: 0.491, Yaw_err_deg: 2.009
Epoch: [7/23], Batch: 370/2963, Loss: 78.941, Trans_L2_m: 0.544, Yaw_err_deg: 1.653
Epoch: [7/23], Batch: 380/2963, Loss: 93.892, Trans_L2_m: 0.506, Yaw_err_deg: 1.979
Epoch: [7/23], Batch: 390/2963, Loss: 121.173, Trans_L2_m: 0.578, Yaw_err_deg: 2.195
Epoch: [7/23], Batch: 400/2963, Loss: 123.947, Trans_L2_m: 0.465, Yaw_err_deg: 2.170
Epoch: [7/23], Batch: 410/2963, Loss: 102.524, Trans_L2_m: 0.471, Yaw_err_deg: 2.025
Epoch: [7/23], Batch: 420/2963, Loss: 160.644, Trans_L2_m: 0.449, Yaw_err_deg: 2.260
Epoch: [7/23], Batch: 430/2963, Loss: 116.985, Trans_L2_m: 0.587, Yaw_err_deg: 2.263
Epoch: [7/23], Batch: 440/2963, Loss: 91.356, Trans_L2_m: 0.871, Yaw_err_deg: 1.225
Epoch: [7/23], Batch: 450/2963, Loss: 83.860, Trans_L2_m: 0.611, Yaw_err_deg: 1.427
Epoch: [7/23], Batch: 460/2963, Loss: 77.656, Trans_L2_m: 0.527, Yaw_err_deg: 1.171
Epoch: [7/23], Batch: 470/2963, Loss: 83.552, Trans_L2_m: 0.529, Yaw_err_deg: 1.648
Epoch: [7/23], Batch: 480/2963, Loss: 109.130, Trans_L2_m: 0.742, Yaw_err_deg: 2.378
Epoch: [7/23], Batch: 490/2963, Loss: 88.914, Trans_L2_m: 0.449, Yaw_err_deg: 1.925
Epoch: [7/23], Batch: 500/2963, Loss: 88.136, Trans_L2_m: 0.656, Yaw_err_deg: 1.935
Epoch: [7/23], Batch: 510/2963, Loss: 118.896, Trans_L2_m: 0.754, Yaw_err_deg: 2.389
Epoch: [7/23], Batch: 520/2963, Loss: 138.405, Trans_L2_m: 0.599, Yaw_err_deg: 2.933
Epoch: [7/23], Batch: 530/2963, Loss: 93.139, Trans_L2_m: 0.449, Yaw_err_deg: 1.750
Epoch: [7/23], Batch: 540/2963, Loss: 89.443, Trans_L2_m: 0.491, Yaw_err_deg: 2.089
Epoch: [7/23], Batch: 550/2963, Loss: 98.125, Trans_L2_m: 0.593, Yaw_err_deg: 2.118
Epoch: [7/23], Batch: 560/2963, Loss: 118.394, Trans_L2_m: 0.580, Yaw_err_deg: 2.540
Epoch: [7/23], Batch: 570/2963, Loss: 75.664, Trans_L2_m: 0.504, Yaw_err_deg: 1.456
Epoch: [7/23], Batch: 580/2963, Loss: 66.925, Trans_L2_m: 0.537, Yaw_err_deg: 1.303
Epoch: [7/23], Batch: 590/2963, Loss: 86.243, Trans_L2_m: 0.510, Yaw_err_deg: 1.858
Epoch: [7/23], Batch: 600/2963, Loss: 84.521, Trans_L2_m: 0.476, Yaw_err_deg: 1.841
Epoch: [7/23], Batch: 610/2963, Loss: 87.689, Trans_L2_m: 0.591, Yaw_err_deg: 1.561
Epoch: [7/23], Batch: 620/2963, Loss: 95.961, Trans_L2_m: 0.650, Yaw_err_deg: 1.903
Epoch: [7/23], Batch: 630/2963, Loss: 90.856, Trans_L2_m: 0.581, Yaw_err_deg: 1.993
Epoch: [7/23], Batch: 640/2963, Loss: 107.558, Trans_L2_m: 0.606, Yaw_err_deg: 1.870
Epoch: [7/23], Batch: 650/2963, Loss: 110.577, Trans_L2_m: 0.639, Yaw_err_deg: 2.282
Epoch: [7/23], Batch: 660/2963, Loss: 113.672, Trans_L2_m: 0.582, Yaw_err_deg: 1.891
Epoch: [7/23], Batch: 670/2963, Loss: 99.537, Trans_L2_m: 0.499, Yaw_err_deg: 2.277
Epoch: [7/23], Batch: 680/2963, Loss: 109.193, Trans_L2_m: 0.528, Yaw_err_deg: 2.527
Epoch: [7/23], Batch: 690/2963, Loss: 88.584, Trans_L2_m: 0.517, Yaw_err_deg: 1.958
Epoch: [7/23], Batch: 700/2963, Loss: 109.747, Trans_L2_m: 0.637, Yaw_err_deg: 2.683
Epoch: [7/23], Batch: 710/2963, Loss: 127.897, Trans_L2_m: 0.630, Yaw_err_deg: 3.235
Epoch: [7/23], Batch: 720/2963, Loss: 81.899, Trans_L2_m: 0.825, Yaw_err_deg: 1.508
Epoch: [7/23], Batch: 730/2963, Loss: 118.556, Trans_L2_m: 0.598, Yaw_err_deg: 2.440
Epoch: [7/23], Batch: 740/2963, Loss: 89.254, Trans_L2_m: 0.590, Yaw_err_deg: 2.032
Epoch: [7/23], Batch: 750/2963, Loss: 98.821, Trans_L2_m: 0.576, Yaw_err_deg: 2.054
Epoch: [7/23], Batch: 760/2963, Loss: 123.168, Trans_L2_m: 0.636, Yaw_err_deg: 2.627
Epoch: [7/23], Batch: 770/2963, Loss: 115.118, Trans_L2_m: 0.709, Yaw_err_deg: 2.681
Epoch: [7/23], Batch: 780/2963, Loss: 111.703, Trans_L2_m: 0.579, Yaw_err_deg: 2.589
Epoch: [7/23], Batch: 790/2963, Loss: 72.128, Trans_L2_m: 0.630, Yaw_err_deg: 1.280
Epoch: [7/23], Batch: 800/2963, Loss: 115.438, Trans_L2_m: 0.569, Yaw_err_deg: 2.214
Epoch: [7/23], Batch: 810/2963, Loss: 145.026, Trans_L2_m: 0.519, Yaw_err_deg: 2.659
Epoch: [7/23], Batch: 820/2963, Loss: 66.281, Trans_L2_m: 0.614, Yaw_err_deg: 1.520
Epoch: [7/23], Batch: 830/2963, Loss: 84.243, Trans_L2_m: 0.650, Yaw_err_deg: 1.541
Epoch: [7/23], Batch: 840/2963, Loss: 118.267, Trans_L2_m: 0.521, Yaw_err_deg: 2.452
Epoch: [7/23], Batch: 850/2963, Loss: 126.206, Trans_L2_m: 0.431, Yaw_err_deg: 2.438
Epoch: [7/23], Batch: 860/2963, Loss: 293.337, Trans_L2_m: 0.655, Yaw_err_deg: 3.595
Epoch: [7/23], Batch: 870/2963, Loss: 90.935, Trans_L2_m: 0.543, Yaw_err_deg: 2.203
Epoch: [7/23], Batch: 880/2963, Loss: 94.206, Trans_L2_m: 0.759, Yaw_err_deg: 1.885
Epoch: [7/23], Batch: 890/2963, Loss: 115.008, Trans_L2_m: 0.706, Yaw_err_deg: 2.630
Epoch: [7/23], Batch: 900/2963, Loss: 73.844, Trans_L2_m: 0.596, Yaw_err_deg: 1.306
Epoch: [7/23], Batch: 910/2963, Loss: 91.618, Trans_L2_m: 0.744, Yaw_err_deg: 2.066
Epoch: [7/23], Batch: 920/2963, Loss: 85.872, Trans_L2_m: 0.635, Yaw_err_deg: 1.870
Epoch: [7/23], Batch: 930/2963, Loss: 80.577, Trans_L2_m: 0.478, Yaw_err_deg: 1.795
Epoch: [7/23], Batch: 940/2963, Loss: 116.308, Trans_L2_m: 0.611, Yaw_err_deg: 2.234
Epoch: [7/23], Batch: 950/2963, Loss: 74.877, Trans_L2_m: 0.354, Yaw_err_deg: 1.531
Epoch: [7/23], Batch: 960/2963, Loss: 73.979, Trans_L2_m: 0.418, Yaw_err_deg: 1.581
Epoch: [7/23], Batch: 970/2963, Loss: 84.391, Trans_L2_m: 0.388, Yaw_err_deg: 2.315
Epoch: [7/23], Batch: 980/2963, Loss: 128.320, Trans_L2_m: 0.640, Yaw_err_deg: 2.369
Epoch: [7/23], Batch: 990/2963, Loss: 106.434, Trans_L2_m: 0.514, Yaw_err_deg: 2.172
Epoch: [7/23], Batch: 1000/2963, Loss: 91.301, Trans_L2_m: 0.594, Yaw_err_deg: 2.149
Epoch: [7/23], Batch: 1010/2963, Loss: 124.647, Trans_L2_m: 0.486, Yaw_err_deg: 2.283
Epoch: [7/23], Batch: 1020/2963, Loss: 69.688, Trans_L2_m: 0.569, Yaw_err_deg: 1.563
Epoch: [7/23], Batch: 1030/2963, Loss: 120.000, Trans_L2_m: 0.658, Yaw_err_deg: 2.464
Epoch: [7/23], Batch: 1040/2963, Loss: 70.700, Trans_L2_m: 0.570, Yaw_err_deg: 1.470
Epoch: [7/23], Batch: 1050/2963, Loss: 131.270, Trans_L2_m: 0.677, Yaw_err_deg: 2.578
Epoch: [7/23], Batch: 1060/2963, Loss: 71.031, Trans_L2_m: 0.604, Yaw_err_deg: 1.438
Epoch: [7/23], Batch: 1070/2963, Loss: 109.158, Trans_L2_m: 0.540, Yaw_err_deg: 1.987
Epoch: [7/23], Batch: 1080/2963, Loss: 72.253, Trans_L2_m: 0.565, Yaw_err_deg: 1.434
Epoch: [7/23], Batch: 1090/2963, Loss: 92.247, Trans_L2_m: 0.604, Yaw_err_deg: 1.675
Epoch: [7/23], Batch: 1100/2963, Loss: 100.998, Trans_L2_m: 0.640, Yaw_err_deg: 1.673
Epoch: [7/23], Batch: 1110/2963, Loss: 123.366, Trans_L2_m: 0.493, Yaw_err_deg: 2.959
Epoch: [7/23], Batch: 1120/2963, Loss: 97.174, Trans_L2_m: 0.916, Yaw_err_deg: 1.526
Epoch: [7/23], Batch: 1130/2963, Loss: 129.122, Trans_L2_m: 0.691, Yaw_err_deg: 2.634
Epoch: [7/23], Batch: 1140/2963, Loss: 81.598, Trans_L2_m: 0.628, Yaw_err_deg: 1.398
Epoch: [7/23], Batch: 1150/2963, Loss: 79.388, Trans_L2_m: 0.476, Yaw_err_deg: 1.483
Epoch: [7/23], Batch: 1160/2963, Loss: 105.161, Trans_L2_m: 0.481, Yaw_err_deg: 2.145
Epoch: [7/23], Batch: 1170/2963, Loss: 110.968, Trans_L2_m: 0.630, Yaw_err_deg: 2.155
Epoch: [7/23], Batch: 1180/2963, Loss: 75.887, Trans_L2_m: 0.515, Yaw_err_deg: 1.649
Epoch: [7/23], Batch: 1190/2963, Loss: 123.730, Trans_L2_m: 0.577, Yaw_err_deg: 2.300
Epoch: [7/23], Batch: 1200/2963, Loss: 70.068, Trans_L2_m: 0.522, Yaw_err_deg: 1.435
Epoch: [7/23], Batch: 1210/2963, Loss: 110.798, Trans_L2_m: 0.572, Yaw_err_deg: 2.288
Epoch: [7/23], Batch: 1220/2963, Loss: 151.816, Trans_L2_m: 0.607, Yaw_err_deg: 2.243
Epoch: [7/23], Batch: 1230/2963, Loss: 102.824, Trans_L2_m: 0.494, Yaw_err_deg: 2.413
Epoch: [7/23], Batch: 1240/2963, Loss: 111.239, Trans_L2_m: 0.606, Yaw_err_deg: 2.067
Epoch: [7/23], Batch: 1250/2963, Loss: 160.166, Trans_L2_m: 0.565, Yaw_err_deg: 2.721
Epoch: [7/23], Batch: 1260/2963, Loss: 84.851, Trans_L2_m: 0.559, Yaw_err_deg: 1.545
Epoch: [7/23], Batch: 1270/2963, Loss: 73.723, Trans_L2_m: 0.592, Yaw_err_deg: 1.617
Epoch: [7/23], Batch: 1280/2963, Loss: 87.884, Trans_L2_m: 0.590, Yaw_err_deg: 1.876
Epoch: [7/23], Batch: 1290/2963, Loss: 205.157, Trans_L2_m: 0.667, Yaw_err_deg: 3.233
Epoch: [7/23], Batch: 1300/2963, Loss: 97.466, Trans_L2_m: 0.740, Yaw_err_deg: 1.986
Epoch: [7/23], Batch: 1310/2963, Loss: 82.278, Trans_L2_m: 0.620, Yaw_err_deg: 1.778
Epoch: [7/23], Batch: 1320/2963, Loss: 90.030, Trans_L2_m: 0.464, Yaw_err_deg: 1.925
Epoch: [7/23], Batch: 1330/2963, Loss: 70.038, Trans_L2_m: 0.548, Yaw_err_deg: 1.261
Epoch: [7/23], Batch: 1340/2963, Loss: 87.241, Trans_L2_m: 0.618, Yaw_err_deg: 1.597
Epoch: [7/23], Batch: 1350/2963, Loss: 108.134, Trans_L2_m: 0.591, Yaw_err_deg: 2.577
Epoch: [7/23], Batch: 1360/2963, Loss: 78.508, Trans_L2_m: 0.515, Yaw_err_deg: 1.996
Epoch: [7/23], Batch: 1370/2963, Loss: 69.033, Trans_L2_m: 0.427, Yaw_err_deg: 1.572
Epoch: [7/23], Batch: 1380/2963, Loss: 98.616, Trans_L2_m: 0.527, Yaw_err_deg: 1.985
Epoch: [7/23], Batch: 1390/2963, Loss: 109.318, Trans_L2_m: 0.617, Yaw_err_deg: 2.206
Epoch: [7/23], Batch: 1400/2963, Loss: 94.572, Trans_L2_m: 0.548, Yaw_err_deg: 1.760
Epoch: [7/23], Batch: 1410/2963, Loss: 81.660, Trans_L2_m: 0.391, Yaw_err_deg: 1.425
Epoch: [7/23], Batch: 1420/2963, Loss: 378.197, Trans_L2_m: 0.559, Yaw_err_deg: 3.415
Epoch: [7/23], Batch: 1430/2963, Loss: 93.854, Trans_L2_m: 0.563, Yaw_err_deg: 1.654
Epoch: [7/23], Batch: 1440/2963, Loss: 136.552, Trans_L2_m: 0.503, Yaw_err_deg: 2.558
Epoch: [7/23], Batch: 1450/2963, Loss: 96.184, Trans_L2_m: 0.581, Yaw_err_deg: 2.123
Epoch: [7/23], Batch: 1460/2963, Loss: 100.302, Trans_L2_m: 0.636, Yaw_err_deg: 2.065
Epoch: [7/23], Batch: 1470/2963, Loss: 123.709, Trans_L2_m: 0.589, Yaw_err_deg: 2.707
Epoch: [7/23], Batch: 1480/2963, Loss: 162.468, Trans_L2_m: 0.563, Yaw_err_deg: 2.674
Epoch: [7/23], Batch: 1490/2963, Loss: 100.052, Trans_L2_m: 0.505, Yaw_err_deg: 1.924
Epoch: [7/23], Batch: 1500/2963, Loss: 72.220, Trans_L2_m: 0.487, Yaw_err_deg: 1.568
Epoch: [7/23], Batch: 1510/2963, Loss: 82.560, Trans_L2_m: 0.505, Yaw_err_deg: 1.621
Epoch: [7/23], Batch: 1520/2963, Loss: 97.730, Trans_L2_m: 0.539, Yaw_err_deg: 2.584
Epoch: [7/23], Batch: 1530/2963, Loss: 82.094, Trans_L2_m: 0.410, Yaw_err_deg: 2.053
Epoch: [7/23], Batch: 1540/2963, Loss: 72.889, Trans_L2_m: 0.451, Yaw_err_deg: 1.253
Epoch: [7/23], Batch: 1550/2963, Loss: 86.125, Trans_L2_m: 0.546, Yaw_err_deg: 1.486
Epoch: [7/23], Batch: 1560/2963, Loss: 83.678, Trans_L2_m: 0.572, Yaw_err_deg: 1.731
Epoch: [7/23], Batch: 1570/2963, Loss: 125.418, Trans_L2_m: 0.557, Yaw_err_deg: 2.680
Epoch: [7/23], Batch: 1580/2963, Loss: 132.838, Trans_L2_m: 0.639, Yaw_err_deg: 2.990
Epoch: [7/23], Batch: 1590/2963, Loss: 75.360, Trans_L2_m: 0.457, Yaw_err_deg: 1.621
Epoch: [7/23], Batch: 1600/2963, Loss: 108.364, Trans_L2_m: 0.637, Yaw_err_deg: 2.268
Epoch: [7/23], Batch: 1610/2963, Loss: 137.680, Trans_L2_m: 0.548, Yaw_err_deg: 3.178
Epoch: [7/23], Batch: 1620/2963, Loss: 85.915, Trans_L2_m: 0.451, Yaw_err_deg: 1.694
Epoch: [7/23], Batch: 1630/2963, Loss: 82.040, Trans_L2_m: 0.473, Yaw_err_deg: 1.725
Epoch: [7/23], Batch: 1640/2963, Loss: 69.201, Trans_L2_m: 0.407, Yaw_err_deg: 1.001
Epoch: [7/23], Batch: 1650/2963, Loss: 85.861, Trans_L2_m: 0.519, Yaw_err_deg: 2.016
Epoch: [7/23], Batch: 1660/2963, Loss: 75.818, Trans_L2_m: 0.491, Yaw_err_deg: 1.773
Epoch: [7/23], Batch: 1670/2963, Loss: 106.038, Trans_L2_m: 0.641, Yaw_err_deg: 2.058
Epoch: [7/23], Batch: 1680/2963, Loss: 87.655, Trans_L2_m: 0.756, Yaw_err_deg: 1.479
Epoch: [7/23], Batch: 1690/2963, Loss: 141.547, Trans_L2_m: 0.695, Yaw_err_deg: 3.398
Epoch: [7/23], Batch: 1700/2963, Loss: 67.342, Trans_L2_m: 0.588, Yaw_err_deg: 1.285
Epoch: [7/23], Batch: 1710/2963, Loss: 62.595, Trans_L2_m: 0.596, Yaw_err_deg: 1.075
Epoch: [7/23], Batch: 1720/2963, Loss: 110.186, Trans_L2_m: 0.682, Yaw_err_deg: 2.133
Epoch: [7/23], Batch: 1730/2963, Loss: 99.389, Trans_L2_m: 0.612, Yaw_err_deg: 2.041
Epoch: [7/23], Batch: 1740/2963, Loss: 85.692, Trans_L2_m: 0.567, Yaw_err_deg: 1.740
Epoch: [7/23], Batch: 1750/2963, Loss: 72.856, Trans_L2_m: 0.497, Yaw_err_deg: 1.479
Epoch: [7/23], Batch: 1760/2963, Loss: 69.371, Trans_L2_m: 0.477, Yaw_err_deg: 1.673
Epoch: [7/23], Batch: 1770/2963, Loss: 148.117, Trans_L2_m: 0.425, Yaw_err_deg: 2.394
Epoch: [7/23], Batch: 1780/2963, Loss: 83.402, Trans_L2_m: 0.616, Yaw_err_deg: 1.565
Epoch: [7/23], Batch: 1790/2963, Loss: 101.101, Trans_L2_m: 0.621, Yaw_err_deg: 1.830
Epoch: [7/23], Batch: 1800/2963, Loss: 203.978, Trans_L2_m: 0.523, Yaw_err_deg: 3.199
Epoch: [7/23], Batch: 1810/2963, Loss: 68.203, Trans_L2_m: 0.579, Yaw_err_deg: 1.132
Epoch: [7/23], Batch: 1820/2963, Loss: 91.092, Trans_L2_m: 0.499, Yaw_err_deg: 2.158
Epoch: [7/23], Batch: 1830/2963, Loss: 81.606, Trans_L2_m: 0.545, Yaw_err_deg: 1.859
Epoch: [7/23], Batch: 1840/2963, Loss: 92.944, Trans_L2_m: 0.466, Yaw_err_deg: 2.171
Epoch: [7/23], Batch: 1850/2963, Loss: 72.239, Trans_L2_m: 0.606, Yaw_err_deg: 1.501
Epoch: [7/23], Batch: 1860/2963, Loss: 90.550, Trans_L2_m: 0.461, Yaw_err_deg: 1.942
Epoch: [7/23], Batch: 1870/2963, Loss: 102.167, Trans_L2_m: 0.539, Yaw_err_deg: 2.267
Epoch: [7/23], Batch: 1880/2963, Loss: 80.273, Trans_L2_m: 0.563, Yaw_err_deg: 1.837
Epoch: [7/23], Batch: 1890/2963, Loss: 114.697, Trans_L2_m: 0.552, Yaw_err_deg: 2.365
Epoch: [7/23], Batch: 1900/2963, Loss: 106.721, Trans_L2_m: 0.752, Yaw_err_deg: 2.223
Epoch: [7/23], Batch: 1910/2963, Loss: 61.344, Trans_L2_m: 0.445, Yaw_err_deg: 1.259
Epoch: [7/23], Batch: 1920/2963, Loss: 81.077, Trans_L2_m: 0.638, Yaw_err_deg: 1.527
Epoch: [7/23], Batch: 1930/2963, Loss: 112.274, Trans_L2_m: 0.650, Yaw_err_deg: 2.042
Epoch: [7/23], Batch: 1940/2963, Loss: 103.059, Trans_L2_m: 0.436, Yaw_err_deg: 2.457
Epoch: [7/23], Batch: 1950/2963, Loss: 90.980, Trans_L2_m: 0.487, Yaw_err_deg: 2.102
Epoch: [7/23], Batch: 1960/2963, Loss: 192.375, Trans_L2_m: 0.559, Yaw_err_deg: 3.476
Epoch: [7/23], Batch: 1970/2963, Loss: 87.462, Trans_L2_m: 0.456, Yaw_err_deg: 2.116
Epoch: [7/23], Batch: 1980/2963, Loss: 86.790, Trans_L2_m: 0.608, Yaw_err_deg: 1.796
Epoch: [7/23], Batch: 1990/2963, Loss: 69.183, Trans_L2_m: 0.522, Yaw_err_deg: 1.520
Epoch: [7/23], Batch: 2000/2963, Loss: 140.743, Trans_L2_m: 0.643, Yaw_err_deg: 2.869
Epoch: [7/23], Batch: 2010/2963, Loss: 71.687, Trans_L2_m: 0.467, Yaw_err_deg: 1.615
Epoch: [7/23], Batch: 2020/2963, Loss: 85.229, Trans_L2_m: 0.495, Yaw_err_deg: 1.929
Epoch: [7/23], Batch: 2030/2963, Loss: 76.736, Trans_L2_m: 0.641, Yaw_err_deg: 1.587
Epoch: [7/23], Batch: 2040/2963, Loss: 88.350, Trans_L2_m: 0.484, Yaw_err_deg: 2.099
Epoch: [7/23], Batch: 2050/2963, Loss: 94.963, Trans_L2_m: 0.498, Yaw_err_deg: 2.350
Epoch: [7/23], Batch: 2060/2963, Loss: 72.180, Trans_L2_m: 0.474, Yaw_err_deg: 1.637
Epoch: [7/23], Batch: 2070/2963, Loss: 69.466, Trans_L2_m: 0.586, Yaw_err_deg: 1.287
Epoch: [7/23], Batch: 2080/2963, Loss: 74.121, Trans_L2_m: 0.559, Yaw_err_deg: 1.385
Epoch: [7/23], Batch: 2090/2963, Loss: 120.244, Trans_L2_m: 0.635, Yaw_err_deg: 2.335
Epoch: [7/23], Batch: 2100/2963, Loss: 88.015, Trans_L2_m: 0.611, Yaw_err_deg: 1.882
Epoch: [7/23], Batch: 2110/2963, Loss: 67.711, Trans_L2_m: 0.600, Yaw_err_deg: 1.126
Epoch: [7/23], Batch: 2120/2963, Loss: 80.281, Trans_L2_m: 0.522, Yaw_err_deg: 1.926
Epoch: [7/23], Batch: 2130/2963, Loss: 89.446, Trans_L2_m: 0.512, Yaw_err_deg: 1.665
Epoch: [7/23], Batch: 2140/2963, Loss: 107.423, Trans_L2_m: 0.728, Yaw_err_deg: 1.973
Epoch: [7/23], Batch: 2150/2963, Loss: 223.112, Trans_L2_m: 0.598, Yaw_err_deg: 3.432
Epoch: [7/23], Batch: 2160/2963, Loss: 100.008, Trans_L2_m: 0.472, Yaw_err_deg: 2.072
Epoch: [7/23], Batch: 2170/2963, Loss: 62.004, Trans_L2_m: 0.667, Yaw_err_deg: 0.926
Epoch: [7/23], Batch: 2180/2963, Loss: 65.013, Trans_L2_m: 0.527, Yaw_err_deg: 1.105
Epoch: [7/23], Batch: 2190/2963, Loss: 170.278, Trans_L2_m: 0.593, Yaw_err_deg: 2.961
Epoch: [7/23], Batch: 2200/2963, Loss: 66.176, Trans_L2_m: 0.622, Yaw_err_deg: 1.497
Epoch: [7/23], Batch: 2210/2963, Loss: 90.787, Trans_L2_m: 0.745, Yaw_err_deg: 2.176
Epoch: [7/23], Batch: 2220/2963, Loss: 66.171, Trans_L2_m: 0.615, Yaw_err_deg: 1.162
Epoch: [7/23], Batch: 2230/2963, Loss: 104.497, Trans_L2_m: 0.684, Yaw_err_deg: 2.326
Epoch: [7/23], Batch: 2240/2963, Loss: 86.168, Trans_L2_m: 0.600, Yaw_err_deg: 1.635
Epoch: [7/23], Batch: 2250/2963, Loss: 66.781, Trans_L2_m: 0.482, Yaw_err_deg: 1.388
Epoch: [7/23], Batch: 2260/2963, Loss: 113.267, Trans_L2_m: 0.547, Yaw_err_deg: 2.099
Epoch: [7/23], Batch: 2270/2963, Loss: 88.953, Trans_L2_m: 0.540, Yaw_err_deg: 1.607
Epoch: [7/23], Batch: 2280/2963, Loss: 80.369, Trans_L2_m: 0.584, Yaw_err_deg: 1.658
Epoch: [7/23], Batch: 2290/2963, Loss: 66.551, Trans_L2_m: 0.611, Yaw_err_deg: 1.340
Epoch: [7/23], Batch: 2300/2963, Loss: 70.521, Trans_L2_m: 0.344, Yaw_err_deg: 1.378
Epoch: [7/23], Batch: 2310/2963, Loss: 67.633, Trans_L2_m: 0.537, Yaw_err_deg: 1.234
Epoch: [7/23], Batch: 2320/2963, Loss: 78.225, Trans_L2_m: 0.658, Yaw_err_deg: 1.323
Epoch: [7/23], Batch: 2330/2963, Loss: 85.287, Trans_L2_m: 0.633, Yaw_err_deg: 1.844
Epoch: [7/23], Batch: 2340/2963, Loss: 75.467, Trans_L2_m: 0.684, Yaw_err_deg: 1.771
Epoch: [7/23], Batch: 2350/2963, Loss: 102.692, Trans_L2_m: 0.579, Yaw_err_deg: 2.162
Epoch: [7/23], Batch: 2360/2963, Loss: 93.681, Trans_L2_m: 0.585, Yaw_err_deg: 1.809
Epoch: [7/23], Batch: 2370/2963, Loss: 91.479, Trans_L2_m: 0.471, Yaw_err_deg: 2.122
Epoch: [7/23], Batch: 2380/2963, Loss: 93.066, Trans_L2_m: 0.567, Yaw_err_deg: 1.650
Epoch: [7/23], Batch: 2390/2963, Loss: 58.758, Trans_L2_m: 0.415, Yaw_err_deg: 0.993
Epoch: [7/23], Batch: 2400/2963, Loss: 125.366, Trans_L2_m: 0.565, Yaw_err_deg: 2.317
Epoch: [7/23], Batch: 2410/2963, Loss: 65.549, Trans_L2_m: 0.504, Yaw_err_deg: 1.215
Epoch: [7/23], Batch: 2420/2963, Loss: 109.379, Trans_L2_m: 0.645, Yaw_err_deg: 1.704
Epoch: [7/23], Batch: 2430/2963, Loss: 72.952, Trans_L2_m: 0.632, Yaw_err_deg: 1.518
Epoch: [7/23], Batch: 2440/2963, Loss: 111.206, Trans_L2_m: 0.606, Yaw_err_deg: 2.729
Epoch: [7/23], Batch: 2450/2963, Loss: 83.360, Trans_L2_m: 0.566, Yaw_err_deg: 1.994
Epoch: [7/23], Batch: 2460/2963, Loss: 69.837, Trans_L2_m: 0.575, Yaw_err_deg: 1.451
Epoch: [7/23], Batch: 2470/2963, Loss: 126.707, Trans_L2_m: 0.807, Yaw_err_deg: 2.013
Epoch: [7/23], Batch: 2480/2963, Loss: 115.539, Trans_L2_m: 0.684, Yaw_err_deg: 2.405
Epoch: [7/23], Batch: 2490/2963, Loss: 84.109, Trans_L2_m: 0.513, Yaw_err_deg: 1.806
Epoch: [7/23], Batch: 2500/2963, Loss: 78.189, Trans_L2_m: 0.579, Yaw_err_deg: 1.699
Epoch: [7/23], Batch: 2510/2963, Loss: 336.919, Trans_L2_m: 0.430, Yaw_err_deg: 3.469
Epoch: [7/23], Batch: 2520/2963, Loss: 124.119, Trans_L2_m: 0.498, Yaw_err_deg: 2.948
Epoch: [7/23], Batch: 2530/2963, Loss: 74.632, Trans_L2_m: 0.636, Yaw_err_deg: 1.296
Epoch: [7/23], Batch: 2540/2963, Loss: 65.723, Trans_L2_m: 0.443, Yaw_err_deg: 1.382
Epoch: [7/23], Batch: 2550/2963, Loss: 79.638, Trans_L2_m: 0.555, Yaw_err_deg: 1.603
Epoch: [7/23], Batch: 2560/2963, Loss: 71.890, Trans_L2_m: 0.622, Yaw_err_deg: 1.236
Epoch: [7/23], Batch: 2570/2963, Loss: 65.056, Trans_L2_m: 0.467, Yaw_err_deg: 1.289
Epoch: [7/23], Batch: 2580/2963, Loss: 83.265, Trans_L2_m: 0.713, Yaw_err_deg: 1.599
Epoch: [7/23], Batch: 2590/2963, Loss: 100.715, Trans_L2_m: 0.660, Yaw_err_deg: 1.729
Epoch: [7/23], Batch: 2600/2963, Loss: 100.897, Trans_L2_m: 0.537, Yaw_err_deg: 2.365
Epoch: [7/23], Batch: 2610/2963, Loss: 69.801, Trans_L2_m: 0.499, Yaw_err_deg: 1.565
Epoch: [7/23], Batch: 2620/2963, Loss: 113.323, Trans_L2_m: 0.614, Yaw_err_deg: 2.222
Epoch: [7/23], Batch: 2630/2963, Loss: 59.907, Trans_L2_m: 0.514, Yaw_err_deg: 1.424
Epoch: [7/23], Batch: 2640/2963, Loss: 95.406, Trans_L2_m: 0.549, Yaw_err_deg: 1.926
Epoch: [7/23], Batch: 2650/2963, Loss: 96.240, Trans_L2_m: 0.676, Yaw_err_deg: 1.978
Epoch: [7/23], Batch: 2660/2963, Loss: 73.552, Trans_L2_m: 0.630, Yaw_err_deg: 1.568
Epoch: [7/23], Batch: 2670/2963, Loss: 121.277, Trans_L2_m: 0.636, Yaw_err_deg: 2.581
Epoch: [7/23], Batch: 2680/2963, Loss: 119.840, Trans_L2_m: 0.642, Yaw_err_deg: 2.863
Epoch: [7/23], Batch: 2690/2963, Loss: 6584.130, Trans_L2_m: 0.606, Yaw_err_deg: 1.610
Epoch: [7/23], Batch: 2700/2963, Loss: 97.918, Trans_L2_m: 0.688, Yaw_err_deg: 1.672
Epoch: [7/23], Batch: 2710/2963, Loss: 78.835, Trans_L2_m: 0.611, Yaw_err_deg: 1.634
Epoch: [7/23], Batch: 2720/2963, Loss: 78.460, Trans_L2_m: 0.592, Yaw_err_deg: 1.597
Epoch: [7/23], Batch: 2730/2963, Loss: 89.570, Trans_L2_m: 0.522, Yaw_err_deg: 1.955
Epoch: [7/23], Batch: 2740/2963, Loss: 67.505, Trans_L2_m: 0.370, Yaw_err_deg: 1.549
Epoch: [7/23], Batch: 2750/2963, Loss: 103.329, Trans_L2_m: 0.753, Yaw_err_deg: 2.204
Epoch: [7/23], Batch: 2760/2963, Loss: 72.259, Trans_L2_m: 0.699, Yaw_err_deg: 1.411
Epoch: [7/23], Batch: 2770/2963, Loss: 84.320, Trans_L2_m: 0.485, Yaw_err_deg: 2.149
Epoch: [7/23], Batch: 2780/2963, Loss: 169.254, Trans_L2_m: 0.419, Yaw_err_deg: 2.464
Epoch: [7/23], Batch: 2790/2963, Loss: 70.369, Trans_L2_m: 0.626, Yaw_err_deg: 1.097
Epoch: [7/23], Batch: 2800/2963, Loss: 68.097, Trans_L2_m: 0.411, Yaw_err_deg: 1.538
Epoch: [7/23], Batch: 2810/2963, Loss: 54.173, Trans_L2_m: 0.490, Yaw_err_deg: 0.919
Epoch: [7/23], Batch: 2820/2963, Loss: 110.531, Trans_L2_m: 0.578, Yaw_err_deg: 1.596
Epoch: [7/23], Batch: 2830/2963, Loss: 103.159, Trans_L2_m: 0.526, Yaw_err_deg: 2.027
Epoch: [7/23], Batch: 2840/2963, Loss: 109.880, Trans_L2_m: 0.658, Yaw_err_deg: 2.093
Epoch: [7/23], Batch: 2850/2963, Loss: 75.483, Trans_L2_m: 0.676, Yaw_err_deg: 1.549
Epoch: [7/23], Batch: 2860/2963, Loss: 62.883, Trans_L2_m: 0.443, Yaw_err_deg: 1.422
Epoch: [7/23], Batch: 2870/2963, Loss: 83.070, Trans_L2_m: 0.554, Yaw_err_deg: 1.789
Epoch: [7/23], Batch: 2880/2963, Loss: 83.099, Trans_L2_m: 0.538, Yaw_err_deg: 1.494
Epoch: [7/23], Batch: 2890/2963, Loss: 94.414, Trans_L2_m: 0.817, Yaw_err_deg: 1.734
Epoch: [7/23], Batch: 2900/2963, Loss: 79.771, Trans_L2_m: 0.659, Yaw_err_deg: 1.673
Epoch: [7/23], Batch: 2910/2963, Loss: 94.416, Trans_L2_m: 0.666, Yaw_err_deg: 1.965
Epoch: [7/23], Batch: 2920/2963, Loss: 75.612, Trans_L2_m: 0.772, Yaw_err_deg: 1.441
Epoch: [7/23], Batch: 2930/2963, Loss: 63.028, Trans_L2_m: 0.409, Yaw_err_deg: 1.397
Epoch: [7/23], Batch: 2940/2963, Loss: 97.727, Trans_L2_m: 0.594, Yaw_err_deg: 2.055
Epoch: [7/23], Batch: 2950/2963, Loss: 70.477, Trans_L2_m: 0.482, Yaw_err_deg: 1.324
Epoch: [7/23], Batch: 2960/2963, Loss: 119.341, Trans_L2_m: 0.469, Yaw_err_deg: 2.118
Validation loss (homography): 799.3275
Avg batch time: 976.68 ms, total: 316.817 s
[1;94mSave the best of 799.3275146484375, at checkpoints/2025_12_28_23_35_33_best_checkpoint_zod.pth[0m
Epoch: [8/23], Batch: 0/2963, Loss: 123.875, Trans_L2_m: 0.672, Yaw_err_deg: 2.013
Epoch: [8/23], Batch: 10/2963, Loss: 69.172, Trans_L2_m: 0.459, Yaw_err_deg: 1.458
Epoch: [8/23], Batch: 20/2963, Loss: 77.446, Trans_L2_m: 0.341, Yaw_err_deg: 1.660
Epoch: [8/23], Batch: 30/2963, Loss: 96.971, Trans_L2_m: 0.348, Yaw_err_deg: 2.577
Epoch: [8/23], Batch: 40/2963, Loss: 64.699, Trans_L2_m: 0.522, Yaw_err_deg: 0.984
Epoch: [8/23], Batch: 50/2963, Loss: 85.760, Trans_L2_m: 0.712, Yaw_err_deg: 1.883
Epoch: [8/23], Batch: 60/2963, Loss: 89.061, Trans_L2_m: 0.725, Yaw_err_deg: 1.916
Epoch: [8/23], Batch: 70/2963, Loss: 77.754, Trans_L2_m: 0.600, Yaw_err_deg: 1.784
Epoch: [8/23], Batch: 80/2963, Loss: 166.701, Trans_L2_m: 0.354, Yaw_err_deg: 3.037
Epoch: [8/23], Batch: 90/2963, Loss: 62.810, Trans_L2_m: 0.420, Yaw_err_deg: 1.211
Epoch: [8/23], Batch: 100/2963, Loss: 74.584, Trans_L2_m: 0.472, Yaw_err_deg: 1.550
Epoch: [8/23], Batch: 110/2963, Loss: 68.838, Trans_L2_m: 0.508, Yaw_err_deg: 1.321
Epoch: [8/23], Batch: 120/2963, Loss: 106.477, Trans_L2_m: 0.611, Yaw_err_deg: 2.542
Epoch: [8/23], Batch: 130/2963, Loss: 90.929, Trans_L2_m: 0.679, Yaw_err_deg: 1.930
Epoch: [8/23], Batch: 140/2963, Loss: 113.769, Trans_L2_m: 0.444, Yaw_err_deg: 2.377
Epoch: [8/23], Batch: 150/2963, Loss: 91.352, Trans_L2_m: 0.570, Yaw_err_deg: 2.248
Epoch: [8/23], Batch: 160/2963, Loss: 93.324, Trans_L2_m: 0.450, Yaw_err_deg: 1.900
Epoch: [8/23], Batch: 170/2963, Loss: 86.661, Trans_L2_m: 0.489, Yaw_err_deg: 1.338
Epoch: [8/23], Batch: 180/2963, Loss: 97.112, Trans_L2_m: 0.498, Yaw_err_deg: 2.392
Epoch: [8/23], Batch: 190/2963, Loss: 78.449, Trans_L2_m: 0.551, Yaw_err_deg: 1.660
Epoch: [8/23], Batch: 200/2963, Loss: 81.465, Trans_L2_m: 0.624, Yaw_err_deg: 1.719
Epoch: [8/23], Batch: 210/2963, Loss: 83.428, Trans_L2_m: 0.548, Yaw_err_deg: 1.569
Epoch: [8/23], Batch: 220/2963, Loss: 72.029, Trans_L2_m: 0.557, Yaw_err_deg: 1.372
Epoch: [8/23], Batch: 230/2963, Loss: 79.546, Trans_L2_m: 0.335, Yaw_err_deg: 1.826
Epoch: [8/23], Batch: 240/2963, Loss: 117.331, Trans_L2_m: 0.449, Yaw_err_deg: 2.649
Epoch: [8/23], Batch: 250/2963, Loss: 93.187, Trans_L2_m: 0.474, Yaw_err_deg: 1.990
Epoch: [8/23], Batch: 260/2963, Loss: 92.093, Trans_L2_m: 0.476, Yaw_err_deg: 1.844
Epoch: [8/23], Batch: 270/2963, Loss: 60.485, Trans_L2_m: 0.616, Yaw_err_deg: 1.018
Epoch: [8/23], Batch: 280/2963, Loss: 81.394, Trans_L2_m: 0.497, Yaw_err_deg: 1.752
Epoch: [8/23], Batch: 290/2963, Loss: 67.514, Trans_L2_m: 0.513, Yaw_err_deg: 1.387
Epoch: [8/23], Batch: 300/2963, Loss: 127.896, Trans_L2_m: 0.522, Yaw_err_deg: 2.676
Epoch: [8/23], Batch: 310/2963, Loss: 89.629, Trans_L2_m: 0.507, Yaw_err_deg: 1.831
Epoch: [8/23], Batch: 320/2963, Loss: 99.007, Trans_L2_m: 0.341, Yaw_err_deg: 2.572
Epoch: [8/23], Batch: 330/2963, Loss: 86.575, Trans_L2_m: 0.546, Yaw_err_deg: 1.852
Epoch: [8/23], Batch: 340/2963, Loss: 77.818, Trans_L2_m: 0.684, Yaw_err_deg: 1.405
Epoch: [8/23], Batch: 350/2963, Loss: 85.211, Trans_L2_m: 0.703, Yaw_err_deg: 1.661
Epoch: [8/23], Batch: 360/2963, Loss: 67.438, Trans_L2_m: 0.549, Yaw_err_deg: 1.437
Epoch: [8/23], Batch: 370/2963, Loss: 126.516, Trans_L2_m: 0.514, Yaw_err_deg: 2.708
Epoch: [8/23], Batch: 380/2963, Loss: 60.567, Trans_L2_m: 0.459, Yaw_err_deg: 1.164
Epoch: [8/23], Batch: 390/2963, Loss: 90.566, Trans_L2_m: 0.492, Yaw_err_deg: 2.229
Epoch: [8/23], Batch: 400/2963, Loss: 72.903, Trans_L2_m: 0.509, Yaw_err_deg: 1.726
Epoch: [8/23], Batch: 410/2963, Loss: 94.070, Trans_L2_m: 0.510, Yaw_err_deg: 1.644
Epoch: [8/23], Batch: 420/2963, Loss: 62.171, Trans_L2_m: 0.570, Yaw_err_deg: 0.868
Epoch: [8/23], Batch: 430/2963, Loss: 495.427, Trans_L2_m: 0.656, Yaw_err_deg: 3.886
Epoch: [8/23], Batch: 440/2963, Loss: 83.264, Trans_L2_m: 0.477, Yaw_err_deg: 1.665
Epoch: [8/23], Batch: 450/2963, Loss: 105.893, Trans_L2_m: 0.760, Yaw_err_deg: 2.216
Epoch: [8/23], Batch: 460/2963, Loss: 87.430, Trans_L2_m: 0.361, Yaw_err_deg: 2.269
Epoch: [8/23], Batch: 470/2963, Loss: 86.044, Trans_L2_m: 0.694, Yaw_err_deg: 1.967
Epoch: [8/23], Batch: 480/2963, Loss: 83.600, Trans_L2_m: 0.581, Yaw_err_deg: 1.681
Epoch: [8/23], Batch: 490/2963, Loss: 92.482, Trans_L2_m: 0.453, Yaw_err_deg: 2.073
Epoch: [8/23], Batch: 500/2963, Loss: 125.425, Trans_L2_m: 0.448, Yaw_err_deg: 2.151
Epoch: [8/23], Batch: 510/2963, Loss: 91.008, Trans_L2_m: 0.420, Yaw_err_deg: 2.151
Epoch: [8/23], Batch: 520/2963, Loss: 90.926, Trans_L2_m: 0.510, Yaw_err_deg: 1.876
Epoch: [8/23], Batch: 530/2963, Loss: 79.615, Trans_L2_m: 0.466, Yaw_err_deg: 1.670
Epoch: [8/23], Batch: 540/2963, Loss: 85.760, Trans_L2_m: 0.671, Yaw_err_deg: 1.635
Epoch: [8/23], Batch: 550/2963, Loss: 74.627, Trans_L2_m: 0.284, Yaw_err_deg: 1.577
Epoch: [8/23], Batch: 560/2963, Loss: 92.278, Trans_L2_m: 0.492, Yaw_err_deg: 2.029
Epoch: [8/23], Batch: 570/2963, Loss: 118.455, Trans_L2_m: 0.695, Yaw_err_deg: 2.261
Epoch: [8/23], Batch: 580/2963, Loss: 278.393, Trans_L2_m: 0.526, Yaw_err_deg: 3.045
Epoch: [8/23], Batch: 590/2963, Loss: 72.815, Trans_L2_m: 0.488, Yaw_err_deg: 1.592
Epoch: [8/23], Batch: 600/2963, Loss: 73.249, Trans_L2_m: 0.561, Yaw_err_deg: 1.596
Epoch: [8/23], Batch: 610/2963, Loss: 75.484, Trans_L2_m: 0.447, Yaw_err_deg: 1.634
Epoch: [8/23], Batch: 620/2963, Loss: 71.929, Trans_L2_m: 0.494, Yaw_err_deg: 1.422
Epoch: [8/23], Batch: 630/2963, Loss: 107.437, Trans_L2_m: 0.510, Yaw_err_deg: 2.390
Epoch: [8/23], Batch: 640/2963, Loss: 75.028, Trans_L2_m: 0.546, Yaw_err_deg: 1.575
Epoch: [8/23], Batch: 650/2963, Loss: 89.811, Trans_L2_m: 0.564, Yaw_err_deg: 2.250
Epoch: [8/23], Batch: 660/2963, Loss: 95.000, Trans_L2_m: 0.591, Yaw_err_deg: 1.989
Epoch: [8/23], Batch: 670/2963, Loss: 78.744, Trans_L2_m: 0.522, Yaw_err_deg: 1.589
Epoch: [8/23], Batch: 680/2963, Loss: 102.368, Trans_L2_m: 0.629, Yaw_err_deg: 2.440
Epoch: [8/23], Batch: 690/2963, Loss: 85.482, Trans_L2_m: 0.537, Yaw_err_deg: 1.736
Epoch: [8/23], Batch: 700/2963, Loss: 108.688, Trans_L2_m: 0.655, Yaw_err_deg: 2.341
Epoch: [8/23], Batch: 710/2963, Loss: 88.495, Trans_L2_m: 0.691, Yaw_err_deg: 1.726
Epoch: [8/23], Batch: 720/2963, Loss: 88.394, Trans_L2_m: 0.689, Yaw_err_deg: 1.831
Epoch: [8/23], Batch: 730/2963, Loss: 96.886, Trans_L2_m: 0.557, Yaw_err_deg: 1.951
Epoch: [8/23], Batch: 740/2963, Loss: 74.553, Trans_L2_m: 0.506, Yaw_err_deg: 1.678
Epoch: [8/23], Batch: 750/2963, Loss: 89.365, Trans_L2_m: 0.441, Yaw_err_deg: 1.896
Epoch: [8/23], Batch: 760/2963, Loss: 78.359, Trans_L2_m: 0.651, Yaw_err_deg: 1.444
Epoch: [8/23], Batch: 770/2963, Loss: 99.327, Trans_L2_m: 0.485, Yaw_err_deg: 2.299
Epoch: [8/23], Batch: 780/2963, Loss: 67.972, Trans_L2_m: 0.681, Yaw_err_deg: 0.876
Epoch: [8/23], Batch: 790/2963, Loss: 65.189, Trans_L2_m: 0.697, Yaw_err_deg: 1.202
Epoch: [8/23], Batch: 800/2963, Loss: 93.443, Trans_L2_m: 0.551, Yaw_err_deg: 1.721
Epoch: [8/23], Batch: 810/2963, Loss: 97.479, Trans_L2_m: 0.625, Yaw_err_deg: 2.261
Epoch: [8/23], Batch: 820/2963, Loss: 109.025, Trans_L2_m: 0.566, Yaw_err_deg: 2.174
Epoch: [8/23], Batch: 830/2963, Loss: 87.603, Trans_L2_m: 0.379, Yaw_err_deg: 2.140
Epoch: [8/23], Batch: 840/2963, Loss: 76.231, Trans_L2_m: 0.566, Yaw_err_deg: 2.011
Epoch: [8/23], Batch: 850/2963, Loss: 76.336, Trans_L2_m: 0.657, Yaw_err_deg: 1.411
Epoch: [8/23], Batch: 860/2963, Loss: 99.492, Trans_L2_m: 0.662, Yaw_err_deg: 2.245
Epoch: [8/23], Batch: 870/2963, Loss: 110.435, Trans_L2_m: 0.537, Yaw_err_deg: 2.324
Epoch: [8/23], Batch: 880/2963, Loss: 91.815, Trans_L2_m: 0.418, Yaw_err_deg: 1.691
Epoch: [8/23], Batch: 890/2963, Loss: 79.894, Trans_L2_m: 0.385, Yaw_err_deg: 1.706
Epoch: [8/23], Batch: 900/2963, Loss: 108.140, Trans_L2_m: 0.479, Yaw_err_deg: 2.332
Epoch: [8/23], Batch: 910/2963, Loss: 87.859, Trans_L2_m: 0.404, Yaw_err_deg: 2.268
Epoch: [8/23], Batch: 920/2963, Loss: 68.984, Trans_L2_m: 0.741, Yaw_err_deg: 1.242
Epoch: [8/23], Batch: 930/2963, Loss: 76.569, Trans_L2_m: 0.634, Yaw_err_deg: 1.784
Epoch: [8/23], Batch: 940/2963, Loss: 69.022, Trans_L2_m: 0.385, Yaw_err_deg: 1.136
Epoch: [8/23], Batch: 950/2963, Loss: 68.915, Trans_L2_m: 0.409, Yaw_err_deg: 1.579
Epoch: [8/23], Batch: 960/2963, Loss: 76.770, Trans_L2_m: 0.625, Yaw_err_deg: 1.664
Epoch: [8/23], Batch: 970/2963, Loss: 80.227, Trans_L2_m: 0.476, Yaw_err_deg: 1.607
Epoch: [8/23], Batch: 980/2963, Loss: 67.831, Trans_L2_m: 0.587, Yaw_err_deg: 1.197
Epoch: [8/23], Batch: 990/2963, Loss: 90.277, Trans_L2_m: 0.673, Yaw_err_deg: 1.764
Epoch: [8/23], Batch: 1000/2963, Loss: 112.634, Trans_L2_m: 0.516, Yaw_err_deg: 2.612
Epoch: [8/23], Batch: 1010/2963, Loss: 150.661, Trans_L2_m: 0.447, Yaw_err_deg: 2.207
Epoch: [8/23], Batch: 1020/2963, Loss: 90.565, Trans_L2_m: 0.670, Yaw_err_deg: 1.670
Epoch: [8/23], Batch: 1030/2963, Loss: 74.806, Trans_L2_m: 0.680, Yaw_err_deg: 1.110
Epoch: [8/23], Batch: 1040/2963, Loss: 71.754, Trans_L2_m: 0.466, Yaw_err_deg: 1.447
Epoch: [8/23], Batch: 1050/2963, Loss: 91.685, Trans_L2_m: 0.452, Yaw_err_deg: 1.875
Epoch: [8/23], Batch: 1060/2963, Loss: 60.676, Trans_L2_m: 0.457, Yaw_err_deg: 1.037
Epoch: [8/23], Batch: 1070/2963, Loss: 137.551, Trans_L2_m: 0.585, Yaw_err_deg: 2.565
Epoch: [8/23], Batch: 1080/2963, Loss: 104.542, Trans_L2_m: 0.539, Yaw_err_deg: 2.344
Epoch: [8/23], Batch: 1090/2963, Loss: 71.809, Trans_L2_m: 0.634, Yaw_err_deg: 1.427
Epoch: [8/23], Batch: 1100/2963, Loss: 68.471, Trans_L2_m: 0.580, Yaw_err_deg: 1.120
Epoch: [8/23], Batch: 1110/2963, Loss: 116.607, Trans_L2_m: 0.567, Yaw_err_deg: 1.988
Epoch: [8/23], Batch: 1120/2963, Loss: 66.852, Trans_L2_m: 0.480, Yaw_err_deg: 1.551
Epoch: [8/23], Batch: 1130/2963, Loss: 78.073, Trans_L2_m: 0.553, Yaw_err_deg: 1.352
Epoch: [8/23], Batch: 1140/2963, Loss: 187.516, Trans_L2_m: 0.434, Yaw_err_deg: 3.716
Epoch: [8/23], Batch: 1150/2963, Loss: 74.336, Trans_L2_m: 0.650, Yaw_err_deg: 1.676
Epoch: [8/23], Batch: 1160/2963, Loss: 101.968, Trans_L2_m: 0.657, Yaw_err_deg: 1.633
Epoch: [8/23], Batch: 1170/2963, Loss: 85.789, Trans_L2_m: 0.599, Yaw_err_deg: 1.963
Epoch: [8/23], Batch: 1180/2963, Loss: 65.351, Trans_L2_m: 0.497, Yaw_err_deg: 1.081
Epoch: [8/23], Batch: 1190/2963, Loss: 69.057, Trans_L2_m: 0.638, Yaw_err_deg: 1.360
Epoch: [8/23], Batch: 1200/2963, Loss: 64.399, Trans_L2_m: 0.487, Yaw_err_deg: 1.109
Epoch: [8/23], Batch: 1210/2963, Loss: 86.478, Trans_L2_m: 0.583, Yaw_err_deg: 1.785
Epoch: [8/23], Batch: 1220/2963, Loss: 131.560, Trans_L2_m: 0.511, Yaw_err_deg: 2.545
Epoch: [8/23], Batch: 1230/2963, Loss: 85.152, Trans_L2_m: 0.624, Yaw_err_deg: 1.962
Epoch: [8/23], Batch: 1240/2963, Loss: 79.362, Trans_L2_m: 0.655, Yaw_err_deg: 1.523
Epoch: [8/23], Batch: 1250/2963, Loss: 67.581, Trans_L2_m: 0.425, Yaw_err_deg: 1.514
Epoch: [8/23], Batch: 1260/2963, Loss: 67.117, Trans_L2_m: 0.700, Yaw_err_deg: 1.152
Epoch: [8/23], Batch: 1270/2963, Loss: 107.419, Trans_L2_m: 0.746, Yaw_err_deg: 2.453
Epoch: [8/23], Batch: 1280/2963, Loss: 81.776, Trans_L2_m: 0.458, Yaw_err_deg: 2.055
Epoch: [8/23], Batch: 1290/2963, Loss: 91.420, Trans_L2_m: 0.734, Yaw_err_deg: 1.770
Epoch: [8/23], Batch: 1300/2963, Loss: 76.694, Trans_L2_m: 0.404, Yaw_err_deg: 1.809
Epoch: [8/23], Batch: 1310/2963, Loss: 91.721, Trans_L2_m: 0.537, Yaw_err_deg: 1.878
Epoch: [8/23], Batch: 1320/2963, Loss: 102.003, Trans_L2_m: 0.520, Yaw_err_deg: 2.323
Epoch: [8/23], Batch: 1330/2963, Loss: 72.910, Trans_L2_m: 0.650, Yaw_err_deg: 1.651
Epoch: [8/23], Batch: 1340/2963, Loss: 65.449, Trans_L2_m: 0.556, Yaw_err_deg: 1.484
Epoch: [8/23], Batch: 1350/2963, Loss: 84.272, Trans_L2_m: 0.633, Yaw_err_deg: 1.506
Epoch: [8/23], Batch: 1360/2963, Loss: 93.020, Trans_L2_m: 0.672, Yaw_err_deg: 1.856
Epoch: [8/23], Batch: 1370/2963, Loss: 118.651, Trans_L2_m: 0.464, Yaw_err_deg: 2.135
Epoch: [8/23], Batch: 1380/2963, Loss: 100.048, Trans_L2_m: 0.446, Yaw_err_deg: 2.515
Epoch: [8/23], Batch: 1390/2963, Loss: 80.448, Trans_L2_m: 0.524, Yaw_err_deg: 1.597
Epoch: [8/23], Batch: 1400/2963, Loss: 76.729, Trans_L2_m: 0.544, Yaw_err_deg: 1.854
Epoch: [8/23], Batch: 1410/2963, Loss: 65.995, Trans_L2_m: 0.532, Yaw_err_deg: 1.278
Epoch: [8/23], Batch: 1420/2963, Loss: 72.286, Trans_L2_m: 0.496, Yaw_err_deg: 1.678
Epoch: [8/23], Batch: 1430/2963, Loss: 92.494, Trans_L2_m: 0.558, Yaw_err_deg: 2.113
Epoch: [8/23], Batch: 1440/2963, Loss: 790.836, Trans_L2_m: 0.481, Yaw_err_deg: 2.139
Epoch: [8/23], Batch: 1450/2963, Loss: 89.282, Trans_L2_m: 0.421, Yaw_err_deg: 2.123
Epoch: [8/23], Batch: 1460/2963, Loss: 64.547, Trans_L2_m: 0.429, Yaw_err_deg: 1.387
Epoch: [8/23], Batch: 1470/2963, Loss: 166.936, Trans_L2_m: 0.827, Yaw_err_deg: 2.980
Epoch: [8/23], Batch: 1480/2963, Loss: 78.610, Trans_L2_m: 0.680, Yaw_err_deg: 1.352
Epoch: [8/23], Batch: 1490/2963, Loss: 73.527, Trans_L2_m: 0.393, Yaw_err_deg: 1.345
Epoch: [8/23], Batch: 1500/2963, Loss: 107.652, Trans_L2_m: 0.558, Yaw_err_deg: 1.925
Epoch: [8/23], Batch: 1510/2963, Loss: 76.509, Trans_L2_m: 0.635, Yaw_err_deg: 1.362
Epoch: [8/23], Batch: 1520/2963, Loss: 80.135, Trans_L2_m: 0.368, Yaw_err_deg: 1.704
Epoch: [8/23], Batch: 1530/2963, Loss: 67.255, Trans_L2_m: 0.486, Yaw_err_deg: 1.170
Epoch: [8/23], Batch: 1540/2963, Loss: 91.195, Trans_L2_m: 0.696, Yaw_err_deg: 1.721
Epoch: [8/23], Batch: 1550/2963, Loss: 85.321, Trans_L2_m: 0.536, Yaw_err_deg: 2.034
Epoch: [8/23], Batch: 1560/2963, Loss: 75.286, Trans_L2_m: 0.521, Yaw_err_deg: 1.673
Epoch: [8/23], Batch: 1570/2963, Loss: 100.090, Trans_L2_m: 0.630, Yaw_err_deg: 1.609
Epoch: [8/23], Batch: 1580/2963, Loss: 98.045, Trans_L2_m: 0.638, Yaw_err_deg: 1.615
Epoch: [8/23], Batch: 1590/2963, Loss: 72.390, Trans_L2_m: 0.495, Yaw_err_deg: 0.955
Epoch: [8/23], Batch: 1600/2963, Loss: 80.439, Trans_L2_m: 0.569, Yaw_err_deg: 1.720
Epoch: [8/23], Batch: 1610/2963, Loss: 98.358, Trans_L2_m: 0.648, Yaw_err_deg: 2.473
Epoch: [8/23], Batch: 1620/2963, Loss: 72.184, Trans_L2_m: 0.459, Yaw_err_deg: 1.647
Epoch: [8/23], Batch: 1630/2963, Loss: 99.927, Trans_L2_m: 0.551, Yaw_err_deg: 2.005
Epoch: [8/23], Batch: 1640/2963, Loss: 65.190, Trans_L2_m: 0.439, Yaw_err_deg: 1.251
Epoch: [8/23], Batch: 1650/2963, Loss: 97.145, Trans_L2_m: 0.502, Yaw_err_deg: 2.277
Epoch: [8/23], Batch: 1660/2963, Loss: 56.016, Trans_L2_m: 0.362, Yaw_err_deg: 1.250
Epoch: [8/23], Batch: 1670/2963, Loss: 104.369, Trans_L2_m: 0.633, Yaw_err_deg: 2.146
Epoch: [8/23], Batch: 1680/2963, Loss: 66.097, Trans_L2_m: 0.515, Yaw_err_deg: 1.358
Epoch: [8/23], Batch: 1690/2963, Loss: 319.920, Trans_L2_m: 0.386, Yaw_err_deg: 4.167
Epoch: [8/23], Batch: 1700/2963, Loss: 69.190, Trans_L2_m: 0.484, Yaw_err_deg: 1.616
Epoch: [8/23], Batch: 1710/2963, Loss: 61.974, Trans_L2_m: 0.416, Yaw_err_deg: 1.471
Epoch: [8/23], Batch: 1720/2963, Loss: 78.837, Trans_L2_m: 0.532, Yaw_err_deg: 1.702
Epoch: [8/23], Batch: 1730/2963, Loss: 66.928, Trans_L2_m: 0.606, Yaw_err_deg: 1.242
Epoch: [8/23], Batch: 1740/2963, Loss: 75.866, Trans_L2_m: 0.635, Yaw_err_deg: 1.961
Epoch: [8/23], Batch: 1750/2963, Loss: 80.340, Trans_L2_m: 0.454, Yaw_err_deg: 1.977
Epoch: [8/23], Batch: 1760/2963, Loss: 79.149, Trans_L2_m: 0.582, Yaw_err_deg: 1.489
Epoch: [8/23], Batch: 1770/2963, Loss: 79.583, Trans_L2_m: 0.475, Yaw_err_deg: 1.741
Epoch: [8/23], Batch: 1780/2963, Loss: 68.511, Trans_L2_m: 0.382, Yaw_err_deg: 1.494
Epoch: [8/23], Batch: 1790/2963, Loss: 79.785, Trans_L2_m: 0.621, Yaw_err_deg: 1.610
Epoch: [8/23], Batch: 1800/2963, Loss: 86.870, Trans_L2_m: 0.747, Yaw_err_deg: 1.316
Epoch: [8/23], Batch: 1810/2963, Loss: 106.992, Trans_L2_m: 0.622, Yaw_err_deg: 2.002
Epoch: [8/23], Batch: 1820/2963, Loss: 91.656, Trans_L2_m: 0.510, Yaw_err_deg: 2.045
Epoch: [8/23], Batch: 1830/2963, Loss: 57.446, Trans_L2_m: 0.602, Yaw_err_deg: 0.719
Epoch: [8/23], Batch: 1840/2963, Loss: 67.829, Trans_L2_m: 0.393, Yaw_err_deg: 1.725
Epoch: [8/23], Batch: 1850/2963, Loss: 65.189, Trans_L2_m: 0.463, Yaw_err_deg: 1.712
Epoch: [8/23], Batch: 1860/2963, Loss: 68.529, Trans_L2_m: 0.418, Yaw_err_deg: 1.546
Epoch: [8/23], Batch: 1870/2963, Loss: 74.631, Trans_L2_m: 0.494, Yaw_err_deg: 1.628
Epoch: [8/23], Batch: 1880/2963, Loss: 76.936, Trans_L2_m: 0.535, Yaw_err_deg: 1.678
Epoch: [8/23], Batch: 1890/2963, Loss: 76.227, Trans_L2_m: 0.475, Yaw_err_deg: 1.559
Epoch: [8/23], Batch: 1900/2963, Loss: 87.091, Trans_L2_m: 0.414, Yaw_err_deg: 1.868
Epoch: [8/23], Batch: 1910/2963, Loss: 95.111, Trans_L2_m: 0.764, Yaw_err_deg: 1.709
Epoch: [8/23], Batch: 1920/2963, Loss: 78.287, Trans_L2_m: 0.565, Yaw_err_deg: 1.634
Epoch: [8/23], Batch: 1930/2963, Loss: 63.591, Trans_L2_m: 0.532, Yaw_err_deg: 1.116
Epoch: [8/23], Batch: 1940/2963, Loss: 94.947, Trans_L2_m: 0.523, Yaw_err_deg: 1.933
Epoch: [8/23], Batch: 1950/2963, Loss: 117.464, Trans_L2_m: 0.471, Yaw_err_deg: 2.636
Epoch: [8/23], Batch: 1960/2963, Loss: 72.813, Trans_L2_m: 0.469, Yaw_err_deg: 1.521
Epoch: [8/23], Batch: 1970/2963, Loss: 74.278, Trans_L2_m: 0.526, Yaw_err_deg: 1.594
Epoch: [8/23], Batch: 1980/2963, Loss: 113.798, Trans_L2_m: 0.474, Yaw_err_deg: 2.226
Epoch: [8/23], Batch: 1990/2963, Loss: 91.871, Trans_L2_m: 0.815, Yaw_err_deg: 1.817
Epoch: [8/23], Batch: 2000/2963, Loss: 79.584, Trans_L2_m: 0.597, Yaw_err_deg: 1.739
Epoch: [8/23], Batch: 2010/2963, Loss: 77.296, Trans_L2_m: 0.633, Yaw_err_deg: 1.668
Epoch: [8/23], Batch: 2020/2963, Loss: 94.406, Trans_L2_m: 0.743, Yaw_err_deg: 1.605
Epoch: [8/23], Batch: 2030/2963, Loss: 65.413, Trans_L2_m: 0.476, Yaw_err_deg: 1.450
Epoch: [8/23], Batch: 2040/2963, Loss: 89.029, Trans_L2_m: 0.758, Yaw_err_deg: 1.626
Epoch: [8/23], Batch: 2050/2963, Loss: 84.508, Trans_L2_m: 0.600, Yaw_err_deg: 1.644
Epoch: [8/23], Batch: 2060/2963, Loss: 72.195, Trans_L2_m: 0.492, Yaw_err_deg: 1.371
Epoch: [8/23], Batch: 2070/2963, Loss: 82.022, Trans_L2_m: 0.556, Yaw_err_deg: 1.396
Epoch: [8/23], Batch: 2080/2963, Loss: 83.813, Trans_L2_m: 0.444, Yaw_err_deg: 1.585
Epoch: [8/23], Batch: 2090/2963, Loss: 109.418, Trans_L2_m: 0.548, Yaw_err_deg: 1.745
Epoch: [8/23], Batch: 2100/2963, Loss: 77.530, Trans_L2_m: 0.615, Yaw_err_deg: 1.662
Epoch: [8/23], Batch: 2110/2963, Loss: 116.889, Trans_L2_m: 0.905, Yaw_err_deg: 2.050
Epoch: [8/23], Batch: 2120/2963, Loss: 66.670, Trans_L2_m: 0.751, Yaw_err_deg: 1.516
Epoch: [8/23], Batch: 2130/2963, Loss: 88.600, Trans_L2_m: 0.753, Yaw_err_deg: 1.895
Epoch: [8/23], Batch: 2140/2963, Loss: 96.122, Trans_L2_m: 0.542, Yaw_err_deg: 1.892
Epoch: [8/23], Batch: 2150/2963, Loss: 123.983, Trans_L2_m: 0.486, Yaw_err_deg: 2.290
Epoch: [8/23], Batch: 2160/2963, Loss: 91.782, Trans_L2_m: 0.597, Yaw_err_deg: 1.774
Epoch: [8/23], Batch: 2170/2963, Loss: 70.669, Trans_L2_m: 0.534, Yaw_err_deg: 1.267
Epoch: [8/23], Batch: 2180/2963, Loss: 72.164, Trans_L2_m: 0.610, Yaw_err_deg: 1.254
Epoch: [8/23], Batch: 2190/2963, Loss: 62.888, Trans_L2_m: 0.544, Yaw_err_deg: 1.298
Epoch: [8/23], Batch: 2200/2963, Loss: 76.619, Trans_L2_m: 0.366, Yaw_err_deg: 2.012
Epoch: [8/23], Batch: 2210/2963, Loss: 87.520, Trans_L2_m: 0.723, Yaw_err_deg: 1.887
Epoch: [8/23], Batch: 2220/2963, Loss: 65.801, Trans_L2_m: 0.500, Yaw_err_deg: 1.523
Epoch: [8/23], Batch: 2230/2963, Loss: 124.674, Trans_L2_m: 0.584, Yaw_err_deg: 2.856
Epoch: [8/23], Batch: 2240/2963, Loss: 91.963, Trans_L2_m: 0.518, Yaw_err_deg: 2.225
Epoch: [8/23], Batch: 2250/2963, Loss: 70.526, Trans_L2_m: 0.624, Yaw_err_deg: 1.620
Epoch: [8/23], Batch: 2260/2963, Loss: 64.850, Trans_L2_m: 0.424, Yaw_err_deg: 1.299
Epoch: [8/23], Batch: 2270/2963, Loss: 116.757, Trans_L2_m: 0.693, Yaw_err_deg: 2.098
Epoch: [8/23], Batch: 2280/2963, Loss: 95.718, Trans_L2_m: 0.458, Yaw_err_deg: 2.244
Epoch: [8/23], Batch: 2290/2963, Loss: 66.921, Trans_L2_m: 0.611, Yaw_err_deg: 1.083
Epoch: [8/23], Batch: 2300/2963, Loss: 60.325, Trans_L2_m: 0.426, Yaw_err_deg: 1.248
Epoch: [8/23], Batch: 2310/2963, Loss: 79.212, Trans_L2_m: 0.479, Yaw_err_deg: 1.831
Epoch: [8/23], Batch: 2320/2963, Loss: 68.195, Trans_L2_m: 0.526, Yaw_err_deg: 1.616
Epoch: [8/23], Batch: 2330/2963, Loss: 66.765, Trans_L2_m: 0.518, Yaw_err_deg: 1.396
Epoch: [8/23], Batch: 2340/2963, Loss: 78.680, Trans_L2_m: 0.729, Yaw_err_deg: 1.566
Epoch: [8/23], Batch: 2350/2963, Loss: 91.266, Trans_L2_m: 0.446, Yaw_err_deg: 1.662
Epoch: [8/23], Batch: 2360/2963, Loss: 118.846, Trans_L2_m: 0.705, Yaw_err_deg: 2.469
Epoch: [8/23], Batch: 2370/2963, Loss: 82.192, Trans_L2_m: 0.534, Yaw_err_deg: 1.818
Epoch: [8/23], Batch: 2380/2963, Loss: 88.332, Trans_L2_m: 0.403, Yaw_err_deg: 1.504
Epoch: [8/23], Batch: 2390/2963, Loss: 68.014, Trans_L2_m: 0.559, Yaw_err_deg: 1.360
Epoch: [8/23], Batch: 2400/2963, Loss: 61.026, Trans_L2_m: 0.487, Yaw_err_deg: 1.244
Epoch: [8/23], Batch: 2410/2963, Loss: 77.767, Trans_L2_m: 0.525, Yaw_err_deg: 1.538
Epoch: [8/23], Batch: 2420/2963, Loss: 83.505, Trans_L2_m: 0.487, Yaw_err_deg: 1.534
Epoch: [8/23], Batch: 2430/2963, Loss: 82.314, Trans_L2_m: 0.494, Yaw_err_deg: 1.712
Epoch: [8/23], Batch: 2440/2963, Loss: 121.941, Trans_L2_m: 0.520, Yaw_err_deg: 2.222
Epoch: [8/23], Batch: 2450/2963, Loss: 73.062, Trans_L2_m: 0.425, Yaw_err_deg: 1.648
Epoch: [8/23], Batch: 2460/2963, Loss: 79.519, Trans_L2_m: 0.501, Yaw_err_deg: 1.363
Epoch: [8/23], Batch: 2470/2963, Loss: 94.896, Trans_L2_m: 0.374, Yaw_err_deg: 2.126
Epoch: [8/23], Batch: 2480/2963, Loss: 69.891, Trans_L2_m: 0.630, Yaw_err_deg: 1.374
Epoch: [8/23], Batch: 2490/2963, Loss: 60.661, Trans_L2_m: 0.381, Yaw_err_deg: 1.160
Epoch: [8/23], Batch: 2500/2963, Loss: 80.385, Trans_L2_m: 0.463, Yaw_err_deg: 1.266
Epoch: [8/23], Batch: 2510/2963, Loss: 71.537, Trans_L2_m: 0.436, Yaw_err_deg: 1.658
Epoch: [8/23], Batch: 2520/2963, Loss: 99.908, Trans_L2_m: 0.589, Yaw_err_deg: 1.714
Epoch: [8/23], Batch: 2530/2963, Loss: 101.054, Trans_L2_m: 0.422, Yaw_err_deg: 2.067
Epoch: [8/23], Batch: 2540/2963, Loss: 91.273, Trans_L2_m: 0.518, Yaw_err_deg: 1.910
Epoch: [8/23], Batch: 2550/2963, Loss: 121.853, Trans_L2_m: 0.373, Yaw_err_deg: 2.055
Epoch: [8/23], Batch: 2560/2963, Loss: 67.029, Trans_L2_m: 0.438, Yaw_err_deg: 1.649
Epoch: [8/23], Batch: 2570/2963, Loss: 94.331, Trans_L2_m: 0.502, Yaw_err_deg: 1.969
Epoch: [8/23], Batch: 2580/2963, Loss: 63.855, Trans_L2_m: 0.570, Yaw_err_deg: 1.404
Epoch: [8/23], Batch: 2590/2963, Loss: 86.753, Trans_L2_m: 0.577, Yaw_err_deg: 1.845
Epoch: [8/23], Batch: 2600/2963, Loss: 61.856, Trans_L2_m: 0.585, Yaw_err_deg: 1.297
Epoch: [8/23], Batch: 2610/2963, Loss: 63.658, Trans_L2_m: 0.416, Yaw_err_deg: 1.040
Epoch: [8/23], Batch: 2620/2963, Loss: 65.817, Trans_L2_m: 0.446, Yaw_err_deg: 1.190
Epoch: [8/23], Batch: 2630/2963, Loss: 96.273, Trans_L2_m: 0.471, Yaw_err_deg: 2.067
Epoch: [8/23], Batch: 2640/2963, Loss: 74.356, Trans_L2_m: 0.551, Yaw_err_deg: 1.405
Epoch: [8/23], Batch: 2650/2963, Loss: 52.970, Trans_L2_m: 0.435, Yaw_err_deg: 1.177
Epoch: [8/23], Batch: 2660/2963, Loss: 123.602, Trans_L2_m: 0.619, Yaw_err_deg: 2.868
Epoch: [8/23], Batch: 2670/2963, Loss: 99.674, Trans_L2_m: 0.518, Yaw_err_deg: 2.365
Epoch: [8/23], Batch: 2680/2963, Loss: 70.067, Trans_L2_m: 0.563, Yaw_err_deg: 1.330
Epoch: [8/23], Batch: 2690/2963, Loss: 82.558, Trans_L2_m: 0.513, Yaw_err_deg: 1.450
Epoch: [8/23], Batch: 2700/2963, Loss: 68.713, Trans_L2_m: 0.434, Yaw_err_deg: 1.344
Epoch: [8/23], Batch: 2710/2963, Loss: 122.894, Trans_L2_m: 0.436, Yaw_err_deg: 2.516
Epoch: [8/23], Batch: 2720/2963, Loss: 69.218, Trans_L2_m: 0.573, Yaw_err_deg: 1.483
Epoch: [8/23], Batch: 2730/2963, Loss: 60.101, Trans_L2_m: 0.453, Yaw_err_deg: 1.102
Epoch: [8/23], Batch: 2740/2963, Loss: 82.393, Trans_L2_m: 0.532, Yaw_err_deg: 1.473
Epoch: [8/23], Batch: 2750/2963, Loss: 109.171, Trans_L2_m: 0.563, Yaw_err_deg: 2.622
Epoch: [8/23], Batch: 2760/2963, Loss: 173.494, Trans_L2_m: 0.644, Yaw_err_deg: 2.635
Epoch: [8/23], Batch: 2770/2963, Loss: 79.641, Trans_L2_m: 0.564, Yaw_err_deg: 1.673
Epoch: [8/23], Batch: 2780/2963, Loss: 111.295, Trans_L2_m: 0.483, Yaw_err_deg: 2.128
Epoch: [8/23], Batch: 2790/2963, Loss: 62.090, Trans_L2_m: 0.640, Yaw_err_deg: 1.132
Epoch: [8/23], Batch: 2800/2963, Loss: 83.743, Trans_L2_m: 0.450, Yaw_err_deg: 2.046
Epoch: [8/23], Batch: 2810/2963, Loss: 78.544, Trans_L2_m: 0.698, Yaw_err_deg: 1.312
Epoch: [8/23], Batch: 2820/2963, Loss: 92.252, Trans_L2_m: 0.597, Yaw_err_deg: 1.656
Epoch: [8/23], Batch: 2830/2963, Loss: 94.745, Trans_L2_m: 0.577, Yaw_err_deg: 1.669
Epoch: [8/23], Batch: 2840/2963, Loss: 95.842, Trans_L2_m: 0.552, Yaw_err_deg: 1.921
Epoch: [8/23], Batch: 2850/2963, Loss: 84.839, Trans_L2_m: 0.516, Yaw_err_deg: 1.894
Epoch: [8/23], Batch: 2860/2963, Loss: 76.182, Trans_L2_m: 0.575, Yaw_err_deg: 1.316
Epoch: [8/23], Batch: 2870/2963, Loss: 79.885, Trans_L2_m: 0.626, Yaw_err_deg: 1.708
Epoch: [8/23], Batch: 2880/2963, Loss: 68.740, Trans_L2_m: 0.488, Yaw_err_deg: 1.353
Epoch: [8/23], Batch: 2890/2963, Loss: 75.243, Trans_L2_m: 0.591, Yaw_err_deg: 1.377
Epoch: [8/23], Batch: 2900/2963, Loss: 80.602, Trans_L2_m: 0.432, Yaw_err_deg: 1.866
Epoch: [8/23], Batch: 2910/2963, Loss: 59.663, Trans_L2_m: 0.473, Yaw_err_deg: 1.303
Epoch: [8/23], Batch: 2920/2963, Loss: 60.331, Trans_L2_m: 0.536, Yaw_err_deg: 1.228
Epoch: [8/23], Batch: 2930/2963, Loss: 96.036, Trans_L2_m: 0.547, Yaw_err_deg: 2.007
Epoch: [8/23], Batch: 2940/2963, Loss: 75.086, Trans_L2_m: 0.873, Yaw_err_deg: 1.372
Epoch: [8/23], Batch: 2950/2963, Loss: 126.610, Trans_L2_m: 0.577, Yaw_err_deg: 2.485
Epoch: [8/23], Batch: 2960/2963, Loss: 61.787, Trans_L2_m: 0.492, Yaw_err_deg: 1.292
Epoch: [9/23], Batch: 0/2963, Loss: 61.824, Trans_L2_m: 0.505, Yaw_err_deg: 0.962
Epoch: [9/23], Batch: 10/2963, Loss: 226.708, Trans_L2_m: 0.754, Yaw_err_deg: 4.158
Epoch: [9/23], Batch: 20/2963, Loss: 56.277, Trans_L2_m: 0.367, Yaw_err_deg: 1.230
Epoch: [9/23], Batch: 30/2963, Loss: 73.166, Trans_L2_m: 0.553, Yaw_err_deg: 1.449
Epoch: [9/23], Batch: 40/2963, Loss: 71.709, Trans_L2_m: 0.661, Yaw_err_deg: 1.348
Epoch: [9/23], Batch: 50/2963, Loss: 113.527, Trans_L2_m: 0.522, Yaw_err_deg: 2.654
Epoch: [9/23], Batch: 60/2963, Loss: 75.539, Trans_L2_m: 0.483, Yaw_err_deg: 1.695
Epoch: [9/23], Batch: 70/2963, Loss: 73.900, Trans_L2_m: 0.516, Yaw_err_deg: 1.503
Epoch: [9/23], Batch: 80/2963, Loss: 62.381, Trans_L2_m: 0.461, Yaw_err_deg: 1.298
Epoch: [9/23], Batch: 90/2963, Loss: 70.533, Trans_L2_m: 0.519, Yaw_err_deg: 1.429
Epoch: [9/23], Batch: 100/2963, Loss: 68.102, Trans_L2_m: 0.435, Yaw_err_deg: 1.545
Epoch: [9/23], Batch: 110/2963, Loss: 95.340, Trans_L2_m: 0.560, Yaw_err_deg: 1.771
Epoch: [9/23], Batch: 120/2963, Loss: 87.484, Trans_L2_m: 0.413, Yaw_err_deg: 1.635
Epoch: [9/23], Batch: 130/2963, Loss: 97.843, Trans_L2_m: 0.593, Yaw_err_deg: 2.313
Epoch: [9/23], Batch: 140/2963, Loss: 74.275, Trans_L2_m: 0.647, Yaw_err_deg: 1.523
Epoch: [9/23], Batch: 150/2963, Loss: 59.247, Trans_L2_m: 0.436, Yaw_err_deg: 1.116
Epoch: [9/23], Batch: 160/2963, Loss: 77.669, Trans_L2_m: 0.382, Yaw_err_deg: 1.788
Epoch: [9/23], Batch: 170/2963, Loss: 90.028, Trans_L2_m: 0.387, Yaw_err_deg: 2.103
Epoch: [9/23], Batch: 180/2963, Loss: 108.618, Trans_L2_m: 0.461, Yaw_err_deg: 2.793
Epoch: [9/23], Batch: 190/2963, Loss: 70.058, Trans_L2_m: 0.420, Yaw_err_deg: 1.478
Epoch: [9/23], Batch: 200/2963, Loss: 88.499, Trans_L2_m: 0.503, Yaw_err_deg: 2.081
Epoch: [9/23], Batch: 210/2963, Loss: 123.390, Trans_L2_m: 0.567, Yaw_err_deg: 2.610
Epoch: [9/23], Batch: 220/2963, Loss: 74.280, Trans_L2_m: 0.507, Yaw_err_deg: 1.560
Epoch: [9/23], Batch: 230/2963, Loss: 91.326, Trans_L2_m: 0.577, Yaw_err_deg: 1.547
Epoch: [9/23], Batch: 240/2963, Loss: 188.007, Trans_L2_m: 0.479, Yaw_err_deg: 2.454
Epoch: [9/23], Batch: 250/2963, Loss: 83.362, Trans_L2_m: 0.485, Yaw_err_deg: 1.695
Epoch: [9/23], Batch: 260/2963, Loss: 72.094, Trans_L2_m: 0.552, Yaw_err_deg: 1.830
Epoch: [9/23], Batch: 270/2963, Loss: 103.371, Trans_L2_m: 0.388, Yaw_err_deg: 2.085
Epoch: [9/23], Batch: 280/2963, Loss: 78.125, Trans_L2_m: 0.560, Yaw_err_deg: 1.575
Epoch: [9/23], Batch: 290/2963, Loss: 62.554, Trans_L2_m: 0.433, Yaw_err_deg: 1.393
Epoch: [9/23], Batch: 300/2963, Loss: 78.452, Trans_L2_m: 0.396, Yaw_err_deg: 1.776
Epoch: [9/23], Batch: 310/2963, Loss: 62.961, Trans_L2_m: 0.540, Yaw_err_deg: 1.118
Epoch: [9/23], Batch: 320/2963, Loss: 70.810, Trans_L2_m: 0.571, Yaw_err_deg: 1.134
Epoch: [9/23], Batch: 330/2963, Loss: 77.548, Trans_L2_m: 0.518, Yaw_err_deg: 1.618
Epoch: [9/23], Batch: 340/2963, Loss: 74.106, Trans_L2_m: 0.533, Yaw_err_deg: 1.543
Epoch: [9/23], Batch: 350/2963, Loss: 59.592, Trans_L2_m: 0.452, Yaw_err_deg: 1.445
Epoch: [9/23], Batch: 360/2963, Loss: 88.954, Trans_L2_m: 0.497, Yaw_err_deg: 1.993
Epoch: [9/23], Batch: 370/2963, Loss: 62.921, Trans_L2_m: 0.498, Yaw_err_deg: 1.321
Epoch: [9/23], Batch: 380/2963, Loss: 83.748, Trans_L2_m: 0.528, Yaw_err_deg: 1.912
Epoch: [9/23], Batch: 390/2963, Loss: 77.045, Trans_L2_m: 0.470, Yaw_err_deg: 1.523
Epoch: [9/23], Batch: 400/2963, Loss: 97.666, Trans_L2_m: 0.575, Yaw_err_deg: 1.652
Epoch: [9/23], Batch: 410/2963, Loss: 83.322, Trans_L2_m: 0.389, Yaw_err_deg: 1.855
Epoch: [9/23], Batch: 420/2963, Loss: 64.813, Trans_L2_m: 0.620, Yaw_err_deg: 1.090
Epoch: [9/23], Batch: 430/2963, Loss: 54.133, Trans_L2_m: 0.513, Yaw_err_deg: 0.867
Epoch: [9/23], Batch: 440/2963, Loss: 74.556, Trans_L2_m: 0.691, Yaw_err_deg: 1.295
Epoch: [9/23], Batch: 450/2963, Loss: 63.363, Trans_L2_m: 0.664, Yaw_err_deg: 1.049
Epoch: [9/23], Batch: 460/2963, Loss: 82.912, Trans_L2_m: 0.607, Yaw_err_deg: 1.845
Epoch: [9/23], Batch: 470/2963, Loss: 106.219, Trans_L2_m: 0.472, Yaw_err_deg: 2.422
Epoch: [9/23], Batch: 480/2963, Loss: 93.013, Trans_L2_m: 0.700, Yaw_err_deg: 1.686
Epoch: [9/23], Batch: 490/2963, Loss: 131.278, Trans_L2_m: 0.522, Yaw_err_deg: 1.989
Epoch: [9/23], Batch: 500/2963, Loss: 65.920, Trans_L2_m: 0.512, Yaw_err_deg: 1.395
Epoch: [9/23], Batch: 510/2963, Loss: 59.335, Trans_L2_m: 0.602, Yaw_err_deg: 1.114
Epoch: [9/23], Batch: 520/2963, Loss: 107.831, Trans_L2_m: 0.405, Yaw_err_deg: 1.953
Epoch: [9/23], Batch: 530/2963, Loss: 63.050, Trans_L2_m: 0.419, Yaw_err_deg: 1.058
Epoch: [9/23], Batch: 540/2963, Loss: 67.238, Trans_L2_m: 0.567, Yaw_err_deg: 1.187
Epoch: [9/23], Batch: 550/2963, Loss: 91.255, Trans_L2_m: 0.432, Yaw_err_deg: 2.259
Epoch: [9/23], Batch: 560/2963, Loss: 79.994, Trans_L2_m: 0.600, Yaw_err_deg: 1.860
Epoch: [9/23], Batch: 570/2963, Loss: 86.114, Trans_L2_m: 0.521, Yaw_err_deg: 1.824
Epoch: [9/23], Batch: 580/2963, Loss: 95.570, Trans_L2_m: 0.670, Yaw_err_deg: 1.438
Epoch: [9/23], Batch: 590/2963, Loss: 77.966, Trans_L2_m: 0.616, Yaw_err_deg: 1.100
Epoch: [9/23], Batch: 600/2963, Loss: 152.528, Trans_L2_m: 0.446, Yaw_err_deg: 2.490
Epoch: [9/23], Batch: 610/2963, Loss: 75.720, Trans_L2_m: 0.680, Yaw_err_deg: 1.624
Epoch: [9/23], Batch: 620/2963, Loss: 71.709, Trans_L2_m: 0.426, Yaw_err_deg: 1.449
Epoch: [9/23], Batch: 630/2963, Loss: 52.604, Trans_L2_m: 0.463, Yaw_err_deg: 1.115
Epoch: [9/23], Batch: 640/2963, Loss: 112.725, Trans_L2_m: 0.564, Yaw_err_deg: 2.191
Epoch: [9/23], Batch: 650/2963, Loss: 64.431, Trans_L2_m: 0.363, Yaw_err_deg: 1.405
Epoch: [9/23], Batch: 660/2963, Loss: 72.047, Trans_L2_m: 0.681, Yaw_err_deg: 1.431
Epoch: [9/23], Batch: 670/2963, Loss: 784.143, Trans_L2_m: 0.589, Yaw_err_deg: 1.465
Epoch: [9/23], Batch: 680/2963, Loss: 59.801, Trans_L2_m: 0.343, Yaw_err_deg: 1.231
Epoch: [9/23], Batch: 690/2963, Loss: 88.798, Trans_L2_m: 0.432, Yaw_err_deg: 1.766
Epoch: [9/23], Batch: 700/2963, Loss: 73.273, Trans_L2_m: 0.435, Yaw_err_deg: 1.791
Epoch: [9/23], Batch: 710/2963, Loss: 76.173, Trans_L2_m: 0.466, Yaw_err_deg: 1.286
Epoch: [9/23], Batch: 720/2963, Loss: 60.782, Trans_L2_m: 0.544, Yaw_err_deg: 0.919
Epoch: [9/23], Batch: 730/2963, Loss: 99.932, Trans_L2_m: 0.530, Yaw_err_deg: 2.028
Epoch: [9/23], Batch: 740/2963, Loss: 84.514, Trans_L2_m: 0.550, Yaw_err_deg: 1.517
Epoch: [9/23], Batch: 750/2963, Loss: 59.664, Trans_L2_m: 0.509, Yaw_err_deg: 0.883
Epoch: [9/23], Batch: 760/2963, Loss: 58.251, Trans_L2_m: 0.649, Yaw_err_deg: 1.171
Epoch: [9/23], Batch: 770/2963, Loss: 72.451, Trans_L2_m: 0.631, Yaw_err_deg: 1.293
Epoch: [9/23], Batch: 780/2963, Loss: 73.688, Trans_L2_m: 0.522, Yaw_err_deg: 1.329
Epoch: [9/23], Batch: 790/2963, Loss: 74.440, Trans_L2_m: 0.416, Yaw_err_deg: 1.631
Epoch: [9/23], Batch: 800/2963, Loss: 63.877, Trans_L2_m: 0.657, Yaw_err_deg: 1.069
Epoch: [9/23], Batch: 810/2963, Loss: 72.543, Trans_L2_m: 0.773, Yaw_err_deg: 1.425
Epoch: [9/23], Batch: 820/2963, Loss: 245.490, Trans_L2_m: 0.479, Yaw_err_deg: 3.188
Epoch: [9/23], Batch: 830/2963, Loss: 69.768, Trans_L2_m: 0.615, Yaw_err_deg: 1.410
Epoch: [9/23], Batch: 840/2963, Loss: 59.437, Trans_L2_m: 0.333, Yaw_err_deg: 1.174
Epoch: [9/23], Batch: 850/2963, Loss: 61.363, Trans_L2_m: 0.375, Yaw_err_deg: 1.135
Epoch: [9/23], Batch: 860/2963, Loss: 74.770, Trans_L2_m: 0.591, Yaw_err_deg: 1.719
Epoch: [9/23], Batch: 870/2963, Loss: 81.613, Trans_L2_m: 0.597, Yaw_err_deg: 1.985
Epoch: [9/23], Batch: 880/2963, Loss: 75.248, Trans_L2_m: 0.586, Yaw_err_deg: 1.603
Epoch: [9/23], Batch: 890/2963, Loss: 66.680, Trans_L2_m: 0.430, Yaw_err_deg: 1.456
Epoch: [9/23], Batch: 900/2963, Loss: 66.168, Trans_L2_m: 0.555, Yaw_err_deg: 1.553
Epoch: [9/23], Batch: 910/2963, Loss: 83.214, Trans_L2_m: 0.515, Yaw_err_deg: 1.867
Epoch: [9/23], Batch: 920/2963, Loss: 92.297, Trans_L2_m: 0.688, Yaw_err_deg: 1.643
Epoch: [9/23], Batch: 930/2963, Loss: 93.254, Trans_L2_m: 0.384, Yaw_err_deg: 2.068
Epoch: [9/23], Batch: 940/2963, Loss: 87.162, Trans_L2_m: 0.597, Yaw_err_deg: 1.819
Epoch: [9/23], Batch: 950/2963, Loss: 70.235, Trans_L2_m: 0.512, Yaw_err_deg: 1.530
Epoch: [9/23], Batch: 960/2963, Loss: 59.300, Trans_L2_m: 0.483, Yaw_err_deg: 0.972
Epoch: [9/23], Batch: 970/2963, Loss: 81.412, Trans_L2_m: 0.543, Yaw_err_deg: 1.517
Epoch: [9/23], Batch: 980/2963, Loss: 67.869, Trans_L2_m: 0.424, Yaw_err_deg: 1.614
Epoch: [9/23], Batch: 990/2963, Loss: 66.796, Trans_L2_m: 0.469, Yaw_err_deg: 1.330
Epoch: [9/23], Batch: 1000/2963, Loss: 64.739, Trans_L2_m: 0.464, Yaw_err_deg: 1.216
Epoch: [9/23], Batch: 1010/2963, Loss: 60.301, Trans_L2_m: 0.526, Yaw_err_deg: 1.252
Epoch: [9/23], Batch: 1020/2963, Loss: 69.505, Trans_L2_m: 0.529, Yaw_err_deg: 1.303
Epoch: [9/23], Batch: 1030/2963, Loss: 125.787, Trans_L2_m: 0.695, Yaw_err_deg: 2.624
Epoch: [9/23], Batch: 1040/2963, Loss: 63.821, Trans_L2_m: 0.555, Yaw_err_deg: 1.372
Epoch: [9/23], Batch: 1050/2963, Loss: 68.377, Trans_L2_m: 0.556, Yaw_err_deg: 1.347
Epoch: [9/23], Batch: 1060/2963, Loss: 79.252, Trans_L2_m: 0.437, Yaw_err_deg: 1.837
Epoch: [9/23], Batch: 1070/2963, Loss: 58.887, Trans_L2_m: 0.509, Yaw_err_deg: 1.160
Epoch: [9/23], Batch: 1080/2963, Loss: 91.393, Trans_L2_m: 0.619, Yaw_err_deg: 1.727
Epoch: [9/23], Batch: 1090/2963, Loss: 104.376, Trans_L2_m: 0.627, Yaw_err_deg: 1.786
Epoch: [9/23], Batch: 1100/2963, Loss: 78.561, Trans_L2_m: 0.392, Yaw_err_deg: 2.166
Epoch: [9/23], Batch: 1110/2963, Loss: 71.726, Trans_L2_m: 0.500, Yaw_err_deg: 1.371
Epoch: [9/23], Batch: 1120/2963, Loss: 69.314, Trans_L2_m: 0.536, Yaw_err_deg: 1.437
Epoch: [9/23], Batch: 1130/2963, Loss: 71.149, Trans_L2_m: 0.618, Yaw_err_deg: 1.357
Epoch: [9/23], Batch: 1140/2963, Loss: 66.131, Trans_L2_m: 0.577, Yaw_err_deg: 1.416
Epoch: [9/23], Batch: 1150/2963, Loss: 57.196, Trans_L2_m: 0.526, Yaw_err_deg: 1.006
Epoch: [9/23], Batch: 1160/2963, Loss: 72.204, Trans_L2_m: 0.391, Yaw_err_deg: 1.481
Epoch: [9/23], Batch: 1170/2963, Loss: 67.597, Trans_L2_m: 0.549, Yaw_err_deg: 1.495
Epoch: [9/23], Batch: 1180/2963, Loss: 82.208, Trans_L2_m: 0.392, Yaw_err_deg: 1.515
Epoch: [9/23], Batch: 1190/2963, Loss: 66.073, Trans_L2_m: 0.383, Yaw_err_deg: 1.536
Epoch: [9/23], Batch: 1200/2963, Loss: 80.572, Trans_L2_m: 0.516, Yaw_err_deg: 1.689
Epoch: [9/23], Batch: 1210/2963, Loss: 72.950, Trans_L2_m: 0.435, Yaw_err_deg: 1.530
Epoch: [9/23], Batch: 1220/2963, Loss: 86.293, Trans_L2_m: 0.437, Yaw_err_deg: 1.901
Epoch: [9/23], Batch: 1230/2963, Loss: 97.308, Trans_L2_m: 0.533, Yaw_err_deg: 1.746
Epoch: [9/23], Batch: 1240/2963, Loss: 70.269, Trans_L2_m: 0.505, Yaw_err_deg: 1.343
Epoch: [9/23], Batch: 1250/2963, Loss: 66.698, Trans_L2_m: 0.629, Yaw_err_deg: 1.495
Epoch: [9/23], Batch: 1260/2963, Loss: 66.689, Trans_L2_m: 0.859, Yaw_err_deg: 1.164
Epoch: [9/23], Batch: 1270/2963, Loss: 76.847, Trans_L2_m: 0.502, Yaw_err_deg: 1.613
Epoch: [9/23], Batch: 1280/2963, Loss: 116.562, Trans_L2_m: 0.591, Yaw_err_deg: 1.883
Epoch: [9/23], Batch: 1290/2963, Loss: 72.474, Trans_L2_m: 0.556, Yaw_err_deg: 1.629
Epoch: [9/23], Batch: 1300/2963, Loss: 64.116, Trans_L2_m: 0.429, Yaw_err_deg: 1.324
Epoch: [9/23], Batch: 1310/2963, Loss: 75.547, Trans_L2_m: 0.491, Yaw_err_deg: 1.575
Epoch: [9/23], Batch: 1320/2963, Loss: 131.859, Trans_L2_m: 0.418, Yaw_err_deg: 2.646
Epoch: [9/23], Batch: 1330/2963, Loss: 96.926, Trans_L2_m: 0.616, Yaw_err_deg: 1.431
Epoch: [9/23], Batch: 1340/2963, Loss: 61.905, Trans_L2_m: 0.547, Yaw_err_deg: 1.368
Epoch: [9/23], Batch: 1350/2963, Loss: 88.786, Trans_L2_m: 0.448, Yaw_err_deg: 1.681
Epoch: [9/23], Batch: 1360/2963, Loss: 431.647, Trans_L2_m: 0.599, Yaw_err_deg: 3.652
Epoch: [9/23], Batch: 1370/2963, Loss: 71.138, Trans_L2_m: 0.542, Yaw_err_deg: 1.592
Epoch: [9/23], Batch: 1380/2963, Loss: 63.722, Trans_L2_m: 0.541, Yaw_err_deg: 1.184
Epoch: [9/23], Batch: 1390/2963, Loss: 96.861, Trans_L2_m: 0.539, Yaw_err_deg: 2.416
Epoch: [9/23], Batch: 1400/2963, Loss: 76.703, Trans_L2_m: 0.659, Yaw_err_deg: 1.414
Epoch: [9/23], Batch: 1410/2963, Loss: 320.077, Trans_L2_m: 0.485, Yaw_err_deg: 0.922
Epoch: [9/23], Batch: 1420/2963, Loss: 68.326, Trans_L2_m: 0.461, Yaw_err_deg: 1.595
Epoch: [9/23], Batch: 1430/2963, Loss: 60.613, Trans_L2_m: 0.340, Yaw_err_deg: 1.149
Epoch: [9/23], Batch: 1440/2963, Loss: 63.487, Trans_L2_m: 0.574, Yaw_err_deg: 1.165
Epoch: [9/23], Batch: 1450/2963, Loss: 90.604, Trans_L2_m: 0.659, Yaw_err_deg: 2.002
Epoch: [9/23], Batch: 1460/2963, Loss: 60.888, Trans_L2_m: 0.721, Yaw_err_deg: 0.953
Epoch: [9/23], Batch: 1470/2963, Loss: 74.483, Trans_L2_m: 0.606, Yaw_err_deg: 1.640
Epoch: [9/23], Batch: 1480/2963, Loss: 61.224, Trans_L2_m: 0.582, Yaw_err_deg: 1.135
Epoch: [9/23], Batch: 1490/2963, Loss: 69.396, Trans_L2_m: 0.300, Yaw_err_deg: 1.451
Epoch: [9/23], Batch: 1500/2963, Loss: 70.194, Trans_L2_m: 0.572, Yaw_err_deg: 1.366
Epoch: [9/23], Batch: 1510/2963, Loss: 88.410, Trans_L2_m: 0.578, Yaw_err_deg: 1.762
Epoch: [9/23], Batch: 1520/2963, Loss: 98.920, Trans_L2_m: 0.666, Yaw_err_deg: 2.268
Epoch: [9/23], Batch: 1530/2963, Loss: 88.430, Trans_L2_m: 0.584, Yaw_err_deg: 1.544
Epoch: [9/23], Batch: 1540/2963, Loss: 76.596, Trans_L2_m: 0.440, Yaw_err_deg: 1.795
Epoch: [9/23], Batch: 1550/2963, Loss: 66.301, Trans_L2_m: 0.546, Yaw_err_deg: 1.337
Epoch: [9/23], Batch: 1560/2963, Loss: 95.033, Trans_L2_m: 0.366, Yaw_err_deg: 2.134
Epoch: [9/23], Batch: 1570/2963, Loss: 87.605, Trans_L2_m: 0.584, Yaw_err_deg: 2.180
Epoch: [9/23], Batch: 1580/2963, Loss: 56.573, Trans_L2_m: 0.518, Yaw_err_deg: 1.265
Epoch: [9/23], Batch: 1590/2963, Loss: 67.888, Trans_L2_m: 0.539, Yaw_err_deg: 1.485
Epoch: [9/23], Batch: 1600/2963, Loss: 131.494, Trans_L2_m: 0.688, Yaw_err_deg: 2.697
Epoch: [9/23], Batch: 1610/2963, Loss: 65.208, Trans_L2_m: 0.480, Yaw_err_deg: 1.253
Epoch: [9/23], Batch: 1620/2963, Loss: 61.252, Trans_L2_m: 0.482, Yaw_err_deg: 0.919
Epoch: [9/23], Batch: 1630/2963, Loss: 66.638, Trans_L2_m: 0.514, Yaw_err_deg: 0.949
Epoch: [9/23], Batch: 1640/2963, Loss: 75.384, Trans_L2_m: 0.625, Yaw_err_deg: 1.313
Epoch: [9/23], Batch: 1650/2963, Loss: 64.062, Trans_L2_m: 0.488, Yaw_err_deg: 1.434
Epoch: [9/23], Batch: 1660/2963, Loss: 75.758, Trans_L2_m: 0.507, Yaw_err_deg: 1.738
Epoch: [9/23], Batch: 1670/2963, Loss: 82.728, Trans_L2_m: 0.560, Yaw_err_deg: 1.638
Epoch: [9/23], Batch: 1680/2963, Loss: 93.696, Trans_L2_m: 0.638, Yaw_err_deg: 2.016
Epoch: [9/23], Batch: 1690/2963, Loss: 65.938, Trans_L2_m: 0.394, Yaw_err_deg: 1.577
Epoch: [9/23], Batch: 1700/2963, Loss: 55.247, Trans_L2_m: 0.455, Yaw_err_deg: 1.149
Epoch: [9/23], Batch: 1710/2963, Loss: 62.268, Trans_L2_m: 0.551, Yaw_err_deg: 1.108
Epoch: [9/23], Batch: 1720/2963, Loss: 72.453, Trans_L2_m: 0.459, Yaw_err_deg: 1.809
Epoch: [9/23], Batch: 1730/2963, Loss: 58.221, Trans_L2_m: 0.501, Yaw_err_deg: 1.172
Epoch: [9/23], Batch: 1740/2963, Loss: 76.379, Trans_L2_m: 0.500, Yaw_err_deg: 1.429
Epoch: [9/23], Batch: 1750/2963, Loss: 83.483, Trans_L2_m: 0.336, Yaw_err_deg: 1.924
Epoch: [9/23], Batch: 1760/2963, Loss: 95.504, Trans_L2_m: 0.549, Yaw_err_deg: 1.609
Epoch: [9/23], Batch: 1770/2963, Loss: 88.542, Trans_L2_m: 0.700, Yaw_err_deg: 1.910
Epoch: [9/23], Batch: 1780/2963, Loss: 74.100, Trans_L2_m: 0.660, Yaw_err_deg: 1.477
Epoch: [9/23], Batch: 1790/2963, Loss: 82.040, Trans_L2_m: 0.548, Yaw_err_deg: 2.077
Epoch: [9/23], Batch: 1800/2963, Loss: 62.999, Trans_L2_m: 0.426, Yaw_err_deg: 1.359
Epoch: [9/23], Batch: 1810/2963, Loss: 98.480, Trans_L2_m: 0.809, Yaw_err_deg: 1.999
Epoch: [9/23], Batch: 1820/2963, Loss: 58.948, Trans_L2_m: 0.485, Yaw_err_deg: 1.063
Epoch: [9/23], Batch: 1830/2963, Loss: 88.716, Trans_L2_m: 0.639, Yaw_err_deg: 2.002
Epoch: [9/23], Batch: 1840/2963, Loss: 62.826, Trans_L2_m: 0.571, Yaw_err_deg: 1.192
Epoch: [9/23], Batch: 1850/2963, Loss: 80.929, Trans_L2_m: 0.550, Yaw_err_deg: 1.554
Epoch: [9/23], Batch: 1860/2963, Loss: 64.259, Trans_L2_m: 0.500, Yaw_err_deg: 1.383
Epoch: [9/23], Batch: 1870/2963, Loss: 61.251, Trans_L2_m: 0.427, Yaw_err_deg: 1.112
Epoch: [9/23], Batch: 1880/2963, Loss: 69.510, Trans_L2_m: 0.532, Yaw_err_deg: 1.540
Epoch: [9/23], Batch: 1890/2963, Loss: 82.043, Trans_L2_m: 0.627, Yaw_err_deg: 1.627
Epoch: [9/23], Batch: 1900/2963, Loss: 75.274, Trans_L2_m: 0.430, Yaw_err_deg: 1.649
Epoch: [9/23], Batch: 1910/2963, Loss: 72.152, Trans_L2_m: 0.627, Yaw_err_deg: 1.583
Epoch: [9/23], Batch: 1920/2963, Loss: 76.831, Trans_L2_m: 0.703, Yaw_err_deg: 1.612
Epoch: [9/23], Batch: 1930/2963, Loss: 85.047, Trans_L2_m: 0.638, Yaw_err_deg: 1.444
Epoch: [9/23], Batch: 1940/2963, Loss: 72.007, Trans_L2_m: 0.517, Yaw_err_deg: 1.570
Epoch: [9/23], Batch: 1950/2963, Loss: 75.488, Trans_L2_m: 0.568, Yaw_err_deg: 1.531
Epoch: [9/23], Batch: 1960/2963, Loss: 77.134, Trans_L2_m: 0.546, Yaw_err_deg: 1.594
Epoch: [9/23], Batch: 1970/2963, Loss: 70.197, Trans_L2_m: 0.640, Yaw_err_deg: 1.436
Epoch: [9/23], Batch: 1980/2963, Loss: 53.043, Trans_L2_m: 0.394, Yaw_err_deg: 1.017
Epoch: [9/23], Batch: 1990/2963, Loss: 68.298, Trans_L2_m: 0.410, Yaw_err_deg: 1.489
Epoch: [9/23], Batch: 2000/2963, Loss: 79.576, Trans_L2_m: 0.482, Yaw_err_deg: 1.759
Epoch: [9/23], Batch: 2010/2963, Loss: 74.337, Trans_L2_m: 0.724, Yaw_err_deg: 1.318
Epoch: [9/23], Batch: 2020/2963, Loss: 83.486, Trans_L2_m: 0.534, Yaw_err_deg: 1.930
Epoch: [9/23], Batch: 2030/2963, Loss: 105.520, Trans_L2_m: 0.346, Yaw_err_deg: 2.237
Epoch: [9/23], Batch: 2040/2963, Loss: 62.767, Trans_L2_m: 0.452, Yaw_err_deg: 1.123
Epoch: [9/23], Batch: 2050/2963, Loss: 97.673, Trans_L2_m: 0.716, Yaw_err_deg: 1.734
Epoch: [9/23], Batch: 2060/2963, Loss: 56.983, Trans_L2_m: 0.534, Yaw_err_deg: 1.031
Epoch: [9/23], Batch: 2070/2963, Loss: 55.716, Trans_L2_m: 0.451, Yaw_err_deg: 1.020
Epoch: [9/23], Batch: 2080/2963, Loss: 63.662, Trans_L2_m: 0.502, Yaw_err_deg: 1.083
Epoch: [9/23], Batch: 2090/2963, Loss: 65.432, Trans_L2_m: 0.627, Yaw_err_deg: 1.308
Epoch: [9/23], Batch: 2100/2963, Loss: 53.237, Trans_L2_m: 0.416, Yaw_err_deg: 0.899
Epoch: [9/23], Batch: 2110/2963, Loss: 76.384, Trans_L2_m: 0.656, Yaw_err_deg: 1.265
Epoch: [9/23], Batch: 2120/2963, Loss: 63.537, Trans_L2_m: 0.478, Yaw_err_deg: 1.266
Epoch: [9/23], Batch: 2130/2963, Loss: 78.842, Trans_L2_m: 0.574, Yaw_err_deg: 1.401
Epoch: [9/23], Batch: 2140/2963, Loss: 58.644, Trans_L2_m: 0.470, Yaw_err_deg: 1.095
Epoch: [9/23], Batch: 2150/2963, Loss: 67.650, Trans_L2_m: 0.534, Yaw_err_deg: 1.509
Epoch: [9/23], Batch: 2160/2963, Loss: 386.434, Trans_L2_m: 0.561, Yaw_err_deg: 3.014
Epoch: [9/23], Batch: 2170/2963, Loss: 88.635, Trans_L2_m: 0.519, Yaw_err_deg: 1.876
Epoch: [9/23], Batch: 2180/2963, Loss: 64.833, Trans_L2_m: 0.512, Yaw_err_deg: 1.169
Epoch: [9/23], Batch: 2190/2963, Loss: 144.628, Trans_L2_m: 0.499, Yaw_err_deg: 2.274
Epoch: [9/23], Batch: 2200/2963, Loss: 65.041, Trans_L2_m: 0.575, Yaw_err_deg: 1.433
Epoch: [9/23], Batch: 2210/2963, Loss: 63.346, Trans_L2_m: 0.414, Yaw_err_deg: 1.457
Epoch: [9/23], Batch: 2220/2963, Loss: 58.456, Trans_L2_m: 0.565, Yaw_err_deg: 1.023
Epoch: [9/23], Batch: 2230/2963, Loss: 61.342, Trans_L2_m: 0.632, Yaw_err_deg: 0.912
Epoch: [9/23], Batch: 2240/2963, Loss: 100.956, Trans_L2_m: 0.536, Yaw_err_deg: 1.527
Epoch: [9/23], Batch: 2250/2963, Loss: 93.437, Trans_L2_m: 0.584, Yaw_err_deg: 1.836
Epoch: [9/23], Batch: 2260/2963, Loss: 63.362, Trans_L2_m: 0.531, Yaw_err_deg: 1.001
Epoch: [9/23], Batch: 2270/2963, Loss: 77.285, Trans_L2_m: 0.663, Yaw_err_deg: 1.201
Epoch: [9/23], Batch: 2280/2963, Loss: 61.192, Trans_L2_m: 0.554, Yaw_err_deg: 1.204
Epoch: [9/23], Batch: 2290/2963, Loss: 64.748, Trans_L2_m: 0.488, Yaw_err_deg: 1.739
Epoch: [9/23], Batch: 2300/2963, Loss: 81.744, Trans_L2_m: 0.581, Yaw_err_deg: 1.468
Epoch: [9/23], Batch: 2310/2963, Loss: 167.369, Trans_L2_m: 0.365, Yaw_err_deg: 2.802
Epoch: [9/23], Batch: 2320/2963, Loss: 57.560, Trans_L2_m: 0.379, Yaw_err_deg: 1.026
Epoch: [9/23], Batch: 2330/2963, Loss: 54.174, Trans_L2_m: 0.552, Yaw_err_deg: 0.996
Epoch: [9/23], Batch: 2340/2963, Loss: 59.708, Trans_L2_m: 0.440, Yaw_err_deg: 1.203
Epoch: [9/23], Batch: 2350/2963, Loss: 84.079, Trans_L2_m: 0.419, Yaw_err_deg: 2.178
Epoch: [9/23], Batch: 2360/2963, Loss: 96.342, Trans_L2_m: 0.545, Yaw_err_deg: 2.387
Epoch: [9/23], Batch: 2370/2963, Loss: 64.032, Trans_L2_m: 0.427, Yaw_err_deg: 1.645
Epoch: [9/23], Batch: 2380/2963, Loss: 52.839, Trans_L2_m: 0.483, Yaw_err_deg: 0.806
Epoch: [9/23], Batch: 2390/2963, Loss: 76.749, Trans_L2_m: 0.502, Yaw_err_deg: 1.699
Epoch: [9/23], Batch: 2400/2963, Loss: 57.217, Trans_L2_m: 0.443, Yaw_err_deg: 1.528
Epoch: [9/23], Batch: 2410/2963, Loss: 69.348, Trans_L2_m: 0.455, Yaw_err_deg: 1.331
Epoch: [9/23], Batch: 2420/2963, Loss: 74.983, Trans_L2_m: 0.576, Yaw_err_deg: 1.742
Epoch: [9/23], Batch: 2430/2963, Loss: 93.073, Trans_L2_m: 0.423, Yaw_err_deg: 2.024
Epoch: [9/23], Batch: 2440/2963, Loss: 71.786, Trans_L2_m: 0.552, Yaw_err_deg: 1.035
Epoch: [9/23], Batch: 2450/2963, Loss: 78.406, Trans_L2_m: 0.577, Yaw_err_deg: 1.426
Epoch: [9/23], Batch: 2460/2963, Loss: 59.595, Trans_L2_m: 0.510, Yaw_err_deg: 1.003
Epoch: [9/23], Batch: 2470/2963, Loss: 75.342, Trans_L2_m: 0.530, Yaw_err_deg: 1.449
Epoch: [9/23], Batch: 2480/2963, Loss: 76.407, Trans_L2_m: 0.553, Yaw_err_deg: 1.471
Epoch: [9/23], Batch: 2490/2963, Loss: 56.202, Trans_L2_m: 0.530, Yaw_err_deg: 1.103
Epoch: [9/23], Batch: 2500/2963, Loss: 55.449, Trans_L2_m: 0.417, Yaw_err_deg: 1.108
Epoch: [9/23], Batch: 2510/2963, Loss: 67.501, Trans_L2_m: 0.696, Yaw_err_deg: 1.203
Epoch: [9/23], Batch: 2520/2963, Loss: 75.458, Trans_L2_m: 0.746, Yaw_err_deg: 1.449
Epoch: [9/23], Batch: 2530/2963, Loss: 76.018, Trans_L2_m: 0.535, Yaw_err_deg: 1.581
Epoch: [9/23], Batch: 2540/2963, Loss: 73.174, Trans_L2_m: 0.523, Yaw_err_deg: 1.682
Epoch: [9/23], Batch: 2550/2963, Loss: 63.413, Trans_L2_m: 0.512, Yaw_err_deg: 1.493
Epoch: [9/23], Batch: 2560/2963, Loss: 70.847, Trans_L2_m: 0.422, Yaw_err_deg: 1.540
Epoch: [9/23], Batch: 2570/2963, Loss: 77.990, Trans_L2_m: 0.578, Yaw_err_deg: 1.670
Epoch: [9/23], Batch: 2580/2963, Loss: 106.379, Trans_L2_m: 0.400, Yaw_err_deg: 2.596
Epoch: [9/23], Batch: 2590/2963, Loss: 52.485, Trans_L2_m: 0.586, Yaw_err_deg: 0.796
Epoch: [9/23], Batch: 2600/2963, Loss: 71.322, Trans_L2_m: 0.598, Yaw_err_deg: 1.367
Epoch: [9/23], Batch: 2610/2963, Loss: 105.424, Trans_L2_m: 0.777, Yaw_err_deg: 2.413
Epoch: [9/23], Batch: 2620/2963, Loss: 49.454, Trans_L2_m: 0.422, Yaw_err_deg: 1.190
Epoch: [9/23], Batch: 2630/2963, Loss: 69.442, Trans_L2_m: 0.625, Yaw_err_deg: 1.303
Epoch: [9/23], Batch: 2640/2963, Loss: 57.616, Trans_L2_m: 0.582, Yaw_err_deg: 0.986
Epoch: [9/23], Batch: 2650/2963, Loss: 63.569, Trans_L2_m: 0.612, Yaw_err_deg: 1.141
Epoch: [9/23], Batch: 2660/2963, Loss: 89.800, Trans_L2_m: 0.492, Yaw_err_deg: 2.125
Epoch: [9/23], Batch: 2670/2963, Loss: 64.757, Trans_L2_m: 0.579, Yaw_err_deg: 1.128
Epoch: [9/23], Batch: 2680/2963, Loss: 300.715, Trans_L2_m: 0.623, Yaw_err_deg: 3.286
Epoch: [9/23], Batch: 2690/2963, Loss: 77.964, Trans_L2_m: 0.418, Yaw_err_deg: 1.976
Epoch: [9/23], Batch: 2700/2963, Loss: 53.532, Trans_L2_m: 0.476, Yaw_err_deg: 1.059
Epoch: [9/23], Batch: 2710/2963, Loss: 62.183, Trans_L2_m: 0.389, Yaw_err_deg: 1.194
Epoch: [9/23], Batch: 2720/2963, Loss: 72.328, Trans_L2_m: 0.867, Yaw_err_deg: 1.264
Epoch: [9/23], Batch: 2730/2963, Loss: 61.124, Trans_L2_m: 0.635, Yaw_err_deg: 1.189
Epoch: [9/23], Batch: 2740/2963, Loss: 66.861, Trans_L2_m: 0.539, Yaw_err_deg: 1.045
Epoch: [9/23], Batch: 2750/2963, Loss: 79.982, Trans_L2_m: 0.507, Yaw_err_deg: 1.756
Epoch: [9/23], Batch: 2760/2963, Loss: 69.242, Trans_L2_m: 0.646, Yaw_err_deg: 1.350
Epoch: [9/23], Batch: 2770/2963, Loss: 57.211, Trans_L2_m: 0.503, Yaw_err_deg: 1.030
Epoch: [9/23], Batch: 2780/2963, Loss: 77.299, Trans_L2_m: 0.529, Yaw_err_deg: 1.667
Epoch: [9/23], Batch: 2790/2963, Loss: 51.476, Trans_L2_m: 0.493, Yaw_err_deg: 0.972
Epoch: [9/23], Batch: 2800/2963, Loss: 69.463, Trans_L2_m: 0.650, Yaw_err_deg: 1.456
Epoch: [9/23], Batch: 2810/2963, Loss: 70.404, Trans_L2_m: 0.646, Yaw_err_deg: 1.655
Epoch: [9/23], Batch: 2820/2963, Loss: 79.118, Trans_L2_m: 0.422, Yaw_err_deg: 1.731
Epoch: [9/23], Batch: 2830/2963, Loss: 86.500, Trans_L2_m: 0.461, Yaw_err_deg: 2.044
Epoch: [9/23], Batch: 2840/2963, Loss: 56.412, Trans_L2_m: 0.463, Yaw_err_deg: 0.955
Epoch: [9/23], Batch: 2850/2963, Loss: 57.332, Trans_L2_m: 0.554, Yaw_err_deg: 0.738
Epoch: [9/23], Batch: 2860/2963, Loss: 90.310, Trans_L2_m: 0.625, Yaw_err_deg: 1.985
Epoch: [9/23], Batch: 2870/2963, Loss: 102.658, Trans_L2_m: 0.520, Yaw_err_deg: 2.434
Epoch: [9/23], Batch: 2880/2963, Loss: 62.952, Trans_L2_m: 0.496, Yaw_err_deg: 1.143
Epoch: [9/23], Batch: 2890/2963, Loss: 78.458, Trans_L2_m: 0.397, Yaw_err_deg: 1.706
Epoch: [9/23], Batch: 2900/2963, Loss: 109.337, Trans_L2_m: 0.422, Yaw_err_deg: 2.105
Epoch: [9/23], Batch: 2910/2963, Loss: 124.497, Trans_L2_m: 0.379, Yaw_err_deg: 2.921
Epoch: [9/23], Batch: 2920/2963, Loss: 59.834, Trans_L2_m: 0.471, Yaw_err_deg: 1.101
Epoch: [9/23], Batch: 2930/2963, Loss: 71.665, Trans_L2_m: 0.490, Yaw_err_deg: 1.323
Epoch: [9/23], Batch: 2940/2963, Loss: 96.576, Trans_L2_m: 0.535, Yaw_err_deg: 2.156
Epoch: [9/23], Batch: 2950/2963, Loss: 68.541, Trans_L2_m: 0.702, Yaw_err_deg: 1.360
Epoch: [9/23], Batch: 2960/2963, Loss: 77.935, Trans_L2_m: 0.460, Yaw_err_deg: 1.596
Validation loss (homography): 941.9926
Avg batch time: 961.25 ms, total: 311.911 s
[1;91mVal has no improvement vs 799.3275146484375![0m
Epoch: [10/23], Batch: 0/2963, Loss: 80.515, Trans_L2_m: 0.484, Yaw_err_deg: 2.051
Epoch: [10/23], Batch: 10/2963, Loss: 71.214, Trans_L2_m: 0.411, Yaw_err_deg: 1.717
Epoch: [10/23], Batch: 20/2963, Loss: 73.844, Trans_L2_m: 0.684, Yaw_err_deg: 1.460
Epoch: [10/23], Batch: 30/2963, Loss: 97.870, Trans_L2_m: 0.481, Yaw_err_deg: 2.266
Epoch: [10/23], Batch: 40/2963, Loss: 74.814, Trans_L2_m: 0.708, Yaw_err_deg: 1.306
Epoch: [10/23], Batch: 50/2963, Loss: 171.843, Trans_L2_m: 0.504, Yaw_err_deg: 1.906
Epoch: [10/23], Batch: 60/2963, Loss: 88.701, Trans_L2_m: 0.371, Yaw_err_deg: 1.796
Epoch: [10/23], Batch: 70/2963, Loss: 62.496, Trans_L2_m: 0.413, Yaw_err_deg: 1.323
Epoch: [10/23], Batch: 80/2963, Loss: 72.787, Trans_L2_m: 0.431, Yaw_err_deg: 1.764
Epoch: [10/23], Batch: 90/2963, Loss: 61.692, Trans_L2_m: 0.558, Yaw_err_deg: 1.058
Epoch: [10/23], Batch: 100/2963, Loss: 68.954, Trans_L2_m: 0.536, Yaw_err_deg: 1.587
Epoch: [10/23], Batch: 110/2963, Loss: 90.629, Trans_L2_m: 0.610, Yaw_err_deg: 1.423
Epoch: [10/23], Batch: 120/2963, Loss: 76.180, Trans_L2_m: 0.472, Yaw_err_deg: 1.629
Epoch: [10/23], Batch: 130/2963, Loss: 60.188, Trans_L2_m: 0.549, Yaw_err_deg: 1.232
Epoch: [10/23], Batch: 140/2963, Loss: 83.904, Trans_L2_m: 0.563, Yaw_err_deg: 1.773
Epoch: [10/23], Batch: 150/2963, Loss: 65.157, Trans_L2_m: 0.472, Yaw_err_deg: 1.311
Epoch: [10/23], Batch: 160/2963, Loss: 77.736, Trans_L2_m: 0.444, Yaw_err_deg: 1.954
Epoch: [10/23], Batch: 170/2963, Loss: 70.625, Trans_L2_m: 0.476, Yaw_err_deg: 1.516
Epoch: [10/23], Batch: 180/2963, Loss: 66.798, Trans_L2_m: 0.516, Yaw_err_deg: 1.539
Epoch: [10/23], Batch: 190/2963, Loss: 57.863, Trans_L2_m: 0.639, Yaw_err_deg: 1.148
Epoch: [10/23], Batch: 200/2963, Loss: 65.085, Trans_L2_m: 0.543, Yaw_err_deg: 1.514
Epoch: [10/23], Batch: 210/2963, Loss: 58.548, Trans_L2_m: 0.411, Yaw_err_deg: 0.915
Epoch: [10/23], Batch: 220/2963, Loss: 68.846, Trans_L2_m: 0.616, Yaw_err_deg: 1.358
Epoch: [10/23], Batch: 230/2963, Loss: 97.960, Trans_L2_m: 0.425, Yaw_err_deg: 2.401
Epoch: [10/23], Batch: 240/2963, Loss: 60.178, Trans_L2_m: 0.530, Yaw_err_deg: 1.229
Epoch: [10/23], Batch: 250/2963, Loss: 57.932, Trans_L2_m: 0.565, Yaw_err_deg: 0.700
Epoch: [10/23], Batch: 260/2963, Loss: 89.645, Trans_L2_m: 0.573, Yaw_err_deg: 1.837
Epoch: [10/23], Batch: 270/2963, Loss: 74.372, Trans_L2_m: 0.484, Yaw_err_deg: 1.361
Epoch: [10/23], Batch: 280/2963, Loss: 56.038, Trans_L2_m: 0.561, Yaw_err_deg: 1.089
Epoch: [10/23], Batch: 290/2963, Loss: 68.042, Trans_L2_m: 0.561, Yaw_err_deg: 1.457
Epoch: [10/23], Batch: 300/2963, Loss: 95.037, Trans_L2_m: 0.565, Yaw_err_deg: 1.911
Epoch: [10/23], Batch: 310/2963, Loss: 61.458, Trans_L2_m: 0.488, Yaw_err_deg: 1.095
Epoch: [10/23], Batch: 320/2963, Loss: 68.732, Trans_L2_m: 0.576, Yaw_err_deg: 1.307
Epoch: [10/23], Batch: 330/2963, Loss: 72.419, Trans_L2_m: 0.487, Yaw_err_deg: 1.253
Epoch: [10/23], Batch: 340/2963, Loss: 82.124, Trans_L2_m: 0.561, Yaw_err_deg: 1.860
Epoch: [10/23], Batch: 350/2963, Loss: 76.694, Trans_L2_m: 0.362, Yaw_err_deg: 2.027
Epoch: [10/23], Batch: 360/2963, Loss: 57.875, Trans_L2_m: 0.573, Yaw_err_deg: 1.016
Epoch: [10/23], Batch: 370/2963, Loss: 59.537, Trans_L2_m: 0.529, Yaw_err_deg: 0.983
Epoch: [10/23], Batch: 380/2963, Loss: 70.806, Trans_L2_m: 0.819, Yaw_err_deg: 1.014
Epoch: [10/23], Batch: 390/2963, Loss: 73.579, Trans_L2_m: 0.394, Yaw_err_deg: 1.706
Epoch: [10/23], Batch: 400/2963, Loss: 61.905, Trans_L2_m: 0.499, Yaw_err_deg: 1.265
Epoch: [10/23], Batch: 410/2963, Loss: 76.672, Trans_L2_m: 0.407, Yaw_err_deg: 1.844
Epoch: [10/23], Batch: 420/2963, Loss: 96.004, Trans_L2_m: 0.448, Yaw_err_deg: 2.249
Epoch: [10/23], Batch: 430/2963, Loss: 58.778, Trans_L2_m: 0.374, Yaw_err_deg: 1.292
Epoch: [10/23], Batch: 440/2963, Loss: 66.944, Trans_L2_m: 0.585, Yaw_err_deg: 1.175
Epoch: [10/23], Batch: 450/2963, Loss: 57.406, Trans_L2_m: 0.531, Yaw_err_deg: 1.025
Epoch: [10/23], Batch: 460/2963, Loss: 70.884, Trans_L2_m: 0.362, Yaw_err_deg: 1.529
Epoch: [10/23], Batch: 470/2963, Loss: 56.162, Trans_L2_m: 0.499, Yaw_err_deg: 1.102
Epoch: [10/23], Batch: 480/2963, Loss: 62.497, Trans_L2_m: 0.463, Yaw_err_deg: 1.096
Epoch: [10/23], Batch: 490/2963, Loss: 67.453, Trans_L2_m: 0.549, Yaw_err_deg: 1.540
Epoch: [10/23], Batch: 500/2963, Loss: 66.788, Trans_L2_m: 0.551, Yaw_err_deg: 0.951
Epoch: [10/23], Batch: 510/2963, Loss: 68.361, Trans_L2_m: 0.346, Yaw_err_deg: 1.444
Epoch: [10/23], Batch: 520/2963, Loss: 68.418, Trans_L2_m: 0.391, Yaw_err_deg: 1.629
Epoch: [10/23], Batch: 530/2963, Loss: 60.993, Trans_L2_m: 0.540, Yaw_err_deg: 1.125
Epoch: [10/23], Batch: 540/2963, Loss: 62.834, Trans_L2_m: 0.495, Yaw_err_deg: 1.297
Epoch: [10/23], Batch: 550/2963, Loss: 56.596, Trans_L2_m: 0.458, Yaw_err_deg: 0.951
Epoch: [10/23], Batch: 560/2963, Loss: 84.089, Trans_L2_m: 0.694, Yaw_err_deg: 1.752
Epoch: [10/23], Batch: 570/2963, Loss: 74.587, Trans_L2_m: 0.563, Yaw_err_deg: 1.595
Epoch: [10/23], Batch: 580/2963, Loss: 137.734, Trans_L2_m: 0.487, Yaw_err_deg: 1.983
Epoch: [10/23], Batch: 590/2963, Loss: 55.849, Trans_L2_m: 0.492, Yaw_err_deg: 1.103
Epoch: [10/23], Batch: 600/2963, Loss: 65.882, Trans_L2_m: 0.565, Yaw_err_deg: 1.012
Epoch: [10/23], Batch: 610/2963, Loss: 78.279, Trans_L2_m: 0.531, Yaw_err_deg: 1.638
Epoch: [10/23], Batch: 620/2963, Loss: 56.704, Trans_L2_m: 0.440, Yaw_err_deg: 0.933
Epoch: [10/23], Batch: 630/2963, Loss: 79.627, Trans_L2_m: 0.743, Yaw_err_deg: 1.611
Epoch: [10/23], Batch: 640/2963, Loss: 76.674, Trans_L2_m: 0.599, Yaw_err_deg: 1.663
Epoch: [10/23], Batch: 650/2963, Loss: 70.683, Trans_L2_m: 0.471, Yaw_err_deg: 1.459
Epoch: [10/23], Batch: 660/2963, Loss: 69.157, Trans_L2_m: 0.553, Yaw_err_deg: 1.573
Epoch: [10/23], Batch: 670/2963, Loss: 69.075, Trans_L2_m: 0.667, Yaw_err_deg: 1.071
Epoch: [10/23], Batch: 680/2963, Loss: 53.937, Trans_L2_m: 0.477, Yaw_err_deg: 0.890
Epoch: [10/23], Batch: 690/2963, Loss: 65.973, Trans_L2_m: 0.593, Yaw_err_deg: 1.470
Epoch: [10/23], Batch: 700/2963, Loss: 82.403, Trans_L2_m: 0.663, Yaw_err_deg: 1.598
Epoch: [10/23], Batch: 710/2963, Loss: 55.604, Trans_L2_m: 0.568, Yaw_err_deg: 1.100
Epoch: [10/23], Batch: 720/2963, Loss: 66.841, Trans_L2_m: 0.464, Yaw_err_deg: 1.811
Epoch: [10/23], Batch: 730/2963, Loss: 60.940, Trans_L2_m: 0.491, Yaw_err_deg: 0.978
Epoch: [10/23], Batch: 740/2963, Loss: 65.379, Trans_L2_m: 0.373, Yaw_err_deg: 1.414
Epoch: [10/23], Batch: 750/2963, Loss: 72.492, Trans_L2_m: 0.422, Yaw_err_deg: 1.576
Epoch: [10/23], Batch: 760/2963, Loss: 79.308, Trans_L2_m: 0.462, Yaw_err_deg: 1.286
Epoch: [10/23], Batch: 770/2963, Loss: 66.751, Trans_L2_m: 0.580, Yaw_err_deg: 1.363
Epoch: [10/23], Batch: 780/2963, Loss: 69.988, Trans_L2_m: 0.664, Yaw_err_deg: 1.470
Epoch: [10/23], Batch: 790/2963, Loss: 63.450, Trans_L2_m: 0.387, Yaw_err_deg: 1.443
Epoch: [10/23], Batch: 800/2963, Loss: 52.410, Trans_L2_m: 0.497, Yaw_err_deg: 0.977
Epoch: [10/23], Batch: 810/2963, Loss: 66.064, Trans_L2_m: 0.488, Yaw_err_deg: 1.382
Epoch: [10/23], Batch: 820/2963, Loss: 69.403, Trans_L2_m: 0.461, Yaw_err_deg: 1.292
Epoch: [10/23], Batch: 830/2963, Loss: 71.723, Trans_L2_m: 0.634, Yaw_err_deg: 1.740
Epoch: [10/23], Batch: 840/2963, Loss: 83.346, Trans_L2_m: 0.583, Yaw_err_deg: 1.758
Epoch: [10/23], Batch: 850/2963, Loss: 81.039, Trans_L2_m: 0.467, Yaw_err_deg: 1.699
Epoch: [10/23], Batch: 860/2963, Loss: 68.891, Trans_L2_m: 0.652, Yaw_err_deg: 1.208
Epoch: [10/23], Batch: 870/2963, Loss: 66.284, Trans_L2_m: 0.465, Yaw_err_deg: 1.386
Epoch: [10/23], Batch: 880/2963, Loss: 66.227, Trans_L2_m: 0.415, Yaw_err_deg: 1.338
Epoch: [10/23], Batch: 890/2963, Loss: 107.137, Trans_L2_m: 0.508, Yaw_err_deg: 1.787
Epoch: [10/23], Batch: 900/2963, Loss: 84.942, Trans_L2_m: 0.593, Yaw_err_deg: 1.645
Epoch: [10/23], Batch: 910/2963, Loss: 63.117, Trans_L2_m: 0.495, Yaw_err_deg: 1.378
Epoch: [10/23], Batch: 920/2963, Loss: 83.339, Trans_L2_m: 0.627, Yaw_err_deg: 1.449
Epoch: [10/23], Batch: 930/2963, Loss: 66.908, Trans_L2_m: 0.475, Yaw_err_deg: 0.996
Epoch: [10/23], Batch: 940/2963, Loss: 75.099, Trans_L2_m: 0.556, Yaw_err_deg: 1.250
Epoch: [10/23], Batch: 950/2963, Loss: 72.494, Trans_L2_m: 0.524, Yaw_err_deg: 1.570
Epoch: [10/23], Batch: 960/2963, Loss: 66.906, Trans_L2_m: 0.538, Yaw_err_deg: 1.376
Epoch: [10/23], Batch: 970/2963, Loss: 86.263, Trans_L2_m: 0.642, Yaw_err_deg: 1.986
Epoch: [10/23], Batch: 980/2963, Loss: 57.937, Trans_L2_m: 0.366, Yaw_err_deg: 1.222
Epoch: [10/23], Batch: 990/2963, Loss: 73.218, Trans_L2_m: 0.522, Yaw_err_deg: 1.189
Epoch: [10/23], Batch: 1000/2963, Loss: 553.693, Trans_L2_m: 0.651, Yaw_err_deg: 3.817
Epoch: [10/23], Batch: 1010/2963, Loss: 72.943, Trans_L2_m: 0.492, Yaw_err_deg: 1.706
Epoch: [10/23], Batch: 1020/2963, Loss: 65.013, Trans_L2_m: 0.429, Yaw_err_deg: 1.445
Epoch: [10/23], Batch: 1030/2963, Loss: 58.884, Trans_L2_m: 0.651, Yaw_err_deg: 1.090
Epoch: [10/23], Batch: 1040/2963, Loss: 77.046, Trans_L2_m: 0.448, Yaw_err_deg: 1.837
Epoch: [10/23], Batch: 1050/2963, Loss: 73.164, Trans_L2_m: 0.434, Yaw_err_deg: 1.610
Epoch: [10/23], Batch: 1060/2963, Loss: 67.481, Trans_L2_m: 0.639, Yaw_err_deg: 1.247
Epoch: [10/23], Batch: 1070/2963, Loss: 78.889, Trans_L2_m: 0.413, Yaw_err_deg: 1.762
Epoch: [10/23], Batch: 1080/2963, Loss: 57.649, Trans_L2_m: 0.592, Yaw_err_deg: 1.040
Epoch: [10/23], Batch: 1090/2963, Loss: 80.137, Trans_L2_m: 0.384, Yaw_err_deg: 1.209
Epoch: [10/23], Batch: 1100/2963, Loss: 57.038, Trans_L2_m: 0.481, Yaw_err_deg: 1.078
Epoch: [10/23], Batch: 1110/2963, Loss: 58.522, Trans_L2_m: 0.452, Yaw_err_deg: 1.165
Epoch: [10/23], Batch: 1120/2963, Loss: 59.180, Trans_L2_m: 0.435, Yaw_err_deg: 1.025
Epoch: [10/23], Batch: 1130/2963, Loss: 68.465, Trans_L2_m: 0.414, Yaw_err_deg: 1.395
Epoch: [10/23], Batch: 1140/2963, Loss: 60.545, Trans_L2_m: 0.469, Yaw_err_deg: 0.979
Epoch: [10/23], Batch: 1150/2963, Loss: 57.178, Trans_L2_m: 0.461, Yaw_err_deg: 0.878
Epoch: [10/23], Batch: 1160/2963, Loss: 53.842, Trans_L2_m: 0.502, Yaw_err_deg: 0.853
Epoch: [10/23], Batch: 1170/2963, Loss: 70.640, Trans_L2_m: 0.385, Yaw_err_deg: 1.457
Epoch: [10/23], Batch: 1180/2963, Loss: 129.447, Trans_L2_m: 0.534, Yaw_err_deg: 2.322
Epoch: [10/23], Batch: 1190/2963, Loss: 76.450, Trans_L2_m: 0.632, Yaw_err_deg: 1.434
Epoch: [10/23], Batch: 1200/2963, Loss: 83.027, Trans_L2_m: 0.483, Yaw_err_deg: 2.090
Epoch: [10/23], Batch: 1210/2963, Loss: 111.276, Trans_L2_m: 0.543, Yaw_err_deg: 1.709
Epoch: [10/23], Batch: 1220/2963, Loss: 66.898, Trans_L2_m: 0.362, Yaw_err_deg: 1.361
Epoch: [10/23], Batch: 1230/2963, Loss: 81.703, Trans_L2_m: 0.610, Yaw_err_deg: 1.574
Epoch: [10/23], Batch: 1240/2963, Loss: 70.569, Trans_L2_m: 0.365, Yaw_err_deg: 1.598
Epoch: [10/23], Batch: 1250/2963, Loss: 70.015, Trans_L2_m: 0.478, Yaw_err_deg: 1.346
Epoch: [10/23], Batch: 1260/2963, Loss: 72.133, Trans_L2_m: 0.522, Yaw_err_deg: 1.773
Epoch: [10/23], Batch: 1270/2963, Loss: 76.723, Trans_L2_m: 0.362, Yaw_err_deg: 1.716
Epoch: [10/23], Batch: 1280/2963, Loss: 65.334, Trans_L2_m: 0.556, Yaw_err_deg: 1.117
Epoch: [10/23], Batch: 1290/2963, Loss: 87.452, Trans_L2_m: 0.544, Yaw_err_deg: 1.846
Epoch: [10/23], Batch: 1300/2963, Loss: 71.651, Trans_L2_m: 0.544, Yaw_err_deg: 1.389
Epoch: [10/23], Batch: 1310/2963, Loss: 87.919, Trans_L2_m: 0.514, Yaw_err_deg: 1.628
Epoch: [10/23], Batch: 1320/2963, Loss: 69.164, Trans_L2_m: 0.462, Yaw_err_deg: 1.303
Epoch: [10/23], Batch: 1330/2963, Loss: 70.344, Trans_L2_m: 0.563, Yaw_err_deg: 1.393
Epoch: [10/23], Batch: 1340/2963, Loss: 68.436, Trans_L2_m: 0.413, Yaw_err_deg: 1.576
Epoch: [10/23], Batch: 1350/2963, Loss: 67.574, Trans_L2_m: 0.568, Yaw_err_deg: 1.203
Epoch: [10/23], Batch: 1360/2963, Loss: 68.865, Trans_L2_m: 0.333, Yaw_err_deg: 1.639
Epoch: [10/23], Batch: 1370/2963, Loss: 61.617, Trans_L2_m: 0.599, Yaw_err_deg: 1.152
Epoch: [10/23], Batch: 1380/2963, Loss: 84.219, Trans_L2_m: 0.460, Yaw_err_deg: 1.709
Epoch: [10/23], Batch: 1390/2963, Loss: 90.801, Trans_L2_m: 0.566, Yaw_err_deg: 1.698
Epoch: [10/23], Batch: 1400/2963, Loss: 57.001, Trans_L2_m: 0.409, Yaw_err_deg: 1.338
Epoch: [10/23], Batch: 1410/2963, Loss: 74.035, Trans_L2_m: 0.566, Yaw_err_deg: 1.472
Epoch: [10/23], Batch: 1420/2963, Loss: 68.631, Trans_L2_m: 0.474, Yaw_err_deg: 1.710
Epoch: [10/23], Batch: 1430/2963, Loss: 60.484, Trans_L2_m: 0.487, Yaw_err_deg: 1.207
Epoch: [10/23], Batch: 1440/2963, Loss: 57.988, Trans_L2_m: 0.552, Yaw_err_deg: 1.334
Epoch: [10/23], Batch: 1450/2963, Loss: 65.493, Trans_L2_m: 0.527, Yaw_err_deg: 1.495
Epoch: [10/23], Batch: 1460/2963, Loss: 68.901, Trans_L2_m: 0.371, Yaw_err_deg: 1.629
Epoch: [10/23], Batch: 1470/2963, Loss: 67.442, Trans_L2_m: 0.393, Yaw_err_deg: 1.317
Epoch: [10/23], Batch: 1480/2963, Loss: 69.821, Trans_L2_m: 0.536, Yaw_err_deg: 1.286
Epoch: [10/23], Batch: 1490/2963, Loss: 66.520, Trans_L2_m: 0.403, Yaw_err_deg: 1.403
Epoch: [10/23], Batch: 1500/2963, Loss: 57.075, Trans_L2_m: 0.512, Yaw_err_deg: 0.834
Epoch: [10/23], Batch: 1510/2963, Loss: 77.633, Trans_L2_m: 0.496, Yaw_err_deg: 1.907
Epoch: [10/23], Batch: 1520/2963, Loss: 70.932, Trans_L2_m: 0.548, Yaw_err_deg: 1.367
Epoch: [10/23], Batch: 1530/2963, Loss: 71.227, Trans_L2_m: 0.441, Yaw_err_deg: 1.548
Epoch: [10/23], Batch: 1540/2963, Loss: 89.646, Trans_L2_m: 0.576, Yaw_err_deg: 1.456
Epoch: [10/23], Batch: 1550/2963, Loss: 103.923, Trans_L2_m: 0.409, Yaw_err_deg: 2.127
Epoch: [10/23], Batch: 1560/2963, Loss: 125.209, Trans_L2_m: 0.516, Yaw_err_deg: 2.217
Epoch: [10/23], Batch: 1570/2963, Loss: 63.123, Trans_L2_m: 0.446, Yaw_err_deg: 1.034
Epoch: [10/23], Batch: 1580/2963, Loss: 56.253, Trans_L2_m: 0.524, Yaw_err_deg: 0.958
Epoch: [10/23], Batch: 1590/2963, Loss: 78.163, Trans_L2_m: 0.668, Yaw_err_deg: 1.871
Epoch: [10/23], Batch: 1600/2963, Loss: 77.969, Trans_L2_m: 0.570, Yaw_err_deg: 1.337
Epoch: [10/23], Batch: 1610/2963, Loss: 123.250, Trans_L2_m: 0.421, Yaw_err_deg: 2.460
Epoch: [10/23], Batch: 1620/2963, Loss: 60.033, Trans_L2_m: 0.368, Yaw_err_deg: 1.312
Epoch: [10/23], Batch: 1630/2963, Loss: 109.949, Trans_L2_m: 0.507, Yaw_err_deg: 2.210
Epoch: [10/23], Batch: 1640/2963, Loss: 63.165, Trans_L2_m: 0.374, Yaw_err_deg: 1.249
Epoch: [10/23], Batch: 1650/2963, Loss: 63.743, Trans_L2_m: 0.475, Yaw_err_deg: 1.420
Epoch: [10/23], Batch: 1660/2963, Loss: 56.204, Trans_L2_m: 0.453, Yaw_err_deg: 1.203
Epoch: [10/23], Batch: 1670/2963, Loss: 64.074, Trans_L2_m: 0.525, Yaw_err_deg: 1.195
Epoch: [10/23], Batch: 1680/2963, Loss: 69.095, Trans_L2_m: 0.380, Yaw_err_deg: 1.515
Epoch: [10/23], Batch: 1690/2963, Loss: 64.162, Trans_L2_m: 0.500, Yaw_err_deg: 1.257
Epoch: [10/23], Batch: 1700/2963, Loss: 59.194, Trans_L2_m: 0.506, Yaw_err_deg: 1.246
Epoch: [10/23], Batch: 1710/2963, Loss: 69.364, Trans_L2_m: 0.627, Yaw_err_deg: 1.272
Epoch: [10/23], Batch: 1720/2963, Loss: 63.570, Trans_L2_m: 0.474, Yaw_err_deg: 1.513
Epoch: [10/23], Batch: 1730/2963, Loss: 74.564, Trans_L2_m: 0.592, Yaw_err_deg: 1.644
Epoch: [10/23], Batch: 1740/2963, Loss: 59.161, Trans_L2_m: 0.518, Yaw_err_deg: 1.328
Epoch: [10/23], Batch: 1750/2963, Loss: 563.415, Trans_L2_m: 0.418, Yaw_err_deg: 4.215
Epoch: [10/23], Batch: 1760/2963, Loss: 66.224, Trans_L2_m: 0.528, Yaw_err_deg: 1.476
Epoch: [10/23], Batch: 1770/2963, Loss: 52.840, Trans_L2_m: 0.526, Yaw_err_deg: 0.996
Epoch: [10/23], Batch: 1780/2963, Loss: 142.753, Trans_L2_m: 0.408, Yaw_err_deg: 3.438
Epoch: [10/23], Batch: 1790/2963, Loss: 69.052, Trans_L2_m: 0.521, Yaw_err_deg: 1.532
Epoch: [10/23], Batch: 1800/2963, Loss: 63.057, Trans_L2_m: 0.608, Yaw_err_deg: 1.156
Epoch: [10/23], Batch: 1810/2963, Loss: 64.961, Trans_L2_m: 0.494, Yaw_err_deg: 1.185
Epoch: [10/23], Batch: 1820/2963, Loss: 93.548, Trans_L2_m: 0.568, Yaw_err_deg: 1.876
Epoch: [10/23], Batch: 1830/2963, Loss: 67.856, Trans_L2_m: 0.472, Yaw_err_deg: 1.560
Epoch: [10/23], Batch: 1840/2963, Loss: 88.401, Trans_L2_m: 0.578, Yaw_err_deg: 1.935
Epoch: [10/23], Batch: 1850/2963, Loss: 86.165, Trans_L2_m: 0.328, Yaw_err_deg: 2.244
Epoch: [10/23], Batch: 1860/2963, Loss: 70.257, Trans_L2_m: 0.532, Yaw_err_deg: 1.393
Epoch: [10/23], Batch: 1870/2963, Loss: 57.847, Trans_L2_m: 0.638, Yaw_err_deg: 1.344
Epoch: [10/23], Batch: 1880/2963, Loss: 77.087, Trans_L2_m: 0.538, Yaw_err_deg: 1.339
Epoch: [10/23], Batch: 1890/2963, Loss: 62.188, Trans_L2_m: 0.722, Yaw_err_deg: 1.032
Epoch: [10/23], Batch: 1900/2963, Loss: 77.312, Trans_L2_m: 0.554, Yaw_err_deg: 1.540
Epoch: [10/23], Batch: 1910/2963, Loss: 66.905, Trans_L2_m: 0.406, Yaw_err_deg: 1.228
Epoch: [10/23], Batch: 1920/2963, Loss: 60.506, Trans_L2_m: 0.431, Yaw_err_deg: 1.458
Epoch: [10/23], Batch: 1930/2963, Loss: 72.842, Trans_L2_m: 0.608, Yaw_err_deg: 1.275
Epoch: [10/23], Batch: 1940/2963, Loss: 72.675, Trans_L2_m: 0.336, Yaw_err_deg: 1.559
Epoch: [10/23], Batch: 1950/2963, Loss: 67.299, Trans_L2_m: 0.301, Yaw_err_deg: 1.719
Epoch: [10/23], Batch: 1960/2963, Loss: 62.486, Trans_L2_m: 0.403, Yaw_err_deg: 1.127
Epoch: [10/23], Batch: 1970/2963, Loss: 70.170, Trans_L2_m: 0.474, Yaw_err_deg: 1.381
Epoch: [10/23], Batch: 1980/2963, Loss: 54.380, Trans_L2_m: 0.521, Yaw_err_deg: 0.703
Epoch: [10/23], Batch: 1990/2963, Loss: 78.936, Trans_L2_m: 0.461, Yaw_err_deg: 1.641
Epoch: [10/23], Batch: 2000/2963, Loss: 75.925, Trans_L2_m: 0.585, Yaw_err_deg: 1.744
Epoch: [10/23], Batch: 2010/2963, Loss: 58.242, Trans_L2_m: 0.507, Yaw_err_deg: 0.894
Epoch: [10/23], Batch: 2020/2963, Loss: 87.808, Trans_L2_m: 0.630, Yaw_err_deg: 1.868
Epoch: [10/23], Batch: 2030/2963, Loss: 62.541, Trans_L2_m: 0.444, Yaw_err_deg: 1.446
Epoch: [10/23], Batch: 2040/2963, Loss: 51.255, Trans_L2_m: 0.403, Yaw_err_deg: 1.089
Epoch: [10/23], Batch: 2050/2963, Loss: 71.624, Trans_L2_m: 0.532, Yaw_err_deg: 1.485
Epoch: [10/23], Batch: 2060/2963, Loss: 86.965, Trans_L2_m: 0.434, Yaw_err_deg: 1.793
Epoch: [10/23], Batch: 2070/2963, Loss: 67.950, Trans_L2_m: 0.527, Yaw_err_deg: 1.399
Epoch: [10/23], Batch: 2080/2963, Loss: 91.333, Trans_L2_m: 0.479, Yaw_err_deg: 1.611
Epoch: [10/23], Batch: 2090/2963, Loss: 61.199, Trans_L2_m: 0.453, Yaw_err_deg: 1.261
Epoch: [10/23], Batch: 2100/2963, Loss: 65.697, Trans_L2_m: 0.546, Yaw_err_deg: 1.351
Epoch: [10/23], Batch: 2110/2963, Loss: 74.802, Trans_L2_m: 0.452, Yaw_err_deg: 1.275
Epoch: [10/23], Batch: 2120/2963, Loss: 58.792, Trans_L2_m: 0.465, Yaw_err_deg: 1.198
Epoch: [10/23], Batch: 2130/2963, Loss: 58.764, Trans_L2_m: 0.454, Yaw_err_deg: 1.465
Epoch: [10/23], Batch: 2140/2963, Loss: 76.919, Trans_L2_m: 0.652, Yaw_err_deg: 1.967
Epoch: [10/23], Batch: 2150/2963, Loss: 61.153, Trans_L2_m: 0.372, Yaw_err_deg: 0.877
Epoch: [10/23], Batch: 2160/2963, Loss: 54.343, Trans_L2_m: 0.409, Yaw_err_deg: 1.217
Epoch: [10/23], Batch: 2170/2963, Loss: 63.649, Trans_L2_m: 0.521, Yaw_err_deg: 1.197
Epoch: [10/23], Batch: 2180/2963, Loss: 60.532, Trans_L2_m: 0.450, Yaw_err_deg: 1.155
Epoch: [10/23], Batch: 2190/2963, Loss: 71.385, Trans_L2_m: 0.504, Yaw_err_deg: 1.632
Epoch: [10/23], Batch: 2200/2963, Loss: 89.652, Trans_L2_m: 0.502, Yaw_err_deg: 2.193
Epoch: [10/23], Batch: 2210/2963, Loss: 71.700, Trans_L2_m: 0.568, Yaw_err_deg: 1.295
Epoch: [10/23], Batch: 2220/2963, Loss: 62.720, Trans_L2_m: 0.323, Yaw_err_deg: 1.459
Epoch: [10/23], Batch: 2230/2963, Loss: 73.307, Trans_L2_m: 0.484, Yaw_err_deg: 1.214
Epoch: [10/23], Batch: 2240/2963, Loss: 80.171, Trans_L2_m: 0.518, Yaw_err_deg: 1.692
Epoch: [10/23], Batch: 2250/2963, Loss: 108.541, Trans_L2_m: 0.560, Yaw_err_deg: 1.967
Epoch: [10/23], Batch: 2260/2963, Loss: 54.061, Trans_L2_m: 0.524, Yaw_err_deg: 1.037
Epoch: [10/23], Batch: 2270/2963, Loss: 57.408, Trans_L2_m: 0.493, Yaw_err_deg: 1.254
Epoch: [10/23], Batch: 2280/2963, Loss: 66.154, Trans_L2_m: 0.471, Yaw_err_deg: 1.394
Epoch: [10/23], Batch: 2290/2963, Loss: 94.888, Trans_L2_m: 0.323, Yaw_err_deg: 2.346
Epoch: [10/23], Batch: 2300/2963, Loss: 60.000, Trans_L2_m: 0.481, Yaw_err_deg: 1.117
Epoch: [10/23], Batch: 2310/2963, Loss: 57.658, Trans_L2_m: 0.442, Yaw_err_deg: 1.131
Epoch: [10/23], Batch: 2320/2963, Loss: 60.791, Trans_L2_m: 0.334, Yaw_err_deg: 1.519
Epoch: [10/23], Batch: 2330/2963, Loss: 72.067, Trans_L2_m: 0.541, Yaw_err_deg: 1.360
Epoch: [10/23], Batch: 2340/2963, Loss: 71.475, Trans_L2_m: 0.538, Yaw_err_deg: 1.565
Epoch: [10/23], Batch: 2350/2963, Loss: 73.184, Trans_L2_m: 0.533, Yaw_err_deg: 1.398
Epoch: [10/23], Batch: 2360/2963, Loss: 59.286, Trans_L2_m: 0.438, Yaw_err_deg: 1.100
Epoch: [10/23], Batch: 2370/2963, Loss: 57.621, Trans_L2_m: 0.477, Yaw_err_deg: 1.170
Epoch: [10/23], Batch: 2380/2963, Loss: 49.409, Trans_L2_m: 0.447, Yaw_err_deg: 0.681
Epoch: [10/23], Batch: 2390/2963, Loss: 70.808, Trans_L2_m: 0.566, Yaw_err_deg: 1.398
Epoch: [10/23], Batch: 2400/2963, Loss: 68.031, Trans_L2_m: 0.404, Yaw_err_deg: 1.150
Epoch: [10/23], Batch: 2410/2963, Loss: 53.274, Trans_L2_m: 0.497, Yaw_err_deg: 1.155
Epoch: [10/23], Batch: 2420/2963, Loss: 68.960, Trans_L2_m: 0.318, Yaw_err_deg: 1.501
Epoch: [10/23], Batch: 2430/2963, Loss: 59.099, Trans_L2_m: 0.432, Yaw_err_deg: 1.221
Epoch: [10/23], Batch: 2440/2963, Loss: 68.399, Trans_L2_m: 0.650, Yaw_err_deg: 0.912
Epoch: [10/23], Batch: 2450/2963, Loss: 61.706, Trans_L2_m: 0.494, Yaw_err_deg: 1.343
Epoch: [10/23], Batch: 2460/2963, Loss: 59.943, Trans_L2_m: 0.507, Yaw_err_deg: 1.225
Epoch: [10/23], Batch: 2470/2963, Loss: 77.090, Trans_L2_m: 0.626, Yaw_err_deg: 1.216
Epoch: [10/23], Batch: 2480/2963, Loss: 96.099, Trans_L2_m: 0.636, Yaw_err_deg: 2.059
Epoch: [10/23], Batch: 2490/2963, Loss: 76.196, Trans_L2_m: 0.417, Yaw_err_deg: 1.855
Epoch: [10/23], Batch: 2500/2963, Loss: 64.335, Trans_L2_m: 0.384, Yaw_err_deg: 1.183
Epoch: [10/23], Batch: 2510/2963, Loss: 78.214, Trans_L2_m: 0.551, Yaw_err_deg: 1.125
Epoch: [10/23], Batch: 2520/2963, Loss: 61.674, Trans_L2_m: 0.412, Yaw_err_deg: 1.446
Epoch: [10/23], Batch: 2530/2963, Loss: 55.787, Trans_L2_m: 0.444, Yaw_err_deg: 1.277
Epoch: [10/23], Batch: 2540/2963, Loss: 85.027, Trans_L2_m: 0.370, Yaw_err_deg: 1.449
Epoch: [10/23], Batch: 2550/2963, Loss: 64.624, Trans_L2_m: 0.421, Yaw_err_deg: 1.415
Epoch: [10/23], Batch: 2560/2963, Loss: 63.125, Trans_L2_m: 0.466, Yaw_err_deg: 1.413
Epoch: [10/23], Batch: 2570/2963, Loss: 63.370, Trans_L2_m: 0.541, Yaw_err_deg: 1.203
Epoch: [10/23], Batch: 2580/2963, Loss: 69.426, Trans_L2_m: 0.513, Yaw_err_deg: 1.208
Epoch: [10/23], Batch: 2590/2963, Loss: 52.297, Trans_L2_m: 0.427, Yaw_err_deg: 0.988
Epoch: [10/23], Batch: 2600/2963, Loss: 60.175, Trans_L2_m: 0.645, Yaw_err_deg: 1.151
Epoch: [10/23], Batch: 2610/2963, Loss: 56.048, Trans_L2_m: 0.516, Yaw_err_deg: 1.076
Epoch: [10/23], Batch: 2620/2963, Loss: 54.075, Trans_L2_m: 0.413, Yaw_err_deg: 1.139
Epoch: [10/23], Batch: 2630/2963, Loss: 87.162, Trans_L2_m: 0.399, Yaw_err_deg: 1.848
Epoch: [10/23], Batch: 2640/2963, Loss: 93.561, Trans_L2_m: 0.504, Yaw_err_deg: 1.675
Epoch: [10/23], Batch: 2650/2963, Loss: 76.356, Trans_L2_m: 0.442, Yaw_err_deg: 1.577
Epoch: [10/23], Batch: 2660/2963, Loss: 66.114, Trans_L2_m: 0.528, Yaw_err_deg: 1.461
Epoch: [10/23], Batch: 2670/2963, Loss: 55.979, Trans_L2_m: 0.440, Yaw_err_deg: 1.085
Epoch: [10/23], Batch: 2680/2963, Loss: 70.998, Trans_L2_m: 0.487, Yaw_err_deg: 1.386
Epoch: [10/23], Batch: 2690/2963, Loss: 55.880, Trans_L2_m: 0.395, Yaw_err_deg: 0.972
Epoch: [10/23], Batch: 2700/2963, Loss: 50.580, Trans_L2_m: 0.372, Yaw_err_deg: 0.960
Epoch: [10/23], Batch: 2710/2963, Loss: 68.155, Trans_L2_m: 0.457, Yaw_err_deg: 1.009
Epoch: [10/23], Batch: 2720/2963, Loss: 83.879, Trans_L2_m: 0.530, Yaw_err_deg: 1.833
Epoch: [10/23], Batch: 2730/2963, Loss: 70.630, Trans_L2_m: 0.574, Yaw_err_deg: 1.631
Epoch: [10/23], Batch: 2740/2963, Loss: 70.216, Trans_L2_m: 0.607, Yaw_err_deg: 1.160
Epoch: [10/23], Batch: 2750/2963, Loss: 65.288, Trans_L2_m: 0.426, Yaw_err_deg: 1.181
Epoch: [10/23], Batch: 2760/2963, Loss: 56.949, Trans_L2_m: 0.608, Yaw_err_deg: 0.955
Epoch: [10/23], Batch: 2770/2963, Loss: 164.469, Trans_L2_m: 0.307, Yaw_err_deg: 2.937
Epoch: [10/23], Batch: 2780/2963, Loss: 65.703, Trans_L2_m: 0.631, Yaw_err_deg: 1.264
Epoch: [10/23], Batch: 2790/2963, Loss: 76.186, Trans_L2_m: 0.457, Yaw_err_deg: 1.551
Epoch: [10/23], Batch: 2800/2963, Loss: 70.686, Trans_L2_m: 0.557, Yaw_err_deg: 1.474
Epoch: [10/23], Batch: 2810/2963, Loss: 122.507, Trans_L2_m: 0.342, Yaw_err_deg: 2.261
Epoch: [10/23], Batch: 2820/2963, Loss: 61.035, Trans_L2_m: 0.417, Yaw_err_deg: 1.470
Epoch: [10/23], Batch: 2830/2963, Loss: 68.081, Trans_L2_m: 0.571, Yaw_err_deg: 1.140
Epoch: [10/23], Batch: 2840/2963, Loss: 64.680, Trans_L2_m: 0.494, Yaw_err_deg: 1.373
Epoch: [10/23], Batch: 2850/2963, Loss: 60.049, Trans_L2_m: 0.371, Yaw_err_deg: 0.970
Epoch: [10/23], Batch: 2860/2963, Loss: 44.899, Trans_L2_m: 0.531, Yaw_err_deg: 0.824
Epoch: [10/23], Batch: 2870/2963, Loss: 67.753, Trans_L2_m: 0.431, Yaw_err_deg: 1.472
Epoch: [10/23], Batch: 2880/2963, Loss: 56.683, Trans_L2_m: 0.469, Yaw_err_deg: 1.165
Epoch: [10/23], Batch: 2890/2963, Loss: 96.064, Trans_L2_m: 0.534, Yaw_err_deg: 2.410
Epoch: [10/23], Batch: 2900/2963, Loss: 74.213, Trans_L2_m: 0.622, Yaw_err_deg: 1.630
Epoch: [10/23], Batch: 2910/2963, Loss: 70.764, Trans_L2_m: 0.704, Yaw_err_deg: 1.164
Epoch: [10/23], Batch: 2920/2963, Loss: 59.966, Trans_L2_m: 0.559, Yaw_err_deg: 1.029
Epoch: [10/23], Batch: 2930/2963, Loss: 68.655, Trans_L2_m: 0.455, Yaw_err_deg: 1.514
Epoch: [10/23], Batch: 2940/2963, Loss: 51.320, Trans_L2_m: 0.285, Yaw_err_deg: 1.075
Epoch: [10/23], Batch: 2950/2963, Loss: 63.426, Trans_L2_m: 0.574, Yaw_err_deg: 0.980
Epoch: [10/23], Batch: 2960/2963, Loss: 68.420, Trans_L2_m: 0.604, Yaw_err_deg: 1.172
Epoch: [11/23], Batch: 0/2963, Loss: 66.826, Trans_L2_m: 0.385, Yaw_err_deg: 1.464
Epoch: [11/23], Batch: 10/2963, Loss: 77.598, Trans_L2_m: 0.614, Yaw_err_deg: 1.492
Epoch: [11/23], Batch: 20/2963, Loss: 56.601, Trans_L2_m: 0.477, Yaw_err_deg: 1.034
Epoch: [11/23], Batch: 30/2963, Loss: 67.773, Trans_L2_m: 0.477, Yaw_err_deg: 1.467
Epoch: [11/23], Batch: 40/2963, Loss: 67.212, Trans_L2_m: 0.531, Yaw_err_deg: 1.454
Epoch: [11/23], Batch: 50/2963, Loss: 94.277, Trans_L2_m: 0.537, Yaw_err_deg: 1.855
Epoch: [11/23], Batch: 60/2963, Loss: 65.570, Trans_L2_m: 0.477, Yaw_err_deg: 1.171
Epoch: [11/23], Batch: 70/2963, Loss: 67.946, Trans_L2_m: 0.477, Yaw_err_deg: 1.354
Epoch: [11/23], Batch: 80/2963, Loss: 67.416, Trans_L2_m: 0.633, Yaw_err_deg: 1.375
Epoch: [11/23], Batch: 90/2963, Loss: 71.264, Trans_L2_m: 0.562, Yaw_err_deg: 1.317
Epoch: [11/23], Batch: 100/2963, Loss: 62.199, Trans_L2_m: 0.395, Yaw_err_deg: 0.888
Epoch: [11/23], Batch: 110/2963, Loss: 104.936, Trans_L2_m: 0.410, Yaw_err_deg: 1.640
Epoch: [11/23], Batch: 120/2963, Loss: 72.062, Trans_L2_m: 0.685, Yaw_err_deg: 1.343
Epoch: [11/23], Batch: 130/2963, Loss: 87.155, Trans_L2_m: 0.494, Yaw_err_deg: 1.603
Epoch: [11/23], Batch: 140/2963, Loss: 82.870, Trans_L2_m: 0.464, Yaw_err_deg: 1.972
Epoch: [11/23], Batch: 150/2963, Loss: 59.723, Trans_L2_m: 0.508, Yaw_err_deg: 1.207
Epoch: [11/23], Batch: 160/2963, Loss: 80.129, Trans_L2_m: 0.657, Yaw_err_deg: 1.896
Epoch: [11/23], Batch: 170/2963, Loss: 86.168, Trans_L2_m: 0.514, Yaw_err_deg: 1.830
Epoch: [11/23], Batch: 180/2963, Loss: 81.121, Trans_L2_m: 0.589, Yaw_err_deg: 1.111
Epoch: [11/23], Batch: 190/2963, Loss: 54.937, Trans_L2_m: 0.384, Yaw_err_deg: 0.990
Epoch: [11/23], Batch: 200/2963, Loss: 77.656, Trans_L2_m: 0.363, Yaw_err_deg: 2.081
Epoch: [11/23], Batch: 210/2963, Loss: 61.445, Trans_L2_m: 0.429, Yaw_err_deg: 1.333
Epoch: [11/23], Batch: 220/2963, Loss: 50.205, Trans_L2_m: 0.403, Yaw_err_deg: 0.651
Epoch: [11/23], Batch: 230/2963, Loss: 57.113, Trans_L2_m: 0.450, Yaw_err_deg: 1.204
Epoch: [11/23], Batch: 240/2963, Loss: 64.480, Trans_L2_m: 0.388, Yaw_err_deg: 1.588
Epoch: [11/23], Batch: 250/2963, Loss: 87.581, Trans_L2_m: 0.460, Yaw_err_deg: 2.068
Epoch: [11/23], Batch: 260/2963, Loss: 79.622, Trans_L2_m: 0.484, Yaw_err_deg: 1.894
Epoch: [11/23], Batch: 270/2963, Loss: 59.559, Trans_L2_m: 0.440, Yaw_err_deg: 0.988
Epoch: [11/23], Batch: 280/2963, Loss: 61.764, Trans_L2_m: 0.502, Yaw_err_deg: 1.245
Epoch: [11/23], Batch: 290/2963, Loss: 57.575, Trans_L2_m: 0.593, Yaw_err_deg: 0.998
Epoch: [11/23], Batch: 300/2963, Loss: 65.229, Trans_L2_m: 0.444, Yaw_err_deg: 1.222
Epoch: [11/23], Batch: 310/2963, Loss: 62.551, Trans_L2_m: 0.568, Yaw_err_deg: 1.211
Epoch: [11/23], Batch: 320/2963, Loss: 65.057, Trans_L2_m: 0.483, Yaw_err_deg: 1.263
Epoch: [11/23], Batch: 330/2963, Loss: 63.124, Trans_L2_m: 0.451, Yaw_err_deg: 1.478
Epoch: [11/23], Batch: 340/2963, Loss: 106.145, Trans_L2_m: 0.494, Yaw_err_deg: 2.006
Epoch: [11/23], Batch: 350/2963, Loss: 62.521, Trans_L2_m: 0.480, Yaw_err_deg: 1.238
Epoch: [11/23], Batch: 360/2963, Loss: 88.888, Trans_L2_m: 0.428, Yaw_err_deg: 2.199
Epoch: [11/23], Batch: 370/2963, Loss: 55.813, Trans_L2_m: 0.437, Yaw_err_deg: 0.992
Epoch: [11/23], Batch: 380/2963, Loss: 79.583, Trans_L2_m: 0.649, Yaw_err_deg: 1.732
Epoch: [11/23], Batch: 390/2963, Loss: 53.055, Trans_L2_m: 0.498, Yaw_err_deg: 1.037
Epoch: [11/23], Batch: 400/2963, Loss: 61.183, Trans_L2_m: 0.305, Yaw_err_deg: 1.350
Epoch: [11/23], Batch: 410/2963, Loss: 85.500, Trans_L2_m: 0.468, Yaw_err_deg: 1.775
Epoch: [11/23], Batch: 420/2963, Loss: 66.805, Trans_L2_m: 0.467, Yaw_err_deg: 1.178
Epoch: [11/23], Batch: 430/2963, Loss: 99.434, Trans_L2_m: 0.699, Yaw_err_deg: 2.201
Epoch: [11/23], Batch: 440/2963, Loss: 87.856, Trans_L2_m: 0.597, Yaw_err_deg: 1.551
Epoch: [11/23], Batch: 450/2963, Loss: 62.011, Trans_L2_m: 0.437, Yaw_err_deg: 1.158
Epoch: [11/23], Batch: 460/2963, Loss: 85.620, Trans_L2_m: 0.590, Yaw_err_deg: 1.573
Epoch: [11/23], Batch: 470/2963, Loss: 57.222, Trans_L2_m: 0.341, Yaw_err_deg: 1.413
Epoch: [11/23], Batch: 480/2963, Loss: 60.346, Trans_L2_m: 0.531, Yaw_err_deg: 1.291
Epoch: [11/23], Batch: 490/2963, Loss: 60.802, Trans_L2_m: 0.500, Yaw_err_deg: 1.110
Epoch: [11/23], Batch: 500/2963, Loss: 69.377, Trans_L2_m: 0.507, Yaw_err_deg: 1.400
Epoch: [11/23], Batch: 510/2963, Loss: 64.361, Trans_L2_m: 0.649, Yaw_err_deg: 1.073
Epoch: [11/23], Batch: 520/2963, Loss: 61.831, Trans_L2_m: 0.473, Yaw_err_deg: 1.193
Epoch: [11/23], Batch: 530/2963, Loss: 56.164, Trans_L2_m: 0.618, Yaw_err_deg: 0.856
Epoch: [11/23], Batch: 540/2963, Loss: 53.350, Trans_L2_m: 0.480, Yaw_err_deg: 0.980
Epoch: [11/23], Batch: 550/2963, Loss: 80.455, Trans_L2_m: 0.479, Yaw_err_deg: 1.626
Epoch: [11/23], Batch: 560/2963, Loss: 90.240, Trans_L2_m: 0.584, Yaw_err_deg: 2.015
Epoch: [11/23], Batch: 570/2963, Loss: 54.904, Trans_L2_m: 0.408, Yaw_err_deg: 1.054
Epoch: [11/23], Batch: 580/2963, Loss: 58.523, Trans_L2_m: 0.575, Yaw_err_deg: 1.170
Epoch: [11/23], Batch: 590/2963, Loss: 57.111, Trans_L2_m: 0.496, Yaw_err_deg: 0.973
Epoch: [11/23], Batch: 600/2963, Loss: 54.247, Trans_L2_m: 0.406, Yaw_err_deg: 1.236
Epoch: [11/23], Batch: 610/2963, Loss: 59.121, Trans_L2_m: 0.390, Yaw_err_deg: 1.056
Epoch: [11/23], Batch: 620/2963, Loss: 61.023, Trans_L2_m: 0.407, Yaw_err_deg: 1.194
Epoch: [11/23], Batch: 630/2963, Loss: 72.033, Trans_L2_m: 0.540, Yaw_err_deg: 1.596
Epoch: [11/23], Batch: 640/2963, Loss: 69.623, Trans_L2_m: 0.648, Yaw_err_deg: 1.160
Epoch: [11/23], Batch: 650/2963, Loss: 76.767, Trans_L2_m: 0.497, Yaw_err_deg: 1.741
Epoch: [11/23], Batch: 660/2963, Loss: 65.676, Trans_L2_m: 0.553, Yaw_err_deg: 1.224
Epoch: [11/23], Batch: 670/2963, Loss: 89.451, Trans_L2_m: 0.581, Yaw_err_deg: 1.884
Epoch: [11/23], Batch: 680/2963, Loss: 69.784, Trans_L2_m: 0.452, Yaw_err_deg: 1.637
Epoch: [11/23], Batch: 690/2963, Loss: 81.365, Trans_L2_m: 0.321, Yaw_err_deg: 1.982
Epoch: [11/23], Batch: 700/2963, Loss: 61.341, Trans_L2_m: 0.583, Yaw_err_deg: 1.456
Epoch: [11/23], Batch: 710/2963, Loss: 77.379, Trans_L2_m: 0.464, Yaw_err_deg: 1.733
Epoch: [11/23], Batch: 720/2963, Loss: 52.611, Trans_L2_m: 0.485, Yaw_err_deg: 0.867
Epoch: [11/23], Batch: 730/2963, Loss: 62.467, Trans_L2_m: 0.537, Yaw_err_deg: 1.128
Epoch: [11/23], Batch: 740/2963, Loss: 78.727, Trans_L2_m: 0.553, Yaw_err_deg: 1.297
Epoch: [11/23], Batch: 750/2963, Loss: 92.258, Trans_L2_m: 0.466, Yaw_err_deg: 1.575
Epoch: [11/23], Batch: 760/2963, Loss: 63.741, Trans_L2_m: 0.383, Yaw_err_deg: 1.477
Epoch: [11/23], Batch: 770/2963, Loss: 65.294, Trans_L2_m: 0.517, Yaw_err_deg: 1.137
Epoch: [11/23], Batch: 780/2963, Loss: 109.368, Trans_L2_m: 0.667, Yaw_err_deg: 2.082
Epoch: [11/23], Batch: 790/2963, Loss: 55.607, Trans_L2_m: 0.398, Yaw_err_deg: 1.063
Epoch: [11/23], Batch: 800/2963, Loss: 67.280, Trans_L2_m: 0.487, Yaw_err_deg: 1.435
Epoch: [11/23], Batch: 810/2963, Loss: 63.425, Trans_L2_m: 0.587, Yaw_err_deg: 1.173
Epoch: [11/23], Batch: 820/2963, Loss: 61.519, Trans_L2_m: 0.534, Yaw_err_deg: 1.239
Epoch: [11/23], Batch: 830/2963, Loss: 66.044, Trans_L2_m: 0.579, Yaw_err_deg: 1.274
Epoch: [11/23], Batch: 840/2963, Loss: 64.785, Trans_L2_m: 0.418, Yaw_err_deg: 1.510
Epoch: [11/23], Batch: 850/2963, Loss: 60.862, Trans_L2_m: 0.539, Yaw_err_deg: 1.423
Epoch: [11/23], Batch: 860/2963, Loss: 80.224, Trans_L2_m: 0.631, Yaw_err_deg: 1.303
Epoch: [11/23], Batch: 870/2963, Loss: 52.975, Trans_L2_m: 0.510, Yaw_err_deg: 1.151
Epoch: [11/23], Batch: 880/2963, Loss: 65.387, Trans_L2_m: 0.532, Yaw_err_deg: 1.224
Epoch: [11/23], Batch: 890/2963, Loss: 54.274, Trans_L2_m: 0.409, Yaw_err_deg: 1.019
Epoch: [11/23], Batch: 900/2963, Loss: 175.833, Trans_L2_m: 0.712, Yaw_err_deg: 2.151
Epoch: [11/23], Batch: 910/2963, Loss: 52.837, Trans_L2_m: 0.388, Yaw_err_deg: 0.925
Epoch: [11/23], Batch: 920/2963, Loss: 61.084, Trans_L2_m: 0.492, Yaw_err_deg: 1.157
Epoch: [11/23], Batch: 930/2963, Loss: 65.965, Trans_L2_m: 0.537, Yaw_err_deg: 1.468
Epoch: [11/23], Batch: 940/2963, Loss: 76.433, Trans_L2_m: 0.331, Yaw_err_deg: 1.691
Epoch: [11/23], Batch: 950/2963, Loss: 52.831, Trans_L2_m: 0.299, Yaw_err_deg: 1.350
Epoch: [11/23], Batch: 960/2963, Loss: 71.397, Trans_L2_m: 0.546, Yaw_err_deg: 1.506
Epoch: [11/23], Batch: 970/2963, Loss: 64.061, Trans_L2_m: 0.528, Yaw_err_deg: 1.440
Epoch: [11/23], Batch: 980/2963, Loss: 98.152, Trans_L2_m: 0.648, Yaw_err_deg: 1.743
Epoch: [11/23], Batch: 990/2963, Loss: 65.772, Trans_L2_m: 0.496, Yaw_err_deg: 1.446
Epoch: [11/23], Batch: 1000/2963, Loss: 92.070, Trans_L2_m: 0.423, Yaw_err_deg: 1.839
Epoch: [11/23], Batch: 1010/2963, Loss: 63.344, Trans_L2_m: 0.452, Yaw_err_deg: 1.501
Epoch: [11/23], Batch: 1020/2963, Loss: 84.346, Trans_L2_m: 0.495, Yaw_err_deg: 2.007
Epoch: [11/23], Batch: 1030/2963, Loss: 51.778, Trans_L2_m: 0.420, Yaw_err_deg: 1.119
Epoch: [11/23], Batch: 1040/2963, Loss: 59.463, Trans_L2_m: 0.380, Yaw_err_deg: 1.299
Epoch: [11/23], Batch: 1050/2963, Loss: 55.151, Trans_L2_m: 0.449, Yaw_err_deg: 1.185
Epoch: [11/23], Batch: 1060/2963, Loss: 78.140, Trans_L2_m: 0.547, Yaw_err_deg: 1.722
Epoch: [11/23], Batch: 1070/2963, Loss: 72.154, Trans_L2_m: 0.555, Yaw_err_deg: 1.359
Epoch: [11/23], Batch: 1080/2963, Loss: 70.083, Trans_L2_m: 0.507, Yaw_err_deg: 1.523
Epoch: [11/23], Batch: 1090/2963, Loss: 72.223, Trans_L2_m: 0.532, Yaw_err_deg: 1.522
Epoch: [11/23], Batch: 1100/2963, Loss: 69.550, Trans_L2_m: 0.401, Yaw_err_deg: 1.419
Epoch: [11/23], Batch: 1110/2963, Loss: 144.485, Trans_L2_m: 0.596, Yaw_err_deg: 2.775
Epoch: [11/23], Batch: 1120/2963, Loss: 67.154, Trans_L2_m: 0.437, Yaw_err_deg: 1.708
Epoch: [11/23], Batch: 1130/2963, Loss: 63.487, Trans_L2_m: 0.417, Yaw_err_deg: 1.103
Epoch: [11/23], Batch: 1140/2963, Loss: 61.210, Trans_L2_m: 0.512, Yaw_err_deg: 1.339
Epoch: [11/23], Batch: 1150/2963, Loss: 98.106, Trans_L2_m: 0.499, Yaw_err_deg: 2.151
Epoch: [11/23], Batch: 1160/2963, Loss: 49.601, Trans_L2_m: 0.434, Yaw_err_deg: 0.937
Epoch: [11/23], Batch: 1170/2963, Loss: 58.032, Trans_L2_m: 0.428, Yaw_err_deg: 1.144
Epoch: [11/23], Batch: 1180/2963, Loss: 67.910, Trans_L2_m: 0.400, Yaw_err_deg: 1.257
Epoch: [11/23], Batch: 1190/2963, Loss: 76.868, Trans_L2_m: 0.511, Yaw_err_deg: 1.672
Epoch: [11/23], Batch: 1200/2963, Loss: 60.637, Trans_L2_m: 0.395, Yaw_err_deg: 1.290
Epoch: [11/23], Batch: 1210/2963, Loss: 53.600, Trans_L2_m: 0.409, Yaw_err_deg: 1.109
Epoch: [11/23], Batch: 1220/2963, Loss: 66.446, Trans_L2_m: 0.264, Yaw_err_deg: 1.430
Epoch: [11/23], Batch: 1230/2963, Loss: 84.734, Trans_L2_m: 0.494, Yaw_err_deg: 2.020
Epoch: [11/23], Batch: 1240/2963, Loss: 58.411, Trans_L2_m: 0.426, Yaw_err_deg: 1.449
Epoch: [11/23], Batch: 1250/2963, Loss: 56.579, Trans_L2_m: 0.582, Yaw_err_deg: 1.038
Epoch: [11/23], Batch: 1260/2963, Loss: 65.884, Trans_L2_m: 0.626, Yaw_err_deg: 1.295
Epoch: [11/23], Batch: 1270/2963, Loss: 61.375, Trans_L2_m: 0.351, Yaw_err_deg: 1.101
Epoch: [11/23], Batch: 1280/2963, Loss: 52.992, Trans_L2_m: 0.426, Yaw_err_deg: 1.017
Epoch: [11/23], Batch: 1290/2963, Loss: 59.019, Trans_L2_m: 0.357, Yaw_err_deg: 1.258
Epoch: [11/23], Batch: 1300/2963, Loss: 62.055, Trans_L2_m: 0.338, Yaw_err_deg: 1.389
Epoch: [11/23], Batch: 1310/2963, Loss: 90.252, Trans_L2_m: 0.457, Yaw_err_deg: 2.075
Epoch: [11/23], Batch: 1320/2963, Loss: 86.697, Trans_L2_m: 0.552, Yaw_err_deg: 1.743
Epoch: [11/23], Batch: 1330/2963, Loss: 64.970, Trans_L2_m: 0.426, Yaw_err_deg: 1.411
Epoch: [11/23], Batch: 1340/2963, Loss: 67.294, Trans_L2_m: 0.373, Yaw_err_deg: 1.283
Epoch: [11/23], Batch: 1350/2963, Loss: 70.283, Trans_L2_m: 0.510, Yaw_err_deg: 1.392
Epoch: [11/23], Batch: 1360/2963, Loss: 60.607, Trans_L2_m: 0.346, Yaw_err_deg: 1.056
Epoch: [11/23], Batch: 1370/2963, Loss: 57.422, Trans_L2_m: 0.502, Yaw_err_deg: 1.233
Epoch: [11/23], Batch: 1380/2963, Loss: 50.786, Trans_L2_m: 0.402, Yaw_err_deg: 0.909
Epoch: [11/23], Batch: 1390/2963, Loss: 60.811, Trans_L2_m: 0.441, Yaw_err_deg: 1.309
Epoch: [11/23], Batch: 1400/2963, Loss: 64.075, Trans_L2_m: 0.411, Yaw_err_deg: 1.311
Epoch: [11/23], Batch: 1410/2963, Loss: 73.662, Trans_L2_m: 0.418, Yaw_err_deg: 1.693
Epoch: [11/23], Batch: 1420/2963, Loss: 53.796, Trans_L2_m: 0.392, Yaw_err_deg: 1.225
Epoch: [11/23], Batch: 1430/2963, Loss: 70.887, Trans_L2_m: 0.509, Yaw_err_deg: 1.150
Epoch: [11/23], Batch: 1440/2963, Loss: 237.939, Trans_L2_m: 0.448, Yaw_err_deg: 3.185
Epoch: [11/23], Batch: 1450/2963, Loss: 413.488, Trans_L2_m: 0.378, Yaw_err_deg: 1.531
Epoch: [11/23], Batch: 1460/2963, Loss: 53.171, Trans_L2_m: 0.520, Yaw_err_deg: 0.934
Epoch: [11/23], Batch: 1470/2963, Loss: 55.929, Trans_L2_m: 0.435, Yaw_err_deg: 1.080
Epoch: [11/23], Batch: 1480/2963, Loss: 75.710, Trans_L2_m: 0.471, Yaw_err_deg: 1.568
Epoch: [11/23], Batch: 1490/2963, Loss: 53.624, Trans_L2_m: 0.423, Yaw_err_deg: 1.319
Epoch: [11/23], Batch: 1500/2963, Loss: 62.673, Trans_L2_m: 0.465, Yaw_err_deg: 1.474
Epoch: [11/23], Batch: 1510/2963, Loss: 57.568, Trans_L2_m: 0.329, Yaw_err_deg: 1.171
Epoch: [11/23], Batch: 1520/2963, Loss: 67.927, Trans_L2_m: 0.495, Yaw_err_deg: 1.308
Epoch: [11/23], Batch: 1530/2963, Loss: 52.794, Trans_L2_m: 0.428, Yaw_err_deg: 0.921
Epoch: [11/23], Batch: 1540/2963, Loss: 57.628, Trans_L2_m: 0.499, Yaw_err_deg: 1.397
Epoch: [11/23], Batch: 1550/2963, Loss: 52.339, Trans_L2_m: 0.507, Yaw_err_deg: 0.790
Epoch: [11/23], Batch: 1560/2963, Loss: 59.976, Trans_L2_m: 0.472, Yaw_err_deg: 1.324
Epoch: [11/23], Batch: 1570/2963, Loss: 59.550, Trans_L2_m: 0.307, Yaw_err_deg: 1.183
Epoch: [11/23], Batch: 1580/2963, Loss: 53.060, Trans_L2_m: 0.402, Yaw_err_deg: 0.984
Epoch: [11/23], Batch: 1590/2963, Loss: 62.467, Trans_L2_m: 0.543, Yaw_err_deg: 1.031
Epoch: [11/23], Batch: 1600/2963, Loss: 73.904, Trans_L2_m: 0.567, Yaw_err_deg: 1.106
Epoch: [11/23], Batch: 1610/2963, Loss: 64.230, Trans_L2_m: 0.397, Yaw_err_deg: 1.272
Epoch: [11/23], Batch: 1620/2963, Loss: 57.163, Trans_L2_m: 0.399, Yaw_err_deg: 1.223
Epoch: [11/23], Batch: 1630/2963, Loss: 63.865, Trans_L2_m: 0.434, Yaw_err_deg: 1.582
Epoch: [11/23], Batch: 1640/2963, Loss: 72.745, Trans_L2_m: 0.655, Yaw_err_deg: 1.241
Epoch: [11/23], Batch: 1650/2963, Loss: 55.194, Trans_L2_m: 0.517, Yaw_err_deg: 1.072
Epoch: [11/23], Batch: 1660/2963, Loss: 80.275, Trans_L2_m: 0.492, Yaw_err_deg: 1.967
Epoch: [11/23], Batch: 1670/2963, Loss: 57.237, Trans_L2_m: 0.594, Yaw_err_deg: 1.087
Epoch: [11/23], Batch: 1680/2963, Loss: 53.464, Trans_L2_m: 0.479, Yaw_err_deg: 1.125
Epoch: [11/23], Batch: 1690/2963, Loss: 72.658, Trans_L2_m: 0.490, Yaw_err_deg: 1.613
Epoch: [11/23], Batch: 1700/2963, Loss: 51.797, Trans_L2_m: 0.527, Yaw_err_deg: 0.991
Epoch: [11/23], Batch: 1710/2963, Loss: 55.581, Trans_L2_m: 0.546, Yaw_err_deg: 1.067
Epoch: [11/23], Batch: 1720/2963, Loss: 72.704, Trans_L2_m: 0.547, Yaw_err_deg: 1.484
Epoch: [11/23], Batch: 1730/2963, Loss: 74.637, Trans_L2_m: 0.416, Yaw_err_deg: 1.511
Epoch: [11/23], Batch: 1740/2963, Loss: 59.377, Trans_L2_m: 0.385, Yaw_err_deg: 1.202
Epoch: [11/23], Batch: 1750/2963, Loss: 59.487, Trans_L2_m: 0.479, Yaw_err_deg: 1.230
Epoch: [11/23], Batch: 1760/2963, Loss: 65.981, Trans_L2_m: 0.418, Yaw_err_deg: 1.575
Epoch: [11/23], Batch: 1770/2963, Loss: 64.091, Trans_L2_m: 0.697, Yaw_err_deg: 0.921
Epoch: [11/23], Batch: 1780/2963, Loss: 64.507, Trans_L2_m: 0.543, Yaw_err_deg: 1.172
Epoch: [11/23], Batch: 1790/2963, Loss: 58.345, Trans_L2_m: 0.716, Yaw_err_deg: 0.953
Epoch: [11/23], Batch: 1800/2963, Loss: 58.036, Trans_L2_m: 0.422, Yaw_err_deg: 1.079
Epoch: [11/23], Batch: 1810/2963, Loss: 69.942, Trans_L2_m: 0.448, Yaw_err_deg: 1.675
Epoch: [11/23], Batch: 1820/2963, Loss: 69.632, Trans_L2_m: 0.418, Yaw_err_deg: 1.632
Epoch: [11/23], Batch: 1830/2963, Loss: 60.514, Trans_L2_m: 0.354, Yaw_err_deg: 1.096
Epoch: [11/23], Batch: 1840/2963, Loss: 72.858, Trans_L2_m: 0.483, Yaw_err_deg: 1.368
Epoch: [11/23], Batch: 1850/2963, Loss: 48.482, Trans_L2_m: 0.449, Yaw_err_deg: 0.759
Epoch: [11/23], Batch: 1860/2963, Loss: 67.913, Trans_L2_m: 0.469, Yaw_err_deg: 1.331
Epoch: [11/23], Batch: 1870/2963, Loss: 82.141, Trans_L2_m: 0.481, Yaw_err_deg: 1.426
Epoch: [11/23], Batch: 1880/2963, Loss: 68.737, Trans_L2_m: 0.451, Yaw_err_deg: 1.365
Epoch: [11/23], Batch: 1890/2963, Loss: 101.403, Trans_L2_m: 0.479, Yaw_err_deg: 1.797
Epoch: [11/23], Batch: 1900/2963, Loss: 62.588, Trans_L2_m: 0.461, Yaw_err_deg: 1.020
Epoch: [11/23], Batch: 1910/2963, Loss: 54.477, Trans_L2_m: 0.557, Yaw_err_deg: 0.917
Epoch: [11/23], Batch: 1920/2963, Loss: 121.899, Trans_L2_m: 0.388, Yaw_err_deg: 2.049
Epoch: [11/23], Batch: 1930/2963, Loss: 70.805, Trans_L2_m: 0.425, Yaw_err_deg: 1.419
Epoch: [11/23], Batch: 1940/2963, Loss: 99.874, Trans_L2_m: 0.521, Yaw_err_deg: 1.948
Epoch: [11/23], Batch: 1950/2963, Loss: 60.468, Trans_L2_m: 0.389, Yaw_err_deg: 1.407
Epoch: [11/23], Batch: 1960/2963, Loss: 72.053, Trans_L2_m: 0.408, Yaw_err_deg: 1.595
Epoch: [11/23], Batch: 1970/2963, Loss: 69.524, Trans_L2_m: 0.561, Yaw_err_deg: 1.487
Epoch: [11/23], Batch: 1980/2963, Loss: 65.602, Trans_L2_m: 0.471, Yaw_err_deg: 1.500
Epoch: [11/23], Batch: 1990/2963, Loss: 58.593, Trans_L2_m: 0.480, Yaw_err_deg: 0.929
Epoch: [11/23], Batch: 2000/2963, Loss: 65.587, Trans_L2_m: 0.583, Yaw_err_deg: 1.147
Epoch: [11/23], Batch: 2010/2963, Loss: 87.622, Trans_L2_m: 0.592, Yaw_err_deg: 1.621
Epoch: [11/23], Batch: 2020/2963, Loss: 87.286, Trans_L2_m: 0.595, Yaw_err_deg: 1.804
Epoch: [11/23], Batch: 2030/2963, Loss: 52.718, Trans_L2_m: 0.521, Yaw_err_deg: 0.966
Epoch: [11/23], Batch: 2040/2963, Loss: 65.617, Trans_L2_m: 0.476, Yaw_err_deg: 1.447
Epoch: [11/23], Batch: 2050/2963, Loss: 56.362, Trans_L2_m: 0.452, Yaw_err_deg: 1.147
Epoch: [11/23], Batch: 2060/2963, Loss: 63.450, Trans_L2_m: 0.366, Yaw_err_deg: 1.620
Epoch: [11/23], Batch: 2070/2963, Loss: 65.733, Trans_L2_m: 0.562, Yaw_err_deg: 1.136
Epoch: [11/23], Batch: 2080/2963, Loss: 54.650, Trans_L2_m: 0.456, Yaw_err_deg: 1.061
Epoch: [11/23], Batch: 2090/2963, Loss: 69.697, Trans_L2_m: 0.487, Yaw_err_deg: 1.664
Epoch: [11/23], Batch: 2100/2963, Loss: 67.730, Trans_L2_m: 0.405, Yaw_err_deg: 1.476
Epoch: [11/23], Batch: 2110/2963, Loss: 54.140, Trans_L2_m: 0.399, Yaw_err_deg: 0.965
Epoch: [11/23], Batch: 2120/2963, Loss: 69.415, Trans_L2_m: 0.470, Yaw_err_deg: 1.698
Epoch: [11/23], Batch: 2130/2963, Loss: 68.348, Trans_L2_m: 0.428, Yaw_err_deg: 1.343
Epoch: [11/23], Batch: 2140/2963, Loss: 56.314, Trans_L2_m: 0.402, Yaw_err_deg: 1.101
Epoch: [11/23], Batch: 2150/2963, Loss: 55.351, Trans_L2_m: 0.359, Yaw_err_deg: 1.172
Epoch: [11/23], Batch: 2160/2963, Loss: 81.856, Trans_L2_m: 0.425, Yaw_err_deg: 1.992
Epoch: [11/23], Batch: 2170/2963, Loss: 58.516, Trans_L2_m: 0.463, Yaw_err_deg: 1.029
Epoch: [11/23], Batch: 2180/2963, Loss: 54.754, Trans_L2_m: 0.484, Yaw_err_deg: 1.059
Epoch: [11/23], Batch: 2190/2963, Loss: 59.085, Trans_L2_m: 0.472, Yaw_err_deg: 1.350
Epoch: [11/23], Batch: 2200/2963, Loss: 57.787, Trans_L2_m: 0.488, Yaw_err_deg: 1.067
Epoch: [11/23], Batch: 2210/2963, Loss: 83.536, Trans_L2_m: 0.528, Yaw_err_deg: 1.354
Epoch: [11/23], Batch: 2220/2963, Loss: 67.900, Trans_L2_m: 0.479, Yaw_err_deg: 1.455
Epoch: [11/23], Batch: 2230/2963, Loss: 69.643, Trans_L2_m: 0.552, Yaw_err_deg: 1.153
Epoch: [11/23], Batch: 2240/2963, Loss: 108.985, Trans_L2_m: 0.576, Yaw_err_deg: 1.971
Epoch: [11/23], Batch: 2250/2963, Loss: 53.909, Trans_L2_m: 0.490, Yaw_err_deg: 0.812
Epoch: [11/23], Batch: 2260/2963, Loss: 77.515, Trans_L2_m: 0.546, Yaw_err_deg: 1.620
Epoch: [11/23], Batch: 2270/2963, Loss: 50.804, Trans_L2_m: 0.352, Yaw_err_deg: 1.088
Epoch: [11/23], Batch: 2280/2963, Loss: 80.231, Trans_L2_m: 0.461, Yaw_err_deg: 1.796
Epoch: [11/23], Batch: 2290/2963, Loss: 66.739, Trans_L2_m: 0.557, Yaw_err_deg: 1.271
Epoch: [11/23], Batch: 2300/2963, Loss: 71.393, Trans_L2_m: 0.355, Yaw_err_deg: 1.446
Epoch: [11/23], Batch: 2310/2963, Loss: 62.266, Trans_L2_m: 0.519, Yaw_err_deg: 1.229
Epoch: [11/23], Batch: 2320/2963, Loss: 62.211, Trans_L2_m: 0.574, Yaw_err_deg: 0.880
Epoch: [11/23], Batch: 2330/2963, Loss: 66.878, Trans_L2_m: 0.472, Yaw_err_deg: 1.364
Epoch: [11/23], Batch: 2340/2963, Loss: 54.259, Trans_L2_m: 0.406, Yaw_err_deg: 1.015
Epoch: [11/23], Batch: 2350/2963, Loss: 74.557, Trans_L2_m: 0.557, Yaw_err_deg: 1.950
Epoch: [11/23], Batch: 2360/2963, Loss: 60.663, Trans_L2_m: 0.363, Yaw_err_deg: 1.332
Epoch: [11/23], Batch: 2370/2963, Loss: 54.863, Trans_L2_m: 0.402, Yaw_err_deg: 0.914
Epoch: [11/23], Batch: 2380/2963, Loss: 56.138, Trans_L2_m: 0.455, Yaw_err_deg: 1.248
Epoch: [11/23], Batch: 2390/2963, Loss: 65.728, Trans_L2_m: 0.544, Yaw_err_deg: 1.163
Epoch: [11/23], Batch: 2400/2963, Loss: 68.252, Trans_L2_m: 0.488, Yaw_err_deg: 1.428
Epoch: [11/23], Batch: 2410/2963, Loss: 56.863, Trans_L2_m: 0.390, Yaw_err_deg: 1.055
Epoch: [11/23], Batch: 2420/2963, Loss: 77.835, Trans_L2_m: 0.452, Yaw_err_deg: 1.347
Epoch: [11/23], Batch: 2430/2963, Loss: 61.121, Trans_L2_m: 0.520, Yaw_err_deg: 1.051
Epoch: [11/23], Batch: 2440/2963, Loss: 81.885, Trans_L2_m: 0.343, Yaw_err_deg: 1.761
Epoch: [11/23], Batch: 2450/2963, Loss: 66.924, Trans_L2_m: 0.444, Yaw_err_deg: 1.451
Epoch: [11/23], Batch: 2460/2963, Loss: 50.845, Trans_L2_m: 0.378, Yaw_err_deg: 1.030
Epoch: [11/23], Batch: 2470/2963, Loss: 83.257, Trans_L2_m: 0.600, Yaw_err_deg: 1.529
Epoch: [11/23], Batch: 2480/2963, Loss: 62.686, Trans_L2_m: 0.472, Yaw_err_deg: 1.569
Epoch: [11/23], Batch: 2490/2963, Loss: 82.122, Trans_L2_m: 0.401, Yaw_err_deg: 2.113
Epoch: [11/23], Batch: 2500/2963, Loss: 59.871, Trans_L2_m: 0.400, Yaw_err_deg: 1.431
Epoch: [11/23], Batch: 2510/2963, Loss: 72.248, Trans_L2_m: 0.382, Yaw_err_deg: 1.876
Epoch: [11/23], Batch: 2520/2963, Loss: 75.029, Trans_L2_m: 0.587, Yaw_err_deg: 1.095
Epoch: [11/23], Batch: 2530/2963, Loss: 72.317, Trans_L2_m: 0.658, Yaw_err_deg: 1.297
Epoch: [11/23], Batch: 2540/2963, Loss: 112.438, Trans_L2_m: 0.378, Yaw_err_deg: 1.815
Epoch: [11/23], Batch: 2550/2963, Loss: 55.967, Trans_L2_m: 0.421, Yaw_err_deg: 0.990
Epoch: [11/23], Batch: 2560/2963, Loss: 75.866, Trans_L2_m: 0.560, Yaw_err_deg: 1.450
Epoch: [11/23], Batch: 2570/2963, Loss: 53.625, Trans_L2_m: 0.495, Yaw_err_deg: 1.210
Epoch: [11/23], Batch: 2580/2963, Loss: 53.326, Trans_L2_m: 0.553, Yaw_err_deg: 0.891
Epoch: [11/23], Batch: 2590/2963, Loss: 53.513, Trans_L2_m: 0.379, Yaw_err_deg: 0.860
Epoch: [11/23], Batch: 2600/2963, Loss: 52.386, Trans_L2_m: 0.476, Yaw_err_deg: 0.799
Epoch: [11/23], Batch: 2610/2963, Loss: 55.146, Trans_L2_m: 0.508, Yaw_err_deg: 0.998
Epoch: [11/23], Batch: 2620/2963, Loss: 110.381, Trans_L2_m: 0.504, Yaw_err_deg: 1.822
Epoch: [11/23], Batch: 2630/2963, Loss: 63.359, Trans_L2_m: 0.413, Yaw_err_deg: 1.329
Epoch: [11/23], Batch: 2640/2963, Loss: 54.000, Trans_L2_m: 0.530, Yaw_err_deg: 0.802
Epoch: [11/23], Batch: 2650/2963, Loss: 51.573, Trans_L2_m: 0.357, Yaw_err_deg: 0.703
Epoch: [11/23], Batch: 2660/2963, Loss: 63.442, Trans_L2_m: 0.276, Yaw_err_deg: 1.850
Epoch: [11/23], Batch: 2670/2963, Loss: 101.514, Trans_L2_m: 0.671, Yaw_err_deg: 2.184
Epoch: [11/23], Batch: 2680/2963, Loss: 68.906, Trans_L2_m: 0.559, Yaw_err_deg: 1.325
Epoch: [11/23], Batch: 2690/2963, Loss: 79.756, Trans_L2_m: 0.504, Yaw_err_deg: 1.935
Epoch: [11/23], Batch: 2700/2963, Loss: 63.179, Trans_L2_m: 0.353, Yaw_err_deg: 1.626
Epoch: [11/23], Batch: 2710/2963, Loss: 52.345, Trans_L2_m: 0.374, Yaw_err_deg: 0.876
Epoch: [11/23], Batch: 2720/2963, Loss: 70.849, Trans_L2_m: 0.485, Yaw_err_deg: 1.673
Epoch: [11/23], Batch: 2730/2963, Loss: 46.921, Trans_L2_m: 0.369, Yaw_err_deg: 0.592
Epoch: [11/23], Batch: 2740/2963, Loss: 54.806, Trans_L2_m: 0.375, Yaw_err_deg: 1.182
Epoch: [11/23], Batch: 2750/2963, Loss: 57.677, Trans_L2_m: 0.484, Yaw_err_deg: 1.036
Epoch: [11/23], Batch: 2760/2963, Loss: 69.673, Trans_L2_m: 0.569, Yaw_err_deg: 1.224
Epoch: [11/23], Batch: 2770/2963, Loss: 81.216, Trans_L2_m: 0.406, Yaw_err_deg: 1.848
Epoch: [11/23], Batch: 2780/2963, Loss: 158.080, Trans_L2_m: 0.424, Yaw_err_deg: 2.374
Epoch: [11/23], Batch: 2790/2963, Loss: 55.373, Trans_L2_m: 0.471, Yaw_err_deg: 1.075
Epoch: [11/23], Batch: 2800/2963, Loss: 57.589, Trans_L2_m: 0.413, Yaw_err_deg: 1.106
Epoch: [11/23], Batch: 2810/2963, Loss: 58.429, Trans_L2_m: 0.503, Yaw_err_deg: 1.114
Epoch: [11/23], Batch: 2820/2963, Loss: 66.535, Trans_L2_m: 0.448, Yaw_err_deg: 1.397
Epoch: [11/23], Batch: 2830/2963, Loss: 54.031, Trans_L2_m: 0.476, Yaw_err_deg: 0.883
Epoch: [11/23], Batch: 2840/2963, Loss: 50.979, Trans_L2_m: 0.507, Yaw_err_deg: 0.854
Epoch: [11/23], Batch: 2850/2963, Loss: 72.505, Trans_L2_m: 0.462, Yaw_err_deg: 1.342
Epoch: [11/23], Batch: 2860/2963, Loss: 83.109, Trans_L2_m: 0.475, Yaw_err_deg: 1.645
Epoch: [11/23], Batch: 2870/2963, Loss: 57.967, Trans_L2_m: 0.477, Yaw_err_deg: 1.282
Epoch: [11/23], Batch: 2880/2963, Loss: 61.991, Trans_L2_m: 0.560, Yaw_err_deg: 1.042
Epoch: [11/23], Batch: 2890/2963, Loss: 63.061, Trans_L2_m: 0.675, Yaw_err_deg: 1.384
Epoch: [11/23], Batch: 2900/2963, Loss: 61.288, Trans_L2_m: 0.549, Yaw_err_deg: 1.191
Epoch: [11/23], Batch: 2910/2963, Loss: 63.886, Trans_L2_m: 0.513, Yaw_err_deg: 1.235
Epoch: [11/23], Batch: 2920/2963, Loss: 62.670, Trans_L2_m: 0.467, Yaw_err_deg: 1.404
Epoch: [11/23], Batch: 2930/2963, Loss: 58.753, Trans_L2_m: 0.455, Yaw_err_deg: 1.173
Epoch: [11/23], Batch: 2940/2963, Loss: 72.597, Trans_L2_m: 0.681, Yaw_err_deg: 1.277
Epoch: [11/23], Batch: 2950/2963, Loss: 63.698, Trans_L2_m: 0.671, Yaw_err_deg: 1.293
Epoch: [11/23], Batch: 2960/2963, Loss: 92.508, Trans_L2_m: 0.495, Yaw_err_deg: 2.018
Validation loss (homography): 1003.9560
Avg batch time: 976.01 ms, total: 316.498 s
[1;91mVal has no improvement vs 799.3275146484375![0m
Epoch: [12/23], Batch: 0/2963, Loss: 76.555, Trans_L2_m: 0.699, Yaw_err_deg: 1.817
Epoch: [12/23], Batch: 10/2963, Loss: 78.266, Trans_L2_m: 0.357, Yaw_err_deg: 1.802
Epoch: [12/23], Batch: 20/2963, Loss: 54.360, Trans_L2_m: 0.323, Yaw_err_deg: 0.981
Epoch: [12/23], Batch: 30/2963, Loss: 56.217, Trans_L2_m: 0.415, Yaw_err_deg: 1.104
Epoch: [12/23], Batch: 40/2963, Loss: 72.862, Trans_L2_m: 0.448, Yaw_err_deg: 1.490
Epoch: [12/23], Batch: 50/2963, Loss: 62.468, Trans_L2_m: 0.446, Yaw_err_deg: 1.392
Epoch: [12/23], Batch: 60/2963, Loss: 57.513, Trans_L2_m: 0.453, Yaw_err_deg: 1.269
Epoch: [12/23], Batch: 70/2963, Loss: 79.795, Trans_L2_m: 0.596, Yaw_err_deg: 1.621
Epoch: [12/23], Batch: 80/2963, Loss: 59.249, Trans_L2_m: 0.401, Yaw_err_deg: 1.246
Epoch: [12/23], Batch: 90/2963, Loss: 87.272, Trans_L2_m: 0.545, Yaw_err_deg: 1.718
Epoch: [12/23], Batch: 100/2963, Loss: 53.607, Trans_L2_m: 0.413, Yaw_err_deg: 1.217
Epoch: [12/23], Batch: 110/2963, Loss: 55.221, Trans_L2_m: 0.514, Yaw_err_deg: 0.890
Epoch: [12/23], Batch: 120/2963, Loss: 59.292, Trans_L2_m: 0.419, Yaw_err_deg: 1.278
Epoch: [12/23], Batch: 130/2963, Loss: 76.098, Trans_L2_m: 0.454, Yaw_err_deg: 1.937
Epoch: [12/23], Batch: 140/2963, Loss: 124.789, Trans_L2_m: 0.433, Yaw_err_deg: 2.351
Epoch: [12/23], Batch: 150/2963, Loss: 66.886, Trans_L2_m: 0.435, Yaw_err_deg: 1.286
Epoch: [12/23], Batch: 160/2963, Loss: 61.729, Trans_L2_m: 0.461, Yaw_err_deg: 1.462
Epoch: [12/23], Batch: 170/2963, Loss: 74.702, Trans_L2_m: 0.577, Yaw_err_deg: 1.644
Epoch: [12/23], Batch: 180/2963, Loss: 75.583, Trans_L2_m: 0.502, Yaw_err_deg: 1.623
Epoch: [12/23], Batch: 190/2963, Loss: 64.888, Trans_L2_m: 0.524, Yaw_err_deg: 1.222
Epoch: [12/23], Batch: 200/2963, Loss: 76.541, Trans_L2_m: 0.410, Yaw_err_deg: 1.868
Epoch: [12/23], Batch: 210/2963, Loss: 58.750, Trans_L2_m: 0.466, Yaw_err_deg: 1.215
Epoch: [12/23], Batch: 220/2963, Loss: 66.832, Trans_L2_m: 0.395, Yaw_err_deg: 1.324
Epoch: [12/23], Batch: 230/2963, Loss: 63.283, Trans_L2_m: 0.585, Yaw_err_deg: 1.237
Epoch: [12/23], Batch: 240/2963, Loss: 44.829, Trans_L2_m: 0.344, Yaw_err_deg: 0.889
Epoch: [12/23], Batch: 250/2963, Loss: 70.897, Trans_L2_m: 0.598, Yaw_err_deg: 1.478
Epoch: [12/23], Batch: 260/2963, Loss: 63.400, Trans_L2_m: 0.438, Yaw_err_deg: 1.231
Epoch: [12/23], Batch: 270/2963, Loss: 67.478, Trans_L2_m: 0.463, Yaw_err_deg: 1.374
Epoch: [12/23], Batch: 280/2963, Loss: 57.013, Trans_L2_m: 0.644, Yaw_err_deg: 1.134
Epoch: [12/23], Batch: 290/2963, Loss: 104.122, Trans_L2_m: 0.420, Yaw_err_deg: 2.225
Epoch: [12/23], Batch: 300/2963, Loss: 50.084, Trans_L2_m: 0.450, Yaw_err_deg: 0.592
Epoch: [12/23], Batch: 310/2963, Loss: 60.351, Trans_L2_m: 0.506, Yaw_err_deg: 1.110
Epoch: [12/23], Batch: 320/2963, Loss: 79.451, Trans_L2_m: 0.407, Yaw_err_deg: 1.535
Epoch: [12/23], Batch: 330/2963, Loss: 86.666, Trans_L2_m: 0.485, Yaw_err_deg: 1.840
Epoch: [12/23], Batch: 340/2963, Loss: 58.912, Trans_L2_m: 0.493, Yaw_err_deg: 0.992
Epoch: [12/23], Batch: 350/2963, Loss: 76.835, Trans_L2_m: 0.951, Yaw_err_deg: 1.355
Epoch: [12/23], Batch: 360/2963, Loss: 55.568, Trans_L2_m: 0.478, Yaw_err_deg: 1.173
Epoch: [12/23], Batch: 370/2963, Loss: 56.093, Trans_L2_m: 0.513, Yaw_err_deg: 1.046
Epoch: [12/23], Batch: 380/2963, Loss: 63.000, Trans_L2_m: 0.464, Yaw_err_deg: 1.127
Epoch: [12/23], Batch: 390/2963, Loss: 78.490, Trans_L2_m: 0.510, Yaw_err_deg: 1.764
Epoch: [12/23], Batch: 400/2963, Loss: 58.568, Trans_L2_m: 0.460, Yaw_err_deg: 1.171
Epoch: [12/23], Batch: 410/2963, Loss: 72.586, Trans_L2_m: 0.534, Yaw_err_deg: 1.407
Epoch: [12/23], Batch: 420/2963, Loss: 62.822, Trans_L2_m: 0.483, Yaw_err_deg: 1.291
Epoch: [12/23], Batch: 430/2963, Loss: 77.337, Trans_L2_m: 0.423, Yaw_err_deg: 1.708
Epoch: [12/23], Batch: 440/2963, Loss: 56.736, Trans_L2_m: 0.324, Yaw_err_deg: 1.189
Epoch: [12/23], Batch: 450/2963, Loss: 55.555, Trans_L2_m: 0.408, Yaw_err_deg: 1.168
Epoch: [12/23], Batch: 460/2963, Loss: 73.995, Trans_L2_m: 0.356, Yaw_err_deg: 1.557
Epoch: [12/23], Batch: 470/2963, Loss: 82.705, Trans_L2_m: 0.548, Yaw_err_deg: 1.980
Epoch: [12/23], Batch: 480/2963, Loss: 45.284, Trans_L2_m: 0.429, Yaw_err_deg: 0.790
Epoch: [12/23], Batch: 490/2963, Loss: 58.332, Trans_L2_m: 0.564, Yaw_err_deg: 0.750
Epoch: [12/23], Batch: 500/2963, Loss: 59.573, Trans_L2_m: 0.592, Yaw_err_deg: 0.985
Epoch: [12/23], Batch: 510/2963, Loss: 76.031, Trans_L2_m: 0.433, Yaw_err_deg: 1.610
Epoch: [12/23], Batch: 520/2963, Loss: 61.250, Trans_L2_m: 0.385, Yaw_err_deg: 1.431
Epoch: [12/23], Batch: 530/2963, Loss: 67.667, Trans_L2_m: 0.403, Yaw_err_deg: 1.373
Epoch: [12/23], Batch: 540/2963, Loss: 81.378, Trans_L2_m: 0.305, Yaw_err_deg: 1.767
Epoch: [12/23], Batch: 550/2963, Loss: 66.830, Trans_L2_m: 0.615, Yaw_err_deg: 0.852
Epoch: [12/23], Batch: 560/2963, Loss: 54.539, Trans_L2_m: 0.618, Yaw_err_deg: 0.617
Epoch: [12/23], Batch: 570/2963, Loss: 51.502, Trans_L2_m: 0.589, Yaw_err_deg: 1.072
Epoch: [12/23], Batch: 580/2963, Loss: 58.229, Trans_L2_m: 0.625, Yaw_err_deg: 1.036
Epoch: [12/23], Batch: 590/2963, Loss: 65.077, Trans_L2_m: 0.416, Yaw_err_deg: 1.341
Epoch: [12/23], Batch: 600/2963, Loss: 46.896, Trans_L2_m: 0.476, Yaw_err_deg: 0.825
Epoch: [12/23], Batch: 610/2963, Loss: 45.571, Trans_L2_m: 0.471, Yaw_err_deg: 0.607
Epoch: [12/23], Batch: 620/2963, Loss: 51.214, Trans_L2_m: 0.437, Yaw_err_deg: 0.872
Epoch: [12/23], Batch: 630/2963, Loss: 53.713, Trans_L2_m: 0.444, Yaw_err_deg: 0.987
Epoch: [12/23], Batch: 640/2963, Loss: 50.053, Trans_L2_m: 0.388, Yaw_err_deg: 0.683
Epoch: [12/23], Batch: 650/2963, Loss: 49.645, Trans_L2_m: 0.480, Yaw_err_deg: 0.782
Epoch: [12/23], Batch: 660/2963, Loss: 76.818, Trans_L2_m: 0.449, Yaw_err_deg: 1.727
Epoch: [12/23], Batch: 670/2963, Loss: 66.055, Trans_L2_m: 0.618, Yaw_err_deg: 1.432
Epoch: [12/23], Batch: 680/2963, Loss: 71.648, Trans_L2_m: 0.445, Yaw_err_deg: 1.132
Epoch: [12/23], Batch: 690/2963, Loss: 52.458, Trans_L2_m: 0.374, Yaw_err_deg: 0.879
Epoch: [12/23], Batch: 700/2963, Loss: 56.332, Trans_L2_m: 0.479, Yaw_err_deg: 1.073
Epoch: [12/23], Batch: 710/2963, Loss: 74.134, Trans_L2_m: 0.439, Yaw_err_deg: 1.325
Epoch: [12/23], Batch: 720/2963, Loss: 74.117, Trans_L2_m: 0.371, Yaw_err_deg: 1.810
Epoch: [12/23], Batch: 730/2963, Loss: 48.385, Trans_L2_m: 0.267, Yaw_err_deg: 0.772
Epoch: [12/23], Batch: 740/2963, Loss: 63.811, Trans_L2_m: 0.590, Yaw_err_deg: 1.142
Epoch: [12/23], Batch: 750/2963, Loss: 64.644, Trans_L2_m: 0.526, Yaw_err_deg: 1.149
Epoch: [12/23], Batch: 760/2963, Loss: 44.705, Trans_L2_m: 0.396, Yaw_err_deg: 0.820
Epoch: [12/23], Batch: 770/2963, Loss: 53.724, Trans_L2_m: 0.336, Yaw_err_deg: 1.153
Epoch: [12/23], Batch: 780/2963, Loss: 69.724, Trans_L2_m: 0.552, Yaw_err_deg: 1.702
Epoch: [12/23], Batch: 790/2963, Loss: 61.057, Trans_L2_m: 0.405, Yaw_err_deg: 1.606
Epoch: [12/23], Batch: 800/2963, Loss: 65.582, Trans_L2_m: 0.359, Yaw_err_deg: 1.526
Epoch: [12/23], Batch: 810/2963, Loss: 63.271, Trans_L2_m: 0.392, Yaw_err_deg: 1.307
Epoch: [12/23], Batch: 820/2963, Loss: 59.701, Trans_L2_m: 0.424, Yaw_err_deg: 1.316
Epoch: [12/23], Batch: 830/2963, Loss: 77.464, Trans_L2_m: 0.586, Yaw_err_deg: 1.586
Epoch: [12/23], Batch: 840/2963, Loss: 58.215, Trans_L2_m: 0.462, Yaw_err_deg: 1.379
Epoch: [12/23], Batch: 850/2963, Loss: 55.580, Trans_L2_m: 0.490, Yaw_err_deg: 1.193
Epoch: [12/23], Batch: 860/2963, Loss: 54.308, Trans_L2_m: 0.310, Yaw_err_deg: 1.218
Epoch: [12/23], Batch: 870/2963, Loss: 65.531, Trans_L2_m: 0.411, Yaw_err_deg: 1.493
Epoch: [12/23], Batch: 880/2963, Loss: 55.437, Trans_L2_m: 0.359, Yaw_err_deg: 1.348
Epoch: [12/23], Batch: 890/2963, Loss: 70.178, Trans_L2_m: 0.326, Yaw_err_deg: 1.793
Epoch: [12/23], Batch: 900/2963, Loss: 78.742, Trans_L2_m: 0.577, Yaw_err_deg: 1.376
Epoch: [12/23], Batch: 910/2963, Loss: 54.849, Trans_L2_m: 0.493, Yaw_err_deg: 0.687
Epoch: [12/23], Batch: 920/2963, Loss: 62.183, Trans_L2_m: 0.342, Yaw_err_deg: 1.437
Epoch: [12/23], Batch: 930/2963, Loss: 92.142, Trans_L2_m: 0.437, Yaw_err_deg: 1.766
Epoch: [12/23], Batch: 940/2963, Loss: 60.997, Trans_L2_m: 0.386, Yaw_err_deg: 1.172
Epoch: [12/23], Batch: 950/2963, Loss: 113.055, Trans_L2_m: 0.633, Yaw_err_deg: 1.777
Epoch: [12/23], Batch: 960/2963, Loss: 73.064, Trans_L2_m: 0.464, Yaw_err_deg: 1.720
Epoch: [12/23], Batch: 970/2963, Loss: 62.034, Trans_L2_m: 0.516, Yaw_err_deg: 1.279
Epoch: [12/23], Batch: 980/2963, Loss: 71.542, Trans_L2_m: 0.479, Yaw_err_deg: 1.729
Epoch: [12/23], Batch: 990/2963, Loss: 56.843, Trans_L2_m: 0.499, Yaw_err_deg: 0.916
Epoch: [12/23], Batch: 1000/2963, Loss: 50.782, Trans_L2_m: 0.458, Yaw_err_deg: 0.714
Epoch: [12/23], Batch: 1010/2963, Loss: 54.270, Trans_L2_m: 0.531, Yaw_err_deg: 0.894
Epoch: [12/23], Batch: 1020/2963, Loss: 55.468, Trans_L2_m: 0.345, Yaw_err_deg: 1.158
Epoch: [12/23], Batch: 1030/2963, Loss: 75.792, Trans_L2_m: 0.389, Yaw_err_deg: 1.865
Epoch: [12/23], Batch: 1040/2963, Loss: 60.070, Trans_L2_m: 0.386, Yaw_err_deg: 1.214
Epoch: [12/23], Batch: 1050/2963, Loss: 63.297, Trans_L2_m: 0.554, Yaw_err_deg: 1.280
Epoch: [12/23], Batch: 1060/2963, Loss: 65.572, Trans_L2_m: 0.461, Yaw_err_deg: 1.343
Epoch: [12/23], Batch: 1070/2963, Loss: 62.619, Trans_L2_m: 0.507, Yaw_err_deg: 1.216
Epoch: [12/23], Batch: 1080/2963, Loss: 74.133, Trans_L2_m: 0.497, Yaw_err_deg: 1.415
Epoch: [12/23], Batch: 1090/2963, Loss: 70.284, Trans_L2_m: 0.574, Yaw_err_deg: 1.240
Epoch: [12/23], Batch: 1100/2963, Loss: 51.989, Trans_L2_m: 0.318, Yaw_err_deg: 1.015
Epoch: [12/23], Batch: 1110/2963, Loss: 71.070, Trans_L2_m: 0.556, Yaw_err_deg: 1.362
Epoch: [12/23], Batch: 1120/2963, Loss: 90.298, Trans_L2_m: 0.540, Yaw_err_deg: 1.700
Epoch: [12/23], Batch: 1130/2963, Loss: 61.546, Trans_L2_m: 0.527, Yaw_err_deg: 1.139
Epoch: [12/23], Batch: 1140/2963, Loss: 90.293, Trans_L2_m: 0.493, Yaw_err_deg: 1.751
Epoch: [12/23], Batch: 1150/2963, Loss: 59.927, Trans_L2_m: 0.476, Yaw_err_deg: 1.145
Epoch: [12/23], Batch: 1160/2963, Loss: 51.625, Trans_L2_m: 0.464, Yaw_err_deg: 0.835
Epoch: [12/23], Batch: 1170/2963, Loss: 66.427, Trans_L2_m: 0.397, Yaw_err_deg: 1.458
Epoch: [12/23], Batch: 1180/2963, Loss: 59.524, Trans_L2_m: 0.449, Yaw_err_deg: 1.085
Epoch: [12/23], Batch: 1190/2963, Loss: 58.868, Trans_L2_m: 0.532, Yaw_err_deg: 1.334
Epoch: [12/23], Batch: 1200/2963, Loss: 48.720, Trans_L2_m: 0.406, Yaw_err_deg: 0.911
Epoch: [12/23], Batch: 1210/2963, Loss: 68.167, Trans_L2_m: 0.491, Yaw_err_deg: 1.346
Epoch: [12/23], Batch: 1220/2963, Loss: 60.785, Trans_L2_m: 0.358, Yaw_err_deg: 1.101
Epoch: [12/23], Batch: 1230/2963, Loss: 53.815, Trans_L2_m: 0.519, Yaw_err_deg: 1.075
Epoch: [12/23], Batch: 1240/2963, Loss: 69.883, Trans_L2_m: 0.431, Yaw_err_deg: 1.491
Epoch: [12/23], Batch: 1250/2963, Loss: 55.704, Trans_L2_m: 0.441, Yaw_err_deg: 1.065
Epoch: [12/23], Batch: 1260/2963, Loss: 64.527, Trans_L2_m: 0.596, Yaw_err_deg: 1.166
Epoch: [12/23], Batch: 1270/2963, Loss: 62.825, Trans_L2_m: 0.447, Yaw_err_deg: 1.296
Epoch: [12/23], Batch: 1280/2963, Loss: 40.076, Trans_L2_m: 0.373, Yaw_err_deg: 0.537
Epoch: [12/23], Batch: 1290/2963, Loss: 56.371, Trans_L2_m: 0.702, Yaw_err_deg: 0.883
Epoch: [12/23], Batch: 1300/2963, Loss: 53.225, Trans_L2_m: 0.443, Yaw_err_deg: 1.310
Epoch: [12/23], Batch: 1310/2963, Loss: 68.254, Trans_L2_m: 0.377, Yaw_err_deg: 1.395
Epoch: [12/23], Batch: 1320/2963, Loss: 66.550, Trans_L2_m: 0.753, Yaw_err_deg: 1.159
Epoch: [12/23], Batch: 1330/2963, Loss: 54.687, Trans_L2_m: 0.440, Yaw_err_deg: 1.153
Epoch: [12/23], Batch: 1340/2963, Loss: 60.350, Trans_L2_m: 0.536, Yaw_err_deg: 1.351
Epoch: [12/23], Batch: 1350/2963, Loss: 57.569, Trans_L2_m: 0.487, Yaw_err_deg: 1.246
Epoch: [12/23], Batch: 1360/2963, Loss: 60.285, Trans_L2_m: 0.383, Yaw_err_deg: 1.271
Epoch: [12/23], Batch: 1370/2963, Loss: 53.948, Trans_L2_m: 0.397, Yaw_err_deg: 1.185
Epoch: [12/23], Batch: 1380/2963, Loss: 73.287, Trans_L2_m: 0.644, Yaw_err_deg: 1.554
Epoch: [12/23], Batch: 1390/2963, Loss: 59.899, Trans_L2_m: 0.463, Yaw_err_deg: 1.207
Epoch: [12/23], Batch: 1400/2963, Loss: 67.837, Trans_L2_m: 0.628, Yaw_err_deg: 0.895
Epoch: [12/23], Batch: 1410/2963, Loss: 66.453, Trans_L2_m: 0.416, Yaw_err_deg: 1.335
Epoch: [12/23], Batch: 1420/2963, Loss: 58.832, Trans_L2_m: 0.516, Yaw_err_deg: 1.265
Epoch: [12/23], Batch: 1430/2963, Loss: 63.322, Trans_L2_m: 0.465, Yaw_err_deg: 1.207
Epoch: [12/23], Batch: 1440/2963, Loss: 55.112, Trans_L2_m: 0.482, Yaw_err_deg: 0.997
Epoch: [12/23], Batch: 1450/2963, Loss: 54.958, Trans_L2_m: 0.593, Yaw_err_deg: 0.883
Epoch: [12/23], Batch: 1460/2963, Loss: 70.639, Trans_L2_m: 0.510, Yaw_err_deg: 1.450
Epoch: [12/23], Batch: 1470/2963, Loss: 95.203, Trans_L2_m: 0.411, Yaw_err_deg: 1.769
Epoch: [12/23], Batch: 1480/2963, Loss: 54.451, Trans_L2_m: 0.359, Yaw_err_deg: 1.084
Epoch: [12/23], Batch: 1490/2963, Loss: 67.012, Trans_L2_m: 0.630, Yaw_err_deg: 1.334
Epoch: [12/23], Batch: 1500/2963, Loss: 52.040, Trans_L2_m: 0.416, Yaw_err_deg: 0.974
Epoch: [12/23], Batch: 1510/2963, Loss: 64.712, Trans_L2_m: 0.431, Yaw_err_deg: 1.172
Epoch: [12/23], Batch: 1520/2963, Loss: 69.326, Trans_L2_m: 0.477, Yaw_err_deg: 1.351
Epoch: [12/23], Batch: 1530/2963, Loss: 2409.640, Trans_L2_m: 0.546, Yaw_err_deg: 1.165
Epoch: [12/23], Batch: 1540/2963, Loss: 71.875, Trans_L2_m: 0.414, Yaw_err_deg: 1.290
Epoch: [12/23], Batch: 1550/2963, Loss: 58.795, Trans_L2_m: 0.421, Yaw_err_deg: 1.539
Epoch: [12/23], Batch: 1560/2963, Loss: 61.093, Trans_L2_m: 0.519, Yaw_err_deg: 1.324
Epoch: [12/23], Batch: 1570/2963, Loss: 56.953, Trans_L2_m: 0.504, Yaw_err_deg: 0.905
Epoch: [12/23], Batch: 1580/2963, Loss: 62.344, Trans_L2_m: 0.282, Yaw_err_deg: 1.705
Epoch: [12/23], Batch: 1590/2963, Loss: 58.635, Trans_L2_m: 0.399, Yaw_err_deg: 1.348
Epoch: [12/23], Batch: 1600/2963, Loss: 97.510, Trans_L2_m: 0.575, Yaw_err_deg: 2.583
Epoch: [12/23], Batch: 1610/2963, Loss: 55.674, Trans_L2_m: 0.369, Yaw_err_deg: 1.061
Epoch: [12/23], Batch: 1620/2963, Loss: 66.894, Trans_L2_m: 0.609, Yaw_err_deg: 1.476
Epoch: [12/23], Batch: 1630/2963, Loss: 68.008, Trans_L2_m: 0.457, Yaw_err_deg: 1.586
Epoch: [12/23], Batch: 1640/2963, Loss: 65.829, Trans_L2_m: 0.701, Yaw_err_deg: 1.281
Epoch: [12/23], Batch: 1650/2963, Loss: 55.544, Trans_L2_m: 0.447, Yaw_err_deg: 1.110
Epoch: [12/23], Batch: 1660/2963, Loss: 66.275, Trans_L2_m: 0.609, Yaw_err_deg: 1.044
Epoch: [12/23], Batch: 1670/2963, Loss: 64.990, Trans_L2_m: 0.451, Yaw_err_deg: 1.423
Epoch: [12/23], Batch: 1680/2963, Loss: 51.530, Trans_L2_m: 0.356, Yaw_err_deg: 0.856
Epoch: [12/23], Batch: 1690/2963, Loss: 48.095, Trans_L2_m: 0.404, Yaw_err_deg: 0.960
Epoch: [12/23], Batch: 1700/2963, Loss: 57.831, Trans_L2_m: 0.448, Yaw_err_deg: 1.083
Epoch: [12/23], Batch: 1710/2963, Loss: 50.812, Trans_L2_m: 0.402, Yaw_err_deg: 1.227
Epoch: [12/23], Batch: 1720/2963, Loss: 57.465, Trans_L2_m: 0.491, Yaw_err_deg: 1.211
Epoch: [12/23], Batch: 1730/2963, Loss: 69.205, Trans_L2_m: 0.478, Yaw_err_deg: 1.211
Epoch: [12/23], Batch: 1740/2963, Loss: 63.235, Trans_L2_m: 0.367, Yaw_err_deg: 1.661
Epoch: [12/23], Batch: 1750/2963, Loss: 55.845, Trans_L2_m: 0.612, Yaw_err_deg: 1.154
Epoch: [12/23], Batch: 1760/2963, Loss: 67.727, Trans_L2_m: 0.446, Yaw_err_deg: 1.154
Epoch: [12/23], Batch: 1770/2963, Loss: 60.178, Trans_L2_m: 0.454, Yaw_err_deg: 1.404
Epoch: [12/23], Batch: 1780/2963, Loss: 80.645, Trans_L2_m: 0.492, Yaw_err_deg: 1.639
Epoch: [12/23], Batch: 1790/2963, Loss: 68.431, Trans_L2_m: 0.406, Yaw_err_deg: 1.565
Epoch: [12/23], Batch: 1800/2963, Loss: 71.310, Trans_L2_m: 0.337, Yaw_err_deg: 1.442
Epoch: [12/23], Batch: 1810/2963, Loss: 48.163, Trans_L2_m: 0.327, Yaw_err_deg: 0.840
Epoch: [12/23], Batch: 1820/2963, Loss: 63.121, Trans_L2_m: 0.546, Yaw_err_deg: 1.243
Epoch: [12/23], Batch: 1830/2963, Loss: 62.536, Trans_L2_m: 0.380, Yaw_err_deg: 1.244
Epoch: [12/23], Batch: 1840/2963, Loss: 57.680, Trans_L2_m: 0.594, Yaw_err_deg: 0.886
Epoch: [12/23], Batch: 1850/2963, Loss: 50.197, Trans_L2_m: 0.485, Yaw_err_deg: 0.824
Epoch: [12/23], Batch: 1860/2963, Loss: 61.442, Trans_L2_m: 0.638, Yaw_err_deg: 1.314
Epoch: [12/23], Batch: 1870/2963, Loss: 63.670, Trans_L2_m: 0.405, Yaw_err_deg: 1.150
Epoch: [12/23], Batch: 1880/2963, Loss: 50.303, Trans_L2_m: 0.335, Yaw_err_deg: 1.285
Epoch: [12/23], Batch: 1890/2963, Loss: 82.298, Trans_L2_m: 0.509, Yaw_err_deg: 1.957
Epoch: [12/23], Batch: 1900/2963, Loss: 63.470, Trans_L2_m: 0.735, Yaw_err_deg: 1.100
Epoch: [12/23], Batch: 1910/2963, Loss: 52.388, Trans_L2_m: 0.489, Yaw_err_deg: 1.024
Epoch: [12/23], Batch: 1920/2963, Loss: 68.044, Trans_L2_m: 0.519, Yaw_err_deg: 1.398
Epoch: [12/23], Batch: 1930/2963, Loss: 57.421, Trans_L2_m: 0.558, Yaw_err_deg: 1.169
Epoch: [12/23], Batch: 1940/2963, Loss: 52.332, Trans_L2_m: 0.550, Yaw_err_deg: 0.969
Epoch: [12/23], Batch: 1950/2963, Loss: 71.026, Trans_L2_m: 0.528, Yaw_err_deg: 1.224
Epoch: [12/23], Batch: 1960/2963, Loss: 49.047, Trans_L2_m: 0.574, Yaw_err_deg: 1.109
Epoch: [12/23], Batch: 1970/2963, Loss: 56.785, Trans_L2_m: 0.520, Yaw_err_deg: 1.085
Epoch: [12/23], Batch: 1980/2963, Loss: 59.363, Trans_L2_m: 0.503, Yaw_err_deg: 0.950
Epoch: [12/23], Batch: 1990/2963, Loss: 75.820, Trans_L2_m: 0.498, Yaw_err_deg: 1.302
Epoch: [12/23], Batch: 2000/2963, Loss: 57.063, Trans_L2_m: 0.400, Yaw_err_deg: 1.126
Epoch: [12/23], Batch: 2010/2963, Loss: 60.685, Trans_L2_m: 0.620, Yaw_err_deg: 1.046
Epoch: [12/23], Batch: 2020/2963, Loss: 60.535, Trans_L2_m: 0.491, Yaw_err_deg: 1.182
Epoch: [12/23], Batch: 2030/2963, Loss: 52.196, Trans_L2_m: 0.539, Yaw_err_deg: 0.893
Epoch: [12/23], Batch: 2040/2963, Loss: 50.345, Trans_L2_m: 0.394, Yaw_err_deg: 0.965
Epoch: [12/23], Batch: 2050/2963, Loss: 55.814, Trans_L2_m: 0.473, Yaw_err_deg: 1.146
Epoch: [12/23], Batch: 2060/2963, Loss: 51.611, Trans_L2_m: 0.405, Yaw_err_deg: 0.898
Epoch: [12/23], Batch: 2070/2963, Loss: 49.632, Trans_L2_m: 0.371, Yaw_err_deg: 0.939
Epoch: [12/23], Batch: 2080/2963, Loss: 63.872, Trans_L2_m: 0.402, Yaw_err_deg: 1.229
Epoch: [12/23], Batch: 2090/2963, Loss: 53.753, Trans_L2_m: 0.453, Yaw_err_deg: 0.740
Epoch: [12/23], Batch: 2100/2963, Loss: 82.984, Trans_L2_m: 0.446, Yaw_err_deg: 1.474
Epoch: [12/23], Batch: 2110/2963, Loss: 57.692, Trans_L2_m: 0.471, Yaw_err_deg: 0.797
Epoch: [12/23], Batch: 2120/2963, Loss: 64.722, Trans_L2_m: 0.457, Yaw_err_deg: 1.426
Epoch: [12/23], Batch: 2130/2963, Loss: 52.022, Trans_L2_m: 0.471, Yaw_err_deg: 1.102
Epoch: [12/23], Batch: 2140/2963, Loss: 71.421, Trans_L2_m: 0.609, Yaw_err_deg: 1.366
Epoch: [12/23], Batch: 2150/2963, Loss: 57.009, Trans_L2_m: 0.440, Yaw_err_deg: 1.132
Epoch: [12/23], Batch: 2160/2963, Loss: 59.901, Trans_L2_m: 0.505, Yaw_err_deg: 1.092
Epoch: [12/23], Batch: 2170/2963, Loss: 60.490, Trans_L2_m: 0.299, Yaw_err_deg: 1.376
Epoch: [12/23], Batch: 2180/2963, Loss: 51.218, Trans_L2_m: 0.388, Yaw_err_deg: 1.026
Epoch: [12/23], Batch: 2190/2963, Loss: 62.550, Trans_L2_m: 0.379, Yaw_err_deg: 1.348
Epoch: [12/23], Batch: 2200/2963, Loss: 55.140, Trans_L2_m: 0.382, Yaw_err_deg: 1.177
Epoch: [12/23], Batch: 2210/2963, Loss: 77.844, Trans_L2_m: 0.657, Yaw_err_deg: 1.752
Epoch: [12/23], Batch: 2220/2963, Loss: 65.847, Trans_L2_m: 0.666, Yaw_err_deg: 1.346
Epoch: [12/23], Batch: 2230/2963, Loss: 103.806, Trans_L2_m: 0.511, Yaw_err_deg: 1.678
Epoch: [12/23], Batch: 2240/2963, Loss: 58.797, Trans_L2_m: 0.419, Yaw_err_deg: 1.116
Epoch: [12/23], Batch: 2250/2963, Loss: 54.038, Trans_L2_m: 0.324, Yaw_err_deg: 1.153
Epoch: [12/23], Batch: 2260/2963, Loss: 61.914, Trans_L2_m: 0.492, Yaw_err_deg: 1.339
Epoch: [12/23], Batch: 2270/2963, Loss: 64.338, Trans_L2_m: 0.526, Yaw_err_deg: 1.206
Epoch: [12/23], Batch: 2280/2963, Loss: 67.715, Trans_L2_m: 0.473, Yaw_err_deg: 1.046
Epoch: [12/23], Batch: 2290/2963, Loss: 54.214, Trans_L2_m: 0.438, Yaw_err_deg: 1.159
Epoch: [12/23], Batch: 2300/2963, Loss: 59.239, Trans_L2_m: 0.308, Yaw_err_deg: 1.186
Epoch: [12/23], Batch: 2310/2963, Loss: 377.863, Trans_L2_m: 0.463, Yaw_err_deg: 2.993
Epoch: [12/23], Batch: 2320/2963, Loss: 67.902, Trans_L2_m: 0.446, Yaw_err_deg: 1.520
Epoch: [12/23], Batch: 2330/2963, Loss: 58.889, Trans_L2_m: 0.499, Yaw_err_deg: 1.216
Epoch: [12/23], Batch: 2340/2963, Loss: 71.153, Trans_L2_m: 0.449, Yaw_err_deg: 1.007
Epoch: [12/23], Batch: 2350/2963, Loss: 47.802, Trans_L2_m: 0.478, Yaw_err_deg: 1.089
Epoch: [12/23], Batch: 2360/2963, Loss: 54.467, Trans_L2_m: 0.453, Yaw_err_deg: 1.167
Epoch: [12/23], Batch: 2370/2963, Loss: 53.014, Trans_L2_m: 0.343, Yaw_err_deg: 1.370
Epoch: [12/23], Batch: 2380/2963, Loss: 144.025, Trans_L2_m: 0.462, Yaw_err_deg: 1.357
Epoch: [12/23], Batch: 2390/2963, Loss: 56.550, Trans_L2_m: 0.355, Yaw_err_deg: 1.181
Epoch: [12/23], Batch: 2400/2963, Loss: 65.479, Trans_L2_m: 0.448, Yaw_err_deg: 1.268
Epoch: [12/23], Batch: 2410/2963, Loss: 60.384, Trans_L2_m: 0.328, Yaw_err_deg: 1.488
Epoch: [12/23], Batch: 2420/2963, Loss: 48.698, Trans_L2_m: 0.373, Yaw_err_deg: 0.725
Epoch: [12/23], Batch: 2430/2963, Loss: 58.292, Trans_L2_m: 0.299, Yaw_err_deg: 1.410
Epoch: [12/23], Batch: 2440/2963, Loss: 61.040, Trans_L2_m: 0.415, Yaw_err_deg: 1.192
Epoch: [12/23], Batch: 2450/2963, Loss: 50.592, Trans_L2_m: 0.333, Yaw_err_deg: 1.035
Epoch: [12/23], Batch: 2460/2963, Loss: 286.660, Trans_L2_m: 0.393, Yaw_err_deg: 2.763
Epoch: [12/23], Batch: 2470/2963, Loss: 50.176, Trans_L2_m: 0.545, Yaw_err_deg: 1.030
Epoch: [12/23], Batch: 2480/2963, Loss: 54.950, Trans_L2_m: 0.490, Yaw_err_deg: 1.149
Epoch: [12/23], Batch: 2490/2963, Loss: 47.097, Trans_L2_m: 0.399, Yaw_err_deg: 0.945
Epoch: [12/23], Batch: 2500/2963, Loss: 58.137, Trans_L2_m: 0.497, Yaw_err_deg: 1.194
Epoch: [12/23], Batch: 2510/2963, Loss: 82.031, Trans_L2_m: 0.450, Yaw_err_deg: 1.678
Epoch: [12/23], Batch: 2520/2963, Loss: 55.788, Trans_L2_m: 0.532, Yaw_err_deg: 1.030
Epoch: [12/23], Batch: 2530/2963, Loss: 52.831, Trans_L2_m: 0.495, Yaw_err_deg: 1.108
Epoch: [12/23], Batch: 2540/2963, Loss: 57.119, Trans_L2_m: 0.607, Yaw_err_deg: 1.145
Epoch: [12/23], Batch: 2550/2963, Loss: 51.067, Trans_L2_m: 0.539, Yaw_err_deg: 0.903
Epoch: [12/23], Batch: 2560/2963, Loss: 62.763, Trans_L2_m: 0.595, Yaw_err_deg: 1.512
Epoch: [12/23], Batch: 2570/2963, Loss: 51.495, Trans_L2_m: 0.464, Yaw_err_deg: 1.176
Epoch: [12/23], Batch: 2580/2963, Loss: 52.815, Trans_L2_m: 0.397, Yaw_err_deg: 1.062
Epoch: [12/23], Batch: 2590/2963, Loss: 62.087, Trans_L2_m: 0.431, Yaw_err_deg: 1.040
Epoch: [12/23], Batch: 2600/2963, Loss: 61.742, Trans_L2_m: 0.531, Yaw_err_deg: 1.288
Epoch: [12/23], Batch: 2610/2963, Loss: 60.420, Trans_L2_m: 0.588, Yaw_err_deg: 1.069
Epoch: [12/23], Batch: 2620/2963, Loss: 56.603, Trans_L2_m: 0.558, Yaw_err_deg: 0.972
Epoch: [12/23], Batch: 2630/2963, Loss: 75.199, Trans_L2_m: 0.512, Yaw_err_deg: 1.852
Epoch: [12/23], Batch: 2640/2963, Loss: 49.153, Trans_L2_m: 0.489, Yaw_err_deg: 1.105
Epoch: [12/23], Batch: 2650/2963, Loss: 58.045, Trans_L2_m: 0.490, Yaw_err_deg: 0.791
Epoch: [12/23], Batch: 2660/2963, Loss: 52.146, Trans_L2_m: 0.438, Yaw_err_deg: 0.897
Epoch: [12/23], Batch: 2670/2963, Loss: 59.550, Trans_L2_m: 0.541, Yaw_err_deg: 1.243
Epoch: [12/23], Batch: 2680/2963, Loss: 51.816, Trans_L2_m: 0.630, Yaw_err_deg: 1.078
Epoch: [12/23], Batch: 2690/2963, Loss: 64.071, Trans_L2_m: 0.319, Yaw_err_deg: 1.608
Epoch: [12/23], Batch: 2700/2963, Loss: 60.134, Trans_L2_m: 0.511, Yaw_err_deg: 1.056
Epoch: [12/23], Batch: 2710/2963, Loss: 63.889, Trans_L2_m: 0.476, Yaw_err_deg: 1.301
Epoch: [12/23], Batch: 2720/2963, Loss: 60.434, Trans_L2_m: 0.404, Yaw_err_deg: 1.462
Epoch: [12/23], Batch: 2730/2963, Loss: 79.515, Trans_L2_m: 0.724, Yaw_err_deg: 1.372
Epoch: [12/23], Batch: 2740/2963, Loss: 58.476, Trans_L2_m: 0.509, Yaw_err_deg: 1.029
Epoch: [12/23], Batch: 2750/2963, Loss: 110.030, Trans_L2_m: 0.426, Yaw_err_deg: 1.667
Epoch: [12/23], Batch: 2760/2963, Loss: 51.403, Trans_L2_m: 0.374, Yaw_err_deg: 0.959
Epoch: [12/23], Batch: 2770/2963, Loss: 128.627, Trans_L2_m: 0.422, Yaw_err_deg: 2.031
Epoch: [12/23], Batch: 2780/2963, Loss: 55.457, Trans_L2_m: 0.497, Yaw_err_deg: 0.995
Epoch: [12/23], Batch: 2790/2963, Loss: 56.652, Trans_L2_m: 0.486, Yaw_err_deg: 1.076
Epoch: [12/23], Batch: 2800/2963, Loss: 63.072, Trans_L2_m: 0.536, Yaw_err_deg: 1.275
Epoch: [12/23], Batch: 2810/2963, Loss: 61.609, Trans_L2_m: 0.468, Yaw_err_deg: 1.318
Epoch: [12/23], Batch: 2820/2963, Loss: 59.055, Trans_L2_m: 0.528, Yaw_err_deg: 1.018
Epoch: [12/23], Batch: 2830/2963, Loss: 71.261, Trans_L2_m: 0.492, Yaw_err_deg: 1.436
Epoch: [12/23], Batch: 2840/2963, Loss: 51.858, Trans_L2_m: 0.561, Yaw_err_deg: 0.673
Epoch: [12/23], Batch: 2850/2963, Loss: 54.349, Trans_L2_m: 0.537, Yaw_err_deg: 0.969
Epoch: [12/23], Batch: 2860/2963, Loss: 81.699, Trans_L2_m: 0.511, Yaw_err_deg: 1.780
Epoch: [12/23], Batch: 2870/2963, Loss: 53.731, Trans_L2_m: 0.506, Yaw_err_deg: 1.218
Epoch: [12/23], Batch: 2880/2963, Loss: 65.178, Trans_L2_m: 0.565, Yaw_err_deg: 1.224
Epoch: [12/23], Batch: 2890/2963, Loss: 50.702, Trans_L2_m: 0.345, Yaw_err_deg: 1.223
Epoch: [12/23], Batch: 2900/2963, Loss: 78.511, Trans_L2_m: 0.398, Yaw_err_deg: 1.714
Epoch: [12/23], Batch: 2910/2963, Loss: 59.408, Trans_L2_m: 0.573, Yaw_err_deg: 0.737
Epoch: [12/23], Batch: 2920/2963, Loss: 53.658, Trans_L2_m: 0.429, Yaw_err_deg: 0.783
Epoch: [12/23], Batch: 2930/2963, Loss: 53.156, Trans_L2_m: 0.381, Yaw_err_deg: 0.969
Epoch: [12/23], Batch: 2940/2963, Loss: 49.084, Trans_L2_m: 0.396, Yaw_err_deg: 1.169
Epoch: [12/23], Batch: 2950/2963, Loss: 55.823, Trans_L2_m: 0.495, Yaw_err_deg: 0.923
Epoch: [12/23], Batch: 2960/2963, Loss: 50.622, Trans_L2_m: 0.516, Yaw_err_deg: 0.813
Epoch: [13/23], Batch: 0/2963, Loss: 56.253, Trans_L2_m: 0.413, Yaw_err_deg: 0.982
Epoch: [13/23], Batch: 10/2963, Loss: 50.192, Trans_L2_m: 0.476, Yaw_err_deg: 0.847
Epoch: [13/23], Batch: 20/2963, Loss: 52.783, Trans_L2_m: 0.358, Yaw_err_deg: 1.067
Epoch: [13/23], Batch: 30/2963, Loss: 51.980, Trans_L2_m: 0.418, Yaw_err_deg: 1.127
Epoch: [13/23], Batch: 40/2963, Loss: 56.266, Trans_L2_m: 0.638, Yaw_err_deg: 0.783
Epoch: [13/23], Batch: 50/2963, Loss: 83.827, Trans_L2_m: 0.475, Yaw_err_deg: 1.838
Epoch: [13/23], Batch: 60/2963, Loss: 58.826, Trans_L2_m: 0.418, Yaw_err_deg: 1.168
Epoch: [13/23], Batch: 70/2963, Loss: 50.549, Trans_L2_m: 0.404, Yaw_err_deg: 0.963
Epoch: [13/23], Batch: 80/2963, Loss: 62.145, Trans_L2_m: 0.535, Yaw_err_deg: 1.252
Epoch: [13/23], Batch: 90/2963, Loss: 60.291, Trans_L2_m: 0.391, Yaw_err_deg: 1.077
Epoch: [13/23], Batch: 100/2963, Loss: 52.718, Trans_L2_m: 0.496, Yaw_err_deg: 0.873
Epoch: [13/23], Batch: 110/2963, Loss: 58.528, Trans_L2_m: 0.384, Yaw_err_deg: 1.283
Epoch: [13/23], Batch: 120/2963, Loss: 62.038, Trans_L2_m: 0.550, Yaw_err_deg: 1.338
Epoch: [13/23], Batch: 130/2963, Loss: 47.769, Trans_L2_m: 0.389, Yaw_err_deg: 0.909
Epoch: [13/23], Batch: 140/2963, Loss: 67.305, Trans_L2_m: 0.527, Yaw_err_deg: 1.337
Epoch: [13/23], Batch: 150/2963, Loss: 57.623, Trans_L2_m: 0.483, Yaw_err_deg: 1.021
Epoch: [13/23], Batch: 160/2963, Loss: 51.087, Trans_L2_m: 0.430, Yaw_err_deg: 1.172
Epoch: [13/23], Batch: 170/2963, Loss: 59.402, Trans_L2_m: 0.348, Yaw_err_deg: 1.274
Epoch: [13/23], Batch: 180/2963, Loss: 47.639, Trans_L2_m: 0.425, Yaw_err_deg: 0.848
Epoch: [13/23], Batch: 190/2963, Loss: 62.615, Trans_L2_m: 0.521, Yaw_err_deg: 1.230
Epoch: [13/23], Batch: 200/2963, Loss: 75.995, Trans_L2_m: 0.369, Yaw_err_deg: 1.842
Epoch: [13/23], Batch: 210/2963, Loss: 67.213, Trans_L2_m: 0.603, Yaw_err_deg: 1.617
Epoch: [13/23], Batch: 220/2963, Loss: 59.188, Trans_L2_m: 0.397, Yaw_err_deg: 1.148
Epoch: [13/23], Batch: 230/2963, Loss: 58.851, Trans_L2_m: 0.372, Yaw_err_deg: 1.444
Epoch: [13/23], Batch: 240/2963, Loss: 50.490, Trans_L2_m: 0.483, Yaw_err_deg: 1.082
Epoch: [13/23], Batch: 250/2963, Loss: 53.371, Trans_L2_m: 0.493, Yaw_err_deg: 1.010
Epoch: [13/23], Batch: 260/2963, Loss: 79.683, Trans_L2_m: 0.494, Yaw_err_deg: 1.297
Epoch: [13/23], Batch: 270/2963, Loss: 73.683, Trans_L2_m: 0.323, Yaw_err_deg: 1.434
Epoch: [13/23], Batch: 280/2963, Loss: 63.278, Trans_L2_m: 0.624, Yaw_err_deg: 1.151
Epoch: [13/23], Batch: 290/2963, Loss: 52.347, Trans_L2_m: 0.526, Yaw_err_deg: 0.978
Epoch: [13/23], Batch: 300/2963, Loss: 63.180, Trans_L2_m: 0.582, Yaw_err_deg: 0.627
Epoch: [13/23], Batch: 310/2963, Loss: 54.344, Trans_L2_m: 0.464, Yaw_err_deg: 1.124
Epoch: [13/23], Batch: 320/2963, Loss: 59.399, Trans_L2_m: 0.480, Yaw_err_deg: 1.207
Epoch: [13/23], Batch: 330/2963, Loss: 52.710, Trans_L2_m: 0.521, Yaw_err_deg: 0.871
Epoch: [13/23], Batch: 340/2963, Loss: 49.230, Trans_L2_m: 0.440, Yaw_err_deg: 0.798
Epoch: [13/23], Batch: 350/2963, Loss: 53.106, Trans_L2_m: 0.430, Yaw_err_deg: 0.733
Epoch: [13/23], Batch: 360/2963, Loss: 51.635, Trans_L2_m: 0.445, Yaw_err_deg: 0.749
Epoch: [13/23], Batch: 370/2963, Loss: 58.437, Trans_L2_m: 0.376, Yaw_err_deg: 1.262
Epoch: [13/23], Batch: 380/2963, Loss: 49.347, Trans_L2_m: 0.458, Yaw_err_deg: 1.118
Epoch: [13/23], Batch: 390/2963, Loss: 63.346, Trans_L2_m: 0.682, Yaw_err_deg: 1.317
Epoch: [13/23], Batch: 400/2963, Loss: 58.552, Trans_L2_m: 0.557, Yaw_err_deg: 1.162
Epoch: [13/23], Batch: 410/2963, Loss: 56.749, Trans_L2_m: 0.444, Yaw_err_deg: 1.379
Epoch: [13/23], Batch: 420/2963, Loss: 79.531, Trans_L2_m: 0.579, Yaw_err_deg: 1.568
Epoch: [13/23], Batch: 430/2963, Loss: 53.674, Trans_L2_m: 0.398, Yaw_err_deg: 1.108
Epoch: [13/23], Batch: 440/2963, Loss: 62.970, Trans_L2_m: 0.428, Yaw_err_deg: 1.400
Epoch: [13/23], Batch: 450/2963, Loss: 55.729, Trans_L2_m: 0.561, Yaw_err_deg: 1.002
Epoch: [13/23], Batch: 460/2963, Loss: 112.164, Trans_L2_m: 0.408, Yaw_err_deg: 2.333
Epoch: [13/23], Batch: 470/2963, Loss: 54.919, Trans_L2_m: 0.425, Yaw_err_deg: 1.107
Epoch: [13/23], Batch: 480/2963, Loss: 50.357, Trans_L2_m: 0.543, Yaw_err_deg: 0.948
Epoch: [13/23], Batch: 490/2963, Loss: 62.576, Trans_L2_m: 0.355, Yaw_err_deg: 1.478
Epoch: [13/23], Batch: 500/2963, Loss: 62.903, Trans_L2_m: 0.576, Yaw_err_deg: 1.297
Epoch: [13/23], Batch: 510/2963, Loss: 64.205, Trans_L2_m: 0.424, Yaw_err_deg: 0.819
Epoch: [13/23], Batch: 520/2963, Loss: 62.775, Trans_L2_m: 0.411, Yaw_err_deg: 1.677
Epoch: [13/23], Batch: 530/2963, Loss: 50.903, Trans_L2_m: 0.263, Yaw_err_deg: 1.038
Epoch: [13/23], Batch: 540/2963, Loss: 53.138, Trans_L2_m: 0.511, Yaw_err_deg: 1.144
Epoch: [13/23], Batch: 550/2963, Loss: 68.849, Trans_L2_m: 0.413, Yaw_err_deg: 1.539
Epoch: [13/23], Batch: 560/2963, Loss: 60.857, Trans_L2_m: 0.495, Yaw_err_deg: 1.491
Epoch: [13/23], Batch: 570/2963, Loss: 69.464, Trans_L2_m: 0.426, Yaw_err_deg: 1.499
Epoch: [13/23], Batch: 580/2963, Loss: 56.060, Trans_L2_m: 0.314, Yaw_err_deg: 1.083
Epoch: [13/23], Batch: 590/2963, Loss: 54.366, Trans_L2_m: 0.503, Yaw_err_deg: 1.029
Epoch: [13/23], Batch: 600/2963, Loss: 77.873, Trans_L2_m: 0.551, Yaw_err_deg: 1.586
Epoch: [13/23], Batch: 610/2963, Loss: 65.200, Trans_L2_m: 0.436, Yaw_err_deg: 1.083
Epoch: [13/23], Batch: 620/2963, Loss: 62.063, Trans_L2_m: 0.516, Yaw_err_deg: 1.348
Epoch: [13/23], Batch: 630/2963, Loss: 54.540, Trans_L2_m: 0.558, Yaw_err_deg: 0.860
Epoch: [13/23], Batch: 640/2963, Loss: 58.933, Trans_L2_m: 0.498, Yaw_err_deg: 1.259
Epoch: [13/23], Batch: 650/2963, Loss: 58.745, Trans_L2_m: 0.357, Yaw_err_deg: 1.296
Epoch: [13/23], Batch: 660/2963, Loss: 62.081, Trans_L2_m: 0.410, Yaw_err_deg: 1.146
Epoch: [13/23], Batch: 670/2963, Loss: 56.355, Trans_L2_m: 0.357, Yaw_err_deg: 1.260
Epoch: [13/23], Batch: 680/2963, Loss: 69.439, Trans_L2_m: 0.580, Yaw_err_deg: 1.072
Epoch: [13/23], Batch: 690/2963, Loss: 57.563, Trans_L2_m: 0.451, Yaw_err_deg: 1.103
Epoch: [13/23], Batch: 700/2963, Loss: 54.582, Trans_L2_m: 0.359, Yaw_err_deg: 1.065
Epoch: [13/23], Batch: 710/2963, Loss: 61.114, Trans_L2_m: 0.569, Yaw_err_deg: 1.053
Epoch: [13/23], Batch: 720/2963, Loss: 54.344, Trans_L2_m: 0.352, Yaw_err_deg: 1.244
Epoch: [13/23], Batch: 730/2963, Loss: 49.499, Trans_L2_m: 0.338, Yaw_err_deg: 1.043
Epoch: [13/23], Batch: 740/2963, Loss: 63.403, Trans_L2_m: 0.445, Yaw_err_deg: 1.178
Epoch: [13/23], Batch: 750/2963, Loss: 4418.605, Trans_L2_m: 0.380, Yaw_err_deg: 1.509
Epoch: [13/23], Batch: 760/2963, Loss: 75.182, Trans_L2_m: 0.458, Yaw_err_deg: 1.929
Epoch: [13/23], Batch: 770/2963, Loss: 311.245, Trans_L2_m: 0.444, Yaw_err_deg: 1.109
Epoch: [13/23], Batch: 780/2963, Loss: 47.163, Trans_L2_m: 0.467, Yaw_err_deg: 0.804
Epoch: [13/23], Batch: 790/2963, Loss: 57.574, Trans_L2_m: 0.409, Yaw_err_deg: 1.126
Epoch: [13/23], Batch: 800/2963, Loss: 77.177, Trans_L2_m: 0.593, Yaw_err_deg: 1.705
Epoch: [13/23], Batch: 810/2963, Loss: 73.482, Trans_L2_m: 0.463, Yaw_err_deg: 1.309
Epoch: [13/23], Batch: 820/2963, Loss: 58.958, Trans_L2_m: 0.464, Yaw_err_deg: 1.041
Epoch: [13/23], Batch: 830/2963, Loss: 60.097, Trans_L2_m: 0.476, Yaw_err_deg: 1.358
Epoch: [13/23], Batch: 840/2963, Loss: 52.715, Trans_L2_m: 0.463, Yaw_err_deg: 0.758
Epoch: [13/23], Batch: 850/2963, Loss: 66.955, Trans_L2_m: 0.521, Yaw_err_deg: 1.338
Epoch: [13/23], Batch: 860/2963, Loss: 47.972, Trans_L2_m: 0.422, Yaw_err_deg: 0.727
Epoch: [13/23], Batch: 870/2963, Loss: 52.824, Trans_L2_m: 0.430, Yaw_err_deg: 0.968
Epoch: [13/23], Batch: 880/2963, Loss: 49.511, Trans_L2_m: 0.451, Yaw_err_deg: 0.551
Epoch: [13/23], Batch: 890/2963, Loss: 44.067, Trans_L2_m: 0.477, Yaw_err_deg: 0.491
Epoch: [13/23], Batch: 900/2963, Loss: 57.329, Trans_L2_m: 0.323, Yaw_err_deg: 1.175
Epoch: [13/23], Batch: 910/2963, Loss: 68.626, Trans_L2_m: 0.508, Yaw_err_deg: 1.428
Epoch: [13/23], Batch: 920/2963, Loss: 49.167, Trans_L2_m: 0.352, Yaw_err_deg: 0.826
Epoch: [13/23], Batch: 930/2963, Loss: 73.821, Trans_L2_m: 0.563, Yaw_err_deg: 1.703
Epoch: [13/23], Batch: 940/2963, Loss: 51.617, Trans_L2_m: 0.635, Yaw_err_deg: 0.806
Epoch: [13/23], Batch: 950/2963, Loss: 52.580, Trans_L2_m: 0.362, Yaw_err_deg: 0.997
Epoch: [13/23], Batch: 960/2963, Loss: 53.604, Trans_L2_m: 0.373, Yaw_err_deg: 1.225
Epoch: [13/23], Batch: 970/2963, Loss: 88.806, Trans_L2_m: 0.502, Yaw_err_deg: 1.543
Epoch: [13/23], Batch: 980/2963, Loss: 56.029, Trans_L2_m: 0.480, Yaw_err_deg: 1.153
Epoch: [13/23], Batch: 990/2963, Loss: 75.099, Trans_L2_m: 0.557, Yaw_err_deg: 1.459
Epoch: [13/23], Batch: 1000/2963, Loss: 69.438, Trans_L2_m: 0.656, Yaw_err_deg: 1.247
Epoch: [13/23], Batch: 1010/2963, Loss: 58.833, Trans_L2_m: 0.380, Yaw_err_deg: 1.248
Epoch: [13/23], Batch: 1020/2963, Loss: 68.749, Trans_L2_m: 0.459, Yaw_err_deg: 1.199
Epoch: [13/23], Batch: 1030/2963, Loss: 63.356, Trans_L2_m: 0.453, Yaw_err_deg: 1.283
Epoch: [13/23], Batch: 1040/2963, Loss: 75.868, Trans_L2_m: 0.398, Yaw_err_deg: 1.862
Epoch: [13/23], Batch: 1050/2963, Loss: 62.445, Trans_L2_m: 0.530, Yaw_err_deg: 1.154
Epoch: [13/23], Batch: 1060/2963, Loss: 67.419, Trans_L2_m: 0.313, Yaw_err_deg: 1.060
Epoch: [13/23], Batch: 1070/2963, Loss: 59.727, Trans_L2_m: 0.393, Yaw_err_deg: 1.378
Epoch: [13/23], Batch: 1080/2963, Loss: 86.574, Trans_L2_m: 0.494, Yaw_err_deg: 1.589
Epoch: [13/23], Batch: 1090/2963, Loss: 76.432, Trans_L2_m: 0.518, Yaw_err_deg: 1.631
Epoch: [13/23], Batch: 1100/2963, Loss: 57.745, Trans_L2_m: 0.530, Yaw_err_deg: 1.058
Epoch: [13/23], Batch: 1110/2963, Loss: 54.362, Trans_L2_m: 0.550, Yaw_err_deg: 1.118
Epoch: [13/23], Batch: 1120/2963, Loss: 116.940, Trans_L2_m: 0.539, Yaw_err_deg: 1.980
Epoch: [13/23], Batch: 1130/2963, Loss: 48.371, Trans_L2_m: 0.382, Yaw_err_deg: 1.035
Epoch: [13/23], Batch: 1140/2963, Loss: 56.833, Trans_L2_m: 0.611, Yaw_err_deg: 0.823
Epoch: [13/23], Batch: 1150/2963, Loss: 64.196, Trans_L2_m: 0.478, Yaw_err_deg: 1.248
Epoch: [13/23], Batch: 1160/2963, Loss: 67.012, Trans_L2_m: 0.359, Yaw_err_deg: 1.251
Epoch: [13/23], Batch: 1170/2963, Loss: 61.518, Trans_L2_m: 0.381, Yaw_err_deg: 1.185
Epoch: [13/23], Batch: 1180/2963, Loss: 56.632, Trans_L2_m: 0.527, Yaw_err_deg: 1.212
Epoch: [13/23], Batch: 1190/2963, Loss: 58.475, Trans_L2_m: 0.500, Yaw_err_deg: 0.979
Epoch: [13/23], Batch: 1200/2963, Loss: 52.730, Trans_L2_m: 0.453, Yaw_err_deg: 0.798
Epoch: [13/23], Batch: 1210/2963, Loss: 50.040, Trans_L2_m: 0.392, Yaw_err_deg: 0.916
Epoch: [13/23], Batch: 1220/2963, Loss: 52.234, Trans_L2_m: 0.347, Yaw_err_deg: 1.197
Epoch: [13/23], Batch: 1230/2963, Loss: 67.944, Trans_L2_m: 0.513, Yaw_err_deg: 1.259
Epoch: [13/23], Batch: 1240/2963, Loss: 48.605, Trans_L2_m: 0.533, Yaw_err_deg: 0.950
Epoch: [13/23], Batch: 1250/2963, Loss: 57.438, Trans_L2_m: 0.483, Yaw_err_deg: 0.871
Epoch: [13/23], Batch: 1260/2963, Loss: 52.530, Trans_L2_m: 0.486, Yaw_err_deg: 1.033
Epoch: [13/23], Batch: 1270/2963, Loss: 70.968, Trans_L2_m: 0.506, Yaw_err_deg: 1.632
Epoch: [13/23], Batch: 1280/2963, Loss: 61.487, Trans_L2_m: 0.446, Yaw_err_deg: 1.609
Epoch: [13/23], Batch: 1290/2963, Loss: 48.598, Trans_L2_m: 0.365, Yaw_err_deg: 0.945
Epoch: [13/23], Batch: 1300/2963, Loss: 50.257, Trans_L2_m: 0.364, Yaw_err_deg: 0.867
Epoch: [13/23], Batch: 1310/2963, Loss: 51.422, Trans_L2_m: 0.358, Yaw_err_deg: 1.076
Epoch: [13/23], Batch: 1320/2963, Loss: 57.474, Trans_L2_m: 0.396, Yaw_err_deg: 1.042
Epoch: [13/23], Batch: 1330/2963, Loss: 81.063, Trans_L2_m: 0.552, Yaw_err_deg: 1.663
Epoch: [13/23], Batch: 1340/2963, Loss: 46.290, Trans_L2_m: 0.426, Yaw_err_deg: 0.866
Epoch: [13/23], Batch: 1350/2963, Loss: 51.923, Trans_L2_m: 0.666, Yaw_err_deg: 0.860
Epoch: [13/23], Batch: 1360/2963, Loss: 49.018, Trans_L2_m: 0.448, Yaw_err_deg: 0.679
Epoch: [13/23], Batch: 1370/2963, Loss: 62.132, Trans_L2_m: 0.460, Yaw_err_deg: 1.176
Epoch: [13/23], Batch: 1380/2963, Loss: 66.047, Trans_L2_m: 0.570, Yaw_err_deg: 1.108
Epoch: [13/23], Batch: 1390/2963, Loss: 56.541, Trans_L2_m: 0.518, Yaw_err_deg: 1.217
Epoch: [13/23], Batch: 1400/2963, Loss: 73.080, Trans_L2_m: 0.527, Yaw_err_deg: 1.388
Epoch: [13/23], Batch: 1410/2963, Loss: 59.548, Trans_L2_m: 0.533, Yaw_err_deg: 1.266
Epoch: [13/23], Batch: 1420/2963, Loss: 54.829, Trans_L2_m: 0.393, Yaw_err_deg: 0.992
Epoch: [13/23], Batch: 1430/2963, Loss: 50.644, Trans_L2_m: 0.417, Yaw_err_deg: 1.189
Epoch: [13/23], Batch: 1440/2963, Loss: 73.294, Trans_L2_m: 0.742, Yaw_err_deg: 1.439
Epoch: [13/23], Batch: 1450/2963, Loss: 63.925, Trans_L2_m: 0.506, Yaw_err_deg: 1.250
Epoch: [13/23], Batch: 1460/2963, Loss: 118.973, Trans_L2_m: 0.315, Yaw_err_deg: 1.937
Epoch: [13/23], Batch: 1470/2963, Loss: 45.473, Trans_L2_m: 0.432, Yaw_err_deg: 0.839
Epoch: [13/23], Batch: 1480/2963, Loss: 81.111, Trans_L2_m: 0.369, Yaw_err_deg: 0.970
Epoch: [13/23], Batch: 1490/2963, Loss: 61.435, Trans_L2_m: 0.458, Yaw_err_deg: 1.401
Epoch: [13/23], Batch: 1500/2963, Loss: 56.701, Trans_L2_m: 0.366, Yaw_err_deg: 1.070
Epoch: [13/23], Batch: 1510/2963, Loss: 56.771, Trans_L2_m: 0.475, Yaw_err_deg: 1.159
Epoch: [13/23], Batch: 1520/2963, Loss: 56.402, Trans_L2_m: 0.598, Yaw_err_deg: 0.998
Epoch: [13/23], Batch: 1530/2963, Loss: 56.642, Trans_L2_m: 0.381, Yaw_err_deg: 1.068
Epoch: [13/23], Batch: 1540/2963, Loss: 59.190, Trans_L2_m: 0.405, Yaw_err_deg: 1.328
Epoch: [13/23], Batch: 1550/2963, Loss: 52.435, Trans_L2_m: 0.426, Yaw_err_deg: 0.886
Epoch: [13/23], Batch: 1560/2963, Loss: 49.441, Trans_L2_m: 0.536, Yaw_err_deg: 0.655
Epoch: [13/23], Batch: 1570/2963, Loss: 58.276, Trans_L2_m: 0.498, Yaw_err_deg: 1.170
Epoch: [13/23], Batch: 1580/2963, Loss: 66.539, Trans_L2_m: 0.441, Yaw_err_deg: 1.505
Epoch: [13/23], Batch: 1590/2963, Loss: 61.246, Trans_L2_m: 0.390, Yaw_err_deg: 1.247
Epoch: [13/23], Batch: 1600/2963, Loss: 52.507, Trans_L2_m: 0.683, Yaw_err_deg: 0.928
Epoch: [13/23], Batch: 1610/2963, Loss: 80.054, Trans_L2_m: 0.583, Yaw_err_deg: 1.502
Epoch: [13/23], Batch: 1620/2963, Loss: 66.061, Trans_L2_m: 0.411, Yaw_err_deg: 1.775
Epoch: [13/23], Batch: 1630/2963, Loss: 60.413, Trans_L2_m: 0.468, Yaw_err_deg: 1.308
Epoch: [13/23], Batch: 1640/2963, Loss: 54.307, Trans_L2_m: 0.316, Yaw_err_deg: 1.127
Epoch: [13/23], Batch: 1650/2963, Loss: 48.907, Trans_L2_m: 0.341, Yaw_err_deg: 1.253
Epoch: [13/23], Batch: 1660/2963, Loss: 50.089, Trans_L2_m: 0.430, Yaw_err_deg: 0.818
Epoch: [13/23], Batch: 1670/2963, Loss: 54.770, Trans_L2_m: 0.431, Yaw_err_deg: 1.201
Epoch: [13/23], Batch: 1680/2963, Loss: 76.052, Trans_L2_m: 0.459, Yaw_err_deg: 1.922
Epoch: [13/23], Batch: 1690/2963, Loss: 48.018, Trans_L2_m: 0.375, Yaw_err_deg: 0.934
Epoch: [13/23], Batch: 1700/2963, Loss: 52.886, Trans_L2_m: 0.430, Yaw_err_deg: 1.096
Epoch: [13/23], Batch: 1710/2963, Loss: 68.548, Trans_L2_m: 0.498, Yaw_err_deg: 1.586
Epoch: [13/23], Batch: 1720/2963, Loss: 51.662, Trans_L2_m: 0.465, Yaw_err_deg: 1.039
Epoch: [13/23], Batch: 1730/2963, Loss: 52.431, Trans_L2_m: 0.459, Yaw_err_deg: 0.777
Epoch: [13/23], Batch: 1740/2963, Loss: 66.121, Trans_L2_m: 0.472, Yaw_err_deg: 1.270
Epoch: [13/23], Batch: 1750/2963, Loss: 50.230, Trans_L2_m: 0.411, Yaw_err_deg: 1.079
Epoch: [13/23], Batch: 1760/2963, Loss: 51.120, Trans_L2_m: 0.357, Yaw_err_deg: 1.070
Epoch: [13/23], Batch: 1770/2963, Loss: 62.466, Trans_L2_m: 0.508, Yaw_err_deg: 1.390
Epoch: [13/23], Batch: 1780/2963, Loss: 51.525, Trans_L2_m: 0.426, Yaw_err_deg: 0.827
Epoch: [13/23], Batch: 1790/2963, Loss: 100.945, Trans_L2_m: 0.443, Yaw_err_deg: 2.101
Epoch: [13/23], Batch: 1800/2963, Loss: 54.577, Trans_L2_m: 0.429, Yaw_err_deg: 0.973
Epoch: [13/23], Batch: 1810/2963, Loss: 64.695, Trans_L2_m: 0.493, Yaw_err_deg: 1.238
Epoch: [13/23], Batch: 1820/2963, Loss: 60.315, Trans_L2_m: 0.659, Yaw_err_deg: 0.871
Epoch: [13/23], Batch: 1830/2963, Loss: 48.492, Trans_L2_m: 0.325, Yaw_err_deg: 1.008
Epoch: [13/23], Batch: 1840/2963, Loss: 65.733, Trans_L2_m: 0.398, Yaw_err_deg: 1.481
Epoch: [13/23], Batch: 1850/2963, Loss: 58.518, Trans_L2_m: 0.533, Yaw_err_deg: 1.294
Epoch: [13/23], Batch: 1860/2963, Loss: 58.073, Trans_L2_m: 0.438, Yaw_err_deg: 1.125
Epoch: [13/23], Batch: 1870/2963, Loss: 53.469, Trans_L2_m: 0.426, Yaw_err_deg: 1.133
Epoch: [13/23], Batch: 1880/2963, Loss: 55.223, Trans_L2_m: 0.585, Yaw_err_deg: 1.239
Epoch: [13/23], Batch: 1890/2963, Loss: 49.311, Trans_L2_m: 0.548, Yaw_err_deg: 1.000
Epoch: [13/23], Batch: 1900/2963, Loss: 77.263, Trans_L2_m: 0.439, Yaw_err_deg: 1.468
Epoch: [13/23], Batch: 1910/2963, Loss: 58.276, Trans_L2_m: 0.447, Yaw_err_deg: 0.836
Epoch: [13/23], Batch: 1920/2963, Loss: 51.662, Trans_L2_m: 0.373, Yaw_err_deg: 1.108
Epoch: [13/23], Batch: 1930/2963, Loss: 53.343, Trans_L2_m: 0.344, Yaw_err_deg: 0.981
Epoch: [13/23], Batch: 1940/2963, Loss: 46.536, Trans_L2_m: 0.432, Yaw_err_deg: 0.799
Epoch: [13/23], Batch: 1950/2963, Loss: 51.489, Trans_L2_m: 0.333, Yaw_err_deg: 0.995
Epoch: [13/23], Batch: 1960/2963, Loss: 56.216, Trans_L2_m: 0.414, Yaw_err_deg: 1.255
Epoch: [13/23], Batch: 1970/2963, Loss: 49.755, Trans_L2_m: 0.526, Yaw_err_deg: 0.688
Epoch: [13/23], Batch: 1980/2963, Loss: 48.341, Trans_L2_m: 0.372, Yaw_err_deg: 0.860
Epoch: [13/23], Batch: 1990/2963, Loss: 53.187, Trans_L2_m: 0.422, Yaw_err_deg: 0.750
Epoch: [13/23], Batch: 2000/2963, Loss: 52.212, Trans_L2_m: 0.481, Yaw_err_deg: 0.997
Epoch: [13/23], Batch: 2010/2963, Loss: 56.936, Trans_L2_m: 0.480, Yaw_err_deg: 0.841
Epoch: [13/23], Batch: 2020/2963, Loss: 55.553, Trans_L2_m: 0.358, Yaw_err_deg: 0.976
Epoch: [13/23], Batch: 2030/2963, Loss: 46.602, Trans_L2_m: 0.381, Yaw_err_deg: 0.883
Epoch: [13/23], Batch: 2040/2963, Loss: 53.567, Trans_L2_m: 0.512, Yaw_err_deg: 0.850
Epoch: [13/23], Batch: 2050/2963, Loss: 48.005, Trans_L2_m: 0.460, Yaw_err_deg: 0.864
Epoch: [13/23], Batch: 2060/2963, Loss: 65.015, Trans_L2_m: 0.460, Yaw_err_deg: 1.512
Epoch: [13/23], Batch: 2070/2963, Loss: 45.669, Trans_L2_m: 0.373, Yaw_err_deg: 0.649
Epoch: [13/23], Batch: 2080/2963, Loss: 68.065, Trans_L2_m: 0.421, Yaw_err_deg: 1.630
Epoch: [13/23], Batch: 2090/2963, Loss: 98.378, Trans_L2_m: 0.552, Yaw_err_deg: 1.940
Epoch: [13/23], Batch: 2100/2963, Loss: 61.934, Trans_L2_m: 0.509, Yaw_err_deg: 0.980
Epoch: [13/23], Batch: 2110/2963, Loss: 77.287, Trans_L2_m: 0.356, Yaw_err_deg: 1.638
Epoch: [13/23], Batch: 2120/2963, Loss: 53.892, Trans_L2_m: 0.460, Yaw_err_deg: 0.980
Epoch: [13/23], Batch: 2130/2963, Loss: 53.972, Trans_L2_m: 0.441, Yaw_err_deg: 0.959
Epoch: [13/23], Batch: 2140/2963, Loss: 53.602, Trans_L2_m: 0.504, Yaw_err_deg: 0.974
Epoch: [13/23], Batch: 2150/2963, Loss: 63.941, Trans_L2_m: 0.397, Yaw_err_deg: 1.587
Epoch: [13/23], Batch: 2160/2963, Loss: 57.261, Trans_L2_m: 0.529, Yaw_err_deg: 1.248
Epoch: [13/23], Batch: 2170/2963, Loss: 46.270, Trans_L2_m: 0.424, Yaw_err_deg: 0.768
Epoch: [13/23], Batch: 2180/2963, Loss: 47.060, Trans_L2_m: 0.416, Yaw_err_deg: 0.720
Epoch: [13/23], Batch: 2190/2963, Loss: 48.184, Trans_L2_m: 0.542, Yaw_err_deg: 0.630
Epoch: [13/23], Batch: 2200/2963, Loss: 62.240, Trans_L2_m: 0.459, Yaw_err_deg: 1.403
Epoch: [13/23], Batch: 2210/2963, Loss: 49.818, Trans_L2_m: 0.336, Yaw_err_deg: 1.023
Epoch: [13/23], Batch: 2220/2963, Loss: 56.493, Trans_L2_m: 0.547, Yaw_err_deg: 1.236
Epoch: [13/23], Batch: 2230/2963, Loss: 53.215, Trans_L2_m: 0.536, Yaw_err_deg: 0.670
Epoch: [13/23], Batch: 2240/2963, Loss: 50.201, Trans_L2_m: 0.413, Yaw_err_deg: 0.981
Epoch: [13/23], Batch: 2250/2963, Loss: 45.429, Trans_L2_m: 0.355, Yaw_err_deg: 0.804
Epoch: [13/23], Batch: 2260/2963, Loss: 48.870, Trans_L2_m: 0.474, Yaw_err_deg: 0.857
Epoch: [13/23], Batch: 2270/2963, Loss: 55.895, Trans_L2_m: 0.438, Yaw_err_deg: 1.279
Epoch: [13/23], Batch: 2280/2963, Loss: 53.100, Trans_L2_m: 0.436, Yaw_err_deg: 1.135
Epoch: [13/23], Batch: 2290/2963, Loss: 59.730, Trans_L2_m: 0.469, Yaw_err_deg: 1.183
Epoch: [13/23], Batch: 2300/2963, Loss: 43.736, Trans_L2_m: 0.365, Yaw_err_deg: 0.705
Epoch: [13/23], Batch: 2310/2963, Loss: 57.269, Trans_L2_m: 0.595, Yaw_err_deg: 1.074
Epoch: [13/23], Batch: 2320/2963, Loss: 56.593, Trans_L2_m: 0.357, Yaw_err_deg: 1.239
Epoch: [13/23], Batch: 2330/2963, Loss: 62.344, Trans_L2_m: 0.611, Yaw_err_deg: 1.296
Epoch: [13/23], Batch: 2340/2963, Loss: 47.850, Trans_L2_m: 0.371, Yaw_err_deg: 0.474
Epoch: [13/23], Batch: 2350/2963, Loss: 50.309, Trans_L2_m: 0.419, Yaw_err_deg: 0.714
Epoch: [13/23], Batch: 2360/2963, Loss: 66.172, Trans_L2_m: 0.460, Yaw_err_deg: 1.262
Epoch: [13/23], Batch: 2370/2963, Loss: 65.093, Trans_L2_m: 0.554, Yaw_err_deg: 1.321
Epoch: [13/23], Batch: 2380/2963, Loss: 42.931, Trans_L2_m: 0.396, Yaw_err_deg: 0.655
Epoch: [13/23], Batch: 2390/2963, Loss: 55.153, Trans_L2_m: 0.416, Yaw_err_deg: 0.914
Epoch: [13/23], Batch: 2400/2963, Loss: 69.697, Trans_L2_m: 0.551, Yaw_err_deg: 1.391
Epoch: [13/23], Batch: 2410/2963, Loss: 51.234, Trans_L2_m: 0.417, Yaw_err_deg: 1.345
Epoch: [13/23], Batch: 2420/2963, Loss: 71.817, Trans_L2_m: 0.403, Yaw_err_deg: 1.248
Epoch: [13/23], Batch: 2430/2963, Loss: 50.000, Trans_L2_m: 0.381, Yaw_err_deg: 0.803
Epoch: [13/23], Batch: 2440/2963, Loss: 115.773, Trans_L2_m: 0.462, Yaw_err_deg: 1.768
Epoch: [13/23], Batch: 2450/2963, Loss: 76.511, Trans_L2_m: 0.493, Yaw_err_deg: 1.759
Epoch: [13/23], Batch: 2460/2963, Loss: 61.269, Trans_L2_m: 0.466, Yaw_err_deg: 1.466
Epoch: [13/23], Batch: 2470/2963, Loss: 53.847, Trans_L2_m: 0.548, Yaw_err_deg: 1.022
Epoch: [13/23], Batch: 2480/2963, Loss: 56.294, Trans_L2_m: 0.490, Yaw_err_deg: 1.400
Epoch: [13/23], Batch: 2490/2963, Loss: 62.615, Trans_L2_m: 0.421, Yaw_err_deg: 1.128
Epoch: [13/23], Batch: 2500/2963, Loss: 54.892, Trans_L2_m: 0.496, Yaw_err_deg: 0.899
Epoch: [13/23], Batch: 2510/2963, Loss: 54.584, Trans_L2_m: 0.576, Yaw_err_deg: 0.980
Epoch: [13/23], Batch: 2520/2963, Loss: 60.412, Trans_L2_m: 0.373, Yaw_err_deg: 1.189
Epoch: [13/23], Batch: 2530/2963, Loss: 47.895, Trans_L2_m: 0.306, Yaw_err_deg: 0.990
Epoch: [13/23], Batch: 2540/2963, Loss: 70.748, Trans_L2_m: 0.389, Yaw_err_deg: 1.590
Epoch: [13/23], Batch: 2550/2963, Loss: 48.978, Trans_L2_m: 0.384, Yaw_err_deg: 0.780
Epoch: [13/23], Batch: 2560/2963, Loss: 53.292, Trans_L2_m: 0.490, Yaw_err_deg: 0.976
Epoch: [13/23], Batch: 2570/2963, Loss: 69.902, Trans_L2_m: 0.527, Yaw_err_deg: 1.176
Epoch: [13/23], Batch: 2580/2963, Loss: 51.801, Trans_L2_m: 0.521, Yaw_err_deg: 0.961
Epoch: [13/23], Batch: 2590/2963, Loss: 51.199, Trans_L2_m: 0.397, Yaw_err_deg: 0.903
Epoch: [13/23], Batch: 2600/2963, Loss: 79.184, Trans_L2_m: 0.464, Yaw_err_deg: 1.852
Epoch: [13/23], Batch: 2610/2963, Loss: 56.800, Trans_L2_m: 0.441, Yaw_err_deg: 0.946
Epoch: [13/23], Batch: 2620/2963, Loss: 55.534, Trans_L2_m: 0.431, Yaw_err_deg: 0.946
Epoch: [13/23], Batch: 2630/2963, Loss: 46.957, Trans_L2_m: 0.437, Yaw_err_deg: 0.778
Epoch: [13/23], Batch: 2640/2963, Loss: 56.133, Trans_L2_m: 0.425, Yaw_err_deg: 1.087
Epoch: [13/23], Batch: 2650/2963, Loss: 50.633, Trans_L2_m: 0.406, Yaw_err_deg: 0.992
Epoch: [13/23], Batch: 2660/2963, Loss: 56.132, Trans_L2_m: 0.442, Yaw_err_deg: 0.918
Epoch: [13/23], Batch: 2670/2963, Loss: 55.166, Trans_L2_m: 0.552, Yaw_err_deg: 1.178
Epoch: [13/23], Batch: 2680/2963, Loss: 63.348, Trans_L2_m: 0.582, Yaw_err_deg: 1.115
Epoch: [13/23], Batch: 2690/2963, Loss: 57.405, Trans_L2_m: 0.461, Yaw_err_deg: 1.147
Epoch: [13/23], Batch: 2700/2963, Loss: 58.664, Trans_L2_m: 0.382, Yaw_err_deg: 1.168
Epoch: [13/23], Batch: 2710/2963, Loss: 52.524, Trans_L2_m: 0.392, Yaw_err_deg: 0.883
Epoch: [13/23], Batch: 2720/2963, Loss: 67.567, Trans_L2_m: 0.487, Yaw_err_deg: 1.041
Epoch: [13/23], Batch: 2730/2963, Loss: 57.403, Trans_L2_m: 0.375, Yaw_err_deg: 1.134
Epoch: [13/23], Batch: 2740/2963, Loss: 60.048, Trans_L2_m: 0.394, Yaw_err_deg: 1.003
Epoch: [13/23], Batch: 2750/2963, Loss: 68.290, Trans_L2_m: 0.525, Yaw_err_deg: 1.673
Epoch: [13/23], Batch: 2760/2963, Loss: 61.074, Trans_L2_m: 0.379, Yaw_err_deg: 1.306
Epoch: [13/23], Batch: 2770/2963, Loss: 54.311, Trans_L2_m: 0.349, Yaw_err_deg: 1.138
Epoch: [13/23], Batch: 2780/2963, Loss: 50.417, Trans_L2_m: 0.462, Yaw_err_deg: 0.740
Epoch: [13/23], Batch: 2790/2963, Loss: 74.768, Trans_L2_m: 0.332, Yaw_err_deg: 1.476
Epoch: [13/23], Batch: 2800/2963, Loss: 66.041, Trans_L2_m: 0.424, Yaw_err_deg: 1.746
Epoch: [13/23], Batch: 2810/2963, Loss: 61.979, Trans_L2_m: 0.429, Yaw_err_deg: 1.080
Epoch: [13/23], Batch: 2820/2963, Loss: 65.730, Trans_L2_m: 0.484, Yaw_err_deg: 1.499
Epoch: [13/23], Batch: 2830/2963, Loss: 79.543, Trans_L2_m: 0.398, Yaw_err_deg: 1.774
Epoch: [13/23], Batch: 2840/2963, Loss: 66.773, Trans_L2_m: 0.535, Yaw_err_deg: 1.296
Epoch: [13/23], Batch: 2850/2963, Loss: 53.892, Trans_L2_m: 0.476, Yaw_err_deg: 0.918
Epoch: [13/23], Batch: 2860/2963, Loss: 53.074, Trans_L2_m: 0.361, Yaw_err_deg: 1.189
Epoch: [13/23], Batch: 2870/2963, Loss: 68.968, Trans_L2_m: 0.636, Yaw_err_deg: 1.368
Epoch: [13/23], Batch: 2880/2963, Loss: 56.062, Trans_L2_m: 0.383, Yaw_err_deg: 1.183
Epoch: [13/23], Batch: 2890/2963, Loss: 50.782, Trans_L2_m: 0.458, Yaw_err_deg: 0.784
Epoch: [13/23], Batch: 2900/2963, Loss: 50.454, Trans_L2_m: 0.487, Yaw_err_deg: 0.911
Epoch: [13/23], Batch: 2910/2963, Loss: 56.667, Trans_L2_m: 0.524, Yaw_err_deg: 0.985
Epoch: [13/23], Batch: 2920/2963, Loss: 55.537, Trans_L2_m: 0.568, Yaw_err_deg: 0.950
Epoch: [13/23], Batch: 2930/2963, Loss: 51.366, Trans_L2_m: 0.384, Yaw_err_deg: 0.856
Epoch: [13/23], Batch: 2940/2963, Loss: 54.043, Trans_L2_m: 0.565, Yaw_err_deg: 0.783
Epoch: [13/23], Batch: 2950/2963, Loss: 48.923, Trans_L2_m: 0.481, Yaw_err_deg: 0.690
Epoch: [13/23], Batch: 2960/2963, Loss: 92.891, Trans_L2_m: 0.470, Yaw_err_deg: 2.390
Validation loss (homography): 840.7470
Avg batch time: 959.16 ms, total: 310.975 s
[1;91mVal has no improvement vs 799.3275146484375![0m
Epoch: [14/23], Batch: 0/2963, Loss: 49.101, Trans_L2_m: 0.457, Yaw_err_deg: 0.861
Epoch: [14/23], Batch: 10/2963, Loss: 51.872, Trans_L2_m: 0.325, Yaw_err_deg: 0.966
Epoch: [14/23], Batch: 20/2963, Loss: 53.629, Trans_L2_m: 0.519, Yaw_err_deg: 0.834
Epoch: [14/23], Batch: 30/2963, Loss: 55.661, Trans_L2_m: 0.512, Yaw_err_deg: 1.226
Epoch: [14/23], Batch: 40/2963, Loss: 45.528, Trans_L2_m: 0.401, Yaw_err_deg: 0.672
Epoch: [14/23], Batch: 50/2963, Loss: 53.874, Trans_L2_m: 0.367, Yaw_err_deg: 0.863
Epoch: [14/23], Batch: 60/2963, Loss: 46.953, Trans_L2_m: 0.342, Yaw_err_deg: 0.619
Epoch: [14/23], Batch: 70/2963, Loss: 53.167, Trans_L2_m: 0.488, Yaw_err_deg: 1.052
Epoch: [14/23], Batch: 80/2963, Loss: 64.917, Trans_L2_m: 0.381, Yaw_err_deg: 1.687
Epoch: [14/23], Batch: 90/2963, Loss: 55.758, Trans_L2_m: 0.524, Yaw_err_deg: 1.215
Epoch: [14/23], Batch: 100/2963, Loss: 51.431, Trans_L2_m: 0.533, Yaw_err_deg: 0.780
Epoch: [14/23], Batch: 110/2963, Loss: 61.426, Trans_L2_m: 0.424, Yaw_err_deg: 1.131
Epoch: [14/23], Batch: 120/2963, Loss: 55.637, Trans_L2_m: 0.377, Yaw_err_deg: 0.889
Epoch: [14/23], Batch: 130/2963, Loss: 63.437, Trans_L2_m: 0.361, Yaw_err_deg: 1.275
Epoch: [14/23], Batch: 140/2963, Loss: 55.297, Trans_L2_m: 0.467, Yaw_err_deg: 0.889
Epoch: [14/23], Batch: 150/2963, Loss: 66.763, Trans_L2_m: 0.524, Yaw_err_deg: 1.224
Epoch: [14/23], Batch: 160/2963, Loss: 62.651, Trans_L2_m: 0.515, Yaw_err_deg: 1.216
Epoch: [14/23], Batch: 170/2963, Loss: 52.377, Trans_L2_m: 0.548, Yaw_err_deg: 0.937
Epoch: [14/23], Batch: 180/2963, Loss: 61.550, Trans_L2_m: 0.343, Yaw_err_deg: 1.426
Epoch: [14/23], Batch: 190/2963, Loss: 50.673, Trans_L2_m: 0.411, Yaw_err_deg: 0.861
Epoch: [14/23], Batch: 200/2963, Loss: 53.504, Trans_L2_m: 0.386, Yaw_err_deg: 1.206
Epoch: [14/23], Batch: 210/2963, Loss: 52.799, Trans_L2_m: 0.497, Yaw_err_deg: 1.020
Epoch: [14/23], Batch: 220/2963, Loss: 67.796, Trans_L2_m: 0.455, Yaw_err_deg: 1.540
Epoch: [14/23], Batch: 230/2963, Loss: 60.385, Trans_L2_m: 0.458, Yaw_err_deg: 1.451
Epoch: [14/23], Batch: 240/2963, Loss: 69.157, Trans_L2_m: 0.591, Yaw_err_deg: 1.275
Epoch: [14/23], Batch: 250/2963, Loss: 52.187, Trans_L2_m: 0.470, Yaw_err_deg: 1.075
Epoch: [14/23], Batch: 260/2963, Loss: 40.865, Trans_L2_m: 0.461, Yaw_err_deg: 0.686
Epoch: [14/23], Batch: 270/2963, Loss: 55.763, Trans_L2_m: 0.515, Yaw_err_deg: 1.069
Epoch: [14/23], Batch: 280/2963, Loss: 69.933, Trans_L2_m: 0.462, Yaw_err_deg: 1.559
Epoch: [14/23], Batch: 290/2963, Loss: 55.677, Trans_L2_m: 0.403, Yaw_err_deg: 1.108
Epoch: [14/23], Batch: 300/2963, Loss: 52.456, Trans_L2_m: 0.451, Yaw_err_deg: 0.911
Epoch: [14/23], Batch: 310/2963, Loss: 56.124, Trans_L2_m: 0.524, Yaw_err_deg: 1.149
Epoch: [14/23], Batch: 320/2963, Loss: 59.521, Trans_L2_m: 0.361, Yaw_err_deg: 1.071
Epoch: [14/23], Batch: 330/2963, Loss: 55.710, Trans_L2_m: 0.492, Yaw_err_deg: 0.850
Epoch: [14/23], Batch: 340/2963, Loss: 50.713, Trans_L2_m: 0.438, Yaw_err_deg: 0.814
Epoch: [14/23], Batch: 350/2963, Loss: 59.798, Trans_L2_m: 0.411, Yaw_err_deg: 1.255
Epoch: [14/23], Batch: 360/2963, Loss: 55.536, Trans_L2_m: 0.477, Yaw_err_deg: 0.925
Epoch: [14/23], Batch: 370/2963, Loss: 59.910, Trans_L2_m: 0.506, Yaw_err_deg: 1.246
Epoch: [14/23], Batch: 380/2963, Loss: 47.007, Trans_L2_m: 0.384, Yaw_err_deg: 0.920
Epoch: [14/23], Batch: 390/2963, Loss: 61.634, Trans_L2_m: 0.720, Yaw_err_deg: 1.384
Epoch: [14/23], Batch: 400/2963, Loss: 58.854, Trans_L2_m: 0.476, Yaw_err_deg: 1.239
Epoch: [14/23], Batch: 410/2963, Loss: 61.349, Trans_L2_m: 0.533, Yaw_err_deg: 1.143
Epoch: [14/23], Batch: 420/2963, Loss: 48.462, Trans_L2_m: 0.377, Yaw_err_deg: 1.140
Epoch: [14/23], Batch: 430/2963, Loss: 49.350, Trans_L2_m: 0.477, Yaw_err_deg: 0.707
Epoch: [14/23], Batch: 440/2963, Loss: 60.084, Trans_L2_m: 0.407, Yaw_err_deg: 1.314
Epoch: [14/23], Batch: 450/2963, Loss: 48.451, Trans_L2_m: 0.407, Yaw_err_deg: 0.587
Epoch: [14/23], Batch: 460/2963, Loss: 60.619, Trans_L2_m: 0.377, Yaw_err_deg: 1.708
Epoch: [14/23], Batch: 470/2963, Loss: 43.497, Trans_L2_m: 0.441, Yaw_err_deg: 0.652
Epoch: [14/23], Batch: 480/2963, Loss: 50.334, Trans_L2_m: 0.400, Yaw_err_deg: 0.875
Epoch: [14/23], Batch: 490/2963, Loss: 51.090, Trans_L2_m: 0.362, Yaw_err_deg: 0.896
Epoch: [14/23], Batch: 500/2963, Loss: 49.954, Trans_L2_m: 0.293, Yaw_err_deg: 0.892
Epoch: [14/23], Batch: 510/2963, Loss: 65.010, Trans_L2_m: 0.465, Yaw_err_deg: 1.492
Epoch: [14/23], Batch: 520/2963, Loss: 53.682, Trans_L2_m: 0.510, Yaw_err_deg: 1.206
Epoch: [14/23], Batch: 530/2963, Loss: 48.012, Trans_L2_m: 0.338, Yaw_err_deg: 0.931
Epoch: [14/23], Batch: 540/2963, Loss: 58.378, Trans_L2_m: 0.362, Yaw_err_deg: 1.044
Epoch: [14/23], Batch: 550/2963, Loss: 56.537, Trans_L2_m: 0.426, Yaw_err_deg: 1.245
Epoch: [14/23], Batch: 560/2963, Loss: 48.446, Trans_L2_m: 0.389, Yaw_err_deg: 0.711
Epoch: [14/23], Batch: 570/2963, Loss: 72.335, Trans_L2_m: 0.475, Yaw_err_deg: 1.374
Epoch: [14/23], Batch: 580/2963, Loss: 69.642, Trans_L2_m: 0.397, Yaw_err_deg: 1.803
Epoch: [14/23], Batch: 590/2963, Loss: 52.170, Trans_L2_m: 0.262, Yaw_err_deg: 1.153
Epoch: [14/23], Batch: 600/2963, Loss: 57.286, Trans_L2_m: 0.433, Yaw_err_deg: 1.199
Epoch: [14/23], Batch: 610/2963, Loss: 54.052, Trans_L2_m: 0.436, Yaw_err_deg: 1.115
Epoch: [14/23], Batch: 620/2963, Loss: 43.199, Trans_L2_m: 0.385, Yaw_err_deg: 0.808
Epoch: [14/23], Batch: 630/2963, Loss: 57.544, Trans_L2_m: 0.431, Yaw_err_deg: 0.837
Epoch: [14/23], Batch: 640/2963, Loss: 62.724, Trans_L2_m: 0.488, Yaw_err_deg: 0.975
Epoch: [14/23], Batch: 650/2963, Loss: 63.445, Trans_L2_m: 0.373, Yaw_err_deg: 0.984
Epoch: [14/23], Batch: 660/2963, Loss: 62.250, Trans_L2_m: 0.498, Yaw_err_deg: 0.927
Epoch: [14/23], Batch: 670/2963, Loss: 72.142, Trans_L2_m: 0.572, Yaw_err_deg: 1.010
Epoch: [14/23], Batch: 680/2963, Loss: 48.161, Trans_L2_m: 0.511, Yaw_err_deg: 0.817
Epoch: [14/23], Batch: 690/2963, Loss: 55.626, Trans_L2_m: 0.525, Yaw_err_deg: 0.589
Epoch: [14/23], Batch: 700/2963, Loss: 55.936, Trans_L2_m: 0.463, Yaw_err_deg: 1.095
Epoch: [14/23], Batch: 710/2963, Loss: 58.345, Trans_L2_m: 0.548, Yaw_err_deg: 1.051
Epoch: [14/23], Batch: 720/2963, Loss: 57.949, Trans_L2_m: 0.426, Yaw_err_deg: 1.283
Epoch: [14/23], Batch: 730/2963, Loss: 48.888, Trans_L2_m: 0.428, Yaw_err_deg: 0.712
Epoch: [14/23], Batch: 740/2963, Loss: 59.305, Trans_L2_m: 0.445, Yaw_err_deg: 0.987
Epoch: [14/23], Batch: 750/2963, Loss: 62.885, Trans_L2_m: 0.462, Yaw_err_deg: 1.012
Epoch: [14/23], Batch: 760/2963, Loss: 58.683, Trans_L2_m: 0.392, Yaw_err_deg: 1.167
Epoch: [14/23], Batch: 770/2963, Loss: 47.359, Trans_L2_m: 0.481, Yaw_err_deg: 0.707
Epoch: [14/23], Batch: 780/2963, Loss: 53.399, Trans_L2_m: 0.397, Yaw_err_deg: 0.991
Epoch: [14/23], Batch: 790/2963, Loss: 68.366, Trans_L2_m: 0.493, Yaw_err_deg: 1.049
Epoch: [14/23], Batch: 800/2963, Loss: 52.819, Trans_L2_m: 0.493, Yaw_err_deg: 0.774
Epoch: [14/23], Batch: 810/2963, Loss: 57.177, Trans_L2_m: 0.410, Yaw_err_deg: 0.936
Epoch: [14/23], Batch: 820/2963, Loss: 43.016, Trans_L2_m: 0.300, Yaw_err_deg: 0.724
Epoch: [14/23], Batch: 830/2963, Loss: 46.026, Trans_L2_m: 0.383, Yaw_err_deg: 0.788
Epoch: [14/23], Batch: 840/2963, Loss: 50.891, Trans_L2_m: 0.509, Yaw_err_deg: 0.773
Epoch: [14/23], Batch: 850/2963, Loss: 55.432, Trans_L2_m: 0.530, Yaw_err_deg: 1.240
Epoch: [14/23], Batch: 860/2963, Loss: 57.072, Trans_L2_m: 0.440, Yaw_err_deg: 0.830
Epoch: [14/23], Batch: 870/2963, Loss: 55.307, Trans_L2_m: 0.368, Yaw_err_deg: 1.074
Epoch: [14/23], Batch: 880/2963, Loss: 57.138, Trans_L2_m: 0.499, Yaw_err_deg: 0.960
Epoch: [14/23], Batch: 890/2963, Loss: 57.744, Trans_L2_m: 0.405, Yaw_err_deg: 1.153
Epoch: [14/23], Batch: 900/2963, Loss: 55.728, Trans_L2_m: 0.405, Yaw_err_deg: 0.849
Epoch: [14/23], Batch: 910/2963, Loss: 64.248, Trans_L2_m: 0.487, Yaw_err_deg: 1.601
Epoch: [14/23], Batch: 920/2963, Loss: 59.215, Trans_L2_m: 0.452, Yaw_err_deg: 1.173
Epoch: [14/23], Batch: 930/2963, Loss: 54.486, Trans_L2_m: 0.372, Yaw_err_deg: 1.153
Epoch: [14/23], Batch: 940/2963, Loss: 59.551, Trans_L2_m: 0.486, Yaw_err_deg: 1.298
Epoch: [14/23], Batch: 950/2963, Loss: 44.155, Trans_L2_m: 0.378, Yaw_err_deg: 0.739
Epoch: [14/23], Batch: 960/2963, Loss: 72.681, Trans_L2_m: 0.546, Yaw_err_deg: 1.495
Epoch: [14/23], Batch: 970/2963, Loss: 62.063, Trans_L2_m: 0.659, Yaw_err_deg: 1.061
Epoch: [14/23], Batch: 980/2963, Loss: 50.761, Trans_L2_m: 0.393, Yaw_err_deg: 1.139
Epoch: [14/23], Batch: 990/2963, Loss: 47.701, Trans_L2_m: 0.417, Yaw_err_deg: 0.671
Epoch: [14/23], Batch: 1000/2963, Loss: 69.502, Trans_L2_m: 0.539, Yaw_err_deg: 1.410
Epoch: [14/23], Batch: 1010/2963, Loss: 55.237, Trans_L2_m: 0.406, Yaw_err_deg: 1.036
Epoch: [14/23], Batch: 1020/2963, Loss: 50.930, Trans_L2_m: 0.320, Yaw_err_deg: 1.062
Epoch: [14/23], Batch: 1030/2963, Loss: 58.578, Trans_L2_m: 0.468, Yaw_err_deg: 1.077
Epoch: [14/23], Batch: 1040/2963, Loss: 44.995, Trans_L2_m: 0.412, Yaw_err_deg: 0.836
Epoch: [14/23], Batch: 1050/2963, Loss: 64.379, Trans_L2_m: 0.394, Yaw_err_deg: 1.346
Epoch: [14/23], Batch: 1060/2963, Loss: 54.038, Trans_L2_m: 0.360, Yaw_err_deg: 1.106
Epoch: [14/23], Batch: 1070/2963, Loss: 57.342, Trans_L2_m: 0.532, Yaw_err_deg: 1.127
Epoch: [14/23], Batch: 1080/2963, Loss: 52.752, Trans_L2_m: 0.447, Yaw_err_deg: 1.080
Epoch: [14/23], Batch: 1090/2963, Loss: 54.491, Trans_L2_m: 0.356, Yaw_err_deg: 1.284
Epoch: [14/23], Batch: 1100/2963, Loss: 59.021, Trans_L2_m: 0.547, Yaw_err_deg: 0.698
Epoch: [14/23], Batch: 1110/2963, Loss: 51.462, Trans_L2_m: 0.291, Yaw_err_deg: 0.937
Epoch: [14/23], Batch: 1120/2963, Loss: 65.834, Trans_L2_m: 0.385, Yaw_err_deg: 1.482
Epoch: [14/23], Batch: 1130/2963, Loss: 47.874, Trans_L2_m: 0.377, Yaw_err_deg: 0.685
Epoch: [14/23], Batch: 1140/2963, Loss: 73.261, Trans_L2_m: 0.506, Yaw_err_deg: 1.281
Epoch: [14/23], Batch: 1150/2963, Loss: 51.604, Trans_L2_m: 0.451, Yaw_err_deg: 0.952
Epoch: [14/23], Batch: 1160/2963, Loss: 57.464, Trans_L2_m: 0.449, Yaw_err_deg: 1.182
Epoch: [14/23], Batch: 1170/2963, Loss: 55.040, Trans_L2_m: 0.436, Yaw_err_deg: 0.937
Epoch: [14/23], Batch: 1180/2963, Loss: 59.426, Trans_L2_m: 0.348, Yaw_err_deg: 1.208
Epoch: [14/23], Batch: 1190/2963, Loss: 64.284, Trans_L2_m: 0.410, Yaw_err_deg: 1.250
Epoch: [14/23], Batch: 1200/2963, Loss: 54.612, Trans_L2_m: 0.585, Yaw_err_deg: 0.913
Epoch: [14/23], Batch: 1210/2963, Loss: 89.531, Trans_L2_m: 0.385, Yaw_err_deg: 2.158
Epoch: [14/23], Batch: 1220/2963, Loss: 56.152, Trans_L2_m: 0.433, Yaw_err_deg: 0.854
Epoch: [14/23], Batch: 1230/2963, Loss: 54.593, Trans_L2_m: 0.461, Yaw_err_deg: 1.012
Epoch: [14/23], Batch: 1240/2963, Loss: 65.487, Trans_L2_m: 0.471, Yaw_err_deg: 1.515
Epoch: [14/23], Batch: 1250/2963, Loss: 46.807, Trans_L2_m: 0.380, Yaw_err_deg: 0.895
Epoch: [14/23], Batch: 1260/2963, Loss: 50.726, Trans_L2_m: 0.418, Yaw_err_deg: 0.606
Epoch: [14/23], Batch: 1270/2963, Loss: 59.443, Trans_L2_m: 0.376, Yaw_err_deg: 1.405
Epoch: [14/23], Batch: 1280/2963, Loss: 58.145, Trans_L2_m: 0.406, Yaw_err_deg: 1.300
Epoch: [14/23], Batch: 1290/2963, Loss: 52.592, Trans_L2_m: 0.448, Yaw_err_deg: 1.105
Epoch: [14/23], Batch: 1300/2963, Loss: 57.386, Trans_L2_m: 0.440, Yaw_err_deg: 0.937
Epoch: [14/23], Batch: 1310/2963, Loss: 59.827, Trans_L2_m: 0.392, Yaw_err_deg: 1.305
Epoch: [14/23], Batch: 1320/2963, Loss: 47.604, Trans_L2_m: 0.361, Yaw_err_deg: 0.939
Epoch: [14/23], Batch: 1330/2963, Loss: 46.373, Trans_L2_m: 0.385, Yaw_err_deg: 0.747
Epoch: [14/23], Batch: 1340/2963, Loss: 62.827, Trans_L2_m: 0.664, Yaw_err_deg: 1.123
Epoch: [14/23], Batch: 1350/2963, Loss: 51.390, Trans_L2_m: 0.424, Yaw_err_deg: 0.951
Epoch: [14/23], Batch: 1360/2963, Loss: 48.532, Trans_L2_m: 0.443, Yaw_err_deg: 0.853
Epoch: [14/23], Batch: 1370/2963, Loss: 46.033, Trans_L2_m: 0.353, Yaw_err_deg: 0.546
Epoch: [14/23], Batch: 1380/2963, Loss: 59.993, Trans_L2_m: 0.445, Yaw_err_deg: 1.145
Epoch: [14/23], Batch: 1390/2963, Loss: 53.454, Trans_L2_m: 0.578, Yaw_err_deg: 0.822
Epoch: [14/23], Batch: 1400/2963, Loss: 55.437, Trans_L2_m: 0.418, Yaw_err_deg: 1.158
Epoch: [14/23], Batch: 1410/2963, Loss: 47.018, Trans_L2_m: 0.463, Yaw_err_deg: 0.922
Epoch: [14/23], Batch: 1420/2963, Loss: 56.356, Trans_L2_m: 0.458, Yaw_err_deg: 1.193
Epoch: [14/23], Batch: 1430/2963, Loss: 54.805, Trans_L2_m: 0.497, Yaw_err_deg: 1.100
Epoch: [14/23], Batch: 1440/2963, Loss: 47.902, Trans_L2_m: 0.428, Yaw_err_deg: 0.697
Epoch: [14/23], Batch: 1450/2963, Loss: 56.950, Trans_L2_m: 0.543, Yaw_err_deg: 0.792
Epoch: [14/23], Batch: 1460/2963, Loss: 48.029, Trans_L2_m: 0.439, Yaw_err_deg: 0.707
Epoch: [14/23], Batch: 1470/2963, Loss: 50.220, Trans_L2_m: 0.378, Yaw_err_deg: 0.971
Epoch: [14/23], Batch: 1480/2963, Loss: 56.831, Trans_L2_m: 0.405, Yaw_err_deg: 0.605
Epoch: [14/23], Batch: 1490/2963, Loss: 54.353, Trans_L2_m: 0.384, Yaw_err_deg: 1.245
Epoch: [14/23], Batch: 1500/2963, Loss: 50.500, Trans_L2_m: 0.531, Yaw_err_deg: 0.603
Epoch: [14/23], Batch: 1510/2963, Loss: 62.257, Trans_L2_m: 0.371, Yaw_err_deg: 1.241
Epoch: [14/23], Batch: 1520/2963, Loss: 64.926, Trans_L2_m: 0.497, Yaw_err_deg: 1.723
Epoch: [14/23], Batch: 1530/2963, Loss: 63.296, Trans_L2_m: 0.468, Yaw_err_deg: 0.990
Epoch: [14/23], Batch: 1540/2963, Loss: 55.703, Trans_L2_m: 0.561, Yaw_err_deg: 0.849
Epoch: [14/23], Batch: 1550/2963, Loss: 57.945, Trans_L2_m: 0.575, Yaw_err_deg: 1.103
Epoch: [14/23], Batch: 1560/2963, Loss: 52.472, Trans_L2_m: 0.622, Yaw_err_deg: 0.916
Epoch: [14/23], Batch: 1570/2963, Loss: 43.201, Trans_L2_m: 0.349, Yaw_err_deg: 0.766
Epoch: [14/23], Batch: 1580/2963, Loss: 49.416, Trans_L2_m: 0.438, Yaw_err_deg: 0.884
Epoch: [14/23], Batch: 1590/2963, Loss: 61.847, Trans_L2_m: 0.494, Yaw_err_deg: 1.264
Epoch: [14/23], Batch: 1600/2963, Loss: 91.088, Trans_L2_m: 0.891, Yaw_err_deg: 1.238
Epoch: [14/23], Batch: 1610/2963, Loss: 50.541, Trans_L2_m: 0.621, Yaw_err_deg: 0.730
Epoch: [14/23], Batch: 1620/2963, Loss: 50.468, Trans_L2_m: 0.328, Yaw_err_deg: 0.966
Epoch: [14/23], Batch: 1630/2963, Loss: 56.289, Trans_L2_m: 0.338, Yaw_err_deg: 1.023
Epoch: [14/23], Batch: 1640/2963, Loss: 64.845, Trans_L2_m: 0.569, Yaw_err_deg: 1.580
Epoch: [14/23], Batch: 1650/2963, Loss: 58.174, Trans_L2_m: 0.408, Yaw_err_deg: 1.290
Epoch: [14/23], Batch: 1660/2963, Loss: 58.864, Trans_L2_m: 0.331, Yaw_err_deg: 1.190
Epoch: [14/23], Batch: 1670/2963, Loss: 61.330, Trans_L2_m: 0.478, Yaw_err_deg: 1.278
Epoch: [14/23], Batch: 1680/2963, Loss: 48.434, Trans_L2_m: 0.325, Yaw_err_deg: 0.778
Epoch: [14/23], Batch: 1690/2963, Loss: 54.563, Trans_L2_m: 0.413, Yaw_err_deg: 0.957
Epoch: [14/23], Batch: 1700/2963, Loss: 57.037, Trans_L2_m: 0.558, Yaw_err_deg: 1.200
Epoch: [14/23], Batch: 1710/2963, Loss: 63.967, Trans_L2_m: 0.445, Yaw_err_deg: 0.886
Epoch: [14/23], Batch: 1720/2963, Loss: 63.125, Trans_L2_m: 0.583, Yaw_err_deg: 1.082
Epoch: [14/23], Batch: 1730/2963, Loss: 75.830, Trans_L2_m: 0.475, Yaw_err_deg: 1.671
Epoch: [14/23], Batch: 1740/2963, Loss: 50.129, Trans_L2_m: 0.372, Yaw_err_deg: 1.055
Epoch: [14/23], Batch: 1750/2963, Loss: 48.005, Trans_L2_m: 0.337, Yaw_err_deg: 1.148
Epoch: [14/23], Batch: 1760/2963, Loss: 52.737, Trans_L2_m: 0.386, Yaw_err_deg: 1.175
Epoch: [14/23], Batch: 1770/2963, Loss: 56.149, Trans_L2_m: 0.463, Yaw_err_deg: 1.209
Epoch: [14/23], Batch: 1780/2963, Loss: 56.682, Trans_L2_m: 0.282, Yaw_err_deg: 1.256
Epoch: [14/23], Batch: 1790/2963, Loss: 55.873, Trans_L2_m: 0.438, Yaw_err_deg: 0.943
Epoch: [14/23], Batch: 1800/2963, Loss: 53.281, Trans_L2_m: 0.434, Yaw_err_deg: 1.144
Epoch: [14/23], Batch: 1810/2963, Loss: 48.671, Trans_L2_m: 0.472, Yaw_err_deg: 1.140
Epoch: [14/23], Batch: 1820/2963, Loss: 55.775, Trans_L2_m: 0.486, Yaw_err_deg: 0.890
Epoch: [14/23], Batch: 1830/2963, Loss: 44.766, Trans_L2_m: 0.442, Yaw_err_deg: 0.732
Epoch: [14/23], Batch: 1840/2963, Loss: 48.444, Trans_L2_m: 0.381, Yaw_err_deg: 0.928
Epoch: [14/23], Batch: 1850/2963, Loss: 51.119, Trans_L2_m: 0.323, Yaw_err_deg: 0.904
Epoch: [14/23], Batch: 1860/2963, Loss: 55.981, Trans_L2_m: 0.410, Yaw_err_deg: 1.064
Epoch: [14/23], Batch: 1870/2963, Loss: 55.315, Trans_L2_m: 0.514, Yaw_err_deg: 0.923
Epoch: [14/23], Batch: 1880/2963, Loss: 103.849, Trans_L2_m: 0.432, Yaw_err_deg: 1.672
Epoch: [14/23], Batch: 1890/2963, Loss: 66.597, Trans_L2_m: 0.554, Yaw_err_deg: 1.017
Epoch: [14/23], Batch: 1900/2963, Loss: 50.485, Trans_L2_m: 0.395, Yaw_err_deg: 0.686
Epoch: [14/23], Batch: 1910/2963, Loss: 58.514, Trans_L2_m: 0.373, Yaw_err_deg: 1.420
Epoch: [14/23], Batch: 1920/2963, Loss: 45.223, Trans_L2_m: 0.353, Yaw_err_deg: 0.796
Epoch: [14/23], Batch: 1930/2963, Loss: 48.232, Trans_L2_m: 0.309, Yaw_err_deg: 1.080
Epoch: [14/23], Batch: 1940/2963, Loss: 56.361, Trans_L2_m: 0.429, Yaw_err_deg: 1.235
Epoch: [14/23], Batch: 1950/2963, Loss: 50.153, Trans_L2_m: 0.417, Yaw_err_deg: 0.736
Epoch: [14/23], Batch: 1960/2963, Loss: 43.878, Trans_L2_m: 0.433, Yaw_err_deg: 0.747
Epoch: [14/23], Batch: 1970/2963, Loss: 48.263, Trans_L2_m: 0.320, Yaw_err_deg: 0.853
Epoch: [14/23], Batch: 1980/2963, Loss: 64.892, Trans_L2_m: 0.427, Yaw_err_deg: 0.896
Epoch: [14/23], Batch: 1990/2963, Loss: 61.361, Trans_L2_m: 0.565, Yaw_err_deg: 1.152
Epoch: [14/23], Batch: 2000/2963, Loss: 55.998, Trans_L2_m: 0.531, Yaw_err_deg: 0.945
Epoch: [14/23], Batch: 2010/2963, Loss: 60.355, Trans_L2_m: 0.398, Yaw_err_deg: 1.154
Epoch: [14/23], Batch: 2020/2963, Loss: 51.887, Trans_L2_m: 0.471, Yaw_err_deg: 0.798
Epoch: [14/23], Batch: 2030/2963, Loss: 60.821, Trans_L2_m: 0.387, Yaw_err_deg: 1.077
Epoch: [14/23], Batch: 2040/2963, Loss: 46.776, Trans_L2_m: 0.408, Yaw_err_deg: 0.761
Epoch: [14/23], Batch: 2050/2963, Loss: 51.834, Trans_L2_m: 0.496, Yaw_err_deg: 0.936
Epoch: [14/23], Batch: 2060/2963, Loss: 49.508, Trans_L2_m: 0.477, Yaw_err_deg: 0.700
Epoch: [14/23], Batch: 2070/2963, Loss: 59.291, Trans_L2_m: 0.382, Yaw_err_deg: 1.330
Epoch: [14/23], Batch: 2080/2963, Loss: 53.338, Trans_L2_m: 0.559, Yaw_err_deg: 1.072
Epoch: [14/23], Batch: 2090/2963, Loss: 49.889, Trans_L2_m: 0.426, Yaw_err_deg: 1.047
Epoch: [14/23], Batch: 2100/2963, Loss: 62.686, Trans_L2_m: 0.399, Yaw_err_deg: 1.077
Epoch: [14/23], Batch: 2110/2963, Loss: 48.490, Trans_L2_m: 0.487, Yaw_err_deg: 0.682
Epoch: [14/23], Batch: 2120/2963, Loss: 47.091, Trans_L2_m: 0.545, Yaw_err_deg: 0.565
Epoch: [14/23], Batch: 2130/2963, Loss: 53.426, Trans_L2_m: 0.463, Yaw_err_deg: 0.807
Epoch: [14/23], Batch: 2140/2963, Loss: 63.795, Trans_L2_m: 0.600, Yaw_err_deg: 1.032
Epoch: [14/23], Batch: 2150/2963, Loss: 45.242, Trans_L2_m: 0.355, Yaw_err_deg: 0.702
Epoch: [14/23], Batch: 2160/2963, Loss: 49.675, Trans_L2_m: 0.273, Yaw_err_deg: 0.908
Epoch: [14/23], Batch: 2170/2963, Loss: 46.777, Trans_L2_m: 0.463, Yaw_err_deg: 0.834
Epoch: [14/23], Batch: 2180/2963, Loss: 45.329, Trans_L2_m: 0.370, Yaw_err_deg: 0.688
Epoch: [14/23], Batch: 2190/2963, Loss: 52.733, Trans_L2_m: 0.505, Yaw_err_deg: 0.663
Epoch: [14/23], Batch: 2200/2963, Loss: 54.486, Trans_L2_m: 0.429, Yaw_err_deg: 1.191
Epoch: [14/23], Batch: 2210/2963, Loss: 59.024, Trans_L2_m: 0.334, Yaw_err_deg: 1.382
Epoch: [14/23], Batch: 2220/2963, Loss: 96.077, Trans_L2_m: 0.761, Yaw_err_deg: 1.482
Epoch: [14/23], Batch: 2230/2963, Loss: 55.693, Trans_L2_m: 0.449, Yaw_err_deg: 1.426
Epoch: [14/23], Batch: 2240/2963, Loss: 55.843, Trans_L2_m: 0.497, Yaw_err_deg: 0.945
Epoch: [14/23], Batch: 2250/2963, Loss: 92.471, Trans_L2_m: 0.589, Yaw_err_deg: 1.786
Epoch: [14/23], Batch: 2260/2963, Loss: 57.441, Trans_L2_m: 0.383, Yaw_err_deg: 1.208
Epoch: [14/23], Batch: 2270/2963, Loss: 44.851, Trans_L2_m: 0.351, Yaw_err_deg: 0.802
Epoch: [14/23], Batch: 2280/2963, Loss: 48.349, Trans_L2_m: 0.461, Yaw_err_deg: 0.893
Epoch: [14/23], Batch: 2290/2963, Loss: 54.461, Trans_L2_m: 0.454, Yaw_err_deg: 0.966
Epoch: [14/23], Batch: 2300/2963, Loss: 51.868, Trans_L2_m: 0.341, Yaw_err_deg: 1.174
Epoch: [14/23], Batch: 2310/2963, Loss: 54.336, Trans_L2_m: 0.378, Yaw_err_deg: 0.824
Epoch: [14/23], Batch: 2320/2963, Loss: 56.653, Trans_L2_m: 0.531, Yaw_err_deg: 1.082
Epoch: [14/23], Batch: 2330/2963, Loss: 57.904, Trans_L2_m: 0.375, Yaw_err_deg: 1.368
Epoch: [14/23], Batch: 2340/2963, Loss: 69.559, Trans_L2_m: 0.380, Yaw_err_deg: 1.510
Epoch: [14/23], Batch: 2350/2963, Loss: 69.213, Trans_L2_m: 0.422, Yaw_err_deg: 1.467
Epoch: [14/23], Batch: 2360/2963, Loss: 52.578, Trans_L2_m: 0.413, Yaw_err_deg: 0.744
Epoch: [14/23], Batch: 2370/2963, Loss: 51.941, Trans_L2_m: 0.555, Yaw_err_deg: 0.618
Epoch: [14/23], Batch: 2380/2963, Loss: 62.445, Trans_L2_m: 0.465, Yaw_err_deg: 1.263
Epoch: [14/23], Batch: 2390/2963, Loss: 49.368, Trans_L2_m: 0.520, Yaw_err_deg: 0.865
Epoch: [14/23], Batch: 2400/2963, Loss: 47.586, Trans_L2_m: 0.347, Yaw_err_deg: 0.870
Epoch: [14/23], Batch: 2410/2963, Loss: 49.172, Trans_L2_m: 0.333, Yaw_err_deg: 0.940
Epoch: [14/23], Batch: 2420/2963, Loss: 57.471, Trans_L2_m: 0.383, Yaw_err_deg: 1.157
Epoch: [14/23], Batch: 2430/2963, Loss: 50.355, Trans_L2_m: 0.442, Yaw_err_deg: 1.033
Epoch: [14/23], Batch: 2440/2963, Loss: 52.077, Trans_L2_m: 0.505, Yaw_err_deg: 0.703
Epoch: [14/23], Batch: 2450/2963, Loss: 62.809, Trans_L2_m: 0.365, Yaw_err_deg: 1.275
Epoch: [14/23], Batch: 2460/2963, Loss: 52.760, Trans_L2_m: 0.517, Yaw_err_deg: 0.651
Epoch: [14/23], Batch: 2470/2963, Loss: 76.726, Trans_L2_m: 0.343, Yaw_err_deg: 0.962
Epoch: [14/23], Batch: 2480/2963, Loss: 58.155, Trans_L2_m: 0.322, Yaw_err_deg: 1.154
Epoch: [14/23], Batch: 2490/2963, Loss: 62.537, Trans_L2_m: 0.512, Yaw_err_deg: 1.586
Epoch: [14/23], Batch: 2500/2963, Loss: 52.360, Trans_L2_m: 0.476, Yaw_err_deg: 1.090
Epoch: [14/23], Batch: 2510/2963, Loss: 54.913, Trans_L2_m: 0.325, Yaw_err_deg: 0.939
Epoch: [14/23], Batch: 2520/2963, Loss: 53.052, Trans_L2_m: 0.338, Yaw_err_deg: 1.184
Epoch: [14/23], Batch: 2530/2963, Loss: 196.033, Trans_L2_m: 0.530, Yaw_err_deg: 1.988
Epoch: [14/23], Batch: 2540/2963, Loss: 51.677, Trans_L2_m: 0.337, Yaw_err_deg: 1.283
Epoch: [14/23], Batch: 2550/2963, Loss: 53.016, Trans_L2_m: 0.475, Yaw_err_deg: 1.054
Epoch: [14/23], Batch: 2560/2963, Loss: 53.278, Trans_L2_m: 0.460, Yaw_err_deg: 1.000
Epoch: [14/23], Batch: 2570/2963, Loss: 57.814, Trans_L2_m: 0.356, Yaw_err_deg: 1.409
Epoch: [14/23], Batch: 2580/2963, Loss: 62.053, Trans_L2_m: 0.405, Yaw_err_deg: 1.264
Epoch: [14/23], Batch: 2590/2963, Loss: 55.342, Trans_L2_m: 0.335, Yaw_err_deg: 1.136
Epoch: [14/23], Batch: 2600/2963, Loss: 54.994, Trans_L2_m: 0.717, Yaw_err_deg: 0.862
Epoch: [14/23], Batch: 2610/2963, Loss: 47.864, Trans_L2_m: 0.476, Yaw_err_deg: 0.797
Epoch: [14/23], Batch: 2620/2963, Loss: 48.690, Trans_L2_m: 0.455, Yaw_err_deg: 0.735
Epoch: [14/23], Batch: 2630/2963, Loss: 52.021, Trans_L2_m: 0.373, Yaw_err_deg: 0.832
Epoch: [14/23], Batch: 2640/2963, Loss: 51.996, Trans_L2_m: 0.365, Yaw_err_deg: 1.218
Epoch: [14/23], Batch: 2650/2963, Loss: 57.528, Trans_L2_m: 0.601, Yaw_err_deg: 0.973
Epoch: [14/23], Batch: 2660/2963, Loss: 51.602, Trans_L2_m: 0.344, Yaw_err_deg: 0.838
Epoch: [14/23], Batch: 2670/2963, Loss: 49.797, Trans_L2_m: 0.422, Yaw_err_deg: 0.881
Epoch: [14/23], Batch: 2680/2963, Loss: 54.284, Trans_L2_m: 0.482, Yaw_err_deg: 0.771
Epoch: [14/23], Batch: 2690/2963, Loss: 57.189, Trans_L2_m: 0.375, Yaw_err_deg: 1.080
Epoch: [14/23], Batch: 2700/2963, Loss: 49.811, Trans_L2_m: 0.379, Yaw_err_deg: 0.998
Epoch: [14/23], Batch: 2710/2963, Loss: 43.903, Trans_L2_m: 0.464, Yaw_err_deg: 0.849
Epoch: [14/23], Batch: 2720/2963, Loss: 45.983, Trans_L2_m: 0.417, Yaw_err_deg: 0.710
Epoch: [14/23], Batch: 2730/2963, Loss: 61.662, Trans_L2_m: 0.344, Yaw_err_deg: 0.995
Epoch: [14/23], Batch: 2740/2963, Loss: 47.983, Trans_L2_m: 0.472, Yaw_err_deg: 0.706
Epoch: [14/23], Batch: 2750/2963, Loss: 56.155, Trans_L2_m: 0.673, Yaw_err_deg: 0.717
Epoch: [14/23], Batch: 2760/2963, Loss: 329.428, Trans_L2_m: 0.570, Yaw_err_deg: 2.843
Epoch: [14/23], Batch: 2770/2963, Loss: 57.864, Trans_L2_m: 0.511, Yaw_err_deg: 1.184
Epoch: [14/23], Batch: 2780/2963, Loss: 56.310, Trans_L2_m: 0.375, Yaw_err_deg: 1.137
Epoch: [14/23], Batch: 2790/2963, Loss: 55.629, Trans_L2_m: 0.422, Yaw_err_deg: 1.070
Epoch: [14/23], Batch: 2800/2963, Loss: 62.519, Trans_L2_m: 0.555, Yaw_err_deg: 1.039
Epoch: [14/23], Batch: 2810/2963, Loss: 57.300, Trans_L2_m: 0.444, Yaw_err_deg: 1.138
Epoch: [14/23], Batch: 2820/2963, Loss: 50.688, Trans_L2_m: 0.467, Yaw_err_deg: 1.062
Epoch: [14/23], Batch: 2830/2963, Loss: 44.220, Trans_L2_m: 0.332, Yaw_err_deg: 0.810
Epoch: [14/23], Batch: 2840/2963, Loss: 88.568, Trans_L2_m: 0.347, Yaw_err_deg: 2.121
Epoch: [14/23], Batch: 2850/2963, Loss: 50.605, Trans_L2_m: 0.368, Yaw_err_deg: 0.911
Epoch: [14/23], Batch: 2860/2963, Loss: 39.974, Trans_L2_m: 0.354, Yaw_err_deg: 0.746
Epoch: [14/23], Batch: 2870/2963, Loss: 63.635, Trans_L2_m: 0.470, Yaw_err_deg: 1.193
Epoch: [14/23], Batch: 2880/2963, Loss: 66.701, Trans_L2_m: 0.625, Yaw_err_deg: 1.043
Epoch: [14/23], Batch: 2890/2963, Loss: 55.462, Trans_L2_m: 0.513, Yaw_err_deg: 1.047
Epoch: [14/23], Batch: 2900/2963, Loss: 74.574, Trans_L2_m: 0.426, Yaw_err_deg: 1.322
Epoch: [14/23], Batch: 2910/2963, Loss: 63.562, Trans_L2_m: 0.505, Yaw_err_deg: 1.311
Epoch: [14/23], Batch: 2920/2963, Loss: 58.398, Trans_L2_m: 0.462, Yaw_err_deg: 1.123
Epoch: [14/23], Batch: 2930/2963, Loss: 50.910, Trans_L2_m: 0.365, Yaw_err_deg: 0.891
Epoch: [14/23], Batch: 2940/2963, Loss: 49.131, Trans_L2_m: 0.396, Yaw_err_deg: 0.867
Epoch: [14/23], Batch: 2950/2963, Loss: 65.662, Trans_L2_m: 0.463, Yaw_err_deg: 1.524
Epoch: [14/23], Batch: 2960/2963, Loss: 49.612, Trans_L2_m: 0.407, Yaw_err_deg: 0.947
Epoch: [15/23], Batch: 0/2963, Loss: 52.655, Trans_L2_m: 0.412, Yaw_err_deg: 0.934
Epoch: [15/23], Batch: 10/2963, Loss: 49.257, Trans_L2_m: 0.432, Yaw_err_deg: 0.966
Epoch: [15/23], Batch: 20/2963, Loss: 51.991, Trans_L2_m: 0.333, Yaw_err_deg: 1.060
Epoch: [15/23], Batch: 30/2963, Loss: 50.264, Trans_L2_m: 0.388, Yaw_err_deg: 0.832
Epoch: [15/23], Batch: 40/2963, Loss: 63.584, Trans_L2_m: 0.534, Yaw_err_deg: 1.201
Epoch: [15/23], Batch: 50/2963, Loss: 46.681, Trans_L2_m: 0.426, Yaw_err_deg: 1.003
Epoch: [15/23], Batch: 60/2963, Loss: 49.774, Trans_L2_m: 0.450, Yaw_err_deg: 0.570
Epoch: [15/23], Batch: 70/2963, Loss: 56.166, Trans_L2_m: 0.309, Yaw_err_deg: 1.220
Epoch: [15/23], Batch: 80/2963, Loss: 49.368, Trans_L2_m: 0.361, Yaw_err_deg: 0.754
Epoch: [15/23], Batch: 90/2963, Loss: 62.228, Trans_L2_m: 0.514, Yaw_err_deg: 0.936
Epoch: [15/23], Batch: 100/2963, Loss: 53.383, Trans_L2_m: 0.357, Yaw_err_deg: 1.054
Epoch: [15/23], Batch: 110/2963, Loss: 60.076, Trans_L2_m: 0.504, Yaw_err_deg: 1.092
Epoch: [15/23], Batch: 120/2963, Loss: 51.422, Trans_L2_m: 0.448, Yaw_err_deg: 1.046
Epoch: [15/23], Batch: 130/2963, Loss: 51.236, Trans_L2_m: 0.381, Yaw_err_deg: 0.827
Epoch: [15/23], Batch: 140/2963, Loss: 53.279, Trans_L2_m: 0.516, Yaw_err_deg: 1.153
Epoch: [15/23], Batch: 150/2963, Loss: 59.531, Trans_L2_m: 0.482, Yaw_err_deg: 1.040
Epoch: [15/23], Batch: 160/2963, Loss: 64.130, Trans_L2_m: 0.463, Yaw_err_deg: 1.488
Epoch: [15/23], Batch: 170/2963, Loss: 47.857, Trans_L2_m: 0.294, Yaw_err_deg: 0.958
Epoch: [15/23], Batch: 180/2963, Loss: 49.213, Trans_L2_m: 0.497, Yaw_err_deg: 0.781
Epoch: [15/23], Batch: 190/2963, Loss: 50.383, Trans_L2_m: 0.604, Yaw_err_deg: 0.664
Epoch: [15/23], Batch: 200/2963, Loss: 42.651, Trans_L2_m: 0.356, Yaw_err_deg: 0.817
Epoch: [15/23], Batch: 210/2963, Loss: 44.905, Trans_L2_m: 0.207, Yaw_err_deg: 0.890
Epoch: [15/23], Batch: 220/2963, Loss: 49.872, Trans_L2_m: 0.427, Yaw_err_deg: 0.922
Epoch: [15/23], Batch: 230/2963, Loss: 49.548, Trans_L2_m: 0.389, Yaw_err_deg: 0.854
Epoch: [15/23], Batch: 240/2963, Loss: 54.196, Trans_L2_m: 0.405, Yaw_err_deg: 0.924
Epoch: [15/23], Batch: 250/2963, Loss: 47.958, Trans_L2_m: 0.394, Yaw_err_deg: 0.892
Epoch: [15/23], Batch: 260/2963, Loss: 58.459, Trans_L2_m: 0.471, Yaw_err_deg: 1.207
Epoch: [15/23], Batch: 270/2963, Loss: 49.509, Trans_L2_m: 0.401, Yaw_err_deg: 0.820
Epoch: [15/23], Batch: 280/2963, Loss: 42.056, Trans_L2_m: 0.333, Yaw_err_deg: 0.798
Epoch: [15/23], Batch: 290/2963, Loss: 53.547, Trans_L2_m: 0.449, Yaw_err_deg: 0.913
Epoch: [15/23], Batch: 300/2963, Loss: 45.174, Trans_L2_m: 0.410, Yaw_err_deg: 0.809
Epoch: [15/23], Batch: 310/2963, Loss: 52.660, Trans_L2_m: 0.493, Yaw_err_deg: 1.016
Epoch: [15/23], Batch: 320/2963, Loss: 48.794, Trans_L2_m: 0.375, Yaw_err_deg: 0.738
Epoch: [15/23], Batch: 330/2963, Loss: 51.208, Trans_L2_m: 0.500, Yaw_err_deg: 0.826
Epoch: [15/23], Batch: 340/2963, Loss: 46.620, Trans_L2_m: 0.448, Yaw_err_deg: 0.909
Epoch: [15/23], Batch: 350/2963, Loss: 49.562, Trans_L2_m: 0.398, Yaw_err_deg: 0.898
Epoch: [15/23], Batch: 360/2963, Loss: 56.345, Trans_L2_m: 0.429, Yaw_err_deg: 0.813
Epoch: [15/23], Batch: 370/2963, Loss: 64.058, Trans_L2_m: 0.447, Yaw_err_deg: 1.469
Epoch: [15/23], Batch: 380/2963, Loss: 69.785, Trans_L2_m: 0.305, Yaw_err_deg: 1.626
Epoch: [15/23], Batch: 390/2963, Loss: 54.547, Trans_L2_m: 0.425, Yaw_err_deg: 1.215
Epoch: [15/23], Batch: 400/2963, Loss: 55.073, Trans_L2_m: 0.378, Yaw_err_deg: 0.976
Epoch: [15/23], Batch: 410/2963, Loss: 63.804, Trans_L2_m: 0.351, Yaw_err_deg: 1.360
Epoch: [15/23], Batch: 420/2963, Loss: 61.724, Trans_L2_m: 0.474, Yaw_err_deg: 0.985
Epoch: [15/23], Batch: 430/2963, Loss: 73.172, Trans_L2_m: 0.677, Yaw_err_deg: 1.300
Epoch: [15/23], Batch: 440/2963, Loss: 58.244, Trans_L2_m: 0.477, Yaw_err_deg: 1.005
Epoch: [15/23], Batch: 450/2963, Loss: 99.150, Trans_L2_m: 0.481, Yaw_err_deg: 1.653
Epoch: [15/23], Batch: 460/2963, Loss: 49.813, Trans_L2_m: 0.290, Yaw_err_deg: 0.875
Epoch: [15/23], Batch: 470/2963, Loss: 47.468, Trans_L2_m: 0.368, Yaw_err_deg: 0.902
Epoch: [15/23], Batch: 480/2963, Loss: 52.258, Trans_L2_m: 0.337, Yaw_err_deg: 1.101
Epoch: [15/23], Batch: 490/2963, Loss: 48.744, Trans_L2_m: 0.453, Yaw_err_deg: 0.780
Epoch: [15/23], Batch: 500/2963, Loss: 64.659, Trans_L2_m: 0.475, Yaw_err_deg: 1.479
Epoch: [15/23], Batch: 510/2963, Loss: 53.021, Trans_L2_m: 0.407, Yaw_err_deg: 0.996
Epoch: [15/23], Batch: 520/2963, Loss: 59.699, Trans_L2_m: 0.444, Yaw_err_deg: 1.198
Epoch: [15/23], Batch: 530/2963, Loss: 51.334, Trans_L2_m: 0.470, Yaw_err_deg: 1.040
Epoch: [15/23], Batch: 540/2963, Loss: 57.489, Trans_L2_m: 0.553, Yaw_err_deg: 0.757
Epoch: [15/23], Batch: 550/2963, Loss: 53.349, Trans_L2_m: 0.338, Yaw_err_deg: 0.948
Epoch: [15/23], Batch: 560/2963, Loss: 51.874, Trans_L2_m: 0.374, Yaw_err_deg: 0.962
Epoch: [15/23], Batch: 570/2963, Loss: 47.704, Trans_L2_m: 0.464, Yaw_err_deg: 0.740
Epoch: [15/23], Batch: 580/2963, Loss: 72.768, Trans_L2_m: 0.390, Yaw_err_deg: 1.707
Epoch: [15/23], Batch: 590/2963, Loss: 62.272, Trans_L2_m: 0.535, Yaw_err_deg: 1.001
Epoch: [15/23], Batch: 600/2963, Loss: 47.893, Trans_L2_m: 0.395, Yaw_err_deg: 0.714
Epoch: [15/23], Batch: 610/2963, Loss: 59.543, Trans_L2_m: 0.551, Yaw_err_deg: 1.006
Epoch: [15/23], Batch: 620/2963, Loss: 43.304, Trans_L2_m: 0.324, Yaw_err_deg: 0.720
Epoch: [15/23], Batch: 630/2963, Loss: 42.717, Trans_L2_m: 0.328, Yaw_err_deg: 0.677
Epoch: [15/23], Batch: 640/2963, Loss: 44.748, Trans_L2_m: 0.249, Yaw_err_deg: 0.897
Epoch: [15/23], Batch: 650/2963, Loss: 50.152, Trans_L2_m: 0.322, Yaw_err_deg: 1.233
Epoch: [15/23], Batch: 660/2963, Loss: 43.675, Trans_L2_m: 0.326, Yaw_err_deg: 0.809
Epoch: [15/23], Batch: 670/2963, Loss: 53.351, Trans_L2_m: 0.443, Yaw_err_deg: 0.916
Epoch: [15/23], Batch: 680/2963, Loss: 62.711, Trans_L2_m: 0.341, Yaw_err_deg: 1.719
Epoch: [15/23], Batch: 690/2963, Loss: 51.598, Trans_L2_m: 0.420, Yaw_err_deg: 0.674
Epoch: [15/23], Batch: 700/2963, Loss: 57.925, Trans_L2_m: 0.304, Yaw_err_deg: 1.119
Epoch: [15/23], Batch: 710/2963, Loss: 49.463, Trans_L2_m: 0.535, Yaw_err_deg: 0.772
Epoch: [15/23], Batch: 720/2963, Loss: 50.114, Trans_L2_m: 0.360, Yaw_err_deg: 0.780
Epoch: [15/23], Batch: 730/2963, Loss: 57.396, Trans_L2_m: 0.354, Yaw_err_deg: 0.908
Epoch: [15/23], Batch: 740/2963, Loss: 47.190, Trans_L2_m: 0.484, Yaw_err_deg: 0.545
Epoch: [15/23], Batch: 750/2963, Loss: 49.288, Trans_L2_m: 0.388, Yaw_err_deg: 0.784
Epoch: [15/23], Batch: 760/2963, Loss: 53.950, Trans_L2_m: 0.654, Yaw_err_deg: 0.909
Epoch: [15/23], Batch: 770/2963, Loss: 45.808, Trans_L2_m: 0.401, Yaw_err_deg: 0.655
Epoch: [15/23], Batch: 780/2963, Loss: 49.865, Trans_L2_m: 0.409, Yaw_err_deg: 0.970
Epoch: [15/23], Batch: 790/2963, Loss: 49.031, Trans_L2_m: 0.454, Yaw_err_deg: 0.686
Epoch: [15/23], Batch: 800/2963, Loss: 53.710, Trans_L2_m: 0.521, Yaw_err_deg: 1.107
Epoch: [15/23], Batch: 810/2963, Loss: 49.088, Trans_L2_m: 0.487, Yaw_err_deg: 0.762
Epoch: [15/23], Batch: 820/2963, Loss: 50.332, Trans_L2_m: 0.493, Yaw_err_deg: 0.942
Epoch: [15/23], Batch: 830/2963, Loss: 78.577, Trans_L2_m: 0.555, Yaw_err_deg: 1.470
Epoch: [15/23], Batch: 840/2963, Loss: 70.566, Trans_L2_m: 0.437, Yaw_err_deg: 1.296
Epoch: [15/23], Batch: 850/2963, Loss: 53.073, Trans_L2_m: 0.349, Yaw_err_deg: 0.904
Epoch: [15/23], Batch: 860/2963, Loss: 58.853, Trans_L2_m: 0.531, Yaw_err_deg: 1.144
Epoch: [15/23], Batch: 870/2963, Loss: 45.773, Trans_L2_m: 0.432, Yaw_err_deg: 0.581
Epoch: [15/23], Batch: 880/2963, Loss: 51.143, Trans_L2_m: 0.488, Yaw_err_deg: 0.798
Epoch: [15/23], Batch: 890/2963, Loss: 50.262, Trans_L2_m: 0.389, Yaw_err_deg: 0.937
Epoch: [15/23], Batch: 900/2963, Loss: 69.778, Trans_L2_m: 0.335, Yaw_err_deg: 1.361
Epoch: [15/23], Batch: 910/2963, Loss: 45.099, Trans_L2_m: 0.320, Yaw_err_deg: 0.760
Epoch: [15/23], Batch: 920/2963, Loss: 44.471, Trans_L2_m: 0.347, Yaw_err_deg: 0.710
Epoch: [15/23], Batch: 930/2963, Loss: 50.762, Trans_L2_m: 0.363, Yaw_err_deg: 1.051
Epoch: [15/23], Batch: 940/2963, Loss: 53.177, Trans_L2_m: 0.611, Yaw_err_deg: 0.897
Epoch: [15/23], Batch: 950/2963, Loss: 52.639, Trans_L2_m: 0.329, Yaw_err_deg: 1.289
Epoch: [15/23], Batch: 960/2963, Loss: 50.074, Trans_L2_m: 0.442, Yaw_err_deg: 0.632
Epoch: [15/23], Batch: 970/2963, Loss: 51.819, Trans_L2_m: 0.394, Yaw_err_deg: 0.874
Epoch: [15/23], Batch: 980/2963, Loss: 62.701, Trans_L2_m: 0.419, Yaw_err_deg: 1.241
Epoch: [15/23], Batch: 990/2963, Loss: 49.177, Trans_L2_m: 0.436, Yaw_err_deg: 0.974
Epoch: [15/23], Batch: 1000/2963, Loss: 48.911, Trans_L2_m: 0.380, Yaw_err_deg: 0.888
Epoch: [15/23], Batch: 1010/2963, Loss: 51.190, Trans_L2_m: 0.494, Yaw_err_deg: 0.834
Epoch: [15/23], Batch: 1020/2963, Loss: 50.991, Trans_L2_m: 0.413, Yaw_err_deg: 0.665
Epoch: [15/23], Batch: 1030/2963, Loss: 45.733, Trans_L2_m: 0.368, Yaw_err_deg: 0.726
Epoch: [15/23], Batch: 1040/2963, Loss: 52.809, Trans_L2_m: 0.394, Yaw_err_deg: 1.046
Epoch: [15/23], Batch: 1050/2963, Loss: 57.659, Trans_L2_m: 0.452, Yaw_err_deg: 1.214
Epoch: [15/23], Batch: 1060/2963, Loss: 57.331, Trans_L2_m: 0.549, Yaw_err_deg: 0.874
Epoch: [15/23], Batch: 1070/2963, Loss: 55.177, Trans_L2_m: 0.356, Yaw_err_deg: 0.707
Epoch: [15/23], Batch: 1080/2963, Loss: 54.865, Trans_L2_m: 0.307, Yaw_err_deg: 1.297
Epoch: [15/23], Batch: 1090/2963, Loss: 61.032, Trans_L2_m: 0.553, Yaw_err_deg: 1.430
Epoch: [15/23], Batch: 1100/2963, Loss: 47.471, Trans_L2_m: 0.344, Yaw_err_deg: 1.085
Epoch: [15/23], Batch: 1110/2963, Loss: 45.418, Trans_L2_m: 0.398, Yaw_err_deg: 1.009
Epoch: [15/23], Batch: 1120/2963, Loss: 45.207, Trans_L2_m: 0.338, Yaw_err_deg: 0.741
Epoch: [15/23], Batch: 1130/2963, Loss: 63.766, Trans_L2_m: 0.439, Yaw_err_deg: 1.350
Epoch: [15/23], Batch: 1140/2963, Loss: 55.698, Trans_L2_m: 0.560, Yaw_err_deg: 1.247
Epoch: [15/23], Batch: 1150/2963, Loss: 40.966, Trans_L2_m: 0.462, Yaw_err_deg: 0.594
Epoch: [15/23], Batch: 1160/2963, Loss: 53.891, Trans_L2_m: 0.412, Yaw_err_deg: 0.962
Epoch: [15/23], Batch: 1170/2963, Loss: 49.136, Trans_L2_m: 0.494, Yaw_err_deg: 0.692
Epoch: [15/23], Batch: 1180/2963, Loss: 51.744, Trans_L2_m: 0.372, Yaw_err_deg: 0.924
Epoch: [15/23], Batch: 1190/2963, Loss: 51.577, Trans_L2_m: 0.413, Yaw_err_deg: 0.888
Epoch: [15/23], Batch: 1200/2963, Loss: 52.404, Trans_L2_m: 0.482, Yaw_err_deg: 1.020
Epoch: [15/23], Batch: 1210/2963, Loss: 52.529, Trans_L2_m: 0.494, Yaw_err_deg: 0.847
Epoch: [15/23], Batch: 1220/2963, Loss: 48.768, Trans_L2_m: 0.336, Yaw_err_deg: 1.004
Epoch: [15/23], Batch: 1230/2963, Loss: 53.005, Trans_L2_m: 0.449, Yaw_err_deg: 1.203
Epoch: [15/23], Batch: 1240/2963, Loss: 47.983, Trans_L2_m: 0.264, Yaw_err_deg: 0.984
Epoch: [15/23], Batch: 1250/2963, Loss: 61.200, Trans_L2_m: 0.425, Yaw_err_deg: 1.465
Epoch: [15/23], Batch: 1260/2963, Loss: 47.083, Trans_L2_m: 0.348, Yaw_err_deg: 0.934
Epoch: [15/23], Batch: 1270/2963, Loss: 50.922, Trans_L2_m: 0.395, Yaw_err_deg: 0.742
Epoch: [15/23], Batch: 1280/2963, Loss: 56.260, Trans_L2_m: 0.493, Yaw_err_deg: 1.086
Epoch: [15/23], Batch: 1290/2963, Loss: 62.264, Trans_L2_m: 0.392, Yaw_err_deg: 1.431
Epoch: [15/23], Batch: 1300/2963, Loss: 52.836, Trans_L2_m: 0.497, Yaw_err_deg: 0.844
Epoch: [15/23], Batch: 1310/2963, Loss: 47.640, Trans_L2_m: 0.434, Yaw_err_deg: 0.783
Epoch: [15/23], Batch: 1320/2963, Loss: 45.778, Trans_L2_m: 0.439, Yaw_err_deg: 0.889
Epoch: [15/23], Batch: 1330/2963, Loss: 53.516, Trans_L2_m: 0.289, Yaw_err_deg: 1.116
Epoch: [15/23], Batch: 1340/2963, Loss: 47.461, Trans_L2_m: 0.238, Yaw_err_deg: 0.938
Epoch: [15/23], Batch: 1350/2963, Loss: 59.484, Trans_L2_m: 0.466, Yaw_err_deg: 1.314
Epoch: [15/23], Batch: 1360/2963, Loss: 64.513, Trans_L2_m: 0.344, Yaw_err_deg: 1.195
Epoch: [15/23], Batch: 1370/2963, Loss: 50.412, Trans_L2_m: 0.504, Yaw_err_deg: 0.715
Epoch: [15/23], Batch: 1380/2963, Loss: 48.664, Trans_L2_m: 0.411, Yaw_err_deg: 0.765
Epoch: [15/23], Batch: 1390/2963, Loss: 51.815, Trans_L2_m: 0.491, Yaw_err_deg: 1.101
Epoch: [15/23], Batch: 1400/2963, Loss: 60.659, Trans_L2_m: 0.538, Yaw_err_deg: 0.888
Epoch: [15/23], Batch: 1410/2963, Loss: 47.669, Trans_L2_m: 0.531, Yaw_err_deg: 0.684
Epoch: [15/23], Batch: 1420/2963, Loss: 49.143, Trans_L2_m: 0.409, Yaw_err_deg: 0.749
Epoch: [15/23], Batch: 1430/2963, Loss: 51.786, Trans_L2_m: 0.411, Yaw_err_deg: 1.027
Epoch: [15/23], Batch: 1440/2963, Loss: 62.401, Trans_L2_m: 0.479, Yaw_err_deg: 1.357
Epoch: [15/23], Batch: 1450/2963, Loss: 55.296, Trans_L2_m: 0.426, Yaw_err_deg: 1.293
Epoch: [15/23], Batch: 1460/2963, Loss: 51.934, Trans_L2_m: 0.506, Yaw_err_deg: 0.890
Epoch: [15/23], Batch: 1470/2963, Loss: 44.920, Trans_L2_m: 0.298, Yaw_err_deg: 0.776
Epoch: [15/23], Batch: 1480/2963, Loss: 335.363, Trans_L2_m: 0.371, Yaw_err_deg: 2.437
Epoch: [15/23], Batch: 1490/2963, Loss: 51.082, Trans_L2_m: 0.355, Yaw_err_deg: 0.993
Epoch: [15/23], Batch: 1500/2963, Loss: 55.543, Trans_L2_m: 0.446, Yaw_err_deg: 1.017
Epoch: [15/23], Batch: 1510/2963, Loss: 49.834, Trans_L2_m: 0.563, Yaw_err_deg: 0.790
Epoch: [15/23], Batch: 1520/2963, Loss: 72.334, Trans_L2_m: 0.516, Yaw_err_deg: 1.534
Epoch: [15/23], Batch: 1530/2963, Loss: 44.603, Trans_L2_m: 0.468, Yaw_err_deg: 0.699
Epoch: [15/23], Batch: 1540/2963, Loss: 43.291, Trans_L2_m: 0.303, Yaw_err_deg: 0.863
Epoch: [15/23], Batch: 1550/2963, Loss: 50.166, Trans_L2_m: 0.423, Yaw_err_deg: 0.566
Epoch: [15/23], Batch: 1560/2963, Loss: 63.787, Trans_L2_m: 0.466, Yaw_err_deg: 1.076
Epoch: [15/23], Batch: 1570/2963, Loss: 50.862, Trans_L2_m: 0.330, Yaw_err_deg: 0.872
Epoch: [15/23], Batch: 1580/2963, Loss: 61.000, Trans_L2_m: 0.303, Yaw_err_deg: 1.300
Epoch: [15/23], Batch: 1590/2963, Loss: 47.165, Trans_L2_m: 0.445, Yaw_err_deg: 1.047
Epoch: [15/23], Batch: 1600/2963, Loss: 58.730, Trans_L2_m: 0.420, Yaw_err_deg: 1.180
Epoch: [15/23], Batch: 1610/2963, Loss: 45.671, Trans_L2_m: 0.344, Yaw_err_deg: 0.560
Epoch: [15/23], Batch: 1620/2963, Loss: 58.887, Trans_L2_m: 0.376, Yaw_err_deg: 0.999
Epoch: [15/23], Batch: 1630/2963, Loss: 52.101, Trans_L2_m: 0.466, Yaw_err_deg: 0.954
Epoch: [15/23], Batch: 1640/2963, Loss: 57.922, Trans_L2_m: 0.409, Yaw_err_deg: 1.295
Epoch: [15/23], Batch: 1650/2963, Loss: 44.977, Trans_L2_m: 0.318, Yaw_err_deg: 0.817
Epoch: [15/23], Batch: 1660/2963, Loss: 58.151, Trans_L2_m: 0.464, Yaw_err_deg: 1.362
Epoch: [15/23], Batch: 1670/2963, Loss: 40.252, Trans_L2_m: 0.334, Yaw_err_deg: 0.692
Epoch: [15/23], Batch: 1680/2963, Loss: 46.038, Trans_L2_m: 0.348, Yaw_err_deg: 0.631
Epoch: [15/23], Batch: 1690/2963, Loss: 53.583, Trans_L2_m: 0.379, Yaw_err_deg: 1.027
Epoch: [15/23], Batch: 1700/2963, Loss: 63.550, Trans_L2_m: 0.376, Yaw_err_deg: 0.910
Epoch: [15/23], Batch: 1710/2963, Loss: 61.431, Trans_L2_m: 0.462, Yaw_err_deg: 1.136
Epoch: [15/23], Batch: 1720/2963, Loss: 52.308, Trans_L2_m: 0.305, Yaw_err_deg: 1.142
Epoch: [15/23], Batch: 1730/2963, Loss: 53.316, Trans_L2_m: 0.324, Yaw_err_deg: 1.144
Epoch: [15/23], Batch: 1740/2963, Loss: 67.343, Trans_L2_m: 0.395, Yaw_err_deg: 1.321
Epoch: [15/23], Batch: 1750/2963, Loss: 61.434, Trans_L2_m: 0.380, Yaw_err_deg: 1.363
Epoch: [15/23], Batch: 1760/2963, Loss: 49.360, Trans_L2_m: 0.348, Yaw_err_deg: 0.848
Epoch: [15/23], Batch: 1770/2963, Loss: 55.717, Trans_L2_m: 0.413, Yaw_err_deg: 1.161
Epoch: [15/23], Batch: 1780/2963, Loss: 55.137, Trans_L2_m: 0.362, Yaw_err_deg: 1.405
Epoch: [15/23], Batch: 1790/2963, Loss: 44.494, Trans_L2_m: 0.351, Yaw_err_deg: 0.748
Epoch: [15/23], Batch: 1800/2963, Loss: 58.435, Trans_L2_m: 0.410, Yaw_err_deg: 1.088
Epoch: [15/23], Batch: 1810/2963, Loss: 48.183, Trans_L2_m: 0.419, Yaw_err_deg: 0.992
Epoch: [15/23], Batch: 1820/2963, Loss: 51.884, Trans_L2_m: 0.555, Yaw_err_deg: 0.897
Epoch: [15/23], Batch: 1830/2963, Loss: 193.431, Trans_L2_m: 0.531, Yaw_err_deg: 1.921
Epoch: [15/23], Batch: 1840/2963, Loss: 55.635, Trans_L2_m: 0.522, Yaw_err_deg: 1.056
Epoch: [15/23], Batch: 1850/2963, Loss: 52.848, Trans_L2_m: 0.471, Yaw_err_deg: 1.064
Epoch: [15/23], Batch: 1860/2963, Loss: 2713.866, Trans_L2_m: 0.384, Yaw_err_deg: 1.022
Epoch: [15/23], Batch: 1870/2963, Loss: 57.907, Trans_L2_m: 0.530, Yaw_err_deg: 1.280
Epoch: [15/23], Batch: 1880/2963, Loss: 59.346, Trans_L2_m: 0.499, Yaw_err_deg: 1.224
Epoch: [15/23], Batch: 1890/2963, Loss: 53.980, Trans_L2_m: 0.319, Yaw_err_deg: 1.116
Epoch: [15/23], Batch: 1900/2963, Loss: 66.604, Trans_L2_m: 0.408, Yaw_err_deg: 1.229
Epoch: [15/23], Batch: 1910/2963, Loss: 55.497, Trans_L2_m: 0.456, Yaw_err_deg: 1.068
Epoch: [15/23], Batch: 1920/2963, Loss: 46.795, Trans_L2_m: 0.352, Yaw_err_deg: 0.761
Epoch: [15/23], Batch: 1930/2963, Loss: 55.457, Trans_L2_m: 0.346, Yaw_err_deg: 1.018
Epoch: [15/23], Batch: 1940/2963, Loss: 49.256, Trans_L2_m: 0.455, Yaw_err_deg: 0.723
Epoch: [15/23], Batch: 1950/2963, Loss: 51.035, Trans_L2_m: 0.463, Yaw_err_deg: 0.981
Epoch: [15/23], Batch: 1960/2963, Loss: 58.238, Trans_L2_m: 0.628, Yaw_err_deg: 0.931
Epoch: [15/23], Batch: 1970/2963, Loss: 59.846, Trans_L2_m: 0.326, Yaw_err_deg: 1.340
Epoch: [15/23], Batch: 1980/2963, Loss: 45.232, Trans_L2_m: 0.262, Yaw_err_deg: 0.816
Epoch: [15/23], Batch: 1990/2963, Loss: 55.343, Trans_L2_m: 0.298, Yaw_err_deg: 1.088
Epoch: [15/23], Batch: 2000/2963, Loss: 50.557, Trans_L2_m: 0.468, Yaw_err_deg: 0.849
Epoch: [15/23], Batch: 2010/2963, Loss: 51.257, Trans_L2_m: 0.466, Yaw_err_deg: 0.907
Epoch: [15/23], Batch: 2020/2963, Loss: 53.279, Trans_L2_m: 0.437, Yaw_err_deg: 0.844
Epoch: [15/23], Batch: 2030/2963, Loss: 43.903, Trans_L2_m: 0.405, Yaw_err_deg: 0.664
Epoch: [15/23], Batch: 2040/2963, Loss: 50.575, Trans_L2_m: 0.320, Yaw_err_deg: 1.219
Epoch: [15/23], Batch: 2050/2963, Loss: 54.867, Trans_L2_m: 0.398, Yaw_err_deg: 1.219
Epoch: [15/23], Batch: 2060/2963, Loss: 46.634, Trans_L2_m: 0.429, Yaw_err_deg: 0.895
Epoch: [15/23], Batch: 2070/2963, Loss: 65.053, Trans_L2_m: 0.497, Yaw_err_deg: 1.022
Epoch: [15/23], Batch: 2080/2963, Loss: 56.817, Trans_L2_m: 0.492, Yaw_err_deg: 1.030
Epoch: [15/23], Batch: 2090/2963, Loss: 65.373, Trans_L2_m: 0.465, Yaw_err_deg: 1.407
Epoch: [15/23], Batch: 2100/2963, Loss: 49.321, Trans_L2_m: 0.482, Yaw_err_deg: 0.602
Epoch: [15/23], Batch: 2110/2963, Loss: 54.175, Trans_L2_m: 0.521, Yaw_err_deg: 0.909
Epoch: [15/23], Batch: 2120/2963, Loss: 47.643, Trans_L2_m: 0.381, Yaw_err_deg: 0.702
Epoch: [15/23], Batch: 2130/2963, Loss: 41.605, Trans_L2_m: 0.413, Yaw_err_deg: 0.655
Epoch: [15/23], Batch: 2140/2963, Loss: 49.149, Trans_L2_m: 0.499, Yaw_err_deg: 0.784
Epoch: [15/23], Batch: 2150/2963, Loss: 54.062, Trans_L2_m: 0.479, Yaw_err_deg: 0.727
Epoch: [15/23], Batch: 2160/2963, Loss: 57.402, Trans_L2_m: 0.356, Yaw_err_deg: 1.235
Epoch: [15/23], Batch: 2170/2963, Loss: 58.305, Trans_L2_m: 0.328, Yaw_err_deg: 1.267
Epoch: [15/23], Batch: 2180/2963, Loss: 53.582, Trans_L2_m: 0.450, Yaw_err_deg: 1.121
Epoch: [15/23], Batch: 2190/2963, Loss: 48.836, Trans_L2_m: 0.318, Yaw_err_deg: 1.172
Epoch: [15/23], Batch: 2200/2963, Loss: 52.264, Trans_L2_m: 0.376, Yaw_err_deg: 1.053
Epoch: [15/23], Batch: 2210/2963, Loss: 67.323, Trans_L2_m: 0.550, Yaw_err_deg: 1.232
Epoch: [15/23], Batch: 2220/2963, Loss: 55.423, Trans_L2_m: 0.344, Yaw_err_deg: 0.964
Epoch: [15/23], Batch: 2230/2963, Loss: 46.143, Trans_L2_m: 0.362, Yaw_err_deg: 0.697
Epoch: [15/23], Batch: 2240/2963, Loss: 63.970, Trans_L2_m: 0.274, Yaw_err_deg: 1.499
Epoch: [15/23], Batch: 2250/2963, Loss: 53.994, Trans_L2_m: 0.482, Yaw_err_deg: 0.977
Epoch: [15/23], Batch: 2260/2963, Loss: 92.327, Trans_L2_m: 0.461, Yaw_err_deg: 2.044
Epoch: [15/23], Batch: 2270/2963, Loss: 44.522, Trans_L2_m: 0.413, Yaw_err_deg: 0.610
Epoch: [15/23], Batch: 2280/2963, Loss: 54.345, Trans_L2_m: 0.445, Yaw_err_deg: 0.694
Epoch: [15/23], Batch: 2290/2963, Loss: 51.197, Trans_L2_m: 0.406, Yaw_err_deg: 0.945
Epoch: [15/23], Batch: 2300/2963, Loss: 48.835, Trans_L2_m: 0.318, Yaw_err_deg: 0.804
Epoch: [15/23], Batch: 2310/2963, Loss: 63.129, Trans_L2_m: 0.537, Yaw_err_deg: 1.116
Epoch: [15/23], Batch: 2320/2963, Loss: 57.943, Trans_L2_m: 0.395, Yaw_err_deg: 1.127
Epoch: [15/23], Batch: 2330/2963, Loss: 55.360, Trans_L2_m: 0.385, Yaw_err_deg: 1.357
Epoch: [15/23], Batch: 2340/2963, Loss: 61.348, Trans_L2_m: 0.621, Yaw_err_deg: 1.122
Epoch: [15/23], Batch: 2350/2963, Loss: 47.909, Trans_L2_m: 0.377, Yaw_err_deg: 0.925
Epoch: [15/23], Batch: 2360/2963, Loss: 45.628, Trans_L2_m: 0.401, Yaw_err_deg: 0.723
Epoch: [15/23], Batch: 2370/2963, Loss: 56.649, Trans_L2_m: 0.481, Yaw_err_deg: 1.056
Epoch: [15/23], Batch: 2380/2963, Loss: 49.626, Trans_L2_m: 0.422, Yaw_err_deg: 0.553
Epoch: [15/23], Batch: 2390/2963, Loss: 53.889, Trans_L2_m: 0.455, Yaw_err_deg: 0.759
Epoch: [15/23], Batch: 2400/2963, Loss: 56.799, Trans_L2_m: 0.435, Yaw_err_deg: 0.885
Epoch: [15/23], Batch: 2410/2963, Loss: 64.657, Trans_L2_m: 0.412, Yaw_err_deg: 1.183
Epoch: [15/23], Batch: 2420/2963, Loss: 40.501, Trans_L2_m: 0.350, Yaw_err_deg: 0.704
Epoch: [15/23], Batch: 2430/2963, Loss: 48.672, Trans_L2_m: 0.444, Yaw_err_deg: 0.890
Epoch: [15/23], Batch: 2440/2963, Loss: 52.312, Trans_L2_m: 0.491, Yaw_err_deg: 0.706
Epoch: [15/23], Batch: 2450/2963, Loss: 45.129, Trans_L2_m: 0.478, Yaw_err_deg: 0.629
Epoch: [15/23], Batch: 2460/2963, Loss: 52.221, Trans_L2_m: 0.348, Yaw_err_deg: 0.875
Epoch: [15/23], Batch: 2470/2963, Loss: 49.961, Trans_L2_m: 0.423, Yaw_err_deg: 0.924
Epoch: [15/23], Batch: 2480/2963, Loss: 51.241, Trans_L2_m: 0.368, Yaw_err_deg: 0.871
Epoch: [15/23], Batch: 2490/2963, Loss: 48.519, Trans_L2_m: 0.324, Yaw_err_deg: 0.846
Epoch: [15/23], Batch: 2500/2963, Loss: 48.049, Trans_L2_m: 0.330, Yaw_err_deg: 1.035
Epoch: [15/23], Batch: 2510/2963, Loss: 49.584, Trans_L2_m: 0.346, Yaw_err_deg: 1.111
Epoch: [15/23], Batch: 2520/2963, Loss: 43.714, Trans_L2_m: 0.362, Yaw_err_deg: 0.786
Epoch: [15/23], Batch: 2530/2963, Loss: 52.006, Trans_L2_m: 0.338, Yaw_err_deg: 1.124
Epoch: [15/23], Batch: 2540/2963, Loss: 44.891, Trans_L2_m: 0.390, Yaw_err_deg: 0.615
Epoch: [15/23], Batch: 2550/2963, Loss: 47.790, Trans_L2_m: 0.383, Yaw_err_deg: 0.844
Epoch: [15/23], Batch: 2560/2963, Loss: 53.728, Trans_L2_m: 0.414, Yaw_err_deg: 0.801
Epoch: [15/23], Batch: 2570/2963, Loss: 55.929, Trans_L2_m: 0.508, Yaw_err_deg: 1.008
Epoch: [15/23], Batch: 2580/2963, Loss: 61.573, Trans_L2_m: 0.502, Yaw_err_deg: 1.343
Epoch: [15/23], Batch: 2590/2963, Loss: 45.659, Trans_L2_m: 0.487, Yaw_err_deg: 0.713
Epoch: [15/23], Batch: 2600/2963, Loss: 54.493, Trans_L2_m: 0.526, Yaw_err_deg: 1.077
Epoch: [15/23], Batch: 2610/2963, Loss: 49.611, Trans_L2_m: 0.382, Yaw_err_deg: 0.712
Epoch: [15/23], Batch: 2620/2963, Loss: 66.333, Trans_L2_m: 0.406, Yaw_err_deg: 0.862
Epoch: [15/23], Batch: 2630/2963, Loss: 534.746, Trans_L2_m: 0.468, Yaw_err_deg: 0.744
Epoch: [15/23], Batch: 2640/2963, Loss: 53.219, Trans_L2_m: 0.438, Yaw_err_deg: 0.905
Epoch: [15/23], Batch: 2650/2963, Loss: 55.241, Trans_L2_m: 0.485, Yaw_err_deg: 0.921
Epoch: [15/23], Batch: 2660/2963, Loss: 55.255, Trans_L2_m: 0.402, Yaw_err_deg: 0.840
Epoch: [15/23], Batch: 2670/2963, Loss: 48.741, Trans_L2_m: 0.459, Yaw_err_deg: 0.845
Epoch: [15/23], Batch: 2680/2963, Loss: 54.516, Trans_L2_m: 0.433, Yaw_err_deg: 1.123
Epoch: [15/23], Batch: 2690/2963, Loss: 41.044, Trans_L2_m: 0.444, Yaw_err_deg: 0.639
Epoch: [15/23], Batch: 2700/2963, Loss: 53.705, Trans_L2_m: 0.444, Yaw_err_deg: 1.092
Epoch: [15/23], Batch: 2710/2963, Loss: 51.256, Trans_L2_m: 0.417, Yaw_err_deg: 0.863
Epoch: [15/23], Batch: 2720/2963, Loss: 48.740, Trans_L2_m: 0.503, Yaw_err_deg: 0.704
Epoch: [15/23], Batch: 2730/2963, Loss: 55.037, Trans_L2_m: 0.441, Yaw_err_deg: 1.087
Epoch: [15/23], Batch: 2740/2963, Loss: 40.120, Trans_L2_m: 0.395, Yaw_err_deg: 0.584
Epoch: [15/23], Batch: 2750/2963, Loss: 45.715, Trans_L2_m: 0.387, Yaw_err_deg: 0.829
Epoch: [15/23], Batch: 2760/2963, Loss: 50.781, Trans_L2_m: 0.296, Yaw_err_deg: 0.883
Epoch: [15/23], Batch: 2770/2963, Loss: 49.134, Trans_L2_m: 0.493, Yaw_err_deg: 0.722
Epoch: [15/23], Batch: 2780/2963, Loss: 52.788, Trans_L2_m: 0.509, Yaw_err_deg: 0.921
Epoch: [15/23], Batch: 2790/2963, Loss: 46.934, Trans_L2_m: 0.358, Yaw_err_deg: 0.775
Epoch: [15/23], Batch: 2800/2963, Loss: 45.305, Trans_L2_m: 0.423, Yaw_err_deg: 0.815
Epoch: [15/23], Batch: 2810/2963, Loss: 46.233, Trans_L2_m: 0.484, Yaw_err_deg: 0.807
Epoch: [15/23], Batch: 2820/2963, Loss: 64.618, Trans_L2_m: 0.401, Yaw_err_deg: 1.137
Epoch: [15/23], Batch: 2830/2963, Loss: 51.867, Trans_L2_m: 0.436, Yaw_err_deg: 0.789
Epoch: [15/23], Batch: 2840/2963, Loss: 49.491, Trans_L2_m: 0.504, Yaw_err_deg: 0.950
Epoch: [15/23], Batch: 2850/2963, Loss: 57.881, Trans_L2_m: 0.537, Yaw_err_deg: 0.906
Epoch: [15/23], Batch: 2860/2963, Loss: 54.125, Trans_L2_m: 0.496, Yaw_err_deg: 0.832
Epoch: [15/23], Batch: 2870/2963, Loss: 50.633, Trans_L2_m: 0.378, Yaw_err_deg: 0.988
Epoch: [15/23], Batch: 2880/2963, Loss: 48.115, Trans_L2_m: 0.440, Yaw_err_deg: 1.010
Epoch: [15/23], Batch: 2890/2963, Loss: 46.725, Trans_L2_m: 0.496, Yaw_err_deg: 0.656
Epoch: [15/23], Batch: 2900/2963, Loss: 54.278, Trans_L2_m: 0.401, Yaw_err_deg: 0.954
Epoch: [15/23], Batch: 2910/2963, Loss: 50.439, Trans_L2_m: 0.409, Yaw_err_deg: 1.202
Epoch: [15/23], Batch: 2920/2963, Loss: 49.101, Trans_L2_m: 0.510, Yaw_err_deg: 0.799
Epoch: [15/23], Batch: 2930/2963, Loss: 47.109, Trans_L2_m: 0.441, Yaw_err_deg: 0.604
Epoch: [15/23], Batch: 2940/2963, Loss: 51.150, Trans_L2_m: 0.537, Yaw_err_deg: 0.885
Epoch: [15/23], Batch: 2950/2963, Loss: 51.604, Trans_L2_m: 0.410, Yaw_err_deg: 0.864
Epoch: [15/23], Batch: 2960/2963, Loss: 57.390, Trans_L2_m: 0.535, Yaw_err_deg: 0.918
Validation loss (homography): 895.1784
Avg batch time: 967.28 ms, total: 313.493 s
[1;91mVal has no improvement vs 799.3275146484375![0m
Epoch: [16/23], Batch: 0/2963, Loss: 51.203, Trans_L2_m: 0.409, Yaw_err_deg: 0.727
Epoch: [16/23], Batch: 10/2963, Loss: 59.884, Trans_L2_m: 0.490, Yaw_err_deg: 0.971
Epoch: [16/23], Batch: 20/2963, Loss: 46.991, Trans_L2_m: 0.385, Yaw_err_deg: 0.796
Epoch: [16/23], Batch: 30/2963, Loss: 56.436, Trans_L2_m: 0.518, Yaw_err_deg: 0.922
Epoch: [16/23], Batch: 40/2963, Loss: 54.116, Trans_L2_m: 0.518, Yaw_err_deg: 1.020
Epoch: [16/23], Batch: 50/2963, Loss: 49.664, Trans_L2_m: 0.494, Yaw_err_deg: 0.959
Epoch: [16/23], Batch: 60/2963, Loss: 51.131, Trans_L2_m: 0.401, Yaw_err_deg: 0.731
Epoch: [16/23], Batch: 70/2963, Loss: 49.145, Trans_L2_m: 0.368, Yaw_err_deg: 0.649
Epoch: [16/23], Batch: 80/2963, Loss: 58.754, Trans_L2_m: 0.452, Yaw_err_deg: 0.987
Epoch: [16/23], Batch: 90/2963, Loss: 54.646, Trans_L2_m: 0.537, Yaw_err_deg: 0.805
Epoch: [16/23], Batch: 100/2963, Loss: 76.727, Trans_L2_m: 0.561, Yaw_err_deg: 1.543
Epoch: [16/23], Batch: 110/2963, Loss: 51.774, Trans_L2_m: 0.441, Yaw_err_deg: 0.776
Epoch: [16/23], Batch: 120/2963, Loss: 55.040, Trans_L2_m: 0.405, Yaw_err_deg: 1.045
Epoch: [16/23], Batch: 130/2963, Loss: 52.481, Trans_L2_m: 0.514, Yaw_err_deg: 0.743
Epoch: [16/23], Batch: 140/2963, Loss: 46.360, Trans_L2_m: 0.320, Yaw_err_deg: 0.829
Epoch: [16/23], Batch: 150/2963, Loss: 49.431, Trans_L2_m: 0.458, Yaw_err_deg: 0.719
Epoch: [16/23], Batch: 160/2963, Loss: 50.144, Trans_L2_m: 0.500, Yaw_err_deg: 0.797
Epoch: [16/23], Batch: 170/2963, Loss: 50.010, Trans_L2_m: 0.433, Yaw_err_deg: 0.987
Epoch: [16/23], Batch: 180/2963, Loss: 52.409, Trans_L2_m: 0.369, Yaw_err_deg: 0.994
Epoch: [16/23], Batch: 190/2963, Loss: 50.475, Trans_L2_m: 0.274, Yaw_err_deg: 1.102
Epoch: [16/23], Batch: 200/2963, Loss: 52.118, Trans_L2_m: 0.410, Yaw_err_deg: 1.025
Epoch: [16/23], Batch: 210/2963, Loss: 50.245, Trans_L2_m: 0.359, Yaw_err_deg: 0.886
Epoch: [16/23], Batch: 220/2963, Loss: 60.405, Trans_L2_m: 0.475, Yaw_err_deg: 0.994
Epoch: [16/23], Batch: 230/2963, Loss: 52.285, Trans_L2_m: 0.340, Yaw_err_deg: 1.070
Epoch: [16/23], Batch: 240/2963, Loss: 54.292, Trans_L2_m: 0.489, Yaw_err_deg: 0.609
Epoch: [16/23], Batch: 250/2963, Loss: 55.094, Trans_L2_m: 0.446, Yaw_err_deg: 0.943
Epoch: [16/23], Batch: 260/2963, Loss: 57.276, Trans_L2_m: 0.471, Yaw_err_deg: 1.026
Epoch: [16/23], Batch: 270/2963, Loss: 56.161, Trans_L2_m: 0.508, Yaw_err_deg: 0.739
Epoch: [16/23], Batch: 280/2963, Loss: 45.058, Trans_L2_m: 0.503, Yaw_err_deg: 0.686
Epoch: [16/23], Batch: 290/2963, Loss: 55.184, Trans_L2_m: 0.432, Yaw_err_deg: 0.992
Epoch: [16/23], Batch: 300/2963, Loss: 57.428, Trans_L2_m: 0.481, Yaw_err_deg: 0.705
Epoch: [16/23], Batch: 310/2963, Loss: 54.960, Trans_L2_m: 0.369, Yaw_err_deg: 0.831
Epoch: [16/23], Batch: 320/2963, Loss: 43.049, Trans_L2_m: 0.306, Yaw_err_deg: 0.764
Epoch: [16/23], Batch: 330/2963, Loss: 43.928, Trans_L2_m: 0.431, Yaw_err_deg: 0.501
Epoch: [16/23], Batch: 340/2963, Loss: 113.683, Trans_L2_m: 0.461, Yaw_err_deg: 1.850
Epoch: [16/23], Batch: 350/2963, Loss: 53.206, Trans_L2_m: 0.371, Yaw_err_deg: 0.800
Epoch: [16/23], Batch: 360/2963, Loss: 104.796, Trans_L2_m: 0.349, Yaw_err_deg: 1.771
Epoch: [16/23], Batch: 370/2963, Loss: 45.987, Trans_L2_m: 0.412, Yaw_err_deg: 0.823
Epoch: [16/23], Batch: 380/2963, Loss: 51.497, Trans_L2_m: 0.327, Yaw_err_deg: 1.071
Epoch: [16/23], Batch: 390/2963, Loss: 55.201, Trans_L2_m: 0.407, Yaw_err_deg: 1.200
Epoch: [16/23], Batch: 400/2963, Loss: 46.931, Trans_L2_m: 0.450, Yaw_err_deg: 0.892
Epoch: [16/23], Batch: 410/2963, Loss: 58.205, Trans_L2_m: 0.508, Yaw_err_deg: 1.149
Epoch: [16/23], Batch: 420/2963, Loss: 54.253, Trans_L2_m: 0.542, Yaw_err_deg: 0.915
Epoch: [16/23], Batch: 430/2963, Loss: 45.958, Trans_L2_m: 0.362, Yaw_err_deg: 1.017
Epoch: [16/23], Batch: 440/2963, Loss: 45.370, Trans_L2_m: 0.406, Yaw_err_deg: 1.114
Epoch: [16/23], Batch: 450/2963, Loss: 50.176, Trans_L2_m: 0.334, Yaw_err_deg: 0.783
Epoch: [16/23], Batch: 460/2963, Loss: 45.379, Trans_L2_m: 0.457, Yaw_err_deg: 0.544
Epoch: [16/23], Batch: 470/2963, Loss: 42.264, Trans_L2_m: 0.377, Yaw_err_deg: 0.839
Epoch: [16/23], Batch: 480/2963, Loss: 156.380, Trans_L2_m: 0.413, Yaw_err_deg: 2.004
Epoch: [16/23], Batch: 490/2963, Loss: 53.958, Trans_L2_m: 0.410, Yaw_err_deg: 1.230
Epoch: [16/23], Batch: 500/2963, Loss: 51.323, Trans_L2_m: 0.482, Yaw_err_deg: 0.939
Epoch: [16/23], Batch: 510/2963, Loss: 42.283, Trans_L2_m: 0.307, Yaw_err_deg: 0.730
Epoch: [16/23], Batch: 520/2963, Loss: 52.221, Trans_L2_m: 0.467, Yaw_err_deg: 1.023
Epoch: [16/23], Batch: 530/2963, Loss: 42.011, Trans_L2_m: 0.320, Yaw_err_deg: 0.616
Epoch: [16/23], Batch: 540/2963, Loss: 49.089, Trans_L2_m: 0.383, Yaw_err_deg: 0.705
Epoch: [16/23], Batch: 550/2963, Loss: 58.648, Trans_L2_m: 0.317, Yaw_err_deg: 1.566
Epoch: [16/23], Batch: 560/2963, Loss: 53.463, Trans_L2_m: 0.564, Yaw_err_deg: 0.980
Epoch: [16/23], Batch: 570/2963, Loss: 54.547, Trans_L2_m: 0.550, Yaw_err_deg: 1.048
Epoch: [16/23], Batch: 580/2963, Loss: 44.866, Trans_L2_m: 0.469, Yaw_err_deg: 0.650
Epoch: [16/23], Batch: 590/2963, Loss: 59.438, Trans_L2_m: 0.421, Yaw_err_deg: 1.169
Epoch: [16/23], Batch: 600/2963, Loss: 55.459, Trans_L2_m: 0.465, Yaw_err_deg: 1.114
Epoch: [16/23], Batch: 610/2963, Loss: 53.054, Trans_L2_m: 0.373, Yaw_err_deg: 0.853
Epoch: [16/23], Batch: 620/2963, Loss: 57.300, Trans_L2_m: 0.418, Yaw_err_deg: 1.183
Epoch: [16/23], Batch: 630/2963, Loss: 52.725, Trans_L2_m: 0.368, Yaw_err_deg: 1.110
Epoch: [16/23], Batch: 640/2963, Loss: 46.598, Trans_L2_m: 0.376, Yaw_err_deg: 0.833
Epoch: [16/23], Batch: 650/2963, Loss: 50.483, Trans_L2_m: 0.542, Yaw_err_deg: 0.611
Epoch: [16/23], Batch: 660/2963, Loss: 56.515, Trans_L2_m: 0.361, Yaw_err_deg: 1.333
Epoch: [16/23], Batch: 670/2963, Loss: 52.929, Trans_L2_m: 0.469, Yaw_err_deg: 0.678
Epoch: [16/23], Batch: 680/2963, Loss: 52.515, Trans_L2_m: 0.458, Yaw_err_deg: 0.958
Epoch: [16/23], Batch: 690/2963, Loss: 48.248, Trans_L2_m: 0.398, Yaw_err_deg: 0.929
Epoch: [16/23], Batch: 700/2963, Loss: 46.947, Trans_L2_m: 0.345, Yaw_err_deg: 1.005
Epoch: [16/23], Batch: 710/2963, Loss: 60.443, Trans_L2_m: 0.471, Yaw_err_deg: 1.175
Epoch: [16/23], Batch: 720/2963, Loss: 59.568, Trans_L2_m: 0.447, Yaw_err_deg: 0.993
Epoch: [16/23], Batch: 730/2963, Loss: 55.214, Trans_L2_m: 0.562, Yaw_err_deg: 0.892
Epoch: [16/23], Batch: 740/2963, Loss: 45.681, Trans_L2_m: 0.426, Yaw_err_deg: 0.545
Epoch: [16/23], Batch: 750/2963, Loss: 61.553, Trans_L2_m: 0.484, Yaw_err_deg: 1.121
Epoch: [16/23], Batch: 760/2963, Loss: 47.621, Trans_L2_m: 0.388, Yaw_err_deg: 0.933
Epoch: [16/23], Batch: 770/2963, Loss: 46.323, Trans_L2_m: 0.429, Yaw_err_deg: 0.751
Epoch: [16/23], Batch: 780/2963, Loss: 50.139, Trans_L2_m: 0.542, Yaw_err_deg: 0.610
Epoch: [16/23], Batch: 790/2963, Loss: 41.799, Trans_L2_m: 0.310, Yaw_err_deg: 0.715
Epoch: [16/23], Batch: 800/2963, Loss: 46.843, Trans_L2_m: 0.398, Yaw_err_deg: 0.663
Epoch: [16/23], Batch: 810/2963, Loss: 45.248, Trans_L2_m: 0.389, Yaw_err_deg: 0.648
Epoch: [16/23], Batch: 820/2963, Loss: 45.154, Trans_L2_m: 0.456, Yaw_err_deg: 0.730
Epoch: [16/23], Batch: 830/2963, Loss: 56.516, Trans_L2_m: 0.569, Yaw_err_deg: 0.991
Epoch: [16/23], Batch: 840/2963, Loss: 49.837, Trans_L2_m: 0.333, Yaw_err_deg: 0.915
Epoch: [16/23], Batch: 850/2963, Loss: 48.880, Trans_L2_m: 0.404, Yaw_err_deg: 0.733
Epoch: [16/23], Batch: 860/2963, Loss: 52.713, Trans_L2_m: 0.455, Yaw_err_deg: 0.998
Epoch: [16/23], Batch: 870/2963, Loss: 50.504, Trans_L2_m: 0.463, Yaw_err_deg: 0.837
Epoch: [16/23], Batch: 880/2963, Loss: 48.113, Trans_L2_m: 0.557, Yaw_err_deg: 0.650
Epoch: [16/23], Batch: 890/2963, Loss: 51.632, Trans_L2_m: 0.338, Yaw_err_deg: 0.943
Epoch: [16/23], Batch: 900/2963, Loss: 41.931, Trans_L2_m: 0.363, Yaw_err_deg: 0.688
Epoch: [16/23], Batch: 910/2963, Loss: 47.859, Trans_L2_m: 0.422, Yaw_err_deg: 0.773
Epoch: [16/23], Batch: 920/2963, Loss: 46.209, Trans_L2_m: 0.331, Yaw_err_deg: 0.776
Epoch: [16/23], Batch: 930/2963, Loss: 54.641, Trans_L2_m: 0.516, Yaw_err_deg: 0.560
Epoch: [16/23], Batch: 940/2963, Loss: 43.630, Trans_L2_m: 0.324, Yaw_err_deg: 0.756
Epoch: [16/23], Batch: 950/2963, Loss: 53.192, Trans_L2_m: 0.460, Yaw_err_deg: 0.974
Epoch: [16/23], Batch: 960/2963, Loss: 45.354, Trans_L2_m: 0.304, Yaw_err_deg: 0.998
Epoch: [16/23], Batch: 970/2963, Loss: 63.450, Trans_L2_m: 0.563, Yaw_err_deg: 1.277
Epoch: [16/23], Batch: 980/2963, Loss: 47.995, Trans_L2_m: 0.244, Yaw_err_deg: 0.750
Epoch: [16/23], Batch: 990/2963, Loss: 45.131, Trans_L2_m: 0.410, Yaw_err_deg: 0.762
Epoch: [16/23], Batch: 1000/2963, Loss: 48.931, Trans_L2_m: 0.401, Yaw_err_deg: 0.864
Epoch: [16/23], Batch: 1010/2963, Loss: 45.460, Trans_L2_m: 0.457, Yaw_err_deg: 0.570
Epoch: [16/23], Batch: 1020/2963, Loss: 53.384, Trans_L2_m: 0.401, Yaw_err_deg: 1.205
Epoch: [16/23], Batch: 1030/2963, Loss: 43.079, Trans_L2_m: 0.412, Yaw_err_deg: 0.631
Epoch: [16/23], Batch: 1040/2963, Loss: 61.816, Trans_L2_m: 0.450, Yaw_err_deg: 0.985
Epoch: [16/23], Batch: 1050/2963, Loss: 51.189, Trans_L2_m: 0.347, Yaw_err_deg: 0.897
Epoch: [16/23], Batch: 1060/2963, Loss: 53.950, Trans_L2_m: 0.501, Yaw_err_deg: 0.702
Epoch: [16/23], Batch: 1070/2963, Loss: 55.361, Trans_L2_m: 0.382, Yaw_err_deg: 1.326
Epoch: [16/23], Batch: 1080/2963, Loss: 47.622, Trans_L2_m: 0.335, Yaw_err_deg: 0.727
Epoch: [16/23], Batch: 1090/2963, Loss: 50.239, Trans_L2_m: 0.519, Yaw_err_deg: 0.823
Epoch: [16/23], Batch: 1100/2963, Loss: 50.909, Trans_L2_m: 0.429, Yaw_err_deg: 1.102
Epoch: [16/23], Batch: 1110/2963, Loss: 50.075, Trans_L2_m: 0.332, Yaw_err_deg: 0.775
Epoch: [16/23], Batch: 1120/2963, Loss: 54.649, Trans_L2_m: 0.399, Yaw_err_deg: 1.484
Epoch: [16/23], Batch: 1130/2963, Loss: 46.184, Trans_L2_m: 0.350, Yaw_err_deg: 0.830
Epoch: [16/23], Batch: 1140/2963, Loss: 46.666, Trans_L2_m: 0.461, Yaw_err_deg: 0.635
Epoch: [16/23], Batch: 1150/2963, Loss: 52.730, Trans_L2_m: 0.234, Yaw_err_deg: 0.936
Epoch: [16/23], Batch: 1160/2963, Loss: 52.961, Trans_L2_m: 0.365, Yaw_err_deg: 0.986
Epoch: [16/23], Batch: 1170/2963, Loss: 44.750, Trans_L2_m: 0.272, Yaw_err_deg: 0.758
Epoch: [16/23], Batch: 1180/2963, Loss: 52.427, Trans_L2_m: 0.340, Yaw_err_deg: 0.706
Epoch: [16/23], Batch: 1190/2963, Loss: 47.108, Trans_L2_m: 0.406, Yaw_err_deg: 0.558
Epoch: [16/23], Batch: 1200/2963, Loss: 53.184, Trans_L2_m: 0.370, Yaw_err_deg: 1.163
Epoch: [16/23], Batch: 1210/2963, Loss: 61.692, Trans_L2_m: 0.446, Yaw_err_deg: 0.931
Epoch: [16/23], Batch: 1220/2963, Loss: 53.022, Trans_L2_m: 0.420, Yaw_err_deg: 1.018
Epoch: [16/23], Batch: 1230/2963, Loss: 66.818, Trans_L2_m: 0.425, Yaw_err_deg: 1.369
Epoch: [16/23], Batch: 1240/2963, Loss: 58.242, Trans_L2_m: 0.564, Yaw_err_deg: 1.031
Epoch: [16/23], Batch: 1250/2963, Loss: 74.105, Trans_L2_m: 0.426, Yaw_err_deg: 1.837
Epoch: [16/23], Batch: 1260/2963, Loss: 52.169, Trans_L2_m: 0.420, Yaw_err_deg: 1.001
Epoch: [16/23], Batch: 1270/2963, Loss: 54.673, Trans_L2_m: 0.407, Yaw_err_deg: 0.815
Epoch: [16/23], Batch: 1280/2963, Loss: 49.060, Trans_L2_m: 0.425, Yaw_err_deg: 1.195
Epoch: [16/23], Batch: 1290/2963, Loss: 52.945, Trans_L2_m: 0.381, Yaw_err_deg: 0.650
Epoch: [16/23], Batch: 1300/2963, Loss: 48.811, Trans_L2_m: 0.367, Yaw_err_deg: 0.663
Epoch: [16/23], Batch: 1310/2963, Loss: 52.561, Trans_L2_m: 0.426, Yaw_err_deg: 0.939
Epoch: [16/23], Batch: 1320/2963, Loss: 45.430, Trans_L2_m: 0.413, Yaw_err_deg: 0.485
Epoch: [16/23], Batch: 1330/2963, Loss: 56.029, Trans_L2_m: 0.522, Yaw_err_deg: 0.837
Epoch: [16/23], Batch: 1340/2963, Loss: 52.479, Trans_L2_m: 0.402, Yaw_err_deg: 1.118
Epoch: [16/23], Batch: 1350/2963, Loss: 51.134, Trans_L2_m: 0.420, Yaw_err_deg: 1.022
Epoch: [16/23], Batch: 1360/2963, Loss: 48.915, Trans_L2_m: 0.315, Yaw_err_deg: 0.746
Epoch: [16/23], Batch: 1370/2963, Loss: 56.709, Trans_L2_m: 0.383, Yaw_err_deg: 1.175
Epoch: [16/23], Batch: 1380/2963, Loss: 46.709, Trans_L2_m: 0.321, Yaw_err_deg: 0.705
Epoch: [16/23], Batch: 1390/2963, Loss: 52.140, Trans_L2_m: 0.471, Yaw_err_deg: 0.865
Epoch: [16/23], Batch: 1400/2963, Loss: 49.176, Trans_L2_m: 0.470, Yaw_err_deg: 0.745
Epoch: [16/23], Batch: 1410/2963, Loss: 52.411, Trans_L2_m: 0.393, Yaw_err_deg: 1.275
Epoch: [16/23], Batch: 1420/2963, Loss: 52.548, Trans_L2_m: 0.409, Yaw_err_deg: 1.149
Epoch: [16/23], Batch: 1430/2963, Loss: 83.112, Trans_L2_m: 0.579, Yaw_err_deg: 1.246
Epoch: [16/23], Batch: 1440/2963, Loss: 54.053, Trans_L2_m: 0.366, Yaw_err_deg: 1.223
Epoch: [16/23], Batch: 1450/2963, Loss: 51.425, Trans_L2_m: 0.369, Yaw_err_deg: 0.812
Epoch: [16/23], Batch: 1460/2963, Loss: 46.506, Trans_L2_m: 0.402, Yaw_err_deg: 0.568
Epoch: [16/23], Batch: 1470/2963, Loss: 46.241, Trans_L2_m: 0.278, Yaw_err_deg: 0.888
Epoch: [16/23], Batch: 1480/2963, Loss: 55.601, Trans_L2_m: 0.354, Yaw_err_deg: 1.055
Epoch: [16/23], Batch: 1490/2963, Loss: 79.968, Trans_L2_m: 0.367, Yaw_err_deg: 1.866
Epoch: [16/23], Batch: 1500/2963, Loss: 50.291, Trans_L2_m: 0.341, Yaw_err_deg: 1.135
Epoch: [16/23], Batch: 1510/2963, Loss: 50.553, Trans_L2_m: 0.380, Yaw_err_deg: 0.802
Epoch: [16/23], Batch: 1520/2963, Loss: 41.064, Trans_L2_m: 0.315, Yaw_err_deg: 0.694
Epoch: [16/23], Batch: 1530/2963, Loss: 51.763, Trans_L2_m: 0.495, Yaw_err_deg: 0.883
Epoch: [16/23], Batch: 1540/2963, Loss: 56.378, Trans_L2_m: 0.548, Yaw_err_deg: 0.993
Epoch: [16/23], Batch: 1550/2963, Loss: 49.138, Trans_L2_m: 0.418, Yaw_err_deg: 0.736
Epoch: [16/23], Batch: 1560/2963, Loss: 42.595, Trans_L2_m: 0.339, Yaw_err_deg: 0.824
Epoch: [16/23], Batch: 1570/2963, Loss: 62.402, Trans_L2_m: 0.490, Yaw_err_deg: 1.321
Epoch: [16/23], Batch: 1580/2963, Loss: 68.801, Trans_L2_m: 0.360, Yaw_err_deg: 1.063
Epoch: [16/23], Batch: 1590/2963, Loss: 52.449, Trans_L2_m: 0.584, Yaw_err_deg: 0.768
Epoch: [16/23], Batch: 1600/2963, Loss: 46.104, Trans_L2_m: 0.488, Yaw_err_deg: 0.789
Epoch: [16/23], Batch: 1610/2963, Loss: 41.600, Trans_L2_m: 0.416, Yaw_err_deg: 0.862
Epoch: [16/23], Batch: 1620/2963, Loss: 45.636, Trans_L2_m: 0.337, Yaw_err_deg: 0.896
Epoch: [16/23], Batch: 1630/2963, Loss: 46.557, Trans_L2_m: 0.402, Yaw_err_deg: 0.993
Epoch: [16/23], Batch: 1640/2963, Loss: 42.658, Trans_L2_m: 0.384, Yaw_err_deg: 0.766
Epoch: [16/23], Batch: 1650/2963, Loss: 48.751, Trans_L2_m: 0.385, Yaw_err_deg: 0.588
Epoch: [16/23], Batch: 1660/2963, Loss: 49.017, Trans_L2_m: 0.452, Yaw_err_deg: 0.592
Epoch: [16/23], Batch: 1670/2963, Loss: 51.422, Trans_L2_m: 0.497, Yaw_err_deg: 0.931
Epoch: [16/23], Batch: 1680/2963, Loss: 46.344, Trans_L2_m: 0.397, Yaw_err_deg: 0.678
Epoch: [16/23], Batch: 1690/2963, Loss: 50.112, Trans_L2_m: 0.351, Yaw_err_deg: 0.797
Epoch: [16/23], Batch: 1700/2963, Loss: 57.695, Trans_L2_m: 0.509, Yaw_err_deg: 0.745
Epoch: [16/23], Batch: 1710/2963, Loss: 60.009, Trans_L2_m: 0.412, Yaw_err_deg: 1.180
Epoch: [16/23], Batch: 1720/2963, Loss: 47.226, Trans_L2_m: 0.391, Yaw_err_deg: 0.814
Epoch: [16/23], Batch: 1730/2963, Loss: 48.213, Trans_L2_m: 0.594, Yaw_err_deg: 0.698
Epoch: [16/23], Batch: 1740/2963, Loss: 52.365, Trans_L2_m: 0.537, Yaw_err_deg: 1.130
Epoch: [16/23], Batch: 1750/2963, Loss: 45.739, Trans_L2_m: 0.439, Yaw_err_deg: 0.774
Epoch: [16/23], Batch: 1760/2963, Loss: 68.716, Trans_L2_m: 0.574, Yaw_err_deg: 1.311
Epoch: [16/23], Batch: 1770/2963, Loss: 57.830, Trans_L2_m: 0.349, Yaw_err_deg: 0.926
Epoch: [16/23], Batch: 1780/2963, Loss: 55.923, Trans_L2_m: 0.466, Yaw_err_deg: 0.829
Epoch: [16/23], Batch: 1790/2963, Loss: 56.325, Trans_L2_m: 0.361, Yaw_err_deg: 0.928
Epoch: [16/23], Batch: 1800/2963, Loss: 50.691, Trans_L2_m: 0.385, Yaw_err_deg: 0.868
Epoch: [16/23], Batch: 1810/2963, Loss: 67.961, Trans_L2_m: 0.367, Yaw_err_deg: 1.260
Epoch: [16/23], Batch: 1820/2963, Loss: 48.641, Trans_L2_m: 0.390, Yaw_err_deg: 0.824
Epoch: [16/23], Batch: 1830/2963, Loss: 51.659, Trans_L2_m: 0.519, Yaw_err_deg: 0.972
Epoch: [16/23], Batch: 1840/2963, Loss: 55.573, Trans_L2_m: 0.446, Yaw_err_deg: 0.946
Epoch: [16/23], Batch: 1850/2963, Loss: 54.394, Trans_L2_m: 0.384, Yaw_err_deg: 0.872
Epoch: [16/23], Batch: 1860/2963, Loss: 68.863, Trans_L2_m: 0.425, Yaw_err_deg: 1.676
Epoch: [16/23], Batch: 1870/2963, Loss: 44.840, Trans_L2_m: 0.304, Yaw_err_deg: 0.939
Epoch: [16/23], Batch: 1880/2963, Loss: 49.483, Trans_L2_m: 0.422, Yaw_err_deg: 0.699
Epoch: [16/23], Batch: 1890/2963, Loss: 58.548, Trans_L2_m: 0.443, Yaw_err_deg: 0.959
Epoch: [16/23], Batch: 1900/2963, Loss: 40.688, Trans_L2_m: 0.292, Yaw_err_deg: 0.684
Epoch: [16/23], Batch: 1910/2963, Loss: 61.520, Trans_L2_m: 0.582, Yaw_err_deg: 1.158
Epoch: [16/23], Batch: 1920/2963, Loss: 48.710, Trans_L2_m: 0.548, Yaw_err_deg: 0.647
Epoch: [16/23], Batch: 1930/2963, Loss: 47.748, Trans_L2_m: 0.484, Yaw_err_deg: 0.854
Epoch: [16/23], Batch: 1940/2963, Loss: 47.611, Trans_L2_m: 0.389, Yaw_err_deg: 0.952
Epoch: [16/23], Batch: 1950/2963, Loss: 48.942, Trans_L2_m: 0.478, Yaw_err_deg: 0.961
Epoch: [16/23], Batch: 1960/2963, Loss: 63.057, Trans_L2_m: 0.483, Yaw_err_deg: 1.027
Epoch: [16/23], Batch: 1970/2963, Loss: 48.991, Trans_L2_m: 0.499, Yaw_err_deg: 0.734
Epoch: [16/23], Batch: 1980/2963, Loss: 46.488, Trans_L2_m: 0.412, Yaw_err_deg: 0.867
Epoch: [16/23], Batch: 1990/2963, Loss: 53.292, Trans_L2_m: 0.479, Yaw_err_deg: 1.126
Epoch: [16/23], Batch: 2000/2963, Loss: 45.853, Trans_L2_m: 0.557, Yaw_err_deg: 0.692
Epoch: [16/23], Batch: 2010/2963, Loss: 57.937, Trans_L2_m: 0.475, Yaw_err_deg: 1.075
Epoch: [16/23], Batch: 2020/2963, Loss: 50.838, Trans_L2_m: 0.438, Yaw_err_deg: 0.844
Epoch: [16/23], Batch: 2030/2963, Loss: 48.242, Trans_L2_m: 0.404, Yaw_err_deg: 0.844
Epoch: [16/23], Batch: 2040/2963, Loss: 40.472, Trans_L2_m: 0.305, Yaw_err_deg: 0.744
Epoch: [16/23], Batch: 2050/2963, Loss: 46.666, Trans_L2_m: 0.341, Yaw_err_deg: 0.961
Epoch: [16/23], Batch: 2060/2963, Loss: 55.590, Trans_L2_m: 0.524, Yaw_err_deg: 1.080
Epoch: [16/23], Batch: 2070/2963, Loss: 44.613, Trans_L2_m: 0.352, Yaw_err_deg: 0.823
Epoch: [16/23], Batch: 2080/2963, Loss: 45.966, Trans_L2_m: 0.497, Yaw_err_deg: 0.652
Epoch: [16/23], Batch: 2090/2963, Loss: 58.327, Trans_L2_m: 0.418, Yaw_err_deg: 0.927
Epoch: [16/23], Batch: 2100/2963, Loss: 45.345, Trans_L2_m: 0.408, Yaw_err_deg: 0.734
Epoch: [16/23], Batch: 2110/2963, Loss: 48.935, Trans_L2_m: 0.508, Yaw_err_deg: 0.633
Epoch: [16/23], Batch: 2120/2963, Loss: 44.089, Trans_L2_m: 0.561, Yaw_err_deg: 0.487
Epoch: [16/23], Batch: 2130/2963, Loss: 51.406, Trans_L2_m: 0.424, Yaw_err_deg: 0.887
Epoch: [16/23], Batch: 2140/2963, Loss: 50.196, Trans_L2_m: 0.387, Yaw_err_deg: 0.784
Epoch: [16/23], Batch: 2150/2963, Loss: 57.641, Trans_L2_m: 0.392, Yaw_err_deg: 0.950
Epoch: [16/23], Batch: 2160/2963, Loss: 44.823, Trans_L2_m: 0.369, Yaw_err_deg: 0.606
Epoch: [16/23], Batch: 2170/2963, Loss: 48.757, Trans_L2_m: 0.391, Yaw_err_deg: 0.764
Epoch: [16/23], Batch: 2180/2963, Loss: 54.475, Trans_L2_m: 0.305, Yaw_err_deg: 1.245
Epoch: [16/23], Batch: 2190/2963, Loss: 50.039, Trans_L2_m: 0.461, Yaw_err_deg: 0.924
Epoch: [16/23], Batch: 2200/2963, Loss: 49.794, Trans_L2_m: 0.432, Yaw_err_deg: 0.802
Epoch: [16/23], Batch: 2210/2963, Loss: 53.431, Trans_L2_m: 0.443, Yaw_err_deg: 0.830
Epoch: [16/23], Batch: 2220/2963, Loss: 39.215, Trans_L2_m: 0.322, Yaw_err_deg: 0.483
Epoch: [16/23], Batch: 2230/2963, Loss: 46.226, Trans_L2_m: 0.370, Yaw_err_deg: 0.836
Epoch: [16/23], Batch: 2240/2963, Loss: 65.964, Trans_L2_m: 0.546, Yaw_err_deg: 1.345
Epoch: [16/23], Batch: 2250/2963, Loss: 51.948, Trans_L2_m: 0.442, Yaw_err_deg: 0.937
Epoch: [16/23], Batch: 2260/2963, Loss: 54.190, Trans_L2_m: 0.345, Yaw_err_deg: 1.018
Epoch: [16/23], Batch: 2270/2963, Loss: 51.190, Trans_L2_m: 0.371, Yaw_err_deg: 0.871
Epoch: [16/23], Batch: 2280/2963, Loss: 95.058, Trans_L2_m: 0.453, Yaw_err_deg: 1.417
Epoch: [16/23], Batch: 2290/2963, Loss: 52.513, Trans_L2_m: 0.411, Yaw_err_deg: 0.965
Epoch: [16/23], Batch: 2300/2963, Loss: 49.946, Trans_L2_m: 0.402, Yaw_err_deg: 1.106
Epoch: [16/23], Batch: 2310/2963, Loss: 44.823, Trans_L2_m: 0.483, Yaw_err_deg: 0.390
Epoch: [16/23], Batch: 2320/2963, Loss: 41.175, Trans_L2_m: 0.369, Yaw_err_deg: 0.679
Epoch: [16/23], Batch: 2330/2963, Loss: 44.965, Trans_L2_m: 0.370, Yaw_err_deg: 0.718
Epoch: [16/23], Batch: 2340/2963, Loss: 45.912, Trans_L2_m: 0.375, Yaw_err_deg: 0.463
Epoch: [16/23], Batch: 2350/2963, Loss: 50.465, Trans_L2_m: 0.469, Yaw_err_deg: 0.776
Epoch: [16/23], Batch: 2360/2963, Loss: 53.835, Trans_L2_m: 0.372, Yaw_err_deg: 0.775
Epoch: [16/23], Batch: 2370/2963, Loss: 42.995, Trans_L2_m: 0.397, Yaw_err_deg: 0.792
Epoch: [16/23], Batch: 2380/2963, Loss: 46.358, Trans_L2_m: 0.341, Yaw_err_deg: 0.731
Epoch: [16/23], Batch: 2390/2963, Loss: 66.103, Trans_L2_m: 0.475, Yaw_err_deg: 1.369
Epoch: [16/23], Batch: 2400/2963, Loss: 58.483, Trans_L2_m: 0.496, Yaw_err_deg: 0.973
Epoch: [16/23], Batch: 2410/2963, Loss: 47.387, Trans_L2_m: 0.376, Yaw_err_deg: 0.820
Epoch: [16/23], Batch: 2420/2963, Loss: 60.434, Trans_L2_m: 0.392, Yaw_err_deg: 1.556
Epoch: [16/23], Batch: 2430/2963, Loss: 54.473, Trans_L2_m: 0.313, Yaw_err_deg: 1.190
Epoch: [16/23], Batch: 2440/2963, Loss: 51.952, Trans_L2_m: 0.511, Yaw_err_deg: 1.008
Epoch: [16/23], Batch: 2450/2963, Loss: 56.837, Trans_L2_m: 0.340, Yaw_err_deg: 1.177
Epoch: [16/23], Batch: 2460/2963, Loss: 69.010, Trans_L2_m: 0.376, Yaw_err_deg: 0.922
Epoch: [16/23], Batch: 2470/2963, Loss: 49.754, Trans_L2_m: 0.454, Yaw_err_deg: 0.894
Epoch: [16/23], Batch: 2480/2963, Loss: 97.599, Trans_L2_m: 0.582, Yaw_err_deg: 1.596
Epoch: [16/23], Batch: 2490/2963, Loss: 50.713, Trans_L2_m: 0.320, Yaw_err_deg: 1.050
Epoch: [16/23], Batch: 2500/2963, Loss: 44.583, Trans_L2_m: 0.361, Yaw_err_deg: 0.798
Epoch: [16/23], Batch: 2510/2963, Loss: 63.427, Trans_L2_m: 0.370, Yaw_err_deg: 1.432
Epoch: [16/23], Batch: 2520/2963, Loss: 51.928, Trans_L2_m: 0.358, Yaw_err_deg: 0.969
Epoch: [16/23], Batch: 2530/2963, Loss: 42.248, Trans_L2_m: 0.280, Yaw_err_deg: 0.781
Epoch: [16/23], Batch: 2540/2963, Loss: 43.315, Trans_L2_m: 0.387, Yaw_err_deg: 0.622
Epoch: [16/23], Batch: 2550/2963, Loss: 46.647, Trans_L2_m: 0.331, Yaw_err_deg: 0.887
Epoch: [16/23], Batch: 2560/2963, Loss: 62.005, Trans_L2_m: 0.286, Yaw_err_deg: 1.252
Epoch: [16/23], Batch: 2570/2963, Loss: 51.254, Trans_L2_m: 0.545, Yaw_err_deg: 0.742
Epoch: [16/23], Batch: 2580/2963, Loss: 59.835, Trans_L2_m: 0.524, Yaw_err_deg: 0.752
Epoch: [16/23], Batch: 2590/2963, Loss: 43.719, Trans_L2_m: 0.330, Yaw_err_deg: 0.741
Epoch: [16/23], Batch: 2600/2963, Loss: 51.894, Trans_L2_m: 0.472, Yaw_err_deg: 0.862
Epoch: [16/23], Batch: 2610/2963, Loss: 47.234, Trans_L2_m: 0.396, Yaw_err_deg: 0.786
Epoch: [16/23], Batch: 2620/2963, Loss: 40.651, Trans_L2_m: 0.388, Yaw_err_deg: 0.519
Epoch: [16/23], Batch: 2630/2963, Loss: 47.839, Trans_L2_m: 0.394, Yaw_err_deg: 0.773
Epoch: [16/23], Batch: 2640/2963, Loss: 50.627, Trans_L2_m: 0.306, Yaw_err_deg: 0.975
Epoch: [16/23], Batch: 2650/2963, Loss: 50.286, Trans_L2_m: 0.313, Yaw_err_deg: 1.135
Epoch: [16/23], Batch: 2660/2963, Loss: 52.709, Trans_L2_m: 0.484, Yaw_err_deg: 0.958
Epoch: [16/23], Batch: 2670/2963, Loss: 48.039, Trans_L2_m: 0.406, Yaw_err_deg: 0.771
Epoch: [16/23], Batch: 2680/2963, Loss: 44.519, Trans_L2_m: 0.447, Yaw_err_deg: 0.814
Epoch: [16/23], Batch: 2690/2963, Loss: 50.601, Trans_L2_m: 0.427, Yaw_err_deg: 0.786
Epoch: [16/23], Batch: 2700/2963, Loss: 50.404, Trans_L2_m: 0.413, Yaw_err_deg: 1.013
Epoch: [16/23], Batch: 2710/2963, Loss: 53.134, Trans_L2_m: 0.463, Yaw_err_deg: 0.936
Epoch: [16/23], Batch: 2720/2963, Loss: 49.151, Trans_L2_m: 0.466, Yaw_err_deg: 0.862
Epoch: [16/23], Batch: 2730/2963, Loss: 48.111, Trans_L2_m: 0.394, Yaw_err_deg: 0.824
Epoch: [16/23], Batch: 2740/2963, Loss: 50.064, Trans_L2_m: 0.403, Yaw_err_deg: 0.990
Epoch: [16/23], Batch: 2750/2963, Loss: 57.288, Trans_L2_m: 0.420, Yaw_err_deg: 1.166
Epoch: [16/23], Batch: 2760/2963, Loss: 53.290, Trans_L2_m: 0.384, Yaw_err_deg: 1.175
Epoch: [16/23], Batch: 2770/2963, Loss: 50.932, Trans_L2_m: 0.270, Yaw_err_deg: 1.255
Epoch: [16/23], Batch: 2780/2963, Loss: 46.936, Trans_L2_m: 0.472, Yaw_err_deg: 0.661
Epoch: [16/23], Batch: 2790/2963, Loss: 46.878, Trans_L2_m: 0.286, Yaw_err_deg: 1.012
Epoch: [16/23], Batch: 2800/2963, Loss: 57.801, Trans_L2_m: 0.393, Yaw_err_deg: 1.234
Epoch: [16/23], Batch: 2810/2963, Loss: 45.496, Trans_L2_m: 0.370, Yaw_err_deg: 0.813
Epoch: [16/23], Batch: 2820/2963, Loss: 64.837, Trans_L2_m: 0.480, Yaw_err_deg: 1.238
Epoch: [16/23], Batch: 2830/2963, Loss: 46.435, Trans_L2_m: 0.334, Yaw_err_deg: 0.842
Epoch: [16/23], Batch: 2840/2963, Loss: 41.083, Trans_L2_m: 0.365, Yaw_err_deg: 0.581
Epoch: [16/23], Batch: 2850/2963, Loss: 55.308, Trans_L2_m: 0.374, Yaw_err_deg: 1.033
Epoch: [16/23], Batch: 2860/2963, Loss: 50.433, Trans_L2_m: 0.380, Yaw_err_deg: 0.952
Epoch: [16/23], Batch: 2870/2963, Loss: 50.683, Trans_L2_m: 0.377, Yaw_err_deg: 0.975
Epoch: [16/23], Batch: 2880/2963, Loss: 57.803, Trans_L2_m: 0.328, Yaw_err_deg: 1.038
Epoch: [16/23], Batch: 2890/2963, Loss: 55.623, Trans_L2_m: 0.301, Yaw_err_deg: 1.282
Epoch: [16/23], Batch: 2900/2963, Loss: 60.250, Trans_L2_m: 0.373, Yaw_err_deg: 1.113
Epoch: [16/23], Batch: 2910/2963, Loss: 66.980, Trans_L2_m: 0.479, Yaw_err_deg: 1.594
Epoch: [16/23], Batch: 2920/2963, Loss: 55.626, Trans_L2_m: 0.413, Yaw_err_deg: 1.198
Epoch: [16/23], Batch: 2930/2963, Loss: 55.006, Trans_L2_m: 0.528, Yaw_err_deg: 0.972
Epoch: [16/23], Batch: 2940/2963, Loss: 43.756, Trans_L2_m: 0.358, Yaw_err_deg: 0.951
Epoch: [16/23], Batch: 2950/2963, Loss: 61.939, Trans_L2_m: 0.604, Yaw_err_deg: 0.777
Epoch: [16/23], Batch: 2960/2963, Loss: 49.938, Trans_L2_m: 0.487, Yaw_err_deg: 0.683
Epoch: [17/23], Batch: 0/2963, Loss: 53.936, Trans_L2_m: 0.329, Yaw_err_deg: 1.164
Epoch: [17/23], Batch: 10/2963, Loss: 40.990, Trans_L2_m: 0.442, Yaw_err_deg: 0.455
Epoch: [17/23], Batch: 20/2963, Loss: 45.044, Trans_L2_m: 0.389, Yaw_err_deg: 0.812
Epoch: [17/23], Batch: 30/2963, Loss: 50.542, Trans_L2_m: 0.457, Yaw_err_deg: 0.715
Epoch: [17/23], Batch: 40/2963, Loss: 59.528, Trans_L2_m: 0.434, Yaw_err_deg: 1.312
Epoch: [17/23], Batch: 50/2963, Loss: 122.365, Trans_L2_m: 0.338, Yaw_err_deg: 1.718
Epoch: [17/23], Batch: 60/2963, Loss: 51.399, Trans_L2_m: 0.343, Yaw_err_deg: 0.949
Epoch: [17/23], Batch: 70/2963, Loss: 56.528, Trans_L2_m: 0.559, Yaw_err_deg: 0.794
Epoch: [17/23], Batch: 80/2963, Loss: 54.729, Trans_L2_m: 0.412, Yaw_err_deg: 1.137
Epoch: [17/23], Batch: 90/2963, Loss: 55.079, Trans_L2_m: 0.421, Yaw_err_deg: 1.077
Epoch: [17/23], Batch: 100/2963, Loss: 39.993, Trans_L2_m: 0.313, Yaw_err_deg: 0.587
Epoch: [17/23], Batch: 110/2963, Loss: 51.847, Trans_L2_m: 0.466, Yaw_err_deg: 1.045
Epoch: [17/23], Batch: 120/2963, Loss: 41.483, Trans_L2_m: 0.317, Yaw_err_deg: 0.522
Epoch: [17/23], Batch: 130/2963, Loss: 59.216, Trans_L2_m: 0.384, Yaw_err_deg: 1.351
Epoch: [17/23], Batch: 140/2963, Loss: 51.837, Trans_L2_m: 0.386, Yaw_err_deg: 0.884
Epoch: [17/23], Batch: 150/2963, Loss: 38.080, Trans_L2_m: 0.351, Yaw_err_deg: 0.674
Epoch: [17/23], Batch: 160/2963, Loss: 49.505, Trans_L2_m: 0.386, Yaw_err_deg: 0.929
Epoch: [17/23], Batch: 170/2963, Loss: 41.415, Trans_L2_m: 0.370, Yaw_err_deg: 0.508
Epoch: [17/23], Batch: 180/2963, Loss: 46.397, Trans_L2_m: 0.450, Yaw_err_deg: 0.763
Epoch: [17/23], Batch: 190/2963, Loss: 56.160, Trans_L2_m: 0.499, Yaw_err_deg: 1.075
Epoch: [17/23], Batch: 200/2963, Loss: 46.170, Trans_L2_m: 0.357, Yaw_err_deg: 0.605
Epoch: [17/23], Batch: 210/2963, Loss: 44.560, Trans_L2_m: 0.431, Yaw_err_deg: 0.747
Epoch: [17/23], Batch: 220/2963, Loss: 56.975, Trans_L2_m: 0.484, Yaw_err_deg: 0.752
Epoch: [17/23], Batch: 230/2963, Loss: 50.987, Trans_L2_m: 0.477, Yaw_err_deg: 0.953
Epoch: [17/23], Batch: 240/2963, Loss: 43.069, Trans_L2_m: 0.267, Yaw_err_deg: 0.706
Epoch: [17/23], Batch: 250/2963, Loss: 52.400, Trans_L2_m: 0.339, Yaw_err_deg: 1.137
Epoch: [17/23], Batch: 260/2963, Loss: 41.569, Trans_L2_m: 0.446, Yaw_err_deg: 0.576
Epoch: [17/23], Batch: 270/2963, Loss: 52.817, Trans_L2_m: 0.283, Yaw_err_deg: 1.033
Epoch: [17/23], Batch: 280/2963, Loss: 56.031, Trans_L2_m: 0.468, Yaw_err_deg: 1.201
Epoch: [17/23], Batch: 290/2963, Loss: 53.773, Trans_L2_m: 0.406, Yaw_err_deg: 1.078
Epoch: [17/23], Batch: 300/2963, Loss: 41.785, Trans_L2_m: 0.408, Yaw_err_deg: 0.767
Epoch: [17/23], Batch: 310/2963, Loss: 62.732, Trans_L2_m: 0.522, Yaw_err_deg: 1.179
Epoch: [17/23], Batch: 320/2963, Loss: 47.268, Trans_L2_m: 0.485, Yaw_err_deg: 0.611
Epoch: [17/23], Batch: 330/2963, Loss: 51.886, Trans_L2_m: 0.630, Yaw_err_deg: 0.724
Epoch: [17/23], Batch: 340/2963, Loss: 47.614, Trans_L2_m: 0.379, Yaw_err_deg: 1.039
Epoch: [17/23], Batch: 350/2963, Loss: 47.948, Trans_L2_m: 0.409, Yaw_err_deg: 0.612
Epoch: [17/23], Batch: 360/2963, Loss: 42.951, Trans_L2_m: 0.333, Yaw_err_deg: 0.808
Epoch: [17/23], Batch: 370/2963, Loss: 50.857, Trans_L2_m: 0.521, Yaw_err_deg: 0.893
Epoch: [17/23], Batch: 380/2963, Loss: 49.614, Trans_L2_m: 0.360, Yaw_err_deg: 0.800
Epoch: [17/23], Batch: 390/2963, Loss: 50.225, Trans_L2_m: 0.386, Yaw_err_deg: 0.940
Epoch: [17/23], Batch: 400/2963, Loss: 53.425, Trans_L2_m: 0.397, Yaw_err_deg: 1.087
Epoch: [17/23], Batch: 410/2963, Loss: 48.057, Trans_L2_m: 0.556, Yaw_err_deg: 0.882
Epoch: [17/23], Batch: 420/2963, Loss: 43.914, Trans_L2_m: 0.374, Yaw_err_deg: 0.958
Epoch: [17/23], Batch: 430/2963, Loss: 48.945, Trans_L2_m: 0.488, Yaw_err_deg: 0.742
Epoch: [17/23], Batch: 440/2963, Loss: 56.615, Trans_L2_m: 0.553, Yaw_err_deg: 0.674
Epoch: [17/23], Batch: 450/2963, Loss: 47.744, Trans_L2_m: 0.339, Yaw_err_deg: 0.827
Epoch: [17/23], Batch: 460/2963, Loss: 55.047, Trans_L2_m: 0.434, Yaw_err_deg: 1.003
Epoch: [17/23], Batch: 470/2963, Loss: 55.173, Trans_L2_m: 0.367, Yaw_err_deg: 1.050
Epoch: [17/23], Batch: 480/2963, Loss: 48.040, Trans_L2_m: 0.366, Yaw_err_deg: 0.736
Epoch: [17/23], Batch: 490/2963, Loss: 54.310, Trans_L2_m: 0.626, Yaw_err_deg: 0.669
Epoch: [17/23], Batch: 500/2963, Loss: 47.662, Trans_L2_m: 0.438, Yaw_err_deg: 0.832
Epoch: [17/23], Batch: 510/2963, Loss: 52.150, Trans_L2_m: 0.290, Yaw_err_deg: 1.027
Epoch: [17/23], Batch: 520/2963, Loss: 53.774, Trans_L2_m: 0.416, Yaw_err_deg: 0.906
Epoch: [17/23], Batch: 530/2963, Loss: 45.593, Trans_L2_m: 0.440, Yaw_err_deg: 0.666
Epoch: [17/23], Batch: 540/2963, Loss: 49.385, Trans_L2_m: 0.435, Yaw_err_deg: 0.915
Epoch: [17/23], Batch: 550/2963, Loss: 56.623, Trans_L2_m: 0.367, Yaw_err_deg: 1.015
Epoch: [17/23], Batch: 560/2963, Loss: 49.577, Trans_L2_m: 0.431, Yaw_err_deg: 0.791
Epoch: [17/23], Batch: 570/2963, Loss: 54.834, Trans_L2_m: 0.526, Yaw_err_deg: 0.735
Epoch: [17/23], Batch: 580/2963, Loss: 50.208, Trans_L2_m: 0.357, Yaw_err_deg: 1.115
Epoch: [17/23], Batch: 590/2963, Loss: 50.395, Trans_L2_m: 0.526, Yaw_err_deg: 0.783
Epoch: [17/23], Batch: 600/2963, Loss: 49.108, Trans_L2_m: 0.501, Yaw_err_deg: 0.717
Epoch: [17/23], Batch: 610/2963, Loss: 46.407, Trans_L2_m: 0.425, Yaw_err_deg: 0.870
Epoch: [17/23], Batch: 620/2963, Loss: 51.816, Trans_L2_m: 0.479, Yaw_err_deg: 0.868
Epoch: [17/23], Batch: 630/2963, Loss: 48.651, Trans_L2_m: 0.481, Yaw_err_deg: 0.508
Epoch: [17/23], Batch: 640/2963, Loss: 51.726, Trans_L2_m: 0.410, Yaw_err_deg: 1.212
Epoch: [17/23], Batch: 650/2963, Loss: 66.001, Trans_L2_m: 0.548, Yaw_err_deg: 0.904
Epoch: [17/23], Batch: 660/2963, Loss: 40.400, Trans_L2_m: 0.261, Yaw_err_deg: 0.550
Epoch: [17/23], Batch: 670/2963, Loss: 43.026, Trans_L2_m: 0.387, Yaw_err_deg: 0.688
Epoch: [17/23], Batch: 680/2963, Loss: 42.297, Trans_L2_m: 0.270, Yaw_err_deg: 0.794
Epoch: [17/23], Batch: 690/2963, Loss: 58.355, Trans_L2_m: 0.691, Yaw_err_deg: 1.214
Epoch: [17/23], Batch: 700/2963, Loss: 63.060, Trans_L2_m: 0.453, Yaw_err_deg: 1.124
Epoch: [17/23], Batch: 710/2963, Loss: 50.939, Trans_L2_m: 0.426, Yaw_err_deg: 0.842
Epoch: [17/23], Batch: 720/2963, Loss: 46.887, Trans_L2_m: 0.350, Yaw_err_deg: 0.734
Epoch: [17/23], Batch: 730/2963, Loss: 53.045, Trans_L2_m: 0.477, Yaw_err_deg: 0.983
Epoch: [17/23], Batch: 740/2963, Loss: 52.332, Trans_L2_m: 0.464, Yaw_err_deg: 0.830
Epoch: [17/23], Batch: 750/2963, Loss: 52.242, Trans_L2_m: 0.347, Yaw_err_deg: 0.893
Epoch: [17/23], Batch: 760/2963, Loss: 46.659, Trans_L2_m: 0.293, Yaw_err_deg: 1.017
Epoch: [17/23], Batch: 770/2963, Loss: 45.505, Trans_L2_m: 0.403, Yaw_err_deg: 0.697
Epoch: [17/23], Batch: 780/2963, Loss: 40.227, Trans_L2_m: 0.322, Yaw_err_deg: 0.626
Epoch: [17/23], Batch: 790/2963, Loss: 55.369, Trans_L2_m: 0.403, Yaw_err_deg: 0.959
Epoch: [17/23], Batch: 800/2963, Loss: 55.372, Trans_L2_m: 0.476, Yaw_err_deg: 0.931
Epoch: [17/23], Batch: 810/2963, Loss: 49.966, Trans_L2_m: 0.368, Yaw_err_deg: 0.948
Epoch: [17/23], Batch: 820/2963, Loss: 46.591, Trans_L2_m: 0.391, Yaw_err_deg: 0.864
Epoch: [17/23], Batch: 830/2963, Loss: 50.451, Trans_L2_m: 0.350, Yaw_err_deg: 0.948
Epoch: [17/23], Batch: 840/2963, Loss: 47.180, Trans_L2_m: 0.368, Yaw_err_deg: 0.808
Epoch: [17/23], Batch: 850/2963, Loss: 38.486, Trans_L2_m: 0.257, Yaw_err_deg: 0.729
Epoch: [17/23], Batch: 860/2963, Loss: 65.333, Trans_L2_m: 0.520, Yaw_err_deg: 1.400
Epoch: [17/23], Batch: 870/2963, Loss: 46.169, Trans_L2_m: 0.471, Yaw_err_deg: 0.819
Epoch: [17/23], Batch: 880/2963, Loss: 52.478, Trans_L2_m: 0.383, Yaw_err_deg: 1.134
Epoch: [17/23], Batch: 890/2963, Loss: 45.790, Trans_L2_m: 0.335, Yaw_err_deg: 0.769
Epoch: [17/23], Batch: 900/2963, Loss: 46.640, Trans_L2_m: 0.429, Yaw_err_deg: 0.666
Epoch: [17/23], Batch: 910/2963, Loss: 45.405, Trans_L2_m: 0.433, Yaw_err_deg: 0.678
Epoch: [17/23], Batch: 920/2963, Loss: 48.731, Trans_L2_m: 0.325, Yaw_err_deg: 0.775
Epoch: [17/23], Batch: 930/2963, Loss: 46.992, Trans_L2_m: 0.410, Yaw_err_deg: 1.048
Epoch: [17/23], Batch: 940/2963, Loss: 43.803, Trans_L2_m: 0.377, Yaw_err_deg: 0.492
Epoch: [17/23], Batch: 950/2963, Loss: 48.088, Trans_L2_m: 0.336, Yaw_err_deg: 0.925
Epoch: [17/23], Batch: 960/2963, Loss: 49.636, Trans_L2_m: 0.358, Yaw_err_deg: 0.512
Epoch: [17/23], Batch: 970/2963, Loss: 46.170, Trans_L2_m: 0.438, Yaw_err_deg: 0.651
Epoch: [17/23], Batch: 980/2963, Loss: 47.760, Trans_L2_m: 0.334, Yaw_err_deg: 0.791
Epoch: [17/23], Batch: 990/2963, Loss: 51.001, Trans_L2_m: 0.348, Yaw_err_deg: 0.953
Epoch: [17/23], Batch: 1000/2963, Loss: 55.112, Trans_L2_m: 0.505, Yaw_err_deg: 0.860
Epoch: [17/23], Batch: 1010/2963, Loss: 55.246, Trans_L2_m: 0.462, Yaw_err_deg: 1.244
Epoch: [17/23], Batch: 1020/2963, Loss: 56.934, Trans_L2_m: 0.447, Yaw_err_deg: 0.720
Epoch: [17/23], Batch: 1030/2963, Loss: 46.865, Trans_L2_m: 0.488, Yaw_err_deg: 0.490
Epoch: [17/23], Batch: 1040/2963, Loss: 43.062, Trans_L2_m: 0.338, Yaw_err_deg: 0.694
Epoch: [17/23], Batch: 1050/2963, Loss: 48.897, Trans_L2_m: 0.579, Yaw_err_deg: 0.574
Epoch: [17/23], Batch: 1060/2963, Loss: 53.804, Trans_L2_m: 0.577, Yaw_err_deg: 0.741
Epoch: [17/23], Batch: 1070/2963, Loss: 44.305, Trans_L2_m: 0.383, Yaw_err_deg: 0.637
Epoch: [17/23], Batch: 1080/2963, Loss: 44.613, Trans_L2_m: 0.283, Yaw_err_deg: 0.810
Epoch: [17/23], Batch: 1090/2963, Loss: 43.819, Trans_L2_m: 0.300, Yaw_err_deg: 0.877
Epoch: [17/23], Batch: 1100/2963, Loss: 41.003, Trans_L2_m: 0.346, Yaw_err_deg: 0.632
Epoch: [17/23], Batch: 1110/2963, Loss: 59.753, Trans_L2_m: 0.476, Yaw_err_deg: 0.767
Epoch: [17/23], Batch: 1120/2963, Loss: 53.651, Trans_L2_m: 0.400, Yaw_err_deg: 1.034
Epoch: [17/23], Batch: 1130/2963, Loss: 49.397, Trans_L2_m: 0.416, Yaw_err_deg: 0.877
Epoch: [17/23], Batch: 1140/2963, Loss: 48.832, Trans_L2_m: 0.474, Yaw_err_deg: 0.769
Epoch: [17/23], Batch: 1150/2963, Loss: 44.518, Trans_L2_m: 0.357, Yaw_err_deg: 0.723
Epoch: [17/23], Batch: 1160/2963, Loss: 43.329, Trans_L2_m: 0.368, Yaw_err_deg: 0.895
Epoch: [17/23], Batch: 1170/2963, Loss: 51.273, Trans_L2_m: 0.480, Yaw_err_deg: 0.766
Epoch: [17/23], Batch: 1180/2963, Loss: 47.256, Trans_L2_m: 0.461, Yaw_err_deg: 0.803
Epoch: [17/23], Batch: 1190/2963, Loss: 53.119, Trans_L2_m: 0.425, Yaw_err_deg: 1.107
Epoch: [17/23], Batch: 1200/2963, Loss: 49.623, Trans_L2_m: 0.405, Yaw_err_deg: 0.768
Epoch: [17/23], Batch: 1210/2963, Loss: 53.937, Trans_L2_m: 0.387, Yaw_err_deg: 1.131
Epoch: [17/23], Batch: 1220/2963, Loss: 44.789, Trans_L2_m: 0.426, Yaw_err_deg: 0.475
Epoch: [17/23], Batch: 1230/2963, Loss: 41.928, Trans_L2_m: 0.453, Yaw_err_deg: 0.543
Epoch: [17/23], Batch: 1240/2963, Loss: 48.584, Trans_L2_m: 0.290, Yaw_err_deg: 1.144
Epoch: [17/23], Batch: 1250/2963, Loss: 47.101, Trans_L2_m: 0.435, Yaw_err_deg: 0.642
Epoch: [17/23], Batch: 1260/2963, Loss: 46.963, Trans_L2_m: 0.321, Yaw_err_deg: 0.806
Epoch: [17/23], Batch: 1270/2963, Loss: 63.436, Trans_L2_m: 0.427, Yaw_err_deg: 1.516
Epoch: [17/23], Batch: 1280/2963, Loss: 51.491, Trans_L2_m: 0.523, Yaw_err_deg: 0.538
Epoch: [17/23], Batch: 1290/2963, Loss: 52.388, Trans_L2_m: 0.396, Yaw_err_deg: 0.800
Epoch: [17/23], Batch: 1300/2963, Loss: 49.359, Trans_L2_m: 0.448, Yaw_err_deg: 0.943
Epoch: [17/23], Batch: 1310/2963, Loss: 81.267, Trans_L2_m: 0.432, Yaw_err_deg: 1.339
Epoch: [17/23], Batch: 1320/2963, Loss: 46.876, Trans_L2_m: 0.333, Yaw_err_deg: 0.951
Epoch: [17/23], Batch: 1330/2963, Loss: 66.359, Trans_L2_m: 0.327, Yaw_err_deg: 1.703
Epoch: [17/23], Batch: 1340/2963, Loss: 50.924, Trans_L2_m: 0.337, Yaw_err_deg: 0.889
Epoch: [17/23], Batch: 1350/2963, Loss: 52.037, Trans_L2_m: 0.452, Yaw_err_deg: 0.881
Epoch: [17/23], Batch: 1360/2963, Loss: 56.237, Trans_L2_m: 0.531, Yaw_err_deg: 0.602
Epoch: [17/23], Batch: 1370/2963, Loss: 46.509, Trans_L2_m: 0.435, Yaw_err_deg: 0.746
Epoch: [17/23], Batch: 1380/2963, Loss: 46.873, Trans_L2_m: 0.454, Yaw_err_deg: 0.709
Epoch: [17/23], Batch: 1390/2963, Loss: 45.211, Trans_L2_m: 0.391, Yaw_err_deg: 0.421
Epoch: [17/23], Batch: 1400/2963, Loss: 49.392, Trans_L2_m: 0.476, Yaw_err_deg: 0.707
Epoch: [17/23], Batch: 1410/2963, Loss: 48.123, Trans_L2_m: 0.516, Yaw_err_deg: 0.733
Epoch: [17/23], Batch: 1420/2963, Loss: 50.031, Trans_L2_m: 0.331, Yaw_err_deg: 0.551
Epoch: [17/23], Batch: 1430/2963, Loss: 50.629, Trans_L2_m: 0.450, Yaw_err_deg: 0.901
Epoch: [17/23], Batch: 1440/2963, Loss: 52.034, Trans_L2_m: 0.430, Yaw_err_deg: 1.008
Epoch: [17/23], Batch: 1450/2963, Loss: 50.759, Trans_L2_m: 0.528, Yaw_err_deg: 0.733
Epoch: [17/23], Batch: 1460/2963, Loss: 42.498, Trans_L2_m: 0.281, Yaw_err_deg: 0.646
Epoch: [17/23], Batch: 1470/2963, Loss: 49.744, Trans_L2_m: 0.631, Yaw_err_deg: 0.582
Epoch: [17/23], Batch: 1480/2963, Loss: 45.163, Trans_L2_m: 0.334, Yaw_err_deg: 0.771
Epoch: [17/23], Batch: 1490/2963, Loss: 60.597, Trans_L2_m: 0.390, Yaw_err_deg: 1.568
Epoch: [17/23], Batch: 1500/2963, Loss: 57.618, Trans_L2_m: 0.344, Yaw_err_deg: 1.133
Epoch: [17/23], Batch: 1510/2963, Loss: 43.566, Trans_L2_m: 0.367, Yaw_err_deg: 0.628
Epoch: [17/23], Batch: 1520/2963, Loss: 54.177, Trans_L2_m: 0.451, Yaw_err_deg: 1.217
Epoch: [17/23], Batch: 1530/2963, Loss: 51.751, Trans_L2_m: 0.454, Yaw_err_deg: 1.135
Epoch: [17/23], Batch: 1540/2963, Loss: 44.977, Trans_L2_m: 0.529, Yaw_err_deg: 0.610
Epoch: [17/23], Batch: 1550/2963, Loss: 46.075, Trans_L2_m: 0.353, Yaw_err_deg: 0.710
Epoch: [17/23], Batch: 1560/2963, Loss: 57.292, Trans_L2_m: 0.409, Yaw_err_deg: 1.034
Epoch: [17/23], Batch: 1570/2963, Loss: 52.187, Trans_L2_m: 0.366, Yaw_err_deg: 1.229
Epoch: [17/23], Batch: 1580/2963, Loss: 103.580, Trans_L2_m: 0.452, Yaw_err_deg: 1.786
Epoch: [17/23], Batch: 1590/2963, Loss: 46.452, Trans_L2_m: 0.384, Yaw_err_deg: 0.528
Epoch: [17/23], Batch: 1600/2963, Loss: 46.852, Trans_L2_m: 0.319, Yaw_err_deg: 0.606
Epoch: [17/23], Batch: 1610/2963, Loss: 50.578, Trans_L2_m: 0.263, Yaw_err_deg: 0.875
Epoch: [17/23], Batch: 1620/2963, Loss: 46.041, Trans_L2_m: 0.256, Yaw_err_deg: 0.794
Epoch: [17/23], Batch: 1630/2963, Loss: 50.902, Trans_L2_m: 0.286, Yaw_err_deg: 0.977
Epoch: [17/23], Batch: 1640/2963, Loss: 44.998, Trans_L2_m: 0.359, Yaw_err_deg: 0.893
Epoch: [17/23], Batch: 1650/2963, Loss: 46.110, Trans_L2_m: 0.392, Yaw_err_deg: 0.795
Epoch: [17/23], Batch: 1660/2963, Loss: 47.269, Trans_L2_m: 0.329, Yaw_err_deg: 1.123
Epoch: [17/23], Batch: 1670/2963, Loss: 45.053, Trans_L2_m: 0.445, Yaw_err_deg: 0.550
Epoch: [17/23], Batch: 1680/2963, Loss: 50.486, Trans_L2_m: 0.449, Yaw_err_deg: 0.793
Epoch: [17/23], Batch: 1690/2963, Loss: 44.680, Trans_L2_m: 0.264, Yaw_err_deg: 0.919
Epoch: [17/23], Batch: 1700/2963, Loss: 51.015, Trans_L2_m: 0.339, Yaw_err_deg: 0.973
Epoch: [17/23], Batch: 1710/2963, Loss: 50.849, Trans_L2_m: 0.430, Yaw_err_deg: 0.683
Epoch: [17/23], Batch: 1720/2963, Loss: 46.855, Trans_L2_m: 0.434, Yaw_err_deg: 0.668
Epoch: [17/23], Batch: 1730/2963, Loss: 67.271, Trans_L2_m: 0.320, Yaw_err_deg: 1.231
Epoch: [17/23], Batch: 1740/2963, Loss: 74.344, Trans_L2_m: 0.531, Yaw_err_deg: 1.743
Epoch: [17/23], Batch: 1750/2963, Loss: 48.458, Trans_L2_m: 0.457, Yaw_err_deg: 0.961
Epoch: [17/23], Batch: 1760/2963, Loss: 48.531, Trans_L2_m: 0.387, Yaw_err_deg: 0.930
Epoch: [17/23], Batch: 1770/2963, Loss: 65.537, Trans_L2_m: 0.445, Yaw_err_deg: 1.004
Epoch: [17/23], Batch: 1780/2963, Loss: 41.869, Trans_L2_m: 0.351, Yaw_err_deg: 0.593
Epoch: [17/23], Batch: 1790/2963, Loss: 42.013, Trans_L2_m: 0.344, Yaw_err_deg: 0.606
Epoch: [17/23], Batch: 1800/2963, Loss: 53.843, Trans_L2_m: 0.479, Yaw_err_deg: 1.151
Epoch: [17/23], Batch: 1810/2963, Loss: 45.088, Trans_L2_m: 0.267, Yaw_err_deg: 0.843
Epoch: [17/23], Batch: 1820/2963, Loss: 45.376, Trans_L2_m: 0.408, Yaw_err_deg: 0.571
Epoch: [17/23], Batch: 1830/2963, Loss: 59.393, Trans_L2_m: 0.362, Yaw_err_deg: 1.301
Epoch: [17/23], Batch: 1840/2963, Loss: 49.212, Trans_L2_m: 0.472, Yaw_err_deg: 0.617
Epoch: [17/23], Batch: 1850/2963, Loss: 45.671, Trans_L2_m: 0.353, Yaw_err_deg: 0.832
Epoch: [17/23], Batch: 1860/2963, Loss: 52.998, Trans_L2_m: 0.469, Yaw_err_deg: 1.075
Epoch: [17/23], Batch: 1870/2963, Loss: 46.176, Trans_L2_m: 0.433, Yaw_err_deg: 0.521
Epoch: [17/23], Batch: 1880/2963, Loss: 42.374, Trans_L2_m: 0.284, Yaw_err_deg: 0.701
Epoch: [17/23], Batch: 1890/2963, Loss: 43.930, Trans_L2_m: 0.405, Yaw_err_deg: 0.511
Epoch: [17/23], Batch: 1900/2963, Loss: 50.476, Trans_L2_m: 0.598, Yaw_err_deg: 0.800
Epoch: [17/23], Batch: 1910/2963, Loss: 44.259, Trans_L2_m: 0.351, Yaw_err_deg: 0.737
Epoch: [17/23], Batch: 1920/2963, Loss: 42.835, Trans_L2_m: 0.352, Yaw_err_deg: 0.515
Epoch: [17/23], Batch: 1930/2963, Loss: 44.809, Trans_L2_m: 0.341, Yaw_err_deg: 0.656
Epoch: [17/23], Batch: 1940/2963, Loss: 55.152, Trans_L2_m: 0.418, Yaw_err_deg: 1.143
Epoch: [17/23], Batch: 1950/2963, Loss: 43.485, Trans_L2_m: 0.316, Yaw_err_deg: 0.681
Epoch: [17/23], Batch: 1960/2963, Loss: 54.655, Trans_L2_m: 0.391, Yaw_err_deg: 1.123
Epoch: [17/23], Batch: 1970/2963, Loss: 45.714, Trans_L2_m: 0.342, Yaw_err_deg: 0.799
Epoch: [17/23], Batch: 1980/2963, Loss: 45.772, Trans_L2_m: 0.442, Yaw_err_deg: 0.605
Epoch: [17/23], Batch: 1990/2963, Loss: 47.565, Trans_L2_m: 0.359, Yaw_err_deg: 0.824
Epoch: [17/23], Batch: 2000/2963, Loss: 50.331, Trans_L2_m: 0.375, Yaw_err_deg: 0.580
Epoch: [17/23], Batch: 2010/2963, Loss: 45.182, Trans_L2_m: 0.373, Yaw_err_deg: 0.676
Epoch: [17/23], Batch: 2020/2963, Loss: 66.617, Trans_L2_m: 0.444, Yaw_err_deg: 1.367
Epoch: [17/23], Batch: 2030/2963, Loss: 45.004, Trans_L2_m: 0.413, Yaw_err_deg: 0.751
Epoch: [17/23], Batch: 2040/2963, Loss: 50.217, Trans_L2_m: 0.462, Yaw_err_deg: 0.695
Epoch: [17/23], Batch: 2050/2963, Loss: 48.903, Trans_L2_m: 0.535, Yaw_err_deg: 0.792
Epoch: [17/23], Batch: 2060/2963, Loss: 46.079, Trans_L2_m: 0.356, Yaw_err_deg: 0.917
Epoch: [17/23], Batch: 2070/2963, Loss: 42.984, Trans_L2_m: 0.389, Yaw_err_deg: 0.453
Epoch: [17/23], Batch: 2080/2963, Loss: 45.300, Trans_L2_m: 0.319, Yaw_err_deg: 0.724
Epoch: [17/23], Batch: 2090/2963, Loss: 63.132, Trans_L2_m: 0.363, Yaw_err_deg: 1.444
Epoch: [17/23], Batch: 2100/2963, Loss: 44.529, Trans_L2_m: 0.299, Yaw_err_deg: 0.623
Epoch: [17/23], Batch: 2110/2963, Loss: 41.624, Trans_L2_m: 0.373, Yaw_err_deg: 0.622
Epoch: [17/23], Batch: 2120/2963, Loss: 47.785, Trans_L2_m: 0.362, Yaw_err_deg: 0.903
Epoch: [17/23], Batch: 2130/2963, Loss: 74.239, Trans_L2_m: 0.449, Yaw_err_deg: 1.200
Epoch: [17/23], Batch: 2140/2963, Loss: 47.198, Trans_L2_m: 0.453, Yaw_err_deg: 0.576
Epoch: [17/23], Batch: 2150/2963, Loss: 45.173, Trans_L2_m: 0.419, Yaw_err_deg: 0.812
Epoch: [17/23], Batch: 2160/2963, Loss: 40.487, Trans_L2_m: 0.381, Yaw_err_deg: 0.607
Epoch: [17/23], Batch: 2170/2963, Loss: 66.877, Trans_L2_m: 0.528, Yaw_err_deg: 1.631
Epoch: [17/23], Batch: 2180/2963, Loss: 52.642, Trans_L2_m: 0.490, Yaw_err_deg: 0.696
Epoch: [17/23], Batch: 2190/2963, Loss: 44.476, Trans_L2_m: 0.428, Yaw_err_deg: 0.693
Epoch: [17/23], Batch: 2200/2963, Loss: 51.401, Trans_L2_m: 0.416, Yaw_err_deg: 1.080
Epoch: [17/23], Batch: 2210/2963, Loss: 43.286, Trans_L2_m: 0.350, Yaw_err_deg: 0.594
Epoch: [17/23], Batch: 2220/2963, Loss: 45.513, Trans_L2_m: 0.402, Yaw_err_deg: 0.639
Epoch: [17/23], Batch: 2230/2963, Loss: 45.537, Trans_L2_m: 0.402, Yaw_err_deg: 0.790
Epoch: [17/23], Batch: 2240/2963, Loss: 49.690, Trans_L2_m: 0.378, Yaw_err_deg: 0.757
Epoch: [17/23], Batch: 2250/2963, Loss: 43.966, Trans_L2_m: 0.388, Yaw_err_deg: 0.664
Epoch: [17/23], Batch: 2260/2963, Loss: 45.309, Trans_L2_m: 0.362, Yaw_err_deg: 0.548
Epoch: [17/23], Batch: 2270/2963, Loss: 57.378, Trans_L2_m: 0.423, Yaw_err_deg: 0.585
Epoch: [17/23], Batch: 2280/2963, Loss: 48.705, Trans_L2_m: 0.344, Yaw_err_deg: 0.822
Epoch: [17/23], Batch: 2290/2963, Loss: 65.315, Trans_L2_m: 0.400, Yaw_err_deg: 0.741
Epoch: [17/23], Batch: 2300/2963, Loss: 54.201, Trans_L2_m: 0.482, Yaw_err_deg: 1.139
Epoch: [17/23], Batch: 2310/2963, Loss: 57.823, Trans_L2_m: 0.603, Yaw_err_deg: 0.973
Epoch: [17/23], Batch: 2320/2963, Loss: 45.081, Trans_L2_m: 0.474, Yaw_err_deg: 0.498
Epoch: [17/23], Batch: 2330/2963, Loss: 49.038, Trans_L2_m: 0.438, Yaw_err_deg: 0.876
Epoch: [17/23], Batch: 2340/2963, Loss: 51.088, Trans_L2_m: 0.396, Yaw_err_deg: 0.773
Epoch: [17/23], Batch: 2350/2963, Loss: 70.841, Trans_L2_m: 0.478, Yaw_err_deg: 1.107
Epoch: [17/23], Batch: 2360/2963, Loss: 52.776, Trans_L2_m: 0.413, Yaw_err_deg: 0.829
Epoch: [17/23], Batch: 2370/2963, Loss: 53.081, Trans_L2_m: 0.504, Yaw_err_deg: 0.953
Epoch: [17/23], Batch: 2380/2963, Loss: 44.626, Trans_L2_m: 0.376, Yaw_err_deg: 0.672
Epoch: [17/23], Batch: 2390/2963, Loss: 48.807, Trans_L2_m: 0.448, Yaw_err_deg: 0.865
Epoch: [17/23], Batch: 2400/2963, Loss: 52.632, Trans_L2_m: 0.451, Yaw_err_deg: 0.771
Epoch: [17/23], Batch: 2410/2963, Loss: 45.491, Trans_L2_m: 0.510, Yaw_err_deg: 0.735
Epoch: [17/23], Batch: 2420/2963, Loss: 48.748, Trans_L2_m: 0.434, Yaw_err_deg: 0.806
Epoch: [17/23], Batch: 2430/2963, Loss: 49.982, Trans_L2_m: 0.326, Yaw_err_deg: 0.782
Epoch: [17/23], Batch: 2440/2963, Loss: 54.429, Trans_L2_m: 0.401, Yaw_err_deg: 1.196
Epoch: [17/23], Batch: 2450/2963, Loss: 54.463, Trans_L2_m: 0.391, Yaw_err_deg: 0.967
Epoch: [17/23], Batch: 2460/2963, Loss: 55.060, Trans_L2_m: 0.515, Yaw_err_deg: 0.594
Epoch: [17/23], Batch: 2470/2963, Loss: 52.265, Trans_L2_m: 0.405, Yaw_err_deg: 1.167
Epoch: [17/23], Batch: 2480/2963, Loss: 56.198, Trans_L2_m: 0.299, Yaw_err_deg: 1.306
Epoch: [17/23], Batch: 2490/2963, Loss: 55.470, Trans_L2_m: 0.447, Yaw_err_deg: 1.140
Epoch: [17/23], Batch: 2500/2963, Loss: 46.173, Trans_L2_m: 0.349, Yaw_err_deg: 0.748
Epoch: [17/23], Batch: 2510/2963, Loss: 46.236, Trans_L2_m: 0.380, Yaw_err_deg: 0.765
Epoch: [17/23], Batch: 2520/2963, Loss: 50.923, Trans_L2_m: 0.462, Yaw_err_deg: 0.955
Epoch: [17/23], Batch: 2530/2963, Loss: 46.805, Trans_L2_m: 0.431, Yaw_err_deg: 0.962
Epoch: [17/23], Batch: 2540/2963, Loss: 53.014, Trans_L2_m: 0.562, Yaw_err_deg: 0.973
Epoch: [17/23], Batch: 2550/2963, Loss: 43.376, Trans_L2_m: 0.432, Yaw_err_deg: 0.516
Epoch: [17/23], Batch: 2560/2963, Loss: 44.419, Trans_L2_m: 0.409, Yaw_err_deg: 0.655
Epoch: [17/23], Batch: 2570/2963, Loss: 62.518, Trans_L2_m: 0.468, Yaw_err_deg: 1.209
Epoch: [17/23], Batch: 2580/2963, Loss: 41.227, Trans_L2_m: 0.293, Yaw_err_deg: 0.750
Epoch: [17/23], Batch: 2590/2963, Loss: 47.577, Trans_L2_m: 0.381, Yaw_err_deg: 0.724
Epoch: [17/23], Batch: 2600/2963, Loss: 44.541, Trans_L2_m: 0.303, Yaw_err_deg: 0.871
Epoch: [17/23], Batch: 2610/2963, Loss: 53.599, Trans_L2_m: 0.530, Yaw_err_deg: 0.771
Epoch: [17/23], Batch: 2620/2963, Loss: 48.939, Trans_L2_m: 0.392, Yaw_err_deg: 0.915
Epoch: [17/23], Batch: 2630/2963, Loss: 48.470, Trans_L2_m: 0.334, Yaw_err_deg: 0.787
Epoch: [17/23], Batch: 2640/2963, Loss: 47.646, Trans_L2_m: 0.336, Yaw_err_deg: 0.748
Epoch: [17/23], Batch: 2650/2963, Loss: 49.473, Trans_L2_m: 0.422, Yaw_err_deg: 0.756
Epoch: [17/23], Batch: 2660/2963, Loss: 47.710, Trans_L2_m: 0.493, Yaw_err_deg: 0.666
Epoch: [17/23], Batch: 2670/2963, Loss: 45.060, Trans_L2_m: 0.378, Yaw_err_deg: 0.490
Epoch: [17/23], Batch: 2680/2963, Loss: 43.366, Trans_L2_m: 0.454, Yaw_err_deg: 0.700
Epoch: [17/23], Batch: 2690/2963, Loss: 46.953, Trans_L2_m: 0.328, Yaw_err_deg: 0.896
Epoch: [17/23], Batch: 2700/2963, Loss: 46.564, Trans_L2_m: 0.246, Yaw_err_deg: 0.617
Epoch: [17/23], Batch: 2710/2963, Loss: 44.625, Trans_L2_m: 0.417, Yaw_err_deg: 0.841
Epoch: [17/23], Batch: 2720/2963, Loss: 54.241, Trans_L2_m: 0.402, Yaw_err_deg: 1.182
Epoch: [17/23], Batch: 2730/2963, Loss: 49.305, Trans_L2_m: 0.336, Yaw_err_deg: 1.001
Epoch: [17/23], Batch: 2740/2963, Loss: 48.175, Trans_L2_m: 0.411, Yaw_err_deg: 1.057
Epoch: [17/23], Batch: 2750/2963, Loss: 47.024, Trans_L2_m: 0.325, Yaw_err_deg: 0.968
Epoch: [17/23], Batch: 2760/2963, Loss: 46.962, Trans_L2_m: 0.442, Yaw_err_deg: 0.660
Epoch: [17/23], Batch: 2770/2963, Loss: 43.495, Trans_L2_m: 0.358, Yaw_err_deg: 0.755
Epoch: [17/23], Batch: 2780/2963, Loss: 51.149, Trans_L2_m: 0.453, Yaw_err_deg: 0.762
Epoch: [17/23], Batch: 2790/2963, Loss: 46.128, Trans_L2_m: 0.391, Yaw_err_deg: 0.718
Epoch: [17/23], Batch: 2800/2963, Loss: 44.619, Trans_L2_m: 0.375, Yaw_err_deg: 0.707
Epoch: [17/23], Batch: 2810/2963, Loss: 38.767, Trans_L2_m: 0.332, Yaw_err_deg: 0.636
Epoch: [17/23], Batch: 2820/2963, Loss: 49.146, Trans_L2_m: 0.425, Yaw_err_deg: 0.896
Epoch: [17/23], Batch: 2830/2963, Loss: 52.483, Trans_L2_m: 0.476, Yaw_err_deg: 0.974
Epoch: [17/23], Batch: 2840/2963, Loss: 45.484, Trans_L2_m: 0.310, Yaw_err_deg: 0.679
Epoch: [17/23], Batch: 2850/2963, Loss: 49.853, Trans_L2_m: 0.435, Yaw_err_deg: 0.666
Epoch: [17/23], Batch: 2860/2963, Loss: 46.094, Trans_L2_m: 0.390, Yaw_err_deg: 0.885
Epoch: [17/23], Batch: 2870/2963, Loss: 47.190, Trans_L2_m: 0.258, Yaw_err_deg: 0.854
Epoch: [17/23], Batch: 2880/2963, Loss: 42.323, Trans_L2_m: 0.335, Yaw_err_deg: 0.804
Epoch: [17/23], Batch: 2890/2963, Loss: 46.354, Trans_L2_m: 0.313, Yaw_err_deg: 0.719
Epoch: [17/23], Batch: 2900/2963, Loss: 49.133, Trans_L2_m: 0.524, Yaw_err_deg: 0.496
Epoch: [17/23], Batch: 2910/2963, Loss: 45.875, Trans_L2_m: 0.403, Yaw_err_deg: 0.646
Epoch: [17/23], Batch: 2920/2963, Loss: 55.736, Trans_L2_m: 0.281, Yaw_err_deg: 1.437
Epoch: [17/23], Batch: 2930/2963, Loss: 47.022, Trans_L2_m: 0.349, Yaw_err_deg: 0.821
Epoch: [17/23], Batch: 2940/2963, Loss: 53.466, Trans_L2_m: 0.499, Yaw_err_deg: 0.942
Epoch: [17/23], Batch: 2950/2963, Loss: 46.832, Trans_L2_m: 0.377, Yaw_err_deg: 0.771
Epoch: [17/23], Batch: 2960/2963, Loss: 58.133, Trans_L2_m: 0.461, Yaw_err_deg: 0.813
Validation loss (homography): 956.2078
Avg batch time: 975.12 ms, total: 316.200 s
[1;91mVal has no improvement vs 799.3275146484375![0m
Epoch: [18/23], Batch: 0/2963, Loss: 42.852, Trans_L2_m: 0.460, Yaw_err_deg: 0.459
Epoch: [18/23], Batch: 10/2963, Loss: 45.069, Trans_L2_m: 0.308, Yaw_err_deg: 0.475
Epoch: [18/23], Batch: 20/2963, Loss: 46.590, Trans_L2_m: 0.592, Yaw_err_deg: 0.714
Epoch: [18/23], Batch: 30/2963, Loss: 48.655, Trans_L2_m: 0.341, Yaw_err_deg: 0.870
Epoch: [18/23], Batch: 40/2963, Loss: 43.035, Trans_L2_m: 0.450, Yaw_err_deg: 0.796
Epoch: [18/23], Batch: 50/2963, Loss: 48.626, Trans_L2_m: 0.289, Yaw_err_deg: 0.914
Epoch: [18/23], Batch: 60/2963, Loss: 46.412, Trans_L2_m: 0.412, Yaw_err_deg: 0.558
Epoch: [18/23], Batch: 70/2963, Loss: 63.018, Trans_L2_m: 0.620, Yaw_err_deg: 1.043
Epoch: [18/23], Batch: 80/2963, Loss: 48.162, Trans_L2_m: 0.404, Yaw_err_deg: 0.949
Epoch: [18/23], Batch: 90/2963, Loss: 41.860, Trans_L2_m: 0.394, Yaw_err_deg: 0.607
Epoch: [18/23], Batch: 100/2963, Loss: 56.768, Trans_L2_m: 0.408, Yaw_err_deg: 0.614
Epoch: [18/23], Batch: 110/2963, Loss: 45.820, Trans_L2_m: 0.398, Yaw_err_deg: 0.515
Epoch: [18/23], Batch: 120/2963, Loss: 64.512, Trans_L2_m: 0.412, Yaw_err_deg: 1.397
Epoch: [18/23], Batch: 130/2963, Loss: 50.410, Trans_L2_m: 0.361, Yaw_err_deg: 0.925
Epoch: [18/23], Batch: 140/2963, Loss: 49.543, Trans_L2_m: 0.338, Yaw_err_deg: 1.019
Epoch: [18/23], Batch: 150/2963, Loss: 54.885, Trans_L2_m: 0.459, Yaw_err_deg: 1.084
Epoch: [18/23], Batch: 160/2963, Loss: 45.078, Trans_L2_m: 0.393, Yaw_err_deg: 0.593
Epoch: [18/23], Batch: 170/2963, Loss: 41.017, Trans_L2_m: 0.382, Yaw_err_deg: 0.598
Epoch: [18/23], Batch: 180/2963, Loss: 46.983, Trans_L2_m: 0.407, Yaw_err_deg: 0.601
Epoch: [18/23], Batch: 190/2963, Loss: 51.147, Trans_L2_m: 0.341, Yaw_err_deg: 1.144
Epoch: [18/23], Batch: 200/2963, Loss: 44.900, Trans_L2_m: 0.363, Yaw_err_deg: 0.878
Epoch: [18/23], Batch: 210/2963, Loss: 45.207, Trans_L2_m: 0.368, Yaw_err_deg: 0.811
Epoch: [18/23], Batch: 220/2963, Loss: 48.764, Trans_L2_m: 0.426, Yaw_err_deg: 0.635
Epoch: [18/23], Batch: 230/2963, Loss: 44.417, Trans_L2_m: 0.517, Yaw_err_deg: 0.596
Epoch: [18/23], Batch: 240/2963, Loss: 56.369, Trans_L2_m: 0.362, Yaw_err_deg: 1.175
Epoch: [18/23], Batch: 250/2963, Loss: 49.680, Trans_L2_m: 0.455, Yaw_err_deg: 0.570
Epoch: [18/23], Batch: 260/2963, Loss: 48.988, Trans_L2_m: 0.337, Yaw_err_deg: 0.993
Epoch: [18/23], Batch: 270/2963, Loss: 40.922, Trans_L2_m: 0.445, Yaw_err_deg: 0.732
Epoch: [18/23], Batch: 280/2963, Loss: 52.779, Trans_L2_m: 0.369, Yaw_err_deg: 0.936
Epoch: [18/23], Batch: 290/2963, Loss: 45.112, Trans_L2_m: 0.391, Yaw_err_deg: 0.737
Epoch: [18/23], Batch: 300/2963, Loss: 50.022, Trans_L2_m: 0.395, Yaw_err_deg: 0.875
Epoch: [18/23], Batch: 310/2963, Loss: 47.767, Trans_L2_m: 0.426, Yaw_err_deg: 0.750
Epoch: [18/23], Batch: 320/2963, Loss: 45.603, Trans_L2_m: 0.341, Yaw_err_deg: 0.821
Epoch: [18/23], Batch: 330/2963, Loss: 50.706, Trans_L2_m: 0.532, Yaw_err_deg: 0.819
Epoch: [18/23], Batch: 340/2963, Loss: 64.009, Trans_L2_m: 0.408, Yaw_err_deg: 1.179
Epoch: [18/23], Batch: 350/2963, Loss: 49.478, Trans_L2_m: 0.605, Yaw_err_deg: 0.564
Epoch: [18/23], Batch: 360/2963, Loss: 47.812, Trans_L2_m: 0.500, Yaw_err_deg: 0.769
Epoch: [18/23], Batch: 370/2963, Loss: 51.455, Trans_L2_m: 0.432, Yaw_err_deg: 0.756
Epoch: [18/23], Batch: 380/2963, Loss: 45.978, Trans_L2_m: 0.380, Yaw_err_deg: 0.988
Epoch: [18/23], Batch: 390/2963, Loss: 50.789, Trans_L2_m: 0.297, Yaw_err_deg: 0.847
Epoch: [18/23], Batch: 400/2963, Loss: 46.206, Trans_L2_m: 0.358, Yaw_err_deg: 0.773
Epoch: [18/23], Batch: 410/2963, Loss: 53.241, Trans_L2_m: 0.353, Yaw_err_deg: 0.844
Epoch: [18/23], Batch: 420/2963, Loss: 51.141, Trans_L2_m: 0.552, Yaw_err_deg: 0.599
Epoch: [18/23], Batch: 430/2963, Loss: 42.069, Trans_L2_m: 0.340, Yaw_err_deg: 0.660
Epoch: [18/23], Batch: 440/2963, Loss: 48.352, Trans_L2_m: 0.287, Yaw_err_deg: 0.770
Epoch: [18/23], Batch: 450/2963, Loss: 58.220, Trans_L2_m: 0.541, Yaw_err_deg: 1.042
Epoch: [18/23], Batch: 460/2963, Loss: 53.724, Trans_L2_m: 0.397, Yaw_err_deg: 0.995
Epoch: [18/23], Batch: 470/2963, Loss: 50.515, Trans_L2_m: 0.432, Yaw_err_deg: 0.936
Epoch: [18/23], Batch: 480/2963, Loss: 47.538, Trans_L2_m: 0.391, Yaw_err_deg: 0.758
Epoch: [18/23], Batch: 490/2963, Loss: 45.245, Trans_L2_m: 0.314, Yaw_err_deg: 1.127
Epoch: [18/23], Batch: 500/2963, Loss: 45.414, Trans_L2_m: 0.403, Yaw_err_deg: 0.700
Epoch: [18/23], Batch: 510/2963, Loss: 47.625, Trans_L2_m: 0.280, Yaw_err_deg: 0.906
Epoch: [18/23], Batch: 520/2963, Loss: 50.565, Trans_L2_m: 0.272, Yaw_err_deg: 1.068
Epoch: [18/23], Batch: 530/2963, Loss: 38.771, Trans_L2_m: 0.265, Yaw_err_deg: 0.581
Epoch: [18/23], Batch: 540/2963, Loss: 43.364, Trans_L2_m: 0.365, Yaw_err_deg: 0.769
Epoch: [18/23], Batch: 550/2963, Loss: 47.437, Trans_L2_m: 0.390, Yaw_err_deg: 0.953
Epoch: [18/23], Batch: 560/2963, Loss: 51.605, Trans_L2_m: 0.415, Yaw_err_deg: 0.802
Epoch: [18/23], Batch: 570/2963, Loss: 50.791, Trans_L2_m: 0.591, Yaw_err_deg: 0.639
Epoch: [18/23], Batch: 580/2963, Loss: 50.808, Trans_L2_m: 0.344, Yaw_err_deg: 1.169
Epoch: [18/23], Batch: 590/2963, Loss: 51.358, Trans_L2_m: 0.477, Yaw_err_deg: 0.884
Epoch: [18/23], Batch: 600/2963, Loss: 42.744, Trans_L2_m: 0.284, Yaw_err_deg: 0.622
Epoch: [18/23], Batch: 610/2963, Loss: 44.130, Trans_L2_m: 0.570, Yaw_err_deg: 0.550
Epoch: [18/23], Batch: 620/2963, Loss: 47.403, Trans_L2_m: 0.550, Yaw_err_deg: 0.739
Epoch: [18/23], Batch: 630/2963, Loss: 60.314, Trans_L2_m: 0.533, Yaw_err_deg: 1.014
Epoch: [18/23], Batch: 640/2963, Loss: 40.803, Trans_L2_m: 0.329, Yaw_err_deg: 0.759
Epoch: [18/23], Batch: 650/2963, Loss: 49.888, Trans_L2_m: 0.483, Yaw_err_deg: 0.772
Epoch: [18/23], Batch: 660/2963, Loss: 42.626, Trans_L2_m: 0.372, Yaw_err_deg: 0.631
Epoch: [18/23], Batch: 670/2963, Loss: 47.190, Trans_L2_m: 0.345, Yaw_err_deg: 0.745
Epoch: [18/23], Batch: 680/2963, Loss: 79.020, Trans_L2_m: 0.375, Yaw_err_deg: 1.381
Epoch: [18/23], Batch: 690/2963, Loss: 54.497, Trans_L2_m: 0.471, Yaw_err_deg: 0.989
Epoch: [18/23], Batch: 700/2963, Loss: 57.959, Trans_L2_m: 0.506, Yaw_err_deg: 1.038
Epoch: [18/23], Batch: 710/2963, Loss: 48.772, Trans_L2_m: 0.399, Yaw_err_deg: 0.678
Epoch: [18/23], Batch: 720/2963, Loss: 43.268, Trans_L2_m: 0.379, Yaw_err_deg: 0.578
Epoch: [18/23], Batch: 730/2963, Loss: 54.932, Trans_L2_m: 0.577, Yaw_err_deg: 0.684
Epoch: [18/23], Batch: 740/2963, Loss: 50.353, Trans_L2_m: 0.442, Yaw_err_deg: 0.852
Epoch: [18/23], Batch: 750/2963, Loss: 53.041, Trans_L2_m: 0.306, Yaw_err_deg: 1.128
Epoch: [18/23], Batch: 760/2963, Loss: 63.020, Trans_L2_m: 0.362, Yaw_err_deg: 1.155
Epoch: [18/23], Batch: 770/2963, Loss: 53.104, Trans_L2_m: 0.452, Yaw_err_deg: 0.687
Epoch: [18/23], Batch: 780/2963, Loss: 50.209, Trans_L2_m: 0.438, Yaw_err_deg: 0.908
Epoch: [18/23], Batch: 790/2963, Loss: 42.526, Trans_L2_m: 0.400, Yaw_err_deg: 0.607
Epoch: [18/23], Batch: 800/2963, Loss: 43.914, Trans_L2_m: 0.238, Yaw_err_deg: 0.848
Epoch: [18/23], Batch: 810/2963, Loss: 47.169, Trans_L2_m: 0.390, Yaw_err_deg: 0.951
Epoch: [18/23], Batch: 820/2963, Loss: 41.628, Trans_L2_m: 0.351, Yaw_err_deg: 0.655
Epoch: [18/23], Batch: 830/2963, Loss: 55.268, Trans_L2_m: 0.450, Yaw_err_deg: 0.886
Epoch: [18/23], Batch: 840/2963, Loss: 48.438, Trans_L2_m: 0.358, Yaw_err_deg: 0.803
Epoch: [18/23], Batch: 850/2963, Loss: 50.627, Trans_L2_m: 0.380, Yaw_err_deg: 0.744
Epoch: [18/23], Batch: 860/2963, Loss: 58.998, Trans_L2_m: 0.660, Yaw_err_deg: 0.574
Epoch: [18/23], Batch: 870/2963, Loss: 43.388, Trans_L2_m: 0.324, Yaw_err_deg: 0.563
Epoch: [18/23], Batch: 880/2963, Loss: 55.736, Trans_L2_m: 0.379, Yaw_err_deg: 0.807
Epoch: [18/23], Batch: 890/2963, Loss: 49.996, Trans_L2_m: 0.382, Yaw_err_deg: 1.012
Epoch: [18/23], Batch: 900/2963, Loss: 40.891, Trans_L2_m: 0.271, Yaw_err_deg: 0.646
Epoch: [18/23], Batch: 910/2963, Loss: 56.248, Trans_L2_m: 0.470, Yaw_err_deg: 0.525
Epoch: [18/23], Batch: 920/2963, Loss: 47.849, Trans_L2_m: 0.423, Yaw_err_deg: 0.927
Epoch: [18/23], Batch: 930/2963, Loss: 62.689, Trans_L2_m: 0.410, Yaw_err_deg: 1.176
Epoch: [18/23], Batch: 940/2963, Loss: 53.064, Trans_L2_m: 0.415, Yaw_err_deg: 0.760
Epoch: [18/23], Batch: 950/2963, Loss: 50.207, Trans_L2_m: 0.318, Yaw_err_deg: 1.064
Epoch: [18/23], Batch: 960/2963, Loss: 52.513, Trans_L2_m: 0.392, Yaw_err_deg: 1.198
Epoch: [18/23], Batch: 970/2963, Loss: 47.917, Trans_L2_m: 0.385, Yaw_err_deg: 0.869
Epoch: [18/23], Batch: 980/2963, Loss: 44.266, Trans_L2_m: 0.480, Yaw_err_deg: 0.565
Epoch: [18/23], Batch: 990/2963, Loss: 44.670, Trans_L2_m: 0.248, Yaw_err_deg: 0.488
Epoch: [18/23], Batch: 1000/2963, Loss: 45.286, Trans_L2_m: 0.408, Yaw_err_deg: 0.700
Epoch: [18/23], Batch: 1010/2963, Loss: 57.268, Trans_L2_m: 0.530, Yaw_err_deg: 0.564
Epoch: [18/23], Batch: 1020/2963, Loss: 50.747, Trans_L2_m: 0.391, Yaw_err_deg: 1.044
Epoch: [18/23], Batch: 1030/2963, Loss: 46.919, Trans_L2_m: 0.342, Yaw_err_deg: 1.084
Epoch: [18/23], Batch: 1040/2963, Loss: 45.116, Trans_L2_m: 0.382, Yaw_err_deg: 0.502
Epoch: [18/23], Batch: 1050/2963, Loss: 60.525, Trans_L2_m: 0.566, Yaw_err_deg: 0.972
Epoch: [18/23], Batch: 1060/2963, Loss: 47.100, Trans_L2_m: 0.456, Yaw_err_deg: 0.671
Epoch: [18/23], Batch: 1070/2963, Loss: 46.639, Trans_L2_m: 0.542, Yaw_err_deg: 0.587
Epoch: [18/23], Batch: 1080/2963, Loss: 48.294, Trans_L2_m: 0.436, Yaw_err_deg: 0.840
Epoch: [18/23], Batch: 1090/2963, Loss: 43.215, Trans_L2_m: 0.278, Yaw_err_deg: 0.713
Epoch: [18/23], Batch: 1100/2963, Loss: 77.656, Trans_L2_m: 0.401, Yaw_err_deg: 1.632
Epoch: [18/23], Batch: 1110/2963, Loss: 46.756, Trans_L2_m: 0.308, Yaw_err_deg: 0.743
Epoch: [18/23], Batch: 1120/2963, Loss: 48.879, Trans_L2_m: 0.499, Yaw_err_deg: 0.651
Epoch: [18/23], Batch: 1130/2963, Loss: 56.257, Trans_L2_m: 0.590, Yaw_err_deg: 0.986
Epoch: [18/23], Batch: 1140/2963, Loss: 41.462, Trans_L2_m: 0.370, Yaw_err_deg: 0.654
Epoch: [18/23], Batch: 1150/2963, Loss: 53.751, Trans_L2_m: 0.314, Yaw_err_deg: 1.057
Epoch: [18/23], Batch: 1160/2963, Loss: 51.140, Trans_L2_m: 0.248, Yaw_err_deg: 0.839
Epoch: [18/23], Batch: 1170/2963, Loss: 46.338, Trans_L2_m: 0.280, Yaw_err_deg: 0.972
Epoch: [18/23], Batch: 1180/2963, Loss: 50.835, Trans_L2_m: 0.305, Yaw_err_deg: 0.945
Epoch: [18/23], Batch: 1190/2963, Loss: 43.692, Trans_L2_m: 0.294, Yaw_err_deg: 0.600
Epoch: [18/23], Batch: 1200/2963, Loss: 43.523, Trans_L2_m: 0.425, Yaw_err_deg: 0.567
Epoch: [18/23], Batch: 1210/2963, Loss: 51.511, Trans_L2_m: 0.450, Yaw_err_deg: 0.908
Epoch: [18/23], Batch: 1220/2963, Loss: 49.350, Trans_L2_m: 0.444, Yaw_err_deg: 0.585
Epoch: [18/23], Batch: 1230/2963, Loss: 48.271, Trans_L2_m: 0.314, Yaw_err_deg: 1.038
Epoch: [18/23], Batch: 1240/2963, Loss: 44.655, Trans_L2_m: 0.434, Yaw_err_deg: 0.654
Epoch: [18/23], Batch: 1250/2963, Loss: 46.544, Trans_L2_m: 0.425, Yaw_err_deg: 0.658
Epoch: [18/23], Batch: 1260/2963, Loss: 43.084, Trans_L2_m: 0.383, Yaw_err_deg: 0.669
Epoch: [18/23], Batch: 1270/2963, Loss: 44.843, Trans_L2_m: 0.481, Yaw_err_deg: 0.592
Epoch: [18/23], Batch: 1280/2963, Loss: 50.507, Trans_L2_m: 0.508, Yaw_err_deg: 0.900
Epoch: [18/23], Batch: 1290/2963, Loss: 48.091, Trans_L2_m: 0.474, Yaw_err_deg: 0.689
Epoch: [18/23], Batch: 1300/2963, Loss: 46.339, Trans_L2_m: 0.384, Yaw_err_deg: 0.691
Epoch: [18/23], Batch: 1310/2963, Loss: 52.043, Trans_L2_m: 0.565, Yaw_err_deg: 0.644
Epoch: [18/23], Batch: 1320/2963, Loss: 42.067, Trans_L2_m: 0.341, Yaw_err_deg: 0.823
Epoch: [18/23], Batch: 1330/2963, Loss: 48.862, Trans_L2_m: 0.365, Yaw_err_deg: 0.789
Epoch: [18/23], Batch: 1340/2963, Loss: 50.541, Trans_L2_m: 0.433, Yaw_err_deg: 0.774
Epoch: [18/23], Batch: 1350/2963, Loss: 52.617, Trans_L2_m: 0.549, Yaw_err_deg: 0.711
Epoch: [18/23], Batch: 1360/2963, Loss: 47.990, Trans_L2_m: 0.466, Yaw_err_deg: 1.059
Epoch: [18/23], Batch: 1370/2963, Loss: 53.520, Trans_L2_m: 0.371, Yaw_err_deg: 0.877
Epoch: [18/23], Batch: 1380/2963, Loss: 54.887, Trans_L2_m: 0.512, Yaw_err_deg: 0.879
Epoch: [18/23], Batch: 1390/2963, Loss: 50.699, Trans_L2_m: 0.409, Yaw_err_deg: 0.929
Epoch: [18/23], Batch: 1400/2963, Loss: 48.257, Trans_L2_m: 0.348, Yaw_err_deg: 0.676
Epoch: [18/23], Batch: 1410/2963, Loss: 46.301, Trans_L2_m: 0.341, Yaw_err_deg: 0.741
Epoch: [18/23], Batch: 1420/2963, Loss: 50.369, Trans_L2_m: 0.260, Yaw_err_deg: 0.992
Epoch: [18/23], Batch: 1430/2963, Loss: 44.143, Trans_L2_m: 0.344, Yaw_err_deg: 0.711
Epoch: [18/23], Batch: 1440/2963, Loss: 54.292, Trans_L2_m: 0.345, Yaw_err_deg: 0.778
Epoch: [18/23], Batch: 1450/2963, Loss: 49.403, Trans_L2_m: 0.336, Yaw_err_deg: 0.877
Epoch: [18/23], Batch: 1460/2963, Loss: 44.849, Trans_L2_m: 0.434, Yaw_err_deg: 0.756
Epoch: [18/23], Batch: 1470/2963, Loss: 47.149, Trans_L2_m: 0.329, Yaw_err_deg: 0.882
Epoch: [18/23], Batch: 1480/2963, Loss: 47.815, Trans_L2_m: 0.359, Yaw_err_deg: 0.881
Epoch: [18/23], Batch: 1490/2963, Loss: 50.285, Trans_L2_m: 0.386, Yaw_err_deg: 0.941
Epoch: [18/23], Batch: 1500/2963, Loss: 40.787, Trans_L2_m: 0.329, Yaw_err_deg: 0.520
Epoch: [18/23], Batch: 1510/2963, Loss: 57.920, Trans_L2_m: 0.504, Yaw_err_deg: 0.668
Epoch: [18/23], Batch: 1520/2963, Loss: 42.168, Trans_L2_m: 0.303, Yaw_err_deg: 1.013
Epoch: [18/23], Batch: 1530/2963, Loss: 60.753, Trans_L2_m: 0.401, Yaw_err_deg: 1.164
Epoch: [18/23], Batch: 1540/2963, Loss: 42.134, Trans_L2_m: 0.336, Yaw_err_deg: 0.776
Epoch: [18/23], Batch: 1550/2963, Loss: 71.216, Trans_L2_m: 0.342, Yaw_err_deg: 1.456
Epoch: [18/23], Batch: 1560/2963, Loss: 41.316, Trans_L2_m: 0.304, Yaw_err_deg: 0.626
Epoch: [18/23], Batch: 1570/2963, Loss: 45.425, Trans_L2_m: 0.423, Yaw_err_deg: 0.775
Epoch: [18/23], Batch: 1580/2963, Loss: 43.937, Trans_L2_m: 0.421, Yaw_err_deg: 0.558
Epoch: [18/23], Batch: 1590/2963, Loss: 46.707, Trans_L2_m: 0.310, Yaw_err_deg: 0.698
Epoch: [18/23], Batch: 1600/2963, Loss: 56.610, Trans_L2_m: 0.457, Yaw_err_deg: 1.102
Epoch: [18/23], Batch: 1610/2963, Loss: 52.844, Trans_L2_m: 0.432, Yaw_err_deg: 0.811
Epoch: [18/23], Batch: 1620/2963, Loss: 44.850, Trans_L2_m: 0.378, Yaw_err_deg: 0.695
Epoch: [18/23], Batch: 1630/2963, Loss: 51.229, Trans_L2_m: 0.383, Yaw_err_deg: 0.893
Epoch: [18/23], Batch: 1640/2963, Loss: 44.734, Trans_L2_m: 0.407, Yaw_err_deg: 0.556
Epoch: [18/23], Batch: 1650/2963, Loss: 48.203, Trans_L2_m: 0.414, Yaw_err_deg: 0.727
Epoch: [18/23], Batch: 1660/2963, Loss: 44.105, Trans_L2_m: 0.414, Yaw_err_deg: 0.715
Epoch: [18/23], Batch: 1670/2963, Loss: 59.234, Trans_L2_m: 0.331, Yaw_err_deg: 0.857
Epoch: [18/23], Batch: 1680/2963, Loss: 49.363, Trans_L2_m: 0.335, Yaw_err_deg: 0.946
Epoch: [18/23], Batch: 1690/2963, Loss: 41.358, Trans_L2_m: 0.358, Yaw_err_deg: 0.409
Epoch: [18/23], Batch: 1700/2963, Loss: 51.289, Trans_L2_m: 0.509, Yaw_err_deg: 0.510
Epoch: [18/23], Batch: 1710/2963, Loss: 64.519, Trans_L2_m: 0.532, Yaw_err_deg: 1.110
Epoch: [18/23], Batch: 1720/2963, Loss: 49.160, Trans_L2_m: 0.494, Yaw_err_deg: 0.622
Epoch: [18/23], Batch: 1730/2963, Loss: 59.828, Trans_L2_m: 0.341, Yaw_err_deg: 1.363
Epoch: [18/23], Batch: 1740/2963, Loss: 42.440, Trans_L2_m: 0.434, Yaw_err_deg: 0.555
Epoch: [18/23], Batch: 1750/2963, Loss: 44.836, Trans_L2_m: 0.258, Yaw_err_deg: 0.994
Epoch: [18/23], Batch: 1760/2963, Loss: 46.710, Trans_L2_m: 0.311, Yaw_err_deg: 0.919
Epoch: [18/23], Batch: 1770/2963, Loss: 44.570, Trans_L2_m: 0.427, Yaw_err_deg: 0.552
Epoch: [18/23], Batch: 1780/2963, Loss: 50.695, Trans_L2_m: 0.421, Yaw_err_deg: 0.817
Epoch: [18/23], Batch: 1790/2963, Loss: 52.388, Trans_L2_m: 0.494, Yaw_err_deg: 0.530
Epoch: [18/23], Batch: 1800/2963, Loss: 40.935, Trans_L2_m: 0.337, Yaw_err_deg: 0.486
Epoch: [18/23], Batch: 1810/2963, Loss: 45.896, Trans_L2_m: 0.311, Yaw_err_deg: 0.927
Epoch: [18/23], Batch: 1820/2963, Loss: 49.002, Trans_L2_m: 0.420, Yaw_err_deg: 0.704
Epoch: [18/23], Batch: 1830/2963, Loss: 52.232, Trans_L2_m: 0.475, Yaw_err_deg: 0.711
Epoch: [18/23], Batch: 1840/2963, Loss: 50.280, Trans_L2_m: 0.514, Yaw_err_deg: 0.762
Epoch: [18/23], Batch: 1850/2963, Loss: 45.232, Trans_L2_m: 0.439, Yaw_err_deg: 0.585
Epoch: [18/23], Batch: 1860/2963, Loss: 44.583, Trans_L2_m: 0.351, Yaw_err_deg: 0.528
Epoch: [18/23], Batch: 1870/2963, Loss: 49.100, Trans_L2_m: 0.402, Yaw_err_deg: 0.750
Epoch: [18/23], Batch: 1880/2963, Loss: 46.250, Trans_L2_m: 0.484, Yaw_err_deg: 0.595
Epoch: [18/23], Batch: 1890/2963, Loss: 47.624, Trans_L2_m: 0.330, Yaw_err_deg: 0.711
Epoch: [18/23], Batch: 1900/2963, Loss: 53.037, Trans_L2_m: 0.366, Yaw_err_deg: 0.933
Epoch: [18/23], Batch: 1910/2963, Loss: 49.020, Trans_L2_m: 0.629, Yaw_err_deg: 0.335
Epoch: [18/23], Batch: 1920/2963, Loss: 39.802, Trans_L2_m: 0.409, Yaw_err_deg: 0.572
Epoch: [18/23], Batch: 1930/2963, Loss: 57.822, Trans_L2_m: 0.432, Yaw_err_deg: 1.228
Epoch: [18/23], Batch: 1940/2963, Loss: 57.988, Trans_L2_m: 0.460, Yaw_err_deg: 1.032
Epoch: [18/23], Batch: 1950/2963, Loss: 46.352, Trans_L2_m: 0.345, Yaw_err_deg: 0.796
Epoch: [18/23], Batch: 1960/2963, Loss: 81.992, Trans_L2_m: 0.524, Yaw_err_deg: 1.282
Epoch: [18/23], Batch: 1970/2963, Loss: 50.736, Trans_L2_m: 0.446, Yaw_err_deg: 0.771
Epoch: [18/23], Batch: 1980/2963, Loss: 49.650, Trans_L2_m: 0.550, Yaw_err_deg: 0.652
Epoch: [18/23], Batch: 1990/2963, Loss: 43.515, Trans_L2_m: 0.469, Yaw_err_deg: 0.389
Epoch: [18/23], Batch: 2000/2963, Loss: 47.676, Trans_L2_m: 0.480, Yaw_err_deg: 0.968
Epoch: [18/23], Batch: 2010/2963, Loss: 49.646, Trans_L2_m: 0.427, Yaw_err_deg: 0.762
Epoch: [18/23], Batch: 2020/2963, Loss: 49.412, Trans_L2_m: 0.405, Yaw_err_deg: 1.068
Epoch: [18/23], Batch: 2030/2963, Loss: 55.096, Trans_L2_m: 0.405, Yaw_err_deg: 0.662
Epoch: [18/23], Batch: 2040/2963, Loss: 39.196, Trans_L2_m: 0.364, Yaw_err_deg: 0.534
Epoch: [18/23], Batch: 2050/2963, Loss: 52.224, Trans_L2_m: 0.302, Yaw_err_deg: 0.810
Epoch: [18/23], Batch: 2060/2963, Loss: 53.898, Trans_L2_m: 0.334, Yaw_err_deg: 1.197
Epoch: [18/23], Batch: 2070/2963, Loss: 38.155, Trans_L2_m: 0.314, Yaw_err_deg: 0.584
Epoch: [18/23], Batch: 2080/2963, Loss: 51.831, Trans_L2_m: 0.337, Yaw_err_deg: 0.947
Epoch: [18/23], Batch: 2090/2963, Loss: 44.025, Trans_L2_m: 0.416, Yaw_err_deg: 0.516
Epoch: [18/23], Batch: 2100/2963, Loss: 48.540, Trans_L2_m: 0.364, Yaw_err_deg: 0.629
Epoch: [18/23], Batch: 2110/2963, Loss: 42.931, Trans_L2_m: 0.384, Yaw_err_deg: 0.736
Epoch: [18/23], Batch: 2120/2963, Loss: 54.362, Trans_L2_m: 0.441, Yaw_err_deg: 0.951
Epoch: [18/23], Batch: 2130/2963, Loss: 51.630, Trans_L2_m: 0.454, Yaw_err_deg: 0.865
Epoch: [18/23], Batch: 2140/2963, Loss: 46.212, Trans_L2_m: 0.332, Yaw_err_deg: 0.634
Epoch: [18/23], Batch: 2150/2963, Loss: 44.397, Trans_L2_m: 0.347, Yaw_err_deg: 0.844
Epoch: [18/23], Batch: 2160/2963, Loss: 54.182, Trans_L2_m: 0.403, Yaw_err_deg: 1.029
Epoch: [18/23], Batch: 2170/2963, Loss: 47.859, Trans_L2_m: 0.409, Yaw_err_deg: 0.756
Epoch: [18/23], Batch: 2180/2963, Loss: 49.707, Trans_L2_m: 0.533, Yaw_err_deg: 0.813
Epoch: [18/23], Batch: 2190/2963, Loss: 46.077, Trans_L2_m: 0.406, Yaw_err_deg: 0.727
Epoch: [18/23], Batch: 2200/2963, Loss: 52.344, Trans_L2_m: 0.515, Yaw_err_deg: 0.803
Epoch: [18/23], Batch: 2210/2963, Loss: 46.958, Trans_L2_m: 0.334, Yaw_err_deg: 0.803
Epoch: [18/23], Batch: 2220/2963, Loss: 41.423, Trans_L2_m: 0.384, Yaw_err_deg: 0.430
Epoch: [18/23], Batch: 2230/2963, Loss: 44.232, Trans_L2_m: 0.447, Yaw_err_deg: 0.592
Epoch: [18/23], Batch: 2240/2963, Loss: 53.152, Trans_L2_m: 0.523, Yaw_err_deg: 0.919
Epoch: [18/23], Batch: 2250/2963, Loss: 56.908, Trans_L2_m: 0.285, Yaw_err_deg: 1.371
Epoch: [18/23], Batch: 2260/2963, Loss: 41.655, Trans_L2_m: 0.342, Yaw_err_deg: 0.702
Epoch: [18/23], Batch: 2270/2963, Loss: 43.227, Trans_L2_m: 0.417, Yaw_err_deg: 0.666
Epoch: [18/23], Batch: 2280/2963, Loss: 53.066, Trans_L2_m: 0.443, Yaw_err_deg: 0.743
Epoch: [18/23], Batch: 2290/2963, Loss: 46.924, Trans_L2_m: 0.323, Yaw_err_deg: 0.922
Epoch: [18/23], Batch: 2300/2963, Loss: 41.497, Trans_L2_m: 0.292, Yaw_err_deg: 0.664
Epoch: [18/23], Batch: 2310/2963, Loss: 45.474, Trans_L2_m: 0.441, Yaw_err_deg: 0.735
Epoch: [18/23], Batch: 2320/2963, Loss: 42.004, Trans_L2_m: 0.389, Yaw_err_deg: 0.518
Epoch: [18/23], Batch: 2330/2963, Loss: 44.604, Trans_L2_m: 0.415, Yaw_err_deg: 0.690
Epoch: [18/23], Batch: 2340/2963, Loss: 45.856, Trans_L2_m: 0.471, Yaw_err_deg: 0.620
Epoch: [18/23], Batch: 2350/2963, Loss: 42.783, Trans_L2_m: 0.341, Yaw_err_deg: 0.817
Epoch: [18/23], Batch: 2360/2963, Loss: 42.733, Trans_L2_m: 0.431, Yaw_err_deg: 0.581
Epoch: [18/23], Batch: 2370/2963, Loss: 51.756, Trans_L2_m: 0.523, Yaw_err_deg: 0.709
Epoch: [18/23], Batch: 2380/2963, Loss: 44.469, Trans_L2_m: 0.389, Yaw_err_deg: 0.417
Epoch: [18/23], Batch: 2390/2963, Loss: 49.927, Trans_L2_m: 0.314, Yaw_err_deg: 0.883
Epoch: [18/23], Batch: 2400/2963, Loss: 49.648, Trans_L2_m: 0.323, Yaw_err_deg: 0.993
Epoch: [18/23], Batch: 2410/2963, Loss: 49.164, Trans_L2_m: 0.508, Yaw_err_deg: 0.641
Epoch: [18/23], Batch: 2420/2963, Loss: 47.287, Trans_L2_m: 0.426, Yaw_err_deg: 0.811
Epoch: [18/23], Batch: 2430/2963, Loss: 53.146, Trans_L2_m: 0.526, Yaw_err_deg: 0.873
Epoch: [18/23], Batch: 2440/2963, Loss: 45.929, Trans_L2_m: 0.470, Yaw_err_deg: 0.756
Epoch: [18/23], Batch: 2450/2963, Loss: 49.517, Trans_L2_m: 0.381, Yaw_err_deg: 0.777
Epoch: [18/23], Batch: 2460/2963, Loss: 41.872, Trans_L2_m: 0.335, Yaw_err_deg: 0.595
Epoch: [18/23], Batch: 2470/2963, Loss: 45.832, Trans_L2_m: 0.318, Yaw_err_deg: 0.928
Epoch: [18/23], Batch: 2480/2963, Loss: 47.910, Trans_L2_m: 0.339, Yaw_err_deg: 0.943
Epoch: [18/23], Batch: 2490/2963, Loss: 45.575, Trans_L2_m: 0.346, Yaw_err_deg: 0.618
Epoch: [18/23], Batch: 2500/2963, Loss: 41.217, Trans_L2_m: 0.386, Yaw_err_deg: 0.639
Epoch: [18/23], Batch: 2510/2963, Loss: 43.922, Trans_L2_m: 0.422, Yaw_err_deg: 0.800
Epoch: [18/23], Batch: 2520/2963, Loss: 44.535, Trans_L2_m: 0.380, Yaw_err_deg: 0.666
Epoch: [18/23], Batch: 2530/2963, Loss: 47.653, Trans_L2_m: 0.315, Yaw_err_deg: 0.925
Epoch: [18/23], Batch: 2540/2963, Loss: 44.453, Trans_L2_m: 0.380, Yaw_err_deg: 0.396
Epoch: [18/23], Batch: 2550/2963, Loss: 49.468, Trans_L2_m: 0.432, Yaw_err_deg: 0.732
Epoch: [18/23], Batch: 2560/2963, Loss: 45.644, Trans_L2_m: 0.268, Yaw_err_deg: 0.626
Epoch: [18/23], Batch: 2570/2963, Loss: 55.930, Trans_L2_m: 0.567, Yaw_err_deg: 1.056
Epoch: [18/23], Batch: 2580/2963, Loss: 58.306, Trans_L2_m: 0.373, Yaw_err_deg: 1.091
Epoch: [18/23], Batch: 2590/2963, Loss: 46.269, Trans_L2_m: 0.411, Yaw_err_deg: 0.892
Epoch: [18/23], Batch: 2600/2963, Loss: 46.063, Trans_L2_m: 0.361, Yaw_err_deg: 0.691
Epoch: [18/23], Batch: 2610/2963, Loss: 48.198, Trans_L2_m: 0.434, Yaw_err_deg: 0.749
Epoch: [18/23], Batch: 2620/2963, Loss: 50.738, Trans_L2_m: 0.331, Yaw_err_deg: 1.016
Epoch: [18/23], Batch: 2630/2963, Loss: 41.699, Trans_L2_m: 0.266, Yaw_err_deg: 0.704
Epoch: [18/23], Batch: 2640/2963, Loss: 42.220, Trans_L2_m: 0.309, Yaw_err_deg: 0.648
Epoch: [18/23], Batch: 2650/2963, Loss: 44.452, Trans_L2_m: 0.431, Yaw_err_deg: 0.870
Epoch: [18/23], Batch: 2660/2963, Loss: 50.947, Trans_L2_m: 0.420, Yaw_err_deg: 0.961
Epoch: [18/23], Batch: 2670/2963, Loss: 51.040, Trans_L2_m: 0.438, Yaw_err_deg: 1.008
Epoch: [18/23], Batch: 2680/2963, Loss: 47.609, Trans_L2_m: 0.364, Yaw_err_deg: 0.856
Epoch: [18/23], Batch: 2690/2963, Loss: 48.298, Trans_L2_m: 0.327, Yaw_err_deg: 0.725
Epoch: [18/23], Batch: 2700/2963, Loss: 48.979, Trans_L2_m: 0.501, Yaw_err_deg: 0.817
Epoch: [18/23], Batch: 2710/2963, Loss: 44.486, Trans_L2_m: 0.337, Yaw_err_deg: 0.798
Epoch: [18/23], Batch: 2720/2963, Loss: 48.713, Trans_L2_m: 0.463, Yaw_err_deg: 0.816
Epoch: [18/23], Batch: 2730/2963, Loss: 38.904, Trans_L2_m: 0.293, Yaw_err_deg: 0.601
Epoch: [18/23], Batch: 2740/2963, Loss: 42.211, Trans_L2_m: 0.411, Yaw_err_deg: 0.595
Epoch: [18/23], Batch: 2750/2963, Loss: 60.163, Trans_L2_m: 0.428, Yaw_err_deg: 0.901
Epoch: [18/23], Batch: 2760/2963, Loss: 49.891, Trans_L2_m: 0.455, Yaw_err_deg: 0.793
Epoch: [18/23], Batch: 2770/2963, Loss: 47.283, Trans_L2_m: 0.406, Yaw_err_deg: 0.522
Epoch: [18/23], Batch: 2780/2963, Loss: 49.178, Trans_L2_m: 0.485, Yaw_err_deg: 0.683
Epoch: [18/23], Batch: 2790/2963, Loss: 51.011, Trans_L2_m: 0.392, Yaw_err_deg: 0.905
Epoch: [18/23], Batch: 2800/2963, Loss: 49.280, Trans_L2_m: 0.495, Yaw_err_deg: 0.733
Epoch: [18/23], Batch: 2810/2963, Loss: 46.398, Trans_L2_m: 0.342, Yaw_err_deg: 0.697
Epoch: [18/23], Batch: 2820/2963, Loss: 43.749, Trans_L2_m: 0.464, Yaw_err_deg: 0.565
Epoch: [18/23], Batch: 2830/2963, Loss: 46.493, Trans_L2_m: 0.514, Yaw_err_deg: 0.610
Epoch: [18/23], Batch: 2840/2963, Loss: 47.707, Trans_L2_m: 0.327, Yaw_err_deg: 0.942
Epoch: [18/23], Batch: 2850/2963, Loss: 41.194, Trans_L2_m: 0.368, Yaw_err_deg: 0.634
Epoch: [18/23], Batch: 2860/2963, Loss: 44.182, Trans_L2_m: 0.359, Yaw_err_deg: 0.788
Epoch: [18/23], Batch: 2870/2963, Loss: 52.728, Trans_L2_m: 0.513, Yaw_err_deg: 0.692
Epoch: [18/23], Batch: 2880/2963, Loss: 47.664, Trans_L2_m: 0.336, Yaw_err_deg: 0.778
Epoch: [18/23], Batch: 2890/2963, Loss: 50.601, Trans_L2_m: 0.531, Yaw_err_deg: 0.712
Epoch: [18/23], Batch: 2900/2963, Loss: 49.636, Trans_L2_m: 0.453, Yaw_err_deg: 0.886
Epoch: [18/23], Batch: 2910/2963, Loss: 43.746, Trans_L2_m: 0.359, Yaw_err_deg: 0.695
Epoch: [18/23], Batch: 2920/2963, Loss: 43.566, Trans_L2_m: 0.440, Yaw_err_deg: 0.727
Epoch: [18/23], Batch: 2930/2963, Loss: 62.461, Trans_L2_m: 0.507, Yaw_err_deg: 1.412
Epoch: [18/23], Batch: 2940/2963, Loss: 49.851, Trans_L2_m: 0.359, Yaw_err_deg: 0.763
Epoch: [18/23], Batch: 2950/2963, Loss: 48.948, Trans_L2_m: 0.391, Yaw_err_deg: 0.870
Epoch: [18/23], Batch: 2960/2963, Loss: 42.624, Trans_L2_m: 0.414, Yaw_err_deg: 0.447
Epoch: [19/23], Batch: 0/2963, Loss: 51.181, Trans_L2_m: 0.495, Yaw_err_deg: 0.752
Epoch: [19/23], Batch: 10/2963, Loss: 45.667, Trans_L2_m: 0.245, Yaw_err_deg: 0.840
Epoch: [19/23], Batch: 20/2963, Loss: 45.624, Trans_L2_m: 0.380, Yaw_err_deg: 0.887
Epoch: [19/23], Batch: 30/2963, Loss: 42.765, Trans_L2_m: 0.386, Yaw_err_deg: 0.509
Epoch: [19/23], Batch: 40/2963, Loss: 43.148, Trans_L2_m: 0.478, Yaw_err_deg: 0.531
Epoch: [19/23], Batch: 50/2963, Loss: 50.781, Trans_L2_m: 0.505, Yaw_err_deg: 0.765
Epoch: [19/23], Batch: 60/2963, Loss: 54.145, Trans_L2_m: 0.355, Yaw_err_deg: 1.188
Epoch: [19/23], Batch: 70/2963, Loss: 39.021, Trans_L2_m: 0.315, Yaw_err_deg: 0.477
Epoch: [19/23], Batch: 80/2963, Loss: 42.797, Trans_L2_m: 0.455, Yaw_err_deg: 0.429
Epoch: [19/23], Batch: 90/2963, Loss: 46.940, Trans_L2_m: 0.342, Yaw_err_deg: 0.645
Epoch: [19/23], Batch: 100/2963, Loss: 52.931, Trans_L2_m: 0.457, Yaw_err_deg: 0.840
Epoch: [19/23], Batch: 110/2963, Loss: 45.012, Trans_L2_m: 0.429, Yaw_err_deg: 0.677
Epoch: [19/23], Batch: 120/2963, Loss: 43.501, Trans_L2_m: 0.383, Yaw_err_deg: 0.510
Epoch: [19/23], Batch: 130/2963, Loss: 53.308, Trans_L2_m: 0.470, Yaw_err_deg: 0.781
Epoch: [19/23], Batch: 140/2963, Loss: 43.934, Trans_L2_m: 0.365, Yaw_err_deg: 0.661
Epoch: [19/23], Batch: 150/2963, Loss: 43.920, Trans_L2_m: 0.476, Yaw_err_deg: 0.567
Epoch: [19/23], Batch: 160/2963, Loss: 38.762, Trans_L2_m: 0.275, Yaw_err_deg: 0.630
Epoch: [19/23], Batch: 170/2963, Loss: 47.155, Trans_L2_m: 0.357, Yaw_err_deg: 0.807
Epoch: [19/23], Batch: 180/2963, Loss: 52.615, Trans_L2_m: 0.411, Yaw_err_deg: 0.872
Epoch: [19/23], Batch: 190/2963, Loss: 51.810, Trans_L2_m: 0.318, Yaw_err_deg: 1.132
Epoch: [19/23], Batch: 200/2963, Loss: 45.865, Trans_L2_m: 0.390, Yaw_err_deg: 0.759
Epoch: [19/23], Batch: 210/2963, Loss: 47.770, Trans_L2_m: 0.470, Yaw_err_deg: 0.959
Epoch: [19/23], Batch: 220/2963, Loss: 44.546, Trans_L2_m: 0.362, Yaw_err_deg: 0.537
Epoch: [19/23], Batch: 230/2963, Loss: 46.612, Trans_L2_m: 0.295, Yaw_err_deg: 0.797
Epoch: [19/23], Batch: 240/2963, Loss: 44.061, Trans_L2_m: 0.319, Yaw_err_deg: 0.848
Epoch: [19/23], Batch: 250/2963, Loss: 48.533, Trans_L2_m: 0.366, Yaw_err_deg: 0.588
Epoch: [19/23], Batch: 260/2963, Loss: 46.982, Trans_L2_m: 0.391, Yaw_err_deg: 0.846
Epoch: [19/23], Batch: 270/2963, Loss: 39.001, Trans_L2_m: 0.300, Yaw_err_deg: 0.638
Epoch: [19/23], Batch: 280/2963, Loss: 41.263, Trans_L2_m: 0.409, Yaw_err_deg: 0.475
Epoch: [19/23], Batch: 290/2963, Loss: 42.802, Trans_L2_m: 0.294, Yaw_err_deg: 0.710
Epoch: [19/23], Batch: 300/2963, Loss: 42.700, Trans_L2_m: 0.281, Yaw_err_deg: 0.649
Epoch: [19/23], Batch: 310/2963, Loss: 58.376, Trans_L2_m: 0.473, Yaw_err_deg: 0.980
Epoch: [19/23], Batch: 320/2963, Loss: 48.664, Trans_L2_m: 0.508, Yaw_err_deg: 0.642
Epoch: [19/23], Batch: 330/2963, Loss: 40.905, Trans_L2_m: 0.280, Yaw_err_deg: 0.711
Epoch: [19/23], Batch: 340/2963, Loss: 50.592, Trans_L2_m: 0.451, Yaw_err_deg: 0.736
Epoch: [19/23], Batch: 350/2963, Loss: 59.978, Trans_L2_m: 0.396, Yaw_err_deg: 1.256
Epoch: [19/23], Batch: 360/2963, Loss: 40.250, Trans_L2_m: 0.306, Yaw_err_deg: 0.506
Epoch: [19/23], Batch: 370/2963, Loss: 53.418, Trans_L2_m: 0.362, Yaw_err_deg: 0.662
Epoch: [19/23], Batch: 380/2963, Loss: 40.605, Trans_L2_m: 0.346, Yaw_err_deg: 0.536
Epoch: [19/23], Batch: 390/2963, Loss: 45.934, Trans_L2_m: 0.293, Yaw_err_deg: 0.695
Epoch: [19/23], Batch: 400/2963, Loss: 49.608, Trans_L2_m: 0.368, Yaw_err_deg: 0.650
Epoch: [19/23], Batch: 410/2963, Loss: 48.745, Trans_L2_m: 0.477, Yaw_err_deg: 0.944
Epoch: [19/23], Batch: 420/2963, Loss: 46.346, Trans_L2_m: 0.407, Yaw_err_deg: 0.787
Epoch: [19/23], Batch: 430/2963, Loss: 50.991, Trans_L2_m: 0.371, Yaw_err_deg: 0.773
Epoch: [19/23], Batch: 440/2963, Loss: 44.368, Trans_L2_m: 0.462, Yaw_err_deg: 0.611
Epoch: [19/23], Batch: 450/2963, Loss: 58.724, Trans_L2_m: 0.509, Yaw_err_deg: 0.755
Epoch: [19/23], Batch: 460/2963, Loss: 48.402, Trans_L2_m: 0.469, Yaw_err_deg: 0.743
Epoch: [19/23], Batch: 470/2963, Loss: 42.201, Trans_L2_m: 0.338, Yaw_err_deg: 0.786
Epoch: [19/23], Batch: 480/2963, Loss: 38.492, Trans_L2_m: 0.257, Yaw_err_deg: 0.766
Epoch: [19/23], Batch: 490/2963, Loss: 52.531, Trans_L2_m: 0.371, Yaw_err_deg: 0.883
Epoch: [19/23], Batch: 500/2963, Loss: 44.016, Trans_L2_m: 0.363, Yaw_err_deg: 0.582
Epoch: [19/23], Batch: 510/2963, Loss: 48.694, Trans_L2_m: 0.325, Yaw_err_deg: 1.076
Epoch: [19/23], Batch: 520/2963, Loss: 47.298, Trans_L2_m: 0.397, Yaw_err_deg: 0.973
Epoch: [19/23], Batch: 530/2963, Loss: 56.896, Trans_L2_m: 0.533, Yaw_err_deg: 0.432
Epoch: [19/23], Batch: 540/2963, Loss: 46.494, Trans_L2_m: 0.373, Yaw_err_deg: 0.668
Epoch: [19/23], Batch: 550/2963, Loss: 47.890, Trans_L2_m: 0.423, Yaw_err_deg: 0.722
Epoch: [19/23], Batch: 560/2963, Loss: 51.387, Trans_L2_m: 0.519, Yaw_err_deg: 0.714
Epoch: [19/23], Batch: 570/2963, Loss: 53.977, Trans_L2_m: 0.345, Yaw_err_deg: 1.095
Epoch: [19/23], Batch: 580/2963, Loss: 49.807, Trans_L2_m: 0.428, Yaw_err_deg: 0.661
Epoch: [19/23], Batch: 590/2963, Loss: 42.901, Trans_L2_m: 0.307, Yaw_err_deg: 0.703
Epoch: [19/23], Batch: 600/2963, Loss: 51.338, Trans_L2_m: 0.429, Yaw_err_deg: 0.805
Epoch: [19/23], Batch: 610/2963, Loss: 43.768, Trans_L2_m: 0.333, Yaw_err_deg: 0.796
Epoch: [19/23], Batch: 620/2963, Loss: 44.295, Trans_L2_m: 0.325, Yaw_err_deg: 0.633
Epoch: [19/23], Batch: 630/2963, Loss: 39.588, Trans_L2_m: 0.305, Yaw_err_deg: 0.723
Epoch: [19/23], Batch: 640/2963, Loss: 45.611, Trans_L2_m: 0.456, Yaw_err_deg: 0.849
Epoch: [19/23], Batch: 650/2963, Loss: 48.593, Trans_L2_m: 0.568, Yaw_err_deg: 0.734
Epoch: [19/23], Batch: 660/2963, Loss: 45.699, Trans_L2_m: 0.378, Yaw_err_deg: 0.505
Epoch: [19/23], Batch: 670/2963, Loss: 45.199, Trans_L2_m: 0.369, Yaw_err_deg: 0.844
Epoch: [19/23], Batch: 680/2963, Loss: 52.802, Trans_L2_m: 0.354, Yaw_err_deg: 0.939
Epoch: [19/23], Batch: 690/2963, Loss: 41.058, Trans_L2_m: 0.366, Yaw_err_deg: 0.562
Epoch: [19/23], Batch: 700/2963, Loss: 50.425, Trans_L2_m: 0.363, Yaw_err_deg: 0.742
Epoch: [19/23], Batch: 710/2963, Loss: 45.331, Trans_L2_m: 0.491, Yaw_err_deg: 0.581
Epoch: [19/23], Batch: 720/2963, Loss: 39.369, Trans_L2_m: 0.294, Yaw_err_deg: 0.700
Epoch: [19/23], Batch: 730/2963, Loss: 48.417, Trans_L2_m: 0.417, Yaw_err_deg: 0.675
Epoch: [19/23], Batch: 740/2963, Loss: 53.060, Trans_L2_m: 0.336, Yaw_err_deg: 0.872
Epoch: [19/23], Batch: 750/2963, Loss: 42.526, Trans_L2_m: 0.331, Yaw_err_deg: 0.612
Epoch: [19/23], Batch: 760/2963, Loss: 38.455, Trans_L2_m: 0.417, Yaw_err_deg: 0.404
Epoch: [19/23], Batch: 770/2963, Loss: 52.553, Trans_L2_m: 0.407, Yaw_err_deg: 0.615
Epoch: [19/23], Batch: 780/2963, Loss: 55.282, Trans_L2_m: 0.407, Yaw_err_deg: 1.214
Epoch: [19/23], Batch: 790/2963, Loss: 51.051, Trans_L2_m: 0.405, Yaw_err_deg: 0.983
Epoch: [19/23], Batch: 800/2963, Loss: 45.583, Trans_L2_m: 0.396, Yaw_err_deg: 0.573
Epoch: [19/23], Batch: 810/2963, Loss: 44.544, Trans_L2_m: 0.455, Yaw_err_deg: 0.646
Epoch: [19/23], Batch: 820/2963, Loss: 285.684, Trans_L2_m: 0.311, Yaw_err_deg: 2.660
Epoch: [19/23], Batch: 830/2963, Loss: 47.302, Trans_L2_m: 0.453, Yaw_err_deg: 0.745
Epoch: [19/23], Batch: 840/2963, Loss: 45.756, Trans_L2_m: 0.450, Yaw_err_deg: 0.631
Epoch: [19/23], Batch: 850/2963, Loss: 41.146, Trans_L2_m: 0.322, Yaw_err_deg: 0.773
Epoch: [19/23], Batch: 860/2963, Loss: 48.725, Trans_L2_m: 0.436, Yaw_err_deg: 0.573
Epoch: [19/23], Batch: 870/2963, Loss: 38.317, Trans_L2_m: 0.322, Yaw_err_deg: 0.797
Epoch: [19/23], Batch: 880/2963, Loss: 44.352, Trans_L2_m: 0.441, Yaw_err_deg: 0.531
Epoch: [19/23], Batch: 890/2963, Loss: 52.775, Trans_L2_m: 0.396, Yaw_err_deg: 0.718
Epoch: [19/23], Batch: 900/2963, Loss: 45.798, Trans_L2_m: 0.421, Yaw_err_deg: 0.971
Epoch: [19/23], Batch: 910/2963, Loss: 47.955, Trans_L2_m: 0.300, Yaw_err_deg: 0.899
Epoch: [19/23], Batch: 920/2963, Loss: 58.946, Trans_L2_m: 0.403, Yaw_err_deg: 1.080
Epoch: [19/23], Batch: 930/2963, Loss: 41.145, Trans_L2_m: 0.266, Yaw_err_deg: 0.588
Epoch: [19/23], Batch: 940/2963, Loss: 44.914, Trans_L2_m: 0.376, Yaw_err_deg: 0.760
Epoch: [19/23], Batch: 950/2963, Loss: 45.447, Trans_L2_m: 0.371, Yaw_err_deg: 0.885
Epoch: [19/23], Batch: 960/2963, Loss: 45.374, Trans_L2_m: 0.320, Yaw_err_deg: 0.760
Epoch: [19/23], Batch: 970/2963, Loss: 44.369, Trans_L2_m: 0.306, Yaw_err_deg: 0.815
Epoch: [19/23], Batch: 980/2963, Loss: 43.653, Trans_L2_m: 0.389, Yaw_err_deg: 0.821
Epoch: [19/23], Batch: 990/2963, Loss: 58.763, Trans_L2_m: 0.517, Yaw_err_deg: 1.125
Epoch: [19/23], Batch: 1000/2963, Loss: 45.949, Trans_L2_m: 0.403, Yaw_err_deg: 0.841
Epoch: [19/23], Batch: 1010/2963, Loss: 42.964, Trans_L2_m: 0.271, Yaw_err_deg: 0.691
Epoch: [19/23], Batch: 1020/2963, Loss: 46.891, Trans_L2_m: 0.389, Yaw_err_deg: 0.673
Epoch: [19/23], Batch: 1030/2963, Loss: 51.089, Trans_L2_m: 0.477, Yaw_err_deg: 0.787
Epoch: [19/23], Batch: 1040/2963, Loss: 48.034, Trans_L2_m: 0.477, Yaw_err_deg: 0.798
Epoch: [19/23], Batch: 1050/2963, Loss: 45.733, Trans_L2_m: 0.500, Yaw_err_deg: 0.639
Epoch: [19/23], Batch: 1060/2963, Loss: 47.424, Trans_L2_m: 0.399, Yaw_err_deg: 0.816
Epoch: [19/23], Batch: 1070/2963, Loss: 43.101, Trans_L2_m: 0.331, Yaw_err_deg: 0.741
Epoch: [19/23], Batch: 1080/2963, Loss: 49.424, Trans_L2_m: 0.488, Yaw_err_deg: 0.633
Epoch: [19/23], Batch: 1090/2963, Loss: 50.571, Trans_L2_m: 0.335, Yaw_err_deg: 0.603
Epoch: [19/23], Batch: 1100/2963, Loss: 51.421, Trans_L2_m: 0.451, Yaw_err_deg: 0.830
Epoch: [19/23], Batch: 1110/2963, Loss: 49.199, Trans_L2_m: 0.347, Yaw_err_deg: 0.950
Epoch: [19/23], Batch: 1120/2963, Loss: 41.277, Trans_L2_m: 0.309, Yaw_err_deg: 0.838
Epoch: [19/23], Batch: 1130/2963, Loss: 42.742, Trans_L2_m: 0.529, Yaw_err_deg: 0.525
Epoch: [19/23], Batch: 1140/2963, Loss: 51.661, Trans_L2_m: 0.471, Yaw_err_deg: 0.829
Epoch: [19/23], Batch: 1150/2963, Loss: 42.214, Trans_L2_m: 0.291, Yaw_err_deg: 0.660
Epoch: [19/23], Batch: 1160/2963, Loss: 43.027, Trans_L2_m: 0.385, Yaw_err_deg: 0.677
Epoch: [19/23], Batch: 1170/2963, Loss: 47.597, Trans_L2_m: 0.391, Yaw_err_deg: 0.632
Epoch: [19/23], Batch: 1180/2963, Loss: 44.895, Trans_L2_m: 0.379, Yaw_err_deg: 0.659
Epoch: [19/23], Batch: 1190/2963, Loss: 39.974, Trans_L2_m: 0.327, Yaw_err_deg: 0.605
Epoch: [19/23], Batch: 1200/2963, Loss: 42.426, Trans_L2_m: 0.330, Yaw_err_deg: 0.706
Epoch: [19/23], Batch: 1210/2963, Loss: 43.680, Trans_L2_m: 0.363, Yaw_err_deg: 0.689
Epoch: [19/23], Batch: 1220/2963, Loss: 48.930, Trans_L2_m: 0.281, Yaw_err_deg: 1.277
Epoch: [19/23], Batch: 1230/2963, Loss: 44.813, Trans_L2_m: 0.352, Yaw_err_deg: 0.628
Epoch: [19/23], Batch: 1240/2963, Loss: 52.079, Trans_L2_m: 0.395, Yaw_err_deg: 0.913
Epoch: [19/23], Batch: 1250/2963, Loss: 46.113, Trans_L2_m: 0.426, Yaw_err_deg: 0.659
Epoch: [19/23], Batch: 1260/2963, Loss: 42.336, Trans_L2_m: 0.344, Yaw_err_deg: 0.651
Epoch: [19/23], Batch: 1270/2963, Loss: 46.969, Trans_L2_m: 0.336, Yaw_err_deg: 0.829
Epoch: [19/23], Batch: 1280/2963, Loss: 51.600, Trans_L2_m: 0.367, Yaw_err_deg: 0.769
Epoch: [19/23], Batch: 1290/2963, Loss: 38.076, Trans_L2_m: 0.299, Yaw_err_deg: 0.500
Epoch: [19/23], Batch: 1300/2963, Loss: 42.748, Trans_L2_m: 0.404, Yaw_err_deg: 0.882
Epoch: [19/23], Batch: 1310/2963, Loss: 44.782, Trans_L2_m: 0.384, Yaw_err_deg: 0.621
Epoch: [19/23], Batch: 1320/2963, Loss: 45.221, Trans_L2_m: 0.425, Yaw_err_deg: 0.635
Epoch: [19/23], Batch: 1330/2963, Loss: 51.847, Trans_L2_m: 0.318, Yaw_err_deg: 1.161
Epoch: [19/23], Batch: 1340/2963, Loss: 45.867, Trans_L2_m: 0.364, Yaw_err_deg: 0.876
Epoch: [19/23], Batch: 1350/2963, Loss: 44.771, Trans_L2_m: 0.350, Yaw_err_deg: 0.727
Epoch: [19/23], Batch: 1360/2963, Loss: 39.317, Trans_L2_m: 0.392, Yaw_err_deg: 0.548
Epoch: [19/23], Batch: 1370/2963, Loss: 48.214, Trans_L2_m: 0.510, Yaw_err_deg: 0.843
Epoch: [19/23], Batch: 1380/2963, Loss: 50.802, Trans_L2_m: 0.495, Yaw_err_deg: 0.679
Epoch: [19/23], Batch: 1390/2963, Loss: 48.067, Trans_L2_m: 0.439, Yaw_err_deg: 0.878
Epoch: [19/23], Batch: 1400/2963, Loss: 45.120, Trans_L2_m: 0.400, Yaw_err_deg: 0.696
Epoch: [19/23], Batch: 1410/2963, Loss: 46.502, Trans_L2_m: 0.430, Yaw_err_deg: 0.510
Epoch: [19/23], Batch: 1420/2963, Loss: 46.258, Trans_L2_m: 0.354, Yaw_err_deg: 0.803
Epoch: [19/23], Batch: 1430/2963, Loss: 47.333, Trans_L2_m: 0.509, Yaw_err_deg: 0.720
Epoch: [19/23], Batch: 1440/2963, Loss: 42.138, Trans_L2_m: 0.421, Yaw_err_deg: 0.360
Epoch: [19/23], Batch: 1450/2963, Loss: 56.505, Trans_L2_m: 0.381, Yaw_err_deg: 0.938
Epoch: [19/23], Batch: 1460/2963, Loss: 45.687, Trans_L2_m: 0.501, Yaw_err_deg: 0.533
Epoch: [19/23], Batch: 1470/2963, Loss: 42.203, Trans_L2_m: 0.398, Yaw_err_deg: 0.641
Epoch: [19/23], Batch: 1480/2963, Loss: 41.029, Trans_L2_m: 0.261, Yaw_err_deg: 0.724
Epoch: [19/23], Batch: 1490/2963, Loss: 40.304, Trans_L2_m: 0.287, Yaw_err_deg: 0.499
Epoch: [19/23], Batch: 1500/2963, Loss: 54.694, Trans_L2_m: 0.457, Yaw_err_deg: 0.747
Epoch: [19/23], Batch: 1510/2963, Loss: 45.773, Trans_L2_m: 0.349, Yaw_err_deg: 0.635
Epoch: [19/23], Batch: 1520/2963, Loss: 46.162, Trans_L2_m: 0.351, Yaw_err_deg: 0.635
Epoch: [19/23], Batch: 1530/2963, Loss: 53.637, Trans_L2_m: 0.473, Yaw_err_deg: 0.829
Epoch: [19/23], Batch: 1540/2963, Loss: 42.305, Trans_L2_m: 0.436, Yaw_err_deg: 0.502
Epoch: [19/23], Batch: 1550/2963, Loss: 53.012, Trans_L2_m: 0.440, Yaw_err_deg: 0.717
Epoch: [19/23], Batch: 1560/2963, Loss: 53.255, Trans_L2_m: 0.411, Yaw_err_deg: 0.860
Epoch: [19/23], Batch: 1570/2963, Loss: 44.731, Trans_L2_m: 0.492, Yaw_err_deg: 0.666
Epoch: [19/23], Batch: 1580/2963, Loss: 39.550, Trans_L2_m: 0.304, Yaw_err_deg: 0.595
Epoch: [19/23], Batch: 1590/2963, Loss: 41.549, Trans_L2_m: 0.239, Yaw_err_deg: 0.576
Epoch: [19/23], Batch: 1600/2963, Loss: 52.000, Trans_L2_m: 0.406, Yaw_err_deg: 0.841
Epoch: [19/23], Batch: 1610/2963, Loss: 46.984, Trans_L2_m: 0.450, Yaw_err_deg: 0.606
Epoch: [19/23], Batch: 1620/2963, Loss: 42.379, Trans_L2_m: 0.330, Yaw_err_deg: 0.817
Epoch: [19/23], Batch: 1630/2963, Loss: 48.671, Trans_L2_m: 0.401, Yaw_err_deg: 0.806
Epoch: [19/23], Batch: 1640/2963, Loss: 48.689, Trans_L2_m: 0.504, Yaw_err_deg: 0.693
Epoch: [19/23], Batch: 1650/2963, Loss: 42.702, Trans_L2_m: 0.341, Yaw_err_deg: 0.755
Epoch: [19/23], Batch: 1660/2963, Loss: 47.723, Trans_L2_m: 0.396, Yaw_err_deg: 0.555
Epoch: [19/23], Batch: 1670/2963, Loss: 46.327, Trans_L2_m: 0.352, Yaw_err_deg: 1.047
Epoch: [19/23], Batch: 1680/2963, Loss: 47.057, Trans_L2_m: 0.389, Yaw_err_deg: 0.666
Epoch: [19/23], Batch: 1690/2963, Loss: 57.815, Trans_L2_m: 0.444, Yaw_err_deg: 0.761
Epoch: [19/23], Batch: 1700/2963, Loss: 40.372, Trans_L2_m: 0.303, Yaw_err_deg: 0.710
Epoch: [19/23], Batch: 1710/2963, Loss: 57.548, Trans_L2_m: 0.556, Yaw_err_deg: 0.829
Epoch: [19/23], Batch: 1720/2963, Loss: 53.069, Trans_L2_m: 0.436, Yaw_err_deg: 1.026
Epoch: [19/23], Batch: 1730/2963, Loss: 47.805, Trans_L2_m: 0.421, Yaw_err_deg: 0.809
Epoch: [19/23], Batch: 1740/2963, Loss: 84.491, Trans_L2_m: 0.357, Yaw_err_deg: 0.982
Epoch: [19/23], Batch: 1750/2963, Loss: 43.050, Trans_L2_m: 0.371, Yaw_err_deg: 0.775
Epoch: [19/23], Batch: 1760/2963, Loss: 46.117, Trans_L2_m: 0.331, Yaw_err_deg: 0.840
Epoch: [19/23], Batch: 1770/2963, Loss: 46.178, Trans_L2_m: 0.389, Yaw_err_deg: 0.732
Epoch: [19/23], Batch: 1780/2963, Loss: 39.056, Trans_L2_m: 0.253, Yaw_err_deg: 0.761
Epoch: [19/23], Batch: 1790/2963, Loss: 43.997, Trans_L2_m: 0.393, Yaw_err_deg: 0.795
Epoch: [19/23], Batch: 1800/2963, Loss: 43.884, Trans_L2_m: 0.340, Yaw_err_deg: 0.606
Epoch: [19/23], Batch: 1810/2963, Loss: 50.649, Trans_L2_m: 0.472, Yaw_err_deg: 0.655
Epoch: [19/23], Batch: 1820/2963, Loss: 49.346, Trans_L2_m: 0.351, Yaw_err_deg: 0.871
Epoch: [19/23], Batch: 1830/2963, Loss: 41.835, Trans_L2_m: 0.346, Yaw_err_deg: 0.545
Epoch: [19/23], Batch: 1840/2963, Loss: 42.568, Trans_L2_m: 0.422, Yaw_err_deg: 0.695
Epoch: [19/23], Batch: 1850/2963, Loss: 46.653, Trans_L2_m: 0.286, Yaw_err_deg: 0.742
Epoch: [19/23], Batch: 1860/2963, Loss: 41.172, Trans_L2_m: 0.273, Yaw_err_deg: 0.656
Epoch: [19/23], Batch: 1870/2963, Loss: 50.384, Trans_L2_m: 0.442, Yaw_err_deg: 0.839
Epoch: [19/23], Batch: 1880/2963, Loss: 48.870, Trans_L2_m: 0.303, Yaw_err_deg: 0.882
Epoch: [19/23], Batch: 1890/2963, Loss: 47.064, Trans_L2_m: 0.304, Yaw_err_deg: 0.748
Epoch: [19/23], Batch: 1900/2963, Loss: 49.960, Trans_L2_m: 0.474, Yaw_err_deg: 0.426
Epoch: [19/23], Batch: 1910/2963, Loss: 45.999, Trans_L2_m: 0.590, Yaw_err_deg: 0.513
Epoch: [19/23], Batch: 1920/2963, Loss: 44.424, Trans_L2_m: 0.275, Yaw_err_deg: 0.798
Epoch: [19/23], Batch: 1930/2963, Loss: 48.734, Trans_L2_m: 0.400, Yaw_err_deg: 0.543
Epoch: [19/23], Batch: 1940/2963, Loss: 46.467, Trans_L2_m: 0.415, Yaw_err_deg: 0.743
Epoch: [19/23], Batch: 1950/2963, Loss: 40.228, Trans_L2_m: 0.340, Yaw_err_deg: 0.704
Epoch: [19/23], Batch: 1960/2963, Loss: 57.610, Trans_L2_m: 0.401, Yaw_err_deg: 0.911
Epoch: [19/23], Batch: 1970/2963, Loss: 49.870, Trans_L2_m: 0.381, Yaw_err_deg: 0.674
Epoch: [19/23], Batch: 1980/2963, Loss: 42.308, Trans_L2_m: 0.297, Yaw_err_deg: 0.683
Epoch: [19/23], Batch: 1990/2963, Loss: 47.846, Trans_L2_m: 0.418, Yaw_err_deg: 0.916
Epoch: [19/23], Batch: 2000/2963, Loss: 55.740, Trans_L2_m: 0.503, Yaw_err_deg: 0.829
Epoch: [19/23], Batch: 2010/2963, Loss: 51.303, Trans_L2_m: 0.358, Yaw_err_deg: 0.661
Epoch: [19/23], Batch: 2020/2963, Loss: 48.415, Trans_L2_m: 0.354, Yaw_err_deg: 0.868
Epoch: [19/23], Batch: 2030/2963, Loss: 35.127, Trans_L2_m: 0.308, Yaw_err_deg: 0.559
Epoch: [19/23], Batch: 2040/2963, Loss: 45.592, Trans_L2_m: 0.405, Yaw_err_deg: 0.958
Epoch: [19/23], Batch: 2050/2963, Loss: 46.489, Trans_L2_m: 0.397, Yaw_err_deg: 0.593
Epoch: [19/23], Batch: 2060/2963, Loss: 51.182, Trans_L2_m: 0.364, Yaw_err_deg: 0.863
Epoch: [19/23], Batch: 2070/2963, Loss: 42.700, Trans_L2_m: 0.274, Yaw_err_deg: 0.774
Epoch: [19/23], Batch: 2080/2963, Loss: 47.343, Trans_L2_m: 0.437, Yaw_err_deg: 0.690
Epoch: [19/23], Batch: 2090/2963, Loss: 43.930, Trans_L2_m: 0.267, Yaw_err_deg: 0.709
Epoch: [19/23], Batch: 2100/2963, Loss: 47.472, Trans_L2_m: 0.302, Yaw_err_deg: 0.814
Epoch: [19/23], Batch: 2110/2963, Loss: 50.433, Trans_L2_m: 0.310, Yaw_err_deg: 1.191
Epoch: [19/23], Batch: 2120/2963, Loss: 45.600, Trans_L2_m: 0.330, Yaw_err_deg: 0.723
Epoch: [19/23], Batch: 2130/2963, Loss: 41.976, Trans_L2_m: 0.354, Yaw_err_deg: 0.723
Epoch: [19/23], Batch: 2140/2963, Loss: 41.984, Trans_L2_m: 0.334, Yaw_err_deg: 0.631
Epoch: [19/23], Batch: 2150/2963, Loss: 51.730, Trans_L2_m: 0.369, Yaw_err_deg: 0.580
Epoch: [19/23], Batch: 2160/2963, Loss: 50.558, Trans_L2_m: 0.516, Yaw_err_deg: 0.756
Epoch: [19/23], Batch: 2170/2963, Loss: 43.369, Trans_L2_m: 0.378, Yaw_err_deg: 0.493
Epoch: [19/23], Batch: 2180/2963, Loss: 49.213, Trans_L2_m: 0.473, Yaw_err_deg: 0.504
Epoch: [19/23], Batch: 2190/2963, Loss: 46.643, Trans_L2_m: 0.508, Yaw_err_deg: 0.617
Epoch: [19/23], Batch: 2200/2963, Loss: 49.429, Trans_L2_m: 0.365, Yaw_err_deg: 0.727
Epoch: [19/23], Batch: 2210/2963, Loss: 43.874, Trans_L2_m: 0.374, Yaw_err_deg: 0.759
Epoch: [19/23], Batch: 2220/2963, Loss: 45.147, Trans_L2_m: 0.408, Yaw_err_deg: 0.622
Epoch: [19/23], Batch: 2230/2963, Loss: 43.484, Trans_L2_m: 0.316, Yaw_err_deg: 0.625
Epoch: [19/23], Batch: 2240/2963, Loss: 46.157, Trans_L2_m: 0.470, Yaw_err_deg: 0.469
Epoch: [19/23], Batch: 2250/2963, Loss: 45.723, Trans_L2_m: 0.391, Yaw_err_deg: 0.569
Epoch: [19/23], Batch: 2260/2963, Loss: 47.810, Trans_L2_m: 0.543, Yaw_err_deg: 0.634
Epoch: [19/23], Batch: 2270/2963, Loss: 44.979, Trans_L2_m: 0.257, Yaw_err_deg: 0.821
Epoch: [19/23], Batch: 2280/2963, Loss: 43.161, Trans_L2_m: 0.387, Yaw_err_deg: 0.731
Epoch: [19/23], Batch: 2290/2963, Loss: 46.478, Trans_L2_m: 0.491, Yaw_err_deg: 0.657
Epoch: [19/23], Batch: 2300/2963, Loss: 44.843, Trans_L2_m: 0.381, Yaw_err_deg: 0.720
Epoch: [19/23], Batch: 2310/2963, Loss: 47.361, Trans_L2_m: 0.497, Yaw_err_deg: 0.845
Epoch: [19/23], Batch: 2320/2963, Loss: 43.607, Trans_L2_m: 0.403, Yaw_err_deg: 0.591
Epoch: [19/23], Batch: 2330/2963, Loss: 51.512, Trans_L2_m: 0.479, Yaw_err_deg: 0.972
Epoch: [19/23], Batch: 2340/2963, Loss: 44.767, Trans_L2_m: 0.341, Yaw_err_deg: 0.749
Epoch: [19/23], Batch: 2350/2963, Loss: 45.411, Trans_L2_m: 0.446, Yaw_err_deg: 0.612
Epoch: [19/23], Batch: 2360/2963, Loss: 55.180, Trans_L2_m: 0.494, Yaw_err_deg: 0.654
Epoch: [19/23], Batch: 2370/2963, Loss: 45.699, Trans_L2_m: 0.465, Yaw_err_deg: 0.653
Epoch: [19/23], Batch: 2380/2963, Loss: 45.335, Trans_L2_m: 0.392, Yaw_err_deg: 0.638
Epoch: [19/23], Batch: 2390/2963, Loss: 43.018, Trans_L2_m: 0.404, Yaw_err_deg: 0.617
Epoch: [19/23], Batch: 2400/2963, Loss: 53.527, Trans_L2_m: 0.475, Yaw_err_deg: 1.063
Epoch: [19/23], Batch: 2410/2963, Loss: 46.558, Trans_L2_m: 0.333, Yaw_err_deg: 0.781
Epoch: [19/23], Batch: 2420/2963, Loss: 42.065, Trans_L2_m: 0.343, Yaw_err_deg: 0.763
Epoch: [19/23], Batch: 2430/2963, Loss: 46.854, Trans_L2_m: 0.328, Yaw_err_deg: 0.780
Epoch: [19/23], Batch: 2440/2963, Loss: 51.735, Trans_L2_m: 0.416, Yaw_err_deg: 0.922
Epoch: [19/23], Batch: 2450/2963, Loss: 44.832, Trans_L2_m: 0.400, Yaw_err_deg: 0.713
Epoch: [19/23], Batch: 2460/2963, Loss: 43.449, Trans_L2_m: 0.305, Yaw_err_deg: 0.660
Epoch: [19/23], Batch: 2470/2963, Loss: 48.398, Trans_L2_m: 0.427, Yaw_err_deg: 0.692
Epoch: [19/23], Batch: 2480/2963, Loss: 43.143, Trans_L2_m: 0.285, Yaw_err_deg: 0.604
Epoch: [19/23], Batch: 2490/2963, Loss: 50.256, Trans_L2_m: 0.486, Yaw_err_deg: 1.019
Epoch: [19/23], Batch: 2500/2963, Loss: 40.092, Trans_L2_m: 0.317, Yaw_err_deg: 0.605
Epoch: [19/23], Batch: 2510/2963, Loss: 46.482, Trans_L2_m: 0.439, Yaw_err_deg: 0.601
Epoch: [19/23], Batch: 2520/2963, Loss: 49.825, Trans_L2_m: 0.366, Yaw_err_deg: 0.945
Epoch: [19/23], Batch: 2530/2963, Loss: 45.646, Trans_L2_m: 0.397, Yaw_err_deg: 0.707
Epoch: [19/23], Batch: 2540/2963, Loss: 52.030, Trans_L2_m: 0.365, Yaw_err_deg: 0.571
Epoch: [19/23], Batch: 2550/2963, Loss: 57.253, Trans_L2_m: 0.540, Yaw_err_deg: 1.207
Epoch: [19/23], Batch: 2560/2963, Loss: 46.707, Trans_L2_m: 0.388, Yaw_err_deg: 0.821
Epoch: [19/23], Batch: 2570/2963, Loss: 41.329, Trans_L2_m: 0.272, Yaw_err_deg: 0.757
Epoch: [19/23], Batch: 2580/2963, Loss: 48.233, Trans_L2_m: 0.469, Yaw_err_deg: 0.629
Epoch: [19/23], Batch: 2590/2963, Loss: 49.535, Trans_L2_m: 0.428, Yaw_err_deg: 1.005
Epoch: [19/23], Batch: 2600/2963, Loss: 47.761, Trans_L2_m: 0.436, Yaw_err_deg: 0.839
Epoch: [19/23], Batch: 2610/2963, Loss: 49.953, Trans_L2_m: 0.438, Yaw_err_deg: 0.714
Epoch: [19/23], Batch: 2620/2963, Loss: 51.524, Trans_L2_m: 0.360, Yaw_err_deg: 0.980
Epoch: [19/23], Batch: 2630/2963, Loss: 48.046, Trans_L2_m: 0.491, Yaw_err_deg: 0.631
Epoch: [19/23], Batch: 2640/2963, Loss: 47.644, Trans_L2_m: 0.312, Yaw_err_deg: 1.001
Epoch: [19/23], Batch: 2650/2963, Loss: 39.294, Trans_L2_m: 0.278, Yaw_err_deg: 0.630
Epoch: [19/23], Batch: 2660/2963, Loss: 70.941, Trans_L2_m: 0.634, Yaw_err_deg: 1.066
Epoch: [19/23], Batch: 2670/2963, Loss: 48.896, Trans_L2_m: 0.321, Yaw_err_deg: 0.908
Epoch: [19/23], Batch: 2680/2963, Loss: 44.119, Trans_L2_m: 0.482, Yaw_err_deg: 0.534
Epoch: [19/23], Batch: 2690/2963, Loss: 45.922, Trans_L2_m: 0.358, Yaw_err_deg: 0.630
Epoch: [19/23], Batch: 2700/2963, Loss: 49.621, Trans_L2_m: 0.462, Yaw_err_deg: 0.772
Epoch: [19/23], Batch: 2710/2963, Loss: 42.518, Trans_L2_m: 0.392, Yaw_err_deg: 0.676
Epoch: [19/23], Batch: 2720/2963, Loss: 50.974, Trans_L2_m: 0.472, Yaw_err_deg: 0.718
Epoch: [19/23], Batch: 2730/2963, Loss: 43.115, Trans_L2_m: 0.237, Yaw_err_deg: 0.581
Epoch: [19/23], Batch: 2740/2963, Loss: 42.660, Trans_L2_m: 0.400, Yaw_err_deg: 0.551
Epoch: [19/23], Batch: 2750/2963, Loss: 56.263, Trans_L2_m: 0.359, Yaw_err_deg: 0.927
Epoch: [19/23], Batch: 2760/2963, Loss: 43.110, Trans_L2_m: 0.433, Yaw_err_deg: 0.801
Epoch: [19/23], Batch: 2770/2963, Loss: 42.719, Trans_L2_m: 0.305, Yaw_err_deg: 0.574
Epoch: [19/23], Batch: 2780/2963, Loss: 45.712, Trans_L2_m: 0.383, Yaw_err_deg: 0.723
Epoch: [19/23], Batch: 2790/2963, Loss: 43.094, Trans_L2_m: 0.447, Yaw_err_deg: 0.588
Epoch: [19/23], Batch: 2800/2963, Loss: 48.115, Trans_L2_m: 0.412, Yaw_err_deg: 0.805
Epoch: [19/23], Batch: 2810/2963, Loss: 44.109, Trans_L2_m: 0.367, Yaw_err_deg: 0.709
Epoch: [19/23], Batch: 2820/2963, Loss: 43.361, Trans_L2_m: 0.305, Yaw_err_deg: 0.892
Epoch: [19/23], Batch: 2830/2963, Loss: 58.034, Trans_L2_m: 0.389, Yaw_err_deg: 0.865
Epoch: [19/23], Batch: 2840/2963, Loss: 45.814, Trans_L2_m: 0.415, Yaw_err_deg: 0.532
Epoch: [19/23], Batch: 2850/2963, Loss: 44.137, Trans_L2_m: 0.365, Yaw_err_deg: 0.539
Epoch: [19/23], Batch: 2860/2963, Loss: 47.725, Trans_L2_m: 0.476, Yaw_err_deg: 0.866
Epoch: [19/23], Batch: 2870/2963, Loss: 66.101, Trans_L2_m: 0.613, Yaw_err_deg: 0.951
Epoch: [19/23], Batch: 2880/2963, Loss: 46.888, Trans_L2_m: 0.500, Yaw_err_deg: 0.778
Epoch: [19/23], Batch: 2890/2963, Loss: 52.973, Trans_L2_m: 0.598, Yaw_err_deg: 0.621
Epoch: [19/23], Batch: 2900/2963, Loss: 46.807, Trans_L2_m: 0.266, Yaw_err_deg: 1.069
Epoch: [19/23], Batch: 2910/2963, Loss: 48.353, Trans_L2_m: 0.435, Yaw_err_deg: 0.697
Epoch: [19/23], Batch: 2920/2963, Loss: 47.804, Trans_L2_m: 0.450, Yaw_err_deg: 0.496
Epoch: [19/23], Batch: 2930/2963, Loss: 43.599, Trans_L2_m: 0.275, Yaw_err_deg: 0.704
Epoch: [19/23], Batch: 2940/2963, Loss: 46.500, Trans_L2_m: 0.356, Yaw_err_deg: 0.770
Epoch: [19/23], Batch: 2950/2963, Loss: 48.089, Trans_L2_m: 0.489, Yaw_err_deg: 0.717
Epoch: [19/23], Batch: 2960/2963, Loss: 43.245, Trans_L2_m: 0.337, Yaw_err_deg: 0.849
Validation loss (homography): 939.6639
Avg batch time: 973.86 ms, total: 316.022 s
[1;91mVal has no improvement vs 799.3275146484375![0m
Epoch: [20/23], Batch: 0/2963, Loss: 45.221, Trans_L2_m: 0.416, Yaw_err_deg: 0.622
Epoch: [20/23], Batch: 10/2963, Loss: 48.790, Trans_L2_m: 0.377, Yaw_err_deg: 0.935
Epoch: [20/23], Batch: 20/2963, Loss: 38.690, Trans_L2_m: 0.385, Yaw_err_deg: 0.399
Epoch: [20/23], Batch: 30/2963, Loss: 47.994, Trans_L2_m: 0.376, Yaw_err_deg: 0.904
Epoch: [20/23], Batch: 40/2963, Loss: 42.153, Trans_L2_m: 0.348, Yaw_err_deg: 0.690
Epoch: [20/23], Batch: 50/2963, Loss: 56.542, Trans_L2_m: 0.331, Yaw_err_deg: 1.004
Epoch: [20/23], Batch: 60/2963, Loss: 49.513, Trans_L2_m: 0.466, Yaw_err_deg: 0.974
Epoch: [20/23], Batch: 70/2963, Loss: 44.563, Trans_L2_m: 0.336, Yaw_err_deg: 0.979
Epoch: [20/23], Batch: 80/2963, Loss: 42.993, Trans_L2_m: 0.291, Yaw_err_deg: 0.454
Epoch: [20/23], Batch: 90/2963, Loss: 41.685, Trans_L2_m: 0.324, Yaw_err_deg: 0.626
Epoch: [20/23], Batch: 100/2963, Loss: 48.453, Trans_L2_m: 0.362, Yaw_err_deg: 0.861
Epoch: [20/23], Batch: 110/2963, Loss: 47.916, Trans_L2_m: 0.441, Yaw_err_deg: 0.784
Epoch: [20/23], Batch: 120/2963, Loss: 41.040, Trans_L2_m: 0.360, Yaw_err_deg: 0.510
Epoch: [20/23], Batch: 130/2963, Loss: 40.884, Trans_L2_m: 0.364, Yaw_err_deg: 0.418
Epoch: [20/23], Batch: 140/2963, Loss: 37.008, Trans_L2_m: 0.334, Yaw_err_deg: 0.604
Epoch: [20/23], Batch: 150/2963, Loss: 44.803, Trans_L2_m: 0.481, Yaw_err_deg: 0.547
Epoch: [20/23], Batch: 160/2963, Loss: 39.854, Trans_L2_m: 0.337, Yaw_err_deg: 0.546
Epoch: [20/23], Batch: 170/2963, Loss: 49.525, Trans_L2_m: 0.486, Yaw_err_deg: 0.705
Epoch: [20/23], Batch: 180/2963, Loss: 41.749, Trans_L2_m: 0.346, Yaw_err_deg: 0.538
Epoch: [20/23], Batch: 190/2963, Loss: 37.609, Trans_L2_m: 0.415, Yaw_err_deg: 0.337
Epoch: [20/23], Batch: 200/2963, Loss: 42.650, Trans_L2_m: 0.396, Yaw_err_deg: 0.474
Epoch: [20/23], Batch: 210/2963, Loss: 48.324, Trans_L2_m: 0.432, Yaw_err_deg: 0.532
Epoch: [20/23], Batch: 220/2963, Loss: 50.033, Trans_L2_m: 0.522, Yaw_err_deg: 0.706
Epoch: [20/23], Batch: 230/2963, Loss: 48.216, Trans_L2_m: 0.360, Yaw_err_deg: 0.921
Epoch: [20/23], Batch: 240/2963, Loss: 55.656, Trans_L2_m: 0.547, Yaw_err_deg: 0.581
Epoch: [20/23], Batch: 250/2963, Loss: 45.334, Trans_L2_m: 0.411, Yaw_err_deg: 0.699
Epoch: [20/23], Batch: 260/2963, Loss: 47.003, Trans_L2_m: 0.441, Yaw_err_deg: 0.751
Epoch: [20/23], Batch: 270/2963, Loss: 46.448, Trans_L2_m: 0.327, Yaw_err_deg: 0.647
Epoch: [20/23], Batch: 280/2963, Loss: 43.831, Trans_L2_m: 0.327, Yaw_err_deg: 0.508
Epoch: [20/23], Batch: 290/2963, Loss: 41.165, Trans_L2_m: 0.354, Yaw_err_deg: 0.412
Epoch: [20/23], Batch: 300/2963, Loss: 43.935, Trans_L2_m: 0.321, Yaw_err_deg: 0.773
Epoch: [20/23], Batch: 310/2963, Loss: 45.591, Trans_L2_m: 0.402, Yaw_err_deg: 0.619
Epoch: [20/23], Batch: 320/2963, Loss: 45.011, Trans_L2_m: 0.422, Yaw_err_deg: 0.751
Epoch: [20/23], Batch: 330/2963, Loss: 43.234, Trans_L2_m: 0.359, Yaw_err_deg: 0.654
Epoch: [20/23], Batch: 340/2963, Loss: 42.609, Trans_L2_m: 0.392, Yaw_err_deg: 0.665
Epoch: [20/23], Batch: 350/2963, Loss: 52.424, Trans_L2_m: 0.476, Yaw_err_deg: 0.876
Epoch: [20/23], Batch: 360/2963, Loss: 40.948, Trans_L2_m: 0.344, Yaw_err_deg: 0.524
Epoch: [20/23], Batch: 370/2963, Loss: 40.536, Trans_L2_m: 0.365, Yaw_err_deg: 0.729
Epoch: [20/23], Batch: 380/2963, Loss: 44.220, Trans_L2_m: 0.371, Yaw_err_deg: 0.548
Epoch: [20/23], Batch: 390/2963, Loss: 47.269, Trans_L2_m: 0.348, Yaw_err_deg: 0.639
Epoch: [20/23], Batch: 400/2963, Loss: 65.558, Trans_L2_m: 0.404, Yaw_err_deg: 1.157
Epoch: [20/23], Batch: 410/2963, Loss: 41.560, Trans_L2_m: 0.350, Yaw_err_deg: 0.523
Epoch: [20/23], Batch: 420/2963, Loss: 46.064, Trans_L2_m: 0.286, Yaw_err_deg: 0.849
Epoch: [20/23], Batch: 430/2963, Loss: 40.295, Trans_L2_m: 0.272, Yaw_err_deg: 0.420
Epoch: [20/23], Batch: 440/2963, Loss: 46.210, Trans_L2_m: 0.354, Yaw_err_deg: 0.650
Epoch: [20/23], Batch: 450/2963, Loss: 42.259, Trans_L2_m: 0.254, Yaw_err_deg: 0.717
Epoch: [20/23], Batch: 460/2963, Loss: 47.270, Trans_L2_m: 0.463, Yaw_err_deg: 0.423
Epoch: [20/23], Batch: 470/2963, Loss: 48.739, Trans_L2_m: 0.372, Yaw_err_deg: 0.736
Epoch: [20/23], Batch: 480/2963, Loss: 47.992, Trans_L2_m: 0.421, Yaw_err_deg: 0.737
Epoch: [20/23], Batch: 490/2963, Loss: 42.753, Trans_L2_m: 0.387, Yaw_err_deg: 0.713
Epoch: [20/23], Batch: 500/2963, Loss: 42.665, Trans_L2_m: 0.332, Yaw_err_deg: 0.673
Epoch: [20/23], Batch: 510/2963, Loss: 50.775, Trans_L2_m: 0.556, Yaw_err_deg: 0.731
Epoch: [20/23], Batch: 520/2963, Loss: 39.803, Trans_L2_m: 0.408, Yaw_err_deg: 0.663
Epoch: [20/23], Batch: 530/2963, Loss: 63.889, Trans_L2_m: 0.320, Yaw_err_deg: 0.954
Epoch: [20/23], Batch: 540/2963, Loss: 49.730, Trans_L2_m: 0.611, Yaw_err_deg: 0.621
Epoch: [20/23], Batch: 550/2963, Loss: 57.075, Trans_L2_m: 0.293, Yaw_err_deg: 1.571
Epoch: [20/23], Batch: 560/2963, Loss: 64.387, Trans_L2_m: 0.359, Yaw_err_deg: 0.591
Epoch: [20/23], Batch: 570/2963, Loss: 51.760, Trans_L2_m: 0.416, Yaw_err_deg: 0.654
Epoch: [20/23], Batch: 580/2963, Loss: 56.474, Trans_L2_m: 0.461, Yaw_err_deg: 0.944
Epoch: [20/23], Batch: 590/2963, Loss: 46.332, Trans_L2_m: 0.365, Yaw_err_deg: 0.710
Epoch: [20/23], Batch: 600/2963, Loss: 45.861, Trans_L2_m: 0.449, Yaw_err_deg: 0.423
Epoch: [20/23], Batch: 610/2963, Loss: 49.305, Trans_L2_m: 0.461, Yaw_err_deg: 0.638
Epoch: [20/23], Batch: 620/2963, Loss: 49.284, Trans_L2_m: 0.413, Yaw_err_deg: 0.681
Epoch: [20/23], Batch: 630/2963, Loss: 48.302, Trans_L2_m: 0.366, Yaw_err_deg: 0.707
Epoch: [20/23], Batch: 640/2963, Loss: 49.042, Trans_L2_m: 0.411, Yaw_err_deg: 1.071
Epoch: [20/23], Batch: 650/2963, Loss: 42.236, Trans_L2_m: 0.231, Yaw_err_deg: 0.481
Epoch: [20/23], Batch: 660/2963, Loss: 44.531, Trans_L2_m: 0.331, Yaw_err_deg: 0.763
Epoch: [20/23], Batch: 670/2963, Loss: 45.588, Trans_L2_m: 0.397, Yaw_err_deg: 0.688
Epoch: [20/23], Batch: 680/2963, Loss: 45.840, Trans_L2_m: 0.309, Yaw_err_deg: 0.678
Epoch: [20/23], Batch: 690/2963, Loss: 40.897, Trans_L2_m: 0.359, Yaw_err_deg: 0.486
Epoch: [20/23], Batch: 700/2963, Loss: 36.610, Trans_L2_m: 0.331, Yaw_err_deg: 0.470
Epoch: [20/23], Batch: 710/2963, Loss: 41.152, Trans_L2_m: 0.325, Yaw_err_deg: 0.611
Epoch: [20/23], Batch: 720/2963, Loss: 48.087, Trans_L2_m: 0.331, Yaw_err_deg: 0.746
Epoch: [20/23], Batch: 730/2963, Loss: 42.318, Trans_L2_m: 0.305, Yaw_err_deg: 0.871
Epoch: [20/23], Batch: 740/2963, Loss: 47.135, Trans_L2_m: 0.327, Yaw_err_deg: 0.714
Epoch: [20/23], Batch: 750/2963, Loss: 52.451, Trans_L2_m: 0.509, Yaw_err_deg: 0.611
Epoch: [20/23], Batch: 760/2963, Loss: 47.291, Trans_L2_m: 0.342, Yaw_err_deg: 1.012
Epoch: [20/23], Batch: 770/2963, Loss: 48.395, Trans_L2_m: 0.422, Yaw_err_deg: 0.574
Epoch: [20/23], Batch: 780/2963, Loss: 46.771, Trans_L2_m: 0.426, Yaw_err_deg: 0.743
Epoch: [20/23], Batch: 790/2963, Loss: 44.859, Trans_L2_m: 0.316, Yaw_err_deg: 0.873
Epoch: [20/23], Batch: 800/2963, Loss: 48.512, Trans_L2_m: 0.449, Yaw_err_deg: 0.730
Epoch: [20/23], Batch: 810/2963, Loss: 40.453, Trans_L2_m: 0.348, Yaw_err_deg: 0.583
Epoch: [20/23], Batch: 820/2963, Loss: 40.711, Trans_L2_m: 0.296, Yaw_err_deg: 0.584
Epoch: [20/23], Batch: 830/2963, Loss: 38.957, Trans_L2_m: 0.418, Yaw_err_deg: 0.465
Epoch: [20/23], Batch: 840/2963, Loss: 46.105, Trans_L2_m: 0.407, Yaw_err_deg: 0.716
Epoch: [20/23], Batch: 850/2963, Loss: 51.692, Trans_L2_m: 0.460, Yaw_err_deg: 0.651
Epoch: [20/23], Batch: 860/2963, Loss: 44.649, Trans_L2_m: 0.388, Yaw_err_deg: 0.404
Epoch: [20/23], Batch: 870/2963, Loss: 42.643, Trans_L2_m: 0.383, Yaw_err_deg: 0.484
Epoch: [20/23], Batch: 880/2963, Loss: 50.707, Trans_L2_m: 0.324, Yaw_err_deg: 1.210
Epoch: [20/23], Batch: 890/2963, Loss: 44.056, Trans_L2_m: 0.363, Yaw_err_deg: 0.604
Epoch: [20/23], Batch: 900/2963, Loss: 46.670, Trans_L2_m: 0.396, Yaw_err_deg: 0.687
Epoch: [20/23], Batch: 910/2963, Loss: 44.575, Trans_L2_m: 0.383, Yaw_err_deg: 0.682
Epoch: [20/23], Batch: 920/2963, Loss: 45.149, Trans_L2_m: 0.260, Yaw_err_deg: 0.590
Epoch: [20/23], Batch: 930/2963, Loss: 45.899, Trans_L2_m: 0.441, Yaw_err_deg: 0.690
Epoch: [20/23], Batch: 940/2963, Loss: 45.593, Trans_L2_m: 0.346, Yaw_err_deg: 1.012
Epoch: [20/23], Batch: 950/2963, Loss: 45.579, Trans_L2_m: 0.353, Yaw_err_deg: 0.786
Epoch: [20/23], Batch: 960/2963, Loss: 47.570, Trans_L2_m: 0.364, Yaw_err_deg: 0.983
Epoch: [20/23], Batch: 970/2963, Loss: 44.650, Trans_L2_m: 0.423, Yaw_err_deg: 0.464
Epoch: [20/23], Batch: 980/2963, Loss: 42.236, Trans_L2_m: 0.284, Yaw_err_deg: 0.855
Epoch: [20/23], Batch: 990/2963, Loss: 42.957, Trans_L2_m: 0.416, Yaw_err_deg: 0.754
Epoch: [20/23], Batch: 1000/2963, Loss: 55.669, Trans_L2_m: 0.409, Yaw_err_deg: 1.052
Epoch: [20/23], Batch: 1010/2963, Loss: 41.041, Trans_L2_m: 0.441, Yaw_err_deg: 0.489
Epoch: [20/23], Batch: 1020/2963, Loss: 46.124, Trans_L2_m: 0.340, Yaw_err_deg: 0.791
Epoch: [20/23], Batch: 1030/2963, Loss: 42.410, Trans_L2_m: 0.304, Yaw_err_deg: 0.478
Epoch: [20/23], Batch: 1040/2963, Loss: 43.647, Trans_L2_m: 0.384, Yaw_err_deg: 0.617
Epoch: [20/23], Batch: 1050/2963, Loss: 41.378, Trans_L2_m: 0.282, Yaw_err_deg: 0.499
Epoch: [20/23], Batch: 1060/2963, Loss: 57.900, Trans_L2_m: 0.528, Yaw_err_deg: 0.816
Epoch: [20/23], Batch: 1070/2963, Loss: 54.027, Trans_L2_m: 0.431, Yaw_err_deg: 0.960
Epoch: [20/23], Batch: 1080/2963, Loss: 46.196, Trans_L2_m: 0.333, Yaw_err_deg: 0.768
Epoch: [20/23], Batch: 1090/2963, Loss: 41.143, Trans_L2_m: 0.305, Yaw_err_deg: 0.509
Epoch: [20/23], Batch: 1100/2963, Loss: 44.390, Trans_L2_m: 0.344, Yaw_err_deg: 0.783
Epoch: [20/23], Batch: 1110/2963, Loss: 44.550, Trans_L2_m: 0.380, Yaw_err_deg: 0.522
Epoch: [20/23], Batch: 1120/2963, Loss: 39.228, Trans_L2_m: 0.340, Yaw_err_deg: 0.622
Epoch: [20/23], Batch: 1130/2963, Loss: 40.802, Trans_L2_m: 0.369, Yaw_err_deg: 0.485
Epoch: [20/23], Batch: 1140/2963, Loss: 49.262, Trans_L2_m: 0.368, Yaw_err_deg: 0.673
Epoch: [20/23], Batch: 1150/2963, Loss: 45.090, Trans_L2_m: 0.412, Yaw_err_deg: 0.446
Epoch: [20/23], Batch: 1160/2963, Loss: 39.009, Trans_L2_m: 0.345, Yaw_err_deg: 0.618
Epoch: [20/23], Batch: 1170/2963, Loss: 47.398, Trans_L2_m: 0.401, Yaw_err_deg: 0.643
Epoch: [20/23], Batch: 1180/2963, Loss: 44.908, Trans_L2_m: 0.365, Yaw_err_deg: 0.636
Epoch: [20/23], Batch: 1190/2963, Loss: 40.681, Trans_L2_m: 0.247, Yaw_err_deg: 0.580
Epoch: [20/23], Batch: 1200/2963, Loss: 42.370, Trans_L2_m: 0.322, Yaw_err_deg: 0.841
Epoch: [20/23], Batch: 1210/2963, Loss: 43.931, Trans_L2_m: 0.393, Yaw_err_deg: 0.480
Epoch: [20/23], Batch: 1220/2963, Loss: 57.252, Trans_L2_m: 0.376, Yaw_err_deg: 0.977
Epoch: [20/23], Batch: 1230/2963, Loss: 46.794, Trans_L2_m: 0.336, Yaw_err_deg: 0.693
Epoch: [20/23], Batch: 1240/2963, Loss: 50.201, Trans_L2_m: 0.361, Yaw_err_deg: 1.078
Epoch: [20/23], Batch: 1250/2963, Loss: 49.573, Trans_L2_m: 0.381, Yaw_err_deg: 0.661
Epoch: [20/23], Batch: 1260/2963, Loss: 43.787, Trans_L2_m: 0.372, Yaw_err_deg: 0.574
Epoch: [20/23], Batch: 1270/2963, Loss: 44.037, Trans_L2_m: 0.252, Yaw_err_deg: 0.717
Epoch: [20/23], Batch: 1280/2963, Loss: 51.231, Trans_L2_m: 0.365, Yaw_err_deg: 1.006
Epoch: [20/23], Batch: 1290/2963, Loss: 46.569, Trans_L2_m: 0.365, Yaw_err_deg: 0.978
Epoch: [20/23], Batch: 1300/2963, Loss: 40.631, Trans_L2_m: 0.357, Yaw_err_deg: 0.527
Epoch: [20/23], Batch: 1310/2963, Loss: 48.552, Trans_L2_m: 0.265, Yaw_err_deg: 0.844
Epoch: [20/23], Batch: 1320/2963, Loss: 53.225, Trans_L2_m: 0.388, Yaw_err_deg: 0.913
Epoch: [20/23], Batch: 1330/2963, Loss: 45.088, Trans_L2_m: 0.317, Yaw_err_deg: 0.809
Epoch: [20/23], Batch: 1340/2963, Loss: 46.590, Trans_L2_m: 0.356, Yaw_err_deg: 0.871
Epoch: [20/23], Batch: 1350/2963, Loss: 43.767, Trans_L2_m: 0.483, Yaw_err_deg: 0.772
Epoch: [20/23], Batch: 1360/2963, Loss: 44.341, Trans_L2_m: 0.330, Yaw_err_deg: 0.590
Epoch: [20/23], Batch: 1370/2963, Loss: 41.481, Trans_L2_m: 0.369, Yaw_err_deg: 0.673
Epoch: [20/23], Batch: 1380/2963, Loss: 39.585, Trans_L2_m: 0.391, Yaw_err_deg: 0.605
Epoch: [20/23], Batch: 1390/2963, Loss: 45.186, Trans_L2_m: 0.424, Yaw_err_deg: 0.568
Epoch: [20/23], Batch: 1400/2963, Loss: 42.801, Trans_L2_m: 0.380, Yaw_err_deg: 0.611
Epoch: [20/23], Batch: 1410/2963, Loss: 40.577, Trans_L2_m: 0.331, Yaw_err_deg: 0.566
Epoch: [20/23], Batch: 1420/2963, Loss: 41.761, Trans_L2_m: 0.353, Yaw_err_deg: 0.609
Epoch: [20/23], Batch: 1430/2963, Loss: 50.300, Trans_L2_m: 0.372, Yaw_err_deg: 0.927
Epoch: [20/23], Batch: 1440/2963, Loss: 49.038, Trans_L2_m: 0.441, Yaw_err_deg: 0.921
Epoch: [20/23], Batch: 1450/2963, Loss: 43.640, Trans_L2_m: 0.387, Yaw_err_deg: 0.575
Epoch: [20/23], Batch: 1460/2963, Loss: 41.777, Trans_L2_m: 0.286, Yaw_err_deg: 0.753
Epoch: [20/23], Batch: 1470/2963, Loss: 61.871, Trans_L2_m: 0.438, Yaw_err_deg: 0.872
Epoch: [20/23], Batch: 1480/2963, Loss: 35.931, Trans_L2_m: 0.248, Yaw_err_deg: 0.445
Epoch: [20/23], Batch: 1490/2963, Loss: 46.258, Trans_L2_m: 0.340, Yaw_err_deg: 0.574
Epoch: [20/23], Batch: 1500/2963, Loss: 43.591, Trans_L2_m: 0.437, Yaw_err_deg: 0.514
Epoch: [20/23], Batch: 1510/2963, Loss: 48.073, Trans_L2_m: 0.380, Yaw_err_deg: 0.619
Epoch: [20/23], Batch: 1520/2963, Loss: 43.726, Trans_L2_m: 0.448, Yaw_err_deg: 0.458
Epoch: [20/23], Batch: 1530/2963, Loss: 44.237, Trans_L2_m: 0.405, Yaw_err_deg: 0.521
Epoch: [20/23], Batch: 1540/2963, Loss: 41.708, Trans_L2_m: 0.322, Yaw_err_deg: 0.564
Epoch: [20/23], Batch: 1550/2963, Loss: 42.253, Trans_L2_m: 0.340, Yaw_err_deg: 0.741
Epoch: [20/23], Batch: 1560/2963, Loss: 40.689, Trans_L2_m: 0.266, Yaw_err_deg: 0.486
Epoch: [20/23], Batch: 1570/2963, Loss: 43.545, Trans_L2_m: 0.353, Yaw_err_deg: 0.850
Epoch: [20/23], Batch: 1580/2963, Loss: 44.562, Trans_L2_m: 0.355, Yaw_err_deg: 0.665
Epoch: [20/23], Batch: 1590/2963, Loss: 48.879, Trans_L2_m: 0.545, Yaw_err_deg: 0.447
Epoch: [20/23], Batch: 1600/2963, Loss: 48.554, Trans_L2_m: 0.324, Yaw_err_deg: 0.696
Epoch: [20/23], Batch: 1610/2963, Loss: 40.188, Trans_L2_m: 0.371, Yaw_err_deg: 0.494
Epoch: [20/23], Batch: 1620/2963, Loss: 43.452, Trans_L2_m: 0.383, Yaw_err_deg: 0.542
Epoch: [20/23], Batch: 1630/2963, Loss: 44.828, Trans_L2_m: 0.310, Yaw_err_deg: 0.862
Epoch: [20/23], Batch: 1640/2963, Loss: 49.279, Trans_L2_m: 0.331, Yaw_err_deg: 0.852
Epoch: [20/23], Batch: 1650/2963, Loss: 44.155, Trans_L2_m: 0.343, Yaw_err_deg: 0.611
Epoch: [20/23], Batch: 1660/2963, Loss: 38.338, Trans_L2_m: 0.300, Yaw_err_deg: 0.422
Epoch: [20/23], Batch: 1670/2963, Loss: 43.956, Trans_L2_m: 0.405, Yaw_err_deg: 0.670
Epoch: [20/23], Batch: 1680/2963, Loss: 45.019, Trans_L2_m: 0.477, Yaw_err_deg: 0.492
Epoch: [20/23], Batch: 1690/2963, Loss: 46.334, Trans_L2_m: 0.502, Yaw_err_deg: 0.612
Epoch: [20/23], Batch: 1700/2963, Loss: 53.704, Trans_L2_m: 0.307, Yaw_err_deg: 0.889
Epoch: [20/23], Batch: 1710/2963, Loss: 50.149, Trans_L2_m: 0.568, Yaw_err_deg: 0.619
Epoch: [20/23], Batch: 1720/2963, Loss: 48.965, Trans_L2_m: 0.330, Yaw_err_deg: 0.681
Epoch: [20/23], Batch: 1730/2963, Loss: 48.825, Trans_L2_m: 0.428, Yaw_err_deg: 0.636
Epoch: [20/23], Batch: 1740/2963, Loss: 46.227, Trans_L2_m: 0.352, Yaw_err_deg: 0.658
Epoch: [20/23], Batch: 1750/2963, Loss: 42.900, Trans_L2_m: 0.363, Yaw_err_deg: 0.812
Epoch: [20/23], Batch: 1760/2963, Loss: 40.662, Trans_L2_m: 0.284, Yaw_err_deg: 0.433
Epoch: [20/23], Batch: 1770/2963, Loss: 44.208, Trans_L2_m: 0.383, Yaw_err_deg: 0.650
Epoch: [20/23], Batch: 1780/2963, Loss: 45.165, Trans_L2_m: 0.360, Yaw_err_deg: 0.649
Epoch: [20/23], Batch: 1790/2963, Loss: 45.263, Trans_L2_m: 0.455, Yaw_err_deg: 0.632
Epoch: [20/23], Batch: 1800/2963, Loss: 43.778, Trans_L2_m: 0.484, Yaw_err_deg: 0.462
Epoch: [20/23], Batch: 1810/2963, Loss: 47.871, Trans_L2_m: 0.488, Yaw_err_deg: 0.595
Epoch: [20/23], Batch: 1820/2963, Loss: 43.552, Trans_L2_m: 0.253, Yaw_err_deg: 0.491
Epoch: [20/23], Batch: 1830/2963, Loss: 45.574, Trans_L2_m: 0.416, Yaw_err_deg: 0.654
Epoch: [20/23], Batch: 1840/2963, Loss: 45.402, Trans_L2_m: 0.455, Yaw_err_deg: 0.686
Epoch: [20/23], Batch: 1850/2963, Loss: 46.140, Trans_L2_m: 0.464, Yaw_err_deg: 0.723
Epoch: [20/23], Batch: 1860/2963, Loss: 48.534, Trans_L2_m: 0.446, Yaw_err_deg: 0.759
Epoch: [20/23], Batch: 1870/2963, Loss: 41.275, Trans_L2_m: 0.417, Yaw_err_deg: 0.435
Epoch: [20/23], Batch: 1880/2963, Loss: 47.373, Trans_L2_m: 0.447, Yaw_err_deg: 0.707
Epoch: [20/23], Batch: 1890/2963, Loss: 43.513, Trans_L2_m: 0.275, Yaw_err_deg: 0.889
Epoch: [20/23], Batch: 1900/2963, Loss: 43.550, Trans_L2_m: 0.327, Yaw_err_deg: 0.907
Epoch: [20/23], Batch: 1910/2963, Loss: 42.736, Trans_L2_m: 0.355, Yaw_err_deg: 0.469
Epoch: [20/23], Batch: 1920/2963, Loss: 48.186, Trans_L2_m: 0.402, Yaw_err_deg: 0.536
Epoch: [20/23], Batch: 1930/2963, Loss: 44.350, Trans_L2_m: 0.333, Yaw_err_deg: 0.485
Epoch: [20/23], Batch: 1940/2963, Loss: 45.116, Trans_L2_m: 0.354, Yaw_err_deg: 0.593
Epoch: [20/23], Batch: 1950/2963, Loss: 45.100, Trans_L2_m: 0.361, Yaw_err_deg: 0.530
Epoch: [20/23], Batch: 1960/2963, Loss: 41.676, Trans_L2_m: 0.411, Yaw_err_deg: 0.571
Epoch: [20/23], Batch: 1970/2963, Loss: 57.051, Trans_L2_m: 0.551, Yaw_err_deg: 0.752
Epoch: [20/23], Batch: 1980/2963, Loss: 45.367, Trans_L2_m: 0.274, Yaw_err_deg: 0.924
Epoch: [20/23], Batch: 1990/2963, Loss: 41.456, Trans_L2_m: 0.315, Yaw_err_deg: 0.799
Epoch: [20/23], Batch: 2000/2963, Loss: 50.815, Trans_L2_m: 0.279, Yaw_err_deg: 0.680
Epoch: [20/23], Batch: 2010/2963, Loss: 49.027, Trans_L2_m: 0.335, Yaw_err_deg: 0.493
Epoch: [20/23], Batch: 2020/2963, Loss: 48.600, Trans_L2_m: 0.365, Yaw_err_deg: 0.994
Epoch: [20/23], Batch: 2030/2963, Loss: 46.714, Trans_L2_m: 0.258, Yaw_err_deg: 0.599
Epoch: [20/23], Batch: 2040/2963, Loss: 40.066, Trans_L2_m: 0.354, Yaw_err_deg: 0.482
Epoch: [20/23], Batch: 2050/2963, Loss: 44.176, Trans_L2_m: 0.344, Yaw_err_deg: 0.593
Epoch: [20/23], Batch: 2060/2963, Loss: 44.535, Trans_L2_m: 0.435, Yaw_err_deg: 0.501
Epoch: [20/23], Batch: 2070/2963, Loss: 44.957, Trans_L2_m: 0.291, Yaw_err_deg: 0.657
Epoch: [20/23], Batch: 2080/2963, Loss: 49.373, Trans_L2_m: 0.352, Yaw_err_deg: 0.971
Epoch: [20/23], Batch: 2090/2963, Loss: 54.844, Trans_L2_m: 0.343, Yaw_err_deg: 0.906
Epoch: [20/23], Batch: 2100/2963, Loss: 43.441, Trans_L2_m: 0.235, Yaw_err_deg: 0.804
Epoch: [20/23], Batch: 2110/2963, Loss: 45.377, Trans_L2_m: 0.413, Yaw_err_deg: 0.646
Epoch: [20/23], Batch: 2120/2963, Loss: 50.974, Trans_L2_m: 0.336, Yaw_err_deg: 0.866
Epoch: [20/23], Batch: 2130/2963, Loss: 48.003, Trans_L2_m: 0.344, Yaw_err_deg: 0.668
Epoch: [20/23], Batch: 2140/2963, Loss: 42.600, Trans_L2_m: 0.356, Yaw_err_deg: 0.779
Epoch: [20/23], Batch: 2150/2963, Loss: 41.566, Trans_L2_m: 0.344, Yaw_err_deg: 0.590
Epoch: [20/23], Batch: 2160/2963, Loss: 46.436, Trans_L2_m: 0.356, Yaw_err_deg: 0.923
Epoch: [20/23], Batch: 2170/2963, Loss: 49.233, Trans_L2_m: 0.551, Yaw_err_deg: 0.770
Epoch: [20/23], Batch: 2180/2963, Loss: 45.432, Trans_L2_m: 0.438, Yaw_err_deg: 0.437
Epoch: [20/23], Batch: 2190/2963, Loss: 43.597, Trans_L2_m: 0.455, Yaw_err_deg: 0.424
Epoch: [20/23], Batch: 2200/2963, Loss: 47.215, Trans_L2_m: 0.374, Yaw_err_deg: 0.554
Epoch: [20/23], Batch: 2210/2963, Loss: 40.290, Trans_L2_m: 0.366, Yaw_err_deg: 0.315
Epoch: [20/23], Batch: 2220/2963, Loss: 48.785, Trans_L2_m: 0.453, Yaw_err_deg: 0.489
Epoch: [20/23], Batch: 2230/2963, Loss: 52.709, Trans_L2_m: 0.346, Yaw_err_deg: 1.089
Epoch: [20/23], Batch: 2240/2963, Loss: 43.143, Trans_L2_m: 0.381, Yaw_err_deg: 0.618
Epoch: [20/23], Batch: 2250/2963, Loss: 39.279, Trans_L2_m: 0.275, Yaw_err_deg: 0.473
Epoch: [20/23], Batch: 2260/2963, Loss: 56.231, Trans_L2_m: 0.483, Yaw_err_deg: 0.955
Epoch: [20/23], Batch: 2270/2963, Loss: 37.062, Trans_L2_m: 0.254, Yaw_err_deg: 0.507
Epoch: [20/23], Batch: 2280/2963, Loss: 47.072, Trans_L2_m: 0.474, Yaw_err_deg: 0.844
Epoch: [20/23], Batch: 2290/2963, Loss: 42.608, Trans_L2_m: 0.383, Yaw_err_deg: 0.660
Epoch: [20/23], Batch: 2300/2963, Loss: 46.944, Trans_L2_m: 0.371, Yaw_err_deg: 0.854
Epoch: [20/23], Batch: 2310/2963, Loss: 45.611, Trans_L2_m: 0.295, Yaw_err_deg: 0.577
Epoch: [20/23], Batch: 2320/2963, Loss: 37.223, Trans_L2_m: 0.332, Yaw_err_deg: 0.489
Epoch: [20/23], Batch: 2330/2963, Loss: 48.258, Trans_L2_m: 0.377, Yaw_err_deg: 0.571
Epoch: [20/23], Batch: 2340/2963, Loss: 43.299, Trans_L2_m: 0.277, Yaw_err_deg: 0.671
Epoch: [20/23], Batch: 2350/2963, Loss: 45.568, Trans_L2_m: 0.415, Yaw_err_deg: 0.562
Epoch: [20/23], Batch: 2360/2963, Loss: 42.612, Trans_L2_m: 0.340, Yaw_err_deg: 0.540
Epoch: [20/23], Batch: 2370/2963, Loss: 38.638, Trans_L2_m: 0.408, Yaw_err_deg: 0.405
Epoch: [20/23], Batch: 2380/2963, Loss: 42.994, Trans_L2_m: 0.350, Yaw_err_deg: 0.717
Epoch: [20/23], Batch: 2390/2963, Loss: 40.139, Trans_L2_m: 0.353, Yaw_err_deg: 0.459
Epoch: [20/23], Batch: 2400/2963, Loss: 43.807, Trans_L2_m: 0.337, Yaw_err_deg: 0.559
Epoch: [20/23], Batch: 2410/2963, Loss: 53.786, Trans_L2_m: 0.246, Yaw_err_deg: 1.037
Epoch: [20/23], Batch: 2420/2963, Loss: 45.936, Trans_L2_m: 0.389, Yaw_err_deg: 0.801
Epoch: [20/23], Batch: 2430/2963, Loss: 41.709, Trans_L2_m: 0.385, Yaw_err_deg: 0.671
Epoch: [20/23], Batch: 2440/2963, Loss: 37.103, Trans_L2_m: 0.235, Yaw_err_deg: 0.484
Epoch: [20/23], Batch: 2450/2963, Loss: 46.085, Trans_L2_m: 0.475, Yaw_err_deg: 0.413
Epoch: [20/23], Batch: 2460/2963, Loss: 43.621, Trans_L2_m: 0.403, Yaw_err_deg: 0.629
Epoch: [20/23], Batch: 2470/2963, Loss: 44.644, Trans_L2_m: 0.276, Yaw_err_deg: 0.724
Epoch: [20/23], Batch: 2480/2963, Loss: 39.153, Trans_L2_m: 0.336, Yaw_err_deg: 0.639
Epoch: [20/23], Batch: 2490/2963, Loss: 55.909, Trans_L2_m: 0.602, Yaw_err_deg: 0.732
Epoch: [20/23], Batch: 2500/2963, Loss: 42.281, Trans_L2_m: 0.299, Yaw_err_deg: 0.577
Epoch: [20/23], Batch: 2510/2963, Loss: 40.972, Trans_L2_m: 0.275, Yaw_err_deg: 0.587
Epoch: [20/23], Batch: 2520/2963, Loss: 44.735, Trans_L2_m: 0.341, Yaw_err_deg: 0.754
Epoch: [20/23], Batch: 2530/2963, Loss: 44.573, Trans_L2_m: 0.364, Yaw_err_deg: 0.554
Epoch: [20/23], Batch: 2540/2963, Loss: 43.284, Trans_L2_m: 0.352, Yaw_err_deg: 0.564
Epoch: [20/23], Batch: 2550/2963, Loss: 44.222, Trans_L2_m: 0.278, Yaw_err_deg: 0.936
Epoch: [20/23], Batch: 2560/2963, Loss: 46.431, Trans_L2_m: 0.539, Yaw_err_deg: 0.518
Epoch: [20/23], Batch: 2570/2963, Loss: 55.823, Trans_L2_m: 0.319, Yaw_err_deg: 0.755
Epoch: [20/23], Batch: 2580/2963, Loss: 56.984, Trans_L2_m: 0.474, Yaw_err_deg: 1.089
Epoch: [20/23], Batch: 2590/2963, Loss: 46.693, Trans_L2_m: 0.363, Yaw_err_deg: 0.611
Epoch: [20/23], Batch: 2600/2963, Loss: 47.313, Trans_L2_m: 0.361, Yaw_err_deg: 0.778
Epoch: [20/23], Batch: 2610/2963, Loss: 44.870, Trans_L2_m: 0.383, Yaw_err_deg: 0.670
Epoch: [20/23], Batch: 2620/2963, Loss: 37.858, Trans_L2_m: 0.384, Yaw_err_deg: 0.436
Epoch: [20/23], Batch: 2630/2963, Loss: 41.600, Trans_L2_m: 0.213, Yaw_err_deg: 0.826
Epoch: [20/23], Batch: 2640/2963, Loss: 44.621, Trans_L2_m: 0.383, Yaw_err_deg: 0.955
Epoch: [20/23], Batch: 2650/2963, Loss: 51.402, Trans_L2_m: 0.411, Yaw_err_deg: 0.787
Epoch: [20/23], Batch: 2660/2963, Loss: 40.072, Trans_L2_m: 0.312, Yaw_err_deg: 0.545
Epoch: [20/23], Batch: 2670/2963, Loss: 47.657, Trans_L2_m: 0.399, Yaw_err_deg: 0.861
Epoch: [20/23], Batch: 2680/2963, Loss: 45.755, Trans_L2_m: 0.340, Yaw_err_deg: 0.668
Epoch: [20/23], Batch: 2690/2963, Loss: 46.131, Trans_L2_m: 0.390, Yaw_err_deg: 0.881
Epoch: [20/23], Batch: 2700/2963, Loss: 43.339, Trans_L2_m: 0.360, Yaw_err_deg: 0.707
Epoch: [20/23], Batch: 2710/2963, Loss: 44.187, Trans_L2_m: 0.312, Yaw_err_deg: 0.773
Epoch: [20/23], Batch: 2720/2963, Loss: 40.935, Trans_L2_m: 0.345, Yaw_err_deg: 0.558
Epoch: [20/23], Batch: 2730/2963, Loss: 45.308, Trans_L2_m: 0.503, Yaw_err_deg: 0.343
Epoch: [20/23], Batch: 2740/2963, Loss: 44.195, Trans_L2_m: 0.412, Yaw_err_deg: 0.387
Epoch: [20/23], Batch: 2750/2963, Loss: 38.525, Trans_L2_m: 0.305, Yaw_err_deg: 0.483
Epoch: [20/23], Batch: 2760/2963, Loss: 44.843, Trans_L2_m: 0.348, Yaw_err_deg: 0.819
Epoch: [20/23], Batch: 2770/2963, Loss: 50.299, Trans_L2_m: 0.448, Yaw_err_deg: 0.742
Epoch: [20/23], Batch: 2780/2963, Loss: 44.213, Trans_L2_m: 0.333, Yaw_err_deg: 0.590
Epoch: [20/23], Batch: 2790/2963, Loss: 47.161, Trans_L2_m: 0.370, Yaw_err_deg: 0.792
Epoch: [20/23], Batch: 2800/2963, Loss: 49.113, Trans_L2_m: 0.441, Yaw_err_deg: 0.995
Epoch: [20/23], Batch: 2810/2963, Loss: 42.754, Trans_L2_m: 0.389, Yaw_err_deg: 0.473
Epoch: [20/23], Batch: 2820/2963, Loss: 51.534, Trans_L2_m: 0.576, Yaw_err_deg: 0.720
Epoch: [20/23], Batch: 2830/2963, Loss: 41.261, Trans_L2_m: 0.341, Yaw_err_deg: 0.514
Epoch: [20/23], Batch: 2840/2963, Loss: 39.291, Trans_L2_m: 0.430, Yaw_err_deg: 0.440
Epoch: [20/23], Batch: 2850/2963, Loss: 49.608, Trans_L2_m: 0.428, Yaw_err_deg: 0.880
Epoch: [20/23], Batch: 2860/2963, Loss: 43.792, Trans_L2_m: 0.347, Yaw_err_deg: 0.748
Epoch: [20/23], Batch: 2870/2963, Loss: 45.735, Trans_L2_m: 0.335, Yaw_err_deg: 0.663
Epoch: [20/23], Batch: 2880/2963, Loss: 36.881, Trans_L2_m: 0.305, Yaw_err_deg: 0.593
Epoch: [20/23], Batch: 2890/2963, Loss: 45.620, Trans_L2_m: 0.516, Yaw_err_deg: 0.538
Epoch: [20/23], Batch: 2900/2963, Loss: 36.730, Trans_L2_m: 0.270, Yaw_err_deg: 0.386
Epoch: [20/23], Batch: 2910/2963, Loss: 56.745, Trans_L2_m: 0.326, Yaw_err_deg: 1.319
Epoch: [20/23], Batch: 2920/2963, Loss: 51.429, Trans_L2_m: 0.298, Yaw_err_deg: 1.055
Epoch: [20/23], Batch: 2930/2963, Loss: 47.958, Trans_L2_m: 0.386, Yaw_err_deg: 0.762
Epoch: [20/23], Batch: 2940/2963, Loss: 40.757, Trans_L2_m: 0.292, Yaw_err_deg: 0.463
Epoch: [20/23], Batch: 2950/2963, Loss: 43.769, Trans_L2_m: 0.315, Yaw_err_deg: 0.729
Epoch: [20/23], Batch: 2960/2963, Loss: 42.132, Trans_L2_m: 0.299, Yaw_err_deg: 0.573
Epoch: [21/23], Batch: 0/2963, Loss: 40.518, Trans_L2_m: 0.348, Yaw_err_deg: 0.593
Epoch: [21/23], Batch: 10/2963, Loss: 39.396, Trans_L2_m: 0.309, Yaw_err_deg: 0.665
Epoch: [21/23], Batch: 20/2963, Loss: 53.701, Trans_L2_m: 0.353, Yaw_err_deg: 0.690
Epoch: [21/23], Batch: 30/2963, Loss: 46.118, Trans_L2_m: 0.395, Yaw_err_deg: 0.923
Epoch: [21/23], Batch: 40/2963, Loss: 44.978, Trans_L2_m: 0.357, Yaw_err_deg: 0.643
Epoch: [21/23], Batch: 50/2963, Loss: 48.545, Trans_L2_m: 0.419, Yaw_err_deg: 0.793
Epoch: [21/23], Batch: 60/2963, Loss: 35.825, Trans_L2_m: 0.302, Yaw_err_deg: 0.509
Epoch: [21/23], Batch: 70/2963, Loss: 45.795, Trans_L2_m: 0.382, Yaw_err_deg: 0.761
Epoch: [21/23], Batch: 80/2963, Loss: 36.116, Trans_L2_m: 0.259, Yaw_err_deg: 0.632
Epoch: [21/23], Batch: 90/2963, Loss: 44.760, Trans_L2_m: 0.453, Yaw_err_deg: 0.607
Epoch: [21/23], Batch: 100/2963, Loss: 40.678, Trans_L2_m: 0.360, Yaw_err_deg: 0.609
Epoch: [21/23], Batch: 110/2963, Loss: 51.745, Trans_L2_m: 0.357, Yaw_err_deg: 0.603
Epoch: [21/23], Batch: 120/2963, Loss: 37.570, Trans_L2_m: 0.269, Yaw_err_deg: 0.622
Epoch: [21/23], Batch: 130/2963, Loss: 45.454, Trans_L2_m: 0.321, Yaw_err_deg: 0.736
Epoch: [21/23], Batch: 140/2963, Loss: 43.572, Trans_L2_m: 0.328, Yaw_err_deg: 0.559
Epoch: [21/23], Batch: 150/2963, Loss: 56.754, Trans_L2_m: 0.400, Yaw_err_deg: 0.941
Epoch: [21/23], Batch: 160/2963, Loss: 44.429, Trans_L2_m: 0.342, Yaw_err_deg: 0.921
Epoch: [21/23], Batch: 170/2963, Loss: 41.693, Trans_L2_m: 0.300, Yaw_err_deg: 0.657
Epoch: [21/23], Batch: 180/2963, Loss: 47.702, Trans_L2_m: 0.415, Yaw_err_deg: 0.666
Epoch: [21/23], Batch: 190/2963, Loss: 44.452, Trans_L2_m: 0.296, Yaw_err_deg: 0.899
Epoch: [21/23], Batch: 200/2963, Loss: 46.498, Trans_L2_m: 0.349, Yaw_err_deg: 0.785
Epoch: [21/23], Batch: 210/2963, Loss: 43.272, Trans_L2_m: 0.512, Yaw_err_deg: 0.577
Epoch: [21/23], Batch: 220/2963, Loss: 46.113, Trans_L2_m: 0.328, Yaw_err_deg: 0.636
Epoch: [21/23], Batch: 230/2963, Loss: 53.959, Trans_L2_m: 0.599, Yaw_err_deg: 0.689
Epoch: [21/23], Batch: 240/2963, Loss: 40.518, Trans_L2_m: 0.313, Yaw_err_deg: 0.595
Epoch: [21/23], Batch: 250/2963, Loss: 44.282, Trans_L2_m: 0.350, Yaw_err_deg: 0.712
Epoch: [21/23], Batch: 260/2963, Loss: 39.982, Trans_L2_m: 0.317, Yaw_err_deg: 0.316
Epoch: [21/23], Batch: 270/2963, Loss: 57.714, Trans_L2_m: 0.470, Yaw_err_deg: 0.599
Epoch: [21/23], Batch: 280/2963, Loss: 44.668, Trans_L2_m: 0.338, Yaw_err_deg: 0.703
Epoch: [21/23], Batch: 290/2963, Loss: 49.822, Trans_L2_m: 0.518, Yaw_err_deg: 0.610
Epoch: [21/23], Batch: 300/2963, Loss: 39.660, Trans_L2_m: 0.260, Yaw_err_deg: 0.490
Epoch: [21/23], Batch: 310/2963, Loss: 40.667, Trans_L2_m: 0.411, Yaw_err_deg: 0.597
Epoch: [21/23], Batch: 320/2963, Loss: 39.095, Trans_L2_m: 0.452, Yaw_err_deg: 0.534
Epoch: [21/23], Batch: 330/2963, Loss: 47.978, Trans_L2_m: 0.378, Yaw_err_deg: 0.607
Epoch: [21/23], Batch: 340/2963, Loss: 39.525, Trans_L2_m: 0.273, Yaw_err_deg: 0.575
Epoch: [21/23], Batch: 350/2963, Loss: 46.603, Trans_L2_m: 0.351, Yaw_err_deg: 0.556
Epoch: [21/23], Batch: 360/2963, Loss: 47.869, Trans_L2_m: 0.556, Yaw_err_deg: 0.370
Epoch: [21/23], Batch: 370/2963, Loss: 44.254, Trans_L2_m: 0.350, Yaw_err_deg: 0.467
Epoch: [21/23], Batch: 380/2963, Loss: 42.363, Trans_L2_m: 0.420, Yaw_err_deg: 0.601
Epoch: [21/23], Batch: 390/2963, Loss: 42.463, Trans_L2_m: 0.288, Yaw_err_deg: 0.527
Epoch: [21/23], Batch: 400/2963, Loss: 44.747, Trans_L2_m: 0.485, Yaw_err_deg: 0.407
Epoch: [21/23], Batch: 410/2963, Loss: 47.145, Trans_L2_m: 0.380, Yaw_err_deg: 0.742
Epoch: [21/23], Batch: 420/2963, Loss: 56.583, Trans_L2_m: 0.416, Yaw_err_deg: 0.714
Epoch: [21/23], Batch: 430/2963, Loss: 43.451, Trans_L2_m: 0.343, Yaw_err_deg: 0.538
Epoch: [21/23], Batch: 440/2963, Loss: 41.917, Trans_L2_m: 0.385, Yaw_err_deg: 0.552
Epoch: [21/23], Batch: 450/2963, Loss: 53.720, Trans_L2_m: 0.361, Yaw_err_deg: 1.163
Epoch: [21/23], Batch: 460/2963, Loss: 51.023, Trans_L2_m: 0.217, Yaw_err_deg: 1.040
Epoch: [21/23], Batch: 470/2963, Loss: 43.374, Trans_L2_m: 0.426, Yaw_err_deg: 0.557
Epoch: [21/23], Batch: 480/2963, Loss: 46.230, Trans_L2_m: 0.436, Yaw_err_deg: 0.861
Epoch: [21/23], Batch: 490/2963, Loss: 43.492, Trans_L2_m: 0.376, Yaw_err_deg: 0.689
Epoch: [21/23], Batch: 500/2963, Loss: 43.399, Trans_L2_m: 0.393, Yaw_err_deg: 0.452
Epoch: [21/23], Batch: 510/2963, Loss: 44.813, Trans_L2_m: 0.381, Yaw_err_deg: 0.729
Epoch: [21/23], Batch: 520/2963, Loss: 56.074, Trans_L2_m: 0.562, Yaw_err_deg: 0.851
Epoch: [21/23], Batch: 530/2963, Loss: 49.363, Trans_L2_m: 0.306, Yaw_err_deg: 0.588
Epoch: [21/23], Batch: 540/2963, Loss: 44.148, Trans_L2_m: 0.446, Yaw_err_deg: 0.689
Epoch: [21/23], Batch: 550/2963, Loss: 47.615, Trans_L2_m: 0.505, Yaw_err_deg: 0.438
Epoch: [21/23], Batch: 560/2963, Loss: 45.576, Trans_L2_m: 0.354, Yaw_err_deg: 0.773
Epoch: [21/23], Batch: 570/2963, Loss: 47.693, Trans_L2_m: 0.479, Yaw_err_deg: 0.556
Epoch: [21/23], Batch: 580/2963, Loss: 37.372, Trans_L2_m: 0.371, Yaw_err_deg: 0.559
Epoch: [21/23], Batch: 590/2963, Loss: 48.603, Trans_L2_m: 0.324, Yaw_err_deg: 0.799
Epoch: [21/23], Batch: 600/2963, Loss: 44.805, Trans_L2_m: 0.288, Yaw_err_deg: 0.684
Epoch: [21/23], Batch: 610/2963, Loss: 53.631, Trans_L2_m: 0.476, Yaw_err_deg: 0.746
Epoch: [21/23], Batch: 620/2963, Loss: 45.393, Trans_L2_m: 0.437, Yaw_err_deg: 0.537
Epoch: [21/23], Batch: 630/2963, Loss: 39.712, Trans_L2_m: 0.271, Yaw_err_deg: 0.525
Epoch: [21/23], Batch: 640/2963, Loss: 55.032, Trans_L2_m: 0.374, Yaw_err_deg: 1.100
Epoch: [21/23], Batch: 650/2963, Loss: 45.911, Trans_L2_m: 0.387, Yaw_err_deg: 0.586
Epoch: [21/23], Batch: 660/2963, Loss: 46.129, Trans_L2_m: 0.489, Yaw_err_deg: 0.596
Epoch: [21/23], Batch: 670/2963, Loss: 39.090, Trans_L2_m: 0.366, Yaw_err_deg: 0.503
Epoch: [21/23], Batch: 680/2963, Loss: 37.745, Trans_L2_m: 0.310, Yaw_err_deg: 0.465
Epoch: [21/23], Batch: 690/2963, Loss: 42.386, Trans_L2_m: 0.306, Yaw_err_deg: 0.457
Epoch: [21/23], Batch: 700/2963, Loss: 45.398, Trans_L2_m: 0.340, Yaw_err_deg: 0.489
Epoch: [21/23], Batch: 710/2963, Loss: 42.037, Trans_L2_m: 0.422, Yaw_err_deg: 0.733
Epoch: [21/23], Batch: 720/2963, Loss: 51.777, Trans_L2_m: 0.367, Yaw_err_deg: 1.030
Epoch: [21/23], Batch: 730/2963, Loss: 36.535, Trans_L2_m: 0.284, Yaw_err_deg: 0.519
Epoch: [21/23], Batch: 740/2963, Loss: 41.944, Trans_L2_m: 0.330, Yaw_err_deg: 0.473
Epoch: [21/23], Batch: 750/2963, Loss: 46.516, Trans_L2_m: 0.469, Yaw_err_deg: 0.538
Epoch: [21/23], Batch: 760/2963, Loss: 49.405, Trans_L2_m: 0.378, Yaw_err_deg: 0.712
Epoch: [21/23], Batch: 770/2963, Loss: 42.838, Trans_L2_m: 0.311, Yaw_err_deg: 0.736
Epoch: [21/23], Batch: 780/2963, Loss: 38.896, Trans_L2_m: 0.304, Yaw_err_deg: 0.489
Epoch: [21/23], Batch: 790/2963, Loss: 57.823, Trans_L2_m: 0.408, Yaw_err_deg: 0.862
Epoch: [21/23], Batch: 800/2963, Loss: 48.399, Trans_L2_m: 0.425, Yaw_err_deg: 0.747
Epoch: [21/23], Batch: 810/2963, Loss: 54.808, Trans_L2_m: 0.394, Yaw_err_deg: 0.883
Epoch: [21/23], Batch: 820/2963, Loss: 42.848, Trans_L2_m: 0.408, Yaw_err_deg: 0.434
Epoch: [21/23], Batch: 830/2963, Loss: 41.531, Trans_L2_m: 0.345, Yaw_err_deg: 0.433
Epoch: [21/23], Batch: 840/2963, Loss: 44.648, Trans_L2_m: 0.327, Yaw_err_deg: 0.882
Epoch: [21/23], Batch: 850/2963, Loss: 44.211, Trans_L2_m: 0.415, Yaw_err_deg: 0.663
Epoch: [21/23], Batch: 860/2963, Loss: 44.287, Trans_L2_m: 0.304, Yaw_err_deg: 0.511
Epoch: [21/23], Batch: 870/2963, Loss: 46.857, Trans_L2_m: 0.348, Yaw_err_deg: 0.857
Epoch: [21/23], Batch: 880/2963, Loss: 54.040, Trans_L2_m: 0.262, Yaw_err_deg: 1.179
Epoch: [21/23], Batch: 890/2963, Loss: 44.490, Trans_L2_m: 0.378, Yaw_err_deg: 0.599
Epoch: [21/23], Batch: 900/2963, Loss: 42.746, Trans_L2_m: 0.437, Yaw_err_deg: 0.624
Epoch: [21/23], Batch: 910/2963, Loss: 39.842, Trans_L2_m: 0.309, Yaw_err_deg: 0.553
Epoch: [21/23], Batch: 920/2963, Loss: 48.894, Trans_L2_m: 0.353, Yaw_err_deg: 0.908
Epoch: [21/23], Batch: 930/2963, Loss: 51.256, Trans_L2_m: 0.547, Yaw_err_deg: 0.718
Epoch: [21/23], Batch: 940/2963, Loss: 50.006, Trans_L2_m: 0.368, Yaw_err_deg: 0.541
Epoch: [21/23], Batch: 950/2963, Loss: 43.833, Trans_L2_m: 0.256, Yaw_err_deg: 0.661
Epoch: [21/23], Batch: 960/2963, Loss: 49.418, Trans_L2_m: 0.410, Yaw_err_deg: 0.655
Epoch: [21/23], Batch: 970/2963, Loss: 47.519, Trans_L2_m: 0.505, Yaw_err_deg: 0.691
Epoch: [21/23], Batch: 980/2963, Loss: 43.286, Trans_L2_m: 0.276, Yaw_err_deg: 0.783
Epoch: [21/23], Batch: 990/2963, Loss: 43.135, Trans_L2_m: 0.321, Yaw_err_deg: 0.736
Epoch: [21/23], Batch: 1000/2963, Loss: 51.490, Trans_L2_m: 0.451, Yaw_err_deg: 0.786
Epoch: [21/23], Batch: 1010/2963, Loss: 41.011, Trans_L2_m: 0.331, Yaw_err_deg: 0.848
Epoch: [21/23], Batch: 1020/2963, Loss: 48.377, Trans_L2_m: 0.348, Yaw_err_deg: 0.905
Epoch: [21/23], Batch: 1030/2963, Loss: 43.964, Trans_L2_m: 0.316, Yaw_err_deg: 0.564
Epoch: [21/23], Batch: 1040/2963, Loss: 46.079, Trans_L2_m: 0.469, Yaw_err_deg: 0.610
Epoch: [21/23], Batch: 1050/2963, Loss: 44.959, Trans_L2_m: 0.485, Yaw_err_deg: 0.540
Epoch: [21/23], Batch: 1060/2963, Loss: 44.563, Trans_L2_m: 0.363, Yaw_err_deg: 0.599
Epoch: [21/23], Batch: 1070/2963, Loss: 50.630, Trans_L2_m: 0.369, Yaw_err_deg: 0.754
Epoch: [21/23], Batch: 1080/2963, Loss: 45.933, Trans_L2_m: 0.447, Yaw_err_deg: 0.812
Epoch: [21/23], Batch: 1090/2963, Loss: 41.162, Trans_L2_m: 0.329, Yaw_err_deg: 0.720
Epoch: [21/23], Batch: 1100/2963, Loss: 42.925, Trans_L2_m: 0.290, Yaw_err_deg: 0.549
Epoch: [21/23], Batch: 1110/2963, Loss: 42.167, Trans_L2_m: 0.301, Yaw_err_deg: 0.807
Epoch: [21/23], Batch: 1120/2963, Loss: 47.071, Trans_L2_m: 0.424, Yaw_err_deg: 0.552
Epoch: [21/23], Batch: 1130/2963, Loss: 43.075, Trans_L2_m: 0.353, Yaw_err_deg: 0.874
Epoch: [21/23], Batch: 1140/2963, Loss: 43.403, Trans_L2_m: 0.298, Yaw_err_deg: 0.768
Epoch: [21/23], Batch: 1150/2963, Loss: 78.515, Trans_L2_m: 0.545, Yaw_err_deg: 1.337
Epoch: [21/23], Batch: 1160/2963, Loss: 51.413, Trans_L2_m: 0.297, Yaw_err_deg: 0.871
Epoch: [21/23], Batch: 1170/2963, Loss: 40.131, Trans_L2_m: 0.278, Yaw_err_deg: 0.379
Epoch: [21/23], Batch: 1180/2963, Loss: 45.566, Trans_L2_m: 0.409, Yaw_err_deg: 0.306
Epoch: [21/23], Batch: 1190/2963, Loss: 47.508, Trans_L2_m: 0.401, Yaw_err_deg: 0.718
Epoch: [21/23], Batch: 1200/2963, Loss: 44.682, Trans_L2_m: 0.326, Yaw_err_deg: 0.793
Epoch: [21/23], Batch: 1210/2963, Loss: 47.093, Trans_L2_m: 0.456, Yaw_err_deg: 0.497
Epoch: [21/23], Batch: 1220/2963, Loss: 44.643, Trans_L2_m: 0.439, Yaw_err_deg: 0.783
Epoch: [21/23], Batch: 1230/2963, Loss: 43.513, Trans_L2_m: 0.368, Yaw_err_deg: 0.746
Epoch: [21/23], Batch: 1240/2963, Loss: 50.495, Trans_L2_m: 0.401, Yaw_err_deg: 0.633
Epoch: [21/23], Batch: 1250/2963, Loss: 36.938, Trans_L2_m: 0.236, Yaw_err_deg: 0.392
Epoch: [21/23], Batch: 1260/2963, Loss: 44.436, Trans_L2_m: 0.364, Yaw_err_deg: 0.586
Epoch: [21/23], Batch: 1270/2963, Loss: 42.608, Trans_L2_m: 0.388, Yaw_err_deg: 0.702
Epoch: [21/23], Batch: 1280/2963, Loss: 46.637, Trans_L2_m: 0.370, Yaw_err_deg: 0.827
Epoch: [21/23], Batch: 1290/2963, Loss: 51.327, Trans_L2_m: 0.304, Yaw_err_deg: 0.653
Epoch: [21/23], Batch: 1300/2963, Loss: 49.004, Trans_L2_m: 0.470, Yaw_err_deg: 0.660
Epoch: [21/23], Batch: 1310/2963, Loss: 42.941, Trans_L2_m: 0.392, Yaw_err_deg: 0.624
Epoch: [21/23], Batch: 1320/2963, Loss: 40.940, Trans_L2_m: 0.285, Yaw_err_deg: 0.509
Epoch: [21/23], Batch: 1330/2963, Loss: 48.803, Trans_L2_m: 0.415, Yaw_err_deg: 0.421
Epoch: [21/23], Batch: 1340/2963, Loss: 41.207, Trans_L2_m: 0.393, Yaw_err_deg: 0.623
Epoch: [21/23], Batch: 1350/2963, Loss: 45.664, Trans_L2_m: 0.368, Yaw_err_deg: 0.608
Epoch: [21/23], Batch: 1360/2963, Loss: 38.632, Trans_L2_m: 0.344, Yaw_err_deg: 0.469
Epoch: [21/23], Batch: 1370/2963, Loss: 44.769, Trans_L2_m: 0.395, Yaw_err_deg: 0.616
Epoch: [21/23], Batch: 1380/2963, Loss: 45.913, Trans_L2_m: 0.370, Yaw_err_deg: 0.602
Epoch: [21/23], Batch: 1390/2963, Loss: 45.956, Trans_L2_m: 0.334, Yaw_err_deg: 0.855
Epoch: [21/23], Batch: 1400/2963, Loss: 47.096, Trans_L2_m: 0.377, Yaw_err_deg: 0.612
Epoch: [21/23], Batch: 1410/2963, Loss: 50.799, Trans_L2_m: 0.267, Yaw_err_deg: 1.072
Epoch: [21/23], Batch: 1420/2963, Loss: 43.335, Trans_L2_m: 0.348, Yaw_err_deg: 1.017
Epoch: [21/23], Batch: 1430/2963, Loss: 44.299, Trans_L2_m: 0.509, Yaw_err_deg: 0.612
Epoch: [21/23], Batch: 1440/2963, Loss: 43.172, Trans_L2_m: 0.396, Yaw_err_deg: 0.605
Epoch: [21/23], Batch: 1450/2963, Loss: 45.031, Trans_L2_m: 0.368, Yaw_err_deg: 0.693
Epoch: [21/23], Batch: 1460/2963, Loss: 51.516, Trans_L2_m: 0.455, Yaw_err_deg: 1.005
Epoch: [21/23], Batch: 1470/2963, Loss: 43.135, Trans_L2_m: 0.288, Yaw_err_deg: 0.534
Epoch: [21/23], Batch: 1480/2963, Loss: 39.887, Trans_L2_m: 0.266, Yaw_err_deg: 0.611
Epoch: [21/23], Batch: 1490/2963, Loss: 40.213, Trans_L2_m: 0.375, Yaw_err_deg: 0.506
Epoch: [21/23], Batch: 1500/2963, Loss: 40.236, Trans_L2_m: 0.307, Yaw_err_deg: 0.471
Epoch: [21/23], Batch: 1510/2963, Loss: 42.542, Trans_L2_m: 0.349, Yaw_err_deg: 0.357
Epoch: [21/23], Batch: 1520/2963, Loss: 44.394, Trans_L2_m: 0.313, Yaw_err_deg: 0.422
Epoch: [21/23], Batch: 1530/2963, Loss: 42.913, Trans_L2_m: 0.353, Yaw_err_deg: 0.660
Epoch: [21/23], Batch: 1540/2963, Loss: 39.398, Trans_L2_m: 0.460, Yaw_err_deg: 0.587
Epoch: [21/23], Batch: 1550/2963, Loss: 39.881, Trans_L2_m: 0.279, Yaw_err_deg: 0.663
Epoch: [21/23], Batch: 1560/2963, Loss: 41.041, Trans_L2_m: 0.301, Yaw_err_deg: 0.474
Epoch: [21/23], Batch: 1570/2963, Loss: 38.613, Trans_L2_m: 0.378, Yaw_err_deg: 0.577
Epoch: [21/23], Batch: 1580/2963, Loss: 38.774, Trans_L2_m: 0.313, Yaw_err_deg: 0.857
Epoch: [21/23], Batch: 1590/2963, Loss: 46.636, Trans_L2_m: 0.427, Yaw_err_deg: 0.671
Epoch: [21/23], Batch: 1600/2963, Loss: 46.393, Trans_L2_m: 0.332, Yaw_err_deg: 0.705
Epoch: [21/23], Batch: 1610/2963, Loss: 37.398, Trans_L2_m: 0.314, Yaw_err_deg: 0.628
Epoch: [21/23], Batch: 1620/2963, Loss: 40.836, Trans_L2_m: 0.338, Yaw_err_deg: 0.772
Epoch: [21/23], Batch: 1630/2963, Loss: 42.847, Trans_L2_m: 0.349, Yaw_err_deg: 0.422
Epoch: [21/23], Batch: 1640/2963, Loss: 46.782, Trans_L2_m: 0.304, Yaw_err_deg: 0.583
Epoch: [21/23], Batch: 1650/2963, Loss: 39.470, Trans_L2_m: 0.291, Yaw_err_deg: 0.507
Epoch: [21/23], Batch: 1660/2963, Loss: 40.098, Trans_L2_m: 0.377, Yaw_err_deg: 0.492
Epoch: [21/23], Batch: 1670/2963, Loss: 46.313, Trans_L2_m: 0.382, Yaw_err_deg: 0.716
Epoch: [21/23], Batch: 1680/2963, Loss: 41.596, Trans_L2_m: 0.393, Yaw_err_deg: 0.504
Epoch: [21/23], Batch: 1690/2963, Loss: 40.980, Trans_L2_m: 0.265, Yaw_err_deg: 0.550
Epoch: [21/23], Batch: 1700/2963, Loss: 48.949, Trans_L2_m: 0.310, Yaw_err_deg: 0.973
Epoch: [21/23], Batch: 1710/2963, Loss: 38.936, Trans_L2_m: 0.174, Yaw_err_deg: 0.589
Epoch: [21/23], Batch: 1720/2963, Loss: 41.782, Trans_L2_m: 0.405, Yaw_err_deg: 0.540
Epoch: [21/23], Batch: 1730/2963, Loss: 41.962, Trans_L2_m: 0.335, Yaw_err_deg: 0.561
Epoch: [21/23], Batch: 1740/2963, Loss: 42.920, Trans_L2_m: 0.409, Yaw_err_deg: 0.580
Epoch: [21/23], Batch: 1750/2963, Loss: 41.258, Trans_L2_m: 0.332, Yaw_err_deg: 0.636
Epoch: [21/23], Batch: 1760/2963, Loss: 36.883, Trans_L2_m: 0.314, Yaw_err_deg: 0.521
Epoch: [21/23], Batch: 1770/2963, Loss: 39.880, Trans_L2_m: 0.380, Yaw_err_deg: 0.523
Epoch: [21/23], Batch: 1780/2963, Loss: 39.467, Trans_L2_m: 0.316, Yaw_err_deg: 0.447
Epoch: [21/23], Batch: 1790/2963, Loss: 39.685, Trans_L2_m: 0.276, Yaw_err_deg: 0.552
Epoch: [21/23], Batch: 1800/2963, Loss: 46.930, Trans_L2_m: 0.355, Yaw_err_deg: 0.650
Epoch: [21/23], Batch: 1810/2963, Loss: 44.427, Trans_L2_m: 0.490, Yaw_err_deg: 0.718
Epoch: [21/23], Batch: 1820/2963, Loss: 47.674, Trans_L2_m: 0.335, Yaw_err_deg: 0.631
Epoch: [21/23], Batch: 1830/2963, Loss: 43.180, Trans_L2_m: 0.356, Yaw_err_deg: 0.439
Epoch: [21/23], Batch: 1840/2963, Loss: 51.006, Trans_L2_m: 0.466, Yaw_err_deg: 0.653
Epoch: [21/23], Batch: 1850/2963, Loss: 48.121, Trans_L2_m: 0.518, Yaw_err_deg: 0.527
Epoch: [21/23], Batch: 1860/2963, Loss: 38.201, Trans_L2_m: 0.338, Yaw_err_deg: 0.521
Epoch: [21/23], Batch: 1870/2963, Loss: 40.716, Trans_L2_m: 0.348, Yaw_err_deg: 0.501
Epoch: [21/23], Batch: 1880/2963, Loss: 46.913, Trans_L2_m: 0.453, Yaw_err_deg: 0.732
Epoch: [21/23], Batch: 1890/2963, Loss: 46.102, Trans_L2_m: 0.385, Yaw_err_deg: 0.581
Epoch: [21/23], Batch: 1900/2963, Loss: 38.061, Trans_L2_m: 0.191, Yaw_err_deg: 0.651
Epoch: [21/23], Batch: 1910/2963, Loss: 47.244, Trans_L2_m: 0.580, Yaw_err_deg: 0.703
Epoch: [21/23], Batch: 1920/2963, Loss: 43.214, Trans_L2_m: 0.358, Yaw_err_deg: 0.468
Epoch: [21/23], Batch: 1930/2963, Loss: 46.287, Trans_L2_m: 0.449, Yaw_err_deg: 1.012
Epoch: [21/23], Batch: 1940/2963, Loss: 47.119, Trans_L2_m: 0.351, Yaw_err_deg: 0.705
Epoch: [21/23], Batch: 1950/2963, Loss: 42.827, Trans_L2_m: 0.423, Yaw_err_deg: 0.556
Epoch: [21/23], Batch: 1960/2963, Loss: 49.130, Trans_L2_m: 0.372, Yaw_err_deg: 0.665
Epoch: [21/23], Batch: 1970/2963, Loss: 43.415, Trans_L2_m: 0.325, Yaw_err_deg: 0.425
Epoch: [21/23], Batch: 1980/2963, Loss: 42.568, Trans_L2_m: 0.376, Yaw_err_deg: 0.406
Epoch: [21/23], Batch: 1990/2963, Loss: 39.112, Trans_L2_m: 0.369, Yaw_err_deg: 0.673
Epoch: [21/23], Batch: 2000/2963, Loss: 43.969, Trans_L2_m: 0.427, Yaw_err_deg: 0.688
Epoch: [21/23], Batch: 2010/2963, Loss: 51.315, Trans_L2_m: 0.480, Yaw_err_deg: 0.667
Epoch: [21/23], Batch: 2020/2963, Loss: 42.400, Trans_L2_m: 0.355, Yaw_err_deg: 0.581
Epoch: [21/23], Batch: 2030/2963, Loss: 42.671, Trans_L2_m: 0.284, Yaw_err_deg: 0.685
Epoch: [21/23], Batch: 2040/2963, Loss: 43.464, Trans_L2_m: 0.386, Yaw_err_deg: 0.532
Epoch: [21/23], Batch: 2050/2963, Loss: 37.387, Trans_L2_m: 0.247, Yaw_err_deg: 0.547
Epoch: [21/23], Batch: 2060/2963, Loss: 45.585, Trans_L2_m: 0.342, Yaw_err_deg: 0.539
Epoch: [21/23], Batch: 2070/2963, Loss: 37.731, Trans_L2_m: 0.315, Yaw_err_deg: 0.648
Epoch: [21/23], Batch: 2080/2963, Loss: 56.174, Trans_L2_m: 0.453, Yaw_err_deg: 1.108
Epoch: [21/23], Batch: 2090/2963, Loss: 45.488, Trans_L2_m: 0.525, Yaw_err_deg: 0.707
Epoch: [21/23], Batch: 2100/2963, Loss: 45.348, Trans_L2_m: 0.426, Yaw_err_deg: 0.660
Epoch: [21/23], Batch: 2110/2963, Loss: 38.828, Trans_L2_m: 0.380, Yaw_err_deg: 0.432
Epoch: [21/23], Batch: 2120/2963, Loss: 43.792, Trans_L2_m: 0.339, Yaw_err_deg: 0.857
Epoch: [21/23], Batch: 2130/2963, Loss: 39.303, Trans_L2_m: 0.293, Yaw_err_deg: 0.500
Epoch: [21/23], Batch: 2140/2963, Loss: 43.245, Trans_L2_m: 0.344, Yaw_err_deg: 0.512
Epoch: [21/23], Batch: 2150/2963, Loss: 42.607, Trans_L2_m: 0.411, Yaw_err_deg: 0.472
Epoch: [21/23], Batch: 2160/2963, Loss: 51.173, Trans_L2_m: 0.352, Yaw_err_deg: 0.635
Epoch: [21/23], Batch: 2170/2963, Loss: 44.033, Trans_L2_m: 0.331, Yaw_err_deg: 0.602
Epoch: [21/23], Batch: 2180/2963, Loss: 41.133, Trans_L2_m: 0.412, Yaw_err_deg: 0.669
Epoch: [21/23], Batch: 2190/2963, Loss: 54.191, Trans_L2_m: 0.598, Yaw_err_deg: 0.445
Epoch: [21/23], Batch: 2200/2963, Loss: 45.717, Trans_L2_m: 0.353, Yaw_err_deg: 0.714
Epoch: [21/23], Batch: 2210/2963, Loss: 38.634, Trans_L2_m: 0.297, Yaw_err_deg: 0.589
Epoch: [21/23], Batch: 2220/2963, Loss: 36.690, Trans_L2_m: 0.337, Yaw_err_deg: 0.371
Epoch: [21/23], Batch: 2230/2963, Loss: 37.953, Trans_L2_m: 0.353, Yaw_err_deg: 0.563
Epoch: [21/23], Batch: 2240/2963, Loss: 40.496, Trans_L2_m: 0.267, Yaw_err_deg: 0.681
Epoch: [21/23], Batch: 2250/2963, Loss: 51.406, Trans_L2_m: 0.359, Yaw_err_deg: 0.847
Epoch: [21/23], Batch: 2260/2963, Loss: 56.424, Trans_L2_m: 0.381, Yaw_err_deg: 1.197
Epoch: [21/23], Batch: 2270/2963, Loss: 37.697, Trans_L2_m: 0.297, Yaw_err_deg: 0.624
Epoch: [21/23], Batch: 2280/2963, Loss: 50.197, Trans_L2_m: 0.327, Yaw_err_deg: 0.950
Epoch: [21/23], Batch: 2290/2963, Loss: 45.428, Trans_L2_m: 0.413, Yaw_err_deg: 0.520
Epoch: [21/23], Batch: 2300/2963, Loss: 40.820, Trans_L2_m: 0.440, Yaw_err_deg: 0.545
Epoch: [21/23], Batch: 2310/2963, Loss: 42.673, Trans_L2_m: 0.423, Yaw_err_deg: 0.528
Epoch: [21/23], Batch: 2320/2963, Loss: 44.238, Trans_L2_m: 0.401, Yaw_err_deg: 0.651
Epoch: [21/23], Batch: 2330/2963, Loss: 41.937, Trans_L2_m: 0.400, Yaw_err_deg: 0.495
Epoch: [21/23], Batch: 2340/2963, Loss: 45.189, Trans_L2_m: 0.386, Yaw_err_deg: 0.562
Epoch: [21/23], Batch: 2350/2963, Loss: 43.249, Trans_L2_m: 0.239, Yaw_err_deg: 0.657
Epoch: [21/23], Batch: 2360/2963, Loss: 42.772, Trans_L2_m: 0.343, Yaw_err_deg: 0.534
Epoch: [21/23], Batch: 2370/2963, Loss: 42.187, Trans_L2_m: 0.463, Yaw_err_deg: 0.377
Epoch: [21/23], Batch: 2380/2963, Loss: 44.322, Trans_L2_m: 0.351, Yaw_err_deg: 0.571
Epoch: [21/23], Batch: 2390/2963, Loss: 42.271, Trans_L2_m: 0.402, Yaw_err_deg: 0.485
Epoch: [21/23], Batch: 2400/2963, Loss: 39.948, Trans_L2_m: 0.360, Yaw_err_deg: 0.601
Epoch: [21/23], Batch: 2410/2963, Loss: 44.696, Trans_L2_m: 0.396, Yaw_err_deg: 0.717
Epoch: [21/23], Batch: 2420/2963, Loss: 37.259, Trans_L2_m: 0.308, Yaw_err_deg: 0.446
Epoch: [21/23], Batch: 2430/2963, Loss: 52.677, Trans_L2_m: 0.341, Yaw_err_deg: 1.158
Epoch: [21/23], Batch: 2440/2963, Loss: 40.837, Trans_L2_m: 0.327, Yaw_err_deg: 0.510
Epoch: [21/23], Batch: 2450/2963, Loss: 46.335, Trans_L2_m: 0.394, Yaw_err_deg: 0.773
Epoch: [21/23], Batch: 2460/2963, Loss: 41.603, Trans_L2_m: 0.289, Yaw_err_deg: 0.730
Epoch: [21/23], Batch: 2470/2963, Loss: 44.199, Trans_L2_m: 0.414, Yaw_err_deg: 0.428
Epoch: [21/23], Batch: 2480/2963, Loss: 43.318, Trans_L2_m: 0.369, Yaw_err_deg: 0.791
Epoch: [21/23], Batch: 2490/2963, Loss: 40.542, Trans_L2_m: 0.343, Yaw_err_deg: 0.708
Epoch: [21/23], Batch: 2500/2963, Loss: 44.152, Trans_L2_m: 0.424, Yaw_err_deg: 0.650
Epoch: [21/23], Batch: 2510/2963, Loss: 50.246, Trans_L2_m: 0.490, Yaw_err_deg: 0.794
Epoch: [21/23], Batch: 2520/2963, Loss: 39.485, Trans_L2_m: 0.378, Yaw_err_deg: 0.360
Epoch: [21/23], Batch: 2530/2963, Loss: 45.393, Trans_L2_m: 0.405, Yaw_err_deg: 0.709
Epoch: [21/23], Batch: 2540/2963, Loss: 50.506, Trans_L2_m: 0.384, Yaw_err_deg: 0.429
Epoch: [21/23], Batch: 2550/2963, Loss: 43.098, Trans_L2_m: 0.355, Yaw_err_deg: 0.476
Epoch: [21/23], Batch: 2560/2963, Loss: 43.379, Trans_L2_m: 0.297, Yaw_err_deg: 0.650
Epoch: [21/23], Batch: 2570/2963, Loss: 58.179, Trans_L2_m: 0.439, Yaw_err_deg: 1.029
Epoch: [21/23], Batch: 2580/2963, Loss: 52.851, Trans_L2_m: 0.520, Yaw_err_deg: 0.877
Epoch: [21/23], Batch: 2590/2963, Loss: 46.650, Trans_L2_m: 0.417, Yaw_err_deg: 0.696
Epoch: [21/23], Batch: 2600/2963, Loss: 41.847, Trans_L2_m: 0.315, Yaw_err_deg: 0.634
Epoch: [21/23], Batch: 2610/2963, Loss: 41.113, Trans_L2_m: 0.317, Yaw_err_deg: 0.457
Epoch: [21/23], Batch: 2620/2963, Loss: 41.358, Trans_L2_m: 0.260, Yaw_err_deg: 0.703
Epoch: [21/23], Batch: 2630/2963, Loss: 43.531, Trans_L2_m: 0.276, Yaw_err_deg: 0.614
Epoch: [21/23], Batch: 2640/2963, Loss: 40.802, Trans_L2_m: 0.398, Yaw_err_deg: 0.556
Epoch: [21/23], Batch: 2650/2963, Loss: 45.260, Trans_L2_m: 0.374, Yaw_err_deg: 0.516
Epoch: [21/23], Batch: 2660/2963, Loss: 40.990, Trans_L2_m: 0.307, Yaw_err_deg: 0.693
Epoch: [21/23], Batch: 2670/2963, Loss: 47.671, Trans_L2_m: 0.365, Yaw_err_deg: 0.796
Epoch: [21/23], Batch: 2680/2963, Loss: 51.226, Trans_L2_m: 0.440, Yaw_err_deg: 1.058
Epoch: [21/23], Batch: 2690/2963, Loss: 39.025, Trans_L2_m: 0.333, Yaw_err_deg: 0.514
Epoch: [21/23], Batch: 2700/2963, Loss: 46.695, Trans_L2_m: 0.484, Yaw_err_deg: 0.525
Epoch: [21/23], Batch: 2710/2963, Loss: 41.124, Trans_L2_m: 0.267, Yaw_err_deg: 0.578
Epoch: [21/23], Batch: 2720/2963, Loss: 39.467, Trans_L2_m: 0.220, Yaw_err_deg: 0.571
Epoch: [21/23], Batch: 2730/2963, Loss: 44.505, Trans_L2_m: 0.554, Yaw_err_deg: 0.713
Epoch: [21/23], Batch: 2740/2963, Loss: 54.911, Trans_L2_m: 0.279, Yaw_err_deg: 1.557
Epoch: [21/23], Batch: 2750/2963, Loss: 42.741, Trans_L2_m: 0.349, Yaw_err_deg: 0.789
Epoch: [21/23], Batch: 2760/2963, Loss: 40.676, Trans_L2_m: 0.359, Yaw_err_deg: 0.478
Epoch: [21/23], Batch: 2770/2963, Loss: 41.940, Trans_L2_m: 0.304, Yaw_err_deg: 0.837
Epoch: [21/23], Batch: 2780/2963, Loss: 43.914, Trans_L2_m: 0.357, Yaw_err_deg: 0.539
Epoch: [21/23], Batch: 2790/2963, Loss: 46.349, Trans_L2_m: 0.274, Yaw_err_deg: 0.835
Epoch: [21/23], Batch: 2800/2963, Loss: 42.852, Trans_L2_m: 0.395, Yaw_err_deg: 0.566
Epoch: [21/23], Batch: 2810/2963, Loss: 45.202, Trans_L2_m: 0.330, Yaw_err_deg: 0.620
Epoch: [21/23], Batch: 2820/2963, Loss: 41.100, Trans_L2_m: 0.419, Yaw_err_deg: 0.482
Epoch: [21/23], Batch: 2830/2963, Loss: 42.469, Trans_L2_m: 0.288, Yaw_err_deg: 0.581
Epoch: [21/23], Batch: 2840/2963, Loss: 47.972, Trans_L2_m: 0.388, Yaw_err_deg: 0.751
Epoch: [21/23], Batch: 2850/2963, Loss: 48.982, Trans_L2_m: 0.528, Yaw_err_deg: 0.721
Epoch: [21/23], Batch: 2860/2963, Loss: 44.414, Trans_L2_m: 0.422, Yaw_err_deg: 0.620
Epoch: [21/23], Batch: 2870/2963, Loss: 45.436, Trans_L2_m: 0.351, Yaw_err_deg: 0.577
Epoch: [21/23], Batch: 2880/2963, Loss: 44.563, Trans_L2_m: 0.351, Yaw_err_deg: 0.651
Epoch: [21/23], Batch: 2890/2963, Loss: 41.248, Trans_L2_m: 0.369, Yaw_err_deg: 0.490
Epoch: [21/23], Batch: 2900/2963, Loss: 43.533, Trans_L2_m: 0.440, Yaw_err_deg: 0.569
Epoch: [21/23], Batch: 2910/2963, Loss: 43.272, Trans_L2_m: 0.238, Yaw_err_deg: 0.775
Epoch: [21/23], Batch: 2920/2963, Loss: 48.996, Trans_L2_m: 0.319, Yaw_err_deg: 0.658
Epoch: [21/23], Batch: 2930/2963, Loss: 46.799, Trans_L2_m: 0.440, Yaw_err_deg: 0.690
Epoch: [21/23], Batch: 2940/2963, Loss: 44.174, Trans_L2_m: 0.299, Yaw_err_deg: 0.820
Epoch: [21/23], Batch: 2950/2963, Loss: 46.315, Trans_L2_m: 0.367, Yaw_err_deg: 0.592
Epoch: [21/23], Batch: 2960/2963, Loss: 43.757, Trans_L2_m: 0.294, Yaw_err_deg: 0.496
Validation loss (homography): 937.7019
Avg batch time: 978.01 ms, total: 317.107 s
[1;91mVal has no improvement vs 799.3275146484375![0m
Epoch: [22/23], Batch: 0/2963, Loss: 43.256, Trans_L2_m: 0.326, Yaw_err_deg: 0.361
Epoch: [22/23], Batch: 10/2963, Loss: 47.980, Trans_L2_m: 0.359, Yaw_err_deg: 0.574
Epoch: [22/23], Batch: 20/2963, Loss: 39.232, Trans_L2_m: 0.316, Yaw_err_deg: 0.448
Epoch: [22/23], Batch: 30/2963, Loss: 43.245, Trans_L2_m: 0.267, Yaw_err_deg: 0.473
Epoch: [22/23], Batch: 40/2963, Loss: 45.291, Trans_L2_m: 0.457, Yaw_err_deg: 0.583
Epoch: [22/23], Batch: 50/2963, Loss: 43.032, Trans_L2_m: 0.276, Yaw_err_deg: 0.655
Epoch: [22/23], Batch: 60/2963, Loss: 40.929, Trans_L2_m: 0.408, Yaw_err_deg: 0.509
Epoch: [22/23], Batch: 70/2963, Loss: 47.901, Trans_L2_m: 0.440, Yaw_err_deg: 0.517
Epoch: [22/23], Batch: 80/2963, Loss: 42.090, Trans_L2_m: 0.393, Yaw_err_deg: 0.416
Epoch: [22/23], Batch: 90/2963, Loss: 39.106, Trans_L2_m: 0.215, Yaw_err_deg: 0.529
Epoch: [22/23], Batch: 100/2963, Loss: 65.027, Trans_L2_m: 0.394, Yaw_err_deg: 1.110
Epoch: [22/23], Batch: 110/2963, Loss: 50.248, Trans_L2_m: 0.417, Yaw_err_deg: 0.663
Epoch: [22/23], Batch: 120/2963, Loss: 39.799, Trans_L2_m: 0.326, Yaw_err_deg: 0.791
Epoch: [22/23], Batch: 130/2963, Loss: 45.157, Trans_L2_m: 0.447, Yaw_err_deg: 0.493
Epoch: [22/23], Batch: 140/2963, Loss: 41.063, Trans_L2_m: 0.283, Yaw_err_deg: 0.573
Epoch: [22/23], Batch: 150/2963, Loss: 44.296, Trans_L2_m: 0.389, Yaw_err_deg: 0.597
Epoch: [22/23], Batch: 160/2963, Loss: 43.842, Trans_L2_m: 0.462, Yaw_err_deg: 0.489
Epoch: [22/23], Batch: 170/2963, Loss: 37.937, Trans_L2_m: 0.304, Yaw_err_deg: 0.533
Epoch: [22/23], Batch: 180/2963, Loss: 39.343, Trans_L2_m: 0.258, Yaw_err_deg: 0.530
Epoch: [22/23], Batch: 190/2963, Loss: 45.015, Trans_L2_m: 0.348, Yaw_err_deg: 0.776
Epoch: [22/23], Batch: 200/2963, Loss: 46.660, Trans_L2_m: 0.387, Yaw_err_deg: 0.835
Epoch: [22/23], Batch: 210/2963, Loss: 46.470, Trans_L2_m: 0.395, Yaw_err_deg: 0.671
Epoch: [22/23], Batch: 220/2963, Loss: 45.494, Trans_L2_m: 0.303, Yaw_err_deg: 0.852
Epoch: [22/23], Batch: 230/2963, Loss: 44.366, Trans_L2_m: 0.279, Yaw_err_deg: 0.877
Epoch: [22/23], Batch: 240/2963, Loss: 42.713, Trans_L2_m: 0.227, Yaw_err_deg: 0.933
Epoch: [22/23], Batch: 250/2963, Loss: 47.363, Trans_L2_m: 0.415, Yaw_err_deg: 0.576
Epoch: [22/23], Batch: 260/2963, Loss: 46.062, Trans_L2_m: 0.383, Yaw_err_deg: 0.594
Epoch: [22/23], Batch: 270/2963, Loss: 38.885, Trans_L2_m: 0.376, Yaw_err_deg: 0.519
Epoch: [22/23], Batch: 280/2963, Loss: 45.983, Trans_L2_m: 0.338, Yaw_err_deg: 0.675
Epoch: [22/23], Batch: 290/2963, Loss: 40.803, Trans_L2_m: 0.270, Yaw_err_deg: 0.575
Epoch: [22/23], Batch: 300/2963, Loss: 50.758, Trans_L2_m: 0.330, Yaw_err_deg: 0.631
Epoch: [22/23], Batch: 310/2963, Loss: 41.732, Trans_L2_m: 0.356, Yaw_err_deg: 0.433
Epoch: [22/23], Batch: 320/2963, Loss: 44.730, Trans_L2_m: 0.415, Yaw_err_deg: 0.530
Epoch: [22/23], Batch: 330/2963, Loss: 50.844, Trans_L2_m: 0.291, Yaw_err_deg: 0.786
Epoch: [22/23], Batch: 340/2963, Loss: 45.521, Trans_L2_m: 0.410, Yaw_err_deg: 0.679
Epoch: [22/23], Batch: 350/2963, Loss: 52.716, Trans_L2_m: 0.388, Yaw_err_deg: 0.665
Epoch: [22/23], Batch: 360/2963, Loss: 38.972, Trans_L2_m: 0.313, Yaw_err_deg: 0.691
Epoch: [22/23], Batch: 370/2963, Loss: 44.963, Trans_L2_m: 0.368, Yaw_err_deg: 0.762
Epoch: [22/23], Batch: 380/2963, Loss: 49.497, Trans_L2_m: 0.329, Yaw_err_deg: 0.394
Epoch: [22/23], Batch: 390/2963, Loss: 48.923, Trans_L2_m: 0.394, Yaw_err_deg: 0.614
Epoch: [22/23], Batch: 400/2963, Loss: 44.721, Trans_L2_m: 0.379, Yaw_err_deg: 0.572
Epoch: [22/23], Batch: 410/2963, Loss: 45.571, Trans_L2_m: 0.375, Yaw_err_deg: 0.493
Epoch: [22/23], Batch: 420/2963, Loss: 69.950, Trans_L2_m: 0.336, Yaw_err_deg: 0.990
Epoch: [22/23], Batch: 430/2963, Loss: 45.146, Trans_L2_m: 0.289, Yaw_err_deg: 0.696
Epoch: [22/23], Batch: 440/2963, Loss: 48.289, Trans_L2_m: 0.338, Yaw_err_deg: 0.702
Epoch: [22/23], Batch: 450/2963, Loss: 38.607, Trans_L2_m: 0.233, Yaw_err_deg: 0.512
Epoch: [22/23], Batch: 460/2963, Loss: 46.937, Trans_L2_m: 0.387, Yaw_err_deg: 0.672
Epoch: [22/23], Batch: 470/2963, Loss: 38.098, Trans_L2_m: 0.271, Yaw_err_deg: 0.588
Epoch: [22/23], Batch: 480/2963, Loss: 42.621, Trans_L2_m: 0.292, Yaw_err_deg: 0.645
Epoch: [22/23], Batch: 490/2963, Loss: 44.260, Trans_L2_m: 0.328, Yaw_err_deg: 0.592
Epoch: [22/23], Batch: 500/2963, Loss: 42.814, Trans_L2_m: 0.307, Yaw_err_deg: 0.641
Epoch: [22/23], Batch: 510/2963, Loss: 43.257, Trans_L2_m: 0.320, Yaw_err_deg: 0.613
Epoch: [22/23], Batch: 520/2963, Loss: 43.564, Trans_L2_m: 0.336, Yaw_err_deg: 0.597
Epoch: [22/23], Batch: 530/2963, Loss: 48.147, Trans_L2_m: 0.402, Yaw_err_deg: 0.844
Epoch: [22/23], Batch: 540/2963, Loss: 47.522, Trans_L2_m: 0.340, Yaw_err_deg: 0.640
Epoch: [22/23], Batch: 550/2963, Loss: 44.628, Trans_L2_m: 0.413, Yaw_err_deg: 0.833
Epoch: [22/23], Batch: 560/2963, Loss: 42.959, Trans_L2_m: 0.397, Yaw_err_deg: 0.627
Epoch: [22/23], Batch: 570/2963, Loss: 46.486, Trans_L2_m: 0.409, Yaw_err_deg: 0.516
Epoch: [22/23], Batch: 580/2963, Loss: 47.185, Trans_L2_m: 0.402, Yaw_err_deg: 0.468
Epoch: [22/23], Batch: 590/2963, Loss: 39.022, Trans_L2_m: 0.351, Yaw_err_deg: 0.352
Epoch: [22/23], Batch: 600/2963, Loss: 55.690, Trans_L2_m: 0.352, Yaw_err_deg: 1.184
Epoch: [22/23], Batch: 610/2963, Loss: 42.557, Trans_L2_m: 0.294, Yaw_err_deg: 0.725
Epoch: [22/23], Batch: 620/2963, Loss: 44.175, Trans_L2_m: 0.434, Yaw_err_deg: 0.647
Epoch: [22/23], Batch: 630/2963, Loss: 36.270, Trans_L2_m: 0.304, Yaw_err_deg: 0.508
Epoch: [22/23], Batch: 640/2963, Loss: 46.445, Trans_L2_m: 0.449, Yaw_err_deg: 0.544
Epoch: [22/23], Batch: 650/2963, Loss: 42.518, Trans_L2_m: 0.302, Yaw_err_deg: 0.644
Epoch: [22/23], Batch: 660/2963, Loss: 41.099, Trans_L2_m: 0.431, Yaw_err_deg: 0.525
Epoch: [22/23], Batch: 670/2963, Loss: 42.809, Trans_L2_m: 0.538, Yaw_err_deg: 0.527
Epoch: [22/23], Batch: 680/2963, Loss: 56.259, Trans_L2_m: 0.396, Yaw_err_deg: 0.845
Epoch: [22/23], Batch: 690/2963, Loss: 45.886, Trans_L2_m: 0.489, Yaw_err_deg: 0.511
Epoch: [22/23], Batch: 700/2963, Loss: 43.691, Trans_L2_m: 0.354, Yaw_err_deg: 0.633
Epoch: [22/23], Batch: 710/2963, Loss: 44.602, Trans_L2_m: 0.362, Yaw_err_deg: 0.787
Epoch: [22/23], Batch: 720/2963, Loss: 45.357, Trans_L2_m: 0.349, Yaw_err_deg: 0.380
Epoch: [22/23], Batch: 730/2963, Loss: 54.314, Trans_L2_m: 0.363, Yaw_err_deg: 1.280
Epoch: [22/23], Batch: 740/2963, Loss: 48.957, Trans_L2_m: 0.308, Yaw_err_deg: 0.427
Epoch: [22/23], Batch: 750/2963, Loss: 49.780, Trans_L2_m: 0.497, Yaw_err_deg: 0.614
Epoch: [22/23], Batch: 760/2963, Loss: 36.315, Trans_L2_m: 0.257, Yaw_err_deg: 0.386
Epoch: [22/23], Batch: 770/2963, Loss: 42.413, Trans_L2_m: 0.239, Yaw_err_deg: 0.541
Epoch: [22/23], Batch: 780/2963, Loss: 40.442, Trans_L2_m: 0.309, Yaw_err_deg: 0.512
Epoch: [22/23], Batch: 790/2963, Loss: 44.853, Trans_L2_m: 0.430, Yaw_err_deg: 0.352
Epoch: [22/23], Batch: 800/2963, Loss: 50.875, Trans_L2_m: 0.433, Yaw_err_deg: 0.710
Epoch: [22/23], Batch: 810/2963, Loss: 41.538, Trans_L2_m: 0.311, Yaw_err_deg: 0.522
Epoch: [22/23], Batch: 820/2963, Loss: 43.161, Trans_L2_m: 0.411, Yaw_err_deg: 0.509
Epoch: [22/23], Batch: 830/2963, Loss: 46.083, Trans_L2_m: 0.467, Yaw_err_deg: 0.500
Epoch: [22/23], Batch: 840/2963, Loss: 42.527, Trans_L2_m: 0.465, Yaw_err_deg: 0.640
Epoch: [22/23], Batch: 850/2963, Loss: 36.966, Trans_L2_m: 0.366, Yaw_err_deg: 0.483
Epoch: [22/23], Batch: 860/2963, Loss: 47.756, Trans_L2_m: 0.352, Yaw_err_deg: 1.064
Epoch: [22/23], Batch: 870/2963, Loss: 47.396, Trans_L2_m: 0.306, Yaw_err_deg: 0.726
Epoch: [22/23], Batch: 880/2963, Loss: 42.352, Trans_L2_m: 0.185, Yaw_err_deg: 0.500
Epoch: [22/23], Batch: 890/2963, Loss: 45.544, Trans_L2_m: 0.314, Yaw_err_deg: 0.650
Epoch: [22/23], Batch: 900/2963, Loss: 46.989, Trans_L2_m: 0.427, Yaw_err_deg: 0.685
Epoch: [22/23], Batch: 910/2963, Loss: 37.938, Trans_L2_m: 0.236, Yaw_err_deg: 0.683
Epoch: [22/23], Batch: 920/2963, Loss: 50.467, Trans_L2_m: 0.426, Yaw_err_deg: 0.730
Epoch: [22/23], Batch: 930/2963, Loss: 42.240, Trans_L2_m: 0.416, Yaw_err_deg: 0.548
Epoch: [22/23], Batch: 940/2963, Loss: 39.287, Trans_L2_m: 0.316, Yaw_err_deg: 0.522
Epoch: [22/23], Batch: 950/2963, Loss: 49.701, Trans_L2_m: 0.321, Yaw_err_deg: 0.845
Epoch: [22/23], Batch: 960/2963, Loss: 48.683, Trans_L2_m: 0.279, Yaw_err_deg: 0.517
Epoch: [22/23], Batch: 970/2963, Loss: 42.518, Trans_L2_m: 0.288, Yaw_err_deg: 0.625
Epoch: [22/23], Batch: 980/2963, Loss: 43.331, Trans_L2_m: 0.407, Yaw_err_deg: 0.554
Epoch: [22/23], Batch: 990/2963, Loss: 43.019, Trans_L2_m: 0.410, Yaw_err_deg: 0.393
Epoch: [22/23], Batch: 1000/2963, Loss: 43.702, Trans_L2_m: 0.297, Yaw_err_deg: 0.727
Epoch: [22/23], Batch: 1010/2963, Loss: 40.352, Trans_L2_m: 0.337, Yaw_err_deg: 0.493
Epoch: [22/23], Batch: 1020/2963, Loss: 42.748, Trans_L2_m: 0.350, Yaw_err_deg: 0.576
Epoch: [22/23], Batch: 1030/2963, Loss: 39.714, Trans_L2_m: 0.288, Yaw_err_deg: 0.655
Epoch: [22/23], Batch: 1040/2963, Loss: 58.005, Trans_L2_m: 0.448, Yaw_err_deg: 0.465
Epoch: [22/23], Batch: 1050/2963, Loss: 54.649, Trans_L2_m: 0.352, Yaw_err_deg: 0.739
Epoch: [22/23], Batch: 1060/2963, Loss: 40.119, Trans_L2_m: 0.370, Yaw_err_deg: 0.425
Epoch: [22/23], Batch: 1070/2963, Loss: 40.965, Trans_L2_m: 0.359, Yaw_err_deg: 0.431
Epoch: [22/23], Batch: 1080/2963, Loss: 49.050, Trans_L2_m: 0.339, Yaw_err_deg: 0.798
Epoch: [22/23], Batch: 1090/2963, Loss: 53.985, Trans_L2_m: 0.433, Yaw_err_deg: 0.833
Epoch: [22/23], Batch: 1100/2963, Loss: 45.866, Trans_L2_m: 0.421, Yaw_err_deg: 0.511
Epoch: [22/23], Batch: 1110/2963, Loss: 39.031, Trans_L2_m: 0.295, Yaw_err_deg: 0.515
Epoch: [22/23], Batch: 1120/2963, Loss: 44.219, Trans_L2_m: 0.370, Yaw_err_deg: 0.636
Epoch: [22/23], Batch: 1130/2963, Loss: 41.265, Trans_L2_m: 0.357, Yaw_err_deg: 0.384
Epoch: [22/23], Batch: 1140/2963, Loss: 39.719, Trans_L2_m: 0.288, Yaw_err_deg: 0.586
Epoch: [22/23], Batch: 1150/2963, Loss: 41.952, Trans_L2_m: 0.413, Yaw_err_deg: 0.553
Epoch: [22/23], Batch: 1160/2963, Loss: 43.065, Trans_L2_m: 0.351, Yaw_err_deg: 0.682
Epoch: [22/23], Batch: 1170/2963, Loss: 47.037, Trans_L2_m: 0.436, Yaw_err_deg: 0.622
Epoch: [22/23], Batch: 1180/2963, Loss: 38.433, Trans_L2_m: 0.421, Yaw_err_deg: 0.452
Epoch: [22/23], Batch: 1190/2963, Loss: 45.208, Trans_L2_m: 0.421, Yaw_err_deg: 0.352
Epoch: [22/23], Batch: 1200/2963, Loss: 41.748, Trans_L2_m: 0.303, Yaw_err_deg: 0.612
Epoch: [22/23], Batch: 1210/2963, Loss: 43.784, Trans_L2_m: 0.357, Yaw_err_deg: 0.596
Epoch: [22/23], Batch: 1220/2963, Loss: 39.283, Trans_L2_m: 0.326, Yaw_err_deg: 0.432
Epoch: [22/23], Batch: 1230/2963, Loss: 46.428, Trans_L2_m: 0.518, Yaw_err_deg: 0.433
Epoch: [22/23], Batch: 1240/2963, Loss: 41.609, Trans_L2_m: 0.358, Yaw_err_deg: 0.585
Epoch: [22/23], Batch: 1250/2963, Loss: 43.323, Trans_L2_m: 0.438, Yaw_err_deg: 0.509
Epoch: [22/23], Batch: 1260/2963, Loss: 43.321, Trans_L2_m: 0.463, Yaw_err_deg: 0.596
Epoch: [22/23], Batch: 1270/2963, Loss: 45.690, Trans_L2_m: 0.408, Yaw_err_deg: 0.592
Epoch: [22/23], Batch: 1280/2963, Loss: 40.685, Trans_L2_m: 0.392, Yaw_err_deg: 0.445
Epoch: [22/23], Batch: 1290/2963, Loss: 39.655, Trans_L2_m: 0.229, Yaw_err_deg: 0.444
Epoch: [22/23], Batch: 1300/2963, Loss: 45.587, Trans_L2_m: 0.374, Yaw_err_deg: 0.663
Epoch: [22/23], Batch: 1310/2963, Loss: 40.823, Trans_L2_m: 0.260, Yaw_err_deg: 0.724
Epoch: [22/23], Batch: 1320/2963, Loss: 41.724, Trans_L2_m: 0.307, Yaw_err_deg: 0.508
Epoch: [22/23], Batch: 1330/2963, Loss: 44.250, Trans_L2_m: 0.300, Yaw_err_deg: 0.807
Epoch: [22/23], Batch: 1340/2963, Loss: 41.704, Trans_L2_m: 0.292, Yaw_err_deg: 0.516
Epoch: [22/23], Batch: 1350/2963, Loss: 35.874, Trans_L2_m: 0.303, Yaw_err_deg: 0.325
Epoch: [22/23], Batch: 1360/2963, Loss: 52.199, Trans_L2_m: 0.460, Yaw_err_deg: 0.594
Epoch: [22/23], Batch: 1370/2963, Loss: 44.655, Trans_L2_m: 0.253, Yaw_err_deg: 0.845
Epoch: [22/23], Batch: 1380/2963, Loss: 45.627, Trans_L2_m: 0.376, Yaw_err_deg: 0.696
Epoch: [22/23], Batch: 1390/2963, Loss: 47.855, Trans_L2_m: 0.432, Yaw_err_deg: 0.559
Epoch: [22/23], Batch: 1400/2963, Loss: 43.472, Trans_L2_m: 0.369, Yaw_err_deg: 0.588
Epoch: [22/23], Batch: 1410/2963, Loss: 54.559, Trans_L2_m: 0.319, Yaw_err_deg: 0.439
Epoch: [22/23], Batch: 1420/2963, Loss: 51.391, Trans_L2_m: 0.193, Yaw_err_deg: 1.122
Epoch: [22/23], Batch: 1430/2963, Loss: 41.410, Trans_L2_m: 0.278, Yaw_err_deg: 0.652
Epoch: [22/23], Batch: 1440/2963, Loss: 43.425, Trans_L2_m: 0.316, Yaw_err_deg: 0.766
Epoch: [22/23], Batch: 1450/2963, Loss: 47.416, Trans_L2_m: 0.373, Yaw_err_deg: 0.745
Epoch: [22/23], Batch: 1460/2963, Loss: 41.824, Trans_L2_m: 0.340, Yaw_err_deg: 0.548
Epoch: [22/23], Batch: 1470/2963, Loss: 43.258, Trans_L2_m: 0.277, Yaw_err_deg: 0.728
Epoch: [22/23], Batch: 1480/2963, Loss: 39.993, Trans_L2_m: 0.393, Yaw_err_deg: 0.441
Epoch: [22/23], Batch: 1490/2963, Loss: 53.083, Trans_L2_m: 0.297, Yaw_err_deg: 1.100
Epoch: [22/23], Batch: 1500/2963, Loss: 44.319, Trans_L2_m: 0.413, Yaw_err_deg: 0.594
Epoch: [22/23], Batch: 1510/2963, Loss: 42.894, Trans_L2_m: 0.282, Yaw_err_deg: 0.721
Epoch: [22/23], Batch: 1520/2963, Loss: 44.503, Trans_L2_m: 0.362, Yaw_err_deg: 0.592
Epoch: [22/23], Batch: 1530/2963, Loss: 37.151, Trans_L2_m: 0.266, Yaw_err_deg: 0.402
Epoch: [22/23], Batch: 1540/2963, Loss: 49.653, Trans_L2_m: 0.510, Yaw_err_deg: 0.612
Epoch: [22/23], Batch: 1550/2963, Loss: 46.065, Trans_L2_m: 0.377, Yaw_err_deg: 0.647
Epoch: [22/23], Batch: 1560/2963, Loss: 42.582, Trans_L2_m: 0.218, Yaw_err_deg: 0.736
Epoch: [22/23], Batch: 1570/2963, Loss: 38.716, Trans_L2_m: 0.222, Yaw_err_deg: 0.414
Epoch: [22/23], Batch: 1580/2963, Loss: 40.517, Trans_L2_m: 0.324, Yaw_err_deg: 0.584
Epoch: [22/23], Batch: 1590/2963, Loss: 42.628, Trans_L2_m: 0.251, Yaw_err_deg: 0.589
Epoch: [22/23], Batch: 1600/2963, Loss: 42.038, Trans_L2_m: 0.332, Yaw_err_deg: 0.302
Epoch: [22/23], Batch: 1610/2963, Loss: 43.371, Trans_L2_m: 0.339, Yaw_err_deg: 0.792
Epoch: [22/23], Batch: 1620/2963, Loss: 47.316, Trans_L2_m: 0.296, Yaw_err_deg: 0.784
Epoch: [22/23], Batch: 1630/2963, Loss: 53.225, Trans_L2_m: 0.326, Yaw_err_deg: 0.928
Epoch: [22/23], Batch: 1640/2963, Loss: 40.795, Trans_L2_m: 0.360, Yaw_err_deg: 0.560
Epoch: [22/23], Batch: 1650/2963, Loss: 40.640, Trans_L2_m: 0.411, Yaw_err_deg: 0.619
Epoch: [22/23], Batch: 1660/2963, Loss: 39.613, Trans_L2_m: 0.299, Yaw_err_deg: 0.518
Epoch: [22/23], Batch: 1670/2963, Loss: 61.727, Trans_L2_m: 0.415, Yaw_err_deg: 1.625
Epoch: [22/23], Batch: 1680/2963, Loss: 44.597, Trans_L2_m: 0.385, Yaw_err_deg: 0.448
Epoch: [22/23], Batch: 1690/2963, Loss: 39.726, Trans_L2_m: 0.432, Yaw_err_deg: 0.365
Epoch: [22/23], Batch: 1700/2963, Loss: 43.748, Trans_L2_m: 0.430, Yaw_err_deg: 0.366
Epoch: [22/23], Batch: 1710/2963, Loss: 40.788, Trans_L2_m: 0.318, Yaw_err_deg: 0.558
Epoch: [22/23], Batch: 1720/2963, Loss: 39.825, Trans_L2_m: 0.387, Yaw_err_deg: 0.450
Epoch: [22/23], Batch: 1730/2963, Loss: 48.172, Trans_L2_m: 0.374, Yaw_err_deg: 0.715
Epoch: [22/23], Batch: 1740/2963, Loss: 40.468, Trans_L2_m: 0.306, Yaw_err_deg: 0.428
Epoch: [22/23], Batch: 1750/2963, Loss: 40.870, Trans_L2_m: 0.296, Yaw_err_deg: 0.629
Epoch: [22/23], Batch: 1760/2963, Loss: 46.025, Trans_L2_m: 0.394, Yaw_err_deg: 0.624
Epoch: [22/23], Batch: 1770/2963, Loss: 44.580, Trans_L2_m: 0.429, Yaw_err_deg: 0.434
Epoch: [22/23], Batch: 1780/2963, Loss: 43.518, Trans_L2_m: 0.287, Yaw_err_deg: 0.767
Epoch: [22/23], Batch: 1790/2963, Loss: 43.005, Trans_L2_m: 0.341, Yaw_err_deg: 0.581
Epoch: [22/23], Batch: 1800/2963, Loss: 41.431, Trans_L2_m: 0.373, Yaw_err_deg: 0.594
Epoch: [22/23], Batch: 1810/2963, Loss: 41.614, Trans_L2_m: 0.306, Yaw_err_deg: 0.750
Epoch: [22/23], Batch: 1820/2963, Loss: 42.803, Trans_L2_m: 0.258, Yaw_err_deg: 0.497
Epoch: [22/23], Batch: 1830/2963, Loss: 45.345, Trans_L2_m: 0.349, Yaw_err_deg: 0.568
Epoch: [22/23], Batch: 1840/2963, Loss: 36.189, Trans_L2_m: 0.297, Yaw_err_deg: 0.381
Epoch: [22/23], Batch: 1850/2963, Loss: 46.440, Trans_L2_m: 0.317, Yaw_err_deg: 0.673
Epoch: [22/23], Batch: 1860/2963, Loss: 41.543, Trans_L2_m: 0.348, Yaw_err_deg: 0.399
Epoch: [22/23], Batch: 1870/2963, Loss: 43.720, Trans_L2_m: 0.377, Yaw_err_deg: 0.501
Epoch: [22/23], Batch: 1880/2963, Loss: 45.524, Trans_L2_m: 0.330, Yaw_err_deg: 0.578
Epoch: [22/23], Batch: 1890/2963, Loss: 44.430, Trans_L2_m: 0.452, Yaw_err_deg: 0.759
Epoch: [22/23], Batch: 1900/2963, Loss: 39.881, Trans_L2_m: 0.361, Yaw_err_deg: 0.606
Epoch: [22/23], Batch: 1910/2963, Loss: 37.833, Trans_L2_m: 0.228, Yaw_err_deg: 0.526
Epoch: [22/23], Batch: 1920/2963, Loss: 44.934, Trans_L2_m: 0.402, Yaw_err_deg: 0.539
Epoch: [22/23], Batch: 1930/2963, Loss: 47.541, Trans_L2_m: 0.377, Yaw_err_deg: 0.700
Epoch: [22/23], Batch: 1940/2963, Loss: 42.218, Trans_L2_m: 0.438, Yaw_err_deg: 0.511
Epoch: [22/23], Batch: 1950/2963, Loss: 38.261, Trans_L2_m: 0.274, Yaw_err_deg: 0.554
Epoch: [22/23], Batch: 1960/2963, Loss: 40.524, Trans_L2_m: 0.363, Yaw_err_deg: 0.472
Epoch: [22/23], Batch: 1970/2963, Loss: 42.269, Trans_L2_m: 0.366, Yaw_err_deg: 0.389
Epoch: [22/23], Batch: 1980/2963, Loss: 48.972, Trans_L2_m: 0.488, Yaw_err_deg: 0.537
Epoch: [22/23], Batch: 1990/2963, Loss: 46.316, Trans_L2_m: 0.471, Yaw_err_deg: 0.656
Epoch: [22/23], Batch: 2000/2963, Loss: 44.306, Trans_L2_m: 0.275, Yaw_err_deg: 0.481
Epoch: [22/23], Batch: 2010/2963, Loss: 42.971, Trans_L2_m: 0.321, Yaw_err_deg: 0.392
Epoch: [22/23], Batch: 2020/2963, Loss: 40.546, Trans_L2_m: 0.258, Yaw_err_deg: 0.480
Epoch: [22/23], Batch: 2030/2963, Loss: 35.115, Trans_L2_m: 0.260, Yaw_err_deg: 0.534
Epoch: [22/23], Batch: 2040/2963, Loss: 49.961, Trans_L2_m: 0.349, Yaw_err_deg: 0.854
Epoch: [22/23], Batch: 2050/2963, Loss: 42.585, Trans_L2_m: 0.314, Yaw_err_deg: 0.600
Epoch: [22/23], Batch: 2060/2963, Loss: 50.811, Trans_L2_m: 0.333, Yaw_err_deg: 0.622
Epoch: [22/23], Batch: 2070/2963, Loss: 43.756, Trans_L2_m: 0.487, Yaw_err_deg: 0.445
Epoch: [22/23], Batch: 2080/2963, Loss: 1800.683, Trans_L2_m: 0.368, Yaw_err_deg: 0.691
Epoch: [22/23], Batch: 2090/2963, Loss: 37.950, Trans_L2_m: 0.208, Yaw_err_deg: 0.595
Epoch: [22/23], Batch: 2100/2963, Loss: 42.254, Trans_L2_m: 0.443, Yaw_err_deg: 0.560
Epoch: [22/23], Batch: 2110/2963, Loss: 41.490, Trans_L2_m: 0.392, Yaw_err_deg: 0.465
Epoch: [22/23], Batch: 2120/2963, Loss: 50.463, Trans_L2_m: 0.365, Yaw_err_deg: 0.632
Epoch: [22/23], Batch: 2130/2963, Loss: 40.059, Trans_L2_m: 0.355, Yaw_err_deg: 0.625
Epoch: [22/23], Batch: 2140/2963, Loss: 44.641, Trans_L2_m: 0.404, Yaw_err_deg: 0.539
Epoch: [22/23], Batch: 2150/2963, Loss: 40.401, Trans_L2_m: 0.217, Yaw_err_deg: 0.712
Epoch: [22/23], Batch: 2160/2963, Loss: 45.255, Trans_L2_m: 0.455, Yaw_err_deg: 0.487
Epoch: [22/23], Batch: 2170/2963, Loss: 44.604, Trans_L2_m: 0.418, Yaw_err_deg: 0.527
Epoch: [22/23], Batch: 2180/2963, Loss: 40.635, Trans_L2_m: 0.365, Yaw_err_deg: 0.536
Epoch: [22/23], Batch: 2190/2963, Loss: 43.665, Trans_L2_m: 0.403, Yaw_err_deg: 0.568
Epoch: [22/23], Batch: 2200/2963, Loss: 44.059, Trans_L2_m: 0.464, Yaw_err_deg: 0.519
Epoch: [22/23], Batch: 2210/2963, Loss: 38.398, Trans_L2_m: 0.328, Yaw_err_deg: 0.289
Epoch: [22/23], Batch: 2220/2963, Loss: 49.115, Trans_L2_m: 0.470, Yaw_err_deg: 0.567
Epoch: [22/23], Batch: 2230/2963, Loss: 48.497, Trans_L2_m: 0.271, Yaw_err_deg: 0.944
Epoch: [22/23], Batch: 2240/2963, Loss: 42.757, Trans_L2_m: 0.519, Yaw_err_deg: 0.610
Epoch: [22/23], Batch: 2250/2963, Loss: 43.294, Trans_L2_m: 0.319, Yaw_err_deg: 0.456
Epoch: [22/23], Batch: 2260/2963, Loss: 47.487, Trans_L2_m: 0.500, Yaw_err_deg: 0.482
Epoch: [22/23], Batch: 2270/2963, Loss: 49.694, Trans_L2_m: 0.368, Yaw_err_deg: 0.846
Epoch: [22/23], Batch: 2280/2963, Loss: 50.400, Trans_L2_m: 0.336, Yaw_err_deg: 0.661
Epoch: [22/23], Batch: 2290/2963, Loss: 47.823, Trans_L2_m: 0.374, Yaw_err_deg: 0.438
Epoch: [22/23], Batch: 2300/2963, Loss: 45.336, Trans_L2_m: 0.420, Yaw_err_deg: 0.550
Epoch: [22/23], Batch: 2310/2963, Loss: 43.610, Trans_L2_m: 0.309, Yaw_err_deg: 0.825
Epoch: [22/23], Batch: 2320/2963, Loss: 46.552, Trans_L2_m: 0.385, Yaw_err_deg: 0.733
Epoch: [22/23], Batch: 2330/2963, Loss: 40.865, Trans_L2_m: 0.416, Yaw_err_deg: 0.538
Epoch: [22/23], Batch: 2340/2963, Loss: 40.125, Trans_L2_m: 0.380, Yaw_err_deg: 0.671
Epoch: [22/23], Batch: 2350/2963, Loss: 43.640, Trans_L2_m: 0.374, Yaw_err_deg: 0.580
Epoch: [22/23], Batch: 2360/2963, Loss: 52.070, Trans_L2_m: 0.499, Yaw_err_deg: 0.893
Epoch: [22/23], Batch: 2370/2963, Loss: 44.048, Trans_L2_m: 0.337, Yaw_err_deg: 0.880
Epoch: [22/23], Batch: 2380/2963, Loss: 42.894, Trans_L2_m: 0.359, Yaw_err_deg: 0.498
Epoch: [22/23], Batch: 2390/2963, Loss: 42.968, Trans_L2_m: 0.465, Yaw_err_deg: 0.254
Epoch: [22/23], Batch: 2400/2963, Loss: 42.642, Trans_L2_m: 0.384, Yaw_err_deg: 0.647
Epoch: [22/23], Batch: 2410/2963, Loss: 35.462, Trans_L2_m: 0.321, Yaw_err_deg: 0.565
Epoch: [22/23], Batch: 2420/2963, Loss: 46.470, Trans_L2_m: 0.398, Yaw_err_deg: 0.485
Epoch: [22/23], Batch: 2430/2963, Loss: 41.190, Trans_L2_m: 0.409, Yaw_err_deg: 0.504
Epoch: [22/23], Batch: 2440/2963, Loss: 46.603, Trans_L2_m: 0.232, Yaw_err_deg: 0.678
Epoch: [22/23], Batch: 2450/2963, Loss: 40.072, Trans_L2_m: 0.318, Yaw_err_deg: 0.408
Epoch: [22/23], Batch: 2460/2963, Loss: 41.228, Trans_L2_m: 0.373, Yaw_err_deg: 0.435
Epoch: [22/23], Batch: 2470/2963, Loss: 42.160, Trans_L2_m: 0.415, Yaw_err_deg: 0.519
Epoch: [22/23], Batch: 2480/2963, Loss: 38.222, Trans_L2_m: 0.367, Yaw_err_deg: 0.452
Epoch: [22/23], Batch: 2490/2963, Loss: 51.265, Trans_L2_m: 0.538, Yaw_err_deg: 0.618
Epoch: [22/23], Batch: 2500/2963, Loss: 46.154, Trans_L2_m: 0.482, Yaw_err_deg: 0.421
Epoch: [22/23], Batch: 2510/2963, Loss: 57.102, Trans_L2_m: 0.432, Yaw_err_deg: 0.625
Epoch: [22/23], Batch: 2520/2963, Loss: 44.153, Trans_L2_m: 0.492, Yaw_err_deg: 0.546
Epoch: [22/23], Batch: 2530/2963, Loss: 47.967, Trans_L2_m: 0.352, Yaw_err_deg: 0.589
Epoch: [22/23], Batch: 2540/2963, Loss: 42.313, Trans_L2_m: 0.432, Yaw_err_deg: 0.700
Epoch: [22/23], Batch: 2550/2963, Loss: 44.821, Trans_L2_m: 0.360, Yaw_err_deg: 0.890
Epoch: [22/23], Batch: 2560/2963, Loss: 37.443, Trans_L2_m: 0.334, Yaw_err_deg: 0.394
Epoch: [22/23], Batch: 2570/2963, Loss: 49.427, Trans_L2_m: 0.356, Yaw_err_deg: 1.031
Epoch: [22/23], Batch: 2580/2963, Loss: 38.280, Trans_L2_m: 0.316, Yaw_err_deg: 0.409
Epoch: [22/23], Batch: 2590/2963, Loss: 50.498, Trans_L2_m: 0.318, Yaw_err_deg: 0.520
Epoch: [22/23], Batch: 2600/2963, Loss: 47.996, Trans_L2_m: 0.324, Yaw_err_deg: 0.768
Epoch: [22/23], Batch: 2610/2963, Loss: 37.327, Trans_L2_m: 0.312, Yaw_err_deg: 0.409
Epoch: [22/23], Batch: 2620/2963, Loss: 44.551, Trans_L2_m: 0.369, Yaw_err_deg: 0.577
Epoch: [22/23], Batch: 2630/2963, Loss: 40.389, Trans_L2_m: 0.249, Yaw_err_deg: 0.336
Epoch: [22/23], Batch: 2640/2963, Loss: 43.248, Trans_L2_m: 0.342, Yaw_err_deg: 0.435
Epoch: [22/23], Batch: 2650/2963, Loss: 46.632, Trans_L2_m: 0.515, Yaw_err_deg: 0.548
Epoch: [22/23], Batch: 2660/2963, Loss: 46.411, Trans_L2_m: 0.343, Yaw_err_deg: 0.868
Epoch: [22/23], Batch: 2670/2963, Loss: 40.012, Trans_L2_m: 0.454, Yaw_err_deg: 0.430
Epoch: [22/23], Batch: 2680/2963, Loss: 42.515, Trans_L2_m: 0.344, Yaw_err_deg: 0.424
Epoch: [22/23], Batch: 2690/2963, Loss: 43.450, Trans_L2_m: 0.328, Yaw_err_deg: 0.772
Epoch: [22/23], Batch: 2700/2963, Loss: 42.557, Trans_L2_m: 0.380, Yaw_err_deg: 0.545
Epoch: [22/23], Batch: 2710/2963, Loss: 40.460, Trans_L2_m: 0.300, Yaw_err_deg: 0.525
Epoch: [22/23], Batch: 2720/2963, Loss: 37.260, Trans_L2_m: 0.223, Yaw_err_deg: 0.344
Epoch: [22/23], Batch: 2730/2963, Loss: 40.184, Trans_L2_m: 0.375, Yaw_err_deg: 0.541
Epoch: [22/23], Batch: 2740/2963, Loss: 49.906, Trans_L2_m: 0.426, Yaw_err_deg: 0.550
Epoch: [22/23], Batch: 2750/2963, Loss: 52.583, Trans_L2_m: 0.427, Yaw_err_deg: 0.909
Epoch: [22/23], Batch: 2760/2963, Loss: 45.106, Trans_L2_m: 0.423, Yaw_err_deg: 0.481
Epoch: [22/23], Batch: 2770/2963, Loss: 42.092, Trans_L2_m: 0.390, Yaw_err_deg: 0.515
Epoch: [22/23], Batch: 2780/2963, Loss: 44.680, Trans_L2_m: 0.297, Yaw_err_deg: 0.620
Epoch: [22/23], Batch: 2790/2963, Loss: 47.129, Trans_L2_m: 0.353, Yaw_err_deg: 0.408
Epoch: [22/23], Batch: 2800/2963, Loss: 49.543, Trans_L2_m: 0.527, Yaw_err_deg: 0.493
Epoch: [22/23], Batch: 2810/2963, Loss: 37.396, Trans_L2_m: 0.315, Yaw_err_deg: 0.562
Epoch: [22/23], Batch: 2820/2963, Loss: 37.928, Trans_L2_m: 0.405, Yaw_err_deg: 0.387
Epoch: [22/23], Batch: 2830/2963, Loss: 39.788, Trans_L2_m: 0.420, Yaw_err_deg: 0.427
Epoch: [22/23], Batch: 2840/2963, Loss: 43.982, Trans_L2_m: 0.321, Yaw_err_deg: 0.505
Epoch: [22/23], Batch: 2850/2963, Loss: 42.074, Trans_L2_m: 0.362, Yaw_err_deg: 0.581
Epoch: [22/23], Batch: 2860/2963, Loss: 41.861, Trans_L2_m: 0.398, Yaw_err_deg: 0.394
Epoch: [22/23], Batch: 2870/2963, Loss: 45.595, Trans_L2_m: 0.486, Yaw_err_deg: 0.581
Epoch: [22/23], Batch: 2880/2963, Loss: 42.533, Trans_L2_m: 0.320, Yaw_err_deg: 0.611
Epoch: [22/23], Batch: 2890/2963, Loss: 48.271, Trans_L2_m: 0.454, Yaw_err_deg: 0.648
Epoch: [22/23], Batch: 2900/2963, Loss: 42.371, Trans_L2_m: 0.321, Yaw_err_deg: 0.573
Epoch: [22/23], Batch: 2910/2963, Loss: 41.171, Trans_L2_m: 0.330, Yaw_err_deg: 0.570
Epoch: [22/23], Batch: 2920/2963, Loss: 44.247, Trans_L2_m: 0.357, Yaw_err_deg: 0.646
Epoch: [22/23], Batch: 2930/2963, Loss: 48.236, Trans_L2_m: 0.451, Yaw_err_deg: 0.847
Epoch: [22/23], Batch: 2940/2963, Loss: 40.225, Trans_L2_m: 0.369, Yaw_err_deg: 0.584
Epoch: [22/23], Batch: 2950/2963, Loss: 40.663, Trans_L2_m: 0.405, Yaw_err_deg: 0.606
Epoch: [22/23], Batch: 2960/2963, Loss: 82.752, Trans_L2_m: 0.465, Yaw_err_deg: 0.704
Epoch: [23/23], Batch: 0/2963, Loss: 41.096, Trans_L2_m: 0.305, Yaw_err_deg: 0.759
Epoch: [23/23], Batch: 10/2963, Loss: 44.480, Trans_L2_m: 0.367, Yaw_err_deg: 0.381
Epoch: [23/23], Batch: 20/2963, Loss: 42.372, Trans_L2_m: 0.320, Yaw_err_deg: 0.599
Epoch: [23/23], Batch: 30/2963, Loss: 39.962, Trans_L2_m: 0.338, Yaw_err_deg: 0.467
Epoch: [23/23], Batch: 40/2963, Loss: 50.562, Trans_L2_m: 0.449, Yaw_err_deg: 1.049
Epoch: [23/23], Batch: 50/2963, Loss: 39.395, Trans_L2_m: 0.472, Yaw_err_deg: 0.450
Epoch: [23/23], Batch: 60/2963, Loss: 43.736, Trans_L2_m: 0.314, Yaw_err_deg: 0.486
Epoch: [23/23], Batch: 70/2963, Loss: 43.301, Trans_L2_m: 0.376, Yaw_err_deg: 0.529
Epoch: [23/23], Batch: 80/2963, Loss: 43.113, Trans_L2_m: 0.473, Yaw_err_deg: 0.593
Epoch: [23/23], Batch: 90/2963, Loss: 38.876, Trans_L2_m: 0.366, Yaw_err_deg: 0.293
Epoch: [23/23], Batch: 100/2963, Loss: 51.757, Trans_L2_m: 0.411, Yaw_err_deg: 0.838
Epoch: [23/23], Batch: 110/2963, Loss: 47.691, Trans_L2_m: 0.512, Yaw_err_deg: 0.609
Epoch: [23/23], Batch: 120/2963, Loss: 47.846, Trans_L2_m: 0.407, Yaw_err_deg: 0.537
Epoch: [23/23], Batch: 130/2963, Loss: 44.595, Trans_L2_m: 0.413, Yaw_err_deg: 0.508
Epoch: [23/23], Batch: 140/2963, Loss: 42.431, Trans_L2_m: 0.332, Yaw_err_deg: 0.595
Epoch: [23/23], Batch: 150/2963, Loss: 43.320, Trans_L2_m: 0.329, Yaw_err_deg: 0.515
Epoch: [23/23], Batch: 160/2963, Loss: 47.554, Trans_L2_m: 0.420, Yaw_err_deg: 0.427
Epoch: [23/23], Batch: 170/2963, Loss: 42.576, Trans_L2_m: 0.279, Yaw_err_deg: 0.378
Epoch: [23/23], Batch: 180/2963, Loss: 40.324, Trans_L2_m: 0.441, Yaw_err_deg: 0.493
Epoch: [23/23], Batch: 190/2963, Loss: 49.487, Trans_L2_m: 0.319, Yaw_err_deg: 0.777
Epoch: [23/23], Batch: 200/2963, Loss: 45.849, Trans_L2_m: 0.340, Yaw_err_deg: 0.745
Epoch: [23/23], Batch: 210/2963, Loss: 52.575, Trans_L2_m: 0.494, Yaw_err_deg: 0.777
Epoch: [23/23], Batch: 220/2963, Loss: 48.189, Trans_L2_m: 0.408, Yaw_err_deg: 0.366
Epoch: [23/23], Batch: 230/2963, Loss: 45.541, Trans_L2_m: 0.339, Yaw_err_deg: 0.558
Epoch: [23/23], Batch: 240/2963, Loss: 40.987, Trans_L2_m: 0.346, Yaw_err_deg: 0.479
Epoch: [23/23], Batch: 250/2963, Loss: 40.789, Trans_L2_m: 0.327, Yaw_err_deg: 0.345
Epoch: [23/23], Batch: 260/2963, Loss: 37.298, Trans_L2_m: 0.311, Yaw_err_deg: 0.347
Epoch: [23/23], Batch: 270/2963, Loss: 41.505, Trans_L2_m: 0.311, Yaw_err_deg: 0.594
Epoch: [23/23], Batch: 280/2963, Loss: 48.537, Trans_L2_m: 0.394, Yaw_err_deg: 0.782
Epoch: [23/23], Batch: 290/2963, Loss: 41.927, Trans_L2_m: 0.342, Yaw_err_deg: 0.403
Epoch: [23/23], Batch: 300/2963, Loss: 42.370, Trans_L2_m: 0.284, Yaw_err_deg: 0.444
Epoch: [23/23], Batch: 310/2963, Loss: 44.991, Trans_L2_m: 0.446, Yaw_err_deg: 0.455
Epoch: [23/23], Batch: 320/2963, Loss: 40.639, Trans_L2_m: 0.310, Yaw_err_deg: 0.524
Epoch: [23/23], Batch: 330/2963, Loss: 39.124, Trans_L2_m: 0.276, Yaw_err_deg: 0.475
Epoch: [23/23], Batch: 340/2963, Loss: 44.279, Trans_L2_m: 0.334, Yaw_err_deg: 0.859
Epoch: [23/23], Batch: 350/2963, Loss: 49.987, Trans_L2_m: 0.398, Yaw_err_deg: 0.597
Epoch: [23/23], Batch: 360/2963, Loss: 61.613, Trans_L2_m: 0.330, Yaw_err_deg: 0.925
Epoch: [23/23], Batch: 370/2963, Loss: 40.219, Trans_L2_m: 0.315, Yaw_err_deg: 0.754
Epoch: [23/23], Batch: 380/2963, Loss: 41.422, Trans_L2_m: 0.310, Yaw_err_deg: 0.747
Epoch: [23/23], Batch: 390/2963, Loss: 46.069, Trans_L2_m: 0.352, Yaw_err_deg: 0.732
Epoch: [23/23], Batch: 400/2963, Loss: 46.005, Trans_L2_m: 0.343, Yaw_err_deg: 0.715
Epoch: [23/23], Batch: 410/2963, Loss: 43.567, Trans_L2_m: 0.365, Yaw_err_deg: 0.565
Epoch: [23/23], Batch: 420/2963, Loss: 42.062, Trans_L2_m: 0.334, Yaw_err_deg: 0.578
Epoch: [23/23], Batch: 430/2963, Loss: 41.510, Trans_L2_m: 0.331, Yaw_err_deg: 0.550
Epoch: [23/23], Batch: 440/2963, Loss: 40.616, Trans_L2_m: 0.272, Yaw_err_deg: 0.691
Epoch: [23/23], Batch: 450/2963, Loss: 37.232, Trans_L2_m: 0.273, Yaw_err_deg: 0.381
Epoch: [23/23], Batch: 460/2963, Loss: 38.285, Trans_L2_m: 0.310, Yaw_err_deg: 0.432
Epoch: [23/23], Batch: 470/2963, Loss: 43.141, Trans_L2_m: 0.470, Yaw_err_deg: 0.442
Epoch: [23/23], Batch: 480/2963, Loss: 43.956, Trans_L2_m: 0.354, Yaw_err_deg: 0.439
Epoch: [23/23], Batch: 490/2963, Loss: 42.230, Trans_L2_m: 0.315, Yaw_err_deg: 0.459
Epoch: [23/23], Batch: 500/2963, Loss: 44.326, Trans_L2_m: 0.361, Yaw_err_deg: 0.527
Epoch: [23/23], Batch: 510/2963, Loss: 50.745, Trans_L2_m: 0.435, Yaw_err_deg: 0.721
Epoch: [23/23], Batch: 520/2963, Loss: 40.795, Trans_L2_m: 0.293, Yaw_err_deg: 0.589
Epoch: [23/23], Batch: 530/2963, Loss: 46.297, Trans_L2_m: 0.346, Yaw_err_deg: 0.513
Epoch: [23/23], Batch: 540/2963, Loss: 47.607, Trans_L2_m: 0.303, Yaw_err_deg: 0.484
Epoch: [23/23], Batch: 550/2963, Loss: 48.303, Trans_L2_m: 0.507, Yaw_err_deg: 0.705
Epoch: [23/23], Batch: 560/2963, Loss: 44.102, Trans_L2_m: 0.464, Yaw_err_deg: 0.579
Epoch: [23/23], Batch: 570/2963, Loss: 42.588, Trans_L2_m: 0.409, Yaw_err_deg: 0.343
Epoch: [23/23], Batch: 580/2963, Loss: 42.195, Trans_L2_m: 0.355, Yaw_err_deg: 0.431
Epoch: [23/23], Batch: 590/2963, Loss: 44.663, Trans_L2_m: 0.393, Yaw_err_deg: 0.630
Epoch: [23/23], Batch: 600/2963, Loss: 44.090, Trans_L2_m: 0.408, Yaw_err_deg: 0.543
Epoch: [23/23], Batch: 610/2963, Loss: 39.805, Trans_L2_m: 0.288, Yaw_err_deg: 0.612
Epoch: [23/23], Batch: 620/2963, Loss: 38.605, Trans_L2_m: 0.260, Yaw_err_deg: 0.856
Epoch: [23/23], Batch: 630/2963, Loss: 40.890, Trans_L2_m: 0.365, Yaw_err_deg: 0.376
Epoch: [23/23], Batch: 640/2963, Loss: 39.113, Trans_L2_m: 0.386, Yaw_err_deg: 0.373
Epoch: [23/23], Batch: 650/2963, Loss: 41.594, Trans_L2_m: 0.268, Yaw_err_deg: 0.618
Epoch: [23/23], Batch: 660/2963, Loss: 43.330, Trans_L2_m: 0.290, Yaw_err_deg: 0.712
Epoch: [23/23], Batch: 670/2963, Loss: 41.627, Trans_L2_m: 0.270, Yaw_err_deg: 0.565
Epoch: [23/23], Batch: 680/2963, Loss: 51.889, Trans_L2_m: 0.386, Yaw_err_deg: 0.651
Epoch: [23/23], Batch: 690/2963, Loss: 40.364, Trans_L2_m: 0.386, Yaw_err_deg: 0.591
Epoch: [23/23], Batch: 700/2963, Loss: 42.183, Trans_L2_m: 0.295, Yaw_err_deg: 0.536
Epoch: [23/23], Batch: 710/2963, Loss: 40.595, Trans_L2_m: 0.344, Yaw_err_deg: 0.445
Epoch: [23/23], Batch: 720/2963, Loss: 46.130, Trans_L2_m: 0.300, Yaw_err_deg: 0.502
Epoch: [23/23], Batch: 730/2963, Loss: 46.189, Trans_L2_m: 0.350, Yaw_err_deg: 0.485
Epoch: [23/23], Batch: 740/2963, Loss: 41.126, Trans_L2_m: 0.373, Yaw_err_deg: 0.522
Epoch: [23/23], Batch: 750/2963, Loss: 39.660, Trans_L2_m: 0.337, Yaw_err_deg: 0.530
Epoch: [23/23], Batch: 760/2963, Loss: 42.601, Trans_L2_m: 0.353, Yaw_err_deg: 0.457
Epoch: [23/23], Batch: 770/2963, Loss: 41.091, Trans_L2_m: 0.219, Yaw_err_deg: 0.425
Epoch: [23/23], Batch: 780/2963, Loss: 41.901, Trans_L2_m: 0.380, Yaw_err_deg: 0.500
Epoch: [23/23], Batch: 790/2963, Loss: 36.036, Trans_L2_m: 0.296, Yaw_err_deg: 0.594
Epoch: [23/23], Batch: 800/2963, Loss: 49.638, Trans_L2_m: 0.443, Yaw_err_deg: 0.474
Epoch: [23/23], Batch: 810/2963, Loss: 38.652, Trans_L2_m: 0.260, Yaw_err_deg: 0.556
Epoch: [23/23], Batch: 820/2963, Loss: 42.478, Trans_L2_m: 0.359, Yaw_err_deg: 0.590
Epoch: [23/23], Batch: 830/2963, Loss: 48.465, Trans_L2_m: 0.389, Yaw_err_deg: 0.551
Epoch: [23/23], Batch: 840/2963, Loss: 42.727, Trans_L2_m: 0.369, Yaw_err_deg: 0.421
Epoch: [23/23], Batch: 850/2963, Loss: 49.812, Trans_L2_m: 0.565, Yaw_err_deg: 0.608
Epoch: [23/23], Batch: 860/2963, Loss: 42.327, Trans_L2_m: 0.281, Yaw_err_deg: 0.652
Epoch: [23/23], Batch: 870/2963, Loss: 39.921, Trans_L2_m: 0.357, Yaw_err_deg: 0.512
Epoch: [23/23], Batch: 880/2963, Loss: 47.411, Trans_L2_m: 0.326, Yaw_err_deg: 0.355
Epoch: [23/23], Batch: 890/2963, Loss: 37.861, Trans_L2_m: 0.281, Yaw_err_deg: 0.493
Epoch: [23/23], Batch: 900/2963, Loss: 41.636, Trans_L2_m: 0.404, Yaw_err_deg: 0.346
Epoch: [23/23], Batch: 910/2963, Loss: 47.499, Trans_L2_m: 0.407, Yaw_err_deg: 0.531
Epoch: [23/23], Batch: 920/2963, Loss: 42.418, Trans_L2_m: 0.335, Yaw_err_deg: 0.460
Epoch: [23/23], Batch: 930/2963, Loss: 40.953, Trans_L2_m: 0.336, Yaw_err_deg: 0.347
Epoch: [23/23], Batch: 940/2963, Loss: 43.646, Trans_L2_m: 0.346, Yaw_err_deg: 0.477
Epoch: [23/23], Batch: 950/2963, Loss: 40.033, Trans_L2_m: 0.338, Yaw_err_deg: 0.392
Epoch: [23/23], Batch: 960/2963, Loss: 37.331, Trans_L2_m: 0.303, Yaw_err_deg: 0.347
Epoch: [23/23], Batch: 970/2963, Loss: 40.466, Trans_L2_m: 0.250, Yaw_err_deg: 0.510
Epoch: [23/23], Batch: 980/2963, Loss: 46.001, Trans_L2_m: 0.463, Yaw_err_deg: 0.635
Epoch: [23/23], Batch: 990/2963, Loss: 46.139, Trans_L2_m: 0.361, Yaw_err_deg: 0.594
Epoch: [23/23], Batch: 1000/2963, Loss: 40.688, Trans_L2_m: 0.320, Yaw_err_deg: 0.543
Epoch: [23/23], Batch: 1010/2963, Loss: 41.132, Trans_L2_m: 0.361, Yaw_err_deg: 0.482
Epoch: [23/23], Batch: 1020/2963, Loss: 46.302, Trans_L2_m: 0.404, Yaw_err_deg: 0.764
Epoch: [23/23], Batch: 1030/2963, Loss: 37.906, Trans_L2_m: 0.289, Yaw_err_deg: 0.347
Epoch: [23/23], Batch: 1040/2963, Loss: 48.889, Trans_L2_m: 0.488, Yaw_err_deg: 0.544
Epoch: [23/23], Batch: 1050/2963, Loss: 47.717, Trans_L2_m: 0.445, Yaw_err_deg: 0.486
Epoch: [23/23], Batch: 1060/2963, Loss: 44.583, Trans_L2_m: 0.365, Yaw_err_deg: 0.479
Epoch: [23/23], Batch: 1070/2963, Loss: 38.408, Trans_L2_m: 0.292, Yaw_err_deg: 0.397
Epoch: [23/23], Batch: 1080/2963, Loss: 42.988, Trans_L2_m: 0.446, Yaw_err_deg: 0.549
Epoch: [23/23], Batch: 1090/2963, Loss: 41.062, Trans_L2_m: 0.485, Yaw_err_deg: 0.425
Epoch: [23/23], Batch: 1100/2963, Loss: 44.493, Trans_L2_m: 0.426, Yaw_err_deg: 0.390
Epoch: [23/23], Batch: 1110/2963, Loss: 42.197, Trans_L2_m: 0.462, Yaw_err_deg: 0.545
Epoch: [23/23], Batch: 1120/2963, Loss: 39.776, Trans_L2_m: 0.257, Yaw_err_deg: 0.664
Epoch: [23/23], Batch: 1130/2963, Loss: 45.697, Trans_L2_m: 0.412, Yaw_err_deg: 0.462
Epoch: [23/23], Batch: 1140/2963, Loss: 43.175, Trans_L2_m: 0.380, Yaw_err_deg: 0.468
Epoch: [23/23], Batch: 1150/2963, Loss: 40.633, Trans_L2_m: 0.289, Yaw_err_deg: 0.677
Epoch: [23/23], Batch: 1160/2963, Loss: 47.496, Trans_L2_m: 0.454, Yaw_err_deg: 0.586
Epoch: [23/23], Batch: 1170/2963, Loss: 40.284, Trans_L2_m: 0.208, Yaw_err_deg: 0.749
Epoch: [23/23], Batch: 1180/2963, Loss: 42.776, Trans_L2_m: 0.276, Yaw_err_deg: 0.718
Epoch: [23/23], Batch: 1190/2963, Loss: 39.945, Trans_L2_m: 0.387, Yaw_err_deg: 0.477
Epoch: [23/23], Batch: 1200/2963, Loss: 43.794, Trans_L2_m: 0.330, Yaw_err_deg: 0.580
Epoch: [23/23], Batch: 1210/2963, Loss: 45.160, Trans_L2_m: 0.417, Yaw_err_deg: 0.631
Epoch: [23/23], Batch: 1220/2963, Loss: 43.094, Trans_L2_m: 0.313, Yaw_err_deg: 0.578
Epoch: [23/23], Batch: 1230/2963, Loss: 37.396, Trans_L2_m: 0.220, Yaw_err_deg: 0.596
Epoch: [23/23], Batch: 1240/2963, Loss: 47.512, Trans_L2_m: 0.371, Yaw_err_deg: 0.845
Epoch: [23/23], Batch: 1250/2963, Loss: 41.714, Trans_L2_m: 0.373, Yaw_err_deg: 0.506
Epoch: [23/23], Batch: 1260/2963, Loss: 39.854, Trans_L2_m: 0.336, Yaw_err_deg: 0.540
Epoch: [23/23], Batch: 1270/2963, Loss: 44.115, Trans_L2_m: 0.386, Yaw_err_deg: 0.483
Epoch: [23/23], Batch: 1280/2963, Loss: 41.720, Trans_L2_m: 0.333, Yaw_err_deg: 0.427
Epoch: [23/23], Batch: 1290/2963, Loss: 38.684, Trans_L2_m: 0.227, Yaw_err_deg: 0.409
Epoch: [23/23], Batch: 1300/2963, Loss: 44.242, Trans_L2_m: 0.368, Yaw_err_deg: 0.634
Epoch: [23/23], Batch: 1310/2963, Loss: 49.748, Trans_L2_m: 0.545, Yaw_err_deg: 0.657
Epoch: [23/23], Batch: 1320/2963, Loss: 42.870, Trans_L2_m: 0.372, Yaw_err_deg: 0.749
Epoch: [23/23], Batch: 1330/2963, Loss: 42.500, Trans_L2_m: 0.392, Yaw_err_deg: 0.459
Epoch: [23/23], Batch: 1340/2963, Loss: 40.746, Trans_L2_m: 0.320, Yaw_err_deg: 0.437
Epoch: [23/23], Batch: 1350/2963, Loss: 43.306, Trans_L2_m: 0.332, Yaw_err_deg: 0.578
Epoch: [23/23], Batch: 1360/2963, Loss: 38.316, Trans_L2_m: 0.276, Yaw_err_deg: 0.244
Epoch: [23/23], Batch: 1370/2963, Loss: 38.597, Trans_L2_m: 0.184, Yaw_err_deg: 0.536
Epoch: [23/23], Batch: 1380/2963, Loss: 43.878, Trans_L2_m: 0.272, Yaw_err_deg: 0.730
Epoch: [23/23], Batch: 1390/2963, Loss: 47.473, Trans_L2_m: 0.386, Yaw_err_deg: 0.370
Epoch: [23/23], Batch: 1400/2963, Loss: 41.667, Trans_L2_m: 0.387, Yaw_err_deg: 0.375
Epoch: [23/23], Batch: 1410/2963, Loss: 38.912, Trans_L2_m: 0.363, Yaw_err_deg: 0.292
Epoch: [23/23], Batch: 1420/2963, Loss: 38.766, Trans_L2_m: 0.262, Yaw_err_deg: 0.366
Epoch: [23/23], Batch: 1430/2963, Loss: 43.416, Trans_L2_m: 0.322, Yaw_err_deg: 0.361
Epoch: [23/23], Batch: 1440/2963, Loss: 39.419, Trans_L2_m: 0.352, Yaw_err_deg: 0.423
Epoch: [23/23], Batch: 1450/2963, Loss: 43.315, Trans_L2_m: 0.379, Yaw_err_deg: 0.773
Epoch: [23/23], Batch: 1460/2963, Loss: 47.330, Trans_L2_m: 0.291, Yaw_err_deg: 0.833
Epoch: [23/23], Batch: 1470/2963, Loss: 37.931, Trans_L2_m: 0.262, Yaw_err_deg: 0.425
Epoch: [23/23], Batch: 1480/2963, Loss: 43.145, Trans_L2_m: 0.409, Yaw_err_deg: 0.478
Epoch: [23/23], Batch: 1490/2963, Loss: 40.383, Trans_L2_m: 0.359, Yaw_err_deg: 0.475
Epoch: [23/23], Batch: 1500/2963, Loss: 41.354, Trans_L2_m: 0.344, Yaw_err_deg: 0.637
Epoch: [23/23], Batch: 1510/2963, Loss: 42.475, Trans_L2_m: 0.379, Yaw_err_deg: 0.416
Epoch: [23/23], Batch: 1520/2963, Loss: 33.204, Trans_L2_m: 0.277, Yaw_err_deg: 0.433
Epoch: [23/23], Batch: 1530/2963, Loss: 42.705, Trans_L2_m: 0.398, Yaw_err_deg: 0.460
Epoch: [23/23], Batch: 1540/2963, Loss: 39.894, Trans_L2_m: 0.297, Yaw_err_deg: 0.498
Epoch: [23/23], Batch: 1550/2963, Loss: 44.145, Trans_L2_m: 0.358, Yaw_err_deg: 0.689
Epoch: [23/23], Batch: 1560/2963, Loss: 39.479, Trans_L2_m: 0.376, Yaw_err_deg: 0.618
Epoch: [23/23], Batch: 1570/2963, Loss: 40.470, Trans_L2_m: 0.364, Yaw_err_deg: 0.569
Epoch: [23/23], Batch: 1580/2963, Loss: 39.611, Trans_L2_m: 0.248, Yaw_err_deg: 0.439
Epoch: [23/23], Batch: 1590/2963, Loss: 43.726, Trans_L2_m: 0.373, Yaw_err_deg: 0.416
Epoch: [23/23], Batch: 1600/2963, Loss: 41.039, Trans_L2_m: 0.414, Yaw_err_deg: 0.454
Epoch: [23/23], Batch: 1610/2963, Loss: 42.131, Trans_L2_m: 0.277, Yaw_err_deg: 0.378
Epoch: [23/23], Batch: 1620/2963, Loss: 40.823, Trans_L2_m: 0.292, Yaw_err_deg: 0.631
Epoch: [23/23], Batch: 1630/2963, Loss: 44.239, Trans_L2_m: 0.381, Yaw_err_deg: 0.548
Epoch: [23/23], Batch: 1640/2963, Loss: 44.193, Trans_L2_m: 0.353, Yaw_err_deg: 0.619
Epoch: [23/23], Batch: 1650/2963, Loss: 44.270, Trans_L2_m: 0.373, Yaw_err_deg: 0.278
Epoch: [23/23], Batch: 1660/2963, Loss: 45.047, Trans_L2_m: 0.361, Yaw_err_deg: 0.349
Epoch: [23/23], Batch: 1670/2963, Loss: 43.637, Trans_L2_m: 0.324, Yaw_err_deg: 0.607
Epoch: [23/23], Batch: 1680/2963, Loss: 48.554, Trans_L2_m: 0.531, Yaw_err_deg: 0.461
Epoch: [23/23], Batch: 1690/2963, Loss: 48.087, Trans_L2_m: 0.413, Yaw_err_deg: 0.607
Epoch: [23/23], Batch: 1700/2963, Loss: 48.786, Trans_L2_m: 0.499, Yaw_err_deg: 0.625
Epoch: [23/23], Batch: 1710/2963, Loss: 43.498, Trans_L2_m: 0.244, Yaw_err_deg: 0.745
Epoch: [23/23], Batch: 1720/2963, Loss: 35.855, Trans_L2_m: 0.247, Yaw_err_deg: 0.559
Epoch: [23/23], Batch: 1730/2963, Loss: 42.192, Trans_L2_m: 0.382, Yaw_err_deg: 0.493
Epoch: [23/23], Batch: 1740/2963, Loss: 41.881, Trans_L2_m: 0.363, Yaw_err_deg: 0.363
Epoch: [23/23], Batch: 1750/2963, Loss: 47.534, Trans_L2_m: 0.397, Yaw_err_deg: 0.711
Epoch: [23/23], Batch: 1760/2963, Loss: 43.146, Trans_L2_m: 0.366, Yaw_err_deg: 0.620
Epoch: [23/23], Batch: 1770/2963, Loss: 45.182, Trans_L2_m: 0.429, Yaw_err_deg: 0.595
Epoch: [23/23], Batch: 1780/2963, Loss: 37.314, Trans_L2_m: 0.239, Yaw_err_deg: 0.469
Epoch: [23/23], Batch: 1790/2963, Loss: 39.544, Trans_L2_m: 0.287, Yaw_err_deg: 0.513
Epoch: [23/23], Batch: 1800/2963, Loss: 52.732, Trans_L2_m: 0.525, Yaw_err_deg: 0.540
Epoch: [23/23], Batch: 1810/2963, Loss: 42.408, Trans_L2_m: 0.370, Yaw_err_deg: 0.367
Epoch: [23/23], Batch: 1820/2963, Loss: 35.139, Trans_L2_m: 0.239, Yaw_err_deg: 0.490
Epoch: [23/23], Batch: 1830/2963, Loss: 40.414, Trans_L2_m: 0.291, Yaw_err_deg: 0.593
Epoch: [23/23], Batch: 1840/2963, Loss: 42.055, Trans_L2_m: 0.412, Yaw_err_deg: 0.479
Epoch: [23/23], Batch: 1850/2963, Loss: 40.346, Trans_L2_m: 0.325, Yaw_err_deg: 0.517
Epoch: [23/23], Batch: 1860/2963, Loss: 42.571, Trans_L2_m: 0.346, Yaw_err_deg: 0.575
Epoch: [23/23], Batch: 1870/2963, Loss: 39.573, Trans_L2_m: 0.360, Yaw_err_deg: 0.519
Epoch: [23/23], Batch: 1880/2963, Loss: 49.580, Trans_L2_m: 0.323, Yaw_err_deg: 0.731
Epoch: [23/23], Batch: 1890/2963, Loss: 44.763, Trans_L2_m: 0.391, Yaw_err_deg: 0.511
Epoch: [23/23], Batch: 1900/2963, Loss: 44.842, Trans_L2_m: 0.368, Yaw_err_deg: 0.430
Epoch: [23/23], Batch: 1910/2963, Loss: 38.176, Trans_L2_m: 0.335, Yaw_err_deg: 0.386
Epoch: [23/23], Batch: 1920/2963, Loss: 45.088, Trans_L2_m: 0.471, Yaw_err_deg: 0.475
Epoch: [23/23], Batch: 1930/2963, Loss: 68.464, Trans_L2_m: 0.394, Yaw_err_deg: 1.265
Epoch: [23/23], Batch: 1940/2963, Loss: 42.666, Trans_L2_m: 0.331, Yaw_err_deg: 0.442
Epoch: [23/23], Batch: 1950/2963, Loss: 43.601, Trans_L2_m: 0.287, Yaw_err_deg: 0.576
Epoch: [23/23], Batch: 1960/2963, Loss: 47.666, Trans_L2_m: 0.356, Yaw_err_deg: 0.499
Epoch: [23/23], Batch: 1970/2963, Loss: 42.758, Trans_L2_m: 0.381, Yaw_err_deg: 0.466
Epoch: [23/23], Batch: 1980/2963, Loss: 43.510, Trans_L2_m: 0.356, Yaw_err_deg: 0.684
Epoch: [23/23], Batch: 1990/2963, Loss: 40.116, Trans_L2_m: 0.327, Yaw_err_deg: 0.633
Epoch: [23/23], Batch: 2000/2963, Loss: 42.855, Trans_L2_m: 0.448, Yaw_err_deg: 0.594
Epoch: [23/23], Batch: 2010/2963, Loss: 40.764, Trans_L2_m: 0.318, Yaw_err_deg: 0.442
Epoch: [23/23], Batch: 2020/2963, Loss: 43.614, Trans_L2_m: 0.394, Yaw_err_deg: 0.538
Epoch: [23/23], Batch: 2030/2963, Loss: 45.575, Trans_L2_m: 0.452, Yaw_err_deg: 0.576
Epoch: [23/23], Batch: 2040/2963, Loss: 35.083, Trans_L2_m: 0.232, Yaw_err_deg: 0.318
Epoch: [23/23], Batch: 2050/2963, Loss: 38.054, Trans_L2_m: 0.233, Yaw_err_deg: 0.649
Epoch: [23/23], Batch: 2060/2963, Loss: 37.010, Trans_L2_m: 0.304, Yaw_err_deg: 0.391
Epoch: [23/23], Batch: 2070/2963, Loss: 45.963, Trans_L2_m: 0.400, Yaw_err_deg: 0.589
Epoch: [23/23], Batch: 2080/2963, Loss: 45.910, Trans_L2_m: 0.423, Yaw_err_deg: 0.627
Epoch: [23/23], Batch: 2090/2963, Loss: 44.086, Trans_L2_m: 0.398, Yaw_err_deg: 0.517
Epoch: [23/23], Batch: 2100/2963, Loss: 41.709, Trans_L2_m: 0.308, Yaw_err_deg: 0.460
Epoch: [23/23], Batch: 2110/2963, Loss: 55.683, Trans_L2_m: 0.367, Yaw_err_deg: 0.709
Epoch: [23/23], Batch: 2120/2963, Loss: 43.715, Trans_L2_m: 0.325, Yaw_err_deg: 0.722
Epoch: [23/23], Batch: 2130/2963, Loss: 45.503, Trans_L2_m: 0.517, Yaw_err_deg: 0.297
Epoch: [23/23], Batch: 2140/2963, Loss: 38.816, Trans_L2_m: 0.353, Yaw_err_deg: 0.479
Epoch: [23/23], Batch: 2150/2963, Loss: 46.639, Trans_L2_m: 0.324, Yaw_err_deg: 0.609
Epoch: [23/23], Batch: 2160/2963, Loss: 35.062, Trans_L2_m: 0.292, Yaw_err_deg: 0.449
Epoch: [23/23], Batch: 2170/2963, Loss: 36.548, Trans_L2_m: 0.266, Yaw_err_deg: 0.318
Epoch: [23/23], Batch: 2180/2963, Loss: 44.787, Trans_L2_m: 0.330, Yaw_err_deg: 0.816
Epoch: [23/23], Batch: 2190/2963, Loss: 40.974, Trans_L2_m: 0.329, Yaw_err_deg: 0.410
Epoch: [23/23], Batch: 2200/2963, Loss: 44.862, Trans_L2_m: 0.349, Yaw_err_deg: 0.378
Epoch: [23/23], Batch: 2210/2963, Loss: 41.815, Trans_L2_m: 0.370, Yaw_err_deg: 0.419
Epoch: [23/23], Batch: 2220/2963, Loss: 41.839, Trans_L2_m: 0.345, Yaw_err_deg: 0.504
Epoch: [23/23], Batch: 2230/2963, Loss: 42.143, Trans_L2_m: 0.490, Yaw_err_deg: 0.476
Epoch: [23/23], Batch: 2240/2963, Loss: 38.672, Trans_L2_m: 0.303, Yaw_err_deg: 0.403
Epoch: [23/23], Batch: 2250/2963, Loss: 43.255, Trans_L2_m: 0.391, Yaw_err_deg: 0.620
Epoch: [23/23], Batch: 2260/2963, Loss: 47.828, Trans_L2_m: 0.406, Yaw_err_deg: 0.509
Epoch: [23/23], Batch: 2270/2963, Loss: 46.248, Trans_L2_m: 0.273, Yaw_err_deg: 0.906
Epoch: [23/23], Batch: 2280/2963, Loss: 42.317, Trans_L2_m: 0.366, Yaw_err_deg: 0.496
Epoch: [23/23], Batch: 2290/2963, Loss: 42.054, Trans_L2_m: 0.250, Yaw_err_deg: 0.652
Epoch: [23/23], Batch: 2300/2963, Loss: 45.728, Trans_L2_m: 0.320, Yaw_err_deg: 0.759
Epoch: [23/23], Batch: 2310/2963, Loss: 40.333, Trans_L2_m: 0.253, Yaw_err_deg: 0.698
Epoch: [23/23], Batch: 2320/2963, Loss: 38.420, Trans_L2_m: 0.341, Yaw_err_deg: 0.621
Epoch: [23/23], Batch: 2330/2963, Loss: 45.581, Trans_L2_m: 0.467, Yaw_err_deg: 0.573
Epoch: [23/23], Batch: 2340/2963, Loss: 46.829, Trans_L2_m: 0.295, Yaw_err_deg: 0.695
Epoch: [23/23], Batch: 2350/2963, Loss: 40.021, Trans_L2_m: 0.328, Yaw_err_deg: 0.547
Epoch: [23/23], Batch: 2360/2963, Loss: 44.302, Trans_L2_m: 0.445, Yaw_err_deg: 0.395
Epoch: [23/23], Batch: 2370/2963, Loss: 36.251, Trans_L2_m: 0.317, Yaw_err_deg: 0.509
Epoch: [23/23], Batch: 2380/2963, Loss: 37.067, Trans_L2_m: 0.275, Yaw_err_deg: 0.467
Epoch: [23/23], Batch: 2390/2963, Loss: 46.778, Trans_L2_m: 0.348, Yaw_err_deg: 0.631
Epoch: [23/23], Batch: 2400/2963, Loss: 38.199, Trans_L2_m: 0.360, Yaw_err_deg: 0.364
Epoch: [23/23], Batch: 2410/2963, Loss: 46.594, Trans_L2_m: 0.462, Yaw_err_deg: 0.723
Epoch: [23/23], Batch: 2420/2963, Loss: 44.552, Trans_L2_m: 0.487, Yaw_err_deg: 0.532
Epoch: [23/23], Batch: 2430/2963, Loss: 49.022, Trans_L2_m: 0.333, Yaw_err_deg: 0.839
Epoch: [23/23], Batch: 2440/2963, Loss: 42.479, Trans_L2_m: 0.275, Yaw_err_deg: 0.518
Epoch: [23/23], Batch: 2450/2963, Loss: 45.723, Trans_L2_m: 0.435, Yaw_err_deg: 0.621
Epoch: [23/23], Batch: 2460/2963, Loss: 43.809, Trans_L2_m: 0.446, Yaw_err_deg: 0.522
Epoch: [23/23], Batch: 2470/2963, Loss: 36.088, Trans_L2_m: 0.212, Yaw_err_deg: 0.480
Epoch: [23/23], Batch: 2480/2963, Loss: 50.336, Trans_L2_m: 0.336, Yaw_err_deg: 0.860
Epoch: [23/23], Batch: 2490/2963, Loss: 41.107, Trans_L2_m: 0.394, Yaw_err_deg: 0.450
Epoch: [23/23], Batch: 2500/2963, Loss: 39.688, Trans_L2_m: 0.337, Yaw_err_deg: 0.472
Epoch: [23/23], Batch: 2510/2963, Loss: 37.882, Trans_L2_m: 0.344, Yaw_err_deg: 0.438
Epoch: [23/23], Batch: 2520/2963, Loss: 45.868, Trans_L2_m: 0.274, Yaw_err_deg: 1.010
Epoch: [23/23], Batch: 2530/2963, Loss: 47.769, Trans_L2_m: 0.254, Yaw_err_deg: 0.486
Epoch: [23/23], Batch: 2540/2963, Loss: 41.031, Trans_L2_m: 0.287, Yaw_err_deg: 0.508
Epoch: [23/23], Batch: 2550/2963, Loss: 50.116, Trans_L2_m: 0.380, Yaw_err_deg: 1.079
Epoch: [23/23], Batch: 2560/2963, Loss: 48.962, Trans_L2_m: 0.475, Yaw_err_deg: 0.475
Epoch: [23/23], Batch: 2570/2963, Loss: 36.492, Trans_L2_m: 0.320, Yaw_err_deg: 0.452
Epoch: [23/23], Batch: 2580/2963, Loss: 43.241, Trans_L2_m: 0.360, Yaw_err_deg: 0.720
Epoch: [23/23], Batch: 2590/2963, Loss: 47.526, Trans_L2_m: 0.427, Yaw_err_deg: 0.839
Epoch: [23/23], Batch: 2600/2963, Loss: 54.539, Trans_L2_m: 0.230, Yaw_err_deg: 0.986
Epoch: [23/23], Batch: 2610/2963, Loss: 36.490, Trans_L2_m: 0.360, Yaw_err_deg: 0.393
Epoch: [23/23], Batch: 2620/2963, Loss: 38.962, Trans_L2_m: 0.324, Yaw_err_deg: 0.432
Epoch: [23/23], Batch: 2630/2963, Loss: 43.503, Trans_L2_m: 0.440, Yaw_err_deg: 0.353
Epoch: [23/23], Batch: 2640/2963, Loss: 53.980, Trans_L2_m: 0.447, Yaw_err_deg: 0.703
Epoch: [23/23], Batch: 2650/2963, Loss: 42.778, Trans_L2_m: 0.294, Yaw_err_deg: 0.533
Epoch: [23/23], Batch: 2660/2963, Loss: 42.849, Trans_L2_m: 0.400, Yaw_err_deg: 0.346
Epoch: [23/23], Batch: 2670/2963, Loss: 47.017, Trans_L2_m: 0.568, Yaw_err_deg: 0.345
Epoch: [23/23], Batch: 2680/2963, Loss: 45.623, Trans_L2_m: 0.360, Yaw_err_deg: 0.733
Epoch: [23/23], Batch: 2690/2963, Loss: 42.798, Trans_L2_m: 0.306, Yaw_err_deg: 0.626
Epoch: [23/23], Batch: 2700/2963, Loss: 43.127, Trans_L2_m: 0.220, Yaw_err_deg: 0.771
Epoch: [23/23], Batch: 2710/2963, Loss: 41.486, Trans_L2_m: 0.390, Yaw_err_deg: 0.430
Epoch: [23/23], Batch: 2720/2963, Loss: 41.360, Trans_L2_m: 0.328, Yaw_err_deg: 0.359
Epoch: [23/23], Batch: 2730/2963, Loss: 43.273, Trans_L2_m: 0.257, Yaw_err_deg: 0.714
Epoch: [23/23], Batch: 2740/2963, Loss: 44.312, Trans_L2_m: 0.383, Yaw_err_deg: 0.443
Epoch: [23/23], Batch: 2750/2963, Loss: 42.111, Trans_L2_m: 0.368, Yaw_err_deg: 0.332
Epoch: [23/23], Batch: 2760/2963, Loss: 39.450, Trans_L2_m: 0.381, Yaw_err_deg: 0.553
Epoch: [23/23], Batch: 2770/2963, Loss: 40.059, Trans_L2_m: 0.245, Yaw_err_deg: 0.379
Epoch: [23/23], Batch: 2780/2963, Loss: 41.878, Trans_L2_m: 0.280, Yaw_err_deg: 0.737
Epoch: [23/23], Batch: 2790/2963, Loss: 42.506, Trans_L2_m: 0.288, Yaw_err_deg: 0.539
Epoch: [23/23], Batch: 2800/2963, Loss: 36.946, Trans_L2_m: 0.218, Yaw_err_deg: 0.486
Epoch: [23/23], Batch: 2810/2963, Loss: 38.332, Trans_L2_m: 0.328, Yaw_err_deg: 0.417
Epoch: [23/23], Batch: 2820/2963, Loss: 35.402, Trans_L2_m: 0.277, Yaw_err_deg: 0.538
Epoch: [23/23], Batch: 2830/2963, Loss: 43.596, Trans_L2_m: 0.321, Yaw_err_deg: 0.504
Epoch: [23/23], Batch: 2840/2963, Loss: 43.900, Trans_L2_m: 0.350, Yaw_err_deg: 0.445
Epoch: [23/23], Batch: 2850/2963, Loss: 36.936, Trans_L2_m: 0.327, Yaw_err_deg: 0.333
Epoch: [23/23], Batch: 2860/2963, Loss: 39.870, Trans_L2_m: 0.221, Yaw_err_deg: 0.606
Epoch: [23/23], Batch: 2870/2963, Loss: 43.986, Trans_L2_m: 0.508, Yaw_err_deg: 0.579
Epoch: [23/23], Batch: 2880/2963, Loss: 44.890, Trans_L2_m: 0.423, Yaw_err_deg: 0.514
Epoch: [23/23], Batch: 2890/2963, Loss: 58.684, Trans_L2_m: 0.580, Yaw_err_deg: 0.453
Epoch: [23/23], Batch: 2900/2963, Loss: 39.555, Trans_L2_m: 0.268, Yaw_err_deg: 0.534
Epoch: [23/23], Batch: 2910/2963, Loss: 43.838, Trans_L2_m: 0.289, Yaw_err_deg: 0.694
Epoch: [23/23], Batch: 2920/2963, Loss: 39.105, Trans_L2_m: 0.252, Yaw_err_deg: 0.374
Epoch: [23/23], Batch: 2930/2963, Loss: 42.198, Trans_L2_m: 0.373, Yaw_err_deg: 0.649
Epoch: [23/23], Batch: 2940/2963, Loss: 39.300, Trans_L2_m: 0.337, Yaw_err_deg: 0.424
Epoch: [23/23], Batch: 2950/2963, Loss: 39.299, Trans_L2_m: 0.284, Yaw_err_deg: 0.322
Epoch: [23/23], Batch: 2960/2963, Loss: 40.339, Trans_L2_m: 0.389, Yaw_err_deg: 0.396
Validation loss (homography): 935.3932
Avg batch time: 948.73 ms, total: 307.699 s
[1;91mVal has no improvement vs 799.3275146484375![0m
Epoch: [24/23], Batch: 0/2963, Loss: 43.288, Trans_L2_m: 0.512, Yaw_err_deg: 0.471
Epoch: [24/23], Batch: 10/2963, Loss: 38.033, Trans_L2_m: 0.286, Yaw_err_deg: 0.309
Epoch: [24/23], Batch: 20/2963, Loss: 42.347, Trans_L2_m: 0.352, Yaw_err_deg: 0.547
Epoch: [24/23], Batch: 30/2963, Loss: 43.231, Trans_L2_m: 0.337, Yaw_err_deg: 0.414
Epoch: [24/23], Batch: 40/2963, Loss: 41.934, Trans_L2_m: 0.358, Yaw_err_deg: 0.514
Epoch: [24/23], Batch: 50/2963, Loss: 53.518, Trans_L2_m: 0.343, Yaw_err_deg: 0.665
Epoch: [24/23], Batch: 60/2963, Loss: 42.382, Trans_L2_m: 0.456, Yaw_err_deg: 0.558
Epoch: [24/23], Batch: 70/2963, Loss: 43.476, Trans_L2_m: 0.337, Yaw_err_deg: 0.432
Epoch: [24/23], Batch: 80/2963, Loss: 52.879, Trans_L2_m: 0.244, Yaw_err_deg: 0.404
Epoch: [24/23], Batch: 90/2963, Loss: 42.496, Trans_L2_m: 0.370, Yaw_err_deg: 0.545
Epoch: [24/23], Batch: 100/2963, Loss: 43.607, Trans_L2_m: 0.439, Yaw_err_deg: 0.553
Epoch: [24/23], Batch: 110/2963, Loss: 43.167, Trans_L2_m: 0.337, Yaw_err_deg: 0.399
Epoch: [24/23], Batch: 120/2963, Loss: 42.513, Trans_L2_m: 0.348, Yaw_err_deg: 0.625
Epoch: [24/23], Batch: 130/2963, Loss: 44.443, Trans_L2_m: 0.327, Yaw_err_deg: 0.549
Epoch: [24/23], Batch: 140/2963, Loss: 42.804, Trans_L2_m: 0.367, Yaw_err_deg: 0.382
Epoch: [24/23], Batch: 150/2963, Loss: 43.823, Trans_L2_m: 0.371, Yaw_err_deg: 0.420
Epoch: [24/23], Batch: 160/2963, Loss: 36.810, Trans_L2_m: 0.304, Yaw_err_deg: 0.384
Epoch: [24/23], Batch: 170/2963, Loss: 43.965, Trans_L2_m: 0.283, Yaw_err_deg: 0.808
Epoch: [24/23], Batch: 180/2963, Loss: 44.165, Trans_L2_m: 0.516, Yaw_err_deg: 0.606
Epoch: [24/23], Batch: 190/2963, Loss: 38.764, Trans_L2_m: 0.294, Yaw_err_deg: 0.450
Epoch: [24/23], Batch: 200/2963, Loss: 44.492, Trans_L2_m: 0.466, Yaw_err_deg: 0.366
Epoch: [24/23], Batch: 210/2963, Loss: 39.451, Trans_L2_m: 0.252, Yaw_err_deg: 0.450
Epoch: [24/23], Batch: 220/2963, Loss: 35.221, Trans_L2_m: 0.161, Yaw_err_deg: 0.524
Epoch: [24/23], Batch: 230/2963, Loss: 45.710, Trans_L2_m: 0.396, Yaw_err_deg: 0.498
Epoch: [24/23], Batch: 240/2963, Loss: 39.478, Trans_L2_m: 0.195, Yaw_err_deg: 0.451
Epoch: [24/23], Batch: 250/2963, Loss: 40.535, Trans_L2_m: 0.286, Yaw_err_deg: 0.639
Epoch: [24/23], Batch: 260/2963, Loss: 42.865, Trans_L2_m: 0.353, Yaw_err_deg: 0.530
Epoch: [24/23], Batch: 270/2963, Loss: 45.952, Trans_L2_m: 0.449, Yaw_err_deg: 0.499
Epoch: [24/23], Batch: 280/2963, Loss: 50.165, Trans_L2_m: 0.430, Yaw_err_deg: 0.510
Epoch: [24/23], Batch: 290/2963, Loss: 36.946, Trans_L2_m: 0.262, Yaw_err_deg: 0.698
Epoch: [24/23], Batch: 300/2963, Loss: 35.370, Trans_L2_m: 0.236, Yaw_err_deg: 0.298
Epoch: [24/23], Batch: 310/2963, Loss: 44.220, Trans_L2_m: 0.257, Yaw_err_deg: 0.682
Epoch: [24/23], Batch: 320/2963, Loss: 38.271, Trans_L2_m: 0.306, Yaw_err_deg: 0.595
Epoch: [24/23], Batch: 330/2963, Loss: 36.296, Trans_L2_m: 0.345, Yaw_err_deg: 0.434
Epoch: [24/23], Batch: 340/2963, Loss: 55.222, Trans_L2_m: 0.410, Yaw_err_deg: 1.021
Epoch: [24/23], Batch: 350/2963, Loss: 43.621, Trans_L2_m: 0.320, Yaw_err_deg: 0.634
Epoch: [24/23], Batch: 360/2963, Loss: 42.412, Trans_L2_m: 0.331, Yaw_err_deg: 0.685
Epoch: [24/23], Batch: 370/2963, Loss: 44.592, Trans_L2_m: 0.229, Yaw_err_deg: 0.628
Epoch: [24/23], Batch: 380/2963, Loss: 44.569, Trans_L2_m: 0.390, Yaw_err_deg: 0.451
Epoch: [24/23], Batch: 390/2963, Loss: 41.733, Trans_L2_m: 0.313, Yaw_err_deg: 0.757
Epoch: [24/23], Batch: 400/2963, Loss: 39.944, Trans_L2_m: 0.333, Yaw_err_deg: 0.641
Epoch: [24/23], Batch: 410/2963, Loss: 43.246, Trans_L2_m: 0.331, Yaw_err_deg: 0.659
Epoch: [24/23], Batch: 420/2963, Loss: 45.910, Trans_L2_m: 0.347, Yaw_err_deg: 0.536
Epoch: [24/23], Batch: 430/2963, Loss: 35.054, Trans_L2_m: 0.212, Yaw_err_deg: 0.400
Epoch: [24/23], Batch: 440/2963, Loss: 40.676, Trans_L2_m: 0.320, Yaw_err_deg: 0.485
Epoch: [24/23], Batch: 450/2963, Loss: 44.476, Trans_L2_m: 0.332, Yaw_err_deg: 0.565
Epoch: [24/23], Batch: 460/2963, Loss: 41.979, Trans_L2_m: 0.359, Yaw_err_deg: 0.343
Epoch: [24/23], Batch: 470/2963, Loss: 43.283, Trans_L2_m: 0.433, Yaw_err_deg: 0.650
Epoch: [24/23], Batch: 480/2963, Loss: 46.139, Trans_L2_m: 0.256, Yaw_err_deg: 0.602
Epoch: [24/23], Batch: 490/2963, Loss: 44.371, Trans_L2_m: 0.372, Yaw_err_deg: 0.593
Epoch: [24/23], Batch: 500/2963, Loss: 41.346, Trans_L2_m: 0.313, Yaw_err_deg: 0.421
Epoch: [24/23], Batch: 510/2963, Loss: 41.179, Trans_L2_m: 0.288, Yaw_err_deg: 0.682
Epoch: [24/23], Batch: 520/2963, Loss: 40.954, Trans_L2_m: 0.415, Yaw_err_deg: 0.507
Epoch: [24/23], Batch: 530/2963, Loss: 41.220, Trans_L2_m: 0.323, Yaw_err_deg: 0.477
Epoch: [24/23], Batch: 540/2963, Loss: 41.206, Trans_L2_m: 0.425, Yaw_err_deg: 0.431
Epoch: [24/23], Batch: 550/2963, Loss: 40.008, Trans_L2_m: 0.406, Yaw_err_deg: 0.549
Epoch: [24/23], Batch: 560/2963, Loss: 38.691, Trans_L2_m: 0.316, Yaw_err_deg: 0.335
Epoch: [24/23], Batch: 570/2963, Loss: 34.427, Trans_L2_m: 0.294, Yaw_err_deg: 0.336
Epoch: [24/23], Batch: 580/2963, Loss: 42.603, Trans_L2_m: 0.286, Yaw_err_deg: 0.497
Epoch: [24/23], Batch: 590/2963, Loss: 43.687, Trans_L2_m: 0.424, Yaw_err_deg: 0.446
Epoch: [24/23], Batch: 600/2963, Loss: 43.171, Trans_L2_m: 0.353, Yaw_err_deg: 0.532
Epoch: [24/23], Batch: 610/2963, Loss: 42.779, Trans_L2_m: 0.347, Yaw_err_deg: 0.627
Epoch: [24/23], Batch: 620/2963, Loss: 47.064, Trans_L2_m: 0.384, Yaw_err_deg: 0.885
Epoch: [24/23], Batch: 630/2963, Loss: 40.303, Trans_L2_m: 0.357, Yaw_err_deg: 0.453
Epoch: [24/23], Batch: 640/2963, Loss: 41.665, Trans_L2_m: 0.329, Yaw_err_deg: 0.428
Epoch: [24/23], Batch: 650/2963, Loss: 46.133, Trans_L2_m: 0.419, Yaw_err_deg: 0.651
Epoch: [24/23], Batch: 660/2963, Loss: 44.504, Trans_L2_m: 0.327, Yaw_err_deg: 0.612
Epoch: [24/23], Batch: 670/2963, Loss: 46.315, Trans_L2_m: 0.444, Yaw_err_deg: 0.471
Epoch: [24/23], Batch: 680/2963, Loss: 45.008, Trans_L2_m: 0.430, Yaw_err_deg: 0.544
Epoch: [24/23], Batch: 690/2963, Loss: 41.519, Trans_L2_m: 0.298, Yaw_err_deg: 0.726
Epoch: [24/23], Batch: 700/2963, Loss: 39.550, Trans_L2_m: 0.392, Yaw_err_deg: 0.457
Epoch: [24/23], Batch: 710/2963, Loss: 39.390, Trans_L2_m: 0.276, Yaw_err_deg: 0.439
Epoch: [24/23], Batch: 720/2963, Loss: 48.675, Trans_L2_m: 0.437, Yaw_err_deg: 0.427
Epoch: [24/23], Batch: 730/2963, Loss: 39.323, Trans_L2_m: 0.357, Yaw_err_deg: 0.344
Epoch: [24/23], Batch: 740/2963, Loss: 79.989, Trans_L2_m: 0.294, Yaw_err_deg: 2.213
Epoch: [24/23], Batch: 750/2963, Loss: 44.252, Trans_L2_m: 0.380, Yaw_err_deg: 0.388
Epoch: [24/23], Batch: 760/2963, Loss: 38.145, Trans_L2_m: 0.287, Yaw_err_deg: 0.630
Epoch: [24/23], Batch: 770/2963, Loss: 40.670, Trans_L2_m: 0.403, Yaw_err_deg: 0.342
Epoch: [24/23], Batch: 780/2963, Loss: 46.968, Trans_L2_m: 0.349, Yaw_err_deg: 0.708
Epoch: [24/23], Batch: 790/2963, Loss: 40.595, Trans_L2_m: 0.294, Yaw_err_deg: 0.510
Epoch: [24/23], Batch: 800/2963, Loss: 45.783, Trans_L2_m: 0.336, Yaw_err_deg: 0.703
Epoch: [24/23], Batch: 810/2963, Loss: 42.237, Trans_L2_m: 0.330, Yaw_err_deg: 0.572
Epoch: [24/23], Batch: 820/2963, Loss: 41.627, Trans_L2_m: 0.304, Yaw_err_deg: 0.409
Epoch: [24/23], Batch: 830/2963, Loss: 46.306, Trans_L2_m: 0.361, Yaw_err_deg: 0.481
Epoch: [24/23], Batch: 840/2963, Loss: 42.443, Trans_L2_m: 0.334, Yaw_err_deg: 0.410
Epoch: [24/23], Batch: 850/2963, Loss: 42.903, Trans_L2_m: 0.420, Yaw_err_deg: 0.389
Epoch: [24/23], Batch: 860/2963, Loss: 38.021, Trans_L2_m: 0.269, Yaw_err_deg: 0.369
Epoch: [24/23], Batch: 870/2963, Loss: 43.226, Trans_L2_m: 0.384, Yaw_err_deg: 0.451
Epoch: [24/23], Batch: 880/2963, Loss: 37.400, Trans_L2_m: 0.246, Yaw_err_deg: 0.409
Epoch: [24/23], Batch: 890/2963, Loss: 42.296, Trans_L2_m: 0.345, Yaw_err_deg: 0.751
Epoch: [24/23], Batch: 900/2963, Loss: 43.038, Trans_L2_m: 0.250, Yaw_err_deg: 0.483
Epoch: [24/23], Batch: 910/2963, Loss: 40.675, Trans_L2_m: 0.350, Yaw_err_deg: 0.480
Epoch: [24/23], Batch: 920/2963, Loss: 50.209, Trans_L2_m: 0.410, Yaw_err_deg: 0.572
Epoch: [24/23], Batch: 930/2963, Loss: 41.676, Trans_L2_m: 0.273, Yaw_err_deg: 0.539
Epoch: [24/23], Batch: 940/2963, Loss: 38.117, Trans_L2_m: 0.267, Yaw_err_deg: 0.588
Epoch: [24/23], Batch: 950/2963, Loss: 43.682, Trans_L2_m: 0.313, Yaw_err_deg: 0.713
Epoch: [24/23], Batch: 960/2963, Loss: 41.306, Trans_L2_m: 0.230, Yaw_err_deg: 0.750
Epoch: [24/23], Batch: 970/2963, Loss: 39.128, Trans_L2_m: 0.349, Yaw_err_deg: 0.442
Epoch: [24/23], Batch: 980/2963, Loss: 43.231, Trans_L2_m: 0.403, Yaw_err_deg: 0.472
Epoch: [24/23], Batch: 990/2963, Loss: 37.584, Trans_L2_m: 0.198, Yaw_err_deg: 0.613
Epoch: [24/23], Batch: 1000/2963, Loss: 38.727, Trans_L2_m: 0.335, Yaw_err_deg: 0.360
Epoch: [24/23], Batch: 1010/2963, Loss: 43.592, Trans_L2_m: 0.295, Yaw_err_deg: 0.500
Epoch: [24/23], Batch: 1020/2963, Loss: 39.509, Trans_L2_m: 0.308, Yaw_err_deg: 0.557
Epoch: [24/23], Batch: 1030/2963, Loss: 44.129, Trans_L2_m: 0.370, Yaw_err_deg: 0.580
Epoch: [24/23], Batch: 1040/2963, Loss: 45.544, Trans_L2_m: 0.400, Yaw_err_deg: 0.614
Epoch: [24/23], Batch: 1050/2963, Loss: 43.061, Trans_L2_m: 0.461, Yaw_err_deg: 0.503
Epoch: [24/23], Batch: 1060/2963, Loss: 40.442, Trans_L2_m: 0.358, Yaw_err_deg: 0.423
Epoch: [24/23], Batch: 1070/2963, Loss: 49.130, Trans_L2_m: 0.449, Yaw_err_deg: 0.676
Epoch: [24/23], Batch: 1080/2963, Loss: 39.011, Trans_L2_m: 0.309, Yaw_err_deg: 0.421
Epoch: [24/23], Batch: 1090/2963, Loss: 45.068, Trans_L2_m: 0.349, Yaw_err_deg: 0.496
Epoch: [24/23], Batch: 1100/2963, Loss: 38.849, Trans_L2_m: 0.329, Yaw_err_deg: 0.530
Epoch: [24/23], Batch: 1110/2963, Loss: 47.989, Trans_L2_m: 0.342, Yaw_err_deg: 0.505
Epoch: [24/23], Batch: 1120/2963, Loss: 37.848, Trans_L2_m: 0.291, Yaw_err_deg: 0.637
Epoch: [24/23], Batch: 1130/2963, Loss: 42.372, Trans_L2_m: 0.353, Yaw_err_deg: 0.541
Epoch: [24/23], Batch: 1140/2963, Loss: 37.248, Trans_L2_m: 0.261, Yaw_err_deg: 0.437
Epoch: [24/23], Batch: 1150/2963, Loss: 36.775, Trans_L2_m: 0.253, Yaw_err_deg: 0.486
Epoch: [24/23], Batch: 1160/2963, Loss: 43.281, Trans_L2_m: 0.382, Yaw_err_deg: 0.576
Epoch: [24/23], Batch: 1170/2963, Loss: 44.371, Trans_L2_m: 0.252, Yaw_err_deg: 0.526
Epoch: [24/23], Batch: 1180/2963, Loss: 44.026, Trans_L2_m: 0.414, Yaw_err_deg: 0.464
Epoch: [24/23], Batch: 1190/2963, Loss: 45.977, Trans_L2_m: 0.453, Yaw_err_deg: 0.479
Epoch: [24/23], Batch: 1200/2963, Loss: 43.221, Trans_L2_m: 0.263, Yaw_err_deg: 0.519
Epoch: [24/23], Batch: 1210/2963, Loss: 38.749, Trans_L2_m: 0.353, Yaw_err_deg: 0.279
Epoch: [24/23], Batch: 1220/2963, Loss: 42.713, Trans_L2_m: 0.340, Yaw_err_deg: 0.449
Epoch: [24/23], Batch: 1230/2963, Loss: 41.839, Trans_L2_m: 0.394, Yaw_err_deg: 0.673
Epoch: [24/23], Batch: 1240/2963, Loss: 44.002, Trans_L2_m: 0.448, Yaw_err_deg: 0.537
Epoch: [24/23], Batch: 1250/2963, Loss: 33.843, Trans_L2_m: 0.266, Yaw_err_deg: 0.315
Epoch: [24/23], Batch: 1260/2963, Loss: 43.578, Trans_L2_m: 0.420, Yaw_err_deg: 0.414
Epoch: [24/23], Batch: 1270/2963, Loss: 44.193, Trans_L2_m: 0.468, Yaw_err_deg: 0.425
Epoch: [24/23], Batch: 1280/2963, Loss: 40.095, Trans_L2_m: 0.300, Yaw_err_deg: 0.493
Epoch: [24/23], Batch: 1290/2963, Loss: 39.857, Trans_L2_m: 0.369, Yaw_err_deg: 0.454
Epoch: [24/23], Batch: 1300/2963, Loss: 39.375, Trans_L2_m: 0.374, Yaw_err_deg: 0.377
Epoch: [24/23], Batch: 1310/2963, Loss: 39.640, Trans_L2_m: 0.304, Yaw_err_deg: 0.355
Epoch: [24/23], Batch: 1320/2963, Loss: 44.193, Trans_L2_m: 0.456, Yaw_err_deg: 0.440
Epoch: [24/23], Batch: 1330/2963, Loss: 43.332, Trans_L2_m: 0.496, Yaw_err_deg: 0.450
Epoch: [24/23], Batch: 1340/2963, Loss: 37.872, Trans_L2_m: 0.365, Yaw_err_deg: 0.412
Epoch: [24/23], Batch: 1350/2963, Loss: 39.852, Trans_L2_m: 0.287, Yaw_err_deg: 0.357
Epoch: [24/23], Batch: 1360/2963, Loss: 39.306, Trans_L2_m: 0.359, Yaw_err_deg: 0.318
Epoch: [24/23], Batch: 1370/2963, Loss: 55.012, Trans_L2_m: 0.326, Yaw_err_deg: 0.576
Epoch: [24/23], Batch: 1380/2963, Loss: 37.828, Trans_L2_m: 0.196, Yaw_err_deg: 0.525
Epoch: [24/23], Batch: 1390/2963, Loss: 40.345, Trans_L2_m: 0.342, Yaw_err_deg: 0.605
Epoch: [24/23], Batch: 1400/2963, Loss: 40.913, Trans_L2_m: 0.338, Yaw_err_deg: 0.530
Epoch: [24/23], Batch: 1410/2963, Loss: 144.788, Trans_L2_m: 0.291, Yaw_err_deg: 1.719
Epoch: [24/23], Batch: 1420/2963, Loss: 39.584, Trans_L2_m: 0.290, Yaw_err_deg: 0.455
Epoch: [24/23], Batch: 1430/2963, Loss: 37.624, Trans_L2_m: 0.258, Yaw_err_deg: 0.467
Epoch: [24/23], Batch: 1440/2963, Loss: 45.550, Trans_L2_m: 0.321, Yaw_err_deg: 0.465
Epoch: [24/23], Batch: 1450/2963, Loss: 41.492, Trans_L2_m: 0.252, Yaw_err_deg: 0.531
Epoch: [24/23], Batch: 1460/2963, Loss: 44.378, Trans_L2_m: 0.312, Yaw_err_deg: 0.516
Epoch: [24/23], Batch: 1470/2963, Loss: 43.497, Trans_L2_m: 0.422, Yaw_err_deg: 0.402
Epoch: [24/23], Batch: 1480/2963, Loss: 47.220, Trans_L2_m: 0.296, Yaw_err_deg: 0.493
Epoch: [24/23], Batch: 1490/2963, Loss: 43.506, Trans_L2_m: 0.255, Yaw_err_deg: 0.556
Epoch: [24/23], Batch: 1500/2963, Loss: 37.454, Trans_L2_m: 0.353, Yaw_err_deg: 0.391
Epoch: [24/23], Batch: 1510/2963, Loss: 39.472, Trans_L2_m: 0.374, Yaw_err_deg: 0.380
Epoch: [24/23], Batch: 1520/2963, Loss: 47.651, Trans_L2_m: 0.273, Yaw_err_deg: 0.832
Epoch: [24/23], Batch: 1530/2963, Loss: 46.020, Trans_L2_m: 0.346, Yaw_err_deg: 0.709
Epoch: [24/23], Batch: 1540/2963, Loss: 39.955, Trans_L2_m: 0.353, Yaw_err_deg: 0.434
Epoch: [24/23], Batch: 1550/2963, Loss: 38.691, Trans_L2_m: 0.285, Yaw_err_deg: 0.380
Epoch: [24/23], Batch: 1560/2963, Loss: 38.318, Trans_L2_m: 0.289, Yaw_err_deg: 0.359
Epoch: [24/23], Batch: 1570/2963, Loss: 40.096, Trans_L2_m: 0.228, Yaw_err_deg: 0.364
Epoch: [24/23], Batch: 1580/2963, Loss: 57.332, Trans_L2_m: 0.258, Yaw_err_deg: 1.440
Epoch: [24/23], Batch: 1590/2963, Loss: 49.178, Trans_L2_m: 0.358, Yaw_err_deg: 0.428
Epoch: [24/23], Batch: 1600/2963, Loss: 45.494, Trans_L2_m: 0.348, Yaw_err_deg: 0.511
Epoch: [24/23], Batch: 1610/2963, Loss: 42.421, Trans_L2_m: 0.297, Yaw_err_deg: 0.444
Epoch: [24/23], Batch: 1620/2963, Loss: 44.993, Trans_L2_m: 0.373, Yaw_err_deg: 0.879
Epoch: [24/23], Batch: 1630/2963, Loss: 41.097, Trans_L2_m: 0.405, Yaw_err_deg: 0.596
Epoch: [24/23], Batch: 1640/2963, Loss: 40.558, Trans_L2_m: 0.354, Yaw_err_deg: 0.404
Epoch: [24/23], Batch: 1650/2963, Loss: 45.480, Trans_L2_m: 0.312, Yaw_err_deg: 0.735
Epoch: [24/23], Batch: 1660/2963, Loss: 62.915, Trans_L2_m: 0.228, Yaw_err_deg: 1.566
Epoch: [24/23], Batch: 1670/2963, Loss: 41.616, Trans_L2_m: 0.322, Yaw_err_deg: 0.431
Epoch: [24/23], Batch: 1680/2963, Loss: 40.101, Trans_L2_m: 0.331, Yaw_err_deg: 0.520
Epoch: [24/23], Batch: 1690/2963, Loss: 38.746, Trans_L2_m: 0.246, Yaw_err_deg: 0.530
Epoch: [24/23], Batch: 1700/2963, Loss: 35.356, Trans_L2_m: 0.255, Yaw_err_deg: 0.322
Epoch: [24/23], Batch: 1710/2963, Loss: 44.422, Trans_L2_m: 0.285, Yaw_err_deg: 0.370
Epoch: [24/23], Batch: 1720/2963, Loss: 43.193, Trans_L2_m: 0.390, Yaw_err_deg: 0.433
Epoch: [24/23], Batch: 1730/2963, Loss: 35.622, Trans_L2_m: 0.183, Yaw_err_deg: 0.382
Epoch: [24/23], Batch: 1740/2963, Loss: 39.002, Trans_L2_m: 0.317, Yaw_err_deg: 0.509
Epoch: [24/23], Batch: 1750/2963, Loss: 39.568, Trans_L2_m: 0.282, Yaw_err_deg: 0.550
Epoch: [24/23], Batch: 1760/2963, Loss: 44.074, Trans_L2_m: 0.353, Yaw_err_deg: 0.487
Epoch: [24/23], Batch: 1770/2963, Loss: 46.156, Trans_L2_m: 0.466, Yaw_err_deg: 0.410
Epoch: [24/23], Batch: 1780/2963, Loss: 45.147, Trans_L2_m: 0.455, Yaw_err_deg: 0.542
Epoch: [24/23], Batch: 1790/2963, Loss: 38.316, Trans_L2_m: 0.190, Yaw_err_deg: 0.315
Epoch: [24/23], Batch: 1800/2963, Loss: 37.711, Trans_L2_m: 0.307, Yaw_err_deg: 0.483
Epoch: [24/23], Batch: 1810/2963, Loss: 40.775, Trans_L2_m: 0.280, Yaw_err_deg: 0.568
Epoch: [24/23], Batch: 1820/2963, Loss: 40.013, Trans_L2_m: 0.363, Yaw_err_deg: 0.314
Epoch: [24/23], Batch: 1830/2963, Loss: 47.397, Trans_L2_m: 0.489, Yaw_err_deg: 0.613
Epoch: [24/23], Batch: 1840/2963, Loss: 36.518, Trans_L2_m: 0.279, Yaw_err_deg: 0.332
Epoch: [24/23], Batch: 1850/2963, Loss: 44.697, Trans_L2_m: 0.325, Yaw_err_deg: 0.471
Validation loss (homography): 939.4083
Avg batch time: 957.62 ms, total: 310.563 s
[1;91mVal has no improvement vs 799.3275146484375![0m
The minist distance is 799.3275146484375m!
Loading val split : 6 drives
Validation with 10393 samples.
