{'gpuid': [0], 'mixed_precision': False, 'iters_lev0': 6, 'lev0': True, 'flow': True, 'p_siamese': True, 'CNN16': True, 'log_every': 10, 'dataset': 'zod', 'orig_label': False, 'cross_area': False, 'batch_size': 16, 'lr': 0.00035, 'num_steps': 76000, 'scheduler': 'OneCycle', 'loss_w': [0.1, 30.0, 100000.0], 'temperature': 4.0, 'augment': False, 'ori_noise': 45.0, 'orien': True, 'restore_ckpt': None, 'model': None, 'wdecay': 0.0005, 'epsilon': 1e-07, 'clip': 1.0, 'gamma': 0.85, 'name': 'zod_train', 'validation': None, 'image_size': 512, 'zoom': 20, 'IMG_FREQ': 20000, 'SUM_FREQ': 100, 'use_augmentation': True, 'image_area_dg_m': 51.2, 'image_area_zod_m': 100, 'max_translation': 15.0, 'max_rot_deg': 20.0, 'z_range': [-2.5, 3.0], 'BEV_grid_resolution': 0.1, 'lidar_dataset_root': '/work/vita/datasets/zod', 'aerial_img_dataset_root': '/work/vita/datasets/zod_crossview_processed_100m', 'version': 'full', 'config': '/home/finckh/VITA/HC-Net/models/config/ZOD/train.json', 'best_dis': 100000000.0, 'start_step': 0}
[31m2026-01-09 14:37:09[0m
Loaded pretrained weights for efficientnet-b0
Parameter Count: 7754186
Loading train split : 23 drives
Loading val split : 6 drives
Training with 47407 samples, validation with 10393 samples.
Using 12 dataloader workers every process
Best distance so far 100000000.0.
[34mLog will be saved to:./watch/zod/zod_train_20260109_144321.log[0m
Epoch: [0/25], Batch: 0/2963, Loss: 2842.452, Trans_L2_m: 15.601, Yaw_err_deg: 9.957
Epoch: [0/25], Batch: 10/2963, Loss: 2870.543, Trans_L2_m: 16.981, Yaw_err_deg: 9.133
Epoch: [0/25], Batch: 20/2963, Loss: 2553.050, Trans_L2_m: 14.301, Yaw_err_deg: 9.669
Epoch: [0/25], Batch: 30/2963, Loss: 2891.838, Trans_L2_m: 15.646, Yaw_err_deg: 11.936
Epoch: [0/25], Batch: 40/2963, Loss: 2722.616, Trans_L2_m: 16.274, Yaw_err_deg: 9.055
Epoch: [0/25], Batch: 50/2963, Loss: 2387.155, Trans_L2_m: 15.693, Yaw_err_deg: 8.655
Epoch: [0/25], Batch: 60/2963, Loss: 2765.221, Trans_L2_m: 17.511, Yaw_err_deg: 9.356
Epoch: [0/25], Batch: 70/2963, Loss: 2709.697, Trans_L2_m: 15.784, Yaw_err_deg: 10.571
Epoch: [0/25], Batch: 80/2963, Loss: 2225.845, Trans_L2_m: 13.666, Yaw_err_deg: 9.641
Epoch: [0/25], Batch: 90/2963, Loss: 2281.602, Trans_L2_m: 14.830, Yaw_err_deg: 8.973
Epoch: [0/25], Batch: 100/2963, Loss: 2716.089, Trans_L2_m: 15.344, Yaw_err_deg: 11.027
Epoch: [0/25], Batch: 110/2963, Loss: 2608.412, Trans_L2_m: 16.135, Yaw_err_deg: 9.485
Epoch: [0/25], Batch: 120/2963, Loss: 2874.132, Trans_L2_m: 17.274, Yaw_err_deg: 10.824
Epoch: [0/25], Batch: 130/2963, Loss: 2761.344, Trans_L2_m: 16.209, Yaw_err_deg: 11.186
Epoch: [0/25], Batch: 140/2963, Loss: 2319.387, Trans_L2_m: 15.614, Yaw_err_deg: 8.256
Epoch: [0/25], Batch: 150/2963, Loss: 2318.961, Trans_L2_m: 15.313, Yaw_err_deg: 8.709
Epoch: [0/25], Batch: 160/2963, Loss: 2957.726, Trans_L2_m: 16.600, Yaw_err_deg: 11.362
Epoch: [0/25], Batch: 170/2963, Loss: 2091.524, Trans_L2_m: 12.842, Yaw_err_deg: 9.328
Epoch: [0/25], Batch: 180/2963, Loss: 2343.546, Trans_L2_m: 14.257, Yaw_err_deg: 9.938
Epoch: [0/25], Batch: 190/2963, Loss: 2831.041, Trans_L2_m: 16.585, Yaw_err_deg: 11.411
Epoch: [0/25], Batch: 200/2963, Loss: 2360.658, Trans_L2_m: 15.198, Yaw_err_deg: 9.583
Epoch: [0/25], Batch: 210/2963, Loss: 2021.322, Trans_L2_m: 13.944, Yaw_err_deg: 8.573
Epoch: [0/25], Batch: 220/2963, Loss: 2639.753, Trans_L2_m: 15.272, Yaw_err_deg: 10.749
Epoch: [0/25], Batch: 230/2963, Loss: 2563.333, Trans_L2_m: 15.275, Yaw_err_deg: 10.970
Epoch: [0/25], Batch: 240/2963, Loss: 2319.684, Trans_L2_m: 13.548, Yaw_err_deg: 9.808
Epoch: [0/25], Batch: 250/2963, Loss: 2259.262, Trans_L2_m: 14.645, Yaw_err_deg: 8.714
Epoch: [0/25], Batch: 260/2963, Loss: 2419.837, Trans_L2_m: 14.736, Yaw_err_deg: 9.915
Epoch: [0/25], Batch: 270/2963, Loss: 2301.025, Trans_L2_m: 13.616, Yaw_err_deg: 11.197
Epoch: [0/25], Batch: 280/2963, Loss: 2309.768, Trans_L2_m: 15.225, Yaw_err_deg: 9.423
Epoch: [0/25], Batch: 290/2963, Loss: 1719.963, Trans_L2_m: 11.702, Yaw_err_deg: 8.769
Epoch: [0/25], Batch: 300/2963, Loss: 2798.721, Trans_L2_m: 17.078, Yaw_err_deg: 10.054
Epoch: [0/25], Batch: 310/2963, Loss: 2505.591, Trans_L2_m: 13.591, Yaw_err_deg: 11.714
Epoch: [0/25], Batch: 320/2963, Loss: 2151.783, Trans_L2_m: 12.685, Yaw_err_deg: 10.140
Epoch: [0/25], Batch: 330/2963, Loss: 1968.735, Trans_L2_m: 13.886, Yaw_err_deg: 7.473
Epoch: [0/25], Batch: 340/2963, Loss: 2885.277, Trans_L2_m: 16.294, Yaw_err_deg: 11.496
Epoch: [0/25], Batch: 350/2963, Loss: 2530.095, Trans_L2_m: 13.798, Yaw_err_deg: 11.785
Epoch: [0/25], Batch: 360/2963, Loss: 1881.878, Trans_L2_m: 10.683, Yaw_err_deg: 10.799
Epoch: [0/25], Batch: 370/2963, Loss: 1674.829, Trans_L2_m: 11.161, Yaw_err_deg: 8.212
Epoch: [0/25], Batch: 380/2963, Loss: 2074.341, Trans_L2_m: 12.972, Yaw_err_deg: 10.291
Epoch: [0/25], Batch: 390/2963, Loss: 1826.647, Trans_L2_m: 13.147, Yaw_err_deg: 7.373
Epoch: [0/25], Batch: 400/2963, Loss: 2762.506, Trans_L2_m: 13.827, Yaw_err_deg: 13.630
Epoch: [0/25], Batch: 410/2963, Loss: 2518.040, Trans_L2_m: 15.405, Yaw_err_deg: 9.862
Epoch: [0/25], Batch: 420/2963, Loss: 2332.406, Trans_L2_m: 15.416, Yaw_err_deg: 9.252
Epoch: [0/25], Batch: 430/2963, Loss: 2416.419, Trans_L2_m: 14.046, Yaw_err_deg: 11.074
Epoch: [0/25], Batch: 440/2963, Loss: 2654.001, Trans_L2_m: 17.606, Yaw_err_deg: 9.385
Epoch: [0/25], Batch: 450/2963, Loss: 2093.111, Trans_L2_m: 13.180, Yaw_err_deg: 9.627
Epoch: [0/25], Batch: 460/2963, Loss: 2470.921, Trans_L2_m: 14.669, Yaw_err_deg: 10.976
Epoch: [0/25], Batch: 470/2963, Loss: 2118.880, Trans_L2_m: 12.783, Yaw_err_deg: 10.417
Epoch: [0/25], Batch: 480/2963, Loss: 2825.366, Trans_L2_m: 15.404, Yaw_err_deg: 12.516
Epoch: [0/25], Batch: 490/2963, Loss: 2329.963, Trans_L2_m: 15.450, Yaw_err_deg: 9.018
Epoch: [0/25], Batch: 500/2963, Loss: 2322.698, Trans_L2_m: 13.946, Yaw_err_deg: 10.506
Epoch: [0/25], Batch: 510/2963, Loss: 2416.392, Trans_L2_m: 13.457, Yaw_err_deg: 11.799
Epoch: [0/25], Batch: 520/2963, Loss: 2306.845, Trans_L2_m: 14.217, Yaw_err_deg: 10.313
Epoch: [0/25], Batch: 530/2963, Loss: 1925.146, Trans_L2_m: 11.421, Yaw_err_deg: 9.409
Epoch: [0/25], Batch: 540/2963, Loss: 2211.305, Trans_L2_m: 13.509, Yaw_err_deg: 10.306
Epoch: [0/25], Batch: 550/2963, Loss: 2808.458, Trans_L2_m: 13.811, Yaw_err_deg: 12.557
Epoch: [0/25], Batch: 560/2963, Loss: 2013.337, Trans_L2_m: 12.874, Yaw_err_deg: 7.981
Epoch: [0/25], Batch: 570/2963, Loss: 2157.044, Trans_L2_m: 14.274, Yaw_err_deg: 8.623
Epoch: [0/25], Batch: 580/2963, Loss: 2493.933, Trans_L2_m: 14.248, Yaw_err_deg: 10.423
Epoch: [0/25], Batch: 590/2963, Loss: 1917.958, Trans_L2_m: 11.214, Yaw_err_deg: 10.186
Epoch: [0/25], Batch: 600/2963, Loss: 2566.973, Trans_L2_m: 14.413, Yaw_err_deg: 11.681
Epoch: [0/25], Batch: 610/2963, Loss: 1898.490, Trans_L2_m: 10.779, Yaw_err_deg: 11.604
Epoch: [0/25], Batch: 620/2963, Loss: 2028.020, Trans_L2_m: 10.740, Yaw_err_deg: 11.015
Epoch: [0/25], Batch: 630/2963, Loss: 2031.658, Trans_L2_m: 11.831, Yaw_err_deg: 10.396
Epoch: [0/25], Batch: 640/2963, Loss: 1975.789, Trans_L2_m: 14.359, Yaw_err_deg: 6.714
Epoch: [0/25], Batch: 650/2963, Loss: 1856.890, Trans_L2_m: 9.586, Yaw_err_deg: 10.973
Epoch: [0/25], Batch: 660/2963, Loss: 2216.070, Trans_L2_m: 11.820, Yaw_err_deg: 11.205
Epoch: [0/25], Batch: 670/2963, Loss: 2176.858, Trans_L2_m: 13.788, Yaw_err_deg: 9.161
Epoch: [0/25], Batch: 680/2963, Loss: 1692.856, Trans_L2_m: 10.631, Yaw_err_deg: 8.354
Epoch: [0/25], Batch: 690/2963, Loss: 2343.948, Trans_L2_m: 14.801, Yaw_err_deg: 9.846
Epoch: [0/25], Batch: 700/2963, Loss: 2170.101, Trans_L2_m: 11.368, Yaw_err_deg: 10.931
Epoch: [0/25], Batch: 710/2963, Loss: 2417.046, Trans_L2_m: 13.171, Yaw_err_deg: 11.869
Epoch: [0/25], Batch: 720/2963, Loss: 2233.369, Trans_L2_m: 12.086, Yaw_err_deg: 11.790
Epoch: [0/25], Batch: 730/2963, Loss: 1802.810, Trans_L2_m: 11.173, Yaw_err_deg: 10.161
Epoch: [0/25], Batch: 740/2963, Loss: 1706.780, Trans_L2_m: 8.269, Yaw_err_deg: 11.393
Epoch: [0/25], Batch: 750/2963, Loss: 1921.378, Trans_L2_m: 12.322, Yaw_err_deg: 9.588
Epoch: [0/25], Batch: 760/2963, Loss: 2010.966, Trans_L2_m: 12.712, Yaw_err_deg: 9.157
Epoch: [0/25], Batch: 770/2963, Loss: 2372.823, Trans_L2_m: 13.852, Yaw_err_deg: 9.565
Epoch: [0/25], Batch: 780/2963, Loss: 1966.468, Trans_L2_m: 11.529, Yaw_err_deg: 10.322
Epoch: [0/25], Batch: 790/2963, Loss: 1945.161, Trans_L2_m: 12.234, Yaw_err_deg: 9.648
Epoch: [0/25], Batch: 800/2963, Loss: 2691.475, Trans_L2_m: 12.067, Yaw_err_deg: 13.671
Epoch: [0/25], Batch: 810/2963, Loss: 2074.778, Trans_L2_m: 14.602, Yaw_err_deg: 8.830
Epoch: [0/25], Batch: 820/2963, Loss: 1772.629, Trans_L2_m: 10.796, Yaw_err_deg: 10.062
Epoch: [0/25], Batch: 830/2963, Loss: 2055.525, Trans_L2_m: 13.425, Yaw_err_deg: 8.756
Epoch: [0/25], Batch: 840/2963, Loss: 2283.533, Trans_L2_m: 12.143, Yaw_err_deg: 12.169
Epoch: [0/25], Batch: 850/2963, Loss: 2180.806, Trans_L2_m: 12.442, Yaw_err_deg: 11.354
Epoch: [0/25], Batch: 860/2963, Loss: 2203.435, Trans_L2_m: 14.705, Yaw_err_deg: 9.953
Epoch: [0/25], Batch: 870/2963, Loss: 1694.533, Trans_L2_m: 9.813, Yaw_err_deg: 10.146
Epoch: [0/25], Batch: 880/2963, Loss: 1705.566, Trans_L2_m: 11.934, Yaw_err_deg: 6.898
Epoch: [0/25], Batch: 890/2963, Loss: 2128.201, Trans_L2_m: 13.726, Yaw_err_deg: 9.889
Epoch: [0/25], Batch: 900/2963, Loss: 2092.521, Trans_L2_m: 9.488, Yaw_err_deg: 12.950
Epoch: [0/25], Batch: 910/2963, Loss: 1991.981, Trans_L2_m: 11.960, Yaw_err_deg: 9.603
Epoch: [0/25], Batch: 920/2963, Loss: 1764.957, Trans_L2_m: 10.196, Yaw_err_deg: 10.365
Epoch: [0/25], Batch: 930/2963, Loss: 2407.067, Trans_L2_m: 13.245, Yaw_err_deg: 12.278
Epoch: [0/25], Batch: 940/2963, Loss: 2020.453, Trans_L2_m: 13.161, Yaw_err_deg: 8.916
Epoch: [0/25], Batch: 950/2963, Loss: 1841.798, Trans_L2_m: 12.237, Yaw_err_deg: 7.484
Epoch: [0/25], Batch: 960/2963, Loss: 2059.840, Trans_L2_m: 9.489, Yaw_err_deg: 11.533
Epoch: [0/25], Batch: 970/2963, Loss: 2322.654, Trans_L2_m: 13.671, Yaw_err_deg: 10.161
Epoch: [0/25], Batch: 980/2963, Loss: 1914.814, Trans_L2_m: 14.090, Yaw_err_deg: 7.193
Epoch: [0/25], Batch: 990/2963, Loss: 1934.440, Trans_L2_m: 11.203, Yaw_err_deg: 9.708
Epoch: [0/25], Batch: 1000/2963, Loss: 2099.096, Trans_L2_m: 13.362, Yaw_err_deg: 9.316
Epoch: [0/25], Batch: 1010/2963, Loss: 2006.415, Trans_L2_m: 12.547, Yaw_err_deg: 10.048
Epoch: [0/25], Batch: 1020/2963, Loss: 2013.179, Trans_L2_m: 11.177, Yaw_err_deg: 10.603
Epoch: [0/25], Batch: 1030/2963, Loss: 2020.843, Trans_L2_m: 14.866, Yaw_err_deg: 7.319
Epoch: [0/25], Batch: 1040/2963, Loss: 1794.570, Trans_L2_m: 11.455, Yaw_err_deg: 8.785
Epoch: [0/25], Batch: 1050/2963, Loss: 2324.968, Trans_L2_m: 14.698, Yaw_err_deg: 10.500
Epoch: [0/25], Batch: 1060/2963, Loss: 1764.648, Trans_L2_m: 11.697, Yaw_err_deg: 7.256
Epoch: [0/25], Batch: 1070/2963, Loss: 2155.581, Trans_L2_m: 12.574, Yaw_err_deg: 10.437
Epoch: [0/25], Batch: 1080/2963, Loss: 1800.975, Trans_L2_m: 11.928, Yaw_err_deg: 8.460
Epoch: [0/25], Batch: 1090/2963, Loss: 2153.287, Trans_L2_m: 11.168, Yaw_err_deg: 11.414
Epoch: [0/25], Batch: 1100/2963, Loss: 1852.127, Trans_L2_m: 11.684, Yaw_err_deg: 8.038
Epoch: [0/25], Batch: 1110/2963, Loss: 1829.462, Trans_L2_m: 11.441, Yaw_err_deg: 9.889
Epoch: [0/25], Batch: 1120/2963, Loss: 2245.818, Trans_L2_m: 13.301, Yaw_err_deg: 9.343
Epoch: [0/25], Batch: 1130/2963, Loss: 1912.672, Trans_L2_m: 10.266, Yaw_err_deg: 10.837
Epoch: [0/25], Batch: 1140/2963, Loss: 1590.900, Trans_L2_m: 9.657, Yaw_err_deg: 8.676
Epoch: [0/25], Batch: 1150/2963, Loss: 1982.096, Trans_L2_m: 12.284, Yaw_err_deg: 8.555
Epoch: [0/25], Batch: 1160/2963, Loss: 1546.438, Trans_L2_m: 7.980, Yaw_err_deg: 9.017
Epoch: [0/25], Batch: 1170/2963, Loss: 2225.699, Trans_L2_m: 12.668, Yaw_err_deg: 10.174
Epoch: [0/25], Batch: 1180/2963, Loss: 1918.152, Trans_L2_m: 11.595, Yaw_err_deg: 10.121
Epoch: [0/25], Batch: 1190/2963, Loss: 1203.394, Trans_L2_m: 9.476, Yaw_err_deg: 4.870
Epoch: [0/25], Batch: 1200/2963, Loss: 1980.200, Trans_L2_m: 10.766, Yaw_err_deg: 11.335
Epoch: [0/25], Batch: 1210/2963, Loss: 1952.152, Trans_L2_m: 11.697, Yaw_err_deg: 8.988
Epoch: [0/25], Batch: 1220/2963, Loss: 1625.290, Trans_L2_m: 10.361, Yaw_err_deg: 9.078
Epoch: [0/25], Batch: 1230/2963, Loss: 1672.951, Trans_L2_m: 10.932, Yaw_err_deg: 7.472
Epoch: [0/25], Batch: 1240/2963, Loss: 1924.386, Trans_L2_m: 12.147, Yaw_err_deg: 8.461
Epoch: [0/25], Batch: 1250/2963, Loss: 1652.896, Trans_L2_m: 10.511, Yaw_err_deg: 8.593
Epoch: [0/25], Batch: 1260/2963, Loss: 1831.451, Trans_L2_m: 9.413, Yaw_err_deg: 10.867
Epoch: [0/25], Batch: 1270/2963, Loss: 1760.165, Trans_L2_m: 9.421, Yaw_err_deg: 9.755
Epoch: [0/25], Batch: 1280/2963, Loss: 2270.280, Trans_L2_m: 13.900, Yaw_err_deg: 8.637
Epoch: [0/25], Batch: 1290/2963, Loss: 2052.570, Trans_L2_m: 14.829, Yaw_err_deg: 7.411
Epoch: [0/25], Batch: 1300/2963, Loss: 1979.565, Trans_L2_m: 13.381, Yaw_err_deg: 8.759
Epoch: [0/25], Batch: 1310/2963, Loss: 1413.022, Trans_L2_m: 10.168, Yaw_err_deg: 7.863
Epoch: [0/25], Batch: 1320/2963, Loss: 1543.969, Trans_L2_m: 9.516, Yaw_err_deg: 8.334
Epoch: [0/25], Batch: 1330/2963, Loss: 2105.086, Trans_L2_m: 11.954, Yaw_err_deg: 10.614
Epoch: [0/25], Batch: 1340/2963, Loss: 1895.722, Trans_L2_m: 13.330, Yaw_err_deg: 8.263
Epoch: [0/25], Batch: 1350/2963, Loss: 1397.791, Trans_L2_m: 9.070, Yaw_err_deg: 6.810
Epoch: [0/25], Batch: 1360/2963, Loss: 1964.056, Trans_L2_m: 13.315, Yaw_err_deg: 7.802
Epoch: [0/25], Batch: 1370/2963, Loss: 1513.736, Trans_L2_m: 9.651, Yaw_err_deg: 8.745
Epoch: [0/25], Batch: 1380/2963, Loss: 1339.501, Trans_L2_m: 10.044, Yaw_err_deg: 6.452
Epoch: [0/25], Batch: 1390/2963, Loss: 1892.579, Trans_L2_m: 11.276, Yaw_err_deg: 10.462
Epoch: [0/25], Batch: 1400/2963, Loss: 1470.734, Trans_L2_m: 9.387, Yaw_err_deg: 7.394
Epoch: [0/25], Batch: 1410/2963, Loss: 1497.196, Trans_L2_m: 10.828, Yaw_err_deg: 7.469
Epoch: [0/25], Batch: 1420/2963, Loss: 1396.559, Trans_L2_m: 10.468, Yaw_err_deg: 7.622
Epoch: [0/25], Batch: 1430/2963, Loss: 1840.287, Trans_L2_m: 11.042, Yaw_err_deg: 9.361
Epoch: [0/25], Batch: 1440/2963, Loss: 1679.618, Trans_L2_m: 12.889, Yaw_err_deg: 5.163
Epoch: [0/25], Batch: 1450/2963, Loss: 1928.843, Trans_L2_m: 12.092, Yaw_err_deg: 6.745
Epoch: [0/25], Batch: 1460/2963, Loss: 1298.667, Trans_L2_m: 8.192, Yaw_err_deg: 7.089
Epoch: [0/25], Batch: 1470/2963, Loss: 1770.809, Trans_L2_m: 9.595, Yaw_err_deg: 9.956
Epoch: [0/25], Batch: 1480/2963, Loss: 2018.168, Trans_L2_m: 12.288, Yaw_err_deg: 10.009
Epoch: [0/25], Batch: 1490/2963, Loss: 1533.489, Trans_L2_m: 9.836, Yaw_err_deg: 8.095
Epoch: [0/25], Batch: 1500/2963, Loss: 1765.870, Trans_L2_m: 11.850, Yaw_err_deg: 7.722
Epoch: [0/25], Batch: 1510/2963, Loss: 1723.971, Trans_L2_m: 11.896, Yaw_err_deg: 6.850
Epoch: [0/25], Batch: 1520/2963, Loss: 1741.482, Trans_L2_m: 12.126, Yaw_err_deg: 6.540
Epoch: [0/25], Batch: 1530/2963, Loss: 1463.883, Trans_L2_m: 10.003, Yaw_err_deg: 6.374
Epoch: [0/25], Batch: 1540/2963, Loss: 1622.855, Trans_L2_m: 10.835, Yaw_err_deg: 7.235
Epoch: [0/25], Batch: 1550/2963, Loss: 1864.885, Trans_L2_m: 11.162, Yaw_err_deg: 9.231
Epoch: [0/25], Batch: 1560/2963, Loss: 1162.742, Trans_L2_m: 8.567, Yaw_err_deg: 6.960
Epoch: [0/25], Batch: 1570/2963, Loss: 1394.680, Trans_L2_m: 9.203, Yaw_err_deg: 8.530
Epoch: [0/25], Batch: 1580/2963, Loss: 1590.810, Trans_L2_m: 9.652, Yaw_err_deg: 7.985
Epoch: [0/25], Batch: 1590/2963, Loss: 1683.586, Trans_L2_m: 9.721, Yaw_err_deg: 7.678
Epoch: [0/25], Batch: 1600/2963, Loss: 1878.906, Trans_L2_m: 12.973, Yaw_err_deg: 7.474
Epoch: [0/25], Batch: 1610/2963, Loss: 1606.772, Trans_L2_m: 10.484, Yaw_err_deg: 5.990
Epoch: [0/25], Batch: 1620/2963, Loss: 1852.373, Trans_L2_m: 13.489, Yaw_err_deg: 5.757
Epoch: [0/25], Batch: 1630/2963, Loss: 1633.634, Trans_L2_m: 10.587, Yaw_err_deg: 7.428
Epoch: [0/25], Batch: 1640/2963, Loss: 1731.287, Trans_L2_m: 10.971, Yaw_err_deg: 8.840
Epoch: [0/25], Batch: 1650/2963, Loss: 1574.508, Trans_L2_m: 10.155, Yaw_err_deg: 6.874
Epoch: [0/25], Batch: 1660/2963, Loss: 1460.548, Trans_L2_m: 10.633, Yaw_err_deg: 6.229
Epoch: [0/25], Batch: 1670/2963, Loss: 2107.782, Trans_L2_m: 12.866, Yaw_err_deg: 7.099
Epoch: [0/25], Batch: 1680/2963, Loss: 1925.262, Trans_L2_m: 11.183, Yaw_err_deg: 9.019
Epoch: [0/25], Batch: 1690/2963, Loss: 1892.024, Trans_L2_m: 11.783, Yaw_err_deg: 7.718
Epoch: [0/25], Batch: 1700/2963, Loss: 1571.326, Trans_L2_m: 11.897, Yaw_err_deg: 5.808
Epoch: [0/25], Batch: 1710/2963, Loss: 1612.648, Trans_L2_m: 12.852, Yaw_err_deg: 4.440
Epoch: [0/25], Batch: 1720/2963, Loss: 1200.798, Trans_L2_m: 11.097, Yaw_err_deg: 5.049
Epoch: [0/25], Batch: 1730/2963, Loss: 1646.825, Trans_L2_m: 11.683, Yaw_err_deg: 4.903
Epoch: [0/25], Batch: 1740/2963, Loss: 1694.016, Trans_L2_m: 12.742, Yaw_err_deg: 5.443
Epoch: [0/25], Batch: 1750/2963, Loss: 1418.258, Trans_L2_m: 10.181, Yaw_err_deg: 6.723
Epoch: [0/25], Batch: 1760/2963, Loss: 1570.446, Trans_L2_m: 10.806, Yaw_err_deg: 6.767
Epoch: [0/25], Batch: 1770/2963, Loss: 1562.261, Trans_L2_m: 10.424, Yaw_err_deg: 8.381
Epoch: [0/25], Batch: 1780/2963, Loss: 1526.355, Trans_L2_m: 11.063, Yaw_err_deg: 5.776
Epoch: [0/25], Batch: 1790/2963, Loss: 2070.306, Trans_L2_m: 13.631, Yaw_err_deg: 8.463
Epoch: [0/25], Batch: 1800/2963, Loss: 1650.898, Trans_L2_m: 12.281, Yaw_err_deg: 7.010
Epoch: [0/25], Batch: 1810/2963, Loss: 1544.230, Trans_L2_m: 12.690, Yaw_err_deg: 3.048
Epoch: [0/25], Batch: 1820/2963, Loss: 1843.118, Trans_L2_m: 13.653, Yaw_err_deg: 5.056
Epoch: [0/25], Batch: 1830/2963, Loss: 1575.841, Trans_L2_m: 10.714, Yaw_err_deg: 5.812
Epoch: [0/25], Batch: 1840/2963, Loss: 1348.129, Trans_L2_m: 10.437, Yaw_err_deg: 7.104
Epoch: [0/25], Batch: 1850/2963, Loss: 1987.076, Trans_L2_m: 11.789, Yaw_err_deg: 8.465
Epoch: [0/25], Batch: 1860/2963, Loss: 1357.719, Trans_L2_m: 10.450, Yaw_err_deg: 4.620
Epoch: [0/25], Batch: 1870/2963, Loss: 1472.090, Trans_L2_m: 10.785, Yaw_err_deg: 6.137
Epoch: [0/25], Batch: 1880/2963, Loss: 1609.978, Trans_L2_m: 11.953, Yaw_err_deg: 6.633
Epoch: [0/25], Batch: 1890/2963, Loss: 1591.997, Trans_L2_m: 13.009, Yaw_err_deg: 5.753
Epoch: [0/25], Batch: 1900/2963, Loss: 2097.807, Trans_L2_m: 13.096, Yaw_err_deg: 7.713
Epoch: [0/25], Batch: 1910/2963, Loss: 1357.083, Trans_L2_m: 9.211, Yaw_err_deg: 6.062
Epoch: [0/25], Batch: 1920/2963, Loss: 1513.606, Trans_L2_m: 10.441, Yaw_err_deg: 5.978
Epoch: [0/25], Batch: 1930/2963, Loss: 1858.524, Trans_L2_m: 12.096, Yaw_err_deg: 6.917
Epoch: [0/25], Batch: 1940/2963, Loss: 1986.125, Trans_L2_m: 14.168, Yaw_err_deg: 6.418
Epoch: [0/25], Batch: 1950/2963, Loss: 1203.554, Trans_L2_m: 9.644, Yaw_err_deg: 5.562
Epoch: [0/25], Batch: 1960/2963, Loss: 1211.951, Trans_L2_m: 8.480, Yaw_err_deg: 5.626
Epoch: [0/25], Batch: 1970/2963, Loss: 1206.286, Trans_L2_m: 9.477, Yaw_err_deg: 3.480
Epoch: [0/25], Batch: 1980/2963, Loss: 1416.017, Trans_L2_m: 9.577, Yaw_err_deg: 6.601
Epoch: [0/25], Batch: 1990/2963, Loss: 1313.797, Trans_L2_m: 9.242, Yaw_err_deg: 5.793
Epoch: [0/25], Batch: 2000/2963, Loss: 1274.939, Trans_L2_m: 10.707, Yaw_err_deg: 4.550
Epoch: [0/25], Batch: 2010/2963, Loss: 1808.573, Trans_L2_m: 11.498, Yaw_err_deg: 6.583
Epoch: [0/25], Batch: 2020/2963, Loss: 1464.901, Trans_L2_m: 12.737, Yaw_err_deg: 4.749
Epoch: [0/25], Batch: 2030/2963, Loss: 1298.833, Trans_L2_m: 9.766, Yaw_err_deg: 5.878
Epoch: [0/25], Batch: 2040/2963, Loss: 1586.314, Trans_L2_m: 13.050, Yaw_err_deg: 4.806
Epoch: [0/25], Batch: 2050/2963, Loss: 2175.612, Trans_L2_m: 14.965, Yaw_err_deg: 5.662
Epoch: [0/25], Batch: 2060/2963, Loss: 1508.638, Trans_L2_m: 12.024, Yaw_err_deg: 4.492
Epoch: [0/25], Batch: 2070/2963, Loss: 1215.544, Trans_L2_m: 9.852, Yaw_err_deg: 4.273
Epoch: [0/25], Batch: 2080/2963, Loss: 1779.884, Trans_L2_m: 10.531, Yaw_err_deg: 9.158
Epoch: [0/25], Batch: 2090/2963, Loss: 1888.285, Trans_L2_m: 13.036, Yaw_err_deg: 4.603
Epoch: [0/25], Batch: 2100/2963, Loss: 1776.556, Trans_L2_m: 10.934, Yaw_err_deg: 6.361
Epoch: [0/25], Batch: 2110/2963, Loss: 1463.244, Trans_L2_m: 10.890, Yaw_err_deg: 6.374
Epoch: [0/25], Batch: 2120/2963, Loss: 1015.008, Trans_L2_m: 9.353, Yaw_err_deg: 3.059
Epoch: [0/25], Batch: 2130/2963, Loss: 1016.658, Trans_L2_m: 8.259, Yaw_err_deg: 6.148
Epoch: [0/25], Batch: 2140/2963, Loss: 1609.547, Trans_L2_m: 12.615, Yaw_err_deg: 4.560
Epoch: [0/25], Batch: 2150/2963, Loss: 1548.447, Trans_L2_m: 10.758, Yaw_err_deg: 5.173
Epoch: [0/25], Batch: 2160/2963, Loss: 1402.877, Trans_L2_m: 9.641, Yaw_err_deg: 5.297
Epoch: [0/25], Batch: 2170/2963, Loss: 1396.347, Trans_L2_m: 11.204, Yaw_err_deg: 5.092
Epoch: [0/25], Batch: 2180/2963, Loss: 1468.705, Trans_L2_m: 11.486, Yaw_err_deg: 5.101
Epoch: [0/25], Batch: 2190/2963, Loss: 1716.212, Trans_L2_m: 12.329, Yaw_err_deg: 6.513
Epoch: [0/25], Batch: 2200/2963, Loss: 1650.090, Trans_L2_m: 9.987, Yaw_err_deg: 5.923
Epoch: [0/25], Batch: 2210/2963, Loss: 1687.733, Trans_L2_m: 11.903, Yaw_err_deg: 6.611
Epoch: [0/25], Batch: 2220/2963, Loss: 1134.275, Trans_L2_m: 7.854, Yaw_err_deg: 6.619
Epoch: [0/25], Batch: 2230/2963, Loss: 1192.426, Trans_L2_m: 9.137, Yaw_err_deg: 6.101
Epoch: [0/25], Batch: 2240/2963, Loss: 1390.149, Trans_L2_m: 10.225, Yaw_err_deg: 5.479
Epoch: [0/25], Batch: 2250/2963, Loss: 1648.587, Trans_L2_m: 11.291, Yaw_err_deg: 6.708
Epoch: [0/25], Batch: 2260/2963, Loss: 1270.197, Trans_L2_m: 9.427, Yaw_err_deg: 5.156
Epoch: [0/25], Batch: 2270/2963, Loss: 1373.928, Trans_L2_m: 8.801, Yaw_err_deg: 6.139
Epoch: [0/25], Batch: 2280/2963, Loss: 1440.083, Trans_L2_m: 12.436, Yaw_err_deg: 3.976
Epoch: [0/25], Batch: 2290/2963, Loss: 1559.282, Trans_L2_m: 12.744, Yaw_err_deg: 4.442
Epoch: [0/25], Batch: 2300/2963, Loss: 1157.705, Trans_L2_m: 9.857, Yaw_err_deg: 2.802
Epoch: [0/25], Batch: 2310/2963, Loss: 1395.167, Trans_L2_m: 9.900, Yaw_err_deg: 5.157
Epoch: [0/25], Batch: 2320/2963, Loss: 1388.069, Trans_L2_m: 10.914, Yaw_err_deg: 5.552
Epoch: [0/25], Batch: 2330/2963, Loss: 1710.476, Trans_L2_m: 11.267, Yaw_err_deg: 6.858
Epoch: [0/25], Batch: 2340/2963, Loss: 1054.696, Trans_L2_m: 8.123, Yaw_err_deg: 5.030
Epoch: [0/25], Batch: 2350/2963, Loss: 1263.666, Trans_L2_m: 9.796, Yaw_err_deg: 4.698
Epoch: [0/25], Batch: 2360/2963, Loss: 1377.155, Trans_L2_m: 8.978, Yaw_err_deg: 5.274
Epoch: [0/25], Batch: 2370/2963, Loss: 1270.847, Trans_L2_m: 9.330, Yaw_err_deg: 6.647
Epoch: [0/25], Batch: 2380/2963, Loss: 1453.023, Trans_L2_m: 10.130, Yaw_err_deg: 6.568
Epoch: [0/25], Batch: 2390/2963, Loss: 1597.054, Trans_L2_m: 10.732, Yaw_err_deg: 6.483
Epoch: [0/25], Batch: 2400/2963, Loss: 1406.085, Trans_L2_m: 11.977, Yaw_err_deg: 6.380
Epoch: [0/25], Batch: 2410/2963, Loss: 1087.540, Trans_L2_m: 8.494, Yaw_err_deg: 3.367
Epoch: [0/25], Batch: 2420/2963, Loss: 1887.773, Trans_L2_m: 12.784, Yaw_err_deg: 7.626
Epoch: [0/25], Batch: 2430/2963, Loss: 1255.863, Trans_L2_m: 9.618, Yaw_err_deg: 3.941
Epoch: [0/25], Batch: 2440/2963, Loss: 2024.938, Trans_L2_m: 15.267, Yaw_err_deg: 4.050
Epoch: [0/25], Batch: 2450/2963, Loss: 1244.049, Trans_L2_m: 10.344, Yaw_err_deg: 4.785
Epoch: [0/25], Batch: 2460/2963, Loss: 1509.160, Trans_L2_m: 11.583, Yaw_err_deg: 4.352
Epoch: [0/25], Batch: 2470/2963, Loss: 1064.426, Trans_L2_m: 8.946, Yaw_err_deg: 3.852
Epoch: [0/25], Batch: 2480/2963, Loss: 1464.996, Trans_L2_m: 11.640, Yaw_err_deg: 5.939
Epoch: [0/25], Batch: 2490/2963, Loss: 1535.023, Trans_L2_m: 12.941, Yaw_err_deg: 3.940
Epoch: [0/25], Batch: 2500/2963, Loss: 1238.957, Trans_L2_m: 9.668, Yaw_err_deg: 5.420
Epoch: [0/25], Batch: 2510/2963, Loss: 1173.844, Trans_L2_m: 8.622, Yaw_err_deg: 4.244
Epoch: [0/25], Batch: 2520/2963, Loss: 1404.633, Trans_L2_m: 9.969, Yaw_err_deg: 3.805
Epoch: [0/25], Batch: 2530/2963, Loss: 1437.929, Trans_L2_m: 11.821, Yaw_err_deg: 4.227
Epoch: [0/25], Batch: 2540/2963, Loss: 1482.953, Trans_L2_m: 11.961, Yaw_err_deg: 5.149
Epoch: [0/25], Batch: 2550/2963, Loss: 890.134, Trans_L2_m: 7.078, Yaw_err_deg: 5.782
Epoch: [0/25], Batch: 2560/2963, Loss: 1430.073, Trans_L2_m: 10.958, Yaw_err_deg: 4.771
Epoch: [0/25], Batch: 2570/2963, Loss: 1151.199, Trans_L2_m: 9.345, Yaw_err_deg: 4.545
Epoch: [0/25], Batch: 2580/2963, Loss: 1504.809, Trans_L2_m: 12.543, Yaw_err_deg: 5.336
Epoch: [0/25], Batch: 2590/2963, Loss: 943.076, Trans_L2_m: 8.463, Yaw_err_deg: 2.595
Epoch: [0/25], Batch: 2600/2963, Loss: 1707.747, Trans_L2_m: 11.117, Yaw_err_deg: 5.825
Epoch: [0/25], Batch: 2610/2963, Loss: 1285.398, Trans_L2_m: 10.439, Yaw_err_deg: 4.058
Epoch: [0/25], Batch: 2620/2963, Loss: 1377.827, Trans_L2_m: 10.781, Yaw_err_deg: 4.724
Epoch: [0/25], Batch: 2630/2963, Loss: 1022.695, Trans_L2_m: 10.004, Yaw_err_deg: 3.077
Epoch: [0/25], Batch: 2640/2963, Loss: 1423.693, Trans_L2_m: 10.519, Yaw_err_deg: 6.025
Epoch: [0/25], Batch: 2650/2963, Loss: 1507.554, Trans_L2_m: 12.002, Yaw_err_deg: 3.642
Epoch: [0/25], Batch: 2660/2963, Loss: 1285.917, Trans_L2_m: 10.125, Yaw_err_deg: 4.863
Epoch: [0/25], Batch: 2670/2963, Loss: 1669.749, Trans_L2_m: 12.708, Yaw_err_deg: 5.954
Epoch: [0/25], Batch: 2680/2963, Loss: 1338.594, Trans_L2_m: 10.658, Yaw_err_deg: 5.769
Epoch: [0/25], Batch: 2690/2963, Loss: 1255.266, Trans_L2_m: 10.990, Yaw_err_deg: 3.030
Epoch: [0/25], Batch: 2700/2963, Loss: 997.010, Trans_L2_m: 7.524, Yaw_err_deg: 3.939
Epoch: [0/25], Batch: 2710/2963, Loss: 1658.764, Trans_L2_m: 13.224, Yaw_err_deg: 5.839
Epoch: [0/25], Batch: 2720/2963, Loss: 1525.042, Trans_L2_m: 10.467, Yaw_err_deg: 7.194
Epoch: [0/25], Batch: 2730/2963, Loss: 1458.325, Trans_L2_m: 10.948, Yaw_err_deg: 4.541
Epoch: [0/25], Batch: 2740/2963, Loss: 1573.516, Trans_L2_m: 12.818, Yaw_err_deg: 4.180
Epoch: [0/25], Batch: 2750/2963, Loss: 1173.690, Trans_L2_m: 7.722, Yaw_err_deg: 6.045
Epoch: [0/25], Batch: 2760/2963, Loss: 1654.727, Trans_L2_m: 11.144, Yaw_err_deg: 7.723
Epoch: [0/25], Batch: 2770/2963, Loss: 1428.226, Trans_L2_m: 12.760, Yaw_err_deg: 4.291
Epoch: [0/25], Batch: 2780/2963, Loss: 1303.617, Trans_L2_m: 11.547, Yaw_err_deg: 3.427
Epoch: [0/25], Batch: 2790/2963, Loss: 1559.055, Trans_L2_m: 11.695, Yaw_err_deg: 5.689
Epoch: [0/25], Batch: 2800/2963, Loss: 1610.881, Trans_L2_m: 12.176, Yaw_err_deg: 4.954
Epoch: [0/25], Batch: 2810/2963, Loss: 1274.035, Trans_L2_m: 10.989, Yaw_err_deg: 3.713
Epoch: [0/25], Batch: 2820/2963, Loss: 1949.525, Trans_L2_m: 12.187, Yaw_err_deg: 7.481
Epoch: [0/25], Batch: 2830/2963, Loss: 1094.896, Trans_L2_m: 9.952, Yaw_err_deg: 4.553
Epoch: [0/25], Batch: 2840/2963, Loss: 1050.882, Trans_L2_m: 9.678, Yaw_err_deg: 5.535
Epoch: [0/25], Batch: 2850/2963, Loss: 1402.142, Trans_L2_m: 10.259, Yaw_err_deg: 6.133
Epoch: [0/25], Batch: 2860/2963, Loss: 1796.136, Trans_L2_m: 11.079, Yaw_err_deg: 8.262
Epoch: [0/25], Batch: 2870/2963, Loss: 996.647, Trans_L2_m: 8.560, Yaw_err_deg: 4.068
Epoch: [0/25], Batch: 2880/2963, Loss: 1590.614, Trans_L2_m: 13.293, Yaw_err_deg: 6.009
Epoch: [0/25], Batch: 2890/2963, Loss: 1403.408, Trans_L2_m: 10.494, Yaw_err_deg: 4.093
Epoch: [0/25], Batch: 2900/2963, Loss: 1139.066, Trans_L2_m: 8.926, Yaw_err_deg: 4.511
Epoch: [0/25], Batch: 2910/2963, Loss: 1358.056, Trans_L2_m: 10.900, Yaw_err_deg: 3.893
Epoch: [0/25], Batch: 2920/2963, Loss: 1456.506, Trans_L2_m: 12.193, Yaw_err_deg: 3.503
Epoch: [0/25], Batch: 2930/2963, Loss: 1286.888, Trans_L2_m: 9.993, Yaw_err_deg: 4.769
Epoch: [0/25], Batch: 2940/2963, Loss: 727.644, Trans_L2_m: 7.061, Yaw_err_deg: 3.721
Epoch: [0/25], Batch: 2950/2963, Loss: 1698.393, Trans_L2_m: 12.993, Yaw_err_deg: 5.345
Epoch: [0/25], Batch: 2960/2963, Loss: 1220.405, Trans_L2_m: 10.289, Yaw_err_deg: 2.620
Validation loss (homography): 4670.9095
Avg batch time: 1141.03 ms, total: 370.642 s
[1;94mSave the best of 4670.90966796875, at checkpoints/2026_01_09_14_37_09_best_checkpoint_zod.pth[0m
Epoch: [1/25], Batch: 0/2963, Loss: 1130.955, Trans_L2_m: 9.941, Yaw_err_deg: 4.165
Epoch: [1/25], Batch: 10/2963, Loss: 1157.608, Trans_L2_m: 10.868, Yaw_err_deg: 4.418
Epoch: [1/25], Batch: 20/2963, Loss: 1354.835, Trans_L2_m: 10.354, Yaw_err_deg: 6.612
Epoch: [1/25], Batch: 30/2963, Loss: 1269.608, Trans_L2_m: 9.775, Yaw_err_deg: 4.314
Epoch: [1/25], Batch: 40/2963, Loss: 1369.183, Trans_L2_m: 10.853, Yaw_err_deg: 4.866
Epoch: [1/25], Batch: 50/2963, Loss: 894.793, Trans_L2_m: 7.169, Yaw_err_deg: 3.616
Epoch: [1/25], Batch: 60/2963, Loss: 1440.390, Trans_L2_m: 9.671, Yaw_err_deg: 6.061
Epoch: [1/25], Batch: 70/2963, Loss: 1165.755, Trans_L2_m: 10.284, Yaw_err_deg: 3.686
Epoch: [1/25], Batch: 80/2963, Loss: 1536.461, Trans_L2_m: 11.544, Yaw_err_deg: 6.582
Epoch: [1/25], Batch: 90/2963, Loss: 1080.020, Trans_L2_m: 9.466, Yaw_err_deg: 3.689
Epoch: [1/25], Batch: 100/2963, Loss: 1249.215, Trans_L2_m: 8.992, Yaw_err_deg: 5.901
Epoch: [1/25], Batch: 110/2963, Loss: 874.029, Trans_L2_m: 7.935, Yaw_err_deg: 3.868
Epoch: [1/25], Batch: 120/2963, Loss: 1064.557, Trans_L2_m: 10.415, Yaw_err_deg: 3.501
Epoch: [1/25], Batch: 130/2963, Loss: 836.544, Trans_L2_m: 7.592, Yaw_err_deg: 4.342
Epoch: [1/25], Batch: 140/2963, Loss: 983.678, Trans_L2_m: 9.697, Yaw_err_deg: 4.485
Epoch: [1/25], Batch: 150/2963, Loss: 1109.126, Trans_L2_m: 9.238, Yaw_err_deg: 5.533
Epoch: [1/25], Batch: 160/2963, Loss: 1541.501, Trans_L2_m: 10.696, Yaw_err_deg: 7.029
Epoch: [1/25], Batch: 170/2963, Loss: 1318.969, Trans_L2_m: 10.618, Yaw_err_deg: 3.281
Epoch: [1/25], Batch: 180/2963, Loss: 1494.822, Trans_L2_m: 11.906, Yaw_err_deg: 3.935
Epoch: [1/25], Batch: 190/2963, Loss: 1123.135, Trans_L2_m: 10.086, Yaw_err_deg: 3.499
Epoch: [1/25], Batch: 200/2963, Loss: 1202.107, Trans_L2_m: 9.872, Yaw_err_deg: 3.230
Epoch: [1/25], Batch: 210/2963, Loss: 1309.805, Trans_L2_m: 10.931, Yaw_err_deg: 5.907
Epoch: [1/25], Batch: 220/2963, Loss: 1026.727, Trans_L2_m: 8.030, Yaw_err_deg: 6.165
Epoch: [1/25], Batch: 230/2963, Loss: 1234.081, Trans_L2_m: 11.356, Yaw_err_deg: 4.429
Epoch: [1/25], Batch: 240/2963, Loss: 1017.660, Trans_L2_m: 8.705, Yaw_err_deg: 4.625
Epoch: [1/25], Batch: 250/2963, Loss: 1175.040, Trans_L2_m: 10.290, Yaw_err_deg: 4.937
Epoch: [1/25], Batch: 260/2963, Loss: 1421.317, Trans_L2_m: 11.800, Yaw_err_deg: 5.324
Epoch: [1/25], Batch: 270/2963, Loss: 1115.883, Trans_L2_m: 9.405, Yaw_err_deg: 2.752
Epoch: [1/25], Batch: 280/2963, Loss: 1127.852, Trans_L2_m: 8.768, Yaw_err_deg: 3.365
Epoch: [1/25], Batch: 290/2963, Loss: 812.821, Trans_L2_m: 7.897, Yaw_err_deg: 5.224
Epoch: [1/25], Batch: 300/2963, Loss: 1100.119, Trans_L2_m: 9.868, Yaw_err_deg: 4.297
Epoch: [1/25], Batch: 310/2963, Loss: 1702.619, Trans_L2_m: 11.922, Yaw_err_deg: 7.195
Epoch: [1/25], Batch: 320/2963, Loss: 1546.279, Trans_L2_m: 12.976, Yaw_err_deg: 4.929
Epoch: [1/25], Batch: 330/2963, Loss: 1065.338, Trans_L2_m: 9.266, Yaw_err_deg: 4.347
Epoch: [1/25], Batch: 340/2963, Loss: 1059.093, Trans_L2_m: 8.574, Yaw_err_deg: 5.005
Epoch: [1/25], Batch: 350/2963, Loss: 1120.315, Trans_L2_m: 10.570, Yaw_err_deg: 3.703
Epoch: [1/25], Batch: 360/2963, Loss: 1165.274, Trans_L2_m: 10.248, Yaw_err_deg: 3.674
Epoch: [1/25], Batch: 370/2963, Loss: 1114.999, Trans_L2_m: 10.240, Yaw_err_deg: 4.991
Epoch: [1/25], Batch: 380/2963, Loss: 1666.340, Trans_L2_m: 12.891, Yaw_err_deg: 5.579
Epoch: [1/25], Batch: 390/2963, Loss: 1580.402, Trans_L2_m: 14.187, Yaw_err_deg: 3.327
Epoch: [1/25], Batch: 400/2963, Loss: 1325.439, Trans_L2_m: 10.900, Yaw_err_deg: 4.876
Epoch: [1/25], Batch: 410/2963, Loss: 1437.401, Trans_L2_m: 12.166, Yaw_err_deg: 2.955
Epoch: [1/25], Batch: 420/2963, Loss: 1045.706, Trans_L2_m: 9.185, Yaw_err_deg: 4.065
Epoch: [1/25], Batch: 430/2963, Loss: 1187.526, Trans_L2_m: 10.701, Yaw_err_deg: 3.105
Epoch: [1/25], Batch: 440/2963, Loss: 1323.511, Trans_L2_m: 7.581, Yaw_err_deg: 6.890
Epoch: [1/25], Batch: 450/2963, Loss: 1203.401, Trans_L2_m: 10.219, Yaw_err_deg: 5.307
Epoch: [1/25], Batch: 460/2963, Loss: 1835.809, Trans_L2_m: 12.097, Yaw_err_deg: 7.418
Epoch: [1/25], Batch: 470/2963, Loss: 855.779, Trans_L2_m: 8.465, Yaw_err_deg: 3.910
Epoch: [1/25], Batch: 480/2963, Loss: 1413.314, Trans_L2_m: 11.463, Yaw_err_deg: 4.567
Epoch: [1/25], Batch: 490/2963, Loss: 1041.743, Trans_L2_m: 8.318, Yaw_err_deg: 4.917
Epoch: [1/25], Batch: 500/2963, Loss: 1517.871, Trans_L2_m: 13.085, Yaw_err_deg: 5.670
Epoch: [1/25], Batch: 510/2963, Loss: 1424.862, Trans_L2_m: 10.322, Yaw_err_deg: 5.978
Epoch: [1/25], Batch: 520/2963, Loss: 964.029, Trans_L2_m: 8.546, Yaw_err_deg: 3.440
Epoch: [1/25], Batch: 530/2963, Loss: 1606.005, Trans_L2_m: 13.314, Yaw_err_deg: 4.864
Epoch: [1/25], Batch: 540/2963, Loss: 1550.591, Trans_L2_m: 10.809, Yaw_err_deg: 4.980
Epoch: [1/25], Batch: 550/2963, Loss: 1099.613, Trans_L2_m: 7.692, Yaw_err_deg: 3.876
Epoch: [1/25], Batch: 560/2963, Loss: 1955.795, Trans_L2_m: 12.362, Yaw_err_deg: 5.424
Epoch: [1/25], Batch: 570/2963, Loss: 1391.147, Trans_L2_m: 9.200, Yaw_err_deg: 7.018
Epoch: [1/25], Batch: 580/2963, Loss: 919.402, Trans_L2_m: 8.298, Yaw_err_deg: 5.322
Epoch: [1/25], Batch: 590/2963, Loss: 1419.088, Trans_L2_m: 10.284, Yaw_err_deg: 6.324
Epoch: [1/25], Batch: 600/2963, Loss: 1131.550, Trans_L2_m: 9.484, Yaw_err_deg: 5.072
Epoch: [1/25], Batch: 610/2963, Loss: 1220.168, Trans_L2_m: 9.655, Yaw_err_deg: 3.600
Epoch: [1/25], Batch: 620/2963, Loss: 977.759, Trans_L2_m: 8.813, Yaw_err_deg: 4.321
Epoch: [1/25], Batch: 630/2963, Loss: 1210.381, Trans_L2_m: 10.417, Yaw_err_deg: 5.953
Epoch: [1/25], Batch: 640/2963, Loss: 1512.147, Trans_L2_m: 12.908, Yaw_err_deg: 3.903
Epoch: [1/25], Batch: 650/2963, Loss: 1247.386, Trans_L2_m: 10.944, Yaw_err_deg: 5.862
Epoch: [1/25], Batch: 660/2963, Loss: 1316.076, Trans_L2_m: 10.175, Yaw_err_deg: 4.188
Epoch: [1/25], Batch: 670/2963, Loss: 1071.063, Trans_L2_m: 8.968, Yaw_err_deg: 5.329
Epoch: [1/25], Batch: 680/2963, Loss: 1195.590, Trans_L2_m: 10.966, Yaw_err_deg: 3.506
Epoch: [1/25], Batch: 690/2963, Loss: 936.667, Trans_L2_m: 8.029, Yaw_err_deg: 4.394
Epoch: [1/25], Batch: 700/2963, Loss: 1574.083, Trans_L2_m: 12.107, Yaw_err_deg: 5.293
Epoch: [1/25], Batch: 710/2963, Loss: 1014.348, Trans_L2_m: 8.791, Yaw_err_deg: 4.471
Epoch: [1/25], Batch: 720/2963, Loss: 1490.084, Trans_L2_m: 12.750, Yaw_err_deg: 2.852
Epoch: [1/25], Batch: 730/2963, Loss: 981.093, Trans_L2_m: 9.126, Yaw_err_deg: 5.850
Epoch: [1/25], Batch: 740/2963, Loss: 914.189, Trans_L2_m: 7.891, Yaw_err_deg: 4.635
Epoch: [1/25], Batch: 750/2963, Loss: 798.746, Trans_L2_m: 7.882, Yaw_err_deg: 2.619
Epoch: [1/25], Batch: 760/2963, Loss: 1491.137, Trans_L2_m: 12.104, Yaw_err_deg: 3.671
Epoch: [1/25], Batch: 770/2963, Loss: 1189.180, Trans_L2_m: 10.516, Yaw_err_deg: 5.479
Epoch: [1/25], Batch: 780/2963, Loss: 1188.791, Trans_L2_m: 9.175, Yaw_err_deg: 4.034
Epoch: [1/25], Batch: 790/2963, Loss: 1584.952, Trans_L2_m: 11.466, Yaw_err_deg: 4.562
Epoch: [1/25], Batch: 800/2963, Loss: 1041.521, Trans_L2_m: 10.258, Yaw_err_deg: 3.661
Epoch: [1/25], Batch: 810/2963, Loss: 905.224, Trans_L2_m: 9.476, Yaw_err_deg: 3.032
Epoch: [1/25], Batch: 820/2963, Loss: 1041.293, Trans_L2_m: 10.177, Yaw_err_deg: 4.563
Epoch: [1/25], Batch: 830/2963, Loss: 853.526, Trans_L2_m: 7.790, Yaw_err_deg: 3.348
Epoch: [1/25], Batch: 840/2963, Loss: 1089.985, Trans_L2_m: 9.167, Yaw_err_deg: 5.925
Epoch: [1/25], Batch: 850/2963, Loss: 1145.205, Trans_L2_m: 10.195, Yaw_err_deg: 4.115
Epoch: [1/25], Batch: 860/2963, Loss: 1450.204, Trans_L2_m: 11.182, Yaw_err_deg: 5.109
Epoch: [1/25], Batch: 870/2963, Loss: 1234.321, Trans_L2_m: 11.284, Yaw_err_deg: 3.662
Epoch: [1/25], Batch: 880/2963, Loss: 1037.840, Trans_L2_m: 9.559, Yaw_err_deg: 4.065
Epoch: [1/25], Batch: 890/2963, Loss: 1159.829, Trans_L2_m: 10.590, Yaw_err_deg: 3.476
Epoch: [1/25], Batch: 900/2963, Loss: 1204.278, Trans_L2_m: 9.802, Yaw_err_deg: 3.284
Epoch: [1/25], Batch: 910/2963, Loss: 1255.937, Trans_L2_m: 9.901, Yaw_err_deg: 7.460
Epoch: [1/25], Batch: 920/2963, Loss: 1454.724, Trans_L2_m: 9.585, Yaw_err_deg: 7.699
Epoch: [1/25], Batch: 930/2963, Loss: 1573.725, Trans_L2_m: 12.620, Yaw_err_deg: 3.768
Epoch: [1/25], Batch: 940/2963, Loss: 1566.810, Trans_L2_m: 14.338, Yaw_err_deg: 4.045
Epoch: [1/25], Batch: 950/2963, Loss: 1539.926, Trans_L2_m: 11.898, Yaw_err_deg: 5.060
Epoch: [1/25], Batch: 960/2963, Loss: 1711.034, Trans_L2_m: 13.628, Yaw_err_deg: 5.807
Epoch: [1/25], Batch: 970/2963, Loss: 852.038, Trans_L2_m: 8.983, Yaw_err_deg: 4.012
Epoch: [1/25], Batch: 980/2963, Loss: 1045.684, Trans_L2_m: 9.467, Yaw_err_deg: 2.719
Epoch: [1/25], Batch: 990/2963, Loss: 1263.205, Trans_L2_m: 9.841, Yaw_err_deg: 5.050
Epoch: [1/25], Batch: 1000/2963, Loss: 1374.318, Trans_L2_m: 9.945, Yaw_err_deg: 4.763
Epoch: [1/25], Batch: 1010/2963, Loss: 889.646, Trans_L2_m: 8.676, Yaw_err_deg: 4.481
Epoch: [1/25], Batch: 1020/2963, Loss: 881.437, Trans_L2_m: 7.926, Yaw_err_deg: 3.112
Epoch: [1/25], Batch: 1030/2963, Loss: 1463.365, Trans_L2_m: 12.550, Yaw_err_deg: 4.633
Epoch: [1/25], Batch: 1040/2963, Loss: 859.971, Trans_L2_m: 7.111, Yaw_err_deg: 5.471
Epoch: [1/25], Batch: 1050/2963, Loss: 1318.690, Trans_L2_m: 11.275, Yaw_err_deg: 5.073
Epoch: [1/25], Batch: 1060/2963, Loss: 963.754, Trans_L2_m: 9.589, Yaw_err_deg: 3.102
Epoch: [1/25], Batch: 1070/2963, Loss: 1417.145, Trans_L2_m: 13.133, Yaw_err_deg: 4.026
Epoch: [1/25], Batch: 1080/2963, Loss: 1047.105, Trans_L2_m: 9.391, Yaw_err_deg: 4.385
Epoch: [1/25], Batch: 1090/2963, Loss: 1418.132, Trans_L2_m: 12.632, Yaw_err_deg: 3.825
Epoch: [1/25], Batch: 1100/2963, Loss: 1238.244, Trans_L2_m: 11.043, Yaw_err_deg: 4.928
Epoch: [1/25], Batch: 1110/2963, Loss: 1214.560, Trans_L2_m: 10.271, Yaw_err_deg: 2.809
Epoch: [1/25], Batch: 1120/2963, Loss: 1037.129, Trans_L2_m: 9.613, Yaw_err_deg: 4.226
Epoch: [1/25], Batch: 1130/2963, Loss: 1406.655, Trans_L2_m: 11.546, Yaw_err_deg: 5.349
Epoch: [1/25], Batch: 1140/2963, Loss: 1177.931, Trans_L2_m: 9.124, Yaw_err_deg: 5.314
Epoch: [1/25], Batch: 1150/2963, Loss: 1534.196, Trans_L2_m: 12.224, Yaw_err_deg: 5.818
Epoch: [1/25], Batch: 1160/2963, Loss: 1003.150, Trans_L2_m: 8.141, Yaw_err_deg: 6.399
Epoch: [1/25], Batch: 1170/2963, Loss: 1370.138, Trans_L2_m: 10.646, Yaw_err_deg: 3.741
Epoch: [1/25], Batch: 1180/2963, Loss: 795.025, Trans_L2_m: 6.774, Yaw_err_deg: 5.156
Epoch: [1/25], Batch: 1190/2963, Loss: 1179.964, Trans_L2_m: 10.747, Yaw_err_deg: 5.734
Epoch: [1/25], Batch: 1200/2963, Loss: 1450.902, Trans_L2_m: 12.708, Yaw_err_deg: 4.063
Epoch: [1/25], Batch: 1210/2963, Loss: 1034.020, Trans_L2_m: 8.946, Yaw_err_deg: 5.219
Epoch: [1/25], Batch: 1220/2963, Loss: 1260.554, Trans_L2_m: 11.282, Yaw_err_deg: 3.252
Epoch: [1/25], Batch: 1230/2963, Loss: 1511.333, Trans_L2_m: 9.917, Yaw_err_deg: 5.881
Epoch: [1/25], Batch: 1240/2963, Loss: 1512.623, Trans_L2_m: 12.121, Yaw_err_deg: 3.107
Epoch: [1/25], Batch: 1250/2963, Loss: 1166.456, Trans_L2_m: 10.465, Yaw_err_deg: 4.245
Epoch: [1/25], Batch: 1260/2963, Loss: 987.679, Trans_L2_m: 9.948, Yaw_err_deg: 2.870
Epoch: [1/25], Batch: 1270/2963, Loss: 1441.476, Trans_L2_m: 12.866, Yaw_err_deg: 3.837
Epoch: [1/25], Batch: 1280/2963, Loss: 920.556, Trans_L2_m: 9.483, Yaw_err_deg: 2.961
Epoch: [1/25], Batch: 1290/2963, Loss: 1097.239, Trans_L2_m: 9.432, Yaw_err_deg: 4.888
Epoch: [1/25], Batch: 1300/2963, Loss: 1169.867, Trans_L2_m: 10.236, Yaw_err_deg: 6.574
Epoch: [1/25], Batch: 1310/2963, Loss: 915.802, Trans_L2_m: 8.482, Yaw_err_deg: 3.941
Epoch: [1/25], Batch: 1320/2963, Loss: 935.376, Trans_L2_m: 8.922, Yaw_err_deg: 4.884
Epoch: [1/25], Batch: 1330/2963, Loss: 840.957, Trans_L2_m: 8.229, Yaw_err_deg: 4.123
Epoch: [1/25], Batch: 1340/2963, Loss: 1360.114, Trans_L2_m: 12.279, Yaw_err_deg: 3.955
Epoch: [1/25], Batch: 1350/2963, Loss: 1051.677, Trans_L2_m: 9.961, Yaw_err_deg: 3.421
Epoch: [1/25], Batch: 1360/2963, Loss: 1334.940, Trans_L2_m: 11.501, Yaw_err_deg: 3.526
Epoch: [1/25], Batch: 1370/2963, Loss: 1526.182, Trans_L2_m: 12.775, Yaw_err_deg: 5.892
Epoch: [1/25], Batch: 1380/2963, Loss: 1105.579, Trans_L2_m: 8.674, Yaw_err_deg: 4.376
Epoch: [1/25], Batch: 1390/2963, Loss: 1041.504, Trans_L2_m: 9.270, Yaw_err_deg: 3.579
Epoch: [1/25], Batch: 1400/2963, Loss: 1011.564, Trans_L2_m: 8.086, Yaw_err_deg: 5.053
Epoch: [1/25], Batch: 1410/2963, Loss: 837.440, Trans_L2_m: 9.557, Yaw_err_deg: 2.879
Epoch: [1/25], Batch: 1420/2963, Loss: 865.473, Trans_L2_m: 7.489, Yaw_err_deg: 2.847
Epoch: [1/25], Batch: 1430/2963, Loss: 847.985, Trans_L2_m: 8.321, Yaw_err_deg: 3.441
Epoch: [1/25], Batch: 1440/2963, Loss: 790.674, Trans_L2_m: 8.211, Yaw_err_deg: 4.052
Epoch: [1/25], Batch: 1450/2963, Loss: 1457.116, Trans_L2_m: 11.317, Yaw_err_deg: 5.347
Epoch: [1/25], Batch: 1460/2963, Loss: 1532.513, Trans_L2_m: 13.092, Yaw_err_deg: 4.809
Epoch: [1/25], Batch: 1470/2963, Loss: 1006.235, Trans_L2_m: 8.542, Yaw_err_deg: 5.445
Epoch: [1/25], Batch: 1480/2963, Loss: 1196.910, Trans_L2_m: 11.498, Yaw_err_deg: 3.218
Epoch: [1/25], Batch: 1490/2963, Loss: 1120.365, Trans_L2_m: 11.408, Yaw_err_deg: 1.205
Epoch: [1/25], Batch: 1500/2963, Loss: 1126.164, Trans_L2_m: 10.974, Yaw_err_deg: 4.864
Epoch: [1/25], Batch: 1510/2963, Loss: 680.968, Trans_L2_m: 7.250, Yaw_err_deg: 3.977
Epoch: [1/25], Batch: 1520/2963, Loss: 1393.332, Trans_L2_m: 12.677, Yaw_err_deg: 2.319
Epoch: [1/25], Batch: 1530/2963, Loss: 701.132, Trans_L2_m: 7.887, Yaw_err_deg: 3.271
Epoch: [1/25], Batch: 1540/2963, Loss: 885.368, Trans_L2_m: 8.467, Yaw_err_deg: 3.609
Epoch: [1/25], Batch: 1550/2963, Loss: 849.148, Trans_L2_m: 7.478, Yaw_err_deg: 3.696
Epoch: [1/25], Batch: 1560/2963, Loss: 1101.085, Trans_L2_m: 10.245, Yaw_err_deg: 3.170
Epoch: [1/25], Batch: 1570/2963, Loss: 845.247, Trans_L2_m: 7.476, Yaw_err_deg: 4.089
Epoch: [1/25], Batch: 1580/2963, Loss: 679.391, Trans_L2_m: 7.786, Yaw_err_deg: 4.031
Epoch: [1/25], Batch: 1590/2963, Loss: 663.538, Trans_L2_m: 8.329, Yaw_err_deg: 2.486
Epoch: [1/25], Batch: 1600/2963, Loss: 1073.138, Trans_L2_m: 8.750, Yaw_err_deg: 4.886
Epoch: [1/25], Batch: 1610/2963, Loss: 932.173, Trans_L2_m: 8.989, Yaw_err_deg: 3.347
Epoch: [1/25], Batch: 1620/2963, Loss: 927.348, Trans_L2_m: 8.755, Yaw_err_deg: 4.363
Epoch: [1/25], Batch: 1630/2963, Loss: 812.935, Trans_L2_m: 8.205, Yaw_err_deg: 4.532
Epoch: [1/25], Batch: 1640/2963, Loss: 921.996, Trans_L2_m: 9.841, Yaw_err_deg: 2.944
Epoch: [1/25], Batch: 1650/2963, Loss: 763.428, Trans_L2_m: 8.478, Yaw_err_deg: 3.001
Epoch: [1/25], Batch: 1660/2963, Loss: 1053.489, Trans_L2_m: 9.086, Yaw_err_deg: 7.235
Epoch: [1/25], Batch: 1670/2963, Loss: 1060.220, Trans_L2_m: 10.646, Yaw_err_deg: 3.943
Epoch: [1/25], Batch: 1680/2963, Loss: 871.782, Trans_L2_m: 8.566, Yaw_err_deg: 4.405
Epoch: [1/25], Batch: 1690/2963, Loss: 971.478, Trans_L2_m: 9.883, Yaw_err_deg: 3.182
Epoch: [1/25], Batch: 1700/2963, Loss: 1040.750, Trans_L2_m: 9.497, Yaw_err_deg: 3.667
Epoch: [1/25], Batch: 1710/2963, Loss: 1221.606, Trans_L2_m: 10.548, Yaw_err_deg: 4.375
Epoch: [1/25], Batch: 1720/2963, Loss: 1397.396, Trans_L2_m: 11.886, Yaw_err_deg: 2.512
Epoch: [1/25], Batch: 1730/2963, Loss: 904.998, Trans_L2_m: 8.737, Yaw_err_deg: 2.804
Epoch: [1/25], Batch: 1740/2963, Loss: 1227.726, Trans_L2_m: 8.828, Yaw_err_deg: 6.062
Epoch: [1/25], Batch: 1750/2963, Loss: 789.030, Trans_L2_m: 8.648, Yaw_err_deg: 3.055
Epoch: [1/25], Batch: 1760/2963, Loss: 1125.824, Trans_L2_m: 9.823, Yaw_err_deg: 5.089
Epoch: [1/25], Batch: 1770/2963, Loss: 1023.476, Trans_L2_m: 10.256, Yaw_err_deg: 3.546
Epoch: [1/25], Batch: 1780/2963, Loss: 880.162, Trans_L2_m: 7.592, Yaw_err_deg: 3.844
Epoch: [1/25], Batch: 1790/2963, Loss: 729.230, Trans_L2_m: 6.455, Yaw_err_deg: 3.807
Epoch: [1/25], Batch: 1800/2963, Loss: 952.283, Trans_L2_m: 8.568, Yaw_err_deg: 5.769
Epoch: [1/25], Batch: 1810/2963, Loss: 1060.851, Trans_L2_m: 8.898, Yaw_err_deg: 4.730
Epoch: [1/25], Batch: 1820/2963, Loss: 1382.502, Trans_L2_m: 11.363, Yaw_err_deg: 5.260
Epoch: [1/25], Batch: 1830/2963, Loss: 950.457, Trans_L2_m: 9.027, Yaw_err_deg: 3.509
Epoch: [1/25], Batch: 1840/2963, Loss: 794.411, Trans_L2_m: 7.930, Yaw_err_deg: 4.298
Epoch: [1/25], Batch: 1850/2963, Loss: 958.639, Trans_L2_m: 9.192, Yaw_err_deg: 4.355
Epoch: [1/25], Batch: 1860/2963, Loss: 1309.400, Trans_L2_m: 12.032, Yaw_err_deg: 3.864
Epoch: [1/25], Batch: 1870/2963, Loss: 1106.595, Trans_L2_m: 10.453, Yaw_err_deg: 3.291
Epoch: [1/25], Batch: 1880/2963, Loss: 1496.285, Trans_L2_m: 12.521, Yaw_err_deg: 4.091
Epoch: [1/25], Batch: 1890/2963, Loss: 1168.398, Trans_L2_m: 10.284, Yaw_err_deg: 4.797
Epoch: [1/25], Batch: 1900/2963, Loss: 822.708, Trans_L2_m: 7.806, Yaw_err_deg: 4.082
Epoch: [1/25], Batch: 1910/2963, Loss: 1307.599, Trans_L2_m: 12.518, Yaw_err_deg: 3.438
Epoch: [1/25], Batch: 1920/2963, Loss: 944.489, Trans_L2_m: 8.767, Yaw_err_deg: 3.290
Epoch: [1/25], Batch: 1930/2963, Loss: 1085.402, Trans_L2_m: 9.358, Yaw_err_deg: 3.499
Epoch: [1/25], Batch: 1940/2963, Loss: 1051.356, Trans_L2_m: 9.712, Yaw_err_deg: 3.983
Epoch: [1/25], Batch: 1950/2963, Loss: 1303.036, Trans_L2_m: 11.017, Yaw_err_deg: 4.165
Epoch: [1/25], Batch: 1960/2963, Loss: 1073.801, Trans_L2_m: 10.633, Yaw_err_deg: 3.196
Epoch: [1/25], Batch: 1970/2963, Loss: 1347.978, Trans_L2_m: 13.011, Yaw_err_deg: 2.730
Epoch: [1/25], Batch: 1980/2963, Loss: 1045.197, Trans_L2_m: 9.810, Yaw_err_deg: 2.516
Epoch: [1/25], Batch: 1990/2963, Loss: 976.464, Trans_L2_m: 9.960, Yaw_err_deg: 3.693
Epoch: [1/25], Batch: 2000/2963, Loss: 1088.795, Trans_L2_m: 9.497, Yaw_err_deg: 3.155
Epoch: [1/25], Batch: 2010/2963, Loss: 1271.654, Trans_L2_m: 12.629, Yaw_err_deg: 3.114
Epoch: [1/25], Batch: 2020/2963, Loss: 787.452, Trans_L2_m: 8.008, Yaw_err_deg: 2.910
Epoch: [1/25], Batch: 2030/2963, Loss: 1560.838, Trans_L2_m: 12.436, Yaw_err_deg: 4.123
Epoch: [1/25], Batch: 2040/2963, Loss: 971.608, Trans_L2_m: 8.527, Yaw_err_deg: 4.657
Epoch: [1/25], Batch: 2050/2963, Loss: 833.041, Trans_L2_m: 8.246, Yaw_err_deg: 2.474
Epoch: [1/25], Batch: 2060/2963, Loss: 940.853, Trans_L2_m: 8.231, Yaw_err_deg: 4.199
Epoch: [1/25], Batch: 2070/2963, Loss: 1307.962, Trans_L2_m: 11.214, Yaw_err_deg: 3.654
Epoch: [1/25], Batch: 2080/2963, Loss: 961.500, Trans_L2_m: 9.197, Yaw_err_deg: 3.034
Epoch: [1/25], Batch: 2090/2963, Loss: 987.482, Trans_L2_m: 8.387, Yaw_err_deg: 4.230
Epoch: [1/25], Batch: 2100/2963, Loss: 1022.594, Trans_L2_m: 9.106, Yaw_err_deg: 4.660
Epoch: [1/25], Batch: 2110/2963, Loss: 1012.449, Trans_L2_m: 9.718, Yaw_err_deg: 3.826
Epoch: [1/25], Batch: 2120/2963, Loss: 910.747, Trans_L2_m: 9.632, Yaw_err_deg: 3.759
Epoch: [1/25], Batch: 2130/2963, Loss: 1245.078, Trans_L2_m: 10.353, Yaw_err_deg: 3.945
Epoch: [1/25], Batch: 2140/2963, Loss: 818.625, Trans_L2_m: 7.911, Yaw_err_deg: 4.069
Epoch: [1/25], Batch: 2150/2963, Loss: 880.161, Trans_L2_m: 8.790, Yaw_err_deg: 3.484
Epoch: [1/25], Batch: 2160/2963, Loss: 1256.246, Trans_L2_m: 10.005, Yaw_err_deg: 5.214
Epoch: [1/25], Batch: 2170/2963, Loss: 820.070, Trans_L2_m: 6.987, Yaw_err_deg: 4.988
Epoch: [1/25], Batch: 2180/2963, Loss: 1388.265, Trans_L2_m: 10.794, Yaw_err_deg: 5.425
Epoch: [1/25], Batch: 2190/2963, Loss: 1109.175, Trans_L2_m: 9.661, Yaw_err_deg: 3.688
Epoch: [1/25], Batch: 2200/2963, Loss: 1059.348, Trans_L2_m: 9.657, Yaw_err_deg: 4.788
Epoch: [1/25], Batch: 2210/2963, Loss: 1447.693, Trans_L2_m: 11.253, Yaw_err_deg: 5.552
Epoch: [1/25], Batch: 2220/2963, Loss: 959.122, Trans_L2_m: 8.457, Yaw_err_deg: 3.496
Epoch: [1/25], Batch: 2230/2963, Loss: 1059.745, Trans_L2_m: 9.434, Yaw_err_deg: 4.866
Epoch: [1/25], Batch: 2240/2963, Loss: 1008.342, Trans_L2_m: 10.083, Yaw_err_deg: 2.919
Epoch: [1/25], Batch: 2250/2963, Loss: 828.673, Trans_L2_m: 8.401, Yaw_err_deg: 2.658
Epoch: [1/25], Batch: 2260/2963, Loss: 801.905, Trans_L2_m: 7.490, Yaw_err_deg: 4.546
Epoch: [1/25], Batch: 2270/2963, Loss: 1273.907, Trans_L2_m: 11.499, Yaw_err_deg: 2.461
Epoch: [1/25], Batch: 2280/2963, Loss: 1076.966, Trans_L2_m: 11.307, Yaw_err_deg: 3.224
Epoch: [1/25], Batch: 2290/2963, Loss: 999.764, Trans_L2_m: 8.497, Yaw_err_deg: 5.162
Epoch: [1/25], Batch: 2300/2963, Loss: 1076.747, Trans_L2_m: 9.886, Yaw_err_deg: 4.416
Epoch: [1/25], Batch: 2310/2963, Loss: 898.621, Trans_L2_m: 7.801, Yaw_err_deg: 3.678
Epoch: [1/25], Batch: 2320/2963, Loss: 953.603, Trans_L2_m: 9.689, Yaw_err_deg: 2.235
Epoch: [1/25], Batch: 2330/2963, Loss: 1301.668, Trans_L2_m: 12.378, Yaw_err_deg: 3.297
Epoch: [1/25], Batch: 2340/2963, Loss: 871.589, Trans_L2_m: 8.175, Yaw_err_deg: 4.165
Epoch: [1/25], Batch: 2350/2963, Loss: 972.744, Trans_L2_m: 9.597, Yaw_err_deg: 4.120
Epoch: [1/25], Batch: 2360/2963, Loss: 808.089, Trans_L2_m: 8.758, Yaw_err_deg: 2.568
Epoch: [1/25], Batch: 2370/2963, Loss: 1330.317, Trans_L2_m: 10.528, Yaw_err_deg: 5.506
Epoch: [1/25], Batch: 2380/2963, Loss: 1106.637, Trans_L2_m: 10.530, Yaw_err_deg: 3.254
Epoch: [1/25], Batch: 2390/2963, Loss: 861.227, Trans_L2_m: 9.381, Yaw_err_deg: 3.906
Epoch: [1/25], Batch: 2400/2963, Loss: 947.208, Trans_L2_m: 9.314, Yaw_err_deg: 3.080
Epoch: [1/25], Batch: 2410/2963, Loss: 781.166, Trans_L2_m: 8.449, Yaw_err_deg: 2.660
Epoch: [1/25], Batch: 2420/2963, Loss: 906.658, Trans_L2_m: 9.208, Yaw_err_deg: 4.223
Epoch: [1/25], Batch: 2430/2963, Loss: 1552.893, Trans_L2_m: 13.498, Yaw_err_deg: 3.737
Epoch: [1/25], Batch: 2440/2963, Loss: 1121.881, Trans_L2_m: 9.388, Yaw_err_deg: 5.041
Epoch: [1/25], Batch: 2450/2963, Loss: 655.262, Trans_L2_m: 7.038, Yaw_err_deg: 3.737
Epoch: [1/25], Batch: 2460/2963, Loss: 1067.392, Trans_L2_m: 9.926, Yaw_err_deg: 4.344
Epoch: [1/25], Batch: 2470/2963, Loss: 963.052, Trans_L2_m: 8.306, Yaw_err_deg: 4.992
Epoch: [1/25], Batch: 2480/2963, Loss: 1162.218, Trans_L2_m: 11.148, Yaw_err_deg: 3.578
Epoch: [1/25], Batch: 2490/2963, Loss: 1113.151, Trans_L2_m: 11.205, Yaw_err_deg: 4.158
Epoch: [1/25], Batch: 2500/2963, Loss: 693.606, Trans_L2_m: 6.697, Yaw_err_deg: 4.377
Epoch: [1/25], Batch: 2510/2963, Loss: 997.574, Trans_L2_m: 9.938, Yaw_err_deg: 3.936
Epoch: [1/25], Batch: 2520/2963, Loss: 1126.471, Trans_L2_m: 11.197, Yaw_err_deg: 3.331
Epoch: [1/25], Batch: 2530/2963, Loss: 818.664, Trans_L2_m: 8.694, Yaw_err_deg: 3.990
Epoch: [1/25], Batch: 2540/2963, Loss: 991.614, Trans_L2_m: 8.848, Yaw_err_deg: 4.939
Epoch: [1/25], Batch: 2550/2963, Loss: 822.366, Trans_L2_m: 6.974, Yaw_err_deg: 3.658
Epoch: [1/25], Batch: 2560/2963, Loss: 1240.565, Trans_L2_m: 12.168, Yaw_err_deg: 1.721
Epoch: [1/25], Batch: 2570/2963, Loss: 1122.911, Trans_L2_m: 9.838, Yaw_err_deg: 4.294
Epoch: [1/25], Batch: 2580/2963, Loss: 896.944, Trans_L2_m: 9.913, Yaw_err_deg: 2.341
Epoch: [1/25], Batch: 2590/2963, Loss: 1091.734, Trans_L2_m: 10.439, Yaw_err_deg: 3.225
Epoch: [1/25], Batch: 2600/2963, Loss: 849.077, Trans_L2_m: 8.717, Yaw_err_deg: 3.810
Epoch: [1/25], Batch: 2610/2963, Loss: 1113.103, Trans_L2_m: 10.856, Yaw_err_deg: 2.597
Epoch: [1/25], Batch: 2620/2963, Loss: 1557.005, Trans_L2_m: 13.362, Yaw_err_deg: 4.324
Epoch: [1/25], Batch: 2630/2963, Loss: 938.033, Trans_L2_m: 8.629, Yaw_err_deg: 4.617
Epoch: [1/25], Batch: 2640/2963, Loss: 1261.237, Trans_L2_m: 10.374, Yaw_err_deg: 5.321
Epoch: [1/25], Batch: 2650/2963, Loss: 828.995, Trans_L2_m: 8.739, Yaw_err_deg: 3.835
Epoch: [1/25], Batch: 2660/2963, Loss: 1187.246, Trans_L2_m: 10.605, Yaw_err_deg: 3.273
Epoch: [1/25], Batch: 2670/2963, Loss: 948.873, Trans_L2_m: 8.429, Yaw_err_deg: 3.251
Epoch: [1/25], Batch: 2680/2963, Loss: 811.585, Trans_L2_m: 7.956, Yaw_err_deg: 2.688
Epoch: [1/25], Batch: 2690/2963, Loss: 950.577, Trans_L2_m: 8.671, Yaw_err_deg: 5.748
Epoch: [1/25], Batch: 2700/2963, Loss: 1011.660, Trans_L2_m: 9.427, Yaw_err_deg: 2.840
Epoch: [1/25], Batch: 2710/2963, Loss: 1227.531, Trans_L2_m: 11.942, Yaw_err_deg: 2.904
Epoch: [1/25], Batch: 2720/2963, Loss: 787.587, Trans_L2_m: 7.504, Yaw_err_deg: 3.541
Epoch: [1/25], Batch: 2730/2963, Loss: 981.878, Trans_L2_m: 10.455, Yaw_err_deg: 2.748
Epoch: [1/25], Batch: 2740/2963, Loss: 671.187, Trans_L2_m: 7.299, Yaw_err_deg: 3.498
Epoch: [1/25], Batch: 2750/2963, Loss: 782.065, Trans_L2_m: 7.380, Yaw_err_deg: 3.666
Epoch: [1/25], Batch: 2760/2963, Loss: 765.227, Trans_L2_m: 7.622, Yaw_err_deg: 3.249
Epoch: [1/25], Batch: 2770/2963, Loss: 681.769, Trans_L2_m: 6.160, Yaw_err_deg: 2.818
Epoch: [1/25], Batch: 2780/2963, Loss: 921.029, Trans_L2_m: 8.798, Yaw_err_deg: 4.191
Epoch: [1/25], Batch: 2790/2963, Loss: 943.901, Trans_L2_m: 5.970, Yaw_err_deg: 6.444
Epoch: [1/25], Batch: 2800/2963, Loss: 667.758, Trans_L2_m: 7.008, Yaw_err_deg: 3.253
Epoch: [1/25], Batch: 2810/2963, Loss: 761.375, Trans_L2_m: 8.449, Yaw_err_deg: 3.599
Epoch: [1/25], Batch: 2820/2963, Loss: 1091.102, Trans_L2_m: 9.741, Yaw_err_deg: 4.389
Epoch: [1/25], Batch: 2830/2963, Loss: 1194.242, Trans_L2_m: 10.336, Yaw_err_deg: 5.212
Epoch: [1/25], Batch: 2840/2963, Loss: 942.531, Trans_L2_m: 9.085, Yaw_err_deg: 4.198
Epoch: [1/25], Batch: 2850/2963, Loss: 737.065, Trans_L2_m: 8.517, Yaw_err_deg: 3.569
Epoch: [1/25], Batch: 2860/2963, Loss: 983.101, Trans_L2_m: 10.248, Yaw_err_deg: 3.517
Epoch: [1/25], Batch: 2870/2963, Loss: 1160.439, Trans_L2_m: 9.991, Yaw_err_deg: 4.018
Epoch: [1/25], Batch: 2880/2963, Loss: 948.966, Trans_L2_m: 9.151, Yaw_err_deg: 3.412
Epoch: [1/25], Batch: 2890/2963, Loss: 1093.595, Trans_L2_m: 9.070, Yaw_err_deg: 5.252
Epoch: [1/25], Batch: 2900/2963, Loss: 1322.533, Trans_L2_m: 11.618, Yaw_err_deg: 4.763
Epoch: [1/25], Batch: 2910/2963, Loss: 1137.122, Trans_L2_m: 10.247, Yaw_err_deg: 4.307
Epoch: [1/25], Batch: 2920/2963, Loss: 849.754, Trans_L2_m: 9.106, Yaw_err_deg: 2.892
Epoch: [1/25], Batch: 2930/2963, Loss: 1250.930, Trans_L2_m: 11.872, Yaw_err_deg: 3.109
Epoch: [1/25], Batch: 2940/2963, Loss: 527.760, Trans_L2_m: 6.462, Yaw_err_deg: 2.913
Epoch: [1/25], Batch: 2950/2963, Loss: 1087.547, Trans_L2_m: 10.541, Yaw_err_deg: 3.683
Epoch: [1/25], Batch: 2960/2963, Loss: 718.114, Trans_L2_m: 8.428, Yaw_err_deg: 2.729
Epoch: [2/25], Batch: 0/2963, Loss: 1004.238, Trans_L2_m: 8.747, Yaw_err_deg: 4.506
Epoch: [2/25], Batch: 10/2963, Loss: 937.925, Trans_L2_m: 9.500, Yaw_err_deg: 3.222
Epoch: [2/25], Batch: 20/2963, Loss: 1123.683, Trans_L2_m: 7.742, Yaw_err_deg: 5.309
Epoch: [2/25], Batch: 30/2963, Loss: 876.405, Trans_L2_m: 8.590, Yaw_err_deg: 3.707
Epoch: [2/25], Batch: 40/2963, Loss: 878.744, Trans_L2_m: 8.767, Yaw_err_deg: 4.808
Epoch: [2/25], Batch: 50/2963, Loss: 985.654, Trans_L2_m: 9.693, Yaw_err_deg: 4.456
Epoch: [2/25], Batch: 60/2963, Loss: 713.093, Trans_L2_m: 8.058, Yaw_err_deg: 2.246
Epoch: [2/25], Batch: 70/2963, Loss: 867.826, Trans_L2_m: 8.167, Yaw_err_deg: 4.384
Epoch: [2/25], Batch: 80/2963, Loss: 1045.286, Trans_L2_m: 9.023, Yaw_err_deg: 5.927
Epoch: [2/25], Batch: 90/2963, Loss: 746.100, Trans_L2_m: 7.745, Yaw_err_deg: 3.702
Epoch: [2/25], Batch: 100/2963, Loss: 1066.417, Trans_L2_m: 8.631, Yaw_err_deg: 5.371
Epoch: [2/25], Batch: 110/2963, Loss: 1125.144, Trans_L2_m: 9.801, Yaw_err_deg: 2.454
Epoch: [2/25], Batch: 120/2963, Loss: 835.433, Trans_L2_m: 8.491, Yaw_err_deg: 4.599
Epoch: [2/25], Batch: 130/2963, Loss: 834.542, Trans_L2_m: 8.622, Yaw_err_deg: 3.213
Epoch: [2/25], Batch: 140/2963, Loss: 1252.374, Trans_L2_m: 10.910, Yaw_err_deg: 3.625
Epoch: [2/25], Batch: 150/2963, Loss: 869.860, Trans_L2_m: 9.196, Yaw_err_deg: 3.017
Epoch: [2/25], Batch: 160/2963, Loss: 852.846, Trans_L2_m: 9.154, Yaw_err_deg: 2.477
Epoch: [2/25], Batch: 170/2963, Loss: 1264.592, Trans_L2_m: 10.748, Yaw_err_deg: 2.986
Epoch: [2/25], Batch: 180/2963, Loss: 689.054, Trans_L2_m: 7.703, Yaw_err_deg: 3.463
Epoch: [2/25], Batch: 190/2963, Loss: 940.475, Trans_L2_m: 8.607, Yaw_err_deg: 3.067
Epoch: [2/25], Batch: 200/2963, Loss: 796.810, Trans_L2_m: 7.140, Yaw_err_deg: 4.235
Epoch: [2/25], Batch: 210/2963, Loss: 1130.035, Trans_L2_m: 10.899, Yaw_err_deg: 3.613
Epoch: [2/25], Batch: 220/2963, Loss: 962.757, Trans_L2_m: 10.549, Yaw_err_deg: 3.715
Epoch: [2/25], Batch: 230/2963, Loss: 740.862, Trans_L2_m: 7.501, Yaw_err_deg: 3.319
Epoch: [2/25], Batch: 240/2963, Loss: 712.379, Trans_L2_m: 6.950, Yaw_err_deg: 3.966
Epoch: [2/25], Batch: 250/2963, Loss: 730.443, Trans_L2_m: 8.837, Yaw_err_deg: 2.730
Epoch: [2/25], Batch: 260/2963, Loss: 922.963, Trans_L2_m: 8.601, Yaw_err_deg: 3.724
Epoch: [2/25], Batch: 270/2963, Loss: 683.276, Trans_L2_m: 7.299, Yaw_err_deg: 3.300
Epoch: [2/25], Batch: 280/2963, Loss: 792.839, Trans_L2_m: 9.144, Yaw_err_deg: 3.271
Epoch: [2/25], Batch: 290/2963, Loss: 951.614, Trans_L2_m: 8.092, Yaw_err_deg: 3.718
Epoch: [2/25], Batch: 300/2963, Loss: 1094.080, Trans_L2_m: 11.714, Yaw_err_deg: 2.215
Epoch: [2/25], Batch: 310/2963, Loss: 759.055, Trans_L2_m: 6.891, Yaw_err_deg: 5.227
Epoch: [2/25], Batch: 320/2963, Loss: 911.924, Trans_L2_m: 8.977, Yaw_err_deg: 3.387
Epoch: [2/25], Batch: 330/2963, Loss: 869.937, Trans_L2_m: 8.462, Yaw_err_deg: 3.255
Epoch: [2/25], Batch: 340/2963, Loss: 1143.931, Trans_L2_m: 10.176, Yaw_err_deg: 2.674
Epoch: [2/25], Batch: 350/2963, Loss: 857.319, Trans_L2_m: 8.805, Yaw_err_deg: 3.131
Epoch: [2/25], Batch: 360/2963, Loss: 824.086, Trans_L2_m: 9.433, Yaw_err_deg: 1.773
Epoch: [2/25], Batch: 370/2963, Loss: 1125.335, Trans_L2_m: 10.793, Yaw_err_deg: 3.912
Epoch: [2/25], Batch: 380/2963, Loss: 746.507, Trans_L2_m: 8.594, Yaw_err_deg: 2.770
Epoch: [2/25], Batch: 390/2963, Loss: 1035.619, Trans_L2_m: 8.553, Yaw_err_deg: 4.679
Epoch: [2/25], Batch: 400/2963, Loss: 942.858, Trans_L2_m: 8.160, Yaw_err_deg: 3.682
Epoch: [2/25], Batch: 410/2963, Loss: 938.930, Trans_L2_m: 7.941, Yaw_err_deg: 4.625
Epoch: [2/25], Batch: 420/2963, Loss: 1279.231, Trans_L2_m: 11.775, Yaw_err_deg: 2.865
Epoch: [2/25], Batch: 430/2963, Loss: 1145.829, Trans_L2_m: 10.113, Yaw_err_deg: 3.773
Epoch: [2/25], Batch: 440/2963, Loss: 527.509, Trans_L2_m: 5.804, Yaw_err_deg: 2.906
Epoch: [2/25], Batch: 450/2963, Loss: 857.822, Trans_L2_m: 8.321, Yaw_err_deg: 3.565
Epoch: [2/25], Batch: 460/2963, Loss: 1066.179, Trans_L2_m: 10.932, Yaw_err_deg: 4.376
Epoch: [2/25], Batch: 470/2963, Loss: 805.457, Trans_L2_m: 7.513, Yaw_err_deg: 3.467
Epoch: [2/25], Batch: 480/2963, Loss: 794.760, Trans_L2_m: 8.038, Yaw_err_deg: 3.560
Epoch: [2/25], Batch: 490/2963, Loss: 959.874, Trans_L2_m: 9.373, Yaw_err_deg: 3.124
Epoch: [2/25], Batch: 500/2963, Loss: 709.079, Trans_L2_m: 7.577, Yaw_err_deg: 2.988
Epoch: [2/25], Batch: 510/2963, Loss: 995.619, Trans_L2_m: 10.564, Yaw_err_deg: 2.431
Epoch: [2/25], Batch: 520/2963, Loss: 742.663, Trans_L2_m: 7.174, Yaw_err_deg: 2.793
Epoch: [2/25], Batch: 530/2963, Loss: 572.651, Trans_L2_m: 6.765, Yaw_err_deg: 4.057
Epoch: [2/25], Batch: 540/2963, Loss: 643.317, Trans_L2_m: 6.203, Yaw_err_deg: 3.595
Epoch: [2/25], Batch: 550/2963, Loss: 825.563, Trans_L2_m: 7.881, Yaw_err_deg: 3.538
Epoch: [2/25], Batch: 560/2963, Loss: 741.240, Trans_L2_m: 7.981, Yaw_err_deg: 3.329
Epoch: [2/25], Batch: 570/2963, Loss: 1090.599, Trans_L2_m: 9.478, Yaw_err_deg: 4.834
Epoch: [2/25], Batch: 580/2963, Loss: 1222.441, Trans_L2_m: 10.735, Yaw_err_deg: 3.873
Epoch: [2/25], Batch: 590/2963, Loss: 911.075, Trans_L2_m: 8.775, Yaw_err_deg: 2.595
Epoch: [2/25], Batch: 600/2963, Loss: 662.883, Trans_L2_m: 6.640, Yaw_err_deg: 4.421
Epoch: [2/25], Batch: 610/2963, Loss: 750.487, Trans_L2_m: 8.182, Yaw_err_deg: 3.540
Epoch: [2/25], Batch: 620/2963, Loss: 858.696, Trans_L2_m: 8.185, Yaw_err_deg: 3.436
Epoch: [2/25], Batch: 630/2963, Loss: 737.290, Trans_L2_m: 8.557, Yaw_err_deg: 2.360
Epoch: [2/25], Batch: 640/2963, Loss: 980.768, Trans_L2_m: 10.298, Yaw_err_deg: 2.866
Epoch: [2/25], Batch: 650/2963, Loss: 793.213, Trans_L2_m: 8.861, Yaw_err_deg: 2.932
Epoch: [2/25], Batch: 660/2963, Loss: 780.498, Trans_L2_m: 8.062, Yaw_err_deg: 3.141
Epoch: [2/25], Batch: 670/2963, Loss: 645.818, Trans_L2_m: 7.380, Yaw_err_deg: 3.376
Epoch: [2/25], Batch: 680/2963, Loss: 795.224, Trans_L2_m: 8.695, Yaw_err_deg: 2.373
Epoch: [2/25], Batch: 690/2963, Loss: 646.442, Trans_L2_m: 6.906, Yaw_err_deg: 4.145
Epoch: [2/25], Batch: 700/2963, Loss: 839.978, Trans_L2_m: 7.761, Yaw_err_deg: 2.567
Epoch: [2/25], Batch: 710/2963, Loss: 651.554, Trans_L2_m: 6.362, Yaw_err_deg: 3.485
Epoch: [2/25], Batch: 720/2963, Loss: 933.555, Trans_L2_m: 7.942, Yaw_err_deg: 3.152
Epoch: [2/25], Batch: 730/2963, Loss: 1174.118, Trans_L2_m: 10.409, Yaw_err_deg: 3.626
Epoch: [2/25], Batch: 740/2963, Loss: 635.633, Trans_L2_m: 7.558, Yaw_err_deg: 2.870
Epoch: [2/25], Batch: 750/2963, Loss: 888.798, Trans_L2_m: 9.132, Yaw_err_deg: 2.656
Epoch: [2/25], Batch: 760/2963, Loss: 1486.158, Trans_L2_m: 11.188, Yaw_err_deg: 5.751
Epoch: [2/25], Batch: 770/2963, Loss: 1017.939, Trans_L2_m: 9.567, Yaw_err_deg: 2.905
Epoch: [2/25], Batch: 780/2963, Loss: 1304.624, Trans_L2_m: 10.889, Yaw_err_deg: 4.281
Epoch: [2/25], Batch: 790/2963, Loss: 774.956, Trans_L2_m: 8.703, Yaw_err_deg: 2.402
Epoch: [2/25], Batch: 800/2963, Loss: 703.207, Trans_L2_m: 7.823, Yaw_err_deg: 2.944
Epoch: [2/25], Batch: 810/2963, Loss: 581.175, Trans_L2_m: 6.324, Yaw_err_deg: 2.546
Epoch: [2/25], Batch: 820/2963, Loss: 1017.826, Trans_L2_m: 6.182, Yaw_err_deg: 7.482
Epoch: [2/25], Batch: 830/2963, Loss: 749.008, Trans_L2_m: 6.771, Yaw_err_deg: 3.438
Epoch: [2/25], Batch: 840/2963, Loss: 1034.867, Trans_L2_m: 10.879, Yaw_err_deg: 3.066
Epoch: [2/25], Batch: 850/2963, Loss: 1128.575, Trans_L2_m: 10.432, Yaw_err_deg: 3.154
Epoch: [2/25], Batch: 860/2963, Loss: 773.453, Trans_L2_m: 8.491, Yaw_err_deg: 2.608
Epoch: [2/25], Batch: 870/2963, Loss: 800.464, Trans_L2_m: 7.782, Yaw_err_deg: 2.596
Epoch: [2/25], Batch: 880/2963, Loss: 1121.671, Trans_L2_m: 10.628, Yaw_err_deg: 3.857
Epoch: [2/25], Batch: 890/2963, Loss: 813.441, Trans_L2_m: 7.611, Yaw_err_deg: 3.099
Epoch: [2/25], Batch: 900/2963, Loss: 754.736, Trans_L2_m: 9.042, Yaw_err_deg: 3.183
Epoch: [2/25], Batch: 910/2963, Loss: 917.539, Trans_L2_m: 9.672, Yaw_err_deg: 3.967
Epoch: [2/25], Batch: 920/2963, Loss: 1163.427, Trans_L2_m: 10.339, Yaw_err_deg: 2.732
Epoch: [2/25], Batch: 930/2963, Loss: 791.938, Trans_L2_m: 8.771, Yaw_err_deg: 1.918
Epoch: [2/25], Batch: 940/2963, Loss: 592.878, Trans_L2_m: 7.130, Yaw_err_deg: 2.058
Epoch: [2/25], Batch: 950/2963, Loss: 976.998, Trans_L2_m: 9.896, Yaw_err_deg: 3.007
Epoch: [2/25], Batch: 960/2963, Loss: 775.517, Trans_L2_m: 6.583, Yaw_err_deg: 3.278
Epoch: [2/25], Batch: 970/2963, Loss: 1254.218, Trans_L2_m: 10.572, Yaw_err_deg: 4.060
Epoch: [2/25], Batch: 980/2963, Loss: 1051.335, Trans_L2_m: 9.758, Yaw_err_deg: 4.998
Epoch: [2/25], Batch: 990/2963, Loss: 838.949, Trans_L2_m: 8.739, Yaw_err_deg: 2.219
Epoch: [2/25], Batch: 1000/2963, Loss: 793.483, Trans_L2_m: 8.640, Yaw_err_deg: 3.571
Epoch: [2/25], Batch: 1010/2963, Loss: 1009.943, Trans_L2_m: 10.049, Yaw_err_deg: 3.171
Epoch: [2/25], Batch: 1020/2963, Loss: 660.278, Trans_L2_m: 7.667, Yaw_err_deg: 3.496
Epoch: [2/25], Batch: 1030/2963, Loss: 362.731, Trans_L2_m: 5.253, Yaw_err_deg: 2.301
Epoch: [2/25], Batch: 1040/2963, Loss: 789.887, Trans_L2_m: 7.658, Yaw_err_deg: 4.612
Epoch: [2/25], Batch: 1050/2963, Loss: 898.969, Trans_L2_m: 8.377, Yaw_err_deg: 2.603
Epoch: [2/25], Batch: 1060/2963, Loss: 755.011, Trans_L2_m: 8.148, Yaw_err_deg: 3.661
Epoch: [2/25], Batch: 1070/2963, Loss: 830.900, Trans_L2_m: 9.118, Yaw_err_deg: 2.728
Epoch: [2/25], Batch: 1080/2963, Loss: 838.956, Trans_L2_m: 8.144, Yaw_err_deg: 3.469
Epoch: [2/25], Batch: 1090/2963, Loss: 756.972, Trans_L2_m: 8.195, Yaw_err_deg: 2.758
Epoch: [2/25], Batch: 1100/2963, Loss: 964.937, Trans_L2_m: 8.127, Yaw_err_deg: 4.539
Epoch: [2/25], Batch: 1110/2963, Loss: 875.797, Trans_L2_m: 8.234, Yaw_err_deg: 3.166
Epoch: [2/25], Batch: 1120/2963, Loss: 850.124, Trans_L2_m: 8.008, Yaw_err_deg: 3.046
Epoch: [2/25], Batch: 1130/2963, Loss: 1020.181, Trans_L2_m: 10.610, Yaw_err_deg: 3.218
Epoch: [2/25], Batch: 1140/2963, Loss: 678.554, Trans_L2_m: 7.851, Yaw_err_deg: 2.283
Epoch: [2/25], Batch: 1150/2963, Loss: 1083.631, Trans_L2_m: 9.442, Yaw_err_deg: 3.390
Epoch: [2/25], Batch: 1160/2963, Loss: 805.266, Trans_L2_m: 8.094, Yaw_err_deg: 3.135
Epoch: [2/25], Batch: 1170/2963, Loss: 622.708, Trans_L2_m: 6.712, Yaw_err_deg: 2.909
Epoch: [2/25], Batch: 1180/2963, Loss: 684.453, Trans_L2_m: 7.921, Yaw_err_deg: 2.374
Epoch: [2/25], Batch: 1190/2963, Loss: 728.309, Trans_L2_m: 8.208, Yaw_err_deg: 3.318
Epoch: [2/25], Batch: 1200/2963, Loss: 724.527, Trans_L2_m: 8.299, Yaw_err_deg: 3.570
Epoch: [2/25], Batch: 1210/2963, Loss: 1270.885, Trans_L2_m: 11.461, Yaw_err_deg: 3.630
Epoch: [2/25], Batch: 1220/2963, Loss: 1140.044, Trans_L2_m: 10.200, Yaw_err_deg: 3.008
Epoch: [2/25], Batch: 1230/2963, Loss: 815.958, Trans_L2_m: 9.159, Yaw_err_deg: 3.743
Epoch: [2/25], Batch: 1240/2963, Loss: 1132.309, Trans_L2_m: 10.140, Yaw_err_deg: 3.585
Epoch: [2/25], Batch: 1250/2963, Loss: 983.978, Trans_L2_m: 7.516, Yaw_err_deg: 4.673
Epoch: [2/25], Batch: 1260/2963, Loss: 532.885, Trans_L2_m: 5.408, Yaw_err_deg: 2.767
Epoch: [2/25], Batch: 1270/2963, Loss: 701.831, Trans_L2_m: 7.761, Yaw_err_deg: 3.568
Epoch: [2/25], Batch: 1280/2963, Loss: 812.024, Trans_L2_m: 8.513, Yaw_err_deg: 4.003
Epoch: [2/25], Batch: 1290/2963, Loss: 592.924, Trans_L2_m: 6.075, Yaw_err_deg: 3.072
Epoch: [2/25], Batch: 1300/2963, Loss: 828.075, Trans_L2_m: 8.688, Yaw_err_deg: 2.607
Epoch: [2/25], Batch: 1310/2963, Loss: 1105.643, Trans_L2_m: 6.435, Yaw_err_deg: 6.610
Epoch: [2/25], Batch: 1320/2963, Loss: 882.151, Trans_L2_m: 9.145, Yaw_err_deg: 2.007
Epoch: [2/25], Batch: 1330/2963, Loss: 638.692, Trans_L2_m: 5.723, Yaw_err_deg: 3.114
Epoch: [2/25], Batch: 1340/2963, Loss: 699.472, Trans_L2_m: 7.697, Yaw_err_deg: 2.067
Epoch: [2/25], Batch: 1350/2963, Loss: 873.820, Trans_L2_m: 8.143, Yaw_err_deg: 3.769
Epoch: [2/25], Batch: 1360/2963, Loss: 1262.062, Trans_L2_m: 10.975, Yaw_err_deg: 4.965
Epoch: [2/25], Batch: 1370/2963, Loss: 1130.073, Trans_L2_m: 10.454, Yaw_err_deg: 2.380
Epoch: [2/25], Batch: 1380/2963, Loss: 815.502, Trans_L2_m: 8.072, Yaw_err_deg: 1.482
Epoch: [2/25], Batch: 1390/2963, Loss: 566.531, Trans_L2_m: 6.945, Yaw_err_deg: 2.031
Epoch: [2/25], Batch: 1400/2963, Loss: 939.850, Trans_L2_m: 8.379, Yaw_err_deg: 4.046
Epoch: [2/25], Batch: 1410/2963, Loss: 811.924, Trans_L2_m: 7.753, Yaw_err_deg: 3.362
Epoch: [2/25], Batch: 1420/2963, Loss: 920.136, Trans_L2_m: 9.780, Yaw_err_deg: 2.978
Epoch: [2/25], Batch: 1430/2963, Loss: 487.285, Trans_L2_m: 6.018, Yaw_err_deg: 2.307
Epoch: [2/25], Batch: 1440/2963, Loss: 573.449, Trans_L2_m: 6.665, Yaw_err_deg: 2.752
Epoch: [2/25], Batch: 1450/2963, Loss: 452.716, Trans_L2_m: 5.677, Yaw_err_deg: 2.543
Epoch: [2/25], Batch: 1460/2963, Loss: 1126.510, Trans_L2_m: 11.815, Yaw_err_deg: 2.913
Epoch: [2/25], Batch: 1470/2963, Loss: 899.104, Trans_L2_m: 9.028, Yaw_err_deg: 4.037
Epoch: [2/25], Batch: 1480/2963, Loss: 569.138, Trans_L2_m: 6.105, Yaw_err_deg: 3.145
Epoch: [2/25], Batch: 1490/2963, Loss: 1295.842, Trans_L2_m: 9.991, Yaw_err_deg: 5.381
Epoch: [2/25], Batch: 1500/2963, Loss: 1000.425, Trans_L2_m: 8.899, Yaw_err_deg: 3.089
Epoch: [2/25], Batch: 1510/2963, Loss: 766.408, Trans_L2_m: 8.362, Yaw_err_deg: 2.636
Epoch: [2/25], Batch: 1520/2963, Loss: 813.477, Trans_L2_m: 8.995, Yaw_err_deg: 3.585
Epoch: [2/25], Batch: 1530/2963, Loss: 983.465, Trans_L2_m: 10.746, Yaw_err_deg: 3.066
Epoch: [2/25], Batch: 1540/2963, Loss: 628.172, Trans_L2_m: 5.517, Yaw_err_deg: 3.595
Epoch: [2/25], Batch: 1550/2963, Loss: 760.469, Trans_L2_m: 8.699, Yaw_err_deg: 2.495
Epoch: [2/25], Batch: 1560/2963, Loss: 666.842, Trans_L2_m: 7.447, Yaw_err_deg: 3.071
Epoch: [2/25], Batch: 1570/2963, Loss: 1007.145, Trans_L2_m: 10.501, Yaw_err_deg: 3.561
Epoch: [2/25], Batch: 1580/2963, Loss: 968.298, Trans_L2_m: 9.843, Yaw_err_deg: 3.194
Epoch: [2/25], Batch: 1590/2963, Loss: 1004.262, Trans_L2_m: 8.904, Yaw_err_deg: 3.143
Epoch: [2/25], Batch: 1600/2963, Loss: 710.503, Trans_L2_m: 8.087, Yaw_err_deg: 3.025
Epoch: [2/25], Batch: 1610/2963, Loss: 870.995, Trans_L2_m: 8.396, Yaw_err_deg: 3.230
Epoch: [2/25], Batch: 1620/2963, Loss: 958.464, Trans_L2_m: 9.021, Yaw_err_deg: 1.907
Epoch: [2/25], Batch: 1630/2963, Loss: 847.455, Trans_L2_m: 9.686, Yaw_err_deg: 3.363
Epoch: [2/25], Batch: 1640/2963, Loss: 710.944, Trans_L2_m: 7.292, Yaw_err_deg: 2.927
Epoch: [2/25], Batch: 1650/2963, Loss: 789.253, Trans_L2_m: 8.142, Yaw_err_deg: 3.179
Epoch: [2/25], Batch: 1660/2963, Loss: 968.409, Trans_L2_m: 10.444, Yaw_err_deg: 4.193
Epoch: [2/25], Batch: 1670/2963, Loss: 936.424, Trans_L2_m: 8.806, Yaw_err_deg: 3.848
Epoch: [2/25], Batch: 1680/2963, Loss: 729.542, Trans_L2_m: 8.202, Yaw_err_deg: 2.358
Epoch: [2/25], Batch: 1690/2963, Loss: 1218.615, Trans_L2_m: 11.104, Yaw_err_deg: 3.338
Epoch: [2/25], Batch: 1700/2963, Loss: 880.828, Trans_L2_m: 7.926, Yaw_err_deg: 3.984
Epoch: [2/25], Batch: 1710/2963, Loss: 823.960, Trans_L2_m: 8.632, Yaw_err_deg: 2.498
Epoch: [2/25], Batch: 1720/2963, Loss: 939.496, Trans_L2_m: 10.024, Yaw_err_deg: 2.356
Epoch: [2/25], Batch: 1730/2963, Loss: 887.382, Trans_L2_m: 9.312, Yaw_err_deg: 2.209
Epoch: [2/25], Batch: 1740/2963, Loss: 1368.087, Trans_L2_m: 10.421, Yaw_err_deg: 5.130
Epoch: [2/25], Batch: 1750/2963, Loss: 751.545, Trans_L2_m: 7.475, Yaw_err_deg: 2.944
Epoch: [2/25], Batch: 1760/2963, Loss: 1114.499, Trans_L2_m: 9.807, Yaw_err_deg: 2.955
Epoch: [2/25], Batch: 1770/2963, Loss: 639.416, Trans_L2_m: 7.890, Yaw_err_deg: 1.712
Epoch: [2/25], Batch: 1780/2963, Loss: 732.912, Trans_L2_m: 7.165, Yaw_err_deg: 2.624
Epoch: [2/25], Batch: 1790/2963, Loss: 922.201, Trans_L2_m: 9.481, Yaw_err_deg: 2.154
Epoch: [2/25], Batch: 1800/2963, Loss: 652.125, Trans_L2_m: 5.876, Yaw_err_deg: 4.209
Epoch: [2/25], Batch: 1810/2963, Loss: 741.513, Trans_L2_m: 7.565, Yaw_err_deg: 2.306
Epoch: [2/25], Batch: 1820/2963, Loss: 374.176, Trans_L2_m: 4.129, Yaw_err_deg: 2.981
Epoch: [2/25], Batch: 1830/2963, Loss: 429.902, Trans_L2_m: 5.715, Yaw_err_deg: 2.824
Epoch: [2/25], Batch: 1840/2963, Loss: 975.968, Trans_L2_m: 7.187, Yaw_err_deg: 5.055
Epoch: [2/25], Batch: 1850/2963, Loss: 863.517, Trans_L2_m: 8.649, Yaw_err_deg: 3.213
Epoch: [2/25], Batch: 1860/2963, Loss: 796.046, Trans_L2_m: 7.562, Yaw_err_deg: 3.311
Epoch: [2/25], Batch: 1870/2963, Loss: 845.512, Trans_L2_m: 9.094, Yaw_err_deg: 1.871
Epoch: [2/25], Batch: 1880/2963, Loss: 604.682, Trans_L2_m: 7.114, Yaw_err_deg: 2.637
Epoch: [2/25], Batch: 1890/2963, Loss: 1135.327, Trans_L2_m: 11.764, Yaw_err_deg: 1.923
Epoch: [2/25], Batch: 1900/2963, Loss: 587.229, Trans_L2_m: 6.733, Yaw_err_deg: 2.137
Epoch: [2/25], Batch: 1910/2963, Loss: 1041.822, Trans_L2_m: 9.189, Yaw_err_deg: 3.805
Epoch: [2/25], Batch: 1920/2963, Loss: 1049.112, Trans_L2_m: 10.546, Yaw_err_deg: 2.630
Epoch: [2/25], Batch: 1930/2963, Loss: 759.678, Trans_L2_m: 7.881, Yaw_err_deg: 3.464
Epoch: [2/25], Batch: 1940/2963, Loss: 949.702, Trans_L2_m: 8.735, Yaw_err_deg: 3.161
Epoch: [2/25], Batch: 1950/2963, Loss: 1186.442, Trans_L2_m: 10.258, Yaw_err_deg: 3.734
Epoch: [2/25], Batch: 1960/2963, Loss: 470.294, Trans_L2_m: 5.845, Yaw_err_deg: 2.879
Epoch: [2/25], Batch: 1970/2963, Loss: 797.243, Trans_L2_m: 7.527, Yaw_err_deg: 2.579
Epoch: [2/25], Batch: 1980/2963, Loss: 752.974, Trans_L2_m: 8.189, Yaw_err_deg: 3.288
Epoch: [2/25], Batch: 1990/2963, Loss: 845.296, Trans_L2_m: 8.314, Yaw_err_deg: 3.788
Epoch: [2/25], Batch: 2000/2963, Loss: 991.709, Trans_L2_m: 9.454, Yaw_err_deg: 2.368
Epoch: [2/25], Batch: 2010/2963, Loss: 955.062, Trans_L2_m: 10.438, Yaw_err_deg: 2.615
Epoch: [2/25], Batch: 2020/2963, Loss: 825.790, Trans_L2_m: 8.637, Yaw_err_deg: 4.187
Epoch: [2/25], Batch: 2030/2963, Loss: 1018.012, Trans_L2_m: 10.440, Yaw_err_deg: 2.692
Epoch: [2/25], Batch: 2040/2963, Loss: 618.853, Trans_L2_m: 7.473, Yaw_err_deg: 2.898
Epoch: [2/25], Batch: 2050/2963, Loss: 684.719, Trans_L2_m: 6.830, Yaw_err_deg: 3.964
Epoch: [2/25], Batch: 2060/2963, Loss: 550.215, Trans_L2_m: 6.639, Yaw_err_deg: 2.441
Epoch: [2/25], Batch: 2070/2963, Loss: 796.885, Trans_L2_m: 8.677, Yaw_err_deg: 3.534
Epoch: [2/25], Batch: 2080/2963, Loss: 1545.781, Trans_L2_m: 10.811, Yaw_err_deg: 5.314
Epoch: [2/25], Batch: 2090/2963, Loss: 886.005, Trans_L2_m: 9.487, Yaw_err_deg: 2.330
Epoch: [2/25], Batch: 2100/2963, Loss: 658.143, Trans_L2_m: 7.082, Yaw_err_deg: 2.834
Epoch: [2/25], Batch: 2110/2963, Loss: 777.382, Trans_L2_m: 8.856, Yaw_err_deg: 2.342
Epoch: [2/25], Batch: 2120/2963, Loss: 812.557, Trans_L2_m: 9.211, Yaw_err_deg: 2.491
Epoch: [2/25], Batch: 2130/2963, Loss: 749.130, Trans_L2_m: 8.426, Yaw_err_deg: 3.465
Epoch: [2/25], Batch: 2140/2963, Loss: 614.412, Trans_L2_m: 6.974, Yaw_err_deg: 2.216
Epoch: [2/25], Batch: 2150/2963, Loss: 756.828, Trans_L2_m: 7.014, Yaw_err_deg: 3.072
Epoch: [2/25], Batch: 2160/2963, Loss: 1110.187, Trans_L2_m: 10.368, Yaw_err_deg: 2.038
Epoch: [2/25], Batch: 2170/2963, Loss: 713.799, Trans_L2_m: 7.304, Yaw_err_deg: 2.853
Epoch: [2/25], Batch: 2180/2963, Loss: 649.577, Trans_L2_m: 7.293, Yaw_err_deg: 2.893
Epoch: [2/25], Batch: 2190/2963, Loss: 836.933, Trans_L2_m: 7.247, Yaw_err_deg: 3.286
Epoch: [2/25], Batch: 2200/2963, Loss: 818.954, Trans_L2_m: 9.158, Yaw_err_deg: 2.684
Epoch: [2/25], Batch: 2210/2963, Loss: 718.654, Trans_L2_m: 7.897, Yaw_err_deg: 2.939
Epoch: [2/25], Batch: 2220/2963, Loss: 615.332, Trans_L2_m: 6.960, Yaw_err_deg: 2.425
Epoch: [2/25], Batch: 2230/2963, Loss: 768.474, Trans_L2_m: 7.415, Yaw_err_deg: 3.440
Epoch: [2/25], Batch: 2240/2963, Loss: 618.496, Trans_L2_m: 7.508, Yaw_err_deg: 2.469
Epoch: [2/25], Batch: 2250/2963, Loss: 717.848, Trans_L2_m: 7.807, Yaw_err_deg: 1.874
Epoch: [2/25], Batch: 2260/2963, Loss: 540.186, Trans_L2_m: 6.288, Yaw_err_deg: 2.846
Epoch: [2/25], Batch: 2270/2963, Loss: 615.473, Trans_L2_m: 6.735, Yaw_err_deg: 2.343
Epoch: [2/25], Batch: 2280/2963, Loss: 1005.159, Trans_L2_m: 10.252, Yaw_err_deg: 2.541
Epoch: [2/25], Batch: 2290/2963, Loss: 681.837, Trans_L2_m: 7.273, Yaw_err_deg: 3.140
Epoch: [2/25], Batch: 2300/2963, Loss: 759.594, Trans_L2_m: 8.618, Yaw_err_deg: 2.669
Epoch: [2/25], Batch: 2310/2963, Loss: 575.870, Trans_L2_m: 6.416, Yaw_err_deg: 3.197
Epoch: [2/25], Batch: 2320/2963, Loss: 581.347, Trans_L2_m: 7.436, Yaw_err_deg: 2.641
Epoch: [2/25], Batch: 2330/2963, Loss: 1066.635, Trans_L2_m: 10.680, Yaw_err_deg: 2.640
Epoch: [2/25], Batch: 2340/2963, Loss: 540.085, Trans_L2_m: 6.058, Yaw_err_deg: 2.985
Epoch: [2/25], Batch: 2350/2963, Loss: 751.407, Trans_L2_m: 7.310, Yaw_err_deg: 3.063
Epoch: [2/25], Batch: 2360/2963, Loss: 673.526, Trans_L2_m: 6.153, Yaw_err_deg: 3.186
Epoch: [2/25], Batch: 2370/2963, Loss: 916.858, Trans_L2_m: 8.968, Yaw_err_deg: 3.955
Epoch: [2/25], Batch: 2380/2963, Loss: 848.302, Trans_L2_m: 8.362, Yaw_err_deg: 4.180
Epoch: [2/25], Batch: 2390/2963, Loss: 1027.219, Trans_L2_m: 8.725, Yaw_err_deg: 3.488
Epoch: [2/25], Batch: 2400/2963, Loss: 768.379, Trans_L2_m: 8.633, Yaw_err_deg: 2.939
Epoch: [2/25], Batch: 2410/2963, Loss: 700.111, Trans_L2_m: 7.643, Yaw_err_deg: 2.789
Epoch: [2/25], Batch: 2420/2963, Loss: 608.288, Trans_L2_m: 6.188, Yaw_err_deg: 3.153
Epoch: [2/25], Batch: 2430/2963, Loss: 910.274, Trans_L2_m: 9.399, Yaw_err_deg: 3.499
Epoch: [2/25], Batch: 2440/2963, Loss: 967.775, Trans_L2_m: 9.902, Yaw_err_deg: 3.418
Epoch: [2/25], Batch: 2450/2963, Loss: 860.280, Trans_L2_m: 8.464, Yaw_err_deg: 3.135
Epoch: [2/25], Batch: 2460/2963, Loss: 957.129, Trans_L2_m: 9.639, Yaw_err_deg: 3.180
Epoch: [2/25], Batch: 2470/2963, Loss: 555.697, Trans_L2_m: 6.674, Yaw_err_deg: 2.778
Epoch: [2/25], Batch: 2480/2963, Loss: 844.682, Trans_L2_m: 9.285, Yaw_err_deg: 2.025
Epoch: [2/25], Batch: 2490/2963, Loss: 501.227, Trans_L2_m: 6.482, Yaw_err_deg: 1.844
Epoch: [2/25], Batch: 2500/2963, Loss: 1033.911, Trans_L2_m: 9.285, Yaw_err_deg: 3.237
Epoch: [2/25], Batch: 2510/2963, Loss: 1046.946, Trans_L2_m: 10.669, Yaw_err_deg: 3.696
Epoch: [2/25], Batch: 2520/2963, Loss: 406.921, Trans_L2_m: 4.499, Yaw_err_deg: 3.277
Epoch: [2/25], Batch: 2530/2963, Loss: 824.064, Trans_L2_m: 8.154, Yaw_err_deg: 3.146
Epoch: [2/25], Batch: 2540/2963, Loss: 652.407, Trans_L2_m: 5.548, Yaw_err_deg: 2.602
Epoch: [2/25], Batch: 2550/2963, Loss: 659.199, Trans_L2_m: 6.326, Yaw_err_deg: 2.298
Epoch: [2/25], Batch: 2560/2963, Loss: 760.164, Trans_L2_m: 7.832, Yaw_err_deg: 2.702
Epoch: [2/25], Batch: 2570/2963, Loss: 894.146, Trans_L2_m: 9.347, Yaw_err_deg: 2.063
Epoch: [2/25], Batch: 2580/2963, Loss: 790.593, Trans_L2_m: 8.299, Yaw_err_deg: 2.885
Epoch: [2/25], Batch: 2590/2963, Loss: 364.218, Trans_L2_m: 4.746, Yaw_err_deg: 2.595
Epoch: [2/25], Batch: 2600/2963, Loss: 780.598, Trans_L2_m: 7.580, Yaw_err_deg: 3.027
Epoch: [2/25], Batch: 2610/2963, Loss: 856.058, Trans_L2_m: 8.149, Yaw_err_deg: 4.612
Epoch: [2/25], Batch: 2620/2963, Loss: 793.981, Trans_L2_m: 8.461, Yaw_err_deg: 3.840
Epoch: [2/25], Batch: 2630/2963, Loss: 703.265, Trans_L2_m: 4.960, Yaw_err_deg: 4.788
Epoch: [2/25], Batch: 2640/2963, Loss: 957.549, Trans_L2_m: 10.405, Yaw_err_deg: 2.213
Epoch: [2/25], Batch: 2650/2963, Loss: 571.624, Trans_L2_m: 5.924, Yaw_err_deg: 3.634
Epoch: [2/25], Batch: 2660/2963, Loss: 722.105, Trans_L2_m: 7.592, Yaw_err_deg: 4.032
Epoch: [2/25], Batch: 2670/2963, Loss: 860.349, Trans_L2_m: 9.891, Yaw_err_deg: 1.786
Epoch: [2/25], Batch: 2680/2963, Loss: 708.312, Trans_L2_m: 7.927, Yaw_err_deg: 2.413
Epoch: [2/25], Batch: 2690/2963, Loss: 627.279, Trans_L2_m: 7.402, Yaw_err_deg: 3.106
Epoch: [2/25], Batch: 2700/2963, Loss: 815.224, Trans_L2_m: 8.018, Yaw_err_deg: 3.118
Epoch: [2/25], Batch: 2710/2963, Loss: 550.780, Trans_L2_m: 6.641, Yaw_err_deg: 1.832
Epoch: [2/25], Batch: 2720/2963, Loss: 826.126, Trans_L2_m: 7.260, Yaw_err_deg: 4.121
Epoch: [2/25], Batch: 2730/2963, Loss: 1086.984, Trans_L2_m: 10.079, Yaw_err_deg: 4.385
Epoch: [2/25], Batch: 2740/2963, Loss: 512.074, Trans_L2_m: 5.902, Yaw_err_deg: 1.831
Epoch: [2/25], Batch: 2750/2963, Loss: 884.714, Trans_L2_m: 9.099, Yaw_err_deg: 2.002
Epoch: [2/25], Batch: 2760/2963, Loss: 888.513, Trans_L2_m: 9.430, Yaw_err_deg: 3.827
Epoch: [2/25], Batch: 2770/2963, Loss: 762.144, Trans_L2_m: 6.267, Yaw_err_deg: 4.221
Epoch: [2/25], Batch: 2780/2963, Loss: 888.947, Trans_L2_m: 8.191, Yaw_err_deg: 3.001
Epoch: [2/25], Batch: 2790/2963, Loss: 868.733, Trans_L2_m: 8.650, Yaw_err_deg: 3.570
Epoch: [2/25], Batch: 2800/2963, Loss: 400.571, Trans_L2_m: 5.025, Yaw_err_deg: 2.169
Epoch: [2/25], Batch: 2810/2963, Loss: 1321.206, Trans_L2_m: 10.547, Yaw_err_deg: 3.762
Epoch: [2/25], Batch: 2820/2963, Loss: 443.591, Trans_L2_m: 5.150, Yaw_err_deg: 3.201
Epoch: [2/25], Batch: 2830/2963, Loss: 870.687, Trans_L2_m: 8.108, Yaw_err_deg: 2.948
Epoch: [2/25], Batch: 2840/2963, Loss: 1051.208, Trans_L2_m: 10.360, Yaw_err_deg: 2.545
Epoch: [2/25], Batch: 2850/2963, Loss: 691.621, Trans_L2_m: 7.606, Yaw_err_deg: 3.500
Epoch: [2/25], Batch: 2860/2963, Loss: 710.865, Trans_L2_m: 8.270, Yaw_err_deg: 1.821
Epoch: [2/25], Batch: 2870/2963, Loss: 578.119, Trans_L2_m: 7.142, Yaw_err_deg: 2.170
Epoch: [2/25], Batch: 2880/2963, Loss: 812.861, Trans_L2_m: 8.345, Yaw_err_deg: 2.984
Epoch: [2/25], Batch: 2890/2963, Loss: 820.344, Trans_L2_m: 7.102, Yaw_err_deg: 3.868
Epoch: [2/25], Batch: 2900/2963, Loss: 785.249, Trans_L2_m: 7.385, Yaw_err_deg: 4.120
Epoch: [2/25], Batch: 2910/2963, Loss: 673.060, Trans_L2_m: 7.761, Yaw_err_deg: 3.157
Epoch: [2/25], Batch: 2920/2963, Loss: 654.986, Trans_L2_m: 7.658, Yaw_err_deg: 3.016
Epoch: [2/25], Batch: 2930/2963, Loss: 583.571, Trans_L2_m: 6.748, Yaw_err_deg: 2.679
Epoch: [2/25], Batch: 2940/2963, Loss: 434.771, Trans_L2_m: 5.267, Yaw_err_deg: 2.762
Epoch: [2/25], Batch: 2950/2963, Loss: 1178.275, Trans_L2_m: 11.425, Yaw_err_deg: 2.615
Epoch: [2/25], Batch: 2960/2963, Loss: 996.500, Trans_L2_m: 9.993, Yaw_err_deg: 1.666
Validation loss (homography): 5037.2514
Avg batch time: 1139.21 ms, total: 369.366 s
[1;91mVal has no improvement vs 4670.90966796875![0m
Epoch: [3/25], Batch: 0/2963, Loss: 824.335, Trans_L2_m: 8.130, Yaw_err_deg: 2.625
Epoch: [3/25], Batch: 10/2963, Loss: 502.691, Trans_L2_m: 6.012, Yaw_err_deg: 2.173
Epoch: [3/25], Batch: 20/2963, Loss: 810.918, Trans_L2_m: 8.626, Yaw_err_deg: 3.595
Epoch: [3/25], Batch: 30/2963, Loss: 726.872, Trans_L2_m: 8.049, Yaw_err_deg: 2.587
Epoch: [3/25], Batch: 40/2963, Loss: 531.789, Trans_L2_m: 5.783, Yaw_err_deg: 3.567
Epoch: [3/25], Batch: 50/2963, Loss: 807.979, Trans_L2_m: 8.258, Yaw_err_deg: 2.751
Epoch: [3/25], Batch: 60/2963, Loss: 457.238, Trans_L2_m: 5.560, Yaw_err_deg: 2.368
Epoch: [3/25], Batch: 70/2963, Loss: 754.835, Trans_L2_m: 8.767, Yaw_err_deg: 2.836
Epoch: [3/25], Batch: 80/2963, Loss: 808.975, Trans_L2_m: 8.500, Yaw_err_deg: 2.118
Epoch: [3/25], Batch: 90/2963, Loss: 846.946, Trans_L2_m: 9.659, Yaw_err_deg: 2.720
Epoch: [3/25], Batch: 100/2963, Loss: 962.439, Trans_L2_m: 9.129, Yaw_err_deg: 3.724
Epoch: [3/25], Batch: 110/2963, Loss: 688.206, Trans_L2_m: 7.494, Yaw_err_deg: 2.638
Epoch: [3/25], Batch: 120/2963, Loss: 814.145, Trans_L2_m: 8.743, Yaw_err_deg: 2.640
Epoch: [3/25], Batch: 130/2963, Loss: 474.912, Trans_L2_m: 5.054, Yaw_err_deg: 3.766
Epoch: [3/25], Batch: 140/2963, Loss: 923.875, Trans_L2_m: 9.820, Yaw_err_deg: 2.820
Epoch: [3/25], Batch: 150/2963, Loss: 770.320, Trans_L2_m: 6.754, Yaw_err_deg: 2.673
Epoch: [3/25], Batch: 160/2963, Loss: 1062.275, Trans_L2_m: 9.567, Yaw_err_deg: 4.440
Epoch: [3/25], Batch: 170/2963, Loss: 807.315, Trans_L2_m: 7.532, Yaw_err_deg: 2.915
Epoch: [3/25], Batch: 180/2963, Loss: 608.453, Trans_L2_m: 6.489, Yaw_err_deg: 2.588
Epoch: [3/25], Batch: 190/2963, Loss: 673.058, Trans_L2_m: 7.050, Yaw_err_deg: 2.986
Epoch: [3/25], Batch: 200/2963, Loss: 888.250, Trans_L2_m: 8.036, Yaw_err_deg: 2.427
Epoch: [3/25], Batch: 210/2963, Loss: 499.965, Trans_L2_m: 4.539, Yaw_err_deg: 2.617
Epoch: [3/25], Batch: 220/2963, Loss: 797.198, Trans_L2_m: 7.014, Yaw_err_deg: 3.162
Epoch: [3/25], Batch: 230/2963, Loss: 663.968, Trans_L2_m: 7.263, Yaw_err_deg: 2.612
Epoch: [3/25], Batch: 240/2963, Loss: 806.670, Trans_L2_m: 8.552, Yaw_err_deg: 3.314
Epoch: [3/25], Batch: 250/2963, Loss: 653.227, Trans_L2_m: 6.602, Yaw_err_deg: 3.222
Epoch: [3/25], Batch: 260/2963, Loss: 318.208, Trans_L2_m: 5.000, Yaw_err_deg: 1.211
Epoch: [3/25], Batch: 270/2963, Loss: 560.054, Trans_L2_m: 7.160, Yaw_err_deg: 2.162
Epoch: [3/25], Batch: 280/2963, Loss: 427.165, Trans_L2_m: 5.216, Yaw_err_deg: 2.937
Epoch: [3/25], Batch: 290/2963, Loss: 658.536, Trans_L2_m: 6.843, Yaw_err_deg: 2.714
Epoch: [3/25], Batch: 300/2963, Loss: 781.229, Trans_L2_m: 7.346, Yaw_err_deg: 3.850
Epoch: [3/25], Batch: 310/2963, Loss: 1263.393, Trans_L2_m: 12.148, Yaw_err_deg: 3.255
Epoch: [3/25], Batch: 320/2963, Loss: 939.218, Trans_L2_m: 9.090, Yaw_err_deg: 2.739
Epoch: [3/25], Batch: 330/2963, Loss: 645.113, Trans_L2_m: 8.065, Yaw_err_deg: 2.116
Epoch: [3/25], Batch: 340/2963, Loss: 431.231, Trans_L2_m: 5.255, Yaw_err_deg: 1.906
Epoch: [3/25], Batch: 350/2963, Loss: 847.470, Trans_L2_m: 8.850, Yaw_err_deg: 2.252
Epoch: [3/25], Batch: 360/2963, Loss: 540.404, Trans_L2_m: 5.484, Yaw_err_deg: 3.493
Epoch: [3/25], Batch: 370/2963, Loss: 853.213, Trans_L2_m: 7.369, Yaw_err_deg: 3.633
Epoch: [3/25], Batch: 380/2963, Loss: 561.480, Trans_L2_m: 5.772, Yaw_err_deg: 3.262
Epoch: [3/25], Batch: 390/2963, Loss: 904.769, Trans_L2_m: 8.303, Yaw_err_deg: 3.074
Epoch: [3/25], Batch: 400/2963, Loss: 591.972, Trans_L2_m: 6.647, Yaw_err_deg: 2.040
Epoch: [3/25], Batch: 410/2963, Loss: 424.942, Trans_L2_m: 4.726, Yaw_err_deg: 2.703
Epoch: [3/25], Batch: 420/2963, Loss: 672.535, Trans_L2_m: 7.512, Yaw_err_deg: 3.627
Epoch: [3/25], Batch: 430/2963, Loss: 782.428, Trans_L2_m: 9.471, Yaw_err_deg: 2.605
Epoch: [3/25], Batch: 440/2963, Loss: 876.776, Trans_L2_m: 7.823, Yaw_err_deg: 3.584
Epoch: [3/25], Batch: 450/2963, Loss: 538.721, Trans_L2_m: 7.614, Yaw_err_deg: 2.683
Epoch: [3/25], Batch: 460/2963, Loss: 640.043, Trans_L2_m: 6.915, Yaw_err_deg: 3.458
Epoch: [3/25], Batch: 470/2963, Loss: 570.551, Trans_L2_m: 7.371, Yaw_err_deg: 3.296
Epoch: [3/25], Batch: 480/2963, Loss: 721.096, Trans_L2_m: 6.154, Yaw_err_deg: 4.679
Epoch: [3/25], Batch: 490/2963, Loss: 593.821, Trans_L2_m: 6.779, Yaw_err_deg: 2.872
Epoch: [3/25], Batch: 500/2963, Loss: 658.575, Trans_L2_m: 7.601, Yaw_err_deg: 3.178
Epoch: [3/25], Batch: 510/2963, Loss: 771.370, Trans_L2_m: 8.030, Yaw_err_deg: 4.011
Epoch: [3/25], Batch: 520/2963, Loss: 478.876, Trans_L2_m: 5.703, Yaw_err_deg: 3.285
Epoch: [3/25], Batch: 530/2963, Loss: 780.631, Trans_L2_m: 8.865, Yaw_err_deg: 2.239
Epoch: [3/25], Batch: 540/2963, Loss: 619.183, Trans_L2_m: 6.986, Yaw_err_deg: 2.374
Epoch: [3/25], Batch: 550/2963, Loss: 742.385, Trans_L2_m: 7.160, Yaw_err_deg: 4.185
Epoch: [3/25], Batch: 560/2963, Loss: 605.790, Trans_L2_m: 7.655, Yaw_err_deg: 2.448
Epoch: [3/25], Batch: 570/2963, Loss: 831.224, Trans_L2_m: 9.179, Yaw_err_deg: 2.661
Epoch: [3/25], Batch: 580/2963, Loss: 881.328, Trans_L2_m: 9.548, Yaw_err_deg: 2.753
Epoch: [3/25], Batch: 590/2963, Loss: 543.631, Trans_L2_m: 6.574, Yaw_err_deg: 1.870
Epoch: [3/25], Batch: 600/2963, Loss: 668.049, Trans_L2_m: 7.297, Yaw_err_deg: 3.762
Epoch: [3/25], Batch: 610/2963, Loss: 517.744, Trans_L2_m: 6.486, Yaw_err_deg: 2.806
Epoch: [3/25], Batch: 620/2963, Loss: 569.337, Trans_L2_m: 6.251, Yaw_err_deg: 2.932
Epoch: [3/25], Batch: 630/2963, Loss: 528.233, Trans_L2_m: 6.269, Yaw_err_deg: 1.820
Epoch: [3/25], Batch: 640/2963, Loss: 758.264, Trans_L2_m: 8.183, Yaw_err_deg: 2.308
Epoch: [3/25], Batch: 650/2963, Loss: 499.472, Trans_L2_m: 6.248, Yaw_err_deg: 2.630
Epoch: [3/25], Batch: 660/2963, Loss: 1177.165, Trans_L2_m: 11.070, Yaw_err_deg: 2.356
Epoch: [3/25], Batch: 670/2963, Loss: 577.402, Trans_L2_m: 6.637, Yaw_err_deg: 1.480
Epoch: [3/25], Batch: 680/2963, Loss: 421.913, Trans_L2_m: 5.140, Yaw_err_deg: 2.435
Epoch: [3/25], Batch: 690/2963, Loss: 802.321, Trans_L2_m: 9.670, Yaw_err_deg: 2.578
Epoch: [3/25], Batch: 700/2963, Loss: 884.837, Trans_L2_m: 8.353, Yaw_err_deg: 3.286
Epoch: [3/25], Batch: 710/2963, Loss: 534.657, Trans_L2_m: 4.746, Yaw_err_deg: 4.079
Epoch: [3/25], Batch: 720/2963, Loss: 1065.224, Trans_L2_m: 10.300, Yaw_err_deg: 3.074
Epoch: [3/25], Batch: 730/2963, Loss: 753.229, Trans_L2_m: 7.090, Yaw_err_deg: 3.950
Epoch: [3/25], Batch: 740/2963, Loss: 876.798, Trans_L2_m: 8.964, Yaw_err_deg: 1.965
Epoch: [3/25], Batch: 750/2963, Loss: 285.231, Trans_L2_m: 3.934, Yaw_err_deg: 2.258
Epoch: [3/25], Batch: 760/2963, Loss: 657.420, Trans_L2_m: 6.883, Yaw_err_deg: 3.524
Epoch: [3/25], Batch: 770/2963, Loss: 402.475, Trans_L2_m: 4.897, Yaw_err_deg: 2.408
Epoch: [3/25], Batch: 780/2963, Loss: 501.512, Trans_L2_m: 6.291, Yaw_err_deg: 3.090
Epoch: [3/25], Batch: 790/2963, Loss: 669.963, Trans_L2_m: 7.921, Yaw_err_deg: 2.319
Epoch: [3/25], Batch: 800/2963, Loss: 735.747, Trans_L2_m: 7.175, Yaw_err_deg: 2.918
Epoch: [3/25], Batch: 810/2963, Loss: 905.558, Trans_L2_m: 7.822, Yaw_err_deg: 3.344
Epoch: [3/25], Batch: 820/2963, Loss: 733.383, Trans_L2_m: 8.377, Yaw_err_deg: 2.882
Epoch: [3/25], Batch: 830/2963, Loss: 620.081, Trans_L2_m: 6.944, Yaw_err_deg: 2.673
Epoch: [3/25], Batch: 840/2963, Loss: 834.331, Trans_L2_m: 6.439, Yaw_err_deg: 3.687
Epoch: [3/25], Batch: 850/2963, Loss: 802.813, Trans_L2_m: 8.566, Yaw_err_deg: 3.783
Epoch: [3/25], Batch: 860/2963, Loss: 863.704, Trans_L2_m: 9.396, Yaw_err_deg: 2.477
Epoch: [3/25], Batch: 870/2963, Loss: 852.440, Trans_L2_m: 8.864, Yaw_err_deg: 3.258
Epoch: [3/25], Batch: 880/2963, Loss: 775.542, Trans_L2_m: 8.268, Yaw_err_deg: 2.052
Epoch: [3/25], Batch: 890/2963, Loss: 722.757, Trans_L2_m: 7.226, Yaw_err_deg: 2.950
Epoch: [3/25], Batch: 900/2963, Loss: 599.926, Trans_L2_m: 6.506, Yaw_err_deg: 2.215
Epoch: [3/25], Batch: 910/2963, Loss: 830.672, Trans_L2_m: 8.923, Yaw_err_deg: 2.802
Epoch: [3/25], Batch: 920/2963, Loss: 899.837, Trans_L2_m: 9.401, Yaw_err_deg: 3.020
Epoch: [3/25], Batch: 930/2963, Loss: 641.026, Trans_L2_m: 7.757, Yaw_err_deg: 2.689
Epoch: [3/25], Batch: 940/2963, Loss: 381.249, Trans_L2_m: 4.384, Yaw_err_deg: 3.480
Epoch: [3/25], Batch: 950/2963, Loss: 1050.623, Trans_L2_m: 9.737, Yaw_err_deg: 3.339
Epoch: [3/25], Batch: 960/2963, Loss: 924.903, Trans_L2_m: 8.896, Yaw_err_deg: 5.008
Epoch: [3/25], Batch: 970/2963, Loss: 630.649, Trans_L2_m: 5.997, Yaw_err_deg: 3.499
Epoch: [3/25], Batch: 980/2963, Loss: 744.965, Trans_L2_m: 8.392, Yaw_err_deg: 3.252
Epoch: [3/25], Batch: 990/2963, Loss: 608.194, Trans_L2_m: 6.674, Yaw_err_deg: 2.841
Epoch: [3/25], Batch: 1000/2963, Loss: 762.570, Trans_L2_m: 8.897, Yaw_err_deg: 2.000
Epoch: [3/25], Batch: 1010/2963, Loss: 858.206, Trans_L2_m: 8.408, Yaw_err_deg: 3.146
Epoch: [3/25], Batch: 1020/2963, Loss: 960.925, Trans_L2_m: 7.963, Yaw_err_deg: 3.809
Epoch: [3/25], Batch: 1030/2963, Loss: 568.570, Trans_L2_m: 7.224, Yaw_err_deg: 2.708
Epoch: [3/25], Batch: 1040/2963, Loss: 637.475, Trans_L2_m: 5.898, Yaw_err_deg: 3.281
Epoch: [3/25], Batch: 1050/2963, Loss: 721.772, Trans_L2_m: 7.991, Yaw_err_deg: 3.618
Epoch: [3/25], Batch: 1060/2963, Loss: 1074.335, Trans_L2_m: 10.481, Yaw_err_deg: 3.626
Epoch: [3/25], Batch: 1070/2963, Loss: 586.695, Trans_L2_m: 7.202, Yaw_err_deg: 2.971
Epoch: [3/25], Batch: 1080/2963, Loss: 929.050, Trans_L2_m: 9.012, Yaw_err_deg: 1.869
Epoch: [3/25], Batch: 1090/2963, Loss: 677.579, Trans_L2_m: 7.770, Yaw_err_deg: 2.997
Epoch: [3/25], Batch: 1100/2963, Loss: 775.773, Trans_L2_m: 8.580, Yaw_err_deg: 2.819
Epoch: [3/25], Batch: 1110/2963, Loss: 908.909, Trans_L2_m: 8.006, Yaw_err_deg: 3.609
Epoch: [3/25], Batch: 1120/2963, Loss: 487.365, Trans_L2_m: 5.320, Yaw_err_deg: 2.028
Epoch: [3/25], Batch: 1130/2963, Loss: 729.689, Trans_L2_m: 8.034, Yaw_err_deg: 2.867
Epoch: [3/25], Batch: 1140/2963, Loss: 600.880, Trans_L2_m: 6.124, Yaw_err_deg: 2.646
Epoch: [3/25], Batch: 1150/2963, Loss: 915.258, Trans_L2_m: 9.485, Yaw_err_deg: 3.039
Epoch: [3/25], Batch: 1160/2963, Loss: 633.292, Trans_L2_m: 5.561, Yaw_err_deg: 4.286
Epoch: [3/25], Batch: 1170/2963, Loss: 576.678, Trans_L2_m: 7.629, Yaw_err_deg: 2.208
Epoch: [3/25], Batch: 1180/2963, Loss: 744.584, Trans_L2_m: 6.718, Yaw_err_deg: 3.702
Epoch: [3/25], Batch: 1190/2963, Loss: 781.607, Trans_L2_m: 8.971, Yaw_err_deg: 2.939
Epoch: [3/25], Batch: 1200/2963, Loss: 607.430, Trans_L2_m: 6.453, Yaw_err_deg: 2.634
Epoch: [3/25], Batch: 1210/2963, Loss: 564.499, Trans_L2_m: 5.936, Yaw_err_deg: 3.371
Epoch: [3/25], Batch: 1220/2963, Loss: 447.613, Trans_L2_m: 5.718, Yaw_err_deg: 1.762
Epoch: [3/25], Batch: 1230/2963, Loss: 515.227, Trans_L2_m: 5.782, Yaw_err_deg: 2.834
Epoch: [3/25], Batch: 1240/2963, Loss: 768.416, Trans_L2_m: 8.008, Yaw_err_deg: 2.262
Epoch: [3/25], Batch: 1250/2963, Loss: 458.749, Trans_L2_m: 5.155, Yaw_err_deg: 3.991
Epoch: [3/25], Batch: 1260/2963, Loss: 688.300, Trans_L2_m: 7.029, Yaw_err_deg: 3.613
Epoch: [3/25], Batch: 1270/2963, Loss: 607.957, Trans_L2_m: 7.659, Yaw_err_deg: 1.834
Epoch: [3/25], Batch: 1280/2963, Loss: 869.990, Trans_L2_m: 9.653, Yaw_err_deg: 2.426
Epoch: [3/25], Batch: 1290/2963, Loss: 708.562, Trans_L2_m: 7.650, Yaw_err_deg: 3.117
Epoch: [3/25], Batch: 1300/2963, Loss: 712.054, Trans_L2_m: 8.313, Yaw_err_deg: 2.571
Epoch: [3/25], Batch: 1310/2963, Loss: 1063.745, Trans_L2_m: 10.972, Yaw_err_deg: 3.027
Epoch: [3/25], Batch: 1320/2963, Loss: 1086.170, Trans_L2_m: 8.782, Yaw_err_deg: 3.572
Epoch: [3/25], Batch: 1330/2963, Loss: 463.013, Trans_L2_m: 5.626, Yaw_err_deg: 3.007
Epoch: [3/25], Batch: 1340/2963, Loss: 934.706, Trans_L2_m: 10.087, Yaw_err_deg: 3.265
Epoch: [3/25], Batch: 1350/2963, Loss: 612.854, Trans_L2_m: 6.942, Yaw_err_deg: 2.016
Epoch: [3/25], Batch: 1360/2963, Loss: 1086.864, Trans_L2_m: 9.873, Yaw_err_deg: 3.622
Epoch: [3/25], Batch: 1370/2963, Loss: 1091.018, Trans_L2_m: 9.739, Yaw_err_deg: 2.740
Epoch: [3/25], Batch: 1380/2963, Loss: 696.323, Trans_L2_m: 6.786, Yaw_err_deg: 3.050
Epoch: [3/25], Batch: 1390/2963, Loss: 733.444, Trans_L2_m: 7.769, Yaw_err_deg: 2.971
Epoch: [3/25], Batch: 1400/2963, Loss: 458.432, Trans_L2_m: 5.692, Yaw_err_deg: 2.439
Epoch: [3/25], Batch: 1410/2963, Loss: 512.648, Trans_L2_m: 5.866, Yaw_err_deg: 2.812
Epoch: [3/25], Batch: 1420/2963, Loss: 649.750, Trans_L2_m: 6.243, Yaw_err_deg: 3.270
Epoch: [3/25], Batch: 1430/2963, Loss: 980.968, Trans_L2_m: 9.934, Yaw_err_deg: 2.583
Epoch: [3/25], Batch: 1440/2963, Loss: 678.474, Trans_L2_m: 8.299, Yaw_err_deg: 1.798
Epoch: [3/25], Batch: 1450/2963, Loss: 707.738, Trans_L2_m: 7.302, Yaw_err_deg: 3.373
Epoch: [3/25], Batch: 1460/2963, Loss: 379.451, Trans_L2_m: 5.475, Yaw_err_deg: 1.743
Epoch: [3/25], Batch: 1470/2963, Loss: 1101.655, Trans_L2_m: 9.680, Yaw_err_deg: 3.687
Epoch: [3/25], Batch: 1480/2963, Loss: 605.478, Trans_L2_m: 7.117, Yaw_err_deg: 1.592
Epoch: [3/25], Batch: 1490/2963, Loss: 421.395, Trans_L2_m: 5.057, Yaw_err_deg: 2.907
Epoch: [3/25], Batch: 1500/2963, Loss: 740.534, Trans_L2_m: 7.496, Yaw_err_deg: 3.648
Epoch: [3/25], Batch: 1510/2963, Loss: 416.393, Trans_L2_m: 6.118, Yaw_err_deg: 1.995
Epoch: [3/25], Batch: 1520/2963, Loss: 872.600, Trans_L2_m: 8.687, Yaw_err_deg: 3.100
Epoch: [3/25], Batch: 1530/2963, Loss: 595.162, Trans_L2_m: 7.638, Yaw_err_deg: 2.482
Epoch: [3/25], Batch: 1540/2963, Loss: 731.442, Trans_L2_m: 7.380, Yaw_err_deg: 2.840
Epoch: [3/25], Batch: 1550/2963, Loss: 491.828, Trans_L2_m: 6.221, Yaw_err_deg: 2.871
Epoch: [3/25], Batch: 1560/2963, Loss: 709.053, Trans_L2_m: 8.760, Yaw_err_deg: 3.028
Epoch: [3/25], Batch: 1570/2963, Loss: 790.359, Trans_L2_m: 8.868, Yaw_err_deg: 2.462
Epoch: [3/25], Batch: 1580/2963, Loss: 658.601, Trans_L2_m: 7.522, Yaw_err_deg: 2.506
Epoch: [3/25], Batch: 1590/2963, Loss: 752.557, Trans_L2_m: 8.188, Yaw_err_deg: 3.241
Epoch: [3/25], Batch: 1600/2963, Loss: 553.649, Trans_L2_m: 6.179, Yaw_err_deg: 2.262
Epoch: [3/25], Batch: 1610/2963, Loss: 338.310, Trans_L2_m: 4.702, Yaw_err_deg: 2.333
Epoch: [3/25], Batch: 1620/2963, Loss: 629.468, Trans_L2_m: 7.636, Yaw_err_deg: 1.734
Epoch: [3/25], Batch: 1630/2963, Loss: 980.709, Trans_L2_m: 8.354, Yaw_err_deg: 2.854
Epoch: [3/25], Batch: 1640/2963, Loss: 532.343, Trans_L2_m: 6.669, Yaw_err_deg: 1.791
Epoch: [3/25], Batch: 1650/2963, Loss: 398.838, Trans_L2_m: 4.675, Yaw_err_deg: 2.871
Epoch: [3/25], Batch: 1660/2963, Loss: 764.522, Trans_L2_m: 9.179, Yaw_err_deg: 2.330
Epoch: [3/25], Batch: 1670/2963, Loss: 558.945, Trans_L2_m: 6.279, Yaw_err_deg: 3.344
Epoch: [3/25], Batch: 1680/2963, Loss: 626.780, Trans_L2_m: 7.726, Yaw_err_deg: 2.244
Epoch: [3/25], Batch: 1690/2963, Loss: 709.434, Trans_L2_m: 7.188, Yaw_err_deg: 3.087
Epoch: [3/25], Batch: 1700/2963, Loss: 1087.276, Trans_L2_m: 10.843, Yaw_err_deg: 2.682
Epoch: [3/25], Batch: 1710/2963, Loss: 834.331, Trans_L2_m: 8.305, Yaw_err_deg: 2.302
Epoch: [3/25], Batch: 1720/2963, Loss: 621.842, Trans_L2_m: 7.461, Yaw_err_deg: 3.113
Epoch: [3/25], Batch: 1730/2963, Loss: 612.464, Trans_L2_m: 6.542, Yaw_err_deg: 2.308
Epoch: [3/25], Batch: 1740/2963, Loss: 580.655, Trans_L2_m: 7.192, Yaw_err_deg: 2.830
Epoch: [3/25], Batch: 1750/2963, Loss: 949.210, Trans_L2_m: 9.720, Yaw_err_deg: 2.091
Epoch: [3/25], Batch: 1760/2963, Loss: 482.763, Trans_L2_m: 6.175, Yaw_err_deg: 2.388
Epoch: [3/25], Batch: 1770/2963, Loss: 735.086, Trans_L2_m: 6.286, Yaw_err_deg: 4.175
Epoch: [3/25], Batch: 1780/2963, Loss: 689.857, Trans_L2_m: 7.915, Yaw_err_deg: 2.170
Epoch: [3/25], Batch: 1790/2963, Loss: 752.219, Trans_L2_m: 9.045, Yaw_err_deg: 2.090
Epoch: [3/25], Batch: 1800/2963, Loss: 787.510, Trans_L2_m: 8.480, Yaw_err_deg: 3.648
Epoch: [3/25], Batch: 1810/2963, Loss: 564.705, Trans_L2_m: 7.770, Yaw_err_deg: 1.931
Epoch: [3/25], Batch: 1820/2963, Loss: 942.058, Trans_L2_m: 9.127, Yaw_err_deg: 3.180
Epoch: [3/25], Batch: 1830/2963, Loss: 379.890, Trans_L2_m: 4.007, Yaw_err_deg: 2.801
Epoch: [3/25], Batch: 1840/2963, Loss: 702.428, Trans_L2_m: 8.004, Yaw_err_deg: 1.741
Epoch: [3/25], Batch: 1850/2963, Loss: 1038.282, Trans_L2_m: 10.229, Yaw_err_deg: 2.675
Epoch: [3/25], Batch: 1860/2963, Loss: 518.755, Trans_L2_m: 6.517, Yaw_err_deg: 2.473
Epoch: [3/25], Batch: 1870/2963, Loss: 598.740, Trans_L2_m: 7.136, Yaw_err_deg: 2.762
Epoch: [3/25], Batch: 1880/2963, Loss: 768.427, Trans_L2_m: 7.810, Yaw_err_deg: 2.280
Epoch: [3/25], Batch: 1890/2963, Loss: 592.668, Trans_L2_m: 7.312, Yaw_err_deg: 2.207
Epoch: [3/25], Batch: 1900/2963, Loss: 614.917, Trans_L2_m: 7.169, Yaw_err_deg: 1.851
Epoch: [3/25], Batch: 1910/2963, Loss: 464.130, Trans_L2_m: 5.211, Yaw_err_deg: 2.897
Epoch: [3/25], Batch: 1920/2963, Loss: 727.149, Trans_L2_m: 8.156, Yaw_err_deg: 2.210
Epoch: [3/25], Batch: 1930/2963, Loss: 581.296, Trans_L2_m: 6.396, Yaw_err_deg: 3.350
Epoch: [3/25], Batch: 1940/2963, Loss: 703.570, Trans_L2_m: 8.067, Yaw_err_deg: 2.939
Epoch: [3/25], Batch: 1950/2963, Loss: 661.347, Trans_L2_m: 8.014, Yaw_err_deg: 2.222
Epoch: [3/25], Batch: 1960/2963, Loss: 973.063, Trans_L2_m: 9.330, Yaw_err_deg: 2.625
Epoch: [3/25], Batch: 1970/2963, Loss: 770.614, Trans_L2_m: 7.987, Yaw_err_deg: 3.283
Epoch: [3/25], Batch: 1980/2963, Loss: 823.258, Trans_L2_m: 7.442, Yaw_err_deg: 3.440
Epoch: [3/25], Batch: 1990/2963, Loss: 612.891, Trans_L2_m: 7.825, Yaw_err_deg: 1.968
Epoch: [3/25], Batch: 2000/2963, Loss: 473.391, Trans_L2_m: 6.506, Yaw_err_deg: 1.717
Epoch: [3/25], Batch: 2010/2963, Loss: 558.597, Trans_L2_m: 6.517, Yaw_err_deg: 3.060
Epoch: [3/25], Batch: 2020/2963, Loss: 1119.125, Trans_L2_m: 10.879, Yaw_err_deg: 2.565
Epoch: [3/25], Batch: 2030/2963, Loss: 531.178, Trans_L2_m: 6.164, Yaw_err_deg: 1.661
Epoch: [3/25], Batch: 2040/2963, Loss: 826.553, Trans_L2_m: 8.977, Yaw_err_deg: 2.103
Epoch: [3/25], Batch: 2050/2963, Loss: 822.057, Trans_L2_m: 7.281, Yaw_err_deg: 4.550
Epoch: [3/25], Batch: 2060/2963, Loss: 646.110, Trans_L2_m: 6.809, Yaw_err_deg: 2.354
Epoch: [3/25], Batch: 2070/2963, Loss: 726.627, Trans_L2_m: 7.998, Yaw_err_deg: 2.351
Epoch: [3/25], Batch: 2080/2963, Loss: 833.839, Trans_L2_m: 9.250, Yaw_err_deg: 2.163
Epoch: [3/25], Batch: 2090/2963, Loss: 474.800, Trans_L2_m: 5.047, Yaw_err_deg: 3.565
Epoch: [3/25], Batch: 2100/2963, Loss: 886.066, Trans_L2_m: 9.362, Yaw_err_deg: 2.098
Epoch: [3/25], Batch: 2110/2963, Loss: 1138.504, Trans_L2_m: 9.081, Yaw_err_deg: 4.195
Epoch: [3/25], Batch: 2120/2963, Loss: 452.722, Trans_L2_m: 6.213, Yaw_err_deg: 2.586
Epoch: [3/25], Batch: 2130/2963, Loss: 1217.775, Trans_L2_m: 11.013, Yaw_err_deg: 2.540
Epoch: [3/25], Batch: 2140/2963, Loss: 735.133, Trans_L2_m: 8.085, Yaw_err_deg: 2.338
Epoch: [3/25], Batch: 2150/2963, Loss: 897.795, Trans_L2_m: 8.359, Yaw_err_deg: 3.421
Epoch: [3/25], Batch: 2160/2963, Loss: 508.980, Trans_L2_m: 5.761, Yaw_err_deg: 3.272
Epoch: [3/25], Batch: 2170/2963, Loss: 528.926, Trans_L2_m: 5.863, Yaw_err_deg: 3.041
Epoch: [3/25], Batch: 2180/2963, Loss: 671.263, Trans_L2_m: 7.450, Yaw_err_deg: 3.618
Epoch: [3/25], Batch: 2190/2963, Loss: 615.088, Trans_L2_m: 6.965, Yaw_err_deg: 2.271
Epoch: [3/25], Batch: 2200/2963, Loss: 543.039, Trans_L2_m: 5.981, Yaw_err_deg: 3.281
Epoch: [3/25], Batch: 2210/2963, Loss: 704.137, Trans_L2_m: 8.491, Yaw_err_deg: 2.421
Epoch: [3/25], Batch: 2220/2963, Loss: 763.655, Trans_L2_m: 7.528, Yaw_err_deg: 3.231
Epoch: [3/25], Batch: 2230/2963, Loss: 799.310, Trans_L2_m: 8.924, Yaw_err_deg: 2.172
Epoch: [3/25], Batch: 2240/2963, Loss: 836.171, Trans_L2_m: 8.971, Yaw_err_deg: 2.250
Epoch: [3/25], Batch: 2250/2963, Loss: 479.087, Trans_L2_m: 6.297, Yaw_err_deg: 2.892
Epoch: [3/25], Batch: 2260/2963, Loss: 643.954, Trans_L2_m: 6.826, Yaw_err_deg: 2.855
Epoch: [3/25], Batch: 2270/2963, Loss: 530.935, Trans_L2_m: 6.424, Yaw_err_deg: 2.466
Epoch: [3/25], Batch: 2280/2963, Loss: 399.390, Trans_L2_m: 5.273, Yaw_err_deg: 3.200
Epoch: [3/25], Batch: 2290/2963, Loss: 676.567, Trans_L2_m: 6.674, Yaw_err_deg: 3.214
Epoch: [3/25], Batch: 2300/2963, Loss: 668.657, Trans_L2_m: 6.643, Yaw_err_deg: 3.312
Epoch: [3/25], Batch: 2310/2963, Loss: 602.233, Trans_L2_m: 7.286, Yaw_err_deg: 2.918
Epoch: [3/25], Batch: 2320/2963, Loss: 713.268, Trans_L2_m: 7.129, Yaw_err_deg: 2.983
Epoch: [3/25], Batch: 2330/2963, Loss: 448.953, Trans_L2_m: 5.546, Yaw_err_deg: 4.260
Epoch: [3/25], Batch: 2340/2963, Loss: 639.394, Trans_L2_m: 7.178, Yaw_err_deg: 2.343
Epoch: [3/25], Batch: 2350/2963, Loss: 572.168, Trans_L2_m: 7.116, Yaw_err_deg: 2.158
Epoch: [3/25], Batch: 2360/2963, Loss: 582.580, Trans_L2_m: 6.406, Yaw_err_deg: 3.607
Epoch: [3/25], Batch: 2370/2963, Loss: 854.844, Trans_L2_m: 8.784, Yaw_err_deg: 2.543
Epoch: [3/25], Batch: 2380/2963, Loss: 880.417, Trans_L2_m: 9.323, Yaw_err_deg: 2.934
Epoch: [3/25], Batch: 2390/2963, Loss: 405.772, Trans_L2_m: 5.019, Yaw_err_deg: 2.757
Epoch: [3/25], Batch: 2400/2963, Loss: 503.823, Trans_L2_m: 5.228, Yaw_err_deg: 2.927
Epoch: [3/25], Batch: 2410/2963, Loss: 717.755, Trans_L2_m: 8.033, Yaw_err_deg: 2.709
Epoch: [3/25], Batch: 2420/2963, Loss: 450.381, Trans_L2_m: 4.929, Yaw_err_deg: 2.537
Epoch: [3/25], Batch: 2430/2963, Loss: 658.199, Trans_L2_m: 8.048, Yaw_err_deg: 2.720
Epoch: [3/25], Batch: 2440/2963, Loss: 773.290, Trans_L2_m: 8.421, Yaw_err_deg: 2.520
Epoch: [3/25], Batch: 2450/2963, Loss: 410.279, Trans_L2_m: 5.777, Yaw_err_deg: 2.829
Epoch: [3/25], Batch: 2460/2963, Loss: 592.379, Trans_L2_m: 6.727, Yaw_err_deg: 3.367
Epoch: [3/25], Batch: 2470/2963, Loss: 966.320, Trans_L2_m: 8.520, Yaw_err_deg: 2.850
Epoch: [3/25], Batch: 2480/2963, Loss: 696.700, Trans_L2_m: 7.261, Yaw_err_deg: 2.315
Epoch: [3/25], Batch: 2490/2963, Loss: 654.513, Trans_L2_m: 7.186, Yaw_err_deg: 2.189
Epoch: [3/25], Batch: 2500/2963, Loss: 932.042, Trans_L2_m: 8.308, Yaw_err_deg: 3.658
Epoch: [3/25], Batch: 2510/2963, Loss: 769.127, Trans_L2_m: 7.963, Yaw_err_deg: 2.453
Epoch: [3/25], Batch: 2520/2963, Loss: 523.742, Trans_L2_m: 6.291, Yaw_err_deg: 2.679
Epoch: [3/25], Batch: 2530/2963, Loss: 715.541, Trans_L2_m: 6.946, Yaw_err_deg: 3.847
Epoch: [3/25], Batch: 2540/2963, Loss: 983.152, Trans_L2_m: 9.229, Yaw_err_deg: 3.341
Epoch: [3/25], Batch: 2550/2963, Loss: 597.193, Trans_L2_m: 6.750, Yaw_err_deg: 2.377
Epoch: [3/25], Batch: 2560/2963, Loss: 742.167, Trans_L2_m: 9.030, Yaw_err_deg: 2.761
Epoch: [3/25], Batch: 2570/2963, Loss: 765.714, Trans_L2_m: 8.139, Yaw_err_deg: 2.774
Epoch: [3/25], Batch: 2580/2963, Loss: 587.886, Trans_L2_m: 7.746, Yaw_err_deg: 2.720
Epoch: [3/25], Batch: 2590/2963, Loss: 496.051, Trans_L2_m: 5.790, Yaw_err_deg: 2.776
Epoch: [3/25], Batch: 2600/2963, Loss: 475.963, Trans_L2_m: 5.979, Yaw_err_deg: 2.242
Epoch: [3/25], Batch: 2610/2963, Loss: 761.166, Trans_L2_m: 8.123, Yaw_err_deg: 2.898
Epoch: [3/25], Batch: 2620/2963, Loss: 411.735, Trans_L2_m: 5.617, Yaw_err_deg: 3.036
Epoch: [3/25], Batch: 2630/2963, Loss: 564.459, Trans_L2_m: 6.238, Yaw_err_deg: 1.950
Epoch: [3/25], Batch: 2640/2963, Loss: 517.336, Trans_L2_m: 5.900, Yaw_err_deg: 3.111
Epoch: [3/25], Batch: 2650/2963, Loss: 366.059, Trans_L2_m: 4.885, Yaw_err_deg: 2.583
Epoch: [3/25], Batch: 2660/2963, Loss: 519.805, Trans_L2_m: 5.570, Yaw_err_deg: 2.999
Epoch: [3/25], Batch: 2670/2963, Loss: 501.157, Trans_L2_m: 5.305, Yaw_err_deg: 1.953
Epoch: [3/25], Batch: 2680/2963, Loss: 747.601, Trans_L2_m: 7.238, Yaw_err_deg: 2.236
Epoch: [3/25], Batch: 2690/2963, Loss: 675.497, Trans_L2_m: 7.534, Yaw_err_deg: 2.242
Epoch: [3/25], Batch: 2700/2963, Loss: 398.469, Trans_L2_m: 5.975, Yaw_err_deg: 2.607
Epoch: [3/25], Batch: 2710/2963, Loss: 1147.615, Trans_L2_m: 10.805, Yaw_err_deg: 3.511
Epoch: [3/25], Batch: 2720/2963, Loss: 812.061, Trans_L2_m: 7.979, Yaw_err_deg: 2.627
Epoch: [3/25], Batch: 2730/2963, Loss: 905.813, Trans_L2_m: 9.562, Yaw_err_deg: 1.873
Epoch: [3/25], Batch: 2740/2963, Loss: 798.203, Trans_L2_m: 9.274, Yaw_err_deg: 2.501
Epoch: [3/25], Batch: 2750/2963, Loss: 432.045, Trans_L2_m: 6.194, Yaw_err_deg: 1.621
Epoch: [3/25], Batch: 2760/2963, Loss: 559.360, Trans_L2_m: 6.382, Yaw_err_deg: 2.623
Epoch: [3/25], Batch: 2770/2963, Loss: 541.280, Trans_L2_m: 6.338, Yaw_err_deg: 3.120
Epoch: [3/25], Batch: 2780/2963, Loss: 956.409, Trans_L2_m: 9.977, Yaw_err_deg: 2.385
Epoch: [3/25], Batch: 2790/2963, Loss: 428.473, Trans_L2_m: 5.675, Yaw_err_deg: 2.674
Epoch: [3/25], Batch: 2800/2963, Loss: 700.072, Trans_L2_m: 7.642, Yaw_err_deg: 2.758
Epoch: [3/25], Batch: 2810/2963, Loss: 665.394, Trans_L2_m: 6.582, Yaw_err_deg: 2.314
Epoch: [3/25], Batch: 2820/2963, Loss: 571.624, Trans_L2_m: 7.460, Yaw_err_deg: 1.731
Epoch: [3/25], Batch: 2830/2963, Loss: 674.884, Trans_L2_m: 7.531, Yaw_err_deg: 2.033
Epoch: [3/25], Batch: 2840/2963, Loss: 940.265, Trans_L2_m: 9.834, Yaw_err_deg: 1.948
Epoch: [3/25], Batch: 2850/2963, Loss: 707.996, Trans_L2_m: 7.341, Yaw_err_deg: 3.306
Epoch: [3/25], Batch: 2860/2963, Loss: 537.222, Trans_L2_m: 5.019, Yaw_err_deg: 2.188
Epoch: [3/25], Batch: 2870/2963, Loss: 601.207, Trans_L2_m: 6.980, Yaw_err_deg: 2.976
Epoch: [3/25], Batch: 2880/2963, Loss: 563.470, Trans_L2_m: 6.741, Yaw_err_deg: 3.154
Epoch: [3/25], Batch: 2890/2963, Loss: 820.017, Trans_L2_m: 8.298, Yaw_err_deg: 2.574
Epoch: [3/25], Batch: 2900/2963, Loss: 685.779, Trans_L2_m: 7.833, Yaw_err_deg: 3.167
Epoch: [3/25], Batch: 2910/2963, Loss: 667.702, Trans_L2_m: 7.887, Yaw_err_deg: 2.490
Epoch: [3/25], Batch: 2920/2963, Loss: 835.998, Trans_L2_m: 7.398, Yaw_err_deg: 2.638
Epoch: [3/25], Batch: 2930/2963, Loss: 837.992, Trans_L2_m: 8.752, Yaw_err_deg: 2.396
Epoch: [3/25], Batch: 2940/2963, Loss: 728.629, Trans_L2_m: 8.597, Yaw_err_deg: 1.663
Epoch: [3/25], Batch: 2950/2963, Loss: 515.387, Trans_L2_m: 6.341, Yaw_err_deg: 3.047
Epoch: [3/25], Batch: 2960/2963, Loss: 958.013, Trans_L2_m: 9.381, Yaw_err_deg: 3.648
Epoch: [4/25], Batch: 0/2963, Loss: 584.360, Trans_L2_m: 6.313, Yaw_err_deg: 3.124
Epoch: [4/25], Batch: 10/2963, Loss: 459.898, Trans_L2_m: 6.140, Yaw_err_deg: 2.697
Epoch: [4/25], Batch: 20/2963, Loss: 586.360, Trans_L2_m: 6.762, Yaw_err_deg: 3.249
Epoch: [4/25], Batch: 30/2963, Loss: 478.397, Trans_L2_m: 5.723, Yaw_err_deg: 3.323
Epoch: [4/25], Batch: 40/2963, Loss: 851.319, Trans_L2_m: 8.210, Yaw_err_deg: 3.602
Epoch: [4/25], Batch: 50/2963, Loss: 492.557, Trans_L2_m: 5.639, Yaw_err_deg: 2.972
Epoch: [4/25], Batch: 60/2963, Loss: 609.276, Trans_L2_m: 7.337, Yaw_err_deg: 2.286
Epoch: [4/25], Batch: 70/2963, Loss: 526.494, Trans_L2_m: 6.690, Yaw_err_deg: 2.427
Epoch: [4/25], Batch: 80/2963, Loss: 537.330, Trans_L2_m: 6.152, Yaw_err_deg: 2.319
Epoch: [4/25], Batch: 90/2963, Loss: 353.979, Trans_L2_m: 4.849, Yaw_err_deg: 2.132
Epoch: [4/25], Batch: 100/2963, Loss: 598.507, Trans_L2_m: 6.750, Yaw_err_deg: 2.529
Epoch: [4/25], Batch: 110/2963, Loss: 553.318, Trans_L2_m: 6.583, Yaw_err_deg: 3.244
Epoch: [4/25], Batch: 120/2963, Loss: 530.900, Trans_L2_m: 6.687, Yaw_err_deg: 2.363
Epoch: [4/25], Batch: 130/2963, Loss: 763.889, Trans_L2_m: 8.155, Yaw_err_deg: 2.614
Epoch: [4/25], Batch: 140/2963, Loss: 523.820, Trans_L2_m: 6.133, Yaw_err_deg: 3.065
Epoch: [4/25], Batch: 150/2963, Loss: 507.058, Trans_L2_m: 5.294, Yaw_err_deg: 2.747
Epoch: [4/25], Batch: 160/2963, Loss: 640.801, Trans_L2_m: 8.462, Yaw_err_deg: 2.847
Epoch: [4/25], Batch: 170/2963, Loss: 491.161, Trans_L2_m: 5.757, Yaw_err_deg: 2.888
Epoch: [4/25], Batch: 180/2963, Loss: 835.717, Trans_L2_m: 8.772, Yaw_err_deg: 2.842
Epoch: [4/25], Batch: 190/2963, Loss: 390.342, Trans_L2_m: 4.865, Yaw_err_deg: 3.000
Epoch: [4/25], Batch: 200/2963, Loss: 1045.243, Trans_L2_m: 9.494, Yaw_err_deg: 2.772
Epoch: [4/25], Batch: 210/2963, Loss: 429.457, Trans_L2_m: 5.635, Yaw_err_deg: 2.122
Epoch: [4/25], Batch: 220/2963, Loss: 1072.816, Trans_L2_m: 10.626, Yaw_err_deg: 2.816
Epoch: [4/25], Batch: 230/2963, Loss: 660.599, Trans_L2_m: 8.900, Yaw_err_deg: 2.565
Epoch: [4/25], Batch: 240/2963, Loss: 884.200, Trans_L2_m: 10.068, Yaw_err_deg: 2.329
Epoch: [4/25], Batch: 250/2963, Loss: 821.338, Trans_L2_m: 8.843, Yaw_err_deg: 3.173
Epoch: [4/25], Batch: 260/2963, Loss: 549.185, Trans_L2_m: 6.321, Yaw_err_deg: 2.178
Epoch: [4/25], Batch: 270/2963, Loss: 656.380, Trans_L2_m: 5.314, Yaw_err_deg: 3.472
Epoch: [4/25], Batch: 280/2963, Loss: 971.944, Trans_L2_m: 9.759, Yaw_err_deg: 2.688
Epoch: [4/25], Batch: 290/2963, Loss: 623.055, Trans_L2_m: 7.156, Yaw_err_deg: 2.095
Epoch: [4/25], Batch: 300/2963, Loss: 686.528, Trans_L2_m: 6.763, Yaw_err_deg: 2.457
Epoch: [4/25], Batch: 310/2963, Loss: 662.977, Trans_L2_m: 8.476, Yaw_err_deg: 2.603
Epoch: [4/25], Batch: 320/2963, Loss: 898.756, Trans_L2_m: 9.213, Yaw_err_deg: 3.302
Epoch: [4/25], Batch: 330/2963, Loss: 459.234, Trans_L2_m: 6.159, Yaw_err_deg: 1.677
Epoch: [4/25], Batch: 340/2963, Loss: 840.615, Trans_L2_m: 8.924, Yaw_err_deg: 2.813
Epoch: [4/25], Batch: 350/2963, Loss: 458.216, Trans_L2_m: 5.994, Yaw_err_deg: 2.438
Epoch: [4/25], Batch: 360/2963, Loss: 331.535, Trans_L2_m: 4.339, Yaw_err_deg: 2.578
Epoch: [4/25], Batch: 370/2963, Loss: 418.548, Trans_L2_m: 5.859, Yaw_err_deg: 3.153
Epoch: [4/25], Batch: 380/2963, Loss: 865.804, Trans_L2_m: 7.866, Yaw_err_deg: 3.348
Epoch: [4/25], Batch: 390/2963, Loss: 500.282, Trans_L2_m: 5.609, Yaw_err_deg: 2.292
Epoch: [4/25], Batch: 400/2963, Loss: 685.472, Trans_L2_m: 8.632, Yaw_err_deg: 2.641
Epoch: [4/25], Batch: 410/2963, Loss: 559.726, Trans_L2_m: 6.720, Yaw_err_deg: 3.089
Epoch: [4/25], Batch: 420/2963, Loss: 667.387, Trans_L2_m: 7.529, Yaw_err_deg: 3.680
Epoch: [4/25], Batch: 430/2963, Loss: 591.359, Trans_L2_m: 7.338, Yaw_err_deg: 2.468
Epoch: [4/25], Batch: 440/2963, Loss: 579.376, Trans_L2_m: 7.025, Yaw_err_deg: 2.568
Epoch: [4/25], Batch: 450/2963, Loss: 700.702, Trans_L2_m: 8.181, Yaw_err_deg: 3.091
Epoch: [4/25], Batch: 460/2963, Loss: 650.449, Trans_L2_m: 6.904, Yaw_err_deg: 2.882
Epoch: [4/25], Batch: 470/2963, Loss: 681.077, Trans_L2_m: 7.903, Yaw_err_deg: 2.701
Epoch: [4/25], Batch: 480/2963, Loss: 1246.409, Trans_L2_m: 12.116, Yaw_err_deg: 2.919
Epoch: [4/25], Batch: 490/2963, Loss: 546.050, Trans_L2_m: 6.529, Yaw_err_deg: 1.926
Epoch: [4/25], Batch: 500/2963, Loss: 681.035, Trans_L2_m: 7.991, Yaw_err_deg: 2.554
Epoch: [4/25], Batch: 510/2963, Loss: 496.762, Trans_L2_m: 5.704, Yaw_err_deg: 2.825
Epoch: [4/25], Batch: 520/2963, Loss: 400.071, Trans_L2_m: 4.537, Yaw_err_deg: 2.993
Epoch: [4/25], Batch: 530/2963, Loss: 785.592, Trans_L2_m: 9.171, Yaw_err_deg: 1.357
Epoch: [4/25], Batch: 540/2963, Loss: 603.402, Trans_L2_m: 6.156, Yaw_err_deg: 2.706
Epoch: [4/25], Batch: 550/2963, Loss: 672.432, Trans_L2_m: 7.595, Yaw_err_deg: 3.480
Epoch: [4/25], Batch: 560/2963, Loss: 534.861, Trans_L2_m: 6.999, Yaw_err_deg: 3.281
Epoch: [4/25], Batch: 570/2963, Loss: 1129.627, Trans_L2_m: 10.635, Yaw_err_deg: 3.052
Epoch: [4/25], Batch: 580/2963, Loss: 794.895, Trans_L2_m: 7.371, Yaw_err_deg: 3.560
Epoch: [4/25], Batch: 590/2963, Loss: 368.892, Trans_L2_m: 3.868, Yaw_err_deg: 3.017
Epoch: [4/25], Batch: 600/2963, Loss: 668.599, Trans_L2_m: 8.082, Yaw_err_deg: 2.009
Epoch: [4/25], Batch: 610/2963, Loss: 594.796, Trans_L2_m: 7.180, Yaw_err_deg: 1.695
Epoch: [4/25], Batch: 620/2963, Loss: 990.884, Trans_L2_m: 10.062, Yaw_err_deg: 2.126
Epoch: [4/25], Batch: 630/2963, Loss: 780.424, Trans_L2_m: 7.988, Yaw_err_deg: 2.054
Epoch: [4/25], Batch: 640/2963, Loss: 824.856, Trans_L2_m: 8.268, Yaw_err_deg: 3.499
Epoch: [4/25], Batch: 650/2963, Loss: 1006.387, Trans_L2_m: 10.045, Yaw_err_deg: 2.134
Epoch: [4/25], Batch: 660/2963, Loss: 769.377, Trans_L2_m: 8.525, Yaw_err_deg: 2.749
Epoch: [4/25], Batch: 670/2963, Loss: 570.942, Trans_L2_m: 6.253, Yaw_err_deg: 2.464
Epoch: [4/25], Batch: 680/2963, Loss: 527.957, Trans_L2_m: 5.386, Yaw_err_deg: 3.634
Epoch: [4/25], Batch: 690/2963, Loss: 425.342, Trans_L2_m: 5.515, Yaw_err_deg: 2.945
Epoch: [4/25], Batch: 700/2963, Loss: 690.604, Trans_L2_m: 7.763, Yaw_err_deg: 2.140
Epoch: [4/25], Batch: 710/2963, Loss: 805.018, Trans_L2_m: 7.764, Yaw_err_deg: 3.090
Epoch: [4/25], Batch: 720/2963, Loss: 601.192, Trans_L2_m: 7.407, Yaw_err_deg: 2.575
Epoch: [4/25], Batch: 730/2963, Loss: 624.598, Trans_L2_m: 7.206, Yaw_err_deg: 2.636
Epoch: [4/25], Batch: 740/2963, Loss: 658.006, Trans_L2_m: 7.383, Yaw_err_deg: 2.493
Epoch: [4/25], Batch: 750/2963, Loss: 388.838, Trans_L2_m: 5.946, Yaw_err_deg: 1.688
Epoch: [4/25], Batch: 760/2963, Loss: 798.677, Trans_L2_m: 7.783, Yaw_err_deg: 2.950
Epoch: [4/25], Batch: 770/2963, Loss: 695.218, Trans_L2_m: 7.199, Yaw_err_deg: 2.258
Epoch: [4/25], Batch: 780/2963, Loss: 518.935, Trans_L2_m: 6.118, Yaw_err_deg: 3.475
Epoch: [4/25], Batch: 790/2963, Loss: 867.740, Trans_L2_m: 8.577, Yaw_err_deg: 3.560
Epoch: [4/25], Batch: 800/2963, Loss: 672.324, Trans_L2_m: 7.025, Yaw_err_deg: 2.040
Epoch: [4/25], Batch: 810/2963, Loss: 568.523, Trans_L2_m: 6.641, Yaw_err_deg: 1.879
Epoch: [4/25], Batch: 820/2963, Loss: 809.551, Trans_L2_m: 8.269, Yaw_err_deg: 2.117
Epoch: [4/25], Batch: 830/2963, Loss: 528.746, Trans_L2_m: 5.637, Yaw_err_deg: 3.114
Epoch: [4/25], Batch: 840/2963, Loss: 270.093, Trans_L2_m: 4.425, Yaw_err_deg: 1.695
Epoch: [4/25], Batch: 850/2963, Loss: 493.045, Trans_L2_m: 4.847, Yaw_err_deg: 2.637
Epoch: [4/25], Batch: 860/2963, Loss: 722.397, Trans_L2_m: 6.483, Yaw_err_deg: 2.308
Epoch: [4/25], Batch: 870/2963, Loss: 667.315, Trans_L2_m: 7.636, Yaw_err_deg: 2.190
Epoch: [4/25], Batch: 880/2963, Loss: 1018.821, Trans_L2_m: 10.259, Yaw_err_deg: 2.650
Epoch: [4/25], Batch: 890/2963, Loss: 275.882, Trans_L2_m: 2.895, Yaw_err_deg: 2.539
Epoch: [4/25], Batch: 900/2963, Loss: 393.220, Trans_L2_m: 4.913, Yaw_err_deg: 3.486
Epoch: [4/25], Batch: 910/2963, Loss: 590.363, Trans_L2_m: 6.858, Yaw_err_deg: 2.521
Epoch: [4/25], Batch: 920/2963, Loss: 378.808, Trans_L2_m: 5.283, Yaw_err_deg: 2.005
Epoch: [4/25], Batch: 930/2963, Loss: 565.877, Trans_L2_m: 6.754, Yaw_err_deg: 1.750
Epoch: [4/25], Batch: 940/2963, Loss: 676.142, Trans_L2_m: 7.585, Yaw_err_deg: 2.256
Epoch: [4/25], Batch: 950/2963, Loss: 478.788, Trans_L2_m: 5.693, Yaw_err_deg: 2.679
Epoch: [4/25], Batch: 960/2963, Loss: 620.948, Trans_L2_m: 6.906, Yaw_err_deg: 1.746
Epoch: [4/25], Batch: 970/2963, Loss: 911.384, Trans_L2_m: 8.381, Yaw_err_deg: 3.746
Epoch: [4/25], Batch: 980/2963, Loss: 624.624, Trans_L2_m: 7.893, Yaw_err_deg: 2.152
Epoch: [4/25], Batch: 990/2963, Loss: 679.146, Trans_L2_m: 6.853, Yaw_err_deg: 2.187
Epoch: [4/25], Batch: 1000/2963, Loss: 871.187, Trans_L2_m: 8.468, Yaw_err_deg: 3.630
Epoch: [4/25], Batch: 1010/2963, Loss: 655.426, Trans_L2_m: 8.388, Yaw_err_deg: 1.944
Epoch: [4/25], Batch: 1020/2963, Loss: 604.772, Trans_L2_m: 6.256, Yaw_err_deg: 2.166
Epoch: [4/25], Batch: 1030/2963, Loss: 416.495, Trans_L2_m: 5.600, Yaw_err_deg: 3.221
Epoch: [4/25], Batch: 1040/2963, Loss: 410.640, Trans_L2_m: 5.432, Yaw_err_deg: 1.933
Epoch: [4/25], Batch: 1050/2963, Loss: 549.794, Trans_L2_m: 7.151, Yaw_err_deg: 2.292
Epoch: [4/25], Batch: 1060/2963, Loss: 617.122, Trans_L2_m: 6.189, Yaw_err_deg: 3.300
Epoch: [4/25], Batch: 1070/2963, Loss: 591.564, Trans_L2_m: 6.554, Yaw_err_deg: 1.522
Epoch: [4/25], Batch: 1080/2963, Loss: 498.769, Trans_L2_m: 7.058, Yaw_err_deg: 2.177
Epoch: [4/25], Batch: 1090/2963, Loss: 595.394, Trans_L2_m: 7.096, Yaw_err_deg: 2.244
Epoch: [4/25], Batch: 1100/2963, Loss: 581.232, Trans_L2_m: 5.639, Yaw_err_deg: 2.517
Epoch: [4/25], Batch: 1110/2963, Loss: 631.956, Trans_L2_m: 7.086, Yaw_err_deg: 2.388
Epoch: [4/25], Batch: 1120/2963, Loss: 481.462, Trans_L2_m: 4.784, Yaw_err_deg: 2.414
Epoch: [4/25], Batch: 1130/2963, Loss: 941.105, Trans_L2_m: 8.638, Yaw_err_deg: 2.328
Epoch: [4/25], Batch: 1140/2963, Loss: 926.359, Trans_L2_m: 8.683, Yaw_err_deg: 3.752
Epoch: [4/25], Batch: 1150/2963, Loss: 650.094, Trans_L2_m: 6.841, Yaw_err_deg: 1.884
Epoch: [4/25], Batch: 1160/2963, Loss: 537.260, Trans_L2_m: 5.228, Yaw_err_deg: 3.533
Epoch: [4/25], Batch: 1170/2963, Loss: 446.931, Trans_L2_m: 5.282, Yaw_err_deg: 2.170
Epoch: [4/25], Batch: 1180/2963, Loss: 259.390, Trans_L2_m: 3.606, Yaw_err_deg: 2.061
Epoch: [4/25], Batch: 1190/2963, Loss: 482.003, Trans_L2_m: 7.115, Yaw_err_deg: 2.581
Epoch: [4/25], Batch: 1200/2963, Loss: 737.837, Trans_L2_m: 7.458, Yaw_err_deg: 2.950
Epoch: [4/25], Batch: 1210/2963, Loss: 526.471, Trans_L2_m: 4.074, Yaw_err_deg: 4.826
Epoch: [4/25], Batch: 1220/2963, Loss: 470.604, Trans_L2_m: 6.004, Yaw_err_deg: 2.660
Epoch: [4/25], Batch: 1230/2963, Loss: 557.190, Trans_L2_m: 6.788, Yaw_err_deg: 2.227
Epoch: [4/25], Batch: 1240/2963, Loss: 503.215, Trans_L2_m: 5.379, Yaw_err_deg: 3.512
Epoch: [4/25], Batch: 1250/2963, Loss: 250.137, Trans_L2_m: 2.848, Yaw_err_deg: 2.139
Epoch: [4/25], Batch: 1260/2963, Loss: 701.951, Trans_L2_m: 7.476, Yaw_err_deg: 2.665
Epoch: [4/25], Batch: 1270/2963, Loss: 727.787, Trans_L2_m: 7.581, Yaw_err_deg: 2.813
Epoch: [4/25], Batch: 1280/2963, Loss: 728.817, Trans_L2_m: 8.743, Yaw_err_deg: 2.186
Epoch: [4/25], Batch: 1290/2963, Loss: 530.020, Trans_L2_m: 7.262, Yaw_err_deg: 1.844
Epoch: [4/25], Batch: 1300/2963, Loss: 464.026, Trans_L2_m: 5.559, Yaw_err_deg: 2.711
Epoch: [4/25], Batch: 1310/2963, Loss: 1020.049, Trans_L2_m: 10.225, Yaw_err_deg: 2.196
Epoch: [4/25], Batch: 1320/2963, Loss: 504.067, Trans_L2_m: 6.260, Yaw_err_deg: 2.083
Epoch: [4/25], Batch: 1330/2963, Loss: 275.730, Trans_L2_m: 4.107, Yaw_err_deg: 1.968
Epoch: [4/25], Batch: 1340/2963, Loss: 1202.832, Trans_L2_m: 12.009, Yaw_err_deg: 2.159
Epoch: [4/25], Batch: 1350/2963, Loss: 667.547, Trans_L2_m: 6.765, Yaw_err_deg: 2.091
Epoch: [4/25], Batch: 1360/2963, Loss: 524.613, Trans_L2_m: 6.390, Yaw_err_deg: 2.742
Epoch: [4/25], Batch: 1370/2963, Loss: 450.163, Trans_L2_m: 5.423, Yaw_err_deg: 3.650
Epoch: [4/25], Batch: 1380/2963, Loss: 471.843, Trans_L2_m: 4.251, Yaw_err_deg: 3.788
Epoch: [4/25], Batch: 1390/2963, Loss: 666.102, Trans_L2_m: 6.568, Yaw_err_deg: 3.087
Epoch: [4/25], Batch: 1400/2963, Loss: 545.435, Trans_L2_m: 6.210, Yaw_err_deg: 2.240
Epoch: [4/25], Batch: 1410/2963, Loss: 342.774, Trans_L2_m: 4.556, Yaw_err_deg: 2.295
Epoch: [4/25], Batch: 1420/2963, Loss: 557.952, Trans_L2_m: 6.390, Yaw_err_deg: 3.089
Epoch: [4/25], Batch: 1430/2963, Loss: 523.862, Trans_L2_m: 6.545, Yaw_err_deg: 3.025
Epoch: [4/25], Batch: 1440/2963, Loss: 527.552, Trans_L2_m: 5.843, Yaw_err_deg: 3.389
Epoch: [4/25], Batch: 1450/2963, Loss: 821.806, Trans_L2_m: 8.198, Yaw_err_deg: 4.102
Epoch: [4/25], Batch: 1460/2963, Loss: 418.359, Trans_L2_m: 4.889, Yaw_err_deg: 2.916
Epoch: [4/25], Batch: 1470/2963, Loss: 442.889, Trans_L2_m: 6.143, Yaw_err_deg: 2.910
Epoch: [4/25], Batch: 1480/2963, Loss: 612.433, Trans_L2_m: 7.030, Yaw_err_deg: 2.317
Epoch: [4/25], Batch: 1490/2963, Loss: 367.221, Trans_L2_m: 4.805, Yaw_err_deg: 2.518
Epoch: [4/25], Batch: 1500/2963, Loss: 376.000, Trans_L2_m: 4.186, Yaw_err_deg: 2.297
Epoch: [4/25], Batch: 1510/2963, Loss: 857.672, Trans_L2_m: 8.432, Yaw_err_deg: 2.464
Epoch: [4/25], Batch: 1520/2963, Loss: 515.058, Trans_L2_m: 6.301, Yaw_err_deg: 1.614
Epoch: [4/25], Batch: 1530/2963, Loss: 681.033, Trans_L2_m: 8.038, Yaw_err_deg: 2.806
Epoch: [4/25], Batch: 1540/2963, Loss: 845.091, Trans_L2_m: 8.156, Yaw_err_deg: 3.083
Epoch: [4/25], Batch: 1550/2963, Loss: 702.139, Trans_L2_m: 7.837, Yaw_err_deg: 2.075
Epoch: [4/25], Batch: 1560/2963, Loss: 591.736, Trans_L2_m: 7.464, Yaw_err_deg: 1.463
Epoch: [4/25], Batch: 1570/2963, Loss: 672.031, Trans_L2_m: 7.100, Yaw_err_deg: 2.757
Epoch: [4/25], Batch: 1580/2963, Loss: 528.041, Trans_L2_m: 6.125, Yaw_err_deg: 2.622
Epoch: [4/25], Batch: 1590/2963, Loss: 618.530, Trans_L2_m: 7.543, Yaw_err_deg: 1.924
Epoch: [4/25], Batch: 1600/2963, Loss: 656.297, Trans_L2_m: 6.199, Yaw_err_deg: 2.938
Epoch: [4/25], Batch: 1610/2963, Loss: 299.803, Trans_L2_m: 4.492, Yaw_err_deg: 2.780
Epoch: [4/25], Batch: 1620/2963, Loss: 371.982, Trans_L2_m: 4.492, Yaw_err_deg: 2.441
Epoch: [4/25], Batch: 1630/2963, Loss: 875.364, Trans_L2_m: 8.685, Yaw_err_deg: 3.717
Epoch: [4/25], Batch: 1640/2963, Loss: 416.396, Trans_L2_m: 4.804, Yaw_err_deg: 2.864
Epoch: [4/25], Batch: 1650/2963, Loss: 1029.107, Trans_L2_m: 10.835, Yaw_err_deg: 3.927
Epoch: [4/25], Batch: 1660/2963, Loss: 964.949, Trans_L2_m: 7.297, Yaw_err_deg: 2.851
Epoch: [4/25], Batch: 1670/2963, Loss: 456.070, Trans_L2_m: 5.702, Yaw_err_deg: 2.453
Epoch: [4/25], Batch: 1680/2963, Loss: 528.931, Trans_L2_m: 5.629, Yaw_err_deg: 2.764
Epoch: [4/25], Batch: 1690/2963, Loss: 522.329, Trans_L2_m: 5.427, Yaw_err_deg: 3.085
Epoch: [4/25], Batch: 1700/2963, Loss: 600.507, Trans_L2_m: 7.390, Yaw_err_deg: 1.830
Epoch: [4/25], Batch: 1710/2963, Loss: 289.333, Trans_L2_m: 4.678, Yaw_err_deg: 1.994
Epoch: [4/25], Batch: 1720/2963, Loss: 495.876, Trans_L2_m: 6.002, Yaw_err_deg: 2.813
Epoch: [4/25], Batch: 1730/2963, Loss: 563.089, Trans_L2_m: 5.430, Yaw_err_deg: 2.667
Epoch: [4/25], Batch: 1740/2963, Loss: 458.779, Trans_L2_m: 5.093, Yaw_err_deg: 3.139
Epoch: [4/25], Batch: 1750/2963, Loss: 557.162, Trans_L2_m: 6.370, Yaw_err_deg: 2.673
Epoch: [4/25], Batch: 1760/2963, Loss: 687.882, Trans_L2_m: 7.078, Yaw_err_deg: 2.525
Epoch: [4/25], Batch: 1770/2963, Loss: 929.616, Trans_L2_m: 9.264, Yaw_err_deg: 2.551
Epoch: [4/25], Batch: 1780/2963, Loss: 653.586, Trans_L2_m: 6.064, Yaw_err_deg: 3.655
Epoch: [4/25], Batch: 1790/2963, Loss: 816.976, Trans_L2_m: 9.140, Yaw_err_deg: 2.303
Epoch: [4/25], Batch: 1800/2963, Loss: 433.808, Trans_L2_m: 4.396, Yaw_err_deg: 2.766
Epoch: [4/25], Batch: 1810/2963, Loss: 469.654, Trans_L2_m: 5.773, Yaw_err_deg: 2.432
Epoch: [4/25], Batch: 1820/2963, Loss: 443.552, Trans_L2_m: 5.746, Yaw_err_deg: 2.195
Epoch: [4/25], Batch: 1830/2963, Loss: 406.678, Trans_L2_m: 4.977, Yaw_err_deg: 2.990
Epoch: [4/25], Batch: 1840/2963, Loss: 784.288, Trans_L2_m: 8.819, Yaw_err_deg: 2.218
Epoch: [4/25], Batch: 1850/2963, Loss: 468.585, Trans_L2_m: 6.046, Yaw_err_deg: 3.434
Epoch: [4/25], Batch: 1860/2963, Loss: 872.570, Trans_L2_m: 8.197, Yaw_err_deg: 2.834
Epoch: [4/25], Batch: 1870/2963, Loss: 487.698, Trans_L2_m: 5.576, Yaw_err_deg: 2.746
Epoch: [4/25], Batch: 1880/2963, Loss: 549.945, Trans_L2_m: 6.893, Yaw_err_deg: 2.767
Epoch: [4/25], Batch: 1890/2963, Loss: 702.037, Trans_L2_m: 7.295, Yaw_err_deg: 2.760
Epoch: [4/25], Batch: 1900/2963, Loss: 450.194, Trans_L2_m: 5.116, Yaw_err_deg: 2.694
Epoch: [4/25], Batch: 1910/2963, Loss: 380.304, Trans_L2_m: 3.882, Yaw_err_deg: 3.900
Epoch: [4/25], Batch: 1920/2963, Loss: 361.124, Trans_L2_m: 4.263, Yaw_err_deg: 2.142
Epoch: [4/25], Batch: 1930/2963, Loss: 606.353, Trans_L2_m: 7.169, Yaw_err_deg: 2.213
Epoch: [4/25], Batch: 1940/2963, Loss: 851.989, Trans_L2_m: 7.203, Yaw_err_deg: 2.963
Epoch: [4/25], Batch: 1950/2963, Loss: 627.257, Trans_L2_m: 7.412, Yaw_err_deg: 2.815
Epoch: [4/25], Batch: 1960/2963, Loss: 1032.417, Trans_L2_m: 10.586, Yaw_err_deg: 2.901
Epoch: [4/25], Batch: 1970/2963, Loss: 717.815, Trans_L2_m: 7.482, Yaw_err_deg: 2.869
Epoch: [4/25], Batch: 1980/2963, Loss: 578.883, Trans_L2_m: 6.947, Yaw_err_deg: 2.632
Epoch: [4/25], Batch: 1990/2963, Loss: 464.263, Trans_L2_m: 4.120, Yaw_err_deg: 4.036
Epoch: [4/25], Batch: 2000/2963, Loss: 523.600, Trans_L2_m: 5.659, Yaw_err_deg: 2.302
Epoch: [4/25], Batch: 2010/2963, Loss: 575.539, Trans_L2_m: 7.332, Yaw_err_deg: 2.135
Epoch: [4/25], Batch: 2020/2963, Loss: 360.268, Trans_L2_m: 3.874, Yaw_err_deg: 2.160
Epoch: [4/25], Batch: 2030/2963, Loss: 573.258, Trans_L2_m: 7.257, Yaw_err_deg: 2.258
Epoch: [4/25], Batch: 2040/2963, Loss: 897.689, Trans_L2_m: 8.285, Yaw_err_deg: 2.868
Epoch: [4/25], Batch: 2050/2963, Loss: 517.687, Trans_L2_m: 6.636, Yaw_err_deg: 2.022
Epoch: [4/25], Batch: 2060/2963, Loss: 486.837, Trans_L2_m: 5.499, Yaw_err_deg: 2.117
Epoch: [4/25], Batch: 2070/2963, Loss: 580.989, Trans_L2_m: 6.709, Yaw_err_deg: 2.663
Epoch: [4/25], Batch: 2080/2963, Loss: 688.008, Trans_L2_m: 7.110, Yaw_err_deg: 2.558
Epoch: [4/25], Batch: 2090/2963, Loss: 520.906, Trans_L2_m: 6.171, Yaw_err_deg: 2.796
Epoch: [4/25], Batch: 2100/2963, Loss: 674.218, Trans_L2_m: 8.338, Yaw_err_deg: 1.689
Epoch: [4/25], Batch: 2110/2963, Loss: 604.954, Trans_L2_m: 6.675, Yaw_err_deg: 3.449
Epoch: [4/25], Batch: 2120/2963, Loss: 496.469, Trans_L2_m: 6.078, Yaw_err_deg: 2.092
Epoch: [4/25], Batch: 2130/2963, Loss: 442.081, Trans_L2_m: 5.918, Yaw_err_deg: 1.883
Epoch: [4/25], Batch: 2140/2963, Loss: 556.990, Trans_L2_m: 5.927, Yaw_err_deg: 3.733
Epoch: [4/25], Batch: 2150/2963, Loss: 878.624, Trans_L2_m: 8.556, Yaw_err_deg: 2.237
Epoch: [4/25], Batch: 2160/2963, Loss: 477.893, Trans_L2_m: 5.299, Yaw_err_deg: 3.357
Epoch: [4/25], Batch: 2170/2963, Loss: 503.688, Trans_L2_m: 5.726, Yaw_err_deg: 2.410
Epoch: [4/25], Batch: 2180/2963, Loss: 354.836, Trans_L2_m: 5.028, Yaw_err_deg: 2.149
Epoch: [4/25], Batch: 2190/2963, Loss: 549.538, Trans_L2_m: 6.835, Yaw_err_deg: 2.675
Epoch: [4/25], Batch: 2200/2963, Loss: 449.620, Trans_L2_m: 6.122, Yaw_err_deg: 2.503
Epoch: [4/25], Batch: 2210/2963, Loss: 396.242, Trans_L2_m: 5.681, Yaw_err_deg: 2.098
Epoch: [4/25], Batch: 2220/2963, Loss: 770.667, Trans_L2_m: 7.357, Yaw_err_deg: 2.643
Epoch: [4/25], Batch: 2230/2963, Loss: 463.714, Trans_L2_m: 5.567, Yaw_err_deg: 2.078
Epoch: [4/25], Batch: 2240/2963, Loss: 717.789, Trans_L2_m: 7.798, Yaw_err_deg: 3.550
Epoch: [4/25], Batch: 2250/2963, Loss: 507.081, Trans_L2_m: 6.272, Yaw_err_deg: 2.456
Epoch: [4/25], Batch: 2260/2963, Loss: 612.178, Trans_L2_m: 5.628, Yaw_err_deg: 4.034
Epoch: [4/25], Batch: 2270/2963, Loss: 250.872, Trans_L2_m: 3.522, Yaw_err_deg: 2.483
Epoch: [4/25], Batch: 2280/2963, Loss: 303.955, Trans_L2_m: 4.623, Yaw_err_deg: 2.420
Epoch: [4/25], Batch: 2290/2963, Loss: 569.215, Trans_L2_m: 6.399, Yaw_err_deg: 2.435
Epoch: [4/25], Batch: 2300/2963, Loss: 763.682, Trans_L2_m: 8.054, Yaw_err_deg: 3.568
Epoch: [4/25], Batch: 2310/2963, Loss: 509.168, Trans_L2_m: 7.262, Yaw_err_deg: 2.153
Epoch: [4/25], Batch: 2320/2963, Loss: 595.203, Trans_L2_m: 6.704, Yaw_err_deg: 2.667
Epoch: [4/25], Batch: 2330/2963, Loss: 629.904, Trans_L2_m: 6.807, Yaw_err_deg: 2.623
Epoch: [4/25], Batch: 2340/2963, Loss: 769.599, Trans_L2_m: 8.469, Yaw_err_deg: 2.324
Epoch: [4/25], Batch: 2350/2963, Loss: 520.041, Trans_L2_m: 7.002, Yaw_err_deg: 2.501
Epoch: [4/25], Batch: 2360/2963, Loss: 535.559, Trans_L2_m: 7.004, Yaw_err_deg: 2.061
Epoch: [4/25], Batch: 2370/2963, Loss: 514.753, Trans_L2_m: 5.872, Yaw_err_deg: 2.143
Epoch: [4/25], Batch: 2380/2963, Loss: 625.958, Trans_L2_m: 7.132, Yaw_err_deg: 2.309
Epoch: [4/25], Batch: 2390/2963, Loss: 359.523, Trans_L2_m: 4.776, Yaw_err_deg: 2.567
Epoch: [4/25], Batch: 2400/2963, Loss: 329.462, Trans_L2_m: 4.628, Yaw_err_deg: 1.678
Epoch: [4/25], Batch: 2410/2963, Loss: 669.042, Trans_L2_m: 7.691, Yaw_err_deg: 2.069
Epoch: [4/25], Batch: 2420/2963, Loss: 871.562, Trans_L2_m: 9.214, Yaw_err_deg: 3.319
Epoch: [4/25], Batch: 2430/2963, Loss: 503.072, Trans_L2_m: 6.265, Yaw_err_deg: 2.271
Epoch: [4/25], Batch: 2440/2963, Loss: 753.768, Trans_L2_m: 8.514, Yaw_err_deg: 2.007
Epoch: [4/25], Batch: 2450/2963, Loss: 445.069, Trans_L2_m: 5.204, Yaw_err_deg: 3.310
Epoch: [4/25], Batch: 2460/2963, Loss: 710.442, Trans_L2_m: 7.302, Yaw_err_deg: 1.847
Epoch: [4/25], Batch: 2470/2963, Loss: 922.768, Trans_L2_m: 9.121, Yaw_err_deg: 1.889
Epoch: [4/25], Batch: 2480/2963, Loss: 314.258, Trans_L2_m: 4.591, Yaw_err_deg: 1.463
Epoch: [4/25], Batch: 2490/2963, Loss: 665.359, Trans_L2_m: 7.720, Yaw_err_deg: 2.070
Epoch: [4/25], Batch: 2500/2963, Loss: 933.935, Trans_L2_m: 7.866, Yaw_err_deg: 4.122
Epoch: [4/25], Batch: 2510/2963, Loss: 524.707, Trans_L2_m: 5.435, Yaw_err_deg: 1.960
Epoch: [4/25], Batch: 2520/2963, Loss: 573.644, Trans_L2_m: 6.129, Yaw_err_deg: 3.275
Epoch: [4/25], Batch: 2530/2963, Loss: 734.102, Trans_L2_m: 7.418, Yaw_err_deg: 2.232
Epoch: [4/25], Batch: 2540/2963, Loss: 438.636, Trans_L2_m: 4.949, Yaw_err_deg: 2.291
Epoch: [4/25], Batch: 2550/2963, Loss: 331.860, Trans_L2_m: 4.430, Yaw_err_deg: 1.481
Epoch: [4/25], Batch: 2560/2963, Loss: 653.026, Trans_L2_m: 7.276, Yaw_err_deg: 1.326
Epoch: [4/25], Batch: 2570/2963, Loss: 795.720, Trans_L2_m: 8.365, Yaw_err_deg: 3.219
Epoch: [4/25], Batch: 2580/2963, Loss: 628.734, Trans_L2_m: 7.135, Yaw_err_deg: 2.178
Epoch: [4/25], Batch: 2590/2963, Loss: 890.315, Trans_L2_m: 8.545, Yaw_err_deg: 2.001
Epoch: [4/25], Batch: 2600/2963, Loss: 845.203, Trans_L2_m: 8.419, Yaw_err_deg: 2.647
Epoch: [4/25], Batch: 2610/2963, Loss: 467.869, Trans_L2_m: 6.140, Yaw_err_deg: 2.563
Epoch: [4/25], Batch: 2620/2963, Loss: 872.673, Trans_L2_m: 8.824, Yaw_err_deg: 2.679
Epoch: [4/25], Batch: 2630/2963, Loss: 308.726, Trans_L2_m: 4.742, Yaw_err_deg: 1.966
Epoch: [4/25], Batch: 2640/2963, Loss: 633.329, Trans_L2_m: 6.964, Yaw_err_deg: 2.502
Epoch: [4/25], Batch: 2650/2963, Loss: 402.295, Trans_L2_m: 4.302, Yaw_err_deg: 2.816
Epoch: [4/25], Batch: 2660/2963, Loss: 463.519, Trans_L2_m: 5.975, Yaw_err_deg: 2.051
Epoch: [4/25], Batch: 2670/2963, Loss: 665.153, Trans_L2_m: 7.118, Yaw_err_deg: 2.603
Epoch: [4/25], Batch: 2680/2963, Loss: 653.954, Trans_L2_m: 6.661, Yaw_err_deg: 3.116
Epoch: [4/25], Batch: 2690/2963, Loss: 460.544, Trans_L2_m: 6.803, Yaw_err_deg: 2.527
Epoch: [4/25], Batch: 2700/2963, Loss: 691.839, Trans_L2_m: 7.155, Yaw_err_deg: 3.750
Epoch: [4/25], Batch: 2710/2963, Loss: 322.723, Trans_L2_m: 4.750, Yaw_err_deg: 1.993
Epoch: [4/25], Batch: 2720/2963, Loss: 830.208, Trans_L2_m: 8.298, Yaw_err_deg: 2.725
Epoch: [4/25], Batch: 2730/2963, Loss: 426.619, Trans_L2_m: 4.838, Yaw_err_deg: 2.967
Epoch: [4/25], Batch: 2740/2963, Loss: 331.143, Trans_L2_m: 4.555, Yaw_err_deg: 2.534
Epoch: [4/25], Batch: 2750/2963, Loss: 222.349, Trans_L2_m: 3.252, Yaw_err_deg: 2.214
Epoch: [4/25], Batch: 2760/2963, Loss: 783.113, Trans_L2_m: 8.083, Yaw_err_deg: 3.216
Epoch: [4/25], Batch: 2770/2963, Loss: 381.168, Trans_L2_m: 4.657, Yaw_err_deg: 3.042
Epoch: [4/25], Batch: 2780/2963, Loss: 358.974, Trans_L2_m: 4.336, Yaw_err_deg: 2.664
Epoch: [4/25], Batch: 2790/2963, Loss: 517.198, Trans_L2_m: 6.113, Yaw_err_deg: 1.722
Epoch: [4/25], Batch: 2800/2963, Loss: 320.196, Trans_L2_m: 4.683, Yaw_err_deg: 2.407
Epoch: [4/25], Batch: 2810/2963, Loss: 301.435, Trans_L2_m: 3.704, Yaw_err_deg: 1.938
Epoch: [4/25], Batch: 2820/2963, Loss: 575.512, Trans_L2_m: 5.787, Yaw_err_deg: 4.515
Epoch: [4/25], Batch: 2830/2963, Loss: 701.149, Trans_L2_m: 7.104, Yaw_err_deg: 3.385
Epoch: [4/25], Batch: 2840/2963, Loss: 438.821, Trans_L2_m: 5.388, Yaw_err_deg: 2.958
Epoch: [4/25], Batch: 2850/2963, Loss: 515.138, Trans_L2_m: 5.510, Yaw_err_deg: 1.765
Epoch: [4/25], Batch: 2860/2963, Loss: 706.805, Trans_L2_m: 6.977, Yaw_err_deg: 3.372
Epoch: [4/25], Batch: 2870/2963, Loss: 434.309, Trans_L2_m: 6.317, Yaw_err_deg: 2.468
Epoch: [4/25], Batch: 2880/2963, Loss: 289.226, Trans_L2_m: 4.217, Yaw_err_deg: 1.993
Epoch: [4/25], Batch: 2890/2963, Loss: 715.426, Trans_L2_m: 7.012, Yaw_err_deg: 3.129
Epoch: [4/25], Batch: 2900/2963, Loss: 749.664, Trans_L2_m: 7.278, Yaw_err_deg: 2.801
Epoch: [4/25], Batch: 2910/2963, Loss: 672.373, Trans_L2_m: 7.176, Yaw_err_deg: 2.787
Epoch: [4/25], Batch: 2920/2963, Loss: 495.467, Trans_L2_m: 6.039, Yaw_err_deg: 2.560
Epoch: [4/25], Batch: 2930/2963, Loss: 539.789, Trans_L2_m: 6.774, Yaw_err_deg: 1.710
Epoch: [4/25], Batch: 2940/2963, Loss: 344.366, Trans_L2_m: 4.461, Yaw_err_deg: 2.546
Epoch: [4/25], Batch: 2950/2963, Loss: 647.752, Trans_L2_m: 7.582, Yaw_err_deg: 2.074
Epoch: [4/25], Batch: 2960/2963, Loss: 608.873, Trans_L2_m: 6.967, Yaw_err_deg: 2.597
Validation loss (homography): 5000.0150
Avg batch time: 1141.23 ms, total: 370.057 s
[1;91mVal has no improvement vs 4670.90966796875![0m
Epoch: [5/25], Batch: 0/2963, Loss: 279.905, Trans_L2_m: 3.562, Yaw_err_deg: 2.687
Epoch: [5/25], Batch: 10/2963, Loss: 420.477, Trans_L2_m: 6.246, Yaw_err_deg: 1.515
Epoch: [5/25], Batch: 20/2963, Loss: 477.661, Trans_L2_m: 5.489, Yaw_err_deg: 1.858
Epoch: [5/25], Batch: 30/2963, Loss: 580.253, Trans_L2_m: 6.269, Yaw_err_deg: 3.146
Epoch: [5/25], Batch: 40/2963, Loss: 436.225, Trans_L2_m: 6.326, Yaw_err_deg: 2.434
Epoch: [5/25], Batch: 50/2963, Loss: 710.478, Trans_L2_m: 6.973, Yaw_err_deg: 2.841
Epoch: [5/25], Batch: 60/2963, Loss: 572.657, Trans_L2_m: 5.725, Yaw_err_deg: 3.185
Epoch: [5/25], Batch: 70/2963, Loss: 845.378, Trans_L2_m: 7.049, Yaw_err_deg: 3.546
Epoch: [5/25], Batch: 80/2963, Loss: 390.861, Trans_L2_m: 5.549, Yaw_err_deg: 2.366
Epoch: [5/25], Batch: 90/2963, Loss: 466.047, Trans_L2_m: 6.341, Yaw_err_deg: 2.318
Epoch: [5/25], Batch: 100/2963, Loss: 387.544, Trans_L2_m: 5.512, Yaw_err_deg: 2.114
Epoch: [5/25], Batch: 110/2963, Loss: 572.684, Trans_L2_m: 6.345, Yaw_err_deg: 2.021
Epoch: [5/25], Batch: 120/2963, Loss: 251.531, Trans_L2_m: 3.409, Yaw_err_deg: 1.802
Epoch: [5/25], Batch: 130/2963, Loss: 774.162, Trans_L2_m: 7.967, Yaw_err_deg: 2.336
Epoch: [5/25], Batch: 140/2963, Loss: 394.681, Trans_L2_m: 5.189, Yaw_err_deg: 2.434
Epoch: [5/25], Batch: 150/2963, Loss: 266.085, Trans_L2_m: 4.211, Yaw_err_deg: 1.398
Epoch: [5/25], Batch: 160/2963, Loss: 334.516, Trans_L2_m: 4.776, Yaw_err_deg: 2.324
Epoch: [5/25], Batch: 170/2963, Loss: 597.566, Trans_L2_m: 7.116, Yaw_err_deg: 2.057
Epoch: [5/25], Batch: 180/2963, Loss: 499.597, Trans_L2_m: 5.467, Yaw_err_deg: 2.539
Epoch: [5/25], Batch: 190/2963, Loss: 366.869, Trans_L2_m: 4.251, Yaw_err_deg: 2.845
Epoch: [5/25], Batch: 200/2963, Loss: 532.070, Trans_L2_m: 6.070, Yaw_err_deg: 1.916
Epoch: [5/25], Batch: 210/2963, Loss: 261.177, Trans_L2_m: 3.959, Yaw_err_deg: 1.860
Epoch: [5/25], Batch: 220/2963, Loss: 470.014, Trans_L2_m: 5.786, Yaw_err_deg: 2.852
Epoch: [5/25], Batch: 230/2963, Loss: 418.509, Trans_L2_m: 5.188, Yaw_err_deg: 1.791
Epoch: [5/25], Batch: 240/2963, Loss: 614.071, Trans_L2_m: 7.663, Yaw_err_deg: 2.925
Epoch: [5/25], Batch: 250/2963, Loss: 516.291, Trans_L2_m: 7.231, Yaw_err_deg: 1.742
Epoch: [5/25], Batch: 260/2963, Loss: 459.735, Trans_L2_m: 4.226, Yaw_err_deg: 3.178
Epoch: [5/25], Batch: 270/2963, Loss: 803.643, Trans_L2_m: 6.413, Yaw_err_deg: 3.929
Epoch: [5/25], Batch: 280/2963, Loss: 510.400, Trans_L2_m: 5.733, Yaw_err_deg: 2.804
Epoch: [5/25], Batch: 290/2963, Loss: 927.455, Trans_L2_m: 10.188, Yaw_err_deg: 2.134
Epoch: [5/25], Batch: 300/2963, Loss: 304.731, Trans_L2_m: 4.425, Yaw_err_deg: 2.192
Epoch: [5/25], Batch: 310/2963, Loss: 602.077, Trans_L2_m: 7.092, Yaw_err_deg: 2.824
Epoch: [5/25], Batch: 320/2963, Loss: 625.287, Trans_L2_m: 6.988, Yaw_err_deg: 2.733
Epoch: [5/25], Batch: 330/2963, Loss: 505.967, Trans_L2_m: 6.362, Yaw_err_deg: 2.057
Epoch: [5/25], Batch: 340/2963, Loss: 552.364, Trans_L2_m: 7.079, Yaw_err_deg: 2.233
Epoch: [5/25], Batch: 350/2963, Loss: 659.680, Trans_L2_m: 6.870, Yaw_err_deg: 2.103
Epoch: [5/25], Batch: 360/2963, Loss: 536.322, Trans_L2_m: 6.190, Yaw_err_deg: 2.537
Epoch: [5/25], Batch: 370/2963, Loss: 539.173, Trans_L2_m: 6.021, Yaw_err_deg: 3.234
Epoch: [5/25], Batch: 380/2963, Loss: 373.393, Trans_L2_m: 4.105, Yaw_err_deg: 2.941
Epoch: [5/25], Batch: 390/2963, Loss: 399.975, Trans_L2_m: 5.113, Yaw_err_deg: 3.096
Epoch: [5/25], Batch: 400/2963, Loss: 941.516, Trans_L2_m: 8.844, Yaw_err_deg: 2.671
Epoch: [5/25], Batch: 410/2963, Loss: 318.651, Trans_L2_m: 4.002, Yaw_err_deg: 2.897
Epoch: [5/25], Batch: 420/2963, Loss: 563.745, Trans_L2_m: 6.454, Yaw_err_deg: 2.516
Epoch: [5/25], Batch: 430/2963, Loss: 354.881, Trans_L2_m: 4.892, Yaw_err_deg: 2.062
Epoch: [5/25], Batch: 440/2963, Loss: 266.122, Trans_L2_m: 3.332, Yaw_err_deg: 2.708
Epoch: [5/25], Batch: 450/2963, Loss: 468.099, Trans_L2_m: 5.801, Yaw_err_deg: 1.982
Epoch: [5/25], Batch: 460/2963, Loss: 547.453, Trans_L2_m: 6.210, Yaw_err_deg: 2.551
Epoch: [5/25], Batch: 470/2963, Loss: 613.326, Trans_L2_m: 7.992, Yaw_err_deg: 2.338
Epoch: [5/25], Batch: 480/2963, Loss: 553.676, Trans_L2_m: 5.834, Yaw_err_deg: 3.142
Epoch: [5/25], Batch: 490/2963, Loss: 438.404, Trans_L2_m: 4.897, Yaw_err_deg: 3.002
Epoch: [5/25], Batch: 500/2963, Loss: 392.638, Trans_L2_m: 4.294, Yaw_err_deg: 2.798
Epoch: [5/25], Batch: 510/2963, Loss: 429.460, Trans_L2_m: 6.243, Yaw_err_deg: 2.280
Epoch: [5/25], Batch: 520/2963, Loss: 458.219, Trans_L2_m: 3.793, Yaw_err_deg: 4.082
Epoch: [5/25], Batch: 530/2963, Loss: 433.208, Trans_L2_m: 6.413, Yaw_err_deg: 2.410
Epoch: [5/25], Batch: 540/2963, Loss: 594.143, Trans_L2_m: 6.329, Yaw_err_deg: 1.977
Epoch: [5/25], Batch: 550/2963, Loss: 422.888, Trans_L2_m: 5.464, Yaw_err_deg: 2.560
Epoch: [5/25], Batch: 560/2963, Loss: 235.670, Trans_L2_m: 2.892, Yaw_err_deg: 2.536
Epoch: [5/25], Batch: 570/2963, Loss: 318.800, Trans_L2_m: 4.898, Yaw_err_deg: 2.240
Epoch: [5/25], Batch: 580/2963, Loss: 377.053, Trans_L2_m: 4.841, Yaw_err_deg: 3.606
Epoch: [5/25], Batch: 590/2963, Loss: 625.866, Trans_L2_m: 6.599, Yaw_err_deg: 1.659
Epoch: [5/25], Batch: 600/2963, Loss: 361.103, Trans_L2_m: 5.742, Yaw_err_deg: 1.655
Epoch: [5/25], Batch: 610/2963, Loss: 580.320, Trans_L2_m: 6.142, Yaw_err_deg: 2.592
Epoch: [5/25], Batch: 620/2963, Loss: 349.437, Trans_L2_m: 5.358, Yaw_err_deg: 1.505
Epoch: [5/25], Batch: 630/2963, Loss: 477.177, Trans_L2_m: 6.802, Yaw_err_deg: 1.874
Epoch: [5/25], Batch: 640/2963, Loss: 445.248, Trans_L2_m: 5.901, Yaw_err_deg: 1.963
Epoch: [5/25], Batch: 650/2963, Loss: 328.674, Trans_L2_m: 5.106, Yaw_err_deg: 1.945
Epoch: [5/25], Batch: 660/2963, Loss: 969.748, Trans_L2_m: 9.264, Yaw_err_deg: 2.369
Epoch: [5/25], Batch: 670/2963, Loss: 686.114, Trans_L2_m: 7.360, Yaw_err_deg: 2.286
Epoch: [5/25], Batch: 680/2963, Loss: 529.757, Trans_L2_m: 7.215, Yaw_err_deg: 2.354
Epoch: [5/25], Batch: 690/2963, Loss: 511.941, Trans_L2_m: 5.492, Yaw_err_deg: 3.140
Epoch: [5/25], Batch: 700/2963, Loss: 570.222, Trans_L2_m: 6.115, Yaw_err_deg: 1.963
Epoch: [5/25], Batch: 710/2963, Loss: 321.861, Trans_L2_m: 4.824, Yaw_err_deg: 2.537
Epoch: [5/25], Batch: 720/2963, Loss: 444.672, Trans_L2_m: 5.353, Yaw_err_deg: 2.105
Epoch: [5/25], Batch: 730/2963, Loss: 399.714, Trans_L2_m: 5.501, Yaw_err_deg: 2.404
Epoch: [5/25], Batch: 740/2963, Loss: 412.325, Trans_L2_m: 5.273, Yaw_err_deg: 2.204
Epoch: [5/25], Batch: 750/2963, Loss: 561.285, Trans_L2_m: 6.946, Yaw_err_deg: 1.971
Epoch: [5/25], Batch: 760/2963, Loss: 442.859, Trans_L2_m: 6.007, Yaw_err_deg: 1.240
Epoch: [5/25], Batch: 770/2963, Loss: 248.014, Trans_L2_m: 4.152, Yaw_err_deg: 1.769
Epoch: [5/25], Batch: 780/2963, Loss: 579.899, Trans_L2_m: 6.748, Yaw_err_deg: 2.978
Epoch: [5/25], Batch: 790/2963, Loss: 408.349, Trans_L2_m: 5.867, Yaw_err_deg: 2.857
Epoch: [5/25], Batch: 800/2963, Loss: 819.440, Trans_L2_m: 6.174, Yaw_err_deg: 2.988
Epoch: [5/25], Batch: 810/2963, Loss: 463.512, Trans_L2_m: 4.874, Yaw_err_deg: 2.115
Epoch: [5/25], Batch: 820/2963, Loss: 496.829, Trans_L2_m: 5.594, Yaw_err_deg: 2.112
Epoch: [5/25], Batch: 830/2963, Loss: 424.215, Trans_L2_m: 5.537, Yaw_err_deg: 2.303
Epoch: [5/25], Batch: 840/2963, Loss: 585.960, Trans_L2_m: 5.971, Yaw_err_deg: 2.793
Epoch: [5/25], Batch: 850/2963, Loss: 661.101, Trans_L2_m: 7.355, Yaw_err_deg: 2.453
Epoch: [5/25], Batch: 860/2963, Loss: 601.395, Trans_L2_m: 6.218, Yaw_err_deg: 2.112
Epoch: [5/25], Batch: 870/2963, Loss: 400.834, Trans_L2_m: 5.408, Yaw_err_deg: 1.505
Epoch: [5/25], Batch: 880/2963, Loss: 348.169, Trans_L2_m: 4.607, Yaw_err_deg: 1.829
Epoch: [5/25], Batch: 890/2963, Loss: 527.106, Trans_L2_m: 6.289, Yaw_err_deg: 2.380
Epoch: [5/25], Batch: 900/2963, Loss: 469.718, Trans_L2_m: 6.138, Yaw_err_deg: 2.948
Epoch: [5/25], Batch: 910/2963, Loss: 470.153, Trans_L2_m: 5.832, Yaw_err_deg: 1.692
Epoch: [5/25], Batch: 920/2963, Loss: 306.021, Trans_L2_m: 5.224, Yaw_err_deg: 1.628
Epoch: [5/25], Batch: 930/2963, Loss: 550.478, Trans_L2_m: 5.602, Yaw_err_deg: 2.389
Epoch: [5/25], Batch: 940/2963, Loss: 403.862, Trans_L2_m: 5.119, Yaw_err_deg: 2.249
Epoch: [5/25], Batch: 950/2963, Loss: 738.356, Trans_L2_m: 7.393, Yaw_err_deg: 2.509
Epoch: [5/25], Batch: 960/2963, Loss: 769.484, Trans_L2_m: 6.715, Yaw_err_deg: 1.961
Epoch: [5/25], Batch: 970/2963, Loss: 547.681, Trans_L2_m: 6.902, Yaw_err_deg: 1.593
Epoch: [5/25], Batch: 980/2963, Loss: 500.623, Trans_L2_m: 5.688, Yaw_err_deg: 2.608
Epoch: [5/25], Batch: 990/2963, Loss: 262.943, Trans_L2_m: 3.706, Yaw_err_deg: 2.534
Epoch: [5/25], Batch: 1000/2963, Loss: 476.731, Trans_L2_m: 5.814, Yaw_err_deg: 3.078
Epoch: [5/25], Batch: 1010/2963, Loss: 863.414, Trans_L2_m: 8.832, Yaw_err_deg: 1.508
Epoch: [5/25], Batch: 1020/2963, Loss: 271.769, Trans_L2_m: 3.549, Yaw_err_deg: 2.171
Epoch: [5/25], Batch: 1030/2963, Loss: 423.821, Trans_L2_m: 5.433, Yaw_err_deg: 2.965
Epoch: [5/25], Batch: 1040/2963, Loss: 361.169, Trans_L2_m: 4.116, Yaw_err_deg: 2.893
Epoch: [5/25], Batch: 1050/2963, Loss: 463.892, Trans_L2_m: 4.687, Yaw_err_deg: 3.357
Epoch: [5/25], Batch: 1060/2963, Loss: 557.615, Trans_L2_m: 6.430, Yaw_err_deg: 2.679
Epoch: [5/25], Batch: 1070/2963, Loss: 553.505, Trans_L2_m: 4.872, Yaw_err_deg: 3.349
Epoch: [5/25], Batch: 1080/2963, Loss: 655.003, Trans_L2_m: 5.371, Yaw_err_deg: 3.047
Epoch: [5/25], Batch: 1090/2963, Loss: 367.111, Trans_L2_m: 4.207, Yaw_err_deg: 2.573
Epoch: [5/25], Batch: 1100/2963, Loss: 337.447, Trans_L2_m: 4.940, Yaw_err_deg: 2.411
Epoch: [5/25], Batch: 1110/2963, Loss: 673.389, Trans_L2_m: 6.820, Yaw_err_deg: 2.288
Epoch: [5/25], Batch: 1120/2963, Loss: 771.279, Trans_L2_m: 7.250, Yaw_err_deg: 2.296
Epoch: [5/25], Batch: 1130/2963, Loss: 419.028, Trans_L2_m: 5.567, Yaw_err_deg: 1.888
Epoch: [5/25], Batch: 1140/2963, Loss: 344.991, Trans_L2_m: 4.974, Yaw_err_deg: 1.180
Epoch: [5/25], Batch: 1150/2963, Loss: 307.518, Trans_L2_m: 3.548, Yaw_err_deg: 2.042
Epoch: [5/25], Batch: 1160/2963, Loss: 461.014, Trans_L2_m: 6.248, Yaw_err_deg: 2.022
Epoch: [5/25], Batch: 1170/2963, Loss: 496.672, Trans_L2_m: 6.144, Yaw_err_deg: 2.321
Epoch: [5/25], Batch: 1180/2963, Loss: 349.655, Trans_L2_m: 4.668, Yaw_err_deg: 1.704
Epoch: [5/25], Batch: 1190/2963, Loss: 507.785, Trans_L2_m: 6.347, Yaw_err_deg: 1.560
Epoch: [5/25], Batch: 1200/2963, Loss: 612.451, Trans_L2_m: 6.855, Yaw_err_deg: 2.268
Epoch: [5/25], Batch: 1210/2963, Loss: 291.661, Trans_L2_m: 4.233, Yaw_err_deg: 2.410
Epoch: [5/25], Batch: 1220/2963, Loss: 376.441, Trans_L2_m: 4.531, Yaw_err_deg: 3.098
Epoch: [5/25], Batch: 1230/2963, Loss: 348.171, Trans_L2_m: 4.689, Yaw_err_deg: 2.462
Epoch: [5/25], Batch: 1240/2963, Loss: 527.169, Trans_L2_m: 6.306, Yaw_err_deg: 2.202
Epoch: [5/25], Batch: 1250/2963, Loss: 717.607, Trans_L2_m: 7.162, Yaw_err_deg: 3.903
Epoch: [5/25], Batch: 1260/2963, Loss: 534.426, Trans_L2_m: 6.002, Yaw_err_deg: 2.096
Epoch: [5/25], Batch: 1270/2963, Loss: 390.358, Trans_L2_m: 4.864, Yaw_err_deg: 1.743
Epoch: [5/25], Batch: 1280/2963, Loss: 410.822, Trans_L2_m: 5.122, Yaw_err_deg: 2.716
Epoch: [5/25], Batch: 1290/2963, Loss: 351.140, Trans_L2_m: 4.003, Yaw_err_deg: 3.236
Epoch: [5/25], Batch: 1300/2963, Loss: 387.036, Trans_L2_m: 5.004, Yaw_err_deg: 3.029
Epoch: [5/25], Batch: 1310/2963, Loss: 636.061, Trans_L2_m: 6.489, Yaw_err_deg: 1.900
Epoch: [5/25], Batch: 1320/2963, Loss: 458.288, Trans_L2_m: 5.014, Yaw_err_deg: 2.054
Epoch: [5/25], Batch: 1330/2963, Loss: 368.428, Trans_L2_m: 5.424, Yaw_err_deg: 2.296
Epoch: [5/25], Batch: 1340/2963, Loss: 488.601, Trans_L2_m: 6.213, Yaw_err_deg: 2.567
Epoch: [5/25], Batch: 1350/2963, Loss: 255.754, Trans_L2_m: 3.680, Yaw_err_deg: 2.874
Epoch: [5/25], Batch: 1360/2963, Loss: 485.420, Trans_L2_m: 6.141, Yaw_err_deg: 1.555
Epoch: [5/25], Batch: 1370/2963, Loss: 291.773, Trans_L2_m: 3.801, Yaw_err_deg: 2.013
Epoch: [5/25], Batch: 1380/2963, Loss: 467.430, Trans_L2_m: 5.923, Yaw_err_deg: 1.897
Epoch: [5/25], Batch: 1390/2963, Loss: 382.018, Trans_L2_m: 4.492, Yaw_err_deg: 3.975
Epoch: [5/25], Batch: 1400/2963, Loss: 627.428, Trans_L2_m: 6.571, Yaw_err_deg: 4.110
Epoch: [5/25], Batch: 1410/2963, Loss: 423.932, Trans_L2_m: 5.558, Yaw_err_deg: 2.742
Epoch: [5/25], Batch: 1420/2963, Loss: 604.189, Trans_L2_m: 6.824, Yaw_err_deg: 2.552
Epoch: [5/25], Batch: 1430/2963, Loss: 706.556, Trans_L2_m: 6.718, Yaw_err_deg: 3.357
Epoch: [5/25], Batch: 1440/2963, Loss: 645.356, Trans_L2_m: 6.248, Yaw_err_deg: 3.036
Epoch: [5/25], Batch: 1450/2963, Loss: 279.883, Trans_L2_m: 3.470, Yaw_err_deg: 2.941
Epoch: [5/25], Batch: 1460/2963, Loss: 377.451, Trans_L2_m: 4.027, Yaw_err_deg: 2.621
Epoch: [5/25], Batch: 1470/2963, Loss: 470.968, Trans_L2_m: 5.896, Yaw_err_deg: 2.471
Epoch: [5/25], Batch: 1480/2963, Loss: 503.768, Trans_L2_m: 5.801, Yaw_err_deg: 2.020
Epoch: [5/25], Batch: 1490/2963, Loss: 500.562, Trans_L2_m: 6.161, Yaw_err_deg: 1.854
Epoch: [5/25], Batch: 1500/2963, Loss: 432.939, Trans_L2_m: 5.336, Yaw_err_deg: 2.036
Epoch: [5/25], Batch: 1510/2963, Loss: 387.451, Trans_L2_m: 5.958, Yaw_err_deg: 1.990
Epoch: [5/25], Batch: 1520/2963, Loss: 311.012, Trans_L2_m: 4.179, Yaw_err_deg: 1.991
Epoch: [5/25], Batch: 1530/2963, Loss: 474.931, Trans_L2_m: 4.820, Yaw_err_deg: 2.720
Epoch: [5/25], Batch: 1540/2963, Loss: 483.018, Trans_L2_m: 5.233, Yaw_err_deg: 2.710
Epoch: [5/25], Batch: 1550/2963, Loss: 402.699, Trans_L2_m: 4.424, Yaw_err_deg: 2.627
Epoch: [5/25], Batch: 1560/2963, Loss: 354.577, Trans_L2_m: 4.583, Yaw_err_deg: 2.222
Epoch: [5/25], Batch: 1570/2963, Loss: 285.215, Trans_L2_m: 3.853, Yaw_err_deg: 2.300
Epoch: [5/25], Batch: 1580/2963, Loss: 349.399, Trans_L2_m: 4.809, Yaw_err_deg: 2.279
Epoch: [5/25], Batch: 1590/2963, Loss: 277.261, Trans_L2_m: 3.561, Yaw_err_deg: 2.298
Epoch: [5/25], Batch: 1600/2963, Loss: 471.266, Trans_L2_m: 6.495, Yaw_err_deg: 1.849
Epoch: [5/25], Batch: 1610/2963, Loss: 628.519, Trans_L2_m: 6.999, Yaw_err_deg: 2.613
Epoch: [5/25], Batch: 1620/2963, Loss: 499.761, Trans_L2_m: 6.619, Yaw_err_deg: 2.166
Epoch: [5/25], Batch: 1630/2963, Loss: 228.296, Trans_L2_m: 3.811, Yaw_err_deg: 1.724
Epoch: [5/25], Batch: 1640/2963, Loss: 278.284, Trans_L2_m: 3.771, Yaw_err_deg: 2.164
Epoch: [5/25], Batch: 1650/2963, Loss: 295.286, Trans_L2_m: 4.060, Yaw_err_deg: 2.075
Epoch: [5/25], Batch: 1660/2963, Loss: 672.599, Trans_L2_m: 5.381, Yaw_err_deg: 3.703
Epoch: [5/25], Batch: 1670/2963, Loss: 532.900, Trans_L2_m: 5.380, Yaw_err_deg: 2.404
Epoch: [5/25], Batch: 1680/2963, Loss: 461.186, Trans_L2_m: 5.528, Yaw_err_deg: 2.283
Epoch: [5/25], Batch: 1690/2963, Loss: 337.747, Trans_L2_m: 4.130, Yaw_err_deg: 2.312
Epoch: [5/25], Batch: 1700/2963, Loss: 283.012, Trans_L2_m: 2.548, Yaw_err_deg: 3.635
Epoch: [5/25], Batch: 1710/2963, Loss: 675.434, Trans_L2_m: 5.842, Yaw_err_deg: 3.334
Epoch: [5/25], Batch: 1720/2963, Loss: 440.867, Trans_L2_m: 4.551, Yaw_err_deg: 3.168
Epoch: [5/25], Batch: 1730/2963, Loss: 517.640, Trans_L2_m: 6.013, Yaw_err_deg: 2.168
Epoch: [5/25], Batch: 1740/2963, Loss: 663.352, Trans_L2_m: 6.321, Yaw_err_deg: 3.910
Epoch: [5/25], Batch: 1750/2963, Loss: 663.186, Trans_L2_m: 6.724, Yaw_err_deg: 3.201
Epoch: [5/25], Batch: 1760/2963, Loss: 385.670, Trans_L2_m: 4.707, Yaw_err_deg: 2.765
Epoch: [5/25], Batch: 1770/2963, Loss: 357.468, Trans_L2_m: 4.093, Yaw_err_deg: 3.348
Epoch: [5/25], Batch: 1780/2963, Loss: 431.368, Trans_L2_m: 4.310, Yaw_err_deg: 2.310
Epoch: [5/25], Batch: 1790/2963, Loss: 263.889, Trans_L2_m: 3.101, Yaw_err_deg: 1.971
Epoch: [5/25], Batch: 1800/2963, Loss: 676.061, Trans_L2_m: 6.931, Yaw_err_deg: 3.055
Epoch: [5/25], Batch: 1810/2963, Loss: 320.376, Trans_L2_m: 4.377, Yaw_err_deg: 1.978
Epoch: [5/25], Batch: 1820/2963, Loss: 456.962, Trans_L2_m: 4.706, Yaw_err_deg: 2.623
Epoch: [5/25], Batch: 1830/2963, Loss: 456.730, Trans_L2_m: 5.739, Yaw_err_deg: 2.400
Epoch: [5/25], Batch: 1840/2963, Loss: 616.670, Trans_L2_m: 5.822, Yaw_err_deg: 2.620
Epoch: [5/25], Batch: 1850/2963, Loss: 401.151, Trans_L2_m: 5.056, Yaw_err_deg: 1.614
Epoch: [5/25], Batch: 1860/2963, Loss: 429.164, Trans_L2_m: 5.202, Yaw_err_deg: 3.119
Epoch: [5/25], Batch: 1870/2963, Loss: 758.484, Trans_L2_m: 7.445, Yaw_err_deg: 2.332
Epoch: [5/25], Batch: 1880/2963, Loss: 361.159, Trans_L2_m: 5.208, Yaw_err_deg: 1.558
Epoch: [5/25], Batch: 1890/2963, Loss: 528.687, Trans_L2_m: 6.375, Yaw_err_deg: 1.899
Epoch: [5/25], Batch: 1900/2963, Loss: 334.990, Trans_L2_m: 4.642, Yaw_err_deg: 2.314
Epoch: [5/25], Batch: 1910/2963, Loss: 314.907, Trans_L2_m: 4.703, Yaw_err_deg: 2.348
Epoch: [5/25], Batch: 1920/2963, Loss: 636.995, Trans_L2_m: 6.591, Yaw_err_deg: 2.557
Epoch: [5/25], Batch: 1930/2963, Loss: 610.481, Trans_L2_m: 7.642, Yaw_err_deg: 2.133
Epoch: [5/25], Batch: 1940/2963, Loss: 635.929, Trans_L2_m: 8.350, Yaw_err_deg: 1.784
Epoch: [5/25], Batch: 1950/2963, Loss: 498.691, Trans_L2_m: 6.175, Yaw_err_deg: 2.470
Epoch: [5/25], Batch: 1960/2963, Loss: 340.301, Trans_L2_m: 4.525, Yaw_err_deg: 2.453
Epoch: [5/25], Batch: 1970/2963, Loss: 512.372, Trans_L2_m: 5.925, Yaw_err_deg: 1.851
Epoch: [5/25], Batch: 1980/2963, Loss: 420.851, Trans_L2_m: 5.428, Yaw_err_deg: 2.304
Epoch: [5/25], Batch: 1990/2963, Loss: 538.474, Trans_L2_m: 5.801, Yaw_err_deg: 1.870
Epoch: [5/25], Batch: 2000/2963, Loss: 274.784, Trans_L2_m: 3.440, Yaw_err_deg: 2.016
Epoch: [5/25], Batch: 2010/2963, Loss: 392.409, Trans_L2_m: 5.206, Yaw_err_deg: 1.931
Epoch: [5/25], Batch: 2020/2963, Loss: 646.717, Trans_L2_m: 6.227, Yaw_err_deg: 2.131
Epoch: [5/25], Batch: 2030/2963, Loss: 692.671, Trans_L2_m: 8.006, Yaw_err_deg: 2.079
Epoch: [5/25], Batch: 2040/2963, Loss: 333.843, Trans_L2_m: 4.405, Yaw_err_deg: 2.926
Epoch: [5/25], Batch: 2050/2963, Loss: 274.475, Trans_L2_m: 3.820, Yaw_err_deg: 1.790
Epoch: [5/25], Batch: 2060/2963, Loss: 260.055, Trans_L2_m: 3.907, Yaw_err_deg: 1.977
Epoch: [5/25], Batch: 2070/2963, Loss: 413.614, Trans_L2_m: 5.006, Yaw_err_deg: 2.727
Epoch: [5/25], Batch: 2080/2963, Loss: 562.602, Trans_L2_m: 6.839, Yaw_err_deg: 2.086
Epoch: [5/25], Batch: 2090/2963, Loss: 649.988, Trans_L2_m: 6.604, Yaw_err_deg: 2.335
Epoch: [5/25], Batch: 2100/2963, Loss: 518.940, Trans_L2_m: 5.727, Yaw_err_deg: 2.802
Epoch: [5/25], Batch: 2110/2963, Loss: 344.136, Trans_L2_m: 4.071, Yaw_err_deg: 2.588
Epoch: [5/25], Batch: 2120/2963, Loss: 562.772, Trans_L2_m: 6.454, Yaw_err_deg: 2.044
Epoch: [5/25], Batch: 2130/2963, Loss: 451.726, Trans_L2_m: 5.658, Yaw_err_deg: 1.859
Epoch: [5/25], Batch: 2140/2963, Loss: 449.705, Trans_L2_m: 5.190, Yaw_err_deg: 3.310
Epoch: [5/25], Batch: 2150/2963, Loss: 353.836, Trans_L2_m: 4.705, Yaw_err_deg: 2.588
Epoch: [5/25], Batch: 2160/2963, Loss: 370.715, Trans_L2_m: 4.569, Yaw_err_deg: 2.416
Epoch: [5/25], Batch: 2170/2963, Loss: 333.947, Trans_L2_m: 5.051, Yaw_err_deg: 2.616
Epoch: [5/25], Batch: 2180/2963, Loss: 279.893, Trans_L2_m: 3.873, Yaw_err_deg: 1.906
Epoch: [5/25], Batch: 2190/2963, Loss: 456.148, Trans_L2_m: 5.934, Yaw_err_deg: 2.494
Epoch: [5/25], Batch: 2200/2963, Loss: 302.313, Trans_L2_m: 4.540, Yaw_err_deg: 1.917
Epoch: [5/25], Batch: 2210/2963, Loss: 551.955, Trans_L2_m: 5.577, Yaw_err_deg: 3.377
Epoch: [5/25], Batch: 2220/2963, Loss: 702.017, Trans_L2_m: 6.954, Yaw_err_deg: 1.915
Epoch: [5/25], Batch: 2230/2963, Loss: 694.775, Trans_L2_m: 6.843, Yaw_err_deg: 2.652
Epoch: [5/25], Batch: 2240/2963, Loss: 347.868, Trans_L2_m: 4.599, Yaw_err_deg: 2.461
Epoch: [5/25], Batch: 2250/2963, Loss: 351.865, Trans_L2_m: 5.075, Yaw_err_deg: 1.737
Epoch: [5/25], Batch: 2260/2963, Loss: 323.352, Trans_L2_m: 4.897, Yaw_err_deg: 2.608
Epoch: [5/25], Batch: 2270/2963, Loss: 368.350, Trans_L2_m: 5.197, Yaw_err_deg: 1.339
Epoch: [5/25], Batch: 2280/2963, Loss: 220.063, Trans_L2_m: 3.560, Yaw_err_deg: 1.795
Epoch: [5/25], Batch: 2290/2963, Loss: 576.573, Trans_L2_m: 7.247, Yaw_err_deg: 2.107
Epoch: [5/25], Batch: 2300/2963, Loss: 573.128, Trans_L2_m: 6.956, Yaw_err_deg: 2.960
Epoch: [5/25], Batch: 2310/2963, Loss: 494.807, Trans_L2_m: 4.521, Yaw_err_deg: 3.178
Epoch: [5/25], Batch: 2320/2963, Loss: 959.106, Trans_L2_m: 7.641, Yaw_err_deg: 2.168
Epoch: [5/25], Batch: 2330/2963, Loss: 338.826, Trans_L2_m: 4.036, Yaw_err_deg: 2.641
Epoch: [5/25], Batch: 2340/2963, Loss: 619.060, Trans_L2_m: 6.330, Yaw_err_deg: 2.300
Epoch: [5/25], Batch: 2350/2963, Loss: 567.953, Trans_L2_m: 5.776, Yaw_err_deg: 2.481
Epoch: [5/25], Batch: 2360/2963, Loss: 558.970, Trans_L2_m: 6.238, Yaw_err_deg: 4.060
Epoch: [5/25], Batch: 2370/2963, Loss: 601.769, Trans_L2_m: 6.757, Yaw_err_deg: 2.783
Epoch: [5/25], Batch: 2380/2963, Loss: 383.222, Trans_L2_m: 4.879, Yaw_err_deg: 2.752
Epoch: [5/25], Batch: 2390/2963, Loss: 573.980, Trans_L2_m: 5.911, Yaw_err_deg: 3.704
Epoch: [5/25], Batch: 2400/2963, Loss: 423.214, Trans_L2_m: 5.168, Yaw_err_deg: 2.658
Epoch: [5/25], Batch: 2410/2963, Loss: 263.532, Trans_L2_m: 3.937, Yaw_err_deg: 2.302
Epoch: [5/25], Batch: 2420/2963, Loss: 356.586, Trans_L2_m: 4.336, Yaw_err_deg: 2.640
Epoch: [5/25], Batch: 2430/2963, Loss: 458.511, Trans_L2_m: 6.041, Yaw_err_deg: 2.130
Epoch: [5/25], Batch: 2440/2963, Loss: 438.042, Trans_L2_m: 5.575, Yaw_err_deg: 2.410
Epoch: [5/25], Batch: 2450/2963, Loss: 549.962, Trans_L2_m: 5.369, Yaw_err_deg: 2.176
Epoch: [5/25], Batch: 2460/2963, Loss: 391.994, Trans_L2_m: 5.327, Yaw_err_deg: 2.110
Epoch: [5/25], Batch: 2470/2963, Loss: 253.454, Trans_L2_m: 3.602, Yaw_err_deg: 2.133
Epoch: [5/25], Batch: 2480/2963, Loss: 399.209, Trans_L2_m: 5.159, Yaw_err_deg: 2.432
Epoch: [5/25], Batch: 2490/2963, Loss: 490.369, Trans_L2_m: 5.971, Yaw_err_deg: 2.590
Epoch: [5/25], Batch: 2500/2963, Loss: 647.961, Trans_L2_m: 6.129, Yaw_err_deg: 2.208
Epoch: [5/25], Batch: 2510/2963, Loss: 561.056, Trans_L2_m: 5.179, Yaw_err_deg: 2.241
Epoch: [5/25], Batch: 2520/2963, Loss: 414.919, Trans_L2_m: 4.882, Yaw_err_deg: 1.757
Epoch: [5/25], Batch: 2530/2963, Loss: 646.472, Trans_L2_m: 6.909, Yaw_err_deg: 2.560
Epoch: [5/25], Batch: 2540/2963, Loss: 434.262, Trans_L2_m: 4.556, Yaw_err_deg: 2.649
Epoch: [5/25], Batch: 2550/2963, Loss: 622.920, Trans_L2_m: 5.247, Yaw_err_deg: 4.060
Epoch: [5/25], Batch: 2560/2963, Loss: 279.382, Trans_L2_m: 4.442, Yaw_err_deg: 2.383
Epoch: [5/25], Batch: 2570/2963, Loss: 303.694, Trans_L2_m: 4.657, Yaw_err_deg: 2.185
Epoch: [5/25], Batch: 2580/2963, Loss: 353.143, Trans_L2_m: 4.753, Yaw_err_deg: 1.596
Epoch: [5/25], Batch: 2590/2963, Loss: 420.924, Trans_L2_m: 6.051, Yaw_err_deg: 2.236
Epoch: [5/25], Batch: 2600/2963, Loss: 406.865, Trans_L2_m: 4.610, Yaw_err_deg: 2.101
Epoch: [5/25], Batch: 2610/2963, Loss: 352.608, Trans_L2_m: 5.063, Yaw_err_deg: 2.355
Epoch: [5/25], Batch: 2620/2963, Loss: 326.150, Trans_L2_m: 4.027, Yaw_err_deg: 2.408
Epoch: [5/25], Batch: 2630/2963, Loss: 840.000, Trans_L2_m: 7.070, Yaw_err_deg: 1.545
Epoch: [5/25], Batch: 2640/2963, Loss: 421.325, Trans_L2_m: 5.434, Yaw_err_deg: 2.623
Epoch: [5/25], Batch: 2650/2963, Loss: 474.641, Trans_L2_m: 4.840, Yaw_err_deg: 2.837
Epoch: [5/25], Batch: 2660/2963, Loss: 1217.250, Trans_L2_m: 10.310, Yaw_err_deg: 2.414
Epoch: [5/25], Batch: 2670/2963, Loss: 417.664, Trans_L2_m: 3.119, Yaw_err_deg: 3.715
Epoch: [5/25], Batch: 2680/2963, Loss: 318.050, Trans_L2_m: 3.736, Yaw_err_deg: 3.006
Epoch: [5/25], Batch: 2690/2963, Loss: 373.994, Trans_L2_m: 4.563, Yaw_err_deg: 2.764
Epoch: [5/25], Batch: 2700/2963, Loss: 396.559, Trans_L2_m: 5.313, Yaw_err_deg: 2.293
Epoch: [5/25], Batch: 2710/2963, Loss: 395.303, Trans_L2_m: 5.277, Yaw_err_deg: 1.921
Epoch: [5/25], Batch: 2720/2963, Loss: 297.585, Trans_L2_m: 3.699, Yaw_err_deg: 2.303
Epoch: [5/25], Batch: 2730/2963, Loss: 633.037, Trans_L2_m: 6.384, Yaw_err_deg: 3.386
Epoch: [5/25], Batch: 2740/2963, Loss: 573.954, Trans_L2_m: 5.886, Yaw_err_deg: 2.595
Epoch: [5/25], Batch: 2750/2963, Loss: 509.126, Trans_L2_m: 6.404, Yaw_err_deg: 2.228
Epoch: [5/25], Batch: 2760/2963, Loss: 460.870, Trans_L2_m: 4.945, Yaw_err_deg: 3.022
Epoch: [5/25], Batch: 2770/2963, Loss: 550.017, Trans_L2_m: 5.361, Yaw_err_deg: 1.678
Epoch: [5/25], Batch: 2780/2963, Loss: 255.960, Trans_L2_m: 4.193, Yaw_err_deg: 2.072
Epoch: [5/25], Batch: 2790/2963, Loss: 254.067, Trans_L2_m: 3.957, Yaw_err_deg: 1.786
Epoch: [5/25], Batch: 2800/2963, Loss: 646.025, Trans_L2_m: 6.744, Yaw_err_deg: 2.489
Epoch: [5/25], Batch: 2810/2963, Loss: 590.391, Trans_L2_m: 6.005, Yaw_err_deg: 2.466
Epoch: [5/25], Batch: 2820/2963, Loss: 416.586, Trans_L2_m: 4.365, Yaw_err_deg: 2.000
Epoch: [5/25], Batch: 2830/2963, Loss: 475.363, Trans_L2_m: 5.795, Yaw_err_deg: 2.735
Epoch: [5/25], Batch: 2840/2963, Loss: 494.575, Trans_L2_m: 4.777, Yaw_err_deg: 3.439
Epoch: [5/25], Batch: 2850/2963, Loss: 291.567, Trans_L2_m: 3.884, Yaw_err_deg: 2.514
Epoch: [5/25], Batch: 2860/2963, Loss: 598.253, Trans_L2_m: 4.975, Yaw_err_deg: 2.786
Epoch: [5/25], Batch: 2870/2963, Loss: 510.317, Trans_L2_m: 6.676, Yaw_err_deg: 2.075
Epoch: [5/25], Batch: 2880/2963, Loss: 394.512, Trans_L2_m: 5.333, Yaw_err_deg: 2.759
Epoch: [5/25], Batch: 2890/2963, Loss: 532.599, Trans_L2_m: 5.845, Yaw_err_deg: 2.876
Epoch: [5/25], Batch: 2900/2963, Loss: 368.443, Trans_L2_m: 4.749, Yaw_err_deg: 2.681
Epoch: [5/25], Batch: 2910/2963, Loss: 609.074, Trans_L2_m: 6.646, Yaw_err_deg: 2.189
Epoch: [5/25], Batch: 2920/2963, Loss: 383.716, Trans_L2_m: 5.903, Yaw_err_deg: 1.898
Epoch: [5/25], Batch: 2930/2963, Loss: 1018.305, Trans_L2_m: 7.738, Yaw_err_deg: 4.388
Epoch: [5/25], Batch: 2940/2963, Loss: 584.326, Trans_L2_m: 6.943, Yaw_err_deg: 1.588
Epoch: [5/25], Batch: 2950/2963, Loss: 333.871, Trans_L2_m: 4.310, Yaw_err_deg: 1.580
Epoch: [5/25], Batch: 2960/2963, Loss: 261.581, Trans_L2_m: 3.914, Yaw_err_deg: 1.513
Epoch: [6/25], Batch: 0/2963, Loss: 317.491, Trans_L2_m: 5.010, Yaw_err_deg: 1.911
Epoch: [6/25], Batch: 10/2963, Loss: 478.862, Trans_L2_m: 6.559, Yaw_err_deg: 1.834
Epoch: [6/25], Batch: 20/2963, Loss: 327.738, Trans_L2_m: 4.172, Yaw_err_deg: 2.072
Epoch: [6/25], Batch: 30/2963, Loss: 674.599, Trans_L2_m: 6.285, Yaw_err_deg: 2.029
Epoch: [6/25], Batch: 40/2963, Loss: 495.832, Trans_L2_m: 6.184, Yaw_err_deg: 3.070
Epoch: [6/25], Batch: 50/2963, Loss: 552.950, Trans_L2_m: 5.110, Yaw_err_deg: 2.186
Epoch: [6/25], Batch: 60/2963, Loss: 310.337, Trans_L2_m: 4.650, Yaw_err_deg: 1.841
Epoch: [6/25], Batch: 70/2963, Loss: 304.561, Trans_L2_m: 4.167, Yaw_err_deg: 2.425
Epoch: [6/25], Batch: 80/2963, Loss: 282.206, Trans_L2_m: 4.528, Yaw_err_deg: 2.653
Epoch: [6/25], Batch: 90/2963, Loss: 371.110, Trans_L2_m: 4.849, Yaw_err_deg: 2.163
Epoch: [6/25], Batch: 100/2963, Loss: 279.087, Trans_L2_m: 3.324, Yaw_err_deg: 2.455
Epoch: [6/25], Batch: 110/2963, Loss: 288.869, Trans_L2_m: 4.356, Yaw_err_deg: 1.968
Epoch: [6/25], Batch: 120/2963, Loss: 529.555, Trans_L2_m: 4.670, Yaw_err_deg: 3.503
Epoch: [6/25], Batch: 130/2963, Loss: 301.017, Trans_L2_m: 4.082, Yaw_err_deg: 2.273
Epoch: [6/25], Batch: 140/2963, Loss: 445.367, Trans_L2_m: 4.887, Yaw_err_deg: 2.035
Epoch: [6/25], Batch: 150/2963, Loss: 654.372, Trans_L2_m: 6.953, Yaw_err_deg: 3.026
Epoch: [6/25], Batch: 160/2963, Loss: 569.834, Trans_L2_m: 5.635, Yaw_err_deg: 2.588
Epoch: [6/25], Batch: 170/2963, Loss: 361.035, Trans_L2_m: 5.445, Yaw_err_deg: 1.718
Epoch: [6/25], Batch: 180/2963, Loss: 384.467, Trans_L2_m: 5.470, Yaw_err_deg: 1.793
Epoch: [6/25], Batch: 190/2963, Loss: 300.236, Trans_L2_m: 4.025, Yaw_err_deg: 3.093
Epoch: [6/25], Batch: 200/2963, Loss: 896.358, Trans_L2_m: 8.103, Yaw_err_deg: 2.800
Epoch: [6/25], Batch: 210/2963, Loss: 244.638, Trans_L2_m: 2.770, Yaw_err_deg: 1.797
Epoch: [6/25], Batch: 220/2963, Loss: 306.540, Trans_L2_m: 3.786, Yaw_err_deg: 2.964
Epoch: [6/25], Batch: 230/2963, Loss: 473.532, Trans_L2_m: 5.713, Yaw_err_deg: 1.964
Epoch: [6/25], Batch: 240/2963, Loss: 702.058, Trans_L2_m: 6.009, Yaw_err_deg: 2.000
Epoch: [6/25], Batch: 250/2963, Loss: 289.671, Trans_L2_m: 3.995, Yaw_err_deg: 2.519
Epoch: [6/25], Batch: 260/2963, Loss: 277.343, Trans_L2_m: 4.405, Yaw_err_deg: 1.960
Epoch: [6/25], Batch: 270/2963, Loss: 382.799, Trans_L2_m: 4.379, Yaw_err_deg: 2.738
Epoch: [6/25], Batch: 280/2963, Loss: 400.663, Trans_L2_m: 5.318, Yaw_err_deg: 2.441
Epoch: [6/25], Batch: 290/2963, Loss: 250.247, Trans_L2_m: 3.861, Yaw_err_deg: 1.444
Epoch: [6/25], Batch: 300/2963, Loss: 413.613, Trans_L2_m: 4.928, Yaw_err_deg: 2.459
Epoch: [6/25], Batch: 310/2963, Loss: 309.817, Trans_L2_m: 3.015, Yaw_err_deg: 3.395
Epoch: [6/25], Batch: 320/2963, Loss: 489.108, Trans_L2_m: 5.929, Yaw_err_deg: 2.105
Epoch: [6/25], Batch: 330/2963, Loss: 422.124, Trans_L2_m: 4.633, Yaw_err_deg: 2.169
Epoch: [6/25], Batch: 340/2963, Loss: 325.296, Trans_L2_m: 3.565, Yaw_err_deg: 1.882
Epoch: [6/25], Batch: 350/2963, Loss: 300.219, Trans_L2_m: 4.686, Yaw_err_deg: 1.939
Epoch: [6/25], Batch: 360/2963, Loss: 425.748, Trans_L2_m: 4.666, Yaw_err_deg: 1.703
Epoch: [6/25], Batch: 370/2963, Loss: 562.392, Trans_L2_m: 6.390, Yaw_err_deg: 2.817
Epoch: [6/25], Batch: 380/2963, Loss: 279.501, Trans_L2_m: 3.905, Yaw_err_deg: 2.095
Epoch: [6/25], Batch: 390/2963, Loss: 748.345, Trans_L2_m: 5.600, Yaw_err_deg: 3.881
Epoch: [6/25], Batch: 400/2963, Loss: 344.115, Trans_L2_m: 5.059, Yaw_err_deg: 1.944
Epoch: [6/25], Batch: 410/2963, Loss: 538.335, Trans_L2_m: 6.561, Yaw_err_deg: 1.487
Epoch: [6/25], Batch: 420/2963, Loss: 293.885, Trans_L2_m: 3.908, Yaw_err_deg: 1.300
Epoch: [6/25], Batch: 430/2963, Loss: 404.845, Trans_L2_m: 4.713, Yaw_err_deg: 2.533
Epoch: [6/25], Batch: 440/2963, Loss: 261.877, Trans_L2_m: 3.038, Yaw_err_deg: 2.493
Epoch: [6/25], Batch: 450/2963, Loss: 335.921, Trans_L2_m: 4.709, Yaw_err_deg: 1.896
Epoch: [6/25], Batch: 460/2963, Loss: 209.800, Trans_L2_m: 3.304, Yaw_err_deg: 2.174
Epoch: [6/25], Batch: 470/2963, Loss: 395.112, Trans_L2_m: 4.237, Yaw_err_deg: 2.955
Epoch: [6/25], Batch: 480/2963, Loss: 201.979, Trans_L2_m: 3.197, Yaw_err_deg: 2.223
Epoch: [6/25], Batch: 490/2963, Loss: 373.799, Trans_L2_m: 5.064, Yaw_err_deg: 1.910
Epoch: [6/25], Batch: 500/2963, Loss: 384.825, Trans_L2_m: 4.423, Yaw_err_deg: 2.618
Epoch: [6/25], Batch: 510/2963, Loss: 410.506, Trans_L2_m: 5.003, Yaw_err_deg: 2.814
Epoch: [6/25], Batch: 520/2963, Loss: 380.584, Trans_L2_m: 4.733, Yaw_err_deg: 2.376
Epoch: [6/25], Batch: 530/2963, Loss: 391.896, Trans_L2_m: 4.531, Yaw_err_deg: 3.186
Epoch: [6/25], Batch: 540/2963, Loss: 449.936, Trans_L2_m: 5.403, Yaw_err_deg: 3.077
Epoch: [6/25], Batch: 550/2963, Loss: 660.642, Trans_L2_m: 7.451, Yaw_err_deg: 2.548
Epoch: [6/25], Batch: 560/2963, Loss: 221.669, Trans_L2_m: 3.751, Yaw_err_deg: 2.112
Epoch: [6/25], Batch: 570/2963, Loss: 354.470, Trans_L2_m: 4.627, Yaw_err_deg: 2.564
Epoch: [6/25], Batch: 580/2963, Loss: 196.934, Trans_L2_m: 3.399, Yaw_err_deg: 2.372
Epoch: [6/25], Batch: 590/2963, Loss: 184.600, Trans_L2_m: 2.732, Yaw_err_deg: 2.198
Epoch: [6/25], Batch: 600/2963, Loss: 353.137, Trans_L2_m: 4.337, Yaw_err_deg: 2.264
Epoch: [6/25], Batch: 610/2963, Loss: 274.904, Trans_L2_m: 3.676, Yaw_err_deg: 1.882
Epoch: [6/25], Batch: 620/2963, Loss: 464.130, Trans_L2_m: 5.900, Yaw_err_deg: 2.164
Epoch: [6/25], Batch: 630/2963, Loss: 448.674, Trans_L2_m: 5.956, Yaw_err_deg: 1.657
Epoch: [6/25], Batch: 640/2963, Loss: 237.621, Trans_L2_m: 2.561, Yaw_err_deg: 1.842
Epoch: [6/25], Batch: 650/2963, Loss: 229.209, Trans_L2_m: 3.286, Yaw_err_deg: 2.007
Epoch: [6/25], Batch: 660/2963, Loss: 471.949, Trans_L2_m: 5.538, Yaw_err_deg: 2.563
Epoch: [6/25], Batch: 670/2963, Loss: 254.543, Trans_L2_m: 3.550, Yaw_err_deg: 2.842
Epoch: [6/25], Batch: 680/2963, Loss: 256.347, Trans_L2_m: 3.071, Yaw_err_deg: 2.751
Epoch: [6/25], Batch: 690/2963, Loss: 611.349, Trans_L2_m: 5.738, Yaw_err_deg: 2.562
Epoch: [6/25], Batch: 700/2963, Loss: 324.284, Trans_L2_m: 4.076, Yaw_err_deg: 2.749
Epoch: [6/25], Batch: 710/2963, Loss: 591.846, Trans_L2_m: 6.076, Yaw_err_deg: 2.443
Epoch: [6/25], Batch: 720/2963, Loss: 277.786, Trans_L2_m: 3.791, Yaw_err_deg: 2.535
Epoch: [6/25], Batch: 730/2963, Loss: 191.802, Trans_L2_m: 3.275, Yaw_err_deg: 2.131
Epoch: [6/25], Batch: 740/2963, Loss: 493.920, Trans_L2_m: 6.233, Yaw_err_deg: 2.411
Epoch: [6/25], Batch: 750/2963, Loss: 591.644, Trans_L2_m: 5.868, Yaw_err_deg: 2.927
Epoch: [6/25], Batch: 760/2963, Loss: 389.493, Trans_L2_m: 4.791, Yaw_err_deg: 2.834
Epoch: [6/25], Batch: 770/2963, Loss: 218.544, Trans_L2_m: 3.678, Yaw_err_deg: 1.622
Epoch: [6/25], Batch: 780/2963, Loss: 579.776, Trans_L2_m: 6.258, Yaw_err_deg: 2.820
Epoch: [6/25], Batch: 790/2963, Loss: 484.975, Trans_L2_m: 5.222, Yaw_err_deg: 2.840
Epoch: [6/25], Batch: 800/2963, Loss: 357.872, Trans_L2_m: 4.447, Yaw_err_deg: 1.978
Epoch: [6/25], Batch: 810/2963, Loss: 226.920, Trans_L2_m: 2.648, Yaw_err_deg: 2.483
Epoch: [6/25], Batch: 820/2963, Loss: 470.575, Trans_L2_m: 5.103, Yaw_err_deg: 1.757
Epoch: [6/25], Batch: 830/2963, Loss: 359.623, Trans_L2_m: 4.978, Yaw_err_deg: 1.889
Epoch: [6/25], Batch: 840/2963, Loss: 646.591, Trans_L2_m: 5.603, Yaw_err_deg: 2.225
Epoch: [6/25], Batch: 850/2963, Loss: 223.653, Trans_L2_m: 3.322, Yaw_err_deg: 2.096
Epoch: [6/25], Batch: 860/2963, Loss: 305.937, Trans_L2_m: 3.981, Yaw_err_deg: 2.361
Epoch: [6/25], Batch: 870/2963, Loss: 453.666, Trans_L2_m: 4.532, Yaw_err_deg: 3.410
Epoch: [6/25], Batch: 880/2963, Loss: 383.776, Trans_L2_m: 4.815, Yaw_err_deg: 2.432
Epoch: [6/25], Batch: 890/2963, Loss: 333.782, Trans_L2_m: 5.505, Yaw_err_deg: 1.457
Epoch: [6/25], Batch: 900/2963, Loss: 307.804, Trans_L2_m: 3.619, Yaw_err_deg: 1.652
Epoch: [6/25], Batch: 910/2963, Loss: 275.233, Trans_L2_m: 4.120, Yaw_err_deg: 2.159
Epoch: [6/25], Batch: 920/2963, Loss: 246.653, Trans_L2_m: 3.932, Yaw_err_deg: 1.681
Epoch: [6/25], Batch: 930/2963, Loss: 294.608, Trans_L2_m: 4.543, Yaw_err_deg: 2.156
Epoch: [6/25], Batch: 940/2963, Loss: 527.104, Trans_L2_m: 5.211, Yaw_err_deg: 2.024
Epoch: [6/25], Batch: 950/2963, Loss: 322.769, Trans_L2_m: 4.238, Yaw_err_deg: 2.096
Epoch: [6/25], Batch: 960/2963, Loss: 246.914, Trans_L2_m: 4.061, Yaw_err_deg: 2.296
Epoch: [6/25], Batch: 970/2963, Loss: 763.779, Trans_L2_m: 5.607, Yaw_err_deg: 2.137
Epoch: [6/25], Batch: 980/2963, Loss: 514.771, Trans_L2_m: 5.562, Yaw_err_deg: 2.278
Epoch: [6/25], Batch: 990/2963, Loss: 638.283, Trans_L2_m: 5.389, Yaw_err_deg: 1.759
Epoch: [6/25], Batch: 1000/2963, Loss: 232.573, Trans_L2_m: 3.254, Yaw_err_deg: 1.491
Epoch: [6/25], Batch: 1010/2963, Loss: 345.938, Trans_L2_m: 3.978, Yaw_err_deg: 2.690
Epoch: [6/25], Batch: 1020/2963, Loss: 326.600, Trans_L2_m: 4.554, Yaw_err_deg: 1.919
Epoch: [6/25], Batch: 1030/2963, Loss: 371.640, Trans_L2_m: 4.776, Yaw_err_deg: 1.658
Epoch: [6/25], Batch: 1040/2963, Loss: 276.302, Trans_L2_m: 4.371, Yaw_err_deg: 1.931
Epoch: [6/25], Batch: 1050/2963, Loss: 422.353, Trans_L2_m: 4.241, Yaw_err_deg: 2.176
Epoch: [6/25], Batch: 1060/2963, Loss: 317.495, Trans_L2_m: 4.886, Yaw_err_deg: 1.374
Epoch: [6/25], Batch: 1070/2963, Loss: 212.686, Trans_L2_m: 3.092, Yaw_err_deg: 2.342
Epoch: [6/25], Batch: 1080/2963, Loss: 284.418, Trans_L2_m: 3.850, Yaw_err_deg: 2.145
Epoch: [6/25], Batch: 1090/2963, Loss: 454.589, Trans_L2_m: 4.163, Yaw_err_deg: 3.337
Epoch: [6/25], Batch: 1100/2963, Loss: 629.077, Trans_L2_m: 5.555, Yaw_err_deg: 2.685
Epoch: [6/25], Batch: 1110/2963, Loss: 339.448, Trans_L2_m: 3.940, Yaw_err_deg: 2.852
Epoch: [6/25], Batch: 1120/2963, Loss: 328.316, Trans_L2_m: 4.293, Yaw_err_deg: 1.764
Epoch: [6/25], Batch: 1130/2963, Loss: 653.331, Trans_L2_m: 6.570, Yaw_err_deg: 2.819
Epoch: [6/25], Batch: 1140/2963, Loss: 273.836, Trans_L2_m: 4.008, Yaw_err_deg: 1.685
Epoch: [6/25], Batch: 1150/2963, Loss: 235.398, Trans_L2_m: 3.237, Yaw_err_deg: 2.286
Epoch: [6/25], Batch: 1160/2963, Loss: 498.608, Trans_L2_m: 5.447, Yaw_err_deg: 2.020
Epoch: [6/25], Batch: 1170/2963, Loss: 739.736, Trans_L2_m: 5.913, Yaw_err_deg: 3.018
Epoch: [6/25], Batch: 1180/2963, Loss: 271.796, Trans_L2_m: 4.050, Yaw_err_deg: 2.124
Epoch: [6/25], Batch: 1190/2963, Loss: 268.135, Trans_L2_m: 3.675, Yaw_err_deg: 1.808
Epoch: [6/25], Batch: 1200/2963, Loss: 339.819, Trans_L2_m: 4.027, Yaw_err_deg: 2.148
Epoch: [6/25], Batch: 1210/2963, Loss: 364.082, Trans_L2_m: 5.818, Yaw_err_deg: 1.938
Epoch: [6/25], Batch: 1220/2963, Loss: 459.461, Trans_L2_m: 6.190, Yaw_err_deg: 1.766
Epoch: [6/25], Batch: 1230/2963, Loss: 492.343, Trans_L2_m: 5.501, Yaw_err_deg: 2.219
Epoch: [6/25], Batch: 1240/2963, Loss: 621.599, Trans_L2_m: 6.495, Yaw_err_deg: 3.344
Epoch: [6/25], Batch: 1250/2963, Loss: 235.692, Trans_L2_m: 3.706, Yaw_err_deg: 1.742
Epoch: [6/25], Batch: 1260/2963, Loss: 378.569, Trans_L2_m: 5.044, Yaw_err_deg: 1.944
Epoch: [6/25], Batch: 1270/2963, Loss: 311.197, Trans_L2_m: 4.234, Yaw_err_deg: 2.706
Epoch: [6/25], Batch: 1280/2963, Loss: 482.327, Trans_L2_m: 4.804, Yaw_err_deg: 3.783
Epoch: [6/25], Batch: 1290/2963, Loss: 823.301, Trans_L2_m: 6.391, Yaw_err_deg: 2.136
Epoch: [6/25], Batch: 1300/2963, Loss: 334.839, Trans_L2_m: 4.510, Yaw_err_deg: 2.175
Epoch: [6/25], Batch: 1310/2963, Loss: 260.805, Trans_L2_m: 3.827, Yaw_err_deg: 1.361
Epoch: [6/25], Batch: 1320/2963, Loss: 397.613, Trans_L2_m: 4.958, Yaw_err_deg: 2.451
Epoch: [6/25], Batch: 1330/2963, Loss: 261.700, Trans_L2_m: 3.550, Yaw_err_deg: 2.354
Epoch: [6/25], Batch: 1340/2963, Loss: 285.595, Trans_L2_m: 3.390, Yaw_err_deg: 2.742
Epoch: [6/25], Batch: 1350/2963, Loss: 216.655, Trans_L2_m: 2.405, Yaw_err_deg: 2.907
Epoch: [6/25], Batch: 1360/2963, Loss: 376.036, Trans_L2_m: 5.068, Yaw_err_deg: 1.916
Epoch: [6/25], Batch: 1370/2963, Loss: 368.207, Trans_L2_m: 4.195, Yaw_err_deg: 3.060
Epoch: [6/25], Batch: 1380/2963, Loss: 242.207, Trans_L2_m: 4.051, Yaw_err_deg: 1.888
Epoch: [6/25], Batch: 1390/2963, Loss: 298.582, Trans_L2_m: 3.561, Yaw_err_deg: 2.819
Epoch: [6/25], Batch: 1400/2963, Loss: 561.227, Trans_L2_m: 5.754, Yaw_err_deg: 2.782
Epoch: [6/25], Batch: 1410/2963, Loss: 478.941, Trans_L2_m: 5.834, Yaw_err_deg: 2.171
Epoch: [6/25], Batch: 1420/2963, Loss: 243.569, Trans_L2_m: 2.915, Yaw_err_deg: 2.650
Epoch: [6/25], Batch: 1430/2963, Loss: 379.437, Trans_L2_m: 5.484, Yaw_err_deg: 1.588
Epoch: [6/25], Batch: 1440/2963, Loss: 336.830, Trans_L2_m: 4.466, Yaw_err_deg: 1.981
Epoch: [6/25], Batch: 1450/2963, Loss: 218.925, Trans_L2_m: 3.465, Yaw_err_deg: 1.858
Epoch: [6/25], Batch: 1460/2963, Loss: 309.947, Trans_L2_m: 4.597, Yaw_err_deg: 2.554
Epoch: [6/25], Batch: 1470/2963, Loss: 246.543, Trans_L2_m: 3.713, Yaw_err_deg: 1.987
Epoch: [6/25], Batch: 1480/2963, Loss: 397.814, Trans_L2_m: 4.051, Yaw_err_deg: 2.158
Epoch: [6/25], Batch: 1490/2963, Loss: 313.446, Trans_L2_m: 3.943, Yaw_err_deg: 2.461
Epoch: [6/25], Batch: 1500/2963, Loss: 648.765, Trans_L2_m: 6.802, Yaw_err_deg: 2.102
Epoch: [6/25], Batch: 1510/2963, Loss: 355.860, Trans_L2_m: 4.034, Yaw_err_deg: 2.141
Epoch: [6/25], Batch: 1520/2963, Loss: 994.764, Trans_L2_m: 8.148, Yaw_err_deg: 2.967
Epoch: [6/25], Batch: 1530/2963, Loss: 549.020, Trans_L2_m: 5.514, Yaw_err_deg: 1.914
Epoch: [6/25], Batch: 1540/2963, Loss: 447.701, Trans_L2_m: 4.309, Yaw_err_deg: 2.643
Epoch: [6/25], Batch: 1550/2963, Loss: 448.364, Trans_L2_m: 5.075, Yaw_err_deg: 1.701
Epoch: [6/25], Batch: 1560/2963, Loss: 253.438, Trans_L2_m: 3.921, Yaw_err_deg: 1.921
Epoch: [6/25], Batch: 1570/2963, Loss: 290.048, Trans_L2_m: 4.051, Yaw_err_deg: 2.253
Epoch: [6/25], Batch: 1580/2963, Loss: 223.938, Trans_L2_m: 3.563, Yaw_err_deg: 2.142
Epoch: [6/25], Batch: 1590/2963, Loss: 273.208, Trans_L2_m: 3.944, Yaw_err_deg: 1.619
Epoch: [6/25], Batch: 1600/2963, Loss: 446.402, Trans_L2_m: 4.751, Yaw_err_deg: 3.098
Epoch: [6/25], Batch: 1610/2963, Loss: 322.492, Trans_L2_m: 3.678, Yaw_err_deg: 2.429
Epoch: [6/25], Batch: 1620/2963, Loss: 340.544, Trans_L2_m: 4.294, Yaw_err_deg: 2.446
Epoch: [6/25], Batch: 1630/2963, Loss: 218.174, Trans_L2_m: 3.891, Yaw_err_deg: 1.480
Epoch: [6/25], Batch: 1640/2963, Loss: 355.102, Trans_L2_m: 4.407, Yaw_err_deg: 1.456
Epoch: [6/25], Batch: 1650/2963, Loss: 199.955, Trans_L2_m: 2.338, Yaw_err_deg: 2.307
Epoch: [6/25], Batch: 1660/2963, Loss: 374.080, Trans_L2_m: 4.541, Yaw_err_deg: 2.863
Epoch: [6/25], Batch: 1670/2963, Loss: 229.833, Trans_L2_m: 3.482, Yaw_err_deg: 2.086
Epoch: [6/25], Batch: 1680/2963, Loss: 596.388, Trans_L2_m: 5.845, Yaw_err_deg: 2.881
Epoch: [6/25], Batch: 1690/2963, Loss: 291.496, Trans_L2_m: 3.699, Yaw_err_deg: 2.530
Epoch: [6/25], Batch: 1700/2963, Loss: 265.229, Trans_L2_m: 4.221, Yaw_err_deg: 1.808
Epoch: [6/25], Batch: 1710/2963, Loss: 365.218, Trans_L2_m: 4.562, Yaw_err_deg: 1.981
Epoch: [6/25], Batch: 1720/2963, Loss: 316.564, Trans_L2_m: 3.557, Yaw_err_deg: 1.714
Epoch: [6/25], Batch: 1730/2963, Loss: 159.011, Trans_L2_m: 2.208, Yaw_err_deg: 1.583
Epoch: [6/25], Batch: 1740/2963, Loss: 341.784, Trans_L2_m: 4.555, Yaw_err_deg: 1.306
Epoch: [6/25], Batch: 1750/2963, Loss: 483.845, Trans_L2_m: 5.630, Yaw_err_deg: 2.170
Epoch: [6/25], Batch: 1760/2963, Loss: 263.239, Trans_L2_m: 3.397, Yaw_err_deg: 2.307
Epoch: [6/25], Batch: 1770/2963, Loss: 458.672, Trans_L2_m: 5.376, Yaw_err_deg: 2.430
Epoch: [6/25], Batch: 1780/2963, Loss: 670.896, Trans_L2_m: 6.719, Yaw_err_deg: 2.228
Epoch: [6/25], Batch: 1790/2963, Loss: 231.327, Trans_L2_m: 3.296, Yaw_err_deg: 2.061
Epoch: [6/25], Batch: 1800/2963, Loss: 508.894, Trans_L2_m: 5.346, Yaw_err_deg: 1.784
Epoch: [6/25], Batch: 1810/2963, Loss: 617.057, Trans_L2_m: 6.511, Yaw_err_deg: 1.728
Epoch: [6/25], Batch: 1820/2963, Loss: 317.397, Trans_L2_m: 2.635, Yaw_err_deg: 3.275
Epoch: [6/25], Batch: 1830/2963, Loss: 269.816, Trans_L2_m: 3.438, Yaw_err_deg: 2.194
Epoch: [6/25], Batch: 1840/2963, Loss: 200.752, Trans_L2_m: 3.153, Yaw_err_deg: 1.850
Epoch: [6/25], Batch: 1850/2963, Loss: 168.969, Trans_L2_m: 2.952, Yaw_err_deg: 1.279
Epoch: [6/25], Batch: 1860/2963, Loss: 364.751, Trans_L2_m: 3.969, Yaw_err_deg: 3.260
Epoch: [6/25], Batch: 1870/2963, Loss: 335.781, Trans_L2_m: 4.392, Yaw_err_deg: 2.119
Epoch: [6/25], Batch: 1880/2963, Loss: 417.219, Trans_L2_m: 4.123, Yaw_err_deg: 1.851
Epoch: [6/25], Batch: 1890/2963, Loss: 289.765, Trans_L2_m: 3.685, Yaw_err_deg: 2.463
Epoch: [6/25], Batch: 1900/2963, Loss: 249.742, Trans_L2_m: 3.896, Yaw_err_deg: 2.295
Epoch: [6/25], Batch: 1910/2963, Loss: 348.352, Trans_L2_m: 4.255, Yaw_err_deg: 2.633
Epoch: [6/25], Batch: 1920/2963, Loss: 591.412, Trans_L2_m: 6.075, Yaw_err_deg: 1.490
Epoch: [6/25], Batch: 1930/2963, Loss: 415.043, Trans_L2_m: 4.989, Yaw_err_deg: 1.525
Epoch: [6/25], Batch: 1940/2963, Loss: 497.284, Trans_L2_m: 4.006, Yaw_err_deg: 3.291
Epoch: [6/25], Batch: 1950/2963, Loss: 300.474, Trans_L2_m: 3.878, Yaw_err_deg: 1.895
Epoch: [6/25], Batch: 1960/2963, Loss: 322.060, Trans_L2_m: 4.586, Yaw_err_deg: 1.575
Epoch: [6/25], Batch: 1970/2963, Loss: 414.285, Trans_L2_m: 5.257, Yaw_err_deg: 2.428
Epoch: [6/25], Batch: 1980/2963, Loss: 337.383, Trans_L2_m: 4.788, Yaw_err_deg: 2.091
Epoch: [6/25], Batch: 1990/2963, Loss: 275.928, Trans_L2_m: 3.372, Yaw_err_deg: 2.722
Epoch: [6/25], Batch: 2000/2963, Loss: 397.144, Trans_L2_m: 4.174, Yaw_err_deg: 2.940
Epoch: [6/25], Batch: 2010/2963, Loss: 472.318, Trans_L2_m: 5.413, Yaw_err_deg: 2.426
Epoch: [6/25], Batch: 2020/2963, Loss: 417.295, Trans_L2_m: 5.339, Yaw_err_deg: 2.326
Epoch: [6/25], Batch: 2030/2963, Loss: 197.523, Trans_L2_m: 2.847, Yaw_err_deg: 1.877
Epoch: [6/25], Batch: 2040/2963, Loss: 205.247, Trans_L2_m: 2.962, Yaw_err_deg: 1.548
Epoch: [6/25], Batch: 2050/2963, Loss: 305.659, Trans_L2_m: 3.918, Yaw_err_deg: 1.984
Epoch: [6/25], Batch: 2060/2963, Loss: 279.352, Trans_L2_m: 3.795, Yaw_err_deg: 2.379
Epoch: [6/25], Batch: 2070/2963, Loss: 371.515, Trans_L2_m: 4.394, Yaw_err_deg: 2.620
Epoch: [6/25], Batch: 2080/2963, Loss: 236.266, Trans_L2_m: 3.205, Yaw_err_deg: 2.236
Epoch: [6/25], Batch: 2090/2963, Loss: 241.681, Trans_L2_m: 3.153, Yaw_err_deg: 3.021
Epoch: [6/25], Batch: 2100/2963, Loss: 280.670, Trans_L2_m: 4.347, Yaw_err_deg: 1.522
Epoch: [6/25], Batch: 2110/2963, Loss: 518.526, Trans_L2_m: 4.640, Yaw_err_deg: 3.376
Epoch: [6/25], Batch: 2120/2963, Loss: 188.234, Trans_L2_m: 3.390, Yaw_err_deg: 1.840
Epoch: [6/25], Batch: 2130/2963, Loss: 580.513, Trans_L2_m: 5.155, Yaw_err_deg: 2.245
Epoch: [6/25], Batch: 2140/2963, Loss: 268.683, Trans_L2_m: 3.429, Yaw_err_deg: 2.273
Epoch: [6/25], Batch: 2150/2963, Loss: 284.066, Trans_L2_m: 3.801, Yaw_err_deg: 1.432
Epoch: [6/25], Batch: 2160/2963, Loss: 345.183, Trans_L2_m: 4.902, Yaw_err_deg: 2.751
Epoch: [6/25], Batch: 2170/2963, Loss: 673.514, Trans_L2_m: 5.088, Yaw_err_deg: 1.414
Epoch: [6/25], Batch: 2180/2963, Loss: 215.182, Trans_L2_m: 3.179, Yaw_err_deg: 1.535
Epoch: [6/25], Batch: 2190/2963, Loss: 261.035, Trans_L2_m: 4.052, Yaw_err_deg: 2.037
Epoch: [6/25], Batch: 2200/2963, Loss: 421.139, Trans_L2_m: 5.262, Yaw_err_deg: 2.643
Epoch: [6/25], Batch: 2210/2963, Loss: 215.069, Trans_L2_m: 2.768, Yaw_err_deg: 2.416
Epoch: [6/25], Batch: 2220/2963, Loss: 318.241, Trans_L2_m: 4.900, Yaw_err_deg: 1.592
Epoch: [6/25], Batch: 2230/2963, Loss: 588.052, Trans_L2_m: 5.014, Yaw_err_deg: 2.794
Epoch: [6/25], Batch: 2240/2963, Loss: 232.628, Trans_L2_m: 3.748, Yaw_err_deg: 1.409
Epoch: [6/25], Batch: 2250/2963, Loss: 258.883, Trans_L2_m: 3.481, Yaw_err_deg: 2.019
Epoch: [6/25], Batch: 2260/2963, Loss: 312.259, Trans_L2_m: 3.895, Yaw_err_deg: 2.286
Epoch: [6/25], Batch: 2270/2963, Loss: 789.365, Trans_L2_m: 7.642, Yaw_err_deg: 1.835
Epoch: [6/25], Batch: 2280/2963, Loss: 514.399, Trans_L2_m: 6.021, Yaw_err_deg: 1.452
Epoch: [6/25], Batch: 2290/2963, Loss: 298.719, Trans_L2_m: 3.263, Yaw_err_deg: 3.243
Epoch: [6/25], Batch: 2300/2963, Loss: 564.115, Trans_L2_m: 6.382, Yaw_err_deg: 2.473
Epoch: [6/25], Batch: 2310/2963, Loss: 506.158, Trans_L2_m: 6.378, Yaw_err_deg: 2.251
Epoch: [6/25], Batch: 2320/2963, Loss: 253.628, Trans_L2_m: 2.866, Yaw_err_deg: 1.968
Epoch: [6/25], Batch: 2330/2963, Loss: 350.901, Trans_L2_m: 4.929, Yaw_err_deg: 2.370
Epoch: [6/25], Batch: 2340/2963, Loss: 202.309, Trans_L2_m: 2.872, Yaw_err_deg: 1.814
Epoch: [6/25], Batch: 2350/2963, Loss: 271.550, Trans_L2_m: 3.825, Yaw_err_deg: 1.709
Epoch: [6/25], Batch: 2360/2963, Loss: 272.294, Trans_L2_m: 2.963, Yaw_err_deg: 2.726
Epoch: [6/25], Batch: 2370/2963, Loss: 250.857, Trans_L2_m: 4.071, Yaw_err_deg: 1.556
Epoch: [6/25], Batch: 2380/2963, Loss: 476.387, Trans_L2_m: 5.258, Yaw_err_deg: 2.252
Epoch: [6/25], Batch: 2390/2963, Loss: 586.340, Trans_L2_m: 5.613, Yaw_err_deg: 2.309
Epoch: [6/25], Batch: 2400/2963, Loss: 662.101, Trans_L2_m: 5.200, Yaw_err_deg: 2.228
Epoch: [6/25], Batch: 2410/2963, Loss: 367.128, Trans_L2_m: 5.262, Yaw_err_deg: 1.839
Epoch: [6/25], Batch: 2420/2963, Loss: 309.741, Trans_L2_m: 4.036, Yaw_err_deg: 1.684
Epoch: [6/25], Batch: 2430/2963, Loss: 310.740, Trans_L2_m: 3.360, Yaw_err_deg: 3.158
Epoch: [6/25], Batch: 2440/2963, Loss: 295.064, Trans_L2_m: 3.920, Yaw_err_deg: 2.468
Epoch: [6/25], Batch: 2450/2963, Loss: 571.409, Trans_L2_m: 5.896, Yaw_err_deg: 2.138
Epoch: [6/25], Batch: 2460/2963, Loss: 220.859, Trans_L2_m: 3.551, Yaw_err_deg: 2.125
Epoch: [6/25], Batch: 2470/2963, Loss: 447.769, Trans_L2_m: 5.434, Yaw_err_deg: 2.569
Epoch: [6/25], Batch: 2480/2963, Loss: 358.340, Trans_L2_m: 3.921, Yaw_err_deg: 1.939
Epoch: [6/25], Batch: 2490/2963, Loss: 204.449, Trans_L2_m: 3.240, Yaw_err_deg: 1.573
Epoch: [6/25], Batch: 2500/2963, Loss: 557.812, Trans_L2_m: 5.910, Yaw_err_deg: 2.277
Epoch: [6/25], Batch: 2510/2963, Loss: 268.915, Trans_L2_m: 2.695, Yaw_err_deg: 2.918
Epoch: [6/25], Batch: 2520/2963, Loss: 459.196, Trans_L2_m: 5.072, Yaw_err_deg: 2.452
Epoch: [6/25], Batch: 2530/2963, Loss: 1013.995, Trans_L2_m: 7.779, Yaw_err_deg: 2.807
Epoch: [6/25], Batch: 2540/2963, Loss: 246.571, Trans_L2_m: 3.353, Yaw_err_deg: 2.004
Epoch: [6/25], Batch: 2550/2963, Loss: 228.797, Trans_L2_m: 2.760, Yaw_err_deg: 2.306
Epoch: [6/25], Batch: 2560/2963, Loss: 515.495, Trans_L2_m: 5.401, Yaw_err_deg: 2.156
Epoch: [6/25], Batch: 2570/2963, Loss: 294.840, Trans_L2_m: 3.309, Yaw_err_deg: 2.417
Epoch: [6/25], Batch: 2580/2963, Loss: 270.252, Trans_L2_m: 3.536, Yaw_err_deg: 2.000
Epoch: [6/25], Batch: 2590/2963, Loss: 350.992, Trans_L2_m: 4.208, Yaw_err_deg: 2.187
Epoch: [6/25], Batch: 2600/2963, Loss: 309.471, Trans_L2_m: 4.353, Yaw_err_deg: 2.219
Epoch: [6/25], Batch: 2610/2963, Loss: 295.440, Trans_L2_m: 4.073, Yaw_err_deg: 1.245
Epoch: [6/25], Batch: 2620/2963, Loss: 630.893, Trans_L2_m: 5.774, Yaw_err_deg: 3.507
Epoch: [6/25], Batch: 2630/2963, Loss: 233.826, Trans_L2_m: 2.499, Yaw_err_deg: 2.761
Epoch: [6/25], Batch: 2640/2963, Loss: 563.525, Trans_L2_m: 6.474, Yaw_err_deg: 2.206
Epoch: [6/25], Batch: 2650/2963, Loss: 450.800, Trans_L2_m: 4.995, Yaw_err_deg: 3.404
Epoch: [6/25], Batch: 2660/2963, Loss: 265.418, Trans_L2_m: 2.865, Yaw_err_deg: 2.670
Epoch: [6/25], Batch: 2670/2963, Loss: 270.960, Trans_L2_m: 3.686, Yaw_err_deg: 2.036
Epoch: [6/25], Batch: 2680/2963, Loss: 471.484, Trans_L2_m: 5.809, Yaw_err_deg: 2.168
Epoch: [6/25], Batch: 2690/2963, Loss: 190.641, Trans_L2_m: 2.740, Yaw_err_deg: 1.932
Epoch: [6/25], Batch: 2700/2963, Loss: 307.241, Trans_L2_m: 4.108, Yaw_err_deg: 1.619
Epoch: [6/25], Batch: 2710/2963, Loss: 243.623, Trans_L2_m: 4.083, Yaw_err_deg: 1.869
Epoch: [6/25], Batch: 2720/2963, Loss: 298.457, Trans_L2_m: 4.080, Yaw_err_deg: 1.553
Epoch: [6/25], Batch: 2730/2963, Loss: 598.268, Trans_L2_m: 6.065, Yaw_err_deg: 2.943
Epoch: [6/25], Batch: 2740/2963, Loss: 228.041, Trans_L2_m: 3.039, Yaw_err_deg: 2.190
Epoch: [6/25], Batch: 2750/2963, Loss: 698.860, Trans_L2_m: 6.506, Yaw_err_deg: 1.888
Epoch: [6/25], Batch: 2760/2963, Loss: 279.613, Trans_L2_m: 3.488, Yaw_err_deg: 2.317
Epoch: [6/25], Batch: 2770/2963, Loss: 785.669, Trans_L2_m: 6.342, Yaw_err_deg: 4.211
Epoch: [6/25], Batch: 2780/2963, Loss: 236.549, Trans_L2_m: 4.113, Yaw_err_deg: 1.668
Epoch: [6/25], Batch: 2790/2963, Loss: 263.688, Trans_L2_m: 3.730, Yaw_err_deg: 2.128
Epoch: [6/25], Batch: 2800/2963, Loss: 421.544, Trans_L2_m: 5.230, Yaw_err_deg: 1.916
Epoch: [6/25], Batch: 2810/2963, Loss: 321.116, Trans_L2_m: 4.804, Yaw_err_deg: 1.470
Epoch: [6/25], Batch: 2820/2963, Loss: 343.877, Trans_L2_m: 4.251, Yaw_err_deg: 2.761
Epoch: [6/25], Batch: 2830/2963, Loss: 351.650, Trans_L2_m: 4.637, Yaw_err_deg: 2.475
Epoch: [6/25], Batch: 2840/2963, Loss: 365.740, Trans_L2_m: 4.403, Yaw_err_deg: 2.545
Epoch: [6/25], Batch: 2850/2963, Loss: 279.525, Trans_L2_m: 4.266, Yaw_err_deg: 1.660
Epoch: [6/25], Batch: 2860/2963, Loss: 192.510, Trans_L2_m: 2.656, Yaw_err_deg: 1.919
Epoch: [6/25], Batch: 2870/2963, Loss: 484.728, Trans_L2_m: 4.827, Yaw_err_deg: 2.065
Epoch: [6/25], Batch: 2880/2963, Loss: 294.773, Trans_L2_m: 4.225, Yaw_err_deg: 1.799
Epoch: [6/25], Batch: 2890/2963, Loss: 222.117, Trans_L2_m: 3.342, Yaw_err_deg: 2.730
Epoch: [6/25], Batch: 2900/2963, Loss: 220.420, Trans_L2_m: 2.414, Yaw_err_deg: 2.931
Epoch: [6/25], Batch: 2910/2963, Loss: 440.177, Trans_L2_m: 5.355, Yaw_err_deg: 2.302
Epoch: [6/25], Batch: 2920/2963, Loss: 526.525, Trans_L2_m: 4.294, Yaw_err_deg: 3.340
Epoch: [6/25], Batch: 2930/2963, Loss: 178.618, Trans_L2_m: 2.676, Yaw_err_deg: 1.618
Epoch: [6/25], Batch: 2940/2963, Loss: 350.698, Trans_L2_m: 4.185, Yaw_err_deg: 2.303
Epoch: [6/25], Batch: 2950/2963, Loss: 383.499, Trans_L2_m: 5.070, Yaw_err_deg: 2.204
Epoch: [6/25], Batch: 2960/2963, Loss: 263.847, Trans_L2_m: 3.451, Yaw_err_deg: 2.153
Validation loss (homography): 4864.6542
Avg batch time: 1146.87 ms, total: 371.896 s
[1;91mVal has no improvement vs 4670.90966796875![0m
Epoch: [7/25], Batch: 0/2963, Loss: 441.258, Trans_L2_m: 5.725, Yaw_err_deg: 1.203
Epoch: [7/25], Batch: 10/2963, Loss: 286.855, Trans_L2_m: 4.022, Yaw_err_deg: 2.602
Epoch: [7/25], Batch: 20/2963, Loss: 431.245, Trans_L2_m: 5.307, Yaw_err_deg: 2.557
Epoch: [7/25], Batch: 30/2963, Loss: 192.752, Trans_L2_m: 3.287, Yaw_err_deg: 1.240
Epoch: [7/25], Batch: 40/2963, Loss: 205.259, Trans_L2_m: 3.530, Yaw_err_deg: 1.390
Epoch: [7/25], Batch: 50/2963, Loss: 292.825, Trans_L2_m: 4.613, Yaw_err_deg: 1.598
Epoch: [7/25], Batch: 60/2963, Loss: 529.157, Trans_L2_m: 5.136, Yaw_err_deg: 1.742
Epoch: [7/25], Batch: 70/2963, Loss: 476.724, Trans_L2_m: 6.350, Yaw_err_deg: 1.354
Epoch: [7/25], Batch: 80/2963, Loss: 292.391, Trans_L2_m: 3.736, Yaw_err_deg: 2.105
Epoch: [7/25], Batch: 90/2963, Loss: 245.915, Trans_L2_m: 3.531, Yaw_err_deg: 2.569
Epoch: [7/25], Batch: 100/2963, Loss: 223.599, Trans_L2_m: 2.694, Yaw_err_deg: 2.309
Epoch: [7/25], Batch: 110/2963, Loss: 248.591, Trans_L2_m: 3.362, Yaw_err_deg: 2.187
Epoch: [7/25], Batch: 120/2963, Loss: 202.985, Trans_L2_m: 3.275, Yaw_err_deg: 2.063
Epoch: [7/25], Batch: 130/2963, Loss: 559.720, Trans_L2_m: 5.038, Yaw_err_deg: 2.389
Epoch: [7/25], Batch: 140/2963, Loss: 355.030, Trans_L2_m: 4.302, Yaw_err_deg: 1.728
Epoch: [7/25], Batch: 150/2963, Loss: 540.248, Trans_L2_m: 5.613, Yaw_err_deg: 2.097
Epoch: [7/25], Batch: 160/2963, Loss: 287.705, Trans_L2_m: 3.873, Yaw_err_deg: 2.262
Epoch: [7/25], Batch: 170/2963, Loss: 212.994, Trans_L2_m: 2.708, Yaw_err_deg: 2.058
Epoch: [7/25], Batch: 180/2963, Loss: 317.819, Trans_L2_m: 4.219, Yaw_err_deg: 2.781
Epoch: [7/25], Batch: 190/2963, Loss: 226.036, Trans_L2_m: 3.493, Yaw_err_deg: 2.544
Epoch: [7/25], Batch: 200/2963, Loss: 438.531, Trans_L2_m: 5.063, Yaw_err_deg: 1.953
Epoch: [7/25], Batch: 210/2963, Loss: 377.627, Trans_L2_m: 4.973, Yaw_err_deg: 2.022
Epoch: [7/25], Batch: 220/2963, Loss: 303.131, Trans_L2_m: 3.369, Yaw_err_deg: 2.373
Epoch: [7/25], Batch: 230/2963, Loss: 789.056, Trans_L2_m: 5.564, Yaw_err_deg: 1.990
Epoch: [7/25], Batch: 240/2963, Loss: 206.909, Trans_L2_m: 2.999, Yaw_err_deg: 1.445
Epoch: [7/25], Batch: 250/2963, Loss: 470.220, Trans_L2_m: 6.023, Yaw_err_deg: 2.550
Epoch: [7/25], Batch: 260/2963, Loss: 298.420, Trans_L2_m: 4.691, Yaw_err_deg: 2.043
Epoch: [7/25], Batch: 270/2963, Loss: 210.104, Trans_L2_m: 2.169, Yaw_err_deg: 2.813
Epoch: [7/25], Batch: 280/2963, Loss: 222.970, Trans_L2_m: 2.858, Yaw_err_deg: 2.460
Epoch: [7/25], Batch: 290/2963, Loss: 308.063, Trans_L2_m: 4.444, Yaw_err_deg: 1.515
Epoch: [7/25], Batch: 300/2963, Loss: 362.504, Trans_L2_m: 3.854, Yaw_err_deg: 3.262
Epoch: [7/25], Batch: 310/2963, Loss: 228.283, Trans_L2_m: 3.115, Yaw_err_deg: 1.828
Epoch: [7/25], Batch: 320/2963, Loss: 787.637, Trans_L2_m: 6.052, Yaw_err_deg: 1.921
Epoch: [7/25], Batch: 330/2963, Loss: 225.927, Trans_L2_m: 3.285, Yaw_err_deg: 1.702
Epoch: [7/25], Batch: 340/2963, Loss: 482.667, Trans_L2_m: 5.024, Yaw_err_deg: 3.261
Epoch: [7/25], Batch: 350/2963, Loss: 383.965, Trans_L2_m: 4.478, Yaw_err_deg: 3.006
Epoch: [7/25], Batch: 360/2963, Loss: 179.454, Trans_L2_m: 2.232, Yaw_err_deg: 2.017
Epoch: [7/25], Batch: 370/2963, Loss: 326.026, Trans_L2_m: 3.384, Yaw_err_deg: 2.400
Epoch: [7/25], Batch: 380/2963, Loss: 207.565, Trans_L2_m: 2.904, Yaw_err_deg: 1.816
Epoch: [7/25], Batch: 390/2963, Loss: 184.009, Trans_L2_m: 2.838, Yaw_err_deg: 1.907
Epoch: [7/25], Batch: 400/2963, Loss: 246.373, Trans_L2_m: 3.223, Yaw_err_deg: 2.614
Epoch: [7/25], Batch: 410/2963, Loss: 251.197, Trans_L2_m: 4.143, Yaw_err_deg: 1.332
Epoch: [7/25], Batch: 420/2963, Loss: 244.644, Trans_L2_m: 3.639, Yaw_err_deg: 2.691
Epoch: [7/25], Batch: 430/2963, Loss: 249.838, Trans_L2_m: 3.684, Yaw_err_deg: 2.115
Epoch: [7/25], Batch: 440/2963, Loss: 254.918, Trans_L2_m: 2.993, Yaw_err_deg: 2.348
Epoch: [7/25], Batch: 450/2963, Loss: 378.310, Trans_L2_m: 5.064, Yaw_err_deg: 2.127
Epoch: [7/25], Batch: 460/2963, Loss: 412.981, Trans_L2_m: 5.136, Yaw_err_deg: 2.733
Epoch: [7/25], Batch: 470/2963, Loss: 212.796, Trans_L2_m: 3.231, Yaw_err_deg: 1.744
Epoch: [7/25], Batch: 480/2963, Loss: 223.586, Trans_L2_m: 2.568, Yaw_err_deg: 2.059
Epoch: [7/25], Batch: 490/2963, Loss: 204.169, Trans_L2_m: 2.416, Yaw_err_deg: 1.939
Epoch: [7/25], Batch: 500/2963, Loss: 587.338, Trans_L2_m: 5.753, Yaw_err_deg: 2.200
Epoch: [7/25], Batch: 510/2963, Loss: 236.757, Trans_L2_m: 3.642, Yaw_err_deg: 1.998
Epoch: [7/25], Batch: 520/2963, Loss: 312.922, Trans_L2_m: 4.059, Yaw_err_deg: 3.296
Epoch: [7/25], Batch: 530/2963, Loss: 143.119, Trans_L2_m: 2.743, Yaw_err_deg: 1.294
Epoch: [7/25], Batch: 540/2963, Loss: 312.461, Trans_L2_m: 3.758, Yaw_err_deg: 1.985
Epoch: [7/25], Batch: 550/2963, Loss: 421.562, Trans_L2_m: 5.118, Yaw_err_deg: 2.228
Epoch: [7/25], Batch: 560/2963, Loss: 259.154, Trans_L2_m: 3.867, Yaw_err_deg: 2.433
Epoch: [7/25], Batch: 570/2963, Loss: 208.268, Trans_L2_m: 3.127, Yaw_err_deg: 2.168
Epoch: [7/25], Batch: 580/2963, Loss: 230.600, Trans_L2_m: 3.070, Yaw_err_deg: 2.291
Epoch: [7/25], Batch: 590/2963, Loss: 254.444, Trans_L2_m: 3.900, Yaw_err_deg: 1.474
Epoch: [7/25], Batch: 600/2963, Loss: 271.198, Trans_L2_m: 4.339, Yaw_err_deg: 1.803
Epoch: [7/25], Batch: 610/2963, Loss: 352.231, Trans_L2_m: 4.348, Yaw_err_deg: 1.295
Epoch: [7/25], Batch: 620/2963, Loss: 415.131, Trans_L2_m: 4.154, Yaw_err_deg: 2.847
Epoch: [7/25], Batch: 630/2963, Loss: 253.729, Trans_L2_m: 3.653, Yaw_err_deg: 1.838
Epoch: [7/25], Batch: 640/2963, Loss: 207.830, Trans_L2_m: 3.395, Yaw_err_deg: 1.462
Epoch: [7/25], Batch: 650/2963, Loss: 259.707, Trans_L2_m: 3.107, Yaw_err_deg: 1.580
Epoch: [7/25], Batch: 660/2963, Loss: 176.031, Trans_L2_m: 2.302, Yaw_err_deg: 1.809
Epoch: [7/25], Batch: 670/2963, Loss: 265.683, Trans_L2_m: 3.114, Yaw_err_deg: 2.890
Epoch: [7/25], Batch: 680/2963, Loss: 370.136, Trans_L2_m: 4.443, Yaw_err_deg: 2.602
Epoch: [7/25], Batch: 690/2963, Loss: 262.596, Trans_L2_m: 3.461, Yaw_err_deg: 2.862
Epoch: [7/25], Batch: 700/2963, Loss: 626.780, Trans_L2_m: 5.548, Yaw_err_deg: 2.072
Epoch: [7/25], Batch: 710/2963, Loss: 335.833, Trans_L2_m: 4.092, Yaw_err_deg: 2.754
Epoch: [7/25], Batch: 720/2963, Loss: 226.282, Trans_L2_m: 3.325, Yaw_err_deg: 2.325
Epoch: [7/25], Batch: 730/2963, Loss: 199.653, Trans_L2_m: 2.781, Yaw_err_deg: 2.089
Epoch: [7/25], Batch: 740/2963, Loss: 201.586, Trans_L2_m: 2.975, Yaw_err_deg: 2.104
Epoch: [7/25], Batch: 750/2963, Loss: 317.396, Trans_L2_m: 3.975, Yaw_err_deg: 2.854
Epoch: [7/25], Batch: 760/2963, Loss: 236.650, Trans_L2_m: 3.636, Yaw_err_deg: 2.234
Epoch: [7/25], Batch: 770/2963, Loss: 248.934, Trans_L2_m: 3.303, Yaw_err_deg: 2.254
Epoch: [7/25], Batch: 780/2963, Loss: 552.768, Trans_L2_m: 6.756, Yaw_err_deg: 2.075
Epoch: [7/25], Batch: 790/2963, Loss: 340.667, Trans_L2_m: 2.962, Yaw_err_deg: 3.063
Epoch: [7/25], Batch: 800/2963, Loss: 357.169, Trans_L2_m: 3.733, Yaw_err_deg: 2.434
Epoch: [7/25], Batch: 810/2963, Loss: 374.164, Trans_L2_m: 5.189, Yaw_err_deg: 2.408
Epoch: [7/25], Batch: 820/2963, Loss: 194.166, Trans_L2_m: 2.365, Yaw_err_deg: 2.151
Epoch: [7/25], Batch: 830/2963, Loss: 477.970, Trans_L2_m: 5.376, Yaw_err_deg: 2.623
Epoch: [7/25], Batch: 840/2963, Loss: 255.498, Trans_L2_m: 3.527, Yaw_err_deg: 1.935
Epoch: [7/25], Batch: 850/2963, Loss: 309.853, Trans_L2_m: 4.082, Yaw_err_deg: 2.873
Epoch: [7/25], Batch: 860/2963, Loss: 458.615, Trans_L2_m: 3.998, Yaw_err_deg: 1.661
Epoch: [7/25], Batch: 870/2963, Loss: 266.479, Trans_L2_m: 3.219, Yaw_err_deg: 2.052
Epoch: [7/25], Batch: 880/2963, Loss: 333.996, Trans_L2_m: 4.679, Yaw_err_deg: 1.842
Epoch: [7/25], Batch: 890/2963, Loss: 292.781, Trans_L2_m: 3.449, Yaw_err_deg: 1.834
Epoch: [7/25], Batch: 900/2963, Loss: 304.904, Trans_L2_m: 3.129, Yaw_err_deg: 3.099
Epoch: [7/25], Batch: 910/2963, Loss: 254.443, Trans_L2_m: 2.625, Yaw_err_deg: 2.653
Epoch: [7/25], Batch: 920/2963, Loss: 267.504, Trans_L2_m: 2.983, Yaw_err_deg: 2.693
Epoch: [7/25], Batch: 930/2963, Loss: 317.078, Trans_L2_m: 3.635, Yaw_err_deg: 2.052
Epoch: [7/25], Batch: 940/2963, Loss: 260.553, Trans_L2_m: 3.738, Yaw_err_deg: 1.721
Epoch: [7/25], Batch: 950/2963, Loss: 229.539, Trans_L2_m: 3.062, Yaw_err_deg: 2.289
Epoch: [7/25], Batch: 960/2963, Loss: 293.526, Trans_L2_m: 3.911, Yaw_err_deg: 1.631
Epoch: [7/25], Batch: 970/2963, Loss: 146.431, Trans_L2_m: 2.257, Yaw_err_deg: 1.462
Epoch: [7/25], Batch: 980/2963, Loss: 300.434, Trans_L2_m: 3.068, Yaw_err_deg: 2.682
Epoch: [7/25], Batch: 990/2963, Loss: 386.409, Trans_L2_m: 4.651, Yaw_err_deg: 1.372
Epoch: [7/25], Batch: 1000/2963, Loss: 310.520, Trans_L2_m: 4.136, Yaw_err_deg: 1.809
Epoch: [7/25], Batch: 1010/2963, Loss: 319.858, Trans_L2_m: 3.623, Yaw_err_deg: 2.329
Epoch: [7/25], Batch: 1020/2963, Loss: 270.240, Trans_L2_m: 3.075, Yaw_err_deg: 2.250
Epoch: [7/25], Batch: 1030/2963, Loss: 264.986, Trans_L2_m: 3.843, Yaw_err_deg: 2.311
Epoch: [7/25], Batch: 1040/2963, Loss: 627.352, Trans_L2_m: 6.019, Yaw_err_deg: 3.081
Epoch: [7/25], Batch: 1050/2963, Loss: 174.094, Trans_L2_m: 2.071, Yaw_err_deg: 1.834
Epoch: [7/25], Batch: 1060/2963, Loss: 440.540, Trans_L2_m: 4.355, Yaw_err_deg: 2.181
Epoch: [7/25], Batch: 1070/2963, Loss: 387.597, Trans_L2_m: 4.366, Yaw_err_deg: 1.628
Epoch: [7/25], Batch: 1080/2963, Loss: 303.494, Trans_L2_m: 3.328, Yaw_err_deg: 3.002
Epoch: [7/25], Batch: 1090/2963, Loss: 187.408, Trans_L2_m: 2.822, Yaw_err_deg: 1.511
Epoch: [7/25], Batch: 1100/2963, Loss: 265.033, Trans_L2_m: 3.752, Yaw_err_deg: 1.644
Epoch: [7/25], Batch: 1110/2963, Loss: 254.882, Trans_L2_m: 3.323, Yaw_err_deg: 2.723
Epoch: [7/25], Batch: 1120/2963, Loss: 550.063, Trans_L2_m: 5.540, Yaw_err_deg: 3.177
Epoch: [7/25], Batch: 1130/2963, Loss: 286.182, Trans_L2_m: 3.842, Yaw_err_deg: 1.862
Epoch: [7/25], Batch: 1140/2963, Loss: 240.894, Trans_L2_m: 3.396, Yaw_err_deg: 1.560
Epoch: [7/25], Batch: 1150/2963, Loss: 148.620, Trans_L2_m: 2.735, Yaw_err_deg: 0.953
Epoch: [7/25], Batch: 1160/2963, Loss: 169.426, Trans_L2_m: 2.819, Yaw_err_deg: 1.897
Epoch: [7/25], Batch: 1170/2963, Loss: 269.545, Trans_L2_m: 3.618, Yaw_err_deg: 2.694
Epoch: [7/25], Batch: 1180/2963, Loss: 256.442, Trans_L2_m: 4.420, Yaw_err_deg: 1.017
Epoch: [7/25], Batch: 1190/2963, Loss: 237.499, Trans_L2_m: 2.609, Yaw_err_deg: 2.657
Epoch: [7/25], Batch: 1200/2963, Loss: 399.412, Trans_L2_m: 4.160, Yaw_err_deg: 2.890
Epoch: [7/25], Batch: 1210/2963, Loss: 618.773, Trans_L2_m: 6.366, Yaw_err_deg: 1.804
Epoch: [7/25], Batch: 1220/2963, Loss: 455.480, Trans_L2_m: 4.503, Yaw_err_deg: 2.338
Epoch: [7/25], Batch: 1230/2963, Loss: 310.051, Trans_L2_m: 4.087, Yaw_err_deg: 2.137
Epoch: [7/25], Batch: 1240/2963, Loss: 345.212, Trans_L2_m: 3.979, Yaw_err_deg: 2.105
Epoch: [7/25], Batch: 1250/2963, Loss: 270.276, Trans_L2_m: 3.453, Yaw_err_deg: 2.273
Epoch: [7/25], Batch: 1260/2963, Loss: 181.368, Trans_L2_m: 2.700, Yaw_err_deg: 1.397
Epoch: [7/25], Batch: 1270/2963, Loss: 267.641, Trans_L2_m: 3.813, Yaw_err_deg: 1.368
Epoch: [7/25], Batch: 1280/2963, Loss: 419.595, Trans_L2_m: 4.628, Yaw_err_deg: 2.579
Epoch: [7/25], Batch: 1290/2963, Loss: 216.129, Trans_L2_m: 2.696, Yaw_err_deg: 1.676
Epoch: [7/25], Batch: 1300/2963, Loss: 319.654, Trans_L2_m: 4.374, Yaw_err_deg: 2.278
Epoch: [7/25], Batch: 1310/2963, Loss: 269.690, Trans_L2_m: 4.441, Yaw_err_deg: 1.633
Epoch: [7/25], Batch: 1320/2963, Loss: 199.477, Trans_L2_m: 3.221, Yaw_err_deg: 1.165
Epoch: [7/25], Batch: 1330/2963, Loss: 215.946, Trans_L2_m: 2.780, Yaw_err_deg: 2.015
Epoch: [7/25], Batch: 1340/2963, Loss: 397.658, Trans_L2_m: 3.753, Yaw_err_deg: 3.146
Epoch: [7/25], Batch: 1350/2963, Loss: 385.831, Trans_L2_m: 4.367, Yaw_err_deg: 2.886
Epoch: [7/25], Batch: 1360/2963, Loss: 348.561, Trans_L2_m: 4.813, Yaw_err_deg: 1.909
Epoch: [7/25], Batch: 1370/2963, Loss: 516.596, Trans_L2_m: 5.754, Yaw_err_deg: 1.795
Epoch: [7/25], Batch: 1380/2963, Loss: 510.873, Trans_L2_m: 6.092, Yaw_err_deg: 1.365
Epoch: [7/25], Batch: 1390/2963, Loss: 217.429, Trans_L2_m: 2.265, Yaw_err_deg: 2.327
Epoch: [7/25], Batch: 1400/2963, Loss: 188.645, Trans_L2_m: 2.669, Yaw_err_deg: 1.685
Epoch: [7/25], Batch: 1410/2963, Loss: 585.635, Trans_L2_m: 4.963, Yaw_err_deg: 1.639
Epoch: [7/25], Batch: 1420/2963, Loss: 360.783, Trans_L2_m: 2.753, Yaw_err_deg: 4.170
Epoch: [7/25], Batch: 1430/2963, Loss: 313.877, Trans_L2_m: 3.860, Yaw_err_deg: 2.567
Epoch: [7/25], Batch: 1440/2963, Loss: 242.433, Trans_L2_m: 3.786, Yaw_err_deg: 2.046
Epoch: [7/25], Batch: 1450/2963, Loss: 420.785, Trans_L2_m: 4.954, Yaw_err_deg: 2.433
Epoch: [7/25], Batch: 1460/2963, Loss: 521.997, Trans_L2_m: 5.539, Yaw_err_deg: 2.219
Epoch: [7/25], Batch: 1470/2963, Loss: 713.291, Trans_L2_m: 5.465, Yaw_err_deg: 2.775
Epoch: [7/25], Batch: 1480/2963, Loss: 265.477, Trans_L2_m: 3.942, Yaw_err_deg: 1.949
Epoch: [7/25], Batch: 1490/2963, Loss: 359.330, Trans_L2_m: 4.656, Yaw_err_deg: 2.668
Epoch: [7/25], Batch: 1500/2963, Loss: 226.631, Trans_L2_m: 2.475, Yaw_err_deg: 2.955
Epoch: [7/25], Batch: 1510/2963, Loss: 273.712, Trans_L2_m: 4.180, Yaw_err_deg: 2.230
Epoch: [7/25], Batch: 1520/2963, Loss: 283.601, Trans_L2_m: 3.548, Yaw_err_deg: 1.464
Epoch: [7/25], Batch: 1530/2963, Loss: 700.446, Trans_L2_m: 5.904, Yaw_err_deg: 3.446
Epoch: [7/25], Batch: 1540/2963, Loss: 138.785, Trans_L2_m: 2.265, Yaw_err_deg: 1.442
Epoch: [7/25], Batch: 1550/2963, Loss: 243.879, Trans_L2_m: 3.538, Yaw_err_deg: 1.792
Epoch: [7/25], Batch: 1560/2963, Loss: 182.457, Trans_L2_m: 2.504, Yaw_err_deg: 1.808
Epoch: [7/25], Batch: 1570/2963, Loss: 200.301, Trans_L2_m: 2.953, Yaw_err_deg: 1.879
Epoch: [7/25], Batch: 1580/2963, Loss: 218.673, Trans_L2_m: 3.020, Yaw_err_deg: 1.950
Epoch: [7/25], Batch: 1590/2963, Loss: 383.024, Trans_L2_m: 4.977, Yaw_err_deg: 1.791
Epoch: [7/25], Batch: 1600/2963, Loss: 324.553, Trans_L2_m: 4.056, Yaw_err_deg: 1.638
Epoch: [7/25], Batch: 1610/2963, Loss: 619.057, Trans_L2_m: 5.605, Yaw_err_deg: 2.411
Epoch: [7/25], Batch: 1620/2963, Loss: 184.147, Trans_L2_m: 2.324, Yaw_err_deg: 2.498
Epoch: [7/25], Batch: 1630/2963, Loss: 373.263, Trans_L2_m: 4.068, Yaw_err_deg: 1.634
Epoch: [7/25], Batch: 1640/2963, Loss: 210.928, Trans_L2_m: 3.583, Yaw_err_deg: 1.756
Epoch: [7/25], Batch: 1650/2963, Loss: 330.019, Trans_L2_m: 3.977, Yaw_err_deg: 1.457
Epoch: [7/25], Batch: 1660/2963, Loss: 217.109, Trans_L2_m: 2.392, Yaw_err_deg: 2.816
Epoch: [7/25], Batch: 1670/2963, Loss: 207.276, Trans_L2_m: 3.040, Yaw_err_deg: 1.950
Epoch: [7/25], Batch: 1680/2963, Loss: 193.063, Trans_L2_m: 3.040, Yaw_err_deg: 1.410
Epoch: [7/25], Batch: 1690/2963, Loss: 217.252, Trans_L2_m: 3.469, Yaw_err_deg: 2.018
Epoch: [7/25], Batch: 1700/2963, Loss: 188.453, Trans_L2_m: 2.765, Yaw_err_deg: 1.997
Epoch: [7/25], Batch: 1710/2963, Loss: 230.985, Trans_L2_m: 3.530, Yaw_err_deg: 1.316
Epoch: [7/25], Batch: 1720/2963, Loss: 239.934, Trans_L2_m: 3.947, Yaw_err_deg: 1.705
Epoch: [7/25], Batch: 1730/2963, Loss: 299.322, Trans_L2_m: 3.965, Yaw_err_deg: 2.205
Epoch: [7/25], Batch: 1740/2963, Loss: 291.194, Trans_L2_m: 3.740, Yaw_err_deg: 2.589
Epoch: [7/25], Batch: 1750/2963, Loss: 177.390, Trans_L2_m: 2.409, Yaw_err_deg: 1.917
Epoch: [7/25], Batch: 1760/2963, Loss: 454.200, Trans_L2_m: 4.859, Yaw_err_deg: 2.775
Epoch: [7/25], Batch: 1770/2963, Loss: 233.545, Trans_L2_m: 3.116, Yaw_err_deg: 2.159
Epoch: [7/25], Batch: 1780/2963, Loss: 349.188, Trans_L2_m: 4.328, Yaw_err_deg: 2.074
Epoch: [7/25], Batch: 1790/2963, Loss: 232.996, Trans_L2_m: 3.261, Yaw_err_deg: 1.762
Epoch: [7/25], Batch: 1800/2963, Loss: 252.988, Trans_L2_m: 3.658, Yaw_err_deg: 2.293
Epoch: [7/25], Batch: 1810/2963, Loss: 209.541, Trans_L2_m: 3.148, Yaw_err_deg: 2.044
Epoch: [7/25], Batch: 1820/2963, Loss: 339.754, Trans_L2_m: 3.381, Yaw_err_deg: 3.190
Epoch: [7/25], Batch: 1830/2963, Loss: 312.245, Trans_L2_m: 4.060, Yaw_err_deg: 2.436
Epoch: [7/25], Batch: 1840/2963, Loss: 182.659, Trans_L2_m: 2.659, Yaw_err_deg: 1.539
Epoch: [7/25], Batch: 1850/2963, Loss: 216.901, Trans_L2_m: 2.858, Yaw_err_deg: 2.062
Epoch: [7/25], Batch: 1860/2963, Loss: 240.655, Trans_L2_m: 3.824, Yaw_err_deg: 1.460
Epoch: [7/25], Batch: 1870/2963, Loss: 168.108, Trans_L2_m: 2.312, Yaw_err_deg: 2.200
Epoch: [7/25], Batch: 1880/2963, Loss: 318.311, Trans_L2_m: 4.381, Yaw_err_deg: 2.091
Epoch: [7/25], Batch: 1890/2963, Loss: 247.684, Trans_L2_m: 3.459, Yaw_err_deg: 2.295
Epoch: [7/25], Batch: 1900/2963, Loss: 242.919, Trans_L2_m: 3.129, Yaw_err_deg: 1.900
Epoch: [7/25], Batch: 1910/2963, Loss: 227.891, Trans_L2_m: 3.317, Yaw_err_deg: 2.111
Epoch: [7/25], Batch: 1920/2963, Loss: 354.075, Trans_L2_m: 4.223, Yaw_err_deg: 2.586
Epoch: [7/25], Batch: 1930/2963, Loss: 216.620, Trans_L2_m: 3.489, Yaw_err_deg: 1.992
Epoch: [7/25], Batch: 1940/2963, Loss: 1032.882, Trans_L2_m: 7.448, Yaw_err_deg: 2.156
Epoch: [7/25], Batch: 1950/2963, Loss: 335.363, Trans_L2_m: 3.665, Yaw_err_deg: 2.067
Epoch: [7/25], Batch: 1960/2963, Loss: 239.205, Trans_L2_m: 3.171, Yaw_err_deg: 2.333
Epoch: [7/25], Batch: 1970/2963, Loss: 487.672, Trans_L2_m: 3.976, Yaw_err_deg: 2.628
Epoch: [7/25], Batch: 1980/2963, Loss: 231.373, Trans_L2_m: 3.135, Yaw_err_deg: 1.877
Epoch: [7/25], Batch: 1990/2963, Loss: 261.925, Trans_L2_m: 3.695, Yaw_err_deg: 1.862
Epoch: [7/25], Batch: 2000/2963, Loss: 252.457, Trans_L2_m: 3.295, Yaw_err_deg: 2.564
Epoch: [7/25], Batch: 2010/2963, Loss: 564.690, Trans_L2_m: 5.197, Yaw_err_deg: 2.035
Epoch: [7/25], Batch: 2020/2963, Loss: 235.405, Trans_L2_m: 3.514, Yaw_err_deg: 1.627
Epoch: [7/25], Batch: 2030/2963, Loss: 557.746, Trans_L2_m: 5.508, Yaw_err_deg: 1.733
Epoch: [7/25], Batch: 2040/2963, Loss: 187.716, Trans_L2_m: 2.912, Yaw_err_deg: 2.034
Epoch: [7/25], Batch: 2050/2963, Loss: 215.962, Trans_L2_m: 3.118, Yaw_err_deg: 2.150
Epoch: [7/25], Batch: 2060/2963, Loss: 212.291, Trans_L2_m: 2.683, Yaw_err_deg: 2.258
Epoch: [7/25], Batch: 2070/2963, Loss: 357.110, Trans_L2_m: 4.425, Yaw_err_deg: 1.899
Epoch: [7/25], Batch: 2080/2963, Loss: 177.896, Trans_L2_m: 2.720, Yaw_err_deg: 1.646
Epoch: [7/25], Batch: 2090/2963, Loss: 214.445, Trans_L2_m: 3.259, Yaw_err_deg: 2.825
Epoch: [7/25], Batch: 2100/2963, Loss: 207.688, Trans_L2_m: 3.095, Yaw_err_deg: 2.197
Epoch: [7/25], Batch: 2110/2963, Loss: 554.166, Trans_L2_m: 5.734, Yaw_err_deg: 2.211
Epoch: [7/25], Batch: 2120/2963, Loss: 181.826, Trans_L2_m: 2.220, Yaw_err_deg: 2.066
Epoch: [7/25], Batch: 2130/2963, Loss: 281.250, Trans_L2_m: 3.591, Yaw_err_deg: 2.359
Epoch: [7/25], Batch: 2140/2963, Loss: 194.251, Trans_L2_m: 2.905, Yaw_err_deg: 1.792
Epoch: [7/25], Batch: 2150/2963, Loss: 234.727, Trans_L2_m: 2.872, Yaw_err_deg: 1.885
Epoch: [7/25], Batch: 2160/2963, Loss: 208.185, Trans_L2_m: 2.940, Yaw_err_deg: 1.362
Epoch: [7/25], Batch: 2170/2963, Loss: 278.685, Trans_L2_m: 3.424, Yaw_err_deg: 2.217
Epoch: [7/25], Batch: 2180/2963, Loss: 224.749, Trans_L2_m: 3.247, Yaw_err_deg: 1.537
Epoch: [7/25], Batch: 2190/2963, Loss: 173.741, Trans_L2_m: 2.597, Yaw_err_deg: 2.261
Epoch: [7/25], Batch: 2200/2963, Loss: 274.875, Trans_L2_m: 4.001, Yaw_err_deg: 1.713
Epoch: [7/25], Batch: 2210/2963, Loss: 196.655, Trans_L2_m: 2.852, Yaw_err_deg: 1.294
Epoch: [7/25], Batch: 2220/2963, Loss: 362.568, Trans_L2_m: 4.291, Yaw_err_deg: 2.324
Epoch: [7/25], Batch: 2230/2963, Loss: 304.950, Trans_L2_m: 3.384, Yaw_err_deg: 2.771
Epoch: [7/25], Batch: 2240/2963, Loss: 310.017, Trans_L2_m: 3.260, Yaw_err_deg: 3.307
Epoch: [7/25], Batch: 2250/2963, Loss: 1030.092, Trans_L2_m: 8.507, Yaw_err_deg: 2.482
Epoch: [7/25], Batch: 2260/2963, Loss: 511.091, Trans_L2_m: 4.927, Yaw_err_deg: 1.732
Epoch: [7/25], Batch: 2270/2963, Loss: 180.454, Trans_L2_m: 2.702, Yaw_err_deg: 1.937
Epoch: [7/25], Batch: 2280/2963, Loss: 707.286, Trans_L2_m: 6.084, Yaw_err_deg: 2.023
Epoch: [7/25], Batch: 2290/2963, Loss: 246.105, Trans_L2_m: 2.984, Yaw_err_deg: 1.892
Epoch: [7/25], Batch: 2300/2963, Loss: 212.846, Trans_L2_m: 3.185, Yaw_err_deg: 1.818
Epoch: [7/25], Batch: 2310/2963, Loss: 171.948, Trans_L2_m: 2.574, Yaw_err_deg: 2.059
Epoch: [7/25], Batch: 2320/2963, Loss: 212.857, Trans_L2_m: 3.211, Yaw_err_deg: 1.276
Epoch: [7/25], Batch: 2330/2963, Loss: 225.395, Trans_L2_m: 3.488, Yaw_err_deg: 1.787
Epoch: [7/25], Batch: 2340/2963, Loss: 171.803, Trans_L2_m: 2.637, Yaw_err_deg: 2.026
Epoch: [7/25], Batch: 2350/2963, Loss: 350.043, Trans_L2_m: 5.156, Yaw_err_deg: 1.828
Epoch: [7/25], Batch: 2360/2963, Loss: 158.129, Trans_L2_m: 2.342, Yaw_err_deg: 1.641
Epoch: [7/25], Batch: 2370/2963, Loss: 222.284, Trans_L2_m: 3.440, Yaw_err_deg: 1.535
Epoch: [7/25], Batch: 2380/2963, Loss: 259.998, Trans_L2_m: 3.910, Yaw_err_deg: 1.635
Epoch: [7/25], Batch: 2390/2963, Loss: 401.696, Trans_L2_m: 3.664, Yaw_err_deg: 2.147
Epoch: [7/25], Batch: 2400/2963, Loss: 158.443, Trans_L2_m: 2.473, Yaw_err_deg: 2.085
Epoch: [7/25], Batch: 2410/2963, Loss: 225.608, Trans_L2_m: 2.865, Yaw_err_deg: 2.727
Epoch: [7/25], Batch: 2420/2963, Loss: 251.776, Trans_L2_m: 3.814, Yaw_err_deg: 1.848
Epoch: [7/25], Batch: 2430/2963, Loss: 174.513, Trans_L2_m: 2.731, Yaw_err_deg: 1.460
Epoch: [7/25], Batch: 2440/2963, Loss: 198.224, Trans_L2_m: 3.020, Yaw_err_deg: 2.033
Epoch: [7/25], Batch: 2450/2963, Loss: 527.264, Trans_L2_m: 5.364, Yaw_err_deg: 2.894
Epoch: [7/25], Batch: 2460/2963, Loss: 408.517, Trans_L2_m: 4.716, Yaw_err_deg: 2.174
Epoch: [7/25], Batch: 2470/2963, Loss: 336.223, Trans_L2_m: 5.190, Yaw_err_deg: 1.873
Epoch: [7/25], Batch: 2480/2963, Loss: 198.768, Trans_L2_m: 3.129, Yaw_err_deg: 2.225
Epoch: [7/25], Batch: 2490/2963, Loss: 692.430, Trans_L2_m: 6.393, Yaw_err_deg: 1.291
Epoch: [7/25], Batch: 2500/2963, Loss: 303.298, Trans_L2_m: 4.319, Yaw_err_deg: 2.358
Epoch: [7/25], Batch: 2510/2963, Loss: 289.826, Trans_L2_m: 3.416, Yaw_err_deg: 2.304
Epoch: [7/25], Batch: 2520/2963, Loss: 222.550, Trans_L2_m: 3.031, Yaw_err_deg: 1.938
Epoch: [7/25], Batch: 2530/2963, Loss: 205.021, Trans_L2_m: 2.303, Yaw_err_deg: 2.432
Epoch: [7/25], Batch: 2540/2963, Loss: 314.055, Trans_L2_m: 2.986, Yaw_err_deg: 3.158
Epoch: [7/25], Batch: 2550/2963, Loss: 258.826, Trans_L2_m: 3.928, Yaw_err_deg: 2.246
Epoch: [7/25], Batch: 2560/2963, Loss: 283.072, Trans_L2_m: 3.849, Yaw_err_deg: 2.318
Epoch: [7/25], Batch: 2570/2963, Loss: 253.879, Trans_L2_m: 3.571, Yaw_err_deg: 1.717
Epoch: [7/25], Batch: 2580/2963, Loss: 261.402, Trans_L2_m: 3.857, Yaw_err_deg: 1.642
Epoch: [7/25], Batch: 2590/2963, Loss: 220.792, Trans_L2_m: 2.765, Yaw_err_deg: 1.330
Epoch: [7/25], Batch: 2600/2963, Loss: 463.035, Trans_L2_m: 4.344, Yaw_err_deg: 2.029
Epoch: [7/25], Batch: 2610/2963, Loss: 190.024, Trans_L2_m: 2.048, Yaw_err_deg: 1.967
Epoch: [7/25], Batch: 2620/2963, Loss: 197.918, Trans_L2_m: 3.310, Yaw_err_deg: 1.442
Epoch: [7/25], Batch: 2630/2963, Loss: 691.501, Trans_L2_m: 7.280, Yaw_err_deg: 1.764
Epoch: [7/25], Batch: 2640/2963, Loss: 238.502, Trans_L2_m: 3.018, Yaw_err_deg: 1.703
Epoch: [7/25], Batch: 2650/2963, Loss: 215.149, Trans_L2_m: 3.072, Yaw_err_deg: 1.863
Epoch: [7/25], Batch: 2660/2963, Loss: 409.060, Trans_L2_m: 4.716, Yaw_err_deg: 1.541
Epoch: [7/25], Batch: 2670/2963, Loss: 198.801, Trans_L2_m: 2.875, Yaw_err_deg: 2.057
Epoch: [7/25], Batch: 2680/2963, Loss: 195.443, Trans_L2_m: 2.921, Yaw_err_deg: 1.619
Epoch: [7/25], Batch: 2690/2963, Loss: 202.091, Trans_L2_m: 3.301, Yaw_err_deg: 1.655
Epoch: [7/25], Batch: 2700/2963, Loss: 301.365, Trans_L2_m: 3.864, Yaw_err_deg: 1.935
Epoch: [7/25], Batch: 2710/2963, Loss: 233.093, Trans_L2_m: 2.852, Yaw_err_deg: 2.327
Epoch: [7/25], Batch: 2720/2963, Loss: 345.156, Trans_L2_m: 3.827, Yaw_err_deg: 2.322
Epoch: [7/25], Batch: 2730/2963, Loss: 232.816, Trans_L2_m: 3.384, Yaw_err_deg: 1.998
Epoch: [7/25], Batch: 2740/2963, Loss: 206.075, Trans_L2_m: 3.212, Yaw_err_deg: 1.609
Epoch: [7/25], Batch: 2750/2963, Loss: 200.188, Trans_L2_m: 3.198, Yaw_err_deg: 1.528
Epoch: [7/25], Batch: 2760/2963, Loss: 296.368, Trans_L2_m: 3.143, Yaw_err_deg: 2.655
Epoch: [7/25], Batch: 2770/2963, Loss: 1262.077, Trans_L2_m: 8.731, Yaw_err_deg: 2.045
Epoch: [7/25], Batch: 2780/2963, Loss: 444.034, Trans_L2_m: 5.239, Yaw_err_deg: 1.865
Epoch: [7/25], Batch: 2790/2963, Loss: 384.794, Trans_L2_m: 4.610, Yaw_err_deg: 2.340
Epoch: [7/25], Batch: 2800/2963, Loss: 399.025, Trans_L2_m: 4.992, Yaw_err_deg: 1.701
Epoch: [7/25], Batch: 2810/2963, Loss: 284.296, Trans_L2_m: 3.343, Yaw_err_deg: 1.908
Epoch: [7/25], Batch: 2820/2963, Loss: 250.740, Trans_L2_m: 3.596, Yaw_err_deg: 1.185
Epoch: [7/25], Batch: 2830/2963, Loss: 164.786, Trans_L2_m: 2.411, Yaw_err_deg: 1.546
Epoch: [7/25], Batch: 2840/2963, Loss: 247.384, Trans_L2_m: 3.317, Yaw_err_deg: 1.944
Epoch: [7/25], Batch: 2850/2963, Loss: 313.217, Trans_L2_m: 3.575, Yaw_err_deg: 1.951
Epoch: [7/25], Batch: 2860/2963, Loss: 284.848, Trans_L2_m: 4.074, Yaw_err_deg: 1.827
Epoch: [7/25], Batch: 2870/2963, Loss: 329.534, Trans_L2_m: 4.131, Yaw_err_deg: 2.197
Epoch: [7/25], Batch: 2880/2963, Loss: 294.199, Trans_L2_m: 4.159, Yaw_err_deg: 2.134
Epoch: [7/25], Batch: 2890/2963, Loss: 159.273, Trans_L2_m: 2.950, Yaw_err_deg: 1.435
Epoch: [7/25], Batch: 2900/2963, Loss: 248.632, Trans_L2_m: 3.074, Yaw_err_deg: 2.596
Epoch: [7/25], Batch: 2910/2963, Loss: 140.338, Trans_L2_m: 2.179, Yaw_err_deg: 1.533
Epoch: [7/25], Batch: 2920/2963, Loss: 212.402, Trans_L2_m: 2.872, Yaw_err_deg: 2.237
Epoch: [7/25], Batch: 2930/2963, Loss: 183.435, Trans_L2_m: 2.301, Yaw_err_deg: 1.992
Epoch: [7/25], Batch: 2940/2963, Loss: 349.202, Trans_L2_m: 3.848, Yaw_err_deg: 1.473
Epoch: [7/25], Batch: 2950/2963, Loss: 398.154, Trans_L2_m: 4.069, Yaw_err_deg: 1.729
Epoch: [7/25], Batch: 2960/2963, Loss: 345.493, Trans_L2_m: 4.037, Yaw_err_deg: 3.106
Epoch: [8/25], Batch: 0/2963, Loss: 193.345, Trans_L2_m: 2.767, Yaw_err_deg: 1.751
Epoch: [8/25], Batch: 10/2963, Loss: 211.254, Trans_L2_m: 2.896, Yaw_err_deg: 2.088
Epoch: [8/25], Batch: 20/2963, Loss: 232.413, Trans_L2_m: 3.219, Yaw_err_deg: 1.740
Epoch: [8/25], Batch: 30/2963, Loss: 306.577, Trans_L2_m: 4.359, Yaw_err_deg: 2.365
Epoch: [8/25], Batch: 40/2963, Loss: 422.759, Trans_L2_m: 4.620, Yaw_err_deg: 1.478
Epoch: [8/25], Batch: 50/2963, Loss: 150.418, Trans_L2_m: 2.103, Yaw_err_deg: 1.141
Epoch: [8/25], Batch: 60/2963, Loss: 145.222, Trans_L2_m: 2.472, Yaw_err_deg: 1.427
Epoch: [8/25], Batch: 70/2963, Loss: 288.879, Trans_L2_m: 3.693, Yaw_err_deg: 1.592
Epoch: [8/25], Batch: 80/2963, Loss: 332.597, Trans_L2_m: 3.473, Yaw_err_deg: 2.734
Epoch: [8/25], Batch: 90/2963, Loss: 212.209, Trans_L2_m: 2.734, Yaw_err_deg: 2.426
Epoch: [8/25], Batch: 100/2963, Loss: 212.978, Trans_L2_m: 3.261, Yaw_err_deg: 1.989
Epoch: [8/25], Batch: 110/2963, Loss: 188.119, Trans_L2_m: 2.648, Yaw_err_deg: 2.178
Epoch: [8/25], Batch: 120/2963, Loss: 252.201, Trans_L2_m: 4.050, Yaw_err_deg: 2.173
Epoch: [8/25], Batch: 130/2963, Loss: 425.750, Trans_L2_m: 3.555, Yaw_err_deg: 1.810
Epoch: [8/25], Batch: 140/2963, Loss: 351.089, Trans_L2_m: 4.023, Yaw_err_deg: 1.643
Epoch: [8/25], Batch: 150/2963, Loss: 362.295, Trans_L2_m: 4.227, Yaw_err_deg: 2.717
Epoch: [8/25], Batch: 160/2963, Loss: 165.397, Trans_L2_m: 2.881, Yaw_err_deg: 1.789
Epoch: [8/25], Batch: 170/2963, Loss: 237.889, Trans_L2_m: 3.211, Yaw_err_deg: 1.962
Epoch: [8/25], Batch: 180/2963, Loss: 152.022, Trans_L2_m: 2.059, Yaw_err_deg: 1.661
Epoch: [8/25], Batch: 190/2963, Loss: 327.152, Trans_L2_m: 4.623, Yaw_err_deg: 1.584
Epoch: [8/25], Batch: 200/2963, Loss: 198.920, Trans_L2_m: 2.507, Yaw_err_deg: 2.176
Epoch: [8/25], Batch: 210/2963, Loss: 542.175, Trans_L2_m: 5.202, Yaw_err_deg: 2.318
Epoch: [8/25], Batch: 220/2963, Loss: 266.992, Trans_L2_m: 3.898, Yaw_err_deg: 1.996
Epoch: [8/25], Batch: 230/2963, Loss: 275.963, Trans_L2_m: 3.093, Yaw_err_deg: 2.021
Epoch: [8/25], Batch: 240/2963, Loss: 213.189, Trans_L2_m: 3.225, Yaw_err_deg: 2.105
Epoch: [8/25], Batch: 250/2963, Loss: 218.762, Trans_L2_m: 2.881, Yaw_err_deg: 2.269
Epoch: [8/25], Batch: 260/2963, Loss: 180.012, Trans_L2_m: 2.596, Yaw_err_deg: 1.563
Epoch: [8/25], Batch: 270/2963, Loss: 187.975, Trans_L2_m: 2.720, Yaw_err_deg: 2.174
Epoch: [8/25], Batch: 280/2963, Loss: 334.731, Trans_L2_m: 4.934, Yaw_err_deg: 1.890
Epoch: [8/25], Batch: 290/2963, Loss: 250.647, Trans_L2_m: 3.107, Yaw_err_deg: 1.881
Epoch: [8/25], Batch: 300/2963, Loss: 284.208, Trans_L2_m: 3.931, Yaw_err_deg: 2.173
Epoch: [8/25], Batch: 310/2963, Loss: 190.541, Trans_L2_m: 2.949, Yaw_err_deg: 1.671
Epoch: [8/25], Batch: 320/2963, Loss: 197.182, Trans_L2_m: 2.787, Yaw_err_deg: 2.040
Epoch: [8/25], Batch: 330/2963, Loss: 255.122, Trans_L2_m: 3.341, Yaw_err_deg: 2.406
Epoch: [8/25], Batch: 340/2963, Loss: 175.822, Trans_L2_m: 2.443, Yaw_err_deg: 2.322
Epoch: [8/25], Batch: 350/2963, Loss: 163.738, Trans_L2_m: 2.704, Yaw_err_deg: 1.596
Epoch: [8/25], Batch: 360/2963, Loss: 213.590, Trans_L2_m: 2.224, Yaw_err_deg: 3.102
Epoch: [8/25], Batch: 370/2963, Loss: 187.242, Trans_L2_m: 2.882, Yaw_err_deg: 1.429
Epoch: [8/25], Batch: 380/2963, Loss: 203.257, Trans_L2_m: 2.931, Yaw_err_deg: 1.563
Epoch: [8/25], Batch: 390/2963, Loss: 166.930, Trans_L2_m: 1.887, Yaw_err_deg: 1.271
Epoch: [8/25], Batch: 400/2963, Loss: 240.410, Trans_L2_m: 3.825, Yaw_err_deg: 1.613
Epoch: [8/25], Batch: 410/2963, Loss: 283.030, Trans_L2_m: 3.508, Yaw_err_deg: 1.806
Epoch: [8/25], Batch: 420/2963, Loss: 250.388, Trans_L2_m: 3.435, Yaw_err_deg: 2.101
Epoch: [8/25], Batch: 430/2963, Loss: 242.460, Trans_L2_m: 3.288, Yaw_err_deg: 2.487
Epoch: [8/25], Batch: 440/2963, Loss: 172.628, Trans_L2_m: 2.103, Yaw_err_deg: 2.283
Epoch: [8/25], Batch: 450/2963, Loss: 204.800, Trans_L2_m: 2.690, Yaw_err_deg: 1.626
Epoch: [8/25], Batch: 460/2963, Loss: 210.326, Trans_L2_m: 2.291, Yaw_err_deg: 2.082
Epoch: [8/25], Batch: 470/2963, Loss: 143.456, Trans_L2_m: 2.017, Yaw_err_deg: 1.620
Epoch: [8/25], Batch: 480/2963, Loss: 301.573, Trans_L2_m: 4.148, Yaw_err_deg: 1.563
Epoch: [8/25], Batch: 490/2963, Loss: 156.056, Trans_L2_m: 2.143, Yaw_err_deg: 1.913
Epoch: [8/25], Batch: 500/2963, Loss: 218.250, Trans_L2_m: 3.207, Yaw_err_deg: 1.958
Epoch: [8/25], Batch: 510/2963, Loss: 265.169, Trans_L2_m: 4.191, Yaw_err_deg: 1.445
Epoch: [8/25], Batch: 520/2963, Loss: 194.992, Trans_L2_m: 3.201, Yaw_err_deg: 2.123
Epoch: [8/25], Batch: 530/2963, Loss: 722.411, Trans_L2_m: 5.451, Yaw_err_deg: 3.203
Epoch: [8/25], Batch: 540/2963, Loss: 153.487, Trans_L2_m: 2.129, Yaw_err_deg: 1.493
Epoch: [8/25], Batch: 550/2963, Loss: 219.420, Trans_L2_m: 3.628, Yaw_err_deg: 1.845
Epoch: [8/25], Batch: 560/2963, Loss: 187.785, Trans_L2_m: 3.140, Yaw_err_deg: 1.244
Epoch: [8/25], Batch: 570/2963, Loss: 147.998, Trans_L2_m: 2.047, Yaw_err_deg: 1.845
Epoch: [8/25], Batch: 580/2963, Loss: 387.862, Trans_L2_m: 4.411, Yaw_err_deg: 1.495
Epoch: [8/25], Batch: 590/2963, Loss: 535.151, Trans_L2_m: 5.087, Yaw_err_deg: 1.566
Epoch: [8/25], Batch: 600/2963, Loss: 144.182, Trans_L2_m: 2.352, Yaw_err_deg: 1.846
Epoch: [8/25], Batch: 610/2963, Loss: 224.979, Trans_L2_m: 3.091, Yaw_err_deg: 1.980
Epoch: [8/25], Batch: 620/2963, Loss: 226.720, Trans_L2_m: 3.388, Yaw_err_deg: 1.896
Epoch: [8/25], Batch: 630/2963, Loss: 265.331, Trans_L2_m: 4.379, Yaw_err_deg: 1.469
Epoch: [8/25], Batch: 640/2963, Loss: 194.681, Trans_L2_m: 2.723, Yaw_err_deg: 1.979
Epoch: [8/25], Batch: 650/2963, Loss: 171.303, Trans_L2_m: 2.239, Yaw_err_deg: 1.971
Epoch: [8/25], Batch: 660/2963, Loss: 162.464, Trans_L2_m: 2.266, Yaw_err_deg: 1.554
Epoch: [8/25], Batch: 670/2963, Loss: 191.275, Trans_L2_m: 2.609, Yaw_err_deg: 1.720
Epoch: [8/25], Batch: 680/2963, Loss: 164.457, Trans_L2_m: 2.631, Yaw_err_deg: 1.474
Epoch: [8/25], Batch: 690/2963, Loss: 147.363, Trans_L2_m: 2.182, Yaw_err_deg: 1.587
Epoch: [8/25], Batch: 700/2963, Loss: 250.786, Trans_L2_m: 2.918, Yaw_err_deg: 2.459
Epoch: [8/25], Batch: 710/2963, Loss: 189.060, Trans_L2_m: 1.799, Yaw_err_deg: 1.957
Epoch: [8/25], Batch: 720/2963, Loss: 187.060, Trans_L2_m: 2.937, Yaw_err_deg: 1.844
Epoch: [8/25], Batch: 730/2963, Loss: 458.727, Trans_L2_m: 4.621, Yaw_err_deg: 3.415
Epoch: [8/25], Batch: 740/2963, Loss: 190.089, Trans_L2_m: 2.617, Yaw_err_deg: 2.153
Epoch: [8/25], Batch: 750/2963, Loss: 262.189, Trans_L2_m: 3.636, Yaw_err_deg: 1.673
Epoch: [8/25], Batch: 760/2963, Loss: 224.147, Trans_L2_m: 3.838, Yaw_err_deg: 1.506
Epoch: [8/25], Batch: 770/2963, Loss: 181.238, Trans_L2_m: 2.656, Yaw_err_deg: 1.778
Epoch: [8/25], Batch: 780/2963, Loss: 190.542, Trans_L2_m: 3.100, Yaw_err_deg: 1.692
Epoch: [8/25], Batch: 790/2963, Loss: 150.320, Trans_L2_m: 2.508, Yaw_err_deg: 1.338
Epoch: [8/25], Batch: 800/2963, Loss: 138.609, Trans_L2_m: 2.120, Yaw_err_deg: 1.639
Epoch: [8/25], Batch: 810/2963, Loss: 233.417, Trans_L2_m: 3.667, Yaw_err_deg: 2.104
Epoch: [8/25], Batch: 820/2963, Loss: 226.989, Trans_L2_m: 3.789, Yaw_err_deg: 1.692
Epoch: [8/25], Batch: 830/2963, Loss: 211.275, Trans_L2_m: 2.648, Yaw_err_deg: 1.458
Epoch: [8/25], Batch: 840/2963, Loss: 263.462, Trans_L2_m: 3.090, Yaw_err_deg: 2.620
Epoch: [8/25], Batch: 850/2963, Loss: 219.829, Trans_L2_m: 2.933, Yaw_err_deg: 1.693
Epoch: [8/25], Batch: 860/2963, Loss: 293.901, Trans_L2_m: 3.919, Yaw_err_deg: 1.689
Epoch: [8/25], Batch: 870/2963, Loss: 219.331, Trans_L2_m: 3.194, Yaw_err_deg: 2.044
Epoch: [8/25], Batch: 880/2963, Loss: 338.092, Trans_L2_m: 3.209, Yaw_err_deg: 2.485
Epoch: [8/25], Batch: 890/2963, Loss: 332.999, Trans_L2_m: 4.032, Yaw_err_deg: 1.870
Epoch: [8/25], Batch: 900/2963, Loss: 162.111, Trans_L2_m: 2.693, Yaw_err_deg: 1.839
Epoch: [8/25], Batch: 910/2963, Loss: 250.849, Trans_L2_m: 3.254, Yaw_err_deg: 1.799
Epoch: [8/25], Batch: 920/2963, Loss: 125.671, Trans_L2_m: 1.704, Yaw_err_deg: 1.558
Epoch: [8/25], Batch: 930/2963, Loss: 151.751, Trans_L2_m: 2.497, Yaw_err_deg: 1.735
Epoch: [8/25], Batch: 940/2963, Loss: 346.630, Trans_L2_m: 3.587, Yaw_err_deg: 1.783
Epoch: [8/25], Batch: 950/2963, Loss: 199.936, Trans_L2_m: 2.272, Yaw_err_deg: 2.237
Epoch: [8/25], Batch: 960/2963, Loss: 237.720, Trans_L2_m: 3.968, Yaw_err_deg: 1.768
Epoch: [8/25], Batch: 970/2963, Loss: 188.536, Trans_L2_m: 2.460, Yaw_err_deg: 2.402
Epoch: [8/25], Batch: 980/2963, Loss: 210.709, Trans_L2_m: 3.202, Yaw_err_deg: 1.521
Epoch: [8/25], Batch: 990/2963, Loss: 231.718, Trans_L2_m: 3.118, Yaw_err_deg: 2.453
Epoch: [8/25], Batch: 1000/2963, Loss: 224.012, Trans_L2_m: 2.277, Yaw_err_deg: 3.166
Epoch: [8/25], Batch: 1010/2963, Loss: 154.050, Trans_L2_m: 1.589, Yaw_err_deg: 2.175
Epoch: [8/25], Batch: 1020/2963, Loss: 218.434, Trans_L2_m: 2.694, Yaw_err_deg: 1.650
Epoch: [8/25], Batch: 1030/2963, Loss: 256.196, Trans_L2_m: 3.837, Yaw_err_deg: 2.014
Epoch: [8/25], Batch: 1040/2963, Loss: 226.702, Trans_L2_m: 3.056, Yaw_err_deg: 2.126
Epoch: [8/25], Batch: 1050/2963, Loss: 278.273, Trans_L2_m: 3.212, Yaw_err_deg: 1.761
Epoch: [8/25], Batch: 1060/2963, Loss: 293.852, Trans_L2_m: 3.843, Yaw_err_deg: 2.038
Epoch: [8/25], Batch: 1070/2963, Loss: 231.343, Trans_L2_m: 3.278, Yaw_err_deg: 1.339
Epoch: [8/25], Batch: 1080/2963, Loss: 231.395, Trans_L2_m: 3.306, Yaw_err_deg: 2.514
Epoch: [8/25], Batch: 1090/2963, Loss: 179.977, Trans_L2_m: 2.507, Yaw_err_deg: 2.158
Epoch: [8/25], Batch: 1100/2963, Loss: 528.803, Trans_L2_m: 4.808, Yaw_err_deg: 1.785
Epoch: [8/25], Batch: 1110/2963, Loss: 549.054, Trans_L2_m: 5.132, Yaw_err_deg: 1.749
Epoch: [8/25], Batch: 1120/2963, Loss: 248.889, Trans_L2_m: 3.493, Yaw_err_deg: 2.103
Epoch: [8/25], Batch: 1130/2963, Loss: 166.445, Trans_L2_m: 2.268, Yaw_err_deg: 2.147
Epoch: [8/25], Batch: 1140/2963, Loss: 546.842, Trans_L2_m: 4.744, Yaw_err_deg: 1.446
Epoch: [8/25], Batch: 1150/2963, Loss: 191.113, Trans_L2_m: 3.235, Yaw_err_deg: 1.789
Epoch: [8/25], Batch: 1160/2963, Loss: 261.798, Trans_L2_m: 4.100, Yaw_err_deg: 1.727
Epoch: [8/25], Batch: 1170/2963, Loss: 225.551, Trans_L2_m: 3.339, Yaw_err_deg: 2.737
Epoch: [8/25], Batch: 1180/2963, Loss: 162.337, Trans_L2_m: 2.188, Yaw_err_deg: 1.787
Epoch: [8/25], Batch: 1190/2963, Loss: 162.218, Trans_L2_m: 2.757, Yaw_err_deg: 1.469
Epoch: [8/25], Batch: 1200/2963, Loss: 200.696, Trans_L2_m: 2.579, Yaw_err_deg: 1.305
Epoch: [8/25], Batch: 1210/2963, Loss: 145.128, Trans_L2_m: 2.302, Yaw_err_deg: 1.659
Epoch: [8/25], Batch: 1220/2963, Loss: 243.361, Trans_L2_m: 3.317, Yaw_err_deg: 1.792
Epoch: [8/25], Batch: 1230/2963, Loss: 195.899, Trans_L2_m: 2.402, Yaw_err_deg: 2.418
Epoch: [8/25], Batch: 1240/2963, Loss: 382.994, Trans_L2_m: 4.533, Yaw_err_deg: 1.913
Epoch: [8/25], Batch: 1250/2963, Loss: 154.056, Trans_L2_m: 2.217, Yaw_err_deg: 1.855
Epoch: [8/25], Batch: 1260/2963, Loss: 226.012, Trans_L2_m: 2.549, Yaw_err_deg: 2.813
Epoch: [8/25], Batch: 1270/2963, Loss: 169.912, Trans_L2_m: 2.337, Yaw_err_deg: 1.818
Epoch: [8/25], Batch: 1280/2963, Loss: 237.594, Trans_L2_m: 3.353, Yaw_err_deg: 1.913
Epoch: [8/25], Batch: 1290/2963, Loss: 155.824, Trans_L2_m: 2.256, Yaw_err_deg: 1.244
Epoch: [8/25], Batch: 1300/2963, Loss: 156.573, Trans_L2_m: 2.341, Yaw_err_deg: 1.845
Epoch: [8/25], Batch: 1310/2963, Loss: 144.885, Trans_L2_m: 1.895, Yaw_err_deg: 1.791
Epoch: [8/25], Batch: 1320/2963, Loss: 252.499, Trans_L2_m: 2.423, Yaw_err_deg: 2.508
Epoch: [8/25], Batch: 1330/2963, Loss: 177.666, Trans_L2_m: 2.885, Yaw_err_deg: 1.105
Epoch: [8/25], Batch: 1340/2963, Loss: 190.328, Trans_L2_m: 2.955, Yaw_err_deg: 2.051
Epoch: [8/25], Batch: 1350/2963, Loss: 177.772, Trans_L2_m: 2.134, Yaw_err_deg: 2.018
Epoch: [8/25], Batch: 1360/2963, Loss: 280.296, Trans_L2_m: 3.431, Yaw_err_deg: 2.165
Epoch: [8/25], Batch: 1370/2963, Loss: 110.855, Trans_L2_m: 1.917, Yaw_err_deg: 1.049
Epoch: [8/25], Batch: 1380/2963, Loss: 149.751, Trans_L2_m: 2.143, Yaw_err_deg: 1.592
Epoch: [8/25], Batch: 1390/2963, Loss: 122.025, Trans_L2_m: 1.725, Yaw_err_deg: 1.755
Epoch: [8/25], Batch: 1400/2963, Loss: 195.343, Trans_L2_m: 2.116, Yaw_err_deg: 2.526
Epoch: [8/25], Batch: 1410/2963, Loss: 217.096, Trans_L2_m: 2.186, Yaw_err_deg: 2.263
Epoch: [8/25], Batch: 1420/2963, Loss: 161.344, Trans_L2_m: 2.766, Yaw_err_deg: 1.374
Epoch: [8/25], Batch: 1430/2963, Loss: 178.678, Trans_L2_m: 2.625, Yaw_err_deg: 1.390
Epoch: [8/25], Batch: 1440/2963, Loss: 210.330, Trans_L2_m: 3.108, Yaw_err_deg: 1.010
Epoch: [8/25], Batch: 1450/2963, Loss: 311.094, Trans_L2_m: 3.820, Yaw_err_deg: 1.616
Epoch: [8/25], Batch: 1460/2963, Loss: 220.248, Trans_L2_m: 2.685, Yaw_err_deg: 2.005
Epoch: [8/25], Batch: 1470/2963, Loss: 246.492, Trans_L2_m: 3.723, Yaw_err_deg: 1.438
Epoch: [8/25], Batch: 1480/2963, Loss: 184.427, Trans_L2_m: 2.484, Yaw_err_deg: 1.808
Epoch: [8/25], Batch: 1490/2963, Loss: 219.551, Trans_L2_m: 3.318, Yaw_err_deg: 1.769
Epoch: [8/25], Batch: 1500/2963, Loss: 312.340, Trans_L2_m: 3.224, Yaw_err_deg: 2.117
Epoch: [8/25], Batch: 1510/2963, Loss: 141.053, Trans_L2_m: 2.443, Yaw_err_deg: 1.042
Epoch: [8/25], Batch: 1520/2963, Loss: 453.421, Trans_L2_m: 4.946, Yaw_err_deg: 1.621
Epoch: [8/25], Batch: 1530/2963, Loss: 233.481, Trans_L2_m: 2.503, Yaw_err_deg: 2.452
Epoch: [8/25], Batch: 1540/2963, Loss: 182.081, Trans_L2_m: 2.702, Yaw_err_deg: 1.883
Epoch: [8/25], Batch: 1550/2963, Loss: 306.220, Trans_L2_m: 4.564, Yaw_err_deg: 1.335
Epoch: [8/25], Batch: 1560/2963, Loss: 176.289, Trans_L2_m: 2.405, Yaw_err_deg: 2.256
Epoch: [8/25], Batch: 1570/2963, Loss: 536.691, Trans_L2_m: 4.985, Yaw_err_deg: 1.878
Epoch: [8/25], Batch: 1580/2963, Loss: 137.504, Trans_L2_m: 2.006, Yaw_err_deg: 1.351
Epoch: [8/25], Batch: 1590/2963, Loss: 228.073, Trans_L2_m: 3.406, Yaw_err_deg: 2.309
Epoch: [8/25], Batch: 1600/2963, Loss: 419.463, Trans_L2_m: 4.667, Yaw_err_deg: 2.187
Epoch: [8/25], Batch: 1610/2963, Loss: 167.614, Trans_L2_m: 2.970, Yaw_err_deg: 1.405
Epoch: [8/25], Batch: 1620/2963, Loss: 136.969, Trans_L2_m: 2.133, Yaw_err_deg: 1.738
Epoch: [8/25], Batch: 1630/2963, Loss: 592.912, Trans_L2_m: 4.516, Yaw_err_deg: 1.446
Epoch: [8/25], Batch: 1640/2963, Loss: 248.266, Trans_L2_m: 3.101, Yaw_err_deg: 2.492
Epoch: [8/25], Batch: 1650/2963, Loss: 325.473, Trans_L2_m: 3.721, Yaw_err_deg: 2.327
Epoch: [8/25], Batch: 1660/2963, Loss: 312.343, Trans_L2_m: 3.673, Yaw_err_deg: 2.212
Epoch: [8/25], Batch: 1670/2963, Loss: 173.583, Trans_L2_m: 2.752, Yaw_err_deg: 1.609
Epoch: [8/25], Batch: 1680/2963, Loss: 159.551, Trans_L2_m: 2.130, Yaw_err_deg: 1.688
Epoch: [8/25], Batch: 1690/2963, Loss: 174.663, Trans_L2_m: 2.678, Yaw_err_deg: 1.974
Epoch: [8/25], Batch: 1700/2963, Loss: 331.290, Trans_L2_m: 3.367, Yaw_err_deg: 2.114
Epoch: [8/25], Batch: 1710/2963, Loss: 163.566, Trans_L2_m: 2.947, Yaw_err_deg: 1.991
Epoch: [8/25], Batch: 1720/2963, Loss: 262.267, Trans_L2_m: 3.141, Yaw_err_deg: 1.725
Epoch: [8/25], Batch: 1730/2963, Loss: 226.507, Trans_L2_m: 3.197, Yaw_err_deg: 1.591
Epoch: [8/25], Batch: 1740/2963, Loss: 145.523, Trans_L2_m: 1.858, Yaw_err_deg: 1.985
Epoch: [8/25], Batch: 1750/2963, Loss: 283.953, Trans_L2_m: 3.351, Yaw_err_deg: 2.354
Epoch: [8/25], Batch: 1760/2963, Loss: 258.686, Trans_L2_m: 2.772, Yaw_err_deg: 1.868
Epoch: [8/25], Batch: 1770/2963, Loss: 273.965, Trans_L2_m: 3.961, Yaw_err_deg: 1.219
Epoch: [8/25], Batch: 1780/2963, Loss: 162.262, Trans_L2_m: 2.134, Yaw_err_deg: 1.367
Epoch: [8/25], Batch: 1790/2963, Loss: 161.688, Trans_L2_m: 2.733, Yaw_err_deg: 1.458
Epoch: [8/25], Batch: 1800/2963, Loss: 411.672, Trans_L2_m: 4.735, Yaw_err_deg: 2.041
Epoch: [8/25], Batch: 1810/2963, Loss: 387.040, Trans_L2_m: 4.109, Yaw_err_deg: 1.378
Epoch: [8/25], Batch: 1820/2963, Loss: 249.636, Trans_L2_m: 3.273, Yaw_err_deg: 2.535
Epoch: [8/25], Batch: 1830/2963, Loss: 191.709, Trans_L2_m: 2.202, Yaw_err_deg: 2.237
Epoch: [8/25], Batch: 1840/2963, Loss: 361.240, Trans_L2_m: 4.949, Yaw_err_deg: 1.264
Epoch: [8/25], Batch: 1850/2963, Loss: 169.596, Trans_L2_m: 2.547, Yaw_err_deg: 1.743
Epoch: [8/25], Batch: 1860/2963, Loss: 192.555, Trans_L2_m: 2.734, Yaw_err_deg: 1.621
Epoch: [8/25], Batch: 1870/2963, Loss: 304.342, Trans_L2_m: 3.888, Yaw_err_deg: 1.923
Epoch: [8/25], Batch: 1880/2963, Loss: 180.654, Trans_L2_m: 2.812, Yaw_err_deg: 1.390
Epoch: [8/25], Batch: 1890/2963, Loss: 234.525, Trans_L2_m: 2.922, Yaw_err_deg: 1.901
Epoch: [8/25], Batch: 1900/2963, Loss: 214.510, Trans_L2_m: 2.885, Yaw_err_deg: 1.266
Epoch: [8/25], Batch: 1910/2963, Loss: 200.503, Trans_L2_m: 3.197, Yaw_err_deg: 1.502
Epoch: [8/25], Batch: 1920/2963, Loss: 187.885, Trans_L2_m: 2.655, Yaw_err_deg: 1.860
Epoch: [8/25], Batch: 1930/2963, Loss: 286.344, Trans_L2_m: 3.903, Yaw_err_deg: 2.513
Epoch: [8/25], Batch: 1940/2963, Loss: 200.200, Trans_L2_m: 2.400, Yaw_err_deg: 1.395
Epoch: [8/25], Batch: 1950/2963, Loss: 322.605, Trans_L2_m: 4.518, Yaw_err_deg: 1.569
Epoch: [8/25], Batch: 1960/2963, Loss: 543.148, Trans_L2_m: 5.405, Yaw_err_deg: 1.218
Epoch: [8/25], Batch: 1970/2963, Loss: 202.383, Trans_L2_m: 2.413, Yaw_err_deg: 2.094
Epoch: [8/25], Batch: 1980/2963, Loss: 180.858, Trans_L2_m: 2.735, Yaw_err_deg: 1.628
Epoch: [8/25], Batch: 1990/2963, Loss: 165.177, Trans_L2_m: 2.206, Yaw_err_deg: 1.941
Epoch: [8/25], Batch: 2000/2963, Loss: 262.245, Trans_L2_m: 3.650, Yaw_err_deg: 1.880
Epoch: [8/25], Batch: 2010/2963, Loss: 177.336, Trans_L2_m: 2.711, Yaw_err_deg: 2.124
Epoch: [8/25], Batch: 2020/2963, Loss: 468.201, Trans_L2_m: 4.217, Yaw_err_deg: 2.246
Epoch: [8/25], Batch: 2030/2963, Loss: 371.225, Trans_L2_m: 5.298, Yaw_err_deg: 1.446
Epoch: [8/25], Batch: 2040/2963, Loss: 183.172, Trans_L2_m: 2.629, Yaw_err_deg: 1.923
Epoch: [8/25], Batch: 2050/2963, Loss: 145.766, Trans_L2_m: 1.810, Yaw_err_deg: 2.260
Epoch: [8/25], Batch: 2060/2963, Loss: 164.868, Trans_L2_m: 2.022, Yaw_err_deg: 2.139
Epoch: [8/25], Batch: 2070/2963, Loss: 279.495, Trans_L2_m: 3.690, Yaw_err_deg: 2.180
Epoch: [8/25], Batch: 2080/2963, Loss: 300.714, Trans_L2_m: 4.433, Yaw_err_deg: 1.837
Epoch: [8/25], Batch: 2090/2963, Loss: 163.009, Trans_L2_m: 2.440, Yaw_err_deg: 1.826
Epoch: [8/25], Batch: 2100/2963, Loss: 228.858, Trans_L2_m: 2.895, Yaw_err_deg: 1.522
Epoch: [8/25], Batch: 2110/2963, Loss: 627.846, Trans_L2_m: 5.443, Yaw_err_deg: 2.069
Epoch: [8/25], Batch: 2120/2963, Loss: 273.426, Trans_L2_m: 3.725, Yaw_err_deg: 1.929
Epoch: [8/25], Batch: 2130/2963, Loss: 245.228, Trans_L2_m: 3.415, Yaw_err_deg: 1.414
Epoch: [8/25], Batch: 2140/2963, Loss: 559.538, Trans_L2_m: 4.580, Yaw_err_deg: 2.594
Epoch: [8/25], Batch: 2150/2963, Loss: 139.117, Trans_L2_m: 1.839, Yaw_err_deg: 1.772
Epoch: [8/25], Batch: 2160/2963, Loss: 149.481, Trans_L2_m: 2.209, Yaw_err_deg: 1.186
Epoch: [8/25], Batch: 2170/2963, Loss: 352.245, Trans_L2_m: 4.527, Yaw_err_deg: 1.886
Epoch: [8/25], Batch: 2180/2963, Loss: 161.742, Trans_L2_m: 2.342, Yaw_err_deg: 1.686
Epoch: [8/25], Batch: 2190/2963, Loss: 187.623, Trans_L2_m: 2.512, Yaw_err_deg: 1.845
Epoch: [8/25], Batch: 2200/2963, Loss: 128.501, Trans_L2_m: 1.868, Yaw_err_deg: 1.912
Epoch: [8/25], Batch: 2210/2963, Loss: 183.070, Trans_L2_m: 2.720, Yaw_err_deg: 1.948
Epoch: [8/25], Batch: 2220/2963, Loss: 225.763, Trans_L2_m: 3.277, Yaw_err_deg: 2.358
Epoch: [8/25], Batch: 2230/2963, Loss: 180.663, Trans_L2_m: 2.547, Yaw_err_deg: 1.426
Epoch: [8/25], Batch: 2240/2963, Loss: 181.092, Trans_L2_m: 3.188, Yaw_err_deg: 1.685
Epoch: [8/25], Batch: 2250/2963, Loss: 169.886, Trans_L2_m: 2.240, Yaw_err_deg: 2.389
Epoch: [8/25], Batch: 2260/2963, Loss: 147.489, Trans_L2_m: 2.506, Yaw_err_deg: 1.587
Epoch: [8/25], Batch: 2270/2963, Loss: 251.864, Trans_L2_m: 2.965, Yaw_err_deg: 2.188
Epoch: [8/25], Batch: 2280/2963, Loss: 174.698, Trans_L2_m: 3.000, Yaw_err_deg: 2.030
Epoch: [8/25], Batch: 2290/2963, Loss: 294.391, Trans_L2_m: 2.814, Yaw_err_deg: 2.682
Epoch: [8/25], Batch: 2300/2963, Loss: 230.494, Trans_L2_m: 3.097, Yaw_err_deg: 1.224
Epoch: [8/25], Batch: 2310/2963, Loss: 139.750, Trans_L2_m: 2.499, Yaw_err_deg: 1.479
Epoch: [8/25], Batch: 2320/2963, Loss: 195.984, Trans_L2_m: 1.970, Yaw_err_deg: 1.936
Epoch: [8/25], Batch: 2330/2963, Loss: 194.781, Trans_L2_m: 2.736, Yaw_err_deg: 2.409
Epoch: [8/25], Batch: 2340/2963, Loss: 178.312, Trans_L2_m: 2.940, Yaw_err_deg: 1.493
Epoch: [8/25], Batch: 2350/2963, Loss: 183.808, Trans_L2_m: 2.380, Yaw_err_deg: 1.822
Epoch: [8/25], Batch: 2360/2963, Loss: 329.652, Trans_L2_m: 4.157, Yaw_err_deg: 1.532
Epoch: [8/25], Batch: 2370/2963, Loss: 290.089, Trans_L2_m: 2.884, Yaw_err_deg: 2.041
Epoch: [8/25], Batch: 2380/2963, Loss: 118.214, Trans_L2_m: 1.668, Yaw_err_deg: 1.227
Epoch: [8/25], Batch: 2390/2963, Loss: 146.749, Trans_L2_m: 2.115, Yaw_err_deg: 1.417
Epoch: [8/25], Batch: 2400/2963, Loss: 355.449, Trans_L2_m: 3.720, Yaw_err_deg: 2.396
Epoch: [8/25], Batch: 2410/2963, Loss: 150.432, Trans_L2_m: 2.206, Yaw_err_deg: 1.697
Epoch: [8/25], Batch: 2420/2963, Loss: 190.511, Trans_L2_m: 2.566, Yaw_err_deg: 2.458
Epoch: [8/25], Batch: 2430/2963, Loss: 199.809, Trans_L2_m: 2.260, Yaw_err_deg: 2.818
Epoch: [8/25], Batch: 2440/2963, Loss: 520.872, Trans_L2_m: 4.436, Yaw_err_deg: 1.576
Epoch: [8/25], Batch: 2450/2963, Loss: 147.817, Trans_L2_m: 2.347, Yaw_err_deg: 1.633
Epoch: [8/25], Batch: 2460/2963, Loss: 160.639, Trans_L2_m: 1.776, Yaw_err_deg: 1.518
Epoch: [8/25], Batch: 2470/2963, Loss: 549.699, Trans_L2_m: 4.475, Yaw_err_deg: 2.372
Epoch: [8/25], Batch: 2480/2963, Loss: 411.707, Trans_L2_m: 5.121, Yaw_err_deg: 1.799
Epoch: [8/25], Batch: 2490/2963, Loss: 149.615, Trans_L2_m: 1.734, Yaw_err_deg: 1.742
Epoch: [8/25], Batch: 2500/2963, Loss: 173.737, Trans_L2_m: 2.664, Yaw_err_deg: 1.314
Epoch: [8/25], Batch: 2510/2963, Loss: 406.172, Trans_L2_m: 4.733, Yaw_err_deg: 2.384
Epoch: [8/25], Batch: 2520/2963, Loss: 417.031, Trans_L2_m: 4.824, Yaw_err_deg: 1.420
Epoch: [8/25], Batch: 2530/2963, Loss: 268.095, Trans_L2_m: 3.146, Yaw_err_deg: 2.164
Epoch: [8/25], Batch: 2540/2963, Loss: 168.932, Trans_L2_m: 2.699, Yaw_err_deg: 1.575
Epoch: [8/25], Batch: 2550/2963, Loss: 271.379, Trans_L2_m: 3.777, Yaw_err_deg: 1.868
Epoch: [8/25], Batch: 2560/2963, Loss: 594.944, Trans_L2_m: 5.802, Yaw_err_deg: 1.297
Epoch: [8/25], Batch: 2570/2963, Loss: 193.300, Trans_L2_m: 2.290, Yaw_err_deg: 2.005
Epoch: [8/25], Batch: 2580/2963, Loss: 178.981, Trans_L2_m: 2.463, Yaw_err_deg: 2.191
Epoch: [8/25], Batch: 2590/2963, Loss: 146.617, Trans_L2_m: 2.359, Yaw_err_deg: 1.758
Epoch: [8/25], Batch: 2600/2963, Loss: 359.043, Trans_L2_m: 3.790, Yaw_err_deg: 2.274
Epoch: [8/25], Batch: 2610/2963, Loss: 194.974, Trans_L2_m: 2.614, Yaw_err_deg: 2.131
Epoch: [8/25], Batch: 2620/2963, Loss: 209.963, Trans_L2_m: 2.832, Yaw_err_deg: 1.413
Epoch: [8/25], Batch: 2630/2963, Loss: 267.937, Trans_L2_m: 3.761, Yaw_err_deg: 1.584
Epoch: [8/25], Batch: 2640/2963, Loss: 183.208, Trans_L2_m: 1.998, Yaw_err_deg: 2.080
Epoch: [8/25], Batch: 2650/2963, Loss: 441.394, Trans_L2_m: 5.095, Yaw_err_deg: 1.427
Epoch: [8/25], Batch: 2660/2963, Loss: 566.346, Trans_L2_m: 4.114, Yaw_err_deg: 2.555
Epoch: [8/25], Batch: 2670/2963, Loss: 211.031, Trans_L2_m: 2.718, Yaw_err_deg: 2.229
Epoch: [8/25], Batch: 2680/2963, Loss: 182.381, Trans_L2_m: 2.671, Yaw_err_deg: 1.692
Epoch: [8/25], Batch: 2690/2963, Loss: 214.316, Trans_L2_m: 2.837, Yaw_err_deg: 2.134
Epoch: [8/25], Batch: 2700/2963, Loss: 180.284, Trans_L2_m: 2.938, Yaw_err_deg: 1.432
Epoch: [8/25], Batch: 2710/2963, Loss: 254.892, Trans_L2_m: 3.258, Yaw_err_deg: 2.524
Epoch: [8/25], Batch: 2720/2963, Loss: 419.455, Trans_L2_m: 4.977, Yaw_err_deg: 1.668
Epoch: [8/25], Batch: 2730/2963, Loss: 166.016, Trans_L2_m: 2.135, Yaw_err_deg: 1.971
Epoch: [8/25], Batch: 2740/2963, Loss: 192.513, Trans_L2_m: 2.964, Yaw_err_deg: 2.042
Epoch: [8/25], Batch: 2750/2963, Loss: 230.318, Trans_L2_m: 2.562, Yaw_err_deg: 1.814
Epoch: [8/25], Batch: 2760/2963, Loss: 505.084, Trans_L2_m: 3.617, Yaw_err_deg: 1.878
Epoch: [8/25], Batch: 2770/2963, Loss: 593.406, Trans_L2_m: 4.816, Yaw_err_deg: 1.987
Epoch: [8/25], Batch: 2780/2963, Loss: 173.107, Trans_L2_m: 2.634, Yaw_err_deg: 1.839
Epoch: [8/25], Batch: 2790/2963, Loss: 194.998, Trans_L2_m: 1.834, Yaw_err_deg: 2.191
Epoch: [8/25], Batch: 2800/2963, Loss: 161.367, Trans_L2_m: 2.057, Yaw_err_deg: 1.911
Epoch: [8/25], Batch: 2810/2963, Loss: 188.751, Trans_L2_m: 2.760, Yaw_err_deg: 1.335
Epoch: [8/25], Batch: 2820/2963, Loss: 535.280, Trans_L2_m: 4.578, Yaw_err_deg: 1.898
Epoch: [8/25], Batch: 2830/2963, Loss: 177.335, Trans_L2_m: 2.538, Yaw_err_deg: 1.987
Epoch: [8/25], Batch: 2840/2963, Loss: 288.449, Trans_L2_m: 3.254, Yaw_err_deg: 1.834
Epoch: [8/25], Batch: 2850/2963, Loss: 243.357, Trans_L2_m: 3.434, Yaw_err_deg: 1.631
Epoch: [8/25], Batch: 2860/2963, Loss: 248.477, Trans_L2_m: 3.574, Yaw_err_deg: 1.968
Epoch: [8/25], Batch: 2870/2963, Loss: 331.605, Trans_L2_m: 3.704, Yaw_err_deg: 1.619
Epoch: [8/25], Batch: 2880/2963, Loss: 128.745, Trans_L2_m: 2.310, Yaw_err_deg: 1.343
Epoch: [8/25], Batch: 2890/2963, Loss: 122.539, Trans_L2_m: 1.761, Yaw_err_deg: 1.030
Epoch: [8/25], Batch: 2900/2963, Loss: 255.349, Trans_L2_m: 3.482, Yaw_err_deg: 2.463
Epoch: [8/25], Batch: 2910/2963, Loss: 479.218, Trans_L2_m: 4.930, Yaw_err_deg: 1.970
Epoch: [8/25], Batch: 2920/2963, Loss: 155.582, Trans_L2_m: 2.463, Yaw_err_deg: 1.343
Epoch: [8/25], Batch: 2930/2963, Loss: 174.490, Trans_L2_m: 2.478, Yaw_err_deg: 2.213
Epoch: [8/25], Batch: 2940/2963, Loss: 179.908, Trans_L2_m: 2.861, Yaw_err_deg: 1.798
Epoch: [8/25], Batch: 2950/2963, Loss: 356.480, Trans_L2_m: 3.382, Yaw_err_deg: 2.404
Epoch: [8/25], Batch: 2960/2963, Loss: 242.794, Trans_L2_m: 3.308, Yaw_err_deg: 1.414
Validation loss (homography): 4787.2023
Avg batch time: 1152.31 ms, total: 373.574 s
[1;91mVal has no improvement vs 4670.90966796875![0m
Epoch: [9/25], Batch: 0/2963, Loss: 167.736, Trans_L2_m: 1.938, Yaw_err_deg: 1.828
Epoch: [9/25], Batch: 10/2963, Loss: 172.304, Trans_L2_m: 3.199, Yaw_err_deg: 1.538
Epoch: [9/25], Batch: 20/2963, Loss: 263.690, Trans_L2_m: 3.314, Yaw_err_deg: 1.565
Epoch: [9/25], Batch: 30/2963, Loss: 139.529, Trans_L2_m: 2.226, Yaw_err_deg: 1.631
Epoch: [9/25], Batch: 40/2963, Loss: 142.384, Trans_L2_m: 2.123, Yaw_err_deg: 1.373
Epoch: [9/25], Batch: 50/2963, Loss: 141.430, Trans_L2_m: 2.027, Yaw_err_deg: 1.749
Epoch: [9/25], Batch: 60/2963, Loss: 170.272, Trans_L2_m: 2.954, Yaw_err_deg: 1.197
Epoch: [9/25], Batch: 70/2963, Loss: 561.111, Trans_L2_m: 5.032, Yaw_err_deg: 1.123
Epoch: [9/25], Batch: 80/2963, Loss: 190.276, Trans_L2_m: 3.242, Yaw_err_deg: 2.065
Epoch: [9/25], Batch: 90/2963, Loss: 200.247, Trans_L2_m: 2.570, Yaw_err_deg: 1.591
Epoch: [9/25], Batch: 100/2963, Loss: 161.260, Trans_L2_m: 1.971, Yaw_err_deg: 1.726
Epoch: [9/25], Batch: 110/2963, Loss: 263.246, Trans_L2_m: 2.966, Yaw_err_deg: 1.669
Epoch: [9/25], Batch: 120/2963, Loss: 236.612, Trans_L2_m: 3.237, Yaw_err_deg: 2.207
Epoch: [9/25], Batch: 130/2963, Loss: 373.838, Trans_L2_m: 3.984, Yaw_err_deg: 1.709
Epoch: [9/25], Batch: 140/2963, Loss: 153.683, Trans_L2_m: 2.299, Yaw_err_deg: 1.975
Epoch: [9/25], Batch: 150/2963, Loss: 221.447, Trans_L2_m: 3.140, Yaw_err_deg: 2.339
Epoch: [9/25], Batch: 160/2963, Loss: 200.604, Trans_L2_m: 2.107, Yaw_err_deg: 2.193
Epoch: [9/25], Batch: 170/2963, Loss: 140.452, Trans_L2_m: 2.128, Yaw_err_deg: 1.589
Epoch: [9/25], Batch: 180/2963, Loss: 176.185, Trans_L2_m: 2.765, Yaw_err_deg: 1.362
Epoch: [9/25], Batch: 190/2963, Loss: 151.203, Trans_L2_m: 1.712, Yaw_err_deg: 1.606
Epoch: [9/25], Batch: 200/2963, Loss: 126.940, Trans_L2_m: 1.905, Yaw_err_deg: 1.505
Epoch: [9/25], Batch: 210/2963, Loss: 364.037, Trans_L2_m: 3.607, Yaw_err_deg: 1.196
Epoch: [9/25], Batch: 220/2963, Loss: 144.732, Trans_L2_m: 2.047, Yaw_err_deg: 1.748
Epoch: [9/25], Batch: 230/2963, Loss: 143.657, Trans_L2_m: 2.387, Yaw_err_deg: 1.464
Epoch: [9/25], Batch: 240/2963, Loss: 245.202, Trans_L2_m: 3.755, Yaw_err_deg: 1.399
Epoch: [9/25], Batch: 250/2963, Loss: 142.157, Trans_L2_m: 2.467, Yaw_err_deg: 0.837
Epoch: [9/25], Batch: 260/2963, Loss: 160.320, Trans_L2_m: 2.175, Yaw_err_deg: 1.972
Epoch: [9/25], Batch: 270/2963, Loss: 212.466, Trans_L2_m: 2.280, Yaw_err_deg: 2.328
Epoch: [9/25], Batch: 280/2963, Loss: 359.303, Trans_L2_m: 3.441, Yaw_err_deg: 2.375
Epoch: [9/25], Batch: 290/2963, Loss: 252.863, Trans_L2_m: 3.044, Yaw_err_deg: 2.230
Epoch: [9/25], Batch: 300/2963, Loss: 150.757, Trans_L2_m: 2.549, Yaw_err_deg: 2.164
Epoch: [9/25], Batch: 310/2963, Loss: 143.989, Trans_L2_m: 2.424, Yaw_err_deg: 1.306
Epoch: [9/25], Batch: 320/2963, Loss: 268.791, Trans_L2_m: 3.270, Yaw_err_deg: 2.006
Epoch: [9/25], Batch: 330/2963, Loss: 122.505, Trans_L2_m: 1.789, Yaw_err_deg: 0.947
Epoch: [9/25], Batch: 340/2963, Loss: 217.123, Trans_L2_m: 2.375, Yaw_err_deg: 2.814
Epoch: [9/25], Batch: 350/2963, Loss: 132.746, Trans_L2_m: 1.886, Yaw_err_deg: 1.573
Epoch: [9/25], Batch: 360/2963, Loss: 139.231, Trans_L2_m: 2.090, Yaw_err_deg: 1.127
Epoch: [9/25], Batch: 370/2963, Loss: 153.975, Trans_L2_m: 2.439, Yaw_err_deg: 1.421
Epoch: [9/25], Batch: 380/2963, Loss: 201.536, Trans_L2_m: 2.715, Yaw_err_deg: 1.586
Epoch: [9/25], Batch: 390/2963, Loss: 172.834, Trans_L2_m: 2.402, Yaw_err_deg: 2.187
Epoch: [9/25], Batch: 400/2963, Loss: 142.467, Trans_L2_m: 2.314, Yaw_err_deg: 1.479
Epoch: [9/25], Batch: 410/2963, Loss: 234.403, Trans_L2_m: 3.148, Yaw_err_deg: 2.096
Epoch: [9/25], Batch: 420/2963, Loss: 191.822, Trans_L2_m: 3.139, Yaw_err_deg: 2.244
Epoch: [9/25], Batch: 430/2963, Loss: 352.281, Trans_L2_m: 4.145, Yaw_err_deg: 2.138
Epoch: [9/25], Batch: 440/2963, Loss: 199.188, Trans_L2_m: 2.134, Yaw_err_deg: 2.415
Epoch: [9/25], Batch: 450/2963, Loss: 265.249, Trans_L2_m: 3.121, Yaw_err_deg: 2.287
Epoch: [9/25], Batch: 460/2963, Loss: 234.450, Trans_L2_m: 2.539, Yaw_err_deg: 2.246
Epoch: [9/25], Batch: 470/2963, Loss: 282.114, Trans_L2_m: 3.191, Yaw_err_deg: 2.099
Epoch: [9/25], Batch: 480/2963, Loss: 244.921, Trans_L2_m: 2.871, Yaw_err_deg: 2.123
Epoch: [9/25], Batch: 490/2963, Loss: 284.303, Trans_L2_m: 3.696, Yaw_err_deg: 1.879
Epoch: [9/25], Batch: 500/2963, Loss: 136.021, Trans_L2_m: 2.104, Yaw_err_deg: 1.636
Epoch: [9/25], Batch: 510/2963, Loss: 198.956, Trans_L2_m: 1.801, Yaw_err_deg: 2.550
Epoch: [9/25], Batch: 520/2963, Loss: 160.651, Trans_L2_m: 1.819, Yaw_err_deg: 1.734
Epoch: [9/25], Batch: 530/2963, Loss: 236.410, Trans_L2_m: 3.770, Yaw_err_deg: 1.337
Epoch: [9/25], Batch: 540/2963, Loss: 174.191, Trans_L2_m: 2.213, Yaw_err_deg: 1.957
Epoch: [9/25], Batch: 550/2963, Loss: 263.153, Trans_L2_m: 3.436, Yaw_err_deg: 2.342
Epoch: [9/25], Batch: 560/2963, Loss: 189.843, Trans_L2_m: 2.236, Yaw_err_deg: 1.469
Epoch: [9/25], Batch: 570/2963, Loss: 147.522, Trans_L2_m: 2.691, Yaw_err_deg: 1.404
Epoch: [9/25], Batch: 580/2963, Loss: 169.789, Trans_L2_m: 2.326, Yaw_err_deg: 1.683
Epoch: [9/25], Batch: 590/2963, Loss: 300.115, Trans_L2_m: 3.472, Yaw_err_deg: 1.455
Epoch: [9/25], Batch: 600/2963, Loss: 501.618, Trans_L2_m: 4.190, Yaw_err_deg: 1.849
Epoch: [9/25], Batch: 610/2963, Loss: 155.036, Trans_L2_m: 2.188, Yaw_err_deg: 1.683
Epoch: [9/25], Batch: 620/2963, Loss: 181.914, Trans_L2_m: 2.178, Yaw_err_deg: 2.076
Epoch: [9/25], Batch: 630/2963, Loss: 114.048, Trans_L2_m: 1.524, Yaw_err_deg: 1.113
Epoch: [9/25], Batch: 640/2963, Loss: 247.185, Trans_L2_m: 2.450, Yaw_err_deg: 2.270
Epoch: [9/25], Batch: 650/2963, Loss: 169.842, Trans_L2_m: 2.609, Yaw_err_deg: 1.300
Epoch: [9/25], Batch: 660/2963, Loss: 214.273, Trans_L2_m: 3.129, Yaw_err_deg: 1.746
Epoch: [9/25], Batch: 670/2963, Loss: 196.427, Trans_L2_m: 2.255, Yaw_err_deg: 2.033
Epoch: [9/25], Batch: 680/2963, Loss: 154.401, Trans_L2_m: 2.538, Yaw_err_deg: 1.490
Epoch: [9/25], Batch: 690/2963, Loss: 182.302, Trans_L2_m: 2.544, Yaw_err_deg: 1.782
Epoch: [9/25], Batch: 700/2963, Loss: 172.454, Trans_L2_m: 2.521, Yaw_err_deg: 1.848
Epoch: [9/25], Batch: 710/2963, Loss: 160.036, Trans_L2_m: 1.908, Yaw_err_deg: 1.334
Epoch: [9/25], Batch: 720/2963, Loss: 303.078, Trans_L2_m: 2.981, Yaw_err_deg: 2.307
Epoch: [9/25], Batch: 730/2963, Loss: 148.455, Trans_L2_m: 2.716, Yaw_err_deg: 1.132
Epoch: [9/25], Batch: 740/2963, Loss: 229.691, Trans_L2_m: 3.353, Yaw_err_deg: 2.145
Epoch: [9/25], Batch: 750/2963, Loss: 157.594, Trans_L2_m: 2.494, Yaw_err_deg: 1.894
Epoch: [9/25], Batch: 760/2963, Loss: 302.168, Trans_L2_m: 4.235, Yaw_err_deg: 1.658
Epoch: [9/25], Batch: 770/2963, Loss: 163.568, Trans_L2_m: 2.850, Yaw_err_deg: 1.669
Epoch: [9/25], Batch: 780/2963, Loss: 196.849, Trans_L2_m: 2.301, Yaw_err_deg: 2.276
Epoch: [9/25], Batch: 790/2963, Loss: 189.637, Trans_L2_m: 2.044, Yaw_err_deg: 2.398
Epoch: [9/25], Batch: 800/2963, Loss: 231.867, Trans_L2_m: 3.390, Yaw_err_deg: 2.016
Epoch: [9/25], Batch: 810/2963, Loss: 159.237, Trans_L2_m: 1.934, Yaw_err_deg: 2.193
Epoch: [9/25], Batch: 820/2963, Loss: 222.823, Trans_L2_m: 2.990, Yaw_err_deg: 1.586
Epoch: [9/25], Batch: 830/2963, Loss: 149.836, Trans_L2_m: 2.510, Yaw_err_deg: 1.012
Epoch: [9/25], Batch: 840/2963, Loss: 178.038, Trans_L2_m: 2.278, Yaw_err_deg: 1.821
Epoch: [9/25], Batch: 850/2963, Loss: 178.262, Trans_L2_m: 2.766, Yaw_err_deg: 2.014
Epoch: [9/25], Batch: 860/2963, Loss: 138.723, Trans_L2_m: 2.429, Yaw_err_deg: 1.397
Epoch: [9/25], Batch: 870/2963, Loss: 189.958, Trans_L2_m: 2.438, Yaw_err_deg: 2.048
Epoch: [9/25], Batch: 880/2963, Loss: 359.489, Trans_L2_m: 4.032, Yaw_err_deg: 1.749
Epoch: [9/25], Batch: 890/2963, Loss: 604.527, Trans_L2_m: 4.761, Yaw_err_deg: 2.564
Epoch: [9/25], Batch: 900/2963, Loss: 202.033, Trans_L2_m: 2.521, Yaw_err_deg: 1.973
Epoch: [9/25], Batch: 910/2963, Loss: 140.097, Trans_L2_m: 2.126, Yaw_err_deg: 1.040
Epoch: [9/25], Batch: 920/2963, Loss: 223.472, Trans_L2_m: 2.923, Yaw_err_deg: 1.544
Epoch: [9/25], Batch: 930/2963, Loss: 144.472, Trans_L2_m: 2.153, Yaw_err_deg: 1.418
Epoch: [9/25], Batch: 940/2963, Loss: 244.134, Trans_L2_m: 3.475, Yaw_err_deg: 2.223
Epoch: [9/25], Batch: 950/2963, Loss: 171.730, Trans_L2_m: 2.370, Yaw_err_deg: 1.801
Epoch: [9/25], Batch: 960/2963, Loss: 147.627, Trans_L2_m: 2.422, Yaw_err_deg: 1.332
Epoch: [9/25], Batch: 970/2963, Loss: 132.807, Trans_L2_m: 2.201, Yaw_err_deg: 1.358
Epoch: [9/25], Batch: 980/2963, Loss: 168.210, Trans_L2_m: 2.614, Yaw_err_deg: 1.380
Epoch: [9/25], Batch: 990/2963, Loss: 226.450, Trans_L2_m: 3.400, Yaw_err_deg: 1.941
Epoch: [9/25], Batch: 1000/2963, Loss: 259.808, Trans_L2_m: 3.535, Yaw_err_deg: 1.461
Epoch: [9/25], Batch: 1010/2963, Loss: 221.152, Trans_L2_m: 3.405, Yaw_err_deg: 1.179
Epoch: [9/25], Batch: 1020/2963, Loss: 161.040, Trans_L2_m: 2.829, Yaw_err_deg: 1.690
Epoch: [9/25], Batch: 1030/2963, Loss: 205.716, Trans_L2_m: 2.637, Yaw_err_deg: 2.538
Epoch: [9/25], Batch: 1040/2963, Loss: 185.402, Trans_L2_m: 3.086, Yaw_err_deg: 1.494
Epoch: [9/25], Batch: 1050/2963, Loss: 194.557, Trans_L2_m: 2.639, Yaw_err_deg: 1.762
Epoch: [9/25], Batch: 1060/2963, Loss: 181.052, Trans_L2_m: 2.633, Yaw_err_deg: 1.770
Epoch: [9/25], Batch: 1070/2963, Loss: 168.350, Trans_L2_m: 2.273, Yaw_err_deg: 1.714
Epoch: [9/25], Batch: 1080/2963, Loss: 202.105, Trans_L2_m: 2.866, Yaw_err_deg: 2.104
Epoch: [9/25], Batch: 1090/2963, Loss: 303.470, Trans_L2_m: 4.137, Yaw_err_deg: 1.639
Epoch: [9/25], Batch: 1100/2963, Loss: 140.210, Trans_L2_m: 1.912, Yaw_err_deg: 1.176
Epoch: [9/25], Batch: 1110/2963, Loss: 199.099, Trans_L2_m: 2.854, Yaw_err_deg: 1.720
Epoch: [9/25], Batch: 1120/2963, Loss: 164.071, Trans_L2_m: 2.469, Yaw_err_deg: 1.752
Epoch: [9/25], Batch: 1130/2963, Loss: 206.867, Trans_L2_m: 2.171, Yaw_err_deg: 1.946
Epoch: [9/25], Batch: 1140/2963, Loss: 137.328, Trans_L2_m: 2.264, Yaw_err_deg: 1.619
Epoch: [9/25], Batch: 1150/2963, Loss: 755.268, Trans_L2_m: 5.053, Yaw_err_deg: 1.913
Epoch: [9/25], Batch: 1160/2963, Loss: 351.670, Trans_L2_m: 3.649, Yaw_err_deg: 1.476
Epoch: [9/25], Batch: 1170/2963, Loss: 418.156, Trans_L2_m: 3.876, Yaw_err_deg: 1.900
Epoch: [9/25], Batch: 1180/2963, Loss: 153.311, Trans_L2_m: 2.156, Yaw_err_deg: 1.970
Epoch: [9/25], Batch: 1190/2963, Loss: 201.241, Trans_L2_m: 2.381, Yaw_err_deg: 1.120
Epoch: [9/25], Batch: 1200/2963, Loss: 386.053, Trans_L2_m: 3.835, Yaw_err_deg: 1.509
Epoch: [9/25], Batch: 1210/2963, Loss: 459.325, Trans_L2_m: 4.327, Yaw_err_deg: 1.475
Epoch: [9/25], Batch: 1220/2963, Loss: 169.935, Trans_L2_m: 2.561, Yaw_err_deg: 1.488
Epoch: [9/25], Batch: 1230/2963, Loss: 182.862, Trans_L2_m: 2.974, Yaw_err_deg: 1.398
Epoch: [9/25], Batch: 1240/2963, Loss: 146.415, Trans_L2_m: 2.299, Yaw_err_deg: 1.672
Epoch: [9/25], Batch: 1250/2963, Loss: 157.930, Trans_L2_m: 2.027, Yaw_err_deg: 1.817
Epoch: [9/25], Batch: 1260/2963, Loss: 136.313, Trans_L2_m: 1.841, Yaw_err_deg: 1.873
Epoch: [9/25], Batch: 1270/2963, Loss: 205.729, Trans_L2_m: 3.056, Yaw_err_deg: 1.159
Epoch: [9/25], Batch: 1280/2963, Loss: 241.062, Trans_L2_m: 3.674, Yaw_err_deg: 1.203
Epoch: [9/25], Batch: 1290/2963, Loss: 475.195, Trans_L2_m: 4.732, Yaw_err_deg: 1.380
Epoch: [9/25], Batch: 1300/2963, Loss: 188.167, Trans_L2_m: 2.405, Yaw_err_deg: 2.251
Epoch: [9/25], Batch: 1310/2963, Loss: 154.277, Trans_L2_m: 1.993, Yaw_err_deg: 1.981
Epoch: [9/25], Batch: 1320/2963, Loss: 208.242, Trans_L2_m: 3.573, Yaw_err_deg: 1.582
Epoch: [9/25], Batch: 1330/2963, Loss: 206.855, Trans_L2_m: 3.261, Yaw_err_deg: 1.465
Epoch: [9/25], Batch: 1340/2963, Loss: 188.618, Trans_L2_m: 2.779, Yaw_err_deg: 1.954
Epoch: [9/25], Batch: 1350/2963, Loss: 123.794, Trans_L2_m: 1.722, Yaw_err_deg: 1.762
Epoch: [9/25], Batch: 1360/2963, Loss: 176.046, Trans_L2_m: 2.313, Yaw_err_deg: 1.736
Epoch: [9/25], Batch: 1370/2963, Loss: 146.091, Trans_L2_m: 2.291, Yaw_err_deg: 1.365
Epoch: [9/25], Batch: 1380/2963, Loss: 158.275, Trans_L2_m: 2.197, Yaw_err_deg: 1.799
Epoch: [9/25], Batch: 1390/2963, Loss: 162.375, Trans_L2_m: 2.674, Yaw_err_deg: 1.133
Epoch: [9/25], Batch: 1400/2963, Loss: 189.957, Trans_L2_m: 2.569, Yaw_err_deg: 2.114
Epoch: [9/25], Batch: 1410/2963, Loss: 339.430, Trans_L2_m: 4.330, Yaw_err_deg: 1.894
Epoch: [9/25], Batch: 1420/2963, Loss: 272.597, Trans_L2_m: 3.369, Yaw_err_deg: 2.406
Epoch: [9/25], Batch: 1430/2963, Loss: 247.921, Trans_L2_m: 2.561, Yaw_err_deg: 1.990
Epoch: [9/25], Batch: 1440/2963, Loss: 497.618, Trans_L2_m: 4.223, Yaw_err_deg: 1.259
Epoch: [9/25], Batch: 1450/2963, Loss: 162.958, Trans_L2_m: 2.398, Yaw_err_deg: 2.441
Epoch: [9/25], Batch: 1460/2963, Loss: 277.470, Trans_L2_m: 3.051, Yaw_err_deg: 2.781
Epoch: [9/25], Batch: 1470/2963, Loss: 202.446, Trans_L2_m: 2.631, Yaw_err_deg: 1.859
Epoch: [9/25], Batch: 1480/2963, Loss: 177.918, Trans_L2_m: 2.616, Yaw_err_deg: 1.476
Epoch: [9/25], Batch: 1490/2963, Loss: 195.811, Trans_L2_m: 3.172, Yaw_err_deg: 1.049
Epoch: [9/25], Batch: 1500/2963, Loss: 167.183, Trans_L2_m: 2.793, Yaw_err_deg: 1.342
Epoch: [9/25], Batch: 1510/2963, Loss: 158.834, Trans_L2_m: 2.373, Yaw_err_deg: 1.982
Epoch: [9/25], Batch: 1520/2963, Loss: 202.429, Trans_L2_m: 2.305, Yaw_err_deg: 2.340
Epoch: [9/25], Batch: 1530/2963, Loss: 130.197, Trans_L2_m: 1.436, Yaw_err_deg: 1.903
Epoch: [9/25], Batch: 1540/2963, Loss: 186.649, Trans_L2_m: 2.427, Yaw_err_deg: 1.636
Epoch: [9/25], Batch: 1550/2963, Loss: 156.886, Trans_L2_m: 2.573, Yaw_err_deg: 1.219
Epoch: [9/25], Batch: 1560/2963, Loss: 220.304, Trans_L2_m: 2.759, Yaw_err_deg: 1.733
Epoch: [9/25], Batch: 1570/2963, Loss: 158.297, Trans_L2_m: 2.641, Yaw_err_deg: 1.291
Epoch: [9/25], Batch: 1580/2963, Loss: 274.293, Trans_L2_m: 3.819, Yaw_err_deg: 1.801
Epoch: [9/25], Batch: 1590/2963, Loss: 237.197, Trans_L2_m: 4.003, Yaw_err_deg: 1.846
Epoch: [9/25], Batch: 1600/2963, Loss: 178.167, Trans_L2_m: 2.468, Yaw_err_deg: 1.832
Epoch: [9/25], Batch: 1610/2963, Loss: 182.849, Trans_L2_m: 1.759, Yaw_err_deg: 2.361
Epoch: [9/25], Batch: 1620/2963, Loss: 163.156, Trans_L2_m: 2.184, Yaw_err_deg: 2.339
Epoch: [9/25], Batch: 1630/2963, Loss: 173.408, Trans_L2_m: 2.837, Yaw_err_deg: 1.501
Epoch: [9/25], Batch: 1640/2963, Loss: 145.213, Trans_L2_m: 2.352, Yaw_err_deg: 1.481
Epoch: [9/25], Batch: 1650/2963, Loss: 395.008, Trans_L2_m: 3.989, Yaw_err_deg: 1.326
Epoch: [9/25], Batch: 1660/2963, Loss: 268.866, Trans_L2_m: 2.612, Yaw_err_deg: 2.401
Epoch: [9/25], Batch: 1670/2963, Loss: 154.348, Trans_L2_m: 1.923, Yaw_err_deg: 1.984
Epoch: [9/25], Batch: 1680/2963, Loss: 148.211, Trans_L2_m: 2.053, Yaw_err_deg: 1.596
Epoch: [9/25], Batch: 1690/2963, Loss: 427.712, Trans_L2_m: 4.462, Yaw_err_deg: 1.161
Epoch: [9/25], Batch: 1700/2963, Loss: 171.958, Trans_L2_m: 2.066, Yaw_err_deg: 2.266
Epoch: [9/25], Batch: 1710/2963, Loss: 236.838, Trans_L2_m: 2.346, Yaw_err_deg: 2.421
Epoch: [9/25], Batch: 1720/2963, Loss: 248.731, Trans_L2_m: 4.106, Yaw_err_deg: 1.618
Epoch: [9/25], Batch: 1730/2963, Loss: 212.431, Trans_L2_m: 3.489, Yaw_err_deg: 1.693
Epoch: [9/25], Batch: 1740/2963, Loss: 202.857, Trans_L2_m: 2.986, Yaw_err_deg: 1.322
Epoch: [9/25], Batch: 1750/2963, Loss: 232.955, Trans_L2_m: 2.831, Yaw_err_deg: 2.754
Epoch: [9/25], Batch: 1760/2963, Loss: 130.582, Trans_L2_m: 2.329, Yaw_err_deg: 1.304
Epoch: [9/25], Batch: 1770/2963, Loss: 216.164, Trans_L2_m: 3.149, Yaw_err_deg: 2.478
Epoch: [9/25], Batch: 1780/2963, Loss: 227.303, Trans_L2_m: 3.478, Yaw_err_deg: 1.319
Epoch: [9/25], Batch: 1790/2963, Loss: 171.846, Trans_L2_m: 2.099, Yaw_err_deg: 1.818
Epoch: [9/25], Batch: 1800/2963, Loss: 194.845, Trans_L2_m: 2.784, Yaw_err_deg: 1.701
Epoch: [9/25], Batch: 1810/2963, Loss: 164.911, Trans_L2_m: 1.778, Yaw_err_deg: 2.308
Epoch: [9/25], Batch: 1820/2963, Loss: 191.187, Trans_L2_m: 2.817, Yaw_err_deg: 1.367
Epoch: [9/25], Batch: 1830/2963, Loss: 247.302, Trans_L2_m: 3.003, Yaw_err_deg: 1.911
Epoch: [9/25], Batch: 1840/2963, Loss: 129.836, Trans_L2_m: 1.845, Yaw_err_deg: 1.358
Epoch: [9/25], Batch: 1850/2963, Loss: 250.509, Trans_L2_m: 3.879, Yaw_err_deg: 2.164
Epoch: [9/25], Batch: 1860/2963, Loss: 112.829, Trans_L2_m: 1.553, Yaw_err_deg: 1.311
Epoch: [9/25], Batch: 1870/2963, Loss: 167.677, Trans_L2_m: 1.931, Yaw_err_deg: 2.089
Epoch: [9/25], Batch: 1880/2963, Loss: 145.775, Trans_L2_m: 2.382, Yaw_err_deg: 1.730
Epoch: [9/25], Batch: 1890/2963, Loss: 306.712, Trans_L2_m: 3.772, Yaw_err_deg: 1.912
Epoch: [9/25], Batch: 1900/2963, Loss: 187.685, Trans_L2_m: 2.592, Yaw_err_deg: 2.042
Epoch: [9/25], Batch: 1910/2963, Loss: 224.212, Trans_L2_m: 1.914, Yaw_err_deg: 2.678
Epoch: [9/25], Batch: 1920/2963, Loss: 1032.983, Trans_L2_m: 6.975, Yaw_err_deg: 2.112
Epoch: [9/25], Batch: 1930/2963, Loss: 201.091, Trans_L2_m: 2.695, Yaw_err_deg: 1.548
Epoch: [9/25], Batch: 1940/2963, Loss: 193.719, Trans_L2_m: 2.520, Yaw_err_deg: 1.538
Epoch: [9/25], Batch: 1950/2963, Loss: 148.523, Trans_L2_m: 1.825, Yaw_err_deg: 2.160
Epoch: [9/25], Batch: 1960/2963, Loss: 145.233, Trans_L2_m: 1.444, Yaw_err_deg: 1.780
Epoch: [9/25], Batch: 1970/2963, Loss: 179.406, Trans_L2_m: 2.619, Yaw_err_deg: 1.582
Epoch: [9/25], Batch: 1980/2963, Loss: 225.158, Trans_L2_m: 3.782, Yaw_err_deg: 1.881
Epoch: [9/25], Batch: 1990/2963, Loss: 118.320, Trans_L2_m: 1.935, Yaw_err_deg: 1.357
Epoch: [9/25], Batch: 2000/2963, Loss: 154.998, Trans_L2_m: 1.592, Yaw_err_deg: 1.773
Epoch: [9/25], Batch: 2010/2963, Loss: 115.485, Trans_L2_m: 2.003, Yaw_err_deg: 1.127
Epoch: [9/25], Batch: 2020/2963, Loss: 178.449, Trans_L2_m: 2.835, Yaw_err_deg: 1.775
Epoch: [9/25], Batch: 2030/2963, Loss: 188.036, Trans_L2_m: 3.042, Yaw_err_deg: 1.467
Epoch: [9/25], Batch: 2040/2963, Loss: 269.527, Trans_L2_m: 2.630, Yaw_err_deg: 2.168
Epoch: [9/25], Batch: 2050/2963, Loss: 156.716, Trans_L2_m: 2.389, Yaw_err_deg: 1.481
Epoch: [9/25], Batch: 2060/2963, Loss: 196.128, Trans_L2_m: 2.525, Yaw_err_deg: 1.444
Epoch: [9/25], Batch: 2070/2963, Loss: 241.839, Trans_L2_m: 2.978, Yaw_err_deg: 1.539
Epoch: [9/25], Batch: 2080/2963, Loss: 187.995, Trans_L2_m: 2.562, Yaw_err_deg: 1.310
Epoch: [9/25], Batch: 2090/2963, Loss: 188.990, Trans_L2_m: 2.910, Yaw_err_deg: 1.582
Epoch: [9/25], Batch: 2100/2963, Loss: 190.128, Trans_L2_m: 2.382, Yaw_err_deg: 2.469
Epoch: [9/25], Batch: 2110/2963, Loss: 121.113, Trans_L2_m: 1.984, Yaw_err_deg: 1.416
Epoch: [9/25], Batch: 2120/2963, Loss: 159.125, Trans_L2_m: 3.104, Yaw_err_deg: 1.529
Epoch: [9/25], Batch: 2130/2963, Loss: 407.128, Trans_L2_m: 4.217, Yaw_err_deg: 1.477
Epoch: [9/25], Batch: 2140/2963, Loss: 224.485, Trans_L2_m: 2.629, Yaw_err_deg: 1.992
Epoch: [9/25], Batch: 2150/2963, Loss: 578.762, Trans_L2_m: 5.035, Yaw_err_deg: 1.752
Epoch: [9/25], Batch: 2160/2963, Loss: 155.890, Trans_L2_m: 2.027, Yaw_err_deg: 1.944
Epoch: [9/25], Batch: 2170/2963, Loss: 148.887, Trans_L2_m: 2.346, Yaw_err_deg: 1.197
Epoch: [9/25], Batch: 2180/2963, Loss: 282.346, Trans_L2_m: 3.698, Yaw_err_deg: 2.575
Epoch: [9/25], Batch: 2190/2963, Loss: 230.647, Trans_L2_m: 3.297, Yaw_err_deg: 2.026
Epoch: [9/25], Batch: 2200/2963, Loss: 163.686, Trans_L2_m: 2.256, Yaw_err_deg: 1.605
Epoch: [9/25], Batch: 2210/2963, Loss: 122.897, Trans_L2_m: 1.747, Yaw_err_deg: 1.595
Epoch: [9/25], Batch: 2220/2963, Loss: 185.147, Trans_L2_m: 2.598, Yaw_err_deg: 1.518
Epoch: [9/25], Batch: 2230/2963, Loss: 154.502, Trans_L2_m: 2.346, Yaw_err_deg: 1.940
Epoch: [9/25], Batch: 2240/2963, Loss: 110.542, Trans_L2_m: 1.952, Yaw_err_deg: 1.413
Epoch: [9/25], Batch: 2250/2963, Loss: 186.765, Trans_L2_m: 3.109, Yaw_err_deg: 2.287
Epoch: [9/25], Batch: 2260/2963, Loss: 213.301, Trans_L2_m: 3.134, Yaw_err_deg: 2.113
Epoch: [9/25], Batch: 2270/2963, Loss: 175.638, Trans_L2_m: 2.732, Yaw_err_deg: 1.671
Epoch: [9/25], Batch: 2280/2963, Loss: 170.841, Trans_L2_m: 2.436, Yaw_err_deg: 1.505
Epoch: [9/25], Batch: 2290/2963, Loss: 192.954, Trans_L2_m: 2.318, Yaw_err_deg: 2.205
Epoch: [9/25], Batch: 2300/2963, Loss: 180.905, Trans_L2_m: 3.024, Yaw_err_deg: 1.613
Epoch: [9/25], Batch: 2310/2963, Loss: 191.489, Trans_L2_m: 2.964, Yaw_err_deg: 1.920
Epoch: [9/25], Batch: 2320/2963, Loss: 412.595, Trans_L2_m: 3.754, Yaw_err_deg: 1.135
Epoch: [9/25], Batch: 2330/2963, Loss: 113.747, Trans_L2_m: 1.837, Yaw_err_deg: 1.187
Epoch: [9/25], Batch: 2340/2963, Loss: 197.789, Trans_L2_m: 2.948, Yaw_err_deg: 1.786
Epoch: [9/25], Batch: 2350/2963, Loss: 184.374, Trans_L2_m: 2.580, Yaw_err_deg: 1.832
Epoch: [9/25], Batch: 2360/2963, Loss: 197.656, Trans_L2_m: 2.969, Yaw_err_deg: 1.379
Epoch: [9/25], Batch: 2370/2963, Loss: 777.249, Trans_L2_m: 6.294, Yaw_err_deg: 1.540
Epoch: [9/25], Batch: 2380/2963, Loss: 413.250, Trans_L2_m: 4.501, Yaw_err_deg: 1.598
Epoch: [9/25], Batch: 2390/2963, Loss: 134.953, Trans_L2_m: 2.044, Yaw_err_deg: 1.493
Epoch: [9/25], Batch: 2400/2963, Loss: 187.194, Trans_L2_m: 3.107, Yaw_err_deg: 1.479
Epoch: [9/25], Batch: 2410/2963, Loss: 136.192, Trans_L2_m: 2.728, Yaw_err_deg: 1.040
Epoch: [9/25], Batch: 2420/2963, Loss: 226.535, Trans_L2_m: 3.733, Yaw_err_deg: 1.128
Epoch: [9/25], Batch: 2430/2963, Loss: 216.142, Trans_L2_m: 2.320, Yaw_err_deg: 2.343
Epoch: [9/25], Batch: 2440/2963, Loss: 407.909, Trans_L2_m: 4.507, Yaw_err_deg: 2.937
Epoch: [9/25], Batch: 2450/2963, Loss: 316.013, Trans_L2_m: 3.462, Yaw_err_deg: 2.049
Epoch: [9/25], Batch: 2460/2963, Loss: 140.301, Trans_L2_m: 2.213, Yaw_err_deg: 1.171
Epoch: [9/25], Batch: 2470/2963, Loss: 190.471, Trans_L2_m: 3.136, Yaw_err_deg: 1.394
Epoch: [9/25], Batch: 2480/2963, Loss: 169.414, Trans_L2_m: 2.668, Yaw_err_deg: 1.801
Epoch: [9/25], Batch: 2490/2963, Loss: 765.147, Trans_L2_m: 6.088, Yaw_err_deg: 1.494
Epoch: [9/25], Batch: 2500/2963, Loss: 211.885, Trans_L2_m: 3.350, Yaw_err_deg: 1.598
Epoch: [9/25], Batch: 2510/2963, Loss: 127.067, Trans_L2_m: 2.241, Yaw_err_deg: 1.355
Epoch: [9/25], Batch: 2520/2963, Loss: 146.908, Trans_L2_m: 1.841, Yaw_err_deg: 1.901
Epoch: [9/25], Batch: 2530/2963, Loss: 220.809, Trans_L2_m: 2.159, Yaw_err_deg: 2.411
Epoch: [9/25], Batch: 2540/2963, Loss: 260.810, Trans_L2_m: 2.897, Yaw_err_deg: 1.789
Epoch: [9/25], Batch: 2550/2963, Loss: 183.608, Trans_L2_m: 2.448, Yaw_err_deg: 1.774
Epoch: [9/25], Batch: 2560/2963, Loss: 134.147, Trans_L2_m: 2.045, Yaw_err_deg: 1.783
Epoch: [9/25], Batch: 2570/2963, Loss: 171.083, Trans_L2_m: 2.314, Yaw_err_deg: 1.842
Epoch: [9/25], Batch: 2580/2963, Loss: 283.733, Trans_L2_m: 3.770, Yaw_err_deg: 1.320
Epoch: [9/25], Batch: 2590/2963, Loss: 185.179, Trans_L2_m: 2.535, Yaw_err_deg: 2.099
Epoch: [9/25], Batch: 2600/2963, Loss: 117.000, Trans_L2_m: 1.971, Yaw_err_deg: 1.426
Epoch: [9/25], Batch: 2610/2963, Loss: 151.428, Trans_L2_m: 2.624, Yaw_err_deg: 1.270
Epoch: [9/25], Batch: 2620/2963, Loss: 191.177, Trans_L2_m: 3.107, Yaw_err_deg: 1.259
Epoch: [9/25], Batch: 2630/2963, Loss: 204.951, Trans_L2_m: 2.516, Yaw_err_deg: 1.697
Epoch: [9/25], Batch: 2640/2963, Loss: 141.758, Trans_L2_m: 2.151, Yaw_err_deg: 1.288
Epoch: [9/25], Batch: 2650/2963, Loss: 584.430, Trans_L2_m: 4.870, Yaw_err_deg: 1.543
Epoch: [9/25], Batch: 2660/2963, Loss: 272.727, Trans_L2_m: 3.596, Yaw_err_deg: 1.854
Epoch: [9/25], Batch: 2670/2963, Loss: 141.312, Trans_L2_m: 2.645, Yaw_err_deg: 0.999
Epoch: [9/25], Batch: 2680/2963, Loss: 170.242, Trans_L2_m: 2.563, Yaw_err_deg: 1.838
Epoch: [9/25], Batch: 2690/2963, Loss: 187.331, Trans_L2_m: 2.387, Yaw_err_deg: 2.068
Epoch: [9/25], Batch: 2700/2963, Loss: 105.505, Trans_L2_m: 1.574, Yaw_err_deg: 1.126
Epoch: [9/25], Batch: 2710/2963, Loss: 209.001, Trans_L2_m: 2.908, Yaw_err_deg: 1.285
Epoch: [9/25], Batch: 2720/2963, Loss: 357.889, Trans_L2_m: 4.292, Yaw_err_deg: 2.370
Epoch: [9/25], Batch: 2730/2963, Loss: 143.439, Trans_L2_m: 1.785, Yaw_err_deg: 2.173
Epoch: [9/25], Batch: 2740/2963, Loss: 147.092, Trans_L2_m: 2.152, Yaw_err_deg: 1.864
Epoch: [9/25], Batch: 2750/2963, Loss: 172.186, Trans_L2_m: 2.314, Yaw_err_deg: 2.028
Epoch: [9/25], Batch: 2760/2963, Loss: 221.152, Trans_L2_m: 2.400, Yaw_err_deg: 1.986
Epoch: [9/25], Batch: 2770/2963, Loss: 121.978, Trans_L2_m: 1.863, Yaw_err_deg: 1.550
Epoch: [9/25], Batch: 2780/2963, Loss: 180.854, Trans_L2_m: 2.469, Yaw_err_deg: 1.808
Epoch: [9/25], Batch: 2790/2963, Loss: 524.162, Trans_L2_m: 4.330, Yaw_err_deg: 1.710
Epoch: [9/25], Batch: 2800/2963, Loss: 219.723, Trans_L2_m: 3.691, Yaw_err_deg: 1.362
Epoch: [9/25], Batch: 2810/2963, Loss: 149.241, Trans_L2_m: 1.600, Yaw_err_deg: 2.099
Epoch: [9/25], Batch: 2820/2963, Loss: 222.183, Trans_L2_m: 2.993, Yaw_err_deg: 1.329
Epoch: [9/25], Batch: 2830/2963, Loss: 132.148, Trans_L2_m: 1.932, Yaw_err_deg: 1.489
Epoch: [9/25], Batch: 2840/2963, Loss: 161.995, Trans_L2_m: 2.411, Yaw_err_deg: 1.605
Epoch: [9/25], Batch: 2850/2963, Loss: 336.833, Trans_L2_m: 3.762, Yaw_err_deg: 2.074
Epoch: [9/25], Batch: 2860/2963, Loss: 313.436, Trans_L2_m: 3.548, Yaw_err_deg: 1.592
Epoch: [9/25], Batch: 2870/2963, Loss: 176.312, Trans_L2_m: 2.370, Yaw_err_deg: 1.631
Epoch: [9/25], Batch: 2880/2963, Loss: 123.837, Trans_L2_m: 1.854, Yaw_err_deg: 1.269
Epoch: [9/25], Batch: 2890/2963, Loss: 247.035, Trans_L2_m: 3.537, Yaw_err_deg: 1.948
Epoch: [9/25], Batch: 2900/2963, Loss: 339.191, Trans_L2_m: 3.638, Yaw_err_deg: 1.682
Epoch: [9/25], Batch: 2910/2963, Loss: 167.587, Trans_L2_m: 2.112, Yaw_err_deg: 1.690
Epoch: [9/25], Batch: 2920/2963, Loss: 176.944, Trans_L2_m: 1.548, Yaw_err_deg: 2.138
Epoch: [9/25], Batch: 2930/2963, Loss: 175.278, Trans_L2_m: 2.193, Yaw_err_deg: 1.193
Epoch: [9/25], Batch: 2940/2963, Loss: 163.479, Trans_L2_m: 2.691, Yaw_err_deg: 2.013
Epoch: [9/25], Batch: 2950/2963, Loss: 177.595, Trans_L2_m: 2.587, Yaw_err_deg: 1.404
Epoch: [9/25], Batch: 2960/2963, Loss: 173.449, Trans_L2_m: 2.969, Yaw_err_deg: 1.503
Epoch: [10/25], Batch: 0/2963, Loss: 209.883, Trans_L2_m: 2.287, Yaw_err_deg: 2.543
Epoch: [10/25], Batch: 10/2963, Loss: 152.636, Trans_L2_m: 1.998, Yaw_err_deg: 1.264
Epoch: [10/25], Batch: 20/2963, Loss: 409.590, Trans_L2_m: 3.991, Yaw_err_deg: 2.182
Epoch: [10/25], Batch: 30/2963, Loss: 141.165, Trans_L2_m: 1.991, Yaw_err_deg: 1.437
Epoch: [10/25], Batch: 40/2963, Loss: 880.822, Trans_L2_m: 5.867, Yaw_err_deg: 1.872
Epoch: [10/25], Batch: 50/2963, Loss: 135.971, Trans_L2_m: 2.264, Yaw_err_deg: 1.736
Epoch: [10/25], Batch: 60/2963, Loss: 121.922, Trans_L2_m: 1.395, Yaw_err_deg: 1.420
Epoch: [10/25], Batch: 70/2963, Loss: 160.243, Trans_L2_m: 2.423, Yaw_err_deg: 1.421
Epoch: [10/25], Batch: 80/2963, Loss: 127.487, Trans_L2_m: 1.928, Yaw_err_deg: 1.458
Epoch: [10/25], Batch: 90/2963, Loss: 141.923, Trans_L2_m: 2.064, Yaw_err_deg: 1.723
Epoch: [10/25], Batch: 100/2963, Loss: 453.959, Trans_L2_m: 4.651, Yaw_err_deg: 1.822
Epoch: [10/25], Batch: 110/2963, Loss: 161.784, Trans_L2_m: 2.382, Yaw_err_deg: 1.379
Epoch: [10/25], Batch: 120/2963, Loss: 136.755, Trans_L2_m: 2.496, Yaw_err_deg: 1.453
Epoch: [10/25], Batch: 130/2963, Loss: 153.850, Trans_L2_m: 2.596, Yaw_err_deg: 1.275
Epoch: [10/25], Batch: 140/2963, Loss: 158.899, Trans_L2_m: 2.298, Yaw_err_deg: 1.773
Epoch: [10/25], Batch: 150/2963, Loss: 173.457, Trans_L2_m: 2.318, Yaw_err_deg: 2.233
Epoch: [10/25], Batch: 160/2963, Loss: 114.509, Trans_L2_m: 1.669, Yaw_err_deg: 1.716
Epoch: [10/25], Batch: 170/2963, Loss: 150.427, Trans_L2_m: 2.300, Yaw_err_deg: 1.463
Epoch: [10/25], Batch: 180/2963, Loss: 138.869, Trans_L2_m: 2.196, Yaw_err_deg: 2.178
Epoch: [10/25], Batch: 190/2963, Loss: 239.201, Trans_L2_m: 3.407, Yaw_err_deg: 2.459
Epoch: [10/25], Batch: 200/2963, Loss: 419.298, Trans_L2_m: 4.487, Yaw_err_deg: 2.055
Epoch: [10/25], Batch: 210/2963, Loss: 155.770, Trans_L2_m: 2.367, Yaw_err_deg: 2.299
Epoch: [10/25], Batch: 220/2963, Loss: 159.542, Trans_L2_m: 2.521, Yaw_err_deg: 1.839
Epoch: [10/25], Batch: 230/2963, Loss: 155.925, Trans_L2_m: 2.222, Yaw_err_deg: 1.613
Epoch: [10/25], Batch: 240/2963, Loss: 129.458, Trans_L2_m: 1.928, Yaw_err_deg: 1.356
Epoch: [10/25], Batch: 250/2963, Loss: 155.309, Trans_L2_m: 2.182, Yaw_err_deg: 2.206
Epoch: [10/25], Batch: 260/2963, Loss: 150.409, Trans_L2_m: 2.276, Yaw_err_deg: 1.586
Epoch: [10/25], Batch: 270/2963, Loss: 171.664, Trans_L2_m: 2.240, Yaw_err_deg: 1.178
Epoch: [10/25], Batch: 280/2963, Loss: 137.355, Trans_L2_m: 1.866, Yaw_err_deg: 1.666
Epoch: [10/25], Batch: 290/2963, Loss: 134.004, Trans_L2_m: 1.726, Yaw_err_deg: 1.621
Epoch: [10/25], Batch: 300/2963, Loss: 176.345, Trans_L2_m: 2.806, Yaw_err_deg: 1.422
Epoch: [10/25], Batch: 310/2963, Loss: 178.051, Trans_L2_m: 3.277, Yaw_err_deg: 1.002
Epoch: [10/25], Batch: 320/2963, Loss: 142.818, Trans_L2_m: 2.287, Yaw_err_deg: 1.397
Epoch: [10/25], Batch: 330/2963, Loss: 165.524, Trans_L2_m: 2.916, Yaw_err_deg: 1.501
Epoch: [10/25], Batch: 340/2963, Loss: 301.438, Trans_L2_m: 4.820, Yaw_err_deg: 1.865
Epoch: [10/25], Batch: 350/2963, Loss: 151.409, Trans_L2_m: 2.515, Yaw_err_deg: 1.503
Epoch: [10/25], Batch: 360/2963, Loss: 615.441, Trans_L2_m: 3.277, Yaw_err_deg: 2.980
Epoch: [10/25], Batch: 370/2963, Loss: 200.384, Trans_L2_m: 3.631, Yaw_err_deg: 1.342
Epoch: [10/25], Batch: 380/2963, Loss: 176.445, Trans_L2_m: 2.351, Yaw_err_deg: 1.927
Epoch: [10/25], Batch: 390/2963, Loss: 153.535, Trans_L2_m: 2.511, Yaw_err_deg: 1.950
Epoch: [10/25], Batch: 400/2963, Loss: 146.811, Trans_L2_m: 1.952, Yaw_err_deg: 1.706
Epoch: [10/25], Batch: 410/2963, Loss: 186.896, Trans_L2_m: 2.482, Yaw_err_deg: 1.874
Epoch: [10/25], Batch: 420/2963, Loss: 151.038, Trans_L2_m: 2.081, Yaw_err_deg: 1.915
Epoch: [10/25], Batch: 430/2963, Loss: 180.149, Trans_L2_m: 2.137, Yaw_err_deg: 2.773
Epoch: [10/25], Batch: 440/2963, Loss: 163.082, Trans_L2_m: 2.248, Yaw_err_deg: 1.822
Epoch: [10/25], Batch: 450/2963, Loss: 129.552, Trans_L2_m: 1.996, Yaw_err_deg: 1.290
Epoch: [10/25], Batch: 460/2963, Loss: 148.716, Trans_L2_m: 2.020, Yaw_err_deg: 2.057
Epoch: [10/25], Batch: 470/2963, Loss: 178.168, Trans_L2_m: 2.402, Yaw_err_deg: 1.796
Epoch: [10/25], Batch: 480/2963, Loss: 126.412, Trans_L2_m: 1.962, Yaw_err_deg: 1.029
Epoch: [10/25], Batch: 490/2963, Loss: 97.810, Trans_L2_m: 1.333, Yaw_err_deg: 0.801
Epoch: [10/25], Batch: 500/2963, Loss: 193.788, Trans_L2_m: 2.415, Yaw_err_deg: 2.216
Epoch: [10/25], Batch: 510/2963, Loss: 111.057, Trans_L2_m: 1.900, Yaw_err_deg: 1.325
Epoch: [10/25], Batch: 520/2963, Loss: 139.807, Trans_L2_m: 1.657, Yaw_err_deg: 1.647
Epoch: [10/25], Batch: 530/2963, Loss: 214.766, Trans_L2_m: 2.219, Yaw_err_deg: 1.755
Epoch: [10/25], Batch: 540/2963, Loss: 183.011, Trans_L2_m: 2.352, Yaw_err_deg: 1.779
Epoch: [10/25], Batch: 550/2963, Loss: 140.485, Trans_L2_m: 2.057, Yaw_err_deg: 1.665
Epoch: [10/25], Batch: 560/2963, Loss: 227.241, Trans_L2_m: 2.949, Yaw_err_deg: 2.076
Epoch: [10/25], Batch: 570/2963, Loss: 161.029, Trans_L2_m: 2.178, Yaw_err_deg: 1.101
Epoch: [10/25], Batch: 580/2963, Loss: 250.763, Trans_L2_m: 3.146, Yaw_err_deg: 1.778
Epoch: [10/25], Batch: 590/2963, Loss: 133.205, Trans_L2_m: 2.024, Yaw_err_deg: 1.002
Epoch: [10/25], Batch: 600/2963, Loss: 219.942, Trans_L2_m: 2.912, Yaw_err_deg: 1.467
Epoch: [10/25], Batch: 610/2963, Loss: 272.406, Trans_L2_m: 2.728, Yaw_err_deg: 1.808
Epoch: [10/25], Batch: 620/2963, Loss: 205.249, Trans_L2_m: 2.301, Yaw_err_deg: 2.027
Epoch: [10/25], Batch: 630/2963, Loss: 162.759, Trans_L2_m: 2.046, Yaw_err_deg: 1.575
Epoch: [10/25], Batch: 640/2963, Loss: 163.421, Trans_L2_m: 2.366, Yaw_err_deg: 1.716
Epoch: [10/25], Batch: 650/2963, Loss: 450.278, Trans_L2_m: 4.372, Yaw_err_deg: 0.832
Epoch: [10/25], Batch: 660/2963, Loss: 113.787, Trans_L2_m: 1.677, Yaw_err_deg: 0.874
Epoch: [10/25], Batch: 670/2963, Loss: 269.192, Trans_L2_m: 3.039, Yaw_err_deg: 1.516
Epoch: [10/25], Batch: 680/2963, Loss: 111.319, Trans_L2_m: 1.886, Yaw_err_deg: 1.262
Epoch: [10/25], Batch: 690/2963, Loss: 134.623, Trans_L2_m: 2.252, Yaw_err_deg: 1.965
Epoch: [10/25], Batch: 700/2963, Loss: 138.893, Trans_L2_m: 2.095, Yaw_err_deg: 1.537
Epoch: [10/25], Batch: 710/2963, Loss: 147.686, Trans_L2_m: 2.436, Yaw_err_deg: 1.239
Epoch: [10/25], Batch: 720/2963, Loss: 525.249, Trans_L2_m: 3.333, Yaw_err_deg: 2.237
Epoch: [10/25], Batch: 730/2963, Loss: 109.516, Trans_L2_m: 1.737, Yaw_err_deg: 1.137
Epoch: [10/25], Batch: 740/2963, Loss: 155.121, Trans_L2_m: 2.744, Yaw_err_deg: 1.734
Epoch: [10/25], Batch: 750/2963, Loss: 173.783, Trans_L2_m: 2.972, Yaw_err_deg: 1.324
Epoch: [10/25], Batch: 760/2963, Loss: 156.976, Trans_L2_m: 2.412, Yaw_err_deg: 1.859
Epoch: [10/25], Batch: 770/2963, Loss: 263.518, Trans_L2_m: 3.494, Yaw_err_deg: 0.769
Epoch: [10/25], Batch: 780/2963, Loss: 160.124, Trans_L2_m: 2.661, Yaw_err_deg: 1.659
Epoch: [10/25], Batch: 790/2963, Loss: 172.003, Trans_L2_m: 1.884, Yaw_err_deg: 2.444
Epoch: [10/25], Batch: 800/2963, Loss: 198.987, Trans_L2_m: 2.422, Yaw_err_deg: 1.382
Epoch: [10/25], Batch: 810/2963, Loss: 147.617, Trans_L2_m: 2.417, Yaw_err_deg: 1.371
Epoch: [10/25], Batch: 820/2963, Loss: 196.194, Trans_L2_m: 2.552, Yaw_err_deg: 1.434
Epoch: [10/25], Batch: 830/2963, Loss: 187.774, Trans_L2_m: 2.045, Yaw_err_deg: 2.257
Epoch: [10/25], Batch: 840/2963, Loss: 158.608, Trans_L2_m: 1.975, Yaw_err_deg: 1.965
Epoch: [10/25], Batch: 850/2963, Loss: 143.216, Trans_L2_m: 2.466, Yaw_err_deg: 1.454
Epoch: [10/25], Batch: 860/2963, Loss: 163.202, Trans_L2_m: 2.109, Yaw_err_deg: 1.394
Epoch: [10/25], Batch: 870/2963, Loss: 231.064, Trans_L2_m: 3.157, Yaw_err_deg: 2.192
Epoch: [10/25], Batch: 880/2963, Loss: 229.049, Trans_L2_m: 2.941, Yaw_err_deg: 1.232
Epoch: [10/25], Batch: 890/2963, Loss: 143.780, Trans_L2_m: 2.215, Yaw_err_deg: 1.578
Epoch: [10/25], Batch: 900/2963, Loss: 132.609, Trans_L2_m: 2.301, Yaw_err_deg: 1.346
Epoch: [10/25], Batch: 910/2963, Loss: 276.297, Trans_L2_m: 3.267, Yaw_err_deg: 1.466
Epoch: [10/25], Batch: 920/2963, Loss: 504.460, Trans_L2_m: 4.303, Yaw_err_deg: 1.852
Epoch: [10/25], Batch: 930/2963, Loss: 187.710, Trans_L2_m: 2.657, Yaw_err_deg: 1.741
Epoch: [10/25], Batch: 940/2963, Loss: 182.077, Trans_L2_m: 2.229, Yaw_err_deg: 1.637
Epoch: [10/25], Batch: 950/2963, Loss: 180.589, Trans_L2_m: 2.302, Yaw_err_deg: 1.896
Epoch: [10/25], Batch: 960/2963, Loss: 122.367, Trans_L2_m: 2.156, Yaw_err_deg: 1.231
Epoch: [10/25], Batch: 970/2963, Loss: 138.354, Trans_L2_m: 2.296, Yaw_err_deg: 1.243
Epoch: [10/25], Batch: 980/2963, Loss: 181.834, Trans_L2_m: 3.071, Yaw_err_deg: 1.603
Epoch: [10/25], Batch: 990/2963, Loss: 171.083, Trans_L2_m: 1.751, Yaw_err_deg: 2.375
Epoch: [10/25], Batch: 1000/2963, Loss: 211.838, Trans_L2_m: 3.224, Yaw_err_deg: 1.438
Epoch: [10/25], Batch: 1010/2963, Loss: 171.621, Trans_L2_m: 1.879, Yaw_err_deg: 1.979
Epoch: [10/25], Batch: 1020/2963, Loss: 194.666, Trans_L2_m: 2.958, Yaw_err_deg: 1.559
Epoch: [10/25], Batch: 1030/2963, Loss: 137.739, Trans_L2_m: 2.254, Yaw_err_deg: 2.079
Epoch: [10/25], Batch: 1040/2963, Loss: 166.066, Trans_L2_m: 2.348, Yaw_err_deg: 1.430
Epoch: [10/25], Batch: 1050/2963, Loss: 141.452, Trans_L2_m: 2.140, Yaw_err_deg: 1.627
Epoch: [10/25], Batch: 1060/2963, Loss: 145.597, Trans_L2_m: 1.737, Yaw_err_deg: 1.535
Epoch: [10/25], Batch: 1070/2963, Loss: 132.643, Trans_L2_m: 1.920, Yaw_err_deg: 1.492
Epoch: [10/25], Batch: 1080/2963, Loss: 153.699, Trans_L2_m: 2.489, Yaw_err_deg: 1.061
Epoch: [10/25], Batch: 1090/2963, Loss: 212.185, Trans_L2_m: 3.153, Yaw_err_deg: 1.706
Epoch: [10/25], Batch: 1100/2963, Loss: 202.848, Trans_L2_m: 2.595, Yaw_err_deg: 1.771
Epoch: [10/25], Batch: 1110/2963, Loss: 144.124, Trans_L2_m: 1.300, Yaw_err_deg: 1.626
Epoch: [10/25], Batch: 1120/2963, Loss: 149.633, Trans_L2_m: 2.314, Yaw_err_deg: 1.699
Epoch: [10/25], Batch: 1130/2963, Loss: 141.270, Trans_L2_m: 1.504, Yaw_err_deg: 1.872
Epoch: [10/25], Batch: 1140/2963, Loss: 215.952, Trans_L2_m: 3.072, Yaw_err_deg: 1.584
Epoch: [10/25], Batch: 1150/2963, Loss: 220.276, Trans_L2_m: 2.647, Yaw_err_deg: 2.481
Epoch: [10/25], Batch: 1160/2963, Loss: 106.436, Trans_L2_m: 1.606, Yaw_err_deg: 1.359
Epoch: [10/25], Batch: 1170/2963, Loss: 177.868, Trans_L2_m: 2.648, Yaw_err_deg: 1.319
Epoch: [10/25], Batch: 1180/2963, Loss: 189.297, Trans_L2_m: 2.483, Yaw_err_deg: 1.299
Epoch: [10/25], Batch: 1190/2963, Loss: 171.263, Trans_L2_m: 2.741, Yaw_err_deg: 1.720
Epoch: [10/25], Batch: 1200/2963, Loss: 127.461, Trans_L2_m: 1.732, Yaw_err_deg: 1.801
Epoch: [10/25], Batch: 1210/2963, Loss: 153.746, Trans_L2_m: 1.870, Yaw_err_deg: 1.620
Epoch: [10/25], Batch: 1220/2963, Loss: 126.258, Trans_L2_m: 1.944, Yaw_err_deg: 1.585
Epoch: [10/25], Batch: 1230/2963, Loss: 145.409, Trans_L2_m: 2.619, Yaw_err_deg: 1.348
Epoch: [10/25], Batch: 1240/2963, Loss: 141.918, Trans_L2_m: 2.064, Yaw_err_deg: 1.974
Epoch: [10/25], Batch: 1250/2963, Loss: 166.270, Trans_L2_m: 2.420, Yaw_err_deg: 2.123
Epoch: [10/25], Batch: 1260/2963, Loss: 215.788, Trans_L2_m: 3.107, Yaw_err_deg: 1.326
Epoch: [10/25], Batch: 1270/2963, Loss: 117.262, Trans_L2_m: 2.150, Yaw_err_deg: 1.470
Epoch: [10/25], Batch: 1280/2963, Loss: 214.317, Trans_L2_m: 3.223, Yaw_err_deg: 2.013
Epoch: [10/25], Batch: 1290/2963, Loss: 153.383, Trans_L2_m: 2.375, Yaw_err_deg: 1.467
Epoch: [10/25], Batch: 1300/2963, Loss: 186.100, Trans_L2_m: 2.942, Yaw_err_deg: 1.589
Epoch: [10/25], Batch: 1310/2963, Loss: 182.212, Trans_L2_m: 2.688, Yaw_err_deg: 1.811
Epoch: [10/25], Batch: 1320/2963, Loss: 192.326, Trans_L2_m: 3.451, Yaw_err_deg: 1.128
Epoch: [10/25], Batch: 1330/2963, Loss: 143.389, Trans_L2_m: 1.845, Yaw_err_deg: 1.855
Epoch: [10/25], Batch: 1340/2963, Loss: 182.242, Trans_L2_m: 2.900, Yaw_err_deg: 1.795
Epoch: [10/25], Batch: 1350/2963, Loss: 194.633, Trans_L2_m: 2.535, Yaw_err_deg: 1.286
Epoch: [10/25], Batch: 1360/2963, Loss: 112.282, Trans_L2_m: 1.699, Yaw_err_deg: 1.119
Epoch: [10/25], Batch: 1370/2963, Loss: 138.408, Trans_L2_m: 2.086, Yaw_err_deg: 1.541
Epoch: [10/25], Batch: 1380/2963, Loss: 123.953, Trans_L2_m: 1.698, Yaw_err_deg: 1.635
Epoch: [10/25], Batch: 1390/2963, Loss: 164.519, Trans_L2_m: 2.178, Yaw_err_deg: 1.557
Epoch: [10/25], Batch: 1400/2963, Loss: 154.253, Trans_L2_m: 2.301, Yaw_err_deg: 1.931
Epoch: [10/25], Batch: 1410/2963, Loss: 142.102, Trans_L2_m: 1.796, Yaw_err_deg: 1.921
Epoch: [10/25], Batch: 1420/2963, Loss: 152.777, Trans_L2_m: 2.062, Yaw_err_deg: 1.677
Epoch: [10/25], Batch: 1430/2963, Loss: 379.518, Trans_L2_m: 4.715, Yaw_err_deg: 1.489
Epoch: [10/25], Batch: 1440/2963, Loss: 177.381, Trans_L2_m: 2.934, Yaw_err_deg: 1.404
Epoch: [10/25], Batch: 1450/2963, Loss: 109.884, Trans_L2_m: 1.512, Yaw_err_deg: 0.802
Epoch: [10/25], Batch: 1460/2963, Loss: 126.077, Trans_L2_m: 2.116, Yaw_err_deg: 1.512
Epoch: [10/25], Batch: 1470/2963, Loss: 140.925, Trans_L2_m: 1.744, Yaw_err_deg: 1.679
Epoch: [10/25], Batch: 1480/2963, Loss: 149.898, Trans_L2_m: 2.021, Yaw_err_deg: 1.713
Epoch: [10/25], Batch: 1490/2963, Loss: 115.290, Trans_L2_m: 1.789, Yaw_err_deg: 1.684
Epoch: [10/25], Batch: 1500/2963, Loss: 173.039, Trans_L2_m: 2.114, Yaw_err_deg: 2.039
Epoch: [10/25], Batch: 1510/2963, Loss: 263.791, Trans_L2_m: 3.083, Yaw_err_deg: 1.258
Epoch: [10/25], Batch: 1520/2963, Loss: 157.682, Trans_L2_m: 2.151, Yaw_err_deg: 2.046
Epoch: [10/25], Batch: 1530/2963, Loss: 152.067, Trans_L2_m: 2.309, Yaw_err_deg: 1.179
Epoch: [10/25], Batch: 1540/2963, Loss: 169.133, Trans_L2_m: 2.432, Yaw_err_deg: 2.204
Epoch: [10/25], Batch: 1550/2963, Loss: 154.217, Trans_L2_m: 2.190, Yaw_err_deg: 1.967
Epoch: [10/25], Batch: 1560/2963, Loss: 288.041, Trans_L2_m: 3.635, Yaw_err_deg: 1.907
Epoch: [10/25], Batch: 1570/2963, Loss: 399.859, Trans_L2_m: 3.677, Yaw_err_deg: 1.652
Epoch: [10/25], Batch: 1580/2963, Loss: 136.436, Trans_L2_m: 2.184, Yaw_err_deg: 1.535
Epoch: [10/25], Batch: 1590/2963, Loss: 143.430, Trans_L2_m: 2.123, Yaw_err_deg: 1.226
Epoch: [10/25], Batch: 1600/2963, Loss: 138.728, Trans_L2_m: 1.994, Yaw_err_deg: 1.566
Epoch: [10/25], Batch: 1610/2963, Loss: 154.322, Trans_L2_m: 2.134, Yaw_err_deg: 1.451
Epoch: [10/25], Batch: 1620/2963, Loss: 181.861, Trans_L2_m: 2.901, Yaw_err_deg: 1.248
Epoch: [10/25], Batch: 1630/2963, Loss: 178.155, Trans_L2_m: 2.287, Yaw_err_deg: 1.652
Epoch: [10/25], Batch: 1640/2963, Loss: 152.053, Trans_L2_m: 2.214, Yaw_err_deg: 1.269
Epoch: [10/25], Batch: 1650/2963, Loss: 197.274, Trans_L2_m: 2.207, Yaw_err_deg: 1.801
Epoch: [10/25], Batch: 1660/2963, Loss: 192.086, Trans_L2_m: 2.224, Yaw_err_deg: 1.622
Epoch: [10/25], Batch: 1670/2963, Loss: 162.376, Trans_L2_m: 2.288, Yaw_err_deg: 2.401
Epoch: [10/25], Batch: 1680/2963, Loss: 164.482, Trans_L2_m: 1.818, Yaw_err_deg: 1.974
Epoch: [10/25], Batch: 1690/2963, Loss: 126.324, Trans_L2_m: 1.869, Yaw_err_deg: 1.423
Epoch: [10/25], Batch: 1700/2963, Loss: 261.023, Trans_L2_m: 2.618, Yaw_err_deg: 1.556
Epoch: [10/25], Batch: 1710/2963, Loss: 148.100, Trans_L2_m: 2.133, Yaw_err_deg: 1.617
Epoch: [10/25], Batch: 1720/2963, Loss: 131.438, Trans_L2_m: 2.220, Yaw_err_deg: 1.422
Epoch: [10/25], Batch: 1730/2963, Loss: 241.200, Trans_L2_m: 3.513, Yaw_err_deg: 1.365
Epoch: [10/25], Batch: 1740/2963, Loss: 129.669, Trans_L2_m: 1.613, Yaw_err_deg: 1.979
Epoch: [10/25], Batch: 1750/2963, Loss: 324.869, Trans_L2_m: 3.501, Yaw_err_deg: 2.017
Epoch: [10/25], Batch: 1760/2963, Loss: 139.261, Trans_L2_m: 2.263, Yaw_err_deg: 1.575
Epoch: [10/25], Batch: 1770/2963, Loss: 133.586, Trans_L2_m: 2.025, Yaw_err_deg: 1.593
Epoch: [10/25], Batch: 1780/2963, Loss: 178.839, Trans_L2_m: 2.840, Yaw_err_deg: 1.330
Epoch: [10/25], Batch: 1790/2963, Loss: 169.482, Trans_L2_m: 2.399, Yaw_err_deg: 1.441
Epoch: [10/25], Batch: 1800/2963, Loss: 344.628, Trans_L2_m: 3.517, Yaw_err_deg: 1.432
Epoch: [10/25], Batch: 1810/2963, Loss: 182.968, Trans_L2_m: 2.112, Yaw_err_deg: 2.584
Epoch: [10/25], Batch: 1820/2963, Loss: 138.562, Trans_L2_m: 2.335, Yaw_err_deg: 1.663
Epoch: [10/25], Batch: 1830/2963, Loss: 135.304, Trans_L2_m: 1.731, Yaw_err_deg: 1.478
Epoch: [10/25], Batch: 1840/2963, Loss: 137.043, Trans_L2_m: 2.440, Yaw_err_deg: 1.339
Epoch: [10/25], Batch: 1850/2963, Loss: 247.560, Trans_L2_m: 3.409, Yaw_err_deg: 2.239
Epoch: [10/25], Batch: 1860/2963, Loss: 331.164, Trans_L2_m: 4.289, Yaw_err_deg: 1.358
Epoch: [10/25], Batch: 1870/2963, Loss: 200.624, Trans_L2_m: 3.002, Yaw_err_deg: 1.358
Epoch: [10/25], Batch: 1880/2963, Loss: 424.416, Trans_L2_m: 3.966, Yaw_err_deg: 1.440
Epoch: [10/25], Batch: 1890/2963, Loss: 124.889, Trans_L2_m: 1.752, Yaw_err_deg: 1.576
Epoch: [10/25], Batch: 1900/2963, Loss: 123.036, Trans_L2_m: 1.293, Yaw_err_deg: 2.058
Epoch: [10/25], Batch: 1910/2963, Loss: 172.189, Trans_L2_m: 2.316, Yaw_err_deg: 1.281
Epoch: [10/25], Batch: 1920/2963, Loss: 140.750, Trans_L2_m: 2.162, Yaw_err_deg: 1.454
Epoch: [10/25], Batch: 1930/2963, Loss: 141.153, Trans_L2_m: 2.115, Yaw_err_deg: 1.511
Epoch: [10/25], Batch: 1940/2963, Loss: 167.968, Trans_L2_m: 2.716, Yaw_err_deg: 1.666
Epoch: [10/25], Batch: 1950/2963, Loss: 126.112, Trans_L2_m: 1.710, Yaw_err_deg: 1.937
Epoch: [10/25], Batch: 1960/2963, Loss: 153.804, Trans_L2_m: 2.257, Yaw_err_deg: 1.189
Epoch: [10/25], Batch: 1970/2963, Loss: 127.878, Trans_L2_m: 1.768, Yaw_err_deg: 1.448
Epoch: [10/25], Batch: 1980/2963, Loss: 132.465, Trans_L2_m: 2.323, Yaw_err_deg: 1.488
Epoch: [10/25], Batch: 1990/2963, Loss: 150.315, Trans_L2_m: 1.691, Yaw_err_deg: 1.972
Epoch: [10/25], Batch: 2000/2963, Loss: 123.297, Trans_L2_m: 1.681, Yaw_err_deg: 1.608
Epoch: [10/25], Batch: 2010/2963, Loss: 168.885, Trans_L2_m: 2.766, Yaw_err_deg: 1.897
Epoch: [10/25], Batch: 2020/2963, Loss: 135.898, Trans_L2_m: 2.334, Yaw_err_deg: 1.457
Epoch: [10/25], Batch: 2030/2963, Loss: 159.593, Trans_L2_m: 1.952, Yaw_err_deg: 2.107
Epoch: [10/25], Batch: 2040/2963, Loss: 463.804, Trans_L2_m: 3.917, Yaw_err_deg: 1.604
Epoch: [10/25], Batch: 2050/2963, Loss: 137.577, Trans_L2_m: 2.195, Yaw_err_deg: 1.685
Epoch: [10/25], Batch: 2060/2963, Loss: 214.104, Trans_L2_m: 3.145, Yaw_err_deg: 0.969
Epoch: [10/25], Batch: 2070/2963, Loss: 177.854, Trans_L2_m: 1.733, Yaw_err_deg: 3.049
Epoch: [10/25], Batch: 2080/2963, Loss: 148.075, Trans_L2_m: 2.360, Yaw_err_deg: 1.580
Epoch: [10/25], Batch: 2090/2963, Loss: 129.569, Trans_L2_m: 1.815, Yaw_err_deg: 1.227
Epoch: [10/25], Batch: 2100/2963, Loss: 158.688, Trans_L2_m: 2.220, Yaw_err_deg: 1.443
Epoch: [10/25], Batch: 2110/2963, Loss: 211.972, Trans_L2_m: 2.733, Yaw_err_deg: 1.401
Epoch: [10/25], Batch: 2120/2963, Loss: 228.393, Trans_L2_m: 2.384, Yaw_err_deg: 1.343
Epoch: [10/25], Batch: 2130/2963, Loss: 131.084, Trans_L2_m: 1.518, Yaw_err_deg: 1.771
Epoch: [10/25], Batch: 2140/2963, Loss: 498.935, Trans_L2_m: 4.655, Yaw_err_deg: 1.663
Epoch: [10/25], Batch: 2150/2963, Loss: 122.475, Trans_L2_m: 1.869, Yaw_err_deg: 1.621
Epoch: [10/25], Batch: 2160/2963, Loss: 142.600, Trans_L2_m: 1.995, Yaw_err_deg: 1.153
Epoch: [10/25], Batch: 2170/2963, Loss: 198.099, Trans_L2_m: 2.694, Yaw_err_deg: 1.515
Epoch: [10/25], Batch: 2180/2963, Loss: 300.638, Trans_L2_m: 2.947, Yaw_err_deg: 1.486
Epoch: [10/25], Batch: 2190/2963, Loss: 101.240, Trans_L2_m: 1.572, Yaw_err_deg: 1.483
Epoch: [10/25], Batch: 2200/2963, Loss: 186.960, Trans_L2_m: 2.239, Yaw_err_deg: 1.784
Epoch: [10/25], Batch: 2210/2963, Loss: 151.081, Trans_L2_m: 1.994, Yaw_err_deg: 1.837
Epoch: [10/25], Batch: 2220/2963, Loss: 134.247, Trans_L2_m: 2.119, Yaw_err_deg: 2.114
Epoch: [10/25], Batch: 2230/2963, Loss: 152.545, Trans_L2_m: 2.714, Yaw_err_deg: 1.069
Epoch: [10/25], Batch: 2240/2963, Loss: 121.797, Trans_L2_m: 1.831, Yaw_err_deg: 1.448
Epoch: [10/25], Batch: 2250/2963, Loss: 135.442, Trans_L2_m: 1.789, Yaw_err_deg: 1.597
Epoch: [10/25], Batch: 2260/2963, Loss: 233.886, Trans_L2_m: 2.374, Yaw_err_deg: 1.896
Epoch: [10/25], Batch: 2270/2963, Loss: 145.166, Trans_L2_m: 2.030, Yaw_err_deg: 1.536
Epoch: [10/25], Batch: 2280/2963, Loss: 174.560, Trans_L2_m: 2.120, Yaw_err_deg: 2.040
Epoch: [10/25], Batch: 2290/2963, Loss: 147.699, Trans_L2_m: 2.300, Yaw_err_deg: 1.876
Epoch: [10/25], Batch: 2300/2963, Loss: 132.895, Trans_L2_m: 2.171, Yaw_err_deg: 1.058
Epoch: [10/25], Batch: 2310/2963, Loss: 260.808, Trans_L2_m: 3.333, Yaw_err_deg: 1.459
Epoch: [10/25], Batch: 2320/2963, Loss: 144.667, Trans_L2_m: 1.792, Yaw_err_deg: 1.839
Epoch: [10/25], Batch: 2330/2963, Loss: 126.505, Trans_L2_m: 1.974, Yaw_err_deg: 1.334
Epoch: [10/25], Batch: 2340/2963, Loss: 229.780, Trans_L2_m: 2.896, Yaw_err_deg: 1.302
Epoch: [10/25], Batch: 2350/2963, Loss: 132.850, Trans_L2_m: 1.534, Yaw_err_deg: 1.311
Epoch: [10/25], Batch: 2360/2963, Loss: 145.899, Trans_L2_m: 2.530, Yaw_err_deg: 1.560
Epoch: [10/25], Batch: 2370/2963, Loss: 137.718, Trans_L2_m: 1.806, Yaw_err_deg: 1.945
Epoch: [10/25], Batch: 2380/2963, Loss: 182.938, Trans_L2_m: 1.871, Yaw_err_deg: 2.636
Epoch: [10/25], Batch: 2390/2963, Loss: 207.366, Trans_L2_m: 2.767, Yaw_err_deg: 1.233
Epoch: [10/25], Batch: 2400/2963, Loss: 135.317, Trans_L2_m: 2.452, Yaw_err_deg: 1.335
Epoch: [10/25], Batch: 2410/2963, Loss: 137.062, Trans_L2_m: 1.967, Yaw_err_deg: 1.737
Epoch: [10/25], Batch: 2420/2963, Loss: 208.007, Trans_L2_m: 2.719, Yaw_err_deg: 2.256
Epoch: [10/25], Batch: 2430/2963, Loss: 156.573, Trans_L2_m: 2.123, Yaw_err_deg: 1.281
Epoch: [10/25], Batch: 2440/2963, Loss: 157.967, Trans_L2_m: 2.603, Yaw_err_deg: 0.990
Epoch: [10/25], Batch: 2450/2963, Loss: 502.392, Trans_L2_m: 5.111, Yaw_err_deg: 1.319
Epoch: [10/25], Batch: 2460/2963, Loss: 168.830, Trans_L2_m: 1.774, Yaw_err_deg: 1.978
Epoch: [10/25], Batch: 2470/2963, Loss: 171.904, Trans_L2_m: 2.771, Yaw_err_deg: 1.344
Epoch: [10/25], Batch: 2480/2963, Loss: 143.768, Trans_L2_m: 2.775, Yaw_err_deg: 1.334
Epoch: [10/25], Batch: 2490/2963, Loss: 205.377, Trans_L2_m: 3.067, Yaw_err_deg: 1.648
Epoch: [10/25], Batch: 2500/2963, Loss: 206.381, Trans_L2_m: 3.787, Yaw_err_deg: 1.017
Epoch: [10/25], Batch: 2510/2963, Loss: 156.613, Trans_L2_m: 2.658, Yaw_err_deg: 1.365
Epoch: [10/25], Batch: 2520/2963, Loss: 180.076, Trans_L2_m: 2.297, Yaw_err_deg: 2.308
Epoch: [10/25], Batch: 2530/2963, Loss: 124.019, Trans_L2_m: 1.817, Yaw_err_deg: 1.221
Epoch: [10/25], Batch: 2540/2963, Loss: 156.432, Trans_L2_m: 1.924, Yaw_err_deg: 2.201
Epoch: [10/25], Batch: 2550/2963, Loss: 113.315, Trans_L2_m: 1.263, Yaw_err_deg: 1.179
Epoch: [10/25], Batch: 2560/2963, Loss: 188.926, Trans_L2_m: 2.003, Yaw_err_deg: 2.428
Epoch: [10/25], Batch: 2570/2963, Loss: 305.574, Trans_L2_m: 3.228, Yaw_err_deg: 2.297
Epoch: [10/25], Batch: 2580/2963, Loss: 141.448, Trans_L2_m: 2.242, Yaw_err_deg: 1.195
Epoch: [10/25], Batch: 2590/2963, Loss: 129.475, Trans_L2_m: 1.964, Yaw_err_deg: 1.370
Epoch: [10/25], Batch: 2600/2963, Loss: 474.560, Trans_L2_m: 4.194, Yaw_err_deg: 1.763
Epoch: [10/25], Batch: 2610/2963, Loss: 134.676, Trans_L2_m: 1.874, Yaw_err_deg: 1.462
Epoch: [10/25], Batch: 2620/2963, Loss: 150.133, Trans_L2_m: 1.986, Yaw_err_deg: 1.814
Epoch: [10/25], Batch: 2630/2963, Loss: 115.307, Trans_L2_m: 1.855, Yaw_err_deg: 1.263
Epoch: [10/25], Batch: 2640/2963, Loss: 148.453, Trans_L2_m: 1.840, Yaw_err_deg: 1.983
Epoch: [10/25], Batch: 2650/2963, Loss: 191.827, Trans_L2_m: 2.745, Yaw_err_deg: 1.720
Epoch: [10/25], Batch: 2660/2963, Loss: 126.572, Trans_L2_m: 2.118, Yaw_err_deg: 1.524
Epoch: [10/25], Batch: 2670/2963, Loss: 158.381, Trans_L2_m: 2.252, Yaw_err_deg: 1.787
Epoch: [10/25], Batch: 2680/2963, Loss: 235.134, Trans_L2_m: 2.929, Yaw_err_deg: 1.757
Epoch: [10/25], Batch: 2690/2963, Loss: 196.785, Trans_L2_m: 2.947, Yaw_err_deg: 1.735
Epoch: [10/25], Batch: 2700/2963, Loss: 133.037, Trans_L2_m: 1.868, Yaw_err_deg: 1.195
Epoch: [10/25], Batch: 2710/2963, Loss: 599.232, Trans_L2_m: 4.665, Yaw_err_deg: 1.681
Epoch: [10/25], Batch: 2720/2963, Loss: 133.314, Trans_L2_m: 1.843, Yaw_err_deg: 1.308
Epoch: [10/25], Batch: 2730/2963, Loss: 195.042, Trans_L2_m: 2.702, Yaw_err_deg: 1.928
Epoch: [10/25], Batch: 2740/2963, Loss: 182.894, Trans_L2_m: 2.403, Yaw_err_deg: 1.942
Epoch: [10/25], Batch: 2750/2963, Loss: 132.738, Trans_L2_m: 2.209, Yaw_err_deg: 1.292
Epoch: [10/25], Batch: 2760/2963, Loss: 187.655, Trans_L2_m: 2.694, Yaw_err_deg: 1.635
Epoch: [10/25], Batch: 2770/2963, Loss: 213.343, Trans_L2_m: 2.335, Yaw_err_deg: 1.364
Epoch: [10/25], Batch: 2780/2963, Loss: 151.365, Trans_L2_m: 2.744, Yaw_err_deg: 1.096
Epoch: [10/25], Batch: 2790/2963, Loss: 162.150, Trans_L2_m: 2.286, Yaw_err_deg: 1.555
Epoch: [10/25], Batch: 2800/2963, Loss: 220.163, Trans_L2_m: 2.752, Yaw_err_deg: 2.169
Epoch: [10/25], Batch: 2810/2963, Loss: 120.356, Trans_L2_m: 2.071, Yaw_err_deg: 1.229
Epoch: [10/25], Batch: 2820/2963, Loss: 140.857, Trans_L2_m: 2.159, Yaw_err_deg: 1.964
Epoch: [10/25], Batch: 2830/2963, Loss: 215.945, Trans_L2_m: 2.793, Yaw_err_deg: 1.592
Epoch: [10/25], Batch: 2840/2963, Loss: 209.088, Trans_L2_m: 2.345, Yaw_err_deg: 2.489
Epoch: [10/25], Batch: 2850/2963, Loss: 195.566, Trans_L2_m: 2.377, Yaw_err_deg: 2.770
Epoch: [10/25], Batch: 2860/2963, Loss: 137.864, Trans_L2_m: 1.957, Yaw_err_deg: 1.512
Epoch: [10/25], Batch: 2870/2963, Loss: 163.558, Trans_L2_m: 3.229, Yaw_err_deg: 1.412
Epoch: [10/25], Batch: 2880/2963, Loss: 124.611, Trans_L2_m: 1.842, Yaw_err_deg: 1.705
Epoch: [10/25], Batch: 2890/2963, Loss: 189.627, Trans_L2_m: 2.883, Yaw_err_deg: 1.269
Epoch: [10/25], Batch: 2900/2963, Loss: 147.940, Trans_L2_m: 2.297, Yaw_err_deg: 1.221
Epoch: [10/25], Batch: 2910/2963, Loss: 133.627, Trans_L2_m: 1.951, Yaw_err_deg: 1.464
Epoch: [10/25], Batch: 2920/2963, Loss: 192.280, Trans_L2_m: 2.747, Yaw_err_deg: 2.005
Epoch: [10/25], Batch: 2930/2963, Loss: 150.276, Trans_L2_m: 2.244, Yaw_err_deg: 1.477
Epoch: [10/25], Batch: 2940/2963, Loss: 127.949, Trans_L2_m: 2.020, Yaw_err_deg: 1.694
Epoch: [10/25], Batch: 2950/2963, Loss: 190.165, Trans_L2_m: 2.482, Yaw_err_deg: 2.308
Epoch: [10/25], Batch: 2960/2963, Loss: 226.279, Trans_L2_m: 2.874, Yaw_err_deg: 2.136
Validation loss (homography): 4605.4748
Avg batch time: 1153.54 ms, total: 374.182 s
[1;94mSave the best of 4605.474609375, at checkpoints/2026_01_09_14_37_09_best_checkpoint_zod.pth[0m
Epoch: [11/25], Batch: 0/2963, Loss: 178.318, Trans_L2_m: 1.869, Yaw_err_deg: 2.572
Epoch: [11/25], Batch: 10/2963, Loss: 121.648, Trans_L2_m: 1.141, Yaw_err_deg: 1.555
Epoch: [11/25], Batch: 20/2963, Loss: 136.790, Trans_L2_m: 2.115, Yaw_err_deg: 1.572
Epoch: [11/25], Batch: 30/2963, Loss: 118.587, Trans_L2_m: 1.505, Yaw_err_deg: 1.425
Epoch: [11/25], Batch: 40/2963, Loss: 104.765, Trans_L2_m: 1.681, Yaw_err_deg: 1.218
Epoch: [11/25], Batch: 50/2963, Loss: 153.299, Trans_L2_m: 2.445, Yaw_err_deg: 1.770
Epoch: [11/25], Batch: 60/2963, Loss: 126.600, Trans_L2_m: 2.075, Yaw_err_deg: 1.136
Epoch: [11/25], Batch: 70/2963, Loss: 129.474, Trans_L2_m: 2.241, Yaw_err_deg: 1.583
Epoch: [11/25], Batch: 80/2963, Loss: 187.582, Trans_L2_m: 2.833, Yaw_err_deg: 2.496
Epoch: [11/25], Batch: 90/2963, Loss: 185.293, Trans_L2_m: 2.596, Yaw_err_deg: 1.429
Epoch: [11/25], Batch: 100/2963, Loss: 129.294, Trans_L2_m: 1.611, Yaw_err_deg: 1.224
Epoch: [11/25], Batch: 110/2963, Loss: 137.943, Trans_L2_m: 1.883, Yaw_err_deg: 1.384
Epoch: [11/25], Batch: 120/2963, Loss: 190.885, Trans_L2_m: 2.389, Yaw_err_deg: 2.278
Epoch: [11/25], Batch: 130/2963, Loss: 723.506, Trans_L2_m: 5.751, Yaw_err_deg: 1.004
Epoch: [11/25], Batch: 140/2963, Loss: 177.429, Trans_L2_m: 2.186, Yaw_err_deg: 2.427
Epoch: [11/25], Batch: 150/2963, Loss: 155.621, Trans_L2_m: 2.205, Yaw_err_deg: 1.539
Epoch: [11/25], Batch: 160/2963, Loss: 121.713, Trans_L2_m: 1.648, Yaw_err_deg: 1.394
Epoch: [11/25], Batch: 170/2963, Loss: 136.934, Trans_L2_m: 1.576, Yaw_err_deg: 2.230
Epoch: [11/25], Batch: 180/2963, Loss: 167.767, Trans_L2_m: 2.211, Yaw_err_deg: 1.802
Epoch: [11/25], Batch: 190/2963, Loss: 121.868, Trans_L2_m: 1.763, Yaw_err_deg: 1.891
Epoch: [11/25], Batch: 200/2963, Loss: 135.701, Trans_L2_m: 1.576, Yaw_err_deg: 0.992
Epoch: [11/25], Batch: 210/2963, Loss: 124.673, Trans_L2_m: 1.690, Yaw_err_deg: 1.506
Epoch: [11/25], Batch: 220/2963, Loss: 163.528, Trans_L2_m: 1.841, Yaw_err_deg: 2.007
Epoch: [11/25], Batch: 230/2963, Loss: 110.421, Trans_L2_m: 1.862, Yaw_err_deg: 1.370
Epoch: [11/25], Batch: 240/2963, Loss: 190.259, Trans_L2_m: 2.885, Yaw_err_deg: 1.387
Epoch: [11/25], Batch: 250/2963, Loss: 104.463, Trans_L2_m: 1.777, Yaw_err_deg: 1.180
Epoch: [11/25], Batch: 260/2963, Loss: 245.481, Trans_L2_m: 3.306, Yaw_err_deg: 1.027
Epoch: [11/25], Batch: 270/2963, Loss: 124.538, Trans_L2_m: 1.697, Yaw_err_deg: 1.088
Epoch: [11/25], Batch: 280/2963, Loss: 134.058, Trans_L2_m: 2.245, Yaw_err_deg: 1.320
Epoch: [11/25], Batch: 290/2963, Loss: 131.611, Trans_L2_m: 1.774, Yaw_err_deg: 1.635
Epoch: [11/25], Batch: 300/2963, Loss: 103.971, Trans_L2_m: 1.695, Yaw_err_deg: 1.646
Epoch: [11/25], Batch: 310/2963, Loss: 219.656, Trans_L2_m: 2.218, Yaw_err_deg: 2.420
Epoch: [11/25], Batch: 320/2963, Loss: 167.993, Trans_L2_m: 1.964, Yaw_err_deg: 1.927
Epoch: [11/25], Batch: 330/2963, Loss: 197.926, Trans_L2_m: 2.432, Yaw_err_deg: 1.419
Epoch: [11/25], Batch: 340/2963, Loss: 140.820, Trans_L2_m: 1.659, Yaw_err_deg: 1.423
Epoch: [11/25], Batch: 350/2963, Loss: 146.609, Trans_L2_m: 2.435, Yaw_err_deg: 1.572
Epoch: [11/25], Batch: 360/2963, Loss: 116.479, Trans_L2_m: 1.696, Yaw_err_deg: 1.366
Epoch: [11/25], Batch: 370/2963, Loss: 116.114, Trans_L2_m: 1.569, Yaw_err_deg: 1.710
Epoch: [11/25], Batch: 380/2963, Loss: 129.467, Trans_L2_m: 2.293, Yaw_err_deg: 1.140
Epoch: [11/25], Batch: 390/2963, Loss: 265.343, Trans_L2_m: 3.261, Yaw_err_deg: 1.642
Epoch: [11/25], Batch: 400/2963, Loss: 135.595, Trans_L2_m: 1.657, Yaw_err_deg: 1.420
Epoch: [11/25], Batch: 410/2963, Loss: 163.069, Trans_L2_m: 2.361, Yaw_err_deg: 1.321
Epoch: [11/25], Batch: 420/2963, Loss: 416.731, Trans_L2_m: 2.958, Yaw_err_deg: 1.445
Epoch: [11/25], Batch: 430/2963, Loss: 157.347, Trans_L2_m: 2.214, Yaw_err_deg: 1.644
Epoch: [11/25], Batch: 440/2963, Loss: 161.690, Trans_L2_m: 1.736, Yaw_err_deg: 1.816
Epoch: [11/25], Batch: 450/2963, Loss: 123.957, Trans_L2_m: 1.386, Yaw_err_deg: 1.369
Epoch: [11/25], Batch: 460/2963, Loss: 179.286, Trans_L2_m: 2.526, Yaw_err_deg: 1.672
Epoch: [11/25], Batch: 470/2963, Loss: 167.811, Trans_L2_m: 2.507, Yaw_err_deg: 1.701
Epoch: [11/25], Batch: 480/2963, Loss: 137.762, Trans_L2_m: 2.586, Yaw_err_deg: 1.147
Epoch: [11/25], Batch: 490/2963, Loss: 120.423, Trans_L2_m: 2.190, Yaw_err_deg: 0.886
Epoch: [11/25], Batch: 500/2963, Loss: 188.107, Trans_L2_m: 2.611, Yaw_err_deg: 1.762
Epoch: [11/25], Batch: 510/2963, Loss: 114.771, Trans_L2_m: 1.684, Yaw_err_deg: 1.542
Epoch: [11/25], Batch: 520/2963, Loss: 130.275, Trans_L2_m: 2.276, Yaw_err_deg: 1.442
Epoch: [11/25], Batch: 530/2963, Loss: 103.645, Trans_L2_m: 1.567, Yaw_err_deg: 1.705
Epoch: [11/25], Batch: 540/2963, Loss: 181.506, Trans_L2_m: 2.427, Yaw_err_deg: 1.877
Epoch: [11/25], Batch: 550/2963, Loss: 318.230, Trans_L2_m: 4.091, Yaw_err_deg: 1.765
Epoch: [11/25], Batch: 560/2963, Loss: 167.596, Trans_L2_m: 2.182, Yaw_err_deg: 1.398
Epoch: [11/25], Batch: 570/2963, Loss: 114.195, Trans_L2_m: 1.508, Yaw_err_deg: 1.354
Epoch: [11/25], Batch: 580/2963, Loss: 647.370, Trans_L2_m: 4.843, Yaw_err_deg: 1.217
Epoch: [11/25], Batch: 590/2963, Loss: 114.442, Trans_L2_m: 1.430, Yaw_err_deg: 1.299
Epoch: [11/25], Batch: 600/2963, Loss: 143.763, Trans_L2_m: 1.925, Yaw_err_deg: 1.740
Epoch: [11/25], Batch: 610/2963, Loss: 152.651, Trans_L2_m: 1.911, Yaw_err_deg: 1.497
Epoch: [11/25], Batch: 620/2963, Loss: 175.533, Trans_L2_m: 2.411, Yaw_err_deg: 1.690
Epoch: [11/25], Batch: 630/2963, Loss: 119.523, Trans_L2_m: 1.847, Yaw_err_deg: 1.374
Epoch: [11/25], Batch: 640/2963, Loss: 237.254, Trans_L2_m: 3.059, Yaw_err_deg: 1.510
Epoch: [11/25], Batch: 650/2963, Loss: 132.881, Trans_L2_m: 1.707, Yaw_err_deg: 1.521
Epoch: [11/25], Batch: 660/2963, Loss: 152.935, Trans_L2_m: 2.423, Yaw_err_deg: 1.338
Epoch: [11/25], Batch: 670/2963, Loss: 188.536, Trans_L2_m: 1.780, Yaw_err_deg: 2.006
Epoch: [11/25], Batch: 680/2963, Loss: 192.464, Trans_L2_m: 1.752, Yaw_err_deg: 2.598
Epoch: [11/25], Batch: 690/2963, Loss: 112.210, Trans_L2_m: 1.752, Yaw_err_deg: 1.126
Epoch: [11/25], Batch: 700/2963, Loss: 145.725, Trans_L2_m: 2.179, Yaw_err_deg: 1.674
Epoch: [11/25], Batch: 710/2963, Loss: 131.068, Trans_L2_m: 1.876, Yaw_err_deg: 1.685
Epoch: [11/25], Batch: 720/2963, Loss: 138.300, Trans_L2_m: 2.002, Yaw_err_deg: 1.296
Epoch: [11/25], Batch: 730/2963, Loss: 167.835, Trans_L2_m: 2.642, Yaw_err_deg: 1.598
Epoch: [11/25], Batch: 740/2963, Loss: 96.194, Trans_L2_m: 1.264, Yaw_err_deg: 1.096
Epoch: [11/25], Batch: 750/2963, Loss: 136.552, Trans_L2_m: 1.676, Yaw_err_deg: 1.708
Epoch: [11/25], Batch: 760/2963, Loss: 126.128, Trans_L2_m: 1.634, Yaw_err_deg: 1.542
Epoch: [11/25], Batch: 770/2963, Loss: 147.628, Trans_L2_m: 1.659, Yaw_err_deg: 1.814
Epoch: [11/25], Batch: 780/2963, Loss: 129.350, Trans_L2_m: 1.689, Yaw_err_deg: 1.610
Epoch: [11/25], Batch: 790/2963, Loss: 135.886, Trans_L2_m: 1.611, Yaw_err_deg: 1.754
Epoch: [11/25], Batch: 800/2963, Loss: 113.908, Trans_L2_m: 1.519, Yaw_err_deg: 1.418
Epoch: [11/25], Batch: 810/2963, Loss: 126.999, Trans_L2_m: 2.187, Yaw_err_deg: 1.334
Epoch: [11/25], Batch: 820/2963, Loss: 153.322, Trans_L2_m: 2.460, Yaw_err_deg: 1.274
Epoch: [11/25], Batch: 830/2963, Loss: 162.262, Trans_L2_m: 2.762, Yaw_err_deg: 1.251
Epoch: [11/25], Batch: 840/2963, Loss: 122.635, Trans_L2_m: 1.538, Yaw_err_deg: 1.805
Epoch: [11/25], Batch: 850/2963, Loss: 113.647, Trans_L2_m: 1.716, Yaw_err_deg: 1.281
Epoch: [11/25], Batch: 860/2963, Loss: 156.588, Trans_L2_m: 2.170, Yaw_err_deg: 0.947
Epoch: [11/25], Batch: 870/2963, Loss: 131.485, Trans_L2_m: 2.361, Yaw_err_deg: 1.591
Epoch: [11/25], Batch: 880/2963, Loss: 161.840, Trans_L2_m: 2.005, Yaw_err_deg: 1.986
Epoch: [11/25], Batch: 890/2963, Loss: 107.491, Trans_L2_m: 1.450, Yaw_err_deg: 1.336
Epoch: [11/25], Batch: 900/2963, Loss: 112.248, Trans_L2_m: 1.579, Yaw_err_deg: 1.262
Epoch: [11/25], Batch: 910/2963, Loss: 130.072, Trans_L2_m: 1.936, Yaw_err_deg: 1.609
Epoch: [11/25], Batch: 920/2963, Loss: 129.903, Trans_L2_m: 1.963, Yaw_err_deg: 1.371
Epoch: [11/25], Batch: 930/2963, Loss: 111.006, Trans_L2_m: 1.706, Yaw_err_deg: 1.183
Epoch: [11/25], Batch: 940/2963, Loss: 232.913, Trans_L2_m: 3.126, Yaw_err_deg: 1.490
Epoch: [11/25], Batch: 950/2963, Loss: 220.082, Trans_L2_m: 2.921, Yaw_err_deg: 1.727
Epoch: [11/25], Batch: 960/2963, Loss: 142.747, Trans_L2_m: 1.667, Yaw_err_deg: 1.938
Epoch: [11/25], Batch: 970/2963, Loss: 105.435, Trans_L2_m: 1.999, Yaw_err_deg: 0.934
Epoch: [11/25], Batch: 980/2963, Loss: 192.311, Trans_L2_m: 2.546, Yaw_err_deg: 2.308
Epoch: [11/25], Batch: 990/2963, Loss: 160.537, Trans_L2_m: 2.282, Yaw_err_deg: 1.988
Epoch: [11/25], Batch: 1000/2963, Loss: 83.539, Trans_L2_m: 1.162, Yaw_err_deg: 1.317
Epoch: [11/25], Batch: 1010/2963, Loss: 205.436, Trans_L2_m: 2.787, Yaw_err_deg: 1.486
Epoch: [11/25], Batch: 1020/2963, Loss: 147.594, Trans_L2_m: 2.206, Yaw_err_deg: 1.176
Epoch: [11/25], Batch: 1030/2963, Loss: 127.450, Trans_L2_m: 1.821, Yaw_err_deg: 1.823
Epoch: [11/25], Batch: 1040/2963, Loss: 137.002, Trans_L2_m: 2.414, Yaw_err_deg: 1.138
Epoch: [11/25], Batch: 1050/2963, Loss: 121.126, Trans_L2_m: 1.767, Yaw_err_deg: 1.864
Epoch: [11/25], Batch: 1060/2963, Loss: 428.302, Trans_L2_m: 3.823, Yaw_err_deg: 1.763
Epoch: [11/25], Batch: 1070/2963, Loss: 144.341, Trans_L2_m: 1.892, Yaw_err_deg: 1.466
Epoch: [11/25], Batch: 1080/2963, Loss: 192.929, Trans_L2_m: 2.562, Yaw_err_deg: 1.896
Epoch: [11/25], Batch: 1090/2963, Loss: 183.978, Trans_L2_m: 3.186, Yaw_err_deg: 1.483
Epoch: [11/25], Batch: 1100/2963, Loss: 133.218, Trans_L2_m: 2.211, Yaw_err_deg: 1.362
Epoch: [11/25], Batch: 1110/2963, Loss: 132.434, Trans_L2_m: 1.936, Yaw_err_deg: 1.403
Epoch: [11/25], Batch: 1120/2963, Loss: 112.921, Trans_L2_m: 1.412, Yaw_err_deg: 1.519
Epoch: [11/25], Batch: 1130/2963, Loss: 130.591, Trans_L2_m: 1.561, Yaw_err_deg: 1.439
Epoch: [11/25], Batch: 1140/2963, Loss: 111.177, Trans_L2_m: 1.719, Yaw_err_deg: 1.171
Epoch: [11/25], Batch: 1150/2963, Loss: 190.301, Trans_L2_m: 2.513, Yaw_err_deg: 1.356
Epoch: [11/25], Batch: 1160/2963, Loss: 146.416, Trans_L2_m: 2.004, Yaw_err_deg: 2.077
Epoch: [11/25], Batch: 1170/2963, Loss: 117.871, Trans_L2_m: 1.526, Yaw_err_deg: 1.479
Epoch: [11/25], Batch: 1180/2963, Loss: 139.756, Trans_L2_m: 2.033, Yaw_err_deg: 1.512
Epoch: [11/25], Batch: 1190/2963, Loss: 116.763, Trans_L2_m: 1.802, Yaw_err_deg: 1.376
Epoch: [11/25], Batch: 1200/2963, Loss: 145.997, Trans_L2_m: 1.883, Yaw_err_deg: 1.743
Epoch: [11/25], Batch: 1210/2963, Loss: 128.005, Trans_L2_m: 1.252, Yaw_err_deg: 1.807
Epoch: [11/25], Batch: 1220/2963, Loss: 128.250, Trans_L2_m: 2.068, Yaw_err_deg: 1.513
Epoch: [11/25], Batch: 1230/2963, Loss: 147.310, Trans_L2_m: 2.035, Yaw_err_deg: 1.900
Epoch: [11/25], Batch: 1240/2963, Loss: 127.785, Trans_L2_m: 2.007, Yaw_err_deg: 1.158
Epoch: [11/25], Batch: 1250/2963, Loss: 155.539, Trans_L2_m: 1.733, Yaw_err_deg: 1.984
Epoch: [11/25], Batch: 1260/2963, Loss: 102.071, Trans_L2_m: 1.354, Yaw_err_deg: 1.411
Epoch: [11/25], Batch: 1270/2963, Loss: 203.645, Trans_L2_m: 2.302, Yaw_err_deg: 1.286
Epoch: [11/25], Batch: 1280/2963, Loss: 528.314, Trans_L2_m: 3.579, Yaw_err_deg: 1.578
Epoch: [11/25], Batch: 1290/2963, Loss: 132.561, Trans_L2_m: 1.892, Yaw_err_deg: 1.477
Epoch: [11/25], Batch: 1300/2963, Loss: 123.558, Trans_L2_m: 1.899, Yaw_err_deg: 1.001
Epoch: [11/25], Batch: 1310/2963, Loss: 165.916, Trans_L2_m: 2.555, Yaw_err_deg: 1.737
Epoch: [11/25], Batch: 1320/2963, Loss: 131.257, Trans_L2_m: 2.133, Yaw_err_deg: 1.209
Epoch: [11/25], Batch: 1330/2963, Loss: 110.137, Trans_L2_m: 1.950, Yaw_err_deg: 1.210
Epoch: [11/25], Batch: 1340/2963, Loss: 306.040, Trans_L2_m: 2.982, Yaw_err_deg: 1.511
Epoch: [11/25], Batch: 1350/2963, Loss: 279.867, Trans_L2_m: 3.302, Yaw_err_deg: 1.433
Epoch: [11/25], Batch: 1360/2963, Loss: 139.065, Trans_L2_m: 2.423, Yaw_err_deg: 1.296
Epoch: [11/25], Batch: 1370/2963, Loss: 277.349, Trans_L2_m: 3.392, Yaw_err_deg: 1.312
Epoch: [11/25], Batch: 1380/2963, Loss: 140.140, Trans_L2_m: 2.261, Yaw_err_deg: 1.375
Epoch: [11/25], Batch: 1390/2963, Loss: 154.487, Trans_L2_m: 2.642, Yaw_err_deg: 0.833
Epoch: [11/25], Batch: 1400/2963, Loss: 157.869, Trans_L2_m: 2.318, Yaw_err_deg: 1.977
Epoch: [11/25], Batch: 1410/2963, Loss: 180.624, Trans_L2_m: 2.880, Yaw_err_deg: 1.701
Epoch: [11/25], Batch: 1420/2963, Loss: 129.556, Trans_L2_m: 1.879, Yaw_err_deg: 1.499
Epoch: [11/25], Batch: 1430/2963, Loss: 130.102, Trans_L2_m: 1.732, Yaw_err_deg: 1.346
Epoch: [11/25], Batch: 1440/2963, Loss: 131.470, Trans_L2_m: 2.026, Yaw_err_deg: 1.129
Epoch: [11/25], Batch: 1450/2963, Loss: 148.856, Trans_L2_m: 2.205, Yaw_err_deg: 1.190
Epoch: [11/25], Batch: 1460/2963, Loss: 154.014, Trans_L2_m: 1.673, Yaw_err_deg: 2.006
Epoch: [11/25], Batch: 1470/2963, Loss: 127.559, Trans_L2_m: 1.975, Yaw_err_deg: 1.045
Epoch: [11/25], Batch: 1480/2963, Loss: 110.888, Trans_L2_m: 1.573, Yaw_err_deg: 1.068
Epoch: [11/25], Batch: 1490/2963, Loss: 103.372, Trans_L2_m: 1.260, Yaw_err_deg: 1.457
Epoch: [11/25], Batch: 1500/2963, Loss: 106.499, Trans_L2_m: 1.494, Yaw_err_deg: 1.487
Epoch: [11/25], Batch: 1510/2963, Loss: 120.190, Trans_L2_m: 1.879, Yaw_err_deg: 1.335
Epoch: [11/25], Batch: 1520/2963, Loss: 295.840, Trans_L2_m: 3.355, Yaw_err_deg: 1.406
Epoch: [11/25], Batch: 1530/2963, Loss: 128.866, Trans_L2_m: 1.617, Yaw_err_deg: 1.767
Epoch: [11/25], Batch: 1540/2963, Loss: 104.189, Trans_L2_m: 1.641, Yaw_err_deg: 1.424
Epoch: [11/25], Batch: 1550/2963, Loss: 115.643, Trans_L2_m: 2.030, Yaw_err_deg: 1.397
Epoch: [11/25], Batch: 1560/2963, Loss: 191.183, Trans_L2_m: 2.385, Yaw_err_deg: 1.801
Epoch: [11/25], Batch: 1570/2963, Loss: 142.469, Trans_L2_m: 2.265, Yaw_err_deg: 1.454
Epoch: [11/25], Batch: 1580/2963, Loss: 208.882, Trans_L2_m: 3.322, Yaw_err_deg: 1.356
Epoch: [11/25], Batch: 1590/2963, Loss: 111.909, Trans_L2_m: 1.720, Yaw_err_deg: 1.484
Epoch: [11/25], Batch: 1600/2963, Loss: 126.779, Trans_L2_m: 2.211, Yaw_err_deg: 1.353
Epoch: [11/25], Batch: 1610/2963, Loss: 139.847, Trans_L2_m: 2.253, Yaw_err_deg: 0.920
Epoch: [11/25], Batch: 1620/2963, Loss: 116.329, Trans_L2_m: 1.709, Yaw_err_deg: 1.363
Epoch: [11/25], Batch: 1630/2963, Loss: 145.357, Trans_L2_m: 2.455, Yaw_err_deg: 1.455
Epoch: [11/25], Batch: 1640/2963, Loss: 101.535, Trans_L2_m: 1.385, Yaw_err_deg: 1.247
Epoch: [11/25], Batch: 1650/2963, Loss: 163.578, Trans_L2_m: 1.622, Yaw_err_deg: 2.621
Epoch: [11/25], Batch: 1660/2963, Loss: 165.617, Trans_L2_m: 2.813, Yaw_err_deg: 0.970
Epoch: [11/25], Batch: 1670/2963, Loss: 200.141, Trans_L2_m: 2.554, Yaw_err_deg: 2.159
Epoch: [11/25], Batch: 1680/2963, Loss: 174.723, Trans_L2_m: 2.442, Yaw_err_deg: 1.297
Epoch: [11/25], Batch: 1690/2963, Loss: 125.793, Trans_L2_m: 1.708, Yaw_err_deg: 1.531
Epoch: [11/25], Batch: 1700/2963, Loss: 108.195, Trans_L2_m: 1.931, Yaw_err_deg: 1.037
Epoch: [11/25], Batch: 1710/2963, Loss: 480.070, Trans_L2_m: 3.385, Yaw_err_deg: 1.868
Epoch: [11/25], Batch: 1720/2963, Loss: 132.462, Trans_L2_m: 2.250, Yaw_err_deg: 1.533
Epoch: [11/25], Batch: 1730/2963, Loss: 114.858, Trans_L2_m: 1.683, Yaw_err_deg: 1.203
Epoch: [11/25], Batch: 1740/2963, Loss: 152.144, Trans_L2_m: 2.473, Yaw_err_deg: 1.345
Epoch: [11/25], Batch: 1750/2963, Loss: 144.782, Trans_L2_m: 2.007, Yaw_err_deg: 1.212
Epoch: [11/25], Batch: 1760/2963, Loss: 247.396, Trans_L2_m: 2.295, Yaw_err_deg: 2.789
Epoch: [11/25], Batch: 1770/2963, Loss: 142.469, Trans_L2_m: 1.657, Yaw_err_deg: 2.071
Epoch: [11/25], Batch: 1780/2963, Loss: 273.466, Trans_L2_m: 3.675, Yaw_err_deg: 1.391
Epoch: [11/25], Batch: 1790/2963, Loss: 217.426, Trans_L2_m: 3.253, Yaw_err_deg: 1.665
Epoch: [11/25], Batch: 1800/2963, Loss: 142.654, Trans_L2_m: 1.968, Yaw_err_deg: 1.032
Epoch: [11/25], Batch: 1810/2963, Loss: 120.054, Trans_L2_m: 1.574, Yaw_err_deg: 1.656
Epoch: [11/25], Batch: 1820/2963, Loss: 133.713, Trans_L2_m: 2.260, Yaw_err_deg: 1.589
Epoch: [11/25], Batch: 1830/2963, Loss: 98.041, Trans_L2_m: 1.567, Yaw_err_deg: 1.092
Epoch: [11/25], Batch: 1840/2963, Loss: 160.198, Trans_L2_m: 2.624, Yaw_err_deg: 1.303
Epoch: [11/25], Batch: 1850/2963, Loss: 105.492, Trans_L2_m: 1.656, Yaw_err_deg: 1.187
Epoch: [11/25], Batch: 1860/2963, Loss: 117.183, Trans_L2_m: 1.200, Yaw_err_deg: 1.827
Epoch: [11/25], Batch: 1870/2963, Loss: 98.992, Trans_L2_m: 1.540, Yaw_err_deg: 1.109
Epoch: [11/25], Batch: 1880/2963, Loss: 198.170, Trans_L2_m: 2.708, Yaw_err_deg: 1.983
Epoch: [11/25], Batch: 1890/2963, Loss: 223.125, Trans_L2_m: 2.595, Yaw_err_deg: 2.645
Epoch: [11/25], Batch: 1900/2963, Loss: 121.269, Trans_L2_m: 1.688, Yaw_err_deg: 1.110
Epoch: [11/25], Batch: 1910/2963, Loss: 156.445, Trans_L2_m: 2.238, Yaw_err_deg: 1.957
Epoch: [11/25], Batch: 1920/2963, Loss: 119.168, Trans_L2_m: 1.509, Yaw_err_deg: 1.718
Epoch: [11/25], Batch: 1930/2963, Loss: 105.523, Trans_L2_m: 1.494, Yaw_err_deg: 1.355
Epoch: [11/25], Batch: 1940/2963, Loss: 145.365, Trans_L2_m: 1.473, Yaw_err_deg: 1.088
Epoch: [11/25], Batch: 1950/2963, Loss: 138.989, Trans_L2_m: 2.070, Yaw_err_deg: 1.469
Epoch: [11/25], Batch: 1960/2963, Loss: 97.575, Trans_L2_m: 1.269, Yaw_err_deg: 1.391
Epoch: [11/25], Batch: 1970/2963, Loss: 115.648, Trans_L2_m: 1.354, Yaw_err_deg: 1.622
Epoch: [11/25], Batch: 1980/2963, Loss: 150.453, Trans_L2_m: 2.269, Yaw_err_deg: 1.725
Epoch: [11/25], Batch: 1990/2963, Loss: 218.324, Trans_L2_m: 2.881, Yaw_err_deg: 1.500
Epoch: [11/25], Batch: 2000/2963, Loss: 128.655, Trans_L2_m: 1.897, Yaw_err_deg: 1.516
Epoch: [11/25], Batch: 2010/2963, Loss: 161.492, Trans_L2_m: 2.337, Yaw_err_deg: 1.822
Epoch: [11/25], Batch: 2020/2963, Loss: 114.259, Trans_L2_m: 1.766, Yaw_err_deg: 1.116
Epoch: [11/25], Batch: 2030/2963, Loss: 164.494, Trans_L2_m: 2.458, Yaw_err_deg: 1.622
Epoch: [11/25], Batch: 2040/2963, Loss: 152.371, Trans_L2_m: 2.225, Yaw_err_deg: 1.720
Epoch: [11/25], Batch: 2050/2963, Loss: 161.868, Trans_L2_m: 2.378, Yaw_err_deg: 1.548
Epoch: [11/25], Batch: 2060/2963, Loss: 148.430, Trans_L2_m: 1.813, Yaw_err_deg: 1.753
Epoch: [11/25], Batch: 2070/2963, Loss: 124.214, Trans_L2_m: 1.601, Yaw_err_deg: 1.397
Epoch: [11/25], Batch: 2080/2963, Loss: 143.579, Trans_L2_m: 1.983, Yaw_err_deg: 1.604
Epoch: [11/25], Batch: 2090/2963, Loss: 177.608, Trans_L2_m: 2.442, Yaw_err_deg: 1.527
Epoch: [11/25], Batch: 2100/2963, Loss: 139.126, Trans_L2_m: 2.266, Yaw_err_deg: 1.592
Epoch: [11/25], Batch: 2110/2963, Loss: 199.722, Trans_L2_m: 3.025, Yaw_err_deg: 1.069
Epoch: [11/25], Batch: 2120/2963, Loss: 202.720, Trans_L2_m: 2.701, Yaw_err_deg: 1.957
Epoch: [11/25], Batch: 2130/2963, Loss: 120.394, Trans_L2_m: 1.864, Yaw_err_deg: 1.176
Epoch: [11/25], Batch: 2140/2963, Loss: 203.423, Trans_L2_m: 3.241, Yaw_err_deg: 1.633
Epoch: [11/25], Batch: 2150/2963, Loss: 120.239, Trans_L2_m: 2.116, Yaw_err_deg: 1.388
Epoch: [11/25], Batch: 2160/2963, Loss: 122.577, Trans_L2_m: 1.813, Yaw_err_deg: 1.210
Epoch: [11/25], Batch: 2170/2963, Loss: 138.932, Trans_L2_m: 1.932, Yaw_err_deg: 1.453
Epoch: [11/25], Batch: 2180/2963, Loss: 190.993, Trans_L2_m: 2.420, Yaw_err_deg: 1.951
Epoch: [11/25], Batch: 2190/2963, Loss: 128.270, Trans_L2_m: 1.605, Yaw_err_deg: 1.432
Epoch: [11/25], Batch: 2200/2963, Loss: 163.230, Trans_L2_m: 2.167, Yaw_err_deg: 1.269
Epoch: [11/25], Batch: 2210/2963, Loss: 230.937, Trans_L2_m: 2.714, Yaw_err_deg: 1.248
Epoch: [11/25], Batch: 2220/2963, Loss: 203.609, Trans_L2_m: 3.018, Yaw_err_deg: 1.619
Epoch: [11/25], Batch: 2230/2963, Loss: 111.941, Trans_L2_m: 1.208, Yaw_err_deg: 1.017
Epoch: [11/25], Batch: 2240/2963, Loss: 147.872, Trans_L2_m: 2.225, Yaw_err_deg: 1.149
Epoch: [11/25], Batch: 2250/2963, Loss: 202.033, Trans_L2_m: 2.477, Yaw_err_deg: 1.343
Epoch: [11/25], Batch: 2260/2963, Loss: 109.913, Trans_L2_m: 1.481, Yaw_err_deg: 1.095
Epoch: [11/25], Batch: 2270/2963, Loss: 218.131, Trans_L2_m: 3.382, Yaw_err_deg: 1.460
Epoch: [11/25], Batch: 2280/2963, Loss: 173.055, Trans_L2_m: 2.532, Yaw_err_deg: 1.300
Epoch: [11/25], Batch: 2290/2963, Loss: 227.262, Trans_L2_m: 2.777, Yaw_err_deg: 1.442
Epoch: [11/25], Batch: 2300/2963, Loss: 178.814, Trans_L2_m: 2.205, Yaw_err_deg: 0.799
Epoch: [11/25], Batch: 2310/2963, Loss: 499.801, Trans_L2_m: 3.919, Yaw_err_deg: 1.625
Epoch: [11/25], Batch: 2320/2963, Loss: 385.268, Trans_L2_m: 4.240, Yaw_err_deg: 1.713
Epoch: [11/25], Batch: 2330/2963, Loss: 128.255, Trans_L2_m: 1.545, Yaw_err_deg: 1.434
Epoch: [11/25], Batch: 2340/2963, Loss: 141.180, Trans_L2_m: 2.618, Yaw_err_deg: 1.133
Epoch: [11/25], Batch: 2350/2963, Loss: 155.925, Trans_L2_m: 2.298, Yaw_err_deg: 0.603
Epoch: [11/25], Batch: 2360/2963, Loss: 137.427, Trans_L2_m: 1.998, Yaw_err_deg: 1.113
Epoch: [11/25], Batch: 2370/2963, Loss: 167.612, Trans_L2_m: 2.140, Yaw_err_deg: 1.698
Epoch: [11/25], Batch: 2380/2963, Loss: 146.636, Trans_L2_m: 2.283, Yaw_err_deg: 1.003
Epoch: [11/25], Batch: 2390/2963, Loss: 124.246, Trans_L2_m: 1.736, Yaw_err_deg: 1.406
Epoch: [11/25], Batch: 2400/2963, Loss: 478.065, Trans_L2_m: 4.015, Yaw_err_deg: 1.299
Epoch: [11/25], Batch: 2410/2963, Loss: 120.748, Trans_L2_m: 1.997, Yaw_err_deg: 1.305
Epoch: [11/25], Batch: 2420/2963, Loss: 127.805, Trans_L2_m: 1.595, Yaw_err_deg: 1.196
Epoch: [11/25], Batch: 2430/2963, Loss: 123.889, Trans_L2_m: 2.017, Yaw_err_deg: 1.573
Epoch: [11/25], Batch: 2440/2963, Loss: 122.297, Trans_L2_m: 1.901, Yaw_err_deg: 1.430
Epoch: [11/25], Batch: 2450/2963, Loss: 496.636, Trans_L2_m: 3.779, Yaw_err_deg: 1.081
Epoch: [11/25], Batch: 2460/2963, Loss: 134.496, Trans_L2_m: 1.935, Yaw_err_deg: 1.406
Epoch: [11/25], Batch: 2470/2963, Loss: 271.570, Trans_L2_m: 3.409, Yaw_err_deg: 1.039
Epoch: [11/25], Batch: 2480/2963, Loss: 167.305, Trans_L2_m: 2.880, Yaw_err_deg: 1.011
Epoch: [11/25], Batch: 2490/2963, Loss: 113.126, Trans_L2_m: 1.809, Yaw_err_deg: 1.084
Epoch: [11/25], Batch: 2500/2963, Loss: 130.471, Trans_L2_m: 1.804, Yaw_err_deg: 1.251
Epoch: [11/25], Batch: 2510/2963, Loss: 175.272, Trans_L2_m: 1.872, Yaw_err_deg: 2.198
Epoch: [11/25], Batch: 2520/2963, Loss: 149.658, Trans_L2_m: 2.484, Yaw_err_deg: 1.374
Epoch: [11/25], Batch: 2530/2963, Loss: 104.346, Trans_L2_m: 1.692, Yaw_err_deg: 1.300
Epoch: [11/25], Batch: 2540/2963, Loss: 120.585, Trans_L2_m: 1.803, Yaw_err_deg: 1.160
Epoch: [11/25], Batch: 2550/2963, Loss: 155.825, Trans_L2_m: 1.833, Yaw_err_deg: 1.424
Epoch: [11/25], Batch: 2560/2963, Loss: 121.422, Trans_L2_m: 1.523, Yaw_err_deg: 1.615
Epoch: [11/25], Batch: 2570/2963, Loss: 830.572, Trans_L2_m: 4.991, Yaw_err_deg: 1.781
Epoch: [11/25], Batch: 2580/2963, Loss: 93.688, Trans_L2_m: 1.220, Yaw_err_deg: 1.435
Epoch: [11/25], Batch: 2590/2963, Loss: 104.988, Trans_L2_m: 1.598, Yaw_err_deg: 1.224
Epoch: [11/25], Batch: 2600/2963, Loss: 128.523, Trans_L2_m: 2.336, Yaw_err_deg: 1.059
Epoch: [11/25], Batch: 2610/2963, Loss: 228.871, Trans_L2_m: 3.109, Yaw_err_deg: 1.513
Epoch: [11/25], Batch: 2620/2963, Loss: 150.031, Trans_L2_m: 2.376, Yaw_err_deg: 1.355
Epoch: [11/25], Batch: 2630/2963, Loss: 140.004, Trans_L2_m: 1.384, Yaw_err_deg: 1.748
Epoch: [11/25], Batch: 2640/2963, Loss: 124.322, Trans_L2_m: 1.874, Yaw_err_deg: 1.873
Epoch: [11/25], Batch: 2650/2963, Loss: 117.008, Trans_L2_m: 1.770, Yaw_err_deg: 1.710
Epoch: [11/25], Batch: 2660/2963, Loss: 141.297, Trans_L2_m: 2.047, Yaw_err_deg: 1.692
Epoch: [11/25], Batch: 2670/2963, Loss: 251.451, Trans_L2_m: 3.449, Yaw_err_deg: 1.464
Epoch: [11/25], Batch: 2680/2963, Loss: 89.713, Trans_L2_m: 1.103, Yaw_err_deg: 0.969
Epoch: [11/25], Batch: 2690/2963, Loss: 270.896, Trans_L2_m: 3.246, Yaw_err_deg: 1.456
Epoch: [11/25], Batch: 2700/2963, Loss: 110.695, Trans_L2_m: 1.625, Yaw_err_deg: 1.196
Epoch: [11/25], Batch: 2710/2963, Loss: 137.991, Trans_L2_m: 2.213, Yaw_err_deg: 1.032
Epoch: [11/25], Batch: 2720/2963, Loss: 115.515, Trans_L2_m: 1.869, Yaw_err_deg: 1.191
Epoch: [11/25], Batch: 2730/2963, Loss: 124.969, Trans_L2_m: 1.657, Yaw_err_deg: 1.583
Epoch: [11/25], Batch: 2740/2963, Loss: 130.706, Trans_L2_m: 2.096, Yaw_err_deg: 1.046
Epoch: [11/25], Batch: 2750/2963, Loss: 126.142, Trans_L2_m: 1.957, Yaw_err_deg: 1.613
Epoch: [11/25], Batch: 2760/2963, Loss: 129.121, Trans_L2_m: 2.084, Yaw_err_deg: 1.469
Epoch: [11/25], Batch: 2770/2963, Loss: 133.941, Trans_L2_m: 1.583, Yaw_err_deg: 1.337
Epoch: [11/25], Batch: 2780/2963, Loss: 148.186, Trans_L2_m: 2.170, Yaw_err_deg: 1.613
Epoch: [11/25], Batch: 2790/2963, Loss: 162.623, Trans_L2_m: 2.527, Yaw_err_deg: 1.072
Epoch: [11/25], Batch: 2800/2963, Loss: 111.301, Trans_L2_m: 1.736, Yaw_err_deg: 1.579
Epoch: [11/25], Batch: 2810/2963, Loss: 370.996, Trans_L2_m: 3.623, Yaw_err_deg: 1.573
Epoch: [11/25], Batch: 2820/2963, Loss: 116.038, Trans_L2_m: 1.599, Yaw_err_deg: 1.113
Epoch: [11/25], Batch: 2830/2963, Loss: 167.548, Trans_L2_m: 2.554, Yaw_err_deg: 1.238
Epoch: [11/25], Batch: 2840/2963, Loss: 160.159, Trans_L2_m: 3.010, Yaw_err_deg: 1.172
Epoch: [11/25], Batch: 2850/2963, Loss: 132.114, Trans_L2_m: 2.249, Yaw_err_deg: 0.887
Epoch: [11/25], Batch: 2860/2963, Loss: 163.637, Trans_L2_m: 1.909, Yaw_err_deg: 1.635
Epoch: [11/25], Batch: 2870/2963, Loss: 109.254, Trans_L2_m: 1.698, Yaw_err_deg: 0.667
Epoch: [11/25], Batch: 2880/2963, Loss: 149.567, Trans_L2_m: 2.147, Yaw_err_deg: 1.657
Epoch: [11/25], Batch: 2890/2963, Loss: 371.964, Trans_L2_m: 3.580, Yaw_err_deg: 1.373
Epoch: [11/25], Batch: 2900/2963, Loss: 110.598, Trans_L2_m: 1.740, Yaw_err_deg: 1.007
Epoch: [11/25], Batch: 2910/2963, Loss: 149.923, Trans_L2_m: 1.950, Yaw_err_deg: 1.482
Epoch: [11/25], Batch: 2920/2963, Loss: 296.025, Trans_L2_m: 2.746, Yaw_err_deg: 1.878
Epoch: [11/25], Batch: 2930/2963, Loss: 126.176, Trans_L2_m: 1.770, Yaw_err_deg: 1.340
Epoch: [11/25], Batch: 2940/2963, Loss: 114.180, Trans_L2_m: 1.650, Yaw_err_deg: 1.522
Epoch: [11/25], Batch: 2950/2963, Loss: 257.677, Trans_L2_m: 3.752, Yaw_err_deg: 1.321
Epoch: [11/25], Batch: 2960/2963, Loss: 141.477, Trans_L2_m: 1.722, Yaw_err_deg: 1.879
Epoch: [12/25], Batch: 0/2963, Loss: 106.802, Trans_L2_m: 1.900, Yaw_err_deg: 1.538
Epoch: [12/25], Batch: 10/2963, Loss: 162.173, Trans_L2_m: 2.617, Yaw_err_deg: 0.746
Epoch: [12/25], Batch: 20/2963, Loss: 115.947, Trans_L2_m: 1.913, Yaw_err_deg: 1.477
Epoch: [12/25], Batch: 30/2963, Loss: 116.762, Trans_L2_m: 2.035, Yaw_err_deg: 1.172
Epoch: [12/25], Batch: 40/2963, Loss: 158.930, Trans_L2_m: 2.682, Yaw_err_deg: 1.541
Epoch: [12/25], Batch: 50/2963, Loss: 99.716, Trans_L2_m: 1.415, Yaw_err_deg: 1.435
Epoch: [12/25], Batch: 60/2963, Loss: 127.018, Trans_L2_m: 1.626, Yaw_err_deg: 1.462
Epoch: [12/25], Batch: 70/2963, Loss: 139.125, Trans_L2_m: 2.442, Yaw_err_deg: 1.155
Epoch: [12/25], Batch: 80/2963, Loss: 136.341, Trans_L2_m: 1.965, Yaw_err_deg: 1.082
Epoch: [12/25], Batch: 90/2963, Loss: 208.154, Trans_L2_m: 2.634, Yaw_err_deg: 1.521
Epoch: [12/25], Batch: 100/2963, Loss: 182.001, Trans_L2_m: 2.709, Yaw_err_deg: 1.212
Epoch: [12/25], Batch: 110/2963, Loss: 110.469, Trans_L2_m: 1.881, Yaw_err_deg: 1.103
Epoch: [12/25], Batch: 120/2963, Loss: 118.051, Trans_L2_m: 1.951, Yaw_err_deg: 1.522
Epoch: [12/25], Batch: 130/2963, Loss: 99.315, Trans_L2_m: 1.522, Yaw_err_deg: 1.451
Epoch: [12/25], Batch: 140/2963, Loss: 117.258, Trans_L2_m: 1.581, Yaw_err_deg: 1.245
Epoch: [12/25], Batch: 150/2963, Loss: 101.054, Trans_L2_m: 1.393, Yaw_err_deg: 1.113
Epoch: [12/25], Batch: 160/2963, Loss: 114.896, Trans_L2_m: 1.798, Yaw_err_deg: 1.194
Epoch: [12/25], Batch: 170/2963, Loss: 156.823, Trans_L2_m: 2.141, Yaw_err_deg: 1.676
Epoch: [12/25], Batch: 180/2963, Loss: 146.322, Trans_L2_m: 1.807, Yaw_err_deg: 1.491
Epoch: [12/25], Batch: 190/2963, Loss: 149.070, Trans_L2_m: 1.706, Yaw_err_deg: 1.680
Epoch: [12/25], Batch: 200/2963, Loss: 191.064, Trans_L2_m: 2.306, Yaw_err_deg: 1.235
Epoch: [12/25], Batch: 210/2963, Loss: 135.639, Trans_L2_m: 1.822, Yaw_err_deg: 1.395
Epoch: [12/25], Batch: 220/2963, Loss: 118.767, Trans_L2_m: 1.508, Yaw_err_deg: 1.548
Epoch: [12/25], Batch: 230/2963, Loss: 121.914, Trans_L2_m: 1.395, Yaw_err_deg: 1.763
Epoch: [12/25], Batch: 240/2963, Loss: 126.901, Trans_L2_m: 2.134, Yaw_err_deg: 1.086
Epoch: [12/25], Batch: 250/2963, Loss: 111.651, Trans_L2_m: 1.689, Yaw_err_deg: 1.044
Epoch: [12/25], Batch: 260/2963, Loss: 510.452, Trans_L2_m: 4.390, Yaw_err_deg: 1.110
Epoch: [12/25], Batch: 270/2963, Loss: 125.034, Trans_L2_m: 2.274, Yaw_err_deg: 1.216
Epoch: [12/25], Batch: 280/2963, Loss: 197.668, Trans_L2_m: 2.484, Yaw_err_deg: 1.643
Epoch: [12/25], Batch: 290/2963, Loss: 144.479, Trans_L2_m: 2.499, Yaw_err_deg: 1.354
Epoch: [12/25], Batch: 300/2963, Loss: 112.328, Trans_L2_m: 1.750, Yaw_err_deg: 0.814
Epoch: [12/25], Batch: 310/2963, Loss: 105.715, Trans_L2_m: 1.782, Yaw_err_deg: 0.968
Epoch: [12/25], Batch: 320/2963, Loss: 106.204, Trans_L2_m: 1.290, Yaw_err_deg: 1.629
Epoch: [12/25], Batch: 330/2963, Loss: 96.661, Trans_L2_m: 1.518, Yaw_err_deg: 1.088
Epoch: [12/25], Batch: 340/2963, Loss: 117.585, Trans_L2_m: 1.618, Yaw_err_deg: 1.415
Epoch: [12/25], Batch: 350/2963, Loss: 120.643, Trans_L2_m: 1.607, Yaw_err_deg: 1.254
Epoch: [12/25], Batch: 360/2963, Loss: 108.553, Trans_L2_m: 1.741, Yaw_err_deg: 1.268
Epoch: [12/25], Batch: 370/2963, Loss: 216.848, Trans_L2_m: 2.585, Yaw_err_deg: 2.186
Epoch: [12/25], Batch: 380/2963, Loss: 95.455, Trans_L2_m: 1.528, Yaw_err_deg: 1.440
Epoch: [12/25], Batch: 390/2963, Loss: 125.688, Trans_L2_m: 1.664, Yaw_err_deg: 1.466
Epoch: [12/25], Batch: 400/2963, Loss: 121.318, Trans_L2_m: 1.308, Yaw_err_deg: 1.412
Epoch: [12/25], Batch: 410/2963, Loss: 136.374, Trans_L2_m: 1.855, Yaw_err_deg: 1.467
Epoch: [12/25], Batch: 420/2963, Loss: 114.589, Trans_L2_m: 1.121, Yaw_err_deg: 1.510
Epoch: [12/25], Batch: 430/2963, Loss: 143.869, Trans_L2_m: 2.303, Yaw_err_deg: 1.640
Epoch: [12/25], Batch: 440/2963, Loss: 176.842, Trans_L2_m: 2.835, Yaw_err_deg: 1.258
Epoch: [12/25], Batch: 450/2963, Loss: 125.026, Trans_L2_m: 1.906, Yaw_err_deg: 1.589
Epoch: [12/25], Batch: 460/2963, Loss: 100.820, Trans_L2_m: 1.573, Yaw_err_deg: 0.862
Epoch: [12/25], Batch: 470/2963, Loss: 130.791, Trans_L2_m: 2.293, Yaw_err_deg: 1.415
Epoch: [12/25], Batch: 480/2963, Loss: 171.163, Trans_L2_m: 2.694, Yaw_err_deg: 1.148
Epoch: [12/25], Batch: 490/2963, Loss: 120.617, Trans_L2_m: 1.781, Yaw_err_deg: 1.127
Epoch: [12/25], Batch: 500/2963, Loss: 113.910, Trans_L2_m: 1.561, Yaw_err_deg: 1.730
Epoch: [12/25], Batch: 510/2963, Loss: 152.232, Trans_L2_m: 2.996, Yaw_err_deg: 1.258
Epoch: [12/25], Batch: 520/2963, Loss: 105.935, Trans_L2_m: 1.998, Yaw_err_deg: 1.030
Epoch: [12/25], Batch: 530/2963, Loss: 152.115, Trans_L2_m: 2.097, Yaw_err_deg: 1.407
Epoch: [12/25], Batch: 540/2963, Loss: 124.629, Trans_L2_m: 1.916, Yaw_err_deg: 1.472
Epoch: [12/25], Batch: 550/2963, Loss: 110.210, Trans_L2_m: 1.824, Yaw_err_deg: 1.195
Epoch: [12/25], Batch: 560/2963, Loss: 385.668, Trans_L2_m: 4.178, Yaw_err_deg: 1.135
Epoch: [12/25], Batch: 570/2963, Loss: 121.934, Trans_L2_m: 1.886, Yaw_err_deg: 1.416
Epoch: [12/25], Batch: 580/2963, Loss: 109.035, Trans_L2_m: 1.944, Yaw_err_deg: 0.861
Epoch: [12/25], Batch: 590/2963, Loss: 117.958, Trans_L2_m: 1.451, Yaw_err_deg: 1.499
Epoch: [12/25], Batch: 600/2963, Loss: 105.120, Trans_L2_m: 1.692, Yaw_err_deg: 1.261
Epoch: [12/25], Batch: 610/2963, Loss: 116.535, Trans_L2_m: 1.710, Yaw_err_deg: 0.879
Epoch: [12/25], Batch: 620/2963, Loss: 96.990, Trans_L2_m: 1.370, Yaw_err_deg: 1.503
Epoch: [12/25], Batch: 630/2963, Loss: 229.212, Trans_L2_m: 2.727, Yaw_err_deg: 1.170
Epoch: [12/25], Batch: 640/2963, Loss: 125.549, Trans_L2_m: 1.753, Yaw_err_deg: 1.684
Epoch: [12/25], Batch: 650/2963, Loss: 138.146, Trans_L2_m: 2.034, Yaw_err_deg: 1.373
Epoch: [12/25], Batch: 660/2963, Loss: 125.214, Trans_L2_m: 1.970, Yaw_err_deg: 1.161
Epoch: [12/25], Batch: 670/2963, Loss: 141.351, Trans_L2_m: 2.376, Yaw_err_deg: 1.125
Epoch: [12/25], Batch: 680/2963, Loss: 164.763, Trans_L2_m: 2.311, Yaw_err_deg: 1.762
Epoch: [12/25], Batch: 690/2963, Loss: 114.783, Trans_L2_m: 1.777, Yaw_err_deg: 1.304
Epoch: [12/25], Batch: 700/2963, Loss: 127.300, Trans_L2_m: 1.924, Yaw_err_deg: 1.246
Epoch: [12/25], Batch: 710/2963, Loss: 101.515, Trans_L2_m: 1.417, Yaw_err_deg: 1.441
Epoch: [12/25], Batch: 720/2963, Loss: 181.218, Trans_L2_m: 2.438, Yaw_err_deg: 1.194
Epoch: [12/25], Batch: 730/2963, Loss: 92.051, Trans_L2_m: 1.368, Yaw_err_deg: 0.940
Epoch: [12/25], Batch: 740/2963, Loss: 219.704, Trans_L2_m: 2.946, Yaw_err_deg: 1.123
Epoch: [12/25], Batch: 750/2963, Loss: 121.584, Trans_L2_m: 1.806, Yaw_err_deg: 1.378
Epoch: [12/25], Batch: 760/2963, Loss: 116.806, Trans_L2_m: 2.134, Yaw_err_deg: 0.993
Epoch: [12/25], Batch: 770/2963, Loss: 178.139, Trans_L2_m: 2.234, Yaw_err_deg: 1.335
Epoch: [12/25], Batch: 780/2963, Loss: 141.994, Trans_L2_m: 1.819, Yaw_err_deg: 1.206
Epoch: [12/25], Batch: 790/2963, Loss: 93.277, Trans_L2_m: 1.369, Yaw_err_deg: 1.238
Epoch: [12/25], Batch: 800/2963, Loss: 111.213, Trans_L2_m: 1.638, Yaw_err_deg: 1.239
Epoch: [12/25], Batch: 810/2963, Loss: 100.891, Trans_L2_m: 1.372, Yaw_err_deg: 1.197
Epoch: [12/25], Batch: 820/2963, Loss: 96.421, Trans_L2_m: 1.340, Yaw_err_deg: 1.190
Epoch: [12/25], Batch: 830/2963, Loss: 104.432, Trans_L2_m: 1.433, Yaw_err_deg: 1.364
Epoch: [12/25], Batch: 840/2963, Loss: 117.906, Trans_L2_m: 1.538, Yaw_err_deg: 0.965
Epoch: [12/25], Batch: 850/2963, Loss: 424.091, Trans_L2_m: 3.260, Yaw_err_deg: 1.225
Epoch: [12/25], Batch: 860/2963, Loss: 131.858, Trans_L2_m: 1.728, Yaw_err_deg: 1.485
Epoch: [12/25], Batch: 870/2963, Loss: 142.902, Trans_L2_m: 2.372, Yaw_err_deg: 1.080
Epoch: [12/25], Batch: 880/2963, Loss: 133.905, Trans_L2_m: 1.958, Yaw_err_deg: 1.303
Epoch: [12/25], Batch: 890/2963, Loss: 122.922, Trans_L2_m: 1.788, Yaw_err_deg: 1.356
Epoch: [12/25], Batch: 900/2963, Loss: 120.638, Trans_L2_m: 1.868, Yaw_err_deg: 1.154
Epoch: [12/25], Batch: 910/2963, Loss: 111.024, Trans_L2_m: 1.355, Yaw_err_deg: 1.114
Epoch: [12/25], Batch: 920/2963, Loss: 127.863, Trans_L2_m: 2.062, Yaw_err_deg: 1.453
Epoch: [12/25], Batch: 930/2963, Loss: 147.422, Trans_L2_m: 2.148, Yaw_err_deg: 1.827
Epoch: [12/25], Batch: 940/2963, Loss: 142.903, Trans_L2_m: 1.778, Yaw_err_deg: 1.622
Epoch: [12/25], Batch: 950/2963, Loss: 94.214, Trans_L2_m: 1.616, Yaw_err_deg: 0.902
Epoch: [12/25], Batch: 960/2963, Loss: 144.859, Trans_L2_m: 1.558, Yaw_err_deg: 1.565
Epoch: [12/25], Batch: 970/2963, Loss: 168.642, Trans_L2_m: 2.619, Yaw_err_deg: 1.328
Epoch: [12/25], Batch: 980/2963, Loss: 103.045, Trans_L2_m: 1.471, Yaw_err_deg: 1.384
Epoch: [12/25], Batch: 990/2963, Loss: 120.906, Trans_L2_m: 1.932, Yaw_err_deg: 1.140
Epoch: [12/25], Batch: 1000/2963, Loss: 91.678, Trans_L2_m: 1.387, Yaw_err_deg: 1.009
Epoch: [12/25], Batch: 1010/2963, Loss: 120.358, Trans_L2_m: 1.426, Yaw_err_deg: 1.600
Epoch: [12/25], Batch: 1020/2963, Loss: 122.470, Trans_L2_m: 1.675, Yaw_err_deg: 1.503
Epoch: [12/25], Batch: 1030/2963, Loss: 115.825, Trans_L2_m: 1.958, Yaw_err_deg: 0.971
Epoch: [12/25], Batch: 1040/2963, Loss: 220.752, Trans_L2_m: 2.638, Yaw_err_deg: 1.251
Epoch: [12/25], Batch: 1050/2963, Loss: 102.318, Trans_L2_m: 1.436, Yaw_err_deg: 1.227
Epoch: [12/25], Batch: 1060/2963, Loss: 123.448, Trans_L2_m: 1.752, Yaw_err_deg: 0.976
Epoch: [12/25], Batch: 1070/2963, Loss: 98.298, Trans_L2_m: 1.253, Yaw_err_deg: 1.368
Epoch: [12/25], Batch: 1080/2963, Loss: 129.726, Trans_L2_m: 2.005, Yaw_err_deg: 1.753
Epoch: [12/25], Batch: 1090/2963, Loss: 137.636, Trans_L2_m: 2.073, Yaw_err_deg: 1.445
Epoch: [12/25], Batch: 1100/2963, Loss: 109.495, Trans_L2_m: 1.678, Yaw_err_deg: 1.087
Epoch: [12/25], Batch: 1110/2963, Loss: 147.265, Trans_L2_m: 2.190, Yaw_err_deg: 1.707
Epoch: [12/25], Batch: 1120/2963, Loss: 152.579, Trans_L2_m: 2.120, Yaw_err_deg: 1.734
Epoch: [12/25], Batch: 1130/2963, Loss: 117.902, Trans_L2_m: 1.214, Yaw_err_deg: 2.032
Epoch: [12/25], Batch: 1140/2963, Loss: 109.299, Trans_L2_m: 1.604, Yaw_err_deg: 1.410
Epoch: [12/25], Batch: 1150/2963, Loss: 101.129, Trans_L2_m: 1.387, Yaw_err_deg: 1.311
Epoch: [12/25], Batch: 1160/2963, Loss: 197.992, Trans_L2_m: 2.252, Yaw_err_deg: 1.614
Epoch: [12/25], Batch: 1170/2963, Loss: 143.614, Trans_L2_m: 2.212, Yaw_err_deg: 1.080
Epoch: [12/25], Batch: 1180/2963, Loss: 107.494, Trans_L2_m: 1.527, Yaw_err_deg: 1.309
Epoch: [12/25], Batch: 1190/2963, Loss: 104.831, Trans_L2_m: 1.277, Yaw_err_deg: 1.233
Epoch: [12/25], Batch: 1200/2963, Loss: 118.964, Trans_L2_m: 2.116, Yaw_err_deg: 0.858
Epoch: [12/25], Batch: 1210/2963, Loss: 467.596, Trans_L2_m: 4.169, Yaw_err_deg: 1.155
Epoch: [12/25], Batch: 1220/2963, Loss: 461.544, Trans_L2_m: 4.197, Yaw_err_deg: 1.494
Epoch: [12/25], Batch: 1230/2963, Loss: 112.088, Trans_L2_m: 1.210, Yaw_err_deg: 1.564
Epoch: [12/25], Batch: 1240/2963, Loss: 120.056, Trans_L2_m: 1.929, Yaw_err_deg: 1.749
Epoch: [12/25], Batch: 1250/2963, Loss: 113.272, Trans_L2_m: 1.770, Yaw_err_deg: 1.677
Epoch: [12/25], Batch: 1260/2963, Loss: 306.809, Trans_L2_m: 3.221, Yaw_err_deg: 1.453
Epoch: [12/25], Batch: 1270/2963, Loss: 104.779, Trans_L2_m: 1.469, Yaw_err_deg: 1.528
Epoch: [12/25], Batch: 1280/2963, Loss: 189.218, Trans_L2_m: 2.524, Yaw_err_deg: 1.470
Epoch: [12/25], Batch: 1290/2963, Loss: 100.666, Trans_L2_m: 1.373, Yaw_err_deg: 1.199
Epoch: [12/25], Batch: 1300/2963, Loss: 88.993, Trans_L2_m: 1.261, Yaw_err_deg: 1.043
Epoch: [12/25], Batch: 1310/2963, Loss: 142.582, Trans_L2_m: 2.047, Yaw_err_deg: 1.208
Epoch: [12/25], Batch: 1320/2963, Loss: 303.463, Trans_L2_m: 3.091, Yaw_err_deg: 1.285
Epoch: [12/25], Batch: 1330/2963, Loss: 303.850, Trans_L2_m: 4.487, Yaw_err_deg: 1.680
Epoch: [12/25], Batch: 1340/2963, Loss: 116.039, Trans_L2_m: 1.921, Yaw_err_deg: 1.063
Epoch: [12/25], Batch: 1350/2963, Loss: 116.449, Trans_L2_m: 1.396, Yaw_err_deg: 1.626
Epoch: [12/25], Batch: 1360/2963, Loss: 93.918, Trans_L2_m: 1.352, Yaw_err_deg: 0.985
Epoch: [12/25], Batch: 1370/2963, Loss: 112.046, Trans_L2_m: 1.878, Yaw_err_deg: 1.460
Epoch: [12/25], Batch: 1380/2963, Loss: 122.104, Trans_L2_m: 1.758, Yaw_err_deg: 1.185
Epoch: [12/25], Batch: 1390/2963, Loss: 117.064, Trans_L2_m: 1.587, Yaw_err_deg: 0.939
Epoch: [12/25], Batch: 1400/2963, Loss: 127.488, Trans_L2_m: 1.918, Yaw_err_deg: 1.526
Epoch: [12/25], Batch: 1410/2963, Loss: 125.451, Trans_L2_m: 2.197, Yaw_err_deg: 1.125
Epoch: [12/25], Batch: 1420/2963, Loss: 167.854, Trans_L2_m: 2.345, Yaw_err_deg: 1.610
Epoch: [12/25], Batch: 1430/2963, Loss: 122.135, Trans_L2_m: 2.062, Yaw_err_deg: 1.363
Epoch: [12/25], Batch: 1440/2963, Loss: 132.825, Trans_L2_m: 1.406, Yaw_err_deg: 1.450
Epoch: [12/25], Batch: 1450/2963, Loss: 142.726, Trans_L2_m: 1.774, Yaw_err_deg: 1.526
Epoch: [12/25], Batch: 1460/2963, Loss: 94.770, Trans_L2_m: 1.630, Yaw_err_deg: 1.349
Epoch: [12/25], Batch: 1470/2963, Loss: 102.936, Trans_L2_m: 1.537, Yaw_err_deg: 1.339
Epoch: [12/25], Batch: 1480/2963, Loss: 128.425, Trans_L2_m: 1.987, Yaw_err_deg: 1.188
Epoch: [12/25], Batch: 1490/2963, Loss: 254.738, Trans_L2_m: 2.730, Yaw_err_deg: 1.553
Epoch: [12/25], Batch: 1500/2963, Loss: 102.937, Trans_L2_m: 1.454, Yaw_err_deg: 1.479
Epoch: [12/25], Batch: 1510/2963, Loss: 125.815, Trans_L2_m: 1.435, Yaw_err_deg: 2.025
Epoch: [12/25], Batch: 1520/2963, Loss: 145.520, Trans_L2_m: 2.188, Yaw_err_deg: 1.481
Epoch: [12/25], Batch: 1530/2963, Loss: 114.642, Trans_L2_m: 1.766, Yaw_err_deg: 1.533
Epoch: [12/25], Batch: 1540/2963, Loss: 144.401, Trans_L2_m: 2.481, Yaw_err_deg: 1.267
Epoch: [12/25], Batch: 1550/2963, Loss: 188.650, Trans_L2_m: 2.215, Yaw_err_deg: 1.713
Epoch: [12/25], Batch: 1560/2963, Loss: 112.031, Trans_L2_m: 1.566, Yaw_err_deg: 1.157
Epoch: [12/25], Batch: 1570/2963, Loss: 121.802, Trans_L2_m: 1.682, Yaw_err_deg: 1.824
Epoch: [12/25], Batch: 1580/2963, Loss: 116.717, Trans_L2_m: 1.453, Yaw_err_deg: 1.599
Epoch: [12/25], Batch: 1590/2963, Loss: 562.193, Trans_L2_m: 4.503, Yaw_err_deg: 1.372
Epoch: [12/25], Batch: 1600/2963, Loss: 111.713, Trans_L2_m: 1.626, Yaw_err_deg: 1.496
Epoch: [12/25], Batch: 1610/2963, Loss: 142.748, Trans_L2_m: 1.836, Yaw_err_deg: 1.656
Epoch: [12/25], Batch: 1620/2963, Loss: 119.482, Trans_L2_m: 1.625, Yaw_err_deg: 1.638
Epoch: [12/25], Batch: 1630/2963, Loss: 103.155, Trans_L2_m: 1.625, Yaw_err_deg: 1.231
Epoch: [12/25], Batch: 1640/2963, Loss: 132.941, Trans_L2_m: 1.903, Yaw_err_deg: 1.358
Epoch: [12/25], Batch: 1650/2963, Loss: 127.925, Trans_L2_m: 1.402, Yaw_err_deg: 2.005
Epoch: [12/25], Batch: 1660/2963, Loss: 117.811, Trans_L2_m: 1.719, Yaw_err_deg: 1.727
Epoch: [12/25], Batch: 1670/2963, Loss: 110.575, Trans_L2_m: 2.006, Yaw_err_deg: 1.151
Epoch: [12/25], Batch: 1680/2963, Loss: 213.848, Trans_L2_m: 2.456, Yaw_err_deg: 1.415
Epoch: [12/25], Batch: 1690/2963, Loss: 119.157, Trans_L2_m: 1.829, Yaw_err_deg: 1.632
Epoch: [12/25], Batch: 1700/2963, Loss: 127.821, Trans_L2_m: 2.109, Yaw_err_deg: 0.855
Epoch: [12/25], Batch: 1710/2963, Loss: 91.426, Trans_L2_m: 1.100, Yaw_err_deg: 1.511
Epoch: [12/25], Batch: 1720/2963, Loss: 121.907, Trans_L2_m: 1.608, Yaw_err_deg: 1.444
Epoch: [12/25], Batch: 1730/2963, Loss: 108.650, Trans_L2_m: 1.227, Yaw_err_deg: 1.499
Epoch: [12/25], Batch: 1740/2963, Loss: 138.680, Trans_L2_m: 2.013, Yaw_err_deg: 1.469
Epoch: [12/25], Batch: 1750/2963, Loss: 136.904, Trans_L2_m: 1.834, Yaw_err_deg: 2.035
Epoch: [12/25], Batch: 1760/2963, Loss: 97.822, Trans_L2_m: 1.162, Yaw_err_deg: 1.340
Epoch: [12/25], Batch: 1770/2963, Loss: 158.369, Trans_L2_m: 2.346, Yaw_err_deg: 1.898
Epoch: [12/25], Batch: 1780/2963, Loss: 460.295, Trans_L2_m: 3.238, Yaw_err_deg: 1.154
Epoch: [12/25], Batch: 1790/2963, Loss: 113.515, Trans_L2_m: 1.752, Yaw_err_deg: 1.568
Epoch: [12/25], Batch: 1800/2963, Loss: 111.504, Trans_L2_m: 1.868, Yaw_err_deg: 1.519
Epoch: [12/25], Batch: 1810/2963, Loss: 98.152, Trans_L2_m: 1.492, Yaw_err_deg: 1.168
Epoch: [12/25], Batch: 1820/2963, Loss: 124.665, Trans_L2_m: 1.575, Yaw_err_deg: 1.029
Epoch: [12/25], Batch: 1830/2963, Loss: 103.649, Trans_L2_m: 1.293, Yaw_err_deg: 1.137
Epoch: [12/25], Batch: 1840/2963, Loss: 141.255, Trans_L2_m: 2.162, Yaw_err_deg: 1.941
Epoch: [12/25], Batch: 1850/2963, Loss: 139.052, Trans_L2_m: 1.725, Yaw_err_deg: 1.714
Epoch: [12/25], Batch: 1860/2963, Loss: 105.474, Trans_L2_m: 1.579, Yaw_err_deg: 1.393
Epoch: [12/25], Batch: 1870/2963, Loss: 112.631, Trans_L2_m: 1.718, Yaw_err_deg: 0.965
Epoch: [12/25], Batch: 1880/2963, Loss: 170.879, Trans_L2_m: 2.335, Yaw_err_deg: 1.200
Epoch: [12/25], Batch: 1890/2963, Loss: 124.558, Trans_L2_m: 2.001, Yaw_err_deg: 1.474
Epoch: [12/25], Batch: 1900/2963, Loss: 151.834, Trans_L2_m: 2.059, Yaw_err_deg: 2.051
Epoch: [12/25], Batch: 1910/2963, Loss: 112.476, Trans_L2_m: 1.346, Yaw_err_deg: 1.455
Epoch: [12/25], Batch: 1920/2963, Loss: 111.895, Trans_L2_m: 1.593, Yaw_err_deg: 1.380
Epoch: [12/25], Batch: 1930/2963, Loss: 112.038, Trans_L2_m: 1.249, Yaw_err_deg: 1.732
Epoch: [12/25], Batch: 1940/2963, Loss: 109.250, Trans_L2_m: 1.281, Yaw_err_deg: 1.477
Epoch: [12/25], Batch: 1950/2963, Loss: 92.808, Trans_L2_m: 1.417, Yaw_err_deg: 0.882
Epoch: [12/25], Batch: 1960/2963, Loss: 106.209, Trans_L2_m: 1.495, Yaw_err_deg: 1.384
Epoch: [12/25], Batch: 1970/2963, Loss: 98.491, Trans_L2_m: 1.287, Yaw_err_deg: 1.361
Epoch: [12/25], Batch: 1980/2963, Loss: 135.737, Trans_L2_m: 2.113, Yaw_err_deg: 1.390
Epoch: [12/25], Batch: 1990/2963, Loss: 116.827, Trans_L2_m: 1.944, Yaw_err_deg: 1.151
Epoch: [12/25], Batch: 2000/2963, Loss: 129.539, Trans_L2_m: 1.532, Yaw_err_deg: 1.372
Epoch: [12/25], Batch: 2010/2963, Loss: 96.030, Trans_L2_m: 1.496, Yaw_err_deg: 1.072
Epoch: [12/25], Batch: 2020/2963, Loss: 126.578, Trans_L2_m: 1.738, Yaw_err_deg: 1.495
Epoch: [12/25], Batch: 2030/2963, Loss: 116.825, Trans_L2_m: 1.460, Yaw_err_deg: 1.744
Epoch: [12/25], Batch: 2040/2963, Loss: 98.428, Trans_L2_m: 1.494, Yaw_err_deg: 1.202
Epoch: [12/25], Batch: 2050/2963, Loss: 457.536, Trans_L2_m: 3.622, Yaw_err_deg: 1.520
Epoch: [12/25], Batch: 2060/2963, Loss: 108.201, Trans_L2_m: 1.604, Yaw_err_deg: 0.890
Epoch: [12/25], Batch: 2070/2963, Loss: 135.614, Trans_L2_m: 1.877, Yaw_err_deg: 1.514
Epoch: [12/25], Batch: 2080/2963, Loss: 315.984, Trans_L2_m: 2.773, Yaw_err_deg: 1.495
Epoch: [12/25], Batch: 2090/2963, Loss: 134.289, Trans_L2_m: 2.332, Yaw_err_deg: 1.091
Epoch: [12/25], Batch: 2100/2963, Loss: 201.553, Trans_L2_m: 2.878, Yaw_err_deg: 1.196
Epoch: [12/25], Batch: 2110/2963, Loss: 143.042, Trans_L2_m: 2.000, Yaw_err_deg: 1.907
Epoch: [12/25], Batch: 2120/2963, Loss: 108.297, Trans_L2_m: 1.562, Yaw_err_deg: 1.257
Epoch: [12/25], Batch: 2130/2963, Loss: 433.086, Trans_L2_m: 4.452, Yaw_err_deg: 1.080
Epoch: [12/25], Batch: 2140/2963, Loss: 497.795, Trans_L2_m: 4.103, Yaw_err_deg: 1.294
Epoch: [12/25], Batch: 2150/2963, Loss: 137.628, Trans_L2_m: 1.863, Yaw_err_deg: 1.661
Epoch: [12/25], Batch: 2160/2963, Loss: 122.429, Trans_L2_m: 1.786, Yaw_err_deg: 1.145
Epoch: [12/25], Batch: 2170/2963, Loss: 100.117, Trans_L2_m: 1.671, Yaw_err_deg: 1.213
Epoch: [12/25], Batch: 2180/2963, Loss: 144.964, Trans_L2_m: 2.159, Yaw_err_deg: 1.396
Epoch: [12/25], Batch: 2190/2963, Loss: 123.813, Trans_L2_m: 1.642, Yaw_err_deg: 1.500
Epoch: [12/25], Batch: 2200/2963, Loss: 200.087, Trans_L2_m: 2.424, Yaw_err_deg: 1.424
Epoch: [12/25], Batch: 2210/2963, Loss: 140.098, Trans_L2_m: 1.166, Yaw_err_deg: 2.419
Epoch: [12/25], Batch: 2220/2963, Loss: 101.621, Trans_L2_m: 1.544, Yaw_err_deg: 0.761
Epoch: [12/25], Batch: 2230/2963, Loss: 104.391, Trans_L2_m: 1.904, Yaw_err_deg: 1.011
Epoch: [12/25], Batch: 2240/2963, Loss: 116.841, Trans_L2_m: 1.550, Yaw_err_deg: 1.180
Epoch: [12/25], Batch: 2250/2963, Loss: 139.332, Trans_L2_m: 1.535, Yaw_err_deg: 2.362
Epoch: [12/25], Batch: 2260/2963, Loss: 94.976, Trans_L2_m: 1.266, Yaw_err_deg: 1.331
Epoch: [12/25], Batch: 2270/2963, Loss: 118.470, Trans_L2_m: 1.953, Yaw_err_deg: 1.373
Epoch: [12/25], Batch: 2280/2963, Loss: 154.718, Trans_L2_m: 2.473, Yaw_err_deg: 1.172
Epoch: [12/25], Batch: 2290/2963, Loss: 117.583, Trans_L2_m: 1.924, Yaw_err_deg: 1.268
Epoch: [12/25], Batch: 2300/2963, Loss: 99.126, Trans_L2_m: 1.523, Yaw_err_deg: 1.132
Epoch: [12/25], Batch: 2310/2963, Loss: 115.905, Trans_L2_m: 2.035, Yaw_err_deg: 1.435
Epoch: [12/25], Batch: 2320/2963, Loss: 168.853, Trans_L2_m: 2.772, Yaw_err_deg: 1.767
Epoch: [12/25], Batch: 2330/2963, Loss: 106.750, Trans_L2_m: 1.407, Yaw_err_deg: 1.403
Epoch: [12/25], Batch: 2340/2963, Loss: 130.203, Trans_L2_m: 1.845, Yaw_err_deg: 1.221
Epoch: [12/25], Batch: 2350/2963, Loss: 107.970, Trans_L2_m: 1.487, Yaw_err_deg: 1.436
Epoch: [12/25], Batch: 2360/2963, Loss: 246.746, Trans_L2_m: 3.789, Yaw_err_deg: 1.523
Epoch: [12/25], Batch: 2370/2963, Loss: 118.568, Trans_L2_m: 1.812, Yaw_err_deg: 1.329
Epoch: [12/25], Batch: 2380/2963, Loss: 147.864, Trans_L2_m: 2.427, Yaw_err_deg: 1.399
Epoch: [12/25], Batch: 2390/2963, Loss: 112.611, Trans_L2_m: 1.819, Yaw_err_deg: 1.382
Epoch: [12/25], Batch: 2400/2963, Loss: 95.100, Trans_L2_m: 1.255, Yaw_err_deg: 1.085
Epoch: [12/25], Batch: 2410/2963, Loss: 423.413, Trans_L2_m: 3.386, Yaw_err_deg: 1.714
Epoch: [12/25], Batch: 2420/2963, Loss: 171.326, Trans_L2_m: 2.381, Yaw_err_deg: 1.741
Epoch: [12/25], Batch: 2430/2963, Loss: 128.984, Trans_L2_m: 1.819, Yaw_err_deg: 1.483
Epoch: [12/25], Batch: 2440/2963, Loss: 140.317, Trans_L2_m: 1.943, Yaw_err_deg: 1.476
Epoch: [12/25], Batch: 2450/2963, Loss: 102.632, Trans_L2_m: 1.521, Yaw_err_deg: 1.205
Epoch: [12/25], Batch: 2460/2963, Loss: 123.175, Trans_L2_m: 1.951, Yaw_err_deg: 1.072
Epoch: [12/25], Batch: 2470/2963, Loss: 105.906, Trans_L2_m: 1.165, Yaw_err_deg: 1.071
Epoch: [12/25], Batch: 2480/2963, Loss: 204.682, Trans_L2_m: 2.706, Yaw_err_deg: 0.973
Epoch: [12/25], Batch: 2490/2963, Loss: 150.699, Trans_L2_m: 2.214, Yaw_err_deg: 1.326
Epoch: [12/25], Batch: 2500/2963, Loss: 270.517, Trans_L2_m: 3.285, Yaw_err_deg: 1.379
Epoch: [12/25], Batch: 2510/2963, Loss: 146.305, Trans_L2_m: 2.503, Yaw_err_deg: 0.808
Epoch: [12/25], Batch: 2520/2963, Loss: 120.631, Trans_L2_m: 1.537, Yaw_err_deg: 1.546
Epoch: [12/25], Batch: 2530/2963, Loss: 269.389, Trans_L2_m: 3.233, Yaw_err_deg: 1.399
Epoch: [12/25], Batch: 2540/2963, Loss: 97.021, Trans_L2_m: 1.197, Yaw_err_deg: 1.240
Epoch: [12/25], Batch: 2550/2963, Loss: 136.448, Trans_L2_m: 1.952, Yaw_err_deg: 1.856
Epoch: [12/25], Batch: 2560/2963, Loss: 156.193, Trans_L2_m: 2.542, Yaw_err_deg: 1.367
Epoch: [12/25], Batch: 2570/2963, Loss: 129.105, Trans_L2_m: 1.786, Yaw_err_deg: 1.603
Epoch: [12/25], Batch: 2580/2963, Loss: 122.877, Trans_L2_m: 1.681, Yaw_err_deg: 1.202
Epoch: [12/25], Batch: 2590/2963, Loss: 167.235, Trans_L2_m: 1.803, Yaw_err_deg: 1.920
Epoch: [12/25], Batch: 2600/2963, Loss: 122.900, Trans_L2_m: 1.824, Yaw_err_deg: 1.198
Epoch: [12/25], Batch: 2610/2963, Loss: 133.811, Trans_L2_m: 1.423, Yaw_err_deg: 2.090
Epoch: [12/25], Batch: 2620/2963, Loss: 287.794, Trans_L2_m: 3.708, Yaw_err_deg: 1.084
Epoch: [12/25], Batch: 2630/2963, Loss: 121.298, Trans_L2_m: 1.799, Yaw_err_deg: 1.125
Epoch: [12/25], Batch: 2640/2963, Loss: 149.644, Trans_L2_m: 2.352, Yaw_err_deg: 1.202
Epoch: [12/25], Batch: 2650/2963, Loss: 94.587, Trans_L2_m: 1.574, Yaw_err_deg: 0.977
Epoch: [12/25], Batch: 2660/2963, Loss: 135.487, Trans_L2_m: 2.499, Yaw_err_deg: 1.261
Epoch: [12/25], Batch: 2670/2963, Loss: 95.202, Trans_L2_m: 1.403, Yaw_err_deg: 1.193
Epoch: [12/25], Batch: 2680/2963, Loss: 112.594, Trans_L2_m: 1.705, Yaw_err_deg: 1.283
Epoch: [12/25], Batch: 2690/2963, Loss: 113.464, Trans_L2_m: 2.047, Yaw_err_deg: 0.741
Epoch: [12/25], Batch: 2700/2963, Loss: 100.116, Trans_L2_m: 1.488, Yaw_err_deg: 1.127
Epoch: [12/25], Batch: 2710/2963, Loss: 123.605, Trans_L2_m: 1.713, Yaw_err_deg: 1.567
Epoch: [12/25], Batch: 2720/2963, Loss: 282.279, Trans_L2_m: 3.296, Yaw_err_deg: 1.116
Epoch: [12/25], Batch: 2730/2963, Loss: 93.497, Trans_L2_m: 1.835, Yaw_err_deg: 1.189
Epoch: [12/25], Batch: 2740/2963, Loss: 94.332, Trans_L2_m: 1.327, Yaw_err_deg: 1.451
Epoch: [12/25], Batch: 2750/2963, Loss: 99.489, Trans_L2_m: 1.340, Yaw_err_deg: 1.402
Epoch: [12/25], Batch: 2760/2963, Loss: 165.726, Trans_L2_m: 2.291, Yaw_err_deg: 1.678
Epoch: [12/25], Batch: 2770/2963, Loss: 118.483, Trans_L2_m: 1.394, Yaw_err_deg: 1.845
Epoch: [12/25], Batch: 2780/2963, Loss: 188.987, Trans_L2_m: 2.522, Yaw_err_deg: 0.859
Epoch: [12/25], Batch: 2790/2963, Loss: 122.965, Trans_L2_m: 1.866, Yaw_err_deg: 1.300
Epoch: [12/25], Batch: 2800/2963, Loss: 108.424, Trans_L2_m: 1.405, Yaw_err_deg: 1.181
Epoch: [12/25], Batch: 2810/2963, Loss: 128.094, Trans_L2_m: 2.004, Yaw_err_deg: 1.139
Epoch: [12/25], Batch: 2820/2963, Loss: 92.498, Trans_L2_m: 1.314, Yaw_err_deg: 1.195
Epoch: [12/25], Batch: 2830/2963, Loss: 113.475, Trans_L2_m: 1.441, Yaw_err_deg: 1.529
Epoch: [12/25], Batch: 2840/2963, Loss: 126.787, Trans_L2_m: 1.844, Yaw_err_deg: 1.723
Epoch: [12/25], Batch: 2850/2963, Loss: 108.711, Trans_L2_m: 1.226, Yaw_err_deg: 1.505
Epoch: [12/25], Batch: 2860/2963, Loss: 112.938, Trans_L2_m: 1.654, Yaw_err_deg: 1.426
Epoch: [12/25], Batch: 2870/2963, Loss: 104.016, Trans_L2_m: 1.310, Yaw_err_deg: 1.276
Epoch: [12/25], Batch: 2880/2963, Loss: 219.691, Trans_L2_m: 2.324, Yaw_err_deg: 1.879
Epoch: [12/25], Batch: 2890/2963, Loss: 102.920, Trans_L2_m: 1.363, Yaw_err_deg: 1.604
Epoch: [12/25], Batch: 2900/2963, Loss: 125.378, Trans_L2_m: 1.279, Yaw_err_deg: 1.570
Epoch: [12/25], Batch: 2910/2963, Loss: 131.803, Trans_L2_m: 1.923, Yaw_err_deg: 1.382
Epoch: [12/25], Batch: 2920/2963, Loss: 156.460, Trans_L2_m: 2.249, Yaw_err_deg: 1.214
Epoch: [12/25], Batch: 2930/2963, Loss: 100.576, Trans_L2_m: 1.523, Yaw_err_deg: 1.270
Epoch: [12/25], Batch: 2940/2963, Loss: 95.887, Trans_L2_m: 1.556, Yaw_err_deg: 0.961
Epoch: [12/25], Batch: 2950/2963, Loss: 120.213, Trans_L2_m: 1.898, Yaw_err_deg: 1.396
Epoch: [12/25], Batch: 2960/2963, Loss: 107.281, Trans_L2_m: 1.834, Yaw_err_deg: 1.271
Validation loss (homography): 4632.1484
Avg batch time: 1160.67 ms, total: 376.513 s
[1;91mVal has no improvement vs 4605.474609375![0m
Epoch: [13/25], Batch: 0/2963, Loss: 118.318, Trans_L2_m: 1.773, Yaw_err_deg: 1.058
Epoch: [13/25], Batch: 10/2963, Loss: 153.013, Trans_L2_m: 2.489, Yaw_err_deg: 1.642
Epoch: [13/25], Batch: 20/2963, Loss: 158.030, Trans_L2_m: 2.511, Yaw_err_deg: 1.270
Epoch: [13/25], Batch: 30/2963, Loss: 132.794, Trans_L2_m: 1.694, Yaw_err_deg: 1.632
Epoch: [13/25], Batch: 40/2963, Loss: 139.896, Trans_L2_m: 1.783, Yaw_err_deg: 1.574
Epoch: [13/25], Batch: 50/2963, Loss: 102.722, Trans_L2_m: 1.492, Yaw_err_deg: 0.999
Epoch: [13/25], Batch: 60/2963, Loss: 129.262, Trans_L2_m: 1.645, Yaw_err_deg: 1.251
Epoch: [13/25], Batch: 70/2963, Loss: 394.538, Trans_L2_m: 3.117, Yaw_err_deg: 1.239
Epoch: [13/25], Batch: 80/2963, Loss: 149.182, Trans_L2_m: 1.856, Yaw_err_deg: 1.281
Epoch: [13/25], Batch: 90/2963, Loss: 114.175, Trans_L2_m: 1.521, Yaw_err_deg: 0.930
Epoch: [13/25], Batch: 100/2963, Loss: 145.289, Trans_L2_m: 2.153, Yaw_err_deg: 1.341
Epoch: [13/25], Batch: 110/2963, Loss: 139.643, Trans_L2_m: 1.971, Yaw_err_deg: 1.133
Epoch: [13/25], Batch: 120/2963, Loss: 182.129, Trans_L2_m: 2.594, Yaw_err_deg: 1.920
Epoch: [13/25], Batch: 130/2963, Loss: 92.288, Trans_L2_m: 1.128, Yaw_err_deg: 1.384
Epoch: [13/25], Batch: 140/2963, Loss: 215.125, Trans_L2_m: 2.817, Yaw_err_deg: 1.233
Epoch: [13/25], Batch: 150/2963, Loss: 124.909, Trans_L2_m: 2.082, Yaw_err_deg: 1.292
Epoch: [13/25], Batch: 160/2963, Loss: 114.842, Trans_L2_m: 1.827, Yaw_err_deg: 1.379
Epoch: [13/25], Batch: 170/2963, Loss: 108.886, Trans_L2_m: 1.675, Yaw_err_deg: 1.287
Epoch: [13/25], Batch: 180/2963, Loss: 107.027, Trans_L2_m: 1.327, Yaw_err_deg: 1.523
Epoch: [13/25], Batch: 190/2963, Loss: 112.329, Trans_L2_m: 1.951, Yaw_err_deg: 0.943
Epoch: [13/25], Batch: 200/2963, Loss: 118.856, Trans_L2_m: 1.200, Yaw_err_deg: 1.846
Epoch: [13/25], Batch: 210/2963, Loss: 110.623, Trans_L2_m: 1.450, Yaw_err_deg: 1.409
Epoch: [13/25], Batch: 220/2963, Loss: 112.502, Trans_L2_m: 2.097, Yaw_err_deg: 0.717
Epoch: [13/25], Batch: 230/2963, Loss: 104.148, Trans_L2_m: 1.341, Yaw_err_deg: 1.441
Epoch: [13/25], Batch: 240/2963, Loss: 109.637, Trans_L2_m: 1.707, Yaw_err_deg: 1.194
Epoch: [13/25], Batch: 250/2963, Loss: 104.953, Trans_L2_m: 1.355, Yaw_err_deg: 1.330
Epoch: [13/25], Batch: 260/2963, Loss: 106.627, Trans_L2_m: 1.687, Yaw_err_deg: 1.114
Epoch: [13/25], Batch: 270/2963, Loss: 116.581, Trans_L2_m: 1.761, Yaw_err_deg: 1.501
Epoch: [13/25], Batch: 280/2963, Loss: 116.823, Trans_L2_m: 1.897, Yaw_err_deg: 1.404
Epoch: [13/25], Batch: 290/2963, Loss: 104.476, Trans_L2_m: 1.335, Yaw_err_deg: 1.131
Epoch: [13/25], Batch: 300/2963, Loss: 117.900, Trans_L2_m: 1.423, Yaw_err_deg: 1.249
Epoch: [13/25], Batch: 310/2963, Loss: 105.038, Trans_L2_m: 1.449, Yaw_err_deg: 1.505
Epoch: [13/25], Batch: 320/2963, Loss: 101.295, Trans_L2_m: 1.221, Yaw_err_deg: 1.438
Epoch: [13/25], Batch: 330/2963, Loss: 84.631, Trans_L2_m: 1.188, Yaw_err_deg: 1.110
Epoch: [13/25], Batch: 340/2963, Loss: 126.100, Trans_L2_m: 2.095, Yaw_err_deg: 1.112
Epoch: [13/25], Batch: 350/2963, Loss: 121.266, Trans_L2_m: 1.723, Yaw_err_deg: 1.024
Epoch: [13/25], Batch: 360/2963, Loss: 126.110, Trans_L2_m: 1.958, Yaw_err_deg: 1.141
Epoch: [13/25], Batch: 370/2963, Loss: 107.648, Trans_L2_m: 1.772, Yaw_err_deg: 1.233
Epoch: [13/25], Batch: 380/2963, Loss: 100.598, Trans_L2_m: 1.362, Yaw_err_deg: 1.420
Epoch: [13/25], Batch: 390/2963, Loss: 116.095, Trans_L2_m: 1.584, Yaw_err_deg: 1.441
Epoch: [13/25], Batch: 400/2963, Loss: 102.371, Trans_L2_m: 1.530, Yaw_err_deg: 0.911
Epoch: [13/25], Batch: 410/2963, Loss: 146.055, Trans_L2_m: 2.173, Yaw_err_deg: 2.135
Epoch: [13/25], Batch: 420/2963, Loss: 95.501, Trans_L2_m: 1.144, Yaw_err_deg: 1.320
Epoch: [13/25], Batch: 430/2963, Loss: 120.093, Trans_L2_m: 2.131, Yaw_err_deg: 1.136
Epoch: [13/25], Batch: 440/2963, Loss: 112.022, Trans_L2_m: 2.141, Yaw_err_deg: 0.979
Epoch: [13/25], Batch: 450/2963, Loss: 105.002, Trans_L2_m: 1.601, Yaw_err_deg: 1.303
Epoch: [13/25], Batch: 460/2963, Loss: 125.774, Trans_L2_m: 0.934, Yaw_err_deg: 1.668
Epoch: [13/25], Batch: 470/2963, Loss: 109.952, Trans_L2_m: 1.716, Yaw_err_deg: 1.049
Epoch: [13/25], Batch: 480/2963, Loss: 98.089, Trans_L2_m: 1.462, Yaw_err_deg: 1.080
Epoch: [13/25], Batch: 490/2963, Loss: 109.994, Trans_L2_m: 1.777, Yaw_err_deg: 1.453
Epoch: [13/25], Batch: 500/2963, Loss: 125.890, Trans_L2_m: 1.841, Yaw_err_deg: 1.366
Epoch: [13/25], Batch: 510/2963, Loss: 94.886, Trans_L2_m: 1.546, Yaw_err_deg: 0.962
Epoch: [13/25], Batch: 520/2963, Loss: 115.772, Trans_L2_m: 2.081, Yaw_err_deg: 1.309
Epoch: [13/25], Batch: 530/2963, Loss: 115.490, Trans_L2_m: 1.647, Yaw_err_deg: 1.420
Epoch: [13/25], Batch: 540/2963, Loss: 125.029, Trans_L2_m: 1.952, Yaw_err_deg: 1.396
Epoch: [13/25], Batch: 550/2963, Loss: 88.049, Trans_L2_m: 1.457, Yaw_err_deg: 1.045
Epoch: [13/25], Batch: 560/2963, Loss: 114.560, Trans_L2_m: 1.644, Yaw_err_deg: 1.564
Epoch: [13/25], Batch: 570/2963, Loss: 102.581, Trans_L2_m: 1.739, Yaw_err_deg: 0.991
Epoch: [13/25], Batch: 580/2963, Loss: 97.911, Trans_L2_m: 1.199, Yaw_err_deg: 1.253
Epoch: [13/25], Batch: 590/2963, Loss: 112.844, Trans_L2_m: 1.621, Yaw_err_deg: 1.150
Epoch: [13/25], Batch: 600/2963, Loss: 129.454, Trans_L2_m: 1.587, Yaw_err_deg: 1.656
Epoch: [13/25], Batch: 610/2963, Loss: 114.702, Trans_L2_m: 1.775, Yaw_err_deg: 0.998
Epoch: [13/25], Batch: 620/2963, Loss: 95.216, Trans_L2_m: 1.344, Yaw_err_deg: 1.126
Epoch: [13/25], Batch: 630/2963, Loss: 133.558, Trans_L2_m: 1.467, Yaw_err_deg: 2.048
Epoch: [13/25], Batch: 640/2963, Loss: 111.229, Trans_L2_m: 1.556, Yaw_err_deg: 1.286
Epoch: [13/25], Batch: 650/2963, Loss: 139.064, Trans_L2_m: 1.788, Yaw_err_deg: 1.529
Epoch: [13/25], Batch: 660/2963, Loss: 84.962, Trans_L2_m: 1.293, Yaw_err_deg: 1.131
Epoch: [13/25], Batch: 670/2963, Loss: 107.434, Trans_L2_m: 1.998, Yaw_err_deg: 1.153
Epoch: [13/25], Batch: 680/2963, Loss: 133.946, Trans_L2_m: 1.669, Yaw_err_deg: 1.544
Epoch: [13/25], Batch: 690/2963, Loss: 119.843, Trans_L2_m: 1.951, Yaw_err_deg: 1.317
Epoch: [13/25], Batch: 700/2963, Loss: 120.543, Trans_L2_m: 1.316, Yaw_err_deg: 1.470
Epoch: [13/25], Batch: 710/2963, Loss: 112.416, Trans_L2_m: 2.016, Yaw_err_deg: 0.803
Epoch: [13/25], Batch: 720/2963, Loss: 80.828, Trans_L2_m: 1.353, Yaw_err_deg: 0.900
Epoch: [13/25], Batch: 730/2963, Loss: 93.897, Trans_L2_m: 1.441, Yaw_err_deg: 0.829
Epoch: [13/25], Batch: 740/2963, Loss: 103.046, Trans_L2_m: 1.424, Yaw_err_deg: 1.241
Epoch: [13/25], Batch: 750/2963, Loss: 110.174, Trans_L2_m: 1.700, Yaw_err_deg: 1.218
Epoch: [13/25], Batch: 760/2963, Loss: 138.890, Trans_L2_m: 1.549, Yaw_err_deg: 1.467
Epoch: [13/25], Batch: 770/2963, Loss: 103.471, Trans_L2_m: 1.762, Yaw_err_deg: 1.001
Epoch: [13/25], Batch: 780/2963, Loss: 108.617, Trans_L2_m: 1.726, Yaw_err_deg: 1.442
Epoch: [13/25], Batch: 790/2963, Loss: 110.366, Trans_L2_m: 2.155, Yaw_err_deg: 0.710
Epoch: [13/25], Batch: 800/2963, Loss: 109.128, Trans_L2_m: 1.284, Yaw_err_deg: 1.585
Epoch: [13/25], Batch: 810/2963, Loss: 92.797, Trans_L2_m: 1.174, Yaw_err_deg: 1.363
Epoch: [13/25], Batch: 820/2963, Loss: 137.812, Trans_L2_m: 1.780, Yaw_err_deg: 1.605
Epoch: [13/25], Batch: 830/2963, Loss: 105.167, Trans_L2_m: 1.955, Yaw_err_deg: 1.380
Epoch: [13/25], Batch: 840/2963, Loss: 141.881, Trans_L2_m: 2.227, Yaw_err_deg: 0.965
Epoch: [13/25], Batch: 850/2963, Loss: 122.417, Trans_L2_m: 2.142, Yaw_err_deg: 1.406
Epoch: [13/25], Batch: 860/2963, Loss: 109.991, Trans_L2_m: 1.714, Yaw_err_deg: 1.130
Epoch: [13/25], Batch: 870/2963, Loss: 165.383, Trans_L2_m: 2.092, Yaw_err_deg: 1.524
Epoch: [13/25], Batch: 880/2963, Loss: 154.116, Trans_L2_m: 1.770, Yaw_err_deg: 1.371
Epoch: [13/25], Batch: 890/2963, Loss: 119.686, Trans_L2_m: 1.748, Yaw_err_deg: 1.203
Epoch: [13/25], Batch: 900/2963, Loss: 89.682, Trans_L2_m: 1.330, Yaw_err_deg: 1.304
Epoch: [13/25], Batch: 910/2963, Loss: 132.425, Trans_L2_m: 2.312, Yaw_err_deg: 1.444
Epoch: [13/25], Batch: 920/2963, Loss: 142.028, Trans_L2_m: 2.076, Yaw_err_deg: 1.832
Epoch: [13/25], Batch: 930/2963, Loss: 92.444, Trans_L2_m: 1.544, Yaw_err_deg: 1.075
Epoch: [13/25], Batch: 940/2963, Loss: 125.488, Trans_L2_m: 2.017, Yaw_err_deg: 1.521
Epoch: [13/25], Batch: 950/2963, Loss: 101.179, Trans_L2_m: 1.568, Yaw_err_deg: 1.093
Epoch: [13/25], Batch: 960/2963, Loss: 138.391, Trans_L2_m: 1.842, Yaw_err_deg: 1.783
Epoch: [13/25], Batch: 970/2963, Loss: 105.274, Trans_L2_m: 1.544, Yaw_err_deg: 1.084
Epoch: [13/25], Batch: 980/2963, Loss: 94.924, Trans_L2_m: 1.019, Yaw_err_deg: 1.244
Epoch: [13/25], Batch: 990/2963, Loss: 127.154, Trans_L2_m: 1.880, Yaw_err_deg: 1.063
Epoch: [13/25], Batch: 1000/2963, Loss: 134.054, Trans_L2_m: 2.168, Yaw_err_deg: 1.477
Epoch: [13/25], Batch: 1010/2963, Loss: 127.733, Trans_L2_m: 1.546, Yaw_err_deg: 2.183
Epoch: [13/25], Batch: 1020/2963, Loss: 113.745, Trans_L2_m: 1.207, Yaw_err_deg: 1.551
Epoch: [13/25], Batch: 1030/2963, Loss: 94.762, Trans_L2_m: 1.449, Yaw_err_deg: 1.363
Epoch: [13/25], Batch: 1040/2963, Loss: 142.565, Trans_L2_m: 2.676, Yaw_err_deg: 1.476
Epoch: [13/25], Batch: 1050/2963, Loss: 104.655, Trans_L2_m: 1.302, Yaw_err_deg: 1.436
Epoch: [13/25], Batch: 1060/2963, Loss: 104.958, Trans_L2_m: 1.553, Yaw_err_deg: 1.074
Epoch: [13/25], Batch: 1070/2963, Loss: 155.419, Trans_L2_m: 1.841, Yaw_err_deg: 1.705
Epoch: [13/25], Batch: 1080/2963, Loss: 141.448, Trans_L2_m: 2.269, Yaw_err_deg: 1.348
Epoch: [13/25], Batch: 1090/2963, Loss: 135.394, Trans_L2_m: 2.498, Yaw_err_deg: 1.347
Epoch: [13/25], Batch: 1100/2963, Loss: 89.026, Trans_L2_m: 1.014, Yaw_err_deg: 1.145
Epoch: [13/25], Batch: 1110/2963, Loss: 103.686, Trans_L2_m: 1.648, Yaw_err_deg: 1.295
Epoch: [13/25], Batch: 1120/2963, Loss: 98.406, Trans_L2_m: 1.714, Yaw_err_deg: 1.158
Epoch: [13/25], Batch: 1130/2963, Loss: 173.485, Trans_L2_m: 2.549, Yaw_err_deg: 0.914
Epoch: [13/25], Batch: 1140/2963, Loss: 104.492, Trans_L2_m: 1.433, Yaw_err_deg: 0.642
Epoch: [13/25], Batch: 1150/2963, Loss: 122.124, Trans_L2_m: 1.392, Yaw_err_deg: 1.567
Epoch: [13/25], Batch: 1160/2963, Loss: 93.170, Trans_L2_m: 1.670, Yaw_err_deg: 0.923
Epoch: [13/25], Batch: 1170/2963, Loss: 85.278, Trans_L2_m: 1.194, Yaw_err_deg: 1.137
Epoch: [13/25], Batch: 1180/2963, Loss: 112.911, Trans_L2_m: 1.580, Yaw_err_deg: 1.082
Epoch: [13/25], Batch: 1190/2963, Loss: 96.560, Trans_L2_m: 0.895, Yaw_err_deg: 1.263
Epoch: [13/25], Batch: 1200/2963, Loss: 93.655, Trans_L2_m: 1.348, Yaw_err_deg: 0.961
Epoch: [13/25], Batch: 1210/2963, Loss: 89.478, Trans_L2_m: 1.043, Yaw_err_deg: 0.996
Epoch: [13/25], Batch: 1220/2963, Loss: 117.350, Trans_L2_m: 1.833, Yaw_err_deg: 1.135
Epoch: [13/25], Batch: 1230/2963, Loss: 154.605, Trans_L2_m: 2.126, Yaw_err_deg: 1.378
Epoch: [13/25], Batch: 1240/2963, Loss: 169.063, Trans_L2_m: 2.081, Yaw_err_deg: 2.147
Epoch: [13/25], Batch: 1250/2963, Loss: 121.264, Trans_L2_m: 1.721, Yaw_err_deg: 1.603
Epoch: [13/25], Batch: 1260/2963, Loss: 92.962, Trans_L2_m: 1.364, Yaw_err_deg: 1.361
Epoch: [13/25], Batch: 1270/2963, Loss: 120.163, Trans_L2_m: 1.389, Yaw_err_deg: 1.441
Epoch: [13/25], Batch: 1280/2963, Loss: 117.161, Trans_L2_m: 1.489, Yaw_err_deg: 1.261
Epoch: [13/25], Batch: 1290/2963, Loss: 87.883, Trans_L2_m: 1.258, Yaw_err_deg: 1.396
Epoch: [13/25], Batch: 1300/2963, Loss: 104.465, Trans_L2_m: 1.698, Yaw_err_deg: 0.978
Epoch: [13/25], Batch: 1310/2963, Loss: 119.002, Trans_L2_m: 1.738, Yaw_err_deg: 1.669
Epoch: [13/25], Batch: 1320/2963, Loss: 108.919, Trans_L2_m: 1.784, Yaw_err_deg: 0.807
Epoch: [13/25], Batch: 1330/2963, Loss: 88.166, Trans_L2_m: 1.166, Yaw_err_deg: 1.124
Epoch: [13/25], Batch: 1340/2963, Loss: 102.750, Trans_L2_m: 1.584, Yaw_err_deg: 0.957
Epoch: [13/25], Batch: 1350/2963, Loss: 113.042, Trans_L2_m: 1.437, Yaw_err_deg: 1.369
Epoch: [13/25], Batch: 1360/2963, Loss: 161.316, Trans_L2_m: 2.014, Yaw_err_deg: 1.278
Epoch: [13/25], Batch: 1370/2963, Loss: 135.349, Trans_L2_m: 2.353, Yaw_err_deg: 1.332
Epoch: [13/25], Batch: 1380/2963, Loss: 103.886, Trans_L2_m: 1.250, Yaw_err_deg: 1.323
Epoch: [13/25], Batch: 1390/2963, Loss: 107.476, Trans_L2_m: 1.980, Yaw_err_deg: 1.149
Epoch: [13/25], Batch: 1400/2963, Loss: 100.850, Trans_L2_m: 1.106, Yaw_err_deg: 1.324
Epoch: [13/25], Batch: 1410/2963, Loss: 112.161, Trans_L2_m: 1.538, Yaw_err_deg: 1.380
Epoch: [13/25], Batch: 1420/2963, Loss: 97.452, Trans_L2_m: 1.538, Yaw_err_deg: 1.097
Epoch: [13/25], Batch: 1430/2963, Loss: 222.336, Trans_L2_m: 2.731, Yaw_err_deg: 1.736
Epoch: [13/25], Batch: 1440/2963, Loss: 164.995, Trans_L2_m: 2.062, Yaw_err_deg: 1.018
Epoch: [13/25], Batch: 1450/2963, Loss: 120.650, Trans_L2_m: 1.425, Yaw_err_deg: 1.590
Epoch: [13/25], Batch: 1460/2963, Loss: 120.773, Trans_L2_m: 1.775, Yaw_err_deg: 1.268
Epoch: [13/25], Batch: 1470/2963, Loss: 117.681, Trans_L2_m: 1.427, Yaw_err_deg: 1.616
Epoch: [13/25], Batch: 1480/2963, Loss: 124.746, Trans_L2_m: 1.945, Yaw_err_deg: 0.814
Epoch: [13/25], Batch: 1490/2963, Loss: 104.933, Trans_L2_m: 1.822, Yaw_err_deg: 0.834
Epoch: [13/25], Batch: 1500/2963, Loss: 119.814, Trans_L2_m: 1.754, Yaw_err_deg: 1.500
Epoch: [13/25], Batch: 1510/2963, Loss: 95.901, Trans_L2_m: 1.715, Yaw_err_deg: 1.028
Epoch: [13/25], Batch: 1520/2963, Loss: 103.997, Trans_L2_m: 1.532, Yaw_err_deg: 1.250
Epoch: [13/25], Batch: 1530/2963, Loss: 160.102, Trans_L2_m: 2.001, Yaw_err_deg: 1.557
Epoch: [13/25], Batch: 1540/2963, Loss: 111.995, Trans_L2_m: 1.785, Yaw_err_deg: 1.058
Epoch: [13/25], Batch: 1550/2963, Loss: 97.895, Trans_L2_m: 1.671, Yaw_err_deg: 1.303
Epoch: [13/25], Batch: 1560/2963, Loss: 94.976, Trans_L2_m: 1.430, Yaw_err_deg: 1.241
Epoch: [13/25], Batch: 1570/2963, Loss: 94.308, Trans_L2_m: 1.657, Yaw_err_deg: 0.816
Epoch: [13/25], Batch: 1580/2963, Loss: 189.705, Trans_L2_m: 2.311, Yaw_err_deg: 1.371
Epoch: [13/25], Batch: 1590/2963, Loss: 156.710, Trans_L2_m: 2.342, Yaw_err_deg: 1.166
Epoch: [13/25], Batch: 1600/2963, Loss: 348.554, Trans_L2_m: 2.974, Yaw_err_deg: 1.878
Epoch: [13/25], Batch: 1610/2963, Loss: 98.654, Trans_L2_m: 1.695, Yaw_err_deg: 0.667
Epoch: [13/25], Batch: 1620/2963, Loss: 120.896, Trans_L2_m: 1.921, Yaw_err_deg: 1.216
Epoch: [13/25], Batch: 1630/2963, Loss: 112.043, Trans_L2_m: 1.658, Yaw_err_deg: 1.170
Epoch: [13/25], Batch: 1640/2963, Loss: 101.725, Trans_L2_m: 1.842, Yaw_err_deg: 1.165
Epoch: [13/25], Batch: 1650/2963, Loss: 268.553, Trans_L2_m: 2.804, Yaw_err_deg: 1.197
Epoch: [13/25], Batch: 1660/2963, Loss: 93.764, Trans_L2_m: 1.607, Yaw_err_deg: 0.763
Epoch: [13/25], Batch: 1670/2963, Loss: 97.187, Trans_L2_m: 1.201, Yaw_err_deg: 1.046
Epoch: [13/25], Batch: 1680/2963, Loss: 161.191, Trans_L2_m: 2.439, Yaw_err_deg: 1.476
Epoch: [13/25], Batch: 1690/2963, Loss: 93.662, Trans_L2_m: 1.540, Yaw_err_deg: 1.205
Epoch: [13/25], Batch: 1700/2963, Loss: 95.650, Trans_L2_m: 1.227, Yaw_err_deg: 1.057
Epoch: [13/25], Batch: 1710/2963, Loss: 116.684, Trans_L2_m: 1.859, Yaw_err_deg: 0.999
Epoch: [13/25], Batch: 1720/2963, Loss: 102.285, Trans_L2_m: 1.385, Yaw_err_deg: 1.256
Epoch: [13/25], Batch: 1730/2963, Loss: 83.261, Trans_L2_m: 1.131, Yaw_err_deg: 1.079
Epoch: [13/25], Batch: 1740/2963, Loss: 103.817, Trans_L2_m: 1.122, Yaw_err_deg: 1.235
Epoch: [13/25], Batch: 1750/2963, Loss: 143.047, Trans_L2_m: 2.299, Yaw_err_deg: 1.019
Epoch: [13/25], Batch: 1760/2963, Loss: 107.166, Trans_L2_m: 1.592, Yaw_err_deg: 1.128
Epoch: [13/25], Batch: 1770/2963, Loss: 121.830, Trans_L2_m: 1.650, Yaw_err_deg: 1.096
Epoch: [13/25], Batch: 1780/2963, Loss: 99.540, Trans_L2_m: 1.466, Yaw_err_deg: 0.832
Epoch: [13/25], Batch: 1790/2963, Loss: 106.183, Trans_L2_m: 1.504, Yaw_err_deg: 1.321
Epoch: [13/25], Batch: 1800/2963, Loss: 125.025, Trans_L2_m: 1.772, Yaw_err_deg: 1.371
Epoch: [13/25], Batch: 1810/2963, Loss: 120.037, Trans_L2_m: 1.422, Yaw_err_deg: 1.660
Epoch: [13/25], Batch: 1820/2963, Loss: 111.527, Trans_L2_m: 1.289, Yaw_err_deg: 1.477
Epoch: [13/25], Batch: 1830/2963, Loss: 86.276, Trans_L2_m: 1.280, Yaw_err_deg: 1.046
Epoch: [13/25], Batch: 1840/2963, Loss: 110.131, Trans_L2_m: 2.217, Yaw_err_deg: 0.723
Epoch: [13/25], Batch: 1850/2963, Loss: 112.516, Trans_L2_m: 1.593, Yaw_err_deg: 1.187
Epoch: [13/25], Batch: 1860/2963, Loss: 164.842, Trans_L2_m: 2.121, Yaw_err_deg: 1.490
Epoch: [13/25], Batch: 1870/2963, Loss: 89.526, Trans_L2_m: 1.349, Yaw_err_deg: 0.799
Epoch: [13/25], Batch: 1880/2963, Loss: 109.711, Trans_L2_m: 1.591, Yaw_err_deg: 1.105
Epoch: [13/25], Batch: 1890/2963, Loss: 151.200, Trans_L2_m: 1.474, Yaw_err_deg: 2.102
Epoch: [13/25], Batch: 1900/2963, Loss: 97.297, Trans_L2_m: 1.980, Yaw_err_deg: 1.087
Epoch: [13/25], Batch: 1910/2963, Loss: 125.258, Trans_L2_m: 1.995, Yaw_err_deg: 1.446
Epoch: [13/25], Batch: 1920/2963, Loss: 81.873, Trans_L2_m: 1.342, Yaw_err_deg: 1.008
Epoch: [13/25], Batch: 1930/2963, Loss: 97.724, Trans_L2_m: 1.505, Yaw_err_deg: 1.217
Epoch: [13/25], Batch: 1940/2963, Loss: 87.090, Trans_L2_m: 1.359, Yaw_err_deg: 1.120
Epoch: [13/25], Batch: 1950/2963, Loss: 114.978, Trans_L2_m: 1.878, Yaw_err_deg: 1.413
Epoch: [13/25], Batch: 1960/2963, Loss: 102.089, Trans_L2_m: 1.469, Yaw_err_deg: 1.240
Epoch: [13/25], Batch: 1970/2963, Loss: 95.175, Trans_L2_m: 1.350, Yaw_err_deg: 1.023
Epoch: [13/25], Batch: 1980/2963, Loss: 117.482, Trans_L2_m: 1.494, Yaw_err_deg: 1.482
Epoch: [13/25], Batch: 1990/2963, Loss: 95.631, Trans_L2_m: 1.414, Yaw_err_deg: 0.983
Epoch: [13/25], Batch: 2000/2963, Loss: 117.586, Trans_L2_m: 2.178, Yaw_err_deg: 1.241
Epoch: [13/25], Batch: 2010/2963, Loss: 97.778, Trans_L2_m: 1.616, Yaw_err_deg: 0.894
Epoch: [13/25], Batch: 2020/2963, Loss: 156.338, Trans_L2_m: 2.404, Yaw_err_deg: 0.696
Epoch: [13/25], Batch: 2030/2963, Loss: 104.485, Trans_L2_m: 1.334, Yaw_err_deg: 1.688
Epoch: [13/25], Batch: 2040/2963, Loss: 91.199, Trans_L2_m: 1.280, Yaw_err_deg: 0.990
Epoch: [13/25], Batch: 2050/2963, Loss: 113.325, Trans_L2_m: 1.370, Yaw_err_deg: 0.965
Epoch: [13/25], Batch: 2060/2963, Loss: 121.750, Trans_L2_m: 2.138, Yaw_err_deg: 1.493
Epoch: [13/25], Batch: 2070/2963, Loss: 94.118, Trans_L2_m: 1.101, Yaw_err_deg: 1.297
Epoch: [13/25], Batch: 2080/2963, Loss: 120.242, Trans_L2_m: 1.513, Yaw_err_deg: 1.738
Epoch: [13/25], Batch: 2090/2963, Loss: 123.412, Trans_L2_m: 1.821, Yaw_err_deg: 1.800
Epoch: [13/25], Batch: 2100/2963, Loss: 121.442, Trans_L2_m: 1.661, Yaw_err_deg: 1.187
Epoch: [13/25], Batch: 2110/2963, Loss: 84.982, Trans_L2_m: 1.272, Yaw_err_deg: 0.754
Epoch: [13/25], Batch: 2120/2963, Loss: 134.327, Trans_L2_m: 2.339, Yaw_err_deg: 1.245
Epoch: [13/25], Batch: 2130/2963, Loss: 167.527, Trans_L2_m: 2.421, Yaw_err_deg: 1.633
Epoch: [13/25], Batch: 2140/2963, Loss: 123.384, Trans_L2_m: 1.862, Yaw_err_deg: 1.597
Epoch: [13/25], Batch: 2150/2963, Loss: 115.006, Trans_L2_m: 1.522, Yaw_err_deg: 1.528
Epoch: [13/25], Batch: 2160/2963, Loss: 92.246, Trans_L2_m: 1.566, Yaw_err_deg: 1.024
Epoch: [13/25], Batch: 2170/2963, Loss: 111.099, Trans_L2_m: 1.807, Yaw_err_deg: 0.984
Epoch: [13/25], Batch: 2180/2963, Loss: 89.405, Trans_L2_m: 1.273, Yaw_err_deg: 0.895
Epoch: [13/25], Batch: 2190/2963, Loss: 136.157, Trans_L2_m: 1.964, Yaw_err_deg: 1.311
Epoch: [13/25], Batch: 2200/2963, Loss: 110.567, Trans_L2_m: 1.474, Yaw_err_deg: 1.220
Epoch: [13/25], Batch: 2210/2963, Loss: 137.027, Trans_L2_m: 2.272, Yaw_err_deg: 1.288
Epoch: [13/25], Batch: 2220/2963, Loss: 109.185, Trans_L2_m: 1.733, Yaw_err_deg: 0.983
Epoch: [13/25], Batch: 2230/2963, Loss: 333.619, Trans_L2_m: 2.791, Yaw_err_deg: 1.016
Epoch: [13/25], Batch: 2240/2963, Loss: 89.700, Trans_L2_m: 1.093, Yaw_err_deg: 1.181
Epoch: [13/25], Batch: 2250/2963, Loss: 134.440, Trans_L2_m: 1.648, Yaw_err_deg: 1.299
Epoch: [13/25], Batch: 2260/2963, Loss: 127.951, Trans_L2_m: 1.890, Yaw_err_deg: 1.327
Epoch: [13/25], Batch: 2270/2963, Loss: 111.744, Trans_L2_m: 1.339, Yaw_err_deg: 1.200
Epoch: [13/25], Batch: 2280/2963, Loss: 117.242, Trans_L2_m: 1.671, Yaw_err_deg: 1.222
Epoch: [13/25], Batch: 2290/2963, Loss: 112.174, Trans_L2_m: 2.084, Yaw_err_deg: 1.322
Epoch: [13/25], Batch: 2300/2963, Loss: 206.570, Trans_L2_m: 2.300, Yaw_err_deg: 1.080
Epoch: [13/25], Batch: 2310/2963, Loss: 111.634, Trans_L2_m: 1.537, Yaw_err_deg: 1.705
Epoch: [13/25], Batch: 2320/2963, Loss: 113.738, Trans_L2_m: 1.486, Yaw_err_deg: 1.743
Epoch: [13/25], Batch: 2330/2963, Loss: 91.002, Trans_L2_m: 1.392, Yaw_err_deg: 1.013
Epoch: [13/25], Batch: 2340/2963, Loss: 94.009, Trans_L2_m: 1.175, Yaw_err_deg: 1.015
Epoch: [13/25], Batch: 2350/2963, Loss: 143.065, Trans_L2_m: 1.528, Yaw_err_deg: 1.706
Epoch: [13/25], Batch: 2360/2963, Loss: 118.919, Trans_L2_m: 1.725, Yaw_err_deg: 1.305
Epoch: [13/25], Batch: 2370/2963, Loss: 100.730, Trans_L2_m: 1.400, Yaw_err_deg: 0.908
Epoch: [13/25], Batch: 2380/2963, Loss: 83.300, Trans_L2_m: 1.053, Yaw_err_deg: 0.990
Epoch: [13/25], Batch: 2390/2963, Loss: 100.433, Trans_L2_m: 1.868, Yaw_err_deg: 0.855
Epoch: [13/25], Batch: 2400/2963, Loss: 81.514, Trans_L2_m: 1.296, Yaw_err_deg: 0.785
Epoch: [13/25], Batch: 2410/2963, Loss: 115.083, Trans_L2_m: 1.651, Yaw_err_deg: 1.230
Epoch: [13/25], Batch: 2420/2963, Loss: 132.171, Trans_L2_m: 1.423, Yaw_err_deg: 2.145
Epoch: [13/25], Batch: 2430/2963, Loss: 104.155, Trans_L2_m: 1.960, Yaw_err_deg: 1.241
Epoch: [13/25], Batch: 2440/2963, Loss: 121.130, Trans_L2_m: 1.562, Yaw_err_deg: 1.214
Epoch: [13/25], Batch: 2450/2963, Loss: 103.265, Trans_L2_m: 1.722, Yaw_err_deg: 1.133
Epoch: [13/25], Batch: 2460/2963, Loss: 117.142, Trans_L2_m: 1.609, Yaw_err_deg: 1.422
Epoch: [13/25], Batch: 2470/2963, Loss: 116.467, Trans_L2_m: 1.794, Yaw_err_deg: 1.121
Epoch: [13/25], Batch: 2480/2963, Loss: 103.609, Trans_L2_m: 1.908, Yaw_err_deg: 0.982
Epoch: [13/25], Batch: 2490/2963, Loss: 115.144, Trans_L2_m: 2.026, Yaw_err_deg: 1.028
Epoch: [13/25], Batch: 2500/2963, Loss: 106.387, Trans_L2_m: 1.619, Yaw_err_deg: 1.114
Epoch: [13/25], Batch: 2510/2963, Loss: 107.315, Trans_L2_m: 1.432, Yaw_err_deg: 1.539
Epoch: [13/25], Batch: 2520/2963, Loss: 104.208, Trans_L2_m: 1.411, Yaw_err_deg: 1.346
Epoch: [13/25], Batch: 2530/2963, Loss: 96.727, Trans_L2_m: 1.565, Yaw_err_deg: 0.870
Epoch: [13/25], Batch: 2540/2963, Loss: 114.042, Trans_L2_m: 1.805, Yaw_err_deg: 0.714
Epoch: [13/25], Batch: 2550/2963, Loss: 99.385, Trans_L2_m: 1.363, Yaw_err_deg: 1.086
Epoch: [13/25], Batch: 2560/2963, Loss: 95.548, Trans_L2_m: 1.551, Yaw_err_deg: 1.012
Epoch: [13/25], Batch: 2570/2963, Loss: 122.800, Trans_L2_m: 1.939, Yaw_err_deg: 1.192
Epoch: [13/25], Batch: 2580/2963, Loss: 82.071, Trans_L2_m: 1.329, Yaw_err_deg: 0.846
Epoch: [13/25], Batch: 2590/2963, Loss: 91.572, Trans_L2_m: 1.445, Yaw_err_deg: 1.208
Epoch: [13/25], Batch: 2600/2963, Loss: 175.201, Trans_L2_m: 2.187, Yaw_err_deg: 1.357
Epoch: [13/25], Batch: 2610/2963, Loss: 118.905, Trans_L2_m: 1.422, Yaw_err_deg: 1.786
Epoch: [13/25], Batch: 2620/2963, Loss: 128.154, Trans_L2_m: 1.706, Yaw_err_deg: 1.381
Epoch: [13/25], Batch: 2630/2963, Loss: 134.648, Trans_L2_m: 1.732, Yaw_err_deg: 1.357
Epoch: [13/25], Batch: 2640/2963, Loss: 106.390, Trans_L2_m: 1.696, Yaw_err_deg: 1.213
Epoch: [13/25], Batch: 2650/2963, Loss: 131.111, Trans_L2_m: 1.838, Yaw_err_deg: 1.313
Epoch: [13/25], Batch: 2660/2963, Loss: 102.874, Trans_L2_m: 1.698, Yaw_err_deg: 1.172
Epoch: [13/25], Batch: 2670/2963, Loss: 123.976, Trans_L2_m: 1.793, Yaw_err_deg: 1.719
Epoch: [13/25], Batch: 2680/2963, Loss: 130.022, Trans_L2_m: 1.730, Yaw_err_deg: 1.478
Epoch: [13/25], Batch: 2690/2963, Loss: 126.663, Trans_L2_m: 1.499, Yaw_err_deg: 1.094
Epoch: [13/25], Batch: 2700/2963, Loss: 111.216, Trans_L2_m: 1.430, Yaw_err_deg: 1.101
Epoch: [13/25], Batch: 2710/2963, Loss: 99.385, Trans_L2_m: 1.281, Yaw_err_deg: 1.335
Epoch: [13/25], Batch: 2720/2963, Loss: 94.911, Trans_L2_m: 1.374, Yaw_err_deg: 0.951
Epoch: [13/25], Batch: 2730/2963, Loss: 130.880, Trans_L2_m: 1.543, Yaw_err_deg: 1.843
Epoch: [13/25], Batch: 2740/2963, Loss: 119.409, Trans_L2_m: 1.574, Yaw_err_deg: 1.600
Epoch: [13/25], Batch: 2750/2963, Loss: 121.062, Trans_L2_m: 2.039, Yaw_err_deg: 1.083
Epoch: [13/25], Batch: 2760/2963, Loss: 105.514, Trans_L2_m: 1.750, Yaw_err_deg: 1.134
Epoch: [13/25], Batch: 2770/2963, Loss: 86.951, Trans_L2_m: 1.067, Yaw_err_deg: 0.850
Epoch: [13/25], Batch: 2780/2963, Loss: 94.809, Trans_L2_m: 1.268, Yaw_err_deg: 1.282
Epoch: [13/25], Batch: 2790/2963, Loss: 117.728, Trans_L2_m: 1.688, Yaw_err_deg: 1.062
Epoch: [13/25], Batch: 2800/2963, Loss: 93.523, Trans_L2_m: 1.248, Yaw_err_deg: 0.999
Epoch: [13/25], Batch: 2810/2963, Loss: 108.116, Trans_L2_m: 1.438, Yaw_err_deg: 1.609
Epoch: [13/25], Batch: 2820/2963, Loss: 101.447, Trans_L2_m: 1.710, Yaw_err_deg: 0.826
Epoch: [13/25], Batch: 2830/2963, Loss: 119.065, Trans_L2_m: 2.186, Yaw_err_deg: 1.421
Epoch: [13/25], Batch: 2840/2963, Loss: 127.220, Trans_L2_m: 1.828, Yaw_err_deg: 1.562
Epoch: [13/25], Batch: 2850/2963, Loss: 103.261, Trans_L2_m: 1.088, Yaw_err_deg: 1.449
Epoch: [13/25], Batch: 2860/2963, Loss: 99.904, Trans_L2_m: 1.149, Yaw_err_deg: 1.712
Epoch: [13/25], Batch: 2870/2963, Loss: 120.917, Trans_L2_m: 1.598, Yaw_err_deg: 1.449
Epoch: [13/25], Batch: 2880/2963, Loss: 132.758, Trans_L2_m: 2.082, Yaw_err_deg: 1.422
Epoch: [13/25], Batch: 2890/2963, Loss: 101.252, Trans_L2_m: 1.760, Yaw_err_deg: 0.904
Epoch: [13/25], Batch: 2900/2963, Loss: 115.907, Trans_L2_m: 1.862, Yaw_err_deg: 1.181
Epoch: [13/25], Batch: 2910/2963, Loss: 229.029, Trans_L2_m: 3.119, Yaw_err_deg: 1.173
Epoch: [13/25], Batch: 2920/2963, Loss: 115.809, Trans_L2_m: 1.657, Yaw_err_deg: 1.736
Epoch: [13/25], Batch: 2930/2963, Loss: 113.898, Trans_L2_m: 2.212, Yaw_err_deg: 1.248
Epoch: [13/25], Batch: 2940/2963, Loss: 131.988, Trans_L2_m: 1.853, Yaw_err_deg: 1.208
Epoch: [13/25], Batch: 2950/2963, Loss: 149.899, Trans_L2_m: 2.031, Yaw_err_deg: 1.086
Epoch: [13/25], Batch: 2960/2963, Loss: 87.094, Trans_L2_m: 1.220, Yaw_err_deg: 0.833
Epoch: [14/25], Batch: 0/2963, Loss: 118.725, Trans_L2_m: 1.828, Yaw_err_deg: 1.329
Epoch: [14/25], Batch: 10/2963, Loss: 106.419, Trans_L2_m: 1.687, Yaw_err_deg: 0.982
Epoch: [14/25], Batch: 20/2963, Loss: 108.257, Trans_L2_m: 1.532, Yaw_err_deg: 1.493
Epoch: [14/25], Batch: 30/2963, Loss: 98.844, Trans_L2_m: 1.748, Yaw_err_deg: 1.266
Epoch: [14/25], Batch: 40/2963, Loss: 101.761, Trans_L2_m: 1.455, Yaw_err_deg: 1.603
Epoch: [14/25], Batch: 50/2963, Loss: 100.865, Trans_L2_m: 1.332, Yaw_err_deg: 0.737
Epoch: [14/25], Batch: 60/2963, Loss: 96.008, Trans_L2_m: 1.466, Yaw_err_deg: 1.386
Epoch: [14/25], Batch: 70/2963, Loss: 114.152, Trans_L2_m: 1.752, Yaw_err_deg: 1.396
Epoch: [14/25], Batch: 80/2963, Loss: 78.392, Trans_L2_m: 1.014, Yaw_err_deg: 1.122
Epoch: [14/25], Batch: 90/2963, Loss: 121.642, Trans_L2_m: 1.781, Yaw_err_deg: 1.485
Epoch: [14/25], Batch: 100/2963, Loss: 103.258, Trans_L2_m: 1.836, Yaw_err_deg: 0.818
Epoch: [14/25], Batch: 110/2963, Loss: 91.504, Trans_L2_m: 1.418, Yaw_err_deg: 1.188
Epoch: [14/25], Batch: 120/2963, Loss: 101.924, Trans_L2_m: 1.691, Yaw_err_deg: 0.878
Epoch: [14/25], Batch: 130/2963, Loss: 84.527, Trans_L2_m: 1.691, Yaw_err_deg: 0.811
Epoch: [14/25], Batch: 140/2963, Loss: 107.149, Trans_L2_m: 1.733, Yaw_err_deg: 0.893
Epoch: [14/25], Batch: 150/2963, Loss: 179.361, Trans_L2_m: 2.617, Yaw_err_deg: 1.308
Epoch: [14/25], Batch: 160/2963, Loss: 101.593, Trans_L2_m: 1.063, Yaw_err_deg: 1.065
Epoch: [14/25], Batch: 170/2963, Loss: 92.440, Trans_L2_m: 1.450, Yaw_err_deg: 1.084
Epoch: [14/25], Batch: 180/2963, Loss: 513.302, Trans_L2_m: 3.856, Yaw_err_deg: 1.225
Epoch: [14/25], Batch: 190/2963, Loss: 115.343, Trans_L2_m: 1.499, Yaw_err_deg: 1.622
Epoch: [14/25], Batch: 200/2963, Loss: 131.512, Trans_L2_m: 2.013, Yaw_err_deg: 1.313
Epoch: [14/25], Batch: 210/2963, Loss: 101.428, Trans_L2_m: 1.290, Yaw_err_deg: 1.221
Epoch: [14/25], Batch: 220/2963, Loss: 97.864, Trans_L2_m: 1.498, Yaw_err_deg: 0.956
Epoch: [14/25], Batch: 230/2963, Loss: 89.917, Trans_L2_m: 1.481, Yaw_err_deg: 0.945
Epoch: [14/25], Batch: 240/2963, Loss: 82.053, Trans_L2_m: 0.918, Yaw_err_deg: 1.253
Epoch: [14/25], Batch: 250/2963, Loss: 108.833, Trans_L2_m: 1.439, Yaw_err_deg: 0.972
Epoch: [14/25], Batch: 260/2963, Loss: 109.457, Trans_L2_m: 1.624, Yaw_err_deg: 1.488
Epoch: [14/25], Batch: 270/2963, Loss: 107.380, Trans_L2_m: 1.642, Yaw_err_deg: 0.688
Epoch: [14/25], Batch: 280/2963, Loss: 125.225, Trans_L2_m: 1.951, Yaw_err_deg: 1.402
Epoch: [14/25], Batch: 290/2963, Loss: 92.504, Trans_L2_m: 1.327, Yaw_err_deg: 1.344
Epoch: [14/25], Batch: 300/2963, Loss: 87.901, Trans_L2_m: 1.354, Yaw_err_deg: 1.203
Epoch: [14/25], Batch: 310/2963, Loss: 100.952, Trans_L2_m: 1.624, Yaw_err_deg: 1.054
Epoch: [14/25], Batch: 320/2963, Loss: 89.224, Trans_L2_m: 1.425, Yaw_err_deg: 1.181
Epoch: [14/25], Batch: 330/2963, Loss: 119.571, Trans_L2_m: 1.087, Yaw_err_deg: 1.574
Epoch: [14/25], Batch: 340/2963, Loss: 114.150, Trans_L2_m: 1.454, Yaw_err_deg: 1.818
Epoch: [14/25], Batch: 350/2963, Loss: 88.123, Trans_L2_m: 1.175, Yaw_err_deg: 0.756
Epoch: [14/25], Batch: 360/2963, Loss: 100.585, Trans_L2_m: 1.450, Yaw_err_deg: 1.284
Epoch: [14/25], Batch: 370/2963, Loss: 110.574, Trans_L2_m: 1.479, Yaw_err_deg: 0.961
Epoch: [14/25], Batch: 380/2963, Loss: 95.544, Trans_L2_m: 1.145, Yaw_err_deg: 1.144
Epoch: [14/25], Batch: 390/2963, Loss: 115.898, Trans_L2_m: 1.894, Yaw_err_deg: 0.925
Epoch: [14/25], Batch: 400/2963, Loss: 109.175, Trans_L2_m: 1.541, Yaw_err_deg: 1.338
Epoch: [14/25], Batch: 410/2963, Loss: 103.216, Trans_L2_m: 1.538, Yaw_err_deg: 1.136
Epoch: [14/25], Batch: 420/2963, Loss: 130.501, Trans_L2_m: 1.128, Yaw_err_deg: 1.681
Epoch: [14/25], Batch: 430/2963, Loss: 112.467, Trans_L2_m: 1.767, Yaw_err_deg: 1.373
Epoch: [14/25], Batch: 440/2963, Loss: 114.518, Trans_L2_m: 1.743, Yaw_err_deg: 0.876
Epoch: [14/25], Batch: 450/2963, Loss: 94.083, Trans_L2_m: 1.290, Yaw_err_deg: 1.180
Epoch: [14/25], Batch: 460/2963, Loss: 105.214, Trans_L2_m: 1.683, Yaw_err_deg: 1.023
Epoch: [14/25], Batch: 470/2963, Loss: 91.285, Trans_L2_m: 0.956, Yaw_err_deg: 1.252
Epoch: [14/25], Batch: 480/2963, Loss: 124.687, Trans_L2_m: 1.965, Yaw_err_deg: 1.659
Epoch: [14/25], Batch: 490/2963, Loss: 172.644, Trans_L2_m: 1.636, Yaw_err_deg: 1.298
Epoch: [14/25], Batch: 500/2963, Loss: 92.353, Trans_L2_m: 1.179, Yaw_err_deg: 1.026
Epoch: [14/25], Batch: 510/2963, Loss: 171.542, Trans_L2_m: 2.697, Yaw_err_deg: 1.015
Epoch: [14/25], Batch: 520/2963, Loss: 123.163, Trans_L2_m: 1.196, Yaw_err_deg: 1.361
Epoch: [14/25], Batch: 530/2963, Loss: 109.304, Trans_L2_m: 1.457, Yaw_err_deg: 1.212
Epoch: [14/25], Batch: 540/2963, Loss: 96.923, Trans_L2_m: 1.343, Yaw_err_deg: 1.140
Epoch: [14/25], Batch: 550/2963, Loss: 110.952, Trans_L2_m: 1.486, Yaw_err_deg: 1.575
Epoch: [14/25], Batch: 560/2963, Loss: 102.108, Trans_L2_m: 1.422, Yaw_err_deg: 1.195
Epoch: [14/25], Batch: 570/2963, Loss: 118.210, Trans_L2_m: 1.774, Yaw_err_deg: 1.186
Epoch: [14/25], Batch: 580/2963, Loss: 86.076, Trans_L2_m: 1.416, Yaw_err_deg: 0.746
Epoch: [14/25], Batch: 590/2963, Loss: 545.097, Trans_L2_m: 3.698, Yaw_err_deg: 1.179
Epoch: [14/25], Batch: 600/2963, Loss: 108.427, Trans_L2_m: 1.705, Yaw_err_deg: 1.226
Epoch: [14/25], Batch: 610/2963, Loss: 85.286, Trans_L2_m: 1.211, Yaw_err_deg: 1.289
Epoch: [14/25], Batch: 620/2963, Loss: 387.022, Trans_L2_m: 3.197, Yaw_err_deg: 1.033
Epoch: [14/25], Batch: 630/2963, Loss: 90.078, Trans_L2_m: 1.049, Yaw_err_deg: 1.361
Epoch: [14/25], Batch: 640/2963, Loss: 111.697, Trans_L2_m: 1.773, Yaw_err_deg: 1.412
Epoch: [14/25], Batch: 650/2963, Loss: 100.941, Trans_L2_m: 1.738, Yaw_err_deg: 1.229
Epoch: [14/25], Batch: 660/2963, Loss: 105.210, Trans_L2_m: 1.277, Yaw_err_deg: 1.712
Epoch: [14/25], Batch: 670/2963, Loss: 98.267, Trans_L2_m: 1.406, Yaw_err_deg: 1.465
Epoch: [14/25], Batch: 680/2963, Loss: 96.469, Trans_L2_m: 1.111, Yaw_err_deg: 1.173
Epoch: [14/25], Batch: 690/2963, Loss: 162.769, Trans_L2_m: 2.523, Yaw_err_deg: 1.046
Epoch: [14/25], Batch: 700/2963, Loss: 89.820, Trans_L2_m: 1.484, Yaw_err_deg: 0.856
Epoch: [14/25], Batch: 710/2963, Loss: 95.898, Trans_L2_m: 1.068, Yaw_err_deg: 1.096
Epoch: [14/25], Batch: 720/2963, Loss: 105.444, Trans_L2_m: 1.612, Yaw_err_deg: 1.067
Epoch: [14/25], Batch: 730/2963, Loss: 95.875, Trans_L2_m: 1.063, Yaw_err_deg: 1.469
Epoch: [14/25], Batch: 740/2963, Loss: 91.958, Trans_L2_m: 1.077, Yaw_err_deg: 1.476
Epoch: [14/25], Batch: 750/2963, Loss: 88.266, Trans_L2_m: 1.271, Yaw_err_deg: 1.373
Epoch: [14/25], Batch: 760/2963, Loss: 105.533, Trans_L2_m: 1.968, Yaw_err_deg: 0.768
Epoch: [14/25], Batch: 770/2963, Loss: 86.510, Trans_L2_m: 1.267, Yaw_err_deg: 1.023
Epoch: [14/25], Batch: 780/2963, Loss: 492.783, Trans_L2_m: 3.438, Yaw_err_deg: 1.130
Epoch: [14/25], Batch: 790/2963, Loss: 83.355, Trans_L2_m: 0.959, Yaw_err_deg: 1.183
Epoch: [14/25], Batch: 800/2963, Loss: 111.683, Trans_L2_m: 1.415, Yaw_err_deg: 1.665
Epoch: [14/25], Batch: 810/2963, Loss: 79.613, Trans_L2_m: 1.308, Yaw_err_deg: 1.090
Epoch: [14/25], Batch: 820/2963, Loss: 99.552, Trans_L2_m: 1.297, Yaw_err_deg: 1.595
Epoch: [14/25], Batch: 830/2963, Loss: 101.684, Trans_L2_m: 1.873, Yaw_err_deg: 1.103
Epoch: [14/25], Batch: 840/2963, Loss: 101.769, Trans_L2_m: 1.018, Yaw_err_deg: 1.539
Epoch: [14/25], Batch: 850/2963, Loss: 98.718, Trans_L2_m: 1.409, Yaw_err_deg: 1.286
Epoch: [14/25], Batch: 860/2963, Loss: 104.747, Trans_L2_m: 1.519, Yaw_err_deg: 1.409
Epoch: [14/25], Batch: 870/2963, Loss: 117.503, Trans_L2_m: 2.165, Yaw_err_deg: 0.965
Epoch: [14/25], Batch: 880/2963, Loss: 87.376, Trans_L2_m: 1.242, Yaw_err_deg: 1.137
Epoch: [14/25], Batch: 890/2963, Loss: 149.173, Trans_L2_m: 2.235, Yaw_err_deg: 1.542
Epoch: [14/25], Batch: 900/2963, Loss: 114.470, Trans_L2_m: 1.545, Yaw_err_deg: 0.844
Epoch: [14/25], Batch: 910/2963, Loss: 92.677, Trans_L2_m: 1.369, Yaw_err_deg: 1.338
Epoch: [14/25], Batch: 920/2963, Loss: 122.327, Trans_L2_m: 1.288, Yaw_err_deg: 1.688
Epoch: [14/25], Batch: 930/2963, Loss: 126.464, Trans_L2_m: 1.599, Yaw_err_deg: 1.838
Epoch: [14/25], Batch: 940/2963, Loss: 95.087, Trans_L2_m: 1.312, Yaw_err_deg: 1.395
Epoch: [14/25], Batch: 950/2963, Loss: 109.992, Trans_L2_m: 1.829, Yaw_err_deg: 1.167
Epoch: [14/25], Batch: 960/2963, Loss: 88.555, Trans_L2_m: 1.445, Yaw_err_deg: 0.743
Epoch: [14/25], Batch: 970/2963, Loss: 111.578, Trans_L2_m: 1.647, Yaw_err_deg: 1.082
Epoch: [14/25], Batch: 980/2963, Loss: 145.831, Trans_L2_m: 2.169, Yaw_err_deg: 1.711
Epoch: [14/25], Batch: 990/2963, Loss: 81.780, Trans_L2_m: 1.248, Yaw_err_deg: 0.819
Epoch: [14/25], Batch: 1000/2963, Loss: 146.583, Trans_L2_m: 2.291, Yaw_err_deg: 0.854
Epoch: [14/25], Batch: 1010/2963, Loss: 108.595, Trans_L2_m: 1.756, Yaw_err_deg: 1.176
Epoch: [14/25], Batch: 1020/2963, Loss: 119.038, Trans_L2_m: 1.913, Yaw_err_deg: 1.218
Epoch: [14/25], Batch: 1030/2963, Loss: 147.433, Trans_L2_m: 2.478, Yaw_err_deg: 1.482
Epoch: [14/25], Batch: 1040/2963, Loss: 93.720, Trans_L2_m: 0.960, Yaw_err_deg: 1.534
Epoch: [14/25], Batch: 1050/2963, Loss: 106.550, Trans_L2_m: 1.764, Yaw_err_deg: 1.009
Epoch: [14/25], Batch: 1060/2963, Loss: 98.701, Trans_L2_m: 1.315, Yaw_err_deg: 1.316
Epoch: [14/25], Batch: 1070/2963, Loss: 93.209, Trans_L2_m: 1.380, Yaw_err_deg: 1.225
Epoch: [14/25], Batch: 1080/2963, Loss: 91.648, Trans_L2_m: 1.402, Yaw_err_deg: 0.883
Epoch: [14/25], Batch: 1090/2963, Loss: 74.363, Trans_L2_m: 1.035, Yaw_err_deg: 0.665
Epoch: [14/25], Batch: 1100/2963, Loss: 107.615, Trans_L2_m: 1.806, Yaw_err_deg: 1.324
Epoch: [14/25], Batch: 1110/2963, Loss: 94.915, Trans_L2_m: 1.350, Yaw_err_deg: 1.021
Epoch: [14/25], Batch: 1120/2963, Loss: 92.842, Trans_L2_m: 1.021, Yaw_err_deg: 1.493
Epoch: [14/25], Batch: 1130/2963, Loss: 118.374, Trans_L2_m: 1.709, Yaw_err_deg: 1.338
Epoch: [14/25], Batch: 1140/2963, Loss: 99.983, Trans_L2_m: 1.343, Yaw_err_deg: 1.115
Epoch: [14/25], Batch: 1150/2963, Loss: 116.752, Trans_L2_m: 1.651, Yaw_err_deg: 1.030
Epoch: [14/25], Batch: 1160/2963, Loss: 121.546, Trans_L2_m: 2.173, Yaw_err_deg: 1.413
Epoch: [14/25], Batch: 1170/2963, Loss: 111.514, Trans_L2_m: 1.998, Yaw_err_deg: 0.583
Epoch: [14/25], Batch: 1180/2963, Loss: 108.562, Trans_L2_m: 1.519, Yaw_err_deg: 1.045
Epoch: [14/25], Batch: 1190/2963, Loss: 121.147, Trans_L2_m: 1.964, Yaw_err_deg: 1.328
Epoch: [14/25], Batch: 1200/2963, Loss: 90.924, Trans_L2_m: 1.495, Yaw_err_deg: 1.256
Epoch: [14/25], Batch: 1210/2963, Loss: 99.575, Trans_L2_m: 1.050, Yaw_err_deg: 1.384
Epoch: [14/25], Batch: 1220/2963, Loss: 135.203, Trans_L2_m: 1.699, Yaw_err_deg: 1.701
Epoch: [14/25], Batch: 1230/2963, Loss: 96.565, Trans_L2_m: 1.543, Yaw_err_deg: 1.220
Epoch: [14/25], Batch: 1240/2963, Loss: 97.978, Trans_L2_m: 1.165, Yaw_err_deg: 1.311
Epoch: [14/25], Batch: 1250/2963, Loss: 103.862, Trans_L2_m: 1.093, Yaw_err_deg: 1.282
Epoch: [14/25], Batch: 1260/2963, Loss: 101.976, Trans_L2_m: 1.376, Yaw_err_deg: 1.522
Epoch: [14/25], Batch: 1270/2963, Loss: 89.732, Trans_L2_m: 1.341, Yaw_err_deg: 1.030
Epoch: [14/25], Batch: 1280/2963, Loss: 116.461, Trans_L2_m: 1.643, Yaw_err_deg: 0.955
Epoch: [14/25], Batch: 1290/2963, Loss: 98.252, Trans_L2_m: 1.636, Yaw_err_deg: 1.255
Epoch: [14/25], Batch: 1300/2963, Loss: 118.404, Trans_L2_m: 1.335, Yaw_err_deg: 1.738
Epoch: [14/25], Batch: 1310/2963, Loss: 87.653, Trans_L2_m: 1.830, Yaw_err_deg: 0.717
Epoch: [14/25], Batch: 1320/2963, Loss: 89.230, Trans_L2_m: 1.116, Yaw_err_deg: 1.303
Epoch: [14/25], Batch: 1330/2963, Loss: 100.087, Trans_L2_m: 1.043, Yaw_err_deg: 1.132
Epoch: [14/25], Batch: 1340/2963, Loss: 131.010, Trans_L2_m: 1.943, Yaw_err_deg: 0.963
Epoch: [14/25], Batch: 1350/2963, Loss: 121.222, Trans_L2_m: 1.706, Yaw_err_deg: 1.142
Epoch: [14/25], Batch: 1360/2963, Loss: 130.150, Trans_L2_m: 1.731, Yaw_err_deg: 1.351
Epoch: [14/25], Batch: 1370/2963, Loss: 94.104, Trans_L2_m: 0.996, Yaw_err_deg: 1.461
Epoch: [14/25], Batch: 1380/2963, Loss: 93.452, Trans_L2_m: 1.049, Yaw_err_deg: 1.211
Epoch: [14/25], Batch: 1390/2963, Loss: 101.176, Trans_L2_m: 1.826, Yaw_err_deg: 0.951
Epoch: [14/25], Batch: 1400/2963, Loss: 84.234, Trans_L2_m: 1.452, Yaw_err_deg: 1.012
Epoch: [14/25], Batch: 1410/2963, Loss: 307.187, Trans_L2_m: 2.849, Yaw_err_deg: 1.497
Epoch: [14/25], Batch: 1420/2963, Loss: 129.373, Trans_L2_m: 1.464, Yaw_err_deg: 1.560
Epoch: [14/25], Batch: 1430/2963, Loss: 88.531, Trans_L2_m: 1.324, Yaw_err_deg: 1.155
Epoch: [14/25], Batch: 1440/2963, Loss: 100.569, Trans_L2_m: 1.540, Yaw_err_deg: 1.502
Epoch: [14/25], Batch: 1450/2963, Loss: 110.544, Trans_L2_m: 1.926, Yaw_err_deg: 0.756
Epoch: [14/25], Batch: 1460/2963, Loss: 95.342, Trans_L2_m: 1.420, Yaw_err_deg: 1.007
Epoch: [14/25], Batch: 1470/2963, Loss: 105.328, Trans_L2_m: 1.480, Yaw_err_deg: 1.293
Epoch: [14/25], Batch: 1480/2963, Loss: 96.698, Trans_L2_m: 1.412, Yaw_err_deg: 1.113
Epoch: [14/25], Batch: 1490/2963, Loss: 90.585, Trans_L2_m: 1.382, Yaw_err_deg: 1.114
Epoch: [14/25], Batch: 1500/2963, Loss: 108.449, Trans_L2_m: 1.921, Yaw_err_deg: 0.807
Epoch: [14/25], Batch: 1510/2963, Loss: 102.329, Trans_L2_m: 1.376, Yaw_err_deg: 0.882
Epoch: [14/25], Batch: 1520/2963, Loss: 97.867, Trans_L2_m: 1.619, Yaw_err_deg: 0.837
Epoch: [14/25], Batch: 1530/2963, Loss: 108.128, Trans_L2_m: 1.588, Yaw_err_deg: 1.382
Epoch: [14/25], Batch: 1540/2963, Loss: 88.341, Trans_L2_m: 1.442, Yaw_err_deg: 1.098
Epoch: [14/25], Batch: 1550/2963, Loss: 88.145, Trans_L2_m: 0.717, Yaw_err_deg: 1.334
Epoch: [14/25], Batch: 1560/2963, Loss: 79.490, Trans_L2_m: 1.089, Yaw_err_deg: 1.380
Epoch: [14/25], Batch: 1570/2963, Loss: 92.420, Trans_L2_m: 1.537, Yaw_err_deg: 0.990
Epoch: [14/25], Batch: 1580/2963, Loss: 178.909, Trans_L2_m: 2.687, Yaw_err_deg: 0.731
Epoch: [14/25], Batch: 1590/2963, Loss: 114.479, Trans_L2_m: 1.532, Yaw_err_deg: 1.712
Epoch: [14/25], Batch: 1600/2963, Loss: 135.600, Trans_L2_m: 2.193, Yaw_err_deg: 1.058
Epoch: [14/25], Batch: 1610/2963, Loss: 111.761, Trans_L2_m: 1.824, Yaw_err_deg: 1.143
Epoch: [14/25], Batch: 1620/2963, Loss: 111.336, Trans_L2_m: 1.255, Yaw_err_deg: 1.337
Epoch: [14/25], Batch: 1630/2963, Loss: 89.182, Trans_L2_m: 1.241, Yaw_err_deg: 0.986
Epoch: [14/25], Batch: 1640/2963, Loss: 100.470, Trans_L2_m: 1.413, Yaw_err_deg: 1.400
Epoch: [14/25], Batch: 1650/2963, Loss: 107.552, Trans_L2_m: 1.600, Yaw_err_deg: 0.789
Epoch: [14/25], Batch: 1660/2963, Loss: 95.229, Trans_L2_m: 1.885, Yaw_err_deg: 0.779
Epoch: [14/25], Batch: 1670/2963, Loss: 86.169, Trans_L2_m: 1.277, Yaw_err_deg: 0.923
Epoch: [14/25], Batch: 1680/2963, Loss: 149.008, Trans_L2_m: 1.702, Yaw_err_deg: 1.406
Epoch: [14/25], Batch: 1690/2963, Loss: 98.067, Trans_L2_m: 1.663, Yaw_err_deg: 1.206
Epoch: [14/25], Batch: 1700/2963, Loss: 92.591, Trans_L2_m: 1.437, Yaw_err_deg: 1.015
Epoch: [14/25], Batch: 1710/2963, Loss: 81.621, Trans_L2_m: 1.192, Yaw_err_deg: 0.771
Epoch: [14/25], Batch: 1720/2963, Loss: 141.239, Trans_L2_m: 2.388, Yaw_err_deg: 1.417
Epoch: [14/25], Batch: 1730/2963, Loss: 91.468, Trans_L2_m: 1.653, Yaw_err_deg: 0.931
Epoch: [14/25], Batch: 1740/2963, Loss: 76.882, Trans_L2_m: 1.238, Yaw_err_deg: 0.924
Epoch: [14/25], Batch: 1750/2963, Loss: 117.269, Trans_L2_m: 1.649, Yaw_err_deg: 1.347
Epoch: [14/25], Batch: 1760/2963, Loss: 114.273, Trans_L2_m: 1.594, Yaw_err_deg: 1.593
Epoch: [14/25], Batch: 1770/2963, Loss: 86.318, Trans_L2_m: 1.306, Yaw_err_deg: 1.098
Epoch: [14/25], Batch: 1780/2963, Loss: 111.665, Trans_L2_m: 1.748, Yaw_err_deg: 1.229
Epoch: [14/25], Batch: 1790/2963, Loss: 105.567, Trans_L2_m: 2.059, Yaw_err_deg: 0.354
Epoch: [14/25], Batch: 1800/2963, Loss: 97.368, Trans_L2_m: 1.651, Yaw_err_deg: 1.096
Epoch: [14/25], Batch: 1810/2963, Loss: 141.081, Trans_L2_m: 1.980, Yaw_err_deg: 1.430
Epoch: [14/25], Batch: 1820/2963, Loss: 131.846, Trans_L2_m: 1.920, Yaw_err_deg: 1.260
Epoch: [14/25], Batch: 1830/2963, Loss: 100.381, Trans_L2_m: 1.500, Yaw_err_deg: 1.318
Epoch: [14/25], Batch: 1840/2963, Loss: 114.726, Trans_L2_m: 1.482, Yaw_err_deg: 1.525
Epoch: [14/25], Batch: 1850/2963, Loss: 118.861, Trans_L2_m: 1.688, Yaw_err_deg: 1.491
Epoch: [14/25], Batch: 1860/2963, Loss: 138.586, Trans_L2_m: 2.240, Yaw_err_deg: 0.880
Epoch: [14/25], Batch: 1870/2963, Loss: 123.690, Trans_L2_m: 1.735, Yaw_err_deg: 1.484
Epoch: [14/25], Batch: 1880/2963, Loss: 107.133, Trans_L2_m: 1.904, Yaw_err_deg: 1.115
Epoch: [14/25], Batch: 1890/2963, Loss: 85.486, Trans_L2_m: 1.320, Yaw_err_deg: 0.956
Epoch: [14/25], Batch: 1900/2963, Loss: 159.457, Trans_L2_m: 2.444, Yaw_err_deg: 1.608
Epoch: [14/25], Batch: 1910/2963, Loss: 114.085, Trans_L2_m: 1.832, Yaw_err_deg: 1.433
Epoch: [14/25], Batch: 1920/2963, Loss: 145.071, Trans_L2_m: 1.766, Yaw_err_deg: 1.578
Epoch: [14/25], Batch: 1930/2963, Loss: 70.336, Trans_L2_m: 1.398, Yaw_err_deg: 0.726
Epoch: [14/25], Batch: 1940/2963, Loss: 144.045, Trans_L2_m: 1.852, Yaw_err_deg: 1.438
Epoch: [14/25], Batch: 1950/2963, Loss: 103.413, Trans_L2_m: 1.713, Yaw_err_deg: 1.123
Epoch: [14/25], Batch: 1960/2963, Loss: 268.410, Trans_L2_m: 2.856, Yaw_err_deg: 1.030
Epoch: [14/25], Batch: 1970/2963, Loss: 90.399, Trans_L2_m: 1.427, Yaw_err_deg: 0.491
Epoch: [14/25], Batch: 1980/2963, Loss: 140.705, Trans_L2_m: 2.309, Yaw_err_deg: 0.976
Epoch: [14/25], Batch: 1990/2963, Loss: 130.169, Trans_L2_m: 2.365, Yaw_err_deg: 1.198
Epoch: [14/25], Batch: 2000/2963, Loss: 89.187, Trans_L2_m: 1.133, Yaw_err_deg: 1.518
Epoch: [14/25], Batch: 2010/2963, Loss: 238.720, Trans_L2_m: 2.699, Yaw_err_deg: 1.099
Epoch: [14/25], Batch: 2020/2963, Loss: 111.994, Trans_L2_m: 1.815, Yaw_err_deg: 1.103
Epoch: [14/25], Batch: 2030/2963, Loss: 110.236, Trans_L2_m: 1.805, Yaw_err_deg: 0.990
Epoch: [14/25], Batch: 2040/2963, Loss: 80.524, Trans_L2_m: 1.111, Yaw_err_deg: 0.888
Epoch: [14/25], Batch: 2050/2963, Loss: 130.817, Trans_L2_m: 1.944, Yaw_err_deg: 1.354
Epoch: [14/25], Batch: 2060/2963, Loss: 140.096, Trans_L2_m: 2.013, Yaw_err_deg: 1.112
Epoch: [14/25], Batch: 2070/2963, Loss: 81.683, Trans_L2_m: 1.060, Yaw_err_deg: 0.719
Epoch: [14/25], Batch: 2080/2963, Loss: 92.352, Trans_L2_m: 1.312, Yaw_err_deg: 1.107
Epoch: [14/25], Batch: 2090/2963, Loss: 82.808, Trans_L2_m: 0.956, Yaw_err_deg: 0.857
Epoch: [14/25], Batch: 2100/2963, Loss: 97.736, Trans_L2_m: 1.725, Yaw_err_deg: 1.246
Epoch: [14/25], Batch: 2110/2963, Loss: 208.151, Trans_L2_m: 2.353, Yaw_err_deg: 1.155
Epoch: [14/25], Batch: 2120/2963, Loss: 102.216, Trans_L2_m: 1.637, Yaw_err_deg: 1.240
Epoch: [14/25], Batch: 2130/2963, Loss: 201.188, Trans_L2_m: 2.095, Yaw_err_deg: 1.493
Epoch: [14/25], Batch: 2140/2963, Loss: 83.129, Trans_L2_m: 1.185, Yaw_err_deg: 1.279
Epoch: [14/25], Batch: 2150/2963, Loss: 125.220, Trans_L2_m: 1.663, Yaw_err_deg: 1.041
Epoch: [14/25], Batch: 2160/2963, Loss: 111.694, Trans_L2_m: 1.580, Yaw_err_deg: 1.522
Epoch: [14/25], Batch: 2170/2963, Loss: 82.768, Trans_L2_m: 1.398, Yaw_err_deg: 0.929
Epoch: [14/25], Batch: 2180/2963, Loss: 94.926, Trans_L2_m: 1.465, Yaw_err_deg: 1.467
Epoch: [14/25], Batch: 2190/2963, Loss: 359.886, Trans_L2_m: 2.913, Yaw_err_deg: 0.951
Epoch: [14/25], Batch: 2200/2963, Loss: 195.699, Trans_L2_m: 2.437, Yaw_err_deg: 1.358
Epoch: [14/25], Batch: 2210/2963, Loss: 95.210, Trans_L2_m: 1.407, Yaw_err_deg: 1.125
Epoch: [14/25], Batch: 2220/2963, Loss: 80.911, Trans_L2_m: 1.113, Yaw_err_deg: 0.872
Epoch: [14/25], Batch: 2230/2963, Loss: 88.207, Trans_L2_m: 1.301, Yaw_err_deg: 1.091
Epoch: [14/25], Batch: 2240/2963, Loss: 78.785, Trans_L2_m: 1.136, Yaw_err_deg: 1.126
Epoch: [14/25], Batch: 2250/2963, Loss: 99.756, Trans_L2_m: 1.175, Yaw_err_deg: 1.424
Epoch: [14/25], Batch: 2260/2963, Loss: 87.718, Trans_L2_m: 1.401, Yaw_err_deg: 1.025
Epoch: [14/25], Batch: 2270/2963, Loss: 103.359, Trans_L2_m: 1.227, Yaw_err_deg: 1.196
Epoch: [14/25], Batch: 2280/2963, Loss: 101.179, Trans_L2_m: 1.308, Yaw_err_deg: 0.796
Epoch: [14/25], Batch: 2290/2963, Loss: 121.819, Trans_L2_m: 1.664, Yaw_err_deg: 1.429
Epoch: [14/25], Batch: 2300/2963, Loss: 90.502, Trans_L2_m: 1.344, Yaw_err_deg: 0.824
Epoch: [14/25], Batch: 2310/2963, Loss: 101.739, Trans_L2_m: 1.591, Yaw_err_deg: 1.330
Epoch: [14/25], Batch: 2320/2963, Loss: 88.148, Trans_L2_m: 1.355, Yaw_err_deg: 1.066
Epoch: [14/25], Batch: 2330/2963, Loss: 90.238, Trans_L2_m: 1.162, Yaw_err_deg: 0.900
Epoch: [14/25], Batch: 2340/2963, Loss: 115.409, Trans_L2_m: 1.151, Yaw_err_deg: 1.380
Epoch: [14/25], Batch: 2350/2963, Loss: 121.907, Trans_L2_m: 1.920, Yaw_err_deg: 0.986
Epoch: [14/25], Batch: 2360/2963, Loss: 175.380, Trans_L2_m: 2.009, Yaw_err_deg: 2.042
Epoch: [14/25], Batch: 2370/2963, Loss: 137.793, Trans_L2_m: 2.157, Yaw_err_deg: 1.134
Epoch: [14/25], Batch: 2380/2963, Loss: 117.701, Trans_L2_m: 1.953, Yaw_err_deg: 1.423
Epoch: [14/25], Batch: 2390/2963, Loss: 126.873, Trans_L2_m: 1.717, Yaw_err_deg: 1.127
Epoch: [14/25], Batch: 2400/2963, Loss: 134.345, Trans_L2_m: 2.057, Yaw_err_deg: 0.975
Epoch: [14/25], Batch: 2410/2963, Loss: 110.395, Trans_L2_m: 1.077, Yaw_err_deg: 1.382
Epoch: [14/25], Batch: 2420/2963, Loss: 87.552, Trans_L2_m: 1.185, Yaw_err_deg: 1.374
Epoch: [14/25], Batch: 2430/2963, Loss: 417.849, Trans_L2_m: 3.410, Yaw_err_deg: 1.384
Epoch: [14/25], Batch: 2440/2963, Loss: 87.925, Trans_L2_m: 1.028, Yaw_err_deg: 1.140
Epoch: [14/25], Batch: 2450/2963, Loss: 84.763, Trans_L2_m: 1.343, Yaw_err_deg: 0.882
Epoch: [14/25], Batch: 2460/2963, Loss: 79.278, Trans_L2_m: 0.824, Yaw_err_deg: 1.274
Epoch: [14/25], Batch: 2470/2963, Loss: 132.498, Trans_L2_m: 2.025, Yaw_err_deg: 1.632
Epoch: [14/25], Batch: 2480/2963, Loss: 131.377, Trans_L2_m: 1.899, Yaw_err_deg: 1.380
Epoch: [14/25], Batch: 2490/2963, Loss: 81.478, Trans_L2_m: 1.378, Yaw_err_deg: 1.001
Epoch: [14/25], Batch: 2500/2963, Loss: 95.004, Trans_L2_m: 1.581, Yaw_err_deg: 0.983
Epoch: [14/25], Batch: 2510/2963, Loss: 107.528, Trans_L2_m: 1.146, Yaw_err_deg: 1.451
Epoch: [14/25], Batch: 2520/2963, Loss: 101.583, Trans_L2_m: 1.660, Yaw_err_deg: 0.947
Epoch: [14/25], Batch: 2530/2963, Loss: 98.128, Trans_L2_m: 1.198, Yaw_err_deg: 1.162
Epoch: [14/25], Batch: 2540/2963, Loss: 91.883, Trans_L2_m: 1.196, Yaw_err_deg: 1.263
Epoch: [14/25], Batch: 2550/2963, Loss: 158.537, Trans_L2_m: 1.541, Yaw_err_deg: 1.441
Epoch: [14/25], Batch: 2560/2963, Loss: 103.411, Trans_L2_m: 1.486, Yaw_err_deg: 0.901
Epoch: [14/25], Batch: 2570/2963, Loss: 93.216, Trans_L2_m: 1.556, Yaw_err_deg: 1.013
Epoch: [14/25], Batch: 2580/2963, Loss: 124.842, Trans_L2_m: 1.649, Yaw_err_deg: 0.816
Epoch: [14/25], Batch: 2590/2963, Loss: 90.829, Trans_L2_m: 1.190, Yaw_err_deg: 1.204
Epoch: [14/25], Batch: 2600/2963, Loss: 106.290, Trans_L2_m: 1.065, Yaw_err_deg: 1.239
Epoch: [14/25], Batch: 2610/2963, Loss: 114.139, Trans_L2_m: 1.282, Yaw_err_deg: 1.125
Epoch: [14/25], Batch: 2620/2963, Loss: 137.442, Trans_L2_m: 1.478, Yaw_err_deg: 1.582
Epoch: [14/25], Batch: 2630/2963, Loss: 126.702, Trans_L2_m: 1.988, Yaw_err_deg: 1.186
Epoch: [14/25], Batch: 2640/2963, Loss: 121.569, Trans_L2_m: 1.883, Yaw_err_deg: 1.348
Epoch: [14/25], Batch: 2650/2963, Loss: 106.763, Trans_L2_m: 1.309, Yaw_err_deg: 1.635
Epoch: [14/25], Batch: 2660/2963, Loss: 83.313, Trans_L2_m: 1.222, Yaw_err_deg: 0.715
Epoch: [14/25], Batch: 2670/2963, Loss: 99.459, Trans_L2_m: 1.680, Yaw_err_deg: 1.041
Epoch: [14/25], Batch: 2680/2963, Loss: 76.816, Trans_L2_m: 1.126, Yaw_err_deg: 1.239
Epoch: [14/25], Batch: 2690/2963, Loss: 131.405, Trans_L2_m: 1.671, Yaw_err_deg: 1.633
Epoch: [14/25], Batch: 2700/2963, Loss: 91.359, Trans_L2_m: 1.497, Yaw_err_deg: 1.342
Epoch: [14/25], Batch: 2710/2963, Loss: 247.052, Trans_L2_m: 2.356, Yaw_err_deg: 1.106
Epoch: [14/25], Batch: 2720/2963, Loss: 117.278, Trans_L2_m: 1.686, Yaw_err_deg: 1.301
Epoch: [14/25], Batch: 2730/2963, Loss: 97.941, Trans_L2_m: 1.391, Yaw_err_deg: 1.282
Epoch: [14/25], Batch: 2740/2963, Loss: 109.962, Trans_L2_m: 1.415, Yaw_err_deg: 1.652
Epoch: [14/25], Batch: 2750/2963, Loss: 110.909, Trans_L2_m: 1.763, Yaw_err_deg: 1.258
Epoch: [14/25], Batch: 2760/2963, Loss: 124.770, Trans_L2_m: 1.596, Yaw_err_deg: 1.213
Epoch: [14/25], Batch: 2770/2963, Loss: 112.487, Trans_L2_m: 1.851, Yaw_err_deg: 1.267
Epoch: [14/25], Batch: 2780/2963, Loss: 129.471, Trans_L2_m: 1.416, Yaw_err_deg: 1.632
Epoch: [14/25], Batch: 2790/2963, Loss: 99.489, Trans_L2_m: 1.551, Yaw_err_deg: 0.942
Epoch: [14/25], Batch: 2800/2963, Loss: 95.516, Trans_L2_m: 1.310, Yaw_err_deg: 1.166
Epoch: [14/25], Batch: 2810/2963, Loss: 125.369, Trans_L2_m: 1.920, Yaw_err_deg: 0.991
Epoch: [14/25], Batch: 2820/2963, Loss: 165.289, Trans_L2_m: 2.095, Yaw_err_deg: 1.912
Epoch: [14/25], Batch: 2830/2963, Loss: 97.869, Trans_L2_m: 1.081, Yaw_err_deg: 1.151
Epoch: [14/25], Batch: 2840/2963, Loss: 90.074, Trans_L2_m: 1.332, Yaw_err_deg: 1.108
Epoch: [14/25], Batch: 2850/2963, Loss: 90.130, Trans_L2_m: 1.023, Yaw_err_deg: 1.110
Epoch: [14/25], Batch: 2860/2963, Loss: 88.261, Trans_L2_m: 1.533, Yaw_err_deg: 0.881
Epoch: [14/25], Batch: 2870/2963, Loss: 91.965, Trans_L2_m: 1.343, Yaw_err_deg: 0.914
Epoch: [14/25], Batch: 2880/2963, Loss: 131.112, Trans_L2_m: 1.714, Yaw_err_deg: 1.645
Epoch: [14/25], Batch: 2890/2963, Loss: 76.927, Trans_L2_m: 1.091, Yaw_err_deg: 0.842
Epoch: [14/25], Batch: 2900/2963, Loss: 95.865, Trans_L2_m: 1.604, Yaw_err_deg: 1.257
Epoch: [14/25], Batch: 2910/2963, Loss: 119.856, Trans_L2_m: 2.060, Yaw_err_deg: 0.858
Epoch: [14/25], Batch: 2920/2963, Loss: 111.364, Trans_L2_m: 1.233, Yaw_err_deg: 1.187
Epoch: [14/25], Batch: 2930/2963, Loss: 83.227, Trans_L2_m: 1.352, Yaw_err_deg: 0.795
Epoch: [14/25], Batch: 2940/2963, Loss: 194.174, Trans_L2_m: 2.583, Yaw_err_deg: 0.768
Epoch: [14/25], Batch: 2950/2963, Loss: 86.541, Trans_L2_m: 0.954, Yaw_err_deg: 1.008
Epoch: [14/25], Batch: 2960/2963, Loss: 72.762, Trans_L2_m: 1.308, Yaw_err_deg: 0.954
Validation loss (homography): 5020.0586
Avg batch time: 1127.49 ms, total: 366.044 s
[1;91mVal has no improvement vs 4605.474609375![0m
Epoch: [15/25], Batch: 0/2963, Loss: 76.789, Trans_L2_m: 1.080, Yaw_err_deg: 0.772
Epoch: [15/25], Batch: 10/2963, Loss: 85.374, Trans_L2_m: 1.227, Yaw_err_deg: 1.023
Epoch: [15/25], Batch: 20/2963, Loss: 85.530, Trans_L2_m: 1.190, Yaw_err_deg: 1.241
Epoch: [15/25], Batch: 30/2963, Loss: 549.584, Trans_L2_m: 4.425, Yaw_err_deg: 1.183
Epoch: [15/25], Batch: 40/2963, Loss: 90.971, Trans_L2_m: 1.627, Yaw_err_deg: 1.077
Epoch: [15/25], Batch: 50/2963, Loss: 97.720, Trans_L2_m: 1.197, Yaw_err_deg: 1.265
Epoch: [15/25], Batch: 60/2963, Loss: 122.662, Trans_L2_m: 1.230, Yaw_err_deg: 0.812
Epoch: [15/25], Batch: 70/2963, Loss: 95.153, Trans_L2_m: 1.129, Yaw_err_deg: 1.373
Epoch: [15/25], Batch: 80/2963, Loss: 95.891, Trans_L2_m: 1.234, Yaw_err_deg: 1.233
Epoch: [15/25], Batch: 90/2963, Loss: 95.046, Trans_L2_m: 1.439, Yaw_err_deg: 1.343
Epoch: [15/25], Batch: 100/2963, Loss: 98.023, Trans_L2_m: 1.302, Yaw_err_deg: 1.112
Epoch: [15/25], Batch: 110/2963, Loss: 135.354, Trans_L2_m: 1.830, Yaw_err_deg: 1.032
Epoch: [15/25], Batch: 120/2963, Loss: 76.493, Trans_L2_m: 0.899, Yaw_err_deg: 0.978
Epoch: [15/25], Batch: 130/2963, Loss: 89.071, Trans_L2_m: 1.443, Yaw_err_deg: 0.899
Epoch: [15/25], Batch: 140/2963, Loss: 97.435, Trans_L2_m: 1.242, Yaw_err_deg: 1.173
Epoch: [15/25], Batch: 150/2963, Loss: 101.010, Trans_L2_m: 1.568, Yaw_err_deg: 0.899
Epoch: [15/25], Batch: 160/2963, Loss: 112.740, Trans_L2_m: 1.786, Yaw_err_deg: 1.263
Epoch: [15/25], Batch: 170/2963, Loss: 284.093, Trans_L2_m: 3.491, Yaw_err_deg: 1.396
Epoch: [15/25], Batch: 180/2963, Loss: 90.463, Trans_L2_m: 1.157, Yaw_err_deg: 1.593
Epoch: [15/25], Batch: 190/2963, Loss: 93.389, Trans_L2_m: 1.289, Yaw_err_deg: 1.193
Epoch: [15/25], Batch: 200/2963, Loss: 126.471, Trans_L2_m: 2.020, Yaw_err_deg: 1.172
Epoch: [15/25], Batch: 210/2963, Loss: 131.514, Trans_L2_m: 1.969, Yaw_err_deg: 1.483
Epoch: [15/25], Batch: 220/2963, Loss: 85.259, Trans_L2_m: 1.357, Yaw_err_deg: 1.093
Epoch: [15/25], Batch: 230/2963, Loss: 72.150, Trans_L2_m: 1.098, Yaw_err_deg: 0.868
Epoch: [15/25], Batch: 240/2963, Loss: 99.782, Trans_L2_m: 1.667, Yaw_err_deg: 0.957
Epoch: [15/25], Batch: 250/2963, Loss: 91.119, Trans_L2_m: 1.601, Yaw_err_deg: 1.050
Epoch: [15/25], Batch: 260/2963, Loss: 89.570, Trans_L2_m: 0.983, Yaw_err_deg: 1.257
Epoch: [15/25], Batch: 270/2963, Loss: 94.172, Trans_L2_m: 1.501, Yaw_err_deg: 0.943
Epoch: [15/25], Batch: 280/2963, Loss: 116.084, Trans_L2_m: 2.108, Yaw_err_deg: 0.791
Epoch: [15/25], Batch: 290/2963, Loss: 141.100, Trans_L2_m: 2.112, Yaw_err_deg: 1.295
Epoch: [15/25], Batch: 300/2963, Loss: 73.725, Trans_L2_m: 1.263, Yaw_err_deg: 0.994
Epoch: [15/25], Batch: 310/2963, Loss: 89.347, Trans_L2_m: 0.933, Yaw_err_deg: 1.217
Epoch: [15/25], Batch: 320/2963, Loss: 77.208, Trans_L2_m: 1.190, Yaw_err_deg: 1.060
Epoch: [15/25], Batch: 330/2963, Loss: 123.347, Trans_L2_m: 2.429, Yaw_err_deg: 0.836
Epoch: [15/25], Batch: 340/2963, Loss: 93.241, Trans_L2_m: 1.580, Yaw_err_deg: 1.000
Epoch: [15/25], Batch: 350/2963, Loss: 90.487, Trans_L2_m: 1.299, Yaw_err_deg: 1.233
Epoch: [15/25], Batch: 360/2963, Loss: 89.208, Trans_L2_m: 1.679, Yaw_err_deg: 1.323
Epoch: [15/25], Batch: 370/2963, Loss: 86.172, Trans_L2_m: 0.871, Yaw_err_deg: 1.121
Epoch: [15/25], Batch: 380/2963, Loss: 78.472, Trans_L2_m: 1.253, Yaw_err_deg: 0.935
Epoch: [15/25], Batch: 390/2963, Loss: 110.089, Trans_L2_m: 1.548, Yaw_err_deg: 0.949
Epoch: [15/25], Batch: 400/2963, Loss: 68.498, Trans_L2_m: 1.103, Yaw_err_deg: 0.625
Epoch: [15/25], Batch: 410/2963, Loss: 87.965, Trans_L2_m: 1.124, Yaw_err_deg: 1.252
Epoch: [15/25], Batch: 420/2963, Loss: 97.602, Trans_L2_m: 1.552, Yaw_err_deg: 0.989
Epoch: [15/25], Batch: 430/2963, Loss: 99.473, Trans_L2_m: 2.011, Yaw_err_deg: 0.747
Epoch: [15/25], Batch: 440/2963, Loss: 174.436, Trans_L2_m: 2.623, Yaw_err_deg: 1.376
Epoch: [15/25], Batch: 450/2963, Loss: 103.502, Trans_L2_m: 1.795, Yaw_err_deg: 1.317
Epoch: [15/25], Batch: 460/2963, Loss: 135.813, Trans_L2_m: 2.051, Yaw_err_deg: 0.997
Epoch: [15/25], Batch: 470/2963, Loss: 86.446, Trans_L2_m: 1.248, Yaw_err_deg: 1.180
Epoch: [15/25], Batch: 480/2963, Loss: 103.048, Trans_L2_m: 1.439, Yaw_err_deg: 1.598
Epoch: [15/25], Batch: 490/2963, Loss: 92.394, Trans_L2_m: 1.216, Yaw_err_deg: 1.072
Epoch: [15/25], Batch: 500/2963, Loss: 88.036, Trans_L2_m: 1.174, Yaw_err_deg: 1.126
Epoch: [15/25], Batch: 510/2963, Loss: 119.510, Trans_L2_m: 1.560, Yaw_err_deg: 1.364
Epoch: [15/25], Batch: 520/2963, Loss: 110.502, Trans_L2_m: 1.961, Yaw_err_deg: 0.736
Epoch: [15/25], Batch: 530/2963, Loss: 109.312, Trans_L2_m: 1.486, Yaw_err_deg: 1.076
Epoch: [15/25], Batch: 540/2963, Loss: 96.189, Trans_L2_m: 1.448, Yaw_err_deg: 1.026
Epoch: [15/25], Batch: 550/2963, Loss: 91.558, Trans_L2_m: 1.276, Yaw_err_deg: 1.008
Epoch: [15/25], Batch: 560/2963, Loss: 84.627, Trans_L2_m: 1.490, Yaw_err_deg: 1.096
Epoch: [15/25], Batch: 570/2963, Loss: 77.108, Trans_L2_m: 1.103, Yaw_err_deg: 1.052
Epoch: [15/25], Batch: 580/2963, Loss: 85.731, Trans_L2_m: 1.131, Yaw_err_deg: 1.201
Epoch: [15/25], Batch: 590/2963, Loss: 85.995, Trans_L2_m: 1.222, Yaw_err_deg: 1.037
Epoch: [15/25], Batch: 600/2963, Loss: 82.595, Trans_L2_m: 1.219, Yaw_err_deg: 0.779
Epoch: [15/25], Batch: 610/2963, Loss: 118.265, Trans_L2_m: 1.918, Yaw_err_deg: 0.948
Epoch: [15/25], Batch: 620/2963, Loss: 87.695, Trans_L2_m: 1.385, Yaw_err_deg: 0.925
Epoch: [15/25], Batch: 630/2963, Loss: 151.339, Trans_L2_m: 1.848, Yaw_err_deg: 1.377
Epoch: [15/25], Batch: 640/2963, Loss: 90.868, Trans_L2_m: 1.368, Yaw_err_deg: 0.710
Epoch: [15/25], Batch: 650/2963, Loss: 83.670, Trans_L2_m: 1.061, Yaw_err_deg: 0.901
Epoch: [15/25], Batch: 660/2963, Loss: 138.735, Trans_L2_m: 2.069, Yaw_err_deg: 1.153
Epoch: [15/25], Batch: 670/2963, Loss: 82.724, Trans_L2_m: 0.875, Yaw_err_deg: 0.704
Epoch: [15/25], Batch: 680/2963, Loss: 109.238, Trans_L2_m: 1.764, Yaw_err_deg: 0.796
Epoch: [15/25], Batch: 690/2963, Loss: 120.499, Trans_L2_m: 1.460, Yaw_err_deg: 0.907
Epoch: [15/25], Batch: 700/2963, Loss: 97.855, Trans_L2_m: 1.123, Yaw_err_deg: 1.444
Epoch: [15/25], Batch: 710/2963, Loss: 102.380, Trans_L2_m: 1.756, Yaw_err_deg: 1.133
Epoch: [15/25], Batch: 720/2963, Loss: 100.533, Trans_L2_m: 1.396, Yaw_err_deg: 1.024
Epoch: [15/25], Batch: 730/2963, Loss: 117.467, Trans_L2_m: 1.630, Yaw_err_deg: 1.412
Epoch: [15/25], Batch: 740/2963, Loss: 85.784, Trans_L2_m: 1.464, Yaw_err_deg: 1.014
Epoch: [15/25], Batch: 750/2963, Loss: 116.360, Trans_L2_m: 1.810, Yaw_err_deg: 1.260
Epoch: [15/25], Batch: 760/2963, Loss: 95.657, Trans_L2_m: 1.407, Yaw_err_deg: 0.916
Epoch: [15/25], Batch: 770/2963, Loss: 123.698, Trans_L2_m: 1.542, Yaw_err_deg: 1.354
Epoch: [15/25], Batch: 780/2963, Loss: 142.560, Trans_L2_m: 1.944, Yaw_err_deg: 1.281
Epoch: [15/25], Batch: 790/2963, Loss: 101.789, Trans_L2_m: 1.421, Yaw_err_deg: 1.348
Epoch: [15/25], Batch: 800/2963, Loss: 84.936, Trans_L2_m: 1.214, Yaw_err_deg: 1.094
Epoch: [15/25], Batch: 810/2963, Loss: 83.798, Trans_L2_m: 0.988, Yaw_err_deg: 1.100
Epoch: [15/25], Batch: 820/2963, Loss: 117.141, Trans_L2_m: 1.611, Yaw_err_deg: 1.282
Epoch: [15/25], Batch: 830/2963, Loss: 92.346, Trans_L2_m: 1.328, Yaw_err_deg: 1.133
Epoch: [15/25], Batch: 840/2963, Loss: 80.288, Trans_L2_m: 0.859, Yaw_err_deg: 1.065
Epoch: [15/25], Batch: 850/2963, Loss: 88.606, Trans_L2_m: 1.173, Yaw_err_deg: 1.147
Epoch: [15/25], Batch: 860/2963, Loss: 108.426, Trans_L2_m: 1.299, Yaw_err_deg: 1.217
Epoch: [15/25], Batch: 870/2963, Loss: 84.742, Trans_L2_m: 0.924, Yaw_err_deg: 1.300
Epoch: [15/25], Batch: 880/2963, Loss: 91.408, Trans_L2_m: 1.642, Yaw_err_deg: 0.977
Epoch: [15/25], Batch: 890/2963, Loss: 224.842, Trans_L2_m: 2.649, Yaw_err_deg: 0.871
Epoch: [15/25], Batch: 900/2963, Loss: 105.786, Trans_L2_m: 1.491, Yaw_err_deg: 1.176
Epoch: [15/25], Batch: 910/2963, Loss: 150.630, Trans_L2_m: 2.054, Yaw_err_deg: 1.375
Epoch: [15/25], Batch: 920/2963, Loss: 80.642, Trans_L2_m: 1.297, Yaw_err_deg: 1.098
Epoch: [15/25], Batch: 930/2963, Loss: 105.370, Trans_L2_m: 1.415, Yaw_err_deg: 1.466
Epoch: [15/25], Batch: 940/2963, Loss: 88.730, Trans_L2_m: 0.904, Yaw_err_deg: 1.125
Epoch: [15/25], Batch: 950/2963, Loss: 94.761, Trans_L2_m: 1.412, Yaw_err_deg: 0.962
Epoch: [15/25], Batch: 960/2963, Loss: 86.351, Trans_L2_m: 1.268, Yaw_err_deg: 1.079
Epoch: [15/25], Batch: 970/2963, Loss: 91.026, Trans_L2_m: 1.632, Yaw_err_deg: 0.729
Epoch: [15/25], Batch: 980/2963, Loss: 86.878, Trans_L2_m: 1.196, Yaw_err_deg: 1.053
Epoch: [15/25], Batch: 990/2963, Loss: 92.520, Trans_L2_m: 1.120, Yaw_err_deg: 1.114
Epoch: [15/25], Batch: 1000/2963, Loss: 105.038, Trans_L2_m: 1.793, Yaw_err_deg: 1.073
Epoch: [15/25], Batch: 1010/2963, Loss: 78.077, Trans_L2_m: 1.103, Yaw_err_deg: 1.253
Epoch: [15/25], Batch: 1020/2963, Loss: 88.793, Trans_L2_m: 1.197, Yaw_err_deg: 1.053
Epoch: [15/25], Batch: 1030/2963, Loss: 152.725, Trans_L2_m: 1.953, Yaw_err_deg: 1.223
Epoch: [15/25], Batch: 1040/2963, Loss: 114.426, Trans_L2_m: 1.512, Yaw_err_deg: 0.933
Epoch: [15/25], Batch: 1050/2963, Loss: 102.148, Trans_L2_m: 1.723, Yaw_err_deg: 1.358
Epoch: [15/25], Batch: 1060/2963, Loss: 97.783, Trans_L2_m: 1.518, Yaw_err_deg: 0.966
Epoch: [15/25], Batch: 1070/2963, Loss: 88.751, Trans_L2_m: 1.180, Yaw_err_deg: 1.106
Epoch: [15/25], Batch: 1080/2963, Loss: 102.127, Trans_L2_m: 1.496, Yaw_err_deg: 1.366
Epoch: [15/25], Batch: 1090/2963, Loss: 84.984, Trans_L2_m: 1.421, Yaw_err_deg: 0.883
Epoch: [15/25], Batch: 1100/2963, Loss: 116.162, Trans_L2_m: 1.956, Yaw_err_deg: 1.612
Epoch: [15/25], Batch: 1110/2963, Loss: 111.273, Trans_L2_m: 1.442, Yaw_err_deg: 1.748
Epoch: [15/25], Batch: 1120/2963, Loss: 80.730, Trans_L2_m: 1.161, Yaw_err_deg: 0.855
Epoch: [15/25], Batch: 1130/2963, Loss: 97.033, Trans_L2_m: 1.536, Yaw_err_deg: 0.962
Epoch: [15/25], Batch: 1140/2963, Loss: 79.535, Trans_L2_m: 1.076, Yaw_err_deg: 1.202
Epoch: [15/25], Batch: 1150/2963, Loss: 94.625, Trans_L2_m: 1.606, Yaw_err_deg: 1.267
Epoch: [15/25], Batch: 1160/2963, Loss: 98.989, Trans_L2_m: 1.811, Yaw_err_deg: 0.824
Epoch: [15/25], Batch: 1170/2963, Loss: 178.921, Trans_L2_m: 1.566, Yaw_err_deg: 1.999
Epoch: [15/25], Batch: 1180/2963, Loss: 96.884, Trans_L2_m: 1.115, Yaw_err_deg: 1.248
Epoch: [15/25], Batch: 1190/2963, Loss: 81.532, Trans_L2_m: 1.055, Yaw_err_deg: 1.272
Epoch: [15/25], Batch: 1200/2963, Loss: 71.652, Trans_L2_m: 1.059, Yaw_err_deg: 0.849
Epoch: [15/25], Batch: 1210/2963, Loss: 88.023, Trans_L2_m: 0.884, Yaw_err_deg: 1.275
Epoch: [15/25], Batch: 1220/2963, Loss: 91.911, Trans_L2_m: 1.654, Yaw_err_deg: 0.590
Epoch: [15/25], Batch: 1230/2963, Loss: 91.211, Trans_L2_m: 1.565, Yaw_err_deg: 0.857
Epoch: [15/25], Batch: 1240/2963, Loss: 98.431, Trans_L2_m: 1.161, Yaw_err_deg: 0.976
Epoch: [15/25], Batch: 1250/2963, Loss: 120.208, Trans_L2_m: 1.655, Yaw_err_deg: 1.244
Epoch: [15/25], Batch: 1260/2963, Loss: 80.730, Trans_L2_m: 1.258, Yaw_err_deg: 0.581
Epoch: [15/25], Batch: 1270/2963, Loss: 105.026, Trans_L2_m: 1.856, Yaw_err_deg: 0.927
Epoch: [15/25], Batch: 1280/2963, Loss: 81.032, Trans_L2_m: 1.328, Yaw_err_deg: 0.965
Epoch: [15/25], Batch: 1290/2963, Loss: 92.412, Trans_L2_m: 1.346, Yaw_err_deg: 0.995
Epoch: [15/25], Batch: 1300/2963, Loss: 94.120, Trans_L2_m: 1.286, Yaw_err_deg: 0.943
Epoch: [15/25], Batch: 1310/2963, Loss: 84.770, Trans_L2_m: 1.100, Yaw_err_deg: 1.277
Epoch: [15/25], Batch: 1320/2963, Loss: 85.982, Trans_L2_m: 0.941, Yaw_err_deg: 1.243
Epoch: [15/25], Batch: 1330/2963, Loss: 88.883, Trans_L2_m: 1.341, Yaw_err_deg: 0.916
Epoch: [15/25], Batch: 1340/2963, Loss: 88.100, Trans_L2_m: 1.160, Yaw_err_deg: 0.894
Epoch: [15/25], Batch: 1350/2963, Loss: 89.308, Trans_L2_m: 1.061, Yaw_err_deg: 1.261
Epoch: [15/25], Batch: 1360/2963, Loss: 93.712, Trans_L2_m: 1.225, Yaw_err_deg: 1.190
Epoch: [15/25], Batch: 1370/2963, Loss: 97.206, Trans_L2_m: 1.045, Yaw_err_deg: 1.362
Epoch: [15/25], Batch: 1380/2963, Loss: 105.624, Trans_L2_m: 1.409, Yaw_err_deg: 1.164
Epoch: [15/25], Batch: 1390/2963, Loss: 85.148, Trans_L2_m: 1.183, Yaw_err_deg: 0.965
Epoch: [15/25], Batch: 1400/2963, Loss: 85.524, Trans_L2_m: 1.174, Yaw_err_deg: 0.823
Epoch: [15/25], Batch: 1410/2963, Loss: 94.528, Trans_L2_m: 1.314, Yaw_err_deg: 1.201
Epoch: [15/25], Batch: 1420/2963, Loss: 189.509, Trans_L2_m: 2.293, Yaw_err_deg: 0.903
Epoch: [15/25], Batch: 1430/2963, Loss: 98.367, Trans_L2_m: 1.287, Yaw_err_deg: 1.191
Epoch: [15/25], Batch: 1440/2963, Loss: 90.193, Trans_L2_m: 1.364, Yaw_err_deg: 0.747
Epoch: [15/25], Batch: 1450/2963, Loss: 77.228, Trans_L2_m: 1.172, Yaw_err_deg: 0.904
Epoch: [15/25], Batch: 1460/2963, Loss: 119.641, Trans_L2_m: 1.454, Yaw_err_deg: 1.306
Epoch: [15/25], Batch: 1470/2963, Loss: 98.294, Trans_L2_m: 1.125, Yaw_err_deg: 1.101
Epoch: [15/25], Batch: 1480/2963, Loss: 93.092, Trans_L2_m: 1.335, Yaw_err_deg: 1.559
Epoch: [15/25], Batch: 1490/2963, Loss: 84.454, Trans_L2_m: 1.351, Yaw_err_deg: 1.248
Epoch: [15/25], Batch: 1500/2963, Loss: 94.958, Trans_L2_m: 1.525, Yaw_err_deg: 0.967
Epoch: [15/25], Batch: 1510/2963, Loss: 105.924, Trans_L2_m: 1.841, Yaw_err_deg: 1.056
Epoch: [15/25], Batch: 1520/2963, Loss: 101.267, Trans_L2_m: 1.901, Yaw_err_deg: 1.063
Epoch: [15/25], Batch: 1530/2963, Loss: 180.310, Trans_L2_m: 2.371, Yaw_err_deg: 1.542
Epoch: [15/25], Batch: 1540/2963, Loss: 105.719, Trans_L2_m: 1.713, Yaw_err_deg: 0.990
Epoch: [15/25], Batch: 1550/2963, Loss: 112.151, Trans_L2_m: 1.587, Yaw_err_deg: 1.074
Epoch: [15/25], Batch: 1560/2963, Loss: 87.370, Trans_L2_m: 1.301, Yaw_err_deg: 1.075
Epoch: [15/25], Batch: 1570/2963, Loss: 69.644, Trans_L2_m: 1.027, Yaw_err_deg: 0.787
Epoch: [15/25], Batch: 1580/2963, Loss: 91.623, Trans_L2_m: 1.715, Yaw_err_deg: 0.923
Epoch: [15/25], Batch: 1590/2963, Loss: 72.142, Trans_L2_m: 0.771, Yaw_err_deg: 1.069
Epoch: [15/25], Batch: 1600/2963, Loss: 94.562, Trans_L2_m: 1.374, Yaw_err_deg: 1.197
Epoch: [15/25], Batch: 1610/2963, Loss: 90.764, Trans_L2_m: 1.273, Yaw_err_deg: 1.064
Epoch: [15/25], Batch: 1620/2963, Loss: 95.787, Trans_L2_m: 1.583, Yaw_err_deg: 1.244
Epoch: [15/25], Batch: 1630/2963, Loss: 82.284, Trans_L2_m: 0.956, Yaw_err_deg: 1.153
Epoch: [15/25], Batch: 1640/2963, Loss: 103.269, Trans_L2_m: 1.453, Yaw_err_deg: 1.185
Epoch: [15/25], Batch: 1650/2963, Loss: 88.127, Trans_L2_m: 1.107, Yaw_err_deg: 1.169
Epoch: [15/25], Batch: 1660/2963, Loss: 84.534, Trans_L2_m: 1.214, Yaw_err_deg: 0.782
Epoch: [15/25], Batch: 1670/2963, Loss: 78.007, Trans_L2_m: 1.090, Yaw_err_deg: 0.945
Epoch: [15/25], Batch: 1680/2963, Loss: 95.481, Trans_L2_m: 1.018, Yaw_err_deg: 0.917
Epoch: [15/25], Batch: 1690/2963, Loss: 89.243, Trans_L2_m: 1.219, Yaw_err_deg: 0.810
Epoch: [15/25], Batch: 1700/2963, Loss: 90.502, Trans_L2_m: 1.359, Yaw_err_deg: 0.993
Epoch: [15/25], Batch: 1710/2963, Loss: 81.793, Trans_L2_m: 0.954, Yaw_err_deg: 1.107
Epoch: [15/25], Batch: 1720/2963, Loss: 109.087, Trans_L2_m: 1.477, Yaw_err_deg: 1.266
Epoch: [15/25], Batch: 1730/2963, Loss: 149.169, Trans_L2_m: 2.012, Yaw_err_deg: 0.736
Epoch: [15/25], Batch: 1740/2963, Loss: 86.363, Trans_L2_m: 1.092, Yaw_err_deg: 0.983
Epoch: [15/25], Batch: 1750/2963, Loss: 132.603, Trans_L2_m: 2.001, Yaw_err_deg: 0.999
Epoch: [15/25], Batch: 1760/2963, Loss: 109.515, Trans_L2_m: 1.648, Yaw_err_deg: 0.967
Epoch: [15/25], Batch: 1770/2963, Loss: 99.056, Trans_L2_m: 1.271, Yaw_err_deg: 1.368
Epoch: [15/25], Batch: 1780/2963, Loss: 88.113, Trans_L2_m: 1.138, Yaw_err_deg: 1.295
Epoch: [15/25], Batch: 1790/2963, Loss: 89.242, Trans_L2_m: 1.265, Yaw_err_deg: 1.187
Epoch: [15/25], Batch: 1800/2963, Loss: 81.285, Trans_L2_m: 0.886, Yaw_err_deg: 1.021
Epoch: [15/25], Batch: 1810/2963, Loss: 116.676, Trans_L2_m: 1.557, Yaw_err_deg: 1.355
Epoch: [15/25], Batch: 1820/2963, Loss: 95.400, Trans_L2_m: 1.594, Yaw_err_deg: 0.876
Epoch: [15/25], Batch: 1830/2963, Loss: 102.331, Trans_L2_m: 1.499, Yaw_err_deg: 1.079
Epoch: [15/25], Batch: 1840/2963, Loss: 74.281, Trans_L2_m: 1.132, Yaw_err_deg: 0.948
Epoch: [15/25], Batch: 1850/2963, Loss: 83.314, Trans_L2_m: 1.268, Yaw_err_deg: 0.772
Epoch: [15/25], Batch: 1860/2963, Loss: 120.149, Trans_L2_m: 1.584, Yaw_err_deg: 1.291
Epoch: [15/25], Batch: 1870/2963, Loss: 95.557, Trans_L2_m: 0.779, Yaw_err_deg: 1.401
Epoch: [15/25], Batch: 1880/2963, Loss: 82.370, Trans_L2_m: 0.822, Yaw_err_deg: 1.101
Epoch: [15/25], Batch: 1890/2963, Loss: 132.901, Trans_L2_m: 1.661, Yaw_err_deg: 1.077
Epoch: [15/25], Batch: 1900/2963, Loss: 113.498, Trans_L2_m: 1.630, Yaw_err_deg: 1.227
Epoch: [15/25], Batch: 1910/2963, Loss: 111.407, Trans_L2_m: 1.671, Yaw_err_deg: 1.445
Epoch: [15/25], Batch: 1920/2963, Loss: 71.633, Trans_L2_m: 1.028, Yaw_err_deg: 1.145
Epoch: [15/25], Batch: 1930/2963, Loss: 106.864, Trans_L2_m: 1.915, Yaw_err_deg: 1.372
Epoch: [15/25], Batch: 1940/2963, Loss: 74.249, Trans_L2_m: 0.830, Yaw_err_deg: 0.974
Epoch: [15/25], Batch: 1950/2963, Loss: 110.423, Trans_L2_m: 1.444, Yaw_err_deg: 1.212
Epoch: [15/25], Batch: 1960/2963, Loss: 83.781, Trans_L2_m: 1.403, Yaw_err_deg: 1.120
Epoch: [15/25], Batch: 1970/2963, Loss: 125.827, Trans_L2_m: 2.296, Yaw_err_deg: 1.160
Epoch: [15/25], Batch: 1980/2963, Loss: 83.626, Trans_L2_m: 1.260, Yaw_err_deg: 0.999
Epoch: [15/25], Batch: 1990/2963, Loss: 108.578, Trans_L2_m: 1.506, Yaw_err_deg: 1.373
Epoch: [15/25], Batch: 2000/2963, Loss: 109.638, Trans_L2_m: 1.720, Yaw_err_deg: 1.364
Epoch: [15/25], Batch: 2010/2963, Loss: 104.653, Trans_L2_m: 1.759, Yaw_err_deg: 0.828
Epoch: [15/25], Batch: 2020/2963, Loss: 88.347, Trans_L2_m: 1.258, Yaw_err_deg: 1.181
Epoch: [15/25], Batch: 2030/2963, Loss: 265.340, Trans_L2_m: 2.753, Yaw_err_deg: 1.359
Epoch: [15/25], Batch: 2040/2963, Loss: 101.301, Trans_L2_m: 1.578, Yaw_err_deg: 1.033
Epoch: [15/25], Batch: 2050/2963, Loss: 85.277, Trans_L2_m: 1.304, Yaw_err_deg: 1.059
Epoch: [15/25], Batch: 2060/2963, Loss: 86.853, Trans_L2_m: 1.207, Yaw_err_deg: 1.517
Epoch: [15/25], Batch: 2070/2963, Loss: 81.899, Trans_L2_m: 1.324, Yaw_err_deg: 0.703
Epoch: [15/25], Batch: 2080/2963, Loss: 85.642, Trans_L2_m: 1.335, Yaw_err_deg: 0.951
Epoch: [15/25], Batch: 2090/2963, Loss: 95.224, Trans_L2_m: 1.145, Yaw_err_deg: 1.102
Epoch: [15/25], Batch: 2100/2963, Loss: 81.960, Trans_L2_m: 0.903, Yaw_err_deg: 0.879
Epoch: [15/25], Batch: 2110/2963, Loss: 94.760, Trans_L2_m: 1.324, Yaw_err_deg: 1.137
Epoch: [15/25], Batch: 2120/2963, Loss: 76.914, Trans_L2_m: 1.099, Yaw_err_deg: 0.768
Epoch: [15/25], Batch: 2130/2963, Loss: 163.870, Trans_L2_m: 1.899, Yaw_err_deg: 1.381
Epoch: [15/25], Batch: 2140/2963, Loss: 82.291, Trans_L2_m: 1.106, Yaw_err_deg: 1.110
Epoch: [15/25], Batch: 2150/2963, Loss: 91.161, Trans_L2_m: 1.182, Yaw_err_deg: 0.930
Epoch: [15/25], Batch: 2160/2963, Loss: 86.445, Trans_L2_m: 1.266, Yaw_err_deg: 0.794
Epoch: [15/25], Batch: 2170/2963, Loss: 81.905, Trans_L2_m: 1.211, Yaw_err_deg: 1.045
Epoch: [15/25], Batch: 2180/2963, Loss: 93.538, Trans_L2_m: 1.171, Yaw_err_deg: 0.869
Epoch: [15/25], Batch: 2190/2963, Loss: 99.970, Trans_L2_m: 1.613, Yaw_err_deg: 1.181
Epoch: [15/25], Batch: 2200/2963, Loss: 102.593, Trans_L2_m: 1.886, Yaw_err_deg: 0.921
Epoch: [15/25], Batch: 2210/2963, Loss: 129.815, Trans_L2_m: 1.914, Yaw_err_deg: 1.572
Epoch: [15/25], Batch: 2220/2963, Loss: 84.858, Trans_L2_m: 1.394, Yaw_err_deg: 0.840
Epoch: [15/25], Batch: 2230/2963, Loss: 69.133, Trans_L2_m: 0.850, Yaw_err_deg: 0.979
Epoch: [15/25], Batch: 2240/2963, Loss: 86.687, Trans_L2_m: 1.643, Yaw_err_deg: 0.722
Epoch: [15/25], Batch: 2250/2963, Loss: 178.489, Trans_L2_m: 2.103, Yaw_err_deg: 1.428
Epoch: [15/25], Batch: 2260/2963, Loss: 91.846, Trans_L2_m: 1.522, Yaw_err_deg: 0.992
Epoch: [15/25], Batch: 2270/2963, Loss: 92.028, Trans_L2_m: 1.466, Yaw_err_deg: 0.953
Epoch: [15/25], Batch: 2280/2963, Loss: 62.724, Trans_L2_m: 0.955, Yaw_err_deg: 0.721
Epoch: [15/25], Batch: 2290/2963, Loss: 82.325, Trans_L2_m: 1.152, Yaw_err_deg: 1.100
Epoch: [15/25], Batch: 2300/2963, Loss: 108.421, Trans_L2_m: 1.892, Yaw_err_deg: 1.128
Epoch: [15/25], Batch: 2310/2963, Loss: 89.513, Trans_L2_m: 1.345, Yaw_err_deg: 0.892
Epoch: [15/25], Batch: 2320/2963, Loss: 91.962, Trans_L2_m: 1.024, Yaw_err_deg: 1.025
Epoch: [15/25], Batch: 2330/2963, Loss: 82.734, Trans_L2_m: 1.123, Yaw_err_deg: 1.114
Epoch: [15/25], Batch: 2340/2963, Loss: 80.660, Trans_L2_m: 1.018, Yaw_err_deg: 0.946
Epoch: [15/25], Batch: 2350/2963, Loss: 93.528, Trans_L2_m: 1.346, Yaw_err_deg: 0.843
Epoch: [15/25], Batch: 2360/2963, Loss: 79.605, Trans_L2_m: 1.171, Yaw_err_deg: 1.123
Epoch: [15/25], Batch: 2370/2963, Loss: 99.556, Trans_L2_m: 1.619, Yaw_err_deg: 1.396
Epoch: [15/25], Batch: 2380/2963, Loss: 95.466, Trans_L2_m: 1.269, Yaw_err_deg: 1.274
Epoch: [15/25], Batch: 2390/2963, Loss: 106.477, Trans_L2_m: 1.628, Yaw_err_deg: 1.363
Epoch: [15/25], Batch: 2400/2963, Loss: 84.542, Trans_L2_m: 1.518, Yaw_err_deg: 0.908
Epoch: [15/25], Batch: 2410/2963, Loss: 96.427, Trans_L2_m: 1.120, Yaw_err_deg: 1.434
Epoch: [15/25], Batch: 2420/2963, Loss: 104.970, Trans_L2_m: 1.394, Yaw_err_deg: 1.077
Epoch: [15/25], Batch: 2430/2963, Loss: 91.693, Trans_L2_m: 1.359, Yaw_err_deg: 1.024
Epoch: [15/25], Batch: 2440/2963, Loss: 80.021, Trans_L2_m: 1.132, Yaw_err_deg: 0.945
Epoch: [15/25], Batch: 2450/2963, Loss: 313.669, Trans_L2_m: 2.972, Yaw_err_deg: 1.634
Epoch: [15/25], Batch: 2460/2963, Loss: 119.567, Trans_L2_m: 2.131, Yaw_err_deg: 1.254
Epoch: [15/25], Batch: 2470/2963, Loss: 122.958, Trans_L2_m: 1.630, Yaw_err_deg: 0.999
Epoch: [15/25], Batch: 2480/2963, Loss: 91.715, Trans_L2_m: 1.452, Yaw_err_deg: 1.264
Epoch: [15/25], Batch: 2490/2963, Loss: 119.529, Trans_L2_m: 1.630, Yaw_err_deg: 1.653
Epoch: [15/25], Batch: 2500/2963, Loss: 95.459, Trans_L2_m: 1.244, Yaw_err_deg: 1.101
Epoch: [15/25], Batch: 2510/2963, Loss: 107.841, Trans_L2_m: 1.771, Yaw_err_deg: 1.216
Epoch: [15/25], Batch: 2520/2963, Loss: 79.169, Trans_L2_m: 1.291, Yaw_err_deg: 0.903
Epoch: [15/25], Batch: 2530/2963, Loss: 104.597, Trans_L2_m: 1.512, Yaw_err_deg: 1.248
Epoch: [15/25], Batch: 2540/2963, Loss: 117.848, Trans_L2_m: 1.501, Yaw_err_deg: 1.688
Epoch: [15/25], Batch: 2550/2963, Loss: 133.908, Trans_L2_m: 1.659, Yaw_err_deg: 1.469
Epoch: [15/25], Batch: 2560/2963, Loss: 100.226, Trans_L2_m: 1.515, Yaw_err_deg: 1.456
Epoch: [15/25], Batch: 2570/2963, Loss: 96.566, Trans_L2_m: 1.358, Yaw_err_deg: 0.771
Epoch: [15/25], Batch: 2580/2963, Loss: 102.288, Trans_L2_m: 1.318, Yaw_err_deg: 1.400
Epoch: [15/25], Batch: 2590/2963, Loss: 163.353, Trans_L2_m: 2.248, Yaw_err_deg: 1.123
Epoch: [15/25], Batch: 2600/2963, Loss: 131.061, Trans_L2_m: 1.961, Yaw_err_deg: 1.042
Epoch: [15/25], Batch: 2610/2963, Loss: 113.134, Trans_L2_m: 1.708, Yaw_err_deg: 1.602
Epoch: [15/25], Batch: 2620/2963, Loss: 86.855, Trans_L2_m: 1.726, Yaw_err_deg: 1.187
Epoch: [15/25], Batch: 2630/2963, Loss: 93.847, Trans_L2_m: 1.256, Yaw_err_deg: 1.479
Epoch: [15/25], Batch: 2640/2963, Loss: 176.433, Trans_L2_m: 1.996, Yaw_err_deg: 0.750
Epoch: [15/25], Batch: 2650/2963, Loss: 105.039, Trans_L2_m: 1.616, Yaw_err_deg: 1.020
Epoch: [15/25], Batch: 2660/2963, Loss: 80.273, Trans_L2_m: 1.255, Yaw_err_deg: 0.908
Epoch: [15/25], Batch: 2670/2963, Loss: 130.922, Trans_L2_m: 1.516, Yaw_err_deg: 1.413
Epoch: [15/25], Batch: 2680/2963, Loss: 117.645, Trans_L2_m: 1.874, Yaw_err_deg: 0.835
Epoch: [15/25], Batch: 2690/2963, Loss: 88.740, Trans_L2_m: 1.062, Yaw_err_deg: 1.347
Epoch: [15/25], Batch: 2700/2963, Loss: 75.214, Trans_L2_m: 1.023, Yaw_err_deg: 0.835
Epoch: [15/25], Batch: 2710/2963, Loss: 91.806, Trans_L2_m: 1.461, Yaw_err_deg: 1.294
Epoch: [15/25], Batch: 2720/2963, Loss: 88.513, Trans_L2_m: 1.184, Yaw_err_deg: 0.998
Epoch: [15/25], Batch: 2730/2963, Loss: 80.983, Trans_L2_m: 1.265, Yaw_err_deg: 1.004
Epoch: [15/25], Batch: 2740/2963, Loss: 99.647, Trans_L2_m: 1.683, Yaw_err_deg: 1.248
Epoch: [15/25], Batch: 2750/2963, Loss: 90.740, Trans_L2_m: 1.465, Yaw_err_deg: 0.934
Epoch: [15/25], Batch: 2760/2963, Loss: 71.208, Trans_L2_m: 1.296, Yaw_err_deg: 0.894
Epoch: [15/25], Batch: 2770/2963, Loss: 81.301, Trans_L2_m: 1.362, Yaw_err_deg: 0.566
Epoch: [15/25], Batch: 2780/2963, Loss: 82.551, Trans_L2_m: 1.312, Yaw_err_deg: 1.094
Epoch: [15/25], Batch: 2790/2963, Loss: 71.481, Trans_L2_m: 0.958, Yaw_err_deg: 0.972
Epoch: [15/25], Batch: 2800/2963, Loss: 95.873, Trans_L2_m: 1.503, Yaw_err_deg: 1.144
Epoch: [15/25], Batch: 2810/2963, Loss: 88.613, Trans_L2_m: 1.130, Yaw_err_deg: 1.426
Epoch: [15/25], Batch: 2820/2963, Loss: 94.371, Trans_L2_m: 1.449, Yaw_err_deg: 1.236
Epoch: [15/25], Batch: 2830/2963, Loss: 77.537, Trans_L2_m: 1.171, Yaw_err_deg: 1.076
Epoch: [15/25], Batch: 2840/2963, Loss: 128.072, Trans_L2_m: 1.491, Yaw_err_deg: 1.272
Epoch: [15/25], Batch: 2850/2963, Loss: 97.032, Trans_L2_m: 1.439, Yaw_err_deg: 1.530
Epoch: [15/25], Batch: 2860/2963, Loss: 95.135, Trans_L2_m: 1.094, Yaw_err_deg: 1.200
Epoch: [15/25], Batch: 2870/2963, Loss: 82.796, Trans_L2_m: 1.284, Yaw_err_deg: 0.898
Epoch: [15/25], Batch: 2880/2963, Loss: 94.272, Trans_L2_m: 1.338, Yaw_err_deg: 1.078
Epoch: [15/25], Batch: 2890/2963, Loss: 88.521, Trans_L2_m: 1.049, Yaw_err_deg: 1.205
Epoch: [15/25], Batch: 2900/2963, Loss: 76.001, Trans_L2_m: 1.088, Yaw_err_deg: 0.939
Epoch: [15/25], Batch: 2910/2963, Loss: 101.820, Trans_L2_m: 1.640, Yaw_err_deg: 0.834
Epoch: [15/25], Batch: 2920/2963, Loss: 93.236, Trans_L2_m: 1.292, Yaw_err_deg: 1.290
Epoch: [15/25], Batch: 2930/2963, Loss: 104.599, Trans_L2_m: 1.349, Yaw_err_deg: 1.108
Epoch: [15/25], Batch: 2940/2963, Loss: 103.828, Trans_L2_m: 1.526, Yaw_err_deg: 1.317
Epoch: [15/25], Batch: 2950/2963, Loss: 148.650, Trans_L2_m: 1.748, Yaw_err_deg: 1.601
Epoch: [15/25], Batch: 2960/2963, Loss: 95.280, Trans_L2_m: 1.343, Yaw_err_deg: 1.132
Epoch: [16/25], Batch: 0/2963, Loss: 99.038, Trans_L2_m: 1.362, Yaw_err_deg: 0.978
Epoch: [16/25], Batch: 10/2963, Loss: 90.536, Trans_L2_m: 1.538, Yaw_err_deg: 1.023
Epoch: [16/25], Batch: 20/2963, Loss: 107.347, Trans_L2_m: 1.500, Yaw_err_deg: 1.086
Epoch: [16/25], Batch: 30/2963, Loss: 81.839, Trans_L2_m: 1.377, Yaw_err_deg: 0.777
Epoch: [16/25], Batch: 40/2963, Loss: 78.841, Trans_L2_m: 1.302, Yaw_err_deg: 1.006
Epoch: [16/25], Batch: 50/2963, Loss: 93.947, Trans_L2_m: 1.643, Yaw_err_deg: 0.759
Epoch: [16/25], Batch: 60/2963, Loss: 98.847, Trans_L2_m: 1.456, Yaw_err_deg: 1.131
Epoch: [16/25], Batch: 70/2963, Loss: 77.420, Trans_L2_m: 1.016, Yaw_err_deg: 0.982
Epoch: [16/25], Batch: 80/2963, Loss: 77.201, Trans_L2_m: 1.094, Yaw_err_deg: 0.996
Epoch: [16/25], Batch: 90/2963, Loss: 100.494, Trans_L2_m: 1.109, Yaw_err_deg: 1.386
Epoch: [16/25], Batch: 100/2963, Loss: 87.337, Trans_L2_m: 1.234, Yaw_err_deg: 0.995
Epoch: [16/25], Batch: 110/2963, Loss: 87.055, Trans_L2_m: 1.127, Yaw_err_deg: 0.990
Epoch: [16/25], Batch: 120/2963, Loss: 71.950, Trans_L2_m: 1.207, Yaw_err_deg: 0.691
Epoch: [16/25], Batch: 130/2963, Loss: 98.745, Trans_L2_m: 1.362, Yaw_err_deg: 1.460
Epoch: [16/25], Batch: 140/2963, Loss: 85.116, Trans_L2_m: 1.009, Yaw_err_deg: 0.916
Epoch: [16/25], Batch: 150/2963, Loss: 93.026, Trans_L2_m: 1.542, Yaw_err_deg: 0.943
Epoch: [16/25], Batch: 160/2963, Loss: 405.058, Trans_L2_m: 2.910, Yaw_err_deg: 1.082
Epoch: [16/25], Batch: 170/2963, Loss: 153.449, Trans_L2_m: 2.316, Yaw_err_deg: 1.304
Epoch: [16/25], Batch: 180/2963, Loss: 109.224, Trans_L2_m: 1.606, Yaw_err_deg: 1.302
Epoch: [16/25], Batch: 190/2963, Loss: 93.615, Trans_L2_m: 1.263, Yaw_err_deg: 1.306
Epoch: [16/25], Batch: 200/2963, Loss: 98.310, Trans_L2_m: 1.136, Yaw_err_deg: 1.156
Epoch: [16/25], Batch: 210/2963, Loss: 105.507, Trans_L2_m: 1.549, Yaw_err_deg: 0.885
Epoch: [16/25], Batch: 220/2963, Loss: 95.156, Trans_L2_m: 1.640, Yaw_err_deg: 1.010
Epoch: [16/25], Batch: 230/2963, Loss: 73.842, Trans_L2_m: 1.140, Yaw_err_deg: 1.011
Epoch: [16/25], Batch: 240/2963, Loss: 92.311, Trans_L2_m: 1.550, Yaw_err_deg: 1.107
Epoch: [16/25], Batch: 250/2963, Loss: 84.285, Trans_L2_m: 0.975, Yaw_err_deg: 0.993
Epoch: [16/25], Batch: 260/2963, Loss: 70.571, Trans_L2_m: 1.161, Yaw_err_deg: 0.609
Epoch: [16/25], Batch: 270/2963, Loss: 79.632, Trans_L2_m: 1.023, Yaw_err_deg: 1.134
Epoch: [16/25], Batch: 280/2963, Loss: 84.271, Trans_L2_m: 1.301, Yaw_err_deg: 1.119
Epoch: [16/25], Batch: 290/2963, Loss: 81.784, Trans_L2_m: 1.130, Yaw_err_deg: 1.016
Epoch: [16/25], Batch: 300/2963, Loss: 84.595, Trans_L2_m: 1.569, Yaw_err_deg: 0.898
Epoch: [16/25], Batch: 310/2963, Loss: 73.356, Trans_L2_m: 1.047, Yaw_err_deg: 1.106
Epoch: [16/25], Batch: 320/2963, Loss: 98.173, Trans_L2_m: 1.340, Yaw_err_deg: 0.875
Epoch: [16/25], Batch: 330/2963, Loss: 87.245, Trans_L2_m: 1.354, Yaw_err_deg: 0.890
Epoch: [16/25], Batch: 340/2963, Loss: 69.655, Trans_L2_m: 0.956, Yaw_err_deg: 0.784
Epoch: [16/25], Batch: 350/2963, Loss: 85.319, Trans_L2_m: 1.394, Yaw_err_deg: 1.200
Epoch: [16/25], Batch: 360/2963, Loss: 98.433, Trans_L2_m: 1.918, Yaw_err_deg: 0.772
Epoch: [16/25], Batch: 370/2963, Loss: 146.366, Trans_L2_m: 1.872, Yaw_err_deg: 0.852
Epoch: [16/25], Batch: 380/2963, Loss: 77.930, Trans_L2_m: 0.975, Yaw_err_deg: 1.243
Epoch: [16/25], Batch: 390/2963, Loss: 82.106, Trans_L2_m: 1.208, Yaw_err_deg: 1.068
Epoch: [16/25], Batch: 400/2963, Loss: 67.072, Trans_L2_m: 0.784, Yaw_err_deg: 0.606
Epoch: [16/25], Batch: 410/2963, Loss: 131.711, Trans_L2_m: 1.811, Yaw_err_deg: 1.282
Epoch: [16/25], Batch: 420/2963, Loss: 69.721, Trans_L2_m: 1.215, Yaw_err_deg: 0.865
Epoch: [16/25], Batch: 430/2963, Loss: 107.260, Trans_L2_m: 1.432, Yaw_err_deg: 1.490
Epoch: [16/25], Batch: 440/2963, Loss: 88.670, Trans_L2_m: 1.420, Yaw_err_deg: 0.941
Epoch: [16/25], Batch: 450/2963, Loss: 91.081, Trans_L2_m: 1.131, Yaw_err_deg: 1.654
Epoch: [16/25], Batch: 460/2963, Loss: 89.458, Trans_L2_m: 1.393, Yaw_err_deg: 0.948
Epoch: [16/25], Batch: 470/2963, Loss: 91.321, Trans_L2_m: 1.152, Yaw_err_deg: 1.130
Epoch: [16/25], Batch: 480/2963, Loss: 95.935, Trans_L2_m: 1.162, Yaw_err_deg: 1.193
Epoch: [16/25], Batch: 490/2963, Loss: 87.598, Trans_L2_m: 1.087, Yaw_err_deg: 1.132
Epoch: [16/25], Batch: 500/2963, Loss: 80.368, Trans_L2_m: 0.934, Yaw_err_deg: 0.948
Epoch: [16/25], Batch: 510/2963, Loss: 77.266, Trans_L2_m: 1.129, Yaw_err_deg: 1.043
Epoch: [16/25], Batch: 520/2963, Loss: 79.669, Trans_L2_m: 1.068, Yaw_err_deg: 0.759
Epoch: [16/25], Batch: 530/2963, Loss: 82.503, Trans_L2_m: 1.737, Yaw_err_deg: 0.690
Epoch: [16/25], Batch: 540/2963, Loss: 77.113, Trans_L2_m: 0.979, Yaw_err_deg: 0.674
Epoch: [16/25], Batch: 550/2963, Loss: 88.464, Trans_L2_m: 1.276, Yaw_err_deg: 0.660
Epoch: [16/25], Batch: 560/2963, Loss: 83.725, Trans_L2_m: 1.233, Yaw_err_deg: 0.706
Epoch: [16/25], Batch: 570/2963, Loss: 93.841, Trans_L2_m: 1.083, Yaw_err_deg: 1.011
Epoch: [16/25], Batch: 580/2963, Loss: 79.016, Trans_L2_m: 0.996, Yaw_err_deg: 1.266
Epoch: [16/25], Batch: 590/2963, Loss: 69.558, Trans_L2_m: 0.773, Yaw_err_deg: 1.256
Epoch: [16/25], Batch: 600/2963, Loss: 88.203, Trans_L2_m: 1.238, Yaw_err_deg: 1.005
Epoch: [16/25], Batch: 610/2963, Loss: 93.841, Trans_L2_m: 1.144, Yaw_err_deg: 1.191
Epoch: [16/25], Batch: 620/2963, Loss: 82.282, Trans_L2_m: 0.969, Yaw_err_deg: 0.951
Epoch: [16/25], Batch: 630/2963, Loss: 83.023, Trans_L2_m: 1.120, Yaw_err_deg: 1.657
Epoch: [16/25], Batch: 640/2963, Loss: 80.682, Trans_L2_m: 1.060, Yaw_err_deg: 1.332
Epoch: [16/25], Batch: 650/2963, Loss: 83.372, Trans_L2_m: 1.295, Yaw_err_deg: 0.930
Epoch: [16/25], Batch: 660/2963, Loss: 78.236, Trans_L2_m: 0.969, Yaw_err_deg: 0.931
Epoch: [16/25], Batch: 670/2963, Loss: 100.300, Trans_L2_m: 1.235, Yaw_err_deg: 1.382
Epoch: [16/25], Batch: 680/2963, Loss: 79.760, Trans_L2_m: 1.250, Yaw_err_deg: 1.014
Epoch: [16/25], Batch: 690/2963, Loss: 89.876, Trans_L2_m: 1.338, Yaw_err_deg: 1.085
Epoch: [16/25], Batch: 700/2963, Loss: 89.639, Trans_L2_m: 1.211, Yaw_err_deg: 0.973
Epoch: [16/25], Batch: 710/2963, Loss: 94.254, Trans_L2_m: 1.266, Yaw_err_deg: 1.315
Epoch: [16/25], Batch: 720/2963, Loss: 82.445, Trans_L2_m: 1.224, Yaw_err_deg: 1.060
Epoch: [16/25], Batch: 730/2963, Loss: 120.893, Trans_L2_m: 2.096, Yaw_err_deg: 0.894
Epoch: [16/25], Batch: 740/2963, Loss: 89.739, Trans_L2_m: 1.139, Yaw_err_deg: 0.828
Epoch: [16/25], Batch: 750/2963, Loss: 104.468, Trans_L2_m: 1.552, Yaw_err_deg: 1.003
Epoch: [16/25], Batch: 760/2963, Loss: 84.298, Trans_L2_m: 1.322, Yaw_err_deg: 1.025
Epoch: [16/25], Batch: 770/2963, Loss: 89.576, Trans_L2_m: 1.163, Yaw_err_deg: 1.014
Epoch: [16/25], Batch: 780/2963, Loss: 71.774, Trans_L2_m: 0.815, Yaw_err_deg: 0.991
Epoch: [16/25], Batch: 790/2963, Loss: 73.587, Trans_L2_m: 1.128, Yaw_err_deg: 1.085
Epoch: [16/25], Batch: 800/2963, Loss: 85.913, Trans_L2_m: 1.633, Yaw_err_deg: 0.949
Epoch: [16/25], Batch: 810/2963, Loss: 84.438, Trans_L2_m: 1.308, Yaw_err_deg: 0.791
Epoch: [16/25], Batch: 820/2963, Loss: 91.654, Trans_L2_m: 1.391, Yaw_err_deg: 1.167
Epoch: [16/25], Batch: 830/2963, Loss: 84.243, Trans_L2_m: 1.592, Yaw_err_deg: 1.058
Epoch: [16/25], Batch: 840/2963, Loss: 90.021, Trans_L2_m: 1.139, Yaw_err_deg: 1.316
Epoch: [16/25], Batch: 850/2963, Loss: 78.156, Trans_L2_m: 1.222, Yaw_err_deg: 0.982
Epoch: [16/25], Batch: 860/2963, Loss: 88.419, Trans_L2_m: 1.164, Yaw_err_deg: 0.900
Epoch: [16/25], Batch: 870/2963, Loss: 83.794, Trans_L2_m: 1.039, Yaw_err_deg: 1.552
Epoch: [16/25], Batch: 880/2963, Loss: 80.046, Trans_L2_m: 1.246, Yaw_err_deg: 1.150
Epoch: [16/25], Batch: 890/2963, Loss: 117.929, Trans_L2_m: 1.729, Yaw_err_deg: 1.120
Epoch: [16/25], Batch: 900/2963, Loss: 91.773, Trans_L2_m: 1.374, Yaw_err_deg: 1.151
Epoch: [16/25], Batch: 910/2963, Loss: 85.833, Trans_L2_m: 1.300, Yaw_err_deg: 0.938
Epoch: [16/25], Batch: 920/2963, Loss: 87.516, Trans_L2_m: 1.375, Yaw_err_deg: 0.941
Epoch: [16/25], Batch: 930/2963, Loss: 85.597, Trans_L2_m: 1.040, Yaw_err_deg: 0.904
Epoch: [16/25], Batch: 940/2963, Loss: 88.794, Trans_L2_m: 1.399, Yaw_err_deg: 0.859
Epoch: [16/25], Batch: 950/2963, Loss: 75.793, Trans_L2_m: 1.252, Yaw_err_deg: 1.200
Epoch: [16/25], Batch: 960/2963, Loss: 302.470, Trans_L2_m: 2.799, Yaw_err_deg: 1.390
Epoch: [16/25], Batch: 970/2963, Loss: 81.061, Trans_L2_m: 1.292, Yaw_err_deg: 1.059
Epoch: [16/25], Batch: 980/2963, Loss: 102.041, Trans_L2_m: 1.376, Yaw_err_deg: 1.267
Epoch: [16/25], Batch: 990/2963, Loss: 78.541, Trans_L2_m: 1.106, Yaw_err_deg: 0.846
Epoch: [16/25], Batch: 1000/2963, Loss: 95.695, Trans_L2_m: 1.549, Yaw_err_deg: 1.138
Epoch: [16/25], Batch: 1010/2963, Loss: 87.946, Trans_L2_m: 1.071, Yaw_err_deg: 0.994
Epoch: [16/25], Batch: 1020/2963, Loss: 87.972, Trans_L2_m: 1.465, Yaw_err_deg: 0.714
Epoch: [16/25], Batch: 1030/2963, Loss: 101.346, Trans_L2_m: 1.569, Yaw_err_deg: 1.086
Epoch: [16/25], Batch: 1040/2963, Loss: 103.571, Trans_L2_m: 1.504, Yaw_err_deg: 1.219
Epoch: [16/25], Batch: 1050/2963, Loss: 196.890, Trans_L2_m: 2.169, Yaw_err_deg: 1.518
Epoch: [16/25], Batch: 1060/2963, Loss: 81.893, Trans_L2_m: 1.006, Yaw_err_deg: 0.898
Epoch: [16/25], Batch: 1070/2963, Loss: 68.903, Trans_L2_m: 0.869, Yaw_err_deg: 0.918
Epoch: [16/25], Batch: 1080/2963, Loss: 84.552, Trans_L2_m: 1.051, Yaw_err_deg: 0.959
Epoch: [16/25], Batch: 1090/2963, Loss: 84.299, Trans_L2_m: 1.299, Yaw_err_deg: 0.790
Epoch: [16/25], Batch: 1100/2963, Loss: 68.651, Trans_L2_m: 1.264, Yaw_err_deg: 0.988
Epoch: [16/25], Batch: 1110/2963, Loss: 106.771, Trans_L2_m: 1.712, Yaw_err_deg: 1.097
Epoch: [16/25], Batch: 1120/2963, Loss: 91.944, Trans_L2_m: 1.119, Yaw_err_deg: 1.178
Epoch: [16/25], Batch: 1130/2963, Loss: 85.433, Trans_L2_m: 1.200, Yaw_err_deg: 1.287
Epoch: [16/25], Batch: 1140/2963, Loss: 93.087, Trans_L2_m: 1.412, Yaw_err_deg: 1.237
Epoch: [16/25], Batch: 1150/2963, Loss: 65.100, Trans_L2_m: 1.126, Yaw_err_deg: 0.570
Epoch: [16/25], Batch: 1160/2963, Loss: 102.290, Trans_L2_m: 1.673, Yaw_err_deg: 1.018
Epoch: [16/25], Batch: 1170/2963, Loss: 98.777, Trans_L2_m: 1.385, Yaw_err_deg: 1.166
Epoch: [16/25], Batch: 1180/2963, Loss: 103.400, Trans_L2_m: 0.936, Yaw_err_deg: 1.506
Epoch: [16/25], Batch: 1190/2963, Loss: 136.961, Trans_L2_m: 1.987, Yaw_err_deg: 0.869
Epoch: [16/25], Batch: 1200/2963, Loss: 69.206, Trans_L2_m: 1.155, Yaw_err_deg: 0.787
Epoch: [16/25], Batch: 1210/2963, Loss: 71.247, Trans_L2_m: 1.092, Yaw_err_deg: 1.040
Epoch: [16/25], Batch: 1220/2963, Loss: 87.940, Trans_L2_m: 1.277, Yaw_err_deg: 0.797
Epoch: [16/25], Batch: 1230/2963, Loss: 80.405, Trans_L2_m: 0.883, Yaw_err_deg: 1.267
Epoch: [16/25], Batch: 1240/2963, Loss: 95.965, Trans_L2_m: 1.169, Yaw_err_deg: 0.951
Epoch: [16/25], Batch: 1250/2963, Loss: 78.265, Trans_L2_m: 1.408, Yaw_err_deg: 0.730
Epoch: [16/25], Batch: 1260/2963, Loss: 81.355, Trans_L2_m: 1.329, Yaw_err_deg: 0.962
Epoch: [16/25], Batch: 1270/2963, Loss: 95.474, Trans_L2_m: 1.576, Yaw_err_deg: 0.969
Epoch: [16/25], Batch: 1280/2963, Loss: 106.385, Trans_L2_m: 1.568, Yaw_err_deg: 1.168
Epoch: [16/25], Batch: 1290/2963, Loss: 84.325, Trans_L2_m: 1.246, Yaw_err_deg: 0.719
Epoch: [16/25], Batch: 1300/2963, Loss: 82.228, Trans_L2_m: 0.931, Yaw_err_deg: 0.804
Epoch: [16/25], Batch: 1310/2963, Loss: 92.725, Trans_L2_m: 1.245, Yaw_err_deg: 1.347
Epoch: [16/25], Batch: 1320/2963, Loss: 114.194, Trans_L2_m: 1.841, Yaw_err_deg: 0.740
Epoch: [16/25], Batch: 1330/2963, Loss: 79.752, Trans_L2_m: 1.347, Yaw_err_deg: 0.858
Epoch: [16/25], Batch: 1340/2963, Loss: 81.902, Trans_L2_m: 1.232, Yaw_err_deg: 0.901
Epoch: [16/25], Batch: 1350/2963, Loss: 157.256, Trans_L2_m: 2.323, Yaw_err_deg: 0.902
Epoch: [16/25], Batch: 1360/2963, Loss: 109.359, Trans_L2_m: 1.514, Yaw_err_deg: 1.066
Epoch: [16/25], Batch: 1370/2963, Loss: 89.329, Trans_L2_m: 1.104, Yaw_err_deg: 1.648
Epoch: [16/25], Batch: 1380/2963, Loss: 75.295, Trans_L2_m: 1.052, Yaw_err_deg: 0.974
Epoch: [16/25], Batch: 1390/2963, Loss: 101.559, Trans_L2_m: 1.530, Yaw_err_deg: 0.682
Epoch: [16/25], Batch: 1400/2963, Loss: 75.867, Trans_L2_m: 0.943, Yaw_err_deg: 0.772
Epoch: [16/25], Batch: 1410/2963, Loss: 104.993, Trans_L2_m: 1.250, Yaw_err_deg: 0.961
Epoch: [16/25], Batch: 1420/2963, Loss: 96.609, Trans_L2_m: 1.177, Yaw_err_deg: 1.167
Epoch: [16/25], Batch: 1430/2963, Loss: 103.657, Trans_L2_m: 1.671, Yaw_err_deg: 1.019
Epoch: [16/25], Batch: 1440/2963, Loss: 95.109, Trans_L2_m: 0.951, Yaw_err_deg: 1.251
Epoch: [16/25], Batch: 1450/2963, Loss: 66.530, Trans_L2_m: 0.811, Yaw_err_deg: 0.672
Epoch: [16/25], Batch: 1460/2963, Loss: 93.781, Trans_L2_m: 1.383, Yaw_err_deg: 0.992
Epoch: [16/25], Batch: 1470/2963, Loss: 82.434, Trans_L2_m: 1.339, Yaw_err_deg: 0.814
Epoch: [16/25], Batch: 1480/2963, Loss: 92.349, Trans_L2_m: 1.271, Yaw_err_deg: 1.322
Epoch: [16/25], Batch: 1490/2963, Loss: 101.289, Trans_L2_m: 1.696, Yaw_err_deg: 0.704
Epoch: [16/25], Batch: 1500/2963, Loss: 87.026, Trans_L2_m: 1.120, Yaw_err_deg: 1.211
Epoch: [16/25], Batch: 1510/2963, Loss: 110.925, Trans_L2_m: 1.747, Yaw_err_deg: 0.984
Epoch: [16/25], Batch: 1520/2963, Loss: 94.333, Trans_L2_m: 1.473, Yaw_err_deg: 1.231
Epoch: [16/25], Batch: 1530/2963, Loss: 127.751, Trans_L2_m: 1.865, Yaw_err_deg: 1.086
Epoch: [16/25], Batch: 1540/2963, Loss: 66.994, Trans_L2_m: 0.753, Yaw_err_deg: 1.182
Epoch: [16/25], Batch: 1550/2963, Loss: 73.995, Trans_L2_m: 1.203, Yaw_err_deg: 1.181
Epoch: [16/25], Batch: 1560/2963, Loss: 97.882, Trans_L2_m: 1.441, Yaw_err_deg: 1.190
Epoch: [16/25], Batch: 1570/2963, Loss: 89.725, Trans_L2_m: 1.455, Yaw_err_deg: 0.881
Epoch: [16/25], Batch: 1580/2963, Loss: 106.366, Trans_L2_m: 1.462, Yaw_err_deg: 1.365
Epoch: [16/25], Batch: 1590/2963, Loss: 88.012, Trans_L2_m: 1.195, Yaw_err_deg: 1.048
Epoch: [16/25], Batch: 1600/2963, Loss: 115.104, Trans_L2_m: 1.447, Yaw_err_deg: 1.507
Epoch: [16/25], Batch: 1610/2963, Loss: 77.707, Trans_L2_m: 1.092, Yaw_err_deg: 1.035
Epoch: [16/25], Batch: 1620/2963, Loss: 84.840, Trans_L2_m: 1.063, Yaw_err_deg: 1.002
Epoch: [16/25], Batch: 1630/2963, Loss: 76.015, Trans_L2_m: 1.344, Yaw_err_deg: 0.815
Epoch: [16/25], Batch: 1640/2963, Loss: 90.249, Trans_L2_m: 1.331, Yaw_err_deg: 0.967
Epoch: [16/25], Batch: 1650/2963, Loss: 76.634, Trans_L2_m: 1.198, Yaw_err_deg: 1.065
Epoch: [16/25], Batch: 1660/2963, Loss: 90.090, Trans_L2_m: 1.313, Yaw_err_deg: 1.123
Epoch: [16/25], Batch: 1670/2963, Loss: 98.048, Trans_L2_m: 1.446, Yaw_err_deg: 1.059
Epoch: [16/25], Batch: 1680/2963, Loss: 97.060, Trans_L2_m: 1.783, Yaw_err_deg: 0.831
Epoch: [16/25], Batch: 1690/2963, Loss: 69.308, Trans_L2_m: 0.997, Yaw_err_deg: 0.854
Epoch: [16/25], Batch: 1700/2963, Loss: 82.267, Trans_L2_m: 1.169, Yaw_err_deg: 0.970
Epoch: [16/25], Batch: 1710/2963, Loss: 75.539, Trans_L2_m: 1.134, Yaw_err_deg: 1.139
Epoch: [16/25], Batch: 1720/2963, Loss: 100.936, Trans_L2_m: 1.240, Yaw_err_deg: 1.161
Epoch: [16/25], Batch: 1730/2963, Loss: 79.076, Trans_L2_m: 1.122, Yaw_err_deg: 0.923
Epoch: [16/25], Batch: 1740/2963, Loss: 88.955, Trans_L2_m: 1.119, Yaw_err_deg: 0.686
Epoch: [16/25], Batch: 1750/2963, Loss: 100.371, Trans_L2_m: 1.701, Yaw_err_deg: 1.121
Epoch: [16/25], Batch: 1760/2963, Loss: 104.150, Trans_L2_m: 1.308, Yaw_err_deg: 1.375
Epoch: [16/25], Batch: 1770/2963, Loss: 84.020, Trans_L2_m: 1.329, Yaw_err_deg: 0.699
Epoch: [16/25], Batch: 1780/2963, Loss: 81.887, Trans_L2_m: 1.394, Yaw_err_deg: 1.124
Epoch: [16/25], Batch: 1790/2963, Loss: 80.394, Trans_L2_m: 1.149, Yaw_err_deg: 1.083
Epoch: [16/25], Batch: 1800/2963, Loss: 65.442, Trans_L2_m: 0.722, Yaw_err_deg: 1.026
Epoch: [16/25], Batch: 1810/2963, Loss: 92.346, Trans_L2_m: 1.460, Yaw_err_deg: 0.786
Epoch: [16/25], Batch: 1820/2963, Loss: 88.967, Trans_L2_m: 1.215, Yaw_err_deg: 1.064
Epoch: [16/25], Batch: 1830/2963, Loss: 85.241, Trans_L2_m: 1.054, Yaw_err_deg: 0.920
Epoch: [16/25], Batch: 1840/2963, Loss: 98.026, Trans_L2_m: 1.567, Yaw_err_deg: 1.195
Epoch: [16/25], Batch: 1850/2963, Loss: 91.501, Trans_L2_m: 1.445, Yaw_err_deg: 0.876
Epoch: [16/25], Batch: 1860/2963, Loss: 106.626, Trans_L2_m: 1.354, Yaw_err_deg: 1.121
Epoch: [16/25], Batch: 1870/2963, Loss: 98.817, Trans_L2_m: 1.517, Yaw_err_deg: 1.103
Epoch: [16/25], Batch: 1880/2963, Loss: 76.984, Trans_L2_m: 1.008, Yaw_err_deg: 0.840
Epoch: [16/25], Batch: 1890/2963, Loss: 91.794, Trans_L2_m: 1.215, Yaw_err_deg: 1.342
Epoch: [16/25], Batch: 1900/2963, Loss: 110.871, Trans_L2_m: 1.525, Yaw_err_deg: 1.425
Epoch: [16/25], Batch: 1910/2963, Loss: 75.912, Trans_L2_m: 1.178, Yaw_err_deg: 0.881
Epoch: [16/25], Batch: 1920/2963, Loss: 84.627, Trans_L2_m: 1.108, Yaw_err_deg: 1.124
Epoch: [16/25], Batch: 1930/2963, Loss: 76.840, Trans_L2_m: 1.050, Yaw_err_deg: 0.901
Epoch: [16/25], Batch: 1940/2963, Loss: 88.582, Trans_L2_m: 1.208, Yaw_err_deg: 0.803
Epoch: [16/25], Batch: 1950/2963, Loss: 92.792, Trans_L2_m: 1.201, Yaw_err_deg: 1.563
Epoch: [16/25], Batch: 1960/2963, Loss: 85.626, Trans_L2_m: 1.310, Yaw_err_deg: 0.871
Epoch: [16/25], Batch: 1970/2963, Loss: 118.792, Trans_L2_m: 1.497, Yaw_err_deg: 1.596
Epoch: [16/25], Batch: 1980/2963, Loss: 85.794, Trans_L2_m: 1.156, Yaw_err_deg: 1.302
Epoch: [16/25], Batch: 1990/2963, Loss: 83.338, Trans_L2_m: 0.911, Yaw_err_deg: 0.890
Epoch: [16/25], Batch: 2000/2963, Loss: 76.552, Trans_L2_m: 0.939, Yaw_err_deg: 0.945
Epoch: [16/25], Batch: 2010/2963, Loss: 159.308, Trans_L2_m: 2.378, Yaw_err_deg: 0.853
Epoch: [16/25], Batch: 2020/2963, Loss: 99.721, Trans_L2_m: 1.302, Yaw_err_deg: 1.611
Epoch: [16/25], Batch: 2030/2963, Loss: 86.913, Trans_L2_m: 1.504, Yaw_err_deg: 0.920
Epoch: [16/25], Batch: 2040/2963, Loss: 81.138, Trans_L2_m: 0.835, Yaw_err_deg: 1.279
Epoch: [16/25], Batch: 2050/2963, Loss: 341.750, Trans_L2_m: 2.657, Yaw_err_deg: 1.293
Epoch: [16/25], Batch: 2060/2963, Loss: 79.193, Trans_L2_m: 1.101, Yaw_err_deg: 1.153
Epoch: [16/25], Batch: 2070/2963, Loss: 83.267, Trans_L2_m: 0.945, Yaw_err_deg: 1.167
Epoch: [16/25], Batch: 2080/2963, Loss: 88.924, Trans_L2_m: 1.459, Yaw_err_deg: 0.864
Epoch: [16/25], Batch: 2090/2963, Loss: 84.380, Trans_L2_m: 1.255, Yaw_err_deg: 1.090
Epoch: [16/25], Batch: 2100/2963, Loss: 78.740, Trans_L2_m: 1.187, Yaw_err_deg: 0.892
Epoch: [16/25], Batch: 2110/2963, Loss: 89.655, Trans_L2_m: 1.394, Yaw_err_deg: 0.859
Epoch: [16/25], Batch: 2120/2963, Loss: 79.456, Trans_L2_m: 1.027, Yaw_err_deg: 1.171
Epoch: [16/25], Batch: 2130/2963, Loss: 121.490, Trans_L2_m: 1.967, Yaw_err_deg: 1.203
Epoch: [16/25], Batch: 2140/2963, Loss: 88.286, Trans_L2_m: 1.154, Yaw_err_deg: 0.839
Epoch: [16/25], Batch: 2150/2963, Loss: 86.530, Trans_L2_m: 1.270, Yaw_err_deg: 1.546
Epoch: [16/25], Batch: 2160/2963, Loss: 76.529, Trans_L2_m: 1.102, Yaw_err_deg: 1.076
Epoch: [16/25], Batch: 2170/2963, Loss: 70.357, Trans_L2_m: 1.136, Yaw_err_deg: 0.968
Epoch: [16/25], Batch: 2180/2963, Loss: 94.459, Trans_L2_m: 1.221, Yaw_err_deg: 0.999
Epoch: [16/25], Batch: 2190/2963, Loss: 77.189, Trans_L2_m: 1.085, Yaw_err_deg: 0.698
Epoch: [16/25], Batch: 2200/2963, Loss: 118.809, Trans_L2_m: 1.435, Yaw_err_deg: 1.211
Epoch: [16/25], Batch: 2210/2963, Loss: 73.777, Trans_L2_m: 0.877, Yaw_err_deg: 0.834
Epoch: [16/25], Batch: 2220/2963, Loss: 87.523, Trans_L2_m: 1.490, Yaw_err_deg: 1.004
Epoch: [16/25], Batch: 2230/2963, Loss: 81.086, Trans_L2_m: 1.038, Yaw_err_deg: 1.194
Epoch: [16/25], Batch: 2240/2963, Loss: 83.666, Trans_L2_m: 1.514, Yaw_err_deg: 0.885
Epoch: [16/25], Batch: 2250/2963, Loss: 82.677, Trans_L2_m: 1.229, Yaw_err_deg: 0.979
Epoch: [16/25], Batch: 2260/2963, Loss: 85.864, Trans_L2_m: 1.175, Yaw_err_deg: 1.082
Epoch: [16/25], Batch: 2270/2963, Loss: 84.647, Trans_L2_m: 1.509, Yaw_err_deg: 0.746
Epoch: [16/25], Batch: 2280/2963, Loss: 79.971, Trans_L2_m: 1.201, Yaw_err_deg: 0.662
Epoch: [16/25], Batch: 2290/2963, Loss: 88.510, Trans_L2_m: 1.151, Yaw_err_deg: 1.080
Epoch: [16/25], Batch: 2300/2963, Loss: 94.671, Trans_L2_m: 1.399, Yaw_err_deg: 0.854
Epoch: [16/25], Batch: 2310/2963, Loss: 78.053, Trans_L2_m: 1.017, Yaw_err_deg: 0.913
Epoch: [16/25], Batch: 2320/2963, Loss: 379.290, Trans_L2_m: 3.154, Yaw_err_deg: 0.996
Epoch: [16/25], Batch: 2330/2963, Loss: 86.378, Trans_L2_m: 1.062, Yaw_err_deg: 1.215
Epoch: [16/25], Batch: 2340/2963, Loss: 86.113, Trans_L2_m: 1.270, Yaw_err_deg: 1.012
Epoch: [16/25], Batch: 2350/2963, Loss: 84.612, Trans_L2_m: 0.941, Yaw_err_deg: 0.885
Epoch: [16/25], Batch: 2360/2963, Loss: 81.730, Trans_L2_m: 1.464, Yaw_err_deg: 0.933
Epoch: [16/25], Batch: 2370/2963, Loss: 94.328, Trans_L2_m: 1.630, Yaw_err_deg: 0.821
Epoch: [16/25], Batch: 2380/2963, Loss: 181.551, Trans_L2_m: 2.002, Yaw_err_deg: 1.199
Epoch: [16/25], Batch: 2390/2963, Loss: 99.760, Trans_L2_m: 1.289, Yaw_err_deg: 1.462
Epoch: [16/25], Batch: 2400/2963, Loss: 93.874, Trans_L2_m: 1.448, Yaw_err_deg: 0.978
Epoch: [16/25], Batch: 2410/2963, Loss: 84.229, Trans_L2_m: 0.968, Yaw_err_deg: 0.766
Epoch: [16/25], Batch: 2420/2963, Loss: 102.949, Trans_L2_m: 1.616, Yaw_err_deg: 1.152
Epoch: [16/25], Batch: 2430/2963, Loss: 88.483, Trans_L2_m: 1.497, Yaw_err_deg: 1.041
Epoch: [16/25], Batch: 2440/2963, Loss: 73.249, Trans_L2_m: 0.953, Yaw_err_deg: 0.713
Epoch: [16/25], Batch: 2450/2963, Loss: 86.691, Trans_L2_m: 1.056, Yaw_err_deg: 1.405
Epoch: [16/25], Batch: 2460/2963, Loss: 113.932, Trans_L2_m: 1.292, Yaw_err_deg: 1.236
Epoch: [16/25], Batch: 2470/2963, Loss: 73.553, Trans_L2_m: 1.044, Yaw_err_deg: 0.801
Epoch: [16/25], Batch: 2480/2963, Loss: 95.789, Trans_L2_m: 1.239, Yaw_err_deg: 1.108
Epoch: [16/25], Batch: 2490/2963, Loss: 101.063, Trans_L2_m: 1.023, Yaw_err_deg: 1.480
Epoch: [16/25], Batch: 2500/2963, Loss: 103.790, Trans_L2_m: 1.376, Yaw_err_deg: 1.497
Epoch: [16/25], Batch: 2510/2963, Loss: 108.350, Trans_L2_m: 1.735, Yaw_err_deg: 1.068
Epoch: [16/25], Batch: 2520/2963, Loss: 79.548, Trans_L2_m: 1.167, Yaw_err_deg: 1.184
Epoch: [16/25], Batch: 2530/2963, Loss: 93.273, Trans_L2_m: 1.399, Yaw_err_deg: 0.769
Epoch: [16/25], Batch: 2540/2963, Loss: 72.122, Trans_L2_m: 1.137, Yaw_err_deg: 0.825
Epoch: [16/25], Batch: 2550/2963, Loss: 98.323, Trans_L2_m: 1.342, Yaw_err_deg: 1.073
Epoch: [16/25], Batch: 2560/2963, Loss: 188.877, Trans_L2_m: 2.374, Yaw_err_deg: 1.101
Epoch: [16/25], Batch: 2570/2963, Loss: 89.825, Trans_L2_m: 1.241, Yaw_err_deg: 1.274
Epoch: [16/25], Batch: 2580/2963, Loss: 82.031, Trans_L2_m: 1.179, Yaw_err_deg: 1.034
Epoch: [16/25], Batch: 2590/2963, Loss: 86.945, Trans_L2_m: 1.222, Yaw_err_deg: 0.865
Epoch: [16/25], Batch: 2600/2963, Loss: 91.068, Trans_L2_m: 1.275, Yaw_err_deg: 0.824
Epoch: [16/25], Batch: 2610/2963, Loss: 126.089, Trans_L2_m: 1.712, Yaw_err_deg: 0.943
Epoch: [16/25], Batch: 2620/2963, Loss: 75.777, Trans_L2_m: 1.316, Yaw_err_deg: 0.679
Epoch: [16/25], Batch: 2630/2963, Loss: 96.057, Trans_L2_m: 1.574, Yaw_err_deg: 1.081
Epoch: [16/25], Batch: 2640/2963, Loss: 94.934, Trans_L2_m: 1.412, Yaw_err_deg: 1.009
Epoch: [16/25], Batch: 2650/2963, Loss: 87.343, Trans_L2_m: 0.924, Yaw_err_deg: 1.461
Epoch: [16/25], Batch: 2660/2963, Loss: 89.431, Trans_L2_m: 1.066, Yaw_err_deg: 1.013
Epoch: [16/25], Batch: 2670/2963, Loss: 106.902, Trans_L2_m: 1.457, Yaw_err_deg: 1.411
Epoch: [16/25], Batch: 2680/2963, Loss: 64.616, Trans_L2_m: 0.679, Yaw_err_deg: 0.708
Epoch: [16/25], Batch: 2690/2963, Loss: 99.238, Trans_L2_m: 1.700, Yaw_err_deg: 1.275
Epoch: [16/25], Batch: 2700/2963, Loss: 91.633, Trans_L2_m: 1.255, Yaw_err_deg: 0.966
Epoch: [16/25], Batch: 2710/2963, Loss: 98.370, Trans_L2_m: 1.375, Yaw_err_deg: 0.951
Epoch: [16/25], Batch: 2720/2963, Loss: 112.346, Trans_L2_m: 2.009, Yaw_err_deg: 0.809
Epoch: [16/25], Batch: 2730/2963, Loss: 73.908, Trans_L2_m: 0.937, Yaw_err_deg: 1.000
Epoch: [16/25], Batch: 2740/2963, Loss: 93.268, Trans_L2_m: 1.037, Yaw_err_deg: 1.202
Epoch: [16/25], Batch: 2750/2963, Loss: 86.519, Trans_L2_m: 1.466, Yaw_err_deg: 0.975
Epoch: [16/25], Batch: 2760/2963, Loss: 89.026, Trans_L2_m: 1.155, Yaw_err_deg: 0.624
Epoch: [16/25], Batch: 2770/2963, Loss: 78.948, Trans_L2_m: 1.136, Yaw_err_deg: 0.855
Epoch: [16/25], Batch: 2780/2963, Loss: 181.757, Trans_L2_m: 2.104, Yaw_err_deg: 1.412
Epoch: [16/25], Batch: 2790/2963, Loss: 86.747, Trans_L2_m: 0.818, Yaw_err_deg: 1.255
Epoch: [16/25], Batch: 2800/2963, Loss: 85.802, Trans_L2_m: 1.219, Yaw_err_deg: 0.912
Epoch: [16/25], Batch: 2810/2963, Loss: 100.778, Trans_L2_m: 1.360, Yaw_err_deg: 1.420
Epoch: [16/25], Batch: 2820/2963, Loss: 86.620, Trans_L2_m: 1.057, Yaw_err_deg: 1.176
Epoch: [16/25], Batch: 2830/2963, Loss: 71.346, Trans_L2_m: 1.007, Yaw_err_deg: 1.063
Epoch: [16/25], Batch: 2840/2963, Loss: 78.071, Trans_L2_m: 0.982, Yaw_err_deg: 1.149
Epoch: [16/25], Batch: 2850/2963, Loss: 75.131, Trans_L2_m: 1.081, Yaw_err_deg: 1.004
Epoch: [16/25], Batch: 2860/2963, Loss: 77.458, Trans_L2_m: 1.168, Yaw_err_deg: 1.149
Epoch: [16/25], Batch: 2870/2963, Loss: 96.304, Trans_L2_m: 1.471, Yaw_err_deg: 1.133
Epoch: [16/25], Batch: 2880/2963, Loss: 89.148, Trans_L2_m: 1.126, Yaw_err_deg: 1.342
Epoch: [16/25], Batch: 2890/2963, Loss: 93.816, Trans_L2_m: 1.188, Yaw_err_deg: 1.159
Epoch: [16/25], Batch: 2900/2963, Loss: 71.028, Trans_L2_m: 1.092, Yaw_err_deg: 0.935
Epoch: [16/25], Batch: 2910/2963, Loss: 87.880, Trans_L2_m: 1.004, Yaw_err_deg: 0.918
Epoch: [16/25], Batch: 2920/2963, Loss: 109.835, Trans_L2_m: 1.514, Yaw_err_deg: 1.136
Epoch: [16/25], Batch: 2930/2963, Loss: 79.114, Trans_L2_m: 1.507, Yaw_err_deg: 0.551
Epoch: [16/25], Batch: 2940/2963, Loss: 95.980, Trans_L2_m: 1.536, Yaw_err_deg: 0.716
Epoch: [16/25], Batch: 2950/2963, Loss: 92.210, Trans_L2_m: 1.283, Yaw_err_deg: 1.106
Epoch: [16/25], Batch: 2960/2963, Loss: 87.371, Trans_L2_m: 1.232, Yaw_err_deg: 1.190
Validation loss (homography): 4879.4302
Avg batch time: 1161.50 ms, total: 376.625 s
[1;91mVal has no improvement vs 4605.474609375![0m
Epoch: [17/25], Batch: 0/2963, Loss: 64.973, Trans_L2_m: 0.943, Yaw_err_deg: 0.790
Epoch: [17/25], Batch: 10/2963, Loss: 82.583, Trans_L2_m: 1.223, Yaw_err_deg: 1.153
Epoch: [17/25], Batch: 20/2963, Loss: 83.240, Trans_L2_m: 1.206, Yaw_err_deg: 0.568
Epoch: [17/25], Batch: 30/2963, Loss: 98.735, Trans_L2_m: 1.142, Yaw_err_deg: 1.263
Epoch: [17/25], Batch: 40/2963, Loss: 73.826, Trans_L2_m: 0.847, Yaw_err_deg: 1.077
Epoch: [17/25], Batch: 50/2963, Loss: 67.311, Trans_L2_m: 0.985, Yaw_err_deg: 0.750
Epoch: [17/25], Batch: 60/2963, Loss: 106.195, Trans_L2_m: 1.855, Yaw_err_deg: 0.726
Epoch: [17/25], Batch: 70/2963, Loss: 75.828, Trans_L2_m: 1.005, Yaw_err_deg: 1.107
Epoch: [17/25], Batch: 80/2963, Loss: 74.020, Trans_L2_m: 1.273, Yaw_err_deg: 0.728
Epoch: [17/25], Batch: 90/2963, Loss: 64.402, Trans_L2_m: 0.680, Yaw_err_deg: 1.248
Epoch: [17/25], Batch: 100/2963, Loss: 82.369, Trans_L2_m: 1.336, Yaw_err_deg: 0.835
Epoch: [17/25], Batch: 110/2963, Loss: 65.166, Trans_L2_m: 0.840, Yaw_err_deg: 0.930
Epoch: [17/25], Batch: 120/2963, Loss: 83.593, Trans_L2_m: 1.687, Yaw_err_deg: 0.839
Epoch: [17/25], Batch: 130/2963, Loss: 83.976, Trans_L2_m: 1.396, Yaw_err_deg: 0.877
Epoch: [17/25], Batch: 140/2963, Loss: 98.290, Trans_L2_m: 0.949, Yaw_err_deg: 1.557
Epoch: [17/25], Batch: 150/2963, Loss: 85.332, Trans_L2_m: 1.225, Yaw_err_deg: 1.185
Epoch: [17/25], Batch: 160/2963, Loss: 94.550, Trans_L2_m: 1.846, Yaw_err_deg: 0.834
Epoch: [17/25], Batch: 170/2963, Loss: 66.931, Trans_L2_m: 1.005, Yaw_err_deg: 0.569
Epoch: [17/25], Batch: 180/2963, Loss: 88.134, Trans_L2_m: 1.671, Yaw_err_deg: 0.737
Epoch: [17/25], Batch: 190/2963, Loss: 76.809, Trans_L2_m: 0.980, Yaw_err_deg: 0.891
Epoch: [17/25], Batch: 200/2963, Loss: 73.373, Trans_L2_m: 0.874, Yaw_err_deg: 1.002
Epoch: [17/25], Batch: 210/2963, Loss: 111.304, Trans_L2_m: 1.885, Yaw_err_deg: 0.703
Epoch: [17/25], Batch: 220/2963, Loss: 106.231, Trans_L2_m: 0.971, Yaw_err_deg: 1.856
Epoch: [17/25], Batch: 230/2963, Loss: 90.301, Trans_L2_m: 0.989, Yaw_err_deg: 0.878
Epoch: [17/25], Batch: 240/2963, Loss: 76.607, Trans_L2_m: 1.388, Yaw_err_deg: 0.807
Epoch: [17/25], Batch: 250/2963, Loss: 74.390, Trans_L2_m: 0.902, Yaw_err_deg: 0.594
Epoch: [17/25], Batch: 260/2963, Loss: 77.111, Trans_L2_m: 1.044, Yaw_err_deg: 1.158
Epoch: [17/25], Batch: 270/2963, Loss: 74.095, Trans_L2_m: 1.263, Yaw_err_deg: 0.743
Epoch: [17/25], Batch: 280/2963, Loss: 117.687, Trans_L2_m: 1.857, Yaw_err_deg: 0.616
Epoch: [17/25], Batch: 290/2963, Loss: 79.128, Trans_L2_m: 1.186, Yaw_err_deg: 0.730
Epoch: [17/25], Batch: 300/2963, Loss: 105.836, Trans_L2_m: 1.218, Yaw_err_deg: 1.304
Epoch: [17/25], Batch: 310/2963, Loss: 75.654, Trans_L2_m: 1.407, Yaw_err_deg: 0.826
Epoch: [17/25], Batch: 320/2963, Loss: 93.259, Trans_L2_m: 1.802, Yaw_err_deg: 1.005
Epoch: [17/25], Batch: 330/2963, Loss: 69.704, Trans_L2_m: 1.026, Yaw_err_deg: 0.889
Epoch: [17/25], Batch: 340/2963, Loss: 95.326, Trans_L2_m: 1.100, Yaw_err_deg: 1.534
Epoch: [17/25], Batch: 350/2963, Loss: 90.495, Trans_L2_m: 1.092, Yaw_err_deg: 1.160
Epoch: [17/25], Batch: 360/2963, Loss: 159.267, Trans_L2_m: 2.344, Yaw_err_deg: 0.907
Epoch: [17/25], Batch: 370/2963, Loss: 75.062, Trans_L2_m: 1.357, Yaw_err_deg: 0.984
Epoch: [17/25], Batch: 380/2963, Loss: 83.457, Trans_L2_m: 1.248, Yaw_err_deg: 0.980
Epoch: [17/25], Batch: 390/2963, Loss: 81.568, Trans_L2_m: 1.384, Yaw_err_deg: 1.023
Epoch: [17/25], Batch: 400/2963, Loss: 73.443, Trans_L2_m: 1.357, Yaw_err_deg: 0.931
Epoch: [17/25], Batch: 410/2963, Loss: 93.051, Trans_L2_m: 1.225, Yaw_err_deg: 0.903
Epoch: [17/25], Batch: 420/2963, Loss: 89.970, Trans_L2_m: 1.178, Yaw_err_deg: 1.355
Epoch: [17/25], Batch: 430/2963, Loss: 80.517, Trans_L2_m: 1.358, Yaw_err_deg: 0.697
Epoch: [17/25], Batch: 440/2963, Loss: 99.941, Trans_L2_m: 1.443, Yaw_err_deg: 0.870
Epoch: [17/25], Batch: 450/2963, Loss: 75.308, Trans_L2_m: 1.070, Yaw_err_deg: 0.849
Epoch: [17/25], Batch: 460/2963, Loss: 89.590, Trans_L2_m: 0.916, Yaw_err_deg: 1.719
Epoch: [17/25], Batch: 470/2963, Loss: 69.640, Trans_L2_m: 1.047, Yaw_err_deg: 0.728
Epoch: [17/25], Batch: 480/2963, Loss: 85.336, Trans_L2_m: 1.286, Yaw_err_deg: 0.943
Epoch: [17/25], Batch: 490/2963, Loss: 82.761, Trans_L2_m: 0.867, Yaw_err_deg: 0.902
Epoch: [17/25], Batch: 500/2963, Loss: 74.696, Trans_L2_m: 1.203, Yaw_err_deg: 0.919
Epoch: [17/25], Batch: 510/2963, Loss: 68.860, Trans_L2_m: 1.127, Yaw_err_deg: 0.982
Epoch: [17/25], Batch: 520/2963, Loss: 66.305, Trans_L2_m: 0.904, Yaw_err_deg: 1.026
Epoch: [17/25], Batch: 530/2963, Loss: 98.306, Trans_L2_m: 0.989, Yaw_err_deg: 1.358
Epoch: [17/25], Batch: 540/2963, Loss: 71.574, Trans_L2_m: 1.193, Yaw_err_deg: 0.801
Epoch: [17/25], Batch: 550/2963, Loss: 86.940, Trans_L2_m: 0.845, Yaw_err_deg: 1.073
Epoch: [17/25], Batch: 560/2963, Loss: 77.105, Trans_L2_m: 1.588, Yaw_err_deg: 0.867
Epoch: [17/25], Batch: 570/2963, Loss: 144.243, Trans_L2_m: 2.005, Yaw_err_deg: 0.783
Epoch: [17/25], Batch: 580/2963, Loss: 93.590, Trans_L2_m: 1.665, Yaw_err_deg: 0.677
Epoch: [17/25], Batch: 590/2963, Loss: 87.094, Trans_L2_m: 0.995, Yaw_err_deg: 1.150
Epoch: [17/25], Batch: 600/2963, Loss: 95.620, Trans_L2_m: 1.648, Yaw_err_deg: 0.757
Epoch: [17/25], Batch: 610/2963, Loss: 82.237, Trans_L2_m: 1.224, Yaw_err_deg: 1.097
Epoch: [17/25], Batch: 620/2963, Loss: 75.843, Trans_L2_m: 0.898, Yaw_err_deg: 0.799
Epoch: [17/25], Batch: 630/2963, Loss: 77.984, Trans_L2_m: 1.324, Yaw_err_deg: 1.033
Epoch: [17/25], Batch: 640/2963, Loss: 67.293, Trans_L2_m: 0.913, Yaw_err_deg: 0.869
Epoch: [17/25], Batch: 650/2963, Loss: 73.656, Trans_L2_m: 1.110, Yaw_err_deg: 0.918
Epoch: [17/25], Batch: 660/2963, Loss: 83.992, Trans_L2_m: 1.359, Yaw_err_deg: 1.012
Epoch: [17/25], Batch: 670/2963, Loss: 89.226, Trans_L2_m: 1.508, Yaw_err_deg: 0.986
Epoch: [17/25], Batch: 680/2963, Loss: 74.242, Trans_L2_m: 0.870, Yaw_err_deg: 1.264
Epoch: [17/25], Batch: 690/2963, Loss: 85.002, Trans_L2_m: 0.845, Yaw_err_deg: 1.356
Epoch: [17/25], Batch: 700/2963, Loss: 85.773, Trans_L2_m: 1.411, Yaw_err_deg: 0.884
Epoch: [17/25], Batch: 710/2963, Loss: 97.957, Trans_L2_m: 1.182, Yaw_err_deg: 1.430
Epoch: [17/25], Batch: 720/2963, Loss: 70.550, Trans_L2_m: 0.925, Yaw_err_deg: 0.633
Epoch: [17/25], Batch: 730/2963, Loss: 78.666, Trans_L2_m: 1.196, Yaw_err_deg: 0.923
Epoch: [17/25], Batch: 740/2963, Loss: 95.744, Trans_L2_m: 2.002, Yaw_err_deg: 1.074
Epoch: [17/25], Batch: 750/2963, Loss: 83.875, Trans_L2_m: 1.241, Yaw_err_deg: 0.888
Epoch: [17/25], Batch: 760/2963, Loss: 86.666, Trans_L2_m: 1.025, Yaw_err_deg: 0.809
Epoch: [17/25], Batch: 770/2963, Loss: 86.101, Trans_L2_m: 1.273, Yaw_err_deg: 1.236
Epoch: [17/25], Batch: 780/2963, Loss: 65.008, Trans_L2_m: 1.027, Yaw_err_deg: 0.854
Epoch: [17/25], Batch: 790/2963, Loss: 61.330, Trans_L2_m: 1.055, Yaw_err_deg: 0.658
Epoch: [17/25], Batch: 800/2963, Loss: 72.112, Trans_L2_m: 1.024, Yaw_err_deg: 0.640
Epoch: [17/25], Batch: 810/2963, Loss: 83.266, Trans_L2_m: 1.165, Yaw_err_deg: 0.877
Epoch: [17/25], Batch: 820/2963, Loss: 75.293, Trans_L2_m: 1.102, Yaw_err_deg: 0.953
Epoch: [17/25], Batch: 830/2963, Loss: 84.093, Trans_L2_m: 1.137, Yaw_err_deg: 1.245
Epoch: [17/25], Batch: 840/2963, Loss: 116.118, Trans_L2_m: 2.039, Yaw_err_deg: 0.829
Epoch: [17/25], Batch: 850/2963, Loss: 85.207, Trans_L2_m: 1.295, Yaw_err_deg: 1.256
Epoch: [17/25], Batch: 860/2963, Loss: 98.677, Trans_L2_m: 1.707, Yaw_err_deg: 0.953
Epoch: [17/25], Batch: 870/2963, Loss: 91.951, Trans_L2_m: 1.212, Yaw_err_deg: 1.123
Epoch: [17/25], Batch: 880/2963, Loss: 84.841, Trans_L2_m: 1.525, Yaw_err_deg: 0.548
Epoch: [17/25], Batch: 890/2963, Loss: 79.569, Trans_L2_m: 1.124, Yaw_err_deg: 0.947
Epoch: [17/25], Batch: 900/2963, Loss: 87.765, Trans_L2_m: 1.606, Yaw_err_deg: 0.790
Epoch: [17/25], Batch: 910/2963, Loss: 83.679, Trans_L2_m: 1.416, Yaw_err_deg: 0.781
Epoch: [17/25], Batch: 920/2963, Loss: 86.500, Trans_L2_m: 1.291, Yaw_err_deg: 1.006
Epoch: [17/25], Batch: 930/2963, Loss: 113.459, Trans_L2_m: 1.894, Yaw_err_deg: 1.234
Epoch: [17/25], Batch: 940/2963, Loss: 92.081, Trans_L2_m: 1.068, Yaw_err_deg: 1.341
Epoch: [17/25], Batch: 950/2963, Loss: 82.194, Trans_L2_m: 0.964, Yaw_err_deg: 0.725
Epoch: [17/25], Batch: 960/2963, Loss: 87.195, Trans_L2_m: 1.498, Yaw_err_deg: 1.105
Epoch: [17/25], Batch: 970/2963, Loss: 75.643, Trans_L2_m: 0.883, Yaw_err_deg: 1.041
Epoch: [17/25], Batch: 980/2963, Loss: 76.625, Trans_L2_m: 1.242, Yaw_err_deg: 1.028
Epoch: [17/25], Batch: 990/2963, Loss: 74.733, Trans_L2_m: 1.324, Yaw_err_deg: 0.939
Epoch: [17/25], Batch: 1000/2963, Loss: 73.414, Trans_L2_m: 1.297, Yaw_err_deg: 0.839
Epoch: [17/25], Batch: 1010/2963, Loss: 77.358, Trans_L2_m: 1.181, Yaw_err_deg: 0.855
Epoch: [17/25], Batch: 1020/2963, Loss: 104.850, Trans_L2_m: 1.317, Yaw_err_deg: 1.362
Epoch: [17/25], Batch: 1030/2963, Loss: 89.369, Trans_L2_m: 1.098, Yaw_err_deg: 1.321
Epoch: [17/25], Batch: 1040/2963, Loss: 76.905, Trans_L2_m: 0.950, Yaw_err_deg: 0.997
Epoch: [17/25], Batch: 1050/2963, Loss: 77.277, Trans_L2_m: 1.006, Yaw_err_deg: 0.820
Epoch: [17/25], Batch: 1060/2963, Loss: 73.928, Trans_L2_m: 0.785, Yaw_err_deg: 1.146
Epoch: [17/25], Batch: 1070/2963, Loss: 71.274, Trans_L2_m: 0.764, Yaw_err_deg: 1.221
Epoch: [17/25], Batch: 1080/2963, Loss: 99.537, Trans_L2_m: 1.738, Yaw_err_deg: 0.651
Epoch: [17/25], Batch: 1090/2963, Loss: 75.014, Trans_L2_m: 0.991, Yaw_err_deg: 0.995
Epoch: [17/25], Batch: 1100/2963, Loss: 90.375, Trans_L2_m: 1.459, Yaw_err_deg: 0.747
Epoch: [17/25], Batch: 1110/2963, Loss: 105.019, Trans_L2_m: 1.594, Yaw_err_deg: 1.418
Epoch: [17/25], Batch: 1120/2963, Loss: 78.086, Trans_L2_m: 1.052, Yaw_err_deg: 1.058
Epoch: [17/25], Batch: 1130/2963, Loss: 80.971, Trans_L2_m: 1.176, Yaw_err_deg: 1.030
Epoch: [17/25], Batch: 1140/2963, Loss: 82.448, Trans_L2_m: 1.042, Yaw_err_deg: 0.853
Epoch: [17/25], Batch: 1150/2963, Loss: 90.763, Trans_L2_m: 1.122, Yaw_err_deg: 1.202
Epoch: [17/25], Batch: 1160/2963, Loss: 92.017, Trans_L2_m: 1.315, Yaw_err_deg: 1.021
Epoch: [17/25], Batch: 1170/2963, Loss: 81.676, Trans_L2_m: 1.031, Yaw_err_deg: 1.355
Epoch: [17/25], Batch: 1180/2963, Loss: 86.334, Trans_L2_m: 1.396, Yaw_err_deg: 0.764
Epoch: [17/25], Batch: 1190/2963, Loss: 89.603, Trans_L2_m: 1.409, Yaw_err_deg: 1.383
Epoch: [17/25], Batch: 1200/2963, Loss: 79.707, Trans_L2_m: 0.790, Yaw_err_deg: 0.902
Epoch: [17/25], Batch: 1210/2963, Loss: 80.014, Trans_L2_m: 1.349, Yaw_err_deg: 0.883
Epoch: [17/25], Batch: 1220/2963, Loss: 85.589, Trans_L2_m: 1.310, Yaw_err_deg: 0.947
Epoch: [17/25], Batch: 1230/2963, Loss: 74.165, Trans_L2_m: 0.939, Yaw_err_deg: 0.782
Epoch: [17/25], Batch: 1240/2963, Loss: 97.395, Trans_L2_m: 1.854, Yaw_err_deg: 1.131
Epoch: [17/25], Batch: 1250/2963, Loss: 91.425, Trans_L2_m: 1.788, Yaw_err_deg: 0.932
Epoch: [17/25], Batch: 1260/2963, Loss: 71.085, Trans_L2_m: 1.244, Yaw_err_deg: 0.760
Epoch: [17/25], Batch: 1270/2963, Loss: 91.266, Trans_L2_m: 1.653, Yaw_err_deg: 0.768
Epoch: [17/25], Batch: 1280/2963, Loss: 101.345, Trans_L2_m: 1.790, Yaw_err_deg: 1.049
Epoch: [17/25], Batch: 1290/2963, Loss: 79.888, Trans_L2_m: 0.750, Yaw_err_deg: 1.265
Epoch: [17/25], Batch: 1300/2963, Loss: 71.613, Trans_L2_m: 1.080, Yaw_err_deg: 0.878
Epoch: [17/25], Batch: 1310/2963, Loss: 70.817, Trans_L2_m: 1.260, Yaw_err_deg: 0.536
Epoch: [17/25], Batch: 1320/2963, Loss: 81.436, Trans_L2_m: 1.154, Yaw_err_deg: 1.274
Epoch: [17/25], Batch: 1330/2963, Loss: 86.420, Trans_L2_m: 1.408, Yaw_err_deg: 0.788
Epoch: [17/25], Batch: 1340/2963, Loss: 68.650, Trans_L2_m: 0.833, Yaw_err_deg: 0.821
Epoch: [17/25], Batch: 1350/2963, Loss: 84.279, Trans_L2_m: 1.401, Yaw_err_deg: 0.892
Epoch: [17/25], Batch: 1360/2963, Loss: 71.359, Trans_L2_m: 0.910, Yaw_err_deg: 0.741
Epoch: [17/25], Batch: 1370/2963, Loss: 69.883, Trans_L2_m: 1.120, Yaw_err_deg: 0.666
Epoch: [17/25], Batch: 1380/2963, Loss: 67.366, Trans_L2_m: 1.119, Yaw_err_deg: 0.652
Epoch: [17/25], Batch: 1390/2963, Loss: 87.211, Trans_L2_m: 1.209, Yaw_err_deg: 0.973
Epoch: [17/25], Batch: 1400/2963, Loss: 87.130, Trans_L2_m: 1.574, Yaw_err_deg: 1.075
Epoch: [17/25], Batch: 1410/2963, Loss: 82.318, Trans_L2_m: 0.945, Yaw_err_deg: 1.049
Epoch: [17/25], Batch: 1420/2963, Loss: 88.157, Trans_L2_m: 1.428, Yaw_err_deg: 1.075
Epoch: [17/25], Batch: 1430/2963, Loss: 68.804, Trans_L2_m: 0.878, Yaw_err_deg: 0.773
Epoch: [17/25], Batch: 1440/2963, Loss: 91.935, Trans_L2_m: 1.079, Yaw_err_deg: 1.507
Epoch: [17/25], Batch: 1450/2963, Loss: 83.387, Trans_L2_m: 1.378, Yaw_err_deg: 0.760
Epoch: [17/25], Batch: 1460/2963, Loss: 107.223, Trans_L2_m: 1.547, Yaw_err_deg: 1.387
Epoch: [17/25], Batch: 1470/2963, Loss: 83.428, Trans_L2_m: 1.054, Yaw_err_deg: 1.060
Epoch: [17/25], Batch: 1480/2963, Loss: 89.064, Trans_L2_m: 1.127, Yaw_err_deg: 0.929
Epoch: [17/25], Batch: 1490/2963, Loss: 72.848, Trans_L2_m: 0.809, Yaw_err_deg: 0.736
Epoch: [17/25], Batch: 1500/2963, Loss: 76.320, Trans_L2_m: 1.426, Yaw_err_deg: 0.778
Epoch: [17/25], Batch: 1510/2963, Loss: 97.158, Trans_L2_m: 1.256, Yaw_err_deg: 1.520
Epoch: [17/25], Batch: 1520/2963, Loss: 91.170, Trans_L2_m: 1.491, Yaw_err_deg: 0.888
Epoch: [17/25], Batch: 1530/2963, Loss: 79.715, Trans_L2_m: 0.944, Yaw_err_deg: 1.038
Epoch: [17/25], Batch: 1540/2963, Loss: 88.183, Trans_L2_m: 1.255, Yaw_err_deg: 1.442
Epoch: [17/25], Batch: 1550/2963, Loss: 93.688, Trans_L2_m: 1.613, Yaw_err_deg: 0.815
Epoch: [17/25], Batch: 1560/2963, Loss: 91.069, Trans_L2_m: 1.356, Yaw_err_deg: 0.911
Epoch: [17/25], Batch: 1570/2963, Loss: 86.691, Trans_L2_m: 1.430, Yaw_err_deg: 0.912
Epoch: [17/25], Batch: 1580/2963, Loss: 66.913, Trans_L2_m: 0.959, Yaw_err_deg: 0.890
Epoch: [17/25], Batch: 1590/2963, Loss: 69.902, Trans_L2_m: 1.048, Yaw_err_deg: 0.792
Epoch: [17/25], Batch: 1600/2963, Loss: 76.506, Trans_L2_m: 1.008, Yaw_err_deg: 1.193
Epoch: [17/25], Batch: 1610/2963, Loss: 80.445, Trans_L2_m: 1.228, Yaw_err_deg: 0.950
Epoch: [17/25], Batch: 1620/2963, Loss: 95.568, Trans_L2_m: 1.307, Yaw_err_deg: 0.914
Epoch: [17/25], Batch: 1630/2963, Loss: 110.837, Trans_L2_m: 1.826, Yaw_err_deg: 0.877
Epoch: [17/25], Batch: 1640/2963, Loss: 71.270, Trans_L2_m: 0.636, Yaw_err_deg: 0.827
Epoch: [17/25], Batch: 1650/2963, Loss: 138.006, Trans_L2_m: 1.848, Yaw_err_deg: 1.099
Epoch: [17/25], Batch: 1660/2963, Loss: 131.920, Trans_L2_m: 1.835, Yaw_err_deg: 1.267
Epoch: [17/25], Batch: 1670/2963, Loss: 94.584, Trans_L2_m: 1.323, Yaw_err_deg: 1.136
Epoch: [17/25], Batch: 1680/2963, Loss: 82.893, Trans_L2_m: 1.023, Yaw_err_deg: 0.840
Epoch: [17/25], Batch: 1690/2963, Loss: 78.152, Trans_L2_m: 1.118, Yaw_err_deg: 1.127
Epoch: [17/25], Batch: 1700/2963, Loss: 104.787, Trans_L2_m: 1.789, Yaw_err_deg: 1.183
Epoch: [17/25], Batch: 1710/2963, Loss: 100.200, Trans_L2_m: 1.473, Yaw_err_deg: 1.136
Epoch: [17/25], Batch: 1720/2963, Loss: 82.893, Trans_L2_m: 0.972, Yaw_err_deg: 1.273
Epoch: [17/25], Batch: 1730/2963, Loss: 115.812, Trans_L2_m: 1.602, Yaw_err_deg: 1.212
Epoch: [17/25], Batch: 1740/2963, Loss: 74.885, Trans_L2_m: 0.943, Yaw_err_deg: 0.786
Epoch: [17/25], Batch: 1750/2963, Loss: 82.231, Trans_L2_m: 1.049, Yaw_err_deg: 0.850
Epoch: [17/25], Batch: 1760/2963, Loss: 85.412, Trans_L2_m: 1.443, Yaw_err_deg: 1.135
Epoch: [17/25], Batch: 1770/2963, Loss: 86.281, Trans_L2_m: 1.610, Yaw_err_deg: 0.671
Epoch: [17/25], Batch: 1780/2963, Loss: 77.172, Trans_L2_m: 0.948, Yaw_err_deg: 1.023
Epoch: [17/25], Batch: 1790/2963, Loss: 119.908, Trans_L2_m: 1.457, Yaw_err_deg: 1.498
Epoch: [17/25], Batch: 1800/2963, Loss: 83.218, Trans_L2_m: 1.194, Yaw_err_deg: 1.332
Epoch: [17/25], Batch: 1810/2963, Loss: 89.059, Trans_L2_m: 0.939, Yaw_err_deg: 1.283
Epoch: [17/25], Batch: 1820/2963, Loss: 61.306, Trans_L2_m: 0.879, Yaw_err_deg: 0.538
Epoch: [17/25], Batch: 1830/2963, Loss: 126.108, Trans_L2_m: 2.118, Yaw_err_deg: 1.205
Epoch: [17/25], Batch: 1840/2963, Loss: 74.213, Trans_L2_m: 1.195, Yaw_err_deg: 0.943
Epoch: [17/25], Batch: 1850/2963, Loss: 87.594, Trans_L2_m: 1.274, Yaw_err_deg: 0.896
Epoch: [17/25], Batch: 1860/2963, Loss: 80.664, Trans_L2_m: 1.028, Yaw_err_deg: 1.123
Epoch: [17/25], Batch: 1870/2963, Loss: 90.794, Trans_L2_m: 0.990, Yaw_err_deg: 1.023
Epoch: [17/25], Batch: 1880/2963, Loss: 72.972, Trans_L2_m: 1.364, Yaw_err_deg: 0.817
Epoch: [17/25], Batch: 1890/2963, Loss: 85.693, Trans_L2_m: 1.148, Yaw_err_deg: 1.137
Epoch: [17/25], Batch: 1900/2963, Loss: 65.464, Trans_L2_m: 1.151, Yaw_err_deg: 0.584
Epoch: [17/25], Batch: 1910/2963, Loss: 83.882, Trans_L2_m: 1.158, Yaw_err_deg: 1.058
Epoch: [17/25], Batch: 1920/2963, Loss: 62.004, Trans_L2_m: 0.777, Yaw_err_deg: 0.970
Epoch: [17/25], Batch: 1930/2963, Loss: 66.126, Trans_L2_m: 1.116, Yaw_err_deg: 0.738
Epoch: [17/25], Batch: 1940/2963, Loss: 92.444, Trans_L2_m: 1.385, Yaw_err_deg: 0.900
Epoch: [17/25], Batch: 1950/2963, Loss: 75.426, Trans_L2_m: 0.984, Yaw_err_deg: 0.902
Epoch: [17/25], Batch: 1960/2963, Loss: 82.714, Trans_L2_m: 1.488, Yaw_err_deg: 0.977
Epoch: [17/25], Batch: 1970/2963, Loss: 75.443, Trans_L2_m: 1.287, Yaw_err_deg: 0.904
Epoch: [17/25], Batch: 1980/2963, Loss: 85.701, Trans_L2_m: 1.456, Yaw_err_deg: 1.132
Epoch: [17/25], Batch: 1990/2963, Loss: 78.995, Trans_L2_m: 1.243, Yaw_err_deg: 1.178
Epoch: [17/25], Batch: 2000/2963, Loss: 95.967, Trans_L2_m: 1.398, Yaw_err_deg: 1.452
Epoch: [17/25], Batch: 2010/2963, Loss: 78.308, Trans_L2_m: 1.150, Yaw_err_deg: 0.821
Epoch: [17/25], Batch: 2020/2963, Loss: 78.458, Trans_L2_m: 1.222, Yaw_err_deg: 0.745
Epoch: [17/25], Batch: 2030/2963, Loss: 93.667, Trans_L2_m: 1.295, Yaw_err_deg: 0.799
Epoch: [17/25], Batch: 2040/2963, Loss: 82.207, Trans_L2_m: 0.707, Yaw_err_deg: 0.997
Epoch: [17/25], Batch: 2050/2963, Loss: 79.688, Trans_L2_m: 1.200, Yaw_err_deg: 0.804
Epoch: [17/25], Batch: 2060/2963, Loss: 83.885, Trans_L2_m: 0.984, Yaw_err_deg: 1.024
Epoch: [17/25], Batch: 2070/2963, Loss: 98.523, Trans_L2_m: 0.997, Yaw_err_deg: 1.597
Epoch: [17/25], Batch: 2080/2963, Loss: 78.003, Trans_L2_m: 1.098, Yaw_err_deg: 1.249
Epoch: [17/25], Batch: 2090/2963, Loss: 79.132, Trans_L2_m: 1.240, Yaw_err_deg: 0.857
Epoch: [17/25], Batch: 2100/2963, Loss: 75.046, Trans_L2_m: 1.175, Yaw_err_deg: 1.119
Epoch: [17/25], Batch: 2110/2963, Loss: 79.610, Trans_L2_m: 1.264, Yaw_err_deg: 0.686
Epoch: [17/25], Batch: 2120/2963, Loss: 106.650, Trans_L2_m: 1.655, Yaw_err_deg: 1.465
Epoch: [17/25], Batch: 2130/2963, Loss: 70.637, Trans_L2_m: 0.925, Yaw_err_deg: 0.780
Epoch: [17/25], Batch: 2140/2963, Loss: 67.800, Trans_L2_m: 1.315, Yaw_err_deg: 0.867
Epoch: [17/25], Batch: 2150/2963, Loss: 87.730, Trans_L2_m: 1.615, Yaw_err_deg: 0.900
Epoch: [17/25], Batch: 2160/2963, Loss: 89.374, Trans_L2_m: 1.482, Yaw_err_deg: 1.195
Epoch: [17/25], Batch: 2170/2963, Loss: 83.701, Trans_L2_m: 0.870, Yaw_err_deg: 1.112
Epoch: [17/25], Batch: 2180/2963, Loss: 76.105, Trans_L2_m: 1.083, Yaw_err_deg: 0.900
Epoch: [17/25], Batch: 2190/2963, Loss: 82.111, Trans_L2_m: 1.216, Yaw_err_deg: 0.706
Epoch: [17/25], Batch: 2200/2963, Loss: 123.471, Trans_L2_m: 1.534, Yaw_err_deg: 1.064
Epoch: [17/25], Batch: 2210/2963, Loss: 64.603, Trans_L2_m: 0.625, Yaw_err_deg: 0.948
Epoch: [17/25], Batch: 2220/2963, Loss: 104.222, Trans_L2_m: 1.397, Yaw_err_deg: 1.012
Epoch: [17/25], Batch: 2230/2963, Loss: 77.776, Trans_L2_m: 1.236, Yaw_err_deg: 0.656
Epoch: [17/25], Batch: 2240/2963, Loss: 67.334, Trans_L2_m: 0.752, Yaw_err_deg: 1.071
Epoch: [17/25], Batch: 2250/2963, Loss: 96.806, Trans_L2_m: 1.631, Yaw_err_deg: 0.889
Epoch: [17/25], Batch: 2260/2963, Loss: 63.983, Trans_L2_m: 0.823, Yaw_err_deg: 0.576
Epoch: [17/25], Batch: 2270/2963, Loss: 62.947, Trans_L2_m: 0.802, Yaw_err_deg: 0.894
Epoch: [17/25], Batch: 2280/2963, Loss: 102.777, Trans_L2_m: 1.504, Yaw_err_deg: 1.053
Epoch: [17/25], Batch: 2290/2963, Loss: 63.408, Trans_L2_m: 0.913, Yaw_err_deg: 0.851
Epoch: [17/25], Batch: 2300/2963, Loss: 79.753, Trans_L2_m: 1.254, Yaw_err_deg: 0.886
Epoch: [17/25], Batch: 2310/2963, Loss: 116.530, Trans_L2_m: 1.552, Yaw_err_deg: 1.218
Epoch: [17/25], Batch: 2320/2963, Loss: 87.031, Trans_L2_m: 1.385, Yaw_err_deg: 0.955
Epoch: [17/25], Batch: 2330/2963, Loss: 86.261, Trans_L2_m: 1.200, Yaw_err_deg: 1.084
Epoch: [17/25], Batch: 2340/2963, Loss: 73.291, Trans_L2_m: 1.072, Yaw_err_deg: 1.052
Epoch: [17/25], Batch: 2350/2963, Loss: 90.445, Trans_L2_m: 1.809, Yaw_err_deg: 0.739
Epoch: [17/25], Batch: 2360/2963, Loss: 71.571, Trans_L2_m: 0.856, Yaw_err_deg: 0.793
Epoch: [17/25], Batch: 2370/2963, Loss: 88.802, Trans_L2_m: 1.652, Yaw_err_deg: 0.808
Epoch: [17/25], Batch: 2380/2963, Loss: 81.616, Trans_L2_m: 1.214, Yaw_err_deg: 0.986
Epoch: [17/25], Batch: 2390/2963, Loss: 84.587, Trans_L2_m: 1.097, Yaw_err_deg: 0.892
Epoch: [17/25], Batch: 2400/2963, Loss: 79.249, Trans_L2_m: 1.180, Yaw_err_deg: 1.069
Epoch: [17/25], Batch: 2410/2963, Loss: 74.057, Trans_L2_m: 1.063, Yaw_err_deg: 0.677
Epoch: [17/25], Batch: 2420/2963, Loss: 90.658, Trans_L2_m: 1.298, Yaw_err_deg: 0.762
Epoch: [17/25], Batch: 2430/2963, Loss: 91.227, Trans_L2_m: 1.507, Yaw_err_deg: 0.941
Epoch: [17/25], Batch: 2440/2963, Loss: 66.142, Trans_L2_m: 0.757, Yaw_err_deg: 0.890
Epoch: [17/25], Batch: 2450/2963, Loss: 73.510, Trans_L2_m: 0.931, Yaw_err_deg: 0.707
Epoch: [17/25], Batch: 2460/2963, Loss: 74.372, Trans_L2_m: 1.000, Yaw_err_deg: 0.588
Epoch: [17/25], Batch: 2470/2963, Loss: 83.199, Trans_L2_m: 0.710, Yaw_err_deg: 0.810
Epoch: [17/25], Batch: 2480/2963, Loss: 82.730, Trans_L2_m: 1.229, Yaw_err_deg: 1.205
Epoch: [17/25], Batch: 2490/2963, Loss: 75.359, Trans_L2_m: 0.841, Yaw_err_deg: 0.832
Epoch: [17/25], Batch: 2500/2963, Loss: 74.739, Trans_L2_m: 0.893, Yaw_err_deg: 1.057
Epoch: [17/25], Batch: 2510/2963, Loss: 79.937, Trans_L2_m: 1.248, Yaw_err_deg: 0.859
Epoch: [17/25], Batch: 2520/2963, Loss: 83.078, Trans_L2_m: 1.326, Yaw_err_deg: 0.581
Epoch: [17/25], Batch: 2530/2963, Loss: 94.324, Trans_L2_m: 1.599, Yaw_err_deg: 1.210
Epoch: [17/25], Batch: 2540/2963, Loss: 79.896, Trans_L2_m: 0.939, Yaw_err_deg: 0.829
Epoch: [17/25], Batch: 2550/2963, Loss: 67.018, Trans_L2_m: 1.191, Yaw_err_deg: 0.820
Epoch: [17/25], Batch: 2560/2963, Loss: 76.300, Trans_L2_m: 0.719, Yaw_err_deg: 0.896
Epoch: [17/25], Batch: 2570/2963, Loss: 94.595, Trans_L2_m: 1.602, Yaw_err_deg: 0.847
Epoch: [17/25], Batch: 2580/2963, Loss: 92.046, Trans_L2_m: 1.305, Yaw_err_deg: 1.143
Epoch: [17/25], Batch: 2590/2963, Loss: 86.488, Trans_L2_m: 0.917, Yaw_err_deg: 1.185
Epoch: [17/25], Batch: 2600/2963, Loss: 71.172, Trans_L2_m: 1.164, Yaw_err_deg: 0.702
Epoch: [17/25], Batch: 2610/2963, Loss: 124.685, Trans_L2_m: 1.641, Yaw_err_deg: 1.288
Epoch: [17/25], Batch: 2620/2963, Loss: 71.345, Trans_L2_m: 1.015, Yaw_err_deg: 0.966
Epoch: [17/25], Batch: 2630/2963, Loss: 83.321, Trans_L2_m: 0.894, Yaw_err_deg: 1.055
Epoch: [17/25], Batch: 2640/2963, Loss: 92.784, Trans_L2_m: 1.264, Yaw_err_deg: 1.426
Epoch: [17/25], Batch: 2650/2963, Loss: 82.681, Trans_L2_m: 1.322, Yaw_err_deg: 0.931
Epoch: [17/25], Batch: 2660/2963, Loss: 96.784, Trans_L2_m: 1.283, Yaw_err_deg: 1.090
Epoch: [17/25], Batch: 2670/2963, Loss: 74.609, Trans_L2_m: 1.100, Yaw_err_deg: 0.904
Epoch: [17/25], Batch: 2680/2963, Loss: 108.654, Trans_L2_m: 1.364, Yaw_err_deg: 1.255
Epoch: [17/25], Batch: 2690/2963, Loss: 105.728, Trans_L2_m: 1.519, Yaw_err_deg: 1.340
Epoch: [17/25], Batch: 2700/2963, Loss: 95.879, Trans_L2_m: 1.145, Yaw_err_deg: 1.222
Epoch: [17/25], Batch: 2710/2963, Loss: 81.546, Trans_L2_m: 1.103, Yaw_err_deg: 0.963
Epoch: [17/25], Batch: 2720/2963, Loss: 71.681, Trans_L2_m: 0.956, Yaw_err_deg: 0.821
Epoch: [17/25], Batch: 2730/2963, Loss: 77.234, Trans_L2_m: 1.185, Yaw_err_deg: 0.975
Epoch: [17/25], Batch: 2740/2963, Loss: 76.389, Trans_L2_m: 1.036, Yaw_err_deg: 0.917
Epoch: [17/25], Batch: 2750/2963, Loss: 90.706, Trans_L2_m: 1.434, Yaw_err_deg: 0.939
Epoch: [17/25], Batch: 2760/2963, Loss: 84.527, Trans_L2_m: 1.189, Yaw_err_deg: 1.180
Epoch: [17/25], Batch: 2770/2963, Loss: 72.532, Trans_L2_m: 0.849, Yaw_err_deg: 1.098
Epoch: [17/25], Batch: 2780/2963, Loss: 90.075, Trans_L2_m: 1.572, Yaw_err_deg: 0.881
Epoch: [17/25], Batch: 2790/2963, Loss: 81.028, Trans_L2_m: 1.005, Yaw_err_deg: 0.557
Epoch: [17/25], Batch: 2800/2963, Loss: 75.830, Trans_L2_m: 1.158, Yaw_err_deg: 0.911
Epoch: [17/25], Batch: 2810/2963, Loss: 78.834, Trans_L2_m: 1.059, Yaw_err_deg: 1.080
Epoch: [17/25], Batch: 2820/2963, Loss: 73.683, Trans_L2_m: 1.010, Yaw_err_deg: 0.893
Epoch: [17/25], Batch: 2830/2963, Loss: 78.864, Trans_L2_m: 1.176, Yaw_err_deg: 0.828
Epoch: [17/25], Batch: 2840/2963, Loss: 71.079, Trans_L2_m: 0.997, Yaw_err_deg: 1.091
Epoch: [17/25], Batch: 2850/2963, Loss: 68.404, Trans_L2_m: 1.044, Yaw_err_deg: 0.762
Epoch: [17/25], Batch: 2860/2963, Loss: 73.995, Trans_L2_m: 1.104, Yaw_err_deg: 0.895
Epoch: [17/25], Batch: 2870/2963, Loss: 74.903, Trans_L2_m: 1.114, Yaw_err_deg: 0.633
Epoch: [17/25], Batch: 2880/2963, Loss: 83.815, Trans_L2_m: 0.989, Yaw_err_deg: 1.080
Epoch: [17/25], Batch: 2890/2963, Loss: 92.210, Trans_L2_m: 1.221, Yaw_err_deg: 1.096
Epoch: [17/25], Batch: 2900/2963, Loss: 74.954, Trans_L2_m: 1.187, Yaw_err_deg: 0.725
Epoch: [17/25], Batch: 2910/2963, Loss: 497.793, Trans_L2_m: 3.447, Yaw_err_deg: 0.993
Epoch: [17/25], Batch: 2920/2963, Loss: 92.052, Trans_L2_m: 1.480, Yaw_err_deg: 1.027
Epoch: [17/25], Batch: 2930/2963, Loss: 64.872, Trans_L2_m: 0.847, Yaw_err_deg: 0.810
Epoch: [17/25], Batch: 2940/2963, Loss: 66.635, Trans_L2_m: 0.929, Yaw_err_deg: 0.655
Epoch: [17/25], Batch: 2950/2963, Loss: 80.069, Trans_L2_m: 0.993, Yaw_err_deg: 1.168
Epoch: [17/25], Batch: 2960/2963, Loss: 94.640, Trans_L2_m: 1.411, Yaw_err_deg: 0.905
Epoch: [18/25], Batch: 0/2963, Loss: 81.082, Trans_L2_m: 1.122, Yaw_err_deg: 0.696
Epoch: [18/25], Batch: 10/2963, Loss: 88.860, Trans_L2_m: 1.460, Yaw_err_deg: 0.799
Epoch: [18/25], Batch: 20/2963, Loss: 71.554, Trans_L2_m: 1.196, Yaw_err_deg: 0.718
Epoch: [18/25], Batch: 30/2963, Loss: 69.867, Trans_L2_m: 1.047, Yaw_err_deg: 0.990
Epoch: [18/25], Batch: 40/2963, Loss: 81.515, Trans_L2_m: 1.147, Yaw_err_deg: 0.896
Epoch: [18/25], Batch: 50/2963, Loss: 117.880, Trans_L2_m: 2.033, Yaw_err_deg: 1.078
Epoch: [18/25], Batch: 60/2963, Loss: 75.017, Trans_L2_m: 1.109, Yaw_err_deg: 0.994
Epoch: [18/25], Batch: 70/2963, Loss: 85.062, Trans_L2_m: 1.515, Yaw_err_deg: 0.897
Epoch: [18/25], Batch: 80/2963, Loss: 88.234, Trans_L2_m: 1.200, Yaw_err_deg: 0.703
Epoch: [18/25], Batch: 90/2963, Loss: 66.044, Trans_L2_m: 0.735, Yaw_err_deg: 0.850
Epoch: [18/25], Batch: 100/2963, Loss: 70.654, Trans_L2_m: 0.898, Yaw_err_deg: 1.152
Epoch: [18/25], Batch: 110/2963, Loss: 74.632, Trans_L2_m: 0.935, Yaw_err_deg: 0.775
Epoch: [18/25], Batch: 120/2963, Loss: 65.592, Trans_L2_m: 1.062, Yaw_err_deg: 0.661
Epoch: [18/25], Batch: 130/2963, Loss: 76.323, Trans_L2_m: 1.089, Yaw_err_deg: 0.948
Epoch: [18/25], Batch: 140/2963, Loss: 81.530, Trans_L2_m: 1.015, Yaw_err_deg: 0.834
Epoch: [18/25], Batch: 150/2963, Loss: 71.925, Trans_L2_m: 0.954, Yaw_err_deg: 1.061
Epoch: [18/25], Batch: 160/2963, Loss: 78.332, Trans_L2_m: 1.340, Yaw_err_deg: 0.876
Epoch: [18/25], Batch: 170/2963, Loss: 80.424, Trans_L2_m: 1.217, Yaw_err_deg: 1.157
Epoch: [18/25], Batch: 180/2963, Loss: 71.452, Trans_L2_m: 1.035, Yaw_err_deg: 0.694
Epoch: [18/25], Batch: 190/2963, Loss: 75.244, Trans_L2_m: 0.979, Yaw_err_deg: 0.784
Epoch: [18/25], Batch: 200/2963, Loss: 157.142, Trans_L2_m: 1.974, Yaw_err_deg: 1.187
Epoch: [18/25], Batch: 210/2963, Loss: 72.962, Trans_L2_m: 0.874, Yaw_err_deg: 0.914
Epoch: [18/25], Batch: 220/2963, Loss: 77.379, Trans_L2_m: 0.943, Yaw_err_deg: 1.116
Epoch: [18/25], Batch: 230/2963, Loss: 65.360, Trans_L2_m: 0.810, Yaw_err_deg: 0.959
Epoch: [18/25], Batch: 240/2963, Loss: 83.988, Trans_L2_m: 0.658, Yaw_err_deg: 0.824
Epoch: [18/25], Batch: 250/2963, Loss: 73.992, Trans_L2_m: 1.058, Yaw_err_deg: 0.864
Epoch: [18/25], Batch: 260/2963, Loss: 76.987, Trans_L2_m: 0.965, Yaw_err_deg: 0.970
Epoch: [18/25], Batch: 270/2963, Loss: 96.409, Trans_L2_m: 1.131, Yaw_err_deg: 1.304
Epoch: [18/25], Batch: 280/2963, Loss: 78.890, Trans_L2_m: 0.923, Yaw_err_deg: 1.069
Epoch: [18/25], Batch: 290/2963, Loss: 97.306, Trans_L2_m: 1.087, Yaw_err_deg: 1.107
Epoch: [18/25], Batch: 300/2963, Loss: 80.217, Trans_L2_m: 1.044, Yaw_err_deg: 1.123
Epoch: [18/25], Batch: 310/2963, Loss: 124.804, Trans_L2_m: 2.427, Yaw_err_deg: 0.740
Epoch: [18/25], Batch: 320/2963, Loss: 81.015, Trans_L2_m: 0.826, Yaw_err_deg: 1.051
Epoch: [18/25], Batch: 330/2963, Loss: 86.568, Trans_L2_m: 1.022, Yaw_err_deg: 0.994
Epoch: [18/25], Batch: 340/2963, Loss: 79.417, Trans_L2_m: 1.176, Yaw_err_deg: 0.719
Epoch: [18/25], Batch: 350/2963, Loss: 85.669, Trans_L2_m: 0.668, Yaw_err_deg: 0.785
Epoch: [18/25], Batch: 360/2963, Loss: 70.303, Trans_L2_m: 0.782, Yaw_err_deg: 1.107
Epoch: [18/25], Batch: 370/2963, Loss: 90.470, Trans_L2_m: 1.187, Yaw_err_deg: 0.843
Epoch: [18/25], Batch: 380/2963, Loss: 79.987, Trans_L2_m: 0.784, Yaw_err_deg: 1.185
Epoch: [18/25], Batch: 390/2963, Loss: 85.224, Trans_L2_m: 1.132, Yaw_err_deg: 0.991
Epoch: [18/25], Batch: 400/2963, Loss: 68.679, Trans_L2_m: 0.841, Yaw_err_deg: 1.178
Epoch: [18/25], Batch: 410/2963, Loss: 69.310, Trans_L2_m: 1.144, Yaw_err_deg: 0.948
Epoch: [18/25], Batch: 420/2963, Loss: 71.786, Trans_L2_m: 1.077, Yaw_err_deg: 1.180
Epoch: [18/25], Batch: 430/2963, Loss: 96.912, Trans_L2_m: 1.309, Yaw_err_deg: 0.893
Epoch: [18/25], Batch: 440/2963, Loss: 85.030, Trans_L2_m: 0.945, Yaw_err_deg: 1.035
Epoch: [18/25], Batch: 450/2963, Loss: 74.112, Trans_L2_m: 0.997, Yaw_err_deg: 0.878
Epoch: [18/25], Batch: 460/2963, Loss: 94.230, Trans_L2_m: 1.535, Yaw_err_deg: 0.625
Epoch: [18/25], Batch: 470/2963, Loss: 86.889, Trans_L2_m: 1.182, Yaw_err_deg: 0.778
Epoch: [18/25], Batch: 480/2963, Loss: 66.042, Trans_L2_m: 0.758, Yaw_err_deg: 1.152
Epoch: [18/25], Batch: 490/2963, Loss: 83.202, Trans_L2_m: 1.424, Yaw_err_deg: 0.464
Epoch: [18/25], Batch: 500/2963, Loss: 86.095, Trans_L2_m: 1.310, Yaw_err_deg: 1.231
Epoch: [18/25], Batch: 510/2963, Loss: 83.147, Trans_L2_m: 1.008, Yaw_err_deg: 1.278
Epoch: [18/25], Batch: 520/2963, Loss: 88.221, Trans_L2_m: 1.674, Yaw_err_deg: 0.795
Epoch: [18/25], Batch: 530/2963, Loss: 112.902, Trans_L2_m: 1.813, Yaw_err_deg: 1.149
Epoch: [18/25], Batch: 540/2963, Loss: 83.282, Trans_L2_m: 1.483, Yaw_err_deg: 1.069
Epoch: [18/25], Batch: 550/2963, Loss: 77.586, Trans_L2_m: 1.142, Yaw_err_deg: 0.856
Epoch: [18/25], Batch: 560/2963, Loss: 75.201, Trans_L2_m: 1.277, Yaw_err_deg: 0.828
Epoch: [18/25], Batch: 570/2963, Loss: 89.766, Trans_L2_m: 1.568, Yaw_err_deg: 1.106
Epoch: [18/25], Batch: 580/2963, Loss: 103.282, Trans_L2_m: 1.442, Yaw_err_deg: 1.282
Epoch: [18/25], Batch: 590/2963, Loss: 71.233, Trans_L2_m: 1.094, Yaw_err_deg: 0.913
Epoch: [18/25], Batch: 600/2963, Loss: 94.609, Trans_L2_m: 1.255, Yaw_err_deg: 1.259
Epoch: [18/25], Batch: 610/2963, Loss: 83.568, Trans_L2_m: 1.113, Yaw_err_deg: 1.243
Epoch: [18/25], Batch: 620/2963, Loss: 91.799, Trans_L2_m: 1.538, Yaw_err_deg: 0.869
Epoch: [18/25], Batch: 630/2963, Loss: 87.747, Trans_L2_m: 1.233, Yaw_err_deg: 0.820
Epoch: [18/25], Batch: 640/2963, Loss: 88.842, Trans_L2_m: 1.092, Yaw_err_deg: 1.253
Epoch: [18/25], Batch: 650/2963, Loss: 69.150, Trans_L2_m: 1.081, Yaw_err_deg: 0.785
Epoch: [18/25], Batch: 660/2963, Loss: 82.957, Trans_L2_m: 1.329, Yaw_err_deg: 0.978
Epoch: [18/25], Batch: 670/2963, Loss: 79.982, Trans_L2_m: 1.355, Yaw_err_deg: 0.866
Epoch: [18/25], Batch: 680/2963, Loss: 74.326, Trans_L2_m: 0.875, Yaw_err_deg: 0.618
Epoch: [18/25], Batch: 690/2963, Loss: 85.830, Trans_L2_m: 1.261, Yaw_err_deg: 1.262
Epoch: [18/25], Batch: 700/2963, Loss: 78.937, Trans_L2_m: 1.259, Yaw_err_deg: 0.891
Epoch: [18/25], Batch: 710/2963, Loss: 97.300, Trans_L2_m: 1.458, Yaw_err_deg: 1.485
Epoch: [18/25], Batch: 720/2963, Loss: 76.522, Trans_L2_m: 0.938, Yaw_err_deg: 1.010
Epoch: [18/25], Batch: 730/2963, Loss: 77.078, Trans_L2_m: 1.273, Yaw_err_deg: 1.066
Epoch: [18/25], Batch: 740/2963, Loss: 88.198, Trans_L2_m: 1.111, Yaw_err_deg: 0.965
Epoch: [18/25], Batch: 750/2963, Loss: 59.543, Trans_L2_m: 0.845, Yaw_err_deg: 0.718
Epoch: [18/25], Batch: 760/2963, Loss: 69.768, Trans_L2_m: 0.896, Yaw_err_deg: 1.161
Epoch: [18/25], Batch: 770/2963, Loss: 65.817, Trans_L2_m: 0.800, Yaw_err_deg: 0.898
Epoch: [18/25], Batch: 780/2963, Loss: 69.402, Trans_L2_m: 0.737, Yaw_err_deg: 0.856
Epoch: [18/25], Batch: 790/2963, Loss: 75.443, Trans_L2_m: 1.023, Yaw_err_deg: 0.851
Epoch: [18/25], Batch: 800/2963, Loss: 77.258, Trans_L2_m: 1.354, Yaw_err_deg: 1.242
Epoch: [18/25], Batch: 810/2963, Loss: 83.112, Trans_L2_m: 1.337, Yaw_err_deg: 0.888
Epoch: [18/25], Batch: 820/2963, Loss: 83.298, Trans_L2_m: 0.960, Yaw_err_deg: 1.023
Epoch: [18/25], Batch: 830/2963, Loss: 88.011, Trans_L2_m: 1.373, Yaw_err_deg: 0.726
Epoch: [18/25], Batch: 840/2963, Loss: 79.779, Trans_L2_m: 1.016, Yaw_err_deg: 1.236
Epoch: [18/25], Batch: 850/2963, Loss: 68.626, Trans_L2_m: 1.039, Yaw_err_deg: 0.709
Epoch: [18/25], Batch: 860/2963, Loss: 71.472, Trans_L2_m: 1.015, Yaw_err_deg: 0.782
Epoch: [18/25], Batch: 870/2963, Loss: 86.973, Trans_L2_m: 1.092, Yaw_err_deg: 1.050
Epoch: [18/25], Batch: 880/2963, Loss: 75.336, Trans_L2_m: 1.260, Yaw_err_deg: 0.725
Epoch: [18/25], Batch: 890/2963, Loss: 81.750, Trans_L2_m: 0.876, Yaw_err_deg: 1.211
Epoch: [18/25], Batch: 900/2963, Loss: 94.734, Trans_L2_m: 1.390, Yaw_err_deg: 0.899
Epoch: [18/25], Batch: 910/2963, Loss: 69.262, Trans_L2_m: 1.016, Yaw_err_deg: 0.938
Epoch: [18/25], Batch: 920/2963, Loss: 67.681, Trans_L2_m: 1.142, Yaw_err_deg: 0.891
Epoch: [18/25], Batch: 930/2963, Loss: 79.409, Trans_L2_m: 1.132, Yaw_err_deg: 1.096
Epoch: [18/25], Batch: 940/2963, Loss: 81.713, Trans_L2_m: 1.329, Yaw_err_deg: 1.015
Epoch: [18/25], Batch: 950/2963, Loss: 78.113, Trans_L2_m: 0.757, Yaw_err_deg: 1.071
Epoch: [18/25], Batch: 960/2963, Loss: 91.238, Trans_L2_m: 1.246, Yaw_err_deg: 0.894
Epoch: [18/25], Batch: 970/2963, Loss: 85.192, Trans_L2_m: 1.079, Yaw_err_deg: 1.100
Epoch: [18/25], Batch: 980/2963, Loss: 91.074, Trans_L2_m: 1.234, Yaw_err_deg: 1.132
Epoch: [18/25], Batch: 990/2963, Loss: 75.190, Trans_L2_m: 1.030, Yaw_err_deg: 0.753
Epoch: [18/25], Batch: 1000/2963, Loss: 78.859, Trans_L2_m: 1.221, Yaw_err_deg: 0.909
Epoch: [18/25], Batch: 1010/2963, Loss: 76.810, Trans_L2_m: 1.115, Yaw_err_deg: 1.151
Epoch: [18/25], Batch: 1020/2963, Loss: 74.856, Trans_L2_m: 0.996, Yaw_err_deg: 0.836
Epoch: [18/25], Batch: 1030/2963, Loss: 73.020, Trans_L2_m: 0.871, Yaw_err_deg: 0.800
Epoch: [18/25], Batch: 1040/2963, Loss: 72.778, Trans_L2_m: 1.045, Yaw_err_deg: 0.736
Epoch: [18/25], Batch: 1050/2963, Loss: 64.584, Trans_L2_m: 1.002, Yaw_err_deg: 0.712
Epoch: [18/25], Batch: 1060/2963, Loss: 83.097, Trans_L2_m: 1.151, Yaw_err_deg: 0.731
Epoch: [18/25], Batch: 1070/2963, Loss: 63.273, Trans_L2_m: 1.177, Yaw_err_deg: 0.645
Epoch: [18/25], Batch: 1080/2963, Loss: 73.781, Trans_L2_m: 1.000, Yaw_err_deg: 1.379
Epoch: [18/25], Batch: 1090/2963, Loss: 70.794, Trans_L2_m: 0.893, Yaw_err_deg: 1.257
Epoch: [18/25], Batch: 1100/2963, Loss: 75.801, Trans_L2_m: 1.034, Yaw_err_deg: 0.983
Epoch: [18/25], Batch: 1110/2963, Loss: 65.777, Trans_L2_m: 0.829, Yaw_err_deg: 1.123
Epoch: [18/25], Batch: 1120/2963, Loss: 78.391, Trans_L2_m: 1.288, Yaw_err_deg: 1.101
Epoch: [18/25], Batch: 1130/2963, Loss: 89.786, Trans_L2_m: 1.246, Yaw_err_deg: 1.267
Epoch: [18/25], Batch: 1140/2963, Loss: 81.792, Trans_L2_m: 1.012, Yaw_err_deg: 1.025
Epoch: [18/25], Batch: 1150/2963, Loss: 83.193, Trans_L2_m: 0.998, Yaw_err_deg: 1.304
Epoch: [18/25], Batch: 1160/2963, Loss: 91.131, Trans_L2_m: 0.986, Yaw_err_deg: 1.185
Epoch: [18/25], Batch: 1170/2963, Loss: 71.693, Trans_L2_m: 1.226, Yaw_err_deg: 0.741
Epoch: [18/25], Batch: 1180/2963, Loss: 63.264, Trans_L2_m: 1.013, Yaw_err_deg: 0.811
Epoch: [18/25], Batch: 1190/2963, Loss: 69.174, Trans_L2_m: 1.005, Yaw_err_deg: 0.933
Epoch: [18/25], Batch: 1200/2963, Loss: 99.396, Trans_L2_m: 1.439, Yaw_err_deg: 1.003
Epoch: [18/25], Batch: 1210/2963, Loss: 83.036, Trans_L2_m: 0.848, Yaw_err_deg: 0.917
Epoch: [18/25], Batch: 1220/2963, Loss: 92.193, Trans_L2_m: 1.527, Yaw_err_deg: 1.064
Epoch: [18/25], Batch: 1230/2963, Loss: 81.600, Trans_L2_m: 1.229, Yaw_err_deg: 0.951
Epoch: [18/25], Batch: 1240/2963, Loss: 83.856, Trans_L2_m: 1.292, Yaw_err_deg: 0.753
Epoch: [18/25], Batch: 1250/2963, Loss: 73.725, Trans_L2_m: 0.958, Yaw_err_deg: 0.775
Epoch: [18/25], Batch: 1260/2963, Loss: 107.192, Trans_L2_m: 1.714, Yaw_err_deg: 0.841
Epoch: [18/25], Batch: 1270/2963, Loss: 67.963, Trans_L2_m: 1.016, Yaw_err_deg: 0.954
Epoch: [18/25], Batch: 1280/2963, Loss: 82.844, Trans_L2_m: 1.244, Yaw_err_deg: 0.811
Epoch: [18/25], Batch: 1290/2963, Loss: 69.000, Trans_L2_m: 0.992, Yaw_err_deg: 0.825
Epoch: [18/25], Batch: 1300/2963, Loss: 71.256, Trans_L2_m: 0.862, Yaw_err_deg: 0.813
Epoch: [18/25], Batch: 1310/2963, Loss: 72.335, Trans_L2_m: 1.067, Yaw_err_deg: 0.878
Epoch: [18/25], Batch: 1320/2963, Loss: 70.710, Trans_L2_m: 1.168, Yaw_err_deg: 0.835
Epoch: [18/25], Batch: 1330/2963, Loss: 79.775, Trans_L2_m: 1.137, Yaw_err_deg: 1.022
Epoch: [18/25], Batch: 1340/2963, Loss: 72.743, Trans_L2_m: 0.998, Yaw_err_deg: 0.879
Epoch: [18/25], Batch: 1350/2963, Loss: 70.112, Trans_L2_m: 0.834, Yaw_err_deg: 0.791
Epoch: [18/25], Batch: 1360/2963, Loss: 64.702, Trans_L2_m: 0.850, Yaw_err_deg: 0.885
Epoch: [18/25], Batch: 1370/2963, Loss: 79.198, Trans_L2_m: 0.980, Yaw_err_deg: 0.779
Epoch: [18/25], Batch: 1380/2963, Loss: 70.956, Trans_L2_m: 1.216, Yaw_err_deg: 0.642
Epoch: [18/25], Batch: 1390/2963, Loss: 81.011, Trans_L2_m: 1.244, Yaw_err_deg: 0.785
Epoch: [18/25], Batch: 1400/2963, Loss: 75.862, Trans_L2_m: 0.990, Yaw_err_deg: 1.097
Epoch: [18/25], Batch: 1410/2963, Loss: 84.746, Trans_L2_m: 1.297, Yaw_err_deg: 0.998
Epoch: [18/25], Batch: 1420/2963, Loss: 79.054, Trans_L2_m: 1.303, Yaw_err_deg: 1.181
Epoch: [18/25], Batch: 1430/2963, Loss: 72.928, Trans_L2_m: 0.981, Yaw_err_deg: 0.650
Epoch: [18/25], Batch: 1440/2963, Loss: 71.321, Trans_L2_m: 1.051, Yaw_err_deg: 0.851
Epoch: [18/25], Batch: 1450/2963, Loss: 89.359, Trans_L2_m: 0.998, Yaw_err_deg: 1.077
Epoch: [18/25], Batch: 1460/2963, Loss: 65.673, Trans_L2_m: 1.109, Yaw_err_deg: 0.952
Epoch: [18/25], Batch: 1470/2963, Loss: 79.901, Trans_L2_m: 1.320, Yaw_err_deg: 0.971
Epoch: [18/25], Batch: 1480/2963, Loss: 58.228, Trans_L2_m: 0.883, Yaw_err_deg: 0.704
Epoch: [18/25], Batch: 1490/2963, Loss: 63.944, Trans_L2_m: 0.903, Yaw_err_deg: 0.762
Epoch: [18/25], Batch: 1500/2963, Loss: 69.938, Trans_L2_m: 1.028, Yaw_err_deg: 0.628
Epoch: [18/25], Batch: 1510/2963, Loss: 64.792, Trans_L2_m: 0.814, Yaw_err_deg: 0.884
Epoch: [18/25], Batch: 1520/2963, Loss: 80.467, Trans_L2_m: 1.200, Yaw_err_deg: 0.976
Epoch: [18/25], Batch: 1530/2963, Loss: 151.170, Trans_L2_m: 1.712, Yaw_err_deg: 0.901
Epoch: [18/25], Batch: 1540/2963, Loss: 63.739, Trans_L2_m: 1.233, Yaw_err_deg: 0.678
Epoch: [18/25], Batch: 1550/2963, Loss: 74.435, Trans_L2_m: 0.855, Yaw_err_deg: 0.963
Epoch: [18/25], Batch: 1560/2963, Loss: 80.681, Trans_L2_m: 1.018, Yaw_err_deg: 0.732
Epoch: [18/25], Batch: 1570/2963, Loss: 68.202, Trans_L2_m: 0.945, Yaw_err_deg: 0.712
Epoch: [18/25], Batch: 1580/2963, Loss: 58.881, Trans_L2_m: 0.843, Yaw_err_deg: 0.687
Epoch: [18/25], Batch: 1590/2963, Loss: 86.987, Trans_L2_m: 1.294, Yaw_err_deg: 0.905
Epoch: [18/25], Batch: 1600/2963, Loss: 71.039, Trans_L2_m: 0.983, Yaw_err_deg: 0.725
Epoch: [18/25], Batch: 1610/2963, Loss: 65.820, Trans_L2_m: 0.808, Yaw_err_deg: 0.960
Epoch: [18/25], Batch: 1620/2963, Loss: 62.243, Trans_L2_m: 0.882, Yaw_err_deg: 0.684
Epoch: [18/25], Batch: 1630/2963, Loss: 87.085, Trans_L2_m: 1.234, Yaw_err_deg: 1.139
Epoch: [18/25], Batch: 1640/2963, Loss: 66.385, Trans_L2_m: 0.792, Yaw_err_deg: 0.707
Epoch: [18/25], Batch: 1650/2963, Loss: 102.018, Trans_L2_m: 1.326, Yaw_err_deg: 1.462
Epoch: [18/25], Batch: 1660/2963, Loss: 65.719, Trans_L2_m: 1.011, Yaw_err_deg: 0.635
Epoch: [18/25], Batch: 1670/2963, Loss: 76.318, Trans_L2_m: 1.033, Yaw_err_deg: 1.191
Epoch: [18/25], Batch: 1680/2963, Loss: 80.256, Trans_L2_m: 0.957, Yaw_err_deg: 1.295
Epoch: [18/25], Batch: 1690/2963, Loss: 79.556, Trans_L2_m: 0.978, Yaw_err_deg: 1.021
Epoch: [18/25], Batch: 1700/2963, Loss: 60.366, Trans_L2_m: 0.720, Yaw_err_deg: 0.683
Epoch: [18/25], Batch: 1710/2963, Loss: 216.184, Trans_L2_m: 2.476, Yaw_err_deg: 1.380
Epoch: [18/25], Batch: 1720/2963, Loss: 92.107, Trans_L2_m: 1.246, Yaw_err_deg: 1.427
Epoch: [18/25], Batch: 1730/2963, Loss: 66.073, Trans_L2_m: 0.960, Yaw_err_deg: 1.023
Epoch: [18/25], Batch: 1740/2963, Loss: 67.675, Trans_L2_m: 0.846, Yaw_err_deg: 0.852
Epoch: [18/25], Batch: 1750/2963, Loss: 82.555, Trans_L2_m: 1.074, Yaw_err_deg: 1.291
Epoch: [18/25], Batch: 1760/2963, Loss: 76.339, Trans_L2_m: 1.025, Yaw_err_deg: 0.735
Epoch: [18/25], Batch: 1770/2963, Loss: 65.494, Trans_L2_m: 1.149, Yaw_err_deg: 0.713
Epoch: [18/25], Batch: 1780/2963, Loss: 72.562, Trans_L2_m: 1.101, Yaw_err_deg: 1.051
Epoch: [18/25], Batch: 1790/2963, Loss: 79.375, Trans_L2_m: 0.992, Yaw_err_deg: 0.802
Epoch: [18/25], Batch: 1800/2963, Loss: 100.144, Trans_L2_m: 1.614, Yaw_err_deg: 1.275
Epoch: [18/25], Batch: 1810/2963, Loss: 73.253, Trans_L2_m: 1.163, Yaw_err_deg: 0.680
Epoch: [18/25], Batch: 1820/2963, Loss: 84.342, Trans_L2_m: 1.525, Yaw_err_deg: 0.828
Epoch: [18/25], Batch: 1830/2963, Loss: 81.927, Trans_L2_m: 0.949, Yaw_err_deg: 0.865
Epoch: [18/25], Batch: 1840/2963, Loss: 121.478, Trans_L2_m: 1.572, Yaw_err_deg: 1.059
Epoch: [18/25], Batch: 1850/2963, Loss: 79.503, Trans_L2_m: 1.401, Yaw_err_deg: 1.266
Epoch: [18/25], Batch: 1860/2963, Loss: 66.295, Trans_L2_m: 0.930, Yaw_err_deg: 0.906
Epoch: [18/25], Batch: 1870/2963, Loss: 107.335, Trans_L2_m: 1.381, Yaw_err_deg: 1.415
Epoch: [18/25], Batch: 1880/2963, Loss: 68.146, Trans_L2_m: 0.799, Yaw_err_deg: 0.758
Epoch: [18/25], Batch: 1890/2963, Loss: 80.167, Trans_L2_m: 1.101, Yaw_err_deg: 0.963
Epoch: [18/25], Batch: 1900/2963, Loss: 66.951, Trans_L2_m: 0.901, Yaw_err_deg: 0.843
Epoch: [18/25], Batch: 1910/2963, Loss: 87.791, Trans_L2_m: 1.122, Yaw_err_deg: 1.278
Epoch: [18/25], Batch: 1920/2963, Loss: 94.109, Trans_L2_m: 1.802, Yaw_err_deg: 0.687
Epoch: [18/25], Batch: 1930/2963, Loss: 88.573, Trans_L2_m: 1.284, Yaw_err_deg: 0.987
Epoch: [18/25], Batch: 1940/2963, Loss: 71.929, Trans_L2_m: 1.037, Yaw_err_deg: 0.905
Epoch: [18/25], Batch: 1950/2963, Loss: 64.138, Trans_L2_m: 0.976, Yaw_err_deg: 1.042
Epoch: [18/25], Batch: 1960/2963, Loss: 63.168, Trans_L2_m: 0.850, Yaw_err_deg: 0.691
Epoch: [18/25], Batch: 1970/2963, Loss: 65.367, Trans_L2_m: 0.860, Yaw_err_deg: 0.645
Epoch: [18/25], Batch: 1980/2963, Loss: 74.191, Trans_L2_m: 0.991, Yaw_err_deg: 0.642
Epoch: [18/25], Batch: 1990/2963, Loss: 71.145, Trans_L2_m: 0.991, Yaw_err_deg: 0.671
Epoch: [18/25], Batch: 2000/2963, Loss: 70.233, Trans_L2_m: 1.336, Yaw_err_deg: 0.607
Epoch: [18/25], Batch: 2010/2963, Loss: 72.015, Trans_L2_m: 1.011, Yaw_err_deg: 0.870
Epoch: [18/25], Batch: 2020/2963, Loss: 82.578, Trans_L2_m: 1.126, Yaw_err_deg: 1.152
Epoch: [18/25], Batch: 2030/2963, Loss: 88.967, Trans_L2_m: 0.971, Yaw_err_deg: 1.040
Epoch: [18/25], Batch: 2040/2963, Loss: 70.300, Trans_L2_m: 0.902, Yaw_err_deg: 0.847
Epoch: [18/25], Batch: 2050/2963, Loss: 76.880, Trans_L2_m: 1.139, Yaw_err_deg: 0.757
Epoch: [18/25], Batch: 2060/2963, Loss: 70.738, Trans_L2_m: 1.271, Yaw_err_deg: 0.920
Epoch: [18/25], Batch: 2070/2963, Loss: 82.617, Trans_L2_m: 1.261, Yaw_err_deg: 0.969
Epoch: [18/25], Batch: 2080/2963, Loss: 92.529, Trans_L2_m: 1.334, Yaw_err_deg: 1.366
Epoch: [18/25], Batch: 2090/2963, Loss: 66.723, Trans_L2_m: 0.717, Yaw_err_deg: 0.853
Epoch: [18/25], Batch: 2100/2963, Loss: 74.331, Trans_L2_m: 0.920, Yaw_err_deg: 0.771
Epoch: [18/25], Batch: 2110/2963, Loss: 93.549, Trans_L2_m: 1.515, Yaw_err_deg: 0.994
Epoch: [18/25], Batch: 2120/2963, Loss: 67.976, Trans_L2_m: 1.030, Yaw_err_deg: 0.560
Epoch: [18/25], Batch: 2130/2963, Loss: 62.197, Trans_L2_m: 0.911, Yaw_err_deg: 0.529
Epoch: [18/25], Batch: 2140/2963, Loss: 87.514, Trans_L2_m: 1.280, Yaw_err_deg: 0.931
Epoch: [18/25], Batch: 2150/2963, Loss: 81.967, Trans_L2_m: 0.883, Yaw_err_deg: 1.042
Epoch: [18/25], Batch: 2160/2963, Loss: 99.794, Trans_L2_m: 1.325, Yaw_err_deg: 0.663
Epoch: [18/25], Batch: 2170/2963, Loss: 124.432, Trans_L2_m: 1.816, Yaw_err_deg: 0.667
Epoch: [18/25], Batch: 2180/2963, Loss: 84.428, Trans_L2_m: 1.463, Yaw_err_deg: 0.466
Epoch: [18/25], Batch: 2190/2963, Loss: 65.200, Trans_L2_m: 1.050, Yaw_err_deg: 0.710
Epoch: [18/25], Batch: 2200/2963, Loss: 71.594, Trans_L2_m: 1.078, Yaw_err_deg: 0.892
Epoch: [18/25], Batch: 2210/2963, Loss: 68.111, Trans_L2_m: 1.019, Yaw_err_deg: 0.764
Epoch: [18/25], Batch: 2220/2963, Loss: 80.573, Trans_L2_m: 1.131, Yaw_err_deg: 0.912
Epoch: [18/25], Batch: 2230/2963, Loss: 54.530, Trans_L2_m: 0.721, Yaw_err_deg: 0.688
Epoch: [18/25], Batch: 2240/2963, Loss: 75.521, Trans_L2_m: 1.285, Yaw_err_deg: 0.630
Epoch: [18/25], Batch: 2250/2963, Loss: 79.880, Trans_L2_m: 1.250, Yaw_err_deg: 0.818
Epoch: [18/25], Batch: 2260/2963, Loss: 74.485, Trans_L2_m: 0.995, Yaw_err_deg: 1.083
Epoch: [18/25], Batch: 2270/2963, Loss: 74.383, Trans_L2_m: 1.239, Yaw_err_deg: 1.138
Epoch: [18/25], Batch: 2280/2963, Loss: 95.937, Trans_L2_m: 1.339, Yaw_err_deg: 1.213
Epoch: [18/25], Batch: 2290/2963, Loss: 77.193, Trans_L2_m: 1.091, Yaw_err_deg: 0.781
Epoch: [18/25], Batch: 2300/2963, Loss: 68.523, Trans_L2_m: 0.962, Yaw_err_deg: 1.003
Epoch: [18/25], Batch: 2310/2963, Loss: 297.044, Trans_L2_m: 2.536, Yaw_err_deg: 1.576
Epoch: [18/25], Batch: 2320/2963, Loss: 76.261, Trans_L2_m: 1.029, Yaw_err_deg: 0.908
Epoch: [18/25], Batch: 2330/2963, Loss: 77.982, Trans_L2_m: 1.094, Yaw_err_deg: 0.965
Epoch: [18/25], Batch: 2340/2963, Loss: 62.753, Trans_L2_m: 1.053, Yaw_err_deg: 1.063
Epoch: [18/25], Batch: 2350/2963, Loss: 97.119, Trans_L2_m: 1.481, Yaw_err_deg: 0.655
Epoch: [18/25], Batch: 2360/2963, Loss: 57.313, Trans_L2_m: 0.808, Yaw_err_deg: 0.580
Epoch: [18/25], Batch: 2370/2963, Loss: 58.704, Trans_L2_m: 0.772, Yaw_err_deg: 0.956
Epoch: [18/25], Batch: 2380/2963, Loss: 80.645, Trans_L2_m: 1.051, Yaw_err_deg: 0.705
Epoch: [18/25], Batch: 2390/2963, Loss: 78.679, Trans_L2_m: 1.228, Yaw_err_deg: 0.822
Epoch: [18/25], Batch: 2400/2963, Loss: 69.582, Trans_L2_m: 1.189, Yaw_err_deg: 0.592
Epoch: [18/25], Batch: 2410/2963, Loss: 83.858, Trans_L2_m: 1.277, Yaw_err_deg: 0.759
Epoch: [18/25], Batch: 2420/2963, Loss: 63.128, Trans_L2_m: 0.705, Yaw_err_deg: 0.626
Epoch: [18/25], Batch: 2430/2963, Loss: 78.595, Trans_L2_m: 1.118, Yaw_err_deg: 0.597
Epoch: [18/25], Batch: 2440/2963, Loss: 81.800, Trans_L2_m: 0.956, Yaw_err_deg: 0.967
Epoch: [18/25], Batch: 2450/2963, Loss: 80.472, Trans_L2_m: 0.679, Yaw_err_deg: 0.959
Epoch: [18/25], Batch: 2460/2963, Loss: 66.059, Trans_L2_m: 0.856, Yaw_err_deg: 0.865
Epoch: [18/25], Batch: 2470/2963, Loss: 82.934, Trans_L2_m: 1.175, Yaw_err_deg: 0.826
Epoch: [18/25], Batch: 2480/2963, Loss: 81.177, Trans_L2_m: 1.167, Yaw_err_deg: 0.901
Epoch: [18/25], Batch: 2490/2963, Loss: 70.065, Trans_L2_m: 0.976, Yaw_err_deg: 0.916
Epoch: [18/25], Batch: 2500/2963, Loss: 72.783, Trans_L2_m: 0.961, Yaw_err_deg: 0.986
Epoch: [18/25], Batch: 2510/2963, Loss: 70.444, Trans_L2_m: 1.478, Yaw_err_deg: 0.778
Epoch: [18/25], Batch: 2520/2963, Loss: 100.606, Trans_L2_m: 1.089, Yaw_err_deg: 1.482
Epoch: [18/25], Batch: 2530/2963, Loss: 120.709, Trans_L2_m: 1.518, Yaw_err_deg: 1.441
Epoch: [18/25], Batch: 2540/2963, Loss: 67.418, Trans_L2_m: 0.855, Yaw_err_deg: 0.712
Epoch: [18/25], Batch: 2550/2963, Loss: 69.108, Trans_L2_m: 1.267, Yaw_err_deg: 0.744
Epoch: [18/25], Batch: 2560/2963, Loss: 69.704, Trans_L2_m: 1.325, Yaw_err_deg: 0.630
Epoch: [18/25], Batch: 2570/2963, Loss: 82.026, Trans_L2_m: 1.242, Yaw_err_deg: 0.697
Epoch: [18/25], Batch: 2580/2963, Loss: 75.678, Trans_L2_m: 0.988, Yaw_err_deg: 1.086
Epoch: [18/25], Batch: 2590/2963, Loss: 77.023, Trans_L2_m: 0.863, Yaw_err_deg: 0.786
Epoch: [18/25], Batch: 2600/2963, Loss: 65.557, Trans_L2_m: 1.248, Yaw_err_deg: 0.773
Epoch: [18/25], Batch: 2610/2963, Loss: 71.110, Trans_L2_m: 1.206, Yaw_err_deg: 0.585
Epoch: [18/25], Batch: 2620/2963, Loss: 74.197, Trans_L2_m: 1.057, Yaw_err_deg: 0.935
Epoch: [18/25], Batch: 2630/2963, Loss: 83.900, Trans_L2_m: 1.047, Yaw_err_deg: 0.810
Epoch: [18/25], Batch: 2640/2963, Loss: 72.552, Trans_L2_m: 0.888, Yaw_err_deg: 0.597
Epoch: [18/25], Batch: 2650/2963, Loss: 67.875, Trans_L2_m: 1.339, Yaw_err_deg: 0.804
Epoch: [18/25], Batch: 2660/2963, Loss: 73.094, Trans_L2_m: 1.221, Yaw_err_deg: 0.718
Epoch: [18/25], Batch: 2670/2963, Loss: 75.589, Trans_L2_m: 1.204, Yaw_err_deg: 0.645
Epoch: [18/25], Batch: 2680/2963, Loss: 80.901, Trans_L2_m: 0.902, Yaw_err_deg: 0.965
Epoch: [18/25], Batch: 2690/2963, Loss: 75.608, Trans_L2_m: 1.343, Yaw_err_deg: 0.914
Epoch: [18/25], Batch: 2700/2963, Loss: 69.694, Trans_L2_m: 0.996, Yaw_err_deg: 0.702
Epoch: [18/25], Batch: 2710/2963, Loss: 73.209, Trans_L2_m: 0.891, Yaw_err_deg: 1.059
Epoch: [18/25], Batch: 2720/2963, Loss: 105.740, Trans_L2_m: 1.607, Yaw_err_deg: 1.026
Epoch: [18/25], Batch: 2730/2963, Loss: 62.645, Trans_L2_m: 0.780, Yaw_err_deg: 0.632
Epoch: [18/25], Batch: 2740/2963, Loss: 70.278, Trans_L2_m: 0.998, Yaw_err_deg: 0.810
Epoch: [18/25], Batch: 2750/2963, Loss: 76.609, Trans_L2_m: 1.088, Yaw_err_deg: 0.961
Epoch: [18/25], Batch: 2760/2963, Loss: 81.786, Trans_L2_m: 1.235, Yaw_err_deg: 0.721
Epoch: [18/25], Batch: 2770/2963, Loss: 101.066, Trans_L2_m: 1.683, Yaw_err_deg: 1.011
Epoch: [18/25], Batch: 2780/2963, Loss: 67.934, Trans_L2_m: 1.050, Yaw_err_deg: 1.089
Epoch: [18/25], Batch: 2790/2963, Loss: 96.113, Trans_L2_m: 1.343, Yaw_err_deg: 0.839
Epoch: [18/25], Batch: 2800/2963, Loss: 77.116, Trans_L2_m: 1.021, Yaw_err_deg: 1.212
Epoch: [18/25], Batch: 2810/2963, Loss: 65.583, Trans_L2_m: 1.016, Yaw_err_deg: 0.835
Epoch: [18/25], Batch: 2820/2963, Loss: 64.717, Trans_L2_m: 0.922, Yaw_err_deg: 0.755
Epoch: [18/25], Batch: 2830/2963, Loss: 89.112, Trans_L2_m: 1.522, Yaw_err_deg: 0.951
Epoch: [18/25], Batch: 2840/2963, Loss: 77.225, Trans_L2_m: 0.939, Yaw_err_deg: 0.877
Epoch: [18/25], Batch: 2850/2963, Loss: 330.460, Trans_L2_m: 2.813, Yaw_err_deg: 0.736
Epoch: [18/25], Batch: 2860/2963, Loss: 72.060, Trans_L2_m: 0.825, Yaw_err_deg: 0.874
Epoch: [18/25], Batch: 2870/2963, Loss: 79.276, Trans_L2_m: 1.095, Yaw_err_deg: 0.905
Epoch: [18/25], Batch: 2880/2963, Loss: 87.641, Trans_L2_m: 1.524, Yaw_err_deg: 0.742
Epoch: [18/25], Batch: 2890/2963, Loss: 81.749, Trans_L2_m: 1.054, Yaw_err_deg: 0.735
Epoch: [18/25], Batch: 2900/2963, Loss: 72.660, Trans_L2_m: 0.911, Yaw_err_deg: 0.692
Epoch: [18/25], Batch: 2910/2963, Loss: 67.449, Trans_L2_m: 0.872, Yaw_err_deg: 0.788
Epoch: [18/25], Batch: 2920/2963, Loss: 66.855, Trans_L2_m: 1.234, Yaw_err_deg: 0.725
Epoch: [18/25], Batch: 2930/2963, Loss: 67.877, Trans_L2_m: 0.888, Yaw_err_deg: 0.850
Epoch: [18/25], Batch: 2940/2963, Loss: 102.172, Trans_L2_m: 1.410, Yaw_err_deg: 0.876
Epoch: [18/25], Batch: 2950/2963, Loss: 84.689, Trans_L2_m: 1.113, Yaw_err_deg: 0.997
Epoch: [18/25], Batch: 2960/2963, Loss: 72.788, Trans_L2_m: 1.037, Yaw_err_deg: 1.052
Validation loss (homography): 5075.5443
Avg batch time: 1141.58 ms, total: 370.345 s
[1;91mVal has no improvement vs 4605.474609375![0m
Epoch: [19/25], Batch: 0/2963, Loss: 73.278, Trans_L2_m: 1.073, Yaw_err_deg: 0.869
Epoch: [19/25], Batch: 10/2963, Loss: 62.145, Trans_L2_m: 0.949, Yaw_err_deg: 0.849
Epoch: [19/25], Batch: 20/2963, Loss: 63.811, Trans_L2_m: 0.982, Yaw_err_deg: 0.829
Epoch: [19/25], Batch: 30/2963, Loss: 84.154, Trans_L2_m: 1.075, Yaw_err_deg: 1.420
Epoch: [19/25], Batch: 40/2963, Loss: 59.545, Trans_L2_m: 0.997, Yaw_err_deg: 0.739
Epoch: [19/25], Batch: 50/2963, Loss: 66.054, Trans_L2_m: 0.959, Yaw_err_deg: 0.753
Epoch: [19/25], Batch: 60/2963, Loss: 67.415, Trans_L2_m: 1.102, Yaw_err_deg: 0.708
Epoch: [19/25], Batch: 70/2963, Loss: 76.498, Trans_L2_m: 0.853, Yaw_err_deg: 0.983
Epoch: [19/25], Batch: 80/2963, Loss: 86.492, Trans_L2_m: 0.830, Yaw_err_deg: 1.285
Epoch: [19/25], Batch: 90/2963, Loss: 68.173, Trans_L2_m: 0.941, Yaw_err_deg: 0.820
Epoch: [19/25], Batch: 100/2963, Loss: 90.583, Trans_L2_m: 0.979, Yaw_err_deg: 0.962
Epoch: [19/25], Batch: 110/2963, Loss: 107.810, Trans_L2_m: 1.318, Yaw_err_deg: 1.430
Epoch: [19/25], Batch: 120/2963, Loss: 67.275, Trans_L2_m: 1.054, Yaw_err_deg: 0.607
Epoch: [19/25], Batch: 130/2963, Loss: 63.283, Trans_L2_m: 0.887, Yaw_err_deg: 0.942
Epoch: [19/25], Batch: 140/2963, Loss: 72.749, Trans_L2_m: 1.022, Yaw_err_deg: 0.624
Epoch: [19/25], Batch: 150/2963, Loss: 59.120, Trans_L2_m: 0.667, Yaw_err_deg: 1.094
Epoch: [19/25], Batch: 160/2963, Loss: 72.758, Trans_L2_m: 1.210, Yaw_err_deg: 0.932
Epoch: [19/25], Batch: 170/2963, Loss: 74.305, Trans_L2_m: 0.672, Yaw_err_deg: 0.803
Epoch: [19/25], Batch: 180/2963, Loss: 75.923, Trans_L2_m: 1.127, Yaw_err_deg: 0.636
Epoch: [19/25], Batch: 190/2963, Loss: 73.321, Trans_L2_m: 0.704, Yaw_err_deg: 0.757
Epoch: [19/25], Batch: 200/2963, Loss: 66.466, Trans_L2_m: 0.871, Yaw_err_deg: 0.740
Epoch: [19/25], Batch: 210/2963, Loss: 61.640, Trans_L2_m: 0.785, Yaw_err_deg: 0.766
Epoch: [19/25], Batch: 220/2963, Loss: 65.753, Trans_L2_m: 1.012, Yaw_err_deg: 0.931
Epoch: [19/25], Batch: 230/2963, Loss: 70.697, Trans_L2_m: 1.009, Yaw_err_deg: 0.785
Epoch: [19/25], Batch: 240/2963, Loss: 88.906, Trans_L2_m: 1.304, Yaw_err_deg: 0.815
Epoch: [19/25], Batch: 250/2963, Loss: 72.086, Trans_L2_m: 0.918, Yaw_err_deg: 1.033
Epoch: [19/25], Batch: 260/2963, Loss: 75.366, Trans_L2_m: 1.222, Yaw_err_deg: 0.751
Epoch: [19/25], Batch: 270/2963, Loss: 91.249, Trans_L2_m: 1.408, Yaw_err_deg: 1.014
Epoch: [19/25], Batch: 280/2963, Loss: 79.521, Trans_L2_m: 0.964, Yaw_err_deg: 1.154
Epoch: [19/25], Batch: 290/2963, Loss: 81.614, Trans_L2_m: 1.152, Yaw_err_deg: 0.913
Epoch: [19/25], Batch: 300/2963, Loss: 62.942, Trans_L2_m: 0.764, Yaw_err_deg: 0.642
Epoch: [19/25], Batch: 310/2963, Loss: 77.962, Trans_L2_m: 1.194, Yaw_err_deg: 0.792
Epoch: [19/25], Batch: 320/2963, Loss: 78.140, Trans_L2_m: 1.075, Yaw_err_deg: 0.852
Epoch: [19/25], Batch: 330/2963, Loss: 67.121, Trans_L2_m: 1.028, Yaw_err_deg: 0.630
Epoch: [19/25], Batch: 340/2963, Loss: 76.735, Trans_L2_m: 1.122, Yaw_err_deg: 0.958
Epoch: [19/25], Batch: 350/2963, Loss: 80.709, Trans_L2_m: 0.794, Yaw_err_deg: 0.794
Epoch: [19/25], Batch: 360/2963, Loss: 79.500, Trans_L2_m: 0.896, Yaw_err_deg: 0.773
Epoch: [19/25], Batch: 370/2963, Loss: 77.581, Trans_L2_m: 0.971, Yaw_err_deg: 0.801
Epoch: [19/25], Batch: 380/2963, Loss: 53.908, Trans_L2_m: 0.780, Yaw_err_deg: 0.687
Epoch: [19/25], Batch: 390/2963, Loss: 80.937, Trans_L2_m: 0.957, Yaw_err_deg: 1.110
Epoch: [19/25], Batch: 400/2963, Loss: 84.209, Trans_L2_m: 1.112, Yaw_err_deg: 1.235
Epoch: [19/25], Batch: 410/2963, Loss: 72.254, Trans_L2_m: 0.823, Yaw_err_deg: 0.933
Epoch: [19/25], Batch: 420/2963, Loss: 76.676, Trans_L2_m: 0.905, Yaw_err_deg: 1.218
Epoch: [19/25], Batch: 430/2963, Loss: 64.629, Trans_L2_m: 0.970, Yaw_err_deg: 0.693
Epoch: [19/25], Batch: 440/2963, Loss: 72.386, Trans_L2_m: 0.755, Yaw_err_deg: 1.160
Epoch: [19/25], Batch: 450/2963, Loss: 251.330, Trans_L2_m: 2.508, Yaw_err_deg: 1.380
Epoch: [19/25], Batch: 460/2963, Loss: 70.556, Trans_L2_m: 0.987, Yaw_err_deg: 0.939
Epoch: [19/25], Batch: 470/2963, Loss: 76.047, Trans_L2_m: 0.982, Yaw_err_deg: 1.076
Epoch: [19/25], Batch: 480/2963, Loss: 73.890, Trans_L2_m: 0.719, Yaw_err_deg: 0.589
Epoch: [19/25], Batch: 490/2963, Loss: 63.170, Trans_L2_m: 0.733, Yaw_err_deg: 0.834
Epoch: [19/25], Batch: 500/2963, Loss: 69.686, Trans_L2_m: 0.934, Yaw_err_deg: 0.869
Epoch: [19/25], Batch: 510/2963, Loss: 68.536, Trans_L2_m: 1.016, Yaw_err_deg: 0.709
Epoch: [19/25], Batch: 520/2963, Loss: 63.545, Trans_L2_m: 0.948, Yaw_err_deg: 0.802
Epoch: [19/25], Batch: 530/2963, Loss: 76.313, Trans_L2_m: 0.915, Yaw_err_deg: 0.846
Epoch: [19/25], Batch: 540/2963, Loss: 61.646, Trans_L2_m: 0.837, Yaw_err_deg: 0.858
Epoch: [19/25], Batch: 550/2963, Loss: 76.979, Trans_L2_m: 0.982, Yaw_err_deg: 0.997
Epoch: [19/25], Batch: 560/2963, Loss: 63.983, Trans_L2_m: 0.753, Yaw_err_deg: 0.627
Epoch: [19/25], Batch: 570/2963, Loss: 65.141, Trans_L2_m: 0.951, Yaw_err_deg: 0.827
Epoch: [19/25], Batch: 580/2963, Loss: 83.006, Trans_L2_m: 1.403, Yaw_err_deg: 1.134
Epoch: [19/25], Batch: 590/2963, Loss: 86.053, Trans_L2_m: 1.055, Yaw_err_deg: 1.133
Epoch: [19/25], Batch: 600/2963, Loss: 57.276, Trans_L2_m: 0.772, Yaw_err_deg: 0.558
Epoch: [19/25], Batch: 610/2963, Loss: 83.776, Trans_L2_m: 1.374, Yaw_err_deg: 0.879
Epoch: [19/25], Batch: 620/2963, Loss: 75.293, Trans_L2_m: 1.153, Yaw_err_deg: 1.031
Epoch: [19/25], Batch: 630/2963, Loss: 64.660, Trans_L2_m: 1.146, Yaw_err_deg: 0.886
Epoch: [19/25], Batch: 640/2963, Loss: 69.205, Trans_L2_m: 1.219, Yaw_err_deg: 0.925
Epoch: [19/25], Batch: 650/2963, Loss: 70.862, Trans_L2_m: 0.898, Yaw_err_deg: 0.755
Epoch: [19/25], Batch: 660/2963, Loss: 74.330, Trans_L2_m: 1.087, Yaw_err_deg: 0.736
Epoch: [19/25], Batch: 670/2963, Loss: 55.636, Trans_L2_m: 0.845, Yaw_err_deg: 0.628
Epoch: [19/25], Batch: 680/2963, Loss: 84.269, Trans_L2_m: 1.014, Yaw_err_deg: 0.990
Epoch: [19/25], Batch: 690/2963, Loss: 78.063, Trans_L2_m: 1.240, Yaw_err_deg: 0.688
Epoch: [19/25], Batch: 700/2963, Loss: 71.683, Trans_L2_m: 0.916, Yaw_err_deg: 0.849
Epoch: [19/25], Batch: 710/2963, Loss: 64.541, Trans_L2_m: 0.871, Yaw_err_deg: 0.816
Epoch: [19/25], Batch: 720/2963, Loss: 70.037, Trans_L2_m: 1.046, Yaw_err_deg: 0.842
Epoch: [19/25], Batch: 730/2963, Loss: 69.664, Trans_L2_m: 1.017, Yaw_err_deg: 0.945
Epoch: [19/25], Batch: 740/2963, Loss: 104.040, Trans_L2_m: 1.462, Yaw_err_deg: 1.259
Epoch: [19/25], Batch: 750/2963, Loss: 76.789, Trans_L2_m: 0.923, Yaw_err_deg: 0.958
Epoch: [19/25], Batch: 760/2963, Loss: 71.981, Trans_L2_m: 0.946, Yaw_err_deg: 0.948
Epoch: [19/25], Batch: 770/2963, Loss: 72.828, Trans_L2_m: 0.908, Yaw_err_deg: 0.957
Epoch: [19/25], Batch: 780/2963, Loss: 58.701, Trans_L2_m: 0.921, Yaw_err_deg: 0.743
Epoch: [19/25], Batch: 790/2963, Loss: 127.544, Trans_L2_m: 1.809, Yaw_err_deg: 0.871
Epoch: [19/25], Batch: 800/2963, Loss: 63.994, Trans_L2_m: 0.890, Yaw_err_deg: 0.653
Epoch: [19/25], Batch: 810/2963, Loss: 77.429, Trans_L2_m: 0.927, Yaw_err_deg: 1.005
Epoch: [19/25], Batch: 820/2963, Loss: 77.229, Trans_L2_m: 0.822, Yaw_err_deg: 0.802
Epoch: [19/25], Batch: 830/2963, Loss: 77.193, Trans_L2_m: 0.916, Yaw_err_deg: 1.262
Epoch: [19/25], Batch: 840/2963, Loss: 76.018, Trans_L2_m: 1.006, Yaw_err_deg: 1.159
Epoch: [19/25], Batch: 850/2963, Loss: 74.106, Trans_L2_m: 0.877, Yaw_err_deg: 1.036
Epoch: [19/25], Batch: 860/2963, Loss: 79.699, Trans_L2_m: 1.429, Yaw_err_deg: 0.937
Epoch: [19/25], Batch: 870/2963, Loss: 82.944, Trans_L2_m: 1.247, Yaw_err_deg: 1.072
Epoch: [19/25], Batch: 880/2963, Loss: 72.282, Trans_L2_m: 0.797, Yaw_err_deg: 0.990
Epoch: [19/25], Batch: 890/2963, Loss: 79.005, Trans_L2_m: 0.946, Yaw_err_deg: 0.878
Epoch: [19/25], Batch: 900/2963, Loss: 75.198, Trans_L2_m: 1.314, Yaw_err_deg: 0.711
Epoch: [19/25], Batch: 910/2963, Loss: 69.308, Trans_L2_m: 0.994, Yaw_err_deg: 0.935
Epoch: [19/25], Batch: 920/2963, Loss: 62.172, Trans_L2_m: 0.685, Yaw_err_deg: 0.846
Epoch: [19/25], Batch: 930/2963, Loss: 75.412, Trans_L2_m: 1.029, Yaw_err_deg: 0.702
Epoch: [19/25], Batch: 940/2963, Loss: 86.153, Trans_L2_m: 1.348, Yaw_err_deg: 0.820
Epoch: [19/25], Batch: 950/2963, Loss: 63.353, Trans_L2_m: 0.743, Yaw_err_deg: 0.940
Epoch: [19/25], Batch: 960/2963, Loss: 71.589, Trans_L2_m: 1.062, Yaw_err_deg: 0.817
Epoch: [19/25], Batch: 970/2963, Loss: 95.935, Trans_L2_m: 1.458, Yaw_err_deg: 1.111
Epoch: [19/25], Batch: 980/2963, Loss: 80.264, Trans_L2_m: 1.013, Yaw_err_deg: 1.038
Epoch: [19/25], Batch: 990/2963, Loss: 79.705, Trans_L2_m: 1.257, Yaw_err_deg: 0.883
Epoch: [19/25], Batch: 1000/2963, Loss: 66.047, Trans_L2_m: 0.760, Yaw_err_deg: 0.702
Epoch: [19/25], Batch: 1010/2963, Loss: 65.803, Trans_L2_m: 1.188, Yaw_err_deg: 0.511
Epoch: [19/25], Batch: 1020/2963, Loss: 65.915, Trans_L2_m: 0.983, Yaw_err_deg: 0.805
Epoch: [19/25], Batch: 1030/2963, Loss: 79.578, Trans_L2_m: 1.267, Yaw_err_deg: 0.895
Epoch: [19/25], Batch: 1040/2963, Loss: 78.007, Trans_L2_m: 1.199, Yaw_err_deg: 0.803
Epoch: [19/25], Batch: 1050/2963, Loss: 65.164, Trans_L2_m: 0.989, Yaw_err_deg: 0.627
Epoch: [19/25], Batch: 1060/2963, Loss: 70.340, Trans_L2_m: 0.965, Yaw_err_deg: 1.003
Epoch: [19/25], Batch: 1070/2963, Loss: 82.232, Trans_L2_m: 1.010, Yaw_err_deg: 1.114
Epoch: [19/25], Batch: 1080/2963, Loss: 82.475, Trans_L2_m: 1.196, Yaw_err_deg: 1.287
Epoch: [19/25], Batch: 1090/2963, Loss: 74.422, Trans_L2_m: 0.972, Yaw_err_deg: 1.006
Epoch: [19/25], Batch: 1100/2963, Loss: 79.059, Trans_L2_m: 1.096, Yaw_err_deg: 0.681
Epoch: [19/25], Batch: 1110/2963, Loss: 63.814, Trans_L2_m: 0.854, Yaw_err_deg: 1.081
Epoch: [19/25], Batch: 1120/2963, Loss: 54.993, Trans_L2_m: 0.620, Yaw_err_deg: 0.513
Epoch: [19/25], Batch: 1130/2963, Loss: 75.175, Trans_L2_m: 0.959, Yaw_err_deg: 1.095
Epoch: [19/25], Batch: 1140/2963, Loss: 71.218, Trans_L2_m: 0.726, Yaw_err_deg: 0.674
Epoch: [19/25], Batch: 1150/2963, Loss: 68.089, Trans_L2_m: 1.024, Yaw_err_deg: 0.763
Epoch: [19/25], Batch: 1160/2963, Loss: 71.286, Trans_L2_m: 0.910, Yaw_err_deg: 0.868
Epoch: [19/25], Batch: 1170/2963, Loss: 82.186, Trans_L2_m: 1.001, Yaw_err_deg: 0.703
Epoch: [19/25], Batch: 1180/2963, Loss: 75.359, Trans_L2_m: 1.114, Yaw_err_deg: 0.886
Epoch: [19/25], Batch: 1190/2963, Loss: 61.710, Trans_L2_m: 0.933, Yaw_err_deg: 0.409
Epoch: [19/25], Batch: 1200/2963, Loss: 56.791, Trans_L2_m: 0.691, Yaw_err_deg: 0.696
Epoch: [19/25], Batch: 1210/2963, Loss: 74.914, Trans_L2_m: 1.247, Yaw_err_deg: 0.666
Epoch: [19/25], Batch: 1220/2963, Loss: 68.658, Trans_L2_m: 0.895, Yaw_err_deg: 0.633
Epoch: [19/25], Batch: 1230/2963, Loss: 73.367, Trans_L2_m: 0.925, Yaw_err_deg: 0.878
Epoch: [19/25], Batch: 1240/2963, Loss: 93.202, Trans_L2_m: 1.495, Yaw_err_deg: 0.887
Epoch: [19/25], Batch: 1250/2963, Loss: 83.714, Trans_L2_m: 1.433, Yaw_err_deg: 0.837
Epoch: [19/25], Batch: 1260/2963, Loss: 67.628, Trans_L2_m: 0.997, Yaw_err_deg: 0.815
Epoch: [19/25], Batch: 1270/2963, Loss: 79.356, Trans_L2_m: 1.366, Yaw_err_deg: 0.608
Epoch: [19/25], Batch: 1280/2963, Loss: 79.875, Trans_L2_m: 0.989, Yaw_err_deg: 1.033
Epoch: [19/25], Batch: 1290/2963, Loss: 69.145, Trans_L2_m: 0.993, Yaw_err_deg: 1.066
Epoch: [19/25], Batch: 1300/2963, Loss: 86.136, Trans_L2_m: 1.052, Yaw_err_deg: 0.899
Epoch: [19/25], Batch: 1310/2963, Loss: 73.586, Trans_L2_m: 1.062, Yaw_err_deg: 0.833
Epoch: [19/25], Batch: 1320/2963, Loss: 62.019, Trans_L2_m: 1.083, Yaw_err_deg: 0.763
Epoch: [19/25], Batch: 1330/2963, Loss: 70.896, Trans_L2_m: 1.134, Yaw_err_deg: 0.736
Epoch: [19/25], Batch: 1340/2963, Loss: 69.862, Trans_L2_m: 1.269, Yaw_err_deg: 0.770
Epoch: [19/25], Batch: 1350/2963, Loss: 63.034, Trans_L2_m: 0.849, Yaw_err_deg: 0.831
Epoch: [19/25], Batch: 1360/2963, Loss: 96.253, Trans_L2_m: 1.492, Yaw_err_deg: 0.368
Epoch: [19/25], Batch: 1370/2963, Loss: 74.772, Trans_L2_m: 0.970, Yaw_err_deg: 1.118
Epoch: [19/25], Batch: 1380/2963, Loss: 77.755, Trans_L2_m: 0.976, Yaw_err_deg: 0.960
Epoch: [19/25], Batch: 1390/2963, Loss: 72.474, Trans_L2_m: 1.072, Yaw_err_deg: 0.601
Epoch: [19/25], Batch: 1400/2963, Loss: 71.843, Trans_L2_m: 1.147, Yaw_err_deg: 0.640
Epoch: [19/25], Batch: 1410/2963, Loss: 74.170, Trans_L2_m: 1.064, Yaw_err_deg: 0.883
Epoch: [19/25], Batch: 1420/2963, Loss: 67.887, Trans_L2_m: 1.180, Yaw_err_deg: 0.928
Epoch: [19/25], Batch: 1430/2963, Loss: 63.558, Trans_L2_m: 0.880, Yaw_err_deg: 0.644
Epoch: [19/25], Batch: 1440/2963, Loss: 57.475, Trans_L2_m: 0.568, Yaw_err_deg: 0.566
Epoch: [19/25], Batch: 1450/2963, Loss: 75.026, Trans_L2_m: 1.248, Yaw_err_deg: 0.946
Epoch: [19/25], Batch: 1460/2963, Loss: 63.278, Trans_L2_m: 0.821, Yaw_err_deg: 1.125
Epoch: [19/25], Batch: 1470/2963, Loss: 65.188, Trans_L2_m: 1.090, Yaw_err_deg: 0.821
Epoch: [19/25], Batch: 1480/2963, Loss: 72.938, Trans_L2_m: 1.057, Yaw_err_deg: 1.012
Epoch: [19/25], Batch: 1490/2963, Loss: 66.364, Trans_L2_m: 0.992, Yaw_err_deg: 0.999
Epoch: [19/25], Batch: 1500/2963, Loss: 76.046, Trans_L2_m: 0.901, Yaw_err_deg: 0.919
Epoch: [19/25], Batch: 1510/2963, Loss: 99.673, Trans_L2_m: 1.539, Yaw_err_deg: 0.970
Epoch: [19/25], Batch: 1520/2963, Loss: 56.896, Trans_L2_m: 0.776, Yaw_err_deg: 0.715
Epoch: [19/25], Batch: 1530/2963, Loss: 64.104, Trans_L2_m: 1.059, Yaw_err_deg: 0.640
Epoch: [19/25], Batch: 1540/2963, Loss: 59.709, Trans_L2_m: 0.891, Yaw_err_deg: 0.689
Epoch: [19/25], Batch: 1550/2963, Loss: 72.581, Trans_L2_m: 0.913, Yaw_err_deg: 0.866
Epoch: [19/25], Batch: 1560/2963, Loss: 59.402, Trans_L2_m: 0.767, Yaw_err_deg: 0.867
Epoch: [19/25], Batch: 1570/2963, Loss: 69.064, Trans_L2_m: 1.037, Yaw_err_deg: 0.893
Epoch: [19/25], Batch: 1580/2963, Loss: 76.081, Trans_L2_m: 1.152, Yaw_err_deg: 0.966
Epoch: [19/25], Batch: 1590/2963, Loss: 59.146, Trans_L2_m: 1.217, Yaw_err_deg: 0.664
Epoch: [19/25], Batch: 1600/2963, Loss: 76.547, Trans_L2_m: 1.312, Yaw_err_deg: 0.696
Epoch: [19/25], Batch: 1610/2963, Loss: 76.769, Trans_L2_m: 0.641, Yaw_err_deg: 1.222
Epoch: [19/25], Batch: 1620/2963, Loss: 69.984, Trans_L2_m: 1.005, Yaw_err_deg: 1.105
Epoch: [19/25], Batch: 1630/2963, Loss: 72.256, Trans_L2_m: 1.125, Yaw_err_deg: 1.070
Epoch: [19/25], Batch: 1640/2963, Loss: 67.675, Trans_L2_m: 1.115, Yaw_err_deg: 0.751
Epoch: [19/25], Batch: 1650/2963, Loss: 86.169, Trans_L2_m: 1.277, Yaw_err_deg: 0.720
Epoch: [19/25], Batch: 1660/2963, Loss: 59.912, Trans_L2_m: 1.070, Yaw_err_deg: 0.735
Epoch: [19/25], Batch: 1670/2963, Loss: 75.286, Trans_L2_m: 1.112, Yaw_err_deg: 0.971
Epoch: [19/25], Batch: 1680/2963, Loss: 95.943, Trans_L2_m: 1.562, Yaw_err_deg: 0.801
Epoch: [19/25], Batch: 1690/2963, Loss: 77.701, Trans_L2_m: 1.150, Yaw_err_deg: 0.920
Epoch: [19/25], Batch: 1700/2963, Loss: 69.461, Trans_L2_m: 1.488, Yaw_err_deg: 0.645
Epoch: [19/25], Batch: 1710/2963, Loss: 82.086, Trans_L2_m: 1.171, Yaw_err_deg: 0.773
Epoch: [19/25], Batch: 1720/2963, Loss: 66.245, Trans_L2_m: 1.057, Yaw_err_deg: 0.798
Epoch: [19/25], Batch: 1730/2963, Loss: 69.404, Trans_L2_m: 1.330, Yaw_err_deg: 0.989
Epoch: [19/25], Batch: 1740/2963, Loss: 87.160, Trans_L2_m: 1.420, Yaw_err_deg: 0.802
Epoch: [19/25], Batch: 1750/2963, Loss: 64.101, Trans_L2_m: 0.813, Yaw_err_deg: 0.740
Epoch: [19/25], Batch: 1760/2963, Loss: 73.949, Trans_L2_m: 0.836, Yaw_err_deg: 0.820
Epoch: [19/25], Batch: 1770/2963, Loss: 81.838, Trans_L2_m: 1.424, Yaw_err_deg: 1.027
Epoch: [19/25], Batch: 1780/2963, Loss: 75.453, Trans_L2_m: 1.154, Yaw_err_deg: 0.840
Epoch: [19/25], Batch: 1790/2963, Loss: 81.709, Trans_L2_m: 1.275, Yaw_err_deg: 1.112
Epoch: [19/25], Batch: 1800/2963, Loss: 62.167, Trans_L2_m: 1.243, Yaw_err_deg: 0.616
Epoch: [19/25], Batch: 1810/2963, Loss: 65.575, Trans_L2_m: 0.902, Yaw_err_deg: 0.743
Epoch: [19/25], Batch: 1820/2963, Loss: 97.154, Trans_L2_m: 1.131, Yaw_err_deg: 0.785
Epoch: [19/25], Batch: 1830/2963, Loss: 71.448, Trans_L2_m: 0.970, Yaw_err_deg: 0.782
Epoch: [19/25], Batch: 1840/2963, Loss: 76.225, Trans_L2_m: 1.418, Yaw_err_deg: 0.882
Epoch: [19/25], Batch: 1850/2963, Loss: 101.788, Trans_L2_m: 0.940, Yaw_err_deg: 1.575
Epoch: [19/25], Batch: 1860/2963, Loss: 82.838, Trans_L2_m: 1.024, Yaw_err_deg: 1.152
Epoch: [19/25], Batch: 1870/2963, Loss: 75.537, Trans_L2_m: 0.749, Yaw_err_deg: 0.920
Epoch: [19/25], Batch: 1880/2963, Loss: 72.374, Trans_L2_m: 0.976, Yaw_err_deg: 0.949
Epoch: [19/25], Batch: 1890/2963, Loss: 73.862, Trans_L2_m: 1.008, Yaw_err_deg: 0.697
Epoch: [19/25], Batch: 1900/2963, Loss: 67.441, Trans_L2_m: 0.847, Yaw_err_deg: 1.264
Epoch: [19/25], Batch: 1910/2963, Loss: 69.423, Trans_L2_m: 0.965, Yaw_err_deg: 1.084
Epoch: [19/25], Batch: 1920/2963, Loss: 83.183, Trans_L2_m: 0.978, Yaw_err_deg: 1.035
Epoch: [19/25], Batch: 1930/2963, Loss: 92.370, Trans_L2_m: 1.158, Yaw_err_deg: 1.162
Epoch: [19/25], Batch: 1940/2963, Loss: 81.139, Trans_L2_m: 1.265, Yaw_err_deg: 0.756
Epoch: [19/25], Batch: 1950/2963, Loss: 64.424, Trans_L2_m: 0.992, Yaw_err_deg: 1.109
Epoch: [19/25], Batch: 1960/2963, Loss: 68.813, Trans_L2_m: 0.879, Yaw_err_deg: 0.806
Epoch: [19/25], Batch: 1970/2963, Loss: 76.637, Trans_L2_m: 1.159, Yaw_err_deg: 1.059
Epoch: [19/25], Batch: 1980/2963, Loss: 69.957, Trans_L2_m: 1.071, Yaw_err_deg: 0.982
Epoch: [19/25], Batch: 1990/2963, Loss: 92.877, Trans_L2_m: 1.335, Yaw_err_deg: 0.800
Epoch: [19/25], Batch: 2000/2963, Loss: 79.519, Trans_L2_m: 1.194, Yaw_err_deg: 0.890
Epoch: [19/25], Batch: 2010/2963, Loss: 70.145, Trans_L2_m: 0.852, Yaw_err_deg: 0.903
Epoch: [19/25], Batch: 2020/2963, Loss: 74.555, Trans_L2_m: 0.940, Yaw_err_deg: 0.625
Epoch: [19/25], Batch: 2030/2963, Loss: 58.347, Trans_L2_m: 0.776, Yaw_err_deg: 0.791
Epoch: [19/25], Batch: 2040/2963, Loss: 57.495, Trans_L2_m: 0.687, Yaw_err_deg: 0.531
Epoch: [19/25], Batch: 2050/2963, Loss: 73.746, Trans_L2_m: 1.068, Yaw_err_deg: 0.618
Epoch: [19/25], Batch: 2060/2963, Loss: 67.152, Trans_L2_m: 1.009, Yaw_err_deg: 1.110
Epoch: [19/25], Batch: 2070/2963, Loss: 80.777, Trans_L2_m: 1.296, Yaw_err_deg: 0.620
Epoch: [19/25], Batch: 2080/2963, Loss: 74.765, Trans_L2_m: 0.908, Yaw_err_deg: 1.112
Epoch: [19/25], Batch: 2090/2963, Loss: 66.302, Trans_L2_m: 1.087, Yaw_err_deg: 0.812
Epoch: [19/25], Batch: 2100/2963, Loss: 80.152, Trans_L2_m: 1.211, Yaw_err_deg: 0.932
Epoch: [19/25], Batch: 2110/2963, Loss: 75.149, Trans_L2_m: 0.932, Yaw_err_deg: 0.838
Epoch: [19/25], Batch: 2120/2963, Loss: 66.784, Trans_L2_m: 0.814, Yaw_err_deg: 0.674
Epoch: [19/25], Batch: 2130/2963, Loss: 77.259, Trans_L2_m: 0.905, Yaw_err_deg: 1.047
Epoch: [19/25], Batch: 2140/2963, Loss: 66.477, Trans_L2_m: 0.663, Yaw_err_deg: 0.900
Epoch: [19/25], Batch: 2150/2963, Loss: 69.192, Trans_L2_m: 0.911, Yaw_err_deg: 0.825
Epoch: [19/25], Batch: 2160/2963, Loss: 80.792, Trans_L2_m: 1.005, Yaw_err_deg: 1.096
Epoch: [19/25], Batch: 2170/2963, Loss: 73.202, Trans_L2_m: 0.976, Yaw_err_deg: 0.752
Epoch: [19/25], Batch: 2180/2963, Loss: 78.145, Trans_L2_m: 1.130, Yaw_err_deg: 0.656
Epoch: [19/25], Batch: 2190/2963, Loss: 66.090, Trans_L2_m: 0.755, Yaw_err_deg: 0.792
Epoch: [19/25], Batch: 2200/2963, Loss: 71.391, Trans_L2_m: 1.012, Yaw_err_deg: 0.772
Epoch: [19/25], Batch: 2210/2963, Loss: 113.740, Trans_L2_m: 1.651, Yaw_err_deg: 0.920
Epoch: [19/25], Batch: 2220/2963, Loss: 75.471, Trans_L2_m: 1.071, Yaw_err_deg: 0.883
Epoch: [19/25], Batch: 2230/2963, Loss: 70.020, Trans_L2_m: 1.126, Yaw_err_deg: 0.667
Epoch: [19/25], Batch: 2240/2963, Loss: 67.723, Trans_L2_m: 0.823, Yaw_err_deg: 0.800
Epoch: [19/25], Batch: 2250/2963, Loss: 77.410, Trans_L2_m: 0.885, Yaw_err_deg: 0.963
Epoch: [19/25], Batch: 2260/2963, Loss: 75.774, Trans_L2_m: 1.248, Yaw_err_deg: 0.986
Epoch: [19/25], Batch: 2270/2963, Loss: 79.834, Trans_L2_m: 1.282, Yaw_err_deg: 0.984
Epoch: [19/25], Batch: 2280/2963, Loss: 81.072, Trans_L2_m: 1.384, Yaw_err_deg: 1.018
Epoch: [19/25], Batch: 2290/2963, Loss: 76.875, Trans_L2_m: 1.409, Yaw_err_deg: 0.620
Epoch: [19/25], Batch: 2300/2963, Loss: 67.234, Trans_L2_m: 0.858, Yaw_err_deg: 0.915
Epoch: [19/25], Batch: 2310/2963, Loss: 85.531, Trans_L2_m: 1.275, Yaw_err_deg: 0.749
Epoch: [19/25], Batch: 2320/2963, Loss: 92.794, Trans_L2_m: 1.245, Yaw_err_deg: 0.824
Epoch: [19/25], Batch: 2330/2963, Loss: 62.624, Trans_L2_m: 0.907, Yaw_err_deg: 1.011
Epoch: [19/25], Batch: 2340/2963, Loss: 78.941, Trans_L2_m: 1.219, Yaw_err_deg: 0.717
Epoch: [19/25], Batch: 2350/2963, Loss: 71.260, Trans_L2_m: 0.955, Yaw_err_deg: 0.571
Epoch: [19/25], Batch: 2360/2963, Loss: 63.272, Trans_L2_m: 0.991, Yaw_err_deg: 0.741
Epoch: [19/25], Batch: 2370/2963, Loss: 67.052, Trans_L2_m: 1.115, Yaw_err_deg: 0.676
Epoch: [19/25], Batch: 2380/2963, Loss: 65.172, Trans_L2_m: 0.768, Yaw_err_deg: 0.770
Epoch: [19/25], Batch: 2390/2963, Loss: 69.615, Trans_L2_m: 0.803, Yaw_err_deg: 0.752
Epoch: [19/25], Batch: 2400/2963, Loss: 77.694, Trans_L2_m: 0.943, Yaw_err_deg: 0.863
Epoch: [19/25], Batch: 2410/2963, Loss: 71.216, Trans_L2_m: 0.888, Yaw_err_deg: 0.897
Epoch: [19/25], Batch: 2420/2963, Loss: 68.643, Trans_L2_m: 1.041, Yaw_err_deg: 0.757
Epoch: [19/25], Batch: 2430/2963, Loss: 76.882, Trans_L2_m: 1.019, Yaw_err_deg: 0.792
Epoch: [19/25], Batch: 2440/2963, Loss: 65.014, Trans_L2_m: 1.000, Yaw_err_deg: 0.933
Epoch: [19/25], Batch: 2450/2963, Loss: 73.796, Trans_L2_m: 1.001, Yaw_err_deg: 1.024
Epoch: [19/25], Batch: 2460/2963, Loss: 81.957, Trans_L2_m: 1.162, Yaw_err_deg: 0.927
Epoch: [19/25], Batch: 2470/2963, Loss: 69.631, Trans_L2_m: 0.777, Yaw_err_deg: 0.813
Epoch: [19/25], Batch: 2480/2963, Loss: 66.982, Trans_L2_m: 0.974, Yaw_err_deg: 0.737
Epoch: [19/25], Batch: 2490/2963, Loss: 73.677, Trans_L2_m: 1.042, Yaw_err_deg: 1.133
Epoch: [19/25], Batch: 2500/2963, Loss: 77.637, Trans_L2_m: 1.081, Yaw_err_deg: 0.849
Epoch: [19/25], Batch: 2510/2963, Loss: 59.055, Trans_L2_m: 0.750, Yaw_err_deg: 0.848
Epoch: [19/25], Batch: 2520/2963, Loss: 66.967, Trans_L2_m: 1.001, Yaw_err_deg: 0.450
Epoch: [19/25], Batch: 2530/2963, Loss: 77.957, Trans_L2_m: 1.130, Yaw_err_deg: 0.861
Epoch: [19/25], Batch: 2540/2963, Loss: 75.399, Trans_L2_m: 0.778, Yaw_err_deg: 0.909
Epoch: [19/25], Batch: 2550/2963, Loss: 78.826, Trans_L2_m: 1.001, Yaw_err_deg: 0.871
Epoch: [19/25], Batch: 2560/2963, Loss: 69.016, Trans_L2_m: 0.776, Yaw_err_deg: 0.661
Epoch: [19/25], Batch: 2570/2963, Loss: 72.944, Trans_L2_m: 1.250, Yaw_err_deg: 0.844
Epoch: [19/25], Batch: 2580/2963, Loss: 71.718, Trans_L2_m: 1.079, Yaw_err_deg: 0.817
Epoch: [19/25], Batch: 2590/2963, Loss: 79.794, Trans_L2_m: 1.185, Yaw_err_deg: 0.688
Epoch: [19/25], Batch: 2600/2963, Loss: 73.187, Trans_L2_m: 1.073, Yaw_err_deg: 0.648
Epoch: [19/25], Batch: 2610/2963, Loss: 71.717, Trans_L2_m: 1.167, Yaw_err_deg: 0.928
Epoch: [19/25], Batch: 2620/2963, Loss: 69.925, Trans_L2_m: 1.029, Yaw_err_deg: 0.869
Epoch: [19/25], Batch: 2630/2963, Loss: 91.478, Trans_L2_m: 1.150, Yaw_err_deg: 1.263
Epoch: [19/25], Batch: 2640/2963, Loss: 72.069, Trans_L2_m: 1.157, Yaw_err_deg: 0.673
Epoch: [19/25], Batch: 2650/2963, Loss: 70.310, Trans_L2_m: 1.055, Yaw_err_deg: 0.759
Epoch: [19/25], Batch: 2660/2963, Loss: 62.186, Trans_L2_m: 0.804, Yaw_err_deg: 0.851
Epoch: [19/25], Batch: 2670/2963, Loss: 70.949, Trans_L2_m: 0.902, Yaw_err_deg: 1.008
Epoch: [19/25], Batch: 2680/2963, Loss: 94.655, Trans_L2_m: 1.332, Yaw_err_deg: 0.940
Epoch: [19/25], Batch: 2690/2963, Loss: 63.903, Trans_L2_m: 0.898, Yaw_err_deg: 0.526
Epoch: [19/25], Batch: 2700/2963, Loss: 81.478, Trans_L2_m: 0.892, Yaw_err_deg: 0.894
Epoch: [19/25], Batch: 2710/2963, Loss: 65.965, Trans_L2_m: 1.149, Yaw_err_deg: 0.912
Epoch: [19/25], Batch: 2720/2963, Loss: 68.147, Trans_L2_m: 1.193, Yaw_err_deg: 1.005
Epoch: [19/25], Batch: 2730/2963, Loss: 64.214, Trans_L2_m: 0.624, Yaw_err_deg: 0.857
Epoch: [19/25], Batch: 2740/2963, Loss: 76.450, Trans_L2_m: 0.934, Yaw_err_deg: 0.988
Epoch: [19/25], Batch: 2750/2963, Loss: 84.565, Trans_L2_m: 1.123, Yaw_err_deg: 0.919
Epoch: [19/25], Batch: 2760/2963, Loss: 73.163, Trans_L2_m: 1.164, Yaw_err_deg: 0.883
Epoch: [19/25], Batch: 2770/2963, Loss: 72.187, Trans_L2_m: 1.207, Yaw_err_deg: 0.917
Epoch: [19/25], Batch: 2780/2963, Loss: 66.135, Trans_L2_m: 0.891, Yaw_err_deg: 0.777
Epoch: [19/25], Batch: 2790/2963, Loss: 85.924, Trans_L2_m: 1.246, Yaw_err_deg: 0.724
Epoch: [19/25], Batch: 2800/2963, Loss: 71.165, Trans_L2_m: 1.103, Yaw_err_deg: 0.785
Epoch: [19/25], Batch: 2810/2963, Loss: 87.364, Trans_L2_m: 1.134, Yaw_err_deg: 1.031
Epoch: [19/25], Batch: 2820/2963, Loss: 61.172, Trans_L2_m: 0.532, Yaw_err_deg: 0.946
Epoch: [19/25], Batch: 2830/2963, Loss: 63.307, Trans_L2_m: 1.158, Yaw_err_deg: 0.795
Epoch: [19/25], Batch: 2840/2963, Loss: 66.782, Trans_L2_m: 1.149, Yaw_err_deg: 0.825
Epoch: [19/25], Batch: 2850/2963, Loss: 79.912, Trans_L2_m: 1.519, Yaw_err_deg: 0.485
Epoch: [19/25], Batch: 2860/2963, Loss: 59.842, Trans_L2_m: 0.765, Yaw_err_deg: 0.788
Epoch: [19/25], Batch: 2870/2963, Loss: 78.008, Trans_L2_m: 1.012, Yaw_err_deg: 0.632
Epoch: [19/25], Batch: 2880/2963, Loss: 68.488, Trans_L2_m: 0.998, Yaw_err_deg: 0.874
Epoch: [19/25], Batch: 2890/2963, Loss: 91.287, Trans_L2_m: 1.250, Yaw_err_deg: 1.075
Epoch: [19/25], Batch: 2900/2963, Loss: 100.087, Trans_L2_m: 1.185, Yaw_err_deg: 0.740
Epoch: [19/25], Batch: 2910/2963, Loss: 69.220, Trans_L2_m: 1.016, Yaw_err_deg: 0.648
Epoch: [19/25], Batch: 2920/2963, Loss: 78.581, Trans_L2_m: 0.906, Yaw_err_deg: 1.039
Epoch: [19/25], Batch: 2930/2963, Loss: 66.038, Trans_L2_m: 0.963, Yaw_err_deg: 0.809
Epoch: [19/25], Batch: 2940/2963, Loss: 63.838, Trans_L2_m: 1.048, Yaw_err_deg: 0.875
Epoch: [19/25], Batch: 2950/2963, Loss: 126.456, Trans_L2_m: 1.801, Yaw_err_deg: 1.126
Epoch: [19/25], Batch: 2960/2963, Loss: 72.764, Trans_L2_m: 0.705, Yaw_err_deg: 1.052
Epoch: [20/25], Batch: 0/2963, Loss: 64.169, Trans_L2_m: 0.852, Yaw_err_deg: 0.531
Epoch: [20/25], Batch: 10/2963, Loss: 76.724, Trans_L2_m: 0.916, Yaw_err_deg: 1.156
Epoch: [20/25], Batch: 20/2963, Loss: 70.525, Trans_L2_m: 0.950, Yaw_err_deg: 0.811
Epoch: [20/25], Batch: 30/2963, Loss: 66.676, Trans_L2_m: 0.914, Yaw_err_deg: 0.720
Epoch: [20/25], Batch: 40/2963, Loss: 70.341, Trans_L2_m: 1.025, Yaw_err_deg: 0.950
Epoch: [20/25], Batch: 50/2963, Loss: 87.949, Trans_L2_m: 1.128, Yaw_err_deg: 0.994
Epoch: [20/25], Batch: 60/2963, Loss: 61.039, Trans_L2_m: 1.097, Yaw_err_deg: 0.735
Epoch: [20/25], Batch: 70/2963, Loss: 63.680, Trans_L2_m: 1.099, Yaw_err_deg: 0.736
Epoch: [20/25], Batch: 80/2963, Loss: 63.420, Trans_L2_m: 0.889, Yaw_err_deg: 0.869
Epoch: [20/25], Batch: 90/2963, Loss: 66.912, Trans_L2_m: 0.992, Yaw_err_deg: 0.635
Epoch: [20/25], Batch: 100/2963, Loss: 65.900, Trans_L2_m: 1.152, Yaw_err_deg: 0.699
Epoch: [20/25], Batch: 110/2963, Loss: 53.935, Trans_L2_m: 0.608, Yaw_err_deg: 0.569
Epoch: [20/25], Batch: 120/2963, Loss: 69.792, Trans_L2_m: 0.984, Yaw_err_deg: 0.884
Epoch: [20/25], Batch: 130/2963, Loss: 74.196, Trans_L2_m: 1.019, Yaw_err_deg: 0.967
Epoch: [20/25], Batch: 140/2963, Loss: 64.680, Trans_L2_m: 0.737, Yaw_err_deg: 0.816
Epoch: [20/25], Batch: 150/2963, Loss: 72.808, Trans_L2_m: 0.908, Yaw_err_deg: 0.897
Epoch: [20/25], Batch: 160/2963, Loss: 72.270, Trans_L2_m: 0.861, Yaw_err_deg: 0.852
Epoch: [20/25], Batch: 170/2963, Loss: 66.091, Trans_L2_m: 0.870, Yaw_err_deg: 0.668
Epoch: [20/25], Batch: 180/2963, Loss: 67.921, Trans_L2_m: 0.660, Yaw_err_deg: 0.916
Epoch: [20/25], Batch: 190/2963, Loss: 71.538, Trans_L2_m: 1.027, Yaw_err_deg: 1.066
Epoch: [20/25], Batch: 200/2963, Loss: 60.227, Trans_L2_m: 0.784, Yaw_err_deg: 0.960
Epoch: [20/25], Batch: 210/2963, Loss: 62.041, Trans_L2_m: 1.001, Yaw_err_deg: 0.768
Epoch: [20/25], Batch: 220/2963, Loss: 74.385, Trans_L2_m: 1.093, Yaw_err_deg: 1.053
Epoch: [20/25], Batch: 230/2963, Loss: 61.412, Trans_L2_m: 0.853, Yaw_err_deg: 1.125
Epoch: [20/25], Batch: 240/2963, Loss: 71.780, Trans_L2_m: 1.351, Yaw_err_deg: 0.827
Epoch: [20/25], Batch: 250/2963, Loss: 83.440, Trans_L2_m: 1.115, Yaw_err_deg: 1.192
Epoch: [20/25], Batch: 260/2963, Loss: 63.058, Trans_L2_m: 1.101, Yaw_err_deg: 0.873
Epoch: [20/25], Batch: 270/2963, Loss: 53.915, Trans_L2_m: 0.714, Yaw_err_deg: 0.574
Epoch: [20/25], Batch: 280/2963, Loss: 76.315, Trans_L2_m: 0.883, Yaw_err_deg: 0.687
Epoch: [20/25], Batch: 290/2963, Loss: 72.299, Trans_L2_m: 1.088, Yaw_err_deg: 0.709
Epoch: [20/25], Batch: 300/2963, Loss: 74.052, Trans_L2_m: 1.096, Yaw_err_deg: 0.687
Epoch: [20/25], Batch: 310/2963, Loss: 65.162, Trans_L2_m: 0.969, Yaw_err_deg: 0.558
Epoch: [20/25], Batch: 320/2963, Loss: 68.370, Trans_L2_m: 0.920, Yaw_err_deg: 0.724
Epoch: [20/25], Batch: 330/2963, Loss: 73.629, Trans_L2_m: 0.982, Yaw_err_deg: 0.949
Epoch: [20/25], Batch: 340/2963, Loss: 59.797, Trans_L2_m: 0.757, Yaw_err_deg: 0.661
Epoch: [20/25], Batch: 350/2963, Loss: 66.551, Trans_L2_m: 1.070, Yaw_err_deg: 0.459
Epoch: [20/25], Batch: 360/2963, Loss: 67.228, Trans_L2_m: 0.803, Yaw_err_deg: 0.835
Epoch: [20/25], Batch: 370/2963, Loss: 76.282, Trans_L2_m: 1.004, Yaw_err_deg: 1.085
Epoch: [20/25], Batch: 380/2963, Loss: 57.244, Trans_L2_m: 0.771, Yaw_err_deg: 0.867
Epoch: [20/25], Batch: 390/2963, Loss: 72.901, Trans_L2_m: 1.106, Yaw_err_deg: 0.822
Epoch: [20/25], Batch: 400/2963, Loss: 57.045, Trans_L2_m: 0.751, Yaw_err_deg: 0.852
Epoch: [20/25], Batch: 410/2963, Loss: 99.721, Trans_L2_m: 1.687, Yaw_err_deg: 0.719
Epoch: [20/25], Batch: 420/2963, Loss: 67.900, Trans_L2_m: 1.008, Yaw_err_deg: 0.816
Epoch: [20/25], Batch: 430/2963, Loss: 63.827, Trans_L2_m: 0.847, Yaw_err_deg: 0.608
Epoch: [20/25], Batch: 440/2963, Loss: 68.970, Trans_L2_m: 1.223, Yaw_err_deg: 0.545
Epoch: [20/25], Batch: 450/2963, Loss: 68.885, Trans_L2_m: 1.038, Yaw_err_deg: 0.926
Epoch: [20/25], Batch: 460/2963, Loss: 64.610, Trans_L2_m: 0.891, Yaw_err_deg: 0.953
Epoch: [20/25], Batch: 470/2963, Loss: 61.753, Trans_L2_m: 1.070, Yaw_err_deg: 0.648
Epoch: [20/25], Batch: 480/2963, Loss: 69.842, Trans_L2_m: 1.183, Yaw_err_deg: 0.841
Epoch: [20/25], Batch: 490/2963, Loss: 67.885, Trans_L2_m: 0.898, Yaw_err_deg: 0.819
Epoch: [20/25], Batch: 500/2963, Loss: 68.542, Trans_L2_m: 1.066, Yaw_err_deg: 0.761
Epoch: [20/25], Batch: 510/2963, Loss: 82.270, Trans_L2_m: 1.363, Yaw_err_deg: 0.799
Epoch: [20/25], Batch: 520/2963, Loss: 71.902, Trans_L2_m: 1.113, Yaw_err_deg: 0.974
Epoch: [20/25], Batch: 530/2963, Loss: 68.603, Trans_L2_m: 0.897, Yaw_err_deg: 0.880
Epoch: [20/25], Batch: 540/2963, Loss: 64.334, Trans_L2_m: 0.960, Yaw_err_deg: 0.905
Epoch: [20/25], Batch: 550/2963, Loss: 70.192, Trans_L2_m: 1.017, Yaw_err_deg: 0.716
Epoch: [20/25], Batch: 560/2963, Loss: 72.185, Trans_L2_m: 1.122, Yaw_err_deg: 0.939
Epoch: [20/25], Batch: 570/2963, Loss: 112.860, Trans_L2_m: 1.637, Yaw_err_deg: 0.848
Epoch: [20/25], Batch: 580/2963, Loss: 80.958, Trans_L2_m: 1.036, Yaw_err_deg: 1.226
Epoch: [20/25], Batch: 590/2963, Loss: 70.491, Trans_L2_m: 1.195, Yaw_err_deg: 0.527
Epoch: [20/25], Batch: 600/2963, Loss: 74.671, Trans_L2_m: 1.246, Yaw_err_deg: 0.960
Epoch: [20/25], Batch: 610/2963, Loss: 61.982, Trans_L2_m: 1.025, Yaw_err_deg: 0.675
Epoch: [20/25], Batch: 620/2963, Loss: 58.496, Trans_L2_m: 0.739, Yaw_err_deg: 0.777
Epoch: [20/25], Batch: 630/2963, Loss: 62.612, Trans_L2_m: 0.986, Yaw_err_deg: 0.939
Epoch: [20/25], Batch: 640/2963, Loss: 80.450, Trans_L2_m: 1.002, Yaw_err_deg: 0.867
Epoch: [20/25], Batch: 650/2963, Loss: 74.956, Trans_L2_m: 1.165, Yaw_err_deg: 0.864
Epoch: [20/25], Batch: 660/2963, Loss: 90.758, Trans_L2_m: 1.398, Yaw_err_deg: 0.833
Epoch: [20/25], Batch: 670/2963, Loss: 59.897, Trans_L2_m: 0.700, Yaw_err_deg: 0.756
Epoch: [20/25], Batch: 680/2963, Loss: 61.405, Trans_L2_m: 0.678, Yaw_err_deg: 0.624
Epoch: [20/25], Batch: 690/2963, Loss: 79.082, Trans_L2_m: 1.234, Yaw_err_deg: 1.060
Epoch: [20/25], Batch: 700/2963, Loss: 70.492, Trans_L2_m: 1.262, Yaw_err_deg: 0.670
Epoch: [20/25], Batch: 710/2963, Loss: 67.776, Trans_L2_m: 1.064, Yaw_err_deg: 0.992
Epoch: [20/25], Batch: 720/2963, Loss: 64.676, Trans_L2_m: 0.761, Yaw_err_deg: 0.813
Epoch: [20/25], Batch: 730/2963, Loss: 66.705, Trans_L2_m: 0.845, Yaw_err_deg: 1.181
Epoch: [20/25], Batch: 740/2963, Loss: 67.402, Trans_L2_m: 0.766, Yaw_err_deg: 0.799
Epoch: [20/25], Batch: 750/2963, Loss: 69.063, Trans_L2_m: 0.714, Yaw_err_deg: 0.609
Epoch: [20/25], Batch: 760/2963, Loss: 61.078, Trans_L2_m: 0.885, Yaw_err_deg: 0.618
Epoch: [20/25], Batch: 770/2963, Loss: 71.086, Trans_L2_m: 1.090, Yaw_err_deg: 0.726
Epoch: [20/25], Batch: 780/2963, Loss: 67.926, Trans_L2_m: 1.061, Yaw_err_deg: 0.897
Epoch: [20/25], Batch: 790/2963, Loss: 83.124, Trans_L2_m: 1.286, Yaw_err_deg: 1.094
Epoch: [20/25], Batch: 800/2963, Loss: 60.903, Trans_L2_m: 0.774, Yaw_err_deg: 0.803
Epoch: [20/25], Batch: 810/2963, Loss: 68.370, Trans_L2_m: 0.717, Yaw_err_deg: 0.678
Epoch: [20/25], Batch: 820/2963, Loss: 59.234, Trans_L2_m: 0.440, Yaw_err_deg: 0.503
Epoch: [20/25], Batch: 830/2963, Loss: 69.471, Trans_L2_m: 0.953, Yaw_err_deg: 0.859
Epoch: [20/25], Batch: 840/2963, Loss: 94.429, Trans_L2_m: 0.995, Yaw_err_deg: 0.871
Epoch: [20/25], Batch: 850/2963, Loss: 71.296, Trans_L2_m: 0.801, Yaw_err_deg: 0.864
Epoch: [20/25], Batch: 860/2963, Loss: 77.512, Trans_L2_m: 1.109, Yaw_err_deg: 0.836
Epoch: [20/25], Batch: 870/2963, Loss: 64.068, Trans_L2_m: 0.738, Yaw_err_deg: 0.716
Epoch: [20/25], Batch: 880/2963, Loss: 69.159, Trans_L2_m: 0.920, Yaw_err_deg: 0.615
Epoch: [20/25], Batch: 890/2963, Loss: 91.455, Trans_L2_m: 1.484, Yaw_err_deg: 0.764
Epoch: [20/25], Batch: 900/2963, Loss: 72.364, Trans_L2_m: 0.877, Yaw_err_deg: 0.718
Epoch: [20/25], Batch: 910/2963, Loss: 72.691, Trans_L2_m: 1.092, Yaw_err_deg: 0.873
Epoch: [20/25], Batch: 920/2963, Loss: 78.657, Trans_L2_m: 1.207, Yaw_err_deg: 1.185
Epoch: [20/25], Batch: 930/2963, Loss: 66.961, Trans_L2_m: 1.164, Yaw_err_deg: 0.629
Epoch: [20/25], Batch: 940/2963, Loss: 124.788, Trans_L2_m: 1.753, Yaw_err_deg: 1.330
Epoch: [20/25], Batch: 950/2963, Loss: 63.733, Trans_L2_m: 0.995, Yaw_err_deg: 0.742
Epoch: [20/25], Batch: 960/2963, Loss: 97.537, Trans_L2_m: 1.531, Yaw_err_deg: 0.590
Epoch: [20/25], Batch: 970/2963, Loss: 66.786, Trans_L2_m: 0.729, Yaw_err_deg: 0.740
Epoch: [20/25], Batch: 980/2963, Loss: 57.689, Trans_L2_m: 0.719, Yaw_err_deg: 0.554
Epoch: [20/25], Batch: 990/2963, Loss: 71.049, Trans_L2_m: 0.845, Yaw_err_deg: 0.739
Epoch: [20/25], Batch: 1000/2963, Loss: 70.025, Trans_L2_m: 0.778, Yaw_err_deg: 1.255
Epoch: [20/25], Batch: 1010/2963, Loss: 75.420, Trans_L2_m: 1.212, Yaw_err_deg: 0.798
Epoch: [20/25], Batch: 1020/2963, Loss: 76.079, Trans_L2_m: 1.084, Yaw_err_deg: 0.900
Epoch: [20/25], Batch: 1030/2963, Loss: 78.843, Trans_L2_m: 1.318, Yaw_err_deg: 0.817
Epoch: [20/25], Batch: 1040/2963, Loss: 84.019, Trans_L2_m: 0.974, Yaw_err_deg: 1.122
Epoch: [20/25], Batch: 1050/2963, Loss: 74.987, Trans_L2_m: 1.183, Yaw_err_deg: 0.714
Epoch: [20/25], Batch: 1060/2963, Loss: 67.815, Trans_L2_m: 0.896, Yaw_err_deg: 0.976
Epoch: [20/25], Batch: 1070/2963, Loss: 70.387, Trans_L2_m: 0.881, Yaw_err_deg: 0.947
Epoch: [20/25], Batch: 1080/2963, Loss: 65.491, Trans_L2_m: 1.105, Yaw_err_deg: 0.640
Epoch: [20/25], Batch: 1090/2963, Loss: 62.972, Trans_L2_m: 0.790, Yaw_err_deg: 0.888
Epoch: [20/25], Batch: 1100/2963, Loss: 98.034, Trans_L2_m: 1.409, Yaw_err_deg: 1.030
Epoch: [20/25], Batch: 1110/2963, Loss: 73.723, Trans_L2_m: 0.927, Yaw_err_deg: 0.682
Epoch: [20/25], Batch: 1120/2963, Loss: 60.762, Trans_L2_m: 0.876, Yaw_err_deg: 0.664
Epoch: [20/25], Batch: 1130/2963, Loss: 62.755, Trans_L2_m: 0.884, Yaw_err_deg: 0.758
Epoch: [20/25], Batch: 1140/2963, Loss: 73.735, Trans_L2_m: 0.705, Yaw_err_deg: 0.939
Epoch: [20/25], Batch: 1150/2963, Loss: 56.992, Trans_L2_m: 0.731, Yaw_err_deg: 0.531
Epoch: [20/25], Batch: 1160/2963, Loss: 58.798, Trans_L2_m: 0.639, Yaw_err_deg: 0.885
Epoch: [20/25], Batch: 1170/2963, Loss: 86.159, Trans_L2_m: 1.249, Yaw_err_deg: 0.802
Epoch: [20/25], Batch: 1180/2963, Loss: 78.669, Trans_L2_m: 0.796, Yaw_err_deg: 0.832
Epoch: [20/25], Batch: 1190/2963, Loss: 77.055, Trans_L2_m: 1.107, Yaw_err_deg: 0.613
Epoch: [20/25], Batch: 1200/2963, Loss: 67.359, Trans_L2_m: 0.949, Yaw_err_deg: 0.750
Epoch: [20/25], Batch: 1210/2963, Loss: 66.845, Trans_L2_m: 0.959, Yaw_err_deg: 1.230
Epoch: [20/25], Batch: 1220/2963, Loss: 71.419, Trans_L2_m: 1.141, Yaw_err_deg: 0.827
Epoch: [20/25], Batch: 1230/2963, Loss: 65.534, Trans_L2_m: 0.793, Yaw_err_deg: 0.659
Epoch: [20/25], Batch: 1240/2963, Loss: 67.933, Trans_L2_m: 1.036, Yaw_err_deg: 0.566
Epoch: [20/25], Batch: 1250/2963, Loss: 79.651, Trans_L2_m: 1.242, Yaw_err_deg: 0.716
Epoch: [20/25], Batch: 1260/2963, Loss: 60.141, Trans_L2_m: 0.821, Yaw_err_deg: 0.789
Epoch: [20/25], Batch: 1270/2963, Loss: 73.000, Trans_L2_m: 1.264, Yaw_err_deg: 0.676
Epoch: [20/25], Batch: 1280/2963, Loss: 79.597, Trans_L2_m: 1.257, Yaw_err_deg: 0.935
Epoch: [20/25], Batch: 1290/2963, Loss: 74.014, Trans_L2_m: 1.013, Yaw_err_deg: 0.868
Epoch: [20/25], Batch: 1300/2963, Loss: 63.744, Trans_L2_m: 0.796, Yaw_err_deg: 0.871
Epoch: [20/25], Batch: 1310/2963, Loss: 77.374, Trans_L2_m: 1.157, Yaw_err_deg: 0.857
Epoch: [20/25], Batch: 1320/2963, Loss: 67.340, Trans_L2_m: 1.180, Yaw_err_deg: 0.852
Epoch: [20/25], Batch: 1330/2963, Loss: 74.937, Trans_L2_m: 0.809, Yaw_err_deg: 0.968
Epoch: [20/25], Batch: 1340/2963, Loss: 65.539, Trans_L2_m: 0.997, Yaw_err_deg: 0.747
Epoch: [20/25], Batch: 1350/2963, Loss: 59.192, Trans_L2_m: 0.795, Yaw_err_deg: 0.507
Epoch: [20/25], Batch: 1360/2963, Loss: 67.474, Trans_L2_m: 0.941, Yaw_err_deg: 0.619
Epoch: [20/25], Batch: 1370/2963, Loss: 64.080, Trans_L2_m: 0.644, Yaw_err_deg: 1.100
Epoch: [20/25], Batch: 1380/2963, Loss: 61.557, Trans_L2_m: 0.974, Yaw_err_deg: 0.666
Epoch: [20/25], Batch: 1390/2963, Loss: 85.480, Trans_L2_m: 1.619, Yaw_err_deg: 0.804
Epoch: [20/25], Batch: 1400/2963, Loss: 83.943, Trans_L2_m: 1.247, Yaw_err_deg: 0.861
Epoch: [20/25], Batch: 1410/2963, Loss: 77.015, Trans_L2_m: 1.271, Yaw_err_deg: 0.801
Epoch: [20/25], Batch: 1420/2963, Loss: 60.370, Trans_L2_m: 0.983, Yaw_err_deg: 0.908
Epoch: [20/25], Batch: 1430/2963, Loss: 66.030, Trans_L2_m: 1.531, Yaw_err_deg: 0.512
Epoch: [20/25], Batch: 1440/2963, Loss: 65.444, Trans_L2_m: 0.721, Yaw_err_deg: 0.492
Epoch: [20/25], Batch: 1450/2963, Loss: 80.139, Trans_L2_m: 0.947, Yaw_err_deg: 0.877
Epoch: [20/25], Batch: 1460/2963, Loss: 57.634, Trans_L2_m: 0.847, Yaw_err_deg: 0.669
Epoch: [20/25], Batch: 1470/2963, Loss: 82.429, Trans_L2_m: 1.302, Yaw_err_deg: 0.725
Epoch: [20/25], Batch: 1480/2963, Loss: 54.371, Trans_L2_m: 0.760, Yaw_err_deg: 0.437
Epoch: [20/25], Batch: 1490/2963, Loss: 63.183, Trans_L2_m: 0.846, Yaw_err_deg: 0.959
Epoch: [20/25], Batch: 1500/2963, Loss: 74.917, Trans_L2_m: 1.029, Yaw_err_deg: 0.778
Epoch: [20/25], Batch: 1510/2963, Loss: 74.618, Trans_L2_m: 1.040, Yaw_err_deg: 0.887
Epoch: [20/25], Batch: 1520/2963, Loss: 65.966, Trans_L2_m: 0.849, Yaw_err_deg: 0.675
Epoch: [20/25], Batch: 1530/2963, Loss: 66.951, Trans_L2_m: 0.841, Yaw_err_deg: 0.875
Epoch: [20/25], Batch: 1540/2963, Loss: 69.264, Trans_L2_m: 0.989, Yaw_err_deg: 0.713
Epoch: [20/25], Batch: 1550/2963, Loss: 67.537, Trans_L2_m: 1.281, Yaw_err_deg: 0.579
Epoch: [20/25], Batch: 1560/2963, Loss: 80.120, Trans_L2_m: 1.121, Yaw_err_deg: 0.755
Epoch: [20/25], Batch: 1570/2963, Loss: 81.343, Trans_L2_m: 1.350, Yaw_err_deg: 0.564
Epoch: [20/25], Batch: 1580/2963, Loss: 78.544, Trans_L2_m: 1.241, Yaw_err_deg: 0.720
Epoch: [20/25], Batch: 1590/2963, Loss: 73.144, Trans_L2_m: 1.183, Yaw_err_deg: 0.688
Epoch: [20/25], Batch: 1600/2963, Loss: 65.276, Trans_L2_m: 0.754, Yaw_err_deg: 0.835
Epoch: [20/25], Batch: 1610/2963, Loss: 71.913, Trans_L2_m: 0.862, Yaw_err_deg: 0.991
Epoch: [20/25], Batch: 1620/2963, Loss: 72.816, Trans_L2_m: 1.284, Yaw_err_deg: 0.812
Epoch: [20/25], Batch: 1630/2963, Loss: 64.321, Trans_L2_m: 0.757, Yaw_err_deg: 0.878
Epoch: [20/25], Batch: 1640/2963, Loss: 69.997, Trans_L2_m: 0.883, Yaw_err_deg: 0.640
Epoch: [20/25], Batch: 1650/2963, Loss: 67.879, Trans_L2_m: 0.851, Yaw_err_deg: 1.011
Epoch: [20/25], Batch: 1660/2963, Loss: 71.526, Trans_L2_m: 1.161, Yaw_err_deg: 0.801
Epoch: [20/25], Batch: 1670/2963, Loss: 77.284, Trans_L2_m: 0.611, Yaw_err_deg: 1.421
Epoch: [20/25], Batch: 1680/2963, Loss: 68.899, Trans_L2_m: 0.902, Yaw_err_deg: 0.861
Epoch: [20/25], Batch: 1690/2963, Loss: 60.071, Trans_L2_m: 0.835, Yaw_err_deg: 0.657
Epoch: [20/25], Batch: 1700/2963, Loss: 72.394, Trans_L2_m: 0.852, Yaw_err_deg: 1.106
Epoch: [20/25], Batch: 1710/2963, Loss: 69.420, Trans_L2_m: 0.954, Yaw_err_deg: 0.859
Epoch: [20/25], Batch: 1720/2963, Loss: 67.713, Trans_L2_m: 0.907, Yaw_err_deg: 0.824
Epoch: [20/25], Batch: 1730/2963, Loss: 59.619, Trans_L2_m: 1.085, Yaw_err_deg: 0.593
Epoch: [20/25], Batch: 1740/2963, Loss: 78.040, Trans_L2_m: 1.265, Yaw_err_deg: 0.749
Epoch: [20/25], Batch: 1750/2963, Loss: 67.204, Trans_L2_m: 0.771, Yaw_err_deg: 0.686
Epoch: [20/25], Batch: 1760/2963, Loss: 67.486, Trans_L2_m: 0.965, Yaw_err_deg: 0.740
Epoch: [20/25], Batch: 1770/2963, Loss: 64.253, Trans_L2_m: 1.005, Yaw_err_deg: 0.963
Epoch: [20/25], Batch: 1780/2963, Loss: 78.541, Trans_L2_m: 1.138, Yaw_err_deg: 0.750
Epoch: [20/25], Batch: 1790/2963, Loss: 70.464, Trans_L2_m: 1.003, Yaw_err_deg: 0.886
Epoch: [20/25], Batch: 1800/2963, Loss: 83.567, Trans_L2_m: 1.189, Yaw_err_deg: 1.115
Epoch: [20/25], Batch: 1810/2963, Loss: 55.825, Trans_L2_m: 0.739, Yaw_err_deg: 0.680
Epoch: [20/25], Batch: 1820/2963, Loss: 60.709, Trans_L2_m: 0.710, Yaw_err_deg: 0.819
Epoch: [20/25], Batch: 1830/2963, Loss: 60.464, Trans_L2_m: 0.823, Yaw_err_deg: 1.027
Epoch: [20/25], Batch: 1840/2963, Loss: 83.096, Trans_L2_m: 1.253, Yaw_err_deg: 0.840
Epoch: [20/25], Batch: 1850/2963, Loss: 77.436, Trans_L2_m: 1.060, Yaw_err_deg: 0.901
Epoch: [20/25], Batch: 1860/2963, Loss: 70.991, Trans_L2_m: 0.624, Yaw_err_deg: 0.725
Epoch: [20/25], Batch: 1870/2963, Loss: 55.397, Trans_L2_m: 0.810, Yaw_err_deg: 0.740
Epoch: [20/25], Batch: 1880/2963, Loss: 78.206, Trans_L2_m: 0.856, Yaw_err_deg: 1.201
Epoch: [20/25], Batch: 1890/2963, Loss: 75.799, Trans_L2_m: 0.936, Yaw_err_deg: 0.773
Epoch: [20/25], Batch: 1900/2963, Loss: 64.854, Trans_L2_m: 0.728, Yaw_err_deg: 0.524
Epoch: [20/25], Batch: 1910/2963, Loss: 82.950, Trans_L2_m: 0.837, Yaw_err_deg: 1.007
Epoch: [20/25], Batch: 1920/2963, Loss: 67.040, Trans_L2_m: 0.787, Yaw_err_deg: 0.901
Epoch: [20/25], Batch: 1930/2963, Loss: 63.208, Trans_L2_m: 0.916, Yaw_err_deg: 0.731
Epoch: [20/25], Batch: 1940/2963, Loss: 64.044, Trans_L2_m: 0.867, Yaw_err_deg: 0.901
Epoch: [20/25], Batch: 1950/2963, Loss: 69.472, Trans_L2_m: 0.960, Yaw_err_deg: 0.688
Epoch: [20/25], Batch: 1960/2963, Loss: 71.797, Trans_L2_m: 0.875, Yaw_err_deg: 0.742
Epoch: [20/25], Batch: 1970/2963, Loss: 68.593, Trans_L2_m: 0.771, Yaw_err_deg: 0.714
Epoch: [20/25], Batch: 1980/2963, Loss: 64.311, Trans_L2_m: 0.665, Yaw_err_deg: 0.755
Epoch: [20/25], Batch: 1990/2963, Loss: 81.176, Trans_L2_m: 1.242, Yaw_err_deg: 0.716
Epoch: [20/25], Batch: 2000/2963, Loss: 81.027, Trans_L2_m: 0.981, Yaw_err_deg: 1.117
Epoch: [20/25], Batch: 2010/2963, Loss: 63.411, Trans_L2_m: 1.079, Yaw_err_deg: 0.722
Epoch: [20/25], Batch: 2020/2963, Loss: 73.866, Trans_L2_m: 1.350, Yaw_err_deg: 0.638
Epoch: [20/25], Batch: 2030/2963, Loss: 70.133, Trans_L2_m: 0.908, Yaw_err_deg: 0.893
Epoch: [20/25], Batch: 2040/2963, Loss: 59.292, Trans_L2_m: 0.905, Yaw_err_deg: 0.580
Epoch: [20/25], Batch: 2050/2963, Loss: 63.257, Trans_L2_m: 1.028, Yaw_err_deg: 0.794
Epoch: [20/25], Batch: 2060/2963, Loss: 65.203, Trans_L2_m: 0.966, Yaw_err_deg: 0.747
Epoch: [20/25], Batch: 2070/2963, Loss: 60.184, Trans_L2_m: 0.742, Yaw_err_deg: 0.769
Epoch: [20/25], Batch: 2080/2963, Loss: 65.349, Trans_L2_m: 1.036, Yaw_err_deg: 0.657
Epoch: [20/25], Batch: 2090/2963, Loss: 67.808, Trans_L2_m: 0.950, Yaw_err_deg: 0.890
Epoch: [20/25], Batch: 2100/2963, Loss: 65.192, Trans_L2_m: 0.978, Yaw_err_deg: 0.975
Epoch: [20/25], Batch: 2110/2963, Loss: 70.960, Trans_L2_m: 1.268, Yaw_err_deg: 0.780
Epoch: [20/25], Batch: 2120/2963, Loss: 67.737, Trans_L2_m: 1.109, Yaw_err_deg: 0.748
Epoch: [20/25], Batch: 2130/2963, Loss: 57.882, Trans_L2_m: 0.835, Yaw_err_deg: 0.741
Epoch: [20/25], Batch: 2140/2963, Loss: 85.183, Trans_L2_m: 1.209, Yaw_err_deg: 1.008
Epoch: [20/25], Batch: 2150/2963, Loss: 59.556, Trans_L2_m: 0.920, Yaw_err_deg: 0.730
Epoch: [20/25], Batch: 2160/2963, Loss: 63.532, Trans_L2_m: 1.045, Yaw_err_deg: 0.830
Epoch: [20/25], Batch: 2170/2963, Loss: 73.595, Trans_L2_m: 1.207, Yaw_err_deg: 0.948
Epoch: [20/25], Batch: 2180/2963, Loss: 64.502, Trans_L2_m: 1.059, Yaw_err_deg: 0.763
Epoch: [20/25], Batch: 2190/2963, Loss: 59.115, Trans_L2_m: 0.749, Yaw_err_deg: 0.741
Epoch: [20/25], Batch: 2200/2963, Loss: 61.943, Trans_L2_m: 0.887, Yaw_err_deg: 0.878
Epoch: [20/25], Batch: 2210/2963, Loss: 62.982, Trans_L2_m: 0.848, Yaw_err_deg: 0.682
Epoch: [20/25], Batch: 2220/2963, Loss: 78.842, Trans_L2_m: 1.079, Yaw_err_deg: 0.717
Epoch: [20/25], Batch: 2230/2963, Loss: 63.712, Trans_L2_m: 0.893, Yaw_err_deg: 0.804
Epoch: [20/25], Batch: 2240/2963, Loss: 58.053, Trans_L2_m: 1.086, Yaw_err_deg: 0.708
Epoch: [20/25], Batch: 2250/2963, Loss: 72.275, Trans_L2_m: 0.982, Yaw_err_deg: 0.812
Epoch: [20/25], Batch: 2260/2963, Loss: 60.070, Trans_L2_m: 0.871, Yaw_err_deg: 0.802
Epoch: [20/25], Batch: 2270/2963, Loss: 99.889, Trans_L2_m: 1.641, Yaw_err_deg: 1.024
Epoch: [20/25], Batch: 2280/2963, Loss: 84.663, Trans_L2_m: 1.230, Yaw_err_deg: 1.150
Epoch: [20/25], Batch: 2290/2963, Loss: 70.418, Trans_L2_m: 1.257, Yaw_err_deg: 0.749
Epoch: [20/25], Batch: 2300/2963, Loss: 65.851, Trans_L2_m: 0.839, Yaw_err_deg: 1.055
Epoch: [20/25], Batch: 2310/2963, Loss: 76.686, Trans_L2_m: 0.935, Yaw_err_deg: 1.107
Epoch: [20/25], Batch: 2320/2963, Loss: 69.790, Trans_L2_m: 0.813, Yaw_err_deg: 0.874
Epoch: [20/25], Batch: 2330/2963, Loss: 69.757, Trans_L2_m: 1.031, Yaw_err_deg: 0.891
Epoch: [20/25], Batch: 2340/2963, Loss: 60.569, Trans_L2_m: 0.907, Yaw_err_deg: 0.845
Epoch: [20/25], Batch: 2350/2963, Loss: 65.191, Trans_L2_m: 1.288, Yaw_err_deg: 0.690
Epoch: [20/25], Batch: 2360/2963, Loss: 75.511, Trans_L2_m: 1.167, Yaw_err_deg: 0.602
Epoch: [20/25], Batch: 2370/2963, Loss: 101.849, Trans_L2_m: 1.447, Yaw_err_deg: 0.773
Epoch: [20/25], Batch: 2380/2963, Loss: 72.780, Trans_L2_m: 1.187, Yaw_err_deg: 0.690
Epoch: [20/25], Batch: 2390/2963, Loss: 63.160, Trans_L2_m: 0.860, Yaw_err_deg: 0.680
Epoch: [20/25], Batch: 2400/2963, Loss: 64.278, Trans_L2_m: 0.945, Yaw_err_deg: 0.717
Epoch: [20/25], Batch: 2410/2963, Loss: 72.868, Trans_L2_m: 0.860, Yaw_err_deg: 0.896
Epoch: [20/25], Batch: 2420/2963, Loss: 60.583, Trans_L2_m: 0.617, Yaw_err_deg: 0.581
Epoch: [20/25], Batch: 2430/2963, Loss: 61.996, Trans_L2_m: 0.980, Yaw_err_deg: 0.655
Epoch: [20/25], Batch: 2440/2963, Loss: 60.336, Trans_L2_m: 0.753, Yaw_err_deg: 0.667
Epoch: [20/25], Batch: 2450/2963, Loss: 57.624, Trans_L2_m: 0.749, Yaw_err_deg: 0.691
Epoch: [20/25], Batch: 2460/2963, Loss: 62.760, Trans_L2_m: 0.896, Yaw_err_deg: 0.624
Epoch: [20/25], Batch: 2470/2963, Loss: 69.144, Trans_L2_m: 0.830, Yaw_err_deg: 0.893
Epoch: [20/25], Batch: 2480/2963, Loss: 77.274, Trans_L2_m: 0.958, Yaw_err_deg: 0.950
Epoch: [20/25], Batch: 2490/2963, Loss: 74.595, Trans_L2_m: 1.104, Yaw_err_deg: 0.673
Epoch: [20/25], Batch: 2500/2963, Loss: 76.100, Trans_L2_m: 0.876, Yaw_err_deg: 0.772
Epoch: [20/25], Batch: 2510/2963, Loss: 73.256, Trans_L2_m: 1.223, Yaw_err_deg: 0.734
Epoch: [20/25], Batch: 2520/2963, Loss: 68.064, Trans_L2_m: 0.901, Yaw_err_deg: 1.080
Epoch: [20/25], Batch: 2530/2963, Loss: 68.098, Trans_L2_m: 1.301, Yaw_err_deg: 0.453
Epoch: [20/25], Batch: 2540/2963, Loss: 71.592, Trans_L2_m: 0.884, Yaw_err_deg: 0.878
Epoch: [20/25], Batch: 2550/2963, Loss: 78.490, Trans_L2_m: 1.174, Yaw_err_deg: 1.147
Epoch: [20/25], Batch: 2560/2963, Loss: 64.678, Trans_L2_m: 0.803, Yaw_err_deg: 0.712
Epoch: [20/25], Batch: 2570/2963, Loss: 65.967, Trans_L2_m: 0.929, Yaw_err_deg: 0.847
Epoch: [20/25], Batch: 2580/2963, Loss: 62.407, Trans_L2_m: 0.844, Yaw_err_deg: 0.634
Epoch: [20/25], Batch: 2590/2963, Loss: 76.762, Trans_L2_m: 1.050, Yaw_err_deg: 0.690
Epoch: [20/25], Batch: 2600/2963, Loss: 60.644, Trans_L2_m: 0.859, Yaw_err_deg: 0.816
Epoch: [20/25], Batch: 2610/2963, Loss: 59.136, Trans_L2_m: 1.038, Yaw_err_deg: 0.638
Epoch: [20/25], Batch: 2620/2963, Loss: 61.290, Trans_L2_m: 0.791, Yaw_err_deg: 0.794
Epoch: [20/25], Batch: 2630/2963, Loss: 77.177, Trans_L2_m: 0.894, Yaw_err_deg: 0.997
Epoch: [20/25], Batch: 2640/2963, Loss: 85.918, Trans_L2_m: 1.054, Yaw_err_deg: 0.640
Epoch: [20/25], Batch: 2650/2963, Loss: 65.921, Trans_L2_m: 0.954, Yaw_err_deg: 0.792
Epoch: [20/25], Batch: 2660/2963, Loss: 80.368, Trans_L2_m: 0.806, Yaw_err_deg: 1.166
Epoch: [20/25], Batch: 2670/2963, Loss: 73.210, Trans_L2_m: 0.766, Yaw_err_deg: 0.774
Epoch: [20/25], Batch: 2680/2963, Loss: 66.278, Trans_L2_m: 0.873, Yaw_err_deg: 0.604
Epoch: [20/25], Batch: 2690/2963, Loss: 81.485, Trans_L2_m: 0.863, Yaw_err_deg: 1.082
Epoch: [20/25], Batch: 2700/2963, Loss: 163.330, Trans_L2_m: 2.047, Yaw_err_deg: 0.632
Epoch: [20/25], Batch: 2710/2963, Loss: 86.747, Trans_L2_m: 1.138, Yaw_err_deg: 0.746
Epoch: [20/25], Batch: 2720/2963, Loss: 72.630, Trans_L2_m: 1.033, Yaw_err_deg: 0.895
Epoch: [20/25], Batch: 2730/2963, Loss: 61.814, Trans_L2_m: 0.925, Yaw_err_deg: 0.417
Epoch: [20/25], Batch: 2740/2963, Loss: 62.526, Trans_L2_m: 0.902, Yaw_err_deg: 0.831
Epoch: [20/25], Batch: 2750/2963, Loss: 73.328, Trans_L2_m: 1.083, Yaw_err_deg: 0.996
Epoch: [20/25], Batch: 2760/2963, Loss: 82.782, Trans_L2_m: 0.886, Yaw_err_deg: 1.071
Epoch: [20/25], Batch: 2770/2963, Loss: 66.093, Trans_L2_m: 0.656, Yaw_err_deg: 0.512
Epoch: [20/25], Batch: 2780/2963, Loss: 64.391, Trans_L2_m: 1.055, Yaw_err_deg: 0.680
Epoch: [20/25], Batch: 2790/2963, Loss: 69.480, Trans_L2_m: 1.073, Yaw_err_deg: 0.821
Epoch: [20/25], Batch: 2800/2963, Loss: 76.290, Trans_L2_m: 0.977, Yaw_err_deg: 1.037
Epoch: [20/25], Batch: 2810/2963, Loss: 69.579, Trans_L2_m: 0.847, Yaw_err_deg: 0.427
Epoch: [20/25], Batch: 2820/2963, Loss: 63.423, Trans_L2_m: 0.736, Yaw_err_deg: 0.974
Epoch: [20/25], Batch: 2830/2963, Loss: 63.392, Trans_L2_m: 0.784, Yaw_err_deg: 0.582
Epoch: [20/25], Batch: 2840/2963, Loss: 63.815, Trans_L2_m: 0.756, Yaw_err_deg: 0.831
Epoch: [20/25], Batch: 2850/2963, Loss: 69.545, Trans_L2_m: 1.087, Yaw_err_deg: 0.730
Epoch: [20/25], Batch: 2860/2963, Loss: 67.177, Trans_L2_m: 0.866, Yaw_err_deg: 0.917
Epoch: [20/25], Batch: 2870/2963, Loss: 58.043, Trans_L2_m: 0.862, Yaw_err_deg: 0.773
Epoch: [20/25], Batch: 2880/2963, Loss: 67.111, Trans_L2_m: 0.893, Yaw_err_deg: 0.938
Epoch: [20/25], Batch: 2890/2963, Loss: 86.405, Trans_L2_m: 1.084, Yaw_err_deg: 0.884
Epoch: [20/25], Batch: 2900/2963, Loss: 65.454, Trans_L2_m: 0.950, Yaw_err_deg: 0.738
Epoch: [20/25], Batch: 2910/2963, Loss: 69.413, Trans_L2_m: 0.884, Yaw_err_deg: 0.919
Epoch: [20/25], Batch: 2920/2963, Loss: 82.244, Trans_L2_m: 1.276, Yaw_err_deg: 0.902
Epoch: [20/25], Batch: 2930/2963, Loss: 66.469, Trans_L2_m: 0.833, Yaw_err_deg: 0.643
Epoch: [20/25], Batch: 2940/2963, Loss: 90.243, Trans_L2_m: 1.426, Yaw_err_deg: 0.876
Epoch: [20/25], Batch: 2950/2963, Loss: 67.623, Trans_L2_m: 0.854, Yaw_err_deg: 0.841
Epoch: [20/25], Batch: 2960/2963, Loss: 80.712, Trans_L2_m: 0.891, Yaw_err_deg: 1.126
Validation loss (homography): 4745.2827
Avg batch time: 1165.23 ms, total: 377.836 s
[1;91mVal has no improvement vs 4605.474609375![0m
Epoch: [21/25], Batch: 0/2963, Loss: 59.874, Trans_L2_m: 0.927, Yaw_err_deg: 0.721
Epoch: [21/25], Batch: 10/2963, Loss: 64.447, Trans_L2_m: 0.663, Yaw_err_deg: 0.774
Epoch: [21/25], Batch: 20/2963, Loss: 70.394, Trans_L2_m: 0.896, Yaw_err_deg: 1.002
Epoch: [21/25], Batch: 30/2963, Loss: 65.964, Trans_L2_m: 0.785, Yaw_err_deg: 0.735
Epoch: [21/25], Batch: 40/2963, Loss: 70.127, Trans_L2_m: 0.793, Yaw_err_deg: 0.646
Epoch: [21/25], Batch: 50/2963, Loss: 64.636, Trans_L2_m: 0.959, Yaw_err_deg: 0.782
Epoch: [21/25], Batch: 60/2963, Loss: 88.298, Trans_L2_m: 1.296, Yaw_err_deg: 0.751
Epoch: [21/25], Batch: 70/2963, Loss: 68.312, Trans_L2_m: 0.846, Yaw_err_deg: 0.640
Epoch: [21/25], Batch: 80/2963, Loss: 73.219, Trans_L2_m: 0.926, Yaw_err_deg: 1.316
Epoch: [21/25], Batch: 90/2963, Loss: 73.261, Trans_L2_m: 0.943, Yaw_err_deg: 0.956
Epoch: [21/25], Batch: 100/2963, Loss: 55.299, Trans_L2_m: 0.733, Yaw_err_deg: 0.820
Epoch: [21/25], Batch: 110/2963, Loss: 70.489, Trans_L2_m: 0.788, Yaw_err_deg: 0.965
Epoch: [21/25], Batch: 120/2963, Loss: 59.001, Trans_L2_m: 0.754, Yaw_err_deg: 0.859
Epoch: [21/25], Batch: 130/2963, Loss: 60.115, Trans_L2_m: 0.926, Yaw_err_deg: 0.851
Epoch: [21/25], Batch: 140/2963, Loss: 61.967, Trans_L2_m: 0.937, Yaw_err_deg: 0.784
Epoch: [21/25], Batch: 150/2963, Loss: 61.554, Trans_L2_m: 0.810, Yaw_err_deg: 0.997
Epoch: [21/25], Batch: 160/2963, Loss: 70.350, Trans_L2_m: 1.088, Yaw_err_deg: 0.842
Epoch: [21/25], Batch: 170/2963, Loss: 69.744, Trans_L2_m: 1.096, Yaw_err_deg: 0.967
Epoch: [21/25], Batch: 180/2963, Loss: 81.059, Trans_L2_m: 1.023, Yaw_err_deg: 1.305
Epoch: [21/25], Batch: 190/2963, Loss: 106.763, Trans_L2_m: 0.851, Yaw_err_deg: 1.149
Epoch: [21/25], Batch: 200/2963, Loss: 63.340, Trans_L2_m: 0.820, Yaw_err_deg: 0.756
Epoch: [21/25], Batch: 210/2963, Loss: 70.351, Trans_L2_m: 0.991, Yaw_err_deg: 0.724
Epoch: [21/25], Batch: 220/2963, Loss: 70.019, Trans_L2_m: 1.039, Yaw_err_deg: 0.564
Epoch: [21/25], Batch: 230/2963, Loss: 68.474, Trans_L2_m: 0.848, Yaw_err_deg: 0.829
Epoch: [21/25], Batch: 240/2963, Loss: 63.833, Trans_L2_m: 0.859, Yaw_err_deg: 0.942
Epoch: [21/25], Batch: 250/2963, Loss: 66.300, Trans_L2_m: 0.762, Yaw_err_deg: 0.834
Epoch: [21/25], Batch: 260/2963, Loss: 64.065, Trans_L2_m: 1.067, Yaw_err_deg: 0.841
Epoch: [21/25], Batch: 270/2963, Loss: 69.572, Trans_L2_m: 0.976, Yaw_err_deg: 0.660
Epoch: [21/25], Batch: 280/2963, Loss: 66.804, Trans_L2_m: 0.948, Yaw_err_deg: 0.546
Epoch: [21/25], Batch: 290/2963, Loss: 68.922, Trans_L2_m: 0.913, Yaw_err_deg: 0.636
Epoch: [21/25], Batch: 300/2963, Loss: 76.134, Trans_L2_m: 0.808, Yaw_err_deg: 0.952
Epoch: [21/25], Batch: 310/2963, Loss: 57.598, Trans_L2_m: 1.052, Yaw_err_deg: 0.461
Epoch: [21/25], Batch: 320/2963, Loss: 69.756, Trans_L2_m: 0.931, Yaw_err_deg: 0.712
Epoch: [21/25], Batch: 330/2963, Loss: 74.342, Trans_L2_m: 1.074, Yaw_err_deg: 0.854
Epoch: [21/25], Batch: 340/2963, Loss: 59.375, Trans_L2_m: 0.725, Yaw_err_deg: 0.946
Epoch: [21/25], Batch: 350/2963, Loss: 59.506, Trans_L2_m: 0.814, Yaw_err_deg: 0.626
Epoch: [21/25], Batch: 360/2963, Loss: 71.825, Trans_L2_m: 1.418, Yaw_err_deg: 0.612
Epoch: [21/25], Batch: 370/2963, Loss: 81.178, Trans_L2_m: 1.128, Yaw_err_deg: 0.527
Epoch: [21/25], Batch: 380/2963, Loss: 61.063, Trans_L2_m: 0.617, Yaw_err_deg: 1.001
Epoch: [21/25], Batch: 390/2963, Loss: 67.757, Trans_L2_m: 1.255, Yaw_err_deg: 1.027
Epoch: [21/25], Batch: 400/2963, Loss: 56.086, Trans_L2_m: 0.831, Yaw_err_deg: 0.557
Epoch: [21/25], Batch: 410/2963, Loss: 65.200, Trans_L2_m: 0.962, Yaw_err_deg: 0.612
Epoch: [21/25], Batch: 420/2963, Loss: 66.783, Trans_L2_m: 0.769, Yaw_err_deg: 0.747
Epoch: [21/25], Batch: 430/2963, Loss: 55.739, Trans_L2_m: 0.778, Yaw_err_deg: 0.568
Epoch: [21/25], Batch: 440/2963, Loss: 86.153, Trans_L2_m: 1.391, Yaw_err_deg: 0.816
Epoch: [21/25], Batch: 450/2963, Loss: 76.290, Trans_L2_m: 1.014, Yaw_err_deg: 0.907
Epoch: [21/25], Batch: 460/2963, Loss: 77.295, Trans_L2_m: 1.219, Yaw_err_deg: 0.645
Epoch: [21/25], Batch: 470/2963, Loss: 53.604, Trans_L2_m: 0.789, Yaw_err_deg: 0.639
Epoch: [21/25], Batch: 480/2963, Loss: 56.465, Trans_L2_m: 0.887, Yaw_err_deg: 0.621
Epoch: [21/25], Batch: 490/2963, Loss: 66.337, Trans_L2_m: 0.670, Yaw_err_deg: 0.733
Epoch: [21/25], Batch: 500/2963, Loss: 71.751, Trans_L2_m: 1.004, Yaw_err_deg: 0.767
Epoch: [21/25], Batch: 510/2963, Loss: 59.780, Trans_L2_m: 0.755, Yaw_err_deg: 0.837
Epoch: [21/25], Batch: 520/2963, Loss: 74.007, Trans_L2_m: 1.132, Yaw_err_deg: 0.632
Epoch: [21/25], Batch: 530/2963, Loss: 67.320, Trans_L2_m: 1.078, Yaw_err_deg: 0.790
Epoch: [21/25], Batch: 540/2963, Loss: 96.103, Trans_L2_m: 1.144, Yaw_err_deg: 1.303
Epoch: [21/25], Batch: 550/2963, Loss: 68.922, Trans_L2_m: 0.794, Yaw_err_deg: 0.897
Epoch: [21/25], Batch: 560/2963, Loss: 66.099, Trans_L2_m: 0.924, Yaw_err_deg: 0.915
Epoch: [21/25], Batch: 570/2963, Loss: 64.740, Trans_L2_m: 0.886, Yaw_err_deg: 0.659
Epoch: [21/25], Batch: 580/2963, Loss: 74.668, Trans_L2_m: 0.659, Yaw_err_deg: 0.874
Epoch: [21/25], Batch: 590/2963, Loss: 123.851, Trans_L2_m: 1.511, Yaw_err_deg: 0.896
Epoch: [21/25], Batch: 600/2963, Loss: 58.332, Trans_L2_m: 0.931, Yaw_err_deg: 0.695
Epoch: [21/25], Batch: 610/2963, Loss: 63.871, Trans_L2_m: 0.853, Yaw_err_deg: 0.656
Epoch: [21/25], Batch: 620/2963, Loss: 76.568, Trans_L2_m: 1.092, Yaw_err_deg: 0.787
Epoch: [21/25], Batch: 630/2963, Loss: 65.621, Trans_L2_m: 0.893, Yaw_err_deg: 0.844
Epoch: [21/25], Batch: 640/2963, Loss: 67.401, Trans_L2_m: 0.948, Yaw_err_deg: 0.677
Epoch: [21/25], Batch: 650/2963, Loss: 63.711, Trans_L2_m: 0.839, Yaw_err_deg: 0.744
Epoch: [21/25], Batch: 660/2963, Loss: 59.322, Trans_L2_m: 0.691, Yaw_err_deg: 0.741
Epoch: [21/25], Batch: 670/2963, Loss: 61.957, Trans_L2_m: 0.691, Yaw_err_deg: 0.857
Epoch: [21/25], Batch: 680/2963, Loss: 63.662, Trans_L2_m: 0.996, Yaw_err_deg: 0.767
Epoch: [21/25], Batch: 690/2963, Loss: 68.764, Trans_L2_m: 0.983, Yaw_err_deg: 0.664
Epoch: [21/25], Batch: 700/2963, Loss: 67.482, Trans_L2_m: 0.830, Yaw_err_deg: 1.153
Epoch: [21/25], Batch: 710/2963, Loss: 72.873, Trans_L2_m: 1.089, Yaw_err_deg: 0.690
Epoch: [21/25], Batch: 720/2963, Loss: 64.552, Trans_L2_m: 0.966, Yaw_err_deg: 0.942
Epoch: [21/25], Batch: 730/2963, Loss: 63.742, Trans_L2_m: 0.960, Yaw_err_deg: 0.524
Epoch: [21/25], Batch: 740/2963, Loss: 61.560, Trans_L2_m: 0.822, Yaw_err_deg: 0.732
Epoch: [21/25], Batch: 750/2963, Loss: 73.156, Trans_L2_m: 1.219, Yaw_err_deg: 0.891
Epoch: [21/25], Batch: 760/2963, Loss: 61.506, Trans_L2_m: 1.012, Yaw_err_deg: 0.708
Epoch: [21/25], Batch: 770/2963, Loss: 70.837, Trans_L2_m: 0.771, Yaw_err_deg: 0.745
Epoch: [21/25], Batch: 780/2963, Loss: 62.495, Trans_L2_m: 0.825, Yaw_err_deg: 0.601
Epoch: [21/25], Batch: 790/2963, Loss: 58.808, Trans_L2_m: 0.919, Yaw_err_deg: 0.893
Epoch: [21/25], Batch: 800/2963, Loss: 58.390, Trans_L2_m: 0.956, Yaw_err_deg: 0.718
Epoch: [21/25], Batch: 810/2963, Loss: 61.418, Trans_L2_m: 0.811, Yaw_err_deg: 0.673
Epoch: [21/25], Batch: 820/2963, Loss: 70.205, Trans_L2_m: 1.132, Yaw_err_deg: 0.861
Epoch: [21/25], Batch: 830/2963, Loss: 74.512, Trans_L2_m: 0.875, Yaw_err_deg: 0.933
Epoch: [21/25], Batch: 840/2963, Loss: 76.917, Trans_L2_m: 1.010, Yaw_err_deg: 1.106
Epoch: [21/25], Batch: 850/2963, Loss: 64.311, Trans_L2_m: 0.739, Yaw_err_deg: 0.603
Epoch: [21/25], Batch: 860/2963, Loss: 72.864, Trans_L2_m: 0.810, Yaw_err_deg: 0.795
Epoch: [21/25], Batch: 870/2963, Loss: 76.907, Trans_L2_m: 0.971, Yaw_err_deg: 0.626
Epoch: [21/25], Batch: 880/2963, Loss: 65.494, Trans_L2_m: 1.037, Yaw_err_deg: 0.741
Epoch: [21/25], Batch: 890/2963, Loss: 54.752, Trans_L2_m: 0.864, Yaw_err_deg: 0.697
Epoch: [21/25], Batch: 900/2963, Loss: 60.292, Trans_L2_m: 0.982, Yaw_err_deg: 0.742
Epoch: [21/25], Batch: 910/2963, Loss: 58.811, Trans_L2_m: 0.878, Yaw_err_deg: 0.730
Epoch: [21/25], Batch: 920/2963, Loss: 83.457, Trans_L2_m: 1.179, Yaw_err_deg: 1.011
Epoch: [21/25], Batch: 930/2963, Loss: 63.156, Trans_L2_m: 0.962, Yaw_err_deg: 0.843
Epoch: [21/25], Batch: 940/2963, Loss: 64.356, Trans_L2_m: 0.727, Yaw_err_deg: 0.677
Epoch: [21/25], Batch: 950/2963, Loss: 70.078, Trans_L2_m: 0.724, Yaw_err_deg: 0.789
Epoch: [21/25], Batch: 960/2963, Loss: 85.009, Trans_L2_m: 1.244, Yaw_err_deg: 0.723
Epoch: [21/25], Batch: 970/2963, Loss: 61.710, Trans_L2_m: 0.585, Yaw_err_deg: 0.729
Epoch: [21/25], Batch: 980/2963, Loss: 68.569, Trans_L2_m: 1.122, Yaw_err_deg: 0.595
Epoch: [21/25], Batch: 990/2963, Loss: 65.390, Trans_L2_m: 1.067, Yaw_err_deg: 0.844
Epoch: [21/25], Batch: 1000/2963, Loss: 74.485, Trans_L2_m: 0.960, Yaw_err_deg: 0.950
Epoch: [21/25], Batch: 1010/2963, Loss: 70.579, Trans_L2_m: 0.644, Yaw_err_deg: 0.952
Epoch: [21/25], Batch: 1020/2963, Loss: 58.671, Trans_L2_m: 0.738, Yaw_err_deg: 0.474
Epoch: [21/25], Batch: 1030/2963, Loss: 59.327, Trans_L2_m: 0.682, Yaw_err_deg: 0.753
Epoch: [21/25], Batch: 1040/2963, Loss: 78.155, Trans_L2_m: 1.350, Yaw_err_deg: 0.579
Epoch: [21/25], Batch: 1050/2963, Loss: 72.551, Trans_L2_m: 0.965, Yaw_err_deg: 0.551
Epoch: [21/25], Batch: 1060/2963, Loss: 76.065, Trans_L2_m: 1.377, Yaw_err_deg: 0.782
Epoch: [21/25], Batch: 1070/2963, Loss: 75.078, Trans_L2_m: 1.257, Yaw_err_deg: 0.859
Epoch: [21/25], Batch: 1080/2963, Loss: 63.445, Trans_L2_m: 0.756, Yaw_err_deg: 0.646
Epoch: [21/25], Batch: 1090/2963, Loss: 72.029, Trans_L2_m: 0.972, Yaw_err_deg: 0.683
Epoch: [21/25], Batch: 1100/2963, Loss: 58.496, Trans_L2_m: 0.697, Yaw_err_deg: 0.510
Epoch: [21/25], Batch: 1110/2963, Loss: 61.886, Trans_L2_m: 0.908, Yaw_err_deg: 0.665
Epoch: [21/25], Batch: 1120/2963, Loss: 65.710, Trans_L2_m: 0.910, Yaw_err_deg: 0.756
Epoch: [21/25], Batch: 1130/2963, Loss: 77.889, Trans_L2_m: 1.019, Yaw_err_deg: 1.065
Epoch: [21/25], Batch: 1140/2963, Loss: 73.709, Trans_L2_m: 0.888, Yaw_err_deg: 0.696
Epoch: [21/25], Batch: 1150/2963, Loss: 62.178, Trans_L2_m: 0.695, Yaw_err_deg: 0.730
Epoch: [21/25], Batch: 1160/2963, Loss: 66.757, Trans_L2_m: 1.161, Yaw_err_deg: 0.836
Epoch: [21/25], Batch: 1170/2963, Loss: 67.666, Trans_L2_m: 1.047, Yaw_err_deg: 0.878
Epoch: [21/25], Batch: 1180/2963, Loss: 63.914, Trans_L2_m: 0.929, Yaw_err_deg: 0.520
Epoch: [21/25], Batch: 1190/2963, Loss: 74.343, Trans_L2_m: 1.057, Yaw_err_deg: 0.960
Epoch: [21/25], Batch: 1200/2963, Loss: 65.175, Trans_L2_m: 0.876, Yaw_err_deg: 0.703
Epoch: [21/25], Batch: 1210/2963, Loss: 78.790, Trans_L2_m: 0.899, Yaw_err_deg: 0.836
Epoch: [21/25], Batch: 1220/2963, Loss: 66.883, Trans_L2_m: 0.767, Yaw_err_deg: 0.635
Epoch: [21/25], Batch: 1230/2963, Loss: 63.203, Trans_L2_m: 0.895, Yaw_err_deg: 0.923
Epoch: [21/25], Batch: 1240/2963, Loss: 68.751, Trans_L2_m: 0.870, Yaw_err_deg: 0.546
Epoch: [21/25], Batch: 1250/2963, Loss: 65.895, Trans_L2_m: 1.013, Yaw_err_deg: 0.385
Epoch: [21/25], Batch: 1260/2963, Loss: 62.032, Trans_L2_m: 0.855, Yaw_err_deg: 0.731
Epoch: [21/25], Batch: 1270/2963, Loss: 63.934, Trans_L2_m: 0.964, Yaw_err_deg: 0.686
Epoch: [21/25], Batch: 1280/2963, Loss: 59.295, Trans_L2_m: 1.132, Yaw_err_deg: 0.457
Epoch: [21/25], Batch: 1290/2963, Loss: 61.171, Trans_L2_m: 0.843, Yaw_err_deg: 0.498
Epoch: [21/25], Batch: 1300/2963, Loss: 61.946, Trans_L2_m: 0.690, Yaw_err_deg: 0.641
Epoch: [21/25], Batch: 1310/2963, Loss: 67.252, Trans_L2_m: 0.857, Yaw_err_deg: 0.789
Epoch: [21/25], Batch: 1320/2963, Loss: 77.414, Trans_L2_m: 1.420, Yaw_err_deg: 0.685
Epoch: [21/25], Batch: 1330/2963, Loss: 56.000, Trans_L2_m: 1.014, Yaw_err_deg: 1.005
Epoch: [21/25], Batch: 1340/2963, Loss: 65.154, Trans_L2_m: 0.849, Yaw_err_deg: 0.707
Epoch: [21/25], Batch: 1350/2963, Loss: 71.675, Trans_L2_m: 1.282, Yaw_err_deg: 0.847
Epoch: [21/25], Batch: 1360/2963, Loss: 59.780, Trans_L2_m: 0.856, Yaw_err_deg: 0.852
Epoch: [21/25], Batch: 1370/2963, Loss: 62.974, Trans_L2_m: 1.083, Yaw_err_deg: 0.780
Epoch: [21/25], Batch: 1380/2963, Loss: 77.779, Trans_L2_m: 1.105, Yaw_err_deg: 0.724
Epoch: [21/25], Batch: 1390/2963, Loss: 96.004, Trans_L2_m: 1.554, Yaw_err_deg: 0.531
Epoch: [21/25], Batch: 1400/2963, Loss: 68.650, Trans_L2_m: 0.752, Yaw_err_deg: 0.719
Epoch: [21/25], Batch: 1410/2963, Loss: 78.120, Trans_L2_m: 1.005, Yaw_err_deg: 0.949
Epoch: [21/25], Batch: 1420/2963, Loss: 55.439, Trans_L2_m: 0.786, Yaw_err_deg: 0.536
Epoch: [21/25], Batch: 1430/2963, Loss: 87.320, Trans_L2_m: 1.296, Yaw_err_deg: 0.839
Epoch: [21/25], Batch: 1440/2963, Loss: 70.491, Trans_L2_m: 0.598, Yaw_err_deg: 0.987
Epoch: [21/25], Batch: 1450/2963, Loss: 66.865, Trans_L2_m: 0.923, Yaw_err_deg: 0.694
Epoch: [21/25], Batch: 1460/2963, Loss: 61.714, Trans_L2_m: 1.170, Yaw_err_deg: 0.536
Epoch: [21/25], Batch: 1470/2963, Loss: 60.598, Trans_L2_m: 0.971, Yaw_err_deg: 0.669
Epoch: [21/25], Batch: 1480/2963, Loss: 59.219, Trans_L2_m: 0.543, Yaw_err_deg: 0.645
Epoch: [21/25], Batch: 1490/2963, Loss: 63.429, Trans_L2_m: 0.812, Yaw_err_deg: 0.872
Epoch: [21/25], Batch: 1500/2963, Loss: 73.586, Trans_L2_m: 0.908, Yaw_err_deg: 0.782
Epoch: [21/25], Batch: 1510/2963, Loss: 69.194, Trans_L2_m: 0.745, Yaw_err_deg: 0.852
Epoch: [21/25], Batch: 1520/2963, Loss: 73.180, Trans_L2_m: 1.211, Yaw_err_deg: 0.819
Epoch: [21/25], Batch: 1530/2963, Loss: 66.901, Trans_L2_m: 1.084, Yaw_err_deg: 0.675
Epoch: [21/25], Batch: 1540/2963, Loss: 70.426, Trans_L2_m: 1.253, Yaw_err_deg: 0.647
Epoch: [21/25], Batch: 1550/2963, Loss: 73.990, Trans_L2_m: 1.101, Yaw_err_deg: 0.900
Epoch: [21/25], Batch: 1560/2963, Loss: 76.626, Trans_L2_m: 1.338, Yaw_err_deg: 0.635
Epoch: [21/25], Batch: 1570/2963, Loss: 58.423, Trans_L2_m: 1.197, Yaw_err_deg: 0.491
Epoch: [21/25], Batch: 1580/2963, Loss: 64.418, Trans_L2_m: 1.008, Yaw_err_deg: 0.774
Epoch: [21/25], Batch: 1590/2963, Loss: 62.215, Trans_L2_m: 0.731, Yaw_err_deg: 0.884
Epoch: [21/25], Batch: 1600/2963, Loss: 57.254, Trans_L2_m: 0.666, Yaw_err_deg: 0.695
Epoch: [21/25], Batch: 1610/2963, Loss: 68.402, Trans_L2_m: 0.838, Yaw_err_deg: 0.921
Epoch: [21/25], Batch: 1620/2963, Loss: 72.212, Trans_L2_m: 1.056, Yaw_err_deg: 1.029
Epoch: [21/25], Batch: 1630/2963, Loss: 63.619, Trans_L2_m: 0.686, Yaw_err_deg: 0.818
Epoch: [21/25], Batch: 1640/2963, Loss: 75.579, Trans_L2_m: 1.087, Yaw_err_deg: 0.608
Epoch: [21/25], Batch: 1650/2963, Loss: 68.978, Trans_L2_m: 1.176, Yaw_err_deg: 0.866
Epoch: [21/25], Batch: 1660/2963, Loss: 75.182, Trans_L2_m: 0.822, Yaw_err_deg: 0.967
Epoch: [21/25], Batch: 1670/2963, Loss: 62.376, Trans_L2_m: 1.034, Yaw_err_deg: 0.845
Epoch: [21/25], Batch: 1680/2963, Loss: 64.487, Trans_L2_m: 0.763, Yaw_err_deg: 1.052
Epoch: [21/25], Batch: 1690/2963, Loss: 54.902, Trans_L2_m: 0.840, Yaw_err_deg: 0.614
Epoch: [21/25], Batch: 1700/2963, Loss: 57.075, Trans_L2_m: 0.662, Yaw_err_deg: 0.637
Epoch: [21/25], Batch: 1710/2963, Loss: 72.055, Trans_L2_m: 0.820, Yaw_err_deg: 0.630
Epoch: [21/25], Batch: 1720/2963, Loss: 61.755, Trans_L2_m: 0.547, Yaw_err_deg: 0.742
Epoch: [21/25], Batch: 1730/2963, Loss: 61.622, Trans_L2_m: 0.801, Yaw_err_deg: 0.695
Epoch: [21/25], Batch: 1740/2963, Loss: 60.264, Trans_L2_m: 0.958, Yaw_err_deg: 0.874
Epoch: [21/25], Batch: 1750/2963, Loss: 55.519, Trans_L2_m: 0.781, Yaw_err_deg: 0.691
Epoch: [21/25], Batch: 1760/2963, Loss: 67.449, Trans_L2_m: 0.839, Yaw_err_deg: 0.836
Epoch: [21/25], Batch: 1770/2963, Loss: 87.363, Trans_L2_m: 1.129, Yaw_err_deg: 1.194
Epoch: [21/25], Batch: 1780/2963, Loss: 80.976, Trans_L2_m: 1.062, Yaw_err_deg: 0.733
Epoch: [21/25], Batch: 1790/2963, Loss: 72.085, Trans_L2_m: 0.751, Yaw_err_deg: 0.938
Epoch: [21/25], Batch: 1800/2963, Loss: 64.357, Trans_L2_m: 0.887, Yaw_err_deg: 0.758
Epoch: [21/25], Batch: 1810/2963, Loss: 64.499, Trans_L2_m: 0.766, Yaw_err_deg: 0.657
Epoch: [21/25], Batch: 1820/2963, Loss: 60.943, Trans_L2_m: 0.829, Yaw_err_deg: 0.772
Epoch: [21/25], Batch: 1830/2963, Loss: 70.691, Trans_L2_m: 1.412, Yaw_err_deg: 0.786
Epoch: [21/25], Batch: 1840/2963, Loss: 59.873, Trans_L2_m: 0.887, Yaw_err_deg: 0.827
Epoch: [21/25], Batch: 1850/2963, Loss: 66.728, Trans_L2_m: 0.908, Yaw_err_deg: 0.766
Epoch: [21/25], Batch: 1860/2963, Loss: 72.752, Trans_L2_m: 1.262, Yaw_err_deg: 0.885
Epoch: [21/25], Batch: 1870/2963, Loss: 54.379, Trans_L2_m: 0.716, Yaw_err_deg: 0.615
Epoch: [21/25], Batch: 1880/2963, Loss: 70.487, Trans_L2_m: 0.915, Yaw_err_deg: 0.693
Epoch: [21/25], Batch: 1890/2963, Loss: 68.339, Trans_L2_m: 0.996, Yaw_err_deg: 0.873
Epoch: [21/25], Batch: 1900/2963, Loss: 71.057, Trans_L2_m: 0.865, Yaw_err_deg: 0.630
Epoch: [21/25], Batch: 1910/2963, Loss: 53.310, Trans_L2_m: 0.803, Yaw_err_deg: 0.509
Epoch: [21/25], Batch: 1920/2963, Loss: 59.069, Trans_L2_m: 0.969, Yaw_err_deg: 0.563
Epoch: [21/25], Batch: 1930/2963, Loss: 63.170, Trans_L2_m: 1.108, Yaw_err_deg: 0.726
Epoch: [21/25], Batch: 1940/2963, Loss: 59.718, Trans_L2_m: 0.741, Yaw_err_deg: 0.776
Epoch: [21/25], Batch: 1950/2963, Loss: 85.578, Trans_L2_m: 1.074, Yaw_err_deg: 0.884
Epoch: [21/25], Batch: 1960/2963, Loss: 62.865, Trans_L2_m: 0.795, Yaw_err_deg: 0.838
Epoch: [21/25], Batch: 1970/2963, Loss: 68.165, Trans_L2_m: 0.769, Yaw_err_deg: 1.028
Epoch: [21/25], Batch: 1980/2963, Loss: 60.852, Trans_L2_m: 0.942, Yaw_err_deg: 0.799
Epoch: [21/25], Batch: 1990/2963, Loss: 58.926, Trans_L2_m: 0.712, Yaw_err_deg: 0.816
Epoch: [21/25], Batch: 2000/2963, Loss: 67.280, Trans_L2_m: 1.027, Yaw_err_deg: 0.567
Epoch: [21/25], Batch: 2010/2963, Loss: 66.821, Trans_L2_m: 0.906, Yaw_err_deg: 0.564
Epoch: [21/25], Batch: 2020/2963, Loss: 67.838, Trans_L2_m: 0.983, Yaw_err_deg: 0.668
Epoch: [21/25], Batch: 2030/2963, Loss: 132.553, Trans_L2_m: 1.715, Yaw_err_deg: 0.632
Epoch: [21/25], Batch: 2040/2963, Loss: 116.284, Trans_L2_m: 1.240, Yaw_err_deg: 1.231
Epoch: [21/25], Batch: 2050/2963, Loss: 67.600, Trans_L2_m: 0.890, Yaw_err_deg: 0.638
Epoch: [21/25], Batch: 2060/2963, Loss: 64.726, Trans_L2_m: 0.764, Yaw_err_deg: 0.745
Epoch: [21/25], Batch: 2070/2963, Loss: 80.946, Trans_L2_m: 1.317, Yaw_err_deg: 0.642
Epoch: [21/25], Batch: 2080/2963, Loss: 62.100, Trans_L2_m: 0.760, Yaw_err_deg: 0.733
Epoch: [21/25], Batch: 2090/2963, Loss: 71.137, Trans_L2_m: 1.030, Yaw_err_deg: 0.728
Epoch: [21/25], Batch: 2100/2963, Loss: 56.531, Trans_L2_m: 0.695, Yaw_err_deg: 0.464
Epoch: [21/25], Batch: 2110/2963, Loss: 61.858, Trans_L2_m: 0.780, Yaw_err_deg: 0.806
Epoch: [21/25], Batch: 2120/2963, Loss: 70.587, Trans_L2_m: 0.867, Yaw_err_deg: 0.744
Epoch: [21/25], Batch: 2130/2963, Loss: 70.947, Trans_L2_m: 0.702, Yaw_err_deg: 0.721
Epoch: [21/25], Batch: 2140/2963, Loss: 54.804, Trans_L2_m: 0.735, Yaw_err_deg: 0.585
Epoch: [21/25], Batch: 2150/2963, Loss: 63.127, Trans_L2_m: 1.035, Yaw_err_deg: 0.635
Epoch: [21/25], Batch: 2160/2963, Loss: 64.312, Trans_L2_m: 0.895, Yaw_err_deg: 0.903
Epoch: [21/25], Batch: 2170/2963, Loss: 61.518, Trans_L2_m: 0.966, Yaw_err_deg: 0.593
Epoch: [21/25], Batch: 2180/2963, Loss: 64.620, Trans_L2_m: 0.749, Yaw_err_deg: 0.558
Epoch: [21/25], Batch: 2190/2963, Loss: 72.400, Trans_L2_m: 0.904, Yaw_err_deg: 1.112
Epoch: [21/25], Batch: 2200/2963, Loss: 51.890, Trans_L2_m: 0.732, Yaw_err_deg: 0.703
Epoch: [21/25], Batch: 2210/2963, Loss: 62.018, Trans_L2_m: 0.788, Yaw_err_deg: 0.605
Epoch: [21/25], Batch: 2220/2963, Loss: 58.107, Trans_L2_m: 0.568, Yaw_err_deg: 0.489
Epoch: [21/25], Batch: 2230/2963, Loss: 63.992, Trans_L2_m: 0.716, Yaw_err_deg: 0.841
Epoch: [21/25], Batch: 2240/2963, Loss: 65.778, Trans_L2_m: 0.731, Yaw_err_deg: 0.898
Epoch: [21/25], Batch: 2250/2963, Loss: 80.900, Trans_L2_m: 1.090, Yaw_err_deg: 0.903
Epoch: [21/25], Batch: 2260/2963, Loss: 71.437, Trans_L2_m: 0.908, Yaw_err_deg: 0.709
Epoch: [21/25], Batch: 2270/2963, Loss: 60.250, Trans_L2_m: 0.796, Yaw_err_deg: 0.818
Epoch: [21/25], Batch: 2280/2963, Loss: 67.969, Trans_L2_m: 0.821, Yaw_err_deg: 0.850
Epoch: [21/25], Batch: 2290/2963, Loss: 80.625, Trans_L2_m: 1.160, Yaw_err_deg: 0.982
Epoch: [21/25], Batch: 2300/2963, Loss: 60.836, Trans_L2_m: 0.691, Yaw_err_deg: 0.837
Epoch: [21/25], Batch: 2310/2963, Loss: 86.377, Trans_L2_m: 1.158, Yaw_err_deg: 0.879
Epoch: [21/25], Batch: 2320/2963, Loss: 65.451, Trans_L2_m: 1.059, Yaw_err_deg: 0.768
Epoch: [21/25], Batch: 2330/2963, Loss: 67.104, Trans_L2_m: 0.854, Yaw_err_deg: 0.920
Epoch: [21/25], Batch: 2340/2963, Loss: 65.622, Trans_L2_m: 1.008, Yaw_err_deg: 0.710
Epoch: [21/25], Batch: 2350/2963, Loss: 68.681, Trans_L2_m: 1.029, Yaw_err_deg: 0.683
Epoch: [21/25], Batch: 2360/2963, Loss: 71.941, Trans_L2_m: 1.356, Yaw_err_deg: 1.002
Epoch: [21/25], Batch: 2370/2963, Loss: 63.860, Trans_L2_m: 0.895, Yaw_err_deg: 0.661
Epoch: [21/25], Batch: 2380/2963, Loss: 74.987, Trans_L2_m: 1.392, Yaw_err_deg: 0.772
Epoch: [21/25], Batch: 2390/2963, Loss: 66.419, Trans_L2_m: 0.950, Yaw_err_deg: 0.697
Epoch: [21/25], Batch: 2400/2963, Loss: 63.976, Trans_L2_m: 0.670, Yaw_err_deg: 0.872
Epoch: [21/25], Batch: 2410/2963, Loss: 64.013, Trans_L2_m: 0.771, Yaw_err_deg: 0.758
Epoch: [21/25], Batch: 2420/2963, Loss: 59.344, Trans_L2_m: 0.709, Yaw_err_deg: 0.842
Epoch: [21/25], Batch: 2430/2963, Loss: 77.839, Trans_L2_m: 0.825, Yaw_err_deg: 1.126
Epoch: [21/25], Batch: 2440/2963, Loss: 63.268, Trans_L2_m: 0.927, Yaw_err_deg: 0.868
Epoch: [21/25], Batch: 2450/2963, Loss: 62.212, Trans_L2_m: 1.007, Yaw_err_deg: 0.491
Epoch: [21/25], Batch: 2460/2963, Loss: 54.019, Trans_L2_m: 0.637, Yaw_err_deg: 0.723
Epoch: [21/25], Batch: 2470/2963, Loss: 58.818, Trans_L2_m: 0.747, Yaw_err_deg: 0.526
Epoch: [21/25], Batch: 2480/2963, Loss: 58.017, Trans_L2_m: 0.834, Yaw_err_deg: 0.643
Epoch: [21/25], Batch: 2490/2963, Loss: 66.398, Trans_L2_m: 1.121, Yaw_err_deg: 0.684
Epoch: [21/25], Batch: 2500/2963, Loss: 49.786, Trans_L2_m: 0.879, Yaw_err_deg: 0.640
Epoch: [21/25], Batch: 2510/2963, Loss: 66.796, Trans_L2_m: 0.839, Yaw_err_deg: 0.637
Epoch: [21/25], Batch: 2520/2963, Loss: 59.932, Trans_L2_m: 0.741, Yaw_err_deg: 0.715
Epoch: [21/25], Batch: 2530/2963, Loss: 75.184, Trans_L2_m: 1.015, Yaw_err_deg: 0.787
Epoch: [21/25], Batch: 2540/2963, Loss: 74.294, Trans_L2_m: 0.930, Yaw_err_deg: 0.799
Epoch: [21/25], Batch: 2550/2963, Loss: 70.105, Trans_L2_m: 0.747, Yaw_err_deg: 0.628
Epoch: [21/25], Batch: 2560/2963, Loss: 71.281, Trans_L2_m: 0.942, Yaw_err_deg: 1.132
Epoch: [21/25], Batch: 2570/2963, Loss: 75.843, Trans_L2_m: 0.992, Yaw_err_deg: 0.832
Epoch: [21/25], Batch: 2580/2963, Loss: 55.877, Trans_L2_m: 0.938, Yaw_err_deg: 0.902
Epoch: [21/25], Batch: 2590/2963, Loss: 64.625, Trans_L2_m: 0.884, Yaw_err_deg: 1.056
Epoch: [21/25], Batch: 2600/2963, Loss: 62.935, Trans_L2_m: 1.088, Yaw_err_deg: 0.639
Epoch: [21/25], Batch: 2610/2963, Loss: 56.275, Trans_L2_m: 0.955, Yaw_err_deg: 0.608
Epoch: [21/25], Batch: 2620/2963, Loss: 70.055, Trans_L2_m: 1.217, Yaw_err_deg: 0.561
Epoch: [21/25], Batch: 2630/2963, Loss: 62.019, Trans_L2_m: 0.672, Yaw_err_deg: 0.618
Epoch: [21/25], Batch: 2640/2963, Loss: 61.864, Trans_L2_m: 0.856, Yaw_err_deg: 0.510
Epoch: [21/25], Batch: 2650/2963, Loss: 61.649, Trans_L2_m: 0.756, Yaw_err_deg: 0.606
Epoch: [21/25], Batch: 2660/2963, Loss: 57.130, Trans_L2_m: 0.739, Yaw_err_deg: 0.488
Epoch: [21/25], Batch: 2670/2963, Loss: 65.217, Trans_L2_m: 1.190, Yaw_err_deg: 0.781
Epoch: [21/25], Batch: 2680/2963, Loss: 67.342, Trans_L2_m: 1.025, Yaw_err_deg: 0.945
Epoch: [21/25], Batch: 2690/2963, Loss: 59.949, Trans_L2_m: 0.853, Yaw_err_deg: 0.635
Epoch: [21/25], Batch: 2700/2963, Loss: 46.632, Trans_L2_m: 0.579, Yaw_err_deg: 0.677
Epoch: [21/25], Batch: 2710/2963, Loss: 68.169, Trans_L2_m: 0.843, Yaw_err_deg: 1.161
Epoch: [21/25], Batch: 2720/2963, Loss: 69.069, Trans_L2_m: 0.981, Yaw_err_deg: 0.854
Epoch: [21/25], Batch: 2730/2963, Loss: 61.907, Trans_L2_m: 0.769, Yaw_err_deg: 0.566
Epoch: [21/25], Batch: 2740/2963, Loss: 63.787, Trans_L2_m: 0.987, Yaw_err_deg: 0.434
Epoch: [21/25], Batch: 2750/2963, Loss: 64.191, Trans_L2_m: 0.988, Yaw_err_deg: 0.779
Epoch: [21/25], Batch: 2760/2963, Loss: 67.056, Trans_L2_m: 0.891, Yaw_err_deg: 0.679
Epoch: [21/25], Batch: 2770/2963, Loss: 60.998, Trans_L2_m: 0.915, Yaw_err_deg: 0.730
Epoch: [21/25], Batch: 2780/2963, Loss: 58.265, Trans_L2_m: 0.690, Yaw_err_deg: 0.758
Epoch: [21/25], Batch: 2790/2963, Loss: 75.255, Trans_L2_m: 1.196, Yaw_err_deg: 0.605
Epoch: [21/25], Batch: 2800/2963, Loss: 66.897, Trans_L2_m: 1.142, Yaw_err_deg: 0.797
Epoch: [21/25], Batch: 2810/2963, Loss: 53.429, Trans_L2_m: 0.800, Yaw_err_deg: 0.512
Epoch: [21/25], Batch: 2820/2963, Loss: 73.894, Trans_L2_m: 1.133, Yaw_err_deg: 0.756
Epoch: [21/25], Batch: 2830/2963, Loss: 70.161, Trans_L2_m: 0.666, Yaw_err_deg: 0.673
Epoch: [21/25], Batch: 2840/2963, Loss: 72.361, Trans_L2_m: 0.881, Yaw_err_deg: 0.864
Epoch: [21/25], Batch: 2850/2963, Loss: 80.728, Trans_L2_m: 1.464, Yaw_err_deg: 0.439
Epoch: [21/25], Batch: 2860/2963, Loss: 80.519, Trans_L2_m: 0.827, Yaw_err_deg: 0.756
Epoch: [21/25], Batch: 2870/2963, Loss: 80.511, Trans_L2_m: 1.069, Yaw_err_deg: 0.740
Epoch: [21/25], Batch: 2880/2963, Loss: 56.702, Trans_L2_m: 0.749, Yaw_err_deg: 0.658
Epoch: [21/25], Batch: 2890/2963, Loss: 60.191, Trans_L2_m: 0.827, Yaw_err_deg: 0.751
Epoch: [21/25], Batch: 2900/2963, Loss: 54.880, Trans_L2_m: 0.762, Yaw_err_deg: 0.800
Epoch: [21/25], Batch: 2910/2963, Loss: 61.007, Trans_L2_m: 0.759, Yaw_err_deg: 0.836
Epoch: [21/25], Batch: 2920/2963, Loss: 61.892, Trans_L2_m: 1.063, Yaw_err_deg: 0.504
Epoch: [21/25], Batch: 2930/2963, Loss: 58.418, Trans_L2_m: 0.853, Yaw_err_deg: 0.768
Epoch: [21/25], Batch: 2940/2963, Loss: 62.156, Trans_L2_m: 1.039, Yaw_err_deg: 0.672
Epoch: [21/25], Batch: 2950/2963, Loss: 64.684, Trans_L2_m: 0.988, Yaw_err_deg: 0.580
Epoch: [21/25], Batch: 2960/2963, Loss: 70.434, Trans_L2_m: 1.001, Yaw_err_deg: 0.738
Epoch: [22/25], Batch: 0/2963, Loss: 61.916, Trans_L2_m: 1.029, Yaw_err_deg: 0.751
Epoch: [22/25], Batch: 10/2963, Loss: 62.670, Trans_L2_m: 0.814, Yaw_err_deg: 0.827
Epoch: [22/25], Batch: 20/2963, Loss: 62.255, Trans_L2_m: 0.843, Yaw_err_deg: 0.623
Epoch: [22/25], Batch: 30/2963, Loss: 69.381, Trans_L2_m: 1.183, Yaw_err_deg: 0.838
Epoch: [22/25], Batch: 40/2963, Loss: 72.297, Trans_L2_m: 1.185, Yaw_err_deg: 0.676
Epoch: [22/25], Batch: 50/2963, Loss: 63.281, Trans_L2_m: 0.773, Yaw_err_deg: 0.681
Epoch: [22/25], Batch: 60/2963, Loss: 51.575, Trans_L2_m: 0.802, Yaw_err_deg: 0.625
Epoch: [22/25], Batch: 70/2963, Loss: 58.442, Trans_L2_m: 0.762, Yaw_err_deg: 0.755
Epoch: [22/25], Batch: 80/2963, Loss: 51.840, Trans_L2_m: 0.885, Yaw_err_deg: 0.629
Epoch: [22/25], Batch: 90/2963, Loss: 58.519, Trans_L2_m: 1.061, Yaw_err_deg: 0.721
Epoch: [22/25], Batch: 100/2963, Loss: 76.011, Trans_L2_m: 1.044, Yaw_err_deg: 1.101
Epoch: [22/25], Batch: 110/2963, Loss: 76.712, Trans_L2_m: 1.155, Yaw_err_deg: 0.756
Epoch: [22/25], Batch: 120/2963, Loss: 68.806, Trans_L2_m: 0.767, Yaw_err_deg: 0.797
Epoch: [22/25], Batch: 130/2963, Loss: 65.710, Trans_L2_m: 0.870, Yaw_err_deg: 0.864
Epoch: [22/25], Batch: 140/2963, Loss: 53.657, Trans_L2_m: 0.658, Yaw_err_deg: 0.557
Epoch: [22/25], Batch: 150/2963, Loss: 63.175, Trans_L2_m: 0.985, Yaw_err_deg: 0.676
Epoch: [22/25], Batch: 160/2963, Loss: 64.737, Trans_L2_m: 0.847, Yaw_err_deg: 0.691
Epoch: [22/25], Batch: 170/2963, Loss: 63.738, Trans_L2_m: 1.126, Yaw_err_deg: 0.747
Epoch: [22/25], Batch: 180/2963, Loss: 70.024, Trans_L2_m: 0.679, Yaw_err_deg: 0.775
Epoch: [22/25], Batch: 190/2963, Loss: 57.326, Trans_L2_m: 0.743, Yaw_err_deg: 0.613
Epoch: [22/25], Batch: 200/2963, Loss: 64.393, Trans_L2_m: 0.786, Yaw_err_deg: 0.846
Epoch: [22/25], Batch: 210/2963, Loss: 62.572, Trans_L2_m: 1.102, Yaw_err_deg: 0.673
Epoch: [22/25], Batch: 220/2963, Loss: 62.265, Trans_L2_m: 1.122, Yaw_err_deg: 0.746
Epoch: [22/25], Batch: 230/2963, Loss: 52.690, Trans_L2_m: 0.768, Yaw_err_deg: 0.546
Epoch: [22/25], Batch: 240/2963, Loss: 66.355, Trans_L2_m: 1.165, Yaw_err_deg: 0.776
Epoch: [22/25], Batch: 250/2963, Loss: 57.506, Trans_L2_m: 0.607, Yaw_err_deg: 0.821
Epoch: [22/25], Batch: 260/2963, Loss: 115.031, Trans_L2_m: 1.594, Yaw_err_deg: 0.960
Epoch: [22/25], Batch: 270/2963, Loss: 65.333, Trans_L2_m: 1.017, Yaw_err_deg: 0.622
Epoch: [22/25], Batch: 280/2963, Loss: 64.482, Trans_L2_m: 1.045, Yaw_err_deg: 0.501
Epoch: [22/25], Batch: 290/2963, Loss: 67.106, Trans_L2_m: 0.748, Yaw_err_deg: 0.900
Epoch: [22/25], Batch: 300/2963, Loss: 69.728, Trans_L2_m: 0.973, Yaw_err_deg: 0.645
Epoch: [22/25], Batch: 310/2963, Loss: 68.237, Trans_L2_m: 0.997, Yaw_err_deg: 0.696
Epoch: [22/25], Batch: 320/2963, Loss: 57.784, Trans_L2_m: 0.861, Yaw_err_deg: 0.866
Epoch: [22/25], Batch: 330/2963, Loss: 52.172, Trans_L2_m: 0.742, Yaw_err_deg: 0.665
Epoch: [22/25], Batch: 340/2963, Loss: 70.604, Trans_L2_m: 0.799, Yaw_err_deg: 1.034
Epoch: [22/25], Batch: 350/2963, Loss: 58.064, Trans_L2_m: 0.915, Yaw_err_deg: 0.552
Epoch: [22/25], Batch: 360/2963, Loss: 59.794, Trans_L2_m: 0.712, Yaw_err_deg: 0.714
Epoch: [22/25], Batch: 370/2963, Loss: 60.490, Trans_L2_m: 0.817, Yaw_err_deg: 0.781
Epoch: [22/25], Batch: 380/2963, Loss: 67.085, Trans_L2_m: 1.113, Yaw_err_deg: 0.616
Epoch: [22/25], Batch: 390/2963, Loss: 56.343, Trans_L2_m: 0.839, Yaw_err_deg: 0.525
Epoch: [22/25], Batch: 400/2963, Loss: 56.361, Trans_L2_m: 0.666, Yaw_err_deg: 0.751
Epoch: [22/25], Batch: 410/2963, Loss: 55.606, Trans_L2_m: 1.070, Yaw_err_deg: 0.665
Epoch: [22/25], Batch: 420/2963, Loss: 66.559, Trans_L2_m: 1.096, Yaw_err_deg: 0.503
Epoch: [22/25], Batch: 430/2963, Loss: 68.957, Trans_L2_m: 0.894, Yaw_err_deg: 0.815
Epoch: [22/25], Batch: 440/2963, Loss: 62.838, Trans_L2_m: 0.944, Yaw_err_deg: 0.638
Epoch: [22/25], Batch: 450/2963, Loss: 54.821, Trans_L2_m: 0.805, Yaw_err_deg: 0.494
Epoch: [22/25], Batch: 460/2963, Loss: 61.890, Trans_L2_m: 0.682, Yaw_err_deg: 0.513
Epoch: [22/25], Batch: 470/2963, Loss: 71.110, Trans_L2_m: 0.944, Yaw_err_deg: 0.648
Epoch: [22/25], Batch: 480/2963, Loss: 52.894, Trans_L2_m: 0.698, Yaw_err_deg: 0.886
Epoch: [22/25], Batch: 490/2963, Loss: 60.454, Trans_L2_m: 0.864, Yaw_err_deg: 0.754
Epoch: [22/25], Batch: 500/2963, Loss: 63.698, Trans_L2_m: 0.977, Yaw_err_deg: 0.486
Epoch: [22/25], Batch: 510/2963, Loss: 81.358, Trans_L2_m: 1.183, Yaw_err_deg: 0.832
Epoch: [22/25], Batch: 520/2963, Loss: 67.842, Trans_L2_m: 0.848, Yaw_err_deg: 0.767
Epoch: [22/25], Batch: 530/2963, Loss: 52.960, Trans_L2_m: 0.798, Yaw_err_deg: 0.564
Epoch: [22/25], Batch: 540/2963, Loss: 87.276, Trans_L2_m: 1.208, Yaw_err_deg: 0.821
Epoch: [22/25], Batch: 550/2963, Loss: 67.716, Trans_L2_m: 1.020, Yaw_err_deg: 1.007
Epoch: [22/25], Batch: 560/2963, Loss: 69.282, Trans_L2_m: 0.843, Yaw_err_deg: 0.984
Epoch: [22/25], Batch: 570/2963, Loss: 63.480, Trans_L2_m: 1.073, Yaw_err_deg: 0.691
Epoch: [22/25], Batch: 580/2963, Loss: 60.485, Trans_L2_m: 0.705, Yaw_err_deg: 0.701
Epoch: [22/25], Batch: 590/2963, Loss: 60.953, Trans_L2_m: 1.135, Yaw_err_deg: 0.675
Epoch: [22/25], Batch: 600/2963, Loss: 69.421, Trans_L2_m: 1.048, Yaw_err_deg: 0.974
Epoch: [22/25], Batch: 610/2963, Loss: 57.943, Trans_L2_m: 0.821, Yaw_err_deg: 0.723
Epoch: [22/25], Batch: 620/2963, Loss: 85.762, Trans_L2_m: 1.558, Yaw_err_deg: 0.669
Epoch: [22/25], Batch: 630/2963, Loss: 59.708, Trans_L2_m: 0.629, Yaw_err_deg: 0.570
Epoch: [22/25], Batch: 640/2963, Loss: 92.356, Trans_L2_m: 1.904, Yaw_err_deg: 0.846
Epoch: [22/25], Batch: 650/2963, Loss: 58.849, Trans_L2_m: 0.724, Yaw_err_deg: 0.512
Epoch: [22/25], Batch: 660/2963, Loss: 61.205, Trans_L2_m: 0.905, Yaw_err_deg: 0.532
Epoch: [22/25], Batch: 670/2963, Loss: 57.370, Trans_L2_m: 0.912, Yaw_err_deg: 0.904
Epoch: [22/25], Batch: 680/2963, Loss: 65.487, Trans_L2_m: 0.795, Yaw_err_deg: 0.735
Epoch: [22/25], Batch: 690/2963, Loss: 55.881, Trans_L2_m: 0.847, Yaw_err_deg: 0.777
Epoch: [22/25], Batch: 700/2963, Loss: 82.279, Trans_L2_m: 1.315, Yaw_err_deg: 0.892
Epoch: [22/25], Batch: 710/2963, Loss: 58.522, Trans_L2_m: 0.678, Yaw_err_deg: 0.527
Epoch: [22/25], Batch: 720/2963, Loss: 78.890, Trans_L2_m: 1.071, Yaw_err_deg: 0.855
Epoch: [22/25], Batch: 730/2963, Loss: 63.443, Trans_L2_m: 1.412, Yaw_err_deg: 0.518
Epoch: [22/25], Batch: 740/2963, Loss: 59.911, Trans_L2_m: 0.886, Yaw_err_deg: 0.546
Epoch: [22/25], Batch: 750/2963, Loss: 58.274, Trans_L2_m: 0.839, Yaw_err_deg: 0.733
Epoch: [22/25], Batch: 760/2963, Loss: 66.865, Trans_L2_m: 0.899, Yaw_err_deg: 0.887
Epoch: [22/25], Batch: 770/2963, Loss: 60.295, Trans_L2_m: 0.879, Yaw_err_deg: 0.981
Epoch: [22/25], Batch: 780/2963, Loss: 56.436, Trans_L2_m: 0.704, Yaw_err_deg: 0.503
Epoch: [22/25], Batch: 790/2963, Loss: 73.102, Trans_L2_m: 0.945, Yaw_err_deg: 1.216
Epoch: [22/25], Batch: 800/2963, Loss: 62.663, Trans_L2_m: 0.845, Yaw_err_deg: 0.691
Epoch: [22/25], Batch: 810/2963, Loss: 61.908, Trans_L2_m: 0.846, Yaw_err_deg: 0.898
Epoch: [22/25], Batch: 820/2963, Loss: 64.300, Trans_L2_m: 1.020, Yaw_err_deg: 0.744
Epoch: [22/25], Batch: 830/2963, Loss: 60.732, Trans_L2_m: 0.886, Yaw_err_deg: 0.712
Epoch: [22/25], Batch: 840/2963, Loss: 72.521, Trans_L2_m: 1.012, Yaw_err_deg: 0.931
Epoch: [22/25], Batch: 850/2963, Loss: 57.540, Trans_L2_m: 0.881, Yaw_err_deg: 0.865
Epoch: [22/25], Batch: 860/2963, Loss: 52.190, Trans_L2_m: 0.944, Yaw_err_deg: 0.650
Epoch: [22/25], Batch: 870/2963, Loss: 63.583, Trans_L2_m: 0.873, Yaw_err_deg: 0.843
Epoch: [22/25], Batch: 880/2963, Loss: 69.450, Trans_L2_m: 0.946, Yaw_err_deg: 0.691
Epoch: [22/25], Batch: 890/2963, Loss: 60.604, Trans_L2_m: 0.839, Yaw_err_deg: 0.725
Epoch: [22/25], Batch: 900/2963, Loss: 77.696, Trans_L2_m: 1.221, Yaw_err_deg: 0.753
Epoch: [22/25], Batch: 910/2963, Loss: 57.226, Trans_L2_m: 0.740, Yaw_err_deg: 0.661
Epoch: [22/25], Batch: 920/2963, Loss: 58.948, Trans_L2_m: 0.819, Yaw_err_deg: 0.589
Epoch: [22/25], Batch: 930/2963, Loss: 58.772, Trans_L2_m: 1.013, Yaw_err_deg: 0.636
Epoch: [22/25], Batch: 940/2963, Loss: 72.949, Trans_L2_m: 1.324, Yaw_err_deg: 0.700
Epoch: [22/25], Batch: 950/2963, Loss: 59.906, Trans_L2_m: 0.650, Yaw_err_deg: 0.789
Epoch: [22/25], Batch: 960/2963, Loss: 59.323, Trans_L2_m: 1.068, Yaw_err_deg: 0.712
Epoch: [22/25], Batch: 970/2963, Loss: 53.062, Trans_L2_m: 0.741, Yaw_err_deg: 0.684
Epoch: [22/25], Batch: 980/2963, Loss: 64.021, Trans_L2_m: 0.990, Yaw_err_deg: 1.023
Epoch: [22/25], Batch: 990/2963, Loss: 65.298, Trans_L2_m: 0.795, Yaw_err_deg: 0.836
Epoch: [22/25], Batch: 1000/2963, Loss: 63.922, Trans_L2_m: 1.100, Yaw_err_deg: 0.854
Epoch: [22/25], Batch: 1010/2963, Loss: 56.208, Trans_L2_m: 0.665, Yaw_err_deg: 0.614
Epoch: [22/25], Batch: 1020/2963, Loss: 84.010, Trans_L2_m: 0.893, Yaw_err_deg: 0.918
Epoch: [22/25], Batch: 1030/2963, Loss: 71.809, Trans_L2_m: 0.816, Yaw_err_deg: 0.954
Epoch: [22/25], Batch: 1040/2963, Loss: 60.025, Trans_L2_m: 0.858, Yaw_err_deg: 0.697
Epoch: [22/25], Batch: 1050/2963, Loss: 63.399, Trans_L2_m: 0.768, Yaw_err_deg: 0.636
Epoch: [22/25], Batch: 1060/2963, Loss: 68.746, Trans_L2_m: 0.871, Yaw_err_deg: 0.745
Epoch: [22/25], Batch: 1070/2963, Loss: 59.700, Trans_L2_m: 0.820, Yaw_err_deg: 0.654
Epoch: [22/25], Batch: 1080/2963, Loss: 55.791, Trans_L2_m: 0.835, Yaw_err_deg: 0.602
Epoch: [22/25], Batch: 1090/2963, Loss: 67.234, Trans_L2_m: 0.610, Yaw_err_deg: 0.903
Epoch: [22/25], Batch: 1100/2963, Loss: 72.277, Trans_L2_m: 1.000, Yaw_err_deg: 0.622
Epoch: [22/25], Batch: 1110/2963, Loss: 88.508, Trans_L2_m: 1.385, Yaw_err_deg: 0.828
Epoch: [22/25], Batch: 1120/2963, Loss: 61.189, Trans_L2_m: 0.945, Yaw_err_deg: 0.854
Epoch: [22/25], Batch: 1130/2963, Loss: 65.560, Trans_L2_m: 0.855, Yaw_err_deg: 0.826
Epoch: [22/25], Batch: 1140/2963, Loss: 66.938, Trans_L2_m: 0.917, Yaw_err_deg: 0.789
Epoch: [22/25], Batch: 1150/2963, Loss: 81.327, Trans_L2_m: 1.125, Yaw_err_deg: 0.757
Epoch: [22/25], Batch: 1160/2963, Loss: 59.359, Trans_L2_m: 0.805, Yaw_err_deg: 0.957
Epoch: [22/25], Batch: 1170/2963, Loss: 55.975, Trans_L2_m: 0.789, Yaw_err_deg: 0.565
Epoch: [22/25], Batch: 1180/2963, Loss: 55.654, Trans_L2_m: 0.889, Yaw_err_deg: 0.702
Epoch: [22/25], Batch: 1190/2963, Loss: 60.733, Trans_L2_m: 0.826, Yaw_err_deg: 0.743
Epoch: [22/25], Batch: 1200/2963, Loss: 77.700, Trans_L2_m: 1.311, Yaw_err_deg: 0.752
Epoch: [22/25], Batch: 1210/2963, Loss: 78.370, Trans_L2_m: 1.139, Yaw_err_deg: 1.151
Epoch: [22/25], Batch: 1220/2963, Loss: 61.579, Trans_L2_m: 0.891, Yaw_err_deg: 0.539
Epoch: [22/25], Batch: 1230/2963, Loss: 61.672, Trans_L2_m: 0.614, Yaw_err_deg: 0.904
Epoch: [22/25], Batch: 1240/2963, Loss: 55.993, Trans_L2_m: 0.651, Yaw_err_deg: 0.527
Epoch: [22/25], Batch: 1250/2963, Loss: 68.278, Trans_L2_m: 0.933, Yaw_err_deg: 0.856
Epoch: [22/25], Batch: 1260/2963, Loss: 56.727, Trans_L2_m: 1.209, Yaw_err_deg: 0.491
Epoch: [22/25], Batch: 1270/2963, Loss: 54.201, Trans_L2_m: 0.773, Yaw_err_deg: 0.482
Epoch: [22/25], Batch: 1280/2963, Loss: 61.811, Trans_L2_m: 0.775, Yaw_err_deg: 0.763
Epoch: [22/25], Batch: 1290/2963, Loss: 64.115, Trans_L2_m: 0.943, Yaw_err_deg: 0.430
Epoch: [22/25], Batch: 1300/2963, Loss: 62.828, Trans_L2_m: 0.756, Yaw_err_deg: 0.804
Epoch: [22/25], Batch: 1310/2963, Loss: 70.270, Trans_L2_m: 1.081, Yaw_err_deg: 0.884
Epoch: [22/25], Batch: 1320/2963, Loss: 68.678, Trans_L2_m: 1.127, Yaw_err_deg: 0.483
Epoch: [22/25], Batch: 1330/2963, Loss: 56.918, Trans_L2_m: 0.956, Yaw_err_deg: 0.663
Epoch: [22/25], Batch: 1340/2963, Loss: 57.205, Trans_L2_m: 0.720, Yaw_err_deg: 0.677
Epoch: [22/25], Batch: 1350/2963, Loss: 63.301, Trans_L2_m: 0.746, Yaw_err_deg: 0.826
Epoch: [22/25], Batch: 1360/2963, Loss: 61.162, Trans_L2_m: 0.667, Yaw_err_deg: 0.756
Epoch: [22/25], Batch: 1370/2963, Loss: 63.748, Trans_L2_m: 0.672, Yaw_err_deg: 0.856
Epoch: [22/25], Batch: 1380/2963, Loss: 58.383, Trans_L2_m: 0.860, Yaw_err_deg: 0.558
Epoch: [22/25], Batch: 1390/2963, Loss: 63.033, Trans_L2_m: 0.931, Yaw_err_deg: 0.655
Epoch: [22/25], Batch: 1400/2963, Loss: 67.117, Trans_L2_m: 1.069, Yaw_err_deg: 0.713
Epoch: [22/25], Batch: 1410/2963, Loss: 67.799, Trans_L2_m: 0.868, Yaw_err_deg: 0.916
Epoch: [22/25], Batch: 1420/2963, Loss: 60.874, Trans_L2_m: 0.664, Yaw_err_deg: 0.603
Epoch: [22/25], Batch: 1430/2963, Loss: 65.247, Trans_L2_m: 1.007, Yaw_err_deg: 0.652
Epoch: [22/25], Batch: 1440/2963, Loss: 64.971, Trans_L2_m: 1.105, Yaw_err_deg: 0.765
Epoch: [22/25], Batch: 1450/2963, Loss: 64.762, Trans_L2_m: 0.853, Yaw_err_deg: 0.872
Epoch: [22/25], Batch: 1460/2963, Loss: 62.800, Trans_L2_m: 0.820, Yaw_err_deg: 0.697
Epoch: [22/25], Batch: 1470/2963, Loss: 75.865, Trans_L2_m: 0.900, Yaw_err_deg: 0.847
Epoch: [22/25], Batch: 1480/2963, Loss: 56.845, Trans_L2_m: 0.883, Yaw_err_deg: 0.625
Epoch: [22/25], Batch: 1490/2963, Loss: 64.008, Trans_L2_m: 1.030, Yaw_err_deg: 0.649
Epoch: [22/25], Batch: 1500/2963, Loss: 59.681, Trans_L2_m: 0.868, Yaw_err_deg: 0.753
Epoch: [22/25], Batch: 1510/2963, Loss: 79.811, Trans_L2_m: 1.135, Yaw_err_deg: 0.920
Epoch: [22/25], Batch: 1520/2963, Loss: 59.348, Trans_L2_m: 0.847, Yaw_err_deg: 0.537
Epoch: [22/25], Batch: 1530/2963, Loss: 66.083, Trans_L2_m: 1.025, Yaw_err_deg: 0.755
Epoch: [22/25], Batch: 1540/2963, Loss: 67.410, Trans_L2_m: 0.741, Yaw_err_deg: 0.666
Epoch: [22/25], Batch: 1550/2963, Loss: 58.271, Trans_L2_m: 0.825, Yaw_err_deg: 0.748
Epoch: [22/25], Batch: 1560/2963, Loss: 68.047, Trans_L2_m: 0.892, Yaw_err_deg: 0.769
Epoch: [22/25], Batch: 1570/2963, Loss: 84.353, Trans_L2_m: 1.058, Yaw_err_deg: 0.710
Epoch: [22/25], Batch: 1580/2963, Loss: 69.726, Trans_L2_m: 0.992, Yaw_err_deg: 0.897
Epoch: [22/25], Batch: 1590/2963, Loss: 65.240, Trans_L2_m: 0.926, Yaw_err_deg: 0.826
Epoch: [22/25], Batch: 1600/2963, Loss: 62.632, Trans_L2_m: 0.817, Yaw_err_deg: 0.655
Epoch: [22/25], Batch: 1610/2963, Loss: 54.150, Trans_L2_m: 0.771, Yaw_err_deg: 0.711
Epoch: [22/25], Batch: 1620/2963, Loss: 63.267, Trans_L2_m: 1.008, Yaw_err_deg: 0.830
Epoch: [22/25], Batch: 1630/2963, Loss: 86.726, Trans_L2_m: 1.052, Yaw_err_deg: 1.055
Epoch: [22/25], Batch: 1640/2963, Loss: 50.435, Trans_L2_m: 0.691, Yaw_err_deg: 0.510
Epoch: [22/25], Batch: 1650/2963, Loss: 54.229, Trans_L2_m: 0.927, Yaw_err_deg: 0.759
Epoch: [22/25], Batch: 1660/2963, Loss: 58.845, Trans_L2_m: 0.739, Yaw_err_deg: 0.643
Epoch: [22/25], Batch: 1670/2963, Loss: 55.296, Trans_L2_m: 0.732, Yaw_err_deg: 0.400
Epoch: [22/25], Batch: 1680/2963, Loss: 60.990, Trans_L2_m: 0.924, Yaw_err_deg: 0.572
Epoch: [22/25], Batch: 1690/2963, Loss: 97.148, Trans_L2_m: 1.105, Yaw_err_deg: 0.850
Epoch: [22/25], Batch: 1700/2963, Loss: 62.710, Trans_L2_m: 0.875, Yaw_err_deg: 0.669
Epoch: [22/25], Batch: 1710/2963, Loss: 61.084, Trans_L2_m: 0.743, Yaw_err_deg: 0.784
Epoch: [22/25], Batch: 1720/2963, Loss: 61.721, Trans_L2_m: 0.872, Yaw_err_deg: 0.796
Epoch: [22/25], Batch: 1730/2963, Loss: 65.245, Trans_L2_m: 0.932, Yaw_err_deg: 0.999
Epoch: [22/25], Batch: 1740/2963, Loss: 67.590, Trans_L2_m: 0.982, Yaw_err_deg: 0.673
Epoch: [22/25], Batch: 1750/2963, Loss: 57.648, Trans_L2_m: 0.788, Yaw_err_deg: 0.457
Epoch: [22/25], Batch: 1760/2963, Loss: 51.187, Trans_L2_m: 0.710, Yaw_err_deg: 0.468
Epoch: [22/25], Batch: 1770/2963, Loss: 57.490, Trans_L2_m: 0.765, Yaw_err_deg: 0.591
Epoch: [22/25], Batch: 1780/2963, Loss: 68.466, Trans_L2_m: 0.798, Yaw_err_deg: 0.737
Epoch: [22/25], Batch: 1790/2963, Loss: 71.755, Trans_L2_m: 0.762, Yaw_err_deg: 1.018
Epoch: [22/25], Batch: 1800/2963, Loss: 71.307, Trans_L2_m: 0.816, Yaw_err_deg: 0.623
Epoch: [22/25], Batch: 1810/2963, Loss: 52.466, Trans_L2_m: 0.686, Yaw_err_deg: 0.743
Epoch: [22/25], Batch: 1820/2963, Loss: 69.817, Trans_L2_m: 1.311, Yaw_err_deg: 0.416
Epoch: [22/25], Batch: 1830/2963, Loss: 69.064, Trans_L2_m: 1.041, Yaw_err_deg: 0.694
Epoch: [22/25], Batch: 1840/2963, Loss: 66.829, Trans_L2_m: 1.267, Yaw_err_deg: 0.505
Epoch: [22/25], Batch: 1850/2963, Loss: 49.270, Trans_L2_m: 0.601, Yaw_err_deg: 0.611
Epoch: [22/25], Batch: 1860/2963, Loss: 82.636, Trans_L2_m: 1.116, Yaw_err_deg: 0.980
Epoch: [22/25], Batch: 1870/2963, Loss: 58.985, Trans_L2_m: 0.990, Yaw_err_deg: 0.681
Epoch: [22/25], Batch: 1880/2963, Loss: 76.665, Trans_L2_m: 1.083, Yaw_err_deg: 0.625
Epoch: [22/25], Batch: 1890/2963, Loss: 63.798, Trans_L2_m: 0.987, Yaw_err_deg: 0.891
Epoch: [22/25], Batch: 1900/2963, Loss: 71.388, Trans_L2_m: 0.856, Yaw_err_deg: 0.911
Epoch: [22/25], Batch: 1910/2963, Loss: 59.515, Trans_L2_m: 0.761, Yaw_err_deg: 0.734
Epoch: [22/25], Batch: 1920/2963, Loss: 68.379, Trans_L2_m: 1.050, Yaw_err_deg: 0.903
Epoch: [22/25], Batch: 1930/2963, Loss: 78.790, Trans_L2_m: 0.928, Yaw_err_deg: 0.832
Epoch: [22/25], Batch: 1940/2963, Loss: 70.548, Trans_L2_m: 0.837, Yaw_err_deg: 0.971
Epoch: [22/25], Batch: 1950/2963, Loss: 65.215, Trans_L2_m: 0.668, Yaw_err_deg: 0.721
Epoch: [22/25], Batch: 1960/2963, Loss: 52.489, Trans_L2_m: 0.571, Yaw_err_deg: 0.485
Epoch: [22/25], Batch: 1970/2963, Loss: 68.713, Trans_L2_m: 1.233, Yaw_err_deg: 0.993
Epoch: [22/25], Batch: 1980/2963, Loss: 65.634, Trans_L2_m: 0.951, Yaw_err_deg: 0.553
Epoch: [22/25], Batch: 1990/2963, Loss: 69.405, Trans_L2_m: 0.977, Yaw_err_deg: 0.704
Epoch: [22/25], Batch: 2000/2963, Loss: 60.659, Trans_L2_m: 0.658, Yaw_err_deg: 0.865
Epoch: [22/25], Batch: 2010/2963, Loss: 61.820, Trans_L2_m: 0.949, Yaw_err_deg: 0.824
Epoch: [22/25], Batch: 2020/2963, Loss: 54.710, Trans_L2_m: 0.624, Yaw_err_deg: 0.692
Epoch: [22/25], Batch: 2030/2963, Loss: 62.920, Trans_L2_m: 0.741, Yaw_err_deg: 0.897
Epoch: [22/25], Batch: 2040/2963, Loss: 64.636, Trans_L2_m: 0.819, Yaw_err_deg: 0.766
Epoch: [22/25], Batch: 2050/2963, Loss: 58.733, Trans_L2_m: 1.044, Yaw_err_deg: 0.638
Epoch: [22/25], Batch: 2060/2963, Loss: 72.544, Trans_L2_m: 1.137, Yaw_err_deg: 0.731
Epoch: [22/25], Batch: 2070/2963, Loss: 59.956, Trans_L2_m: 0.782, Yaw_err_deg: 0.671
Epoch: [22/25], Batch: 2080/2963, Loss: 61.084, Trans_L2_m: 0.942, Yaw_err_deg: 0.698
Epoch: [22/25], Batch: 2090/2963, Loss: 64.464, Trans_L2_m: 1.110, Yaw_err_deg: 0.464
Epoch: [22/25], Batch: 2100/2963, Loss: 65.684, Trans_L2_m: 0.848, Yaw_err_deg: 0.679
Epoch: [22/25], Batch: 2110/2963, Loss: 59.053, Trans_L2_m: 0.959, Yaw_err_deg: 0.731
Epoch: [22/25], Batch: 2120/2963, Loss: 73.381, Trans_L2_m: 1.040, Yaw_err_deg: 0.760
Epoch: [22/25], Batch: 2130/2963, Loss: 65.104, Trans_L2_m: 0.906, Yaw_err_deg: 0.587
Epoch: [22/25], Batch: 2140/2963, Loss: 58.614, Trans_L2_m: 0.897, Yaw_err_deg: 0.652
Epoch: [22/25], Batch: 2150/2963, Loss: 62.514, Trans_L2_m: 1.050, Yaw_err_deg: 0.632
Epoch: [22/25], Batch: 2160/2963, Loss: 62.618, Trans_L2_m: 0.968, Yaw_err_deg: 0.905
Epoch: [22/25], Batch: 2170/2963, Loss: 56.546, Trans_L2_m: 0.906, Yaw_err_deg: 0.456
Epoch: [22/25], Batch: 2180/2963, Loss: 72.241, Trans_L2_m: 1.242, Yaw_err_deg: 0.696
Epoch: [22/25], Batch: 2190/2963, Loss: 58.084, Trans_L2_m: 0.769, Yaw_err_deg: 0.802
Epoch: [22/25], Batch: 2200/2963, Loss: 65.935, Trans_L2_m: 1.032, Yaw_err_deg: 0.726
Epoch: [22/25], Batch: 2210/2963, Loss: 68.133, Trans_L2_m: 1.201, Yaw_err_deg: 0.574
Epoch: [22/25], Batch: 2220/2963, Loss: 65.173, Trans_L2_m: 0.565, Yaw_err_deg: 0.806
Epoch: [22/25], Batch: 2230/2963, Loss: 56.455, Trans_L2_m: 0.713, Yaw_err_deg: 0.753
Epoch: [22/25], Batch: 2240/2963, Loss: 65.749, Trans_L2_m: 0.904, Yaw_err_deg: 0.805
Epoch: [22/25], Batch: 2250/2963, Loss: 51.793, Trans_L2_m: 0.800, Yaw_err_deg: 0.582
Epoch: [22/25], Batch: 2260/2963, Loss: 61.891, Trans_L2_m: 0.745, Yaw_err_deg: 0.662
Epoch: [22/25], Batch: 2270/2963, Loss: 61.670, Trans_L2_m: 0.880, Yaw_err_deg: 0.562
Epoch: [22/25], Batch: 2280/2963, Loss: 55.343, Trans_L2_m: 0.861, Yaw_err_deg: 0.841
Epoch: [22/25], Batch: 2290/2963, Loss: 51.499, Trans_L2_m: 0.835, Yaw_err_deg: 0.453
Epoch: [22/25], Batch: 2300/2963, Loss: 56.239, Trans_L2_m: 0.827, Yaw_err_deg: 0.726
Epoch: [22/25], Batch: 2310/2963, Loss: 59.962, Trans_L2_m: 0.698, Yaw_err_deg: 0.745
Epoch: [22/25], Batch: 2320/2963, Loss: 70.227, Trans_L2_m: 1.074, Yaw_err_deg: 0.865
Epoch: [22/25], Batch: 2330/2963, Loss: 67.770, Trans_L2_m: 1.126, Yaw_err_deg: 0.809
Epoch: [22/25], Batch: 2340/2963, Loss: 70.313, Trans_L2_m: 1.116, Yaw_err_deg: 0.673
Epoch: [22/25], Batch: 2350/2963, Loss: 64.350, Trans_L2_m: 0.934, Yaw_err_deg: 0.639
Epoch: [22/25], Batch: 2360/2963, Loss: 57.424, Trans_L2_m: 0.907, Yaw_err_deg: 0.736
Epoch: [22/25], Batch: 2370/2963, Loss: 65.125, Trans_L2_m: 0.958, Yaw_err_deg: 0.599
Epoch: [22/25], Batch: 2380/2963, Loss: 54.991, Trans_L2_m: 0.906, Yaw_err_deg: 0.600
Epoch: [22/25], Batch: 2390/2963, Loss: 70.510, Trans_L2_m: 1.020, Yaw_err_deg: 0.800
Epoch: [22/25], Batch: 2400/2963, Loss: 62.171, Trans_L2_m: 0.902, Yaw_err_deg: 0.794
Epoch: [22/25], Batch: 2410/2963, Loss: 69.385, Trans_L2_m: 1.004, Yaw_err_deg: 0.747
Epoch: [22/25], Batch: 2420/2963, Loss: 62.947, Trans_L2_m: 0.743, Yaw_err_deg: 0.710
Epoch: [22/25], Batch: 2430/2963, Loss: 59.987, Trans_L2_m: 0.989, Yaw_err_deg: 0.582
Epoch: [22/25], Batch: 2440/2963, Loss: 60.220, Trans_L2_m: 0.873, Yaw_err_deg: 0.754
Epoch: [22/25], Batch: 2450/2963, Loss: 69.724, Trans_L2_m: 0.872, Yaw_err_deg: 0.612
Epoch: [22/25], Batch: 2460/2963, Loss: 66.209, Trans_L2_m: 0.765, Yaw_err_deg: 0.909
Epoch: [22/25], Batch: 2470/2963, Loss: 70.355, Trans_L2_m: 1.033, Yaw_err_deg: 0.500
Epoch: [22/25], Batch: 2480/2963, Loss: 80.375, Trans_L2_m: 1.228, Yaw_err_deg: 0.553
Epoch: [22/25], Batch: 2490/2963, Loss: 60.202, Trans_L2_m: 0.858, Yaw_err_deg: 0.620
Epoch: [22/25], Batch: 2500/2963, Loss: 60.732, Trans_L2_m: 0.762, Yaw_err_deg: 0.561
Epoch: [22/25], Batch: 2510/2963, Loss: 57.555, Trans_L2_m: 0.982, Yaw_err_deg: 0.636
Epoch: [22/25], Batch: 2520/2963, Loss: 54.694, Trans_L2_m: 0.812, Yaw_err_deg: 0.708
Epoch: [22/25], Batch: 2530/2963, Loss: 54.296, Trans_L2_m: 0.776, Yaw_err_deg: 0.746
Epoch: [22/25], Batch: 2540/2963, Loss: 61.868, Trans_L2_m: 0.881, Yaw_err_deg: 0.602
Epoch: [22/25], Batch: 2550/2963, Loss: 73.787, Trans_L2_m: 1.112, Yaw_err_deg: 0.526
Epoch: [22/25], Batch: 2560/2963, Loss: 60.166, Trans_L2_m: 0.794, Yaw_err_deg: 0.665
Epoch: [22/25], Batch: 2570/2963, Loss: 56.914, Trans_L2_m: 0.746, Yaw_err_deg: 0.594
Epoch: [22/25], Batch: 2580/2963, Loss: 61.875, Trans_L2_m: 1.263, Yaw_err_deg: 0.685
Epoch: [22/25], Batch: 2590/2963, Loss: 62.327, Trans_L2_m: 0.885, Yaw_err_deg: 0.992
Epoch: [22/25], Batch: 2600/2963, Loss: 55.766, Trans_L2_m: 0.651, Yaw_err_deg: 0.668
Epoch: [22/25], Batch: 2610/2963, Loss: 54.402, Trans_L2_m: 0.901, Yaw_err_deg: 0.563
Epoch: [22/25], Batch: 2620/2963, Loss: 66.275, Trans_L2_m: 0.690, Yaw_err_deg: 0.768
Epoch: [22/25], Batch: 2630/2963, Loss: 64.653, Trans_L2_m: 0.728, Yaw_err_deg: 0.700
Epoch: [22/25], Batch: 2640/2963, Loss: 57.357, Trans_L2_m: 0.790, Yaw_err_deg: 0.800
Epoch: [22/25], Batch: 2650/2963, Loss: 71.771, Trans_L2_m: 1.117, Yaw_err_deg: 0.951
Epoch: [22/25], Batch: 2660/2963, Loss: 72.793, Trans_L2_m: 1.037, Yaw_err_deg: 0.674
Epoch: [22/25], Batch: 2670/2963, Loss: 63.814, Trans_L2_m: 0.730, Yaw_err_deg: 0.782
Epoch: [22/25], Batch: 2680/2963, Loss: 65.376, Trans_L2_m: 0.887, Yaw_err_deg: 0.940
Epoch: [22/25], Batch: 2690/2963, Loss: 57.729, Trans_L2_m: 0.754, Yaw_err_deg: 0.668
Epoch: [22/25], Batch: 2700/2963, Loss: 56.243, Trans_L2_m: 0.589, Yaw_err_deg: 0.478
Epoch: [22/25], Batch: 2710/2963, Loss: 62.778, Trans_L2_m: 0.896, Yaw_err_deg: 0.649
Epoch: [22/25], Batch: 2720/2963, Loss: 62.686, Trans_L2_m: 0.933, Yaw_err_deg: 0.769
Epoch: [22/25], Batch: 2730/2963, Loss: 59.963, Trans_L2_m: 1.022, Yaw_err_deg: 0.684
Epoch: [22/25], Batch: 2740/2963, Loss: 71.569, Trans_L2_m: 0.983, Yaw_err_deg: 0.797
Epoch: [22/25], Batch: 2750/2963, Loss: 78.972, Trans_L2_m: 1.228, Yaw_err_deg: 0.755
Epoch: [22/25], Batch: 2760/2963, Loss: 59.040, Trans_L2_m: 0.893, Yaw_err_deg: 0.478
Epoch: [22/25], Batch: 2770/2963, Loss: 68.633, Trans_L2_m: 0.703, Yaw_err_deg: 0.769
Epoch: [22/25], Batch: 2780/2963, Loss: 61.176, Trans_L2_m: 0.787, Yaw_err_deg: 0.850
Epoch: [22/25], Batch: 2790/2963, Loss: 57.888, Trans_L2_m: 0.890, Yaw_err_deg: 0.411
Epoch: [22/25], Batch: 2800/2963, Loss: 58.751, Trans_L2_m: 0.980, Yaw_err_deg: 0.615
Epoch: [22/25], Batch: 2810/2963, Loss: 61.148, Trans_L2_m: 0.854, Yaw_err_deg: 0.791
Epoch: [22/25], Batch: 2820/2963, Loss: 62.487, Trans_L2_m: 0.916, Yaw_err_deg: 0.588
Epoch: [22/25], Batch: 2830/2963, Loss: 64.520, Trans_L2_m: 0.850, Yaw_err_deg: 0.481
Epoch: [22/25], Batch: 2840/2963, Loss: 65.053, Trans_L2_m: 0.924, Yaw_err_deg: 0.721
Epoch: [22/25], Batch: 2850/2963, Loss: 68.646, Trans_L2_m: 0.976, Yaw_err_deg: 0.849
Epoch: [22/25], Batch: 2860/2963, Loss: 59.589, Trans_L2_m: 0.794, Yaw_err_deg: 0.864
Epoch: [22/25], Batch: 2870/2963, Loss: 58.346, Trans_L2_m: 0.983, Yaw_err_deg: 0.519
Epoch: [22/25], Batch: 2880/2963, Loss: 61.903, Trans_L2_m: 0.794, Yaw_err_deg: 0.430
Epoch: [22/25], Batch: 2890/2963, Loss: 61.627, Trans_L2_m: 0.933, Yaw_err_deg: 1.131
Epoch: [22/25], Batch: 2900/2963, Loss: 53.576, Trans_L2_m: 0.792, Yaw_err_deg: 0.534
Epoch: [22/25], Batch: 2910/2963, Loss: 80.928, Trans_L2_m: 1.032, Yaw_err_deg: 0.608
Epoch: [22/25], Batch: 2920/2963, Loss: 62.361, Trans_L2_m: 0.995, Yaw_err_deg: 0.591
Epoch: [22/25], Batch: 2930/2963, Loss: 72.159, Trans_L2_m: 1.273, Yaw_err_deg: 0.743
Epoch: [22/25], Batch: 2940/2963, Loss: 58.314, Trans_L2_m: 1.021, Yaw_err_deg: 0.983
Epoch: [22/25], Batch: 2950/2963, Loss: 75.818, Trans_L2_m: 0.968, Yaw_err_deg: 0.966
Epoch: [22/25], Batch: 2960/2963, Loss: 53.664, Trans_L2_m: 0.868, Yaw_err_deg: 0.478
Validation loss (homography): 4792.8926
Avg batch time: 1137.98 ms, total: 369.070 s
[1;91mVal has no improvement vs 4605.474609375![0m
Epoch: [23/25], Batch: 0/2963, Loss: 62.001, Trans_L2_m: 0.822, Yaw_err_deg: 0.880
Epoch: [23/25], Batch: 10/2963, Loss: 64.643, Trans_L2_m: 1.002, Yaw_err_deg: 0.943
Epoch: [23/25], Batch: 20/2963, Loss: 55.477, Trans_L2_m: 0.708, Yaw_err_deg: 0.662
Epoch: [23/25], Batch: 30/2963, Loss: 66.499, Trans_L2_m: 1.098, Yaw_err_deg: 0.654
Epoch: [23/25], Batch: 40/2963, Loss: 62.876, Trans_L2_m: 0.710, Yaw_err_deg: 0.715
Epoch: [23/25], Batch: 50/2963, Loss: 71.595, Trans_L2_m: 0.946, Yaw_err_deg: 0.679
Epoch: [23/25], Batch: 60/2963, Loss: 58.993, Trans_L2_m: 0.835, Yaw_err_deg: 0.594
Epoch: [23/25], Batch: 70/2963, Loss: 59.549, Trans_L2_m: 0.781, Yaw_err_deg: 0.508
Epoch: [23/25], Batch: 80/2963, Loss: 61.394, Trans_L2_m: 1.138, Yaw_err_deg: 0.591
Epoch: [23/25], Batch: 90/2963, Loss: 47.523, Trans_L2_m: 0.810, Yaw_err_deg: 0.411
Epoch: [23/25], Batch: 100/2963, Loss: 75.603, Trans_L2_m: 1.202, Yaw_err_deg: 0.856
Epoch: [23/25], Batch: 110/2963, Loss: 55.656, Trans_L2_m: 0.724, Yaw_err_deg: 0.497
Epoch: [23/25], Batch: 120/2963, Loss: 56.013, Trans_L2_m: 0.881, Yaw_err_deg: 0.642
Epoch: [23/25], Batch: 130/2963, Loss: 66.446, Trans_L2_m: 0.987, Yaw_err_deg: 0.812
Epoch: [23/25], Batch: 140/2963, Loss: 58.490, Trans_L2_m: 0.816, Yaw_err_deg: 0.518
Epoch: [23/25], Batch: 150/2963, Loss: 52.326, Trans_L2_m: 0.846, Yaw_err_deg: 0.387
Epoch: [23/25], Batch: 160/2963, Loss: 56.715, Trans_L2_m: 0.863, Yaw_err_deg: 0.779
Epoch: [23/25], Batch: 170/2963, Loss: 63.515, Trans_L2_m: 0.990, Yaw_err_deg: 0.953
Epoch: [23/25], Batch: 180/2963, Loss: 68.760, Trans_L2_m: 0.933, Yaw_err_deg: 0.566
Epoch: [23/25], Batch: 190/2963, Loss: 61.017, Trans_L2_m: 0.621, Yaw_err_deg: 0.705
Epoch: [23/25], Batch: 200/2963, Loss: 60.337, Trans_L2_m: 0.818, Yaw_err_deg: 0.946
Epoch: [23/25], Batch: 210/2963, Loss: 58.763, Trans_L2_m: 0.808, Yaw_err_deg: 0.780
Epoch: [23/25], Batch: 220/2963, Loss: 60.287, Trans_L2_m: 0.883, Yaw_err_deg: 0.599
Epoch: [23/25], Batch: 230/2963, Loss: 55.975, Trans_L2_m: 0.926, Yaw_err_deg: 0.808
Epoch: [23/25], Batch: 240/2963, Loss: 63.681, Trans_L2_m: 0.755, Yaw_err_deg: 0.769
Epoch: [23/25], Batch: 250/2963, Loss: 58.418, Trans_L2_m: 0.763, Yaw_err_deg: 0.900
Epoch: [23/25], Batch: 260/2963, Loss: 55.826, Trans_L2_m: 0.873, Yaw_err_deg: 0.637
Epoch: [23/25], Batch: 270/2963, Loss: 57.347, Trans_L2_m: 0.837, Yaw_err_deg: 0.641
Epoch: [23/25], Batch: 280/2963, Loss: 64.518, Trans_L2_m: 0.799, Yaw_err_deg: 0.946
Epoch: [23/25], Batch: 290/2963, Loss: 64.552, Trans_L2_m: 0.823, Yaw_err_deg: 0.615
Epoch: [23/25], Batch: 300/2963, Loss: 57.762, Trans_L2_m: 0.840, Yaw_err_deg: 0.574
Epoch: [23/25], Batch: 310/2963, Loss: 71.867, Trans_L2_m: 1.197, Yaw_err_deg: 0.826
Epoch: [23/25], Batch: 320/2963, Loss: 64.457, Trans_L2_m: 0.934, Yaw_err_deg: 0.745
Epoch: [23/25], Batch: 330/2963, Loss: 75.276, Trans_L2_m: 1.053, Yaw_err_deg: 1.163
Epoch: [23/25], Batch: 340/2963, Loss: 59.169, Trans_L2_m: 0.747, Yaw_err_deg: 0.738
Epoch: [23/25], Batch: 350/2963, Loss: 53.887, Trans_L2_m: 0.787, Yaw_err_deg: 0.664
Epoch: [23/25], Batch: 360/2963, Loss: 64.959, Trans_L2_m: 0.844, Yaw_err_deg: 0.601
Epoch: [23/25], Batch: 370/2963, Loss: 53.065, Trans_L2_m: 0.749, Yaw_err_deg: 0.474
Epoch: [23/25], Batch: 380/2963, Loss: 55.363, Trans_L2_m: 0.930, Yaw_err_deg: 0.676
Epoch: [23/25], Batch: 390/2963, Loss: 71.316, Trans_L2_m: 1.045, Yaw_err_deg: 0.728
Epoch: [23/25], Batch: 400/2963, Loss: 66.521, Trans_L2_m: 1.041, Yaw_err_deg: 0.769
Epoch: [23/25], Batch: 410/2963, Loss: 55.290, Trans_L2_m: 0.928, Yaw_err_deg: 0.819
Epoch: [23/25], Batch: 420/2963, Loss: 64.460, Trans_L2_m: 0.913, Yaw_err_deg: 0.729
Epoch: [23/25], Batch: 430/2963, Loss: 57.663, Trans_L2_m: 0.812, Yaw_err_deg: 0.767
Epoch: [23/25], Batch: 440/2963, Loss: 57.364, Trans_L2_m: 0.675, Yaw_err_deg: 0.518
Epoch: [23/25], Batch: 450/2963, Loss: 50.926, Trans_L2_m: 0.719, Yaw_err_deg: 0.390
Epoch: [23/25], Batch: 460/2963, Loss: 64.387, Trans_L2_m: 0.878, Yaw_err_deg: 0.970
Epoch: [23/25], Batch: 470/2963, Loss: 58.826, Trans_L2_m: 0.704, Yaw_err_deg: 0.774
Epoch: [23/25], Batch: 480/2963, Loss: 52.742, Trans_L2_m: 0.750, Yaw_err_deg: 0.646
Epoch: [23/25], Batch: 490/2963, Loss: 54.204, Trans_L2_m: 0.842, Yaw_err_deg: 0.954
Epoch: [23/25], Batch: 500/2963, Loss: 58.196, Trans_L2_m: 0.687, Yaw_err_deg: 0.601
Epoch: [23/25], Batch: 510/2963, Loss: 61.154, Trans_L2_m: 0.835, Yaw_err_deg: 0.895
Epoch: [23/25], Batch: 520/2963, Loss: 56.755, Trans_L2_m: 0.923, Yaw_err_deg: 0.648
Epoch: [23/25], Batch: 530/2963, Loss: 62.159, Trans_L2_m: 0.940, Yaw_err_deg: 0.459
Epoch: [23/25], Batch: 540/2963, Loss: 71.976, Trans_L2_m: 1.118, Yaw_err_deg: 0.440
Epoch: [23/25], Batch: 550/2963, Loss: 60.364, Trans_L2_m: 0.966, Yaw_err_deg: 0.857
Epoch: [23/25], Batch: 560/2963, Loss: 58.735, Trans_L2_m: 0.852, Yaw_err_deg: 0.599
Epoch: [23/25], Batch: 570/2963, Loss: 58.483, Trans_L2_m: 0.904, Yaw_err_deg: 0.590
Epoch: [23/25], Batch: 580/2963, Loss: 63.723, Trans_L2_m: 0.872, Yaw_err_deg: 0.988
Epoch: [23/25], Batch: 590/2963, Loss: 62.941, Trans_L2_m: 0.956, Yaw_err_deg: 0.633
Epoch: [23/25], Batch: 600/2963, Loss: 66.888, Trans_L2_m: 0.943, Yaw_err_deg: 0.795
Epoch: [23/25], Batch: 610/2963, Loss: 56.072, Trans_L2_m: 0.813, Yaw_err_deg: 0.575
Epoch: [23/25], Batch: 620/2963, Loss: 59.821, Trans_L2_m: 0.689, Yaw_err_deg: 0.625
Epoch: [23/25], Batch: 630/2963, Loss: 64.068, Trans_L2_m: 0.872, Yaw_err_deg: 1.041
Epoch: [23/25], Batch: 640/2963, Loss: 56.218, Trans_L2_m: 0.701, Yaw_err_deg: 0.736
Epoch: [23/25], Batch: 650/2963, Loss: 65.750, Trans_L2_m: 0.777, Yaw_err_deg: 0.655
Epoch: [23/25], Batch: 660/2963, Loss: 61.968, Trans_L2_m: 1.079, Yaw_err_deg: 0.522
Epoch: [23/25], Batch: 670/2963, Loss: 60.554, Trans_L2_m: 0.770, Yaw_err_deg: 0.574
Epoch: [23/25], Batch: 680/2963, Loss: 63.235, Trans_L2_m: 0.868, Yaw_err_deg: 0.773
Epoch: [23/25], Batch: 690/2963, Loss: 54.594, Trans_L2_m: 0.580, Yaw_err_deg: 0.714
Epoch: [23/25], Batch: 700/2963, Loss: 65.255, Trans_L2_m: 0.809, Yaw_err_deg: 0.622
Epoch: [23/25], Batch: 710/2963, Loss: 63.992, Trans_L2_m: 0.882, Yaw_err_deg: 0.814
Epoch: [23/25], Batch: 720/2963, Loss: 51.543, Trans_L2_m: 0.686, Yaw_err_deg: 0.563
Epoch: [23/25], Batch: 730/2963, Loss: 58.521, Trans_L2_m: 0.779, Yaw_err_deg: 0.726
Epoch: [23/25], Batch: 740/2963, Loss: 59.652, Trans_L2_m: 0.785, Yaw_err_deg: 0.602
Epoch: [23/25], Batch: 750/2963, Loss: 57.447, Trans_L2_m: 0.824, Yaw_err_deg: 0.513
Epoch: [23/25], Batch: 760/2963, Loss: 61.693, Trans_L2_m: 0.885, Yaw_err_deg: 0.702
Epoch: [23/25], Batch: 770/2963, Loss: 57.302, Trans_L2_m: 0.705, Yaw_err_deg: 0.626
Epoch: [23/25], Batch: 780/2963, Loss: 74.800, Trans_L2_m: 1.009, Yaw_err_deg: 0.881
Epoch: [23/25], Batch: 790/2963, Loss: 60.934, Trans_L2_m: 0.769, Yaw_err_deg: 0.786
Epoch: [23/25], Batch: 800/2963, Loss: 55.283, Trans_L2_m: 0.655, Yaw_err_deg: 0.653
Epoch: [23/25], Batch: 810/2963, Loss: 59.152, Trans_L2_m: 0.697, Yaw_err_deg: 0.632
Epoch: [23/25], Batch: 820/2963, Loss: 62.408, Trans_L2_m: 0.969, Yaw_err_deg: 0.732
Epoch: [23/25], Batch: 830/2963, Loss: 57.029, Trans_L2_m: 0.742, Yaw_err_deg: 0.596
Epoch: [23/25], Batch: 840/2963, Loss: 50.177, Trans_L2_m: 0.814, Yaw_err_deg: 0.616
Epoch: [23/25], Batch: 850/2963, Loss: 55.689, Trans_L2_m: 0.677, Yaw_err_deg: 0.598
Epoch: [23/25], Batch: 860/2963, Loss: 62.739, Trans_L2_m: 0.817, Yaw_err_deg: 0.739
Epoch: [23/25], Batch: 870/2963, Loss: 70.828, Trans_L2_m: 0.934, Yaw_err_deg: 0.790
Epoch: [23/25], Batch: 880/2963, Loss: 54.973, Trans_L2_m: 0.839, Yaw_err_deg: 0.615
Epoch: [23/25], Batch: 890/2963, Loss: 150.077, Trans_L2_m: 1.714, Yaw_err_deg: 0.839
Epoch: [23/25], Batch: 900/2963, Loss: 57.151, Trans_L2_m: 0.852, Yaw_err_deg: 0.881
Epoch: [23/25], Batch: 910/2963, Loss: 53.492, Trans_L2_m: 0.549, Yaw_err_deg: 0.457
Epoch: [23/25], Batch: 920/2963, Loss: 55.177, Trans_L2_m: 0.632, Yaw_err_deg: 0.498
Epoch: [23/25], Batch: 930/2963, Loss: 61.104, Trans_L2_m: 0.881, Yaw_err_deg: 0.487
Epoch: [23/25], Batch: 940/2963, Loss: 60.849, Trans_L2_m: 0.878, Yaw_err_deg: 0.608
Epoch: [23/25], Batch: 950/2963, Loss: 58.102, Trans_L2_m: 0.740, Yaw_err_deg: 0.857
Epoch: [23/25], Batch: 960/2963, Loss: 59.650, Trans_L2_m: 0.774, Yaw_err_deg: 0.700
Epoch: [23/25], Batch: 970/2963, Loss: 58.422, Trans_L2_m: 0.757, Yaw_err_deg: 0.479
Epoch: [23/25], Batch: 980/2963, Loss: 69.243, Trans_L2_m: 0.879, Yaw_err_deg: 0.595
Epoch: [23/25], Batch: 990/2963, Loss: 58.111, Trans_L2_m: 0.614, Yaw_err_deg: 0.613
Epoch: [23/25], Batch: 1000/2963, Loss: 59.123, Trans_L2_m: 0.714, Yaw_err_deg: 0.807
Epoch: [23/25], Batch: 1010/2963, Loss: 60.224, Trans_L2_m: 0.656, Yaw_err_deg: 0.745
Epoch: [23/25], Batch: 1020/2963, Loss: 62.958, Trans_L2_m: 0.849, Yaw_err_deg: 0.754
Epoch: [23/25], Batch: 1030/2963, Loss: 58.096, Trans_L2_m: 0.663, Yaw_err_deg: 0.934
Epoch: [23/25], Batch: 1040/2963, Loss: 52.985, Trans_L2_m: 0.904, Yaw_err_deg: 0.419
Epoch: [23/25], Batch: 1050/2963, Loss: 60.002, Trans_L2_m: 0.793, Yaw_err_deg: 0.553
Epoch: [23/25], Batch: 1060/2963, Loss: 62.923, Trans_L2_m: 0.931, Yaw_err_deg: 0.587
Epoch: [23/25], Batch: 1070/2963, Loss: 70.757, Trans_L2_m: 0.927, Yaw_err_deg: 0.689
Epoch: [23/25], Batch: 1080/2963, Loss: 60.099, Trans_L2_m: 0.873, Yaw_err_deg: 0.652
Epoch: [23/25], Batch: 1090/2963, Loss: 70.897, Trans_L2_m: 0.889, Yaw_err_deg: 0.726
Epoch: [23/25], Batch: 1100/2963, Loss: 50.682, Trans_L2_m: 0.737, Yaw_err_deg: 0.454
Epoch: [23/25], Batch: 1110/2963, Loss: 52.189, Trans_L2_m: 0.627, Yaw_err_deg: 0.526
Epoch: [23/25], Batch: 1120/2963, Loss: 63.119, Trans_L2_m: 0.949, Yaw_err_deg: 0.780
Epoch: [23/25], Batch: 1130/2963, Loss: 52.510, Trans_L2_m: 0.567, Yaw_err_deg: 0.494
Epoch: [23/25], Batch: 1140/2963, Loss: 55.412, Trans_L2_m: 0.723, Yaw_err_deg: 0.529
Epoch: [23/25], Batch: 1150/2963, Loss: 56.140, Trans_L2_m: 0.748, Yaw_err_deg: 0.671
Epoch: [23/25], Batch: 1160/2963, Loss: 64.030, Trans_L2_m: 0.828, Yaw_err_deg: 1.040
Epoch: [23/25], Batch: 1170/2963, Loss: 71.265, Trans_L2_m: 0.702, Yaw_err_deg: 0.944
Epoch: [23/25], Batch: 1180/2963, Loss: 50.518, Trans_L2_m: 0.575, Yaw_err_deg: 0.590
Epoch: [23/25], Batch: 1190/2963, Loss: 60.435, Trans_L2_m: 0.678, Yaw_err_deg: 0.647
Epoch: [23/25], Batch: 1200/2963, Loss: 61.985, Trans_L2_m: 0.697, Yaw_err_deg: 0.683
Epoch: [23/25], Batch: 1210/2963, Loss: 67.654, Trans_L2_m: 1.114, Yaw_err_deg: 0.949
Epoch: [23/25], Batch: 1220/2963, Loss: 63.695, Trans_L2_m: 0.881, Yaw_err_deg: 0.935
Epoch: [23/25], Batch: 1230/2963, Loss: 66.247, Trans_L2_m: 0.798, Yaw_err_deg: 0.384
Epoch: [23/25], Batch: 1240/2963, Loss: 56.459, Trans_L2_m: 0.594, Yaw_err_deg: 0.446
Epoch: [23/25], Batch: 1250/2963, Loss: 58.876, Trans_L2_m: 0.810, Yaw_err_deg: 0.790
Epoch: [23/25], Batch: 1260/2963, Loss: 60.603, Trans_L2_m: 0.706, Yaw_err_deg: 0.681
Epoch: [23/25], Batch: 1270/2963, Loss: 53.052, Trans_L2_m: 0.620, Yaw_err_deg: 0.672
Epoch: [23/25], Batch: 1280/2963, Loss: 53.435, Trans_L2_m: 0.737, Yaw_err_deg: 0.819
Epoch: [23/25], Batch: 1290/2963, Loss: 57.446, Trans_L2_m: 0.739, Yaw_err_deg: 0.657
Epoch: [23/25], Batch: 1300/2963, Loss: 52.224, Trans_L2_m: 0.763, Yaw_err_deg: 0.538
Epoch: [23/25], Batch: 1310/2963, Loss: 63.128, Trans_L2_m: 0.801, Yaw_err_deg: 0.470
Epoch: [23/25], Batch: 1320/2963, Loss: 53.834, Trans_L2_m: 0.854, Yaw_err_deg: 0.730
Epoch: [23/25], Batch: 1330/2963, Loss: 63.762, Trans_L2_m: 0.581, Yaw_err_deg: 0.864
Epoch: [23/25], Batch: 1340/2963, Loss: 65.732, Trans_L2_m: 0.907, Yaw_err_deg: 0.594
Epoch: [23/25], Batch: 1350/2963, Loss: 58.795, Trans_L2_m: 0.738, Yaw_err_deg: 0.659
Epoch: [23/25], Batch: 1360/2963, Loss: 64.794, Trans_L2_m: 0.876, Yaw_err_deg: 0.712
Epoch: [23/25], Batch: 1370/2963, Loss: 54.421, Trans_L2_m: 0.895, Yaw_err_deg: 0.560
Epoch: [23/25], Batch: 1380/2963, Loss: 77.253, Trans_L2_m: 1.188, Yaw_err_deg: 0.566
Epoch: [23/25], Batch: 1390/2963, Loss: 71.875, Trans_L2_m: 0.931, Yaw_err_deg: 0.501
Epoch: [23/25], Batch: 1400/2963, Loss: 56.188, Trans_L2_m: 0.910, Yaw_err_deg: 0.599
Epoch: [23/25], Batch: 1410/2963, Loss: 62.248, Trans_L2_m: 0.612, Yaw_err_deg: 0.692
Epoch: [23/25], Batch: 1420/2963, Loss: 60.705, Trans_L2_m: 0.976, Yaw_err_deg: 0.693
Epoch: [23/25], Batch: 1430/2963, Loss: 49.746, Trans_L2_m: 0.776, Yaw_err_deg: 0.441
Epoch: [23/25], Batch: 1440/2963, Loss: 60.654, Trans_L2_m: 0.681, Yaw_err_deg: 0.559
Epoch: [23/25], Batch: 1450/2963, Loss: 59.616, Trans_L2_m: 0.690, Yaw_err_deg: 0.694
Epoch: [23/25], Batch: 1460/2963, Loss: 64.330, Trans_L2_m: 1.096, Yaw_err_deg: 0.676
Epoch: [23/25], Batch: 1470/2963, Loss: 61.301, Trans_L2_m: 0.783, Yaw_err_deg: 0.639
Epoch: [23/25], Batch: 1480/2963, Loss: 62.026, Trans_L2_m: 0.810, Yaw_err_deg: 0.758
Epoch: [23/25], Batch: 1490/2963, Loss: 62.459, Trans_L2_m: 0.970, Yaw_err_deg: 0.741
Epoch: [23/25], Batch: 1500/2963, Loss: 58.121, Trans_L2_m: 0.747, Yaw_err_deg: 0.614
Epoch: [23/25], Batch: 1510/2963, Loss: 53.416, Trans_L2_m: 0.683, Yaw_err_deg: 0.465
Epoch: [23/25], Batch: 1520/2963, Loss: 54.467, Trans_L2_m: 0.933, Yaw_err_deg: 0.585
Epoch: [23/25], Batch: 1530/2963, Loss: 57.355, Trans_L2_m: 0.648, Yaw_err_deg: 0.876
Epoch: [23/25], Batch: 1540/2963, Loss: 49.901, Trans_L2_m: 0.822, Yaw_err_deg: 0.484
Epoch: [23/25], Batch: 1550/2963, Loss: 54.688, Trans_L2_m: 0.706, Yaw_err_deg: 0.697
Epoch: [23/25], Batch: 1560/2963, Loss: 62.027, Trans_L2_m: 0.886, Yaw_err_deg: 0.826
Epoch: [23/25], Batch: 1570/2963, Loss: 68.174, Trans_L2_m: 0.817, Yaw_err_deg: 0.785
Epoch: [23/25], Batch: 1580/2963, Loss: 55.930, Trans_L2_m: 0.764, Yaw_err_deg: 0.707
Epoch: [23/25], Batch: 1590/2963, Loss: 59.038, Trans_L2_m: 0.727, Yaw_err_deg: 0.901
Epoch: [23/25], Batch: 1600/2963, Loss: 59.946, Trans_L2_m: 0.892, Yaw_err_deg: 0.775
Epoch: [23/25], Batch: 1610/2963, Loss: 72.717, Trans_L2_m: 1.033, Yaw_err_deg: 1.081
Epoch: [23/25], Batch: 1620/2963, Loss: 53.242, Trans_L2_m: 0.870, Yaw_err_deg: 0.466
Epoch: [23/25], Batch: 1630/2963, Loss: 60.336, Trans_L2_m: 0.868, Yaw_err_deg: 0.687
Epoch: [23/25], Batch: 1640/2963, Loss: 48.620, Trans_L2_m: 0.737, Yaw_err_deg: 0.465
Epoch: [23/25], Batch: 1650/2963, Loss: 62.401, Trans_L2_m: 0.698, Yaw_err_deg: 0.522
Epoch: [23/25], Batch: 1660/2963, Loss: 67.509, Trans_L2_m: 0.801, Yaw_err_deg: 0.933
Epoch: [23/25], Batch: 1670/2963, Loss: 68.122, Trans_L2_m: 0.965, Yaw_err_deg: 0.636
Epoch: [23/25], Batch: 1680/2963, Loss: 51.556, Trans_L2_m: 0.663, Yaw_err_deg: 0.663
Epoch: [23/25], Batch: 1690/2963, Loss: 89.807, Trans_L2_m: 1.253, Yaw_err_deg: 0.817
Epoch: [23/25], Batch: 1700/2963, Loss: 68.684, Trans_L2_m: 1.219, Yaw_err_deg: 0.636
Epoch: [23/25], Batch: 1710/2963, Loss: 62.644, Trans_L2_m: 1.036, Yaw_err_deg: 0.675
Epoch: [23/25], Batch: 1720/2963, Loss: 52.752, Trans_L2_m: 0.733, Yaw_err_deg: 0.610
Epoch: [23/25], Batch: 1730/2963, Loss: 66.233, Trans_L2_m: 1.024, Yaw_err_deg: 0.668
Epoch: [23/25], Batch: 1740/2963, Loss: 61.523, Trans_L2_m: 0.601, Yaw_err_deg: 0.505
Epoch: [23/25], Batch: 1750/2963, Loss: 80.252, Trans_L2_m: 1.027, Yaw_err_deg: 0.965
Epoch: [23/25], Batch: 1760/2963, Loss: 56.128, Trans_L2_m: 0.666, Yaw_err_deg: 0.724
Epoch: [23/25], Batch: 1770/2963, Loss: 63.347, Trans_L2_m: 0.752, Yaw_err_deg: 0.640
Epoch: [23/25], Batch: 1780/2963, Loss: 53.787, Trans_L2_m: 0.857, Yaw_err_deg: 0.610
Epoch: [23/25], Batch: 1790/2963, Loss: 57.957, Trans_L2_m: 0.966, Yaw_err_deg: 0.598
Epoch: [23/25], Batch: 1800/2963, Loss: 56.350, Trans_L2_m: 0.597, Yaw_err_deg: 0.886
Epoch: [23/25], Batch: 1810/2963, Loss: 48.917, Trans_L2_m: 0.560, Yaw_err_deg: 0.699
Epoch: [23/25], Batch: 1820/2963, Loss: 51.922, Trans_L2_m: 0.504, Yaw_err_deg: 0.709
Epoch: [23/25], Batch: 1830/2963, Loss: 50.219, Trans_L2_m: 0.705, Yaw_err_deg: 0.469
Epoch: [23/25], Batch: 1840/2963, Loss: 62.149, Trans_L2_m: 0.760, Yaw_err_deg: 1.111
Epoch: [23/25], Batch: 1850/2963, Loss: 74.102, Trans_L2_m: 0.939, Yaw_err_deg: 0.792
Epoch: [23/25], Batch: 1860/2963, Loss: 62.080, Trans_L2_m: 0.773, Yaw_err_deg: 0.751
Epoch: [23/25], Batch: 1870/2963, Loss: 77.911, Trans_L2_m: 1.146, Yaw_err_deg: 0.811
Epoch: [23/25], Batch: 1880/2963, Loss: 71.764, Trans_L2_m: 0.856, Yaw_err_deg: 0.718
Epoch: [23/25], Batch: 1890/2963, Loss: 51.730, Trans_L2_m: 0.602, Yaw_err_deg: 0.719
Epoch: [23/25], Batch: 1900/2963, Loss: 53.180, Trans_L2_m: 0.623, Yaw_err_deg: 0.692
Epoch: [23/25], Batch: 1910/2963, Loss: 58.620, Trans_L2_m: 0.719, Yaw_err_deg: 0.869
Epoch: [23/25], Batch: 1920/2963, Loss: 65.795, Trans_L2_m: 0.815, Yaw_err_deg: 0.846
Epoch: [23/25], Batch: 1930/2963, Loss: 70.700, Trans_L2_m: 0.886, Yaw_err_deg: 0.849
Epoch: [23/25], Batch: 1940/2963, Loss: 60.724, Trans_L2_m: 0.929, Yaw_err_deg: 0.551
Epoch: [23/25], Batch: 1950/2963, Loss: 53.373, Trans_L2_m: 0.516, Yaw_err_deg: 0.692
Epoch: [23/25], Batch: 1960/2963, Loss: 66.146, Trans_L2_m: 1.105, Yaw_err_deg: 0.649
Epoch: [23/25], Batch: 1970/2963, Loss: 65.880, Trans_L2_m: 0.952, Yaw_err_deg: 0.595
Epoch: [23/25], Batch: 1980/2963, Loss: 55.822, Trans_L2_m: 0.882, Yaw_err_deg: 0.603
Epoch: [23/25], Batch: 1990/2963, Loss: 53.058, Trans_L2_m: 0.684, Yaw_err_deg: 0.638
Epoch: [23/25], Batch: 2000/2963, Loss: 65.706, Trans_L2_m: 0.868, Yaw_err_deg: 0.513
Epoch: [23/25], Batch: 2010/2963, Loss: 68.196, Trans_L2_m: 0.654, Yaw_err_deg: 0.741
Epoch: [23/25], Batch: 2020/2963, Loss: 57.038, Trans_L2_m: 0.742, Yaw_err_deg: 0.966
Epoch: [23/25], Batch: 2030/2963, Loss: 51.768, Trans_L2_m: 0.652, Yaw_err_deg: 0.485
Epoch: [23/25], Batch: 2040/2963, Loss: 63.650, Trans_L2_m: 1.066, Yaw_err_deg: 0.720
Epoch: [23/25], Batch: 2050/2963, Loss: 70.833, Trans_L2_m: 0.825, Yaw_err_deg: 0.823
Epoch: [23/25], Batch: 2060/2963, Loss: 46.869, Trans_L2_m: 0.705, Yaw_err_deg: 0.580
Epoch: [23/25], Batch: 2070/2963, Loss: 53.452, Trans_L2_m: 0.668, Yaw_err_deg: 0.627
Epoch: [23/25], Batch: 2080/2963, Loss: 56.894, Trans_L2_m: 0.686, Yaw_err_deg: 0.805
Epoch: [23/25], Batch: 2090/2963, Loss: 56.778, Trans_L2_m: 0.939, Yaw_err_deg: 0.717
Epoch: [23/25], Batch: 2100/2963, Loss: 64.621, Trans_L2_m: 1.043, Yaw_err_deg: 0.883
Epoch: [23/25], Batch: 2110/2963, Loss: 53.626, Trans_L2_m: 0.727, Yaw_err_deg: 0.552
Epoch: [23/25], Batch: 2120/2963, Loss: 58.822, Trans_L2_m: 0.779, Yaw_err_deg: 0.583
Epoch: [23/25], Batch: 2130/2963, Loss: 56.301, Trans_L2_m: 0.781, Yaw_err_deg: 0.728
Epoch: [23/25], Batch: 2140/2963, Loss: 68.292, Trans_L2_m: 1.039, Yaw_err_deg: 0.744
Epoch: [23/25], Batch: 2150/2963, Loss: 51.448, Trans_L2_m: 0.670, Yaw_err_deg: 0.579
Epoch: [23/25], Batch: 2160/2963, Loss: 69.890, Trans_L2_m: 0.820, Yaw_err_deg: 0.612
Epoch: [23/25], Batch: 2170/2963, Loss: 57.587, Trans_L2_m: 0.642, Yaw_err_deg: 0.464
Epoch: [23/25], Batch: 2180/2963, Loss: 62.308, Trans_L2_m: 0.956, Yaw_err_deg: 0.848
Epoch: [23/25], Batch: 2190/2963, Loss: 62.217, Trans_L2_m: 0.966, Yaw_err_deg: 0.709
Epoch: [23/25], Batch: 2200/2963, Loss: 62.540, Trans_L2_m: 0.768, Yaw_err_deg: 0.575
Epoch: [23/25], Batch: 2210/2963, Loss: 47.504, Trans_L2_m: 0.484, Yaw_err_deg: 0.514
Epoch: [23/25], Batch: 2220/2963, Loss: 64.771, Trans_L2_m: 0.813, Yaw_err_deg: 0.554
Epoch: [23/25], Batch: 2230/2963, Loss: 65.190, Trans_L2_m: 0.869, Yaw_err_deg: 0.612
Epoch: [23/25], Batch: 2240/2963, Loss: 50.263, Trans_L2_m: 0.651, Yaw_err_deg: 0.531
Epoch: [23/25], Batch: 2250/2963, Loss: 73.348, Trans_L2_m: 1.219, Yaw_err_deg: 0.906
Epoch: [23/25], Batch: 2260/2963, Loss: 58.415, Trans_L2_m: 0.725, Yaw_err_deg: 0.625
Epoch: [23/25], Batch: 2270/2963, Loss: 59.666, Trans_L2_m: 0.718, Yaw_err_deg: 0.720
Epoch: [23/25], Batch: 2280/2963, Loss: 55.116, Trans_L2_m: 0.736, Yaw_err_deg: 0.484
Epoch: [23/25], Batch: 2290/2963, Loss: 62.586, Trans_L2_m: 0.853, Yaw_err_deg: 0.567
Epoch: [23/25], Batch: 2300/2963, Loss: 57.224, Trans_L2_m: 0.961, Yaw_err_deg: 0.673
Epoch: [23/25], Batch: 2310/2963, Loss: 67.068, Trans_L2_m: 0.740, Yaw_err_deg: 0.902
Epoch: [23/25], Batch: 2320/2963, Loss: 69.328, Trans_L2_m: 0.818, Yaw_err_deg: 0.623
Epoch: [23/25], Batch: 2330/2963, Loss: 69.285, Trans_L2_m: 0.850, Yaw_err_deg: 0.650
Epoch: [23/25], Batch: 2340/2963, Loss: 60.352, Trans_L2_m: 0.809, Yaw_err_deg: 0.840
Epoch: [23/25], Batch: 2350/2963, Loss: 52.833, Trans_L2_m: 0.699, Yaw_err_deg: 0.650
Epoch: [23/25], Batch: 2360/2963, Loss: 66.609, Trans_L2_m: 0.907, Yaw_err_deg: 0.875
Epoch: [23/25], Batch: 2370/2963, Loss: 60.900, Trans_L2_m: 0.773, Yaw_err_deg: 0.850
Epoch: [23/25], Batch: 2380/2963, Loss: 62.744, Trans_L2_m: 0.848, Yaw_err_deg: 0.711
Epoch: [23/25], Batch: 2390/2963, Loss: 55.899, Trans_L2_m: 0.859, Yaw_err_deg: 0.950
Epoch: [23/25], Batch: 2400/2963, Loss: 63.968, Trans_L2_m: 0.824, Yaw_err_deg: 0.728
Epoch: [23/25], Batch: 2410/2963, Loss: 58.950, Trans_L2_m: 0.911, Yaw_err_deg: 0.755
Epoch: [23/25], Batch: 2420/2963, Loss: 67.034, Trans_L2_m: 0.779, Yaw_err_deg: 0.854
Epoch: [23/25], Batch: 2430/2963, Loss: 59.745, Trans_L2_m: 0.888, Yaw_err_deg: 0.756
Epoch: [23/25], Batch: 2440/2963, Loss: 61.294, Trans_L2_m: 1.175, Yaw_err_deg: 0.477
Epoch: [23/25], Batch: 2450/2963, Loss: 59.486, Trans_L2_m: 0.836, Yaw_err_deg: 0.655
Epoch: [23/25], Batch: 2460/2963, Loss: 57.811, Trans_L2_m: 0.734, Yaw_err_deg: 0.901
Epoch: [23/25], Batch: 2470/2963, Loss: 66.280, Trans_L2_m: 1.108, Yaw_err_deg: 0.535
Epoch: [23/25], Batch: 2480/2963, Loss: 105.223, Trans_L2_m: 1.791, Yaw_err_deg: 0.420
Epoch: [23/25], Batch: 2490/2963, Loss: 55.598, Trans_L2_m: 0.948, Yaw_err_deg: 0.808
Epoch: [23/25], Batch: 2500/2963, Loss: 64.750, Trans_L2_m: 0.896, Yaw_err_deg: 0.569
Epoch: [23/25], Batch: 2510/2963, Loss: 75.975, Trans_L2_m: 1.389, Yaw_err_deg: 0.561
Epoch: [23/25], Batch: 2520/2963, Loss: 58.426, Trans_L2_m: 0.789, Yaw_err_deg: 0.632
Epoch: [23/25], Batch: 2530/2963, Loss: 65.345, Trans_L2_m: 0.749, Yaw_err_deg: 0.924
Epoch: [23/25], Batch: 2540/2963, Loss: 61.849, Trans_L2_m: 0.720, Yaw_err_deg: 0.952
Epoch: [23/25], Batch: 2550/2963, Loss: 67.318, Trans_L2_m: 0.691, Yaw_err_deg: 0.805
Epoch: [23/25], Batch: 2560/2963, Loss: 62.774, Trans_L2_m: 0.902, Yaw_err_deg: 0.712
Epoch: [23/25], Batch: 2570/2963, Loss: 54.980, Trans_L2_m: 0.855, Yaw_err_deg: 0.616
Epoch: [23/25], Batch: 2580/2963, Loss: 52.797, Trans_L2_m: 0.695, Yaw_err_deg: 0.531
Epoch: [23/25], Batch: 2590/2963, Loss: 60.507, Trans_L2_m: 0.823, Yaw_err_deg: 0.578
Epoch: [23/25], Batch: 2600/2963, Loss: 60.583, Trans_L2_m: 0.718, Yaw_err_deg: 0.709
Epoch: [23/25], Batch: 2610/2963, Loss: 53.397, Trans_L2_m: 0.879, Yaw_err_deg: 0.530
Epoch: [23/25], Batch: 2620/2963, Loss: 57.188, Trans_L2_m: 0.657, Yaw_err_deg: 0.590
Epoch: [23/25], Batch: 2630/2963, Loss: 59.271, Trans_L2_m: 0.849, Yaw_err_deg: 0.693
Epoch: [23/25], Batch: 2640/2963, Loss: 54.829, Trans_L2_m: 0.768, Yaw_err_deg: 0.708
Epoch: [23/25], Batch: 2650/2963, Loss: 67.153, Trans_L2_m: 1.102, Yaw_err_deg: 0.619
Epoch: [23/25], Batch: 2660/2963, Loss: 65.504, Trans_L2_m: 1.012, Yaw_err_deg: 0.791
Epoch: [23/25], Batch: 2670/2963, Loss: 61.609, Trans_L2_m: 0.738, Yaw_err_deg: 0.746
Epoch: [23/25], Batch: 2680/2963, Loss: 57.977, Trans_L2_m: 1.086, Yaw_err_deg: 0.514
Epoch: [23/25], Batch: 2690/2963, Loss: 57.313, Trans_L2_m: 0.743, Yaw_err_deg: 0.572
Epoch: [23/25], Batch: 2700/2963, Loss: 55.513, Trans_L2_m: 0.569, Yaw_err_deg: 0.726
Epoch: [23/25], Batch: 2710/2963, Loss: 79.679, Trans_L2_m: 0.915, Yaw_err_deg: 1.073
Epoch: [23/25], Batch: 2720/2963, Loss: 58.417, Trans_L2_m: 0.738, Yaw_err_deg: 0.732
Epoch: [23/25], Batch: 2730/2963, Loss: 63.807, Trans_L2_m: 0.884, Yaw_err_deg: 0.618
Epoch: [23/25], Batch: 2740/2963, Loss: 55.979, Trans_L2_m: 0.713, Yaw_err_deg: 0.808
Epoch: [23/25], Batch: 2750/2963, Loss: 59.818, Trans_L2_m: 0.633, Yaw_err_deg: 0.546
Epoch: [23/25], Batch: 2760/2963, Loss: 60.671, Trans_L2_m: 0.845, Yaw_err_deg: 0.733
Epoch: [23/25], Batch: 2770/2963, Loss: 54.810, Trans_L2_m: 0.666, Yaw_err_deg: 0.735
Epoch: [23/25], Batch: 2780/2963, Loss: 67.924, Trans_L2_m: 1.270, Yaw_err_deg: 0.654
Epoch: [23/25], Batch: 2790/2963, Loss: 64.572, Trans_L2_m: 0.907, Yaw_err_deg: 0.490
Epoch: [23/25], Batch: 2800/2963, Loss: 60.611, Trans_L2_m: 0.836, Yaw_err_deg: 0.734
Epoch: [23/25], Batch: 2810/2963, Loss: 59.528, Trans_L2_m: 0.853, Yaw_err_deg: 0.660
Epoch: [23/25], Batch: 2820/2963, Loss: 67.222, Trans_L2_m: 0.860, Yaw_err_deg: 0.596
Epoch: [23/25], Batch: 2830/2963, Loss: 70.210, Trans_L2_m: 0.965, Yaw_err_deg: 0.452
Epoch: [23/25], Batch: 2840/2963, Loss: 63.187, Trans_L2_m: 0.555, Yaw_err_deg: 0.568
Epoch: [23/25], Batch: 2850/2963, Loss: 55.197, Trans_L2_m: 0.708, Yaw_err_deg: 0.625
Epoch: [23/25], Batch: 2860/2963, Loss: 59.334, Trans_L2_m: 0.682, Yaw_err_deg: 0.687
Epoch: [23/25], Batch: 2870/2963, Loss: 64.473, Trans_L2_m: 0.732, Yaw_err_deg: 0.739
Epoch: [23/25], Batch: 2880/2963, Loss: 54.094, Trans_L2_m: 0.682, Yaw_err_deg: 0.603
Epoch: [23/25], Batch: 2890/2963, Loss: 55.853, Trans_L2_m: 0.832, Yaw_err_deg: 0.717
Epoch: [23/25], Batch: 2900/2963, Loss: 72.035, Trans_L2_m: 0.883, Yaw_err_deg: 0.698
Epoch: [23/25], Batch: 2910/2963, Loss: 61.044, Trans_L2_m: 0.846, Yaw_err_deg: 0.621
Epoch: [23/25], Batch: 2920/2963, Loss: 55.453, Trans_L2_m: 0.708, Yaw_err_deg: 0.787
Epoch: [23/25], Batch: 2930/2963, Loss: 52.256, Trans_L2_m: 0.965, Yaw_err_deg: 0.646
Epoch: [23/25], Batch: 2940/2963, Loss: 76.070, Trans_L2_m: 1.147, Yaw_err_deg: 0.788
Epoch: [23/25], Batch: 2950/2963, Loss: 60.932, Trans_L2_m: 0.696, Yaw_err_deg: 0.550
Epoch: [23/25], Batch: 2960/2963, Loss: 67.601, Trans_L2_m: 1.039, Yaw_err_deg: 0.814
Epoch: [24/25], Batch: 0/2963, Loss: 65.151, Trans_L2_m: 1.103, Yaw_err_deg: 0.706
Epoch: [24/25], Batch: 10/2963, Loss: 50.843, Trans_L2_m: 0.587, Yaw_err_deg: 0.548
Epoch: [24/25], Batch: 20/2963, Loss: 48.217, Trans_L2_m: 0.665, Yaw_err_deg: 0.692
Epoch: [24/25], Batch: 30/2963, Loss: 59.264, Trans_L2_m: 0.768, Yaw_err_deg: 0.706
Epoch: [24/25], Batch: 40/2963, Loss: 56.345, Trans_L2_m: 0.873, Yaw_err_deg: 0.789
Epoch: [24/25], Batch: 50/2963, Loss: 55.770, Trans_L2_m: 0.781, Yaw_err_deg: 0.731
Epoch: [24/25], Batch: 60/2963, Loss: 64.647, Trans_L2_m: 0.846, Yaw_err_deg: 0.548
Epoch: [24/25], Batch: 70/2963, Loss: 47.493, Trans_L2_m: 0.727, Yaw_err_deg: 0.341
Epoch: [24/25], Batch: 80/2963, Loss: 62.388, Trans_L2_m: 0.787, Yaw_err_deg: 0.659
Epoch: [24/25], Batch: 90/2963, Loss: 75.354, Trans_L2_m: 0.811, Yaw_err_deg: 1.147
Epoch: [24/25], Batch: 100/2963, Loss: 56.990, Trans_L2_m: 0.726, Yaw_err_deg: 0.666
Epoch: [24/25], Batch: 110/2963, Loss: 61.484, Trans_L2_m: 0.938, Yaw_err_deg: 0.752
Epoch: [24/25], Batch: 120/2963, Loss: 55.483, Trans_L2_m: 0.912, Yaw_err_deg: 0.665
Epoch: [24/25], Batch: 130/2963, Loss: 57.063, Trans_L2_m: 0.835, Yaw_err_deg: 0.437
Epoch: [24/25], Batch: 140/2963, Loss: 74.961, Trans_L2_m: 1.009, Yaw_err_deg: 0.885
Epoch: [24/25], Batch: 150/2963, Loss: 57.493, Trans_L2_m: 0.890, Yaw_err_deg: 0.557
Epoch: [24/25], Batch: 160/2963, Loss: 47.184, Trans_L2_m: 0.721, Yaw_err_deg: 0.721
Epoch: [24/25], Batch: 170/2963, Loss: 59.552, Trans_L2_m: 0.872, Yaw_err_deg: 0.706
Epoch: [24/25], Batch: 180/2963, Loss: 64.808, Trans_L2_m: 0.634, Yaw_err_deg: 0.758
Epoch: [24/25], Batch: 190/2963, Loss: 55.077, Trans_L2_m: 0.812, Yaw_err_deg: 0.710
Epoch: [24/25], Batch: 200/2963, Loss: 60.538, Trans_L2_m: 0.972, Yaw_err_deg: 0.528
Epoch: [24/25], Batch: 210/2963, Loss: 71.617, Trans_L2_m: 0.998, Yaw_err_deg: 0.596
Epoch: [24/25], Batch: 220/2963, Loss: 61.235, Trans_L2_m: 0.849, Yaw_err_deg: 0.583
Epoch: [24/25], Batch: 230/2963, Loss: 63.311, Trans_L2_m: 1.112, Yaw_err_deg: 0.597
Epoch: [24/25], Batch: 240/2963, Loss: 63.389, Trans_L2_m: 0.998, Yaw_err_deg: 0.595
Epoch: [24/25], Batch: 250/2963, Loss: 66.172, Trans_L2_m: 0.861, Yaw_err_deg: 0.757
Epoch: [24/25], Batch: 260/2963, Loss: 51.868, Trans_L2_m: 0.743, Yaw_err_deg: 0.535
Epoch: [24/25], Batch: 270/2963, Loss: 57.399, Trans_L2_m: 0.937, Yaw_err_deg: 0.443
Epoch: [24/25], Batch: 280/2963, Loss: 50.743, Trans_L2_m: 0.741, Yaw_err_deg: 0.648
Epoch: [24/25], Batch: 290/2963, Loss: 57.745, Trans_L2_m: 0.897, Yaw_err_deg: 0.557
Epoch: [24/25], Batch: 300/2963, Loss: 55.932, Trans_L2_m: 0.728, Yaw_err_deg: 0.747
Epoch: [24/25], Batch: 310/2963, Loss: 60.908, Trans_L2_m: 0.895, Yaw_err_deg: 0.833
Epoch: [24/25], Batch: 320/2963, Loss: 65.472, Trans_L2_m: 0.826, Yaw_err_deg: 0.828
Epoch: [24/25], Batch: 330/2963, Loss: 60.203, Trans_L2_m: 0.686, Yaw_err_deg: 0.905
Epoch: [24/25], Batch: 340/2963, Loss: 57.929, Trans_L2_m: 0.976, Yaw_err_deg: 0.536
Epoch: [24/25], Batch: 350/2963, Loss: 64.130, Trans_L2_m: 0.737, Yaw_err_deg: 0.636
Epoch: [24/25], Batch: 360/2963, Loss: 59.496, Trans_L2_m: 0.806, Yaw_err_deg: 0.627
Epoch: [24/25], Batch: 370/2963, Loss: 58.475, Trans_L2_m: 0.645, Yaw_err_deg: 0.700
Epoch: [24/25], Batch: 380/2963, Loss: 62.313, Trans_L2_m: 0.916, Yaw_err_deg: 0.737
Epoch: [24/25], Batch: 390/2963, Loss: 63.494, Trans_L2_m: 0.797, Yaw_err_deg: 0.953
Epoch: [24/25], Batch: 400/2963, Loss: 56.818, Trans_L2_m: 0.668, Yaw_err_deg: 0.577
Epoch: [24/25], Batch: 410/2963, Loss: 57.915, Trans_L2_m: 0.998, Yaw_err_deg: 0.740
Epoch: [24/25], Batch: 420/2963, Loss: 69.157, Trans_L2_m: 0.846, Yaw_err_deg: 0.831
Epoch: [24/25], Batch: 430/2963, Loss: 52.860, Trans_L2_m: 0.728, Yaw_err_deg: 0.644
Epoch: [24/25], Batch: 440/2963, Loss: 64.859, Trans_L2_m: 0.741, Yaw_err_deg: 0.750
Epoch: [24/25], Batch: 450/2963, Loss: 60.583, Trans_L2_m: 0.921, Yaw_err_deg: 0.579
Epoch: [24/25], Batch: 460/2963, Loss: 55.643, Trans_L2_m: 0.939, Yaw_err_deg: 0.567
Epoch: [24/25], Batch: 470/2963, Loss: 50.922, Trans_L2_m: 0.978, Yaw_err_deg: 0.509
Epoch: [24/25], Batch: 480/2963, Loss: 56.581, Trans_L2_m: 0.961, Yaw_err_deg: 0.582
Epoch: [24/25], Batch: 490/2963, Loss: 62.968, Trans_L2_m: 0.824, Yaw_err_deg: 0.619
Epoch: [24/25], Batch: 500/2963, Loss: 51.900, Trans_L2_m: 0.873, Yaw_err_deg: 0.499
Epoch: [24/25], Batch: 510/2963, Loss: 56.615, Trans_L2_m: 0.623, Yaw_err_deg: 0.846
Epoch: [24/25], Batch: 520/2963, Loss: 59.715, Trans_L2_m: 1.047, Yaw_err_deg: 0.518
Epoch: [24/25], Batch: 530/2963, Loss: 52.586, Trans_L2_m: 0.765, Yaw_err_deg: 0.771
Epoch: [24/25], Batch: 540/2963, Loss: 64.471, Trans_L2_m: 0.883, Yaw_err_deg: 0.823
Epoch: [24/25], Batch: 550/2963, Loss: 50.658, Trans_L2_m: 0.589, Yaw_err_deg: 0.569
Epoch: [24/25], Batch: 560/2963, Loss: 68.973, Trans_L2_m: 0.968, Yaw_err_deg: 0.659
Epoch: [24/25], Batch: 570/2963, Loss: 50.732, Trans_L2_m: 0.653, Yaw_err_deg: 0.494
Epoch: [24/25], Batch: 580/2963, Loss: 56.962, Trans_L2_m: 0.728, Yaw_err_deg: 0.758
Epoch: [24/25], Batch: 590/2963, Loss: 69.668, Trans_L2_m: 0.942, Yaw_err_deg: 0.726
Epoch: [24/25], Batch: 600/2963, Loss: 64.942, Trans_L2_m: 1.267, Yaw_err_deg: 0.605
Epoch: [24/25], Batch: 610/2963, Loss: 54.423, Trans_L2_m: 0.727, Yaw_err_deg: 0.473
Epoch: [24/25], Batch: 620/2963, Loss: 55.889, Trans_L2_m: 0.794, Yaw_err_deg: 0.650
Epoch: [24/25], Batch: 630/2963, Loss: 61.364, Trans_L2_m: 0.901, Yaw_err_deg: 0.857
Epoch: [24/25], Batch: 640/2963, Loss: 66.511, Trans_L2_m: 1.099, Yaw_err_deg: 0.771
Epoch: [24/25], Batch: 650/2963, Loss: 50.233, Trans_L2_m: 0.691, Yaw_err_deg: 0.491
Epoch: [24/25], Batch: 660/2963, Loss: 50.671, Trans_L2_m: 0.669, Yaw_err_deg: 0.524
Epoch: [24/25], Batch: 670/2963, Loss: 51.880, Trans_L2_m: 0.755, Yaw_err_deg: 0.653
Epoch: [24/25], Batch: 680/2963, Loss: 61.068, Trans_L2_m: 0.716, Yaw_err_deg: 0.971
Epoch: [24/25], Batch: 690/2963, Loss: 59.445, Trans_L2_m: 0.795, Yaw_err_deg: 0.458
Epoch: [24/25], Batch: 700/2963, Loss: 62.541, Trans_L2_m: 0.866, Yaw_err_deg: 0.782
Epoch: [24/25], Batch: 710/2963, Loss: 61.635, Trans_L2_m: 0.993, Yaw_err_deg: 0.885
Epoch: [24/25], Batch: 720/2963, Loss: 62.263, Trans_L2_m: 0.919, Yaw_err_deg: 0.569
Epoch: [24/25], Batch: 730/2963, Loss: 68.672, Trans_L2_m: 0.896, Yaw_err_deg: 0.649
Epoch: [24/25], Batch: 740/2963, Loss: 54.459, Trans_L2_m: 0.748, Yaw_err_deg: 0.611
Epoch: [24/25], Batch: 750/2963, Loss: 77.637, Trans_L2_m: 1.116, Yaw_err_deg: 0.616
Epoch: [24/25], Batch: 760/2963, Loss: 54.352, Trans_L2_m: 0.798, Yaw_err_deg: 0.634
Epoch: [24/25], Batch: 770/2963, Loss: 55.618, Trans_L2_m: 0.736, Yaw_err_deg: 0.397
Epoch: [24/25], Batch: 780/2963, Loss: 57.951, Trans_L2_m: 0.879, Yaw_err_deg: 0.507
Epoch: [24/25], Batch: 790/2963, Loss: 50.955, Trans_L2_m: 0.660, Yaw_err_deg: 0.465
Epoch: [24/25], Batch: 800/2963, Loss: 69.944, Trans_L2_m: 1.028, Yaw_err_deg: 0.761
Epoch: [24/25], Batch: 810/2963, Loss: 55.130, Trans_L2_m: 0.893, Yaw_err_deg: 0.603
Epoch: [24/25], Batch: 820/2963, Loss: 60.113, Trans_L2_m: 0.802, Yaw_err_deg: 0.530
Epoch: [24/25], Batch: 830/2963, Loss: 70.900, Trans_L2_m: 0.911, Yaw_err_deg: 0.907
Epoch: [24/25], Batch: 840/2963, Loss: 63.293, Trans_L2_m: 0.736, Yaw_err_deg: 0.711
Epoch: [24/25], Batch: 850/2963, Loss: 65.130, Trans_L2_m: 0.868, Yaw_err_deg: 0.943
Epoch: [24/25], Batch: 860/2963, Loss: 52.788, Trans_L2_m: 0.740, Yaw_err_deg: 0.618
Epoch: [24/25], Batch: 870/2963, Loss: 60.153, Trans_L2_m: 0.801, Yaw_err_deg: 0.701
Epoch: [24/25], Batch: 880/2963, Loss: 50.221, Trans_L2_m: 0.708, Yaw_err_deg: 0.746
Epoch: [24/25], Batch: 890/2963, Loss: 57.434, Trans_L2_m: 0.927, Yaw_err_deg: 0.576
Epoch: [24/25], Batch: 900/2963, Loss: 52.454, Trans_L2_m: 0.757, Yaw_err_deg: 0.497
Epoch: [24/25], Batch: 910/2963, Loss: 55.871, Trans_L2_m: 1.023, Yaw_err_deg: 0.820
Epoch: [24/25], Batch: 920/2963, Loss: 61.637, Trans_L2_m: 0.722, Yaw_err_deg: 0.870
Epoch: [24/25], Batch: 930/2963, Loss: 56.583, Trans_L2_m: 0.590, Yaw_err_deg: 0.935
Epoch: [24/25], Batch: 940/2963, Loss: 56.354, Trans_L2_m: 0.706, Yaw_err_deg: 0.676
Epoch: [24/25], Batch: 950/2963, Loss: 54.019, Trans_L2_m: 0.714, Yaw_err_deg: 0.599
Epoch: [24/25], Batch: 960/2963, Loss: 65.246, Trans_L2_m: 0.757, Yaw_err_deg: 0.850
Epoch: [24/25], Batch: 970/2963, Loss: 61.117, Trans_L2_m: 0.949, Yaw_err_deg: 0.832
Epoch: [24/25], Batch: 980/2963, Loss: 62.006, Trans_L2_m: 0.968, Yaw_err_deg: 0.338
Epoch: [24/25], Batch: 990/2963, Loss: 62.341, Trans_L2_m: 0.843, Yaw_err_deg: 0.894
Epoch: [24/25], Batch: 1000/2963, Loss: 67.542, Trans_L2_m: 0.751, Yaw_err_deg: 0.808
Epoch: [24/25], Batch: 1010/2963, Loss: 56.949, Trans_L2_m: 0.848, Yaw_err_deg: 0.522
Epoch: [24/25], Batch: 1020/2963, Loss: 58.929, Trans_L2_m: 0.650, Yaw_err_deg: 0.544
Epoch: [24/25], Batch: 1030/2963, Loss: 55.767, Trans_L2_m: 0.749, Yaw_err_deg: 0.495
Epoch: [24/25], Batch: 1040/2963, Loss: 49.776, Trans_L2_m: 0.622, Yaw_err_deg: 0.620
Epoch: [24/25], Batch: 1050/2963, Loss: 52.029, Trans_L2_m: 0.538, Yaw_err_deg: 0.560
Epoch: [24/25], Batch: 1060/2963, Loss: 55.092, Trans_L2_m: 0.818, Yaw_err_deg: 0.465
Epoch: [24/25], Batch: 1070/2963, Loss: 58.724, Trans_L2_m: 0.704, Yaw_err_deg: 0.537
Epoch: [24/25], Batch: 1080/2963, Loss: 53.621, Trans_L2_m: 0.897, Yaw_err_deg: 0.505
Epoch: [24/25], Batch: 1090/2963, Loss: 51.634, Trans_L2_m: 0.603, Yaw_err_deg: 0.628
Epoch: [24/25], Batch: 1100/2963, Loss: 49.100, Trans_L2_m: 0.570, Yaw_err_deg: 0.402
Epoch: [24/25], Batch: 1110/2963, Loss: 43.398, Trans_L2_m: 0.775, Yaw_err_deg: 0.493
Epoch: [24/25], Batch: 1120/2963, Loss: 55.760, Trans_L2_m: 0.795, Yaw_err_deg: 0.803
Epoch: [24/25], Batch: 1130/2963, Loss: 46.295, Trans_L2_m: 0.660, Yaw_err_deg: 0.427
Epoch: [24/25], Batch: 1140/2963, Loss: 61.551, Trans_L2_m: 0.775, Yaw_err_deg: 0.586
Epoch: [24/25], Batch: 1150/2963, Loss: 67.595, Trans_L2_m: 1.008, Yaw_err_deg: 0.631
Epoch: [24/25], Batch: 1160/2963, Loss: 55.939, Trans_L2_m: 0.737, Yaw_err_deg: 0.721
Epoch: [24/25], Batch: 1170/2963, Loss: 55.343, Trans_L2_m: 0.739, Yaw_err_deg: 0.498
Epoch: [24/25], Batch: 1180/2963, Loss: 63.102, Trans_L2_m: 0.896, Yaw_err_deg: 0.733
Epoch: [24/25], Batch: 1190/2963, Loss: 56.477, Trans_L2_m: 0.874, Yaw_err_deg: 0.557
Epoch: [24/25], Batch: 1200/2963, Loss: 48.679, Trans_L2_m: 0.733, Yaw_err_deg: 0.602
Epoch: [24/25], Batch: 1210/2963, Loss: 63.379, Trans_L2_m: 0.940, Yaw_err_deg: 0.724
Epoch: [24/25], Batch: 1220/2963, Loss: 50.033, Trans_L2_m: 0.633, Yaw_err_deg: 0.518
Epoch: [24/25], Batch: 1230/2963, Loss: 54.904, Trans_L2_m: 0.797, Yaw_err_deg: 0.684
Epoch: [24/25], Batch: 1240/2963, Loss: 55.122, Trans_L2_m: 0.780, Yaw_err_deg: 0.709
Epoch: [24/25], Batch: 1250/2963, Loss: 56.551, Trans_L2_m: 0.786, Yaw_err_deg: 0.612
Epoch: [24/25], Batch: 1260/2963, Loss: 54.305, Trans_L2_m: 0.610, Yaw_err_deg: 0.699
Epoch: [24/25], Batch: 1270/2963, Loss: 68.966, Trans_L2_m: 0.868, Yaw_err_deg: 0.731
Epoch: [24/25], Batch: 1280/2963, Loss: 59.009, Trans_L2_m: 0.887, Yaw_err_deg: 0.584
Epoch: [24/25], Batch: 1290/2963, Loss: 67.802, Trans_L2_m: 1.069, Yaw_err_deg: 0.679
Epoch: [24/25], Batch: 1300/2963, Loss: 60.893, Trans_L2_m: 0.989, Yaw_err_deg: 0.686
Epoch: [24/25], Batch: 1310/2963, Loss: 60.089, Trans_L2_m: 0.772, Yaw_err_deg: 0.652
Epoch: [24/25], Batch: 1320/2963, Loss: 74.871, Trans_L2_m: 1.141, Yaw_err_deg: 0.858
Epoch: [24/25], Batch: 1330/2963, Loss: 50.910, Trans_L2_m: 0.747, Yaw_err_deg: 0.528
Epoch: [24/25], Batch: 1340/2963, Loss: 58.172, Trans_L2_m: 0.739, Yaw_err_deg: 0.786
Epoch: [24/25], Batch: 1350/2963, Loss: 61.976, Trans_L2_m: 0.773, Yaw_err_deg: 0.676
Epoch: [24/25], Batch: 1360/2963, Loss: 67.134, Trans_L2_m: 0.641, Yaw_err_deg: 0.523
Epoch: [24/25], Batch: 1370/2963, Loss: 51.105, Trans_L2_m: 0.649, Yaw_err_deg: 0.651
Epoch: [24/25], Batch: 1380/2963, Loss: 52.043, Trans_L2_m: 0.784, Yaw_err_deg: 0.676
Epoch: [24/25], Batch: 1390/2963, Loss: 62.021, Trans_L2_m: 0.768, Yaw_err_deg: 0.764
Epoch: [24/25], Batch: 1400/2963, Loss: 61.638, Trans_L2_m: 0.914, Yaw_err_deg: 0.677
Epoch: [24/25], Batch: 1410/2963, Loss: 60.334, Trans_L2_m: 0.738, Yaw_err_deg: 0.674
Epoch: [24/25], Batch: 1420/2963, Loss: 52.979, Trans_L2_m: 0.718, Yaw_err_deg: 0.620
Epoch: [24/25], Batch: 1430/2963, Loss: 52.002, Trans_L2_m: 0.718, Yaw_err_deg: 0.573
Epoch: [24/25], Batch: 1440/2963, Loss: 54.271, Trans_L2_m: 0.731, Yaw_err_deg: 0.547
Epoch: [24/25], Batch: 1450/2963, Loss: 57.603, Trans_L2_m: 0.819, Yaw_err_deg: 0.532
Epoch: [24/25], Batch: 1460/2963, Loss: 66.759, Trans_L2_m: 1.287, Yaw_err_deg: 0.617
Epoch: [24/25], Batch: 1470/2963, Loss: 70.173, Trans_L2_m: 0.774, Yaw_err_deg: 0.973
Epoch: [24/25], Batch: 1480/2963, Loss: 57.119, Trans_L2_m: 0.684, Yaw_err_deg: 0.657
Epoch: [24/25], Batch: 1490/2963, Loss: 57.608, Trans_L2_m: 0.641, Yaw_err_deg: 0.743
Epoch: [24/25], Batch: 1500/2963, Loss: 55.293, Trans_L2_m: 0.654, Yaw_err_deg: 0.572
Epoch: [24/25], Batch: 1510/2963, Loss: 51.209, Trans_L2_m: 0.661, Yaw_err_deg: 0.537
Epoch: [24/25], Batch: 1520/2963, Loss: 57.476, Trans_L2_m: 1.177, Yaw_err_deg: 0.714
Epoch: [24/25], Batch: 1530/2963, Loss: 60.380, Trans_L2_m: 0.857, Yaw_err_deg: 0.699
Epoch: [24/25], Batch: 1540/2963, Loss: 59.688, Trans_L2_m: 0.756, Yaw_err_deg: 0.739
Epoch: [24/25], Batch: 1550/2963, Loss: 60.453, Trans_L2_m: 0.712, Yaw_err_deg: 0.601
Epoch: [24/25], Batch: 1560/2963, Loss: 53.234, Trans_L2_m: 0.741, Yaw_err_deg: 0.631
Epoch: [24/25], Batch: 1570/2963, Loss: 60.055, Trans_L2_m: 0.880, Yaw_err_deg: 0.579
Epoch: [24/25], Batch: 1580/2963, Loss: 70.013, Trans_L2_m: 0.970, Yaw_err_deg: 0.697
Epoch: [24/25], Batch: 1590/2963, Loss: 54.268, Trans_L2_m: 0.797, Yaw_err_deg: 0.503
Epoch: [24/25], Batch: 1600/2963, Loss: 50.061, Trans_L2_m: 0.733, Yaw_err_deg: 0.687
Epoch: [24/25], Batch: 1610/2963, Loss: 59.969, Trans_L2_m: 0.825, Yaw_err_deg: 0.726
Epoch: [24/25], Batch: 1620/2963, Loss: 63.245, Trans_L2_m: 0.564, Yaw_err_deg: 0.503
Epoch: [24/25], Batch: 1630/2963, Loss: 61.094, Trans_L2_m: 0.845, Yaw_err_deg: 0.685
Epoch: [24/25], Batch: 1640/2963, Loss: 59.089, Trans_L2_m: 0.548, Yaw_err_deg: 0.578
Epoch: [24/25], Batch: 1650/2963, Loss: 68.112, Trans_L2_m: 0.930, Yaw_err_deg: 0.478
Epoch: [24/25], Batch: 1660/2963, Loss: 55.684, Trans_L2_m: 0.835, Yaw_err_deg: 0.473
Epoch: [24/25], Batch: 1670/2963, Loss: 56.548, Trans_L2_m: 0.742, Yaw_err_deg: 0.448
Epoch: [24/25], Batch: 1680/2963, Loss: 68.062, Trans_L2_m: 0.995, Yaw_err_deg: 0.660
Epoch: [24/25], Batch: 1690/2963, Loss: 290.110, Trans_L2_m: 2.541, Yaw_err_deg: 0.558
Epoch: [24/25], Batch: 1700/2963, Loss: 57.088, Trans_L2_m: 0.770, Yaw_err_deg: 0.964
Epoch: [24/25], Batch: 1710/2963, Loss: 63.870, Trans_L2_m: 1.121, Yaw_err_deg: 0.612
Epoch: [24/25], Batch: 1720/2963, Loss: 66.186, Trans_L2_m: 0.967, Yaw_err_deg: 0.669
Epoch: [24/25], Batch: 1730/2963, Loss: 51.508, Trans_L2_m: 0.623, Yaw_err_deg: 0.632
Epoch: [24/25], Batch: 1740/2963, Loss: 55.115, Trans_L2_m: 0.877, Yaw_err_deg: 0.609
Epoch: [24/25], Batch: 1750/2963, Loss: 54.616, Trans_L2_m: 0.777, Yaw_err_deg: 0.600
Epoch: [24/25], Batch: 1760/2963, Loss: 58.175, Trans_L2_m: 0.775, Yaw_err_deg: 0.676
Epoch: [24/25], Batch: 1770/2963, Loss: 59.669, Trans_L2_m: 0.941, Yaw_err_deg: 0.774
Epoch: [24/25], Batch: 1780/2963, Loss: 65.803, Trans_L2_m: 0.921, Yaw_err_deg: 0.797
Epoch: [24/25], Batch: 1790/2963, Loss: 52.440, Trans_L2_m: 0.607, Yaw_err_deg: 0.515
Epoch: [24/25], Batch: 1800/2963, Loss: 58.707, Trans_L2_m: 0.815, Yaw_err_deg: 0.855
Epoch: [24/25], Batch: 1810/2963, Loss: 53.801, Trans_L2_m: 0.654, Yaw_err_deg: 0.513
Epoch: [24/25], Batch: 1820/2963, Loss: 56.859, Trans_L2_m: 0.705, Yaw_err_deg: 0.613
Epoch: [24/25], Batch: 1830/2963, Loss: 62.246, Trans_L2_m: 0.991, Yaw_err_deg: 0.731
Epoch: [24/25], Batch: 1840/2963, Loss: 47.282, Trans_L2_m: 0.675, Yaw_err_deg: 0.437
Epoch: [24/25], Batch: 1850/2963, Loss: 55.189, Trans_L2_m: 0.707, Yaw_err_deg: 0.612
Epoch: [24/25], Batch: 1860/2963, Loss: 57.639, Trans_L2_m: 0.989, Yaw_err_deg: 0.587
Epoch: [24/25], Batch: 1870/2963, Loss: 75.163, Trans_L2_m: 1.149, Yaw_err_deg: 0.755
Epoch: [24/25], Batch: 1880/2963, Loss: 57.474, Trans_L2_m: 0.753, Yaw_err_deg: 0.465
Epoch: [24/25], Batch: 1890/2963, Loss: 55.573, Trans_L2_m: 0.579, Yaw_err_deg: 0.802
Epoch: [24/25], Batch: 1900/2963, Loss: 50.431, Trans_L2_m: 0.593, Yaw_err_deg: 0.600
Epoch: [24/25], Batch: 1910/2963, Loss: 57.516, Trans_L2_m: 0.874, Yaw_err_deg: 0.422
Epoch: [24/25], Batch: 1920/2963, Loss: 54.527, Trans_L2_m: 0.708, Yaw_err_deg: 0.574
Epoch: [24/25], Batch: 1930/2963, Loss: 56.657, Trans_L2_m: 0.894, Yaw_err_deg: 0.646
Epoch: [24/25], Batch: 1940/2963, Loss: 53.208, Trans_L2_m: 0.689, Yaw_err_deg: 0.354
Epoch: [24/25], Batch: 1950/2963, Loss: 56.094, Trans_L2_m: 0.715, Yaw_err_deg: 0.677
Epoch: [24/25], Batch: 1960/2963, Loss: 62.636, Trans_L2_m: 0.861, Yaw_err_deg: 0.644
Epoch: [24/25], Batch: 1970/2963, Loss: 67.808, Trans_L2_m: 1.040, Yaw_err_deg: 0.412
Epoch: [24/25], Batch: 1980/2963, Loss: 56.380, Trans_L2_m: 0.789, Yaw_err_deg: 0.718
Epoch: [24/25], Batch: 1990/2963, Loss: 47.319, Trans_L2_m: 0.681, Yaw_err_deg: 0.601
Epoch: [24/25], Batch: 2000/2963, Loss: 53.908, Trans_L2_m: 0.649, Yaw_err_deg: 0.590
Epoch: [24/25], Batch: 2010/2963, Loss: 60.003, Trans_L2_m: 0.913, Yaw_err_deg: 0.699
Epoch: [24/25], Batch: 2020/2963, Loss: 77.989, Trans_L2_m: 1.182, Yaw_err_deg: 0.887
Epoch: [24/25], Batch: 2030/2963, Loss: 61.894, Trans_L2_m: 0.862, Yaw_err_deg: 0.935
Epoch: [24/25], Batch: 2040/2963, Loss: 65.031, Trans_L2_m: 0.974, Yaw_err_deg: 0.891
Epoch: [24/25], Batch: 2050/2963, Loss: 65.117, Trans_L2_m: 1.054, Yaw_err_deg: 0.881
Epoch: [24/25], Batch: 2060/2963, Loss: 55.377, Trans_L2_m: 0.664, Yaw_err_deg: 0.641
Epoch: [24/25], Batch: 2070/2963, Loss: 64.117, Trans_L2_m: 0.931, Yaw_err_deg: 0.774
Epoch: [24/25], Batch: 2080/2963, Loss: 56.319, Trans_L2_m: 0.550, Yaw_err_deg: 0.912
Epoch: [24/25], Batch: 2090/2963, Loss: 52.931, Trans_L2_m: 0.789, Yaw_err_deg: 0.659
Epoch: [24/25], Batch: 2100/2963, Loss: 54.176, Trans_L2_m: 0.752, Yaw_err_deg: 0.764
Epoch: [24/25], Batch: 2110/2963, Loss: 62.518, Trans_L2_m: 0.841, Yaw_err_deg: 0.549
Epoch: [24/25], Batch: 2120/2963, Loss: 55.216, Trans_L2_m: 0.685, Yaw_err_deg: 0.682
Epoch: [24/25], Batch: 2130/2963, Loss: 59.909, Trans_L2_m: 1.126, Yaw_err_deg: 0.524
Epoch: [24/25], Batch: 2140/2963, Loss: 59.046, Trans_L2_m: 0.813, Yaw_err_deg: 0.517
Epoch: [24/25], Batch: 2150/2963, Loss: 55.396, Trans_L2_m: 0.723, Yaw_err_deg: 0.734
Epoch: [24/25], Batch: 2160/2963, Loss: 64.472, Trans_L2_m: 0.876, Yaw_err_deg: 0.664
Epoch: [24/25], Batch: 2170/2963, Loss: 49.602, Trans_L2_m: 0.875, Yaw_err_deg: 0.600
Epoch: [24/25], Batch: 2180/2963, Loss: 58.987, Trans_L2_m: 0.720, Yaw_err_deg: 0.699
Epoch: [24/25], Batch: 2190/2963, Loss: 63.175, Trans_L2_m: 0.663, Yaw_err_deg: 0.969
Epoch: [24/25], Batch: 2200/2963, Loss: 56.752, Trans_L2_m: 0.707, Yaw_err_deg: 0.668
Epoch: [24/25], Batch: 2210/2963, Loss: 60.729, Trans_L2_m: 0.780, Yaw_err_deg: 0.537
Epoch: [24/25], Batch: 2220/2963, Loss: 55.662, Trans_L2_m: 0.770, Yaw_err_deg: 0.610
Epoch: [24/25], Batch: 2230/2963, Loss: 65.834, Trans_L2_m: 0.729, Yaw_err_deg: 0.694
Epoch: [24/25], Batch: 2240/2963, Loss: 64.441, Trans_L2_m: 0.847, Yaw_err_deg: 0.686
Epoch: [24/25], Batch: 2250/2963, Loss: 58.301, Trans_L2_m: 0.858, Yaw_err_deg: 0.682
Epoch: [24/25], Batch: 2260/2963, Loss: 63.100, Trans_L2_m: 1.044, Yaw_err_deg: 0.662
Epoch: [24/25], Batch: 2270/2963, Loss: 65.031, Trans_L2_m: 0.907, Yaw_err_deg: 0.759
Epoch: [24/25], Batch: 2280/2963, Loss: 57.491, Trans_L2_m: 0.770, Yaw_err_deg: 0.738
Epoch: [24/25], Batch: 2290/2963, Loss: 63.560, Trans_L2_m: 1.252, Yaw_err_deg: 0.550
Epoch: [24/25], Batch: 2300/2963, Loss: 58.845, Trans_L2_m: 0.869, Yaw_err_deg: 0.624
Epoch: [24/25], Batch: 2310/2963, Loss: 61.873, Trans_L2_m: 0.855, Yaw_err_deg: 0.555
Epoch: [24/25], Batch: 2320/2963, Loss: 61.794, Trans_L2_m: 0.822, Yaw_err_deg: 0.760
Epoch: [24/25], Batch: 2330/2963, Loss: 54.189, Trans_L2_m: 0.742, Yaw_err_deg: 0.539
Epoch: [24/25], Batch: 2340/2963, Loss: 54.691, Trans_L2_m: 0.677, Yaw_err_deg: 0.607
Epoch: [24/25], Batch: 2350/2963, Loss: 53.913, Trans_L2_m: 0.832, Yaw_err_deg: 0.697
Epoch: [24/25], Batch: 2360/2963, Loss: 58.521, Trans_L2_m: 0.862, Yaw_err_deg: 0.688
Epoch: [24/25], Batch: 2370/2963, Loss: 67.387, Trans_L2_m: 0.849, Yaw_err_deg: 0.572
Epoch: [24/25], Batch: 2380/2963, Loss: 60.206, Trans_L2_m: 0.911, Yaw_err_deg: 0.410
Epoch: [24/25], Batch: 2390/2963, Loss: 69.484, Trans_L2_m: 1.045, Yaw_err_deg: 0.816
Epoch: [24/25], Batch: 2400/2963, Loss: 53.341, Trans_L2_m: 0.694, Yaw_err_deg: 0.602
Epoch: [24/25], Batch: 2410/2963, Loss: 59.730, Trans_L2_m: 0.901, Yaw_err_deg: 0.603
Epoch: [24/25], Batch: 2420/2963, Loss: 59.001, Trans_L2_m: 0.978, Yaw_err_deg: 0.672
Epoch: [24/25], Batch: 2430/2963, Loss: 49.992, Trans_L2_m: 0.565, Yaw_err_deg: 0.506
Epoch: [24/25], Batch: 2440/2963, Loss: 61.231, Trans_L2_m: 0.779, Yaw_err_deg: 0.707
Epoch: [24/25], Batch: 2450/2963, Loss: 73.866, Trans_L2_m: 1.032, Yaw_err_deg: 0.760
Epoch: [24/25], Batch: 2460/2963, Loss: 48.938, Trans_L2_m: 0.734, Yaw_err_deg: 0.404
Epoch: [24/25], Batch: 2470/2963, Loss: 52.457, Trans_L2_m: 0.657, Yaw_err_deg: 0.608
Epoch: [24/25], Batch: 2480/2963, Loss: 55.927, Trans_L2_m: 0.684, Yaw_err_deg: 0.857
Epoch: [24/25], Batch: 2490/2963, Loss: 53.511, Trans_L2_m: 0.510, Yaw_err_deg: 0.442
Epoch: [24/25], Batch: 2500/2963, Loss: 64.118, Trans_L2_m: 0.898, Yaw_err_deg: 0.629
Epoch: [24/25], Batch: 2510/2963, Loss: 56.987, Trans_L2_m: 0.682, Yaw_err_deg: 0.693
Epoch: [24/25], Batch: 2520/2963, Loss: 53.411, Trans_L2_m: 0.739, Yaw_err_deg: 0.666
Epoch: [24/25], Batch: 2530/2963, Loss: 56.332, Trans_L2_m: 0.906, Yaw_err_deg: 0.566
Epoch: [24/25], Batch: 2540/2963, Loss: 58.658, Trans_L2_m: 0.828, Yaw_err_deg: 0.793
Epoch: [24/25], Batch: 2550/2963, Loss: 51.753, Trans_L2_m: 0.806, Yaw_err_deg: 0.774
Epoch: [24/25], Batch: 2560/2963, Loss: 52.050, Trans_L2_m: 0.698, Yaw_err_deg: 0.584
Epoch: [24/25], Batch: 2570/2963, Loss: 57.173, Trans_L2_m: 0.755, Yaw_err_deg: 0.598
Epoch: [24/25], Batch: 2580/2963, Loss: 58.394, Trans_L2_m: 0.857, Yaw_err_deg: 0.549
Epoch: [24/25], Batch: 2590/2963, Loss: 60.976, Trans_L2_m: 0.723, Yaw_err_deg: 0.627
Epoch: [24/25], Batch: 2600/2963, Loss: 64.933, Trans_L2_m: 0.776, Yaw_err_deg: 0.832
Epoch: [24/25], Batch: 2610/2963, Loss: 52.427, Trans_L2_m: 0.770, Yaw_err_deg: 0.634
Epoch: [24/25], Batch: 2620/2963, Loss: 61.134, Trans_L2_m: 0.964, Yaw_err_deg: 0.804
Epoch: [24/25], Batch: 2630/2963, Loss: 58.800, Trans_L2_m: 0.883, Yaw_err_deg: 0.450
Epoch: [24/25], Batch: 2640/2963, Loss: 48.173, Trans_L2_m: 0.567, Yaw_err_deg: 0.422
Epoch: [24/25], Batch: 2650/2963, Loss: 57.285, Trans_L2_m: 0.914, Yaw_err_deg: 0.540
Epoch: [24/25], Batch: 2660/2963, Loss: 80.896, Trans_L2_m: 1.307, Yaw_err_deg: 0.600
Epoch: [24/25], Batch: 2670/2963, Loss: 55.884, Trans_L2_m: 0.697, Yaw_err_deg: 0.755
Epoch: [24/25], Batch: 2680/2963, Loss: 62.519, Trans_L2_m: 1.015, Yaw_err_deg: 0.575
Epoch: [24/25], Batch: 2690/2963, Loss: 52.508, Trans_L2_m: 0.659, Yaw_err_deg: 0.418
Epoch: [24/25], Batch: 2700/2963, Loss: 56.799, Trans_L2_m: 0.741, Yaw_err_deg: 0.741
Epoch: [24/25], Batch: 2710/2963, Loss: 57.993, Trans_L2_m: 0.713, Yaw_err_deg: 0.634
Epoch: [24/25], Batch: 2720/2963, Loss: 56.896, Trans_L2_m: 0.743, Yaw_err_deg: 0.794
Epoch: [24/25], Batch: 2730/2963, Loss: 51.995, Trans_L2_m: 0.849, Yaw_err_deg: 0.638
Epoch: [24/25], Batch: 2740/2963, Loss: 46.621, Trans_L2_m: 0.804, Yaw_err_deg: 0.536
Epoch: [24/25], Batch: 2750/2963, Loss: 58.522, Trans_L2_m: 0.794, Yaw_err_deg: 0.934
Epoch: [24/25], Batch: 2760/2963, Loss: 48.270, Trans_L2_m: 0.580, Yaw_err_deg: 0.423
Epoch: [24/25], Batch: 2770/2963, Loss: 55.888, Trans_L2_m: 0.746, Yaw_err_deg: 0.737
Epoch: [24/25], Batch: 2780/2963, Loss: 54.567, Trans_L2_m: 0.686, Yaw_err_deg: 0.551
Epoch: [24/25], Batch: 2790/2963, Loss: 65.066, Trans_L2_m: 0.650, Yaw_err_deg: 0.854
Epoch: [24/25], Batch: 2800/2963, Loss: 65.877, Trans_L2_m: 0.912, Yaw_err_deg: 0.938
Epoch: [24/25], Batch: 2810/2963, Loss: 59.080, Trans_L2_m: 1.031, Yaw_err_deg: 0.497
Epoch: [24/25], Batch: 2820/2963, Loss: 82.113, Trans_L2_m: 0.754, Yaw_err_deg: 1.107
Epoch: [24/25], Batch: 2830/2963, Loss: 53.765, Trans_L2_m: 0.789, Yaw_err_deg: 0.642
Epoch: [24/25], Batch: 2840/2963, Loss: 56.314, Trans_L2_m: 0.754, Yaw_err_deg: 0.820
Epoch: [24/25], Batch: 2850/2963, Loss: 59.027, Trans_L2_m: 0.808, Yaw_err_deg: 0.721
Epoch: [24/25], Batch: 2860/2963, Loss: 64.944, Trans_L2_m: 0.877, Yaw_err_deg: 0.602
Epoch: [24/25], Batch: 2870/2963, Loss: 66.904, Trans_L2_m: 1.055, Yaw_err_deg: 0.640
Epoch: [24/25], Batch: 2880/2963, Loss: 55.001, Trans_L2_m: 0.609, Yaw_err_deg: 0.753
Epoch: [24/25], Batch: 2890/2963, Loss: 58.861, Trans_L2_m: 0.822, Yaw_err_deg: 0.747
Epoch: [24/25], Batch: 2900/2963, Loss: 59.737, Trans_L2_m: 0.765, Yaw_err_deg: 0.558
Epoch: [24/25], Batch: 2910/2963, Loss: 62.362, Trans_L2_m: 0.945, Yaw_err_deg: 0.699
Epoch: [24/25], Batch: 2920/2963, Loss: 56.253, Trans_L2_m: 0.686, Yaw_err_deg: 0.741
Epoch: [24/25], Batch: 2930/2963, Loss: 53.376, Trans_L2_m: 0.827, Yaw_err_deg: 0.559
Epoch: [24/25], Batch: 2940/2963, Loss: 51.912, Trans_L2_m: 0.715, Yaw_err_deg: 0.511
Epoch: [24/25], Batch: 2950/2963, Loss: 76.724, Trans_L2_m: 1.196, Yaw_err_deg: 0.628
Epoch: [24/25], Batch: 2960/2963, Loss: 63.418, Trans_L2_m: 1.133, Yaw_err_deg: 0.432
Validation loss (homography): 4827.3124
Avg batch time: 1134.05 ms, total: 367.886 s
[1;91mVal has no improvement vs 4605.474609375![0m
Epoch: [25/25], Batch: 0/2963, Loss: 47.697, Trans_L2_m: 0.782, Yaw_err_deg: 0.545
Epoch: [25/25], Batch: 10/2963, Loss: 53.205, Trans_L2_m: 0.724, Yaw_err_deg: 0.454
Epoch: [25/25], Batch: 20/2963, Loss: 60.716, Trans_L2_m: 0.631, Yaw_err_deg: 0.541
Epoch: [25/25], Batch: 30/2963, Loss: 55.147, Trans_L2_m: 0.686, Yaw_err_deg: 0.622
Epoch: [25/25], Batch: 40/2963, Loss: 63.065, Trans_L2_m: 0.920, Yaw_err_deg: 0.834
Epoch: [25/25], Batch: 50/2963, Loss: 62.872, Trans_L2_m: 0.722, Yaw_err_deg: 0.661
Epoch: [25/25], Batch: 60/2963, Loss: 55.619, Trans_L2_m: 0.689, Yaw_err_deg: 0.571
Epoch: [25/25], Batch: 70/2963, Loss: 55.494, Trans_L2_m: 0.725, Yaw_err_deg: 0.588
Epoch: [25/25], Batch: 80/2963, Loss: 64.655, Trans_L2_m: 0.715, Yaw_err_deg: 0.899
Epoch: [25/25], Batch: 90/2963, Loss: 57.043, Trans_L2_m: 1.046, Yaw_err_deg: 0.831
Epoch: [25/25], Batch: 100/2963, Loss: 63.685, Trans_L2_m: 0.672, Yaw_err_deg: 0.905
Epoch: [25/25], Batch: 110/2963, Loss: 53.592, Trans_L2_m: 0.491, Yaw_err_deg: 0.497
Epoch: [25/25], Batch: 120/2963, Loss: 61.032, Trans_L2_m: 0.769, Yaw_err_deg: 0.668
Epoch: [25/25], Batch: 130/2963, Loss: 57.095, Trans_L2_m: 0.712, Yaw_err_deg: 0.602
Epoch: [25/25], Batch: 140/2963, Loss: 72.140, Trans_L2_m: 1.174, Yaw_err_deg: 0.830
Epoch: [25/25], Batch: 150/2963, Loss: 47.909, Trans_L2_m: 0.732, Yaw_err_deg: 0.555
Epoch: [25/25], Batch: 160/2963, Loss: 56.716, Trans_L2_m: 0.832, Yaw_err_deg: 0.641
Epoch: [25/25], Batch: 170/2963, Loss: 53.060, Trans_L2_m: 0.727, Yaw_err_deg: 0.559
Epoch: [25/25], Batch: 180/2963, Loss: 59.920, Trans_L2_m: 1.005, Yaw_err_deg: 0.717
Epoch: [25/25], Batch: 190/2963, Loss: 51.777, Trans_L2_m: 0.579, Yaw_err_deg: 0.876
Epoch: [25/25], Batch: 200/2963, Loss: 50.211, Trans_L2_m: 0.626, Yaw_err_deg: 0.518
Epoch: [25/25], Batch: 210/2963, Loss: 53.674, Trans_L2_m: 0.855, Yaw_err_deg: 0.582
Epoch: [25/25], Batch: 220/2963, Loss: 46.289, Trans_L2_m: 0.697, Yaw_err_deg: 0.373
Epoch: [25/25], Batch: 230/2963, Loss: 56.028, Trans_L2_m: 0.801, Yaw_err_deg: 0.635
Epoch: [25/25], Batch: 240/2963, Loss: 52.738, Trans_L2_m: 0.598, Yaw_err_deg: 0.476
Epoch: [25/25], Batch: 250/2963, Loss: 56.267, Trans_L2_m: 0.607, Yaw_err_deg: 0.740
Epoch: [25/25], Batch: 260/2963, Loss: 63.399, Trans_L2_m: 0.942, Yaw_err_deg: 0.734
Epoch: [25/25], Batch: 270/2963, Loss: 55.455, Trans_L2_m: 0.738, Yaw_err_deg: 0.787
Epoch: [25/25], Batch: 280/2963, Loss: 47.161, Trans_L2_m: 0.598, Yaw_err_deg: 0.551
Epoch: [25/25], Batch: 290/2963, Loss: 47.198, Trans_L2_m: 0.787, Yaw_err_deg: 0.607
Epoch: [25/25], Batch: 300/2963, Loss: 65.923, Trans_L2_m: 0.963, Yaw_err_deg: 0.741
Epoch: [25/25], Batch: 310/2963, Loss: 67.518, Trans_L2_m: 1.089, Yaw_err_deg: 0.691
Epoch: [25/25], Batch: 320/2963, Loss: 56.824, Trans_L2_m: 0.924, Yaw_err_deg: 0.602
Epoch: [25/25], Batch: 330/2963, Loss: 48.432, Trans_L2_m: 0.624, Yaw_err_deg: 0.527
Epoch: [25/25], Batch: 340/2963, Loss: 83.097, Trans_L2_m: 0.981, Yaw_err_deg: 1.027
Epoch: [25/25], Batch: 350/2963, Loss: 50.218, Trans_L2_m: 0.775, Yaw_err_deg: 0.462
Epoch: [25/25], Batch: 360/2963, Loss: 64.912, Trans_L2_m: 0.882, Yaw_err_deg: 0.908
Epoch: [25/25], Batch: 370/2963, Loss: 55.214, Trans_L2_m: 0.933, Yaw_err_deg: 0.678
Epoch: [25/25], Batch: 380/2963, Loss: 57.349, Trans_L2_m: 0.878, Yaw_err_deg: 0.899
Epoch: [25/25], Batch: 390/2963, Loss: 59.344, Trans_L2_m: 0.851, Yaw_err_deg: 0.571
Epoch: [25/25], Batch: 400/2963, Loss: 52.256, Trans_L2_m: 0.757, Yaw_err_deg: 0.396
Epoch: [25/25], Batch: 410/2963, Loss: 63.104, Trans_L2_m: 0.754, Yaw_err_deg: 0.678
Epoch: [25/25], Batch: 420/2963, Loss: 58.098, Trans_L2_m: 0.832, Yaw_err_deg: 0.604
Epoch: [25/25], Batch: 430/2963, Loss: 60.645, Trans_L2_m: 0.811, Yaw_err_deg: 0.731
Epoch: [25/25], Batch: 440/2963, Loss: 61.611, Trans_L2_m: 0.761, Yaw_err_deg: 0.681
Epoch: [25/25], Batch: 450/2963, Loss: 56.061, Trans_L2_m: 0.724, Yaw_err_deg: 0.467
Epoch: [25/25], Batch: 460/2963, Loss: 57.089, Trans_L2_m: 0.729, Yaw_err_deg: 0.640
Epoch: [25/25], Batch: 470/2963, Loss: 60.047, Trans_L2_m: 1.137, Yaw_err_deg: 0.852
Epoch: [25/25], Batch: 480/2963, Loss: 59.320, Trans_L2_m: 0.662, Yaw_err_deg: 0.692
Epoch: [25/25], Batch: 490/2963, Loss: 62.356, Trans_L2_m: 0.881, Yaw_err_deg: 0.648
Epoch: [25/25], Batch: 500/2963, Loss: 60.782, Trans_L2_m: 0.815, Yaw_err_deg: 0.588
Epoch: [25/25], Batch: 510/2963, Loss: 56.803, Trans_L2_m: 0.923, Yaw_err_deg: 0.615
Epoch: [25/25], Batch: 520/2963, Loss: 66.722, Trans_L2_m: 0.966, Yaw_err_deg: 0.959
Epoch: [25/25], Batch: 530/2963, Loss: 49.347, Trans_L2_m: 0.671, Yaw_err_deg: 0.585
Epoch: [25/25], Batch: 540/2963, Loss: 61.726, Trans_L2_m: 0.648, Yaw_err_deg: 0.484
Epoch: [25/25], Batch: 550/2963, Loss: 53.776, Trans_L2_m: 0.621, Yaw_err_deg: 0.711
Epoch: [25/25], Batch: 560/2963, Loss: 55.132, Trans_L2_m: 0.869, Yaw_err_deg: 0.581
Epoch: [25/25], Batch: 570/2963, Loss: 50.462, Trans_L2_m: 0.689, Yaw_err_deg: 0.456
Epoch: [25/25], Batch: 580/2963, Loss: 56.474, Trans_L2_m: 0.875, Yaw_err_deg: 0.760
Epoch: [25/25], Batch: 590/2963, Loss: 61.068, Trans_L2_m: 0.846, Yaw_err_deg: 0.707
Epoch: [25/25], Batch: 600/2963, Loss: 52.898, Trans_L2_m: 0.950, Yaw_err_deg: 0.470
Epoch: [25/25], Batch: 610/2963, Loss: 56.383, Trans_L2_m: 0.947, Yaw_err_deg: 0.825
Epoch: [25/25], Batch: 620/2963, Loss: 55.679, Trans_L2_m: 0.879, Yaw_err_deg: 0.645
Epoch: [25/25], Batch: 630/2963, Loss: 53.848, Trans_L2_m: 0.990, Yaw_err_deg: 0.351
Epoch: [25/25], Batch: 640/2963, Loss: 57.754, Trans_L2_m: 0.832, Yaw_err_deg: 0.456
Epoch: [25/25], Batch: 650/2963, Loss: 61.274, Trans_L2_m: 0.671, Yaw_err_deg: 0.536
Epoch: [25/25], Batch: 660/2963, Loss: 51.471, Trans_L2_m: 0.513, Yaw_err_deg: 0.703
Epoch: [25/25], Batch: 670/2963, Loss: 58.975, Trans_L2_m: 0.974, Yaw_err_deg: 0.528
Epoch: [25/25], Batch: 680/2963, Loss: 57.978, Trans_L2_m: 0.973, Yaw_err_deg: 0.411
Epoch: [25/25], Batch: 690/2963, Loss: 57.602, Trans_L2_m: 0.674, Yaw_err_deg: 0.760
Epoch: [25/25], Batch: 700/2963, Loss: 52.488, Trans_L2_m: 0.400, Yaw_err_deg: 0.612
Epoch: [25/25], Batch: 710/2963, Loss: 52.201, Trans_L2_m: 0.619, Yaw_err_deg: 0.466
Epoch: [25/25], Batch: 720/2963, Loss: 55.128, Trans_L2_m: 0.684, Yaw_err_deg: 0.656
Epoch: [25/25], Batch: 730/2963, Loss: 65.305, Trans_L2_m: 0.987, Yaw_err_deg: 0.752
Epoch: [25/25], Batch: 740/2963, Loss: 84.961, Trans_L2_m: 1.365, Yaw_err_deg: 0.904
Epoch: [25/25], Batch: 750/2963, Loss: 64.928, Trans_L2_m: 0.870, Yaw_err_deg: 0.687
Epoch: [25/25], Batch: 760/2963, Loss: 62.641, Trans_L2_m: 0.877, Yaw_err_deg: 0.648
Epoch: [25/25], Batch: 770/2963, Loss: 55.354, Trans_L2_m: 0.675, Yaw_err_deg: 0.532
Epoch: [25/25], Batch: 780/2963, Loss: 65.688, Trans_L2_m: 0.786, Yaw_err_deg: 0.852
Epoch: [25/25], Batch: 790/2963, Loss: 66.652, Trans_L2_m: 0.807, Yaw_err_deg: 1.113
Epoch: [25/25], Batch: 800/2963, Loss: 57.193, Trans_L2_m: 0.916, Yaw_err_deg: 0.646
Epoch: [25/25], Batch: 810/2963, Loss: 59.413, Trans_L2_m: 0.702, Yaw_err_deg: 0.737
Epoch: [25/25], Batch: 820/2963, Loss: 52.227, Trans_L2_m: 0.688, Yaw_err_deg: 0.532
Epoch: [25/25], Batch: 830/2963, Loss: 57.349, Trans_L2_m: 0.826, Yaw_err_deg: 0.625
Epoch: [25/25], Batch: 840/2963, Loss: 56.416, Trans_L2_m: 1.052, Yaw_err_deg: 0.652
Epoch: [25/25], Batch: 850/2963, Loss: 51.529, Trans_L2_m: 0.718, Yaw_err_deg: 0.568
Epoch: [25/25], Batch: 860/2963, Loss: 49.727, Trans_L2_m: 0.731, Yaw_err_deg: 0.635
Epoch: [25/25], Batch: 870/2963, Loss: 56.413, Trans_L2_m: 0.741, Yaw_err_deg: 0.845
Epoch: [25/25], Batch: 880/2963, Loss: 61.726, Trans_L2_m: 0.989, Yaw_err_deg: 0.676
Epoch: [25/25], Batch: 890/2963, Loss: 59.424, Trans_L2_m: 1.016, Yaw_err_deg: 0.708
Epoch: [25/25], Batch: 900/2963, Loss: 49.658, Trans_L2_m: 0.679, Yaw_err_deg: 0.557
Epoch: [25/25], Batch: 910/2963, Loss: 51.066, Trans_L2_m: 0.679, Yaw_err_deg: 0.563
Epoch: [25/25], Batch: 920/2963, Loss: 54.702, Trans_L2_m: 0.733, Yaw_err_deg: 0.522
Epoch: [25/25], Batch: 930/2963, Loss: 57.046, Trans_L2_m: 0.761, Yaw_err_deg: 0.559
Epoch: [25/25], Batch: 940/2963, Loss: 56.309, Trans_L2_m: 0.773, Yaw_err_deg: 0.503
Epoch: [25/25], Batch: 950/2963, Loss: 58.364, Trans_L2_m: 0.973, Yaw_err_deg: 0.532
Epoch: [25/25], Batch: 960/2963, Loss: 48.700, Trans_L2_m: 0.569, Yaw_err_deg: 0.511
Epoch: [25/25], Batch: 970/2963, Loss: 66.214, Trans_L2_m: 1.099, Yaw_err_deg: 0.742
Epoch: [25/25], Batch: 980/2963, Loss: 62.213, Trans_L2_m: 0.704, Yaw_err_deg: 0.839
Epoch: [25/25], Batch: 990/2963, Loss: 70.472, Trans_L2_m: 0.910, Yaw_err_deg: 0.651
Epoch: [25/25], Batch: 1000/2963, Loss: 58.822, Trans_L2_m: 0.853, Yaw_err_deg: 0.691
Epoch: [25/25], Batch: 1010/2963, Loss: 62.054, Trans_L2_m: 0.766, Yaw_err_deg: 0.903
Epoch: [25/25], Batch: 1020/2963, Loss: 55.777, Trans_L2_m: 0.867, Yaw_err_deg: 0.632
Epoch: [25/25], Batch: 1030/2963, Loss: 56.228, Trans_L2_m: 0.721, Yaw_err_deg: 0.546
Epoch: [25/25], Batch: 1040/2963, Loss: 54.259, Trans_L2_m: 0.717, Yaw_err_deg: 0.687
Epoch: [25/25], Batch: 1050/2963, Loss: 64.534, Trans_L2_m: 1.196, Yaw_err_deg: 0.551
Epoch: [25/25], Batch: 1060/2963, Loss: 58.186, Trans_L2_m: 0.833, Yaw_err_deg: 0.682
Epoch: [25/25], Batch: 1070/2963, Loss: 57.475, Trans_L2_m: 0.688, Yaw_err_deg: 0.508
Epoch: [25/25], Batch: 1080/2963, Loss: 50.499, Trans_L2_m: 0.738, Yaw_err_deg: 0.491
Epoch: [25/25], Batch: 1090/2963, Loss: 60.505, Trans_L2_m: 0.916, Yaw_err_deg: 0.487
Epoch: [25/25], Batch: 1100/2963, Loss: 59.677, Trans_L2_m: 0.898, Yaw_err_deg: 0.455
Epoch: [25/25], Batch: 1110/2963, Loss: 54.766, Trans_L2_m: 0.692, Yaw_err_deg: 0.515
Epoch: [25/25], Batch: 1120/2963, Loss: 57.718, Trans_L2_m: 0.852, Yaw_err_deg: 0.504
Epoch: [25/25], Batch: 1130/2963, Loss: 52.260, Trans_L2_m: 0.558, Yaw_err_deg: 0.620
Epoch: [25/25], Batch: 1140/2963, Loss: 54.850, Trans_L2_m: 0.608, Yaw_err_deg: 0.721
Epoch: [25/25], Batch: 1150/2963, Loss: 54.767, Trans_L2_m: 0.824, Yaw_err_deg: 0.672
Epoch: [25/25], Batch: 1160/2963, Loss: 52.299, Trans_L2_m: 0.560, Yaw_err_deg: 0.632
Epoch: [25/25], Batch: 1170/2963, Loss: 54.155, Trans_L2_m: 0.652, Yaw_err_deg: 0.367
Epoch: [25/25], Batch: 1180/2963, Loss: 65.045, Trans_L2_m: 1.033, Yaw_err_deg: 0.824
Epoch: [25/25], Batch: 1190/2963, Loss: 54.593, Trans_L2_m: 0.755, Yaw_err_deg: 0.407
Epoch: [25/25], Batch: 1200/2963, Loss: 60.017, Trans_L2_m: 0.797, Yaw_err_deg: 0.653
Epoch: [25/25], Batch: 1210/2963, Loss: 55.209, Trans_L2_m: 0.654, Yaw_err_deg: 0.640
Epoch: [25/25], Batch: 1220/2963, Loss: 47.566, Trans_L2_m: 0.521, Yaw_err_deg: 0.477
Epoch: [25/25], Batch: 1230/2963, Loss: 54.766, Trans_L2_m: 0.937, Yaw_err_deg: 0.556
Epoch: [25/25], Batch: 1240/2963, Loss: 56.952, Trans_L2_m: 0.555, Yaw_err_deg: 0.510
Epoch: [25/25], Batch: 1250/2963, Loss: 58.263, Trans_L2_m: 0.951, Yaw_err_deg: 0.844
Epoch: [25/25], Batch: 1260/2963, Loss: 47.645, Trans_L2_m: 0.595, Yaw_err_deg: 0.454
Epoch: [25/25], Batch: 1270/2963, Loss: 67.008, Trans_L2_m: 0.891, Yaw_err_deg: 0.979
Epoch: [25/25], Batch: 1280/2963, Loss: 63.394, Trans_L2_m: 0.829, Yaw_err_deg: 0.651
Epoch: [25/25], Batch: 1290/2963, Loss: 47.052, Trans_L2_m: 0.618, Yaw_err_deg: 0.374
Epoch: [25/25], Batch: 1300/2963, Loss: 61.358, Trans_L2_m: 0.762, Yaw_err_deg: 0.512
Epoch: [25/25], Batch: 1310/2963, Loss: 51.746, Trans_L2_m: 0.828, Yaw_err_deg: 0.738
Epoch: [25/25], Batch: 1320/2963, Loss: 59.226, Trans_L2_m: 0.886, Yaw_err_deg: 0.600
Epoch: [25/25], Batch: 1330/2963, Loss: 48.847, Trans_L2_m: 0.708, Yaw_err_deg: 0.530
Epoch: [25/25], Batch: 1340/2963, Loss: 49.766, Trans_L2_m: 0.757, Yaw_err_deg: 0.653
Epoch: [25/25], Batch: 1350/2963, Loss: 53.084, Trans_L2_m: 0.645, Yaw_err_deg: 0.685
Epoch: [25/25], Batch: 1360/2963, Loss: 56.673, Trans_L2_m: 0.912, Yaw_err_deg: 0.692
Epoch: [25/25], Batch: 1370/2963, Loss: 57.334, Trans_L2_m: 0.673, Yaw_err_deg: 0.611
Epoch: [25/25], Batch: 1380/2963, Loss: 62.517, Trans_L2_m: 0.807, Yaw_err_deg: 0.626
Epoch: [25/25], Batch: 1390/2963, Loss: 59.814, Trans_L2_m: 0.944, Yaw_err_deg: 0.580
Epoch: [25/25], Batch: 1400/2963, Loss: 57.794, Trans_L2_m: 0.914, Yaw_err_deg: 0.408
Epoch: [25/25], Batch: 1410/2963, Loss: 56.124, Trans_L2_m: 0.597, Yaw_err_deg: 0.547
