{'gpuid': [0], 'mixed_precision': False, 'iters_lev0': 6, 'lev0': True, 'flow': True, 'p_siamese': True, 'CNN16': True, 'dataset': 'zod', 'orig_label': False, 'cross_area': False, 'batch_size': 5, 'lr': 0.00035, 'num_steps': 39000, 'scheduler': 'OneCycle', 'loss_w': [0.1, 1.0, 400000.0], 'temperature': 4.0, 'augment': False, 'ori_noise': 45.0, 'orien': True, 'restore_ckpt': None, 'model': None, 'wdecay': 0.0005, 'epsilon': 1e-07, 'clip': 1.0, 'gamma': 0.85, 'name': 'zod_train', 'validation': None, 'image_size': 512, 'zoom': 20, 'IMG_FREQ': 20000, 'SUM_FREQ': 100, 'use_augmentation': True, 'image_area_dg_m': 51.2, 'image_area_zod_m': 100, 'max_translation': 15.0, 'max_rot_deg': 20.0, 'z_range': [-2.5, 3.0], 'BEV_grid_resolution': 0.1, 'lidar_dataset_root': '/work/vita/datasets/zod', 'aerial_img_dataset_root': '/work/vita/datasets/zod_crossview_processed_100m', 'version': 'full', 'config': '/home/finckh/VITA/HC-Net/models/config/ZOD/train.json', 'best_dis': 100000000.0, 'start_step': 0}
[31m2025-12-20 23:09:54[0m
Loaded pretrained weights for efficientnet-b0
Parameter Count: 7754186
Loading train split : 23 drives
Loading val split : 6 drives
Training with 47407 samples, validation with 10393 samples.
Using 5 dataloader workers every process
Best distance so far 100000000.0.
[34mLog will be saved to:./watch/zod/zod_train_20251220_231640.log[0m
Epoch: [1/4], Batch: 0/9482, Loss: 5696.282, Trans_L2_m: 13.431, Yaw_err_deg: 7.673
Epoch: [1/4], Batch: 10/9482, Loss: 6175.070, Trans_L2_m: 7.917, Yaw_err_deg: 10.453
Epoch: [1/4], Batch: 20/9482, Loss: 5396.543, Trans_L2_m: 13.038, Yaw_err_deg: 6.353
Epoch: [1/4], Batch: 30/9482, Loss: 5664.176, Trans_L2_m: 6.139, Yaw_err_deg: 12.862
Epoch: [1/4], Batch: 40/9482, Loss: 5162.662, Trans_L2_m: 12.090, Yaw_err_deg: 7.753
Epoch: [1/4], Batch: 50/9482, Loss: 7364.254, Trans_L2_m: 9.355, Yaw_err_deg: 12.565
Epoch: [1/4], Batch: 60/9482, Loss: 5638.143, Trans_L2_m: 11.151, Yaw_err_deg: 10.153
Epoch: [1/4], Batch: 70/9482, Loss: 5693.446, Trans_L2_m: 10.443, Yaw_err_deg: 9.395
Epoch: [1/4], Batch: 80/9482, Loss: 5179.672, Trans_L2_m: 9.838, Yaw_err_deg: 8.363
Epoch: [1/4], Batch: 90/9482, Loss: 4565.169, Trans_L2_m: 11.727, Yaw_err_deg: 6.593
Epoch: [1/4], Batch: 100/9482, Loss: 7072.195, Trans_L2_m: 13.804, Yaw_err_deg: 10.156
Epoch: [1/4], Batch: 110/9482, Loss: 3904.257, Trans_L2_m: 10.277, Yaw_err_deg: 6.404
Epoch: [1/4], Batch: 120/9482, Loss: 6124.985, Trans_L2_m: 12.840, Yaw_err_deg: 9.260
Epoch: [1/4], Batch: 130/9482, Loss: 6208.556, Trans_L2_m: 11.584, Yaw_err_deg: 9.175
Epoch: [1/4], Batch: 140/9482, Loss: 6706.477, Trans_L2_m: 13.227, Yaw_err_deg: 8.054
Epoch: [1/4], Batch: 150/9482, Loss: 6177.407, Trans_L2_m: 11.695, Yaw_err_deg: 8.895
Epoch: [1/4], Batch: 160/9482, Loss: 5363.673, Trans_L2_m: 9.346, Yaw_err_deg: 9.118
Epoch: [1/4], Batch: 170/9482, Loss: 3641.000, Trans_L2_m: 9.919, Yaw_err_deg: 4.607
Epoch: [1/4], Batch: 180/9482, Loss: 4733.567, Trans_L2_m: 8.012, Yaw_err_deg: 9.858
Epoch: [1/4], Batch: 190/9482, Loss: 1673.231, Trans_L2_m: 6.403, Yaw_err_deg: 2.228
Epoch: [1/4], Batch: 200/9482, Loss: 7525.647, Trans_L2_m: 9.930, Yaw_err_deg: 13.703
Epoch: [1/4], Batch: 210/9482, Loss: 5562.628, Trans_L2_m: 11.308, Yaw_err_deg: 9.393
Epoch: [1/4], Batch: 220/9482, Loss: 5944.067, Trans_L2_m: 11.581, Yaw_err_deg: 8.381
Epoch: [1/4], Batch: 230/9482, Loss: 4973.742, Trans_L2_m: 7.123, Yaw_err_deg: 10.356
Epoch: [1/4], Batch: 240/9482, Loss: 9851.515, Trans_L2_m: 10.089, Yaw_err_deg: 16.969
Epoch: [1/4], Batch: 250/9482, Loss: 6133.385, Trans_L2_m: 12.406, Yaw_err_deg: 9.189
Epoch: [1/4], Batch: 260/9482, Loss: 6800.940, Trans_L2_m: 9.386, Yaw_err_deg: 12.028
Epoch: [1/4], Batch: 270/9482, Loss: 4230.211, Trans_L2_m: 10.200, Yaw_err_deg: 7.725
Epoch: [1/4], Batch: 280/9482, Loss: 6247.301, Trans_L2_m: 9.389, Yaw_err_deg: 11.567
Epoch: [1/4], Batch: 290/9482, Loss: 7068.401, Trans_L2_m: 11.049, Yaw_err_deg: 11.296
Epoch: [1/4], Batch: 300/9482, Loss: 6165.222, Trans_L2_m: 10.303, Yaw_err_deg: 10.479
Epoch: [1/4], Batch: 310/9482, Loss: 4029.405, Trans_L2_m: 11.228, Yaw_err_deg: 5.349
Epoch: [1/4], Batch: 320/9482, Loss: 7748.652, Trans_L2_m: 12.136, Yaw_err_deg: 11.667
Epoch: [1/4], Batch: 330/9482, Loss: 10901.386, Trans_L2_m: 13.401, Yaw_err_deg: 15.772
Epoch: [1/4], Batch: 340/9482, Loss: 2901.647, Trans_L2_m: 8.038, Yaw_err_deg: 5.021
Epoch: [1/4], Batch: 350/9482, Loss: 6301.361, Trans_L2_m: 9.232, Yaw_err_deg: 11.179
Epoch: [1/4], Batch: 360/9482, Loss: 4867.632, Trans_L2_m: 9.325, Yaw_err_deg: 7.891
Epoch: [1/4], Batch: 370/9482, Loss: 6433.978, Trans_L2_m: 8.149, Yaw_err_deg: 11.994
Epoch: [1/4], Batch: 380/9482, Loss: 5768.079, Trans_L2_m: 7.970, Yaw_err_deg: 11.913
Epoch: [1/4], Batch: 390/9482, Loss: 3075.259, Trans_L2_m: 8.644, Yaw_err_deg: 5.998
Epoch: [1/4], Batch: 400/9482, Loss: 3571.416, Trans_L2_m: 6.856, Yaw_err_deg: 9.037
Epoch: [1/4], Batch: 410/9482, Loss: 4879.415, Trans_L2_m: 6.980, Yaw_err_deg: 9.992
Epoch: [1/4], Batch: 420/9482, Loss: 5242.524, Trans_L2_m: 4.954, Yaw_err_deg: 12.513
Epoch: [1/4], Batch: 430/9482, Loss: 6035.658, Trans_L2_m: 7.034, Yaw_err_deg: 11.805
Epoch: [1/4], Batch: 440/9482, Loss: 4820.977, Trans_L2_m: 5.462, Yaw_err_deg: 10.529
Epoch: [1/4], Batch: 450/9482, Loss: 2894.109, Trans_L2_m: 6.636, Yaw_err_deg: 5.958
Epoch: [1/4], Batch: 460/9482, Loss: 4407.606, Trans_L2_m: 6.214, Yaw_err_deg: 9.560
Epoch: [1/4], Batch: 470/9482, Loss: 5567.408, Trans_L2_m: 7.733, Yaw_err_deg: 10.113
Epoch: [1/4], Batch: 480/9482, Loss: 5782.618, Trans_L2_m: 6.040, Yaw_err_deg: 12.201
Epoch: [1/4], Batch: 490/9482, Loss: 6534.184, Trans_L2_m: 9.218, Yaw_err_deg: 11.239
Epoch: [1/4], Batch: 500/9482, Loss: 6314.317, Trans_L2_m: 10.131, Yaw_err_deg: 8.754
Epoch: [1/4], Batch: 510/9482, Loss: 3390.458, Trans_L2_m: 8.059, Yaw_err_deg: 6.230
Epoch: [1/4], Batch: 520/9482, Loss: 6795.698, Trans_L2_m: 8.540, Yaw_err_deg: 11.947
Epoch: [1/4], Batch: 530/9482, Loss: 6312.224, Trans_L2_m: 7.150, Yaw_err_deg: 11.671
Epoch: [1/4], Batch: 540/9482, Loss: 4542.286, Trans_L2_m: 9.624, Yaw_err_deg: 6.738
Epoch: [1/4], Batch: 550/9482, Loss: 2929.200, Trans_L2_m: 7.843, Yaw_err_deg: 5.190
Epoch: [1/4], Batch: 560/9482, Loss: 6636.595, Trans_L2_m: 8.523, Yaw_err_deg: 10.670
Epoch: [1/4], Batch: 570/9482, Loss: 3935.519, Trans_L2_m: 5.813, Yaw_err_deg: 8.579
Epoch: [1/4], Batch: 580/9482, Loss: 5549.073, Trans_L2_m: 7.576, Yaw_err_deg: 10.130
Epoch: [1/4], Batch: 590/9482, Loss: 6780.657, Trans_L2_m: 5.238, Yaw_err_deg: 14.332
Epoch: [1/4], Batch: 600/9482, Loss: 4607.572, Trans_L2_m: 6.292, Yaw_err_deg: 10.789
Epoch: [1/4], Batch: 610/9482, Loss: 5156.968, Trans_L2_m: 8.450, Yaw_err_deg: 8.704
Epoch: [1/4], Batch: 620/9482, Loss: 7144.849, Trans_L2_m: 5.262, Yaw_err_deg: 15.201
Epoch: [1/4], Batch: 630/9482, Loss: 5669.617, Trans_L2_m: 4.993, Yaw_err_deg: 12.669
Epoch: [1/4], Batch: 640/9482, Loss: 6697.017, Trans_L2_m: 6.844, Yaw_err_deg: 12.980
Epoch: [1/4], Batch: 650/9482, Loss: 6584.517, Trans_L2_m: 7.714, Yaw_err_deg: 11.707
Epoch: [1/4], Batch: 660/9482, Loss: 3392.619, Trans_L2_m: 4.152, Yaw_err_deg: 8.995
Epoch: [1/4], Batch: 670/9482, Loss: 4262.042, Trans_L2_m: 4.971, Yaw_err_deg: 10.147
Epoch: [1/4], Batch: 680/9482, Loss: 5884.599, Trans_L2_m: 6.104, Yaw_err_deg: 13.007
Epoch: [1/4], Batch: 690/9482, Loss: 5183.230, Trans_L2_m: 5.437, Yaw_err_deg: 11.948
Epoch: [1/4], Batch: 700/9482, Loss: 6194.595, Trans_L2_m: 7.059, Yaw_err_deg: 11.946
Epoch: [1/4], Batch: 710/9482, Loss: 5025.925, Trans_L2_m: 8.017, Yaw_err_deg: 8.903
Epoch: [1/4], Batch: 720/9482, Loss: 2557.249, Trans_L2_m: 5.514, Yaw_err_deg: 6.270
Epoch: [1/4], Batch: 730/9482, Loss: 2732.144, Trans_L2_m: 5.341, Yaw_err_deg: 6.635
Epoch: [1/4], Batch: 740/9482, Loss: 2402.798, Trans_L2_m: 4.352, Yaw_err_deg: 5.054
Epoch: [1/4], Batch: 750/9482, Loss: 3018.937, Trans_L2_m: 4.715, Yaw_err_deg: 8.269
Epoch: [1/4], Batch: 760/9482, Loss: 5081.416, Trans_L2_m: 2.992, Yaw_err_deg: 10.913
Epoch: [1/4], Batch: 770/9482, Loss: 3717.147, Trans_L2_m: 5.564, Yaw_err_deg: 8.842
Epoch: [1/4], Batch: 780/9482, Loss: 3971.354, Trans_L2_m: 4.265, Yaw_err_deg: 9.737
Epoch: [1/4], Batch: 790/9482, Loss: 4850.256, Trans_L2_m: 4.740, Yaw_err_deg: 9.234
Epoch: [1/4], Batch: 800/9482, Loss: 4927.484, Trans_L2_m: 5.967, Yaw_err_deg: 9.026
Epoch: [1/4], Batch: 810/9482, Loss: 3146.269, Trans_L2_m: 5.871, Yaw_err_deg: 6.436
Epoch: [1/4], Batch: 820/9482, Loss: 3786.603, Trans_L2_m: 3.876, Yaw_err_deg: 8.685
Epoch: [1/4], Batch: 830/9482, Loss: 5633.819, Trans_L2_m: 6.402, Yaw_err_deg: 10.510
Epoch: [1/4], Batch: 840/9482, Loss: 7055.837, Trans_L2_m: 4.771, Yaw_err_deg: 14.880
Epoch: [1/4], Batch: 850/9482, Loss: 4434.873, Trans_L2_m: 4.621, Yaw_err_deg: 10.051
Epoch: [1/4], Batch: 860/9482, Loss: 4211.464, Trans_L2_m: 5.246, Yaw_err_deg: 9.584
Epoch: [1/4], Batch: 870/9482, Loss: 4671.384, Trans_L2_m: 3.896, Yaw_err_deg: 12.143
Epoch: [1/4], Batch: 880/9482, Loss: 6003.944, Trans_L2_m: 5.513, Yaw_err_deg: 13.404
Epoch: [1/4], Batch: 890/9482, Loss: 3628.472, Trans_L2_m: 5.769, Yaw_err_deg: 8.233
Epoch: [1/4], Batch: 900/9482, Loss: 4619.196, Trans_L2_m: 7.058, Yaw_err_deg: 9.319
Epoch: [1/4], Batch: 910/9482, Loss: 5243.524, Trans_L2_m: 4.060, Yaw_err_deg: 11.667
Epoch: [1/4], Batch: 920/9482, Loss: 3699.719, Trans_L2_m: 5.855, Yaw_err_deg: 8.249
Epoch: [1/4], Batch: 930/9482, Loss: 5873.972, Trans_L2_m: 7.555, Yaw_err_deg: 11.158
Epoch: [1/4], Batch: 940/9482, Loss: 4230.352, Trans_L2_m: 6.297, Yaw_err_deg: 7.417
Epoch: [1/4], Batch: 950/9482, Loss: 4326.913, Trans_L2_m: 4.482, Yaw_err_deg: 9.839
Epoch: [1/4], Batch: 960/9482, Loss: 5716.818, Trans_L2_m: 5.254, Yaw_err_deg: 10.787
Epoch: [1/4], Batch: 970/9482, Loss: 2876.179, Trans_L2_m: 3.220, Yaw_err_deg: 8.690
Epoch: [1/4], Batch: 980/9482, Loss: 2692.792, Trans_L2_m: 2.913, Yaw_err_deg: 7.538
Epoch: [1/4], Batch: 990/9482, Loss: 4520.594, Trans_L2_m: 5.779, Yaw_err_deg: 9.325
Epoch: [1/4], Batch: 1000/9482, Loss: 3564.943, Trans_L2_m: 5.467, Yaw_err_deg: 7.235
Epoch: [1/4], Batch: 1010/9482, Loss: 2924.027, Trans_L2_m: 4.788, Yaw_err_deg: 6.278
Epoch: [1/4], Batch: 1020/9482, Loss: 5489.417, Trans_L2_m: 2.123, Yaw_err_deg: 13.564
Epoch: [1/4], Batch: 1030/9482, Loss: 4901.708, Trans_L2_m: 4.839, Yaw_err_deg: 10.733
Epoch: [1/4], Batch: 1040/9482, Loss: 4466.897, Trans_L2_m: 3.658, Yaw_err_deg: 10.735
Epoch: [1/4], Batch: 1050/9482, Loss: 3094.193, Trans_L2_m: 4.986, Yaw_err_deg: 6.566
Epoch: [1/4], Batch: 1060/9482, Loss: 7352.970, Trans_L2_m: 5.509, Yaw_err_deg: 14.532
Epoch: [1/4], Batch: 1070/9482, Loss: 3723.493, Trans_L2_m: 3.344, Yaw_err_deg: 9.488
Epoch: [1/4], Batch: 1080/9482, Loss: 2308.185, Trans_L2_m: 4.297, Yaw_err_deg: 8.491
Epoch: [1/4], Batch: 1090/9482, Loss: 5448.049, Trans_L2_m: 3.574, Yaw_err_deg: 12.177
Epoch: [1/4], Batch: 1100/9482, Loss: 7253.063, Trans_L2_m: 6.816, Yaw_err_deg: 13.673
Epoch: [1/4], Batch: 1110/9482, Loss: 5516.791, Trans_L2_m: 4.408, Yaw_err_deg: 10.802
Epoch: [1/4], Batch: 1120/9482, Loss: 5125.312, Trans_L2_m: 6.142, Yaw_err_deg: 9.080
Epoch: [1/4], Batch: 1130/9482, Loss: 3177.062, Trans_L2_m: 5.342, Yaw_err_deg: 6.007
Epoch: [1/4], Batch: 1140/9482, Loss: 7185.114, Trans_L2_m: 5.149, Yaw_err_deg: 13.997
Epoch: [1/4], Batch: 1150/9482, Loss: 4335.878, Trans_L2_m: 4.388, Yaw_err_deg: 9.090
Epoch: [1/4], Batch: 1160/9482, Loss: 4091.682, Trans_L2_m: 4.907, Yaw_err_deg: 10.122
Epoch: [1/4], Batch: 1170/9482, Loss: 3804.381, Trans_L2_m: 2.536, Yaw_err_deg: 9.707
Epoch: [1/4], Batch: 1180/9482, Loss: 4980.783, Trans_L2_m: 3.222, Yaw_err_deg: 10.643
Epoch: [1/4], Batch: 1190/9482, Loss: 5564.147, Trans_L2_m: 3.482, Yaw_err_deg: 12.062
Epoch: [1/4], Batch: 1200/9482, Loss: 4870.589, Trans_L2_m: 3.705, Yaw_err_deg: 11.103
Epoch: [1/4], Batch: 1210/9482, Loss: 4256.312, Trans_L2_m: 3.474, Yaw_err_deg: 10.419
Epoch: [1/4], Batch: 1220/9482, Loss: 3657.912, Trans_L2_m: 4.370, Yaw_err_deg: 8.434
Epoch: [1/4], Batch: 1230/9482, Loss: 2112.773, Trans_L2_m: 2.148, Yaw_err_deg: 5.920
Epoch: [1/4], Batch: 1240/9482, Loss: 7004.779, Trans_L2_m: 1.777, Yaw_err_deg: 15.997
Epoch: [1/4], Batch: 1250/9482, Loss: 6336.592, Trans_L2_m: 3.219, Yaw_err_deg: 13.635
Epoch: [1/4], Batch: 1260/9482, Loss: 4121.243, Trans_L2_m: 3.233, Yaw_err_deg: 8.751
Epoch: [1/4], Batch: 1270/9482, Loss: 5612.919, Trans_L2_m: 3.540, Yaw_err_deg: 12.202
Epoch: [1/4], Batch: 1280/9482, Loss: 5128.475, Trans_L2_m: 3.750, Yaw_err_deg: 11.729
Epoch: [1/4], Batch: 1290/9482, Loss: 4439.535, Trans_L2_m: 3.509, Yaw_err_deg: 10.596
Epoch: [1/4], Batch: 1300/9482, Loss: 2520.711, Trans_L2_m: 2.850, Yaw_err_deg: 6.740
Epoch: [1/4], Batch: 1310/9482, Loss: 6398.527, Trans_L2_m: 2.494, Yaw_err_deg: 15.168
Epoch: [1/4], Batch: 1320/9482, Loss: 6864.979, Trans_L2_m: 5.166, Yaw_err_deg: 13.199
Epoch: [1/4], Batch: 1330/9482, Loss: 2391.433, Trans_L2_m: 3.453, Yaw_err_deg: 7.099
Epoch: [1/4], Batch: 1340/9482, Loss: 2188.440, Trans_L2_m: 3.809, Yaw_err_deg: 7.686
Epoch: [1/4], Batch: 1350/9482, Loss: 3624.404, Trans_L2_m: 3.439, Yaw_err_deg: 8.221
Epoch: [1/4], Batch: 1360/9482, Loss: 4240.575, Trans_L2_m: 2.429, Yaw_err_deg: 11.919
Epoch: [1/4], Batch: 1370/9482, Loss: 5116.003, Trans_L2_m: 4.005, Yaw_err_deg: 12.462
Epoch: [1/4], Batch: 1380/9482, Loss: 2995.034, Trans_L2_m: 4.603, Yaw_err_deg: 5.755
Epoch: [1/4], Batch: 1390/9482, Loss: 3421.232, Trans_L2_m: 2.744, Yaw_err_deg: 10.315
Epoch: [1/4], Batch: 1400/9482, Loss: 4784.983, Trans_L2_m: 2.495, Yaw_err_deg: 11.927
Epoch: [1/4], Batch: 1410/9482, Loss: 4451.108, Trans_L2_m: 2.676, Yaw_err_deg: 11.465
Epoch: [1/4], Batch: 1420/9482, Loss: 5108.239, Trans_L2_m: 2.212, Yaw_err_deg: 12.467
Epoch: [1/4], Batch: 1430/9482, Loss: 3916.251, Trans_L2_m: 3.134, Yaw_err_deg: 10.867
Epoch: [1/4], Batch: 1440/9482, Loss: 4914.544, Trans_L2_m: 2.799, Yaw_err_deg: 11.272
Epoch: [1/4], Batch: 1450/9482, Loss: 5441.775, Trans_L2_m: 3.492, Yaw_err_deg: 12.131
Epoch: [1/4], Batch: 1460/9482, Loss: 3464.184, Trans_L2_m: 3.193, Yaw_err_deg: 8.277
Epoch: [1/4], Batch: 1470/9482, Loss: 6920.433, Trans_L2_m: 3.371, Yaw_err_deg: 15.998
Epoch: [1/4], Batch: 1480/9482, Loss: 4805.660, Trans_L2_m: 3.168, Yaw_err_deg: 11.335
Epoch: [1/4], Batch: 1490/9482, Loss: 3968.095, Trans_L2_m: 2.889, Yaw_err_deg: 10.130
Epoch: [1/4], Batch: 1500/9482, Loss: 2656.722, Trans_L2_m: 3.375, Yaw_err_deg: 7.882
Epoch: [1/4], Batch: 1510/9482, Loss: 2784.372, Trans_L2_m: 4.261, Yaw_err_deg: 7.187
Epoch: [1/4], Batch: 1520/9482, Loss: 5400.648, Trans_L2_m: 2.799, Yaw_err_deg: 12.425
Epoch: [1/4], Batch: 1530/9482, Loss: 4745.881, Trans_L2_m: 3.454, Yaw_err_deg: 11.461
Epoch: [1/4], Batch: 1540/9482, Loss: 5170.062, Trans_L2_m: 4.401, Yaw_err_deg: 10.973
Epoch: [1/4], Batch: 1550/9482, Loss: 4713.571, Trans_L2_m: 3.442, Yaw_err_deg: 11.546
Epoch: [1/4], Batch: 1560/9482, Loss: 1550.329, Trans_L2_m: 2.634, Yaw_err_deg: 5.181
Epoch: [1/4], Batch: 1570/9482, Loss: 6118.705, Trans_L2_m: 2.813, Yaw_err_deg: 12.895
Epoch: [1/4], Batch: 1580/9482, Loss: 3144.229, Trans_L2_m: 3.442, Yaw_err_deg: 9.050
Epoch: [1/4], Batch: 1590/9482, Loss: 4441.573, Trans_L2_m: 2.915, Yaw_err_deg: 10.954
Epoch: [1/4], Batch: 1600/9482, Loss: 4721.485, Trans_L2_m: 3.641, Yaw_err_deg: 9.120
Epoch: [1/4], Batch: 1610/9482, Loss: 7967.547, Trans_L2_m: 2.950, Yaw_err_deg: 16.499
Epoch: [1/4], Batch: 1620/9482, Loss: 4863.768, Trans_L2_m: 1.895, Yaw_err_deg: 10.643
Epoch: [1/4], Batch: 1630/9482, Loss: 6029.319, Trans_L2_m: 2.474, Yaw_err_deg: 13.320
Epoch: [1/4], Batch: 1640/9482, Loss: 4772.356, Trans_L2_m: 2.639, Yaw_err_deg: 10.756
Epoch: [1/4], Batch: 1650/9482, Loss: 2966.694, Trans_L2_m: 2.195, Yaw_err_deg: 7.680
Epoch: [1/4], Batch: 1660/9482, Loss: 1000.993, Trans_L2_m: 1.229, Yaw_err_deg: 2.543
Epoch: [1/4], Batch: 1670/9482, Loss: 4791.559, Trans_L2_m: 2.645, Yaw_err_deg: 12.049
Epoch: [1/4], Batch: 1680/9482, Loss: 2416.013, Trans_L2_m: 2.882, Yaw_err_deg: 6.766
Epoch: [1/4], Batch: 1690/9482, Loss: 5749.747, Trans_L2_m: 2.205, Yaw_err_deg: 12.059
Epoch: [1/4], Batch: 1700/9482, Loss: 4843.095, Trans_L2_m: 2.088, Yaw_err_deg: 12.051
Epoch: [1/4], Batch: 1710/9482, Loss: 4475.900, Trans_L2_m: 2.885, Yaw_err_deg: 10.836
Epoch: [1/4], Batch: 1720/9482, Loss: 4930.842, Trans_L2_m: 2.304, Yaw_err_deg: 13.521
Epoch: [1/4], Batch: 1730/9482, Loss: 3893.661, Trans_L2_m: 2.877, Yaw_err_deg: 10.740
Epoch: [1/4], Batch: 1740/9482, Loss: 7531.175, Trans_L2_m: 2.653, Yaw_err_deg: 15.846
Epoch: [1/4], Batch: 1750/9482, Loss: 3799.537, Trans_L2_m: 2.954, Yaw_err_deg: 11.294
Epoch: [1/4], Batch: 1760/9482, Loss: 5140.201, Trans_L2_m: 1.944, Yaw_err_deg: 11.495
Epoch: [1/4], Batch: 1770/9482, Loss: 3700.934, Trans_L2_m: 2.777, Yaw_err_deg: 8.319
Epoch: [1/4], Batch: 1780/9482, Loss: 2999.388, Trans_L2_m: 2.491, Yaw_err_deg: 9.961
Epoch: [1/4], Batch: 1790/9482, Loss: 2957.403, Trans_L2_m: 2.298, Yaw_err_deg: 6.692
Epoch: [1/4], Batch: 1800/9482, Loss: 3380.201, Trans_L2_m: 3.080, Yaw_err_deg: 7.907
Epoch: [1/4], Batch: 1810/9482, Loss: 3840.358, Trans_L2_m: 1.673, Yaw_err_deg: 9.183
Epoch: [1/4], Batch: 1820/9482, Loss: 6351.659, Trans_L2_m: 1.987, Yaw_err_deg: 13.711
Epoch: [1/4], Batch: 1830/9482, Loss: 3554.852, Trans_L2_m: 2.395, Yaw_err_deg: 10.731
Epoch: [1/4], Batch: 1840/9482, Loss: 5377.606, Trans_L2_m: 2.702, Yaw_err_deg: 13.394
Epoch: [1/4], Batch: 1850/9482, Loss: 4432.148, Trans_L2_m: 3.013, Yaw_err_deg: 9.613
Epoch: [1/4], Batch: 1860/9482, Loss: 5699.803, Trans_L2_m: 2.351, Yaw_err_deg: 12.734
Epoch: [1/4], Batch: 1870/9482, Loss: 3151.770, Trans_L2_m: 3.315, Yaw_err_deg: 8.543
Epoch: [1/4], Batch: 1880/9482, Loss: 1239.989, Trans_L2_m: 3.086, Yaw_err_deg: 4.560
Epoch: [1/4], Batch: 1890/9482, Loss: 2744.307, Trans_L2_m: 2.556, Yaw_err_deg: 8.525
Epoch: [1/4], Batch: 1900/9482, Loss: 3245.039, Trans_L2_m: 2.854, Yaw_err_deg: 9.049
Epoch: [1/4], Batch: 1910/9482, Loss: 3558.042, Trans_L2_m: 3.205, Yaw_err_deg: 9.329
Epoch: [1/4], Batch: 1920/9482, Loss: 2670.782, Trans_L2_m: 1.863, Yaw_err_deg: 6.227
Epoch: [1/4], Batch: 1930/9482, Loss: 2854.827, Trans_L2_m: 2.129, Yaw_err_deg: 7.444
Epoch: [1/4], Batch: 1940/9482, Loss: 4460.680, Trans_L2_m: 3.470, Yaw_err_deg: 11.169
Epoch: [1/4], Batch: 1950/9482, Loss: 1717.201, Trans_L2_m: 1.444, Yaw_err_deg: 5.634
Epoch: [1/4], Batch: 1960/9482, Loss: 5200.110, Trans_L2_m: 2.957, Yaw_err_deg: 13.182
Epoch: [1/4], Batch: 1970/9482, Loss: 3960.381, Trans_L2_m: 3.054, Yaw_err_deg: 11.199
Epoch: [1/4], Batch: 1980/9482, Loss: 3159.014, Trans_L2_m: 2.291, Yaw_err_deg: 8.662
Epoch: [1/4], Batch: 1990/9482, Loss: 3055.693, Trans_L2_m: 2.716, Yaw_err_deg: 7.764
Epoch: [1/4], Batch: 2000/9482, Loss: 3685.103, Trans_L2_m: 2.624, Yaw_err_deg: 9.431
Epoch: [1/4], Batch: 2010/9482, Loss: 4057.975, Trans_L2_m: 1.959, Yaw_err_deg: 9.445
Epoch: [1/4], Batch: 2020/9482, Loss: 2976.611, Trans_L2_m: 2.187, Yaw_err_deg: 9.682
Epoch: [1/4], Batch: 2030/9482, Loss: 3279.467, Trans_L2_m: 2.237, Yaw_err_deg: 8.165
Epoch: [1/4], Batch: 2040/9482, Loss: 5073.570, Trans_L2_m: 1.549, Yaw_err_deg: 13.373
Epoch: [1/4], Batch: 2050/9482, Loss: 3416.638, Trans_L2_m: 1.182, Yaw_err_deg: 9.325
Epoch: [1/4], Batch: 2060/9482, Loss: 4035.198, Trans_L2_m: 2.616, Yaw_err_deg: 11.244
Epoch: [1/4], Batch: 2070/9482, Loss: 5039.974, Trans_L2_m: 3.182, Yaw_err_deg: 11.003
Epoch: [1/4], Batch: 2080/9482, Loss: 1599.911, Trans_L2_m: 2.635, Yaw_err_deg: 6.058
Epoch: [1/4], Batch: 2090/9482, Loss: 2301.098, Trans_L2_m: 3.526, Yaw_err_deg: 6.614
Epoch: [1/4], Batch: 2100/9482, Loss: 3231.988, Trans_L2_m: 2.636, Yaw_err_deg: 8.303
Epoch: [1/4], Batch: 2110/9482, Loss: 3173.821, Trans_L2_m: 2.164, Yaw_err_deg: 10.014
Epoch: [1/4], Batch: 2120/9482, Loss: 2184.737, Trans_L2_m: 2.103, Yaw_err_deg: 5.289
Epoch: [1/4], Batch: 2130/9482, Loss: 4525.691, Trans_L2_m: 2.074, Yaw_err_deg: 9.769
Epoch: [1/4], Batch: 2140/9482, Loss: 4965.846, Trans_L2_m: 2.925, Yaw_err_deg: 13.455
Epoch: [1/4], Batch: 2150/9482, Loss: 3958.882, Trans_L2_m: 2.912, Yaw_err_deg: 8.713
Epoch: [1/4], Batch: 2160/9482, Loss: 4280.397, Trans_L2_m: 2.956, Yaw_err_deg: 11.514
Epoch: [1/4], Batch: 2170/9482, Loss: 3319.064, Trans_L2_m: 2.727, Yaw_err_deg: 8.567
Epoch: [1/4], Batch: 2180/9482, Loss: 3746.982, Trans_L2_m: 2.628, Yaw_err_deg: 8.182
Epoch: [1/4], Batch: 2190/9482, Loss: 3434.728, Trans_L2_m: 2.154, Yaw_err_deg: 9.839
Epoch: [1/4], Batch: 2200/9482, Loss: 5271.832, Trans_L2_m: 2.821, Yaw_err_deg: 13.246
Epoch: [1/4], Batch: 2210/9482, Loss: 3790.361, Trans_L2_m: 3.043, Yaw_err_deg: 9.887
Epoch: [1/4], Batch: 2220/9482, Loss: 3432.542, Trans_L2_m: 3.548, Yaw_err_deg: 9.315
Epoch: [1/4], Batch: 2230/9482, Loss: 4567.714, Trans_L2_m: 2.371, Yaw_err_deg: 11.396
Epoch: [1/4], Batch: 2240/9482, Loss: 2297.242, Trans_L2_m: 3.078, Yaw_err_deg: 6.852
Epoch: [1/4], Batch: 2250/9482, Loss: 3798.440, Trans_L2_m: 1.828, Yaw_err_deg: 10.468
Epoch: [1/4], Batch: 2260/9482, Loss: 2068.950, Trans_L2_m: 2.450, Yaw_err_deg: 6.375
Epoch: [1/4], Batch: 2270/9482, Loss: 5162.964, Trans_L2_m: 2.756, Yaw_err_deg: 11.740
Epoch: [1/4], Batch: 2280/9482, Loss: 1684.996, Trans_L2_m: 1.189, Yaw_err_deg: 6.698
Epoch: [1/4], Batch: 2290/9482, Loss: 3779.884, Trans_L2_m: 1.455, Yaw_err_deg: 9.309
Epoch: [1/4], Batch: 2300/9482, Loss: 1948.232, Trans_L2_m: 2.470, Yaw_err_deg: 6.641
Epoch: [1/4], Batch: 2310/9482, Loss: 4132.530, Trans_L2_m: 1.664, Yaw_err_deg: 9.562
Epoch: [1/4], Batch: 2320/9482, Loss: 2781.320, Trans_L2_m: 2.374, Yaw_err_deg: 9.003
Epoch: [1/4], Batch: 2330/9482, Loss: 3578.456, Trans_L2_m: 2.418, Yaw_err_deg: 9.340
Epoch: [1/4], Batch: 2340/9482, Loss: 1854.898, Trans_L2_m: 1.831, Yaw_err_deg: 5.492
Epoch: [1/4], Batch: 2350/9482, Loss: 7236.603, Trans_L2_m: 2.283, Yaw_err_deg: 16.396
Epoch: [1/4], Batch: 2360/9482, Loss: 6668.528, Trans_L2_m: 3.847, Yaw_err_deg: 14.346
Epoch: [1/4], Batch: 2370/9482, Loss: 1895.492, Trans_L2_m: 2.793, Yaw_err_deg: 4.608
Epoch: [1/4], Batch: 2380/9482, Loss: 1275.933, Trans_L2_m: 1.196, Yaw_err_deg: 4.967
Epoch: [1/4], Batch: 2390/9482, Loss: 3940.600, Trans_L2_m: 3.169, Yaw_err_deg: 10.205
Epoch: [1/4], Batch: 2400/9482, Loss: 2547.000, Trans_L2_m: 2.960, Yaw_err_deg: 8.885
Epoch: [1/4], Batch: 2410/9482, Loss: 4241.449, Trans_L2_m: 3.129, Yaw_err_deg: 11.385
Epoch: [1/4], Batch: 2420/9482, Loss: 3500.096, Trans_L2_m: 2.593, Yaw_err_deg: 9.130
Epoch: [1/4], Batch: 2430/9482, Loss: 3663.409, Trans_L2_m: 1.807, Yaw_err_deg: 9.908
Epoch: [1/4], Batch: 2440/9482, Loss: 3212.273, Trans_L2_m: 2.273, Yaw_err_deg: 8.222
Epoch: [1/4], Batch: 2450/9482, Loss: 4643.378, Trans_L2_m: 2.195, Yaw_err_deg: 12.601
Epoch: [1/4], Batch: 2460/9482, Loss: 3616.424, Trans_L2_m: 2.969, Yaw_err_deg: 8.423
Epoch: [1/4], Batch: 2470/9482, Loss: 3760.580, Trans_L2_m: 1.712, Yaw_err_deg: 9.890
Epoch: [1/4], Batch: 2480/9482, Loss: 3088.386, Trans_L2_m: 2.410, Yaw_err_deg: 7.937
Epoch: [1/4], Batch: 2490/9482, Loss: 3447.144, Trans_L2_m: 2.603, Yaw_err_deg: 8.730
Epoch: [1/4], Batch: 2500/9482, Loss: 4733.069, Trans_L2_m: 2.598, Yaw_err_deg: 12.725
Epoch: [1/4], Batch: 2510/9482, Loss: 3296.686, Trans_L2_m: 3.490, Yaw_err_deg: 9.399
Epoch: [1/4], Batch: 2520/9482, Loss: 4069.376, Trans_L2_m: 2.097, Yaw_err_deg: 11.187
Epoch: [1/4], Batch: 2530/9482, Loss: 3450.222, Trans_L2_m: 2.090, Yaw_err_deg: 10.127
Epoch: [1/4], Batch: 2540/9482, Loss: 6390.979, Trans_L2_m: 2.583, Yaw_err_deg: 13.605
Epoch: [1/4], Batch: 2550/9482, Loss: 4308.380, Trans_L2_m: 2.637, Yaw_err_deg: 11.558
Epoch: [1/4], Batch: 2560/9482, Loss: 3584.173, Trans_L2_m: 2.676, Yaw_err_deg: 10.116
Epoch: [1/4], Batch: 2570/9482, Loss: 1955.490, Trans_L2_m: 2.998, Yaw_err_deg: 6.653
Epoch: [1/4], Batch: 2580/9482, Loss: 4826.121, Trans_L2_m: 2.136, Yaw_err_deg: 11.448
Epoch: [1/4], Batch: 2590/9482, Loss: 5575.769, Trans_L2_m: 1.579, Yaw_err_deg: 13.230
Epoch: [1/4], Batch: 2600/9482, Loss: 1529.257, Trans_L2_m: 2.213, Yaw_err_deg: 5.267
Epoch: [1/4], Batch: 2610/9482, Loss: 4673.880, Trans_L2_m: 2.245, Yaw_err_deg: 11.972
Epoch: [1/4], Batch: 2620/9482, Loss: 4154.768, Trans_L2_m: 2.749, Yaw_err_deg: 10.661
Epoch: [1/4], Batch: 2630/9482, Loss: 3878.124, Trans_L2_m: 1.907, Yaw_err_deg: 10.254
Epoch: [1/4], Batch: 2640/9482, Loss: 2042.364, Trans_L2_m: 2.695, Yaw_err_deg: 5.739
Epoch: [1/4], Batch: 2650/9482, Loss: 3543.677, Trans_L2_m: 2.768, Yaw_err_deg: 9.456
Epoch: [1/4], Batch: 2660/9482, Loss: 2537.816, Trans_L2_m: 2.195, Yaw_err_deg: 8.464
Epoch: [1/4], Batch: 2670/9482, Loss: 3697.902, Trans_L2_m: 1.260, Yaw_err_deg: 9.005
Epoch: [1/4], Batch: 2680/9482, Loss: 2160.829, Trans_L2_m: 1.893, Yaw_err_deg: 8.394
Epoch: [1/4], Batch: 2690/9482, Loss: 2547.002, Trans_L2_m: 2.401, Yaw_err_deg: 8.489
Epoch: [1/4], Batch: 2700/9482, Loss: 4718.870, Trans_L2_m: 3.403, Yaw_err_deg: 11.531
Epoch: [1/4], Batch: 2710/9482, Loss: 3942.631, Trans_L2_m: 1.899, Yaw_err_deg: 10.410
Epoch: [1/4], Batch: 2720/9482, Loss: 2236.293, Trans_L2_m: 2.848, Yaw_err_deg: 8.285
Epoch: [1/4], Batch: 2730/9482, Loss: 4103.427, Trans_L2_m: 2.610, Yaw_err_deg: 10.058
Epoch: [1/4], Batch: 2740/9482, Loss: 3153.345, Trans_L2_m: 1.255, Yaw_err_deg: 9.246
Epoch: [1/4], Batch: 2750/9482, Loss: 4674.435, Trans_L2_m: 1.673, Yaw_err_deg: 12.437
Epoch: [1/4], Batch: 2760/9482, Loss: 2879.583, Trans_L2_m: 1.377, Yaw_err_deg: 7.503
Epoch: [1/4], Batch: 2770/9482, Loss: 5859.745, Trans_L2_m: 1.409, Yaw_err_deg: 14.376
Epoch: [1/4], Batch: 2780/9482, Loss: 2651.632, Trans_L2_m: 2.534, Yaw_err_deg: 7.344
Epoch: [1/4], Batch: 2790/9482, Loss: 4410.636, Trans_L2_m: 2.331, Yaw_err_deg: 10.634
Epoch: [1/4], Batch: 2800/9482, Loss: 4736.891, Trans_L2_m: 1.904, Yaw_err_deg: 10.960
Epoch: [1/4], Batch: 2810/9482, Loss: 3414.102, Trans_L2_m: 2.348, Yaw_err_deg: 10.164
Epoch: [1/4], Batch: 2820/9482, Loss: 4272.724, Trans_L2_m: 2.140, Yaw_err_deg: 11.974
Epoch: [1/4], Batch: 2830/9482, Loss: 1163.374, Trans_L2_m: 2.530, Yaw_err_deg: 4.487
Epoch: [1/4], Batch: 2840/9482, Loss: 3231.650, Trans_L2_m: 1.811, Yaw_err_deg: 8.161
Epoch: [1/4], Batch: 2850/9482, Loss: 4225.094, Trans_L2_m: 2.354, Yaw_err_deg: 10.894
Epoch: [1/4], Batch: 2860/9482, Loss: 3152.314, Trans_L2_m: 2.143, Yaw_err_deg: 9.455
Epoch: [1/4], Batch: 2870/9482, Loss: 4573.034, Trans_L2_m: 1.855, Yaw_err_deg: 11.465
Epoch: [1/4], Batch: 2880/9482, Loss: 2931.549, Trans_L2_m: 2.330, Yaw_err_deg: 8.834
Epoch: [1/4], Batch: 2890/9482, Loss: 3753.389, Trans_L2_m: 2.294, Yaw_err_deg: 11.214
Epoch: [1/4], Batch: 2900/9482, Loss: 4278.752, Trans_L2_m: 2.420, Yaw_err_deg: 10.875
Epoch: [1/4], Batch: 2910/9482, Loss: 3981.657, Trans_L2_m: 1.870, Yaw_err_deg: 10.868
Epoch: [1/4], Batch: 2920/9482, Loss: 4448.477, Trans_L2_m: 1.661, Yaw_err_deg: 11.899
Epoch: [1/4], Batch: 2930/9482, Loss: 3077.665, Trans_L2_m: 1.247, Yaw_err_deg: 9.822
Epoch: [1/4], Batch: 2940/9482, Loss: 5169.333, Trans_L2_m: 1.606, Yaw_err_deg: 13.085
Epoch: [1/4], Batch: 2950/9482, Loss: 2892.416, Trans_L2_m: 3.366, Yaw_err_deg: 9.296
Epoch: [1/4], Batch: 2960/9482, Loss: 4761.236, Trans_L2_m: 1.306, Yaw_err_deg: 12.397
Epoch: [1/4], Batch: 2970/9482, Loss: 2873.612, Trans_L2_m: 2.469, Yaw_err_deg: 7.983
Epoch: [1/4], Batch: 2980/9482, Loss: 4429.718, Trans_L2_m: 1.761, Yaw_err_deg: 11.104
Epoch: [1/4], Batch: 2990/9482, Loss: 1980.706, Trans_L2_m: 2.155, Yaw_err_deg: 5.450
Epoch: [1/4], Batch: 3000/9482, Loss: 2008.898, Trans_L2_m: 1.737, Yaw_err_deg: 6.690
Epoch: [1/4], Batch: 3010/9482, Loss: 4509.391, Trans_L2_m: 1.792, Yaw_err_deg: 11.447
Epoch: [1/4], Batch: 3020/9482, Loss: 3247.683, Trans_L2_m: 2.314, Yaw_err_deg: 8.244
Epoch: [1/4], Batch: 3030/9482, Loss: 3721.857, Trans_L2_m: 1.465, Yaw_err_deg: 10.527
Epoch: [1/4], Batch: 3040/9482, Loss: 4407.042, Trans_L2_m: 3.468, Yaw_err_deg: 10.905
Epoch: [1/4], Batch: 3050/9482, Loss: 5142.221, Trans_L2_m: 1.784, Yaw_err_deg: 12.467
Epoch: [1/4], Batch: 3060/9482, Loss: 4140.817, Trans_L2_m: 1.236, Yaw_err_deg: 10.506
Epoch: [1/4], Batch: 3070/9482, Loss: 1902.692, Trans_L2_m: 1.349, Yaw_err_deg: 5.953
Epoch: [1/4], Batch: 3080/9482, Loss: 4462.271, Trans_L2_m: 1.434, Yaw_err_deg: 12.370
Epoch: [1/4], Batch: 3090/9482, Loss: 3586.476, Trans_L2_m: 0.992, Yaw_err_deg: 11.194
Epoch: [1/4], Batch: 3100/9482, Loss: 3203.622, Trans_L2_m: 1.956, Yaw_err_deg: 9.076
Epoch: [1/4], Batch: 3110/9482, Loss: 3119.267, Trans_L2_m: 1.624, Yaw_err_deg: 8.591
Epoch: [1/4], Batch: 3120/9482, Loss: 4052.668, Trans_L2_m: 1.311, Yaw_err_deg: 10.957
Epoch: [1/4], Batch: 3130/9482, Loss: 3287.246, Trans_L2_m: 2.017, Yaw_err_deg: 10.127
Epoch: [1/4], Batch: 3140/9482, Loss: 3330.585, Trans_L2_m: 0.728, Yaw_err_deg: 8.981
Epoch: [1/4], Batch: 3150/9482, Loss: 4604.127, Trans_L2_m: 2.325, Yaw_err_deg: 11.432
Epoch: [1/4], Batch: 3160/9482, Loss: 4990.663, Trans_L2_m: 2.218, Yaw_err_deg: 12.240
Epoch: [1/4], Batch: 3170/9482, Loss: 2248.726, Trans_L2_m: 1.178, Yaw_err_deg: 6.742
Epoch: [1/4], Batch: 3180/9482, Loss: 3454.625, Trans_L2_m: 1.501, Yaw_err_deg: 9.667
Epoch: [1/4], Batch: 3190/9482, Loss: 2792.733, Trans_L2_m: 1.228, Yaw_err_deg: 9.224
Epoch: [1/4], Batch: 3200/9482, Loss: 2936.341, Trans_L2_m: 1.670, Yaw_err_deg: 10.100
Epoch: [1/4], Batch: 3210/9482, Loss: 3003.997, Trans_L2_m: 2.357, Yaw_err_deg: 7.789
Epoch: [1/4], Batch: 3220/9482, Loss: 3142.623, Trans_L2_m: 1.359, Yaw_err_deg: 8.879
Epoch: [1/4], Batch: 3230/9482, Loss: 2868.822, Trans_L2_m: 0.695, Yaw_err_deg: 8.547
Epoch: [1/4], Batch: 3240/9482, Loss: 2969.101, Trans_L2_m: 0.904, Yaw_err_deg: 9.674
Epoch: [1/4], Batch: 3250/9482, Loss: 3809.867, Trans_L2_m: 1.831, Yaw_err_deg: 10.042
Epoch: [1/4], Batch: 3260/9482, Loss: 3400.272, Trans_L2_m: 2.007, Yaw_err_deg: 9.830
Epoch: [1/4], Batch: 3270/9482, Loss: 5898.265, Trans_L2_m: 1.362, Yaw_err_deg: 14.866
Epoch: [1/4], Batch: 3280/9482, Loss: 3834.099, Trans_L2_m: 1.931, Yaw_err_deg: 9.813
Epoch: [1/4], Batch: 3290/9482, Loss: 4190.129, Trans_L2_m: 1.243, Yaw_err_deg: 12.273
Epoch: [1/4], Batch: 3300/9482, Loss: 2776.686, Trans_L2_m: 1.386, Yaw_err_deg: 9.104
Epoch: [1/4], Batch: 3310/9482, Loss: 1753.746, Trans_L2_m: 1.063, Yaw_err_deg: 7.068
Epoch: [1/4], Batch: 3320/9482, Loss: 3415.897, Trans_L2_m: 1.545, Yaw_err_deg: 10.111
Epoch: [1/4], Batch: 3330/9482, Loss: 4014.126, Trans_L2_m: 1.608, Yaw_err_deg: 10.546
Epoch: [1/4], Batch: 3340/9482, Loss: 2336.429, Trans_L2_m: 1.289, Yaw_err_deg: 7.363
Epoch: [1/4], Batch: 3350/9482, Loss: 3620.709, Trans_L2_m: 2.297, Yaw_err_deg: 8.867
Epoch: [1/4], Batch: 3360/9482, Loss: 8680.941, Trans_L2_m: 2.074, Yaw_err_deg: 18.348
Epoch: [1/4], Batch: 3370/9482, Loss: 3664.605, Trans_L2_m: 1.805, Yaw_err_deg: 11.003
Epoch: [1/4], Batch: 3380/9482, Loss: 4834.233, Trans_L2_m: 1.418, Yaw_err_deg: 12.962
Epoch: [1/4], Batch: 3390/9482, Loss: 4689.568, Trans_L2_m: 1.052, Yaw_err_deg: 12.228
Epoch: [1/4], Batch: 3400/9482, Loss: 4575.333, Trans_L2_m: 1.157, Yaw_err_deg: 12.333
Epoch: [1/4], Batch: 3410/9482, Loss: 2183.108, Trans_L2_m: 1.277, Yaw_err_deg: 7.579
Epoch: [1/4], Batch: 3420/9482, Loss: 3674.179, Trans_L2_m: 2.053, Yaw_err_deg: 10.180
Epoch: [1/4], Batch: 3430/9482, Loss: 3530.733, Trans_L2_m: 1.074, Yaw_err_deg: 10.639
Epoch: [1/4], Batch: 3440/9482, Loss: 4243.064, Trans_L2_m: 1.211, Yaw_err_deg: 11.934
Epoch: [1/4], Batch: 3450/9482, Loss: 5871.683, Trans_L2_m: 1.251, Yaw_err_deg: 13.948
Epoch: [1/4], Batch: 3460/9482, Loss: 1894.085, Trans_L2_m: 1.289, Yaw_err_deg: 7.720
Epoch: [1/4], Batch: 3470/9482, Loss: 2220.846, Trans_L2_m: 0.980, Yaw_err_deg: 7.941
Epoch: [1/4], Batch: 3480/9482, Loss: 4901.693, Trans_L2_m: 1.416, Yaw_err_deg: 12.522
Epoch: [1/4], Batch: 3490/9482, Loss: 5231.398, Trans_L2_m: 0.952, Yaw_err_deg: 12.809
Epoch: [1/4], Batch: 3500/9482, Loss: 3498.975, Trans_L2_m: 1.267, Yaw_err_deg: 9.166
Epoch: [1/4], Batch: 3510/9482, Loss: 2270.924, Trans_L2_m: 1.213, Yaw_err_deg: 8.252
Epoch: [1/4], Batch: 3520/9482, Loss: 2805.398, Trans_L2_m: 1.922, Yaw_err_deg: 9.248
Epoch: [1/4], Batch: 3530/9482, Loss: 5125.253, Trans_L2_m: 1.047, Yaw_err_deg: 12.580
Epoch: [1/4], Batch: 3540/9482, Loss: 3643.182, Trans_L2_m: 1.472, Yaw_err_deg: 10.391
Epoch: [1/4], Batch: 3550/9482, Loss: 2104.010, Trans_L2_m: 1.890, Yaw_err_deg: 8.189
Epoch: [1/4], Batch: 3560/9482, Loss: 2206.890, Trans_L2_m: 1.489, Yaw_err_deg: 7.830
Epoch: [1/4], Batch: 3570/9482, Loss: 1298.472, Trans_L2_m: 1.497, Yaw_err_deg: 5.608
Epoch: [1/4], Batch: 3580/9482, Loss: 2568.127, Trans_L2_m: 1.167, Yaw_err_deg: 7.933
Epoch: [1/4], Batch: 3590/9482, Loss: 2868.734, Trans_L2_m: 1.054, Yaw_err_deg: 8.765
Epoch: [1/4], Batch: 3600/9482, Loss: 3340.203, Trans_L2_m: 1.392, Yaw_err_deg: 10.079
Epoch: [1/4], Batch: 3610/9482, Loss: 4357.160, Trans_L2_m: 1.224, Yaw_err_deg: 10.969
Epoch: [1/4], Batch: 3620/9482, Loss: 3468.646, Trans_L2_m: 0.959, Yaw_err_deg: 10.273
Epoch: [1/4], Batch: 3630/9482, Loss: 2984.057, Trans_L2_m: 1.375, Yaw_err_deg: 8.657
Epoch: [1/4], Batch: 3640/9482, Loss: 3456.792, Trans_L2_m: 0.769, Yaw_err_deg: 10.025
Epoch: [1/4], Batch: 3650/9482, Loss: 3226.141, Trans_L2_m: 1.693, Yaw_err_deg: 10.197
Epoch: [1/4], Batch: 3660/9482, Loss: 3088.176, Trans_L2_m: 1.421, Yaw_err_deg: 10.333
Epoch: [1/4], Batch: 3670/9482, Loss: 5014.462, Trans_L2_m: 1.772, Yaw_err_deg: 13.478
Epoch: [1/4], Batch: 3680/9482, Loss: 4598.945, Trans_L2_m: 1.411, Yaw_err_deg: 12.103
Epoch: [1/4], Batch: 3690/9482, Loss: 2393.273, Trans_L2_m: 1.351, Yaw_err_deg: 8.032
Epoch: [1/4], Batch: 3700/9482, Loss: 2515.117, Trans_L2_m: 2.127, Yaw_err_deg: 8.185
Epoch: [1/4], Batch: 3710/9482, Loss: 2491.808, Trans_L2_m: 0.917, Yaw_err_deg: 7.549
Epoch: [1/4], Batch: 3720/9482, Loss: 4134.536, Trans_L2_m: 1.273, Yaw_err_deg: 12.325
Epoch: [1/4], Batch: 3730/9482, Loss: 6234.452, Trans_L2_m: 1.228, Yaw_err_deg: 15.079
Epoch: [1/4], Batch: 3740/9482, Loss: 2132.872, Trans_L2_m: 3.211, Yaw_err_deg: 6.794
Epoch: [1/4], Batch: 3750/9482, Loss: 3898.910, Trans_L2_m: 1.227, Yaw_err_deg: 10.319
Epoch: [1/4], Batch: 3760/9482, Loss: 2986.492, Trans_L2_m: 1.140, Yaw_err_deg: 8.561
Epoch: [1/4], Batch: 3770/9482, Loss: 2133.034, Trans_L2_m: 1.324, Yaw_err_deg: 7.489
Epoch: [1/4], Batch: 3780/9482, Loss: 2482.105, Trans_L2_m: 0.996, Yaw_err_deg: 8.827
Epoch: [1/4], Batch: 3790/9482, Loss: 3998.512, Trans_L2_m: 1.145, Yaw_err_deg: 11.596
Epoch: [1/4], Batch: 3800/9482, Loss: 2080.039, Trans_L2_m: 1.333, Yaw_err_deg: 7.033
Epoch: [1/4], Batch: 3810/9482, Loss: 2497.540, Trans_L2_m: 1.671, Yaw_err_deg: 8.010
Epoch: [1/4], Batch: 3820/9482, Loss: 2011.874, Trans_L2_m: 1.900, Yaw_err_deg: 7.934
Epoch: [1/4], Batch: 3830/9482, Loss: 4408.276, Trans_L2_m: 0.905, Yaw_err_deg: 12.309
Epoch: [1/4], Batch: 3840/9482, Loss: 2343.805, Trans_L2_m: 0.871, Yaw_err_deg: 8.607
Epoch: [1/4], Batch: 3850/9482, Loss: 4218.623, Trans_L2_m: 1.047, Yaw_err_deg: 11.334
Epoch: [1/4], Batch: 3860/9482, Loss: 3419.291, Trans_L2_m: 1.743, Yaw_err_deg: 8.814
Epoch: [1/4], Batch: 3870/9482, Loss: 4716.744, Trans_L2_m: 1.281, Yaw_err_deg: 13.347
Epoch: [1/4], Batch: 3880/9482, Loss: 3163.931, Trans_L2_m: 0.996, Yaw_err_deg: 9.562
Epoch: [1/4], Batch: 3890/9482, Loss: 5147.557, Trans_L2_m: 1.445, Yaw_err_deg: 13.510
Epoch: [1/4], Batch: 3900/9482, Loss: 1142.261, Trans_L2_m: 1.022, Yaw_err_deg: 5.097
Epoch: [1/4], Batch: 3910/9482, Loss: 3169.151, Trans_L2_m: 1.601, Yaw_err_deg: 9.020
Epoch: [1/4], Batch: 3920/9482, Loss: 3145.924, Trans_L2_m: 0.650, Yaw_err_deg: 9.168
Epoch: [1/4], Batch: 3930/9482, Loss: 2137.615, Trans_L2_m: 2.089, Yaw_err_deg: 7.400
Epoch: [1/4], Batch: 3940/9482, Loss: 2206.274, Trans_L2_m: 1.640, Yaw_err_deg: 7.411
Epoch: [1/4], Batch: 3950/9482, Loss: 3759.718, Trans_L2_m: 1.075, Yaw_err_deg: 11.008
Epoch: [1/4], Batch: 3960/9482, Loss: 6380.393, Trans_L2_m: 1.119, Yaw_err_deg: 15.567
Epoch: [1/4], Batch: 3970/9482, Loss: 6537.824, Trans_L2_m: 1.277, Yaw_err_deg: 14.937
Epoch: [1/4], Batch: 3980/9482, Loss: 5031.797, Trans_L2_m: 0.770, Yaw_err_deg: 12.803
Epoch: [1/4], Batch: 3990/9482, Loss: 3631.774, Trans_L2_m: 0.994, Yaw_err_deg: 10.777
Epoch: [1/4], Batch: 4000/9482, Loss: 3283.001, Trans_L2_m: 1.148, Yaw_err_deg: 9.476
Epoch: [1/4], Batch: 4010/9482, Loss: 742.291, Trans_L2_m: 1.327, Yaw_err_deg: 5.250
Epoch: [1/4], Batch: 4020/9482, Loss: 5674.559, Trans_L2_m: 1.245, Yaw_err_deg: 13.640
Epoch: [1/4], Batch: 4030/9482, Loss: 3900.283, Trans_L2_m: 1.391, Yaw_err_deg: 10.557
Epoch: [1/4], Batch: 4040/9482, Loss: 4285.106, Trans_L2_m: 1.740, Yaw_err_deg: 10.660
Epoch: [1/4], Batch: 4050/9482, Loss: 3375.818, Trans_L2_m: 1.212, Yaw_err_deg: 9.686
Epoch: [1/4], Batch: 4060/9482, Loss: 3949.094, Trans_L2_m: 1.317, Yaw_err_deg: 11.082
Epoch: [1/4], Batch: 4070/9482, Loss: 3991.970, Trans_L2_m: 1.972, Yaw_err_deg: 10.879
Epoch: [1/4], Batch: 4080/9482, Loss: 2516.454, Trans_L2_m: 2.062, Yaw_err_deg: 8.510
Epoch: [1/4], Batch: 4090/9482, Loss: 2232.947, Trans_L2_m: 1.313, Yaw_err_deg: 8.268
Epoch: [1/4], Batch: 4100/9482, Loss: 5379.410, Trans_L2_m: 1.305, Yaw_err_deg: 13.410
Epoch: [1/4], Batch: 4110/9482, Loss: 3268.276, Trans_L2_m: 1.218, Yaw_err_deg: 10.922
Epoch: [1/4], Batch: 4120/9482, Loss: 3982.422, Trans_L2_m: 1.046, Yaw_err_deg: 10.999
Epoch: [1/4], Batch: 4130/9482, Loss: 3926.890, Trans_L2_m: 0.972, Yaw_err_deg: 10.615
Epoch: [1/4], Batch: 4140/9482, Loss: 1921.888, Trans_L2_m: 1.182, Yaw_err_deg: 6.933
Epoch: [1/4], Batch: 4150/9482, Loss: 3602.955, Trans_L2_m: 1.190, Yaw_err_deg: 10.753
Epoch: [1/4], Batch: 4160/9482, Loss: 3642.090, Trans_L2_m: 1.328, Yaw_err_deg: 10.764
Epoch: [1/4], Batch: 4170/9482, Loss: 930.565, Trans_L2_m: 1.550, Yaw_err_deg: 4.985
Epoch: [1/4], Batch: 4180/9482, Loss: 4121.125, Trans_L2_m: 2.036, Yaw_err_deg: 10.992
Epoch: [1/4], Batch: 4190/9482, Loss: 2845.810, Trans_L2_m: 1.404, Yaw_err_deg: 9.440
Epoch: [1/4], Batch: 4200/9482, Loss: 3012.329, Trans_L2_m: 1.000, Yaw_err_deg: 10.046
Epoch: [1/4], Batch: 4210/9482, Loss: 2873.455, Trans_L2_m: 0.849, Yaw_err_deg: 9.182
Epoch: [1/4], Batch: 4220/9482, Loss: 2599.563, Trans_L2_m: 1.368, Yaw_err_deg: 9.156
Epoch: [1/4], Batch: 4230/9482, Loss: 4239.331, Trans_L2_m: 0.870, Yaw_err_deg: 11.992
Epoch: [1/4], Batch: 4240/9482, Loss: 2536.336, Trans_L2_m: 1.648, Yaw_err_deg: 7.173
Epoch: [1/4], Batch: 4250/9482, Loss: 4689.965, Trans_L2_m: 1.070, Yaw_err_deg: 13.276
Epoch: [1/4], Batch: 4260/9482, Loss: 3231.654, Trans_L2_m: 1.359, Yaw_err_deg: 8.472
Epoch: [1/4], Batch: 4270/9482, Loss: 3448.108, Trans_L2_m: 1.297, Yaw_err_deg: 8.018
Epoch: [1/4], Batch: 4280/9482, Loss: 2937.679, Trans_L2_m: 1.387, Yaw_err_deg: 8.544
Epoch: [1/4], Batch: 4290/9482, Loss: 3942.847, Trans_L2_m: 3.047, Yaw_err_deg: 9.201
Epoch: [1/4], Batch: 4300/9482, Loss: 3694.742, Trans_L2_m: 1.063, Yaw_err_deg: 9.887
Epoch: [1/4], Batch: 4310/9482, Loss: 2050.400, Trans_L2_m: 1.702, Yaw_err_deg: 7.660
Epoch: [1/4], Batch: 4320/9482, Loss: 2978.134, Trans_L2_m: 2.083, Yaw_err_deg: 8.692
Epoch: [1/4], Batch: 4330/9482, Loss: 3206.765, Trans_L2_m: 1.958, Yaw_err_deg: 10.178
Epoch: [1/4], Batch: 4340/9482, Loss: 380.566, Trans_L2_m: 0.847, Yaw_err_deg: 2.378
Epoch: [1/4], Batch: 4350/9482, Loss: 3107.231, Trans_L2_m: 1.174, Yaw_err_deg: 8.456
Epoch: [1/4], Batch: 4360/9482, Loss: 3496.524, Trans_L2_m: 1.028, Yaw_err_deg: 9.593
Epoch: [1/4], Batch: 4370/9482, Loss: 4191.116, Trans_L2_m: 1.568, Yaw_err_deg: 10.756
Epoch: [1/4], Batch: 4380/9482, Loss: 3131.583, Trans_L2_m: 1.254, Yaw_err_deg: 9.778
Epoch: [1/4], Batch: 4390/9482, Loss: 4533.741, Trans_L2_m: 1.694, Yaw_err_deg: 11.880
Epoch: [1/4], Batch: 4400/9482, Loss: 4508.059, Trans_L2_m: 0.894, Yaw_err_deg: 12.652
Epoch: [1/4], Batch: 4410/9482, Loss: 3761.867, Trans_L2_m: 1.610, Yaw_err_deg: 11.330
Epoch: [1/4], Batch: 4420/9482, Loss: 3404.204, Trans_L2_m: 2.107, Yaw_err_deg: 10.824
Epoch: [1/4], Batch: 4430/9482, Loss: 2527.423, Trans_L2_m: 2.434, Yaw_err_deg: 7.702
Epoch: [1/4], Batch: 4440/9482, Loss: 3913.710, Trans_L2_m: 3.699, Yaw_err_deg: 10.898
Epoch: [1/4], Batch: 4450/9482, Loss: 5400.884, Trans_L2_m: 2.750, Yaw_err_deg: 13.495
Epoch: [1/4], Batch: 4460/9482, Loss: 1518.429, Trans_L2_m: 1.521, Yaw_err_deg: 5.914
Epoch: [1/4], Batch: 4470/9482, Loss: 3528.044, Trans_L2_m: 1.386, Yaw_err_deg: 10.441
Epoch: [1/4], Batch: 4480/9482, Loss: 2584.240, Trans_L2_m: 1.685, Yaw_err_deg: 8.775
Epoch: [1/4], Batch: 4490/9482, Loss: 4245.318, Trans_L2_m: 0.986, Yaw_err_deg: 11.109
Epoch: [1/4], Batch: 4500/9482, Loss: 4803.923, Trans_L2_m: 1.546, Yaw_err_deg: 11.555
Epoch: [1/4], Batch: 4510/9482, Loss: 4730.942, Trans_L2_m: 1.275, Yaw_err_deg: 12.244
Epoch: [1/4], Batch: 4520/9482, Loss: 5180.298, Trans_L2_m: 1.342, Yaw_err_deg: 13.334
Epoch: [1/4], Batch: 4530/9482, Loss: 1995.093, Trans_L2_m: 0.999, Yaw_err_deg: 7.994
Epoch: [1/4], Batch: 4540/9482, Loss: 1772.278, Trans_L2_m: 1.296, Yaw_err_deg: 6.880
Epoch: [1/4], Batch: 4550/9482, Loss: 3131.000, Trans_L2_m: 1.244, Yaw_err_deg: 8.432
Epoch: [1/4], Batch: 4560/9482, Loss: 4286.346, Trans_L2_m: 1.436, Yaw_err_deg: 11.796
Epoch: [1/4], Batch: 4570/9482, Loss: 2244.981, Trans_L2_m: 0.895, Yaw_err_deg: 8.498
Epoch: [1/4], Batch: 4580/9482, Loss: 1622.638, Trans_L2_m: 1.474, Yaw_err_deg: 6.499
Epoch: [1/4], Batch: 4590/9482, Loss: 1296.092, Trans_L2_m: 0.642, Yaw_err_deg: 5.365
Epoch: [1/4], Batch: 4600/9482, Loss: 954.976, Trans_L2_m: 0.879, Yaw_err_deg: 5.475
Epoch: [1/4], Batch: 4610/9482, Loss: 2727.055, Trans_L2_m: 1.282, Yaw_err_deg: 9.074
Epoch: [1/4], Batch: 4620/9482, Loss: 5256.942, Trans_L2_m: 1.103, Yaw_err_deg: 13.432
Epoch: [1/4], Batch: 4630/9482, Loss: 2749.737, Trans_L2_m: 1.498, Yaw_err_deg: 8.400
Epoch: [1/4], Batch: 4640/9482, Loss: 2100.131, Trans_L2_m: 1.388, Yaw_err_deg: 7.040
Epoch: [1/4], Batch: 4650/9482, Loss: 5465.457, Trans_L2_m: 1.029, Yaw_err_deg: 14.226
Epoch: [1/4], Batch: 4660/9482, Loss: 2647.842, Trans_L2_m: 0.994, Yaw_err_deg: 8.948
Epoch: [1/4], Batch: 4670/9482, Loss: 3000.981, Trans_L2_m: 1.774, Yaw_err_deg: 9.123
Epoch: [1/4], Batch: 4680/9482, Loss: 3810.238, Trans_L2_m: 1.181, Yaw_err_deg: 8.363
Epoch: [1/4], Batch: 4690/9482, Loss: 4697.207, Trans_L2_m: 2.073, Yaw_err_deg: 12.678
Epoch: [1/4], Batch: 4700/9482, Loss: 1141.536, Trans_L2_m: 3.939, Yaw_err_deg: 3.275
Epoch: [1/4], Batch: 4710/9482, Loss: 7261.694, Trans_L2_m: 1.333, Yaw_err_deg: 16.187
Epoch: [1/4], Batch: 4720/9482, Loss: 4639.910, Trans_L2_m: 0.990, Yaw_err_deg: 13.018
Epoch: [1/4], Batch: 4730/9482, Loss: 3236.292, Trans_L2_m: 1.691, Yaw_err_deg: 10.086
Epoch: [1/4], Batch: 4740/9482, Loss: 3268.188, Trans_L2_m: 1.009, Yaw_err_deg: 9.719
Epoch: [1/4], Batch: 4750/9482, Loss: 3744.210, Trans_L2_m: 0.964, Yaw_err_deg: 11.387
Epoch: [1/4], Batch: 4760/9482, Loss: 3445.479, Trans_L2_m: 1.178, Yaw_err_deg: 9.450
Epoch: [1/4], Batch: 4770/9482, Loss: 4004.873, Trans_L2_m: 1.201, Yaw_err_deg: 12.218
Epoch: [1/4], Batch: 4780/9482, Loss: 2901.932, Trans_L2_m: 2.323, Yaw_err_deg: 8.070
Epoch: [1/4], Batch: 4790/9482, Loss: 5193.770, Trans_L2_m: 1.087, Yaw_err_deg: 12.175
Epoch: [1/4], Batch: 4800/9482, Loss: 5932.271, Trans_L2_m: 2.304, Yaw_err_deg: 14.426
Epoch: [1/4], Batch: 4810/9482, Loss: 4049.870, Trans_L2_m: 2.201, Yaw_err_deg: 9.883
Epoch: [1/4], Batch: 4820/9482, Loss: 4910.637, Trans_L2_m: 0.721, Yaw_err_deg: 13.447
Epoch: [1/4], Batch: 4830/9482, Loss: 4209.713, Trans_L2_m: 1.834, Yaw_err_deg: 11.349
Epoch: [1/4], Batch: 4840/9482, Loss: 2119.764, Trans_L2_m: 1.673, Yaw_err_deg: 7.610
Epoch: [1/4], Batch: 4850/9482, Loss: 5348.683, Trans_L2_m: 1.963, Yaw_err_deg: 13.202
Epoch: [1/4], Batch: 4860/9482, Loss: 3198.568, Trans_L2_m: 1.308, Yaw_err_deg: 9.197
Epoch: [1/4], Batch: 4870/9482, Loss: 2434.963, Trans_L2_m: 1.479, Yaw_err_deg: 7.280
Epoch: [1/4], Batch: 4880/9482, Loss: 3675.555, Trans_L2_m: 2.147, Yaw_err_deg: 11.269
Epoch: [1/4], Batch: 4890/9482, Loss: 5464.153, Trans_L2_m: 0.815, Yaw_err_deg: 14.379
Epoch: [1/4], Batch: 4900/9482, Loss: 2410.658, Trans_L2_m: 1.409, Yaw_err_deg: 7.602
Epoch: [1/4], Batch: 4910/9482, Loss: 2211.130, Trans_L2_m: 1.106, Yaw_err_deg: 7.266
Epoch: [1/4], Batch: 4920/9482, Loss: 2820.914, Trans_L2_m: 1.288, Yaw_err_deg: 10.095
Epoch: [1/4], Batch: 4930/9482, Loss: 3568.826, Trans_L2_m: 0.846, Yaw_err_deg: 10.084
Epoch: [1/4], Batch: 4940/9482, Loss: 3065.199, Trans_L2_m: 1.806, Yaw_err_deg: 9.018
Epoch: [1/4], Batch: 4950/9482, Loss: 6872.735, Trans_L2_m: 1.414, Yaw_err_deg: 16.434
Epoch: [1/4], Batch: 4960/9482, Loss: 3979.800, Trans_L2_m: 1.150, Yaw_err_deg: 11.482
Epoch: [1/4], Batch: 4970/9482, Loss: 2454.340, Trans_L2_m: 0.845, Yaw_err_deg: 8.046
Epoch: [1/4], Batch: 4980/9482, Loss: 3821.315, Trans_L2_m: 1.084, Yaw_err_deg: 11.268
Epoch: [1/4], Batch: 4990/9482, Loss: 2245.897, Trans_L2_m: 1.459, Yaw_err_deg: 7.854
Epoch: [1/4], Batch: 5000/9482, Loss: 3298.183, Trans_L2_m: 1.472, Yaw_err_deg: 10.058
Epoch: [1/4], Batch: 5010/9482, Loss: 3312.453, Trans_L2_m: 0.809, Yaw_err_deg: 9.779
Epoch: [1/4], Batch: 5020/9482, Loss: 5094.787, Trans_L2_m: 1.450, Yaw_err_deg: 12.256
Epoch: [1/4], Batch: 5030/9482, Loss: 1348.754, Trans_L2_m: 1.565, Yaw_err_deg: 5.973
Epoch: [1/4], Batch: 5040/9482, Loss: 4492.257, Trans_L2_m: 1.163, Yaw_err_deg: 11.779
Epoch: [1/4], Batch: 5050/9482, Loss: 2652.184, Trans_L2_m: 1.891, Yaw_err_deg: 9.558
Epoch: [1/4], Batch: 5060/9482, Loss: 3225.821, Trans_L2_m: 2.003, Yaw_err_deg: 8.518
Epoch: [1/4], Batch: 5070/9482, Loss: 2976.171, Trans_L2_m: 1.525, Yaw_err_deg: 8.704
Epoch: [1/4], Batch: 5080/9482, Loss: 3618.486, Trans_L2_m: 1.357, Yaw_err_deg: 9.479
Epoch: [1/4], Batch: 5090/9482, Loss: 5821.369, Trans_L2_m: 0.892, Yaw_err_deg: 14.426
Epoch: [1/4], Batch: 5100/9482, Loss: 2961.777, Trans_L2_m: 1.183, Yaw_err_deg: 10.402
Epoch: [1/4], Batch: 5110/9482, Loss: 4130.704, Trans_L2_m: 1.486, Yaw_err_deg: 11.185
Epoch: [1/4], Batch: 5120/9482, Loss: 1419.903, Trans_L2_m: 0.901, Yaw_err_deg: 5.768
Epoch: [1/4], Batch: 5130/9482, Loss: 3117.972, Trans_L2_m: 1.379, Yaw_err_deg: 8.395
Epoch: [1/4], Batch: 5140/9482, Loss: 1750.076, Trans_L2_m: 3.541, Yaw_err_deg: 4.541
Epoch: [1/4], Batch: 5150/9482, Loss: 1936.974, Trans_L2_m: 2.320, Yaw_err_deg: 6.883
Epoch: [1/4], Batch: 5160/9482, Loss: 4288.689, Trans_L2_m: 2.699, Yaw_err_deg: 10.764
Epoch: [1/4], Batch: 5170/9482, Loss: 5700.854, Trans_L2_m: 1.649, Yaw_err_deg: 13.618
Epoch: [1/4], Batch: 5180/9482, Loss: 848.009, Trans_L2_m: 1.382, Yaw_err_deg: 4.218
Epoch: [1/4], Batch: 5190/9482, Loss: 1053.725, Trans_L2_m: 1.889, Yaw_err_deg: 4.730
Epoch: [1/4], Batch: 5200/9482, Loss: 765.279, Trans_L2_m: 1.480, Yaw_err_deg: 4.033
Epoch: [1/4], Batch: 5210/9482, Loss: 1125.292, Trans_L2_m: 1.739, Yaw_err_deg: 4.294
Epoch: [1/4], Batch: 5220/9482, Loss: 2644.464, Trans_L2_m: 2.386, Yaw_err_deg: 9.241
Epoch: [1/4], Batch: 5230/9482, Loss: 3090.086, Trans_L2_m: 1.466, Yaw_err_deg: 8.491
Epoch: [1/4], Batch: 5240/9482, Loss: 4872.193, Trans_L2_m: 1.457, Yaw_err_deg: 12.348
Epoch: [1/4], Batch: 5250/9482, Loss: 3750.451, Trans_L2_m: 1.015, Yaw_err_deg: 9.786
Epoch: [1/4], Batch: 5260/9482, Loss: 4756.833, Trans_L2_m: 1.315, Yaw_err_deg: 11.748
Epoch: [1/4], Batch: 5270/9482, Loss: 2419.524, Trans_L2_m: 1.191, Yaw_err_deg: 8.340
Epoch: [1/4], Batch: 5280/9482, Loss: 5729.678, Trans_L2_m: 1.165, Yaw_err_deg: 14.390
Epoch: [1/4], Batch: 5290/9482, Loss: 2447.028, Trans_L2_m: 1.171, Yaw_err_deg: 8.466
Epoch: [1/4], Batch: 5300/9482, Loss: 2957.373, Trans_L2_m: 1.585, Yaw_err_deg: 8.707
Epoch: [1/4], Batch: 5310/9482, Loss: 2218.541, Trans_L2_m: 1.500, Yaw_err_deg: 7.720
Epoch: [1/4], Batch: 5320/9482, Loss: 3740.009, Trans_L2_m: 0.970, Yaw_err_deg: 9.748
Epoch: [1/4], Batch: 5330/9482, Loss: 3443.959, Trans_L2_m: 1.389, Yaw_err_deg: 9.554
Epoch: [1/4], Batch: 5340/9482, Loss: 3448.844, Trans_L2_m: 1.626, Yaw_err_deg: 10.448
Epoch: [1/4], Batch: 5350/9482, Loss: 5085.177, Trans_L2_m: 2.323, Yaw_err_deg: 13.246
Epoch: [1/4], Batch: 5360/9482, Loss: 3851.095, Trans_L2_m: 3.143, Yaw_err_deg: 10.229
Epoch: [1/4], Batch: 5370/9482, Loss: 3377.269, Trans_L2_m: 0.905, Yaw_err_deg: 10.741
Epoch: [1/4], Batch: 5380/9482, Loss: 2764.362, Trans_L2_m: 1.911, Yaw_err_deg: 8.025
Epoch: [1/4], Batch: 5390/9482, Loss: 755.340, Trans_L2_m: 2.092, Yaw_err_deg: 3.666
Epoch: [1/4], Batch: 5400/9482, Loss: 3947.137, Trans_L2_m: 0.706, Yaw_err_deg: 11.027
Epoch: [1/4], Batch: 5410/9482, Loss: 5048.559, Trans_L2_m: 1.447, Yaw_err_deg: 12.615
Epoch: [1/4], Batch: 5420/9482, Loss: 1988.789, Trans_L2_m: 0.942, Yaw_err_deg: 7.746
Epoch: [1/4], Batch: 5430/9482, Loss: 3649.494, Trans_L2_m: 1.321, Yaw_err_deg: 11.041
Epoch: [1/4], Batch: 5440/9482, Loss: 2723.253, Trans_L2_m: 1.871, Yaw_err_deg: 7.338
Epoch: [1/4], Batch: 5450/9482, Loss: 4921.262, Trans_L2_m: 1.666, Yaw_err_deg: 11.946
Epoch: [1/4], Batch: 5460/9482, Loss: 4848.552, Trans_L2_m: 1.159, Yaw_err_deg: 12.495
Epoch: [1/4], Batch: 5470/9482, Loss: 316.750, Trans_L2_m: 1.316, Yaw_err_deg: 2.172
Epoch: [1/4], Batch: 5480/9482, Loss: 5112.034, Trans_L2_m: 0.478, Yaw_err_deg: 13.541
Epoch: [1/4], Batch: 5490/9482, Loss: 3297.878, Trans_L2_m: 0.926, Yaw_err_deg: 10.678
Epoch: [1/4], Batch: 5500/9482, Loss: 3550.218, Trans_L2_m: 4.944, Yaw_err_deg: 7.301
Epoch: [1/4], Batch: 5510/9482, Loss: 4241.471, Trans_L2_m: 1.582, Yaw_err_deg: 12.078
Epoch: [1/4], Batch: 5520/9482, Loss: 5930.856, Trans_L2_m: 1.292, Yaw_err_deg: 13.391
Epoch: [1/4], Batch: 5530/9482, Loss: 4287.459, Trans_L2_m: 2.075, Yaw_err_deg: 12.286
Epoch: [1/4], Batch: 5540/9482, Loss: 5170.709, Trans_L2_m: 1.855, Yaw_err_deg: 13.011
Epoch: [1/4], Batch: 5550/9482, Loss: 5950.922, Trans_L2_m: 2.185, Yaw_err_deg: 14.789
Epoch: [1/4], Batch: 5560/9482, Loss: 2710.257, Trans_L2_m: 1.495, Yaw_err_deg: 8.354
Epoch: [1/4], Batch: 5570/9482, Loss: 2352.269, Trans_L2_m: 1.957, Yaw_err_deg: 8.242
Epoch: [1/4], Batch: 5580/9482, Loss: 2857.875, Trans_L2_m: 1.730, Yaw_err_deg: 7.917
Epoch: [1/4], Batch: 5590/9482, Loss: 5059.156, Trans_L2_m: 2.254, Yaw_err_deg: 12.714
Epoch: [1/4], Batch: 5600/9482, Loss: 3828.912, Trans_L2_m: 1.004, Yaw_err_deg: 9.335
Epoch: [1/4], Batch: 5610/9482, Loss: 3314.724, Trans_L2_m: 1.183, Yaw_err_deg: 9.354
Epoch: [1/4], Batch: 5620/9482, Loss: 2848.838, Trans_L2_m: 0.910, Yaw_err_deg: 8.462
Epoch: [1/4], Batch: 5630/9482, Loss: 4182.907, Trans_L2_m: 1.342, Yaw_err_deg: 11.284
Epoch: [1/4], Batch: 5640/9482, Loss: 3213.583, Trans_L2_m: 1.668, Yaw_err_deg: 8.473
Epoch: [1/4], Batch: 5650/9482, Loss: 1415.932, Trans_L2_m: 1.307, Yaw_err_deg: 6.232
Epoch: [1/4], Batch: 5660/9482, Loss: 1864.634, Trans_L2_m: 1.182, Yaw_err_deg: 5.703
Epoch: [1/4], Batch: 5670/9482, Loss: 673.319, Trans_L2_m: 1.513, Yaw_err_deg: 3.444
Epoch: [1/4], Batch: 5680/9482, Loss: 2739.865, Trans_L2_m: 1.413, Yaw_err_deg: 8.759
Epoch: [1/4], Batch: 5690/9482, Loss: 3409.810, Trans_L2_m: 1.671, Yaw_err_deg: 9.267
Epoch: [1/4], Batch: 5700/9482, Loss: 4972.851, Trans_L2_m: 3.129, Yaw_err_deg: 12.459
Epoch: [1/4], Batch: 5710/9482, Loss: 3075.367, Trans_L2_m: 0.977, Yaw_err_deg: 9.505
Epoch: [1/4], Batch: 5720/9482, Loss: 2736.614, Trans_L2_m: 0.724, Yaw_err_deg: 8.120
Epoch: [1/4], Batch: 5730/9482, Loss: 2336.492, Trans_L2_m: 1.159, Yaw_err_deg: 9.433
Epoch: [1/4], Batch: 5740/9482, Loss: 5602.458, Trans_L2_m: 0.572, Yaw_err_deg: 14.201
Epoch: [1/4], Batch: 5750/9482, Loss: 5012.302, Trans_L2_m: 1.072, Yaw_err_deg: 14.182
Epoch: [1/4], Batch: 5760/9482, Loss: 5373.181, Trans_L2_m: 0.851, Yaw_err_deg: 13.835
Epoch: [1/4], Batch: 5770/9482, Loss: 2090.979, Trans_L2_m: 2.207, Yaw_err_deg: 5.840
Epoch: [1/4], Batch: 5780/9482, Loss: 2294.193, Trans_L2_m: 1.110, Yaw_err_deg: 7.787
Epoch: [1/4], Batch: 5790/9482, Loss: 3955.837, Trans_L2_m: 1.309, Yaw_err_deg: 11.689
Epoch: [1/4], Batch: 5800/9482, Loss: 1628.112, Trans_L2_m: 1.344, Yaw_err_deg: 6.445
Epoch: [1/4], Batch: 5810/9482, Loss: 2743.758, Trans_L2_m: 1.465, Yaw_err_deg: 8.356
Epoch: [1/4], Batch: 5820/9482, Loss: 2506.501, Trans_L2_m: 1.732, Yaw_err_deg: 9.648
Epoch: [1/4], Batch: 5830/9482, Loss: 2730.415, Trans_L2_m: 1.710, Yaw_err_deg: 8.756
Epoch: [1/4], Batch: 5840/9482, Loss: 4471.441, Trans_L2_m: 0.900, Yaw_err_deg: 12.235
Epoch: [1/4], Batch: 5850/9482, Loss: 5262.393, Trans_L2_m: 0.781, Yaw_err_deg: 12.852
Epoch: [1/4], Batch: 5860/9482, Loss: 2444.809, Trans_L2_m: 1.809, Yaw_err_deg: 9.475
Epoch: [1/4], Batch: 5870/9482, Loss: 5359.344, Trans_L2_m: 1.931, Yaw_err_deg: 11.752
Epoch: [1/4], Batch: 5880/9482, Loss: 3365.624, Trans_L2_m: 1.216, Yaw_err_deg: 9.516
Epoch: [1/4], Batch: 5890/9482, Loss: 3095.391, Trans_L2_m: 1.843, Yaw_err_deg: 8.182
Epoch: [1/4], Batch: 5900/9482, Loss: 4379.821, Trans_L2_m: 1.449, Yaw_err_deg: 11.917
Epoch: [1/4], Batch: 5910/9482, Loss: 4298.304, Trans_L2_m: 1.348, Yaw_err_deg: 12.172
Epoch: [1/4], Batch: 5920/9482, Loss: 3512.822, Trans_L2_m: 0.853, Yaw_err_deg: 8.624
Epoch: [1/4], Batch: 5930/9482, Loss: 2288.903, Trans_L2_m: 0.979, Yaw_err_deg: 7.178
Epoch: [1/4], Batch: 5940/9482, Loss: 4308.811, Trans_L2_m: 0.920, Yaw_err_deg: 10.646
Epoch: [1/4], Batch: 5950/9482, Loss: 2010.436, Trans_L2_m: 1.101, Yaw_err_deg: 8.012
Epoch: [1/4], Batch: 5960/9482, Loss: 3446.708, Trans_L2_m: 1.168, Yaw_err_deg: 11.255
Epoch: [1/4], Batch: 5970/9482, Loss: 2906.329, Trans_L2_m: 1.648, Yaw_err_deg: 10.190
Epoch: [1/4], Batch: 5980/9482, Loss: 4526.957, Trans_L2_m: 1.197, Yaw_err_deg: 12.698
Epoch: [1/4], Batch: 5990/9482, Loss: 1886.720, Trans_L2_m: 0.634, Yaw_err_deg: 6.800
Epoch: [1/4], Batch: 6000/9482, Loss: 2678.944, Trans_L2_m: 1.379, Yaw_err_deg: 7.513
Epoch: [1/4], Batch: 6010/9482, Loss: 2997.180, Trans_L2_m: 1.301, Yaw_err_deg: 10.043
Epoch: [1/4], Batch: 6020/9482, Loss: 4652.375, Trans_L2_m: 1.307, Yaw_err_deg: 12.595
Epoch: [1/4], Batch: 6030/9482, Loss: 2494.388, Trans_L2_m: 1.135, Yaw_err_deg: 6.765
Epoch: [1/4], Batch: 6040/9482, Loss: 3110.264, Trans_L2_m: 1.689, Yaw_err_deg: 9.919
Epoch: [1/4], Batch: 6050/9482, Loss: 6015.339, Trans_L2_m: 1.331, Yaw_err_deg: 14.576
Epoch: [1/4], Batch: 6060/9482, Loss: 4370.203, Trans_L2_m: 1.371, Yaw_err_deg: 10.296
Epoch: [1/4], Batch: 6070/9482, Loss: 3251.803, Trans_L2_m: 0.892, Yaw_err_deg: 11.350
Epoch: [1/4], Batch: 6080/9482, Loss: 2280.335, Trans_L2_m: 0.982, Yaw_err_deg: 7.589
Epoch: [1/4], Batch: 6090/9482, Loss: 2942.402, Trans_L2_m: 0.895, Yaw_err_deg: 9.602
Epoch: [1/4], Batch: 6100/9482, Loss: 1495.743, Trans_L2_m: 1.401, Yaw_err_deg: 6.567
Epoch: [1/4], Batch: 6110/9482, Loss: 3354.358, Trans_L2_m: 1.631, Yaw_err_deg: 9.124
Epoch: [1/4], Batch: 6120/9482, Loss: 555.305, Trans_L2_m: 0.842, Yaw_err_deg: 3.728
Epoch: [1/4], Batch: 6130/9482, Loss: 4303.030, Trans_L2_m: 0.996, Yaw_err_deg: 12.214
Epoch: [1/4], Batch: 6140/9482, Loss: 4054.284, Trans_L2_m: 2.024, Yaw_err_deg: 10.675
Epoch: [1/4], Batch: 6150/9482, Loss: 6080.134, Trans_L2_m: 1.382, Yaw_err_deg: 12.485
Epoch: [1/4], Batch: 6160/9482, Loss: 2449.015, Trans_L2_m: 1.371, Yaw_err_deg: 8.907
Epoch: [1/4], Batch: 6170/9482, Loss: 3188.261, Trans_L2_m: 1.049, Yaw_err_deg: 10.216
Epoch: [1/4], Batch: 6180/9482, Loss: 3913.037, Trans_L2_m: 1.631, Yaw_err_deg: 9.911
Epoch: [1/4], Batch: 6190/9482, Loss: 1709.181, Trans_L2_m: 2.497, Yaw_err_deg: 5.947
Epoch: [1/4], Batch: 6200/9482, Loss: 3904.585, Trans_L2_m: 2.620, Yaw_err_deg: 11.069
Epoch: [1/4], Batch: 6210/9482, Loss: 4210.377, Trans_L2_m: 1.227, Yaw_err_deg: 11.662
Epoch: [1/4], Batch: 6220/9482, Loss: 3011.149, Trans_L2_m: 0.837, Yaw_err_deg: 9.212
Epoch: [1/4], Batch: 6230/9482, Loss: 1973.812, Trans_L2_m: 1.079, Yaw_err_deg: 6.652
Epoch: [1/4], Batch: 6240/9482, Loss: 3870.671, Trans_L2_m: 1.484, Yaw_err_deg: 11.550
Epoch: [1/4], Batch: 6250/9482, Loss: 4443.442, Trans_L2_m: 1.651, Yaw_err_deg: 12.387
Epoch: [1/4], Batch: 6260/9482, Loss: 2868.592, Trans_L2_m: 1.488, Yaw_err_deg: 9.338
Epoch: [1/4], Batch: 6270/9482, Loss: 4569.098, Trans_L2_m: 1.831, Yaw_err_deg: 10.923
Epoch: [1/4], Batch: 6280/9482, Loss: 4812.645, Trans_L2_m: 1.711, Yaw_err_deg: 13.261
Epoch: [1/4], Batch: 6290/9482, Loss: 3702.697, Trans_L2_m: 1.241, Yaw_err_deg: 9.887
Epoch: [1/4], Batch: 6300/9482, Loss: 3576.876, Trans_L2_m: 1.170, Yaw_err_deg: 11.023
Epoch: [1/4], Batch: 6310/9482, Loss: 4751.702, Trans_L2_m: 1.407, Yaw_err_deg: 11.447
Epoch: [1/4], Batch: 6320/9482, Loss: 4188.173, Trans_L2_m: 1.065, Yaw_err_deg: 11.609
Epoch: [1/4], Batch: 6330/9482, Loss: 1899.473, Trans_L2_m: 1.528, Yaw_err_deg: 5.104
Epoch: [1/4], Batch: 6340/9482, Loss: 4373.633, Trans_L2_m: 3.622, Yaw_err_deg: 11.062
Epoch: [1/4], Batch: 6350/9482, Loss: 4532.926, Trans_L2_m: 2.542, Yaw_err_deg: 12.306
Epoch: [1/4], Batch: 6360/9482, Loss: 1589.413, Trans_L2_m: 1.386, Yaw_err_deg: 6.562
Epoch: [1/4], Batch: 6370/9482, Loss: 3573.160, Trans_L2_m: 1.297, Yaw_err_deg: 9.855
Epoch: [1/4], Batch: 6380/9482, Loss: 4577.498, Trans_L2_m: 1.984, Yaw_err_deg: 11.822
Epoch: [1/4], Batch: 6390/9482, Loss: 3357.839, Trans_L2_m: 1.256, Yaw_err_deg: 9.008
Epoch: [1/4], Batch: 6400/9482, Loss: 5500.669, Trans_L2_m: 1.695, Yaw_err_deg: 13.810
Epoch: [1/4], Batch: 6410/9482, Loss: 1611.276, Trans_L2_m: 1.034, Yaw_err_deg: 6.104
Epoch: [1/4], Batch: 6420/9482, Loss: 4531.675, Trans_L2_m: 1.463, Yaw_err_deg: 13.199
Epoch: [1/4], Batch: 6430/9482, Loss: 4945.541, Trans_L2_m: 0.827, Yaw_err_deg: 12.062
Epoch: [1/4], Batch: 6440/9482, Loss: 4618.414, Trans_L2_m: 0.999, Yaw_err_deg: 12.211
Epoch: [1/4], Batch: 6450/9482, Loss: 2264.928, Trans_L2_m: 1.230, Yaw_err_deg: 8.362
Epoch: [1/4], Batch: 6460/9482, Loss: 2031.356, Trans_L2_m: 1.134, Yaw_err_deg: 7.961
Epoch: [1/4], Batch: 6470/9482, Loss: 4604.342, Trans_L2_m: 1.375, Yaw_err_deg: 12.555
Epoch: [1/4], Batch: 6480/9482, Loss: 3740.482, Trans_L2_m: 1.087, Yaw_err_deg: 10.467
Epoch: [1/4], Batch: 6490/9482, Loss: 5069.784, Trans_L2_m: 3.241, Yaw_err_deg: 11.309
Epoch: [1/4], Batch: 6500/9482, Loss: 4349.576, Trans_L2_m: 4.468, Yaw_err_deg: 10.398
Epoch: [1/4], Batch: 6510/9482, Loss: 3865.265, Trans_L2_m: 2.154, Yaw_err_deg: 10.894
Epoch: [1/4], Batch: 6520/9482, Loss: 4965.235, Trans_L2_m: 3.825, Yaw_err_deg: 9.514
Epoch: [1/4], Batch: 6530/9482, Loss: 3544.358, Trans_L2_m: 1.175, Yaw_err_deg: 10.469
Epoch: [1/4], Batch: 6540/9482, Loss: 3992.889, Trans_L2_m: 2.223, Yaw_err_deg: 11.044
Epoch: [1/4], Batch: 6550/9482, Loss: 3691.585, Trans_L2_m: 3.292, Yaw_err_deg: 8.732
Epoch: [1/4], Batch: 6560/9482, Loss: 4826.120, Trans_L2_m: 3.542, Yaw_err_deg: 11.225
Epoch: [1/4], Batch: 6570/9482, Loss: 3586.282, Trans_L2_m: 1.404, Yaw_err_deg: 10.131
Epoch: [1/4], Batch: 6580/9482, Loss: 3160.436, Trans_L2_m: 2.100, Yaw_err_deg: 8.385
Epoch: [1/4], Batch: 6590/9482, Loss: 5083.599, Trans_L2_m: 3.026, Yaw_err_deg: 12.151
Epoch: [1/4], Batch: 6600/9482, Loss: 2185.950, Trans_L2_m: 4.460, Yaw_err_deg: 5.716
Epoch: [1/4], Batch: 6610/9482, Loss: 7117.250, Trans_L2_m: 4.521, Yaw_err_deg: 15.026
Epoch: [1/4], Batch: 6620/9482, Loss: 4768.807, Trans_L2_m: 3.586, Yaw_err_deg: 11.790
Epoch: [1/4], Batch: 6630/9482, Loss: 5149.248, Trans_L2_m: 3.923, Yaw_err_deg: 11.269
Epoch: [1/4], Batch: 6640/9482, Loss: 2735.096, Trans_L2_m: 3.952, Yaw_err_deg: 7.382
Epoch: [1/4], Batch: 6650/9482, Loss: 2554.870, Trans_L2_m: 2.388, Yaw_err_deg: 6.745
Epoch: [1/4], Batch: 6660/9482, Loss: 4804.322, Trans_L2_m: 1.162, Yaw_err_deg: 13.110
Epoch: [1/4], Batch: 6670/9482, Loss: 2910.291, Trans_L2_m: 1.913, Yaw_err_deg: 8.098
Epoch: [1/4], Batch: 6680/9482, Loss: 3087.533, Trans_L2_m: 4.249, Yaw_err_deg: 8.191
Epoch: [1/4], Batch: 6690/9482, Loss: 2582.885, Trans_L2_m: 4.336, Yaw_err_deg: 8.771
Epoch: [1/4], Batch: 6700/9482, Loss: 1776.304, Trans_L2_m: 1.409, Yaw_err_deg: 5.504
Epoch: [1/4], Batch: 6710/9482, Loss: 2938.571, Trans_L2_m: 1.660, Yaw_err_deg: 7.115
Epoch: [1/4], Batch: 6720/9482, Loss: 1616.256, Trans_L2_m: 1.308, Yaw_err_deg: 6.625
Epoch: [1/4], Batch: 6730/9482, Loss: 2216.790, Trans_L2_m: 1.497, Yaw_err_deg: 9.009
Epoch: [1/4], Batch: 6740/9482, Loss: 4267.472, Trans_L2_m: 2.328, Yaw_err_deg: 10.968
Epoch: [1/4], Batch: 6750/9482, Loss: 6484.824, Trans_L2_m: 2.144, Yaw_err_deg: 15.019
Epoch: [1/4], Batch: 6760/9482, Loss: 3488.271, Trans_L2_m: 0.817, Yaw_err_deg: 10.616
Epoch: [1/4], Batch: 6770/9482, Loss: 2008.823, Trans_L2_m: 1.611, Yaw_err_deg: 5.907
Epoch: [1/4], Batch: 6780/9482, Loss: 7908.625, Trans_L2_m: 2.764, Yaw_err_deg: 17.005
Epoch: [1/4], Batch: 6790/9482, Loss: 3122.154, Trans_L2_m: 1.667, Yaw_err_deg: 8.248
Epoch: [1/4], Batch: 6800/9482, Loss: 5553.500, Trans_L2_m: 2.083, Yaw_err_deg: 12.717
Epoch: [1/4], Batch: 6810/9482, Loss: 2679.150, Trans_L2_m: 0.903, Yaw_err_deg: 7.938
Epoch: [1/4], Batch: 6820/9482, Loss: 3175.468, Trans_L2_m: 1.148, Yaw_err_deg: 9.427
Epoch: [1/4], Batch: 6830/9482, Loss: 2774.429, Trans_L2_m: 1.419, Yaw_err_deg: 8.980
Epoch: [1/4], Batch: 6840/9482, Loss: 2948.583, Trans_L2_m: 1.359, Yaw_err_deg: 9.594
Epoch: [1/4], Batch: 6850/9482, Loss: 3852.268, Trans_L2_m: 0.703, Yaw_err_deg: 11.433
Epoch: [1/4], Batch: 6860/9482, Loss: 3051.012, Trans_L2_m: 1.436, Yaw_err_deg: 10.038
Epoch: [1/4], Batch: 6870/9482, Loss: 4038.509, Trans_L2_m: 2.357, Yaw_err_deg: 10.046
Epoch: [1/4], Batch: 6880/9482, Loss: 1887.403, Trans_L2_m: 1.268, Yaw_err_deg: 6.599
Epoch: [1/4], Batch: 6890/9482, Loss: 4680.536, Trans_L2_m: 1.951, Yaw_err_deg: 12.887
Epoch: [1/4], Batch: 6900/9482, Loss: 3284.837, Trans_L2_m: 1.388, Yaw_err_deg: 11.013
Epoch: [1/4], Batch: 6910/9482, Loss: 4060.768, Trans_L2_m: 1.638, Yaw_err_deg: 10.828
Epoch: [1/4], Batch: 6920/9482, Loss: 5214.862, Trans_L2_m: 1.653, Yaw_err_deg: 13.765
Epoch: [1/4], Batch: 6930/9482, Loss: 3580.127, Trans_L2_m: 0.909, Yaw_err_deg: 10.941
Epoch: [1/4], Batch: 6940/9482, Loss: 3717.106, Trans_L2_m: 1.098, Yaw_err_deg: 11.058
Epoch: [1/4], Batch: 6950/9482, Loss: 3080.974, Trans_L2_m: 1.521, Yaw_err_deg: 9.675
Epoch: [1/4], Batch: 6960/9482, Loss: 3244.995, Trans_L2_m: 1.117, Yaw_err_deg: 9.552
Epoch: [1/4], Batch: 6970/9482, Loss: 2981.442, Trans_L2_m: 1.318, Yaw_err_deg: 9.735
Epoch: [1/4], Batch: 6980/9482, Loss: 3089.303, Trans_L2_m: 2.334, Yaw_err_deg: 9.452
Epoch: [1/4], Batch: 6990/9482, Loss: 5500.474, Trans_L2_m: 1.000, Yaw_err_deg: 12.860
Epoch: [1/4], Batch: 7000/9482, Loss: 4924.545, Trans_L2_m: 0.746, Yaw_err_deg: 12.716
Epoch: [1/4], Batch: 7010/9482, Loss: 2932.857, Trans_L2_m: 1.930, Yaw_err_deg: 10.684
Epoch: [1/4], Batch: 7020/9482, Loss: 2036.107, Trans_L2_m: 1.900, Yaw_err_deg: 6.632
Epoch: [1/4], Batch: 7030/9482, Loss: 4058.912, Trans_L2_m: 2.592, Yaw_err_deg: 11.197
Epoch: [1/4], Batch: 7040/9482, Loss: 1606.750, Trans_L2_m: 2.157, Yaw_err_deg: 5.019
Epoch: [1/4], Batch: 7050/9482, Loss: 4954.649, Trans_L2_m: 5.206, Yaw_err_deg: 9.244
Epoch: [1/4], Batch: 7060/9482, Loss: 3485.149, Trans_L2_m: 2.256, Yaw_err_deg: 9.257
Epoch: [1/4], Batch: 7070/9482, Loss: 3758.896, Trans_L2_m: 4.009, Yaw_err_deg: 9.415
Epoch: [1/4], Batch: 7080/9482, Loss: 5117.319, Trans_L2_m: 4.965, Yaw_err_deg: 10.460
Epoch: [1/4], Batch: 7090/9482, Loss: 5288.049, Trans_L2_m: 3.830, Yaw_err_deg: 13.119
Epoch: [1/4], Batch: 7100/9482, Loss: 4998.930, Trans_L2_m: 3.961, Yaw_err_deg: 11.173
Epoch: [1/4], Batch: 7110/9482, Loss: 3272.676, Trans_L2_m: 7.063, Yaw_err_deg: 6.033
Epoch: [1/4], Batch: 7120/9482, Loss: 6292.267, Trans_L2_m: 5.470, Yaw_err_deg: 13.551
Epoch: [1/4], Batch: 7130/9482, Loss: 2965.812, Trans_L2_m: 2.220, Yaw_err_deg: 9.562
Epoch: [1/4], Batch: 7140/9482, Loss: 8421.196, Trans_L2_m: 2.145, Yaw_err_deg: 18.044
Epoch: [1/4], Batch: 7150/9482, Loss: 3319.979, Trans_L2_m: 3.586, Yaw_err_deg: 8.629
Epoch: [1/4], Batch: 7160/9482, Loss: 5086.103, Trans_L2_m: 4.388, Yaw_err_deg: 11.514
Epoch: [1/4], Batch: 7170/9482, Loss: 2900.840, Trans_L2_m: 3.506, Yaw_err_deg: 7.418
Epoch: [1/4], Batch: 7180/9482, Loss: 5387.922, Trans_L2_m: 5.636, Yaw_err_deg: 10.606
Epoch: [1/4], Batch: 7190/9482, Loss: 3112.895, Trans_L2_m: 1.638, Yaw_err_deg: 9.245
Epoch: [1/4], Batch: 7200/9482, Loss: 3492.555, Trans_L2_m: 4.782, Yaw_err_deg: 8.508
Epoch: [1/4], Batch: 7210/9482, Loss: 2572.600, Trans_L2_m: 4.500, Yaw_err_deg: 6.819
Epoch: [1/4], Batch: 7220/9482, Loss: 5585.644, Trans_L2_m: 3.362, Yaw_err_deg: 13.338
Epoch: [1/4], Batch: 7230/9482, Loss: 5271.351, Trans_L2_m: 3.554, Yaw_err_deg: 9.936
Epoch: [1/4], Batch: 7240/9482, Loss: 4114.510, Trans_L2_m: 2.944, Yaw_err_deg: 10.213
Epoch: [1/4], Batch: 7250/9482, Loss: 3289.755, Trans_L2_m: 5.068, Yaw_err_deg: 7.930
Epoch: [1/4], Batch: 7260/9482, Loss: 4253.303, Trans_L2_m: 7.474, Yaw_err_deg: 7.742
Epoch: [1/4], Batch: 7270/9482, Loss: 2483.902, Trans_L2_m: 1.700, Yaw_err_deg: 6.752
Epoch: [1/4], Batch: 7280/9482, Loss: 2357.950, Trans_L2_m: 2.875, Yaw_err_deg: 8.274
Epoch: [1/4], Batch: 7290/9482, Loss: 4405.710, Trans_L2_m: 2.694, Yaw_err_deg: 11.850
Epoch: [1/4], Batch: 7300/9482, Loss: 6316.277, Trans_L2_m: 5.173, Yaw_err_deg: 13.193
Epoch: [1/4], Batch: 7310/9482, Loss: 3823.625, Trans_L2_m: 3.191, Yaw_err_deg: 10.369
Epoch: [1/4], Batch: 7320/9482, Loss: 4313.450, Trans_L2_m: 4.214, Yaw_err_deg: 10.219
Epoch: [1/4], Batch: 7330/9482, Loss: 5659.761, Trans_L2_m: 5.456, Yaw_err_deg: 11.693
Epoch: [1/4], Batch: 7340/9482, Loss: 4646.849, Trans_L2_m: 7.150, Yaw_err_deg: 9.332
Epoch: [1/4], Batch: 7350/9482, Loss: 2557.784, Trans_L2_m: 6.503, Yaw_err_deg: 5.311
Epoch: [1/4], Batch: 7360/9482, Loss: 1869.692, Trans_L2_m: 3.777, Yaw_err_deg: 4.822
Epoch: [1/4], Batch: 7370/9482, Loss: 4089.695, Trans_L2_m: 5.507, Yaw_err_deg: 9.155
Epoch: [1/4], Batch: 7380/9482, Loss: 3317.333, Trans_L2_m: 3.306, Yaw_err_deg: 8.791
Epoch: [1/4], Batch: 7390/9482, Loss: 3917.159, Trans_L2_m: 3.490, Yaw_err_deg: 8.865
Epoch: [1/4], Batch: 7400/9482, Loss: 4739.268, Trans_L2_m: 5.292, Yaw_err_deg: 11.834
Epoch: [1/4], Batch: 7410/9482, Loss: 4719.198, Trans_L2_m: 7.108, Yaw_err_deg: 8.736
Epoch: [1/4], Batch: 7420/9482, Loss: 4703.079, Trans_L2_m: 4.228, Yaw_err_deg: 10.131
Epoch: [1/4], Batch: 7430/9482, Loss: 4856.801, Trans_L2_m: 4.787, Yaw_err_deg: 11.268
Epoch: [1/4], Batch: 7440/9482, Loss: 5174.072, Trans_L2_m: 3.914, Yaw_err_deg: 11.539
Epoch: [1/4], Batch: 7450/9482, Loss: 4268.887, Trans_L2_m: 5.347, Yaw_err_deg: 9.205
Epoch: [1/4], Batch: 7460/9482, Loss: 6881.550, Trans_L2_m: 5.176, Yaw_err_deg: 14.276
Epoch: [1/4], Batch: 7470/9482, Loss: 1417.131, Trans_L2_m: 3.631, Yaw_err_deg: 3.595
Epoch: [1/4], Batch: 7480/9482, Loss: 5014.503, Trans_L2_m: 5.401, Yaw_err_deg: 10.548
Epoch: [1/4], Batch: 7490/9482, Loss: 4340.372, Trans_L2_m: 2.471, Yaw_err_deg: 12.211
Epoch: [1/4], Batch: 7500/9482, Loss: 2813.198, Trans_L2_m: 4.597, Yaw_err_deg: 6.753
Epoch: [1/4], Batch: 7510/9482, Loss: 6044.852, Trans_L2_m: 6.069, Yaw_err_deg: 11.771
Epoch: [1/4], Batch: 7520/9482, Loss: 4745.684, Trans_L2_m: 6.479, Yaw_err_deg: 9.378
Epoch: [1/4], Batch: 7530/9482, Loss: 1167.730, Trans_L2_m: 3.043, Yaw_err_deg: 3.790
Epoch: [1/4], Batch: 7540/9482, Loss: 6660.837, Trans_L2_m: 3.576, Yaw_err_deg: 15.646
Epoch: [1/4], Batch: 7550/9482, Loss: 3704.564, Trans_L2_m: 2.963, Yaw_err_deg: 9.145
Epoch: [1/4], Batch: 7560/9482, Loss: 2030.447, Trans_L2_m: 3.130, Yaw_err_deg: 7.482
Epoch: [1/4], Batch: 7570/9482, Loss: 2988.749, Trans_L2_m: 3.937, Yaw_err_deg: 6.618
Epoch: [1/4], Batch: 7580/9482, Loss: 6622.431, Trans_L2_m: 3.988, Yaw_err_deg: 14.637
Epoch: [1/4], Batch: 7590/9482, Loss: 2567.619, Trans_L2_m: 3.729, Yaw_err_deg: 6.646
Epoch: [1/4], Batch: 7600/9482, Loss: 5847.373, Trans_L2_m: 5.775, Yaw_err_deg: 10.594
Epoch: [1/4], Batch: 7610/9482, Loss: 4871.474, Trans_L2_m: 6.829, Yaw_err_deg: 8.784
Epoch: [1/4], Batch: 7620/9482, Loss: 4271.141, Trans_L2_m: 6.093, Yaw_err_deg: 8.644
Epoch: [1/4], Batch: 7630/9482, Loss: 3175.454, Trans_L2_m: 5.288, Yaw_err_deg: 7.118
Epoch: [1/4], Batch: 7640/9482, Loss: 6522.057, Trans_L2_m: 7.407, Yaw_err_deg: 12.360
Epoch: [1/4], Batch: 7650/9482, Loss: 4890.086, Trans_L2_m: 4.910, Yaw_err_deg: 9.275
Epoch: [1/4], Batch: 7660/9482, Loss: 4669.341, Trans_L2_m: 5.515, Yaw_err_deg: 9.334
Epoch: [1/4], Batch: 7670/9482, Loss: 4569.535, Trans_L2_m: 7.517, Yaw_err_deg: 7.738
Epoch: [1/4], Batch: 7680/9482, Loss: 4282.633, Trans_L2_m: 7.973, Yaw_err_deg: 8.106
Epoch: [1/4], Batch: 7690/9482, Loss: 4091.663, Trans_L2_m: 5.152, Yaw_err_deg: 10.143
Epoch: [1/4], Batch: 7700/9482, Loss: 4000.287, Trans_L2_m: 4.034, Yaw_err_deg: 10.244
Epoch: [1/4], Batch: 7710/9482, Loss: 4816.127, Trans_L2_m: 5.327, Yaw_err_deg: 10.399
Epoch: [1/4], Batch: 7720/9482, Loss: 8237.532, Trans_L2_m: 4.502, Yaw_err_deg: 16.253
Epoch: [1/4], Batch: 7730/9482, Loss: 4389.187, Trans_L2_m: 3.545, Yaw_err_deg: 11.114
Epoch: [1/4], Batch: 7740/9482, Loss: 3403.612, Trans_L2_m: 6.295, Yaw_err_deg: 5.082
Epoch: [1/4], Batch: 7750/9482, Loss: 1348.607, Trans_L2_m: 2.648, Yaw_err_deg: 4.143
Epoch: [1/4], Batch: 7760/9482, Loss: 6700.577, Trans_L2_m: 5.710, Yaw_err_deg: 13.522
Epoch: [1/4], Batch: 7770/9482, Loss: 5010.968, Trans_L2_m: 3.963, Yaw_err_deg: 11.997
Epoch: [1/4], Batch: 7780/9482, Loss: 3474.853, Trans_L2_m: 1.654, Yaw_err_deg: 10.448
Epoch: [1/4], Batch: 7790/9482, Loss: 1517.480, Trans_L2_m: 2.737, Yaw_err_deg: 5.663
Epoch: [1/4], Batch: 7800/9482, Loss: 4721.186, Trans_L2_m: 4.277, Yaw_err_deg: 11.056
Epoch: [1/4], Batch: 7810/9482, Loss: 1897.573, Trans_L2_m: 3.327, Yaw_err_deg: 6.174
Epoch: [1/4], Batch: 7820/9482, Loss: 5015.837, Trans_L2_m: 3.987, Yaw_err_deg: 12.492
Epoch: [1/4], Batch: 7830/9482, Loss: 2662.259, Trans_L2_m: 3.139, Yaw_err_deg: 7.398
Epoch: [1/4], Batch: 7840/9482, Loss: 2169.068, Trans_L2_m: 4.423, Yaw_err_deg: 5.857
Epoch: [1/4], Batch: 7850/9482, Loss: 6655.263, Trans_L2_m: 5.486, Yaw_err_deg: 13.654
Epoch: [1/4], Batch: 7860/9482, Loss: 4580.832, Trans_L2_m: 4.021, Yaw_err_deg: 10.798
Epoch: [1/4], Batch: 7870/9482, Loss: 5406.321, Trans_L2_m: 3.785, Yaw_err_deg: 13.938
Epoch: [1/4], Batch: 7880/9482, Loss: 4173.881, Trans_L2_m: 3.583, Yaw_err_deg: 11.514
Epoch: [1/4], Batch: 7890/9482, Loss: 2184.688, Trans_L2_m: 1.346, Yaw_err_deg: 7.023
Epoch: [1/4], Batch: 7900/9482, Loss: 3265.271, Trans_L2_m: 2.711, Yaw_err_deg: 8.693
Epoch: [1/4], Batch: 7910/9482, Loss: 1869.267, Trans_L2_m: 0.701, Yaw_err_deg: 7.445
Epoch: [1/4], Batch: 7920/9482, Loss: 1495.558, Trans_L2_m: 3.063, Yaw_err_deg: 5.323
Epoch: [1/4], Batch: 7930/9482, Loss: 2208.407, Trans_L2_m: 2.365, Yaw_err_deg: 7.850
Epoch: [1/4], Batch: 7940/9482, Loss: 4427.069, Trans_L2_m: 3.497, Yaw_err_deg: 11.459
Epoch: [1/4], Batch: 7950/9482, Loss: 2138.571, Trans_L2_m: 1.532, Yaw_err_deg: 6.240
Epoch: [1/4], Batch: 7960/9482, Loss: 4626.905, Trans_L2_m: 1.838, Yaw_err_deg: 12.377
Epoch: [1/4], Batch: 7970/9482, Loss: 3791.010, Trans_L2_m: 3.596, Yaw_err_deg: 9.402
Epoch: [1/4], Batch: 7980/9482, Loss: 2093.658, Trans_L2_m: 3.754, Yaw_err_deg: 6.684
Epoch: [1/4], Batch: 7990/9482, Loss: 3844.862, Trans_L2_m: 3.784, Yaw_err_deg: 9.972
Epoch: [1/4], Batch: 8000/9482, Loss: 3313.910, Trans_L2_m: 4.211, Yaw_err_deg: 6.909
Epoch: [1/4], Batch: 8010/9482, Loss: 3854.283, Trans_L2_m: 3.234, Yaw_err_deg: 10.294
Epoch: [1/4], Batch: 8020/9482, Loss: 2736.455, Trans_L2_m: 2.675, Yaw_err_deg: 8.024
Epoch: [1/4], Batch: 8030/9482, Loss: 2365.104, Trans_L2_m: 1.635, Yaw_err_deg: 8.954
Epoch: [1/4], Batch: 8040/9482, Loss: 5942.726, Trans_L2_m: 5.446, Yaw_err_deg: 12.689
Epoch: [1/4], Batch: 8050/9482, Loss: 3871.178, Trans_L2_m: 1.357, Yaw_err_deg: 11.144
Epoch: [1/4], Batch: 8060/9482, Loss: 2707.466, Trans_L2_m: 4.538, Yaw_err_deg: 4.551
Epoch: [1/4], Batch: 8070/9482, Loss: 2801.902, Trans_L2_m: 4.047, Yaw_err_deg: 7.834
Epoch: [1/4], Batch: 8080/9482, Loss: 2925.973, Trans_L2_m: 3.188, Yaw_err_deg: 8.924
Epoch: [1/4], Batch: 8090/9482, Loss: 4029.175, Trans_L2_m: 3.504, Yaw_err_deg: 9.927
Epoch: [1/4], Batch: 8100/9482, Loss: 2629.007, Trans_L2_m: 1.344, Yaw_err_deg: 8.428
Epoch: [1/4], Batch: 8110/9482, Loss: 1589.072, Trans_L2_m: 3.245, Yaw_err_deg: 6.095
Epoch: [1/4], Batch: 8120/9482, Loss: 1379.578, Trans_L2_m: 1.112, Yaw_err_deg: 6.390
Epoch: [1/4], Batch: 8130/9482, Loss: 6182.532, Trans_L2_m: 4.143, Yaw_err_deg: 12.394
Epoch: [1/4], Batch: 8140/9482, Loss: 4329.688, Trans_L2_m: 4.643, Yaw_err_deg: 8.512
Epoch: [1/4], Batch: 8150/9482, Loss: 3478.150, Trans_L2_m: 4.572, Yaw_err_deg: 9.380
Epoch: [1/4], Batch: 8160/9482, Loss: 3577.661, Trans_L2_m: 3.714, Yaw_err_deg: 8.665
Epoch: [1/4], Batch: 8170/9482, Loss: 4661.490, Trans_L2_m: 2.970, Yaw_err_deg: 11.021
Epoch: [1/4], Batch: 8180/9482, Loss: 6478.719, Trans_L2_m: 3.940, Yaw_err_deg: 15.176
Epoch: [1/4], Batch: 8190/9482, Loss: 5438.614, Trans_L2_m: 4.144, Yaw_err_deg: 12.928
Epoch: [1/4], Batch: 8200/9482, Loss: 2540.470, Trans_L2_m: 2.750, Yaw_err_deg: 7.554
Epoch: [1/4], Batch: 8210/9482, Loss: 5201.164, Trans_L2_m: 3.689, Yaw_err_deg: 11.667
Epoch: [1/4], Batch: 8220/9482, Loss: 1629.728, Trans_L2_m: 3.867, Yaw_err_deg: 4.551
Epoch: [1/4], Batch: 8230/9482, Loss: 7403.129, Trans_L2_m: 4.181, Yaw_err_deg: 15.529
Epoch: [1/4], Batch: 8240/9482, Loss: 4214.179, Trans_L2_m: 3.871, Yaw_err_deg: 10.718
Epoch: [1/4], Batch: 8250/9482, Loss: 4323.217, Trans_L2_m: 4.806, Yaw_err_deg: 9.224
Epoch: [1/4], Batch: 8260/9482, Loss: 4528.994, Trans_L2_m: 2.560, Yaw_err_deg: 12.421
Epoch: [1/4], Batch: 8270/9482, Loss: 3462.742, Trans_L2_m: 1.808, Yaw_err_deg: 9.669
Epoch: [1/4], Batch: 8280/9482, Loss: 3454.581, Trans_L2_m: 2.661, Yaw_err_deg: 9.650
Epoch: [1/4], Batch: 8290/9482, Loss: 4432.680, Trans_L2_m: 3.696, Yaw_err_deg: 11.044
Epoch: [1/4], Batch: 8300/9482, Loss: 5221.604, Trans_L2_m: 4.416, Yaw_err_deg: 11.876
Epoch: [1/4], Batch: 8310/9482, Loss: 5922.537, Trans_L2_m: 4.675, Yaw_err_deg: 13.132
Epoch: [1/4], Batch: 8320/9482, Loss: 4190.298, Trans_L2_m: 5.288, Yaw_err_deg: 11.046
Epoch: [1/4], Batch: 8330/9482, Loss: 4865.697, Trans_L2_m: 3.983, Yaw_err_deg: 11.016
Epoch: [1/4], Batch: 8340/9482, Loss: 3192.379, Trans_L2_m: 4.002, Yaw_err_deg: 9.039
Epoch: [1/4], Batch: 8350/9482, Loss: 4586.611, Trans_L2_m: 1.914, Yaw_err_deg: 12.861
Epoch: [1/4], Batch: 8360/9482, Loss: 4300.935, Trans_L2_m: 3.430, Yaw_err_deg: 10.133
Epoch: [1/4], Batch: 8370/9482, Loss: 1934.353, Trans_L2_m: 2.325, Yaw_err_deg: 7.544
Epoch: [1/4], Batch: 8380/9482, Loss: 2822.593, Trans_L2_m: 2.915, Yaw_err_deg: 9.193
Epoch: [1/4], Batch: 8390/9482, Loss: 2111.009, Trans_L2_m: 0.947, Yaw_err_deg: 6.328
Epoch: [1/4], Batch: 8400/9482, Loss: 2544.967, Trans_L2_m: 1.307, Yaw_err_deg: 8.512
Epoch: [1/4], Batch: 8410/9482, Loss: 5060.209, Trans_L2_m: 4.743, Yaw_err_deg: 10.721
Epoch: [1/4], Batch: 8420/9482, Loss: 2481.937, Trans_L2_m: 4.662, Yaw_err_deg: 7.082
Epoch: [1/4], Batch: 8430/9482, Loss: 640.922, Trans_L2_m: 1.256, Yaw_err_deg: 3.162
Epoch: [1/4], Batch: 8440/9482, Loss: 3740.373, Trans_L2_m: 1.987, Yaw_err_deg: 10.874
Epoch: [1/4], Batch: 8450/9482, Loss: 2759.221, Trans_L2_m: 4.684, Yaw_err_deg: 7.688
Epoch: [1/4], Batch: 8460/9482, Loss: 4520.186, Trans_L2_m: 3.647, Yaw_err_deg: 10.368
Epoch: [1/4], Batch: 8470/9482, Loss: 3677.829, Trans_L2_m: 3.150, Yaw_err_deg: 9.809
Epoch: [1/4], Batch: 8480/9482, Loss: 3427.869, Trans_L2_m: 2.041, Yaw_err_deg: 10.424
Epoch: [1/4], Batch: 8490/9482, Loss: 3218.695, Trans_L2_m: 3.633, Yaw_err_deg: 6.572
Epoch: [1/4], Batch: 8500/9482, Loss: 3881.932, Trans_L2_m: 3.834, Yaw_err_deg: 9.783
Epoch: [1/4], Batch: 8510/9482, Loss: 4439.191, Trans_L2_m: 2.830, Yaw_err_deg: 11.686
Epoch: [1/4], Batch: 8520/9482, Loss: 3538.760, Trans_L2_m: 1.101, Yaw_err_deg: 9.794
Epoch: [1/4], Batch: 8530/9482, Loss: 2946.357, Trans_L2_m: 0.595, Yaw_err_deg: 9.774
Epoch: [1/4], Batch: 8540/9482, Loss: 3781.883, Trans_L2_m: 1.410, Yaw_err_deg: 10.436
Epoch: [1/4], Batch: 8550/9482, Loss: 2771.956, Trans_L2_m: 0.963, Yaw_err_deg: 8.307
Epoch: [1/4], Batch: 8560/9482, Loss: 4505.047, Trans_L2_m: 4.553, Yaw_err_deg: 10.400
Epoch: [1/4], Batch: 8570/9482, Loss: 5241.111, Trans_L2_m: 1.165, Yaw_err_deg: 13.356
Epoch: [1/4], Batch: 8580/9482, Loss: 2387.061, Trans_L2_m: 1.918, Yaw_err_deg: 7.133
Epoch: [1/4], Batch: 8590/9482, Loss: 3634.282, Trans_L2_m: 1.383, Yaw_err_deg: 11.015
Epoch: [1/4], Batch: 8600/9482, Loss: 4816.763, Trans_L2_m: 3.227, Yaw_err_deg: 11.505
Epoch: [1/4], Batch: 8610/9482, Loss: 4213.048, Trans_L2_m: 0.778, Yaw_err_deg: 11.348
Epoch: [1/4], Batch: 8620/9482, Loss: 3319.695, Trans_L2_m: 1.128, Yaw_err_deg: 11.093
Epoch: [1/4], Batch: 8630/9482, Loss: 3683.288, Trans_L2_m: 4.360, Yaw_err_deg: 9.774
Epoch: [1/4], Batch: 8640/9482, Loss: 3627.646, Trans_L2_m: 1.331, Yaw_err_deg: 10.196
Epoch: [1/4], Batch: 8650/9482, Loss: 2948.526, Trans_L2_m: 1.121, Yaw_err_deg: 9.535
Epoch: [1/4], Batch: 8660/9482, Loss: 5140.804, Trans_L2_m: 1.365, Yaw_err_deg: 12.971
Epoch: [1/4], Batch: 8670/9482, Loss: 4930.673, Trans_L2_m: 1.308, Yaw_err_deg: 13.241
Epoch: [1/4], Batch: 8680/9482, Loss: 1637.505, Trans_L2_m: 1.623, Yaw_err_deg: 6.204
Epoch: [1/4], Batch: 8690/9482, Loss: 2426.782, Trans_L2_m: 1.099, Yaw_err_deg: 9.327
Epoch: [1/4], Batch: 8700/9482, Loss: 4154.252, Trans_L2_m: 0.873, Yaw_err_deg: 11.659
Epoch: [1/4], Batch: 8710/9482, Loss: 1448.395, Trans_L2_m: 0.994, Yaw_err_deg: 6.371
Epoch: [1/4], Batch: 8720/9482, Loss: 3115.254, Trans_L2_m: 1.334, Yaw_err_deg: 8.691
Epoch: [1/4], Batch: 8730/9482, Loss: 3380.067, Trans_L2_m: 1.420, Yaw_err_deg: 10.917
Epoch: [1/4], Batch: 8740/9482, Loss: 4404.289, Trans_L2_m: 1.140, Yaw_err_deg: 11.208
Epoch: [1/4], Batch: 8750/9482, Loss: 1886.473, Trans_L2_m: 1.064, Yaw_err_deg: 7.257
Epoch: [1/4], Batch: 8760/9482, Loss: 3305.755, Trans_L2_m: 1.433, Yaw_err_deg: 9.271
Epoch: [1/4], Batch: 8770/9482, Loss: 5129.805, Trans_L2_m: 1.209, Yaw_err_deg: 14.085
Epoch: [1/4], Batch: 8780/9482, Loss: 7796.101, Trans_L2_m: 1.812, Yaw_err_deg: 16.550
Epoch: [1/4], Batch: 8790/9482, Loss: 3069.063, Trans_L2_m: 1.160, Yaw_err_deg: 9.295
Epoch: [1/4], Batch: 8800/9482, Loss: 3659.775, Trans_L2_m: 1.424, Yaw_err_deg: 10.312
Epoch: [1/4], Batch: 8810/9482, Loss: 3624.960, Trans_L2_m: 1.410, Yaw_err_deg: 12.190
Epoch: [1/4], Batch: 8820/9482, Loss: 2688.669, Trans_L2_m: 0.631, Yaw_err_deg: 9.520
Epoch: [1/4], Batch: 8830/9482, Loss: 3384.117, Trans_L2_m: 1.158, Yaw_err_deg: 9.766
Epoch: [1/4], Batch: 8840/9482, Loss: 5503.517, Trans_L2_m: 0.953, Yaw_err_deg: 14.341
Epoch: [1/4], Batch: 8850/9482, Loss: 2731.223, Trans_L2_m: 1.385, Yaw_err_deg: 7.273
Epoch: [1/4], Batch: 8860/9482, Loss: 3087.667, Trans_L2_m: 1.766, Yaw_err_deg: 10.438
Epoch: [1/4], Batch: 8870/9482, Loss: 2012.363, Trans_L2_m: 0.885, Yaw_err_deg: 7.763
Epoch: [1/4], Batch: 8880/9482, Loss: 4262.560, Trans_L2_m: 1.453, Yaw_err_deg: 11.481
Epoch: [1/4], Batch: 8890/9482, Loss: 3024.893, Trans_L2_m: 0.916, Yaw_err_deg: 10.151
Epoch: [1/4], Batch: 8900/9482, Loss: 1883.989, Trans_L2_m: 1.614, Yaw_err_deg: 7.060
Epoch: [1/4], Batch: 8910/9482, Loss: 3930.848, Trans_L2_m: 1.282, Yaw_err_deg: 11.653
Epoch: [1/4], Batch: 8920/9482, Loss: 3331.588, Trans_L2_m: 1.381, Yaw_err_deg: 9.543
Epoch: [1/4], Batch: 8930/9482, Loss: 1923.469, Trans_L2_m: 1.173, Yaw_err_deg: 7.276
Epoch: [1/4], Batch: 8940/9482, Loss: 5001.673, Trans_L2_m: 1.079, Yaw_err_deg: 13.375
Epoch: [1/4], Batch: 8950/9482, Loss: 3507.026, Trans_L2_m: 0.704, Yaw_err_deg: 10.140
Epoch: [1/4], Batch: 8960/9482, Loss: 1373.001, Trans_L2_m: 1.073, Yaw_err_deg: 5.915
Epoch: [1/4], Batch: 8970/9482, Loss: 1477.414, Trans_L2_m: 3.324, Yaw_err_deg: 4.821
Epoch: [1/4], Batch: 8980/9482, Loss: 2813.723, Trans_L2_m: 0.906, Yaw_err_deg: 9.514
Epoch: [1/4], Batch: 8990/9482, Loss: 6282.610, Trans_L2_m: 0.753, Yaw_err_deg: 14.484
Epoch: [1/4], Batch: 9000/9482, Loss: 3994.463, Trans_L2_m: 1.105, Yaw_err_deg: 11.228
Epoch: [1/4], Batch: 9010/9482, Loss: 3984.882, Trans_L2_m: 1.380, Yaw_err_deg: 11.321
Epoch: [1/4], Batch: 9020/9482, Loss: 1935.717, Trans_L2_m: 1.601, Yaw_err_deg: 7.218
Epoch: [1/4], Batch: 9030/9482, Loss: 3012.248, Trans_L2_m: 1.874, Yaw_err_deg: 7.952
Epoch: [1/4], Batch: 9040/9482, Loss: 786.118, Trans_L2_m: 1.579, Yaw_err_deg: 3.960
Epoch: [1/4], Batch: 9050/9482, Loss: 3958.042, Trans_L2_m: 1.163, Yaw_err_deg: 11.874
Epoch: [1/4], Batch: 9060/9482, Loss: 5564.410, Trans_L2_m: 1.718, Yaw_err_deg: 13.383
Epoch: [1/4], Batch: 9070/9482, Loss: 2560.156, Trans_L2_m: 0.784, Yaw_err_deg: 6.993
Epoch: [1/4], Batch: 9080/9482, Loss: 2457.527, Trans_L2_m: 1.169, Yaw_err_deg: 8.398
Epoch: [1/4], Batch: 9090/9482, Loss: 1856.507, Trans_L2_m: 0.977, Yaw_err_deg: 7.548
Epoch: [1/4], Batch: 9100/9482, Loss: 901.337, Trans_L2_m: 1.006, Yaw_err_deg: 4.800
Epoch: [1/4], Batch: 9110/9482, Loss: 6074.796, Trans_L2_m: 0.775, Yaw_err_deg: 15.299
Epoch: [1/4], Batch: 9120/9482, Loss: 4302.871, Trans_L2_m: 1.513, Yaw_err_deg: 11.439
Epoch: [1/4], Batch: 9130/9482, Loss: 4257.017, Trans_L2_m: 1.200, Yaw_err_deg: 10.760
Epoch: [1/4], Batch: 9140/9482, Loss: 2640.833, Trans_L2_m: 1.511, Yaw_err_deg: 8.648
Epoch: [1/4], Batch: 9150/9482, Loss: 4022.038, Trans_L2_m: 1.229, Yaw_err_deg: 10.341
Epoch: [1/4], Batch: 9160/9482, Loss: 3127.401, Trans_L2_m: 1.301, Yaw_err_deg: 9.920
Epoch: [1/4], Batch: 9170/9482, Loss: 3914.633, Trans_L2_m: 1.338, Yaw_err_deg: 11.142
Epoch: [1/4], Batch: 9180/9482, Loss: 4181.551, Trans_L2_m: 0.735, Yaw_err_deg: 11.253
Epoch: [1/4], Batch: 9190/9482, Loss: 3643.659, Trans_L2_m: 1.124, Yaw_err_deg: 11.396
Epoch: [1/4], Batch: 9200/9482, Loss: 3826.313, Trans_L2_m: 1.998, Yaw_err_deg: 9.939
Epoch: [1/4], Batch: 9210/9482, Loss: 1902.880, Trans_L2_m: 0.833, Yaw_err_deg: 7.099
Epoch: [1/4], Batch: 9220/9482, Loss: 4463.997, Trans_L2_m: 1.363, Yaw_err_deg: 11.725
Epoch: [1/4], Batch: 9230/9482, Loss: 2951.066, Trans_L2_m: 1.231, Yaw_err_deg: 9.808
Epoch: [1/4], Batch: 9240/9482, Loss: 2808.309, Trans_L2_m: 1.349, Yaw_err_deg: 9.637
Epoch: [1/4], Batch: 9250/9482, Loss: 1473.907, Trans_L2_m: 1.172, Yaw_err_deg: 6.980
Epoch: [1/4], Batch: 9260/9482, Loss: 6739.656, Trans_L2_m: 1.240, Yaw_err_deg: 15.586
Epoch: [1/4], Batch: 9270/9482, Loss: 2358.940, Trans_L2_m: 3.202, Yaw_err_deg: 7.004
Epoch: [1/4], Batch: 9280/9482, Loss: 3327.014, Trans_L2_m: 1.010, Yaw_err_deg: 10.191
Epoch: [1/4], Batch: 9290/9482, Loss: 4214.099, Trans_L2_m: 0.931, Yaw_err_deg: 10.856
Epoch: [1/4], Batch: 9300/9482, Loss: 4175.757, Trans_L2_m: 1.145, Yaw_err_deg: 10.505
Epoch: [1/4], Batch: 9310/9482, Loss: 3393.812, Trans_L2_m: 0.932, Yaw_err_deg: 10.680
Epoch: [1/4], Batch: 9320/9482, Loss: 4506.122, Trans_L2_m: 0.936, Yaw_err_deg: 10.826
Epoch: [1/4], Batch: 9330/9482, Loss: 4371.102, Trans_L2_m: 1.160, Yaw_err_deg: 11.269
Epoch: [1/4], Batch: 9340/9482, Loss: 3363.067, Trans_L2_m: 0.945, Yaw_err_deg: 9.218
Epoch: [1/4], Batch: 9350/9482, Loss: 1594.882, Trans_L2_m: 0.900, Yaw_err_deg: 6.428
Epoch: [1/4], Batch: 9360/9482, Loss: 2915.295, Trans_L2_m: 1.709, Yaw_err_deg: 9.462
Epoch: [1/4], Batch: 9370/9482, Loss: 3370.993, Trans_L2_m: 1.708, Yaw_err_deg: 9.153
Epoch: [1/4], Batch: 9380/9482, Loss: 2392.832, Trans_L2_m: 1.219, Yaw_err_deg: 7.889
Epoch: [1/4], Batch: 9390/9482, Loss: 3636.445, Trans_L2_m: 3.238, Yaw_err_deg: 8.270
Epoch: [1/4], Batch: 9400/9482, Loss: 2199.460, Trans_L2_m: 1.801, Yaw_err_deg: 8.207
Epoch: [1/4], Batch: 9410/9482, Loss: 2537.697, Trans_L2_m: 1.061, Yaw_err_deg: 7.846
Epoch: [1/4], Batch: 9420/9482, Loss: 1389.203, Trans_L2_m: 1.202, Yaw_err_deg: 6.899
Epoch: [1/4], Batch: 9430/9482, Loss: 4731.104, Trans_L2_m: 1.326, Yaw_err_deg: 13.015
Epoch: [1/4], Batch: 9440/9482, Loss: 2473.150, Trans_L2_m: 1.702, Yaw_err_deg: 8.349
Epoch: [1/4], Batch: 9450/9482, Loss: 2657.901, Trans_L2_m: 0.958, Yaw_err_deg: 7.841
Epoch: [1/4], Batch: 9460/9482, Loss: 1819.459, Trans_L2_m: 1.460, Yaw_err_deg: 7.189
Epoch: [1/4], Batch: 9470/9482, Loss: 3707.113, Trans_L2_m: 0.919, Yaw_err_deg: 11.263
Epoch: [1/4], Batch: 9480/9482, Loss: 891.670, Trans_L2_m: 1.274, Yaw_err_deg: 4.369
Validation loss (homography): 9245.4761
Avg batch time: 818.90 ms, total: 267.046 s
[1;94mSave the best of 9245.4765625, at checkpoints/2025_12_20_best_checkpoint_zod_0.pth[0m
Epoch: [2/4], Batch: 0/9482, Loss: 2548.728, Trans_L2_m: 1.590, Yaw_err_deg: 9.059
Epoch: [2/4], Batch: 10/9482, Loss: 3028.540, Trans_L2_m: 1.153, Yaw_err_deg: 9.165
Epoch: [2/4], Batch: 20/9482, Loss: 2969.831, Trans_L2_m: 1.139, Yaw_err_deg: 9.788
Epoch: [2/4], Batch: 30/9482, Loss: 445.829, Trans_L2_m: 1.228, Yaw_err_deg: 3.477
Epoch: [2/4], Batch: 40/9482, Loss: 3168.697, Trans_L2_m: 2.448, Yaw_err_deg: 8.786
Epoch: [2/4], Batch: 50/9482, Loss: 3007.688, Trans_L2_m: 1.170, Yaw_err_deg: 9.193
Epoch: [2/4], Batch: 60/9482, Loss: 3797.762, Trans_L2_m: 1.314, Yaw_err_deg: 9.672
Epoch: [2/4], Batch: 70/9482, Loss: 1842.696, Trans_L2_m: 2.733, Yaw_err_deg: 6.748
Epoch: [2/4], Batch: 80/9482, Loss: 2514.664, Trans_L2_m: 1.580, Yaw_err_deg: 8.295
Epoch: [2/4], Batch: 90/9482, Loss: 3232.688, Trans_L2_m: 2.766, Yaw_err_deg: 9.705
Epoch: [2/4], Batch: 100/9482, Loss: 3296.494, Trans_L2_m: 1.347, Yaw_err_deg: 8.987
Epoch: [2/4], Batch: 110/9482, Loss: 2284.279, Trans_L2_m: 1.301, Yaw_err_deg: 7.910
Epoch: [2/4], Batch: 120/9482, Loss: 3715.064, Trans_L2_m: 1.189, Yaw_err_deg: 10.636
Epoch: [2/4], Batch: 130/9482, Loss: 2662.561, Trans_L2_m: 1.924, Yaw_err_deg: 7.890
Epoch: [2/4], Batch: 140/9482, Loss: 3148.645, Trans_L2_m: 1.411, Yaw_err_deg: 9.261
Epoch: [2/4], Batch: 150/9482, Loss: 1834.953, Trans_L2_m: 1.297, Yaw_err_deg: 6.332
Epoch: [2/4], Batch: 160/9482, Loss: 1912.018, Trans_L2_m: 1.557, Yaw_err_deg: 6.715
Epoch: [2/4], Batch: 170/9482, Loss: 3550.294, Trans_L2_m: 1.365, Yaw_err_deg: 9.953
Epoch: [2/4], Batch: 180/9482, Loss: 3526.970, Trans_L2_m: 1.036, Yaw_err_deg: 10.176
Epoch: [2/4], Batch: 190/9482, Loss: 4142.177, Trans_L2_m: 0.770, Yaw_err_deg: 11.272
Epoch: [2/4], Batch: 200/9482, Loss: 4341.767, Trans_L2_m: 0.947, Yaw_err_deg: 12.439
Epoch: [2/4], Batch: 210/9482, Loss: 2183.865, Trans_L2_m: 1.400, Yaw_err_deg: 6.601
Epoch: [2/4], Batch: 220/9482, Loss: 1677.260, Trans_L2_m: 1.675, Yaw_err_deg: 5.884
Epoch: [2/4], Batch: 230/9482, Loss: 1784.776, Trans_L2_m: 1.513, Yaw_err_deg: 6.089
Epoch: [2/4], Batch: 240/9482, Loss: 2928.314, Trans_L2_m: 1.512, Yaw_err_deg: 10.577
Epoch: [2/4], Batch: 250/9482, Loss: 1759.710, Trans_L2_m: 1.313, Yaw_err_deg: 6.985
Epoch: [2/4], Batch: 260/9482, Loss: 1488.195, Trans_L2_m: 1.269, Yaw_err_deg: 6.130
Epoch: [2/4], Batch: 270/9482, Loss: 3520.713, Trans_L2_m: 2.715, Yaw_err_deg: 10.630
Epoch: [2/4], Batch: 280/9482, Loss: 1969.464, Trans_L2_m: 1.030, Yaw_err_deg: 7.629
Epoch: [2/4], Batch: 290/9482, Loss: 4129.797, Trans_L2_m: 1.515, Yaw_err_deg: 10.344
Epoch: [2/4], Batch: 300/9482, Loss: 2146.021, Trans_L2_m: 1.067, Yaw_err_deg: 8.596
Epoch: [2/4], Batch: 310/9482, Loss: 2464.781, Trans_L2_m: 1.470, Yaw_err_deg: 8.879
Epoch: [2/4], Batch: 320/9482, Loss: 2434.401, Trans_L2_m: 0.651, Yaw_err_deg: 8.914
Epoch: [2/4], Batch: 330/9482, Loss: 3292.776, Trans_L2_m: 2.528, Yaw_err_deg: 10.025
Epoch: [2/4], Batch: 340/9482, Loss: 4648.010, Trans_L2_m: 2.200, Yaw_err_deg: 13.243
Epoch: [2/4], Batch: 350/9482, Loss: 1660.650, Trans_L2_m: 1.325, Yaw_err_deg: 7.213
Epoch: [2/4], Batch: 360/9482, Loss: 6376.069, Trans_L2_m: 1.205, Yaw_err_deg: 14.820
Epoch: [2/4], Batch: 370/9482, Loss: 2341.773, Trans_L2_m: 1.589, Yaw_err_deg: 8.811
Epoch: [2/4], Batch: 380/9482, Loss: 1652.784, Trans_L2_m: 1.510, Yaw_err_deg: 6.785
Epoch: [2/4], Batch: 390/9482, Loss: 4121.020, Trans_L2_m: 1.650, Yaw_err_deg: 9.948
Epoch: [2/4], Batch: 400/9482, Loss: 1335.390, Trans_L2_m: 1.063, Yaw_err_deg: 6.372
Epoch: [2/4], Batch: 410/9482, Loss: 3403.496, Trans_L2_m: 1.017, Yaw_err_deg: 9.545
Epoch: [2/4], Batch: 420/9482, Loss: 3544.635, Trans_L2_m: 1.612, Yaw_err_deg: 9.828
Epoch: [2/4], Batch: 430/9482, Loss: 6393.370, Trans_L2_m: 1.486, Yaw_err_deg: 14.821
Epoch: [2/4], Batch: 440/9482, Loss: 1055.971, Trans_L2_m: 1.348, Yaw_err_deg: 5.696
Epoch: [2/4], Batch: 450/9482, Loss: 4453.729, Trans_L2_m: 1.635, Yaw_err_deg: 12.282
Epoch: [2/4], Batch: 460/9482, Loss: 2740.209, Trans_L2_m: 1.350, Yaw_err_deg: 8.157
Epoch: [2/4], Batch: 470/9482, Loss: 5310.773, Trans_L2_m: 0.917, Yaw_err_deg: 12.677
Epoch: [2/4], Batch: 480/9482, Loss: 1970.873, Trans_L2_m: 1.711, Yaw_err_deg: 5.719
Epoch: [2/4], Batch: 490/9482, Loss: 2918.325, Trans_L2_m: 1.578, Yaw_err_deg: 9.221
Epoch: [2/4], Batch: 500/9482, Loss: 4429.398, Trans_L2_m: 1.309, Yaw_err_deg: 9.966
Epoch: [2/4], Batch: 510/9482, Loss: 3500.728, Trans_L2_m: 1.408, Yaw_err_deg: 8.202
Epoch: [2/4], Batch: 520/9482, Loss: 3265.772, Trans_L2_m: 1.016, Yaw_err_deg: 10.513
Epoch: [2/4], Batch: 530/9482, Loss: 1927.841, Trans_L2_m: 1.096, Yaw_err_deg: 6.892
Epoch: [2/4], Batch: 540/9482, Loss: 3554.857, Trans_L2_m: 1.182, Yaw_err_deg: 10.464
Epoch: [2/4], Batch: 550/9482, Loss: 747.168, Trans_L2_m: 2.284, Yaw_err_deg: 3.359
Epoch: [2/4], Batch: 560/9482, Loss: 6617.254, Trans_L2_m: 3.779, Yaw_err_deg: 14.308
Epoch: [2/4], Batch: 570/9482, Loss: 4431.475, Trans_L2_m: 1.468, Yaw_err_deg: 11.886
Epoch: [2/4], Batch: 580/9482, Loss: 1178.964, Trans_L2_m: 2.038, Yaw_err_deg: 5.700
Epoch: [2/4], Batch: 590/9482, Loss: 3062.411, Trans_L2_m: 1.560, Yaw_err_deg: 9.690
Epoch: [2/4], Batch: 600/9482, Loss: 2313.887, Trans_L2_m: 1.398, Yaw_err_deg: 7.969
Epoch: [2/4], Batch: 610/9482, Loss: 2847.915, Trans_L2_m: 1.370, Yaw_err_deg: 8.464
Epoch: [2/4], Batch: 620/9482, Loss: 548.674, Trans_L2_m: 1.486, Yaw_err_deg: 4.095
Epoch: [2/4], Batch: 630/9482, Loss: 3208.559, Trans_L2_m: 1.458, Yaw_err_deg: 10.462
Epoch: [2/4], Batch: 640/9482, Loss: 1186.050, Trans_L2_m: 0.862, Yaw_err_deg: 4.928
Epoch: [2/4], Batch: 650/9482, Loss: 4254.517, Trans_L2_m: 1.612, Yaw_err_deg: 11.566
Epoch: [2/4], Batch: 660/9482, Loss: 1592.796, Trans_L2_m: 1.174, Yaw_err_deg: 5.843
Epoch: [2/4], Batch: 670/9482, Loss: 1926.455, Trans_L2_m: 1.660, Yaw_err_deg: 7.483
Epoch: [2/4], Batch: 680/9482, Loss: 2608.989, Trans_L2_m: 1.675, Yaw_err_deg: 9.054
Epoch: [2/4], Batch: 690/9482, Loss: 4733.577, Trans_L2_m: 1.337, Yaw_err_deg: 12.337
Epoch: [2/4], Batch: 700/9482, Loss: 2106.191, Trans_L2_m: 0.840, Yaw_err_deg: 6.928
Epoch: [2/4], Batch: 710/9482, Loss: 3980.569, Trans_L2_m: 1.462, Yaw_err_deg: 10.981
Epoch: [2/4], Batch: 720/9482, Loss: 4791.745, Trans_L2_m: 1.414, Yaw_err_deg: 12.382
Epoch: [2/4], Batch: 730/9482, Loss: 4837.100, Trans_L2_m: 1.966, Yaw_err_deg: 12.502
Epoch: [2/4], Batch: 740/9482, Loss: 1710.853, Trans_L2_m: 1.787, Yaw_err_deg: 6.506
Epoch: [2/4], Batch: 750/9482, Loss: 3931.482, Trans_L2_m: 1.842, Yaw_err_deg: 9.490
Epoch: [2/4], Batch: 760/9482, Loss: 4926.545, Trans_L2_m: 1.418, Yaw_err_deg: 12.409
Epoch: [2/4], Batch: 770/9482, Loss: 2215.569, Trans_L2_m: 1.063, Yaw_err_deg: 7.597
Epoch: [2/4], Batch: 780/9482, Loss: 3009.319, Trans_L2_m: 1.070, Yaw_err_deg: 9.549
Epoch: [2/4], Batch: 790/9482, Loss: 1394.024, Trans_L2_m: 1.056, Yaw_err_deg: 5.315
Epoch: [2/4], Batch: 800/9482, Loss: 4110.466, Trans_L2_m: 1.790, Yaw_err_deg: 10.556
Epoch: [2/4], Batch: 810/9482, Loss: 3953.729, Trans_L2_m: 1.261, Yaw_err_deg: 11.138
Epoch: [2/4], Batch: 820/9482, Loss: 4347.104, Trans_L2_m: 1.469, Yaw_err_deg: 11.417
Epoch: [2/4], Batch: 830/9482, Loss: 1849.042, Trans_L2_m: 1.686, Yaw_err_deg: 6.826
Epoch: [2/4], Batch: 840/9482, Loss: 1305.709, Trans_L2_m: 1.118, Yaw_err_deg: 6.269
Epoch: [2/4], Batch: 850/9482, Loss: 3083.407, Trans_L2_m: 1.164, Yaw_err_deg: 9.321
Epoch: [2/4], Batch: 860/9482, Loss: 5442.380, Trans_L2_m: 0.818, Yaw_err_deg: 14.132
Epoch: [2/4], Batch: 870/9482, Loss: 5266.786, Trans_L2_m: 1.735, Yaw_err_deg: 12.949
Epoch: [2/4], Batch: 880/9482, Loss: 2342.184, Trans_L2_m: 1.808, Yaw_err_deg: 6.502
Epoch: [2/4], Batch: 890/9482, Loss: 6607.875, Trans_L2_m: 1.648, Yaw_err_deg: 14.548
Epoch: [2/4], Batch: 900/9482, Loss: 5057.744, Trans_L2_m: 0.866, Yaw_err_deg: 13.514
Epoch: [2/4], Batch: 910/9482, Loss: 793.843, Trans_L2_m: 1.207, Yaw_err_deg: 2.920
Epoch: [2/4], Batch: 920/9482, Loss: 3157.202, Trans_L2_m: 1.178, Yaw_err_deg: 8.237
Epoch: [2/4], Batch: 930/9482, Loss: 5668.871, Trans_L2_m: 2.867, Yaw_err_deg: 11.193
Epoch: [2/4], Batch: 940/9482, Loss: 2127.237, Trans_L2_m: 1.172, Yaw_err_deg: 6.378
Epoch: [2/4], Batch: 950/9482, Loss: 3672.217, Trans_L2_m: 1.276, Yaw_err_deg: 11.042
Epoch: [2/4], Batch: 960/9482, Loss: 2837.842, Trans_L2_m: 0.843, Yaw_err_deg: 8.947
Epoch: [2/4], Batch: 970/9482, Loss: 4208.136, Trans_L2_m: 1.544, Yaw_err_deg: 10.266
Epoch: [2/4], Batch: 980/9482, Loss: 3116.118, Trans_L2_m: 1.114, Yaw_err_deg: 9.325
Epoch: [2/4], Batch: 990/9482, Loss: 2830.401, Trans_L2_m: 0.789, Yaw_err_deg: 7.709
Epoch: [2/4], Batch: 1000/9482, Loss: 1797.110, Trans_L2_m: 1.329, Yaw_err_deg: 7.923
Epoch: [2/4], Batch: 1010/9482, Loss: 3457.373, Trans_L2_m: 1.300, Yaw_err_deg: 10.482
Epoch: [2/4], Batch: 1020/9482, Loss: 2576.250, Trans_L2_m: 2.478, Yaw_err_deg: 7.886
Epoch: [2/4], Batch: 1030/9482, Loss: 1675.386, Trans_L2_m: 1.024, Yaw_err_deg: 6.796
Epoch: [2/4], Batch: 1040/9482, Loss: 2044.482, Trans_L2_m: 1.094, Yaw_err_deg: 7.863
Epoch: [2/4], Batch: 1050/9482, Loss: 1700.312, Trans_L2_m: 2.454, Yaw_err_deg: 6.207
Epoch: [2/4], Batch: 1060/9482, Loss: 3320.549, Trans_L2_m: 0.833, Yaw_err_deg: 9.940
Epoch: [2/4], Batch: 1070/9482, Loss: 3297.815, Trans_L2_m: 1.657, Yaw_err_deg: 8.441
Epoch: [2/4], Batch: 1080/9482, Loss: 2079.439, Trans_L2_m: 1.849, Yaw_err_deg: 7.711
Epoch: [2/4], Batch: 1090/9482, Loss: 6833.037, Trans_L2_m: 2.439, Yaw_err_deg: 15.632
Epoch: [2/4], Batch: 1100/9482, Loss: 5963.269, Trans_L2_m: 1.258, Yaw_err_deg: 15.279
Epoch: [2/4], Batch: 1110/9482, Loss: 2131.790, Trans_L2_m: 0.984, Yaw_err_deg: 7.509
Epoch: [2/4], Batch: 1120/9482, Loss: 2775.974, Trans_L2_m: 1.091, Yaw_err_deg: 9.580
Epoch: [2/4], Batch: 1130/9482, Loss: 1017.814, Trans_L2_m: 1.967, Yaw_err_deg: 4.793
Epoch: [2/4], Batch: 1140/9482, Loss: 1327.777, Trans_L2_m: 3.514, Yaw_err_deg: 5.371
Epoch: [2/4], Batch: 1150/9482, Loss: 2673.910, Trans_L2_m: 1.353, Yaw_err_deg: 8.170
Epoch: [2/4], Batch: 1160/9482, Loss: 1602.995, Trans_L2_m: 1.093, Yaw_err_deg: 6.721
Epoch: [2/4], Batch: 1170/9482, Loss: 688.535, Trans_L2_m: 1.011, Yaw_err_deg: 4.745
Epoch: [2/4], Batch: 1180/9482, Loss: 5462.247, Trans_L2_m: 1.385, Yaw_err_deg: 14.325
Epoch: [2/4], Batch: 1190/9482, Loss: 2856.073, Trans_L2_m: 1.899, Yaw_err_deg: 8.617
Epoch: [2/4], Batch: 1200/9482, Loss: 754.290, Trans_L2_m: 1.428, Yaw_err_deg: 4.433
Epoch: [2/4], Batch: 1210/9482, Loss: 4188.516, Trans_L2_m: 1.778, Yaw_err_deg: 11.810
Epoch: [2/4], Batch: 1220/9482, Loss: 7582.621, Trans_L2_m: 1.373, Yaw_err_deg: 16.463
Epoch: [2/4], Batch: 1230/9482, Loss: 2998.995, Trans_L2_m: 1.363, Yaw_err_deg: 9.499
Epoch: [2/4], Batch: 1240/9482, Loss: 1696.412, Trans_L2_m: 1.266, Yaw_err_deg: 6.768
Epoch: [2/4], Batch: 1250/9482, Loss: 5259.144, Trans_L2_m: 1.009, Yaw_err_deg: 13.301
Epoch: [2/4], Batch: 1260/9482, Loss: 1938.473, Trans_L2_m: 0.470, Yaw_err_deg: 7.046
Epoch: [2/4], Batch: 1270/9482, Loss: 5128.574, Trans_L2_m: 1.086, Yaw_err_deg: 13.353
Epoch: [2/4], Batch: 1280/9482, Loss: 3199.881, Trans_L2_m: 1.022, Yaw_err_deg: 9.571
Epoch: [2/4], Batch: 1290/9482, Loss: 1217.617, Trans_L2_m: 0.846, Yaw_err_deg: 4.925
Epoch: [2/4], Batch: 1300/9482, Loss: 4148.367, Trans_L2_m: 1.075, Yaw_err_deg: 10.558
Epoch: [2/4], Batch: 1310/9482, Loss: 1569.727, Trans_L2_m: 1.248, Yaw_err_deg: 6.582
Epoch: [2/4], Batch: 1320/9482, Loss: 2112.569, Trans_L2_m: 1.020, Yaw_err_deg: 8.326
Epoch: [2/4], Batch: 1330/9482, Loss: 2433.100, Trans_L2_m: 0.578, Yaw_err_deg: 8.204
Epoch: [2/4], Batch: 1340/9482, Loss: 3675.724, Trans_L2_m: 0.937, Yaw_err_deg: 10.261
Epoch: [2/4], Batch: 1350/9482, Loss: 2147.811, Trans_L2_m: 0.872, Yaw_err_deg: 7.912
Epoch: [2/4], Batch: 1360/9482, Loss: 4409.734, Trans_L2_m: 1.171, Yaw_err_deg: 12.266
Epoch: [2/4], Batch: 1370/9482, Loss: 6148.604, Trans_L2_m: 6.187, Yaw_err_deg: 9.637
Epoch: [2/4], Batch: 1380/9482, Loss: 4078.093, Trans_L2_m: 1.083, Yaw_err_deg: 11.466
Epoch: [2/4], Batch: 1390/9482, Loss: 3136.453, Trans_L2_m: 0.893, Yaw_err_deg: 9.343
Epoch: [2/4], Batch: 1400/9482, Loss: 5372.695, Trans_L2_m: 0.854, Yaw_err_deg: 12.295
Epoch: [2/4], Batch: 1410/9482, Loss: 2093.015, Trans_L2_m: 1.668, Yaw_err_deg: 6.730
Epoch: [2/4], Batch: 1420/9482, Loss: 3752.654, Trans_L2_m: 0.840, Yaw_err_deg: 10.719
Epoch: [2/4], Batch: 1430/9482, Loss: 3312.693, Trans_L2_m: 1.034, Yaw_err_deg: 9.038
Epoch: [2/4], Batch: 1440/9482, Loss: 5485.217, Trans_L2_m: 0.641, Yaw_err_deg: 14.286
Epoch: [2/4], Batch: 1450/9482, Loss: 637.611, Trans_L2_m: 1.466, Yaw_err_deg: 4.173
Epoch: [2/4], Batch: 1460/9482, Loss: 5446.808, Trans_L2_m: 0.969, Yaw_err_deg: 12.765
Epoch: [2/4], Batch: 1470/9482, Loss: 4508.062, Trans_L2_m: 1.413, Yaw_err_deg: 12.070
Epoch: [2/4], Batch: 1480/9482, Loss: 2662.480, Trans_L2_m: 1.288, Yaw_err_deg: 9.542
Epoch: [2/4], Batch: 1490/9482, Loss: 5245.876, Trans_L2_m: 1.139, Yaw_err_deg: 13.221
Epoch: [2/4], Batch: 1500/9482, Loss: 626.656, Trans_L2_m: 1.497, Yaw_err_deg: 3.525
Epoch: [2/4], Batch: 1510/9482, Loss: 2109.793, Trans_L2_m: 1.042, Yaw_err_deg: 7.184
Epoch: [2/4], Batch: 1520/9482, Loss: 4306.416, Trans_L2_m: 1.249, Yaw_err_deg: 11.939
Epoch: [2/4], Batch: 1530/9482, Loss: 3702.879, Trans_L2_m: 2.664, Yaw_err_deg: 9.965
Epoch: [2/4], Batch: 1540/9482, Loss: 2808.666, Trans_L2_m: 1.146, Yaw_err_deg: 9.318
Epoch: [2/4], Batch: 1550/9482, Loss: 2235.519, Trans_L2_m: 2.224, Yaw_err_deg: 7.870
Epoch: [2/4], Batch: 1560/9482, Loss: 3205.812, Trans_L2_m: 1.603, Yaw_err_deg: 10.056
Epoch: [2/4], Batch: 1570/9482, Loss: 2188.208, Trans_L2_m: 0.763, Yaw_err_deg: 7.479
Epoch: [2/4], Batch: 1580/9482, Loss: 2205.298, Trans_L2_m: 1.504, Yaw_err_deg: 7.262
Epoch: [2/4], Batch: 1590/9482, Loss: 3336.624, Trans_L2_m: 0.863, Yaw_err_deg: 10.216
Epoch: [2/4], Batch: 1600/9482, Loss: 1999.246, Trans_L2_m: 1.526, Yaw_err_deg: 7.250
Epoch: [2/4], Batch: 1610/9482, Loss: 874.550, Trans_L2_m: 1.326, Yaw_err_deg: 4.415
Epoch: [2/4], Batch: 1620/9482, Loss: 1462.774, Trans_L2_m: 2.243, Yaw_err_deg: 6.156
Epoch: [2/4], Batch: 1630/9482, Loss: 1443.895, Trans_L2_m: 1.274, Yaw_err_deg: 4.785
Epoch: [2/4], Batch: 1640/9482, Loss: 4574.839, Trans_L2_m: 1.377, Yaw_err_deg: 11.445
Epoch: [2/4], Batch: 1650/9482, Loss: 1283.836, Trans_L2_m: 0.832, Yaw_err_deg: 5.413
Epoch: [2/4], Batch: 1660/9482, Loss: 2525.988, Trans_L2_m: 1.278, Yaw_err_deg: 8.474
Epoch: [2/4], Batch: 1670/9482, Loss: 4301.285, Trans_L2_m: 1.090, Yaw_err_deg: 12.688
Epoch: [2/4], Batch: 1680/9482, Loss: 2687.001, Trans_L2_m: 1.004, Yaw_err_deg: 8.872
Epoch: [2/4], Batch: 1690/9482, Loss: 4253.346, Trans_L2_m: 1.412, Yaw_err_deg: 11.161
Epoch: [2/4], Batch: 1700/9482, Loss: 3209.942, Trans_L2_m: 0.997, Yaw_err_deg: 10.719
Epoch: [2/4], Batch: 1710/9482, Loss: 4005.238, Trans_L2_m: 1.261, Yaw_err_deg: 11.332
Epoch: [2/4], Batch: 1720/9482, Loss: 1444.840, Trans_L2_m: 1.697, Yaw_err_deg: 4.988
Epoch: [2/4], Batch: 1730/9482, Loss: 5997.300, Trans_L2_m: 1.012, Yaw_err_deg: 13.664
Epoch: [2/4], Batch: 1740/9482, Loss: 1510.023, Trans_L2_m: 1.046, Yaw_err_deg: 6.343
Epoch: [2/4], Batch: 1750/9482, Loss: 3077.113, Trans_L2_m: 1.649, Yaw_err_deg: 8.159
Epoch: [2/4], Batch: 1760/9482, Loss: 1256.088, Trans_L2_m: 1.770, Yaw_err_deg: 4.632
Epoch: [2/4], Batch: 1770/9482, Loss: 2251.999, Trans_L2_m: 0.931, Yaw_err_deg: 7.484
Epoch: [2/4], Batch: 1780/9482, Loss: 1934.824, Trans_L2_m: 0.983, Yaw_err_deg: 7.392
Epoch: [2/4], Batch: 1790/9482, Loss: 3408.081, Trans_L2_m: 1.065, Yaw_err_deg: 9.680
Epoch: [2/4], Batch: 1800/9482, Loss: 1582.564, Trans_L2_m: 2.169, Yaw_err_deg: 6.446
Epoch: [2/4], Batch: 1810/9482, Loss: 4255.004, Trans_L2_m: 0.932, Yaw_err_deg: 11.153
Epoch: [2/4], Batch: 1820/9482, Loss: 3855.841, Trans_L2_m: 1.036, Yaw_err_deg: 10.833
Epoch: [2/4], Batch: 1830/9482, Loss: 1868.088, Trans_L2_m: 1.372, Yaw_err_deg: 6.119
Epoch: [2/4], Batch: 1840/9482, Loss: 2399.592, Trans_L2_m: 1.074, Yaw_err_deg: 9.201
Epoch: [2/4], Batch: 1850/9482, Loss: 7689.257, Trans_L2_m: 0.978, Yaw_err_deg: 17.507
Epoch: [2/4], Batch: 1860/9482, Loss: 3041.466, Trans_L2_m: 1.109, Yaw_err_deg: 9.108
Epoch: [2/4], Batch: 1870/9482, Loss: 2463.222, Trans_L2_m: 1.371, Yaw_err_deg: 8.500
Epoch: [2/4], Batch: 1880/9482, Loss: 852.678, Trans_L2_m: 0.993, Yaw_err_deg: 4.571
Epoch: [2/4], Batch: 1890/9482, Loss: 4793.965, Trans_L2_m: 1.378, Yaw_err_deg: 11.231
Epoch: [2/4], Batch: 1900/9482, Loss: 4108.922, Trans_L2_m: 1.324, Yaw_err_deg: 12.458
Epoch: [2/4], Batch: 1910/9482, Loss: 1109.062, Trans_L2_m: 0.957, Yaw_err_deg: 4.746
Epoch: [2/4], Batch: 1920/9482, Loss: 3104.940, Trans_L2_m: 1.699, Yaw_err_deg: 9.291
Epoch: [2/4], Batch: 1930/9482, Loss: 4467.027, Trans_L2_m: 1.757, Yaw_err_deg: 11.527
Epoch: [2/4], Batch: 1940/9482, Loss: 3690.463, Trans_L2_m: 1.143, Yaw_err_deg: 10.330
Epoch: [2/4], Batch: 1950/9482, Loss: 2591.414, Trans_L2_m: 1.571, Yaw_err_deg: 8.957
Epoch: [2/4], Batch: 1960/9482, Loss: 1020.650, Trans_L2_m: 0.735, Yaw_err_deg: 4.938
Epoch: [2/4], Batch: 1970/9482, Loss: 4042.653, Trans_L2_m: 0.762, Yaw_err_deg: 11.197
Epoch: [2/4], Batch: 1980/9482, Loss: 2671.453, Trans_L2_m: 1.445, Yaw_err_deg: 8.628
Epoch: [2/4], Batch: 1990/9482, Loss: 4608.125, Trans_L2_m: 1.229, Yaw_err_deg: 12.533
Epoch: [2/4], Batch: 2000/9482, Loss: 467.516, Trans_L2_m: 1.417, Yaw_err_deg: 2.781
Epoch: [2/4], Batch: 2010/9482, Loss: 1974.929, Trans_L2_m: 0.424, Yaw_err_deg: 6.425
Epoch: [2/4], Batch: 2020/9482, Loss: 2314.118, Trans_L2_m: 1.161, Yaw_err_deg: 7.700
Epoch: [2/4], Batch: 2030/9482, Loss: 6599.216, Trans_L2_m: 1.369, Yaw_err_deg: 15.328
Epoch: [2/4], Batch: 2040/9482, Loss: 5888.059, Trans_L2_m: 1.017, Yaw_err_deg: 13.666
Epoch: [2/4], Batch: 2050/9482, Loss: 2323.740, Trans_L2_m: 1.098, Yaw_err_deg: 7.793
Epoch: [2/4], Batch: 2060/9482, Loss: 1870.306, Trans_L2_m: 1.187, Yaw_err_deg: 7.164
Epoch: [2/4], Batch: 2070/9482, Loss: 3277.310, Trans_L2_m: 1.106, Yaw_err_deg: 8.970
Epoch: [2/4], Batch: 2080/9482, Loss: 3276.200, Trans_L2_m: 1.510, Yaw_err_deg: 9.860
Epoch: [2/4], Batch: 2090/9482, Loss: 3044.614, Trans_L2_m: 1.308, Yaw_err_deg: 8.812
Epoch: [2/4], Batch: 2100/9482, Loss: 2772.598, Trans_L2_m: 0.973, Yaw_err_deg: 8.748
Epoch: [2/4], Batch: 2110/9482, Loss: 4102.665, Trans_L2_m: 1.068, Yaw_err_deg: 10.177
Epoch: [2/4], Batch: 2120/9482, Loss: 2713.302, Trans_L2_m: 1.002, Yaw_err_deg: 8.894
Epoch: [2/4], Batch: 2130/9482, Loss: 3315.340, Trans_L2_m: 1.054, Yaw_err_deg: 9.755
Epoch: [2/4], Batch: 2140/9482, Loss: 4434.547, Trans_L2_m: 1.182, Yaw_err_deg: 11.086
Epoch: [2/4], Batch: 2150/9482, Loss: 1373.946, Trans_L2_m: 1.080, Yaw_err_deg: 4.568
Epoch: [2/4], Batch: 2160/9482, Loss: 1364.610, Trans_L2_m: 0.800, Yaw_err_deg: 6.493
Epoch: [2/4], Batch: 2170/9482, Loss: 3443.609, Trans_L2_m: 1.273, Yaw_err_deg: 8.796
Epoch: [2/4], Batch: 2180/9482, Loss: 6764.363, Trans_L2_m: 2.124, Yaw_err_deg: 14.704
Epoch: [2/4], Batch: 2190/9482, Loss: 2436.797, Trans_L2_m: 1.629, Yaw_err_deg: 8.838
Epoch: [2/4], Batch: 2200/9482, Loss: 5125.794, Trans_L2_m: 2.239, Yaw_err_deg: 13.743
Epoch: [2/4], Batch: 2210/9482, Loss: 5440.088, Trans_L2_m: 1.164, Yaw_err_deg: 12.613
Epoch: [2/4], Batch: 2220/9482, Loss: 1716.685, Trans_L2_m: 1.822, Yaw_err_deg: 7.341
Epoch: [2/4], Batch: 2230/9482, Loss: 3791.559, Trans_L2_m: 0.873, Yaw_err_deg: 10.894
Epoch: [2/4], Batch: 2240/9482, Loss: 1828.959, Trans_L2_m: 1.985, Yaw_err_deg: 8.050
Epoch: [2/4], Batch: 2250/9482, Loss: 1731.573, Trans_L2_m: 1.038, Yaw_err_deg: 5.778
Epoch: [2/4], Batch: 2260/9482, Loss: 2910.884, Trans_L2_m: 1.221, Yaw_err_deg: 7.116
Epoch: [2/4], Batch: 2270/9482, Loss: 8133.087, Trans_L2_m: 1.252, Yaw_err_deg: 16.983
Epoch: [2/4], Batch: 2280/9482, Loss: 1897.933, Trans_L2_m: 2.071, Yaw_err_deg: 7.280
Epoch: [2/4], Batch: 2290/9482, Loss: 5898.958, Trans_L2_m: 3.476, Yaw_err_deg: 13.848
Epoch: [2/4], Batch: 2300/9482, Loss: 1765.075, Trans_L2_m: 1.144, Yaw_err_deg: 7.293
Epoch: [2/4], Batch: 2310/9482, Loss: 3393.686, Trans_L2_m: 1.331, Yaw_err_deg: 10.193
Epoch: [2/4], Batch: 2320/9482, Loss: 4848.554, Trans_L2_m: 1.377, Yaw_err_deg: 11.389
Epoch: [2/4], Batch: 2330/9482, Loss: 2832.584, Trans_L2_m: 1.470, Yaw_err_deg: 8.911
Epoch: [2/4], Batch: 2340/9482, Loss: 3371.944, Trans_L2_m: 1.060, Yaw_err_deg: 9.245
Epoch: [2/4], Batch: 2350/9482, Loss: 3633.648, Trans_L2_m: 0.879, Yaw_err_deg: 10.146
Epoch: [2/4], Batch: 2360/9482, Loss: 3533.291, Trans_L2_m: 1.269, Yaw_err_deg: 10.825
Epoch: [2/4], Batch: 2370/9482, Loss: 1316.477, Trans_L2_m: 0.855, Yaw_err_deg: 4.861
Epoch: [2/4], Batch: 2380/9482, Loss: 4464.349, Trans_L2_m: 1.304, Yaw_err_deg: 11.586
Epoch: [2/4], Batch: 2390/9482, Loss: 5016.692, Trans_L2_m: 1.139, Yaw_err_deg: 12.283
Epoch: [2/4], Batch: 2400/9482, Loss: 1170.321, Trans_L2_m: 0.964, Yaw_err_deg: 4.893
Epoch: [2/4], Batch: 2410/9482, Loss: 2679.832, Trans_L2_m: 1.542, Yaw_err_deg: 6.523
Epoch: [2/4], Batch: 2420/9482, Loss: 4220.031, Trans_L2_m: 2.091, Yaw_err_deg: 12.021
Epoch: [2/4], Batch: 2430/9482, Loss: 428.404, Trans_L2_m: 1.867, Yaw_err_deg: 2.635
Epoch: [2/4], Batch: 2440/9482, Loss: 3460.933, Trans_L2_m: 0.736, Yaw_err_deg: 9.431
Epoch: [2/4], Batch: 2450/9482, Loss: 5246.650, Trans_L2_m: 1.706, Yaw_err_deg: 13.442
Epoch: [2/4], Batch: 2460/9482, Loss: 3642.962, Trans_L2_m: 1.610, Yaw_err_deg: 11.686
Epoch: [2/4], Batch: 2470/9482, Loss: 682.605, Trans_L2_m: 1.138, Yaw_err_deg: 4.297
Epoch: [2/4], Batch: 2480/9482, Loss: 1418.575, Trans_L2_m: 1.085, Yaw_err_deg: 5.048
Epoch: [2/4], Batch: 2490/9482, Loss: 4571.807, Trans_L2_m: 1.886, Yaw_err_deg: 11.866
Epoch: [2/4], Batch: 2500/9482, Loss: 1162.620, Trans_L2_m: 0.894, Yaw_err_deg: 4.232
Epoch: [2/4], Batch: 2510/9482, Loss: 1842.966, Trans_L2_m: 1.386, Yaw_err_deg: 7.442
Epoch: [2/4], Batch: 2520/9482, Loss: 4938.703, Trans_L2_m: 3.730, Yaw_err_deg: 8.924
Epoch: [2/4], Batch: 2530/9482, Loss: 1514.085, Trans_L2_m: 0.865, Yaw_err_deg: 6.372
Epoch: [2/4], Batch: 2540/9482, Loss: 1759.220, Trans_L2_m: 1.008, Yaw_err_deg: 6.140
Epoch: [2/4], Batch: 2550/9482, Loss: 3847.625, Trans_L2_m: 1.685, Yaw_err_deg: 10.082
Epoch: [2/4], Batch: 2560/9482, Loss: 3117.417, Trans_L2_m: 0.959, Yaw_err_deg: 9.137
Epoch: [2/4], Batch: 2570/9482, Loss: 1662.082, Trans_L2_m: 1.866, Yaw_err_deg: 7.380
Epoch: [2/4], Batch: 2580/9482, Loss: 3638.882, Trans_L2_m: 0.749, Yaw_err_deg: 10.529
Epoch: [2/4], Batch: 2590/9482, Loss: 3297.501, Trans_L2_m: 1.138, Yaw_err_deg: 10.026
Epoch: [2/4], Batch: 2600/9482, Loss: 3655.282, Trans_L2_m: 1.565, Yaw_err_deg: 9.284
Epoch: [2/4], Batch: 2610/9482, Loss: 1553.657, Trans_L2_m: 1.344, Yaw_err_deg: 6.465
Epoch: [2/4], Batch: 2620/9482, Loss: 910.066, Trans_L2_m: 1.081, Yaw_err_deg: 4.945
Epoch: [2/4], Batch: 2630/9482, Loss: 2535.433, Trans_L2_m: 1.376, Yaw_err_deg: 7.300
Epoch: [2/4], Batch: 2640/9482, Loss: 5271.901, Trans_L2_m: 1.024, Yaw_err_deg: 12.656
Epoch: [2/4], Batch: 2650/9482, Loss: 2828.147, Trans_L2_m: 1.232, Yaw_err_deg: 7.942
Epoch: [2/4], Batch: 2660/9482, Loss: 4824.282, Trans_L2_m: 2.080, Yaw_err_deg: 13.226
Epoch: [2/4], Batch: 2670/9482, Loss: 2569.900, Trans_L2_m: 0.972, Yaw_err_deg: 9.565
Epoch: [2/4], Batch: 2680/9482, Loss: 3070.917, Trans_L2_m: 1.222, Yaw_err_deg: 9.723
Epoch: [2/4], Batch: 2690/9482, Loss: 1254.467, Trans_L2_m: 1.376, Yaw_err_deg: 4.528
Epoch: [2/4], Batch: 2700/9482, Loss: 1433.583, Trans_L2_m: 0.890, Yaw_err_deg: 5.001
Epoch: [2/4], Batch: 2710/9482, Loss: 2157.188, Trans_L2_m: 1.790, Yaw_err_deg: 7.772
Epoch: [2/4], Batch: 2720/9482, Loss: 5602.352, Trans_L2_m: 1.816, Yaw_err_deg: 13.641
Epoch: [2/4], Batch: 2730/9482, Loss: 2414.517, Trans_L2_m: 1.585, Yaw_err_deg: 9.411
Epoch: [2/4], Batch: 2740/9482, Loss: 3768.909, Trans_L2_m: 1.145, Yaw_err_deg: 10.315
Epoch: [2/4], Batch: 2750/9482, Loss: 4097.849, Trans_L2_m: 1.209, Yaw_err_deg: 12.411
Epoch: [2/4], Batch: 2760/9482, Loss: 3374.984, Trans_L2_m: 1.278, Yaw_err_deg: 10.520
Epoch: [2/4], Batch: 2770/9482, Loss: 5546.388, Trans_L2_m: 1.156, Yaw_err_deg: 11.946
Epoch: [2/4], Batch: 2780/9482, Loss: 2240.948, Trans_L2_m: 0.839, Yaw_err_deg: 8.601
Epoch: [2/4], Batch: 2790/9482, Loss: 2192.403, Trans_L2_m: 0.697, Yaw_err_deg: 8.778
Epoch: [2/4], Batch: 2800/9482, Loss: 3926.084, Trans_L2_m: 1.150, Yaw_err_deg: 9.880
Epoch: [2/4], Batch: 2810/9482, Loss: 4432.315, Trans_L2_m: 2.339, Yaw_err_deg: 12.708
Epoch: [2/4], Batch: 2820/9482, Loss: 3273.941, Trans_L2_m: 0.949, Yaw_err_deg: 10.155
Epoch: [2/4], Batch: 2830/9482, Loss: 5412.584, Trans_L2_m: 1.577, Yaw_err_deg: 12.893
Epoch: [2/4], Batch: 2840/9482, Loss: 2360.081, Trans_L2_m: 1.863, Yaw_err_deg: 8.408
Epoch: [2/4], Batch: 2850/9482, Loss: 1984.115, Trans_L2_m: 3.383, Yaw_err_deg: 6.662
Epoch: [2/4], Batch: 2860/9482, Loss: 2347.378, Trans_L2_m: 1.094, Yaw_err_deg: 8.143
Epoch: [2/4], Batch: 2870/9482, Loss: 310.342, Trans_L2_m: 0.946, Yaw_err_deg: 2.034
Epoch: [2/4], Batch: 2880/9482, Loss: 2001.728, Trans_L2_m: 1.287, Yaw_err_deg: 6.916
Epoch: [2/4], Batch: 2890/9482, Loss: 3594.792, Trans_L2_m: 1.113, Yaw_err_deg: 11.296
Epoch: [2/4], Batch: 2900/9482, Loss: 1178.340, Trans_L2_m: 1.175, Yaw_err_deg: 5.107
Epoch: [2/4], Batch: 2910/9482, Loss: 6449.294, Trans_L2_m: 0.797, Yaw_err_deg: 15.377
Epoch: [2/4], Batch: 2920/9482, Loss: 1873.527, Trans_L2_m: 1.725, Yaw_err_deg: 6.345
Epoch: [2/4], Batch: 2930/9482, Loss: 4131.827, Trans_L2_m: 0.812, Yaw_err_deg: 11.009
Epoch: [2/4], Batch: 2940/9482, Loss: 945.011, Trans_L2_m: 1.143, Yaw_err_deg: 5.102
Epoch: [2/4], Batch: 2950/9482, Loss: 3498.865, Trans_L2_m: 1.145, Yaw_err_deg: 10.301
Epoch: [2/4], Batch: 2960/9482, Loss: 2485.244, Trans_L2_m: 1.448, Yaw_err_deg: 8.951
Epoch: [2/4], Batch: 2970/9482, Loss: 1445.611, Trans_L2_m: 1.570, Yaw_err_deg: 6.580
Epoch: [2/4], Batch: 2980/9482, Loss: 5398.966, Trans_L2_m: 1.342, Yaw_err_deg: 13.674
Epoch: [2/4], Batch: 2990/9482, Loss: 3836.227, Trans_L2_m: 1.902, Yaw_err_deg: 10.172
Epoch: [2/4], Batch: 3000/9482, Loss: 3781.858, Trans_L2_m: 1.619, Yaw_err_deg: 11.150
Epoch: [2/4], Batch: 3010/9482, Loss: 4212.648, Trans_L2_m: 1.912, Yaw_err_deg: 10.869
Epoch: [2/4], Batch: 3020/9482, Loss: 1739.619, Trans_L2_m: 2.807, Yaw_err_deg: 6.569
Epoch: [2/4], Batch: 3030/9482, Loss: 1721.922, Trans_L2_m: 1.309, Yaw_err_deg: 6.282
Epoch: [2/4], Batch: 3040/9482, Loss: 1163.222, Trans_L2_m: 0.883, Yaw_err_deg: 6.468
Epoch: [2/4], Batch: 3050/9482, Loss: 1571.653, Trans_L2_m: 1.396, Yaw_err_deg: 5.734
Epoch: [2/4], Batch: 3060/9482, Loss: 2346.936, Trans_L2_m: 0.969, Yaw_err_deg: 7.708
Epoch: [2/4], Batch: 3070/9482, Loss: 3117.698, Trans_L2_m: 2.061, Yaw_err_deg: 8.470
Epoch: [2/4], Batch: 3080/9482, Loss: 3218.556, Trans_L2_m: 0.480, Yaw_err_deg: 9.515
Epoch: [2/4], Batch: 3090/9482, Loss: 1864.702, Trans_L2_m: 0.963, Yaw_err_deg: 6.831
Epoch: [2/4], Batch: 3100/9482, Loss: 3234.870, Trans_L2_m: 1.088, Yaw_err_deg: 9.543
Epoch: [2/4], Batch: 3110/9482, Loss: 3391.904, Trans_L2_m: 1.139, Yaw_err_deg: 9.104
Epoch: [2/4], Batch: 3120/9482, Loss: 4056.519, Trans_L2_m: 0.891, Yaw_err_deg: 10.553
Epoch: [2/4], Batch: 3130/9482, Loss: 3236.864, Trans_L2_m: 1.287, Yaw_err_deg: 7.876
Epoch: [2/4], Batch: 3140/9482, Loss: 3705.217, Trans_L2_m: 1.197, Yaw_err_deg: 10.729
Epoch: [2/4], Batch: 3150/9482, Loss: 1802.824, Trans_L2_m: 0.890, Yaw_err_deg: 7.635
Epoch: [2/4], Batch: 3160/9482, Loss: 4820.473, Trans_L2_m: 1.193, Yaw_err_deg: 11.592
Epoch: [2/4], Batch: 3170/9482, Loss: 744.770, Trans_L2_m: 1.572, Yaw_err_deg: 4.154
Epoch: [2/4], Batch: 3180/9482, Loss: 2706.712, Trans_L2_m: 1.229, Yaw_err_deg: 9.337
Epoch: [2/4], Batch: 3190/9482, Loss: 360.165, Trans_L2_m: 1.332, Yaw_err_deg: 2.468
Epoch: [2/4], Batch: 3200/9482, Loss: 1663.469, Trans_L2_m: 0.802, Yaw_err_deg: 6.640
Epoch: [2/4], Batch: 3210/9482, Loss: 1633.708, Trans_L2_m: 0.893, Yaw_err_deg: 7.207
Epoch: [2/4], Batch: 3220/9482, Loss: 2746.737, Trans_L2_m: 1.528, Yaw_err_deg: 9.057
Epoch: [2/4], Batch: 3230/9482, Loss: 2080.669, Trans_L2_m: 1.201, Yaw_err_deg: 7.151
Epoch: [2/4], Batch: 3240/9482, Loss: 4726.419, Trans_L2_m: 1.523, Yaw_err_deg: 12.533
Epoch: [2/4], Batch: 3250/9482, Loss: 3258.126, Trans_L2_m: 1.394, Yaw_err_deg: 10.096
Epoch: [2/4], Batch: 3260/9482, Loss: 2587.891, Trans_L2_m: 2.298, Yaw_err_deg: 7.805
Epoch: [2/4], Batch: 3270/9482, Loss: 3053.321, Trans_L2_m: 1.124, Yaw_err_deg: 9.323
Epoch: [2/4], Batch: 3280/9482, Loss: 1568.553, Trans_L2_m: 2.262, Yaw_err_deg: 6.570
Epoch: [2/4], Batch: 3290/9482, Loss: 2767.255, Trans_L2_m: 0.890, Yaw_err_deg: 9.415
Epoch: [2/4], Batch: 3300/9482, Loss: 2715.377, Trans_L2_m: 0.839, Yaw_err_deg: 9.590
Epoch: [2/4], Batch: 3310/9482, Loss: 3219.925, Trans_L2_m: 2.138, Yaw_err_deg: 9.967
Epoch: [2/4], Batch: 3320/9482, Loss: 1349.612, Trans_L2_m: 1.611, Yaw_err_deg: 6.040
Epoch: [2/4], Batch: 3330/9482, Loss: 3606.712, Trans_L2_m: 1.828, Yaw_err_deg: 9.246
Epoch: [2/4], Batch: 3340/9482, Loss: 2891.558, Trans_L2_m: 1.451, Yaw_err_deg: 9.804
Epoch: [2/4], Batch: 3350/9482, Loss: 818.843, Trans_L2_m: 1.129, Yaw_err_deg: 5.292
Epoch: [2/4], Batch: 3360/9482, Loss: 2703.745, Trans_L2_m: 0.979, Yaw_err_deg: 8.253
Epoch: [2/4], Batch: 3370/9482, Loss: 5012.562, Trans_L2_m: 0.940, Yaw_err_deg: 13.518
Epoch: [2/4], Batch: 3380/9482, Loss: 4285.791, Trans_L2_m: 1.252, Yaw_err_deg: 8.988
Epoch: [2/4], Batch: 3390/9482, Loss: 2444.389, Trans_L2_m: 0.876, Yaw_err_deg: 8.576
Epoch: [2/4], Batch: 3400/9482, Loss: 1406.492, Trans_L2_m: 1.335, Yaw_err_deg: 5.146
Epoch: [2/4], Batch: 3410/9482, Loss: 2739.596, Trans_L2_m: 2.122, Yaw_err_deg: 8.332
Epoch: [2/4], Batch: 3420/9482, Loss: 1356.417, Trans_L2_m: 0.956, Yaw_err_deg: 5.721
Epoch: [2/4], Batch: 3430/9482, Loss: 3457.475, Trans_L2_m: 0.906, Yaw_err_deg: 10.610
Epoch: [2/4], Batch: 3440/9482, Loss: 5814.045, Trans_L2_m: 1.058, Yaw_err_deg: 14.189
Epoch: [2/4], Batch: 3450/9482, Loss: 3146.658, Trans_L2_m: 0.926, Yaw_err_deg: 10.028
Epoch: [2/4], Batch: 3460/9482, Loss: 3959.178, Trans_L2_m: 1.190, Yaw_err_deg: 12.375
Epoch: [2/4], Batch: 3470/9482, Loss: 2599.978, Trans_L2_m: 2.169, Yaw_err_deg: 8.461
Epoch: [2/4], Batch: 3480/9482, Loss: 2649.514, Trans_L2_m: 0.951, Yaw_err_deg: 8.831
Epoch: [2/4], Batch: 3490/9482, Loss: 3215.630, Trans_L2_m: 1.239, Yaw_err_deg: 10.514
Epoch: [2/4], Batch: 3500/9482, Loss: 5942.555, Trans_L2_m: 1.086, Yaw_err_deg: 13.155
Epoch: [2/4], Batch: 3510/9482, Loss: 3443.842, Trans_L2_m: 2.015, Yaw_err_deg: 9.853
Epoch: [2/4], Batch: 3520/9482, Loss: 5843.925, Trans_L2_m: 1.436, Yaw_err_deg: 14.273
Epoch: [2/4], Batch: 3530/9482, Loss: 2970.606, Trans_L2_m: 1.274, Yaw_err_deg: 9.739
Epoch: [2/4], Batch: 3540/9482, Loss: 2994.809, Trans_L2_m: 2.012, Yaw_err_deg: 9.822
Epoch: [2/4], Batch: 3550/9482, Loss: 6027.477, Trans_L2_m: 1.135, Yaw_err_deg: 12.618
Epoch: [2/4], Batch: 3560/9482, Loss: 5026.387, Trans_L2_m: 1.646, Yaw_err_deg: 12.436
Epoch: [2/4], Batch: 3570/9482, Loss: 2651.754, Trans_L2_m: 1.808, Yaw_err_deg: 9.045
Epoch: [2/4], Batch: 3580/9482, Loss: 4120.063, Trans_L2_m: 1.223, Yaw_err_deg: 10.828
Epoch: [2/4], Batch: 3590/9482, Loss: 3265.147, Trans_L2_m: 1.283, Yaw_err_deg: 10.242
Epoch: [2/4], Batch: 3600/9482, Loss: 2933.090, Trans_L2_m: 2.232, Yaw_err_deg: 8.872
Epoch: [2/4], Batch: 3610/9482, Loss: 2816.547, Trans_L2_m: 1.860, Yaw_err_deg: 9.541
Epoch: [2/4], Batch: 3620/9482, Loss: 3485.367, Trans_L2_m: 2.153, Yaw_err_deg: 9.749
Epoch: [2/4], Batch: 3630/9482, Loss: 3679.190, Trans_L2_m: 0.901, Yaw_err_deg: 11.319
Epoch: [2/4], Batch: 3640/9482, Loss: 739.858, Trans_L2_m: 1.099, Yaw_err_deg: 4.448
Epoch: [2/4], Batch: 3650/9482, Loss: 1847.046, Trans_L2_m: 1.986, Yaw_err_deg: 6.088
Epoch: [2/4], Batch: 3660/9482, Loss: 3681.779, Trans_L2_m: 1.361, Yaw_err_deg: 10.556
Epoch: [2/4], Batch: 3670/9482, Loss: 270.742, Trans_L2_m: 1.450, Yaw_err_deg: 2.165
Epoch: [2/4], Batch: 3680/9482, Loss: 5194.442, Trans_L2_m: 1.639, Yaw_err_deg: 13.982
Epoch: [2/4], Batch: 3690/9482, Loss: 552.231, Trans_L2_m: 1.380, Yaw_err_deg: 3.535
Epoch: [2/4], Batch: 3700/9482, Loss: 3484.085, Trans_L2_m: 0.988, Yaw_err_deg: 11.008
Epoch: [2/4], Batch: 3710/9482, Loss: 1075.862, Trans_L2_m: 1.137, Yaw_err_deg: 5.693
Epoch: [2/4], Batch: 3720/9482, Loss: 3704.230, Trans_L2_m: 2.107, Yaw_err_deg: 8.904
Epoch: [2/4], Batch: 3730/9482, Loss: 3331.003, Trans_L2_m: 1.754, Yaw_err_deg: 10.394
Epoch: [2/4], Batch: 3740/9482, Loss: 1872.245, Trans_L2_m: 1.333, Yaw_err_deg: 6.933
Epoch: [2/4], Batch: 3750/9482, Loss: 2617.151, Trans_L2_m: 1.585, Yaw_err_deg: 8.122
Epoch: [2/4], Batch: 3760/9482, Loss: 2482.197, Trans_L2_m: 0.859, Yaw_err_deg: 7.552
Epoch: [2/4], Batch: 3770/9482, Loss: 3467.412, Trans_L2_m: 1.646, Yaw_err_deg: 9.207
Epoch: [2/4], Batch: 3780/9482, Loss: 3569.758, Trans_L2_m: 2.784, Yaw_err_deg: 10.598
Epoch: [2/4], Batch: 3790/9482, Loss: 3550.320, Trans_L2_m: 0.919, Yaw_err_deg: 10.061
Epoch: [2/4], Batch: 3800/9482, Loss: 3203.271, Trans_L2_m: 1.437, Yaw_err_deg: 10.685
Epoch: [2/4], Batch: 3810/9482, Loss: 6024.008, Trans_L2_m: 1.108, Yaw_err_deg: 14.400
Epoch: [2/4], Batch: 3820/9482, Loss: 4045.276, Trans_L2_m: 1.075, Yaw_err_deg: 11.296
Epoch: [2/4], Batch: 3830/9482, Loss: 3545.867, Trans_L2_m: 1.068, Yaw_err_deg: 9.645
Epoch: [2/4], Batch: 3840/9482, Loss: 3709.313, Trans_L2_m: 0.874, Yaw_err_deg: 10.617
Epoch: [2/4], Batch: 3850/9482, Loss: 4434.483, Trans_L2_m: 1.102, Yaw_err_deg: 11.210
Epoch: [2/4], Batch: 3860/9482, Loss: 2650.081, Trans_L2_m: 0.981, Yaw_err_deg: 7.893
Epoch: [2/4], Batch: 3870/9482, Loss: 3226.348, Trans_L2_m: 1.200, Yaw_err_deg: 10.469
Epoch: [2/4], Batch: 3880/9482, Loss: 710.585, Trans_L2_m: 1.458, Yaw_err_deg: 3.938
Epoch: [2/4], Batch: 3890/9482, Loss: 1806.133, Trans_L2_m: 1.064, Yaw_err_deg: 7.414
Epoch: [2/4], Batch: 3900/9482, Loss: 4800.861, Trans_L2_m: 2.081, Yaw_err_deg: 12.938
Epoch: [2/4], Batch: 3910/9482, Loss: 3886.997, Trans_L2_m: 2.483, Yaw_err_deg: 10.052
Epoch: [2/4], Batch: 3920/9482, Loss: 2193.622, Trans_L2_m: 1.636, Yaw_err_deg: 7.576
Epoch: [2/4], Batch: 3930/9482, Loss: 1661.776, Trans_L2_m: 1.202, Yaw_err_deg: 5.386
Epoch: [2/4], Batch: 3940/9482, Loss: 2510.282, Trans_L2_m: 0.701, Yaw_err_deg: 7.425
Epoch: [2/4], Batch: 3950/9482, Loss: 2655.531, Trans_L2_m: 1.332, Yaw_err_deg: 7.409
Epoch: [2/4], Batch: 3960/9482, Loss: 2960.360, Trans_L2_m: 1.127, Yaw_err_deg: 10.443
Epoch: [2/4], Batch: 3970/9482, Loss: 6551.793, Trans_L2_m: 2.098, Yaw_err_deg: 15.094
Epoch: [2/4], Batch: 3980/9482, Loss: 1515.371, Trans_L2_m: 1.650, Yaw_err_deg: 5.785
Epoch: [2/4], Batch: 3990/9482, Loss: 5185.283, Trans_L2_m: 1.235, Yaw_err_deg: 13.037
Epoch: [2/4], Batch: 4000/9482, Loss: 2453.401, Trans_L2_m: 1.654, Yaw_err_deg: 8.223
Epoch: [2/4], Batch: 4010/9482, Loss: 3899.170, Trans_L2_m: 2.417, Yaw_err_deg: 11.591
Epoch: [2/4], Batch: 4020/9482, Loss: 2028.502, Trans_L2_m: 2.160, Yaw_err_deg: 7.062
Epoch: [2/4], Batch: 4030/9482, Loss: 1616.666, Trans_L2_m: 1.173, Yaw_err_deg: 6.780
Epoch: [2/4], Batch: 4040/9482, Loss: 3905.169, Trans_L2_m: 0.939, Yaw_err_deg: 10.286
Epoch: [2/4], Batch: 4050/9482, Loss: 2094.461, Trans_L2_m: 0.911, Yaw_err_deg: 7.233
Epoch: [2/4], Batch: 4060/9482, Loss: 2095.443, Trans_L2_m: 1.062, Yaw_err_deg: 7.174
Epoch: [2/4], Batch: 4070/9482, Loss: 3218.694, Trans_L2_m: 1.790, Yaw_err_deg: 9.733
Epoch: [2/4], Batch: 4080/9482, Loss: 2795.601, Trans_L2_m: 1.364, Yaw_err_deg: 9.434
Epoch: [2/4], Batch: 4090/9482, Loss: 2602.053, Trans_L2_m: 1.342, Yaw_err_deg: 8.641
Epoch: [2/4], Batch: 4100/9482, Loss: 2571.970, Trans_L2_m: 1.266, Yaw_err_deg: 7.545
Epoch: [2/4], Batch: 4110/9482, Loss: 2392.824, Trans_L2_m: 2.082, Yaw_err_deg: 8.293
Epoch: [2/4], Batch: 4120/9482, Loss: 2830.425, Trans_L2_m: 1.608, Yaw_err_deg: 9.536
Epoch: [2/4], Batch: 4130/9482, Loss: 1789.680, Trans_L2_m: 1.631, Yaw_err_deg: 6.151
Epoch: [2/4], Batch: 4140/9482, Loss: 4342.464, Trans_L2_m: 1.003, Yaw_err_deg: 11.589
Epoch: [2/4], Batch: 4150/9482, Loss: 3932.029, Trans_L2_m: 1.770, Yaw_err_deg: 11.072
Epoch: [2/4], Batch: 4160/9482, Loss: 1997.919, Trans_L2_m: 0.781, Yaw_err_deg: 7.807
Epoch: [2/4], Batch: 4170/9482, Loss: 1450.737, Trans_L2_m: 1.190, Yaw_err_deg: 6.613
Epoch: [2/4], Batch: 4180/9482, Loss: 968.751, Trans_L2_m: 1.226, Yaw_err_deg: 5.264
Epoch: [2/4], Batch: 4190/9482, Loss: 1213.819, Trans_L2_m: 1.090, Yaw_err_deg: 5.775
Epoch: [2/4], Batch: 4200/9482, Loss: 2137.273, Trans_L2_m: 1.783, Yaw_err_deg: 7.731
Epoch: [2/4], Batch: 4210/9482, Loss: 6173.082, Trans_L2_m: 1.146, Yaw_err_deg: 13.241
Epoch: [2/4], Batch: 4220/9482, Loss: 2068.814, Trans_L2_m: 0.955, Yaw_err_deg: 7.251
Epoch: [2/4], Batch: 4230/9482, Loss: 1727.755, Trans_L2_m: 2.285, Yaw_err_deg: 5.021
Epoch: [2/4], Batch: 4240/9482, Loss: 5313.588, Trans_L2_m: 1.696, Yaw_err_deg: 11.761
Epoch: [2/4], Batch: 4250/9482, Loss: 3211.990, Trans_L2_m: 1.708, Yaw_err_deg: 8.877
Epoch: [2/4], Batch: 4260/9482, Loss: 2805.442, Trans_L2_m: 0.859, Yaw_err_deg: 8.569
Epoch: [2/4], Batch: 4270/9482, Loss: 3735.592, Trans_L2_m: 1.410, Yaw_err_deg: 10.419
Epoch: [2/4], Batch: 4280/9482, Loss: 3149.729, Trans_L2_m: 0.825, Yaw_err_deg: 9.670
Epoch: [2/4], Batch: 4290/9482, Loss: 3673.403, Trans_L2_m: 0.972, Yaw_err_deg: 10.351
Epoch: [2/4], Batch: 4300/9482, Loss: 5441.898, Trans_L2_m: 1.824, Yaw_err_deg: 13.056
Epoch: [2/4], Batch: 4310/9482, Loss: 2830.871, Trans_L2_m: 1.757, Yaw_err_deg: 10.017
Epoch: [2/4], Batch: 4320/9482, Loss: 1897.925, Trans_L2_m: 0.920, Yaw_err_deg: 7.444
Epoch: [2/4], Batch: 4330/9482, Loss: 1422.475, Trans_L2_m: 1.667, Yaw_err_deg: 6.008
Epoch: [2/4], Batch: 4340/9482, Loss: 3705.581, Trans_L2_m: 1.621, Yaw_err_deg: 10.620
Epoch: [2/4], Batch: 4350/9482, Loss: 3254.399, Trans_L2_m: 1.019, Yaw_err_deg: 10.099
Epoch: [2/4], Batch: 4360/9482, Loss: 4052.319, Trans_L2_m: 0.939, Yaw_err_deg: 11.468
Epoch: [2/4], Batch: 4370/9482, Loss: 5717.584, Trans_L2_m: 0.957, Yaw_err_deg: 13.490
Epoch: [2/4], Batch: 4380/9482, Loss: 2868.656, Trans_L2_m: 0.858, Yaw_err_deg: 8.459
Epoch: [2/4], Batch: 4390/9482, Loss: 3033.831, Trans_L2_m: 1.169, Yaw_err_deg: 8.815
Epoch: [2/4], Batch: 4400/9482, Loss: 2855.178, Trans_L2_m: 1.739, Yaw_err_deg: 9.955
Epoch: [2/4], Batch: 4410/9482, Loss: 2258.593, Trans_L2_m: 0.868, Yaw_err_deg: 6.982
Epoch: [2/4], Batch: 4420/9482, Loss: 4339.434, Trans_L2_m: 1.197, Yaw_err_deg: 10.517
Epoch: [2/4], Batch: 4430/9482, Loss: 2898.942, Trans_L2_m: 1.584, Yaw_err_deg: 8.787
Epoch: [2/4], Batch: 4440/9482, Loss: 4016.437, Trans_L2_m: 1.212, Yaw_err_deg: 11.203
Epoch: [2/4], Batch: 4450/9482, Loss: 3105.010, Trans_L2_m: 1.438, Yaw_err_deg: 8.969
Epoch: [2/4], Batch: 4460/9482, Loss: 6842.899, Trans_L2_m: 1.187, Yaw_err_deg: 15.371
Epoch: [2/4], Batch: 4470/9482, Loss: 3112.941, Trans_L2_m: 1.090, Yaw_err_deg: 9.862
Epoch: [2/4], Batch: 4480/9482, Loss: 3266.458, Trans_L2_m: 1.316, Yaw_err_deg: 9.695
Epoch: [2/4], Batch: 4490/9482, Loss: 833.607, Trans_L2_m: 1.735, Yaw_err_deg: 4.584
Epoch: [2/4], Batch: 4500/9482, Loss: 2340.237, Trans_L2_m: 1.237, Yaw_err_deg: 8.528
Epoch: [2/4], Batch: 4510/9482, Loss: 2838.337, Trans_L2_m: 1.513, Yaw_err_deg: 9.133
Epoch: [2/4], Batch: 4520/9482, Loss: 4073.105, Trans_L2_m: 1.275, Yaw_err_deg: 9.955
Epoch: [2/4], Batch: 4530/9482, Loss: 4328.302, Trans_L2_m: 1.363, Yaw_err_deg: 10.658
Epoch: [2/4], Batch: 4540/9482, Loss: 7325.503, Trans_L2_m: 1.863, Yaw_err_deg: 14.479
Epoch: [2/4], Batch: 4550/9482, Loss: 3725.619, Trans_L2_m: 1.363, Yaw_err_deg: 11.294
Epoch: [2/4], Batch: 4560/9482, Loss: 2083.859, Trans_L2_m: 0.925, Yaw_err_deg: 7.606
Epoch: [2/4], Batch: 4570/9482, Loss: 7199.078, Trans_L2_m: 1.122, Yaw_err_deg: 14.893
Epoch: [2/4], Batch: 4580/9482, Loss: 2635.764, Trans_L2_m: 1.423, Yaw_err_deg: 8.053
Epoch: [2/4], Batch: 4590/9482, Loss: 4056.060, Trans_L2_m: 1.446, Yaw_err_deg: 11.081
Epoch: [2/4], Batch: 4600/9482, Loss: 1946.073, Trans_L2_m: 1.995, Yaw_err_deg: 7.725
Epoch: [2/4], Batch: 4610/9482, Loss: 2316.453, Trans_L2_m: 1.595, Yaw_err_deg: 8.043
Epoch: [2/4], Batch: 4620/9482, Loss: 4765.089, Trans_L2_m: 1.640, Yaw_err_deg: 11.972
Epoch: [2/4], Batch: 4630/9482, Loss: 2906.168, Trans_L2_m: 1.197, Yaw_err_deg: 9.817
Epoch: [2/4], Batch: 4640/9482, Loss: 3606.184, Trans_L2_m: 3.812, Yaw_err_deg: 9.699
Epoch: [2/4], Batch: 4650/9482, Loss: 1841.685, Trans_L2_m: 2.186, Yaw_err_deg: 6.340
Epoch: [2/4], Batch: 4660/9482, Loss: 2467.886, Trans_L2_m: 0.988, Yaw_err_deg: 9.520
Epoch: [2/4], Batch: 4670/9482, Loss: 2931.517, Trans_L2_m: 1.254, Yaw_err_deg: 8.849
Epoch: [2/4], Batch: 4680/9482, Loss: 2512.948, Trans_L2_m: 1.565, Yaw_err_deg: 9.442
Epoch: [2/4], Batch: 4690/9482, Loss: 3870.862, Trans_L2_m: 1.507, Yaw_err_deg: 9.266
Epoch: [2/4], Batch: 4700/9482, Loss: 2130.530, Trans_L2_m: 1.669, Yaw_err_deg: 8.003
Epoch: [2/4], Batch: 4710/9482, Loss: 1954.214, Trans_L2_m: 1.278, Yaw_err_deg: 7.624
Epoch: [2/4], Batch: 4720/9482, Loss: 2473.181, Trans_L2_m: 1.771, Yaw_err_deg: 7.406
Epoch: [2/4], Batch: 4730/9482, Loss: 2452.116, Trans_L2_m: 0.916, Yaw_err_deg: 7.893
Epoch: [2/4], Batch: 4740/9482, Loss: 2984.209, Trans_L2_m: 1.131, Yaw_err_deg: 10.057
Epoch: [2/4], Batch: 4750/9482, Loss: 1250.798, Trans_L2_m: 0.935, Yaw_err_deg: 6.347
Epoch: [2/4], Batch: 4760/9482, Loss: 4459.541, Trans_L2_m: 1.434, Yaw_err_deg: 11.281
Epoch: [2/4], Batch: 4770/9482, Loss: 2344.091, Trans_L2_m: 1.561, Yaw_err_deg: 7.048
Epoch: [2/4], Batch: 4780/9482, Loss: 1031.152, Trans_L2_m: 0.827, Yaw_err_deg: 5.444
Epoch: [2/4], Batch: 4790/9482, Loss: 4903.639, Trans_L2_m: 1.192, Yaw_err_deg: 12.845
Epoch: [2/4], Batch: 4800/9482, Loss: 3798.321, Trans_L2_m: 1.938, Yaw_err_deg: 9.969
Epoch: [2/4], Batch: 4810/9482, Loss: 5922.457, Trans_L2_m: 1.445, Yaw_err_deg: 14.629
Epoch: [2/4], Batch: 4820/9482, Loss: 5742.356, Trans_L2_m: 1.180, Yaw_err_deg: 14.304
Epoch: [2/4], Batch: 4830/9482, Loss: 1777.635, Trans_L2_m: 1.578, Yaw_err_deg: 6.304
Epoch: [2/4], Batch: 4840/9482, Loss: 2875.271, Trans_L2_m: 1.132, Yaw_err_deg: 9.541
Epoch: [2/4], Batch: 4850/9482, Loss: 2723.073, Trans_L2_m: 1.303, Yaw_err_deg: 8.104
Epoch: [2/4], Batch: 4860/9482, Loss: 811.045, Trans_L2_m: 1.824, Yaw_err_deg: 4.875
Epoch: [2/4], Batch: 4870/9482, Loss: 2740.500, Trans_L2_m: 2.110, Yaw_err_deg: 8.211
Epoch: [2/4], Batch: 4880/9482, Loss: 1150.119, Trans_L2_m: 1.417, Yaw_err_deg: 4.388
Epoch: [2/4], Batch: 4890/9482, Loss: 3145.199, Trans_L2_m: 2.056, Yaw_err_deg: 9.950
Epoch: [2/4], Batch: 4900/9482, Loss: 1943.939, Trans_L2_m: 1.389, Yaw_err_deg: 7.146
Epoch: [2/4], Batch: 4910/9482, Loss: 771.584, Trans_L2_m: 0.821, Yaw_err_deg: 3.941
Epoch: [2/4], Batch: 4920/9482, Loss: 5182.232, Trans_L2_m: 1.185, Yaw_err_deg: 11.353
Epoch: [2/4], Batch: 4930/9482, Loss: 3204.975, Trans_L2_m: 1.702, Yaw_err_deg: 8.948
Epoch: [2/4], Batch: 4940/9482, Loss: 934.053, Trans_L2_m: 1.763, Yaw_err_deg: 4.121
Epoch: [2/4], Batch: 4950/9482, Loss: 2949.846, Trans_L2_m: 1.245, Yaw_err_deg: 10.272
Epoch: [2/4], Batch: 4960/9482, Loss: 1426.025, Trans_L2_m: 1.486, Yaw_err_deg: 6.607
Epoch: [2/4], Batch: 4970/9482, Loss: 1413.866, Trans_L2_m: 1.758, Yaw_err_deg: 6.849
Epoch: [2/4], Batch: 4980/9482, Loss: 2211.951, Trans_L2_m: 1.411, Yaw_err_deg: 8.625
Epoch: [2/4], Batch: 4990/9482, Loss: 1671.801, Trans_L2_m: 1.248, Yaw_err_deg: 6.592
Epoch: [2/4], Batch: 5000/9482, Loss: 3214.056, Trans_L2_m: 1.659, Yaw_err_deg: 9.550
Epoch: [2/4], Batch: 5010/9482, Loss: 911.725, Trans_L2_m: 0.912, Yaw_err_deg: 3.783
Epoch: [2/4], Batch: 5020/9482, Loss: 2017.518, Trans_L2_m: 1.158, Yaw_err_deg: 7.206
Epoch: [2/4], Batch: 5030/9482, Loss: 1712.265, Trans_L2_m: 1.203, Yaw_err_deg: 5.393
Epoch: [2/4], Batch: 5040/9482, Loss: 1303.377, Trans_L2_m: 1.650, Yaw_err_deg: 5.630
Epoch: [2/4], Batch: 5050/9482, Loss: 5126.070, Trans_L2_m: 4.679, Yaw_err_deg: 9.202
Epoch: [2/4], Batch: 5060/9482, Loss: 2503.530, Trans_L2_m: 1.409, Yaw_err_deg: 6.366
Epoch: [2/4], Batch: 5070/9482, Loss: 1719.827, Trans_L2_m: 1.097, Yaw_err_deg: 6.133
Epoch: [2/4], Batch: 5080/9482, Loss: 2374.018, Trans_L2_m: 2.654, Yaw_err_deg: 8.654
Epoch: [2/4], Batch: 5090/9482, Loss: 3294.613, Trans_L2_m: 1.863, Yaw_err_deg: 8.079
Epoch: [2/4], Batch: 5100/9482, Loss: 3924.408, Trans_L2_m: 3.642, Yaw_err_deg: 10.570
Epoch: [2/4], Batch: 5110/9482, Loss: 2012.587, Trans_L2_m: 1.628, Yaw_err_deg: 6.868
Epoch: [2/4], Batch: 5120/9482, Loss: 1482.272, Trans_L2_m: 1.538, Yaw_err_deg: 6.470
Epoch: [2/4], Batch: 5130/9482, Loss: 3771.418, Trans_L2_m: 1.252, Yaw_err_deg: 11.236
Epoch: [2/4], Batch: 5140/9482, Loss: 736.703, Trans_L2_m: 1.662, Yaw_err_deg: 3.428
Epoch: [2/4], Batch: 5150/9482, Loss: 1835.692, Trans_L2_m: 2.056, Yaw_err_deg: 5.894
Epoch: [2/4], Batch: 5160/9482, Loss: 2105.533, Trans_L2_m: 1.809, Yaw_err_deg: 7.766
Epoch: [2/4], Batch: 5170/9482, Loss: 1732.463, Trans_L2_m: 2.766, Yaw_err_deg: 5.826
Epoch: [2/4], Batch: 5180/9482, Loss: 3257.155, Trans_L2_m: 1.014, Yaw_err_deg: 9.675
Epoch: [2/4], Batch: 5190/9482, Loss: 1007.383, Trans_L2_m: 1.829, Yaw_err_deg: 5.140
Epoch: [2/4], Batch: 5200/9482, Loss: 2821.731, Trans_L2_m: 0.941, Yaw_err_deg: 9.946
Epoch: [2/4], Batch: 5210/9482, Loss: 3555.592, Trans_L2_m: 1.096, Yaw_err_deg: 11.401
Epoch: [2/4], Batch: 5220/9482, Loss: 3541.114, Trans_L2_m: 1.484, Yaw_err_deg: 10.720
Epoch: [2/4], Batch: 5230/9482, Loss: 5541.481, Trans_L2_m: 1.346, Yaw_err_deg: 12.542
Epoch: [2/4], Batch: 5240/9482, Loss: 3740.139, Trans_L2_m: 1.228, Yaw_err_deg: 9.843
Epoch: [2/4], Batch: 5250/9482, Loss: 3819.401, Trans_L2_m: 0.772, Yaw_err_deg: 10.795
Epoch: [2/4], Batch: 5260/9482, Loss: 1859.684, Trans_L2_m: 1.474, Yaw_err_deg: 5.783
Epoch: [2/4], Batch: 5270/9482, Loss: 2655.841, Trans_L2_m: 1.595, Yaw_err_deg: 8.096
Epoch: [2/4], Batch: 5280/9482, Loss: 3191.802, Trans_L2_m: 2.541, Yaw_err_deg: 8.484
Epoch: [2/4], Batch: 5290/9482, Loss: 776.172, Trans_L2_m: 1.298, Yaw_err_deg: 4.345
Epoch: [2/4], Batch: 5300/9482, Loss: 1069.202, Trans_L2_m: 1.739, Yaw_err_deg: 4.800
Epoch: [2/4], Batch: 5310/9482, Loss: 2889.393, Trans_L2_m: 2.072, Yaw_err_deg: 8.153
Epoch: [2/4], Batch: 5320/9482, Loss: 2509.672, Trans_L2_m: 1.287, Yaw_err_deg: 6.538
Epoch: [2/4], Batch: 5330/9482, Loss: 2697.698, Trans_L2_m: 1.007, Yaw_err_deg: 8.858
Epoch: [2/4], Batch: 5340/9482, Loss: 1127.862, Trans_L2_m: 1.453, Yaw_err_deg: 4.817
Epoch: [2/4], Batch: 5350/9482, Loss: 7748.580, Trans_L2_m: 1.357, Yaw_err_deg: 16.120
Epoch: [2/4], Batch: 5360/9482, Loss: 1888.961, Trans_L2_m: 1.033, Yaw_err_deg: 7.376
Epoch: [2/4], Batch: 5370/9482, Loss: 9262.904, Trans_L2_m: 2.392, Yaw_err_deg: 19.133
Epoch: [2/4], Batch: 5380/9482, Loss: 1377.115, Trans_L2_m: 1.245, Yaw_err_deg: 5.392
Epoch: [2/4], Batch: 5390/9482, Loss: 5425.693, Trans_L2_m: 1.624, Yaw_err_deg: 13.851
Epoch: [2/4], Batch: 5400/9482, Loss: 5137.190, Trans_L2_m: 1.577, Yaw_err_deg: 13.396
Epoch: [2/4], Batch: 5410/9482, Loss: 889.396, Trans_L2_m: 1.211, Yaw_err_deg: 5.040
Epoch: [2/4], Batch: 5420/9482, Loss: 1691.299, Trans_L2_m: 1.075, Yaw_err_deg: 7.375
Epoch: [2/4], Batch: 5430/9482, Loss: 1781.669, Trans_L2_m: 2.653, Yaw_err_deg: 5.814
Epoch: [2/4], Batch: 5440/9482, Loss: 3684.325, Trans_L2_m: 1.340, Yaw_err_deg: 9.283
Epoch: [2/4], Batch: 5450/9482, Loss: 1391.734, Trans_L2_m: 1.250, Yaw_err_deg: 6.425
Epoch: [2/4], Batch: 5460/9482, Loss: 1704.796, Trans_L2_m: 1.684, Yaw_err_deg: 7.215
Epoch: [2/4], Batch: 5470/9482, Loss: 3243.846, Trans_L2_m: 1.685, Yaw_err_deg: 9.252
Epoch: [2/4], Batch: 5480/9482, Loss: 1509.605, Trans_L2_m: 1.459, Yaw_err_deg: 7.056
Epoch: [2/4], Batch: 5490/9482, Loss: 2255.930, Trans_L2_m: 1.992, Yaw_err_deg: 7.871
Epoch: [2/4], Batch: 5500/9482, Loss: 6580.467, Trans_L2_m: 1.542, Yaw_err_deg: 14.399
Epoch: [2/4], Batch: 5510/9482, Loss: 6179.094, Trans_L2_m: 1.220, Yaw_err_deg: 14.012
Epoch: [2/4], Batch: 5520/9482, Loss: 4036.056, Trans_L2_m: 1.669, Yaw_err_deg: 11.497
Epoch: [2/4], Batch: 5530/9482, Loss: 3942.705, Trans_L2_m: 0.982, Yaw_err_deg: 9.742
Epoch: [2/4], Batch: 5540/9482, Loss: 1249.901, Trans_L2_m: 2.064, Yaw_err_deg: 5.457
Epoch: [2/4], Batch: 5550/9482, Loss: 1467.870, Trans_L2_m: 1.636, Yaw_err_deg: 5.936
Epoch: [2/4], Batch: 5560/9482, Loss: 1622.043, Trans_L2_m: 1.687, Yaw_err_deg: 7.027
Epoch: [2/4], Batch: 5570/9482, Loss: 2841.619, Trans_L2_m: 1.364, Yaw_err_deg: 9.641
Epoch: [2/4], Batch: 5580/9482, Loss: 1410.062, Trans_L2_m: 1.845, Yaw_err_deg: 6.039
Epoch: [2/4], Batch: 5590/9482, Loss: 888.807, Trans_L2_m: 1.284, Yaw_err_deg: 5.100
Epoch: [2/4], Batch: 5600/9482, Loss: 4990.538, Trans_L2_m: 0.973, Yaw_err_deg: 11.869
Epoch: [2/4], Batch: 5610/9482, Loss: 5902.089, Trans_L2_m: 1.686, Yaw_err_deg: 13.535
Epoch: [2/4], Batch: 5620/9482, Loss: 3571.439, Trans_L2_m: 1.221, Yaw_err_deg: 10.002
Epoch: [2/4], Batch: 5630/9482, Loss: 3445.522, Trans_L2_m: 1.311, Yaw_err_deg: 10.874
Epoch: [2/4], Batch: 5640/9482, Loss: 3601.797, Trans_L2_m: 1.221, Yaw_err_deg: 10.967
Epoch: [2/4], Batch: 5650/9482, Loss: 2020.151, Trans_L2_m: 1.310, Yaw_err_deg: 7.589
Epoch: [2/4], Batch: 5660/9482, Loss: 2178.790, Trans_L2_m: 0.962, Yaw_err_deg: 8.591
Epoch: [2/4], Batch: 5670/9482, Loss: 1660.998, Trans_L2_m: 0.911, Yaw_err_deg: 7.064
Epoch: [2/4], Batch: 5680/9482, Loss: 1284.032, Trans_L2_m: 1.600, Yaw_err_deg: 6.891
Epoch: [2/4], Batch: 5690/9482, Loss: 4280.645, Trans_L2_m: 2.461, Yaw_err_deg: 11.664
Epoch: [2/4], Batch: 5700/9482, Loss: 1582.486, Trans_L2_m: 1.005, Yaw_err_deg: 6.487
Epoch: [2/4], Batch: 5710/9482, Loss: 5727.540, Trans_L2_m: 1.707, Yaw_err_deg: 12.215
Epoch: [2/4], Batch: 5720/9482, Loss: 1784.854, Trans_L2_m: 0.969, Yaw_err_deg: 7.002
Epoch: [2/4], Batch: 5730/9482, Loss: 2328.485, Trans_L2_m: 1.263, Yaw_err_deg: 7.858
Epoch: [2/4], Batch: 5740/9482, Loss: 4095.408, Trans_L2_m: 2.817, Yaw_err_deg: 10.419
Epoch: [2/4], Batch: 5750/9482, Loss: 982.035, Trans_L2_m: 1.229, Yaw_err_deg: 4.666
Epoch: [2/4], Batch: 5760/9482, Loss: 4497.627, Trans_L2_m: 2.865, Yaw_err_deg: 10.966
Epoch: [2/4], Batch: 5770/9482, Loss: 4512.324, Trans_L2_m: 0.902, Yaw_err_deg: 11.309
Epoch: [2/4], Batch: 5780/9482, Loss: 1968.059, Trans_L2_m: 1.377, Yaw_err_deg: 7.039
Epoch: [2/4], Batch: 5790/9482, Loss: 1366.724, Trans_L2_m: 2.088, Yaw_err_deg: 6.225
Epoch: [2/4], Batch: 5800/9482, Loss: 1754.361, Trans_L2_m: 0.840, Yaw_err_deg: 7.340
Epoch: [2/4], Batch: 5810/9482, Loss: 4658.696, Trans_L2_m: 1.778, Yaw_err_deg: 11.633
Epoch: [2/4], Batch: 5820/9482, Loss: 1539.754, Trans_L2_m: 1.160, Yaw_err_deg: 5.721
Epoch: [2/4], Batch: 5830/9482, Loss: 3362.937, Trans_L2_m: 1.695, Yaw_err_deg: 9.775
Epoch: [2/4], Batch: 5840/9482, Loss: 2755.013, Trans_L2_m: 0.895, Yaw_err_deg: 8.997
Epoch: [2/4], Batch: 5850/9482, Loss: 698.718, Trans_L2_m: 2.340, Yaw_err_deg: 3.652
Epoch: [2/4], Batch: 5860/9482, Loss: 2489.825, Trans_L2_m: 1.068, Yaw_err_deg: 8.227
Epoch: [2/4], Batch: 5870/9482, Loss: 3925.566, Trans_L2_m: 0.602, Yaw_err_deg: 10.594
Epoch: [2/4], Batch: 5880/9482, Loss: 3463.658, Trans_L2_m: 1.334, Yaw_err_deg: 9.180
Epoch: [2/4], Batch: 5890/9482, Loss: 1821.956, Trans_L2_m: 1.552, Yaw_err_deg: 6.958
Epoch: [2/4], Batch: 5900/9482, Loss: 1594.795, Trans_L2_m: 1.171, Yaw_err_deg: 6.912
Epoch: [2/4], Batch: 5910/9482, Loss: 3538.582, Trans_L2_m: 1.369, Yaw_err_deg: 9.839
Epoch: [2/4], Batch: 5920/9482, Loss: 2162.680, Trans_L2_m: 1.192, Yaw_err_deg: 7.209
Epoch: [2/4], Batch: 5930/9482, Loss: 3939.217, Trans_L2_m: 1.661, Yaw_err_deg: 12.005
Epoch: [2/4], Batch: 5940/9482, Loss: 3532.897, Trans_L2_m: 1.507, Yaw_err_deg: 10.134
Epoch: [2/4], Batch: 5950/9482, Loss: 6217.892, Trans_L2_m: 1.046, Yaw_err_deg: 13.141
Epoch: [2/4], Batch: 5960/9482, Loss: 3287.880, Trans_L2_m: 0.899, Yaw_err_deg: 9.731
Epoch: [2/4], Batch: 5970/9482, Loss: 6158.947, Trans_L2_m: 0.854, Yaw_err_deg: 14.417
Epoch: [2/4], Batch: 5980/9482, Loss: 4311.829, Trans_L2_m: 1.287, Yaw_err_deg: 11.058
Epoch: [2/4], Batch: 5990/9482, Loss: 3421.388, Trans_L2_m: 2.908, Yaw_err_deg: 10.707
Epoch: [2/4], Batch: 6000/9482, Loss: 1664.386, Trans_L2_m: 1.388, Yaw_err_deg: 8.094
Epoch: [2/4], Batch: 6010/9482, Loss: 3110.856, Trans_L2_m: 1.060, Yaw_err_deg: 9.923
Epoch: [2/4], Batch: 6020/9482, Loss: 1356.737, Trans_L2_m: 1.289, Yaw_err_deg: 5.586
Epoch: [2/4], Batch: 6030/9482, Loss: 2882.544, Trans_L2_m: 1.010, Yaw_err_deg: 8.234
Epoch: [2/4], Batch: 6040/9482, Loss: 1516.140, Trans_L2_m: 1.204, Yaw_err_deg: 6.074
Epoch: [2/4], Batch: 6050/9482, Loss: 2608.996, Trans_L2_m: 0.863, Yaw_err_deg: 8.294
Epoch: [2/4], Batch: 6060/9482, Loss: 2817.529, Trans_L2_m: 1.250, Yaw_err_deg: 7.730
Epoch: [2/4], Batch: 6070/9482, Loss: 2692.303, Trans_L2_m: 0.855, Yaw_err_deg: 8.322
Epoch: [2/4], Batch: 6080/9482, Loss: 4263.014, Trans_L2_m: 1.389, Yaw_err_deg: 11.366
Epoch: [2/4], Batch: 6090/9482, Loss: 2618.639, Trans_L2_m: 1.316, Yaw_err_deg: 6.911
Epoch: [2/4], Batch: 6100/9482, Loss: 3010.812, Trans_L2_m: 2.857, Yaw_err_deg: 8.568
Epoch: [2/4], Batch: 6110/9482, Loss: 5196.788, Trans_L2_m: 2.198, Yaw_err_deg: 13.350
Epoch: [2/4], Batch: 6120/9482, Loss: 715.072, Trans_L2_m: 1.290, Yaw_err_deg: 4.484
Epoch: [2/4], Batch: 6130/9482, Loss: 3797.557, Trans_L2_m: 0.921, Yaw_err_deg: 11.304
Epoch: [2/4], Batch: 6140/9482, Loss: 1906.773, Trans_L2_m: 1.500, Yaw_err_deg: 7.430
Epoch: [2/4], Batch: 6150/9482, Loss: 2541.814, Trans_L2_m: 1.629, Yaw_err_deg: 8.276
Epoch: [2/4], Batch: 6160/9482, Loss: 2886.995, Trans_L2_m: 0.722, Yaw_err_deg: 9.394
Epoch: [2/4], Batch: 6170/9482, Loss: 887.077, Trans_L2_m: 1.238, Yaw_err_deg: 4.687
Epoch: [2/4], Batch: 6180/9482, Loss: 1270.655, Trans_L2_m: 1.456, Yaw_err_deg: 4.448
Epoch: [2/4], Batch: 6190/9482, Loss: 2382.912, Trans_L2_m: 1.459, Yaw_err_deg: 8.230
Epoch: [2/4], Batch: 6200/9482, Loss: 3056.925, Trans_L2_m: 0.702, Yaw_err_deg: 8.408
Epoch: [2/4], Batch: 6210/9482, Loss: 5305.579, Trans_L2_m: 1.119, Yaw_err_deg: 12.626
Epoch: [2/4], Batch: 6220/9482, Loss: 4607.033, Trans_L2_m: 1.312, Yaw_err_deg: 11.050
Epoch: [2/4], Batch: 6230/9482, Loss: 2858.333, Trans_L2_m: 1.112, Yaw_err_deg: 10.155
Epoch: [2/4], Batch: 6240/9482, Loss: 1714.198, Trans_L2_m: 0.853, Yaw_err_deg: 6.826
Epoch: [2/4], Batch: 6250/9482, Loss: 2547.361, Trans_L2_m: 1.025, Yaw_err_deg: 8.269
Epoch: [2/4], Batch: 6260/9482, Loss: 3181.393, Trans_L2_m: 0.693, Yaw_err_deg: 9.997
Epoch: [2/4], Batch: 6270/9482, Loss: 2837.133, Trans_L2_m: 1.177, Yaw_err_deg: 9.385
Epoch: [2/4], Batch: 6280/9482, Loss: 1063.562, Trans_L2_m: 1.214, Yaw_err_deg: 5.479
Epoch: [2/4], Batch: 6290/9482, Loss: 2803.614, Trans_L2_m: 0.799, Yaw_err_deg: 9.113
Epoch: [2/4], Batch: 6300/9482, Loss: 2214.468, Trans_L2_m: 1.356, Yaw_err_deg: 8.089
Epoch: [2/4], Batch: 6310/9482, Loss: 4611.161, Trans_L2_m: 1.275, Yaw_err_deg: 12.393
Epoch: [2/4], Batch: 6320/9482, Loss: 585.762, Trans_L2_m: 1.169, Yaw_err_deg: 3.682
Epoch: [2/4], Batch: 6330/9482, Loss: 2493.978, Trans_L2_m: 1.554, Yaw_err_deg: 9.077
Epoch: [2/4], Batch: 6340/9482, Loss: 1525.734, Trans_L2_m: 0.820, Yaw_err_deg: 6.572
Epoch: [2/4], Batch: 6350/9482, Loss: 1404.093, Trans_L2_m: 0.957, Yaw_err_deg: 6.711
Epoch: [2/4], Batch: 6360/9482, Loss: 6100.689, Trans_L2_m: 1.533, Yaw_err_deg: 12.668
Epoch: [2/4], Batch: 6370/9482, Loss: 2420.422, Trans_L2_m: 1.269, Yaw_err_deg: 8.582
Epoch: [2/4], Batch: 6380/9482, Loss: 1964.157, Trans_L2_m: 1.458, Yaw_err_deg: 7.747
Epoch: [2/4], Batch: 6390/9482, Loss: 3246.079, Trans_L2_m: 1.024, Yaw_err_deg: 7.263
Epoch: [2/4], Batch: 6400/9482, Loss: 651.523, Trans_L2_m: 1.308, Yaw_err_deg: 3.712
Epoch: [2/4], Batch: 6410/9482, Loss: 2799.600, Trans_L2_m: 0.967, Yaw_err_deg: 8.931
Epoch: [2/4], Batch: 6420/9482, Loss: 2445.767, Trans_L2_m: 1.354, Yaw_err_deg: 7.219
Epoch: [2/4], Batch: 6430/9482, Loss: 4155.552, Trans_L2_m: 1.530, Yaw_err_deg: 10.639
Epoch: [2/4], Batch: 6440/9482, Loss: 1851.323, Trans_L2_m: 1.173, Yaw_err_deg: 7.040
Epoch: [2/4], Batch: 6450/9482, Loss: 2047.018, Trans_L2_m: 1.515, Yaw_err_deg: 6.755
Epoch: [2/4], Batch: 6460/9482, Loss: 3875.669, Trans_L2_m: 1.667, Yaw_err_deg: 10.660
Epoch: [2/4], Batch: 6470/9482, Loss: 1104.320, Trans_L2_m: 1.195, Yaw_err_deg: 5.540
Epoch: [2/4], Batch: 6480/9482, Loss: 2201.507, Trans_L2_m: 1.382, Yaw_err_deg: 8.466
Epoch: [2/4], Batch: 6490/9482, Loss: 3091.285, Trans_L2_m: 1.472, Yaw_err_deg: 10.473
Epoch: [2/4], Batch: 6500/9482, Loss: 703.445, Trans_L2_m: 0.920, Yaw_err_deg: 4.794
Epoch: [2/4], Batch: 6510/9482, Loss: 2121.476, Trans_L2_m: 1.554, Yaw_err_deg: 7.221
Epoch: [2/4], Batch: 6520/9482, Loss: 3837.680, Trans_L2_m: 0.753, Yaw_err_deg: 10.554
Epoch: [2/4], Batch: 6530/9482, Loss: 4323.639, Trans_L2_m: 0.878, Yaw_err_deg: 9.301
Epoch: [2/4], Batch: 6540/9482, Loss: 2090.016, Trans_L2_m: 1.808, Yaw_err_deg: 7.117
Epoch: [2/4], Batch: 6550/9482, Loss: 2289.269, Trans_L2_m: 1.238, Yaw_err_deg: 7.541
Epoch: [2/4], Batch: 6560/9482, Loss: 2676.233, Trans_L2_m: 2.008, Yaw_err_deg: 9.173
Epoch: [2/4], Batch: 6570/9482, Loss: 2293.954, Trans_L2_m: 2.957, Yaw_err_deg: 5.335
Epoch: [2/4], Batch: 6580/9482, Loss: 5149.966, Trans_L2_m: 1.281, Yaw_err_deg: 12.160
Epoch: [2/4], Batch: 6590/9482, Loss: 1720.862, Trans_L2_m: 2.087, Yaw_err_deg: 6.583
Epoch: [2/4], Batch: 6600/9482, Loss: 1605.735, Trans_L2_m: 1.177, Yaw_err_deg: 6.984
Epoch: [2/4], Batch: 6610/9482, Loss: 4196.954, Trans_L2_m: 1.292, Yaw_err_deg: 12.138
Epoch: [2/4], Batch: 6620/9482, Loss: 2979.130, Trans_L2_m: 1.748, Yaw_err_deg: 7.870
Epoch: [2/4], Batch: 6630/9482, Loss: 5416.993, Trans_L2_m: 0.800, Yaw_err_deg: 14.407
Epoch: [2/4], Batch: 6640/9482, Loss: 2032.780, Trans_L2_m: 3.375, Yaw_err_deg: 6.411
Epoch: [2/4], Batch: 6650/9482, Loss: 3487.029, Trans_L2_m: 1.200, Yaw_err_deg: 9.038
Epoch: [2/4], Batch: 6660/9482, Loss: 2591.533, Trans_L2_m: 1.913, Yaw_err_deg: 7.969
Epoch: [2/4], Batch: 6670/9482, Loss: 3626.311, Trans_L2_m: 0.875, Yaw_err_deg: 10.200
Epoch: [2/4], Batch: 6680/9482, Loss: 2272.697, Trans_L2_m: 1.864, Yaw_err_deg: 8.796
Epoch: [2/4], Batch: 6690/9482, Loss: 5016.494, Trans_L2_m: 1.622, Yaw_err_deg: 13.207
Epoch: [2/4], Batch: 6700/9482, Loss: 5871.990, Trans_L2_m: 1.409, Yaw_err_deg: 13.047
Epoch: [2/4], Batch: 6710/9482, Loss: 3107.576, Trans_L2_m: 1.150, Yaw_err_deg: 9.516
Epoch: [2/4], Batch: 6720/9482, Loss: 2321.195, Trans_L2_m: 0.539, Yaw_err_deg: 8.281
Epoch: [2/4], Batch: 6730/9482, Loss: 2532.219, Trans_L2_m: 0.957, Yaw_err_deg: 9.257
Epoch: [2/4], Batch: 6740/9482, Loss: 2702.280, Trans_L2_m: 1.380, Yaw_err_deg: 9.512
Epoch: [2/4], Batch: 6750/9482, Loss: 2217.002, Trans_L2_m: 2.091, Yaw_err_deg: 7.814
Epoch: [2/4], Batch: 6760/9482, Loss: 5350.814, Trans_L2_m: 1.392, Yaw_err_deg: 12.608
Epoch: [2/4], Batch: 6770/9482, Loss: 1745.740, Trans_L2_m: 0.668, Yaw_err_deg: 7.273
Epoch: [2/4], Batch: 6780/9482, Loss: 1908.567, Trans_L2_m: 1.389, Yaw_err_deg: 6.195
Epoch: [2/4], Batch: 6790/9482, Loss: 4248.941, Trans_L2_m: 1.095, Yaw_err_deg: 9.176
Epoch: [2/4], Batch: 6800/9482, Loss: 3825.148, Trans_L2_m: 1.403, Yaw_err_deg: 10.252
Epoch: [2/4], Batch: 6810/9482, Loss: 3874.953, Trans_L2_m: 1.470, Yaw_err_deg: 10.026
Epoch: [2/4], Batch: 6820/9482, Loss: 3162.144, Trans_L2_m: 1.655, Yaw_err_deg: 10.090
Epoch: [2/4], Batch: 6830/9482, Loss: 3853.872, Trans_L2_m: 1.364, Yaw_err_deg: 10.309
Epoch: [2/4], Batch: 6840/9482, Loss: 1416.875, Trans_L2_m: 1.351, Yaw_err_deg: 7.022
Epoch: [2/4], Batch: 6850/9482, Loss: 3947.703, Trans_L2_m: 1.556, Yaw_err_deg: 11.315
Epoch: [2/4], Batch: 6860/9482, Loss: 5013.750, Trans_L2_m: 1.182, Yaw_err_deg: 10.902
Epoch: [2/4], Batch: 6870/9482, Loss: 2210.764, Trans_L2_m: 1.154, Yaw_err_deg: 8.382
Epoch: [2/4], Batch: 6880/9482, Loss: 4693.106, Trans_L2_m: 1.265, Yaw_err_deg: 13.056
Epoch: [2/4], Batch: 6890/9482, Loss: 5360.790, Trans_L2_m: 1.261, Yaw_err_deg: 11.965
Epoch: [2/4], Batch: 6900/9482, Loss: 3405.879, Trans_L2_m: 1.959, Yaw_err_deg: 9.846
Epoch: [2/4], Batch: 6910/9482, Loss: 5529.049, Trans_L2_m: 1.160, Yaw_err_deg: 13.079
Epoch: [2/4], Batch: 6920/9482, Loss: 1315.296, Trans_L2_m: 1.053, Yaw_err_deg: 6.154
Epoch: [2/4], Batch: 6930/9482, Loss: 4933.681, Trans_L2_m: 1.950, Yaw_err_deg: 10.111
Epoch: [2/4], Batch: 6940/9482, Loss: 1274.335, Trans_L2_m: 1.309, Yaw_err_deg: 6.323
Epoch: [2/4], Batch: 6950/9482, Loss: 2032.755, Trans_L2_m: 1.265, Yaw_err_deg: 8.075
Epoch: [2/4], Batch: 6960/9482, Loss: 784.551, Trans_L2_m: 1.134, Yaw_err_deg: 4.621
Epoch: [2/4], Batch: 6970/9482, Loss: 1415.539, Trans_L2_m: 2.591, Yaw_err_deg: 5.865
Epoch: [2/4], Batch: 6980/9482, Loss: 2160.211, Trans_L2_m: 1.082, Yaw_err_deg: 8.060
Epoch: [2/4], Batch: 6990/9482, Loss: 861.950, Trans_L2_m: 1.132, Yaw_err_deg: 4.824
Epoch: [2/4], Batch: 7000/9482, Loss: 4714.397, Trans_L2_m: 1.219, Yaw_err_deg: 13.171
Epoch: [2/4], Batch: 7010/9482, Loss: 3559.305, Trans_L2_m: 0.829, Yaw_err_deg: 10.928
Epoch: [2/4], Batch: 7020/9482, Loss: 3742.018, Trans_L2_m: 1.779, Yaw_err_deg: 10.050
Epoch: [2/4], Batch: 7030/9482, Loss: 3934.036, Trans_L2_m: 1.273, Yaw_err_deg: 10.269
Epoch: [2/4], Batch: 7040/9482, Loss: 3651.412, Trans_L2_m: 1.150, Yaw_err_deg: 11.458
Epoch: [2/4], Batch: 7050/9482, Loss: 4059.017, Trans_L2_m: 1.904, Yaw_err_deg: 10.158
Epoch: [2/4], Batch: 7060/9482, Loss: 4237.188, Trans_L2_m: 1.528, Yaw_err_deg: 10.713
Epoch: [2/4], Batch: 7070/9482, Loss: 3198.362, Trans_L2_m: 1.240, Yaw_err_deg: 10.479
Epoch: [2/4], Batch: 7080/9482, Loss: 1688.907, Trans_L2_m: 1.050, Yaw_err_deg: 5.941
Epoch: [2/4], Batch: 7090/9482, Loss: 3178.443, Trans_L2_m: 1.475, Yaw_err_deg: 9.603
Epoch: [2/4], Batch: 7100/9482, Loss: 1019.975, Trans_L2_m: 1.495, Yaw_err_deg: 6.131
Epoch: [2/4], Batch: 7110/9482, Loss: 1429.350, Trans_L2_m: 1.091, Yaw_err_deg: 5.554
Epoch: [2/4], Batch: 7120/9482, Loss: 3642.170, Trans_L2_m: 1.158, Yaw_err_deg: 9.638
Epoch: [2/4], Batch: 7130/9482, Loss: 5637.984, Trans_L2_m: 1.116, Yaw_err_deg: 13.208
Epoch: [2/4], Batch: 7140/9482, Loss: 3554.313, Trans_L2_m: 1.177, Yaw_err_deg: 9.431
Epoch: [2/4], Batch: 7150/9482, Loss: 4308.107, Trans_L2_m: 1.094, Yaw_err_deg: 11.272
Epoch: [2/4], Batch: 7160/9482, Loss: 1523.623, Trans_L2_m: 1.124, Yaw_err_deg: 7.272
Epoch: [2/4], Batch: 7170/9482, Loss: 4763.285, Trans_L2_m: 0.910, Yaw_err_deg: 12.691
Epoch: [2/4], Batch: 7180/9482, Loss: 4904.915, Trans_L2_m: 5.163, Yaw_err_deg: 11.531
Epoch: [2/4], Batch: 7190/9482, Loss: 3511.294, Trans_L2_m: 1.047, Yaw_err_deg: 10.814
Epoch: [2/4], Batch: 7200/9482, Loss: 2166.994, Trans_L2_m: 1.171, Yaw_err_deg: 6.918
Epoch: [2/4], Batch: 7210/9482, Loss: 4677.062, Trans_L2_m: 1.100, Yaw_err_deg: 12.787
Epoch: [2/4], Batch: 7220/9482, Loss: 3549.041, Trans_L2_m: 1.215, Yaw_err_deg: 8.429
Epoch: [2/4], Batch: 7230/9482, Loss: 2924.087, Trans_L2_m: 1.268, Yaw_err_deg: 9.609
Epoch: [2/4], Batch: 7240/9482, Loss: 4908.037, Trans_L2_m: 0.817, Yaw_err_deg: 11.195
Epoch: [2/4], Batch: 7250/9482, Loss: 1601.019, Trans_L2_m: 2.619, Yaw_err_deg: 6.830
Epoch: [2/4], Batch: 7260/9482, Loss: 3392.621, Trans_L2_m: 0.975, Yaw_err_deg: 9.740
Epoch: [2/4], Batch: 7270/9482, Loss: 1032.567, Trans_L2_m: 0.662, Yaw_err_deg: 5.101
Epoch: [2/4], Batch: 7280/9482, Loss: 1491.671, Trans_L2_m: 1.097, Yaw_err_deg: 6.062
Epoch: [2/4], Batch: 7290/9482, Loss: 5468.339, Trans_L2_m: 1.319, Yaw_err_deg: 12.649
Epoch: [2/4], Batch: 7300/9482, Loss: 2072.793, Trans_L2_m: 1.168, Yaw_err_deg: 6.638
Epoch: [2/4], Batch: 7310/9482, Loss: 3157.876, Trans_L2_m: 1.077, Yaw_err_deg: 9.671
Epoch: [2/4], Batch: 7320/9482, Loss: 552.216, Trans_L2_m: 0.963, Yaw_err_deg: 4.227
Epoch: [2/4], Batch: 7330/9482, Loss: 2907.001, Trans_L2_m: 1.343, Yaw_err_deg: 7.808
Epoch: [2/4], Batch: 7340/9482, Loss: 3031.289, Trans_L2_m: 2.025, Yaw_err_deg: 10.554
Epoch: [2/4], Batch: 7350/9482, Loss: 1454.855, Trans_L2_m: 1.502, Yaw_err_deg: 5.654
Epoch: [2/4], Batch: 7360/9482, Loss: 826.767, Trans_L2_m: 1.040, Yaw_err_deg: 4.319
Epoch: [2/4], Batch: 7370/9482, Loss: 4777.791, Trans_L2_m: 0.781, Yaw_err_deg: 11.530
Epoch: [2/4], Batch: 7380/9482, Loss: 1864.722, Trans_L2_m: 1.096, Yaw_err_deg: 7.316
Epoch: [2/4], Batch: 7390/9482, Loss: 1867.374, Trans_L2_m: 1.229, Yaw_err_deg: 8.080
Epoch: [2/4], Batch: 7400/9482, Loss: 2439.372, Trans_L2_m: 1.588, Yaw_err_deg: 6.805
Epoch: [2/4], Batch: 7410/9482, Loss: 2377.224, Trans_L2_m: 1.057, Yaw_err_deg: 8.014
Epoch: [2/4], Batch: 7420/9482, Loss: 4277.415, Trans_L2_m: 2.068, Yaw_err_deg: 10.239
Epoch: [2/4], Batch: 7430/9482, Loss: 2307.979, Trans_L2_m: 1.183, Yaw_err_deg: 8.059
Epoch: [2/4], Batch: 7440/9482, Loss: 2567.502, Trans_L2_m: 1.243, Yaw_err_deg: 8.333
Epoch: [2/4], Batch: 7450/9482, Loss: 2382.650, Trans_L2_m: 3.402, Yaw_err_deg: 7.007
Epoch: [2/4], Batch: 7460/9482, Loss: 764.512, Trans_L2_m: 1.403, Yaw_err_deg: 3.839
Epoch: [2/4], Batch: 7470/9482, Loss: 5588.189, Trans_L2_m: 1.169, Yaw_err_deg: 11.393
Epoch: [2/4], Batch: 7480/9482, Loss: 1326.219, Trans_L2_m: 0.713, Yaw_err_deg: 6.108
Epoch: [2/4], Batch: 7490/9482, Loss: 2993.711, Trans_L2_m: 1.515, Yaw_err_deg: 9.793
Epoch: [2/4], Batch: 7500/9482, Loss: 1553.627, Trans_L2_m: 1.137, Yaw_err_deg: 5.610
Epoch: [2/4], Batch: 7510/9482, Loss: 3549.821, Trans_L2_m: 1.754, Yaw_err_deg: 10.341
Epoch: [2/4], Batch: 7520/9482, Loss: 1938.308, Trans_L2_m: 1.573, Yaw_err_deg: 6.431
Epoch: [2/4], Batch: 7530/9482, Loss: 3661.620, Trans_L2_m: 2.030, Yaw_err_deg: 10.867
Epoch: [2/4], Batch: 7540/9482, Loss: 4310.648, Trans_L2_m: 1.218, Yaw_err_deg: 10.437
Epoch: [2/4], Batch: 7550/9482, Loss: 2164.471, Trans_L2_m: 1.421, Yaw_err_deg: 7.614
Epoch: [2/4], Batch: 7560/9482, Loss: 2560.128, Trans_L2_m: 0.693, Yaw_err_deg: 7.276
Epoch: [2/4], Batch: 7570/9482, Loss: 2075.997, Trans_L2_m: 1.767, Yaw_err_deg: 6.580
Epoch: [2/4], Batch: 7580/9482, Loss: 1976.790, Trans_L2_m: 0.816, Yaw_err_deg: 7.374
Epoch: [2/4], Batch: 7590/9482, Loss: 4017.393, Trans_L2_m: 0.642, Yaw_err_deg: 10.136
Epoch: [2/4], Batch: 7600/9482, Loss: 1778.177, Trans_L2_m: 1.660, Yaw_err_deg: 7.102
Epoch: [2/4], Batch: 7610/9482, Loss: 972.803, Trans_L2_m: 0.854, Yaw_err_deg: 5.357
Epoch: [2/4], Batch: 7620/9482, Loss: 2392.286, Trans_L2_m: 1.079, Yaw_err_deg: 7.919
Epoch: [2/4], Batch: 7630/9482, Loss: 3898.392, Trans_L2_m: 1.613, Yaw_err_deg: 11.133
Epoch: [2/4], Batch: 7640/9482, Loss: 4411.331, Trans_L2_m: 1.203, Yaw_err_deg: 11.307
Epoch: [2/4], Batch: 7650/9482, Loss: 5840.568, Trans_L2_m: 1.541, Yaw_err_deg: 13.496
Epoch: [2/4], Batch: 7660/9482, Loss: 1440.927, Trans_L2_m: 1.705, Yaw_err_deg: 5.642
Epoch: [2/4], Batch: 7670/9482, Loss: 2153.766, Trans_L2_m: 1.257, Yaw_err_deg: 6.506
Epoch: [2/4], Batch: 7680/9482, Loss: 2461.690, Trans_L2_m: 1.073, Yaw_err_deg: 8.412
Epoch: [2/4], Batch: 7690/9482, Loss: 3011.145, Trans_L2_m: 1.196, Yaw_err_deg: 8.250
Epoch: [2/4], Batch: 7700/9482, Loss: 1945.322, Trans_L2_m: 1.376, Yaw_err_deg: 6.264
Epoch: [2/4], Batch: 7710/9482, Loss: 3028.692, Trans_L2_m: 1.578, Yaw_err_deg: 9.487
Epoch: [2/4], Batch: 7720/9482, Loss: 3753.465, Trans_L2_m: 0.755, Yaw_err_deg: 10.776
Epoch: [2/4], Batch: 7730/9482, Loss: 2101.002, Trans_L2_m: 1.109, Yaw_err_deg: 8.189
Epoch: [2/4], Batch: 7740/9482, Loss: 3457.050, Trans_L2_m: 2.149, Yaw_err_deg: 10.330
Epoch: [2/4], Batch: 7750/9482, Loss: 4317.234, Trans_L2_m: 1.428, Yaw_err_deg: 11.741
Epoch: [2/4], Batch: 7760/9482, Loss: 3717.343, Trans_L2_m: 0.518, Yaw_err_deg: 9.703
Epoch: [2/4], Batch: 7770/9482, Loss: 2970.242, Trans_L2_m: 0.907, Yaw_err_deg: 9.467
Epoch: [2/4], Batch: 7780/9482, Loss: 3591.052, Trans_L2_m: 0.797, Yaw_err_deg: 7.669
Epoch: [2/4], Batch: 7790/9482, Loss: 1173.025, Trans_L2_m: 0.842, Yaw_err_deg: 5.576
Epoch: [2/4], Batch: 7800/9482, Loss: 2061.321, Trans_L2_m: 1.443, Yaw_err_deg: 8.007
Epoch: [2/4], Batch: 7810/9482, Loss: 4623.093, Trans_L2_m: 2.900, Yaw_err_deg: 11.652
Epoch: [2/4], Batch: 7820/9482, Loss: 1762.069, Trans_L2_m: 1.178, Yaw_err_deg: 7.925
Epoch: [2/4], Batch: 7830/9482, Loss: 2578.755, Trans_L2_m: 1.573, Yaw_err_deg: 8.553
Epoch: [2/4], Batch: 7840/9482, Loss: 1020.283, Trans_L2_m: 1.413, Yaw_err_deg: 5.025
Epoch: [2/4], Batch: 7850/9482, Loss: 2801.668, Trans_L2_m: 1.634, Yaw_err_deg: 8.167
Epoch: [2/4], Batch: 7860/9482, Loss: 1368.899, Trans_L2_m: 1.050, Yaw_err_deg: 5.782
Epoch: [2/4], Batch: 7870/9482, Loss: 3096.266, Trans_L2_m: 1.147, Yaw_err_deg: 9.844
Epoch: [2/4], Batch: 7880/9482, Loss: 2728.151, Trans_L2_m: 1.118, Yaw_err_deg: 9.525
Epoch: [2/4], Batch: 7890/9482, Loss: 1478.092, Trans_L2_m: 1.010, Yaw_err_deg: 7.004
Epoch: [2/4], Batch: 7900/9482, Loss: 1498.366, Trans_L2_m: 1.013, Yaw_err_deg: 6.104
Epoch: [2/4], Batch: 7910/9482, Loss: 2714.857, Trans_L2_m: 1.114, Yaw_err_deg: 7.761
Epoch: [2/4], Batch: 7920/9482, Loss: 5303.638, Trans_L2_m: 2.084, Yaw_err_deg: 12.237
Epoch: [2/4], Batch: 7930/9482, Loss: 4830.703, Trans_L2_m: 1.193, Yaw_err_deg: 11.603
Epoch: [2/4], Batch: 7940/9482, Loss: 1826.616, Trans_L2_m: 1.113, Yaw_err_deg: 7.115
Epoch: [2/4], Batch: 7950/9482, Loss: 1492.220, Trans_L2_m: 1.111, Yaw_err_deg: 6.738
Epoch: [2/4], Batch: 7960/9482, Loss: 6150.896, Trans_L2_m: 1.550, Yaw_err_deg: 14.704
Epoch: [2/4], Batch: 7970/9482, Loss: 1230.979, Trans_L2_m: 1.560, Yaw_err_deg: 5.919
Epoch: [2/4], Batch: 7980/9482, Loss: 2340.242, Trans_L2_m: 2.028, Yaw_err_deg: 8.945
Epoch: [2/4], Batch: 7990/9482, Loss: 3041.443, Trans_L2_m: 1.805, Yaw_err_deg: 7.094
Epoch: [2/4], Batch: 8000/9482, Loss: 1253.375, Trans_L2_m: 1.628, Yaw_err_deg: 5.684
Epoch: [2/4], Batch: 8010/9482, Loss: 3462.590, Trans_L2_m: 1.275, Yaw_err_deg: 8.767
Epoch: [2/4], Batch: 8020/9482, Loss: 3092.828, Trans_L2_m: 1.128, Yaw_err_deg: 8.830
Epoch: [2/4], Batch: 8030/9482, Loss: 2871.864, Trans_L2_m: 0.740, Yaw_err_deg: 9.180
Epoch: [2/4], Batch: 8040/9482, Loss: 4637.609, Trans_L2_m: 0.755, Yaw_err_deg: 12.691
Epoch: [2/4], Batch: 8050/9482, Loss: 2697.523, Trans_L2_m: 1.656, Yaw_err_deg: 7.835
Epoch: [2/4], Batch: 8060/9482, Loss: 698.956, Trans_L2_m: 1.027, Yaw_err_deg: 4.993
Epoch: [2/4], Batch: 8070/9482, Loss: 2134.772, Trans_L2_m: 1.177, Yaw_err_deg: 8.316
Epoch: [2/4], Batch: 8080/9482, Loss: 5049.716, Trans_L2_m: 0.917, Yaw_err_deg: 13.035
Epoch: [2/4], Batch: 8090/9482, Loss: 4599.185, Trans_L2_m: 1.040, Yaw_err_deg: 11.603
Epoch: [2/4], Batch: 8100/9482, Loss: 1196.148, Trans_L2_m: 1.255, Yaw_err_deg: 5.735
Epoch: [2/4], Batch: 8110/9482, Loss: 5129.548, Trans_L2_m: 1.152, Yaw_err_deg: 12.202
Epoch: [2/4], Batch: 8120/9482, Loss: 2533.256, Trans_L2_m: 0.680, Yaw_err_deg: 8.344
Epoch: [2/4], Batch: 8130/9482, Loss: 1844.831, Trans_L2_m: 1.719, Yaw_err_deg: 7.852
Epoch: [2/4], Batch: 8140/9482, Loss: 4024.679, Trans_L2_m: 0.663, Yaw_err_deg: 10.398
Epoch: [2/4], Batch: 8150/9482, Loss: 2973.377, Trans_L2_m: 1.235, Yaw_err_deg: 8.370
Epoch: [2/4], Batch: 8160/9482, Loss: 3442.589, Trans_L2_m: 1.037, Yaw_err_deg: 10.316
Epoch: [2/4], Batch: 8170/9482, Loss: 4155.369, Trans_L2_m: 1.551, Yaw_err_deg: 9.881
Epoch: [2/4], Batch: 8180/9482, Loss: 3194.619, Trans_L2_m: 1.132, Yaw_err_deg: 9.588
Epoch: [2/4], Batch: 8190/9482, Loss: 4481.146, Trans_L2_m: 0.613, Yaw_err_deg: 12.626
Epoch: [2/4], Batch: 8200/9482, Loss: 3077.414, Trans_L2_m: 1.926, Yaw_err_deg: 8.709
Epoch: [2/4], Batch: 8210/9482, Loss: 4512.862, Trans_L2_m: 1.636, Yaw_err_deg: 12.006
Epoch: [2/4], Batch: 8220/9482, Loss: 3732.439, Trans_L2_m: 1.381, Yaw_err_deg: 10.503
Epoch: [2/4], Batch: 8230/9482, Loss: 913.787, Trans_L2_m: 0.949, Yaw_err_deg: 4.742
Epoch: [2/4], Batch: 8240/9482, Loss: 931.114, Trans_L2_m: 1.350, Yaw_err_deg: 4.787
Epoch: [2/4], Batch: 8250/9482, Loss: 2244.252, Trans_L2_m: 0.778, Yaw_err_deg: 8.516
Epoch: [2/4], Batch: 8260/9482, Loss: 1280.535, Trans_L2_m: 1.398, Yaw_err_deg: 5.984
Epoch: [2/4], Batch: 8270/9482, Loss: 3506.490, Trans_L2_m: 2.921, Yaw_err_deg: 10.421
Epoch: [2/4], Batch: 8280/9482, Loss: 3489.476, Trans_L2_m: 1.443, Yaw_err_deg: 11.107
Epoch: [2/4], Batch: 8290/9482, Loss: 2148.333, Trans_L2_m: 1.214, Yaw_err_deg: 7.651
Epoch: [2/4], Batch: 8300/9482, Loss: 3704.351, Trans_L2_m: 1.119, Yaw_err_deg: 9.715
Epoch: [2/4], Batch: 8310/9482, Loss: 1248.547, Trans_L2_m: 1.332, Yaw_err_deg: 5.974
Epoch: [2/4], Batch: 8320/9482, Loss: 385.176, Trans_L2_m: 1.138, Yaw_err_deg: 2.876
Epoch: [2/4], Batch: 8330/9482, Loss: 3365.305, Trans_L2_m: 2.791, Yaw_err_deg: 9.371
Epoch: [2/4], Batch: 8340/9482, Loss: 768.833, Trans_L2_m: 1.007, Yaw_err_deg: 4.840
Epoch: [2/4], Batch: 8350/9482, Loss: 2171.464, Trans_L2_m: 1.930, Yaw_err_deg: 8.237
Epoch: [2/4], Batch: 8360/9482, Loss: 4618.799, Trans_L2_m: 1.286, Yaw_err_deg: 12.741
Epoch: [2/4], Batch: 8370/9482, Loss: 1592.581, Trans_L2_m: 1.215, Yaw_err_deg: 6.517
Epoch: [2/4], Batch: 8380/9482, Loss: 2351.657, Trans_L2_m: 1.123, Yaw_err_deg: 7.178
Epoch: [2/4], Batch: 8390/9482, Loss: 1354.965, Trans_L2_m: 1.978, Yaw_err_deg: 6.400
Epoch: [2/4], Batch: 8400/9482, Loss: 3509.422, Trans_L2_m: 1.302, Yaw_err_deg: 10.444
Epoch: [2/4], Batch: 8410/9482, Loss: 3263.294, Trans_L2_m: 1.370, Yaw_err_deg: 8.363
Epoch: [2/4], Batch: 8420/9482, Loss: 2408.491, Trans_L2_m: 1.150, Yaw_err_deg: 8.298
Epoch: [2/4], Batch: 8430/9482, Loss: 3006.766, Trans_L2_m: 0.834, Yaw_err_deg: 8.051
Epoch: [2/4], Batch: 8440/9482, Loss: 450.646, Trans_L2_m: 1.109, Yaw_err_deg: 2.963
Epoch: [2/4], Batch: 8450/9482, Loss: 2349.546, Trans_L2_m: 1.535, Yaw_err_deg: 8.856
Epoch: [2/4], Batch: 8460/9482, Loss: 3328.930, Trans_L2_m: 1.422, Yaw_err_deg: 10.233
Epoch: [2/4], Batch: 8470/9482, Loss: 756.524, Trans_L2_m: 1.813, Yaw_err_deg: 4.130
Epoch: [2/4], Batch: 8480/9482, Loss: 3397.079, Trans_L2_m: 1.448, Yaw_err_deg: 10.155
Epoch: [2/4], Batch: 8490/9482, Loss: 2230.184, Trans_L2_m: 0.903, Yaw_err_deg: 7.773
Epoch: [2/4], Batch: 8500/9482, Loss: 471.838, Trans_L2_m: 1.088, Yaw_err_deg: 3.057
Epoch: [2/4], Batch: 8510/9482, Loss: 2258.098, Trans_L2_m: 1.045, Yaw_err_deg: 8.128
Epoch: [2/4], Batch: 8520/9482, Loss: 3554.294, Trans_L2_m: 1.140, Yaw_err_deg: 10.182
Epoch: [2/4], Batch: 8530/9482, Loss: 3951.633, Trans_L2_m: 1.037, Yaw_err_deg: 10.734
Epoch: [2/4], Batch: 8540/9482, Loss: 1936.835, Trans_L2_m: 1.100, Yaw_err_deg: 6.969
Epoch: [2/4], Batch: 8550/9482, Loss: 3649.414, Trans_L2_m: 1.113, Yaw_err_deg: 11.071
Epoch: [2/4], Batch: 8560/9482, Loss: 1726.694, Trans_L2_m: 1.885, Yaw_err_deg: 5.556
Epoch: [2/4], Batch: 8570/9482, Loss: 4267.130, Trans_L2_m: 1.529, Yaw_err_deg: 10.926
Epoch: [2/4], Batch: 8580/9482, Loss: 3106.729, Trans_L2_m: 1.926, Yaw_err_deg: 7.220
Epoch: [2/4], Batch: 8590/9482, Loss: 1134.752, Trans_L2_m: 1.849, Yaw_err_deg: 5.379
Epoch: [2/4], Batch: 8600/9482, Loss: 4760.069, Trans_L2_m: 1.380, Yaw_err_deg: 12.183
Epoch: [2/4], Batch: 8610/9482, Loss: 3089.148, Trans_L2_m: 1.485, Yaw_err_deg: 8.158
Epoch: [2/4], Batch: 8620/9482, Loss: 5326.373, Trans_L2_m: 1.269, Yaw_err_deg: 12.561
Epoch: [2/4], Batch: 8630/9482, Loss: 2473.031, Trans_L2_m: 1.264, Yaw_err_deg: 8.425
Epoch: [2/4], Batch: 8640/9482, Loss: 5111.333, Trans_L2_m: 2.206, Yaw_err_deg: 11.142
Epoch: [2/4], Batch: 8650/9482, Loss: 5135.223, Trans_L2_m: 1.225, Yaw_err_deg: 12.244
Epoch: [2/4], Batch: 8660/9482, Loss: 1495.080, Trans_L2_m: 1.260, Yaw_err_deg: 5.611
Epoch: [2/4], Batch: 8670/9482, Loss: 3910.530, Trans_L2_m: 1.083, Yaw_err_deg: 10.199
Epoch: [2/4], Batch: 8680/9482, Loss: 4126.303, Trans_L2_m: 1.367, Yaw_err_deg: 11.082
Epoch: [2/4], Batch: 8690/9482, Loss: 824.780, Trans_L2_m: 1.517, Yaw_err_deg: 4.629
Epoch: [2/4], Batch: 8700/9482, Loss: 5869.165, Trans_L2_m: 1.724, Yaw_err_deg: 12.250
Epoch: [2/4], Batch: 8710/9482, Loss: 3644.871, Trans_L2_m: 1.131, Yaw_err_deg: 10.152
Epoch: [2/4], Batch: 8720/9482, Loss: 1348.638, Trans_L2_m: 1.925, Yaw_err_deg: 5.570
Epoch: [2/4], Batch: 8730/9482, Loss: 3154.902, Trans_L2_m: 3.000, Yaw_err_deg: 9.567
Epoch: [2/4], Batch: 8740/9482, Loss: 684.401, Trans_L2_m: 1.087, Yaw_err_deg: 4.376
Epoch: [2/4], Batch: 8750/9482, Loss: 3855.182, Trans_L2_m: 1.388, Yaw_err_deg: 8.582
Epoch: [2/4], Batch: 8760/9482, Loss: 1911.913, Trans_L2_m: 1.071, Yaw_err_deg: 6.756
Epoch: [2/4], Batch: 8770/9482, Loss: 2823.342, Trans_L2_m: 1.010, Yaw_err_deg: 7.342
Epoch: [2/4], Batch: 8780/9482, Loss: 4314.980, Trans_L2_m: 1.101, Yaw_err_deg: 8.854
Epoch: [2/4], Batch: 8790/9482, Loss: 2825.365, Trans_L2_m: 1.638, Yaw_err_deg: 8.870
Epoch: [2/4], Batch: 8800/9482, Loss: 3989.680, Trans_L2_m: 1.730, Yaw_err_deg: 10.066
Epoch: [2/4], Batch: 8810/9482, Loss: 1769.000, Trans_L2_m: 1.475, Yaw_err_deg: 6.301
Epoch: [2/4], Batch: 8820/9482, Loss: 4151.077, Trans_L2_m: 0.384, Yaw_err_deg: 11.529
Epoch: [2/4], Batch: 8830/9482, Loss: 3669.533, Trans_L2_m: 1.315, Yaw_err_deg: 11.035
Epoch: [2/4], Batch: 8840/9482, Loss: 2145.808, Trans_L2_m: 0.913, Yaw_err_deg: 8.319
Epoch: [2/4], Batch: 8850/9482, Loss: 2310.327, Trans_L2_m: 0.962, Yaw_err_deg: 8.873
Epoch: [2/4], Batch: 8860/9482, Loss: 1981.417, Trans_L2_m: 1.886, Yaw_err_deg: 6.710
Epoch: [2/4], Batch: 8870/9482, Loss: 3465.162, Trans_L2_m: 1.120, Yaw_err_deg: 10.081
Epoch: [2/4], Batch: 8880/9482, Loss: 1814.424, Trans_L2_m: 0.632, Yaw_err_deg: 6.434
Epoch: [2/4], Batch: 8890/9482, Loss: 2571.692, Trans_L2_m: 1.470, Yaw_err_deg: 8.947
Epoch: [2/4], Batch: 8900/9482, Loss: 2021.805, Trans_L2_m: 1.106, Yaw_err_deg: 7.377
Epoch: [2/4], Batch: 8910/9482, Loss: 757.694, Trans_L2_m: 2.284, Yaw_err_deg: 3.956
Epoch: [2/4], Batch: 8920/9482, Loss: 2487.343, Trans_L2_m: 0.729, Yaw_err_deg: 8.686
Epoch: [2/4], Batch: 8930/9482, Loss: 2020.431, Trans_L2_m: 1.144, Yaw_err_deg: 6.979
Epoch: [2/4], Batch: 8940/9482, Loss: 2297.745, Trans_L2_m: 2.520, Yaw_err_deg: 7.598
Epoch: [2/4], Batch: 8950/9482, Loss: 3468.844, Trans_L2_m: 1.031, Yaw_err_deg: 11.329
Epoch: [2/4], Batch: 8960/9482, Loss: 2689.578, Trans_L2_m: 1.029, Yaw_err_deg: 8.897
Epoch: [2/4], Batch: 8970/9482, Loss: 1250.715, Trans_L2_m: 1.067, Yaw_err_deg: 6.333
Epoch: [2/4], Batch: 8980/9482, Loss: 1377.662, Trans_L2_m: 1.751, Yaw_err_deg: 5.819
Epoch: [2/4], Batch: 8990/9482, Loss: 2213.162, Trans_L2_m: 1.091, Yaw_err_deg: 6.753
Epoch: [2/4], Batch: 9000/9482, Loss: 2528.749, Trans_L2_m: 1.241, Yaw_err_deg: 8.648
Epoch: [2/4], Batch: 9010/9482, Loss: 1385.310, Trans_L2_m: 1.713, Yaw_err_deg: 6.603
Epoch: [2/4], Batch: 9020/9482, Loss: 2565.221, Trans_L2_m: 0.497, Yaw_err_deg: 7.804
Epoch: [2/4], Batch: 9030/9482, Loss: 4521.286, Trans_L2_m: 1.108, Yaw_err_deg: 12.177
Epoch: [2/4], Batch: 9040/9482, Loss: 2274.640, Trans_L2_m: 0.782, Yaw_err_deg: 9.271
Epoch: [2/4], Batch: 9050/9482, Loss: 3071.075, Trans_L2_m: 1.071, Yaw_err_deg: 8.173
Epoch: [2/4], Batch: 9060/9482, Loss: 3673.640, Trans_L2_m: 6.406, Yaw_err_deg: 5.065
Epoch: [2/4], Batch: 9070/9482, Loss: 1869.844, Trans_L2_m: 1.525, Yaw_err_deg: 7.466
Epoch: [2/4], Batch: 9080/9482, Loss: 2593.987, Trans_L2_m: 1.325, Yaw_err_deg: 9.006
Epoch: [2/4], Batch: 9090/9482, Loss: 3590.819, Trans_L2_m: 1.514, Yaw_err_deg: 8.919
Epoch: [2/4], Batch: 9100/9482, Loss: 840.345, Trans_L2_m: 1.005, Yaw_err_deg: 4.374
Epoch: [2/4], Batch: 9110/9482, Loss: 3140.646, Trans_L2_m: 1.033, Yaw_err_deg: 9.938
Epoch: [2/4], Batch: 9120/9482, Loss: 6052.609, Trans_L2_m: 1.551, Yaw_err_deg: 13.622
Epoch: [2/4], Batch: 9130/9482, Loss: 4110.822, Trans_L2_m: 0.907, Yaw_err_deg: 11.338
Epoch: [2/4], Batch: 9140/9482, Loss: 2288.247, Trans_L2_m: 1.238, Yaw_err_deg: 7.406
Epoch: [2/4], Batch: 9150/9482, Loss: 1539.206, Trans_L2_m: 0.401, Yaw_err_deg: 5.979
Epoch: [2/4], Batch: 9160/9482, Loss: 1833.951, Trans_L2_m: 1.143, Yaw_err_deg: 7.374
Epoch: [2/4], Batch: 9170/9482, Loss: 5964.792, Trans_L2_m: 1.027, Yaw_err_deg: 13.547
Epoch: [2/4], Batch: 9180/9482, Loss: 829.597, Trans_L2_m: 1.233, Yaw_err_deg: 4.042
Epoch: [2/4], Batch: 9190/9482, Loss: 2510.797, Trans_L2_m: 0.732, Yaw_err_deg: 5.916
Epoch: [2/4], Batch: 9200/9482, Loss: 2306.427, Trans_L2_m: 1.396, Yaw_err_deg: 6.457
Epoch: [2/4], Batch: 9210/9482, Loss: 2696.329, Trans_L2_m: 1.576, Yaw_err_deg: 8.467
Epoch: [2/4], Batch: 9220/9482, Loss: 651.998, Trans_L2_m: 1.203, Yaw_err_deg: 3.542
Epoch: [2/4], Batch: 9230/9482, Loss: 2179.570, Trans_L2_m: 1.235, Yaw_err_deg: 8.026
Epoch: [2/4], Batch: 9240/9482, Loss: 4812.275, Trans_L2_m: 0.950, Yaw_err_deg: 11.475
Epoch: [2/4], Batch: 9250/9482, Loss: 2484.947, Trans_L2_m: 1.722, Yaw_err_deg: 8.177
Epoch: [2/4], Batch: 9260/9482, Loss: 1999.698, Trans_L2_m: 1.082, Yaw_err_deg: 7.656
Epoch: [2/4], Batch: 9270/9482, Loss: 4942.350, Trans_L2_m: 1.211, Yaw_err_deg: 10.958
Epoch: [2/4], Batch: 9280/9482, Loss: 2129.942, Trans_L2_m: 1.298, Yaw_err_deg: 7.825
Epoch: [2/4], Batch: 9290/9482, Loss: 792.147, Trans_L2_m: 0.779, Yaw_err_deg: 3.288
Epoch: [2/4], Batch: 9300/9482, Loss: 3468.979, Trans_L2_m: 1.831, Yaw_err_deg: 9.654
Epoch: [2/4], Batch: 9310/9482, Loss: 2460.780, Trans_L2_m: 1.370, Yaw_err_deg: 8.274
Epoch: [2/4], Batch: 9320/9482, Loss: 2304.042, Trans_L2_m: 1.448, Yaw_err_deg: 7.018
Epoch: [2/4], Batch: 9330/9482, Loss: 7535.831, Trans_L2_m: 2.116, Yaw_err_deg: 15.781
Epoch: [2/4], Batch: 9340/9482, Loss: 2018.668, Trans_L2_m: 1.759, Yaw_err_deg: 7.264
Epoch: [2/4], Batch: 9350/9482, Loss: 2417.445, Trans_L2_m: 1.139, Yaw_err_deg: 8.555
Epoch: [2/4], Batch: 9360/9482, Loss: 4261.312, Trans_L2_m: 1.593, Yaw_err_deg: 9.414
Epoch: [2/4], Batch: 9370/9482, Loss: 4522.689, Trans_L2_m: 1.018, Yaw_err_deg: 10.938
Epoch: [2/4], Batch: 9380/9482, Loss: 2868.894, Trans_L2_m: 1.228, Yaw_err_deg: 8.710
Epoch: [2/4], Batch: 9390/9482, Loss: 5279.995, Trans_L2_m: 1.063, Yaw_err_deg: 13.624
Epoch: [2/4], Batch: 9400/9482, Loss: 4008.693, Trans_L2_m: 1.258, Yaw_err_deg: 11.017
Epoch: [2/4], Batch: 9410/9482, Loss: 1203.315, Trans_L2_m: 1.370, Yaw_err_deg: 5.474
Epoch: [2/4], Batch: 9420/9482, Loss: 1458.235, Trans_L2_m: 0.915, Yaw_err_deg: 6.358
Epoch: [2/4], Batch: 9430/9482, Loss: 2550.082, Trans_L2_m: 1.046, Yaw_err_deg: 8.523
Epoch: [2/4], Batch: 9440/9482, Loss: 2869.842, Trans_L2_m: 1.044, Yaw_err_deg: 8.532
Epoch: [2/4], Batch: 9450/9482, Loss: 1008.156, Trans_L2_m: 0.764, Yaw_err_deg: 5.539
Epoch: [2/4], Batch: 9460/9482, Loss: 2531.786, Trans_L2_m: 1.310, Yaw_err_deg: 8.259
Epoch: [2/4], Batch: 9470/9482, Loss: 3175.660, Trans_L2_m: 1.605, Yaw_err_deg: 10.017
Epoch: [2/4], Batch: 9480/9482, Loss: 2910.335, Trans_L2_m: 0.801, Yaw_err_deg: 8.852
Epoch: [3/4], Batch: 0/9482, Loss: 1204.821, Trans_L2_m: 1.195, Yaw_err_deg: 5.296
Epoch: [3/4], Batch: 10/9482, Loss: 996.255, Trans_L2_m: 1.078, Yaw_err_deg: 5.167
Epoch: [3/4], Batch: 20/9482, Loss: 2467.228, Trans_L2_m: 0.539, Yaw_err_deg: 8.103
Epoch: [3/4], Batch: 30/9482, Loss: 2642.804, Trans_L2_m: 1.318, Yaw_err_deg: 9.132
Epoch: [3/4], Batch: 40/9482, Loss: 4977.976, Trans_L2_m: 1.100, Yaw_err_deg: 10.877
Epoch: [3/4], Batch: 50/9482, Loss: 3099.750, Trans_L2_m: 1.874, Yaw_err_deg: 9.708
Epoch: [3/4], Batch: 60/9482, Loss: 2660.038, Trans_L2_m: 1.105, Yaw_err_deg: 7.201
Epoch: [3/4], Batch: 70/9482, Loss: 3720.911, Trans_L2_m: 1.006, Yaw_err_deg: 11.871
Epoch: [3/4], Batch: 80/9482, Loss: 4577.125, Trans_L2_m: 0.810, Yaw_err_deg: 12.950
Epoch: [3/4], Batch: 90/9482, Loss: 1117.960, Trans_L2_m: 1.449, Yaw_err_deg: 5.087
Epoch: [3/4], Batch: 100/9482, Loss: 2121.592, Trans_L2_m: 1.534, Yaw_err_deg: 7.906
Epoch: [3/4], Batch: 110/9482, Loss: 3629.342, Trans_L2_m: 1.364, Yaw_err_deg: 10.515
Epoch: [3/4], Batch: 120/9482, Loss: 2099.371, Trans_L2_m: 1.106, Yaw_err_deg: 5.938
Epoch: [3/4], Batch: 130/9482, Loss: 2374.409, Trans_L2_m: 1.102, Yaw_err_deg: 7.824
Epoch: [3/4], Batch: 140/9482, Loss: 3262.804, Trans_L2_m: 1.601, Yaw_err_deg: 10.541
Epoch: [3/4], Batch: 150/9482, Loss: 2396.606, Trans_L2_m: 2.992, Yaw_err_deg: 7.425
Epoch: [3/4], Batch: 160/9482, Loss: 1297.369, Trans_L2_m: 0.843, Yaw_err_deg: 6.594
Epoch: [3/4], Batch: 170/9482, Loss: 2913.423, Trans_L2_m: 0.898, Yaw_err_deg: 8.848
Epoch: [3/4], Batch: 180/9482, Loss: 3063.166, Trans_L2_m: 1.311, Yaw_err_deg: 9.072
Epoch: [3/4], Batch: 190/9482, Loss: 154.168, Trans_L2_m: 1.116, Yaw_err_deg: 1.209
Epoch: [3/4], Batch: 200/9482, Loss: 2907.483, Trans_L2_m: 1.296, Yaw_err_deg: 10.603
Epoch: [3/4], Batch: 210/9482, Loss: 2809.846, Trans_L2_m: 1.785, Yaw_err_deg: 9.148
Epoch: [3/4], Batch: 220/9482, Loss: 2958.379, Trans_L2_m: 1.902, Yaw_err_deg: 8.655
Epoch: [3/4], Batch: 230/9482, Loss: 2514.029, Trans_L2_m: 1.473, Yaw_err_deg: 7.649
Epoch: [3/4], Batch: 240/9482, Loss: 3047.976, Trans_L2_m: 1.337, Yaw_err_deg: 8.682
Epoch: [3/4], Batch: 250/9482, Loss: 3207.154, Trans_L2_m: 1.001, Yaw_err_deg: 8.009
Epoch: [3/4], Batch: 260/9482, Loss: 3516.628, Trans_L2_m: 0.953, Yaw_err_deg: 10.727
Epoch: [3/4], Batch: 270/9482, Loss: 3863.021, Trans_L2_m: 1.211, Yaw_err_deg: 10.343
Epoch: [3/4], Batch: 280/9482, Loss: 2198.380, Trans_L2_m: 1.072, Yaw_err_deg: 7.639
Epoch: [3/4], Batch: 290/9482, Loss: 1362.132, Trans_L2_m: 1.047, Yaw_err_deg: 5.697
Epoch: [3/4], Batch: 300/9482, Loss: 906.948, Trans_L2_m: 1.216, Yaw_err_deg: 4.368
Epoch: [3/4], Batch: 310/9482, Loss: 11076.627, Trans_L2_m: 3.819, Yaw_err_deg: 18.020
Epoch: [3/4], Batch: 320/9482, Loss: 4851.685, Trans_L2_m: 1.074, Yaw_err_deg: 12.185
Epoch: [3/4], Batch: 330/9482, Loss: 6210.970, Trans_L2_m: 0.919, Yaw_err_deg: 13.487
Epoch: [3/4], Batch: 340/9482, Loss: 5170.515, Trans_L2_m: 1.005, Yaw_err_deg: 13.188
Epoch: [3/4], Batch: 350/9482, Loss: 1408.763, Trans_L2_m: 1.010, Yaw_err_deg: 6.886
Epoch: [3/4], Batch: 360/9482, Loss: 2143.827, Trans_L2_m: 0.651, Yaw_err_deg: 7.802
Epoch: [3/4], Batch: 370/9482, Loss: 6230.919, Trans_L2_m: 1.454, Yaw_err_deg: 14.780
Epoch: [3/4], Batch: 380/9482, Loss: 3372.830, Trans_L2_m: 0.935, Yaw_err_deg: 11.001
Epoch: [3/4], Batch: 390/9482, Loss: 1221.183, Trans_L2_m: 1.012, Yaw_err_deg: 6.062
Epoch: [3/4], Batch: 400/9482, Loss: 2006.227, Trans_L2_m: 0.491, Yaw_err_deg: 8.035
Epoch: [3/4], Batch: 410/9482, Loss: 1271.957, Trans_L2_m: 0.648, Yaw_err_deg: 5.158
Epoch: [3/4], Batch: 420/9482, Loss: 3989.237, Trans_L2_m: 0.908, Yaw_err_deg: 11.043
Epoch: [3/4], Batch: 430/9482, Loss: 3532.210, Trans_L2_m: 0.892, Yaw_err_deg: 8.476
Epoch: [3/4], Batch: 440/9482, Loss: 1941.463, Trans_L2_m: 1.166, Yaw_err_deg: 7.840
Epoch: [3/4], Batch: 450/9482, Loss: 1389.260, Trans_L2_m: 1.367, Yaw_err_deg: 6.818
Epoch: [3/4], Batch: 460/9482, Loss: 2081.273, Trans_L2_m: 1.053, Yaw_err_deg: 6.922
Epoch: [3/4], Batch: 470/9482, Loss: 3170.728, Trans_L2_m: 0.635, Yaw_err_deg: 9.422
Epoch: [3/4], Batch: 480/9482, Loss: 4114.756, Trans_L2_m: 0.949, Yaw_err_deg: 12.111
Epoch: [3/4], Batch: 490/9482, Loss: 3799.987, Trans_L2_m: 1.243, Yaw_err_deg: 11.030
Epoch: [3/4], Batch: 500/9482, Loss: 4633.302, Trans_L2_m: 1.045, Yaw_err_deg: 12.365
Epoch: [3/4], Batch: 510/9482, Loss: 1802.071, Trans_L2_m: 0.964, Yaw_err_deg: 7.155
Epoch: [3/4], Batch: 520/9482, Loss: 3706.829, Trans_L2_m: 1.723, Yaw_err_deg: 9.467
Epoch: [3/4], Batch: 530/9482, Loss: 731.281, Trans_L2_m: 1.498, Yaw_err_deg: 3.843
Epoch: [3/4], Batch: 540/9482, Loss: 1676.147, Trans_L2_m: 0.917, Yaw_err_deg: 6.982
Epoch: [3/4], Batch: 550/9482, Loss: 2647.953, Trans_L2_m: 0.930, Yaw_err_deg: 9.094
Epoch: [3/4], Batch: 560/9482, Loss: 4154.945, Trans_L2_m: 1.342, Yaw_err_deg: 9.348
Epoch: [3/4], Batch: 570/9482, Loss: 2413.395, Trans_L2_m: 1.271, Yaw_err_deg: 8.913
Epoch: [3/4], Batch: 580/9482, Loss: 2322.099, Trans_L2_m: 1.117, Yaw_err_deg: 8.507
Epoch: [3/4], Batch: 590/9482, Loss: 2427.968, Trans_L2_m: 0.985, Yaw_err_deg: 7.955
Epoch: [3/4], Batch: 600/9482, Loss: 2178.164, Trans_L2_m: 1.100, Yaw_err_deg: 6.343
Epoch: [3/4], Batch: 610/9482, Loss: 2237.665, Trans_L2_m: 1.189, Yaw_err_deg: 6.861
Epoch: [3/4], Batch: 620/9482, Loss: 2868.536, Trans_L2_m: 1.230, Yaw_err_deg: 10.578
Epoch: [3/4], Batch: 630/9482, Loss: 1139.718, Trans_L2_m: 1.670, Yaw_err_deg: 4.459
Epoch: [3/4], Batch: 640/9482, Loss: 919.525, Trans_L2_m: 0.821, Yaw_err_deg: 4.701
Epoch: [3/4], Batch: 650/9482, Loss: 2203.043, Trans_L2_m: 0.946, Yaw_err_deg: 8.423
Epoch: [3/4], Batch: 660/9482, Loss: 1430.570, Trans_L2_m: 1.210, Yaw_err_deg: 6.380
Epoch: [3/4], Batch: 670/9482, Loss: 1193.540, Trans_L2_m: 1.112, Yaw_err_deg: 5.763
Epoch: [3/4], Batch: 680/9482, Loss: 2912.739, Trans_L2_m: 2.841, Yaw_err_deg: 8.719
Epoch: [3/4], Batch: 690/9482, Loss: 342.320, Trans_L2_m: 1.350, Yaw_err_deg: 2.318
Epoch: [3/4], Batch: 700/9482, Loss: 4160.287, Trans_L2_m: 1.142, Yaw_err_deg: 11.650
Epoch: [3/4], Batch: 710/9482, Loss: 1751.856, Trans_L2_m: 1.638, Yaw_err_deg: 6.983
Epoch: [3/4], Batch: 720/9482, Loss: 202.698, Trans_L2_m: 1.522, Yaw_err_deg: 1.898
Epoch: [3/4], Batch: 730/9482, Loss: 1664.569, Trans_L2_m: 2.273, Yaw_err_deg: 6.388
Epoch: [3/4], Batch: 740/9482, Loss: 2948.988, Trans_L2_m: 3.995, Yaw_err_deg: 8.893
Epoch: [3/4], Batch: 750/9482, Loss: 3191.736, Trans_L2_m: 1.352, Yaw_err_deg: 10.091
Epoch: [3/4], Batch: 760/9482, Loss: 2580.890, Trans_L2_m: 1.177, Yaw_err_deg: 8.049
Epoch: [3/4], Batch: 770/9482, Loss: 3291.814, Trans_L2_m: 1.640, Yaw_err_deg: 10.874
Epoch: [3/4], Batch: 780/9482, Loss: 1473.454, Trans_L2_m: 1.196, Yaw_err_deg: 6.005
Epoch: [3/4], Batch: 790/9482, Loss: 2568.703, Trans_L2_m: 1.454, Yaw_err_deg: 7.785
Epoch: [3/4], Batch: 800/9482, Loss: 3824.532, Trans_L2_m: 1.725, Yaw_err_deg: 10.666
Epoch: [3/4], Batch: 810/9482, Loss: 4091.125, Trans_L2_m: 1.008, Yaw_err_deg: 10.305
Epoch: [3/4], Batch: 820/9482, Loss: 2751.522, Trans_L2_m: 1.011, Yaw_err_deg: 8.067
Epoch: [3/4], Batch: 830/9482, Loss: 1942.874, Trans_L2_m: 1.200, Yaw_err_deg: 6.648
Epoch: [3/4], Batch: 840/9482, Loss: 2092.354, Trans_L2_m: 1.238, Yaw_err_deg: 7.845
Epoch: [3/4], Batch: 850/9482, Loss: 2339.442, Trans_L2_m: 2.242, Yaw_err_deg: 8.943
Epoch: [3/4], Batch: 860/9482, Loss: 2142.655, Trans_L2_m: 1.140, Yaw_err_deg: 7.173
Epoch: [3/4], Batch: 870/9482, Loss: 1060.613, Trans_L2_m: 0.786, Yaw_err_deg: 4.283
Epoch: [3/4], Batch: 880/9482, Loss: 3294.362, Trans_L2_m: 1.235, Yaw_err_deg: 10.694
Epoch: [3/4], Batch: 890/9482, Loss: 2435.179, Trans_L2_m: 1.901, Yaw_err_deg: 6.369
Epoch: [3/4], Batch: 900/9482, Loss: 4713.093, Trans_L2_m: 1.267, Yaw_err_deg: 13.247
Epoch: [3/4], Batch: 910/9482, Loss: 3036.832, Trans_L2_m: 1.158, Yaw_err_deg: 10.201
Epoch: [3/4], Batch: 920/9482, Loss: 5822.366, Trans_L2_m: 1.286, Yaw_err_deg: 10.303
Epoch: [3/4], Batch: 930/9482, Loss: 3618.901, Trans_L2_m: 1.197, Yaw_err_deg: 7.644
Epoch: [3/4], Batch: 940/9482, Loss: 2555.440, Trans_L2_m: 1.728, Yaw_err_deg: 7.903
Epoch: [3/4], Batch: 950/9482, Loss: 3879.353, Trans_L2_m: 0.781, Yaw_err_deg: 10.294
Epoch: [3/4], Batch: 960/9482, Loss: 1231.317, Trans_L2_m: 1.258, Yaw_err_deg: 5.720
Epoch: [3/4], Batch: 970/9482, Loss: 819.557, Trans_L2_m: 1.077, Yaw_err_deg: 5.180
Epoch: [3/4], Batch: 980/9482, Loss: 3781.031, Trans_L2_m: 0.641, Yaw_err_deg: 10.346
Epoch: [3/4], Batch: 990/9482, Loss: 2110.899, Trans_L2_m: 1.124, Yaw_err_deg: 7.916
Epoch: [3/4], Batch: 1000/9482, Loss: 6268.947, Trans_L2_m: 1.166, Yaw_err_deg: 13.368
Epoch: [3/4], Batch: 1010/9482, Loss: 1501.358, Trans_L2_m: 0.929, Yaw_err_deg: 6.744
Epoch: [3/4], Batch: 1020/9482, Loss: 3369.819, Trans_L2_m: 1.738, Yaw_err_deg: 11.293
Epoch: [3/4], Batch: 1030/9482, Loss: 1785.464, Trans_L2_m: 0.856, Yaw_err_deg: 7.915
Epoch: [3/4], Batch: 1040/9482, Loss: 1015.016, Trans_L2_m: 1.050, Yaw_err_deg: 3.881
Epoch: [3/4], Batch: 1050/9482, Loss: 2147.919, Trans_L2_m: 0.810, Yaw_err_deg: 8.791
Epoch: [3/4], Batch: 1060/9482, Loss: 2740.498, Trans_L2_m: 1.274, Yaw_err_deg: 9.248
Epoch: [3/4], Batch: 1070/9482, Loss: 1350.785, Trans_L2_m: 1.110, Yaw_err_deg: 5.891
Epoch: [3/4], Batch: 1080/9482, Loss: 1202.753, Trans_L2_m: 1.487, Yaw_err_deg: 5.367
Epoch: [3/4], Batch: 1090/9482, Loss: 2152.738, Trans_L2_m: 1.324, Yaw_err_deg: 7.376
Epoch: [3/4], Batch: 1100/9482, Loss: 5114.445, Trans_L2_m: 1.113, Yaw_err_deg: 11.306
Epoch: [3/4], Batch: 1110/9482, Loss: 1417.799, Trans_L2_m: 1.517, Yaw_err_deg: 5.577
Epoch: [3/4], Batch: 1120/9482, Loss: 3502.645, Trans_L2_m: 1.209, Yaw_err_deg: 9.057
Epoch: [3/4], Batch: 1130/9482, Loss: 1959.360, Trans_L2_m: 1.294, Yaw_err_deg: 7.530
Epoch: [3/4], Batch: 1140/9482, Loss: 3568.170, Trans_L2_m: 1.117, Yaw_err_deg: 11.346
Epoch: [3/4], Batch: 1150/9482, Loss: 1293.777, Trans_L2_m: 0.773, Yaw_err_deg: 6.137
Epoch: [3/4], Batch: 1160/9482, Loss: 2264.290, Trans_L2_m: 0.637, Yaw_err_deg: 8.169
Epoch: [3/4], Batch: 1170/9482, Loss: 5067.490, Trans_L2_m: 1.445, Yaw_err_deg: 13.724
Epoch: [3/4], Batch: 1180/9482, Loss: 6856.068, Trans_L2_m: 0.866, Yaw_err_deg: 16.026
Epoch: [3/4], Batch: 1190/9482, Loss: 1760.662, Trans_L2_m: 0.685, Yaw_err_deg: 6.900
Epoch: [3/4], Batch: 1200/9482, Loss: 5607.116, Trans_L2_m: 1.623, Yaw_err_deg: 13.672
Epoch: [3/4], Batch: 1210/9482, Loss: 4285.509, Trans_L2_m: 0.817, Yaw_err_deg: 9.935
Epoch: [3/4], Batch: 1220/9482, Loss: 3173.927, Trans_L2_m: 1.619, Yaw_err_deg: 10.308
Epoch: [3/4], Batch: 1230/9482, Loss: 2686.116, Trans_L2_m: 1.528, Yaw_err_deg: 8.331
Epoch: [3/4], Batch: 1240/9482, Loss: 644.518, Trans_L2_m: 0.987, Yaw_err_deg: 4.296
Epoch: [3/4], Batch: 1250/9482, Loss: 3652.789, Trans_L2_m: 1.028, Yaw_err_deg: 10.584
Epoch: [3/4], Batch: 1260/9482, Loss: 2940.475, Trans_L2_m: 1.655, Yaw_err_deg: 8.812
Epoch: [3/4], Batch: 1270/9482, Loss: 3710.562, Trans_L2_m: 1.811, Yaw_err_deg: 9.788
Epoch: [3/4], Batch: 1280/9482, Loss: 4246.245, Trans_L2_m: 1.386, Yaw_err_deg: 11.834
Epoch: [3/4], Batch: 1290/9482, Loss: 5334.740, Trans_L2_m: 1.136, Yaw_err_deg: 12.180
Epoch: [3/4], Batch: 1300/9482, Loss: 1754.789, Trans_L2_m: 0.992, Yaw_err_deg: 6.729
Epoch: [3/4], Batch: 1310/9482, Loss: 3397.339, Trans_L2_m: 1.444, Yaw_err_deg: 10.722
Epoch: [3/4], Batch: 1320/9482, Loss: 3181.078, Trans_L2_m: 1.225, Yaw_err_deg: 9.855
Epoch: [3/4], Batch: 1330/9482, Loss: 1045.663, Trans_L2_m: 1.251, Yaw_err_deg: 5.068
Epoch: [3/4], Batch: 1340/9482, Loss: 1801.571, Trans_L2_m: 0.874, Yaw_err_deg: 7.171
Epoch: [3/4], Batch: 1350/9482, Loss: 2698.500, Trans_L2_m: 1.297, Yaw_err_deg: 7.844
Epoch: [3/4], Batch: 1360/9482, Loss: 2351.213, Trans_L2_m: 1.016, Yaw_err_deg: 7.890
Epoch: [3/4], Batch: 1370/9482, Loss: 1718.166, Trans_L2_m: 1.144, Yaw_err_deg: 6.601
Epoch: [3/4], Batch: 1380/9482, Loss: 2326.632, Trans_L2_m: 0.951, Yaw_err_deg: 9.039
Epoch: [3/4], Batch: 1390/9482, Loss: 2652.867, Trans_L2_m: 1.246, Yaw_err_deg: 7.369
Epoch: [3/4], Batch: 1400/9482, Loss: 1295.777, Trans_L2_m: 2.106, Yaw_err_deg: 6.623
Epoch: [3/4], Batch: 1410/9482, Loss: 4172.588, Trans_L2_m: 2.261, Yaw_err_deg: 10.119
Epoch: [3/4], Batch: 1420/9482, Loss: 2608.408, Trans_L2_m: 1.414, Yaw_err_deg: 9.024
Epoch: [3/4], Batch: 1430/9482, Loss: 3952.666, Trans_L2_m: 1.199, Yaw_err_deg: 11.147
Epoch: [3/4], Batch: 1440/9482, Loss: 1558.721, Trans_L2_m: 1.341, Yaw_err_deg: 6.627
Epoch: [3/4], Batch: 1450/9482, Loss: 2147.594, Trans_L2_m: 1.000, Yaw_err_deg: 8.625
Epoch: [3/4], Batch: 1460/9482, Loss: 2677.358, Trans_L2_m: 0.890, Yaw_err_deg: 9.460
Epoch: [3/4], Batch: 1470/9482, Loss: 2664.887, Trans_L2_m: 1.412, Yaw_err_deg: 6.187
Epoch: [3/4], Batch: 1480/9482, Loss: 3810.193, Trans_L2_m: 6.264, Yaw_err_deg: 5.321
Epoch: [3/4], Batch: 1490/9482, Loss: 699.933, Trans_L2_m: 1.097, Yaw_err_deg: 4.440
Epoch: [3/4], Batch: 1500/9482, Loss: 3543.549, Trans_L2_m: 1.210, Yaw_err_deg: 10.809
Epoch: [3/4], Batch: 1510/9482, Loss: 1492.345, Trans_L2_m: 0.873, Yaw_err_deg: 6.957
Epoch: [3/4], Batch: 1520/9482, Loss: 2657.739, Trans_L2_m: 1.012, Yaw_err_deg: 8.430
Epoch: [3/4], Batch: 1530/9482, Loss: 2588.102, Trans_L2_m: 1.442, Yaw_err_deg: 7.612
Epoch: [3/4], Batch: 1540/9482, Loss: 2679.678, Trans_L2_m: 1.480, Yaw_err_deg: 8.072
Epoch: [3/4], Batch: 1550/9482, Loss: 3436.695, Trans_L2_m: 1.110, Yaw_err_deg: 7.958
Epoch: [3/4], Batch: 1560/9482, Loss: 1272.550, Trans_L2_m: 0.878, Yaw_err_deg: 5.906
Epoch: [3/4], Batch: 1570/9482, Loss: 3411.596, Trans_L2_m: 0.922, Yaw_err_deg: 10.854
Epoch: [3/4], Batch: 1580/9482, Loss: 2620.243, Trans_L2_m: 1.150, Yaw_err_deg: 7.260
Epoch: [3/4], Batch: 1590/9482, Loss: 4916.228, Trans_L2_m: 1.085, Yaw_err_deg: 13.797
Epoch: [3/4], Batch: 1600/9482, Loss: 1976.920, Trans_L2_m: 0.934, Yaw_err_deg: 7.289
Epoch: [3/4], Batch: 1610/9482, Loss: 1355.929, Trans_L2_m: 1.278, Yaw_err_deg: 4.668
Epoch: [3/4], Batch: 1620/9482, Loss: 1975.659, Trans_L2_m: 1.170, Yaw_err_deg: 6.616
Epoch: [3/4], Batch: 1630/9482, Loss: 2179.605, Trans_L2_m: 1.458, Yaw_err_deg: 6.704
Epoch: [3/4], Batch: 1640/9482, Loss: 1952.227, Trans_L2_m: 1.151, Yaw_err_deg: 6.708
Epoch: [3/4], Batch: 1650/9482, Loss: 2659.213, Trans_L2_m: 0.717, Yaw_err_deg: 8.421
Epoch: [3/4], Batch: 1660/9482, Loss: 417.759, Trans_L2_m: 1.141, Yaw_err_deg: 3.342
Epoch: [3/4], Batch: 1670/9482, Loss: 3040.878, Trans_L2_m: 0.929, Yaw_err_deg: 9.397
Epoch: [3/4], Batch: 1680/9482, Loss: 1075.486, Trans_L2_m: 2.485, Yaw_err_deg: 3.767
Epoch: [3/4], Batch: 1690/9482, Loss: 1128.248, Trans_L2_m: 1.030, Yaw_err_deg: 5.522
Epoch: [3/4], Batch: 1700/9482, Loss: 3292.279, Trans_L2_m: 0.798, Yaw_err_deg: 8.780
Epoch: [3/4], Batch: 1710/9482, Loss: 2488.691, Trans_L2_m: 1.721, Yaw_err_deg: 7.783
Epoch: [3/4], Batch: 1720/9482, Loss: 3189.083, Trans_L2_m: 0.611, Yaw_err_deg: 10.602
Epoch: [3/4], Batch: 1730/9482, Loss: 448.182, Trans_L2_m: 0.541, Yaw_err_deg: 3.234
Epoch: [3/4], Batch: 1740/9482, Loss: 4628.262, Trans_L2_m: 1.416, Yaw_err_deg: 12.629
Epoch: [3/4], Batch: 1750/9482, Loss: 2351.320, Trans_L2_m: 0.786, Yaw_err_deg: 7.255
Epoch: [3/4], Batch: 1760/9482, Loss: 1443.389, Trans_L2_m: 0.854, Yaw_err_deg: 4.297
Epoch: [3/4], Batch: 1770/9482, Loss: 967.638, Trans_L2_m: 1.103, Yaw_err_deg: 4.979
Epoch: [3/4], Batch: 1780/9482, Loss: 2046.236, Trans_L2_m: 0.868, Yaw_err_deg: 8.068
Epoch: [3/4], Batch: 1790/9482, Loss: 3745.407, Trans_L2_m: 1.207, Yaw_err_deg: 9.001
Epoch: [3/4], Batch: 1800/9482, Loss: 1939.921, Trans_L2_m: 0.881, Yaw_err_deg: 6.942
Epoch: [3/4], Batch: 1810/9482, Loss: 2269.396, Trans_L2_m: 1.504, Yaw_err_deg: 8.248
Epoch: [3/4], Batch: 1820/9482, Loss: 1314.759, Trans_L2_m: 0.883, Yaw_err_deg: 6.456
Epoch: [3/4], Batch: 1830/9482, Loss: 925.784, Trans_L2_m: 1.394, Yaw_err_deg: 5.707
Epoch: [3/4], Batch: 1840/9482, Loss: 2750.456, Trans_L2_m: 0.881, Yaw_err_deg: 9.217
Epoch: [3/4], Batch: 1850/9482, Loss: 1713.536, Trans_L2_m: 1.276, Yaw_err_deg: 6.252
Epoch: [3/4], Batch: 1860/9482, Loss: 5959.182, Trans_L2_m: 1.147, Yaw_err_deg: 12.765
Epoch: [3/4], Batch: 1870/9482, Loss: 1472.711, Trans_L2_m: 1.212, Yaw_err_deg: 6.275
Epoch: [3/4], Batch: 1880/9482, Loss: 1987.447, Trans_L2_m: 1.242, Yaw_err_deg: 6.354
Epoch: [3/4], Batch: 1890/9482, Loss: 1477.551, Trans_L2_m: 1.493, Yaw_err_deg: 6.325
Epoch: [3/4], Batch: 1900/9482, Loss: 2979.327, Trans_L2_m: 1.659, Yaw_err_deg: 8.765
Epoch: [3/4], Batch: 1910/9482, Loss: 1543.542, Trans_L2_m: 1.142, Yaw_err_deg: 5.206
Epoch: [3/4], Batch: 1920/9482, Loss: 4291.837, Trans_L2_m: 1.465, Yaw_err_deg: 11.796
Epoch: [3/4], Batch: 1930/9482, Loss: 2047.558, Trans_L2_m: 1.008, Yaw_err_deg: 6.647
Epoch: [3/4], Batch: 1940/9482, Loss: 5689.567, Trans_L2_m: 0.834, Yaw_err_deg: 14.172
Epoch: [3/4], Batch: 1950/9482, Loss: 2153.908, Trans_L2_m: 1.631, Yaw_err_deg: 7.905
Epoch: [3/4], Batch: 1960/9482, Loss: 1349.446, Trans_L2_m: 1.502, Yaw_err_deg: 5.687
Epoch: [3/4], Batch: 1970/9482, Loss: 1484.514, Trans_L2_m: 0.977, Yaw_err_deg: 7.321
Epoch: [3/4], Batch: 1980/9482, Loss: 3942.068, Trans_L2_m: 1.359, Yaw_err_deg: 10.077
Epoch: [3/4], Batch: 1990/9482, Loss: 2486.854, Trans_L2_m: 0.374, Yaw_err_deg: 7.995
Epoch: [3/4], Batch: 2000/9482, Loss: 1737.185, Trans_L2_m: 1.351, Yaw_err_deg: 7.283
Epoch: [3/4], Batch: 2010/9482, Loss: 2098.395, Trans_L2_m: 1.511, Yaw_err_deg: 7.912
Epoch: [3/4], Batch: 2020/9482, Loss: 1475.757, Trans_L2_m: 1.697, Yaw_err_deg: 7.049
Epoch: [3/4], Batch: 2030/9482, Loss: 3033.368, Trans_L2_m: 0.809, Yaw_err_deg: 9.623
Epoch: [3/4], Batch: 2040/9482, Loss: 2565.967, Trans_L2_m: 1.070, Yaw_err_deg: 9.025
Epoch: [3/4], Batch: 2050/9482, Loss: 3194.731, Trans_L2_m: 1.325, Yaw_err_deg: 10.603
Epoch: [3/4], Batch: 2060/9482, Loss: 4248.625, Trans_L2_m: 1.376, Yaw_err_deg: 12.046
Epoch: [3/4], Batch: 2070/9482, Loss: 2647.070, Trans_L2_m: 1.404, Yaw_err_deg: 8.603
Epoch: [3/4], Batch: 2080/9482, Loss: 2813.643, Trans_L2_m: 1.098, Yaw_err_deg: 9.553
Epoch: [3/4], Batch: 2090/9482, Loss: 337.022, Trans_L2_m: 1.003, Yaw_err_deg: 3.210
Epoch: [3/4], Batch: 2100/9482, Loss: 1866.867, Trans_L2_m: 1.209, Yaw_err_deg: 6.648
Epoch: [3/4], Batch: 2110/9482, Loss: 3005.486, Trans_L2_m: 1.311, Yaw_err_deg: 9.243
Epoch: [3/4], Batch: 2120/9482, Loss: 1588.395, Trans_L2_m: 0.938, Yaw_err_deg: 7.093
Epoch: [3/4], Batch: 2130/9482, Loss: 802.666, Trans_L2_m: 1.218, Yaw_err_deg: 4.224
Epoch: [3/4], Batch: 2140/9482, Loss: 3225.486, Trans_L2_m: 1.706, Yaw_err_deg: 8.929
Epoch: [3/4], Batch: 2150/9482, Loss: 3449.139, Trans_L2_m: 1.524, Yaw_err_deg: 9.308
Epoch: [3/4], Batch: 2160/9482, Loss: 2754.816, Trans_L2_m: 0.701, Yaw_err_deg: 7.394
Epoch: [3/4], Batch: 2170/9482, Loss: 3109.099, Trans_L2_m: 1.763, Yaw_err_deg: 10.283
Epoch: [3/4], Batch: 2180/9482, Loss: 765.257, Trans_L2_m: 1.399, Yaw_err_deg: 4.321
Epoch: [3/4], Batch: 2190/9482, Loss: 1519.454, Trans_L2_m: 1.689, Yaw_err_deg: 6.425
Epoch: [3/4], Batch: 2200/9482, Loss: 4939.695, Trans_L2_m: 2.898, Yaw_err_deg: 11.183
Epoch: [3/4], Batch: 2210/9482, Loss: 2773.172, Trans_L2_m: 1.685, Yaw_err_deg: 7.334
Epoch: [3/4], Batch: 2220/9482, Loss: 1090.671, Trans_L2_m: 1.199, Yaw_err_deg: 5.416
Epoch: [3/4], Batch: 2230/9482, Loss: 1836.341, Trans_L2_m: 0.761, Yaw_err_deg: 6.154
Epoch: [3/4], Batch: 2240/9482, Loss: 2021.160, Trans_L2_m: 1.997, Yaw_err_deg: 6.921
Epoch: [3/4], Batch: 2250/9482, Loss: 3185.906, Trans_L2_m: 1.372, Yaw_err_deg: 9.922
Epoch: [3/4], Batch: 2260/9482, Loss: 4848.396, Trans_L2_m: 0.953, Yaw_err_deg: 11.966
Epoch: [3/4], Batch: 2270/9482, Loss: 1798.979, Trans_L2_m: 1.143, Yaw_err_deg: 7.033
Epoch: [3/4], Batch: 2280/9482, Loss: 3859.413, Trans_L2_m: 1.049, Yaw_err_deg: 11.707
Epoch: [3/4], Batch: 2290/9482, Loss: 4460.438, Trans_L2_m: 1.133, Yaw_err_deg: 11.773
Epoch: [3/4], Batch: 2300/9482, Loss: 3003.843, Trans_L2_m: 1.257, Yaw_err_deg: 9.265
Epoch: [3/4], Batch: 2310/9482, Loss: 1980.284, Trans_L2_m: 1.272, Yaw_err_deg: 7.273
Epoch: [3/4], Batch: 2320/9482, Loss: 3496.955, Trans_L2_m: 1.956, Yaw_err_deg: 10.203
Epoch: [3/4], Batch: 2330/9482, Loss: 493.168, Trans_L2_m: 1.654, Yaw_err_deg: 2.809
Epoch: [3/4], Batch: 2340/9482, Loss: 3347.949, Trans_L2_m: 2.089, Yaw_err_deg: 8.809
Epoch: [3/4], Batch: 2350/9482, Loss: 1870.147, Trans_L2_m: 2.126, Yaw_err_deg: 6.689
Epoch: [3/4], Batch: 2360/9482, Loss: 2926.611, Trans_L2_m: 1.101, Yaw_err_deg: 9.259
Epoch: [3/4], Batch: 2370/9482, Loss: 2542.390, Trans_L2_m: 1.162, Yaw_err_deg: 8.291
Epoch: [3/4], Batch: 2380/9482, Loss: 4691.981, Trans_L2_m: 1.193, Yaw_err_deg: 11.436
Epoch: [3/4], Batch: 2390/9482, Loss: 2243.655, Trans_L2_m: 1.231, Yaw_err_deg: 6.110
Epoch: [3/4], Batch: 2400/9482, Loss: 1176.391, Trans_L2_m: 0.791, Yaw_err_deg: 6.280
Epoch: [3/4], Batch: 2410/9482, Loss: 2871.861, Trans_L2_m: 1.712, Yaw_err_deg: 8.128
Epoch: [3/4], Batch: 2420/9482, Loss: 3173.434, Trans_L2_m: 1.062, Yaw_err_deg: 8.387
Epoch: [3/4], Batch: 2430/9482, Loss: 8150.622, Trans_L2_m: 1.256, Yaw_err_deg: 17.500
Epoch: [3/4], Batch: 2440/9482, Loss: 2641.741, Trans_L2_m: 1.228, Yaw_err_deg: 7.480
Epoch: [3/4], Batch: 2450/9482, Loss: 1800.018, Trans_L2_m: 1.076, Yaw_err_deg: 6.948
Epoch: [3/4], Batch: 2460/9482, Loss: 3658.693, Trans_L2_m: 1.564, Yaw_err_deg: 10.575
Epoch: [3/4], Batch: 2470/9482, Loss: 1447.196, Trans_L2_m: 1.184, Yaw_err_deg: 6.171
Epoch: [3/4], Batch: 2480/9482, Loss: 3207.775, Trans_L2_m: 2.466, Yaw_err_deg: 7.750
Epoch: [3/4], Batch: 2490/9482, Loss: 3448.374, Trans_L2_m: 1.031, Yaw_err_deg: 9.615
Epoch: [3/4], Batch: 2500/9482, Loss: 2883.803, Trans_L2_m: 1.925, Yaw_err_deg: 8.972
Epoch: [3/4], Batch: 2510/9482, Loss: 944.136, Trans_L2_m: 1.808, Yaw_err_deg: 5.046
Epoch: [3/4], Batch: 2520/9482, Loss: 831.974, Trans_L2_m: 1.435, Yaw_err_deg: 4.341
Epoch: [3/4], Batch: 2530/9482, Loss: 2108.263, Trans_L2_m: 2.131, Yaw_err_deg: 7.132
Epoch: [3/4], Batch: 2540/9482, Loss: 2980.007, Trans_L2_m: 1.318, Yaw_err_deg: 8.653
Epoch: [3/4], Batch: 2550/9482, Loss: 3518.622, Trans_L2_m: 1.442, Yaw_err_deg: 11.137
Epoch: [3/4], Batch: 2560/9482, Loss: 2555.842, Trans_L2_m: 1.280, Yaw_err_deg: 8.875
Epoch: [3/4], Batch: 2570/9482, Loss: 2978.879, Trans_L2_m: 1.439, Yaw_err_deg: 8.457
Epoch: [3/4], Batch: 2580/9482, Loss: 3381.334, Trans_L2_m: 1.544, Yaw_err_deg: 8.949
Epoch: [3/4], Batch: 2590/9482, Loss: 734.767, Trans_L2_m: 1.536, Yaw_err_deg: 4.602
Epoch: [3/4], Batch: 2600/9482, Loss: 2013.868, Trans_L2_m: 2.126, Yaw_err_deg: 7.167
Epoch: [3/4], Batch: 2610/9482, Loss: 1903.115, Trans_L2_m: 0.939, Yaw_err_deg: 7.437
Epoch: [3/4], Batch: 2620/9482, Loss: 3551.260, Trans_L2_m: 1.015, Yaw_err_deg: 10.798
Epoch: [3/4], Batch: 2630/9482, Loss: 3428.442, Trans_L2_m: 1.236, Yaw_err_deg: 9.210
Epoch: [3/4], Batch: 2640/9482, Loss: 2369.199, Trans_L2_m: 1.807, Yaw_err_deg: 8.021
Epoch: [3/4], Batch: 2650/9482, Loss: 2505.664, Trans_L2_m: 0.975, Yaw_err_deg: 8.743
Epoch: [3/4], Batch: 2660/9482, Loss: 1324.878, Trans_L2_m: 1.592, Yaw_err_deg: 6.337
Epoch: [3/4], Batch: 2670/9482, Loss: 3049.974, Trans_L2_m: 0.903, Yaw_err_deg: 8.079
Epoch: [3/4], Batch: 2680/9482, Loss: 4874.999, Trans_L2_m: 1.551, Yaw_err_deg: 10.612
Epoch: [3/4], Batch: 2690/9482, Loss: 2659.620, Trans_L2_m: 1.065, Yaw_err_deg: 8.598
Epoch: [3/4], Batch: 2700/9482, Loss: 6722.526, Trans_L2_m: 0.744, Yaw_err_deg: 14.311
Epoch: [3/4], Batch: 2710/9482, Loss: 2308.276, Trans_L2_m: 1.921, Yaw_err_deg: 7.425
Epoch: [3/4], Batch: 2720/9482, Loss: 1924.302, Trans_L2_m: 1.174, Yaw_err_deg: 6.635
Epoch: [3/4], Batch: 2730/9482, Loss: 3531.825, Trans_L2_m: 3.910, Yaw_err_deg: 9.232
Epoch: [3/4], Batch: 2740/9482, Loss: 3145.792, Trans_L2_m: 1.688, Yaw_err_deg: 6.231
Epoch: [3/4], Batch: 2750/9482, Loss: 1789.719, Trans_L2_m: 1.315, Yaw_err_deg: 7.864
Epoch: [3/4], Batch: 2760/9482, Loss: 4779.864, Trans_L2_m: 1.014, Yaw_err_deg: 12.776
Epoch: [3/4], Batch: 2770/9482, Loss: 1959.610, Trans_L2_m: 1.777, Yaw_err_deg: 6.443
Epoch: [3/4], Batch: 2780/9482, Loss: 1515.719, Trans_L2_m: 1.673, Yaw_err_deg: 5.993
Epoch: [3/4], Batch: 2790/9482, Loss: 1904.838, Trans_L2_m: 1.288, Yaw_err_deg: 7.291
Epoch: [3/4], Batch: 2800/9482, Loss: 2057.739, Trans_L2_m: 1.341, Yaw_err_deg: 8.844
Epoch: [3/4], Batch: 2810/9482, Loss: 3397.433, Trans_L2_m: 0.576, Yaw_err_deg: 9.882
Epoch: [3/4], Batch: 2820/9482, Loss: 2324.857, Trans_L2_m: 1.509, Yaw_err_deg: 7.258
Epoch: [3/4], Batch: 2830/9482, Loss: 4212.917, Trans_L2_m: 0.784, Yaw_err_deg: 9.704
Epoch: [3/4], Batch: 2840/9482, Loss: 350.843, Trans_L2_m: 2.311, Yaw_err_deg: 1.646
Epoch: [3/4], Batch: 2850/9482, Loss: 6129.794, Trans_L2_m: 1.813, Yaw_err_deg: 14.856
Epoch: [3/4], Batch: 2860/9482, Loss: 7110.246, Trans_L2_m: 1.219, Yaw_err_deg: 15.275
Epoch: [3/4], Batch: 2870/9482, Loss: 1845.329, Trans_L2_m: 1.773, Yaw_err_deg: 7.277
Epoch: [3/4], Batch: 2880/9482, Loss: 1520.146, Trans_L2_m: 0.831, Yaw_err_deg: 6.493
Epoch: [3/4], Batch: 2890/9482, Loss: 2110.221, Trans_L2_m: 1.628, Yaw_err_deg: 8.302
Epoch: [3/4], Batch: 2900/9482, Loss: 3086.584, Trans_L2_m: 1.402, Yaw_err_deg: 9.939
Epoch: [3/4], Batch: 2910/9482, Loss: 1110.124, Trans_L2_m: 1.661, Yaw_err_deg: 5.821
Epoch: [3/4], Batch: 2920/9482, Loss: 2508.066, Trans_L2_m: 1.149, Yaw_err_deg: 8.311
Epoch: [3/4], Batch: 2930/9482, Loss: 1497.698, Trans_L2_m: 3.056, Yaw_err_deg: 6.036
Epoch: [3/4], Batch: 2940/9482, Loss: 2186.953, Trans_L2_m: 1.392, Yaw_err_deg: 7.387
Epoch: [3/4], Batch: 2950/9482, Loss: 4104.720, Trans_L2_m: 0.977, Yaw_err_deg: 10.565
Epoch: [3/4], Batch: 2960/9482, Loss: 5450.282, Trans_L2_m: 1.460, Yaw_err_deg: 12.482
Epoch: [3/4], Batch: 2970/9482, Loss: 2503.157, Trans_L2_m: 1.023, Yaw_err_deg: 7.885
Epoch: [3/4], Batch: 2980/9482, Loss: 3204.964, Trans_L2_m: 1.402, Yaw_err_deg: 9.587
Epoch: [3/4], Batch: 2990/9482, Loss: 1314.626, Trans_L2_m: 1.891, Yaw_err_deg: 5.956
Epoch: [3/4], Batch: 3000/9482, Loss: 3443.969, Trans_L2_m: 2.986, Yaw_err_deg: 10.112
Epoch: [3/4], Batch: 3010/9482, Loss: 1280.986, Trans_L2_m: 1.338, Yaw_err_deg: 5.110
Epoch: [3/4], Batch: 3020/9482, Loss: 853.254, Trans_L2_m: 1.168, Yaw_err_deg: 4.626
Epoch: [3/4], Batch: 3030/9482, Loss: 3917.708, Trans_L2_m: 1.103, Yaw_err_deg: 10.758
Epoch: [3/4], Batch: 3040/9482, Loss: 2259.198, Trans_L2_m: 0.975, Yaw_err_deg: 6.794
Epoch: [3/4], Batch: 3050/9482, Loss: 347.713, Trans_L2_m: 0.911, Yaw_err_deg: 3.324
Epoch: [3/4], Batch: 3060/9482, Loss: 5742.235, Trans_L2_m: 1.299, Yaw_err_deg: 12.808
Epoch: [3/4], Batch: 3070/9482, Loss: 1411.087, Trans_L2_m: 1.626, Yaw_err_deg: 6.022
Epoch: [3/4], Batch: 3080/9482, Loss: 4444.514, Trans_L2_m: 1.103, Yaw_err_deg: 12.585
Epoch: [3/4], Batch: 3090/9482, Loss: 4898.048, Trans_L2_m: 0.925, Yaw_err_deg: 11.056
Epoch: [3/4], Batch: 3100/9482, Loss: 1735.286, Trans_L2_m: 1.168, Yaw_err_deg: 6.530
Epoch: [3/4], Batch: 3110/9482, Loss: 1575.208, Trans_L2_m: 1.999, Yaw_err_deg: 5.830
Epoch: [3/4], Batch: 3120/9482, Loss: 5162.077, Trans_L2_m: 1.008, Yaw_err_deg: 9.831
Epoch: [3/4], Batch: 3130/9482, Loss: 1482.774, Trans_L2_m: 2.102, Yaw_err_deg: 6.485
Epoch: [3/4], Batch: 3140/9482, Loss: 2310.372, Trans_L2_m: 0.695, Yaw_err_deg: 8.802
Epoch: [3/4], Batch: 3150/9482, Loss: 3430.575, Trans_L2_m: 1.663, Yaw_err_deg: 9.038
Epoch: [3/4], Batch: 3160/9482, Loss: 1752.771, Trans_L2_m: 1.390, Yaw_err_deg: 7.089
Epoch: [3/4], Batch: 3170/9482, Loss: 1835.078, Trans_L2_m: 0.912, Yaw_err_deg: 6.693
Epoch: [3/4], Batch: 3180/9482, Loss: 5744.112, Trans_L2_m: 3.076, Yaw_err_deg: 11.852
Epoch: [3/4], Batch: 3190/9482, Loss: 3977.094, Trans_L2_m: 2.078, Yaw_err_deg: 10.081
Epoch: [3/4], Batch: 3200/9482, Loss: 4226.909, Trans_L2_m: 0.971, Yaw_err_deg: 10.461
Epoch: [3/4], Batch: 3210/9482, Loss: 1406.009, Trans_L2_m: 2.349, Yaw_err_deg: 5.554
Epoch: [3/4], Batch: 3220/9482, Loss: 4139.799, Trans_L2_m: 1.080, Yaw_err_deg: 11.532
Epoch: [3/4], Batch: 3230/9482, Loss: 1549.740, Trans_L2_m: 1.313, Yaw_err_deg: 6.095
Epoch: [3/4], Batch: 3240/9482, Loss: 1309.196, Trans_L2_m: 1.099, Yaw_err_deg: 5.958
Epoch: [3/4], Batch: 3250/9482, Loss: 1347.155, Trans_L2_m: 1.051, Yaw_err_deg: 6.021
Epoch: [3/4], Batch: 3260/9482, Loss: 3717.404, Trans_L2_m: 1.354, Yaw_err_deg: 9.461
Epoch: [3/4], Batch: 3270/9482, Loss: 5971.871, Trans_L2_m: 1.446, Yaw_err_deg: 12.094
Epoch: [3/4], Batch: 3280/9482, Loss: 3591.053, Trans_L2_m: 0.962, Yaw_err_deg: 8.022
Epoch: [3/4], Batch: 3290/9482, Loss: 2574.666, Trans_L2_m: 0.968, Yaw_err_deg: 8.055
Epoch: [3/4], Batch: 3300/9482, Loss: 2073.554, Trans_L2_m: 0.949, Yaw_err_deg: 7.170
Epoch: [3/4], Batch: 3310/9482, Loss: 2384.620, Trans_L2_m: 0.975, Yaw_err_deg: 7.863
Epoch: [3/4], Batch: 3320/9482, Loss: 2731.022, Trans_L2_m: 0.844, Yaw_err_deg: 8.433
Epoch: [3/4], Batch: 3330/9482, Loss: 2593.775, Trans_L2_m: 1.325, Yaw_err_deg: 8.807
Epoch: [3/4], Batch: 3340/9482, Loss: 5426.090, Trans_L2_m: 1.203, Yaw_err_deg: 14.024
Epoch: [3/4], Batch: 3350/9482, Loss: 1846.601, Trans_L2_m: 1.111, Yaw_err_deg: 6.754
Epoch: [3/4], Batch: 3360/9482, Loss: 6844.241, Trans_L2_m: 1.527, Yaw_err_deg: 15.222
Epoch: [3/4], Batch: 3370/9482, Loss: 1657.812, Trans_L2_m: 1.673, Yaw_err_deg: 5.428
Epoch: [3/4], Batch: 3380/9482, Loss: 2050.650, Trans_L2_m: 0.379, Yaw_err_deg: 7.887
Epoch: [3/4], Batch: 3390/9482, Loss: 3125.643, Trans_L2_m: 0.799, Yaw_err_deg: 10.174
Epoch: [3/4], Batch: 3400/9482, Loss: 999.819, Trans_L2_m: 1.383, Yaw_err_deg: 4.395
Epoch: [3/4], Batch: 3410/9482, Loss: 789.575, Trans_L2_m: 0.959, Yaw_err_deg: 5.110
Epoch: [3/4], Batch: 3420/9482, Loss: 856.472, Trans_L2_m: 1.084, Yaw_err_deg: 3.608
Epoch: [3/4], Batch: 3430/9482, Loss: 2060.445, Trans_L2_m: 1.244, Yaw_err_deg: 7.364
Epoch: [3/4], Batch: 3440/9482, Loss: 3468.434, Trans_L2_m: 1.148, Yaw_err_deg: 8.557
Epoch: [3/4], Batch: 3450/9482, Loss: 1318.882, Trans_L2_m: 1.584, Yaw_err_deg: 6.336
Epoch: [3/4], Batch: 3460/9482, Loss: 1250.467, Trans_L2_m: 0.780, Yaw_err_deg: 6.149
Epoch: [3/4], Batch: 3470/9482, Loss: 1766.744, Trans_L2_m: 1.641, Yaw_err_deg: 5.169
Epoch: [3/4], Batch: 3480/9482, Loss: 5188.885, Trans_L2_m: 1.187, Yaw_err_deg: 11.065
Epoch: [3/4], Batch: 3490/9482, Loss: 4326.614, Trans_L2_m: 1.417, Yaw_err_deg: 11.978
Epoch: [3/4], Batch: 3500/9482, Loss: 3147.869, Trans_L2_m: 0.611, Yaw_err_deg: 9.706
Epoch: [3/4], Batch: 3510/9482, Loss: 4463.292, Trans_L2_m: 0.922, Yaw_err_deg: 11.197
Epoch: [3/4], Batch: 3520/9482, Loss: 3457.908, Trans_L2_m: 3.729, Yaw_err_deg: 8.880
Epoch: [3/4], Batch: 3530/9482, Loss: 2232.860, Trans_L2_m: 1.331, Yaw_err_deg: 6.352
Epoch: [3/4], Batch: 3540/9482, Loss: 1385.658, Trans_L2_m: 1.438, Yaw_err_deg: 7.061
Epoch: [3/4], Batch: 3550/9482, Loss: 1486.710, Trans_L2_m: 1.331, Yaw_err_deg: 6.952
Epoch: [3/4], Batch: 3560/9482, Loss: 1760.694, Trans_L2_m: 2.501, Yaw_err_deg: 6.765
Epoch: [3/4], Batch: 3570/9482, Loss: 2646.325, Trans_L2_m: 0.754, Yaw_err_deg: 8.653
Epoch: [3/4], Batch: 3580/9482, Loss: 4182.134, Trans_L2_m: 1.271, Yaw_err_deg: 9.720
Epoch: [3/4], Batch: 3590/9482, Loss: 3405.483, Trans_L2_m: 1.490, Yaw_err_deg: 9.537
Epoch: [3/4], Batch: 3600/9482, Loss: 3311.514, Trans_L2_m: 2.147, Yaw_err_deg: 10.080
Epoch: [3/4], Batch: 3610/9482, Loss: 2187.873, Trans_L2_m: 1.221, Yaw_err_deg: 8.381
Epoch: [3/4], Batch: 3620/9482, Loss: 1429.312, Trans_L2_m: 1.169, Yaw_err_deg: 5.550
Epoch: [3/4], Batch: 3630/9482, Loss: 1896.193, Trans_L2_m: 1.057, Yaw_err_deg: 7.722
Epoch: [3/4], Batch: 3640/9482, Loss: 1711.915, Trans_L2_m: 1.451, Yaw_err_deg: 6.383
Epoch: [3/4], Batch: 3650/9482, Loss: 1286.083, Trans_L2_m: 1.056, Yaw_err_deg: 6.207
Epoch: [3/4], Batch: 3660/9482, Loss: 1673.948, Trans_L2_m: 1.123, Yaw_err_deg: 6.438
Epoch: [3/4], Batch: 3670/9482, Loss: 812.262, Trans_L2_m: 0.876, Yaw_err_deg: 4.571
Epoch: [3/4], Batch: 3680/9482, Loss: 1741.775, Trans_L2_m: 1.149, Yaw_err_deg: 7.630
Epoch: [3/4], Batch: 3690/9482, Loss: 6310.653, Trans_L2_m: 2.221, Yaw_err_deg: 13.348
Epoch: [3/4], Batch: 3700/9482, Loss: 1645.884, Trans_L2_m: 1.740, Yaw_err_deg: 7.083
Epoch: [3/4], Batch: 3710/9482, Loss: 907.556, Trans_L2_m: 1.559, Yaw_err_deg: 5.057
Epoch: [3/4], Batch: 3720/9482, Loss: 4322.773, Trans_L2_m: 1.509, Yaw_err_deg: 11.111
Epoch: [3/4], Batch: 3730/9482, Loss: 776.059, Trans_L2_m: 0.935, Yaw_err_deg: 4.096
Epoch: [3/4], Batch: 3740/9482, Loss: 6046.694, Trans_L2_m: 1.010, Yaw_err_deg: 12.829
Epoch: [3/4], Batch: 3750/9482, Loss: 1857.259, Trans_L2_m: 1.491, Yaw_err_deg: 6.857
Epoch: [3/4], Batch: 3760/9482, Loss: 1782.286, Trans_L2_m: 0.876, Yaw_err_deg: 5.189
Epoch: [3/4], Batch: 3770/9482, Loss: 1413.913, Trans_L2_m: 1.737, Yaw_err_deg: 6.703
Epoch: [3/4], Batch: 3780/9482, Loss: 1721.531, Trans_L2_m: 1.159, Yaw_err_deg: 6.055
Epoch: [3/4], Batch: 3790/9482, Loss: 723.760, Trans_L2_m: 1.280, Yaw_err_deg: 4.713
Epoch: [3/4], Batch: 3800/9482, Loss: 1832.556, Trans_L2_m: 0.645, Yaw_err_deg: 7.615
Epoch: [3/4], Batch: 3810/9482, Loss: 3548.514, Trans_L2_m: 1.220, Yaw_err_deg: 10.573
Epoch: [3/4], Batch: 3820/9482, Loss: 1231.869, Trans_L2_m: 1.064, Yaw_err_deg: 4.952
Epoch: [3/4], Batch: 3830/9482, Loss: 4680.693, Trans_L2_m: 0.967, Yaw_err_deg: 12.778
Epoch: [3/4], Batch: 3840/9482, Loss: 6169.171, Trans_L2_m: 1.193, Yaw_err_deg: 12.165
Epoch: [3/4], Batch: 3850/9482, Loss: 3114.124, Trans_L2_m: 1.063, Yaw_err_deg: 7.471
Epoch: [3/4], Batch: 3860/9482, Loss: 1868.666, Trans_L2_m: 0.845, Yaw_err_deg: 6.164
Epoch: [3/4], Batch: 3870/9482, Loss: 2545.119, Trans_L2_m: 1.179, Yaw_err_deg: 8.576
Epoch: [3/4], Batch: 3880/9482, Loss: 1026.081, Trans_L2_m: 1.059, Yaw_err_deg: 4.365
Epoch: [3/4], Batch: 3890/9482, Loss: 5159.684, Trans_L2_m: 0.941, Yaw_err_deg: 11.565
Epoch: [3/4], Batch: 3900/9482, Loss: 2662.905, Trans_L2_m: 1.369, Yaw_err_deg: 8.543
Epoch: [3/4], Batch: 3910/9482, Loss: 2140.448, Trans_L2_m: 1.259, Yaw_err_deg: 7.543
Epoch: [3/4], Batch: 3920/9482, Loss: 1732.432, Trans_L2_m: 1.332, Yaw_err_deg: 6.272
Epoch: [3/4], Batch: 3930/9482, Loss: 2230.066, Trans_L2_m: 0.851, Yaw_err_deg: 7.984
Epoch: [3/4], Batch: 3940/9482, Loss: 3645.921, Trans_L2_m: 1.258, Yaw_err_deg: 10.440
Epoch: [3/4], Batch: 3950/9482, Loss: 3279.700, Trans_L2_m: 1.119, Yaw_err_deg: 10.142
Epoch: [3/4], Batch: 3960/9482, Loss: 2200.127, Trans_L2_m: 1.291, Yaw_err_deg: 6.585
Epoch: [3/4], Batch: 3970/9482, Loss: 1673.537, Trans_L2_m: 0.945, Yaw_err_deg: 6.952
Epoch: [3/4], Batch: 3980/9482, Loss: 2284.116, Trans_L2_m: 1.288, Yaw_err_deg: 7.800
Epoch: [3/4], Batch: 3990/9482, Loss: 2979.197, Trans_L2_m: 1.542, Yaw_err_deg: 8.962
Epoch: [3/4], Batch: 4000/9482, Loss: 1421.945, Trans_L2_m: 1.485, Yaw_err_deg: 5.874
Epoch: [3/4], Batch: 4010/9482, Loss: 679.489, Trans_L2_m: 0.770, Yaw_err_deg: 4.638
Epoch: [3/4], Batch: 4020/9482, Loss: 4727.872, Trans_L2_m: 1.353, Yaw_err_deg: 12.052
Epoch: [3/4], Batch: 4030/9482, Loss: 3462.533, Trans_L2_m: 1.507, Yaw_err_deg: 8.801
Epoch: [3/4], Batch: 4040/9482, Loss: 3208.672, Trans_L2_m: 1.066, Yaw_err_deg: 10.401
Epoch: [3/4], Batch: 4050/9482, Loss: 3032.891, Trans_L2_m: 1.295, Yaw_err_deg: 10.320
Epoch: [3/4], Batch: 4060/9482, Loss: 250.712, Trans_L2_m: 1.227, Yaw_err_deg: 1.155
Epoch: [3/4], Batch: 4070/9482, Loss: 2630.484, Trans_L2_m: 1.380, Yaw_err_deg: 10.061
Epoch: [3/4], Batch: 4080/9482, Loss: 5318.283, Trans_L2_m: 1.713, Yaw_err_deg: 11.983
Epoch: [3/4], Batch: 4090/9482, Loss: 4010.277, Trans_L2_m: 0.954, Yaw_err_deg: 10.165
Epoch: [3/4], Batch: 4100/9482, Loss: 469.003, Trans_L2_m: 0.849, Yaw_err_deg: 3.098
Epoch: [3/4], Batch: 4110/9482, Loss: 1375.741, Trans_L2_m: 1.125, Yaw_err_deg: 5.812
Epoch: [3/4], Batch: 4120/9482, Loss: 1006.768, Trans_L2_m: 2.063, Yaw_err_deg: 4.789
Epoch: [3/4], Batch: 4130/9482, Loss: 2434.715, Trans_L2_m: 1.447, Yaw_err_deg: 8.712
Epoch: [3/4], Batch: 4140/9482, Loss: 2344.780, Trans_L2_m: 1.360, Yaw_err_deg: 7.873
Epoch: [3/4], Batch: 4150/9482, Loss: 1023.436, Trans_L2_m: 1.195, Yaw_err_deg: 5.841
Epoch: [3/4], Batch: 4160/9482, Loss: 2490.975, Trans_L2_m: 1.318, Yaw_err_deg: 8.495
Epoch: [3/4], Batch: 4170/9482, Loss: 677.918, Trans_L2_m: 1.236, Yaw_err_deg: 3.807
Epoch: [3/4], Batch: 4180/9482, Loss: 1043.652, Trans_L2_m: 0.747, Yaw_err_deg: 5.142
Epoch: [3/4], Batch: 4190/9482, Loss: 2944.787, Trans_L2_m: 0.678, Yaw_err_deg: 8.565
Epoch: [3/4], Batch: 4200/9482, Loss: 3732.507, Trans_L2_m: 1.236, Yaw_err_deg: 10.188
Epoch: [3/4], Batch: 4210/9482, Loss: 3990.816, Trans_L2_m: 1.425, Yaw_err_deg: 9.306
Epoch: [3/4], Batch: 4220/9482, Loss: 402.680, Trans_L2_m: 1.733, Yaw_err_deg: 2.440
Epoch: [3/4], Batch: 4230/9482, Loss: 1142.991, Trans_L2_m: 1.018, Yaw_err_deg: 5.058
Epoch: [3/4], Batch: 4240/9482, Loss: 3155.106, Trans_L2_m: 0.839, Yaw_err_deg: 10.108
Epoch: [3/4], Batch: 4250/9482, Loss: 3031.491, Trans_L2_m: 0.814, Yaw_err_deg: 8.588
Epoch: [3/4], Batch: 4260/9482, Loss: 1793.115, Trans_L2_m: 1.254, Yaw_err_deg: 7.007
Epoch: [3/4], Batch: 4270/9482, Loss: 3486.159, Trans_L2_m: 1.575, Yaw_err_deg: 9.122
Epoch: [3/4], Batch: 4280/9482, Loss: 1178.237, Trans_L2_m: 1.101, Yaw_err_deg: 5.901
Epoch: [3/4], Batch: 4290/9482, Loss: 4923.124, Trans_L2_m: 0.720, Yaw_err_deg: 11.217
Epoch: [3/4], Batch: 4300/9482, Loss: 3558.294, Trans_L2_m: 0.921, Yaw_err_deg: 10.202
Epoch: [3/4], Batch: 4310/9482, Loss: 1851.396, Trans_L2_m: 0.952, Yaw_err_deg: 7.728
Epoch: [3/4], Batch: 4320/9482, Loss: 672.212, Trans_L2_m: 1.403, Yaw_err_deg: 3.951
Epoch: [3/4], Batch: 4330/9482, Loss: 564.077, Trans_L2_m: 1.253, Yaw_err_deg: 4.228
Epoch: [3/4], Batch: 4340/9482, Loss: 2315.639, Trans_L2_m: 1.398, Yaw_err_deg: 8.785
Epoch: [3/4], Batch: 4350/9482, Loss: 3766.488, Trans_L2_m: 1.211, Yaw_err_deg: 11.194
Epoch: [3/4], Batch: 4360/9482, Loss: 1153.890, Trans_L2_m: 1.402, Yaw_err_deg: 5.378
Epoch: [3/4], Batch: 4370/9482, Loss: 6353.269, Trans_L2_m: 1.185, Yaw_err_deg: 12.624
Epoch: [3/4], Batch: 4380/9482, Loss: 2974.693, Trans_L2_m: 1.034, Yaw_err_deg: 9.054
Epoch: [3/4], Batch: 4390/9482, Loss: 1760.231, Trans_L2_m: 0.958, Yaw_err_deg: 7.027
Epoch: [3/4], Batch: 4400/9482, Loss: 991.485, Trans_L2_m: 1.059, Yaw_err_deg: 5.168
Epoch: [3/4], Batch: 4410/9482, Loss: 1121.694, Trans_L2_m: 1.313, Yaw_err_deg: 5.487
Epoch: [3/4], Batch: 4420/9482, Loss: 1587.726, Trans_L2_m: 1.140, Yaw_err_deg: 6.588
Epoch: [3/4], Batch: 4430/9482, Loss: 2490.863, Trans_L2_m: 1.296, Yaw_err_deg: 8.140
Epoch: [3/4], Batch: 4440/9482, Loss: 6195.772, Trans_L2_m: 1.665, Yaw_err_deg: 12.067
Epoch: [3/4], Batch: 4450/9482, Loss: 1233.494, Trans_L2_m: 1.112, Yaw_err_deg: 4.859
Epoch: [3/4], Batch: 4460/9482, Loss: 1519.672, Trans_L2_m: 1.683, Yaw_err_deg: 6.007
Epoch: [3/4], Batch: 4470/9482, Loss: 4297.647, Trans_L2_m: 0.707, Yaw_err_deg: 10.276
Epoch: [3/4], Batch: 4480/9482, Loss: 1993.432, Trans_L2_m: 0.544, Yaw_err_deg: 7.958
Epoch: [3/4], Batch: 4490/9482, Loss: 3557.280, Trans_L2_m: 1.091, Yaw_err_deg: 10.828
Epoch: [3/4], Batch: 4500/9482, Loss: 1264.473, Trans_L2_m: 1.380, Yaw_err_deg: 6.127
Epoch: [3/4], Batch: 4510/9482, Loss: 2603.006, Trans_L2_m: 1.255, Yaw_err_deg: 8.463
Epoch: [3/4], Batch: 4520/9482, Loss: 664.158, Trans_L2_m: 1.353, Yaw_err_deg: 4.046
Epoch: [3/4], Batch: 4530/9482, Loss: 4732.865, Trans_L2_m: 1.197, Yaw_err_deg: 11.434
Epoch: [3/4], Batch: 4540/9482, Loss: 1019.023, Trans_L2_m: 1.259, Yaw_err_deg: 5.948
Epoch: [3/4], Batch: 4550/9482, Loss: 1637.243, Trans_L2_m: 1.808, Yaw_err_deg: 7.168
Epoch: [3/4], Batch: 4560/9482, Loss: 1554.716, Trans_L2_m: 1.145, Yaw_err_deg: 6.814
Epoch: [3/4], Batch: 4570/9482, Loss: 932.501, Trans_L2_m: 0.652, Yaw_err_deg: 4.206
Epoch: [3/4], Batch: 4580/9482, Loss: 1522.789, Trans_L2_m: 1.502, Yaw_err_deg: 6.593
Epoch: [3/4], Batch: 4590/9482, Loss: 1940.505, Trans_L2_m: 0.971, Yaw_err_deg: 7.621
Epoch: [3/4], Batch: 4600/9482, Loss: 1767.050, Trans_L2_m: 2.693, Yaw_err_deg: 5.382
Epoch: [3/4], Batch: 4610/9482, Loss: 2398.482, Trans_L2_m: 1.159, Yaw_err_deg: 8.828
Epoch: [3/4], Batch: 4620/9482, Loss: 5444.843, Trans_L2_m: 0.991, Yaw_err_deg: 14.061
Epoch: [3/4], Batch: 4630/9482, Loss: 1960.804, Trans_L2_m: 2.154, Yaw_err_deg: 7.962
Epoch: [3/4], Batch: 4640/9482, Loss: 3385.365, Trans_L2_m: 1.458, Yaw_err_deg: 8.808
Epoch: [3/4], Batch: 4650/9482, Loss: 3995.240, Trans_L2_m: 0.849, Yaw_err_deg: 11.357
Epoch: [3/4], Batch: 4660/9482, Loss: 451.811, Trans_L2_m: 1.111, Yaw_err_deg: 2.889
Epoch: [3/4], Batch: 4670/9482, Loss: 1303.574, Trans_L2_m: 2.236, Yaw_err_deg: 5.501
Epoch: [3/4], Batch: 4680/9482, Loss: 5019.697, Trans_L2_m: 1.306, Yaw_err_deg: 10.953
Epoch: [3/4], Batch: 4690/9482, Loss: 2619.811, Trans_L2_m: 1.214, Yaw_err_deg: 6.876
Epoch: [3/4], Batch: 4700/9482, Loss: 2644.092, Trans_L2_m: 0.757, Yaw_err_deg: 8.538
Epoch: [3/4], Batch: 4710/9482, Loss: 2034.048, Trans_L2_m: 0.706, Yaw_err_deg: 7.206
Epoch: [3/4], Batch: 4720/9482, Loss: 2031.434, Trans_L2_m: 1.120, Yaw_err_deg: 6.413
Epoch: [3/4], Batch: 4730/9482, Loss: 897.598, Trans_L2_m: 1.512, Yaw_err_deg: 5.065
Epoch: [3/4], Batch: 4740/9482, Loss: 2601.666, Trans_L2_m: 1.174, Yaw_err_deg: 9.810
Epoch: [3/4], Batch: 4750/9482, Loss: 2749.350, Trans_L2_m: 5.472, Yaw_err_deg: 4.024
Epoch: [3/4], Batch: 4760/9482, Loss: 1238.421, Trans_L2_m: 1.568, Yaw_err_deg: 5.789
Epoch: [3/4], Batch: 4770/9482, Loss: 3644.140, Trans_L2_m: 1.176, Yaw_err_deg: 10.218
Epoch: [3/4], Batch: 4780/9482, Loss: 1650.939, Trans_L2_m: 2.696, Yaw_err_deg: 6.663
Epoch: [3/4], Batch: 4790/9482, Loss: 3426.354, Trans_L2_m: 1.417, Yaw_err_deg: 9.972
Epoch: [3/4], Batch: 4800/9482, Loss: 1145.239, Trans_L2_m: 2.193, Yaw_err_deg: 6.007
Epoch: [3/4], Batch: 4810/9482, Loss: 2223.994, Trans_L2_m: 1.391, Yaw_err_deg: 7.062
Epoch: [3/4], Batch: 4820/9482, Loss: 2772.644, Trans_L2_m: 1.056, Yaw_err_deg: 7.981
Epoch: [3/4], Batch: 4830/9482, Loss: 3714.050, Trans_L2_m: 1.428, Yaw_err_deg: 8.566
Epoch: [3/4], Batch: 4840/9482, Loss: 2626.192, Trans_L2_m: 0.888, Yaw_err_deg: 8.058
Epoch: [3/4], Batch: 4850/9482, Loss: 3355.244, Trans_L2_m: 0.960, Yaw_err_deg: 9.434
Epoch: [3/4], Batch: 4860/9482, Loss: 1608.526, Trans_L2_m: 1.169, Yaw_err_deg: 7.141
Epoch: [3/4], Batch: 4870/9482, Loss: 2844.983, Trans_L2_m: 1.069, Yaw_err_deg: 10.258
Epoch: [3/4], Batch: 4880/9482, Loss: 3361.050, Trans_L2_m: 1.438, Yaw_err_deg: 10.316
Epoch: [3/4], Batch: 4890/9482, Loss: 3197.134, Trans_L2_m: 0.724, Yaw_err_deg: 8.940
Epoch: [3/4], Batch: 4900/9482, Loss: 3855.083, Trans_L2_m: 1.561, Yaw_err_deg: 9.083
Epoch: [3/4], Batch: 4910/9482, Loss: 4186.637, Trans_L2_m: 1.407, Yaw_err_deg: 10.558
Epoch: [3/4], Batch: 4920/9482, Loss: 2132.809, Trans_L2_m: 1.033, Yaw_err_deg: 8.651
Epoch: [3/4], Batch: 4930/9482, Loss: 700.249, Trans_L2_m: 1.064, Yaw_err_deg: 3.787
Epoch: [3/4], Batch: 4940/9482, Loss: 3033.964, Trans_L2_m: 0.882, Yaw_err_deg: 8.485
Epoch: [3/4], Batch: 4950/9482, Loss: 1535.944, Trans_L2_m: 1.384, Yaw_err_deg: 5.960
Epoch: [3/4], Batch: 4960/9482, Loss: 2564.164, Trans_L2_m: 0.771, Yaw_err_deg: 8.549
Epoch: [3/4], Batch: 4970/9482, Loss: 210.991, Trans_L2_m: 1.250, Yaw_err_deg: 1.857
Epoch: [3/4], Batch: 4980/9482, Loss: 716.671, Trans_L2_m: 0.790, Yaw_err_deg: 4.894
Epoch: [3/4], Batch: 4990/9482, Loss: 998.128, Trans_L2_m: 0.807, Yaw_err_deg: 5.339
Epoch: [3/4], Batch: 5000/9482, Loss: 2380.734, Trans_L2_m: 2.079, Yaw_err_deg: 7.718
Epoch: [3/4], Batch: 5010/9482, Loss: 2051.459, Trans_L2_m: 0.839, Yaw_err_deg: 7.615
Epoch: [3/4], Batch: 5020/9482, Loss: 1380.906, Trans_L2_m: 1.052, Yaw_err_deg: 5.181
Epoch: [3/4], Batch: 5030/9482, Loss: 2950.203, Trans_L2_m: 1.058, Yaw_err_deg: 8.949
Epoch: [3/4], Batch: 5040/9482, Loss: 1402.947, Trans_L2_m: 1.538, Yaw_err_deg: 6.314
Epoch: [3/4], Batch: 5050/9482, Loss: 2462.589, Trans_L2_m: 1.107, Yaw_err_deg: 8.113
Epoch: [3/4], Batch: 5060/9482, Loss: 2016.524, Trans_L2_m: 1.274, Yaw_err_deg: 8.019
Epoch: [3/4], Batch: 5070/9482, Loss: 1962.617, Trans_L2_m: 1.277, Yaw_err_deg: 7.106
Epoch: [3/4], Batch: 5080/9482, Loss: 4035.710, Trans_L2_m: 1.213, Yaw_err_deg: 10.968
Epoch: [3/4], Batch: 5090/9482, Loss: 3641.711, Trans_L2_m: 1.071, Yaw_err_deg: 9.473
Epoch: [3/4], Batch: 5100/9482, Loss: 1226.664, Trans_L2_m: 1.842, Yaw_err_deg: 5.193
Epoch: [3/4], Batch: 5110/9482, Loss: 325.726, Trans_L2_m: 1.016, Yaw_err_deg: 1.928
Epoch: [3/4], Batch: 5120/9482, Loss: 1121.876, Trans_L2_m: 1.325, Yaw_err_deg: 5.443
Epoch: [3/4], Batch: 5130/9482, Loss: 778.476, Trans_L2_m: 1.627, Yaw_err_deg: 4.731
Epoch: [3/4], Batch: 5140/9482, Loss: 4618.218, Trans_L2_m: 1.055, Yaw_err_deg: 11.245
Epoch: [3/4], Batch: 5150/9482, Loss: 1125.462, Trans_L2_m: 1.371, Yaw_err_deg: 4.978
Epoch: [3/4], Batch: 5160/9482, Loss: 2195.724, Trans_L2_m: 0.771, Yaw_err_deg: 7.362
Epoch: [3/4], Batch: 5170/9482, Loss: 2971.998, Trans_L2_m: 1.330, Yaw_err_deg: 8.487
Epoch: [3/4], Batch: 5180/9482, Loss: 3361.981, Trans_L2_m: 0.769, Yaw_err_deg: 7.823
Epoch: [3/4], Batch: 5190/9482, Loss: 5245.610, Trans_L2_m: 1.255, Yaw_err_deg: 12.908
Epoch: [3/4], Batch: 5200/9482, Loss: 3976.228, Trans_L2_m: 0.760, Yaw_err_deg: 10.494
Epoch: [3/4], Batch: 5210/9482, Loss: 2470.754, Trans_L2_m: 0.936, Yaw_err_deg: 8.506
Epoch: [3/4], Batch: 5220/9482, Loss: 3722.813, Trans_L2_m: 0.969, Yaw_err_deg: 10.926
Epoch: [3/4], Batch: 5230/9482, Loss: 2848.045, Trans_L2_m: 1.078, Yaw_err_deg: 9.797
Epoch: [3/4], Batch: 5240/9482, Loss: 709.521, Trans_L2_m: 1.150, Yaw_err_deg: 3.529
Epoch: [3/4], Batch: 5250/9482, Loss: 3193.598, Trans_L2_m: 1.113, Yaw_err_deg: 10.373
Epoch: [3/4], Batch: 5260/9482, Loss: 2179.036, Trans_L2_m: 1.167, Yaw_err_deg: 8.314
Epoch: [3/4], Batch: 5270/9482, Loss: 1754.577, Trans_L2_m: 0.654, Yaw_err_deg: 5.122
Epoch: [3/4], Batch: 5280/9482, Loss: 3711.862, Trans_L2_m: 1.870, Yaw_err_deg: 10.314
Epoch: [3/4], Batch: 5290/9482, Loss: 3119.805, Trans_L2_m: 1.150, Yaw_err_deg: 8.843
Epoch: [3/4], Batch: 5300/9482, Loss: 1764.889, Trans_L2_m: 1.381, Yaw_err_deg: 7.209
Epoch: [3/4], Batch: 5310/9482, Loss: 2692.490, Trans_L2_m: 1.025, Yaw_err_deg: 7.994
Epoch: [3/4], Batch: 5320/9482, Loss: 1513.393, Trans_L2_m: 0.460, Yaw_err_deg: 5.357
Epoch: [3/4], Batch: 5330/9482, Loss: 1326.751, Trans_L2_m: 0.735, Yaw_err_deg: 4.577
Epoch: [3/4], Batch: 5340/9482, Loss: 1981.556, Trans_L2_m: 1.565, Yaw_err_deg: 5.523
Epoch: [3/4], Batch: 5350/9482, Loss: 1289.370, Trans_L2_m: 0.721, Yaw_err_deg: 6.219
Epoch: [3/4], Batch: 5360/9482, Loss: 713.984, Trans_L2_m: 0.828, Yaw_err_deg: 3.689
Epoch: [3/4], Batch: 5370/9482, Loss: 3479.405, Trans_L2_m: 1.149, Yaw_err_deg: 8.881
Epoch: [3/4], Batch: 5380/9482, Loss: 2960.704, Trans_L2_m: 1.860, Yaw_err_deg: 8.819
Epoch: [3/4], Batch: 5390/9482, Loss: 400.381, Trans_L2_m: 1.486, Yaw_err_deg: 2.171
Epoch: [3/4], Batch: 5400/9482, Loss: 1553.555, Trans_L2_m: 0.796, Yaw_err_deg: 6.811
Epoch: [3/4], Batch: 5410/9482, Loss: 3430.051, Trans_L2_m: 0.775, Yaw_err_deg: 9.880
Epoch: [3/4], Batch: 5420/9482, Loss: 2204.750, Trans_L2_m: 1.083, Yaw_err_deg: 7.207
Epoch: [3/4], Batch: 5430/9482, Loss: 726.203, Trans_L2_m: 0.867, Yaw_err_deg: 4.546
Epoch: [3/4], Batch: 5440/9482, Loss: 2528.030, Trans_L2_m: 0.878, Yaw_err_deg: 8.365
Epoch: [3/4], Batch: 5450/9482, Loss: 3032.813, Trans_L2_m: 1.512, Yaw_err_deg: 8.061
Epoch: [3/4], Batch: 5460/9482, Loss: 1299.142, Trans_L2_m: 1.194, Yaw_err_deg: 5.645
Epoch: [3/4], Batch: 5470/9482, Loss: 1332.657, Trans_L2_m: 3.316, Yaw_err_deg: 3.923
Epoch: [3/4], Batch: 5480/9482, Loss: 1359.230, Trans_L2_m: 0.745, Yaw_err_deg: 6.612
Epoch: [3/4], Batch: 5490/9482, Loss: 906.081, Trans_L2_m: 1.241, Yaw_err_deg: 4.933
Epoch: [3/4], Batch: 5500/9482, Loss: 1581.163, Trans_L2_m: 1.646, Yaw_err_deg: 6.705
Epoch: [3/4], Batch: 5510/9482, Loss: 1150.404, Trans_L2_m: 0.912, Yaw_err_deg: 5.440
Epoch: [3/4], Batch: 5520/9482, Loss: 936.328, Trans_L2_m: 1.364, Yaw_err_deg: 5.990
Epoch: [3/4], Batch: 5530/9482, Loss: 1827.126, Trans_L2_m: 2.003, Yaw_err_deg: 7.157
Epoch: [3/4], Batch: 5540/9482, Loss: 5089.373, Trans_L2_m: 1.198, Yaw_err_deg: 12.811
Epoch: [3/4], Batch: 5550/9482, Loss: 3147.548, Trans_L2_m: 1.293, Yaw_err_deg: 9.154
Epoch: [3/4], Batch: 5560/9482, Loss: 400.339, Trans_L2_m: 1.264, Yaw_err_deg: 3.162
Epoch: [3/4], Batch: 5570/9482, Loss: 944.007, Trans_L2_m: 0.607, Yaw_err_deg: 5.151
Epoch: [3/4], Batch: 5580/9482, Loss: 762.674, Trans_L2_m: 2.073, Yaw_err_deg: 3.295
Epoch: [3/4], Batch: 5590/9482, Loss: 4820.961, Trans_L2_m: 1.270, Yaw_err_deg: 10.322
Epoch: [3/4], Batch: 5600/9482, Loss: 1056.108, Trans_L2_m: 1.990, Yaw_err_deg: 5.289
Epoch: [3/4], Batch: 5610/9482, Loss: 2705.429, Trans_L2_m: 1.699, Yaw_err_deg: 9.635
Epoch: [3/4], Batch: 5620/9482, Loss: 3112.479, Trans_L2_m: 1.437, Yaw_err_deg: 9.103
Epoch: [3/4], Batch: 5630/9482, Loss: 2152.233, Trans_L2_m: 0.845, Yaw_err_deg: 7.545
Epoch: [3/4], Batch: 5640/9482, Loss: 6093.807, Trans_L2_m: 0.996, Yaw_err_deg: 12.703
Epoch: [3/4], Batch: 5650/9482, Loss: 2153.349, Trans_L2_m: 1.059, Yaw_err_deg: 7.661
Epoch: [3/4], Batch: 5660/9482, Loss: 2919.400, Trans_L2_m: 1.449, Yaw_err_deg: 8.671
Epoch: [3/4], Batch: 5670/9482, Loss: 1441.421, Trans_L2_m: 0.800, Yaw_err_deg: 7.202
Epoch: [3/4], Batch: 5680/9482, Loss: 2201.258, Trans_L2_m: 1.642, Yaw_err_deg: 8.570
Epoch: [3/4], Batch: 5690/9482, Loss: 1418.270, Trans_L2_m: 1.704, Yaw_err_deg: 5.920
Epoch: [3/4], Batch: 5700/9482, Loss: 580.561, Trans_L2_m: 1.248, Yaw_err_deg: 4.267
Epoch: [3/4], Batch: 5710/9482, Loss: 1812.491, Trans_L2_m: 0.829, Yaw_err_deg: 7.460
Epoch: [3/4], Batch: 5720/9482, Loss: 3638.257, Trans_L2_m: 1.282, Yaw_err_deg: 10.482
Epoch: [3/4], Batch: 5730/9482, Loss: 1526.428, Trans_L2_m: 1.855, Yaw_err_deg: 5.891
Epoch: [3/4], Batch: 5740/9482, Loss: 1763.171, Trans_L2_m: 1.376, Yaw_err_deg: 6.638
Epoch: [3/4], Batch: 5750/9482, Loss: 1639.181, Trans_L2_m: 1.339, Yaw_err_deg: 5.984
Epoch: [3/4], Batch: 5760/9482, Loss: 886.444, Trans_L2_m: 0.852, Yaw_err_deg: 5.308
Epoch: [3/4], Batch: 5770/9482, Loss: 2837.439, Trans_L2_m: 1.044, Yaw_err_deg: 7.789
Epoch: [3/4], Batch: 5780/9482, Loss: 1752.901, Trans_L2_m: 0.788, Yaw_err_deg: 7.328
Epoch: [3/4], Batch: 5790/9482, Loss: 2221.401, Trans_L2_m: 1.306, Yaw_err_deg: 8.458
Epoch: [3/4], Batch: 5800/9482, Loss: 606.438, Trans_L2_m: 2.009, Yaw_err_deg: 3.221
Epoch: [3/4], Batch: 5810/9482, Loss: 943.856, Trans_L2_m: 1.407, Yaw_err_deg: 4.497
Epoch: [3/4], Batch: 5820/9482, Loss: 1649.029, Trans_L2_m: 0.878, Yaw_err_deg: 5.761
Epoch: [3/4], Batch: 5830/9482, Loss: 1154.187, Trans_L2_m: 0.862, Yaw_err_deg: 4.257
Epoch: [3/4], Batch: 5840/9482, Loss: 1933.295, Trans_L2_m: 2.405, Yaw_err_deg: 7.243
Epoch: [3/4], Batch: 5850/9482, Loss: 610.925, Trans_L2_m: 1.400, Yaw_err_deg: 3.477
Epoch: [3/4], Batch: 5860/9482, Loss: 2123.376, Trans_L2_m: 1.153, Yaw_err_deg: 6.974
Epoch: [3/4], Batch: 5870/9482, Loss: 2130.381, Trans_L2_m: 1.590, Yaw_err_deg: 5.869
Epoch: [3/4], Batch: 5880/9482, Loss: 795.329, Trans_L2_m: 0.968, Yaw_err_deg: 4.519
Epoch: [3/4], Batch: 5890/9482, Loss: 717.873, Trans_L2_m: 2.195, Yaw_err_deg: 3.775
Epoch: [3/4], Batch: 5900/9482, Loss: 1278.848, Trans_L2_m: 1.215, Yaw_err_deg: 6.105
Epoch: [3/4], Batch: 5910/9482, Loss: 3462.377, Trans_L2_m: 1.085, Yaw_err_deg: 9.375
Epoch: [3/4], Batch: 5920/9482, Loss: 1285.543, Trans_L2_m: 0.794, Yaw_err_deg: 5.013
Epoch: [3/4], Batch: 5930/9482, Loss: 2346.824, Trans_L2_m: 0.871, Yaw_err_deg: 8.523
Epoch: [3/4], Batch: 5940/9482, Loss: 476.739, Trans_L2_m: 1.163, Yaw_err_deg: 3.323
Epoch: [3/4], Batch: 5950/9482, Loss: 2420.699, Trans_L2_m: 0.851, Yaw_err_deg: 8.586
Epoch: [3/4], Batch: 5960/9482, Loss: 2726.169, Trans_L2_m: 1.489, Yaw_err_deg: 9.288
Epoch: [3/4], Batch: 5970/9482, Loss: 2862.677, Trans_L2_m: 0.992, Yaw_err_deg: 9.473
Epoch: [3/4], Batch: 5980/9482, Loss: 2229.626, Trans_L2_m: 1.113, Yaw_err_deg: 7.776
Epoch: [3/4], Batch: 5990/9482, Loss: 597.816, Trans_L2_m: 1.589, Yaw_err_deg: 3.381
Epoch: [3/4], Batch: 6000/9482, Loss: 6020.567, Trans_L2_m: 1.440, Yaw_err_deg: 11.635
Epoch: [3/4], Batch: 6010/9482, Loss: 1483.682, Trans_L2_m: 1.333, Yaw_err_deg: 6.406
Epoch: [3/4], Batch: 6020/9482, Loss: 1188.040, Trans_L2_m: 1.203, Yaw_err_deg: 5.508
Epoch: [3/4], Batch: 6030/9482, Loss: 1711.549, Trans_L2_m: 1.047, Yaw_err_deg: 7.571
Epoch: [3/4], Batch: 6040/9482, Loss: 2324.365, Trans_L2_m: 2.165, Yaw_err_deg: 8.357
Epoch: [3/4], Batch: 6050/9482, Loss: 1400.190, Trans_L2_m: 0.940, Yaw_err_deg: 6.381
Epoch: [3/4], Batch: 6060/9482, Loss: 2074.779, Trans_L2_m: 0.992, Yaw_err_deg: 7.606
Epoch: [3/4], Batch: 6070/9482, Loss: 1855.409, Trans_L2_m: 1.083, Yaw_err_deg: 6.242
Epoch: [3/4], Batch: 6080/9482, Loss: 1270.439, Trans_L2_m: 1.173, Yaw_err_deg: 5.680
Epoch: [3/4], Batch: 6090/9482, Loss: 1372.083, Trans_L2_m: 1.165, Yaw_err_deg: 6.559
Epoch: [3/4], Batch: 6100/9482, Loss: 1015.830, Trans_L2_m: 1.113, Yaw_err_deg: 3.373
Epoch: [3/4], Batch: 6110/9482, Loss: 4708.211, Trans_L2_m: 1.080, Yaw_err_deg: 9.395
Epoch: [3/4], Batch: 6120/9482, Loss: 1398.236, Trans_L2_m: 1.903, Yaw_err_deg: 5.360
Epoch: [3/4], Batch: 6130/9482, Loss: 4753.850, Trans_L2_m: 1.486, Yaw_err_deg: 10.011
Epoch: [3/4], Batch: 6140/9482, Loss: 1616.212, Trans_L2_m: 1.053, Yaw_err_deg: 6.828
Epoch: [3/4], Batch: 6150/9482, Loss: 4080.349, Trans_L2_m: 1.272, Yaw_err_deg: 10.702
Epoch: [3/4], Batch: 6160/9482, Loss: 379.748, Trans_L2_m: 1.364, Yaw_err_deg: 1.853
Epoch: [3/4], Batch: 6170/9482, Loss: 1755.786, Trans_L2_m: 1.144, Yaw_err_deg: 6.135
Epoch: [3/4], Batch: 6180/9482, Loss: 3216.886, Trans_L2_m: 1.619, Yaw_err_deg: 10.249
Epoch: [3/4], Batch: 6190/9482, Loss: 683.401, Trans_L2_m: 1.641, Yaw_err_deg: 3.900
Epoch: [3/4], Batch: 6200/9482, Loss: 656.719, Trans_L2_m: 1.114, Yaw_err_deg: 4.232
Epoch: [3/4], Batch: 6210/9482, Loss: 1839.338, Trans_L2_m: 1.120, Yaw_err_deg: 7.364
Epoch: [3/4], Batch: 6220/9482, Loss: 747.478, Trans_L2_m: 1.078, Yaw_err_deg: 3.792
Epoch: [3/4], Batch: 6230/9482, Loss: 1929.891, Trans_L2_m: 1.276, Yaw_err_deg: 7.169
Epoch: [3/4], Batch: 6240/9482, Loss: 4505.258, Trans_L2_m: 2.279, Yaw_err_deg: 11.777
Epoch: [3/4], Batch: 6250/9482, Loss: 1397.641, Trans_L2_m: 1.575, Yaw_err_deg: 4.941
Epoch: [3/4], Batch: 6260/9482, Loss: 3545.798, Trans_L2_m: 0.846, Yaw_err_deg: 8.943
Epoch: [3/4], Batch: 6270/9482, Loss: 2649.400, Trans_L2_m: 1.324, Yaw_err_deg: 8.165
Epoch: [3/4], Batch: 6280/9482, Loss: 5832.656, Trans_L2_m: 1.153, Yaw_err_deg: 13.616
Epoch: [3/4], Batch: 6290/9482, Loss: 1838.773, Trans_L2_m: 0.758, Yaw_err_deg: 7.750
Epoch: [3/4], Batch: 6300/9482, Loss: 2464.953, Trans_L2_m: 1.047, Yaw_err_deg: 8.109
Epoch: [3/4], Batch: 6310/9482, Loss: 1795.818, Trans_L2_m: 0.708, Yaw_err_deg: 7.770
Epoch: [3/4], Batch: 6320/9482, Loss: 789.922, Trans_L2_m: 1.259, Yaw_err_deg: 4.755
Epoch: [3/4], Batch: 6330/9482, Loss: 5194.015, Trans_L2_m: 1.138, Yaw_err_deg: 10.929
Epoch: [3/4], Batch: 6340/9482, Loss: 2874.568, Trans_L2_m: 1.607, Yaw_err_deg: 8.034
Epoch: [3/4], Batch: 6350/9482, Loss: 2845.218, Trans_L2_m: 0.940, Yaw_err_deg: 9.784
Epoch: [3/4], Batch: 6360/9482, Loss: 2398.516, Trans_L2_m: 0.821, Yaw_err_deg: 8.328
Epoch: [3/4], Batch: 6370/9482, Loss: 507.989, Trans_L2_m: 1.235, Yaw_err_deg: 3.209
Epoch: [3/4], Batch: 6380/9482, Loss: 2578.262, Trans_L2_m: 1.354, Yaw_err_deg: 6.972
Epoch: [3/4], Batch: 6390/9482, Loss: 1518.518, Trans_L2_m: 0.788, Yaw_err_deg: 5.915
Epoch: [3/4], Batch: 6400/9482, Loss: 1700.864, Trans_L2_m: 2.006, Yaw_err_deg: 5.707
Epoch: [3/4], Batch: 6410/9482, Loss: 2158.258, Trans_L2_m: 2.243, Yaw_err_deg: 6.558
Epoch: [3/4], Batch: 6420/9482, Loss: 602.194, Trans_L2_m: 0.958, Yaw_err_deg: 2.366
Epoch: [3/4], Batch: 6430/9482, Loss: 1592.864, Trans_L2_m: 1.499, Yaw_err_deg: 6.844
Epoch: [3/4], Batch: 6440/9482, Loss: 2067.045, Trans_L2_m: 1.490, Yaw_err_deg: 7.226
Epoch: [3/4], Batch: 6450/9482, Loss: 2216.463, Trans_L2_m: 0.590, Yaw_err_deg: 7.345
Epoch: [3/4], Batch: 6460/9482, Loss: 974.009, Trans_L2_m: 1.675, Yaw_err_deg: 4.217
Epoch: [3/4], Batch: 6470/9482, Loss: 1464.405, Trans_L2_m: 1.272, Yaw_err_deg: 5.361
Epoch: [3/4], Batch: 6480/9482, Loss: 1218.949, Trans_L2_m: 1.123, Yaw_err_deg: 4.989
Epoch: [3/4], Batch: 6490/9482, Loss: 935.033, Trans_L2_m: 1.182, Yaw_err_deg: 4.988
Epoch: [3/4], Batch: 6500/9482, Loss: 594.982, Trans_L2_m: 1.164, Yaw_err_deg: 4.642
Epoch: [3/4], Batch: 6510/9482, Loss: 1104.753, Trans_L2_m: 0.864, Yaw_err_deg: 5.276
Epoch: [3/4], Batch: 6520/9482, Loss: 1211.063, Trans_L2_m: 1.304, Yaw_err_deg: 4.842
Epoch: [3/4], Batch: 6530/9482, Loss: 1582.118, Trans_L2_m: 1.203, Yaw_err_deg: 5.623
Epoch: [3/4], Batch: 6540/9482, Loss: 2077.039, Trans_L2_m: 1.043, Yaw_err_deg: 7.670
Epoch: [3/4], Batch: 6550/9482, Loss: 1033.068, Trans_L2_m: 1.171, Yaw_err_deg: 5.699
Epoch: [3/4], Batch: 6560/9482, Loss: 5624.721, Trans_L2_m: 1.242, Yaw_err_deg: 12.729
Epoch: [3/4], Batch: 6570/9482, Loss: 3351.237, Trans_L2_m: 1.293, Yaw_err_deg: 7.278
Epoch: [3/4], Batch: 6580/9482, Loss: 1630.716, Trans_L2_m: 1.321, Yaw_err_deg: 7.862
Epoch: [3/4], Batch: 6590/9482, Loss: 799.391, Trans_L2_m: 1.277, Yaw_err_deg: 4.858
Epoch: [3/4], Batch: 6600/9482, Loss: 3243.584, Trans_L2_m: 1.403, Yaw_err_deg: 9.031
Epoch: [3/4], Batch: 6610/9482, Loss: 843.594, Trans_L2_m: 0.882, Yaw_err_deg: 5.082
Epoch: [3/4], Batch: 6620/9482, Loss: 1950.716, Trans_L2_m: 1.265, Yaw_err_deg: 6.874
Epoch: [3/4], Batch: 6630/9482, Loss: 1665.846, Trans_L2_m: 1.022, Yaw_err_deg: 6.513
Epoch: [3/4], Batch: 6640/9482, Loss: 1224.905, Trans_L2_m: 1.033, Yaw_err_deg: 6.301
Epoch: [3/4], Batch: 6650/9482, Loss: 3546.421, Trans_L2_m: 0.931, Yaw_err_deg: 8.535
Epoch: [3/4], Batch: 6660/9482, Loss: 1724.447, Trans_L2_m: 1.541, Yaw_err_deg: 6.384
Epoch: [3/4], Batch: 6670/9482, Loss: 2100.801, Trans_L2_m: 1.329, Yaw_err_deg: 8.462
Epoch: [3/4], Batch: 6680/9482, Loss: 531.722, Trans_L2_m: 2.008, Yaw_err_deg: 2.843
Epoch: [3/4], Batch: 6690/9482, Loss: 2477.978, Trans_L2_m: 1.730, Yaw_err_deg: 9.021
Epoch: [3/4], Batch: 6700/9482, Loss: 631.896, Trans_L2_m: 2.158, Yaw_err_deg: 3.339
Epoch: [3/4], Batch: 6710/9482, Loss: 1999.075, Trans_L2_m: 0.950, Yaw_err_deg: 7.187
Epoch: [3/4], Batch: 6720/9482, Loss: 1443.488, Trans_L2_m: 1.345, Yaw_err_deg: 5.720
Epoch: [3/4], Batch: 6730/9482, Loss: 597.221, Trans_L2_m: 1.222, Yaw_err_deg: 3.284
Epoch: [3/4], Batch: 6740/9482, Loss: 1851.994, Trans_L2_m: 1.308, Yaw_err_deg: 7.824
Epoch: [3/4], Batch: 6750/9482, Loss: 1975.646, Trans_L2_m: 1.113, Yaw_err_deg: 7.528
Epoch: [3/4], Batch: 6760/9482, Loss: 481.643, Trans_L2_m: 0.980, Yaw_err_deg: 2.928
Epoch: [3/4], Batch: 6770/9482, Loss: 927.736, Trans_L2_m: 1.406, Yaw_err_deg: 4.146
Epoch: [3/4], Batch: 6780/9482, Loss: 2763.660, Trans_L2_m: 1.642, Yaw_err_deg: 9.114
Epoch: [3/4], Batch: 6790/9482, Loss: 1803.867, Trans_L2_m: 0.961, Yaw_err_deg: 7.077
Epoch: [3/4], Batch: 6800/9482, Loss: 672.319, Trans_L2_m: 1.240, Yaw_err_deg: 3.934
Epoch: [3/4], Batch: 6810/9482, Loss: 956.238, Trans_L2_m: 1.756, Yaw_err_deg: 4.431
Epoch: [3/4], Batch: 6820/9482, Loss: 802.017, Trans_L2_m: 1.775, Yaw_err_deg: 4.714
Epoch: [3/4], Batch: 6830/9482, Loss: 3053.224, Trans_L2_m: 0.803, Yaw_err_deg: 8.373
Epoch: [3/4], Batch: 6840/9482, Loss: 2204.573, Trans_L2_m: 0.531, Yaw_err_deg: 8.668
Epoch: [3/4], Batch: 6850/9482, Loss: 2751.673, Trans_L2_m: 2.263, Yaw_err_deg: 6.021
Epoch: [3/4], Batch: 6860/9482, Loss: 2258.315, Trans_L2_m: 1.182, Yaw_err_deg: 7.487
Epoch: [3/4], Batch: 6870/9482, Loss: 1033.258, Trans_L2_m: 1.152, Yaw_err_deg: 4.693
Epoch: [3/4], Batch: 6880/9482, Loss: 2283.748, Trans_L2_m: 1.650, Yaw_err_deg: 8.257
Epoch: [3/4], Batch: 6890/9482, Loss: 4430.637, Trans_L2_m: 0.942, Yaw_err_deg: 10.078
Epoch: [3/4], Batch: 6900/9482, Loss: 1667.774, Trans_L2_m: 1.013, Yaw_err_deg: 7.169
Epoch: [3/4], Batch: 6910/9482, Loss: 1065.625, Trans_L2_m: 1.534, Yaw_err_deg: 4.776
Epoch: [3/4], Batch: 6920/9482, Loss: 3777.275, Trans_L2_m: 0.885, Yaw_err_deg: 10.431
Epoch: [3/4], Batch: 6930/9482, Loss: 1331.585, Trans_L2_m: 3.727, Yaw_err_deg: 4.701
Epoch: [3/4], Batch: 6940/9482, Loss: 1494.651, Trans_L2_m: 1.623, Yaw_err_deg: 5.073
Epoch: [3/4], Batch: 6950/9482, Loss: 1951.589, Trans_L2_m: 1.043, Yaw_err_deg: 6.919
Epoch: [3/4], Batch: 6960/9482, Loss: 1126.687, Trans_L2_m: 1.237, Yaw_err_deg: 5.838
Epoch: [3/4], Batch: 6970/9482, Loss: 613.944, Trans_L2_m: 1.116, Yaw_err_deg: 4.410
Epoch: [3/4], Batch: 6980/9482, Loss: 5315.215, Trans_L2_m: 0.690, Yaw_err_deg: 11.790
Epoch: [3/4], Batch: 6990/9482, Loss: 2034.981, Trans_L2_m: 1.258, Yaw_err_deg: 7.590
Epoch: [3/4], Batch: 7000/9482, Loss: 1693.145, Trans_L2_m: 1.527, Yaw_err_deg: 7.694
Epoch: [3/4], Batch: 7010/9482, Loss: 1339.148, Trans_L2_m: 1.837, Yaw_err_deg: 5.979
Epoch: [3/4], Batch: 7020/9482, Loss: 1614.342, Trans_L2_m: 1.069, Yaw_err_deg: 5.838
Epoch: [3/4], Batch: 7030/9482, Loss: 826.912, Trans_L2_m: 1.324, Yaw_err_deg: 4.299
Epoch: [3/4], Batch: 7040/9482, Loss: 1734.005, Trans_L2_m: 0.947, Yaw_err_deg: 5.217
Epoch: [3/4], Batch: 7050/9482, Loss: 477.272, Trans_L2_m: 0.937, Yaw_err_deg: 3.733
Epoch: [3/4], Batch: 7060/9482, Loss: 2124.579, Trans_L2_m: 0.716, Yaw_err_deg: 8.079
Epoch: [3/4], Batch: 7070/9482, Loss: 2549.017, Trans_L2_m: 1.171, Yaw_err_deg: 7.732
Epoch: [3/4], Batch: 7080/9482, Loss: 1170.457, Trans_L2_m: 1.602, Yaw_err_deg: 5.129
Epoch: [3/4], Batch: 7090/9482, Loss: 3210.286, Trans_L2_m: 0.977, Yaw_err_deg: 9.250
Epoch: [3/4], Batch: 7100/9482, Loss: 1972.240, Trans_L2_m: 0.619, Yaw_err_deg: 8.395
Epoch: [3/4], Batch: 7110/9482, Loss: 1725.679, Trans_L2_m: 1.667, Yaw_err_deg: 6.117
Epoch: [3/4], Batch: 7120/9482, Loss: 4364.254, Trans_L2_m: 1.323, Yaw_err_deg: 10.876
Epoch: [3/4], Batch: 7130/9482, Loss: 935.665, Trans_L2_m: 0.837, Yaw_err_deg: 3.693
Epoch: [3/4], Batch: 7140/9482, Loss: 3422.633, Trans_L2_m: 0.919, Yaw_err_deg: 9.760
Epoch: [3/4], Batch: 7150/9482, Loss: 3210.113, Trans_L2_m: 1.487, Yaw_err_deg: 7.527
Epoch: [3/4], Batch: 7160/9482, Loss: 524.389, Trans_L2_m: 1.880, Yaw_err_deg: 2.906
Epoch: [3/4], Batch: 7170/9482, Loss: 3399.954, Trans_L2_m: 1.182, Yaw_err_deg: 9.443
Epoch: [3/4], Batch: 7180/9482, Loss: 2275.874, Trans_L2_m: 1.485, Yaw_err_deg: 8.806
Epoch: [3/4], Batch: 7190/9482, Loss: 3578.138, Trans_L2_m: 0.937, Yaw_err_deg: 9.681
Epoch: [3/4], Batch: 7200/9482, Loss: 2728.450, Trans_L2_m: 0.649, Yaw_err_deg: 9.744
Epoch: [3/4], Batch: 7210/9482, Loss: 1063.487, Trans_L2_m: 2.019, Yaw_err_deg: 5.670
Epoch: [3/4], Batch: 7220/9482, Loss: 1424.276, Trans_L2_m: 1.005, Yaw_err_deg: 6.189
Epoch: [3/4], Batch: 7230/9482, Loss: 5302.075, Trans_L2_m: 1.000, Yaw_err_deg: 11.583
Epoch: [3/4], Batch: 7240/9482, Loss: 4333.119, Trans_L2_m: 1.108, Yaw_err_deg: 8.708
Epoch: [3/4], Batch: 7250/9482, Loss: 1745.378, Trans_L2_m: 0.862, Yaw_err_deg: 7.454
Epoch: [3/4], Batch: 7260/9482, Loss: 1445.371, Trans_L2_m: 1.218, Yaw_err_deg: 6.506
Epoch: [3/4], Batch: 7270/9482, Loss: 2162.849, Trans_L2_m: 1.131, Yaw_err_deg: 7.827
Epoch: [3/4], Batch: 7280/9482, Loss: 794.435, Trans_L2_m: 1.812, Yaw_err_deg: 4.894
Epoch: [3/4], Batch: 7290/9482, Loss: 1130.918, Trans_L2_m: 1.093, Yaw_err_deg: 6.445
Epoch: [3/4], Batch: 7300/9482, Loss: 1819.612, Trans_L2_m: 1.662, Yaw_err_deg: 8.258
Epoch: [3/4], Batch: 7310/9482, Loss: 531.727, Trans_L2_m: 1.150, Yaw_err_deg: 3.450
Epoch: [3/4], Batch: 7320/9482, Loss: 2381.073, Trans_L2_m: 1.077, Yaw_err_deg: 8.148
Epoch: [3/4], Batch: 7330/9482, Loss: 3261.589, Trans_L2_m: 1.810, Yaw_err_deg: 9.358
Epoch: [3/4], Batch: 7340/9482, Loss: 1372.585, Trans_L2_m: 1.349, Yaw_err_deg: 6.593
Epoch: [3/4], Batch: 7350/9482, Loss: 2818.051, Trans_L2_m: 1.053, Yaw_err_deg: 8.187
Epoch: [3/4], Batch: 7360/9482, Loss: 3018.882, Trans_L2_m: 1.437, Yaw_err_deg: 6.856
Epoch: [3/4], Batch: 7370/9482, Loss: 1058.332, Trans_L2_m: 1.498, Yaw_err_deg: 5.344
Epoch: [3/4], Batch: 7380/9482, Loss: 1338.081, Trans_L2_m: 0.887, Yaw_err_deg: 6.607
Epoch: [3/4], Batch: 7390/9482, Loss: 2907.474, Trans_L2_m: 1.359, Yaw_err_deg: 10.611
Epoch: [3/4], Batch: 7400/9482, Loss: 4265.348, Trans_L2_m: 1.470, Yaw_err_deg: 11.215
Epoch: [3/4], Batch: 7410/9482, Loss: 2696.031, Trans_L2_m: 1.315, Yaw_err_deg: 6.642
Epoch: [3/4], Batch: 7420/9482, Loss: 5166.551, Trans_L2_m: 0.989, Yaw_err_deg: 9.903
Epoch: [3/4], Batch: 7430/9482, Loss: 1216.580, Trans_L2_m: 1.187, Yaw_err_deg: 5.669
Epoch: [3/4], Batch: 7440/9482, Loss: 5467.799, Trans_L2_m: 0.688, Yaw_err_deg: 13.283
Epoch: [3/4], Batch: 7450/9482, Loss: 3404.862, Trans_L2_m: 1.539, Yaw_err_deg: 9.084
Epoch: [3/4], Batch: 7460/9482, Loss: 831.379, Trans_L2_m: 1.118, Yaw_err_deg: 4.624
Epoch: [3/4], Batch: 7470/9482, Loss: 983.817, Trans_L2_m: 1.291, Yaw_err_deg: 5.970
Epoch: [3/4], Batch: 7480/9482, Loss: 570.690, Trans_L2_m: 0.723, Yaw_err_deg: 3.727
Epoch: [3/4], Batch: 7490/9482, Loss: 1166.031, Trans_L2_m: 0.927, Yaw_err_deg: 5.720
Epoch: [3/4], Batch: 7500/9482, Loss: 2780.926, Trans_L2_m: 1.661, Yaw_err_deg: 7.241
Epoch: [3/4], Batch: 7510/9482, Loss: 4011.406, Trans_L2_m: 1.176, Yaw_err_deg: 12.220
Epoch: [3/4], Batch: 7520/9482, Loss: 446.905, Trans_L2_m: 1.049, Yaw_err_deg: 3.273
Epoch: [3/4], Batch: 7530/9482, Loss: 582.283, Trans_L2_m: 1.121, Yaw_err_deg: 3.560
Epoch: [3/4], Batch: 7540/9482, Loss: 1978.841, Trans_L2_m: 1.211, Yaw_err_deg: 7.914
Epoch: [3/4], Batch: 7550/9482, Loss: 3363.537, Trans_L2_m: 1.139, Yaw_err_deg: 8.917
Epoch: [3/4], Batch: 7560/9482, Loss: 663.109, Trans_L2_m: 0.936, Yaw_err_deg: 3.229
Epoch: [3/4], Batch: 7570/9482, Loss: 1688.456, Trans_L2_m: 1.166, Yaw_err_deg: 7.641
Epoch: [3/4], Batch: 7580/9482, Loss: 488.451, Trans_L2_m: 1.232, Yaw_err_deg: 4.391
Epoch: [3/4], Batch: 7590/9482, Loss: 2469.711, Trans_L2_m: 0.589, Yaw_err_deg: 8.271
Epoch: [3/4], Batch: 7600/9482, Loss: 2710.573, Trans_L2_m: 1.502, Yaw_err_deg: 7.980
Epoch: [3/4], Batch: 7610/9482, Loss: 1588.041, Trans_L2_m: 0.602, Yaw_err_deg: 6.928
Epoch: [3/4], Batch: 7620/9482, Loss: 2297.387, Trans_L2_m: 1.133, Yaw_err_deg: 6.998
Epoch: [3/4], Batch: 7630/9482, Loss: 1171.690, Trans_L2_m: 1.501, Yaw_err_deg: 5.327
Epoch: [3/4], Batch: 7640/9482, Loss: 1350.852, Trans_L2_m: 1.018, Yaw_err_deg: 5.205
Epoch: [3/4], Batch: 7650/9482, Loss: 2223.631, Trans_L2_m: 0.884, Yaw_err_deg: 8.148
Epoch: [3/4], Batch: 7660/9482, Loss: 4286.086, Trans_L2_m: 0.932, Yaw_err_deg: 9.615
Epoch: [3/4], Batch: 7670/9482, Loss: 923.684, Trans_L2_m: 1.422, Yaw_err_deg: 4.353
Epoch: [3/4], Batch: 7680/9482, Loss: 2056.441, Trans_L2_m: 0.651, Yaw_err_deg: 7.080
Epoch: [3/4], Batch: 7690/9482, Loss: 2240.704, Trans_L2_m: 1.363, Yaw_err_deg: 7.212
Epoch: [3/4], Batch: 7700/9482, Loss: 2778.634, Trans_L2_m: 2.149, Yaw_err_deg: 9.022
Epoch: [3/4], Batch: 7710/9482, Loss: 2117.491, Trans_L2_m: 1.288, Yaw_err_deg: 7.382
Epoch: [3/4], Batch: 7720/9482, Loss: 1170.119, Trans_L2_m: 1.057, Yaw_err_deg: 5.049
Epoch: [3/4], Batch: 7730/9482, Loss: 1783.520, Trans_L2_m: 1.131, Yaw_err_deg: 6.510
Epoch: [3/4], Batch: 7740/9482, Loss: 1465.693, Trans_L2_m: 1.134, Yaw_err_deg: 6.525
Epoch: [3/4], Batch: 7750/9482, Loss: 4475.242, Trans_L2_m: 0.966, Yaw_err_deg: 12.469
Epoch: [3/4], Batch: 7760/9482, Loss: 968.536, Trans_L2_m: 1.134, Yaw_err_deg: 4.675
Epoch: [3/4], Batch: 7770/9482, Loss: 7143.873, Trans_L2_m: 1.161, Yaw_err_deg: 16.153
Epoch: [3/4], Batch: 7780/9482, Loss: 925.561, Trans_L2_m: 1.328, Yaw_err_deg: 4.802
Epoch: [3/4], Batch: 7790/9482, Loss: 308.410, Trans_L2_m: 1.459, Yaw_err_deg: 2.480
Epoch: [3/4], Batch: 7800/9482, Loss: 776.082, Trans_L2_m: 1.197, Yaw_err_deg: 4.771
Epoch: [3/4], Batch: 7810/9482, Loss: 565.734, Trans_L2_m: 1.423, Yaw_err_deg: 4.081
Epoch: [3/4], Batch: 7820/9482, Loss: 1142.460, Trans_L2_m: 1.214, Yaw_err_deg: 4.849
Epoch: [3/4], Batch: 7830/9482, Loss: 827.494, Trans_L2_m: 1.265, Yaw_err_deg: 4.955
Epoch: [3/4], Batch: 7840/9482, Loss: 2997.650, Trans_L2_m: 0.786, Yaw_err_deg: 10.479
Epoch: [3/4], Batch: 7850/9482, Loss: 1177.656, Trans_L2_m: 1.737, Yaw_err_deg: 5.356
Epoch: [3/4], Batch: 7860/9482, Loss: 1164.649, Trans_L2_m: 1.179, Yaw_err_deg: 5.560
Epoch: [3/4], Batch: 7870/9482, Loss: 1514.490, Trans_L2_m: 1.587, Yaw_err_deg: 6.508
Epoch: [3/4], Batch: 7880/9482, Loss: 3171.771, Trans_L2_m: 3.048, Yaw_err_deg: 7.809
Epoch: [3/4], Batch: 7890/9482, Loss: 1423.077, Trans_L2_m: 1.273, Yaw_err_deg: 6.367
Epoch: [3/4], Batch: 7900/9482, Loss: 1998.292, Trans_L2_m: 1.614, Yaw_err_deg: 8.150
Epoch: [3/4], Batch: 7910/9482, Loss: 3308.142, Trans_L2_m: 1.107, Yaw_err_deg: 8.070
Epoch: [3/4], Batch: 7920/9482, Loss: 561.881, Trans_L2_m: 1.196, Yaw_err_deg: 3.815
Epoch: [3/4], Batch: 7930/9482, Loss: 913.756, Trans_L2_m: 0.765, Yaw_err_deg: 5.184
Epoch: [3/4], Batch: 7940/9482, Loss: 234.099, Trans_L2_m: 1.007, Yaw_err_deg: 2.345
Epoch: [3/4], Batch: 7950/9482, Loss: 1379.791, Trans_L2_m: 2.052, Yaw_err_deg: 6.810
Epoch: [3/4], Batch: 7960/9482, Loss: 555.726, Trans_L2_m: 1.004, Yaw_err_deg: 3.796
Epoch: [3/4], Batch: 7970/9482, Loss: 1006.521, Trans_L2_m: 0.937, Yaw_err_deg: 5.711
Epoch: [3/4], Batch: 7980/9482, Loss: 860.568, Trans_L2_m: 1.711, Yaw_err_deg: 4.900
Epoch: [3/4], Batch: 7990/9482, Loss: 1396.078, Trans_L2_m: 0.821, Yaw_err_deg: 6.286
Epoch: [3/4], Batch: 8000/9482, Loss: 2053.506, Trans_L2_m: 1.028, Yaw_err_deg: 6.772
Epoch: [3/4], Batch: 8010/9482, Loss: 2927.865, Trans_L2_m: 0.687, Yaw_err_deg: 8.573
Epoch: [3/4], Batch: 8020/9482, Loss: 3267.751, Trans_L2_m: 1.027, Yaw_err_deg: 7.896
Epoch: [3/4], Batch: 8030/9482, Loss: 1991.737, Trans_L2_m: 0.968, Yaw_err_deg: 8.004
Epoch: [3/4], Batch: 8040/9482, Loss: 1271.531, Trans_L2_m: 1.066, Yaw_err_deg: 6.922
Epoch: [3/4], Batch: 8050/9482, Loss: 1433.586, Trans_L2_m: 0.906, Yaw_err_deg: 6.207
Epoch: [3/4], Batch: 8060/9482, Loss: 608.939, Trans_L2_m: 1.295, Yaw_err_deg: 3.740
Epoch: [3/4], Batch: 8070/9482, Loss: 1088.012, Trans_L2_m: 1.100, Yaw_err_deg: 4.878
Epoch: [3/4], Batch: 8080/9482, Loss: 979.843, Trans_L2_m: 1.051, Yaw_err_deg: 5.367
Epoch: [3/4], Batch: 8090/9482, Loss: 957.544, Trans_L2_m: 1.121, Yaw_err_deg: 4.999
Epoch: [3/4], Batch: 8100/9482, Loss: 1220.308, Trans_L2_m: 1.516, Yaw_err_deg: 5.915
Epoch: [3/4], Batch: 8110/9482, Loss: 1823.920, Trans_L2_m: 0.851, Yaw_err_deg: 6.603
Epoch: [3/4], Batch: 8120/9482, Loss: 1110.489, Trans_L2_m: 0.847, Yaw_err_deg: 5.221
Epoch: [3/4], Batch: 8130/9482, Loss: 5345.355, Trans_L2_m: 1.365, Yaw_err_deg: 13.107
Epoch: [3/4], Batch: 8140/9482, Loss: 1736.868, Trans_L2_m: 1.349, Yaw_err_deg: 7.062
Epoch: [3/4], Batch: 8150/9482, Loss: 1803.494, Trans_L2_m: 0.626, Yaw_err_deg: 5.916
Epoch: [3/4], Batch: 8160/9482, Loss: 3350.292, Trans_L2_m: 1.143, Yaw_err_deg: 10.801
Epoch: [3/4], Batch: 8170/9482, Loss: 2620.610, Trans_L2_m: 1.386, Yaw_err_deg: 9.737
Epoch: [3/4], Batch: 8180/9482, Loss: 4558.442, Trans_L2_m: 0.868, Yaw_err_deg: 10.131
Epoch: [3/4], Batch: 8190/9482, Loss: 767.703, Trans_L2_m: 0.945, Yaw_err_deg: 3.999
Epoch: [3/4], Batch: 8200/9482, Loss: 2955.094, Trans_L2_m: 0.905, Yaw_err_deg: 7.629
Epoch: [3/4], Batch: 8210/9482, Loss: 2058.994, Trans_L2_m: 3.374, Yaw_err_deg: 6.944
Epoch: [3/4], Batch: 8220/9482, Loss: 1615.097, Trans_L2_m: 1.346, Yaw_err_deg: 5.545
Epoch: [3/4], Batch: 8230/9482, Loss: 1603.945, Trans_L2_m: 0.964, Yaw_err_deg: 7.065
Epoch: [3/4], Batch: 8240/9482, Loss: 1884.629, Trans_L2_m: 2.399, Yaw_err_deg: 6.385
Epoch: [3/4], Batch: 8250/9482, Loss: 1854.330, Trans_L2_m: 1.311, Yaw_err_deg: 7.497
Epoch: [3/4], Batch: 8260/9482, Loss: 2223.340, Trans_L2_m: 0.941, Yaw_err_deg: 8.481
Epoch: [3/4], Batch: 8270/9482, Loss: 2320.284, Trans_L2_m: 1.295, Yaw_err_deg: 7.861
Epoch: [3/4], Batch: 8280/9482, Loss: 1963.416, Trans_L2_m: 1.670, Yaw_err_deg: 8.572
Epoch: [3/4], Batch: 8290/9482, Loss: 1659.552, Trans_L2_m: 0.884, Yaw_err_deg: 6.743
Epoch: [3/4], Batch: 8300/9482, Loss: 416.704, Trans_L2_m: 0.856, Yaw_err_deg: 3.450
Epoch: [3/4], Batch: 8310/9482, Loss: 867.887, Trans_L2_m: 0.583, Yaw_err_deg: 4.471
Epoch: [3/4], Batch: 8320/9482, Loss: 2331.899, Trans_L2_m: 0.916, Yaw_err_deg: 6.735
Epoch: [3/4], Batch: 8330/9482, Loss: 3354.478, Trans_L2_m: 0.835, Yaw_err_deg: 9.166
Epoch: [3/4], Batch: 8340/9482, Loss: 480.491, Trans_L2_m: 1.196, Yaw_err_deg: 2.848
Epoch: [3/4], Batch: 8350/9482, Loss: 507.429, Trans_L2_m: 1.105, Yaw_err_deg: 2.877
Epoch: [3/4], Batch: 8360/9482, Loss: 832.830, Trans_L2_m: 1.254, Yaw_err_deg: 4.543
Epoch: [3/4], Batch: 8370/9482, Loss: 1351.621, Trans_L2_m: 1.273, Yaw_err_deg: 5.556
Epoch: [3/4], Batch: 8380/9482, Loss: 4800.986, Trans_L2_m: 1.788, Yaw_err_deg: 10.259
Epoch: [3/4], Batch: 8390/9482, Loss: 2672.860, Trans_L2_m: 0.949, Yaw_err_deg: 9.315
Epoch: [3/4], Batch: 8400/9482, Loss: 1987.694, Trans_L2_m: 1.078, Yaw_err_deg: 8.422
Epoch: [3/4], Batch: 8410/9482, Loss: 1409.937, Trans_L2_m: 1.307, Yaw_err_deg: 6.598
Epoch: [3/4], Batch: 8420/9482, Loss: 1807.731, Trans_L2_m: 1.389, Yaw_err_deg: 5.876
Epoch: [3/4], Batch: 8430/9482, Loss: 1771.604, Trans_L2_m: 1.067, Yaw_err_deg: 7.234
Epoch: [3/4], Batch: 8440/9482, Loss: 1737.250, Trans_L2_m: 0.654, Yaw_err_deg: 6.627
Epoch: [3/4], Batch: 8450/9482, Loss: 428.869, Trans_L2_m: 2.089, Yaw_err_deg: 3.263
Epoch: [3/4], Batch: 8460/9482, Loss: 1158.295, Trans_L2_m: 1.604, Yaw_err_deg: 5.199
Epoch: [3/4], Batch: 8470/9482, Loss: 1964.272, Trans_L2_m: 0.771, Yaw_err_deg: 7.837
Epoch: [3/4], Batch: 8480/9482, Loss: 709.260, Trans_L2_m: 1.285, Yaw_err_deg: 3.355
Epoch: [3/4], Batch: 8490/9482, Loss: 524.817, Trans_L2_m: 1.118, Yaw_err_deg: 3.444
Epoch: [3/4], Batch: 8500/9482, Loss: 1332.004, Trans_L2_m: 0.914, Yaw_err_deg: 7.098
Epoch: [3/4], Batch: 8510/9482, Loss: 1531.867, Trans_L2_m: 1.628, Yaw_err_deg: 5.111
Epoch: [3/4], Batch: 8520/9482, Loss: 699.983, Trans_L2_m: 1.227, Yaw_err_deg: 4.546
Epoch: [3/4], Batch: 8530/9482, Loss: 1374.746, Trans_L2_m: 0.989, Yaw_err_deg: 6.914
Epoch: [3/4], Batch: 8540/9482, Loss: 2414.206, Trans_L2_m: 1.297, Yaw_err_deg: 7.750
Epoch: [3/4], Batch: 8550/9482, Loss: 930.887, Trans_L2_m: 0.673, Yaw_err_deg: 4.731
Epoch: [3/4], Batch: 8560/9482, Loss: 842.713, Trans_L2_m: 1.785, Yaw_err_deg: 4.279
Epoch: [3/4], Batch: 8570/9482, Loss: 463.864, Trans_L2_m: 1.511, Yaw_err_deg: 3.276
Epoch: [3/4], Batch: 8580/9482, Loss: 5028.803, Trans_L2_m: 0.867, Yaw_err_deg: 11.378
Epoch: [3/4], Batch: 8590/9482, Loss: 2113.949, Trans_L2_m: 0.946, Yaw_err_deg: 8.007
Epoch: [3/4], Batch: 8600/9482, Loss: 1118.897, Trans_L2_m: 0.865, Yaw_err_deg: 5.609
Epoch: [3/4], Batch: 8610/9482, Loss: 1257.937, Trans_L2_m: 1.260, Yaw_err_deg: 5.554
Epoch: [3/4], Batch: 8620/9482, Loss: 2223.344, Trans_L2_m: 1.523, Yaw_err_deg: 7.361
Epoch: [3/4], Batch: 8630/9482, Loss: 2650.809, Trans_L2_m: 0.699, Yaw_err_deg: 8.715
Epoch: [3/4], Batch: 8640/9482, Loss: 3337.901, Trans_L2_m: 1.468, Yaw_err_deg: 9.431
Epoch: [3/4], Batch: 8650/9482, Loss: 1423.689, Trans_L2_m: 1.808, Yaw_err_deg: 6.745
Epoch: [3/4], Batch: 8660/9482, Loss: 2612.356, Trans_L2_m: 1.210, Yaw_err_deg: 7.612
Epoch: [3/4], Batch: 8670/9482, Loss: 5685.127, Trans_L2_m: 2.507, Yaw_err_deg: 11.653
Epoch: [3/4], Batch: 8680/9482, Loss: 4383.344, Trans_L2_m: 0.862, Yaw_err_deg: 12.003
Epoch: [3/4], Batch: 8690/9482, Loss: 727.839, Trans_L2_m: 1.339, Yaw_err_deg: 4.313
Epoch: [3/4], Batch: 8700/9482, Loss: 3575.481, Trans_L2_m: 0.779, Yaw_err_deg: 8.680
Epoch: [3/4], Batch: 8710/9482, Loss: 2472.626, Trans_L2_m: 1.685, Yaw_err_deg: 9.234
Epoch: [3/4], Batch: 8720/9482, Loss: 1250.846, Trans_L2_m: 1.472, Yaw_err_deg: 4.822
Epoch: [3/4], Batch: 8730/9482, Loss: 1483.755, Trans_L2_m: 1.480, Yaw_err_deg: 6.987
Epoch: [3/4], Batch: 8740/9482, Loss: 2261.938, Trans_L2_m: 0.861, Yaw_err_deg: 7.060
Epoch: [3/4], Batch: 8750/9482, Loss: 2357.175, Trans_L2_m: 1.542, Yaw_err_deg: 8.354
Epoch: [3/4], Batch: 8760/9482, Loss: 1918.661, Trans_L2_m: 1.136, Yaw_err_deg: 8.830
Epoch: [3/4], Batch: 8770/9482, Loss: 768.384, Trans_L2_m: 1.283, Yaw_err_deg: 3.924
Epoch: [3/4], Batch: 8780/9482, Loss: 3340.692, Trans_L2_m: 1.579, Yaw_err_deg: 9.236
Epoch: [3/4], Batch: 8790/9482, Loss: 534.698, Trans_L2_m: 0.667, Yaw_err_deg: 3.452
Epoch: [3/4], Batch: 8800/9482, Loss: 1429.856, Trans_L2_m: 0.800, Yaw_err_deg: 6.318
Epoch: [3/4], Batch: 8810/9482, Loss: 1600.779, Trans_L2_m: 0.525, Yaw_err_deg: 6.880
Epoch: [3/4], Batch: 8820/9482, Loss: 1218.211, Trans_L2_m: 1.178, Yaw_err_deg: 5.737
Epoch: [3/4], Batch: 8830/9482, Loss: 2244.641, Trans_L2_m: 1.306, Yaw_err_deg: 7.777
Epoch: [3/4], Batch: 8840/9482, Loss: 308.394, Trans_L2_m: 0.986, Yaw_err_deg: 2.723
Epoch: [3/4], Batch: 8850/9482, Loss: 2441.103, Trans_L2_m: 1.608, Yaw_err_deg: 8.340
Epoch: [3/4], Batch: 8860/9482, Loss: 2548.337, Trans_L2_m: 1.426, Yaw_err_deg: 7.426
Epoch: [3/4], Batch: 8870/9482, Loss: 1559.529, Trans_L2_m: 1.422, Yaw_err_deg: 6.168
Epoch: [3/4], Batch: 8880/9482, Loss: 1396.557, Trans_L2_m: 1.594, Yaw_err_deg: 5.141
Epoch: [3/4], Batch: 8890/9482, Loss: 1422.211, Trans_L2_m: 1.436, Yaw_err_deg: 6.609
Epoch: [3/4], Batch: 8900/9482, Loss: 675.749, Trans_L2_m: 1.304, Yaw_err_deg: 2.986
Epoch: [3/4], Batch: 8910/9482, Loss: 678.369, Trans_L2_m: 1.006, Yaw_err_deg: 4.300
Epoch: [3/4], Batch: 8920/9482, Loss: 880.662, Trans_L2_m: 1.421, Yaw_err_deg: 5.542
Epoch: [3/4], Batch: 8930/9482, Loss: 2192.168, Trans_L2_m: 1.261, Yaw_err_deg: 8.925
Epoch: [3/4], Batch: 8940/9482, Loss: 2665.690, Trans_L2_m: 1.808, Yaw_err_deg: 9.638
Epoch: [3/4], Batch: 8950/9482, Loss: 3009.104, Trans_L2_m: 0.832, Yaw_err_deg: 6.665
Epoch: [3/4], Batch: 8960/9482, Loss: 2552.446, Trans_L2_m: 1.441, Yaw_err_deg: 7.858
Epoch: [3/4], Batch: 8970/9482, Loss: 1057.755, Trans_L2_m: 1.315, Yaw_err_deg: 5.768
Epoch: [3/4], Batch: 8980/9482, Loss: 4601.048, Trans_L2_m: 1.315, Yaw_err_deg: 10.603
Epoch: [3/4], Batch: 8990/9482, Loss: 546.825, Trans_L2_m: 1.000, Yaw_err_deg: 4.078
Epoch: [3/4], Batch: 9000/9482, Loss: 260.611, Trans_L2_m: 0.634, Yaw_err_deg: 1.719
Epoch: [3/4], Batch: 9010/9482, Loss: 1578.297, Trans_L2_m: 2.035, Yaw_err_deg: 5.646
Epoch: [3/4], Batch: 9020/9482, Loss: 2766.809, Trans_L2_m: 1.074, Yaw_err_deg: 7.718
Epoch: [3/4], Batch: 9030/9482, Loss: 1862.681, Trans_L2_m: 0.731, Yaw_err_deg: 6.941
Epoch: [3/4], Batch: 9040/9482, Loss: 4925.315, Trans_L2_m: 1.230, Yaw_err_deg: 12.779
Epoch: [3/4], Batch: 9050/9482, Loss: 2706.557, Trans_L2_m: 1.200, Yaw_err_deg: 9.305
Epoch: [3/4], Batch: 9060/9482, Loss: 3359.865, Trans_L2_m: 0.921, Yaw_err_deg: 9.538
Epoch: [3/4], Batch: 9070/9482, Loss: 888.901, Trans_L2_m: 1.025, Yaw_err_deg: 4.229
Epoch: [3/4], Batch: 9080/9482, Loss: 1945.539, Trans_L2_m: 0.467, Yaw_err_deg: 5.702
Epoch: [3/4], Batch: 9090/9482, Loss: 615.226, Trans_L2_m: 0.781, Yaw_err_deg: 3.792
Epoch: [3/4], Batch: 9100/9482, Loss: 4925.500, Trans_L2_m: 1.181, Yaw_err_deg: 13.325
Epoch: [3/4], Batch: 9110/9482, Loss: 3263.707, Trans_L2_m: 1.299, Yaw_err_deg: 10.446
Epoch: [3/4], Batch: 9120/9482, Loss: 1748.704, Trans_L2_m: 1.497, Yaw_err_deg: 6.391
Epoch: [3/4], Batch: 9130/9482, Loss: 3096.445, Trans_L2_m: 0.602, Yaw_err_deg: 8.296
Epoch: [3/4], Batch: 9140/9482, Loss: 1562.543, Trans_L2_m: 0.772, Yaw_err_deg: 5.924
Epoch: [3/4], Batch: 9150/9482, Loss: 681.550, Trans_L2_m: 0.739, Yaw_err_deg: 4.467
Epoch: [3/4], Batch: 9160/9482, Loss: 2842.021, Trans_L2_m: 0.529, Yaw_err_deg: 8.834
Epoch: [3/4], Batch: 9170/9482, Loss: 2084.247, Trans_L2_m: 1.646, Yaw_err_deg: 6.454
Epoch: [3/4], Batch: 9180/9482, Loss: 2209.604, Trans_L2_m: 2.133, Yaw_err_deg: 7.545
Epoch: [3/4], Batch: 9190/9482, Loss: 1564.546, Trans_L2_m: 1.034, Yaw_err_deg: 5.876
Epoch: [3/4], Batch: 9200/9482, Loss: 3187.672, Trans_L2_m: 0.798, Yaw_err_deg: 9.602
Epoch: [3/4], Batch: 9210/9482, Loss: 696.547, Trans_L2_m: 0.770, Yaw_err_deg: 4.189
Epoch: [3/4], Batch: 9220/9482, Loss: 1245.602, Trans_L2_m: 1.084, Yaw_err_deg: 6.231
Epoch: [3/4], Batch: 9230/9482, Loss: 3328.929, Trans_L2_m: 0.842, Yaw_err_deg: 10.162
Epoch: [3/4], Batch: 9240/9482, Loss: 708.270, Trans_L2_m: 1.468, Yaw_err_deg: 4.293
Epoch: [3/4], Batch: 9250/9482, Loss: 1144.483, Trans_L2_m: 0.834, Yaw_err_deg: 5.483
Epoch: [3/4], Batch: 9260/9482, Loss: 1005.274, Trans_L2_m: 1.051, Yaw_err_deg: 5.080
Epoch: [3/4], Batch: 9270/9482, Loss: 5477.049, Trans_L2_m: 0.902, Yaw_err_deg: 11.613
Epoch: [3/4], Batch: 9280/9482, Loss: 4081.107, Trans_L2_m: 0.874, Yaw_err_deg: 11.884
Epoch: [3/4], Batch: 9290/9482, Loss: 1584.939, Trans_L2_m: 1.287, Yaw_err_deg: 5.775
Epoch: [3/4], Batch: 9300/9482, Loss: 1930.977, Trans_L2_m: 0.912, Yaw_err_deg: 7.853
Epoch: [3/4], Batch: 9310/9482, Loss: 439.487, Trans_L2_m: 0.910, Yaw_err_deg: 3.173
Epoch: [3/4], Batch: 9320/9482, Loss: 1697.662, Trans_L2_m: 1.089, Yaw_err_deg: 6.907
Epoch: [3/4], Batch: 9330/9482, Loss: 786.646, Trans_L2_m: 0.890, Yaw_err_deg: 5.034
Epoch: [3/4], Batch: 9340/9482, Loss: 1352.066, Trans_L2_m: 0.858, Yaw_err_deg: 5.576
Epoch: [3/4], Batch: 9350/9482, Loss: 2750.789, Trans_L2_m: 1.116, Yaw_err_deg: 9.501
Epoch: [3/4], Batch: 9360/9482, Loss: 609.804, Trans_L2_m: 1.266, Yaw_err_deg: 4.542
Epoch: [3/4], Batch: 9370/9482, Loss: 1395.846, Trans_L2_m: 0.744, Yaw_err_deg: 6.156
Epoch: [3/4], Batch: 9380/9482, Loss: 862.372, Trans_L2_m: 0.955, Yaw_err_deg: 4.810
Epoch: [3/4], Batch: 9390/9482, Loss: 1068.976, Trans_L2_m: 1.109, Yaw_err_deg: 4.961
Epoch: [3/4], Batch: 9400/9482, Loss: 2922.383, Trans_L2_m: 1.602, Yaw_err_deg: 9.283
Epoch: [3/4], Batch: 9410/9482, Loss: 2243.582, Trans_L2_m: 1.180, Yaw_err_deg: 6.724
Epoch: [3/4], Batch: 9420/9482, Loss: 1073.880, Trans_L2_m: 1.138, Yaw_err_deg: 6.357
Epoch: [3/4], Batch: 9430/9482, Loss: 1544.382, Trans_L2_m: 1.747, Yaw_err_deg: 6.566
Epoch: [3/4], Batch: 9440/9482, Loss: 1249.210, Trans_L2_m: 0.776, Yaw_err_deg: 5.987
Epoch: [3/4], Batch: 9450/9482, Loss: 871.275, Trans_L2_m: 1.848, Yaw_err_deg: 4.772
Epoch: [3/4], Batch: 9460/9482, Loss: 2038.702, Trans_L2_m: 0.829, Yaw_err_deg: 8.731
Epoch: [3/4], Batch: 9470/9482, Loss: 1619.423, Trans_L2_m: 0.933, Yaw_err_deg: 5.619
Epoch: [3/4], Batch: 9480/9482, Loss: 3597.536, Trans_L2_m: 1.061, Yaw_err_deg: 8.882
Validation loss (homography): 9573.9889
Avg batch time: 805.11 ms, total: 261.239 s
[1;91mVal has no improvement vs 9245.4765625![0m
Epoch: [4/4], Batch: 0/9482, Loss: 2473.514, Trans_L2_m: 0.798, Yaw_err_deg: 8.039
Epoch: [4/4], Batch: 10/9482, Loss: 820.679, Trans_L2_m: 1.622, Yaw_err_deg: 4.539
Epoch: [4/4], Batch: 20/9482, Loss: 3027.121, Trans_L2_m: 1.272, Yaw_err_deg: 10.177
Epoch: [4/4], Batch: 30/9482, Loss: 807.461, Trans_L2_m: 1.590, Yaw_err_deg: 3.187
Epoch: [4/4], Batch: 40/9482, Loss: 503.014, Trans_L2_m: 1.195, Yaw_err_deg: 3.721
Epoch: [4/4], Batch: 50/9482, Loss: 1593.147, Trans_L2_m: 1.917, Yaw_err_deg: 6.596
Epoch: [4/4], Batch: 60/9482, Loss: 1545.188, Trans_L2_m: 1.115, Yaw_err_deg: 6.249
Epoch: [4/4], Batch: 70/9482, Loss: 1252.243, Trans_L2_m: 1.265, Yaw_err_deg: 6.237
Epoch: [4/4], Batch: 80/9482, Loss: 2570.357, Trans_L2_m: 1.067, Yaw_err_deg: 8.719
Epoch: [4/4], Batch: 90/9482, Loss: 6075.306, Trans_L2_m: 1.361, Yaw_err_deg: 11.743
Epoch: [4/4], Batch: 100/9482, Loss: 1806.027, Trans_L2_m: 1.333, Yaw_err_deg: 7.167
Epoch: [4/4], Batch: 110/9482, Loss: 4619.902, Trans_L2_m: 0.748, Yaw_err_deg: 11.105
Epoch: [4/4], Batch: 120/9482, Loss: 774.931, Trans_L2_m: 0.777, Yaw_err_deg: 4.616
Epoch: [4/4], Batch: 130/9482, Loss: 1089.244, Trans_L2_m: 0.978, Yaw_err_deg: 6.019
Epoch: [4/4], Batch: 140/9482, Loss: 1150.864, Trans_L2_m: 0.578, Yaw_err_deg: 4.630
Epoch: [4/4], Batch: 150/9482, Loss: 356.099, Trans_L2_m: 1.224, Yaw_err_deg: 2.362
Epoch: [4/4], Batch: 160/9482, Loss: 1263.219, Trans_L2_m: 0.790, Yaw_err_deg: 4.944
Epoch: [4/4], Batch: 170/9482, Loss: 1600.302, Trans_L2_m: 0.958, Yaw_err_deg: 6.828
Epoch: [4/4], Batch: 180/9482, Loss: 1421.912, Trans_L2_m: 1.451, Yaw_err_deg: 5.477
Epoch: [4/4], Batch: 190/9482, Loss: 568.093, Trans_L2_m: 0.726, Yaw_err_deg: 3.080
Epoch: [4/4], Batch: 200/9482, Loss: 8074.453, Trans_L2_m: 1.459, Yaw_err_deg: 13.763
Epoch: [4/4], Batch: 210/9482, Loss: 2228.429, Trans_L2_m: 1.281, Yaw_err_deg: 7.802
Epoch: [4/4], Batch: 220/9482, Loss: 4037.404, Trans_L2_m: 1.103, Yaw_err_deg: 11.899
Epoch: [4/4], Batch: 230/9482, Loss: 1069.052, Trans_L2_m: 1.201, Yaw_err_deg: 5.984
Epoch: [4/4], Batch: 240/9482, Loss: 1062.632, Trans_L2_m: 0.831, Yaw_err_deg: 4.548
Epoch: [4/4], Batch: 250/9482, Loss: 992.546, Trans_L2_m: 1.274, Yaw_err_deg: 4.384
Epoch: [4/4], Batch: 260/9482, Loss: 573.360, Trans_L2_m: 0.835, Yaw_err_deg: 3.178
Epoch: [4/4], Batch: 270/9482, Loss: 1075.155, Trans_L2_m: 0.969, Yaw_err_deg: 5.647
Epoch: [4/4], Batch: 280/9482, Loss: 2092.805, Trans_L2_m: 1.139, Yaw_err_deg: 8.006
Epoch: [4/4], Batch: 290/9482, Loss: 372.576, Trans_L2_m: 0.760, Yaw_err_deg: 2.788
Epoch: [4/4], Batch: 300/9482, Loss: 2663.390, Trans_L2_m: 0.840, Yaw_err_deg: 6.133
Epoch: [4/4], Batch: 310/9482, Loss: 1859.469, Trans_L2_m: 1.067, Yaw_err_deg: 6.759
Epoch: [4/4], Batch: 320/9482, Loss: 5862.938, Trans_L2_m: 1.644, Yaw_err_deg: 11.432
Epoch: [4/4], Batch: 330/9482, Loss: 1248.806, Trans_L2_m: 0.709, Yaw_err_deg: 6.334
Epoch: [4/4], Batch: 340/9482, Loss: 1281.068, Trans_L2_m: 1.291, Yaw_err_deg: 5.687
Epoch: [4/4], Batch: 350/9482, Loss: 3149.683, Trans_L2_m: 0.896, Yaw_err_deg: 9.236
Epoch: [4/4], Batch: 360/9482, Loss: 1909.395, Trans_L2_m: 0.857, Yaw_err_deg: 8.054
Epoch: [4/4], Batch: 370/9482, Loss: 940.682, Trans_L2_m: 0.897, Yaw_err_deg: 5.595
Epoch: [4/4], Batch: 380/9482, Loss: 713.050, Trans_L2_m: 1.216, Yaw_err_deg: 4.919
Epoch: [4/4], Batch: 390/9482, Loss: 4179.933, Trans_L2_m: 1.356, Yaw_err_deg: 9.338
Epoch: [4/4], Batch: 400/9482, Loss: 3513.765, Trans_L2_m: 0.939, Yaw_err_deg: 8.242
Epoch: [4/4], Batch: 410/9482, Loss: 3155.570, Trans_L2_m: 0.920, Yaw_err_deg: 8.684
Epoch: [4/4], Batch: 420/9482, Loss: 1802.527, Trans_L2_m: 1.073, Yaw_err_deg: 6.862
Epoch: [4/4], Batch: 430/9482, Loss: 1214.370, Trans_L2_m: 2.038, Yaw_err_deg: 5.181
Epoch: [4/4], Batch: 440/9482, Loss: 448.517, Trans_L2_m: 1.595, Yaw_err_deg: 3.527
Epoch: [4/4], Batch: 450/9482, Loss: 666.181, Trans_L2_m: 1.862, Yaw_err_deg: 4.512
Epoch: [4/4], Batch: 460/9482, Loss: 175.514, Trans_L2_m: 1.135, Yaw_err_deg: 1.822
Epoch: [4/4], Batch: 470/9482, Loss: 3350.809, Trans_L2_m: 0.832, Yaw_err_deg: 8.608
Epoch: [4/4], Batch: 480/9482, Loss: 5370.220, Trans_L2_m: 2.053, Yaw_err_deg: 12.340
Epoch: [4/4], Batch: 490/9482, Loss: 2202.655, Trans_L2_m: 1.901, Yaw_err_deg: 7.788
Epoch: [4/4], Batch: 500/9482, Loss: 1275.597, Trans_L2_m: 1.136, Yaw_err_deg: 6.318
Epoch: [4/4], Batch: 510/9482, Loss: 2478.642, Trans_L2_m: 1.177, Yaw_err_deg: 8.069
Epoch: [4/4], Batch: 520/9482, Loss: 2688.528, Trans_L2_m: 0.606, Yaw_err_deg: 7.839
Epoch: [4/4], Batch: 530/9482, Loss: 403.643, Trans_L2_m: 0.908, Yaw_err_deg: 3.376
Epoch: [4/4], Batch: 540/9482, Loss: 925.602, Trans_L2_m: 1.268, Yaw_err_deg: 5.396
Epoch: [4/4], Batch: 550/9482, Loss: 2385.725, Trans_L2_m: 0.998, Yaw_err_deg: 9.232
Epoch: [4/4], Batch: 560/9482, Loss: 1676.012, Trans_L2_m: 1.716, Yaw_err_deg: 6.804
Epoch: [4/4], Batch: 570/9482, Loss: 436.435, Trans_L2_m: 1.196, Yaw_err_deg: 2.151
Epoch: [4/4], Batch: 580/9482, Loss: 3188.410, Trans_L2_m: 1.344, Yaw_err_deg: 7.619
Epoch: [4/4], Batch: 590/9482, Loss: 1617.575, Trans_L2_m: 1.042, Yaw_err_deg: 7.608
Epoch: [4/4], Batch: 600/9482, Loss: 1223.239, Trans_L2_m: 0.989, Yaw_err_deg: 5.393
Epoch: [4/4], Batch: 610/9482, Loss: 4011.797, Trans_L2_m: 0.960, Yaw_err_deg: 10.669
Epoch: [4/4], Batch: 620/9482, Loss: 1356.381, Trans_L2_m: 0.859, Yaw_err_deg: 5.992
Epoch: [4/4], Batch: 630/9482, Loss: 1816.582, Trans_L2_m: 0.822, Yaw_err_deg: 7.788
Epoch: [4/4], Batch: 640/9482, Loss: 2940.815, Trans_L2_m: 0.707, Yaw_err_deg: 9.334
Epoch: [4/4], Batch: 650/9482, Loss: 473.526, Trans_L2_m: 0.962, Yaw_err_deg: 3.086
Epoch: [4/4], Batch: 660/9482, Loss: 4675.970, Trans_L2_m: 1.226, Yaw_err_deg: 12.867
Epoch: [4/4], Batch: 670/9482, Loss: 2194.627, Trans_L2_m: 1.121, Yaw_err_deg: 7.422
Epoch: [4/4], Batch: 680/9482, Loss: 1698.332, Trans_L2_m: 0.969, Yaw_err_deg: 7.098
Epoch: [4/4], Batch: 690/9482, Loss: 2416.596, Trans_L2_m: 0.960, Yaw_err_deg: 7.691
Epoch: [4/4], Batch: 700/9482, Loss: 877.116, Trans_L2_m: 0.819, Yaw_err_deg: 5.403
Epoch: [4/4], Batch: 710/9482, Loss: 868.318, Trans_L2_m: 1.262, Yaw_err_deg: 4.672
Epoch: [4/4], Batch: 720/9482, Loss: 469.196, Trans_L2_m: 0.796, Yaw_err_deg: 2.946
Epoch: [4/4], Batch: 730/9482, Loss: 1142.515, Trans_L2_m: 1.577, Yaw_err_deg: 6.578
Epoch: [4/4], Batch: 740/9482, Loss: 2607.335, Trans_L2_m: 0.718, Yaw_err_deg: 10.230
Epoch: [4/4], Batch: 750/9482, Loss: 1225.838, Trans_L2_m: 1.027, Yaw_err_deg: 5.684
Epoch: [4/4], Batch: 760/9482, Loss: 693.204, Trans_L2_m: 1.306, Yaw_err_deg: 4.001
Epoch: [4/4], Batch: 770/9482, Loss: 2587.246, Trans_L2_m: 1.168, Yaw_err_deg: 8.424
Epoch: [4/4], Batch: 780/9482, Loss: 3420.797, Trans_L2_m: 1.128, Yaw_err_deg: 9.221
Epoch: [4/4], Batch: 790/9482, Loss: 822.404, Trans_L2_m: 1.160, Yaw_err_deg: 4.358
Epoch: [4/4], Batch: 800/9482, Loss: 2341.634, Trans_L2_m: 0.905, Yaw_err_deg: 7.572
Epoch: [4/4], Batch: 810/9482, Loss: 3242.512, Trans_L2_m: 1.289, Yaw_err_deg: 8.504
Epoch: [4/4], Batch: 820/9482, Loss: 710.560, Trans_L2_m: 1.052, Yaw_err_deg: 4.574
Epoch: [4/4], Batch: 830/9482, Loss: 1527.718, Trans_L2_m: 0.935, Yaw_err_deg: 7.029
Epoch: [4/4], Batch: 840/9482, Loss: 637.916, Trans_L2_m: 0.736, Yaw_err_deg: 3.752
Epoch: [4/4], Batch: 850/9482, Loss: 1317.429, Trans_L2_m: 1.287, Yaw_err_deg: 5.348
Epoch: [4/4], Batch: 860/9482, Loss: 5407.932, Trans_L2_m: 1.170, Yaw_err_deg: 8.954
Epoch: [4/4], Batch: 870/9482, Loss: 2476.749, Trans_L2_m: 1.002, Yaw_err_deg: 8.991
Epoch: [4/4], Batch: 880/9482, Loss: 1124.389, Trans_L2_m: 0.857, Yaw_err_deg: 4.950
Epoch: [4/4], Batch: 890/9482, Loss: 2622.548, Trans_L2_m: 0.913, Yaw_err_deg: 9.565
Epoch: [4/4], Batch: 900/9482, Loss: 2405.730, Trans_L2_m: 1.515, Yaw_err_deg: 6.076
Epoch: [4/4], Batch: 910/9482, Loss: 2300.295, Trans_L2_m: 1.258, Yaw_err_deg: 7.082
Epoch: [4/4], Batch: 920/9482, Loss: 1294.031, Trans_L2_m: 1.753, Yaw_err_deg: 5.727
Epoch: [4/4], Batch: 930/9482, Loss: 3347.608, Trans_L2_m: 0.632, Yaw_err_deg: 10.370
Epoch: [4/4], Batch: 940/9482, Loss: 1538.800, Trans_L2_m: 0.672, Yaw_err_deg: 6.324
Epoch: [4/4], Batch: 950/9482, Loss: 1544.064, Trans_L2_m: 1.462, Yaw_err_deg: 7.783
Epoch: [4/4], Batch: 960/9482, Loss: 499.351, Trans_L2_m: 1.622, Yaw_err_deg: 2.333
Epoch: [4/4], Batch: 970/9482, Loss: 1608.516, Trans_L2_m: 1.028, Yaw_err_deg: 7.863
Epoch: [4/4], Batch: 980/9482, Loss: 783.361, Trans_L2_m: 1.928, Yaw_err_deg: 4.134
Epoch: [4/4], Batch: 990/9482, Loss: 3131.665, Trans_L2_m: 1.533, Yaw_err_deg: 6.891
Epoch: [4/4], Batch: 1000/9482, Loss: 3636.056, Trans_L2_m: 0.979, Yaw_err_deg: 8.323
Epoch: [4/4], Batch: 1010/9482, Loss: 1089.747, Trans_L2_m: 0.838, Yaw_err_deg: 5.554
Epoch: [4/4], Batch: 1020/9482, Loss: 1367.042, Trans_L2_m: 1.110, Yaw_err_deg: 6.538
Epoch: [4/4], Batch: 1030/9482, Loss: 2400.744, Trans_L2_m: 0.802, Yaw_err_deg: 7.864
Epoch: [4/4], Batch: 1040/9482, Loss: 1259.948, Trans_L2_m: 0.776, Yaw_err_deg: 6.659
Epoch: [4/4], Batch: 1050/9482, Loss: 1148.824, Trans_L2_m: 1.014, Yaw_err_deg: 4.852
Epoch: [4/4], Batch: 1060/9482, Loss: 4444.614, Trans_L2_m: 1.337, Yaw_err_deg: 10.541
Epoch: [4/4], Batch: 1070/9482, Loss: 253.692, Trans_L2_m: 1.287, Yaw_err_deg: 2.183
Epoch: [4/4], Batch: 1080/9482, Loss: 2066.904, Trans_L2_m: 0.545, Yaw_err_deg: 8.163
Epoch: [4/4], Batch: 1090/9482, Loss: 1136.738, Trans_L2_m: 1.349, Yaw_err_deg: 5.348
Epoch: [4/4], Batch: 1100/9482, Loss: 1610.792, Trans_L2_m: 1.072, Yaw_err_deg: 6.064
Epoch: [4/4], Batch: 1110/9482, Loss: 838.326, Trans_L2_m: 1.097, Yaw_err_deg: 4.926
Epoch: [4/4], Batch: 1120/9482, Loss: 1943.922, Trans_L2_m: 1.318, Yaw_err_deg: 7.178
Epoch: [4/4], Batch: 1130/9482, Loss: 1054.310, Trans_L2_m: 0.992, Yaw_err_deg: 5.300
Epoch: [4/4], Batch: 1140/9482, Loss: 1813.061, Trans_L2_m: 0.895, Yaw_err_deg: 7.156
Epoch: [4/4], Batch: 1150/9482, Loss: 3455.880, Trans_L2_m: 0.950, Yaw_err_deg: 9.670
Epoch: [4/4], Batch: 1160/9482, Loss: 2539.992, Trans_L2_m: 1.058, Yaw_err_deg: 9.493
Epoch: [4/4], Batch: 1170/9482, Loss: 2163.625, Trans_L2_m: 0.778, Yaw_err_deg: 6.803
Epoch: [4/4], Batch: 1180/9482, Loss: 913.878, Trans_L2_m: 1.501, Yaw_err_deg: 4.653
Epoch: [4/4], Batch: 1190/9482, Loss: 2914.402, Trans_L2_m: 0.628, Yaw_err_deg: 9.080
Epoch: [4/4], Batch: 1200/9482, Loss: 1185.855, Trans_L2_m: 1.081, Yaw_err_deg: 6.264
Epoch: [4/4], Batch: 1210/9482, Loss: 1419.340, Trans_L2_m: 0.986, Yaw_err_deg: 6.774
Epoch: [4/4], Batch: 1220/9482, Loss: 2680.654, Trans_L2_m: 1.097, Yaw_err_deg: 9.266
Epoch: [4/4], Batch: 1230/9482, Loss: 2420.469, Trans_L2_m: 0.421, Yaw_err_deg: 8.499
Epoch: [4/4], Batch: 1240/9482, Loss: 3107.854, Trans_L2_m: 0.876, Yaw_err_deg: 8.437
Epoch: [4/4], Batch: 1250/9482, Loss: 416.389, Trans_L2_m: 0.964, Yaw_err_deg: 2.226
Epoch: [4/4], Batch: 1260/9482, Loss: 1427.794, Trans_L2_m: 0.968, Yaw_err_deg: 6.236
Epoch: [4/4], Batch: 1270/9482, Loss: 1551.461, Trans_L2_m: 0.753, Yaw_err_deg: 7.031
Epoch: [4/4], Batch: 1280/9482, Loss: 5271.201, Trans_L2_m: 1.941, Yaw_err_deg: 11.160
Epoch: [4/4], Batch: 1290/9482, Loss: 1342.976, Trans_L2_m: 0.830, Yaw_err_deg: 6.073
Epoch: [4/4], Batch: 1300/9482, Loss: 1229.088, Trans_L2_m: 0.913, Yaw_err_deg: 5.682
Epoch: [4/4], Batch: 1310/9482, Loss: 1467.481, Trans_L2_m: 1.822, Yaw_err_deg: 6.957
Epoch: [4/4], Batch: 1320/9482, Loss: 4301.494, Trans_L2_m: 1.171, Yaw_err_deg: 7.767
Epoch: [4/4], Batch: 1330/9482, Loss: 2652.496, Trans_L2_m: 1.037, Yaw_err_deg: 8.386
Epoch: [4/4], Batch: 1340/9482, Loss: 1345.592, Trans_L2_m: 2.413, Yaw_err_deg: 6.304
Epoch: [4/4], Batch: 1350/9482, Loss: 1232.571, Trans_L2_m: 0.713, Yaw_err_deg: 5.441
Epoch: [4/4], Batch: 1360/9482, Loss: 1748.614, Trans_L2_m: 1.216, Yaw_err_deg: 5.194
Epoch: [4/4], Batch: 1370/9482, Loss: 2543.093, Trans_L2_m: 1.489, Yaw_err_deg: 8.734
Epoch: [4/4], Batch: 1380/9482, Loss: 1486.811, Trans_L2_m: 0.597, Yaw_err_deg: 7.185
Epoch: [4/4], Batch: 1390/9482, Loss: 1898.888, Trans_L2_m: 0.594, Yaw_err_deg: 7.445
Epoch: [4/4], Batch: 1400/9482, Loss: 1085.378, Trans_L2_m: 1.319, Yaw_err_deg: 3.752
Epoch: [4/4], Batch: 1410/9482, Loss: 893.062, Trans_L2_m: 1.027, Yaw_err_deg: 3.746
Epoch: [4/4], Batch: 1420/9482, Loss: 1352.911, Trans_L2_m: 0.864, Yaw_err_deg: 5.255
Epoch: [4/4], Batch: 1430/9482, Loss: 1775.142, Trans_L2_m: 0.831, Yaw_err_deg: 5.588
Epoch: [4/4], Batch: 1440/9482, Loss: 2621.349, Trans_L2_m: 1.048, Yaw_err_deg: 8.702
Epoch: [4/4], Batch: 1450/9482, Loss: 1516.897, Trans_L2_m: 0.965, Yaw_err_deg: 6.503
Epoch: [4/4], Batch: 1460/9482, Loss: 907.655, Trans_L2_m: 3.342, Yaw_err_deg: 2.769
Epoch: [4/4], Batch: 1470/9482, Loss: 5464.413, Trans_L2_m: 0.981, Yaw_err_deg: 13.642
Epoch: [4/4], Batch: 1480/9482, Loss: 820.028, Trans_L2_m: 1.060, Yaw_err_deg: 5.015
Epoch: [4/4], Batch: 1490/9482, Loss: 1410.290, Trans_L2_m: 1.234, Yaw_err_deg: 6.738
Epoch: [4/4], Batch: 1500/9482, Loss: 392.131, Trans_L2_m: 0.822, Yaw_err_deg: 2.645
Epoch: [4/4], Batch: 1510/9482, Loss: 4350.665, Trans_L2_m: 0.986, Yaw_err_deg: 12.060
Epoch: [4/4], Batch: 1520/9482, Loss: 1660.351, Trans_L2_m: 0.947, Yaw_err_deg: 5.064
Epoch: [4/4], Batch: 1530/9482, Loss: 1686.985, Trans_L2_m: 1.029, Yaw_err_deg: 5.779
Epoch: [4/4], Batch: 1540/9482, Loss: 457.383, Trans_L2_m: 0.725, Yaw_err_deg: 3.308
Epoch: [4/4], Batch: 1550/9482, Loss: 2374.378, Trans_L2_m: 1.154, Yaw_err_deg: 8.440
Epoch: [4/4], Batch: 1560/9482, Loss: 1168.912, Trans_L2_m: 0.860, Yaw_err_deg: 4.764
Epoch: [4/4], Batch: 1570/9482, Loss: 2618.320, Trans_L2_m: 1.069, Yaw_err_deg: 7.048
Epoch: [4/4], Batch: 1580/9482, Loss: 3276.943, Trans_L2_m: 1.166, Yaw_err_deg: 10.010
Epoch: [4/4], Batch: 1590/9482, Loss: 3033.242, Trans_L2_m: 1.401, Yaw_err_deg: 10.542
Epoch: [4/4], Batch: 1600/9482, Loss: 934.827, Trans_L2_m: 0.799, Yaw_err_deg: 5.208
Epoch: [4/4], Batch: 1610/9482, Loss: 3439.181, Trans_L2_m: 1.137, Yaw_err_deg: 8.629
Epoch: [4/4], Batch: 1620/9482, Loss: 475.841, Trans_L2_m: 1.356, Yaw_err_deg: 3.569
Epoch: [4/4], Batch: 1630/9482, Loss: 1337.593, Trans_L2_m: 0.577, Yaw_err_deg: 5.663
Epoch: [4/4], Batch: 1640/9482, Loss: 3115.360, Trans_L2_m: 0.801, Yaw_err_deg: 10.015
Epoch: [4/4], Batch: 1650/9482, Loss: 1256.943, Trans_L2_m: 1.649, Yaw_err_deg: 5.988
Epoch: [4/4], Batch: 1660/9482, Loss: 498.477, Trans_L2_m: 1.118, Yaw_err_deg: 3.687
Epoch: [4/4], Batch: 1670/9482, Loss: 425.239, Trans_L2_m: 1.480, Yaw_err_deg: 3.014
Epoch: [4/4], Batch: 1680/9482, Loss: 1669.720, Trans_L2_m: 0.899, Yaw_err_deg: 6.242
Epoch: [4/4], Batch: 1690/9482, Loss: 296.499, Trans_L2_m: 1.281, Yaw_err_deg: 2.055
Epoch: [4/4], Batch: 1700/9482, Loss: 1835.154, Trans_L2_m: 1.474, Yaw_err_deg: 7.546
Epoch: [4/4], Batch: 1710/9482, Loss: 1829.547, Trans_L2_m: 1.143, Yaw_err_deg: 6.846
Epoch: [4/4], Batch: 1720/9482, Loss: 421.581, Trans_L2_m: 1.692, Yaw_err_deg: 2.280
Epoch: [4/4], Batch: 1730/9482, Loss: 1593.594, Trans_L2_m: 0.833, Yaw_err_deg: 6.723
Epoch: [4/4], Batch: 1740/9482, Loss: 2257.769, Trans_L2_m: 1.101, Yaw_err_deg: 6.242
Epoch: [4/4], Batch: 1750/9482, Loss: 823.084, Trans_L2_m: 1.475, Yaw_err_deg: 3.979
Epoch: [4/4], Batch: 1760/9482, Loss: 1770.253, Trans_L2_m: 1.128, Yaw_err_deg: 7.512
Epoch: [4/4], Batch: 1770/9482, Loss: 4019.678, Trans_L2_m: 0.789, Yaw_err_deg: 9.999
Epoch: [4/4], Batch: 1780/9482, Loss: 2546.814, Trans_L2_m: 1.208, Yaw_err_deg: 9.009
Epoch: [4/4], Batch: 1790/9482, Loss: 854.198, Trans_L2_m: 1.445, Yaw_err_deg: 5.242
Epoch: [4/4], Batch: 1800/9482, Loss: 1362.433, Trans_L2_m: 1.674, Yaw_err_deg: 6.346
Epoch: [4/4], Batch: 1810/9482, Loss: 1466.035, Trans_L2_m: 1.594, Yaw_err_deg: 5.741
Epoch: [4/4], Batch: 1820/9482, Loss: 1603.785, Trans_L2_m: 3.086, Yaw_err_deg: 4.299
Epoch: [4/4], Batch: 1830/9482, Loss: 1665.479, Trans_L2_m: 0.665, Yaw_err_deg: 6.605
Epoch: [4/4], Batch: 1840/9482, Loss: 5682.259, Trans_L2_m: 0.835, Yaw_err_deg: 11.865
Epoch: [4/4], Batch: 1850/9482, Loss: 3533.392, Trans_L2_m: 1.483, Yaw_err_deg: 8.796
Epoch: [4/4], Batch: 1860/9482, Loss: 3360.773, Trans_L2_m: 1.081, Yaw_err_deg: 7.325
Epoch: [4/4], Batch: 1870/9482, Loss: 1859.389, Trans_L2_m: 0.823, Yaw_err_deg: 7.417
Epoch: [4/4], Batch: 1880/9482, Loss: 10993.357, Trans_L2_m: 1.880, Yaw_err_deg: 15.987
Epoch: [4/4], Batch: 1890/9482, Loss: 627.525, Trans_L2_m: 1.473, Yaw_err_deg: 3.078
Epoch: [4/4], Batch: 1900/9482, Loss: 1356.287, Trans_L2_m: 1.035, Yaw_err_deg: 5.783
Epoch: [4/4], Batch: 1910/9482, Loss: 1479.915, Trans_L2_m: 1.773, Yaw_err_deg: 6.722
Epoch: [4/4], Batch: 1920/9482, Loss: 1811.241, Trans_L2_m: 1.199, Yaw_err_deg: 6.036
Epoch: [4/4], Batch: 1930/9482, Loss: 890.468, Trans_L2_m: 1.420, Yaw_err_deg: 4.398
Epoch: [4/4], Batch: 1940/9482, Loss: 4583.863, Trans_L2_m: 0.797, Yaw_err_deg: 10.843
Epoch: [4/4], Batch: 1950/9482, Loss: 2103.952, Trans_L2_m: 0.906, Yaw_err_deg: 7.951
Epoch: [4/4], Batch: 1960/9482, Loss: 1803.014, Trans_L2_m: 0.689, Yaw_err_deg: 6.151
Epoch: [4/4], Batch: 1970/9482, Loss: 2102.971, Trans_L2_m: 1.170, Yaw_err_deg: 7.659
Epoch: [4/4], Batch: 1980/9482, Loss: 593.617, Trans_L2_m: 1.566, Yaw_err_deg: 4.186
Epoch: [4/4], Batch: 1990/9482, Loss: 3198.755, Trans_L2_m: 1.223, Yaw_err_deg: 9.350
Epoch: [4/4], Batch: 2000/9482, Loss: 1010.611, Trans_L2_m: 1.366, Yaw_err_deg: 4.968
Epoch: [4/4], Batch: 2010/9482, Loss: 1461.940, Trans_L2_m: 1.307, Yaw_err_deg: 6.066
Epoch: [4/4], Batch: 2020/9482, Loss: 814.013, Trans_L2_m: 1.264, Yaw_err_deg: 3.989
Epoch: [4/4], Batch: 2030/9482, Loss: 1273.925, Trans_L2_m: 1.434, Yaw_err_deg: 5.852
Epoch: [4/4], Batch: 2040/9482, Loss: 1090.601, Trans_L2_m: 1.029, Yaw_err_deg: 5.869
Epoch: [4/4], Batch: 2050/9482, Loss: 829.629, Trans_L2_m: 1.324, Yaw_err_deg: 4.803
Epoch: [4/4], Batch: 2060/9482, Loss: 1392.963, Trans_L2_m: 1.041, Yaw_err_deg: 6.089
Epoch: [4/4], Batch: 2070/9482, Loss: 2412.815, Trans_L2_m: 1.459, Yaw_err_deg: 7.438
Epoch: [4/4], Batch: 2080/9482, Loss: 2573.195, Trans_L2_m: 3.228, Yaw_err_deg: 7.473
Epoch: [4/4], Batch: 2090/9482, Loss: 1035.274, Trans_L2_m: 1.054, Yaw_err_deg: 4.958
Epoch: [4/4], Batch: 2100/9482, Loss: 4249.040, Trans_L2_m: 1.015, Yaw_err_deg: 11.396
Epoch: [4/4], Batch: 2110/9482, Loss: 655.903, Trans_L2_m: 1.252, Yaw_err_deg: 4.049
Epoch: [4/4], Batch: 2120/9482, Loss: 2052.288, Trans_L2_m: 1.242, Yaw_err_deg: 7.706
Epoch: [4/4], Batch: 2130/9482, Loss: 1491.734, Trans_L2_m: 0.763, Yaw_err_deg: 6.642
Epoch: [4/4], Batch: 2140/9482, Loss: 1767.179, Trans_L2_m: 1.719, Yaw_err_deg: 5.589
Epoch: [4/4], Batch: 2150/9482, Loss: 2917.243, Trans_L2_m: 0.781, Yaw_err_deg: 8.751
Epoch: [4/4], Batch: 2160/9482, Loss: 2586.105, Trans_L2_m: 0.792, Yaw_err_deg: 9.056
Epoch: [4/4], Batch: 2170/9482, Loss: 2314.748, Trans_L2_m: 1.297, Yaw_err_deg: 7.006
Epoch: [4/4], Batch: 2180/9482, Loss: 4500.794, Trans_L2_m: 1.278, Yaw_err_deg: 12.143
Epoch: [4/4], Batch: 2190/9482, Loss: 173.035, Trans_L2_m: 1.428, Yaw_err_deg: 1.653
Epoch: [4/4], Batch: 2200/9482, Loss: 671.125, Trans_L2_m: 2.016, Yaw_err_deg: 3.612
Epoch: [4/4], Batch: 2210/9482, Loss: 1009.833, Trans_L2_m: 0.931, Yaw_err_deg: 5.831
Epoch: [4/4], Batch: 2220/9482, Loss: 974.891, Trans_L2_m: 0.834, Yaw_err_deg: 5.130
Epoch: [4/4], Batch: 2230/9482, Loss: 1116.706, Trans_L2_m: 0.817, Yaw_err_deg: 4.866
Epoch: [4/4], Batch: 2240/9482, Loss: 1551.651, Trans_L2_m: 1.291, Yaw_err_deg: 5.725
Epoch: [4/4], Batch: 2250/9482, Loss: 1710.771, Trans_L2_m: 0.861, Yaw_err_deg: 7.455
Epoch: [4/4], Batch: 2260/9482, Loss: 1747.387, Trans_L2_m: 0.956, Yaw_err_deg: 7.144
Epoch: [4/4], Batch: 2270/9482, Loss: 324.396, Trans_L2_m: 1.192, Yaw_err_deg: 2.402
Epoch: [4/4], Batch: 2280/9482, Loss: 1069.327, Trans_L2_m: 1.008, Yaw_err_deg: 5.869
Epoch: [4/4], Batch: 2290/9482, Loss: 1441.409, Trans_L2_m: 1.659, Yaw_err_deg: 5.580
Epoch: [4/4], Batch: 2300/9482, Loss: 1676.435, Trans_L2_m: 1.237, Yaw_err_deg: 6.016
Epoch: [4/4], Batch: 2310/9482, Loss: 1366.853, Trans_L2_m: 0.811, Yaw_err_deg: 6.218
Epoch: [4/4], Batch: 2320/9482, Loss: 554.099, Trans_L2_m: 2.411, Yaw_err_deg: 2.678
Epoch: [4/4], Batch: 2330/9482, Loss: 1389.215, Trans_L2_m: 0.995, Yaw_err_deg: 6.012
Epoch: [4/4], Batch: 2340/9482, Loss: 652.229, Trans_L2_m: 1.498, Yaw_err_deg: 4.889
Epoch: [4/4], Batch: 2350/9482, Loss: 2078.619, Trans_L2_m: 0.951, Yaw_err_deg: 5.224
Epoch: [4/4], Batch: 2360/9482, Loss: 1995.224, Trans_L2_m: 0.995, Yaw_err_deg: 7.242
Epoch: [4/4], Batch: 2370/9482, Loss: 2688.183, Trans_L2_m: 1.065, Yaw_err_deg: 8.842
Epoch: [4/4], Batch: 2380/9482, Loss: 806.806, Trans_L2_m: 1.284, Yaw_err_deg: 4.609
Epoch: [4/4], Batch: 2390/9482, Loss: 1019.241, Trans_L2_m: 1.016, Yaw_err_deg: 4.898
Epoch: [4/4], Batch: 2400/9482, Loss: 807.026, Trans_L2_m: 1.147, Yaw_err_deg: 4.625
Epoch: [4/4], Batch: 2410/9482, Loss: 508.082, Trans_L2_m: 0.931, Yaw_err_deg: 2.335
Epoch: [4/4], Batch: 2420/9482, Loss: 404.031, Trans_L2_m: 0.966, Yaw_err_deg: 2.991
Epoch: [4/4], Batch: 2430/9482, Loss: 6561.483, Trans_L2_m: 0.574, Yaw_err_deg: 11.709
Epoch: [4/4], Batch: 2440/9482, Loss: 4682.313, Trans_L2_m: 1.564, Yaw_err_deg: 10.271
Epoch: [4/4], Batch: 2450/9482, Loss: 1737.554, Trans_L2_m: 0.932, Yaw_err_deg: 7.058
Epoch: [4/4], Batch: 2460/9482, Loss: 855.421, Trans_L2_m: 1.291, Yaw_err_deg: 4.701
Epoch: [4/4], Batch: 2470/9482, Loss: 1575.684, Trans_L2_m: 1.716, Yaw_err_deg: 6.611
Epoch: [4/4], Batch: 2480/9482, Loss: 1620.387, Trans_L2_m: 1.205, Yaw_err_deg: 6.788
Epoch: [4/4], Batch: 2490/9482, Loss: 2074.076, Trans_L2_m: 0.850, Yaw_err_deg: 8.485
Epoch: [4/4], Batch: 2500/9482, Loss: 165.226, Trans_L2_m: 1.295, Yaw_err_deg: 1.741
Epoch: [4/4], Batch: 2510/9482, Loss: 1903.564, Trans_L2_m: 0.914, Yaw_err_deg: 6.026
Epoch: [4/4], Batch: 2520/9482, Loss: 2074.930, Trans_L2_m: 0.859, Yaw_err_deg: 5.709
Epoch: [4/4], Batch: 2530/9482, Loss: 269.137, Trans_L2_m: 1.455, Yaw_err_deg: 2.277
Epoch: [4/4], Batch: 2540/9482, Loss: 1590.974, Trans_L2_m: 1.387, Yaw_err_deg: 6.478
Epoch: [4/4], Batch: 2550/9482, Loss: 3277.678, Trans_L2_m: 0.904, Yaw_err_deg: 9.650
Epoch: [4/4], Batch: 2560/9482, Loss: 986.773, Trans_L2_m: 1.806, Yaw_err_deg: 4.294
Epoch: [4/4], Batch: 2570/9482, Loss: 5280.781, Trans_L2_m: 0.815, Yaw_err_deg: 12.491
Epoch: [4/4], Batch: 2580/9482, Loss: 1987.549, Trans_L2_m: 1.366, Yaw_err_deg: 5.442
Epoch: [4/4], Batch: 2590/9482, Loss: 346.328, Trans_L2_m: 0.744, Yaw_err_deg: 2.676
Epoch: [4/4], Batch: 2600/9482, Loss: 2100.039, Trans_L2_m: 1.459, Yaw_err_deg: 7.350
Epoch: [4/4], Batch: 2610/9482, Loss: 1138.974, Trans_L2_m: 1.442, Yaw_err_deg: 5.906
Epoch: [4/4], Batch: 2620/9482, Loss: 2969.028, Trans_L2_m: 0.975, Yaw_err_deg: 9.898
Epoch: [4/4], Batch: 2630/9482, Loss: 1728.518, Trans_L2_m: 0.975, Yaw_err_deg: 6.971
Epoch: [4/4], Batch: 2640/9482, Loss: 2055.737, Trans_L2_m: 0.940, Yaw_err_deg: 7.914
Epoch: [4/4], Batch: 2650/9482, Loss: 1615.680, Trans_L2_m: 0.871, Yaw_err_deg: 7.668
Epoch: [4/4], Batch: 2660/9482, Loss: 1570.281, Trans_L2_m: 0.967, Yaw_err_deg: 6.475
Epoch: [4/4], Batch: 2670/9482, Loss: 3618.052, Trans_L2_m: 1.531, Yaw_err_deg: 10.175
Epoch: [4/4], Batch: 2680/9482, Loss: 2181.292, Trans_L2_m: 1.191, Yaw_err_deg: 8.174
Epoch: [4/4], Batch: 2690/9482, Loss: 929.364, Trans_L2_m: 0.832, Yaw_err_deg: 4.884
Epoch: [4/4], Batch: 2700/9482, Loss: 2917.891, Trans_L2_m: 1.185, Yaw_err_deg: 8.654
Epoch: [4/4], Batch: 2710/9482, Loss: 720.743, Trans_L2_m: 1.461, Yaw_err_deg: 4.536
Epoch: [4/4], Batch: 2720/9482, Loss: 4968.585, Trans_L2_m: 1.271, Yaw_err_deg: 12.231
Epoch: [4/4], Batch: 2730/9482, Loss: 657.705, Trans_L2_m: 1.564, Yaw_err_deg: 4.035
Epoch: [4/4], Batch: 2740/9482, Loss: 385.181, Trans_L2_m: 0.842, Yaw_err_deg: 3.535
Epoch: [4/4], Batch: 2750/9482, Loss: 2450.654, Trans_L2_m: 0.948, Yaw_err_deg: 9.431
Epoch: [4/4], Batch: 2760/9482, Loss: 6011.655, Trans_L2_m: 0.953, Yaw_err_deg: 11.217
Epoch: [4/4], Batch: 2770/9482, Loss: 795.789, Trans_L2_m: 1.740, Yaw_err_deg: 3.900
Epoch: [4/4], Batch: 2780/9482, Loss: 986.080, Trans_L2_m: 1.699, Yaw_err_deg: 5.159
Epoch: [4/4], Batch: 2790/9482, Loss: 6449.655, Trans_L2_m: 2.455, Yaw_err_deg: 12.695
Epoch: [4/4], Batch: 2800/9482, Loss: 6370.813, Trans_L2_m: 1.592, Yaw_err_deg: 14.074
Epoch: [4/4], Batch: 2810/9482, Loss: 1629.282, Trans_L2_m: 1.996, Yaw_err_deg: 6.667
Epoch: [4/4], Batch: 2820/9482, Loss: 1358.589, Trans_L2_m: 1.467, Yaw_err_deg: 5.742
Epoch: [4/4], Batch: 2830/9482, Loss: 399.271, Trans_L2_m: 1.810, Yaw_err_deg: 2.528
Epoch: [4/4], Batch: 2840/9482, Loss: 1709.871, Trans_L2_m: 1.314, Yaw_err_deg: 5.126
Epoch: [4/4], Batch: 2850/9482, Loss: 618.830, Trans_L2_m: 1.102, Yaw_err_deg: 3.624
Epoch: [4/4], Batch: 2860/9482, Loss: 1529.385, Trans_L2_m: 0.940, Yaw_err_deg: 6.910
Epoch: [4/4], Batch: 2870/9482, Loss: 915.514, Trans_L2_m: 1.732, Yaw_err_deg: 5.403
Epoch: [4/4], Batch: 2880/9482, Loss: 2858.404, Trans_L2_m: 0.997, Yaw_err_deg: 8.230
Epoch: [4/4], Batch: 2890/9482, Loss: 2201.642, Trans_L2_m: 0.974, Yaw_err_deg: 6.419
Epoch: [4/4], Batch: 2900/9482, Loss: 1703.840, Trans_L2_m: 1.217, Yaw_err_deg: 7.600
Epoch: [4/4], Batch: 2910/9482, Loss: 931.291, Trans_L2_m: 1.437, Yaw_err_deg: 5.262
Epoch: [4/4], Batch: 2920/9482, Loss: 2523.292, Trans_L2_m: 1.211, Yaw_err_deg: 9.082
Epoch: [4/4], Batch: 2930/9482, Loss: 2972.182, Trans_L2_m: 1.317, Yaw_err_deg: 8.768
Epoch: [4/4], Batch: 2940/9482, Loss: 540.019, Trans_L2_m: 0.791, Yaw_err_deg: 3.705
Epoch: [4/4], Batch: 2950/9482, Loss: 4982.152, Trans_L2_m: 2.228, Yaw_err_deg: 9.410
Epoch: [4/4], Batch: 2960/9482, Loss: 877.866, Trans_L2_m: 0.951, Yaw_err_deg: 3.763
Epoch: [4/4], Batch: 2970/9482, Loss: 634.244, Trans_L2_m: 1.082, Yaw_err_deg: 3.050
Epoch: [4/4], Batch: 2980/9482, Loss: 515.165, Trans_L2_m: 0.767, Yaw_err_deg: 3.882
Epoch: [4/4], Batch: 2990/9482, Loss: 1178.485, Trans_L2_m: 1.798, Yaw_err_deg: 5.261
Epoch: [4/4], Batch: 3000/9482, Loss: 3485.066, Trans_L2_m: 1.062, Yaw_err_deg: 11.242
Epoch: [4/4], Batch: 3010/9482, Loss: 2451.571, Trans_L2_m: 1.025, Yaw_err_deg: 9.350
Epoch: [4/4], Batch: 3020/9482, Loss: 814.575, Trans_L2_m: 0.739, Yaw_err_deg: 4.631
Epoch: [4/4], Batch: 3030/9482, Loss: 4391.738, Trans_L2_m: 1.381, Yaw_err_deg: 10.883
Epoch: [4/4], Batch: 3040/9482, Loss: 2592.846, Trans_L2_m: 1.121, Yaw_err_deg: 8.100
Epoch: [4/4], Batch: 3050/9482, Loss: 2827.895, Trans_L2_m: 1.370, Yaw_err_deg: 8.911
Epoch: [4/4], Batch: 3060/9482, Loss: 983.489, Trans_L2_m: 1.870, Yaw_err_deg: 4.666
Epoch: [4/4], Batch: 3070/9482, Loss: 1067.498, Trans_L2_m: 1.180, Yaw_err_deg: 4.817
Epoch: [4/4], Batch: 3080/9482, Loss: 3418.863, Trans_L2_m: 0.758, Yaw_err_deg: 9.541
Epoch: [4/4], Batch: 3090/9482, Loss: 1361.200, Trans_L2_m: 1.050, Yaw_err_deg: 6.149
Epoch: [4/4], Batch: 3100/9482, Loss: 3491.333, Trans_L2_m: 0.779, Yaw_err_deg: 9.039
Epoch: [4/4], Batch: 3110/9482, Loss: 485.319, Trans_L2_m: 1.941, Yaw_err_deg: 2.918
Epoch: [4/4], Batch: 3120/9482, Loss: 5373.349, Trans_L2_m: 1.145, Yaw_err_deg: 13.143
Epoch: [4/4], Batch: 3130/9482, Loss: 1045.385, Trans_L2_m: 1.004, Yaw_err_deg: 4.997
Epoch: [4/4], Batch: 3140/9482, Loss: 4719.661, Trans_L2_m: 3.392, Yaw_err_deg: 9.262
Epoch: [4/4], Batch: 3150/9482, Loss: 772.752, Trans_L2_m: 1.269, Yaw_err_deg: 4.905
Epoch: [4/4], Batch: 3160/9482, Loss: 1239.656, Trans_L2_m: 1.106, Yaw_err_deg: 5.207
Epoch: [4/4], Batch: 3170/9482, Loss: 415.683, Trans_L2_m: 1.200, Yaw_err_deg: 3.346
Epoch: [4/4], Batch: 3180/9482, Loss: 1681.809, Trans_L2_m: 1.567, Yaw_err_deg: 4.947
Epoch: [4/4], Batch: 3190/9482, Loss: 1076.061, Trans_L2_m: 1.323, Yaw_err_deg: 5.687
Epoch: [4/4], Batch: 3200/9482, Loss: 3569.282, Trans_L2_m: 1.075, Yaw_err_deg: 9.565
Epoch: [4/4], Batch: 3210/9482, Loss: 1199.858, Trans_L2_m: 0.879, Yaw_err_deg: 6.122
Epoch: [4/4], Batch: 3220/9482, Loss: 1676.091, Trans_L2_m: 1.184, Yaw_err_deg: 6.949
Epoch: [4/4], Batch: 3230/9482, Loss: 2789.959, Trans_L2_m: 1.047, Yaw_err_deg: 7.939
Epoch: [4/4], Batch: 3240/9482, Loss: 925.090, Trans_L2_m: 0.829, Yaw_err_deg: 5.240
Epoch: [4/4], Batch: 3250/9482, Loss: 3338.703, Trans_L2_m: 1.312, Yaw_err_deg: 7.864
Epoch: [4/4], Batch: 3260/9482, Loss: 590.897, Trans_L2_m: 1.374, Yaw_err_deg: 3.732
Epoch: [4/4], Batch: 3270/9482, Loss: 368.581, Trans_L2_m: 1.327, Yaw_err_deg: 3.101
Epoch: [4/4], Batch: 3280/9482, Loss: 442.262, Trans_L2_m: 0.962, Yaw_err_deg: 3.702
Epoch: [4/4], Batch: 3290/9482, Loss: 1900.184, Trans_L2_m: 0.799, Yaw_err_deg: 7.018
Epoch: [4/4], Batch: 3300/9482, Loss: 1158.201, Trans_L2_m: 0.662, Yaw_err_deg: 5.825
Epoch: [4/4], Batch: 3310/9482, Loss: 1024.969, Trans_L2_m: 1.363, Yaw_err_deg: 5.872
Epoch: [4/4], Batch: 3320/9482, Loss: 563.977, Trans_L2_m: 0.650, Yaw_err_deg: 4.176
Epoch: [4/4], Batch: 3330/9482, Loss: 962.991, Trans_L2_m: 1.394, Yaw_err_deg: 5.503
Epoch: [4/4], Batch: 3340/9482, Loss: 1542.676, Trans_L2_m: 1.119, Yaw_err_deg: 6.867
Epoch: [4/4], Batch: 3350/9482, Loss: 1229.166, Trans_L2_m: 0.942, Yaw_err_deg: 4.934
Epoch: [4/4], Batch: 3360/9482, Loss: 3912.306, Trans_L2_m: 0.622, Yaw_err_deg: 9.774
Epoch: [4/4], Batch: 3370/9482, Loss: 429.445, Trans_L2_m: 1.017, Yaw_err_deg: 3.052
Epoch: [4/4], Batch: 3380/9482, Loss: 1920.637, Trans_L2_m: 1.621, Yaw_err_deg: 6.757
Epoch: [4/4], Batch: 3390/9482, Loss: 2867.172, Trans_L2_m: 0.814, Yaw_err_deg: 7.537
Epoch: [4/4], Batch: 3400/9482, Loss: 2326.697, Trans_L2_m: 1.212, Yaw_err_deg: 6.293
Epoch: [4/4], Batch: 3410/9482, Loss: 1097.299, Trans_L2_m: 1.521, Yaw_err_deg: 5.073
Epoch: [4/4], Batch: 3420/9482, Loss: 1606.459, Trans_L2_m: 1.264, Yaw_err_deg: 6.324
Epoch: [4/4], Batch: 3430/9482, Loss: 3303.158, Trans_L2_m: 0.995, Yaw_err_deg: 9.455
Epoch: [4/4], Batch: 3440/9482, Loss: 3823.073, Trans_L2_m: 0.573, Yaw_err_deg: 10.473
Epoch: [4/4], Batch: 3450/9482, Loss: 3376.509, Trans_L2_m: 1.618, Yaw_err_deg: 9.798
Epoch: [4/4], Batch: 3460/9482, Loss: 388.595, Trans_L2_m: 0.933, Yaw_err_deg: 2.692
Epoch: [4/4], Batch: 3470/9482, Loss: 4132.490, Trans_L2_m: 1.215, Yaw_err_deg: 11.692
Epoch: [4/4], Batch: 3480/9482, Loss: 618.956, Trans_L2_m: 1.291, Yaw_err_deg: 3.776
Epoch: [4/4], Batch: 3490/9482, Loss: 443.409, Trans_L2_m: 0.691, Yaw_err_deg: 3.521
Epoch: [4/4], Batch: 3500/9482, Loss: 1327.291, Trans_L2_m: 0.811, Yaw_err_deg: 4.192
Epoch: [4/4], Batch: 3510/9482, Loss: 855.337, Trans_L2_m: 0.955, Yaw_err_deg: 4.730
Epoch: [4/4], Batch: 3520/9482, Loss: 3491.586, Trans_L2_m: 1.283, Yaw_err_deg: 10.196
Epoch: [4/4], Batch: 3530/9482, Loss: 1179.467, Trans_L2_m: 0.868, Yaw_err_deg: 5.390
Epoch: [4/4], Batch: 3540/9482, Loss: 1332.704, Trans_L2_m: 0.697, Yaw_err_deg: 6.157
Epoch: [4/4], Batch: 3550/9482, Loss: 1011.082, Trans_L2_m: 1.437, Yaw_err_deg: 4.961
Epoch: [4/4], Batch: 3560/9482, Loss: 2558.974, Trans_L2_m: 1.147, Yaw_err_deg: 7.149
Epoch: [4/4], Batch: 3570/9482, Loss: 1406.826, Trans_L2_m: 1.203, Yaw_err_deg: 6.559
Epoch: [4/4], Batch: 3580/9482, Loss: 2065.484, Trans_L2_m: 1.494, Yaw_err_deg: 6.763
Epoch: [4/4], Batch: 3590/9482, Loss: 417.688, Trans_L2_m: 1.325, Yaw_err_deg: 3.291
Epoch: [4/4], Batch: 3600/9482, Loss: 422.321, Trans_L2_m: 0.757, Yaw_err_deg: 3.404
Epoch: [4/4], Batch: 3610/9482, Loss: 2045.495, Trans_L2_m: 1.268, Yaw_err_deg: 5.734
Epoch: [4/4], Batch: 3620/9482, Loss: 999.257, Trans_L2_m: 1.035, Yaw_err_deg: 4.242
Epoch: [4/4], Batch: 3630/9482, Loss: 3997.207, Trans_L2_m: 1.371, Yaw_err_deg: 10.560
Epoch: [4/4], Batch: 3640/9482, Loss: 917.994, Trans_L2_m: 0.387, Yaw_err_deg: 5.456
Epoch: [4/4], Batch: 3650/9482, Loss: 3339.225, Trans_L2_m: 0.885, Yaw_err_deg: 7.583
Epoch: [4/4], Batch: 3660/9482, Loss: 967.206, Trans_L2_m: 1.224, Yaw_err_deg: 3.879
Epoch: [4/4], Batch: 3670/9482, Loss: 2410.150, Trans_L2_m: 0.878, Yaw_err_deg: 8.313
Epoch: [4/4], Batch: 3680/9482, Loss: 2764.136, Trans_L2_m: 1.652, Yaw_err_deg: 7.857
Epoch: [4/4], Batch: 3690/9482, Loss: 226.454, Trans_L2_m: 1.422, Yaw_err_deg: 1.718
Epoch: [4/4], Batch: 3700/9482, Loss: 1573.913, Trans_L2_m: 1.326, Yaw_err_deg: 5.853
Epoch: [4/4], Batch: 3710/9482, Loss: 1174.484, Trans_L2_m: 0.717, Yaw_err_deg: 6.044
Epoch: [4/4], Batch: 3720/9482, Loss: 856.643, Trans_L2_m: 1.182, Yaw_err_deg: 4.384
Epoch: [4/4], Batch: 3730/9482, Loss: 1077.081, Trans_L2_m: 1.137, Yaw_err_deg: 5.469
Epoch: [4/4], Batch: 3740/9482, Loss: 1225.579, Trans_L2_m: 1.107, Yaw_err_deg: 5.976
Epoch: [4/4], Batch: 3750/9482, Loss: 3021.597, Trans_L2_m: 1.150, Yaw_err_deg: 9.765
Epoch: [4/4], Batch: 3760/9482, Loss: 1713.267, Trans_L2_m: 1.673, Yaw_err_deg: 6.216
Epoch: [4/4], Batch: 3770/9482, Loss: 1679.772, Trans_L2_m: 0.915, Yaw_err_deg: 6.928
Epoch: [4/4], Batch: 3780/9482, Loss: 1846.385, Trans_L2_m: 1.482, Yaw_err_deg: 5.924
Epoch: [4/4], Batch: 3790/9482, Loss: 733.745, Trans_L2_m: 1.010, Yaw_err_deg: 5.081
Epoch: [4/4], Batch: 3800/9482, Loss: 3239.616, Trans_L2_m: 1.196, Yaw_err_deg: 8.489
Epoch: [4/4], Batch: 3810/9482, Loss: 4233.383, Trans_L2_m: 1.172, Yaw_err_deg: 9.943
Epoch: [4/4], Batch: 3820/9482, Loss: 1501.799, Trans_L2_m: 0.858, Yaw_err_deg: 5.800
Epoch: [4/4], Batch: 3830/9482, Loss: 733.880, Trans_L2_m: 1.142, Yaw_err_deg: 4.120
Epoch: [4/4], Batch: 3840/9482, Loss: 1769.426, Trans_L2_m: 1.185, Yaw_err_deg: 7.272
Epoch: [4/4], Batch: 3850/9482, Loss: 1780.046, Trans_L2_m: 1.160, Yaw_err_deg: 7.602
Epoch: [4/4], Batch: 3860/9482, Loss: 2736.205, Trans_L2_m: 0.900, Yaw_err_deg: 7.624
Epoch: [4/4], Batch: 3870/9482, Loss: 3675.887, Trans_L2_m: 0.953, Yaw_err_deg: 11.723
Epoch: [4/4], Batch: 3880/9482, Loss: 723.073, Trans_L2_m: 1.183, Yaw_err_deg: 4.217
Epoch: [4/4], Batch: 3890/9482, Loss: 2808.432, Trans_L2_m: 1.172, Yaw_err_deg: 8.897
Epoch: [4/4], Batch: 3900/9482, Loss: 3018.971, Trans_L2_m: 1.468, Yaw_err_deg: 7.185
Epoch: [4/4], Batch: 3910/9482, Loss: 1666.498, Trans_L2_m: 0.737, Yaw_err_deg: 7.401
Epoch: [4/4], Batch: 3920/9482, Loss: 1502.593, Trans_L2_m: 1.585, Yaw_err_deg: 6.420
Epoch: [4/4], Batch: 3930/9482, Loss: 2736.690, Trans_L2_m: 1.146, Yaw_err_deg: 7.077
Epoch: [4/4], Batch: 3940/9482, Loss: 1434.952, Trans_L2_m: 1.251, Yaw_err_deg: 5.519
Epoch: [4/4], Batch: 3950/9482, Loss: 1055.285, Trans_L2_m: 0.811, Yaw_err_deg: 6.252
Epoch: [4/4], Batch: 3960/9482, Loss: 1272.167, Trans_L2_m: 1.118, Yaw_err_deg: 5.540
Epoch: [4/4], Batch: 3970/9482, Loss: 2582.159, Trans_L2_m: 1.057, Yaw_err_deg: 7.919
Epoch: [4/4], Batch: 3980/9482, Loss: 3784.330, Trans_L2_m: 1.179, Yaw_err_deg: 8.963
Epoch: [4/4], Batch: 3990/9482, Loss: 468.133, Trans_L2_m: 1.299, Yaw_err_deg: 2.981
Epoch: [4/4], Batch: 4000/9482, Loss: 2249.276, Trans_L2_m: 1.256, Yaw_err_deg: 7.434
Epoch: [4/4], Batch: 4010/9482, Loss: 707.248, Trans_L2_m: 0.739, Yaw_err_deg: 4.652
Epoch: [4/4], Batch: 4020/9482, Loss: 1760.412, Trans_L2_m: 0.926, Yaw_err_deg: 6.243
Epoch: [4/4], Batch: 4030/9482, Loss: 807.081, Trans_L2_m: 1.089, Yaw_err_deg: 4.530
Epoch: [4/4], Batch: 4040/9482, Loss: 2910.646, Trans_L2_m: 1.077, Yaw_err_deg: 6.470
Epoch: [4/4], Batch: 4050/9482, Loss: 1581.621, Trans_L2_m: 1.490, Yaw_err_deg: 7.073
Epoch: [4/4], Batch: 4060/9482, Loss: 825.698, Trans_L2_m: 1.378, Yaw_err_deg: 4.074
Epoch: [4/4], Batch: 4070/9482, Loss: 1009.558, Trans_L2_m: 1.902, Yaw_err_deg: 5.562
Epoch: [4/4], Batch: 4080/9482, Loss: 335.598, Trans_L2_m: 1.453, Yaw_err_deg: 2.738
Epoch: [4/4], Batch: 4090/9482, Loss: 2212.012, Trans_L2_m: 0.925, Yaw_err_deg: 7.686
Epoch: [4/4], Batch: 4100/9482, Loss: 229.133, Trans_L2_m: 1.352, Yaw_err_deg: 2.146
Epoch: [4/4], Batch: 4110/9482, Loss: 558.303, Trans_L2_m: 1.311, Yaw_err_deg: 4.609
Epoch: [4/4], Batch: 4120/9482, Loss: 3518.293, Trans_L2_m: 1.436, Yaw_err_deg: 9.068
Epoch: [4/4], Batch: 4130/9482, Loss: 247.808, Trans_L2_m: 1.178, Yaw_err_deg: 1.912
Epoch: [4/4], Batch: 4140/9482, Loss: 1277.900, Trans_L2_m: 0.969, Yaw_err_deg: 5.642
Epoch: [4/4], Batch: 4150/9482, Loss: 1963.413, Trans_L2_m: 1.301, Yaw_err_deg: 6.734
Epoch: [4/4], Batch: 4160/9482, Loss: 888.673, Trans_L2_m: 0.763, Yaw_err_deg: 5.107
Epoch: [4/4], Batch: 4170/9482, Loss: 1720.531, Trans_L2_m: 0.857, Yaw_err_deg: 5.366
Epoch: [4/4], Batch: 4180/9482, Loss: 570.560, Trans_L2_m: 1.180, Yaw_err_deg: 3.649
Epoch: [4/4], Batch: 4190/9482, Loss: 631.409, Trans_L2_m: 1.450, Yaw_err_deg: 3.688
Epoch: [4/4], Batch: 4200/9482, Loss: 1629.896, Trans_L2_m: 0.698, Yaw_err_deg: 6.797
Epoch: [4/4], Batch: 4210/9482, Loss: 952.222, Trans_L2_m: 0.632, Yaw_err_deg: 5.538
Epoch: [4/4], Batch: 4220/9482, Loss: 405.685, Trans_L2_m: 1.067, Yaw_err_deg: 2.581
Epoch: [4/4], Batch: 4230/9482, Loss: 4103.376, Trans_L2_m: 1.340, Yaw_err_deg: 10.187
Epoch: [4/4], Batch: 4240/9482, Loss: 434.724, Trans_L2_m: 0.609, Yaw_err_deg: 3.168
Epoch: [4/4], Batch: 4250/9482, Loss: 471.691, Trans_L2_m: 0.853, Yaw_err_deg: 3.911
Epoch: [4/4], Batch: 4260/9482, Loss: 1481.741, Trans_L2_m: 1.032, Yaw_err_deg: 5.990
Epoch: [4/4], Batch: 4270/9482, Loss: 849.512, Trans_L2_m: 0.848, Yaw_err_deg: 4.539
Epoch: [4/4], Batch: 4280/9482, Loss: 2345.122, Trans_L2_m: 0.920, Yaw_err_deg: 6.656
Epoch: [4/4], Batch: 4290/9482, Loss: 215.768, Trans_L2_m: 0.816, Yaw_err_deg: 2.365
Epoch: [4/4], Batch: 4300/9482, Loss: 1244.646, Trans_L2_m: 1.201, Yaw_err_deg: 5.768
Epoch: [4/4], Batch: 4310/9482, Loss: 610.855, Trans_L2_m: 1.047, Yaw_err_deg: 3.034
Epoch: [4/4], Batch: 4320/9482, Loss: 3092.045, Trans_L2_m: 1.050, Yaw_err_deg: 10.482
Epoch: [4/4], Batch: 4330/9482, Loss: 2079.459, Trans_L2_m: 1.209, Yaw_err_deg: 7.791
Epoch: [4/4], Batch: 4340/9482, Loss: 1567.905, Trans_L2_m: 1.260, Yaw_err_deg: 6.611
Epoch: [4/4], Batch: 4350/9482, Loss: 990.462, Trans_L2_m: 0.703, Yaw_err_deg: 5.681
Epoch: [4/4], Batch: 4360/9482, Loss: 1830.501, Trans_L2_m: 0.410, Yaw_err_deg: 8.019
Epoch: [4/4], Batch: 4370/9482, Loss: 3084.072, Trans_L2_m: 0.835, Yaw_err_deg: 9.487
Epoch: [4/4], Batch: 4380/9482, Loss: 1859.914, Trans_L2_m: 0.719, Yaw_err_deg: 7.411
Epoch: [4/4], Batch: 4390/9482, Loss: 441.294, Trans_L2_m: 0.964, Yaw_err_deg: 2.695
Epoch: [4/4], Batch: 4400/9482, Loss: 1961.954, Trans_L2_m: 1.660, Yaw_err_deg: 7.394
Epoch: [4/4], Batch: 4410/9482, Loss: 2209.338, Trans_L2_m: 1.076, Yaw_err_deg: 7.859
Epoch: [4/4], Batch: 4420/9482, Loss: 1737.004, Trans_L2_m: 1.307, Yaw_err_deg: 6.859
Epoch: [4/4], Batch: 4430/9482, Loss: 377.664, Trans_L2_m: 0.872, Yaw_err_deg: 2.930
Epoch: [4/4], Batch: 4440/9482, Loss: 2298.969, Trans_L2_m: 1.129, Yaw_err_deg: 6.524
Epoch: [4/4], Batch: 4450/9482, Loss: 2693.349, Trans_L2_m: 0.881, Yaw_err_deg: 8.394
Epoch: [4/4], Batch: 4460/9482, Loss: 519.367, Trans_L2_m: 1.380, Yaw_err_deg: 3.160
Epoch: [4/4], Batch: 4470/9482, Loss: 1354.300, Trans_L2_m: 0.988, Yaw_err_deg: 5.663
Epoch: [4/4], Batch: 4480/9482, Loss: 145.381, Trans_L2_m: 1.114, Yaw_err_deg: 1.273
Epoch: [4/4], Batch: 4490/9482, Loss: 199.071, Trans_L2_m: 0.522, Yaw_err_deg: 2.209
Epoch: [4/4], Batch: 4500/9482, Loss: 2586.043, Trans_L2_m: 1.160, Yaw_err_deg: 7.022
Epoch: [4/4], Batch: 4510/9482, Loss: 517.886, Trans_L2_m: 1.403, Yaw_err_deg: 3.101
Epoch: [4/4], Batch: 4520/9482, Loss: 1369.610, Trans_L2_m: 1.283, Yaw_err_deg: 6.198
Epoch: [4/4], Batch: 4530/9482, Loss: 622.864, Trans_L2_m: 0.743, Yaw_err_deg: 3.141
Epoch: [4/4], Batch: 4540/9482, Loss: 2462.145, Trans_L2_m: 0.389, Yaw_err_deg: 9.042
Epoch: [4/4], Batch: 4550/9482, Loss: 3457.802, Trans_L2_m: 1.538, Yaw_err_deg: 8.855
Epoch: [4/4], Batch: 4560/9482, Loss: 951.132, Trans_L2_m: 1.260, Yaw_err_deg: 4.476
Epoch: [4/4], Batch: 4570/9482, Loss: 4532.398, Trans_L2_m: 0.841, Yaw_err_deg: 10.723
Epoch: [4/4], Batch: 4580/9482, Loss: 2563.593, Trans_L2_m: 1.062, Yaw_err_deg: 7.741
Epoch: [4/4], Batch: 4590/9482, Loss: 2799.337, Trans_L2_m: 1.369, Yaw_err_deg: 9.239
Epoch: [4/4], Batch: 4600/9482, Loss: 704.821, Trans_L2_m: 0.857, Yaw_err_deg: 3.989
Epoch: [4/4], Batch: 4610/9482, Loss: 1120.044, Trans_L2_m: 1.165, Yaw_err_deg: 3.817
Epoch: [4/4], Batch: 4620/9482, Loss: 941.826, Trans_L2_m: 0.945, Yaw_err_deg: 5.722
Epoch: [4/4], Batch: 4630/9482, Loss: 456.372, Trans_L2_m: 1.272, Yaw_err_deg: 2.365
Epoch: [4/4], Batch: 4640/9482, Loss: 2671.452, Trans_L2_m: 0.828, Yaw_err_deg: 7.343
Epoch: [4/4], Batch: 4650/9482, Loss: 250.749, Trans_L2_m: 1.076, Yaw_err_deg: 2.219
Epoch: [4/4], Batch: 4660/9482, Loss: 788.592, Trans_L2_m: 1.255, Yaw_err_deg: 3.964
Epoch: [4/4], Batch: 4670/9482, Loss: 4528.421, Trans_L2_m: 1.185, Yaw_err_deg: 10.240
Epoch: [4/4], Batch: 4680/9482, Loss: 1406.363, Trans_L2_m: 1.673, Yaw_err_deg: 5.466
Epoch: [4/4], Batch: 4690/9482, Loss: 1045.423, Trans_L2_m: 1.178, Yaw_err_deg: 4.845
Epoch: [4/4], Batch: 4700/9482, Loss: 1143.567, Trans_L2_m: 1.365, Yaw_err_deg: 5.458
Epoch: [4/4], Batch: 4710/9482, Loss: 414.938, Trans_L2_m: 0.584, Yaw_err_deg: 2.900
Epoch: [4/4], Batch: 4720/9482, Loss: 1152.458, Trans_L2_m: 0.729, Yaw_err_deg: 5.552
Epoch: [4/4], Batch: 4730/9482, Loss: 973.374, Trans_L2_m: 1.153, Yaw_err_deg: 4.810
Epoch: [4/4], Batch: 4740/9482, Loss: 366.230, Trans_L2_m: 1.026, Yaw_err_deg: 3.206
Epoch: [4/4], Batch: 4750/9482, Loss: 1314.497, Trans_L2_m: 1.183, Yaw_err_deg: 6.263
Epoch: [4/4], Batch: 4760/9482, Loss: 235.616, Trans_L2_m: 0.994, Yaw_err_deg: 2.132
Epoch: [4/4], Batch: 4770/9482, Loss: 605.614, Trans_L2_m: 1.105, Yaw_err_deg: 3.846
Epoch: [4/4], Batch: 4780/9482, Loss: 472.900, Trans_L2_m: 1.082, Yaw_err_deg: 3.158
Epoch: [4/4], Batch: 4790/9482, Loss: 491.022, Trans_L2_m: 0.973, Yaw_err_deg: 3.636
Epoch: [4/4], Batch: 4800/9482, Loss: 675.079, Trans_L2_m: 1.197, Yaw_err_deg: 3.803
Epoch: [4/4], Batch: 4810/9482, Loss: 2169.316, Trans_L2_m: 1.317, Yaw_err_deg: 7.101
Epoch: [4/4], Batch: 4820/9482, Loss: 4118.173, Trans_L2_m: 1.576, Yaw_err_deg: 9.756
Epoch: [4/4], Batch: 4830/9482, Loss: 2072.726, Trans_L2_m: 0.907, Yaw_err_deg: 5.533
Epoch: [4/4], Batch: 4840/9482, Loss: 2065.413, Trans_L2_m: 1.356, Yaw_err_deg: 7.296
Epoch: [4/4], Batch: 4850/9482, Loss: 1227.047, Trans_L2_m: 0.749, Yaw_err_deg: 4.680
Epoch: [4/4], Batch: 4860/9482, Loss: 3573.099, Trans_L2_m: 0.901, Yaw_err_deg: 8.675
Epoch: [4/4], Batch: 4870/9482, Loss: 416.556, Trans_L2_m: 0.602, Yaw_err_deg: 3.505
Epoch: [4/4], Batch: 4880/9482, Loss: 895.164, Trans_L2_m: 1.011, Yaw_err_deg: 4.736
Epoch: [4/4], Batch: 4890/9482, Loss: 3020.962, Trans_L2_m: 0.716, Yaw_err_deg: 8.199
Epoch: [4/4], Batch: 4900/9482, Loss: 4277.721, Trans_L2_m: 1.330, Yaw_err_deg: 10.721
Epoch: [4/4], Batch: 4910/9482, Loss: 1339.356, Trans_L2_m: 0.832, Yaw_err_deg: 6.425
Epoch: [4/4], Batch: 4920/9482, Loss: 758.796, Trans_L2_m: 1.158, Yaw_err_deg: 3.487
Epoch: [4/4], Batch: 4930/9482, Loss: 932.577, Trans_L2_m: 1.346, Yaw_err_deg: 4.334
Epoch: [4/4], Batch: 4940/9482, Loss: 1768.497, Trans_L2_m: 1.834, Yaw_err_deg: 5.984
Epoch: [4/4], Batch: 4950/9482, Loss: 161.008, Trans_L2_m: 0.816, Yaw_err_deg: 1.618
Epoch: [4/4], Batch: 4960/9482, Loss: 1942.419, Trans_L2_m: 0.815, Yaw_err_deg: 6.789
Epoch: [4/4], Batch: 4970/9482, Loss: 1580.740, Trans_L2_m: 0.887, Yaw_err_deg: 5.904
Epoch: [4/4], Batch: 4980/9482, Loss: 1106.506, Trans_L2_m: 1.271, Yaw_err_deg: 5.228
Epoch: [4/4], Batch: 4990/9482, Loss: 374.436, Trans_L2_m: 1.945, Yaw_err_deg: 2.045
Epoch: [4/4], Batch: 5000/9482, Loss: 1761.784, Trans_L2_m: 1.674, Yaw_err_deg: 6.900
Epoch: [4/4], Batch: 5010/9482, Loss: 4280.863, Trans_L2_m: 1.071, Yaw_err_deg: 11.731
Epoch: [4/4], Batch: 5020/9482, Loss: 2932.277, Trans_L2_m: 1.538, Yaw_err_deg: 8.397
Epoch: [4/4], Batch: 5030/9482, Loss: 4296.108, Trans_L2_m: 1.970, Yaw_err_deg: 10.761
Epoch: [4/4], Batch: 5040/9482, Loss: 1325.615, Trans_L2_m: 0.706, Yaw_err_deg: 6.654
Epoch: [4/4], Batch: 5050/9482, Loss: 1735.066, Trans_L2_m: 0.830, Yaw_err_deg: 7.064
Epoch: [4/4], Batch: 5060/9482, Loss: 2162.280, Trans_L2_m: 0.855, Yaw_err_deg: 7.809
Epoch: [4/4], Batch: 5070/9482, Loss: 749.800, Trans_L2_m: 1.398, Yaw_err_deg: 4.630
Epoch: [4/4], Batch: 5080/9482, Loss: 694.420, Trans_L2_m: 1.000, Yaw_err_deg: 3.842
Epoch: [4/4], Batch: 5090/9482, Loss: 1427.759, Trans_L2_m: 0.644, Yaw_err_deg: 6.047
Epoch: [4/4], Batch: 5100/9482, Loss: 384.448, Trans_L2_m: 0.687, Yaw_err_deg: 3.253
Epoch: [4/4], Batch: 5110/9482, Loss: 1517.713, Trans_L2_m: 1.048, Yaw_err_deg: 7.336
Epoch: [4/4], Batch: 5120/9482, Loss: 455.586, Trans_L2_m: 0.735, Yaw_err_deg: 3.394
Epoch: [4/4], Batch: 5130/9482, Loss: 1200.201, Trans_L2_m: 1.711, Yaw_err_deg: 4.638
Epoch: [4/4], Batch: 5140/9482, Loss: 1893.832, Trans_L2_m: 1.176, Yaw_err_deg: 6.208
Epoch: [4/4], Batch: 5150/9482, Loss: 1881.386, Trans_L2_m: 1.434, Yaw_err_deg: 7.212
Epoch: [4/4], Batch: 5160/9482, Loss: 292.227, Trans_L2_m: 0.950, Yaw_err_deg: 2.805
Epoch: [4/4], Batch: 5170/9482, Loss: 1360.103, Trans_L2_m: 1.537, Yaw_err_deg: 6.431
Epoch: [4/4], Batch: 5180/9482, Loss: 3367.578, Trans_L2_m: 1.445, Yaw_err_deg: 10.325
Epoch: [4/4], Batch: 5190/9482, Loss: 737.245, Trans_L2_m: 0.939, Yaw_err_deg: 5.126
Epoch: [4/4], Batch: 5200/9482, Loss: 1067.522, Trans_L2_m: 1.013, Yaw_err_deg: 4.853
Epoch: [4/4], Batch: 5210/9482, Loss: 1399.658, Trans_L2_m: 1.507, Yaw_err_deg: 5.225
Epoch: [4/4], Batch: 5220/9482, Loss: 481.145, Trans_L2_m: 1.083, Yaw_err_deg: 3.381
Epoch: [4/4], Batch: 5230/9482, Loss: 1108.672, Trans_L2_m: 0.680, Yaw_err_deg: 6.041
Epoch: [4/4], Batch: 5240/9482, Loss: 1146.971, Trans_L2_m: 0.924, Yaw_err_deg: 6.053
Epoch: [4/4], Batch: 5250/9482, Loss: 1452.114, Trans_L2_m: 0.894, Yaw_err_deg: 5.655
Epoch: [4/4], Batch: 5260/9482, Loss: 1220.080, Trans_L2_m: 1.216, Yaw_err_deg: 6.347
Epoch: [4/4], Batch: 5270/9482, Loss: 1597.900, Trans_L2_m: 0.795, Yaw_err_deg: 6.038
Epoch: [4/4], Batch: 5280/9482, Loss: 748.674, Trans_L2_m: 1.199, Yaw_err_deg: 4.381
Epoch: [4/4], Batch: 5290/9482, Loss: 1345.718, Trans_L2_m: 1.076, Yaw_err_deg: 6.366
Epoch: [4/4], Batch: 5300/9482, Loss: 2900.700, Trans_L2_m: 0.630, Yaw_err_deg: 9.041
Epoch: [4/4], Batch: 5310/9482, Loss: 2150.675, Trans_L2_m: 1.749, Yaw_err_deg: 7.229
Epoch: [4/4], Batch: 5320/9482, Loss: 885.847, Trans_L2_m: 0.589, Yaw_err_deg: 4.969
Epoch: [4/4], Batch: 5330/9482, Loss: 662.570, Trans_L2_m: 1.507, Yaw_err_deg: 2.716
Epoch: [4/4], Batch: 5340/9482, Loss: 3790.324, Trans_L2_m: 0.787, Yaw_err_deg: 7.896
Epoch: [4/4], Batch: 5350/9482, Loss: 1968.088, Trans_L2_m: 1.511, Yaw_err_deg: 5.752
Epoch: [4/4], Batch: 5360/9482, Loss: 766.436, Trans_L2_m: 1.000, Yaw_err_deg: 4.575
Epoch: [4/4], Batch: 5370/9482, Loss: 1798.111, Trans_L2_m: 0.864, Yaw_err_deg: 7.371
Epoch: [4/4], Batch: 5380/9482, Loss: 3618.916, Trans_L2_m: 1.316, Yaw_err_deg: 8.855
Epoch: [4/4], Batch: 5390/9482, Loss: 623.160, Trans_L2_m: 1.518, Yaw_err_deg: 3.921
Epoch: [4/4], Batch: 5400/9482, Loss: 3335.877, Trans_L2_m: 1.129, Yaw_err_deg: 9.390
Epoch: [4/4], Batch: 5410/9482, Loss: 1157.346, Trans_L2_m: 0.877, Yaw_err_deg: 4.626
Epoch: [4/4], Batch: 5420/9482, Loss: 1431.683, Trans_L2_m: 0.651, Yaw_err_deg: 5.718
Epoch: [4/4], Batch: 5430/9482, Loss: 845.012, Trans_L2_m: 0.888, Yaw_err_deg: 5.170
Epoch: [4/4], Batch: 5440/9482, Loss: 1271.592, Trans_L2_m: 0.952, Yaw_err_deg: 5.444
Epoch: [4/4], Batch: 5450/9482, Loss: 3604.126, Trans_L2_m: 0.715, Yaw_err_deg: 9.208
Epoch: [4/4], Batch: 5460/9482, Loss: 859.980, Trans_L2_m: 1.441, Yaw_err_deg: 4.786
Epoch: [4/4], Batch: 5470/9482, Loss: 192.376, Trans_L2_m: 0.819, Yaw_err_deg: 2.013
Epoch: [4/4], Batch: 5480/9482, Loss: 2063.057, Trans_L2_m: 1.008, Yaw_err_deg: 8.628
Epoch: [4/4], Batch: 5490/9482, Loss: 2598.381, Trans_L2_m: 1.226, Yaw_err_deg: 6.871
Epoch: [4/4], Batch: 5500/9482, Loss: 3508.901, Trans_L2_m: 0.794, Yaw_err_deg: 8.396
Epoch: [4/4], Batch: 5510/9482, Loss: 1332.247, Trans_L2_m: 1.165, Yaw_err_deg: 5.980
Epoch: [4/4], Batch: 5520/9482, Loss: 1468.504, Trans_L2_m: 1.050, Yaw_err_deg: 5.654
Epoch: [4/4], Batch: 5530/9482, Loss: 1067.674, Trans_L2_m: 1.325, Yaw_err_deg: 4.824
Epoch: [4/4], Batch: 5540/9482, Loss: 299.628, Trans_L2_m: 0.995, Yaw_err_deg: 2.263
Epoch: [4/4], Batch: 5550/9482, Loss: 1908.071, Trans_L2_m: 0.814, Yaw_err_deg: 7.353
Epoch: [4/4], Batch: 5560/9482, Loss: 1994.365, Trans_L2_m: 0.983, Yaw_err_deg: 7.862
Epoch: [4/4], Batch: 5570/9482, Loss: 1185.388, Trans_L2_m: 0.941, Yaw_err_deg: 6.401
Epoch: [4/4], Batch: 5580/9482, Loss: 1102.393, Trans_L2_m: 1.080, Yaw_err_deg: 5.373
Epoch: [4/4], Batch: 5590/9482, Loss: 2779.457, Trans_L2_m: 1.026, Yaw_err_deg: 6.127
Epoch: [4/4], Batch: 5600/9482, Loss: 955.427, Trans_L2_m: 1.475, Yaw_err_deg: 5.225
Epoch: [4/4], Batch: 5610/9482, Loss: 1014.981, Trans_L2_m: 1.045, Yaw_err_deg: 4.945
Epoch: [4/4], Batch: 5620/9482, Loss: 568.212, Trans_L2_m: 1.679, Yaw_err_deg: 3.935
Epoch: [4/4], Batch: 5630/9482, Loss: 2316.817, Trans_L2_m: 0.975, Yaw_err_deg: 7.604
Epoch: [4/4], Batch: 5640/9482, Loss: 852.779, Trans_L2_m: 1.250, Yaw_err_deg: 4.575
Epoch: [4/4], Batch: 5650/9482, Loss: 1259.350, Trans_L2_m: 0.537, Yaw_err_deg: 5.851
Epoch: [4/4], Batch: 5660/9482, Loss: 1029.052, Trans_L2_m: 1.433, Yaw_err_deg: 5.540
Epoch: [4/4], Batch: 5670/9482, Loss: 1528.415, Trans_L2_m: 1.023, Yaw_err_deg: 5.439
Epoch: [4/4], Batch: 5680/9482, Loss: 723.553, Trans_L2_m: 1.149, Yaw_err_deg: 3.935
Epoch: [4/4], Batch: 5690/9482, Loss: 681.890, Trans_L2_m: 0.911, Yaw_err_deg: 3.486
Epoch: [4/4], Batch: 5700/9482, Loss: 1984.005, Trans_L2_m: 1.261, Yaw_err_deg: 6.571
Epoch: [4/4], Batch: 5710/9482, Loss: 1111.811, Trans_L2_m: 1.013, Yaw_err_deg: 4.721
Epoch: [4/4], Batch: 5720/9482, Loss: 590.357, Trans_L2_m: 1.310, Yaw_err_deg: 3.069
Epoch: [4/4], Batch: 5730/9482, Loss: 1046.415, Trans_L2_m: 1.444, Yaw_err_deg: 5.678
Epoch: [4/4], Batch: 5740/9482, Loss: 1136.481, Trans_L2_m: 0.697, Yaw_err_deg: 5.576
Epoch: [4/4], Batch: 5750/9482, Loss: 498.180, Trans_L2_m: 1.278, Yaw_err_deg: 2.617
Epoch: [4/4], Batch: 5760/9482, Loss: 249.818, Trans_L2_m: 0.771, Yaw_err_deg: 2.632
Epoch: [4/4], Batch: 5770/9482, Loss: 719.619, Trans_L2_m: 1.034, Yaw_err_deg: 3.433
Epoch: [4/4], Batch: 5780/9482, Loss: 496.708, Trans_L2_m: 1.603, Yaw_err_deg: 3.726
Epoch: [4/4], Batch: 5790/9482, Loss: 531.903, Trans_L2_m: 0.916, Yaw_err_deg: 3.522
Epoch: [4/4], Batch: 5800/9482, Loss: 1416.399, Trans_L2_m: 1.099, Yaw_err_deg: 6.728
Epoch: [4/4], Batch: 5810/9482, Loss: 3592.830, Trans_L2_m: 1.304, Yaw_err_deg: 9.691
Epoch: [4/4], Batch: 5820/9482, Loss: 1428.416, Trans_L2_m: 1.221, Yaw_err_deg: 6.064
Epoch: [4/4], Batch: 5830/9482, Loss: 3026.068, Trans_L2_m: 1.536, Yaw_err_deg: 7.319
Epoch: [4/4], Batch: 5840/9482, Loss: 2802.463, Trans_L2_m: 0.891, Yaw_err_deg: 8.290
Epoch: [4/4], Batch: 5850/9482, Loss: 1532.684, Trans_L2_m: 0.817, Yaw_err_deg: 6.353
Epoch: [4/4], Batch: 5860/9482, Loss: 5056.928, Trans_L2_m: 1.404, Yaw_err_deg: 9.902
Epoch: [4/4], Batch: 5870/9482, Loss: 1038.063, Trans_L2_m: 1.274, Yaw_err_deg: 5.236
Epoch: [4/4], Batch: 5880/9482, Loss: 2065.345, Trans_L2_m: 0.944, Yaw_err_deg: 7.204
Epoch: [4/4], Batch: 5890/9482, Loss: 1517.122, Trans_L2_m: 1.358, Yaw_err_deg: 5.924
Epoch: [4/4], Batch: 5900/9482, Loss: 2218.686, Trans_L2_m: 1.464, Yaw_err_deg: 8.807
Epoch: [4/4], Batch: 5910/9482, Loss: 336.117, Trans_L2_m: 1.509, Yaw_err_deg: 2.135
Epoch: [4/4], Batch: 5920/9482, Loss: 639.255, Trans_L2_m: 1.134, Yaw_err_deg: 3.636
Epoch: [4/4], Batch: 5930/9482, Loss: 900.483, Trans_L2_m: 1.037, Yaw_err_deg: 5.089
Epoch: [4/4], Batch: 5940/9482, Loss: 588.906, Trans_L2_m: 1.337, Yaw_err_deg: 3.939
Epoch: [4/4], Batch: 5950/9482, Loss: 2346.906, Trans_L2_m: 1.334, Yaw_err_deg: 6.610
Epoch: [4/4], Batch: 5960/9482, Loss: 1337.016, Trans_L2_m: 0.613, Yaw_err_deg: 5.710
Epoch: [4/4], Batch: 5970/9482, Loss: 2916.474, Trans_L2_m: 1.224, Yaw_err_deg: 9.950
Epoch: [4/4], Batch: 5980/9482, Loss: 3486.200, Trans_L2_m: 1.183, Yaw_err_deg: 10.709
Epoch: [4/4], Batch: 5990/9482, Loss: 722.522, Trans_L2_m: 0.729, Yaw_err_deg: 4.528
Epoch: [4/4], Batch: 6000/9482, Loss: 3965.305, Trans_L2_m: 2.328, Yaw_err_deg: 10.914
Epoch: [4/4], Batch: 6010/9482, Loss: 396.263, Trans_L2_m: 1.016, Yaw_err_deg: 2.856
Epoch: [4/4], Batch: 6020/9482, Loss: 1785.758, Trans_L2_m: 1.190, Yaw_err_deg: 6.696
Epoch: [4/4], Batch: 6030/9482, Loss: 988.809, Trans_L2_m: 0.540, Yaw_err_deg: 3.820
Epoch: [4/4], Batch: 6040/9482, Loss: 1580.016, Trans_L2_m: 0.971, Yaw_err_deg: 5.799
Epoch: [4/4], Batch: 6050/9482, Loss: 2288.646, Trans_L2_m: 0.958, Yaw_err_deg: 8.540
Epoch: [4/4], Batch: 6060/9482, Loss: 342.878, Trans_L2_m: 1.078, Yaw_err_deg: 2.875
Epoch: [4/4], Batch: 6070/9482, Loss: 4307.724, Trans_L2_m: 1.203, Yaw_err_deg: 11.081
Epoch: [4/4], Batch: 6080/9482, Loss: 1083.932, Trans_L2_m: 1.294, Yaw_err_deg: 5.302
Epoch: [4/4], Batch: 6090/9482, Loss: 749.400, Trans_L2_m: 0.704, Yaw_err_deg: 4.144
Epoch: [4/4], Batch: 6100/9482, Loss: 1216.039, Trans_L2_m: 1.015, Yaw_err_deg: 6.067
Epoch: [4/4], Batch: 6110/9482, Loss: 1068.003, Trans_L2_m: 1.217, Yaw_err_deg: 5.988
Epoch: [4/4], Batch: 6120/9482, Loss: 385.940, Trans_L2_m: 0.956, Yaw_err_deg: 2.896
Epoch: [4/4], Batch: 6130/9482, Loss: 348.181, Trans_L2_m: 0.879, Yaw_err_deg: 2.500
Epoch: [4/4], Batch: 6140/9482, Loss: 2929.900, Trans_L2_m: 0.910, Yaw_err_deg: 8.247
Epoch: [4/4], Batch: 6150/9482, Loss: 2074.544, Trans_L2_m: 0.723, Yaw_err_deg: 6.674
Epoch: [4/4], Batch: 6160/9482, Loss: 2102.903, Trans_L2_m: 0.750, Yaw_err_deg: 7.775
Epoch: [4/4], Batch: 6170/9482, Loss: 639.591, Trans_L2_m: 1.017, Yaw_err_deg: 4.164
Epoch: [4/4], Batch: 6180/9482, Loss: 2664.458, Trans_L2_m: 1.062, Yaw_err_deg: 8.543
Epoch: [4/4], Batch: 6190/9482, Loss: 1767.491, Trans_L2_m: 1.037, Yaw_err_deg: 5.784
Epoch: [4/4], Batch: 6200/9482, Loss: 379.206, Trans_L2_m: 0.798, Yaw_err_deg: 3.218
Epoch: [4/4], Batch: 6210/9482, Loss: 1897.749, Trans_L2_m: 1.334, Yaw_err_deg: 7.237
Epoch: [4/4], Batch: 6220/9482, Loss: 1742.472, Trans_L2_m: 0.960, Yaw_err_deg: 6.741
Epoch: [4/4], Batch: 6230/9482, Loss: 1018.068, Trans_L2_m: 0.973, Yaw_err_deg: 6.138
Epoch: [4/4], Batch: 6240/9482, Loss: 1195.340, Trans_L2_m: 1.014, Yaw_err_deg: 4.243
Epoch: [4/4], Batch: 6250/9482, Loss: 845.705, Trans_L2_m: 0.499, Yaw_err_deg: 4.872
Epoch: [4/4], Batch: 6260/9482, Loss: 473.818, Trans_L2_m: 0.562, Yaw_err_deg: 3.752
Epoch: [4/4], Batch: 6270/9482, Loss: 1364.046, Trans_L2_m: 0.924, Yaw_err_deg: 5.300
Epoch: [4/4], Batch: 6280/9482, Loss: 630.812, Trans_L2_m: 1.323, Yaw_err_deg: 3.437
Epoch: [4/4], Batch: 6290/9482, Loss: 2147.528, Trans_L2_m: 0.721, Yaw_err_deg: 8.444
Epoch: [4/4], Batch: 6300/9482, Loss: 1066.038, Trans_L2_m: 1.383, Yaw_err_deg: 5.727
Epoch: [4/4], Batch: 6310/9482, Loss: 2117.253, Trans_L2_m: 1.155, Yaw_err_deg: 5.021
Epoch: [4/4], Batch: 6320/9482, Loss: 228.464, Trans_L2_m: 0.947, Yaw_err_deg: 2.181
Epoch: [4/4], Batch: 6330/9482, Loss: 1820.197, Trans_L2_m: 0.929, Yaw_err_deg: 6.565
Epoch: [4/4], Batch: 6340/9482, Loss: 2259.547, Trans_L2_m: 0.864, Yaw_err_deg: 6.453
Epoch: [4/4], Batch: 6350/9482, Loss: 689.083, Trans_L2_m: 0.649, Yaw_err_deg: 3.958
Epoch: [4/4], Batch: 6360/9482, Loss: 543.087, Trans_L2_m: 1.120, Yaw_err_deg: 3.939
Epoch: [4/4], Batch: 6370/9482, Loss: 2821.972, Trans_L2_m: 1.269, Yaw_err_deg: 8.002
Epoch: [4/4], Batch: 6380/9482, Loss: 2676.057, Trans_L2_m: 1.418, Yaw_err_deg: 8.364
Epoch: [4/4], Batch: 6390/9482, Loss: 1932.376, Trans_L2_m: 1.777, Yaw_err_deg: 6.920
Epoch: [4/4], Batch: 6400/9482, Loss: 887.559, Trans_L2_m: 1.325, Yaw_err_deg: 4.524
Epoch: [4/4], Batch: 6410/9482, Loss: 1628.460, Trans_L2_m: 1.323, Yaw_err_deg: 6.966
Epoch: [4/4], Batch: 6420/9482, Loss: 1249.489, Trans_L2_m: 1.365, Yaw_err_deg: 5.109
Epoch: [4/4], Batch: 6430/9482, Loss: 887.093, Trans_L2_m: 0.891, Yaw_err_deg: 4.954
Epoch: [4/4], Batch: 6440/9482, Loss: 460.893, Trans_L2_m: 1.565, Yaw_err_deg: 3.032
Epoch: [4/4], Batch: 6450/9482, Loss: 1073.146, Trans_L2_m: 1.189, Yaw_err_deg: 6.126
Epoch: [4/4], Batch: 6460/9482, Loss: 380.197, Trans_L2_m: 1.229, Yaw_err_deg: 3.056
Epoch: [4/4], Batch: 6470/9482, Loss: 310.860, Trans_L2_m: 0.906, Yaw_err_deg: 2.810
Epoch: [4/4], Batch: 6480/9482, Loss: 3069.481, Trans_L2_m: 0.613, Yaw_err_deg: 7.560
Epoch: [4/4], Batch: 6490/9482, Loss: 1135.429, Trans_L2_m: 1.028, Yaw_err_deg: 4.707
Epoch: [4/4], Batch: 6500/9482, Loss: 244.371, Trans_L2_m: 1.049, Yaw_err_deg: 2.192
Epoch: [4/4], Batch: 6510/9482, Loss: 684.448, Trans_L2_m: 0.839, Yaw_err_deg: 4.261
Epoch: [4/4], Batch: 6520/9482, Loss: 462.313, Trans_L2_m: 1.144, Yaw_err_deg: 3.332
Epoch: [4/4], Batch: 6530/9482, Loss: 306.024, Trans_L2_m: 0.633, Yaw_err_deg: 3.406
Epoch: [4/4], Batch: 6540/9482, Loss: 2952.335, Trans_L2_m: 0.835, Yaw_err_deg: 8.014
Epoch: [4/4], Batch: 6550/9482, Loss: 1888.232, Trans_L2_m: 0.994, Yaw_err_deg: 5.483
Epoch: [4/4], Batch: 6560/9482, Loss: 1882.858, Trans_L2_m: 1.626, Yaw_err_deg: 6.329
Epoch: [4/4], Batch: 6570/9482, Loss: 1173.455, Trans_L2_m: 1.603, Yaw_err_deg: 5.379
Epoch: [4/4], Batch: 6580/9482, Loss: 1051.163, Trans_L2_m: 1.499, Yaw_err_deg: 5.476
Epoch: [4/4], Batch: 6590/9482, Loss: 2598.927, Trans_L2_m: 0.959, Yaw_err_deg: 8.981
Epoch: [4/4], Batch: 6600/9482, Loss: 1437.125, Trans_L2_m: 0.903, Yaw_err_deg: 6.381
Epoch: [4/4], Batch: 6610/9482, Loss: 896.869, Trans_L2_m: 0.772, Yaw_err_deg: 4.026
Epoch: [4/4], Batch: 6620/9482, Loss: 2116.033, Trans_L2_m: 0.940, Yaw_err_deg: 6.894
Epoch: [4/4], Batch: 6630/9482, Loss: 999.165, Trans_L2_m: 1.210, Yaw_err_deg: 5.352
Epoch: [4/4], Batch: 6640/9482, Loss: 601.472, Trans_L2_m: 1.395, Yaw_err_deg: 3.838
Epoch: [4/4], Batch: 6650/9482, Loss: 951.029, Trans_L2_m: 1.090, Yaw_err_deg: 4.857
Epoch: [4/4], Batch: 6660/9482, Loss: 599.853, Trans_L2_m: 1.264, Yaw_err_deg: 3.830
Epoch: [4/4], Batch: 6670/9482, Loss: 607.582, Trans_L2_m: 1.056, Yaw_err_deg: 4.197
Epoch: [4/4], Batch: 6680/9482, Loss: 692.688, Trans_L2_m: 0.550, Yaw_err_deg: 5.012
Epoch: [4/4], Batch: 6690/9482, Loss: 915.279, Trans_L2_m: 0.942, Yaw_err_deg: 4.392
Epoch: [4/4], Batch: 6700/9482, Loss: 1862.345, Trans_L2_m: 0.970, Yaw_err_deg: 5.643
Epoch: [4/4], Batch: 6710/9482, Loss: 1670.965, Trans_L2_m: 0.948, Yaw_err_deg: 7.059
Epoch: [4/4], Batch: 6720/9482, Loss: 619.239, Trans_L2_m: 1.611, Yaw_err_deg: 3.369
Epoch: [4/4], Batch: 6730/9482, Loss: 1145.708, Trans_L2_m: 1.625, Yaw_err_deg: 5.062
Epoch: [4/4], Batch: 6740/9482, Loss: 1083.341, Trans_L2_m: 0.765, Yaw_err_deg: 6.206
Epoch: [4/4], Batch: 6750/9482, Loss: 1778.517, Trans_L2_m: 0.620, Yaw_err_deg: 6.441
Epoch: [4/4], Batch: 6760/9482, Loss: 3130.459, Trans_L2_m: 0.777, Yaw_err_deg: 6.965
Epoch: [4/4], Batch: 6770/9482, Loss: 659.968, Trans_L2_m: 1.714, Yaw_err_deg: 4.215
Epoch: [4/4], Batch: 6780/9482, Loss: 1745.378, Trans_L2_m: 1.070, Yaw_err_deg: 6.519
Epoch: [4/4], Batch: 6790/9482, Loss: 4380.557, Trans_L2_m: 1.802, Yaw_err_deg: 9.200
Epoch: [4/4], Batch: 6800/9482, Loss: 388.298, Trans_L2_m: 1.210, Yaw_err_deg: 3.293
Epoch: [4/4], Batch: 6810/9482, Loss: 852.144, Trans_L2_m: 1.437, Yaw_err_deg: 4.248
Epoch: [4/4], Batch: 6820/9482, Loss: 1397.926, Trans_L2_m: 1.225, Yaw_err_deg: 4.803
Epoch: [4/4], Batch: 6830/9482, Loss: 4717.108, Trans_L2_m: 1.545, Yaw_err_deg: 10.937
Epoch: [4/4], Batch: 6840/9482, Loss: 646.019, Trans_L2_m: 0.728, Yaw_err_deg: 3.143
Epoch: [4/4], Batch: 6850/9482, Loss: 601.508, Trans_L2_m: 1.228, Yaw_err_deg: 3.683
Epoch: [4/4], Batch: 6860/9482, Loss: 325.851, Trans_L2_m: 1.690, Yaw_err_deg: 2.449
Epoch: [4/4], Batch: 6870/9482, Loss: 248.305, Trans_L2_m: 0.651, Yaw_err_deg: 2.146
Epoch: [4/4], Batch: 6880/9482, Loss: 808.676, Trans_L2_m: 0.749, Yaw_err_deg: 4.610
Epoch: [4/4], Batch: 6890/9482, Loss: 420.139, Trans_L2_m: 1.296, Yaw_err_deg: 3.053
Epoch: [4/4], Batch: 6900/9482, Loss: 430.682, Trans_L2_m: 1.268, Yaw_err_deg: 3.397
Epoch: [4/4], Batch: 6910/9482, Loss: 803.534, Trans_L2_m: 1.204, Yaw_err_deg: 4.905
Epoch: [4/4], Batch: 6920/9482, Loss: 2930.719, Trans_L2_m: 0.676, Yaw_err_deg: 8.074
Epoch: [4/4], Batch: 6930/9482, Loss: 1084.317, Trans_L2_m: 0.819, Yaw_err_deg: 5.032
Epoch: [4/4], Batch: 6940/9482, Loss: 5181.977, Trans_L2_m: 1.165, Yaw_err_deg: 11.458
Epoch: [4/4], Batch: 6950/9482, Loss: 370.770, Trans_L2_m: 1.682, Yaw_err_deg: 2.639
Epoch: [4/4], Batch: 6960/9482, Loss: 300.476, Trans_L2_m: 1.584, Yaw_err_deg: 2.132
Epoch: [4/4], Batch: 6970/9482, Loss: 1310.405, Trans_L2_m: 1.189, Yaw_err_deg: 6.409
Epoch: [4/4], Batch: 6980/9482, Loss: 224.270, Trans_L2_m: 1.784, Yaw_err_deg: 1.920
Epoch: [4/4], Batch: 6990/9482, Loss: 3712.142, Trans_L2_m: 0.881, Yaw_err_deg: 11.471
Epoch: [4/4], Batch: 7000/9482, Loss: 695.907, Trans_L2_m: 0.814, Yaw_err_deg: 3.528
Epoch: [4/4], Batch: 7010/9482, Loss: 977.644, Trans_L2_m: 1.208, Yaw_err_deg: 4.217
Epoch: [4/4], Batch: 7020/9482, Loss: 5086.058, Trans_L2_m: 1.102, Yaw_err_deg: 11.502
Epoch: [4/4], Batch: 7030/9482, Loss: 1694.846, Trans_L2_m: 0.804, Yaw_err_deg: 6.345
Epoch: [4/4], Batch: 7040/9482, Loss: 946.341, Trans_L2_m: 1.051, Yaw_err_deg: 5.021
Epoch: [4/4], Batch: 7050/9482, Loss: 438.233, Trans_L2_m: 0.581, Yaw_err_deg: 4.228
Epoch: [4/4], Batch: 7060/9482, Loss: 4893.026, Trans_L2_m: 1.272, Yaw_err_deg: 12.589
Epoch: [4/4], Batch: 7070/9482, Loss: 243.311, Trans_L2_m: 1.271, Yaw_err_deg: 2.163
Epoch: [4/4], Batch: 7080/9482, Loss: 543.530, Trans_L2_m: 1.109, Yaw_err_deg: 3.387
Epoch: [4/4], Batch: 7090/9482, Loss: 1616.810, Trans_L2_m: 0.812, Yaw_err_deg: 4.944
Epoch: [4/4], Batch: 7100/9482, Loss: 2433.703, Trans_L2_m: 1.021, Yaw_err_deg: 7.536
Epoch: [4/4], Batch: 7110/9482, Loss: 261.005, Trans_L2_m: 0.555, Yaw_err_deg: 1.834
Epoch: [4/4], Batch: 7120/9482, Loss: 1251.170, Trans_L2_m: 0.609, Yaw_err_deg: 6.417
Epoch: [4/4], Batch: 7130/9482, Loss: 683.915, Trans_L2_m: 0.892, Yaw_err_deg: 4.537
Epoch: [4/4], Batch: 7140/9482, Loss: 3693.108, Trans_L2_m: 0.901, Yaw_err_deg: 9.434
Epoch: [4/4], Batch: 7150/9482, Loss: 1987.763, Trans_L2_m: 1.372, Yaw_err_deg: 6.471
Epoch: [4/4], Batch: 7160/9482, Loss: 308.156, Trans_L2_m: 1.157, Yaw_err_deg: 2.362
Epoch: [4/4], Batch: 7170/9482, Loss: 1085.148, Trans_L2_m: 0.749, Yaw_err_deg: 4.203
Epoch: [4/4], Batch: 7180/9482, Loss: 1193.820, Trans_L2_m: 0.814, Yaw_err_deg: 5.466
Epoch: [4/4], Batch: 7190/9482, Loss: 4248.748, Trans_L2_m: 1.195, Yaw_err_deg: 10.381
Epoch: [4/4], Batch: 7200/9482, Loss: 3554.937, Trans_L2_m: 1.414, Yaw_err_deg: 10.472
Epoch: [4/4], Batch: 7210/9482, Loss: 378.215, Trans_L2_m: 1.199, Yaw_err_deg: 2.767
Epoch: [4/4], Batch: 7220/9482, Loss: 1073.760, Trans_L2_m: 0.850, Yaw_err_deg: 4.756
Epoch: [4/4], Batch: 7230/9482, Loss: 709.543, Trans_L2_m: 1.109, Yaw_err_deg: 4.130
Epoch: [4/4], Batch: 7240/9482, Loss: 1871.403, Trans_L2_m: 1.341, Yaw_err_deg: 5.519
Epoch: [4/4], Batch: 7250/9482, Loss: 788.253, Trans_L2_m: 1.141, Yaw_err_deg: 4.663
Epoch: [4/4], Batch: 7260/9482, Loss: 462.304, Trans_L2_m: 1.321, Yaw_err_deg: 3.977
Epoch: [4/4], Batch: 7270/9482, Loss: 1231.587, Trans_L2_m: 0.684, Yaw_err_deg: 5.850
Epoch: [4/4], Batch: 7280/9482, Loss: 532.950, Trans_L2_m: 1.989, Yaw_err_deg: 3.186
Epoch: [4/4], Batch: 7290/9482, Loss: 950.183, Trans_L2_m: 0.730, Yaw_err_deg: 4.611
Epoch: [4/4], Batch: 7300/9482, Loss: 1339.767, Trans_L2_m: 0.648, Yaw_err_deg: 6.442
Epoch: [4/4], Batch: 7310/9482, Loss: 524.364, Trans_L2_m: 0.768, Yaw_err_deg: 3.627
Epoch: [4/4], Batch: 7320/9482, Loss: 7360.482, Trans_L2_m: 1.167, Yaw_err_deg: 13.292
Epoch: [4/4], Batch: 7330/9482, Loss: 1764.194, Trans_L2_m: 1.222, Yaw_err_deg: 6.229
Epoch: [4/4], Batch: 7340/9482, Loss: 1759.232, Trans_L2_m: 1.357, Yaw_err_deg: 6.803
Epoch: [4/4], Batch: 7350/9482, Loss: 1715.815, Trans_L2_m: 0.936, Yaw_err_deg: 6.189
Epoch: [4/4], Batch: 7360/9482, Loss: 1337.089, Trans_L2_m: 1.396, Yaw_err_deg: 6.437
Epoch: [4/4], Batch: 7370/9482, Loss: 391.879, Trans_L2_m: 1.271, Yaw_err_deg: 2.911
Epoch: [4/4], Batch: 7380/9482, Loss: 394.419, Trans_L2_m: 1.295, Yaw_err_deg: 2.932
Epoch: [4/4], Batch: 7390/9482, Loss: 705.865, Trans_L2_m: 0.957, Yaw_err_deg: 3.872
Epoch: [4/4], Batch: 7400/9482, Loss: 1058.473, Trans_L2_m: 1.172, Yaw_err_deg: 6.114
Epoch: [4/4], Batch: 7410/9482, Loss: 517.867, Trans_L2_m: 1.306, Yaw_err_deg: 3.506
Epoch: [4/4], Batch: 7420/9482, Loss: 900.503, Trans_L2_m: 1.084, Yaw_err_deg: 4.184
Epoch: [4/4], Batch: 7430/9482, Loss: 1692.962, Trans_L2_m: 0.732, Yaw_err_deg: 6.612
Epoch: [4/4], Batch: 7440/9482, Loss: 640.249, Trans_L2_m: 1.062, Yaw_err_deg: 3.644
Epoch: [4/4], Batch: 7450/9482, Loss: 985.010, Trans_L2_m: 1.377, Yaw_err_deg: 5.003
Epoch: [4/4], Batch: 7460/9482, Loss: 1829.658, Trans_L2_m: 0.758, Yaw_err_deg: 6.272
Epoch: [4/4], Batch: 7470/9482, Loss: 1620.529, Trans_L2_m: 0.995, Yaw_err_deg: 6.853
Epoch: [4/4], Batch: 7480/9482, Loss: 2022.584, Trans_L2_m: 0.965, Yaw_err_deg: 6.868
Epoch: [4/4], Batch: 7490/9482, Loss: 375.296, Trans_L2_m: 0.816, Yaw_err_deg: 3.279
Epoch: [4/4], Batch: 7500/9482, Loss: 4682.207, Trans_L2_m: 1.063, Yaw_err_deg: 8.477
Epoch: [4/4], Batch: 7510/9482, Loss: 2023.411, Trans_L2_m: 1.028, Yaw_err_deg: 7.045
Epoch: [4/4], Batch: 7520/9482, Loss: 479.693, Trans_L2_m: 1.144, Yaw_err_deg: 3.520
Epoch: [4/4], Batch: 7530/9482, Loss: 1216.209, Trans_L2_m: 1.174, Yaw_err_deg: 5.764
Epoch: [4/4], Batch: 7540/9482, Loss: 1555.253, Trans_L2_m: 1.521, Yaw_err_deg: 6.798
Epoch: [4/4], Batch: 7550/9482, Loss: 3018.415, Trans_L2_m: 0.533, Yaw_err_deg: 6.592
Epoch: [4/4], Batch: 7560/9482, Loss: 1527.320, Trans_L2_m: 1.393, Yaw_err_deg: 6.621
Epoch: [4/4], Batch: 7570/9482, Loss: 954.816, Trans_L2_m: 1.319, Yaw_err_deg: 5.909
Epoch: [4/4], Batch: 7580/9482, Loss: 2310.652, Trans_L2_m: 0.983, Yaw_err_deg: 6.335
Epoch: [4/4], Batch: 7590/9482, Loss: 1807.736, Trans_L2_m: 1.076, Yaw_err_deg: 7.958
Epoch: [4/4], Batch: 7600/9482, Loss: 2802.434, Trans_L2_m: 0.733, Yaw_err_deg: 8.305
Epoch: [4/4], Batch: 7610/9482, Loss: 2909.075, Trans_L2_m: 1.308, Yaw_err_deg: 9.286
Epoch: [4/4], Batch: 7620/9482, Loss: 1337.328, Trans_L2_m: 1.242, Yaw_err_deg: 5.990
Epoch: [4/4], Batch: 7630/9482, Loss: 1871.667, Trans_L2_m: 0.826, Yaw_err_deg: 6.860
Epoch: [4/4], Batch: 7640/9482, Loss: 2875.628, Trans_L2_m: 0.573, Yaw_err_deg: 9.021
Epoch: [4/4], Batch: 7650/9482, Loss: 1507.151, Trans_L2_m: 1.028, Yaw_err_deg: 5.623
Epoch: [4/4], Batch: 7660/9482, Loss: 572.506, Trans_L2_m: 1.417, Yaw_err_deg: 3.476
Epoch: [4/4], Batch: 7670/9482, Loss: 1100.006, Trans_L2_m: 1.410, Yaw_err_deg: 5.127
Epoch: [4/4], Batch: 7680/9482, Loss: 659.513, Trans_L2_m: 0.734, Yaw_err_deg: 3.713
Epoch: [4/4], Batch: 7690/9482, Loss: 359.565, Trans_L2_m: 1.521, Yaw_err_deg: 2.646
Epoch: [4/4], Batch: 7700/9482, Loss: 855.632, Trans_L2_m: 0.800, Yaw_err_deg: 4.780
Epoch: [4/4], Batch: 7710/9482, Loss: 1321.162, Trans_L2_m: 0.900, Yaw_err_deg: 5.732
Epoch: [4/4], Batch: 7720/9482, Loss: 3018.360, Trans_L2_m: 1.104, Yaw_err_deg: 8.442
Epoch: [4/4], Batch: 7730/9482, Loss: 769.675, Trans_L2_m: 0.897, Yaw_err_deg: 4.103
Epoch: [4/4], Batch: 7740/9482, Loss: 385.317, Trans_L2_m: 1.167, Yaw_err_deg: 2.778
Epoch: [4/4], Batch: 7750/9482, Loss: 395.218, Trans_L2_m: 1.050, Yaw_err_deg: 3.340
Epoch: [4/4], Batch: 7760/9482, Loss: 1293.502, Trans_L2_m: 1.078, Yaw_err_deg: 6.224
Epoch: [4/4], Batch: 7770/9482, Loss: 1005.729, Trans_L2_m: 0.834, Yaw_err_deg: 5.044
Epoch: [4/4], Batch: 7780/9482, Loss: 577.180, Trans_L2_m: 0.975, Yaw_err_deg: 3.456
Epoch: [4/4], Batch: 7790/9482, Loss: 595.082, Trans_L2_m: 1.055, Yaw_err_deg: 4.006
Epoch: [4/4], Batch: 7800/9482, Loss: 981.972, Trans_L2_m: 1.089, Yaw_err_deg: 4.025
Epoch: [4/4], Batch: 7810/9482, Loss: 2141.101, Trans_L2_m: 1.339, Yaw_err_deg: 7.721
Epoch: [4/4], Batch: 7820/9482, Loss: 1060.377, Trans_L2_m: 1.106, Yaw_err_deg: 4.508
Epoch: [4/4], Batch: 7830/9482, Loss: 509.121, Trans_L2_m: 1.086, Yaw_err_deg: 3.261
Epoch: [4/4], Batch: 7840/9482, Loss: 2425.032, Trans_L2_m: 0.924, Yaw_err_deg: 7.218
Epoch: [4/4], Batch: 7850/9482, Loss: 1247.178, Trans_L2_m: 1.065, Yaw_err_deg: 5.409
Epoch: [4/4], Batch: 7860/9482, Loss: 294.702, Trans_L2_m: 0.834, Yaw_err_deg: 2.955
Epoch: [4/4], Batch: 7870/9482, Loss: 748.490, Trans_L2_m: 1.106, Yaw_err_deg: 5.134
Epoch: [4/4], Batch: 7880/9482, Loss: 887.145, Trans_L2_m: 1.157, Yaw_err_deg: 4.102
Epoch: [4/4], Batch: 7890/9482, Loss: 407.518, Trans_L2_m: 1.058, Yaw_err_deg: 3.329
Epoch: [4/4], Batch: 7900/9482, Loss: 910.215, Trans_L2_m: 1.950, Yaw_err_deg: 4.417
Epoch: [4/4], Batch: 7910/9482, Loss: 1627.970, Trans_L2_m: 0.989, Yaw_err_deg: 7.231
Epoch: [4/4], Batch: 7920/9482, Loss: 3942.726, Trans_L2_m: 1.219, Yaw_err_deg: 10.649
Epoch: [4/4], Batch: 7930/9482, Loss: 400.711, Trans_L2_m: 0.916, Yaw_err_deg: 3.480
Epoch: [4/4], Batch: 7940/9482, Loss: 847.414, Trans_L2_m: 0.779, Yaw_err_deg: 4.923
Epoch: [4/4], Batch: 7950/9482, Loss: 3099.605, Trans_L2_m: 0.703, Yaw_err_deg: 7.823
Epoch: [4/4], Batch: 7960/9482, Loss: 462.178, Trans_L2_m: 0.863, Yaw_err_deg: 3.099
Epoch: [4/4], Batch: 7970/9482, Loss: 1716.590, Trans_L2_m: 0.955, Yaw_err_deg: 6.342
Epoch: [4/4], Batch: 7980/9482, Loss: 2017.826, Trans_L2_m: 0.945, Yaw_err_deg: 7.545
Epoch: [4/4], Batch: 7990/9482, Loss: 1414.069, Trans_L2_m: 1.322, Yaw_err_deg: 5.350
Epoch: [4/4], Batch: 8000/9482, Loss: 1189.624, Trans_L2_m: 1.380, Yaw_err_deg: 5.208
Epoch: [4/4], Batch: 8010/9482, Loss: 639.114, Trans_L2_m: 1.261, Yaw_err_deg: 4.071
Epoch: [4/4], Batch: 8020/9482, Loss: 837.217, Trans_L2_m: 1.295, Yaw_err_deg: 4.660
Epoch: [4/4], Batch: 8030/9482, Loss: 2767.005, Trans_L2_m: 1.114, Yaw_err_deg: 9.608
Epoch: [4/4], Batch: 8040/9482, Loss: 3936.070, Trans_L2_m: 0.725, Yaw_err_deg: 10.082
Epoch: [4/4], Batch: 8050/9482, Loss: 1053.459, Trans_L2_m: 0.959, Yaw_err_deg: 4.946
Epoch: [4/4], Batch: 8060/9482, Loss: 971.389, Trans_L2_m: 0.811, Yaw_err_deg: 5.151
Epoch: [4/4], Batch: 8070/9482, Loss: 997.048, Trans_L2_m: 1.175, Yaw_err_deg: 5.356
Epoch: [4/4], Batch: 8080/9482, Loss: 586.502, Trans_L2_m: 2.097, Yaw_err_deg: 3.783
Epoch: [4/4], Batch: 8090/9482, Loss: 4435.544, Trans_L2_m: 1.170, Yaw_err_deg: 10.150
Epoch: [4/4], Batch: 8100/9482, Loss: 980.063, Trans_L2_m: 1.022, Yaw_err_deg: 4.292
Epoch: [4/4], Batch: 8110/9482, Loss: 3875.375, Trans_L2_m: 0.879, Yaw_err_deg: 9.241
Epoch: [4/4], Batch: 8120/9482, Loss: 415.468, Trans_L2_m: 1.941, Yaw_err_deg: 3.066
Epoch: [4/4], Batch: 8130/9482, Loss: 898.642, Trans_L2_m: 0.562, Yaw_err_deg: 5.098
Epoch: [4/4], Batch: 8140/9482, Loss: 336.844, Trans_L2_m: 0.814, Yaw_err_deg: 2.606
Epoch: [4/4], Batch: 8150/9482, Loss: 829.768, Trans_L2_m: 1.750, Yaw_err_deg: 4.763
Epoch: [4/4], Batch: 8160/9482, Loss: 1809.580, Trans_L2_m: 1.103, Yaw_err_deg: 7.179
Epoch: [4/4], Batch: 8170/9482, Loss: 1351.829, Trans_L2_m: 1.289, Yaw_err_deg: 5.915
Epoch: [4/4], Batch: 8180/9482, Loss: 1229.086, Trans_L2_m: 1.359, Yaw_err_deg: 6.060
Epoch: [4/4], Batch: 8190/9482, Loss: 1141.194, Trans_L2_m: 0.751, Yaw_err_deg: 5.543
Epoch: [4/4], Batch: 8200/9482, Loss: 606.748, Trans_L2_m: 1.152, Yaw_err_deg: 4.360
Epoch: [4/4], Batch: 8210/9482, Loss: 901.847, Trans_L2_m: 1.088, Yaw_err_deg: 4.575
Epoch: [4/4], Batch: 8220/9482, Loss: 2392.967, Trans_L2_m: 1.329, Yaw_err_deg: 7.953
Epoch: [4/4], Batch: 8230/9482, Loss: 1808.109, Trans_L2_m: 1.079, Yaw_err_deg: 7.640
Epoch: [4/4], Batch: 8240/9482, Loss: 3822.372, Trans_L2_m: 0.763, Yaw_err_deg: 8.711
Epoch: [4/4], Batch: 8250/9482, Loss: 164.840, Trans_L2_m: 1.304, Yaw_err_deg: 1.173
Epoch: [4/4], Batch: 8260/9482, Loss: 3586.712, Trans_L2_m: 1.079, Yaw_err_deg: 9.038
Epoch: [4/4], Batch: 8270/9482, Loss: 1670.860, Trans_L2_m: 1.089, Yaw_err_deg: 5.997
Epoch: [4/4], Batch: 8280/9482, Loss: 1301.064, Trans_L2_m: 1.046, Yaw_err_deg: 6.443
Epoch: [4/4], Batch: 8290/9482, Loss: 1839.374, Trans_L2_m: 0.864, Yaw_err_deg: 7.947
Epoch: [4/4], Batch: 8300/9482, Loss: 574.203, Trans_L2_m: 0.834, Yaw_err_deg: 3.093
Epoch: [4/4], Batch: 8310/9482, Loss: 1488.027, Trans_L2_m: 1.190, Yaw_err_deg: 7.364
Epoch: [4/4], Batch: 8320/9482, Loss: 1032.349, Trans_L2_m: 1.261, Yaw_err_deg: 5.289
Epoch: [4/4], Batch: 8330/9482, Loss: 1154.009, Trans_L2_m: 1.117, Yaw_err_deg: 5.075
Epoch: [4/4], Batch: 8340/9482, Loss: 1196.093, Trans_L2_m: 0.821, Yaw_err_deg: 5.158
Epoch: [4/4], Batch: 8350/9482, Loss: 235.344, Trans_L2_m: 1.153, Yaw_err_deg: 2.082
Epoch: [4/4], Batch: 8360/9482, Loss: 735.973, Trans_L2_m: 1.393, Yaw_err_deg: 4.476
Epoch: [4/4], Batch: 8370/9482, Loss: 1140.928, Trans_L2_m: 1.667, Yaw_err_deg: 4.044
Epoch: [4/4], Batch: 8380/9482, Loss: 2746.026, Trans_L2_m: 0.776, Yaw_err_deg: 7.760
Epoch: [4/4], Batch: 8390/9482, Loss: 955.350, Trans_L2_m: 1.299, Yaw_err_deg: 4.909
Epoch: [4/4], Batch: 8400/9482, Loss: 273.373, Trans_L2_m: 0.770, Yaw_err_deg: 2.427
Epoch: [4/4], Batch: 8410/9482, Loss: 4622.232, Trans_L2_m: 1.014, Yaw_err_deg: 11.348
Epoch: [4/4], Batch: 8420/9482, Loss: 1022.702, Trans_L2_m: 1.129, Yaw_err_deg: 4.257
Epoch: [4/4], Batch: 8430/9482, Loss: 2149.380, Trans_L2_m: 1.523, Yaw_err_deg: 6.752
Epoch: [4/4], Batch: 8440/9482, Loss: 964.575, Trans_L2_m: 0.777, Yaw_err_deg: 5.239
Epoch: [4/4], Batch: 8450/9482, Loss: 489.312, Trans_L2_m: 1.665, Yaw_err_deg: 2.949
Epoch: [4/4], Batch: 8460/9482, Loss: 562.429, Trans_L2_m: 0.955, Yaw_err_deg: 3.862
Epoch: [4/4], Batch: 8470/9482, Loss: 1337.853, Trans_L2_m: 0.880, Yaw_err_deg: 5.083
Epoch: [4/4], Batch: 8480/9482, Loss: 2788.832, Trans_L2_m: 0.702, Yaw_err_deg: 6.514
Epoch: [4/4], Batch: 8490/9482, Loss: 2239.401, Trans_L2_m: 0.646, Yaw_err_deg: 7.942
Epoch: [4/4], Batch: 8500/9482, Loss: 1372.007, Trans_L2_m: 1.007, Yaw_err_deg: 6.100
Epoch: [4/4], Batch: 8510/9482, Loss: 494.043, Trans_L2_m: 1.090, Yaw_err_deg: 3.338
Epoch: [4/4], Batch: 8520/9482, Loss: 2864.365, Trans_L2_m: 0.758, Yaw_err_deg: 7.331
Epoch: [4/4], Batch: 8530/9482, Loss: 1331.458, Trans_L2_m: 0.791, Yaw_err_deg: 5.995
Epoch: [4/4], Batch: 8540/9482, Loss: 1122.498, Trans_L2_m: 1.077, Yaw_err_deg: 5.043
Epoch: [4/4], Batch: 8550/9482, Loss: 3155.540, Trans_L2_m: 1.109, Yaw_err_deg: 7.237
Epoch: [4/4], Batch: 8560/9482, Loss: 545.018, Trans_L2_m: 0.976, Yaw_err_deg: 3.627
Epoch: [4/4], Batch: 8570/9482, Loss: 1579.236, Trans_L2_m: 0.907, Yaw_err_deg: 6.746
Epoch: [4/4], Batch: 8580/9482, Loss: 2518.923, Trans_L2_m: 0.557, Yaw_err_deg: 8.126
Epoch: [4/4], Batch: 8590/9482, Loss: 818.204, Trans_L2_m: 1.326, Yaw_err_deg: 4.029
Epoch: [4/4], Batch: 8600/9482, Loss: 1049.532, Trans_L2_m: 1.007, Yaw_err_deg: 5.376
Epoch: [4/4], Batch: 8610/9482, Loss: 193.018, Trans_L2_m: 0.834, Yaw_err_deg: 1.670
Epoch: [4/4], Batch: 8620/9482, Loss: 1103.567, Trans_L2_m: 1.049, Yaw_err_deg: 5.920
Epoch: [4/4], Batch: 8630/9482, Loss: 1936.466, Trans_L2_m: 0.751, Yaw_err_deg: 6.326
Epoch: [4/4], Batch: 8640/9482, Loss: 915.002, Trans_L2_m: 0.919, Yaw_err_deg: 6.036
Epoch: [4/4], Batch: 8650/9482, Loss: 1898.833, Trans_L2_m: 1.567, Yaw_err_deg: 6.081
Epoch: [4/4], Batch: 8660/9482, Loss: 360.185, Trans_L2_m: 1.137, Yaw_err_deg: 3.636
Epoch: [4/4], Batch: 8670/9482, Loss: 2147.935, Trans_L2_m: 0.946, Yaw_err_deg: 9.310
Epoch: [4/4], Batch: 8680/9482, Loss: 4378.641, Trans_L2_m: 1.066, Yaw_err_deg: 8.835
Epoch: [4/4], Batch: 8690/9482, Loss: 3385.130, Trans_L2_m: 0.780, Yaw_err_deg: 9.836
Epoch: [4/4], Batch: 8700/9482, Loss: 3917.357, Trans_L2_m: 1.377, Yaw_err_deg: 9.400
Epoch: [4/4], Batch: 8710/9482, Loss: 278.248, Trans_L2_m: 0.749, Yaw_err_deg: 2.430
Epoch: [4/4], Batch: 8720/9482, Loss: 1215.728, Trans_L2_m: 1.928, Yaw_err_deg: 5.653
Epoch: [4/4], Batch: 8730/9482, Loss: 1679.002, Trans_L2_m: 1.100, Yaw_err_deg: 6.057
Epoch: [4/4], Batch: 8740/9482, Loss: 1002.723, Trans_L2_m: 0.845, Yaw_err_deg: 5.224
Epoch: [4/4], Batch: 8750/9482, Loss: 256.981, Trans_L2_m: 0.859, Yaw_err_deg: 3.010
Epoch: [4/4], Batch: 8760/9482, Loss: 1951.151, Trans_L2_m: 1.102, Yaw_err_deg: 6.084
Epoch: [4/4], Batch: 8770/9482, Loss: 758.563, Trans_L2_m: 0.665, Yaw_err_deg: 4.788
Epoch: [4/4], Batch: 8780/9482, Loss: 1277.774, Trans_L2_m: 1.277, Yaw_err_deg: 4.996
Epoch: [4/4], Batch: 8790/9482, Loss: 1272.536, Trans_L2_m: 0.764, Yaw_err_deg: 5.633
Epoch: [4/4], Batch: 8800/9482, Loss: 705.501, Trans_L2_m: 0.910, Yaw_err_deg: 3.660
Epoch: [4/4], Batch: 8810/9482, Loss: 923.144, Trans_L2_m: 0.762, Yaw_err_deg: 5.403
Epoch: [4/4], Batch: 8820/9482, Loss: 876.086, Trans_L2_m: 0.773, Yaw_err_deg: 4.899
Epoch: [4/4], Batch: 8830/9482, Loss: 498.969, Trans_L2_m: 1.098, Yaw_err_deg: 3.136
Epoch: [4/4], Batch: 8840/9482, Loss: 7659.317, Trans_L2_m: 1.306, Yaw_err_deg: 11.410
Epoch: [4/4], Batch: 8850/9482, Loss: 704.199, Trans_L2_m: 1.107, Yaw_err_deg: 4.302
Epoch: [4/4], Batch: 8860/9482, Loss: 730.615, Trans_L2_m: 1.173, Yaw_err_deg: 3.346
Epoch: [4/4], Batch: 8870/9482, Loss: 987.854, Trans_L2_m: 1.694, Yaw_err_deg: 4.328
Epoch: [4/4], Batch: 8880/9482, Loss: 1705.369, Trans_L2_m: 1.113, Yaw_err_deg: 6.994
Epoch: [4/4], Batch: 8890/9482, Loss: 278.952, Trans_L2_m: 1.321, Yaw_err_deg: 1.363
Epoch: [4/4], Batch: 8900/9482, Loss: 1313.756, Trans_L2_m: 0.754, Yaw_err_deg: 5.128
Epoch: [4/4], Batch: 8910/9482, Loss: 473.928, Trans_L2_m: 0.882, Yaw_err_deg: 2.944
Epoch: [4/4], Batch: 8920/9482, Loss: 665.923, Trans_L2_m: 1.195, Yaw_err_deg: 4.282
Epoch: [4/4], Batch: 8930/9482, Loss: 1306.382, Trans_L2_m: 0.894, Yaw_err_deg: 5.716
Epoch: [4/4], Batch: 8940/9482, Loss: 1749.473, Trans_L2_m: 0.796, Yaw_err_deg: 7.592
Epoch: [4/4], Batch: 8950/9482, Loss: 1864.966, Trans_L2_m: 0.753, Yaw_err_deg: 6.452
Epoch: [4/4], Batch: 8960/9482, Loss: 341.790, Trans_L2_m: 1.125, Yaw_err_deg: 3.378
Epoch: [4/4], Batch: 8970/9482, Loss: 1683.580, Trans_L2_m: 0.576, Yaw_err_deg: 7.656
Epoch: [4/4], Batch: 8980/9482, Loss: 2436.735, Trans_L2_m: 0.902, Yaw_err_deg: 5.737
Epoch: [4/4], Batch: 8990/9482, Loss: 768.317, Trans_L2_m: 1.224, Yaw_err_deg: 4.071
Epoch: [4/4], Batch: 9000/9482, Loss: 226.029, Trans_L2_m: 0.622, Yaw_err_deg: 2.294
Epoch: [4/4], Batch: 9010/9482, Loss: 621.329, Trans_L2_m: 0.987, Yaw_err_deg: 3.023
Epoch: [4/4], Batch: 9020/9482, Loss: 4294.794, Trans_L2_m: 1.001, Yaw_err_deg: 9.303
Epoch: [4/4], Batch: 9030/9482, Loss: 654.443, Trans_L2_m: 0.907, Yaw_err_deg: 3.971
Epoch: [4/4], Batch: 9040/9482, Loss: 579.035, Trans_L2_m: 0.563, Yaw_err_deg: 4.140
Epoch: [4/4], Batch: 9050/9482, Loss: 2826.033, Trans_L2_m: 0.532, Yaw_err_deg: 8.022
Epoch: [4/4], Batch: 9060/9482, Loss: 1913.031, Trans_L2_m: 0.985, Yaw_err_deg: 6.189
Epoch: [4/4], Batch: 9070/9482, Loss: 1305.488, Trans_L2_m: 1.405, Yaw_err_deg: 4.770
Epoch: [4/4], Batch: 9080/9482, Loss: 575.847, Trans_L2_m: 1.153, Yaw_err_deg: 2.840
Epoch: [4/4], Batch: 9090/9482, Loss: 1629.884, Trans_L2_m: 0.956, Yaw_err_deg: 6.757
Epoch: [4/4], Batch: 9100/9482, Loss: 1374.913, Trans_L2_m: 0.766, Yaw_err_deg: 6.454
Epoch: [4/4], Batch: 9110/9482, Loss: 403.372, Trans_L2_m: 1.003, Yaw_err_deg: 3.099
Epoch: [4/4], Batch: 9120/9482, Loss: 718.811, Trans_L2_m: 0.951, Yaw_err_deg: 4.708
Epoch: [4/4], Batch: 9130/9482, Loss: 481.125, Trans_L2_m: 1.655, Yaw_err_deg: 2.720
Epoch: [4/4], Batch: 9140/9482, Loss: 828.754, Trans_L2_m: 1.166, Yaw_err_deg: 4.546
Epoch: [4/4], Batch: 9150/9482, Loss: 697.346, Trans_L2_m: 1.016, Yaw_err_deg: 4.942
Epoch: [4/4], Batch: 9160/9482, Loss: 1671.875, Trans_L2_m: 0.919, Yaw_err_deg: 5.953
Epoch: [4/4], Batch: 9170/9482, Loss: 1297.471, Trans_L2_m: 1.298, Yaw_err_deg: 6.000
Epoch: [4/4], Batch: 9180/9482, Loss: 3629.356, Trans_L2_m: 0.959, Yaw_err_deg: 11.181
Epoch: [4/4], Batch: 9190/9482, Loss: 944.363, Trans_L2_m: 0.735, Yaw_err_deg: 5.325
Epoch: [4/4], Batch: 9200/9482, Loss: 1249.930, Trans_L2_m: 0.922, Yaw_err_deg: 5.621
Epoch: [4/4], Batch: 9210/9482, Loss: 907.553, Trans_L2_m: 1.252, Yaw_err_deg: 5.505
Epoch: [4/4], Batch: 9220/9482, Loss: 3157.024, Trans_L2_m: 1.012, Yaw_err_deg: 10.259
Epoch: [4/4], Batch: 9230/9482, Loss: 663.504, Trans_L2_m: 0.881, Yaw_err_deg: 4.278
Epoch: [4/4], Batch: 9240/9482, Loss: 3767.009, Trans_L2_m: 0.666, Yaw_err_deg: 11.300
Epoch: [4/4], Batch: 9250/9482, Loss: 2994.654, Trans_L2_m: 1.058, Yaw_err_deg: 8.285
Epoch: [4/4], Batch: 9260/9482, Loss: 2534.804, Trans_L2_m: 0.753, Yaw_err_deg: 8.281
Epoch: [4/4], Batch: 9270/9482, Loss: 1897.141, Trans_L2_m: 0.834, Yaw_err_deg: 7.732
Epoch: [4/4], Batch: 9280/9482, Loss: 2099.750, Trans_L2_m: 0.851, Yaw_err_deg: 7.973
Epoch: [4/4], Batch: 9290/9482, Loss: 956.252, Trans_L2_m: 0.864, Yaw_err_deg: 3.542
Epoch: [4/4], Batch: 9300/9482, Loss: 2006.875, Trans_L2_m: 0.724, Yaw_err_deg: 5.995
Epoch: [4/4], Batch: 9310/9482, Loss: 610.510, Trans_L2_m: 0.931, Yaw_err_deg: 3.290
Epoch: [4/4], Batch: 9320/9482, Loss: 459.568, Trans_L2_m: 0.787, Yaw_err_deg: 3.015
Epoch: [4/4], Batch: 9330/9482, Loss: 444.650, Trans_L2_m: 1.405, Yaw_err_deg: 3.478
Epoch: [4/4], Batch: 9340/9482, Loss: 1966.452, Trans_L2_m: 0.577, Yaw_err_deg: 6.721
Epoch: [4/4], Batch: 9350/9482, Loss: 493.020, Trans_L2_m: 0.839, Yaw_err_deg: 3.727
Epoch: [4/4], Batch: 9360/9482, Loss: 505.356, Trans_L2_m: 1.012, Yaw_err_deg: 3.848
Epoch: [4/4], Batch: 9370/9482, Loss: 2179.019, Trans_L2_m: 1.086, Yaw_err_deg: 6.247
Epoch: [4/4], Batch: 9380/9482, Loss: 498.900, Trans_L2_m: 0.558, Yaw_err_deg: 3.236
Epoch: [4/4], Batch: 9390/9482, Loss: 496.317, Trans_L2_m: 0.615, Yaw_err_deg: 3.240
Epoch: [4/4], Batch: 9400/9482, Loss: 699.297, Trans_L2_m: 0.817, Yaw_err_deg: 4.706
Epoch: [4/4], Batch: 9410/9482, Loss: 827.973, Trans_L2_m: 1.114, Yaw_err_deg: 4.273
Epoch: [4/4], Batch: 9420/9482, Loss: 774.953, Trans_L2_m: 0.977, Yaw_err_deg: 3.412
Epoch: [4/4], Batch: 9430/9482, Loss: 1236.817, Trans_L2_m: 0.847, Yaw_err_deg: 5.783
Epoch: [4/4], Batch: 9440/9482, Loss: 1190.000, Trans_L2_m: 1.240, Yaw_err_deg: 5.543
Epoch: [4/4], Batch: 9450/9482, Loss: 2540.126, Trans_L2_m: 1.934, Yaw_err_deg: 8.230
Epoch: [4/4], Batch: 9460/9482, Loss: 544.619, Trans_L2_m: 0.675, Yaw_err_deg: 3.715
Epoch: [4/4], Batch: 9470/9482, Loss: 1119.442, Trans_L2_m: 1.025, Yaw_err_deg: 5.046
Epoch: [4/4], Batch: 9480/9482, Loss: 1716.123, Trans_L2_m: 0.736, Yaw_err_deg: 6.340
Epoch: [5/4], Batch: 0/9482, Loss: 2259.509, Trans_L2_m: 1.106, Yaw_err_deg: 6.984
Epoch: [5/4], Batch: 10/9482, Loss: 816.522, Trans_L2_m: 0.718, Yaw_err_deg: 4.742
Epoch: [5/4], Batch: 20/9482, Loss: 202.482, Trans_L2_m: 0.851, Yaw_err_deg: 1.980
Epoch: [5/4], Batch: 30/9482, Loss: 2258.062, Trans_L2_m: 1.112, Yaw_err_deg: 8.552
Epoch: [5/4], Batch: 40/9482, Loss: 6161.600, Trans_L2_m: 0.931, Yaw_err_deg: 12.600
Epoch: [5/4], Batch: 50/9482, Loss: 623.120, Trans_L2_m: 1.405, Yaw_err_deg: 4.042
Epoch: [5/4], Batch: 60/9482, Loss: 926.387, Trans_L2_m: 0.607, Yaw_err_deg: 4.208
Epoch: [5/4], Batch: 70/9482, Loss: 5893.691, Trans_L2_m: 1.479, Yaw_err_deg: 9.598
Epoch: [5/4], Batch: 80/9482, Loss: 4773.295, Trans_L2_m: 1.359, Yaw_err_deg: 8.719
Epoch: [5/4], Batch: 90/9482, Loss: 4904.188, Trans_L2_m: 1.640, Yaw_err_deg: 10.792
Epoch: [5/4], Batch: 100/9482, Loss: 2374.545, Trans_L2_m: 0.974, Yaw_err_deg: 8.728
Epoch: [5/4], Batch: 110/9482, Loss: 1652.653, Trans_L2_m: 1.037, Yaw_err_deg: 7.744
Epoch: [5/4], Batch: 120/9482, Loss: 1781.259, Trans_L2_m: 1.231, Yaw_err_deg: 5.786
Epoch: [5/4], Batch: 130/9482, Loss: 3215.425, Trans_L2_m: 0.807, Yaw_err_deg: 9.235
Epoch: [5/4], Batch: 140/9482, Loss: 4962.364, Trans_L2_m: 0.816, Yaw_err_deg: 8.339
Epoch: [5/4], Batch: 150/9482, Loss: 3058.129, Trans_L2_m: 0.968, Yaw_err_deg: 7.885
Epoch: [5/4], Batch: 160/9482, Loss: 160.162, Trans_L2_m: 1.183, Yaw_err_deg: 1.513
Epoch: [5/4], Batch: 170/9482, Loss: 1656.797, Trans_L2_m: 1.287, Yaw_err_deg: 6.414
Epoch: [5/4], Batch: 180/9482, Loss: 459.240, Trans_L2_m: 1.053, Yaw_err_deg: 3.388
Epoch: [5/4], Batch: 190/9482, Loss: 2220.281, Trans_L2_m: 1.072, Yaw_err_deg: 6.168
Epoch: [5/4], Batch: 200/9482, Loss: 1667.174, Trans_L2_m: 0.942, Yaw_err_deg: 6.271
Epoch: [5/4], Batch: 210/9482, Loss: 514.871, Trans_L2_m: 1.778, Yaw_err_deg: 3.064
Epoch: [5/4], Batch: 220/9482, Loss: 1112.958, Trans_L2_m: 0.671, Yaw_err_deg: 5.184
Epoch: [5/4], Batch: 230/9482, Loss: 1102.697, Trans_L2_m: 0.845, Yaw_err_deg: 5.624
Epoch: [5/4], Batch: 240/9482, Loss: 2590.303, Trans_L2_m: 0.651, Yaw_err_deg: 5.913
Epoch: [5/4], Batch: 250/9482, Loss: 2896.944, Trans_L2_m: 1.022, Yaw_err_deg: 7.792
Epoch: [5/4], Batch: 260/9482, Loss: 342.115, Trans_L2_m: 1.456, Yaw_err_deg: 2.681
Epoch: [5/4], Batch: 270/9482, Loss: 2319.130, Trans_L2_m: 0.863, Yaw_err_deg: 8.919
Epoch: [5/4], Batch: 280/9482, Loss: 763.282, Trans_L2_m: 1.012, Yaw_err_deg: 4.251
Epoch: [5/4], Batch: 290/9482, Loss: 4060.706, Trans_L2_m: 1.189, Yaw_err_deg: 11.241
Epoch: [5/4], Batch: 300/9482, Loss: 379.080, Trans_L2_m: 1.435, Yaw_err_deg: 3.434
Epoch: [5/4], Batch: 310/9482, Loss: 726.858, Trans_L2_m: 1.283, Yaw_err_deg: 3.736
Epoch: [5/4], Batch: 320/9482, Loss: 1880.946, Trans_L2_m: 0.763, Yaw_err_deg: 6.152
Epoch: [5/4], Batch: 330/9482, Loss: 835.800, Trans_L2_m: 0.782, Yaw_err_deg: 4.485
Epoch: [5/4], Batch: 340/9482, Loss: 1416.092, Trans_L2_m: 0.849, Yaw_err_deg: 4.716
Epoch: [5/4], Batch: 350/9482, Loss: 535.769, Trans_L2_m: 0.721, Yaw_err_deg: 4.654
Epoch: [5/4], Batch: 360/9482, Loss: 317.097, Trans_L2_m: 0.866, Yaw_err_deg: 2.844
Epoch: [5/4], Batch: 370/9482, Loss: 3767.208, Trans_L2_m: 0.774, Yaw_err_deg: 9.402
Epoch: [5/4], Batch: 380/9482, Loss: 1309.959, Trans_L2_m: 0.933, Yaw_err_deg: 6.133
Epoch: [5/4], Batch: 390/9482, Loss: 1463.583, Trans_L2_m: 1.061, Yaw_err_deg: 5.298
Epoch: [5/4], Batch: 400/9482, Loss: 2337.255, Trans_L2_m: 1.209, Yaw_err_deg: 7.006
Epoch: [5/4], Batch: 410/9482, Loss: 2605.688, Trans_L2_m: 1.385, Yaw_err_deg: 8.454
Epoch: [5/4], Batch: 420/9482, Loss: 1779.476, Trans_L2_m: 0.965, Yaw_err_deg: 6.309
Epoch: [5/4], Batch: 430/9482, Loss: 863.836, Trans_L2_m: 1.709, Yaw_err_deg: 5.316
Epoch: [5/4], Batch: 440/9482, Loss: 2801.789, Trans_L2_m: 1.113, Yaw_err_deg: 6.536
Epoch: [5/4], Batch: 450/9482, Loss: 320.346, Trans_L2_m: 0.723, Yaw_err_deg: 2.513
Epoch: [5/4], Batch: 460/9482, Loss: 1738.004, Trans_L2_m: 0.962, Yaw_err_deg: 6.517
Epoch: [5/4], Batch: 470/9482, Loss: 325.899, Trans_L2_m: 1.176, Yaw_err_deg: 2.063
Epoch: [5/4], Batch: 480/9482, Loss: 1314.380, Trans_L2_m: 1.197, Yaw_err_deg: 5.567
Epoch: [5/4], Batch: 490/9482, Loss: 1441.561, Trans_L2_m: 1.043, Yaw_err_deg: 4.472
Epoch: [5/4], Batch: 500/9482, Loss: 1073.460, Trans_L2_m: 1.035, Yaw_err_deg: 4.331
Epoch: [5/4], Batch: 510/9482, Loss: 931.273, Trans_L2_m: 1.098, Yaw_err_deg: 3.686
Epoch: [5/4], Batch: 520/9482, Loss: 729.052, Trans_L2_m: 0.982, Yaw_err_deg: 4.097
Epoch: [5/4], Batch: 530/9482, Loss: 1905.033, Trans_L2_m: 0.910, Yaw_err_deg: 7.340
Epoch: [5/4], Batch: 540/9482, Loss: 1900.414, Trans_L2_m: 1.148, Yaw_err_deg: 8.092
Epoch: [5/4], Batch: 550/9482, Loss: 737.679, Trans_L2_m: 0.952, Yaw_err_deg: 4.271
Epoch: [5/4], Batch: 560/9482, Loss: 502.538, Trans_L2_m: 1.451, Yaw_err_deg: 3.349
Epoch: [5/4], Batch: 570/9482, Loss: 466.366, Trans_L2_m: 1.796, Yaw_err_deg: 2.869
Epoch: [5/4], Batch: 580/9482, Loss: 2307.609, Trans_L2_m: 0.639, Yaw_err_deg: 7.569
Epoch: [5/4], Batch: 590/9482, Loss: 1793.645, Trans_L2_m: 1.189, Yaw_err_deg: 7.280
Epoch: [5/4], Batch: 600/9482, Loss: 850.461, Trans_L2_m: 1.063, Yaw_err_deg: 3.801
Epoch: [5/4], Batch: 610/9482, Loss: 300.794, Trans_L2_m: 0.806, Yaw_err_deg: 2.481
Epoch: [5/4], Batch: 620/9482, Loss: 1626.195, Trans_L2_m: 0.549, Yaw_err_deg: 7.511
Epoch: [5/4], Batch: 630/9482, Loss: 552.542, Trans_L2_m: 1.169, Yaw_err_deg: 2.544
Epoch: [5/4], Batch: 640/9482, Loss: 1826.071, Trans_L2_m: 0.759, Yaw_err_deg: 6.887
Epoch: [5/4], Batch: 650/9482, Loss: 673.576, Trans_L2_m: 0.952, Yaw_err_deg: 3.729
Epoch: [5/4], Batch: 660/9482, Loss: 3369.580, Trans_L2_m: 1.014, Yaw_err_deg: 9.831
Epoch: [5/4], Batch: 670/9482, Loss: 2581.087, Trans_L2_m: 1.995, Yaw_err_deg: 8.668
Epoch: [5/4], Batch: 680/9482, Loss: 3377.897, Trans_L2_m: 1.002, Yaw_err_deg: 7.553
Epoch: [5/4], Batch: 690/9482, Loss: 1721.892, Trans_L2_m: 1.290, Yaw_err_deg: 6.510
Epoch: [5/4], Batch: 700/9482, Loss: 6559.324, Trans_L2_m: 1.066, Yaw_err_deg: 14.067
Epoch: [5/4], Batch: 710/9482, Loss: 1543.091, Trans_L2_m: 1.215, Yaw_err_deg: 6.131
Epoch: [5/4], Batch: 720/9482, Loss: 745.984, Trans_L2_m: 0.581, Yaw_err_deg: 4.491
Epoch: [5/4], Batch: 730/9482, Loss: 906.111, Trans_L2_m: 1.473, Yaw_err_deg: 5.145
Epoch: [5/4], Batch: 740/9482, Loss: 426.030, Trans_L2_m: 0.850, Yaw_err_deg: 3.499
Epoch: [5/4], Batch: 750/9482, Loss: 2624.724, Trans_L2_m: 0.626, Yaw_err_deg: 8.743
Epoch: [5/4], Batch: 760/9482, Loss: 1103.027, Trans_L2_m: 0.902, Yaw_err_deg: 4.283
Epoch: [5/4], Batch: 770/9482, Loss: 1902.702, Trans_L2_m: 1.004, Yaw_err_deg: 5.896
Epoch: [5/4], Batch: 780/9482, Loss: 2808.736, Trans_L2_m: 1.402, Yaw_err_deg: 8.605
Epoch: [5/4], Batch: 790/9482, Loss: 263.442, Trans_L2_m: 0.609, Yaw_err_deg: 2.594
Epoch: [5/4], Batch: 800/9482, Loss: 758.075, Trans_L2_m: 0.909, Yaw_err_deg: 4.203
Epoch: [5/4], Batch: 810/9482, Loss: 829.891, Trans_L2_m: 0.516, Yaw_err_deg: 4.353
Epoch: [5/4], Batch: 820/9482, Loss: 574.064, Trans_L2_m: 1.251, Yaw_err_deg: 4.219
Epoch: [5/4], Batch: 830/9482, Loss: 291.395, Trans_L2_m: 1.084, Yaw_err_deg: 2.852
Epoch: [5/4], Batch: 840/9482, Loss: 1916.775, Trans_L2_m: 1.194, Yaw_err_deg: 6.105
Epoch: [5/4], Batch: 850/9482, Loss: 2202.858, Trans_L2_m: 1.067, Yaw_err_deg: 6.431
Epoch: [5/4], Batch: 860/9482, Loss: 292.732, Trans_L2_m: 0.630, Yaw_err_deg: 2.899
Epoch: [5/4], Batch: 870/9482, Loss: 693.467, Trans_L2_m: 0.938, Yaw_err_deg: 4.086
Epoch: [5/4], Batch: 880/9482, Loss: 3708.238, Trans_L2_m: 1.114, Yaw_err_deg: 11.256
Epoch: [5/4], Batch: 890/9482, Loss: 1389.374, Trans_L2_m: 1.146, Yaw_err_deg: 5.037
Epoch: [5/4], Batch: 900/9482, Loss: 1445.403, Trans_L2_m: 0.986, Yaw_err_deg: 5.419
Epoch: [5/4], Batch: 910/9482, Loss: 569.807, Trans_L2_m: 1.002, Yaw_err_deg: 4.328
Epoch: [5/4], Batch: 920/9482, Loss: 1680.808, Trans_L2_m: 1.040, Yaw_err_deg: 7.190
Epoch: [5/4], Batch: 930/9482, Loss: 633.625, Trans_L2_m: 1.136, Yaw_err_deg: 3.911
Epoch: [5/4], Batch: 940/9482, Loss: 2195.037, Trans_L2_m: 1.042, Yaw_err_deg: 8.817
Epoch: [5/4], Batch: 950/9482, Loss: 1724.769, Trans_L2_m: 1.415, Yaw_err_deg: 7.328
Epoch: [5/4], Batch: 960/9482, Loss: 650.669, Trans_L2_m: 1.041, Yaw_err_deg: 3.789
Epoch: [5/4], Batch: 970/9482, Loss: 840.253, Trans_L2_m: 0.932, Yaw_err_deg: 5.032
Epoch: [5/4], Batch: 980/9482, Loss: 579.481, Trans_L2_m: 0.957, Yaw_err_deg: 4.459
Epoch: [5/4], Batch: 990/9482, Loss: 1136.446, Trans_L2_m: 0.959, Yaw_err_deg: 4.999
Epoch: [5/4], Batch: 1000/9482, Loss: 1044.929, Trans_L2_m: 0.919, Yaw_err_deg: 4.880
Epoch: [5/4], Batch: 1010/9482, Loss: 1381.056, Trans_L2_m: 0.945, Yaw_err_deg: 6.005
Epoch: [5/4], Batch: 1020/9482, Loss: 415.717, Trans_L2_m: 0.803, Yaw_err_deg: 2.969
Epoch: [5/4], Batch: 1030/9482, Loss: 3522.989, Trans_L2_m: 0.926, Yaw_err_deg: 7.865
Epoch: [5/4], Batch: 1040/9482, Loss: 534.006, Trans_L2_m: 0.739, Yaw_err_deg: 3.165
Epoch: [5/4], Batch: 1050/9482, Loss: 4241.913, Trans_L2_m: 0.802, Yaw_err_deg: 9.268
Epoch: [5/4], Batch: 1060/9482, Loss: 1407.868, Trans_L2_m: 0.757, Yaw_err_deg: 4.980
Epoch: [5/4], Batch: 1070/9482, Loss: 306.926, Trans_L2_m: 0.949, Yaw_err_deg: 1.755
Validation loss (homography): 7810.6913
Avg batch time: 809.19 ms, total: 262.645 s
[1;94mSave the best of 7810.69140625, at checkpoints/2025_12_20_best_checkpoint_zod_0.pth[0m
The minist distance is 7810.69140625m!
Loading val split : 6 drives
Validation with 10393 samples.
