{'gpuid': [0], 'mixed_precision': False, 'iters_lev0': 6, 'lev0': True, 'flow': True, 'p_siamese': True, 'CNN16': True, 'log_every': 10, 'dataset': 'zod', 'orig_label': False, 'cross_area': False, 'batch_size': 16, 'lr': 0.00035, 'num_steps': 70000, 'scheduler': 'OneCycle', 'loss_w': [0.1, 30.0, 100000.0], 'temperature': 4.0, 'augment': False, 'ori_noise': 45.0, 'orien': True, 'restore_ckpt': None, 'model': None, 'wdecay': 0.0005, 'epsilon': 1e-07, 'clip': 1.0, 'gamma': 0.85, 'name': 'zod_train', 'validation': None, 'image_size': 512, 'zoom': 20, 'IMG_FREQ': 20000, 'SUM_FREQ': 100, 'use_augmentation': True, 'image_area_dg_m': 51.2, 'image_area_zod_m': 100, 'max_translation': 15.0, 'max_rot_deg': 20.0, 'z_range': [-2.5, 3.0], 'BEV_grid_resolution': 0.1, 'lidar_dataset_root': '/work/vita/datasets/zod', 'aerial_img_dataset_root': '/work/vita/datasets/zod_crossview_processed_100m', 'version': 'full', 'config': '/home/finckh/VITA/HC-Net/models/config/ZOD/train.json', 'best_dis': 100000000.0, 'start_step': 0}
[31m2025-12-28 23:36:00[0m
Loaded pretrained weights for efficientnet-b0
Parameter Count: 7754186
Loading train split : 23 drives
Loading val split : 6 drives
Training with 47407 samples, validation with 10393 samples.
Using 8 dataloader workers every process
Best distance so far 100000000.0.
[34mLog will be saved to:./watch/zod/zod_train_20251228_234234.log[0m
Epoch: [1/23], Batch: 0/2963, Loss: 4542.075, Trans_L2_m: 10.774, Yaw_err_deg: 11.520
Epoch: [1/23], Batch: 10/2963, Loss: 4597.175, Trans_L2_m: 10.864, Yaw_err_deg: 10.484
Epoch: [1/23], Batch: 20/2963, Loss: 4492.812, Trans_L2_m: 12.238, Yaw_err_deg: 7.742
Epoch: [1/23], Batch: 30/2963, Loss: 4619.853, Trans_L2_m: 11.894, Yaw_err_deg: 10.975
Epoch: [1/23], Batch: 40/2963, Loss: 4245.972, Trans_L2_m: 12.025, Yaw_err_deg: 6.847
Epoch: [1/23], Batch: 50/2963, Loss: 4472.447, Trans_L2_m: 11.542, Yaw_err_deg: 11.639
Epoch: [1/23], Batch: 60/2963, Loss: 3824.958, Trans_L2_m: 10.311, Yaw_err_deg: 10.075
Epoch: [1/23], Batch: 70/2963, Loss: 3231.088, Trans_L2_m: 8.772, Yaw_err_deg: 10.089
Epoch: [1/23], Batch: 80/2963, Loss: 4474.215, Trans_L2_m: 11.561, Yaw_err_deg: 11.082
Epoch: [1/23], Batch: 90/2963, Loss: 3751.974, Trans_L2_m: 10.226, Yaw_err_deg: 10.277
Epoch: [1/23], Batch: 100/2963, Loss: 4456.769, Trans_L2_m: 12.266, Yaw_err_deg: 9.360
Epoch: [1/23], Batch: 110/2963, Loss: 5064.397, Trans_L2_m: 12.711, Yaw_err_deg: 10.429
Epoch: [1/23], Batch: 120/2963, Loss: 3597.069, Trans_L2_m: 9.184, Yaw_err_deg: 9.747
Epoch: [1/23], Batch: 130/2963, Loss: 4081.757, Trans_L2_m: 9.966, Yaw_err_deg: 11.519
Epoch: [1/23], Batch: 140/2963, Loss: 3732.448, Trans_L2_m: 9.929, Yaw_err_deg: 12.411
Epoch: [1/23], Batch: 150/2963, Loss: 3547.463, Trans_L2_m: 10.118, Yaw_err_deg: 8.886
Epoch: [1/23], Batch: 160/2963, Loss: 4412.576, Trans_L2_m: 12.111, Yaw_err_deg: 9.733
Epoch: [1/23], Batch: 170/2963, Loss: 5193.946, Trans_L2_m: 13.444, Yaw_err_deg: 10.370
Epoch: [1/23], Batch: 180/2963, Loss: 3231.859, Trans_L2_m: 8.665, Yaw_err_deg: 10.930
Epoch: [1/23], Batch: 190/2963, Loss: 2844.836, Trans_L2_m: 8.900, Yaw_err_deg: 7.837
Epoch: [1/23], Batch: 200/2963, Loss: 4157.714, Trans_L2_m: 11.588, Yaw_err_deg: 9.670
Epoch: [1/23], Batch: 210/2963, Loss: 3785.418, Trans_L2_m: 10.679, Yaw_err_deg: 8.645
Epoch: [1/23], Batch: 220/2963, Loss: 4221.340, Trans_L2_m: 11.081, Yaw_err_deg: 11.321
Epoch: [1/23], Batch: 230/2963, Loss: 4151.141, Trans_L2_m: 10.764, Yaw_err_deg: 11.180
Epoch: [1/23], Batch: 240/2963, Loss: 4504.615, Trans_L2_m: 11.692, Yaw_err_deg: 11.361
Epoch: [1/23], Batch: 250/2963, Loss: 4262.486, Trans_L2_m: 10.746, Yaw_err_deg: 12.220
Epoch: [1/23], Batch: 260/2963, Loss: 2872.608, Trans_L2_m: 8.043, Yaw_err_deg: 10.064
Epoch: [1/23], Batch: 270/2963, Loss: 3879.263, Trans_L2_m: 10.921, Yaw_err_deg: 8.743
Epoch: [1/23], Batch: 280/2963, Loss: 3667.274, Trans_L2_m: 8.886, Yaw_err_deg: 12.759
Epoch: [1/23], Batch: 290/2963, Loss: 3347.528, Trans_L2_m: 9.595, Yaw_err_deg: 9.237
Epoch: [1/23], Batch: 300/2963, Loss: 3494.697, Trans_L2_m: 8.888, Yaw_err_deg: 11.763
Epoch: [1/23], Batch: 310/2963, Loss: 2835.596, Trans_L2_m: 7.990, Yaw_err_deg: 9.660
Epoch: [1/23], Batch: 320/2963, Loss: 3706.429, Trans_L2_m: 9.251, Yaw_err_deg: 12.320
Epoch: [1/23], Batch: 330/2963, Loss: 2470.431, Trans_L2_m: 7.479, Yaw_err_deg: 8.315
Epoch: [1/23], Batch: 340/2963, Loss: 3440.172, Trans_L2_m: 9.633, Yaw_err_deg: 8.525
Epoch: [1/23], Batch: 350/2963, Loss: 3418.229, Trans_L2_m: 8.841, Yaw_err_deg: 11.876
Epoch: [1/23], Batch: 360/2963, Loss: 3545.659, Trans_L2_m: 9.320, Yaw_err_deg: 10.569
Epoch: [1/23], Batch: 370/2963, Loss: 3429.759, Trans_L2_m: 8.434, Yaw_err_deg: 11.721
Epoch: [1/23], Batch: 380/2963, Loss: 3005.271, Trans_L2_m: 8.126, Yaw_err_deg: 10.108
Epoch: [1/23], Batch: 390/2963, Loss: 2736.930, Trans_L2_m: 6.008, Yaw_err_deg: 11.861
Epoch: [1/23], Batch: 400/2963, Loss: 3034.856, Trans_L2_m: 8.244, Yaw_err_deg: 9.224
Epoch: [1/23], Batch: 410/2963, Loss: 3310.435, Trans_L2_m: 8.245, Yaw_err_deg: 11.622
Epoch: [1/23], Batch: 420/2963, Loss: 3502.652, Trans_L2_m: 8.571, Yaw_err_deg: 11.138
Epoch: [1/23], Batch: 430/2963, Loss: 3674.929, Trans_L2_m: 9.505, Yaw_err_deg: 9.733
Epoch: [1/23], Batch: 440/2963, Loss: 3225.629, Trans_L2_m: 7.703, Yaw_err_deg: 12.529
Epoch: [1/23], Batch: 450/2963, Loss: 3145.985, Trans_L2_m: 8.342, Yaw_err_deg: 9.440
Epoch: [1/23], Batch: 460/2963, Loss: 2993.570, Trans_L2_m: 7.160, Yaw_err_deg: 11.927
Epoch: [1/23], Batch: 470/2963, Loss: 2868.276, Trans_L2_m: 7.524, Yaw_err_deg: 9.403
Epoch: [1/23], Batch: 480/2963, Loss: 2455.754, Trans_L2_m: 6.558, Yaw_err_deg: 8.930
Epoch: [1/23], Batch: 490/2963, Loss: 3733.486, Trans_L2_m: 8.950, Yaw_err_deg: 10.801
Epoch: [1/23], Batch: 500/2963, Loss: 3691.708, Trans_L2_m: 8.439, Yaw_err_deg: 12.524
Epoch: [1/23], Batch: 510/2963, Loss: 3059.700, Trans_L2_m: 7.219, Yaw_err_deg: 12.168
Epoch: [1/23], Batch: 520/2963, Loss: 3117.557, Trans_L2_m: 7.560, Yaw_err_deg: 10.540
Epoch: [1/23], Batch: 530/2963, Loss: 3286.905, Trans_L2_m: 8.918, Yaw_err_deg: 8.788
Epoch: [1/23], Batch: 540/2963, Loss: 2581.918, Trans_L2_m: 6.490, Yaw_err_deg: 9.617
Epoch: [1/23], Batch: 550/2963, Loss: 2498.694, Trans_L2_m: 7.192, Yaw_err_deg: 6.764
Epoch: [1/23], Batch: 560/2963, Loss: 2931.043, Trans_L2_m: 7.078, Yaw_err_deg: 10.576
Epoch: [1/23], Batch: 570/2963, Loss: 3214.554, Trans_L2_m: 7.224, Yaw_err_deg: 11.169
Epoch: [1/23], Batch: 580/2963, Loss: 3172.314, Trans_L2_m: 7.386, Yaw_err_deg: 11.633
Epoch: [1/23], Batch: 590/2963, Loss: 2783.107, Trans_L2_m: 6.826, Yaw_err_deg: 10.839
Epoch: [1/23], Batch: 600/2963, Loss: 2060.189, Trans_L2_m: 5.128, Yaw_err_deg: 8.752
Epoch: [1/23], Batch: 610/2963, Loss: 3494.515, Trans_L2_m: 8.404, Yaw_err_deg: 10.754
Epoch: [1/23], Batch: 620/2963, Loss: 2546.266, Trans_L2_m: 6.274, Yaw_err_deg: 9.899
Epoch: [1/23], Batch: 630/2963, Loss: 2741.140, Trans_L2_m: 6.144, Yaw_err_deg: 11.865
Epoch: [1/23], Batch: 640/2963, Loss: 2681.152, Trans_L2_m: 6.491, Yaw_err_deg: 10.277
Epoch: [1/23], Batch: 650/2963, Loss: 2973.122, Trans_L2_m: 7.845, Yaw_err_deg: 6.756
Epoch: [1/23], Batch: 660/2963, Loss: 2615.669, Trans_L2_m: 6.589, Yaw_err_deg: 7.706
Epoch: [1/23], Batch: 670/2963, Loss: 2358.645, Trans_L2_m: 5.728, Yaw_err_deg: 8.806
Epoch: [1/23], Batch: 680/2963, Loss: 1927.096, Trans_L2_m: 4.931, Yaw_err_deg: 7.272
Epoch: [1/23], Batch: 690/2963, Loss: 3228.176, Trans_L2_m: 7.400, Yaw_err_deg: 10.852
Epoch: [1/23], Batch: 700/2963, Loss: 2324.540, Trans_L2_m: 5.319, Yaw_err_deg: 7.856
Epoch: [1/23], Batch: 710/2963, Loss: 2293.321, Trans_L2_m: 5.139, Yaw_err_deg: 9.932
Epoch: [1/23], Batch: 720/2963, Loss: 2623.885, Trans_L2_m: 6.371, Yaw_err_deg: 9.732
Epoch: [1/23], Batch: 730/2963, Loss: 2475.178, Trans_L2_m: 6.054, Yaw_err_deg: 8.708
Epoch: [1/23], Batch: 740/2963, Loss: 1590.453, Trans_L2_m: 3.659, Yaw_err_deg: 9.170
Epoch: [1/23], Batch: 750/2963, Loss: 2807.896, Trans_L2_m: 6.295, Yaw_err_deg: 9.801
Epoch: [1/23], Batch: 760/2963, Loss: 2307.439, Trans_L2_m: 5.296, Yaw_err_deg: 9.690
Epoch: [1/23], Batch: 770/2963, Loss: 2483.421, Trans_L2_m: 5.375, Yaw_err_deg: 10.369
Epoch: [1/23], Batch: 780/2963, Loss: 2179.200, Trans_L2_m: 4.986, Yaw_err_deg: 9.424
Epoch: [1/23], Batch: 790/2963, Loss: 2638.591, Trans_L2_m: 5.178, Yaw_err_deg: 10.277
Epoch: [1/23], Batch: 800/2963, Loss: 1875.475, Trans_L2_m: 3.083, Yaw_err_deg: 11.261
Epoch: [1/23], Batch: 810/2963, Loss: 2343.687, Trans_L2_m: 4.004, Yaw_err_deg: 11.870
Epoch: [1/23], Batch: 820/2963, Loss: 2976.072, Trans_L2_m: 5.972, Yaw_err_deg: 11.215
Epoch: [1/23], Batch: 830/2963, Loss: 2068.328, Trans_L2_m: 4.879, Yaw_err_deg: 8.350
Epoch: [1/23], Batch: 840/2963, Loss: 2258.944, Trans_L2_m: 4.547, Yaw_err_deg: 9.101
Epoch: [1/23], Batch: 850/2963, Loss: 2451.215, Trans_L2_m: 3.999, Yaw_err_deg: 12.466
Epoch: [1/23], Batch: 860/2963, Loss: 2474.765, Trans_L2_m: 4.688, Yaw_err_deg: 11.110
Epoch: [1/23], Batch: 870/2963, Loss: 2371.049, Trans_L2_m: 4.658, Yaw_err_deg: 10.218
Epoch: [1/23], Batch: 880/2963, Loss: 2036.042, Trans_L2_m: 4.096, Yaw_err_deg: 9.263
Epoch: [1/23], Batch: 890/2963, Loss: 2192.758, Trans_L2_m: 4.011, Yaw_err_deg: 10.854
Epoch: [1/23], Batch: 900/2963, Loss: 1886.230, Trans_L2_m: 3.741, Yaw_err_deg: 8.537
Epoch: [1/23], Batch: 910/2963, Loss: 2112.896, Trans_L2_m: 3.838, Yaw_err_deg: 9.957
Epoch: [1/23], Batch: 920/2963, Loss: 2043.728, Trans_L2_m: 3.680, Yaw_err_deg: 9.565
Epoch: [1/23], Batch: 930/2963, Loss: 1889.833, Trans_L2_m: 3.512, Yaw_err_deg: 9.931
Epoch: [1/23], Batch: 940/2963, Loss: 2412.310, Trans_L2_m: 4.809, Yaw_err_deg: 9.750
Epoch: [1/23], Batch: 950/2963, Loss: 1351.912, Trans_L2_m: 2.245, Yaw_err_deg: 8.550
Epoch: [1/23], Batch: 960/2963, Loss: 2216.639, Trans_L2_m: 3.460, Yaw_err_deg: 10.642
Epoch: [1/23], Batch: 970/2963, Loss: 2346.796, Trans_L2_m: 3.941, Yaw_err_deg: 10.902
Epoch: [1/23], Batch: 980/2963, Loss: 2311.950, Trans_L2_m: 4.113, Yaw_err_deg: 9.571
Epoch: [1/23], Batch: 990/2963, Loss: 2010.063, Trans_L2_m: 2.872, Yaw_err_deg: 11.974
Epoch: [1/23], Batch: 1000/2963, Loss: 1910.906, Trans_L2_m: 3.122, Yaw_err_deg: 9.493
Epoch: [1/23], Batch: 1010/2963, Loss: 2034.785, Trans_L2_m: 2.927, Yaw_err_deg: 9.484
Epoch: [1/23], Batch: 1020/2963, Loss: 2143.010, Trans_L2_m: 3.354, Yaw_err_deg: 11.157
Epoch: [1/23], Batch: 1030/2963, Loss: 2433.431, Trans_L2_m: 3.928, Yaw_err_deg: 11.500
Epoch: [1/23], Batch: 1040/2963, Loss: 1680.237, Trans_L2_m: 1.435, Yaw_err_deg: 13.155
Epoch: [1/23], Batch: 1050/2963, Loss: 1788.987, Trans_L2_m: 2.338, Yaw_err_deg: 11.209
Epoch: [1/23], Batch: 1060/2963, Loss: 2125.993, Trans_L2_m: 2.702, Yaw_err_deg: 12.329
Epoch: [1/23], Batch: 1070/2963, Loss: 2339.629, Trans_L2_m: 3.539, Yaw_err_deg: 11.139
Epoch: [1/23], Batch: 1080/2963, Loss: 1980.101, Trans_L2_m: 2.836, Yaw_err_deg: 10.763
Epoch: [1/23], Batch: 1090/2963, Loss: 1337.749, Trans_L2_m: 2.255, Yaw_err_deg: 9.323
Epoch: [1/23], Batch: 1100/2963, Loss: 1723.224, Trans_L2_m: 3.107, Yaw_err_deg: 8.949
Epoch: [1/23], Batch: 1110/2963, Loss: 1621.743, Trans_L2_m: 2.506, Yaw_err_deg: 8.806
Epoch: [1/23], Batch: 1120/2963, Loss: 2303.597, Trans_L2_m: 3.827, Yaw_err_deg: 12.178
Epoch: [1/23], Batch: 1130/2963, Loss: 1436.512, Trans_L2_m: 2.162, Yaw_err_deg: 8.812
Epoch: [1/23], Batch: 1140/2963, Loss: 2353.639, Trans_L2_m: 2.631, Yaw_err_deg: 14.415
Epoch: [1/23], Batch: 1150/2963, Loss: 1940.839, Trans_L2_m: 2.880, Yaw_err_deg: 8.375
Epoch: [1/23], Batch: 1160/2963, Loss: 1819.407, Trans_L2_m: 2.664, Yaw_err_deg: 11.318
Epoch: [1/23], Batch: 1170/2963, Loss: 1848.440, Trans_L2_m: 2.281, Yaw_err_deg: 10.525
Epoch: [1/23], Batch: 1180/2963, Loss: 1872.158, Trans_L2_m: 2.486, Yaw_err_deg: 10.251
Epoch: [1/23], Batch: 1190/2963, Loss: 1685.704, Trans_L2_m: 2.259, Yaw_err_deg: 8.225
Epoch: [1/23], Batch: 1200/2963, Loss: 1645.715, Trans_L2_m: 2.010, Yaw_err_deg: 11.400
Epoch: [1/23], Batch: 1210/2963, Loss: 1420.161, Trans_L2_m: 1.754, Yaw_err_deg: 7.828
Epoch: [1/23], Batch: 1220/2963, Loss: 1386.757, Trans_L2_m: 2.004, Yaw_err_deg: 7.848
Epoch: [1/23], Batch: 1230/2963, Loss: 1313.921, Trans_L2_m: 2.095, Yaw_err_deg: 7.956
Epoch: [1/23], Batch: 1240/2963, Loss: 1581.754, Trans_L2_m: 1.939, Yaw_err_deg: 9.155
Epoch: [1/23], Batch: 1250/2963, Loss: 1575.761, Trans_L2_m: 2.191, Yaw_err_deg: 8.845
Epoch: [1/23], Batch: 1260/2963, Loss: 1851.198, Trans_L2_m: 2.583, Yaw_err_deg: 10.424
Epoch: [1/23], Batch: 1270/2963, Loss: 1264.951, Trans_L2_m: 1.469, Yaw_err_deg: 8.941
Epoch: [1/23], Batch: 1280/2963, Loss: 1975.254, Trans_L2_m: 1.960, Yaw_err_deg: 13.200
Epoch: [1/23], Batch: 1290/2963, Loss: 1511.866, Trans_L2_m: 1.844, Yaw_err_deg: 9.770
Epoch: [1/23], Batch: 1300/2963, Loss: 1506.466, Trans_L2_m: 1.664, Yaw_err_deg: 9.126
Epoch: [1/23], Batch: 1310/2963, Loss: 1675.422, Trans_L2_m: 2.039, Yaw_err_deg: 9.905
Epoch: [1/23], Batch: 1320/2963, Loss: 1574.817, Trans_L2_m: 1.508, Yaw_err_deg: 9.965
Epoch: [1/23], Batch: 1330/2963, Loss: 1834.654, Trans_L2_m: 1.843, Yaw_err_deg: 11.288
Epoch: [1/23], Batch: 1340/2963, Loss: 1775.292, Trans_L2_m: 2.123, Yaw_err_deg: 8.833
Epoch: [1/23], Batch: 1350/2963, Loss: 1241.512, Trans_L2_m: 1.728, Yaw_err_deg: 7.661
Epoch: [1/23], Batch: 1360/2963, Loss: 1211.724, Trans_L2_m: 1.612, Yaw_err_deg: 7.336
Epoch: [1/23], Batch: 1370/2963, Loss: 1731.318, Trans_L2_m: 1.510, Yaw_err_deg: 11.992
Epoch: [1/23], Batch: 1380/2963, Loss: 2165.964, Trans_L2_m: 1.496, Yaw_err_deg: 13.196
Epoch: [1/23], Batch: 1390/2963, Loss: 1180.880, Trans_L2_m: 1.349, Yaw_err_deg: 9.291
Epoch: [1/23], Batch: 1400/2963, Loss: 1298.941, Trans_L2_m: 1.304, Yaw_err_deg: 8.493
Epoch: [1/23], Batch: 1410/2963, Loss: 1544.062, Trans_L2_m: 1.599, Yaw_err_deg: 9.947
Epoch: [1/23], Batch: 1420/2963, Loss: 1498.759, Trans_L2_m: 1.489, Yaw_err_deg: 9.133
Epoch: [1/23], Batch: 1430/2963, Loss: 1850.817, Trans_L2_m: 1.867, Yaw_err_deg: 11.789
Epoch: [1/23], Batch: 1440/2963, Loss: 1829.881, Trans_L2_m: 2.026, Yaw_err_deg: 11.532
Epoch: [1/23], Batch: 1450/2963, Loss: 1500.406, Trans_L2_m: 1.995, Yaw_err_deg: 10.783
Epoch: [1/23], Batch: 1460/2963, Loss: 1225.828, Trans_L2_m: 1.456, Yaw_err_deg: 8.883
Epoch: [1/23], Batch: 1470/2963, Loss: 1427.045, Trans_L2_m: 1.628, Yaw_err_deg: 9.008
Epoch: [1/23], Batch: 1480/2963, Loss: 1852.290, Trans_L2_m: 1.482, Yaw_err_deg: 12.241
Epoch: [1/23], Batch: 1490/2963, Loss: 1224.562, Trans_L2_m: 1.127, Yaw_err_deg: 7.209
Epoch: [1/23], Batch: 1500/2963, Loss: 1545.328, Trans_L2_m: 1.595, Yaw_err_deg: 9.351
Epoch: [1/23], Batch: 1510/2963, Loss: 1380.052, Trans_L2_m: 1.381, Yaw_err_deg: 8.761
Epoch: [1/23], Batch: 1520/2963, Loss: 1587.691, Trans_L2_m: 1.771, Yaw_err_deg: 10.685
Epoch: [1/23], Batch: 1530/2963, Loss: 1509.250, Trans_L2_m: 1.478, Yaw_err_deg: 9.663
Epoch: [1/23], Batch: 1540/2963, Loss: 1815.097, Trans_L2_m: 2.178, Yaw_err_deg: 10.051
Epoch: [1/23], Batch: 1550/2963, Loss: 1079.971, Trans_L2_m: 1.737, Yaw_err_deg: 7.379
Epoch: [1/23], Batch: 1560/2963, Loss: 1405.868, Trans_L2_m: 1.441, Yaw_err_deg: 7.930
Epoch: [1/23], Batch: 1570/2963, Loss: 1823.635, Trans_L2_m: 1.952, Yaw_err_deg: 11.528
Epoch: [1/23], Batch: 1580/2963, Loss: 1494.893, Trans_L2_m: 1.584, Yaw_err_deg: 11.212
Epoch: [1/23], Batch: 1590/2963, Loss: 1439.141, Trans_L2_m: 1.273, Yaw_err_deg: 9.406
Epoch: [1/23], Batch: 1600/2963, Loss: 1494.181, Trans_L2_m: 1.596, Yaw_err_deg: 10.351
Epoch: [1/23], Batch: 1610/2963, Loss: 1274.004, Trans_L2_m: 1.574, Yaw_err_deg: 9.509
Epoch: [1/23], Batch: 1620/2963, Loss: 1819.242, Trans_L2_m: 1.307, Yaw_err_deg: 12.544
Epoch: [1/23], Batch: 1630/2963, Loss: 1559.230, Trans_L2_m: 1.433, Yaw_err_deg: 10.748
Epoch: [1/23], Batch: 1640/2963, Loss: 1287.537, Trans_L2_m: 1.643, Yaw_err_deg: 9.433
Epoch: [1/23], Batch: 1650/2963, Loss: 1702.119, Trans_L2_m: 1.381, Yaw_err_deg: 11.863
Epoch: [1/23], Batch: 1660/2963, Loss: 1494.001, Trans_L2_m: 1.267, Yaw_err_deg: 10.996
Epoch: [1/23], Batch: 1670/2963, Loss: 1260.779, Trans_L2_m: 1.968, Yaw_err_deg: 10.058
Epoch: [1/23], Batch: 1680/2963, Loss: 1257.159, Trans_L2_m: 1.272, Yaw_err_deg: 9.869
Epoch: [1/23], Batch: 1690/2963, Loss: 1253.252, Trans_L2_m: 1.254, Yaw_err_deg: 8.013
Epoch: [1/23], Batch: 1700/2963, Loss: 1493.951, Trans_L2_m: 1.458, Yaw_err_deg: 11.228
Epoch: [1/23], Batch: 1710/2963, Loss: 1350.262, Trans_L2_m: 1.113, Yaw_err_deg: 9.341
Epoch: [1/23], Batch: 1720/2963, Loss: 1073.657, Trans_L2_m: 1.712, Yaw_err_deg: 7.673
Epoch: [1/23], Batch: 1730/2963, Loss: 1163.345, Trans_L2_m: 1.673, Yaw_err_deg: 7.543
Epoch: [1/23], Batch: 1740/2963, Loss: 1456.775, Trans_L2_m: 1.443, Yaw_err_deg: 10.016
Epoch: [1/23], Batch: 1750/2963, Loss: 1713.149, Trans_L2_m: 1.589, Yaw_err_deg: 12.699
Epoch: [1/23], Batch: 1760/2963, Loss: 1363.022, Trans_L2_m: 1.767, Yaw_err_deg: 9.623
Epoch: [1/23], Batch: 1770/2963, Loss: 1815.495, Trans_L2_m: 1.794, Yaw_err_deg: 13.710
Epoch: [1/23], Batch: 1780/2963, Loss: 1208.382, Trans_L2_m: 1.203, Yaw_err_deg: 7.843
Epoch: [1/23], Batch: 1790/2963, Loss: 1334.990, Trans_L2_m: 0.918, Yaw_err_deg: 9.962
Epoch: [1/23], Batch: 1800/2963, Loss: 1290.836, Trans_L2_m: 1.643, Yaw_err_deg: 9.323
Epoch: [1/23], Batch: 1810/2963, Loss: 1230.960, Trans_L2_m: 1.088, Yaw_err_deg: 9.174
Epoch: [1/23], Batch: 1820/2963, Loss: 1537.397, Trans_L2_m: 1.212, Yaw_err_deg: 10.705
Epoch: [1/23], Batch: 1830/2963, Loss: 1011.087, Trans_L2_m: 1.775, Yaw_err_deg: 8.391
Epoch: [1/23], Batch: 1840/2963, Loss: 1235.186, Trans_L2_m: 1.486, Yaw_err_deg: 7.998
Epoch: [1/23], Batch: 1850/2963, Loss: 1298.911, Trans_L2_m: 1.546, Yaw_err_deg: 9.186
Epoch: [1/23], Batch: 1860/2963, Loss: 1120.487, Trans_L2_m: 1.442, Yaw_err_deg: 7.877
Epoch: [1/23], Batch: 1870/2963, Loss: 797.109, Trans_L2_m: 1.264, Yaw_err_deg: 6.376
Epoch: [1/23], Batch: 1880/2963, Loss: 1332.476, Trans_L2_m: 1.058, Yaw_err_deg: 10.440
Epoch: [1/23], Batch: 1890/2963, Loss: 1285.112, Trans_L2_m: 0.999, Yaw_err_deg: 8.939
Epoch: [1/23], Batch: 1900/2963, Loss: 1234.485, Trans_L2_m: 1.211, Yaw_err_deg: 9.913
Epoch: [1/23], Batch: 1910/2963, Loss: 1477.311, Trans_L2_m: 0.958, Yaw_err_deg: 11.610
Epoch: [1/23], Batch: 1920/2963, Loss: 1331.277, Trans_L2_m: 1.335, Yaw_err_deg: 9.964
Epoch: [1/23], Batch: 1930/2963, Loss: 1394.230, Trans_L2_m: 1.456, Yaw_err_deg: 9.518
Epoch: [1/23], Batch: 1940/2963, Loss: 1071.739, Trans_L2_m: 1.193, Yaw_err_deg: 9.805
Epoch: [1/23], Batch: 1950/2963, Loss: 1373.856, Trans_L2_m: 2.181, Yaw_err_deg: 10.525
Epoch: [1/23], Batch: 1960/2963, Loss: 1611.611, Trans_L2_m: 1.263, Yaw_err_deg: 11.121
Epoch: [1/23], Batch: 1970/2963, Loss: 1593.402, Trans_L2_m: 0.943, Yaw_err_deg: 11.296
Epoch: [1/23], Batch: 1980/2963, Loss: 1225.372, Trans_L2_m: 1.295, Yaw_err_deg: 8.950
Epoch: [1/23], Batch: 1990/2963, Loss: 1145.947, Trans_L2_m: 1.707, Yaw_err_deg: 8.696
Epoch: [1/23], Batch: 2000/2963, Loss: 1463.921, Trans_L2_m: 1.334, Yaw_err_deg: 11.276
Epoch: [1/23], Batch: 2010/2963, Loss: 1694.831, Trans_L2_m: 1.685, Yaw_err_deg: 9.138
Epoch: [1/23], Batch: 2020/2963, Loss: 1115.120, Trans_L2_m: 1.560, Yaw_err_deg: 7.840
Epoch: [1/23], Batch: 2030/2963, Loss: 1222.654, Trans_L2_m: 1.201, Yaw_err_deg: 9.287
Epoch: [1/23], Batch: 2040/2963, Loss: 1252.492, Trans_L2_m: 1.359, Yaw_err_deg: 8.825
Epoch: [1/23], Batch: 2050/2963, Loss: 1040.144, Trans_L2_m: 1.603, Yaw_err_deg: 8.367
Epoch: [1/23], Batch: 2060/2963, Loss: 973.000, Trans_L2_m: 1.538, Yaw_err_deg: 7.995
Epoch: [1/23], Batch: 2070/2963, Loss: 1238.672, Trans_L2_m: 1.378, Yaw_err_deg: 9.387
Epoch: [1/23], Batch: 2080/2963, Loss: 1747.037, Trans_L2_m: 2.259, Yaw_err_deg: 12.062
Epoch: [1/23], Batch: 2090/2963, Loss: 954.371, Trans_L2_m: 1.355, Yaw_err_deg: 6.386
Epoch: [1/23], Batch: 2100/2963, Loss: 1344.885, Trans_L2_m: 1.448, Yaw_err_deg: 9.736
Epoch: [1/23], Batch: 2110/2963, Loss: 1302.110, Trans_L2_m: 1.468, Yaw_err_deg: 10.207
Epoch: [1/23], Batch: 2120/2963, Loss: 1291.232, Trans_L2_m: 1.715, Yaw_err_deg: 9.715
Epoch: [1/23], Batch: 2130/2963, Loss: 1277.802, Trans_L2_m: 1.530, Yaw_err_deg: 9.622
Epoch: [1/23], Batch: 2140/2963, Loss: 1257.652, Trans_L2_m: 1.014, Yaw_err_deg: 9.802
Epoch: [1/23], Batch: 2150/2963, Loss: 1278.231, Trans_L2_m: 1.446, Yaw_err_deg: 8.171
Epoch: [1/23], Batch: 2160/2963, Loss: 1073.022, Trans_L2_m: 1.353, Yaw_err_deg: 8.570
Epoch: [1/23], Batch: 2170/2963, Loss: 1270.013, Trans_L2_m: 2.220, Yaw_err_deg: 9.429
Epoch: [1/23], Batch: 2180/2963, Loss: 1032.668, Trans_L2_m: 1.552, Yaw_err_deg: 7.542
Epoch: [1/23], Batch: 2190/2963, Loss: 862.559, Trans_L2_m: 1.276, Yaw_err_deg: 6.428
Epoch: [1/23], Batch: 2200/2963, Loss: 1269.538, Trans_L2_m: 1.175, Yaw_err_deg: 9.154
Epoch: [1/23], Batch: 2210/2963, Loss: 1393.222, Trans_L2_m: 1.243, Yaw_err_deg: 10.446
Epoch: [1/23], Batch: 2220/2963, Loss: 971.309, Trans_L2_m: 1.268, Yaw_err_deg: 7.278
Epoch: [1/23], Batch: 2230/2963, Loss: 927.345, Trans_L2_m: 1.399, Yaw_err_deg: 7.085
Epoch: [1/23], Batch: 2240/2963, Loss: 1173.774, Trans_L2_m: 1.422, Yaw_err_deg: 8.667
Epoch: [1/23], Batch: 2250/2963, Loss: 1022.277, Trans_L2_m: 1.537, Yaw_err_deg: 7.547
Epoch: [1/23], Batch: 2260/2963, Loss: 1174.912, Trans_L2_m: 0.972, Yaw_err_deg: 10.632
Epoch: [1/23], Batch: 2270/2963, Loss: 1180.612, Trans_L2_m: 2.389, Yaw_err_deg: 8.650
Epoch: [1/23], Batch: 2280/2963, Loss: 1105.088, Trans_L2_m: 1.647, Yaw_err_deg: 8.103
Epoch: [1/23], Batch: 2290/2963, Loss: 1442.616, Trans_L2_m: 1.381, Yaw_err_deg: 10.207
Epoch: [1/23], Batch: 2300/2963, Loss: 1213.708, Trans_L2_m: 1.668, Yaw_err_deg: 9.795
Epoch: [1/23], Batch: 2310/2963, Loss: 1461.270, Trans_L2_m: 1.394, Yaw_err_deg: 11.005
Epoch: [1/23], Batch: 2320/2963, Loss: 1434.444, Trans_L2_m: 1.206, Yaw_err_deg: 10.311
Epoch: [1/23], Batch: 2330/2963, Loss: 947.969, Trans_L2_m: 1.538, Yaw_err_deg: 6.605
Epoch: [1/23], Batch: 2340/2963, Loss: 1249.424, Trans_L2_m: 1.107, Yaw_err_deg: 9.725
Epoch: [1/23], Batch: 2350/2963, Loss: 910.886, Trans_L2_m: 1.057, Yaw_err_deg: 7.963
Epoch: [1/23], Batch: 2360/2963, Loss: 1395.500, Trans_L2_m: 1.813, Yaw_err_deg: 8.908
Epoch: [1/23], Batch: 2370/2963, Loss: 877.585, Trans_L2_m: 1.476, Yaw_err_deg: 8.817
Epoch: [1/23], Batch: 2380/2963, Loss: 919.598, Trans_L2_m: 1.717, Yaw_err_deg: 7.544
Epoch: [1/23], Batch: 2390/2963, Loss: 982.461, Trans_L2_m: 1.295, Yaw_err_deg: 7.625
Epoch: [1/23], Batch: 2400/2963, Loss: 900.003, Trans_L2_m: 1.138, Yaw_err_deg: 5.929
Epoch: [1/23], Batch: 2410/2963, Loss: 1340.186, Trans_L2_m: 1.534, Yaw_err_deg: 10.686
Epoch: [1/23], Batch: 2420/2963, Loss: 919.647, Trans_L2_m: 2.153, Yaw_err_deg: 7.213
Epoch: [1/23], Batch: 2430/2963, Loss: 1128.463, Trans_L2_m: 1.287, Yaw_err_deg: 7.706
Epoch: [1/23], Batch: 2440/2963, Loss: 1302.360, Trans_L2_m: 1.484, Yaw_err_deg: 8.351
Epoch: [1/23], Batch: 2450/2963, Loss: 1170.444, Trans_L2_m: 1.400, Yaw_err_deg: 8.222
Epoch: [1/23], Batch: 2460/2963, Loss: 1449.922, Trans_L2_m: 1.997, Yaw_err_deg: 11.379
Epoch: [1/23], Batch: 2470/2963, Loss: 1008.224, Trans_L2_m: 1.034, Yaw_err_deg: 8.173
Epoch: [1/23], Batch: 2480/2963, Loss: 1415.212, Trans_L2_m: 1.702, Yaw_err_deg: 8.035
Epoch: [1/23], Batch: 2490/2963, Loss: 1058.573, Trans_L2_m: 1.239, Yaw_err_deg: 8.438
Epoch: [1/23], Batch: 2500/2963, Loss: 827.732, Trans_L2_m: 1.027, Yaw_err_deg: 7.890
Epoch: [1/23], Batch: 2510/2963, Loss: 1163.254, Trans_L2_m: 1.812, Yaw_err_deg: 6.049
Epoch: [1/23], Batch: 2520/2963, Loss: 1210.970, Trans_L2_m: 1.429, Yaw_err_deg: 9.338
Epoch: [1/23], Batch: 2530/2963, Loss: 1056.319, Trans_L2_m: 1.533, Yaw_err_deg: 7.662
Epoch: [1/23], Batch: 2540/2963, Loss: 1298.391, Trans_L2_m: 1.549, Yaw_err_deg: 8.150
Epoch: [1/23], Batch: 2550/2963, Loss: 1036.575, Trans_L2_m: 1.086, Yaw_err_deg: 8.435
Epoch: [1/23], Batch: 2560/2963, Loss: 1013.964, Trans_L2_m: 1.555, Yaw_err_deg: 7.449
Epoch: [1/23], Batch: 2570/2963, Loss: 659.717, Trans_L2_m: 1.524, Yaw_err_deg: 5.630
Epoch: [1/23], Batch: 2580/2963, Loss: 904.163, Trans_L2_m: 1.319, Yaw_err_deg: 5.862
Epoch: [1/23], Batch: 2590/2963, Loss: 1184.125, Trans_L2_m: 1.373, Yaw_err_deg: 10.484
Epoch: [1/23], Batch: 2600/2963, Loss: 763.173, Trans_L2_m: 1.380, Yaw_err_deg: 5.418
Epoch: [1/23], Batch: 2610/2963, Loss: 737.696, Trans_L2_m: 0.918, Yaw_err_deg: 5.495
Epoch: [1/23], Batch: 2620/2963, Loss: 783.366, Trans_L2_m: 0.892, Yaw_err_deg: 6.878
Epoch: [1/23], Batch: 2630/2963, Loss: 1207.714, Trans_L2_m: 1.507, Yaw_err_deg: 9.388
Epoch: [1/23], Batch: 2640/2963, Loss: 921.648, Trans_L2_m: 2.129, Yaw_err_deg: 7.393
Epoch: [1/23], Batch: 2650/2963, Loss: 873.023, Trans_L2_m: 1.342, Yaw_err_deg: 7.023
Epoch: [1/23], Batch: 2660/2963, Loss: 900.939, Trans_L2_m: 1.091, Yaw_err_deg: 7.403
Epoch: [1/23], Batch: 2670/2963, Loss: 814.927, Trans_L2_m: 1.278, Yaw_err_deg: 7.165
Epoch: [1/23], Batch: 2680/2963, Loss: 1052.143, Trans_L2_m: 1.367, Yaw_err_deg: 6.823
Epoch: [1/23], Batch: 2690/2963, Loss: 882.292, Trans_L2_m: 1.495, Yaw_err_deg: 6.475
Epoch: [1/23], Batch: 2700/2963, Loss: 1027.852, Trans_L2_m: 1.190, Yaw_err_deg: 7.351
Epoch: [1/23], Batch: 2710/2963, Loss: 1215.409, Trans_L2_m: 1.168, Yaw_err_deg: 9.814
Epoch: [1/23], Batch: 2720/2963, Loss: 1099.849, Trans_L2_m: 1.376, Yaw_err_deg: 8.774
Epoch: [1/23], Batch: 2730/2963, Loss: 1242.065, Trans_L2_m: 1.402, Yaw_err_deg: 9.112
Epoch: [1/23], Batch: 2740/2963, Loss: 1040.837, Trans_L2_m: 1.307, Yaw_err_deg: 7.646
Epoch: [1/23], Batch: 2750/2963, Loss: 1111.873, Trans_L2_m: 1.241, Yaw_err_deg: 9.904
Epoch: [1/23], Batch: 2760/2963, Loss: 771.610, Trans_L2_m: 1.253, Yaw_err_deg: 5.737
Epoch: [1/23], Batch: 2770/2963, Loss: 908.069, Trans_L2_m: 1.170, Yaw_err_deg: 7.392
Epoch: [1/23], Batch: 2780/2963, Loss: 1029.219, Trans_L2_m: 1.382, Yaw_err_deg: 6.520
Epoch: [1/23], Batch: 2790/2963, Loss: 1085.919, Trans_L2_m: 1.102, Yaw_err_deg: 7.803
Epoch: [1/23], Batch: 2800/2963, Loss: 1350.141, Trans_L2_m: 1.026, Yaw_err_deg: 10.654
Epoch: [1/23], Batch: 2810/2963, Loss: 708.009, Trans_L2_m: 1.202, Yaw_err_deg: 5.847
Epoch: [1/23], Batch: 2820/2963, Loss: 882.431, Trans_L2_m: 1.677, Yaw_err_deg: 7.058
Epoch: [1/23], Batch: 2830/2963, Loss: 1095.012, Trans_L2_m: 0.864, Yaw_err_deg: 7.875
Epoch: [1/23], Batch: 2840/2963, Loss: 1157.233, Trans_L2_m: 0.937, Yaw_err_deg: 9.194
Epoch: [1/23], Batch: 2850/2963, Loss: 889.084, Trans_L2_m: 1.613, Yaw_err_deg: 6.248
Epoch: [1/23], Batch: 2860/2963, Loss: 1064.831, Trans_L2_m: 1.093, Yaw_err_deg: 7.596
Epoch: [1/23], Batch: 2870/2963, Loss: 1783.455, Trans_L2_m: 1.828, Yaw_err_deg: 8.119
Epoch: [1/23], Batch: 2880/2963, Loss: 1522.282, Trans_L2_m: 1.221, Yaw_err_deg: 11.045
Epoch: [1/23], Batch: 2890/2963, Loss: 1035.910, Trans_L2_m: 2.046, Yaw_err_deg: 8.038
Epoch: [1/23], Batch: 2900/2963, Loss: 984.453, Trans_L2_m: 1.225, Yaw_err_deg: 7.705
Epoch: [1/23], Batch: 2910/2963, Loss: 894.932, Trans_L2_m: 1.413, Yaw_err_deg: 7.183
Epoch: [1/23], Batch: 2920/2963, Loss: 936.737, Trans_L2_m: 1.159, Yaw_err_deg: 6.226
Epoch: [1/23], Batch: 2930/2963, Loss: 837.816, Trans_L2_m: 1.360, Yaw_err_deg: 7.319
Epoch: [1/23], Batch: 2940/2963, Loss: 1063.829, Trans_L2_m: 1.317, Yaw_err_deg: 8.577
Epoch: [1/23], Batch: 2950/2963, Loss: 1227.303, Trans_L2_m: 1.096, Yaw_err_deg: 9.524
Epoch: [1/23], Batch: 2960/2963, Loss: 987.946, Trans_L2_m: 1.438, Yaw_err_deg: 7.608
Validation loss (homography): 2131.8107
Avg batch time: 1047.81 ms, total: 343.012 s
[1;94mSave the best of 2131.810546875, at checkpoints/2025_12_28_23_36_00_best_checkpoint_zod.pth[0m
Epoch: [2/23], Batch: 0/2963, Loss: 965.271, Trans_L2_m: 1.272, Yaw_err_deg: 7.836
Epoch: [2/23], Batch: 10/2963, Loss: 859.602, Trans_L2_m: 1.529, Yaw_err_deg: 6.898
Epoch: [2/23], Batch: 20/2963, Loss: 1144.053, Trans_L2_m: 1.818, Yaw_err_deg: 8.472
Epoch: [2/23], Batch: 30/2963, Loss: 909.641, Trans_L2_m: 1.207, Yaw_err_deg: 8.059
Epoch: [2/23], Batch: 40/2963, Loss: 972.768, Trans_L2_m: 1.237, Yaw_err_deg: 9.493
Epoch: [2/23], Batch: 50/2963, Loss: 960.300, Trans_L2_m: 1.178, Yaw_err_deg: 8.463
Epoch: [2/23], Batch: 60/2963, Loss: 730.743, Trans_L2_m: 1.585, Yaw_err_deg: 6.429
Epoch: [2/23], Batch: 70/2963, Loss: 696.815, Trans_L2_m: 1.025, Yaw_err_deg: 6.716
Epoch: [2/23], Batch: 80/2963, Loss: 817.754, Trans_L2_m: 1.028, Yaw_err_deg: 7.484
Epoch: [2/23], Batch: 90/2963, Loss: 1065.925, Trans_L2_m: 1.350, Yaw_err_deg: 8.797
Epoch: [2/23], Batch: 100/2963, Loss: 670.777, Trans_L2_m: 0.939, Yaw_err_deg: 6.436
Epoch: [2/23], Batch: 110/2963, Loss: 1151.761, Trans_L2_m: 1.259, Yaw_err_deg: 8.525
Epoch: [2/23], Batch: 120/2963, Loss: 857.802, Trans_L2_m: 1.225, Yaw_err_deg: 7.497
Epoch: [2/23], Batch: 130/2963, Loss: 700.582, Trans_L2_m: 1.434, Yaw_err_deg: 6.474
Epoch: [2/23], Batch: 140/2963, Loss: 1080.282, Trans_L2_m: 1.151, Yaw_err_deg: 9.091
Epoch: [2/23], Batch: 150/2963, Loss: 919.503, Trans_L2_m: 0.975, Yaw_err_deg: 7.908
Epoch: [2/23], Batch: 160/2963, Loss: 619.744, Trans_L2_m: 1.342, Yaw_err_deg: 4.684
Epoch: [2/23], Batch: 170/2963, Loss: 809.764, Trans_L2_m: 1.504, Yaw_err_deg: 5.884
Epoch: [2/23], Batch: 180/2963, Loss: 971.319, Trans_L2_m: 1.385, Yaw_err_deg: 7.299
Epoch: [2/23], Batch: 190/2963, Loss: 939.638, Trans_L2_m: 1.150, Yaw_err_deg: 8.345
Epoch: [2/23], Batch: 200/2963, Loss: 973.878, Trans_L2_m: 1.350, Yaw_err_deg: 8.634
Epoch: [2/23], Batch: 210/2963, Loss: 810.831, Trans_L2_m: 1.213, Yaw_err_deg: 6.720
Epoch: [2/23], Batch: 220/2963, Loss: 846.826, Trans_L2_m: 1.820, Yaw_err_deg: 6.313
Epoch: [2/23], Batch: 230/2963, Loss: 654.275, Trans_L2_m: 1.135, Yaw_err_deg: 5.134
Epoch: [2/23], Batch: 240/2963, Loss: 913.932, Trans_L2_m: 1.060, Yaw_err_deg: 8.550
Epoch: [2/23], Batch: 250/2963, Loss: 1288.957, Trans_L2_m: 1.188, Yaw_err_deg: 9.769
Epoch: [2/23], Batch: 260/2963, Loss: 644.172, Trans_L2_m: 1.342, Yaw_err_deg: 6.476
Epoch: [2/23], Batch: 270/2963, Loss: 788.678, Trans_L2_m: 1.473, Yaw_err_deg: 8.092
Epoch: [2/23], Batch: 280/2963, Loss: 709.482, Trans_L2_m: 1.776, Yaw_err_deg: 5.344
Epoch: [2/23], Batch: 290/2963, Loss: 713.357, Trans_L2_m: 1.184, Yaw_err_deg: 6.169
Epoch: [2/23], Batch: 300/2963, Loss: 936.531, Trans_L2_m: 1.369, Yaw_err_deg: 9.283
Epoch: [2/23], Batch: 310/2963, Loss: 687.832, Trans_L2_m: 1.403, Yaw_err_deg: 6.481
Epoch: [2/23], Batch: 320/2963, Loss: 755.815, Trans_L2_m: 1.240, Yaw_err_deg: 6.590
Epoch: [2/23], Batch: 330/2963, Loss: 775.188, Trans_L2_m: 1.201, Yaw_err_deg: 7.060
Epoch: [2/23], Batch: 340/2963, Loss: 675.039, Trans_L2_m: 1.068, Yaw_err_deg: 5.995
Epoch: [2/23], Batch: 350/2963, Loss: 1026.465, Trans_L2_m: 1.240, Yaw_err_deg: 8.617
Epoch: [2/23], Batch: 360/2963, Loss: 504.299, Trans_L2_m: 1.074, Yaw_err_deg: 4.862
Epoch: [2/23], Batch: 370/2963, Loss: 768.459, Trans_L2_m: 0.991, Yaw_err_deg: 7.265
Epoch: [2/23], Batch: 380/2963, Loss: 1119.005, Trans_L2_m: 1.400, Yaw_err_deg: 9.016
Epoch: [2/23], Batch: 390/2963, Loss: 960.984, Trans_L2_m: 1.186, Yaw_err_deg: 8.604
Epoch: [2/23], Batch: 400/2963, Loss: 510.244, Trans_L2_m: 1.399, Yaw_err_deg: 4.175
Epoch: [2/23], Batch: 410/2963, Loss: 660.915, Trans_L2_m: 1.294, Yaw_err_deg: 6.210
Epoch: [2/23], Batch: 420/2963, Loss: 1051.016, Trans_L2_m: 1.010, Yaw_err_deg: 8.338
Epoch: [2/23], Batch: 430/2963, Loss: 1261.743, Trans_L2_m: 1.295, Yaw_err_deg: 11.338
Epoch: [2/23], Batch: 440/2963, Loss: 860.577, Trans_L2_m: 1.641, Yaw_err_deg: 7.853
Epoch: [2/23], Batch: 450/2963, Loss: 577.828, Trans_L2_m: 1.750, Yaw_err_deg: 5.117
Epoch: [2/23], Batch: 460/2963, Loss: 464.638, Trans_L2_m: 1.342, Yaw_err_deg: 5.605
Epoch: [2/23], Batch: 470/2963, Loss: 817.640, Trans_L2_m: 1.200, Yaw_err_deg: 7.798
Epoch: [2/23], Batch: 480/2963, Loss: 735.701, Trans_L2_m: 1.097, Yaw_err_deg: 5.521
Epoch: [2/23], Batch: 490/2963, Loss: 896.431, Trans_L2_m: 1.478, Yaw_err_deg: 8.209
Epoch: [2/23], Batch: 500/2963, Loss: 1177.984, Trans_L2_m: 0.972, Yaw_err_deg: 10.005
Epoch: [2/23], Batch: 510/2963, Loss: 916.528, Trans_L2_m: 1.380, Yaw_err_deg: 8.268
Epoch: [2/23], Batch: 520/2963, Loss: 986.449, Trans_L2_m: 1.397, Yaw_err_deg: 9.629
Epoch: [2/23], Batch: 530/2963, Loss: 463.447, Trans_L2_m: 1.433, Yaw_err_deg: 4.141
Epoch: [2/23], Batch: 540/2963, Loss: 855.480, Trans_L2_m: 1.595, Yaw_err_deg: 6.463
Epoch: [2/23], Batch: 550/2963, Loss: 716.568, Trans_L2_m: 1.153, Yaw_err_deg: 8.515
Epoch: [2/23], Batch: 560/2963, Loss: 821.595, Trans_L2_m: 0.976, Yaw_err_deg: 7.291
Epoch: [2/23], Batch: 570/2963, Loss: 769.608, Trans_L2_m: 1.366, Yaw_err_deg: 6.077
Epoch: [2/23], Batch: 580/2963, Loss: 997.914, Trans_L2_m: 0.916, Yaw_err_deg: 9.147
Epoch: [2/23], Batch: 590/2963, Loss: 704.319, Trans_L2_m: 1.024, Yaw_err_deg: 8.032
Epoch: [2/23], Batch: 600/2963, Loss: 503.223, Trans_L2_m: 0.970, Yaw_err_deg: 5.562
Epoch: [2/23], Batch: 610/2963, Loss: 568.117, Trans_L2_m: 0.885, Yaw_err_deg: 6.073
Epoch: [2/23], Batch: 620/2963, Loss: 699.464, Trans_L2_m: 1.251, Yaw_err_deg: 6.021
Epoch: [2/23], Batch: 630/2963, Loss: 400.988, Trans_L2_m: 1.267, Yaw_err_deg: 4.497
Epoch: [2/23], Batch: 640/2963, Loss: 799.488, Trans_L2_m: 1.266, Yaw_err_deg: 6.414
Epoch: [2/23], Batch: 650/2963, Loss: 789.082, Trans_L2_m: 1.120, Yaw_err_deg: 7.236
Epoch: [2/23], Batch: 660/2963, Loss: 718.663, Trans_L2_m: 1.287, Yaw_err_deg: 7.559
Epoch: [2/23], Batch: 670/2963, Loss: 983.999, Trans_L2_m: 1.272, Yaw_err_deg: 8.363
Epoch: [2/23], Batch: 680/2963, Loss: 676.775, Trans_L2_m: 1.593, Yaw_err_deg: 6.498
Epoch: [2/23], Batch: 690/2963, Loss: 763.407, Trans_L2_m: 1.636, Yaw_err_deg: 6.184
Epoch: [2/23], Batch: 700/2963, Loss: 589.578, Trans_L2_m: 1.273, Yaw_err_deg: 6.503
Epoch: [2/23], Batch: 710/2963, Loss: 679.025, Trans_L2_m: 0.861, Yaw_err_deg: 7.027
Epoch: [2/23], Batch: 720/2963, Loss: 540.862, Trans_L2_m: 1.648, Yaw_err_deg: 5.144
Epoch: [2/23], Batch: 730/2963, Loss: 697.794, Trans_L2_m: 1.149, Yaw_err_deg: 6.433
Epoch: [2/23], Batch: 740/2963, Loss: 826.603, Trans_L2_m: 1.895, Yaw_err_deg: 8.200
Epoch: [2/23], Batch: 750/2963, Loss: 931.764, Trans_L2_m: 0.954, Yaw_err_deg: 8.040
Epoch: [2/23], Batch: 760/2963, Loss: 769.875, Trans_L2_m: 1.269, Yaw_err_deg: 6.250
Epoch: [2/23], Batch: 770/2963, Loss: 718.516, Trans_L2_m: 1.369, Yaw_err_deg: 5.284
Epoch: [2/23], Batch: 780/2963, Loss: 579.225, Trans_L2_m: 0.980, Yaw_err_deg: 6.630
Epoch: [2/23], Batch: 790/2963, Loss: 689.484, Trans_L2_m: 0.866, Yaw_err_deg: 7.277
Epoch: [2/23], Batch: 800/2963, Loss: 718.114, Trans_L2_m: 1.077, Yaw_err_deg: 6.879
Epoch: [2/23], Batch: 810/2963, Loss: 1181.801, Trans_L2_m: 1.437, Yaw_err_deg: 9.591
Epoch: [2/23], Batch: 820/2963, Loss: 565.082, Trans_L2_m: 1.318, Yaw_err_deg: 5.097
Epoch: [2/23], Batch: 830/2963, Loss: 376.171, Trans_L2_m: 1.120, Yaw_err_deg: 4.347
Epoch: [2/23], Batch: 840/2963, Loss: 632.945, Trans_L2_m: 1.216, Yaw_err_deg: 7.723
Epoch: [2/23], Batch: 850/2963, Loss: 780.010, Trans_L2_m: 0.995, Yaw_err_deg: 6.831
Epoch: [2/23], Batch: 860/2963, Loss: 473.141, Trans_L2_m: 0.899, Yaw_err_deg: 5.336
Epoch: [2/23], Batch: 870/2963, Loss: 551.119, Trans_L2_m: 1.396, Yaw_err_deg: 5.227
Epoch: [2/23], Batch: 880/2963, Loss: 456.161, Trans_L2_m: 0.917, Yaw_err_deg: 4.052
Epoch: [2/23], Batch: 890/2963, Loss: 462.379, Trans_L2_m: 1.168, Yaw_err_deg: 4.155
Epoch: [2/23], Batch: 900/2963, Loss: 605.537, Trans_L2_m: 1.452, Yaw_err_deg: 6.129
Epoch: [2/23], Batch: 910/2963, Loss: 700.938, Trans_L2_m: 1.384, Yaw_err_deg: 5.655
Epoch: [2/23], Batch: 920/2963, Loss: 473.511, Trans_L2_m: 1.007, Yaw_err_deg: 5.287
Epoch: [2/23], Batch: 930/2963, Loss: 671.455, Trans_L2_m: 0.829, Yaw_err_deg: 6.651
Epoch: [2/23], Batch: 940/2963, Loss: 569.481, Trans_L2_m: 1.041, Yaw_err_deg: 4.519
Epoch: [2/23], Batch: 950/2963, Loss: 586.129, Trans_L2_m: 1.436, Yaw_err_deg: 5.885
Epoch: [2/23], Batch: 960/2963, Loss: 938.203, Trans_L2_m: 1.592, Yaw_err_deg: 7.251
Epoch: [2/23], Batch: 970/2963, Loss: 690.333, Trans_L2_m: 1.451, Yaw_err_deg: 5.207
Epoch: [2/23], Batch: 980/2963, Loss: 748.946, Trans_L2_m: 1.026, Yaw_err_deg: 8.438
Epoch: [2/23], Batch: 990/2963, Loss: 784.122, Trans_L2_m: 0.958, Yaw_err_deg: 7.026
Epoch: [2/23], Batch: 1000/2963, Loss: 522.391, Trans_L2_m: 1.110, Yaw_err_deg: 4.774
Epoch: [2/23], Batch: 1010/2963, Loss: 392.445, Trans_L2_m: 1.283, Yaw_err_deg: 3.901
Epoch: [2/23], Batch: 1020/2963, Loss: 642.173, Trans_L2_m: 1.581, Yaw_err_deg: 5.322
Epoch: [2/23], Batch: 1030/2963, Loss: 709.547, Trans_L2_m: 0.758, Yaw_err_deg: 7.675
Epoch: [2/23], Batch: 1040/2963, Loss: 444.040, Trans_L2_m: 1.353, Yaw_err_deg: 5.691
Epoch: [2/23], Batch: 1050/2963, Loss: 597.333, Trans_L2_m: 1.662, Yaw_err_deg: 5.782
Epoch: [2/23], Batch: 1060/2963, Loss: 699.330, Trans_L2_m: 1.146, Yaw_err_deg: 7.876
Epoch: [2/23], Batch: 1070/2963, Loss: 619.389, Trans_L2_m: 1.076, Yaw_err_deg: 7.100
Epoch: [2/23], Batch: 1080/2963, Loss: 860.120, Trans_L2_m: 1.179, Yaw_err_deg: 6.563
Epoch: [2/23], Batch: 1090/2963, Loss: 431.964, Trans_L2_m: 1.514, Yaw_err_deg: 3.334
Epoch: [2/23], Batch: 1100/2963, Loss: 666.547, Trans_L2_m: 1.301, Yaw_err_deg: 6.188
Epoch: [2/23], Batch: 1110/2963, Loss: 646.331, Trans_L2_m: 1.043, Yaw_err_deg: 7.285
Epoch: [2/23], Batch: 1120/2963, Loss: 852.268, Trans_L2_m: 1.259, Yaw_err_deg: 8.656
Epoch: [2/23], Batch: 1130/2963, Loss: 776.707, Trans_L2_m: 1.114, Yaw_err_deg: 7.292
Epoch: [2/23], Batch: 1140/2963, Loss: 615.819, Trans_L2_m: 1.399, Yaw_err_deg: 7.141
Epoch: [2/23], Batch: 1150/2963, Loss: 416.395, Trans_L2_m: 1.010, Yaw_err_deg: 3.906
Epoch: [2/23], Batch: 1160/2963, Loss: 513.510, Trans_L2_m: 1.200, Yaw_err_deg: 6.032
Epoch: [2/23], Batch: 1170/2963, Loss: 898.773, Trans_L2_m: 1.169, Yaw_err_deg: 8.552
Epoch: [2/23], Batch: 1180/2963, Loss: 692.615, Trans_L2_m: 1.126, Yaw_err_deg: 7.164
Epoch: [2/23], Batch: 1190/2963, Loss: 653.616, Trans_L2_m: 1.616, Yaw_err_deg: 5.150
Epoch: [2/23], Batch: 1200/2963, Loss: 589.939, Trans_L2_m: 1.285, Yaw_err_deg: 5.871
Epoch: [2/23], Batch: 1210/2963, Loss: 419.323, Trans_L2_m: 1.073, Yaw_err_deg: 4.470
Epoch: [2/23], Batch: 1220/2963, Loss: 516.253, Trans_L2_m: 1.012, Yaw_err_deg: 4.615
Epoch: [2/23], Batch: 1230/2963, Loss: 575.235, Trans_L2_m: 0.958, Yaw_err_deg: 5.558
Epoch: [2/23], Batch: 1240/2963, Loss: 510.841, Trans_L2_m: 1.116, Yaw_err_deg: 5.016
Epoch: [2/23], Batch: 1250/2963, Loss: 945.671, Trans_L2_m: 1.253, Yaw_err_deg: 9.592
Epoch: [2/23], Batch: 1260/2963, Loss: 455.057, Trans_L2_m: 1.144, Yaw_err_deg: 5.104
Epoch: [2/23], Batch: 1270/2963, Loss: 525.728, Trans_L2_m: 1.287, Yaw_err_deg: 5.471
Epoch: [2/23], Batch: 1280/2963, Loss: 526.424, Trans_L2_m: 0.880, Yaw_err_deg: 4.517
Epoch: [2/23], Batch: 1290/2963, Loss: 826.673, Trans_L2_m: 1.321, Yaw_err_deg: 6.698
Epoch: [2/23], Batch: 1300/2963, Loss: 512.314, Trans_L2_m: 1.256, Yaw_err_deg: 4.713
Epoch: [2/23], Batch: 1310/2963, Loss: 612.943, Trans_L2_m: 1.286, Yaw_err_deg: 6.399
Epoch: [2/23], Batch: 1320/2963, Loss: 449.362, Trans_L2_m: 0.975, Yaw_err_deg: 4.918
Epoch: [2/23], Batch: 1330/2963, Loss: 1201.457, Trans_L2_m: 0.959, Yaw_err_deg: 8.242
Epoch: [2/23], Batch: 1340/2963, Loss: 616.460, Trans_L2_m: 1.226, Yaw_err_deg: 5.281
Epoch: [2/23], Batch: 1350/2963, Loss: 513.951, Trans_L2_m: 1.180, Yaw_err_deg: 5.786
Epoch: [2/23], Batch: 1360/2963, Loss: 461.879, Trans_L2_m: 1.169, Yaw_err_deg: 5.480
Epoch: [2/23], Batch: 1370/2963, Loss: 414.201, Trans_L2_m: 1.191, Yaw_err_deg: 3.846
Epoch: [2/23], Batch: 1380/2963, Loss: 463.206, Trans_L2_m: 0.818, Yaw_err_deg: 4.282
Epoch: [2/23], Batch: 1390/2963, Loss: 748.667, Trans_L2_m: 1.157, Yaw_err_deg: 7.810
Epoch: [2/23], Batch: 1400/2963, Loss: 323.049, Trans_L2_m: 1.124, Yaw_err_deg: 3.587
Epoch: [2/23], Batch: 1410/2963, Loss: 647.184, Trans_L2_m: 1.125, Yaw_err_deg: 7.152
Epoch: [2/23], Batch: 1420/2963, Loss: 368.062, Trans_L2_m: 0.913, Yaw_err_deg: 3.414
Epoch: [2/23], Batch: 1430/2963, Loss: 500.468, Trans_L2_m: 1.535, Yaw_err_deg: 5.046
Epoch: [2/23], Batch: 1440/2963, Loss: 879.049, Trans_L2_m: 1.271, Yaw_err_deg: 7.875
Epoch: [2/23], Batch: 1450/2963, Loss: 600.515, Trans_L2_m: 1.084, Yaw_err_deg: 5.794
Epoch: [2/23], Batch: 1460/2963, Loss: 856.469, Trans_L2_m: 1.083, Yaw_err_deg: 8.093
Epoch: [2/23], Batch: 1470/2963, Loss: 334.962, Trans_L2_m: 1.197, Yaw_err_deg: 3.815
Epoch: [2/23], Batch: 1480/2963, Loss: 344.653, Trans_L2_m: 1.394, Yaw_err_deg: 4.297
Epoch: [2/23], Batch: 1490/2963, Loss: 462.497, Trans_L2_m: 1.343, Yaw_err_deg: 5.174
Epoch: [2/23], Batch: 1500/2963, Loss: 538.843, Trans_L2_m: 0.999, Yaw_err_deg: 6.818
Epoch: [2/23], Batch: 1510/2963, Loss: 460.092, Trans_L2_m: 0.876, Yaw_err_deg: 4.842
Epoch: [2/23], Batch: 1520/2963, Loss: 359.492, Trans_L2_m: 1.073, Yaw_err_deg: 3.588
Epoch: [2/23], Batch: 1530/2963, Loss: 829.244, Trans_L2_m: 0.927, Yaw_err_deg: 7.676
Epoch: [2/23], Batch: 1540/2963, Loss: 565.860, Trans_L2_m: 1.531, Yaw_err_deg: 5.494
Epoch: [2/23], Batch: 1550/2963, Loss: 441.785, Trans_L2_m: 1.653, Yaw_err_deg: 4.543
Epoch: [2/23], Batch: 1560/2963, Loss: 342.866, Trans_L2_m: 1.386, Yaw_err_deg: 3.291
Epoch: [2/23], Batch: 1570/2963, Loss: 350.772, Trans_L2_m: 1.282, Yaw_err_deg: 2.980
Epoch: [2/23], Batch: 1580/2963, Loss: 670.728, Trans_L2_m: 1.306, Yaw_err_deg: 5.948
Epoch: [2/23], Batch: 1590/2963, Loss: 498.810, Trans_L2_m: 1.037, Yaw_err_deg: 4.530
Epoch: [2/23], Batch: 1600/2963, Loss: 523.741, Trans_L2_m: 1.228, Yaw_err_deg: 5.433
Epoch: [2/23], Batch: 1610/2963, Loss: 526.870, Trans_L2_m: 1.331, Yaw_err_deg: 5.910
Epoch: [2/23], Batch: 1620/2963, Loss: 425.015, Trans_L2_m: 1.384, Yaw_err_deg: 4.602
Epoch: [2/23], Batch: 1630/2963, Loss: 387.770, Trans_L2_m: 1.048, Yaw_err_deg: 5.222
Epoch: [2/23], Batch: 1640/2963, Loss: 458.082, Trans_L2_m: 1.326, Yaw_err_deg: 4.862
Epoch: [2/23], Batch: 1650/2963, Loss: 433.256, Trans_L2_m: 1.006, Yaw_err_deg: 5.180
Epoch: [2/23], Batch: 1660/2963, Loss: 505.134, Trans_L2_m: 1.113, Yaw_err_deg: 5.675
Epoch: [2/23], Batch: 1670/2963, Loss: 532.737, Trans_L2_m: 1.018, Yaw_err_deg: 6.015
Epoch: [2/23], Batch: 1680/2963, Loss: 369.695, Trans_L2_m: 0.890, Yaw_err_deg: 4.464
Epoch: [2/23], Batch: 1690/2963, Loss: 625.871, Trans_L2_m: 1.336, Yaw_err_deg: 5.750
Epoch: [2/23], Batch: 1700/2963, Loss: 663.615, Trans_L2_m: 1.046, Yaw_err_deg: 5.733
Epoch: [2/23], Batch: 1710/2963, Loss: 540.859, Trans_L2_m: 1.197, Yaw_err_deg: 6.590
Epoch: [2/23], Batch: 1720/2963, Loss: 593.741, Trans_L2_m: 0.988, Yaw_err_deg: 6.282
Epoch: [2/23], Batch: 1730/2963, Loss: 444.097, Trans_L2_m: 0.863, Yaw_err_deg: 4.674
Epoch: [2/23], Batch: 1740/2963, Loss: 528.245, Trans_L2_m: 1.240, Yaw_err_deg: 5.774
Epoch: [2/23], Batch: 1750/2963, Loss: 502.859, Trans_L2_m: 0.981, Yaw_err_deg: 5.888
Epoch: [2/23], Batch: 1760/2963, Loss: 515.491, Trans_L2_m: 1.194, Yaw_err_deg: 5.893
Epoch: [2/23], Batch: 1770/2963, Loss: 485.452, Trans_L2_m: 1.203, Yaw_err_deg: 5.318
Epoch: [2/23], Batch: 1780/2963, Loss: 450.740, Trans_L2_m: 1.008, Yaw_err_deg: 3.783
Epoch: [2/23], Batch: 1790/2963, Loss: 399.307, Trans_L2_m: 1.353, Yaw_err_deg: 3.877
Epoch: [2/23], Batch: 1800/2963, Loss: 345.781, Trans_L2_m: 1.403, Yaw_err_deg: 3.861
Epoch: [2/23], Batch: 1810/2963, Loss: 271.307, Trans_L2_m: 1.089, Yaw_err_deg: 3.368
Epoch: [2/23], Batch: 1820/2963, Loss: 680.934, Trans_L2_m: 0.709, Yaw_err_deg: 6.105
Epoch: [2/23], Batch: 1830/2963, Loss: 417.544, Trans_L2_m: 1.082, Yaw_err_deg: 4.836
Epoch: [2/23], Batch: 1840/2963, Loss: 368.742, Trans_L2_m: 0.930, Yaw_err_deg: 3.413
Epoch: [2/23], Batch: 1850/2963, Loss: 344.923, Trans_L2_m: 1.226, Yaw_err_deg: 3.750
Epoch: [2/23], Batch: 1860/2963, Loss: 461.569, Trans_L2_m: 0.995, Yaw_err_deg: 5.814
Epoch: [2/23], Batch: 1870/2963, Loss: 616.916, Trans_L2_m: 1.257, Yaw_err_deg: 5.923
Epoch: [2/23], Batch: 1880/2963, Loss: 357.905, Trans_L2_m: 1.106, Yaw_err_deg: 3.469
Epoch: [2/23], Batch: 1890/2963, Loss: 532.256, Trans_L2_m: 1.081, Yaw_err_deg: 5.594
Epoch: [2/23], Batch: 1900/2963, Loss: 375.720, Trans_L2_m: 0.880, Yaw_err_deg: 3.646
Epoch: [2/23], Batch: 1910/2963, Loss: 524.975, Trans_L2_m: 1.164, Yaw_err_deg: 4.458
Epoch: [2/23], Batch: 1920/2963, Loss: 531.328, Trans_L2_m: 0.972, Yaw_err_deg: 4.509
Epoch: [2/23], Batch: 1930/2963, Loss: 327.139, Trans_L2_m: 1.062, Yaw_err_deg: 3.616
Epoch: [2/23], Batch: 1940/2963, Loss: 418.295, Trans_L2_m: 1.066, Yaw_err_deg: 5.457
Epoch: [2/23], Batch: 1950/2963, Loss: 366.978, Trans_L2_m: 0.812, Yaw_err_deg: 4.836
Epoch: [2/23], Batch: 1960/2963, Loss: 281.016, Trans_L2_m: 0.796, Yaw_err_deg: 3.827
Epoch: [2/23], Batch: 1970/2963, Loss: 305.570, Trans_L2_m: 0.882, Yaw_err_deg: 3.643
Epoch: [2/23], Batch: 1980/2963, Loss: 424.708, Trans_L2_m: 1.152, Yaw_err_deg: 3.566
Epoch: [2/23], Batch: 1990/2963, Loss: 341.985, Trans_L2_m: 1.096, Yaw_err_deg: 4.190
Epoch: [2/23], Batch: 2000/2963, Loss: 492.994, Trans_L2_m: 0.992, Yaw_err_deg: 5.603
Epoch: [2/23], Batch: 2010/2963, Loss: 572.662, Trans_L2_m: 0.891, Yaw_err_deg: 5.684
Epoch: [2/23], Batch: 2020/2963, Loss: 379.944, Trans_L2_m: 1.047, Yaw_err_deg: 4.312
Epoch: [2/23], Batch: 2030/2963, Loss: 606.762, Trans_L2_m: 0.718, Yaw_err_deg: 6.023
Epoch: [2/23], Batch: 2040/2963, Loss: 467.332, Trans_L2_m: 1.269, Yaw_err_deg: 5.097
Epoch: [2/23], Batch: 2050/2963, Loss: 523.879, Trans_L2_m: 0.810, Yaw_err_deg: 5.395
Epoch: [2/23], Batch: 2060/2963, Loss: 332.272, Trans_L2_m: 1.122, Yaw_err_deg: 3.698
Epoch: [2/23], Batch: 2070/2963, Loss: 430.694, Trans_L2_m: 0.943, Yaw_err_deg: 5.268
Epoch: [2/23], Batch: 2080/2963, Loss: 531.692, Trans_L2_m: 1.182, Yaw_err_deg: 5.706
Epoch: [2/23], Batch: 2090/2963, Loss: 394.835, Trans_L2_m: 0.855, Yaw_err_deg: 5.224
Epoch: [2/23], Batch: 2100/2963, Loss: 403.646, Trans_L2_m: 0.706, Yaw_err_deg: 4.777
Epoch: [2/23], Batch: 2110/2963, Loss: 295.918, Trans_L2_m: 0.977, Yaw_err_deg: 3.581
Epoch: [2/23], Batch: 2120/2963, Loss: 285.447, Trans_L2_m: 0.905, Yaw_err_deg: 4.174
Epoch: [2/23], Batch: 2130/2963, Loss: 273.832, Trans_L2_m: 0.841, Yaw_err_deg: 3.712
Epoch: [2/23], Batch: 2140/2963, Loss: 644.621, Trans_L2_m: 1.091, Yaw_err_deg: 8.036
Epoch: [2/23], Batch: 2150/2963, Loss: 350.773, Trans_L2_m: 0.876, Yaw_err_deg: 4.071
Epoch: [2/23], Batch: 2160/2963, Loss: 210.538, Trans_L2_m: 0.922, Yaw_err_deg: 2.649
Epoch: [2/23], Batch: 2170/2963, Loss: 451.780, Trans_L2_m: 0.879, Yaw_err_deg: 5.752
Epoch: [2/23], Batch: 2180/2963, Loss: 531.686, Trans_L2_m: 0.971, Yaw_err_deg: 5.672
Epoch: [2/23], Batch: 2190/2963, Loss: 539.448, Trans_L2_m: 0.812, Yaw_err_deg: 5.596
Epoch: [2/23], Batch: 2200/2963, Loss: 383.150, Trans_L2_m: 1.076, Yaw_err_deg: 5.082
Epoch: [2/23], Batch: 2210/2963, Loss: 257.696, Trans_L2_m: 1.390, Yaw_err_deg: 3.172
Epoch: [2/23], Batch: 2220/2963, Loss: 317.863, Trans_L2_m: 1.119, Yaw_err_deg: 4.408
Epoch: [2/23], Batch: 2230/2963, Loss: 624.424, Trans_L2_m: 0.685, Yaw_err_deg: 5.699
Epoch: [2/23], Batch: 2240/2963, Loss: 448.753, Trans_L2_m: 1.015, Yaw_err_deg: 5.076
Epoch: [2/23], Batch: 2250/2963, Loss: 286.692, Trans_L2_m: 0.831, Yaw_err_deg: 4.250
Epoch: [2/23], Batch: 2260/2963, Loss: 438.414, Trans_L2_m: 1.121, Yaw_err_deg: 5.287
Epoch: [2/23], Batch: 2270/2963, Loss: 407.655, Trans_L2_m: 1.163, Yaw_err_deg: 5.217
Epoch: [2/23], Batch: 2280/2963, Loss: 357.071, Trans_L2_m: 0.856, Yaw_err_deg: 4.663
Epoch: [2/23], Batch: 2290/2963, Loss: 267.442, Trans_L2_m: 0.837, Yaw_err_deg: 3.177
Epoch: [2/23], Batch: 2300/2963, Loss: 349.437, Trans_L2_m: 0.856, Yaw_err_deg: 4.444
Epoch: [2/23], Batch: 2310/2963, Loss: 351.965, Trans_L2_m: 0.969, Yaw_err_deg: 5.677
Epoch: [2/23], Batch: 2320/2963, Loss: 529.701, Trans_L2_m: 1.560, Yaw_err_deg: 5.849
Epoch: [2/23], Batch: 2330/2963, Loss: 283.659, Trans_L2_m: 0.953, Yaw_err_deg: 3.056
Epoch: [2/23], Batch: 2340/2963, Loss: 348.119, Trans_L2_m: 0.851, Yaw_err_deg: 4.723
Epoch: [2/23], Batch: 2350/2963, Loss: 634.277, Trans_L2_m: 0.955, Yaw_err_deg: 5.883
Epoch: [2/23], Batch: 2360/2963, Loss: 422.708, Trans_L2_m: 1.064, Yaw_err_deg: 4.600
Epoch: [2/23], Batch: 2370/2963, Loss: 329.170, Trans_L2_m: 1.577, Yaw_err_deg: 4.138
Epoch: [2/23], Batch: 2380/2963, Loss: 368.067, Trans_L2_m: 0.956, Yaw_err_deg: 4.664
Epoch: [2/23], Batch: 2390/2963, Loss: 521.914, Trans_L2_m: 0.891, Yaw_err_deg: 5.493
Epoch: [2/23], Batch: 2400/2963, Loss: 339.979, Trans_L2_m: 0.946, Yaw_err_deg: 4.416
Epoch: [2/23], Batch: 2410/2963, Loss: 534.488, Trans_L2_m: 1.005, Yaw_err_deg: 4.670
Epoch: [2/23], Batch: 2420/2963, Loss: 362.980, Trans_L2_m: 1.209, Yaw_err_deg: 4.081
Epoch: [2/23], Batch: 2430/2963, Loss: 348.320, Trans_L2_m: 1.077, Yaw_err_deg: 3.949
Epoch: [2/23], Batch: 2440/2963, Loss: 218.867, Trans_L2_m: 1.254, Yaw_err_deg: 3.111
Epoch: [2/23], Batch: 2450/2963, Loss: 266.869, Trans_L2_m: 0.874, Yaw_err_deg: 3.506
Epoch: [2/23], Batch: 2460/2963, Loss: 459.394, Trans_L2_m: 1.015, Yaw_err_deg: 4.705
Epoch: [2/23], Batch: 2470/2963, Loss: 624.143, Trans_L2_m: 0.819, Yaw_err_deg: 6.204
Epoch: [2/23], Batch: 2480/2963, Loss: 410.743, Trans_L2_m: 0.875, Yaw_err_deg: 4.476
Epoch: [2/23], Batch: 2490/2963, Loss: 279.981, Trans_L2_m: 0.806, Yaw_err_deg: 3.842
Epoch: [2/23], Batch: 2500/2963, Loss: 619.263, Trans_L2_m: 1.096, Yaw_err_deg: 6.278
Epoch: [2/23], Batch: 2510/2963, Loss: 307.065, Trans_L2_m: 1.377, Yaw_err_deg: 3.213
Epoch: [2/23], Batch: 2520/2963, Loss: 267.488, Trans_L2_m: 1.316, Yaw_err_deg: 3.917
Epoch: [2/23], Batch: 2530/2963, Loss: 583.375, Trans_L2_m: 1.132, Yaw_err_deg: 4.795
Epoch: [2/23], Batch: 2540/2963, Loss: 297.232, Trans_L2_m: 1.008, Yaw_err_deg: 4.237
Epoch: [2/23], Batch: 2550/2963, Loss: 420.456, Trans_L2_m: 0.798, Yaw_err_deg: 5.243
Epoch: [2/23], Batch: 2560/2963, Loss: 245.113, Trans_L2_m: 0.884, Yaw_err_deg: 3.364
Epoch: [2/23], Batch: 2570/2963, Loss: 342.354, Trans_L2_m: 0.943, Yaw_err_deg: 5.162
Epoch: [2/23], Batch: 2580/2963, Loss: 319.774, Trans_L2_m: 0.994, Yaw_err_deg: 4.106
Epoch: [2/23], Batch: 2590/2963, Loss: 335.597, Trans_L2_m: 0.907, Yaw_err_deg: 4.086
Epoch: [2/23], Batch: 2600/2963, Loss: 337.257, Trans_L2_m: 0.760, Yaw_err_deg: 4.217
Epoch: [2/23], Batch: 2610/2963, Loss: 281.562, Trans_L2_m: 0.884, Yaw_err_deg: 4.148
Epoch: [2/23], Batch: 2620/2963, Loss: 293.949, Trans_L2_m: 1.012, Yaw_err_deg: 3.553
Epoch: [2/23], Batch: 2630/2963, Loss: 466.038, Trans_L2_m: 0.754, Yaw_err_deg: 4.683
Epoch: [2/23], Batch: 2640/2963, Loss: 425.246, Trans_L2_m: 1.031, Yaw_err_deg: 5.540
Epoch: [2/23], Batch: 2650/2963, Loss: 433.976, Trans_L2_m: 1.067, Yaw_err_deg: 5.736
Epoch: [2/23], Batch: 2660/2963, Loss: 405.718, Trans_L2_m: 1.100, Yaw_err_deg: 5.021
Epoch: [2/23], Batch: 2670/2963, Loss: 291.436, Trans_L2_m: 1.126, Yaw_err_deg: 3.899
Epoch: [2/23], Batch: 2680/2963, Loss: 361.901, Trans_L2_m: 1.434, Yaw_err_deg: 4.349
Epoch: [2/23], Batch: 2690/2963, Loss: 200.478, Trans_L2_m: 0.660, Yaw_err_deg: 2.755
Epoch: [2/23], Batch: 2700/2963, Loss: 324.416, Trans_L2_m: 0.952, Yaw_err_deg: 3.999
Epoch: [2/23], Batch: 2710/2963, Loss: 314.889, Trans_L2_m: 0.918, Yaw_err_deg: 4.407
Epoch: [2/23], Batch: 2720/2963, Loss: 283.374, Trans_L2_m: 1.065, Yaw_err_deg: 3.823
Epoch: [2/23], Batch: 2730/2963, Loss: 282.084, Trans_L2_m: 0.974, Yaw_err_deg: 3.798
Epoch: [2/23], Batch: 2740/2963, Loss: 485.964, Trans_L2_m: 1.050, Yaw_err_deg: 5.118
Epoch: [2/23], Batch: 2750/2963, Loss: 428.419, Trans_L2_m: 1.011, Yaw_err_deg: 4.176
Epoch: [2/23], Batch: 2760/2963, Loss: 307.838, Trans_L2_m: 0.745, Yaw_err_deg: 4.349
Epoch: [2/23], Batch: 2770/2963, Loss: 274.115, Trans_L2_m: 0.824, Yaw_err_deg: 2.766
Epoch: [2/23], Batch: 2780/2963, Loss: 544.727, Trans_L2_m: 0.873, Yaw_err_deg: 5.046
Epoch: [2/23], Batch: 2790/2963, Loss: 246.402, Trans_L2_m: 0.922, Yaw_err_deg: 4.125
Epoch: [2/23], Batch: 2800/2963, Loss: 234.248, Trans_L2_m: 0.954, Yaw_err_deg: 3.090
Epoch: [2/23], Batch: 2810/2963, Loss: 246.898, Trans_L2_m: 0.950, Yaw_err_deg: 3.807
Epoch: [2/23], Batch: 2820/2963, Loss: 364.935, Trans_L2_m: 1.288, Yaw_err_deg: 4.458
Epoch: [2/23], Batch: 2830/2963, Loss: 353.970, Trans_L2_m: 0.842, Yaw_err_deg: 4.654
Epoch: [2/23], Batch: 2840/2963, Loss: 326.827, Trans_L2_m: 0.773, Yaw_err_deg: 4.164
Epoch: [2/23], Batch: 2850/2963, Loss: 378.038, Trans_L2_m: 0.979, Yaw_err_deg: 3.770
Epoch: [2/23], Batch: 2860/2963, Loss: 670.719, Trans_L2_m: 0.948, Yaw_err_deg: 6.548
Epoch: [2/23], Batch: 2870/2963, Loss: 433.567, Trans_L2_m: 1.251, Yaw_err_deg: 4.223
Epoch: [2/23], Batch: 2880/2963, Loss: 544.202, Trans_L2_m: 0.986, Yaw_err_deg: 5.737
Epoch: [2/23], Batch: 2890/2963, Loss: 462.834, Trans_L2_m: 0.994, Yaw_err_deg: 5.296
Epoch: [2/23], Batch: 2900/2963, Loss: 555.346, Trans_L2_m: 0.978, Yaw_err_deg: 5.858
Epoch: [2/23], Batch: 2910/2963, Loss: 304.170, Trans_L2_m: 1.002, Yaw_err_deg: 3.892
Epoch: [2/23], Batch: 2920/2963, Loss: 372.471, Trans_L2_m: 0.889, Yaw_err_deg: 5.132
Epoch: [2/23], Batch: 2930/2963, Loss: 453.527, Trans_L2_m: 0.869, Yaw_err_deg: 5.492
Epoch: [2/23], Batch: 2940/2963, Loss: 394.616, Trans_L2_m: 0.800, Yaw_err_deg: 5.186
Epoch: [2/23], Batch: 2950/2963, Loss: 327.670, Trans_L2_m: 0.987, Yaw_err_deg: 4.021
Epoch: [2/23], Batch: 2960/2963, Loss: 373.579, Trans_L2_m: 1.143, Yaw_err_deg: 4.137
Epoch: [3/23], Batch: 0/2963, Loss: 253.630, Trans_L2_m: 0.925, Yaw_err_deg: 3.171
Epoch: [3/23], Batch: 10/2963, Loss: 263.857, Trans_L2_m: 0.860, Yaw_err_deg: 3.311
Epoch: [3/23], Batch: 20/2963, Loss: 338.047, Trans_L2_m: 1.117, Yaw_err_deg: 4.346
Epoch: [3/23], Batch: 30/2963, Loss: 339.989, Trans_L2_m: 1.026, Yaw_err_deg: 4.838
Epoch: [3/23], Batch: 40/2963, Loss: 375.535, Trans_L2_m: 0.875, Yaw_err_deg: 4.151
Epoch: [3/23], Batch: 50/2963, Loss: 416.694, Trans_L2_m: 1.277, Yaw_err_deg: 4.912
Epoch: [3/23], Batch: 60/2963, Loss: 281.891, Trans_L2_m: 0.927, Yaw_err_deg: 3.659
Epoch: [3/23], Batch: 70/2963, Loss: 525.265, Trans_L2_m: 0.685, Yaw_err_deg: 6.166
Epoch: [3/23], Batch: 80/2963, Loss: 590.701, Trans_L2_m: 0.954, Yaw_err_deg: 6.485
Epoch: [3/23], Batch: 90/2963, Loss: 260.636, Trans_L2_m: 1.015, Yaw_err_deg: 3.643
Epoch: [3/23], Batch: 100/2963, Loss: 173.844, Trans_L2_m: 0.795, Yaw_err_deg: 2.804
Epoch: [3/23], Batch: 110/2963, Loss: 196.178, Trans_L2_m: 0.993, Yaw_err_deg: 3.056
Epoch: [3/23], Batch: 120/2963, Loss: 301.795, Trans_L2_m: 0.894, Yaw_err_deg: 4.646
Epoch: [3/23], Batch: 130/2963, Loss: 316.915, Trans_L2_m: 1.096, Yaw_err_deg: 3.665
Epoch: [3/23], Batch: 140/2963, Loss: 313.538, Trans_L2_m: 0.744, Yaw_err_deg: 4.573
Epoch: [3/23], Batch: 150/2963, Loss: 369.670, Trans_L2_m: 0.966, Yaw_err_deg: 4.975
Epoch: [3/23], Batch: 160/2963, Loss: 269.558, Trans_L2_m: 0.967, Yaw_err_deg: 3.806
Epoch: [3/23], Batch: 170/2963, Loss: 302.840, Trans_L2_m: 1.196, Yaw_err_deg: 4.863
Epoch: [3/23], Batch: 180/2963, Loss: 324.487, Trans_L2_m: 0.978, Yaw_err_deg: 4.142
Epoch: [3/23], Batch: 190/2963, Loss: 315.082, Trans_L2_m: 0.813, Yaw_err_deg: 3.767
Epoch: [3/23], Batch: 200/2963, Loss: 822.427, Trans_L2_m: 0.937, Yaw_err_deg: 8.389
Epoch: [3/23], Batch: 210/2963, Loss: 354.830, Trans_L2_m: 0.929, Yaw_err_deg: 3.995
Epoch: [3/23], Batch: 220/2963, Loss: 422.757, Trans_L2_m: 1.177, Yaw_err_deg: 4.897
Epoch: [3/23], Batch: 230/2963, Loss: 235.660, Trans_L2_m: 0.907, Yaw_err_deg: 3.262
Epoch: [3/23], Batch: 240/2963, Loss: 258.853, Trans_L2_m: 0.592, Yaw_err_deg: 3.809
Epoch: [3/23], Batch: 250/2963, Loss: 368.725, Trans_L2_m: 0.879, Yaw_err_deg: 4.416
Epoch: [3/23], Batch: 260/2963, Loss: 258.608, Trans_L2_m: 1.154, Yaw_err_deg: 3.474
Epoch: [3/23], Batch: 270/2963, Loss: 475.910, Trans_L2_m: 0.768, Yaw_err_deg: 4.974
Epoch: [3/23], Batch: 280/2963, Loss: 138.709, Trans_L2_m: 1.012, Yaw_err_deg: 2.459
Epoch: [3/23], Batch: 290/2963, Loss: 261.576, Trans_L2_m: 0.853, Yaw_err_deg: 3.960
Epoch: [3/23], Batch: 300/2963, Loss: 325.028, Trans_L2_m: 0.980, Yaw_err_deg: 3.615
Epoch: [3/23], Batch: 310/2963, Loss: 362.890, Trans_L2_m: 0.924, Yaw_err_deg: 4.270
Epoch: [3/23], Batch: 320/2963, Loss: 151.403, Trans_L2_m: 0.865, Yaw_err_deg: 1.943
Epoch: [3/23], Batch: 330/2963, Loss: 306.891, Trans_L2_m: 0.960, Yaw_err_deg: 3.437
Epoch: [3/23], Batch: 340/2963, Loss: 362.129, Trans_L2_m: 0.892, Yaw_err_deg: 4.780
Epoch: [3/23], Batch: 350/2963, Loss: 372.872, Trans_L2_m: 0.696, Yaw_err_deg: 5.198
Epoch: [3/23], Batch: 360/2963, Loss: 314.308, Trans_L2_m: 1.048, Yaw_err_deg: 4.191
Epoch: [3/23], Batch: 370/2963, Loss: 296.997, Trans_L2_m: 1.146, Yaw_err_deg: 4.082
Epoch: [3/23], Batch: 380/2963, Loss: 198.881, Trans_L2_m: 0.913, Yaw_err_deg: 3.096
Epoch: [3/23], Batch: 390/2963, Loss: 261.461, Trans_L2_m: 1.193, Yaw_err_deg: 3.589
Epoch: [3/23], Batch: 400/2963, Loss: 416.842, Trans_L2_m: 0.817, Yaw_err_deg: 5.822
Epoch: [3/23], Batch: 410/2963, Loss: 331.711, Trans_L2_m: 0.921, Yaw_err_deg: 4.371
Epoch: [3/23], Batch: 420/2963, Loss: 226.282, Trans_L2_m: 0.968, Yaw_err_deg: 3.422
Epoch: [3/23], Batch: 430/2963, Loss: 266.946, Trans_L2_m: 0.740, Yaw_err_deg: 4.277
Epoch: [3/23], Batch: 440/2963, Loss: 416.939, Trans_L2_m: 0.838, Yaw_err_deg: 4.693
Epoch: [3/23], Batch: 450/2963, Loss: 513.375, Trans_L2_m: 0.670, Yaw_err_deg: 6.608
Epoch: [3/23], Batch: 460/2963, Loss: 509.173, Trans_L2_m: 0.874, Yaw_err_deg: 6.067
Epoch: [3/23], Batch: 470/2963, Loss: 333.393, Trans_L2_m: 0.772, Yaw_err_deg: 5.000
Epoch: [3/23], Batch: 480/2963, Loss: 518.765, Trans_L2_m: 1.243, Yaw_err_deg: 4.872
Epoch: [3/23], Batch: 490/2963, Loss: 262.098, Trans_L2_m: 1.177, Yaw_err_deg: 3.192
Epoch: [3/23], Batch: 500/2963, Loss: 174.170, Trans_L2_m: 0.853, Yaw_err_deg: 2.997
Epoch: [3/23], Batch: 510/2963, Loss: 248.420, Trans_L2_m: 1.067, Yaw_err_deg: 3.424
Epoch: [3/23], Batch: 520/2963, Loss: 305.688, Trans_L2_m: 0.836, Yaw_err_deg: 4.530
Epoch: [3/23], Batch: 530/2963, Loss: 520.981, Trans_L2_m: 0.927, Yaw_err_deg: 6.360
Epoch: [3/23], Batch: 540/2963, Loss: 359.530, Trans_L2_m: 0.724, Yaw_err_deg: 4.005
Epoch: [3/23], Batch: 550/2963, Loss: 537.727, Trans_L2_m: 0.675, Yaw_err_deg: 6.235
Epoch: [3/23], Batch: 560/2963, Loss: 397.553, Trans_L2_m: 0.867, Yaw_err_deg: 4.500
Epoch: [3/23], Batch: 570/2963, Loss: 388.951, Trans_L2_m: 0.817, Yaw_err_deg: 4.839
Epoch: [3/23], Batch: 580/2963, Loss: 263.892, Trans_L2_m: 1.085, Yaw_err_deg: 3.639
Epoch: [3/23], Batch: 590/2963, Loss: 375.956, Trans_L2_m: 1.095, Yaw_err_deg: 5.125
Epoch: [3/23], Batch: 600/2963, Loss: 247.871, Trans_L2_m: 1.109, Yaw_err_deg: 3.387
Epoch: [3/23], Batch: 610/2963, Loss: 426.698, Trans_L2_m: 1.066, Yaw_err_deg: 6.053
Epoch: [3/23], Batch: 620/2963, Loss: 275.060, Trans_L2_m: 0.867, Yaw_err_deg: 3.713
Epoch: [3/23], Batch: 630/2963, Loss: 483.376, Trans_L2_m: 0.792, Yaw_err_deg: 5.549
Epoch: [3/23], Batch: 640/2963, Loss: 316.126, Trans_L2_m: 0.749, Yaw_err_deg: 3.796
Epoch: [3/23], Batch: 650/2963, Loss: 443.540, Trans_L2_m: 1.010, Yaw_err_deg: 5.544
Epoch: [3/23], Batch: 660/2963, Loss: 188.119, Trans_L2_m: 0.939, Yaw_err_deg: 2.683
Epoch: [3/23], Batch: 670/2963, Loss: 228.825, Trans_L2_m: 0.816, Yaw_err_deg: 4.091
Epoch: [3/23], Batch: 680/2963, Loss: 401.224, Trans_L2_m: 1.005, Yaw_err_deg: 5.034
Epoch: [3/23], Batch: 690/2963, Loss: 652.745, Trans_L2_m: 1.002, Yaw_err_deg: 6.186
Epoch: [3/23], Batch: 700/2963, Loss: 260.478, Trans_L2_m: 0.714, Yaw_err_deg: 3.645
Epoch: [3/23], Batch: 710/2963, Loss: 302.790, Trans_L2_m: 0.920, Yaw_err_deg: 3.902
Epoch: [3/23], Batch: 720/2963, Loss: 633.237, Trans_L2_m: 1.086, Yaw_err_deg: 7.241
Epoch: [3/23], Batch: 730/2963, Loss: 164.968, Trans_L2_m: 0.915, Yaw_err_deg: 2.439
Epoch: [3/23], Batch: 740/2963, Loss: 151.410, Trans_L2_m: 0.920, Yaw_err_deg: 2.458
Epoch: [3/23], Batch: 750/2963, Loss: 166.138, Trans_L2_m: 0.721, Yaw_err_deg: 2.619
Epoch: [3/23], Batch: 760/2963, Loss: 453.003, Trans_L2_m: 0.976, Yaw_err_deg: 5.120
Epoch: [3/23], Batch: 770/2963, Loss: 243.168, Trans_L2_m: 0.682, Yaw_err_deg: 3.778
Epoch: [3/23], Batch: 780/2963, Loss: 322.837, Trans_L2_m: 0.724, Yaw_err_deg: 4.913
Epoch: [3/23], Batch: 790/2963, Loss: 500.911, Trans_L2_m: 0.938, Yaw_err_deg: 5.787
Epoch: [3/23], Batch: 800/2963, Loss: 262.936, Trans_L2_m: 0.855, Yaw_err_deg: 3.543
Epoch: [3/23], Batch: 810/2963, Loss: 466.209, Trans_L2_m: 0.791, Yaw_err_deg: 4.902
Epoch: [3/23], Batch: 820/2963, Loss: 215.946, Trans_L2_m: 1.042, Yaw_err_deg: 3.587
Epoch: [3/23], Batch: 830/2963, Loss: 205.944, Trans_L2_m: 0.854, Yaw_err_deg: 2.957
Epoch: [3/23], Batch: 840/2963, Loss: 287.084, Trans_L2_m: 0.784, Yaw_err_deg: 3.328
Epoch: [3/23], Batch: 850/2963, Loss: 318.633, Trans_L2_m: 0.796, Yaw_err_deg: 4.029
Epoch: [3/23], Batch: 860/2963, Loss: 347.911, Trans_L2_m: 0.784, Yaw_err_deg: 4.015
Epoch: [3/23], Batch: 870/2963, Loss: 236.920, Trans_L2_m: 0.773, Yaw_err_deg: 3.493
Epoch: [3/23], Batch: 880/2963, Loss: 186.010, Trans_L2_m: 0.988, Yaw_err_deg: 3.096
Epoch: [3/23], Batch: 890/2963, Loss: 163.193, Trans_L2_m: 1.164, Yaw_err_deg: 2.141
Epoch: [3/23], Batch: 900/2963, Loss: 202.354, Trans_L2_m: 0.916, Yaw_err_deg: 3.550
Epoch: [3/23], Batch: 910/2963, Loss: 285.817, Trans_L2_m: 1.005, Yaw_err_deg: 4.557
Epoch: [3/23], Batch: 920/2963, Loss: 149.392, Trans_L2_m: 0.715, Yaw_err_deg: 2.182
Epoch: [3/23], Batch: 930/2963, Loss: 317.723, Trans_L2_m: 0.917, Yaw_err_deg: 3.817
Epoch: [3/23], Batch: 940/2963, Loss: 190.814, Trans_L2_m: 0.733, Yaw_err_deg: 3.480
Epoch: [3/23], Batch: 950/2963, Loss: 303.207, Trans_L2_m: 0.739, Yaw_err_deg: 4.830
Epoch: [3/23], Batch: 960/2963, Loss: 315.060, Trans_L2_m: 0.883, Yaw_err_deg: 4.642
Epoch: [3/23], Batch: 970/2963, Loss: 266.232, Trans_L2_m: 1.175, Yaw_err_deg: 3.044
Epoch: [3/23], Batch: 980/2963, Loss: 217.483, Trans_L2_m: 1.072, Yaw_err_deg: 2.753
Epoch: [3/23], Batch: 990/2963, Loss: 322.764, Trans_L2_m: 0.953, Yaw_err_deg: 3.620
Epoch: [3/23], Batch: 1000/2963, Loss: 286.130, Trans_L2_m: 0.592, Yaw_err_deg: 3.754
Epoch: [3/23], Batch: 1010/2963, Loss: 290.459, Trans_L2_m: 0.936, Yaw_err_deg: 4.128
Epoch: [3/23], Batch: 1020/2963, Loss: 259.514, Trans_L2_m: 0.752, Yaw_err_deg: 3.456
Epoch: [3/23], Batch: 1030/2963, Loss: 175.130, Trans_L2_m: 0.854, Yaw_err_deg: 2.887
Epoch: [3/23], Batch: 1040/2963, Loss: 257.639, Trans_L2_m: 0.730, Yaw_err_deg: 4.619
Epoch: [3/23], Batch: 1050/2963, Loss: 236.003, Trans_L2_m: 1.059, Yaw_err_deg: 4.061
Epoch: [3/23], Batch: 1060/2963, Loss: 548.861, Trans_L2_m: 0.698, Yaw_err_deg: 7.248
Epoch: [3/23], Batch: 1070/2963, Loss: 315.431, Trans_L2_m: 0.751, Yaw_err_deg: 4.279
Epoch: [3/23], Batch: 1080/2963, Loss: 314.824, Trans_L2_m: 1.330, Yaw_err_deg: 4.372
Epoch: [3/23], Batch: 1090/2963, Loss: 403.648, Trans_L2_m: 0.900, Yaw_err_deg: 4.689
Epoch: [3/23], Batch: 1100/2963, Loss: 219.320, Trans_L2_m: 0.808, Yaw_err_deg: 3.392
Epoch: [3/23], Batch: 1110/2963, Loss: 508.852, Trans_L2_m: 0.619, Yaw_err_deg: 4.488
Epoch: [3/23], Batch: 1120/2963, Loss: 229.266, Trans_L2_m: 0.756, Yaw_err_deg: 4.227
Epoch: [3/23], Batch: 1130/2963, Loss: 304.011, Trans_L2_m: 0.910, Yaw_err_deg: 4.011
Epoch: [3/23], Batch: 1140/2963, Loss: 374.424, Trans_L2_m: 0.964, Yaw_err_deg: 5.368
Epoch: [3/23], Batch: 1150/2963, Loss: 136.514, Trans_L2_m: 0.680, Yaw_err_deg: 2.356
Epoch: [3/23], Batch: 1160/2963, Loss: 160.925, Trans_L2_m: 0.645, Yaw_err_deg: 2.477
Epoch: [3/23], Batch: 1170/2963, Loss: 732.359, Trans_L2_m: 1.029, Yaw_err_deg: 7.461
Epoch: [3/23], Batch: 1180/2963, Loss: 270.653, Trans_L2_m: 0.869, Yaw_err_deg: 3.451
Epoch: [3/23], Batch: 1190/2963, Loss: 185.193, Trans_L2_m: 1.092, Yaw_err_deg: 2.426
Epoch: [3/23], Batch: 1200/2963, Loss: 514.355, Trans_L2_m: 0.810, Yaw_err_deg: 5.903
Epoch: [3/23], Batch: 1210/2963, Loss: 587.373, Trans_L2_m: 0.991, Yaw_err_deg: 6.778
Epoch: [3/23], Batch: 1220/2963, Loss: 496.525, Trans_L2_m: 0.926, Yaw_err_deg: 4.897
Epoch: [3/23], Batch: 1230/2963, Loss: 198.954, Trans_L2_m: 1.099, Yaw_err_deg: 2.933
Epoch: [3/23], Batch: 1240/2963, Loss: 240.070, Trans_L2_m: 1.059, Yaw_err_deg: 3.490
Epoch: [3/23], Batch: 1250/2963, Loss: 492.429, Trans_L2_m: 1.197, Yaw_err_deg: 6.219
Epoch: [3/23], Batch: 1260/2963, Loss: 243.247, Trans_L2_m: 0.847, Yaw_err_deg: 3.691
Epoch: [3/23], Batch: 1270/2963, Loss: 232.941, Trans_L2_m: 0.834, Yaw_err_deg: 4.112
Epoch: [3/23], Batch: 1280/2963, Loss: 233.075, Trans_L2_m: 1.014, Yaw_err_deg: 3.363
Epoch: [3/23], Batch: 1290/2963, Loss: 202.799, Trans_L2_m: 0.891, Yaw_err_deg: 3.140
Epoch: [3/23], Batch: 1300/2963, Loss: 261.066, Trans_L2_m: 0.988, Yaw_err_deg: 4.116
Epoch: [3/23], Batch: 1310/2963, Loss: 327.224, Trans_L2_m: 0.920, Yaw_err_deg: 3.791
Epoch: [3/23], Batch: 1320/2963, Loss: 415.586, Trans_L2_m: 1.148, Yaw_err_deg: 5.028
Epoch: [3/23], Batch: 1330/2963, Loss: 223.981, Trans_L2_m: 1.005, Yaw_err_deg: 3.626
Epoch: [3/23], Batch: 1340/2963, Loss: 299.413, Trans_L2_m: 1.132, Yaw_err_deg: 3.842
Epoch: [3/23], Batch: 1350/2963, Loss: 282.294, Trans_L2_m: 0.877, Yaw_err_deg: 3.975
Epoch: [3/23], Batch: 1360/2963, Loss: 281.664, Trans_L2_m: 0.884, Yaw_err_deg: 5.246
Epoch: [3/23], Batch: 1370/2963, Loss: 175.176, Trans_L2_m: 0.904, Yaw_err_deg: 2.889
Epoch: [3/23], Batch: 1380/2963, Loss: 202.814, Trans_L2_m: 0.783, Yaw_err_deg: 3.076
Epoch: [3/23], Batch: 1390/2963, Loss: 275.274, Trans_L2_m: 0.787, Yaw_err_deg: 4.269
Epoch: [3/23], Batch: 1400/2963, Loss: 226.516, Trans_L2_m: 0.744, Yaw_err_deg: 3.573
Epoch: [3/23], Batch: 1410/2963, Loss: 233.751, Trans_L2_m: 0.788, Yaw_err_deg: 3.675
Epoch: [3/23], Batch: 1420/2963, Loss: 212.604, Trans_L2_m: 0.993, Yaw_err_deg: 2.662
Epoch: [3/23], Batch: 1430/2963, Loss: 293.810, Trans_L2_m: 1.030, Yaw_err_deg: 3.972
Epoch: [3/23], Batch: 1440/2963, Loss: 219.933, Trans_L2_m: 0.664, Yaw_err_deg: 3.992
Epoch: [3/23], Batch: 1450/2963, Loss: 221.033, Trans_L2_m: 1.016, Yaw_err_deg: 3.480
Epoch: [3/23], Batch: 1460/2963, Loss: 263.591, Trans_L2_m: 0.922, Yaw_err_deg: 4.198
Epoch: [3/23], Batch: 1470/2963, Loss: 220.351, Trans_L2_m: 0.684, Yaw_err_deg: 3.530
Epoch: [3/23], Batch: 1480/2963, Loss: 269.908, Trans_L2_m: 0.943, Yaw_err_deg: 4.470
Epoch: [3/23], Batch: 1490/2963, Loss: 445.782, Trans_L2_m: 0.764, Yaw_err_deg: 5.352
Epoch: [3/23], Batch: 1500/2963, Loss: 405.842, Trans_L2_m: 1.062, Yaw_err_deg: 5.630
Epoch: [3/23], Batch: 1510/2963, Loss: 286.210, Trans_L2_m: 0.904, Yaw_err_deg: 4.215
Epoch: [3/23], Batch: 1520/2963, Loss: 184.061, Trans_L2_m: 0.969, Yaw_err_deg: 2.904
Epoch: [3/23], Batch: 1530/2963, Loss: 195.214, Trans_L2_m: 0.988, Yaw_err_deg: 2.668
Epoch: [3/23], Batch: 1540/2963, Loss: 281.836, Trans_L2_m: 0.618, Yaw_err_deg: 4.847
Epoch: [3/23], Batch: 1550/2963, Loss: 181.251, Trans_L2_m: 0.645, Yaw_err_deg: 3.159
Epoch: [3/23], Batch: 1560/2963, Loss: 235.522, Trans_L2_m: 0.793, Yaw_err_deg: 3.925
Epoch: [3/23], Batch: 1570/2963, Loss: 171.691, Trans_L2_m: 0.895, Yaw_err_deg: 2.726
Epoch: [3/23], Batch: 1580/2963, Loss: 193.844, Trans_L2_m: 0.612, Yaw_err_deg: 3.043
Epoch: [3/23], Batch: 1590/2963, Loss: 138.301, Trans_L2_m: 0.716, Yaw_err_deg: 2.097
Epoch: [3/23], Batch: 1600/2963, Loss: 284.497, Trans_L2_m: 1.122, Yaw_err_deg: 4.229
Epoch: [3/23], Batch: 1610/2963, Loss: 186.058, Trans_L2_m: 0.636, Yaw_err_deg: 3.492
Epoch: [3/23], Batch: 1620/2963, Loss: 244.452, Trans_L2_m: 1.137, Yaw_err_deg: 4.184
Epoch: [3/23], Batch: 1630/2963, Loss: 300.669, Trans_L2_m: 0.987, Yaw_err_deg: 4.736
Epoch: [3/23], Batch: 1640/2963, Loss: 238.536, Trans_L2_m: 1.042, Yaw_err_deg: 3.926
Epoch: [3/23], Batch: 1650/2963, Loss: 298.365, Trans_L2_m: 0.826, Yaw_err_deg: 4.261
Epoch: [3/23], Batch: 1660/2963, Loss: 237.368, Trans_L2_m: 0.743, Yaw_err_deg: 4.315
Epoch: [3/23], Batch: 1670/2963, Loss: 187.702, Trans_L2_m: 0.898, Yaw_err_deg: 3.354
Epoch: [3/23], Batch: 1680/2963, Loss: 257.999, Trans_L2_m: 0.696, Yaw_err_deg: 3.703
Epoch: [3/23], Batch: 1690/2963, Loss: 207.736, Trans_L2_m: 0.881, Yaw_err_deg: 3.739
Epoch: [3/23], Batch: 1700/2963, Loss: 204.739, Trans_L2_m: 0.856, Yaw_err_deg: 3.505
Epoch: [3/23], Batch: 1710/2963, Loss: 219.037, Trans_L2_m: 0.856, Yaw_err_deg: 3.453
Epoch: [3/23], Batch: 1720/2963, Loss: 398.684, Trans_L2_m: 0.794, Yaw_err_deg: 5.987
Epoch: [3/23], Batch: 1730/2963, Loss: 290.436, Trans_L2_m: 1.248, Yaw_err_deg: 4.662
Epoch: [3/23], Batch: 1740/2963, Loss: 216.793, Trans_L2_m: 1.241, Yaw_err_deg: 3.130
Epoch: [3/23], Batch: 1750/2963, Loss: 364.969, Trans_L2_m: 1.014, Yaw_err_deg: 4.231
Epoch: [3/23], Batch: 1760/2963, Loss: 209.003, Trans_L2_m: 0.928, Yaw_err_deg: 3.536
Epoch: [3/23], Batch: 1770/2963, Loss: 254.748, Trans_L2_m: 0.902, Yaw_err_deg: 4.516
Epoch: [3/23], Batch: 1780/2963, Loss: 339.544, Trans_L2_m: 0.800, Yaw_err_deg: 4.228
Epoch: [3/23], Batch: 1790/2963, Loss: 152.753, Trans_L2_m: 0.738, Yaw_err_deg: 2.557
Epoch: [3/23], Batch: 1800/2963, Loss: 267.222, Trans_L2_m: 0.886, Yaw_err_deg: 3.510
Epoch: [3/23], Batch: 1810/2963, Loss: 221.440, Trans_L2_m: 0.782, Yaw_err_deg: 3.353
Epoch: [3/23], Batch: 1820/2963, Loss: 171.046, Trans_L2_m: 0.757, Yaw_err_deg: 2.818
Epoch: [3/23], Batch: 1830/2963, Loss: 288.944, Trans_L2_m: 0.972, Yaw_err_deg: 4.307
Epoch: [3/23], Batch: 1840/2963, Loss: 204.094, Trans_L2_m: 1.013, Yaw_err_deg: 3.775
Epoch: [3/23], Batch: 1850/2963, Loss: 328.297, Trans_L2_m: 0.948, Yaw_err_deg: 3.444
Epoch: [3/23], Batch: 1860/2963, Loss: 258.415, Trans_L2_m: 0.786, Yaw_err_deg: 3.778
Epoch: [3/23], Batch: 1870/2963, Loss: 182.126, Trans_L2_m: 0.950, Yaw_err_deg: 3.000
Epoch: [3/23], Batch: 1880/2963, Loss: 256.877, Trans_L2_m: 0.830, Yaw_err_deg: 4.443
Epoch: [3/23], Batch: 1890/2963, Loss: 208.836, Trans_L2_m: 0.894, Yaw_err_deg: 3.378
Epoch: [3/23], Batch: 1900/2963, Loss: 322.587, Trans_L2_m: 0.806, Yaw_err_deg: 3.264
Epoch: [3/23], Batch: 1910/2963, Loss: 207.319, Trans_L2_m: 0.728, Yaw_err_deg: 3.833
Epoch: [3/23], Batch: 1920/2963, Loss: 299.932, Trans_L2_m: 0.755, Yaw_err_deg: 4.071
Epoch: [3/23], Batch: 1930/2963, Loss: 143.904, Trans_L2_m: 0.840, Yaw_err_deg: 2.100
Epoch: [3/23], Batch: 1940/2963, Loss: 279.129, Trans_L2_m: 0.697, Yaw_err_deg: 3.683
Epoch: [3/23], Batch: 1950/2963, Loss: 282.120, Trans_L2_m: 1.202, Yaw_err_deg: 4.175
Epoch: [3/23], Batch: 1960/2963, Loss: 166.700, Trans_L2_m: 1.016, Yaw_err_deg: 2.696
Epoch: [3/23], Batch: 1970/2963, Loss: 202.322, Trans_L2_m: 0.774, Yaw_err_deg: 3.359
Epoch: [3/23], Batch: 1980/2963, Loss: 225.370, Trans_L2_m: 0.772, Yaw_err_deg: 3.771
Epoch: [3/23], Batch: 1990/2963, Loss: 241.289, Trans_L2_m: 0.559, Yaw_err_deg: 3.947
Epoch: [3/23], Batch: 2000/2963, Loss: 515.027, Trans_L2_m: 0.850, Yaw_err_deg: 6.902
Epoch: [3/23], Batch: 2010/2963, Loss: 193.840, Trans_L2_m: 0.719, Yaw_err_deg: 3.002
Epoch: [3/23], Batch: 2020/2963, Loss: 237.955, Trans_L2_m: 0.534, Yaw_err_deg: 4.155
Epoch: [3/23], Batch: 2030/2963, Loss: 278.703, Trans_L2_m: 0.837, Yaw_err_deg: 3.668
Epoch: [3/23], Batch: 2040/2963, Loss: 199.965, Trans_L2_m: 0.786, Yaw_err_deg: 3.331
Epoch: [3/23], Batch: 2050/2963, Loss: 163.868, Trans_L2_m: 0.797, Yaw_err_deg: 2.970
Epoch: [3/23], Batch: 2060/2963, Loss: 346.143, Trans_L2_m: 1.055, Yaw_err_deg: 4.732
Epoch: [3/23], Batch: 2070/2963, Loss: 287.116, Trans_L2_m: 0.939, Yaw_err_deg: 4.079
Epoch: [3/23], Batch: 2080/2963, Loss: 171.783, Trans_L2_m: 1.164, Yaw_err_deg: 2.598
Epoch: [3/23], Batch: 2090/2963, Loss: 209.524, Trans_L2_m: 0.997, Yaw_err_deg: 2.948
Epoch: [3/23], Batch: 2100/2963, Loss: 251.901, Trans_L2_m: 1.081, Yaw_err_deg: 3.529
Epoch: [3/23], Batch: 2110/2963, Loss: 230.484, Trans_L2_m: 0.761, Yaw_err_deg: 4.106
Epoch: [3/23], Batch: 2120/2963, Loss: 285.579, Trans_L2_m: 0.669, Yaw_err_deg: 4.847
Epoch: [3/23], Batch: 2130/2963, Loss: 194.476, Trans_L2_m: 0.882, Yaw_err_deg: 2.799
Epoch: [3/23], Batch: 2140/2963, Loss: 264.105, Trans_L2_m: 0.963, Yaw_err_deg: 3.917
Epoch: [3/23], Batch: 2150/2963, Loss: 212.395, Trans_L2_m: 0.733, Yaw_err_deg: 3.794
Epoch: [3/23], Batch: 2160/2963, Loss: 151.194, Trans_L2_m: 0.856, Yaw_err_deg: 2.990
Epoch: [3/23], Batch: 2170/2963, Loss: 438.221, Trans_L2_m: 0.564, Yaw_err_deg: 5.051
Epoch: [3/23], Batch: 2180/2963, Loss: 247.946, Trans_L2_m: 0.700, Yaw_err_deg: 4.481
Epoch: [3/23], Batch: 2190/2963, Loss: 526.112, Trans_L2_m: 0.862, Yaw_err_deg: 5.488
Epoch: [3/23], Batch: 2200/2963, Loss: 184.684, Trans_L2_m: 1.066, Yaw_err_deg: 2.963
Epoch: [3/23], Batch: 2210/2963, Loss: 396.807, Trans_L2_m: 0.742, Yaw_err_deg: 4.006
Epoch: [3/23], Batch: 2220/2963, Loss: 162.946, Trans_L2_m: 0.728, Yaw_err_deg: 2.336
Epoch: [3/23], Batch: 2230/2963, Loss: 297.107, Trans_L2_m: 0.907, Yaw_err_deg: 4.981
Epoch: [3/23], Batch: 2240/2963, Loss: 169.816, Trans_L2_m: 0.872, Yaw_err_deg: 2.826
Epoch: [3/23], Batch: 2250/2963, Loss: 254.301, Trans_L2_m: 0.945, Yaw_err_deg: 4.014
Epoch: [3/23], Batch: 2260/2963, Loss: 183.967, Trans_L2_m: 0.940, Yaw_err_deg: 2.901
Epoch: [3/23], Batch: 2270/2963, Loss: 279.642, Trans_L2_m: 1.171, Yaw_err_deg: 3.957
Epoch: [3/23], Batch: 2280/2963, Loss: 167.770, Trans_L2_m: 0.923, Yaw_err_deg: 2.687
Epoch: [3/23], Batch: 2290/2963, Loss: 185.807, Trans_L2_m: 0.702, Yaw_err_deg: 3.449
Epoch: [3/23], Batch: 2300/2963, Loss: 250.681, Trans_L2_m: 1.051, Yaw_err_deg: 4.264
Epoch: [3/23], Batch: 2310/2963, Loss: 505.249, Trans_L2_m: 0.674, Yaw_err_deg: 5.380
Epoch: [3/23], Batch: 2320/2963, Loss: 294.388, Trans_L2_m: 0.744, Yaw_err_deg: 4.579
Epoch: [3/23], Batch: 2330/2963, Loss: 178.406, Trans_L2_m: 0.748, Yaw_err_deg: 2.830
Epoch: [3/23], Batch: 2340/2963, Loss: 530.527, Trans_L2_m: 0.914, Yaw_err_deg: 6.058
Epoch: [3/23], Batch: 2350/2963, Loss: 398.153, Trans_L2_m: 0.662, Yaw_err_deg: 5.817
Epoch: [3/23], Batch: 2360/2963, Loss: 424.252, Trans_L2_m: 0.829, Yaw_err_deg: 4.639
Epoch: [3/23], Batch: 2370/2963, Loss: 722.395, Trans_L2_m: 0.933, Yaw_err_deg: 7.065
Epoch: [3/23], Batch: 2380/2963, Loss: 223.424, Trans_L2_m: 0.868, Yaw_err_deg: 3.848
Epoch: [3/23], Batch: 2390/2963, Loss: 240.036, Trans_L2_m: 0.639, Yaw_err_deg: 3.894
Epoch: [3/23], Batch: 2400/2963, Loss: 173.140, Trans_L2_m: 0.629, Yaw_err_deg: 2.929
Epoch: [3/23], Batch: 2410/2963, Loss: 162.868, Trans_L2_m: 0.924, Yaw_err_deg: 2.850
Epoch: [3/23], Batch: 2420/2963, Loss: 276.076, Trans_L2_m: 0.928, Yaw_err_deg: 4.366
Epoch: [3/23], Batch: 2430/2963, Loss: 135.279, Trans_L2_m: 0.850, Yaw_err_deg: 2.310
Epoch: [3/23], Batch: 2440/2963, Loss: 264.834, Trans_L2_m: 0.753, Yaw_err_deg: 3.725
Epoch: [3/23], Batch: 2450/2963, Loss: 145.937, Trans_L2_m: 0.693, Yaw_err_deg: 2.416
Epoch: [3/23], Batch: 2460/2963, Loss: 237.750, Trans_L2_m: 0.792, Yaw_err_deg: 4.304
Epoch: [3/23], Batch: 2470/2963, Loss: 151.635, Trans_L2_m: 0.906, Yaw_err_deg: 2.403
Epoch: [3/23], Batch: 2480/2963, Loss: 380.182, Trans_L2_m: 0.796, Yaw_err_deg: 5.222
Epoch: [3/23], Batch: 2490/2963, Loss: 210.603, Trans_L2_m: 0.753, Yaw_err_deg: 3.918
Epoch: [3/23], Batch: 2500/2963, Loss: 166.196, Trans_L2_m: 0.956, Yaw_err_deg: 2.760
Epoch: [3/23], Batch: 2510/2963, Loss: 313.513, Trans_L2_m: 0.544, Yaw_err_deg: 4.868
Epoch: [3/23], Batch: 2520/2963, Loss: 669.664, Trans_L2_m: 0.764, Yaw_err_deg: 5.729
Epoch: [3/23], Batch: 2530/2963, Loss: 146.407, Trans_L2_m: 0.612, Yaw_err_deg: 2.963
Epoch: [3/23], Batch: 2540/2963, Loss: 213.780, Trans_L2_m: 0.775, Yaw_err_deg: 3.271
Epoch: [3/23], Batch: 2550/2963, Loss: 202.619, Trans_L2_m: 0.594, Yaw_err_deg: 3.913
Epoch: [3/23], Batch: 2560/2963, Loss: 198.530, Trans_L2_m: 0.748, Yaw_err_deg: 3.425
Epoch: [3/23], Batch: 2570/2963, Loss: 258.959, Trans_L2_m: 0.917, Yaw_err_deg: 3.475
Epoch: [3/23], Batch: 2580/2963, Loss: 468.224, Trans_L2_m: 1.714, Yaw_err_deg: 4.085
Epoch: [3/23], Batch: 2590/2963, Loss: 159.967, Trans_L2_m: 0.808, Yaw_err_deg: 3.095
Epoch: [3/23], Batch: 2600/2963, Loss: 243.439, Trans_L2_m: 0.833, Yaw_err_deg: 4.192
Epoch: [3/23], Batch: 2610/2963, Loss: 408.025, Trans_L2_m: 0.768, Yaw_err_deg: 5.371
Epoch: [3/23], Batch: 2620/2963, Loss: 213.712, Trans_L2_m: 0.873, Yaw_err_deg: 3.219
Epoch: [3/23], Batch: 2630/2963, Loss: 254.186, Trans_L2_m: 0.721, Yaw_err_deg: 3.943
Epoch: [3/23], Batch: 2640/2963, Loss: 205.197, Trans_L2_m: 0.659, Yaw_err_deg: 2.758
Epoch: [3/23], Batch: 2650/2963, Loss: 150.155, Trans_L2_m: 0.757, Yaw_err_deg: 2.622
Epoch: [3/23], Batch: 2660/2963, Loss: 530.938, Trans_L2_m: 0.733, Yaw_err_deg: 5.076
Epoch: [3/23], Batch: 2670/2963, Loss: 365.069, Trans_L2_m: 0.727, Yaw_err_deg: 4.865
Epoch: [3/23], Batch: 2680/2963, Loss: 402.995, Trans_L2_m: 0.701, Yaw_err_deg: 3.873
Epoch: [3/23], Batch: 2690/2963, Loss: 190.562, Trans_L2_m: 0.566, Yaw_err_deg: 3.652
Epoch: [3/23], Batch: 2700/2963, Loss: 173.924, Trans_L2_m: 0.673, Yaw_err_deg: 2.829
Epoch: [3/23], Batch: 2710/2963, Loss: 185.089, Trans_L2_m: 0.712, Yaw_err_deg: 3.440
Epoch: [3/23], Batch: 2720/2963, Loss: 198.706, Trans_L2_m: 0.510, Yaw_err_deg: 3.841
Epoch: [3/23], Batch: 2730/2963, Loss: 265.754, Trans_L2_m: 0.825, Yaw_err_deg: 4.387
Epoch: [3/23], Batch: 2740/2963, Loss: 262.256, Trans_L2_m: 0.670, Yaw_err_deg: 4.220
Epoch: [3/23], Batch: 2750/2963, Loss: 202.261, Trans_L2_m: 0.662, Yaw_err_deg: 3.429
Epoch: [3/23], Batch: 2760/2963, Loss: 161.517, Trans_L2_m: 0.816, Yaw_err_deg: 2.637
Epoch: [3/23], Batch: 2770/2963, Loss: 185.799, Trans_L2_m: 0.770, Yaw_err_deg: 2.358
Epoch: [3/23], Batch: 2780/2963, Loss: 252.931, Trans_L2_m: 0.760, Yaw_err_deg: 3.844
Epoch: [3/23], Batch: 2790/2963, Loss: 139.828, Trans_L2_m: 0.792, Yaw_err_deg: 2.254
Epoch: [3/23], Batch: 2800/2963, Loss: 400.246, Trans_L2_m: 0.727, Yaw_err_deg: 5.989
Epoch: [3/23], Batch: 2810/2963, Loss: 517.651, Trans_L2_m: 0.597, Yaw_err_deg: 5.240
Epoch: [3/23], Batch: 2820/2963, Loss: 184.890, Trans_L2_m: 0.856, Yaw_err_deg: 3.083
Epoch: [3/23], Batch: 2830/2963, Loss: 196.969, Trans_L2_m: 0.789, Yaw_err_deg: 2.980
Epoch: [3/23], Batch: 2840/2963, Loss: 256.079, Trans_L2_m: 0.915, Yaw_err_deg: 3.532
Epoch: [3/23], Batch: 2850/2963, Loss: 182.368, Trans_L2_m: 0.886, Yaw_err_deg: 3.019
Epoch: [3/23], Batch: 2860/2963, Loss: 300.759, Trans_L2_m: 1.397, Yaw_err_deg: 3.419
Epoch: [3/23], Batch: 2870/2963, Loss: 145.986, Trans_L2_m: 0.801, Yaw_err_deg: 2.699
Epoch: [3/23], Batch: 2880/2963, Loss: 160.392, Trans_L2_m: 0.829, Yaw_err_deg: 3.077
Epoch: [3/23], Batch: 2890/2963, Loss: 218.852, Trans_L2_m: 1.020, Yaw_err_deg: 3.648
Epoch: [3/23], Batch: 2900/2963, Loss: 222.781, Trans_L2_m: 0.845, Yaw_err_deg: 3.878
Epoch: [3/23], Batch: 2910/2963, Loss: 243.747, Trans_L2_m: 0.629, Yaw_err_deg: 3.737
Epoch: [3/23], Batch: 2920/2963, Loss: 469.039, Trans_L2_m: 0.865, Yaw_err_deg: 5.040
Epoch: [3/23], Batch: 2930/2963, Loss: 215.995, Trans_L2_m: 0.889, Yaw_err_deg: 3.707
Epoch: [3/23], Batch: 2940/2963, Loss: 204.217, Trans_L2_m: 0.884, Yaw_err_deg: 3.473
Epoch: [3/23], Batch: 2950/2963, Loss: 208.487, Trans_L2_m: 0.660, Yaw_err_deg: 3.495
Epoch: [3/23], Batch: 2960/2963, Loss: 129.525, Trans_L2_m: 0.675, Yaw_err_deg: 2.279
Validation loss (homography): 805.7615
Avg batch time: 1008.14 ms, total: 326.902 s
[1;94mSave the best of 805.7615356445312, at checkpoints/2025_12_28_23_36_00_best_checkpoint_zod.pth[0m
Epoch: [4/23], Batch: 0/2963, Loss: 282.613, Trans_L2_m: 1.205, Yaw_err_deg: 3.476
Epoch: [4/23], Batch: 10/2963, Loss: 303.196, Trans_L2_m: 1.004, Yaw_err_deg: 4.649
Epoch: [4/23], Batch: 20/2963, Loss: 205.557, Trans_L2_m: 0.802, Yaw_err_deg: 2.591
Epoch: [4/23], Batch: 30/2963, Loss: 164.716, Trans_L2_m: 0.764, Yaw_err_deg: 2.943
Epoch: [4/23], Batch: 40/2963, Loss: 197.299, Trans_L2_m: 0.552, Yaw_err_deg: 4.017
Epoch: [4/23], Batch: 50/2963, Loss: 357.391, Trans_L2_m: 0.712, Yaw_err_deg: 4.436
Epoch: [4/23], Batch: 60/2963, Loss: 286.140, Trans_L2_m: 0.670, Yaw_err_deg: 4.073
Epoch: [4/23], Batch: 70/2963, Loss: 129.127, Trans_L2_m: 0.703, Yaw_err_deg: 2.273
Epoch: [4/23], Batch: 80/2963, Loss: 142.155, Trans_L2_m: 0.849, Yaw_err_deg: 2.070
Epoch: [4/23], Batch: 90/2963, Loss: 275.678, Trans_L2_m: 0.935, Yaw_err_deg: 4.712
Epoch: [4/23], Batch: 100/2963, Loss: 258.649, Trans_L2_m: 0.646, Yaw_err_deg: 3.293
Epoch: [4/23], Batch: 110/2963, Loss: 264.171, Trans_L2_m: 0.909, Yaw_err_deg: 3.559
Epoch: [4/23], Batch: 120/2963, Loss: 196.584, Trans_L2_m: 0.499, Yaw_err_deg: 3.377
Epoch: [4/23], Batch: 130/2963, Loss: 133.136, Trans_L2_m: 0.640, Yaw_err_deg: 2.658
Epoch: [4/23], Batch: 140/2963, Loss: 123.893, Trans_L2_m: 0.596, Yaw_err_deg: 2.538
Epoch: [4/23], Batch: 150/2963, Loss: 540.762, Trans_L2_m: 0.683, Yaw_err_deg: 5.825
Epoch: [4/23], Batch: 160/2963, Loss: 141.891, Trans_L2_m: 0.828, Yaw_err_deg: 2.678
Epoch: [4/23], Batch: 170/2963, Loss: 145.375, Trans_L2_m: 0.667, Yaw_err_deg: 2.447
Epoch: [4/23], Batch: 180/2963, Loss: 204.764, Trans_L2_m: 0.561, Yaw_err_deg: 3.544
Epoch: [4/23], Batch: 190/2963, Loss: 143.846, Trans_L2_m: 0.532, Yaw_err_deg: 2.348
Epoch: [4/23], Batch: 200/2963, Loss: 203.357, Trans_L2_m: 0.854, Yaw_err_deg: 3.628
Epoch: [4/23], Batch: 210/2963, Loss: 122.943, Trans_L2_m: 0.666, Yaw_err_deg: 2.475
Epoch: [4/23], Batch: 220/2963, Loss: 210.058, Trans_L2_m: 0.784, Yaw_err_deg: 4.064
Epoch: [4/23], Batch: 230/2963, Loss: 368.520, Trans_L2_m: 0.737, Yaw_err_deg: 4.646
Epoch: [4/23], Batch: 240/2963, Loss: 426.315, Trans_L2_m: 0.663, Yaw_err_deg: 4.398
Epoch: [4/23], Batch: 250/2963, Loss: 236.603, Trans_L2_m: 1.019, Yaw_err_deg: 3.368
Epoch: [4/23], Batch: 260/2963, Loss: 193.209, Trans_L2_m: 0.900, Yaw_err_deg: 3.020
Epoch: [4/23], Batch: 270/2963, Loss: 219.138, Trans_L2_m: 0.915, Yaw_err_deg: 3.787
Epoch: [4/23], Batch: 280/2963, Loss: 167.570, Trans_L2_m: 0.680, Yaw_err_deg: 3.103
Epoch: [4/23], Batch: 290/2963, Loss: 397.129, Trans_L2_m: 1.126, Yaw_err_deg: 4.783
Epoch: [4/23], Batch: 300/2963, Loss: 310.931, Trans_L2_m: 0.811, Yaw_err_deg: 4.539
Epoch: [4/23], Batch: 310/2963, Loss: 264.198, Trans_L2_m: 0.573, Yaw_err_deg: 4.351
Epoch: [4/23], Batch: 320/2963, Loss: 221.484, Trans_L2_m: 0.689, Yaw_err_deg: 3.694
Epoch: [4/23], Batch: 330/2963, Loss: 158.438, Trans_L2_m: 1.006, Yaw_err_deg: 2.382
Epoch: [4/23], Batch: 340/2963, Loss: 116.101, Trans_L2_m: 1.019, Yaw_err_deg: 1.635
Epoch: [4/23], Batch: 350/2963, Loss: 237.594, Trans_L2_m: 0.682, Yaw_err_deg: 3.493
Epoch: [4/23], Batch: 360/2963, Loss: 178.875, Trans_L2_m: 1.221, Yaw_err_deg: 2.912
Epoch: [4/23], Batch: 370/2963, Loss: 249.690, Trans_L2_m: 0.988, Yaw_err_deg: 4.281
Epoch: [4/23], Batch: 380/2963, Loss: 198.891, Trans_L2_m: 0.969, Yaw_err_deg: 3.518
Epoch: [4/23], Batch: 390/2963, Loss: 372.005, Trans_L2_m: 0.841, Yaw_err_deg: 4.292
Epoch: [4/23], Batch: 400/2963, Loss: 128.600, Trans_L2_m: 0.724, Yaw_err_deg: 2.098
Epoch: [4/23], Batch: 410/2963, Loss: 117.882, Trans_L2_m: 0.926, Yaw_err_deg: 1.864
Epoch: [4/23], Batch: 420/2963, Loss: 213.653, Trans_L2_m: 0.848, Yaw_err_deg: 3.346
Epoch: [4/23], Batch: 430/2963, Loss: 219.360, Trans_L2_m: 0.853, Yaw_err_deg: 3.543
Epoch: [4/23], Batch: 440/2963, Loss: 201.867, Trans_L2_m: 0.821, Yaw_err_deg: 3.657
Epoch: [4/23], Batch: 450/2963, Loss: 210.794, Trans_L2_m: 0.664, Yaw_err_deg: 3.823
Epoch: [4/23], Batch: 460/2963, Loss: 196.049, Trans_L2_m: 0.870, Yaw_err_deg: 2.883
Epoch: [4/23], Batch: 470/2963, Loss: 270.696, Trans_L2_m: 0.886, Yaw_err_deg: 3.358
Epoch: [4/23], Batch: 480/2963, Loss: 129.511, Trans_L2_m: 0.619, Yaw_err_deg: 2.192
Epoch: [4/23], Batch: 490/2963, Loss: 208.787, Trans_L2_m: 0.615, Yaw_err_deg: 3.767
Epoch: [4/23], Batch: 500/2963, Loss: 257.170, Trans_L2_m: 0.730, Yaw_err_deg: 4.179
Epoch: [4/23], Batch: 510/2963, Loss: 153.877, Trans_L2_m: 0.867, Yaw_err_deg: 3.065
Epoch: [4/23], Batch: 520/2963, Loss: 205.391, Trans_L2_m: 0.966, Yaw_err_deg: 3.283
Epoch: [4/23], Batch: 530/2963, Loss: 194.409, Trans_L2_m: 0.607, Yaw_err_deg: 3.296
Epoch: [4/23], Batch: 540/2963, Loss: 225.452, Trans_L2_m: 0.773, Yaw_err_deg: 3.567
Epoch: [4/23], Batch: 550/2963, Loss: 132.966, Trans_L2_m: 0.665, Yaw_err_deg: 2.365
Epoch: [4/23], Batch: 560/2963, Loss: 242.675, Trans_L2_m: 0.530, Yaw_err_deg: 3.762
Epoch: [4/23], Batch: 570/2963, Loss: 112.461, Trans_L2_m: 0.680, Yaw_err_deg: 1.888
Epoch: [4/23], Batch: 580/2963, Loss: 137.929, Trans_L2_m: 0.698, Yaw_err_deg: 2.674
Epoch: [4/23], Batch: 590/2963, Loss: 164.138, Trans_L2_m: 0.813, Yaw_err_deg: 2.880
Epoch: [4/23], Batch: 600/2963, Loss: 247.120, Trans_L2_m: 0.907, Yaw_err_deg: 4.013
Epoch: [4/23], Batch: 610/2963, Loss: 163.629, Trans_L2_m: 1.082, Yaw_err_deg: 2.876
Epoch: [4/23], Batch: 620/2963, Loss: 147.684, Trans_L2_m: 0.725, Yaw_err_deg: 2.406
Epoch: [4/23], Batch: 630/2963, Loss: 140.576, Trans_L2_m: 0.816, Yaw_err_deg: 2.951
Epoch: [4/23], Batch: 640/2963, Loss: 156.452, Trans_L2_m: 0.780, Yaw_err_deg: 3.037
Epoch: [4/23], Batch: 650/2963, Loss: 274.249, Trans_L2_m: 0.648, Yaw_err_deg: 3.307
Epoch: [4/23], Batch: 660/2963, Loss: 156.633, Trans_L2_m: 0.627, Yaw_err_deg: 2.965
Epoch: [4/23], Batch: 670/2963, Loss: 314.366, Trans_L2_m: 0.778, Yaw_err_deg: 4.791
Epoch: [4/23], Batch: 680/2963, Loss: 120.621, Trans_L2_m: 0.723, Yaw_err_deg: 2.651
Epoch: [4/23], Batch: 690/2963, Loss: 286.325, Trans_L2_m: 0.433, Yaw_err_deg: 3.605
Epoch: [4/23], Batch: 700/2963, Loss: 296.096, Trans_L2_m: 0.573, Yaw_err_deg: 5.209
Epoch: [4/23], Batch: 710/2963, Loss: 107.675, Trans_L2_m: 0.516, Yaw_err_deg: 2.054
Epoch: [4/23], Batch: 720/2963, Loss: 182.077, Trans_L2_m: 0.664, Yaw_err_deg: 2.730
Epoch: [4/23], Batch: 730/2963, Loss: 235.784, Trans_L2_m: 0.957, Yaw_err_deg: 3.590
Epoch: [4/23], Batch: 740/2963, Loss: 115.090, Trans_L2_m: 0.708, Yaw_err_deg: 2.078
Epoch: [4/23], Batch: 750/2963, Loss: 247.681, Trans_L2_m: 0.615, Yaw_err_deg: 4.355
Epoch: [4/23], Batch: 760/2963, Loss: 251.825, Trans_L2_m: 0.628, Yaw_err_deg: 4.105
Epoch: [4/23], Batch: 770/2963, Loss: 157.426, Trans_L2_m: 0.694, Yaw_err_deg: 2.890
Epoch: [4/23], Batch: 780/2963, Loss: 277.195, Trans_L2_m: 0.865, Yaw_err_deg: 3.686
Epoch: [4/23], Batch: 790/2963, Loss: 324.079, Trans_L2_m: 0.751, Yaw_err_deg: 4.307
Epoch: [4/23], Batch: 800/2963, Loss: 174.341, Trans_L2_m: 0.774, Yaw_err_deg: 3.291
Epoch: [4/23], Batch: 810/2963, Loss: 136.529, Trans_L2_m: 0.839, Yaw_err_deg: 2.581
Epoch: [4/23], Batch: 820/2963, Loss: 204.882, Trans_L2_m: 0.926, Yaw_err_deg: 3.410
Epoch: [4/23], Batch: 830/2963, Loss: 275.187, Trans_L2_m: 1.023, Yaw_err_deg: 4.457
Epoch: [4/23], Batch: 840/2963, Loss: 100.384, Trans_L2_m: 0.632, Yaw_err_deg: 1.956
Epoch: [4/23], Batch: 850/2963, Loss: 251.004, Trans_L2_m: 0.841, Yaw_err_deg: 4.128
Epoch: [4/23], Batch: 860/2963, Loss: 451.226, Trans_L2_m: 0.772, Yaw_err_deg: 4.079
Epoch: [4/23], Batch: 870/2963, Loss: 364.033, Trans_L2_m: 0.982, Yaw_err_deg: 3.587
Epoch: [4/23], Batch: 880/2963, Loss: 238.455, Trans_L2_m: 0.669, Yaw_err_deg: 2.950
Epoch: [4/23], Batch: 890/2963, Loss: 227.036, Trans_L2_m: 0.903, Yaw_err_deg: 4.096
Epoch: [4/23], Batch: 900/2963, Loss: 307.978, Trans_L2_m: 0.722, Yaw_err_deg: 3.754
Epoch: [4/23], Batch: 910/2963, Loss: 151.200, Trans_L2_m: 0.565, Yaw_err_deg: 2.501
Epoch: [4/23], Batch: 920/2963, Loss: 145.768, Trans_L2_m: 0.782, Yaw_err_deg: 3.143
Epoch: [4/23], Batch: 930/2963, Loss: 101.059, Trans_L2_m: 0.532, Yaw_err_deg: 1.899
Epoch: [4/23], Batch: 940/2963, Loss: 187.393, Trans_L2_m: 0.791, Yaw_err_deg: 3.036
Epoch: [4/23], Batch: 950/2963, Loss: 180.712, Trans_L2_m: 0.681, Yaw_err_deg: 3.676
Epoch: [4/23], Batch: 960/2963, Loss: 178.963, Trans_L2_m: 0.816, Yaw_err_deg: 3.371
Epoch: [4/23], Batch: 970/2963, Loss: 404.414, Trans_L2_m: 0.700, Yaw_err_deg: 4.954
Epoch: [4/23], Batch: 980/2963, Loss: 245.919, Trans_L2_m: 0.543, Yaw_err_deg: 4.418
Epoch: [4/23], Batch: 990/2963, Loss: 161.938, Trans_L2_m: 1.023, Yaw_err_deg: 3.240
Epoch: [4/23], Batch: 1000/2963, Loss: 178.235, Trans_L2_m: 0.611, Yaw_err_deg: 2.581
Epoch: [4/23], Batch: 1010/2963, Loss: 195.958, Trans_L2_m: 0.791, Yaw_err_deg: 3.334
Epoch: [4/23], Batch: 1020/2963, Loss: 274.613, Trans_L2_m: 1.023, Yaw_err_deg: 3.898
Epoch: [4/23], Batch: 1030/2963, Loss: 112.384, Trans_L2_m: 0.776, Yaw_err_deg: 1.849
Epoch: [4/23], Batch: 1040/2963, Loss: 153.676, Trans_L2_m: 0.906, Yaw_err_deg: 2.346
Epoch: [4/23], Batch: 1050/2963, Loss: 550.386, Trans_L2_m: 0.760, Yaw_err_deg: 5.557
Epoch: [4/23], Batch: 1060/2963, Loss: 144.595, Trans_L2_m: 0.798, Yaw_err_deg: 2.943
Epoch: [4/23], Batch: 1070/2963, Loss: 202.378, Trans_L2_m: 0.525, Yaw_err_deg: 2.729
Epoch: [4/23], Batch: 1080/2963, Loss: 415.483, Trans_L2_m: 0.796, Yaw_err_deg: 4.349
Epoch: [4/23], Batch: 1090/2963, Loss: 230.528, Trans_L2_m: 1.140, Yaw_err_deg: 3.479
Epoch: [4/23], Batch: 1100/2963, Loss: 192.322, Trans_L2_m: 0.762, Yaw_err_deg: 3.320
Epoch: [4/23], Batch: 1110/2963, Loss: 191.375, Trans_L2_m: 0.869, Yaw_err_deg: 3.077
Epoch: [4/23], Batch: 1120/2963, Loss: 203.992, Trans_L2_m: 0.941, Yaw_err_deg: 3.346
Epoch: [4/23], Batch: 1130/2963, Loss: 120.762, Trans_L2_m: 0.886, Yaw_err_deg: 2.053
Epoch: [4/23], Batch: 1140/2963, Loss: 161.374, Trans_L2_m: 1.044, Yaw_err_deg: 2.521
Epoch: [4/23], Batch: 1150/2963, Loss: 189.644, Trans_L2_m: 0.975, Yaw_err_deg: 2.978
Epoch: [4/23], Batch: 1160/2963, Loss: 132.864, Trans_L2_m: 0.879, Yaw_err_deg: 2.599
Epoch: [4/23], Batch: 1170/2963, Loss: 183.577, Trans_L2_m: 0.818, Yaw_err_deg: 3.540
Epoch: [4/23], Batch: 1180/2963, Loss: 156.666, Trans_L2_m: 0.501, Yaw_err_deg: 3.371
Epoch: [4/23], Batch: 1190/2963, Loss: 174.172, Trans_L2_m: 0.667, Yaw_err_deg: 3.400
Epoch: [4/23], Batch: 1200/2963, Loss: 194.371, Trans_L2_m: 0.771, Yaw_err_deg: 3.373
Epoch: [4/23], Batch: 1210/2963, Loss: 126.304, Trans_L2_m: 0.506, Yaw_err_deg: 2.153
Epoch: [4/23], Batch: 1220/2963, Loss: 150.421, Trans_L2_m: 0.735, Yaw_err_deg: 2.767
Epoch: [4/23], Batch: 1230/2963, Loss: 129.453, Trans_L2_m: 0.616, Yaw_err_deg: 2.480
Epoch: [4/23], Batch: 1240/2963, Loss: 208.770, Trans_L2_m: 0.781, Yaw_err_deg: 3.436
Epoch: [4/23], Batch: 1250/2963, Loss: 143.424, Trans_L2_m: 0.712, Yaw_err_deg: 2.994
Epoch: [4/23], Batch: 1260/2963, Loss: 137.025, Trans_L2_m: 0.759, Yaw_err_deg: 3.026
Epoch: [4/23], Batch: 1270/2963, Loss: 175.098, Trans_L2_m: 0.812, Yaw_err_deg: 3.226
Epoch: [4/23], Batch: 1280/2963, Loss: 171.882, Trans_L2_m: 0.915, Yaw_err_deg: 3.041
Epoch: [4/23], Batch: 1290/2963, Loss: 206.025, Trans_L2_m: 0.575, Yaw_err_deg: 4.128
Epoch: [4/23], Batch: 1300/2963, Loss: 126.019, Trans_L2_m: 0.710, Yaw_err_deg: 2.377
Epoch: [4/23], Batch: 1310/2963, Loss: 154.429, Trans_L2_m: 0.715, Yaw_err_deg: 2.777
Epoch: [4/23], Batch: 1320/2963, Loss: 154.614, Trans_L2_m: 0.793, Yaw_err_deg: 2.965
Epoch: [4/23], Batch: 1330/2963, Loss: 229.780, Trans_L2_m: 0.751, Yaw_err_deg: 4.019
Epoch: [4/23], Batch: 1340/2963, Loss: 125.646, Trans_L2_m: 0.691, Yaw_err_deg: 2.214
Epoch: [4/23], Batch: 1350/2963, Loss: 158.078, Trans_L2_m: 0.720, Yaw_err_deg: 2.830
Epoch: [4/23], Batch: 1360/2963, Loss: 139.626, Trans_L2_m: 0.672, Yaw_err_deg: 2.852
Epoch: [4/23], Batch: 1370/2963, Loss: 143.290, Trans_L2_m: 0.734, Yaw_err_deg: 2.750
Epoch: [4/23], Batch: 1380/2963, Loss: 185.681, Trans_L2_m: 0.700, Yaw_err_deg: 3.308
Epoch: [4/23], Batch: 1390/2963, Loss: 116.464, Trans_L2_m: 0.636, Yaw_err_deg: 1.640
Epoch: [4/23], Batch: 1400/2963, Loss: 515.969, Trans_L2_m: 0.920, Yaw_err_deg: 5.203
Epoch: [4/23], Batch: 1410/2963, Loss: 121.976, Trans_L2_m: 0.744, Yaw_err_deg: 2.314
Epoch: [4/23], Batch: 1420/2963, Loss: 177.717, Trans_L2_m: 0.718, Yaw_err_deg: 2.531
Epoch: [4/23], Batch: 1430/2963, Loss: 150.716, Trans_L2_m: 0.786, Yaw_err_deg: 2.676
Epoch: [4/23], Batch: 1440/2963, Loss: 164.644, Trans_L2_m: 0.781, Yaw_err_deg: 3.078
Epoch: [4/23], Batch: 1450/2963, Loss: 131.153, Trans_L2_m: 1.101, Yaw_err_deg: 2.038
Epoch: [4/23], Batch: 1460/2963, Loss: 187.036, Trans_L2_m: 0.701, Yaw_err_deg: 3.760
Epoch: [4/23], Batch: 1470/2963, Loss: 150.154, Trans_L2_m: 0.701, Yaw_err_deg: 2.788
Epoch: [4/23], Batch: 1480/2963, Loss: 162.096, Trans_L2_m: 0.810, Yaw_err_deg: 3.116
Epoch: [4/23], Batch: 1490/2963, Loss: 196.520, Trans_L2_m: 0.597, Yaw_err_deg: 3.459
Epoch: [4/23], Batch: 1500/2963, Loss: 168.425, Trans_L2_m: 0.639, Yaw_err_deg: 3.017
Epoch: [4/23], Batch: 1510/2963, Loss: 253.513, Trans_L2_m: 0.722, Yaw_err_deg: 4.655
Epoch: [4/23], Batch: 1520/2963, Loss: 197.567, Trans_L2_m: 0.786, Yaw_err_deg: 3.394
Epoch: [4/23], Batch: 1530/2963, Loss: 159.740, Trans_L2_m: 0.916, Yaw_err_deg: 2.981
Epoch: [4/23], Batch: 1540/2963, Loss: 156.350, Trans_L2_m: 0.728, Yaw_err_deg: 2.939
Epoch: [4/23], Batch: 1550/2963, Loss: 186.380, Trans_L2_m: 0.903, Yaw_err_deg: 3.196
Epoch: [4/23], Batch: 1560/2963, Loss: 91.470, Trans_L2_m: 0.863, Yaw_err_deg: 1.481
Epoch: [4/23], Batch: 1570/2963, Loss: 159.496, Trans_L2_m: 1.212, Yaw_err_deg: 2.078
Epoch: [4/23], Batch: 1580/2963, Loss: 206.808, Trans_L2_m: 1.018, Yaw_err_deg: 2.972
Epoch: [4/23], Batch: 1590/2963, Loss: 178.392, Trans_L2_m: 0.621, Yaw_err_deg: 3.404
Epoch: [4/23], Batch: 1600/2963, Loss: 165.884, Trans_L2_m: 0.657, Yaw_err_deg: 3.031
Epoch: [4/23], Batch: 1610/2963, Loss: 546.699, Trans_L2_m: 0.542, Yaw_err_deg: 5.027
Epoch: [4/23], Batch: 1620/2963, Loss: 115.829, Trans_L2_m: 0.485, Yaw_err_deg: 2.476
Epoch: [4/23], Batch: 1630/2963, Loss: 174.289, Trans_L2_m: 0.726, Yaw_err_deg: 3.196
Epoch: [4/23], Batch: 1640/2963, Loss: 146.515, Trans_L2_m: 0.912, Yaw_err_deg: 2.433
Epoch: [4/23], Batch: 1650/2963, Loss: 147.923, Trans_L2_m: 0.675, Yaw_err_deg: 2.831
Epoch: [4/23], Batch: 1660/2963, Loss: 500.639, Trans_L2_m: 0.764, Yaw_err_deg: 4.028
Epoch: [4/23], Batch: 1670/2963, Loss: 236.691, Trans_L2_m: 0.706, Yaw_err_deg: 3.743
Epoch: [4/23], Batch: 1680/2963, Loss: 123.747, Trans_L2_m: 0.616, Yaw_err_deg: 2.249
Epoch: [4/23], Batch: 1690/2963, Loss: 389.047, Trans_L2_m: 0.403, Yaw_err_deg: 5.186
Epoch: [4/23], Batch: 1700/2963, Loss: 177.954, Trans_L2_m: 0.720, Yaw_err_deg: 3.422
Epoch: [4/23], Batch: 1710/2963, Loss: 136.407, Trans_L2_m: 0.939, Yaw_err_deg: 1.793
Epoch: [4/23], Batch: 1720/2963, Loss: 122.064, Trans_L2_m: 0.790, Yaw_err_deg: 2.057
Epoch: [4/23], Batch: 1730/2963, Loss: 110.802, Trans_L2_m: 0.855, Yaw_err_deg: 2.151
Epoch: [4/23], Batch: 1740/2963, Loss: 168.831, Trans_L2_m: 0.932, Yaw_err_deg: 3.452
Epoch: [4/23], Batch: 1750/2963, Loss: 197.353, Trans_L2_m: 0.622, Yaw_err_deg: 2.968
Epoch: [4/23], Batch: 1760/2963, Loss: 300.506, Trans_L2_m: 0.689, Yaw_err_deg: 5.073
Epoch: [4/23], Batch: 1770/2963, Loss: 142.156, Trans_L2_m: 0.591, Yaw_err_deg: 2.633
Epoch: [4/23], Batch: 1780/2963, Loss: 129.911, Trans_L2_m: 0.721, Yaw_err_deg: 2.715
Epoch: [4/23], Batch: 1790/2963, Loss: 123.531, Trans_L2_m: 0.758, Yaw_err_deg: 2.327
Epoch: [4/23], Batch: 1800/2963, Loss: 297.303, Trans_L2_m: 0.918, Yaw_err_deg: 4.313
Epoch: [4/23], Batch: 1810/2963, Loss: 361.845, Trans_L2_m: 0.764, Yaw_err_deg: 5.316
Epoch: [4/23], Batch: 1820/2963, Loss: 267.758, Trans_L2_m: 0.531, Yaw_err_deg: 4.370
Epoch: [4/23], Batch: 1830/2963, Loss: 149.866, Trans_L2_m: 0.731, Yaw_err_deg: 2.676
Epoch: [4/23], Batch: 1840/2963, Loss: 238.409, Trans_L2_m: 0.703, Yaw_err_deg: 3.701
Epoch: [4/23], Batch: 1850/2963, Loss: 353.507, Trans_L2_m: 0.620, Yaw_err_deg: 4.445
Epoch: [4/23], Batch: 1860/2963, Loss: 286.670, Trans_L2_m: 0.484, Yaw_err_deg: 3.677
Epoch: [4/23], Batch: 1870/2963, Loss: 265.098, Trans_L2_m: 0.875, Yaw_err_deg: 3.771
Epoch: [4/23], Batch: 1880/2963, Loss: 224.014, Trans_L2_m: 0.596, Yaw_err_deg: 3.665
Epoch: [4/23], Batch: 1890/2963, Loss: 210.945, Trans_L2_m: 0.722, Yaw_err_deg: 2.879
Epoch: [4/23], Batch: 1900/2963, Loss: 170.181, Trans_L2_m: 0.656, Yaw_err_deg: 3.436
Epoch: [4/23], Batch: 1910/2963, Loss: 132.313, Trans_L2_m: 0.663, Yaw_err_deg: 2.484
Epoch: [4/23], Batch: 1920/2963, Loss: 158.996, Trans_L2_m: 0.856, Yaw_err_deg: 2.750
Epoch: [4/23], Batch: 1930/2963, Loss: 105.481, Trans_L2_m: 0.623, Yaw_err_deg: 2.047
Epoch: [4/23], Batch: 1940/2963, Loss: 178.136, Trans_L2_m: 0.893, Yaw_err_deg: 3.395
Epoch: [4/23], Batch: 1950/2963, Loss: 115.298, Trans_L2_m: 0.674, Yaw_err_deg: 2.071
Epoch: [4/23], Batch: 1960/2963, Loss: 156.515, Trans_L2_m: 0.638, Yaw_err_deg: 2.885
Epoch: [4/23], Batch: 1970/2963, Loss: 295.482, Trans_L2_m: 0.675, Yaw_err_deg: 3.668
Epoch: [4/23], Batch: 1980/2963, Loss: 199.010, Trans_L2_m: 0.908, Yaw_err_deg: 3.481
Epoch: [4/23], Batch: 1990/2963, Loss: 125.614, Trans_L2_m: 0.513, Yaw_err_deg: 2.624
Epoch: [4/23], Batch: 2000/2963, Loss: 155.339, Trans_L2_m: 0.773, Yaw_err_deg: 2.927
Epoch: [4/23], Batch: 2010/2963, Loss: 232.633, Trans_L2_m: 1.177, Yaw_err_deg: 3.306
Epoch: [4/23], Batch: 2020/2963, Loss: 152.593, Trans_L2_m: 0.592, Yaw_err_deg: 2.982
Epoch: [4/23], Batch: 2030/2963, Loss: 210.844, Trans_L2_m: 0.930, Yaw_err_deg: 4.077
Epoch: [4/23], Batch: 2040/2963, Loss: 332.052, Trans_L2_m: 0.605, Yaw_err_deg: 4.793
Epoch: [4/23], Batch: 2050/2963, Loss: 168.692, Trans_L2_m: 0.645, Yaw_err_deg: 2.246
Epoch: [4/23], Batch: 2060/2963, Loss: 188.294, Trans_L2_m: 0.711, Yaw_err_deg: 3.719
Epoch: [4/23], Batch: 2070/2963, Loss: 138.447, Trans_L2_m: 0.728, Yaw_err_deg: 2.061
Epoch: [4/23], Batch: 2080/2963, Loss: 176.353, Trans_L2_m: 0.912, Yaw_err_deg: 3.346
Epoch: [4/23], Batch: 2090/2963, Loss: 133.209, Trans_L2_m: 0.618, Yaw_err_deg: 2.569
Epoch: [4/23], Batch: 2100/2963, Loss: 320.963, Trans_L2_m: 0.720, Yaw_err_deg: 5.144
Epoch: [4/23], Batch: 2110/2963, Loss: 193.579, Trans_L2_m: 0.636, Yaw_err_deg: 3.312
Epoch: [4/23], Batch: 2120/2963, Loss: 199.334, Trans_L2_m: 0.913, Yaw_err_deg: 3.314
Epoch: [4/23], Batch: 2130/2963, Loss: 154.413, Trans_L2_m: 0.581, Yaw_err_deg: 2.774
Epoch: [4/23], Batch: 2140/2963, Loss: 175.353, Trans_L2_m: 1.034, Yaw_err_deg: 3.235
Epoch: [4/23], Batch: 2150/2963, Loss: 315.735, Trans_L2_m: 0.670, Yaw_err_deg: 4.981
Epoch: [4/23], Batch: 2160/2963, Loss: 137.414, Trans_L2_m: 0.801, Yaw_err_deg: 2.972
Epoch: [4/23], Batch: 2170/2963, Loss: 105.133, Trans_L2_m: 0.642, Yaw_err_deg: 1.872
Epoch: [4/23], Batch: 2180/2963, Loss: 424.091, Trans_L2_m: 0.861, Yaw_err_deg: 4.692
Epoch: [4/23], Batch: 2190/2963, Loss: 179.342, Trans_L2_m: 0.661, Yaw_err_deg: 3.606
Epoch: [4/23], Batch: 2200/2963, Loss: 302.343, Trans_L2_m: 1.041, Yaw_err_deg: 3.445
Epoch: [4/23], Batch: 2210/2963, Loss: 200.016, Trans_L2_m: 0.834, Yaw_err_deg: 3.497
Epoch: [4/23], Batch: 2220/2963, Loss: 267.302, Trans_L2_m: 0.746, Yaw_err_deg: 3.926
Epoch: [4/23], Batch: 2230/2963, Loss: 132.128, Trans_L2_m: 0.786, Yaw_err_deg: 2.248
Epoch: [4/23], Batch: 2240/2963, Loss: 147.853, Trans_L2_m: 0.662, Yaw_err_deg: 3.108
Epoch: [4/23], Batch: 2250/2963, Loss: 120.816, Trans_L2_m: 0.657, Yaw_err_deg: 2.706
Epoch: [4/23], Batch: 2260/2963, Loss: 157.274, Trans_L2_m: 0.777, Yaw_err_deg: 3.050
Epoch: [4/23], Batch: 2270/2963, Loss: 419.629, Trans_L2_m: 0.679, Yaw_err_deg: 4.375
Epoch: [4/23], Batch: 2280/2963, Loss: 349.385, Trans_L2_m: 0.811, Yaw_err_deg: 4.826
Epoch: [4/23], Batch: 2290/2963, Loss: 112.706, Trans_L2_m: 0.653, Yaw_err_deg: 2.183
Epoch: [4/23], Batch: 2300/2963, Loss: 243.233, Trans_L2_m: 0.594, Yaw_err_deg: 3.052
Epoch: [4/23], Batch: 2310/2963, Loss: 149.919, Trans_L2_m: 0.673, Yaw_err_deg: 3.144
Epoch: [4/23], Batch: 2320/2963, Loss: 299.501, Trans_L2_m: 0.829, Yaw_err_deg: 3.313
Epoch: [4/23], Batch: 2330/2963, Loss: 132.467, Trans_L2_m: 0.757, Yaw_err_deg: 2.637
Epoch: [4/23], Batch: 2340/2963, Loss: 242.355, Trans_L2_m: 0.732, Yaw_err_deg: 2.666
Epoch: [4/23], Batch: 2350/2963, Loss: 161.054, Trans_L2_m: 0.860, Yaw_err_deg: 2.887
Epoch: [4/23], Batch: 2360/2963, Loss: 131.272, Trans_L2_m: 0.727, Yaw_err_deg: 2.549
Epoch: [4/23], Batch: 2370/2963, Loss: 206.257, Trans_L2_m: 0.623, Yaw_err_deg: 3.887
Epoch: [4/23], Batch: 2380/2963, Loss: 185.392, Trans_L2_m: 0.624, Yaw_err_deg: 2.787
Epoch: [4/23], Batch: 2390/2963, Loss: 140.415, Trans_L2_m: 0.586, Yaw_err_deg: 2.770
Epoch: [4/23], Batch: 2400/2963, Loss: 153.429, Trans_L2_m: 0.565, Yaw_err_deg: 2.618
Epoch: [4/23], Batch: 2410/2963, Loss: 170.061, Trans_L2_m: 0.695, Yaw_err_deg: 3.525
Epoch: [4/23], Batch: 2420/2963, Loss: 407.831, Trans_L2_m: 0.645, Yaw_err_deg: 6.002
Epoch: [4/23], Batch: 2430/2963, Loss: 150.275, Trans_L2_m: 0.721, Yaw_err_deg: 3.059
Epoch: [4/23], Batch: 2440/2963, Loss: 187.804, Trans_L2_m: 0.568, Yaw_err_deg: 3.382
Epoch: [4/23], Batch: 2450/2963, Loss: 216.327, Trans_L2_m: 0.707, Yaw_err_deg: 3.650
Epoch: [4/23], Batch: 2460/2963, Loss: 134.607, Trans_L2_m: 0.828, Yaw_err_deg: 2.538
Epoch: [4/23], Batch: 2470/2963, Loss: 142.672, Trans_L2_m: 0.820, Yaw_err_deg: 2.063
Epoch: [4/23], Batch: 2480/2963, Loss: 143.247, Trans_L2_m: 0.772, Yaw_err_deg: 2.591
Epoch: [4/23], Batch: 2490/2963, Loss: 177.063, Trans_L2_m: 0.799, Yaw_err_deg: 3.408
Epoch: [4/23], Batch: 2500/2963, Loss: 299.890, Trans_L2_m: 0.521, Yaw_err_deg: 3.366
Epoch: [4/23], Batch: 2510/2963, Loss: 166.469, Trans_L2_m: 0.800, Yaw_err_deg: 2.989
Epoch: [4/23], Batch: 2520/2963, Loss: 172.324, Trans_L2_m: 0.737, Yaw_err_deg: 3.977
Epoch: [4/23], Batch: 2530/2963, Loss: 100.873, Trans_L2_m: 0.581, Yaw_err_deg: 1.972
Epoch: [4/23], Batch: 2540/2963, Loss: 134.942, Trans_L2_m: 0.747, Yaw_err_deg: 2.429
Epoch: [4/23], Batch: 2550/2963, Loss: 184.731, Trans_L2_m: 0.532, Yaw_err_deg: 3.053
Epoch: [4/23], Batch: 2560/2963, Loss: 131.928, Trans_L2_m: 0.613, Yaw_err_deg: 2.630
Epoch: [4/23], Batch: 2570/2963, Loss: 145.507, Trans_L2_m: 1.005, Yaw_err_deg: 2.746
Epoch: [4/23], Batch: 2580/2963, Loss: 688.586, Trans_L2_m: 0.763, Yaw_err_deg: 5.171
Epoch: [4/23], Batch: 2590/2963, Loss: 148.233, Trans_L2_m: 0.870, Yaw_err_deg: 2.333
Epoch: [4/23], Batch: 2600/2963, Loss: 136.564, Trans_L2_m: 0.856, Yaw_err_deg: 2.777
Epoch: [4/23], Batch: 2610/2963, Loss: 163.452, Trans_L2_m: 0.684, Yaw_err_deg: 2.862
Epoch: [4/23], Batch: 2620/2963, Loss: 246.778, Trans_L2_m: 0.848, Yaw_err_deg: 4.151
Epoch: [4/23], Batch: 2630/2963, Loss: 164.284, Trans_L2_m: 0.585, Yaw_err_deg: 2.792
Epoch: [4/23], Batch: 2640/2963, Loss: 944.403, Trans_L2_m: 0.869, Yaw_err_deg: 6.852
Epoch: [4/23], Batch: 2650/2963, Loss: 134.346, Trans_L2_m: 0.898, Yaw_err_deg: 2.130
Epoch: [4/23], Batch: 2660/2963, Loss: 196.836, Trans_L2_m: 0.838, Yaw_err_deg: 3.311
Epoch: [4/23], Batch: 2670/2963, Loss: 260.610, Trans_L2_m: 0.623, Yaw_err_deg: 4.049
Epoch: [4/23], Batch: 2680/2963, Loss: 111.195, Trans_L2_m: 0.739, Yaw_err_deg: 2.054
Epoch: [4/23], Batch: 2690/2963, Loss: 140.834, Trans_L2_m: 0.718, Yaw_err_deg: 3.003
Epoch: [4/23], Batch: 2700/2963, Loss: 135.495, Trans_L2_m: 0.619, Yaw_err_deg: 2.797
Epoch: [4/23], Batch: 2710/2963, Loss: 179.613, Trans_L2_m: 0.602, Yaw_err_deg: 3.473
Epoch: [4/23], Batch: 2720/2963, Loss: 820.866, Trans_L2_m: 0.593, Yaw_err_deg: 6.259
Epoch: [4/23], Batch: 2730/2963, Loss: 203.074, Trans_L2_m: 0.903, Yaw_err_deg: 3.415
Epoch: [4/23], Batch: 2740/2963, Loss: 104.283, Trans_L2_m: 0.631, Yaw_err_deg: 1.817
Epoch: [4/23], Batch: 2750/2963, Loss: 148.629, Trans_L2_m: 0.553, Yaw_err_deg: 3.053
Epoch: [4/23], Batch: 2760/2963, Loss: 240.723, Trans_L2_m: 0.894, Yaw_err_deg: 3.186
Epoch: [4/23], Batch: 2770/2963, Loss: 184.944, Trans_L2_m: 0.648, Yaw_err_deg: 2.910
Epoch: [4/23], Batch: 2780/2963, Loss: 198.586, Trans_L2_m: 0.592, Yaw_err_deg: 3.801
Epoch: [4/23], Batch: 2790/2963, Loss: 109.430, Trans_L2_m: 0.897, Yaw_err_deg: 2.277
Epoch: [4/23], Batch: 2800/2963, Loss: 176.761, Trans_L2_m: 0.708, Yaw_err_deg: 2.895
Epoch: [4/23], Batch: 2810/2963, Loss: 157.454, Trans_L2_m: 0.567, Yaw_err_deg: 3.174
Epoch: [4/23], Batch: 2820/2963, Loss: 128.158, Trans_L2_m: 0.997, Yaw_err_deg: 2.043
Epoch: [4/23], Batch: 2830/2963, Loss: 126.875, Trans_L2_m: 0.719, Yaw_err_deg: 2.311
Epoch: [4/23], Batch: 2840/2963, Loss: 214.272, Trans_L2_m: 0.643, Yaw_err_deg: 3.820
Epoch: [4/23], Batch: 2850/2963, Loss: 135.571, Trans_L2_m: 0.642, Yaw_err_deg: 3.111
Epoch: [4/23], Batch: 2860/2963, Loss: 154.158, Trans_L2_m: 0.812, Yaw_err_deg: 2.695
Epoch: [4/23], Batch: 2870/2963, Loss: 136.428, Trans_L2_m: 0.751, Yaw_err_deg: 2.915
Epoch: [4/23], Batch: 2880/2963, Loss: 104.037, Trans_L2_m: 0.669, Yaw_err_deg: 2.087
Epoch: [4/23], Batch: 2890/2963, Loss: 103.964, Trans_L2_m: 0.755, Yaw_err_deg: 2.102
Epoch: [4/23], Batch: 2900/2963, Loss: 153.172, Trans_L2_m: 0.678, Yaw_err_deg: 3.247
Epoch: [4/23], Batch: 2910/2963, Loss: 137.844, Trans_L2_m: 0.416, Yaw_err_deg: 2.334
Epoch: [4/23], Batch: 2920/2963, Loss: 96.469, Trans_L2_m: 0.710, Yaw_err_deg: 1.896
Epoch: [4/23], Batch: 2930/2963, Loss: 250.901, Trans_L2_m: 0.649, Yaw_err_deg: 4.442
Epoch: [4/23], Batch: 2940/2963, Loss: 86.440, Trans_L2_m: 0.599, Yaw_err_deg: 1.561
Epoch: [4/23], Batch: 2950/2963, Loss: 205.651, Trans_L2_m: 0.859, Yaw_err_deg: 4.134
Epoch: [4/23], Batch: 2960/2963, Loss: 167.779, Trans_L2_m: 0.828, Yaw_err_deg: 3.476
Epoch: [5/23], Batch: 0/2963, Loss: 109.443, Trans_L2_m: 0.864, Yaw_err_deg: 1.900
Epoch: [5/23], Batch: 10/2963, Loss: 124.386, Trans_L2_m: 0.579, Yaw_err_deg: 2.401
Epoch: [5/23], Batch: 20/2963, Loss: 109.611, Trans_L2_m: 0.752, Yaw_err_deg: 2.093
Epoch: [5/23], Batch: 30/2963, Loss: 204.250, Trans_L2_m: 0.695, Yaw_err_deg: 3.746
Epoch: [5/23], Batch: 40/2963, Loss: 148.504, Trans_L2_m: 0.547, Yaw_err_deg: 2.609
Epoch: [5/23], Batch: 50/2963, Loss: 241.183, Trans_L2_m: 0.612, Yaw_err_deg: 3.733
Epoch: [5/23], Batch: 60/2963, Loss: 154.305, Trans_L2_m: 0.794, Yaw_err_deg: 2.708
Epoch: [5/23], Batch: 70/2963, Loss: 156.592, Trans_L2_m: 0.669, Yaw_err_deg: 2.784
Epoch: [5/23], Batch: 80/2963, Loss: 157.620, Trans_L2_m: 0.692, Yaw_err_deg: 3.258
Epoch: [5/23], Batch: 90/2963, Loss: 125.610, Trans_L2_m: 0.613, Yaw_err_deg: 2.119
Epoch: [5/23], Batch: 100/2963, Loss: 164.961, Trans_L2_m: 0.756, Yaw_err_deg: 2.761
Epoch: [5/23], Batch: 110/2963, Loss: 136.074, Trans_L2_m: 0.614, Yaw_err_deg: 2.714
Epoch: [5/23], Batch: 120/2963, Loss: 181.520, Trans_L2_m: 0.575, Yaw_err_deg: 2.806
Epoch: [5/23], Batch: 130/2963, Loss: 145.568, Trans_L2_m: 0.798, Yaw_err_deg: 2.703
Epoch: [5/23], Batch: 140/2963, Loss: 88.074, Trans_L2_m: 0.658, Yaw_err_deg: 1.568
Epoch: [5/23], Batch: 150/2963, Loss: 361.472, Trans_L2_m: 0.917, Yaw_err_deg: 5.582
Epoch: [5/23], Batch: 160/2963, Loss: 308.297, Trans_L2_m: 0.797, Yaw_err_deg: 3.283
Epoch: [5/23], Batch: 170/2963, Loss: 99.672, Trans_L2_m: 0.776, Yaw_err_deg: 2.107
Epoch: [5/23], Batch: 180/2963, Loss: 119.329, Trans_L2_m: 0.719, Yaw_err_deg: 2.162
Epoch: [5/23], Batch: 190/2963, Loss: 118.092, Trans_L2_m: 0.669, Yaw_err_deg: 2.291
Epoch: [5/23], Batch: 200/2963, Loss: 117.681, Trans_L2_m: 0.697, Yaw_err_deg: 2.212
Epoch: [5/23], Batch: 210/2963, Loss: 134.984, Trans_L2_m: 0.574, Yaw_err_deg: 2.253
Epoch: [5/23], Batch: 220/2963, Loss: 148.474, Trans_L2_m: 0.785, Yaw_err_deg: 2.671
Epoch: [5/23], Batch: 230/2963, Loss: 104.290, Trans_L2_m: 0.706, Yaw_err_deg: 2.006
Epoch: [5/23], Batch: 240/2963, Loss: 148.793, Trans_L2_m: 0.726, Yaw_err_deg: 2.967
Epoch: [5/23], Batch: 250/2963, Loss: 364.141, Trans_L2_m: 0.864, Yaw_err_deg: 3.723
Epoch: [5/23], Batch: 260/2963, Loss: 179.813, Trans_L2_m: 0.794, Yaw_err_deg: 3.198
Epoch: [5/23], Batch: 270/2963, Loss: 158.488, Trans_L2_m: 0.793, Yaw_err_deg: 2.898
Epoch: [5/23], Batch: 280/2963, Loss: 343.580, Trans_L2_m: 0.650, Yaw_err_deg: 3.934
Epoch: [5/23], Batch: 290/2963, Loss: 177.160, Trans_L2_m: 0.562, Yaw_err_deg: 3.138
Epoch: [5/23], Batch: 300/2963, Loss: 105.673, Trans_L2_m: 0.651, Yaw_err_deg: 1.996
Epoch: [5/23], Batch: 310/2963, Loss: 140.987, Trans_L2_m: 0.788, Yaw_err_deg: 2.781
Epoch: [5/23], Batch: 320/2963, Loss: 174.758, Trans_L2_m: 0.694, Yaw_err_deg: 3.170
Epoch: [5/23], Batch: 330/2963, Loss: 79.410, Trans_L2_m: 0.625, Yaw_err_deg: 1.378
Epoch: [5/23], Batch: 340/2963, Loss: 201.636, Trans_L2_m: 0.844, Yaw_err_deg: 3.602
Epoch: [5/23], Batch: 350/2963, Loss: 171.405, Trans_L2_m: 0.671, Yaw_err_deg: 3.512
Epoch: [5/23], Batch: 360/2963, Loss: 186.517, Trans_L2_m: 0.586, Yaw_err_deg: 3.148
Epoch: [5/23], Batch: 370/2963, Loss: 135.328, Trans_L2_m: 0.604, Yaw_err_deg: 2.470
Epoch: [5/23], Batch: 380/2963, Loss: 158.443, Trans_L2_m: 0.815, Yaw_err_deg: 2.786
Epoch: [5/23], Batch: 390/2963, Loss: 139.908, Trans_L2_m: 0.833, Yaw_err_deg: 2.174
Epoch: [5/23], Batch: 400/2963, Loss: 170.686, Trans_L2_m: 0.712, Yaw_err_deg: 3.192
Epoch: [5/23], Batch: 410/2963, Loss: 186.090, Trans_L2_m: 0.745, Yaw_err_deg: 3.203
Epoch: [5/23], Batch: 420/2963, Loss: 172.741, Trans_L2_m: 1.124, Yaw_err_deg: 2.445
Epoch: [5/23], Batch: 430/2963, Loss: 144.765, Trans_L2_m: 0.570, Yaw_err_deg: 2.367
Epoch: [5/23], Batch: 440/2963, Loss: 154.162, Trans_L2_m: 0.630, Yaw_err_deg: 2.658
Epoch: [5/23], Batch: 450/2963, Loss: 164.296, Trans_L2_m: 0.801, Yaw_err_deg: 3.015
Epoch: [5/23], Batch: 460/2963, Loss: 175.644, Trans_L2_m: 0.707, Yaw_err_deg: 3.060
Epoch: [5/23], Batch: 470/2963, Loss: 236.476, Trans_L2_m: 0.507, Yaw_err_deg: 3.636
Epoch: [5/23], Batch: 480/2963, Loss: 125.056, Trans_L2_m: 0.814, Yaw_err_deg: 2.633
Epoch: [5/23], Batch: 490/2963, Loss: 98.074, Trans_L2_m: 0.565, Yaw_err_deg: 1.609
Epoch: [5/23], Batch: 500/2963, Loss: 141.039, Trans_L2_m: 0.838, Yaw_err_deg: 2.334
Epoch: [5/23], Batch: 510/2963, Loss: 147.032, Trans_L2_m: 0.829, Yaw_err_deg: 2.486
Epoch: [5/23], Batch: 520/2963, Loss: 164.428, Trans_L2_m: 0.748, Yaw_err_deg: 2.830
Epoch: [5/23], Batch: 530/2963, Loss: 147.520, Trans_L2_m: 0.989, Yaw_err_deg: 2.626
Epoch: [5/23], Batch: 540/2963, Loss: 301.637, Trans_L2_m: 1.020, Yaw_err_deg: 4.972
Epoch: [5/23], Batch: 550/2963, Loss: 79.854, Trans_L2_m: 0.800, Yaw_err_deg: 1.415
Epoch: [5/23], Batch: 560/2963, Loss: 242.962, Trans_L2_m: 0.724, Yaw_err_deg: 3.662
Epoch: [5/23], Batch: 570/2963, Loss: 114.465, Trans_L2_m: 0.769, Yaw_err_deg: 1.826
Epoch: [5/23], Batch: 580/2963, Loss: 149.763, Trans_L2_m: 0.556, Yaw_err_deg: 2.859
Epoch: [5/23], Batch: 590/2963, Loss: 176.177, Trans_L2_m: 0.794, Yaw_err_deg: 2.910
Epoch: [5/23], Batch: 600/2963, Loss: 100.008, Trans_L2_m: 0.557, Yaw_err_deg: 1.842
Epoch: [5/23], Batch: 610/2963, Loss: 125.770, Trans_L2_m: 0.707, Yaw_err_deg: 2.397
Epoch: [5/23], Batch: 620/2963, Loss: 114.256, Trans_L2_m: 0.861, Yaw_err_deg: 2.282
Epoch: [5/23], Batch: 630/2963, Loss: 117.614, Trans_L2_m: 0.590, Yaw_err_deg: 2.577
Epoch: [5/23], Batch: 640/2963, Loss: 142.542, Trans_L2_m: 0.809, Yaw_err_deg: 2.887
Epoch: [5/23], Batch: 650/2963, Loss: 119.788, Trans_L2_m: 0.664, Yaw_err_deg: 2.086
Epoch: [5/23], Batch: 660/2963, Loss: 126.635, Trans_L2_m: 0.598, Yaw_err_deg: 2.181
Epoch: [5/23], Batch: 670/2963, Loss: 111.309, Trans_L2_m: 0.672, Yaw_err_deg: 2.391
Epoch: [5/23], Batch: 680/2963, Loss: 84.278, Trans_L2_m: 0.471, Yaw_err_deg: 1.663
Epoch: [5/23], Batch: 690/2963, Loss: 126.477, Trans_L2_m: 0.589, Yaw_err_deg: 2.605
Epoch: [5/23], Batch: 700/2963, Loss: 115.902, Trans_L2_m: 0.679, Yaw_err_deg: 2.074
Epoch: [5/23], Batch: 710/2963, Loss: 138.243, Trans_L2_m: 0.659, Yaw_err_deg: 2.518
Epoch: [5/23], Batch: 720/2963, Loss: 159.973, Trans_L2_m: 0.776, Yaw_err_deg: 2.561
Epoch: [5/23], Batch: 730/2963, Loss: 123.475, Trans_L2_m: 0.473, Yaw_err_deg: 2.520
Epoch: [5/23], Batch: 740/2963, Loss: 146.017, Trans_L2_m: 0.812, Yaw_err_deg: 2.678
Epoch: [5/23], Batch: 750/2963, Loss: 95.000, Trans_L2_m: 0.577, Yaw_err_deg: 1.831
Epoch: [5/23], Batch: 760/2963, Loss: 158.412, Trans_L2_m: 0.799, Yaw_err_deg: 2.089
Epoch: [5/23], Batch: 770/2963, Loss: 332.184, Trans_L2_m: 0.594, Yaw_err_deg: 4.389
Epoch: [5/23], Batch: 780/2963, Loss: 133.100, Trans_L2_m: 0.561, Yaw_err_deg: 2.649
Epoch: [5/23], Batch: 790/2963, Loss: 141.762, Trans_L2_m: 0.656, Yaw_err_deg: 2.493
Epoch: [5/23], Batch: 800/2963, Loss: 140.079, Trans_L2_m: 0.787, Yaw_err_deg: 2.490
Epoch: [5/23], Batch: 810/2963, Loss: 258.692, Trans_L2_m: 0.600, Yaw_err_deg: 4.828
Epoch: [5/23], Batch: 820/2963, Loss: 141.804, Trans_L2_m: 0.634, Yaw_err_deg: 2.639
Epoch: [5/23], Batch: 830/2963, Loss: 134.438, Trans_L2_m: 0.739, Yaw_err_deg: 1.899
Epoch: [5/23], Batch: 840/2963, Loss: 86.814, Trans_L2_m: 0.677, Yaw_err_deg: 1.332
Epoch: [5/23], Batch: 850/2963, Loss: 137.340, Trans_L2_m: 1.089, Yaw_err_deg: 2.105
Epoch: [5/23], Batch: 860/2963, Loss: 157.106, Trans_L2_m: 0.904, Yaw_err_deg: 2.317
Epoch: [5/23], Batch: 870/2963, Loss: 124.263, Trans_L2_m: 0.875, Yaw_err_deg: 2.289
Epoch: [5/23], Batch: 880/2963, Loss: 90.158, Trans_L2_m: 0.589, Yaw_err_deg: 1.587
Epoch: [5/23], Batch: 890/2963, Loss: 127.493, Trans_L2_m: 0.657, Yaw_err_deg: 2.405
Epoch: [5/23], Batch: 900/2963, Loss: 107.383, Trans_L2_m: 0.518, Yaw_err_deg: 2.490
Epoch: [5/23], Batch: 910/2963, Loss: 140.144, Trans_L2_m: 0.793, Yaw_err_deg: 2.283
Epoch: [5/23], Batch: 920/2963, Loss: 162.444, Trans_L2_m: 0.815, Yaw_err_deg: 2.928
Epoch: [5/23], Batch: 930/2963, Loss: 304.208, Trans_L2_m: 0.644, Yaw_err_deg: 3.242
Epoch: [5/23], Batch: 940/2963, Loss: 145.783, Trans_L2_m: 0.510, Yaw_err_deg: 2.742
Epoch: [5/23], Batch: 950/2963, Loss: 334.354, Trans_L2_m: 0.763, Yaw_err_deg: 4.650
Epoch: [5/23], Batch: 960/2963, Loss: 130.839, Trans_L2_m: 0.625, Yaw_err_deg: 2.942
Epoch: [5/23], Batch: 970/2963, Loss: 129.988, Trans_L2_m: 0.564, Yaw_err_deg: 2.133
Epoch: [5/23], Batch: 980/2963, Loss: 142.673, Trans_L2_m: 0.589, Yaw_err_deg: 2.758
Epoch: [5/23], Batch: 990/2963, Loss: 119.936, Trans_L2_m: 0.655, Yaw_err_deg: 2.281
Epoch: [5/23], Batch: 1000/2963, Loss: 124.584, Trans_L2_m: 0.706, Yaw_err_deg: 2.553
Epoch: [5/23], Batch: 1010/2963, Loss: 140.927, Trans_L2_m: 0.676, Yaw_err_deg: 2.847
Epoch: [5/23], Batch: 1020/2963, Loss: 110.305, Trans_L2_m: 0.597, Yaw_err_deg: 2.126
Epoch: [5/23], Batch: 1030/2963, Loss: 103.992, Trans_L2_m: 0.559, Yaw_err_deg: 2.318
Epoch: [5/23], Batch: 1040/2963, Loss: 169.454, Trans_L2_m: 0.799, Yaw_err_deg: 2.971
Epoch: [5/23], Batch: 1050/2963, Loss: 91.598, Trans_L2_m: 0.560, Yaw_err_deg: 1.630
Epoch: [5/23], Batch: 1060/2963, Loss: 203.629, Trans_L2_m: 0.871, Yaw_err_deg: 2.971
Epoch: [5/23], Batch: 1070/2963, Loss: 207.747, Trans_L2_m: 0.689, Yaw_err_deg: 2.940
Epoch: [5/23], Batch: 1080/2963, Loss: 426.539, Trans_L2_m: 0.634, Yaw_err_deg: 3.922
Epoch: [5/23], Batch: 1090/2963, Loss: 100.157, Trans_L2_m: 0.675, Yaw_err_deg: 2.037
Epoch: [5/23], Batch: 1100/2963, Loss: 163.491, Trans_L2_m: 0.414, Yaw_err_deg: 3.369
Epoch: [5/23], Batch: 1110/2963, Loss: 111.185, Trans_L2_m: 0.599, Yaw_err_deg: 2.375
Epoch: [5/23], Batch: 1120/2963, Loss: 212.374, Trans_L2_m: 0.746, Yaw_err_deg: 3.118
Epoch: [5/23], Batch: 1130/2963, Loss: 201.481, Trans_L2_m: 0.747, Yaw_err_deg: 3.171
Epoch: [5/23], Batch: 1140/2963, Loss: 160.876, Trans_L2_m: 0.812, Yaw_err_deg: 3.108
Epoch: [5/23], Batch: 1150/2963, Loss: 97.790, Trans_L2_m: 0.650, Yaw_err_deg: 1.835
Epoch: [5/23], Batch: 1160/2963, Loss: 165.999, Trans_L2_m: 0.576, Yaw_err_deg: 2.795
Epoch: [5/23], Batch: 1170/2963, Loss: 220.045, Trans_L2_m: 0.861, Yaw_err_deg: 3.183
Epoch: [5/23], Batch: 1180/2963, Loss: 176.600, Trans_L2_m: 0.729, Yaw_err_deg: 2.936
Epoch: [5/23], Batch: 1190/2963, Loss: 99.518, Trans_L2_m: 0.639, Yaw_err_deg: 1.892
Epoch: [5/23], Batch: 1200/2963, Loss: 107.693, Trans_L2_m: 0.808, Yaw_err_deg: 2.192
Epoch: [5/23], Batch: 1210/2963, Loss: 109.777, Trans_L2_m: 0.708, Yaw_err_deg: 2.093
Epoch: [5/23], Batch: 1220/2963, Loss: 121.670, Trans_L2_m: 0.694, Yaw_err_deg: 2.478
Epoch: [5/23], Batch: 1230/2963, Loss: 149.165, Trans_L2_m: 1.103, Yaw_err_deg: 2.666
Epoch: [5/23], Batch: 1240/2963, Loss: 99.421, Trans_L2_m: 0.737, Yaw_err_deg: 1.821
Epoch: [5/23], Batch: 1250/2963, Loss: 138.886, Trans_L2_m: 0.564, Yaw_err_deg: 2.758
Epoch: [5/23], Batch: 1260/2963, Loss: 115.121, Trans_L2_m: 0.528, Yaw_err_deg: 2.483
Epoch: [5/23], Batch: 1270/2963, Loss: 137.474, Trans_L2_m: 0.780, Yaw_err_deg: 2.788
Epoch: [5/23], Batch: 1280/2963, Loss: 127.421, Trans_L2_m: 0.638, Yaw_err_deg: 2.389
Epoch: [5/23], Batch: 1290/2963, Loss: 122.001, Trans_L2_m: 0.656, Yaw_err_deg: 2.205
Epoch: [5/23], Batch: 1300/2963, Loss: 108.000, Trans_L2_m: 0.600, Yaw_err_deg: 2.322
Epoch: [5/23], Batch: 1310/2963, Loss: 232.875, Trans_L2_m: 0.508, Yaw_err_deg: 4.233
Epoch: [5/23], Batch: 1320/2963, Loss: 226.766, Trans_L2_m: 0.661, Yaw_err_deg: 3.640
Epoch: [5/23], Batch: 1330/2963, Loss: 122.642, Trans_L2_m: 0.690, Yaw_err_deg: 2.631
Epoch: [5/23], Batch: 1340/2963, Loss: 210.022, Trans_L2_m: 0.678, Yaw_err_deg: 2.493
Epoch: [5/23], Batch: 1350/2963, Loss: 142.283, Trans_L2_m: 0.778, Yaw_err_deg: 2.810
Epoch: [5/23], Batch: 1360/2963, Loss: 184.436, Trans_L2_m: 0.616, Yaw_err_deg: 3.634
Epoch: [5/23], Batch: 1370/2963, Loss: 104.102, Trans_L2_m: 0.795, Yaw_err_deg: 1.629
Epoch: [5/23], Batch: 1380/2963, Loss: 91.658, Trans_L2_m: 0.441, Yaw_err_deg: 1.990
Epoch: [5/23], Batch: 1390/2963, Loss: 189.376, Trans_L2_m: 0.634, Yaw_err_deg: 3.213
Epoch: [5/23], Batch: 1400/2963, Loss: 100.757, Trans_L2_m: 0.878, Yaw_err_deg: 1.819
Epoch: [5/23], Batch: 1410/2963, Loss: 157.091, Trans_L2_m: 0.964, Yaw_err_deg: 2.869
Epoch: [5/23], Batch: 1420/2963, Loss: 125.335, Trans_L2_m: 0.669, Yaw_err_deg: 2.278
Epoch: [5/23], Batch: 1430/2963, Loss: 161.641, Trans_L2_m: 0.627, Yaw_err_deg: 2.925
Epoch: [5/23], Batch: 1440/2963, Loss: 143.498, Trans_L2_m: 0.570, Yaw_err_deg: 2.582
Epoch: [5/23], Batch: 1450/2963, Loss: 111.117, Trans_L2_m: 0.633, Yaw_err_deg: 2.002
Epoch: [5/23], Batch: 1460/2963, Loss: 102.271, Trans_L2_m: 0.658, Yaw_err_deg: 1.719
Epoch: [5/23], Batch: 1470/2963, Loss: 154.771, Trans_L2_m: 0.499, Yaw_err_deg: 3.262
Epoch: [5/23], Batch: 1480/2963, Loss: 143.157, Trans_L2_m: 0.562, Yaw_err_deg: 2.687
Epoch: [5/23], Batch: 1490/2963, Loss: 223.172, Trans_L2_m: 0.793, Yaw_err_deg: 3.399
Epoch: [5/23], Batch: 1500/2963, Loss: 146.308, Trans_L2_m: 0.776, Yaw_err_deg: 2.799
Epoch: [5/23], Batch: 1510/2963, Loss: 116.890, Trans_L2_m: 0.704, Yaw_err_deg: 2.450
Epoch: [5/23], Batch: 1520/2963, Loss: 99.862, Trans_L2_m: 0.785, Yaw_err_deg: 1.448
Epoch: [5/23], Batch: 1530/2963, Loss: 125.199, Trans_L2_m: 0.772, Yaw_err_deg: 2.525
Epoch: [5/23], Batch: 1540/2963, Loss: 120.844, Trans_L2_m: 0.691, Yaw_err_deg: 2.051
Epoch: [5/23], Batch: 1550/2963, Loss: 146.267, Trans_L2_m: 0.656, Yaw_err_deg: 2.786
Epoch: [5/23], Batch: 1560/2963, Loss: 132.453, Trans_L2_m: 0.985, Yaw_err_deg: 2.654
Epoch: [5/23], Batch: 1570/2963, Loss: 203.948, Trans_L2_m: 0.677, Yaw_err_deg: 3.878
Epoch: [5/23], Batch: 1580/2963, Loss: 89.803, Trans_L2_m: 0.540, Yaw_err_deg: 1.817
Epoch: [5/23], Batch: 1590/2963, Loss: 96.026, Trans_L2_m: 0.723, Yaw_err_deg: 2.056
Epoch: [5/23], Batch: 1600/2963, Loss: 249.202, Trans_L2_m: 0.782, Yaw_err_deg: 4.148
Epoch: [5/23], Batch: 1610/2963, Loss: 111.415, Trans_L2_m: 0.508, Yaw_err_deg: 2.125
Epoch: [5/23], Batch: 1620/2963, Loss: 252.709, Trans_L2_m: 0.702, Yaw_err_deg: 3.415
Epoch: [5/23], Batch: 1630/2963, Loss: 146.840, Trans_L2_m: 1.095, Yaw_err_deg: 2.198
Epoch: [5/23], Batch: 1640/2963, Loss: 111.320, Trans_L2_m: 1.508, Yaw_err_deg: 1.454
Epoch: [5/23], Batch: 1650/2963, Loss: 309.606, Trans_L2_m: 0.889, Yaw_err_deg: 3.281
Epoch: [5/23], Batch: 1660/2963, Loss: 96.852, Trans_L2_m: 0.509, Yaw_err_deg: 1.804
Epoch: [5/23], Batch: 1670/2963, Loss: 113.639, Trans_L2_m: 0.620, Yaw_err_deg: 1.863
Epoch: [5/23], Batch: 1680/2963, Loss: 112.683, Trans_L2_m: 0.777, Yaw_err_deg: 1.989
Epoch: [5/23], Batch: 1690/2963, Loss: 114.314, Trans_L2_m: 0.781, Yaw_err_deg: 2.519
Epoch: [5/23], Batch: 1700/2963, Loss: 117.643, Trans_L2_m: 0.612, Yaw_err_deg: 2.233
Epoch: [5/23], Batch: 1710/2963, Loss: 107.193, Trans_L2_m: 0.598, Yaw_err_deg: 2.415
Epoch: [5/23], Batch: 1720/2963, Loss: 135.510, Trans_L2_m: 0.706, Yaw_err_deg: 2.627
Epoch: [5/23], Batch: 1730/2963, Loss: 110.018, Trans_L2_m: 0.712, Yaw_err_deg: 2.027
Epoch: [5/23], Batch: 1740/2963, Loss: 138.669, Trans_L2_m: 0.780, Yaw_err_deg: 2.753
Epoch: [5/23], Batch: 1750/2963, Loss: 111.384, Trans_L2_m: 0.685, Yaw_err_deg: 2.126
Epoch: [5/23], Batch: 1760/2963, Loss: 89.927, Trans_L2_m: 0.633, Yaw_err_deg: 1.363
Epoch: [5/23], Batch: 1770/2963, Loss: 117.109, Trans_L2_m: 0.768, Yaw_err_deg: 2.072
Epoch: [5/23], Batch: 1780/2963, Loss: 196.499, Trans_L2_m: 0.583, Yaw_err_deg: 3.428
Epoch: [5/23], Batch: 1790/2963, Loss: 116.907, Trans_L2_m: 0.550, Yaw_err_deg: 2.608
Epoch: [5/23], Batch: 1800/2963, Loss: 115.292, Trans_L2_m: 0.813, Yaw_err_deg: 2.347
Epoch: [5/23], Batch: 1810/2963, Loss: 100.539, Trans_L2_m: 0.792, Yaw_err_deg: 2.273
Epoch: [5/23], Batch: 1820/2963, Loss: 141.729, Trans_L2_m: 0.701, Yaw_err_deg: 2.798
Epoch: [5/23], Batch: 1830/2963, Loss: 95.368, Trans_L2_m: 0.929, Yaw_err_deg: 1.883
Epoch: [5/23], Batch: 1840/2963, Loss: 179.162, Trans_L2_m: 0.731, Yaw_err_deg: 3.030
Epoch: [5/23], Batch: 1850/2963, Loss: 135.856, Trans_L2_m: 0.786, Yaw_err_deg: 2.544
Epoch: [5/23], Batch: 1860/2963, Loss: 139.969, Trans_L2_m: 0.667, Yaw_err_deg: 2.708
Epoch: [5/23], Batch: 1870/2963, Loss: 101.932, Trans_L2_m: 0.641, Yaw_err_deg: 2.066
Epoch: [5/23], Batch: 1880/2963, Loss: 481.477, Trans_L2_m: 0.563, Yaw_err_deg: 4.706
Epoch: [5/23], Batch: 1890/2963, Loss: 145.940, Trans_L2_m: 0.726, Yaw_err_deg: 2.446
Epoch: [5/23], Batch: 1900/2963, Loss: 104.334, Trans_L2_m: 0.710, Yaw_err_deg: 1.824
Epoch: [5/23], Batch: 1910/2963, Loss: 141.618, Trans_L2_m: 0.695, Yaw_err_deg: 2.502
Epoch: [5/23], Batch: 1920/2963, Loss: 152.226, Trans_L2_m: 0.554, Yaw_err_deg: 2.692
Epoch: [5/23], Batch: 1930/2963, Loss: 111.747, Trans_L2_m: 0.647, Yaw_err_deg: 2.038
Epoch: [5/23], Batch: 1940/2963, Loss: 113.009, Trans_L2_m: 0.895, Yaw_err_deg: 1.849
Epoch: [5/23], Batch: 1950/2963, Loss: 288.066, Trans_L2_m: 0.712, Yaw_err_deg: 4.261
Epoch: [5/23], Batch: 1960/2963, Loss: 180.304, Trans_L2_m: 0.542, Yaw_err_deg: 3.869
Epoch: [5/23], Batch: 1970/2963, Loss: 117.907, Trans_L2_m: 0.580, Yaw_err_deg: 2.301
Epoch: [5/23], Batch: 1980/2963, Loss: 150.219, Trans_L2_m: 0.568, Yaw_err_deg: 3.149
Epoch: [5/23], Batch: 1990/2963, Loss: 127.393, Trans_L2_m: 0.455, Yaw_err_deg: 2.761
Epoch: [5/23], Batch: 2000/2963, Loss: 142.474, Trans_L2_m: 0.670, Yaw_err_deg: 2.876
Epoch: [5/23], Batch: 2010/2963, Loss: 107.052, Trans_L2_m: 0.741, Yaw_err_deg: 2.064
Epoch: [5/23], Batch: 2020/2963, Loss: 130.396, Trans_L2_m: 0.826, Yaw_err_deg: 2.650
Epoch: [5/23], Batch: 2030/2963, Loss: 186.877, Trans_L2_m: 0.520, Yaw_err_deg: 2.593
Epoch: [5/23], Batch: 2040/2963, Loss: 126.769, Trans_L2_m: 0.693, Yaw_err_deg: 2.498
Epoch: [5/23], Batch: 2050/2963, Loss: 348.612, Trans_L2_m: 0.665, Yaw_err_deg: 3.508
Epoch: [5/23], Batch: 2060/2963, Loss: 134.464, Trans_L2_m: 0.933, Yaw_err_deg: 2.419
Epoch: [5/23], Batch: 2070/2963, Loss: 110.412, Trans_L2_m: 0.736, Yaw_err_deg: 2.311
Epoch: [5/23], Batch: 2080/2963, Loss: 121.149, Trans_L2_m: 0.602, Yaw_err_deg: 2.290
Epoch: [5/23], Batch: 2090/2963, Loss: 239.118, Trans_L2_m: 0.625, Yaw_err_deg: 4.769
Epoch: [5/23], Batch: 2100/2963, Loss: 109.326, Trans_L2_m: 0.685, Yaw_err_deg: 2.314
Epoch: [5/23], Batch: 2110/2963, Loss: 111.712, Trans_L2_m: 0.831, Yaw_err_deg: 2.100
Epoch: [5/23], Batch: 2120/2963, Loss: 112.721, Trans_L2_m: 0.645, Yaw_err_deg: 2.035
Epoch: [5/23], Batch: 2130/2963, Loss: 129.190, Trans_L2_m: 0.838, Yaw_err_deg: 2.469
Epoch: [5/23], Batch: 2140/2963, Loss: 85.984, Trans_L2_m: 0.782, Yaw_err_deg: 1.567
Epoch: [5/23], Batch: 2150/2963, Loss: 147.163, Trans_L2_m: 0.524, Yaw_err_deg: 2.411
Epoch: [5/23], Batch: 2160/2963, Loss: 127.921, Trans_L2_m: 0.726, Yaw_err_deg: 2.584
Epoch: [5/23], Batch: 2170/2963, Loss: 124.644, Trans_L2_m: 0.849, Yaw_err_deg: 2.380
Epoch: [5/23], Batch: 2180/2963, Loss: 98.028, Trans_L2_m: 0.633, Yaw_err_deg: 1.924
Epoch: [5/23], Batch: 2190/2963, Loss: 117.262, Trans_L2_m: 0.878, Yaw_err_deg: 2.349
Epoch: [5/23], Batch: 2200/2963, Loss: 270.435, Trans_L2_m: 0.531, Yaw_err_deg: 3.595
Epoch: [5/23], Batch: 2210/2963, Loss: 158.827, Trans_L2_m: 0.611, Yaw_err_deg: 3.203
Epoch: [5/23], Batch: 2220/2963, Loss: 130.984, Trans_L2_m: 0.599, Yaw_err_deg: 2.764
Epoch: [5/23], Batch: 2230/2963, Loss: 357.339, Trans_L2_m: 0.562, Yaw_err_deg: 4.468
Epoch: [5/23], Batch: 2240/2963, Loss: 159.477, Trans_L2_m: 0.682, Yaw_err_deg: 3.523
Epoch: [5/23], Batch: 2250/2963, Loss: 124.019, Trans_L2_m: 0.592, Yaw_err_deg: 2.956
Epoch: [5/23], Batch: 2260/2963, Loss: 104.217, Trans_L2_m: 0.833, Yaw_err_deg: 1.682
Epoch: [5/23], Batch: 2270/2963, Loss: 153.989, Trans_L2_m: 0.577, Yaw_err_deg: 2.823
Epoch: [5/23], Batch: 2280/2963, Loss: 524.049, Trans_L2_m: 0.859, Yaw_err_deg: 5.483
Epoch: [5/23], Batch: 2290/2963, Loss: 120.647, Trans_L2_m: 0.781, Yaw_err_deg: 2.140
Epoch: [5/23], Batch: 2300/2963, Loss: 201.855, Trans_L2_m: 0.505, Yaw_err_deg: 3.827
Epoch: [5/23], Batch: 2310/2963, Loss: 108.294, Trans_L2_m: 0.444, Yaw_err_deg: 2.694
Epoch: [5/23], Batch: 2320/2963, Loss: 89.697, Trans_L2_m: 0.667, Yaw_err_deg: 1.752
Epoch: [5/23], Batch: 2330/2963, Loss: 130.169, Trans_L2_m: 0.721, Yaw_err_deg: 2.742
Epoch: [5/23], Batch: 2340/2963, Loss: 104.600, Trans_L2_m: 0.537, Yaw_err_deg: 2.106
Epoch: [5/23], Batch: 2350/2963, Loss: 80.769, Trans_L2_m: 0.549, Yaw_err_deg: 1.797
Epoch: [5/23], Batch: 2360/2963, Loss: 142.561, Trans_L2_m: 0.692, Yaw_err_deg: 2.947
Epoch: [5/23], Batch: 2370/2963, Loss: 124.422, Trans_L2_m: 0.561, Yaw_err_deg: 2.415
Epoch: [5/23], Batch: 2380/2963, Loss: 144.183, Trans_L2_m: 0.485, Yaw_err_deg: 2.176
Epoch: [5/23], Batch: 2390/2963, Loss: 112.511, Trans_L2_m: 0.538, Yaw_err_deg: 2.073
Epoch: [5/23], Batch: 2400/2963, Loss: 129.379, Trans_L2_m: 0.688, Yaw_err_deg: 2.673
Epoch: [5/23], Batch: 2410/2963, Loss: 188.740, Trans_L2_m: 0.618, Yaw_err_deg: 3.317
Epoch: [5/23], Batch: 2420/2963, Loss: 133.636, Trans_L2_m: 0.631, Yaw_err_deg: 2.862
Epoch: [5/23], Batch: 2430/2963, Loss: 130.176, Trans_L2_m: 0.747, Yaw_err_deg: 2.200
Epoch: [5/23], Batch: 2440/2963, Loss: 124.276, Trans_L2_m: 0.594, Yaw_err_deg: 2.247
Epoch: [5/23], Batch: 2450/2963, Loss: 104.306, Trans_L2_m: 0.706, Yaw_err_deg: 2.273
Epoch: [5/23], Batch: 2460/2963, Loss: 170.086, Trans_L2_m: 0.655, Yaw_err_deg: 3.046
Epoch: [5/23], Batch: 2470/2963, Loss: 160.304, Trans_L2_m: 0.731, Yaw_err_deg: 2.672
Epoch: [5/23], Batch: 2480/2963, Loss: 90.406, Trans_L2_m: 0.716, Yaw_err_deg: 1.509
Epoch: [5/23], Batch: 2490/2963, Loss: 126.986, Trans_L2_m: 0.652, Yaw_err_deg: 2.662
Epoch: [5/23], Batch: 2500/2963, Loss: 114.835, Trans_L2_m: 0.555, Yaw_err_deg: 2.333
Epoch: [5/23], Batch: 2510/2963, Loss: 79.152, Trans_L2_m: 0.709, Yaw_err_deg: 1.546
Epoch: [5/23], Batch: 2520/2963, Loss: 111.368, Trans_L2_m: 0.642, Yaw_err_deg: 2.251
Epoch: [5/23], Batch: 2530/2963, Loss: 163.830, Trans_L2_m: 0.701, Yaw_err_deg: 3.083
Epoch: [5/23], Batch: 2540/2963, Loss: 124.616, Trans_L2_m: 0.952, Yaw_err_deg: 2.511
Epoch: [5/23], Batch: 2550/2963, Loss: 107.363, Trans_L2_m: 0.881, Yaw_err_deg: 2.068
Epoch: [5/23], Batch: 2560/2963, Loss: 112.196, Trans_L2_m: 0.666, Yaw_err_deg: 1.916
Epoch: [5/23], Batch: 2570/2963, Loss: 116.232, Trans_L2_m: 0.669, Yaw_err_deg: 2.860
Epoch: [5/23], Batch: 2580/2963, Loss: 96.130, Trans_L2_m: 0.900, Yaw_err_deg: 1.402
Epoch: [5/23], Batch: 2590/2963, Loss: 131.853, Trans_L2_m: 0.541, Yaw_err_deg: 2.463
Epoch: [5/23], Batch: 2600/2963, Loss: 197.635, Trans_L2_m: 0.494, Yaw_err_deg: 3.344
Epoch: [5/23], Batch: 2610/2963, Loss: 163.127, Trans_L2_m: 0.599, Yaw_err_deg: 3.061
Epoch: [5/23], Batch: 2620/2963, Loss: 464.133, Trans_L2_m: 0.661, Yaw_err_deg: 3.763
Epoch: [5/23], Batch: 2630/2963, Loss: 125.945, Trans_L2_m: 0.677, Yaw_err_deg: 2.516
Epoch: [5/23], Batch: 2640/2963, Loss: 126.775, Trans_L2_m: 0.768, Yaw_err_deg: 2.226
Epoch: [5/23], Batch: 2650/2963, Loss: 142.971, Trans_L2_m: 0.670, Yaw_err_deg: 2.463
Epoch: [5/23], Batch: 2660/2963, Loss: 241.944, Trans_L2_m: 0.621, Yaw_err_deg: 3.534
Epoch: [5/23], Batch: 2670/2963, Loss: 199.546, Trans_L2_m: 0.804, Yaw_err_deg: 3.403
Epoch: [5/23], Batch: 2680/2963, Loss: 177.126, Trans_L2_m: 0.642, Yaw_err_deg: 3.346
Epoch: [5/23], Batch: 2690/2963, Loss: 154.177, Trans_L2_m: 0.515, Yaw_err_deg: 2.746
Epoch: [5/23], Batch: 2700/2963, Loss: 135.753, Trans_L2_m: 0.572, Yaw_err_deg: 2.373
Epoch: [5/23], Batch: 2710/2963, Loss: 107.528, Trans_L2_m: 0.610, Yaw_err_deg: 2.225
Epoch: [5/23], Batch: 2720/2963, Loss: 196.796, Trans_L2_m: 0.674, Yaw_err_deg: 2.424
Epoch: [5/23], Batch: 2730/2963, Loss: 78.846, Trans_L2_m: 0.466, Yaw_err_deg: 1.784
Epoch: [5/23], Batch: 2740/2963, Loss: 125.125, Trans_L2_m: 0.657, Yaw_err_deg: 2.777
Epoch: [5/23], Batch: 2750/2963, Loss: 122.480, Trans_L2_m: 0.477, Yaw_err_deg: 2.759
Epoch: [5/23], Batch: 2760/2963, Loss: 292.142, Trans_L2_m: 0.525, Yaw_err_deg: 3.650
Epoch: [5/23], Batch: 2770/2963, Loss: 140.695, Trans_L2_m: 0.678, Yaw_err_deg: 2.384
Epoch: [5/23], Batch: 2780/2963, Loss: 189.600, Trans_L2_m: 0.644, Yaw_err_deg: 2.138
Epoch: [5/23], Batch: 2790/2963, Loss: 71.590, Trans_L2_m: 0.729, Yaw_err_deg: 1.051
Epoch: [5/23], Batch: 2800/2963, Loss: 286.912, Trans_L2_m: 0.764, Yaw_err_deg: 3.554
Epoch: [5/23], Batch: 2810/2963, Loss: 128.569, Trans_L2_m: 0.574, Yaw_err_deg: 2.530
Epoch: [5/23], Batch: 2820/2963, Loss: 470.130, Trans_L2_m: 0.588, Yaw_err_deg: 4.349
Epoch: [5/23], Batch: 2830/2963, Loss: 110.941, Trans_L2_m: 0.514, Yaw_err_deg: 2.639
Epoch: [5/23], Batch: 2840/2963, Loss: 92.417, Trans_L2_m: 0.502, Yaw_err_deg: 1.950
Epoch: [5/23], Batch: 2850/2963, Loss: 119.286, Trans_L2_m: 0.543, Yaw_err_deg: 2.252
Epoch: [5/23], Batch: 2860/2963, Loss: 129.848, Trans_L2_m: 0.753, Yaw_err_deg: 2.238
Epoch: [5/23], Batch: 2870/2963, Loss: 132.573, Trans_L2_m: 0.636, Yaw_err_deg: 2.690
Epoch: [5/23], Batch: 2880/2963, Loss: 129.704, Trans_L2_m: 0.791, Yaw_err_deg: 2.880
Epoch: [5/23], Batch: 2890/2963, Loss: 121.094, Trans_L2_m: 0.796, Yaw_err_deg: 2.554
Epoch: [5/23], Batch: 2900/2963, Loss: 127.656, Trans_L2_m: 0.690, Yaw_err_deg: 2.579
Epoch: [5/23], Batch: 2910/2963, Loss: 123.085, Trans_L2_m: 0.621, Yaw_err_deg: 2.193
Epoch: [5/23], Batch: 2920/2963, Loss: 80.780, Trans_L2_m: 0.544, Yaw_err_deg: 1.618
Epoch: [5/23], Batch: 2930/2963, Loss: 146.823, Trans_L2_m: 0.848, Yaw_err_deg: 2.347
Epoch: [5/23], Batch: 2940/2963, Loss: 134.709, Trans_L2_m: 0.601, Yaw_err_deg: 2.329
Epoch: [5/23], Batch: 2950/2963, Loss: 83.533, Trans_L2_m: 0.638, Yaw_err_deg: 1.758
Epoch: [5/23], Batch: 2960/2963, Loss: 110.183, Trans_L2_m: 0.872, Yaw_err_deg: 1.873
Validation loss (homography): 828.6101
Avg batch time: 1002.43 ms, total: 325.135 s
[1;91mVal has no improvement vs 805.7615356445312![0m
Epoch: [6/23], Batch: 0/2963, Loss: 241.626, Trans_L2_m: 0.544, Yaw_err_deg: 3.215
Epoch: [6/23], Batch: 10/2963, Loss: 114.093, Trans_L2_m: 0.902, Yaw_err_deg: 2.257
Epoch: [6/23], Batch: 20/2963, Loss: 116.025, Trans_L2_m: 0.597, Yaw_err_deg: 2.178
Epoch: [6/23], Batch: 30/2963, Loss: 102.916, Trans_L2_m: 0.656, Yaw_err_deg: 1.784
Epoch: [6/23], Batch: 40/2963, Loss: 101.776, Trans_L2_m: 0.677, Yaw_err_deg: 1.901
Epoch: [6/23], Batch: 50/2963, Loss: 108.473, Trans_L2_m: 0.688, Yaw_err_deg: 2.203
Epoch: [6/23], Batch: 60/2963, Loss: 110.169, Trans_L2_m: 0.675, Yaw_err_deg: 1.829
Epoch: [6/23], Batch: 70/2963, Loss: 101.349, Trans_L2_m: 0.556, Yaw_err_deg: 1.511
Epoch: [6/23], Batch: 80/2963, Loss: 150.980, Trans_L2_m: 0.580, Yaw_err_deg: 2.610
Epoch: [6/23], Batch: 90/2963, Loss: 80.300, Trans_L2_m: 0.570, Yaw_err_deg: 1.563
Epoch: [6/23], Batch: 100/2963, Loss: 116.924, Trans_L2_m: 0.878, Yaw_err_deg: 2.103
Epoch: [6/23], Batch: 110/2963, Loss: 88.815, Trans_L2_m: 0.591, Yaw_err_deg: 1.767
Epoch: [6/23], Batch: 120/2963, Loss: 84.261, Trans_L2_m: 0.672, Yaw_err_deg: 1.295
Epoch: [6/23], Batch: 130/2963, Loss: 170.723, Trans_L2_m: 0.731, Yaw_err_deg: 3.191
Epoch: [6/23], Batch: 140/2963, Loss: 103.308, Trans_L2_m: 0.587, Yaw_err_deg: 2.167
Epoch: [6/23], Batch: 150/2963, Loss: 108.516, Trans_L2_m: 0.614, Yaw_err_deg: 2.350
Epoch: [6/23], Batch: 160/2963, Loss: 188.216, Trans_L2_m: 0.570, Yaw_err_deg: 3.488
Epoch: [6/23], Batch: 170/2963, Loss: 93.506, Trans_L2_m: 0.661, Yaw_err_deg: 1.764
Epoch: [6/23], Batch: 180/2963, Loss: 115.604, Trans_L2_m: 0.612, Yaw_err_deg: 2.038
Epoch: [6/23], Batch: 190/2963, Loss: 147.085, Trans_L2_m: 0.672, Yaw_err_deg: 2.875
Epoch: [6/23], Batch: 200/2963, Loss: 98.104, Trans_L2_m: 0.388, Yaw_err_deg: 1.873
Epoch: [6/23], Batch: 210/2963, Loss: 284.268, Trans_L2_m: 0.742, Yaw_err_deg: 3.555
Epoch: [6/23], Batch: 220/2963, Loss: 98.725, Trans_L2_m: 0.605, Yaw_err_deg: 2.176
Epoch: [6/23], Batch: 230/2963, Loss: 107.682, Trans_L2_m: 0.554, Yaw_err_deg: 2.385
Epoch: [6/23], Batch: 240/2963, Loss: 140.713, Trans_L2_m: 0.778, Yaw_err_deg: 3.079
Epoch: [6/23], Batch: 250/2963, Loss: 86.498, Trans_L2_m: 0.648, Yaw_err_deg: 1.628
Epoch: [6/23], Batch: 260/2963, Loss: 108.149, Trans_L2_m: 0.577, Yaw_err_deg: 2.244
Epoch: [6/23], Batch: 270/2963, Loss: 108.677, Trans_L2_m: 0.520, Yaw_err_deg: 1.911
Epoch: [6/23], Batch: 280/2963, Loss: 95.859, Trans_L2_m: 0.597, Yaw_err_deg: 1.923
Epoch: [6/23], Batch: 290/2963, Loss: 625.429, Trans_L2_m: 0.607, Yaw_err_deg: 5.403
Epoch: [6/23], Batch: 300/2963, Loss: 93.312, Trans_L2_m: 0.647, Yaw_err_deg: 1.608
Epoch: [6/23], Batch: 310/2963, Loss: 191.429, Trans_L2_m: 0.845, Yaw_err_deg: 2.838
Epoch: [6/23], Batch: 320/2963, Loss: 131.613, Trans_L2_m: 0.609, Yaw_err_deg: 2.419
Epoch: [6/23], Batch: 330/2963, Loss: 159.551, Trans_L2_m: 0.751, Yaw_err_deg: 3.046
Epoch: [6/23], Batch: 340/2963, Loss: 112.381, Trans_L2_m: 0.568, Yaw_err_deg: 2.242
Epoch: [6/23], Batch: 350/2963, Loss: 70.489, Trans_L2_m: 0.618, Yaw_err_deg: 1.339
Epoch: [6/23], Batch: 360/2963, Loss: 119.448, Trans_L2_m: 0.654, Yaw_err_deg: 2.787
Epoch: [6/23], Batch: 370/2963, Loss: 79.934, Trans_L2_m: 0.671, Yaw_err_deg: 1.486
Epoch: [6/23], Batch: 380/2963, Loss: 95.945, Trans_L2_m: 0.432, Yaw_err_deg: 2.192
Epoch: [6/23], Batch: 390/2963, Loss: 169.994, Trans_L2_m: 0.498, Yaw_err_deg: 3.135
Epoch: [6/23], Batch: 400/2963, Loss: 115.347, Trans_L2_m: 0.916, Yaw_err_deg: 2.147
Epoch: [6/23], Batch: 410/2963, Loss: 124.326, Trans_L2_m: 0.727, Yaw_err_deg: 2.336
Epoch: [6/23], Batch: 420/2963, Loss: 127.023, Trans_L2_m: 0.842, Yaw_err_deg: 2.661
Epoch: [6/23], Batch: 430/2963, Loss: 103.907, Trans_L2_m: 0.646, Yaw_err_deg: 2.143
Epoch: [6/23], Batch: 440/2963, Loss: 96.156, Trans_L2_m: 0.521, Yaw_err_deg: 1.934
Epoch: [6/23], Batch: 450/2963, Loss: 86.663, Trans_L2_m: 0.496, Yaw_err_deg: 1.907
Epoch: [6/23], Batch: 460/2963, Loss: 87.216, Trans_L2_m: 0.538, Yaw_err_deg: 1.851
Epoch: [6/23], Batch: 470/2963, Loss: 151.864, Trans_L2_m: 0.576, Yaw_err_deg: 2.508
Epoch: [6/23], Batch: 480/2963, Loss: 92.873, Trans_L2_m: 0.442, Yaw_err_deg: 1.791
Epoch: [6/23], Batch: 490/2963, Loss: 237.159, Trans_L2_m: 0.622, Yaw_err_deg: 2.833
Epoch: [6/23], Batch: 500/2963, Loss: 114.876, Trans_L2_m: 0.430, Yaw_err_deg: 2.292
Epoch: [6/23], Batch: 510/2963, Loss: 119.786, Trans_L2_m: 0.552, Yaw_err_deg: 2.243
Epoch: [6/23], Batch: 520/2963, Loss: 75.945, Trans_L2_m: 0.635, Yaw_err_deg: 1.259
Epoch: [6/23], Batch: 530/2963, Loss: 135.080, Trans_L2_m: 0.546, Yaw_err_deg: 3.014
Epoch: [6/23], Batch: 540/2963, Loss: 167.808, Trans_L2_m: 0.755, Yaw_err_deg: 3.232
Epoch: [6/23], Batch: 550/2963, Loss: 97.005, Trans_L2_m: 0.735, Yaw_err_deg: 2.020
Epoch: [6/23], Batch: 560/2963, Loss: 141.400, Trans_L2_m: 0.662, Yaw_err_deg: 2.871
Epoch: [6/23], Batch: 570/2963, Loss: 91.390, Trans_L2_m: 0.625, Yaw_err_deg: 1.753
Epoch: [6/23], Batch: 580/2963, Loss: 116.061, Trans_L2_m: 0.621, Yaw_err_deg: 2.083
Epoch: [6/23], Batch: 590/2963, Loss: 87.443, Trans_L2_m: 0.731, Yaw_err_deg: 1.594
Epoch: [6/23], Batch: 600/2963, Loss: 108.456, Trans_L2_m: 0.505, Yaw_err_deg: 2.330
Epoch: [6/23], Batch: 610/2963, Loss: 107.304, Trans_L2_m: 0.596, Yaw_err_deg: 2.483
Epoch: [6/23], Batch: 620/2963, Loss: 93.115, Trans_L2_m: 0.787, Yaw_err_deg: 1.306
Epoch: [6/23], Batch: 630/2963, Loss: 109.660, Trans_L2_m: 0.799, Yaw_err_deg: 1.651
Epoch: [6/23], Batch: 640/2963, Loss: 100.949, Trans_L2_m: 0.571, Yaw_err_deg: 2.024
Epoch: [6/23], Batch: 650/2963, Loss: 119.961, Trans_L2_m: 0.681, Yaw_err_deg: 1.924
Epoch: [6/23], Batch: 660/2963, Loss: 98.336, Trans_L2_m: 0.619, Yaw_err_deg: 2.038
Epoch: [6/23], Batch: 670/2963, Loss: 212.217, Trans_L2_m: 0.635, Yaw_err_deg: 4.282
Epoch: [6/23], Batch: 680/2963, Loss: 137.044, Trans_L2_m: 0.528, Yaw_err_deg: 2.299
Epoch: [6/23], Batch: 690/2963, Loss: 100.186, Trans_L2_m: 0.517, Yaw_err_deg: 1.898
Epoch: [6/23], Batch: 700/2963, Loss: 92.186, Trans_L2_m: 0.531, Yaw_err_deg: 2.029
Epoch: [6/23], Batch: 710/2963, Loss: 197.462, Trans_L2_m: 0.702, Yaw_err_deg: 3.109
Epoch: [6/23], Batch: 720/2963, Loss: 108.322, Trans_L2_m: 0.493, Yaw_err_deg: 2.374
Epoch: [6/23], Batch: 730/2963, Loss: 97.946, Trans_L2_m: 0.651, Yaw_err_deg: 2.293
Epoch: [6/23], Batch: 740/2963, Loss: 88.623, Trans_L2_m: 0.631, Yaw_err_deg: 1.821
Epoch: [6/23], Batch: 750/2963, Loss: 134.028, Trans_L2_m: 0.529, Yaw_err_deg: 3.135
Epoch: [6/23], Batch: 760/2963, Loss: 112.102, Trans_L2_m: 0.470, Yaw_err_deg: 2.044
Epoch: [6/23], Batch: 770/2963, Loss: 131.082, Trans_L2_m: 0.598, Yaw_err_deg: 2.519
Epoch: [6/23], Batch: 780/2963, Loss: 80.927, Trans_L2_m: 0.548, Yaw_err_deg: 1.676
Epoch: [6/23], Batch: 790/2963, Loss: 154.231, Trans_L2_m: 0.629, Yaw_err_deg: 3.269
Epoch: [6/23], Batch: 800/2963, Loss: 87.221, Trans_L2_m: 0.534, Yaw_err_deg: 1.742
Epoch: [6/23], Batch: 810/2963, Loss: 183.104, Trans_L2_m: 0.704, Yaw_err_deg: 3.105
Epoch: [6/23], Batch: 820/2963, Loss: 102.981, Trans_L2_m: 0.517, Yaw_err_deg: 2.429
Epoch: [6/23], Batch: 830/2963, Loss: 272.132, Trans_L2_m: 0.362, Yaw_err_deg: 3.963
Epoch: [6/23], Batch: 840/2963, Loss: 125.356, Trans_L2_m: 0.509, Yaw_err_deg: 2.819
Epoch: [6/23], Batch: 850/2963, Loss: 89.762, Trans_L2_m: 0.721, Yaw_err_deg: 1.701
Epoch: [6/23], Batch: 860/2963, Loss: 131.891, Trans_L2_m: 0.734, Yaw_err_deg: 2.961
Epoch: [6/23], Batch: 870/2963, Loss: 123.026, Trans_L2_m: 0.741, Yaw_err_deg: 2.640
Epoch: [6/23], Batch: 880/2963, Loss: 94.688, Trans_L2_m: 0.727, Yaw_err_deg: 1.957
Epoch: [6/23], Batch: 890/2963, Loss: 82.061, Trans_L2_m: 0.515, Yaw_err_deg: 1.425
Epoch: [6/23], Batch: 900/2963, Loss: 102.328, Trans_L2_m: 0.540, Yaw_err_deg: 2.084
Epoch: [6/23], Batch: 910/2963, Loss: 168.216, Trans_L2_m: 0.609, Yaw_err_deg: 2.647
Epoch: [6/23], Batch: 920/2963, Loss: 146.903, Trans_L2_m: 0.694, Yaw_err_deg: 3.376
Epoch: [6/23], Batch: 930/2963, Loss: 151.993, Trans_L2_m: 1.008, Yaw_err_deg: 2.647
Epoch: [6/23], Batch: 940/2963, Loss: 83.675, Trans_L2_m: 0.728, Yaw_err_deg: 1.735
Epoch: [6/23], Batch: 950/2963, Loss: 158.815, Trans_L2_m: 0.635, Yaw_err_deg: 3.105
Epoch: [6/23], Batch: 960/2963, Loss: 160.904, Trans_L2_m: 0.637, Yaw_err_deg: 2.515
Epoch: [6/23], Batch: 970/2963, Loss: 130.073, Trans_L2_m: 0.609, Yaw_err_deg: 2.704
Epoch: [6/23], Batch: 980/2963, Loss: 124.681, Trans_L2_m: 0.557, Yaw_err_deg: 2.424
Epoch: [6/23], Batch: 990/2963, Loss: 140.832, Trans_L2_m: 0.653, Yaw_err_deg: 2.763
Epoch: [6/23], Batch: 1000/2963, Loss: 100.008, Trans_L2_m: 0.494, Yaw_err_deg: 2.414
Epoch: [6/23], Batch: 1010/2963, Loss: 109.939, Trans_L2_m: 0.570, Yaw_err_deg: 2.543
Epoch: [6/23], Batch: 1020/2963, Loss: 136.117, Trans_L2_m: 0.661, Yaw_err_deg: 2.489
Epoch: [6/23], Batch: 1030/2963, Loss: 493.984, Trans_L2_m: 0.414, Yaw_err_deg: 5.194
Epoch: [6/23], Batch: 1040/2963, Loss: 100.652, Trans_L2_m: 0.536, Yaw_err_deg: 2.224
Epoch: [6/23], Batch: 1050/2963, Loss: 165.157, Trans_L2_m: 0.621, Yaw_err_deg: 2.471
Epoch: [6/23], Batch: 1060/2963, Loss: 108.839, Trans_L2_m: 0.487, Yaw_err_deg: 2.608
Epoch: [6/23], Batch: 1070/2963, Loss: 14563.523, Trans_L2_m: 0.650, Yaw_err_deg: 2.485
Epoch: [6/23], Batch: 1080/2963, Loss: 134.661, Trans_L2_m: 0.594, Yaw_err_deg: 3.325
Epoch: [6/23], Batch: 1090/2963, Loss: 101.089, Trans_L2_m: 0.776, Yaw_err_deg: 1.729
Epoch: [6/23], Batch: 1100/2963, Loss: 127.382, Trans_L2_m: 0.507, Yaw_err_deg: 2.395
Epoch: [6/23], Batch: 1110/2963, Loss: 134.137, Trans_L2_m: 0.624, Yaw_err_deg: 2.053
Epoch: [6/23], Batch: 1120/2963, Loss: 79.472, Trans_L2_m: 0.628, Yaw_err_deg: 1.509
Epoch: [6/23], Batch: 1130/2963, Loss: 94.013, Trans_L2_m: 0.596, Yaw_err_deg: 2.055
Epoch: [6/23], Batch: 1140/2963, Loss: 113.810, Trans_L2_m: 0.596, Yaw_err_deg: 2.094
Epoch: [6/23], Batch: 1150/2963, Loss: 85.021, Trans_L2_m: 0.407, Yaw_err_deg: 1.850
Epoch: [6/23], Batch: 1160/2963, Loss: 142.156, Trans_L2_m: 0.599, Yaw_err_deg: 2.668
Epoch: [6/23], Batch: 1170/2963, Loss: 140.454, Trans_L2_m: 0.630, Yaw_err_deg: 2.951
Epoch: [6/23], Batch: 1180/2963, Loss: 101.974, Trans_L2_m: 0.800, Yaw_err_deg: 1.691
Epoch: [6/23], Batch: 1190/2963, Loss: 115.485, Trans_L2_m: 0.725, Yaw_err_deg: 2.340
Epoch: [6/23], Batch: 1200/2963, Loss: 105.134, Trans_L2_m: 0.558, Yaw_err_deg: 2.123
Epoch: [6/23], Batch: 1210/2963, Loss: 112.146, Trans_L2_m: 0.596, Yaw_err_deg: 2.109
Epoch: [6/23], Batch: 1220/2963, Loss: 446.552, Trans_L2_m: 0.484, Yaw_err_deg: 4.657
Epoch: [6/23], Batch: 1230/2963, Loss: 149.780, Trans_L2_m: 0.555, Yaw_err_deg: 3.052
Epoch: [6/23], Batch: 1240/2963, Loss: 129.460, Trans_L2_m: 0.495, Yaw_err_deg: 2.574
Epoch: [6/23], Batch: 1250/2963, Loss: 119.779, Trans_L2_m: 0.645, Yaw_err_deg: 2.290
Epoch: [6/23], Batch: 1260/2963, Loss: 140.820, Trans_L2_m: 0.638, Yaw_err_deg: 2.568
Epoch: [6/23], Batch: 1270/2963, Loss: 83.066, Trans_L2_m: 0.614, Yaw_err_deg: 1.500
Epoch: [6/23], Batch: 1280/2963, Loss: 105.683, Trans_L2_m: 0.527, Yaw_err_deg: 2.432
Epoch: [6/23], Batch: 1290/2963, Loss: 98.375, Trans_L2_m: 0.756, Yaw_err_deg: 1.540
Epoch: [6/23], Batch: 1300/2963, Loss: 92.818, Trans_L2_m: 0.667, Yaw_err_deg: 1.818
Epoch: [6/23], Batch: 1310/2963, Loss: 170.734, Trans_L2_m: 0.506, Yaw_err_deg: 2.658
Epoch: [6/23], Batch: 1320/2963, Loss: 170.626, Trans_L2_m: 0.568, Yaw_err_deg: 3.801
Epoch: [6/23], Batch: 1330/2963, Loss: 94.955, Trans_L2_m: 0.440, Yaw_err_deg: 1.943
Epoch: [6/23], Batch: 1340/2963, Loss: 135.697, Trans_L2_m: 0.612, Yaw_err_deg: 3.009
Epoch: [6/23], Batch: 1350/2963, Loss: 94.972, Trans_L2_m: 0.745, Yaw_err_deg: 1.876
Epoch: [6/23], Batch: 1360/2963, Loss: 105.648, Trans_L2_m: 0.614, Yaw_err_deg: 2.093
Epoch: [6/23], Batch: 1370/2963, Loss: 91.469, Trans_L2_m: 0.790, Yaw_err_deg: 1.356
Epoch: [6/23], Batch: 1380/2963, Loss: 80.005, Trans_L2_m: 0.574, Yaw_err_deg: 1.578
Epoch: [6/23], Batch: 1390/2963, Loss: 177.432, Trans_L2_m: 0.653, Yaw_err_deg: 3.160
Epoch: [6/23], Batch: 1400/2963, Loss: 224.248, Trans_L2_m: 1.216, Yaw_err_deg: 2.791
Epoch: [6/23], Batch: 1410/2963, Loss: 133.881, Trans_L2_m: 0.719, Yaw_err_deg: 2.738
Epoch: [6/23], Batch: 1420/2963, Loss: 265.540, Trans_L2_m: 0.645, Yaw_err_deg: 3.477
Epoch: [6/23], Batch: 1430/2963, Loss: 102.888, Trans_L2_m: 0.691, Yaw_err_deg: 1.919
Epoch: [6/23], Batch: 1440/2963, Loss: 223.590, Trans_L2_m: 0.606, Yaw_err_deg: 3.957
Epoch: [6/23], Batch: 1450/2963, Loss: 93.709, Trans_L2_m: 0.627, Yaw_err_deg: 1.913
Epoch: [6/23], Batch: 1460/2963, Loss: 107.054, Trans_L2_m: 0.591, Yaw_err_deg: 2.492
Epoch: [6/23], Batch: 1470/2963, Loss: 86.101, Trans_L2_m: 0.538, Yaw_err_deg: 1.762
Epoch: [6/23], Batch: 1480/2963, Loss: 106.923, Trans_L2_m: 0.529, Yaw_err_deg: 2.228
Epoch: [6/23], Batch: 1490/2963, Loss: 100.642, Trans_L2_m: 0.504, Yaw_err_deg: 2.098
Epoch: [6/23], Batch: 1500/2963, Loss: 118.952, Trans_L2_m: 0.399, Yaw_err_deg: 2.638
Epoch: [6/23], Batch: 1510/2963, Loss: 145.381, Trans_L2_m: 0.419, Yaw_err_deg: 2.969
Epoch: [6/23], Batch: 1520/2963, Loss: 177.792, Trans_L2_m: 0.770, Yaw_err_deg: 3.173
Epoch: [6/23], Batch: 1530/2963, Loss: 99.395, Trans_L2_m: 0.880, Yaw_err_deg: 1.847
Epoch: [6/23], Batch: 1540/2963, Loss: 103.318, Trans_L2_m: 0.730, Yaw_err_deg: 1.805
Epoch: [6/23], Batch: 1550/2963, Loss: 88.687, Trans_L2_m: 0.579, Yaw_err_deg: 2.018
Epoch: [6/23], Batch: 1560/2963, Loss: 488.436, Trans_L2_m: 0.502, Yaw_err_deg: 4.203
Epoch: [6/23], Batch: 1570/2963, Loss: 93.546, Trans_L2_m: 0.558, Yaw_err_deg: 1.876
Epoch: [6/23], Batch: 1580/2963, Loss: 100.404, Trans_L2_m: 0.584, Yaw_err_deg: 1.909
Epoch: [6/23], Batch: 1590/2963, Loss: 124.911, Trans_L2_m: 0.543, Yaw_err_deg: 2.864
Epoch: [6/23], Batch: 1600/2963, Loss: 99.649, Trans_L2_m: 0.631, Yaw_err_deg: 2.301
Epoch: [6/23], Batch: 1610/2963, Loss: 80.836, Trans_L2_m: 0.531, Yaw_err_deg: 1.503
Epoch: [6/23], Batch: 1620/2963, Loss: 118.624, Trans_L2_m: 0.634, Yaw_err_deg: 2.573
Epoch: [6/23], Batch: 1630/2963, Loss: 367.860, Trans_L2_m: 0.765, Yaw_err_deg: 3.617
Epoch: [6/23], Batch: 1640/2963, Loss: 101.681, Trans_L2_m: 0.490, Yaw_err_deg: 2.287
Epoch: [6/23], Batch: 1650/2963, Loss: 107.740, Trans_L2_m: 0.588, Yaw_err_deg: 2.310
Epoch: [6/23], Batch: 1660/2963, Loss: 104.191, Trans_L2_m: 0.632, Yaw_err_deg: 2.440
Epoch: [6/23], Batch: 1670/2963, Loss: 78.775, Trans_L2_m: 0.627, Yaw_err_deg: 1.441
Epoch: [6/23], Batch: 1680/2963, Loss: 131.532, Trans_L2_m: 0.569, Yaw_err_deg: 2.715
Epoch: [6/23], Batch: 1690/2963, Loss: 193.082, Trans_L2_m: 0.652, Yaw_err_deg: 3.237
Epoch: [6/23], Batch: 1700/2963, Loss: 78.862, Trans_L2_m: 0.540, Yaw_err_deg: 1.458
Epoch: [6/23], Batch: 1710/2963, Loss: 154.601, Trans_L2_m: 0.696, Yaw_err_deg: 2.769
Epoch: [6/23], Batch: 1720/2963, Loss: 115.158, Trans_L2_m: 0.598, Yaw_err_deg: 2.318
Epoch: [6/23], Batch: 1730/2963, Loss: 134.908, Trans_L2_m: 0.438, Yaw_err_deg: 2.990
Epoch: [6/23], Batch: 1740/2963, Loss: 80.573, Trans_L2_m: 0.550, Yaw_err_deg: 1.477
Epoch: [6/23], Batch: 1750/2963, Loss: 188.817, Trans_L2_m: 0.574, Yaw_err_deg: 3.373
Epoch: [6/23], Batch: 1760/2963, Loss: 115.872, Trans_L2_m: 0.477, Yaw_err_deg: 2.159
Epoch: [6/23], Batch: 1770/2963, Loss: 90.652, Trans_L2_m: 0.554, Yaw_err_deg: 1.726
Epoch: [6/23], Batch: 1780/2963, Loss: 327.572, Trans_L2_m: 0.474, Yaw_err_deg: 3.730
Epoch: [6/23], Batch: 1790/2963, Loss: 153.410, Trans_L2_m: 0.650, Yaw_err_deg: 2.813
Epoch: [6/23], Batch: 1800/2963, Loss: 99.524, Trans_L2_m: 0.700, Yaw_err_deg: 2.119
Epoch: [6/23], Batch: 1810/2963, Loss: 93.076, Trans_L2_m: 0.759, Yaw_err_deg: 2.052
Epoch: [6/23], Batch: 1820/2963, Loss: 101.508, Trans_L2_m: 0.534, Yaw_err_deg: 2.137
Epoch: [6/23], Batch: 1830/2963, Loss: 82.625, Trans_L2_m: 0.525, Yaw_err_deg: 1.696
Epoch: [6/23], Batch: 1840/2963, Loss: 132.103, Trans_L2_m: 0.492, Yaw_err_deg: 2.789
Epoch: [6/23], Batch: 1850/2963, Loss: 83.137, Trans_L2_m: 0.691, Yaw_err_deg: 1.561
Epoch: [6/23], Batch: 1860/2963, Loss: 93.396, Trans_L2_m: 0.700, Yaw_err_deg: 1.857
Epoch: [6/23], Batch: 1870/2963, Loss: 114.606, Trans_L2_m: 0.612, Yaw_err_deg: 2.244
Epoch: [6/23], Batch: 1880/2963, Loss: 108.656, Trans_L2_m: 0.702, Yaw_err_deg: 1.810
Epoch: [6/23], Batch: 1890/2963, Loss: 144.028, Trans_L2_m: 0.655, Yaw_err_deg: 2.272
Epoch: [6/23], Batch: 1900/2963, Loss: 96.514, Trans_L2_m: 0.792, Yaw_err_deg: 1.990
Epoch: [6/23], Batch: 1910/2963, Loss: 89.998, Trans_L2_m: 0.549, Yaw_err_deg: 1.660
Epoch: [6/23], Batch: 1920/2963, Loss: 88.221, Trans_L2_m: 0.873, Yaw_err_deg: 1.566
Epoch: [6/23], Batch: 1930/2963, Loss: 90.311, Trans_L2_m: 0.586, Yaw_err_deg: 1.833
Epoch: [6/23], Batch: 1940/2963, Loss: 93.761, Trans_L2_m: 0.683, Yaw_err_deg: 2.135
Epoch: [6/23], Batch: 1950/2963, Loss: 97.370, Trans_L2_m: 0.622, Yaw_err_deg: 2.178
Epoch: [6/23], Batch: 1960/2963, Loss: 104.295, Trans_L2_m: 0.528, Yaw_err_deg: 2.474
Epoch: [6/23], Batch: 1970/2963, Loss: 140.541, Trans_L2_m: 0.629, Yaw_err_deg: 2.968
Epoch: [6/23], Batch: 1980/2963, Loss: 103.467, Trans_L2_m: 0.614, Yaw_err_deg: 2.394
Epoch: [6/23], Batch: 1990/2963, Loss: 101.453, Trans_L2_m: 0.428, Yaw_err_deg: 2.301
Epoch: [6/23], Batch: 2000/2963, Loss: 112.179, Trans_L2_m: 0.778, Yaw_err_deg: 2.036
Epoch: [6/23], Batch: 2010/2963, Loss: 78.071, Trans_L2_m: 0.490, Yaw_err_deg: 1.686
Epoch: [6/23], Batch: 2020/2963, Loss: 114.164, Trans_L2_m: 0.759, Yaw_err_deg: 2.547
Epoch: [6/23], Batch: 2030/2963, Loss: 113.142, Trans_L2_m: 0.495, Yaw_err_deg: 2.612
Epoch: [6/23], Batch: 2040/2963, Loss: 141.798, Trans_L2_m: 0.644, Yaw_err_deg: 2.876
Epoch: [6/23], Batch: 2050/2963, Loss: 108.905, Trans_L2_m: 0.598, Yaw_err_deg: 2.011
Epoch: [6/23], Batch: 2060/2963, Loss: 88.510, Trans_L2_m: 0.356, Yaw_err_deg: 2.110
Epoch: [6/23], Batch: 2070/2963, Loss: 109.920, Trans_L2_m: 0.559, Yaw_err_deg: 2.295
Epoch: [6/23], Batch: 2080/2963, Loss: 147.125, Trans_L2_m: 0.496, Yaw_err_deg: 2.944
Epoch: [6/23], Batch: 2090/2963, Loss: 88.573, Trans_L2_m: 0.550, Yaw_err_deg: 1.957
Epoch: [6/23], Batch: 2100/2963, Loss: 151.828, Trans_L2_m: 0.598, Yaw_err_deg: 2.764
Epoch: [6/23], Batch: 2110/2963, Loss: 186.540, Trans_L2_m: 0.707, Yaw_err_deg: 3.915
Epoch: [6/23], Batch: 2120/2963, Loss: 128.082, Trans_L2_m: 0.596, Yaw_err_deg: 2.946
Epoch: [6/23], Batch: 2130/2963, Loss: 89.120, Trans_L2_m: 0.595, Yaw_err_deg: 1.940
Epoch: [6/23], Batch: 2140/2963, Loss: 100.511, Trans_L2_m: 0.582, Yaw_err_deg: 2.204
Epoch: [6/23], Batch: 2150/2963, Loss: 122.174, Trans_L2_m: 0.782, Yaw_err_deg: 2.500
Epoch: [6/23], Batch: 2160/2963, Loss: 175.043, Trans_L2_m: 0.536, Yaw_err_deg: 3.592
Epoch: [6/23], Batch: 2170/2963, Loss: 78.688, Trans_L2_m: 0.639, Yaw_err_deg: 1.513
Epoch: [6/23], Batch: 2180/2963, Loss: 101.058, Trans_L2_m: 0.477, Yaw_err_deg: 2.476
Epoch: [6/23], Batch: 2190/2963, Loss: 73.482, Trans_L2_m: 0.648, Yaw_err_deg: 1.393
Epoch: [6/23], Batch: 2200/2963, Loss: 123.555, Trans_L2_m: 0.533, Yaw_err_deg: 2.826
Epoch: [6/23], Batch: 2210/2963, Loss: 163.612, Trans_L2_m: 0.560, Yaw_err_deg: 2.198
Epoch: [6/23], Batch: 2220/2963, Loss: 122.206, Trans_L2_m: 0.823, Yaw_err_deg: 2.355
Epoch: [6/23], Batch: 2230/2963, Loss: 110.006, Trans_L2_m: 0.876, Yaw_err_deg: 2.046
Epoch: [6/23], Batch: 2240/2963, Loss: 164.946, Trans_L2_m: 0.753, Yaw_err_deg: 2.825
Epoch: [6/23], Batch: 2250/2963, Loss: 113.781, Trans_L2_m: 0.630, Yaw_err_deg: 2.498
Epoch: [6/23], Batch: 2260/2963, Loss: 100.793, Trans_L2_m: 0.675, Yaw_err_deg: 1.965
Epoch: [6/23], Batch: 2270/2963, Loss: 94.578, Trans_L2_m: 0.757, Yaw_err_deg: 1.848
Epoch: [6/23], Batch: 2280/2963, Loss: 137.344, Trans_L2_m: 0.773, Yaw_err_deg: 2.693
Epoch: [6/23], Batch: 2290/2963, Loss: 89.985, Trans_L2_m: 0.765, Yaw_err_deg: 1.968
Epoch: [6/23], Batch: 2300/2963, Loss: 215.449, Trans_L2_m: 0.666, Yaw_err_deg: 2.731
Epoch: [6/23], Batch: 2310/2963, Loss: 147.244, Trans_L2_m: 0.557, Yaw_err_deg: 2.909
Epoch: [6/23], Batch: 2320/2963, Loss: 113.173, Trans_L2_m: 0.520, Yaw_err_deg: 2.808
Epoch: [6/23], Batch: 2330/2963, Loss: 98.840, Trans_L2_m: 0.543, Yaw_err_deg: 2.245
Epoch: [6/23], Batch: 2340/2963, Loss: 94.515, Trans_L2_m: 0.663, Yaw_err_deg: 1.952
Epoch: [6/23], Batch: 2350/2963, Loss: 116.693, Trans_L2_m: 0.754, Yaw_err_deg: 2.330
Epoch: [6/23], Batch: 2360/2963, Loss: 141.073, Trans_L2_m: 0.584, Yaw_err_deg: 2.892
Epoch: [6/23], Batch: 2370/2963, Loss: 81.250, Trans_L2_m: 0.559, Yaw_err_deg: 1.793
Epoch: [6/23], Batch: 2380/2963, Loss: 186.089, Trans_L2_m: 0.579, Yaw_err_deg: 2.757
Epoch: [6/23], Batch: 2390/2963, Loss: 84.952, Trans_L2_m: 0.541, Yaw_err_deg: 1.960
Epoch: [6/23], Batch: 2400/2963, Loss: 133.840, Trans_L2_m: 0.423, Yaw_err_deg: 2.771
Epoch: [6/23], Batch: 2410/2963, Loss: 136.263, Trans_L2_m: 0.482, Yaw_err_deg: 2.331
Epoch: [6/23], Batch: 2420/2963, Loss: 231.263, Trans_L2_m: 0.692, Yaw_err_deg: 2.817
Epoch: [6/23], Batch: 2430/2963, Loss: 86.959, Trans_L2_m: 0.553, Yaw_err_deg: 1.600
Epoch: [6/23], Batch: 2440/2963, Loss: 97.184, Trans_L2_m: 0.657, Yaw_err_deg: 1.495
Epoch: [6/23], Batch: 2450/2963, Loss: 109.928, Trans_L2_m: 0.479, Yaw_err_deg: 2.424
Epoch: [6/23], Batch: 2460/2963, Loss: 391.076, Trans_L2_m: 0.403, Yaw_err_deg: 3.653
Epoch: [6/23], Batch: 2470/2963, Loss: 117.772, Trans_L2_m: 0.544, Yaw_err_deg: 2.124
Epoch: [6/23], Batch: 2480/2963, Loss: 87.581, Trans_L2_m: 0.471, Yaw_err_deg: 1.773
Epoch: [6/23], Batch: 2490/2963, Loss: 87.738, Trans_L2_m: 0.653, Yaw_err_deg: 1.849
Epoch: [6/23], Batch: 2500/2963, Loss: 116.304, Trans_L2_m: 0.610, Yaw_err_deg: 2.138
Epoch: [6/23], Batch: 2510/2963, Loss: 92.817, Trans_L2_m: 0.534, Yaw_err_deg: 1.588
Epoch: [6/23], Batch: 2520/2963, Loss: 152.414, Trans_L2_m: 0.750, Yaw_err_deg: 2.703
Epoch: [6/23], Batch: 2530/2963, Loss: 109.395, Trans_L2_m: 0.545, Yaw_err_deg: 2.190
Epoch: [6/23], Batch: 2540/2963, Loss: 103.005, Trans_L2_m: 0.665, Yaw_err_deg: 2.250
Epoch: [6/23], Batch: 2550/2963, Loss: 104.846, Trans_L2_m: 0.591, Yaw_err_deg: 2.057
Epoch: [6/23], Batch: 2560/2963, Loss: 110.005, Trans_L2_m: 0.544, Yaw_err_deg: 2.479
Epoch: [6/23], Batch: 2570/2963, Loss: 113.993, Trans_L2_m: 0.386, Yaw_err_deg: 2.673
Epoch: [6/23], Batch: 2580/2963, Loss: 124.872, Trans_L2_m: 0.542, Yaw_err_deg: 2.794
Epoch: [6/23], Batch: 2590/2963, Loss: 127.296, Trans_L2_m: 0.500, Yaw_err_deg: 2.729
Epoch: [6/23], Batch: 2600/2963, Loss: 96.494, Trans_L2_m: 0.500, Yaw_err_deg: 2.068
Epoch: [6/23], Batch: 2610/2963, Loss: 112.115, Trans_L2_m: 0.473, Yaw_err_deg: 2.369
Epoch: [6/23], Batch: 2620/2963, Loss: 109.659, Trans_L2_m: 0.708, Yaw_err_deg: 2.562
Epoch: [6/23], Batch: 2630/2963, Loss: 110.241, Trans_L2_m: 0.609, Yaw_err_deg: 2.032
Epoch: [6/23], Batch: 2640/2963, Loss: 120.473, Trans_L2_m: 0.461, Yaw_err_deg: 2.888
Epoch: [6/23], Batch: 2650/2963, Loss: 107.189, Trans_L2_m: 0.591, Yaw_err_deg: 2.009
Epoch: [6/23], Batch: 2660/2963, Loss: 80.766, Trans_L2_m: 0.440, Yaw_err_deg: 1.685
Epoch: [6/23], Batch: 2670/2963, Loss: 462.767, Trans_L2_m: 0.452, Yaw_err_deg: 3.578
Epoch: [6/23], Batch: 2680/2963, Loss: 149.759, Trans_L2_m: 0.584, Yaw_err_deg: 3.215
Epoch: [6/23], Batch: 2690/2963, Loss: 79.566, Trans_L2_m: 0.644, Yaw_err_deg: 1.720
Epoch: [6/23], Batch: 2700/2963, Loss: 97.727, Trans_L2_m: 0.684, Yaw_err_deg: 1.719
Epoch: [6/23], Batch: 2710/2963, Loss: 189.633, Trans_L2_m: 0.663, Yaw_err_deg: 3.041
Epoch: [6/23], Batch: 2720/2963, Loss: 133.819, Trans_L2_m: 0.729, Yaw_err_deg: 2.416
Epoch: [6/23], Batch: 2730/2963, Loss: 74.554, Trans_L2_m: 0.295, Yaw_err_deg: 1.595
Epoch: [6/23], Batch: 2740/2963, Loss: 109.033, Trans_L2_m: 0.603, Yaw_err_deg: 2.382
Epoch: [6/23], Batch: 2750/2963, Loss: 62.692, Trans_L2_m: 0.486, Yaw_err_deg: 0.961
Epoch: [6/23], Batch: 2760/2963, Loss: 76.626, Trans_L2_m: 0.667, Yaw_err_deg: 1.376
Epoch: [6/23], Batch: 2770/2963, Loss: 99.628, Trans_L2_m: 0.726, Yaw_err_deg: 2.201
Epoch: [6/23], Batch: 2780/2963, Loss: 97.772, Trans_L2_m: 0.620, Yaw_err_deg: 1.987
Epoch: [6/23], Batch: 2790/2963, Loss: 79.748, Trans_L2_m: 0.526, Yaw_err_deg: 1.659
Epoch: [6/23], Batch: 2800/2963, Loss: 133.748, Trans_L2_m: 0.533, Yaw_err_deg: 2.939
Epoch: [6/23], Batch: 2810/2963, Loss: 84.309, Trans_L2_m: 0.633, Yaw_err_deg: 1.803
Epoch: [6/23], Batch: 2820/2963, Loss: 73.672, Trans_L2_m: 0.600, Yaw_err_deg: 1.325
Epoch: [6/23], Batch: 2830/2963, Loss: 89.012, Trans_L2_m: 0.675, Yaw_err_deg: 1.711
Epoch: [6/23], Batch: 2840/2963, Loss: 88.585, Trans_L2_m: 0.563, Yaw_err_deg: 2.039
Epoch: [6/23], Batch: 2850/2963, Loss: 156.880, Trans_L2_m: 0.599, Yaw_err_deg: 3.628
Epoch: [6/23], Batch: 2860/2963, Loss: 84.236, Trans_L2_m: 0.763, Yaw_err_deg: 1.491
Epoch: [6/23], Batch: 2870/2963, Loss: 112.449, Trans_L2_m: 0.655, Yaw_err_deg: 2.386
Epoch: [6/23], Batch: 2880/2963, Loss: 131.006, Trans_L2_m: 0.507, Yaw_err_deg: 2.743
Epoch: [6/23], Batch: 2890/2963, Loss: 108.035, Trans_L2_m: 0.557, Yaw_err_deg: 1.630
Epoch: [6/23], Batch: 2900/2963, Loss: 88.309, Trans_L2_m: 0.512, Yaw_err_deg: 1.960
Epoch: [6/23], Batch: 2910/2963, Loss: 129.674, Trans_L2_m: 0.599, Yaw_err_deg: 2.675
Epoch: [6/23], Batch: 2920/2963, Loss: 127.946, Trans_L2_m: 0.813, Yaw_err_deg: 2.562
Epoch: [6/23], Batch: 2930/2963, Loss: 95.543, Trans_L2_m: 0.695, Yaw_err_deg: 1.743
Epoch: [6/23], Batch: 2940/2963, Loss: 72.335, Trans_L2_m: 0.586, Yaw_err_deg: 1.454
Epoch: [6/23], Batch: 2950/2963, Loss: 88.800, Trans_L2_m: 0.541, Yaw_err_deg: 1.588
Epoch: [6/23], Batch: 2960/2963, Loss: 78.827, Trans_L2_m: 0.478, Yaw_err_deg: 1.644
Epoch: [7/23], Batch: 0/2963, Loss: 101.719, Trans_L2_m: 0.524, Yaw_err_deg: 1.876
Epoch: [7/23], Batch: 10/2963, Loss: 78.404, Trans_L2_m: 0.533, Yaw_err_deg: 1.870
Epoch: [7/23], Batch: 20/2963, Loss: 101.900, Trans_L2_m: 0.637, Yaw_err_deg: 2.084
Epoch: [7/23], Batch: 30/2963, Loss: 75.331, Trans_L2_m: 0.625, Yaw_err_deg: 1.591
Epoch: [7/23], Batch: 40/2963, Loss: 101.734, Trans_L2_m: 0.660, Yaw_err_deg: 2.193
Epoch: [7/23], Batch: 50/2963, Loss: 125.702, Trans_L2_m: 0.549, Yaw_err_deg: 2.784
Epoch: [7/23], Batch: 60/2963, Loss: 111.820, Trans_L2_m: 0.533, Yaw_err_deg: 2.066
Epoch: [7/23], Batch: 70/2963, Loss: 87.847, Trans_L2_m: 0.590, Yaw_err_deg: 1.790
Epoch: [7/23], Batch: 80/2963, Loss: 86.545, Trans_L2_m: 0.609, Yaw_err_deg: 1.878
Epoch: [7/23], Batch: 90/2963, Loss: 98.203, Trans_L2_m: 0.460, Yaw_err_deg: 2.086
Epoch: [7/23], Batch: 100/2963, Loss: 165.714, Trans_L2_m: 0.542, Yaw_err_deg: 2.437
Epoch: [7/23], Batch: 110/2963, Loss: 493.139, Trans_L2_m: 0.745, Yaw_err_deg: 4.533
Epoch: [7/23], Batch: 120/2963, Loss: 90.640, Trans_L2_m: 0.643, Yaw_err_deg: 1.661
Epoch: [7/23], Batch: 130/2963, Loss: 108.694, Trans_L2_m: 0.489, Yaw_err_deg: 2.237
Epoch: [7/23], Batch: 140/2963, Loss: 82.819, Trans_L2_m: 0.629, Yaw_err_deg: 1.802
Epoch: [7/23], Batch: 150/2963, Loss: 100.471, Trans_L2_m: 0.800, Yaw_err_deg: 1.857
Epoch: [7/23], Batch: 160/2963, Loss: 131.636, Trans_L2_m: 0.592, Yaw_err_deg: 3.083
Epoch: [7/23], Batch: 170/2963, Loss: 83.376, Trans_L2_m: 0.555, Yaw_err_deg: 1.535
Epoch: [7/23], Batch: 180/2963, Loss: 108.897, Trans_L2_m: 0.425, Yaw_err_deg: 2.472
Epoch: [7/23], Batch: 190/2963, Loss: 77.078, Trans_L2_m: 0.369, Yaw_err_deg: 1.570
Epoch: [7/23], Batch: 200/2963, Loss: 104.959, Trans_L2_m: 0.492, Yaw_err_deg: 2.333
Epoch: [7/23], Batch: 210/2963, Loss: 78.987, Trans_L2_m: 0.583, Yaw_err_deg: 1.475
Epoch: [7/23], Batch: 220/2963, Loss: 79.502, Trans_L2_m: 0.607, Yaw_err_deg: 1.808
Epoch: [7/23], Batch: 230/2963, Loss: 71.145, Trans_L2_m: 0.501, Yaw_err_deg: 1.611
Epoch: [7/23], Batch: 240/2963, Loss: 95.619, Trans_L2_m: 0.654, Yaw_err_deg: 1.767
Epoch: [7/23], Batch: 250/2963, Loss: 507.630, Trans_L2_m: 0.511, Yaw_err_deg: 4.163
Epoch: [7/23], Batch: 260/2963, Loss: 90.694, Trans_L2_m: 0.546, Yaw_err_deg: 1.958
Epoch: [7/23], Batch: 270/2963, Loss: 111.304, Trans_L2_m: 0.767, Yaw_err_deg: 2.373
Epoch: [7/23], Batch: 280/2963, Loss: 108.235, Trans_L2_m: 0.664, Yaw_err_deg: 2.341
Epoch: [7/23], Batch: 290/2963, Loss: 87.481, Trans_L2_m: 0.486, Yaw_err_deg: 1.980
Epoch: [7/23], Batch: 300/2963, Loss: 78.111, Trans_L2_m: 0.466, Yaw_err_deg: 1.851
Epoch: [7/23], Batch: 310/2963, Loss: 389.259, Trans_L2_m: 0.561, Yaw_err_deg: 3.572
Epoch: [7/23], Batch: 320/2963, Loss: 109.874, Trans_L2_m: 0.533, Yaw_err_deg: 2.066
Epoch: [7/23], Batch: 330/2963, Loss: 79.126, Trans_L2_m: 0.424, Yaw_err_deg: 1.911
Epoch: [7/23], Batch: 340/2963, Loss: 90.638, Trans_L2_m: 0.741, Yaw_err_deg: 1.997
Epoch: [7/23], Batch: 350/2963, Loss: 116.082, Trans_L2_m: 0.692, Yaw_err_deg: 2.040
Epoch: [7/23], Batch: 360/2963, Loss: 96.707, Trans_L2_m: 0.640, Yaw_err_deg: 1.923
Epoch: [7/23], Batch: 370/2963, Loss: 86.409, Trans_L2_m: 0.582, Yaw_err_deg: 1.582
Epoch: [7/23], Batch: 380/2963, Loss: 78.326, Trans_L2_m: 0.476, Yaw_err_deg: 1.589
Epoch: [7/23], Batch: 390/2963, Loss: 141.449, Trans_L2_m: 0.508, Yaw_err_deg: 3.037
Epoch: [7/23], Batch: 400/2963, Loss: 136.567, Trans_L2_m: 0.543, Yaw_err_deg: 2.369
Epoch: [7/23], Batch: 410/2963, Loss: 101.503, Trans_L2_m: 0.622, Yaw_err_deg: 2.048
Epoch: [7/23], Batch: 420/2963, Loss: 105.429, Trans_L2_m: 0.498, Yaw_err_deg: 2.414
Epoch: [7/23], Batch: 430/2963, Loss: 115.248, Trans_L2_m: 0.590, Yaw_err_deg: 2.382
Epoch: [7/23], Batch: 440/2963, Loss: 83.651, Trans_L2_m: 0.472, Yaw_err_deg: 2.137
Epoch: [7/23], Batch: 450/2963, Loss: 99.016, Trans_L2_m: 0.606, Yaw_err_deg: 1.858
Epoch: [7/23], Batch: 460/2963, Loss: 70.188, Trans_L2_m: 0.583, Yaw_err_deg: 1.389
Epoch: [7/23], Batch: 470/2963, Loss: 75.506, Trans_L2_m: 0.585, Yaw_err_deg: 1.583
Epoch: [7/23], Batch: 480/2963, Loss: 88.358, Trans_L2_m: 0.669, Yaw_err_deg: 1.907
Epoch: [7/23], Batch: 490/2963, Loss: 76.346, Trans_L2_m: 0.483, Yaw_err_deg: 1.680
Epoch: [7/23], Batch: 500/2963, Loss: 79.916, Trans_L2_m: 0.525, Yaw_err_deg: 1.352
Epoch: [7/23], Batch: 510/2963, Loss: 117.532, Trans_L2_m: 0.518, Yaw_err_deg: 2.468
Epoch: [7/23], Batch: 520/2963, Loss: 81.714, Trans_L2_m: 0.426, Yaw_err_deg: 1.827
Epoch: [7/23], Batch: 530/2963, Loss: 130.854, Trans_L2_m: 0.572, Yaw_err_deg: 2.874
Epoch: [7/23], Batch: 540/2963, Loss: 71.940, Trans_L2_m: 0.485, Yaw_err_deg: 1.326
Epoch: [7/23], Batch: 550/2963, Loss: 85.632, Trans_L2_m: 0.650, Yaw_err_deg: 1.858
Epoch: [7/23], Batch: 560/2963, Loss: 83.212, Trans_L2_m: 0.569, Yaw_err_deg: 1.708
Epoch: [7/23], Batch: 570/2963, Loss: 96.837, Trans_L2_m: 0.667, Yaw_err_deg: 1.797
Epoch: [7/23], Batch: 580/2963, Loss: 79.940, Trans_L2_m: 0.591, Yaw_err_deg: 1.680
Epoch: [7/23], Batch: 590/2963, Loss: 105.572, Trans_L2_m: 0.324, Yaw_err_deg: 2.475
Epoch: [7/23], Batch: 600/2963, Loss: 87.996, Trans_L2_m: 0.727, Yaw_err_deg: 1.918
Epoch: [7/23], Batch: 610/2963, Loss: 98.068, Trans_L2_m: 0.878, Yaw_err_deg: 1.905
Epoch: [7/23], Batch: 620/2963, Loss: 98.028, Trans_L2_m: 0.528, Yaw_err_deg: 1.835
Epoch: [7/23], Batch: 630/2963, Loss: 80.863, Trans_L2_m: 0.612, Yaw_err_deg: 1.814
Epoch: [7/23], Batch: 640/2963, Loss: 100.092, Trans_L2_m: 0.713, Yaw_err_deg: 1.647
Epoch: [7/23], Batch: 650/2963, Loss: 86.787, Trans_L2_m: 0.486, Yaw_err_deg: 1.727
Epoch: [7/23], Batch: 660/2963, Loss: 91.369, Trans_L2_m: 0.493, Yaw_err_deg: 2.138
Epoch: [7/23], Batch: 670/2963, Loss: 101.802, Trans_L2_m: 0.530, Yaw_err_deg: 2.125
Epoch: [7/23], Batch: 680/2963, Loss: 77.808, Trans_L2_m: 0.656, Yaw_err_deg: 1.051
Epoch: [7/23], Batch: 690/2963, Loss: 189.921, Trans_L2_m: 0.794, Yaw_err_deg: 2.690
Epoch: [7/23], Batch: 700/2963, Loss: 129.478, Trans_L2_m: 0.658, Yaw_err_deg: 2.480
Epoch: [7/23], Batch: 710/2963, Loss: 79.375, Trans_L2_m: 0.672, Yaw_err_deg: 1.707
Epoch: [7/23], Batch: 720/2963, Loss: 95.242, Trans_L2_m: 0.607, Yaw_err_deg: 1.903
Epoch: [7/23], Batch: 730/2963, Loss: 114.252, Trans_L2_m: 0.629, Yaw_err_deg: 2.365
Epoch: [7/23], Batch: 740/2963, Loss: 106.451, Trans_L2_m: 0.505, Yaw_err_deg: 2.122
Epoch: [7/23], Batch: 750/2963, Loss: 93.283, Trans_L2_m: 0.565, Yaw_err_deg: 2.133
Epoch: [7/23], Batch: 760/2963, Loss: 94.586, Trans_L2_m: 0.598, Yaw_err_deg: 1.746
Epoch: [7/23], Batch: 770/2963, Loss: 81.245, Trans_L2_m: 0.745, Yaw_err_deg: 1.548
Epoch: [7/23], Batch: 780/2963, Loss: 117.298, Trans_L2_m: 0.544, Yaw_err_deg: 2.463
Epoch: [7/23], Batch: 790/2963, Loss: 94.584, Trans_L2_m: 0.753, Yaw_err_deg: 1.900
Epoch: [7/23], Batch: 800/2963, Loss: 108.317, Trans_L2_m: 0.472, Yaw_err_deg: 1.950
Epoch: [7/23], Batch: 810/2963, Loss: 88.731, Trans_L2_m: 0.653, Yaw_err_deg: 1.958
Epoch: [7/23], Batch: 820/2963, Loss: 114.390, Trans_L2_m: 0.761, Yaw_err_deg: 1.916
Epoch: [7/23], Batch: 830/2963, Loss: 87.722, Trans_L2_m: 0.892, Yaw_err_deg: 1.382
Epoch: [7/23], Batch: 840/2963, Loss: 113.533, Trans_L2_m: 0.720, Yaw_err_deg: 2.341
Epoch: [7/23], Batch: 850/2963, Loss: 78.438, Trans_L2_m: 0.549, Yaw_err_deg: 1.518
Epoch: [7/23], Batch: 860/2963, Loss: 136.592, Trans_L2_m: 0.541, Yaw_err_deg: 2.875
Epoch: [7/23], Batch: 870/2963, Loss: 113.577, Trans_L2_m: 0.505, Yaw_err_deg: 2.704
Epoch: [7/23], Batch: 880/2963, Loss: 131.491, Trans_L2_m: 0.430, Yaw_err_deg: 2.594
Epoch: [7/23], Batch: 890/2963, Loss: 101.235, Trans_L2_m: 0.447, Yaw_err_deg: 2.275
Epoch: [7/23], Batch: 900/2963, Loss: 73.734, Trans_L2_m: 0.602, Yaw_err_deg: 1.439
Epoch: [7/23], Batch: 910/2963, Loss: 89.470, Trans_L2_m: 0.607, Yaw_err_deg: 2.031
Epoch: [7/23], Batch: 920/2963, Loss: 138.486, Trans_L2_m: 0.472, Yaw_err_deg: 2.139
Epoch: [7/23], Batch: 930/2963, Loss: 78.680, Trans_L2_m: 0.565, Yaw_err_deg: 1.722
Epoch: [7/23], Batch: 940/2963, Loss: 94.251, Trans_L2_m: 0.736, Yaw_err_deg: 1.856
Epoch: [7/23], Batch: 950/2963, Loss: 65.820, Trans_L2_m: 0.420, Yaw_err_deg: 1.388
Epoch: [7/23], Batch: 960/2963, Loss: 69.218, Trans_L2_m: 0.776, Yaw_err_deg: 0.914
Epoch: [7/23], Batch: 970/2963, Loss: 68.519, Trans_L2_m: 0.524, Yaw_err_deg: 1.330
Epoch: [7/23], Batch: 980/2963, Loss: 101.815, Trans_L2_m: 0.590, Yaw_err_deg: 1.876
Epoch: [7/23], Batch: 990/2963, Loss: 82.532, Trans_L2_m: 0.431, Yaw_err_deg: 1.665
Epoch: [7/23], Batch: 1000/2963, Loss: 104.992, Trans_L2_m: 0.535, Yaw_err_deg: 1.886
Epoch: [7/23], Batch: 1010/2963, Loss: 88.850, Trans_L2_m: 0.764, Yaw_err_deg: 1.567
Epoch: [7/23], Batch: 1020/2963, Loss: 146.313, Trans_L2_m: 0.596, Yaw_err_deg: 2.815
Epoch: [7/23], Batch: 1030/2963, Loss: 95.153, Trans_L2_m: 0.495, Yaw_err_deg: 1.705
Epoch: [7/23], Batch: 1040/2963, Loss: 113.065, Trans_L2_m: 0.731, Yaw_err_deg: 2.296
Epoch: [7/23], Batch: 1050/2963, Loss: 95.089, Trans_L2_m: 0.486, Yaw_err_deg: 2.149
Epoch: [7/23], Batch: 1060/2963, Loss: 79.871, Trans_L2_m: 0.630, Yaw_err_deg: 1.413
Epoch: [7/23], Batch: 1070/2963, Loss: 71.498, Trans_L2_m: 0.470, Yaw_err_deg: 1.556
Epoch: [7/23], Batch: 1080/2963, Loss: 87.652, Trans_L2_m: 0.601, Yaw_err_deg: 2.076
Epoch: [7/23], Batch: 1090/2963, Loss: 132.283, Trans_L2_m: 0.682, Yaw_err_deg: 2.320
Epoch: [7/23], Batch: 1100/2963, Loss: 79.668, Trans_L2_m: 0.563, Yaw_err_deg: 1.616
Epoch: [7/23], Batch: 1110/2963, Loss: 96.679, Trans_L2_m: 0.602, Yaw_err_deg: 2.234
Epoch: [7/23], Batch: 1120/2963, Loss: 80.054, Trans_L2_m: 0.569, Yaw_err_deg: 1.738
Epoch: [7/23], Batch: 1130/2963, Loss: 114.540, Trans_L2_m: 0.546, Yaw_err_deg: 2.077
Epoch: [7/23], Batch: 1140/2963, Loss: 96.289, Trans_L2_m: 0.509, Yaw_err_deg: 2.300
Epoch: [7/23], Batch: 1150/2963, Loss: 82.087, Trans_L2_m: 0.437, Yaw_err_deg: 1.911
Epoch: [7/23], Batch: 1160/2963, Loss: 82.365, Trans_L2_m: 0.655, Yaw_err_deg: 1.472
Epoch: [7/23], Batch: 1170/2963, Loss: 81.264, Trans_L2_m: 0.426, Yaw_err_deg: 1.725
Epoch: [7/23], Batch: 1180/2963, Loss: 81.325, Trans_L2_m: 0.555, Yaw_err_deg: 1.706
Epoch: [7/23], Batch: 1190/2963, Loss: 69.174, Trans_L2_m: 0.601, Yaw_err_deg: 1.339
Epoch: [7/23], Batch: 1200/2963, Loss: 103.338, Trans_L2_m: 0.804, Yaw_err_deg: 1.925
Epoch: [7/23], Batch: 1210/2963, Loss: 90.598, Trans_L2_m: 0.694, Yaw_err_deg: 1.838
Epoch: [7/23], Batch: 1220/2963, Loss: 112.632, Trans_L2_m: 0.598, Yaw_err_deg: 2.035
Epoch: [7/23], Batch: 1230/2963, Loss: 102.177, Trans_L2_m: 0.561, Yaw_err_deg: 2.357
Epoch: [7/23], Batch: 1240/2963, Loss: 155.981, Trans_L2_m: 0.537, Yaw_err_deg: 2.705
Epoch: [7/23], Batch: 1250/2963, Loss: 93.298, Trans_L2_m: 0.456, Yaw_err_deg: 1.844
Epoch: [7/23], Batch: 1260/2963, Loss: 78.547, Trans_L2_m: 0.719, Yaw_err_deg: 1.511
Epoch: [7/23], Batch: 1270/2963, Loss: 102.953, Trans_L2_m: 0.477, Yaw_err_deg: 1.645
Epoch: [7/23], Batch: 1280/2963, Loss: 109.717, Trans_L2_m: 0.757, Yaw_err_deg: 2.129
Epoch: [7/23], Batch: 1290/2963, Loss: 73.012, Trans_L2_m: 0.431, Yaw_err_deg: 1.652
Epoch: [7/23], Batch: 1300/2963, Loss: 113.129, Trans_L2_m: 0.511, Yaw_err_deg: 2.467
Epoch: [7/23], Batch: 1310/2963, Loss: 110.127, Trans_L2_m: 0.540, Yaw_err_deg: 2.636
Epoch: [7/23], Batch: 1320/2963, Loss: 156.005, Trans_L2_m: 0.464, Yaw_err_deg: 3.414
Epoch: [7/23], Batch: 1330/2963, Loss: 92.285, Trans_L2_m: 0.620, Yaw_err_deg: 1.883
Epoch: [7/23], Batch: 1340/2963, Loss: 110.207, Trans_L2_m: 0.378, Yaw_err_deg: 2.282
Epoch: [7/23], Batch: 1350/2963, Loss: 94.710, Trans_L2_m: 0.746, Yaw_err_deg: 1.737
Epoch: [7/23], Batch: 1360/2963, Loss: 85.577, Trans_L2_m: 0.610, Yaw_err_deg: 1.723
Epoch: [7/23], Batch: 1370/2963, Loss: 108.096, Trans_L2_m: 0.635, Yaw_err_deg: 1.995
Epoch: [7/23], Batch: 1380/2963, Loss: 117.203, Trans_L2_m: 0.477, Yaw_err_deg: 2.521
Epoch: [7/23], Batch: 1390/2963, Loss: 115.436, Trans_L2_m: 0.496, Yaw_err_deg: 2.368
Epoch: [7/23], Batch: 1400/2963, Loss: 94.312, Trans_L2_m: 0.626, Yaw_err_deg: 2.002
Epoch: [7/23], Batch: 1410/2963, Loss: 130.490, Trans_L2_m: 0.554, Yaw_err_deg: 2.261
Epoch: [7/23], Batch: 1420/2963, Loss: 116.315, Trans_L2_m: 0.605, Yaw_err_deg: 2.100
Epoch: [7/23], Batch: 1430/2963, Loss: 99.797, Trans_L2_m: 0.535, Yaw_err_deg: 2.093
Epoch: [7/23], Batch: 1440/2963, Loss: 91.001, Trans_L2_m: 0.547, Yaw_err_deg: 2.275
Epoch: [7/23], Batch: 1450/2963, Loss: 77.156, Trans_L2_m: 0.429, Yaw_err_deg: 1.875
Epoch: [7/23], Batch: 1460/2963, Loss: 111.891, Trans_L2_m: 0.491, Yaw_err_deg: 2.499
Epoch: [7/23], Batch: 1470/2963, Loss: 88.538, Trans_L2_m: 0.489, Yaw_err_deg: 2.158
Epoch: [7/23], Batch: 1480/2963, Loss: 127.860, Trans_L2_m: 0.547, Yaw_err_deg: 2.935
Epoch: [7/23], Batch: 1490/2963, Loss: 123.551, Trans_L2_m: 0.677, Yaw_err_deg: 2.254
Epoch: [7/23], Batch: 1500/2963, Loss: 79.362, Trans_L2_m: 0.536, Yaw_err_deg: 1.882
Epoch: [7/23], Batch: 1510/2963, Loss: 102.497, Trans_L2_m: 0.709, Yaw_err_deg: 1.980
Epoch: [7/23], Batch: 1520/2963, Loss: 79.079, Trans_L2_m: 0.416, Yaw_err_deg: 1.694
Epoch: [7/23], Batch: 1530/2963, Loss: 91.301, Trans_L2_m: 0.599, Yaw_err_deg: 1.993
Epoch: [7/23], Batch: 1540/2963, Loss: 73.171, Trans_L2_m: 0.570, Yaw_err_deg: 1.297
Epoch: [7/23], Batch: 1550/2963, Loss: 94.278, Trans_L2_m: 0.693, Yaw_err_deg: 2.040
Epoch: [7/23], Batch: 1560/2963, Loss: 104.750, Trans_L2_m: 0.551, Yaw_err_deg: 2.276
Epoch: [7/23], Batch: 1570/2963, Loss: 127.728, Trans_L2_m: 0.610, Yaw_err_deg: 2.147
Epoch: [7/23], Batch: 1580/2963, Loss: 79.475, Trans_L2_m: 0.518, Yaw_err_deg: 1.814
Epoch: [7/23], Batch: 1590/2963, Loss: 128.925, Trans_L2_m: 0.682, Yaw_err_deg: 2.707
Epoch: [7/23], Batch: 1600/2963, Loss: 116.869, Trans_L2_m: 0.549, Yaw_err_deg: 2.080
Epoch: [7/23], Batch: 1610/2963, Loss: 322.784, Trans_L2_m: 0.596, Yaw_err_deg: 3.744
Epoch: [7/23], Batch: 1620/2963, Loss: 179.470, Trans_L2_m: 0.419, Yaw_err_deg: 3.103
Epoch: [7/23], Batch: 1630/2963, Loss: 94.638, Trans_L2_m: 0.612, Yaw_err_deg: 2.292
Epoch: [7/23], Batch: 1640/2963, Loss: 75.462, Trans_L2_m: 0.463, Yaw_err_deg: 1.665
Epoch: [7/23], Batch: 1650/2963, Loss: 173.651, Trans_L2_m: 0.536, Yaw_err_deg: 2.942
Epoch: [7/23], Batch: 1660/2963, Loss: 108.613, Trans_L2_m: 0.515, Yaw_err_deg: 1.707
Epoch: [7/23], Batch: 1670/2963, Loss: 125.528, Trans_L2_m: 0.532, Yaw_err_deg: 2.897
Epoch: [7/23], Batch: 1680/2963, Loss: 113.479, Trans_L2_m: 0.468, Yaw_err_deg: 2.285
Epoch: [7/23], Batch: 1690/2963, Loss: 106.590, Trans_L2_m: 0.577, Yaw_err_deg: 2.354
Epoch: [7/23], Batch: 1700/2963, Loss: 86.848, Trans_L2_m: 0.535, Yaw_err_deg: 2.001
Epoch: [7/23], Batch: 1710/2963, Loss: 98.890, Trans_L2_m: 0.494, Yaw_err_deg: 2.025
Epoch: [7/23], Batch: 1720/2963, Loss: 157.599, Trans_L2_m: 0.446, Yaw_err_deg: 2.992
Epoch: [7/23], Batch: 1730/2963, Loss: 132.569, Trans_L2_m: 0.701, Yaw_err_deg: 1.834
Epoch: [7/23], Batch: 1740/2963, Loss: 140.859, Trans_L2_m: 0.414, Yaw_err_deg: 2.894
Epoch: [7/23], Batch: 1750/2963, Loss: 80.078, Trans_L2_m: 0.449, Yaw_err_deg: 1.875
Epoch: [7/23], Batch: 1760/2963, Loss: 69.871, Trans_L2_m: 0.509, Yaw_err_deg: 1.585
Epoch: [7/23], Batch: 1770/2963, Loss: 146.513, Trans_L2_m: 1.026, Yaw_err_deg: 2.795
Epoch: [7/23], Batch: 1780/2963, Loss: 92.177, Trans_L2_m: 0.650, Yaw_err_deg: 1.898
Epoch: [7/23], Batch: 1790/2963, Loss: 90.626, Trans_L2_m: 0.654, Yaw_err_deg: 1.357
Epoch: [7/23], Batch: 1800/2963, Loss: 81.320, Trans_L2_m: 0.545, Yaw_err_deg: 1.848
Epoch: [7/23], Batch: 1810/2963, Loss: 89.895, Trans_L2_m: 0.530, Yaw_err_deg: 2.003
Epoch: [7/23], Batch: 1820/2963, Loss: 67.472, Trans_L2_m: 0.517, Yaw_err_deg: 1.188
Epoch: [7/23], Batch: 1830/2963, Loss: 84.788, Trans_L2_m: 0.497, Yaw_err_deg: 1.913
Epoch: [7/23], Batch: 1840/2963, Loss: 77.847, Trans_L2_m: 0.549, Yaw_err_deg: 1.732
Epoch: [7/23], Batch: 1850/2963, Loss: 94.349, Trans_L2_m: 0.766, Yaw_err_deg: 1.527
Epoch: [7/23], Batch: 1860/2963, Loss: 230.162, Trans_L2_m: 0.496, Yaw_err_deg: 2.772
Epoch: [7/23], Batch: 1870/2963, Loss: 99.093, Trans_L2_m: 0.673, Yaw_err_deg: 1.861
Epoch: [7/23], Batch: 1880/2963, Loss: 91.777, Trans_L2_m: 0.724, Yaw_err_deg: 1.966
Epoch: [7/23], Batch: 1890/2963, Loss: 78.343, Trans_L2_m: 0.686, Yaw_err_deg: 1.631
Epoch: [7/23], Batch: 1900/2963, Loss: 1222.542, Trans_L2_m: 0.467, Yaw_err_deg: 1.861
Epoch: [7/23], Batch: 1910/2963, Loss: 98.865, Trans_L2_m: 0.585, Yaw_err_deg: 1.901
Epoch: [7/23], Batch: 1920/2963, Loss: 81.580, Trans_L2_m: 0.756, Yaw_err_deg: 1.482
Epoch: [7/23], Batch: 1930/2963, Loss: 114.317, Trans_L2_m: 0.573, Yaw_err_deg: 2.536
Epoch: [7/23], Batch: 1940/2963, Loss: 83.088, Trans_L2_m: 0.402, Yaw_err_deg: 1.886
Epoch: [7/23], Batch: 1950/2963, Loss: 92.032, Trans_L2_m: 0.443, Yaw_err_deg: 1.922
Epoch: [7/23], Batch: 1960/2963, Loss: 76.530, Trans_L2_m: 0.576, Yaw_err_deg: 1.764
Epoch: [7/23], Batch: 1970/2963, Loss: 78.903, Trans_L2_m: 0.441, Yaw_err_deg: 1.575
Epoch: [7/23], Batch: 1980/2963, Loss: 88.369, Trans_L2_m: 0.529, Yaw_err_deg: 1.951
Epoch: [7/23], Batch: 1990/2963, Loss: 70.179, Trans_L2_m: 0.546, Yaw_err_deg: 1.498
Epoch: [7/23], Batch: 2000/2963, Loss: 167.925, Trans_L2_m: 0.532, Yaw_err_deg: 3.715
Epoch: [7/23], Batch: 2010/2963, Loss: 88.648, Trans_L2_m: 0.743, Yaw_err_deg: 1.872
Epoch: [7/23], Batch: 2020/2963, Loss: 164.503, Trans_L2_m: 0.793, Yaw_err_deg: 2.883
Epoch: [7/23], Batch: 2030/2963, Loss: 80.861, Trans_L2_m: 0.544, Yaw_err_deg: 1.562
Epoch: [7/23], Batch: 2040/2963, Loss: 105.247, Trans_L2_m: 0.684, Yaw_err_deg: 1.633
Epoch: [7/23], Batch: 2050/2963, Loss: 103.031, Trans_L2_m: 0.600, Yaw_err_deg: 2.347
Epoch: [7/23], Batch: 2060/2963, Loss: 102.178, Trans_L2_m: 0.498, Yaw_err_deg: 2.039
Epoch: [7/23], Batch: 2070/2963, Loss: 99.678, Trans_L2_m: 0.778, Yaw_err_deg: 2.269
Epoch: [7/23], Batch: 2080/2963, Loss: 126.678, Trans_L2_m: 0.591, Yaw_err_deg: 2.683
Epoch: [7/23], Batch: 2090/2963, Loss: 120.737, Trans_L2_m: 0.640, Yaw_err_deg: 2.335
Epoch: [7/23], Batch: 2100/2963, Loss: 121.623, Trans_L2_m: 0.664, Yaw_err_deg: 2.557
Epoch: [7/23], Batch: 2110/2963, Loss: 120.049, Trans_L2_m: 0.750, Yaw_err_deg: 2.280
Epoch: [7/23], Batch: 2120/2963, Loss: 143.517, Trans_L2_m: 0.641, Yaw_err_deg: 2.947
Epoch: [7/23], Batch: 2130/2963, Loss: 118.512, Trans_L2_m: 0.868, Yaw_err_deg: 2.469
Epoch: [7/23], Batch: 2140/2963, Loss: 86.591, Trans_L2_m: 0.555, Yaw_err_deg: 1.959
Epoch: [7/23], Batch: 2150/2963, Loss: 78.100, Trans_L2_m: 0.597, Yaw_err_deg: 1.659
Epoch: [7/23], Batch: 2160/2963, Loss: 105.149, Trans_L2_m: 0.598, Yaw_err_deg: 2.157
Epoch: [7/23], Batch: 2170/2963, Loss: 91.387, Trans_L2_m: 0.710, Yaw_err_deg: 1.454
Epoch: [7/23], Batch: 2180/2963, Loss: 139.319, Trans_L2_m: 0.571, Yaw_err_deg: 3.032
Epoch: [7/23], Batch: 2190/2963, Loss: 119.661, Trans_L2_m: 0.635, Yaw_err_deg: 2.784
Epoch: [7/23], Batch: 2200/2963, Loss: 82.988, Trans_L2_m: 0.675, Yaw_err_deg: 1.736
Epoch: [7/23], Batch: 2210/2963, Loss: 95.566, Trans_L2_m: 0.445, Yaw_err_deg: 2.015
Epoch: [7/23], Batch: 2220/2963, Loss: 118.285, Trans_L2_m: 0.649, Yaw_err_deg: 2.572
Epoch: [7/23], Batch: 2230/2963, Loss: 242.512, Trans_L2_m: 0.434, Yaw_err_deg: 2.812
Epoch: [7/23], Batch: 2240/2963, Loss: 121.075, Trans_L2_m: 0.820, Yaw_err_deg: 2.297
Epoch: [7/23], Batch: 2250/2963, Loss: 90.322, Trans_L2_m: 0.613, Yaw_err_deg: 2.084
Epoch: [7/23], Batch: 2260/2963, Loss: 78.290, Trans_L2_m: 0.571, Yaw_err_deg: 1.701
Epoch: [7/23], Batch: 2270/2963, Loss: 106.503, Trans_L2_m: 0.522, Yaw_err_deg: 1.974
Epoch: [7/23], Batch: 2280/2963, Loss: 85.326, Trans_L2_m: 0.494, Yaw_err_deg: 1.956
Epoch: [7/23], Batch: 2290/2963, Loss: 118.094, Trans_L2_m: 0.542, Yaw_err_deg: 2.475
Epoch: [7/23], Batch: 2300/2963, Loss: 90.509, Trans_L2_m: 0.647, Yaw_err_deg: 1.894
Epoch: [7/23], Batch: 2310/2963, Loss: 72.716, Trans_L2_m: 0.575, Yaw_err_deg: 1.242
Epoch: [7/23], Batch: 2320/2963, Loss: 87.116, Trans_L2_m: 0.533, Yaw_err_deg: 2.075
Epoch: [7/23], Batch: 2330/2963, Loss: 80.081, Trans_L2_m: 0.483, Yaw_err_deg: 1.393
Epoch: [7/23], Batch: 2340/2963, Loss: 87.592, Trans_L2_m: 0.693, Yaw_err_deg: 1.708
Epoch: [7/23], Batch: 2350/2963, Loss: 92.738, Trans_L2_m: 0.666, Yaw_err_deg: 2.079
Epoch: [7/23], Batch: 2360/2963, Loss: 113.929, Trans_L2_m: 0.656, Yaw_err_deg: 2.462
Epoch: [7/23], Batch: 2370/2963, Loss: 254.081, Trans_L2_m: 0.844, Yaw_err_deg: 3.465
Epoch: [7/23], Batch: 2380/2963, Loss: 106.505, Trans_L2_m: 0.579, Yaw_err_deg: 2.194
Epoch: [7/23], Batch: 2390/2963, Loss: 122.451, Trans_L2_m: 0.433, Yaw_err_deg: 2.585
Epoch: [7/23], Batch: 2400/2963, Loss: 100.980, Trans_L2_m: 0.720, Yaw_err_deg: 1.705
Epoch: [7/23], Batch: 2410/2963, Loss: 129.453, Trans_L2_m: 0.487, Yaw_err_deg: 2.742
Epoch: [7/23], Batch: 2420/2963, Loss: 78.204, Trans_L2_m: 0.428, Yaw_err_deg: 1.764
Epoch: [7/23], Batch: 2430/2963, Loss: 139.536, Trans_L2_m: 0.604, Yaw_err_deg: 3.205
Epoch: [7/23], Batch: 2440/2963, Loss: 98.523, Trans_L2_m: 0.605, Yaw_err_deg: 1.947
Epoch: [7/23], Batch: 2450/2963, Loss: 82.916, Trans_L2_m: 0.674, Yaw_err_deg: 1.539
Epoch: [7/23], Batch: 2460/2963, Loss: 93.629, Trans_L2_m: 0.589, Yaw_err_deg: 2.054
Epoch: [7/23], Batch: 2470/2963, Loss: 114.008, Trans_L2_m: 0.509, Yaw_err_deg: 2.605
Epoch: [7/23], Batch: 2480/2963, Loss: 130.392, Trans_L2_m: 0.706, Yaw_err_deg: 2.678
Epoch: [7/23], Batch: 2490/2963, Loss: 82.094, Trans_L2_m: 0.481, Yaw_err_deg: 1.719
Epoch: [7/23], Batch: 2500/2963, Loss: 77.984, Trans_L2_m: 0.508, Yaw_err_deg: 1.683
Epoch: [7/23], Batch: 2510/2963, Loss: 67.445, Trans_L2_m: 0.417, Yaw_err_deg: 1.618
Epoch: [7/23], Batch: 2520/2963, Loss: 378.468, Trans_L2_m: 0.538, Yaw_err_deg: 3.869
Epoch: [7/23], Batch: 2530/2963, Loss: 75.750, Trans_L2_m: 0.437, Yaw_err_deg: 1.475
Epoch: [7/23], Batch: 2540/2963, Loss: 78.618, Trans_L2_m: 0.613, Yaw_err_deg: 1.639
Epoch: [7/23], Batch: 2550/2963, Loss: 139.127, Trans_L2_m: 0.450, Yaw_err_deg: 3.071
Epoch: [7/23], Batch: 2560/2963, Loss: 108.956, Trans_L2_m: 0.604, Yaw_err_deg: 2.118
Epoch: [7/23], Batch: 2570/2963, Loss: 151.655, Trans_L2_m: 0.722, Yaw_err_deg: 2.900
Epoch: [7/23], Batch: 2580/2963, Loss: 118.378, Trans_L2_m: 0.667, Yaw_err_deg: 2.426
Epoch: [7/23], Batch: 2590/2963, Loss: 105.621, Trans_L2_m: 0.650, Yaw_err_deg: 2.520
Epoch: [7/23], Batch: 2600/2963, Loss: 77.984, Trans_L2_m: 0.527, Yaw_err_deg: 1.575
Epoch: [7/23], Batch: 2610/2963, Loss: 105.533, Trans_L2_m: 0.509, Yaw_err_deg: 2.140
Epoch: [7/23], Batch: 2620/2963, Loss: 79.345, Trans_L2_m: 0.812, Yaw_err_deg: 1.095
Epoch: [7/23], Batch: 2630/2963, Loss: 120.289, Trans_L2_m: 0.442, Yaw_err_deg: 2.204
Epoch: [7/23], Batch: 2640/2963, Loss: 76.934, Trans_L2_m: 0.748, Yaw_err_deg: 1.497
Epoch: [7/23], Batch: 2650/2963, Loss: 112.125, Trans_L2_m: 0.685, Yaw_err_deg: 2.506
Epoch: [7/23], Batch: 2660/2963, Loss: 85.792, Trans_L2_m: 0.621, Yaw_err_deg: 1.575
Epoch: [7/23], Batch: 2670/2963, Loss: 76.921, Trans_L2_m: 0.542, Yaw_err_deg: 1.599
Epoch: [7/23], Batch: 2680/2963, Loss: 67.531, Trans_L2_m: 0.545, Yaw_err_deg: 1.402
Epoch: [7/23], Batch: 2690/2963, Loss: 73.204, Trans_L2_m: 0.474, Yaw_err_deg: 1.605
Epoch: [7/23], Batch: 2700/2963, Loss: 198.859, Trans_L2_m: 0.626, Yaw_err_deg: 3.119
Epoch: [7/23], Batch: 2710/2963, Loss: 86.597, Trans_L2_m: 0.451, Yaw_err_deg: 1.675
Epoch: [7/23], Batch: 2720/2963, Loss: 81.511, Trans_L2_m: 0.418, Yaw_err_deg: 1.537
Epoch: [7/23], Batch: 2730/2963, Loss: 102.700, Trans_L2_m: 0.737, Yaw_err_deg: 2.441
Epoch: [7/23], Batch: 2740/2963, Loss: 82.632, Trans_L2_m: 0.398, Yaw_err_deg: 1.696
Epoch: [7/23], Batch: 2750/2963, Loss: 137.585, Trans_L2_m: 0.529, Yaw_err_deg: 3.134
Epoch: [7/23], Batch: 2760/2963, Loss: 108.742, Trans_L2_m: 0.476, Yaw_err_deg: 2.066
Epoch: [7/23], Batch: 2770/2963, Loss: 131.885, Trans_L2_m: 0.558, Yaw_err_deg: 2.623
Epoch: [7/23], Batch: 2780/2963, Loss: 116.016, Trans_L2_m: 0.503, Yaw_err_deg: 2.164
Epoch: [7/23], Batch: 2790/2963, Loss: 83.125, Trans_L2_m: 0.600, Yaw_err_deg: 2.080
Epoch: [7/23], Batch: 2800/2963, Loss: 95.177, Trans_L2_m: 0.683, Yaw_err_deg: 2.019
Epoch: [7/23], Batch: 2810/2963, Loss: 89.884, Trans_L2_m: 0.528, Yaw_err_deg: 2.122
Epoch: [7/23], Batch: 2820/2963, Loss: 118.930, Trans_L2_m: 0.443, Yaw_err_deg: 2.495
Epoch: [7/23], Batch: 2830/2963, Loss: 135.579, Trans_L2_m: 0.476, Yaw_err_deg: 2.848
Epoch: [7/23], Batch: 2840/2963, Loss: 81.741, Trans_L2_m: 0.491, Yaw_err_deg: 1.887
Epoch: [7/23], Batch: 2850/2963, Loss: 100.007, Trans_L2_m: 0.555, Yaw_err_deg: 1.645
Epoch: [7/23], Batch: 2860/2963, Loss: 72.006, Trans_L2_m: 0.493, Yaw_err_deg: 1.437
Epoch: [7/23], Batch: 2870/2963, Loss: 297.295, Trans_L2_m: 0.751, Yaw_err_deg: 3.467
Epoch: [7/23], Batch: 2880/2963, Loss: 131.963, Trans_L2_m: 0.552, Yaw_err_deg: 2.731
Epoch: [7/23], Batch: 2890/2963, Loss: 108.034, Trans_L2_m: 0.563, Yaw_err_deg: 1.935
Epoch: [7/23], Batch: 2900/2963, Loss: 79.224, Trans_L2_m: 0.575, Yaw_err_deg: 1.808
Epoch: [7/23], Batch: 2910/2963, Loss: 106.938, Trans_L2_m: 0.462, Yaw_err_deg: 2.391
Epoch: [7/23], Batch: 2920/2963, Loss: 64.674, Trans_L2_m: 0.509, Yaw_err_deg: 0.992
Epoch: [7/23], Batch: 2930/2963, Loss: 67.521, Trans_L2_m: 0.510, Yaw_err_deg: 1.474
Epoch: [7/23], Batch: 2940/2963, Loss: 62.146, Trans_L2_m: 0.442, Yaw_err_deg: 0.856
Epoch: [7/23], Batch: 2950/2963, Loss: 131.290, Trans_L2_m: 0.650, Yaw_err_deg: 2.234
Epoch: [7/23], Batch: 2960/2963, Loss: 85.425, Trans_L2_m: 0.362, Yaw_err_deg: 1.830
Validation loss (homography): 882.6826
Avg batch time: 1031.93 ms, total: 334.785 s
[1;91mVal has no improvement vs 805.7615356445312![0m
Epoch: [8/23], Batch: 0/2963, Loss: 71.642, Trans_L2_m: 0.613, Yaw_err_deg: 1.522
Epoch: [8/23], Batch: 10/2963, Loss: 96.064, Trans_L2_m: 0.518, Yaw_err_deg: 2.199
Epoch: [8/23], Batch: 20/2963, Loss: 115.052, Trans_L2_m: 0.621, Yaw_err_deg: 1.930
Epoch: [8/23], Batch: 30/2963, Loss: 62.759, Trans_L2_m: 0.412, Yaw_err_deg: 1.191
Epoch: [8/23], Batch: 40/2963, Loss: 89.092, Trans_L2_m: 0.667, Yaw_err_deg: 2.088
Epoch: [8/23], Batch: 50/2963, Loss: 92.599, Trans_L2_m: 0.465, Yaw_err_deg: 2.453
Epoch: [8/23], Batch: 60/2963, Loss: 63.466, Trans_L2_m: 0.430, Yaw_err_deg: 1.159
Epoch: [8/23], Batch: 70/2963, Loss: 87.477, Trans_L2_m: 0.624, Yaw_err_deg: 1.863
Epoch: [8/23], Batch: 80/2963, Loss: 72.768, Trans_L2_m: 0.458, Yaw_err_deg: 1.355
Epoch: [8/23], Batch: 90/2963, Loss: 101.186, Trans_L2_m: 0.839, Yaw_err_deg: 1.782
Epoch: [8/23], Batch: 100/2963, Loss: 92.161, Trans_L2_m: 0.565, Yaw_err_deg: 1.983
Epoch: [8/23], Batch: 110/2963, Loss: 83.149, Trans_L2_m: 0.545, Yaw_err_deg: 1.455
Epoch: [8/23], Batch: 120/2963, Loss: 92.875, Trans_L2_m: 0.775, Yaw_err_deg: 1.938
Epoch: [8/23], Batch: 130/2963, Loss: 114.121, Trans_L2_m: 0.477, Yaw_err_deg: 2.458
Epoch: [8/23], Batch: 140/2963, Loss: 73.511, Trans_L2_m: 0.470, Yaw_err_deg: 1.478
Epoch: [8/23], Batch: 150/2963, Loss: 74.604, Trans_L2_m: 0.433, Yaw_err_deg: 1.885
Epoch: [8/23], Batch: 160/2963, Loss: 91.718, Trans_L2_m: 0.489, Yaw_err_deg: 1.928
Epoch: [8/23], Batch: 170/2963, Loss: 87.710, Trans_L2_m: 0.761, Yaw_err_deg: 1.286
Epoch: [8/23], Batch: 180/2963, Loss: 91.271, Trans_L2_m: 0.654, Yaw_err_deg: 2.015
Epoch: [8/23], Batch: 190/2963, Loss: 99.079, Trans_L2_m: 0.515, Yaw_err_deg: 2.350
Epoch: [8/23], Batch: 200/2963, Loss: 87.700, Trans_L2_m: 0.509, Yaw_err_deg: 1.754
Epoch: [8/23], Batch: 210/2963, Loss: 93.631, Trans_L2_m: 0.496, Yaw_err_deg: 1.894
Epoch: [8/23], Batch: 220/2963, Loss: 78.278, Trans_L2_m: 0.557, Yaw_err_deg: 1.446
Epoch: [8/23], Batch: 230/2963, Loss: 75.710, Trans_L2_m: 0.520, Yaw_err_deg: 1.573
Epoch: [8/23], Batch: 240/2963, Loss: 77.322, Trans_L2_m: 0.453, Yaw_err_deg: 1.702
Epoch: [8/23], Batch: 250/2963, Loss: 88.872, Trans_L2_m: 0.368, Yaw_err_deg: 1.905
Epoch: [8/23], Batch: 260/2963, Loss: 99.131, Trans_L2_m: 0.417, Yaw_err_deg: 1.915
Epoch: [8/23], Batch: 270/2963, Loss: 84.518, Trans_L2_m: 0.561, Yaw_err_deg: 1.948
Epoch: [8/23], Batch: 280/2963, Loss: 85.308, Trans_L2_m: 0.528, Yaw_err_deg: 1.541
Epoch: [8/23], Batch: 290/2963, Loss: 84.630, Trans_L2_m: 0.536, Yaw_err_deg: 1.761
Epoch: [8/23], Batch: 300/2963, Loss: 87.109, Trans_L2_m: 0.748, Yaw_err_deg: 1.723
Epoch: [8/23], Batch: 310/2963, Loss: 75.665, Trans_L2_m: 0.428, Yaw_err_deg: 1.670
Epoch: [8/23], Batch: 320/2963, Loss: 81.317, Trans_L2_m: 0.663, Yaw_err_deg: 1.870
Epoch: [8/23], Batch: 330/2963, Loss: 79.616, Trans_L2_m: 0.408, Yaw_err_deg: 1.852
Epoch: [8/23], Batch: 340/2963, Loss: 86.741, Trans_L2_m: 0.583, Yaw_err_deg: 1.650
Epoch: [8/23], Batch: 350/2963, Loss: 76.624, Trans_L2_m: 0.480, Yaw_err_deg: 1.677
Epoch: [8/23], Batch: 360/2963, Loss: 108.024, Trans_L2_m: 0.657, Yaw_err_deg: 2.103
Epoch: [8/23], Batch: 370/2963, Loss: 104.223, Trans_L2_m: 0.507, Yaw_err_deg: 2.358
Epoch: [8/23], Batch: 380/2963, Loss: 96.543, Trans_L2_m: 0.575, Yaw_err_deg: 2.050
Epoch: [8/23], Batch: 390/2963, Loss: 82.697, Trans_L2_m: 0.606, Yaw_err_deg: 1.516
Epoch: [8/23], Batch: 400/2963, Loss: 68.414, Trans_L2_m: 0.383, Yaw_err_deg: 1.450
Epoch: [8/23], Batch: 410/2963, Loss: 84.781, Trans_L2_m: 0.702, Yaw_err_deg: 1.880
Epoch: [8/23], Batch: 420/2963, Loss: 116.865, Trans_L2_m: 0.439, Yaw_err_deg: 2.657
Epoch: [8/23], Batch: 430/2963, Loss: 127.632, Trans_L2_m: 0.606, Yaw_err_deg: 2.373
Epoch: [8/23], Batch: 440/2963, Loss: 87.698, Trans_L2_m: 0.589, Yaw_err_deg: 1.712
Epoch: [8/23], Batch: 450/2963, Loss: 176.857, Trans_L2_m: 0.352, Yaw_err_deg: 3.256
Epoch: [8/23], Batch: 460/2963, Loss: 90.966, Trans_L2_m: 0.446, Yaw_err_deg: 2.028
Epoch: [8/23], Batch: 470/2963, Loss: 77.359, Trans_L2_m: 0.429, Yaw_err_deg: 1.634
Epoch: [8/23], Batch: 480/2963, Loss: 100.385, Trans_L2_m: 0.672, Yaw_err_deg: 2.189
Epoch: [8/23], Batch: 490/2963, Loss: 67.794, Trans_L2_m: 0.357, Yaw_err_deg: 1.546
Epoch: [8/23], Batch: 500/2963, Loss: 73.534, Trans_L2_m: 0.674, Yaw_err_deg: 1.495
Epoch: [8/23], Batch: 510/2963, Loss: 101.902, Trans_L2_m: 0.727, Yaw_err_deg: 2.311
Epoch: [8/23], Batch: 520/2963, Loss: 72.848, Trans_L2_m: 0.548, Yaw_err_deg: 1.424
Epoch: [8/23], Batch: 530/2963, Loss: 79.899, Trans_L2_m: 0.580, Yaw_err_deg: 1.411
Epoch: [8/23], Batch: 540/2963, Loss: 72.175, Trans_L2_m: 0.378, Yaw_err_deg: 1.515
Epoch: [8/23], Batch: 550/2963, Loss: 111.623, Trans_L2_m: 0.548, Yaw_err_deg: 2.617
Epoch: [8/23], Batch: 560/2963, Loss: 98.780, Trans_L2_m: 0.500, Yaw_err_deg: 1.622
Epoch: [8/23], Batch: 570/2963, Loss: 88.069, Trans_L2_m: 0.555, Yaw_err_deg: 1.719
Epoch: [8/23], Batch: 580/2963, Loss: 75.478, Trans_L2_m: 0.553, Yaw_err_deg: 1.176
Epoch: [8/23], Batch: 590/2963, Loss: 71.591, Trans_L2_m: 0.538, Yaw_err_deg: 1.642
Epoch: [8/23], Batch: 600/2963, Loss: 89.462, Trans_L2_m: 0.601, Yaw_err_deg: 1.607
Epoch: [8/23], Batch: 610/2963, Loss: 105.282, Trans_L2_m: 0.432, Yaw_err_deg: 2.708
Epoch: [8/23], Batch: 620/2963, Loss: 111.079, Trans_L2_m: 0.412, Yaw_err_deg: 2.546
Epoch: [8/23], Batch: 630/2963, Loss: 105.298, Trans_L2_m: 0.628, Yaw_err_deg: 1.963
Epoch: [8/23], Batch: 640/2963, Loss: 89.340, Trans_L2_m: 0.656, Yaw_err_deg: 1.318
Epoch: [8/23], Batch: 650/2963, Loss: 87.093, Trans_L2_m: 0.572, Yaw_err_deg: 2.105
Epoch: [8/23], Batch: 660/2963, Loss: 61.785, Trans_L2_m: 0.473, Yaw_err_deg: 1.191
Epoch: [8/23], Batch: 670/2963, Loss: 160.157, Trans_L2_m: 0.599, Yaw_err_deg: 2.670
Epoch: [8/23], Batch: 680/2963, Loss: 106.057, Trans_L2_m: 0.478, Yaw_err_deg: 2.715
Epoch: [8/23], Batch: 690/2963, Loss: 87.264, Trans_L2_m: 0.500, Yaw_err_deg: 1.833
Epoch: [8/23], Batch: 700/2963, Loss: 89.931, Trans_L2_m: 0.505, Yaw_err_deg: 1.612
Epoch: [8/23], Batch: 710/2963, Loss: 83.216, Trans_L2_m: 0.528, Yaw_err_deg: 1.942
Epoch: [8/23], Batch: 720/2963, Loss: 76.188, Trans_L2_m: 0.358, Yaw_err_deg: 1.797
Epoch: [8/23], Batch: 730/2963, Loss: 97.384, Trans_L2_m: 0.424, Yaw_err_deg: 2.013
Epoch: [8/23], Batch: 740/2963, Loss: 81.073, Trans_L2_m: 0.414, Yaw_err_deg: 1.925
Epoch: [8/23], Batch: 750/2963, Loss: 107.244, Trans_L2_m: 0.581, Yaw_err_deg: 2.128
Epoch: [8/23], Batch: 760/2963, Loss: 98.248, Trans_L2_m: 0.527, Yaw_err_deg: 2.247
Epoch: [8/23], Batch: 770/2963, Loss: 88.822, Trans_L2_m: 0.532, Yaw_err_deg: 1.988
Epoch: [8/23], Batch: 780/2963, Loss: 71.844, Trans_L2_m: 0.479, Yaw_err_deg: 1.516
Epoch: [8/23], Batch: 790/2963, Loss: 86.488, Trans_L2_m: 0.646, Yaw_err_deg: 1.652
Epoch: [8/23], Batch: 800/2963, Loss: 85.653, Trans_L2_m: 0.722, Yaw_err_deg: 1.659
Epoch: [8/23], Batch: 810/2963, Loss: 65.524, Trans_L2_m: 0.493, Yaw_err_deg: 1.551
Epoch: [8/23], Batch: 820/2963, Loss: 106.338, Trans_L2_m: 0.516, Yaw_err_deg: 1.901
Epoch: [8/23], Batch: 830/2963, Loss: 84.494, Trans_L2_m: 0.506, Yaw_err_deg: 2.056
Epoch: [8/23], Batch: 840/2963, Loss: 98.538, Trans_L2_m: 0.522, Yaw_err_deg: 2.059
Epoch: [8/23], Batch: 850/2963, Loss: 60.502, Trans_L2_m: 0.501, Yaw_err_deg: 1.260
Epoch: [8/23], Batch: 860/2963, Loss: 107.876, Trans_L2_m: 0.676, Yaw_err_deg: 2.490
Epoch: [8/23], Batch: 870/2963, Loss: 223.441, Trans_L2_m: 0.389, Yaw_err_deg: 3.683
Epoch: [8/23], Batch: 880/2963, Loss: 108.314, Trans_L2_m: 0.627, Yaw_err_deg: 2.463
Epoch: [8/23], Batch: 890/2963, Loss: 205.650, Trans_L2_m: 0.618, Yaw_err_deg: 3.297
Epoch: [8/23], Batch: 900/2963, Loss: 73.555, Trans_L2_m: 0.636, Yaw_err_deg: 1.444
Epoch: [8/23], Batch: 910/2963, Loss: 90.166, Trans_L2_m: 0.725, Yaw_err_deg: 1.823
Epoch: [8/23], Batch: 920/2963, Loss: 137.000, Trans_L2_m: 0.659, Yaw_err_deg: 2.194
Epoch: [8/23], Batch: 930/2963, Loss: 79.991, Trans_L2_m: 0.451, Yaw_err_deg: 1.797
Epoch: [8/23], Batch: 940/2963, Loss: 82.018, Trans_L2_m: 0.384, Yaw_err_deg: 1.879
Epoch: [8/23], Batch: 950/2963, Loss: 152.049, Trans_L2_m: 0.665, Yaw_err_deg: 2.844
Epoch: [8/23], Batch: 960/2963, Loss: 73.010, Trans_L2_m: 0.536, Yaw_err_deg: 1.512
Epoch: [8/23], Batch: 970/2963, Loss: 113.026, Trans_L2_m: 0.421, Yaw_err_deg: 2.676
Epoch: [8/23], Batch: 980/2963, Loss: 84.561, Trans_L2_m: 0.498, Yaw_err_deg: 1.765
Epoch: [8/23], Batch: 990/2963, Loss: 83.053, Trans_L2_m: 0.409, Yaw_err_deg: 1.854
Epoch: [8/23], Batch: 1000/2963, Loss: 67.532, Trans_L2_m: 0.514, Yaw_err_deg: 1.170
Epoch: [8/23], Batch: 1010/2963, Loss: 99.618, Trans_L2_m: 0.657, Yaw_err_deg: 2.405
Epoch: [8/23], Batch: 1020/2963, Loss: 70.910, Trans_L2_m: 0.386, Yaw_err_deg: 1.816
Epoch: [8/23], Batch: 1030/2963, Loss: 65.640, Trans_L2_m: 0.501, Yaw_err_deg: 0.911
Epoch: [8/23], Batch: 1040/2963, Loss: 97.483, Trans_L2_m: 0.639, Yaw_err_deg: 1.936
Epoch: [8/23], Batch: 1050/2963, Loss: 79.576, Trans_L2_m: 0.567, Yaw_err_deg: 1.577
Epoch: [8/23], Batch: 1060/2963, Loss: 85.005, Trans_L2_m: 0.549, Yaw_err_deg: 1.895
Epoch: [8/23], Batch: 1070/2963, Loss: 97.498, Trans_L2_m: 0.561, Yaw_err_deg: 2.108
Epoch: [8/23], Batch: 1080/2963, Loss: 82.035, Trans_L2_m: 0.566, Yaw_err_deg: 1.473
Epoch: [8/23], Batch: 1090/2963, Loss: 74.878, Trans_L2_m: 0.551, Yaw_err_deg: 1.666
Epoch: [8/23], Batch: 1100/2963, Loss: 86.033, Trans_L2_m: 0.686, Yaw_err_deg: 1.656
Epoch: [8/23], Batch: 1110/2963, Loss: 106.554, Trans_L2_m: 0.424, Yaw_err_deg: 2.468
Epoch: [8/23], Batch: 1120/2963, Loss: 90.537, Trans_L2_m: 0.500, Yaw_err_deg: 2.048
Epoch: [8/23], Batch: 1130/2963, Loss: 62.066, Trans_L2_m: 0.495, Yaw_err_deg: 0.995
Epoch: [8/23], Batch: 1140/2963, Loss: 131.988, Trans_L2_m: 0.543, Yaw_err_deg: 2.111
Epoch: [8/23], Batch: 1150/2963, Loss: 81.669, Trans_L2_m: 0.614, Yaw_err_deg: 1.623
Epoch: [8/23], Batch: 1160/2963, Loss: 135.998, Trans_L2_m: 0.586, Yaw_err_deg: 2.650
Epoch: [8/23], Batch: 1170/2963, Loss: 90.189, Trans_L2_m: 0.598, Yaw_err_deg: 1.835
Epoch: [8/23], Batch: 1180/2963, Loss: 77.886, Trans_L2_m: 0.474, Yaw_err_deg: 1.889
Epoch: [8/23], Batch: 1190/2963, Loss: 99.740, Trans_L2_m: 0.510, Yaw_err_deg: 2.424
Epoch: [8/23], Batch: 1200/2963, Loss: 112.221, Trans_L2_m: 0.513, Yaw_err_deg: 2.400
Epoch: [8/23], Batch: 1210/2963, Loss: 71.732, Trans_L2_m: 0.544, Yaw_err_deg: 1.094
Epoch: [8/23], Batch: 1220/2963, Loss: 78.222, Trans_L2_m: 0.552, Yaw_err_deg: 1.551
Epoch: [8/23], Batch: 1230/2963, Loss: 82.400, Trans_L2_m: 0.471, Yaw_err_deg: 1.759
Epoch: [8/23], Batch: 1240/2963, Loss: 86.664, Trans_L2_m: 0.693, Yaw_err_deg: 1.631
Epoch: [8/23], Batch: 1250/2963, Loss: 77.534, Trans_L2_m: 0.615, Yaw_err_deg: 1.527
Epoch: [8/23], Batch: 1260/2963, Loss: 69.343, Trans_L2_m: 0.586, Yaw_err_deg: 1.261
Epoch: [8/23], Batch: 1270/2963, Loss: 55.275, Trans_L2_m: 0.515, Yaw_err_deg: 0.976
Epoch: [8/23], Batch: 1280/2963, Loss: 70.762, Trans_L2_m: 0.481, Yaw_err_deg: 1.366
Epoch: [8/23], Batch: 1290/2963, Loss: 68.694, Trans_L2_m: 0.612, Yaw_err_deg: 1.458
Epoch: [8/23], Batch: 1300/2963, Loss: 75.159, Trans_L2_m: 0.518, Yaw_err_deg: 1.820
Epoch: [8/23], Batch: 1310/2963, Loss: 72.108, Trans_L2_m: 0.476, Yaw_err_deg: 1.214
Epoch: [8/23], Batch: 1320/2963, Loss: 68.389, Trans_L2_m: 0.521, Yaw_err_deg: 1.267
Epoch: [8/23], Batch: 1330/2963, Loss: 99.749, Trans_L2_m: 0.577, Yaw_err_deg: 2.314
Epoch: [8/23], Batch: 1340/2963, Loss: 87.291, Trans_L2_m: 0.569, Yaw_err_deg: 1.919
Epoch: [8/23], Batch: 1350/2963, Loss: 84.438, Trans_L2_m: 0.602, Yaw_err_deg: 1.699
Epoch: [8/23], Batch: 1360/2963, Loss: 79.497, Trans_L2_m: 0.442, Yaw_err_deg: 1.280
Epoch: [8/23], Batch: 1370/2963, Loss: 88.811, Trans_L2_m: 0.543, Yaw_err_deg: 2.225
Epoch: [8/23], Batch: 1380/2963, Loss: 75.725, Trans_L2_m: 0.495, Yaw_err_deg: 1.597
Epoch: [8/23], Batch: 1390/2963, Loss: 117.107, Trans_L2_m: 0.656, Yaw_err_deg: 2.225
Epoch: [8/23], Batch: 1400/2963, Loss: 63.193, Trans_L2_m: 0.429, Yaw_err_deg: 1.219
Epoch: [8/23], Batch: 1410/2963, Loss: 71.844, Trans_L2_m: 0.531, Yaw_err_deg: 1.603
Epoch: [8/23], Batch: 1420/2963, Loss: 90.275, Trans_L2_m: 0.528, Yaw_err_deg: 1.504
Epoch: [8/23], Batch: 1430/2963, Loss: 111.267, Trans_L2_m: 0.560, Yaw_err_deg: 1.985
Epoch: [8/23], Batch: 1440/2963, Loss: 92.045, Trans_L2_m: 0.414, Yaw_err_deg: 2.156
Epoch: [8/23], Batch: 1450/2963, Loss: 72.235, Trans_L2_m: 0.559, Yaw_err_deg: 1.568
Epoch: [8/23], Batch: 1460/2963, Loss: 95.019, Trans_L2_m: 0.545, Yaw_err_deg: 2.200
Epoch: [8/23], Batch: 1470/2963, Loss: 72.327, Trans_L2_m: 0.617, Yaw_err_deg: 1.507
Epoch: [8/23], Batch: 1480/2963, Loss: 111.706, Trans_L2_m: 0.455, Yaw_err_deg: 2.699
Epoch: [8/23], Batch: 1490/2963, Loss: 81.357, Trans_L2_m: 0.599, Yaw_err_deg: 1.885
Epoch: [8/23], Batch: 1500/2963, Loss: 126.128, Trans_L2_m: 0.568, Yaw_err_deg: 2.337
Epoch: [8/23], Batch: 1510/2963, Loss: 68.077, Trans_L2_m: 0.564, Yaw_err_deg: 1.152
Epoch: [8/23], Batch: 1520/2963, Loss: 89.156, Trans_L2_m: 0.692, Yaw_err_deg: 1.783
Epoch: [8/23], Batch: 1530/2963, Loss: 81.561, Trans_L2_m: 0.430, Yaw_err_deg: 1.892
Epoch: [8/23], Batch: 1540/2963, Loss: 72.000, Trans_L2_m: 0.635, Yaw_err_deg: 1.389
Epoch: [8/23], Batch: 1550/2963, Loss: 106.464, Trans_L2_m: 0.498, Yaw_err_deg: 2.092
Epoch: [8/23], Batch: 1560/2963, Loss: 67.271, Trans_L2_m: 0.615, Yaw_err_deg: 1.289
Epoch: [8/23], Batch: 1570/2963, Loss: 97.012, Trans_L2_m: 0.520, Yaw_err_deg: 1.749
Epoch: [8/23], Batch: 1580/2963, Loss: 147.681, Trans_L2_m: 0.545, Yaw_err_deg: 2.584
Epoch: [8/23], Batch: 1590/2963, Loss: 98.977, Trans_L2_m: 0.628, Yaw_err_deg: 1.769
Epoch: [8/23], Batch: 1600/2963, Loss: 88.981, Trans_L2_m: 0.609, Yaw_err_deg: 2.008
Epoch: [8/23], Batch: 1610/2963, Loss: 72.898, Trans_L2_m: 0.527, Yaw_err_deg: 1.618
Epoch: [8/23], Batch: 1620/2963, Loss: 92.452, Trans_L2_m: 0.611, Yaw_err_deg: 1.974
Epoch: [8/23], Batch: 1630/2963, Loss: 92.592, Trans_L2_m: 0.691, Yaw_err_deg: 1.635
Epoch: [8/23], Batch: 1640/2963, Loss: 67.885, Trans_L2_m: 0.606, Yaw_err_deg: 1.082
Epoch: [8/23], Batch: 1650/2963, Loss: 56.036, Trans_L2_m: 0.458, Yaw_err_deg: 0.964
Epoch: [8/23], Batch: 1660/2963, Loss: 74.088, Trans_L2_m: 0.444, Yaw_err_deg: 1.952
Epoch: [8/23], Batch: 1670/2963, Loss: 79.286, Trans_L2_m: 0.599, Yaw_err_deg: 1.190
Epoch: [8/23], Batch: 1680/2963, Loss: 120.556, Trans_L2_m: 0.462, Yaw_err_deg: 2.632
Epoch: [8/23], Batch: 1690/2963, Loss: 79.511, Trans_L2_m: 0.568, Yaw_err_deg: 1.657
Epoch: [8/23], Batch: 1700/2963, Loss: 87.787, Trans_L2_m: 0.544, Yaw_err_deg: 2.230
Epoch: [8/23], Batch: 1710/2963, Loss: 105.228, Trans_L2_m: 0.451, Yaw_err_deg: 2.563
Epoch: [8/23], Batch: 1720/2963, Loss: 100.303, Trans_L2_m: 0.474, Yaw_err_deg: 2.132
Epoch: [8/23], Batch: 1730/2963, Loss: 60.483, Trans_L2_m: 0.557, Yaw_err_deg: 0.983
Epoch: [8/23], Batch: 1740/2963, Loss: 90.476, Trans_L2_m: 0.445, Yaw_err_deg: 1.892
Epoch: [8/23], Batch: 1750/2963, Loss: 76.066, Trans_L2_m: 0.654, Yaw_err_deg: 1.510
Epoch: [8/23], Batch: 1760/2963, Loss: 89.747, Trans_L2_m: 0.595, Yaw_err_deg: 1.926
Epoch: [8/23], Batch: 1770/2963, Loss: 63.064, Trans_L2_m: 0.631, Yaw_err_deg: 1.314
Epoch: [8/23], Batch: 1780/2963, Loss: 122.291, Trans_L2_m: 0.552, Yaw_err_deg: 2.329
Epoch: [8/23], Batch: 1790/2963, Loss: 68.572, Trans_L2_m: 0.552, Yaw_err_deg: 1.678
Epoch: [8/23], Batch: 1800/2963, Loss: 78.611, Trans_L2_m: 0.326, Yaw_err_deg: 1.705
Epoch: [8/23], Batch: 1810/2963, Loss: 453.431, Trans_L2_m: 0.704, Yaw_err_deg: 3.183
Epoch: [8/23], Batch: 1820/2963, Loss: 158.727, Trans_L2_m: 0.557, Yaw_err_deg: 2.797
Epoch: [8/23], Batch: 1830/2963, Loss: 106.942, Trans_L2_m: 0.522, Yaw_err_deg: 2.182
Epoch: [8/23], Batch: 1840/2963, Loss: 67.593, Trans_L2_m: 0.478, Yaw_err_deg: 1.345
Epoch: [8/23], Batch: 1850/2963, Loss: 87.387, Trans_L2_m: 0.435, Yaw_err_deg: 1.755
Epoch: [8/23], Batch: 1860/2963, Loss: 71.122, Trans_L2_m: 0.531, Yaw_err_deg: 1.393
Epoch: [8/23], Batch: 1870/2963, Loss: 71.232, Trans_L2_m: 0.398, Yaw_err_deg: 1.496
Epoch: [8/23], Batch: 1880/2963, Loss: 69.395, Trans_L2_m: 0.516, Yaw_err_deg: 1.033
Epoch: [8/23], Batch: 1890/2963, Loss: 83.642, Trans_L2_m: 0.612, Yaw_err_deg: 1.473
Epoch: [8/23], Batch: 1900/2963, Loss: 126.907, Trans_L2_m: 0.576, Yaw_err_deg: 2.497
Epoch: [8/23], Batch: 1910/2963, Loss: 108.053, Trans_L2_m: 0.564, Yaw_err_deg: 2.272
Epoch: [8/23], Batch: 1920/2963, Loss: 163.447, Trans_L2_m: 0.385, Yaw_err_deg: 3.281
Epoch: [8/23], Batch: 1930/2963, Loss: 77.463, Trans_L2_m: 0.462, Yaw_err_deg: 2.022
Epoch: [8/23], Batch: 1940/2963, Loss: 71.559, Trans_L2_m: 0.326, Yaw_err_deg: 1.280
Epoch: [8/23], Batch: 1950/2963, Loss: 87.908, Trans_L2_m: 0.644, Yaw_err_deg: 1.711
Epoch: [8/23], Batch: 1960/2963, Loss: 104.031, Trans_L2_m: 0.641, Yaw_err_deg: 1.971
Epoch: [8/23], Batch: 1970/2963, Loss: 80.351, Trans_L2_m: 0.637, Yaw_err_deg: 1.563
Epoch: [8/23], Batch: 1980/2963, Loss: 96.392, Trans_L2_m: 0.489, Yaw_err_deg: 2.262
Epoch: [8/23], Batch: 1990/2963, Loss: 279.785, Trans_L2_m: 0.598, Yaw_err_deg: 3.712
Epoch: [8/23], Batch: 2000/2963, Loss: 118.040, Trans_L2_m: 0.824, Yaw_err_deg: 2.143
Epoch: [8/23], Batch: 2010/2963, Loss: 118.884, Trans_L2_m: 0.504, Yaw_err_deg: 2.584
Epoch: [8/23], Batch: 2020/2963, Loss: 78.847, Trans_L2_m: 0.587, Yaw_err_deg: 1.732
Epoch: [8/23], Batch: 2030/2963, Loss: 95.708, Trans_L2_m: 0.666, Yaw_err_deg: 1.978
Epoch: [8/23], Batch: 2040/2963, Loss: 83.958, Trans_L2_m: 0.566, Yaw_err_deg: 1.647
Epoch: [8/23], Batch: 2050/2963, Loss: 95.193, Trans_L2_m: 0.613, Yaw_err_deg: 2.028
Epoch: [8/23], Batch: 2060/2963, Loss: 85.870, Trans_L2_m: 0.718, Yaw_err_deg: 1.684
Epoch: [8/23], Batch: 2070/2963, Loss: 73.828, Trans_L2_m: 0.577, Yaw_err_deg: 1.272
Epoch: [8/23], Batch: 2080/2963, Loss: 89.657, Trans_L2_m: 0.554, Yaw_err_deg: 1.865
Epoch: [8/23], Batch: 2090/2963, Loss: 113.014, Trans_L2_m: 0.759, Yaw_err_deg: 2.474
Epoch: [8/23], Batch: 2100/2963, Loss: 90.993, Trans_L2_m: 0.780, Yaw_err_deg: 2.020
Epoch: [8/23], Batch: 2110/2963, Loss: 145.775, Trans_L2_m: 0.565, Yaw_err_deg: 2.451
Epoch: [8/23], Batch: 2120/2963, Loss: 73.260, Trans_L2_m: 0.547, Yaw_err_deg: 1.559
Epoch: [8/23], Batch: 2130/2963, Loss: 76.259, Trans_L2_m: 0.340, Yaw_err_deg: 1.747
Epoch: [8/23], Batch: 2140/2963, Loss: 109.293, Trans_L2_m: 0.606, Yaw_err_deg: 2.356
Epoch: [8/23], Batch: 2150/2963, Loss: 75.163, Trans_L2_m: 0.361, Yaw_err_deg: 1.709
Epoch: [8/23], Batch: 2160/2963, Loss: 76.720, Trans_L2_m: 0.652, Yaw_err_deg: 1.516
Epoch: [8/23], Batch: 2170/2963, Loss: 105.227, Trans_L2_m: 0.513, Yaw_err_deg: 2.367
Epoch: [8/23], Batch: 2180/2963, Loss: 67.108, Trans_L2_m: 0.386, Yaw_err_deg: 1.555
Epoch: [8/23], Batch: 2190/2963, Loss: 78.376, Trans_L2_m: 0.398, Yaw_err_deg: 1.874
Epoch: [8/23], Batch: 2200/2963, Loss: 79.950, Trans_L2_m: 0.621, Yaw_err_deg: 1.600
Epoch: [8/23], Batch: 2210/2963, Loss: 81.146, Trans_L2_m: 0.716, Yaw_err_deg: 1.808
Epoch: [8/23], Batch: 2220/2963, Loss: 79.552, Trans_L2_m: 0.474, Yaw_err_deg: 1.509
Epoch: [8/23], Batch: 2230/2963, Loss: 59.167, Trans_L2_m: 0.432, Yaw_err_deg: 0.782
Epoch: [8/23], Batch: 2240/2963, Loss: 136.561, Trans_L2_m: 0.606, Yaw_err_deg: 2.457
Epoch: [8/23], Batch: 2250/2963, Loss: 130.090, Trans_L2_m: 0.441, Yaw_err_deg: 1.769
Epoch: [8/23], Batch: 2260/2963, Loss: 84.275, Trans_L2_m: 0.617, Yaw_err_deg: 1.960
Epoch: [8/23], Batch: 2270/2963, Loss: 85.649, Trans_L2_m: 0.453, Yaw_err_deg: 1.654
Epoch: [8/23], Batch: 2280/2963, Loss: 88.778, Trans_L2_m: 0.599, Yaw_err_deg: 2.110
Epoch: [8/23], Batch: 2290/2963, Loss: 82.646, Trans_L2_m: 0.465, Yaw_err_deg: 1.968
Epoch: [8/23], Batch: 2300/2963, Loss: 141.248, Trans_L2_m: 0.521, Yaw_err_deg: 2.460
Epoch: [8/23], Batch: 2310/2963, Loss: 72.234, Trans_L2_m: 0.443, Yaw_err_deg: 1.717
Epoch: [8/23], Batch: 2320/2963, Loss: 85.384, Trans_L2_m: 0.373, Yaw_err_deg: 1.972
Epoch: [8/23], Batch: 2330/2963, Loss: 81.524, Trans_L2_m: 0.622, Yaw_err_deg: 1.569
Epoch: [8/23], Batch: 2340/2963, Loss: 73.071, Trans_L2_m: 0.530, Yaw_err_deg: 1.517
Epoch: [8/23], Batch: 2350/2963, Loss: 95.609, Trans_L2_m: 0.585, Yaw_err_deg: 1.952
Epoch: [8/23], Batch: 2360/2963, Loss: 100.469, Trans_L2_m: 0.521, Yaw_err_deg: 2.376
Epoch: [8/23], Batch: 2370/2963, Loss: 91.861, Trans_L2_m: 0.481, Yaw_err_deg: 1.830
Epoch: [8/23], Batch: 2380/2963, Loss: 61.146, Trans_L2_m: 0.400, Yaw_err_deg: 1.405
Epoch: [8/23], Batch: 2390/2963, Loss: 83.793, Trans_L2_m: 0.431, Yaw_err_deg: 1.833
Epoch: [8/23], Batch: 2400/2963, Loss: 80.747, Trans_L2_m: 0.627, Yaw_err_deg: 1.703
Epoch: [8/23], Batch: 2410/2963, Loss: 68.894, Trans_L2_m: 0.435, Yaw_err_deg: 1.712
Epoch: [8/23], Batch: 2420/2963, Loss: 75.381, Trans_L2_m: 0.434, Yaw_err_deg: 1.518
Epoch: [8/23], Batch: 2430/2963, Loss: 78.854, Trans_L2_m: 0.496, Yaw_err_deg: 1.718
Epoch: [8/23], Batch: 2440/2963, Loss: 95.849, Trans_L2_m: 0.527, Yaw_err_deg: 2.154
Epoch: [8/23], Batch: 2450/2963, Loss: 68.535, Trans_L2_m: 0.436, Yaw_err_deg: 1.481
Epoch: [8/23], Batch: 2460/2963, Loss: 88.499, Trans_L2_m: 0.539, Yaw_err_deg: 1.804
Epoch: [8/23], Batch: 2470/2963, Loss: 130.285, Trans_L2_m: 0.429, Yaw_err_deg: 2.307
Epoch: [8/23], Batch: 2480/2963, Loss: 84.659, Trans_L2_m: 0.715, Yaw_err_deg: 1.601
Epoch: [8/23], Batch: 2490/2963, Loss: 92.262, Trans_L2_m: 0.562, Yaw_err_deg: 1.990
Epoch: [8/23], Batch: 2500/2963, Loss: 87.357, Trans_L2_m: 0.562, Yaw_err_deg: 1.742
Epoch: [8/23], Batch: 2510/2963, Loss: 51.686, Trans_L2_m: 0.444, Yaw_err_deg: 0.748
Epoch: [8/23], Batch: 2520/2963, Loss: 92.144, Trans_L2_m: 0.506, Yaw_err_deg: 1.742
Epoch: [8/23], Batch: 2530/2963, Loss: 64.870, Trans_L2_m: 0.462, Yaw_err_deg: 1.202
Epoch: [8/23], Batch: 2540/2963, Loss: 63.913, Trans_L2_m: 0.494, Yaw_err_deg: 1.360
Epoch: [8/23], Batch: 2550/2963, Loss: 81.625, Trans_L2_m: 0.436, Yaw_err_deg: 1.713
Epoch: [8/23], Batch: 2560/2963, Loss: 61.800, Trans_L2_m: 0.446, Yaw_err_deg: 1.200
Epoch: [8/23], Batch: 2570/2963, Loss: 128.675, Trans_L2_m: 0.506, Yaw_err_deg: 2.706
Epoch: [8/23], Batch: 2580/2963, Loss: 88.411, Trans_L2_m: 0.646, Yaw_err_deg: 1.619
Epoch: [8/23], Batch: 2590/2963, Loss: 104.770, Trans_L2_m: 0.625, Yaw_err_deg: 2.052
Epoch: [8/23], Batch: 2600/2963, Loss: 102.967, Trans_L2_m: 0.531, Yaw_err_deg: 2.427
Epoch: [8/23], Batch: 2610/2963, Loss: 88.280, Trans_L2_m: 0.678, Yaw_err_deg: 1.605
Epoch: [8/23], Batch: 2620/2963, Loss: 68.745, Trans_L2_m: 0.423, Yaw_err_deg: 1.325
Epoch: [8/23], Batch: 2630/2963, Loss: 64.256, Trans_L2_m: 0.518, Yaw_err_deg: 1.055
Epoch: [8/23], Batch: 2640/2963, Loss: 57.471, Trans_L2_m: 0.393, Yaw_err_deg: 1.350
Epoch: [8/23], Batch: 2650/2963, Loss: 73.466, Trans_L2_m: 0.631, Yaw_err_deg: 1.184
Epoch: [8/23], Batch: 2660/2963, Loss: 107.445, Trans_L2_m: 0.589, Yaw_err_deg: 2.593
Epoch: [8/23], Batch: 2670/2963, Loss: 92.262, Trans_L2_m: 0.748, Yaw_err_deg: 1.555
Epoch: [8/23], Batch: 2680/2963, Loss: 76.938, Trans_L2_m: 0.761, Yaw_err_deg: 1.457
Epoch: [8/23], Batch: 2690/2963, Loss: 94.718, Trans_L2_m: 0.622, Yaw_err_deg: 1.953
Epoch: [8/23], Batch: 2700/2963, Loss: 55.108, Trans_L2_m: 0.337, Yaw_err_deg: 0.904
Epoch: [8/23], Batch: 2710/2963, Loss: 64.091, Trans_L2_m: 0.548, Yaw_err_deg: 1.294
Epoch: [8/23], Batch: 2720/2963, Loss: 121.197, Trans_L2_m: 0.686, Yaw_err_deg: 2.155
Epoch: [8/23], Batch: 2730/2963, Loss: 87.967, Trans_L2_m: 0.397, Yaw_err_deg: 1.851
Epoch: [8/23], Batch: 2740/2963, Loss: 106.027, Trans_L2_m: 0.543, Yaw_err_deg: 2.207
Epoch: [8/23], Batch: 2750/2963, Loss: 68.569, Trans_L2_m: 0.579, Yaw_err_deg: 1.341
Epoch: [8/23], Batch: 2760/2963, Loss: 71.093, Trans_L2_m: 0.378, Yaw_err_deg: 1.833
Epoch: [8/23], Batch: 2770/2963, Loss: 66.851, Trans_L2_m: 0.405, Yaw_err_deg: 1.333
Epoch: [8/23], Batch: 2780/2963, Loss: 155.318, Trans_L2_m: 0.653, Yaw_err_deg: 3.055
Epoch: [8/23], Batch: 2790/2963, Loss: 61.467, Trans_L2_m: 0.396, Yaw_err_deg: 1.416
Epoch: [8/23], Batch: 2800/2963, Loss: 108.915, Trans_L2_m: 0.413, Yaw_err_deg: 2.282
Epoch: [8/23], Batch: 2810/2963, Loss: 74.995, Trans_L2_m: 0.503, Yaw_err_deg: 1.519
Epoch: [8/23], Batch: 2820/2963, Loss: 90.438, Trans_L2_m: 0.535, Yaw_err_deg: 1.917
Epoch: [8/23], Batch: 2830/2963, Loss: 77.321, Trans_L2_m: 0.467, Yaw_err_deg: 1.553
Epoch: [8/23], Batch: 2840/2963, Loss: 92.922, Trans_L2_m: 0.354, Yaw_err_deg: 2.279
Epoch: [8/23], Batch: 2850/2963, Loss: 74.021, Trans_L2_m: 0.526, Yaw_err_deg: 1.709
Epoch: [8/23], Batch: 2860/2963, Loss: 102.645, Trans_L2_m: 0.526, Yaw_err_deg: 2.278
Epoch: [8/23], Batch: 2870/2963, Loss: 70.254, Trans_L2_m: 0.570, Yaw_err_deg: 1.691
Epoch: [8/23], Batch: 2880/2963, Loss: 284.242, Trans_L2_m: 0.683, Yaw_err_deg: 2.742
Epoch: [8/23], Batch: 2890/2963, Loss: 116.190, Trans_L2_m: 0.619, Yaw_err_deg: 1.923
Epoch: [8/23], Batch: 2900/2963, Loss: 93.697, Trans_L2_m: 0.509, Yaw_err_deg: 2.120
Epoch: [8/23], Batch: 2910/2963, Loss: 81.948, Trans_L2_m: 0.628, Yaw_err_deg: 1.737
Epoch: [8/23], Batch: 2920/2963, Loss: 73.582, Trans_L2_m: 0.879, Yaw_err_deg: 1.341
Epoch: [8/23], Batch: 2930/2963, Loss: 86.042, Trans_L2_m: 0.630, Yaw_err_deg: 1.553
Epoch: [8/23], Batch: 2940/2963, Loss: 77.253, Trans_L2_m: 0.513, Yaw_err_deg: 1.494
Epoch: [8/23], Batch: 2950/2963, Loss: 99.340, Trans_L2_m: 0.595, Yaw_err_deg: 2.138
Epoch: [8/23], Batch: 2960/2963, Loss: 86.750, Trans_L2_m: 0.416, Yaw_err_deg: 2.155
Epoch: [9/23], Batch: 0/2963, Loss: 71.935, Trans_L2_m: 0.552, Yaw_err_deg: 1.716
Epoch: [9/23], Batch: 10/2963, Loss: 60.333, Trans_L2_m: 0.415, Yaw_err_deg: 1.517
Epoch: [9/23], Batch: 20/2963, Loss: 95.255, Trans_L2_m: 0.555, Yaw_err_deg: 2.146
Epoch: [9/23], Batch: 30/2963, Loss: 73.161, Trans_L2_m: 0.447, Yaw_err_deg: 1.622
Epoch: [9/23], Batch: 40/2963, Loss: 82.993, Trans_L2_m: 0.679, Yaw_err_deg: 1.824
Epoch: [9/23], Batch: 50/2963, Loss: 109.761, Trans_L2_m: 0.468, Yaw_err_deg: 2.408
Epoch: [9/23], Batch: 60/2963, Loss: 64.332, Trans_L2_m: 0.485, Yaw_err_deg: 1.142
Epoch: [9/23], Batch: 70/2963, Loss: 148.916, Trans_L2_m: 0.475, Yaw_err_deg: 2.354
Epoch: [9/23], Batch: 80/2963, Loss: 81.970, Trans_L2_m: 0.491, Yaw_err_deg: 1.966
Epoch: [9/23], Batch: 90/2963, Loss: 66.083, Trans_L2_m: 0.589, Yaw_err_deg: 1.333
Epoch: [9/23], Batch: 100/2963, Loss: 87.259, Trans_L2_m: 0.714, Yaw_err_deg: 1.742
Epoch: [9/23], Batch: 110/2963, Loss: 64.759, Trans_L2_m: 0.450, Yaw_err_deg: 1.522
Epoch: [9/23], Batch: 120/2963, Loss: 145.331, Trans_L2_m: 0.490, Yaw_err_deg: 2.471
Epoch: [9/23], Batch: 130/2963, Loss: 69.665, Trans_L2_m: 0.553, Yaw_err_deg: 1.530
Epoch: [9/23], Batch: 140/2963, Loss: 95.203, Trans_L2_m: 0.535, Yaw_err_deg: 2.099
Epoch: [9/23], Batch: 150/2963, Loss: 71.441, Trans_L2_m: 0.447, Yaw_err_deg: 1.801
Epoch: [9/23], Batch: 160/2963, Loss: 75.643, Trans_L2_m: 0.653, Yaw_err_deg: 1.515
Epoch: [9/23], Batch: 170/2963, Loss: 77.042, Trans_L2_m: 0.676, Yaw_err_deg: 1.269
Epoch: [9/23], Batch: 180/2963, Loss: 121.724, Trans_L2_m: 0.493, Yaw_err_deg: 2.434
Epoch: [9/23], Batch: 190/2963, Loss: 92.208, Trans_L2_m: 0.611, Yaw_err_deg: 2.053
Epoch: [9/23], Batch: 200/2963, Loss: 58.784, Trans_L2_m: 0.590, Yaw_err_deg: 0.999
Epoch: [9/23], Batch: 210/2963, Loss: 92.171, Trans_L2_m: 0.550, Yaw_err_deg: 2.303
Epoch: [9/23], Batch: 220/2963, Loss: 72.148, Trans_L2_m: 0.697, Yaw_err_deg: 1.395
Epoch: [9/23], Batch: 230/2963, Loss: 99.449, Trans_L2_m: 0.566, Yaw_err_deg: 2.462
Epoch: [9/23], Batch: 240/2963, Loss: 158.531, Trans_L2_m: 0.618, Yaw_err_deg: 2.799
Epoch: [9/23], Batch: 250/2963, Loss: 74.305, Trans_L2_m: 0.549, Yaw_err_deg: 1.698
Epoch: [9/23], Batch: 260/2963, Loss: 71.309, Trans_L2_m: 0.435, Yaw_err_deg: 1.407
Epoch: [9/23], Batch: 270/2963, Loss: 71.376, Trans_L2_m: 0.532, Yaw_err_deg: 1.174
Epoch: [9/23], Batch: 280/2963, Loss: 91.263, Trans_L2_m: 0.699, Yaw_err_deg: 1.836
Epoch: [9/23], Batch: 290/2963, Loss: 98.026, Trans_L2_m: 0.585, Yaw_err_deg: 1.958
Epoch: [9/23], Batch: 300/2963, Loss: 86.908, Trans_L2_m: 0.648, Yaw_err_deg: 1.510
Epoch: [9/23], Batch: 310/2963, Loss: 84.874, Trans_L2_m: 0.507, Yaw_err_deg: 2.048
Epoch: [9/23], Batch: 320/2963, Loss: 65.667, Trans_L2_m: 0.453, Yaw_err_deg: 1.611
Epoch: [9/23], Batch: 330/2963, Loss: 71.572, Trans_L2_m: 0.528, Yaw_err_deg: 1.399
Epoch: [9/23], Batch: 340/2963, Loss: 203.534, Trans_L2_m: 0.371, Yaw_err_deg: 3.098
Epoch: [9/23], Batch: 350/2963, Loss: 71.074, Trans_L2_m: 0.398, Yaw_err_deg: 1.709
Epoch: [9/23], Batch: 360/2963, Loss: 70.717, Trans_L2_m: 0.501, Yaw_err_deg: 1.143
Epoch: [9/23], Batch: 370/2963, Loss: 116.699, Trans_L2_m: 0.512, Yaw_err_deg: 2.191
Epoch: [9/23], Batch: 380/2963, Loss: 88.267, Trans_L2_m: 0.398, Yaw_err_deg: 1.673
Epoch: [9/23], Batch: 390/2963, Loss: 79.004, Trans_L2_m: 0.435, Yaw_err_deg: 1.835
Epoch: [9/23], Batch: 400/2963, Loss: 61.209, Trans_L2_m: 0.617, Yaw_err_deg: 1.066
Epoch: [9/23], Batch: 410/2963, Loss: 73.552, Trans_L2_m: 0.534, Yaw_err_deg: 1.579
Epoch: [9/23], Batch: 420/2963, Loss: 80.221, Trans_L2_m: 0.491, Yaw_err_deg: 1.846
Epoch: [9/23], Batch: 430/2963, Loss: 135.721, Trans_L2_m: 0.473, Yaw_err_deg: 2.757
Epoch: [9/23], Batch: 440/2963, Loss: 70.075, Trans_L2_m: 0.609, Yaw_err_deg: 1.440
Epoch: [9/23], Batch: 450/2963, Loss: 98.405, Trans_L2_m: 0.687, Yaw_err_deg: 2.077
Epoch: [9/23], Batch: 460/2963, Loss: 132.892, Trans_L2_m: 0.459, Yaw_err_deg: 2.402
Epoch: [9/23], Batch: 470/2963, Loss: 109.806, Trans_L2_m: 0.591, Yaw_err_deg: 2.546
Epoch: [9/23], Batch: 480/2963, Loss: 90.605, Trans_L2_m: 0.531, Yaw_err_deg: 1.687
Epoch: [9/23], Batch: 490/2963, Loss: 94.635, Trans_L2_m: 0.464, Yaw_err_deg: 1.943
Epoch: [9/23], Batch: 500/2963, Loss: 111.148, Trans_L2_m: 0.370, Yaw_err_deg: 2.924
Epoch: [9/23], Batch: 510/2963, Loss: 90.053, Trans_L2_m: 0.710, Yaw_err_deg: 1.743
Epoch: [9/23], Batch: 520/2963, Loss: 72.332, Trans_L2_m: 0.576, Yaw_err_deg: 1.471
Epoch: [9/23], Batch: 530/2963, Loss: 103.817, Trans_L2_m: 0.642, Yaw_err_deg: 2.352
Epoch: [9/23], Batch: 540/2963, Loss: 67.893, Trans_L2_m: 0.549, Yaw_err_deg: 1.642
Epoch: [9/23], Batch: 550/2963, Loss: 94.221, Trans_L2_m: 0.439, Yaw_err_deg: 2.094
Epoch: [9/23], Batch: 560/2963, Loss: 58.046, Trans_L2_m: 0.586, Yaw_err_deg: 0.991
Epoch: [9/23], Batch: 570/2963, Loss: 66.034, Trans_L2_m: 0.509, Yaw_err_deg: 1.235
Epoch: [9/23], Batch: 580/2963, Loss: 79.483, Trans_L2_m: 0.400, Yaw_err_deg: 1.190
Epoch: [9/23], Batch: 590/2963, Loss: 74.533, Trans_L2_m: 0.595, Yaw_err_deg: 1.470
Epoch: [9/23], Batch: 600/2963, Loss: 117.377, Trans_L2_m: 0.573, Yaw_err_deg: 2.612
Epoch: [9/23], Batch: 610/2963, Loss: 172.122, Trans_L2_m: 0.593, Yaw_err_deg: 3.080
Epoch: [9/23], Batch: 620/2963, Loss: 62.280, Trans_L2_m: 0.665, Yaw_err_deg: 1.172
Epoch: [9/23], Batch: 630/2963, Loss: 57.254, Trans_L2_m: 0.418, Yaw_err_deg: 1.299
Epoch: [9/23], Batch: 640/2963, Loss: 76.807, Trans_L2_m: 0.627, Yaw_err_deg: 1.508
Epoch: [9/23], Batch: 650/2963, Loss: 66.730, Trans_L2_m: 0.400, Yaw_err_deg: 1.387
Epoch: [9/23], Batch: 660/2963, Loss: 80.953, Trans_L2_m: 0.572, Yaw_err_deg: 1.642
Epoch: [9/23], Batch: 670/2963, Loss: 90.817, Trans_L2_m: 0.714, Yaw_err_deg: 2.027
Epoch: [9/23], Batch: 680/2963, Loss: 64.126, Trans_L2_m: 0.430, Yaw_err_deg: 1.555
Epoch: [9/23], Batch: 690/2963, Loss: 68.556, Trans_L2_m: 0.636, Yaw_err_deg: 1.135
Epoch: [9/23], Batch: 700/2963, Loss: 116.294, Trans_L2_m: 0.626, Yaw_err_deg: 2.433
Epoch: [9/23], Batch: 710/2963, Loss: 66.309, Trans_L2_m: 0.417, Yaw_err_deg: 1.338
Epoch: [9/23], Batch: 720/2963, Loss: 68.127, Trans_L2_m: 0.355, Yaw_err_deg: 1.398
Epoch: [9/23], Batch: 730/2963, Loss: 72.966, Trans_L2_m: 0.435, Yaw_err_deg: 1.516
Epoch: [9/23], Batch: 740/2963, Loss: 116.345, Trans_L2_m: 0.479, Yaw_err_deg: 2.123
Epoch: [9/23], Batch: 750/2963, Loss: 120.776, Trans_L2_m: 0.554, Yaw_err_deg: 2.181
Epoch: [9/23], Batch: 760/2963, Loss: 66.012, Trans_L2_m: 0.377, Yaw_err_deg: 1.274
Epoch: [9/23], Batch: 770/2963, Loss: 92.058, Trans_L2_m: 0.513, Yaw_err_deg: 2.208
Epoch: [9/23], Batch: 780/2963, Loss: 69.528, Trans_L2_m: 0.330, Yaw_err_deg: 1.715
Epoch: [9/23], Batch: 790/2963, Loss: 81.250, Trans_L2_m: 0.479, Yaw_err_deg: 2.005
Epoch: [9/23], Batch: 800/2963, Loss: 95.923, Trans_L2_m: 0.636, Yaw_err_deg: 1.968
Epoch: [9/23], Batch: 810/2963, Loss: 90.820, Trans_L2_m: 0.600, Yaw_err_deg: 2.222
Epoch: [9/23], Batch: 820/2963, Loss: 76.195, Trans_L2_m: 0.529, Yaw_err_deg: 1.654
Epoch: [9/23], Batch: 830/2963, Loss: 104.412, Trans_L2_m: 0.475, Yaw_err_deg: 2.456
Epoch: [9/23], Batch: 840/2963, Loss: 96.461, Trans_L2_m: 0.546, Yaw_err_deg: 2.082
Epoch: [9/23], Batch: 850/2963, Loss: 71.755, Trans_L2_m: 0.566, Yaw_err_deg: 1.514
Epoch: [9/23], Batch: 860/2963, Loss: 71.542, Trans_L2_m: 0.539, Yaw_err_deg: 1.517
Epoch: [9/23], Batch: 870/2963, Loss: 96.058, Trans_L2_m: 0.466, Yaw_err_deg: 1.844
Epoch: [9/23], Batch: 880/2963, Loss: 76.054, Trans_L2_m: 0.499, Yaw_err_deg: 1.459
Epoch: [9/23], Batch: 890/2963, Loss: 69.032, Trans_L2_m: 0.652, Yaw_err_deg: 1.277
Epoch: [9/23], Batch: 900/2963, Loss: 172.225, Trans_L2_m: 0.546, Yaw_err_deg: 3.387
Epoch: [9/23], Batch: 910/2963, Loss: 53.582, Trans_L2_m: 0.391, Yaw_err_deg: 0.885
Epoch: [9/23], Batch: 920/2963, Loss: 76.395, Trans_L2_m: 0.509, Yaw_err_deg: 1.318
Epoch: [9/23], Batch: 930/2963, Loss: 68.627, Trans_L2_m: 0.490, Yaw_err_deg: 1.356
Epoch: [9/23], Batch: 940/2963, Loss: 89.409, Trans_L2_m: 0.572, Yaw_err_deg: 1.846
Epoch: [9/23], Batch: 950/2963, Loss: 84.073, Trans_L2_m: 0.736, Yaw_err_deg: 1.421
Epoch: [9/23], Batch: 960/2963, Loss: 108.318, Trans_L2_m: 0.622, Yaw_err_deg: 2.450
Epoch: [9/23], Batch: 970/2963, Loss: 82.793, Trans_L2_m: 0.424, Yaw_err_deg: 1.876
Epoch: [9/23], Batch: 980/2963, Loss: 136.749, Trans_L2_m: 0.742, Yaw_err_deg: 2.038
Epoch: [9/23], Batch: 990/2963, Loss: 71.115, Trans_L2_m: 0.600, Yaw_err_deg: 1.362
Epoch: [9/23], Batch: 1000/2963, Loss: 82.102, Trans_L2_m: 0.385, Yaw_err_deg: 2.010
Epoch: [9/23], Batch: 1010/2963, Loss: 73.282, Trans_L2_m: 0.587, Yaw_err_deg: 1.539
Epoch: [9/23], Batch: 1020/2963, Loss: 64.833, Trans_L2_m: 0.351, Yaw_err_deg: 1.472
Epoch: [9/23], Batch: 1030/2963, Loss: 108.865, Trans_L2_m: 0.403, Yaw_err_deg: 2.559
Epoch: [9/23], Batch: 1040/2963, Loss: 101.150, Trans_L2_m: 0.565, Yaw_err_deg: 2.159
Epoch: [9/23], Batch: 1050/2963, Loss: 65.891, Trans_L2_m: 0.519, Yaw_err_deg: 1.175
Epoch: [9/23], Batch: 1060/2963, Loss: 94.674, Trans_L2_m: 0.572, Yaw_err_deg: 2.067
Epoch: [9/23], Batch: 1070/2963, Loss: 59.568, Trans_L2_m: 0.381, Yaw_err_deg: 1.148
Epoch: [9/23], Batch: 1080/2963, Loss: 84.293, Trans_L2_m: 0.417, Yaw_err_deg: 1.959
Epoch: [9/23], Batch: 1090/2963, Loss: 61.540, Trans_L2_m: 0.487, Yaw_err_deg: 1.294
Epoch: [9/23], Batch: 1100/2963, Loss: 73.972, Trans_L2_m: 0.406, Yaw_err_deg: 1.751
Epoch: [9/23], Batch: 1110/2963, Loss: 67.505, Trans_L2_m: 0.562, Yaw_err_deg: 1.240
Epoch: [9/23], Batch: 1120/2963, Loss: 106.689, Trans_L2_m: 0.505, Yaw_err_deg: 2.235
Epoch: [9/23], Batch: 1130/2963, Loss: 75.074, Trans_L2_m: 0.440, Yaw_err_deg: 1.638
Epoch: [9/23], Batch: 1140/2963, Loss: 87.366, Trans_L2_m: 0.388, Yaw_err_deg: 2.120
Epoch: [9/23], Batch: 1150/2963, Loss: 92.138, Trans_L2_m: 0.630, Yaw_err_deg: 1.238
Epoch: [9/23], Batch: 1160/2963, Loss: 113.534, Trans_L2_m: 0.504, Yaw_err_deg: 1.766
Epoch: [9/23], Batch: 1170/2963, Loss: 133.055, Trans_L2_m: 0.481, Yaw_err_deg: 3.073
Epoch: [9/23], Batch: 1180/2963, Loss: 59.951, Trans_L2_m: 0.481, Yaw_err_deg: 1.262
Epoch: [9/23], Batch: 1190/2963, Loss: 77.738, Trans_L2_m: 0.683, Yaw_err_deg: 1.694
Epoch: [9/23], Batch: 1200/2963, Loss: 71.472, Trans_L2_m: 0.462, Yaw_err_deg: 2.030
Epoch: [9/23], Batch: 1210/2963, Loss: 92.247, Trans_L2_m: 0.431, Yaw_err_deg: 2.255
Epoch: [9/23], Batch: 1220/2963, Loss: 63.609, Trans_L2_m: 0.536, Yaw_err_deg: 1.343
Epoch: [9/23], Batch: 1230/2963, Loss: 89.098, Trans_L2_m: 0.507, Yaw_err_deg: 1.972
Epoch: [9/23], Batch: 1240/2963, Loss: 71.581, Trans_L2_m: 0.564, Yaw_err_deg: 1.359
Epoch: [9/23], Batch: 1250/2963, Loss: 155.885, Trans_L2_m: 0.460, Yaw_err_deg: 2.824
Epoch: [9/23], Batch: 1260/2963, Loss: 95.709, Trans_L2_m: 0.523, Yaw_err_deg: 1.713
Epoch: [9/23], Batch: 1270/2963, Loss: 84.694, Trans_L2_m: 0.495, Yaw_err_deg: 1.661
Epoch: [9/23], Batch: 1280/2963, Loss: 119.167, Trans_L2_m: 0.454, Yaw_err_deg: 2.113
Epoch: [9/23], Batch: 1290/2963, Loss: 69.559, Trans_L2_m: 0.636, Yaw_err_deg: 1.165
Epoch: [9/23], Batch: 1300/2963, Loss: 64.213, Trans_L2_m: 0.569, Yaw_err_deg: 1.365
Epoch: [9/23], Batch: 1310/2963, Loss: 101.924, Trans_L2_m: 0.533, Yaw_err_deg: 2.440
Epoch: [9/23], Batch: 1320/2963, Loss: 126.978, Trans_L2_m: 0.568, Yaw_err_deg: 1.949
Epoch: [9/23], Batch: 1330/2963, Loss: 113.273, Trans_L2_m: 0.624, Yaw_err_deg: 2.786
Epoch: [9/23], Batch: 1340/2963, Loss: 89.222, Trans_L2_m: 0.472, Yaw_err_deg: 1.997
Epoch: [9/23], Batch: 1350/2963, Loss: 73.210, Trans_L2_m: 0.601, Yaw_err_deg: 1.405
Epoch: [9/23], Batch: 1360/2963, Loss: 58.730, Trans_L2_m: 0.375, Yaw_err_deg: 1.309
Epoch: [9/23], Batch: 1370/2963, Loss: 60.149, Trans_L2_m: 0.341, Yaw_err_deg: 1.386
Epoch: [9/23], Batch: 1380/2963, Loss: 81.183, Trans_L2_m: 0.569, Yaw_err_deg: 1.553
Epoch: [9/23], Batch: 1390/2963, Loss: 88.395, Trans_L2_m: 0.418, Yaw_err_deg: 1.630
Epoch: [9/23], Batch: 1400/2963, Loss: 103.883, Trans_L2_m: 0.445, Yaw_err_deg: 2.604
Epoch: [9/23], Batch: 1410/2963, Loss: 71.621, Trans_L2_m: 0.531, Yaw_err_deg: 1.239
Epoch: [9/23], Batch: 1420/2963, Loss: 84.258, Trans_L2_m: 0.696, Yaw_err_deg: 1.558
Epoch: [9/23], Batch: 1430/2963, Loss: 58.880, Trans_L2_m: 0.587, Yaw_err_deg: 0.794
Epoch: [9/23], Batch: 1440/2963, Loss: 72.049, Trans_L2_m: 0.512, Yaw_err_deg: 1.695
Epoch: [9/23], Batch: 1450/2963, Loss: 115.216, Trans_L2_m: 0.507, Yaw_err_deg: 3.046
Epoch: [9/23], Batch: 1460/2963, Loss: 71.409, Trans_L2_m: 0.522, Yaw_err_deg: 1.481
Epoch: [9/23], Batch: 1470/2963, Loss: 65.475, Trans_L2_m: 0.509, Yaw_err_deg: 1.129
Epoch: [9/23], Batch: 1480/2963, Loss: 85.904, Trans_L2_m: 0.477, Yaw_err_deg: 1.623
Epoch: [9/23], Batch: 1490/2963, Loss: 67.441, Trans_L2_m: 0.633, Yaw_err_deg: 0.934
Epoch: [9/23], Batch: 1500/2963, Loss: 76.851, Trans_L2_m: 0.449, Yaw_err_deg: 1.696
Epoch: [9/23], Batch: 1510/2963, Loss: 66.591, Trans_L2_m: 0.571, Yaw_err_deg: 1.350
Epoch: [9/23], Batch: 1520/2963, Loss: 64.161, Trans_L2_m: 0.576, Yaw_err_deg: 1.291
Epoch: [9/23], Batch: 1530/2963, Loss: 67.040, Trans_L2_m: 0.454, Yaw_err_deg: 1.317
Epoch: [9/23], Batch: 1540/2963, Loss: 93.978, Trans_L2_m: 0.653, Yaw_err_deg: 1.954
Epoch: [9/23], Batch: 1550/2963, Loss: 75.960, Trans_L2_m: 0.551, Yaw_err_deg: 1.480
Epoch: [9/23], Batch: 1560/2963, Loss: 66.019, Trans_L2_m: 0.430, Yaw_err_deg: 1.327
Epoch: [9/23], Batch: 1570/2963, Loss: 95.069, Trans_L2_m: 0.470, Yaw_err_deg: 2.099
Epoch: [9/23], Batch: 1580/2963, Loss: 91.116, Trans_L2_m: 0.348, Yaw_err_deg: 1.909
Epoch: [9/23], Batch: 1590/2963, Loss: 63.502, Trans_L2_m: 0.484, Yaw_err_deg: 1.188
Epoch: [9/23], Batch: 1600/2963, Loss: 71.337, Trans_L2_m: 0.545, Yaw_err_deg: 1.596
Epoch: [9/23], Batch: 1610/2963, Loss: 61.086, Trans_L2_m: 0.449, Yaw_err_deg: 1.158
Epoch: [9/23], Batch: 1620/2963, Loss: 76.252, Trans_L2_m: 0.433, Yaw_err_deg: 1.476
Epoch: [9/23], Batch: 1630/2963, Loss: 64.019, Trans_L2_m: 0.497, Yaw_err_deg: 1.110
Epoch: [9/23], Batch: 1640/2963, Loss: 72.265, Trans_L2_m: 0.710, Yaw_err_deg: 1.435
Epoch: [9/23], Batch: 1650/2963, Loss: 72.235, Trans_L2_m: 0.360, Yaw_err_deg: 1.564
Epoch: [9/23], Batch: 1660/2963, Loss: 114.716, Trans_L2_m: 0.468, Yaw_err_deg: 2.392
Epoch: [9/23], Batch: 1670/2963, Loss: 101.194, Trans_L2_m: 0.508, Yaw_err_deg: 2.238
Epoch: [9/23], Batch: 1680/2963, Loss: 86.949, Trans_L2_m: 0.595, Yaw_err_deg: 1.698
Epoch: [9/23], Batch: 1690/2963, Loss: 84.441, Trans_L2_m: 0.557, Yaw_err_deg: 1.876
Epoch: [9/23], Batch: 1700/2963, Loss: 66.978, Trans_L2_m: 0.529, Yaw_err_deg: 1.459
Epoch: [9/23], Batch: 1710/2963, Loss: 80.660, Trans_L2_m: 0.641, Yaw_err_deg: 1.604
Epoch: [9/23], Batch: 1720/2963, Loss: 71.939, Trans_L2_m: 0.498, Yaw_err_deg: 1.248
Epoch: [9/23], Batch: 1730/2963, Loss: 93.277, Trans_L2_m: 0.621, Yaw_err_deg: 2.041
Epoch: [9/23], Batch: 1740/2963, Loss: 72.417, Trans_L2_m: 0.513, Yaw_err_deg: 1.755
Epoch: [9/23], Batch: 1750/2963, Loss: 59.253, Trans_L2_m: 0.383, Yaw_err_deg: 1.126
Epoch: [9/23], Batch: 1760/2963, Loss: 57.770, Trans_L2_m: 0.485, Yaw_err_deg: 0.962
Epoch: [9/23], Batch: 1770/2963, Loss: 91.369, Trans_L2_m: 0.631, Yaw_err_deg: 1.608
Epoch: [9/23], Batch: 1780/2963, Loss: 61.615, Trans_L2_m: 0.407, Yaw_err_deg: 1.118
Epoch: [9/23], Batch: 1790/2963, Loss: 94.810, Trans_L2_m: 0.548, Yaw_err_deg: 1.671
Epoch: [9/23], Batch: 1800/2963, Loss: 72.866, Trans_L2_m: 0.486, Yaw_err_deg: 1.588
Epoch: [9/23], Batch: 1810/2963, Loss: 94.855, Trans_L2_m: 0.415, Yaw_err_deg: 2.242
Epoch: [9/23], Batch: 1820/2963, Loss: 64.416, Trans_L2_m: 0.474, Yaw_err_deg: 1.168
Epoch: [9/23], Batch: 1830/2963, Loss: 93.477, Trans_L2_m: 0.541, Yaw_err_deg: 2.095
Epoch: [9/23], Batch: 1840/2963, Loss: 72.242, Trans_L2_m: 0.511, Yaw_err_deg: 1.392
Epoch: [9/23], Batch: 1850/2963, Loss: 78.203, Trans_L2_m: 0.475, Yaw_err_deg: 1.387
Epoch: [9/23], Batch: 1860/2963, Loss: 77.503, Trans_L2_m: 0.526, Yaw_err_deg: 1.625
Epoch: [9/23], Batch: 1870/2963, Loss: 61.676, Trans_L2_m: 0.637, Yaw_err_deg: 1.235
Epoch: [9/23], Batch: 1880/2963, Loss: 92.500, Trans_L2_m: 0.685, Yaw_err_deg: 1.977
Epoch: [9/23], Batch: 1890/2963, Loss: 67.678, Trans_L2_m: 0.531, Yaw_err_deg: 1.099
Epoch: [9/23], Batch: 1900/2963, Loss: 98.943, Trans_L2_m: 0.549, Yaw_err_deg: 1.753
Epoch: [9/23], Batch: 1910/2963, Loss: 67.340, Trans_L2_m: 0.483, Yaw_err_deg: 1.402
Epoch: [9/23], Batch: 1920/2963, Loss: 61.148, Trans_L2_m: 0.620, Yaw_err_deg: 1.282
Epoch: [9/23], Batch: 1930/2963, Loss: 79.955, Trans_L2_m: 0.451, Yaw_err_deg: 1.825
Epoch: [9/23], Batch: 1940/2963, Loss: 67.622, Trans_L2_m: 0.476, Yaw_err_deg: 1.164
Epoch: [9/23], Batch: 1950/2963, Loss: 70.861, Trans_L2_m: 0.498, Yaw_err_deg: 1.153
Epoch: [9/23], Batch: 1960/2963, Loss: 64.773, Trans_L2_m: 0.529, Yaw_err_deg: 1.286
Epoch: [9/23], Batch: 1970/2963, Loss: 70.264, Trans_L2_m: 0.498, Yaw_err_deg: 1.354
Epoch: [9/23], Batch: 1980/2963, Loss: 115.511, Trans_L2_m: 0.440, Yaw_err_deg: 2.457
Epoch: [9/23], Batch: 1990/2963, Loss: 67.000, Trans_L2_m: 0.403, Yaw_err_deg: 1.491
Epoch: [9/23], Batch: 2000/2963, Loss: 74.774, Trans_L2_m: 0.669, Yaw_err_deg: 1.556
Epoch: [9/23], Batch: 2010/2963, Loss: 74.570, Trans_L2_m: 0.564, Yaw_err_deg: 1.665
Epoch: [9/23], Batch: 2020/2963, Loss: 72.458, Trans_L2_m: 0.569, Yaw_err_deg: 1.380
Epoch: [9/23], Batch: 2030/2963, Loss: 69.041, Trans_L2_m: 0.496, Yaw_err_deg: 1.017
Epoch: [9/23], Batch: 2040/2963, Loss: 65.046, Trans_L2_m: 0.513, Yaw_err_deg: 1.306
Epoch: [9/23], Batch: 2050/2963, Loss: 71.260, Trans_L2_m: 0.636, Yaw_err_deg: 1.317
Epoch: [9/23], Batch: 2060/2963, Loss: 60.233, Trans_L2_m: 0.464, Yaw_err_deg: 1.111
Epoch: [9/23], Batch: 2070/2963, Loss: 154.366, Trans_L2_m: 0.692, Yaw_err_deg: 1.806
Epoch: [9/23], Batch: 2080/2963, Loss: 66.233, Trans_L2_m: 0.644, Yaw_err_deg: 1.387
Epoch: [9/23], Batch: 2090/2963, Loss: 70.509, Trans_L2_m: 0.650, Yaw_err_deg: 0.849
Epoch: [9/23], Batch: 2100/2963, Loss: 87.594, Trans_L2_m: 0.764, Yaw_err_deg: 1.656
Epoch: [9/23], Batch: 2110/2963, Loss: 76.832, Trans_L2_m: 0.585, Yaw_err_deg: 1.589
Epoch: [9/23], Batch: 2120/2963, Loss: 82.354, Trans_L2_m: 0.497, Yaw_err_deg: 1.742
Epoch: [9/23], Batch: 2130/2963, Loss: 71.270, Trans_L2_m: 0.601, Yaw_err_deg: 1.406
Epoch: [9/23], Batch: 2140/2963, Loss: 138.844, Trans_L2_m: 0.437, Yaw_err_deg: 2.249
Epoch: [9/23], Batch: 2150/2963, Loss: 74.919, Trans_L2_m: 0.589, Yaw_err_deg: 1.552
Epoch: [9/23], Batch: 2160/2963, Loss: 91.199, Trans_L2_m: 0.463, Yaw_err_deg: 2.214
Epoch: [9/23], Batch: 2170/2963, Loss: 60.568, Trans_L2_m: 0.647, Yaw_err_deg: 0.859
Epoch: [9/23], Batch: 2180/2963, Loss: 95.353, Trans_L2_m: 0.486, Yaw_err_deg: 2.047
Epoch: [9/23], Batch: 2190/2963, Loss: 65.799, Trans_L2_m: 0.515, Yaw_err_deg: 1.359
Epoch: [9/23], Batch: 2200/2963, Loss: 57.564, Trans_L2_m: 0.450, Yaw_err_deg: 1.022
Epoch: [9/23], Batch: 2210/2963, Loss: 72.327, Trans_L2_m: 0.557, Yaw_err_deg: 1.662
Epoch: [9/23], Batch: 2220/2963, Loss: 81.808, Trans_L2_m: 0.378, Yaw_err_deg: 2.075
Epoch: [9/23], Batch: 2230/2963, Loss: 89.156, Trans_L2_m: 0.528, Yaw_err_deg: 1.959
Epoch: [9/23], Batch: 2240/2963, Loss: 64.941, Trans_L2_m: 0.557, Yaw_err_deg: 1.116
Epoch: [9/23], Batch: 2250/2963, Loss: 72.192, Trans_L2_m: 0.453, Yaw_err_deg: 1.657
Epoch: [9/23], Batch: 2260/2963, Loss: 59.258, Trans_L2_m: 0.445, Yaw_err_deg: 0.865
Epoch: [9/23], Batch: 2270/2963, Loss: 105.399, Trans_L2_m: 0.478, Yaw_err_deg: 2.187
Epoch: [9/23], Batch: 2280/2963, Loss: 59.768, Trans_L2_m: 0.507, Yaw_err_deg: 1.114
Epoch: [9/23], Batch: 2290/2963, Loss: 71.197, Trans_L2_m: 0.541, Yaw_err_deg: 1.561
Epoch: [9/23], Batch: 2300/2963, Loss: 67.637, Trans_L2_m: 0.351, Yaw_err_deg: 1.447
Epoch: [9/23], Batch: 2310/2963, Loss: 92.036, Trans_L2_m: 0.542, Yaw_err_deg: 1.868
Epoch: [9/23], Batch: 2320/2963, Loss: 60.127, Trans_L2_m: 0.438, Yaw_err_deg: 1.409
Epoch: [9/23], Batch: 2330/2963, Loss: 55.026, Trans_L2_m: 0.371, Yaw_err_deg: 1.060
Epoch: [9/23], Batch: 2340/2963, Loss: 76.591, Trans_L2_m: 0.304, Yaw_err_deg: 1.652
Epoch: [9/23], Batch: 2350/2963, Loss: 63.626, Trans_L2_m: 0.466, Yaw_err_deg: 1.297
Epoch: [9/23], Batch: 2360/2963, Loss: 92.204, Trans_L2_m: 0.504, Yaw_err_deg: 1.954
Epoch: [9/23], Batch: 2370/2963, Loss: 66.298, Trans_L2_m: 0.470, Yaw_err_deg: 1.156
Epoch: [9/23], Batch: 2380/2963, Loss: 71.421, Trans_L2_m: 0.509, Yaw_err_deg: 1.489
Epoch: [9/23], Batch: 2390/2963, Loss: 67.065, Trans_L2_m: 0.390, Yaw_err_deg: 1.567
Epoch: [9/23], Batch: 2400/2963, Loss: 76.233, Trans_L2_m: 0.557, Yaw_err_deg: 1.776
Epoch: [9/23], Batch: 2410/2963, Loss: 75.169, Trans_L2_m: 0.401, Yaw_err_deg: 1.820
Epoch: [9/23], Batch: 2420/2963, Loss: 77.966, Trans_L2_m: 0.501, Yaw_err_deg: 1.834
Epoch: [9/23], Batch: 2430/2963, Loss: 75.643, Trans_L2_m: 0.452, Yaw_err_deg: 1.819
Epoch: [9/23], Batch: 2440/2963, Loss: 87.993, Trans_L2_m: 0.585, Yaw_err_deg: 1.966
Epoch: [9/23], Batch: 2450/2963, Loss: 90.827, Trans_L2_m: 0.527, Yaw_err_deg: 2.113
Epoch: [9/23], Batch: 2460/2963, Loss: 64.910, Trans_L2_m: 0.637, Yaw_err_deg: 1.206
Epoch: [9/23], Batch: 2470/2963, Loss: 68.249, Trans_L2_m: 0.470, Yaw_err_deg: 1.333
Epoch: [9/23], Batch: 2480/2963, Loss: 68.576, Trans_L2_m: 0.557, Yaw_err_deg: 1.610
Epoch: [9/23], Batch: 2490/2963, Loss: 69.029, Trans_L2_m: 0.490, Yaw_err_deg: 1.329
Epoch: [9/23], Batch: 2500/2963, Loss: 78.240, Trans_L2_m: 0.590, Yaw_err_deg: 1.594
Epoch: [9/23], Batch: 2510/2963, Loss: 68.674, Trans_L2_m: 0.656, Yaw_err_deg: 1.252
Epoch: [9/23], Batch: 2520/2963, Loss: 74.355, Trans_L2_m: 0.608, Yaw_err_deg: 1.309
Epoch: [9/23], Batch: 2530/2963, Loss: 82.720, Trans_L2_m: 0.661, Yaw_err_deg: 1.730
Epoch: [9/23], Batch: 2540/2963, Loss: 99.335, Trans_L2_m: 0.671, Yaw_err_deg: 2.134
Epoch: [9/23], Batch: 2550/2963, Loss: 130.813, Trans_L2_m: 0.467, Yaw_err_deg: 2.654
Epoch: [9/23], Batch: 2560/2963, Loss: 68.608, Trans_L2_m: 0.613, Yaw_err_deg: 1.242
Epoch: [9/23], Batch: 2570/2963, Loss: 94.911, Trans_L2_m: 0.387, Yaw_err_deg: 2.292
Epoch: [9/23], Batch: 2580/2963, Loss: 87.974, Trans_L2_m: 0.615, Yaw_err_deg: 1.570
Epoch: [9/23], Batch: 2590/2963, Loss: 82.750, Trans_L2_m: 0.495, Yaw_err_deg: 1.925
Epoch: [9/23], Batch: 2600/2963, Loss: 64.973, Trans_L2_m: 0.492, Yaw_err_deg: 1.144
Epoch: [9/23], Batch: 2610/2963, Loss: 74.730, Trans_L2_m: 0.580, Yaw_err_deg: 1.281
Epoch: [9/23], Batch: 2620/2963, Loss: 76.506, Trans_L2_m: 0.518, Yaw_err_deg: 1.635
Epoch: [9/23], Batch: 2630/2963, Loss: 73.020, Trans_L2_m: 0.557, Yaw_err_deg: 1.422
Epoch: [9/23], Batch: 2640/2963, Loss: 79.825, Trans_L2_m: 0.478, Yaw_err_deg: 1.823
Epoch: [9/23], Batch: 2650/2963, Loss: 59.159, Trans_L2_m: 0.430, Yaw_err_deg: 1.240
Epoch: [9/23], Batch: 2660/2963, Loss: 80.546, Trans_L2_m: 0.397, Yaw_err_deg: 2.025
Epoch: [9/23], Batch: 2670/2963, Loss: 79.954, Trans_L2_m: 0.574, Yaw_err_deg: 1.706
Epoch: [9/23], Batch: 2680/2963, Loss: 168.385, Trans_L2_m: 0.443, Yaw_err_deg: 3.176
Epoch: [9/23], Batch: 2690/2963, Loss: 88.189, Trans_L2_m: 0.510, Yaw_err_deg: 1.928
Epoch: [9/23], Batch: 2700/2963, Loss: 61.972, Trans_L2_m: 0.564, Yaw_err_deg: 1.134
Epoch: [9/23], Batch: 2710/2963, Loss: 67.579, Trans_L2_m: 0.552, Yaw_err_deg: 1.427
Epoch: [9/23], Batch: 2720/2963, Loss: 68.485, Trans_L2_m: 0.479, Yaw_err_deg: 1.409
Epoch: [9/23], Batch: 2730/2963, Loss: 71.715, Trans_L2_m: 0.446, Yaw_err_deg: 1.664
Epoch: [9/23], Batch: 2740/2963, Loss: 67.332, Trans_L2_m: 0.590, Yaw_err_deg: 1.330
Epoch: [9/23], Batch: 2750/2963, Loss: 147.728, Trans_L2_m: 0.407, Yaw_err_deg: 2.356
Epoch: [9/23], Batch: 2760/2963, Loss: 66.772, Trans_L2_m: 0.682, Yaw_err_deg: 1.309
Epoch: [9/23], Batch: 2770/2963, Loss: 69.638, Trans_L2_m: 0.561, Yaw_err_deg: 1.452
Epoch: [9/23], Batch: 2780/2963, Loss: 99.186, Trans_L2_m: 0.618, Yaw_err_deg: 2.018
Epoch: [9/23], Batch: 2790/2963, Loss: 66.267, Trans_L2_m: 0.431, Yaw_err_deg: 1.619
Epoch: [9/23], Batch: 2800/2963, Loss: 54.205, Trans_L2_m: 0.549, Yaw_err_deg: 1.090
Epoch: [9/23], Batch: 2810/2963, Loss: 90.500, Trans_L2_m: 0.690, Yaw_err_deg: 1.961
Epoch: [9/23], Batch: 2820/2963, Loss: 65.247, Trans_L2_m: 0.350, Yaw_err_deg: 1.541
Epoch: [9/23], Batch: 2830/2963, Loss: 161.265, Trans_L2_m: 0.871, Yaw_err_deg: 2.933
Epoch: [9/23], Batch: 2840/2963, Loss: 77.949, Trans_L2_m: 0.409, Yaw_err_deg: 1.511
Epoch: [9/23], Batch: 2850/2963, Loss: 70.570, Trans_L2_m: 0.528, Yaw_err_deg: 1.276
Epoch: [9/23], Batch: 2860/2963, Loss: 92.661, Trans_L2_m: 0.557, Yaw_err_deg: 2.077
Epoch: [9/23], Batch: 2870/2963, Loss: 65.982, Trans_L2_m: 0.568, Yaw_err_deg: 0.860
Epoch: [9/23], Batch: 2880/2963, Loss: 65.788, Trans_L2_m: 0.426, Yaw_err_deg: 1.398
Epoch: [9/23], Batch: 2890/2963, Loss: 72.545, Trans_L2_m: 0.624, Yaw_err_deg: 1.340
Epoch: [9/23], Batch: 2900/2963, Loss: 76.499, Trans_L2_m: 0.589, Yaw_err_deg: 1.514
Epoch: [9/23], Batch: 2910/2963, Loss: 63.161, Trans_L2_m: 0.487, Yaw_err_deg: 1.277
Epoch: [9/23], Batch: 2920/2963, Loss: 86.744, Trans_L2_m: 0.641, Yaw_err_deg: 1.652
Epoch: [9/23], Batch: 2930/2963, Loss: 90.711, Trans_L2_m: 0.556, Yaw_err_deg: 2.013
Epoch: [9/23], Batch: 2940/2963, Loss: 79.723, Trans_L2_m: 0.714, Yaw_err_deg: 1.599
Epoch: [9/23], Batch: 2950/2963, Loss: 75.090, Trans_L2_m: 0.586, Yaw_err_deg: 1.625
Epoch: [9/23], Batch: 2960/2963, Loss: 192.065, Trans_L2_m: 0.471, Yaw_err_deg: 3.260
Validation loss (homography): 974.1423
Avg batch time: 1003.56 ms, total: 325.402 s
[1;91mVal has no improvement vs 805.7615356445312![0m
Epoch: [10/23], Batch: 0/2963, Loss: 85.980, Trans_L2_m: 0.392, Yaw_err_deg: 1.883
Epoch: [10/23], Batch: 10/2963, Loss: 104.571, Trans_L2_m: 0.479, Yaw_err_deg: 2.543
Epoch: [10/23], Batch: 20/2963, Loss: 61.228, Trans_L2_m: 0.423, Yaw_err_deg: 1.293
Epoch: [10/23], Batch: 30/2963, Loss: 82.839, Trans_L2_m: 0.422, Yaw_err_deg: 2.071
Epoch: [10/23], Batch: 40/2963, Loss: 92.986, Trans_L2_m: 0.751, Yaw_err_deg: 1.818
Epoch: [10/23], Batch: 50/2963, Loss: 64.754, Trans_L2_m: 0.449, Yaw_err_deg: 1.442
Epoch: [10/23], Batch: 60/2963, Loss: 64.224, Trans_L2_m: 0.526, Yaw_err_deg: 1.242
Epoch: [10/23], Batch: 70/2963, Loss: 181.599, Trans_L2_m: 0.498, Yaw_err_deg: 3.110
Epoch: [10/23], Batch: 80/2963, Loss: 77.214, Trans_L2_m: 0.359, Yaw_err_deg: 1.577
Epoch: [10/23], Batch: 90/2963, Loss: 78.536, Trans_L2_m: 0.502, Yaw_err_deg: 1.839
Epoch: [10/23], Batch: 100/2963, Loss: 79.215, Trans_L2_m: 0.473, Yaw_err_deg: 2.019
Epoch: [10/23], Batch: 110/2963, Loss: 127.558, Trans_L2_m: 0.619, Yaw_err_deg: 2.357
Epoch: [10/23], Batch: 120/2963, Loss: 76.538, Trans_L2_m: 0.516, Yaw_err_deg: 1.331
Epoch: [10/23], Batch: 130/2963, Loss: 100.331, Trans_L2_m: 0.453, Yaw_err_deg: 2.010
Epoch: [10/23], Batch: 140/2963, Loss: 102.682, Trans_L2_m: 0.515, Yaw_err_deg: 1.946
Epoch: [10/23], Batch: 150/2963, Loss: 70.047, Trans_L2_m: 0.381, Yaw_err_deg: 1.206
Epoch: [10/23], Batch: 160/2963, Loss: 81.538, Trans_L2_m: 0.618, Yaw_err_deg: 1.655
Epoch: [10/23], Batch: 170/2963, Loss: 62.779, Trans_L2_m: 0.441, Yaw_err_deg: 1.522
Epoch: [10/23], Batch: 180/2963, Loss: 67.524, Trans_L2_m: 0.524, Yaw_err_deg: 1.346
Epoch: [10/23], Batch: 190/2963, Loss: 74.129, Trans_L2_m: 0.406, Yaw_err_deg: 1.735
Epoch: [10/23], Batch: 200/2963, Loss: 73.713, Trans_L2_m: 0.505, Yaw_err_deg: 1.513
Epoch: [10/23], Batch: 210/2963, Loss: 65.156, Trans_L2_m: 0.510, Yaw_err_deg: 1.462
Epoch: [10/23], Batch: 220/2963, Loss: 66.247, Trans_L2_m: 0.472, Yaw_err_deg: 1.458
Epoch: [10/23], Batch: 230/2963, Loss: 94.526, Trans_L2_m: 0.564, Yaw_err_deg: 1.929
Epoch: [10/23], Batch: 240/2963, Loss: 77.532, Trans_L2_m: 0.497, Yaw_err_deg: 1.673
Epoch: [10/23], Batch: 250/2963, Loss: 84.276, Trans_L2_m: 0.638, Yaw_err_deg: 1.706
Epoch: [10/23], Batch: 260/2963, Loss: 78.481, Trans_L2_m: 0.437, Yaw_err_deg: 1.649
Epoch: [10/23], Batch: 270/2963, Loss: 242.805, Trans_L2_m: 0.521, Yaw_err_deg: 3.285
Epoch: [10/23], Batch: 280/2963, Loss: 73.116, Trans_L2_m: 0.621, Yaw_err_deg: 1.681
Epoch: [10/23], Batch: 290/2963, Loss: 83.686, Trans_L2_m: 0.596, Yaw_err_deg: 1.475
Epoch: [10/23], Batch: 300/2963, Loss: 83.437, Trans_L2_m: 0.473, Yaw_err_deg: 2.007
Epoch: [10/23], Batch: 310/2963, Loss: 74.766, Trans_L2_m: 0.514, Yaw_err_deg: 1.512
Epoch: [10/23], Batch: 320/2963, Loss: 80.413, Trans_L2_m: 0.652, Yaw_err_deg: 1.757
Epoch: [10/23], Batch: 330/2963, Loss: 174.455, Trans_L2_m: 0.554, Yaw_err_deg: 3.018
Epoch: [10/23], Batch: 340/2963, Loss: 75.041, Trans_L2_m: 0.428, Yaw_err_deg: 1.702
Epoch: [10/23], Batch: 350/2963, Loss: 72.177, Trans_L2_m: 0.478, Yaw_err_deg: 1.639
Epoch: [10/23], Batch: 360/2963, Loss: 65.454, Trans_L2_m: 0.543, Yaw_err_deg: 1.370
Epoch: [10/23], Batch: 370/2963, Loss: 132.806, Trans_L2_m: 0.673, Yaw_err_deg: 2.332
Epoch: [10/23], Batch: 380/2963, Loss: 75.752, Trans_L2_m: 0.671, Yaw_err_deg: 1.439
Epoch: [10/23], Batch: 390/2963, Loss: 68.607, Trans_L2_m: 0.571, Yaw_err_deg: 1.681
Epoch: [10/23], Batch: 400/2963, Loss: 85.511, Trans_L2_m: 0.427, Yaw_err_deg: 1.680
Epoch: [10/23], Batch: 410/2963, Loss: 60.212, Trans_L2_m: 0.439, Yaw_err_deg: 1.226
Epoch: [10/23], Batch: 420/2963, Loss: 58.451, Trans_L2_m: 0.526, Yaw_err_deg: 1.162
Epoch: [10/23], Batch: 430/2963, Loss: 70.592, Trans_L2_m: 0.566, Yaw_err_deg: 1.729
Epoch: [10/23], Batch: 440/2963, Loss: 108.123, Trans_L2_m: 0.601, Yaw_err_deg: 2.356
Epoch: [10/23], Batch: 450/2963, Loss: 74.930, Trans_L2_m: 0.497, Yaw_err_deg: 1.655
Epoch: [10/23], Batch: 460/2963, Loss: 85.392, Trans_L2_m: 0.461, Yaw_err_deg: 2.144
Epoch: [10/23], Batch: 470/2963, Loss: 55.655, Trans_L2_m: 0.439, Yaw_err_deg: 1.010
Epoch: [10/23], Batch: 480/2963, Loss: 66.659, Trans_L2_m: 0.612, Yaw_err_deg: 1.314
Epoch: [10/23], Batch: 490/2963, Loss: 70.212, Trans_L2_m: 0.758, Yaw_err_deg: 0.784
Epoch: [10/23], Batch: 500/2963, Loss: 74.884, Trans_L2_m: 0.676, Yaw_err_deg: 1.480
Epoch: [10/23], Batch: 510/2963, Loss: 67.561, Trans_L2_m: 0.589, Yaw_err_deg: 1.462
Epoch: [10/23], Batch: 520/2963, Loss: 82.939, Trans_L2_m: 0.387, Yaw_err_deg: 2.154
Epoch: [10/23], Batch: 530/2963, Loss: 72.311, Trans_L2_m: 0.544, Yaw_err_deg: 1.433
Epoch: [10/23], Batch: 540/2963, Loss: 69.634, Trans_L2_m: 0.503, Yaw_err_deg: 1.402
Epoch: [10/23], Batch: 550/2963, Loss: 72.677, Trans_L2_m: 0.577, Yaw_err_deg: 1.511
Epoch: [10/23], Batch: 560/2963, Loss: 84.286, Trans_L2_m: 0.616, Yaw_err_deg: 1.404
Epoch: [10/23], Batch: 570/2963, Loss: 74.044, Trans_L2_m: 0.637, Yaw_err_deg: 1.459
Epoch: [10/23], Batch: 580/2963, Loss: 61.111, Trans_L2_m: 0.501, Yaw_err_deg: 1.475
Epoch: [10/23], Batch: 590/2963, Loss: 77.025, Trans_L2_m: 0.629, Yaw_err_deg: 1.842
Epoch: [10/23], Batch: 600/2963, Loss: 79.080, Trans_L2_m: 0.550, Yaw_err_deg: 1.739
Epoch: [10/23], Batch: 610/2963, Loss: 57.020, Trans_L2_m: 0.401, Yaw_err_deg: 1.124
Epoch: [10/23], Batch: 620/2963, Loss: 83.218, Trans_L2_m: 0.516, Yaw_err_deg: 1.492
Epoch: [10/23], Batch: 630/2963, Loss: 61.964, Trans_L2_m: 0.463, Yaw_err_deg: 1.275
Epoch: [10/23], Batch: 640/2963, Loss: 77.153, Trans_L2_m: 0.592, Yaw_err_deg: 1.533
Epoch: [10/23], Batch: 650/2963, Loss: 51.288, Trans_L2_m: 0.388, Yaw_err_deg: 0.987
Epoch: [10/23], Batch: 660/2963, Loss: 85.635, Trans_L2_m: 0.522, Yaw_err_deg: 1.739
Epoch: [10/23], Batch: 670/2963, Loss: 71.612, Trans_L2_m: 0.593, Yaw_err_deg: 1.459
Epoch: [10/23], Batch: 680/2963, Loss: 106.794, Trans_L2_m: 0.337, Yaw_err_deg: 2.149
Epoch: [10/23], Batch: 690/2963, Loss: 51.014, Trans_L2_m: 0.396, Yaw_err_deg: 1.099
Epoch: [10/23], Batch: 700/2963, Loss: 150.623, Trans_L2_m: 0.655, Yaw_err_deg: 2.247
Epoch: [10/23], Batch: 710/2963, Loss: 67.815, Trans_L2_m: 0.503, Yaw_err_deg: 1.566
Epoch: [10/23], Batch: 720/2963, Loss: 61.103, Trans_L2_m: 0.327, Yaw_err_deg: 1.208
Epoch: [10/23], Batch: 730/2963, Loss: 82.950, Trans_L2_m: 0.437, Yaw_err_deg: 1.583
Epoch: [10/23], Batch: 740/2963, Loss: 63.317, Trans_L2_m: 0.550, Yaw_err_deg: 1.218
Epoch: [10/23], Batch: 750/2963, Loss: 70.470, Trans_L2_m: 0.469, Yaw_err_deg: 1.245
Epoch: [10/23], Batch: 760/2963, Loss: 82.900, Trans_L2_m: 0.675, Yaw_err_deg: 1.595
Epoch: [10/23], Batch: 770/2963, Loss: 71.815, Trans_L2_m: 0.640, Yaw_err_deg: 1.541
Epoch: [10/23], Batch: 780/2963, Loss: 69.788, Trans_L2_m: 0.655, Yaw_err_deg: 1.398
Epoch: [10/23], Batch: 790/2963, Loss: 63.720, Trans_L2_m: 0.512, Yaw_err_deg: 1.104
Epoch: [10/23], Batch: 800/2963, Loss: 60.446, Trans_L2_m: 0.532, Yaw_err_deg: 1.252
Epoch: [10/23], Batch: 810/2963, Loss: 95.691, Trans_L2_m: 0.527, Yaw_err_deg: 2.254
Epoch: [10/23], Batch: 820/2963, Loss: 69.406, Trans_L2_m: 0.433, Yaw_err_deg: 1.113
Epoch: [10/23], Batch: 830/2963, Loss: 57.674, Trans_L2_m: 0.461, Yaw_err_deg: 1.025
Epoch: [10/23], Batch: 840/2963, Loss: 68.268, Trans_L2_m: 0.553, Yaw_err_deg: 1.083
Epoch: [10/23], Batch: 850/2963, Loss: 91.653, Trans_L2_m: 0.692, Yaw_err_deg: 1.656
Epoch: [10/23], Batch: 860/2963, Loss: 70.050, Trans_L2_m: 0.604, Yaw_err_deg: 1.249
Epoch: [10/23], Batch: 870/2963, Loss: 76.553, Trans_L2_m: 0.579, Yaw_err_deg: 1.555
Epoch: [10/23], Batch: 880/2963, Loss: 66.759, Trans_L2_m: 0.460, Yaw_err_deg: 1.478
Epoch: [10/23], Batch: 890/2963, Loss: 156.749, Trans_L2_m: 0.536, Yaw_err_deg: 2.652
Epoch: [10/23], Batch: 900/2963, Loss: 99.078, Trans_L2_m: 0.490, Yaw_err_deg: 2.383
Epoch: [10/23], Batch: 910/2963, Loss: 89.619, Trans_L2_m: 0.554, Yaw_err_deg: 2.116
Epoch: [10/23], Batch: 920/2963, Loss: 79.637, Trans_L2_m: 0.474, Yaw_err_deg: 1.773
Epoch: [10/23], Batch: 930/2963, Loss: 63.161, Trans_L2_m: 0.390, Yaw_err_deg: 1.487
Epoch: [10/23], Batch: 940/2963, Loss: 56.036, Trans_L2_m: 0.563, Yaw_err_deg: 1.035
Epoch: [10/23], Batch: 950/2963, Loss: 79.071, Trans_L2_m: 0.462, Yaw_err_deg: 1.526
Epoch: [10/23], Batch: 960/2963, Loss: 84.030, Trans_L2_m: 0.592, Yaw_err_deg: 2.104
Epoch: [10/23], Batch: 970/2963, Loss: 61.077, Trans_L2_m: 0.567, Yaw_err_deg: 1.307
Epoch: [10/23], Batch: 980/2963, Loss: 101.258, Trans_L2_m: 0.549, Yaw_err_deg: 2.367
Epoch: [10/23], Batch: 990/2963, Loss: 75.034, Trans_L2_m: 0.626, Yaw_err_deg: 1.508
Epoch: [10/23], Batch: 1000/2963, Loss: 63.762, Trans_L2_m: 0.409, Yaw_err_deg: 1.386
Epoch: [10/23], Batch: 1010/2963, Loss: 57.900, Trans_L2_m: 0.453, Yaw_err_deg: 1.007
Epoch: [10/23], Batch: 1020/2963, Loss: 64.027, Trans_L2_m: 0.382, Yaw_err_deg: 1.440
Epoch: [10/23], Batch: 1030/2963, Loss: 77.540, Trans_L2_m: 0.661, Yaw_err_deg: 1.300
Epoch: [10/23], Batch: 1040/2963, Loss: 74.473, Trans_L2_m: 0.487, Yaw_err_deg: 1.740
Epoch: [10/23], Batch: 1050/2963, Loss: 88.941, Trans_L2_m: 0.418, Yaw_err_deg: 2.116
Epoch: [10/23], Batch: 1060/2963, Loss: 70.054, Trans_L2_m: 0.604, Yaw_err_deg: 0.959
Epoch: [10/23], Batch: 1070/2963, Loss: 59.214, Trans_L2_m: 0.441, Yaw_err_deg: 0.724
Epoch: [10/23], Batch: 1080/2963, Loss: 60.781, Trans_L2_m: 0.359, Yaw_err_deg: 1.104
Epoch: [10/23], Batch: 1090/2963, Loss: 80.701, Trans_L2_m: 0.593, Yaw_err_deg: 1.630
Epoch: [10/23], Batch: 1100/2963, Loss: 78.672, Trans_L2_m: 0.557, Yaw_err_deg: 1.903
Epoch: [10/23], Batch: 1110/2963, Loss: 72.358, Trans_L2_m: 0.516, Yaw_err_deg: 1.402
Epoch: [10/23], Batch: 1120/2963, Loss: 64.276, Trans_L2_m: 0.425, Yaw_err_deg: 1.497
Epoch: [10/23], Batch: 1130/2963, Loss: 59.497, Trans_L2_m: 0.530, Yaw_err_deg: 0.782
Epoch: [10/23], Batch: 1140/2963, Loss: 82.738, Trans_L2_m: 0.538, Yaw_err_deg: 1.791
Epoch: [10/23], Batch: 1150/2963, Loss: 56.872, Trans_L2_m: 0.429, Yaw_err_deg: 1.405
Epoch: [10/23], Batch: 1160/2963, Loss: 78.256, Trans_L2_m: 0.520, Yaw_err_deg: 1.743
Epoch: [10/23], Batch: 1170/2963, Loss: 79.841, Trans_L2_m: 0.644, Yaw_err_deg: 1.600
Epoch: [10/23], Batch: 1180/2963, Loss: 80.567, Trans_L2_m: 0.542, Yaw_err_deg: 1.545
Epoch: [10/23], Batch: 1190/2963, Loss: 72.716, Trans_L2_m: 0.440, Yaw_err_deg: 1.671
Epoch: [10/23], Batch: 1200/2963, Loss: 115.004, Trans_L2_m: 0.436, Yaw_err_deg: 2.420
Epoch: [10/23], Batch: 1210/2963, Loss: 63.670, Trans_L2_m: 0.543, Yaw_err_deg: 1.298
Epoch: [10/23], Batch: 1220/2963, Loss: 65.392, Trans_L2_m: 0.557, Yaw_err_deg: 1.257
Epoch: [10/23], Batch: 1230/2963, Loss: 58.512, Trans_L2_m: 0.280, Yaw_err_deg: 1.422
Epoch: [10/23], Batch: 1240/2963, Loss: 61.717, Trans_L2_m: 0.588, Yaw_err_deg: 1.208
Epoch: [10/23], Batch: 1250/2963, Loss: 63.442, Trans_L2_m: 0.503, Yaw_err_deg: 1.054
Epoch: [10/23], Batch: 1260/2963, Loss: 65.338, Trans_L2_m: 0.642, Yaw_err_deg: 0.872
Epoch: [10/23], Batch: 1270/2963, Loss: 66.468, Trans_L2_m: 0.520, Yaw_err_deg: 1.262
Epoch: [10/23], Batch: 1280/2963, Loss: 72.924, Trans_L2_m: 0.549, Yaw_err_deg: 1.270
Epoch: [10/23], Batch: 1290/2963, Loss: 70.865, Trans_L2_m: 0.546, Yaw_err_deg: 1.376
Epoch: [10/23], Batch: 1300/2963, Loss: 51.094, Trans_L2_m: 0.625, Yaw_err_deg: 0.759
Epoch: [10/23], Batch: 1310/2963, Loss: 74.319, Trans_L2_m: 0.429, Yaw_err_deg: 1.511
Epoch: [10/23], Batch: 1320/2963, Loss: 77.120, Trans_L2_m: 0.411, Yaw_err_deg: 1.954
Epoch: [10/23], Batch: 1330/2963, Loss: 79.803, Trans_L2_m: 0.486, Yaw_err_deg: 1.770
Epoch: [10/23], Batch: 1340/2963, Loss: 77.085, Trans_L2_m: 0.409, Yaw_err_deg: 1.661
Epoch: [10/23], Batch: 1350/2963, Loss: 66.897, Trans_L2_m: 0.424, Yaw_err_deg: 1.490
Epoch: [10/23], Batch: 1360/2963, Loss: 64.737, Trans_L2_m: 0.563, Yaw_err_deg: 1.351
Epoch: [10/23], Batch: 1370/2963, Loss: 64.138, Trans_L2_m: 0.535, Yaw_err_deg: 1.249
Epoch: [10/23], Batch: 1380/2963, Loss: 58.322, Trans_L2_m: 0.482, Yaw_err_deg: 1.291
Epoch: [10/23], Batch: 1390/2963, Loss: 61.245, Trans_L2_m: 0.496, Yaw_err_deg: 1.324
Epoch: [10/23], Batch: 1400/2963, Loss: 71.250, Trans_L2_m: 0.569, Yaw_err_deg: 1.150
Epoch: [10/23], Batch: 1410/2963, Loss: 60.650, Trans_L2_m: 0.575, Yaw_err_deg: 1.322
Epoch: [10/23], Batch: 1420/2963, Loss: 63.940, Trans_L2_m: 0.562, Yaw_err_deg: 1.463
Epoch: [10/23], Batch: 1430/2963, Loss: 68.702, Trans_L2_m: 0.494, Yaw_err_deg: 1.382
Epoch: [10/23], Batch: 1440/2963, Loss: 67.998, Trans_L2_m: 0.596, Yaw_err_deg: 1.487
Epoch: [10/23], Batch: 1450/2963, Loss: 90.811, Trans_L2_m: 0.608, Yaw_err_deg: 1.690
Epoch: [10/23], Batch: 1460/2963, Loss: 65.926, Trans_L2_m: 0.388, Yaw_err_deg: 1.274
Epoch: [10/23], Batch: 1470/2963, Loss: 47.759, Trans_L2_m: 0.310, Yaw_err_deg: 1.054
Epoch: [10/23], Batch: 1480/2963, Loss: 67.757, Trans_L2_m: 0.540, Yaw_err_deg: 1.095
Epoch: [10/23], Batch: 1490/2963, Loss: 53.754, Trans_L2_m: 0.540, Yaw_err_deg: 0.936
Epoch: [10/23], Batch: 1500/2963, Loss: 68.918, Trans_L2_m: 0.412, Yaw_err_deg: 1.199
Epoch: [10/23], Batch: 1510/2963, Loss: 78.260, Trans_L2_m: 0.537, Yaw_err_deg: 1.648
Epoch: [10/23], Batch: 1520/2963, Loss: 75.035, Trans_L2_m: 0.514, Yaw_err_deg: 1.752
Epoch: [10/23], Batch: 1530/2963, Loss: 72.953, Trans_L2_m: 0.431, Yaw_err_deg: 1.261
Epoch: [10/23], Batch: 1540/2963, Loss: 88.821, Trans_L2_m: 0.372, Yaw_err_deg: 1.910
Epoch: [10/23], Batch: 1550/2963, Loss: 120.848, Trans_L2_m: 0.547, Yaw_err_deg: 2.089
Epoch: [10/23], Batch: 1560/2963, Loss: 80.880, Trans_L2_m: 0.599, Yaw_err_deg: 1.519
Epoch: [10/23], Batch: 1570/2963, Loss: 117.598, Trans_L2_m: 0.464, Yaw_err_deg: 2.689
Epoch: [10/23], Batch: 1580/2963, Loss: 85.360, Trans_L2_m: 0.385, Yaw_err_deg: 1.896
Epoch: [10/23], Batch: 1590/2963, Loss: 62.385, Trans_L2_m: 0.431, Yaw_err_deg: 1.124
Epoch: [10/23], Batch: 1600/2963, Loss: 70.381, Trans_L2_m: 0.518, Yaw_err_deg: 1.253
Epoch: [10/23], Batch: 1610/2963, Loss: 70.618, Trans_L2_m: 0.531, Yaw_err_deg: 1.577
Epoch: [10/23], Batch: 1620/2963, Loss: 82.908, Trans_L2_m: 0.577, Yaw_err_deg: 1.905
Epoch: [10/23], Batch: 1630/2963, Loss: 57.529, Trans_L2_m: 0.410, Yaw_err_deg: 0.963
Epoch: [10/23], Batch: 1640/2963, Loss: 69.411, Trans_L2_m: 0.422, Yaw_err_deg: 1.222
Epoch: [10/23], Batch: 1650/2963, Loss: 60.385, Trans_L2_m: 0.574, Yaw_err_deg: 1.311
Epoch: [10/23], Batch: 1660/2963, Loss: 82.848, Trans_L2_m: 0.500, Yaw_err_deg: 1.965
Epoch: [10/23], Batch: 1670/2963, Loss: 77.555, Trans_L2_m: 0.620, Yaw_err_deg: 1.695
Epoch: [10/23], Batch: 1680/2963, Loss: 67.511, Trans_L2_m: 0.578, Yaw_err_deg: 1.179
Epoch: [10/23], Batch: 1690/2963, Loss: 68.103, Trans_L2_m: 0.443, Yaw_err_deg: 1.589
Epoch: [10/23], Batch: 1700/2963, Loss: 67.011, Trans_L2_m: 0.683, Yaw_err_deg: 1.261
Epoch: [10/23], Batch: 1710/2963, Loss: 64.646, Trans_L2_m: 0.603, Yaw_err_deg: 1.477
Epoch: [10/23], Batch: 1720/2963, Loss: 59.120, Trans_L2_m: 0.565, Yaw_err_deg: 1.241
Epoch: [10/23], Batch: 1730/2963, Loss: 61.189, Trans_L2_m: 0.514, Yaw_err_deg: 1.185
Epoch: [10/23], Batch: 1740/2963, Loss: 78.391, Trans_L2_m: 0.600, Yaw_err_deg: 1.239
Epoch: [10/23], Batch: 1750/2963, Loss: 50.178, Trans_L2_m: 0.473, Yaw_err_deg: 0.668
Epoch: [10/23], Batch: 1760/2963, Loss: 127.720, Trans_L2_m: 0.757, Yaw_err_deg: 2.450
Epoch: [10/23], Batch: 1770/2963, Loss: 82.843, Trans_L2_m: 0.426, Yaw_err_deg: 2.245
Epoch: [10/23], Batch: 1780/2963, Loss: 57.143, Trans_L2_m: 0.509, Yaw_err_deg: 0.881
Epoch: [10/23], Batch: 1790/2963, Loss: 62.445, Trans_L2_m: 0.512, Yaw_err_deg: 1.158
Epoch: [10/23], Batch: 1800/2963, Loss: 70.167, Trans_L2_m: 0.667, Yaw_err_deg: 1.316
Epoch: [10/23], Batch: 1810/2963, Loss: 135.999, Trans_L2_m: 0.464, Yaw_err_deg: 2.416
Epoch: [10/23], Batch: 1820/2963, Loss: 93.388, Trans_L2_m: 0.544, Yaw_err_deg: 1.800
Epoch: [10/23], Batch: 1830/2963, Loss: 65.765, Trans_L2_m: 0.640, Yaw_err_deg: 1.481
Epoch: [10/23], Batch: 1840/2963, Loss: 82.195, Trans_L2_m: 0.436, Yaw_err_deg: 2.021
Epoch: [10/23], Batch: 1850/2963, Loss: 66.494, Trans_L2_m: 0.404, Yaw_err_deg: 1.898
Epoch: [10/23], Batch: 1860/2963, Loss: 110.188, Trans_L2_m: 0.696, Yaw_err_deg: 1.653
Epoch: [10/23], Batch: 1870/2963, Loss: 69.465, Trans_L2_m: 0.553, Yaw_err_deg: 1.483
Epoch: [10/23], Batch: 1880/2963, Loss: 69.736, Trans_L2_m: 0.518, Yaw_err_deg: 1.502
Epoch: [10/23], Batch: 1890/2963, Loss: 66.539, Trans_L2_m: 0.580, Yaw_err_deg: 1.140
Epoch: [10/23], Batch: 1900/2963, Loss: 92.857, Trans_L2_m: 0.685, Yaw_err_deg: 1.983
Epoch: [10/23], Batch: 1910/2963, Loss: 69.074, Trans_L2_m: 0.500, Yaw_err_deg: 1.361
Epoch: [10/23], Batch: 1920/2963, Loss: 100.308, Trans_L2_m: 0.551, Yaw_err_deg: 2.194
Epoch: [10/23], Batch: 1930/2963, Loss: 49.991, Trans_L2_m: 0.423, Yaw_err_deg: 0.821
Epoch: [10/23], Batch: 1940/2963, Loss: 75.643, Trans_L2_m: 0.400, Yaw_err_deg: 1.865
Epoch: [10/23], Batch: 1950/2963, Loss: 66.266, Trans_L2_m: 0.358, Yaw_err_deg: 1.460
Epoch: [10/23], Batch: 1960/2963, Loss: 62.666, Trans_L2_m: 0.673, Yaw_err_deg: 1.074
Epoch: [10/23], Batch: 1970/2963, Loss: 58.251, Trans_L2_m: 0.421, Yaw_err_deg: 1.177
Epoch: [10/23], Batch: 1980/2963, Loss: 182.734, Trans_L2_m: 0.545, Yaw_err_deg: 3.096
Epoch: [10/23], Batch: 1990/2963, Loss: 56.033, Trans_L2_m: 0.368, Yaw_err_deg: 1.203
Epoch: [10/23], Batch: 2000/2963, Loss: 70.868, Trans_L2_m: 0.410, Yaw_err_deg: 1.292
Epoch: [10/23], Batch: 2010/2963, Loss: 64.436, Trans_L2_m: 0.414, Yaw_err_deg: 1.625
Epoch: [10/23], Batch: 2020/2963, Loss: 109.102, Trans_L2_m: 0.503, Yaw_err_deg: 1.721
Epoch: [10/23], Batch: 2030/2963, Loss: 61.580, Trans_L2_m: 0.489, Yaw_err_deg: 1.235
Epoch: [10/23], Batch: 2040/2963, Loss: 98.478, Trans_L2_m: 0.419, Yaw_err_deg: 1.944
Epoch: [10/23], Batch: 2050/2963, Loss: 66.997, Trans_L2_m: 0.615, Yaw_err_deg: 1.393
Epoch: [10/23], Batch: 2060/2963, Loss: 60.094, Trans_L2_m: 0.421, Yaw_err_deg: 1.422
Epoch: [10/23], Batch: 2070/2963, Loss: 66.261, Trans_L2_m: 0.540, Yaw_err_deg: 1.365
Epoch: [10/23], Batch: 2080/2963, Loss: 84.044, Trans_L2_m: 0.639, Yaw_err_deg: 1.916
Epoch: [10/23], Batch: 2090/2963, Loss: 104.505, Trans_L2_m: 0.598, Yaw_err_deg: 1.933
Epoch: [10/23], Batch: 2100/2963, Loss: 80.664, Trans_L2_m: 0.553, Yaw_err_deg: 1.022
Epoch: [10/23], Batch: 2110/2963, Loss: 238.753, Trans_L2_m: 0.358, Yaw_err_deg: 2.444
Epoch: [10/23], Batch: 2120/2963, Loss: 86.853, Trans_L2_m: 0.423, Yaw_err_deg: 2.118
Epoch: [10/23], Batch: 2130/2963, Loss: 82.838, Trans_L2_m: 0.499, Yaw_err_deg: 1.613
Epoch: [10/23], Batch: 2140/2963, Loss: 71.293, Trans_L2_m: 0.554, Yaw_err_deg: 1.751
Epoch: [10/23], Batch: 2150/2963, Loss: 61.142, Trans_L2_m: 0.522, Yaw_err_deg: 0.982
Epoch: [10/23], Batch: 2160/2963, Loss: 60.134, Trans_L2_m: 0.591, Yaw_err_deg: 1.030
Epoch: [10/23], Batch: 2170/2963, Loss: 91.329, Trans_L2_m: 0.556, Yaw_err_deg: 2.142
Epoch: [10/23], Batch: 2180/2963, Loss: 82.985, Trans_L2_m: 0.432, Yaw_err_deg: 1.928
Epoch: [10/23], Batch: 2190/2963, Loss: 59.004, Trans_L2_m: 0.373, Yaw_err_deg: 1.251
Epoch: [10/23], Batch: 2200/2963, Loss: 62.990, Trans_L2_m: 0.511, Yaw_err_deg: 1.271
Epoch: [10/23], Batch: 2210/2963, Loss: 63.079, Trans_L2_m: 0.498, Yaw_err_deg: 1.195
Epoch: [10/23], Batch: 2220/2963, Loss: 68.203, Trans_L2_m: 0.485, Yaw_err_deg: 1.372
Epoch: [10/23], Batch: 2230/2963, Loss: 71.688, Trans_L2_m: 0.463, Yaw_err_deg: 1.348
Epoch: [10/23], Batch: 2240/2963, Loss: 66.784, Trans_L2_m: 0.439, Yaw_err_deg: 1.477
Epoch: [10/23], Batch: 2250/2963, Loss: 66.153, Trans_L2_m: 0.586, Yaw_err_deg: 1.276
Epoch: [10/23], Batch: 2260/2963, Loss: 58.707, Trans_L2_m: 0.469, Yaw_err_deg: 1.143
Epoch: [10/23], Batch: 2270/2963, Loss: 91.946, Trans_L2_m: 0.587, Yaw_err_deg: 2.351
Epoch: [10/23], Batch: 2280/2963, Loss: 102.541, Trans_L2_m: 0.607, Yaw_err_deg: 1.688
Epoch: [10/23], Batch: 2290/2963, Loss: 61.777, Trans_L2_m: 0.363, Yaw_err_deg: 1.454
Epoch: [10/23], Batch: 2300/2963, Loss: 58.177, Trans_L2_m: 0.437, Yaw_err_deg: 1.105
Epoch: [10/23], Batch: 2310/2963, Loss: 85.274, Trans_L2_m: 0.493, Yaw_err_deg: 1.884
Epoch: [10/23], Batch: 2320/2963, Loss: 58.775, Trans_L2_m: 0.426, Yaw_err_deg: 1.343
Epoch: [10/23], Batch: 2330/2963, Loss: 83.526, Trans_L2_m: 0.389, Yaw_err_deg: 1.949
Epoch: [10/23], Batch: 2340/2963, Loss: 74.793, Trans_L2_m: 0.391, Yaw_err_deg: 1.379
Epoch: [10/23], Batch: 2350/2963, Loss: 61.988, Trans_L2_m: 0.513, Yaw_err_deg: 1.317
Epoch: [10/23], Batch: 2360/2963, Loss: 68.465, Trans_L2_m: 0.426, Yaw_err_deg: 1.512
Epoch: [10/23], Batch: 2370/2963, Loss: 79.552, Trans_L2_m: 0.412, Yaw_err_deg: 1.571
Epoch: [10/23], Batch: 2380/2963, Loss: 74.230, Trans_L2_m: 0.507, Yaw_err_deg: 1.536
Epoch: [10/23], Batch: 2390/2963, Loss: 77.591, Trans_L2_m: 0.427, Yaw_err_deg: 1.583
Epoch: [10/23], Batch: 2400/2963, Loss: 66.441, Trans_L2_m: 0.522, Yaw_err_deg: 1.290
Epoch: [10/23], Batch: 2410/2963, Loss: 111.530, Trans_L2_m: 0.559, Yaw_err_deg: 1.991
Epoch: [10/23], Batch: 2420/2963, Loss: 69.456, Trans_L2_m: 0.445, Yaw_err_deg: 1.648
Epoch: [10/23], Batch: 2430/2963, Loss: 86.836, Trans_L2_m: 0.534, Yaw_err_deg: 1.670
Epoch: [10/23], Batch: 2440/2963, Loss: 94.156, Trans_L2_m: 0.398, Yaw_err_deg: 2.048
Epoch: [10/23], Batch: 2450/2963, Loss: 59.476, Trans_L2_m: 0.500, Yaw_err_deg: 1.327
Epoch: [10/23], Batch: 2460/2963, Loss: 65.918, Trans_L2_m: 0.406, Yaw_err_deg: 1.400
Epoch: [10/23], Batch: 2470/2963, Loss: 67.241, Trans_L2_m: 0.871, Yaw_err_deg: 1.405
Epoch: [10/23], Batch: 2480/2963, Loss: 63.550, Trans_L2_m: 0.550, Yaw_err_deg: 1.220
Epoch: [10/23], Batch: 2490/2963, Loss: 64.885, Trans_L2_m: 0.486, Yaw_err_deg: 1.032
Epoch: [10/23], Batch: 2500/2963, Loss: 72.701, Trans_L2_m: 0.590, Yaw_err_deg: 1.457
Epoch: [10/23], Batch: 2510/2963, Loss: 59.604, Trans_L2_m: 0.578, Yaw_err_deg: 1.135
Epoch: [10/23], Batch: 2520/2963, Loss: 68.495, Trans_L2_m: 0.446, Yaw_err_deg: 1.076
Epoch: [10/23], Batch: 2530/2963, Loss: 62.896, Trans_L2_m: 0.356, Yaw_err_deg: 1.515
Epoch: [10/23], Batch: 2540/2963, Loss: 110.990, Trans_L2_m: 0.446, Yaw_err_deg: 2.420
Epoch: [10/23], Batch: 2550/2963, Loss: 76.074, Trans_L2_m: 0.599, Yaw_err_deg: 1.791
Epoch: [10/23], Batch: 2560/2963, Loss: 91.480, Trans_L2_m: 0.514, Yaw_err_deg: 1.547
Epoch: [10/23], Batch: 2570/2963, Loss: 77.055, Trans_L2_m: 0.427, Yaw_err_deg: 1.862
Epoch: [10/23], Batch: 2580/2963, Loss: 103.040, Trans_L2_m: 0.456, Yaw_err_deg: 1.857
Epoch: [10/23], Batch: 2590/2963, Loss: 64.064, Trans_L2_m: 0.614, Yaw_err_deg: 1.517
Epoch: [10/23], Batch: 2600/2963, Loss: 87.767, Trans_L2_m: 0.412, Yaw_err_deg: 2.015
Epoch: [10/23], Batch: 2610/2963, Loss: 82.785, Trans_L2_m: 0.618, Yaw_err_deg: 1.782
Epoch: [10/23], Batch: 2620/2963, Loss: 70.277, Trans_L2_m: 0.591, Yaw_err_deg: 1.599
Epoch: [10/23], Batch: 2630/2963, Loss: 69.235, Trans_L2_m: 0.448, Yaw_err_deg: 1.274
Epoch: [10/23], Batch: 2640/2963, Loss: 56.119, Trans_L2_m: 0.362, Yaw_err_deg: 1.261
Epoch: [10/23], Batch: 2650/2963, Loss: 132.563, Trans_L2_m: 0.483, Yaw_err_deg: 2.821
Epoch: [10/23], Batch: 2660/2963, Loss: 58.544, Trans_L2_m: 0.459, Yaw_err_deg: 1.082
Epoch: [10/23], Batch: 2670/2963, Loss: 69.051, Trans_L2_m: 0.583, Yaw_err_deg: 1.660
Epoch: [10/23], Batch: 2680/2963, Loss: 52.891, Trans_L2_m: 0.452, Yaw_err_deg: 0.858
Epoch: [10/23], Batch: 2690/2963, Loss: 65.909, Trans_L2_m: 0.548, Yaw_err_deg: 1.081
Epoch: [10/23], Batch: 2700/2963, Loss: 61.311, Trans_L2_m: 0.492, Yaw_err_deg: 1.223
Epoch: [10/23], Batch: 2710/2963, Loss: 66.786, Trans_L2_m: 0.638, Yaw_err_deg: 1.138
Epoch: [10/23], Batch: 2720/2963, Loss: 64.900, Trans_L2_m: 0.368, Yaw_err_deg: 1.629
Epoch: [10/23], Batch: 2730/2963, Loss: 62.922, Trans_L2_m: 0.357, Yaw_err_deg: 1.406
Epoch: [10/23], Batch: 2740/2963, Loss: 74.896, Trans_L2_m: 0.470, Yaw_err_deg: 1.576
Epoch: [10/23], Batch: 2750/2963, Loss: 62.648, Trans_L2_m: 0.469, Yaw_err_deg: 1.552
Epoch: [10/23], Batch: 2760/2963, Loss: 68.549, Trans_L2_m: 0.562, Yaw_err_deg: 1.433
Epoch: [10/23], Batch: 2770/2963, Loss: 68.259, Trans_L2_m: 0.499, Yaw_err_deg: 0.862
Epoch: [10/23], Batch: 2780/2963, Loss: 67.319, Trans_L2_m: 0.479, Yaw_err_deg: 1.325
Epoch: [10/23], Batch: 2790/2963, Loss: 57.304, Trans_L2_m: 0.605, Yaw_err_deg: 0.635
Epoch: [10/23], Batch: 2800/2963, Loss: 70.955, Trans_L2_m: 0.482, Yaw_err_deg: 1.352
Epoch: [10/23], Batch: 2810/2963, Loss: 58.656, Trans_L2_m: 0.423, Yaw_err_deg: 1.223
Epoch: [10/23], Batch: 2820/2963, Loss: 74.747, Trans_L2_m: 0.446, Yaw_err_deg: 1.759
Epoch: [10/23], Batch: 2830/2963, Loss: 59.518, Trans_L2_m: 0.445, Yaw_err_deg: 1.570
Epoch: [10/23], Batch: 2840/2963, Loss: 77.343, Trans_L2_m: 0.674, Yaw_err_deg: 1.441
Epoch: [10/23], Batch: 2850/2963, Loss: 63.142, Trans_L2_m: 0.588, Yaw_err_deg: 1.151
Epoch: [10/23], Batch: 2860/2963, Loss: 57.559, Trans_L2_m: 0.522, Yaw_err_deg: 1.448
Epoch: [10/23], Batch: 2870/2963, Loss: 60.779, Trans_L2_m: 0.509, Yaw_err_deg: 1.307
Epoch: [10/23], Batch: 2880/2963, Loss: 56.767, Trans_L2_m: 0.480, Yaw_err_deg: 1.024
Epoch: [10/23], Batch: 2890/2963, Loss: 99.073, Trans_L2_m: 0.530, Yaw_err_deg: 2.496
Epoch: [10/23], Batch: 2900/2963, Loss: 107.513, Trans_L2_m: 0.474, Yaw_err_deg: 1.746
Epoch: [10/23], Batch: 2910/2963, Loss: 61.190, Trans_L2_m: 0.444, Yaw_err_deg: 1.076
Epoch: [10/23], Batch: 2920/2963, Loss: 93.166, Trans_L2_m: 0.475, Yaw_err_deg: 2.517
Epoch: [10/23], Batch: 2930/2963, Loss: 70.759, Trans_L2_m: 0.468, Yaw_err_deg: 1.540
Epoch: [10/23], Batch: 2940/2963, Loss: 62.859, Trans_L2_m: 0.446, Yaw_err_deg: 1.431
Epoch: [10/23], Batch: 2950/2963, Loss: 70.401, Trans_L2_m: 0.535, Yaw_err_deg: 1.279
Epoch: [10/23], Batch: 2960/2963, Loss: 66.086, Trans_L2_m: 0.486, Yaw_err_deg: 1.538
Epoch: [11/23], Batch: 0/2963, Loss: 76.441, Trans_L2_m: 0.485, Yaw_err_deg: 1.929
Epoch: [11/23], Batch: 10/2963, Loss: 65.018, Trans_L2_m: 0.456, Yaw_err_deg: 1.345
Epoch: [11/23], Batch: 20/2963, Loss: 64.655, Trans_L2_m: 0.406, Yaw_err_deg: 1.910
Epoch: [11/23], Batch: 30/2963, Loss: 59.972, Trans_L2_m: 0.516, Yaw_err_deg: 1.170
Epoch: [11/23], Batch: 40/2963, Loss: 116.892, Trans_L2_m: 0.570, Yaw_err_deg: 2.553
Epoch: [11/23], Batch: 50/2963, Loss: 77.671, Trans_L2_m: 0.463, Yaw_err_deg: 1.587
Epoch: [11/23], Batch: 60/2963, Loss: 82.135, Trans_L2_m: 0.456, Yaw_err_deg: 1.563
Epoch: [11/23], Batch: 70/2963, Loss: 83.167, Trans_L2_m: 0.510, Yaw_err_deg: 1.657
Epoch: [11/23], Batch: 80/2963, Loss: 75.356, Trans_L2_m: 0.506, Yaw_err_deg: 1.754
Epoch: [11/23], Batch: 90/2963, Loss: 63.181, Trans_L2_m: 0.416, Yaw_err_deg: 1.350
Epoch: [11/23], Batch: 100/2963, Loss: 61.602, Trans_L2_m: 0.475, Yaw_err_deg: 1.182
Epoch: [11/23], Batch: 110/2963, Loss: 74.771, Trans_L2_m: 0.453, Yaw_err_deg: 1.638
Epoch: [11/23], Batch: 120/2963, Loss: 54.545, Trans_L2_m: 0.359, Yaw_err_deg: 1.146
Epoch: [11/23], Batch: 130/2963, Loss: 61.371, Trans_L2_m: 0.326, Yaw_err_deg: 1.253
Epoch: [11/23], Batch: 140/2963, Loss: 54.707, Trans_L2_m: 0.430, Yaw_err_deg: 1.144
Epoch: [11/23], Batch: 150/2963, Loss: 81.770, Trans_L2_m: 0.430, Yaw_err_deg: 2.147
Epoch: [11/23], Batch: 160/2963, Loss: 63.782, Trans_L2_m: 0.485, Yaw_err_deg: 1.394
Epoch: [11/23], Batch: 170/2963, Loss: 60.011, Trans_L2_m: 0.581, Yaw_err_deg: 0.835
Epoch: [11/23], Batch: 180/2963, Loss: 69.306, Trans_L2_m: 0.379, Yaw_err_deg: 1.617
Epoch: [11/23], Batch: 190/2963, Loss: 73.885, Trans_L2_m: 0.527, Yaw_err_deg: 1.356
Epoch: [11/23], Batch: 200/2963, Loss: 65.378, Trans_L2_m: 0.563, Yaw_err_deg: 1.459
Epoch: [11/23], Batch: 210/2963, Loss: 121.559, Trans_L2_m: 0.476, Yaw_err_deg: 2.976
Epoch: [11/23], Batch: 220/2963, Loss: 83.311, Trans_L2_m: 0.499, Yaw_err_deg: 1.993
Epoch: [11/23], Batch: 230/2963, Loss: 65.086, Trans_L2_m: 0.418, Yaw_err_deg: 1.444
Epoch: [11/23], Batch: 240/2963, Loss: 60.721, Trans_L2_m: 0.428, Yaw_err_deg: 1.200
Epoch: [11/23], Batch: 250/2963, Loss: 75.333, Trans_L2_m: 0.518, Yaw_err_deg: 1.311
Epoch: [11/23], Batch: 260/2963, Loss: 65.029, Trans_L2_m: 0.412, Yaw_err_deg: 1.689
Epoch: [11/23], Batch: 270/2963, Loss: 60.402, Trans_L2_m: 0.382, Yaw_err_deg: 1.041
Epoch: [11/23], Batch: 280/2963, Loss: 123.744, Trans_L2_m: 0.489, Yaw_err_deg: 2.276
Epoch: [11/23], Batch: 290/2963, Loss: 58.496, Trans_L2_m: 0.576, Yaw_err_deg: 0.848
Epoch: [11/23], Batch: 300/2963, Loss: 56.682, Trans_L2_m: 0.436, Yaw_err_deg: 1.203
Epoch: [11/23], Batch: 310/2963, Loss: 77.104, Trans_L2_m: 0.438, Yaw_err_deg: 1.825
Epoch: [11/23], Batch: 320/2963, Loss: 81.439, Trans_L2_m: 0.557, Yaw_err_deg: 2.008
Epoch: [11/23], Batch: 330/2963, Loss: 58.092, Trans_L2_m: 0.331, Yaw_err_deg: 1.276
Epoch: [11/23], Batch: 340/2963, Loss: 73.836, Trans_L2_m: 0.551, Yaw_err_deg: 1.754
Epoch: [11/23], Batch: 350/2963, Loss: 78.272, Trans_L2_m: 0.442, Yaw_err_deg: 1.771
Epoch: [11/23], Batch: 360/2963, Loss: 68.341, Trans_L2_m: 0.488, Yaw_err_deg: 1.394
Epoch: [11/23], Batch: 370/2963, Loss: 66.506, Trans_L2_m: 0.473, Yaw_err_deg: 1.310
Epoch: [11/23], Batch: 380/2963, Loss: 55.604, Trans_L2_m: 0.302, Yaw_err_deg: 1.296
Epoch: [11/23], Batch: 390/2963, Loss: 74.750, Trans_L2_m: 0.475, Yaw_err_deg: 1.844
Epoch: [11/23], Batch: 400/2963, Loss: 96.366, Trans_L2_m: 0.402, Yaw_err_deg: 1.723
Epoch: [11/23], Batch: 410/2963, Loss: 76.009, Trans_L2_m: 0.420, Yaw_err_deg: 1.469
Epoch: [11/23], Batch: 420/2963, Loss: 80.658, Trans_L2_m: 0.437, Yaw_err_deg: 1.917
Epoch: [11/23], Batch: 430/2963, Loss: 58.734, Trans_L2_m: 0.549, Yaw_err_deg: 0.965
Epoch: [11/23], Batch: 440/2963, Loss: 55.391, Trans_L2_m: 0.551, Yaw_err_deg: 1.013
Epoch: [11/23], Batch: 450/2963, Loss: 62.413, Trans_L2_m: 0.592, Yaw_err_deg: 1.253
Epoch: [11/23], Batch: 460/2963, Loss: 78.784, Trans_L2_m: 0.398, Yaw_err_deg: 1.750
Epoch: [11/23], Batch: 470/2963, Loss: 57.139, Trans_L2_m: 0.383, Yaw_err_deg: 1.217
Epoch: [11/23], Batch: 480/2963, Loss: 94.673, Trans_L2_m: 0.476, Yaw_err_deg: 2.212
Epoch: [11/23], Batch: 490/2963, Loss: 93.162, Trans_L2_m: 0.524, Yaw_err_deg: 2.080
Epoch: [11/23], Batch: 500/2963, Loss: 74.788, Trans_L2_m: 0.555, Yaw_err_deg: 1.290
Epoch: [11/23], Batch: 510/2963, Loss: 85.740, Trans_L2_m: 0.487, Yaw_err_deg: 2.014
Epoch: [11/23], Batch: 520/2963, Loss: 56.158, Trans_L2_m: 0.572, Yaw_err_deg: 0.912
Epoch: [11/23], Batch: 530/2963, Loss: 87.634, Trans_L2_m: 0.582, Yaw_err_deg: 1.956
Epoch: [11/23], Batch: 540/2963, Loss: 57.869, Trans_L2_m: 0.566, Yaw_err_deg: 0.856
Epoch: [11/23], Batch: 550/2963, Loss: 74.425, Trans_L2_m: 0.450, Yaw_err_deg: 1.777
Epoch: [11/23], Batch: 560/2963, Loss: 88.521, Trans_L2_m: 0.580, Yaw_err_deg: 1.467
Epoch: [11/23], Batch: 570/2963, Loss: 105.355, Trans_L2_m: 0.684, Yaw_err_deg: 2.173
Epoch: [11/23], Batch: 580/2963, Loss: 92.501, Trans_L2_m: 0.465, Yaw_err_deg: 1.849
Epoch: [11/23], Batch: 590/2963, Loss: 67.739, Trans_L2_m: 0.573, Yaw_err_deg: 1.121
Epoch: [11/23], Batch: 600/2963, Loss: 70.014, Trans_L2_m: 0.483, Yaw_err_deg: 1.320
Epoch: [11/23], Batch: 610/2963, Loss: 70.265, Trans_L2_m: 0.484, Yaw_err_deg: 1.445
Epoch: [11/23], Batch: 620/2963, Loss: 78.449, Trans_L2_m: 0.524, Yaw_err_deg: 1.910
Epoch: [11/23], Batch: 630/2963, Loss: 60.186, Trans_L2_m: 0.438, Yaw_err_deg: 1.109
Epoch: [11/23], Batch: 640/2963, Loss: 57.276, Trans_L2_m: 0.405, Yaw_err_deg: 1.213
Epoch: [11/23], Batch: 650/2963, Loss: 70.103, Trans_L2_m: 0.490, Yaw_err_deg: 1.418
Epoch: [11/23], Batch: 660/2963, Loss: 84.631, Trans_L2_m: 0.465, Yaw_err_deg: 1.600
Epoch: [11/23], Batch: 670/2963, Loss: 73.408, Trans_L2_m: 0.428, Yaw_err_deg: 1.642
Epoch: [11/23], Batch: 680/2963, Loss: 59.609, Trans_L2_m: 0.414, Yaw_err_deg: 1.193
Epoch: [11/23], Batch: 690/2963, Loss: 80.639, Trans_L2_m: 0.438, Yaw_err_deg: 2.070
Epoch: [11/23], Batch: 700/2963, Loss: 97.240, Trans_L2_m: 0.613, Yaw_err_deg: 1.967
Epoch: [11/23], Batch: 710/2963, Loss: 73.767, Trans_L2_m: 0.542, Yaw_err_deg: 1.412
Epoch: [11/23], Batch: 720/2963, Loss: 65.662, Trans_L2_m: 0.475, Yaw_err_deg: 1.511
Epoch: [11/23], Batch: 730/2963, Loss: 82.055, Trans_L2_m: 0.447, Yaw_err_deg: 2.065
Epoch: [11/23], Batch: 740/2963, Loss: 63.360, Trans_L2_m: 0.525, Yaw_err_deg: 1.500
Epoch: [11/23], Batch: 750/2963, Loss: 68.967, Trans_L2_m: 0.513, Yaw_err_deg: 1.439
Epoch: [11/23], Batch: 760/2963, Loss: 57.245, Trans_L2_m: 0.404, Yaw_err_deg: 1.229
Epoch: [11/23], Batch: 770/2963, Loss: 101.860, Trans_L2_m: 0.500, Yaw_err_deg: 1.492
Epoch: [11/23], Batch: 780/2963, Loss: 69.544, Trans_L2_m: 0.554, Yaw_err_deg: 1.623
Epoch: [11/23], Batch: 790/2963, Loss: 51.999, Trans_L2_m: 0.442, Yaw_err_deg: 0.934
Epoch: [11/23], Batch: 800/2963, Loss: 64.252, Trans_L2_m: 0.573, Yaw_err_deg: 1.210
Epoch: [11/23], Batch: 810/2963, Loss: 74.312, Trans_L2_m: 0.500, Yaw_err_deg: 1.253
Epoch: [11/23], Batch: 820/2963, Loss: 56.921, Trans_L2_m: 0.480, Yaw_err_deg: 0.830
Epoch: [11/23], Batch: 830/2963, Loss: 53.133, Trans_L2_m: 0.379, Yaw_err_deg: 1.024
Epoch: [11/23], Batch: 840/2963, Loss: 193.375, Trans_L2_m: 0.444, Yaw_err_deg: 2.442
Epoch: [11/23], Batch: 850/2963, Loss: 66.543, Trans_L2_m: 0.422, Yaw_err_deg: 1.273
Epoch: [11/23], Batch: 860/2963, Loss: 63.259, Trans_L2_m: 0.512, Yaw_err_deg: 1.438
Epoch: [11/23], Batch: 870/2963, Loss: 73.164, Trans_L2_m: 0.564, Yaw_err_deg: 1.730
Epoch: [11/23], Batch: 880/2963, Loss: 54.999, Trans_L2_m: 0.418, Yaw_err_deg: 1.104
Epoch: [11/23], Batch: 890/2963, Loss: 63.174, Trans_L2_m: 0.365, Yaw_err_deg: 1.284
Epoch: [11/23], Batch: 900/2963, Loss: 61.462, Trans_L2_m: 0.436, Yaw_err_deg: 1.346
Epoch: [11/23], Batch: 910/2963, Loss: 57.286, Trans_L2_m: 0.452, Yaw_err_deg: 1.161
Epoch: [11/23], Batch: 920/2963, Loss: 66.758, Trans_L2_m: 0.386, Yaw_err_deg: 1.484
Epoch: [11/23], Batch: 930/2963, Loss: 60.215, Trans_L2_m: 0.416, Yaw_err_deg: 1.459
Epoch: [11/23], Batch: 940/2963, Loss: 70.398, Trans_L2_m: 0.431, Yaw_err_deg: 1.367
Epoch: [11/23], Batch: 950/2963, Loss: 122.636, Trans_L2_m: 0.618, Yaw_err_deg: 1.877
Epoch: [11/23], Batch: 960/2963, Loss: 71.836, Trans_L2_m: 0.606, Yaw_err_deg: 1.422
Epoch: [11/23], Batch: 970/2963, Loss: 69.481, Trans_L2_m: 0.533, Yaw_err_deg: 1.360
Epoch: [11/23], Batch: 980/2963, Loss: 64.102, Trans_L2_m: 0.459, Yaw_err_deg: 1.230
Epoch: [11/23], Batch: 990/2963, Loss: 56.679, Trans_L2_m: 0.579, Yaw_err_deg: 0.856
Epoch: [11/23], Batch: 1000/2963, Loss: 68.104, Trans_L2_m: 0.464, Yaw_err_deg: 1.545
Epoch: [11/23], Batch: 1010/2963, Loss: 149.760, Trans_L2_m: 0.404, Yaw_err_deg: 3.740
Epoch: [11/23], Batch: 1020/2963, Loss: 61.324, Trans_L2_m: 0.530, Yaw_err_deg: 1.336
Epoch: [11/23], Batch: 1030/2963, Loss: 64.065, Trans_L2_m: 0.547, Yaw_err_deg: 1.149
Epoch: [11/23], Batch: 1040/2963, Loss: 60.902, Trans_L2_m: 0.548, Yaw_err_deg: 1.301
Epoch: [11/23], Batch: 1050/2963, Loss: 66.387, Trans_L2_m: 0.466, Yaw_err_deg: 1.420
Epoch: [11/23], Batch: 1060/2963, Loss: 86.748, Trans_L2_m: 0.591, Yaw_err_deg: 1.690
Epoch: [11/23], Batch: 1070/2963, Loss: 54.117, Trans_L2_m: 0.356, Yaw_err_deg: 1.006
Epoch: [11/23], Batch: 1080/2963, Loss: 68.079, Trans_L2_m: 0.544, Yaw_err_deg: 1.308
Epoch: [11/23], Batch: 1090/2963, Loss: 63.198, Trans_L2_m: 0.380, Yaw_err_deg: 1.182
Epoch: [11/23], Batch: 1100/2963, Loss: 67.439, Trans_L2_m: 0.622, Yaw_err_deg: 1.469
Epoch: [11/23], Batch: 1110/2963, Loss: 64.850, Trans_L2_m: 0.403, Yaw_err_deg: 1.485
Epoch: [11/23], Batch: 1120/2963, Loss: 61.139, Trans_L2_m: 0.495, Yaw_err_deg: 1.244
Epoch: [11/23], Batch: 1130/2963, Loss: 60.620, Trans_L2_m: 0.456, Yaw_err_deg: 1.234
Epoch: [11/23], Batch: 1140/2963, Loss: 66.868, Trans_L2_m: 0.457, Yaw_err_deg: 1.430
Epoch: [11/23], Batch: 1150/2963, Loss: 64.641, Trans_L2_m: 0.508, Yaw_err_deg: 1.179
Epoch: [11/23], Batch: 1160/2963, Loss: 81.833, Trans_L2_m: 0.490, Yaw_err_deg: 1.715
Epoch: [11/23], Batch: 1170/2963, Loss: 68.425, Trans_L2_m: 0.446, Yaw_err_deg: 1.796
Epoch: [11/23], Batch: 1180/2963, Loss: 72.709, Trans_L2_m: 0.381, Yaw_err_deg: 1.877
Epoch: [11/23], Batch: 1190/2963, Loss: 64.699, Trans_L2_m: 0.412, Yaw_err_deg: 1.135
Epoch: [11/23], Batch: 1200/2963, Loss: 52.736, Trans_L2_m: 0.429, Yaw_err_deg: 1.073
Epoch: [11/23], Batch: 1210/2963, Loss: 57.448, Trans_L2_m: 0.497, Yaw_err_deg: 1.089
Epoch: [11/23], Batch: 1220/2963, Loss: 59.652, Trans_L2_m: 0.365, Yaw_err_deg: 1.018
Epoch: [11/23], Batch: 1230/2963, Loss: 62.603, Trans_L2_m: 0.327, Yaw_err_deg: 1.477
Epoch: [11/23], Batch: 1240/2963, Loss: 60.974, Trans_L2_m: 0.398, Yaw_err_deg: 1.442
Epoch: [11/23], Batch: 1250/2963, Loss: 60.238, Trans_L2_m: 0.422, Yaw_err_deg: 1.220
Epoch: [11/23], Batch: 1260/2963, Loss: 81.746, Trans_L2_m: 0.470, Yaw_err_deg: 1.747
Epoch: [11/23], Batch: 1270/2963, Loss: 57.150, Trans_L2_m: 0.525, Yaw_err_deg: 0.913
Epoch: [11/23], Batch: 1280/2963, Loss: 78.195, Trans_L2_m: 0.350, Yaw_err_deg: 2.224
Epoch: [11/23], Batch: 1290/2963, Loss: 49.965, Trans_L2_m: 0.480, Yaw_err_deg: 0.857
Epoch: [11/23], Batch: 1300/2963, Loss: 62.756, Trans_L2_m: 0.541, Yaw_err_deg: 1.303
Epoch: [11/23], Batch: 1310/2963, Loss: 64.642, Trans_L2_m: 0.458, Yaw_err_deg: 1.307
Epoch: [11/23], Batch: 1320/2963, Loss: 100.307, Trans_L2_m: 0.515, Yaw_err_deg: 1.545
Epoch: [11/23], Batch: 1330/2963, Loss: 58.993, Trans_L2_m: 0.492, Yaw_err_deg: 1.020
Epoch: [11/23], Batch: 1340/2963, Loss: 61.838, Trans_L2_m: 0.623, Yaw_err_deg: 1.121
Epoch: [11/23], Batch: 1350/2963, Loss: 70.325, Trans_L2_m: 0.533, Yaw_err_deg: 1.242
Epoch: [11/23], Batch: 1360/2963, Loss: 99.919, Trans_L2_m: 0.524, Yaw_err_deg: 2.436
Epoch: [11/23], Batch: 1370/2963, Loss: 80.252, Trans_L2_m: 0.651, Yaw_err_deg: 1.718
Epoch: [11/23], Batch: 1380/2963, Loss: 71.671, Trans_L2_m: 0.492, Yaw_err_deg: 1.383
Epoch: [11/23], Batch: 1390/2963, Loss: 67.000, Trans_L2_m: 0.420, Yaw_err_deg: 1.130
Epoch: [11/23], Batch: 1400/2963, Loss: 68.773, Trans_L2_m: 0.495, Yaw_err_deg: 1.317
Epoch: [11/23], Batch: 1410/2963, Loss: 67.803, Trans_L2_m: 0.703, Yaw_err_deg: 1.199
Epoch: [11/23], Batch: 1420/2963, Loss: 59.873, Trans_L2_m: 0.461, Yaw_err_deg: 1.022
Epoch: [11/23], Batch: 1430/2963, Loss: 69.425, Trans_L2_m: 0.646, Yaw_err_deg: 1.377
Epoch: [11/23], Batch: 1440/2963, Loss: 55.961, Trans_L2_m: 0.469, Yaw_err_deg: 1.196
Epoch: [11/23], Batch: 1450/2963, Loss: 58.698, Trans_L2_m: 0.511, Yaw_err_deg: 1.357
Epoch: [11/23], Batch: 1460/2963, Loss: 61.172, Trans_L2_m: 0.324, Yaw_err_deg: 1.474
Epoch: [11/23], Batch: 1470/2963, Loss: 55.912, Trans_L2_m: 0.448, Yaw_err_deg: 1.093
Epoch: [11/23], Batch: 1480/2963, Loss: 83.327, Trans_L2_m: 0.525, Yaw_err_deg: 2.077
Epoch: [11/23], Batch: 1490/2963, Loss: 64.383, Trans_L2_m: 0.300, Yaw_err_deg: 1.432
Epoch: [11/23], Batch: 1500/2963, Loss: 63.132, Trans_L2_m: 0.503, Yaw_err_deg: 1.392
Epoch: [11/23], Batch: 1510/2963, Loss: 68.798, Trans_L2_m: 0.375, Yaw_err_deg: 1.410
Epoch: [11/23], Batch: 1520/2963, Loss: 79.104, Trans_L2_m: 0.519, Yaw_err_deg: 1.650
Epoch: [11/23], Batch: 1530/2963, Loss: 69.824, Trans_L2_m: 0.641, Yaw_err_deg: 1.161
Epoch: [11/23], Batch: 1540/2963, Loss: 74.969, Trans_L2_m: 0.335, Yaw_err_deg: 1.424
Epoch: [11/23], Batch: 1550/2963, Loss: 55.272, Trans_L2_m: 0.553, Yaw_err_deg: 1.235
Epoch: [11/23], Batch: 1560/2963, Loss: 59.700, Trans_L2_m: 0.468, Yaw_err_deg: 1.267
Epoch: [11/23], Batch: 1570/2963, Loss: 59.282, Trans_L2_m: 0.548, Yaw_err_deg: 1.019
Epoch: [11/23], Batch: 1580/2963, Loss: 52.316, Trans_L2_m: 0.457, Yaw_err_deg: 1.170
Epoch: [11/23], Batch: 1590/2963, Loss: 64.170, Trans_L2_m: 0.501, Yaw_err_deg: 1.484
Epoch: [11/23], Batch: 1600/2963, Loss: 112.245, Trans_L2_m: 0.534, Yaw_err_deg: 2.333
Epoch: [11/23], Batch: 1610/2963, Loss: 74.353, Trans_L2_m: 0.512, Yaw_err_deg: 1.623
Epoch: [11/23], Batch: 1620/2963, Loss: 68.612, Trans_L2_m: 0.406, Yaw_err_deg: 1.627
Epoch: [11/23], Batch: 1630/2963, Loss: 69.900, Trans_L2_m: 0.380, Yaw_err_deg: 1.365
Epoch: [11/23], Batch: 1640/2963, Loss: 71.341, Trans_L2_m: 0.443, Yaw_err_deg: 1.796
Epoch: [11/23], Batch: 1650/2963, Loss: 50.291, Trans_L2_m: 0.504, Yaw_err_deg: 0.788
Epoch: [11/23], Batch: 1660/2963, Loss: 68.767, Trans_L2_m: 0.372, Yaw_err_deg: 1.355
Epoch: [11/23], Batch: 1670/2963, Loss: 56.879, Trans_L2_m: 0.465, Yaw_err_deg: 0.961
Epoch: [11/23], Batch: 1680/2963, Loss: 61.302, Trans_L2_m: 0.531, Yaw_err_deg: 1.334
Epoch: [11/23], Batch: 1690/2963, Loss: 76.442, Trans_L2_m: 0.527, Yaw_err_deg: 1.383
Epoch: [11/23], Batch: 1700/2963, Loss: 57.767, Trans_L2_m: 0.523, Yaw_err_deg: 0.874
Epoch: [11/23], Batch: 1710/2963, Loss: 56.207, Trans_L2_m: 0.422, Yaw_err_deg: 1.064
Epoch: [11/23], Batch: 1720/2963, Loss: 77.188, Trans_L2_m: 0.623, Yaw_err_deg: 1.661
Epoch: [11/23], Batch: 1730/2963, Loss: 62.572, Trans_L2_m: 0.420, Yaw_err_deg: 1.585
Epoch: [11/23], Batch: 1740/2963, Loss: 61.264, Trans_L2_m: 0.499, Yaw_err_deg: 1.378
Epoch: [11/23], Batch: 1750/2963, Loss: 103.600, Trans_L2_m: 0.568, Yaw_err_deg: 2.448
Epoch: [11/23], Batch: 1760/2963, Loss: 129.687, Trans_L2_m: 0.348, Yaw_err_deg: 1.972
Epoch: [11/23], Batch: 1770/2963, Loss: 56.526, Trans_L2_m: 0.516, Yaw_err_deg: 0.962
Epoch: [11/23], Batch: 1780/2963, Loss: 93.352, Trans_L2_m: 0.457, Yaw_err_deg: 2.160
Epoch: [11/23], Batch: 1790/2963, Loss: 83.122, Trans_L2_m: 0.425, Yaw_err_deg: 1.831
Epoch: [11/23], Batch: 1800/2963, Loss: 64.536, Trans_L2_m: 0.391, Yaw_err_deg: 1.409
Epoch: [11/23], Batch: 1810/2963, Loss: 67.610, Trans_L2_m: 0.403, Yaw_err_deg: 1.338
Epoch: [11/23], Batch: 1820/2963, Loss: 64.148, Trans_L2_m: 0.410, Yaw_err_deg: 1.073
Epoch: [11/23], Batch: 1830/2963, Loss: 49.546, Trans_L2_m: 0.486, Yaw_err_deg: 0.960
Epoch: [11/23], Batch: 1840/2963, Loss: 68.651, Trans_L2_m: 0.511, Yaw_err_deg: 1.367
Epoch: [11/23], Batch: 1850/2963, Loss: 55.196, Trans_L2_m: 0.405, Yaw_err_deg: 1.195
Epoch: [11/23], Batch: 1860/2963, Loss: 55.273, Trans_L2_m: 0.495, Yaw_err_deg: 1.036
Epoch: [11/23], Batch: 1870/2963, Loss: 116.648, Trans_L2_m: 0.578, Yaw_err_deg: 2.653
Epoch: [11/23], Batch: 1880/2963, Loss: 74.778, Trans_L2_m: 0.514, Yaw_err_deg: 1.687
Epoch: [11/23], Batch: 1890/2963, Loss: 61.611, Trans_L2_m: 0.510, Yaw_err_deg: 1.025
Epoch: [11/23], Batch: 1900/2963, Loss: 63.230, Trans_L2_m: 0.485, Yaw_err_deg: 1.091
Epoch: [11/23], Batch: 1910/2963, Loss: 50.714, Trans_L2_m: 0.462, Yaw_err_deg: 1.024
Epoch: [11/23], Batch: 1920/2963, Loss: 74.307, Trans_L2_m: 0.512, Yaw_err_deg: 1.913
Epoch: [11/23], Batch: 1930/2963, Loss: 76.515, Trans_L2_m: 0.613, Yaw_err_deg: 1.362
Epoch: [11/23], Batch: 1940/2963, Loss: 57.692, Trans_L2_m: 0.296, Yaw_err_deg: 1.354
Epoch: [11/23], Batch: 1950/2963, Loss: 70.776, Trans_L2_m: 0.409, Yaw_err_deg: 1.583
Epoch: [11/23], Batch: 1960/2963, Loss: 62.530, Trans_L2_m: 0.392, Yaw_err_deg: 1.601
Epoch: [11/23], Batch: 1970/2963, Loss: 90.961, Trans_L2_m: 0.534, Yaw_err_deg: 2.094
Epoch: [11/23], Batch: 1980/2963, Loss: 68.064, Trans_L2_m: 0.537, Yaw_err_deg: 1.509
Epoch: [11/23], Batch: 1990/2963, Loss: 156.320, Trans_L2_m: 0.435, Yaw_err_deg: 1.909
Epoch: [11/23], Batch: 2000/2963, Loss: 60.743, Trans_L2_m: 0.494, Yaw_err_deg: 1.224
Epoch: [11/23], Batch: 2010/2963, Loss: 58.969, Trans_L2_m: 0.409, Yaw_err_deg: 1.284
Epoch: [11/23], Batch: 2020/2963, Loss: 258.403, Trans_L2_m: 0.603, Yaw_err_deg: 2.894
Epoch: [11/23], Batch: 2030/2963, Loss: 50.401, Trans_L2_m: 0.540, Yaw_err_deg: 0.927
Epoch: [11/23], Batch: 2040/2963, Loss: 66.010, Trans_L2_m: 0.522, Yaw_err_deg: 1.117
Epoch: [11/23], Batch: 2050/2963, Loss: 88.593, Trans_L2_m: 0.559, Yaw_err_deg: 1.618
Epoch: [11/23], Batch: 2060/2963, Loss: 72.757, Trans_L2_m: 0.448, Yaw_err_deg: 1.686
Epoch: [11/23], Batch: 2070/2963, Loss: 69.688, Trans_L2_m: 0.569, Yaw_err_deg: 1.145
Epoch: [11/23], Batch: 2080/2963, Loss: 58.861, Trans_L2_m: 0.548, Yaw_err_deg: 0.998
Epoch: [11/23], Batch: 2090/2963, Loss: 52.796, Trans_L2_m: 0.410, Yaw_err_deg: 1.055
Epoch: [11/23], Batch: 2100/2963, Loss: 79.805, Trans_L2_m: 0.614, Yaw_err_deg: 1.361
Epoch: [11/23], Batch: 2110/2963, Loss: 60.985, Trans_L2_m: 0.381, Yaw_err_deg: 1.486
Epoch: [11/23], Batch: 2120/2963, Loss: 66.679, Trans_L2_m: 0.446, Yaw_err_deg: 1.311
Epoch: [11/23], Batch: 2130/2963, Loss: 60.110, Trans_L2_m: 0.476, Yaw_err_deg: 1.313
Epoch: [11/23], Batch: 2140/2963, Loss: 66.490, Trans_L2_m: 0.515, Yaw_err_deg: 1.327
Epoch: [11/23], Batch: 2150/2963, Loss: 63.016, Trans_L2_m: 0.500, Yaw_err_deg: 1.451
Epoch: [11/23], Batch: 2160/2963, Loss: 65.886, Trans_L2_m: 0.387, Yaw_err_deg: 1.725
Epoch: [11/23], Batch: 2170/2963, Loss: 51.881, Trans_L2_m: 0.401, Yaw_err_deg: 1.030
Epoch: [11/23], Batch: 2180/2963, Loss: 67.428, Trans_L2_m: 0.589, Yaw_err_deg: 1.311
Epoch: [11/23], Batch: 2190/2963, Loss: 58.562, Trans_L2_m: 0.428, Yaw_err_deg: 1.211
Epoch: [11/23], Batch: 2200/2963, Loss: 69.325, Trans_L2_m: 0.519, Yaw_err_deg: 0.962
Epoch: [11/23], Batch: 2210/2963, Loss: 68.307, Trans_L2_m: 0.543, Yaw_err_deg: 1.183
Epoch: [11/23], Batch: 2220/2963, Loss: 58.991, Trans_L2_m: 0.435, Yaw_err_deg: 1.267
Epoch: [11/23], Batch: 2230/2963, Loss: 63.727, Trans_L2_m: 0.311, Yaw_err_deg: 1.434
Epoch: [11/23], Batch: 2240/2963, Loss: 74.775, Trans_L2_m: 0.549, Yaw_err_deg: 1.467
Epoch: [11/23], Batch: 2250/2963, Loss: 71.920, Trans_L2_m: 0.497, Yaw_err_deg: 1.697
Epoch: [11/23], Batch: 2260/2963, Loss: 75.375, Trans_L2_m: 0.511, Yaw_err_deg: 1.629
Epoch: [11/23], Batch: 2270/2963, Loss: 60.831, Trans_L2_m: 0.393, Yaw_err_deg: 1.253
Epoch: [11/23], Batch: 2280/2963, Loss: 86.248, Trans_L2_m: 0.512, Yaw_err_deg: 1.592
Epoch: [11/23], Batch: 2290/2963, Loss: 65.515, Trans_L2_m: 0.404, Yaw_err_deg: 1.283
Epoch: [11/23], Batch: 2300/2963, Loss: 65.906, Trans_L2_m: 0.470, Yaw_err_deg: 1.468
Epoch: [11/23], Batch: 2310/2963, Loss: 56.245, Trans_L2_m: 0.511, Yaw_err_deg: 1.160
Epoch: [11/23], Batch: 2320/2963, Loss: 68.765, Trans_L2_m: 0.391, Yaw_err_deg: 1.276
Epoch: [11/23], Batch: 2330/2963, Loss: 60.159, Trans_L2_m: 0.521, Yaw_err_deg: 1.228
Epoch: [11/23], Batch: 2340/2963, Loss: 53.736, Trans_L2_m: 0.339, Yaw_err_deg: 1.033
Epoch: [11/23], Batch: 2350/2963, Loss: 61.352, Trans_L2_m: 0.567, Yaw_err_deg: 1.086
Epoch: [11/23], Batch: 2360/2963, Loss: 74.695, Trans_L2_m: 0.454, Yaw_err_deg: 1.568
Epoch: [11/23], Batch: 2370/2963, Loss: 54.983, Trans_L2_m: 0.382, Yaw_err_deg: 1.075
Epoch: [11/23], Batch: 2380/2963, Loss: 59.453, Trans_L2_m: 0.445, Yaw_err_deg: 1.105
Epoch: [11/23], Batch: 2390/2963, Loss: 70.257, Trans_L2_m: 0.471, Yaw_err_deg: 1.478
Epoch: [11/23], Batch: 2400/2963, Loss: 57.980, Trans_L2_m: 0.517, Yaw_err_deg: 1.012
Epoch: [11/23], Batch: 2410/2963, Loss: 66.709, Trans_L2_m: 0.541, Yaw_err_deg: 1.535
Epoch: [11/23], Batch: 2420/2963, Loss: 73.907, Trans_L2_m: 0.549, Yaw_err_deg: 1.645
Epoch: [11/23], Batch: 2430/2963, Loss: 96.215, Trans_L2_m: 0.513, Yaw_err_deg: 1.905
Epoch: [11/23], Batch: 2440/2963, Loss: 84.417, Trans_L2_m: 0.361, Yaw_err_deg: 2.158
Epoch: [11/23], Batch: 2450/2963, Loss: 81.436, Trans_L2_m: 0.408, Yaw_err_deg: 1.718
Epoch: [11/23], Batch: 2460/2963, Loss: 63.466, Trans_L2_m: 0.530, Yaw_err_deg: 1.344
Epoch: [11/23], Batch: 2470/2963, Loss: 68.503, Trans_L2_m: 0.496, Yaw_err_deg: 1.400
Epoch: [11/23], Batch: 2480/2963, Loss: 82.657, Trans_L2_m: 0.489, Yaw_err_deg: 1.590
Epoch: [11/23], Batch: 2490/2963, Loss: 87.537, Trans_L2_m: 0.388, Yaw_err_deg: 1.835
Epoch: [11/23], Batch: 2500/2963, Loss: 72.334, Trans_L2_m: 0.508, Yaw_err_deg: 1.558
Epoch: [11/23], Batch: 2510/2963, Loss: 71.918, Trans_L2_m: 0.448, Yaw_err_deg: 1.633
Epoch: [11/23], Batch: 2520/2963, Loss: 66.249, Trans_L2_m: 0.390, Yaw_err_deg: 1.459
Epoch: [11/23], Batch: 2530/2963, Loss: 57.423, Trans_L2_m: 0.566, Yaw_err_deg: 1.064
Epoch: [11/23], Batch: 2540/2963, Loss: 62.982, Trans_L2_m: 0.481, Yaw_err_deg: 1.418
Epoch: [11/23], Batch: 2550/2963, Loss: 62.591, Trans_L2_m: 0.400, Yaw_err_deg: 1.645
Epoch: [11/23], Batch: 2560/2963, Loss: 95.923, Trans_L2_m: 0.538, Yaw_err_deg: 1.894
Epoch: [11/23], Batch: 2570/2963, Loss: 60.493, Trans_L2_m: 0.385, Yaw_err_deg: 1.294
Epoch: [11/23], Batch: 2580/2963, Loss: 52.324, Trans_L2_m: 0.477, Yaw_err_deg: 0.576
Epoch: [11/23], Batch: 2590/2963, Loss: 94.899, Trans_L2_m: 0.713, Yaw_err_deg: 2.081
Epoch: [11/23], Batch: 2600/2963, Loss: 77.932, Trans_L2_m: 0.434, Yaw_err_deg: 1.654
Epoch: [11/23], Batch: 2610/2963, Loss: 56.494, Trans_L2_m: 0.555, Yaw_err_deg: 1.063
Epoch: [11/23], Batch: 2620/2963, Loss: 66.362, Trans_L2_m: 0.630, Yaw_err_deg: 1.346
Epoch: [11/23], Batch: 2630/2963, Loss: 76.067, Trans_L2_m: 0.451, Yaw_err_deg: 1.148
Epoch: [11/23], Batch: 2640/2963, Loss: 64.330, Trans_L2_m: 0.481, Yaw_err_deg: 1.630
Epoch: [11/23], Batch: 2650/2963, Loss: 67.369, Trans_L2_m: 0.488, Yaw_err_deg: 1.405
Epoch: [11/23], Batch: 2660/2963, Loss: 65.135, Trans_L2_m: 0.436, Yaw_err_deg: 1.349
Epoch: [11/23], Batch: 2670/2963, Loss: 71.445, Trans_L2_m: 0.344, Yaw_err_deg: 1.297
Epoch: [11/23], Batch: 2680/2963, Loss: 68.643, Trans_L2_m: 0.532, Yaw_err_deg: 1.338
Epoch: [11/23], Batch: 2690/2963, Loss: 83.943, Trans_L2_m: 0.640, Yaw_err_deg: 1.828
Epoch: [11/23], Batch: 2700/2963, Loss: 71.897, Trans_L2_m: 0.549, Yaw_err_deg: 1.601
Epoch: [11/23], Batch: 2710/2963, Loss: 57.359, Trans_L2_m: 0.493, Yaw_err_deg: 1.167
Epoch: [11/23], Batch: 2720/2963, Loss: 82.262, Trans_L2_m: 0.461, Yaw_err_deg: 1.623
Epoch: [11/23], Batch: 2730/2963, Loss: 53.912, Trans_L2_m: 0.466, Yaw_err_deg: 1.210
Epoch: [11/23], Batch: 2740/2963, Loss: 54.783, Trans_L2_m: 0.594, Yaw_err_deg: 0.975
Epoch: [11/23], Batch: 2750/2963, Loss: 53.166, Trans_L2_m: 0.351, Yaw_err_deg: 1.054
Epoch: [11/23], Batch: 2760/2963, Loss: 67.310, Trans_L2_m: 0.410, Yaw_err_deg: 1.519
Epoch: [11/23], Batch: 2770/2963, Loss: 45.642, Trans_L2_m: 0.364, Yaw_err_deg: 0.958
Epoch: [11/23], Batch: 2780/2963, Loss: 59.521, Trans_L2_m: 0.324, Yaw_err_deg: 1.291
Epoch: [11/23], Batch: 2790/2963, Loss: 55.885, Trans_L2_m: 0.384, Yaw_err_deg: 1.143
Epoch: [11/23], Batch: 2800/2963, Loss: 66.255, Trans_L2_m: 0.445, Yaw_err_deg: 1.477
Epoch: [11/23], Batch: 2810/2963, Loss: 53.915, Trans_L2_m: 0.531, Yaw_err_deg: 1.163
Epoch: [11/23], Batch: 2820/2963, Loss: 105.122, Trans_L2_m: 0.728, Yaw_err_deg: 1.971
Epoch: [11/23], Batch: 2830/2963, Loss: 78.062, Trans_L2_m: 0.372, Yaw_err_deg: 1.657
Epoch: [11/23], Batch: 2840/2963, Loss: 58.434, Trans_L2_m: 0.387, Yaw_err_deg: 1.450
Epoch: [11/23], Batch: 2850/2963, Loss: 90.023, Trans_L2_m: 0.411, Yaw_err_deg: 1.992
Epoch: [11/23], Batch: 2860/2963, Loss: 99.933, Trans_L2_m: 0.368, Yaw_err_deg: 2.090
Epoch: [11/23], Batch: 2870/2963, Loss: 67.450, Trans_L2_m: 0.603, Yaw_err_deg: 1.547
Epoch: [11/23], Batch: 2880/2963, Loss: 60.134, Trans_L2_m: 0.471, Yaw_err_deg: 1.211
Epoch: [11/23], Batch: 2890/2963, Loss: 66.734, Trans_L2_m: 0.719, Yaw_err_deg: 1.284
Epoch: [11/23], Batch: 2900/2963, Loss: 59.020, Trans_L2_m: 0.469, Yaw_err_deg: 1.399
Epoch: [11/23], Batch: 2910/2963, Loss: 65.064, Trans_L2_m: 0.401, Yaw_err_deg: 1.158
Epoch: [11/23], Batch: 2920/2963, Loss: 70.831, Trans_L2_m: 0.615, Yaw_err_deg: 1.187
Epoch: [11/23], Batch: 2930/2963, Loss: 75.678, Trans_L2_m: 0.404, Yaw_err_deg: 1.714
Epoch: [11/23], Batch: 2940/2963, Loss: 60.343, Trans_L2_m: 0.544, Yaw_err_deg: 1.222
Epoch: [11/23], Batch: 2950/2963, Loss: 62.205, Trans_L2_m: 0.367, Yaw_err_deg: 1.275
Epoch: [11/23], Batch: 2960/2963, Loss: 61.721, Trans_L2_m: 0.505, Yaw_err_deg: 1.215
Validation loss (homography): 922.2402
Avg batch time: 1026.03 ms, total: 332.717 s
[1;91mVal has no improvement vs 805.7615356445312![0m
Epoch: [12/23], Batch: 0/2963, Loss: 52.331, Trans_L2_m: 0.341, Yaw_err_deg: 1.003
Epoch: [12/23], Batch: 10/2963, Loss: 67.034, Trans_L2_m: 0.601, Yaw_err_deg: 1.372
Epoch: [12/23], Batch: 20/2963, Loss: 66.250, Trans_L2_m: 0.377, Yaw_err_deg: 1.693
Epoch: [12/23], Batch: 30/2963, Loss: 51.892, Trans_L2_m: 0.378, Yaw_err_deg: 0.956
Epoch: [12/23], Batch: 40/2963, Loss: 74.653, Trans_L2_m: 0.631, Yaw_err_deg: 1.251
Epoch: [12/23], Batch: 50/2963, Loss: 66.210, Trans_L2_m: 0.436, Yaw_err_deg: 1.299
Epoch: [12/23], Batch: 60/2963, Loss: 82.012, Trans_L2_m: 0.511, Yaw_err_deg: 1.720
Epoch: [12/23], Batch: 70/2963, Loss: 59.927, Trans_L2_m: 0.456, Yaw_err_deg: 1.297
Epoch: [12/23], Batch: 80/2963, Loss: 73.445, Trans_L2_m: 0.693, Yaw_err_deg: 1.188
Epoch: [12/23], Batch: 90/2963, Loss: 54.453, Trans_L2_m: 0.321, Yaw_err_deg: 1.258
Epoch: [12/23], Batch: 100/2963, Loss: 84.136, Trans_L2_m: 0.523, Yaw_err_deg: 1.626
Epoch: [12/23], Batch: 110/2963, Loss: 84.458, Trans_L2_m: 0.427, Yaw_err_deg: 1.549
Epoch: [12/23], Batch: 120/2963, Loss: 57.867, Trans_L2_m: 0.440, Yaw_err_deg: 1.095
Epoch: [12/23], Batch: 130/2963, Loss: 67.000, Trans_L2_m: 0.611, Yaw_err_deg: 0.962
Epoch: [12/23], Batch: 140/2963, Loss: 82.016, Trans_L2_m: 0.465, Yaw_err_deg: 1.723
Epoch: [12/23], Batch: 150/2963, Loss: 78.155, Trans_L2_m: 0.459, Yaw_err_deg: 2.032
Epoch: [12/23], Batch: 160/2963, Loss: 61.222, Trans_L2_m: 0.439, Yaw_err_deg: 1.090
Epoch: [12/23], Batch: 170/2963, Loss: 77.753, Trans_L2_m: 0.532, Yaw_err_deg: 1.705
Epoch: [12/23], Batch: 180/2963, Loss: 84.798, Trans_L2_m: 0.499, Yaw_err_deg: 1.803
Epoch: [12/23], Batch: 190/2963, Loss: 69.973, Trans_L2_m: 0.482, Yaw_err_deg: 1.323
Epoch: [12/23], Batch: 200/2963, Loss: 87.640, Trans_L2_m: 0.534, Yaw_err_deg: 1.770
Epoch: [12/23], Batch: 210/2963, Loss: 64.719, Trans_L2_m: 0.506, Yaw_err_deg: 1.325
Epoch: [12/23], Batch: 220/2963, Loss: 61.481, Trans_L2_m: 0.512, Yaw_err_deg: 1.125
Epoch: [12/23], Batch: 230/2963, Loss: 76.230, Trans_L2_m: 0.522, Yaw_err_deg: 2.140
Epoch: [12/23], Batch: 240/2963, Loss: 56.620, Trans_L2_m: 0.418, Yaw_err_deg: 1.128
Epoch: [12/23], Batch: 250/2963, Loss: 67.616, Trans_L2_m: 0.543, Yaw_err_deg: 1.246
Epoch: [12/23], Batch: 260/2963, Loss: 63.412, Trans_L2_m: 0.425, Yaw_err_deg: 1.220
Epoch: [12/23], Batch: 270/2963, Loss: 68.340, Trans_L2_m: 0.500, Yaw_err_deg: 1.485
Epoch: [12/23], Batch: 280/2963, Loss: 78.353, Trans_L2_m: 0.508, Yaw_err_deg: 1.744
Epoch: [12/23], Batch: 290/2963, Loss: 64.402, Trans_L2_m: 0.646, Yaw_err_deg: 1.276
Epoch: [12/23], Batch: 300/2963, Loss: 43.353, Trans_L2_m: 0.462, Yaw_err_deg: 0.520
Epoch: [12/23], Batch: 310/2963, Loss: 61.753, Trans_L2_m: 0.493, Yaw_err_deg: 1.357
Epoch: [12/23], Batch: 320/2963, Loss: 55.915, Trans_L2_m: 0.374, Yaw_err_deg: 1.209
Epoch: [12/23], Batch: 330/2963, Loss: 55.937, Trans_L2_m: 0.593, Yaw_err_deg: 0.993
Epoch: [12/23], Batch: 340/2963, Loss: 67.475, Trans_L2_m: 0.401, Yaw_err_deg: 1.380
Epoch: [12/23], Batch: 350/2963, Loss: 67.796, Trans_L2_m: 0.518, Yaw_err_deg: 1.237
Epoch: [12/23], Batch: 360/2963, Loss: 52.296, Trans_L2_m: 0.444, Yaw_err_deg: 0.968
Epoch: [12/23], Batch: 370/2963, Loss: 60.101, Trans_L2_m: 0.574, Yaw_err_deg: 1.137
Epoch: [12/23], Batch: 380/2963, Loss: 58.239, Trans_L2_m: 0.455, Yaw_err_deg: 0.978
Epoch: [12/23], Batch: 390/2963, Loss: 61.282, Trans_L2_m: 0.467, Yaw_err_deg: 1.078
Epoch: [12/23], Batch: 400/2963, Loss: 65.800, Trans_L2_m: 0.522, Yaw_err_deg: 1.246
Epoch: [12/23], Batch: 410/2963, Loss: 62.504, Trans_L2_m: 0.510, Yaw_err_deg: 1.290
Epoch: [12/23], Batch: 420/2963, Loss: 83.009, Trans_L2_m: 0.424, Yaw_err_deg: 1.959
Epoch: [12/23], Batch: 430/2963, Loss: 63.061, Trans_L2_m: 0.604, Yaw_err_deg: 1.090
Epoch: [12/23], Batch: 440/2963, Loss: 60.852, Trans_L2_m: 0.598, Yaw_err_deg: 1.133
Epoch: [12/23], Batch: 450/2963, Loss: 63.631, Trans_L2_m: 0.466, Yaw_err_deg: 1.310
Epoch: [12/23], Batch: 460/2963, Loss: 60.229, Trans_L2_m: 0.464, Yaw_err_deg: 1.124
Epoch: [12/23], Batch: 470/2963, Loss: 65.054, Trans_L2_m: 0.351, Yaw_err_deg: 1.181
Epoch: [12/23], Batch: 480/2963, Loss: 67.911, Trans_L2_m: 0.519, Yaw_err_deg: 1.640
Epoch: [12/23], Batch: 490/2963, Loss: 71.062, Trans_L2_m: 0.308, Yaw_err_deg: 1.845
Epoch: [12/23], Batch: 500/2963, Loss: 55.878, Trans_L2_m: 0.412, Yaw_err_deg: 0.975
Epoch: [12/23], Batch: 510/2963, Loss: 51.153, Trans_L2_m: 0.418, Yaw_err_deg: 0.979
Epoch: [12/23], Batch: 520/2963, Loss: 58.008, Trans_L2_m: 0.378, Yaw_err_deg: 0.768
Epoch: [12/23], Batch: 530/2963, Loss: 72.168, Trans_L2_m: 0.534, Yaw_err_deg: 1.330
Epoch: [12/23], Batch: 540/2963, Loss: 60.239, Trans_L2_m: 0.405, Yaw_err_deg: 1.484
Epoch: [12/23], Batch: 550/2963, Loss: 82.589, Trans_L2_m: 0.438, Yaw_err_deg: 1.050
Epoch: [12/23], Batch: 560/2963, Loss: 55.241, Trans_L2_m: 0.455, Yaw_err_deg: 1.131
Epoch: [12/23], Batch: 570/2963, Loss: 65.309, Trans_L2_m: 0.485, Yaw_err_deg: 1.308
Epoch: [12/23], Batch: 580/2963, Loss: 55.055, Trans_L2_m: 0.404, Yaw_err_deg: 1.199
Epoch: [12/23], Batch: 590/2963, Loss: 74.146, Trans_L2_m: 0.530, Yaw_err_deg: 1.454
Epoch: [12/23], Batch: 600/2963, Loss: 70.885, Trans_L2_m: 0.392, Yaw_err_deg: 1.527
Epoch: [12/23], Batch: 610/2963, Loss: 50.587, Trans_L2_m: 0.380, Yaw_err_deg: 1.030
Epoch: [12/23], Batch: 620/2963, Loss: 63.494, Trans_L2_m: 0.320, Yaw_err_deg: 1.453
Epoch: [12/23], Batch: 630/2963, Loss: 69.680, Trans_L2_m: 0.548, Yaw_err_deg: 0.975
Epoch: [12/23], Batch: 640/2963, Loss: 50.533, Trans_L2_m: 0.317, Yaw_err_deg: 0.953
Epoch: [12/23], Batch: 650/2963, Loss: 54.442, Trans_L2_m: 0.318, Yaw_err_deg: 1.317
Epoch: [12/23], Batch: 660/2963, Loss: 64.799, Trans_L2_m: 0.422, Yaw_err_deg: 0.941
Epoch: [12/23], Batch: 670/2963, Loss: 74.509, Trans_L2_m: 0.544, Yaw_err_deg: 1.849
Epoch: [12/23], Batch: 680/2963, Loss: 60.433, Trans_L2_m: 0.426, Yaw_err_deg: 1.005
Epoch: [12/23], Batch: 690/2963, Loss: 52.573, Trans_L2_m: 0.438, Yaw_err_deg: 0.837
Epoch: [12/23], Batch: 700/2963, Loss: 73.605, Trans_L2_m: 0.461, Yaw_err_deg: 1.364
Epoch: [12/23], Batch: 710/2963, Loss: 74.752, Trans_L2_m: 0.526, Yaw_err_deg: 1.878
Epoch: [12/23], Batch: 720/2963, Loss: 81.973, Trans_L2_m: 0.418, Yaw_err_deg: 2.017
Epoch: [12/23], Batch: 730/2963, Loss: 60.352, Trans_L2_m: 0.472, Yaw_err_deg: 1.351
Epoch: [12/23], Batch: 740/2963, Loss: 61.900, Trans_L2_m: 0.404, Yaw_err_deg: 1.634
Epoch: [12/23], Batch: 750/2963, Loss: 47.346, Trans_L2_m: 0.534, Yaw_err_deg: 0.869
Epoch: [12/23], Batch: 760/2963, Loss: 63.338, Trans_L2_m: 0.421, Yaw_err_deg: 1.461
Epoch: [12/23], Batch: 770/2963, Loss: 75.025, Trans_L2_m: 0.572, Yaw_err_deg: 1.261
Epoch: [12/23], Batch: 780/2963, Loss: 62.420, Trans_L2_m: 0.510, Yaw_err_deg: 1.281
Epoch: [12/23], Batch: 790/2963, Loss: 55.352, Trans_L2_m: 0.511, Yaw_err_deg: 1.169
Epoch: [12/23], Batch: 800/2963, Loss: 80.977, Trans_L2_m: 0.481, Yaw_err_deg: 1.463
Epoch: [12/23], Batch: 810/2963, Loss: 59.225, Trans_L2_m: 0.472, Yaw_err_deg: 1.066
Epoch: [12/23], Batch: 820/2963, Loss: 59.741, Trans_L2_m: 0.452, Yaw_err_deg: 1.359
Epoch: [12/23], Batch: 830/2963, Loss: 51.334, Trans_L2_m: 0.400, Yaw_err_deg: 0.976
Epoch: [12/23], Batch: 840/2963, Loss: 72.579, Trans_L2_m: 0.340, Yaw_err_deg: 1.599
Epoch: [12/23], Batch: 850/2963, Loss: 67.815, Trans_L2_m: 0.684, Yaw_err_deg: 1.207
Epoch: [12/23], Batch: 860/2963, Loss: 46.683, Trans_L2_m: 0.312, Yaw_err_deg: 0.825
Epoch: [12/23], Batch: 870/2963, Loss: 56.739, Trans_L2_m: 0.397, Yaw_err_deg: 1.121
Epoch: [12/23], Batch: 880/2963, Loss: 53.338, Trans_L2_m: 0.474, Yaw_err_deg: 0.637
Epoch: [12/23], Batch: 890/2963, Loss: 56.516, Trans_L2_m: 0.504, Yaw_err_deg: 0.969
Epoch: [12/23], Batch: 900/2963, Loss: 87.789, Trans_L2_m: 0.526, Yaw_err_deg: 2.136
Epoch: [12/23], Batch: 910/2963, Loss: 61.355, Trans_L2_m: 0.566, Yaw_err_deg: 1.087
Epoch: [12/23], Batch: 920/2963, Loss: 60.726, Trans_L2_m: 0.476, Yaw_err_deg: 1.070
Epoch: [12/23], Batch: 930/2963, Loss: 78.454, Trans_L2_m: 0.383, Yaw_err_deg: 1.684
Epoch: [12/23], Batch: 940/2963, Loss: 59.299, Trans_L2_m: 0.417, Yaw_err_deg: 1.026
Epoch: [12/23], Batch: 950/2963, Loss: 55.661, Trans_L2_m: 0.507, Yaw_err_deg: 1.110
Epoch: [12/23], Batch: 960/2963, Loss: 50.174, Trans_L2_m: 0.512, Yaw_err_deg: 0.784
Epoch: [12/23], Batch: 970/2963, Loss: 66.088, Trans_L2_m: 0.498, Yaw_err_deg: 1.241
Epoch: [12/23], Batch: 980/2963, Loss: 74.016, Trans_L2_m: 0.451, Yaw_err_deg: 1.540
Epoch: [12/23], Batch: 990/2963, Loss: 75.235, Trans_L2_m: 0.487, Yaw_err_deg: 1.404
Epoch: [12/23], Batch: 1000/2963, Loss: 50.064, Trans_L2_m: 0.539, Yaw_err_deg: 0.896
Epoch: [12/23], Batch: 1010/2963, Loss: 49.906, Trans_L2_m: 0.363, Yaw_err_deg: 1.080
Epoch: [12/23], Batch: 1020/2963, Loss: 56.729, Trans_L2_m: 0.512, Yaw_err_deg: 1.088
Epoch: [12/23], Batch: 1030/2963, Loss: 65.007, Trans_L2_m: 0.559, Yaw_err_deg: 1.117
Epoch: [12/23], Batch: 1040/2963, Loss: 76.427, Trans_L2_m: 0.587, Yaw_err_deg: 1.086
Epoch: [12/23], Batch: 1050/2963, Loss: 65.112, Trans_L2_m: 0.494, Yaw_err_deg: 1.417
Epoch: [12/23], Batch: 1060/2963, Loss: 68.542, Trans_L2_m: 0.465, Yaw_err_deg: 1.329
Epoch: [12/23], Batch: 1070/2963, Loss: 74.728, Trans_L2_m: 0.379, Yaw_err_deg: 1.724
Epoch: [12/23], Batch: 1080/2963, Loss: 63.433, Trans_L2_m: 0.345, Yaw_err_deg: 1.502
Epoch: [12/23], Batch: 1090/2963, Loss: 75.897, Trans_L2_m: 0.490, Yaw_err_deg: 1.798
Epoch: [12/23], Batch: 1100/2963, Loss: 55.821, Trans_L2_m: 0.477, Yaw_err_deg: 1.045
Epoch: [12/23], Batch: 1110/2963, Loss: 72.786, Trans_L2_m: 0.432, Yaw_err_deg: 1.420
Epoch: [12/23], Batch: 1120/2963, Loss: 68.372, Trans_L2_m: 0.471, Yaw_err_deg: 1.558
Epoch: [12/23], Batch: 1130/2963, Loss: 60.811, Trans_L2_m: 0.567, Yaw_err_deg: 1.049
Epoch: [12/23], Batch: 1140/2963, Loss: 62.846, Trans_L2_m: 0.551, Yaw_err_deg: 1.321
Epoch: [12/23], Batch: 1150/2963, Loss: 55.857, Trans_L2_m: 0.480, Yaw_err_deg: 1.091
Epoch: [12/23], Batch: 1160/2963, Loss: 84.045, Trans_L2_m: 0.438, Yaw_err_deg: 1.710
Epoch: [12/23], Batch: 1170/2963, Loss: 59.127, Trans_L2_m: 0.449, Yaw_err_deg: 1.134
Epoch: [12/23], Batch: 1180/2963, Loss: 58.657, Trans_L2_m: 0.476, Yaw_err_deg: 1.160
Epoch: [12/23], Batch: 1190/2963, Loss: 61.020, Trans_L2_m: 0.480, Yaw_err_deg: 1.299
Epoch: [12/23], Batch: 1200/2963, Loss: 72.653, Trans_L2_m: 0.508, Yaw_err_deg: 1.457
Epoch: [12/23], Batch: 1210/2963, Loss: 63.270, Trans_L2_m: 0.583, Yaw_err_deg: 1.064
Epoch: [12/23], Batch: 1220/2963, Loss: 54.441, Trans_L2_m: 0.509, Yaw_err_deg: 0.913
Epoch: [12/23], Batch: 1230/2963, Loss: 60.404, Trans_L2_m: 0.555, Yaw_err_deg: 1.279
Epoch: [12/23], Batch: 1240/2963, Loss: 58.017, Trans_L2_m: 0.502, Yaw_err_deg: 1.095
Epoch: [12/23], Batch: 1250/2963, Loss: 52.992, Trans_L2_m: 0.401, Yaw_err_deg: 1.238
Epoch: [12/23], Batch: 1260/2963, Loss: 83.876, Trans_L2_m: 0.451, Yaw_err_deg: 1.867
Epoch: [12/23], Batch: 1270/2963, Loss: 58.321, Trans_L2_m: 0.451, Yaw_err_deg: 1.084
Epoch: [12/23], Batch: 1280/2963, Loss: 57.536, Trans_L2_m: 0.410, Yaw_err_deg: 1.229
Epoch: [12/23], Batch: 1290/2963, Loss: 61.262, Trans_L2_m: 0.498, Yaw_err_deg: 1.466
Epoch: [12/23], Batch: 1300/2963, Loss: 73.490, Trans_L2_m: 0.410, Yaw_err_deg: 1.890
Epoch: [12/23], Batch: 1310/2963, Loss: 75.178, Trans_L2_m: 0.464, Yaw_err_deg: 2.006
Epoch: [12/23], Batch: 1320/2963, Loss: 61.122, Trans_L2_m: 0.565, Yaw_err_deg: 1.266
Epoch: [12/23], Batch: 1330/2963, Loss: 61.168, Trans_L2_m: 0.468, Yaw_err_deg: 1.136
Epoch: [12/23], Batch: 1340/2963, Loss: 85.544, Trans_L2_m: 0.564, Yaw_err_deg: 1.850
Epoch: [12/23], Batch: 1350/2963, Loss: 73.161, Trans_L2_m: 0.557, Yaw_err_deg: 1.439
Epoch: [12/23], Batch: 1360/2963, Loss: 90.833, Trans_L2_m: 0.460, Yaw_err_deg: 1.750
Epoch: [12/23], Batch: 1370/2963, Loss: 81.791, Trans_L2_m: 0.466, Yaw_err_deg: 1.835
Epoch: [12/23], Batch: 1380/2963, Loss: 58.943, Trans_L2_m: 0.520, Yaw_err_deg: 0.997
Epoch: [12/23], Batch: 1390/2963, Loss: 82.307, Trans_L2_m: 0.583, Yaw_err_deg: 1.941
Epoch: [12/23], Batch: 1400/2963, Loss: 73.812, Trans_L2_m: 0.370, Yaw_err_deg: 1.613
Epoch: [12/23], Batch: 1410/2963, Loss: 62.723, Trans_L2_m: 0.436, Yaw_err_deg: 1.291
Epoch: [12/23], Batch: 1420/2963, Loss: 55.761, Trans_L2_m: 0.469, Yaw_err_deg: 0.838
Epoch: [12/23], Batch: 1430/2963, Loss: 67.405, Trans_L2_m: 0.456, Yaw_err_deg: 1.266
Epoch: [12/23], Batch: 1440/2963, Loss: 66.654, Trans_L2_m: 0.532, Yaw_err_deg: 1.376
Epoch: [12/23], Batch: 1450/2963, Loss: 68.355, Trans_L2_m: 0.478, Yaw_err_deg: 1.631
Epoch: [12/23], Batch: 1460/2963, Loss: 62.351, Trans_L2_m: 0.421, Yaw_err_deg: 1.172
Epoch: [12/23], Batch: 1470/2963, Loss: 65.285, Trans_L2_m: 0.490, Yaw_err_deg: 1.198
Epoch: [12/23], Batch: 1480/2963, Loss: 47.476, Trans_L2_m: 0.456, Yaw_err_deg: 0.740
Epoch: [12/23], Batch: 1490/2963, Loss: 68.729, Trans_L2_m: 0.368, Yaw_err_deg: 1.597
Epoch: [12/23], Batch: 1500/2963, Loss: 67.473, Trans_L2_m: 0.675, Yaw_err_deg: 1.205
Epoch: [12/23], Batch: 1510/2963, Loss: 65.578, Trans_L2_m: 0.434, Yaw_err_deg: 1.313
Epoch: [12/23], Batch: 1520/2963, Loss: 85.365, Trans_L2_m: 0.318, Yaw_err_deg: 1.520
Epoch: [12/23], Batch: 1530/2963, Loss: 52.259, Trans_L2_m: 0.395, Yaw_err_deg: 1.058
Epoch: [12/23], Batch: 1540/2963, Loss: 89.034, Trans_L2_m: 0.528, Yaw_err_deg: 1.824
Epoch: [12/23], Batch: 1550/2963, Loss: 60.836, Trans_L2_m: 0.466, Yaw_err_deg: 1.180
Epoch: [12/23], Batch: 1560/2963, Loss: 48.261, Trans_L2_m: 0.394, Yaw_err_deg: 0.608
Epoch: [12/23], Batch: 1570/2963, Loss: 53.209, Trans_L2_m: 0.528, Yaw_err_deg: 0.683
Epoch: [12/23], Batch: 1580/2963, Loss: 59.526, Trans_L2_m: 0.354, Yaw_err_deg: 0.972
Epoch: [12/23], Batch: 1590/2963, Loss: 59.514, Trans_L2_m: 0.412, Yaw_err_deg: 1.216
Epoch: [12/23], Batch: 1600/2963, Loss: 54.754, Trans_L2_m: 0.372, Yaw_err_deg: 1.327
Epoch: [12/23], Batch: 1610/2963, Loss: 58.087, Trans_L2_m: 0.418, Yaw_err_deg: 0.993
Epoch: [12/23], Batch: 1620/2963, Loss: 45.130, Trans_L2_m: 0.395, Yaw_err_deg: 0.923
Epoch: [12/23], Batch: 1630/2963, Loss: 79.067, Trans_L2_m: 0.421, Yaw_err_deg: 1.833
Epoch: [12/23], Batch: 1640/2963, Loss: 78.836, Trans_L2_m: 0.540, Yaw_err_deg: 1.898
Epoch: [12/23], Batch: 1650/2963, Loss: 62.304, Trans_L2_m: 0.533, Yaw_err_deg: 0.948
Epoch: [12/23], Batch: 1660/2963, Loss: 61.898, Trans_L2_m: 0.500, Yaw_err_deg: 1.051
Epoch: [12/23], Batch: 1670/2963, Loss: 77.955, Trans_L2_m: 0.504, Yaw_err_deg: 1.551
Epoch: [12/23], Batch: 1680/2963, Loss: 138.108, Trans_L2_m: 0.501, Yaw_err_deg: 1.458
Epoch: [12/23], Batch: 1690/2963, Loss: 62.010, Trans_L2_m: 0.446, Yaw_err_deg: 1.216
Epoch: [12/23], Batch: 1700/2963, Loss: 70.251, Trans_L2_m: 0.655, Yaw_err_deg: 1.465
Epoch: [12/23], Batch: 1710/2963, Loss: 80.063, Trans_L2_m: 0.580, Yaw_err_deg: 1.855
Epoch: [12/23], Batch: 1720/2963, Loss: 67.021, Trans_L2_m: 0.447, Yaw_err_deg: 1.372
Epoch: [12/23], Batch: 1730/2963, Loss: 81.167, Trans_L2_m: 0.258, Yaw_err_deg: 2.051
Epoch: [12/23], Batch: 1740/2963, Loss: 107.284, Trans_L2_m: 0.510, Yaw_err_deg: 1.713
Epoch: [12/23], Batch: 1750/2963, Loss: 58.982, Trans_L2_m: 0.419, Yaw_err_deg: 1.361
Epoch: [12/23], Batch: 1760/2963, Loss: 65.788, Trans_L2_m: 0.550, Yaw_err_deg: 1.283
Epoch: [12/23], Batch: 1770/2963, Loss: 42.048, Trans_L2_m: 0.303, Yaw_err_deg: 0.764
Epoch: [12/23], Batch: 1780/2963, Loss: 58.396, Trans_L2_m: 0.378, Yaw_err_deg: 1.082
Epoch: [12/23], Batch: 1790/2963, Loss: 60.298, Trans_L2_m: 0.515, Yaw_err_deg: 1.159
Epoch: [12/23], Batch: 1800/2963, Loss: 55.741, Trans_L2_m: 0.515, Yaw_err_deg: 0.904
Epoch: [12/23], Batch: 1810/2963, Loss: 50.449, Trans_L2_m: 0.473, Yaw_err_deg: 0.698
Epoch: [12/23], Batch: 1820/2963, Loss: 60.343, Trans_L2_m: 0.537, Yaw_err_deg: 1.038
Epoch: [12/23], Batch: 1830/2963, Loss: 59.168, Trans_L2_m: 0.562, Yaw_err_deg: 0.899
Epoch: [12/23], Batch: 1840/2963, Loss: 55.959, Trans_L2_m: 0.433, Yaw_err_deg: 1.180
Epoch: [12/23], Batch: 1850/2963, Loss: 64.458, Trans_L2_m: 0.485, Yaw_err_deg: 1.122
Epoch: [12/23], Batch: 1860/2963, Loss: 80.034, Trans_L2_m: 0.389, Yaw_err_deg: 1.886
Epoch: [12/23], Batch: 1870/2963, Loss: 71.770, Trans_L2_m: 0.346, Yaw_err_deg: 1.481
Epoch: [12/23], Batch: 1880/2963, Loss: 51.288, Trans_L2_m: 0.421, Yaw_err_deg: 0.734
Epoch: [12/23], Batch: 1890/2963, Loss: 50.214, Trans_L2_m: 0.359, Yaw_err_deg: 0.781
Epoch: [12/23], Batch: 1900/2963, Loss: 163.203, Trans_L2_m: 0.481, Yaw_err_deg: 2.110
Epoch: [12/23], Batch: 1910/2963, Loss: 51.274, Trans_L2_m: 0.398, Yaw_err_deg: 0.932
Epoch: [12/23], Batch: 1920/2963, Loss: 71.712, Trans_L2_m: 0.464, Yaw_err_deg: 1.627
Epoch: [12/23], Batch: 1930/2963, Loss: 76.694, Trans_L2_m: 0.538, Yaw_err_deg: 2.056
Epoch: [12/23], Batch: 1940/2963, Loss: 52.347, Trans_L2_m: 0.486, Yaw_err_deg: 1.003
Epoch: [12/23], Batch: 1950/2963, Loss: 55.144, Trans_L2_m: 0.445, Yaw_err_deg: 1.027
Epoch: [12/23], Batch: 1960/2963, Loss: 55.903, Trans_L2_m: 0.401, Yaw_err_deg: 1.071
Epoch: [12/23], Batch: 1970/2963, Loss: 59.213, Trans_L2_m: 0.625, Yaw_err_deg: 1.252
Epoch: [12/23], Batch: 1980/2963, Loss: 80.697, Trans_L2_m: 0.365, Yaw_err_deg: 2.002
Epoch: [12/23], Batch: 1990/2963, Loss: 62.730, Trans_L2_m: 0.426, Yaw_err_deg: 1.551
Epoch: [12/23], Batch: 2000/2963, Loss: 66.836, Trans_L2_m: 0.522, Yaw_err_deg: 1.082
Epoch: [12/23], Batch: 2010/2963, Loss: 59.751, Trans_L2_m: 0.436, Yaw_err_deg: 0.977
Epoch: [12/23], Batch: 2020/2963, Loss: 68.333, Trans_L2_m: 0.320, Yaw_err_deg: 1.853
Epoch: [12/23], Batch: 2030/2963, Loss: 63.879, Trans_L2_m: 0.534, Yaw_err_deg: 1.324
Epoch: [12/23], Batch: 2040/2963, Loss: 57.245, Trans_L2_m: 0.537, Yaw_err_deg: 1.018
Epoch: [12/23], Batch: 2050/2963, Loss: 74.438, Trans_L2_m: 0.621, Yaw_err_deg: 1.384
Epoch: [12/23], Batch: 2060/2963, Loss: 57.607, Trans_L2_m: 0.449, Yaw_err_deg: 0.969
Epoch: [12/23], Batch: 2070/2963, Loss: 69.327, Trans_L2_m: 0.358, Yaw_err_deg: 1.357
Epoch: [12/23], Batch: 2080/2963, Loss: 63.045, Trans_L2_m: 0.492, Yaw_err_deg: 1.155
Epoch: [12/23], Batch: 2090/2963, Loss: 57.345, Trans_L2_m: 0.536, Yaw_err_deg: 0.861
Epoch: [12/23], Batch: 2100/2963, Loss: 78.697, Trans_L2_m: 0.430, Yaw_err_deg: 1.653
Epoch: [12/23], Batch: 2110/2963, Loss: 120.287, Trans_L2_m: 0.404, Yaw_err_deg: 2.825
Epoch: [12/23], Batch: 2120/2963, Loss: 65.454, Trans_L2_m: 0.459, Yaw_err_deg: 1.097
Epoch: [12/23], Batch: 2130/2963, Loss: 65.209, Trans_L2_m: 0.394, Yaw_err_deg: 1.305
Epoch: [12/23], Batch: 2140/2963, Loss: 56.102, Trans_L2_m: 0.378, Yaw_err_deg: 1.271
Epoch: [12/23], Batch: 2150/2963, Loss: 48.100, Trans_L2_m: 0.389, Yaw_err_deg: 0.809
Epoch: [12/23], Batch: 2160/2963, Loss: 49.306, Trans_L2_m: 0.379, Yaw_err_deg: 1.025
Epoch: [12/23], Batch: 2170/2963, Loss: 52.833, Trans_L2_m: 0.407, Yaw_err_deg: 1.038
Epoch: [12/23], Batch: 2180/2963, Loss: 61.000, Trans_L2_m: 0.414, Yaw_err_deg: 1.338
Epoch: [12/23], Batch: 2190/2963, Loss: 56.648, Trans_L2_m: 0.309, Yaw_err_deg: 1.114
Epoch: [12/23], Batch: 2200/2963, Loss: 65.021, Trans_L2_m: 0.539, Yaw_err_deg: 1.431
Epoch: [12/23], Batch: 2210/2963, Loss: 74.970, Trans_L2_m: 0.359, Yaw_err_deg: 1.573
Epoch: [12/23], Batch: 2220/2963, Loss: 84.372, Trans_L2_m: 0.407, Yaw_err_deg: 1.956
Epoch: [12/23], Batch: 2230/2963, Loss: 57.334, Trans_L2_m: 0.441, Yaw_err_deg: 0.935
Epoch: [12/23], Batch: 2240/2963, Loss: 65.542, Trans_L2_m: 0.429, Yaw_err_deg: 1.608
Epoch: [12/23], Batch: 2250/2963, Loss: 61.132, Trans_L2_m: 0.408, Yaw_err_deg: 1.224
Epoch: [12/23], Batch: 2260/2963, Loss: 54.171, Trans_L2_m: 0.408, Yaw_err_deg: 1.107
Epoch: [12/23], Batch: 2270/2963, Loss: 54.370, Trans_L2_m: 0.409, Yaw_err_deg: 1.203
Epoch: [12/23], Batch: 2280/2963, Loss: 85.123, Trans_L2_m: 0.458, Yaw_err_deg: 1.757
Epoch: [12/23], Batch: 2290/2963, Loss: 58.479, Trans_L2_m: 0.671, Yaw_err_deg: 0.835
Epoch: [12/23], Batch: 2300/2963, Loss: 57.983, Trans_L2_m: 0.398, Yaw_err_deg: 1.236
Epoch: [12/23], Batch: 2310/2963, Loss: 68.596, Trans_L2_m: 0.363, Yaw_err_deg: 1.711
Epoch: [12/23], Batch: 2320/2963, Loss: 77.445, Trans_L2_m: 0.363, Yaw_err_deg: 1.844
Epoch: [12/23], Batch: 2330/2963, Loss: 47.745, Trans_L2_m: 0.385, Yaw_err_deg: 0.849
Epoch: [12/23], Batch: 2340/2963, Loss: 66.730, Trans_L2_m: 0.423, Yaw_err_deg: 1.043
Epoch: [12/23], Batch: 2350/2963, Loss: 54.079, Trans_L2_m: 0.492, Yaw_err_deg: 1.009
Epoch: [12/23], Batch: 2360/2963, Loss: 61.859, Trans_L2_m: 0.410, Yaw_err_deg: 1.052
Epoch: [12/23], Batch: 2370/2963, Loss: 76.622, Trans_L2_m: 0.329, Yaw_err_deg: 1.408
Epoch: [12/23], Batch: 2380/2963, Loss: 59.654, Trans_L2_m: 0.488, Yaw_err_deg: 1.183
Epoch: [12/23], Batch: 2390/2963, Loss: 68.735, Trans_L2_m: 0.424, Yaw_err_deg: 1.537
Epoch: [12/23], Batch: 2400/2963, Loss: 58.483, Trans_L2_m: 0.421, Yaw_err_deg: 1.112
Epoch: [12/23], Batch: 2410/2963, Loss: 88.919, Trans_L2_m: 0.440, Yaw_err_deg: 1.972
Epoch: [12/23], Batch: 2420/2963, Loss: 55.665, Trans_L2_m: 0.297, Yaw_err_deg: 1.090
Epoch: [12/23], Batch: 2430/2963, Loss: 64.804, Trans_L2_m: 0.431, Yaw_err_deg: 1.054
Epoch: [12/23], Batch: 2440/2963, Loss: 58.802, Trans_L2_m: 0.307, Yaw_err_deg: 1.168
Epoch: [12/23], Batch: 2450/2963, Loss: 67.171, Trans_L2_m: 0.525, Yaw_err_deg: 1.397
Epoch: [12/23], Batch: 2460/2963, Loss: 76.087, Trans_L2_m: 0.471, Yaw_err_deg: 1.687
Epoch: [12/23], Batch: 2470/2963, Loss: 61.218, Trans_L2_m: 0.475, Yaw_err_deg: 1.302
Epoch: [12/23], Batch: 2480/2963, Loss: 54.491, Trans_L2_m: 0.447, Yaw_err_deg: 0.841
Epoch: [12/23], Batch: 2490/2963, Loss: 101.326, Trans_L2_m: 0.560, Yaw_err_deg: 1.656
Epoch: [12/23], Batch: 2500/2963, Loss: 55.585, Trans_L2_m: 0.476, Yaw_err_deg: 0.915
Epoch: [12/23], Batch: 2510/2963, Loss: 49.735, Trans_L2_m: 0.319, Yaw_err_deg: 1.021
Epoch: [12/23], Batch: 2520/2963, Loss: 48.773, Trans_L2_m: 0.599, Yaw_err_deg: 0.668
Epoch: [12/23], Batch: 2530/2963, Loss: 63.503, Trans_L2_m: 0.512, Yaw_err_deg: 1.179
Epoch: [12/23], Batch: 2540/2963, Loss: 61.121, Trans_L2_m: 0.433, Yaw_err_deg: 1.305
Epoch: [12/23], Batch: 2550/2963, Loss: 60.991, Trans_L2_m: 0.477, Yaw_err_deg: 1.405
Epoch: [12/23], Batch: 2560/2963, Loss: 90.076, Trans_L2_m: 0.419, Yaw_err_deg: 2.465
Epoch: [12/23], Batch: 2570/2963, Loss: 62.429, Trans_L2_m: 0.347, Yaw_err_deg: 1.287
Epoch: [12/23], Batch: 2580/2963, Loss: 69.887, Trans_L2_m: 0.333, Yaw_err_deg: 1.616
Epoch: [12/23], Batch: 2590/2963, Loss: 56.641, Trans_L2_m: 0.364, Yaw_err_deg: 1.353
Epoch: [12/23], Batch: 2600/2963, Loss: 55.860, Trans_L2_m: 0.547, Yaw_err_deg: 1.184
Epoch: [12/23], Batch: 2610/2963, Loss: 90.795, Trans_L2_m: 0.437, Yaw_err_deg: 1.755
Epoch: [12/23], Batch: 2620/2963, Loss: 52.680, Trans_L2_m: 0.303, Yaw_err_deg: 1.030
Epoch: [12/23], Batch: 2630/2963, Loss: 183.005, Trans_L2_m: 0.523, Yaw_err_deg: 2.473
Epoch: [12/23], Batch: 2640/2963, Loss: 58.244, Trans_L2_m: 0.473, Yaw_err_deg: 1.283
Epoch: [12/23], Batch: 2650/2963, Loss: 53.575, Trans_L2_m: 0.442, Yaw_err_deg: 1.043
Epoch: [12/23], Batch: 2660/2963, Loss: 67.861, Trans_L2_m: 0.513, Yaw_err_deg: 1.258
Epoch: [12/23], Batch: 2670/2963, Loss: 50.412, Trans_L2_m: 0.382, Yaw_err_deg: 0.994
Epoch: [12/23], Batch: 2680/2963, Loss: 60.518, Trans_L2_m: 0.579, Yaw_err_deg: 1.008
Epoch: [12/23], Batch: 2690/2963, Loss: 75.177, Trans_L2_m: 0.501, Yaw_err_deg: 1.702
Epoch: [12/23], Batch: 2700/2963, Loss: 83.422, Trans_L2_m: 0.412, Yaw_err_deg: 1.437
Epoch: [12/23], Batch: 2710/2963, Loss: 87.048, Trans_L2_m: 0.335, Yaw_err_deg: 1.902
Epoch: [12/23], Batch: 2720/2963, Loss: 63.183, Trans_L2_m: 0.460, Yaw_err_deg: 1.211
Epoch: [12/23], Batch: 2730/2963, Loss: 64.557, Trans_L2_m: 0.503, Yaw_err_deg: 1.406
Epoch: [12/23], Batch: 2740/2963, Loss: 72.567, Trans_L2_m: 0.386, Yaw_err_deg: 1.684
Epoch: [12/23], Batch: 2750/2963, Loss: 62.506, Trans_L2_m: 0.551, Yaw_err_deg: 1.235
Epoch: [12/23], Batch: 2760/2963, Loss: 55.504, Trans_L2_m: 0.493, Yaw_err_deg: 0.968
Epoch: [12/23], Batch: 2770/2963, Loss: 62.852, Trans_L2_m: 0.312, Yaw_err_deg: 1.268
Epoch: [12/23], Batch: 2780/2963, Loss: 60.723, Trans_L2_m: 0.487, Yaw_err_deg: 1.265
Epoch: [12/23], Batch: 2790/2963, Loss: 54.295, Trans_L2_m: 0.363, Yaw_err_deg: 1.276
Epoch: [12/23], Batch: 2800/2963, Loss: 63.168, Trans_L2_m: 0.371, Yaw_err_deg: 1.313
Epoch: [12/23], Batch: 2810/2963, Loss: 58.893, Trans_L2_m: 0.519, Yaw_err_deg: 1.140
Epoch: [12/23], Batch: 2820/2963, Loss: 62.807, Trans_L2_m: 0.511, Yaw_err_deg: 1.169
Epoch: [12/23], Batch: 2830/2963, Loss: 85.975, Trans_L2_m: 0.627, Yaw_err_deg: 1.881
Epoch: [12/23], Batch: 2840/2963, Loss: 61.958, Trans_L2_m: 0.367, Yaw_err_deg: 1.635
Epoch: [12/23], Batch: 2850/2963, Loss: 54.754, Trans_L2_m: 0.373, Yaw_err_deg: 1.211
Epoch: [12/23], Batch: 2860/2963, Loss: 58.997, Trans_L2_m: 0.375, Yaw_err_deg: 1.474
Epoch: [12/23], Batch: 2870/2963, Loss: 55.954, Trans_L2_m: 0.416, Yaw_err_deg: 1.183
Epoch: [12/23], Batch: 2880/2963, Loss: 77.198, Trans_L2_m: 0.487, Yaw_err_deg: 1.590
Epoch: [12/23], Batch: 2890/2963, Loss: 69.887, Trans_L2_m: 0.367, Yaw_err_deg: 1.591
Epoch: [12/23], Batch: 2900/2963, Loss: 53.577, Trans_L2_m: 0.412, Yaw_err_deg: 0.857
Epoch: [12/23], Batch: 2910/2963, Loss: 50.399, Trans_L2_m: 0.402, Yaw_err_deg: 0.839
Epoch: [12/23], Batch: 2920/2963, Loss: 85.116, Trans_L2_m: 0.419, Yaw_err_deg: 1.957
Epoch: [12/23], Batch: 2930/2963, Loss: 46.711, Trans_L2_m: 0.457, Yaw_err_deg: 0.998
Epoch: [12/23], Batch: 2940/2963, Loss: 52.512, Trans_L2_m: 0.580, Yaw_err_deg: 0.966
Epoch: [12/23], Batch: 2950/2963, Loss: 66.375, Trans_L2_m: 0.380, Yaw_err_deg: 1.176
Epoch: [12/23], Batch: 2960/2963, Loss: 49.739, Trans_L2_m: 0.446, Yaw_err_deg: 0.915
Epoch: [13/23], Batch: 0/2963, Loss: 61.286, Trans_L2_m: 0.365, Yaw_err_deg: 1.404
Epoch: [13/23], Batch: 10/2963, Loss: 71.146, Trans_L2_m: 0.517, Yaw_err_deg: 1.407
Epoch: [13/23], Batch: 20/2963, Loss: 64.056, Trans_L2_m: 0.466, Yaw_err_deg: 1.299
Epoch: [13/23], Batch: 30/2963, Loss: 56.122, Trans_L2_m: 0.334, Yaw_err_deg: 1.143
Epoch: [13/23], Batch: 40/2963, Loss: 55.694, Trans_L2_m: 0.413, Yaw_err_deg: 1.190
Epoch: [13/23], Batch: 50/2963, Loss: 69.811, Trans_L2_m: 0.441, Yaw_err_deg: 1.283
Epoch: [13/23], Batch: 60/2963, Loss: 71.710, Trans_L2_m: 0.449, Yaw_err_deg: 1.670
Epoch: [13/23], Batch: 70/2963, Loss: 62.717, Trans_L2_m: 0.429, Yaw_err_deg: 1.400
Epoch: [13/23], Batch: 80/2963, Loss: 68.109, Trans_L2_m: 0.472, Yaw_err_deg: 1.582
Epoch: [13/23], Batch: 90/2963, Loss: 65.156, Trans_L2_m: 0.483, Yaw_err_deg: 1.316
Epoch: [13/23], Batch: 100/2963, Loss: 71.427, Trans_L2_m: 0.472, Yaw_err_deg: 1.492
Epoch: [13/23], Batch: 110/2963, Loss: 57.422, Trans_L2_m: 0.488, Yaw_err_deg: 0.934
Epoch: [13/23], Batch: 120/2963, Loss: 59.310, Trans_L2_m: 0.564, Yaw_err_deg: 1.109
Epoch: [13/23], Batch: 130/2963, Loss: 68.787, Trans_L2_m: 0.667, Yaw_err_deg: 1.446
Epoch: [13/23], Batch: 140/2963, Loss: 70.536, Trans_L2_m: 0.567, Yaw_err_deg: 1.493
Epoch: [13/23], Batch: 150/2963, Loss: 55.837, Trans_L2_m: 0.468, Yaw_err_deg: 0.943
Epoch: [13/23], Batch: 160/2963, Loss: 60.140, Trans_L2_m: 0.526, Yaw_err_deg: 0.760
Epoch: [13/23], Batch: 170/2963, Loss: 62.050, Trans_L2_m: 0.520, Yaw_err_deg: 0.849
Epoch: [13/23], Batch: 180/2963, Loss: 67.342, Trans_L2_m: 0.442, Yaw_err_deg: 1.203
Epoch: [13/23], Batch: 190/2963, Loss: 58.572, Trans_L2_m: 0.635, Yaw_err_deg: 0.806
Epoch: [13/23], Batch: 200/2963, Loss: 54.073, Trans_L2_m: 0.336, Yaw_err_deg: 1.262
Epoch: [13/23], Batch: 210/2963, Loss: 69.615, Trans_L2_m: 0.352, Yaw_err_deg: 1.164
Epoch: [13/23], Batch: 220/2963, Loss: 45.927, Trans_L2_m: 0.396, Yaw_err_deg: 0.643
Epoch: [13/23], Batch: 230/2963, Loss: 56.462, Trans_L2_m: 0.377, Yaw_err_deg: 1.243
Epoch: [13/23], Batch: 240/2963, Loss: 53.967, Trans_L2_m: 0.404, Yaw_err_deg: 0.921
Epoch: [13/23], Batch: 250/2963, Loss: 53.979, Trans_L2_m: 0.528, Yaw_err_deg: 1.134
Epoch: [13/23], Batch: 260/2963, Loss: 51.223, Trans_L2_m: 0.443, Yaw_err_deg: 0.824
Epoch: [13/23], Batch: 270/2963, Loss: 63.337, Trans_L2_m: 0.553, Yaw_err_deg: 1.309
Epoch: [13/23], Batch: 280/2963, Loss: 53.012, Trans_L2_m: 0.499, Yaw_err_deg: 0.862
Epoch: [13/23], Batch: 290/2963, Loss: 68.188, Trans_L2_m: 0.415, Yaw_err_deg: 1.353
Epoch: [13/23], Batch: 300/2963, Loss: 59.842, Trans_L2_m: 0.560, Yaw_err_deg: 1.145
Epoch: [13/23], Batch: 310/2963, Loss: 53.345, Trans_L2_m: 0.468, Yaw_err_deg: 0.778
Epoch: [13/23], Batch: 320/2963, Loss: 40.802, Trans_L2_m: 0.430, Yaw_err_deg: 0.834
Epoch: [13/23], Batch: 330/2963, Loss: 58.833, Trans_L2_m: 0.414, Yaw_err_deg: 1.166
Epoch: [13/23], Batch: 340/2963, Loss: 54.569, Trans_L2_m: 0.431, Yaw_err_deg: 0.950
Epoch: [13/23], Batch: 350/2963, Loss: 65.157, Trans_L2_m: 0.368, Yaw_err_deg: 1.318
Epoch: [13/23], Batch: 360/2963, Loss: 48.305, Trans_L2_m: 0.414, Yaw_err_deg: 1.011
Epoch: [13/23], Batch: 370/2963, Loss: 62.689, Trans_L2_m: 0.424, Yaw_err_deg: 0.979
Epoch: [13/23], Batch: 380/2963, Loss: 67.877, Trans_L2_m: 0.588, Yaw_err_deg: 0.998
Epoch: [13/23], Batch: 390/2963, Loss: 59.041, Trans_L2_m: 0.478, Yaw_err_deg: 1.171
Epoch: [13/23], Batch: 400/2963, Loss: 57.972, Trans_L2_m: 0.525, Yaw_err_deg: 1.009
Epoch: [13/23], Batch: 410/2963, Loss: 62.659, Trans_L2_m: 0.467, Yaw_err_deg: 1.329
Epoch: [13/23], Batch: 420/2963, Loss: 63.095, Trans_L2_m: 0.418, Yaw_err_deg: 1.562
Epoch: [13/23], Batch: 430/2963, Loss: 57.903, Trans_L2_m: 0.382, Yaw_err_deg: 1.209
Epoch: [13/23], Batch: 440/2963, Loss: 59.448, Trans_L2_m: 0.344, Yaw_err_deg: 1.373
Epoch: [13/23], Batch: 450/2963, Loss: 68.582, Trans_L2_m: 0.458, Yaw_err_deg: 1.563
Epoch: [13/23], Batch: 460/2963, Loss: 50.969, Trans_L2_m: 0.446, Yaw_err_deg: 0.869
Epoch: [13/23], Batch: 470/2963, Loss: 127.773, Trans_L2_m: 0.483, Yaw_err_deg: 2.916
Epoch: [13/23], Batch: 480/2963, Loss: 77.888, Trans_L2_m: 0.513, Yaw_err_deg: 1.590
Epoch: [13/23], Batch: 490/2963, Loss: 52.558, Trans_L2_m: 0.438, Yaw_err_deg: 1.056
Epoch: [13/23], Batch: 500/2963, Loss: 52.824, Trans_L2_m: 0.467, Yaw_err_deg: 1.081
Epoch: [13/23], Batch: 510/2963, Loss: 56.961, Trans_L2_m: 0.417, Yaw_err_deg: 1.117
Epoch: [13/23], Batch: 520/2963, Loss: 54.812, Trans_L2_m: 0.571, Yaw_err_deg: 0.951
Epoch: [13/23], Batch: 530/2963, Loss: 48.701, Trans_L2_m: 0.319, Yaw_err_deg: 0.867
Epoch: [13/23], Batch: 540/2963, Loss: 60.995, Trans_L2_m: 0.402, Yaw_err_deg: 1.460
Epoch: [13/23], Batch: 550/2963, Loss: 49.251, Trans_L2_m: 0.305, Yaw_err_deg: 0.989
Epoch: [13/23], Batch: 560/2963, Loss: 67.823, Trans_L2_m: 0.491, Yaw_err_deg: 1.340
Epoch: [13/23], Batch: 570/2963, Loss: 64.226, Trans_L2_m: 0.468, Yaw_err_deg: 1.468
Epoch: [13/23], Batch: 580/2963, Loss: 60.337, Trans_L2_m: 0.529, Yaw_err_deg: 1.268
Epoch: [13/23], Batch: 590/2963, Loss: 53.528, Trans_L2_m: 0.511, Yaw_err_deg: 0.893
Epoch: [13/23], Batch: 600/2963, Loss: 57.354, Trans_L2_m: 0.560, Yaw_err_deg: 1.054
Epoch: [13/23], Batch: 610/2963, Loss: 53.489, Trans_L2_m: 0.548, Yaw_err_deg: 1.114
Epoch: [13/23], Batch: 620/2963, Loss: 60.646, Trans_L2_m: 0.385, Yaw_err_deg: 0.858
Epoch: [13/23], Batch: 630/2963, Loss: 51.105, Trans_L2_m: 0.385, Yaw_err_deg: 0.948
Epoch: [13/23], Batch: 640/2963, Loss: 70.490, Trans_L2_m: 0.553, Yaw_err_deg: 1.570
Epoch: [13/23], Batch: 650/2963, Loss: 56.248, Trans_L2_m: 0.420, Yaw_err_deg: 1.094
Epoch: [13/23], Batch: 660/2963, Loss: 67.547, Trans_L2_m: 0.309, Yaw_err_deg: 1.539
Epoch: [13/23], Batch: 670/2963, Loss: 53.847, Trans_L2_m: 0.364, Yaw_err_deg: 1.143
Epoch: [13/23], Batch: 680/2963, Loss: 62.756, Trans_L2_m: 0.347, Yaw_err_deg: 1.642
Epoch: [13/23], Batch: 690/2963, Loss: 73.823, Trans_L2_m: 0.427, Yaw_err_deg: 1.267
Epoch: [13/23], Batch: 700/2963, Loss: 50.236, Trans_L2_m: 0.411, Yaw_err_deg: 1.263
Epoch: [13/23], Batch: 710/2963, Loss: 62.026, Trans_L2_m: 0.485, Yaw_err_deg: 1.418
Epoch: [13/23], Batch: 720/2963, Loss: 58.033, Trans_L2_m: 0.543, Yaw_err_deg: 1.258
Epoch: [13/23], Batch: 730/2963, Loss: 60.708, Trans_L2_m: 0.448, Yaw_err_deg: 1.078
Epoch: [13/23], Batch: 740/2963, Loss: 57.451, Trans_L2_m: 0.437, Yaw_err_deg: 1.254
Epoch: [13/23], Batch: 750/2963, Loss: 63.048, Trans_L2_m: 0.474, Yaw_err_deg: 1.317
Epoch: [13/23], Batch: 760/2963, Loss: 80.725, Trans_L2_m: 0.482, Yaw_err_deg: 1.619
Epoch: [13/23], Batch: 770/2963, Loss: 93.194, Trans_L2_m: 0.509, Yaw_err_deg: 2.183
Epoch: [13/23], Batch: 780/2963, Loss: 59.706, Trans_L2_m: 0.297, Yaw_err_deg: 1.525
Epoch: [13/23], Batch: 790/2963, Loss: 54.969, Trans_L2_m: 0.423, Yaw_err_deg: 1.241
Epoch: [13/23], Batch: 800/2963, Loss: 72.124, Trans_L2_m: 0.425, Yaw_err_deg: 1.815
Epoch: [13/23], Batch: 810/2963, Loss: 60.368, Trans_L2_m: 0.601, Yaw_err_deg: 1.152
Epoch: [13/23], Batch: 820/2963, Loss: 59.985, Trans_L2_m: 0.479, Yaw_err_deg: 1.120
Epoch: [13/23], Batch: 830/2963, Loss: 55.795, Trans_L2_m: 0.588, Yaw_err_deg: 0.916
Epoch: [13/23], Batch: 840/2963, Loss: 43.155, Trans_L2_m: 0.352, Yaw_err_deg: 0.665
Epoch: [13/23], Batch: 850/2963, Loss: 63.380, Trans_L2_m: 0.448, Yaw_err_deg: 1.101
Epoch: [13/23], Batch: 860/2963, Loss: 54.098, Trans_L2_m: 0.453, Yaw_err_deg: 0.958
Epoch: [13/23], Batch: 870/2963, Loss: 65.192, Trans_L2_m: 0.719, Yaw_err_deg: 1.200
Epoch: [13/23], Batch: 880/2963, Loss: 54.858, Trans_L2_m: 0.496, Yaw_err_deg: 0.951
Epoch: [13/23], Batch: 890/2963, Loss: 55.079, Trans_L2_m: 0.462, Yaw_err_deg: 0.973
Epoch: [13/23], Batch: 900/2963, Loss: 50.252, Trans_L2_m: 0.347, Yaw_err_deg: 1.040
Epoch: [13/23], Batch: 910/2963, Loss: 61.953, Trans_L2_m: 0.501, Yaw_err_deg: 1.023
Epoch: [13/23], Batch: 920/2963, Loss: 57.826, Trans_L2_m: 0.512, Yaw_err_deg: 1.113
Epoch: [13/23], Batch: 930/2963, Loss: 59.021, Trans_L2_m: 0.525, Yaw_err_deg: 0.981
Epoch: [13/23], Batch: 940/2963, Loss: 57.636, Trans_L2_m: 0.459, Yaw_err_deg: 1.391
Epoch: [13/23], Batch: 950/2963, Loss: 61.388, Trans_L2_m: 0.482, Yaw_err_deg: 1.431
Epoch: [13/23], Batch: 960/2963, Loss: 56.522, Trans_L2_m: 0.513, Yaw_err_deg: 1.074
Epoch: [13/23], Batch: 970/2963, Loss: 60.350, Trans_L2_m: 0.437, Yaw_err_deg: 1.503
Epoch: [13/23], Batch: 980/2963, Loss: 75.024, Trans_L2_m: 0.539, Yaw_err_deg: 1.568
Epoch: [13/23], Batch: 990/2963, Loss: 64.152, Trans_L2_m: 0.527, Yaw_err_deg: 1.434
Epoch: [13/23], Batch: 1000/2963, Loss: 51.214, Trans_L2_m: 0.439, Yaw_err_deg: 0.989
Epoch: [13/23], Batch: 1010/2963, Loss: 62.194, Trans_L2_m: 0.465, Yaw_err_deg: 1.470
Epoch: [13/23], Batch: 1020/2963, Loss: 57.620, Trans_L2_m: 0.454, Yaw_err_deg: 1.158
Epoch: [13/23], Batch: 1030/2963, Loss: 55.009, Trans_L2_m: 0.529, Yaw_err_deg: 0.950
Epoch: [13/23], Batch: 1040/2963, Loss: 44.350, Trans_L2_m: 0.365, Yaw_err_deg: 0.762
Epoch: [13/23], Batch: 1050/2963, Loss: 106.818, Trans_L2_m: 0.527, Yaw_err_deg: 1.802
Epoch: [13/23], Batch: 1060/2963, Loss: 83.409, Trans_L2_m: 0.456, Yaw_err_deg: 1.661
Epoch: [13/23], Batch: 1070/2963, Loss: 52.435, Trans_L2_m: 0.431, Yaw_err_deg: 0.713
Epoch: [13/23], Batch: 1080/2963, Loss: 55.871, Trans_L2_m: 0.513, Yaw_err_deg: 0.812
Epoch: [13/23], Batch: 1090/2963, Loss: 50.606, Trans_L2_m: 0.444, Yaw_err_deg: 1.011
Epoch: [13/23], Batch: 1100/2963, Loss: 62.590, Trans_L2_m: 0.592, Yaw_err_deg: 1.138
Epoch: [13/23], Batch: 1110/2963, Loss: 51.083, Trans_L2_m: 0.479, Yaw_err_deg: 0.982
Epoch: [13/23], Batch: 1120/2963, Loss: 62.872, Trans_L2_m: 0.520, Yaw_err_deg: 1.122
Epoch: [13/23], Batch: 1130/2963, Loss: 60.448, Trans_L2_m: 0.492, Yaw_err_deg: 1.332
Epoch: [13/23], Batch: 1140/2963, Loss: 54.772, Trans_L2_m: 0.471, Yaw_err_deg: 1.128
Epoch: [13/23], Batch: 1150/2963, Loss: 58.529, Trans_L2_m: 0.476, Yaw_err_deg: 0.944
Epoch: [13/23], Batch: 1160/2963, Loss: 63.186, Trans_L2_m: 0.354, Yaw_err_deg: 1.295
Epoch: [13/23], Batch: 1170/2963, Loss: 57.337, Trans_L2_m: 0.391, Yaw_err_deg: 1.242
Epoch: [13/23], Batch: 1180/2963, Loss: 50.677, Trans_L2_m: 0.324, Yaw_err_deg: 0.955
Epoch: [13/23], Batch: 1190/2963, Loss: 62.026, Trans_L2_m: 0.522, Yaw_err_deg: 1.169
Epoch: [13/23], Batch: 1200/2963, Loss: 56.560, Trans_L2_m: 0.516, Yaw_err_deg: 0.910
Epoch: [13/23], Batch: 1210/2963, Loss: 48.717, Trans_L2_m: 0.368, Yaw_err_deg: 0.993
Epoch: [13/23], Batch: 1220/2963, Loss: 48.457, Trans_L2_m: 0.467, Yaw_err_deg: 0.767
Epoch: [13/23], Batch: 1230/2963, Loss: 53.520, Trans_L2_m: 0.272, Yaw_err_deg: 1.156
Epoch: [13/23], Batch: 1240/2963, Loss: 58.111, Trans_L2_m: 0.488, Yaw_err_deg: 0.911
Epoch: [13/23], Batch: 1250/2963, Loss: 77.488, Trans_L2_m: 0.552, Yaw_err_deg: 1.343
Epoch: [13/23], Batch: 1260/2963, Loss: 50.132, Trans_L2_m: 0.390, Yaw_err_deg: 0.874
Epoch: [13/23], Batch: 1270/2963, Loss: 62.719, Trans_L2_m: 0.346, Yaw_err_deg: 1.344
Epoch: [13/23], Batch: 1280/2963, Loss: 65.463, Trans_L2_m: 0.554, Yaw_err_deg: 1.283
Epoch: [13/23], Batch: 1290/2963, Loss: 56.587, Trans_L2_m: 0.578, Yaw_err_deg: 0.737
Epoch: [13/23], Batch: 1300/2963, Loss: 56.625, Trans_L2_m: 0.476, Yaw_err_deg: 1.163
Epoch: [13/23], Batch: 1310/2963, Loss: 57.093, Trans_L2_m: 0.553, Yaw_err_deg: 1.201
Epoch: [13/23], Batch: 1320/2963, Loss: 52.322, Trans_L2_m: 0.425, Yaw_err_deg: 0.872
Epoch: [13/23], Batch: 1330/2963, Loss: 60.961, Trans_L2_m: 0.469, Yaw_err_deg: 1.327
Epoch: [13/23], Batch: 1340/2963, Loss: 49.495, Trans_L2_m: 0.471, Yaw_err_deg: 1.255
Epoch: [13/23], Batch: 1350/2963, Loss: 56.700, Trans_L2_m: 0.302, Yaw_err_deg: 1.499
Epoch: [13/23], Batch: 1360/2963, Loss: 65.900, Trans_L2_m: 0.464, Yaw_err_deg: 1.475
Epoch: [13/23], Batch: 1370/2963, Loss: 49.500, Trans_L2_m: 0.459, Yaw_err_deg: 0.841
Epoch: [13/23], Batch: 1380/2963, Loss: 73.329, Trans_L2_m: 0.398, Yaw_err_deg: 1.388
Epoch: [13/23], Batch: 1390/2963, Loss: 56.872, Trans_L2_m: 0.309, Yaw_err_deg: 1.196
Epoch: [13/23], Batch: 1400/2963, Loss: 76.989, Trans_L2_m: 0.429, Yaw_err_deg: 1.705
Epoch: [13/23], Batch: 1410/2963, Loss: 75.017, Trans_L2_m: 0.404, Yaw_err_deg: 1.786
Epoch: [13/23], Batch: 1420/2963, Loss: 59.567, Trans_L2_m: 0.459, Yaw_err_deg: 1.205
Epoch: [13/23], Batch: 1430/2963, Loss: 77.518, Trans_L2_m: 0.489, Yaw_err_deg: 1.437
Epoch: [13/23], Batch: 1440/2963, Loss: 84.710, Trans_L2_m: 0.357, Yaw_err_deg: 2.183
Epoch: [13/23], Batch: 1450/2963, Loss: 45.031, Trans_L2_m: 0.293, Yaw_err_deg: 0.862
Epoch: [13/23], Batch: 1460/2963, Loss: 80.017, Trans_L2_m: 0.523, Yaw_err_deg: 1.535
Epoch: [13/23], Batch: 1470/2963, Loss: 60.249, Trans_L2_m: 0.376, Yaw_err_deg: 1.134
Epoch: [13/23], Batch: 1480/2963, Loss: 55.595, Trans_L2_m: 0.489, Yaw_err_deg: 0.982
Epoch: [13/23], Batch: 1490/2963, Loss: 69.122, Trans_L2_m: 0.481, Yaw_err_deg: 1.683
Epoch: [13/23], Batch: 1500/2963, Loss: 63.589, Trans_L2_m: 0.427, Yaw_err_deg: 1.569
Epoch: [13/23], Batch: 1510/2963, Loss: 55.684, Trans_L2_m: 0.409, Yaw_err_deg: 1.310
Epoch: [13/23], Batch: 1520/2963, Loss: 57.929, Trans_L2_m: 0.653, Yaw_err_deg: 0.753
Epoch: [13/23], Batch: 1530/2963, Loss: 62.329, Trans_L2_m: 0.469, Yaw_err_deg: 1.018
Epoch: [13/23], Batch: 1540/2963, Loss: 56.695, Trans_L2_m: 0.441, Yaw_err_deg: 0.931
Epoch: [13/23], Batch: 1550/2963, Loss: 72.290, Trans_L2_m: 0.408, Yaw_err_deg: 1.536
Epoch: [13/23], Batch: 1560/2963, Loss: 67.653, Trans_L2_m: 0.510, Yaw_err_deg: 1.469
Epoch: [13/23], Batch: 1570/2963, Loss: 54.045, Trans_L2_m: 0.377, Yaw_err_deg: 1.073
Epoch: [13/23], Batch: 1580/2963, Loss: 124.751, Trans_L2_m: 0.496, Yaw_err_deg: 2.102
Epoch: [13/23], Batch: 1590/2963, Loss: 53.728, Trans_L2_m: 0.501, Yaw_err_deg: 0.797
Epoch: [13/23], Batch: 1600/2963, Loss: 48.942, Trans_L2_m: 0.439, Yaw_err_deg: 0.868
Epoch: [13/23], Batch: 1610/2963, Loss: 59.142, Trans_L2_m: 0.495, Yaw_err_deg: 1.023
Epoch: [13/23], Batch: 1620/2963, Loss: 52.386, Trans_L2_m: 0.455, Yaw_err_deg: 0.932
Epoch: [13/23], Batch: 1630/2963, Loss: 78.168, Trans_L2_m: 0.309, Yaw_err_deg: 2.020
Epoch: [13/23], Batch: 1640/2963, Loss: 60.117, Trans_L2_m: 0.295, Yaw_err_deg: 1.471
Epoch: [13/23], Batch: 1650/2963, Loss: 48.196, Trans_L2_m: 0.313, Yaw_err_deg: 0.988
Epoch: [13/23], Batch: 1660/2963, Loss: 63.866, Trans_L2_m: 0.344, Yaw_err_deg: 1.322
Epoch: [13/23], Batch: 1670/2963, Loss: 57.120, Trans_L2_m: 0.441, Yaw_err_deg: 1.277
Epoch: [13/23], Batch: 1680/2963, Loss: 56.631, Trans_L2_m: 0.460, Yaw_err_deg: 1.115
Epoch: [13/23], Batch: 1690/2963, Loss: 56.829, Trans_L2_m: 0.466, Yaw_err_deg: 0.819
Epoch: [13/23], Batch: 1700/2963, Loss: 51.706, Trans_L2_m: 0.492, Yaw_err_deg: 0.985
Epoch: [13/23], Batch: 1710/2963, Loss: 53.728, Trans_L2_m: 0.404, Yaw_err_deg: 1.092
Epoch: [13/23], Batch: 1720/2963, Loss: 76.662, Trans_L2_m: 0.496, Yaw_err_deg: 1.572
Epoch: [13/23], Batch: 1730/2963, Loss: 46.025, Trans_L2_m: 0.447, Yaw_err_deg: 0.787
Epoch: [13/23], Batch: 1740/2963, Loss: 51.400, Trans_L2_m: 0.502, Yaw_err_deg: 0.982
Epoch: [13/23], Batch: 1750/2963, Loss: 54.023, Trans_L2_m: 0.351, Yaw_err_deg: 1.218
Epoch: [13/23], Batch: 1760/2963, Loss: 58.287, Trans_L2_m: 0.384, Yaw_err_deg: 1.489
Epoch: [13/23], Batch: 1770/2963, Loss: 70.356, Trans_L2_m: 0.698, Yaw_err_deg: 1.204
Epoch: [13/23], Batch: 1780/2963, Loss: 54.597, Trans_L2_m: 0.472, Yaw_err_deg: 1.067
Epoch: [13/23], Batch: 1790/2963, Loss: 56.205, Trans_L2_m: 0.429, Yaw_err_deg: 1.046
Epoch: [13/23], Batch: 1800/2963, Loss: 54.978, Trans_L2_m: 0.401, Yaw_err_deg: 1.054
Epoch: [13/23], Batch: 1810/2963, Loss: 53.335, Trans_L2_m: 0.496, Yaw_err_deg: 0.742
Epoch: [13/23], Batch: 1820/2963, Loss: 71.622, Trans_L2_m: 0.516, Yaw_err_deg: 1.711
Epoch: [13/23], Batch: 1830/2963, Loss: 58.785, Trans_L2_m: 0.478, Yaw_err_deg: 1.103
Epoch: [13/23], Batch: 1840/2963, Loss: 55.320, Trans_L2_m: 0.566, Yaw_err_deg: 0.849
Epoch: [13/23], Batch: 1850/2963, Loss: 51.855, Trans_L2_m: 0.469, Yaw_err_deg: 0.962
Epoch: [13/23], Batch: 1860/2963, Loss: 52.600, Trans_L2_m: 0.447, Yaw_err_deg: 1.231
Epoch: [13/23], Batch: 1870/2963, Loss: 56.390, Trans_L2_m: 0.433, Yaw_err_deg: 1.055
Epoch: [13/23], Batch: 1880/2963, Loss: 58.863, Trans_L2_m: 0.388, Yaw_err_deg: 1.208
Epoch: [13/23], Batch: 1890/2963, Loss: 75.089, Trans_L2_m: 0.454, Yaw_err_deg: 1.461
Epoch: [13/23], Batch: 1900/2963, Loss: 49.970, Trans_L2_m: 0.456, Yaw_err_deg: 1.210
Epoch: [13/23], Batch: 1910/2963, Loss: 76.115, Trans_L2_m: 0.515, Yaw_err_deg: 1.483
Epoch: [13/23], Batch: 1920/2963, Loss: 62.760, Trans_L2_m: 0.430, Yaw_err_deg: 1.253
Epoch: [13/23], Batch: 1930/2963, Loss: 75.768, Trans_L2_m: 0.419, Yaw_err_deg: 1.479
Epoch: [13/23], Batch: 1940/2963, Loss: 46.431, Trans_L2_m: 0.372, Yaw_err_deg: 0.777
Epoch: [13/23], Batch: 1950/2963, Loss: 61.947, Trans_L2_m: 0.569, Yaw_err_deg: 1.397
Epoch: [13/23], Batch: 1960/2963, Loss: 78.092, Trans_L2_m: 0.481, Yaw_err_deg: 1.577
Epoch: [13/23], Batch: 1970/2963, Loss: 47.619, Trans_L2_m: 0.391, Yaw_err_deg: 0.948
Epoch: [13/23], Batch: 1980/2963, Loss: 66.266, Trans_L2_m: 0.519, Yaw_err_deg: 1.250
Epoch: [13/23], Batch: 1990/2963, Loss: 63.043, Trans_L2_m: 0.377, Yaw_err_deg: 1.476
Epoch: [13/23], Batch: 2000/2963, Loss: 52.416, Trans_L2_m: 0.305, Yaw_err_deg: 1.119
Epoch: [13/23], Batch: 2010/2963, Loss: 49.691, Trans_L2_m: 0.555, Yaw_err_deg: 0.772
Epoch: [13/23], Batch: 2020/2963, Loss: 55.184, Trans_L2_m: 0.360, Yaw_err_deg: 1.167
Epoch: [13/23], Batch: 2030/2963, Loss: 64.730, Trans_L2_m: 0.561, Yaw_err_deg: 1.182
Epoch: [13/23], Batch: 2040/2963, Loss: 52.658, Trans_L2_m: 0.372, Yaw_err_deg: 1.046
Epoch: [13/23], Batch: 2050/2963, Loss: 58.232, Trans_L2_m: 0.451, Yaw_err_deg: 1.153
Epoch: [13/23], Batch: 2060/2963, Loss: 63.007, Trans_L2_m: 0.460, Yaw_err_deg: 1.301
Epoch: [13/23], Batch: 2070/2963, Loss: 59.729, Trans_L2_m: 0.324, Yaw_err_deg: 1.483
Epoch: [13/23], Batch: 2080/2963, Loss: 58.760, Trans_L2_m: 0.334, Yaw_err_deg: 1.214
Epoch: [13/23], Batch: 2090/2963, Loss: 49.425, Trans_L2_m: 0.475, Yaw_err_deg: 0.711
Epoch: [13/23], Batch: 2100/2963, Loss: 58.300, Trans_L2_m: 0.476, Yaw_err_deg: 1.027
Epoch: [13/23], Batch: 2110/2963, Loss: 59.921, Trans_L2_m: 0.469, Yaw_err_deg: 1.227
Epoch: [13/23], Batch: 2120/2963, Loss: 58.983, Trans_L2_m: 0.431, Yaw_err_deg: 0.965
Epoch: [13/23], Batch: 2130/2963, Loss: 50.290, Trans_L2_m: 0.360, Yaw_err_deg: 0.822
Epoch: [13/23], Batch: 2140/2963, Loss: 53.549, Trans_L2_m: 0.294, Yaw_err_deg: 1.413
Epoch: [13/23], Batch: 2150/2963, Loss: 53.700, Trans_L2_m: 0.407, Yaw_err_deg: 1.129
Epoch: [13/23], Batch: 2160/2963, Loss: 56.582, Trans_L2_m: 0.380, Yaw_err_deg: 1.000
Epoch: [13/23], Batch: 2170/2963, Loss: 138.433, Trans_L2_m: 0.591, Yaw_err_deg: 2.608
Epoch: [13/23], Batch: 2180/2963, Loss: 71.064, Trans_L2_m: 0.611, Yaw_err_deg: 1.422
Epoch: [13/23], Batch: 2190/2963, Loss: 55.665, Trans_L2_m: 0.397, Yaw_err_deg: 1.084
Epoch: [13/23], Batch: 2200/2963, Loss: 61.944, Trans_L2_m: 0.359, Yaw_err_deg: 1.005
Epoch: [13/23], Batch: 2210/2963, Loss: 57.562, Trans_L2_m: 0.546, Yaw_err_deg: 1.155
Epoch: [13/23], Batch: 2220/2963, Loss: 52.228, Trans_L2_m: 0.479, Yaw_err_deg: 0.856
Epoch: [13/23], Batch: 2230/2963, Loss: 56.319, Trans_L2_m: 0.400, Yaw_err_deg: 0.908
Epoch: [13/23], Batch: 2240/2963, Loss: 74.173, Trans_L2_m: 0.401, Yaw_err_deg: 1.373
Epoch: [13/23], Batch: 2250/2963, Loss: 68.937, Trans_L2_m: 0.377, Yaw_err_deg: 1.581
Epoch: [13/23], Batch: 2260/2963, Loss: 54.723, Trans_L2_m: 0.474, Yaw_err_deg: 1.051
Epoch: [13/23], Batch: 2270/2963, Loss: 62.682, Trans_L2_m: 0.386, Yaw_err_deg: 1.018
Epoch: [13/23], Batch: 2280/2963, Loss: 53.397, Trans_L2_m: 0.417, Yaw_err_deg: 0.842
Epoch: [13/23], Batch: 2290/2963, Loss: 56.378, Trans_L2_m: 0.502, Yaw_err_deg: 1.282
Epoch: [13/23], Batch: 2300/2963, Loss: 58.788, Trans_L2_m: 0.481, Yaw_err_deg: 1.100
Epoch: [13/23], Batch: 2310/2963, Loss: 61.248, Trans_L2_m: 0.728, Yaw_err_deg: 1.107
Epoch: [13/23], Batch: 2320/2963, Loss: 60.917, Trans_L2_m: 0.496, Yaw_err_deg: 1.157
Epoch: [13/23], Batch: 2330/2963, Loss: 57.087, Trans_L2_m: 0.350, Yaw_err_deg: 1.301
Epoch: [13/23], Batch: 2340/2963, Loss: 57.640, Trans_L2_m: 0.556, Yaw_err_deg: 0.954
Epoch: [13/23], Batch: 2350/2963, Loss: 57.906, Trans_L2_m: 0.560, Yaw_err_deg: 0.966
Epoch: [13/23], Batch: 2360/2963, Loss: 58.936, Trans_L2_m: 0.522, Yaw_err_deg: 1.135
Epoch: [13/23], Batch: 2370/2963, Loss: 66.038, Trans_L2_m: 0.520, Yaw_err_deg: 1.217
Epoch: [13/23], Batch: 2380/2963, Loss: 65.816, Trans_L2_m: 0.390, Yaw_err_deg: 1.718
Epoch: [13/23], Batch: 2390/2963, Loss: 56.168, Trans_L2_m: 0.463, Yaw_err_deg: 1.195
Epoch: [13/23], Batch: 2400/2963, Loss: 63.773, Trans_L2_m: 0.401, Yaw_err_deg: 1.311
Epoch: [13/23], Batch: 2410/2963, Loss: 81.573, Trans_L2_m: 0.383, Yaw_err_deg: 1.983
Epoch: [13/23], Batch: 2420/2963, Loss: 68.585, Trans_L2_m: 0.524, Yaw_err_deg: 1.026
Epoch: [13/23], Batch: 2430/2963, Loss: 50.537, Trans_L2_m: 0.529, Yaw_err_deg: 0.829
Epoch: [13/23], Batch: 2440/2963, Loss: 61.932, Trans_L2_m: 0.476, Yaw_err_deg: 1.233
Epoch: [13/23], Batch: 2450/2963, Loss: 60.776, Trans_L2_m: 0.461, Yaw_err_deg: 1.504
Epoch: [13/23], Batch: 2460/2963, Loss: 78.932, Trans_L2_m: 0.426, Yaw_err_deg: 1.576
Epoch: [13/23], Batch: 2470/2963, Loss: 61.520, Trans_L2_m: 0.375, Yaw_err_deg: 1.163
Epoch: [13/23], Batch: 2480/2963, Loss: 56.795, Trans_L2_m: 0.393, Yaw_err_deg: 1.218
Epoch: [13/23], Batch: 2490/2963, Loss: 68.369, Trans_L2_m: 0.487, Yaw_err_deg: 1.282
Epoch: [13/23], Batch: 2500/2963, Loss: 61.614, Trans_L2_m: 0.465, Yaw_err_deg: 1.010
Epoch: [13/23], Batch: 2510/2963, Loss: 53.348, Trans_L2_m: 0.415, Yaw_err_deg: 0.875
Epoch: [13/23], Batch: 2520/2963, Loss: 52.293, Trans_L2_m: 0.434, Yaw_err_deg: 0.756
Epoch: [13/23], Batch: 2530/2963, Loss: 83.813, Trans_L2_m: 0.406, Yaw_err_deg: 2.336
Epoch: [13/23], Batch: 2540/2963, Loss: 55.382, Trans_L2_m: 0.418, Yaw_err_deg: 1.147
Epoch: [13/23], Batch: 2550/2963, Loss: 97.069, Trans_L2_m: 0.355, Yaw_err_deg: 1.229
Epoch: [13/23], Batch: 2560/2963, Loss: 51.272, Trans_L2_m: 0.360, Yaw_err_deg: 1.100
Epoch: [13/23], Batch: 2570/2963, Loss: 60.424, Trans_L2_m: 0.523, Yaw_err_deg: 1.271
Epoch: [13/23], Batch: 2580/2963, Loss: 49.176, Trans_L2_m: 0.497, Yaw_err_deg: 0.834
Epoch: [13/23], Batch: 2590/2963, Loss: 63.815, Trans_L2_m: 0.562, Yaw_err_deg: 1.185
Epoch: [13/23], Batch: 2600/2963, Loss: 73.339, Trans_L2_m: 0.509, Yaw_err_deg: 1.938
Epoch: [13/23], Batch: 2610/2963, Loss: 57.848, Trans_L2_m: 0.476, Yaw_err_deg: 1.363
Epoch: [13/23], Batch: 2620/2963, Loss: 50.286, Trans_L2_m: 0.487, Yaw_err_deg: 0.779
Epoch: [13/23], Batch: 2630/2963, Loss: 71.071, Trans_L2_m: 0.485, Yaw_err_deg: 1.504
Epoch: [13/23], Batch: 2640/2963, Loss: 58.644, Trans_L2_m: 0.446, Yaw_err_deg: 1.279
Epoch: [13/23], Batch: 2650/2963, Loss: 71.682, Trans_L2_m: 0.499, Yaw_err_deg: 1.515
Epoch: [13/23], Batch: 2660/2963, Loss: 80.156, Trans_L2_m: 0.376, Yaw_err_deg: 1.662
Epoch: [13/23], Batch: 2670/2963, Loss: 56.863, Trans_L2_m: 0.520, Yaw_err_deg: 1.182
Epoch: [13/23], Batch: 2680/2963, Loss: 72.352, Trans_L2_m: 0.391, Yaw_err_deg: 1.511
Epoch: [13/23], Batch: 2690/2963, Loss: 57.698, Trans_L2_m: 0.450, Yaw_err_deg: 1.129
Epoch: [13/23], Batch: 2700/2963, Loss: 52.177, Trans_L2_m: 0.450, Yaw_err_deg: 0.685
Epoch: [13/23], Batch: 2710/2963, Loss: 50.579, Trans_L2_m: 0.413, Yaw_err_deg: 0.640
Epoch: [13/23], Batch: 2720/2963, Loss: 56.094, Trans_L2_m: 0.434, Yaw_err_deg: 0.972
Epoch: [13/23], Batch: 2730/2963, Loss: 66.419, Trans_L2_m: 0.447, Yaw_err_deg: 1.392
Epoch: [13/23], Batch: 2740/2963, Loss: 60.614, Trans_L2_m: 0.469, Yaw_err_deg: 1.118
Epoch: [13/23], Batch: 2750/2963, Loss: 57.074, Trans_L2_m: 0.485, Yaw_err_deg: 0.948
Epoch: [13/23], Batch: 2760/2963, Loss: 50.770, Trans_L2_m: 0.326, Yaw_err_deg: 1.071
Epoch: [13/23], Batch: 2770/2963, Loss: 55.527, Trans_L2_m: 0.570, Yaw_err_deg: 0.766
Epoch: [13/23], Batch: 2780/2963, Loss: 57.504, Trans_L2_m: 0.399, Yaw_err_deg: 1.245
Epoch: [13/23], Batch: 2790/2963, Loss: 49.328, Trans_L2_m: 0.350, Yaw_err_deg: 1.131
Epoch: [13/23], Batch: 2800/2963, Loss: 44.892, Trans_L2_m: 0.298, Yaw_err_deg: 0.730
Epoch: [13/23], Batch: 2810/2963, Loss: 62.212, Trans_L2_m: 0.427, Yaw_err_deg: 1.307
Epoch: [13/23], Batch: 2820/2963, Loss: 62.030, Trans_L2_m: 0.457, Yaw_err_deg: 1.077
Epoch: [13/23], Batch: 2830/2963, Loss: 57.001, Trans_L2_m: 0.673, Yaw_err_deg: 0.985
Epoch: [13/23], Batch: 2840/2963, Loss: 60.437, Trans_L2_m: 0.413, Yaw_err_deg: 1.253
Epoch: [13/23], Batch: 2850/2963, Loss: 60.166, Trans_L2_m: 0.443, Yaw_err_deg: 0.766
Epoch: [13/23], Batch: 2860/2963, Loss: 54.642, Trans_L2_m: 0.475, Yaw_err_deg: 0.817
Epoch: [13/23], Batch: 2870/2963, Loss: 65.469, Trans_L2_m: 0.572, Yaw_err_deg: 1.322
Epoch: [13/23], Batch: 2880/2963, Loss: 56.160, Trans_L2_m: 0.520, Yaw_err_deg: 1.050
Epoch: [13/23], Batch: 2890/2963, Loss: 53.776, Trans_L2_m: 0.489, Yaw_err_deg: 1.049
Epoch: [13/23], Batch: 2900/2963, Loss: 60.306, Trans_L2_m: 0.497, Yaw_err_deg: 1.065
Epoch: [13/23], Batch: 2910/2963, Loss: 54.738, Trans_L2_m: 0.419, Yaw_err_deg: 0.964
Epoch: [13/23], Batch: 2920/2963, Loss: 48.415, Trans_L2_m: 0.414, Yaw_err_deg: 0.820
Epoch: [13/23], Batch: 2930/2963, Loss: 58.586, Trans_L2_m: 0.426, Yaw_err_deg: 1.301
Epoch: [13/23], Batch: 2940/2963, Loss: 53.851, Trans_L2_m: 0.450, Yaw_err_deg: 1.164
Epoch: [13/23], Batch: 2950/2963, Loss: 59.731, Trans_L2_m: 0.459, Yaw_err_deg: 1.265
Epoch: [13/23], Batch: 2960/2963, Loss: 74.495, Trans_L2_m: 0.534, Yaw_err_deg: 1.857
Validation loss (homography): 838.5882
Avg batch time: 1026.81 ms, total: 333.192 s
[1;91mVal has no improvement vs 805.7615356445312![0m
Epoch: [14/23], Batch: 0/2963, Loss: 73.386, Trans_L2_m: 0.312, Yaw_err_deg: 2.019
Epoch: [14/23], Batch: 10/2963, Loss: 52.129, Trans_L2_m: 0.461, Yaw_err_deg: 0.950
Epoch: [14/23], Batch: 20/2963, Loss: 79.542, Trans_L2_m: 0.409, Yaw_err_deg: 1.807
Epoch: [14/23], Batch: 30/2963, Loss: 44.217, Trans_L2_m: 0.463, Yaw_err_deg: 0.595
Epoch: [14/23], Batch: 40/2963, Loss: 54.642, Trans_L2_m: 0.432, Yaw_err_deg: 1.124
Epoch: [14/23], Batch: 50/2963, Loss: 49.113, Trans_L2_m: 0.386, Yaw_err_deg: 0.902
Epoch: [14/23], Batch: 60/2963, Loss: 61.516, Trans_L2_m: 0.528, Yaw_err_deg: 0.701
Epoch: [14/23], Batch: 70/2963, Loss: 51.387, Trans_L2_m: 0.503, Yaw_err_deg: 0.894
Epoch: [14/23], Batch: 80/2963, Loss: 45.212, Trans_L2_m: 0.340, Yaw_err_deg: 1.019
Epoch: [14/23], Batch: 90/2963, Loss: 53.784, Trans_L2_m: 0.365, Yaw_err_deg: 1.099
Epoch: [14/23], Batch: 100/2963, Loss: 61.955, Trans_L2_m: 0.362, Yaw_err_deg: 1.166
Epoch: [14/23], Batch: 110/2963, Loss: 53.468, Trans_L2_m: 0.417, Yaw_err_deg: 0.849
Epoch: [14/23], Batch: 120/2963, Loss: 50.331, Trans_L2_m: 0.388, Yaw_err_deg: 1.203
Epoch: [14/23], Batch: 130/2963, Loss: 60.527, Trans_L2_m: 0.580, Yaw_err_deg: 1.174
Epoch: [14/23], Batch: 140/2963, Loss: 59.243, Trans_L2_m: 0.424, Yaw_err_deg: 1.343
Epoch: [14/23], Batch: 150/2963, Loss: 56.265, Trans_L2_m: 0.525, Yaw_err_deg: 1.053
Epoch: [14/23], Batch: 160/2963, Loss: 60.358, Trans_L2_m: 0.682, Yaw_err_deg: 0.720
Epoch: [14/23], Batch: 170/2963, Loss: 46.214, Trans_L2_m: 0.304, Yaw_err_deg: 0.790
Epoch: [14/23], Batch: 180/2963, Loss: 55.222, Trans_L2_m: 0.424, Yaw_err_deg: 1.138
Epoch: [14/23], Batch: 190/2963, Loss: 52.162, Trans_L2_m: 0.379, Yaw_err_deg: 1.069
Epoch: [14/23], Batch: 200/2963, Loss: 54.924, Trans_L2_m: 0.314, Yaw_err_deg: 1.136
Epoch: [14/23], Batch: 210/2963, Loss: 53.616, Trans_L2_m: 0.381, Yaw_err_deg: 0.855
Epoch: [14/23], Batch: 220/2963, Loss: 51.145, Trans_L2_m: 0.417, Yaw_err_deg: 0.917
Epoch: [14/23], Batch: 230/2963, Loss: 53.529, Trans_L2_m: 0.485, Yaw_err_deg: 1.124
Epoch: [14/23], Batch: 240/2963, Loss: 54.307, Trans_L2_m: 0.415, Yaw_err_deg: 0.918
Epoch: [14/23], Batch: 250/2963, Loss: 53.166, Trans_L2_m: 0.487, Yaw_err_deg: 0.907
Epoch: [14/23], Batch: 260/2963, Loss: 54.363, Trans_L2_m: 0.449, Yaw_err_deg: 0.918
Epoch: [14/23], Batch: 270/2963, Loss: 51.808, Trans_L2_m: 0.474, Yaw_err_deg: 0.926
Epoch: [14/23], Batch: 280/2963, Loss: 50.840, Trans_L2_m: 0.499, Yaw_err_deg: 0.927
Epoch: [14/23], Batch: 290/2963, Loss: 51.375, Trans_L2_m: 0.503, Yaw_err_deg: 0.915
Epoch: [14/23], Batch: 300/2963, Loss: 49.131, Trans_L2_m: 0.583, Yaw_err_deg: 0.695
Epoch: [14/23], Batch: 310/2963, Loss: 50.277, Trans_L2_m: 0.503, Yaw_err_deg: 0.626
Epoch: [14/23], Batch: 320/2963, Loss: 60.157, Trans_L2_m: 0.403, Yaw_err_deg: 0.848
Epoch: [14/23], Batch: 330/2963, Loss: 74.232, Trans_L2_m: 0.449, Yaw_err_deg: 1.418
Epoch: [14/23], Batch: 340/2963, Loss: 76.859, Trans_L2_m: 0.677, Yaw_err_deg: 1.415
Epoch: [14/23], Batch: 350/2963, Loss: 61.753, Trans_L2_m: 0.515, Yaw_err_deg: 1.313
Epoch: [14/23], Batch: 360/2963, Loss: 68.651, Trans_L2_m: 0.550, Yaw_err_deg: 1.350
Epoch: [14/23], Batch: 370/2963, Loss: 68.465, Trans_L2_m: 0.747, Yaw_err_deg: 1.555
Epoch: [14/23], Batch: 380/2963, Loss: 52.889, Trans_L2_m: 0.423, Yaw_err_deg: 0.794
Epoch: [14/23], Batch: 390/2963, Loss: 55.065, Trans_L2_m: 0.415, Yaw_err_deg: 1.044
Epoch: [14/23], Batch: 400/2963, Loss: 57.995, Trans_L2_m: 0.525, Yaw_err_deg: 1.160
Epoch: [14/23], Batch: 410/2963, Loss: 49.982, Trans_L2_m: 0.388, Yaw_err_deg: 0.946
Epoch: [14/23], Batch: 420/2963, Loss: 48.722, Trans_L2_m: 0.519, Yaw_err_deg: 0.626
Epoch: [14/23], Batch: 430/2963, Loss: 57.039, Trans_L2_m: 0.394, Yaw_err_deg: 1.140
Epoch: [14/23], Batch: 440/2963, Loss: 53.296, Trans_L2_m: 0.397, Yaw_err_deg: 1.129
Epoch: [14/23], Batch: 450/2963, Loss: 55.717, Trans_L2_m: 0.426, Yaw_err_deg: 0.886
Epoch: [14/23], Batch: 460/2963, Loss: 52.182, Trans_L2_m: 0.515, Yaw_err_deg: 0.983
Epoch: [14/23], Batch: 470/2963, Loss: 52.999, Trans_L2_m: 0.445, Yaw_err_deg: 1.039
Epoch: [14/23], Batch: 480/2963, Loss: 52.653, Trans_L2_m: 0.483, Yaw_err_deg: 0.993
Epoch: [14/23], Batch: 490/2963, Loss: 59.474, Trans_L2_m: 0.595, Yaw_err_deg: 1.270
Epoch: [14/23], Batch: 500/2963, Loss: 54.827, Trans_L2_m: 0.412, Yaw_err_deg: 1.101
Epoch: [14/23], Batch: 510/2963, Loss: 57.587, Trans_L2_m: 0.479, Yaw_err_deg: 1.102
Epoch: [14/23], Batch: 520/2963, Loss: 67.786, Trans_L2_m: 0.491, Yaw_err_deg: 1.452
Epoch: [14/23], Batch: 530/2963, Loss: 50.174, Trans_L2_m: 0.493, Yaw_err_deg: 0.748
Epoch: [14/23], Batch: 540/2963, Loss: 61.481, Trans_L2_m: 0.366, Yaw_err_deg: 1.073
Epoch: [14/23], Batch: 550/2963, Loss: 87.812, Trans_L2_m: 0.467, Yaw_err_deg: 1.569
Epoch: [14/23], Batch: 560/2963, Loss: 47.246, Trans_L2_m: 0.446, Yaw_err_deg: 0.769
Epoch: [14/23], Batch: 570/2963, Loss: 47.406, Trans_L2_m: 0.600, Yaw_err_deg: 0.779
Epoch: [14/23], Batch: 580/2963, Loss: 51.727, Trans_L2_m: 0.416, Yaw_err_deg: 1.032
Epoch: [14/23], Batch: 590/2963, Loss: 56.149, Trans_L2_m: 0.482, Yaw_err_deg: 0.980
Epoch: [14/23], Batch: 600/2963, Loss: 57.640, Trans_L2_m: 0.416, Yaw_err_deg: 1.040
Epoch: [14/23], Batch: 610/2963, Loss: 61.100, Trans_L2_m: 0.590, Yaw_err_deg: 1.176
Epoch: [14/23], Batch: 620/2963, Loss: 60.174, Trans_L2_m: 0.465, Yaw_err_deg: 1.041
Epoch: [14/23], Batch: 630/2963, Loss: 45.039, Trans_L2_m: 0.411, Yaw_err_deg: 0.917
Epoch: [14/23], Batch: 640/2963, Loss: 47.778, Trans_L2_m: 0.271, Yaw_err_deg: 0.942
Epoch: [14/23], Batch: 650/2963, Loss: 59.868, Trans_L2_m: 0.336, Yaw_err_deg: 1.401
Epoch: [14/23], Batch: 660/2963, Loss: 66.992, Trans_L2_m: 0.525, Yaw_err_deg: 1.323
Epoch: [14/23], Batch: 670/2963, Loss: 54.836, Trans_L2_m: 0.429, Yaw_err_deg: 1.013
Epoch: [14/23], Batch: 680/2963, Loss: 64.559, Trans_L2_m: 0.461, Yaw_err_deg: 1.396
Epoch: [14/23], Batch: 690/2963, Loss: 51.603, Trans_L2_m: 0.348, Yaw_err_deg: 1.083
Epoch: [14/23], Batch: 700/2963, Loss: 58.953, Trans_L2_m: 0.399, Yaw_err_deg: 1.481
Epoch: [14/23], Batch: 710/2963, Loss: 52.311, Trans_L2_m: 0.421, Yaw_err_deg: 0.707
Epoch: [14/23], Batch: 720/2963, Loss: 53.607, Trans_L2_m: 0.366, Yaw_err_deg: 1.057
Epoch: [14/23], Batch: 730/2963, Loss: 53.536, Trans_L2_m: 0.355, Yaw_err_deg: 1.064
Epoch: [14/23], Batch: 740/2963, Loss: 66.226, Trans_L2_m: 0.469, Yaw_err_deg: 1.550
Epoch: [14/23], Batch: 750/2963, Loss: 57.179, Trans_L2_m: 0.460, Yaw_err_deg: 0.655
Epoch: [14/23], Batch: 760/2963, Loss: 63.877, Trans_L2_m: 0.407, Yaw_err_deg: 1.443
Epoch: [14/23], Batch: 770/2963, Loss: 51.168, Trans_L2_m: 0.373, Yaw_err_deg: 1.099
Epoch: [14/23], Batch: 780/2963, Loss: 55.447, Trans_L2_m: 0.478, Yaw_err_deg: 1.173
Epoch: [14/23], Batch: 790/2963, Loss: 60.401, Trans_L2_m: 0.451, Yaw_err_deg: 1.188
Epoch: [14/23], Batch: 800/2963, Loss: 56.143, Trans_L2_m: 0.469, Yaw_err_deg: 1.388
Epoch: [14/23], Batch: 810/2963, Loss: 64.127, Trans_L2_m: 0.503, Yaw_err_deg: 1.421
Epoch: [14/23], Batch: 820/2963, Loss: 52.009, Trans_L2_m: 0.474, Yaw_err_deg: 1.145
Epoch: [14/23], Batch: 830/2963, Loss: 61.457, Trans_L2_m: 0.366, Yaw_err_deg: 1.220
Epoch: [14/23], Batch: 840/2963, Loss: 62.399, Trans_L2_m: 0.445, Yaw_err_deg: 1.068
Epoch: [14/23], Batch: 850/2963, Loss: 60.746, Trans_L2_m: 0.475, Yaw_err_deg: 1.088
Epoch: [14/23], Batch: 860/2963, Loss: 49.952, Trans_L2_m: 0.506, Yaw_err_deg: 0.801
Epoch: [14/23], Batch: 870/2963, Loss: 48.537, Trans_L2_m: 0.365, Yaw_err_deg: 0.636
Epoch: [14/23], Batch: 880/2963, Loss: 54.968, Trans_L2_m: 0.532, Yaw_err_deg: 1.026
Epoch: [14/23], Batch: 890/2963, Loss: 47.512, Trans_L2_m: 0.393, Yaw_err_deg: 0.875
Epoch: [14/23], Batch: 900/2963, Loss: 54.405, Trans_L2_m: 0.347, Yaw_err_deg: 1.404
Epoch: [14/23], Batch: 910/2963, Loss: 61.842, Trans_L2_m: 0.632, Yaw_err_deg: 1.130
Epoch: [14/23], Batch: 920/2963, Loss: 65.969, Trans_L2_m: 0.398, Yaw_err_deg: 1.442
Epoch: [14/23], Batch: 930/2963, Loss: 70.340, Trans_L2_m: 0.581, Yaw_err_deg: 1.461
Epoch: [14/23], Batch: 940/2963, Loss: 57.463, Trans_L2_m: 0.504, Yaw_err_deg: 1.234
Epoch: [14/23], Batch: 950/2963, Loss: 57.561, Trans_L2_m: 0.488, Yaw_err_deg: 1.309
Epoch: [14/23], Batch: 960/2963, Loss: 46.335, Trans_L2_m: 0.467, Yaw_err_deg: 0.701
Epoch: [14/23], Batch: 970/2963, Loss: 58.227, Trans_L2_m: 0.427, Yaw_err_deg: 1.419
Epoch: [14/23], Batch: 980/2963, Loss: 47.085, Trans_L2_m: 0.493, Yaw_err_deg: 0.575
Epoch: [14/23], Batch: 990/2963, Loss: 52.496, Trans_L2_m: 0.373, Yaw_err_deg: 1.196
Epoch: [14/23], Batch: 1000/2963, Loss: 54.318, Trans_L2_m: 0.484, Yaw_err_deg: 0.987
Epoch: [14/23], Batch: 1010/2963, Loss: 57.185, Trans_L2_m: 0.460, Yaw_err_deg: 1.099
Epoch: [14/23], Batch: 1020/2963, Loss: 59.845, Trans_L2_m: 0.456, Yaw_err_deg: 1.206
Epoch: [14/23], Batch: 1030/2963, Loss: 65.167, Trans_L2_m: 0.422, Yaw_err_deg: 1.733
Epoch: [14/23], Batch: 1040/2963, Loss: 59.080, Trans_L2_m: 0.416, Yaw_err_deg: 1.224
Epoch: [14/23], Batch: 1050/2963, Loss: 59.297, Trans_L2_m: 0.398, Yaw_err_deg: 1.345
Epoch: [14/23], Batch: 1060/2963, Loss: 56.668, Trans_L2_m: 0.512, Yaw_err_deg: 0.972
Epoch: [14/23], Batch: 1070/2963, Loss: 49.898, Trans_L2_m: 0.387, Yaw_err_deg: 0.654
Epoch: [14/23], Batch: 1080/2963, Loss: 60.487, Trans_L2_m: 0.330, Yaw_err_deg: 1.280
Epoch: [14/23], Batch: 1090/2963, Loss: 57.009, Trans_L2_m: 0.444, Yaw_err_deg: 0.914
Epoch: [14/23], Batch: 1100/2963, Loss: 55.688, Trans_L2_m: 0.460, Yaw_err_deg: 1.194
Epoch: [14/23], Batch: 1110/2963, Loss: 62.583, Trans_L2_m: 0.436, Yaw_err_deg: 1.652
Epoch: [14/23], Batch: 1120/2963, Loss: 59.978, Trans_L2_m: 0.347, Yaw_err_deg: 1.386
Epoch: [14/23], Batch: 1130/2963, Loss: 56.126, Trans_L2_m: 0.544, Yaw_err_deg: 0.965
Epoch: [14/23], Batch: 1140/2963, Loss: 53.238, Trans_L2_m: 0.612, Yaw_err_deg: 0.979
Epoch: [14/23], Batch: 1150/2963, Loss: 51.838, Trans_L2_m: 0.535, Yaw_err_deg: 0.860
Epoch: [14/23], Batch: 1160/2963, Loss: 81.668, Trans_L2_m: 0.567, Yaw_err_deg: 1.775
Epoch: [14/23], Batch: 1170/2963, Loss: 59.861, Trans_L2_m: 0.312, Yaw_err_deg: 1.236
Epoch: [14/23], Batch: 1180/2963, Loss: 53.401, Trans_L2_m: 0.401, Yaw_err_deg: 1.141
Epoch: [14/23], Batch: 1190/2963, Loss: 60.908, Trans_L2_m: 0.502, Yaw_err_deg: 1.048
Epoch: [14/23], Batch: 1200/2963, Loss: 54.382, Trans_L2_m: 0.391, Yaw_err_deg: 1.013
Epoch: [14/23], Batch: 1210/2963, Loss: 77.949, Trans_L2_m: 0.416, Yaw_err_deg: 1.891
Epoch: [14/23], Batch: 1220/2963, Loss: 53.392, Trans_L2_m: 0.384, Yaw_err_deg: 1.016
Epoch: [14/23], Batch: 1230/2963, Loss: 59.826, Trans_L2_m: 0.521, Yaw_err_deg: 1.014
Epoch: [14/23], Batch: 1240/2963, Loss: 56.611, Trans_L2_m: 0.420, Yaw_err_deg: 1.156
Epoch: [14/23], Batch: 1250/2963, Loss: 64.075, Trans_L2_m: 0.425, Yaw_err_deg: 1.066
Epoch: [14/23], Batch: 1260/2963, Loss: 50.944, Trans_L2_m: 0.422, Yaw_err_deg: 0.814
Epoch: [14/23], Batch: 1270/2963, Loss: 49.147, Trans_L2_m: 0.297, Yaw_err_deg: 0.992
Epoch: [14/23], Batch: 1280/2963, Loss: 64.841, Trans_L2_m: 0.779, Yaw_err_deg: 0.908
Epoch: [14/23], Batch: 1290/2963, Loss: 112.572, Trans_L2_m: 0.545, Yaw_err_deg: 1.429
Epoch: [14/23], Batch: 1300/2963, Loss: 81.204, Trans_L2_m: 0.521, Yaw_err_deg: 1.398
Epoch: [14/23], Batch: 1310/2963, Loss: 56.905, Trans_L2_m: 0.440, Yaw_err_deg: 0.911
Epoch: [14/23], Batch: 1320/2963, Loss: 62.370, Trans_L2_m: 0.588, Yaw_err_deg: 1.354
Epoch: [14/23], Batch: 1330/2963, Loss: 137.671, Trans_L2_m: 0.525, Yaw_err_deg: 2.178
Epoch: [14/23], Batch: 1340/2963, Loss: 49.717, Trans_L2_m: 0.383, Yaw_err_deg: 0.808
Epoch: [14/23], Batch: 1350/2963, Loss: 60.592, Trans_L2_m: 0.583, Yaw_err_deg: 0.903
Epoch: [14/23], Batch: 1360/2963, Loss: 65.653, Trans_L2_m: 0.477, Yaw_err_deg: 1.479
Epoch: [14/23], Batch: 1370/2963, Loss: 58.140, Trans_L2_m: 0.320, Yaw_err_deg: 1.242
Epoch: [14/23], Batch: 1380/2963, Loss: 72.845, Trans_L2_m: 0.514, Yaw_err_deg: 1.475
Epoch: [14/23], Batch: 1390/2963, Loss: 63.234, Trans_L2_m: 0.485, Yaw_err_deg: 1.645
Epoch: [14/23], Batch: 1400/2963, Loss: 50.746, Trans_L2_m: 0.413, Yaw_err_deg: 0.917
Epoch: [14/23], Batch: 1410/2963, Loss: 59.760, Trans_L2_m: 0.541, Yaw_err_deg: 1.202
Epoch: [14/23], Batch: 1420/2963, Loss: 72.492, Trans_L2_m: 0.458, Yaw_err_deg: 1.527
Epoch: [14/23], Batch: 1430/2963, Loss: 57.411, Trans_L2_m: 0.424, Yaw_err_deg: 1.147
Epoch: [14/23], Batch: 1440/2963, Loss: 58.738, Trans_L2_m: 0.339, Yaw_err_deg: 1.500
Epoch: [14/23], Batch: 1450/2963, Loss: 50.307, Trans_L2_m: 0.490, Yaw_err_deg: 0.740
Epoch: [14/23], Batch: 1460/2963, Loss: 57.451, Trans_L2_m: 0.554, Yaw_err_deg: 1.200
Epoch: [14/23], Batch: 1470/2963, Loss: 61.243, Trans_L2_m: 0.346, Yaw_err_deg: 1.504
Epoch: [14/23], Batch: 1480/2963, Loss: 55.275, Trans_L2_m: 0.472, Yaw_err_deg: 1.056
Epoch: [14/23], Batch: 1490/2963, Loss: 51.891, Trans_L2_m: 0.482, Yaw_err_deg: 1.056
Epoch: [14/23], Batch: 1500/2963, Loss: 52.812, Trans_L2_m: 0.418, Yaw_err_deg: 0.947
Epoch: [14/23], Batch: 1510/2963, Loss: 54.484, Trans_L2_m: 0.433, Yaw_err_deg: 1.163
Epoch: [14/23], Batch: 1520/2963, Loss: 50.485, Trans_L2_m: 0.400, Yaw_err_deg: 1.000
Epoch: [14/23], Batch: 1530/2963, Loss: 52.385, Trans_L2_m: 0.373, Yaw_err_deg: 0.911
Epoch: [14/23], Batch: 1540/2963, Loss: 158.914, Trans_L2_m: 0.332, Yaw_err_deg: 2.571
Epoch: [14/23], Batch: 1550/2963, Loss: 56.076, Trans_L2_m: 0.630, Yaw_err_deg: 0.783
Epoch: [14/23], Batch: 1560/2963, Loss: 49.268, Trans_L2_m: 0.418, Yaw_err_deg: 0.814
Epoch: [14/23], Batch: 1570/2963, Loss: 53.056, Trans_L2_m: 0.348, Yaw_err_deg: 1.060
Epoch: [14/23], Batch: 1580/2963, Loss: 56.160, Trans_L2_m: 0.464, Yaw_err_deg: 1.063
Epoch: [14/23], Batch: 1590/2963, Loss: 64.323, Trans_L2_m: 0.498, Yaw_err_deg: 1.287
Epoch: [14/23], Batch: 1600/2963, Loss: 62.655, Trans_L2_m: 0.535, Yaw_err_deg: 1.051
Epoch: [14/23], Batch: 1610/2963, Loss: 53.868, Trans_L2_m: 0.456, Yaw_err_deg: 1.078
Epoch: [14/23], Batch: 1620/2963, Loss: 59.781, Trans_L2_m: 0.372, Yaw_err_deg: 1.175
Epoch: [14/23], Batch: 1630/2963, Loss: 67.890, Trans_L2_m: 0.506, Yaw_err_deg: 1.321
Epoch: [14/23], Batch: 1640/2963, Loss: 67.712, Trans_L2_m: 0.362, Yaw_err_deg: 1.066
Epoch: [14/23], Batch: 1650/2963, Loss: 58.845, Trans_L2_m: 0.374, Yaw_err_deg: 1.090
Epoch: [14/23], Batch: 1660/2963, Loss: 61.731, Trans_L2_m: 0.547, Yaw_err_deg: 0.971
Epoch: [14/23], Batch: 1670/2963, Loss: 57.083, Trans_L2_m: 0.443, Yaw_err_deg: 1.167
Epoch: [14/23], Batch: 1680/2963, Loss: 54.568, Trans_L2_m: 0.352, Yaw_err_deg: 1.061
Epoch: [14/23], Batch: 1690/2963, Loss: 55.211, Trans_L2_m: 0.378, Yaw_err_deg: 1.108
Epoch: [14/23], Batch: 1700/2963, Loss: 57.924, Trans_L2_m: 0.445, Yaw_err_deg: 0.991
Epoch: [14/23], Batch: 1710/2963, Loss: 54.693, Trans_L2_m: 0.515, Yaw_err_deg: 1.083
Epoch: [14/23], Batch: 1720/2963, Loss: 65.575, Trans_L2_m: 0.437, Yaw_err_deg: 1.253
Epoch: [14/23], Batch: 1730/2963, Loss: 46.597, Trans_L2_m: 0.512, Yaw_err_deg: 0.646
Epoch: [14/23], Batch: 1740/2963, Loss: 400.970, Trans_L2_m: 0.384, Yaw_err_deg: 2.895
Epoch: [14/23], Batch: 1750/2963, Loss: 57.060, Trans_L2_m: 0.493, Yaw_err_deg: 1.211
Epoch: [14/23], Batch: 1760/2963, Loss: 56.061, Trans_L2_m: 0.380, Yaw_err_deg: 1.230
Epoch: [14/23], Batch: 1770/2963, Loss: 60.397, Trans_L2_m: 0.560, Yaw_err_deg: 1.027
Epoch: [14/23], Batch: 1780/2963, Loss: 52.543, Trans_L2_m: 0.641, Yaw_err_deg: 0.853
Epoch: [14/23], Batch: 1790/2963, Loss: 57.162, Trans_L2_m: 0.494, Yaw_err_deg: 1.260
Epoch: [14/23], Batch: 1800/2963, Loss: 74.700, Trans_L2_m: 0.419, Yaw_err_deg: 1.386
Epoch: [14/23], Batch: 1810/2963, Loss: 68.675, Trans_L2_m: 0.516, Yaw_err_deg: 1.188
Epoch: [14/23], Batch: 1820/2963, Loss: 72.549, Trans_L2_m: 0.480, Yaw_err_deg: 1.321
Epoch: [14/23], Batch: 1830/2963, Loss: 52.078, Trans_L2_m: 0.333, Yaw_err_deg: 1.110
Epoch: [14/23], Batch: 1840/2963, Loss: 54.411, Trans_L2_m: 0.415, Yaw_err_deg: 0.976
Epoch: [14/23], Batch: 1850/2963, Loss: 57.632, Trans_L2_m: 0.520, Yaw_err_deg: 0.954
Epoch: [14/23], Batch: 1860/2963, Loss: 75.019, Trans_L2_m: 0.422, Yaw_err_deg: 1.946
Epoch: [14/23], Batch: 1870/2963, Loss: 41.872, Trans_L2_m: 0.317, Yaw_err_deg: 0.840
Epoch: [14/23], Batch: 1880/2963, Loss: 60.695, Trans_L2_m: 0.289, Yaw_err_deg: 1.316
Epoch: [14/23], Batch: 1890/2963, Loss: 48.044, Trans_L2_m: 0.442, Yaw_err_deg: 0.876
Epoch: [14/23], Batch: 1900/2963, Loss: 55.495, Trans_L2_m: 0.501, Yaw_err_deg: 1.046
Epoch: [14/23], Batch: 1910/2963, Loss: 55.860, Trans_L2_m: 0.371, Yaw_err_deg: 1.469
Epoch: [14/23], Batch: 1920/2963, Loss: 51.675, Trans_L2_m: 0.460, Yaw_err_deg: 0.938
Epoch: [14/23], Batch: 1930/2963, Loss: 80.786, Trans_L2_m: 0.327, Yaw_err_deg: 1.887
Epoch: [14/23], Batch: 1940/2963, Loss: 54.220, Trans_L2_m: 0.437, Yaw_err_deg: 0.898
Epoch: [14/23], Batch: 1950/2963, Loss: 47.824, Trans_L2_m: 0.340, Yaw_err_deg: 1.055
Epoch: [14/23], Batch: 1960/2963, Loss: 67.330, Trans_L2_m: 0.442, Yaw_err_deg: 1.368
Epoch: [14/23], Batch: 1970/2963, Loss: 56.864, Trans_L2_m: 0.492, Yaw_err_deg: 1.188
Epoch: [14/23], Batch: 1980/2963, Loss: 64.449, Trans_L2_m: 0.495, Yaw_err_deg: 1.394
Epoch: [14/23], Batch: 1990/2963, Loss: 61.460, Trans_L2_m: 0.532, Yaw_err_deg: 1.305
Epoch: [14/23], Batch: 2000/2963, Loss: 55.906, Trans_L2_m: 0.498, Yaw_err_deg: 1.094
Epoch: [14/23], Batch: 2010/2963, Loss: 51.152, Trans_L2_m: 0.541, Yaw_err_deg: 1.056
Epoch: [14/23], Batch: 2020/2963, Loss: 48.487, Trans_L2_m: 0.442, Yaw_err_deg: 0.537
Epoch: [14/23], Batch: 2030/2963, Loss: 49.488, Trans_L2_m: 0.546, Yaw_err_deg: 0.878
Epoch: [14/23], Batch: 2040/2963, Loss: 62.858, Trans_L2_m: 0.524, Yaw_err_deg: 1.232
Epoch: [14/23], Batch: 2050/2963, Loss: 47.771, Trans_L2_m: 0.389, Yaw_err_deg: 0.704
Epoch: [14/23], Batch: 2060/2963, Loss: 58.639, Trans_L2_m: 0.540, Yaw_err_deg: 0.905
Epoch: [14/23], Batch: 2070/2963, Loss: 80.709, Trans_L2_m: 0.545, Yaw_err_deg: 1.833
Epoch: [14/23], Batch: 2080/2963, Loss: 45.405, Trans_L2_m: 0.399, Yaw_err_deg: 0.945
Epoch: [14/23], Batch: 2090/2963, Loss: 63.628, Trans_L2_m: 0.353, Yaw_err_deg: 1.593
Epoch: [14/23], Batch: 2100/2963, Loss: 64.685, Trans_L2_m: 0.519, Yaw_err_deg: 1.461
Epoch: [14/23], Batch: 2110/2963, Loss: 57.675, Trans_L2_m: 0.442, Yaw_err_deg: 1.420
Epoch: [14/23], Batch: 2120/2963, Loss: 66.501, Trans_L2_m: 0.544, Yaw_err_deg: 0.887
Epoch: [14/23], Batch: 2130/2963, Loss: 54.871, Trans_L2_m: 0.446, Yaw_err_deg: 1.146
Epoch: [14/23], Batch: 2140/2963, Loss: 87.422, Trans_L2_m: 0.428, Yaw_err_deg: 1.979
Epoch: [14/23], Batch: 2150/2963, Loss: 63.872, Trans_L2_m: 0.478, Yaw_err_deg: 0.990
Epoch: [14/23], Batch: 2160/2963, Loss: 74.117, Trans_L2_m: 0.519, Yaw_err_deg: 1.542
Epoch: [14/23], Batch: 2170/2963, Loss: 59.230, Trans_L2_m: 0.510, Yaw_err_deg: 1.116
Epoch: [14/23], Batch: 2180/2963, Loss: 51.430, Trans_L2_m: 0.418, Yaw_err_deg: 1.033
Epoch: [14/23], Batch: 2190/2963, Loss: 48.882, Trans_L2_m: 0.466, Yaw_err_deg: 1.035
Epoch: [14/23], Batch: 2200/2963, Loss: 53.714, Trans_L2_m: 0.402, Yaw_err_deg: 1.068
Epoch: [14/23], Batch: 2210/2963, Loss: 54.021, Trans_L2_m: 0.497, Yaw_err_deg: 0.907
Epoch: [14/23], Batch: 2220/2963, Loss: 73.835, Trans_L2_m: 0.381, Yaw_err_deg: 1.509
Epoch: [14/23], Batch: 2230/2963, Loss: 57.523, Trans_L2_m: 0.314, Yaw_err_deg: 1.234
Epoch: [14/23], Batch: 2240/2963, Loss: 54.893, Trans_L2_m: 0.432, Yaw_err_deg: 1.045
Epoch: [14/23], Batch: 2250/2963, Loss: 70.296, Trans_L2_m: 0.461, Yaw_err_deg: 1.443
Epoch: [14/23], Batch: 2260/2963, Loss: 51.977, Trans_L2_m: 0.417, Yaw_err_deg: 0.896
Epoch: [14/23], Batch: 2270/2963, Loss: 64.858, Trans_L2_m: 0.515, Yaw_err_deg: 1.363
Epoch: [14/23], Batch: 2280/2963, Loss: 48.296, Trans_L2_m: 0.450, Yaw_err_deg: 0.849
Epoch: [14/23], Batch: 2290/2963, Loss: 50.601, Trans_L2_m: 0.455, Yaw_err_deg: 0.882
Epoch: [14/23], Batch: 2300/2963, Loss: 59.952, Trans_L2_m: 0.467, Yaw_err_deg: 0.852
Epoch: [14/23], Batch: 2310/2963, Loss: 52.787, Trans_L2_m: 0.468, Yaw_err_deg: 0.826
Epoch: [14/23], Batch: 2320/2963, Loss: 66.202, Trans_L2_m: 0.533, Yaw_err_deg: 1.167
Epoch: [14/23], Batch: 2330/2963, Loss: 66.323, Trans_L2_m: 0.343, Yaw_err_deg: 1.514
Epoch: [14/23], Batch: 2340/2963, Loss: 55.069, Trans_L2_m: 0.439, Yaw_err_deg: 0.977
Epoch: [14/23], Batch: 2350/2963, Loss: 59.271, Trans_L2_m: 0.515, Yaw_err_deg: 1.402
Epoch: [14/23], Batch: 2360/2963, Loss: 60.512, Trans_L2_m: 0.375, Yaw_err_deg: 1.318
Epoch: [14/23], Batch: 2370/2963, Loss: 54.753, Trans_L2_m: 0.459, Yaw_err_deg: 1.004
Epoch: [14/23], Batch: 2380/2963, Loss: 48.705, Trans_L2_m: 0.356, Yaw_err_deg: 0.862
Epoch: [14/23], Batch: 2390/2963, Loss: 63.412, Trans_L2_m: 0.462, Yaw_err_deg: 1.211
Epoch: [14/23], Batch: 2400/2963, Loss: 53.763, Trans_L2_m: 0.378, Yaw_err_deg: 1.064
Epoch: [14/23], Batch: 2410/2963, Loss: 80.462, Trans_L2_m: 0.397, Yaw_err_deg: 1.993
Epoch: [14/23], Batch: 2420/2963, Loss: 49.939, Trans_L2_m: 0.367, Yaw_err_deg: 1.042
Epoch: [14/23], Batch: 2430/2963, Loss: 62.001, Trans_L2_m: 0.419, Yaw_err_deg: 1.007
Epoch: [14/23], Batch: 2440/2963, Loss: 50.841, Trans_L2_m: 0.477, Yaw_err_deg: 0.764
Epoch: [14/23], Batch: 2450/2963, Loss: 48.528, Trans_L2_m: 0.295, Yaw_err_deg: 0.881
Epoch: [14/23], Batch: 2460/2963, Loss: 71.121, Trans_L2_m: 0.443, Yaw_err_deg: 1.464
Epoch: [14/23], Batch: 2470/2963, Loss: 67.073, Trans_L2_m: 0.595, Yaw_err_deg: 1.457
Epoch: [14/23], Batch: 2480/2963, Loss: 54.358, Trans_L2_m: 0.472, Yaw_err_deg: 0.812
Epoch: [14/23], Batch: 2490/2963, Loss: 46.934, Trans_L2_m: 0.355, Yaw_err_deg: 0.790
Epoch: [14/23], Batch: 2500/2963, Loss: 48.574, Trans_L2_m: 0.354, Yaw_err_deg: 1.192
Epoch: [14/23], Batch: 2510/2963, Loss: 58.596, Trans_L2_m: 0.486, Yaw_err_deg: 0.979
Epoch: [14/23], Batch: 2520/2963, Loss: 89.738, Trans_L2_m: 0.340, Yaw_err_deg: 1.438
Epoch: [14/23], Batch: 2530/2963, Loss: 55.396, Trans_L2_m: 0.504, Yaw_err_deg: 1.130
Epoch: [14/23], Batch: 2540/2963, Loss: 55.694, Trans_L2_m: 0.380, Yaw_err_deg: 1.119
Epoch: [14/23], Batch: 2550/2963, Loss: 64.352, Trans_L2_m: 0.525, Yaw_err_deg: 1.187
Epoch: [14/23], Batch: 2560/2963, Loss: 59.307, Trans_L2_m: 0.599, Yaw_err_deg: 0.969
Epoch: [14/23], Batch: 2570/2963, Loss: 59.382, Trans_L2_m: 0.354, Yaw_err_deg: 1.248
Epoch: [14/23], Batch: 2580/2963, Loss: 52.578, Trans_L2_m: 0.454, Yaw_err_deg: 0.829
Epoch: [14/23], Batch: 2590/2963, Loss: 61.911, Trans_L2_m: 0.590, Yaw_err_deg: 1.047
Epoch: [14/23], Batch: 2600/2963, Loss: 44.755, Trans_L2_m: 0.361, Yaw_err_deg: 0.515
Epoch: [14/23], Batch: 2610/2963, Loss: 54.905, Trans_L2_m: 0.432, Yaw_err_deg: 1.098
Epoch: [14/23], Batch: 2620/2963, Loss: 55.861, Trans_L2_m: 0.473, Yaw_err_deg: 1.160
Epoch: [14/23], Batch: 2630/2963, Loss: 52.652, Trans_L2_m: 0.443, Yaw_err_deg: 1.000
Epoch: [14/23], Batch: 2640/2963, Loss: 119.014, Trans_L2_m: 0.433, Yaw_err_deg: 1.997
Epoch: [14/23], Batch: 2650/2963, Loss: 68.315, Trans_L2_m: 0.389, Yaw_err_deg: 1.255
Epoch: [14/23], Batch: 2660/2963, Loss: 61.664, Trans_L2_m: 0.631, Yaw_err_deg: 0.925
Epoch: [14/23], Batch: 2670/2963, Loss: 45.996, Trans_L2_m: 0.419, Yaw_err_deg: 0.657
Epoch: [14/23], Batch: 2680/2963, Loss: 76.735, Trans_L2_m: 0.556, Yaw_err_deg: 1.424
Epoch: [14/23], Batch: 2690/2963, Loss: 58.854, Trans_L2_m: 0.452, Yaw_err_deg: 1.177
Epoch: [14/23], Batch: 2700/2963, Loss: 51.090, Trans_L2_m: 0.513, Yaw_err_deg: 0.824
Epoch: [14/23], Batch: 2710/2963, Loss: 49.948, Trans_L2_m: 0.474, Yaw_err_deg: 0.665
Epoch: [14/23], Batch: 2720/2963, Loss: 50.741, Trans_L2_m: 0.408, Yaw_err_deg: 1.048
Epoch: [14/23], Batch: 2730/2963, Loss: 52.250, Trans_L2_m: 0.366, Yaw_err_deg: 1.047
Epoch: [14/23], Batch: 2740/2963, Loss: 59.897, Trans_L2_m: 0.459, Yaw_err_deg: 1.336
Epoch: [14/23], Batch: 2750/2963, Loss: 70.744, Trans_L2_m: 0.409, Yaw_err_deg: 1.084
Epoch: [14/23], Batch: 2760/2963, Loss: 55.714, Trans_L2_m: 0.299, Yaw_err_deg: 1.292
Epoch: [14/23], Batch: 2770/2963, Loss: 78.775, Trans_L2_m: 0.524, Yaw_err_deg: 1.506
Epoch: [14/23], Batch: 2780/2963, Loss: 50.818, Trans_L2_m: 0.429, Yaw_err_deg: 0.964
Epoch: [14/23], Batch: 2790/2963, Loss: 54.653, Trans_L2_m: 0.421, Yaw_err_deg: 1.067
Epoch: [14/23], Batch: 2800/2963, Loss: 72.086, Trans_L2_m: 0.332, Yaw_err_deg: 1.536
Epoch: [14/23], Batch: 2810/2963, Loss: 56.740, Trans_L2_m: 0.414, Yaw_err_deg: 0.879
Epoch: [14/23], Batch: 2820/2963, Loss: 63.374, Trans_L2_m: 0.415, Yaw_err_deg: 1.302
Epoch: [14/23], Batch: 2830/2963, Loss: 53.120, Trans_L2_m: 0.312, Yaw_err_deg: 1.081
Epoch: [14/23], Batch: 2840/2963, Loss: 67.104, Trans_L2_m: 0.556, Yaw_err_deg: 1.164
Epoch: [14/23], Batch: 2850/2963, Loss: 52.388, Trans_L2_m: 0.471, Yaw_err_deg: 0.773
Epoch: [14/23], Batch: 2860/2963, Loss: 48.055, Trans_L2_m: 0.384, Yaw_err_deg: 0.666
Epoch: [14/23], Batch: 2870/2963, Loss: 54.014, Trans_L2_m: 0.368, Yaw_err_deg: 0.957
Epoch: [14/23], Batch: 2880/2963, Loss: 53.035, Trans_L2_m: 0.506, Yaw_err_deg: 1.038
Epoch: [14/23], Batch: 2890/2963, Loss: 53.640, Trans_L2_m: 0.441, Yaw_err_deg: 1.045
Epoch: [14/23], Batch: 2900/2963, Loss: 94.687, Trans_L2_m: 0.401, Yaw_err_deg: 1.969
Epoch: [14/23], Batch: 2910/2963, Loss: 52.985, Trans_L2_m: 0.358, Yaw_err_deg: 1.356
Epoch: [14/23], Batch: 2920/2963, Loss: 55.984, Trans_L2_m: 0.383, Yaw_err_deg: 1.191
Epoch: [14/23], Batch: 2930/2963, Loss: 65.004, Trans_L2_m: 0.417, Yaw_err_deg: 1.255
Epoch: [14/23], Batch: 2940/2963, Loss: 54.074, Trans_L2_m: 0.395, Yaw_err_deg: 1.239
Epoch: [14/23], Batch: 2950/2963, Loss: 50.196, Trans_L2_m: 0.288, Yaw_err_deg: 0.901
Epoch: [14/23], Batch: 2960/2963, Loss: 48.728, Trans_L2_m: 0.244, Yaw_err_deg: 0.974
Epoch: [15/23], Batch: 0/2963, Loss: 50.571, Trans_L2_m: 0.383, Yaw_err_deg: 0.796
Epoch: [15/23], Batch: 10/2963, Loss: 52.913, Trans_L2_m: 0.439, Yaw_err_deg: 0.834
Epoch: [15/23], Batch: 20/2963, Loss: 55.024, Trans_L2_m: 0.342, Yaw_err_deg: 1.092
Epoch: [15/23], Batch: 30/2963, Loss: 49.691, Trans_L2_m: 0.479, Yaw_err_deg: 0.960
Epoch: [15/23], Batch: 40/2963, Loss: 57.727, Trans_L2_m: 0.566, Yaw_err_deg: 1.145
Epoch: [15/23], Batch: 50/2963, Loss: 62.112, Trans_L2_m: 0.498, Yaw_err_deg: 1.336
Epoch: [15/23], Batch: 60/2963, Loss: 58.139, Trans_L2_m: 0.385, Yaw_err_deg: 1.263
Epoch: [15/23], Batch: 70/2963, Loss: 40.314, Trans_L2_m: 0.427, Yaw_err_deg: 0.610
Epoch: [15/23], Batch: 80/2963, Loss: 61.977, Trans_L2_m: 0.425, Yaw_err_deg: 1.244
Epoch: [15/23], Batch: 90/2963, Loss: 57.513, Trans_L2_m: 0.519, Yaw_err_deg: 0.717
Epoch: [15/23], Batch: 100/2963, Loss: 61.309, Trans_L2_m: 0.478, Yaw_err_deg: 1.412
Epoch: [15/23], Batch: 110/2963, Loss: 54.336, Trans_L2_m: 0.432, Yaw_err_deg: 0.994
Epoch: [15/23], Batch: 120/2963, Loss: 59.244, Trans_L2_m: 0.527, Yaw_err_deg: 1.170
Epoch: [15/23], Batch: 130/2963, Loss: 56.936, Trans_L2_m: 0.416, Yaw_err_deg: 1.106
Epoch: [15/23], Batch: 140/2963, Loss: 63.253, Trans_L2_m: 0.403, Yaw_err_deg: 1.348
Epoch: [15/23], Batch: 150/2963, Loss: 50.855, Trans_L2_m: 0.296, Yaw_err_deg: 1.169
Epoch: [15/23], Batch: 160/2963, Loss: 52.771, Trans_L2_m: 0.494, Yaw_err_deg: 0.840
Epoch: [15/23], Batch: 170/2963, Loss: 50.201, Trans_L2_m: 0.446, Yaw_err_deg: 1.107
Epoch: [15/23], Batch: 180/2963, Loss: 50.933, Trans_L2_m: 0.358, Yaw_err_deg: 1.164
Epoch: [15/23], Batch: 190/2963, Loss: 57.974, Trans_L2_m: 0.384, Yaw_err_deg: 1.416
Epoch: [15/23], Batch: 200/2963, Loss: 60.959, Trans_L2_m: 0.452, Yaw_err_deg: 1.032
Epoch: [15/23], Batch: 210/2963, Loss: 52.850, Trans_L2_m: 0.429, Yaw_err_deg: 1.020
Epoch: [15/23], Batch: 220/2963, Loss: 52.352, Trans_L2_m: 0.542, Yaw_err_deg: 0.736
Epoch: [15/23], Batch: 230/2963, Loss: 53.937, Trans_L2_m: 0.389, Yaw_err_deg: 1.226
Epoch: [15/23], Batch: 240/2963, Loss: 54.625, Trans_L2_m: 0.459, Yaw_err_deg: 1.183
Epoch: [15/23], Batch: 250/2963, Loss: 58.048, Trans_L2_m: 0.426, Yaw_err_deg: 1.196
Epoch: [15/23], Batch: 260/2963, Loss: 49.590, Trans_L2_m: 0.331, Yaw_err_deg: 1.112
Epoch: [15/23], Batch: 270/2963, Loss: 65.786, Trans_L2_m: 0.538, Yaw_err_deg: 1.377
Epoch: [15/23], Batch: 280/2963, Loss: 52.619, Trans_L2_m: 0.324, Yaw_err_deg: 1.063
Epoch: [15/23], Batch: 290/2963, Loss: 57.628, Trans_L2_m: 0.554, Yaw_err_deg: 1.355
Epoch: [15/23], Batch: 300/2963, Loss: 62.110, Trans_L2_m: 0.523, Yaw_err_deg: 1.332
Epoch: [15/23], Batch: 310/2963, Loss: 43.707, Trans_L2_m: 0.431, Yaw_err_deg: 0.769
Epoch: [15/23], Batch: 320/2963, Loss: 50.717, Trans_L2_m: 0.509, Yaw_err_deg: 1.110
Epoch: [15/23], Batch: 330/2963, Loss: 331.173, Trans_L2_m: 0.575, Yaw_err_deg: 2.361
Epoch: [15/23], Batch: 340/2963, Loss: 56.776, Trans_L2_m: 0.581, Yaw_err_deg: 0.989
Epoch: [15/23], Batch: 350/2963, Loss: 64.079, Trans_L2_m: 0.413, Yaw_err_deg: 1.119
Epoch: [15/23], Batch: 360/2963, Loss: 54.318, Trans_L2_m: 0.438, Yaw_err_deg: 1.056
Epoch: [15/23], Batch: 370/2963, Loss: 66.265, Trans_L2_m: 0.462, Yaw_err_deg: 1.342
Epoch: [15/23], Batch: 380/2963, Loss: 48.435, Trans_L2_m: 0.356, Yaw_err_deg: 1.132
Epoch: [15/23], Batch: 390/2963, Loss: 52.272, Trans_L2_m: 0.348, Yaw_err_deg: 1.085
Epoch: [15/23], Batch: 400/2963, Loss: 49.348, Trans_L2_m: 0.503, Yaw_err_deg: 0.600
Epoch: [15/23], Batch: 410/2963, Loss: 56.390, Trans_L2_m: 0.283, Yaw_err_deg: 1.119
Epoch: [15/23], Batch: 420/2963, Loss: 56.541, Trans_L2_m: 0.427, Yaw_err_deg: 1.144
Epoch: [15/23], Batch: 430/2963, Loss: 47.349, Trans_L2_m: 0.370, Yaw_err_deg: 0.687
Epoch: [15/23], Batch: 440/2963, Loss: 51.341, Trans_L2_m: 0.386, Yaw_err_deg: 1.164
Epoch: [15/23], Batch: 450/2963, Loss: 62.212, Trans_L2_m: 0.563, Yaw_err_deg: 1.208
Epoch: [15/23], Batch: 460/2963, Loss: 50.381, Trans_L2_m: 0.491, Yaw_err_deg: 0.879
Epoch: [15/23], Batch: 470/2963, Loss: 54.785, Trans_L2_m: 0.567, Yaw_err_deg: 1.050
Epoch: [15/23], Batch: 480/2963, Loss: 63.796, Trans_L2_m: 0.387, Yaw_err_deg: 1.304
Epoch: [15/23], Batch: 490/2963, Loss: 58.381, Trans_L2_m: 0.535, Yaw_err_deg: 1.052
Epoch: [15/23], Batch: 500/2963, Loss: 57.262, Trans_L2_m: 0.455, Yaw_err_deg: 1.264
Epoch: [15/23], Batch: 510/2963, Loss: 53.649, Trans_L2_m: 0.481, Yaw_err_deg: 0.792
Epoch: [15/23], Batch: 520/2963, Loss: 53.148, Trans_L2_m: 0.614, Yaw_err_deg: 1.053
Epoch: [15/23], Batch: 530/2963, Loss: 45.527, Trans_L2_m: 0.400, Yaw_err_deg: 0.744
Epoch: [15/23], Batch: 540/2963, Loss: 56.127, Trans_L2_m: 0.573, Yaw_err_deg: 0.777
Epoch: [15/23], Batch: 550/2963, Loss: 55.983, Trans_L2_m: 0.447, Yaw_err_deg: 1.003
Epoch: [15/23], Batch: 560/2963, Loss: 69.580, Trans_L2_m: 0.420, Yaw_err_deg: 1.223
Epoch: [15/23], Batch: 570/2963, Loss: 64.319, Trans_L2_m: 0.415, Yaw_err_deg: 1.403
Epoch: [15/23], Batch: 580/2963, Loss: 58.094, Trans_L2_m: 0.504, Yaw_err_deg: 1.113
Epoch: [15/23], Batch: 590/2963, Loss: 65.102, Trans_L2_m: 0.413, Yaw_err_deg: 1.182
Epoch: [15/23], Batch: 600/2963, Loss: 58.016, Trans_L2_m: 0.574, Yaw_err_deg: 0.977
Epoch: [15/23], Batch: 610/2963, Loss: 57.200, Trans_L2_m: 0.575, Yaw_err_deg: 0.966
Epoch: [15/23], Batch: 620/2963, Loss: 50.141, Trans_L2_m: 0.410, Yaw_err_deg: 0.907
Epoch: [15/23], Batch: 630/2963, Loss: 50.308, Trans_L2_m: 0.397, Yaw_err_deg: 0.881
Epoch: [15/23], Batch: 640/2963, Loss: 60.221, Trans_L2_m: 0.353, Yaw_err_deg: 1.556
Epoch: [15/23], Batch: 650/2963, Loss: 95.649, Trans_L2_m: 0.674, Yaw_err_deg: 1.582
Epoch: [15/23], Batch: 660/2963, Loss: 48.780, Trans_L2_m: 0.358, Yaw_err_deg: 0.749
Epoch: [15/23], Batch: 670/2963, Loss: 47.145, Trans_L2_m: 0.346, Yaw_err_deg: 0.779
Epoch: [15/23], Batch: 680/2963, Loss: 61.322, Trans_L2_m: 0.481, Yaw_err_deg: 0.954
Epoch: [15/23], Batch: 690/2963, Loss: 46.155, Trans_L2_m: 0.380, Yaw_err_deg: 0.633
Epoch: [15/23], Batch: 700/2963, Loss: 55.166, Trans_L2_m: 0.449, Yaw_err_deg: 1.156
Epoch: [15/23], Batch: 710/2963, Loss: 50.954, Trans_L2_m: 0.408, Yaw_err_deg: 0.949
Epoch: [15/23], Batch: 720/2963, Loss: 54.068, Trans_L2_m: 0.461, Yaw_err_deg: 0.956
Epoch: [15/23], Batch: 730/2963, Loss: 58.856, Trans_L2_m: 0.295, Yaw_err_deg: 1.076
Epoch: [15/23], Batch: 740/2963, Loss: 56.862, Trans_L2_m: 0.563, Yaw_err_deg: 0.851
Epoch: [15/23], Batch: 750/2963, Loss: 57.902, Trans_L2_m: 0.349, Yaw_err_deg: 1.273
Epoch: [15/23], Batch: 760/2963, Loss: 65.564, Trans_L2_m: 0.377, Yaw_err_deg: 1.122
Epoch: [15/23], Batch: 770/2963, Loss: 49.762, Trans_L2_m: 0.351, Yaw_err_deg: 0.731
Epoch: [15/23], Batch: 780/2963, Loss: 69.445, Trans_L2_m: 0.412, Yaw_err_deg: 1.404
Epoch: [15/23], Batch: 790/2963, Loss: 62.792, Trans_L2_m: 0.491, Yaw_err_deg: 1.425
Epoch: [15/23], Batch: 800/2963, Loss: 58.665, Trans_L2_m: 0.389, Yaw_err_deg: 1.061
Epoch: [15/23], Batch: 810/2963, Loss: 54.798, Trans_L2_m: 0.462, Yaw_err_deg: 0.995
Epoch: [15/23], Batch: 820/2963, Loss: 53.271, Trans_L2_m: 0.323, Yaw_err_deg: 1.223
Epoch: [15/23], Batch: 830/2963, Loss: 49.165, Trans_L2_m: 0.393, Yaw_err_deg: 0.862
Epoch: [15/23], Batch: 840/2963, Loss: 56.636, Trans_L2_m: 0.440, Yaw_err_deg: 0.933
Epoch: [15/23], Batch: 850/2963, Loss: 54.083, Trans_L2_m: 0.427, Yaw_err_deg: 1.137
Epoch: [15/23], Batch: 860/2963, Loss: 55.717, Trans_L2_m: 0.486, Yaw_err_deg: 1.246
Epoch: [15/23], Batch: 870/2963, Loss: 51.069, Trans_L2_m: 0.320, Yaw_err_deg: 1.016
Epoch: [15/23], Batch: 880/2963, Loss: 52.684, Trans_L2_m: 0.365, Yaw_err_deg: 1.421
Epoch: [15/23], Batch: 890/2963, Loss: 61.250, Trans_L2_m: 0.310, Yaw_err_deg: 1.478
Epoch: [15/23], Batch: 900/2963, Loss: 62.353, Trans_L2_m: 0.433, Yaw_err_deg: 1.471
Epoch: [15/23], Batch: 910/2963, Loss: 52.965, Trans_L2_m: 0.537, Yaw_err_deg: 0.841
Epoch: [15/23], Batch: 920/2963, Loss: 47.676, Trans_L2_m: 0.451, Yaw_err_deg: 0.696
Epoch: [15/23], Batch: 930/2963, Loss: 51.098, Trans_L2_m: 0.409, Yaw_err_deg: 0.743
Epoch: [15/23], Batch: 940/2963, Loss: 52.699, Trans_L2_m: 0.337, Yaw_err_deg: 0.896
Epoch: [15/23], Batch: 950/2963, Loss: 53.538, Trans_L2_m: 0.327, Yaw_err_deg: 1.033
Epoch: [15/23], Batch: 960/2963, Loss: 44.668, Trans_L2_m: 0.465, Yaw_err_deg: 0.724
Epoch: [15/23], Batch: 970/2963, Loss: 57.555, Trans_L2_m: 0.424, Yaw_err_deg: 1.255
Epoch: [15/23], Batch: 980/2963, Loss: 54.487, Trans_L2_m: 0.270, Yaw_err_deg: 1.149
Epoch: [15/23], Batch: 990/2963, Loss: 52.126, Trans_L2_m: 0.353, Yaw_err_deg: 1.029
Epoch: [15/23], Batch: 1000/2963, Loss: 66.156, Trans_L2_m: 0.363, Yaw_err_deg: 1.254
Epoch: [15/23], Batch: 1010/2963, Loss: 81.464, Trans_L2_m: 0.582, Yaw_err_deg: 1.529
Epoch: [15/23], Batch: 1020/2963, Loss: 54.077, Trans_L2_m: 0.337, Yaw_err_deg: 1.079
Epoch: [15/23], Batch: 1030/2963, Loss: 52.118, Trans_L2_m: 0.514, Yaw_err_deg: 0.723
Epoch: [15/23], Batch: 1040/2963, Loss: 51.661, Trans_L2_m: 0.433, Yaw_err_deg: 0.817
Epoch: [15/23], Batch: 1050/2963, Loss: 50.919, Trans_L2_m: 0.474, Yaw_err_deg: 0.971
Epoch: [15/23], Batch: 1060/2963, Loss: 52.967, Trans_L2_m: 0.448, Yaw_err_deg: 1.071
Epoch: [15/23], Batch: 1070/2963, Loss: 58.944, Trans_L2_m: 0.525, Yaw_err_deg: 1.241
Epoch: [15/23], Batch: 1080/2963, Loss: 54.369, Trans_L2_m: 0.462, Yaw_err_deg: 0.964
Epoch: [15/23], Batch: 1090/2963, Loss: 50.882, Trans_L2_m: 0.353, Yaw_err_deg: 1.068
Epoch: [15/23], Batch: 1100/2963, Loss: 60.155, Trans_L2_m: 0.355, Yaw_err_deg: 1.370
Epoch: [15/23], Batch: 1110/2963, Loss: 89.086, Trans_L2_m: 0.358, Yaw_err_deg: 1.667
Epoch: [15/23], Batch: 1120/2963, Loss: 43.530, Trans_L2_m: 0.348, Yaw_err_deg: 0.596
Epoch: [15/23], Batch: 1130/2963, Loss: 45.333, Trans_L2_m: 0.425, Yaw_err_deg: 0.777
Epoch: [15/23], Batch: 1140/2963, Loss: 53.089, Trans_L2_m: 0.579, Yaw_err_deg: 0.808
Epoch: [15/23], Batch: 1150/2963, Loss: 51.058, Trans_L2_m: 0.414, Yaw_err_deg: 1.056
Epoch: [15/23], Batch: 1160/2963, Loss: 40.658, Trans_L2_m: 0.297, Yaw_err_deg: 0.815
Epoch: [15/23], Batch: 1170/2963, Loss: 40.803, Trans_L2_m: 0.318, Yaw_err_deg: 0.832
Epoch: [15/23], Batch: 1180/2963, Loss: 42.515, Trans_L2_m: 0.417, Yaw_err_deg: 0.651
Epoch: [15/23], Batch: 1190/2963, Loss: 50.955, Trans_L2_m: 0.361, Yaw_err_deg: 0.744
Epoch: [15/23], Batch: 1200/2963, Loss: 53.106, Trans_L2_m: 0.493, Yaw_err_deg: 1.017
Epoch: [15/23], Batch: 1210/2963, Loss: 36.255, Trans_L2_m: 0.208, Yaw_err_deg: 0.403
Epoch: [15/23], Batch: 1220/2963, Loss: 46.938, Trans_L2_m: 0.373, Yaw_err_deg: 1.068
Epoch: [15/23], Batch: 1230/2963, Loss: 60.051, Trans_L2_m: 0.632, Yaw_err_deg: 1.226
Epoch: [15/23], Batch: 1240/2963, Loss: 47.328, Trans_L2_m: 0.405, Yaw_err_deg: 0.748
Epoch: [15/23], Batch: 1250/2963, Loss: 57.913, Trans_L2_m: 0.514, Yaw_err_deg: 1.011
Epoch: [15/23], Batch: 1260/2963, Loss: 48.944, Trans_L2_m: 0.340, Yaw_err_deg: 0.836
Epoch: [15/23], Batch: 1270/2963, Loss: 43.941, Trans_L2_m: 0.360, Yaw_err_deg: 0.674
Epoch: [15/23], Batch: 1280/2963, Loss: 117.948, Trans_L2_m: 0.341, Yaw_err_deg: 2.263
Epoch: [15/23], Batch: 1290/2963, Loss: 57.224, Trans_L2_m: 0.537, Yaw_err_deg: 0.799
Epoch: [15/23], Batch: 1300/2963, Loss: 57.503, Trans_L2_m: 0.440, Yaw_err_deg: 1.016
Epoch: [15/23], Batch: 1310/2963, Loss: 57.204, Trans_L2_m: 0.389, Yaw_err_deg: 1.251
Epoch: [15/23], Batch: 1320/2963, Loss: 90.653, Trans_L2_m: 0.493, Yaw_err_deg: 2.262
Epoch: [15/23], Batch: 1330/2963, Loss: 46.492, Trans_L2_m: 0.465, Yaw_err_deg: 0.471
Epoch: [15/23], Batch: 1340/2963, Loss: 63.502, Trans_L2_m: 0.503, Yaw_err_deg: 1.073
Epoch: [15/23], Batch: 1350/2963, Loss: 53.258, Trans_L2_m: 0.507, Yaw_err_deg: 0.919
Epoch: [15/23], Batch: 1360/2963, Loss: 51.210, Trans_L2_m: 0.391, Yaw_err_deg: 0.990
Epoch: [15/23], Batch: 1370/2963, Loss: 49.754, Trans_L2_m: 0.376, Yaw_err_deg: 0.920
Epoch: [15/23], Batch: 1380/2963, Loss: 69.318, Trans_L2_m: 0.281, Yaw_err_deg: 1.575
Epoch: [15/23], Batch: 1390/2963, Loss: 45.755, Trans_L2_m: 0.352, Yaw_err_deg: 0.766
Epoch: [15/23], Batch: 1400/2963, Loss: 48.068, Trans_L2_m: 0.328, Yaw_err_deg: 0.731
Epoch: [15/23], Batch: 1410/2963, Loss: 52.800, Trans_L2_m: 0.421, Yaw_err_deg: 1.224
Epoch: [15/23], Batch: 1420/2963, Loss: 52.971, Trans_L2_m: 0.235, Yaw_err_deg: 1.180
Epoch: [15/23], Batch: 1430/2963, Loss: 51.038, Trans_L2_m: 0.378, Yaw_err_deg: 0.839
Epoch: [15/23], Batch: 1440/2963, Loss: 52.830, Trans_L2_m: 0.498, Yaw_err_deg: 1.162
Epoch: [15/23], Batch: 1450/2963, Loss: 66.644, Trans_L2_m: 0.459, Yaw_err_deg: 1.452
Epoch: [15/23], Batch: 1460/2963, Loss: 53.820, Trans_L2_m: 0.416, Yaw_err_deg: 1.341
Epoch: [15/23], Batch: 1470/2963, Loss: 56.188, Trans_L2_m: 0.473, Yaw_err_deg: 1.034
Epoch: [15/23], Batch: 1480/2963, Loss: 50.287, Trans_L2_m: 0.458, Yaw_err_deg: 0.959
Epoch: [15/23], Batch: 1490/2963, Loss: 47.350, Trans_L2_m: 0.400, Yaw_err_deg: 0.694
Epoch: [15/23], Batch: 1500/2963, Loss: 56.393, Trans_L2_m: 0.473, Yaw_err_deg: 0.906
Epoch: [15/23], Batch: 1510/2963, Loss: 48.536, Trans_L2_m: 0.482, Yaw_err_deg: 0.719
Epoch: [15/23], Batch: 1520/2963, Loss: 52.625, Trans_L2_m: 0.541, Yaw_err_deg: 0.683
Epoch: [15/23], Batch: 1530/2963, Loss: 56.937, Trans_L2_m: 0.450, Yaw_err_deg: 0.843
Epoch: [15/23], Batch: 1540/2963, Loss: 56.116, Trans_L2_m: 0.353, Yaw_err_deg: 1.166
Epoch: [15/23], Batch: 1550/2963, Loss: 50.843, Trans_L2_m: 0.256, Yaw_err_deg: 1.077
Epoch: [15/23], Batch: 1560/2963, Loss: 49.157, Trans_L2_m: 0.432, Yaw_err_deg: 0.876
Epoch: [15/23], Batch: 1570/2963, Loss: 53.275, Trans_L2_m: 0.543, Yaw_err_deg: 0.662
Epoch: [15/23], Batch: 1580/2963, Loss: 50.031, Trans_L2_m: 0.479, Yaw_err_deg: 0.662
Epoch: [15/23], Batch: 1590/2963, Loss: 67.136, Trans_L2_m: 0.451, Yaw_err_deg: 1.420
Epoch: [15/23], Batch: 1600/2963, Loss: 56.131, Trans_L2_m: 0.403, Yaw_err_deg: 1.087
Epoch: [15/23], Batch: 1610/2963, Loss: 48.629, Trans_L2_m: 0.373, Yaw_err_deg: 0.729
Epoch: [15/23], Batch: 1620/2963, Loss: 48.392, Trans_L2_m: 0.508, Yaw_err_deg: 0.703
Epoch: [15/23], Batch: 1630/2963, Loss: 56.126, Trans_L2_m: 0.318, Yaw_err_deg: 1.531
Epoch: [15/23], Batch: 1640/2963, Loss: 55.784, Trans_L2_m: 0.474, Yaw_err_deg: 1.119
Epoch: [15/23], Batch: 1650/2963, Loss: 52.516, Trans_L2_m: 0.397, Yaw_err_deg: 0.923
Epoch: [15/23], Batch: 1660/2963, Loss: 52.834, Trans_L2_m: 0.354, Yaw_err_deg: 0.992
Epoch: [15/23], Batch: 1670/2963, Loss: 48.300, Trans_L2_m: 0.445, Yaw_err_deg: 0.851
Epoch: [15/23], Batch: 1680/2963, Loss: 61.109, Trans_L2_m: 0.420, Yaw_err_deg: 1.324
Epoch: [15/23], Batch: 1690/2963, Loss: 53.112, Trans_L2_m: 0.549, Yaw_err_deg: 0.818
Epoch: [15/23], Batch: 1700/2963, Loss: 62.379, Trans_L2_m: 0.448, Yaw_err_deg: 1.294
Epoch: [15/23], Batch: 1710/2963, Loss: 51.875, Trans_L2_m: 0.402, Yaw_err_deg: 1.006
Epoch: [15/23], Batch: 1720/2963, Loss: 47.892, Trans_L2_m: 0.426, Yaw_err_deg: 0.729
Epoch: [15/23], Batch: 1730/2963, Loss: 71.441, Trans_L2_m: 0.588, Yaw_err_deg: 1.360
Epoch: [15/23], Batch: 1740/2963, Loss: 46.414, Trans_L2_m: 0.423, Yaw_err_deg: 0.914
Epoch: [15/23], Batch: 1750/2963, Loss: 53.930, Trans_L2_m: 0.397, Yaw_err_deg: 1.070
Epoch: [15/23], Batch: 1760/2963, Loss: 55.264, Trans_L2_m: 0.433, Yaw_err_deg: 1.183
Epoch: [15/23], Batch: 1770/2963, Loss: 48.759, Trans_L2_m: 0.347, Yaw_err_deg: 0.726
Epoch: [15/23], Batch: 1780/2963, Loss: 57.923, Trans_L2_m: 0.387, Yaw_err_deg: 1.026
Epoch: [15/23], Batch: 1790/2963, Loss: 45.543, Trans_L2_m: 0.449, Yaw_err_deg: 0.959
Epoch: [15/23], Batch: 1800/2963, Loss: 52.198, Trans_L2_m: 0.456, Yaw_err_deg: 1.015
Epoch: [15/23], Batch: 1810/2963, Loss: 54.417, Trans_L2_m: 0.445, Yaw_err_deg: 1.176
Epoch: [15/23], Batch: 1820/2963, Loss: 57.393, Trans_L2_m: 0.412, Yaw_err_deg: 1.204
Epoch: [15/23], Batch: 1830/2963, Loss: 53.104, Trans_L2_m: 0.434, Yaw_err_deg: 0.888
Epoch: [15/23], Batch: 1840/2963, Loss: 44.797, Trans_L2_m: 0.353, Yaw_err_deg: 0.636
Epoch: [15/23], Batch: 1850/2963, Loss: 50.270, Trans_L2_m: 0.358, Yaw_err_deg: 0.996
Epoch: [15/23], Batch: 1860/2963, Loss: 52.584, Trans_L2_m: 0.503, Yaw_err_deg: 1.098
Epoch: [15/23], Batch: 1870/2963, Loss: 59.766, Trans_L2_m: 0.487, Yaw_err_deg: 0.811
Epoch: [15/23], Batch: 1880/2963, Loss: 51.727, Trans_L2_m: 0.449, Yaw_err_deg: 1.004
Epoch: [15/23], Batch: 1890/2963, Loss: 47.942, Trans_L2_m: 0.429, Yaw_err_deg: 0.850
Epoch: [15/23], Batch: 1900/2963, Loss: 60.792, Trans_L2_m: 0.465, Yaw_err_deg: 1.046
Epoch: [15/23], Batch: 1910/2963, Loss: 47.892, Trans_L2_m: 0.309, Yaw_err_deg: 0.789
Epoch: [15/23], Batch: 1920/2963, Loss: 56.380, Trans_L2_m: 0.490, Yaw_err_deg: 1.170
Epoch: [15/23], Batch: 1930/2963, Loss: 58.897, Trans_L2_m: 0.390, Yaw_err_deg: 1.474
Epoch: [15/23], Batch: 1940/2963, Loss: 48.489, Trans_L2_m: 0.308, Yaw_err_deg: 1.208
Epoch: [15/23], Batch: 1950/2963, Loss: 54.763, Trans_L2_m: 0.509, Yaw_err_deg: 0.900
Epoch: [15/23], Batch: 1960/2963, Loss: 60.157, Trans_L2_m: 0.525, Yaw_err_deg: 1.151
Epoch: [15/23], Batch: 1970/2963, Loss: 47.388, Trans_L2_m: 0.483, Yaw_err_deg: 0.719
Epoch: [15/23], Batch: 1980/2963, Loss: 49.376, Trans_L2_m: 0.487, Yaw_err_deg: 0.743
Epoch: [15/23], Batch: 1990/2963, Loss: 53.239, Trans_L2_m: 0.463, Yaw_err_deg: 1.162
Epoch: [15/23], Batch: 2000/2963, Loss: 59.448, Trans_L2_m: 0.293, Yaw_err_deg: 1.360
Epoch: [15/23], Batch: 2010/2963, Loss: 50.127, Trans_L2_m: 0.418, Yaw_err_deg: 0.761
Epoch: [15/23], Batch: 2020/2963, Loss: 55.934, Trans_L2_m: 0.345, Yaw_err_deg: 1.333
Epoch: [15/23], Batch: 2030/2963, Loss: 59.538, Trans_L2_m: 0.348, Yaw_err_deg: 0.979
Epoch: [15/23], Batch: 2040/2963, Loss: 78.113, Trans_L2_m: 0.254, Yaw_err_deg: 0.663
Epoch: [15/23], Batch: 2050/2963, Loss: 52.235, Trans_L2_m: 0.446, Yaw_err_deg: 0.960
Epoch: [15/23], Batch: 2060/2963, Loss: 57.672, Trans_L2_m: 0.258, Yaw_err_deg: 1.376
Epoch: [15/23], Batch: 2070/2963, Loss: 64.730, Trans_L2_m: 0.597, Yaw_err_deg: 1.151
Epoch: [15/23], Batch: 2080/2963, Loss: 52.712, Trans_L2_m: 0.470, Yaw_err_deg: 0.676
Epoch: [15/23], Batch: 2090/2963, Loss: 58.588, Trans_L2_m: 0.551, Yaw_err_deg: 0.915
Epoch: [15/23], Batch: 2100/2963, Loss: 47.365, Trans_L2_m: 0.460, Yaw_err_deg: 0.668
Epoch: [15/23], Batch: 2110/2963, Loss: 53.088, Trans_L2_m: 0.342, Yaw_err_deg: 1.096
Epoch: [15/23], Batch: 2120/2963, Loss: 44.314, Trans_L2_m: 0.270, Yaw_err_deg: 0.664
Epoch: [15/23], Batch: 2130/2963, Loss: 50.221, Trans_L2_m: 0.464, Yaw_err_deg: 0.860
Epoch: [15/23], Batch: 2140/2963, Loss: 51.561, Trans_L2_m: 0.310, Yaw_err_deg: 1.173
Epoch: [15/23], Batch: 2150/2963, Loss: 46.216, Trans_L2_m: 0.470, Yaw_err_deg: 0.618
Epoch: [15/23], Batch: 2160/2963, Loss: 62.656, Trans_L2_m: 0.555, Yaw_err_deg: 1.217
Epoch: [15/23], Batch: 2170/2963, Loss: 49.418, Trans_L2_m: 0.328, Yaw_err_deg: 0.932
Epoch: [15/23], Batch: 2180/2963, Loss: 49.762, Trans_L2_m: 0.213, Yaw_err_deg: 1.072
Epoch: [15/23], Batch: 2190/2963, Loss: 58.615, Trans_L2_m: 0.284, Yaw_err_deg: 1.153
Epoch: [15/23], Batch: 2200/2963, Loss: 53.656, Trans_L2_m: 0.458, Yaw_err_deg: 1.097
Epoch: [15/23], Batch: 2210/2963, Loss: 77.041, Trans_L2_m: 0.435, Yaw_err_deg: 1.615
Epoch: [15/23], Batch: 2220/2963, Loss: 60.813, Trans_L2_m: 0.548, Yaw_err_deg: 1.424
Epoch: [15/23], Batch: 2230/2963, Loss: 57.039, Trans_L2_m: 0.425, Yaw_err_deg: 1.433
Epoch: [15/23], Batch: 2240/2963, Loss: 53.518, Trans_L2_m: 0.371, Yaw_err_deg: 1.088
Epoch: [15/23], Batch: 2250/2963, Loss: 54.881, Trans_L2_m: 0.424, Yaw_err_deg: 1.074
Epoch: [15/23], Batch: 2260/2963, Loss: 48.272, Trans_L2_m: 0.399, Yaw_err_deg: 0.741
Epoch: [15/23], Batch: 2270/2963, Loss: 56.515, Trans_L2_m: 0.503, Yaw_err_deg: 1.005
Epoch: [15/23], Batch: 2280/2963, Loss: 54.911, Trans_L2_m: 0.308, Yaw_err_deg: 1.035
Epoch: [15/23], Batch: 2290/2963, Loss: 48.189, Trans_L2_m: 0.308, Yaw_err_deg: 0.937
Epoch: [15/23], Batch: 2300/2963, Loss: 66.292, Trans_L2_m: 0.409, Yaw_err_deg: 1.315
Epoch: [15/23], Batch: 2310/2963, Loss: 53.291, Trans_L2_m: 0.426, Yaw_err_deg: 1.073
Epoch: [15/23], Batch: 2320/2963, Loss: 58.349, Trans_L2_m: 0.583, Yaw_err_deg: 0.899
Epoch: [15/23], Batch: 2330/2963, Loss: 55.840, Trans_L2_m: 0.462, Yaw_err_deg: 0.870
Epoch: [15/23], Batch: 2340/2963, Loss: 51.612, Trans_L2_m: 0.401, Yaw_err_deg: 1.213
Epoch: [15/23], Batch: 2350/2963, Loss: 60.796, Trans_L2_m: 0.390, Yaw_err_deg: 1.381
Epoch: [15/23], Batch: 2360/2963, Loss: 58.498, Trans_L2_m: 0.363, Yaw_err_deg: 1.311
Epoch: [15/23], Batch: 2370/2963, Loss: 46.806, Trans_L2_m: 0.391, Yaw_err_deg: 0.907
Epoch: [15/23], Batch: 2380/2963, Loss: 48.824, Trans_L2_m: 0.493, Yaw_err_deg: 0.817
Epoch: [15/23], Batch: 2390/2963, Loss: 46.450, Trans_L2_m: 0.357, Yaw_err_deg: 0.681
Epoch: [15/23], Batch: 2400/2963, Loss: 63.987, Trans_L2_m: 0.381, Yaw_err_deg: 1.184
Epoch: [15/23], Batch: 2410/2963, Loss: 51.176, Trans_L2_m: 0.443, Yaw_err_deg: 1.039
Epoch: [15/23], Batch: 2420/2963, Loss: 56.687, Trans_L2_m: 0.289, Yaw_err_deg: 1.043
Epoch: [15/23], Batch: 2430/2963, Loss: 51.279, Trans_L2_m: 0.537, Yaw_err_deg: 0.800
Epoch: [15/23], Batch: 2440/2963, Loss: 54.823, Trans_L2_m: 0.489, Yaw_err_deg: 1.080
Epoch: [15/23], Batch: 2450/2963, Loss: 63.643, Trans_L2_m: 0.387, Yaw_err_deg: 1.325
Epoch: [15/23], Batch: 2460/2963, Loss: 48.485, Trans_L2_m: 0.428, Yaw_err_deg: 0.774
Epoch: [15/23], Batch: 2470/2963, Loss: 52.582, Trans_L2_m: 0.412, Yaw_err_deg: 0.963
Epoch: [15/23], Batch: 2480/2963, Loss: 49.005, Trans_L2_m: 0.339, Yaw_err_deg: 0.790
Epoch: [15/23], Batch: 2490/2963, Loss: 50.638, Trans_L2_m: 0.375, Yaw_err_deg: 1.101
Epoch: [15/23], Batch: 2500/2963, Loss: 48.912, Trans_L2_m: 0.356, Yaw_err_deg: 1.031
Epoch: [15/23], Batch: 2510/2963, Loss: 56.139, Trans_L2_m: 0.390, Yaw_err_deg: 1.025
Epoch: [15/23], Batch: 2520/2963, Loss: 56.812, Trans_L2_m: 0.369, Yaw_err_deg: 1.310
Epoch: [15/23], Batch: 2530/2963, Loss: 73.362, Trans_L2_m: 0.489, Yaw_err_deg: 1.645
Epoch: [15/23], Batch: 2540/2963, Loss: 47.632, Trans_L2_m: 0.385, Yaw_err_deg: 0.748
Epoch: [15/23], Batch: 2550/2963, Loss: 54.742, Trans_L2_m: 0.591, Yaw_err_deg: 0.890
Epoch: [15/23], Batch: 2560/2963, Loss: 56.847, Trans_L2_m: 0.532, Yaw_err_deg: 0.797
Epoch: [15/23], Batch: 2570/2963, Loss: 47.175, Trans_L2_m: 0.394, Yaw_err_deg: 0.592
Epoch: [15/23], Batch: 2580/2963, Loss: 55.595, Trans_L2_m: 0.391, Yaw_err_deg: 1.066
Epoch: [15/23], Batch: 2590/2963, Loss: 103.748, Trans_L2_m: 0.452, Yaw_err_deg: 2.715
Epoch: [15/23], Batch: 2600/2963, Loss: 60.528, Trans_L2_m: 0.304, Yaw_err_deg: 1.104
Epoch: [15/23], Batch: 2610/2963, Loss: 63.657, Trans_L2_m: 0.321, Yaw_err_deg: 0.901
Epoch: [15/23], Batch: 2620/2963, Loss: 45.357, Trans_L2_m: 0.396, Yaw_err_deg: 0.645
Epoch: [15/23], Batch: 2630/2963, Loss: 52.418, Trans_L2_m: 0.406, Yaw_err_deg: 0.834
Epoch: [15/23], Batch: 2640/2963, Loss: 57.858, Trans_L2_m: 0.452, Yaw_err_deg: 1.125
Epoch: [15/23], Batch: 2650/2963, Loss: 45.455, Trans_L2_m: 0.253, Yaw_err_deg: 0.898
Epoch: [15/23], Batch: 2660/2963, Loss: 73.981, Trans_L2_m: 0.377, Yaw_err_deg: 1.623
Epoch: [15/23], Batch: 2670/2963, Loss: 53.675, Trans_L2_m: 0.365, Yaw_err_deg: 1.172
Epoch: [15/23], Batch: 2680/2963, Loss: 107.440, Trans_L2_m: 0.447, Yaw_err_deg: 2.074
Epoch: [15/23], Batch: 2690/2963, Loss: 62.929, Trans_L2_m: 0.348, Yaw_err_deg: 1.407
Epoch: [15/23], Batch: 2700/2963, Loss: 67.221, Trans_L2_m: 0.450, Yaw_err_deg: 1.116
Epoch: [15/23], Batch: 2710/2963, Loss: 54.500, Trans_L2_m: 0.296, Yaw_err_deg: 1.054
Epoch: [15/23], Batch: 2720/2963, Loss: 44.022, Trans_L2_m: 0.394, Yaw_err_deg: 0.738
Epoch: [15/23], Batch: 2730/2963, Loss: 50.564, Trans_L2_m: 0.466, Yaw_err_deg: 0.733
Epoch: [15/23], Batch: 2740/2963, Loss: 90.494, Trans_L2_m: 0.339, Yaw_err_deg: 1.342
Epoch: [15/23], Batch: 2750/2963, Loss: 47.177, Trans_L2_m: 0.442, Yaw_err_deg: 0.754
Epoch: [15/23], Batch: 2760/2963, Loss: 91.876, Trans_L2_m: 0.298, Yaw_err_deg: 2.453
Epoch: [15/23], Batch: 2770/2963, Loss: 53.803, Trans_L2_m: 0.321, Yaw_err_deg: 1.179
Epoch: [15/23], Batch: 2780/2963, Loss: 55.338, Trans_L2_m: 0.447, Yaw_err_deg: 0.907
Epoch: [15/23], Batch: 2790/2963, Loss: 58.855, Trans_L2_m: 0.381, Yaw_err_deg: 1.083
Epoch: [15/23], Batch: 2800/2963, Loss: 58.081, Trans_L2_m: 0.586, Yaw_err_deg: 1.133
Epoch: [15/23], Batch: 2810/2963, Loss: 56.002, Trans_L2_m: 0.404, Yaw_err_deg: 1.039
Epoch: [15/23], Batch: 2820/2963, Loss: 50.814, Trans_L2_m: 0.363, Yaw_err_deg: 0.787
Epoch: [15/23], Batch: 2830/2963, Loss: 57.173, Trans_L2_m: 0.585, Yaw_err_deg: 0.958
Epoch: [15/23], Batch: 2840/2963, Loss: 59.472, Trans_L2_m: 0.303, Yaw_err_deg: 0.954
Epoch: [15/23], Batch: 2850/2963, Loss: 55.228, Trans_L2_m: 0.612, Yaw_err_deg: 1.162
Epoch: [15/23], Batch: 2860/2963, Loss: 46.994, Trans_L2_m: 0.412, Yaw_err_deg: 0.795
Epoch: [15/23], Batch: 2870/2963, Loss: 55.304, Trans_L2_m: 0.455, Yaw_err_deg: 1.016
Epoch: [15/23], Batch: 2880/2963, Loss: 51.257, Trans_L2_m: 0.457, Yaw_err_deg: 0.824
Epoch: [15/23], Batch: 2890/2963, Loss: 50.542, Trans_L2_m: 0.324, Yaw_err_deg: 1.172
Epoch: [15/23], Batch: 2900/2963, Loss: 49.613, Trans_L2_m: 0.443, Yaw_err_deg: 0.742
Epoch: [15/23], Batch: 2910/2963, Loss: 49.010, Trans_L2_m: 0.370, Yaw_err_deg: 1.234
Epoch: [15/23], Batch: 2920/2963, Loss: 45.185, Trans_L2_m: 0.471, Yaw_err_deg: 0.742
Epoch: [15/23], Batch: 2930/2963, Loss: 56.586, Trans_L2_m: 0.515, Yaw_err_deg: 0.847
Epoch: [15/23], Batch: 2940/2963, Loss: 56.597, Trans_L2_m: 0.361, Yaw_err_deg: 1.190
Epoch: [15/23], Batch: 2950/2963, Loss: 53.402, Trans_L2_m: 0.456, Yaw_err_deg: 1.119
Epoch: [15/23], Batch: 2960/2963, Loss: 44.697, Trans_L2_m: 0.365, Yaw_err_deg: 0.749
Validation loss (homography): 913.3918
Avg batch time: 1021.69 ms, total: 331.442 s
[1;91mVal has no improvement vs 805.7615356445312![0m
Epoch: [16/23], Batch: 0/2963, Loss: 49.564, Trans_L2_m: 0.415, Yaw_err_deg: 1.072
Epoch: [16/23], Batch: 10/2963, Loss: 61.143, Trans_L2_m: 0.330, Yaw_err_deg: 1.477
Epoch: [16/23], Batch: 20/2963, Loss: 52.583, Trans_L2_m: 0.319, Yaw_err_deg: 1.157
Epoch: [16/23], Batch: 30/2963, Loss: 61.822, Trans_L2_m: 0.430, Yaw_err_deg: 1.424
Epoch: [16/23], Batch: 40/2963, Loss: 48.590, Trans_L2_m: 0.340, Yaw_err_deg: 0.978
Epoch: [16/23], Batch: 50/2963, Loss: 51.182, Trans_L2_m: 0.345, Yaw_err_deg: 0.996
Epoch: [16/23], Batch: 60/2963, Loss: 48.897, Trans_L2_m: 0.343, Yaw_err_deg: 0.979
Epoch: [16/23], Batch: 70/2963, Loss: 52.981, Trans_L2_m: 0.475, Yaw_err_deg: 0.813
Epoch: [16/23], Batch: 80/2963, Loss: 63.474, Trans_L2_m: 0.498, Yaw_err_deg: 1.117
Epoch: [16/23], Batch: 90/2963, Loss: 56.102, Trans_L2_m: 0.448, Yaw_err_deg: 0.981
Epoch: [16/23], Batch: 100/2963, Loss: 48.124, Trans_L2_m: 0.454, Yaw_err_deg: 0.934
Epoch: [16/23], Batch: 110/2963, Loss: 50.838, Trans_L2_m: 0.470, Yaw_err_deg: 1.008
Epoch: [16/23], Batch: 120/2963, Loss: 43.116, Trans_L2_m: 0.299, Yaw_err_deg: 0.700
Epoch: [16/23], Batch: 130/2963, Loss: 67.831, Trans_L2_m: 0.591, Yaw_err_deg: 1.304
Epoch: [16/23], Batch: 140/2963, Loss: 52.058, Trans_L2_m: 0.445, Yaw_err_deg: 0.873
Epoch: [16/23], Batch: 150/2963, Loss: 50.667, Trans_L2_m: 0.509, Yaw_err_deg: 0.800
Epoch: [16/23], Batch: 160/2963, Loss: 50.114, Trans_L2_m: 0.470, Yaw_err_deg: 0.931
Epoch: [16/23], Batch: 170/2963, Loss: 45.179, Trans_L2_m: 0.324, Yaw_err_deg: 1.144
Epoch: [16/23], Batch: 180/2963, Loss: 52.912, Trans_L2_m: 0.482, Yaw_err_deg: 0.938
Epoch: [16/23], Batch: 190/2963, Loss: 56.104, Trans_L2_m: 0.454, Yaw_err_deg: 0.958
Epoch: [16/23], Batch: 200/2963, Loss: 45.339, Trans_L2_m: 0.316, Yaw_err_deg: 0.774
Epoch: [16/23], Batch: 210/2963, Loss: 47.242, Trans_L2_m: 0.426, Yaw_err_deg: 0.752
Epoch: [16/23], Batch: 220/2963, Loss: 48.284, Trans_L2_m: 0.489, Yaw_err_deg: 0.493
Epoch: [16/23], Batch: 230/2963, Loss: 61.757, Trans_L2_m: 0.469, Yaw_err_deg: 0.928
Epoch: [16/23], Batch: 240/2963, Loss: 67.959, Trans_L2_m: 0.431, Yaw_err_deg: 1.419
Epoch: [16/23], Batch: 250/2963, Loss: 56.605, Trans_L2_m: 0.421, Yaw_err_deg: 1.212
Epoch: [16/23], Batch: 260/2963, Loss: 58.548, Trans_L2_m: 0.367, Yaw_err_deg: 1.454
Epoch: [16/23], Batch: 270/2963, Loss: 49.854, Trans_L2_m: 0.463, Yaw_err_deg: 0.947
Epoch: [16/23], Batch: 280/2963, Loss: 53.633, Trans_L2_m: 0.440, Yaw_err_deg: 1.107
Epoch: [16/23], Batch: 290/2963, Loss: 50.179, Trans_L2_m: 0.357, Yaw_err_deg: 0.723
Epoch: [16/23], Batch: 300/2963, Loss: 46.770, Trans_L2_m: 0.299, Yaw_err_deg: 0.750
Epoch: [16/23], Batch: 310/2963, Loss: 52.749, Trans_L2_m: 0.391, Yaw_err_deg: 0.891
Epoch: [16/23], Batch: 320/2963, Loss: 45.354, Trans_L2_m: 0.387, Yaw_err_deg: 0.702
Epoch: [16/23], Batch: 330/2963, Loss: 58.869, Trans_L2_m: 0.374, Yaw_err_deg: 1.197
Epoch: [16/23], Batch: 340/2963, Loss: 52.413, Trans_L2_m: 0.317, Yaw_err_deg: 0.841
Epoch: [16/23], Batch: 350/2963, Loss: 44.405, Trans_L2_m: 0.284, Yaw_err_deg: 0.838
Epoch: [16/23], Batch: 360/2963, Loss: 62.800, Trans_L2_m: 0.572, Yaw_err_deg: 1.032
Epoch: [16/23], Batch: 370/2963, Loss: 58.233, Trans_L2_m: 0.350, Yaw_err_deg: 0.715
Epoch: [16/23], Batch: 380/2963, Loss: 65.646, Trans_L2_m: 0.507, Yaw_err_deg: 1.148
Epoch: [16/23], Batch: 390/2963, Loss: 59.764, Trans_L2_m: 0.378, Yaw_err_deg: 1.251
Epoch: [16/23], Batch: 400/2963, Loss: 66.041, Trans_L2_m: 0.324, Yaw_err_deg: 1.759
Epoch: [16/23], Batch: 410/2963, Loss: 47.731, Trans_L2_m: 0.336, Yaw_err_deg: 0.754
Epoch: [16/23], Batch: 420/2963, Loss: 55.147, Trans_L2_m: 0.478, Yaw_err_deg: 1.158
Epoch: [16/23], Batch: 430/2963, Loss: 54.027, Trans_L2_m: 0.422, Yaw_err_deg: 0.918
Epoch: [16/23], Batch: 440/2963, Loss: 50.967, Trans_L2_m: 0.442, Yaw_err_deg: 0.966
Epoch: [16/23], Batch: 450/2963, Loss: 49.197, Trans_L2_m: 0.380, Yaw_err_deg: 0.910
Epoch: [16/23], Batch: 460/2963, Loss: 62.764, Trans_L2_m: 0.439, Yaw_err_deg: 1.549
Epoch: [16/23], Batch: 470/2963, Loss: 49.865, Trans_L2_m: 0.526, Yaw_err_deg: 0.648
Epoch: [16/23], Batch: 480/2963, Loss: 52.566, Trans_L2_m: 0.571, Yaw_err_deg: 0.828
Epoch: [16/23], Batch: 490/2963, Loss: 46.810, Trans_L2_m: 0.422, Yaw_err_deg: 0.825
Epoch: [16/23], Batch: 500/2963, Loss: 65.551, Trans_L2_m: 0.477, Yaw_err_deg: 1.406
Epoch: [16/23], Batch: 510/2963, Loss: 50.124, Trans_L2_m: 0.498, Yaw_err_deg: 0.943
Epoch: [16/23], Batch: 520/2963, Loss: 50.981, Trans_L2_m: 0.393, Yaw_err_deg: 0.806
Epoch: [16/23], Batch: 530/2963, Loss: 50.062, Trans_L2_m: 0.297, Yaw_err_deg: 0.601
Epoch: [16/23], Batch: 540/2963, Loss: 50.702, Trans_L2_m: 0.339, Yaw_err_deg: 1.094
Epoch: [16/23], Batch: 550/2963, Loss: 42.706, Trans_L2_m: 0.486, Yaw_err_deg: 0.845
Epoch: [16/23], Batch: 560/2963, Loss: 51.421, Trans_L2_m: 0.338, Yaw_err_deg: 0.890
Epoch: [16/23], Batch: 570/2963, Loss: 51.337, Trans_L2_m: 0.483, Yaw_err_deg: 0.958
Epoch: [16/23], Batch: 580/2963, Loss: 50.775, Trans_L2_m: 0.594, Yaw_err_deg: 0.633
Epoch: [16/23], Batch: 590/2963, Loss: 59.169, Trans_L2_m: 0.408, Yaw_err_deg: 1.450
Epoch: [16/23], Batch: 600/2963, Loss: 46.813, Trans_L2_m: 0.369, Yaw_err_deg: 0.897
Epoch: [16/23], Batch: 610/2963, Loss: 57.202, Trans_L2_m: 0.403, Yaw_err_deg: 1.252
Epoch: [16/23], Batch: 620/2963, Loss: 47.437, Trans_L2_m: 0.306, Yaw_err_deg: 1.023
Epoch: [16/23], Batch: 630/2963, Loss: 46.307, Trans_L2_m: 0.315, Yaw_err_deg: 1.075
Epoch: [16/23], Batch: 640/2963, Loss: 56.014, Trans_L2_m: 0.383, Yaw_err_deg: 1.024
Epoch: [16/23], Batch: 650/2963, Loss: 64.934, Trans_L2_m: 0.447, Yaw_err_deg: 1.361
Epoch: [16/23], Batch: 660/2963, Loss: 52.352, Trans_L2_m: 0.577, Yaw_err_deg: 1.102
Epoch: [16/23], Batch: 670/2963, Loss: 57.357, Trans_L2_m: 0.492, Yaw_err_deg: 1.241
Epoch: [16/23], Batch: 680/2963, Loss: 56.644, Trans_L2_m: 0.479, Yaw_err_deg: 0.702
Epoch: [16/23], Batch: 690/2963, Loss: 55.007, Trans_L2_m: 0.496, Yaw_err_deg: 1.077
Epoch: [16/23], Batch: 700/2963, Loss: 60.197, Trans_L2_m: 0.483, Yaw_err_deg: 0.990
Epoch: [16/23], Batch: 710/2963, Loss: 46.430, Trans_L2_m: 0.485, Yaw_err_deg: 0.632
Epoch: [16/23], Batch: 720/2963, Loss: 65.298, Trans_L2_m: 0.539, Yaw_err_deg: 1.142
Epoch: [16/23], Batch: 730/2963, Loss: 62.700, Trans_L2_m: 0.408, Yaw_err_deg: 1.163
Epoch: [16/23], Batch: 740/2963, Loss: 69.953, Trans_L2_m: 0.362, Yaw_err_deg: 1.419
Epoch: [16/23], Batch: 750/2963, Loss: 51.560, Trans_L2_m: 0.449, Yaw_err_deg: 1.043
Epoch: [16/23], Batch: 760/2963, Loss: 48.248, Trans_L2_m: 0.456, Yaw_err_deg: 0.964
Epoch: [16/23], Batch: 770/2963, Loss: 43.056, Trans_L2_m: 0.363, Yaw_err_deg: 0.606
Epoch: [16/23], Batch: 780/2963, Loss: 47.627, Trans_L2_m: 0.337, Yaw_err_deg: 0.787
Epoch: [16/23], Batch: 790/2963, Loss: 47.019, Trans_L2_m: 0.448, Yaw_err_deg: 0.618
Epoch: [16/23], Batch: 800/2963, Loss: 54.605, Trans_L2_m: 0.445, Yaw_err_deg: 1.270
Epoch: [16/23], Batch: 810/2963, Loss: 59.634, Trans_L2_m: 0.401, Yaw_err_deg: 0.957
Epoch: [16/23], Batch: 820/2963, Loss: 51.986, Trans_L2_m: 0.418, Yaw_err_deg: 1.361
Epoch: [16/23], Batch: 830/2963, Loss: 58.552, Trans_L2_m: 0.333, Yaw_err_deg: 1.322
Epoch: [16/23], Batch: 840/2963, Loss: 46.101, Trans_L2_m: 0.408, Yaw_err_deg: 0.754
Epoch: [16/23], Batch: 850/2963, Loss: 54.428, Trans_L2_m: 0.469, Yaw_err_deg: 0.990
Epoch: [16/23], Batch: 860/2963, Loss: 56.490, Trans_L2_m: 0.479, Yaw_err_deg: 1.141
Epoch: [16/23], Batch: 870/2963, Loss: 54.437, Trans_L2_m: 0.440, Yaw_err_deg: 0.911
Epoch: [16/23], Batch: 880/2963, Loss: 51.709, Trans_L2_m: 0.559, Yaw_err_deg: 0.751
Epoch: [16/23], Batch: 890/2963, Loss: 48.020, Trans_L2_m: 0.415, Yaw_err_deg: 0.922
Epoch: [16/23], Batch: 900/2963, Loss: 44.099, Trans_L2_m: 0.340, Yaw_err_deg: 0.786
Epoch: [16/23], Batch: 910/2963, Loss: 41.265, Trans_L2_m: 0.290, Yaw_err_deg: 0.780
Epoch: [16/23], Batch: 920/2963, Loss: 49.333, Trans_L2_m: 0.454, Yaw_err_deg: 0.783
Epoch: [16/23], Batch: 930/2963, Loss: 46.380, Trans_L2_m: 0.345, Yaw_err_deg: 0.634
Epoch: [16/23], Batch: 940/2963, Loss: 51.258, Trans_L2_m: 0.564, Yaw_err_deg: 0.984
Epoch: [16/23], Batch: 950/2963, Loss: 52.659, Trans_L2_m: 0.429, Yaw_err_deg: 0.915
Epoch: [16/23], Batch: 960/2963, Loss: 55.563, Trans_L2_m: 0.346, Yaw_err_deg: 1.346
Epoch: [16/23], Batch: 970/2963, Loss: 52.743, Trans_L2_m: 0.427, Yaw_err_deg: 1.017
Epoch: [16/23], Batch: 980/2963, Loss: 61.094, Trans_L2_m: 0.458, Yaw_err_deg: 1.186
Epoch: [16/23], Batch: 990/2963, Loss: 50.496, Trans_L2_m: 0.365, Yaw_err_deg: 0.903
Epoch: [16/23], Batch: 1000/2963, Loss: 55.155, Trans_L2_m: 0.376, Yaw_err_deg: 1.075
Epoch: [16/23], Batch: 1010/2963, Loss: 55.783, Trans_L2_m: 0.251, Yaw_err_deg: 1.121
Epoch: [16/23], Batch: 1020/2963, Loss: 49.854, Trans_L2_m: 0.354, Yaw_err_deg: 1.307
Epoch: [16/23], Batch: 1030/2963, Loss: 65.812, Trans_L2_m: 0.437, Yaw_err_deg: 1.603
Epoch: [16/23], Batch: 1040/2963, Loss: 68.636, Trans_L2_m: 0.297, Yaw_err_deg: 1.304
Epoch: [16/23], Batch: 1050/2963, Loss: 43.430, Trans_L2_m: 0.339, Yaw_err_deg: 0.767
Epoch: [16/23], Batch: 1060/2963, Loss: 53.942, Trans_L2_m: 0.369, Yaw_err_deg: 0.852
Epoch: [16/23], Batch: 1070/2963, Loss: 47.420, Trans_L2_m: 0.555, Yaw_err_deg: 0.858
Epoch: [16/23], Batch: 1080/2963, Loss: 62.311, Trans_L2_m: 0.464, Yaw_err_deg: 1.643
Epoch: [16/23], Batch: 1090/2963, Loss: 49.544, Trans_L2_m: 0.359, Yaw_err_deg: 0.986
Epoch: [16/23], Batch: 1100/2963, Loss: 55.257, Trans_L2_m: 0.493, Yaw_err_deg: 1.124
Epoch: [16/23], Batch: 1110/2963, Loss: 50.538, Trans_L2_m: 0.420, Yaw_err_deg: 0.942
Epoch: [16/23], Batch: 1120/2963, Loss: 50.414, Trans_L2_m: 0.345, Yaw_err_deg: 0.917
Epoch: [16/23], Batch: 1130/2963, Loss: 54.082, Trans_L2_m: 0.520, Yaw_err_deg: 0.948
Epoch: [16/23], Batch: 1140/2963, Loss: 46.293, Trans_L2_m: 0.401, Yaw_err_deg: 0.760
Epoch: [16/23], Batch: 1150/2963, Loss: 58.458, Trans_L2_m: 0.560, Yaw_err_deg: 0.738
Epoch: [16/23], Batch: 1160/2963, Loss: 44.284, Trans_L2_m: 0.426, Yaw_err_deg: 0.753
Epoch: [16/23], Batch: 1170/2963, Loss: 61.202, Trans_L2_m: 0.579, Yaw_err_deg: 1.063
Epoch: [16/23], Batch: 1180/2963, Loss: 53.767, Trans_L2_m: 0.491, Yaw_err_deg: 0.665
Epoch: [16/23], Batch: 1190/2963, Loss: 57.853, Trans_L2_m: 0.489, Yaw_err_deg: 0.908
Epoch: [16/23], Batch: 1200/2963, Loss: 50.826, Trans_L2_m: 0.389, Yaw_err_deg: 1.083
Epoch: [16/23], Batch: 1210/2963, Loss: 51.058, Trans_L2_m: 0.343, Yaw_err_deg: 0.815
Epoch: [16/23], Batch: 1220/2963, Loss: 49.395, Trans_L2_m: 0.326, Yaw_err_deg: 0.937
Epoch: [16/23], Batch: 1230/2963, Loss: 50.725, Trans_L2_m: 0.371, Yaw_err_deg: 1.034
Epoch: [16/23], Batch: 1240/2963, Loss: 57.256, Trans_L2_m: 0.343, Yaw_err_deg: 1.107
Epoch: [16/23], Batch: 1250/2963, Loss: 47.983, Trans_L2_m: 0.354, Yaw_err_deg: 0.788
Epoch: [16/23], Batch: 1260/2963, Loss: 56.238, Trans_L2_m: 0.466, Yaw_err_deg: 1.008
Epoch: [16/23], Batch: 1270/2963, Loss: 49.847, Trans_L2_m: 0.355, Yaw_err_deg: 0.969
Epoch: [16/23], Batch: 1280/2963, Loss: 44.873, Trans_L2_m: 0.406, Yaw_err_deg: 0.756
Epoch: [16/23], Batch: 1290/2963, Loss: 58.027, Trans_L2_m: 0.433, Yaw_err_deg: 1.050
Epoch: [16/23], Batch: 1300/2963, Loss: 51.789, Trans_L2_m: 0.440, Yaw_err_deg: 1.035
Epoch: [16/23], Batch: 1310/2963, Loss: 52.066, Trans_L2_m: 0.338, Yaw_err_deg: 0.940
Epoch: [16/23], Batch: 1320/2963, Loss: 48.165, Trans_L2_m: 0.332, Yaw_err_deg: 0.773
Epoch: [16/23], Batch: 1330/2963, Loss: 60.105, Trans_L2_m: 0.513, Yaw_err_deg: 0.995
Epoch: [16/23], Batch: 1340/2963, Loss: 51.998, Trans_L2_m: 0.487, Yaw_err_deg: 0.860
Epoch: [16/23], Batch: 1350/2963, Loss: 45.302, Trans_L2_m: 0.362, Yaw_err_deg: 0.722
Epoch: [16/23], Batch: 1360/2963, Loss: 48.585, Trans_L2_m: 0.428, Yaw_err_deg: 0.982
Epoch: [16/23], Batch: 1370/2963, Loss: 61.127, Trans_L2_m: 0.466, Yaw_err_deg: 1.178
Epoch: [16/23], Batch: 1380/2963, Loss: 50.626, Trans_L2_m: 0.379, Yaw_err_deg: 1.124
Epoch: [16/23], Batch: 1390/2963, Loss: 67.535, Trans_L2_m: 0.404, Yaw_err_deg: 1.724
Epoch: [16/23], Batch: 1400/2963, Loss: 52.276, Trans_L2_m: 0.349, Yaw_err_deg: 1.295
Epoch: [16/23], Batch: 1410/2963, Loss: 46.609, Trans_L2_m: 0.463, Yaw_err_deg: 0.924
Epoch: [16/23], Batch: 1420/2963, Loss: 56.822, Trans_L2_m: 0.342, Yaw_err_deg: 1.385
Epoch: [16/23], Batch: 1430/2963, Loss: 48.328, Trans_L2_m: 0.519, Yaw_err_deg: 0.727
Epoch: [16/23], Batch: 1440/2963, Loss: 50.253, Trans_L2_m: 0.424, Yaw_err_deg: 0.960
Epoch: [16/23], Batch: 1450/2963, Loss: 48.419, Trans_L2_m: 0.350, Yaw_err_deg: 0.786
Epoch: [16/23], Batch: 1460/2963, Loss: 42.923, Trans_L2_m: 0.341, Yaw_err_deg: 0.918
Epoch: [16/23], Batch: 1470/2963, Loss: 52.429, Trans_L2_m: 0.640, Yaw_err_deg: 0.931
Epoch: [16/23], Batch: 1480/2963, Loss: 57.073, Trans_L2_m: 0.367, Yaw_err_deg: 1.263
Epoch: [16/23], Batch: 1490/2963, Loss: 59.552, Trans_L2_m: 0.519, Yaw_err_deg: 1.196
Epoch: [16/23], Batch: 1500/2963, Loss: 54.300, Trans_L2_m: 0.386, Yaw_err_deg: 1.363
Epoch: [16/23], Batch: 1510/2963, Loss: 50.620, Trans_L2_m: 0.377, Yaw_err_deg: 0.972
Epoch: [16/23], Batch: 1520/2963, Loss: 56.063, Trans_L2_m: 0.353, Yaw_err_deg: 1.067
Epoch: [16/23], Batch: 1530/2963, Loss: 59.733, Trans_L2_m: 0.342, Yaw_err_deg: 1.685
Epoch: [16/23], Batch: 1540/2963, Loss: 51.557, Trans_L2_m: 0.453, Yaw_err_deg: 0.861
Epoch: [16/23], Batch: 1550/2963, Loss: 42.971, Trans_L2_m: 0.255, Yaw_err_deg: 0.530
Epoch: [16/23], Batch: 1560/2963, Loss: 56.018, Trans_L2_m: 0.659, Yaw_err_deg: 0.677
Epoch: [16/23], Batch: 1570/2963, Loss: 56.362, Trans_L2_m: 0.504, Yaw_err_deg: 1.054
Epoch: [16/23], Batch: 1580/2963, Loss: 49.099, Trans_L2_m: 0.487, Yaw_err_deg: 0.752
Epoch: [16/23], Batch: 1590/2963, Loss: 49.169, Trans_L2_m: 0.360, Yaw_err_deg: 1.153
Epoch: [16/23], Batch: 1600/2963, Loss: 51.846, Trans_L2_m: 0.547, Yaw_err_deg: 0.674
Epoch: [16/23], Batch: 1610/2963, Loss: 61.252, Trans_L2_m: 0.421, Yaw_err_deg: 1.043
Epoch: [16/23], Batch: 1620/2963, Loss: 53.972, Trans_L2_m: 0.533, Yaw_err_deg: 0.876
Epoch: [16/23], Batch: 1630/2963, Loss: 51.530, Trans_L2_m: 0.487, Yaw_err_deg: 0.932
Epoch: [16/23], Batch: 1640/2963, Loss: 48.100, Trans_L2_m: 0.401, Yaw_err_deg: 1.005
Epoch: [16/23], Batch: 1650/2963, Loss: 58.411, Trans_L2_m: 0.419, Yaw_err_deg: 1.178
Epoch: [16/23], Batch: 1660/2963, Loss: 45.070, Trans_L2_m: 0.326, Yaw_err_deg: 0.810
Epoch: [16/23], Batch: 1670/2963, Loss: 48.396, Trans_L2_m: 0.414, Yaw_err_deg: 0.769
Epoch: [16/23], Batch: 1680/2963, Loss: 69.575, Trans_L2_m: 0.457, Yaw_err_deg: 1.253
Epoch: [16/23], Batch: 1690/2963, Loss: 49.286, Trans_L2_m: 0.433, Yaw_err_deg: 0.831
Epoch: [16/23], Batch: 1700/2963, Loss: 54.734, Trans_L2_m: 0.320, Yaw_err_deg: 1.343
Epoch: [16/23], Batch: 1710/2963, Loss: 57.406, Trans_L2_m: 0.419, Yaw_err_deg: 0.954
Epoch: [16/23], Batch: 1720/2963, Loss: 45.681, Trans_L2_m: 0.362, Yaw_err_deg: 0.816
Epoch: [16/23], Batch: 1730/2963, Loss: 47.256, Trans_L2_m: 0.361, Yaw_err_deg: 0.897
Epoch: [16/23], Batch: 1740/2963, Loss: 48.728, Trans_L2_m: 0.479, Yaw_err_deg: 0.844
Epoch: [16/23], Batch: 1750/2963, Loss: 54.663, Trans_L2_m: 0.429, Yaw_err_deg: 1.052
Epoch: [16/23], Batch: 1760/2963, Loss: 56.097, Trans_L2_m: 0.392, Yaw_err_deg: 1.226
Epoch: [16/23], Batch: 1770/2963, Loss: 82.081, Trans_L2_m: 0.336, Yaw_err_deg: 1.299
Epoch: [16/23], Batch: 1780/2963, Loss: 50.990, Trans_L2_m: 0.437, Yaw_err_deg: 1.011
Epoch: [16/23], Batch: 1790/2963, Loss: 43.094, Trans_L2_m: 0.344, Yaw_err_deg: 0.718
Epoch: [16/23], Batch: 1800/2963, Loss: 48.894, Trans_L2_m: 0.481, Yaw_err_deg: 0.843
Epoch: [16/23], Batch: 1810/2963, Loss: 49.079, Trans_L2_m: 0.514, Yaw_err_deg: 0.983
Epoch: [16/23], Batch: 1820/2963, Loss: 50.151, Trans_L2_m: 0.489, Yaw_err_deg: 0.684
Epoch: [16/23], Batch: 1830/2963, Loss: 55.234, Trans_L2_m: 0.397, Yaw_err_deg: 1.169
Epoch: [16/23], Batch: 1840/2963, Loss: 55.356, Trans_L2_m: 0.547, Yaw_err_deg: 1.089
Epoch: [16/23], Batch: 1850/2963, Loss: 45.236, Trans_L2_m: 0.369, Yaw_err_deg: 0.879
Epoch: [16/23], Batch: 1860/2963, Loss: 56.190, Trans_L2_m: 0.431, Yaw_err_deg: 0.881
Epoch: [16/23], Batch: 1870/2963, Loss: 46.890, Trans_L2_m: 0.406, Yaw_err_deg: 0.701
Epoch: [16/23], Batch: 1880/2963, Loss: 46.364, Trans_L2_m: 0.424, Yaw_err_deg: 0.746
Epoch: [16/23], Batch: 1890/2963, Loss: 57.598, Trans_L2_m: 0.358, Yaw_err_deg: 1.222
Epoch: [16/23], Batch: 1900/2963, Loss: 47.838, Trans_L2_m: 0.254, Yaw_err_deg: 0.730
Epoch: [16/23], Batch: 1910/2963, Loss: 42.509, Trans_L2_m: 0.408, Yaw_err_deg: 0.652
Epoch: [16/23], Batch: 1920/2963, Loss: 55.703, Trans_L2_m: 0.352, Yaw_err_deg: 1.070
Epoch: [16/23], Batch: 1930/2963, Loss: 83.023, Trans_L2_m: 0.427, Yaw_err_deg: 1.974
Epoch: [16/23], Batch: 1940/2963, Loss: 58.884, Trans_L2_m: 0.505, Yaw_err_deg: 1.156
Epoch: [16/23], Batch: 1950/2963, Loss: 55.781, Trans_L2_m: 0.490, Yaw_err_deg: 1.076
Epoch: [16/23], Batch: 1960/2963, Loss: 52.814, Trans_L2_m: 0.367, Yaw_err_deg: 0.845
Epoch: [16/23], Batch: 1970/2963, Loss: 49.449, Trans_L2_m: 0.483, Yaw_err_deg: 0.760
Epoch: [16/23], Batch: 1980/2963, Loss: 51.397, Trans_L2_m: 0.378, Yaw_err_deg: 0.921
Epoch: [16/23], Batch: 1990/2963, Loss: 55.970, Trans_L2_m: 0.325, Yaw_err_deg: 1.361
Epoch: [16/23], Batch: 2000/2963, Loss: 45.971, Trans_L2_m: 0.337, Yaw_err_deg: 0.954
Epoch: [16/23], Batch: 2010/2963, Loss: 68.151, Trans_L2_m: 0.289, Yaw_err_deg: 1.452
Epoch: [16/23], Batch: 2020/2963, Loss: 49.760, Trans_L2_m: 0.519, Yaw_err_deg: 0.920
Epoch: [16/23], Batch: 2030/2963, Loss: 50.035, Trans_L2_m: 0.257, Yaw_err_deg: 1.059
Epoch: [16/23], Batch: 2040/2963, Loss: 46.957, Trans_L2_m: 0.397, Yaw_err_deg: 0.911
Epoch: [16/23], Batch: 2050/2963, Loss: 55.609, Trans_L2_m: 0.472, Yaw_err_deg: 1.150
Epoch: [16/23], Batch: 2060/2963, Loss: 64.675, Trans_L2_m: 0.294, Yaw_err_deg: 1.810
Epoch: [16/23], Batch: 2070/2963, Loss: 51.287, Trans_L2_m: 0.445, Yaw_err_deg: 1.076
Epoch: [16/23], Batch: 2080/2963, Loss: 58.712, Trans_L2_m: 0.388, Yaw_err_deg: 1.062
Epoch: [16/23], Batch: 2090/2963, Loss: 50.727, Trans_L2_m: 0.424, Yaw_err_deg: 0.932
Epoch: [16/23], Batch: 2100/2963, Loss: 50.629, Trans_L2_m: 0.326, Yaw_err_deg: 0.935
Epoch: [16/23], Batch: 2110/2963, Loss: 44.672, Trans_L2_m: 0.370, Yaw_err_deg: 0.875
Epoch: [16/23], Batch: 2120/2963, Loss: 83.145, Trans_L2_m: 0.449, Yaw_err_deg: 1.984
Epoch: [16/23], Batch: 2130/2963, Loss: 48.163, Trans_L2_m: 0.417, Yaw_err_deg: 0.788
Epoch: [16/23], Batch: 2140/2963, Loss: 42.804, Trans_L2_m: 0.381, Yaw_err_deg: 0.466
Epoch: [16/23], Batch: 2150/2963, Loss: 48.219, Trans_L2_m: 0.342, Yaw_err_deg: 0.886
Epoch: [16/23], Batch: 2160/2963, Loss: 56.262, Trans_L2_m: 0.429, Yaw_err_deg: 0.892
Epoch: [16/23], Batch: 2170/2963, Loss: 54.554, Trans_L2_m: 0.444, Yaw_err_deg: 0.999
Epoch: [16/23], Batch: 2180/2963, Loss: 64.852, Trans_L2_m: 0.385, Yaw_err_deg: 1.560
Epoch: [16/23], Batch: 2190/2963, Loss: 47.152, Trans_L2_m: 0.466, Yaw_err_deg: 0.698
Epoch: [16/23], Batch: 2200/2963, Loss: 56.839, Trans_L2_m: 0.371, Yaw_err_deg: 0.991
Epoch: [16/23], Batch: 2210/2963, Loss: 56.431, Trans_L2_m: 0.486, Yaw_err_deg: 0.762
Epoch: [16/23], Batch: 2220/2963, Loss: 50.021, Trans_L2_m: 0.429, Yaw_err_deg: 1.092
Epoch: [16/23], Batch: 2230/2963, Loss: 46.526, Trans_L2_m: 0.301, Yaw_err_deg: 0.744
Epoch: [16/23], Batch: 2240/2963, Loss: 57.518, Trans_L2_m: 0.421, Yaw_err_deg: 1.010
Epoch: [16/23], Batch: 2250/2963, Loss: 68.186, Trans_L2_m: 0.457, Yaw_err_deg: 1.310
Epoch: [16/23], Batch: 2260/2963, Loss: 41.328, Trans_L2_m: 0.341, Yaw_err_deg: 0.508
Epoch: [16/23], Batch: 2270/2963, Loss: 46.725, Trans_L2_m: 0.374, Yaw_err_deg: 0.826
Epoch: [16/23], Batch: 2280/2963, Loss: 53.288, Trans_L2_m: 0.446, Yaw_err_deg: 1.014
Epoch: [16/23], Batch: 2290/2963, Loss: 71.590, Trans_L2_m: 0.583, Yaw_err_deg: 1.263
Epoch: [16/23], Batch: 2300/2963, Loss: 50.050, Trans_L2_m: 0.415, Yaw_err_deg: 0.873
Epoch: [16/23], Batch: 2310/2963, Loss: 54.248, Trans_L2_m: 0.498, Yaw_err_deg: 1.117
Epoch: [16/23], Batch: 2320/2963, Loss: 46.301, Trans_L2_m: 0.480, Yaw_err_deg: 0.485
Epoch: [16/23], Batch: 2330/2963, Loss: 57.665, Trans_L2_m: 0.282, Yaw_err_deg: 1.190
Epoch: [16/23], Batch: 2340/2963, Loss: 52.962, Trans_L2_m: 0.521, Yaw_err_deg: 0.804
Epoch: [16/23], Batch: 2350/2963, Loss: 58.874, Trans_L2_m: 0.444, Yaw_err_deg: 1.249
Epoch: [16/23], Batch: 2360/2963, Loss: 57.019, Trans_L2_m: 0.303, Yaw_err_deg: 1.234
Epoch: [16/23], Batch: 2370/2963, Loss: 55.192, Trans_L2_m: 0.507, Yaw_err_deg: 0.904
Epoch: [16/23], Batch: 2380/2963, Loss: 49.907, Trans_L2_m: 0.352, Yaw_err_deg: 0.954
Epoch: [16/23], Batch: 2390/2963, Loss: 50.508, Trans_L2_m: 0.330, Yaw_err_deg: 0.829
Epoch: [16/23], Batch: 2400/2963, Loss: 47.272, Trans_L2_m: 0.442, Yaw_err_deg: 0.804
Epoch: [16/23], Batch: 2410/2963, Loss: 52.037, Trans_L2_m: 0.406, Yaw_err_deg: 0.911
Epoch: [16/23], Batch: 2420/2963, Loss: 51.220, Trans_L2_m: 0.376, Yaw_err_deg: 0.970
Epoch: [16/23], Batch: 2430/2963, Loss: 47.957, Trans_L2_m: 0.491, Yaw_err_deg: 0.833
Epoch: [16/23], Batch: 2440/2963, Loss: 58.815, Trans_L2_m: 0.538, Yaw_err_deg: 1.017
Epoch: [16/23], Batch: 2450/2963, Loss: 49.862, Trans_L2_m: 0.342, Yaw_err_deg: 0.952
Epoch: [16/23], Batch: 2460/2963, Loss: 51.941, Trans_L2_m: 0.463, Yaw_err_deg: 0.681
Epoch: [16/23], Batch: 2470/2963, Loss: 43.120, Trans_L2_m: 0.248, Yaw_err_deg: 0.726
Epoch: [16/23], Batch: 2480/2963, Loss: 63.026, Trans_L2_m: 0.483, Yaw_err_deg: 1.387
Epoch: [16/23], Batch: 2490/2963, Loss: 44.754, Trans_L2_m: 0.413, Yaw_err_deg: 0.586
Epoch: [16/23], Batch: 2500/2963, Loss: 52.636, Trans_L2_m: 0.439, Yaw_err_deg: 1.036
Epoch: [16/23], Batch: 2510/2963, Loss: 49.244, Trans_L2_m: 0.428, Yaw_err_deg: 0.926
Epoch: [16/23], Batch: 2520/2963, Loss: 92.896, Trans_L2_m: 0.421, Yaw_err_deg: 1.262
Epoch: [16/23], Batch: 2530/2963, Loss: 46.515, Trans_L2_m: 0.438, Yaw_err_deg: 0.827
Epoch: [16/23], Batch: 2540/2963, Loss: 51.322, Trans_L2_m: 0.235, Yaw_err_deg: 1.227
Epoch: [16/23], Batch: 2550/2963, Loss: 46.907, Trans_L2_m: 0.362, Yaw_err_deg: 0.858
Epoch: [16/23], Batch: 2560/2963, Loss: 58.174, Trans_L2_m: 0.403, Yaw_err_deg: 1.026
Epoch: [16/23], Batch: 2570/2963, Loss: 44.391, Trans_L2_m: 0.447, Yaw_err_deg: 0.708
Epoch: [16/23], Batch: 2580/2963, Loss: 54.954, Trans_L2_m: 0.456, Yaw_err_deg: 0.541
Epoch: [16/23], Batch: 2590/2963, Loss: 45.121, Trans_L2_m: 0.358, Yaw_err_deg: 0.820
Epoch: [16/23], Batch: 2600/2963, Loss: 63.970, Trans_L2_m: 0.357, Yaw_err_deg: 1.544
Epoch: [16/23], Batch: 2610/2963, Loss: 62.844, Trans_L2_m: 0.362, Yaw_err_deg: 1.120
Epoch: [16/23], Batch: 2620/2963, Loss: 54.680, Trans_L2_m: 0.386, Yaw_err_deg: 1.328
Epoch: [16/23], Batch: 2630/2963, Loss: 50.592, Trans_L2_m: 0.501, Yaw_err_deg: 0.714
Epoch: [16/23], Batch: 2640/2963, Loss: 41.814, Trans_L2_m: 0.345, Yaw_err_deg: 0.308
Epoch: [16/23], Batch: 2650/2963, Loss: 61.698, Trans_L2_m: 0.437, Yaw_err_deg: 0.838
Epoch: [16/23], Batch: 2660/2963, Loss: 49.891, Trans_L2_m: 0.369, Yaw_err_deg: 1.099
Epoch: [16/23], Batch: 2670/2963, Loss: 42.758, Trans_L2_m: 0.434, Yaw_err_deg: 0.708
Epoch: [16/23], Batch: 2680/2963, Loss: 49.728, Trans_L2_m: 0.374, Yaw_err_deg: 1.030
Epoch: [16/23], Batch: 2690/2963, Loss: 68.720, Trans_L2_m: 0.365, Yaw_err_deg: 1.629
Epoch: [16/23], Batch: 2700/2963, Loss: 52.431, Trans_L2_m: 0.279, Yaw_err_deg: 1.282
Epoch: [16/23], Batch: 2710/2963, Loss: 54.665, Trans_L2_m: 0.555, Yaw_err_deg: 1.226
Epoch: [16/23], Batch: 2720/2963, Loss: 57.963, Trans_L2_m: 0.438, Yaw_err_deg: 0.978
Epoch: [16/23], Batch: 2730/2963, Loss: 48.752, Trans_L2_m: 0.441, Yaw_err_deg: 0.950
Epoch: [16/23], Batch: 2740/2963, Loss: 70.159, Trans_L2_m: 0.364, Yaw_err_deg: 1.879
Epoch: [16/23], Batch: 2750/2963, Loss: 45.770, Trans_L2_m: 0.291, Yaw_err_deg: 0.930
Epoch: [16/23], Batch: 2760/2963, Loss: 44.062, Trans_L2_m: 0.443, Yaw_err_deg: 0.504
Epoch: [16/23], Batch: 2770/2963, Loss: 46.175, Trans_L2_m: 0.318, Yaw_err_deg: 0.884
Epoch: [16/23], Batch: 2780/2963, Loss: 53.538, Trans_L2_m: 0.368, Yaw_err_deg: 1.028
Epoch: [16/23], Batch: 2790/2963, Loss: 44.384, Trans_L2_m: 0.527, Yaw_err_deg: 0.649
Epoch: [16/23], Batch: 2800/2963, Loss: 67.459, Trans_L2_m: 0.411, Yaw_err_deg: 1.357
Epoch: [16/23], Batch: 2810/2963, Loss: 58.787, Trans_L2_m: 0.403, Yaw_err_deg: 1.249
Epoch: [16/23], Batch: 2820/2963, Loss: 48.903, Trans_L2_m: 0.400, Yaw_err_deg: 0.800
Epoch: [16/23], Batch: 2830/2963, Loss: 48.397, Trans_L2_m: 0.451, Yaw_err_deg: 0.869
Epoch: [16/23], Batch: 2840/2963, Loss: 49.174, Trans_L2_m: 0.395, Yaw_err_deg: 0.736
Epoch: [16/23], Batch: 2850/2963, Loss: 54.810, Trans_L2_m: 0.416, Yaw_err_deg: 1.145
Epoch: [16/23], Batch: 2860/2963, Loss: 60.890, Trans_L2_m: 0.505, Yaw_err_deg: 1.503
Epoch: [16/23], Batch: 2870/2963, Loss: 50.540, Trans_L2_m: 0.474, Yaw_err_deg: 0.721
Epoch: [16/23], Batch: 2880/2963, Loss: 67.227, Trans_L2_m: 0.511, Yaw_err_deg: 1.029
Epoch: [16/23], Batch: 2890/2963, Loss: 47.319, Trans_L2_m: 0.347, Yaw_err_deg: 0.964
Epoch: [16/23], Batch: 2900/2963, Loss: 51.530, Trans_L2_m: 0.403, Yaw_err_deg: 0.895
Epoch: [16/23], Batch: 2910/2963, Loss: 48.404, Trans_L2_m: 0.379, Yaw_err_deg: 0.936
Epoch: [16/23], Batch: 2920/2963, Loss: 58.300, Trans_L2_m: 0.453, Yaw_err_deg: 1.218
Epoch: [16/23], Batch: 2930/2963, Loss: 54.034, Trans_L2_m: 0.474, Yaw_err_deg: 1.053
Epoch: [16/23], Batch: 2940/2963, Loss: 42.764, Trans_L2_m: 0.337, Yaw_err_deg: 0.762
Epoch: [16/23], Batch: 2950/2963, Loss: 52.827, Trans_L2_m: 0.386, Yaw_err_deg: 0.716
Epoch: [16/23], Batch: 2960/2963, Loss: 94.372, Trans_L2_m: 0.549, Yaw_err_deg: 1.208
Epoch: [17/23], Batch: 0/2963, Loss: 55.247, Trans_L2_m: 0.479, Yaw_err_deg: 0.879
Epoch: [17/23], Batch: 10/2963, Loss: 53.144, Trans_L2_m: 0.492, Yaw_err_deg: 1.003
Epoch: [17/23], Batch: 20/2963, Loss: 62.932, Trans_L2_m: 0.356, Yaw_err_deg: 1.268
Epoch: [17/23], Batch: 30/2963, Loss: 54.183, Trans_L2_m: 0.520, Yaw_err_deg: 0.924
Epoch: [17/23], Batch: 40/2963, Loss: 47.905, Trans_L2_m: 0.304, Yaw_err_deg: 0.865
Epoch: [17/23], Batch: 50/2963, Loss: 44.732, Trans_L2_m: 0.401, Yaw_err_deg: 0.699
Epoch: [17/23], Batch: 60/2963, Loss: 54.008, Trans_L2_m: 0.447, Yaw_err_deg: 0.983
Epoch: [17/23], Batch: 70/2963, Loss: 50.158, Trans_L2_m: 0.376, Yaw_err_deg: 0.863
Epoch: [17/23], Batch: 80/2963, Loss: 50.750, Trans_L2_m: 0.312, Yaw_err_deg: 1.201
Epoch: [17/23], Batch: 90/2963, Loss: 53.935, Trans_L2_m: 0.330, Yaw_err_deg: 1.292
Epoch: [17/23], Batch: 100/2963, Loss: 54.789, Trans_L2_m: 0.400, Yaw_err_deg: 1.159
Epoch: [17/23], Batch: 110/2963, Loss: 52.339, Trans_L2_m: 0.441, Yaw_err_deg: 0.933
Epoch: [17/23], Batch: 120/2963, Loss: 50.220, Trans_L2_m: 0.392, Yaw_err_deg: 0.708
Epoch: [17/23], Batch: 130/2963, Loss: 41.265, Trans_L2_m: 0.350, Yaw_err_deg: 0.609
Epoch: [17/23], Batch: 140/2963, Loss: 44.411, Trans_L2_m: 0.411, Yaw_err_deg: 0.628
Epoch: [17/23], Batch: 150/2963, Loss: 84.715, Trans_L2_m: 0.312, Yaw_err_deg: 2.398
Epoch: [17/23], Batch: 160/2963, Loss: 72.499, Trans_L2_m: 0.468, Yaw_err_deg: 1.581
Epoch: [17/23], Batch: 170/2963, Loss: 47.501, Trans_L2_m: 0.443, Yaw_err_deg: 0.984
Epoch: [17/23], Batch: 180/2963, Loss: 45.303, Trans_L2_m: 0.407, Yaw_err_deg: 0.903
Epoch: [17/23], Batch: 190/2963, Loss: 47.855, Trans_L2_m: 0.304, Yaw_err_deg: 0.916
Epoch: [17/23], Batch: 200/2963, Loss: 48.037, Trans_L2_m: 0.339, Yaw_err_deg: 0.709
Epoch: [17/23], Batch: 210/2963, Loss: 43.415, Trans_L2_m: 0.463, Yaw_err_deg: 0.636
Epoch: [17/23], Batch: 220/2963, Loss: 47.803, Trans_L2_m: 0.406, Yaw_err_deg: 0.485
Epoch: [17/23], Batch: 230/2963, Loss: 50.644, Trans_L2_m: 0.472, Yaw_err_deg: 0.817
Epoch: [17/23], Batch: 240/2963, Loss: 50.828, Trans_L2_m: 0.311, Yaw_err_deg: 1.088
Epoch: [17/23], Batch: 250/2963, Loss: 43.614, Trans_L2_m: 0.345, Yaw_err_deg: 0.749
Epoch: [17/23], Batch: 260/2963, Loss: 56.656, Trans_L2_m: 0.493, Yaw_err_deg: 1.005
Epoch: [17/23], Batch: 270/2963, Loss: 48.537, Trans_L2_m: 0.450, Yaw_err_deg: 1.035
Epoch: [17/23], Batch: 280/2963, Loss: 49.377, Trans_L2_m: 0.412, Yaw_err_deg: 0.743
Epoch: [17/23], Batch: 290/2963, Loss: 41.333, Trans_L2_m: 0.440, Yaw_err_deg: 0.622
Epoch: [17/23], Batch: 300/2963, Loss: 51.875, Trans_L2_m: 0.441, Yaw_err_deg: 0.973
Epoch: [17/23], Batch: 310/2963, Loss: 50.043, Trans_L2_m: 0.453, Yaw_err_deg: 0.763
Epoch: [17/23], Batch: 320/2963, Loss: 67.688, Trans_L2_m: 0.313, Yaw_err_deg: 1.013
Epoch: [17/23], Batch: 330/2963, Loss: 52.005, Trans_L2_m: 0.418, Yaw_err_deg: 0.911
Epoch: [17/23], Batch: 340/2963, Loss: 46.504, Trans_L2_m: 0.347, Yaw_err_deg: 0.817
Epoch: [17/23], Batch: 350/2963, Loss: 50.180, Trans_L2_m: 0.387, Yaw_err_deg: 0.880
Epoch: [17/23], Batch: 360/2963, Loss: 54.326, Trans_L2_m: 0.343, Yaw_err_deg: 1.010
Epoch: [17/23], Batch: 370/2963, Loss: 41.486, Trans_L2_m: 0.259, Yaw_err_deg: 0.634
Epoch: [17/23], Batch: 380/2963, Loss: 47.093, Trans_L2_m: 0.396, Yaw_err_deg: 0.934
Epoch: [17/23], Batch: 390/2963, Loss: 63.001, Trans_L2_m: 0.302, Yaw_err_deg: 1.037
Epoch: [17/23], Batch: 400/2963, Loss: 57.731, Trans_L2_m: 0.475, Yaw_err_deg: 0.990
Epoch: [17/23], Batch: 410/2963, Loss: 50.321, Trans_L2_m: 0.386, Yaw_err_deg: 1.035
Epoch: [17/23], Batch: 420/2963, Loss: 49.911, Trans_L2_m: 0.433, Yaw_err_deg: 0.721
Epoch: [17/23], Batch: 430/2963, Loss: 54.884, Trans_L2_m: 0.378, Yaw_err_deg: 0.849
Epoch: [17/23], Batch: 440/2963, Loss: 54.313, Trans_L2_m: 0.473, Yaw_err_deg: 1.050
Epoch: [17/23], Batch: 450/2963, Loss: 52.859, Trans_L2_m: 0.531, Yaw_err_deg: 0.766
Epoch: [17/23], Batch: 460/2963, Loss: 55.938, Trans_L2_m: 0.421, Yaw_err_deg: 0.691
Epoch: [17/23], Batch: 470/2963, Loss: 84.714, Trans_L2_m: 0.251, Yaw_err_deg: 1.840
Epoch: [17/23], Batch: 480/2963, Loss: 45.789, Trans_L2_m: 0.371, Yaw_err_deg: 0.950
Epoch: [17/23], Batch: 490/2963, Loss: 58.282, Trans_L2_m: 0.552, Yaw_err_deg: 1.020
Epoch: [17/23], Batch: 500/2963, Loss: 53.360, Trans_L2_m: 0.438, Yaw_err_deg: 0.729
Epoch: [17/23], Batch: 510/2963, Loss: 72.805, Trans_L2_m: 0.469, Yaw_err_deg: 1.514
Epoch: [17/23], Batch: 520/2963, Loss: 60.336, Trans_L2_m: 0.562, Yaw_err_deg: 0.943
Epoch: [17/23], Batch: 530/2963, Loss: 53.131, Trans_L2_m: 0.397, Yaw_err_deg: 0.945
Epoch: [17/23], Batch: 540/2963, Loss: 52.050, Trans_L2_m: 0.305, Yaw_err_deg: 1.014
Epoch: [17/23], Batch: 550/2963, Loss: 51.632, Trans_L2_m: 0.513, Yaw_err_deg: 0.993
Epoch: [17/23], Batch: 560/2963, Loss: 88.225, Trans_L2_m: 0.377, Yaw_err_deg: 2.094
Epoch: [17/23], Batch: 570/2963, Loss: 64.653, Trans_L2_m: 0.407, Yaw_err_deg: 1.206
Epoch: [17/23], Batch: 580/2963, Loss: 56.960, Trans_L2_m: 0.433, Yaw_err_deg: 1.296
Epoch: [17/23], Batch: 590/2963, Loss: 81.917, Trans_L2_m: 0.405, Yaw_err_deg: 2.029
Epoch: [17/23], Batch: 600/2963, Loss: 45.962, Trans_L2_m: 0.500, Yaw_err_deg: 0.523
Epoch: [17/23], Batch: 610/2963, Loss: 48.448, Trans_L2_m: 0.344, Yaw_err_deg: 1.114
Epoch: [17/23], Batch: 620/2963, Loss: 52.250, Trans_L2_m: 0.451, Yaw_err_deg: 0.805
Epoch: [17/23], Batch: 630/2963, Loss: 47.018, Trans_L2_m: 0.248, Yaw_err_deg: 0.903
Epoch: [17/23], Batch: 640/2963, Loss: 69.630, Trans_L2_m: 0.481, Yaw_err_deg: 0.956
Epoch: [17/23], Batch: 650/2963, Loss: 52.467, Trans_L2_m: 0.367, Yaw_err_deg: 1.114
Epoch: [17/23], Batch: 660/2963, Loss: 52.022, Trans_L2_m: 0.474, Yaw_err_deg: 0.909
Epoch: [17/23], Batch: 670/2963, Loss: 62.536, Trans_L2_m: 0.458, Yaw_err_deg: 1.342
Epoch: [17/23], Batch: 680/2963, Loss: 44.397, Trans_L2_m: 0.316, Yaw_err_deg: 0.829
Epoch: [17/23], Batch: 690/2963, Loss: 50.509, Trans_L2_m: 0.348, Yaw_err_deg: 1.066
Epoch: [17/23], Batch: 700/2963, Loss: 50.103, Trans_L2_m: 0.433, Yaw_err_deg: 1.040
Epoch: [17/23], Batch: 710/2963, Loss: 60.294, Trans_L2_m: 0.587, Yaw_err_deg: 1.091
Epoch: [17/23], Batch: 720/2963, Loss: 55.393, Trans_L2_m: 0.388, Yaw_err_deg: 1.082
Epoch: [17/23], Batch: 730/2963, Loss: 48.736, Trans_L2_m: 0.340, Yaw_err_deg: 0.919
Epoch: [17/23], Batch: 740/2963, Loss: 43.722, Trans_L2_m: 0.335, Yaw_err_deg: 0.582
Epoch: [17/23], Batch: 750/2963, Loss: 45.450, Trans_L2_m: 0.305, Yaw_err_deg: 0.747
Epoch: [17/23], Batch: 760/2963, Loss: 47.995, Trans_L2_m: 0.459, Yaw_err_deg: 0.738
Epoch: [17/23], Batch: 770/2963, Loss: 51.726, Trans_L2_m: 0.312, Yaw_err_deg: 1.139
Epoch: [17/23], Batch: 780/2963, Loss: 52.378, Trans_L2_m: 0.372, Yaw_err_deg: 0.631
Epoch: [17/23], Batch: 790/2963, Loss: 51.173, Trans_L2_m: 0.429, Yaw_err_deg: 0.844
Epoch: [17/23], Batch: 800/2963, Loss: 54.117, Trans_L2_m: 0.450, Yaw_err_deg: 0.831
Epoch: [17/23], Batch: 810/2963, Loss: 50.013, Trans_L2_m: 0.557, Yaw_err_deg: 0.530
Epoch: [17/23], Batch: 820/2963, Loss: 41.994, Trans_L2_m: 0.340, Yaw_err_deg: 0.854
Epoch: [17/23], Batch: 830/2963, Loss: 47.407, Trans_L2_m: 0.372, Yaw_err_deg: 0.932
Epoch: [17/23], Batch: 840/2963, Loss: 58.712, Trans_L2_m: 0.491, Yaw_err_deg: 1.335
Epoch: [17/23], Batch: 850/2963, Loss: 57.712, Trans_L2_m: 0.502, Yaw_err_deg: 0.792
Epoch: [17/23], Batch: 860/2963, Loss: 70.763, Trans_L2_m: 0.361, Yaw_err_deg: 1.557
Epoch: [17/23], Batch: 870/2963, Loss: 49.264, Trans_L2_m: 0.379, Yaw_err_deg: 0.947
Epoch: [17/23], Batch: 880/2963, Loss: 50.310, Trans_L2_m: 0.305, Yaw_err_deg: 1.008
Epoch: [17/23], Batch: 890/2963, Loss: 42.788, Trans_L2_m: 0.348, Yaw_err_deg: 0.826
Epoch: [17/23], Batch: 900/2963, Loss: 43.770, Trans_L2_m: 0.404, Yaw_err_deg: 0.848
Epoch: [17/23], Batch: 910/2963, Loss: 52.502, Trans_L2_m: 0.334, Yaw_err_deg: 1.165
Epoch: [17/23], Batch: 920/2963, Loss: 62.777, Trans_L2_m: 0.429, Yaw_err_deg: 1.296
Epoch: [17/23], Batch: 930/2963, Loss: 48.683, Trans_L2_m: 0.442, Yaw_err_deg: 0.859
Epoch: [17/23], Batch: 940/2963, Loss: 47.961, Trans_L2_m: 0.469, Yaw_err_deg: 0.882
Epoch: [17/23], Batch: 950/2963, Loss: 48.698, Trans_L2_m: 0.344, Yaw_err_deg: 0.973
Epoch: [17/23], Batch: 960/2963, Loss: 52.751, Trans_L2_m: 0.480, Yaw_err_deg: 0.852
Epoch: [17/23], Batch: 970/2963, Loss: 49.047, Trans_L2_m: 0.532, Yaw_err_deg: 0.810
Epoch: [17/23], Batch: 980/2963, Loss: 62.152, Trans_L2_m: 0.461, Yaw_err_deg: 1.209
Epoch: [17/23], Batch: 990/2963, Loss: 84.079, Trans_L2_m: 0.482, Yaw_err_deg: 1.230
Epoch: [17/23], Batch: 1000/2963, Loss: 45.863, Trans_L2_m: 0.439, Yaw_err_deg: 0.725
Epoch: [17/23], Batch: 1010/2963, Loss: 58.051, Trans_L2_m: 0.521, Yaw_err_deg: 1.140
Epoch: [17/23], Batch: 1020/2963, Loss: 50.320, Trans_L2_m: 0.332, Yaw_err_deg: 0.967
Epoch: [17/23], Batch: 1030/2963, Loss: 56.922, Trans_L2_m: 0.400, Yaw_err_deg: 1.074
Epoch: [17/23], Batch: 1040/2963, Loss: 43.221, Trans_L2_m: 0.353, Yaw_err_deg: 0.757
Epoch: [17/23], Batch: 1050/2963, Loss: 71.883, Trans_L2_m: 0.387, Yaw_err_deg: 1.384
Epoch: [17/23], Batch: 1060/2963, Loss: 51.680, Trans_L2_m: 0.436, Yaw_err_deg: 0.934
Epoch: [17/23], Batch: 1070/2963, Loss: 62.116, Trans_L2_m: 0.458, Yaw_err_deg: 1.501
Epoch: [17/23], Batch: 1080/2963, Loss: 44.166, Trans_L2_m: 0.324, Yaw_err_deg: 0.710
Epoch: [17/23], Batch: 1090/2963, Loss: 46.811, Trans_L2_m: 0.494, Yaw_err_deg: 0.675
Epoch: [17/23], Batch: 1100/2963, Loss: 48.545, Trans_L2_m: 0.439, Yaw_err_deg: 0.983
Epoch: [17/23], Batch: 1110/2963, Loss: 74.088, Trans_L2_m: 0.226, Yaw_err_deg: 1.745
Epoch: [17/23], Batch: 1120/2963, Loss: 53.664, Trans_L2_m: 0.480, Yaw_err_deg: 1.340
Epoch: [17/23], Batch: 1130/2963, Loss: 56.119, Trans_L2_m: 0.424, Yaw_err_deg: 0.987
Epoch: [17/23], Batch: 1140/2963, Loss: 52.081, Trans_L2_m: 0.247, Yaw_err_deg: 1.183
Epoch: [17/23], Batch: 1150/2963, Loss: 52.063, Trans_L2_m: 0.538, Yaw_err_deg: 0.619
Epoch: [17/23], Batch: 1160/2963, Loss: 47.114, Trans_L2_m: 0.376, Yaw_err_deg: 0.575
Epoch: [17/23], Batch: 1170/2963, Loss: 51.582, Trans_L2_m: 0.429, Yaw_err_deg: 0.828
Epoch: [17/23], Batch: 1180/2963, Loss: 47.697, Trans_L2_m: 0.485, Yaw_err_deg: 0.765
Epoch: [17/23], Batch: 1190/2963, Loss: 48.002, Trans_L2_m: 0.389, Yaw_err_deg: 0.799
Epoch: [17/23], Batch: 1200/2963, Loss: 47.638, Trans_L2_m: 0.429, Yaw_err_deg: 0.924
Epoch: [17/23], Batch: 1210/2963, Loss: 55.940, Trans_L2_m: 0.416, Yaw_err_deg: 1.149
Epoch: [17/23], Batch: 1220/2963, Loss: 52.709, Trans_L2_m: 0.334, Yaw_err_deg: 1.076
Epoch: [17/23], Batch: 1230/2963, Loss: 45.856, Trans_L2_m: 0.284, Yaw_err_deg: 0.837
Epoch: [17/23], Batch: 1240/2963, Loss: 44.158, Trans_L2_m: 0.305, Yaw_err_deg: 0.553
Epoch: [17/23], Batch: 1250/2963, Loss: 44.084, Trans_L2_m: 0.400, Yaw_err_deg: 0.848
Epoch: [17/23], Batch: 1260/2963, Loss: 45.405, Trans_L2_m: 0.447, Yaw_err_deg: 0.661
Epoch: [17/23], Batch: 1270/2963, Loss: 51.926, Trans_L2_m: 0.584, Yaw_err_deg: 0.798
Epoch: [17/23], Batch: 1280/2963, Loss: 43.307, Trans_L2_m: 0.376, Yaw_err_deg: 0.710
Epoch: [17/23], Batch: 1290/2963, Loss: 43.656, Trans_L2_m: 0.468, Yaw_err_deg: 0.352
Epoch: [17/23], Batch: 1300/2963, Loss: 53.951, Trans_L2_m: 0.405, Yaw_err_deg: 0.829
Epoch: [17/23], Batch: 1310/2963, Loss: 58.870, Trans_L2_m: 0.438, Yaw_err_deg: 1.233
Epoch: [17/23], Batch: 1320/2963, Loss: 56.917, Trans_L2_m: 0.341, Yaw_err_deg: 1.220
Epoch: [17/23], Batch: 1330/2963, Loss: 45.096, Trans_L2_m: 0.326, Yaw_err_deg: 0.833
Epoch: [17/23], Batch: 1340/2963, Loss: 43.653, Trans_L2_m: 0.282, Yaw_err_deg: 0.567
Epoch: [17/23], Batch: 1350/2963, Loss: 53.654, Trans_L2_m: 0.422, Yaw_err_deg: 1.073
Epoch: [17/23], Batch: 1360/2963, Loss: 54.916, Trans_L2_m: 0.390, Yaw_err_deg: 1.226
Epoch: [17/23], Batch: 1370/2963, Loss: 55.610, Trans_L2_m: 0.482, Yaw_err_deg: 1.092
Epoch: [17/23], Batch: 1380/2963, Loss: 61.136, Trans_L2_m: 0.482, Yaw_err_deg: 1.082
Epoch: [17/23], Batch: 1390/2963, Loss: 44.749, Trans_L2_m: 0.444, Yaw_err_deg: 0.653
Epoch: [17/23], Batch: 1400/2963, Loss: 44.353, Trans_L2_m: 0.347, Yaw_err_deg: 0.710
Epoch: [17/23], Batch: 1410/2963, Loss: 49.602, Trans_L2_m: 0.397, Yaw_err_deg: 0.701
Epoch: [17/23], Batch: 1420/2963, Loss: 47.576, Trans_L2_m: 0.352, Yaw_err_deg: 0.761
Epoch: [17/23], Batch: 1430/2963, Loss: 46.427, Trans_L2_m: 0.375, Yaw_err_deg: 0.769
Epoch: [17/23], Batch: 1440/2963, Loss: 61.469, Trans_L2_m: 0.297, Yaw_err_deg: 1.367
Epoch: [17/23], Batch: 1450/2963, Loss: 50.307, Trans_L2_m: 0.578, Yaw_err_deg: 1.019
Epoch: [17/23], Batch: 1460/2963, Loss: 59.586, Trans_L2_m: 0.568, Yaw_err_deg: 0.664
Epoch: [17/23], Batch: 1470/2963, Loss: 51.914, Trans_L2_m: 0.559, Yaw_err_deg: 0.867
Epoch: [17/23], Batch: 1480/2963, Loss: 53.781, Trans_L2_m: 0.432, Yaw_err_deg: 0.700
Epoch: [17/23], Batch: 1490/2963, Loss: 41.785, Trans_L2_m: 0.371, Yaw_err_deg: 0.685
Epoch: [17/23], Batch: 1500/2963, Loss: 56.624, Trans_L2_m: 0.448, Yaw_err_deg: 1.222
Epoch: [17/23], Batch: 1510/2963, Loss: 45.378, Trans_L2_m: 0.380, Yaw_err_deg: 0.812
Epoch: [17/23], Batch: 1520/2963, Loss: 49.210, Trans_L2_m: 0.562, Yaw_err_deg: 0.696
Epoch: [17/23], Batch: 1530/2963, Loss: 37.342, Trans_L2_m: 0.341, Yaw_err_deg: 0.564
Epoch: [17/23], Batch: 1540/2963, Loss: 46.431, Trans_L2_m: 0.422, Yaw_err_deg: 1.012
Epoch: [17/23], Batch: 1550/2963, Loss: 54.730, Trans_L2_m: 0.422, Yaw_err_deg: 0.801
Epoch: [17/23], Batch: 1560/2963, Loss: 40.909, Trans_L2_m: 0.313, Yaw_err_deg: 0.520
Epoch: [17/23], Batch: 1570/2963, Loss: 45.870, Trans_L2_m: 0.397, Yaw_err_deg: 0.737
Epoch: [17/23], Batch: 1580/2963, Loss: 49.417, Trans_L2_m: 0.403, Yaw_err_deg: 0.550
Epoch: [17/23], Batch: 1590/2963, Loss: 63.140, Trans_L2_m: 0.458, Yaw_err_deg: 1.147
Epoch: [17/23], Batch: 1600/2963, Loss: 57.517, Trans_L2_m: 0.400, Yaw_err_deg: 1.419
Epoch: [17/23], Batch: 1610/2963, Loss: 52.213, Trans_L2_m: 0.374, Yaw_err_deg: 0.799
Epoch: [17/23], Batch: 1620/2963, Loss: 53.751, Trans_L2_m: 0.356, Yaw_err_deg: 1.363
Epoch: [17/23], Batch: 1630/2963, Loss: 62.863, Trans_L2_m: 0.311, Yaw_err_deg: 1.099
Epoch: [17/23], Batch: 1640/2963, Loss: 49.714, Trans_L2_m: 0.428, Yaw_err_deg: 0.986
Epoch: [17/23], Batch: 1650/2963, Loss: 50.406, Trans_L2_m: 0.397, Yaw_err_deg: 1.140
Epoch: [17/23], Batch: 1660/2963, Loss: 54.144, Trans_L2_m: 0.473, Yaw_err_deg: 1.099
Epoch: [17/23], Batch: 1670/2963, Loss: 54.490, Trans_L2_m: 0.444, Yaw_err_deg: 0.915
Epoch: [17/23], Batch: 1680/2963, Loss: 68.142, Trans_L2_m: 0.351, Yaw_err_deg: 1.524
Epoch: [17/23], Batch: 1690/2963, Loss: 47.330, Trans_L2_m: 0.336, Yaw_err_deg: 0.703
Epoch: [17/23], Batch: 1700/2963, Loss: 54.423, Trans_L2_m: 0.462, Yaw_err_deg: 1.012
Epoch: [17/23], Batch: 1710/2963, Loss: 56.196, Trans_L2_m: 0.547, Yaw_err_deg: 0.951
Epoch: [17/23], Batch: 1720/2963, Loss: 46.267, Trans_L2_m: 0.411, Yaw_err_deg: 0.832
Epoch: [17/23], Batch: 1730/2963, Loss: 47.055, Trans_L2_m: 0.417, Yaw_err_deg: 0.454
Epoch: [17/23], Batch: 1740/2963, Loss: 50.290, Trans_L2_m: 0.387, Yaw_err_deg: 0.943
Epoch: [17/23], Batch: 1750/2963, Loss: 44.473, Trans_L2_m: 0.410, Yaw_err_deg: 0.932
Epoch: [17/23], Batch: 1760/2963, Loss: 45.027, Trans_L2_m: 0.440, Yaw_err_deg: 0.881
Epoch: [17/23], Batch: 1770/2963, Loss: 63.151, Trans_L2_m: 0.441, Yaw_err_deg: 1.084
Epoch: [17/23], Batch: 1780/2963, Loss: 55.605, Trans_L2_m: 0.382, Yaw_err_deg: 1.115
Epoch: [17/23], Batch: 1790/2963, Loss: 52.553, Trans_L2_m: 0.475, Yaw_err_deg: 1.117
Epoch: [17/23], Batch: 1800/2963, Loss: 45.497, Trans_L2_m: 0.288, Yaw_err_deg: 0.649
Epoch: [17/23], Batch: 1810/2963, Loss: 54.310, Trans_L2_m: 0.491, Yaw_err_deg: 0.963
Epoch: [17/23], Batch: 1820/2963, Loss: 63.127, Trans_L2_m: 0.389, Yaw_err_deg: 1.143
Epoch: [17/23], Batch: 1830/2963, Loss: 48.324, Trans_L2_m: 0.443, Yaw_err_deg: 0.971
Epoch: [17/23], Batch: 1840/2963, Loss: 47.811, Trans_L2_m: 0.369, Yaw_err_deg: 1.014
Epoch: [17/23], Batch: 1850/2963, Loss: 47.727, Trans_L2_m: 0.438, Yaw_err_deg: 0.733
Epoch: [17/23], Batch: 1860/2963, Loss: 64.034, Trans_L2_m: 0.673, Yaw_err_deg: 1.408
Epoch: [17/23], Batch: 1870/2963, Loss: 44.823, Trans_L2_m: 0.445, Yaw_err_deg: 0.602
Epoch: [17/23], Batch: 1880/2963, Loss: 47.729, Trans_L2_m: 0.238, Yaw_err_deg: 0.923
Epoch: [17/23], Batch: 1890/2963, Loss: 57.750, Trans_L2_m: 0.451, Yaw_err_deg: 0.926
Epoch: [17/23], Batch: 1900/2963, Loss: 50.616, Trans_L2_m: 0.438, Yaw_err_deg: 1.090
Epoch: [17/23], Batch: 1910/2963, Loss: 52.091, Trans_L2_m: 0.494, Yaw_err_deg: 1.065
Epoch: [17/23], Batch: 1920/2963, Loss: 49.677, Trans_L2_m: 0.346, Yaw_err_deg: 0.704
Epoch: [17/23], Batch: 1930/2963, Loss: 50.335, Trans_L2_m: 0.471, Yaw_err_deg: 0.755
Epoch: [17/23], Batch: 1940/2963, Loss: 51.506, Trans_L2_m: 0.559, Yaw_err_deg: 0.617
Epoch: [17/23], Batch: 1950/2963, Loss: 64.748, Trans_L2_m: 0.421, Yaw_err_deg: 1.193
Epoch: [17/23], Batch: 1960/2963, Loss: 57.147, Trans_L2_m: 0.415, Yaw_err_deg: 0.901
Epoch: [17/23], Batch: 1970/2963, Loss: 48.060, Trans_L2_m: 0.358, Yaw_err_deg: 0.781
Epoch: [17/23], Batch: 1980/2963, Loss: 47.859, Trans_L2_m: 0.422, Yaw_err_deg: 0.837
Epoch: [17/23], Batch: 1990/2963, Loss: 45.513, Trans_L2_m: 0.315, Yaw_err_deg: 0.572
Epoch: [17/23], Batch: 2000/2963, Loss: 56.159, Trans_L2_m: 0.235, Yaw_err_deg: 1.217
Epoch: [17/23], Batch: 2010/2963, Loss: 50.703, Trans_L2_m: 0.390, Yaw_err_deg: 0.815
Epoch: [17/23], Batch: 2020/2963, Loss: 58.905, Trans_L2_m: 0.415, Yaw_err_deg: 1.059
Epoch: [17/23], Batch: 2030/2963, Loss: 91.207, Trans_L2_m: 0.367, Yaw_err_deg: 1.051
Epoch: [17/23], Batch: 2040/2963, Loss: 42.574, Trans_L2_m: 0.264, Yaw_err_deg: 0.702
Epoch: [17/23], Batch: 2050/2963, Loss: 48.742, Trans_L2_m: 0.412, Yaw_err_deg: 0.777
Epoch: [17/23], Batch: 2060/2963, Loss: 41.639, Trans_L2_m: 0.287, Yaw_err_deg: 0.512
Epoch: [17/23], Batch: 2070/2963, Loss: 55.029, Trans_L2_m: 0.323, Yaw_err_deg: 1.296
Epoch: [17/23], Batch: 2080/2963, Loss: 51.984, Trans_L2_m: 0.462, Yaw_err_deg: 0.841
Epoch: [17/23], Batch: 2090/2963, Loss: 42.661, Trans_L2_m: 0.271, Yaw_err_deg: 0.658
Epoch: [17/23], Batch: 2100/2963, Loss: 48.095, Trans_L2_m: 0.409, Yaw_err_deg: 1.041
Epoch: [17/23], Batch: 2110/2963, Loss: 47.086, Trans_L2_m: 0.475, Yaw_err_deg: 0.745
Epoch: [17/23], Batch: 2120/2963, Loss: 44.826, Trans_L2_m: 0.377, Yaw_err_deg: 0.717
Epoch: [17/23], Batch: 2130/2963, Loss: 40.726, Trans_L2_m: 0.269, Yaw_err_deg: 0.599
Epoch: [17/23], Batch: 2140/2963, Loss: 57.868, Trans_L2_m: 0.516, Yaw_err_deg: 1.074
Epoch: [17/23], Batch: 2150/2963, Loss: 51.072, Trans_L2_m: 0.359, Yaw_err_deg: 1.020
Epoch: [17/23], Batch: 2160/2963, Loss: 56.245, Trans_L2_m: 0.392, Yaw_err_deg: 1.051
Epoch: [17/23], Batch: 2170/2963, Loss: 43.362, Trans_L2_m: 0.460, Yaw_err_deg: 0.472
Epoch: [17/23], Batch: 2180/2963, Loss: 43.477, Trans_L2_m: 0.352, Yaw_err_deg: 0.888
Epoch: [17/23], Batch: 2190/2963, Loss: 45.300, Trans_L2_m: 0.402, Yaw_err_deg: 0.783
Epoch: [17/23], Batch: 2200/2963, Loss: 55.242, Trans_L2_m: 0.444, Yaw_err_deg: 1.142
Epoch: [17/23], Batch: 2210/2963, Loss: 55.273, Trans_L2_m: 0.579, Yaw_err_deg: 0.906
Epoch: [17/23], Batch: 2220/2963, Loss: 47.320, Trans_L2_m: 0.458, Yaw_err_deg: 0.937
Epoch: [17/23], Batch: 2230/2963, Loss: 50.339, Trans_L2_m: 0.514, Yaw_err_deg: 0.655
Epoch: [17/23], Batch: 2240/2963, Loss: 53.707, Trans_L2_m: 0.383, Yaw_err_deg: 1.089
Epoch: [17/23], Batch: 2250/2963, Loss: 56.694, Trans_L2_m: 0.362, Yaw_err_deg: 1.189
Epoch: [17/23], Batch: 2260/2963, Loss: 49.825, Trans_L2_m: 0.255, Yaw_err_deg: 1.189
Epoch: [17/23], Batch: 2270/2963, Loss: 51.775, Trans_L2_m: 0.381, Yaw_err_deg: 1.067
Epoch: [17/23], Batch: 2280/2963, Loss: 44.683, Trans_L2_m: 0.350, Yaw_err_deg: 0.617
Epoch: [17/23], Batch: 2290/2963, Loss: 54.333, Trans_L2_m: 0.354, Yaw_err_deg: 0.681
Epoch: [17/23], Batch: 2300/2963, Loss: 52.614, Trans_L2_m: 0.389, Yaw_err_deg: 1.012
Epoch: [17/23], Batch: 2310/2963, Loss: 48.727, Trans_L2_m: 0.334, Yaw_err_deg: 0.892
Epoch: [17/23], Batch: 2320/2963, Loss: 43.691, Trans_L2_m: 0.414, Yaw_err_deg: 0.605
Epoch: [17/23], Batch: 2330/2963, Loss: 47.923, Trans_L2_m: 0.390, Yaw_err_deg: 0.718
Epoch: [17/23], Batch: 2340/2963, Loss: 51.738, Trans_L2_m: 0.376, Yaw_err_deg: 1.094
Epoch: [17/23], Batch: 2350/2963, Loss: 53.228, Trans_L2_m: 0.542, Yaw_err_deg: 0.824
Epoch: [17/23], Batch: 2360/2963, Loss: 51.645, Trans_L2_m: 0.300, Yaw_err_deg: 1.000
Epoch: [17/23], Batch: 2370/2963, Loss: 69.848, Trans_L2_m: 0.442, Yaw_err_deg: 0.897
Epoch: [17/23], Batch: 2380/2963, Loss: 49.239, Trans_L2_m: 0.481, Yaw_err_deg: 0.762
Epoch: [17/23], Batch: 2390/2963, Loss: 45.140, Trans_L2_m: 0.430, Yaw_err_deg: 0.564
Epoch: [17/23], Batch: 2400/2963, Loss: 56.304, Trans_L2_m: 0.604, Yaw_err_deg: 0.796
Epoch: [17/23], Batch: 2410/2963, Loss: 42.768, Trans_L2_m: 0.338, Yaw_err_deg: 0.775
Epoch: [17/23], Batch: 2420/2963, Loss: 52.488, Trans_L2_m: 0.335, Yaw_err_deg: 0.808
Epoch: [17/23], Batch: 2430/2963, Loss: 61.864, Trans_L2_m: 0.406, Yaw_err_deg: 1.355
Epoch: [17/23], Batch: 2440/2963, Loss: 54.850, Trans_L2_m: 0.400, Yaw_err_deg: 0.923
Epoch: [17/23], Batch: 2450/2963, Loss: 51.749, Trans_L2_m: 0.393, Yaw_err_deg: 0.834
Epoch: [17/23], Batch: 2460/2963, Loss: 44.669, Trans_L2_m: 0.389, Yaw_err_deg: 0.742
Epoch: [17/23], Batch: 2470/2963, Loss: 47.230, Trans_L2_m: 0.470, Yaw_err_deg: 0.862
Epoch: [17/23], Batch: 2480/2963, Loss: 44.467, Trans_L2_m: 0.349, Yaw_err_deg: 0.767
Epoch: [17/23], Batch: 2490/2963, Loss: 60.982, Trans_L2_m: 0.443, Yaw_err_deg: 1.333
Epoch: [17/23], Batch: 2500/2963, Loss: 47.573, Trans_L2_m: 0.398, Yaw_err_deg: 0.891
Epoch: [17/23], Batch: 2510/2963, Loss: 52.389, Trans_L2_m: 0.437, Yaw_err_deg: 0.961
Epoch: [17/23], Batch: 2520/2963, Loss: 46.710, Trans_L2_m: 0.396, Yaw_err_deg: 0.589
Epoch: [17/23], Batch: 2530/2963, Loss: 55.307, Trans_L2_m: 0.380, Yaw_err_deg: 0.978
Epoch: [17/23], Batch: 2540/2963, Loss: 56.298, Trans_L2_m: 0.390, Yaw_err_deg: 1.269
Epoch: [17/23], Batch: 2550/2963, Loss: 51.225, Trans_L2_m: 0.451, Yaw_err_deg: 0.906
Epoch: [17/23], Batch: 2560/2963, Loss: 53.014, Trans_L2_m: 0.433, Yaw_err_deg: 0.922
Epoch: [17/23], Batch: 2570/2963, Loss: 49.805, Trans_L2_m: 0.457, Yaw_err_deg: 0.706
Epoch: [17/23], Batch: 2580/2963, Loss: 46.292, Trans_L2_m: 0.369, Yaw_err_deg: 0.694
Epoch: [17/23], Batch: 2590/2963, Loss: 41.851, Trans_L2_m: 0.399, Yaw_err_deg: 0.516
Epoch: [17/23], Batch: 2600/2963, Loss: 42.893, Trans_L2_m: 0.348, Yaw_err_deg: 0.578
Epoch: [17/23], Batch: 2610/2963, Loss: 45.706, Trans_L2_m: 0.361, Yaw_err_deg: 0.728
Epoch: [17/23], Batch: 2620/2963, Loss: 51.200, Trans_L2_m: 0.463, Yaw_err_deg: 0.684
Epoch: [17/23], Batch: 2630/2963, Loss: 49.765, Trans_L2_m: 0.474, Yaw_err_deg: 0.800
Epoch: [17/23], Batch: 2640/2963, Loss: 45.125, Trans_L2_m: 0.444, Yaw_err_deg: 0.634
Epoch: [17/23], Batch: 2650/2963, Loss: 47.911, Trans_L2_m: 0.372, Yaw_err_deg: 0.782
Epoch: [17/23], Batch: 2660/2963, Loss: 43.996, Trans_L2_m: 0.357, Yaw_err_deg: 0.493
Epoch: [17/23], Batch: 2670/2963, Loss: 43.569, Trans_L2_m: 0.381, Yaw_err_deg: 0.690
Epoch: [17/23], Batch: 2680/2963, Loss: 51.685, Trans_L2_m: 0.475, Yaw_err_deg: 1.104
Epoch: [17/23], Batch: 2690/2963, Loss: 47.158, Trans_L2_m: 0.364, Yaw_err_deg: 0.696
Epoch: [17/23], Batch: 2700/2963, Loss: 50.695, Trans_L2_m: 0.477, Yaw_err_deg: 0.690
Epoch: [17/23], Batch: 2710/2963, Loss: 47.697, Trans_L2_m: 0.365, Yaw_err_deg: 0.746
Epoch: [17/23], Batch: 2720/2963, Loss: 39.932, Trans_L2_m: 0.365, Yaw_err_deg: 0.604
Epoch: [17/23], Batch: 2730/2963, Loss: 50.182, Trans_L2_m: 0.510, Yaw_err_deg: 0.692
Epoch: [17/23], Batch: 2740/2963, Loss: 45.494, Trans_L2_m: 0.407, Yaw_err_deg: 0.661
Epoch: [17/23], Batch: 2750/2963, Loss: 46.797, Trans_L2_m: 0.348, Yaw_err_deg: 0.626
Epoch: [17/23], Batch: 2760/2963, Loss: 44.389, Trans_L2_m: 0.370, Yaw_err_deg: 0.655
Epoch: [17/23], Batch: 2770/2963, Loss: 46.689, Trans_L2_m: 0.331, Yaw_err_deg: 0.848
Epoch: [17/23], Batch: 2780/2963, Loss: 46.146, Trans_L2_m: 0.304, Yaw_err_deg: 0.836
Epoch: [17/23], Batch: 2790/2963, Loss: 50.380, Trans_L2_m: 0.385, Yaw_err_deg: 0.909
Epoch: [17/23], Batch: 2800/2963, Loss: 52.824, Trans_L2_m: 0.404, Yaw_err_deg: 1.204
Epoch: [17/23], Batch: 2810/2963, Loss: 50.316, Trans_L2_m: 0.388, Yaw_err_deg: 1.240
Epoch: [17/23], Batch: 2820/2963, Loss: 45.907, Trans_L2_m: 0.309, Yaw_err_deg: 0.890
Epoch: [17/23], Batch: 2830/2963, Loss: 47.270, Trans_L2_m: 0.333, Yaw_err_deg: 0.654
Epoch: [17/23], Batch: 2840/2963, Loss: 44.710, Trans_L2_m: 0.478, Yaw_err_deg: 0.676
Epoch: [17/23], Batch: 2850/2963, Loss: 43.242, Trans_L2_m: 0.349, Yaw_err_deg: 0.896
Epoch: [17/23], Batch: 2860/2963, Loss: 46.806, Trans_L2_m: 0.407, Yaw_err_deg: 0.890
Epoch: [17/23], Batch: 2870/2963, Loss: 52.513, Trans_L2_m: 0.293, Yaw_err_deg: 1.264
Epoch: [17/23], Batch: 2880/2963, Loss: 54.769, Trans_L2_m: 0.389, Yaw_err_deg: 1.082
Epoch: [17/23], Batch: 2890/2963, Loss: 36.877, Trans_L2_m: 0.267, Yaw_err_deg: 0.642
Epoch: [17/23], Batch: 2900/2963, Loss: 49.340, Trans_L2_m: 0.204, Yaw_err_deg: 1.268
Epoch: [17/23], Batch: 2910/2963, Loss: 46.590, Trans_L2_m: 0.365, Yaw_err_deg: 0.646
Epoch: [17/23], Batch: 2920/2963, Loss: 47.056, Trans_L2_m: 0.410, Yaw_err_deg: 0.622
Epoch: [17/23], Batch: 2930/2963, Loss: 58.102, Trans_L2_m: 0.429, Yaw_err_deg: 1.066
Epoch: [17/23], Batch: 2940/2963, Loss: 57.253, Trans_L2_m: 0.443, Yaw_err_deg: 1.036
Epoch: [17/23], Batch: 2950/2963, Loss: 48.145, Trans_L2_m: 0.447, Yaw_err_deg: 0.772
Epoch: [17/23], Batch: 2960/2963, Loss: 42.192, Trans_L2_m: 0.380, Yaw_err_deg: 0.700
Validation loss (homography): 888.3060
Avg batch time: 1004.32 ms, total: 326.017 s
[1;91mVal has no improvement vs 805.7615356445312![0m
Epoch: [18/23], Batch: 0/2963, Loss: 44.290, Trans_L2_m: 0.331, Yaw_err_deg: 0.761
Epoch: [18/23], Batch: 10/2963, Loss: 46.584, Trans_L2_m: 0.396, Yaw_err_deg: 0.643
Epoch: [18/23], Batch: 20/2963, Loss: 51.442, Trans_L2_m: 0.520, Yaw_err_deg: 0.818
Epoch: [18/23], Batch: 30/2963, Loss: 49.582, Trans_L2_m: 0.307, Yaw_err_deg: 1.313
Epoch: [18/23], Batch: 40/2963, Loss: 56.175, Trans_L2_m: 0.439, Yaw_err_deg: 1.019
Epoch: [18/23], Batch: 50/2963, Loss: 48.259, Trans_L2_m: 0.483, Yaw_err_deg: 0.794
Epoch: [18/23], Batch: 60/2963, Loss: 44.883, Trans_L2_m: 0.403, Yaw_err_deg: 0.802
Epoch: [18/23], Batch: 70/2963, Loss: 45.485, Trans_L2_m: 0.372, Yaw_err_deg: 0.556
Epoch: [18/23], Batch: 80/2963, Loss: 44.921, Trans_L2_m: 0.540, Yaw_err_deg: 0.467
Epoch: [18/23], Batch: 90/2963, Loss: 77.817, Trans_L2_m: 0.556, Yaw_err_deg: 1.257
Epoch: [18/23], Batch: 100/2963, Loss: 52.637, Trans_L2_m: 0.340, Yaw_err_deg: 0.870
Epoch: [18/23], Batch: 110/2963, Loss: 50.982, Trans_L2_m: 0.442, Yaw_err_deg: 0.827
Epoch: [18/23], Batch: 120/2963, Loss: 42.725, Trans_L2_m: 0.332, Yaw_err_deg: 0.615
Epoch: [18/23], Batch: 130/2963, Loss: 42.095, Trans_L2_m: 0.320, Yaw_err_deg: 0.574
Epoch: [18/23], Batch: 140/2963, Loss: 89.392, Trans_L2_m: 0.518, Yaw_err_deg: 1.984
Epoch: [18/23], Batch: 150/2963, Loss: 52.596, Trans_L2_m: 0.439, Yaw_err_deg: 1.113
Epoch: [18/23], Batch: 160/2963, Loss: 50.147, Trans_L2_m: 0.454, Yaw_err_deg: 0.731
Epoch: [18/23], Batch: 170/2963, Loss: 62.436, Trans_L2_m: 0.537, Yaw_err_deg: 1.006
Epoch: [18/23], Batch: 180/2963, Loss: 46.808, Trans_L2_m: 0.469, Yaw_err_deg: 0.894
Epoch: [18/23], Batch: 190/2963, Loss: 48.074, Trans_L2_m: 0.411, Yaw_err_deg: 0.985
Epoch: [18/23], Batch: 200/2963, Loss: 45.675, Trans_L2_m: 0.374, Yaw_err_deg: 0.614
Epoch: [18/23], Batch: 210/2963, Loss: 48.551, Trans_L2_m: 0.385, Yaw_err_deg: 0.944
Epoch: [18/23], Batch: 220/2963, Loss: 49.084, Trans_L2_m: 0.435, Yaw_err_deg: 0.691
Epoch: [18/23], Batch: 230/2963, Loss: 56.037, Trans_L2_m: 0.411, Yaw_err_deg: 1.128
Epoch: [18/23], Batch: 240/2963, Loss: 46.998, Trans_L2_m: 0.436, Yaw_err_deg: 0.970
Epoch: [18/23], Batch: 250/2963, Loss: 44.882, Trans_L2_m: 0.366, Yaw_err_deg: 0.822
Epoch: [18/23], Batch: 260/2963, Loss: 46.092, Trans_L2_m: 0.402, Yaw_err_deg: 0.721
Epoch: [18/23], Batch: 270/2963, Loss: 60.031, Trans_L2_m: 0.509, Yaw_err_deg: 1.086
Epoch: [18/23], Batch: 280/2963, Loss: 50.085, Trans_L2_m: 0.377, Yaw_err_deg: 0.974
Epoch: [18/23], Batch: 290/2963, Loss: 47.827, Trans_L2_m: 0.377, Yaw_err_deg: 0.799
Epoch: [18/23], Batch: 300/2963, Loss: 49.764, Trans_L2_m: 0.286, Yaw_err_deg: 0.829
Epoch: [18/23], Batch: 310/2963, Loss: 46.547, Trans_L2_m: 0.377, Yaw_err_deg: 0.702
Epoch: [18/23], Batch: 320/2963, Loss: 54.790, Trans_L2_m: 0.280, Yaw_err_deg: 1.085
Epoch: [18/23], Batch: 330/2963, Loss: 55.832, Trans_L2_m: 0.452, Yaw_err_deg: 0.773
Epoch: [18/23], Batch: 340/2963, Loss: 50.331, Trans_L2_m: 0.470, Yaw_err_deg: 0.902
Epoch: [18/23], Batch: 350/2963, Loss: 57.035, Trans_L2_m: 0.363, Yaw_err_deg: 1.175
Epoch: [18/23], Batch: 360/2963, Loss: 51.043, Trans_L2_m: 0.307, Yaw_err_deg: 0.973
Epoch: [18/23], Batch: 370/2963, Loss: 46.433, Trans_L2_m: 0.502, Yaw_err_deg: 0.788
Epoch: [18/23], Batch: 380/2963, Loss: 47.770, Trans_L2_m: 0.306, Yaw_err_deg: 0.980
Epoch: [18/23], Batch: 390/2963, Loss: 46.416, Trans_L2_m: 0.346, Yaw_err_deg: 0.666
Epoch: [18/23], Batch: 400/2963, Loss: 56.610, Trans_L2_m: 0.489, Yaw_err_deg: 1.059
Epoch: [18/23], Batch: 410/2963, Loss: 46.905, Trans_L2_m: 0.442, Yaw_err_deg: 0.654
Epoch: [18/23], Batch: 420/2963, Loss: 43.509, Trans_L2_m: 0.411, Yaw_err_deg: 0.665
Epoch: [18/23], Batch: 430/2963, Loss: 47.262, Trans_L2_m: 0.312, Yaw_err_deg: 0.996
Epoch: [18/23], Batch: 440/2963, Loss: 46.667, Trans_L2_m: 0.413, Yaw_err_deg: 0.701
Epoch: [18/23], Batch: 450/2963, Loss: 46.630, Trans_L2_m: 0.395, Yaw_err_deg: 0.762
Epoch: [18/23], Batch: 460/2963, Loss: 46.137, Trans_L2_m: 0.410, Yaw_err_deg: 0.605
Epoch: [18/23], Batch: 470/2963, Loss: 66.710, Trans_L2_m: 0.442, Yaw_err_deg: 1.130
Epoch: [18/23], Batch: 480/2963, Loss: 48.445, Trans_L2_m: 0.331, Yaw_err_deg: 0.830
Epoch: [18/23], Batch: 490/2963, Loss: 38.468, Trans_L2_m: 0.345, Yaw_err_deg: 0.529
Epoch: [18/23], Batch: 500/2963, Loss: 49.432, Trans_L2_m: 0.349, Yaw_err_deg: 1.072
Epoch: [18/23], Batch: 510/2963, Loss: 51.520, Trans_L2_m: 0.346, Yaw_err_deg: 0.899
Epoch: [18/23], Batch: 520/2963, Loss: 47.734, Trans_L2_m: 0.364, Yaw_err_deg: 0.848
Epoch: [18/23], Batch: 530/2963, Loss: 55.121, Trans_L2_m: 0.383, Yaw_err_deg: 1.024
Epoch: [18/23], Batch: 540/2963, Loss: 43.543, Trans_L2_m: 0.365, Yaw_err_deg: 0.724
Epoch: [18/23], Batch: 550/2963, Loss: 45.356, Trans_L2_m: 0.312, Yaw_err_deg: 0.957
Epoch: [18/23], Batch: 560/2963, Loss: 47.043, Trans_L2_m: 0.423, Yaw_err_deg: 0.862
Epoch: [18/23], Batch: 570/2963, Loss: 43.573, Trans_L2_m: 0.347, Yaw_err_deg: 0.715
Epoch: [18/23], Batch: 580/2963, Loss: 53.535, Trans_L2_m: 0.428, Yaw_err_deg: 0.944
Epoch: [18/23], Batch: 590/2963, Loss: 49.451, Trans_L2_m: 0.366, Yaw_err_deg: 0.773
Epoch: [18/23], Batch: 600/2963, Loss: 83.990, Trans_L2_m: 0.425, Yaw_err_deg: 1.776
Epoch: [18/23], Batch: 610/2963, Loss: 45.414, Trans_L2_m: 0.441, Yaw_err_deg: 0.898
Epoch: [18/23], Batch: 620/2963, Loss: 52.413, Trans_L2_m: 0.320, Yaw_err_deg: 1.094
Epoch: [18/23], Batch: 630/2963, Loss: 40.509, Trans_L2_m: 0.420, Yaw_err_deg: 0.428
Epoch: [18/23], Batch: 640/2963, Loss: 59.993, Trans_L2_m: 0.312, Yaw_err_deg: 1.196
Epoch: [18/23], Batch: 650/2963, Loss: 57.885, Trans_L2_m: 0.390, Yaw_err_deg: 1.260
Epoch: [18/23], Batch: 660/2963, Loss: 50.255, Trans_L2_m: 0.411, Yaw_err_deg: 0.904
Epoch: [18/23], Batch: 670/2963, Loss: 58.016, Trans_L2_m: 0.435, Yaw_err_deg: 1.275
Epoch: [18/23], Batch: 680/2963, Loss: 45.473, Trans_L2_m: 0.494, Yaw_err_deg: 0.558
Epoch: [18/23], Batch: 690/2963, Loss: 45.455, Trans_L2_m: 0.345, Yaw_err_deg: 0.703
Epoch: [18/23], Batch: 700/2963, Loss: 51.740, Trans_L2_m: 0.376, Yaw_err_deg: 0.919
Epoch: [18/23], Batch: 710/2963, Loss: 38.850, Trans_L2_m: 0.201, Yaw_err_deg: 0.721
Epoch: [18/23], Batch: 720/2963, Loss: 48.851, Trans_L2_m: 0.421, Yaw_err_deg: 0.827
Epoch: [18/23], Batch: 730/2963, Loss: 48.136, Trans_L2_m: 0.410, Yaw_err_deg: 0.662
Epoch: [18/23], Batch: 740/2963, Loss: 49.138, Trans_L2_m: 0.354, Yaw_err_deg: 0.905
Epoch: [18/23], Batch: 750/2963, Loss: 47.357, Trans_L2_m: 0.412, Yaw_err_deg: 0.817
Epoch: [18/23], Batch: 760/2963, Loss: 54.596, Trans_L2_m: 0.392, Yaw_err_deg: 0.574
Epoch: [18/23], Batch: 770/2963, Loss: 46.200, Trans_L2_m: 0.333, Yaw_err_deg: 0.845
Epoch: [18/23], Batch: 780/2963, Loss: 45.212, Trans_L2_m: 0.395, Yaw_err_deg: 0.813
Epoch: [18/23], Batch: 790/2963, Loss: 44.771, Trans_L2_m: 0.447, Yaw_err_deg: 0.539
Epoch: [18/23], Batch: 800/2963, Loss: 48.378, Trans_L2_m: 0.390, Yaw_err_deg: 0.975
Epoch: [18/23], Batch: 810/2963, Loss: 43.954, Trans_L2_m: 0.459, Yaw_err_deg: 0.614
Epoch: [18/23], Batch: 820/2963, Loss: 47.511, Trans_L2_m: 0.418, Yaw_err_deg: 0.833
Epoch: [18/23], Batch: 830/2963, Loss: 39.246, Trans_L2_m: 0.385, Yaw_err_deg: 0.421
Epoch: [18/23], Batch: 840/2963, Loss: 49.494, Trans_L2_m: 0.330, Yaw_err_deg: 1.092
Epoch: [18/23], Batch: 850/2963, Loss: 45.794, Trans_L2_m: 0.420, Yaw_err_deg: 0.584
Epoch: [18/23], Batch: 860/2963, Loss: 48.992, Trans_L2_m: 0.494, Yaw_err_deg: 0.557
Epoch: [18/23], Batch: 870/2963, Loss: 43.739, Trans_L2_m: 0.370, Yaw_err_deg: 0.756
Epoch: [18/23], Batch: 880/2963, Loss: 48.765, Trans_L2_m: 0.425, Yaw_err_deg: 0.919
Epoch: [18/23], Batch: 890/2963, Loss: 53.849, Trans_L2_m: 0.367, Yaw_err_deg: 0.810
Epoch: [18/23], Batch: 900/2963, Loss: 45.136, Trans_L2_m: 0.353, Yaw_err_deg: 0.811
Epoch: [18/23], Batch: 910/2963, Loss: 56.575, Trans_L2_m: 0.426, Yaw_err_deg: 1.322
Epoch: [18/23], Batch: 920/2963, Loss: 47.561, Trans_L2_m: 0.459, Yaw_err_deg: 0.682
Epoch: [18/23], Batch: 930/2963, Loss: 43.294, Trans_L2_m: 0.410, Yaw_err_deg: 0.597
Epoch: [18/23], Batch: 940/2963, Loss: 54.605, Trans_L2_m: 0.416, Yaw_err_deg: 1.132
Epoch: [18/23], Batch: 950/2963, Loss: 50.466, Trans_L2_m: 0.521, Yaw_err_deg: 0.856
Epoch: [18/23], Batch: 960/2963, Loss: 54.525, Trans_L2_m: 0.352, Yaw_err_deg: 0.907
Epoch: [18/23], Batch: 970/2963, Loss: 44.668, Trans_L2_m: 0.408, Yaw_err_deg: 0.589
Epoch: [18/23], Batch: 980/2963, Loss: 50.902, Trans_L2_m: 0.460, Yaw_err_deg: 0.817
Epoch: [18/23], Batch: 990/2963, Loss: 57.090, Trans_L2_m: 0.355, Yaw_err_deg: 0.988
Epoch: [18/23], Batch: 1000/2963, Loss: 49.552, Trans_L2_m: 0.595, Yaw_err_deg: 0.743
Epoch: [18/23], Batch: 1010/2963, Loss: 48.288, Trans_L2_m: 0.471, Yaw_err_deg: 0.576
Epoch: [18/23], Batch: 1020/2963, Loss: 49.641, Trans_L2_m: 0.426, Yaw_err_deg: 0.746
Epoch: [18/23], Batch: 1030/2963, Loss: 51.150, Trans_L2_m: 0.509, Yaw_err_deg: 0.960
Epoch: [18/23], Batch: 1040/2963, Loss: 61.867, Trans_L2_m: 0.400, Yaw_err_deg: 1.572
Epoch: [18/23], Batch: 1050/2963, Loss: 47.152, Trans_L2_m: 0.350, Yaw_err_deg: 0.677
Epoch: [18/23], Batch: 1060/2963, Loss: 49.313, Trans_L2_m: 0.313, Yaw_err_deg: 0.588
Epoch: [18/23], Batch: 1070/2963, Loss: 45.988, Trans_L2_m: 0.317, Yaw_err_deg: 0.676
Epoch: [18/23], Batch: 1080/2963, Loss: 43.518, Trans_L2_m: 0.414, Yaw_err_deg: 0.586
Epoch: [18/23], Batch: 1090/2963, Loss: 51.360, Trans_L2_m: 0.417, Yaw_err_deg: 0.659
Epoch: [18/23], Batch: 1100/2963, Loss: 54.173, Trans_L2_m: 0.329, Yaw_err_deg: 0.676
Epoch: [18/23], Batch: 1110/2963, Loss: 41.016, Trans_L2_m: 0.370, Yaw_err_deg: 0.529
Epoch: [18/23], Batch: 1120/2963, Loss: 40.691, Trans_L2_m: 0.334, Yaw_err_deg: 0.629
Epoch: [18/23], Batch: 1130/2963, Loss: 53.857, Trans_L2_m: 0.540, Yaw_err_deg: 0.925
Epoch: [18/23], Batch: 1140/2963, Loss: 45.257, Trans_L2_m: 0.374, Yaw_err_deg: 0.796
Epoch: [18/23], Batch: 1150/2963, Loss: 51.611, Trans_L2_m: 0.384, Yaw_err_deg: 0.729
Epoch: [18/23], Batch: 1160/2963, Loss: 50.660, Trans_L2_m: 0.449, Yaw_err_deg: 0.645
Epoch: [18/23], Batch: 1170/2963, Loss: 46.396, Trans_L2_m: 0.390, Yaw_err_deg: 0.631
Epoch: [18/23], Batch: 1180/2963, Loss: 49.447, Trans_L2_m: 0.469, Yaw_err_deg: 0.783
Epoch: [18/23], Batch: 1190/2963, Loss: 58.397, Trans_L2_m: 0.467, Yaw_err_deg: 0.971
Epoch: [18/23], Batch: 1200/2963, Loss: 45.320, Trans_L2_m: 0.344, Yaw_err_deg: 0.818
Epoch: [18/23], Batch: 1210/2963, Loss: 51.807, Trans_L2_m: 0.397, Yaw_err_deg: 1.013
Epoch: [18/23], Batch: 1220/2963, Loss: 60.516, Trans_L2_m: 0.491, Yaw_err_deg: 0.879
Epoch: [18/23], Batch: 1230/2963, Loss: 55.626, Trans_L2_m: 0.403, Yaw_err_deg: 0.941
Epoch: [18/23], Batch: 1240/2963, Loss: 42.844, Trans_L2_m: 0.300, Yaw_err_deg: 0.679
Epoch: [18/23], Batch: 1250/2963, Loss: 43.351, Trans_L2_m: 0.390, Yaw_err_deg: 0.703
Epoch: [18/23], Batch: 1260/2963, Loss: 52.785, Trans_L2_m: 0.531, Yaw_err_deg: 0.920
Epoch: [18/23], Batch: 1270/2963, Loss: 56.075, Trans_L2_m: 0.293, Yaw_err_deg: 1.105
Epoch: [18/23], Batch: 1280/2963, Loss: 46.813, Trans_L2_m: 0.433, Yaw_err_deg: 0.928
Epoch: [18/23], Batch: 1290/2963, Loss: 41.279, Trans_L2_m: 0.317, Yaw_err_deg: 0.943
Epoch: [18/23], Batch: 1300/2963, Loss: 48.329, Trans_L2_m: 0.375, Yaw_err_deg: 1.072
Epoch: [18/23], Batch: 1310/2963, Loss: 48.817, Trans_L2_m: 0.342, Yaw_err_deg: 0.659
Epoch: [18/23], Batch: 1320/2963, Loss: 47.272, Trans_L2_m: 0.348, Yaw_err_deg: 1.032
Epoch: [18/23], Batch: 1330/2963, Loss: 48.316, Trans_L2_m: 0.297, Yaw_err_deg: 0.952
Epoch: [18/23], Batch: 1340/2963, Loss: 78.841, Trans_L2_m: 0.464, Yaw_err_deg: 1.218
Epoch: [18/23], Batch: 1350/2963, Loss: 46.660, Trans_L2_m: 0.435, Yaw_err_deg: 0.893
Epoch: [18/23], Batch: 1360/2963, Loss: 50.160, Trans_L2_m: 0.391, Yaw_err_deg: 0.818
Epoch: [18/23], Batch: 1370/2963, Loss: 54.718, Trans_L2_m: 0.407, Yaw_err_deg: 0.574
Epoch: [18/23], Batch: 1380/2963, Loss: 54.306, Trans_L2_m: 0.449, Yaw_err_deg: 1.240
Epoch: [18/23], Batch: 1390/2963, Loss: 45.923, Trans_L2_m: 0.391, Yaw_err_deg: 0.877
Epoch: [18/23], Batch: 1400/2963, Loss: 77.454, Trans_L2_m: 0.446, Yaw_err_deg: 1.138
Epoch: [18/23], Batch: 1410/2963, Loss: 40.495, Trans_L2_m: 0.352, Yaw_err_deg: 0.329
Epoch: [18/23], Batch: 1420/2963, Loss: 53.234, Trans_L2_m: 0.411, Yaw_err_deg: 0.956
Epoch: [18/23], Batch: 1430/2963, Loss: 71.965, Trans_L2_m: 0.515, Yaw_err_deg: 1.412
Epoch: [18/23], Batch: 1440/2963, Loss: 41.413, Trans_L2_m: 0.378, Yaw_err_deg: 0.485
Epoch: [18/23], Batch: 1450/2963, Loss: 38.652, Trans_L2_m: 0.282, Yaw_err_deg: 0.520
Epoch: [18/23], Batch: 1460/2963, Loss: 49.752, Trans_L2_m: 0.540, Yaw_err_deg: 0.802
Epoch: [18/23], Batch: 1470/2963, Loss: 49.219, Trans_L2_m: 0.525, Yaw_err_deg: 0.803
Epoch: [18/23], Batch: 1480/2963, Loss: 40.711, Trans_L2_m: 0.364, Yaw_err_deg: 0.419
Epoch: [18/23], Batch: 1490/2963, Loss: 47.440, Trans_L2_m: 0.380, Yaw_err_deg: 0.999
Epoch: [18/23], Batch: 1500/2963, Loss: 44.321, Trans_L2_m: 0.352, Yaw_err_deg: 0.823
Epoch: [18/23], Batch: 1510/2963, Loss: 42.998, Trans_L2_m: 0.327, Yaw_err_deg: 0.627
Epoch: [18/23], Batch: 1520/2963, Loss: 44.732, Trans_L2_m: 0.279, Yaw_err_deg: 0.712
Epoch: [18/23], Batch: 1530/2963, Loss: 50.716, Trans_L2_m: 0.399, Yaw_err_deg: 1.050
Epoch: [18/23], Batch: 1540/2963, Loss: 45.596, Trans_L2_m: 0.413, Yaw_err_deg: 0.867
Epoch: [18/23], Batch: 1550/2963, Loss: 45.967, Trans_L2_m: 0.470, Yaw_err_deg: 0.480
Epoch: [18/23], Batch: 1560/2963, Loss: 40.958, Trans_L2_m: 0.277, Yaw_err_deg: 0.733
Epoch: [18/23], Batch: 1570/2963, Loss: 44.877, Trans_L2_m: 0.375, Yaw_err_deg: 0.615
Epoch: [18/23], Batch: 1580/2963, Loss: 46.774, Trans_L2_m: 0.338, Yaw_err_deg: 0.840
Epoch: [18/23], Batch: 1590/2963, Loss: 45.472, Trans_L2_m: 0.486, Yaw_err_deg: 0.668
Epoch: [18/23], Batch: 1600/2963, Loss: 51.036, Trans_L2_m: 0.402, Yaw_err_deg: 0.751
Epoch: [18/23], Batch: 1610/2963, Loss: 50.129, Trans_L2_m: 0.297, Yaw_err_deg: 1.108
Epoch: [18/23], Batch: 1620/2963, Loss: 44.515, Trans_L2_m: 0.373, Yaw_err_deg: 0.747
Epoch: [18/23], Batch: 1630/2963, Loss: 44.003, Trans_L2_m: 0.345, Yaw_err_deg: 0.520
Epoch: [18/23], Batch: 1640/2963, Loss: 50.675, Trans_L2_m: 0.271, Yaw_err_deg: 1.132
Epoch: [18/23], Batch: 1650/2963, Loss: 42.794, Trans_L2_m: 0.375, Yaw_err_deg: 0.862
Epoch: [18/23], Batch: 1660/2963, Loss: 41.789, Trans_L2_m: 0.353, Yaw_err_deg: 0.704
Epoch: [18/23], Batch: 1670/2963, Loss: 51.218, Trans_L2_m: 0.298, Yaw_err_deg: 0.970
Epoch: [18/23], Batch: 1680/2963, Loss: 46.064, Trans_L2_m: 0.479, Yaw_err_deg: 0.700
Epoch: [18/23], Batch: 1690/2963, Loss: 47.961, Trans_L2_m: 0.362, Yaw_err_deg: 0.893
Epoch: [18/23], Batch: 1700/2963, Loss: 47.454, Trans_L2_m: 0.206, Yaw_err_deg: 0.821
Epoch: [18/23], Batch: 1710/2963, Loss: 49.016, Trans_L2_m: 0.307, Yaw_err_deg: 1.101
Epoch: [18/23], Batch: 1720/2963, Loss: 56.095, Trans_L2_m: 0.468, Yaw_err_deg: 1.375
Epoch: [18/23], Batch: 1730/2963, Loss: 46.678, Trans_L2_m: 0.379, Yaw_err_deg: 0.754
Epoch: [18/23], Batch: 1740/2963, Loss: 52.149, Trans_L2_m: 0.403, Yaw_err_deg: 1.050
Epoch: [18/23], Batch: 1750/2963, Loss: 45.650, Trans_L2_m: 0.311, Yaw_err_deg: 0.720
Epoch: [18/23], Batch: 1760/2963, Loss: 40.205, Trans_L2_m: 0.365, Yaw_err_deg: 0.601
Epoch: [18/23], Batch: 1770/2963, Loss: 52.895, Trans_L2_m: 0.548, Yaw_err_deg: 0.703
Epoch: [18/23], Batch: 1780/2963, Loss: 48.922, Trans_L2_m: 0.378, Yaw_err_deg: 0.718
Epoch: [18/23], Batch: 1790/2963, Loss: 36.820, Trans_L2_m: 0.261, Yaw_err_deg: 0.430
Epoch: [18/23], Batch: 1800/2963, Loss: 43.455, Trans_L2_m: 0.343, Yaw_err_deg: 0.485
Epoch: [18/23], Batch: 1810/2963, Loss: 47.670, Trans_L2_m: 0.300, Yaw_err_deg: 0.729
Epoch: [18/23], Batch: 1820/2963, Loss: 51.485, Trans_L2_m: 0.348, Yaw_err_deg: 1.038
Epoch: [18/23], Batch: 1830/2963, Loss: 42.885, Trans_L2_m: 0.228, Yaw_err_deg: 0.819
Epoch: [18/23], Batch: 1840/2963, Loss: 52.478, Trans_L2_m: 0.419, Yaw_err_deg: 0.729
Epoch: [18/23], Batch: 1850/2963, Loss: 47.964, Trans_L2_m: 0.398, Yaw_err_deg: 0.795
Epoch: [18/23], Batch: 1860/2963, Loss: 42.028, Trans_L2_m: 0.362, Yaw_err_deg: 0.618
Epoch: [18/23], Batch: 1870/2963, Loss: 51.539, Trans_L2_m: 0.521, Yaw_err_deg: 0.680
Epoch: [18/23], Batch: 1880/2963, Loss: 47.467, Trans_L2_m: 0.368, Yaw_err_deg: 0.744
Epoch: [18/23], Batch: 1890/2963, Loss: 62.730, Trans_L2_m: 0.475, Yaw_err_deg: 0.884
Epoch: [18/23], Batch: 1900/2963, Loss: 57.127, Trans_L2_m: 0.695, Yaw_err_deg: 0.858
Epoch: [18/23], Batch: 1910/2963, Loss: 53.612, Trans_L2_m: 0.362, Yaw_err_deg: 1.168
Epoch: [18/23], Batch: 1920/2963, Loss: 56.395, Trans_L2_m: 0.433, Yaw_err_deg: 0.858
Epoch: [18/23], Batch: 1930/2963, Loss: 46.371, Trans_L2_m: 0.271, Yaw_err_deg: 1.003
Epoch: [18/23], Batch: 1940/2963, Loss: 49.878, Trans_L2_m: 0.448, Yaw_err_deg: 0.835
Epoch: [18/23], Batch: 1950/2963, Loss: 50.490, Trans_L2_m: 0.363, Yaw_err_deg: 0.530
Epoch: [18/23], Batch: 1960/2963, Loss: 54.897, Trans_L2_m: 0.567, Yaw_err_deg: 0.896
Epoch: [18/23], Batch: 1970/2963, Loss: 45.429, Trans_L2_m: 0.321, Yaw_err_deg: 0.982
Epoch: [18/23], Batch: 1980/2963, Loss: 47.933, Trans_L2_m: 0.324, Yaw_err_deg: 0.729
Epoch: [18/23], Batch: 1990/2963, Loss: 45.547, Trans_L2_m: 0.378, Yaw_err_deg: 0.746
Epoch: [18/23], Batch: 2000/2963, Loss: 45.125, Trans_L2_m: 0.372, Yaw_err_deg: 0.619
Epoch: [18/23], Batch: 2010/2963, Loss: 57.085, Trans_L2_m: 0.512, Yaw_err_deg: 1.200
Epoch: [18/23], Batch: 2020/2963, Loss: 54.457, Trans_L2_m: 0.344, Yaw_err_deg: 1.011
Epoch: [18/23], Batch: 2030/2963, Loss: 56.346, Trans_L2_m: 0.535, Yaw_err_deg: 0.998
Epoch: [18/23], Batch: 2040/2963, Loss: 39.778, Trans_L2_m: 0.280, Yaw_err_deg: 0.553
Epoch: [18/23], Batch: 2050/2963, Loss: 49.859, Trans_L2_m: 0.357, Yaw_err_deg: 0.929
Epoch: [18/23], Batch: 2060/2963, Loss: 48.762, Trans_L2_m: 0.331, Yaw_err_deg: 0.724
Epoch: [18/23], Batch: 2070/2963, Loss: 42.729, Trans_L2_m: 0.330, Yaw_err_deg: 0.704
Epoch: [18/23], Batch: 2080/2963, Loss: 49.619, Trans_L2_m: 0.520, Yaw_err_deg: 0.586
Epoch: [18/23], Batch: 2090/2963, Loss: 49.402, Trans_L2_m: 0.434, Yaw_err_deg: 0.666
Epoch: [18/23], Batch: 2100/2963, Loss: 41.086, Trans_L2_m: 0.337, Yaw_err_deg: 0.630
Epoch: [18/23], Batch: 2110/2963, Loss: 48.226, Trans_L2_m: 0.361, Yaw_err_deg: 0.954
Epoch: [18/23], Batch: 2120/2963, Loss: 70.024, Trans_L2_m: 0.350, Yaw_err_deg: 1.335
Epoch: [18/23], Batch: 2130/2963, Loss: 47.042, Trans_L2_m: 0.460, Yaw_err_deg: 0.558
Epoch: [18/23], Batch: 2140/2963, Loss: 50.824, Trans_L2_m: 0.350, Yaw_err_deg: 1.174
Epoch: [18/23], Batch: 2150/2963, Loss: 60.711, Trans_L2_m: 0.392, Yaw_err_deg: 0.959
Epoch: [18/23], Batch: 2160/2963, Loss: 56.605, Trans_L2_m: 0.539, Yaw_err_deg: 0.899
Epoch: [18/23], Batch: 2170/2963, Loss: 53.284, Trans_L2_m: 0.343, Yaw_err_deg: 0.878
Epoch: [18/23], Batch: 2180/2963, Loss: 47.338, Trans_L2_m: 0.251, Yaw_err_deg: 0.945
Epoch: [18/23], Batch: 2190/2963, Loss: 55.289, Trans_L2_m: 0.498, Yaw_err_deg: 0.863
Epoch: [18/23], Batch: 2200/2963, Loss: 48.647, Trans_L2_m: 0.500, Yaw_err_deg: 0.728
Epoch: [18/23], Batch: 2210/2963, Loss: 42.565, Trans_L2_m: 0.334, Yaw_err_deg: 0.645
Epoch: [18/23], Batch: 2220/2963, Loss: 52.351, Trans_L2_m: 0.430, Yaw_err_deg: 0.727
Epoch: [18/23], Batch: 2230/2963, Loss: 49.853, Trans_L2_m: 0.469, Yaw_err_deg: 0.797
Epoch: [18/23], Batch: 2240/2963, Loss: 53.160, Trans_L2_m: 0.507, Yaw_err_deg: 0.797
Epoch: [18/23], Batch: 2250/2963, Loss: 46.284, Trans_L2_m: 0.409, Yaw_err_deg: 0.568
Epoch: [18/23], Batch: 2260/2963, Loss: 47.713, Trans_L2_m: 0.349, Yaw_err_deg: 0.954
Epoch: [18/23], Batch: 2270/2963, Loss: 53.429, Trans_L2_m: 0.245, Yaw_err_deg: 1.145
Epoch: [18/23], Batch: 2280/2963, Loss: 53.917, Trans_L2_m: 0.507, Yaw_err_deg: 0.803
Epoch: [18/23], Batch: 2290/2963, Loss: 46.279, Trans_L2_m: 0.365, Yaw_err_deg: 0.648
Epoch: [18/23], Batch: 2300/2963, Loss: 60.346, Trans_L2_m: 0.361, Yaw_err_deg: 0.856
Epoch: [18/23], Batch: 2310/2963, Loss: 56.058, Trans_L2_m: 0.411, Yaw_err_deg: 1.256
Epoch: [18/23], Batch: 2320/2963, Loss: 49.846, Trans_L2_m: 0.437, Yaw_err_deg: 0.913
Epoch: [18/23], Batch: 2330/2963, Loss: 49.954, Trans_L2_m: 0.495, Yaw_err_deg: 0.946
Epoch: [18/23], Batch: 2340/2963, Loss: 43.776, Trans_L2_m: 0.291, Yaw_err_deg: 0.596
Epoch: [18/23], Batch: 2350/2963, Loss: 63.194, Trans_L2_m: 0.470, Yaw_err_deg: 1.385
Epoch: [18/23], Batch: 2360/2963, Loss: 58.561, Trans_L2_m: 0.551, Yaw_err_deg: 1.058
Epoch: [18/23], Batch: 2370/2963, Loss: 53.149, Trans_L2_m: 0.529, Yaw_err_deg: 0.863
Epoch: [18/23], Batch: 2380/2963, Loss: 63.695, Trans_L2_m: 0.549, Yaw_err_deg: 0.802
Epoch: [18/23], Batch: 2390/2963, Loss: 43.731, Trans_L2_m: 0.398, Yaw_err_deg: 0.657
Epoch: [18/23], Batch: 2400/2963, Loss: 48.743, Trans_L2_m: 0.429, Yaw_err_deg: 0.670
Epoch: [18/23], Batch: 2410/2963, Loss: 44.099, Trans_L2_m: 0.343, Yaw_err_deg: 0.613
Epoch: [18/23], Batch: 2420/2963, Loss: 50.930, Trans_L2_m: 0.397, Yaw_err_deg: 0.886
Epoch: [18/23], Batch: 2430/2963, Loss: 51.642, Trans_L2_m: 0.347, Yaw_err_deg: 1.127
Epoch: [18/23], Batch: 2440/2963, Loss: 56.537, Trans_L2_m: 0.414, Yaw_err_deg: 1.010
Epoch: [18/23], Batch: 2450/2963, Loss: 44.279, Trans_L2_m: 0.321, Yaw_err_deg: 0.862
Epoch: [18/23], Batch: 2460/2963, Loss: 43.572, Trans_L2_m: 0.361, Yaw_err_deg: 0.840
Epoch: [18/23], Batch: 2470/2963, Loss: 48.221, Trans_L2_m: 0.381, Yaw_err_deg: 0.774
Epoch: [18/23], Batch: 2480/2963, Loss: 53.359, Trans_L2_m: 0.395, Yaw_err_deg: 0.982
Epoch: [18/23], Batch: 2490/2963, Loss: 44.970, Trans_L2_m: 0.310, Yaw_err_deg: 0.829
Epoch: [18/23], Batch: 2500/2963, Loss: 43.906, Trans_L2_m: 0.392, Yaw_err_deg: 0.490
Epoch: [18/23], Batch: 2510/2963, Loss: 50.387, Trans_L2_m: 0.411, Yaw_err_deg: 0.858
Epoch: [18/23], Batch: 2520/2963, Loss: 52.778, Trans_L2_m: 0.499, Yaw_err_deg: 0.744
Epoch: [18/23], Batch: 2530/2963, Loss: 48.930, Trans_L2_m: 0.345, Yaw_err_deg: 1.004
Epoch: [18/23], Batch: 2540/2963, Loss: 59.520, Trans_L2_m: 0.507, Yaw_err_deg: 0.956
Epoch: [18/23], Batch: 2550/2963, Loss: 52.882, Trans_L2_m: 0.381, Yaw_err_deg: 0.783
Epoch: [18/23], Batch: 2560/2963, Loss: 56.547, Trans_L2_m: 0.480, Yaw_err_deg: 0.942
Epoch: [18/23], Batch: 2570/2963, Loss: 39.377, Trans_L2_m: 0.240, Yaw_err_deg: 0.679
Epoch: [18/23], Batch: 2580/2963, Loss: 49.540, Trans_L2_m: 0.462, Yaw_err_deg: 0.847
Epoch: [18/23], Batch: 2590/2963, Loss: 51.236, Trans_L2_m: 0.356, Yaw_err_deg: 0.901
Epoch: [18/23], Batch: 2600/2963, Loss: 46.936, Trans_L2_m: 0.424, Yaw_err_deg: 0.863
Epoch: [18/23], Batch: 2610/2963, Loss: 53.751, Trans_L2_m: 0.311, Yaw_err_deg: 1.264
Epoch: [18/23], Batch: 2620/2963, Loss: 45.851, Trans_L2_m: 0.347, Yaw_err_deg: 0.588
Epoch: [18/23], Batch: 2630/2963, Loss: 39.366, Trans_L2_m: 0.285, Yaw_err_deg: 0.709
Epoch: [18/23], Batch: 2640/2963, Loss: 44.940, Trans_L2_m: 0.332, Yaw_err_deg: 0.649
Epoch: [18/23], Batch: 2650/2963, Loss: 42.502, Trans_L2_m: 0.324, Yaw_err_deg: 0.717
Epoch: [18/23], Batch: 2660/2963, Loss: 43.288, Trans_L2_m: 0.357, Yaw_err_deg: 0.455
Epoch: [18/23], Batch: 2670/2963, Loss: 46.016, Trans_L2_m: 0.447, Yaw_err_deg: 0.711
Epoch: [18/23], Batch: 2680/2963, Loss: 49.554, Trans_L2_m: 0.341, Yaw_err_deg: 0.695
Epoch: [18/23], Batch: 2690/2963, Loss: 47.106, Trans_L2_m: 0.353, Yaw_err_deg: 0.856
Epoch: [18/23], Batch: 2700/2963, Loss: 53.639, Trans_L2_m: 0.543, Yaw_err_deg: 0.700
Epoch: [18/23], Batch: 2710/2963, Loss: 46.995, Trans_L2_m: 0.361, Yaw_err_deg: 0.690
Epoch: [18/23], Batch: 2720/2963, Loss: 41.724, Trans_L2_m: 0.367, Yaw_err_deg: 0.721
Epoch: [18/23], Batch: 2730/2963, Loss: 52.014, Trans_L2_m: 0.508, Yaw_err_deg: 0.809
Epoch: [18/23], Batch: 2740/2963, Loss: 46.149, Trans_L2_m: 0.302, Yaw_err_deg: 0.638
Epoch: [18/23], Batch: 2750/2963, Loss: 53.255, Trans_L2_m: 0.292, Yaw_err_deg: 0.966
Epoch: [18/23], Batch: 2760/2963, Loss: 50.315, Trans_L2_m: 0.397, Yaw_err_deg: 0.885
Epoch: [18/23], Batch: 2770/2963, Loss: 57.111, Trans_L2_m: 0.422, Yaw_err_deg: 0.714
Epoch: [18/23], Batch: 2780/2963, Loss: 51.961, Trans_L2_m: 0.308, Yaw_err_deg: 1.145
Epoch: [18/23], Batch: 2790/2963, Loss: 62.478, Trans_L2_m: 0.419, Yaw_err_deg: 1.807
Epoch: [18/23], Batch: 2800/2963, Loss: 47.490, Trans_L2_m: 0.413, Yaw_err_deg: 0.722
Epoch: [18/23], Batch: 2810/2963, Loss: 43.873, Trans_L2_m: 0.390, Yaw_err_deg: 0.868
Epoch: [18/23], Batch: 2820/2963, Loss: 51.038, Trans_L2_m: 0.496, Yaw_err_deg: 0.764
Epoch: [18/23], Batch: 2830/2963, Loss: 57.564, Trans_L2_m: 0.368, Yaw_err_deg: 0.948
Epoch: [18/23], Batch: 2840/2963, Loss: 48.216, Trans_L2_m: 0.367, Yaw_err_deg: 0.701
Epoch: [18/23], Batch: 2850/2963, Loss: 52.811, Trans_L2_m: 0.430, Yaw_err_deg: 0.790
Epoch: [18/23], Batch: 2860/2963, Loss: 49.766, Trans_L2_m: 0.421, Yaw_err_deg: 0.979
Epoch: [18/23], Batch: 2870/2963, Loss: 46.643, Trans_L2_m: 0.307, Yaw_err_deg: 0.751
Epoch: [18/23], Batch: 2880/2963, Loss: 51.676, Trans_L2_m: 0.405, Yaw_err_deg: 0.714
Epoch: [18/23], Batch: 2890/2963, Loss: 46.897, Trans_L2_m: 0.407, Yaw_err_deg: 0.681
Epoch: [18/23], Batch: 2900/2963, Loss: 46.013, Trans_L2_m: 0.362, Yaw_err_deg: 1.109
Epoch: [18/23], Batch: 2910/2963, Loss: 56.259, Trans_L2_m: 0.432, Yaw_err_deg: 1.022
Epoch: [18/23], Batch: 2920/2963, Loss: 43.796, Trans_L2_m: 0.454, Yaw_err_deg: 0.439
Epoch: [18/23], Batch: 2930/2963, Loss: 47.737, Trans_L2_m: 0.366, Yaw_err_deg: 0.757
Epoch: [18/23], Batch: 2940/2963, Loss: 46.604, Trans_L2_m: 0.446, Yaw_err_deg: 0.701
Epoch: [18/23], Batch: 2950/2963, Loss: 44.441, Trans_L2_m: 0.339, Yaw_err_deg: 0.665
Epoch: [18/23], Batch: 2960/2963, Loss: 44.025, Trans_L2_m: 0.409, Yaw_err_deg: 0.495
Epoch: [19/23], Batch: 0/2963, Loss: 44.047, Trans_L2_m: 0.396, Yaw_err_deg: 0.670
Epoch: [19/23], Batch: 10/2963, Loss: 54.721, Trans_L2_m: 0.572, Yaw_err_deg: 0.657
Epoch: [19/23], Batch: 20/2963, Loss: 51.553, Trans_L2_m: 0.314, Yaw_err_deg: 1.036
Epoch: [19/23], Batch: 30/2963, Loss: 52.588, Trans_L2_m: 0.485, Yaw_err_deg: 0.879
Epoch: [19/23], Batch: 40/2963, Loss: 55.796, Trans_L2_m: 0.529, Yaw_err_deg: 1.184
Epoch: [19/23], Batch: 50/2963, Loss: 48.456, Trans_L2_m: 0.310, Yaw_err_deg: 0.641
Epoch: [19/23], Batch: 60/2963, Loss: 41.337, Trans_L2_m: 0.367, Yaw_err_deg: 0.541
Epoch: [19/23], Batch: 70/2963, Loss: 43.523, Trans_L2_m: 0.380, Yaw_err_deg: 0.525
Epoch: [19/23], Batch: 80/2963, Loss: 48.146, Trans_L2_m: 0.389, Yaw_err_deg: 0.792
Epoch: [19/23], Batch: 90/2963, Loss: 47.146, Trans_L2_m: 0.349, Yaw_err_deg: 0.888
Epoch: [19/23], Batch: 100/2963, Loss: 46.745, Trans_L2_m: 0.364, Yaw_err_deg: 0.687
Epoch: [19/23], Batch: 110/2963, Loss: 45.752, Trans_L2_m: 0.438, Yaw_err_deg: 0.712
Epoch: [19/23], Batch: 120/2963, Loss: 39.261, Trans_L2_m: 0.304, Yaw_err_deg: 0.639
Epoch: [19/23], Batch: 130/2963, Loss: 60.941, Trans_L2_m: 0.437, Yaw_err_deg: 1.361
Epoch: [19/23], Batch: 140/2963, Loss: 37.606, Trans_L2_m: 0.229, Yaw_err_deg: 0.624
Epoch: [19/23], Batch: 150/2963, Loss: 40.829, Trans_L2_m: 0.337, Yaw_err_deg: 0.753
Epoch: [19/23], Batch: 160/2963, Loss: 45.110, Trans_L2_m: 0.400, Yaw_err_deg: 0.614
Epoch: [19/23], Batch: 170/2963, Loss: 42.881, Trans_L2_m: 0.367, Yaw_err_deg: 0.529
Epoch: [19/23], Batch: 180/2963, Loss: 48.616, Trans_L2_m: 0.386, Yaw_err_deg: 0.943
Epoch: [19/23], Batch: 190/2963, Loss: 57.335, Trans_L2_m: 0.540, Yaw_err_deg: 1.249
Epoch: [19/23], Batch: 200/2963, Loss: 52.478, Trans_L2_m: 0.436, Yaw_err_deg: 0.733
Epoch: [19/23], Batch: 210/2963, Loss: 66.575, Trans_L2_m: 0.434, Yaw_err_deg: 1.045
Epoch: [19/23], Batch: 220/2963, Loss: 41.285, Trans_L2_m: 0.297, Yaw_err_deg: 0.760
Epoch: [19/23], Batch: 230/2963, Loss: 49.176, Trans_L2_m: 0.549, Yaw_err_deg: 0.558
Epoch: [19/23], Batch: 240/2963, Loss: 43.190, Trans_L2_m: 0.251, Yaw_err_deg: 0.530
Epoch: [19/23], Batch: 250/2963, Loss: 38.196, Trans_L2_m: 0.309, Yaw_err_deg: 0.682
Epoch: [19/23], Batch: 260/2963, Loss: 53.146, Trans_L2_m: 0.388, Yaw_err_deg: 1.090
Epoch: [19/23], Batch: 270/2963, Loss: 58.608, Trans_L2_m: 0.508, Yaw_err_deg: 1.213
Epoch: [19/23], Batch: 280/2963, Loss: 49.308, Trans_L2_m: 0.457, Yaw_err_deg: 0.833
Epoch: [19/23], Batch: 290/2963, Loss: 40.840, Trans_L2_m: 0.294, Yaw_err_deg: 0.631
Epoch: [19/23], Batch: 300/2963, Loss: 47.728, Trans_L2_m: 0.334, Yaw_err_deg: 0.879
Epoch: [19/23], Batch: 310/2963, Loss: 49.272, Trans_L2_m: 0.336, Yaw_err_deg: 0.900
Epoch: [19/23], Batch: 320/2963, Loss: 42.158, Trans_L2_m: 0.313, Yaw_err_deg: 0.708
Epoch: [19/23], Batch: 330/2963, Loss: 50.755, Trans_L2_m: 0.430, Yaw_err_deg: 0.816
Epoch: [19/23], Batch: 340/2963, Loss: 57.608, Trans_L2_m: 0.434, Yaw_err_deg: 1.161
Epoch: [19/23], Batch: 350/2963, Loss: 58.341, Trans_L2_m: 0.380, Yaw_err_deg: 1.320
Epoch: [19/23], Batch: 360/2963, Loss: 45.486, Trans_L2_m: 0.425, Yaw_err_deg: 0.755
Epoch: [19/23], Batch: 370/2963, Loss: 46.144, Trans_L2_m: 0.369, Yaw_err_deg: 0.674
Epoch: [19/23], Batch: 380/2963, Loss: 57.837, Trans_L2_m: 0.379, Yaw_err_deg: 1.155
Epoch: [19/23], Batch: 390/2963, Loss: 47.121, Trans_L2_m: 0.414, Yaw_err_deg: 0.625
Epoch: [19/23], Batch: 400/2963, Loss: 43.334, Trans_L2_m: 0.371, Yaw_err_deg: 0.792
Epoch: [19/23], Batch: 410/2963, Loss: 49.127, Trans_L2_m: 0.335, Yaw_err_deg: 0.955
Epoch: [19/23], Batch: 420/2963, Loss: 44.935, Trans_L2_m: 0.557, Yaw_err_deg: 0.672
Epoch: [19/23], Batch: 430/2963, Loss: 46.237, Trans_L2_m: 0.406, Yaw_err_deg: 0.671
Epoch: [19/23], Batch: 440/2963, Loss: 45.861, Trans_L2_m: 0.393, Yaw_err_deg: 0.903
Epoch: [19/23], Batch: 450/2963, Loss: 47.485, Trans_L2_m: 0.366, Yaw_err_deg: 0.824
Epoch: [19/23], Batch: 460/2963, Loss: 47.603, Trans_L2_m: 0.326, Yaw_err_deg: 0.669
Epoch: [19/23], Batch: 470/2963, Loss: 46.348, Trans_L2_m: 0.456, Yaw_err_deg: 0.775
Epoch: [19/23], Batch: 480/2963, Loss: 48.744, Trans_L2_m: 0.523, Yaw_err_deg: 0.809
Epoch: [19/23], Batch: 490/2963, Loss: 43.026, Trans_L2_m: 0.407, Yaw_err_deg: 0.617
Epoch: [19/23], Batch: 500/2963, Loss: 41.763, Trans_L2_m: 0.280, Yaw_err_deg: 0.637
Epoch: [19/23], Batch: 510/2963, Loss: 49.095, Trans_L2_m: 0.414, Yaw_err_deg: 0.823
Epoch: [19/23], Batch: 520/2963, Loss: 60.925, Trans_L2_m: 0.536, Yaw_err_deg: 0.780
Epoch: [19/23], Batch: 530/2963, Loss: 53.477, Trans_L2_m: 0.538, Yaw_err_deg: 0.730
Epoch: [19/23], Batch: 540/2963, Loss: 89.544, Trans_L2_m: 0.253, Yaw_err_deg: 2.283
Epoch: [19/23], Batch: 550/2963, Loss: 52.957, Trans_L2_m: 0.399, Yaw_err_deg: 1.006
Epoch: [19/23], Batch: 560/2963, Loss: 61.334, Trans_L2_m: 0.514, Yaw_err_deg: 1.170
Epoch: [19/23], Batch: 570/2963, Loss: 51.458, Trans_L2_m: 0.380, Yaw_err_deg: 0.981
Epoch: [19/23], Batch: 580/2963, Loss: 54.878, Trans_L2_m: 0.548, Yaw_err_deg: 0.883
Epoch: [19/23], Batch: 590/2963, Loss: 47.388, Trans_L2_m: 0.311, Yaw_err_deg: 0.738
Epoch: [19/23], Batch: 600/2963, Loss: 48.368, Trans_L2_m: 0.436, Yaw_err_deg: 0.607
Epoch: [19/23], Batch: 610/2963, Loss: 45.830, Trans_L2_m: 0.432, Yaw_err_deg: 0.740
Epoch: [19/23], Batch: 620/2963, Loss: 54.257, Trans_L2_m: 0.382, Yaw_err_deg: 0.940
Epoch: [19/23], Batch: 630/2963, Loss: 48.181, Trans_L2_m: 0.457, Yaw_err_deg: 0.731
Epoch: [19/23], Batch: 640/2963, Loss: 46.255, Trans_L2_m: 0.397, Yaw_err_deg: 0.913
Epoch: [19/23], Batch: 650/2963, Loss: 41.794, Trans_L2_m: 0.323, Yaw_err_deg: 0.551
Epoch: [19/23], Batch: 660/2963, Loss: 47.611, Trans_L2_m: 0.391, Yaw_err_deg: 0.831
Epoch: [19/23], Batch: 670/2963, Loss: 45.349, Trans_L2_m: 0.323, Yaw_err_deg: 0.786
Epoch: [19/23], Batch: 680/2963, Loss: 38.515, Trans_L2_m: 0.376, Yaw_err_deg: 0.500
Epoch: [19/23], Batch: 690/2963, Loss: 47.235, Trans_L2_m: 0.236, Yaw_err_deg: 0.962
Epoch: [19/23], Batch: 700/2963, Loss: 59.565, Trans_L2_m: 0.303, Yaw_err_deg: 1.430
Epoch: [19/23], Batch: 710/2963, Loss: 52.966, Trans_L2_m: 0.496, Yaw_err_deg: 1.071
Epoch: [19/23], Batch: 720/2963, Loss: 47.748, Trans_L2_m: 0.491, Yaw_err_deg: 0.736
Epoch: [19/23], Batch: 730/2963, Loss: 45.291, Trans_L2_m: 0.401, Yaw_err_deg: 0.783
Epoch: [19/23], Batch: 740/2963, Loss: 56.130, Trans_L2_m: 0.587, Yaw_err_deg: 0.894
Epoch: [19/23], Batch: 750/2963, Loss: 52.594, Trans_L2_m: 0.400, Yaw_err_deg: 0.947
Epoch: [19/23], Batch: 760/2963, Loss: 67.068, Trans_L2_m: 0.462, Yaw_err_deg: 1.407
Epoch: [19/23], Batch: 770/2963, Loss: 51.185, Trans_L2_m: 0.247, Yaw_err_deg: 0.705
Epoch: [19/23], Batch: 780/2963, Loss: 45.231, Trans_L2_m: 0.364, Yaw_err_deg: 0.631
Epoch: [19/23], Batch: 790/2963, Loss: 51.889, Trans_L2_m: 0.430, Yaw_err_deg: 0.947
Epoch: [19/23], Batch: 800/2963, Loss: 58.968, Trans_L2_m: 0.328, Yaw_err_deg: 1.245
Epoch: [19/23], Batch: 810/2963, Loss: 45.731, Trans_L2_m: 0.380, Yaw_err_deg: 1.060
Epoch: [19/23], Batch: 820/2963, Loss: 46.975, Trans_L2_m: 0.341, Yaw_err_deg: 0.892
Epoch: [19/23], Batch: 830/2963, Loss: 46.442, Trans_L2_m: 0.446, Yaw_err_deg: 0.654
Epoch: [19/23], Batch: 840/2963, Loss: 59.332, Trans_L2_m: 0.319, Yaw_err_deg: 1.255
Epoch: [19/23], Batch: 850/2963, Loss: 49.442, Trans_L2_m: 0.454, Yaw_err_deg: 0.609
Epoch: [19/23], Batch: 860/2963, Loss: 44.598, Trans_L2_m: 0.312, Yaw_err_deg: 0.676
Epoch: [19/23], Batch: 870/2963, Loss: 40.006, Trans_L2_m: 0.259, Yaw_err_deg: 0.596
Epoch: [19/23], Batch: 880/2963, Loss: 39.884, Trans_L2_m: 0.249, Yaw_err_deg: 0.599
Epoch: [19/23], Batch: 890/2963, Loss: 42.987, Trans_L2_m: 0.397, Yaw_err_deg: 0.620
Epoch: [19/23], Batch: 900/2963, Loss: 61.088, Trans_L2_m: 0.511, Yaw_err_deg: 0.915
Epoch: [19/23], Batch: 910/2963, Loss: 45.020, Trans_L2_m: 0.451, Yaw_err_deg: 0.643
Epoch: [19/23], Batch: 920/2963, Loss: 56.032, Trans_L2_m: 0.517, Yaw_err_deg: 0.733
Epoch: [19/23], Batch: 930/2963, Loss: 47.497, Trans_L2_m: 0.287, Yaw_err_deg: 0.867
Epoch: [19/23], Batch: 940/2963, Loss: 44.707, Trans_L2_m: 0.338, Yaw_err_deg: 0.761
Epoch: [19/23], Batch: 950/2963, Loss: 47.183, Trans_L2_m: 0.406, Yaw_err_deg: 0.950
Epoch: [19/23], Batch: 960/2963, Loss: 49.621, Trans_L2_m: 0.341, Yaw_err_deg: 0.973
Epoch: [19/23], Batch: 970/2963, Loss: 42.023, Trans_L2_m: 0.406, Yaw_err_deg: 0.597
Epoch: [19/23], Batch: 980/2963, Loss: 40.385, Trans_L2_m: 0.298, Yaw_err_deg: 0.417
Epoch: [19/23], Batch: 990/2963, Loss: 55.371, Trans_L2_m: 0.558, Yaw_err_deg: 0.751
Epoch: [19/23], Batch: 1000/2963, Loss: 45.988, Trans_L2_m: 0.358, Yaw_err_deg: 0.693
Epoch: [19/23], Batch: 1010/2963, Loss: 51.711, Trans_L2_m: 0.378, Yaw_err_deg: 1.026
Epoch: [19/23], Batch: 1020/2963, Loss: 54.703, Trans_L2_m: 0.484, Yaw_err_deg: 0.799
Epoch: [19/23], Batch: 1030/2963, Loss: 38.431, Trans_L2_m: 0.224, Yaw_err_deg: 0.679
Epoch: [19/23], Batch: 1040/2963, Loss: 49.273, Trans_L2_m: 0.322, Yaw_err_deg: 0.875
Epoch: [19/23], Batch: 1050/2963, Loss: 53.319, Trans_L2_m: 0.417, Yaw_err_deg: 0.910
Epoch: [19/23], Batch: 1060/2963, Loss: 62.161, Trans_L2_m: 0.490, Yaw_err_deg: 1.084
Epoch: [19/23], Batch: 1070/2963, Loss: 43.959, Trans_L2_m: 0.278, Yaw_err_deg: 0.727
Epoch: [19/23], Batch: 1080/2963, Loss: 58.675, Trans_L2_m: 0.445, Yaw_err_deg: 1.139
Epoch: [19/23], Batch: 1090/2963, Loss: 47.431, Trans_L2_m: 0.406, Yaw_err_deg: 0.567
Epoch: [19/23], Batch: 1100/2963, Loss: 44.611, Trans_L2_m: 0.403, Yaw_err_deg: 0.487
Epoch: [19/23], Batch: 1110/2963, Loss: 50.852, Trans_L2_m: 0.523, Yaw_err_deg: 0.674
Epoch: [19/23], Batch: 1120/2963, Loss: 48.354, Trans_L2_m: 0.347, Yaw_err_deg: 0.666
Epoch: [19/23], Batch: 1130/2963, Loss: 41.462, Trans_L2_m: 0.294, Yaw_err_deg: 0.571
Epoch: [19/23], Batch: 1140/2963, Loss: 50.890, Trans_L2_m: 0.420, Yaw_err_deg: 0.700
Epoch: [19/23], Batch: 1150/2963, Loss: 47.534, Trans_L2_m: 0.351, Yaw_err_deg: 0.819
Epoch: [19/23], Batch: 1160/2963, Loss: 45.779, Trans_L2_m: 0.332, Yaw_err_deg: 0.867
Epoch: [19/23], Batch: 1170/2963, Loss: 44.706, Trans_L2_m: 0.370, Yaw_err_deg: 0.586
Epoch: [19/23], Batch: 1180/2963, Loss: 46.054, Trans_L2_m: 0.455, Yaw_err_deg: 0.797
Epoch: [19/23], Batch: 1190/2963, Loss: 46.849, Trans_L2_m: 0.499, Yaw_err_deg: 0.601
Epoch: [19/23], Batch: 1200/2963, Loss: 55.312, Trans_L2_m: 0.376, Yaw_err_deg: 0.636
Epoch: [19/23], Batch: 1210/2963, Loss: 50.327, Trans_L2_m: 0.613, Yaw_err_deg: 0.569
Epoch: [19/23], Batch: 1220/2963, Loss: 50.673, Trans_L2_m: 0.304, Yaw_err_deg: 1.055
Epoch: [19/23], Batch: 1230/2963, Loss: 54.788, Trans_L2_m: 0.426, Yaw_err_deg: 1.104
Epoch: [19/23], Batch: 1240/2963, Loss: 38.837, Trans_L2_m: 0.403, Yaw_err_deg: 0.531
Epoch: [19/23], Batch: 1250/2963, Loss: 54.440, Trans_L2_m: 0.389, Yaw_err_deg: 1.040
Epoch: [19/23], Batch: 1260/2963, Loss: 44.115, Trans_L2_m: 0.360, Yaw_err_deg: 0.570
Epoch: [19/23], Batch: 1270/2963, Loss: 56.355, Trans_L2_m: 0.432, Yaw_err_deg: 1.296
Epoch: [19/23], Batch: 1280/2963, Loss: 56.913, Trans_L2_m: 0.391, Yaw_err_deg: 1.113
Epoch: [19/23], Batch: 1290/2963, Loss: 42.765, Trans_L2_m: 0.312, Yaw_err_deg: 0.583
Epoch: [19/23], Batch: 1300/2963, Loss: 42.442, Trans_L2_m: 0.318, Yaw_err_deg: 0.731
Epoch: [19/23], Batch: 1310/2963, Loss: 47.759, Trans_L2_m: 0.513, Yaw_err_deg: 0.727
Epoch: [19/23], Batch: 1320/2963, Loss: 50.114, Trans_L2_m: 0.403, Yaw_err_deg: 0.624
Epoch: [19/23], Batch: 1330/2963, Loss: 51.133, Trans_L2_m: 0.339, Yaw_err_deg: 1.249
Epoch: [19/23], Batch: 1340/2963, Loss: 40.135, Trans_L2_m: 0.271, Yaw_err_deg: 0.504
Epoch: [19/23], Batch: 1350/2963, Loss: 45.090, Trans_L2_m: 0.311, Yaw_err_deg: 0.454
Epoch: [19/23], Batch: 1360/2963, Loss: 45.118, Trans_L2_m: 0.501, Yaw_err_deg: 0.750
Epoch: [19/23], Batch: 1370/2963, Loss: 43.629, Trans_L2_m: 0.349, Yaw_err_deg: 0.770
Epoch: [19/23], Batch: 1380/2963, Loss: 51.333, Trans_L2_m: 0.423, Yaw_err_deg: 0.969
Epoch: [19/23], Batch: 1390/2963, Loss: 44.114, Trans_L2_m: 0.367, Yaw_err_deg: 0.585
Epoch: [19/23], Batch: 1400/2963, Loss: 45.427, Trans_L2_m: 0.321, Yaw_err_deg: 0.730
Epoch: [19/23], Batch: 1410/2963, Loss: 45.396, Trans_L2_m: 0.337, Yaw_err_deg: 0.961
Epoch: [19/23], Batch: 1420/2963, Loss: 42.399, Trans_L2_m: 0.315, Yaw_err_deg: 0.903
Epoch: [19/23], Batch: 1430/2963, Loss: 36.290, Trans_L2_m: 0.254, Yaw_err_deg: 0.471
Epoch: [19/23], Batch: 1440/2963, Loss: 53.426, Trans_L2_m: 0.449, Yaw_err_deg: 0.937
Epoch: [19/23], Batch: 1450/2963, Loss: 51.746, Trans_L2_m: 0.428, Yaw_err_deg: 0.584
Epoch: [19/23], Batch: 1460/2963, Loss: 53.387, Trans_L2_m: 0.340, Yaw_err_deg: 1.092
Epoch: [19/23], Batch: 1470/2963, Loss: 43.873, Trans_L2_m: 0.346, Yaw_err_deg: 0.726
Epoch: [19/23], Batch: 1480/2963, Loss: 49.992, Trans_L2_m: 0.429, Yaw_err_deg: 0.984
Epoch: [19/23], Batch: 1490/2963, Loss: 45.819, Trans_L2_m: 0.392, Yaw_err_deg: 0.800
Epoch: [19/23], Batch: 1500/2963, Loss: 42.906, Trans_L2_m: 0.278, Yaw_err_deg: 0.627
Epoch: [19/23], Batch: 1510/2963, Loss: 58.587, Trans_L2_m: 0.483, Yaw_err_deg: 1.398
Epoch: [19/23], Batch: 1520/2963, Loss: 51.279, Trans_L2_m: 0.470, Yaw_err_deg: 0.495
Epoch: [19/23], Batch: 1530/2963, Loss: 48.122, Trans_L2_m: 0.374, Yaw_err_deg: 0.777
Epoch: [19/23], Batch: 1540/2963, Loss: 39.983, Trans_L2_m: 0.340, Yaw_err_deg: 0.561
Epoch: [19/23], Batch: 1550/2963, Loss: 48.442, Trans_L2_m: 0.338, Yaw_err_deg: 0.918
Epoch: [19/23], Batch: 1560/2963, Loss: 45.070, Trans_L2_m: 0.426, Yaw_err_deg: 0.862
Epoch: [19/23], Batch: 1570/2963, Loss: 41.999, Trans_L2_m: 0.265, Yaw_err_deg: 0.660
Epoch: [19/23], Batch: 1580/2963, Loss: 44.396, Trans_L2_m: 0.375, Yaw_err_deg: 0.679
Epoch: [19/23], Batch: 1590/2963, Loss: 52.374, Trans_L2_m: 0.369, Yaw_err_deg: 0.947
Epoch: [19/23], Batch: 1600/2963, Loss: 48.107, Trans_L2_m: 0.398, Yaw_err_deg: 0.579
Epoch: [19/23], Batch: 1610/2963, Loss: 40.974, Trans_L2_m: 0.334, Yaw_err_deg: 0.536
Epoch: [19/23], Batch: 1620/2963, Loss: 43.459, Trans_L2_m: 0.368, Yaw_err_deg: 0.770
Epoch: [19/23], Batch: 1630/2963, Loss: 41.163, Trans_L2_m: 0.298, Yaw_err_deg: 0.648
Epoch: [19/23], Batch: 1640/2963, Loss: 40.235, Trans_L2_m: 0.317, Yaw_err_deg: 0.654
Epoch: [19/23], Batch: 1650/2963, Loss: 48.530, Trans_L2_m: 0.385, Yaw_err_deg: 0.685
Epoch: [19/23], Batch: 1660/2963, Loss: 41.563, Trans_L2_m: 0.362, Yaw_err_deg: 0.541
Epoch: [19/23], Batch: 1670/2963, Loss: 47.796, Trans_L2_m: 0.287, Yaw_err_deg: 0.935
Epoch: [19/23], Batch: 1680/2963, Loss: 55.287, Trans_L2_m: 0.406, Yaw_err_deg: 1.017
Epoch: [19/23], Batch: 1690/2963, Loss: 39.457, Trans_L2_m: 0.317, Yaw_err_deg: 0.594
Epoch: [19/23], Batch: 1700/2963, Loss: 46.579, Trans_L2_m: 0.422, Yaw_err_deg: 0.718
Epoch: [19/23], Batch: 1710/2963, Loss: 47.846, Trans_L2_m: 0.394, Yaw_err_deg: 0.691
Epoch: [19/23], Batch: 1720/2963, Loss: 50.653, Trans_L2_m: 0.448, Yaw_err_deg: 0.890
Epoch: [19/23], Batch: 1730/2963, Loss: 43.791, Trans_L2_m: 0.485, Yaw_err_deg: 0.740
Epoch: [19/23], Batch: 1740/2963, Loss: 44.750, Trans_L2_m: 0.412, Yaw_err_deg: 0.804
Epoch: [19/23], Batch: 1750/2963, Loss: 40.284, Trans_L2_m: 0.295, Yaw_err_deg: 0.555
Epoch: [19/23], Batch: 1760/2963, Loss: 41.806, Trans_L2_m: 0.334, Yaw_err_deg: 0.686
Epoch: [19/23], Batch: 1770/2963, Loss: 45.955, Trans_L2_m: 0.323, Yaw_err_deg: 0.894
Epoch: [19/23], Batch: 1780/2963, Loss: 47.866, Trans_L2_m: 0.371, Yaw_err_deg: 0.820
Epoch: [19/23], Batch: 1790/2963, Loss: 51.635, Trans_L2_m: 0.376, Yaw_err_deg: 0.918
Epoch: [19/23], Batch: 1800/2963, Loss: 47.873, Trans_L2_m: 0.361, Yaw_err_deg: 0.783
Epoch: [19/23], Batch: 1810/2963, Loss: 50.313, Trans_L2_m: 0.470, Yaw_err_deg: 0.994
Epoch: [19/23], Batch: 1820/2963, Loss: 50.761, Trans_L2_m: 0.396, Yaw_err_deg: 1.179
Epoch: [19/23], Batch: 1830/2963, Loss: 51.831, Trans_L2_m: 0.408, Yaw_err_deg: 0.862
Epoch: [19/23], Batch: 1840/2963, Loss: 58.930, Trans_L2_m: 0.335, Yaw_err_deg: 1.046
Epoch: [19/23], Batch: 1850/2963, Loss: 115.534, Trans_L2_m: 0.349, Yaw_err_deg: 0.407
Epoch: [19/23], Batch: 1860/2963, Loss: 55.993, Trans_L2_m: 0.373, Yaw_err_deg: 0.988
Epoch: [19/23], Batch: 1870/2963, Loss: 49.613, Trans_L2_m: 0.337, Yaw_err_deg: 0.790
Epoch: [19/23], Batch: 1880/2963, Loss: 53.566, Trans_L2_m: 0.406, Yaw_err_deg: 1.084
Epoch: [19/23], Batch: 1890/2963, Loss: 49.377, Trans_L2_m: 0.425, Yaw_err_deg: 1.104
Epoch: [19/23], Batch: 1900/2963, Loss: 44.910, Trans_L2_m: 0.324, Yaw_err_deg: 0.891
Epoch: [19/23], Batch: 1910/2963, Loss: 48.514, Trans_L2_m: 0.324, Yaw_err_deg: 0.717
Epoch: [19/23], Batch: 1920/2963, Loss: 64.982, Trans_L2_m: 0.307, Yaw_err_deg: 1.425
Epoch: [19/23], Batch: 1930/2963, Loss: 48.199, Trans_L2_m: 0.372, Yaw_err_deg: 0.675
Epoch: [19/23], Batch: 1940/2963, Loss: 52.572, Trans_L2_m: 0.387, Yaw_err_deg: 0.867
Epoch: [19/23], Batch: 1950/2963, Loss: 43.114, Trans_L2_m: 0.367, Yaw_err_deg: 0.703
Epoch: [19/23], Batch: 1960/2963, Loss: 43.048, Trans_L2_m: 0.324, Yaw_err_deg: 0.484
Epoch: [19/23], Batch: 1970/2963, Loss: 45.106, Trans_L2_m: 0.298, Yaw_err_deg: 0.731
Epoch: [19/23], Batch: 1980/2963, Loss: 49.386, Trans_L2_m: 0.417, Yaw_err_deg: 0.810
Epoch: [19/23], Batch: 1990/2963, Loss: 47.086, Trans_L2_m: 0.356, Yaw_err_deg: 1.094
Epoch: [19/23], Batch: 2000/2963, Loss: 44.121, Trans_L2_m: 0.295, Yaw_err_deg: 0.627
Epoch: [19/23], Batch: 2010/2963, Loss: 48.717, Trans_L2_m: 0.290, Yaw_err_deg: 0.658
Epoch: [19/23], Batch: 2020/2963, Loss: 48.795, Trans_L2_m: 0.518, Yaw_err_deg: 0.583
Epoch: [19/23], Batch: 2030/2963, Loss: 49.262, Trans_L2_m: 0.407, Yaw_err_deg: 0.813
Epoch: [19/23], Batch: 2040/2963, Loss: 48.159, Trans_L2_m: 0.204, Yaw_err_deg: 0.878
Epoch: [19/23], Batch: 2050/2963, Loss: 41.906, Trans_L2_m: 0.487, Yaw_err_deg: 0.639
Epoch: [19/23], Batch: 2060/2963, Loss: 54.665, Trans_L2_m: 0.489, Yaw_err_deg: 0.879
Epoch: [19/23], Batch: 2070/2963, Loss: 57.565, Trans_L2_m: 0.491, Yaw_err_deg: 0.872
Epoch: [19/23], Batch: 2080/2963, Loss: 51.740, Trans_L2_m: 0.370, Yaw_err_deg: 1.269
Epoch: [19/23], Batch: 2090/2963, Loss: 53.763, Trans_L2_m: 0.302, Yaw_err_deg: 1.168
Epoch: [19/23], Batch: 2100/2963, Loss: 44.208, Trans_L2_m: 0.318, Yaw_err_deg: 0.876
Epoch: [19/23], Batch: 2110/2963, Loss: 46.230, Trans_L2_m: 0.443, Yaw_err_deg: 0.528
Epoch: [19/23], Batch: 2120/2963, Loss: 47.958, Trans_L2_m: 0.585, Yaw_err_deg: 0.695
Epoch: [19/23], Batch: 2130/2963, Loss: 46.024, Trans_L2_m: 0.404, Yaw_err_deg: 0.758
Epoch: [19/23], Batch: 2140/2963, Loss: 42.622, Trans_L2_m: 0.216, Yaw_err_deg: 0.599
Epoch: [19/23], Batch: 2150/2963, Loss: 47.003, Trans_L2_m: 0.402, Yaw_err_deg: 0.780
Epoch: [19/23], Batch: 2160/2963, Loss: 39.878, Trans_L2_m: 0.308, Yaw_err_deg: 0.648
Epoch: [19/23], Batch: 2170/2963, Loss: 43.135, Trans_L2_m: 0.350, Yaw_err_deg: 0.558
Epoch: [19/23], Batch: 2180/2963, Loss: 56.131, Trans_L2_m: 0.489, Yaw_err_deg: 0.760
Epoch: [19/23], Batch: 2190/2963, Loss: 43.758, Trans_L2_m: 0.304, Yaw_err_deg: 0.718
Epoch: [19/23], Batch: 2200/2963, Loss: 46.618, Trans_L2_m: 0.405, Yaw_err_deg: 0.867
Epoch: [19/23], Batch: 2210/2963, Loss: 56.979, Trans_L2_m: 0.516, Yaw_err_deg: 1.095
Epoch: [19/23], Batch: 2220/2963, Loss: 44.488, Trans_L2_m: 0.408, Yaw_err_deg: 0.689
Epoch: [19/23], Batch: 2230/2963, Loss: 54.193, Trans_L2_m: 0.438, Yaw_err_deg: 0.908
Epoch: [19/23], Batch: 2240/2963, Loss: 40.054, Trans_L2_m: 0.388, Yaw_err_deg: 0.546
Epoch: [19/23], Batch: 2250/2963, Loss: 47.679, Trans_L2_m: 0.417, Yaw_err_deg: 1.006
Epoch: [19/23], Batch: 2260/2963, Loss: 57.497, Trans_L2_m: 0.427, Yaw_err_deg: 1.001
Epoch: [19/23], Batch: 2270/2963, Loss: 48.246, Trans_L2_m: 0.337, Yaw_err_deg: 0.825
Epoch: [19/23], Batch: 2280/2963, Loss: 47.977, Trans_L2_m: 0.551, Yaw_err_deg: 0.593
Epoch: [19/23], Batch: 2290/2963, Loss: 45.034, Trans_L2_m: 0.376, Yaw_err_deg: 0.700
Epoch: [19/23], Batch: 2300/2963, Loss: 44.982, Trans_L2_m: 0.357, Yaw_err_deg: 0.648
Epoch: [19/23], Batch: 2310/2963, Loss: 47.167, Trans_L2_m: 0.411, Yaw_err_deg: 0.424
Epoch: [19/23], Batch: 2320/2963, Loss: 47.543, Trans_L2_m: 0.374, Yaw_err_deg: 0.835
Epoch: [19/23], Batch: 2330/2963, Loss: 45.332, Trans_L2_m: 0.319, Yaw_err_deg: 0.514
Epoch: [19/23], Batch: 2340/2963, Loss: 41.247, Trans_L2_m: 0.414, Yaw_err_deg: 0.574
Epoch: [19/23], Batch: 2350/2963, Loss: 48.891, Trans_L2_m: 0.518, Yaw_err_deg: 0.705
Epoch: [19/23], Batch: 2360/2963, Loss: 45.157, Trans_L2_m: 0.436, Yaw_err_deg: 0.628
Epoch: [19/23], Batch: 2370/2963, Loss: 42.454, Trans_L2_m: 0.377, Yaw_err_deg: 0.659
Epoch: [19/23], Batch: 2380/2963, Loss: 49.988, Trans_L2_m: 0.465, Yaw_err_deg: 0.787
Epoch: [19/23], Batch: 2390/2963, Loss: 44.279, Trans_L2_m: 0.386, Yaw_err_deg: 0.491
Epoch: [19/23], Batch: 2400/2963, Loss: 43.354, Trans_L2_m: 0.322, Yaw_err_deg: 0.566
Epoch: [19/23], Batch: 2410/2963, Loss: 48.271, Trans_L2_m: 0.413, Yaw_err_deg: 0.500
Epoch: [19/23], Batch: 2420/2963, Loss: 44.672, Trans_L2_m: 0.424, Yaw_err_deg: 0.758
Epoch: [19/23], Batch: 2430/2963, Loss: 50.798, Trans_L2_m: 0.359, Yaw_err_deg: 0.914
Epoch: [19/23], Batch: 2440/2963, Loss: 47.679, Trans_L2_m: 0.413, Yaw_err_deg: 0.839
Epoch: [19/23], Batch: 2450/2963, Loss: 45.417, Trans_L2_m: 0.401, Yaw_err_deg: 0.786
Epoch: [19/23], Batch: 2460/2963, Loss: 41.149, Trans_L2_m: 0.352, Yaw_err_deg: 0.533
Epoch: [19/23], Batch: 2470/2963, Loss: 47.243, Trans_L2_m: 0.480, Yaw_err_deg: 0.856
Epoch: [19/23], Batch: 2480/2963, Loss: 49.753, Trans_L2_m: 0.445, Yaw_err_deg: 0.649
Epoch: [19/23], Batch: 2490/2963, Loss: 43.208, Trans_L2_m: 0.339, Yaw_err_deg: 0.601
Epoch: [19/23], Batch: 2500/2963, Loss: 41.124, Trans_L2_m: 0.395, Yaw_err_deg: 0.639
Epoch: [19/23], Batch: 2510/2963, Loss: 46.875, Trans_L2_m: 0.364, Yaw_err_deg: 0.879
Epoch: [19/23], Batch: 2520/2963, Loss: 44.757, Trans_L2_m: 0.276, Yaw_err_deg: 0.703
Epoch: [19/23], Batch: 2530/2963, Loss: 51.282, Trans_L2_m: 0.461, Yaw_err_deg: 0.680
Epoch: [19/23], Batch: 2540/2963, Loss: 48.323, Trans_L2_m: 0.296, Yaw_err_deg: 0.935
Epoch: [19/23], Batch: 2550/2963, Loss: 48.879, Trans_L2_m: 0.406, Yaw_err_deg: 0.693
Epoch: [19/23], Batch: 2560/2963, Loss: 41.530, Trans_L2_m: 0.378, Yaw_err_deg: 0.685
Epoch: [19/23], Batch: 2570/2963, Loss: 90.095, Trans_L2_m: 0.333, Yaw_err_deg: 0.538
Epoch: [19/23], Batch: 2580/2963, Loss: 66.597, Trans_L2_m: 0.269, Yaw_err_deg: 1.652
Epoch: [19/23], Batch: 2590/2963, Loss: 46.517, Trans_L2_m: 0.396, Yaw_err_deg: 0.802
Epoch: [19/23], Batch: 2600/2963, Loss: 114.860, Trans_L2_m: 0.356, Yaw_err_deg: 2.867
Epoch: [19/23], Batch: 2610/2963, Loss: 52.761, Trans_L2_m: 0.366, Yaw_err_deg: 1.023
Epoch: [19/23], Batch: 2620/2963, Loss: 43.800, Trans_L2_m: 0.228, Yaw_err_deg: 0.558
Epoch: [19/23], Batch: 2630/2963, Loss: 48.261, Trans_L2_m: 0.390, Yaw_err_deg: 0.805
Epoch: [19/23], Batch: 2640/2963, Loss: 54.517, Trans_L2_m: 0.482, Yaw_err_deg: 0.706
Epoch: [19/23], Batch: 2650/2963, Loss: 46.603, Trans_L2_m: 0.436, Yaw_err_deg: 0.605
Epoch: [19/23], Batch: 2660/2963, Loss: 60.630, Trans_L2_m: 0.524, Yaw_err_deg: 1.125
Epoch: [19/23], Batch: 2670/2963, Loss: 43.692, Trans_L2_m: 0.378, Yaw_err_deg: 0.729
Epoch: [19/23], Batch: 2680/2963, Loss: 49.325, Trans_L2_m: 0.434, Yaw_err_deg: 1.069
Epoch: [19/23], Batch: 2690/2963, Loss: 42.158, Trans_L2_m: 0.272, Yaw_err_deg: 0.650
Epoch: [19/23], Batch: 2700/2963, Loss: 44.315, Trans_L2_m: 0.393, Yaw_err_deg: 0.874
Epoch: [19/23], Batch: 2710/2963, Loss: 42.768, Trans_L2_m: 0.446, Yaw_err_deg: 0.382
Epoch: [19/23], Batch: 2720/2963, Loss: 40.539, Trans_L2_m: 0.391, Yaw_err_deg: 0.680
Epoch: [19/23], Batch: 2730/2963, Loss: 45.959, Trans_L2_m: 0.375, Yaw_err_deg: 0.725
Epoch: [19/23], Batch: 2740/2963, Loss: 46.279, Trans_L2_m: 0.356, Yaw_err_deg: 0.760
Epoch: [19/23], Batch: 2750/2963, Loss: 57.647, Trans_L2_m: 0.504, Yaw_err_deg: 0.810
Epoch: [19/23], Batch: 2760/2963, Loss: 44.639, Trans_L2_m: 0.314, Yaw_err_deg: 0.827
Epoch: [19/23], Batch: 2770/2963, Loss: 50.821, Trans_L2_m: 0.439, Yaw_err_deg: 0.940
Epoch: [19/23], Batch: 2780/2963, Loss: 45.158, Trans_L2_m: 0.369, Yaw_err_deg: 0.720
Epoch: [19/23], Batch: 2790/2963, Loss: 47.370, Trans_L2_m: 0.414, Yaw_err_deg: 0.793
Epoch: [19/23], Batch: 2800/2963, Loss: 42.492, Trans_L2_m: 0.351, Yaw_err_deg: 0.827
Epoch: [19/23], Batch: 2810/2963, Loss: 37.440, Trans_L2_m: 0.312, Yaw_err_deg: 0.477
Epoch: [19/23], Batch: 2820/2963, Loss: 50.658, Trans_L2_m: 0.421, Yaw_err_deg: 0.942
Epoch: [19/23], Batch: 2830/2963, Loss: 57.354, Trans_L2_m: 0.497, Yaw_err_deg: 0.797
Epoch: [19/23], Batch: 2840/2963, Loss: 47.314, Trans_L2_m: 0.360, Yaw_err_deg: 0.778
Epoch: [19/23], Batch: 2850/2963, Loss: 49.529, Trans_L2_m: 0.424, Yaw_err_deg: 0.710
Epoch: [19/23], Batch: 2860/2963, Loss: 44.563, Trans_L2_m: 0.444, Yaw_err_deg: 0.976
Epoch: [19/23], Batch: 2870/2963, Loss: 46.335, Trans_L2_m: 0.282, Yaw_err_deg: 0.694
Epoch: [19/23], Batch: 2880/2963, Loss: 47.691, Trans_L2_m: 0.279, Yaw_err_deg: 1.106
Epoch: [19/23], Batch: 2890/2963, Loss: 40.752, Trans_L2_m: 0.416, Yaw_err_deg: 0.595
Epoch: [19/23], Batch: 2900/2963, Loss: 50.471, Trans_L2_m: 0.402, Yaw_err_deg: 1.121
Epoch: [19/23], Batch: 2910/2963, Loss: 58.268, Trans_L2_m: 0.345, Yaw_err_deg: 1.476
Epoch: [19/23], Batch: 2920/2963, Loss: 54.841, Trans_L2_m: 0.203, Yaw_err_deg: 1.182
Epoch: [19/23], Batch: 2930/2963, Loss: 46.707, Trans_L2_m: 0.354, Yaw_err_deg: 0.780
Epoch: [19/23], Batch: 2940/2963, Loss: 45.681, Trans_L2_m: 0.320, Yaw_err_deg: 0.838
Epoch: [19/23], Batch: 2950/2963, Loss: 49.519, Trans_L2_m: 0.443, Yaw_err_deg: 0.755
Epoch: [19/23], Batch: 2960/2963, Loss: 42.196, Trans_L2_m: 0.315, Yaw_err_deg: 0.504
Validation loss (homography): 920.4278
Avg batch time: 1006.19 ms, total: 326.283 s
[1;91mVal has no improvement vs 805.7615356445312![0m
Epoch: [20/23], Batch: 0/2963, Loss: 48.231, Trans_L2_m: 0.368, Yaw_err_deg: 0.609
Epoch: [20/23], Batch: 10/2963, Loss: 41.206, Trans_L2_m: 0.327, Yaw_err_deg: 0.556
Epoch: [20/23], Batch: 20/2963, Loss: 48.543, Trans_L2_m: 0.423, Yaw_err_deg: 0.791
Epoch: [20/23], Batch: 30/2963, Loss: 45.482, Trans_L2_m: 0.302, Yaw_err_deg: 0.632
Epoch: [20/23], Batch: 40/2963, Loss: 74.938, Trans_L2_m: 0.220, Yaw_err_deg: 2.155
Epoch: [20/23], Batch: 50/2963, Loss: 45.807, Trans_L2_m: 0.420, Yaw_err_deg: 0.661
Epoch: [20/23], Batch: 60/2963, Loss: 45.297, Trans_L2_m: 0.317, Yaw_err_deg: 0.582
Epoch: [20/23], Batch: 70/2963, Loss: 46.344, Trans_L2_m: 0.361, Yaw_err_deg: 0.860
Epoch: [20/23], Batch: 80/2963, Loss: 44.984, Trans_L2_m: 0.377, Yaw_err_deg: 0.587
Epoch: [20/23], Batch: 90/2963, Loss: 54.545, Trans_L2_m: 0.420, Yaw_err_deg: 0.965
Epoch: [20/23], Batch: 100/2963, Loss: 51.178, Trans_L2_m: 0.527, Yaw_err_deg: 0.638
Epoch: [20/23], Batch: 110/2963, Loss: 43.935, Trans_L2_m: 0.394, Yaw_err_deg: 0.715
Epoch: [20/23], Batch: 120/2963, Loss: 41.624, Trans_L2_m: 0.247, Yaw_err_deg: 0.657
Epoch: [20/23], Batch: 130/2963, Loss: 46.806, Trans_L2_m: 0.433, Yaw_err_deg: 0.886
Epoch: [20/23], Batch: 140/2963, Loss: 43.513, Trans_L2_m: 0.370, Yaw_err_deg: 0.553
Epoch: [20/23], Batch: 150/2963, Loss: 46.086, Trans_L2_m: 0.320, Yaw_err_deg: 0.685
Epoch: [20/23], Batch: 160/2963, Loss: 37.422, Trans_L2_m: 0.252, Yaw_err_deg: 0.520
Epoch: [20/23], Batch: 170/2963, Loss: 41.472, Trans_L2_m: 0.412, Yaw_err_deg: 0.599
Epoch: [20/23], Batch: 180/2963, Loss: 46.638, Trans_L2_m: 0.360, Yaw_err_deg: 0.655
Epoch: [20/23], Batch: 190/2963, Loss: 43.893, Trans_L2_m: 0.332, Yaw_err_deg: 0.566
Epoch: [20/23], Batch: 200/2963, Loss: 47.254, Trans_L2_m: 0.253, Yaw_err_deg: 0.808
Epoch: [20/23], Batch: 210/2963, Loss: 44.909, Trans_L2_m: 0.372, Yaw_err_deg: 0.709
Epoch: [20/23], Batch: 220/2963, Loss: 54.584, Trans_L2_m: 0.518, Yaw_err_deg: 0.925
Epoch: [20/23], Batch: 230/2963, Loss: 54.155, Trans_L2_m: 0.296, Yaw_err_deg: 0.925
Epoch: [20/23], Batch: 240/2963, Loss: 42.137, Trans_L2_m: 0.390, Yaw_err_deg: 0.758
Epoch: [20/23], Batch: 250/2963, Loss: 44.401, Trans_L2_m: 0.387, Yaw_err_deg: 0.763
Epoch: [20/23], Batch: 260/2963, Loss: 38.696, Trans_L2_m: 0.293, Yaw_err_deg: 0.557
Epoch: [20/23], Batch: 270/2963, Loss: 41.810, Trans_L2_m: 0.266, Yaw_err_deg: 0.499
Epoch: [20/23], Batch: 280/2963, Loss: 59.956, Trans_L2_m: 0.501, Yaw_err_deg: 1.293
Epoch: [20/23], Batch: 290/2963, Loss: 46.138, Trans_L2_m: 0.440, Yaw_err_deg: 0.594
Epoch: [20/23], Batch: 300/2963, Loss: 47.776, Trans_L2_m: 0.380, Yaw_err_deg: 0.907
Epoch: [20/23], Batch: 310/2963, Loss: 45.190, Trans_L2_m: 0.290, Yaw_err_deg: 0.893
Epoch: [20/23], Batch: 320/2963, Loss: 40.104, Trans_L2_m: 0.295, Yaw_err_deg: 0.883
Epoch: [20/23], Batch: 330/2963, Loss: 44.302, Trans_L2_m: 0.352, Yaw_err_deg: 0.594
Epoch: [20/23], Batch: 340/2963, Loss: 45.420, Trans_L2_m: 0.339, Yaw_err_deg: 0.749
Epoch: [20/23], Batch: 350/2963, Loss: 41.321, Trans_L2_m: 0.283, Yaw_err_deg: 0.629
Epoch: [20/23], Batch: 360/2963, Loss: 44.010, Trans_L2_m: 0.452, Yaw_err_deg: 0.664
Epoch: [20/23], Batch: 370/2963, Loss: 40.128, Trans_L2_m: 0.397, Yaw_err_deg: 0.357
Epoch: [20/23], Batch: 380/2963, Loss: 39.695, Trans_L2_m: 0.367, Yaw_err_deg: 0.631
Epoch: [20/23], Batch: 390/2963, Loss: 44.991, Trans_L2_m: 0.383, Yaw_err_deg: 0.432
Epoch: [20/23], Batch: 400/2963, Loss: 47.311, Trans_L2_m: 0.412, Yaw_err_deg: 0.653
Epoch: [20/23], Batch: 410/2963, Loss: 56.863, Trans_L2_m: 0.437, Yaw_err_deg: 0.958
Epoch: [20/23], Batch: 420/2963, Loss: 45.480, Trans_L2_m: 0.425, Yaw_err_deg: 0.614
Epoch: [20/23], Batch: 430/2963, Loss: 44.888, Trans_L2_m: 0.420, Yaw_err_deg: 0.585
Epoch: [20/23], Batch: 440/2963, Loss: 67.658, Trans_L2_m: 0.390, Yaw_err_deg: 1.670
Epoch: [20/23], Batch: 450/2963, Loss: 55.659, Trans_L2_m: 0.410, Yaw_err_deg: 1.030
Epoch: [20/23], Batch: 460/2963, Loss: 51.552, Trans_L2_m: 0.481, Yaw_err_deg: 0.487
Epoch: [20/23], Batch: 470/2963, Loss: 50.954, Trans_L2_m: 0.369, Yaw_err_deg: 0.921
Epoch: [20/23], Batch: 480/2963, Loss: 50.377, Trans_L2_m: 0.378, Yaw_err_deg: 0.983
Epoch: [20/23], Batch: 490/2963, Loss: 48.909, Trans_L2_m: 0.416, Yaw_err_deg: 0.748
Epoch: [20/23], Batch: 500/2963, Loss: 39.809, Trans_L2_m: 0.307, Yaw_err_deg: 0.687
Epoch: [20/23], Batch: 510/2963, Loss: 45.021, Trans_L2_m: 0.374, Yaw_err_deg: 0.722
Epoch: [20/23], Batch: 520/2963, Loss: 54.874, Trans_L2_m: 0.480, Yaw_err_deg: 0.993
Epoch: [20/23], Batch: 530/2963, Loss: 44.860, Trans_L2_m: 0.377, Yaw_err_deg: 0.627
Epoch: [20/23], Batch: 540/2963, Loss: 43.973, Trans_L2_m: 0.460, Yaw_err_deg: 0.637
Epoch: [20/23], Batch: 550/2963, Loss: 50.541, Trans_L2_m: 0.480, Yaw_err_deg: 0.753
Epoch: [20/23], Batch: 560/2963, Loss: 47.943, Trans_L2_m: 0.370, Yaw_err_deg: 0.693
Epoch: [20/23], Batch: 570/2963, Loss: 43.475, Trans_L2_m: 0.404, Yaw_err_deg: 0.608
Epoch: [20/23], Batch: 580/2963, Loss: 46.744, Trans_L2_m: 0.423, Yaw_err_deg: 1.023
Epoch: [20/23], Batch: 590/2963, Loss: 46.322, Trans_L2_m: 0.506, Yaw_err_deg: 0.355
Epoch: [20/23], Batch: 600/2963, Loss: 38.851, Trans_L2_m: 0.282, Yaw_err_deg: 0.597
Epoch: [20/23], Batch: 610/2963, Loss: 44.733, Trans_L2_m: 0.378, Yaw_err_deg: 0.590
Epoch: [20/23], Batch: 620/2963, Loss: 44.177, Trans_L2_m: 0.421, Yaw_err_deg: 0.481
Epoch: [20/23], Batch: 630/2963, Loss: 66.350, Trans_L2_m: 0.324, Yaw_err_deg: 1.229
Epoch: [20/23], Batch: 640/2963, Loss: 41.010, Trans_L2_m: 0.334, Yaw_err_deg: 0.595
Epoch: [20/23], Batch: 650/2963, Loss: 41.410, Trans_L2_m: 0.329, Yaw_err_deg: 0.553
Epoch: [20/23], Batch: 660/2963, Loss: 42.735, Trans_L2_m: 0.415, Yaw_err_deg: 0.636
Epoch: [20/23], Batch: 670/2963, Loss: 47.180, Trans_L2_m: 0.418, Yaw_err_deg: 0.694
Epoch: [20/23], Batch: 680/2963, Loss: 43.663, Trans_L2_m: 0.351, Yaw_err_deg: 0.627
Epoch: [20/23], Batch: 690/2963, Loss: 47.752, Trans_L2_m: 0.327, Yaw_err_deg: 0.579
Epoch: [20/23], Batch: 700/2963, Loss: 38.046, Trans_L2_m: 0.240, Yaw_err_deg: 0.625
Epoch: [20/23], Batch: 710/2963, Loss: 44.048, Trans_L2_m: 0.419, Yaw_err_deg: 0.835
Epoch: [20/23], Batch: 720/2963, Loss: 40.238, Trans_L2_m: 0.417, Yaw_err_deg: 0.499
Epoch: [20/23], Batch: 730/2963, Loss: 51.555, Trans_L2_m: 0.585, Yaw_err_deg: 0.739
Epoch: [20/23], Batch: 740/2963, Loss: 44.190, Trans_L2_m: 0.438, Yaw_err_deg: 0.638
Epoch: [20/23], Batch: 750/2963, Loss: 41.871, Trans_L2_m: 0.453, Yaw_err_deg: 0.711
Epoch: [20/23], Batch: 760/2963, Loss: 53.165, Trans_L2_m: 0.599, Yaw_err_deg: 0.511
Epoch: [20/23], Batch: 770/2963, Loss: 47.187, Trans_L2_m: 0.285, Yaw_err_deg: 0.909
Epoch: [20/23], Batch: 780/2963, Loss: 47.547, Trans_L2_m: 0.397, Yaw_err_deg: 0.591
Epoch: [20/23], Batch: 790/2963, Loss: 41.696, Trans_L2_m: 0.358, Yaw_err_deg: 0.422
Epoch: [20/23], Batch: 800/2963, Loss: 46.414, Trans_L2_m: 0.293, Yaw_err_deg: 1.093
Epoch: [20/23], Batch: 810/2963, Loss: 45.593, Trans_L2_m: 0.286, Yaw_err_deg: 0.795
Epoch: [20/23], Batch: 820/2963, Loss: 45.658, Trans_L2_m: 0.344, Yaw_err_deg: 0.942
Epoch: [20/23], Batch: 830/2963, Loss: 54.969, Trans_L2_m: 0.524, Yaw_err_deg: 1.064
Epoch: [20/23], Batch: 840/2963, Loss: 45.527, Trans_L2_m: 0.313, Yaw_err_deg: 0.905
Epoch: [20/23], Batch: 850/2963, Loss: 49.902, Trans_L2_m: 0.434, Yaw_err_deg: 0.975
Epoch: [20/23], Batch: 860/2963, Loss: 45.093, Trans_L2_m: 0.384, Yaw_err_deg: 0.821
Epoch: [20/23], Batch: 870/2963, Loss: 40.566, Trans_L2_m: 0.343, Yaw_err_deg: 0.827
Epoch: [20/23], Batch: 880/2963, Loss: 55.824, Trans_L2_m: 0.405, Yaw_err_deg: 1.025
Epoch: [20/23], Batch: 890/2963, Loss: 55.369, Trans_L2_m: 0.274, Yaw_err_deg: 1.074
Epoch: [20/23], Batch: 900/2963, Loss: 45.012, Trans_L2_m: 0.537, Yaw_err_deg: 0.604
Epoch: [20/23], Batch: 910/2963, Loss: 44.084, Trans_L2_m: 0.377, Yaw_err_deg: 0.620
Epoch: [20/23], Batch: 920/2963, Loss: 46.750, Trans_L2_m: 0.411, Yaw_err_deg: 0.606
Epoch: [20/23], Batch: 930/2963, Loss: 49.447, Trans_L2_m: 0.495, Yaw_err_deg: 0.747
Epoch: [20/23], Batch: 940/2963, Loss: 46.734, Trans_L2_m: 0.419, Yaw_err_deg: 0.465
Epoch: [20/23], Batch: 950/2963, Loss: 40.519, Trans_L2_m: 0.374, Yaw_err_deg: 0.533
Epoch: [20/23], Batch: 960/2963, Loss: 45.743, Trans_L2_m: 0.322, Yaw_err_deg: 0.763
Epoch: [20/23], Batch: 970/2963, Loss: 42.156, Trans_L2_m: 0.281, Yaw_err_deg: 0.756
Epoch: [20/23], Batch: 980/2963, Loss: 62.209, Trans_L2_m: 0.469, Yaw_err_deg: 1.003
Epoch: [20/23], Batch: 990/2963, Loss: 48.109, Trans_L2_m: 0.461, Yaw_err_deg: 0.791
Epoch: [20/23], Batch: 1000/2963, Loss: 61.669, Trans_L2_m: 0.651, Yaw_err_deg: 0.904
Epoch: [20/23], Batch: 1010/2963, Loss: 46.320, Trans_L2_m: 0.302, Yaw_err_deg: 0.821
Epoch: [20/23], Batch: 1020/2963, Loss: 45.939, Trans_L2_m: 0.419, Yaw_err_deg: 0.608
Epoch: [20/23], Batch: 1030/2963, Loss: 51.228, Trans_L2_m: 0.491, Yaw_err_deg: 0.719
Epoch: [20/23], Batch: 1040/2963, Loss: 42.991, Trans_L2_m: 0.272, Yaw_err_deg: 0.970
Epoch: [20/23], Batch: 1050/2963, Loss: 47.752, Trans_L2_m: 0.374, Yaw_err_deg: 0.513
Epoch: [20/23], Batch: 1060/2963, Loss: 53.730, Trans_L2_m: 0.422, Yaw_err_deg: 0.881
Epoch: [20/23], Batch: 1070/2963, Loss: 47.123, Trans_L2_m: 0.447, Yaw_err_deg: 0.590
Epoch: [20/23], Batch: 1080/2963, Loss: 42.422, Trans_L2_m: 0.314, Yaw_err_deg: 0.551
Epoch: [20/23], Batch: 1090/2963, Loss: 40.560, Trans_L2_m: 0.398, Yaw_err_deg: 0.366
Epoch: [20/23], Batch: 1100/2963, Loss: 43.381, Trans_L2_m: 0.313, Yaw_err_deg: 0.584
Epoch: [20/23], Batch: 1110/2963, Loss: 46.957, Trans_L2_m: 0.529, Yaw_err_deg: 0.651
Epoch: [20/23], Batch: 1120/2963, Loss: 44.133, Trans_L2_m: 0.439, Yaw_err_deg: 0.687
Epoch: [20/23], Batch: 1130/2963, Loss: 47.362, Trans_L2_m: 0.445, Yaw_err_deg: 0.750
Epoch: [20/23], Batch: 1140/2963, Loss: 47.560, Trans_L2_m: 0.410, Yaw_err_deg: 0.713
Epoch: [20/23], Batch: 1150/2963, Loss: 44.165, Trans_L2_m: 0.276, Yaw_err_deg: 0.609
Epoch: [20/23], Batch: 1160/2963, Loss: 45.496, Trans_L2_m: 0.310, Yaw_err_deg: 0.748
Epoch: [20/23], Batch: 1170/2963, Loss: 52.785, Trans_L2_m: 0.542, Yaw_err_deg: 0.677
Epoch: [20/23], Batch: 1180/2963, Loss: 61.262, Trans_L2_m: 0.377, Yaw_err_deg: 1.240
Epoch: [20/23], Batch: 1190/2963, Loss: 46.283, Trans_L2_m: 0.398, Yaw_err_deg: 0.840
Epoch: [20/23], Batch: 1200/2963, Loss: 42.486, Trans_L2_m: 0.380, Yaw_err_deg: 0.653
Epoch: [20/23], Batch: 1210/2963, Loss: 61.562, Trans_L2_m: 0.497, Yaw_err_deg: 0.928
Epoch: [20/23], Batch: 1220/2963, Loss: 48.533, Trans_L2_m: 0.471, Yaw_err_deg: 0.791
Epoch: [20/23], Batch: 1230/2963, Loss: 47.163, Trans_L2_m: 0.295, Yaw_err_deg: 0.771
Epoch: [20/23], Batch: 1240/2963, Loss: 57.942, Trans_L2_m: 0.341, Yaw_err_deg: 1.149
Epoch: [20/23], Batch: 1250/2963, Loss: 46.076, Trans_L2_m: 0.545, Yaw_err_deg: 0.574
Epoch: [20/23], Batch: 1260/2963, Loss: 48.890, Trans_L2_m: 0.457, Yaw_err_deg: 0.758
Epoch: [20/23], Batch: 1270/2963, Loss: 41.877, Trans_L2_m: 0.273, Yaw_err_deg: 0.589
Epoch: [20/23], Batch: 1280/2963, Loss: 47.560, Trans_L2_m: 0.321, Yaw_err_deg: 0.892
Epoch: [20/23], Batch: 1290/2963, Loss: 42.962, Trans_L2_m: 0.380, Yaw_err_deg: 0.664
Epoch: [20/23], Batch: 1300/2963, Loss: 43.212, Trans_L2_m: 0.439, Yaw_err_deg: 0.664
Epoch: [20/23], Batch: 1310/2963, Loss: 41.067, Trans_L2_m: 0.395, Yaw_err_deg: 0.570
Epoch: [20/23], Batch: 1320/2963, Loss: 46.590, Trans_L2_m: 0.413, Yaw_err_deg: 0.799
Epoch: [20/23], Batch: 1330/2963, Loss: 45.192, Trans_L2_m: 0.376, Yaw_err_deg: 0.861
Epoch: [20/23], Batch: 1340/2963, Loss: 54.371, Trans_L2_m: 0.469, Yaw_err_deg: 1.012
Epoch: [20/23], Batch: 1350/2963, Loss: 51.006, Trans_L2_m: 0.362, Yaw_err_deg: 0.752
Epoch: [20/23], Batch: 1360/2963, Loss: 61.367, Trans_L2_m: 0.538, Yaw_err_deg: 1.130
Epoch: [20/23], Batch: 1370/2963, Loss: 44.812, Trans_L2_m: 0.348, Yaw_err_deg: 0.477
Epoch: [20/23], Batch: 1380/2963, Loss: 39.222, Trans_L2_m: 0.365, Yaw_err_deg: 0.615
Epoch: [20/23], Batch: 1390/2963, Loss: 37.021, Trans_L2_m: 0.252, Yaw_err_deg: 0.669
Epoch: [20/23], Batch: 1400/2963, Loss: 48.488, Trans_L2_m: 0.422, Yaw_err_deg: 0.706
Epoch: [20/23], Batch: 1410/2963, Loss: 48.862, Trans_L2_m: 0.464, Yaw_err_deg: 0.633
Epoch: [20/23], Batch: 1420/2963, Loss: 42.232, Trans_L2_m: 0.360, Yaw_err_deg: 0.576
Epoch: [20/23], Batch: 1430/2963, Loss: 50.052, Trans_L2_m: 0.303, Yaw_err_deg: 0.596
Epoch: [20/23], Batch: 1440/2963, Loss: 41.822, Trans_L2_m: 0.452, Yaw_err_deg: 0.497
Epoch: [20/23], Batch: 1450/2963, Loss: 44.098, Trans_L2_m: 0.305, Yaw_err_deg: 0.743
Epoch: [20/23], Batch: 1460/2963, Loss: 53.801, Trans_L2_m: 0.321, Yaw_err_deg: 1.069
Epoch: [20/23], Batch: 1470/2963, Loss: 47.112, Trans_L2_m: 0.303, Yaw_err_deg: 0.777
Epoch: [20/23], Batch: 1480/2963, Loss: 41.889, Trans_L2_m: 0.385, Yaw_err_deg: 0.427
Epoch: [20/23], Batch: 1490/2963, Loss: 45.546, Trans_L2_m: 0.367, Yaw_err_deg: 0.937
Epoch: [20/23], Batch: 1500/2963, Loss: 41.931, Trans_L2_m: 0.357, Yaw_err_deg: 0.525
Epoch: [20/23], Batch: 1510/2963, Loss: 44.525, Trans_L2_m: 0.390, Yaw_err_deg: 0.686
Epoch: [20/23], Batch: 1520/2963, Loss: 52.809, Trans_L2_m: 0.445, Yaw_err_deg: 0.545
Epoch: [20/23], Batch: 1530/2963, Loss: 49.990, Trans_L2_m: 0.424, Yaw_err_deg: 0.707
Epoch: [20/23], Batch: 1540/2963, Loss: 47.191, Trans_L2_m: 0.443, Yaw_err_deg: 0.541
Epoch: [20/23], Batch: 1550/2963, Loss: 43.353, Trans_L2_m: 0.340, Yaw_err_deg: 0.624
Epoch: [20/23], Batch: 1560/2963, Loss: 51.700, Trans_L2_m: 0.495, Yaw_err_deg: 0.855
Epoch: [20/23], Batch: 1570/2963, Loss: 44.536, Trans_L2_m: 0.295, Yaw_err_deg: 0.448
Epoch: [20/23], Batch: 1580/2963, Loss: 41.965, Trans_L2_m: 0.359, Yaw_err_deg: 0.502
Epoch: [20/23], Batch: 1590/2963, Loss: 52.512, Trans_L2_m: 0.332, Yaw_err_deg: 1.009
Epoch: [20/23], Batch: 1600/2963, Loss: 53.540, Trans_L2_m: 0.514, Yaw_err_deg: 0.989
Epoch: [20/23], Batch: 1610/2963, Loss: 50.336, Trans_L2_m: 0.445, Yaw_err_deg: 0.712
Epoch: [20/23], Batch: 1620/2963, Loss: 47.720, Trans_L2_m: 0.484, Yaw_err_deg: 0.860
Epoch: [20/23], Batch: 1630/2963, Loss: 48.298, Trans_L2_m: 0.334, Yaw_err_deg: 0.794
Epoch: [20/23], Batch: 1640/2963, Loss: 43.190, Trans_L2_m: 0.262, Yaw_err_deg: 0.505
Epoch: [20/23], Batch: 1650/2963, Loss: 43.261, Trans_L2_m: 0.274, Yaw_err_deg: 0.614
Epoch: [20/23], Batch: 1660/2963, Loss: 41.913, Trans_L2_m: 0.311, Yaw_err_deg: 0.506
Epoch: [20/23], Batch: 1670/2963, Loss: 58.748, Trans_L2_m: 0.464, Yaw_err_deg: 0.912
Epoch: [20/23], Batch: 1680/2963, Loss: 41.346, Trans_L2_m: 0.340, Yaw_err_deg: 0.587
Epoch: [20/23], Batch: 1690/2963, Loss: 46.770, Trans_L2_m: 0.297, Yaw_err_deg: 0.934
Epoch: [20/23], Batch: 1700/2963, Loss: 42.856, Trans_L2_m: 0.311, Yaw_err_deg: 0.511
Epoch: [20/23], Batch: 1710/2963, Loss: 49.926, Trans_L2_m: 0.516, Yaw_err_deg: 0.715
Epoch: [20/23], Batch: 1720/2963, Loss: 45.060, Trans_L2_m: 0.440, Yaw_err_deg: 0.687
Epoch: [20/23], Batch: 1730/2963, Loss: 47.224, Trans_L2_m: 0.321, Yaw_err_deg: 0.749
Epoch: [20/23], Batch: 1740/2963, Loss: 41.745, Trans_L2_m: 0.250, Yaw_err_deg: 0.673
Epoch: [20/23], Batch: 1750/2963, Loss: 40.916, Trans_L2_m: 0.281, Yaw_err_deg: 0.790
Epoch: [20/23], Batch: 1760/2963, Loss: 49.995, Trans_L2_m: 0.326, Yaw_err_deg: 0.701
Epoch: [20/23], Batch: 1770/2963, Loss: 42.397, Trans_L2_m: 0.259, Yaw_err_deg: 0.788
Epoch: [20/23], Batch: 1780/2963, Loss: 49.366, Trans_L2_m: 0.513, Yaw_err_deg: 0.648
Epoch: [20/23], Batch: 1790/2963, Loss: 43.896, Trans_L2_m: 0.385, Yaw_err_deg: 0.728
Epoch: [20/23], Batch: 1800/2963, Loss: 58.772, Trans_L2_m: 0.340, Yaw_err_deg: 1.325
Epoch: [20/23], Batch: 1810/2963, Loss: 41.095, Trans_L2_m: 0.240, Yaw_err_deg: 0.600
Epoch: [20/23], Batch: 1820/2963, Loss: 47.491, Trans_L2_m: 0.398, Yaw_err_deg: 0.805
Epoch: [20/23], Batch: 1830/2963, Loss: 45.428, Trans_L2_m: 0.323, Yaw_err_deg: 0.702
Epoch: [20/23], Batch: 1840/2963, Loss: 46.127, Trans_L2_m: 0.369, Yaw_err_deg: 0.709
Epoch: [20/23], Batch: 1850/2963, Loss: 50.083, Trans_L2_m: 0.405, Yaw_err_deg: 0.691
Epoch: [20/23], Batch: 1860/2963, Loss: 46.697, Trans_L2_m: 0.531, Yaw_err_deg: 0.507
Epoch: [20/23], Batch: 1870/2963, Loss: 41.741, Trans_L2_m: 0.351, Yaw_err_deg: 0.697
Epoch: [20/23], Batch: 1880/2963, Loss: 39.588, Trans_L2_m: 0.275, Yaw_err_deg: 0.685
Epoch: [20/23], Batch: 1890/2963, Loss: 45.598, Trans_L2_m: 0.471, Yaw_err_deg: 0.787
Epoch: [20/23], Batch: 1900/2963, Loss: 44.747, Trans_L2_m: 0.287, Yaw_err_deg: 0.808
Epoch: [20/23], Batch: 1910/2963, Loss: 44.532, Trans_L2_m: 0.296, Yaw_err_deg: 0.872
Epoch: [20/23], Batch: 1920/2963, Loss: 45.286, Trans_L2_m: 0.279, Yaw_err_deg: 1.000
Epoch: [20/23], Batch: 1930/2963, Loss: 50.503, Trans_L2_m: 0.411, Yaw_err_deg: 0.537
Epoch: [20/23], Batch: 1940/2963, Loss: 47.616, Trans_L2_m: 0.352, Yaw_err_deg: 0.638
Epoch: [20/23], Batch: 1950/2963, Loss: 43.428, Trans_L2_m: 0.293, Yaw_err_deg: 0.689
Epoch: [20/23], Batch: 1960/2963, Loss: 37.978, Trans_L2_m: 0.216, Yaw_err_deg: 0.607
Epoch: [20/23], Batch: 1970/2963, Loss: 47.113, Trans_L2_m: 0.296, Yaw_err_deg: 0.893
Epoch: [20/23], Batch: 1980/2963, Loss: 48.745, Trans_L2_m: 0.389, Yaw_err_deg: 0.528
Epoch: [20/23], Batch: 1990/2963, Loss: 42.283, Trans_L2_m: 0.386, Yaw_err_deg: 0.652
Epoch: [20/23], Batch: 2000/2963, Loss: 49.564, Trans_L2_m: 0.390, Yaw_err_deg: 0.806
Epoch: [20/23], Batch: 2010/2963, Loss: 40.381, Trans_L2_m: 0.227, Yaw_err_deg: 0.612
Epoch: [20/23], Batch: 2020/2963, Loss: 41.366, Trans_L2_m: 0.371, Yaw_err_deg: 0.433
Epoch: [20/23], Batch: 2030/2963, Loss: 47.333, Trans_L2_m: 0.356, Yaw_err_deg: 0.832
Epoch: [20/23], Batch: 2040/2963, Loss: 50.096, Trans_L2_m: 0.488, Yaw_err_deg: 0.705
Epoch: [20/23], Batch: 2050/2963, Loss: 43.397, Trans_L2_m: 0.385, Yaw_err_deg: 0.421
Epoch: [20/23], Batch: 2060/2963, Loss: 315.812, Trans_L2_m: 0.297, Yaw_err_deg: 2.535
Epoch: [20/23], Batch: 2070/2963, Loss: 49.900, Trans_L2_m: 0.456, Yaw_err_deg: 0.836
Epoch: [20/23], Batch: 2080/2963, Loss: 44.090, Trans_L2_m: 0.472, Yaw_err_deg: 0.463
Epoch: [20/23], Batch: 2090/2963, Loss: 45.177, Trans_L2_m: 0.395, Yaw_err_deg: 0.581
Epoch: [20/23], Batch: 2100/2963, Loss: 47.017, Trans_L2_m: 0.479, Yaw_err_deg: 0.759
Epoch: [20/23], Batch: 2110/2963, Loss: 46.264, Trans_L2_m: 0.465, Yaw_err_deg: 0.645
Epoch: [20/23], Batch: 2120/2963, Loss: 38.309, Trans_L2_m: 0.338, Yaw_err_deg: 0.498
Epoch: [20/23], Batch: 2130/2963, Loss: 49.296, Trans_L2_m: 0.390, Yaw_err_deg: 0.819
Epoch: [20/23], Batch: 2140/2963, Loss: 45.076, Trans_L2_m: 0.304, Yaw_err_deg: 0.901
Epoch: [20/23], Batch: 2150/2963, Loss: 52.007, Trans_L2_m: 0.464, Yaw_err_deg: 0.489
Epoch: [20/23], Batch: 2160/2963, Loss: 51.525, Trans_L2_m: 0.353, Yaw_err_deg: 0.731
Epoch: [20/23], Batch: 2170/2963, Loss: 48.567, Trans_L2_m: 0.381, Yaw_err_deg: 1.124
Epoch: [20/23], Batch: 2180/2963, Loss: 44.193, Trans_L2_m: 0.281, Yaw_err_deg: 0.686
Epoch: [20/23], Batch: 2190/2963, Loss: 49.359, Trans_L2_m: 0.544, Yaw_err_deg: 0.677
Epoch: [20/23], Batch: 2200/2963, Loss: 45.669, Trans_L2_m: 0.529, Yaw_err_deg: 0.491
Epoch: [20/23], Batch: 2210/2963, Loss: 41.498, Trans_L2_m: 0.318, Yaw_err_deg: 0.610
Epoch: [20/23], Batch: 2220/2963, Loss: 49.497, Trans_L2_m: 0.398, Yaw_err_deg: 0.659
Epoch: [20/23], Batch: 2230/2963, Loss: 52.446, Trans_L2_m: 0.408, Yaw_err_deg: 1.200
Epoch: [20/23], Batch: 2240/2963, Loss: 43.802, Trans_L2_m: 0.370, Yaw_err_deg: 0.548
Epoch: [20/23], Batch: 2250/2963, Loss: 45.490, Trans_L2_m: 0.452, Yaw_err_deg: 0.619
Epoch: [20/23], Batch: 2260/2963, Loss: 52.387, Trans_L2_m: 0.366, Yaw_err_deg: 0.874
Epoch: [20/23], Batch: 2270/2963, Loss: 43.503, Trans_L2_m: 0.440, Yaw_err_deg: 0.460
Epoch: [20/23], Batch: 2280/2963, Loss: 222.374, Trans_L2_m: 0.507, Yaw_err_deg: 2.027
Epoch: [20/23], Batch: 2290/2963, Loss: 49.409, Trans_L2_m: 0.483, Yaw_err_deg: 0.499
Epoch: [20/23], Batch: 2300/2963, Loss: 46.094, Trans_L2_m: 0.241, Yaw_err_deg: 0.766
Epoch: [20/23], Batch: 2310/2963, Loss: 51.211, Trans_L2_m: 0.437, Yaw_err_deg: 0.805
Epoch: [20/23], Batch: 2320/2963, Loss: 48.568, Trans_L2_m: 0.529, Yaw_err_deg: 0.628
Epoch: [20/23], Batch: 2330/2963, Loss: 48.019, Trans_L2_m: 0.404, Yaw_err_deg: 0.718
Epoch: [20/23], Batch: 2340/2963, Loss: 54.059, Trans_L2_m: 0.349, Yaw_err_deg: 1.049
Epoch: [20/23], Batch: 2350/2963, Loss: 46.196, Trans_L2_m: 0.401, Yaw_err_deg: 0.738
Epoch: [20/23], Batch: 2360/2963, Loss: 40.671, Trans_L2_m: 0.412, Yaw_err_deg: 0.450
Epoch: [20/23], Batch: 2370/2963, Loss: 40.011, Trans_L2_m: 0.279, Yaw_err_deg: 0.697
Epoch: [20/23], Batch: 2380/2963, Loss: 42.431, Trans_L2_m: 0.330, Yaw_err_deg: 0.634
Epoch: [20/23], Batch: 2390/2963, Loss: 45.817, Trans_L2_m: 0.362, Yaw_err_deg: 0.698
Epoch: [20/23], Batch: 2400/2963, Loss: 40.700, Trans_L2_m: 0.334, Yaw_err_deg: 0.659
Epoch: [20/23], Batch: 2410/2963, Loss: 50.007, Trans_L2_m: 0.320, Yaw_err_deg: 0.661
Epoch: [20/23], Batch: 2420/2963, Loss: 47.426, Trans_L2_m: 0.323, Yaw_err_deg: 0.371
Epoch: [20/23], Batch: 2430/2963, Loss: 64.803, Trans_L2_m: 0.428, Yaw_err_deg: 1.069
Epoch: [20/23], Batch: 2440/2963, Loss: 42.034, Trans_L2_m: 0.368, Yaw_err_deg: 0.485
Epoch: [20/23], Batch: 2450/2963, Loss: 39.182, Trans_L2_m: 0.322, Yaw_err_deg: 0.491
Epoch: [20/23], Batch: 2460/2963, Loss: 54.193, Trans_L2_m: 0.388, Yaw_err_deg: 1.191
Epoch: [20/23], Batch: 2470/2963, Loss: 49.014, Trans_L2_m: 0.522, Yaw_err_deg: 0.856
Epoch: [20/23], Batch: 2480/2963, Loss: 46.254, Trans_L2_m: 0.431, Yaw_err_deg: 0.522
Epoch: [20/23], Batch: 2490/2963, Loss: 50.181, Trans_L2_m: 0.499, Yaw_err_deg: 0.858
Epoch: [20/23], Batch: 2500/2963, Loss: 41.323, Trans_L2_m: 0.323, Yaw_err_deg: 0.556
Epoch: [20/23], Batch: 2510/2963, Loss: 45.442, Trans_L2_m: 0.426, Yaw_err_deg: 0.804
Epoch: [20/23], Batch: 2520/2963, Loss: 41.124, Trans_L2_m: 0.410, Yaw_err_deg: 0.585
Epoch: [20/23], Batch: 2530/2963, Loss: 42.902, Trans_L2_m: 0.281, Yaw_err_deg: 0.746
Epoch: [20/23], Batch: 2540/2963, Loss: 41.131, Trans_L2_m: 0.359, Yaw_err_deg: 0.696
Epoch: [20/23], Batch: 2550/2963, Loss: 47.512, Trans_L2_m: 0.448, Yaw_err_deg: 0.528
Epoch: [20/23], Batch: 2560/2963, Loss: 41.537, Trans_L2_m: 0.305, Yaw_err_deg: 0.496
Epoch: [20/23], Batch: 2570/2963, Loss: 44.793, Trans_L2_m: 0.337, Yaw_err_deg: 0.641
Epoch: [20/23], Batch: 2580/2963, Loss: 49.076, Trans_L2_m: 0.395, Yaw_err_deg: 0.750
Epoch: [20/23], Batch: 2590/2963, Loss: 42.159, Trans_L2_m: 0.428, Yaw_err_deg: 0.687
Epoch: [20/23], Batch: 2600/2963, Loss: 45.847, Trans_L2_m: 0.262, Yaw_err_deg: 0.579
Epoch: [20/23], Batch: 2610/2963, Loss: 46.326, Trans_L2_m: 0.345, Yaw_err_deg: 0.472
Epoch: [20/23], Batch: 2620/2963, Loss: 43.079, Trans_L2_m: 0.368, Yaw_err_deg: 0.658
Epoch: [20/23], Batch: 2630/2963, Loss: 46.266, Trans_L2_m: 0.460, Yaw_err_deg: 0.384
Epoch: [20/23], Batch: 2640/2963, Loss: 49.665, Trans_L2_m: 0.365, Yaw_err_deg: 0.691
Epoch: [20/23], Batch: 2650/2963, Loss: 41.943, Trans_L2_m: 0.217, Yaw_err_deg: 0.684
Epoch: [20/23], Batch: 2660/2963, Loss: 37.414, Trans_L2_m: 0.412, Yaw_err_deg: 0.494
Epoch: [20/23], Batch: 2670/2963, Loss: 43.258, Trans_L2_m: 0.419, Yaw_err_deg: 0.614
Epoch: [20/23], Batch: 2680/2963, Loss: 46.303, Trans_L2_m: 0.442, Yaw_err_deg: 0.651
Epoch: [20/23], Batch: 2690/2963, Loss: 41.015, Trans_L2_m: 0.331, Yaw_err_deg: 0.594
Epoch: [20/23], Batch: 2700/2963, Loss: 46.360, Trans_L2_m: 0.445, Yaw_err_deg: 0.635
Epoch: [20/23], Batch: 2710/2963, Loss: 39.704, Trans_L2_m: 0.314, Yaw_err_deg: 0.408
Epoch: [20/23], Batch: 2720/2963, Loss: 46.752, Trans_L2_m: 0.418, Yaw_err_deg: 0.646
Epoch: [20/23], Batch: 2730/2963, Loss: 48.962, Trans_L2_m: 0.269, Yaw_err_deg: 1.159
Epoch: [20/23], Batch: 2740/2963, Loss: 46.963, Trans_L2_m: 0.495, Yaw_err_deg: 0.829
Epoch: [20/23], Batch: 2750/2963, Loss: 43.844, Trans_L2_m: 0.329, Yaw_err_deg: 0.637
Epoch: [20/23], Batch: 2760/2963, Loss: 39.830, Trans_L2_m: 0.287, Yaw_err_deg: 0.608
Epoch: [20/23], Batch: 2770/2963, Loss: 43.284, Trans_L2_m: 0.307, Yaw_err_deg: 0.847
Epoch: [20/23], Batch: 2780/2963, Loss: 47.374, Trans_L2_m: 0.435, Yaw_err_deg: 0.669
Epoch: [20/23], Batch: 2790/2963, Loss: 50.011, Trans_L2_m: 0.361, Yaw_err_deg: 0.964
Epoch: [20/23], Batch: 2800/2963, Loss: 43.796, Trans_L2_m: 0.322, Yaw_err_deg: 0.635
Epoch: [20/23], Batch: 2810/2963, Loss: 43.962, Trans_L2_m: 0.328, Yaw_err_deg: 0.811
Epoch: [20/23], Batch: 2820/2963, Loss: 39.416, Trans_L2_m: 0.289, Yaw_err_deg: 0.561
Epoch: [20/23], Batch: 2830/2963, Loss: 48.637, Trans_L2_m: 0.459, Yaw_err_deg: 0.823
Epoch: [20/23], Batch: 2840/2963, Loss: 47.327, Trans_L2_m: 0.356, Yaw_err_deg: 0.878
Epoch: [20/23], Batch: 2850/2963, Loss: 42.310, Trans_L2_m: 0.337, Yaw_err_deg: 0.828
Epoch: [20/23], Batch: 2860/2963, Loss: 53.157, Trans_L2_m: 0.323, Yaw_err_deg: 1.069
Epoch: [20/23], Batch: 2870/2963, Loss: 49.013, Trans_L2_m: 0.488, Yaw_err_deg: 0.496
Epoch: [20/23], Batch: 2880/2963, Loss: 49.675, Trans_L2_m: 0.442, Yaw_err_deg: 0.767
Epoch: [20/23], Batch: 2890/2963, Loss: 40.804, Trans_L2_m: 0.402, Yaw_err_deg: 0.452
Epoch: [20/23], Batch: 2900/2963, Loss: 49.608, Trans_L2_m: 0.330, Yaw_err_deg: 0.633
Epoch: [20/23], Batch: 2910/2963, Loss: 45.443, Trans_L2_m: 0.412, Yaw_err_deg: 0.642
Epoch: [20/23], Batch: 2920/2963, Loss: 45.606, Trans_L2_m: 0.367, Yaw_err_deg: 0.692
Epoch: [20/23], Batch: 2930/2963, Loss: 42.048, Trans_L2_m: 0.256, Yaw_err_deg: 0.723
Epoch: [20/23], Batch: 2940/2963, Loss: 50.657, Trans_L2_m: 0.302, Yaw_err_deg: 1.074
Epoch: [20/23], Batch: 2950/2963, Loss: 43.004, Trans_L2_m: 0.374, Yaw_err_deg: 0.651
Epoch: [20/23], Batch: 2960/2963, Loss: 47.763, Trans_L2_m: 0.342, Yaw_err_deg: 0.694
Epoch: [21/23], Batch: 0/2963, Loss: 47.460, Trans_L2_m: 0.299, Yaw_err_deg: 0.669
Epoch: [21/23], Batch: 10/2963, Loss: 53.473, Trans_L2_m: 0.293, Yaw_err_deg: 0.990
Epoch: [21/23], Batch: 20/2963, Loss: 48.013, Trans_L2_m: 0.385, Yaw_err_deg: 0.501
Epoch: [21/23], Batch: 30/2963, Loss: 42.259, Trans_L2_m: 0.409, Yaw_err_deg: 0.570
Epoch: [21/23], Batch: 40/2963, Loss: 45.796, Trans_L2_m: 0.297, Yaw_err_deg: 0.650
Epoch: [21/23], Batch: 50/2963, Loss: 45.627, Trans_L2_m: 0.293, Yaw_err_deg: 1.008
Epoch: [21/23], Batch: 60/2963, Loss: 46.373, Trans_L2_m: 0.362, Yaw_err_deg: 0.728
Epoch: [21/23], Batch: 70/2963, Loss: 45.220, Trans_L2_m: 0.386, Yaw_err_deg: 0.774
Epoch: [21/23], Batch: 80/2963, Loss: 46.638, Trans_L2_m: 0.405, Yaw_err_deg: 0.514
Epoch: [21/23], Batch: 90/2963, Loss: 46.632, Trans_L2_m: 0.494, Yaw_err_deg: 0.474
Epoch: [21/23], Batch: 100/2963, Loss: 43.036, Trans_L2_m: 0.376, Yaw_err_deg: 0.502
Epoch: [21/23], Batch: 110/2963, Loss: 44.747, Trans_L2_m: 0.466, Yaw_err_deg: 0.692
Epoch: [21/23], Batch: 120/2963, Loss: 40.726, Trans_L2_m: 0.307, Yaw_err_deg: 0.635
Epoch: [21/23], Batch: 130/2963, Loss: 53.616, Trans_L2_m: 0.343, Yaw_err_deg: 1.066
Epoch: [21/23], Batch: 140/2963, Loss: 42.150, Trans_L2_m: 0.310, Yaw_err_deg: 0.776
Epoch: [21/23], Batch: 150/2963, Loss: 42.409, Trans_L2_m: 0.410, Yaw_err_deg: 0.813
Epoch: [21/23], Batch: 160/2963, Loss: 48.666, Trans_L2_m: 0.377, Yaw_err_deg: 0.695
Epoch: [21/23], Batch: 170/2963, Loss: 63.264, Trans_L2_m: 0.498, Yaw_err_deg: 0.893
Epoch: [21/23], Batch: 180/2963, Loss: 42.572, Trans_L2_m: 0.523, Yaw_err_deg: 0.410
Epoch: [21/23], Batch: 190/2963, Loss: 45.010, Trans_L2_m: 0.303, Yaw_err_deg: 0.619
Epoch: [21/23], Batch: 200/2963, Loss: 41.767, Trans_L2_m: 0.366, Yaw_err_deg: 0.398
Epoch: [21/23], Batch: 210/2963, Loss: 37.639, Trans_L2_m: 0.290, Yaw_err_deg: 0.609
Epoch: [21/23], Batch: 220/2963, Loss: 41.028, Trans_L2_m: 0.304, Yaw_err_deg: 0.344
Epoch: [21/23], Batch: 230/2963, Loss: 41.180, Trans_L2_m: 0.261, Yaw_err_deg: 0.635
Epoch: [21/23], Batch: 240/2963, Loss: 46.246, Trans_L2_m: 0.400, Yaw_err_deg: 0.676
Epoch: [21/23], Batch: 250/2963, Loss: 41.114, Trans_L2_m: 0.245, Yaw_err_deg: 0.777
Epoch: [21/23], Batch: 260/2963, Loss: 55.534, Trans_L2_m: 0.253, Yaw_err_deg: 1.055
Epoch: [21/23], Batch: 270/2963, Loss: 41.804, Trans_L2_m: 0.401, Yaw_err_deg: 0.637
Epoch: [21/23], Batch: 280/2963, Loss: 52.767, Trans_L2_m: 0.448, Yaw_err_deg: 0.496
Epoch: [21/23], Batch: 290/2963, Loss: 44.147, Trans_L2_m: 0.405, Yaw_err_deg: 0.551
Epoch: [21/23], Batch: 300/2963, Loss: 41.991, Trans_L2_m: 0.417, Yaw_err_deg: 0.545
Epoch: [21/23], Batch: 310/2963, Loss: 46.443, Trans_L2_m: 0.405, Yaw_err_deg: 0.644
Epoch: [21/23], Batch: 320/2963, Loss: 52.198, Trans_L2_m: 0.389, Yaw_err_deg: 0.861
Epoch: [21/23], Batch: 330/2963, Loss: 41.543, Trans_L2_m: 0.320, Yaw_err_deg: 0.581
Epoch: [21/23], Batch: 340/2963, Loss: 44.220, Trans_L2_m: 0.461, Yaw_err_deg: 0.368
Epoch: [21/23], Batch: 350/2963, Loss: 44.276, Trans_L2_m: 0.370, Yaw_err_deg: 0.527
Epoch: [21/23], Batch: 360/2963, Loss: 48.710, Trans_L2_m: 0.380, Yaw_err_deg: 0.588
Epoch: [21/23], Batch: 370/2963, Loss: 52.758, Trans_L2_m: 0.401, Yaw_err_deg: 1.042
Epoch: [21/23], Batch: 380/2963, Loss: 40.966, Trans_L2_m: 0.306, Yaw_err_deg: 0.653
Epoch: [21/23], Batch: 390/2963, Loss: 40.779, Trans_L2_m: 0.342, Yaw_err_deg: 0.743
Epoch: [21/23], Batch: 400/2963, Loss: 53.589, Trans_L2_m: 0.442, Yaw_err_deg: 0.928
Epoch: [21/23], Batch: 410/2963, Loss: 50.244, Trans_L2_m: 0.405, Yaw_err_deg: 0.802
Epoch: [21/23], Batch: 420/2963, Loss: 57.322, Trans_L2_m: 0.422, Yaw_err_deg: 0.714
Epoch: [21/23], Batch: 430/2963, Loss: 46.623, Trans_L2_m: 0.438, Yaw_err_deg: 0.752
Epoch: [21/23], Batch: 440/2963, Loss: 44.648, Trans_L2_m: 0.352, Yaw_err_deg: 0.631
Epoch: [21/23], Batch: 450/2963, Loss: 44.616, Trans_L2_m: 0.407, Yaw_err_deg: 0.767
Epoch: [21/23], Batch: 460/2963, Loss: 51.354, Trans_L2_m: 0.442, Yaw_err_deg: 0.765
Epoch: [21/23], Batch: 470/2963, Loss: 45.260, Trans_L2_m: 0.335, Yaw_err_deg: 0.536
Epoch: [21/23], Batch: 480/2963, Loss: 49.566, Trans_L2_m: 0.321, Yaw_err_deg: 1.227
Epoch: [21/23], Batch: 490/2963, Loss: 41.947, Trans_L2_m: 0.410, Yaw_err_deg: 0.598
Epoch: [21/23], Batch: 500/2963, Loss: 62.974, Trans_L2_m: 0.452, Yaw_err_deg: 1.125
Epoch: [21/23], Batch: 510/2963, Loss: 47.881, Trans_L2_m: 0.475, Yaw_err_deg: 0.497
Epoch: [21/23], Batch: 520/2963, Loss: 50.060, Trans_L2_m: 0.406, Yaw_err_deg: 0.781
Epoch: [21/23], Batch: 530/2963, Loss: 43.923, Trans_L2_m: 0.379, Yaw_err_deg: 0.312
Epoch: [21/23], Batch: 540/2963, Loss: 46.281, Trans_L2_m: 0.465, Yaw_err_deg: 0.824
Epoch: [21/23], Batch: 550/2963, Loss: 40.614, Trans_L2_m: 0.320, Yaw_err_deg: 0.563
Epoch: [21/23], Batch: 560/2963, Loss: 49.540, Trans_L2_m: 0.405, Yaw_err_deg: 0.983
Epoch: [21/23], Batch: 570/2963, Loss: 49.646, Trans_L2_m: 0.370, Yaw_err_deg: 0.858
Epoch: [21/23], Batch: 580/2963, Loss: 52.290, Trans_L2_m: 0.279, Yaw_err_deg: 1.011
Epoch: [21/23], Batch: 590/2963, Loss: 43.876, Trans_L2_m: 0.345, Yaw_err_deg: 0.462
Epoch: [21/23], Batch: 600/2963, Loss: 43.494, Trans_L2_m: 0.361, Yaw_err_deg: 0.528
Epoch: [21/23], Batch: 610/2963, Loss: 47.357, Trans_L2_m: 0.372, Yaw_err_deg: 0.835
Epoch: [21/23], Batch: 620/2963, Loss: 54.695, Trans_L2_m: 0.531, Yaw_err_deg: 0.867
Epoch: [21/23], Batch: 630/2963, Loss: 41.989, Trans_L2_m: 0.345, Yaw_err_deg: 1.003
Epoch: [21/23], Batch: 640/2963, Loss: 46.512, Trans_L2_m: 0.497, Yaw_err_deg: 0.568
Epoch: [21/23], Batch: 650/2963, Loss: 49.343, Trans_L2_m: 0.424, Yaw_err_deg: 0.667
Epoch: [21/23], Batch: 660/2963, Loss: 44.340, Trans_L2_m: 0.363, Yaw_err_deg: 0.633
Epoch: [21/23], Batch: 670/2963, Loss: 46.468, Trans_L2_m: 0.510, Yaw_err_deg: 0.638
Epoch: [21/23], Batch: 680/2963, Loss: 45.487, Trans_L2_m: 0.358, Yaw_err_deg: 0.797
Epoch: [21/23], Batch: 690/2963, Loss: 40.476, Trans_L2_m: 0.313, Yaw_err_deg: 0.626
Epoch: [21/23], Batch: 700/2963, Loss: 52.526, Trans_L2_m: 0.402, Yaw_err_deg: 0.709
Epoch: [21/23], Batch: 710/2963, Loss: 40.539, Trans_L2_m: 0.399, Yaw_err_deg: 0.536
Epoch: [21/23], Batch: 720/2963, Loss: 41.401, Trans_L2_m: 0.338, Yaw_err_deg: 0.589
Epoch: [21/23], Batch: 730/2963, Loss: 49.408, Trans_L2_m: 0.406, Yaw_err_deg: 0.797
Epoch: [21/23], Batch: 740/2963, Loss: 44.013, Trans_L2_m: 0.417, Yaw_err_deg: 0.629
Epoch: [21/23], Batch: 750/2963, Loss: 45.646, Trans_L2_m: 0.386, Yaw_err_deg: 0.545
Epoch: [21/23], Batch: 760/2963, Loss: 43.675, Trans_L2_m: 0.336, Yaw_err_deg: 0.658
Epoch: [21/23], Batch: 770/2963, Loss: 44.949, Trans_L2_m: 0.326, Yaw_err_deg: 0.631
Epoch: [21/23], Batch: 780/2963, Loss: 42.573, Trans_L2_m: 0.283, Yaw_err_deg: 0.696
Epoch: [21/23], Batch: 790/2963, Loss: 44.869, Trans_L2_m: 0.470, Yaw_err_deg: 0.561
Epoch: [21/23], Batch: 800/2963, Loss: 47.411, Trans_L2_m: 0.407, Yaw_err_deg: 0.644
Epoch: [21/23], Batch: 810/2963, Loss: 42.994, Trans_L2_m: 0.311, Yaw_err_deg: 0.601
Epoch: [21/23], Batch: 820/2963, Loss: 58.073, Trans_L2_m: 0.421, Yaw_err_deg: 0.701
Epoch: [21/23], Batch: 830/2963, Loss: 42.386, Trans_L2_m: 0.400, Yaw_err_deg: 0.558
Epoch: [21/23], Batch: 840/2963, Loss: 50.087, Trans_L2_m: 0.472, Yaw_err_deg: 0.751
Epoch: [21/23], Batch: 850/2963, Loss: 39.795, Trans_L2_m: 0.309, Yaw_err_deg: 0.789
Epoch: [21/23], Batch: 860/2963, Loss: 43.876, Trans_L2_m: 0.320, Yaw_err_deg: 0.445
Epoch: [21/23], Batch: 870/2963, Loss: 43.730, Trans_L2_m: 0.357, Yaw_err_deg: 0.722
Epoch: [21/23], Batch: 880/2963, Loss: 42.729, Trans_L2_m: 0.261, Yaw_err_deg: 0.642
Epoch: [21/23], Batch: 890/2963, Loss: 54.166, Trans_L2_m: 0.361, Yaw_err_deg: 1.213
Epoch: [21/23], Batch: 900/2963, Loss: 43.708, Trans_L2_m: 0.272, Yaw_err_deg: 0.569
Epoch: [21/23], Batch: 910/2963, Loss: 48.609, Trans_L2_m: 0.445, Yaw_err_deg: 0.598
Epoch: [21/23], Batch: 920/2963, Loss: 44.989, Trans_L2_m: 0.351, Yaw_err_deg: 0.695
Epoch: [21/23], Batch: 930/2963, Loss: 54.153, Trans_L2_m: 0.367, Yaw_err_deg: 1.163
Epoch: [21/23], Batch: 940/2963, Loss: 42.566, Trans_L2_m: 0.262, Yaw_err_deg: 0.778
Epoch: [21/23], Batch: 950/2963, Loss: 44.973, Trans_L2_m: 0.355, Yaw_err_deg: 0.678
Epoch: [21/23], Batch: 960/2963, Loss: 45.377, Trans_L2_m: 0.347, Yaw_err_deg: 0.437
Epoch: [21/23], Batch: 970/2963, Loss: 46.239, Trans_L2_m: 0.444, Yaw_err_deg: 0.450
Epoch: [21/23], Batch: 980/2963, Loss: 47.490, Trans_L2_m: 0.486, Yaw_err_deg: 0.517
Epoch: [21/23], Batch: 990/2963, Loss: 53.946, Trans_L2_m: 0.353, Yaw_err_deg: 1.068
Epoch: [21/23], Batch: 1000/2963, Loss: 47.419, Trans_L2_m: 0.304, Yaw_err_deg: 0.528
Epoch: [21/23], Batch: 1010/2963, Loss: 42.165, Trans_L2_m: 0.365, Yaw_err_deg: 0.576
Epoch: [21/23], Batch: 1020/2963, Loss: 50.889, Trans_L2_m: 0.270, Yaw_err_deg: 0.678
Epoch: [21/23], Batch: 1030/2963, Loss: 51.374, Trans_L2_m: 0.411, Yaw_err_deg: 0.989
Epoch: [21/23], Batch: 1040/2963, Loss: 39.787, Trans_L2_m: 0.277, Yaw_err_deg: 0.679
Epoch: [21/23], Batch: 1050/2963, Loss: 41.519, Trans_L2_m: 0.355, Yaw_err_deg: 0.578
Epoch: [21/23], Batch: 1060/2963, Loss: 42.564, Trans_L2_m: 0.413, Yaw_err_deg: 0.621
Epoch: [21/23], Batch: 1070/2963, Loss: 42.387, Trans_L2_m: 0.347, Yaw_err_deg: 0.737
Epoch: [21/23], Batch: 1080/2963, Loss: 49.273, Trans_L2_m: 0.439, Yaw_err_deg: 0.653
Epoch: [21/23], Batch: 1090/2963, Loss: 60.363, Trans_L2_m: 0.476, Yaw_err_deg: 1.157
Epoch: [21/23], Batch: 1100/2963, Loss: 45.068, Trans_L2_m: 0.357, Yaw_err_deg: 0.733
Epoch: [21/23], Batch: 1110/2963, Loss: 45.378, Trans_L2_m: 0.479, Yaw_err_deg: 0.629
Epoch: [21/23], Batch: 1120/2963, Loss: 39.458, Trans_L2_m: 0.334, Yaw_err_deg: 0.574
Epoch: [21/23], Batch: 1130/2963, Loss: 44.119, Trans_L2_m: 0.318, Yaw_err_deg: 0.582
Epoch: [21/23], Batch: 1140/2963, Loss: 42.341, Trans_L2_m: 0.399, Yaw_err_deg: 0.422
Epoch: [21/23], Batch: 1150/2963, Loss: 42.669, Trans_L2_m: 0.340, Yaw_err_deg: 0.444
Epoch: [21/23], Batch: 1160/2963, Loss: 47.892, Trans_L2_m: 0.218, Yaw_err_deg: 0.810
Epoch: [21/23], Batch: 1170/2963, Loss: 53.519, Trans_L2_m: 0.291, Yaw_err_deg: 0.684
Epoch: [21/23], Batch: 1180/2963, Loss: 42.138, Trans_L2_m: 0.368, Yaw_err_deg: 0.574
Epoch: [21/23], Batch: 1190/2963, Loss: 51.809, Trans_L2_m: 0.441, Yaw_err_deg: 0.934
Epoch: [21/23], Batch: 1200/2963, Loss: 40.281, Trans_L2_m: 0.401, Yaw_err_deg: 0.489
Epoch: [21/23], Batch: 1210/2963, Loss: 41.366, Trans_L2_m: 0.357, Yaw_err_deg: 0.623
Epoch: [21/23], Batch: 1220/2963, Loss: 43.103, Trans_L2_m: 0.296, Yaw_err_deg: 0.703
Epoch: [21/23], Batch: 1230/2963, Loss: 48.751, Trans_L2_m: 0.394, Yaw_err_deg: 0.764
Epoch: [21/23], Batch: 1240/2963, Loss: 48.469, Trans_L2_m: 0.356, Yaw_err_deg: 0.753
Epoch: [21/23], Batch: 1250/2963, Loss: 44.549, Trans_L2_m: 0.390, Yaw_err_deg: 0.428
Epoch: [21/23], Batch: 1260/2963, Loss: 44.301, Trans_L2_m: 0.388, Yaw_err_deg: 0.492
Epoch: [21/23], Batch: 1270/2963, Loss: 41.389, Trans_L2_m: 0.447, Yaw_err_deg: 0.487
Epoch: [21/23], Batch: 1280/2963, Loss: 40.896, Trans_L2_m: 0.315, Yaw_err_deg: 0.592
Epoch: [21/23], Batch: 1290/2963, Loss: 43.781, Trans_L2_m: 0.494, Yaw_err_deg: 0.593
Epoch: [21/23], Batch: 1300/2963, Loss: 43.185, Trans_L2_m: 0.285, Yaw_err_deg: 0.492
Epoch: [21/23], Batch: 1310/2963, Loss: 38.951, Trans_L2_m: 0.290, Yaw_err_deg: 0.592
Epoch: [21/23], Batch: 1320/2963, Loss: 40.769, Trans_L2_m: 0.424, Yaw_err_deg: 0.602
Epoch: [21/23], Batch: 1330/2963, Loss: 53.903, Trans_L2_m: 0.387, Yaw_err_deg: 0.928
Epoch: [21/23], Batch: 1340/2963, Loss: 42.432, Trans_L2_m: 0.396, Yaw_err_deg: 0.506
Epoch: [21/23], Batch: 1350/2963, Loss: 48.371, Trans_L2_m: 0.403, Yaw_err_deg: 0.958
Epoch: [21/23], Batch: 1360/2963, Loss: 46.947, Trans_L2_m: 0.314, Yaw_err_deg: 0.933
Epoch: [21/23], Batch: 1370/2963, Loss: 44.506, Trans_L2_m: 0.269, Yaw_err_deg: 0.692
Epoch: [21/23], Batch: 1380/2963, Loss: 46.628, Trans_L2_m: 0.384, Yaw_err_deg: 0.667
Epoch: [21/23], Batch: 1390/2963, Loss: 44.193, Trans_L2_m: 0.326, Yaw_err_deg: 0.688
Epoch: [21/23], Batch: 1400/2963, Loss: 49.089, Trans_L2_m: 0.513, Yaw_err_deg: 0.527
Epoch: [21/23], Batch: 1410/2963, Loss: 42.630, Trans_L2_m: 0.252, Yaw_err_deg: 0.633
Epoch: [21/23], Batch: 1420/2963, Loss: 45.167, Trans_L2_m: 0.422, Yaw_err_deg: 0.545
Epoch: [21/23], Batch: 1430/2963, Loss: 40.121, Trans_L2_m: 0.287, Yaw_err_deg: 0.562
Epoch: [21/23], Batch: 1440/2963, Loss: 39.346, Trans_L2_m: 0.299, Yaw_err_deg: 0.512
Epoch: [21/23], Batch: 1450/2963, Loss: 44.226, Trans_L2_m: 0.299, Yaw_err_deg: 0.849
Epoch: [21/23], Batch: 1460/2963, Loss: 41.448, Trans_L2_m: 0.446, Yaw_err_deg: 0.658
Epoch: [21/23], Batch: 1470/2963, Loss: 42.148, Trans_L2_m: 0.266, Yaw_err_deg: 0.816
Epoch: [21/23], Batch: 1480/2963, Loss: 43.901, Trans_L2_m: 0.355, Yaw_err_deg: 0.678
Epoch: [21/23], Batch: 1490/2963, Loss: 47.482, Trans_L2_m: 0.430, Yaw_err_deg: 0.879
Epoch: [21/23], Batch: 1500/2963, Loss: 50.653, Trans_L2_m: 0.539, Yaw_err_deg: 0.796
Epoch: [21/23], Batch: 1510/2963, Loss: 44.283, Trans_L2_m: 0.308, Yaw_err_deg: 0.726
Epoch: [21/23], Batch: 1520/2963, Loss: 45.106, Trans_L2_m: 0.304, Yaw_err_deg: 0.941
Epoch: [21/23], Batch: 1530/2963, Loss: 39.215, Trans_L2_m: 0.306, Yaw_err_deg: 0.538
Epoch: [21/23], Batch: 1540/2963, Loss: 47.630, Trans_L2_m: 0.351, Yaw_err_deg: 0.602
Epoch: [21/23], Batch: 1550/2963, Loss: 42.595, Trans_L2_m: 0.321, Yaw_err_deg: 0.879
Epoch: [21/23], Batch: 1560/2963, Loss: 44.716, Trans_L2_m: 0.313, Yaw_err_deg: 0.514
Epoch: [21/23], Batch: 1570/2963, Loss: 38.009, Trans_L2_m: 0.300, Yaw_err_deg: 0.586
Epoch: [21/23], Batch: 1580/2963, Loss: 43.103, Trans_L2_m: 0.447, Yaw_err_deg: 0.613
Epoch: [21/23], Batch: 1590/2963, Loss: 40.267, Trans_L2_m: 0.341, Yaw_err_deg: 0.413
Epoch: [21/23], Batch: 1600/2963, Loss: 47.043, Trans_L2_m: 0.336, Yaw_err_deg: 0.917
Epoch: [21/23], Batch: 1610/2963, Loss: 42.086, Trans_L2_m: 0.280, Yaw_err_deg: 0.657
Epoch: [21/23], Batch: 1620/2963, Loss: 45.774, Trans_L2_m: 0.235, Yaw_err_deg: 0.878
Epoch: [21/23], Batch: 1630/2963, Loss: 46.815, Trans_L2_m: 0.442, Yaw_err_deg: 0.646
Epoch: [21/23], Batch: 1640/2963, Loss: 44.912, Trans_L2_m: 0.346, Yaw_err_deg: 0.641
Epoch: [21/23], Batch: 1650/2963, Loss: 40.621, Trans_L2_m: 0.257, Yaw_err_deg: 0.830
Epoch: [21/23], Batch: 1660/2963, Loss: 39.675, Trans_L2_m: 0.335, Yaw_err_deg: 0.477
Epoch: [21/23], Batch: 1670/2963, Loss: 55.877, Trans_L2_m: 0.355, Yaw_err_deg: 1.050
Epoch: [21/23], Batch: 1680/2963, Loss: 51.157, Trans_L2_m: 0.361, Yaw_err_deg: 0.871
Epoch: [21/23], Batch: 1690/2963, Loss: 54.968, Trans_L2_m: 0.419, Yaw_err_deg: 0.892
Epoch: [21/23], Batch: 1700/2963, Loss: 37.950, Trans_L2_m: 0.372, Yaw_err_deg: 0.522
Epoch: [21/23], Batch: 1710/2963, Loss: 41.600, Trans_L2_m: 0.392, Yaw_err_deg: 0.645
Epoch: [21/23], Batch: 1720/2963, Loss: 37.452, Trans_L2_m: 0.272, Yaw_err_deg: 0.542
Epoch: [21/23], Batch: 1730/2963, Loss: 54.478, Trans_L2_m: 0.370, Yaw_err_deg: 0.791
Epoch: [21/23], Batch: 1740/2963, Loss: 51.910, Trans_L2_m: 0.292, Yaw_err_deg: 0.719
Epoch: [21/23], Batch: 1750/2963, Loss: 47.711, Trans_L2_m: 0.333, Yaw_err_deg: 0.797
Epoch: [21/23], Batch: 1760/2963, Loss: 47.981, Trans_L2_m: 0.449, Yaw_err_deg: 0.687
Epoch: [21/23], Batch: 1770/2963, Loss: 40.885, Trans_L2_m: 0.268, Yaw_err_deg: 0.670
Epoch: [21/23], Batch: 1780/2963, Loss: 41.180, Trans_L2_m: 0.216, Yaw_err_deg: 0.682
Epoch: [21/23], Batch: 1790/2963, Loss: 46.616, Trans_L2_m: 0.405, Yaw_err_deg: 0.820
Epoch: [21/23], Batch: 1800/2963, Loss: 42.959, Trans_L2_m: 0.330, Yaw_err_deg: 0.691
Epoch: [21/23], Batch: 1810/2963, Loss: 47.040, Trans_L2_m: 0.340, Yaw_err_deg: 0.800
Epoch: [21/23], Batch: 1820/2963, Loss: 42.960, Trans_L2_m: 0.401, Yaw_err_deg: 0.516
Epoch: [21/23], Batch: 1830/2963, Loss: 49.012, Trans_L2_m: 0.388, Yaw_err_deg: 0.707
Epoch: [21/23], Batch: 1840/2963, Loss: 37.447, Trans_L2_m: 0.343, Yaw_err_deg: 0.470
Epoch: [21/23], Batch: 1850/2963, Loss: 39.464, Trans_L2_m: 0.278, Yaw_err_deg: 0.531
Epoch: [21/23], Batch: 1860/2963, Loss: 42.202, Trans_L2_m: 0.467, Yaw_err_deg: 0.486
Epoch: [21/23], Batch: 1870/2963, Loss: 43.767, Trans_L2_m: 0.401, Yaw_err_deg: 0.727
Epoch: [21/23], Batch: 1880/2963, Loss: 44.872, Trans_L2_m: 0.472, Yaw_err_deg: 0.612
Epoch: [21/23], Batch: 1890/2963, Loss: 42.770, Trans_L2_m: 0.370, Yaw_err_deg: 0.550
Epoch: [21/23], Batch: 1900/2963, Loss: 45.044, Trans_L2_m: 0.362, Yaw_err_deg: 0.656
Epoch: [21/23], Batch: 1910/2963, Loss: 37.725, Trans_L2_m: 0.300, Yaw_err_deg: 0.464
Epoch: [21/23], Batch: 1920/2963, Loss: 45.360, Trans_L2_m: 0.443, Yaw_err_deg: 0.434
Epoch: [21/23], Batch: 1930/2963, Loss: 42.050, Trans_L2_m: 0.355, Yaw_err_deg: 0.600
Epoch: [21/23], Batch: 1940/2963, Loss: 43.964, Trans_L2_m: 0.302, Yaw_err_deg: 0.723
Epoch: [21/23], Batch: 1950/2963, Loss: 46.058, Trans_L2_m: 0.476, Yaw_err_deg: 0.845
Epoch: [21/23], Batch: 1960/2963, Loss: 41.331, Trans_L2_m: 0.323, Yaw_err_deg: 0.775
Epoch: [21/23], Batch: 1970/2963, Loss: 42.870, Trans_L2_m: 0.384, Yaw_err_deg: 0.625
Epoch: [21/23], Batch: 1980/2963, Loss: 35.958, Trans_L2_m: 0.319, Yaw_err_deg: 0.444
Epoch: [21/23], Batch: 1990/2963, Loss: 46.111, Trans_L2_m: 0.363, Yaw_err_deg: 0.577
Epoch: [21/23], Batch: 2000/2963, Loss: 45.247, Trans_L2_m: 0.305, Yaw_err_deg: 0.928
Epoch: [21/23], Batch: 2010/2963, Loss: 52.206, Trans_L2_m: 0.431, Yaw_err_deg: 0.838
Epoch: [21/23], Batch: 2020/2963, Loss: 42.348, Trans_L2_m: 0.334, Yaw_err_deg: 0.581
Epoch: [21/23], Batch: 2030/2963, Loss: 43.268, Trans_L2_m: 0.296, Yaw_err_deg: 0.670
Epoch: [21/23], Batch: 2040/2963, Loss: 52.481, Trans_L2_m: 0.533, Yaw_err_deg: 0.736
Epoch: [21/23], Batch: 2050/2963, Loss: 45.950, Trans_L2_m: 0.453, Yaw_err_deg: 0.470
Epoch: [21/23], Batch: 2060/2963, Loss: 45.814, Trans_L2_m: 0.515, Yaw_err_deg: 0.568
Epoch: [21/23], Batch: 2070/2963, Loss: 41.424, Trans_L2_m: 0.393, Yaw_err_deg: 0.487
Epoch: [21/23], Batch: 2080/2963, Loss: 47.078, Trans_L2_m: 0.396, Yaw_err_deg: 0.716
Epoch: [21/23], Batch: 2090/2963, Loss: 42.641, Trans_L2_m: 0.239, Yaw_err_deg: 0.614
Epoch: [21/23], Batch: 2100/2963, Loss: 48.724, Trans_L2_m: 0.436, Yaw_err_deg: 0.692
Epoch: [21/23], Batch: 2110/2963, Loss: 48.022, Trans_L2_m: 0.335, Yaw_err_deg: 0.671
Epoch: [21/23], Batch: 2120/2963, Loss: 45.350, Trans_L2_m: 0.302, Yaw_err_deg: 0.576
Epoch: [21/23], Batch: 2130/2963, Loss: 46.845, Trans_L2_m: 0.422, Yaw_err_deg: 0.541
Epoch: [21/23], Batch: 2140/2963, Loss: 56.118, Trans_L2_m: 0.377, Yaw_err_deg: 0.870
Epoch: [21/23], Batch: 2150/2963, Loss: 49.935, Trans_L2_m: 0.342, Yaw_err_deg: 0.988
Epoch: [21/23], Batch: 2160/2963, Loss: 42.706, Trans_L2_m: 0.351, Yaw_err_deg: 0.512
Epoch: [21/23], Batch: 2170/2963, Loss: 42.313, Trans_L2_m: 0.392, Yaw_err_deg: 0.553
Epoch: [21/23], Batch: 2180/2963, Loss: 43.770, Trans_L2_m: 0.391, Yaw_err_deg: 0.640
Epoch: [21/23], Batch: 2190/2963, Loss: 50.303, Trans_L2_m: 0.341, Yaw_err_deg: 1.051
Epoch: [21/23], Batch: 2200/2963, Loss: 42.128, Trans_L2_m: 0.273, Yaw_err_deg: 0.826
Epoch: [21/23], Batch: 2210/2963, Loss: 45.238, Trans_L2_m: 0.320, Yaw_err_deg: 0.695
Epoch: [21/23], Batch: 2220/2963, Loss: 54.137, Trans_L2_m: 0.408, Yaw_err_deg: 1.197
Epoch: [21/23], Batch: 2230/2963, Loss: 42.982, Trans_L2_m: 0.377, Yaw_err_deg: 0.361
Epoch: [21/23], Batch: 2240/2963, Loss: 41.431, Trans_L2_m: 0.309, Yaw_err_deg: 0.686
Epoch: [21/23], Batch: 2250/2963, Loss: 56.542, Trans_L2_m: 0.488, Yaw_err_deg: 1.090
Epoch: [21/23], Batch: 2260/2963, Loss: 55.080, Trans_L2_m: 0.402, Yaw_err_deg: 0.809
Epoch: [21/23], Batch: 2270/2963, Loss: 41.511, Trans_L2_m: 0.319, Yaw_err_deg: 0.490
Epoch: [21/23], Batch: 2280/2963, Loss: 41.489, Trans_L2_m: 0.374, Yaw_err_deg: 0.662
Epoch: [21/23], Batch: 2290/2963, Loss: 54.943, Trans_L2_m: 0.490, Yaw_err_deg: 0.720
Epoch: [21/23], Batch: 2300/2963, Loss: 43.406, Trans_L2_m: 0.300, Yaw_err_deg: 0.733
Epoch: [21/23], Batch: 2310/2963, Loss: 52.221, Trans_L2_m: 0.424, Yaw_err_deg: 0.521
Epoch: [21/23], Batch: 2320/2963, Loss: 44.667, Trans_L2_m: 0.329, Yaw_err_deg: 1.124
Epoch: [21/23], Batch: 2330/2963, Loss: 55.097, Trans_L2_m: 0.310, Yaw_err_deg: 0.676
Epoch: [21/23], Batch: 2340/2963, Loss: 44.074, Trans_L2_m: 0.406, Yaw_err_deg: 0.313
Epoch: [21/23], Batch: 2350/2963, Loss: 42.634, Trans_L2_m: 0.323, Yaw_err_deg: 0.560
Epoch: [21/23], Batch: 2360/2963, Loss: 40.883, Trans_L2_m: 0.310, Yaw_err_deg: 0.575
Epoch: [21/23], Batch: 2370/2963, Loss: 41.246, Trans_L2_m: 0.350, Yaw_err_deg: 0.526
Epoch: [21/23], Batch: 2380/2963, Loss: 53.699, Trans_L2_m: 0.438, Yaw_err_deg: 0.890
Epoch: [21/23], Batch: 2390/2963, Loss: 46.854, Trans_L2_m: 0.516, Yaw_err_deg: 0.505
Epoch: [21/23], Batch: 2400/2963, Loss: 42.130, Trans_L2_m: 0.405, Yaw_err_deg: 0.581
Epoch: [21/23], Batch: 2410/2963, Loss: 41.306, Trans_L2_m: 0.341, Yaw_err_deg: 0.611
Epoch: [21/23], Batch: 2420/2963, Loss: 42.037, Trans_L2_m: 0.312, Yaw_err_deg: 0.608
Epoch: [21/23], Batch: 2430/2963, Loss: 42.403, Trans_L2_m: 0.362, Yaw_err_deg: 0.612
Epoch: [21/23], Batch: 2440/2963, Loss: 39.929, Trans_L2_m: 0.271, Yaw_err_deg: 0.509
Epoch: [21/23], Batch: 2450/2963, Loss: 47.410, Trans_L2_m: 0.392, Yaw_err_deg: 0.682
Epoch: [21/23], Batch: 2460/2963, Loss: 42.731, Trans_L2_m: 0.295, Yaw_err_deg: 0.591
Epoch: [21/23], Batch: 2470/2963, Loss: 43.535, Trans_L2_m: 0.328, Yaw_err_deg: 0.550
Epoch: [21/23], Batch: 2480/2963, Loss: 44.319, Trans_L2_m: 0.329, Yaw_err_deg: 0.683
Epoch: [21/23], Batch: 2490/2963, Loss: 46.101, Trans_L2_m: 0.271, Yaw_err_deg: 0.706
Epoch: [21/23], Batch: 2500/2963, Loss: 46.240, Trans_L2_m: 0.484, Yaw_err_deg: 0.683
Epoch: [21/23], Batch: 2510/2963, Loss: 47.455, Trans_L2_m: 0.308, Yaw_err_deg: 0.570
Epoch: [21/23], Batch: 2520/2963, Loss: 43.941, Trans_L2_m: 0.378, Yaw_err_deg: 0.530
Epoch: [21/23], Batch: 2530/2963, Loss: 43.372, Trans_L2_m: 0.400, Yaw_err_deg: 0.616
Epoch: [21/23], Batch: 2540/2963, Loss: 49.050, Trans_L2_m: 0.491, Yaw_err_deg: 0.637
Epoch: [21/23], Batch: 2550/2963, Loss: 41.701, Trans_L2_m: 0.360, Yaw_err_deg: 0.524
Epoch: [21/23], Batch: 2560/2963, Loss: 43.381, Trans_L2_m: 0.425, Yaw_err_deg: 0.396
Epoch: [21/23], Batch: 2570/2963, Loss: 45.320, Trans_L2_m: 0.309, Yaw_err_deg: 0.773
Epoch: [21/23], Batch: 2580/2963, Loss: 42.372, Trans_L2_m: 0.357, Yaw_err_deg: 0.549
Epoch: [21/23], Batch: 2590/2963, Loss: 42.544, Trans_L2_m: 0.366, Yaw_err_deg: 0.521
Epoch: [21/23], Batch: 2600/2963, Loss: 45.090, Trans_L2_m: 0.380, Yaw_err_deg: 0.707
Epoch: [21/23], Batch: 2610/2963, Loss: 39.240, Trans_L2_m: 0.239, Yaw_err_deg: 0.522
Epoch: [21/23], Batch: 2620/2963, Loss: 47.456, Trans_L2_m: 0.383, Yaw_err_deg: 0.669
Epoch: [21/23], Batch: 2630/2963, Loss: 41.424, Trans_L2_m: 0.385, Yaw_err_deg: 0.505
Epoch: [21/23], Batch: 2640/2963, Loss: 42.770, Trans_L2_m: 0.273, Yaw_err_deg: 0.484
Epoch: [21/23], Batch: 2650/2963, Loss: 44.908, Trans_L2_m: 0.322, Yaw_err_deg: 0.952
Epoch: [21/23], Batch: 2660/2963, Loss: 48.448, Trans_L2_m: 0.492, Yaw_err_deg: 0.747
Epoch: [21/23], Batch: 2670/2963, Loss: 47.399, Trans_L2_m: 0.284, Yaw_err_deg: 0.947
Epoch: [21/23], Batch: 2680/2963, Loss: 35.639, Trans_L2_m: 0.302, Yaw_err_deg: 0.481
Epoch: [21/23], Batch: 2690/2963, Loss: 45.963, Trans_L2_m: 0.407, Yaw_err_deg: 0.700
Epoch: [21/23], Batch: 2700/2963, Loss: 42.148, Trans_L2_m: 0.286, Yaw_err_deg: 0.800
Epoch: [21/23], Batch: 2710/2963, Loss: 46.494, Trans_L2_m: 0.284, Yaw_err_deg: 0.822
Epoch: [21/23], Batch: 2720/2963, Loss: 49.441, Trans_L2_m: 0.328, Yaw_err_deg: 0.804
Epoch: [21/23], Batch: 2730/2963, Loss: 49.995, Trans_L2_m: 0.396, Yaw_err_deg: 0.963
Epoch: [21/23], Batch: 2740/2963, Loss: 45.969, Trans_L2_m: 0.383, Yaw_err_deg: 0.751
Epoch: [21/23], Batch: 2750/2963, Loss: 45.754, Trans_L2_m: 0.457, Yaw_err_deg: 0.560
Epoch: [21/23], Batch: 2760/2963, Loss: 47.492, Trans_L2_m: 0.334, Yaw_err_deg: 0.899
Epoch: [21/23], Batch: 2770/2963, Loss: 49.043, Trans_L2_m: 0.440, Yaw_err_deg: 0.694
Epoch: [21/23], Batch: 2780/2963, Loss: 45.781, Trans_L2_m: 0.426, Yaw_err_deg: 0.499
Epoch: [21/23], Batch: 2790/2963, Loss: 41.070, Trans_L2_m: 0.427, Yaw_err_deg: 0.564
Epoch: [21/23], Batch: 2800/2963, Loss: 42.437, Trans_L2_m: 0.340, Yaw_err_deg: 0.738
Epoch: [21/23], Batch: 2810/2963, Loss: 40.746, Trans_L2_m: 0.314, Yaw_err_deg: 0.470
Epoch: [21/23], Batch: 2820/2963, Loss: 52.997, Trans_L2_m: 0.530, Yaw_err_deg: 0.822
Epoch: [21/23], Batch: 2830/2963, Loss: 47.377, Trans_L2_m: 0.388, Yaw_err_deg: 0.412
Epoch: [21/23], Batch: 2840/2963, Loss: 43.467, Trans_L2_m: 0.401, Yaw_err_deg: 0.509
Epoch: [21/23], Batch: 2850/2963, Loss: 48.164, Trans_L2_m: 0.326, Yaw_err_deg: 0.916
Epoch: [21/23], Batch: 2860/2963, Loss: 43.771, Trans_L2_m: 0.321, Yaw_err_deg: 0.395
Epoch: [21/23], Batch: 2870/2963, Loss: 49.710, Trans_L2_m: 0.465, Yaw_err_deg: 0.584
Epoch: [21/23], Batch: 2880/2963, Loss: 36.256, Trans_L2_m: 0.265, Yaw_err_deg: 0.623
Epoch: [21/23], Batch: 2890/2963, Loss: 43.608, Trans_L2_m: 0.343, Yaw_err_deg: 0.393
Epoch: [21/23], Batch: 2900/2963, Loss: 42.903, Trans_L2_m: 0.244, Yaw_err_deg: 0.724
Epoch: [21/23], Batch: 2910/2963, Loss: 43.755, Trans_L2_m: 0.417, Yaw_err_deg: 0.646
Epoch: [21/23], Batch: 2920/2963, Loss: 47.166, Trans_L2_m: 0.340, Yaw_err_deg: 0.578
Epoch: [21/23], Batch: 2930/2963, Loss: 42.059, Trans_L2_m: 0.369, Yaw_err_deg: 0.412
Epoch: [21/23], Batch: 2940/2963, Loss: 47.208, Trans_L2_m: 0.435, Yaw_err_deg: 0.702
Epoch: [21/23], Batch: 2950/2963, Loss: 46.855, Trans_L2_m: 0.270, Yaw_err_deg: 0.749
Epoch: [21/23], Batch: 2960/2963, Loss: 44.870, Trans_L2_m: 0.355, Yaw_err_deg: 0.763
Validation loss (homography): 983.4970
Avg batch time: 1011.45 ms, total: 328.061 s
[1;91mVal has no improvement vs 805.7615356445312![0m
Epoch: [22/23], Batch: 0/2963, Loss: 46.705, Trans_L2_m: 0.431, Yaw_err_deg: 0.905
Epoch: [22/23], Batch: 10/2963, Loss: 55.720, Trans_L2_m: 0.270, Yaw_err_deg: 1.052
Epoch: [22/23], Batch: 20/2963, Loss: 46.811, Trans_L2_m: 0.402, Yaw_err_deg: 0.732
Epoch: [22/23], Batch: 30/2963, Loss: 45.744, Trans_L2_m: 0.369, Yaw_err_deg: 0.611
Epoch: [22/23], Batch: 40/2963, Loss: 50.009, Trans_L2_m: 0.395, Yaw_err_deg: 0.880
Epoch: [22/23], Batch: 50/2963, Loss: 55.383, Trans_L2_m: 0.394, Yaw_err_deg: 0.687
Epoch: [22/23], Batch: 60/2963, Loss: 59.255, Trans_L2_m: 0.420, Yaw_err_deg: 1.375
Epoch: [22/23], Batch: 70/2963, Loss: 38.875, Trans_L2_m: 0.281, Yaw_err_deg: 0.538
Epoch: [22/23], Batch: 80/2963, Loss: 45.372, Trans_L2_m: 0.482, Yaw_err_deg: 0.656
Epoch: [22/23], Batch: 90/2963, Loss: 40.970, Trans_L2_m: 0.345, Yaw_err_deg: 0.421
Epoch: [22/23], Batch: 100/2963, Loss: 57.771, Trans_L2_m: 0.477, Yaw_err_deg: 0.480
Epoch: [22/23], Batch: 110/2963, Loss: 50.489, Trans_L2_m: 0.482, Yaw_err_deg: 0.609
Epoch: [22/23], Batch: 120/2963, Loss: 48.261, Trans_L2_m: 0.392, Yaw_err_deg: 0.426
Epoch: [22/23], Batch: 130/2963, Loss: 40.823, Trans_L2_m: 0.411, Yaw_err_deg: 0.681
Epoch: [22/23], Batch: 140/2963, Loss: 46.315, Trans_L2_m: 0.512, Yaw_err_deg: 0.583
Epoch: [22/23], Batch: 150/2963, Loss: 40.492, Trans_L2_m: 0.330, Yaw_err_deg: 0.671
Epoch: [22/23], Batch: 160/2963, Loss: 46.178, Trans_L2_m: 0.467, Yaw_err_deg: 0.671
Epoch: [22/23], Batch: 170/2963, Loss: 42.047, Trans_L2_m: 0.304, Yaw_err_deg: 0.591
Epoch: [22/23], Batch: 180/2963, Loss: 43.439, Trans_L2_m: 0.225, Yaw_err_deg: 0.732
Epoch: [22/23], Batch: 190/2963, Loss: 70.520, Trans_L2_m: 0.570, Yaw_err_deg: 1.118
Epoch: [22/23], Batch: 200/2963, Loss: 46.306, Trans_L2_m: 0.398, Yaw_err_deg: 0.673
Epoch: [22/23], Batch: 210/2963, Loss: 40.414, Trans_L2_m: 0.348, Yaw_err_deg: 0.448
Epoch: [22/23], Batch: 220/2963, Loss: 39.667, Trans_L2_m: 0.349, Yaw_err_deg: 0.356
Epoch: [22/23], Batch: 230/2963, Loss: 49.785, Trans_L2_m: 0.340, Yaw_err_deg: 1.011
Epoch: [22/23], Batch: 240/2963, Loss: 55.069, Trans_L2_m: 0.450, Yaw_err_deg: 1.025
Epoch: [22/23], Batch: 250/2963, Loss: 44.800, Trans_L2_m: 0.400, Yaw_err_deg: 0.805
Epoch: [22/23], Batch: 260/2963, Loss: 48.701, Trans_L2_m: 0.492, Yaw_err_deg: 0.706
Epoch: [22/23], Batch: 270/2963, Loss: 40.777, Trans_L2_m: 0.321, Yaw_err_deg: 0.642
Epoch: [22/23], Batch: 280/2963, Loss: 39.423, Trans_L2_m: 0.263, Yaw_err_deg: 0.669
Epoch: [22/23], Batch: 290/2963, Loss: 43.626, Trans_L2_m: 0.310, Yaw_err_deg: 0.686
Epoch: [22/23], Batch: 300/2963, Loss: 59.875, Trans_L2_m: 0.536, Yaw_err_deg: 0.493
Epoch: [22/23], Batch: 310/2963, Loss: 42.394, Trans_L2_m: 0.400, Yaw_err_deg: 0.709
Epoch: [22/23], Batch: 320/2963, Loss: 40.211, Trans_L2_m: 0.287, Yaw_err_deg: 0.389
Epoch: [22/23], Batch: 330/2963, Loss: 48.220, Trans_L2_m: 0.481, Yaw_err_deg: 0.485
Epoch: [22/23], Batch: 340/2963, Loss: 38.069, Trans_L2_m: 0.280, Yaw_err_deg: 0.609
Epoch: [22/23], Batch: 350/2963, Loss: 39.820, Trans_L2_m: 0.294, Yaw_err_deg: 0.433
Epoch: [22/23], Batch: 360/2963, Loss: 39.825, Trans_L2_m: 0.330, Yaw_err_deg: 0.486
Epoch: [22/23], Batch: 370/2963, Loss: 41.432, Trans_L2_m: 0.330, Yaw_err_deg: 0.415
Epoch: [22/23], Batch: 380/2963, Loss: 42.582, Trans_L2_m: 0.338, Yaw_err_deg: 0.545
Epoch: [22/23], Batch: 390/2963, Loss: 46.521, Trans_L2_m: 0.421, Yaw_err_deg: 0.686
Epoch: [22/23], Batch: 400/2963, Loss: 46.779, Trans_L2_m: 0.374, Yaw_err_deg: 0.585
Epoch: [22/23], Batch: 410/2963, Loss: 40.557, Trans_L2_m: 0.364, Yaw_err_deg: 0.478
Epoch: [22/23], Batch: 420/2963, Loss: 40.711, Trans_L2_m: 0.353, Yaw_err_deg: 0.753
Epoch: [22/23], Batch: 430/2963, Loss: 43.931, Trans_L2_m: 0.390, Yaw_err_deg: 0.574
Epoch: [22/23], Batch: 440/2963, Loss: 43.856, Trans_L2_m: 0.302, Yaw_err_deg: 0.460
Epoch: [22/23], Batch: 450/2963, Loss: 47.601, Trans_L2_m: 0.422, Yaw_err_deg: 1.040
Epoch: [22/23], Batch: 460/2963, Loss: 49.405, Trans_L2_m: 0.416, Yaw_err_deg: 1.004
Epoch: [22/23], Batch: 470/2963, Loss: 41.763, Trans_L2_m: 0.348, Yaw_err_deg: 0.405
Epoch: [22/23], Batch: 480/2963, Loss: 39.867, Trans_L2_m: 0.345, Yaw_err_deg: 0.478
Epoch: [22/23], Batch: 490/2963, Loss: 45.606, Trans_L2_m: 0.464, Yaw_err_deg: 0.422
Epoch: [22/23], Batch: 500/2963, Loss: 41.626, Trans_L2_m: 0.249, Yaw_err_deg: 0.658
Epoch: [22/23], Batch: 510/2963, Loss: 46.943, Trans_L2_m: 0.402, Yaw_err_deg: 0.651
Epoch: [22/23], Batch: 520/2963, Loss: 42.543, Trans_L2_m: 0.434, Yaw_err_deg: 0.468
Epoch: [22/23], Batch: 530/2963, Loss: 46.605, Trans_L2_m: 0.340, Yaw_err_deg: 0.992
Epoch: [22/23], Batch: 540/2963, Loss: 38.022, Trans_L2_m: 0.302, Yaw_err_deg: 0.456
Epoch: [22/23], Batch: 550/2963, Loss: 43.543, Trans_L2_m: 0.394, Yaw_err_deg: 0.607
Epoch: [22/23], Batch: 560/2963, Loss: 41.140, Trans_L2_m: 0.346, Yaw_err_deg: 0.614
Epoch: [22/23], Batch: 570/2963, Loss: 45.354, Trans_L2_m: 0.366, Yaw_err_deg: 0.618
Epoch: [22/23], Batch: 580/2963, Loss: 47.736, Trans_L2_m: 0.285, Yaw_err_deg: 0.764
Epoch: [22/23], Batch: 590/2963, Loss: 43.724, Trans_L2_m: 0.282, Yaw_err_deg: 0.844
Epoch: [22/23], Batch: 600/2963, Loss: 42.376, Trans_L2_m: 0.412, Yaw_err_deg: 0.618
Epoch: [22/23], Batch: 610/2963, Loss: 44.764, Trans_L2_m: 0.304, Yaw_err_deg: 0.604
Epoch: [22/23], Batch: 620/2963, Loss: 40.684, Trans_L2_m: 0.321, Yaw_err_deg: 0.534
Epoch: [22/23], Batch: 630/2963, Loss: 48.850, Trans_L2_m: 0.511, Yaw_err_deg: 0.895
Epoch: [22/23], Batch: 640/2963, Loss: 45.564, Trans_L2_m: 0.266, Yaw_err_deg: 0.628
Epoch: [22/23], Batch: 650/2963, Loss: 41.418, Trans_L2_m: 0.308, Yaw_err_deg: 0.523
Epoch: [22/23], Batch: 660/2963, Loss: 44.967, Trans_L2_m: 0.262, Yaw_err_deg: 0.646
Epoch: [22/23], Batch: 670/2963, Loss: 38.348, Trans_L2_m: 0.413, Yaw_err_deg: 0.533
Epoch: [22/23], Batch: 680/2963, Loss: 40.265, Trans_L2_m: 0.236, Yaw_err_deg: 0.633
Epoch: [22/23], Batch: 690/2963, Loss: 48.918, Trans_L2_m: 0.515, Yaw_err_deg: 0.635
Epoch: [22/23], Batch: 700/2963, Loss: 50.528, Trans_L2_m: 0.453, Yaw_err_deg: 0.540
Epoch: [22/23], Batch: 710/2963, Loss: 39.865, Trans_L2_m: 0.250, Yaw_err_deg: 0.655
Epoch: [22/23], Batch: 720/2963, Loss: 38.200, Trans_L2_m: 0.271, Yaw_err_deg: 0.437
Epoch: [22/23], Batch: 730/2963, Loss: 59.281, Trans_L2_m: 0.275, Yaw_err_deg: 0.818
Epoch: [22/23], Batch: 740/2963, Loss: 40.776, Trans_L2_m: 0.406, Yaw_err_deg: 0.742
Epoch: [22/23], Batch: 750/2963, Loss: 42.093, Trans_L2_m: 0.361, Yaw_err_deg: 0.576
Epoch: [22/23], Batch: 760/2963, Loss: 46.777, Trans_L2_m: 0.435, Yaw_err_deg: 0.667
Epoch: [22/23], Batch: 770/2963, Loss: 43.005, Trans_L2_m: 0.342, Yaw_err_deg: 0.330
Epoch: [22/23], Batch: 780/2963, Loss: 43.612, Trans_L2_m: 0.345, Yaw_err_deg: 0.734
Epoch: [22/23], Batch: 790/2963, Loss: 47.127, Trans_L2_m: 0.383, Yaw_err_deg: 0.546
Epoch: [22/23], Batch: 800/2963, Loss: 35.056, Trans_L2_m: 0.305, Yaw_err_deg: 0.374
Epoch: [22/23], Batch: 810/2963, Loss: 42.911, Trans_L2_m: 0.388, Yaw_err_deg: 0.366
Epoch: [22/23], Batch: 820/2963, Loss: 41.325, Trans_L2_m: 0.407, Yaw_err_deg: 0.407
Epoch: [22/23], Batch: 830/2963, Loss: 46.464, Trans_L2_m: 0.235, Yaw_err_deg: 0.929
Epoch: [22/23], Batch: 840/2963, Loss: 50.907, Trans_L2_m: 0.426, Yaw_err_deg: 0.916
Epoch: [22/23], Batch: 850/2963, Loss: 45.846, Trans_L2_m: 0.449, Yaw_err_deg: 0.473
Epoch: [22/23], Batch: 860/2963, Loss: 49.835, Trans_L2_m: 0.414, Yaw_err_deg: 0.821
Epoch: [22/23], Batch: 870/2963, Loss: 45.363, Trans_L2_m: 0.391, Yaw_err_deg: 0.682
Epoch: [22/23], Batch: 880/2963, Loss: 45.977, Trans_L2_m: 0.341, Yaw_err_deg: 0.551
Epoch: [22/23], Batch: 890/2963, Loss: 47.138, Trans_L2_m: 0.259, Yaw_err_deg: 0.473
Epoch: [22/23], Batch: 900/2963, Loss: 42.034, Trans_L2_m: 0.279, Yaw_err_deg: 0.649
Epoch: [22/23], Batch: 910/2963, Loss: 42.592, Trans_L2_m: 0.372, Yaw_err_deg: 0.504
Epoch: [22/23], Batch: 920/2963, Loss: 44.847, Trans_L2_m: 0.345, Yaw_err_deg: 0.764
Epoch: [22/23], Batch: 930/2963, Loss: 43.877, Trans_L2_m: 0.437, Yaw_err_deg: 0.442
Epoch: [22/23], Batch: 940/2963, Loss: 38.843, Trans_L2_m: 0.271, Yaw_err_deg: 0.507
Epoch: [22/23], Batch: 950/2963, Loss: 45.940, Trans_L2_m: 0.374, Yaw_err_deg: 0.688
Epoch: [22/23], Batch: 960/2963, Loss: 49.302, Trans_L2_m: 0.234, Yaw_err_deg: 0.912
Epoch: [22/23], Batch: 970/2963, Loss: 43.007, Trans_L2_m: 0.312, Yaw_err_deg: 0.488
Epoch: [22/23], Batch: 980/2963, Loss: 45.668, Trans_L2_m: 0.460, Yaw_err_deg: 0.513
Epoch: [22/23], Batch: 990/2963, Loss: 39.318, Trans_L2_m: 0.241, Yaw_err_deg: 0.530
Epoch: [22/23], Batch: 1000/2963, Loss: 39.170, Trans_L2_m: 0.290, Yaw_err_deg: 0.292
Epoch: [22/23], Batch: 1010/2963, Loss: 48.003, Trans_L2_m: 0.450, Yaw_err_deg: 0.631
Epoch: [22/23], Batch: 1020/2963, Loss: 43.020, Trans_L2_m: 0.338, Yaw_err_deg: 0.723
Epoch: [22/23], Batch: 1030/2963, Loss: 48.721, Trans_L2_m: 0.344, Yaw_err_deg: 0.718
Epoch: [22/23], Batch: 1040/2963, Loss: 45.322, Trans_L2_m: 0.341, Yaw_err_deg: 0.751
Epoch: [22/23], Batch: 1050/2963, Loss: 54.930, Trans_L2_m: 0.363, Yaw_err_deg: 1.231
Epoch: [22/23], Batch: 1060/2963, Loss: 41.700, Trans_L2_m: 0.251, Yaw_err_deg: 0.727
Epoch: [22/23], Batch: 1070/2963, Loss: 39.690, Trans_L2_m: 0.436, Yaw_err_deg: 0.526
Epoch: [22/23], Batch: 1080/2963, Loss: 38.639, Trans_L2_m: 0.357, Yaw_err_deg: 0.464
Epoch: [22/23], Batch: 1090/2963, Loss: 37.510, Trans_L2_m: 0.209, Yaw_err_deg: 0.601
Epoch: [22/23], Batch: 1100/2963, Loss: 35.644, Trans_L2_m: 0.263, Yaw_err_deg: 0.619
Epoch: [22/23], Batch: 1110/2963, Loss: 43.580, Trans_L2_m: 0.353, Yaw_err_deg: 0.533
Epoch: [22/23], Batch: 1120/2963, Loss: 45.596, Trans_L2_m: 0.390, Yaw_err_deg: 0.705
Epoch: [22/23], Batch: 1130/2963, Loss: 48.620, Trans_L2_m: 0.442, Yaw_err_deg: 0.861
Epoch: [22/23], Batch: 1140/2963, Loss: 41.465, Trans_L2_m: 0.378, Yaw_err_deg: 0.443
Epoch: [22/23], Batch: 1150/2963, Loss: 45.627, Trans_L2_m: 0.469, Yaw_err_deg: 0.482
Epoch: [22/23], Batch: 1160/2963, Loss: 42.861, Trans_L2_m: 0.403, Yaw_err_deg: 0.461
Epoch: [22/23], Batch: 1170/2963, Loss: 40.046, Trans_L2_m: 0.324, Yaw_err_deg: 0.519
Epoch: [22/23], Batch: 1180/2963, Loss: 41.412, Trans_L2_m: 0.264, Yaw_err_deg: 0.445
Epoch: [22/23], Batch: 1190/2963, Loss: 45.193, Trans_L2_m: 0.446, Yaw_err_deg: 0.727
Epoch: [22/23], Batch: 1200/2963, Loss: 43.507, Trans_L2_m: 0.403, Yaw_err_deg: 0.591
Epoch: [22/23], Batch: 1210/2963, Loss: 40.442, Trans_L2_m: 0.299, Yaw_err_deg: 0.755
Epoch: [22/23], Batch: 1220/2963, Loss: 49.306, Trans_L2_m: 0.308, Yaw_err_deg: 0.749
Epoch: [22/23], Batch: 1230/2963, Loss: 48.343, Trans_L2_m: 0.329, Yaw_err_deg: 0.793
Epoch: [22/23], Batch: 1240/2963, Loss: 41.218, Trans_L2_m: 0.410, Yaw_err_deg: 0.547
Epoch: [22/23], Batch: 1250/2963, Loss: 44.751, Trans_L2_m: 0.325, Yaw_err_deg: 0.759
Epoch: [22/23], Batch: 1260/2963, Loss: 50.404, Trans_L2_m: 0.322, Yaw_err_deg: 0.618
Epoch: [22/23], Batch: 1270/2963, Loss: 40.516, Trans_L2_m: 0.246, Yaw_err_deg: 0.657
Epoch: [22/23], Batch: 1280/2963, Loss: 43.831, Trans_L2_m: 0.415, Yaw_err_deg: 0.391
Epoch: [22/23], Batch: 1290/2963, Loss: 41.619, Trans_L2_m: 0.250, Yaw_err_deg: 0.589
Epoch: [22/23], Batch: 1300/2963, Loss: 42.169, Trans_L2_m: 0.352, Yaw_err_deg: 0.597
Epoch: [22/23], Batch: 1310/2963, Loss: 43.117, Trans_L2_m: 0.350, Yaw_err_deg: 0.443
Epoch: [22/23], Batch: 1320/2963, Loss: 44.139, Trans_L2_m: 0.402, Yaw_err_deg: 0.382
Epoch: [22/23], Batch: 1330/2963, Loss: 45.605, Trans_L2_m: 0.389, Yaw_err_deg: 0.570
Epoch: [22/23], Batch: 1340/2963, Loss: 45.741, Trans_L2_m: 0.293, Yaw_err_deg: 0.639
Epoch: [22/23], Batch: 1350/2963, Loss: 45.242, Trans_L2_m: 0.424, Yaw_err_deg: 0.554
Epoch: [22/23], Batch: 1360/2963, Loss: 45.926, Trans_L2_m: 0.404, Yaw_err_deg: 0.672
Epoch: [22/23], Batch: 1370/2963, Loss: 35.895, Trans_L2_m: 0.267, Yaw_err_deg: 0.538
Epoch: [22/23], Batch: 1380/2963, Loss: 48.860, Trans_L2_m: 0.422, Yaw_err_deg: 0.486
Epoch: [22/23], Batch: 1390/2963, Loss: 46.064, Trans_L2_m: 0.353, Yaw_err_deg: 0.972
Epoch: [22/23], Batch: 1400/2963, Loss: 42.895, Trans_L2_m: 0.321, Yaw_err_deg: 0.737
Epoch: [22/23], Batch: 1410/2963, Loss: 47.881, Trans_L2_m: 0.453, Yaw_err_deg: 0.462
Epoch: [22/23], Batch: 1420/2963, Loss: 42.499, Trans_L2_m: 0.416, Yaw_err_deg: 0.462
Epoch: [22/23], Batch: 1430/2963, Loss: 40.919, Trans_L2_m: 0.240, Yaw_err_deg: 0.809
Epoch: [22/23], Batch: 1440/2963, Loss: 45.531, Trans_L2_m: 0.359, Yaw_err_deg: 0.701
Epoch: [22/23], Batch: 1450/2963, Loss: 38.290, Trans_L2_m: 0.193, Yaw_err_deg: 0.697
Epoch: [22/23], Batch: 1460/2963, Loss: 52.579, Trans_L2_m: 0.440, Yaw_err_deg: 0.909
Epoch: [22/23], Batch: 1470/2963, Loss: 43.497, Trans_L2_m: 0.390, Yaw_err_deg: 0.509
Epoch: [22/23], Batch: 1480/2963, Loss: 53.911, Trans_L2_m: 0.312, Yaw_err_deg: 0.422
Epoch: [22/23], Batch: 1490/2963, Loss: 44.103, Trans_L2_m: 0.300, Yaw_err_deg: 0.722
Epoch: [22/23], Batch: 1500/2963, Loss: 47.851, Trans_L2_m: 0.425, Yaw_err_deg: 1.035
Epoch: [22/23], Batch: 1510/2963, Loss: 42.324, Trans_L2_m: 0.457, Yaw_err_deg: 0.528
Epoch: [22/23], Batch: 1520/2963, Loss: 39.644, Trans_L2_m: 0.341, Yaw_err_deg: 0.481
Epoch: [22/23], Batch: 1530/2963, Loss: 59.188, Trans_L2_m: 0.406, Yaw_err_deg: 0.586
Epoch: [22/23], Batch: 1540/2963, Loss: 39.379, Trans_L2_m: 0.396, Yaw_err_deg: 0.465
Epoch: [22/23], Batch: 1550/2963, Loss: 41.504, Trans_L2_m: 0.292, Yaw_err_deg: 0.601
Epoch: [22/23], Batch: 1560/2963, Loss: 40.610, Trans_L2_m: 0.324, Yaw_err_deg: 0.458
Epoch: [22/23], Batch: 1570/2963, Loss: 43.862, Trans_L2_m: 0.315, Yaw_err_deg: 0.594
Epoch: [22/23], Batch: 1580/2963, Loss: 41.887, Trans_L2_m: 0.250, Yaw_err_deg: 0.726
Epoch: [22/23], Batch: 1590/2963, Loss: 49.810, Trans_L2_m: 0.478, Yaw_err_deg: 0.822
Epoch: [22/23], Batch: 1600/2963, Loss: 45.979, Trans_L2_m: 0.414, Yaw_err_deg: 0.652
Epoch: [22/23], Batch: 1610/2963, Loss: 42.587, Trans_L2_m: 0.288, Yaw_err_deg: 0.657
Epoch: [22/23], Batch: 1620/2963, Loss: 41.018, Trans_L2_m: 0.353, Yaw_err_deg: 0.749
Epoch: [22/23], Batch: 1630/2963, Loss: 43.181, Trans_L2_m: 0.295, Yaw_err_deg: 0.663
Epoch: [22/23], Batch: 1640/2963, Loss: 42.556, Trans_L2_m: 0.392, Yaw_err_deg: 0.611
Epoch: [22/23], Batch: 1650/2963, Loss: 47.890, Trans_L2_m: 0.351, Yaw_err_deg: 0.536
Epoch: [22/23], Batch: 1660/2963, Loss: 41.615, Trans_L2_m: 0.258, Yaw_err_deg: 0.725
Epoch: [22/23], Batch: 1670/2963, Loss: 59.838, Trans_L2_m: 0.453, Yaw_err_deg: 1.002
Epoch: [22/23], Batch: 1680/2963, Loss: 41.913, Trans_L2_m: 0.382, Yaw_err_deg: 0.498
Epoch: [22/23], Batch: 1690/2963, Loss: 39.052, Trans_L2_m: 0.252, Yaw_err_deg: 0.488
Epoch: [22/23], Batch: 1700/2963, Loss: 57.072, Trans_L2_m: 0.292, Yaw_err_deg: 0.612
Epoch: [22/23], Batch: 1710/2963, Loss: 43.372, Trans_L2_m: 0.479, Yaw_err_deg: 0.477
Epoch: [22/23], Batch: 1720/2963, Loss: 45.796, Trans_L2_m: 0.363, Yaw_err_deg: 0.632
Epoch: [22/23], Batch: 1730/2963, Loss: 44.344, Trans_L2_m: 0.343, Yaw_err_deg: 0.478
Epoch: [22/23], Batch: 1740/2963, Loss: 40.623, Trans_L2_m: 0.260, Yaw_err_deg: 0.523
Epoch: [22/23], Batch: 1750/2963, Loss: 50.191, Trans_L2_m: 0.316, Yaw_err_deg: 0.902
Epoch: [22/23], Batch: 1760/2963, Loss: 50.935, Trans_L2_m: 0.413, Yaw_err_deg: 0.923
Epoch: [22/23], Batch: 1770/2963, Loss: 40.570, Trans_L2_m: 0.350, Yaw_err_deg: 0.466
Epoch: [22/23], Batch: 1780/2963, Loss: 47.296, Trans_L2_m: 0.462, Yaw_err_deg: 0.415
Epoch: [22/23], Batch: 1790/2963, Loss: 50.221, Trans_L2_m: 0.376, Yaw_err_deg: 1.034
Epoch: [22/23], Batch: 1800/2963, Loss: 41.554, Trans_L2_m: 0.294, Yaw_err_deg: 0.727
Epoch: [22/23], Batch: 1810/2963, Loss: 42.567, Trans_L2_m: 0.364, Yaw_err_deg: 0.606
Epoch: [22/23], Batch: 1820/2963, Loss: 42.184, Trans_L2_m: 0.381, Yaw_err_deg: 0.473
Epoch: [22/23], Batch: 1830/2963, Loss: 46.587, Trans_L2_m: 0.310, Yaw_err_deg: 0.810
Epoch: [22/23], Batch: 1840/2963, Loss: 44.741, Trans_L2_m: 0.295, Yaw_err_deg: 0.800
Epoch: [22/23], Batch: 1850/2963, Loss: 45.405, Trans_L2_m: 0.391, Yaw_err_deg: 0.616
Epoch: [22/23], Batch: 1860/2963, Loss: 43.388, Trans_L2_m: 0.307, Yaw_err_deg: 0.659
Epoch: [22/23], Batch: 1870/2963, Loss: 58.350, Trans_L2_m: 0.402, Yaw_err_deg: 0.811
Epoch: [22/23], Batch: 1880/2963, Loss: 35.367, Trans_L2_m: 0.269, Yaw_err_deg: 0.470
Epoch: [22/23], Batch: 1890/2963, Loss: 44.271, Trans_L2_m: 0.386, Yaw_err_deg: 0.795
Epoch: [22/23], Batch: 1900/2963, Loss: 47.762, Trans_L2_m: 0.332, Yaw_err_deg: 0.755
Epoch: [22/23], Batch: 1910/2963, Loss: 38.917, Trans_L2_m: 0.391, Yaw_err_deg: 0.274
Epoch: [22/23], Batch: 1920/2963, Loss: 41.695, Trans_L2_m: 0.374, Yaw_err_deg: 0.439
Epoch: [22/23], Batch: 1930/2963, Loss: 48.270, Trans_L2_m: 0.317, Yaw_err_deg: 0.768
Epoch: [22/23], Batch: 1940/2963, Loss: 46.097, Trans_L2_m: 0.323, Yaw_err_deg: 0.678
Epoch: [22/23], Batch: 1950/2963, Loss: 42.102, Trans_L2_m: 0.331, Yaw_err_deg: 0.704
Epoch: [22/23], Batch: 1960/2963, Loss: 42.486, Trans_L2_m: 0.326, Yaw_err_deg: 0.636
Epoch: [22/23], Batch: 1970/2963, Loss: 44.467, Trans_L2_m: 0.295, Yaw_err_deg: 0.830
Epoch: [22/23], Batch: 1980/2963, Loss: 45.375, Trans_L2_m: 0.456, Yaw_err_deg: 0.406
Epoch: [22/23], Batch: 1990/2963, Loss: 42.906, Trans_L2_m: 0.390, Yaw_err_deg: 0.769
Epoch: [22/23], Batch: 2000/2963, Loss: 41.667, Trans_L2_m: 0.254, Yaw_err_deg: 0.819
Epoch: [22/23], Batch: 2010/2963, Loss: 41.198, Trans_L2_m: 0.270, Yaw_err_deg: 0.474
Epoch: [22/23], Batch: 2020/2963, Loss: 43.540, Trans_L2_m: 0.388, Yaw_err_deg: 0.690
Epoch: [22/23], Batch: 2030/2963, Loss: 40.432, Trans_L2_m: 0.352, Yaw_err_deg: 0.574
Epoch: [22/23], Batch: 2040/2963, Loss: 52.841, Trans_L2_m: 0.329, Yaw_err_deg: 0.822
Epoch: [22/23], Batch: 2050/2963, Loss: 58.077, Trans_L2_m: 0.419, Yaw_err_deg: 0.632
Epoch: [22/23], Batch: 2060/2963, Loss: 46.259, Trans_L2_m: 0.360, Yaw_err_deg: 0.677
Epoch: [22/23], Batch: 2070/2963, Loss: 40.252, Trans_L2_m: 0.208, Yaw_err_deg: 0.523
Epoch: [22/23], Batch: 2080/2963, Loss: 45.955, Trans_L2_m: 0.355, Yaw_err_deg: 0.665
Epoch: [22/23], Batch: 2090/2963, Loss: 47.202, Trans_L2_m: 0.398, Yaw_err_deg: 0.605
Epoch: [22/23], Batch: 2100/2963, Loss: 42.348, Trans_L2_m: 0.318, Yaw_err_deg: 0.593
Epoch: [22/23], Batch: 2110/2963, Loss: 38.540, Trans_L2_m: 0.329, Yaw_err_deg: 0.461
Epoch: [22/23], Batch: 2120/2963, Loss: 46.473, Trans_L2_m: 0.366, Yaw_err_deg: 0.923
Epoch: [22/23], Batch: 2130/2963, Loss: 46.326, Trans_L2_m: 0.258, Yaw_err_deg: 0.902
Epoch: [22/23], Batch: 2140/2963, Loss: 42.378, Trans_L2_m: 0.309, Yaw_err_deg: 0.470
Epoch: [22/23], Batch: 2150/2963, Loss: 50.276, Trans_L2_m: 0.371, Yaw_err_deg: 0.674
Epoch: [22/23], Batch: 2160/2963, Loss: 56.276, Trans_L2_m: 0.392, Yaw_err_deg: 1.052
Epoch: [22/23], Batch: 2170/2963, Loss: 43.778, Trans_L2_m: 0.314, Yaw_err_deg: 0.733
Epoch: [22/23], Batch: 2180/2963, Loss: 52.073, Trans_L2_m: 0.304, Yaw_err_deg: 0.996
Epoch: [22/23], Batch: 2190/2963, Loss: 44.331, Trans_L2_m: 0.385, Yaw_err_deg: 0.729
Epoch: [22/23], Batch: 2200/2963, Loss: 44.210, Trans_L2_m: 0.439, Yaw_err_deg: 0.474
Epoch: [22/23], Batch: 2210/2963, Loss: 43.805, Trans_L2_m: 0.473, Yaw_err_deg: 0.445
Epoch: [22/23], Batch: 2220/2963, Loss: 44.594, Trans_L2_m: 0.321, Yaw_err_deg: 0.639
Epoch: [22/23], Batch: 2230/2963, Loss: 48.776, Trans_L2_m: 0.458, Yaw_err_deg: 0.606
Epoch: [22/23], Batch: 2240/2963, Loss: 41.551, Trans_L2_m: 0.388, Yaw_err_deg: 0.401
Epoch: [22/23], Batch: 2250/2963, Loss: 39.501, Trans_L2_m: 0.311, Yaw_err_deg: 0.591
Epoch: [22/23], Batch: 2260/2963, Loss: 46.789, Trans_L2_m: 0.433, Yaw_err_deg: 0.667
Epoch: [22/23], Batch: 2270/2963, Loss: 40.316, Trans_L2_m: 0.491, Yaw_err_deg: 0.440
Epoch: [22/23], Batch: 2280/2963, Loss: 40.085, Trans_L2_m: 0.275, Yaw_err_deg: 0.651
Epoch: [22/23], Batch: 2290/2963, Loss: 50.784, Trans_L2_m: 0.470, Yaw_err_deg: 0.663
Epoch: [22/23], Batch: 2300/2963, Loss: 41.751, Trans_L2_m: 0.319, Yaw_err_deg: 0.609
Epoch: [22/23], Batch: 2310/2963, Loss: 50.188, Trans_L2_m: 0.314, Yaw_err_deg: 0.566
Epoch: [22/23], Batch: 2320/2963, Loss: 44.294, Trans_L2_m: 0.316, Yaw_err_deg: 0.842
Epoch: [22/23], Batch: 2330/2963, Loss: 45.413, Trans_L2_m: 0.446, Yaw_err_deg: 0.878
Epoch: [22/23], Batch: 2340/2963, Loss: 37.688, Trans_L2_m: 0.247, Yaw_err_deg: 0.494
Epoch: [22/23], Batch: 2350/2963, Loss: 39.259, Trans_L2_m: 0.254, Yaw_err_deg: 0.479
Epoch: [22/23], Batch: 2360/2963, Loss: 43.101, Trans_L2_m: 0.290, Yaw_err_deg: 0.730
Epoch: [22/23], Batch: 2370/2963, Loss: 47.409, Trans_L2_m: 0.305, Yaw_err_deg: 1.064
Epoch: [22/23], Batch: 2380/2963, Loss: 42.505, Trans_L2_m: 0.375, Yaw_err_deg: 0.611
Epoch: [22/23], Batch: 2390/2963, Loss: 35.977, Trans_L2_m: 0.207, Yaw_err_deg: 0.517
Epoch: [22/23], Batch: 2400/2963, Loss: 42.731, Trans_L2_m: 0.415, Yaw_err_deg: 0.577
Epoch: [22/23], Batch: 2410/2963, Loss: 36.296, Trans_L2_m: 0.362, Yaw_err_deg: 0.447
Epoch: [22/23], Batch: 2420/2963, Loss: 40.398, Trans_L2_m: 0.263, Yaw_err_deg: 0.583
Epoch: [22/23], Batch: 2430/2963, Loss: 38.366, Trans_L2_m: 0.332, Yaw_err_deg: 0.526
Epoch: [22/23], Batch: 2440/2963, Loss: 49.653, Trans_L2_m: 0.367, Yaw_err_deg: 0.709
Epoch: [22/23], Batch: 2450/2963, Loss: 47.444, Trans_L2_m: 0.334, Yaw_err_deg: 0.871
Epoch: [22/23], Batch: 2460/2963, Loss: 38.497, Trans_L2_m: 0.311, Yaw_err_deg: 0.346
Epoch: [22/23], Batch: 2470/2963, Loss: 45.721, Trans_L2_m: 0.413, Yaw_err_deg: 0.462
Epoch: [22/23], Batch: 2480/2963, Loss: 44.251, Trans_L2_m: 0.494, Yaw_err_deg: 0.713
Epoch: [22/23], Batch: 2490/2963, Loss: 42.352, Trans_L2_m: 0.366, Yaw_err_deg: 0.547
Epoch: [22/23], Batch: 2500/2963, Loss: 39.629, Trans_L2_m: 0.315, Yaw_err_deg: 0.432
Epoch: [22/23], Batch: 2510/2963, Loss: 46.537, Trans_L2_m: 0.431, Yaw_err_deg: 0.531
Epoch: [22/23], Batch: 2520/2963, Loss: 43.124, Trans_L2_m: 0.421, Yaw_err_deg: 0.489
Epoch: [22/23], Batch: 2530/2963, Loss: 47.840, Trans_L2_m: 0.423, Yaw_err_deg: 0.524
Epoch: [22/23], Batch: 2540/2963, Loss: 43.620, Trans_L2_m: 0.417, Yaw_err_deg: 0.507
Epoch: [22/23], Batch: 2550/2963, Loss: 38.184, Trans_L2_m: 0.230, Yaw_err_deg: 0.499
Epoch: [22/23], Batch: 2560/2963, Loss: 41.083, Trans_L2_m: 0.315, Yaw_err_deg: 0.595
Epoch: [22/23], Batch: 2570/2963, Loss: 46.528, Trans_L2_m: 0.468, Yaw_err_deg: 0.514
Epoch: [22/23], Batch: 2580/2963, Loss: 41.538, Trans_L2_m: 0.345, Yaw_err_deg: 0.595
Epoch: [22/23], Batch: 2590/2963, Loss: 41.546, Trans_L2_m: 0.304, Yaw_err_deg: 0.693
Epoch: [22/23], Batch: 2600/2963, Loss: 37.714, Trans_L2_m: 0.230, Yaw_err_deg: 0.557
Epoch: [22/23], Batch: 2610/2963, Loss: 47.707, Trans_L2_m: 0.370, Yaw_err_deg: 0.790
Epoch: [22/23], Batch: 2620/2963, Loss: 40.899, Trans_L2_m: 0.357, Yaw_err_deg: 0.513
Epoch: [22/23], Batch: 2630/2963, Loss: 44.391, Trans_L2_m: 0.358, Yaw_err_deg: 0.759
Epoch: [22/23], Batch: 2640/2963, Loss: 78.960, Trans_L2_m: 0.263, Yaw_err_deg: 1.099
Epoch: [22/23], Batch: 2650/2963, Loss: 43.339, Trans_L2_m: 0.288, Yaw_err_deg: 0.466
Epoch: [22/23], Batch: 2660/2963, Loss: 41.898, Trans_L2_m: 0.409, Yaw_err_deg: 0.603
Epoch: [22/23], Batch: 2670/2963, Loss: 44.777, Trans_L2_m: 0.346, Yaw_err_deg: 0.500
Epoch: [22/23], Batch: 2680/2963, Loss: 44.475, Trans_L2_m: 0.320, Yaw_err_deg: 0.788
Epoch: [22/23], Batch: 2690/2963, Loss: 42.498, Trans_L2_m: 0.309, Yaw_err_deg: 0.539
Epoch: [22/23], Batch: 2700/2963, Loss: 43.590, Trans_L2_m: 0.350, Yaw_err_deg: 0.598
Epoch: [22/23], Batch: 2710/2963, Loss: 38.821, Trans_L2_m: 0.309, Yaw_err_deg: 0.398
Epoch: [22/23], Batch: 2720/2963, Loss: 38.007, Trans_L2_m: 0.357, Yaw_err_deg: 0.573
Epoch: [22/23], Batch: 2730/2963, Loss: 39.004, Trans_L2_m: 0.362, Yaw_err_deg: 0.637
Epoch: [22/23], Batch: 2740/2963, Loss: 41.656, Trans_L2_m: 0.376, Yaw_err_deg: 0.374
Epoch: [22/23], Batch: 2750/2963, Loss: 50.931, Trans_L2_m: 0.488, Yaw_err_deg: 0.788
Epoch: [22/23], Batch: 2760/2963, Loss: 36.054, Trans_L2_m: 0.327, Yaw_err_deg: 0.704
Epoch: [22/23], Batch: 2770/2963, Loss: 46.786, Trans_L2_m: 0.320, Yaw_err_deg: 0.664
Epoch: [22/23], Batch: 2780/2963, Loss: 45.050, Trans_L2_m: 0.535, Yaw_err_deg: 0.546
Epoch: [22/23], Batch: 2790/2963, Loss: 53.241, Trans_L2_m: 0.416, Yaw_err_deg: 1.087
Epoch: [22/23], Batch: 2800/2963, Loss: 48.265, Trans_L2_m: 0.404, Yaw_err_deg: 0.722
Epoch: [22/23], Batch: 2810/2963, Loss: 43.035, Trans_L2_m: 0.312, Yaw_err_deg: 0.894
Epoch: [22/23], Batch: 2820/2963, Loss: 39.700, Trans_L2_m: 0.290, Yaw_err_deg: 0.494
Epoch: [22/23], Batch: 2830/2963, Loss: 41.996, Trans_L2_m: 0.351, Yaw_err_deg: 0.598
Epoch: [22/23], Batch: 2840/2963, Loss: 44.942, Trans_L2_m: 0.303, Yaw_err_deg: 0.756
Epoch: [22/23], Batch: 2850/2963, Loss: 39.376, Trans_L2_m: 0.337, Yaw_err_deg: 0.488
Epoch: [22/23], Batch: 2860/2963, Loss: 36.504, Trans_L2_m: 0.317, Yaw_err_deg: 0.366
Epoch: [22/23], Batch: 2870/2963, Loss: 43.871, Trans_L2_m: 0.470, Yaw_err_deg: 0.413
Epoch: [22/23], Batch: 2880/2963, Loss: 41.137, Trans_L2_m: 0.420, Yaw_err_deg: 0.673
Epoch: [22/23], Batch: 2890/2963, Loss: 51.267, Trans_L2_m: 0.255, Yaw_err_deg: 0.812
Epoch: [22/23], Batch: 2900/2963, Loss: 39.605, Trans_L2_m: 0.273, Yaw_err_deg: 0.550
Epoch: [22/23], Batch: 2910/2963, Loss: 36.826, Trans_L2_m: 0.292, Yaw_err_deg: 0.613
Epoch: [22/23], Batch: 2920/2963, Loss: 49.385, Trans_L2_m: 0.414, Yaw_err_deg: 0.632
Epoch: [22/23], Batch: 2930/2963, Loss: 43.759, Trans_L2_m: 0.426, Yaw_err_deg: 0.499
Epoch: [22/23], Batch: 2940/2963, Loss: 46.044, Trans_L2_m: 0.361, Yaw_err_deg: 0.629
Epoch: [22/23], Batch: 2950/2963, Loss: 47.671, Trans_L2_m: 0.319, Yaw_err_deg: 0.741
Epoch: [22/23], Batch: 2960/2963, Loss: 38.228, Trans_L2_m: 0.355, Yaw_err_deg: 0.562
Epoch: [23/23], Batch: 0/2963, Loss: 45.571, Trans_L2_m: 0.440, Yaw_err_deg: 0.676
Epoch: [23/23], Batch: 10/2963, Loss: 58.171, Trans_L2_m: 0.383, Yaw_err_deg: 0.688
Epoch: [23/23], Batch: 20/2963, Loss: 53.824, Trans_L2_m: 0.256, Yaw_err_deg: 0.927
Epoch: [23/23], Batch: 30/2963, Loss: 44.554, Trans_L2_m: 0.406, Yaw_err_deg: 0.499
Epoch: [23/23], Batch: 40/2963, Loss: 44.767, Trans_L2_m: 0.418, Yaw_err_deg: 0.837
Epoch: [23/23], Batch: 50/2963, Loss: 41.469, Trans_L2_m: 0.356, Yaw_err_deg: 0.613
Epoch: [23/23], Batch: 60/2963, Loss: 49.535, Trans_L2_m: 0.370, Yaw_err_deg: 0.567
Epoch: [23/23], Batch: 70/2963, Loss: 43.473, Trans_L2_m: 0.300, Yaw_err_deg: 0.646
Epoch: [23/23], Batch: 80/2963, Loss: 39.123, Trans_L2_m: 0.311, Yaw_err_deg: 0.420
Epoch: [23/23], Batch: 90/2963, Loss: 46.973, Trans_L2_m: 0.241, Yaw_err_deg: 0.906
Epoch: [23/23], Batch: 100/2963, Loss: 37.941, Trans_L2_m: 0.317, Yaw_err_deg: 0.473
Epoch: [23/23], Batch: 110/2963, Loss: 45.173, Trans_L2_m: 0.318, Yaw_err_deg: 0.725
Epoch: [23/23], Batch: 120/2963, Loss: 53.260, Trans_L2_m: 0.378, Yaw_err_deg: 0.753
Epoch: [23/23], Batch: 130/2963, Loss: 43.913, Trans_L2_m: 0.230, Yaw_err_deg: 0.751
Epoch: [23/23], Batch: 140/2963, Loss: 46.487, Trans_L2_m: 0.372, Yaw_err_deg: 0.663
Epoch: [23/23], Batch: 150/2963, Loss: 43.759, Trans_L2_m: 0.447, Yaw_err_deg: 0.467
Epoch: [23/23], Batch: 160/2963, Loss: 49.327, Trans_L2_m: 0.472, Yaw_err_deg: 0.352
Epoch: [23/23], Batch: 170/2963, Loss: 47.533, Trans_L2_m: 0.462, Yaw_err_deg: 0.379
Epoch: [23/23], Batch: 180/2963, Loss: 43.886, Trans_L2_m: 0.376, Yaw_err_deg: 0.572
Epoch: [23/23], Batch: 190/2963, Loss: 45.356, Trans_L2_m: 0.280, Yaw_err_deg: 0.444
Epoch: [23/23], Batch: 200/2963, Loss: 37.302, Trans_L2_m: 0.280, Yaw_err_deg: 0.405
Epoch: [23/23], Batch: 210/2963, Loss: 43.769, Trans_L2_m: 0.381, Yaw_err_deg: 0.422
Epoch: [23/23], Batch: 220/2963, Loss: 51.725, Trans_L2_m: 0.425, Yaw_err_deg: 0.815
Epoch: [23/23], Batch: 230/2963, Loss: 45.035, Trans_L2_m: 0.431, Yaw_err_deg: 0.669
Epoch: [23/23], Batch: 240/2963, Loss: 40.183, Trans_L2_m: 0.315, Yaw_err_deg: 0.655
Epoch: [23/23], Batch: 250/2963, Loss: 48.265, Trans_L2_m: 0.464, Yaw_err_deg: 0.610
Epoch: [23/23], Batch: 260/2963, Loss: 38.359, Trans_L2_m: 0.383, Yaw_err_deg: 0.423
Epoch: [23/23], Batch: 270/2963, Loss: 36.866, Trans_L2_m: 0.295, Yaw_err_deg: 0.410
Epoch: [23/23], Batch: 280/2963, Loss: 45.893, Trans_L2_m: 0.441, Yaw_err_deg: 0.594
Epoch: [23/23], Batch: 290/2963, Loss: 45.334, Trans_L2_m: 0.314, Yaw_err_deg: 0.630
Epoch: [23/23], Batch: 300/2963, Loss: 83.303, Trans_L2_m: 0.293, Yaw_err_deg: 1.440
Epoch: [23/23], Batch: 310/2963, Loss: 38.714, Trans_L2_m: 0.171, Yaw_err_deg: 0.451
Epoch: [23/23], Batch: 320/2963, Loss: 48.163, Trans_L2_m: 0.460, Yaw_err_deg: 0.699
Epoch: [23/23], Batch: 330/2963, Loss: 51.422, Trans_L2_m: 0.624, Yaw_err_deg: 0.576
Epoch: [23/23], Batch: 340/2963, Loss: 39.264, Trans_L2_m: 0.311, Yaw_err_deg: 0.541
Epoch: [23/23], Batch: 350/2963, Loss: 43.096, Trans_L2_m: 0.298, Yaw_err_deg: 0.626
Epoch: [23/23], Batch: 360/2963, Loss: 40.221, Trans_L2_m: 0.202, Yaw_err_deg: 0.482
Epoch: [23/23], Batch: 370/2963, Loss: 41.929, Trans_L2_m: 0.309, Yaw_err_deg: 0.583
Epoch: [23/23], Batch: 380/2963, Loss: 50.579, Trans_L2_m: 0.379, Yaw_err_deg: 0.688
Epoch: [23/23], Batch: 390/2963, Loss: 40.276, Trans_L2_m: 0.354, Yaw_err_deg: 0.633
Epoch: [23/23], Batch: 400/2963, Loss: 43.121, Trans_L2_m: 0.357, Yaw_err_deg: 0.460
Epoch: [23/23], Batch: 410/2963, Loss: 44.679, Trans_L2_m: 0.293, Yaw_err_deg: 0.876
Epoch: [23/23], Batch: 420/2963, Loss: 39.775, Trans_L2_m: 0.410, Yaw_err_deg: 0.494
Epoch: [23/23], Batch: 430/2963, Loss: 40.680, Trans_L2_m: 0.328, Yaw_err_deg: 0.363
Epoch: [23/23], Batch: 440/2963, Loss: 45.855, Trans_L2_m: 0.281, Yaw_err_deg: 0.547
Epoch: [23/23], Batch: 450/2963, Loss: 49.204, Trans_L2_m: 0.422, Yaw_err_deg: 0.502
Epoch: [23/23], Batch: 460/2963, Loss: 40.916, Trans_L2_m: 0.377, Yaw_err_deg: 0.852
Epoch: [23/23], Batch: 470/2963, Loss: 40.762, Trans_L2_m: 0.174, Yaw_err_deg: 0.843
Epoch: [23/23], Batch: 480/2963, Loss: 38.732, Trans_L2_m: 0.341, Yaw_err_deg: 0.567
Epoch: [23/23], Batch: 490/2963, Loss: 44.918, Trans_L2_m: 0.377, Yaw_err_deg: 0.641
Epoch: [23/23], Batch: 500/2963, Loss: 49.458, Trans_L2_m: 0.418, Yaw_err_deg: 0.777
Epoch: [23/23], Batch: 510/2963, Loss: 46.989, Trans_L2_m: 0.338, Yaw_err_deg: 0.788
Epoch: [23/23], Batch: 520/2963, Loss: 45.675, Trans_L2_m: 0.313, Yaw_err_deg: 0.709
Epoch: [23/23], Batch: 530/2963, Loss: 42.013, Trans_L2_m: 0.397, Yaw_err_deg: 0.476
Epoch: [23/23], Batch: 540/2963, Loss: 54.311, Trans_L2_m: 0.517, Yaw_err_deg: 0.467
Epoch: [23/23], Batch: 550/2963, Loss: 40.827, Trans_L2_m: 0.226, Yaw_err_deg: 0.577
Epoch: [23/23], Batch: 560/2963, Loss: 41.398, Trans_L2_m: 0.305, Yaw_err_deg: 0.425
Epoch: [23/23], Batch: 570/2963, Loss: 40.380, Trans_L2_m: 0.331, Yaw_err_deg: 0.468
Epoch: [23/23], Batch: 580/2963, Loss: 46.684, Trans_L2_m: 0.307, Yaw_err_deg: 0.804
Epoch: [23/23], Batch: 590/2963, Loss: 50.820, Trans_L2_m: 0.489, Yaw_err_deg: 0.584
Epoch: [23/23], Batch: 600/2963, Loss: 39.308, Trans_L2_m: 0.216, Yaw_err_deg: 0.525
Epoch: [23/23], Batch: 610/2963, Loss: 40.588, Trans_L2_m: 0.293, Yaw_err_deg: 0.729
Epoch: [23/23], Batch: 620/2963, Loss: 41.358, Trans_L2_m: 0.329, Yaw_err_deg: 0.527
Epoch: [23/23], Batch: 630/2963, Loss: 43.620, Trans_L2_m: 0.326, Yaw_err_deg: 0.506
Epoch: [23/23], Batch: 640/2963, Loss: 39.652, Trans_L2_m: 0.247, Yaw_err_deg: 0.519
Epoch: [23/23], Batch: 650/2963, Loss: 37.676, Trans_L2_m: 0.359, Yaw_err_deg: 0.446
Epoch: [23/23], Batch: 660/2963, Loss: 42.766, Trans_L2_m: 0.415, Yaw_err_deg: 0.657
Epoch: [23/23], Batch: 670/2963, Loss: 46.999, Trans_L2_m: 0.368, Yaw_err_deg: 0.327
Epoch: [23/23], Batch: 680/2963, Loss: 38.494, Trans_L2_m: 0.293, Yaw_err_deg: 0.545
Epoch: [23/23], Batch: 690/2963, Loss: 40.806, Trans_L2_m: 0.413, Yaw_err_deg: 0.547
Epoch: [23/23], Batch: 700/2963, Loss: 40.218, Trans_L2_m: 0.366, Yaw_err_deg: 0.588
Epoch: [23/23], Batch: 710/2963, Loss: 43.237, Trans_L2_m: 0.365, Yaw_err_deg: 0.578
Epoch: [23/23], Batch: 720/2963, Loss: 41.718, Trans_L2_m: 0.378, Yaw_err_deg: 0.416
Epoch: [23/23], Batch: 730/2963, Loss: 48.323, Trans_L2_m: 0.361, Yaw_err_deg: 0.900
Epoch: [23/23], Batch: 740/2963, Loss: 43.456, Trans_L2_m: 0.314, Yaw_err_deg: 0.557
Epoch: [23/23], Batch: 750/2963, Loss: 42.878, Trans_L2_m: 0.451, Yaw_err_deg: 0.331
Epoch: [23/23], Batch: 760/2963, Loss: 41.812, Trans_L2_m: 0.348, Yaw_err_deg: 0.546
Epoch: [23/23], Batch: 770/2963, Loss: 45.107, Trans_L2_m: 0.381, Yaw_err_deg: 0.558
Epoch: [23/23], Batch: 780/2963, Loss: 38.887, Trans_L2_m: 0.299, Yaw_err_deg: 0.394
Epoch: [23/23], Batch: 790/2963, Loss: 43.785, Trans_L2_m: 0.348, Yaw_err_deg: 0.590
Epoch: [23/23], Batch: 800/2963, Loss: 44.217, Trans_L2_m: 0.299, Yaw_err_deg: 0.911
Epoch: [23/23], Batch: 810/2963, Loss: 39.972, Trans_L2_m: 0.350, Yaw_err_deg: 0.566
Epoch: [23/23], Batch: 820/2963, Loss: 61.870, Trans_L2_m: 0.573, Yaw_err_deg: 0.664
Epoch: [23/23], Batch: 830/2963, Loss: 38.095, Trans_L2_m: 0.348, Yaw_err_deg: 0.452
Epoch: [23/23], Batch: 840/2963, Loss: 39.901, Trans_L2_m: 0.341, Yaw_err_deg: 0.414
Epoch: [23/23], Batch: 850/2963, Loss: 39.860, Trans_L2_m: 0.213, Yaw_err_deg: 0.579
Epoch: [23/23], Batch: 860/2963, Loss: 36.966, Trans_L2_m: 0.301, Yaw_err_deg: 0.519
Epoch: [23/23], Batch: 870/2963, Loss: 39.426, Trans_L2_m: 0.272, Yaw_err_deg: 0.809
Epoch: [23/23], Batch: 880/2963, Loss: 46.655, Trans_L2_m: 0.376, Yaw_err_deg: 0.658
Epoch: [23/23], Batch: 890/2963, Loss: 45.723, Trans_L2_m: 0.320, Yaw_err_deg: 0.794
Epoch: [23/23], Batch: 900/2963, Loss: 39.205, Trans_L2_m: 0.275, Yaw_err_deg: 0.531
Epoch: [23/23], Batch: 910/2963, Loss: 51.331, Trans_L2_m: 0.458, Yaw_err_deg: 0.769
Epoch: [23/23], Batch: 920/2963, Loss: 39.961, Trans_L2_m: 0.288, Yaw_err_deg: 0.560
Epoch: [23/23], Batch: 930/2963, Loss: 34.809, Trans_L2_m: 0.223, Yaw_err_deg: 0.446
Epoch: [23/23], Batch: 940/2963, Loss: 44.886, Trans_L2_m: 0.370, Yaw_err_deg: 0.614
Epoch: [23/23], Batch: 950/2963, Loss: 36.062, Trans_L2_m: 0.275, Yaw_err_deg: 0.485
Epoch: [23/23], Batch: 960/2963, Loss: 46.522, Trans_L2_m: 0.424, Yaw_err_deg: 0.537
Epoch: [23/23], Batch: 970/2963, Loss: 48.400, Trans_L2_m: 0.320, Yaw_err_deg: 0.760
Epoch: [23/23], Batch: 980/2963, Loss: 43.770, Trans_L2_m: 0.214, Yaw_err_deg: 0.804
Epoch: [23/23], Batch: 990/2963, Loss: 42.874, Trans_L2_m: 0.285, Yaw_err_deg: 0.613
Epoch: [23/23], Batch: 1000/2963, Loss: 40.063, Trans_L2_m: 0.389, Yaw_err_deg: 0.291
Epoch: [23/23], Batch: 1010/2963, Loss: 48.991, Trans_L2_m: 0.365, Yaw_err_deg: 0.694
Epoch: [23/23], Batch: 1020/2963, Loss: 47.167, Trans_L2_m: 0.386, Yaw_err_deg: 0.745
Epoch: [23/23], Batch: 1030/2963, Loss: 38.180, Trans_L2_m: 0.249, Yaw_err_deg: 0.653
Epoch: [23/23], Batch: 1040/2963, Loss: 44.448, Trans_L2_m: 0.405, Yaw_err_deg: 0.629
Epoch: [23/23], Batch: 1050/2963, Loss: 43.102, Trans_L2_m: 0.329, Yaw_err_deg: 0.375
Epoch: [23/23], Batch: 1060/2963, Loss: 44.186, Trans_L2_m: 0.439, Yaw_err_deg: 0.547
Epoch: [23/23], Batch: 1070/2963, Loss: 41.740, Trans_L2_m: 0.368, Yaw_err_deg: 0.541
Epoch: [23/23], Batch: 1080/2963, Loss: 42.671, Trans_L2_m: 0.377, Yaw_err_deg: 0.680
Epoch: [23/23], Batch: 1090/2963, Loss: 41.737, Trans_L2_m: 0.266, Yaw_err_deg: 0.687
Epoch: [23/23], Batch: 1100/2963, Loss: 47.109, Trans_L2_m: 0.340, Yaw_err_deg: 0.954
Epoch: [23/23], Batch: 1110/2963, Loss: 48.300, Trans_L2_m: 0.433, Yaw_err_deg: 0.651
Epoch: [23/23], Batch: 1120/2963, Loss: 39.949, Trans_L2_m: 0.214, Yaw_err_deg: 0.447
Epoch: [23/23], Batch: 1130/2963, Loss: 71.600, Trans_L2_m: 0.346, Yaw_err_deg: 1.049
Epoch: [23/23], Batch: 1140/2963, Loss: 41.361, Trans_L2_m: 0.255, Yaw_err_deg: 0.620
Epoch: [23/23], Batch: 1150/2963, Loss: 39.372, Trans_L2_m: 0.281, Yaw_err_deg: 0.489
Epoch: [23/23], Batch: 1160/2963, Loss: 41.428, Trans_L2_m: 0.341, Yaw_err_deg: 0.508
Epoch: [23/23], Batch: 1170/2963, Loss: 45.239, Trans_L2_m: 0.400, Yaw_err_deg: 0.485
Epoch: [23/23], Batch: 1180/2963, Loss: 47.098, Trans_L2_m: 0.357, Yaw_err_deg: 0.613
Epoch: [23/23], Batch: 1190/2963, Loss: 36.892, Trans_L2_m: 0.263, Yaw_err_deg: 0.405
Epoch: [23/23], Batch: 1200/2963, Loss: 38.886, Trans_L2_m: 0.262, Yaw_err_deg: 0.617
Epoch: [23/23], Batch: 1210/2963, Loss: 42.075, Trans_L2_m: 0.319, Yaw_err_deg: 0.779
Epoch: [23/23], Batch: 1220/2963, Loss: 43.154, Trans_L2_m: 0.358, Yaw_err_deg: 0.540
Epoch: [23/23], Batch: 1230/2963, Loss: 39.826, Trans_L2_m: 0.298, Yaw_err_deg: 0.629
Epoch: [23/23], Batch: 1240/2963, Loss: 39.841, Trans_L2_m: 0.365, Yaw_err_deg: 0.604
Epoch: [23/23], Batch: 1250/2963, Loss: 42.068, Trans_L2_m: 0.389, Yaw_err_deg: 0.637
Epoch: [23/23], Batch: 1260/2963, Loss: 40.668, Trans_L2_m: 0.349, Yaw_err_deg: 0.611
Epoch: [23/23], Batch: 1270/2963, Loss: 39.838, Trans_L2_m: 0.233, Yaw_err_deg: 0.598
Epoch: [23/23], Batch: 1280/2963, Loss: 104.633, Trans_L2_m: 0.355, Yaw_err_deg: 1.254
Epoch: [23/23], Batch: 1290/2963, Loss: 41.638, Trans_L2_m: 0.350, Yaw_err_deg: 0.453
Epoch: [23/23], Batch: 1300/2963, Loss: 46.236, Trans_L2_m: 0.359, Yaw_err_deg: 0.961
Epoch: [23/23], Batch: 1310/2963, Loss: 39.272, Trans_L2_m: 0.278, Yaw_err_deg: 0.481
Epoch: [23/23], Batch: 1320/2963, Loss: 46.577, Trans_L2_m: 0.428, Yaw_err_deg: 0.699
Epoch: [23/23], Batch: 1330/2963, Loss: 47.711, Trans_L2_m: 0.430, Yaw_err_deg: 0.852
Epoch: [23/23], Batch: 1340/2963, Loss: 43.165, Trans_L2_m: 0.430, Yaw_err_deg: 0.589
Epoch: [23/23], Batch: 1350/2963, Loss: 44.242, Trans_L2_m: 0.278, Yaw_err_deg: 0.811
Epoch: [23/23], Batch: 1360/2963, Loss: 39.537, Trans_L2_m: 0.371, Yaw_err_deg: 0.472
Epoch: [23/23], Batch: 1370/2963, Loss: 39.528, Trans_L2_m: 0.507, Yaw_err_deg: 0.294
Epoch: [23/23], Batch: 1380/2963, Loss: 45.400, Trans_L2_m: 0.344, Yaw_err_deg: 0.617
Epoch: [23/23], Batch: 1390/2963, Loss: 52.155, Trans_L2_m: 0.302, Yaw_err_deg: 0.532
Epoch: [23/23], Batch: 1400/2963, Loss: 41.191, Trans_L2_m: 0.406, Yaw_err_deg: 0.334
Epoch: [23/23], Batch: 1410/2963, Loss: 45.104, Trans_L2_m: 0.406, Yaw_err_deg: 0.645
Epoch: [23/23], Batch: 1420/2963, Loss: 47.261, Trans_L2_m: 0.377, Yaw_err_deg: 0.681
Epoch: [23/23], Batch: 1430/2963, Loss: 41.804, Trans_L2_m: 0.426, Yaw_err_deg: 0.512
Epoch: [23/23], Batch: 1440/2963, Loss: 45.543, Trans_L2_m: 0.440, Yaw_err_deg: 0.603
Epoch: [23/23], Batch: 1450/2963, Loss: 42.887, Trans_L2_m: 0.237, Yaw_err_deg: 0.619
Epoch: [23/23], Batch: 1460/2963, Loss: 47.372, Trans_L2_m: 0.353, Yaw_err_deg: 0.834
Epoch: [23/23], Batch: 1470/2963, Loss: 43.999, Trans_L2_m: 0.304, Yaw_err_deg: 0.451
Epoch: [23/23], Batch: 1480/2963, Loss: 41.521, Trans_L2_m: 0.433, Yaw_err_deg: 0.499
Epoch: [23/23], Batch: 1490/2963, Loss: 53.043, Trans_L2_m: 0.387, Yaw_err_deg: 1.122
Epoch: [23/23], Batch: 1500/2963, Loss: 41.691, Trans_L2_m: 0.315, Yaw_err_deg: 0.576
Epoch: [23/23], Batch: 1510/2963, Loss: 44.726, Trans_L2_m: 0.389, Yaw_err_deg: 0.784
Epoch: [23/23], Batch: 1520/2963, Loss: 47.855, Trans_L2_m: 0.400, Yaw_err_deg: 0.718
Epoch: [23/23], Batch: 1530/2963, Loss: 46.941, Trans_L2_m: 0.453, Yaw_err_deg: 0.601
Epoch: [23/23], Batch: 1540/2963, Loss: 38.325, Trans_L2_m: 0.353, Yaw_err_deg: 0.477
Epoch: [23/23], Batch: 1550/2963, Loss: 39.250, Trans_L2_m: 0.391, Yaw_err_deg: 0.328
Epoch: [23/23], Batch: 1560/2963, Loss: 52.290, Trans_L2_m: 0.491, Yaw_err_deg: 0.799
Epoch: [23/23], Batch: 1570/2963, Loss: 38.971, Trans_L2_m: 0.224, Yaw_err_deg: 0.696
Epoch: [23/23], Batch: 1580/2963, Loss: 44.565, Trans_L2_m: 0.476, Yaw_err_deg: 0.511
Epoch: [23/23], Batch: 1590/2963, Loss: 41.314, Trans_L2_m: 0.309, Yaw_err_deg: 0.460
Epoch: [23/23], Batch: 1600/2963, Loss: 39.515, Trans_L2_m: 0.378, Yaw_err_deg: 0.481
Epoch: [23/23], Batch: 1610/2963, Loss: 45.009, Trans_L2_m: 0.386, Yaw_err_deg: 0.500
Epoch: [23/23], Batch: 1620/2963, Loss: 43.654, Trans_L2_m: 0.345, Yaw_err_deg: 0.743
Epoch: [23/23], Batch: 1630/2963, Loss: 42.999, Trans_L2_m: 0.365, Yaw_err_deg: 0.783
Epoch: [23/23], Batch: 1640/2963, Loss: 43.924, Trans_L2_m: 0.438, Yaw_err_deg: 0.384
Epoch: [23/23], Batch: 1650/2963, Loss: 39.980, Trans_L2_m: 0.384, Yaw_err_deg: 0.558
Epoch: [23/23], Batch: 1660/2963, Loss: 39.362, Trans_L2_m: 0.207, Yaw_err_deg: 0.683
Epoch: [23/23], Batch: 1670/2963, Loss: 46.080, Trans_L2_m: 0.383, Yaw_err_deg: 0.569
Epoch: [23/23], Batch: 1680/2963, Loss: 47.923, Trans_L2_m: 0.412, Yaw_err_deg: 0.383
Epoch: [23/23], Batch: 1690/2963, Loss: 50.029, Trans_L2_m: 0.540, Yaw_err_deg: 0.578
Epoch: [23/23], Batch: 1700/2963, Loss: 40.688, Trans_L2_m: 0.390, Yaw_err_deg: 0.418
Epoch: [23/23], Batch: 1710/2963, Loss: 48.124, Trans_L2_m: 0.517, Yaw_err_deg: 0.567
Epoch: [23/23], Batch: 1720/2963, Loss: 44.199, Trans_L2_m: 0.390, Yaw_err_deg: 0.530
Epoch: [23/23], Batch: 1730/2963, Loss: 41.456, Trans_L2_m: 0.325, Yaw_err_deg: 0.456
Epoch: [23/23], Batch: 1740/2963, Loss: 45.546, Trans_L2_m: 0.346, Yaw_err_deg: 0.579
Epoch: [23/23], Batch: 1750/2963, Loss: 38.323, Trans_L2_m: 0.270, Yaw_err_deg: 0.517
Epoch: [23/23], Batch: 1760/2963, Loss: 38.034, Trans_L2_m: 0.242, Yaw_err_deg: 0.525
Epoch: [23/23], Batch: 1770/2963, Loss: 43.284, Trans_L2_m: 0.454, Yaw_err_deg: 0.305
Epoch: [23/23], Batch: 1780/2963, Loss: 46.896, Trans_L2_m: 0.347, Yaw_err_deg: 1.047
Epoch: [23/23], Batch: 1790/2963, Loss: 42.947, Trans_L2_m: 0.254, Yaw_err_deg: 0.517
Epoch: [23/23], Batch: 1800/2963, Loss: 43.731, Trans_L2_m: 0.320, Yaw_err_deg: 0.529
Epoch: [23/23], Batch: 1810/2963, Loss: 39.273, Trans_L2_m: 0.287, Yaw_err_deg: 0.468
Epoch: [23/23], Batch: 1820/2963, Loss: 56.466, Trans_L2_m: 0.326, Yaw_err_deg: 0.928
Epoch: [23/23], Batch: 1830/2963, Loss: 39.898, Trans_L2_m: 0.308, Yaw_err_deg: 0.663
Epoch: [23/23], Batch: 1840/2963, Loss: 38.795, Trans_L2_m: 0.333, Yaw_err_deg: 0.559
Epoch: [23/23], Batch: 1850/2963, Loss: 46.348, Trans_L2_m: 0.319, Yaw_err_deg: 0.463
Epoch: [23/23], Batch: 1860/2963, Loss: 56.742, Trans_L2_m: 0.271, Yaw_err_deg: 1.198
Epoch: [23/23], Batch: 1870/2963, Loss: 43.403, Trans_L2_m: 0.309, Yaw_err_deg: 0.783
Epoch: [23/23], Batch: 1880/2963, Loss: 45.497, Trans_L2_m: 0.288, Yaw_err_deg: 0.692
Epoch: [23/23], Batch: 1890/2963, Loss: 39.404, Trans_L2_m: 0.327, Yaw_err_deg: 0.498
Epoch: [23/23], Batch: 1900/2963, Loss: 43.811, Trans_L2_m: 0.435, Yaw_err_deg: 0.335
Epoch: [23/23], Batch: 1910/2963, Loss: 40.370, Trans_L2_m: 0.236, Yaw_err_deg: 0.616
Epoch: [23/23], Batch: 1920/2963, Loss: 36.867, Trans_L2_m: 0.274, Yaw_err_deg: 0.609
Epoch: [23/23], Batch: 1930/2963, Loss: 38.925, Trans_L2_m: 0.272, Yaw_err_deg: 0.576
Epoch: [23/23], Batch: 1940/2963, Loss: 48.211, Trans_L2_m: 0.436, Yaw_err_deg: 0.625
Epoch: [23/23], Batch: 1950/2963, Loss: 44.014, Trans_L2_m: 0.433, Yaw_err_deg: 0.592
Epoch: [23/23], Batch: 1960/2963, Loss: 42.971, Trans_L2_m: 0.401, Yaw_err_deg: 0.662
Epoch: [23/23], Batch: 1970/2963, Loss: 36.432, Trans_L2_m: 0.273, Yaw_err_deg: 0.612
Epoch: [23/23], Batch: 1980/2963, Loss: 48.044, Trans_L2_m: 0.473, Yaw_err_deg: 0.509
Epoch: [23/23], Batch: 1990/2963, Loss: 45.198, Trans_L2_m: 0.370, Yaw_err_deg: 0.565
Epoch: [23/23], Batch: 2000/2963, Loss: 39.585, Trans_L2_m: 0.303, Yaw_err_deg: 0.459
Epoch: [23/23], Batch: 2010/2963, Loss: 38.271, Trans_L2_m: 0.250, Yaw_err_deg: 0.446
Epoch: [23/23], Batch: 2020/2963, Loss: 43.219, Trans_L2_m: 0.373, Yaw_err_deg: 0.499
Epoch: [23/23], Batch: 2030/2963, Loss: 44.002, Trans_L2_m: 0.316, Yaw_err_deg: 0.360
Epoch: [23/23], Batch: 2040/2963, Loss: 41.674, Trans_L2_m: 0.282, Yaw_err_deg: 0.452
Epoch: [23/23], Batch: 2050/2963, Loss: 39.685, Trans_L2_m: 0.231, Yaw_err_deg: 0.531
Epoch: [23/23], Batch: 2060/2963, Loss: 40.072, Trans_L2_m: 0.329, Yaw_err_deg: 0.508
Epoch: [23/23], Batch: 2070/2963, Loss: 45.455, Trans_L2_m: 0.330, Yaw_err_deg: 0.523
Epoch: [23/23], Batch: 2080/2963, Loss: 38.290, Trans_L2_m: 0.337, Yaw_err_deg: 0.459
Epoch: [23/23], Batch: 2090/2963, Loss: 42.578, Trans_L2_m: 0.285, Yaw_err_deg: 0.741
Epoch: [23/23], Batch: 2100/2963, Loss: 40.429, Trans_L2_m: 0.297, Yaw_err_deg: 0.451
Epoch: [23/23], Batch: 2110/2963, Loss: 42.173, Trans_L2_m: 0.347, Yaw_err_deg: 0.464
Epoch: [23/23], Batch: 2120/2963, Loss: 46.365, Trans_L2_m: 0.422, Yaw_err_deg: 0.540
Epoch: [23/23], Batch: 2130/2963, Loss: 43.707, Trans_L2_m: 0.447, Yaw_err_deg: 0.482
Epoch: [23/23], Batch: 2140/2963, Loss: 46.721, Trans_L2_m: 0.388, Yaw_err_deg: 0.803
Epoch: [23/23], Batch: 2150/2963, Loss: 44.812, Trans_L2_m: 0.447, Yaw_err_deg: 0.511
Epoch: [23/23], Batch: 2160/2963, Loss: 45.908, Trans_L2_m: 0.411, Yaw_err_deg: 0.340
Epoch: [23/23], Batch: 2170/2963, Loss: 40.841, Trans_L2_m: 0.232, Yaw_err_deg: 0.603
Epoch: [23/23], Batch: 2180/2963, Loss: 45.288, Trans_L2_m: 0.377, Yaw_err_deg: 0.472
Epoch: [23/23], Batch: 2190/2963, Loss: 41.924, Trans_L2_m: 0.308, Yaw_err_deg: 0.515
Epoch: [23/23], Batch: 2200/2963, Loss: 45.960, Trans_L2_m: 0.432, Yaw_err_deg: 0.565
Epoch: [23/23], Batch: 2210/2963, Loss: 37.138, Trans_L2_m: 0.301, Yaw_err_deg: 0.329
Epoch: [23/23], Batch: 2220/2963, Loss: 37.718, Trans_L2_m: 0.283, Yaw_err_deg: 0.557
Epoch: [23/23], Batch: 2230/2963, Loss: 54.396, Trans_L2_m: 0.558, Yaw_err_deg: 0.711
Epoch: [23/23], Batch: 2240/2963, Loss: 43.131, Trans_L2_m: 0.405, Yaw_err_deg: 0.605
Epoch: [23/23], Batch: 2250/2963, Loss: 41.964, Trans_L2_m: 0.287, Yaw_err_deg: 0.698
Epoch: [23/23], Batch: 2260/2963, Loss: 40.522, Trans_L2_m: 0.400, Yaw_err_deg: 0.498
Epoch: [23/23], Batch: 2270/2963, Loss: 39.111, Trans_L2_m: 0.321, Yaw_err_deg: 0.406
Epoch: [23/23], Batch: 2280/2963, Loss: 42.607, Trans_L2_m: 0.321, Yaw_err_deg: 0.531
Epoch: [23/23], Batch: 2290/2963, Loss: 44.119, Trans_L2_m: 0.290, Yaw_err_deg: 0.543
Epoch: [23/23], Batch: 2300/2963, Loss: 46.799, Trans_L2_m: 0.317, Yaw_err_deg: 0.778
Epoch: [23/23], Batch: 2310/2963, Loss: 41.657, Trans_L2_m: 0.304, Yaw_err_deg: 0.431
Epoch: [23/23], Batch: 2320/2963, Loss: 43.914, Trans_L2_m: 0.359, Yaw_err_deg: 0.674
Epoch: [23/23], Batch: 2330/2963, Loss: 51.108, Trans_L2_m: 0.333, Yaw_err_deg: 0.683
Epoch: [23/23], Batch: 2340/2963, Loss: 51.192, Trans_L2_m: 0.311, Yaw_err_deg: 0.484
Epoch: [23/23], Batch: 2350/2963, Loss: 39.177, Trans_L2_m: 0.259, Yaw_err_deg: 0.458
Epoch: [23/23], Batch: 2360/2963, Loss: 35.133, Trans_L2_m: 0.280, Yaw_err_deg: 0.335
Epoch: [23/23], Batch: 2370/2963, Loss: 41.961, Trans_L2_m: 0.384, Yaw_err_deg: 0.475
Epoch: [23/23], Batch: 2380/2963, Loss: 68.378, Trans_L2_m: 0.512, Yaw_err_deg: 0.744
Epoch: [23/23], Batch: 2390/2963, Loss: 44.911, Trans_L2_m: 0.402, Yaw_err_deg: 0.459
Epoch: [23/23], Batch: 2400/2963, Loss: 44.613, Trans_L2_m: 0.459, Yaw_err_deg: 0.505
Epoch: [23/23], Batch: 2410/2963, Loss: 47.712, Trans_L2_m: 0.414, Yaw_err_deg: 0.688
Epoch: [23/23], Batch: 2420/2963, Loss: 38.412, Trans_L2_m: 0.339, Yaw_err_deg: 0.592
Epoch: [23/23], Batch: 2430/2963, Loss: 32.448, Trans_L2_m: 0.225, Yaw_err_deg: 0.453
Epoch: [23/23], Batch: 2440/2963, Loss: 40.748, Trans_L2_m: 0.393, Yaw_err_deg: 0.542
Epoch: [23/23], Batch: 2450/2963, Loss: 42.336, Trans_L2_m: 0.279, Yaw_err_deg: 0.540
Epoch: [23/23], Batch: 2460/2963, Loss: 47.729, Trans_L2_m: 0.400, Yaw_err_deg: 0.803
Epoch: [23/23], Batch: 2470/2963, Loss: 38.484, Trans_L2_m: 0.299, Yaw_err_deg: 0.561
Epoch: [23/23], Batch: 2480/2963, Loss: 42.233, Trans_L2_m: 0.261, Yaw_err_deg: 0.753
Epoch: [23/23], Batch: 2490/2963, Loss: 42.175, Trans_L2_m: 0.382, Yaw_err_deg: 0.442
Epoch: [23/23], Batch: 2500/2963, Loss: 42.497, Trans_L2_m: 0.364, Yaw_err_deg: 0.410
Epoch: [23/23], Batch: 2510/2963, Loss: 53.111, Trans_L2_m: 0.370, Yaw_err_deg: 0.719
Epoch: [23/23], Batch: 2520/2963, Loss: 43.544, Trans_L2_m: 0.444, Yaw_err_deg: 0.522
Epoch: [23/23], Batch: 2530/2963, Loss: 43.815, Trans_L2_m: 0.347, Yaw_err_deg: 0.441
Epoch: [23/23], Batch: 2540/2963, Loss: 35.807, Trans_L2_m: 0.313, Yaw_err_deg: 0.487
Epoch: [23/23], Batch: 2550/2963, Loss: 39.130, Trans_L2_m: 0.300, Yaw_err_deg: 0.649
Epoch: [23/23], Batch: 2560/2963, Loss: 41.974, Trans_L2_m: 0.277, Yaw_err_deg: 0.542
Epoch: [23/23], Batch: 2570/2963, Loss: 46.343, Trans_L2_m: 0.342, Yaw_err_deg: 0.603
Epoch: [23/23], Batch: 2580/2963, Loss: 47.876, Trans_L2_m: 0.465, Yaw_err_deg: 0.630
Epoch: [23/23], Batch: 2590/2963, Loss: 35.279, Trans_L2_m: 0.239, Yaw_err_deg: 0.712
Epoch: [23/23], Batch: 2600/2963, Loss: 43.110, Trans_L2_m: 0.300, Yaw_err_deg: 0.619
Epoch: [23/23], Batch: 2610/2963, Loss: 43.140, Trans_L2_m: 0.314, Yaw_err_deg: 0.653
Epoch: [23/23], Batch: 2620/2963, Loss: 40.714, Trans_L2_m: 0.270, Yaw_err_deg: 0.574
Epoch: [23/23], Batch: 2630/2963, Loss: 40.523, Trans_L2_m: 0.270, Yaw_err_deg: 0.468
Epoch: [23/23], Batch: 2640/2963, Loss: 42.258, Trans_L2_m: 0.383, Yaw_err_deg: 0.422
Epoch: [23/23], Batch: 2650/2963, Loss: 43.508, Trans_L2_m: 0.403, Yaw_err_deg: 0.418
Epoch: [23/23], Batch: 2660/2963, Loss: 54.211, Trans_L2_m: 0.391, Yaw_err_deg: 0.850
Epoch: [23/23], Batch: 2670/2963, Loss: 35.777, Trans_L2_m: 0.223, Yaw_err_deg: 0.606
Epoch: [23/23], Batch: 2680/2963, Loss: 39.455, Trans_L2_m: 0.298, Yaw_err_deg: 0.410
Epoch: [23/23], Batch: 2690/2963, Loss: 40.423, Trans_L2_m: 0.374, Yaw_err_deg: 0.458
Epoch: [23/23], Batch: 2700/2963, Loss: 53.770, Trans_L2_m: 0.372, Yaw_err_deg: 0.735
Epoch: [23/23], Batch: 2710/2963, Loss: 51.200, Trans_L2_m: 0.252, Yaw_err_deg: 0.980
Epoch: [23/23], Batch: 2720/2963, Loss: 38.905, Trans_L2_m: 0.284, Yaw_err_deg: 0.483
Epoch: [23/23], Batch: 2730/2963, Loss: 39.447, Trans_L2_m: 0.248, Yaw_err_deg: 0.576
Epoch: [23/23], Batch: 2740/2963, Loss: 49.997, Trans_L2_m: 0.388, Yaw_err_deg: 0.845
Epoch: [23/23], Batch: 2750/2963, Loss: 41.506, Trans_L2_m: 0.297, Yaw_err_deg: 0.576
Epoch: [23/23], Batch: 2760/2963, Loss: 46.619, Trans_L2_m: 0.287, Yaw_err_deg: 0.542
Epoch: [23/23], Batch: 2770/2963, Loss: 44.043, Trans_L2_m: 0.377, Yaw_err_deg: 0.404
Epoch: [23/23], Batch: 2780/2963, Loss: 48.447, Trans_L2_m: 0.385, Yaw_err_deg: 0.736
Epoch: [23/23], Batch: 2790/2963, Loss: 38.109, Trans_L2_m: 0.244, Yaw_err_deg: 0.510
Epoch: [23/23], Batch: 2800/2963, Loss: 37.818, Trans_L2_m: 0.316, Yaw_err_deg: 0.471
Epoch: [23/23], Batch: 2810/2963, Loss: 40.104, Trans_L2_m: 0.299, Yaw_err_deg: 0.400
Epoch: [23/23], Batch: 2820/2963, Loss: 42.758, Trans_L2_m: 0.345, Yaw_err_deg: 0.380
Epoch: [23/23], Batch: 2830/2963, Loss: 41.685, Trans_L2_m: 0.232, Yaw_err_deg: 0.660
Epoch: [23/23], Batch: 2840/2963, Loss: 43.334, Trans_L2_m: 0.320, Yaw_err_deg: 0.485
Epoch: [23/23], Batch: 2850/2963, Loss: 39.754, Trans_L2_m: 0.322, Yaw_err_deg: 0.555
Epoch: [23/23], Batch: 2860/2963, Loss: 41.870, Trans_L2_m: 0.220, Yaw_err_deg: 0.730
Epoch: [23/23], Batch: 2870/2963, Loss: 41.686, Trans_L2_m: 0.295, Yaw_err_deg: 0.567
Epoch: [23/23], Batch: 2880/2963, Loss: 42.028, Trans_L2_m: 0.232, Yaw_err_deg: 0.563
Epoch: [23/23], Batch: 2890/2963, Loss: 37.900, Trans_L2_m: 0.382, Yaw_err_deg: 0.408
Epoch: [23/23], Batch: 2900/2963, Loss: 45.373, Trans_L2_m: 0.383, Yaw_err_deg: 0.736
Epoch: [23/23], Batch: 2910/2963, Loss: 41.051, Trans_L2_m: 0.293, Yaw_err_deg: 0.584
Epoch: [23/23], Batch: 2920/2963, Loss: 41.898, Trans_L2_m: 0.273, Yaw_err_deg: 0.455
Epoch: [23/23], Batch: 2930/2963, Loss: 53.549, Trans_L2_m: 0.282, Yaw_err_deg: 0.805
Epoch: [23/23], Batch: 2940/2963, Loss: 41.306, Trans_L2_m: 0.284, Yaw_err_deg: 0.675
Epoch: [23/23], Batch: 2950/2963, Loss: 42.890, Trans_L2_m: 0.318, Yaw_err_deg: 0.689
Epoch: [23/23], Batch: 2960/2963, Loss: 46.454, Trans_L2_m: 0.352, Yaw_err_deg: 0.625
Validation loss (homography): 943.4957
Avg batch time: 1005.98 ms, total: 326.358 s
[1;91mVal has no improvement vs 805.7615356445312![0m
Epoch: [24/23], Batch: 0/2963, Loss: 40.946, Trans_L2_m: 0.278, Yaw_err_deg: 0.469
Epoch: [24/23], Batch: 10/2963, Loss: 43.215, Trans_L2_m: 0.195, Yaw_err_deg: 0.680
Epoch: [24/23], Batch: 20/2963, Loss: 45.309, Trans_L2_m: 0.378, Yaw_err_deg: 0.471
Epoch: [24/23], Batch: 30/2963, Loss: 46.265, Trans_L2_m: 0.434, Yaw_err_deg: 0.492
Epoch: [24/23], Batch: 40/2963, Loss: 44.382, Trans_L2_m: 0.341, Yaw_err_deg: 0.643
Epoch: [24/23], Batch: 50/2963, Loss: 41.618, Trans_L2_m: 0.274, Yaw_err_deg: 0.566
Epoch: [24/23], Batch: 60/2963, Loss: 41.844, Trans_L2_m: 0.330, Yaw_err_deg: 0.521
Epoch: [24/23], Batch: 70/2963, Loss: 38.059, Trans_L2_m: 0.294, Yaw_err_deg: 0.363
Epoch: [24/23], Batch: 80/2963, Loss: 36.723, Trans_L2_m: 0.246, Yaw_err_deg: 0.472
Epoch: [24/23], Batch: 90/2963, Loss: 39.456, Trans_L2_m: 0.295, Yaw_err_deg: 0.551
Epoch: [24/23], Batch: 100/2963, Loss: 48.613, Trans_L2_m: 0.467, Yaw_err_deg: 0.766
Epoch: [24/23], Batch: 110/2963, Loss: 52.203, Trans_L2_m: 0.392, Yaw_err_deg: 0.921
Epoch: [24/23], Batch: 120/2963, Loss: 44.187, Trans_L2_m: 0.430, Yaw_err_deg: 0.488
Epoch: [24/23], Batch: 130/2963, Loss: 42.396, Trans_L2_m: 0.396, Yaw_err_deg: 0.730
Epoch: [24/23], Batch: 140/2963, Loss: 39.617, Trans_L2_m: 0.321, Yaw_err_deg: 0.423
Epoch: [24/23], Batch: 150/2963, Loss: 41.189, Trans_L2_m: 0.369, Yaw_err_deg: 0.661
Epoch: [24/23], Batch: 160/2963, Loss: 39.751, Trans_L2_m: 0.381, Yaw_err_deg: 0.397
Epoch: [24/23], Batch: 170/2963, Loss: 52.690, Trans_L2_m: 0.274, Yaw_err_deg: 0.640
Epoch: [24/23], Batch: 180/2963, Loss: 43.729, Trans_L2_m: 0.277, Yaw_err_deg: 0.587
Epoch: [24/23], Batch: 190/2963, Loss: 42.382, Trans_L2_m: 0.337, Yaw_err_deg: 0.487
Epoch: [24/23], Batch: 200/2963, Loss: 46.268, Trans_L2_m: 0.322, Yaw_err_deg: 0.577
Epoch: [24/23], Batch: 210/2963, Loss: 40.216, Trans_L2_m: 0.332, Yaw_err_deg: 0.480
Epoch: [24/23], Batch: 220/2963, Loss: 44.328, Trans_L2_m: 0.416, Yaw_err_deg: 0.597
Epoch: [24/23], Batch: 230/2963, Loss: 40.178, Trans_L2_m: 0.414, Yaw_err_deg: 0.336
Epoch: [24/23], Batch: 240/2963, Loss: 43.663, Trans_L2_m: 0.439, Yaw_err_deg: 0.483
Epoch: [24/23], Batch: 250/2963, Loss: 39.792, Trans_L2_m: 0.357, Yaw_err_deg: 0.319
Epoch: [24/23], Batch: 260/2963, Loss: 37.712, Trans_L2_m: 0.289, Yaw_err_deg: 0.608
Epoch: [24/23], Batch: 270/2963, Loss: 41.529, Trans_L2_m: 0.312, Yaw_err_deg: 0.404
Epoch: [24/23], Batch: 280/2963, Loss: 41.114, Trans_L2_m: 0.340, Yaw_err_deg: 0.458
Epoch: [24/23], Batch: 290/2963, Loss: 44.245, Trans_L2_m: 0.425, Yaw_err_deg: 0.384
Epoch: [24/23], Batch: 300/2963, Loss: 45.064, Trans_L2_m: 0.278, Yaw_err_deg: 0.386
Epoch: [24/23], Batch: 310/2963, Loss: 41.169, Trans_L2_m: 0.332, Yaw_err_deg: 0.509
Epoch: [24/23], Batch: 320/2963, Loss: 40.485, Trans_L2_m: 0.326, Yaw_err_deg: 0.449
Epoch: [24/23], Batch: 330/2963, Loss: 37.945, Trans_L2_m: 0.228, Yaw_err_deg: 0.470
Epoch: [24/23], Batch: 340/2963, Loss: 41.761, Trans_L2_m: 0.380, Yaw_err_deg: 0.395
Epoch: [24/23], Batch: 350/2963, Loss: 47.890, Trans_L2_m: 0.457, Yaw_err_deg: 0.599
Epoch: [24/23], Batch: 360/2963, Loss: 42.681, Trans_L2_m: 0.300, Yaw_err_deg: 0.562
Epoch: [24/23], Batch: 370/2963, Loss: 38.105, Trans_L2_m: 0.264, Yaw_err_deg: 0.543
Epoch: [24/23], Batch: 380/2963, Loss: 40.582, Trans_L2_m: 0.340, Yaw_err_deg: 0.464
Epoch: [24/23], Batch: 390/2963, Loss: 43.433, Trans_L2_m: 0.434, Yaw_err_deg: 0.506
Epoch: [24/23], Batch: 400/2963, Loss: 43.880, Trans_L2_m: 0.373, Yaw_err_deg: 0.583
Epoch: [24/23], Batch: 410/2963, Loss: 39.923, Trans_L2_m: 0.306, Yaw_err_deg: 0.504
Epoch: [24/23], Batch: 420/2963, Loss: 42.487, Trans_L2_m: 0.222, Yaw_err_deg: 0.789
Epoch: [24/23], Batch: 430/2963, Loss: 42.603, Trans_L2_m: 0.331, Yaw_err_deg: 0.445
Epoch: [24/23], Batch: 440/2963, Loss: 43.665, Trans_L2_m: 0.472, Yaw_err_deg: 0.529
Epoch: [24/23], Batch: 450/2963, Loss: 42.233, Trans_L2_m: 0.283, Yaw_err_deg: 0.404
Epoch: [24/23], Batch: 460/2963, Loss: 40.213, Trans_L2_m: 0.393, Yaw_err_deg: 0.513
Epoch: [24/23], Batch: 470/2963, Loss: 34.146, Trans_L2_m: 0.293, Yaw_err_deg: 0.601
Epoch: [24/23], Batch: 480/2963, Loss: 41.973, Trans_L2_m: 0.460, Yaw_err_deg: 0.476
Epoch: [24/23], Batch: 490/2963, Loss: 42.235, Trans_L2_m: 0.363, Yaw_err_deg: 0.475
Epoch: [24/23], Batch: 500/2963, Loss: 41.959, Trans_L2_m: 0.339, Yaw_err_deg: 0.432
Epoch: [24/23], Batch: 510/2963, Loss: 42.340, Trans_L2_m: 0.346, Yaw_err_deg: 0.394
Epoch: [24/23], Batch: 520/2963, Loss: 42.274, Trans_L2_m: 0.346, Yaw_err_deg: 0.541
Epoch: [24/23], Batch: 530/2963, Loss: 39.474, Trans_L2_m: 0.291, Yaw_err_deg: 0.432
Epoch: [24/23], Batch: 540/2963, Loss: 49.416, Trans_L2_m: 0.301, Yaw_err_deg: 0.602
Epoch: [24/23], Batch: 550/2963, Loss: 46.151, Trans_L2_m: 0.405, Yaw_err_deg: 0.645
Epoch: [24/23], Batch: 560/2963, Loss: 36.949, Trans_L2_m: 0.286, Yaw_err_deg: 0.596
Epoch: [24/23], Batch: 570/2963, Loss: 47.187, Trans_L2_m: 0.362, Yaw_err_deg: 0.610
Epoch: [24/23], Batch: 580/2963, Loss: 43.811, Trans_L2_m: 0.427, Yaw_err_deg: 0.571
Epoch: [24/23], Batch: 590/2963, Loss: 40.478, Trans_L2_m: 0.237, Yaw_err_deg: 0.601
Epoch: [24/23], Batch: 600/2963, Loss: 40.589, Trans_L2_m: 0.268, Yaw_err_deg: 0.434
Epoch: [24/23], Batch: 610/2963, Loss: 41.495, Trans_L2_m: 0.249, Yaw_err_deg: 0.763
Epoch: [24/23], Batch: 620/2963, Loss: 39.141, Trans_L2_m: 0.317, Yaw_err_deg: 0.541
Epoch: [24/23], Batch: 630/2963, Loss: 40.476, Trans_L2_m: 0.311, Yaw_err_deg: 0.324
Epoch: [24/23], Batch: 640/2963, Loss: 40.188, Trans_L2_m: 0.258, Yaw_err_deg: 0.354
Epoch: [24/23], Batch: 650/2963, Loss: 48.899, Trans_L2_m: 0.361, Yaw_err_deg: 0.302
Epoch: [24/23], Batch: 660/2963, Loss: 39.533, Trans_L2_m: 0.336, Yaw_err_deg: 0.591
Epoch: [24/23], Batch: 670/2963, Loss: 48.544, Trans_L2_m: 0.347, Yaw_err_deg: 0.640
Epoch: [24/23], Batch: 680/2963, Loss: 39.139, Trans_L2_m: 0.305, Yaw_err_deg: 0.647
Epoch: [24/23], Batch: 690/2963, Loss: 38.527, Trans_L2_m: 0.275, Yaw_err_deg: 0.345
Epoch: [24/23], Batch: 700/2963, Loss: 44.668, Trans_L2_m: 0.328, Yaw_err_deg: 0.710
Epoch: [24/23], Batch: 710/2963, Loss: 42.526, Trans_L2_m: 0.430, Yaw_err_deg: 0.539
Epoch: [24/23], Batch: 720/2963, Loss: 42.595, Trans_L2_m: 0.326, Yaw_err_deg: 0.516
Epoch: [24/23], Batch: 730/2963, Loss: 38.470, Trans_L2_m: 0.202, Yaw_err_deg: 0.447
Epoch: [24/23], Batch: 740/2963, Loss: 38.483, Trans_L2_m: 0.235, Yaw_err_deg: 0.502
Epoch: [24/23], Batch: 750/2963, Loss: 40.569, Trans_L2_m: 0.385, Yaw_err_deg: 0.451
Epoch: [24/23], Batch: 760/2963, Loss: 41.484, Trans_L2_m: 0.377, Yaw_err_deg: 0.352
Epoch: [24/23], Batch: 770/2963, Loss: 42.784, Trans_L2_m: 0.359, Yaw_err_deg: 0.600
Epoch: [24/23], Batch: 780/2963, Loss: 45.167, Trans_L2_m: 0.320, Yaw_err_deg: 0.437
Epoch: [24/23], Batch: 790/2963, Loss: 44.233, Trans_L2_m: 0.353, Yaw_err_deg: 0.598
Epoch: [24/23], Batch: 800/2963, Loss: 46.869, Trans_L2_m: 0.397, Yaw_err_deg: 0.611
Epoch: [24/23], Batch: 810/2963, Loss: 36.980, Trans_L2_m: 0.223, Yaw_err_deg: 0.305
Epoch: [24/23], Batch: 820/2963, Loss: 48.037, Trans_L2_m: 0.435, Yaw_err_deg: 0.974
Epoch: [24/23], Batch: 830/2963, Loss: 43.571, Trans_L2_m: 0.398, Yaw_err_deg: 0.578
Epoch: [24/23], Batch: 840/2963, Loss: 43.854, Trans_L2_m: 0.408, Yaw_err_deg: 0.513
Epoch: [24/23], Batch: 850/2963, Loss: 41.345, Trans_L2_m: 0.228, Yaw_err_deg: 0.617
Epoch: [24/23], Batch: 860/2963, Loss: 39.832, Trans_L2_m: 0.257, Yaw_err_deg: 0.588
Epoch: [24/23], Batch: 870/2963, Loss: 38.780, Trans_L2_m: 0.305, Yaw_err_deg: 0.443
Epoch: [24/23], Batch: 880/2963, Loss: 41.110, Trans_L2_m: 0.352, Yaw_err_deg: 0.493
Epoch: [24/23], Batch: 890/2963, Loss: 40.014, Trans_L2_m: 0.250, Yaw_err_deg: 0.725
Epoch: [24/23], Batch: 900/2963, Loss: 36.413, Trans_L2_m: 0.234, Yaw_err_deg: 0.356
Epoch: [24/23], Batch: 910/2963, Loss: 46.508, Trans_L2_m: 0.387, Yaw_err_deg: 0.689
Epoch: [24/23], Batch: 920/2963, Loss: 40.418, Trans_L2_m: 0.271, Yaw_err_deg: 0.388
Epoch: [24/23], Batch: 930/2963, Loss: 44.324, Trans_L2_m: 0.360, Yaw_err_deg: 0.639
Epoch: [24/23], Batch: 940/2963, Loss: 81.762, Trans_L2_m: 0.424, Yaw_err_deg: 2.288
Epoch: [24/23], Batch: 950/2963, Loss: 43.576, Trans_L2_m: 0.435, Yaw_err_deg: 0.650
Epoch: [24/23], Batch: 960/2963, Loss: 39.675, Trans_L2_m: 0.347, Yaw_err_deg: 0.339
Epoch: [24/23], Batch: 970/2963, Loss: 42.874, Trans_L2_m: 0.325, Yaw_err_deg: 0.470
Epoch: [24/23], Batch: 980/2963, Loss: 44.122, Trans_L2_m: 0.388, Yaw_err_deg: 0.513
Epoch: [24/23], Batch: 990/2963, Loss: 41.005, Trans_L2_m: 0.371, Yaw_err_deg: 0.294
Epoch: [24/23], Batch: 1000/2963, Loss: 37.918, Trans_L2_m: 0.234, Yaw_err_deg: 0.590
Epoch: [24/23], Batch: 1010/2963, Loss: 46.731, Trans_L2_m: 0.417, Yaw_err_deg: 0.470
Epoch: [24/23], Batch: 1020/2963, Loss: 40.418, Trans_L2_m: 0.322, Yaw_err_deg: 0.473
Epoch: [24/23], Batch: 1030/2963, Loss: 45.665, Trans_L2_m: 0.325, Yaw_err_deg: 0.606
Epoch: [24/23], Batch: 1040/2963, Loss: 37.132, Trans_L2_m: 0.284, Yaw_err_deg: 0.519
Epoch: [24/23], Batch: 1050/2963, Loss: 36.462, Trans_L2_m: 0.343, Yaw_err_deg: 0.364
Epoch: [24/23], Batch: 1060/2963, Loss: 44.886, Trans_L2_m: 0.334, Yaw_err_deg: 0.583
Epoch: [24/23], Batch: 1070/2963, Loss: 39.904, Trans_L2_m: 0.215, Yaw_err_deg: 0.835
Epoch: [24/23], Batch: 1080/2963, Loss: 51.398, Trans_L2_m: 0.399, Yaw_err_deg: 0.295
Epoch: [24/23], Batch: 1090/2963, Loss: 38.525, Trans_L2_m: 0.350, Yaw_err_deg: 0.570
Epoch: [24/23], Batch: 1100/2963, Loss: 50.833, Trans_L2_m: 0.216, Yaw_err_deg: 0.681
Epoch: [24/23], Batch: 1110/2963, Loss: 47.186, Trans_L2_m: 0.396, Yaw_err_deg: 0.449
Epoch: [24/23], Batch: 1120/2963, Loss: 41.310, Trans_L2_m: 0.326, Yaw_err_deg: 0.580
Epoch: [24/23], Batch: 1130/2963, Loss: 46.344, Trans_L2_m: 0.360, Yaw_err_deg: 0.487
Epoch: [24/23], Batch: 1140/2963, Loss: 36.500, Trans_L2_m: 0.238, Yaw_err_deg: 0.397
Epoch: [24/23], Batch: 1150/2963, Loss: 45.097, Trans_L2_m: 0.329, Yaw_err_deg: 0.514
Epoch: [24/23], Batch: 1160/2963, Loss: 43.489, Trans_L2_m: 0.412, Yaw_err_deg: 0.558
Epoch: [24/23], Batch: 1170/2963, Loss: 51.430, Trans_L2_m: 0.441, Yaw_err_deg: 0.654
Epoch: [24/23], Batch: 1180/2963, Loss: 43.086, Trans_L2_m: 0.284, Yaw_err_deg: 0.593
Epoch: [24/23], Batch: 1190/2963, Loss: 67.015, Trans_L2_m: 0.448, Yaw_err_deg: 0.553
Epoch: [24/23], Batch: 1200/2963, Loss: 51.956, Trans_L2_m: 0.309, Yaw_err_deg: 0.564
Epoch: [24/23], Batch: 1210/2963, Loss: 39.959, Trans_L2_m: 0.423, Yaw_err_deg: 0.368
Epoch: [24/23], Batch: 1220/2963, Loss: 44.724, Trans_L2_m: 0.472, Yaw_err_deg: 0.283
Epoch: [24/23], Batch: 1230/2963, Loss: 43.282, Trans_L2_m: 0.378, Yaw_err_deg: 0.647
Epoch: [24/23], Batch: 1240/2963, Loss: 39.589, Trans_L2_m: 0.297, Yaw_err_deg: 0.473
Epoch: [24/23], Batch: 1250/2963, Loss: 42.072, Trans_L2_m: 0.424, Yaw_err_deg: 0.442
Epoch: [24/23], Batch: 1260/2963, Loss: 42.176, Trans_L2_m: 0.230, Yaw_err_deg: 0.455
Epoch: [24/23], Batch: 1270/2963, Loss: 43.535, Trans_L2_m: 0.371, Yaw_err_deg: 0.615
Epoch: [24/23], Batch: 1280/2963, Loss: 40.064, Trans_L2_m: 0.322, Yaw_err_deg: 0.476
Epoch: [24/23], Batch: 1290/2963, Loss: 40.931, Trans_L2_m: 0.385, Yaw_err_deg: 0.433
Epoch: [24/23], Batch: 1300/2963, Loss: 42.645, Trans_L2_m: 0.381, Yaw_err_deg: 0.512
Epoch: [24/23], Batch: 1310/2963, Loss: 41.895, Trans_L2_m: 0.277, Yaw_err_deg: 0.758
Epoch: [24/23], Batch: 1320/2963, Loss: 40.080, Trans_L2_m: 0.291, Yaw_err_deg: 0.363
Epoch: [24/23], Batch: 1330/2963, Loss: 51.927, Trans_L2_m: 0.499, Yaw_err_deg: 0.740
Epoch: [24/23], Batch: 1340/2963, Loss: 49.444, Trans_L2_m: 0.288, Yaw_err_deg: 0.956
Epoch: [24/23], Batch: 1350/2963, Loss: 41.846, Trans_L2_m: 0.277, Yaw_err_deg: 0.824
Epoch: [24/23], Batch: 1360/2963, Loss: 45.180, Trans_L2_m: 0.373, Yaw_err_deg: 0.587
Epoch: [24/23], Batch: 1370/2963, Loss: 41.169, Trans_L2_m: 0.312, Yaw_err_deg: 0.661
Epoch: [24/23], Batch: 1380/2963, Loss: 40.036, Trans_L2_m: 0.359, Yaw_err_deg: 0.482
Epoch: [24/23], Batch: 1390/2963, Loss: 38.320, Trans_L2_m: 0.286, Yaw_err_deg: 0.354
Epoch: [24/23], Batch: 1400/2963, Loss: 46.462, Trans_L2_m: 0.523, Yaw_err_deg: 0.392
Epoch: [24/23], Batch: 1410/2963, Loss: 38.014, Trans_L2_m: 0.266, Yaw_err_deg: 0.420
Epoch: [24/23], Batch: 1420/2963, Loss: 40.557, Trans_L2_m: 0.333, Yaw_err_deg: 0.593
Epoch: [24/23], Batch: 1430/2963, Loss: 37.159, Trans_L2_m: 0.251, Yaw_err_deg: 0.515
Epoch: [24/23], Batch: 1440/2963, Loss: 41.950, Trans_L2_m: 0.332, Yaw_err_deg: 0.486
Epoch: [24/23], Batch: 1450/2963, Loss: 44.781, Trans_L2_m: 0.357, Yaw_err_deg: 0.609
Epoch: [24/23], Batch: 1460/2963, Loss: 49.155, Trans_L2_m: 0.423, Yaw_err_deg: 0.745
Epoch: [24/23], Batch: 1470/2963, Loss: 40.063, Trans_L2_m: 0.311, Yaw_err_deg: 0.499
Epoch: [24/23], Batch: 1480/2963, Loss: 42.715, Trans_L2_m: 0.369, Yaw_err_deg: 0.511
Epoch: [24/23], Batch: 1490/2963, Loss: 53.122, Trans_L2_m: 0.384, Yaw_err_deg: 0.892
Epoch: [24/23], Batch: 1500/2963, Loss: 44.104, Trans_L2_m: 0.272, Yaw_err_deg: 0.642
Epoch: [24/23], Batch: 1510/2963, Loss: 44.599, Trans_L2_m: 0.375, Yaw_err_deg: 0.605
Epoch: [24/23], Batch: 1520/2963, Loss: 43.217, Trans_L2_m: 0.404, Yaw_err_deg: 0.389
Epoch: [24/23], Batch: 1530/2963, Loss: 42.627, Trans_L2_m: 0.306, Yaw_err_deg: 0.527
Epoch: [24/23], Batch: 1540/2963, Loss: 39.130, Trans_L2_m: 0.240, Yaw_err_deg: 0.552
Epoch: [24/23], Batch: 1550/2963, Loss: 40.195, Trans_L2_m: 0.376, Yaw_err_deg: 0.310
Epoch: [24/23], Batch: 1560/2963, Loss: 34.127, Trans_L2_m: 0.295, Yaw_err_deg: 0.364
Epoch: [24/23], Batch: 1570/2963, Loss: 42.198, Trans_L2_m: 0.365, Yaw_err_deg: 0.449
Epoch: [24/23], Batch: 1580/2963, Loss: 39.052, Trans_L2_m: 0.278, Yaw_err_deg: 0.689
Epoch: [24/23], Batch: 1590/2963, Loss: 43.715, Trans_L2_m: 0.478, Yaw_err_deg: 0.453
Epoch: [24/23], Batch: 1600/2963, Loss: 36.580, Trans_L2_m: 0.303, Yaw_err_deg: 0.473
Epoch: [24/23], Batch: 1610/2963, Loss: 689.977, Trans_L2_m: 0.354, Yaw_err_deg: 0.487
Epoch: [24/23], Batch: 1620/2963, Loss: 52.253, Trans_L2_m: 0.302, Yaw_err_deg: 1.022
Epoch: [24/23], Batch: 1630/2963, Loss: 36.568, Trans_L2_m: 0.238, Yaw_err_deg: 0.505
Epoch: [24/23], Batch: 1640/2963, Loss: 37.179, Trans_L2_m: 0.281, Yaw_err_deg: 0.469
Epoch: [24/23], Batch: 1650/2963, Loss: 40.250, Trans_L2_m: 0.283, Yaw_err_deg: 0.421
Epoch: [24/23], Batch: 1660/2963, Loss: 36.570, Trans_L2_m: 0.298, Yaw_err_deg: 0.372
Epoch: [24/23], Batch: 1670/2963, Loss: 40.761, Trans_L2_m: 0.334, Yaw_err_deg: 0.394
Epoch: [24/23], Batch: 1680/2963, Loss: 42.632, Trans_L2_m: 0.322, Yaw_err_deg: 0.484
Epoch: [24/23], Batch: 1690/2963, Loss: 38.874, Trans_L2_m: 0.245, Yaw_err_deg: 0.420
Epoch: [24/23], Batch: 1700/2963, Loss: 43.354, Trans_L2_m: 0.335, Yaw_err_deg: 0.731
Epoch: [24/23], Batch: 1710/2963, Loss: 37.738, Trans_L2_m: 0.335, Yaw_err_deg: 0.429
Epoch: [24/23], Batch: 1720/2963, Loss: 43.373, Trans_L2_m: 0.327, Yaw_err_deg: 0.410
Epoch: [24/23], Batch: 1730/2963, Loss: 45.021, Trans_L2_m: 0.396, Yaw_err_deg: 0.670
Epoch: [24/23], Batch: 1740/2963, Loss: 38.815, Trans_L2_m: 0.391, Yaw_err_deg: 0.282
Epoch: [24/23], Batch: 1750/2963, Loss: 38.558, Trans_L2_m: 0.244, Yaw_err_deg: 0.588
Epoch: [24/23], Batch: 1760/2963, Loss: 39.098, Trans_L2_m: 0.305, Yaw_err_deg: 0.598
Epoch: [24/23], Batch: 1770/2963, Loss: 41.060, Trans_L2_m: 0.335, Yaw_err_deg: 0.684
Epoch: [24/23], Batch: 1780/2963, Loss: 40.881, Trans_L2_m: 0.391, Yaw_err_deg: 0.283
Epoch: [24/23], Batch: 1790/2963, Loss: 43.622, Trans_L2_m: 0.478, Yaw_err_deg: 0.474
Epoch: [24/23], Batch: 1800/2963, Loss: 39.094, Trans_L2_m: 0.290, Yaw_err_deg: 0.605
Epoch: [24/23], Batch: 1810/2963, Loss: 38.287, Trans_L2_m: 0.275, Yaw_err_deg: 0.453
Epoch: [24/23], Batch: 1820/2963, Loss: 40.817, Trans_L2_m: 0.394, Yaw_err_deg: 0.454
Epoch: [24/23], Batch: 1830/2963, Loss: 41.845, Trans_L2_m: 0.332, Yaw_err_deg: 0.574
Epoch: [24/23], Batch: 1840/2963, Loss: 40.967, Trans_L2_m: 0.360, Yaw_err_deg: 0.333
Epoch: [24/23], Batch: 1850/2963, Loss: 45.515, Trans_L2_m: 0.297, Yaw_err_deg: 0.593
Validation loss (homography): 927.8453
Avg batch time: 1013.74 ms, total: 328.798 s
[1;91mVal has no improvement vs 805.7615356445312![0m
The minist distance is 805.7615356445312m!
Loading val split : 6 drives
Validation with 10393 samples.
