{'gpuid': [0], 'mixed_precision': False, 'iters_lev0': 6, 'lev0': True, 'flow': True, 'p_siamese': True, 'CNN16': True, 'log_every': 10, 'dataset': 'zod', 'orig_label': False, 'cross_area': False, 'batch_size': 16, 'lr': 0.00035, 'num_steps': 70000, 'scheduler': 'OneCycle', 'loss_w': [0.1, 30.0, 100000.0], 'temperature': 4.0, 'augment': False, 'ori_noise': 45.0, 'orien': True, 'restore_ckpt': None, 'model': None, 'wdecay': 0.001, 'epsilon': 1e-07, 'clip': 1.0, 'gamma': 0.85, 'name': 'zod_train', 'validation': None, 'image_size': 512, 'zoom': 20, 'IMG_FREQ': 20000, 'SUM_FREQ': 100, 'use_augmentation': True, 'image_area_dg_m': 51.2, 'image_area_zod_m': 100, 'max_translation': 15.0, 'max_rot_deg': 20.0, 'z_range': [-2.5, 3.0], 'BEV_grid_resolution': 0.1, 'lidar_dataset_root': '/work/vita/datasets/zod', 'aerial_img_dataset_root': '/work/vita/datasets/zod_crossview_processed_100m', 'version': 'full', 'config': '/home/finckh/VITA/HC-Net/models/config/ZOD/train.json', 'best_dis': 100000000.0, 'start_step': 0}
[31m2025-12-27 15:15:29[0m
Loaded pretrained weights for efficientnet-b0
Parameter Count: 7754186
Loading train split : 23 drives
Loading val split : 6 drives
Training with 47407 samples, validation with 10393 samples.
Using 8 dataloader workers every process
Best distance so far 100000000.0.
[34mLog will be saved to:./watch/zod/zod_train_20251227_152741.log[0m
Epoch: [1/23], Batch: 0/2963, Loss: 4815.344, Trans_L2_m: 12.072, Yaw_err_deg: 9.873
Epoch: [1/23], Batch: 10/2963, Loss: 6119.163, Trans_L2_m: 14.029, Yaw_err_deg: 11.124
Epoch: [1/23], Batch: 20/2963, Loss: 4913.652, Trans_L2_m: 12.497, Yaw_err_deg: 10.036
Epoch: [1/23], Batch: 30/2963, Loss: 4610.960, Trans_L2_m: 11.396, Yaw_err_deg: 10.098
Epoch: [1/23], Batch: 40/2963, Loss: 3337.541, Trans_L2_m: 9.264, Yaw_err_deg: 7.738
Epoch: [1/23], Batch: 50/2963, Loss: 3456.506, Trans_L2_m: 9.156, Yaw_err_deg: 10.356
Epoch: [1/23], Batch: 60/2963, Loss: 4299.122, Trans_L2_m: 11.351, Yaw_err_deg: 9.544
Epoch: [1/23], Batch: 70/2963, Loss: 4255.517, Trans_L2_m: 11.538, Yaw_err_deg: 9.763
Epoch: [1/23], Batch: 80/2963, Loss: 4727.229, Trans_L2_m: 11.588, Yaw_err_deg: 11.792
Epoch: [1/23], Batch: 90/2963, Loss: 3590.792, Trans_L2_m: 9.947, Yaw_err_deg: 9.544
Epoch: [1/23], Batch: 100/2963, Loss: 3503.875, Trans_L2_m: 10.519, Yaw_err_deg: 7.354
Epoch: [1/23], Batch: 110/2963, Loss: 2941.582, Trans_L2_m: 9.086, Yaw_err_deg: 8.995
Epoch: [1/23], Batch: 120/2963, Loss: 3881.186, Trans_L2_m: 10.651, Yaw_err_deg: 10.046
Epoch: [1/23], Batch: 130/2963, Loss: 5095.421, Trans_L2_m: 12.675, Yaw_err_deg: 12.035
Epoch: [1/23], Batch: 140/2963, Loss: 3733.420, Trans_L2_m: 9.708, Yaw_err_deg: 12.111
Epoch: [1/23], Batch: 150/2963, Loss: 4030.506, Trans_L2_m: 11.432, Yaw_err_deg: 8.172
Epoch: [1/23], Batch: 160/2963, Loss: 4391.659, Trans_L2_m: 11.627, Yaw_err_deg: 9.613
Epoch: [1/23], Batch: 170/2963, Loss: 4132.146, Trans_L2_m: 10.467, Yaw_err_deg: 12.003
Epoch: [1/23], Batch: 180/2963, Loss: 3329.836, Trans_L2_m: 10.350, Yaw_err_deg: 8.452
Epoch: [1/23], Batch: 190/2963, Loss: 3274.979, Trans_L2_m: 9.263, Yaw_err_deg: 9.665
Epoch: [1/23], Batch: 200/2963, Loss: 3918.017, Trans_L2_m: 11.012, Yaw_err_deg: 8.464
Epoch: [1/23], Batch: 210/2963, Loss: 3328.124, Trans_L2_m: 9.199, Yaw_err_deg: 9.042
Epoch: [1/23], Batch: 220/2963, Loss: 3688.454, Trans_L2_m: 10.635, Yaw_err_deg: 8.386
Epoch: [1/23], Batch: 230/2963, Loss: 3590.045, Trans_L2_m: 9.034, Yaw_err_deg: 10.972
Epoch: [1/23], Batch: 240/2963, Loss: 3920.913, Trans_L2_m: 10.472, Yaw_err_deg: 9.185
Epoch: [1/23], Batch: 250/2963, Loss: 3754.683, Trans_L2_m: 9.657, Yaw_err_deg: 11.866
Epoch: [1/23], Batch: 260/2963, Loss: 3803.998, Trans_L2_m: 10.511, Yaw_err_deg: 9.708
Epoch: [1/23], Batch: 270/2963, Loss: 4064.814, Trans_L2_m: 11.312, Yaw_err_deg: 8.111
Epoch: [1/23], Batch: 280/2963, Loss: 3003.747, Trans_L2_m: 9.764, Yaw_err_deg: 7.155
Epoch: [1/23], Batch: 290/2963, Loss: 4469.577, Trans_L2_m: 11.397, Yaw_err_deg: 11.053
Epoch: [1/23], Batch: 300/2963, Loss: 3834.463, Trans_L2_m: 10.012, Yaw_err_deg: 9.436
Epoch: [1/23], Batch: 310/2963, Loss: 3870.407, Trans_L2_m: 11.044, Yaw_err_deg: 8.495
Epoch: [1/23], Batch: 320/2963, Loss: 3553.928, Trans_L2_m: 9.878, Yaw_err_deg: 9.059
Epoch: [1/23], Batch: 330/2963, Loss: 3951.290, Trans_L2_m: 9.954, Yaw_err_deg: 11.271
Epoch: [1/23], Batch: 340/2963, Loss: 3833.539, Trans_L2_m: 10.102, Yaw_err_deg: 10.323
Epoch: [1/23], Batch: 350/2963, Loss: 4308.224, Trans_L2_m: 10.906, Yaw_err_deg: 10.235
Epoch: [1/23], Batch: 360/2963, Loss: 3386.050, Trans_L2_m: 9.231, Yaw_err_deg: 10.673
Epoch: [1/23], Batch: 370/2963, Loss: 4319.814, Trans_L2_m: 11.175, Yaw_err_deg: 10.212
Epoch: [1/23], Batch: 380/2963, Loss: 4566.765, Trans_L2_m: 12.527, Yaw_err_deg: 7.497
Epoch: [1/23], Batch: 390/2963, Loss: 3705.075, Trans_L2_m: 9.602, Yaw_err_deg: 11.296
Epoch: [1/23], Batch: 400/2963, Loss: 3405.588, Trans_L2_m: 9.436, Yaw_err_deg: 11.282
Epoch: [1/23], Batch: 410/2963, Loss: 3232.512, Trans_L2_m: 8.484, Yaw_err_deg: 9.913
Epoch: [1/23], Batch: 420/2963, Loss: 3920.296, Trans_L2_m: 10.132, Yaw_err_deg: 12.148
Epoch: [1/23], Batch: 430/2963, Loss: 4088.345, Trans_L2_m: 10.689, Yaw_err_deg: 10.387
Epoch: [1/23], Batch: 440/2963, Loss: 2917.440, Trans_L2_m: 8.493, Yaw_err_deg: 8.434
Epoch: [1/23], Batch: 450/2963, Loss: 3851.213, Trans_L2_m: 10.477, Yaw_err_deg: 7.837
Epoch: [1/23], Batch: 460/2963, Loss: 2823.819, Trans_L2_m: 8.528, Yaw_err_deg: 8.163
Epoch: [1/23], Batch: 470/2963, Loss: 3928.326, Trans_L2_m: 9.715, Yaw_err_deg: 11.275
Epoch: [1/23], Batch: 480/2963, Loss: 3216.610, Trans_L2_m: 9.421, Yaw_err_deg: 8.262
Epoch: [1/23], Batch: 490/2963, Loss: 4220.730, Trans_L2_m: 10.280, Yaw_err_deg: 12.848
Epoch: [1/23], Batch: 500/2963, Loss: 3719.632, Trans_L2_m: 9.716, Yaw_err_deg: 10.929
Epoch: [1/23], Batch: 510/2963, Loss: 4124.952, Trans_L2_m: 11.630, Yaw_err_deg: 6.939
Epoch: [1/23], Batch: 520/2963, Loss: 3307.947, Trans_L2_m: 8.304, Yaw_err_deg: 10.070
Epoch: [1/23], Batch: 530/2963, Loss: 3923.584, Trans_L2_m: 10.097, Yaw_err_deg: 10.269
Epoch: [1/23], Batch: 540/2963, Loss: 3587.222, Trans_L2_m: 10.059, Yaw_err_deg: 9.410
Epoch: [1/23], Batch: 550/2963, Loss: 3759.196, Trans_L2_m: 9.953, Yaw_err_deg: 9.794
Epoch: [1/23], Batch: 560/2963, Loss: 3065.168, Trans_L2_m: 8.857, Yaw_err_deg: 9.080
Epoch: [1/23], Batch: 570/2963, Loss: 3227.093, Trans_L2_m: 9.025, Yaw_err_deg: 10.267
Epoch: [1/23], Batch: 580/2963, Loss: 3366.946, Trans_L2_m: 8.931, Yaw_err_deg: 10.225
Epoch: [1/23], Batch: 590/2963, Loss: 3580.149, Trans_L2_m: 9.185, Yaw_err_deg: 10.388
Epoch: [1/23], Batch: 600/2963, Loss: 3079.722, Trans_L2_m: 8.408, Yaw_err_deg: 10.237
Epoch: [1/23], Batch: 610/2963, Loss: 4031.969, Trans_L2_m: 10.963, Yaw_err_deg: 9.027
Epoch: [1/23], Batch: 620/2963, Loss: 3961.767, Trans_L2_m: 10.161, Yaw_err_deg: 9.826
Epoch: [1/23], Batch: 630/2963, Loss: 2942.464, Trans_L2_m: 8.818, Yaw_err_deg: 8.024
Epoch: [1/23], Batch: 640/2963, Loss: 3463.356, Trans_L2_m: 10.107, Yaw_err_deg: 7.819
Epoch: [1/23], Batch: 650/2963, Loss: 3433.868, Trans_L2_m: 9.283, Yaw_err_deg: 10.226
Epoch: [1/23], Batch: 660/2963, Loss: 3121.773, Trans_L2_m: 7.727, Yaw_err_deg: 11.535
Epoch: [1/23], Batch: 670/2963, Loss: 3331.119, Trans_L2_m: 9.376, Yaw_err_deg: 8.544
Epoch: [1/23], Batch: 680/2963, Loss: 3555.851, Trans_L2_m: 9.214, Yaw_err_deg: 10.026
Epoch: [1/23], Batch: 690/2963, Loss: 3129.548, Trans_L2_m: 7.274, Yaw_err_deg: 10.261
Epoch: [1/23], Batch: 700/2963, Loss: 2588.779, Trans_L2_m: 6.636, Yaw_err_deg: 9.508
Epoch: [1/23], Batch: 710/2963, Loss: 3887.250, Trans_L2_m: 10.449, Yaw_err_deg: 8.806
Epoch: [1/23], Batch: 720/2963, Loss: 3104.337, Trans_L2_m: 8.567, Yaw_err_deg: 8.596
Epoch: [1/23], Batch: 730/2963, Loss: 4425.869, Trans_L2_m: 9.444, Yaw_err_deg: 15.172
Epoch: [1/23], Batch: 740/2963, Loss: 3814.240, Trans_L2_m: 9.855, Yaw_err_deg: 10.386
Epoch: [1/23], Batch: 750/2963, Loss: 3324.475, Trans_L2_m: 8.189, Yaw_err_deg: 10.581
Epoch: [1/23], Batch: 760/2963, Loss: 3488.102, Trans_L2_m: 8.420, Yaw_err_deg: 10.911
Epoch: [1/23], Batch: 770/2963, Loss: 3663.706, Trans_L2_m: 9.418, Yaw_err_deg: 10.201
Epoch: [1/23], Batch: 780/2963, Loss: 2907.053, Trans_L2_m: 7.900, Yaw_err_deg: 8.910
Epoch: [1/23], Batch: 790/2963, Loss: 3188.533, Trans_L2_m: 8.190, Yaw_err_deg: 10.635
Epoch: [1/23], Batch: 800/2963, Loss: 2871.136, Trans_L2_m: 7.575, Yaw_err_deg: 10.230
Epoch: [1/23], Batch: 810/2963, Loss: 3372.527, Trans_L2_m: 8.148, Yaw_err_deg: 10.952
Epoch: [1/23], Batch: 820/2963, Loss: 3694.925, Trans_L2_m: 9.657, Yaw_err_deg: 10.351
Epoch: [1/23], Batch: 830/2963, Loss: 3069.352, Trans_L2_m: 8.153, Yaw_err_deg: 8.711
Epoch: [1/23], Batch: 840/2963, Loss: 3659.498, Trans_L2_m: 8.757, Yaw_err_deg: 11.553
Epoch: [1/23], Batch: 850/2963, Loss: 2630.738, Trans_L2_m: 7.471, Yaw_err_deg: 7.843
Epoch: [1/23], Batch: 860/2963, Loss: 2925.054, Trans_L2_m: 8.046, Yaw_err_deg: 8.615
Epoch: [1/23], Batch: 870/2963, Loss: 3747.473, Trans_L2_m: 9.896, Yaw_err_deg: 10.524
Epoch: [1/23], Batch: 880/2963, Loss: 3902.297, Trans_L2_m: 9.785, Yaw_err_deg: 10.444
Epoch: [1/23], Batch: 890/2963, Loss: 2598.287, Trans_L2_m: 7.202, Yaw_err_deg: 8.894
Epoch: [1/23], Batch: 900/2963, Loss: 3634.590, Trans_L2_m: 9.514, Yaw_err_deg: 9.894
Epoch: [1/23], Batch: 910/2963, Loss: 3289.696, Trans_L2_m: 8.678, Yaw_err_deg: 8.582
Epoch: [1/23], Batch: 920/2963, Loss: 2518.132, Trans_L2_m: 7.702, Yaw_err_deg: 7.582
Epoch: [1/23], Batch: 930/2963, Loss: 2583.662, Trans_L2_m: 6.688, Yaw_err_deg: 9.601
Epoch: [1/23], Batch: 940/2963, Loss: 3118.641, Trans_L2_m: 7.904, Yaw_err_deg: 11.852
Epoch: [1/23], Batch: 950/2963, Loss: 2739.358, Trans_L2_m: 7.442, Yaw_err_deg: 9.052
Epoch: [1/23], Batch: 960/2963, Loss: 3471.243, Trans_L2_m: 8.786, Yaw_err_deg: 10.688
Epoch: [1/23], Batch: 970/2963, Loss: 2528.857, Trans_L2_m: 6.492, Yaw_err_deg: 9.899
Epoch: [1/23], Batch: 980/2963, Loss: 2521.527, Trans_L2_m: 7.551, Yaw_err_deg: 6.810
Epoch: [1/23], Batch: 990/2963, Loss: 2837.659, Trans_L2_m: 7.597, Yaw_err_deg: 8.451
Epoch: [1/23], Batch: 1000/2963, Loss: 2337.083, Trans_L2_m: 6.193, Yaw_err_deg: 9.665
Epoch: [1/23], Batch: 1010/2963, Loss: 3162.082, Trans_L2_m: 8.046, Yaw_err_deg: 8.795
Epoch: [1/23], Batch: 1020/2963, Loss: 3520.504, Trans_L2_m: 7.868, Yaw_err_deg: 12.156
Epoch: [1/23], Batch: 1030/2963, Loss: 3011.730, Trans_L2_m: 7.270, Yaw_err_deg: 9.923
Epoch: [1/23], Batch: 1040/2963, Loss: 3173.537, Trans_L2_m: 8.096, Yaw_err_deg: 10.264
Epoch: [1/23], Batch: 1050/2963, Loss: 3261.519, Trans_L2_m: 8.169, Yaw_err_deg: 10.518
Epoch: [1/23], Batch: 1060/2963, Loss: 2592.138, Trans_L2_m: 6.785, Yaw_err_deg: 9.061
Epoch: [1/23], Batch: 1070/2963, Loss: 2521.026, Trans_L2_m: 6.723, Yaw_err_deg: 8.678
Epoch: [1/23], Batch: 1080/2963, Loss: 3168.611, Trans_L2_m: 7.336, Yaw_err_deg: 11.348
Epoch: [1/23], Batch: 1090/2963, Loss: 2889.356, Trans_L2_m: 7.618, Yaw_err_deg: 10.530
Epoch: [1/23], Batch: 1100/2963, Loss: 2896.763, Trans_L2_m: 6.841, Yaw_err_deg: 10.749
Epoch: [1/23], Batch: 1110/2963, Loss: 2861.790, Trans_L2_m: 7.238, Yaw_err_deg: 10.254
Epoch: [1/23], Batch: 1120/2963, Loss: 2852.241, Trans_L2_m: 7.357, Yaw_err_deg: 9.369
Epoch: [1/23], Batch: 1130/2963, Loss: 2832.523, Trans_L2_m: 6.293, Yaw_err_deg: 12.502
Epoch: [1/23], Batch: 1140/2963, Loss: 3098.164, Trans_L2_m: 7.294, Yaw_err_deg: 10.395
Epoch: [1/23], Batch: 1150/2963, Loss: 2458.324, Trans_L2_m: 6.411, Yaw_err_deg: 8.948
Epoch: [1/23], Batch: 1160/2963, Loss: 2699.316, Trans_L2_m: 6.606, Yaw_err_deg: 8.675
Epoch: [1/23], Batch: 1170/2963, Loss: 2381.368, Trans_L2_m: 5.861, Yaw_err_deg: 9.181
Epoch: [1/23], Batch: 1180/2963, Loss: 3146.910, Trans_L2_m: 8.356, Yaw_err_deg: 9.240
Epoch: [1/23], Batch: 1190/2963, Loss: 3199.667, Trans_L2_m: 7.785, Yaw_err_deg: 10.332
Epoch: [1/23], Batch: 1200/2963, Loss: 2526.527, Trans_L2_m: 5.295, Yaw_err_deg: 10.592
Epoch: [1/23], Batch: 1210/2963, Loss: 2669.004, Trans_L2_m: 6.070, Yaw_err_deg: 11.241
Epoch: [1/23], Batch: 1220/2963, Loss: 2192.657, Trans_L2_m: 4.806, Yaw_err_deg: 11.391
Epoch: [1/23], Batch: 1230/2963, Loss: 2352.511, Trans_L2_m: 5.818, Yaw_err_deg: 8.563
Epoch: [1/23], Batch: 1240/2963, Loss: 3011.640, Trans_L2_m: 7.048, Yaw_err_deg: 10.999
Epoch: [1/23], Batch: 1250/2963, Loss: 2973.027, Trans_L2_m: 7.029, Yaw_err_deg: 9.583
Epoch: [1/23], Batch: 1260/2963, Loss: 2835.798, Trans_L2_m: 6.927, Yaw_err_deg: 9.660
Epoch: [1/23], Batch: 1270/2963, Loss: 2878.279, Trans_L2_m: 7.645, Yaw_err_deg: 8.197
Epoch: [1/23], Batch: 1280/2963, Loss: 1830.154, Trans_L2_m: 5.034, Yaw_err_deg: 7.340
Epoch: [1/23], Batch: 1290/2963, Loss: 2606.884, Trans_L2_m: 6.362, Yaw_err_deg: 9.211
Epoch: [1/23], Batch: 1300/2963, Loss: 2485.736, Trans_L2_m: 5.366, Yaw_err_deg: 11.600
Epoch: [1/23], Batch: 1310/2963, Loss: 1757.630, Trans_L2_m: 3.916, Yaw_err_deg: 9.001
Epoch: [1/23], Batch: 1320/2963, Loss: 3380.024, Trans_L2_m: 7.516, Yaw_err_deg: 10.814
Epoch: [1/23], Batch: 1330/2963, Loss: 2367.736, Trans_L2_m: 5.166, Yaw_err_deg: 11.302
Epoch: [1/23], Batch: 1340/2963, Loss: 3223.119, Trans_L2_m: 7.836, Yaw_err_deg: 9.343
Epoch: [1/23], Batch: 1350/2963, Loss: 2804.562, Trans_L2_m: 6.861, Yaw_err_deg: 9.219
Epoch: [1/23], Batch: 1360/2963, Loss: 2628.840, Trans_L2_m: 6.250, Yaw_err_deg: 9.616
Epoch: [1/23], Batch: 1370/2963, Loss: 2366.690, Trans_L2_m: 5.065, Yaw_err_deg: 10.429
Epoch: [1/23], Batch: 1380/2963, Loss: 2454.551, Trans_L2_m: 5.432, Yaw_err_deg: 10.274
Epoch: [1/23], Batch: 1390/2963, Loss: 2215.519, Trans_L2_m: 4.955, Yaw_err_deg: 9.480
Epoch: [1/23], Batch: 1400/2963, Loss: 3265.595, Trans_L2_m: 7.322, Yaw_err_deg: 10.214
Epoch: [1/23], Batch: 1410/2963, Loss: 3507.760, Trans_L2_m: 7.498, Yaw_err_deg: 11.352
Epoch: [1/23], Batch: 1420/2963, Loss: 2295.247, Trans_L2_m: 4.701, Yaw_err_deg: 10.426
Epoch: [1/23], Batch: 1430/2963, Loss: 2744.133, Trans_L2_m: 6.250, Yaw_err_deg: 8.866
Epoch: [1/23], Batch: 1440/2963, Loss: 3475.506, Trans_L2_m: 7.649, Yaw_err_deg: 11.020
Epoch: [1/23], Batch: 1450/2963, Loss: 2724.101, Trans_L2_m: 6.347, Yaw_err_deg: 9.953
Epoch: [1/23], Batch: 1460/2963, Loss: 1855.150, Trans_L2_m: 4.632, Yaw_err_deg: 8.180
Epoch: [1/23], Batch: 1470/2963, Loss: 2556.472, Trans_L2_m: 6.185, Yaw_err_deg: 8.101
Epoch: [1/23], Batch: 1480/2963, Loss: 2655.016, Trans_L2_m: 6.666, Yaw_err_deg: 8.102
Epoch: [1/23], Batch: 1490/2963, Loss: 2425.763, Trans_L2_m: 4.677, Yaw_err_deg: 11.369
Epoch: [1/23], Batch: 1500/2963, Loss: 2485.358, Trans_L2_m: 5.343, Yaw_err_deg: 9.915
Epoch: [1/23], Batch: 1510/2963, Loss: 2558.502, Trans_L2_m: 5.000, Yaw_err_deg: 11.733
Epoch: [1/23], Batch: 1520/2963, Loss: 2358.316, Trans_L2_m: 5.774, Yaw_err_deg: 8.297
Epoch: [1/23], Batch: 1530/2963, Loss: 2145.541, Trans_L2_m: 4.771, Yaw_err_deg: 9.430
Epoch: [1/23], Batch: 1540/2963, Loss: 2289.389, Trans_L2_m: 4.911, Yaw_err_deg: 9.579
Epoch: [1/23], Batch: 1550/2963, Loss: 2217.047, Trans_L2_m: 4.425, Yaw_err_deg: 10.395
Epoch: [1/23], Batch: 1560/2963, Loss: 2327.667, Trans_L2_m: 4.831, Yaw_err_deg: 10.385
Epoch: [1/23], Batch: 1570/2963, Loss: 2242.336, Trans_L2_m: 5.150, Yaw_err_deg: 8.366
Epoch: [1/23], Batch: 1580/2963, Loss: 1927.229, Trans_L2_m: 3.620, Yaw_err_deg: 10.273
Epoch: [1/23], Batch: 1590/2963, Loss: 2158.191, Trans_L2_m: 4.103, Yaw_err_deg: 10.655
Epoch: [1/23], Batch: 1600/2963, Loss: 1797.236, Trans_L2_m: 3.707, Yaw_err_deg: 10.053
Epoch: [1/23], Batch: 1610/2963, Loss: 2261.865, Trans_L2_m: 3.267, Yaw_err_deg: 12.055
Epoch: [1/23], Batch: 1620/2963, Loss: 2011.109, Trans_L2_m: 3.790, Yaw_err_deg: 10.960
Epoch: [1/23], Batch: 1630/2963, Loss: 2038.581, Trans_L2_m: 3.803, Yaw_err_deg: 9.394
Epoch: [1/23], Batch: 1640/2963, Loss: 3017.776, Trans_L2_m: 6.973, Yaw_err_deg: 7.766
Epoch: [1/23], Batch: 1650/2963, Loss: 2365.008, Trans_L2_m: 4.424, Yaw_err_deg: 11.112
Epoch: [1/23], Batch: 1660/2963, Loss: 2100.598, Trans_L2_m: 4.599, Yaw_err_deg: 8.570
Epoch: [1/23], Batch: 1670/2963, Loss: 2634.058, Trans_L2_m: 5.134, Yaw_err_deg: 10.333
Epoch: [1/23], Batch: 1680/2963, Loss: 1855.360, Trans_L2_m: 4.256, Yaw_err_deg: 9.251
Epoch: [1/23], Batch: 1690/2963, Loss: 2140.241, Trans_L2_m: 3.684, Yaw_err_deg: 11.280
Epoch: [1/23], Batch: 1700/2963, Loss: 2634.441, Trans_L2_m: 6.031, Yaw_err_deg: 8.595
Epoch: [1/23], Batch: 1710/2963, Loss: 2172.270, Trans_L2_m: 4.098, Yaw_err_deg: 9.447
Epoch: [1/23], Batch: 1720/2963, Loss: 1553.381, Trans_L2_m: 4.158, Yaw_err_deg: 6.802
Epoch: [1/23], Batch: 1730/2963, Loss: 2558.001, Trans_L2_m: 4.935, Yaw_err_deg: 11.915
Epoch: [1/23], Batch: 1740/2963, Loss: 2417.920, Trans_L2_m: 5.446, Yaw_err_deg: 9.475
Epoch: [1/23], Batch: 1750/2963, Loss: 2485.824, Trans_L2_m: 3.706, Yaw_err_deg: 12.691
Epoch: [1/23], Batch: 1760/2963, Loss: 2198.986, Trans_L2_m: 3.622, Yaw_err_deg: 11.997
Epoch: [1/23], Batch: 1770/2963, Loss: 1974.025, Trans_L2_m: 3.735, Yaw_err_deg: 9.328
Epoch: [1/23], Batch: 1780/2963, Loss: 2192.622, Trans_L2_m: 3.818, Yaw_err_deg: 10.750
Epoch: [1/23], Batch: 1790/2963, Loss: 2054.313, Trans_L2_m: 4.251, Yaw_err_deg: 9.268
Epoch: [1/23], Batch: 1800/2963, Loss: 2748.954, Trans_L2_m: 5.133, Yaw_err_deg: 11.027
Epoch: [1/23], Batch: 1810/2963, Loss: 2295.307, Trans_L2_m: 5.169, Yaw_err_deg: 8.203
Epoch: [1/23], Batch: 1820/2963, Loss: 2272.117, Trans_L2_m: 4.182, Yaw_err_deg: 9.481
Epoch: [1/23], Batch: 1830/2963, Loss: 1919.557, Trans_L2_m: 3.840, Yaw_err_deg: 8.925
Epoch: [1/23], Batch: 1840/2963, Loss: 2277.750, Trans_L2_m: 4.169, Yaw_err_deg: 11.063
Epoch: [1/23], Batch: 1850/2963, Loss: 2002.239, Trans_L2_m: 3.721, Yaw_err_deg: 9.973
Epoch: [1/23], Batch: 1860/2963, Loss: 2358.718, Trans_L2_m: 4.465, Yaw_err_deg: 9.588
Epoch: [1/23], Batch: 1870/2963, Loss: 1858.496, Trans_L2_m: 3.254, Yaw_err_deg: 8.978
Epoch: [1/23], Batch: 1880/2963, Loss: 1789.291, Trans_L2_m: 2.924, Yaw_err_deg: 10.866
Epoch: [1/23], Batch: 1890/2963, Loss: 2160.698, Trans_L2_m: 3.851, Yaw_err_deg: 10.539
Epoch: [1/23], Batch: 1900/2963, Loss: 2140.058, Trans_L2_m: 3.900, Yaw_err_deg: 9.127
Epoch: [1/23], Batch: 1910/2963, Loss: 2230.820, Trans_L2_m: 4.361, Yaw_err_deg: 9.982
Epoch: [1/23], Batch: 1920/2963, Loss: 1842.096, Trans_L2_m: 3.167, Yaw_err_deg: 9.038
Epoch: [1/23], Batch: 1930/2963, Loss: 1660.495, Trans_L2_m: 3.067, Yaw_err_deg: 8.220
Epoch: [1/23], Batch: 1940/2963, Loss: 2133.384, Trans_L2_m: 3.774, Yaw_err_deg: 10.524
Epoch: [1/23], Batch: 1950/2963, Loss: 2706.662, Trans_L2_m: 3.530, Yaw_err_deg: 13.514
Epoch: [1/23], Batch: 1960/2963, Loss: 1786.241, Trans_L2_m: 2.615, Yaw_err_deg: 10.043
Epoch: [1/23], Batch: 1970/2963, Loss: 2275.985, Trans_L2_m: 4.130, Yaw_err_deg: 10.599
Epoch: [1/23], Batch: 1980/2963, Loss: 1784.980, Trans_L2_m: 3.708, Yaw_err_deg: 8.274
Epoch: [1/23], Batch: 1990/2963, Loss: 1856.128, Trans_L2_m: 3.656, Yaw_err_deg: 8.986
Epoch: [1/23], Batch: 2000/2963, Loss: 1923.829, Trans_L2_m: 3.003, Yaw_err_deg: 11.249
Epoch: [1/23], Batch: 2010/2963, Loss: 2027.818, Trans_L2_m: 4.039, Yaw_err_deg: 7.562
Epoch: [1/23], Batch: 2020/2963, Loss: 2422.880, Trans_L2_m: 4.204, Yaw_err_deg: 11.059
Epoch: [1/23], Batch: 2030/2963, Loss: 1538.084, Trans_L2_m: 3.109, Yaw_err_deg: 8.043
Epoch: [1/23], Batch: 2040/2963, Loss: 2139.889, Trans_L2_m: 3.920, Yaw_err_deg: 8.757
Epoch: [1/23], Batch: 2050/2963, Loss: 2415.448, Trans_L2_m: 3.820, Yaw_err_deg: 11.577
Epoch: [1/23], Batch: 2060/2963, Loss: 1428.668, Trans_L2_m: 2.837, Yaw_err_deg: 7.941
Epoch: [1/23], Batch: 2070/2963, Loss: 1671.698, Trans_L2_m: 2.868, Yaw_err_deg: 8.257
Epoch: [1/23], Batch: 2080/2963, Loss: 1475.517, Trans_L2_m: 3.043, Yaw_err_deg: 7.416
Epoch: [1/23], Batch: 2090/2963, Loss: 1462.419, Trans_L2_m: 2.472, Yaw_err_deg: 9.251
Epoch: [1/23], Batch: 2100/2963, Loss: 2011.083, Trans_L2_m: 3.871, Yaw_err_deg: 7.368
Epoch: [1/23], Batch: 2110/2963, Loss: 2306.635, Trans_L2_m: 3.167, Yaw_err_deg: 12.139
Epoch: [1/23], Batch: 2120/2963, Loss: 2272.259, Trans_L2_m: 3.336, Yaw_err_deg: 12.170
Epoch: [1/23], Batch: 2130/2963, Loss: 1832.968, Trans_L2_m: 2.549, Yaw_err_deg: 10.276
Epoch: [1/23], Batch: 2140/2963, Loss: 1665.450, Trans_L2_m: 2.419, Yaw_err_deg: 10.197
Epoch: [1/23], Batch: 2150/2963, Loss: 2013.016, Trans_L2_m: 3.534, Yaw_err_deg: 9.317
Epoch: [1/23], Batch: 2160/2963, Loss: 2092.548, Trans_L2_m: 3.282, Yaw_err_deg: 10.816
Epoch: [1/23], Batch: 2170/2963, Loss: 2084.448, Trans_L2_m: 4.288, Yaw_err_deg: 8.785
Epoch: [1/23], Batch: 2180/2963, Loss: 1844.169, Trans_L2_m: 2.990, Yaw_err_deg: 10.113
Epoch: [1/23], Batch: 2190/2963, Loss: 1740.868, Trans_L2_m: 2.103, Yaw_err_deg: 10.951
Epoch: [1/23], Batch: 2200/2963, Loss: 1842.405, Trans_L2_m: 2.768, Yaw_err_deg: 11.461
Epoch: [1/23], Batch: 2210/2963, Loss: 1682.608, Trans_L2_m: 2.637, Yaw_err_deg: 8.156
Epoch: [1/23], Batch: 2220/2963, Loss: 1703.557, Trans_L2_m: 2.831, Yaw_err_deg: 8.751
Epoch: [1/23], Batch: 2230/2963, Loss: 1731.114, Trans_L2_m: 2.910, Yaw_err_deg: 10.464
Epoch: [1/23], Batch: 2240/2963, Loss: 2152.027, Trans_L2_m: 3.213, Yaw_err_deg: 11.235
Epoch: [1/23], Batch: 2250/2963, Loss: 2010.756, Trans_L2_m: 3.138, Yaw_err_deg: 10.431
Epoch: [1/23], Batch: 2260/2963, Loss: 1754.534, Trans_L2_m: 2.680, Yaw_err_deg: 10.041
Epoch: [1/23], Batch: 2270/2963, Loss: 1688.526, Trans_L2_m: 2.536, Yaw_err_deg: 8.735
Epoch: [1/23], Batch: 2280/2963, Loss: 2078.243, Trans_L2_m: 2.779, Yaw_err_deg: 10.775
Epoch: [1/23], Batch: 2290/2963, Loss: 1771.116, Trans_L2_m: 2.390, Yaw_err_deg: 9.516
Epoch: [1/23], Batch: 2300/2963, Loss: 1993.055, Trans_L2_m: 2.693, Yaw_err_deg: 10.382
Epoch: [1/23], Batch: 2310/2963, Loss: 2287.682, Trans_L2_m: 3.613, Yaw_err_deg: 10.975
Epoch: [1/23], Batch: 2320/2963, Loss: 1740.631, Trans_L2_m: 2.491, Yaw_err_deg: 9.247
Epoch: [1/23], Batch: 2330/2963, Loss: 2206.749, Trans_L2_m: 3.170, Yaw_err_deg: 11.099
Epoch: [1/23], Batch: 2340/2963, Loss: 1820.008, Trans_L2_m: 2.332, Yaw_err_deg: 11.568
Epoch: [1/23], Batch: 2350/2963, Loss: 1623.359, Trans_L2_m: 2.477, Yaw_err_deg: 9.440
Epoch: [1/23], Batch: 2360/2963, Loss: 1872.842, Trans_L2_m: 2.463, Yaw_err_deg: 11.025
Epoch: [1/23], Batch: 2370/2963, Loss: 1295.138, Trans_L2_m: 2.202, Yaw_err_deg: 6.842
Epoch: [1/23], Batch: 2380/2963, Loss: 1816.258, Trans_L2_m: 2.427, Yaw_err_deg: 9.881
Epoch: [1/23], Batch: 2390/2963, Loss: 1491.276, Trans_L2_m: 2.348, Yaw_err_deg: 8.075
Epoch: [1/23], Batch: 2400/2963, Loss: 1387.052, Trans_L2_m: 2.594, Yaw_err_deg: 6.829
Epoch: [1/23], Batch: 2410/2963, Loss: 1796.326, Trans_L2_m: 2.838, Yaw_err_deg: 9.269
Epoch: [1/23], Batch: 2420/2963, Loss: 1642.911, Trans_L2_m: 2.512, Yaw_err_deg: 10.491
Epoch: [1/23], Batch: 2430/2963, Loss: 1941.881, Trans_L2_m: 2.819, Yaw_err_deg: 10.113
Epoch: [1/23], Batch: 2440/2963, Loss: 1343.384, Trans_L2_m: 2.223, Yaw_err_deg: 8.723
Epoch: [1/23], Batch: 2450/2963, Loss: 1901.368, Trans_L2_m: 1.965, Yaw_err_deg: 12.645
Epoch: [1/23], Batch: 2460/2963, Loss: 1466.679, Trans_L2_m: 2.581, Yaw_err_deg: 7.451
Epoch: [1/23], Batch: 2470/2963, Loss: 1245.354, Trans_L2_m: 2.124, Yaw_err_deg: 7.243
Epoch: [1/23], Batch: 2480/2963, Loss: 1607.457, Trans_L2_m: 2.012, Yaw_err_deg: 10.713
Epoch: [1/23], Batch: 2490/2963, Loss: 2313.704, Trans_L2_m: 2.466, Yaw_err_deg: 12.813
Epoch: [1/23], Batch: 2500/2963, Loss: 1594.294, Trans_L2_m: 2.212, Yaw_err_deg: 9.560
Epoch: [1/23], Batch: 2510/2963, Loss: 1256.640, Trans_L2_m: 1.934, Yaw_err_deg: 8.644
Epoch: [1/23], Batch: 2520/2963, Loss: 1965.689, Trans_L2_m: 2.441, Yaw_err_deg: 9.594
Epoch: [1/23], Batch: 2530/2963, Loss: 1656.614, Trans_L2_m: 2.496, Yaw_err_deg: 10.148
Epoch: [1/23], Batch: 2540/2963, Loss: 1579.138, Trans_L2_m: 2.890, Yaw_err_deg: 6.405
Epoch: [1/23], Batch: 2550/2963, Loss: 1555.261, Trans_L2_m: 2.090, Yaw_err_deg: 9.858
Epoch: [1/23], Batch: 2560/2963, Loss: 1214.067, Trans_L2_m: 1.436, Yaw_err_deg: 7.164
Epoch: [1/23], Batch: 2570/2963, Loss: 1189.348, Trans_L2_m: 2.296, Yaw_err_deg: 7.711
Epoch: [1/23], Batch: 2580/2963, Loss: 1452.185, Trans_L2_m: 2.204, Yaw_err_deg: 8.037
Epoch: [1/23], Batch: 2590/2963, Loss: 1329.122, Trans_L2_m: 1.547, Yaw_err_deg: 7.508
Epoch: [1/23], Batch: 2600/2963, Loss: 914.444, Trans_L2_m: 1.493, Yaw_err_deg: 7.496
Epoch: [1/23], Batch: 2610/2963, Loss: 1639.904, Trans_L2_m: 2.264, Yaw_err_deg: 8.767
Epoch: [1/23], Batch: 2620/2963, Loss: 1445.414, Trans_L2_m: 1.988, Yaw_err_deg: 8.314
Epoch: [1/23], Batch: 2630/2963, Loss: 1176.629, Trans_L2_m: 2.031, Yaw_err_deg: 7.347
Epoch: [1/23], Batch: 2640/2963, Loss: 1769.224, Trans_L2_m: 2.256, Yaw_err_deg: 10.116
Epoch: [1/23], Batch: 2650/2963, Loss: 1368.301, Trans_L2_m: 1.802, Yaw_err_deg: 8.731
Epoch: [1/23], Batch: 2660/2963, Loss: 1451.789, Trans_L2_m: 1.845, Yaw_err_deg: 9.315
Epoch: [1/23], Batch: 2670/2963, Loss: 1869.662, Trans_L2_m: 2.719, Yaw_err_deg: 9.421
Epoch: [1/23], Batch: 2680/2963, Loss: 1316.934, Trans_L2_m: 1.682, Yaw_err_deg: 8.190
Epoch: [1/23], Batch: 2690/2963, Loss: 1207.666, Trans_L2_m: 1.841, Yaw_err_deg: 6.633
Epoch: [1/23], Batch: 2700/2963, Loss: 1693.660, Trans_L2_m: 1.650, Yaw_err_deg: 9.966
Epoch: [1/23], Batch: 2710/2963, Loss: 1620.400, Trans_L2_m: 2.052, Yaw_err_deg: 8.612
Epoch: [1/23], Batch: 2720/2963, Loss: 898.385, Trans_L2_m: 1.413, Yaw_err_deg: 6.861
Epoch: [1/23], Batch: 2730/2963, Loss: 1493.446, Trans_L2_m: 2.413, Yaw_err_deg: 6.129
Epoch: [1/23], Batch: 2740/2963, Loss: 1184.032, Trans_L2_m: 2.609, Yaw_err_deg: 6.171
Epoch: [1/23], Batch: 2750/2963, Loss: 1870.297, Trans_L2_m: 2.836, Yaw_err_deg: 8.584
Epoch: [1/23], Batch: 2760/2963, Loss: 1534.077, Trans_L2_m: 2.191, Yaw_err_deg: 8.936
Epoch: [1/23], Batch: 2770/2963, Loss: 1447.077, Trans_L2_m: 2.247, Yaw_err_deg: 9.157
Epoch: [1/23], Batch: 2780/2963, Loss: 1735.810, Trans_L2_m: 2.218, Yaw_err_deg: 10.312
Epoch: [1/23], Batch: 2790/2963, Loss: 1825.452, Trans_L2_m: 1.523, Yaw_err_deg: 11.702
Epoch: [1/23], Batch: 2800/2963, Loss: 1444.292, Trans_L2_m: 1.438, Yaw_err_deg: 6.885
Epoch: [1/23], Batch: 2810/2963, Loss: 1131.206, Trans_L2_m: 2.085, Yaw_err_deg: 4.660
Epoch: [1/23], Batch: 2820/2963, Loss: 2050.255, Trans_L2_m: 1.843, Yaw_err_deg: 11.150
Epoch: [1/23], Batch: 2830/2963, Loss: 1468.891, Trans_L2_m: 1.676, Yaw_err_deg: 7.972
Epoch: [1/23], Batch: 2840/2963, Loss: 1234.156, Trans_L2_m: 1.739, Yaw_err_deg: 7.554
Epoch: [1/23], Batch: 2850/2963, Loss: 1470.448, Trans_L2_m: 1.978, Yaw_err_deg: 10.240
Epoch: [1/23], Batch: 2860/2963, Loss: 1341.233, Trans_L2_m: 1.427, Yaw_err_deg: 9.258
Epoch: [1/23], Batch: 2870/2963, Loss: 977.607, Trans_L2_m: 1.761, Yaw_err_deg: 6.485
Epoch: [1/23], Batch: 2880/2963, Loss: 1373.074, Trans_L2_m: 1.788, Yaw_err_deg: 7.341
Epoch: [1/23], Batch: 2890/2963, Loss: 1324.988, Trans_L2_m: 2.075, Yaw_err_deg: 7.761
Epoch: [1/23], Batch: 2900/2963, Loss: 1064.288, Trans_L2_m: 1.404, Yaw_err_deg: 7.894
Epoch: [1/23], Batch: 2910/2963, Loss: 1507.117, Trans_L2_m: 2.340, Yaw_err_deg: 8.553
Epoch: [1/23], Batch: 2920/2963, Loss: 1475.443, Trans_L2_m: 1.836, Yaw_err_deg: 9.265
Epoch: [1/23], Batch: 2930/2963, Loss: 1291.289, Trans_L2_m: 1.837, Yaw_err_deg: 8.117
Epoch: [1/23], Batch: 2940/2963, Loss: 1567.650, Trans_L2_m: 1.674, Yaw_err_deg: 8.527
Epoch: [1/23], Batch: 2950/2963, Loss: 1121.658, Trans_L2_m: 2.010, Yaw_err_deg: 4.929
Epoch: [1/23], Batch: 2960/2963, Loss: 1059.411, Trans_L2_m: 1.628, Yaw_err_deg: 6.411
Validation loss (homography): 2268.9860
Avg batch time: 996.96 ms, total: 324.931 s
[1;94mSave the best of 2268.986083984375, at checkpoints/2025_12_27_best_checkpoint_zod_0.pth[0m
Epoch: [2/23], Batch: 0/2963, Loss: 1002.945, Trans_L2_m: 1.215, Yaw_err_deg: 7.038
Epoch: [2/23], Batch: 10/2963, Loss: 1662.426, Trans_L2_m: 2.099, Yaw_err_deg: 9.859
Epoch: [2/23], Batch: 20/2963, Loss: 1382.227, Trans_L2_m: 1.551, Yaw_err_deg: 9.118
Epoch: [2/23], Batch: 30/2963, Loss: 1171.494, Trans_L2_m: 1.394, Yaw_err_deg: 6.517
Epoch: [2/23], Batch: 40/2963, Loss: 1136.286, Trans_L2_m: 1.467, Yaw_err_deg: 7.233
Epoch: [2/23], Batch: 50/2963, Loss: 1301.871, Trans_L2_m: 2.169, Yaw_err_deg: 8.590
Epoch: [2/23], Batch: 60/2963, Loss: 1416.663, Trans_L2_m: 1.879, Yaw_err_deg: 8.645
Epoch: [2/23], Batch: 70/2963, Loss: 1220.540, Trans_L2_m: 1.929, Yaw_err_deg: 8.145
Epoch: [2/23], Batch: 80/2963, Loss: 1593.923, Trans_L2_m: 1.799, Yaw_err_deg: 8.588
Epoch: [2/23], Batch: 90/2963, Loss: 1217.281, Trans_L2_m: 1.672, Yaw_err_deg: 6.205
Epoch: [2/23], Batch: 100/2963, Loss: 1084.969, Trans_L2_m: 1.589, Yaw_err_deg: 4.853
Epoch: [2/23], Batch: 110/2963, Loss: 1392.579, Trans_L2_m: 2.246, Yaw_err_deg: 8.003
Epoch: [2/23], Batch: 120/2963, Loss: 924.539, Trans_L2_m: 1.611, Yaw_err_deg: 5.607
Epoch: [2/23], Batch: 130/2963, Loss: 1259.075, Trans_L2_m: 1.216, Yaw_err_deg: 6.776
Epoch: [2/23], Batch: 140/2963, Loss: 1392.655, Trans_L2_m: 2.549, Yaw_err_deg: 7.804
Epoch: [2/23], Batch: 150/2963, Loss: 1123.313, Trans_L2_m: 1.913, Yaw_err_deg: 5.998
Epoch: [2/23], Batch: 160/2963, Loss: 1437.796, Trans_L2_m: 1.548, Yaw_err_deg: 8.553
Epoch: [2/23], Batch: 170/2963, Loss: 1458.696, Trans_L2_m: 1.401, Yaw_err_deg: 9.774
Epoch: [2/23], Batch: 180/2963, Loss: 904.863, Trans_L2_m: 1.483, Yaw_err_deg: 7.068
Epoch: [2/23], Batch: 190/2963, Loss: 1086.285, Trans_L2_m: 1.603, Yaw_err_deg: 5.062
Epoch: [2/23], Batch: 200/2963, Loss: 1058.716, Trans_L2_m: 1.498, Yaw_err_deg: 7.027
Epoch: [2/23], Batch: 210/2963, Loss: 1308.069, Trans_L2_m: 2.017, Yaw_err_deg: 9.894
Epoch: [2/23], Batch: 220/2963, Loss: 1097.143, Trans_L2_m: 1.478, Yaw_err_deg: 6.502
Epoch: [2/23], Batch: 230/2963, Loss: 1066.980, Trans_L2_m: 1.644, Yaw_err_deg: 6.633
Epoch: [2/23], Batch: 240/2963, Loss: 1272.619, Trans_L2_m: 1.803, Yaw_err_deg: 8.488
Epoch: [2/23], Batch: 250/2963, Loss: 1256.731, Trans_L2_m: 1.668, Yaw_err_deg: 6.399
Epoch: [2/23], Batch: 260/2963, Loss: 1173.932, Trans_L2_m: 1.375, Yaw_err_deg: 7.127
Epoch: [2/23], Batch: 270/2963, Loss: 1100.252, Trans_L2_m: 1.921, Yaw_err_deg: 6.150
Epoch: [2/23], Batch: 280/2963, Loss: 1434.230, Trans_L2_m: 1.441, Yaw_err_deg: 7.963
Epoch: [2/23], Batch: 290/2963, Loss: 1755.245, Trans_L2_m: 2.461, Yaw_err_deg: 10.288
Epoch: [2/23], Batch: 300/2963, Loss: 1539.731, Trans_L2_m: 1.554, Yaw_err_deg: 9.591
Epoch: [2/23], Batch: 310/2963, Loss: 1030.822, Trans_L2_m: 1.895, Yaw_err_deg: 5.939
Epoch: [2/23], Batch: 320/2963, Loss: 946.170, Trans_L2_m: 2.041, Yaw_err_deg: 5.351
Epoch: [2/23], Batch: 330/2963, Loss: 1003.207, Trans_L2_m: 1.373, Yaw_err_deg: 5.958
Epoch: [2/23], Batch: 340/2963, Loss: 1142.765, Trans_L2_m: 1.849, Yaw_err_deg: 7.235
Epoch: [2/23], Batch: 350/2963, Loss: 1117.466, Trans_L2_m: 2.055, Yaw_err_deg: 5.816
Epoch: [2/23], Batch: 360/2963, Loss: 1338.608, Trans_L2_m: 1.595, Yaw_err_deg: 10.447
Epoch: [2/23], Batch: 370/2963, Loss: 1316.177, Trans_L2_m: 1.569, Yaw_err_deg: 8.286
Epoch: [2/23], Batch: 380/2963, Loss: 1377.012, Trans_L2_m: 1.419, Yaw_err_deg: 9.089
Epoch: [2/23], Batch: 390/2963, Loss: 1174.045, Trans_L2_m: 2.141, Yaw_err_deg: 7.944
Epoch: [2/23], Batch: 400/2963, Loss: 1052.784, Trans_L2_m: 1.787, Yaw_err_deg: 6.012
Epoch: [2/23], Batch: 410/2963, Loss: 1099.465, Trans_L2_m: 1.403, Yaw_err_deg: 7.451
Epoch: [2/23], Batch: 420/2963, Loss: 1063.018, Trans_L2_m: 1.504, Yaw_err_deg: 6.159
Epoch: [2/23], Batch: 430/2963, Loss: 1168.669, Trans_L2_m: 1.509, Yaw_err_deg: 8.798
Epoch: [2/23], Batch: 440/2963, Loss: 1204.454, Trans_L2_m: 1.742, Yaw_err_deg: 7.900
Epoch: [2/23], Batch: 450/2963, Loss: 1004.267, Trans_L2_m: 1.560, Yaw_err_deg: 6.424
Epoch: [2/23], Batch: 460/2963, Loss: 1398.594, Trans_L2_m: 1.706, Yaw_err_deg: 7.772
Epoch: [2/23], Batch: 470/2963, Loss: 1376.425, Trans_L2_m: 2.100, Yaw_err_deg: 8.886
Epoch: [2/23], Batch: 480/2963, Loss: 838.846, Trans_L2_m: 1.564, Yaw_err_deg: 6.759
Epoch: [2/23], Batch: 490/2963, Loss: 1003.022, Trans_L2_m: 1.600, Yaw_err_deg: 6.887
Epoch: [2/23], Batch: 500/2963, Loss: 1669.816, Trans_L2_m: 2.094, Yaw_err_deg: 10.762
Epoch: [2/23], Batch: 510/2963, Loss: 997.365, Trans_L2_m: 1.164, Yaw_err_deg: 7.187
Epoch: [2/23], Batch: 520/2963, Loss: 1117.405, Trans_L2_m: 1.344, Yaw_err_deg: 7.614
Epoch: [2/23], Batch: 530/2963, Loss: 1307.320, Trans_L2_m: 1.926, Yaw_err_deg: 9.330
Epoch: [2/23], Batch: 540/2963, Loss: 977.730, Trans_L2_m: 1.379, Yaw_err_deg: 6.876
Epoch: [2/23], Batch: 550/2963, Loss: 875.618, Trans_L2_m: 1.830, Yaw_err_deg: 5.203
Epoch: [2/23], Batch: 560/2963, Loss: 1266.286, Trans_L2_m: 1.195, Yaw_err_deg: 7.077
Epoch: [2/23], Batch: 570/2963, Loss: 901.190, Trans_L2_m: 1.578, Yaw_err_deg: 5.125
Epoch: [2/23], Batch: 580/2963, Loss: 1276.778, Trans_L2_m: 1.223, Yaw_err_deg: 8.830
Epoch: [2/23], Batch: 590/2963, Loss: 943.555, Trans_L2_m: 1.318, Yaw_err_deg: 7.369
Epoch: [2/23], Batch: 600/2963, Loss: 720.205, Trans_L2_m: 1.376, Yaw_err_deg: 5.891
Epoch: [2/23], Batch: 610/2963, Loss: 1322.728, Trans_L2_m: 1.885, Yaw_err_deg: 7.526
Epoch: [2/23], Batch: 620/2963, Loss: 920.242, Trans_L2_m: 1.402, Yaw_err_deg: 6.459
Epoch: [2/23], Batch: 630/2963, Loss: 1403.669, Trans_L2_m: 1.543, Yaw_err_deg: 8.531
Epoch: [2/23], Batch: 640/2963, Loss: 871.733, Trans_L2_m: 1.744, Yaw_err_deg: 7.183
Epoch: [2/23], Batch: 650/2963, Loss: 1526.622, Trans_L2_m: 1.785, Yaw_err_deg: 8.908
Epoch: [2/23], Batch: 660/2963, Loss: 1221.164, Trans_L2_m: 0.927, Yaw_err_deg: 7.820
Epoch: [2/23], Batch: 670/2963, Loss: 960.662, Trans_L2_m: 1.352, Yaw_err_deg: 7.273
Epoch: [2/23], Batch: 680/2963, Loss: 1186.725, Trans_L2_m: 1.852, Yaw_err_deg: 7.757
Epoch: [2/23], Batch: 690/2963, Loss: 1131.142, Trans_L2_m: 1.510, Yaw_err_deg: 8.856
Epoch: [2/23], Batch: 700/2963, Loss: 1067.820, Trans_L2_m: 1.218, Yaw_err_deg: 5.801
Epoch: [2/23], Batch: 710/2963, Loss: 1151.310, Trans_L2_m: 1.879, Yaw_err_deg: 6.833
Epoch: [2/23], Batch: 720/2963, Loss: 860.015, Trans_L2_m: 1.341, Yaw_err_deg: 6.362
Epoch: [2/23], Batch: 730/2963, Loss: 1358.401, Trans_L2_m: 1.253, Yaw_err_deg: 10.514
Epoch: [2/23], Batch: 740/2963, Loss: 909.558, Trans_L2_m: 1.898, Yaw_err_deg: 7.615
Epoch: [2/23], Batch: 750/2963, Loss: 1237.548, Trans_L2_m: 1.774, Yaw_err_deg: 8.012
Epoch: [2/23], Batch: 760/2963, Loss: 872.205, Trans_L2_m: 1.624, Yaw_err_deg: 5.835
Epoch: [2/23], Batch: 770/2963, Loss: 1042.587, Trans_L2_m: 1.325, Yaw_err_deg: 6.620
Epoch: [2/23], Batch: 780/2963, Loss: 882.352, Trans_L2_m: 2.061, Yaw_err_deg: 6.336
Epoch: [2/23], Batch: 790/2963, Loss: 1075.419, Trans_L2_m: 2.049, Yaw_err_deg: 6.691
Epoch: [2/23], Batch: 800/2963, Loss: 1073.074, Trans_L2_m: 1.608, Yaw_err_deg: 5.867
Epoch: [2/23], Batch: 810/2963, Loss: 982.744, Trans_L2_m: 2.138, Yaw_err_deg: 5.845
Epoch: [2/23], Batch: 820/2963, Loss: 1161.947, Trans_L2_m: 1.469, Yaw_err_deg: 9.415
Epoch: [2/23], Batch: 830/2963, Loss: 1061.150, Trans_L2_m: 1.631, Yaw_err_deg: 8.414
Epoch: [2/23], Batch: 840/2963, Loss: 1458.335, Trans_L2_m: 1.479, Yaw_err_deg: 12.133
Epoch: [2/23], Batch: 850/2963, Loss: 1373.525, Trans_L2_m: 1.912, Yaw_err_deg: 9.643
Epoch: [2/23], Batch: 860/2963, Loss: 1025.817, Trans_L2_m: 1.450, Yaw_err_deg: 7.507
Epoch: [2/23], Batch: 870/2963, Loss: 996.755, Trans_L2_m: 1.569, Yaw_err_deg: 7.649
Epoch: [2/23], Batch: 880/2963, Loss: 912.586, Trans_L2_m: 1.529, Yaw_err_deg: 5.955
Epoch: [2/23], Batch: 890/2963, Loss: 1070.738, Trans_L2_m: 1.374, Yaw_err_deg: 8.371
Epoch: [2/23], Batch: 900/2963, Loss: 2238.692, Trans_L2_m: 1.358, Yaw_err_deg: 7.825
Epoch: [2/23], Batch: 910/2963, Loss: 1022.440, Trans_L2_m: 1.610, Yaw_err_deg: 8.270
Epoch: [2/23], Batch: 920/2963, Loss: 838.993, Trans_L2_m: 1.358, Yaw_err_deg: 4.658
Epoch: [2/23], Batch: 930/2963, Loss: 1035.551, Trans_L2_m: 1.995, Yaw_err_deg: 8.062
Epoch: [2/23], Batch: 940/2963, Loss: 793.328, Trans_L2_m: 1.656, Yaw_err_deg: 6.108
Epoch: [2/23], Batch: 950/2963, Loss: 773.835, Trans_L2_m: 0.986, Yaw_err_deg: 5.239
Epoch: [2/23], Batch: 960/2963, Loss: 1318.718, Trans_L2_m: 1.364, Yaw_err_deg: 8.841
Epoch: [2/23], Batch: 970/2963, Loss: 1085.750, Trans_L2_m: 1.736, Yaw_err_deg: 7.797
Epoch: [2/23], Batch: 980/2963, Loss: 1099.302, Trans_L2_m: 1.580, Yaw_err_deg: 6.140
Epoch: [2/23], Batch: 990/2963, Loss: 1068.929, Trans_L2_m: 1.648, Yaw_err_deg: 8.881
Epoch: [2/23], Batch: 1000/2963, Loss: 837.985, Trans_L2_m: 1.634, Yaw_err_deg: 4.230
Epoch: [2/23], Batch: 1010/2963, Loss: 975.263, Trans_L2_m: 1.577, Yaw_err_deg: 7.160
Epoch: [2/23], Batch: 1020/2963, Loss: 1275.310, Trans_L2_m: 1.584, Yaw_err_deg: 8.761
Epoch: [2/23], Batch: 1030/2963, Loss: 853.294, Trans_L2_m: 1.162, Yaw_err_deg: 5.139
Epoch: [2/23], Batch: 1040/2963, Loss: 922.869, Trans_L2_m: 1.122, Yaw_err_deg: 7.131
Epoch: [2/23], Batch: 1050/2963, Loss: 704.282, Trans_L2_m: 0.989, Yaw_err_deg: 5.497
Epoch: [2/23], Batch: 1060/2963, Loss: 787.498, Trans_L2_m: 1.916, Yaw_err_deg: 7.714
Epoch: [2/23], Batch: 1070/2963, Loss: 970.144, Trans_L2_m: 1.264, Yaw_err_deg: 9.200
Epoch: [2/23], Batch: 1080/2963, Loss: 946.723, Trans_L2_m: 1.382, Yaw_err_deg: 5.183
Epoch: [2/23], Batch: 1090/2963, Loss: 790.820, Trans_L2_m: 1.234, Yaw_err_deg: 4.854
Epoch: [2/23], Batch: 1100/2963, Loss: 1086.624, Trans_L2_m: 1.276, Yaw_err_deg: 7.908
Epoch: [2/23], Batch: 1110/2963, Loss: 843.069, Trans_L2_m: 1.901, Yaw_err_deg: 5.815
Epoch: [2/23], Batch: 1120/2963, Loss: 722.769, Trans_L2_m: 1.252, Yaw_err_deg: 5.447
Epoch: [2/23], Batch: 1130/2963, Loss: 764.378, Trans_L2_m: 1.361, Yaw_err_deg: 5.924
Epoch: [2/23], Batch: 1140/2963, Loss: 933.751, Trans_L2_m: 1.795, Yaw_err_deg: 6.426
Epoch: [2/23], Batch: 1150/2963, Loss: 790.027, Trans_L2_m: 1.193, Yaw_err_deg: 5.775
Epoch: [2/23], Batch: 1160/2963, Loss: 1051.808, Trans_L2_m: 1.215, Yaw_err_deg: 8.696
Epoch: [2/23], Batch: 1170/2963, Loss: 1015.757, Trans_L2_m: 1.433, Yaw_err_deg: 7.422
Epoch: [2/23], Batch: 1180/2963, Loss: 895.187, Trans_L2_m: 0.958, Yaw_err_deg: 6.849
Epoch: [2/23], Batch: 1190/2963, Loss: 814.593, Trans_L2_m: 0.927, Yaw_err_deg: 5.842
Epoch: [2/23], Batch: 1200/2963, Loss: 859.986, Trans_L2_m: 1.558, Yaw_err_deg: 5.987
Epoch: [2/23], Batch: 1210/2963, Loss: 660.819, Trans_L2_m: 1.177, Yaw_err_deg: 5.067
Epoch: [2/23], Batch: 1220/2963, Loss: 1058.645, Trans_L2_m: 1.387, Yaw_err_deg: 7.890
Epoch: [2/23], Batch: 1230/2963, Loss: 1458.939, Trans_L2_m: 1.505, Yaw_err_deg: 8.833
Epoch: [2/23], Batch: 1240/2963, Loss: 542.914, Trans_L2_m: 1.225, Yaw_err_deg: 4.997
Epoch: [2/23], Batch: 1250/2963, Loss: 1157.890, Trans_L2_m: 0.965, Yaw_err_deg: 11.740
Epoch: [2/23], Batch: 1260/2963, Loss: 816.268, Trans_L2_m: 1.279, Yaw_err_deg: 5.520
Epoch: [2/23], Batch: 1270/2963, Loss: 869.066, Trans_L2_m: 1.012, Yaw_err_deg: 5.677
Epoch: [2/23], Batch: 1280/2963, Loss: 576.945, Trans_L2_m: 1.285, Yaw_err_deg: 3.819
Epoch: [2/23], Batch: 1290/2963, Loss: 809.788, Trans_L2_m: 1.361, Yaw_err_deg: 7.005
Epoch: [2/23], Batch: 1300/2963, Loss: 906.480, Trans_L2_m: 1.901, Yaw_err_deg: 5.519
Epoch: [2/23], Batch: 1310/2963, Loss: 788.498, Trans_L2_m: 1.561, Yaw_err_deg: 7.611
Epoch: [2/23], Batch: 1320/2963, Loss: 893.497, Trans_L2_m: 1.680, Yaw_err_deg: 7.399
Epoch: [2/23], Batch: 1330/2963, Loss: 660.397, Trans_L2_m: 1.094, Yaw_err_deg: 3.548
Epoch: [2/23], Batch: 1340/2963, Loss: 913.160, Trans_L2_m: 1.569, Yaw_err_deg: 7.369
Epoch: [2/23], Batch: 1350/2963, Loss: 845.299, Trans_L2_m: 1.311, Yaw_err_deg: 5.162
Epoch: [2/23], Batch: 1360/2963, Loss: 909.203, Trans_L2_m: 1.740, Yaw_err_deg: 7.805
Epoch: [2/23], Batch: 1370/2963, Loss: 893.741, Trans_L2_m: 1.695, Yaw_err_deg: 7.611
Epoch: [2/23], Batch: 1380/2963, Loss: 805.455, Trans_L2_m: 1.257, Yaw_err_deg: 5.686
Epoch: [2/23], Batch: 1390/2963, Loss: 702.020, Trans_L2_m: 1.472, Yaw_err_deg: 4.533
Epoch: [2/23], Batch: 1400/2963, Loss: 822.284, Trans_L2_m: 1.272, Yaw_err_deg: 6.395
Epoch: [2/23], Batch: 1410/2963, Loss: 657.241, Trans_L2_m: 1.365, Yaw_err_deg: 4.715
Epoch: [2/23], Batch: 1420/2963, Loss: 787.529, Trans_L2_m: 1.385, Yaw_err_deg: 5.987
Epoch: [2/23], Batch: 1430/2963, Loss: 511.512, Trans_L2_m: 0.761, Yaw_err_deg: 4.510
Epoch: [2/23], Batch: 1440/2963, Loss: 667.512, Trans_L2_m: 1.585, Yaw_err_deg: 4.241
Epoch: [2/23], Batch: 1450/2963, Loss: 770.745, Trans_L2_m: 1.206, Yaw_err_deg: 5.736
Epoch: [2/23], Batch: 1460/2963, Loss: 885.186, Trans_L2_m: 1.247, Yaw_err_deg: 6.790
Epoch: [2/23], Batch: 1470/2963, Loss: 748.609, Trans_L2_m: 1.813, Yaw_err_deg: 5.349
Epoch: [2/23], Batch: 1480/2963, Loss: 885.873, Trans_L2_m: 1.402, Yaw_err_deg: 6.490
Epoch: [2/23], Batch: 1490/2963, Loss: 612.108, Trans_L2_m: 1.182, Yaw_err_deg: 5.054
Epoch: [2/23], Batch: 1500/2963, Loss: 627.795, Trans_L2_m: 1.006, Yaw_err_deg: 4.465
Epoch: [2/23], Batch: 1510/2963, Loss: 1227.555, Trans_L2_m: 1.120, Yaw_err_deg: 8.117
Epoch: [2/23], Batch: 1520/2963, Loss: 570.185, Trans_L2_m: 1.161, Yaw_err_deg: 5.163
Epoch: [2/23], Batch: 1530/2963, Loss: 612.405, Trans_L2_m: 1.285, Yaw_err_deg: 4.942
Epoch: [2/23], Batch: 1540/2963, Loss: 701.619, Trans_L2_m: 1.077, Yaw_err_deg: 5.606
Epoch: [2/23], Batch: 1550/2963, Loss: 866.712, Trans_L2_m: 1.333, Yaw_err_deg: 8.208
Epoch: [2/23], Batch: 1560/2963, Loss: 797.660, Trans_L2_m: 1.620, Yaw_err_deg: 6.022
Epoch: [2/23], Batch: 1570/2963, Loss: 671.502, Trans_L2_m: 1.669, Yaw_err_deg: 5.536
Epoch: [2/23], Batch: 1580/2963, Loss: 688.663, Trans_L2_m: 1.123, Yaw_err_deg: 4.473
Epoch: [2/23], Batch: 1590/2963, Loss: 939.238, Trans_L2_m: 1.293, Yaw_err_deg: 7.482
Epoch: [2/23], Batch: 1600/2963, Loss: 1514.421, Trans_L2_m: 1.134, Yaw_err_deg: 9.650
Epoch: [2/23], Batch: 1610/2963, Loss: 851.248, Trans_L2_m: 1.223, Yaw_err_deg: 5.790
Epoch: [2/23], Batch: 1620/2963, Loss: 593.339, Trans_L2_m: 0.954, Yaw_err_deg: 5.334
Epoch: [2/23], Batch: 1630/2963, Loss: 980.404, Trans_L2_m: 1.317, Yaw_err_deg: 7.437
Epoch: [2/23], Batch: 1640/2963, Loss: 765.231, Trans_L2_m: 1.582, Yaw_err_deg: 6.254
Epoch: [2/23], Batch: 1650/2963, Loss: 539.824, Trans_L2_m: 1.239, Yaw_err_deg: 3.983
Epoch: [2/23], Batch: 1660/2963, Loss: 654.264, Trans_L2_m: 1.024, Yaw_err_deg: 5.613
Epoch: [2/23], Batch: 1670/2963, Loss: 770.376, Trans_L2_m: 2.194, Yaw_err_deg: 5.354
Epoch: [2/23], Batch: 1680/2963, Loss: 569.170, Trans_L2_m: 1.231, Yaw_err_deg: 5.194
Epoch: [2/23], Batch: 1690/2963, Loss: 739.483, Trans_L2_m: 1.267, Yaw_err_deg: 6.613
Epoch: [2/23], Batch: 1700/2963, Loss: 781.630, Trans_L2_m: 1.035, Yaw_err_deg: 7.018
Epoch: [2/23], Batch: 1710/2963, Loss: 498.813, Trans_L2_m: 1.301, Yaw_err_deg: 3.337
Epoch: [2/23], Batch: 1720/2963, Loss: 898.179, Trans_L2_m: 1.309, Yaw_err_deg: 5.839
Epoch: [2/23], Batch: 1730/2963, Loss: 1015.158, Trans_L2_m: 1.143, Yaw_err_deg: 7.902
Epoch: [2/23], Batch: 1740/2963, Loss: 1098.781, Trans_L2_m: 1.550, Yaw_err_deg: 9.178
Epoch: [2/23], Batch: 1750/2963, Loss: 685.428, Trans_L2_m: 0.970, Yaw_err_deg: 5.457
Epoch: [2/23], Batch: 1760/2963, Loss: 744.034, Trans_L2_m: 1.646, Yaw_err_deg: 5.080
Epoch: [2/23], Batch: 1770/2963, Loss: 872.295, Trans_L2_m: 1.320, Yaw_err_deg: 6.650
Epoch: [2/23], Batch: 1780/2963, Loss: 720.680, Trans_L2_m: 1.369, Yaw_err_deg: 5.398
Epoch: [2/23], Batch: 1790/2963, Loss: 815.886, Trans_L2_m: 1.813, Yaw_err_deg: 6.755
Epoch: [2/23], Batch: 1800/2963, Loss: 615.410, Trans_L2_m: 2.164, Yaw_err_deg: 5.423
Epoch: [2/23], Batch: 1810/2963, Loss: 730.184, Trans_L2_m: 2.061, Yaw_err_deg: 6.245
Epoch: [2/23], Batch: 1820/2963, Loss: 741.423, Trans_L2_m: 0.993, Yaw_err_deg: 6.494
Epoch: [2/23], Batch: 1830/2963, Loss: 790.078, Trans_L2_m: 1.137, Yaw_err_deg: 5.871
Epoch: [2/23], Batch: 1840/2963, Loss: 623.425, Trans_L2_m: 0.787, Yaw_err_deg: 4.334
Epoch: [2/23], Batch: 1850/2963, Loss: 675.921, Trans_L2_m: 1.098, Yaw_err_deg: 5.601
Epoch: [2/23], Batch: 1860/2963, Loss: 656.897, Trans_L2_m: 1.244, Yaw_err_deg: 6.027
Epoch: [2/23], Batch: 1870/2963, Loss: 916.281, Trans_L2_m: 1.136, Yaw_err_deg: 7.753
Epoch: [2/23], Batch: 1880/2963, Loss: 672.738, Trans_L2_m: 0.931, Yaw_err_deg: 6.455
Epoch: [2/23], Batch: 1890/2963, Loss: 735.351, Trans_L2_m: 1.801, Yaw_err_deg: 5.484
Epoch: [2/23], Batch: 1900/2963, Loss: 573.217, Trans_L2_m: 0.751, Yaw_err_deg: 5.345
Epoch: [2/23], Batch: 1910/2963, Loss: 1392.001, Trans_L2_m: 1.422, Yaw_err_deg: 10.976
Epoch: [2/23], Batch: 1920/2963, Loss: 503.188, Trans_L2_m: 0.947, Yaw_err_deg: 4.981
Epoch: [2/23], Batch: 1930/2963, Loss: 472.165, Trans_L2_m: 1.135, Yaw_err_deg: 5.712
Epoch: [2/23], Batch: 1940/2963, Loss: 369.339, Trans_L2_m: 1.273, Yaw_err_deg: 2.714
Epoch: [2/23], Batch: 1950/2963, Loss: 1057.783, Trans_L2_m: 1.200, Yaw_err_deg: 8.179
Epoch: [2/23], Batch: 1960/2963, Loss: 507.116, Trans_L2_m: 1.381, Yaw_err_deg: 4.487
Epoch: [2/23], Batch: 1970/2963, Loss: 940.942, Trans_L2_m: 1.611, Yaw_err_deg: 5.969
Epoch: [2/23], Batch: 1980/2963, Loss: 779.552, Trans_L2_m: 1.381, Yaw_err_deg: 4.202
Epoch: [2/23], Batch: 1990/2963, Loss: 633.262, Trans_L2_m: 0.993, Yaw_err_deg: 6.179
Epoch: [2/23], Batch: 2000/2963, Loss: 499.969, Trans_L2_m: 1.031, Yaw_err_deg: 5.428
Epoch: [2/23], Batch: 2010/2963, Loss: 645.720, Trans_L2_m: 1.455, Yaw_err_deg: 6.443
Epoch: [2/23], Batch: 2020/2963, Loss: 1027.492, Trans_L2_m: 1.241, Yaw_err_deg: 7.969
Epoch: [2/23], Batch: 2030/2963, Loss: 558.859, Trans_L2_m: 1.103, Yaw_err_deg: 5.594
Epoch: [2/23], Batch: 2040/2963, Loss: 633.708, Trans_L2_m: 1.583, Yaw_err_deg: 5.450
Epoch: [2/23], Batch: 2050/2963, Loss: 751.005, Trans_L2_m: 0.969, Yaw_err_deg: 7.443
Epoch: [2/23], Batch: 2060/2963, Loss: 656.025, Trans_L2_m: 1.072, Yaw_err_deg: 4.754
Epoch: [2/23], Batch: 2070/2963, Loss: 678.918, Trans_L2_m: 1.315, Yaw_err_deg: 6.926
Epoch: [2/23], Batch: 2080/2963, Loss: 599.936, Trans_L2_m: 0.853, Yaw_err_deg: 6.262
Epoch: [2/23], Batch: 2090/2963, Loss: 546.980, Trans_L2_m: 1.215, Yaw_err_deg: 4.766
Epoch: [2/23], Batch: 2100/2963, Loss: 565.615, Trans_L2_m: 1.149, Yaw_err_deg: 5.772
Epoch: [2/23], Batch: 2110/2963, Loss: 337.056, Trans_L2_m: 0.849, Yaw_err_deg: 3.336
Epoch: [2/23], Batch: 2120/2963, Loss: 477.468, Trans_L2_m: 1.155, Yaw_err_deg: 4.145
Epoch: [2/23], Batch: 2130/2963, Loss: 626.380, Trans_L2_m: 1.511, Yaw_err_deg: 5.291
Epoch: [2/23], Batch: 2140/2963, Loss: 400.437, Trans_L2_m: 0.815, Yaw_err_deg: 3.559
Epoch: [2/23], Batch: 2150/2963, Loss: 453.041, Trans_L2_m: 1.238, Yaw_err_deg: 4.481
Epoch: [2/23], Batch: 2160/2963, Loss: 557.339, Trans_L2_m: 1.097, Yaw_err_deg: 4.263
Epoch: [2/23], Batch: 2170/2963, Loss: 864.291, Trans_L2_m: 1.026, Yaw_err_deg: 7.047
Epoch: [2/23], Batch: 2180/2963, Loss: 548.226, Trans_L2_m: 0.955, Yaw_err_deg: 4.560
Epoch: [2/23], Batch: 2190/2963, Loss: 510.710, Trans_L2_m: 0.978, Yaw_err_deg: 5.569
Epoch: [2/23], Batch: 2200/2963, Loss: 368.359, Trans_L2_m: 1.007, Yaw_err_deg: 3.738
Epoch: [2/23], Batch: 2210/2963, Loss: 553.167, Trans_L2_m: 1.235, Yaw_err_deg: 4.945
Epoch: [2/23], Batch: 2220/2963, Loss: 477.948, Trans_L2_m: 1.244, Yaw_err_deg: 3.856
Epoch: [2/23], Batch: 2230/2963, Loss: 638.103, Trans_L2_m: 1.380, Yaw_err_deg: 5.116
Epoch: [2/23], Batch: 2240/2963, Loss: 376.644, Trans_L2_m: 1.084, Yaw_err_deg: 4.033
Epoch: [2/23], Batch: 2250/2963, Loss: 536.599, Trans_L2_m: 1.092, Yaw_err_deg: 4.369
Epoch: [2/23], Batch: 2260/2963, Loss: 881.256, Trans_L2_m: 1.197, Yaw_err_deg: 7.752
Epoch: [2/23], Batch: 2270/2963, Loss: 656.687, Trans_L2_m: 1.021, Yaw_err_deg: 6.384
Epoch: [2/23], Batch: 2280/2963, Loss: 641.145, Trans_L2_m: 0.991, Yaw_err_deg: 5.516
Epoch: [2/23], Batch: 2290/2963, Loss: 656.169, Trans_L2_m: 1.109, Yaw_err_deg: 4.064
Epoch: [2/23], Batch: 2300/2963, Loss: 844.946, Trans_L2_m: 1.798, Yaw_err_deg: 7.901
Epoch: [2/23], Batch: 2310/2963, Loss: 502.724, Trans_L2_m: 1.538, Yaw_err_deg: 4.900
Epoch: [2/23], Batch: 2320/2963, Loss: 476.346, Trans_L2_m: 1.403, Yaw_err_deg: 4.973
Epoch: [2/23], Batch: 2330/2963, Loss: 577.319, Trans_L2_m: 0.923, Yaw_err_deg: 6.335
Epoch: [2/23], Batch: 2340/2963, Loss: 647.951, Trans_L2_m: 1.150, Yaw_err_deg: 5.794
Epoch: [2/23], Batch: 2350/2963, Loss: 640.174, Trans_L2_m: 1.350, Yaw_err_deg: 5.228
Epoch: [2/23], Batch: 2360/2963, Loss: 517.538, Trans_L2_m: 1.015, Yaw_err_deg: 5.316
Epoch: [2/23], Batch: 2370/2963, Loss: 523.380, Trans_L2_m: 1.466, Yaw_err_deg: 4.216
Epoch: [2/23], Batch: 2380/2963, Loss: 515.072, Trans_L2_m: 1.012, Yaw_err_deg: 5.164
Epoch: [2/23], Batch: 2390/2963, Loss: 745.603, Trans_L2_m: 0.984, Yaw_err_deg: 7.798
Epoch: [2/23], Batch: 2400/2963, Loss: 551.287, Trans_L2_m: 1.345, Yaw_err_deg: 4.100
Epoch: [2/23], Batch: 2410/2963, Loss: 628.251, Trans_L2_m: 1.396, Yaw_err_deg: 6.184
Epoch: [2/23], Batch: 2420/2963, Loss: 336.950, Trans_L2_m: 1.011, Yaw_err_deg: 3.937
Epoch: [2/23], Batch: 2430/2963, Loss: 590.183, Trans_L2_m: 1.524, Yaw_err_deg: 6.404
Epoch: [2/23], Batch: 2440/2963, Loss: 316.393, Trans_L2_m: 0.867, Yaw_err_deg: 3.280
Epoch: [2/23], Batch: 2450/2963, Loss: 429.598, Trans_L2_m: 1.106, Yaw_err_deg: 4.017
Epoch: [2/23], Batch: 2460/2963, Loss: 406.739, Trans_L2_m: 1.005, Yaw_err_deg: 4.092
Epoch: [2/23], Batch: 2470/2963, Loss: 426.603, Trans_L2_m: 0.956, Yaw_err_deg: 4.390
Epoch: [2/23], Batch: 2480/2963, Loss: 418.439, Trans_L2_m: 1.381, Yaw_err_deg: 3.127
Epoch: [2/23], Batch: 2490/2963, Loss: 538.097, Trans_L2_m: 1.209, Yaw_err_deg: 5.032
Epoch: [2/23], Batch: 2500/2963, Loss: 378.750, Trans_L2_m: 1.244, Yaw_err_deg: 4.309
Epoch: [2/23], Batch: 2510/2963, Loss: 631.816, Trans_L2_m: 0.957, Yaw_err_deg: 5.729
Epoch: [2/23], Batch: 2520/2963, Loss: 679.136, Trans_L2_m: 0.857, Yaw_err_deg: 5.642
Epoch: [2/23], Batch: 2530/2963, Loss: 544.136, Trans_L2_m: 1.082, Yaw_err_deg: 5.183
Epoch: [2/23], Batch: 2540/2963, Loss: 338.792, Trans_L2_m: 1.044, Yaw_err_deg: 4.370
Epoch: [2/23], Batch: 2550/2963, Loss: 388.520, Trans_L2_m: 1.124, Yaw_err_deg: 4.433
Epoch: [2/23], Batch: 2560/2963, Loss: 398.671, Trans_L2_m: 1.028, Yaw_err_deg: 4.008
Epoch: [2/23], Batch: 2570/2963, Loss: 376.143, Trans_L2_m: 1.350, Yaw_err_deg: 3.512
Epoch: [2/23], Batch: 2580/2963, Loss: 553.606, Trans_L2_m: 1.221, Yaw_err_deg: 6.942
Epoch: [2/23], Batch: 2590/2963, Loss: 625.141, Trans_L2_m: 1.637, Yaw_err_deg: 6.070
Epoch: [2/23], Batch: 2600/2963, Loss: 361.241, Trans_L2_m: 1.404, Yaw_err_deg: 3.932
Epoch: [2/23], Batch: 2610/2963, Loss: 357.808, Trans_L2_m: 0.979, Yaw_err_deg: 4.197
Epoch: [2/23], Batch: 2620/2963, Loss: 324.650, Trans_L2_m: 0.890, Yaw_err_deg: 2.724
Epoch: [2/23], Batch: 2630/2963, Loss: 542.386, Trans_L2_m: 1.336, Yaw_err_deg: 5.527
Epoch: [2/23], Batch: 2640/2963, Loss: 476.925, Trans_L2_m: 0.996, Yaw_err_deg: 5.379
Epoch: [2/23], Batch: 2650/2963, Loss: 600.111, Trans_L2_m: 1.111, Yaw_err_deg: 6.740
Epoch: [2/23], Batch: 2660/2963, Loss: 495.128, Trans_L2_m: 1.076, Yaw_err_deg: 5.033
Epoch: [2/23], Batch: 2670/2963, Loss: 486.180, Trans_L2_m: 1.134, Yaw_err_deg: 5.173
Epoch: [2/23], Batch: 2680/2963, Loss: 416.161, Trans_L2_m: 0.962, Yaw_err_deg: 3.582
Epoch: [2/23], Batch: 2690/2963, Loss: 582.785, Trans_L2_m: 1.379, Yaw_err_deg: 6.152
Epoch: [2/23], Batch: 2700/2963, Loss: 369.438, Trans_L2_m: 1.022, Yaw_err_deg: 3.374
Epoch: [2/23], Batch: 2710/2963, Loss: 400.138, Trans_L2_m: 1.046, Yaw_err_deg: 3.890
Epoch: [2/23], Batch: 2720/2963, Loss: 767.572, Trans_L2_m: 1.287, Yaw_err_deg: 7.020
Epoch: [2/23], Batch: 2730/2963, Loss: 619.338, Trans_L2_m: 1.077, Yaw_err_deg: 6.085
Epoch: [2/23], Batch: 2740/2963, Loss: 432.724, Trans_L2_m: 1.177, Yaw_err_deg: 5.391
Epoch: [2/23], Batch: 2750/2963, Loss: 985.909, Trans_L2_m: 1.015, Yaw_err_deg: 8.344
Epoch: [2/23], Batch: 2760/2963, Loss: 587.877, Trans_L2_m: 1.070, Yaw_err_deg: 6.453
Epoch: [2/23], Batch: 2770/2963, Loss: 397.132, Trans_L2_m: 0.971, Yaw_err_deg: 4.125
Epoch: [2/23], Batch: 2780/2963, Loss: 478.894, Trans_L2_m: 1.435, Yaw_err_deg: 5.100
Epoch: [2/23], Batch: 2790/2963, Loss: 300.985, Trans_L2_m: 0.948, Yaw_err_deg: 3.933
Epoch: [2/23], Batch: 2800/2963, Loss: 500.085, Trans_L2_m: 1.291, Yaw_err_deg: 5.824
Epoch: [2/23], Batch: 2810/2963, Loss: 430.468, Trans_L2_m: 1.285, Yaw_err_deg: 4.925
Epoch: [2/23], Batch: 2820/2963, Loss: 396.820, Trans_L2_m: 0.844, Yaw_err_deg: 3.983
Epoch: [2/23], Batch: 2830/2963, Loss: 397.347, Trans_L2_m: 1.366, Yaw_err_deg: 4.307
Epoch: [2/23], Batch: 2840/2963, Loss: 902.624, Trans_L2_m: 1.291, Yaw_err_deg: 9.155
Epoch: [2/23], Batch: 2850/2963, Loss: 496.307, Trans_L2_m: 1.480, Yaw_err_deg: 4.719
Epoch: [2/23], Batch: 2860/2963, Loss: 444.931, Trans_L2_m: 1.137, Yaw_err_deg: 5.205
Epoch: [2/23], Batch: 2870/2963, Loss: 472.503, Trans_L2_m: 1.179, Yaw_err_deg: 4.710
Epoch: [2/23], Batch: 2880/2963, Loss: 541.085, Trans_L2_m: 0.887, Yaw_err_deg: 4.588
Epoch: [2/23], Batch: 2890/2963, Loss: 466.423, Trans_L2_m: 0.990, Yaw_err_deg: 4.602
Epoch: [2/23], Batch: 2900/2963, Loss: 401.091, Trans_L2_m: 0.707, Yaw_err_deg: 4.834
Epoch: [2/23], Batch: 2910/2963, Loss: 488.152, Trans_L2_m: 1.054, Yaw_err_deg: 5.133
Epoch: [2/23], Batch: 2920/2963, Loss: 538.233, Trans_L2_m: 1.740, Yaw_err_deg: 4.956
Epoch: [2/23], Batch: 2930/2963, Loss: 344.563, Trans_L2_m: 1.158, Yaw_err_deg: 3.433
Epoch: [2/23], Batch: 2940/2963, Loss: 416.724, Trans_L2_m: 0.915, Yaw_err_deg: 5.722
Epoch: [2/23], Batch: 2950/2963, Loss: 520.666, Trans_L2_m: 1.315, Yaw_err_deg: 5.555
Epoch: [2/23], Batch: 2960/2963, Loss: 377.556, Trans_L2_m: 0.775, Yaw_err_deg: 4.446
Epoch: [3/23], Batch: 0/2963, Loss: 366.414, Trans_L2_m: 0.927, Yaw_err_deg: 3.850
Epoch: [3/23], Batch: 10/2963, Loss: 379.567, Trans_L2_m: 1.178, Yaw_err_deg: 4.124
Epoch: [3/23], Batch: 20/2963, Loss: 516.952, Trans_L2_m: 1.073, Yaw_err_deg: 5.214
Epoch: [3/23], Batch: 30/2963, Loss: 308.629, Trans_L2_m: 0.800, Yaw_err_deg: 4.049
Epoch: [3/23], Batch: 40/2963, Loss: 436.714, Trans_L2_m: 1.099, Yaw_err_deg: 4.946
Epoch: [3/23], Batch: 50/2963, Loss: 487.073, Trans_L2_m: 1.132, Yaw_err_deg: 5.463
Epoch: [3/23], Batch: 60/2963, Loss: 377.752, Trans_L2_m: 1.202, Yaw_err_deg: 5.235
Epoch: [3/23], Batch: 70/2963, Loss: 601.263, Trans_L2_m: 1.062, Yaw_err_deg: 5.362
Epoch: [3/23], Batch: 80/2963, Loss: 475.070, Trans_L2_m: 0.944, Yaw_err_deg: 5.551
Epoch: [3/23], Batch: 90/2963, Loss: 647.330, Trans_L2_m: 0.933, Yaw_err_deg: 5.801
Epoch: [3/23], Batch: 100/2963, Loss: 337.841, Trans_L2_m: 1.160, Yaw_err_deg: 4.367
Epoch: [3/23], Batch: 110/2963, Loss: 398.855, Trans_L2_m: 1.188, Yaw_err_deg: 3.789
Epoch: [3/23], Batch: 120/2963, Loss: 381.499, Trans_L2_m: 1.068, Yaw_err_deg: 4.839
Epoch: [3/23], Batch: 130/2963, Loss: 460.927, Trans_L2_m: 1.555, Yaw_err_deg: 3.630
Epoch: [3/23], Batch: 140/2963, Loss: 435.894, Trans_L2_m: 0.821, Yaw_err_deg: 4.466
Epoch: [3/23], Batch: 150/2963, Loss: 542.301, Trans_L2_m: 1.230, Yaw_err_deg: 5.544
Epoch: [3/23], Batch: 160/2963, Loss: 685.037, Trans_L2_m: 1.190, Yaw_err_deg: 6.804
Epoch: [3/23], Batch: 170/2963, Loss: 446.562, Trans_L2_m: 1.079, Yaw_err_deg: 5.657
Epoch: [3/23], Batch: 180/2963, Loss: 659.724, Trans_L2_m: 1.187, Yaw_err_deg: 5.874
Epoch: [3/23], Batch: 190/2963, Loss: 317.565, Trans_L2_m: 0.824, Yaw_err_deg: 4.172
Epoch: [3/23], Batch: 200/2963, Loss: 312.413, Trans_L2_m: 1.215, Yaw_err_deg: 3.125
Epoch: [3/23], Batch: 210/2963, Loss: 231.008, Trans_L2_m: 1.347, Yaw_err_deg: 1.840
Epoch: [3/23], Batch: 220/2963, Loss: 494.972, Trans_L2_m: 1.327, Yaw_err_deg: 5.143
Epoch: [3/23], Batch: 230/2963, Loss: 356.670, Trans_L2_m: 0.793, Yaw_err_deg: 4.622
Epoch: [3/23], Batch: 240/2963, Loss: 640.511, Trans_L2_m: 1.786, Yaw_err_deg: 4.662
Epoch: [3/23], Batch: 250/2963, Loss: 306.476, Trans_L2_m: 1.345, Yaw_err_deg: 3.425
Epoch: [3/23], Batch: 260/2963, Loss: 726.427, Trans_L2_m: 0.890, Yaw_err_deg: 6.313
Epoch: [3/23], Batch: 270/2963, Loss: 490.588, Trans_L2_m: 0.801, Yaw_err_deg: 5.603
Epoch: [3/23], Batch: 280/2963, Loss: 296.809, Trans_L2_m: 0.763, Yaw_err_deg: 3.091
Epoch: [3/23], Batch: 290/2963, Loss: 463.863, Trans_L2_m: 0.925, Yaw_err_deg: 4.816
Epoch: [3/23], Batch: 300/2963, Loss: 280.901, Trans_L2_m: 0.698, Yaw_err_deg: 3.115
Epoch: [3/23], Batch: 310/2963, Loss: 551.384, Trans_L2_m: 0.986, Yaw_err_deg: 4.891
Epoch: [3/23], Batch: 320/2963, Loss: 432.702, Trans_L2_m: 1.278, Yaw_err_deg: 4.947
Epoch: [3/23], Batch: 330/2963, Loss: 411.630, Trans_L2_m: 1.023, Yaw_err_deg: 5.132
Epoch: [3/23], Batch: 340/2963, Loss: 252.148, Trans_L2_m: 0.940, Yaw_err_deg: 3.542
Epoch: [3/23], Batch: 350/2963, Loss: 469.297, Trans_L2_m: 1.651, Yaw_err_deg: 4.936
Epoch: [3/23], Batch: 360/2963, Loss: 500.810, Trans_L2_m: 0.863, Yaw_err_deg: 5.479
Epoch: [3/23], Batch: 370/2963, Loss: 332.848, Trans_L2_m: 0.903, Yaw_err_deg: 4.214
Epoch: [3/23], Batch: 380/2963, Loss: 326.901, Trans_L2_m: 1.066, Yaw_err_deg: 4.164
Epoch: [3/23], Batch: 390/2963, Loss: 566.125, Trans_L2_m: 1.467, Yaw_err_deg: 6.093
Epoch: [3/23], Batch: 400/2963, Loss: 475.457, Trans_L2_m: 1.228, Yaw_err_deg: 6.082
Epoch: [3/23], Batch: 410/2963, Loss: 388.791, Trans_L2_m: 1.230, Yaw_err_deg: 4.002
Epoch: [3/23], Batch: 420/2963, Loss: 720.306, Trans_L2_m: 1.168, Yaw_err_deg: 7.320
Epoch: [3/23], Batch: 430/2963, Loss: 358.776, Trans_L2_m: 1.249, Yaw_err_deg: 3.693
Epoch: [3/23], Batch: 440/2963, Loss: 248.969, Trans_L2_m: 0.873, Yaw_err_deg: 3.323
Epoch: [3/23], Batch: 450/2963, Loss: 607.639, Trans_L2_m: 0.997, Yaw_err_deg: 6.793
Epoch: [3/23], Batch: 460/2963, Loss: 485.398, Trans_L2_m: 1.399, Yaw_err_deg: 5.704
Epoch: [3/23], Batch: 470/2963, Loss: 329.762, Trans_L2_m: 0.905, Yaw_err_deg: 3.631
Epoch: [3/23], Batch: 480/2963, Loss: 419.040, Trans_L2_m: 0.985, Yaw_err_deg: 5.014
Epoch: [3/23], Batch: 490/2963, Loss: 333.248, Trans_L2_m: 0.787, Yaw_err_deg: 4.221
Epoch: [3/23], Batch: 500/2963, Loss: 264.166, Trans_L2_m: 1.036, Yaw_err_deg: 2.866
Epoch: [3/23], Batch: 510/2963, Loss: 513.019, Trans_L2_m: 1.117, Yaw_err_deg: 6.223
Epoch: [3/23], Batch: 520/2963, Loss: 394.346, Trans_L2_m: 1.134, Yaw_err_deg: 4.166
Epoch: [3/23], Batch: 530/2963, Loss: 360.695, Trans_L2_m: 0.918, Yaw_err_deg: 3.930
Epoch: [3/23], Batch: 540/2963, Loss: 297.021, Trans_L2_m: 1.444, Yaw_err_deg: 2.376
Epoch: [3/23], Batch: 550/2963, Loss: 379.299, Trans_L2_m: 1.071, Yaw_err_deg: 4.033
Epoch: [3/23], Batch: 560/2963, Loss: 421.757, Trans_L2_m: 0.988, Yaw_err_deg: 4.516
Epoch: [3/23], Batch: 570/2963, Loss: 383.408, Trans_L2_m: 0.909, Yaw_err_deg: 4.438
Epoch: [3/23], Batch: 580/2963, Loss: 581.011, Trans_L2_m: 0.892, Yaw_err_deg: 6.633
Epoch: [3/23], Batch: 590/2963, Loss: 311.036, Trans_L2_m: 0.954, Yaw_err_deg: 3.325
Epoch: [3/23], Batch: 600/2963, Loss: 267.557, Trans_L2_m: 0.759, Yaw_err_deg: 3.780
Epoch: [3/23], Batch: 610/2963, Loss: 383.495, Trans_L2_m: 1.106, Yaw_err_deg: 3.988
Epoch: [3/23], Batch: 620/2963, Loss: 575.981, Trans_L2_m: 0.852, Yaw_err_deg: 5.761
Epoch: [3/23], Batch: 630/2963, Loss: 401.646, Trans_L2_m: 1.236, Yaw_err_deg: 4.657
Epoch: [3/23], Batch: 640/2963, Loss: 484.272, Trans_L2_m: 1.124, Yaw_err_deg: 6.353
Epoch: [3/23], Batch: 650/2963, Loss: 341.175, Trans_L2_m: 0.774, Yaw_err_deg: 4.516
Epoch: [3/23], Batch: 660/2963, Loss: 422.732, Trans_L2_m: 1.368, Yaw_err_deg: 4.046
Epoch: [3/23], Batch: 670/2963, Loss: 289.689, Trans_L2_m: 0.948, Yaw_err_deg: 3.839
Epoch: [3/23], Batch: 680/2963, Loss: 552.323, Trans_L2_m: 1.098, Yaw_err_deg: 5.414
Epoch: [3/23], Batch: 690/2963, Loss: 236.000, Trans_L2_m: 0.893, Yaw_err_deg: 3.641
Epoch: [3/23], Batch: 700/2963, Loss: 588.919, Trans_L2_m: 1.284, Yaw_err_deg: 5.710
Epoch: [3/23], Batch: 710/2963, Loss: 410.704, Trans_L2_m: 1.031, Yaw_err_deg: 4.913
Epoch: [3/23], Batch: 720/2963, Loss: 283.244, Trans_L2_m: 0.955, Yaw_err_deg: 3.956
Epoch: [3/23], Batch: 730/2963, Loss: 615.789, Trans_L2_m: 1.210, Yaw_err_deg: 5.161
Epoch: [3/23], Batch: 740/2963, Loss: 307.865, Trans_L2_m: 0.937, Yaw_err_deg: 3.841
Epoch: [3/23], Batch: 750/2963, Loss: 459.599, Trans_L2_m: 1.570, Yaw_err_deg: 4.556
Epoch: [3/23], Batch: 760/2963, Loss: 444.452, Trans_L2_m: 1.273, Yaw_err_deg: 4.373
Epoch: [3/23], Batch: 770/2963, Loss: 288.804, Trans_L2_m: 1.092, Yaw_err_deg: 3.173
Epoch: [3/23], Batch: 780/2963, Loss: 266.655, Trans_L2_m: 1.048, Yaw_err_deg: 3.805
Epoch: [3/23], Batch: 790/2963, Loss: 332.805, Trans_L2_m: 0.966, Yaw_err_deg: 3.562
Epoch: [3/23], Batch: 800/2963, Loss: 324.070, Trans_L2_m: 1.519, Yaw_err_deg: 3.381
Epoch: [3/23], Batch: 810/2963, Loss: 355.484, Trans_L2_m: 1.069, Yaw_err_deg: 4.050
Epoch: [3/23], Batch: 820/2963, Loss: 295.104, Trans_L2_m: 0.934, Yaw_err_deg: 3.898
Epoch: [3/23], Batch: 830/2963, Loss: 287.328, Trans_L2_m: 0.788, Yaw_err_deg: 3.613
Epoch: [3/23], Batch: 840/2963, Loss: 250.870, Trans_L2_m: 0.925, Yaw_err_deg: 3.616
Epoch: [3/23], Batch: 850/2963, Loss: 655.406, Trans_L2_m: 0.818, Yaw_err_deg: 6.753
Epoch: [3/23], Batch: 860/2963, Loss: 255.234, Trans_L2_m: 0.761, Yaw_err_deg: 3.882
Epoch: [3/23], Batch: 870/2963, Loss: 205.578, Trans_L2_m: 0.692, Yaw_err_deg: 2.730
Epoch: [3/23], Batch: 880/2963, Loss: 390.568, Trans_L2_m: 0.877, Yaw_err_deg: 4.144
Epoch: [3/23], Batch: 890/2963, Loss: 449.972, Trans_L2_m: 0.924, Yaw_err_deg: 5.918
Epoch: [3/23], Batch: 900/2963, Loss: 288.353, Trans_L2_m: 0.996, Yaw_err_deg: 3.273
Epoch: [3/23], Batch: 910/2963, Loss: 280.803, Trans_L2_m: 1.100, Yaw_err_deg: 2.786
Epoch: [3/23], Batch: 920/2963, Loss: 263.048, Trans_L2_m: 1.120, Yaw_err_deg: 3.369
Epoch: [3/23], Batch: 930/2963, Loss: 575.654, Trans_L2_m: 1.109, Yaw_err_deg: 6.325
Epoch: [3/23], Batch: 940/2963, Loss: 308.776, Trans_L2_m: 0.829, Yaw_err_deg: 4.532
Epoch: [3/23], Batch: 950/2963, Loss: 357.624, Trans_L2_m: 1.442, Yaw_err_deg: 4.261
Epoch: [3/23], Batch: 960/2963, Loss: 270.875, Trans_L2_m: 1.339, Yaw_err_deg: 2.282
Epoch: [3/23], Batch: 970/2963, Loss: 264.751, Trans_L2_m: 0.837, Yaw_err_deg: 3.637
Epoch: [3/23], Batch: 980/2963, Loss: 358.871, Trans_L2_m: 0.920, Yaw_err_deg: 4.974
Epoch: [3/23], Batch: 990/2963, Loss: 304.841, Trans_L2_m: 0.799, Yaw_err_deg: 3.703
Epoch: [3/23], Batch: 1000/2963, Loss: 369.871, Trans_L2_m: 1.084, Yaw_err_deg: 4.834
Epoch: [3/23], Batch: 1010/2963, Loss: 636.119, Trans_L2_m: 1.065, Yaw_err_deg: 6.037
Epoch: [3/23], Batch: 1020/2963, Loss: 311.065, Trans_L2_m: 1.483, Yaw_err_deg: 3.541
Epoch: [3/23], Batch: 1030/2963, Loss: 305.375, Trans_L2_m: 0.776, Yaw_err_deg: 3.747
Epoch: [3/23], Batch: 1040/2963, Loss: 395.442, Trans_L2_m: 1.059, Yaw_err_deg: 4.088
Epoch: [3/23], Batch: 1050/2963, Loss: 309.951, Trans_L2_m: 0.822, Yaw_err_deg: 3.091
Epoch: [3/23], Batch: 1060/2963, Loss: 370.891, Trans_L2_m: 1.030, Yaw_err_deg: 4.360
Epoch: [3/23], Batch: 1070/2963, Loss: 345.313, Trans_L2_m: 0.832, Yaw_err_deg: 4.571
Epoch: [3/23], Batch: 1080/2963, Loss: 271.370, Trans_L2_m: 0.760, Yaw_err_deg: 3.496
Epoch: [3/23], Batch: 1090/2963, Loss: 248.452, Trans_L2_m: 1.015, Yaw_err_deg: 3.324
Epoch: [3/23], Batch: 1100/2963, Loss: 466.752, Trans_L2_m: 1.063, Yaw_err_deg: 5.805
Epoch: [3/23], Batch: 1110/2963, Loss: 536.138, Trans_L2_m: 0.912, Yaw_err_deg: 5.006
Epoch: [3/23], Batch: 1120/2963, Loss: 366.426, Trans_L2_m: 1.013, Yaw_err_deg: 5.102
Epoch: [3/23], Batch: 1130/2963, Loss: 356.688, Trans_L2_m: 0.883, Yaw_err_deg: 4.687
Epoch: [3/23], Batch: 1140/2963, Loss: 275.858, Trans_L2_m: 0.870, Yaw_err_deg: 3.223
Epoch: [3/23], Batch: 1150/2963, Loss: 395.142, Trans_L2_m: 0.928, Yaw_err_deg: 3.707
Epoch: [3/23], Batch: 1160/2963, Loss: 254.157, Trans_L2_m: 0.876, Yaw_err_deg: 3.681
Epoch: [3/23], Batch: 1170/2963, Loss: 366.141, Trans_L2_m: 0.627, Yaw_err_deg: 5.221
Epoch: [3/23], Batch: 1180/2963, Loss: 256.957, Trans_L2_m: 0.838, Yaw_err_deg: 3.464
Epoch: [3/23], Batch: 1190/2963, Loss: 420.893, Trans_L2_m: 0.963, Yaw_err_deg: 5.266
Epoch: [3/23], Batch: 1200/2963, Loss: 393.919, Trans_L2_m: 0.897, Yaw_err_deg: 5.436
Epoch: [3/23], Batch: 1210/2963, Loss: 274.325, Trans_L2_m: 0.824, Yaw_err_deg: 3.672
Epoch: [3/23], Batch: 1220/2963, Loss: 370.599, Trans_L2_m: 1.153, Yaw_err_deg: 5.062
Epoch: [3/23], Batch: 1230/2963, Loss: 258.620, Trans_L2_m: 0.963, Yaw_err_deg: 3.760
Epoch: [3/23], Batch: 1240/2963, Loss: 231.639, Trans_L2_m: 1.318, Yaw_err_deg: 3.313
Epoch: [3/23], Batch: 1250/2963, Loss: 392.664, Trans_L2_m: 0.821, Yaw_err_deg: 5.067
Epoch: [3/23], Batch: 1260/2963, Loss: 223.068, Trans_L2_m: 1.008, Yaw_err_deg: 3.074
Epoch: [3/23], Batch: 1270/2963, Loss: 263.494, Trans_L2_m: 1.428, Yaw_err_deg: 3.220
Epoch: [3/23], Batch: 1280/2963, Loss: 231.081, Trans_L2_m: 0.994, Yaw_err_deg: 3.157
Epoch: [3/23], Batch: 1290/2963, Loss: 308.513, Trans_L2_m: 1.067, Yaw_err_deg: 4.511
Epoch: [3/23], Batch: 1300/2963, Loss: 588.555, Trans_L2_m: 0.853, Yaw_err_deg: 6.298
Epoch: [3/23], Batch: 1310/2963, Loss: 196.018, Trans_L2_m: 1.005, Yaw_err_deg: 2.060
Epoch: [3/23], Batch: 1320/2963, Loss: 267.576, Trans_L2_m: 0.841, Yaw_err_deg: 4.125
Epoch: [3/23], Batch: 1330/2963, Loss: 200.565, Trans_L2_m: 0.986, Yaw_err_deg: 3.106
Epoch: [3/23], Batch: 1340/2963, Loss: 313.887, Trans_L2_m: 0.873, Yaw_err_deg: 4.416
Epoch: [3/23], Batch: 1350/2963, Loss: 231.985, Trans_L2_m: 0.874, Yaw_err_deg: 3.329
Epoch: [3/23], Batch: 1360/2963, Loss: 208.318, Trans_L2_m: 1.056, Yaw_err_deg: 3.235
Epoch: [3/23], Batch: 1370/2963, Loss: 291.220, Trans_L2_m: 1.176, Yaw_err_deg: 3.607
Epoch: [3/23], Batch: 1380/2963, Loss: 302.448, Trans_L2_m: 0.783, Yaw_err_deg: 4.329
Epoch: [3/23], Batch: 1390/2963, Loss: 435.759, Trans_L2_m: 1.138, Yaw_err_deg: 4.356
Epoch: [3/23], Batch: 1400/2963, Loss: 512.718, Trans_L2_m: 0.724, Yaw_err_deg: 5.668
Epoch: [3/23], Batch: 1410/2963, Loss: 253.268, Trans_L2_m: 0.991, Yaw_err_deg: 2.845
Epoch: [3/23], Batch: 1420/2963, Loss: 452.059, Trans_L2_m: 0.671, Yaw_err_deg: 5.899
Epoch: [3/23], Batch: 1430/2963, Loss: 203.907, Trans_L2_m: 1.054, Yaw_err_deg: 2.697
Epoch: [3/23], Batch: 1440/2963, Loss: 240.720, Trans_L2_m: 0.920, Yaw_err_deg: 3.677
Epoch: [3/23], Batch: 1450/2963, Loss: 375.698, Trans_L2_m: 1.010, Yaw_err_deg: 3.772
Epoch: [3/23], Batch: 1460/2963, Loss: 267.526, Trans_L2_m: 1.124, Yaw_err_deg: 3.331
Epoch: [3/23], Batch: 1470/2963, Loss: 331.079, Trans_L2_m: 0.879, Yaw_err_deg: 4.666
Epoch: [3/23], Batch: 1480/2963, Loss: 482.539, Trans_L2_m: 0.739, Yaw_err_deg: 5.951
Epoch: [3/23], Batch: 1490/2963, Loss: 247.337, Trans_L2_m: 0.810, Yaw_err_deg: 4.458
Epoch: [3/23], Batch: 1500/2963, Loss: 330.104, Trans_L2_m: 1.003, Yaw_err_deg: 4.219
Epoch: [3/23], Batch: 1510/2963, Loss: 221.606, Trans_L2_m: 1.240, Yaw_err_deg: 3.296
Epoch: [3/23], Batch: 1520/2963, Loss: 253.078, Trans_L2_m: 1.164, Yaw_err_deg: 3.643
Epoch: [3/23], Batch: 1530/2963, Loss: 169.560, Trans_L2_m: 1.046, Yaw_err_deg: 2.341
Epoch: [3/23], Batch: 1540/2963, Loss: 195.859, Trans_L2_m: 1.147, Yaw_err_deg: 2.822
Epoch: [3/23], Batch: 1550/2963, Loss: 485.586, Trans_L2_m: 0.883, Yaw_err_deg: 6.733
Epoch: [3/23], Batch: 1560/2963, Loss: 273.715, Trans_L2_m: 0.939, Yaw_err_deg: 3.552
Epoch: [3/23], Batch: 1570/2963, Loss: 854.543, Trans_L2_m: 0.867, Yaw_err_deg: 8.217
Epoch: [3/23], Batch: 1580/2963, Loss: 342.333, Trans_L2_m: 0.920, Yaw_err_deg: 4.195
Epoch: [3/23], Batch: 1590/2963, Loss: 688.935, Trans_L2_m: 1.453, Yaw_err_deg: 5.587
Epoch: [3/23], Batch: 1600/2963, Loss: 303.121, Trans_L2_m: 1.226, Yaw_err_deg: 3.682
Epoch: [3/23], Batch: 1610/2963, Loss: 172.561, Trans_L2_m: 1.050, Yaw_err_deg: 2.829
Epoch: [3/23], Batch: 1620/2963, Loss: 652.134, Trans_L2_m: 1.010, Yaw_err_deg: 4.702
Epoch: [3/23], Batch: 1630/2963, Loss: 298.869, Trans_L2_m: 1.150, Yaw_err_deg: 4.789
Epoch: [3/23], Batch: 1640/2963, Loss: 175.472, Trans_L2_m: 0.961, Yaw_err_deg: 2.360
Epoch: [3/23], Batch: 1650/2963, Loss: 237.055, Trans_L2_m: 0.790, Yaw_err_deg: 4.008
Epoch: [3/23], Batch: 1660/2963, Loss: 403.005, Trans_L2_m: 0.680, Yaw_err_deg: 4.581
Epoch: [3/23], Batch: 1670/2963, Loss: 538.379, Trans_L2_m: 1.117, Yaw_err_deg: 5.303
Epoch: [3/23], Batch: 1680/2963, Loss: 286.797, Trans_L2_m: 0.966, Yaw_err_deg: 4.226
Epoch: [3/23], Batch: 1690/2963, Loss: 384.985, Trans_L2_m: 1.068, Yaw_err_deg: 5.791
Epoch: [3/23], Batch: 1700/2963, Loss: 329.277, Trans_L2_m: 1.110, Yaw_err_deg: 4.482
Epoch: [3/23], Batch: 1710/2963, Loss: 223.673, Trans_L2_m: 0.987, Yaw_err_deg: 3.328
Epoch: [3/23], Batch: 1720/2963, Loss: 259.848, Trans_L2_m: 0.939, Yaw_err_deg: 3.674
Epoch: [3/23], Batch: 1730/2963, Loss: 241.384, Trans_L2_m: 0.745, Yaw_err_deg: 3.809
Epoch: [3/23], Batch: 1740/2963, Loss: 263.677, Trans_L2_m: 0.649, Yaw_err_deg: 4.235
Epoch: [3/23], Batch: 1750/2963, Loss: 426.683, Trans_L2_m: 0.950, Yaw_err_deg: 5.634
Epoch: [3/23], Batch: 1760/2963, Loss: 459.490, Trans_L2_m: 1.305, Yaw_err_deg: 5.375
Epoch: [3/23], Batch: 1770/2963, Loss: 294.630, Trans_L2_m: 1.083, Yaw_err_deg: 3.563
Epoch: [3/23], Batch: 1780/2963, Loss: 257.919, Trans_L2_m: 1.237, Yaw_err_deg: 3.911
Epoch: [3/23], Batch: 1790/2963, Loss: 943.672, Trans_L2_m: 0.840, Yaw_err_deg: 6.701
Epoch: [3/23], Batch: 1800/2963, Loss: 245.861, Trans_L2_m: 0.840, Yaw_err_deg: 4.140
Epoch: [3/23], Batch: 1810/2963, Loss: 449.623, Trans_L2_m: 0.778, Yaw_err_deg: 5.392
Epoch: [3/23], Batch: 1820/2963, Loss: 254.085, Trans_L2_m: 1.058, Yaw_err_deg: 3.752
Epoch: [3/23], Batch: 1830/2963, Loss: 170.083, Trans_L2_m: 0.935, Yaw_err_deg: 2.456
Epoch: [3/23], Batch: 1840/2963, Loss: 297.894, Trans_L2_m: 1.153, Yaw_err_deg: 4.389
Epoch: [3/23], Batch: 1850/2963, Loss: 194.362, Trans_L2_m: 1.111, Yaw_err_deg: 2.160
Epoch: [3/23], Batch: 1860/2963, Loss: 366.814, Trans_L2_m: 0.848, Yaw_err_deg: 4.172
Epoch: [3/23], Batch: 1870/2963, Loss: 175.974, Trans_L2_m: 0.815, Yaw_err_deg: 2.717
Epoch: [3/23], Batch: 1880/2963, Loss: 223.584, Trans_L2_m: 1.071, Yaw_err_deg: 2.581
Epoch: [3/23], Batch: 1890/2963, Loss: 251.680, Trans_L2_m: 0.867, Yaw_err_deg: 3.934
Epoch: [3/23], Batch: 1900/2963, Loss: 307.728, Trans_L2_m: 1.058, Yaw_err_deg: 3.919
Epoch: [3/23], Batch: 1910/2963, Loss: 174.684, Trans_L2_m: 1.245, Yaw_err_deg: 2.246
Epoch: [3/23], Batch: 1920/2963, Loss: 226.279, Trans_L2_m: 1.222, Yaw_err_deg: 2.889
Epoch: [3/23], Batch: 1930/2963, Loss: 411.423, Trans_L2_m: 0.915, Yaw_err_deg: 4.981
Epoch: [3/23], Batch: 1940/2963, Loss: 186.728, Trans_L2_m: 0.754, Yaw_err_deg: 3.703
Epoch: [3/23], Batch: 1950/2963, Loss: 229.482, Trans_L2_m: 0.835, Yaw_err_deg: 3.111
Epoch: [3/23], Batch: 1960/2963, Loss: 175.669, Trans_L2_m: 0.973, Yaw_err_deg: 2.056
Epoch: [3/23], Batch: 1970/2963, Loss: 216.777, Trans_L2_m: 0.799, Yaw_err_deg: 3.163
Epoch: [3/23], Batch: 1980/2963, Loss: 288.105, Trans_L2_m: 0.859, Yaw_err_deg: 4.416
Epoch: [3/23], Batch: 1990/2963, Loss: 396.377, Trans_L2_m: 0.859, Yaw_err_deg: 5.069
Epoch: [3/23], Batch: 2000/2963, Loss: 308.821, Trans_L2_m: 1.104, Yaw_err_deg: 3.971
Epoch: [3/23], Batch: 2010/2963, Loss: 256.559, Trans_L2_m: 0.888, Yaw_err_deg: 3.785
Epoch: [3/23], Batch: 2020/2963, Loss: 421.676, Trans_L2_m: 0.756, Yaw_err_deg: 4.231
Epoch: [3/23], Batch: 2030/2963, Loss: 270.741, Trans_L2_m: 1.031, Yaw_err_deg: 3.372
Epoch: [3/23], Batch: 2040/2963, Loss: 183.350, Trans_L2_m: 0.994, Yaw_err_deg: 2.429
Epoch: [3/23], Batch: 2050/2963, Loss: 310.739, Trans_L2_m: 0.861, Yaw_err_deg: 3.823
Epoch: [3/23], Batch: 2060/2963, Loss: 245.499, Trans_L2_m: 0.875, Yaw_err_deg: 3.770
Epoch: [3/23], Batch: 2070/2963, Loss: 196.649, Trans_L2_m: 1.216, Yaw_err_deg: 2.641
Epoch: [3/23], Batch: 2080/2963, Loss: 186.961, Trans_L2_m: 0.866, Yaw_err_deg: 2.744
Epoch: [3/23], Batch: 2090/2963, Loss: 185.824, Trans_L2_m: 0.688, Yaw_err_deg: 3.063
Epoch: [3/23], Batch: 2100/2963, Loss: 315.987, Trans_L2_m: 0.874, Yaw_err_deg: 4.417
Epoch: [3/23], Batch: 2110/2963, Loss: 257.090, Trans_L2_m: 1.089, Yaw_err_deg: 4.199
Epoch: [3/23], Batch: 2120/2963, Loss: 177.660, Trans_L2_m: 0.961, Yaw_err_deg: 2.293
Epoch: [3/23], Batch: 2130/2963, Loss: 513.041, Trans_L2_m: 1.096, Yaw_err_deg: 4.870
Epoch: [3/23], Batch: 2140/2963, Loss: 199.731, Trans_L2_m: 0.782, Yaw_err_deg: 3.367
Epoch: [3/23], Batch: 2150/2963, Loss: 430.026, Trans_L2_m: 1.244, Yaw_err_deg: 4.310
Epoch: [3/23], Batch: 2160/2963, Loss: 184.090, Trans_L2_m: 0.807, Yaw_err_deg: 2.993
Epoch: [3/23], Batch: 2170/2963, Loss: 317.753, Trans_L2_m: 0.846, Yaw_err_deg: 4.835
Epoch: [3/23], Batch: 2180/2963, Loss: 223.449, Trans_L2_m: 1.005, Yaw_err_deg: 3.246
Epoch: [3/23], Batch: 2190/2963, Loss: 435.095, Trans_L2_m: 0.991, Yaw_err_deg: 5.151
Epoch: [3/23], Batch: 2200/2963, Loss: 291.827, Trans_L2_m: 0.969, Yaw_err_deg: 4.211
Epoch: [3/23], Batch: 2210/2963, Loss: 176.811, Trans_L2_m: 0.809, Yaw_err_deg: 3.135
Epoch: [3/23], Batch: 2220/2963, Loss: 171.072, Trans_L2_m: 0.596, Yaw_err_deg: 3.376
Epoch: [3/23], Batch: 2230/2963, Loss: 179.588, Trans_L2_m: 0.676, Yaw_err_deg: 3.404
Epoch: [3/23], Batch: 2240/2963, Loss: 259.986, Trans_L2_m: 0.807, Yaw_err_deg: 4.053
Epoch: [3/23], Batch: 2250/2963, Loss: 252.147, Trans_L2_m: 1.132, Yaw_err_deg: 3.221
Epoch: [3/23], Batch: 2260/2963, Loss: 206.723, Trans_L2_m: 1.097, Yaw_err_deg: 2.810
Epoch: [3/23], Batch: 2270/2963, Loss: 571.523, Trans_L2_m: 0.819, Yaw_err_deg: 5.440
Epoch: [3/23], Batch: 2280/2963, Loss: 194.135, Trans_L2_m: 0.866, Yaw_err_deg: 3.179
Epoch: [3/23], Batch: 2290/2963, Loss: 211.743, Trans_L2_m: 0.895, Yaw_err_deg: 3.505
Epoch: [3/23], Batch: 2300/2963, Loss: 271.984, Trans_L2_m: 0.952, Yaw_err_deg: 4.415
Epoch: [3/23], Batch: 2310/2963, Loss: 223.793, Trans_L2_m: 1.140, Yaw_err_deg: 3.318
Epoch: [3/23], Batch: 2320/2963, Loss: 257.698, Trans_L2_m: 1.093, Yaw_err_deg: 3.935
Epoch: [3/23], Batch: 2330/2963, Loss: 288.368, Trans_L2_m: 1.378, Yaw_err_deg: 3.439
Epoch: [3/23], Batch: 2340/2963, Loss: 257.457, Trans_L2_m: 0.736, Yaw_err_deg: 3.259
Epoch: [3/23], Batch: 2350/2963, Loss: 285.665, Trans_L2_m: 0.985, Yaw_err_deg: 4.256
Epoch: [3/23], Batch: 2360/2963, Loss: 269.344, Trans_L2_m: 0.857, Yaw_err_deg: 3.981
Epoch: [3/23], Batch: 2370/2963, Loss: 281.492, Trans_L2_m: 0.780, Yaw_err_deg: 4.713
Epoch: [3/23], Batch: 2380/2963, Loss: 142.138, Trans_L2_m: 0.677, Yaw_err_deg: 2.240
Epoch: [3/23], Batch: 2390/2963, Loss: 287.884, Trans_L2_m: 0.850, Yaw_err_deg: 4.989
Epoch: [3/23], Batch: 2400/2963, Loss: 267.690, Trans_L2_m: 1.314, Yaw_err_deg: 3.624
Epoch: [3/23], Batch: 2410/2963, Loss: 295.772, Trans_L2_m: 0.972, Yaw_err_deg: 4.222
Epoch: [3/23], Batch: 2420/2963, Loss: 210.503, Trans_L2_m: 1.109, Yaw_err_deg: 3.429
Epoch: [3/23], Batch: 2430/2963, Loss: 285.626, Trans_L2_m: 1.297, Yaw_err_deg: 3.837
Epoch: [3/23], Batch: 2440/2963, Loss: 260.029, Trans_L2_m: 1.079, Yaw_err_deg: 3.350
Epoch: [3/23], Batch: 2450/2963, Loss: 329.355, Trans_L2_m: 0.795, Yaw_err_deg: 5.121
Epoch: [3/23], Batch: 2460/2963, Loss: 346.446, Trans_L2_m: 1.255, Yaw_err_deg: 4.330
Epoch: [3/23], Batch: 2470/2963, Loss: 204.229, Trans_L2_m: 0.880, Yaw_err_deg: 2.762
Epoch: [3/23], Batch: 2480/2963, Loss: 228.017, Trans_L2_m: 0.874, Yaw_err_deg: 3.811
Epoch: [3/23], Batch: 2490/2963, Loss: 381.772, Trans_L2_m: 0.856, Yaw_err_deg: 3.830
Epoch: [3/23], Batch: 2500/2963, Loss: 326.366, Trans_L2_m: 0.865, Yaw_err_deg: 4.338
Epoch: [3/23], Batch: 2510/2963, Loss: 259.766, Trans_L2_m: 0.939, Yaw_err_deg: 4.029
Epoch: [3/23], Batch: 2520/2963, Loss: 118.819, Trans_L2_m: 0.677, Yaw_err_deg: 1.989
Epoch: [3/23], Batch: 2530/2963, Loss: 239.736, Trans_L2_m: 0.811, Yaw_err_deg: 3.926
Epoch: [3/23], Batch: 2540/2963, Loss: 475.422, Trans_L2_m: 0.789, Yaw_err_deg: 5.070
Epoch: [3/23], Batch: 2550/2963, Loss: 231.896, Trans_L2_m: 0.860, Yaw_err_deg: 3.396
Epoch: [3/23], Batch: 2560/2963, Loss: 259.418, Trans_L2_m: 0.821, Yaw_err_deg: 3.388
Epoch: [3/23], Batch: 2570/2963, Loss: 254.755, Trans_L2_m: 1.305, Yaw_err_deg: 3.812
Epoch: [3/23], Batch: 2580/2963, Loss: 381.469, Trans_L2_m: 0.967, Yaw_err_deg: 4.923
Epoch: [3/23], Batch: 2590/2963, Loss: 189.802, Trans_L2_m: 1.036, Yaw_err_deg: 2.535
Epoch: [3/23], Batch: 2600/2963, Loss: 288.595, Trans_L2_m: 0.676, Yaw_err_deg: 3.661
Epoch: [3/23], Batch: 2610/2963, Loss: 244.642, Trans_L2_m: 0.976, Yaw_err_deg: 2.959
Epoch: [3/23], Batch: 2620/2963, Loss: 317.595, Trans_L2_m: 1.138, Yaw_err_deg: 4.305
Epoch: [3/23], Batch: 2630/2963, Loss: 358.603, Trans_L2_m: 0.836, Yaw_err_deg: 4.073
Epoch: [3/23], Batch: 2640/2963, Loss: 174.946, Trans_L2_m: 0.680, Yaw_err_deg: 2.718
Epoch: [3/23], Batch: 2650/2963, Loss: 200.007, Trans_L2_m: 0.801, Yaw_err_deg: 3.136
Epoch: [3/23], Batch: 2660/2963, Loss: 152.516, Trans_L2_m: 0.913, Yaw_err_deg: 2.533
Epoch: [3/23], Batch: 2670/2963, Loss: 248.317, Trans_L2_m: 1.109, Yaw_err_deg: 3.337
Epoch: [3/23], Batch: 2680/2963, Loss: 243.956, Trans_L2_m: 0.951, Yaw_err_deg: 3.434
Epoch: [3/23], Batch: 2690/2963, Loss: 268.702, Trans_L2_m: 0.903, Yaw_err_deg: 3.409
Epoch: [3/23], Batch: 2700/2963, Loss: 268.125, Trans_L2_m: 1.138, Yaw_err_deg: 3.714
Epoch: [3/23], Batch: 2710/2963, Loss: 453.677, Trans_L2_m: 1.318, Yaw_err_deg: 4.448
Epoch: [3/23], Batch: 2720/2963, Loss: 296.899, Trans_L2_m: 1.038, Yaw_err_deg: 4.470
Epoch: [3/23], Batch: 2730/2963, Loss: 197.870, Trans_L2_m: 0.880, Yaw_err_deg: 3.237
Epoch: [3/23], Batch: 2740/2963, Loss: 392.644, Trans_L2_m: 0.922, Yaw_err_deg: 4.407
Epoch: [3/23], Batch: 2750/2963, Loss: 294.098, Trans_L2_m: 0.560, Yaw_err_deg: 4.852
Epoch: [3/23], Batch: 2760/2963, Loss: 397.609, Trans_L2_m: 1.042, Yaw_err_deg: 6.071
Epoch: [3/23], Batch: 2770/2963, Loss: 274.517, Trans_L2_m: 0.867, Yaw_err_deg: 3.878
Epoch: [3/23], Batch: 2780/2963, Loss: 351.343, Trans_L2_m: 0.991, Yaw_err_deg: 4.455
Epoch: [3/23], Batch: 2790/2963, Loss: 210.858, Trans_L2_m: 0.864, Yaw_err_deg: 3.669
Epoch: [3/23], Batch: 2800/2963, Loss: 317.112, Trans_L2_m: 1.097, Yaw_err_deg: 4.284
Epoch: [3/23], Batch: 2810/2963, Loss: 356.765, Trans_L2_m: 0.684, Yaw_err_deg: 5.752
Epoch: [3/23], Batch: 2820/2963, Loss: 292.644, Trans_L2_m: 0.962, Yaw_err_deg: 3.820
Epoch: [3/23], Batch: 2830/2963, Loss: 193.819, Trans_L2_m: 0.789, Yaw_err_deg: 3.522
Epoch: [3/23], Batch: 2840/2963, Loss: 383.886, Trans_L2_m: 0.836, Yaw_err_deg: 5.296
Epoch: [3/23], Batch: 2850/2963, Loss: 157.683, Trans_L2_m: 0.654, Yaw_err_deg: 2.524
Epoch: [3/23], Batch: 2860/2963, Loss: 382.800, Trans_L2_m: 1.064, Yaw_err_deg: 4.992
Epoch: [3/23], Batch: 2870/2963, Loss: 279.130, Trans_L2_m: 0.615, Yaw_err_deg: 3.916
Epoch: [3/23], Batch: 2880/2963, Loss: 255.162, Trans_L2_m: 0.940, Yaw_err_deg: 4.344
Epoch: [3/23], Batch: 2890/2963, Loss: 257.363, Trans_L2_m: 0.921, Yaw_err_deg: 3.721
Epoch: [3/23], Batch: 2900/2963, Loss: 211.782, Trans_L2_m: 0.899, Yaw_err_deg: 3.716
Epoch: [3/23], Batch: 2910/2963, Loss: 315.178, Trans_L2_m: 1.106, Yaw_err_deg: 4.304
Epoch: [3/23], Batch: 2920/2963, Loss: 246.995, Trans_L2_m: 0.859, Yaw_err_deg: 4.358
Epoch: [3/23], Batch: 2930/2963, Loss: 253.913, Trans_L2_m: 1.097, Yaw_err_deg: 3.609
Epoch: [3/23], Batch: 2940/2963, Loss: 163.538, Trans_L2_m: 0.731, Yaw_err_deg: 2.924
Epoch: [3/23], Batch: 2950/2963, Loss: 407.832, Trans_L2_m: 0.903, Yaw_err_deg: 5.048
Epoch: [3/23], Batch: 2960/2963, Loss: 217.470, Trans_L2_m: 0.823, Yaw_err_deg: 3.174
Validation loss (homography): 899.9694
Avg batch time: 1021.63 ms, total: 331.261 s
[1;94mSave the best of 899.9693603515625, at checkpoints/2025_12_27_best_checkpoint_zod_0.pth[0m
Epoch: [4/23], Batch: 0/2963, Loss: 170.317, Trans_L2_m: 0.772, Yaw_err_deg: 2.890
Epoch: [4/23], Batch: 10/2963, Loss: 688.391, Trans_L2_m: 0.647, Yaw_err_deg: 6.891
Epoch: [4/23], Batch: 20/2963, Loss: 145.151, Trans_L2_m: 0.839, Yaw_err_deg: 2.033
Epoch: [4/23], Batch: 30/2963, Loss: 274.788, Trans_L2_m: 0.850, Yaw_err_deg: 3.948
Epoch: [4/23], Batch: 40/2963, Loss: 140.464, Trans_L2_m: 0.779, Yaw_err_deg: 2.041
Epoch: [4/23], Batch: 50/2963, Loss: 175.737, Trans_L2_m: 0.917, Yaw_err_deg: 2.766
Epoch: [4/23], Batch: 60/2963, Loss: 181.752, Trans_L2_m: 0.881, Yaw_err_deg: 2.899
Epoch: [4/23], Batch: 70/2963, Loss: 235.917, Trans_L2_m: 0.740, Yaw_err_deg: 4.047
Epoch: [4/23], Batch: 80/2963, Loss: 341.972, Trans_L2_m: 0.785, Yaw_err_deg: 4.403
Epoch: [4/23], Batch: 90/2963, Loss: 336.586, Trans_L2_m: 0.784, Yaw_err_deg: 4.522
Epoch: [4/23], Batch: 100/2963, Loss: 207.740, Trans_L2_m: 0.796, Yaw_err_deg: 3.474
Epoch: [4/23], Batch: 110/2963, Loss: 267.567, Trans_L2_m: 0.922, Yaw_err_deg: 3.744
Epoch: [4/23], Batch: 120/2963, Loss: 205.926, Trans_L2_m: 0.890, Yaw_err_deg: 2.911
Epoch: [4/23], Batch: 130/2963, Loss: 212.344, Trans_L2_m: 1.271, Yaw_err_deg: 3.208
Epoch: [4/23], Batch: 140/2963, Loss: 326.983, Trans_L2_m: 0.670, Yaw_err_deg: 4.075
Epoch: [4/23], Batch: 150/2963, Loss: 334.046, Trans_L2_m: 0.990, Yaw_err_deg: 5.074
Epoch: [4/23], Batch: 160/2963, Loss: 301.503, Trans_L2_m: 0.623, Yaw_err_deg: 3.832
Epoch: [4/23], Batch: 170/2963, Loss: 215.527, Trans_L2_m: 0.884, Yaw_err_deg: 3.261
Epoch: [4/23], Batch: 180/2963, Loss: 297.995, Trans_L2_m: 0.709, Yaw_err_deg: 4.371
Epoch: [4/23], Batch: 190/2963, Loss: 234.328, Trans_L2_m: 0.960, Yaw_err_deg: 3.259
Epoch: [4/23], Batch: 200/2963, Loss: 128.048, Trans_L2_m: 0.478, Yaw_err_deg: 2.355
Epoch: [4/23], Batch: 210/2963, Loss: 217.671, Trans_L2_m: 0.716, Yaw_err_deg: 3.329
Epoch: [4/23], Batch: 220/2963, Loss: 251.161, Trans_L2_m: 0.766, Yaw_err_deg: 4.056
Epoch: [4/23], Batch: 230/2963, Loss: 206.137, Trans_L2_m: 0.779, Yaw_err_deg: 3.296
Epoch: [4/23], Batch: 240/2963, Loss: 180.096, Trans_L2_m: 0.852, Yaw_err_deg: 3.199
Epoch: [4/23], Batch: 250/2963, Loss: 286.788, Trans_L2_m: 0.867, Yaw_err_deg: 3.198
Epoch: [4/23], Batch: 260/2963, Loss: 150.642, Trans_L2_m: 0.788, Yaw_err_deg: 2.490
Epoch: [4/23], Batch: 270/2963, Loss: 468.775, Trans_L2_m: 0.849, Yaw_err_deg: 4.752
Epoch: [4/23], Batch: 280/2963, Loss: 145.169, Trans_L2_m: 0.913, Yaw_err_deg: 2.169
Epoch: [4/23], Batch: 290/2963, Loss: 219.896, Trans_L2_m: 0.561, Yaw_err_deg: 3.066
Epoch: [4/23], Batch: 300/2963, Loss: 233.727, Trans_L2_m: 0.735, Yaw_err_deg: 4.471
Epoch: [4/23], Batch: 310/2963, Loss: 112.012, Trans_L2_m: 0.612, Yaw_err_deg: 2.034
Epoch: [4/23], Batch: 320/2963, Loss: 625.285, Trans_L2_m: 1.049, Yaw_err_deg: 6.208
Epoch: [4/23], Batch: 330/2963, Loss: 407.410, Trans_L2_m: 0.825, Yaw_err_deg: 4.133
Epoch: [4/23], Batch: 340/2963, Loss: 303.185, Trans_L2_m: 0.679, Yaw_err_deg: 4.497
Epoch: [4/23], Batch: 350/2963, Loss: 148.578, Trans_L2_m: 0.782, Yaw_err_deg: 2.518
Epoch: [4/23], Batch: 360/2963, Loss: 329.898, Trans_L2_m: 0.795, Yaw_err_deg: 4.027
Epoch: [4/23], Batch: 370/2963, Loss: 513.891, Trans_L2_m: 0.954, Yaw_err_deg: 4.969
Epoch: [4/23], Batch: 380/2963, Loss: 183.502, Trans_L2_m: 0.692, Yaw_err_deg: 3.093
Epoch: [4/23], Batch: 390/2963, Loss: 298.197, Trans_L2_m: 0.884, Yaw_err_deg: 4.241
Epoch: [4/23], Batch: 400/2963, Loss: 223.092, Trans_L2_m: 1.096, Yaw_err_deg: 3.833
Epoch: [4/23], Batch: 410/2963, Loss: 420.966, Trans_L2_m: 0.803, Yaw_err_deg: 3.982
Epoch: [4/23], Batch: 420/2963, Loss: 392.998, Trans_L2_m: 0.737, Yaw_err_deg: 4.952
Epoch: [4/23], Batch: 430/2963, Loss: 302.153, Trans_L2_m: 1.044, Yaw_err_deg: 4.242
Epoch: [4/23], Batch: 440/2963, Loss: 157.951, Trans_L2_m: 0.848, Yaw_err_deg: 2.400
Epoch: [4/23], Batch: 450/2963, Loss: 219.567, Trans_L2_m: 0.957, Yaw_err_deg: 2.799
Epoch: [4/23], Batch: 460/2963, Loss: 132.334, Trans_L2_m: 0.630, Yaw_err_deg: 2.520
Epoch: [4/23], Batch: 470/2963, Loss: 224.544, Trans_L2_m: 0.818, Yaw_err_deg: 4.013
Epoch: [4/23], Batch: 480/2963, Loss: 155.346, Trans_L2_m: 0.876, Yaw_err_deg: 2.320
Epoch: [4/23], Batch: 490/2963, Loss: 204.385, Trans_L2_m: 0.894, Yaw_err_deg: 2.954
Epoch: [4/23], Batch: 500/2963, Loss: 438.437, Trans_L2_m: 1.162, Yaw_err_deg: 5.784
Epoch: [4/23], Batch: 510/2963, Loss: 255.299, Trans_L2_m: 1.403, Yaw_err_deg: 3.577
Epoch: [4/23], Batch: 520/2963, Loss: 267.732, Trans_L2_m: 1.365, Yaw_err_deg: 3.136
Epoch: [4/23], Batch: 530/2963, Loss: 312.315, Trans_L2_m: 1.004, Yaw_err_deg: 4.787
Epoch: [4/23], Batch: 540/2963, Loss: 419.028, Trans_L2_m: 0.708, Yaw_err_deg: 4.116
Epoch: [4/23], Batch: 550/2963, Loss: 201.175, Trans_L2_m: 0.887, Yaw_err_deg: 3.043
Epoch: [4/23], Batch: 560/2963, Loss: 223.589, Trans_L2_m: 0.644, Yaw_err_deg: 3.139
Epoch: [4/23], Batch: 570/2963, Loss: 342.786, Trans_L2_m: 0.813, Yaw_err_deg: 5.009
Epoch: [4/23], Batch: 580/2963, Loss: 180.438, Trans_L2_m: 0.694, Yaw_err_deg: 3.094
Epoch: [4/23], Batch: 590/2963, Loss: 205.125, Trans_L2_m: 0.602, Yaw_err_deg: 3.109
Epoch: [4/23], Batch: 600/2963, Loss: 152.909, Trans_L2_m: 0.707, Yaw_err_deg: 2.797
Epoch: [4/23], Batch: 610/2963, Loss: 255.599, Trans_L2_m: 1.112, Yaw_err_deg: 3.501
Epoch: [4/23], Batch: 620/2963, Loss: 127.451, Trans_L2_m: 0.753, Yaw_err_deg: 2.210
Epoch: [4/23], Batch: 630/2963, Loss: 152.721, Trans_L2_m: 0.633, Yaw_err_deg: 3.147
Epoch: [4/23], Batch: 640/2963, Loss: 245.652, Trans_L2_m: 0.719, Yaw_err_deg: 3.871
Epoch: [4/23], Batch: 650/2963, Loss: 191.183, Trans_L2_m: 0.932, Yaw_err_deg: 3.601
Epoch: [4/23], Batch: 660/2963, Loss: 149.166, Trans_L2_m: 0.697, Yaw_err_deg: 2.822
Epoch: [4/23], Batch: 670/2963, Loss: 259.412, Trans_L2_m: 0.879, Yaw_err_deg: 3.910
Epoch: [4/23], Batch: 680/2963, Loss: 133.544, Trans_L2_m: 0.843, Yaw_err_deg: 2.136
Epoch: [4/23], Batch: 690/2963, Loss: 180.683, Trans_L2_m: 0.991, Yaw_err_deg: 3.187
Epoch: [4/23], Batch: 700/2963, Loss: 106.341, Trans_L2_m: 0.640, Yaw_err_deg: 1.850
Epoch: [4/23], Batch: 710/2963, Loss: 255.618, Trans_L2_m: 0.619, Yaw_err_deg: 4.174
Epoch: [4/23], Batch: 720/2963, Loss: 195.569, Trans_L2_m: 0.701, Yaw_err_deg: 3.352
Epoch: [4/23], Batch: 730/2963, Loss: 181.248, Trans_L2_m: 1.151, Yaw_err_deg: 2.770
Epoch: [4/23], Batch: 740/2963, Loss: 266.346, Trans_L2_m: 1.072, Yaw_err_deg: 3.379
Epoch: [4/23], Batch: 750/2963, Loss: 293.140, Trans_L2_m: 0.755, Yaw_err_deg: 3.884
Epoch: [4/23], Batch: 760/2963, Loss: 272.012, Trans_L2_m: 0.870, Yaw_err_deg: 4.272
Epoch: [4/23], Batch: 770/2963, Loss: 175.395, Trans_L2_m: 0.813, Yaw_err_deg: 3.254
Epoch: [4/23], Batch: 780/2963, Loss: 166.266, Trans_L2_m: 0.749, Yaw_err_deg: 3.175
Epoch: [4/23], Batch: 790/2963, Loss: 182.830, Trans_L2_m: 0.660, Yaw_err_deg: 2.844
Epoch: [4/23], Batch: 800/2963, Loss: 179.566, Trans_L2_m: 0.648, Yaw_err_deg: 3.270
Epoch: [4/23], Batch: 810/2963, Loss: 143.301, Trans_L2_m: 0.716, Yaw_err_deg: 2.222
Epoch: [4/23], Batch: 820/2963, Loss: 335.639, Trans_L2_m: 0.743, Yaw_err_deg: 4.044
Epoch: [4/23], Batch: 830/2963, Loss: 244.221, Trans_L2_m: 0.779, Yaw_err_deg: 3.450
Epoch: [4/23], Batch: 840/2963, Loss: 287.031, Trans_L2_m: 0.810, Yaw_err_deg: 5.024
Epoch: [4/23], Batch: 850/2963, Loss: 147.036, Trans_L2_m: 0.715, Yaw_err_deg: 2.584
Epoch: [4/23], Batch: 860/2963, Loss: 329.665, Trans_L2_m: 0.940, Yaw_err_deg: 4.811
Epoch: [4/23], Batch: 870/2963, Loss: 144.660, Trans_L2_m: 0.771, Yaw_err_deg: 2.098
Epoch: [4/23], Batch: 880/2963, Loss: 173.007, Trans_L2_m: 0.953, Yaw_err_deg: 2.601
Epoch: [4/23], Batch: 890/2963, Loss: 247.562, Trans_L2_m: 0.937, Yaw_err_deg: 3.547
Epoch: [4/23], Batch: 900/2963, Loss: 254.315, Trans_L2_m: 0.712, Yaw_err_deg: 4.161
Epoch: [4/23], Batch: 910/2963, Loss: 282.650, Trans_L2_m: 1.055, Yaw_err_deg: 3.656
Epoch: [4/23], Batch: 920/2963, Loss: 203.544, Trans_L2_m: 0.737, Yaw_err_deg: 3.302
Epoch: [4/23], Batch: 930/2963, Loss: 365.207, Trans_L2_m: 1.165, Yaw_err_deg: 6.524
Epoch: [4/23], Batch: 940/2963, Loss: 318.057, Trans_L2_m: 1.227, Yaw_err_deg: 4.507
Epoch: [4/23], Batch: 950/2963, Loss: 148.864, Trans_L2_m: 0.650, Yaw_err_deg: 2.850
Epoch: [4/23], Batch: 960/2963, Loss: 327.139, Trans_L2_m: 1.152, Yaw_err_deg: 3.632
Epoch: [4/23], Batch: 970/2963, Loss: 215.557, Trans_L2_m: 0.801, Yaw_err_deg: 3.418
Epoch: [4/23], Batch: 980/2963, Loss: 194.605, Trans_L2_m: 0.711, Yaw_err_deg: 3.514
Epoch: [4/23], Batch: 990/2963, Loss: 159.448, Trans_L2_m: 0.889, Yaw_err_deg: 3.061
Epoch: [4/23], Batch: 1000/2963, Loss: 126.288, Trans_L2_m: 0.629, Yaw_err_deg: 2.483
Epoch: [4/23], Batch: 1010/2963, Loss: 202.889, Trans_L2_m: 0.862, Yaw_err_deg: 3.478
Epoch: [4/23], Batch: 1020/2963, Loss: 128.879, Trans_L2_m: 0.979, Yaw_err_deg: 2.256
Epoch: [4/23], Batch: 1030/2963, Loss: 311.352, Trans_L2_m: 0.741, Yaw_err_deg: 4.102
Epoch: [4/23], Batch: 1040/2963, Loss: 159.104, Trans_L2_m: 0.676, Yaw_err_deg: 2.255
Epoch: [4/23], Batch: 1050/2963, Loss: 298.688, Trans_L2_m: 0.590, Yaw_err_deg: 4.547
Epoch: [4/23], Batch: 1060/2963, Loss: 144.633, Trans_L2_m: 0.785, Yaw_err_deg: 2.366
Epoch: [4/23], Batch: 1070/2963, Loss: 201.392, Trans_L2_m: 0.861, Yaw_err_deg: 2.819
Epoch: [4/23], Batch: 1080/2963, Loss: 150.399, Trans_L2_m: 0.679, Yaw_err_deg: 2.255
Epoch: [4/23], Batch: 1090/2963, Loss: 344.863, Trans_L2_m: 0.735, Yaw_err_deg: 5.159
Epoch: [4/23], Batch: 1100/2963, Loss: 218.353, Trans_L2_m: 0.903, Yaw_err_deg: 3.853
Epoch: [4/23], Batch: 1110/2963, Loss: 231.960, Trans_L2_m: 0.631, Yaw_err_deg: 3.993
Epoch: [4/23], Batch: 1120/2963, Loss: 348.611, Trans_L2_m: 1.041, Yaw_err_deg: 4.420
Epoch: [4/23], Batch: 1130/2963, Loss: 138.017, Trans_L2_m: 0.938, Yaw_err_deg: 1.815
Epoch: [4/23], Batch: 1140/2963, Loss: 192.428, Trans_L2_m: 0.997, Yaw_err_deg: 2.818
Epoch: [4/23], Batch: 1150/2963, Loss: 123.068, Trans_L2_m: 0.820, Yaw_err_deg: 2.247
Epoch: [4/23], Batch: 1160/2963, Loss: 202.160, Trans_L2_m: 0.716, Yaw_err_deg: 3.533
Epoch: [4/23], Batch: 1170/2963, Loss: 181.206, Trans_L2_m: 0.934, Yaw_err_deg: 3.422
Epoch: [4/23], Batch: 1180/2963, Loss: 286.965, Trans_L2_m: 0.946, Yaw_err_deg: 3.941
Epoch: [4/23], Batch: 1190/2963, Loss: 233.175, Trans_L2_m: 0.625, Yaw_err_deg: 3.826
Epoch: [4/23], Batch: 1200/2963, Loss: 302.180, Trans_L2_m: 0.680, Yaw_err_deg: 4.742
Epoch: [4/23], Batch: 1210/2963, Loss: 174.406, Trans_L2_m: 0.847, Yaw_err_deg: 3.117
Epoch: [4/23], Batch: 1220/2963, Loss: 209.549, Trans_L2_m: 1.086, Yaw_err_deg: 3.547
Epoch: [4/23], Batch: 1230/2963, Loss: 207.756, Trans_L2_m: 0.721, Yaw_err_deg: 3.611
Epoch: [4/23], Batch: 1240/2963, Loss: 162.927, Trans_L2_m: 0.645, Yaw_err_deg: 2.884
Epoch: [4/23], Batch: 1250/2963, Loss: 119.238, Trans_L2_m: 0.736, Yaw_err_deg: 2.218
Epoch: [4/23], Batch: 1260/2963, Loss: 978.791, Trans_L2_m: 1.017, Yaw_err_deg: 2.833
Epoch: [4/23], Batch: 1270/2963, Loss: 157.996, Trans_L2_m: 0.960, Yaw_err_deg: 2.530
Epoch: [4/23], Batch: 1280/2963, Loss: 230.102, Trans_L2_m: 1.058, Yaw_err_deg: 4.132
Epoch: [4/23], Batch: 1290/2963, Loss: 160.790, Trans_L2_m: 0.522, Yaw_err_deg: 2.938
Epoch: [4/23], Batch: 1300/2963, Loss: 176.473, Trans_L2_m: 1.061, Yaw_err_deg: 2.619
Epoch: [4/23], Batch: 1310/2963, Loss: 391.474, Trans_L2_m: 0.906, Yaw_err_deg: 4.868
Epoch: [4/23], Batch: 1320/2963, Loss: 175.679, Trans_L2_m: 0.918, Yaw_err_deg: 2.813
Epoch: [4/23], Batch: 1330/2963, Loss: 140.638, Trans_L2_m: 0.708, Yaw_err_deg: 2.017
Epoch: [4/23], Batch: 1340/2963, Loss: 289.812, Trans_L2_m: 0.740, Yaw_err_deg: 3.828
Epoch: [4/23], Batch: 1350/2963, Loss: 201.898, Trans_L2_m: 0.944, Yaw_err_deg: 3.519
Epoch: [4/23], Batch: 1360/2963, Loss: 207.469, Trans_L2_m: 0.718, Yaw_err_deg: 3.967
Epoch: [4/23], Batch: 1370/2963, Loss: 543.887, Trans_L2_m: 0.765, Yaw_err_deg: 5.702
Epoch: [4/23], Batch: 1380/2963, Loss: 119.530, Trans_L2_m: 0.665, Yaw_err_deg: 2.400
Epoch: [4/23], Batch: 1390/2963, Loss: 199.539, Trans_L2_m: 0.828, Yaw_err_deg: 3.153
Epoch: [4/23], Batch: 1400/2963, Loss: 132.192, Trans_L2_m: 0.997, Yaw_err_deg: 1.884
Epoch: [4/23], Batch: 1410/2963, Loss: 156.329, Trans_L2_m: 0.890, Yaw_err_deg: 2.717
Epoch: [4/23], Batch: 1420/2963, Loss: 116.281, Trans_L2_m: 0.757, Yaw_err_deg: 2.578
Epoch: [4/23], Batch: 1430/2963, Loss: 205.756, Trans_L2_m: 0.713, Yaw_err_deg: 3.107
Epoch: [4/23], Batch: 1440/2963, Loss: 146.696, Trans_L2_m: 0.842, Yaw_err_deg: 2.623
Epoch: [4/23], Batch: 1450/2963, Loss: 244.434, Trans_L2_m: 0.616, Yaw_err_deg: 3.908
Epoch: [4/23], Batch: 1460/2963, Loss: 211.048, Trans_L2_m: 0.895, Yaw_err_deg: 2.932
Epoch: [4/23], Batch: 1470/2963, Loss: 209.664, Trans_L2_m: 0.683, Yaw_err_deg: 3.190
Epoch: [4/23], Batch: 1480/2963, Loss: 177.476, Trans_L2_m: 0.698, Yaw_err_deg: 3.049
Epoch: [4/23], Batch: 1490/2963, Loss: 280.022, Trans_L2_m: 0.803, Yaw_err_deg: 4.195
Epoch: [4/23], Batch: 1500/2963, Loss: 197.347, Trans_L2_m: 0.936, Yaw_err_deg: 3.344
Epoch: [4/23], Batch: 1510/2963, Loss: 332.830, Trans_L2_m: 0.549, Yaw_err_deg: 4.868
Epoch: [4/23], Batch: 1520/2963, Loss: 142.436, Trans_L2_m: 0.645, Yaw_err_deg: 2.688
Epoch: [4/23], Batch: 1530/2963, Loss: 308.635, Trans_L2_m: 0.804, Yaw_err_deg: 4.202
Epoch: [4/23], Batch: 1540/2963, Loss: 292.139, Trans_L2_m: 0.562, Yaw_err_deg: 5.001
Epoch: [4/23], Batch: 1550/2963, Loss: 108.260, Trans_L2_m: 0.614, Yaw_err_deg: 2.165
Epoch: [4/23], Batch: 1560/2963, Loss: 140.609, Trans_L2_m: 0.671, Yaw_err_deg: 2.646
Epoch: [4/23], Batch: 1570/2963, Loss: 199.427, Trans_L2_m: 0.510, Yaw_err_deg: 3.141
Epoch: [4/23], Batch: 1580/2963, Loss: 174.717, Trans_L2_m: 0.874, Yaw_err_deg: 2.771
Epoch: [4/23], Batch: 1590/2963, Loss: 131.530, Trans_L2_m: 0.767, Yaw_err_deg: 2.710
Epoch: [4/23], Batch: 1600/2963, Loss: 115.934, Trans_L2_m: 0.796, Yaw_err_deg: 2.344
Epoch: [4/23], Batch: 1610/2963, Loss: 125.998, Trans_L2_m: 0.583, Yaw_err_deg: 2.707
Epoch: [4/23], Batch: 1620/2963, Loss: 174.379, Trans_L2_m: 0.973, Yaw_err_deg: 2.690
Epoch: [4/23], Batch: 1630/2963, Loss: 134.029, Trans_L2_m: 0.740, Yaw_err_deg: 2.503
Epoch: [4/23], Batch: 1640/2963, Loss: 208.310, Trans_L2_m: 0.674, Yaw_err_deg: 3.475
Epoch: [4/23], Batch: 1650/2963, Loss: 243.566, Trans_L2_m: 0.627, Yaw_err_deg: 3.279
Epoch: [4/23], Batch: 1660/2963, Loss: 185.155, Trans_L2_m: 0.759, Yaw_err_deg: 3.146
Epoch: [4/23], Batch: 1670/2963, Loss: 300.606, Trans_L2_m: 0.820, Yaw_err_deg: 4.122
Epoch: [4/23], Batch: 1680/2963, Loss: 134.812, Trans_L2_m: 0.769, Yaw_err_deg: 1.912
Epoch: [4/23], Batch: 1690/2963, Loss: 135.230, Trans_L2_m: 0.758, Yaw_err_deg: 2.315
Epoch: [4/23], Batch: 1700/2963, Loss: 158.307, Trans_L2_m: 0.646, Yaw_err_deg: 2.751
Epoch: [4/23], Batch: 1710/2963, Loss: 352.255, Trans_L2_m: 0.790, Yaw_err_deg: 4.596
Epoch: [4/23], Batch: 1720/2963, Loss: 169.858, Trans_L2_m: 0.720, Yaw_err_deg: 2.505
Epoch: [4/23], Batch: 1730/2963, Loss: 128.275, Trans_L2_m: 0.708, Yaw_err_deg: 2.264
Epoch: [4/23], Batch: 1740/2963, Loss: 169.285, Trans_L2_m: 0.880, Yaw_err_deg: 2.806
Epoch: [4/23], Batch: 1750/2963, Loss: 156.103, Trans_L2_m: 0.681, Yaw_err_deg: 2.925
Epoch: [4/23], Batch: 1760/2963, Loss: 155.463, Trans_L2_m: 0.754, Yaw_err_deg: 2.470
Epoch: [4/23], Batch: 1770/2963, Loss: 220.223, Trans_L2_m: 0.865, Yaw_err_deg: 3.102
Epoch: [4/23], Batch: 1780/2963, Loss: 205.367, Trans_L2_m: 0.542, Yaw_err_deg: 3.452
Epoch: [4/23], Batch: 1790/2963, Loss: 197.212, Trans_L2_m: 0.795, Yaw_err_deg: 3.485
Epoch: [4/23], Batch: 1800/2963, Loss: 221.405, Trans_L2_m: 0.954, Yaw_err_deg: 4.083
Epoch: [4/23], Batch: 1810/2963, Loss: 454.028, Trans_L2_m: 0.693, Yaw_err_deg: 4.413
Epoch: [4/23], Batch: 1820/2963, Loss: 188.320, Trans_L2_m: 0.638, Yaw_err_deg: 3.388
Epoch: [4/23], Batch: 1830/2963, Loss: 178.260, Trans_L2_m: 0.896, Yaw_err_deg: 3.480
Epoch: [4/23], Batch: 1840/2963, Loss: 124.895, Trans_L2_m: 0.761, Yaw_err_deg: 2.218
Epoch: [4/23], Batch: 1850/2963, Loss: 235.544, Trans_L2_m: 0.811, Yaw_err_deg: 4.113
Epoch: [4/23], Batch: 1860/2963, Loss: 180.987, Trans_L2_m: 0.691, Yaw_err_deg: 2.746
Epoch: [4/23], Batch: 1870/2963, Loss: 183.928, Trans_L2_m: 0.719, Yaw_err_deg: 3.134
Epoch: [4/23], Batch: 1880/2963, Loss: 160.458, Trans_L2_m: 0.951, Yaw_err_deg: 2.957
Epoch: [4/23], Batch: 1890/2963, Loss: 213.591, Trans_L2_m: 0.851, Yaw_err_deg: 3.470
Epoch: [4/23], Batch: 1900/2963, Loss: 151.209, Trans_L2_m: 0.910, Yaw_err_deg: 2.675
Epoch: [4/23], Batch: 1910/2963, Loss: 193.469, Trans_L2_m: 0.962, Yaw_err_deg: 2.755
Epoch: [4/23], Batch: 1920/2963, Loss: 324.670, Trans_L2_m: 0.805, Yaw_err_deg: 4.901
Epoch: [4/23], Batch: 1930/2963, Loss: 163.336, Trans_L2_m: 0.718, Yaw_err_deg: 3.040
Epoch: [4/23], Batch: 1940/2963, Loss: 180.344, Trans_L2_m: 0.648, Yaw_err_deg: 3.705
Epoch: [4/23], Batch: 1950/2963, Loss: 213.030, Trans_L2_m: 0.658, Yaw_err_deg: 2.078
Epoch: [4/23], Batch: 1960/2963, Loss: 167.496, Trans_L2_m: 0.617, Yaw_err_deg: 3.139
Epoch: [4/23], Batch: 1970/2963, Loss: 149.218, Trans_L2_m: 0.677, Yaw_err_deg: 2.836
Epoch: [4/23], Batch: 1980/2963, Loss: 147.595, Trans_L2_m: 0.736, Yaw_err_deg: 2.988
Epoch: [4/23], Batch: 1990/2963, Loss: 234.364, Trans_L2_m: 0.773, Yaw_err_deg: 3.597
Epoch: [4/23], Batch: 2000/2963, Loss: 116.495, Trans_L2_m: 0.900, Yaw_err_deg: 2.038
Epoch: [4/23], Batch: 2010/2963, Loss: 183.119, Trans_L2_m: 0.876, Yaw_err_deg: 2.925
Epoch: [4/23], Batch: 2020/2963, Loss: 190.849, Trans_L2_m: 0.776, Yaw_err_deg: 3.655
Epoch: [4/23], Batch: 2030/2963, Loss: 97.814, Trans_L2_m: 0.707, Yaw_err_deg: 1.518
Epoch: [4/23], Batch: 2040/2963, Loss: 160.884, Trans_L2_m: 0.835, Yaw_err_deg: 3.328
Epoch: [4/23], Batch: 2050/2963, Loss: 167.161, Trans_L2_m: 0.754, Yaw_err_deg: 3.334
Epoch: [4/23], Batch: 2060/2963, Loss: 176.697, Trans_L2_m: 0.626, Yaw_err_deg: 2.801
Epoch: [4/23], Batch: 2070/2963, Loss: 238.903, Trans_L2_m: 1.062, Yaw_err_deg: 3.206
Epoch: [4/23], Batch: 2080/2963, Loss: 248.296, Trans_L2_m: 0.569, Yaw_err_deg: 4.112
Epoch: [4/23], Batch: 2090/2963, Loss: 199.747, Trans_L2_m: 0.865, Yaw_err_deg: 2.820
Epoch: [4/23], Batch: 2100/2963, Loss: 386.588, Trans_L2_m: 0.834, Yaw_err_deg: 4.502
Epoch: [4/23], Batch: 2110/2963, Loss: 165.822, Trans_L2_m: 1.000, Yaw_err_deg: 3.132
Epoch: [4/23], Batch: 2120/2963, Loss: 152.095, Trans_L2_m: 1.161, Yaw_err_deg: 2.785
Epoch: [4/23], Batch: 2130/2963, Loss: 149.775, Trans_L2_m: 0.767, Yaw_err_deg: 2.305
Epoch: [4/23], Batch: 2140/2963, Loss: 293.316, Trans_L2_m: 0.706, Yaw_err_deg: 4.509
Epoch: [4/23], Batch: 2150/2963, Loss: 113.452, Trans_L2_m: 0.986, Yaw_err_deg: 2.096
Epoch: [4/23], Batch: 2160/2963, Loss: 181.812, Trans_L2_m: 0.780, Yaw_err_deg: 2.324
Epoch: [4/23], Batch: 2170/2963, Loss: 289.491, Trans_L2_m: 0.932, Yaw_err_deg: 4.535
Epoch: [4/23], Batch: 2180/2963, Loss: 217.892, Trans_L2_m: 0.698, Yaw_err_deg: 3.557
Epoch: [4/23], Batch: 2190/2963, Loss: 231.949, Trans_L2_m: 0.779, Yaw_err_deg: 3.683
Epoch: [4/23], Batch: 2200/2963, Loss: 106.853, Trans_L2_m: 0.689, Yaw_err_deg: 1.813
Epoch: [4/23], Batch: 2210/2963, Loss: 200.301, Trans_L2_m: 0.984, Yaw_err_deg: 2.987
Epoch: [4/23], Batch: 2220/2963, Loss: 112.658, Trans_L2_m: 0.778, Yaw_err_deg: 1.898
Epoch: [4/23], Batch: 2230/2963, Loss: 162.904, Trans_L2_m: 0.801, Yaw_err_deg: 2.940
Epoch: [4/23], Batch: 2240/2963, Loss: 129.497, Trans_L2_m: 0.809, Yaw_err_deg: 2.257
Epoch: [4/23], Batch: 2250/2963, Loss: 266.294, Trans_L2_m: 0.966, Yaw_err_deg: 4.446
Epoch: [4/23], Batch: 2260/2963, Loss: 89.109, Trans_L2_m: 0.593, Yaw_err_deg: 1.680
Epoch: [4/23], Batch: 2270/2963, Loss: 185.142, Trans_L2_m: 0.551, Yaw_err_deg: 3.196
Epoch: [4/23], Batch: 2280/2963, Loss: 143.272, Trans_L2_m: 0.870, Yaw_err_deg: 2.385
Epoch: [4/23], Batch: 2290/2963, Loss: 143.854, Trans_L2_m: 1.201, Yaw_err_deg: 2.205
Epoch: [4/23], Batch: 2300/2963, Loss: 191.225, Trans_L2_m: 0.862, Yaw_err_deg: 2.824
Epoch: [4/23], Batch: 2310/2963, Loss: 152.818, Trans_L2_m: 0.742, Yaw_err_deg: 2.866
Epoch: [4/23], Batch: 2320/2963, Loss: 160.592, Trans_L2_m: 0.784, Yaw_err_deg: 2.669
Epoch: [4/23], Batch: 2330/2963, Loss: 255.611, Trans_L2_m: 0.757, Yaw_err_deg: 4.298
Epoch: [4/23], Batch: 2340/2963, Loss: 245.269, Trans_L2_m: 0.580, Yaw_err_deg: 3.921
Epoch: [4/23], Batch: 2350/2963, Loss: 166.614, Trans_L2_m: 0.587, Yaw_err_deg: 3.320
Epoch: [4/23], Batch: 2360/2963, Loss: 164.619, Trans_L2_m: 0.751, Yaw_err_deg: 2.920
Epoch: [4/23], Batch: 2370/2963, Loss: 169.367, Trans_L2_m: 0.668, Yaw_err_deg: 3.192
Epoch: [4/23], Batch: 2380/2963, Loss: 176.798, Trans_L2_m: 0.927, Yaw_err_deg: 3.448
Epoch: [4/23], Batch: 2390/2963, Loss: 167.840, Trans_L2_m: 0.780, Yaw_err_deg: 2.958
Epoch: [4/23], Batch: 2400/2963, Loss: 171.628, Trans_L2_m: 0.665, Yaw_err_deg: 2.876
Epoch: [4/23], Batch: 2410/2963, Loss: 190.748, Trans_L2_m: 0.864, Yaw_err_deg: 2.800
Epoch: [4/23], Batch: 2420/2963, Loss: 332.679, Trans_L2_m: 0.553, Yaw_err_deg: 3.819
Epoch: [4/23], Batch: 2430/2963, Loss: 179.229, Trans_L2_m: 0.957, Yaw_err_deg: 2.963
Epoch: [4/23], Batch: 2440/2963, Loss: 140.072, Trans_L2_m: 0.591, Yaw_err_deg: 2.565
Epoch: [4/23], Batch: 2450/2963, Loss: 204.115, Trans_L2_m: 0.662, Yaw_err_deg: 4.064
Epoch: [4/23], Batch: 2460/2963, Loss: 119.000, Trans_L2_m: 0.705, Yaw_err_deg: 1.946
Epoch: [4/23], Batch: 2470/2963, Loss: 385.580, Trans_L2_m: 0.764, Yaw_err_deg: 3.529
Epoch: [4/23], Batch: 2480/2963, Loss: 156.546, Trans_L2_m: 0.523, Yaw_err_deg: 3.078
Epoch: [4/23], Batch: 2490/2963, Loss: 262.743, Trans_L2_m: 0.803, Yaw_err_deg: 4.536
Epoch: [4/23], Batch: 2500/2963, Loss: 379.112, Trans_L2_m: 0.903, Yaw_err_deg: 4.869
Epoch: [4/23], Batch: 2510/2963, Loss: 329.232, Trans_L2_m: 0.631, Yaw_err_deg: 4.078
Epoch: [4/23], Batch: 2520/2963, Loss: 221.407, Trans_L2_m: 0.625, Yaw_err_deg: 3.809
Epoch: [4/23], Batch: 2530/2963, Loss: 189.138, Trans_L2_m: 0.892, Yaw_err_deg: 3.036
Epoch: [4/23], Batch: 2540/2963, Loss: 203.376, Trans_L2_m: 0.563, Yaw_err_deg: 3.463
Epoch: [4/23], Batch: 2550/2963, Loss: 85.160, Trans_L2_m: 0.617, Yaw_err_deg: 1.490
Epoch: [4/23], Batch: 2560/2963, Loss: 640.779, Trans_L2_m: 0.615, Yaw_err_deg: 5.628
Epoch: [4/23], Batch: 2570/2963, Loss: 373.564, Trans_L2_m: 0.770, Yaw_err_deg: 4.782
Epoch: [4/23], Batch: 2580/2963, Loss: 161.382, Trans_L2_m: 0.555, Yaw_err_deg: 2.656
Epoch: [4/23], Batch: 2590/2963, Loss: 148.980, Trans_L2_m: 0.757, Yaw_err_deg: 2.573
Epoch: [4/23], Batch: 2600/2963, Loss: 300.730, Trans_L2_m: 0.730, Yaw_err_deg: 5.207
Epoch: [4/23], Batch: 2610/2963, Loss: 238.753, Trans_L2_m: 0.987, Yaw_err_deg: 3.479
Epoch: [4/23], Batch: 2620/2963, Loss: 153.312, Trans_L2_m: 0.797, Yaw_err_deg: 2.289
Epoch: [4/23], Batch: 2630/2963, Loss: 190.352, Trans_L2_m: 1.580, Yaw_err_deg: 3.107
Epoch: [4/23], Batch: 2640/2963, Loss: 194.691, Trans_L2_m: 0.999, Yaw_err_deg: 3.502
Epoch: [4/23], Batch: 2650/2963, Loss: 215.596, Trans_L2_m: 0.817, Yaw_err_deg: 3.412
Epoch: [4/23], Batch: 2660/2963, Loss: 146.832, Trans_L2_m: 0.849, Yaw_err_deg: 3.084
Epoch: [4/23], Batch: 2670/2963, Loss: 181.939, Trans_L2_m: 0.853, Yaw_err_deg: 3.085
Epoch: [4/23], Batch: 2680/2963, Loss: 132.753, Trans_L2_m: 0.900, Yaw_err_deg: 1.927
Epoch: [4/23], Batch: 2690/2963, Loss: 147.138, Trans_L2_m: 0.722, Yaw_err_deg: 2.768
Epoch: [4/23], Batch: 2700/2963, Loss: 169.810, Trans_L2_m: 0.771, Yaw_err_deg: 3.454
Epoch: [4/23], Batch: 2710/2963, Loss: 121.743, Trans_L2_m: 0.764, Yaw_err_deg: 2.344
Epoch: [4/23], Batch: 2720/2963, Loss: 272.418, Trans_L2_m: 0.594, Yaw_err_deg: 3.499
Epoch: [4/23], Batch: 2730/2963, Loss: 118.547, Trans_L2_m: 0.913, Yaw_err_deg: 2.245
Epoch: [4/23], Batch: 2740/2963, Loss: 161.222, Trans_L2_m: 0.762, Yaw_err_deg: 2.588
Epoch: [4/23], Batch: 2750/2963, Loss: 190.019, Trans_L2_m: 0.773, Yaw_err_deg: 3.601
Epoch: [4/23], Batch: 2760/2963, Loss: 185.676, Trans_L2_m: 0.749, Yaw_err_deg: 3.490
Epoch: [4/23], Batch: 2770/2963, Loss: 185.234, Trans_L2_m: 0.644, Yaw_err_deg: 3.184
Epoch: [4/23], Batch: 2780/2963, Loss: 349.852, Trans_L2_m: 0.794, Yaw_err_deg: 5.475
Epoch: [4/23], Batch: 2790/2963, Loss: 234.549, Trans_L2_m: 0.582, Yaw_err_deg: 3.801
Epoch: [4/23], Batch: 2800/2963, Loss: 232.152, Trans_L2_m: 0.778, Yaw_err_deg: 4.394
Epoch: [4/23], Batch: 2810/2963, Loss: 129.933, Trans_L2_m: 0.604, Yaw_err_deg: 2.666
Epoch: [4/23], Batch: 2820/2963, Loss: 205.049, Trans_L2_m: 0.867, Yaw_err_deg: 3.835
Epoch: [4/23], Batch: 2830/2963, Loss: 192.325, Trans_L2_m: 0.667, Yaw_err_deg: 3.364
Epoch: [4/23], Batch: 2840/2963, Loss: 188.591, Trans_L2_m: 0.773, Yaw_err_deg: 3.154
Epoch: [4/23], Batch: 2850/2963, Loss: 328.916, Trans_L2_m: 0.641, Yaw_err_deg: 3.791
Epoch: [4/23], Batch: 2860/2963, Loss: 155.332, Trans_L2_m: 0.906, Yaw_err_deg: 2.958
Epoch: [4/23], Batch: 2870/2963, Loss: 336.858, Trans_L2_m: 0.729, Yaw_err_deg: 4.783
Epoch: [4/23], Batch: 2880/2963, Loss: 162.373, Trans_L2_m: 0.747, Yaw_err_deg: 3.209
Epoch: [4/23], Batch: 2890/2963, Loss: 157.203, Trans_L2_m: 0.744, Yaw_err_deg: 3.029
Epoch: [4/23], Batch: 2900/2963, Loss: 134.834, Trans_L2_m: 0.633, Yaw_err_deg: 2.729
Epoch: [4/23], Batch: 2910/2963, Loss: 198.947, Trans_L2_m: 0.631, Yaw_err_deg: 2.850
Epoch: [4/23], Batch: 2920/2963, Loss: 102.996, Trans_L2_m: 0.939, Yaw_err_deg: 1.439
Epoch: [4/23], Batch: 2930/2963, Loss: 125.369, Trans_L2_m: 0.695, Yaw_err_deg: 2.298
Epoch: [4/23], Batch: 2940/2963, Loss: 370.077, Trans_L2_m: 0.829, Yaw_err_deg: 4.165
Epoch: [4/23], Batch: 2950/2963, Loss: 135.057, Trans_L2_m: 0.791, Yaw_err_deg: 2.296
Epoch: [4/23], Batch: 2960/2963, Loss: 173.488, Trans_L2_m: 0.548, Yaw_err_deg: 3.305
Epoch: [5/23], Batch: 0/2963, Loss: 130.969, Trans_L2_m: 0.641, Yaw_err_deg: 2.372
Epoch: [5/23], Batch: 10/2963, Loss: 123.201, Trans_L2_m: 0.838, Yaw_err_deg: 2.271
Epoch: [5/23], Batch: 20/2963, Loss: 158.903, Trans_L2_m: 0.760, Yaw_err_deg: 2.349
Epoch: [5/23], Batch: 30/2963, Loss: 476.802, Trans_L2_m: 0.608, Yaw_err_deg: 3.268
Epoch: [5/23], Batch: 40/2963, Loss: 132.123, Trans_L2_m: 0.498, Yaw_err_deg: 2.987
Epoch: [5/23], Batch: 50/2963, Loss: 160.974, Trans_L2_m: 0.666, Yaw_err_deg: 3.463
Epoch: [5/23], Batch: 60/2963, Loss: 115.314, Trans_L2_m: 0.719, Yaw_err_deg: 1.996
Epoch: [5/23], Batch: 70/2963, Loss: 194.324, Trans_L2_m: 0.889, Yaw_err_deg: 3.239
Epoch: [5/23], Batch: 80/2963, Loss: 94.301, Trans_L2_m: 0.729, Yaw_err_deg: 1.507
Epoch: [5/23], Batch: 90/2963, Loss: 138.778, Trans_L2_m: 0.930, Yaw_err_deg: 2.158
Epoch: [5/23], Batch: 100/2963, Loss: 126.361, Trans_L2_m: 0.516, Yaw_err_deg: 2.186
Epoch: [5/23], Batch: 110/2963, Loss: 146.726, Trans_L2_m: 0.699, Yaw_err_deg: 2.936
Epoch: [5/23], Batch: 120/2963, Loss: 222.790, Trans_L2_m: 0.555, Yaw_err_deg: 3.787
Epoch: [5/23], Batch: 130/2963, Loss: 132.436, Trans_L2_m: 0.887, Yaw_err_deg: 2.137
Epoch: [5/23], Batch: 140/2963, Loss: 96.695, Trans_L2_m: 0.572, Yaw_err_deg: 1.775
Epoch: [5/23], Batch: 150/2963, Loss: 109.517, Trans_L2_m: 0.931, Yaw_err_deg: 1.659
Epoch: [5/23], Batch: 160/2963, Loss: 124.900, Trans_L2_m: 0.604, Yaw_err_deg: 2.287
Epoch: [5/23], Batch: 170/2963, Loss: 118.160, Trans_L2_m: 0.501, Yaw_err_deg: 2.374
Epoch: [5/23], Batch: 180/2963, Loss: 130.103, Trans_L2_m: 0.626, Yaw_err_deg: 2.796
Epoch: [5/23], Batch: 190/2963, Loss: 16662.746, Trans_L2_m: 0.827, Yaw_err_deg: 3.007
Epoch: [5/23], Batch: 200/2963, Loss: 177.818, Trans_L2_m: 0.568, Yaw_err_deg: 3.320
Epoch: [5/23], Batch: 210/2963, Loss: 197.328, Trans_L2_m: 0.702, Yaw_err_deg: 3.665
Epoch: [5/23], Batch: 220/2963, Loss: 181.045, Trans_L2_m: 0.819, Yaw_err_deg: 2.992
Epoch: [5/23], Batch: 230/2963, Loss: 163.184, Trans_L2_m: 0.763, Yaw_err_deg: 2.916
Epoch: [5/23], Batch: 240/2963, Loss: 94.692, Trans_L2_m: 0.677, Yaw_err_deg: 1.610
Epoch: [5/23], Batch: 250/2963, Loss: 101.929, Trans_L2_m: 0.657, Yaw_err_deg: 1.962
Epoch: [5/23], Batch: 260/2963, Loss: 97.368, Trans_L2_m: 0.915, Yaw_err_deg: 1.530
Epoch: [5/23], Batch: 270/2963, Loss: 135.765, Trans_L2_m: 0.758, Yaw_err_deg: 2.486
Epoch: [5/23], Batch: 280/2963, Loss: 220.131, Trans_L2_m: 0.783, Yaw_err_deg: 3.257
Epoch: [5/23], Batch: 290/2963, Loss: 119.391, Trans_L2_m: 0.681, Yaw_err_deg: 2.331
Epoch: [5/23], Batch: 300/2963, Loss: 123.473, Trans_L2_m: 0.517, Yaw_err_deg: 2.135
Epoch: [5/23], Batch: 310/2963, Loss: 117.969, Trans_L2_m: 0.729, Yaw_err_deg: 2.062
Epoch: [5/23], Batch: 320/2963, Loss: 181.315, Trans_L2_m: 0.495, Yaw_err_deg: 3.125
Epoch: [5/23], Batch: 330/2963, Loss: 119.290, Trans_L2_m: 0.806, Yaw_err_deg: 2.329
Epoch: [5/23], Batch: 340/2963, Loss: 202.339, Trans_L2_m: 0.743, Yaw_err_deg: 3.126
Epoch: [5/23], Batch: 350/2963, Loss: 121.575, Trans_L2_m: 0.583, Yaw_err_deg: 2.383
Epoch: [5/23], Batch: 360/2963, Loss: 189.552, Trans_L2_m: 0.595, Yaw_err_deg: 3.169
Epoch: [5/23], Batch: 370/2963, Loss: 121.874, Trans_L2_m: 0.527, Yaw_err_deg: 2.397
Epoch: [5/23], Batch: 380/2963, Loss: 160.314, Trans_L2_m: 0.834, Yaw_err_deg: 2.665
Epoch: [5/23], Batch: 390/2963, Loss: 178.556, Trans_L2_m: 0.611, Yaw_err_deg: 3.093
Epoch: [5/23], Batch: 400/2963, Loss: 126.317, Trans_L2_m: 0.825, Yaw_err_deg: 2.580
Epoch: [5/23], Batch: 410/2963, Loss: 208.970, Trans_L2_m: 0.579, Yaw_err_deg: 2.854
Epoch: [5/23], Batch: 420/2963, Loss: 130.429, Trans_L2_m: 0.470, Yaw_err_deg: 2.600
Epoch: [5/23], Batch: 430/2963, Loss: 256.070, Trans_L2_m: 0.548, Yaw_err_deg: 3.823
Epoch: [5/23], Batch: 440/2963, Loss: 124.235, Trans_L2_m: 0.647, Yaw_err_deg: 2.450
Epoch: [5/23], Batch: 450/2963, Loss: 122.884, Trans_L2_m: 0.827, Yaw_err_deg: 2.371
Epoch: [5/23], Batch: 460/2963, Loss: 296.802, Trans_L2_m: 0.750, Yaw_err_deg: 5.464
Epoch: [5/23], Batch: 470/2963, Loss: 124.901, Trans_L2_m: 0.704, Yaw_err_deg: 2.707
Epoch: [5/23], Batch: 480/2963, Loss: 104.079, Trans_L2_m: 1.035, Yaw_err_deg: 1.743
Epoch: [5/23], Batch: 490/2963, Loss: 171.245, Trans_L2_m: 0.735, Yaw_err_deg: 3.571
Epoch: [5/23], Batch: 500/2963, Loss: 136.989, Trans_L2_m: 0.662, Yaw_err_deg: 2.716
Epoch: [5/23], Batch: 510/2963, Loss: 183.085, Trans_L2_m: 0.786, Yaw_err_deg: 3.260
Epoch: [5/23], Batch: 520/2963, Loss: 110.287, Trans_L2_m: 0.585, Yaw_err_deg: 2.140
Epoch: [5/23], Batch: 530/2963, Loss: 152.117, Trans_L2_m: 0.568, Yaw_err_deg: 2.330
Epoch: [5/23], Batch: 540/2963, Loss: 122.768, Trans_L2_m: 0.799, Yaw_err_deg: 1.872
Epoch: [5/23], Batch: 550/2963, Loss: 182.108, Trans_L2_m: 0.580, Yaw_err_deg: 3.372
Epoch: [5/23], Batch: 560/2963, Loss: 163.081, Trans_L2_m: 0.597, Yaw_err_deg: 3.010
Epoch: [5/23], Batch: 570/2963, Loss: 154.016, Trans_L2_m: 0.665, Yaw_err_deg: 2.815
Epoch: [5/23], Batch: 580/2963, Loss: 135.545, Trans_L2_m: 0.492, Yaw_err_deg: 2.881
Epoch: [5/23], Batch: 590/2963, Loss: 140.938, Trans_L2_m: 0.726, Yaw_err_deg: 2.330
Epoch: [5/23], Batch: 600/2963, Loss: 120.979, Trans_L2_m: 0.903, Yaw_err_deg: 2.068
Epoch: [5/23], Batch: 610/2963, Loss: 131.702, Trans_L2_m: 0.845, Yaw_err_deg: 2.780
Epoch: [5/23], Batch: 620/2963, Loss: 203.721, Trans_L2_m: 0.606, Yaw_err_deg: 4.323
Epoch: [5/23], Batch: 630/2963, Loss: 167.841, Trans_L2_m: 0.600, Yaw_err_deg: 2.611
Epoch: [5/23], Batch: 640/2963, Loss: 509.772, Trans_L2_m: 0.538, Yaw_err_deg: 4.110
Epoch: [5/23], Batch: 650/2963, Loss: 132.037, Trans_L2_m: 0.529, Yaw_err_deg: 2.783
Epoch: [5/23], Batch: 660/2963, Loss: 223.936, Trans_L2_m: 0.748, Yaw_err_deg: 3.700
Epoch: [5/23], Batch: 670/2963, Loss: 120.303, Trans_L2_m: 0.888, Yaw_err_deg: 2.639
Epoch: [5/23], Batch: 680/2963, Loss: 216.478, Trans_L2_m: 0.742, Yaw_err_deg: 3.276
Epoch: [5/23], Batch: 690/2963, Loss: 303.459, Trans_L2_m: 0.960, Yaw_err_deg: 3.898
Epoch: [5/23], Batch: 700/2963, Loss: 407.076, Trans_L2_m: 0.765, Yaw_err_deg: 5.394
Epoch: [5/23], Batch: 710/2963, Loss: 343.800, Trans_L2_m: 0.675, Yaw_err_deg: 3.936
Epoch: [5/23], Batch: 720/2963, Loss: 180.062, Trans_L2_m: 0.927, Yaw_err_deg: 3.000
Epoch: [5/23], Batch: 730/2963, Loss: 200.407, Trans_L2_m: 0.820, Yaw_err_deg: 3.529
Epoch: [5/23], Batch: 740/2963, Loss: 124.985, Trans_L2_m: 0.600, Yaw_err_deg: 2.762
Epoch: [5/23], Batch: 750/2963, Loss: 112.097, Trans_L2_m: 0.643, Yaw_err_deg: 2.285
Epoch: [5/23], Batch: 760/2963, Loss: 139.682, Trans_L2_m: 0.497, Yaw_err_deg: 3.000
Epoch: [5/23], Batch: 770/2963, Loss: 158.061, Trans_L2_m: 0.824, Yaw_err_deg: 2.696
Epoch: [5/23], Batch: 780/2963, Loss: 146.942, Trans_L2_m: 0.901, Yaw_err_deg: 2.680
Epoch: [5/23], Batch: 790/2963, Loss: 220.188, Trans_L2_m: 0.670, Yaw_err_deg: 4.097
Epoch: [5/23], Batch: 800/2963, Loss: 192.194, Trans_L2_m: 0.730, Yaw_err_deg: 3.759
Epoch: [5/23], Batch: 810/2963, Loss: 268.683, Trans_L2_m: 0.721, Yaw_err_deg: 3.458
Epoch: [5/23], Batch: 820/2963, Loss: 119.832, Trans_L2_m: 0.801, Yaw_err_deg: 2.216
Epoch: [5/23], Batch: 830/2963, Loss: 135.796, Trans_L2_m: 0.777, Yaw_err_deg: 2.158
Epoch: [5/23], Batch: 840/2963, Loss: 104.323, Trans_L2_m: 0.612, Yaw_err_deg: 2.160
Epoch: [5/23], Batch: 850/2963, Loss: 163.543, Trans_L2_m: 0.564, Yaw_err_deg: 3.066
Epoch: [5/23], Batch: 860/2963, Loss: 235.976, Trans_L2_m: 0.996, Yaw_err_deg: 3.433
Epoch: [5/23], Batch: 870/2963, Loss: 255.058, Trans_L2_m: 0.655, Yaw_err_deg: 4.462
Epoch: [5/23], Batch: 880/2963, Loss: 182.002, Trans_L2_m: 0.646, Yaw_err_deg: 3.282
Epoch: [5/23], Batch: 890/2963, Loss: 137.034, Trans_L2_m: 0.670, Yaw_err_deg: 2.420
Epoch: [5/23], Batch: 900/2963, Loss: 262.524, Trans_L2_m: 0.588, Yaw_err_deg: 3.699
Epoch: [5/23], Batch: 910/2963, Loss: 192.378, Trans_L2_m: 0.706, Yaw_err_deg: 3.219
Epoch: [5/23], Batch: 920/2963, Loss: 167.573, Trans_L2_m: 0.694, Yaw_err_deg: 3.010
Epoch: [5/23], Batch: 930/2963, Loss: 198.200, Trans_L2_m: 0.691, Yaw_err_deg: 3.635
Epoch: [5/23], Batch: 940/2963, Loss: 125.115, Trans_L2_m: 0.492, Yaw_err_deg: 2.580
Epoch: [5/23], Batch: 950/2963, Loss: 309.300, Trans_L2_m: 0.681, Yaw_err_deg: 4.346
Epoch: [5/23], Batch: 960/2963, Loss: 116.557, Trans_L2_m: 0.654, Yaw_err_deg: 2.155
Epoch: [5/23], Batch: 970/2963, Loss: 109.803, Trans_L2_m: 0.791, Yaw_err_deg: 2.389
Epoch: [5/23], Batch: 980/2963, Loss: 184.928, Trans_L2_m: 0.827, Yaw_err_deg: 2.930
Epoch: [5/23], Batch: 990/2963, Loss: 96.709, Trans_L2_m: 0.988, Yaw_err_deg: 1.810
Epoch: [5/23], Batch: 1000/2963, Loss: 126.882, Trans_L2_m: 0.593, Yaw_err_deg: 2.588
Epoch: [5/23], Batch: 1010/2963, Loss: 225.065, Trans_L2_m: 0.585, Yaw_err_deg: 3.382
Epoch: [5/23], Batch: 1020/2963, Loss: 162.594, Trans_L2_m: 0.731, Yaw_err_deg: 2.683
Epoch: [5/23], Batch: 1030/2963, Loss: 165.129, Trans_L2_m: 0.496, Yaw_err_deg: 2.839
Epoch: [5/23], Batch: 1040/2963, Loss: 94.152, Trans_L2_m: 0.505, Yaw_err_deg: 2.004
Epoch: [5/23], Batch: 1050/2963, Loss: 150.274, Trans_L2_m: 0.741, Yaw_err_deg: 2.973
Epoch: [5/23], Batch: 1060/2963, Loss: 148.077, Trans_L2_m: 0.609, Yaw_err_deg: 2.911
Epoch: [5/23], Batch: 1070/2963, Loss: 112.049, Trans_L2_m: 0.552, Yaw_err_deg: 2.152
Epoch: [5/23], Batch: 1080/2963, Loss: 341.954, Trans_L2_m: 0.603, Yaw_err_deg: 3.682
Epoch: [5/23], Batch: 1090/2963, Loss: 95.054, Trans_L2_m: 0.674, Yaw_err_deg: 1.556
Epoch: [5/23], Batch: 1100/2963, Loss: 153.489, Trans_L2_m: 0.653, Yaw_err_deg: 2.584
Epoch: [5/23], Batch: 1110/2963, Loss: 120.555, Trans_L2_m: 0.752, Yaw_err_deg: 2.339
Epoch: [5/23], Batch: 1120/2963, Loss: 251.482, Trans_L2_m: 0.705, Yaw_err_deg: 4.276
Epoch: [5/23], Batch: 1130/2963, Loss: 133.082, Trans_L2_m: 0.762, Yaw_err_deg: 2.751
Epoch: [5/23], Batch: 1140/2963, Loss: 129.392, Trans_L2_m: 0.751, Yaw_err_deg: 2.689
Epoch: [5/23], Batch: 1150/2963, Loss: 191.986, Trans_L2_m: 0.477, Yaw_err_deg: 2.570
Epoch: [5/23], Batch: 1160/2963, Loss: 218.778, Trans_L2_m: 0.762, Yaw_err_deg: 3.579
Epoch: [5/23], Batch: 1170/2963, Loss: 98.285, Trans_L2_m: 0.691, Yaw_err_deg: 1.814
Epoch: [5/23], Batch: 1180/2963, Loss: 103.799, Trans_L2_m: 0.478, Yaw_err_deg: 2.090
Epoch: [5/23], Batch: 1190/2963, Loss: 164.830, Trans_L2_m: 0.779, Yaw_err_deg: 3.125
Epoch: [5/23], Batch: 1200/2963, Loss: 207.162, Trans_L2_m: 0.879, Yaw_err_deg: 3.394
Epoch: [5/23], Batch: 1210/2963, Loss: 110.325, Trans_L2_m: 0.462, Yaw_err_deg: 2.202
Epoch: [5/23], Batch: 1220/2963, Loss: 127.830, Trans_L2_m: 0.680, Yaw_err_deg: 2.341
Epoch: [5/23], Batch: 1230/2963, Loss: 107.491, Trans_L2_m: 0.725, Yaw_err_deg: 2.136
Epoch: [5/23], Batch: 1240/2963, Loss: 116.812, Trans_L2_m: 0.834, Yaw_err_deg: 2.052
Epoch: [5/23], Batch: 1250/2963, Loss: 114.640, Trans_L2_m: 0.726, Yaw_err_deg: 1.943
Epoch: [5/23], Batch: 1260/2963, Loss: 240.550, Trans_L2_m: 1.018, Yaw_err_deg: 4.031
Epoch: [5/23], Batch: 1270/2963, Loss: 88.153, Trans_L2_m: 0.554, Yaw_err_deg: 1.641
Epoch: [5/23], Batch: 1280/2963, Loss: 156.032, Trans_L2_m: 0.683, Yaw_err_deg: 2.967
Epoch: [5/23], Batch: 1290/2963, Loss: 168.383, Trans_L2_m: 0.908, Yaw_err_deg: 3.087
Epoch: [5/23], Batch: 1300/2963, Loss: 119.546, Trans_L2_m: 0.849, Yaw_err_deg: 1.953
Epoch: [5/23], Batch: 1310/2963, Loss: 129.863, Trans_L2_m: 0.509, Yaw_err_deg: 2.350
Epoch: [5/23], Batch: 1320/2963, Loss: 214.293, Trans_L2_m: 1.048, Yaw_err_deg: 3.992
Epoch: [5/23], Batch: 1330/2963, Loss: 137.869, Trans_L2_m: 0.533, Yaw_err_deg: 2.876
Epoch: [5/23], Batch: 1340/2963, Loss: 200.921, Trans_L2_m: 0.743, Yaw_err_deg: 3.973
Epoch: [5/23], Batch: 1350/2963, Loss: 192.848, Trans_L2_m: 0.763, Yaw_err_deg: 3.753
Epoch: [5/23], Batch: 1360/2963, Loss: 126.419, Trans_L2_m: 0.820, Yaw_err_deg: 2.226
Epoch: [5/23], Batch: 1370/2963, Loss: 312.803, Trans_L2_m: 0.737, Yaw_err_deg: 4.691
Epoch: [5/23], Batch: 1380/2963, Loss: 589.049, Trans_L2_m: 0.762, Yaw_err_deg: 5.406
Epoch: [5/23], Batch: 1390/2963, Loss: 193.945, Trans_L2_m: 0.606, Yaw_err_deg: 3.949
Epoch: [5/23], Batch: 1400/2963, Loss: 97.565, Trans_L2_m: 0.728, Yaw_err_deg: 1.696
Epoch: [5/23], Batch: 1410/2963, Loss: 93.753, Trans_L2_m: 0.540, Yaw_err_deg: 1.758
Epoch: [5/23], Batch: 1420/2963, Loss: 106.288, Trans_L2_m: 0.774, Yaw_err_deg: 1.899
Epoch: [5/23], Batch: 1430/2963, Loss: 118.061, Trans_L2_m: 0.843, Yaw_err_deg: 2.048
Epoch: [5/23], Batch: 1440/2963, Loss: 115.115, Trans_L2_m: 0.882, Yaw_err_deg: 1.927
Epoch: [5/23], Batch: 1450/2963, Loss: 102.010, Trans_L2_m: 0.662, Yaw_err_deg: 2.019
Epoch: [5/23], Batch: 1460/2963, Loss: 141.234, Trans_L2_m: 0.674, Yaw_err_deg: 2.956
Epoch: [5/23], Batch: 1470/2963, Loss: 96.889, Trans_L2_m: 0.799, Yaw_err_deg: 1.608
Epoch: [5/23], Batch: 1480/2963, Loss: 120.977, Trans_L2_m: 1.032, Yaw_err_deg: 1.527
Epoch: [5/23], Batch: 1490/2963, Loss: 157.031, Trans_L2_m: 0.579, Yaw_err_deg: 2.790
Epoch: [5/23], Batch: 1500/2963, Loss: 139.089, Trans_L2_m: 0.744, Yaw_err_deg: 2.438
Epoch: [5/23], Batch: 1510/2963, Loss: 144.276, Trans_L2_m: 0.760, Yaw_err_deg: 2.563
Epoch: [5/23], Batch: 1520/2963, Loss: 160.755, Trans_L2_m: 0.585, Yaw_err_deg: 3.364
Epoch: [5/23], Batch: 1530/2963, Loss: 92.321, Trans_L2_m: 0.571, Yaw_err_deg: 1.767
Epoch: [5/23], Batch: 1540/2963, Loss: 138.764, Trans_L2_m: 0.692, Yaw_err_deg: 2.311
Epoch: [5/23], Batch: 1550/2963, Loss: 186.834, Trans_L2_m: 1.031, Yaw_err_deg: 2.887
Epoch: [5/23], Batch: 1560/2963, Loss: 130.545, Trans_L2_m: 0.618, Yaw_err_deg: 3.070
Epoch: [5/23], Batch: 1570/2963, Loss: 203.918, Trans_L2_m: 0.938, Yaw_err_deg: 3.725
Epoch: [5/23], Batch: 1580/2963, Loss: 95.194, Trans_L2_m: 0.983, Yaw_err_deg: 1.678
Epoch: [5/23], Batch: 1590/2963, Loss: 188.765, Trans_L2_m: 1.034, Yaw_err_deg: 3.153
Epoch: [5/23], Batch: 1600/2963, Loss: 174.173, Trans_L2_m: 0.816, Yaw_err_deg: 2.905
Epoch: [5/23], Batch: 1610/2963, Loss: 143.594, Trans_L2_m: 0.735, Yaw_err_deg: 2.721
Epoch: [5/23], Batch: 1620/2963, Loss: 126.634, Trans_L2_m: 0.650, Yaw_err_deg: 2.619
Epoch: [5/23], Batch: 1630/2963, Loss: 207.919, Trans_L2_m: 0.751, Yaw_err_deg: 3.732
Epoch: [5/23], Batch: 1640/2963, Loss: 132.196, Trans_L2_m: 0.582, Yaw_err_deg: 2.340
Epoch: [5/23], Batch: 1650/2963, Loss: 94.835, Trans_L2_m: 0.586, Yaw_err_deg: 1.688
Epoch: [5/23], Batch: 1660/2963, Loss: 107.039, Trans_L2_m: 0.825, Yaw_err_deg: 1.873
Epoch: [5/23], Batch: 1670/2963, Loss: 159.866, Trans_L2_m: 0.553, Yaw_err_deg: 2.762
Epoch: [5/23], Batch: 1680/2963, Loss: 181.321, Trans_L2_m: 0.870, Yaw_err_deg: 3.168
Epoch: [5/23], Batch: 1690/2963, Loss: 120.599, Trans_L2_m: 0.729, Yaw_err_deg: 2.452
Epoch: [5/23], Batch: 1700/2963, Loss: 250.324, Trans_L2_m: 0.619, Yaw_err_deg: 3.034
Epoch: [5/23], Batch: 1710/2963, Loss: 126.737, Trans_L2_m: 0.590, Yaw_err_deg: 2.936
Epoch: [5/23], Batch: 1720/2963, Loss: 130.736, Trans_L2_m: 0.621, Yaw_err_deg: 2.897
Epoch: [5/23], Batch: 1730/2963, Loss: 118.056, Trans_L2_m: 0.539, Yaw_err_deg: 1.935
Epoch: [5/23], Batch: 1740/2963, Loss: 131.195, Trans_L2_m: 0.447, Yaw_err_deg: 2.760
Epoch: [5/23], Batch: 1750/2963, Loss: 145.416, Trans_L2_m: 0.820, Yaw_err_deg: 2.333
Epoch: [5/23], Batch: 1760/2963, Loss: 94.268, Trans_L2_m: 0.696, Yaw_err_deg: 1.957
Epoch: [5/23], Batch: 1770/2963, Loss: 120.278, Trans_L2_m: 0.803, Yaw_err_deg: 2.513
Epoch: [5/23], Batch: 1780/2963, Loss: 181.071, Trans_L2_m: 0.573, Yaw_err_deg: 3.736
Epoch: [5/23], Batch: 1790/2963, Loss: 106.700, Trans_L2_m: 0.511, Yaw_err_deg: 2.409
Epoch: [5/23], Batch: 1800/2963, Loss: 167.065, Trans_L2_m: 0.666, Yaw_err_deg: 3.350
Epoch: [5/23], Batch: 1810/2963, Loss: 145.269, Trans_L2_m: 0.767, Yaw_err_deg: 2.681
Epoch: [5/23], Batch: 1820/2963, Loss: 118.185, Trans_L2_m: 0.535, Yaw_err_deg: 2.537
Epoch: [5/23], Batch: 1830/2963, Loss: 245.555, Trans_L2_m: 0.661, Yaw_err_deg: 3.614
Epoch: [5/23], Batch: 1840/2963, Loss: 106.868, Trans_L2_m: 0.578, Yaw_err_deg: 2.087
Epoch: [5/23], Batch: 1850/2963, Loss: 156.887, Trans_L2_m: 0.906, Yaw_err_deg: 2.768
Epoch: [5/23], Batch: 1860/2963, Loss: 117.634, Trans_L2_m: 0.709, Yaw_err_deg: 2.464
Epoch: [5/23], Batch: 1870/2963, Loss: 1882.857, Trans_L2_m: 0.621, Yaw_err_deg: 2.221
Epoch: [5/23], Batch: 1880/2963, Loss: 438.220, Trans_L2_m: 0.658, Yaw_err_deg: 4.742
Epoch: [5/23], Batch: 1890/2963, Loss: 188.967, Trans_L2_m: 0.759, Yaw_err_deg: 3.369
Epoch: [5/23], Batch: 1900/2963, Loss: 131.875, Trans_L2_m: 0.791, Yaw_err_deg: 2.461
Epoch: [5/23], Batch: 1910/2963, Loss: 89.094, Trans_L2_m: 0.688, Yaw_err_deg: 1.753
Epoch: [5/23], Batch: 1920/2963, Loss: 258.926, Trans_L2_m: 0.638, Yaw_err_deg: 4.378
Epoch: [5/23], Batch: 1930/2963, Loss: 122.114, Trans_L2_m: 0.684, Yaw_err_deg: 2.441
Epoch: [5/23], Batch: 1940/2963, Loss: 162.987, Trans_L2_m: 0.725, Yaw_err_deg: 3.086
Epoch: [5/23], Batch: 1950/2963, Loss: 115.395, Trans_L2_m: 0.602, Yaw_err_deg: 2.130
Epoch: [5/23], Batch: 1960/2963, Loss: 112.722, Trans_L2_m: 0.656, Yaw_err_deg: 2.256
Epoch: [5/23], Batch: 1970/2963, Loss: 98.131, Trans_L2_m: 0.652, Yaw_err_deg: 1.525
Epoch: [5/23], Batch: 1980/2963, Loss: 106.108, Trans_L2_m: 0.661, Yaw_err_deg: 1.941
Epoch: [5/23], Batch: 1990/2963, Loss: 134.261, Trans_L2_m: 0.553, Yaw_err_deg: 2.615
Epoch: [5/23], Batch: 2000/2963, Loss: 93.275, Trans_L2_m: 0.384, Yaw_err_deg: 1.607
Epoch: [5/23], Batch: 2010/2963, Loss: 420.078, Trans_L2_m: 0.744, Yaw_err_deg: 4.185
Epoch: [5/23], Batch: 2020/2963, Loss: 133.342, Trans_L2_m: 0.498, Yaw_err_deg: 2.406
Epoch: [5/23], Batch: 2030/2963, Loss: 95.379, Trans_L2_m: 0.692, Yaw_err_deg: 1.690
Epoch: [5/23], Batch: 2040/2963, Loss: 190.044, Trans_L2_m: 0.687, Yaw_err_deg: 2.600
Epoch: [5/23], Batch: 2050/2963, Loss: 199.132, Trans_L2_m: 0.780, Yaw_err_deg: 3.368
Epoch: [5/23], Batch: 2060/2963, Loss: 123.486, Trans_L2_m: 0.569, Yaw_err_deg: 2.584
Epoch: [5/23], Batch: 2070/2963, Loss: 136.738, Trans_L2_m: 0.671, Yaw_err_deg: 2.178
Epoch: [5/23], Batch: 2080/2963, Loss: 129.043, Trans_L2_m: 0.566, Yaw_err_deg: 2.266
Epoch: [5/23], Batch: 2090/2963, Loss: 117.990, Trans_L2_m: 0.815, Yaw_err_deg: 2.173
Epoch: [5/23], Batch: 2100/2963, Loss: 120.391, Trans_L2_m: 0.741, Yaw_err_deg: 1.946
Epoch: [5/23], Batch: 2110/2963, Loss: 212.894, Trans_L2_m: 0.705, Yaw_err_deg: 3.744
Epoch: [5/23], Batch: 2120/2963, Loss: 141.015, Trans_L2_m: 0.737, Yaw_err_deg: 3.014
Epoch: [5/23], Batch: 2130/2963, Loss: 123.531, Trans_L2_m: 0.660, Yaw_err_deg: 2.261
Epoch: [5/23], Batch: 2140/2963, Loss: 126.424, Trans_L2_m: 0.698, Yaw_err_deg: 2.400
Epoch: [5/23], Batch: 2150/2963, Loss: 175.270, Trans_L2_m: 0.668, Yaw_err_deg: 3.600
Epoch: [5/23], Batch: 2160/2963, Loss: 105.599, Trans_L2_m: 0.667, Yaw_err_deg: 2.123
Epoch: [5/23], Batch: 2170/2963, Loss: 135.645, Trans_L2_m: 0.840, Yaw_err_deg: 2.453
Epoch: [5/23], Batch: 2180/2963, Loss: 118.979, Trans_L2_m: 0.583, Yaw_err_deg: 2.066
Epoch: [5/23], Batch: 2190/2963, Loss: 130.247, Trans_L2_m: 0.734, Yaw_err_deg: 2.711
Epoch: [5/23], Batch: 2200/2963, Loss: 127.333, Trans_L2_m: 0.594, Yaw_err_deg: 2.533
Epoch: [5/23], Batch: 2210/2963, Loss: 111.233, Trans_L2_m: 0.675, Yaw_err_deg: 2.532
Epoch: [5/23], Batch: 2220/2963, Loss: 98.529, Trans_L2_m: 0.718, Yaw_err_deg: 1.886
Epoch: [5/23], Batch: 2230/2963, Loss: 144.926, Trans_L2_m: 0.798, Yaw_err_deg: 3.295
Epoch: [5/23], Batch: 2240/2963, Loss: 96.335, Trans_L2_m: 0.591, Yaw_err_deg: 1.922
Epoch: [5/23], Batch: 2250/2963, Loss: 202.938, Trans_L2_m: 0.685, Yaw_err_deg: 3.932
Epoch: [5/23], Batch: 2260/2963, Loss: 119.843, Trans_L2_m: 0.706, Yaw_err_deg: 2.391
Epoch: [5/23], Batch: 2270/2963, Loss: 97.567, Trans_L2_m: 0.658, Yaw_err_deg: 1.746
Epoch: [5/23], Batch: 2280/2963, Loss: 98.918, Trans_L2_m: 0.799, Yaw_err_deg: 1.778
Epoch: [5/23], Batch: 2290/2963, Loss: 90.693, Trans_L2_m: 0.489, Yaw_err_deg: 1.658
Epoch: [5/23], Batch: 2300/2963, Loss: 149.604, Trans_L2_m: 0.868, Yaw_err_deg: 2.755
Epoch: [5/23], Batch: 2310/2963, Loss: 213.640, Trans_L2_m: 0.786, Yaw_err_deg: 4.258
Epoch: [5/23], Batch: 2320/2963, Loss: 112.188, Trans_L2_m: 0.735, Yaw_err_deg: 2.312
Epoch: [5/23], Batch: 2330/2963, Loss: 135.664, Trans_L2_m: 0.577, Yaw_err_deg: 3.221
Epoch: [5/23], Batch: 2340/2963, Loss: 165.181, Trans_L2_m: 0.551, Yaw_err_deg: 3.578
Epoch: [5/23], Batch: 2350/2963, Loss: 142.798, Trans_L2_m: 0.666, Yaw_err_deg: 2.655
Epoch: [5/23], Batch: 2360/2963, Loss: 167.187, Trans_L2_m: 0.561, Yaw_err_deg: 2.564
Epoch: [5/23], Batch: 2370/2963, Loss: 112.715, Trans_L2_m: 0.724, Yaw_err_deg: 2.305
Epoch: [5/23], Batch: 2380/2963, Loss: 247.368, Trans_L2_m: 0.510, Yaw_err_deg: 3.509
Epoch: [5/23], Batch: 2390/2963, Loss: 172.842, Trans_L2_m: 0.712, Yaw_err_deg: 3.152
Epoch: [5/23], Batch: 2400/2963, Loss: 107.758, Trans_L2_m: 0.732, Yaw_err_deg: 1.800
Epoch: [5/23], Batch: 2410/2963, Loss: 101.566, Trans_L2_m: 0.710, Yaw_err_deg: 2.010
Epoch: [5/23], Batch: 2420/2963, Loss: 198.625, Trans_L2_m: 0.697, Yaw_err_deg: 3.605
Epoch: [5/23], Batch: 2430/2963, Loss: 693.081, Trans_L2_m: 0.546, Yaw_err_deg: 5.539
Epoch: [5/23], Batch: 2440/2963, Loss: 155.597, Trans_L2_m: 0.629, Yaw_err_deg: 2.317
Epoch: [5/23], Batch: 2450/2963, Loss: 152.416, Trans_L2_m: 0.609, Yaw_err_deg: 2.757
Epoch: [5/23], Batch: 2460/2963, Loss: 166.546, Trans_L2_m: 0.667, Yaw_err_deg: 2.780
Epoch: [5/23], Batch: 2470/2963, Loss: 176.026, Trans_L2_m: 0.982, Yaw_err_deg: 2.973
Epoch: [5/23], Batch: 2480/2963, Loss: 90.220, Trans_L2_m: 0.767, Yaw_err_deg: 2.011
Epoch: [5/23], Batch: 2490/2963, Loss: 115.444, Trans_L2_m: 0.845, Yaw_err_deg: 2.147
Epoch: [5/23], Batch: 2500/2963, Loss: 352.484, Trans_L2_m: 0.741, Yaw_err_deg: 4.944
Epoch: [5/23], Batch: 2510/2963, Loss: 106.373, Trans_L2_m: 0.738, Yaw_err_deg: 2.029
Epoch: [5/23], Batch: 2520/2963, Loss: 113.274, Trans_L2_m: 0.672, Yaw_err_deg: 2.256
Epoch: [5/23], Batch: 2530/2963, Loss: 138.588, Trans_L2_m: 0.879, Yaw_err_deg: 2.430
Epoch: [5/23], Batch: 2540/2963, Loss: 106.926, Trans_L2_m: 0.684, Yaw_err_deg: 1.673
Epoch: [5/23], Batch: 2550/2963, Loss: 465.307, Trans_L2_m: 0.606, Yaw_err_deg: 5.029
Epoch: [5/23], Batch: 2560/2963, Loss: 146.094, Trans_L2_m: 0.452, Yaw_err_deg: 2.884
Epoch: [5/23], Batch: 2570/2963, Loss: 922.731, Trans_L2_m: 0.670, Yaw_err_deg: 2.420
Epoch: [5/23], Batch: 2580/2963, Loss: 108.330, Trans_L2_m: 0.657, Yaw_err_deg: 1.813
Epoch: [5/23], Batch: 2590/2963, Loss: 125.255, Trans_L2_m: 0.678, Yaw_err_deg: 2.430
Epoch: [5/23], Batch: 2600/2963, Loss: 97.805, Trans_L2_m: 0.714, Yaw_err_deg: 1.604
Epoch: [5/23], Batch: 2610/2963, Loss: 136.059, Trans_L2_m: 0.836, Yaw_err_deg: 1.948
Epoch: [5/23], Batch: 2620/2963, Loss: 81.666, Trans_L2_m: 0.614, Yaw_err_deg: 1.408
Epoch: [5/23], Batch: 2630/2963, Loss: 110.507, Trans_L2_m: 0.460, Yaw_err_deg: 2.090
Epoch: [5/23], Batch: 2640/2963, Loss: 108.659, Trans_L2_m: 0.832, Yaw_err_deg: 1.965
Epoch: [5/23], Batch: 2650/2963, Loss: 176.323, Trans_L2_m: 0.668, Yaw_err_deg: 3.273
Epoch: [5/23], Batch: 2660/2963, Loss: 161.060, Trans_L2_m: 0.732, Yaw_err_deg: 3.112
Epoch: [5/23], Batch: 2670/2963, Loss: 270.335, Trans_L2_m: 0.412, Yaw_err_deg: 4.176
Epoch: [5/23], Batch: 2680/2963, Loss: 187.325, Trans_L2_m: 0.842, Yaw_err_deg: 3.122
Epoch: [5/23], Batch: 2690/2963, Loss: 165.404, Trans_L2_m: 0.658, Yaw_err_deg: 2.704
Epoch: [5/23], Batch: 2700/2963, Loss: 79.481, Trans_L2_m: 0.569, Yaw_err_deg: 1.613
Epoch: [5/23], Batch: 2710/2963, Loss: 114.558, Trans_L2_m: 0.855, Yaw_err_deg: 2.270
Epoch: [5/23], Batch: 2720/2963, Loss: 150.239, Trans_L2_m: 0.629, Yaw_err_deg: 3.340
Epoch: [5/23], Batch: 2730/2963, Loss: 200.558, Trans_L2_m: 0.724, Yaw_err_deg: 3.467
Epoch: [5/23], Batch: 2740/2963, Loss: 107.115, Trans_L2_m: 0.692, Yaw_err_deg: 2.250
Epoch: [5/23], Batch: 2750/2963, Loss: 89.103, Trans_L2_m: 0.520, Yaw_err_deg: 2.048
Epoch: [5/23], Batch: 2760/2963, Loss: 211.507, Trans_L2_m: 0.544, Yaw_err_deg: 3.644
Epoch: [5/23], Batch: 2770/2963, Loss: 132.835, Trans_L2_m: 0.980, Yaw_err_deg: 2.393
Epoch: [5/23], Batch: 2780/2963, Loss: 142.129, Trans_L2_m: 0.760, Yaw_err_deg: 1.954
Epoch: [5/23], Batch: 2790/2963, Loss: 541.246, Trans_L2_m: 0.762, Yaw_err_deg: 4.374
Epoch: [5/23], Batch: 2800/2963, Loss: 174.761, Trans_L2_m: 0.819, Yaw_err_deg: 2.896
Epoch: [5/23], Batch: 2810/2963, Loss: 96.305, Trans_L2_m: 0.574, Yaw_err_deg: 1.611
Epoch: [5/23], Batch: 2820/2963, Loss: 160.536, Trans_L2_m: 0.716, Yaw_err_deg: 3.425
Epoch: [5/23], Batch: 2830/2963, Loss: 139.587, Trans_L2_m: 0.717, Yaw_err_deg: 2.414
Epoch: [5/23], Batch: 2840/2963, Loss: 157.927, Trans_L2_m: 0.699, Yaw_err_deg: 2.812
Epoch: [5/23], Batch: 2850/2963, Loss: 124.792, Trans_L2_m: 0.562, Yaw_err_deg: 2.525
Epoch: [5/23], Batch: 2860/2963, Loss: 108.669, Trans_L2_m: 0.743, Yaw_err_deg: 2.204
Epoch: [5/23], Batch: 2870/2963, Loss: 128.359, Trans_L2_m: 0.707, Yaw_err_deg: 2.309
Epoch: [5/23], Batch: 2880/2963, Loss: 89.210, Trans_L2_m: 0.661, Yaw_err_deg: 1.689
Epoch: [5/23], Batch: 2890/2963, Loss: 105.578, Trans_L2_m: 0.476, Yaw_err_deg: 2.066
Epoch: [5/23], Batch: 2900/2963, Loss: 176.377, Trans_L2_m: 0.684, Yaw_err_deg: 3.232
Epoch: [5/23], Batch: 2910/2963, Loss: 125.825, Trans_L2_m: 0.678, Yaw_err_deg: 2.179
Epoch: [5/23], Batch: 2920/2963, Loss: 97.016, Trans_L2_m: 0.663, Yaw_err_deg: 2.207
Epoch: [5/23], Batch: 2930/2963, Loss: 109.129, Trans_L2_m: 0.765, Yaw_err_deg: 2.544
Epoch: [5/23], Batch: 2940/2963, Loss: 87.446, Trans_L2_m: 0.594, Yaw_err_deg: 1.664
Epoch: [5/23], Batch: 2950/2963, Loss: 184.116, Trans_L2_m: 0.574, Yaw_err_deg: 3.776
Epoch: [5/23], Batch: 2960/2963, Loss: 94.339, Trans_L2_m: 0.741, Yaw_err_deg: 1.463
Validation loss (homography): 907.0989
Avg batch time: 1044.69 ms, total: 338.651 s
[1;91mVal has no improvement vs 899.9693603515625![0m
Epoch: [6/23], Batch: 0/2963, Loss: 121.823, Trans_L2_m: 0.510, Yaw_err_deg: 2.288
Epoch: [6/23], Batch: 10/2963, Loss: 97.847, Trans_L2_m: 0.900, Yaw_err_deg: 1.419
Epoch: [6/23], Batch: 20/2963, Loss: 166.803, Trans_L2_m: 0.563, Yaw_err_deg: 3.412
Epoch: [6/23], Batch: 30/2963, Loss: 149.009, Trans_L2_m: 0.649, Yaw_err_deg: 2.900
Epoch: [6/23], Batch: 40/2963, Loss: 138.959, Trans_L2_m: 0.616, Yaw_err_deg: 2.487
Epoch: [6/23], Batch: 50/2963, Loss: 124.402, Trans_L2_m: 0.617, Yaw_err_deg: 2.106
Epoch: [6/23], Batch: 60/2963, Loss: 236.605, Trans_L2_m: 0.614, Yaw_err_deg: 4.110
Epoch: [6/23], Batch: 70/2963, Loss: 93.371, Trans_L2_m: 0.502, Yaw_err_deg: 1.615
Epoch: [6/23], Batch: 80/2963, Loss: 127.986, Trans_L2_m: 0.625, Yaw_err_deg: 2.410
Epoch: [6/23], Batch: 90/2963, Loss: 90.432, Trans_L2_m: 0.583, Yaw_err_deg: 1.554
Epoch: [6/23], Batch: 100/2963, Loss: 202.149, Trans_L2_m: 0.796, Yaw_err_deg: 2.855
Epoch: [6/23], Batch: 110/2963, Loss: 145.274, Trans_L2_m: 0.450, Yaw_err_deg: 2.727
Epoch: [6/23], Batch: 120/2963, Loss: 74.578, Trans_L2_m: 0.556, Yaw_err_deg: 1.264
Epoch: [6/23], Batch: 130/2963, Loss: 128.303, Trans_L2_m: 0.722, Yaw_err_deg: 2.112
Epoch: [6/23], Batch: 140/2963, Loss: 132.756, Trans_L2_m: 0.659, Yaw_err_deg: 2.542
Epoch: [6/23], Batch: 150/2963, Loss: 84.269, Trans_L2_m: 0.428, Yaw_err_deg: 1.977
Epoch: [6/23], Batch: 160/2963, Loss: 132.539, Trans_L2_m: 0.581, Yaw_err_deg: 2.851
Epoch: [6/23], Batch: 170/2963, Loss: 118.146, Trans_L2_m: 0.907, Yaw_err_deg: 2.256
Epoch: [6/23], Batch: 180/2963, Loss: 245.939, Trans_L2_m: 0.653, Yaw_err_deg: 3.176
Epoch: [6/23], Batch: 190/2963, Loss: 104.132, Trans_L2_m: 0.777, Yaw_err_deg: 1.892
Epoch: [6/23], Batch: 200/2963, Loss: 157.408, Trans_L2_m: 0.686, Yaw_err_deg: 2.522
Epoch: [6/23], Batch: 210/2963, Loss: 99.851, Trans_L2_m: 0.586, Yaw_err_deg: 2.021
Epoch: [6/23], Batch: 220/2963, Loss: 102.283, Trans_L2_m: 0.598, Yaw_err_deg: 1.862
Epoch: [6/23], Batch: 230/2963, Loss: 101.669, Trans_L2_m: 0.963, Yaw_err_deg: 1.673
Epoch: [6/23], Batch: 240/2963, Loss: 86.535, Trans_L2_m: 0.597, Yaw_err_deg: 1.674
Epoch: [6/23], Batch: 250/2963, Loss: 117.701, Trans_L2_m: 0.517, Yaw_err_deg: 2.349
Epoch: [6/23], Batch: 260/2963, Loss: 116.325, Trans_L2_m: 0.618, Yaw_err_deg: 2.136
Epoch: [6/23], Batch: 270/2963, Loss: 176.490, Trans_L2_m: 0.437, Yaw_err_deg: 3.233
Epoch: [6/23], Batch: 280/2963, Loss: 118.367, Trans_L2_m: 0.493, Yaw_err_deg: 2.478
Epoch: [6/23], Batch: 290/2963, Loss: 161.018, Trans_L2_m: 0.860, Yaw_err_deg: 2.780
Epoch: [6/23], Batch: 300/2963, Loss: 144.645, Trans_L2_m: 0.600, Yaw_err_deg: 2.798
Epoch: [6/23], Batch: 310/2963, Loss: 102.271, Trans_L2_m: 0.571, Yaw_err_deg: 1.920
Epoch: [6/23], Batch: 320/2963, Loss: 132.147, Trans_L2_m: 0.666, Yaw_err_deg: 2.709
Epoch: [6/23], Batch: 330/2963, Loss: 90.075, Trans_L2_m: 0.566, Yaw_err_deg: 1.558
Epoch: [6/23], Batch: 340/2963, Loss: 181.335, Trans_L2_m: 0.664, Yaw_err_deg: 3.481
Epoch: [6/23], Batch: 350/2963, Loss: 99.779, Trans_L2_m: 0.772, Yaw_err_deg: 1.882
Epoch: [6/23], Batch: 360/2963, Loss: 101.079, Trans_L2_m: 0.709, Yaw_err_deg: 1.903
Epoch: [6/23], Batch: 370/2963, Loss: 138.436, Trans_L2_m: 0.704, Yaw_err_deg: 2.616
Epoch: [6/23], Batch: 380/2963, Loss: 112.104, Trans_L2_m: 0.561, Yaw_err_deg: 2.482
Epoch: [6/23], Batch: 390/2963, Loss: 409.995, Trans_L2_m: 0.678, Yaw_err_deg: 4.086
Epoch: [6/23], Batch: 400/2963, Loss: 92.288, Trans_L2_m: 0.566, Yaw_err_deg: 1.512
Epoch: [6/23], Batch: 410/2963, Loss: 115.402, Trans_L2_m: 0.621, Yaw_err_deg: 2.434
Epoch: [6/23], Batch: 420/2963, Loss: 122.819, Trans_L2_m: 0.611, Yaw_err_deg: 2.749
Epoch: [6/23], Batch: 430/2963, Loss: 86.013, Trans_L2_m: 0.559, Yaw_err_deg: 1.716
Epoch: [6/23], Batch: 440/2963, Loss: 221.807, Trans_L2_m: 0.627, Yaw_err_deg: 2.845
Epoch: [6/23], Batch: 450/2963, Loss: 168.048, Trans_L2_m: 0.955, Yaw_err_deg: 3.118
Epoch: [6/23], Batch: 460/2963, Loss: 91.918, Trans_L2_m: 0.792, Yaw_err_deg: 1.593
Epoch: [6/23], Batch: 470/2963, Loss: 438.181, Trans_L2_m: 0.750, Yaw_err_deg: 4.264
Epoch: [6/23], Batch: 480/2963, Loss: 118.083, Trans_L2_m: 0.702, Yaw_err_deg: 2.241
Epoch: [6/23], Batch: 490/2963, Loss: 117.357, Trans_L2_m: 0.948, Yaw_err_deg: 2.113
Epoch: [6/23], Batch: 500/2963, Loss: 122.680, Trans_L2_m: 0.618, Yaw_err_deg: 2.279
Epoch: [6/23], Batch: 510/2963, Loss: 107.743, Trans_L2_m: 0.686, Yaw_err_deg: 2.335
Epoch: [6/23], Batch: 520/2963, Loss: 143.090, Trans_L2_m: 0.527, Yaw_err_deg: 2.484
Epoch: [6/23], Batch: 530/2963, Loss: 95.710, Trans_L2_m: 0.587, Yaw_err_deg: 2.412
Epoch: [6/23], Batch: 540/2963, Loss: 105.730, Trans_L2_m: 0.452, Yaw_err_deg: 2.067
Epoch: [6/23], Batch: 550/2963, Loss: 107.436, Trans_L2_m: 0.633, Yaw_err_deg: 2.164
Epoch: [6/23], Batch: 560/2963, Loss: 107.798, Trans_L2_m: 0.625, Yaw_err_deg: 2.069
Epoch: [6/23], Batch: 570/2963, Loss: 106.346, Trans_L2_m: 0.752, Yaw_err_deg: 1.947
Epoch: [6/23], Batch: 580/2963, Loss: 109.076, Trans_L2_m: 0.589, Yaw_err_deg: 2.354
Epoch: [6/23], Batch: 590/2963, Loss: 219.174, Trans_L2_m: 0.484, Yaw_err_deg: 3.890
Epoch: [6/23], Batch: 600/2963, Loss: 105.505, Trans_L2_m: 0.594, Yaw_err_deg: 1.978
Epoch: [6/23], Batch: 610/2963, Loss: 86.991, Trans_L2_m: 0.485, Yaw_err_deg: 1.991
Epoch: [6/23], Batch: 620/2963, Loss: 299.357, Trans_L2_m: 0.625, Yaw_err_deg: 3.841
Epoch: [6/23], Batch: 630/2963, Loss: 213.710, Trans_L2_m: 0.699, Yaw_err_deg: 3.800
Epoch: [6/23], Batch: 640/2963, Loss: 145.804, Trans_L2_m: 0.667, Yaw_err_deg: 2.414
Epoch: [6/23], Batch: 650/2963, Loss: 152.233, Trans_L2_m: 0.663, Yaw_err_deg: 2.782
Epoch: [6/23], Batch: 660/2963, Loss: 113.819, Trans_L2_m: 0.585, Yaw_err_deg: 2.429
Epoch: [6/23], Batch: 670/2963, Loss: 101.744, Trans_L2_m: 0.632, Yaw_err_deg: 1.917
Epoch: [6/23], Batch: 680/2963, Loss: 250.068, Trans_L2_m: 0.683, Yaw_err_deg: 4.062
Epoch: [6/23], Batch: 690/2963, Loss: 152.685, Trans_L2_m: 0.512, Yaw_err_deg: 3.009
Epoch: [6/23], Batch: 700/2963, Loss: 185.564, Trans_L2_m: 0.612, Yaw_err_deg: 2.861
Epoch: [6/23], Batch: 710/2963, Loss: 98.782, Trans_L2_m: 0.627, Yaw_err_deg: 2.151
Epoch: [6/23], Batch: 720/2963, Loss: 151.977, Trans_L2_m: 0.609, Yaw_err_deg: 2.521
Epoch: [6/23], Batch: 730/2963, Loss: 192.762, Trans_L2_m: 0.567, Yaw_err_deg: 3.220
Epoch: [6/23], Batch: 740/2963, Loss: 84.926, Trans_L2_m: 0.530, Yaw_err_deg: 1.743
Epoch: [6/23], Batch: 750/2963, Loss: 112.522, Trans_L2_m: 0.723, Yaw_err_deg: 2.063
Epoch: [6/23], Batch: 760/2963, Loss: 119.784, Trans_L2_m: 0.695, Yaw_err_deg: 2.313
Epoch: [6/23], Batch: 770/2963, Loss: 135.266, Trans_L2_m: 0.699, Yaw_err_deg: 2.422
Epoch: [6/23], Batch: 780/2963, Loss: 126.700, Trans_L2_m: 0.671, Yaw_err_deg: 2.191
Epoch: [6/23], Batch: 790/2963, Loss: 143.532, Trans_L2_m: 0.733, Yaw_err_deg: 2.156
Epoch: [6/23], Batch: 800/2963, Loss: 140.304, Trans_L2_m: 0.634, Yaw_err_deg: 2.777
Epoch: [6/23], Batch: 810/2963, Loss: 94.039, Trans_L2_m: 0.791, Yaw_err_deg: 1.802
Epoch: [6/23], Batch: 820/2963, Loss: 302.491, Trans_L2_m: 0.794, Yaw_err_deg: 4.037
Epoch: [6/23], Batch: 830/2963, Loss: 364.107, Trans_L2_m: 0.633, Yaw_err_deg: 2.417
Epoch: [6/23], Batch: 840/2963, Loss: 101.469, Trans_L2_m: 0.579, Yaw_err_deg: 2.315
Epoch: [6/23], Batch: 850/2963, Loss: 413.170, Trans_L2_m: 0.719, Yaw_err_deg: 4.241
Epoch: [6/23], Batch: 860/2963, Loss: 116.544, Trans_L2_m: 0.685, Yaw_err_deg: 2.398
Epoch: [6/23], Batch: 870/2963, Loss: 163.028, Trans_L2_m: 0.849, Yaw_err_deg: 2.885
Epoch: [6/23], Batch: 880/2963, Loss: 231.879, Trans_L2_m: 0.429, Yaw_err_deg: 4.668
Epoch: [6/23], Batch: 890/2963, Loss: 280.289, Trans_L2_m: 0.598, Yaw_err_deg: 3.709
Epoch: [6/23], Batch: 900/2963, Loss: 984.940, Trans_L2_m: 0.727, Yaw_err_deg: 2.153
Epoch: [6/23], Batch: 910/2963, Loss: 114.029, Trans_L2_m: 0.462, Yaw_err_deg: 2.360
Epoch: [6/23], Batch: 920/2963, Loss: 84.193, Trans_L2_m: 0.817, Yaw_err_deg: 1.466
Epoch: [6/23], Batch: 930/2963, Loss: 89.859, Trans_L2_m: 0.705, Yaw_err_deg: 1.798
Epoch: [6/23], Batch: 940/2963, Loss: 127.416, Trans_L2_m: 0.870, Yaw_err_deg: 2.866
Epoch: [6/23], Batch: 950/2963, Loss: 150.254, Trans_L2_m: 0.586, Yaw_err_deg: 3.141
Epoch: [6/23], Batch: 960/2963, Loss: 134.722, Trans_L2_m: 0.772, Yaw_err_deg: 2.119
Epoch: [6/23], Batch: 970/2963, Loss: 133.221, Trans_L2_m: 0.538, Yaw_err_deg: 2.706
Epoch: [6/23], Batch: 980/2963, Loss: 169.787, Trans_L2_m: 0.715, Yaw_err_deg: 3.209
Epoch: [6/23], Batch: 990/2963, Loss: 157.674, Trans_L2_m: 0.505, Yaw_err_deg: 3.241
Epoch: [6/23], Batch: 1000/2963, Loss: 217.994, Trans_L2_m: 0.810, Yaw_err_deg: 3.563
Epoch: [6/23], Batch: 1010/2963, Loss: 100.030, Trans_L2_m: 0.529, Yaw_err_deg: 2.385
Epoch: [6/23], Batch: 1020/2963, Loss: 91.347, Trans_L2_m: 0.567, Yaw_err_deg: 1.713
Epoch: [6/23], Batch: 1030/2963, Loss: 113.073, Trans_L2_m: 0.783, Yaw_err_deg: 2.103
Epoch: [6/23], Batch: 1040/2963, Loss: 110.288, Trans_L2_m: 0.670, Yaw_err_deg: 2.176
Epoch: [6/23], Batch: 1050/2963, Loss: 176.285, Trans_L2_m: 0.910, Yaw_err_deg: 3.342
Epoch: [6/23], Batch: 1060/2963, Loss: 117.969, Trans_L2_m: 0.688, Yaw_err_deg: 2.140
Epoch: [6/23], Batch: 1070/2963, Loss: 128.265, Trans_L2_m: 0.758, Yaw_err_deg: 2.696
Epoch: [6/23], Batch: 1080/2963, Loss: 95.144, Trans_L2_m: 0.625, Yaw_err_deg: 1.985
Epoch: [6/23], Batch: 1090/2963, Loss: 90.325, Trans_L2_m: 0.618, Yaw_err_deg: 1.579
Epoch: [6/23], Batch: 1100/2963, Loss: 71.779, Trans_L2_m: 0.559, Yaw_err_deg: 1.395
Epoch: [6/23], Batch: 1110/2963, Loss: 110.032, Trans_L2_m: 0.484, Yaw_err_deg: 2.329
Epoch: [6/23], Batch: 1120/2963, Loss: 143.114, Trans_L2_m: 0.591, Yaw_err_deg: 2.644
Epoch: [6/23], Batch: 1130/2963, Loss: 135.103, Trans_L2_m: 0.660, Yaw_err_deg: 1.968
Epoch: [6/23], Batch: 1140/2963, Loss: 82.871, Trans_L2_m: 0.493, Yaw_err_deg: 1.703
Epoch: [6/23], Batch: 1150/2963, Loss: 97.227, Trans_L2_m: 0.415, Yaw_err_deg: 1.920
Epoch: [6/23], Batch: 1160/2963, Loss: 155.376, Trans_L2_m: 0.583, Yaw_err_deg: 3.649
Epoch: [6/23], Batch: 1170/2963, Loss: 114.188, Trans_L2_m: 0.556, Yaw_err_deg: 2.465
Epoch: [6/23], Batch: 1180/2963, Loss: 135.637, Trans_L2_m: 0.628, Yaw_err_deg: 2.654
Epoch: [6/23], Batch: 1190/2963, Loss: 139.469, Trans_L2_m: 0.655, Yaw_err_deg: 2.839
Epoch: [6/23], Batch: 1200/2963, Loss: 151.935, Trans_L2_m: 0.368, Yaw_err_deg: 3.555
Epoch: [6/23], Batch: 1210/2963, Loss: 84.417, Trans_L2_m: 0.667, Yaw_err_deg: 1.910
Epoch: [6/23], Batch: 1220/2963, Loss: 96.090, Trans_L2_m: 0.538, Yaw_err_deg: 1.995
Epoch: [6/23], Batch: 1230/2963, Loss: 114.624, Trans_L2_m: 0.635, Yaw_err_deg: 2.015
Epoch: [6/23], Batch: 1240/2963, Loss: 90.465, Trans_L2_m: 0.734, Yaw_err_deg: 1.737
Epoch: [6/23], Batch: 1250/2963, Loss: 135.198, Trans_L2_m: 0.651, Yaw_err_deg: 2.721
Epoch: [6/23], Batch: 1260/2963, Loss: 170.305, Trans_L2_m: 0.605, Yaw_err_deg: 2.517
Epoch: [6/23], Batch: 1270/2963, Loss: 111.222, Trans_L2_m: 0.615, Yaw_err_deg: 2.444
Epoch: [6/23], Batch: 1280/2963, Loss: 141.885, Trans_L2_m: 0.795, Yaw_err_deg: 2.497
Epoch: [6/23], Batch: 1290/2963, Loss: 184.516, Trans_L2_m: 0.615, Yaw_err_deg: 3.386
Epoch: [6/23], Batch: 1300/2963, Loss: 95.639, Trans_L2_m: 0.668, Yaw_err_deg: 1.630
Epoch: [6/23], Batch: 1310/2963, Loss: 86.973, Trans_L2_m: 0.678, Yaw_err_deg: 1.645
Epoch: [6/23], Batch: 1320/2963, Loss: 96.463, Trans_L2_m: 0.557, Yaw_err_deg: 2.178
Epoch: [6/23], Batch: 1330/2963, Loss: 105.636, Trans_L2_m: 0.543, Yaw_err_deg: 2.048
Epoch: [6/23], Batch: 1340/2963, Loss: 91.409, Trans_L2_m: 0.818, Yaw_err_deg: 1.525
Epoch: [6/23], Batch: 1350/2963, Loss: 122.283, Trans_L2_m: 0.569, Yaw_err_deg: 2.494
Epoch: [6/23], Batch: 1360/2963, Loss: 84.093, Trans_L2_m: 0.538, Yaw_err_deg: 1.701
Epoch: [6/23], Batch: 1370/2963, Loss: 110.751, Trans_L2_m: 0.464, Yaw_err_deg: 2.091
Epoch: [6/23], Batch: 1380/2963, Loss: 109.090, Trans_L2_m: 0.475, Yaw_err_deg: 2.697
Epoch: [6/23], Batch: 1390/2963, Loss: 151.462, Trans_L2_m: 0.708, Yaw_err_deg: 3.251
Epoch: [6/23], Batch: 1400/2963, Loss: 100.938, Trans_L2_m: 0.753, Yaw_err_deg: 2.027
Epoch: [6/23], Batch: 1410/2963, Loss: 96.534, Trans_L2_m: 0.666, Yaw_err_deg: 1.604
Epoch: [6/23], Batch: 1420/2963, Loss: 118.061, Trans_L2_m: 0.653, Yaw_err_deg: 1.819
Epoch: [6/23], Batch: 1430/2963, Loss: 77.482, Trans_L2_m: 0.713, Yaw_err_deg: 1.362
Epoch: [6/23], Batch: 1440/2963, Loss: 127.099, Trans_L2_m: 0.505, Yaw_err_deg: 2.891
Epoch: [6/23], Batch: 1450/2963, Loss: 115.448, Trans_L2_m: 0.644, Yaw_err_deg: 2.553
Epoch: [6/23], Batch: 1460/2963, Loss: 149.463, Trans_L2_m: 0.748, Yaw_err_deg: 2.545
Epoch: [6/23], Batch: 1470/2963, Loss: 111.257, Trans_L2_m: 0.555, Yaw_err_deg: 1.916
Epoch: [6/23], Batch: 1480/2963, Loss: 116.498, Trans_L2_m: 0.522, Yaw_err_deg: 2.503
Epoch: [6/23], Batch: 1490/2963, Loss: 106.692, Trans_L2_m: 0.611, Yaw_err_deg: 2.286
Epoch: [6/23], Batch: 1500/2963, Loss: 124.294, Trans_L2_m: 0.513, Yaw_err_deg: 2.363
Epoch: [6/23], Batch: 1510/2963, Loss: 171.852, Trans_L2_m: 0.784, Yaw_err_deg: 2.681
Epoch: [6/23], Batch: 1520/2963, Loss: 97.762, Trans_L2_m: 0.751, Yaw_err_deg: 2.114
Epoch: [6/23], Batch: 1530/2963, Loss: 102.928, Trans_L2_m: 0.553, Yaw_err_deg: 2.170
Epoch: [6/23], Batch: 1540/2963, Loss: 117.960, Trans_L2_m: 0.621, Yaw_err_deg: 2.364
Epoch: [6/23], Batch: 1550/2963, Loss: 124.984, Trans_L2_m: 0.652, Yaw_err_deg: 2.540
Epoch: [6/23], Batch: 1560/2963, Loss: 120.325, Trans_L2_m: 0.594, Yaw_err_deg: 2.590
Epoch: [6/23], Batch: 1570/2963, Loss: 109.158, Trans_L2_m: 0.667, Yaw_err_deg: 2.297
Epoch: [6/23], Batch: 1580/2963, Loss: 3233.127, Trans_L2_m: 0.606, Yaw_err_deg: 2.525
Epoch: [6/23], Batch: 1590/2963, Loss: 297.411, Trans_L2_m: 0.746, Yaw_err_deg: 3.667
Epoch: [6/23], Batch: 1600/2963, Loss: 123.418, Trans_L2_m: 0.589, Yaw_err_deg: 2.527
Epoch: [6/23], Batch: 1610/2963, Loss: 104.217, Trans_L2_m: 0.665, Yaw_err_deg: 1.835
Epoch: [6/23], Batch: 1620/2963, Loss: 98.188, Trans_L2_m: 0.979, Yaw_err_deg: 1.530
Epoch: [6/23], Batch: 1630/2963, Loss: 229.049, Trans_L2_m: 0.738, Yaw_err_deg: 2.923
Epoch: [6/23], Batch: 1640/2963, Loss: 149.067, Trans_L2_m: 0.562, Yaw_err_deg: 2.178
Epoch: [6/23], Batch: 1650/2963, Loss: 119.951, Trans_L2_m: 0.638, Yaw_err_deg: 2.175
Epoch: [6/23], Batch: 1660/2963, Loss: 94.838, Trans_L2_m: 0.516, Yaw_err_deg: 2.297
Epoch: [6/23], Batch: 1670/2963, Loss: 240.961, Trans_L2_m: 0.617, Yaw_err_deg: 4.887
Epoch: [6/23], Batch: 1680/2963, Loss: 108.358, Trans_L2_m: 0.703, Yaw_err_deg: 2.383
Epoch: [6/23], Batch: 1690/2963, Loss: 100.189, Trans_L2_m: 0.840, Yaw_err_deg: 1.764
Epoch: [6/23], Batch: 1700/2963, Loss: 97.401, Trans_L2_m: 0.651, Yaw_err_deg: 2.258
Epoch: [6/23], Batch: 1710/2963, Loss: 92.682, Trans_L2_m: 0.555, Yaw_err_deg: 2.083
Epoch: [6/23], Batch: 1720/2963, Loss: 107.326, Trans_L2_m: 0.854, Yaw_err_deg: 1.885
Epoch: [6/23], Batch: 1730/2963, Loss: 116.331, Trans_L2_m: 0.762, Yaw_err_deg: 2.702
Epoch: [6/23], Batch: 1740/2963, Loss: 83.291, Trans_L2_m: 0.631, Yaw_err_deg: 1.614
Epoch: [6/23], Batch: 1750/2963, Loss: 78.053, Trans_L2_m: 0.534, Yaw_err_deg: 1.282
Epoch: [6/23], Batch: 1760/2963, Loss: 75.700, Trans_L2_m: 0.445, Yaw_err_deg: 1.807
Epoch: [6/23], Batch: 1770/2963, Loss: 86.965, Trans_L2_m: 0.632, Yaw_err_deg: 1.495
Epoch: [6/23], Batch: 1780/2963, Loss: 106.771, Trans_L2_m: 0.722, Yaw_err_deg: 2.215
Epoch: [6/23], Batch: 1790/2963, Loss: 192.553, Trans_L2_m: 0.416, Yaw_err_deg: 2.649
Epoch: [6/23], Batch: 1800/2963, Loss: 154.244, Trans_L2_m: 0.561, Yaw_err_deg: 2.930
Epoch: [6/23], Batch: 1810/2963, Loss: 136.085, Trans_L2_m: 0.665, Yaw_err_deg: 2.777
Epoch: [6/23], Batch: 1820/2963, Loss: 203.290, Trans_L2_m: 0.537, Yaw_err_deg: 2.899
Epoch: [6/23], Batch: 1830/2963, Loss: 134.442, Trans_L2_m: 0.636, Yaw_err_deg: 2.680
Epoch: [6/23], Batch: 1840/2963, Loss: 160.312, Trans_L2_m: 0.626, Yaw_err_deg: 2.519
Epoch: [6/23], Batch: 1850/2963, Loss: 146.052, Trans_L2_m: 0.508, Yaw_err_deg: 2.889
Epoch: [6/23], Batch: 1860/2963, Loss: 112.788, Trans_L2_m: 0.601, Yaw_err_deg: 2.469
Epoch: [6/23], Batch: 1870/2963, Loss: 198.858, Trans_L2_m: 0.570, Yaw_err_deg: 3.010
Epoch: [6/23], Batch: 1880/2963, Loss: 116.876, Trans_L2_m: 0.668, Yaw_err_deg: 1.938
Epoch: [6/23], Batch: 1890/2963, Loss: 262.200, Trans_L2_m: 0.739, Yaw_err_deg: 3.173
Epoch: [6/23], Batch: 1900/2963, Loss: 104.288, Trans_L2_m: 0.613, Yaw_err_deg: 2.089
Epoch: [6/23], Batch: 1910/2963, Loss: 78.462, Trans_L2_m: 0.609, Yaw_err_deg: 1.451
Epoch: [6/23], Batch: 1920/2963, Loss: 147.304, Trans_L2_m: 0.469, Yaw_err_deg: 3.057
Epoch: [6/23], Batch: 1930/2963, Loss: 155.480, Trans_L2_m: 0.587, Yaw_err_deg: 3.093
Epoch: [6/23], Batch: 1940/2963, Loss: 99.040, Trans_L2_m: 0.660, Yaw_err_deg: 1.765
Epoch: [6/23], Batch: 1950/2963, Loss: 94.039, Trans_L2_m: 0.630, Yaw_err_deg: 1.383
Epoch: [6/23], Batch: 1960/2963, Loss: 133.488, Trans_L2_m: 0.928, Yaw_err_deg: 2.522
Epoch: [6/23], Batch: 1970/2963, Loss: 99.915, Trans_L2_m: 0.553, Yaw_err_deg: 1.962
Epoch: [6/23], Batch: 1980/2963, Loss: 102.956, Trans_L2_m: 0.566, Yaw_err_deg: 1.567
Epoch: [6/23], Batch: 1990/2963, Loss: 149.502, Trans_L2_m: 0.623, Yaw_err_deg: 2.278
Epoch: [6/23], Batch: 2000/2963, Loss: 88.264, Trans_L2_m: 0.512, Yaw_err_deg: 1.887
Epoch: [6/23], Batch: 2010/2963, Loss: 107.436, Trans_L2_m: 0.564, Yaw_err_deg: 1.897
Epoch: [6/23], Batch: 2020/2963, Loss: 122.459, Trans_L2_m: 0.767, Yaw_err_deg: 2.258
Epoch: [6/23], Batch: 2030/2963, Loss: 109.943, Trans_L2_m: 0.518, Yaw_err_deg: 2.456
Epoch: [6/23], Batch: 2040/2963, Loss: 173.912, Trans_L2_m: 0.801, Yaw_err_deg: 2.972
Epoch: [6/23], Batch: 2050/2963, Loss: 157.575, Trans_L2_m: 0.497, Yaw_err_deg: 2.908
Epoch: [6/23], Batch: 2060/2963, Loss: 75.460, Trans_L2_m: 0.469, Yaw_err_deg: 1.528
Epoch: [6/23], Batch: 2070/2963, Loss: 114.857, Trans_L2_m: 0.547, Yaw_err_deg: 2.336
Epoch: [6/23], Batch: 2080/2963, Loss: 63.037, Trans_L2_m: 0.611, Yaw_err_deg: 1.261
Epoch: [6/23], Batch: 2090/2963, Loss: 103.947, Trans_L2_m: 0.434, Yaw_err_deg: 2.177
Epoch: [6/23], Batch: 2100/2963, Loss: 122.716, Trans_L2_m: 0.814, Yaw_err_deg: 2.212
Epoch: [6/23], Batch: 2110/2963, Loss: 86.736, Trans_L2_m: 0.439, Yaw_err_deg: 1.932
Epoch: [6/23], Batch: 2120/2963, Loss: 155.106, Trans_L2_m: 0.595, Yaw_err_deg: 3.211
Epoch: [6/23], Batch: 2130/2963, Loss: 101.609, Trans_L2_m: 0.521, Yaw_err_deg: 2.170
Epoch: [6/23], Batch: 2140/2963, Loss: 90.752, Trans_L2_m: 0.629, Yaw_err_deg: 2.039
Epoch: [6/23], Batch: 2150/2963, Loss: 87.409, Trans_L2_m: 0.484, Yaw_err_deg: 1.885
Epoch: [6/23], Batch: 2160/2963, Loss: 97.941, Trans_L2_m: 0.635, Yaw_err_deg: 1.894
Epoch: [6/23], Batch: 2170/2963, Loss: 149.505, Trans_L2_m: 0.614, Yaw_err_deg: 2.556
Epoch: [6/23], Batch: 2180/2963, Loss: 79.255, Trans_L2_m: 0.723, Yaw_err_deg: 1.547
Epoch: [6/23], Batch: 2190/2963, Loss: 263.960, Trans_L2_m: 0.651, Yaw_err_deg: 2.764
Epoch: [6/23], Batch: 2200/2963, Loss: 117.147, Trans_L2_m: 0.564, Yaw_err_deg: 2.749
Epoch: [6/23], Batch: 2210/2963, Loss: 88.183, Trans_L2_m: 0.666, Yaw_err_deg: 1.547
Epoch: [6/23], Batch: 2220/2963, Loss: 95.761, Trans_L2_m: 0.654, Yaw_err_deg: 2.111
Epoch: [6/23], Batch: 2230/2963, Loss: 165.781, Trans_L2_m: 0.566, Yaw_err_deg: 2.610
Epoch: [6/23], Batch: 2240/2963, Loss: 4693.898, Trans_L2_m: 0.721, Yaw_err_deg: 1.884
Epoch: [6/23], Batch: 2250/2963, Loss: 132.019, Trans_L2_m: 0.779, Yaw_err_deg: 2.693
Epoch: [6/23], Batch: 2260/2963, Loss: 130.068, Trans_L2_m: 0.570, Yaw_err_deg: 2.246
Epoch: [6/23], Batch: 2270/2963, Loss: 160.964, Trans_L2_m: 0.586, Yaw_err_deg: 2.832
Epoch: [6/23], Batch: 2280/2963, Loss: 83.096, Trans_L2_m: 0.436, Yaw_err_deg: 1.498
Epoch: [6/23], Batch: 2290/2963, Loss: 103.881, Trans_L2_m: 0.650, Yaw_err_deg: 2.203
Epoch: [6/23], Batch: 2300/2963, Loss: 116.704, Trans_L2_m: 0.776, Yaw_err_deg: 2.325
Epoch: [6/23], Batch: 2310/2963, Loss: 188.485, Trans_L2_m: 0.709, Yaw_err_deg: 2.773
Epoch: [6/23], Batch: 2320/2963, Loss: 146.329, Trans_L2_m: 0.538, Yaw_err_deg: 2.542
Epoch: [6/23], Batch: 2330/2963, Loss: 84.600, Trans_L2_m: 0.378, Yaw_err_deg: 2.009
Epoch: [6/23], Batch: 2340/2963, Loss: 83.443, Trans_L2_m: 0.641, Yaw_err_deg: 1.617
Epoch: [6/23], Batch: 2350/2963, Loss: 129.000, Trans_L2_m: 0.548, Yaw_err_deg: 2.802
Epoch: [6/23], Batch: 2360/2963, Loss: 126.385, Trans_L2_m: 1.015, Yaw_err_deg: 1.752
Epoch: [6/23], Batch: 2370/2963, Loss: 193.775, Trans_L2_m: 0.692, Yaw_err_deg: 2.588
Epoch: [6/23], Batch: 2380/2963, Loss: 150.990, Trans_L2_m: 0.580, Yaw_err_deg: 2.827
Epoch: [6/23], Batch: 2390/2963, Loss: 109.444, Trans_L2_m: 0.707, Yaw_err_deg: 1.981
Epoch: [6/23], Batch: 2400/2963, Loss: 91.091, Trans_L2_m: 0.468, Yaw_err_deg: 1.974
Epoch: [6/23], Batch: 2410/2963, Loss: 119.115, Trans_L2_m: 0.648, Yaw_err_deg: 2.120
Epoch: [6/23], Batch: 2420/2963, Loss: 92.750, Trans_L2_m: 0.710, Yaw_err_deg: 1.995
Epoch: [6/23], Batch: 2430/2963, Loss: 85.647, Trans_L2_m: 0.524, Yaw_err_deg: 1.726
Epoch: [6/23], Batch: 2440/2963, Loss: 112.975, Trans_L2_m: 0.470, Yaw_err_deg: 2.541
Epoch: [6/23], Batch: 2450/2963, Loss: 116.690, Trans_L2_m: 0.540, Yaw_err_deg: 2.528
Epoch: [6/23], Batch: 2460/2963, Loss: 133.385, Trans_L2_m: 0.538, Yaw_err_deg: 2.637
Epoch: [6/23], Batch: 2470/2963, Loss: 92.426, Trans_L2_m: 0.644, Yaw_err_deg: 1.969
Epoch: [6/23], Batch: 2480/2963, Loss: 78.767, Trans_L2_m: 0.487, Yaw_err_deg: 1.488
Epoch: [6/23], Batch: 2490/2963, Loss: 105.765, Trans_L2_m: 0.758, Yaw_err_deg: 1.939
Epoch: [6/23], Batch: 2500/2963, Loss: 124.641, Trans_L2_m: 0.615, Yaw_err_deg: 2.295
Epoch: [6/23], Batch: 2510/2963, Loss: 594.831, Trans_L2_m: 0.556, Yaw_err_deg: 4.114
Epoch: [6/23], Batch: 2520/2963, Loss: 99.471, Trans_L2_m: 0.501, Yaw_err_deg: 2.091
Epoch: [6/23], Batch: 2530/2963, Loss: 107.045, Trans_L2_m: 0.824, Yaw_err_deg: 2.097
Epoch: [6/23], Batch: 2540/2963, Loss: 125.252, Trans_L2_m: 0.636, Yaw_err_deg: 2.511
Epoch: [6/23], Batch: 2550/2963, Loss: 98.244, Trans_L2_m: 0.759, Yaw_err_deg: 1.919
Epoch: [6/23], Batch: 2560/2963, Loss: 116.026, Trans_L2_m: 0.466, Yaw_err_deg: 2.038
Epoch: [6/23], Batch: 2570/2963, Loss: 71.890, Trans_L2_m: 0.543, Yaw_err_deg: 1.286
Epoch: [6/23], Batch: 2580/2963, Loss: 100.397, Trans_L2_m: 0.419, Yaw_err_deg: 2.315
Epoch: [6/23], Batch: 2590/2963, Loss: 105.761, Trans_L2_m: 0.505, Yaw_err_deg: 1.736
Epoch: [6/23], Batch: 2600/2963, Loss: 78.634, Trans_L2_m: 0.574, Yaw_err_deg: 1.421
Epoch: [6/23], Batch: 2610/2963, Loss: 110.261, Trans_L2_m: 0.597, Yaw_err_deg: 2.524
Epoch: [6/23], Batch: 2620/2963, Loss: 602.177, Trans_L2_m: 0.566, Yaw_err_deg: 5.381
Epoch: [6/23], Batch: 2630/2963, Loss: 89.753, Trans_L2_m: 0.586, Yaw_err_deg: 1.859
Epoch: [6/23], Batch: 2640/2963, Loss: 93.118, Trans_L2_m: 0.683, Yaw_err_deg: 2.032
Epoch: [6/23], Batch: 2650/2963, Loss: 405.664, Trans_L2_m: 0.431, Yaw_err_deg: 3.857
Epoch: [6/23], Batch: 2660/2963, Loss: 113.851, Trans_L2_m: 0.719, Yaw_err_deg: 1.882
Epoch: [6/23], Batch: 2670/2963, Loss: 103.170, Trans_L2_m: 0.545, Yaw_err_deg: 2.397
Epoch: [6/23], Batch: 2680/2963, Loss: 205.544, Trans_L2_m: 0.587, Yaw_err_deg: 4.023
Epoch: [6/23], Batch: 2690/2963, Loss: 77.123, Trans_L2_m: 0.477, Yaw_err_deg: 1.415
Epoch: [6/23], Batch: 2700/2963, Loss: 129.038, Trans_L2_m: 0.492, Yaw_err_deg: 2.268
Epoch: [6/23], Batch: 2710/2963, Loss: 144.869, Trans_L2_m: 0.560, Yaw_err_deg: 3.142
Epoch: [6/23], Batch: 2720/2963, Loss: 90.695, Trans_L2_m: 0.598, Yaw_err_deg: 1.846
Epoch: [6/23], Batch: 2730/2963, Loss: 96.430, Trans_L2_m: 0.672, Yaw_err_deg: 1.940
Epoch: [6/23], Batch: 2740/2963, Loss: 118.366, Trans_L2_m: 0.515, Yaw_err_deg: 2.162
Epoch: [6/23], Batch: 2750/2963, Loss: 112.348, Trans_L2_m: 0.708, Yaw_err_deg: 2.492
Epoch: [6/23], Batch: 2760/2963, Loss: 109.014, Trans_L2_m: 0.559, Yaw_err_deg: 2.203
Epoch: [6/23], Batch: 2770/2963, Loss: 94.519, Trans_L2_m: 0.762, Yaw_err_deg: 1.784
Epoch: [6/23], Batch: 2780/2963, Loss: 109.416, Trans_L2_m: 0.547, Yaw_err_deg: 1.874
Epoch: [6/23], Batch: 2790/2963, Loss: 102.035, Trans_L2_m: 0.622, Yaw_err_deg: 2.343
Epoch: [6/23], Batch: 2800/2963, Loss: 96.021, Trans_L2_m: 0.615, Yaw_err_deg: 1.778
Epoch: [6/23], Batch: 2810/2963, Loss: 92.602, Trans_L2_m: 0.637, Yaw_err_deg: 2.075
Epoch: [6/23], Batch: 2820/2963, Loss: 139.661, Trans_L2_m: 0.667, Yaw_err_deg: 3.068
Epoch: [6/23], Batch: 2830/2963, Loss: 138.707, Trans_L2_m: 0.632, Yaw_err_deg: 2.008
Epoch: [6/23], Batch: 2840/2963, Loss: 91.049, Trans_L2_m: 0.569, Yaw_err_deg: 1.729
Epoch: [6/23], Batch: 2850/2963, Loss: 130.262, Trans_L2_m: 0.570, Yaw_err_deg: 2.598
Epoch: [6/23], Batch: 2860/2963, Loss: 88.069, Trans_L2_m: 0.563, Yaw_err_deg: 1.385
Epoch: [6/23], Batch: 2870/2963, Loss: 72.443, Trans_L2_m: 0.468, Yaw_err_deg: 1.370
Epoch: [6/23], Batch: 2880/2963, Loss: 172.307, Trans_L2_m: 0.444, Yaw_err_deg: 2.329
Epoch: [6/23], Batch: 2890/2963, Loss: 86.053, Trans_L2_m: 0.755, Yaw_err_deg: 1.549
Epoch: [6/23], Batch: 2900/2963, Loss: 116.898, Trans_L2_m: 0.627, Yaw_err_deg: 2.395
Epoch: [6/23], Batch: 2910/2963, Loss: 84.529, Trans_L2_m: 0.657, Yaw_err_deg: 1.462
Epoch: [6/23], Batch: 2920/2963, Loss: 113.634, Trans_L2_m: 0.578, Yaw_err_deg: 2.584
Epoch: [6/23], Batch: 2930/2963, Loss: 101.075, Trans_L2_m: 0.449, Yaw_err_deg: 2.224
Epoch: [6/23], Batch: 2940/2963, Loss: 98.422, Trans_L2_m: 0.557, Yaw_err_deg: 2.106
Epoch: [6/23], Batch: 2950/2963, Loss: 106.129, Trans_L2_m: 0.700, Yaw_err_deg: 2.190
Epoch: [6/23], Batch: 2960/2963, Loss: 139.157, Trans_L2_m: 0.557, Yaw_err_deg: 2.034
Epoch: [7/23], Batch: 0/2963, Loss: 114.366, Trans_L2_m: 0.807, Yaw_err_deg: 2.614
Epoch: [7/23], Batch: 10/2963, Loss: 88.073, Trans_L2_m: 0.688, Yaw_err_deg: 1.607
Epoch: [7/23], Batch: 20/2963, Loss: 118.461, Trans_L2_m: 0.523, Yaw_err_deg: 2.744
Epoch: [7/23], Batch: 30/2963, Loss: 81.792, Trans_L2_m: 0.479, Yaw_err_deg: 1.590
Epoch: [7/23], Batch: 40/2963, Loss: 94.203, Trans_L2_m: 0.599, Yaw_err_deg: 1.993
Epoch: [7/23], Batch: 50/2963, Loss: 105.194, Trans_L2_m: 0.621, Yaw_err_deg: 2.090
Epoch: [7/23], Batch: 60/2963, Loss: 115.189, Trans_L2_m: 0.495, Yaw_err_deg: 2.805
Epoch: [7/23], Batch: 70/2963, Loss: 159.834, Trans_L2_m: 0.507, Yaw_err_deg: 1.966
Epoch: [7/23], Batch: 80/2963, Loss: 72.746, Trans_L2_m: 0.495, Yaw_err_deg: 1.767
Epoch: [7/23], Batch: 90/2963, Loss: 97.635, Trans_L2_m: 0.594, Yaw_err_deg: 2.101
Epoch: [7/23], Batch: 100/2963, Loss: 89.616, Trans_L2_m: 0.706, Yaw_err_deg: 1.595
Epoch: [7/23], Batch: 110/2963, Loss: 146.792, Trans_L2_m: 0.744, Yaw_err_deg: 3.207
Epoch: [7/23], Batch: 120/2963, Loss: 86.669, Trans_L2_m: 0.719, Yaw_err_deg: 1.520
Epoch: [7/23], Batch: 130/2963, Loss: 153.252, Trans_L2_m: 0.587, Yaw_err_deg: 2.822
Epoch: [7/23], Batch: 140/2963, Loss: 69.719, Trans_L2_m: 0.589, Yaw_err_deg: 1.061
Epoch: [7/23], Batch: 150/2963, Loss: 109.759, Trans_L2_m: 0.621, Yaw_err_deg: 2.198
Epoch: [7/23], Batch: 160/2963, Loss: 101.088, Trans_L2_m: 0.601, Yaw_err_deg: 2.256
Epoch: [7/23], Batch: 170/2963, Loss: 72.858, Trans_L2_m: 0.626, Yaw_err_deg: 1.333
Epoch: [7/23], Batch: 180/2963, Loss: 81.141, Trans_L2_m: 0.747, Yaw_err_deg: 1.244
Epoch: [7/23], Batch: 190/2963, Loss: 94.811, Trans_L2_m: 1.016, Yaw_err_deg: 1.906
Epoch: [7/23], Batch: 200/2963, Loss: 161.166, Trans_L2_m: 0.683, Yaw_err_deg: 2.170
Epoch: [7/23], Batch: 210/2963, Loss: 72.358, Trans_L2_m: 0.750, Yaw_err_deg: 1.633
Epoch: [7/23], Batch: 220/2963, Loss: 83.578, Trans_L2_m: 0.641, Yaw_err_deg: 1.902
Epoch: [7/23], Batch: 230/2963, Loss: 80.325, Trans_L2_m: 0.626, Yaw_err_deg: 1.523
Epoch: [7/23], Batch: 240/2963, Loss: 93.339, Trans_L2_m: 0.936, Yaw_err_deg: 1.805
Epoch: [7/23], Batch: 250/2963, Loss: 123.851, Trans_L2_m: 0.748, Yaw_err_deg: 2.267
Epoch: [7/23], Batch: 260/2963, Loss: 124.812, Trans_L2_m: 0.742, Yaw_err_deg: 2.367
Epoch: [7/23], Batch: 270/2963, Loss: 118.089, Trans_L2_m: 0.761, Yaw_err_deg: 2.277
Epoch: [7/23], Batch: 280/2963, Loss: 107.385, Trans_L2_m: 0.662, Yaw_err_deg: 2.289
Epoch: [7/23], Batch: 290/2963, Loss: 94.469, Trans_L2_m: 0.639, Yaw_err_deg: 2.391
Epoch: [7/23], Batch: 300/2963, Loss: 110.106, Trans_L2_m: 0.813, Yaw_err_deg: 2.226
Epoch: [7/23], Batch: 310/2963, Loss: 118.868, Trans_L2_m: 0.930, Yaw_err_deg: 2.192
Epoch: [7/23], Batch: 320/2963, Loss: 179.401, Trans_L2_m: 0.600, Yaw_err_deg: 2.716
Epoch: [7/23], Batch: 330/2963, Loss: 114.178, Trans_L2_m: 0.618, Yaw_err_deg: 2.299
Epoch: [7/23], Batch: 340/2963, Loss: 91.707, Trans_L2_m: 0.619, Yaw_err_deg: 1.610
Epoch: [7/23], Batch: 350/2963, Loss: 86.561, Trans_L2_m: 0.688, Yaw_err_deg: 1.544
Epoch: [7/23], Batch: 360/2963, Loss: 96.356, Trans_L2_m: 0.663, Yaw_err_deg: 1.333
Epoch: [7/23], Batch: 370/2963, Loss: 95.241, Trans_L2_m: 0.700, Yaw_err_deg: 1.656
Epoch: [7/23], Batch: 380/2963, Loss: 85.583, Trans_L2_m: 0.782, Yaw_err_deg: 1.445
Epoch: [7/23], Batch: 390/2963, Loss: 71.249, Trans_L2_m: 0.611, Yaw_err_deg: 1.180
Epoch: [7/23], Batch: 400/2963, Loss: 88.315, Trans_L2_m: 0.566, Yaw_err_deg: 1.960
Epoch: [7/23], Batch: 410/2963, Loss: 118.535, Trans_L2_m: 0.514, Yaw_err_deg: 2.760
Epoch: [7/23], Batch: 420/2963, Loss: 110.840, Trans_L2_m: 0.549, Yaw_err_deg: 2.644
Epoch: [7/23], Batch: 430/2963, Loss: 98.547, Trans_L2_m: 0.549, Yaw_err_deg: 1.943
Epoch: [7/23], Batch: 440/2963, Loss: 89.050, Trans_L2_m: 0.561, Yaw_err_deg: 1.623
Epoch: [7/23], Batch: 450/2963, Loss: 128.686, Trans_L2_m: 0.656, Yaw_err_deg: 2.295
Epoch: [7/23], Batch: 460/2963, Loss: 81.552, Trans_L2_m: 0.672, Yaw_err_deg: 1.777
Epoch: [7/23], Batch: 470/2963, Loss: 84.972, Trans_L2_m: 0.674, Yaw_err_deg: 1.410
Epoch: [7/23], Batch: 480/2963, Loss: 96.211, Trans_L2_m: 0.894, Yaw_err_deg: 1.538
Epoch: [7/23], Batch: 490/2963, Loss: 82.177, Trans_L2_m: 0.761, Yaw_err_deg: 1.885
Epoch: [7/23], Batch: 500/2963, Loss: 92.692, Trans_L2_m: 0.676, Yaw_err_deg: 1.974
Epoch: [7/23], Batch: 510/2963, Loss: 100.557, Trans_L2_m: 0.574, Yaw_err_deg: 2.003
Epoch: [7/23], Batch: 520/2963, Loss: 67.393, Trans_L2_m: 0.591, Yaw_err_deg: 1.462
Epoch: [7/23], Batch: 530/2963, Loss: 113.557, Trans_L2_m: 0.762, Yaw_err_deg: 2.461
Epoch: [7/23], Batch: 540/2963, Loss: 90.604, Trans_L2_m: 0.571, Yaw_err_deg: 2.072
Epoch: [7/23], Batch: 550/2963, Loss: 100.014, Trans_L2_m: 0.750, Yaw_err_deg: 2.121
Epoch: [7/23], Batch: 560/2963, Loss: 135.285, Trans_L2_m: 0.553, Yaw_err_deg: 2.679
Epoch: [7/23], Batch: 570/2963, Loss: 123.083, Trans_L2_m: 0.702, Yaw_err_deg: 1.851
Epoch: [7/23], Batch: 580/2963, Loss: 69.361, Trans_L2_m: 0.524, Yaw_err_deg: 1.328
Epoch: [7/23], Batch: 590/2963, Loss: 94.950, Trans_L2_m: 0.542, Yaw_err_deg: 1.901
Epoch: [7/23], Batch: 600/2963, Loss: 74.735, Trans_L2_m: 0.713, Yaw_err_deg: 1.326
Epoch: [7/23], Batch: 610/2963, Loss: 77.934, Trans_L2_m: 0.701, Yaw_err_deg: 1.762
Epoch: [7/23], Batch: 620/2963, Loss: 94.830, Trans_L2_m: 0.559, Yaw_err_deg: 1.470
Epoch: [7/23], Batch: 630/2963, Loss: 67.799, Trans_L2_m: 0.526, Yaw_err_deg: 1.488
Epoch: [7/23], Batch: 640/2963, Loss: 78.472, Trans_L2_m: 0.666, Yaw_err_deg: 1.615
Epoch: [7/23], Batch: 650/2963, Loss: 97.934, Trans_L2_m: 0.540, Yaw_err_deg: 2.188
Epoch: [7/23], Batch: 660/2963, Loss: 96.060, Trans_L2_m: 0.633, Yaw_err_deg: 1.694
Epoch: [7/23], Batch: 670/2963, Loss: 85.358, Trans_L2_m: 0.556, Yaw_err_deg: 1.833
Epoch: [7/23], Batch: 680/2963, Loss: 120.547, Trans_L2_m: 0.578, Yaw_err_deg: 2.238
Epoch: [7/23], Batch: 690/2963, Loss: 186.474, Trans_L2_m: 0.489, Yaw_err_deg: 3.268
Epoch: [7/23], Batch: 700/2963, Loss: 284.098, Trans_L2_m: 0.497, Yaw_err_deg: 3.261
Epoch: [7/23], Batch: 710/2963, Loss: 88.106, Trans_L2_m: 0.717, Yaw_err_deg: 1.397
Epoch: [7/23], Batch: 720/2963, Loss: 90.161, Trans_L2_m: 0.545, Yaw_err_deg: 2.225
Epoch: [7/23], Batch: 730/2963, Loss: 85.520, Trans_L2_m: 0.808, Yaw_err_deg: 1.718
Epoch: [7/23], Batch: 740/2963, Loss: 103.219, Trans_L2_m: 0.612, Yaw_err_deg: 2.164
Epoch: [7/23], Batch: 750/2963, Loss: 83.707, Trans_L2_m: 0.573, Yaw_err_deg: 1.976
Epoch: [7/23], Batch: 760/2963, Loss: 97.015, Trans_L2_m: 0.578, Yaw_err_deg: 2.013
Epoch: [7/23], Batch: 770/2963, Loss: 86.620, Trans_L2_m: 0.628, Yaw_err_deg: 1.971
Epoch: [7/23], Batch: 780/2963, Loss: 103.334, Trans_L2_m: 0.589, Yaw_err_deg: 2.009
Epoch: [7/23], Batch: 790/2963, Loss: 109.253, Trans_L2_m: 0.726, Yaw_err_deg: 1.816
Epoch: [7/23], Batch: 800/2963, Loss: 106.233, Trans_L2_m: 0.589, Yaw_err_deg: 2.210
Epoch: [7/23], Batch: 810/2963, Loss: 78.159, Trans_L2_m: 0.483, Yaw_err_deg: 1.703
Epoch: [7/23], Batch: 820/2963, Loss: 99.604, Trans_L2_m: 0.551, Yaw_err_deg: 2.422
Epoch: [7/23], Batch: 830/2963, Loss: 101.571, Trans_L2_m: 0.565, Yaw_err_deg: 2.060
Epoch: [7/23], Batch: 840/2963, Loss: 109.018, Trans_L2_m: 0.510, Yaw_err_deg: 2.318
Epoch: [7/23], Batch: 850/2963, Loss: 124.167, Trans_L2_m: 0.510, Yaw_err_deg: 2.144
Epoch: [7/23], Batch: 860/2963, Loss: 109.897, Trans_L2_m: 0.698, Yaw_err_deg: 2.070
Epoch: [7/23], Batch: 870/2963, Loss: 87.178, Trans_L2_m: 0.535, Yaw_err_deg: 2.000
Epoch: [7/23], Batch: 880/2963, Loss: 120.037, Trans_L2_m: 0.571, Yaw_err_deg: 2.723
Epoch: [7/23], Batch: 890/2963, Loss: 140.173, Trans_L2_m: 0.641, Yaw_err_deg: 2.223
Epoch: [7/23], Batch: 900/2963, Loss: 83.140, Trans_L2_m: 0.631, Yaw_err_deg: 1.359
Epoch: [7/23], Batch: 910/2963, Loss: 91.642, Trans_L2_m: 0.515, Yaw_err_deg: 1.830
Epoch: [7/23], Batch: 920/2963, Loss: 83.499, Trans_L2_m: 0.485, Yaw_err_deg: 1.791
Epoch: [7/23], Batch: 930/2963, Loss: 110.849, Trans_L2_m: 0.580, Yaw_err_deg: 2.206
Epoch: [7/23], Batch: 940/2963, Loss: 99.850, Trans_L2_m: 0.592, Yaw_err_deg: 2.146
Epoch: [7/23], Batch: 950/2963, Loss: 161.796, Trans_L2_m: 0.652, Yaw_err_deg: 2.320
Epoch: [7/23], Batch: 960/2963, Loss: 99.361, Trans_L2_m: 0.799, Yaw_err_deg: 1.874
Epoch: [7/23], Batch: 970/2963, Loss: 201.696, Trans_L2_m: 0.659, Yaw_err_deg: 3.867
Epoch: [7/23], Batch: 980/2963, Loss: 103.773, Trans_L2_m: 0.519, Yaw_err_deg: 2.427
Epoch: [7/23], Batch: 990/2963, Loss: 78.336, Trans_L2_m: 0.532, Yaw_err_deg: 1.496
Epoch: [7/23], Batch: 1000/2963, Loss: 74.938, Trans_L2_m: 0.617, Yaw_err_deg: 1.187
Epoch: [7/23], Batch: 1010/2963, Loss: 149.133, Trans_L2_m: 0.635, Yaw_err_deg: 2.823
Epoch: [7/23], Batch: 1020/2963, Loss: 74.140, Trans_L2_m: 0.553, Yaw_err_deg: 1.425
Epoch: [7/23], Batch: 1030/2963, Loss: 84.610, Trans_L2_m: 0.653, Yaw_err_deg: 2.018
Epoch: [7/23], Batch: 1040/2963, Loss: 97.191, Trans_L2_m: 0.579, Yaw_err_deg: 2.273
Epoch: [7/23], Batch: 1050/2963, Loss: 110.578, Trans_L2_m: 0.897, Yaw_err_deg: 2.156
Epoch: [7/23], Batch: 1060/2963, Loss: 79.869, Trans_L2_m: 0.702, Yaw_err_deg: 1.835
Epoch: [7/23], Batch: 1070/2963, Loss: 103.923, Trans_L2_m: 0.773, Yaw_err_deg: 2.009
Epoch: [7/23], Batch: 1080/2963, Loss: 107.013, Trans_L2_m: 0.481, Yaw_err_deg: 1.911
Epoch: [7/23], Batch: 1090/2963, Loss: 85.316, Trans_L2_m: 0.608, Yaw_err_deg: 1.704
Epoch: [7/23], Batch: 1100/2963, Loss: 72.460, Trans_L2_m: 0.601, Yaw_err_deg: 1.570
Epoch: [7/23], Batch: 1110/2963, Loss: 114.170, Trans_L2_m: 0.510, Yaw_err_deg: 2.631
Epoch: [7/23], Batch: 1120/2963, Loss: 91.795, Trans_L2_m: 0.650, Yaw_err_deg: 1.462
Epoch: [7/23], Batch: 1130/2963, Loss: 72.122, Trans_L2_m: 0.470, Yaw_err_deg: 1.520
Epoch: [7/23], Batch: 1140/2963, Loss: 112.568, Trans_L2_m: 0.731, Yaw_err_deg: 2.153
Epoch: [7/23], Batch: 1150/2963, Loss: 110.937, Trans_L2_m: 0.766, Yaw_err_deg: 2.175
Epoch: [7/23], Batch: 1160/2963, Loss: 93.842, Trans_L2_m: 0.597, Yaw_err_deg: 1.791
Epoch: [7/23], Batch: 1170/2963, Loss: 198.984, Trans_L2_m: 0.570, Yaw_err_deg: 3.073
Epoch: [7/23], Batch: 1180/2963, Loss: 75.446, Trans_L2_m: 0.491, Yaw_err_deg: 1.397
Epoch: [7/23], Batch: 1190/2963, Loss: 136.227, Trans_L2_m: 0.458, Yaw_err_deg: 2.530
Epoch: [7/23], Batch: 1200/2963, Loss: 98.676, Trans_L2_m: 0.683, Yaw_err_deg: 1.905
Epoch: [7/23], Batch: 1210/2963, Loss: 173.246, Trans_L2_m: 0.639, Yaw_err_deg: 2.941
Epoch: [7/23], Batch: 1220/2963, Loss: 66.059, Trans_L2_m: 0.557, Yaw_err_deg: 1.302
Epoch: [7/23], Batch: 1230/2963, Loss: 82.655, Trans_L2_m: 0.653, Yaw_err_deg: 1.617
Epoch: [7/23], Batch: 1240/2963, Loss: 104.648, Trans_L2_m: 0.725, Yaw_err_deg: 2.421
Epoch: [7/23], Batch: 1250/2963, Loss: 145.764, Trans_L2_m: 0.557, Yaw_err_deg: 3.007
Epoch: [7/23], Batch: 1260/2963, Loss: 86.169, Trans_L2_m: 0.532, Yaw_err_deg: 1.726
Epoch: [7/23], Batch: 1270/2963, Loss: 162.143, Trans_L2_m: 0.725, Yaw_err_deg: 2.675
Epoch: [7/23], Batch: 1280/2963, Loss: 90.336, Trans_L2_m: 0.578, Yaw_err_deg: 1.658
Epoch: [7/23], Batch: 1290/2963, Loss: 103.081, Trans_L2_m: 0.606, Yaw_err_deg: 2.138
Epoch: [7/23], Batch: 1300/2963, Loss: 93.958, Trans_L2_m: 0.702, Yaw_err_deg: 2.005
Epoch: [7/23], Batch: 1310/2963, Loss: 109.965, Trans_L2_m: 0.598, Yaw_err_deg: 2.328
Epoch: [7/23], Batch: 1320/2963, Loss: 245.727, Trans_L2_m: 0.344, Yaw_err_deg: 3.967
Epoch: [7/23], Batch: 1330/2963, Loss: 65.961, Trans_L2_m: 0.543, Yaw_err_deg: 1.145
Epoch: [7/23], Batch: 1340/2963, Loss: 84.020, Trans_L2_m: 0.493, Yaw_err_deg: 1.739
Epoch: [7/23], Batch: 1350/2963, Loss: 70.132, Trans_L2_m: 0.409, Yaw_err_deg: 1.350
Epoch: [7/23], Batch: 1360/2963, Loss: 77.639, Trans_L2_m: 0.379, Yaw_err_deg: 1.790
Epoch: [7/23], Batch: 1370/2963, Loss: 95.771, Trans_L2_m: 0.452, Yaw_err_deg: 2.295
Epoch: [7/23], Batch: 1380/2963, Loss: 101.546, Trans_L2_m: 0.546, Yaw_err_deg: 1.973
Epoch: [7/23], Batch: 1390/2963, Loss: 139.158, Trans_L2_m: 0.471, Yaw_err_deg: 2.655
Epoch: [7/23], Batch: 1400/2963, Loss: 114.866, Trans_L2_m: 0.631, Yaw_err_deg: 2.204
Epoch: [7/23], Batch: 1410/2963, Loss: 186.498, Trans_L2_m: 0.628, Yaw_err_deg: 2.468
Epoch: [7/23], Batch: 1420/2963, Loss: 105.323, Trans_L2_m: 0.526, Yaw_err_deg: 2.492
Epoch: [7/23], Batch: 1430/2963, Loss: 84.469, Trans_L2_m: 0.731, Yaw_err_deg: 1.472
Epoch: [7/23], Batch: 1440/2963, Loss: 117.686, Trans_L2_m: 0.582, Yaw_err_deg: 1.912
Epoch: [7/23], Batch: 1450/2963, Loss: 100.039, Trans_L2_m: 0.597, Yaw_err_deg: 1.872
Epoch: [7/23], Batch: 1460/2963, Loss: 96.853, Trans_L2_m: 0.466, Yaw_err_deg: 1.990
Epoch: [7/23], Batch: 1470/2963, Loss: 89.166, Trans_L2_m: 0.620, Yaw_err_deg: 1.571
Epoch: [7/23], Batch: 1480/2963, Loss: 521.162, Trans_L2_m: 0.553, Yaw_err_deg: 3.299
Epoch: [7/23], Batch: 1490/2963, Loss: 102.495, Trans_L2_m: 0.518, Yaw_err_deg: 2.284
Epoch: [7/23], Batch: 1500/2963, Loss: 110.476, Trans_L2_m: 0.570, Yaw_err_deg: 2.415
Epoch: [7/23], Batch: 1510/2963, Loss: 114.593, Trans_L2_m: 0.581, Yaw_err_deg: 2.458
Epoch: [7/23], Batch: 1520/2963, Loss: 75.687, Trans_L2_m: 0.536, Yaw_err_deg: 1.550
Epoch: [7/23], Batch: 1530/2963, Loss: 73.576, Trans_L2_m: 0.540, Yaw_err_deg: 1.366
Epoch: [7/23], Batch: 1540/2963, Loss: 147.621, Trans_L2_m: 0.478, Yaw_err_deg: 2.915
Epoch: [7/23], Batch: 1550/2963, Loss: 154.755, Trans_L2_m: 1.015, Yaw_err_deg: 2.096
Epoch: [7/23], Batch: 1560/2963, Loss: 61.767, Trans_L2_m: 0.497, Yaw_err_deg: 1.362
Epoch: [7/23], Batch: 1570/2963, Loss: 92.868, Trans_L2_m: 0.549, Yaw_err_deg: 2.073
Epoch: [7/23], Batch: 1580/2963, Loss: 87.055, Trans_L2_m: 0.618, Yaw_err_deg: 1.986
Epoch: [7/23], Batch: 1590/2963, Loss: 76.388, Trans_L2_m: 0.656, Yaw_err_deg: 1.309
Epoch: [7/23], Batch: 1600/2963, Loss: 487.094, Trans_L2_m: 0.716, Yaw_err_deg: 3.811
Epoch: [7/23], Batch: 1610/2963, Loss: 85.710, Trans_L2_m: 0.616, Yaw_err_deg: 1.892
Epoch: [7/23], Batch: 1620/2963, Loss: 70.983, Trans_L2_m: 0.484, Yaw_err_deg: 1.149
Epoch: [7/23], Batch: 1630/2963, Loss: 98.407, Trans_L2_m: 0.565, Yaw_err_deg: 2.067
Epoch: [7/23], Batch: 1640/2963, Loss: 77.397, Trans_L2_m: 0.442, Yaw_err_deg: 1.600
Epoch: [7/23], Batch: 1650/2963, Loss: 88.142, Trans_L2_m: 0.622, Yaw_err_deg: 1.697
Epoch: [7/23], Batch: 1660/2963, Loss: 102.469, Trans_L2_m: 0.524, Yaw_err_deg: 1.961
Epoch: [7/23], Batch: 1670/2963, Loss: 568.408, Trans_L2_m: 0.789, Yaw_err_deg: 4.649
Epoch: [7/23], Batch: 1680/2963, Loss: 105.594, Trans_L2_m: 0.669, Yaw_err_deg: 2.426
Epoch: [7/23], Batch: 1690/2963, Loss: 97.424, Trans_L2_m: 0.539, Yaw_err_deg: 1.793
Epoch: [7/23], Batch: 1700/2963, Loss: 68.632, Trans_L2_m: 0.646, Yaw_err_deg: 1.265
Epoch: [7/23], Batch: 1710/2963, Loss: 67.189, Trans_L2_m: 0.393, Yaw_err_deg: 1.349
Epoch: [7/23], Batch: 1720/2963, Loss: 201.777, Trans_L2_m: 0.633, Yaw_err_deg: 2.797
Epoch: [7/23], Batch: 1730/2963, Loss: 96.173, Trans_L2_m: 0.569, Yaw_err_deg: 1.706
Epoch: [7/23], Batch: 1740/2963, Loss: 73.767, Trans_L2_m: 0.551, Yaw_err_deg: 1.758
Epoch: [7/23], Batch: 1750/2963, Loss: 90.634, Trans_L2_m: 0.551, Yaw_err_deg: 2.174
Epoch: [7/23], Batch: 1760/2963, Loss: 129.181, Trans_L2_m: 0.499, Yaw_err_deg: 2.921
Epoch: [7/23], Batch: 1770/2963, Loss: 3268.327, Trans_L2_m: 0.497, Yaw_err_deg: 1.953
Epoch: [7/23], Batch: 1780/2963, Loss: 97.889, Trans_L2_m: 0.501, Yaw_err_deg: 2.293
Epoch: [7/23], Batch: 1790/2963, Loss: 96.244, Trans_L2_m: 0.542, Yaw_err_deg: 1.733
Epoch: [7/23], Batch: 1800/2963, Loss: 78.299, Trans_L2_m: 0.612, Yaw_err_deg: 1.436
Epoch: [7/23], Batch: 1810/2963, Loss: 123.005, Trans_L2_m: 0.633, Yaw_err_deg: 2.488
Epoch: [7/23], Batch: 1820/2963, Loss: 102.410, Trans_L2_m: 0.750, Yaw_err_deg: 1.862
Epoch: [7/23], Batch: 1830/2963, Loss: 113.061, Trans_L2_m: 0.745, Yaw_err_deg: 1.937
Epoch: [7/23], Batch: 1840/2963, Loss: 99.163, Trans_L2_m: 0.510, Yaw_err_deg: 2.269
Epoch: [7/23], Batch: 1850/2963, Loss: 99.378, Trans_L2_m: 0.391, Yaw_err_deg: 1.981
Epoch: [7/23], Batch: 1860/2963, Loss: 76.084, Trans_L2_m: 0.556, Yaw_err_deg: 1.596
Epoch: [7/23], Batch: 1870/2963, Loss: 67.700, Trans_L2_m: 0.666, Yaw_err_deg: 0.977
Epoch: [7/23], Batch: 1880/2963, Loss: 70.388, Trans_L2_m: 0.660, Yaw_err_deg: 1.348
Epoch: [7/23], Batch: 1890/2963, Loss: 157.424, Trans_L2_m: 0.650, Yaw_err_deg: 2.856
Epoch: [7/23], Batch: 1900/2963, Loss: 154.624, Trans_L2_m: 0.547, Yaw_err_deg: 2.647
Epoch: [7/23], Batch: 1910/2963, Loss: 106.166, Trans_L2_m: 0.491, Yaw_err_deg: 2.423
Epoch: [7/23], Batch: 1920/2963, Loss: 121.341, Trans_L2_m: 0.690, Yaw_err_deg: 1.966
Epoch: [7/23], Batch: 1930/2963, Loss: 74.626, Trans_L2_m: 0.425, Yaw_err_deg: 1.762
Epoch: [7/23], Batch: 1940/2963, Loss: 83.453, Trans_L2_m: 0.881, Yaw_err_deg: 1.823
Epoch: [7/23], Batch: 1950/2963, Loss: 219.167, Trans_L2_m: 0.693, Yaw_err_deg: 3.163
Epoch: [7/23], Batch: 1960/2963, Loss: 196.753, Trans_L2_m: 0.555, Yaw_err_deg: 2.198
Epoch: [7/23], Batch: 1970/2963, Loss: 73.313, Trans_L2_m: 0.678, Yaw_err_deg: 1.024
Epoch: [7/23], Batch: 1980/2963, Loss: 86.812, Trans_L2_m: 0.654, Yaw_err_deg: 1.626
Epoch: [7/23], Batch: 1990/2963, Loss: 116.896, Trans_L2_m: 0.580, Yaw_err_deg: 2.415
Epoch: [7/23], Batch: 2000/2963, Loss: 76.616, Trans_L2_m: 0.654, Yaw_err_deg: 1.533
Epoch: [7/23], Batch: 2010/2963, Loss: 339.737, Trans_L2_m: 0.522, Yaw_err_deg: 3.607
Epoch: [7/23], Batch: 2020/2963, Loss: 105.996, Trans_L2_m: 0.564, Yaw_err_deg: 1.904
Epoch: [7/23], Batch: 2030/2963, Loss: 74.373, Trans_L2_m: 0.590, Yaw_err_deg: 1.578
Epoch: [7/23], Batch: 2040/2963, Loss: 111.010, Trans_L2_m: 0.715, Yaw_err_deg: 2.113
Epoch: [7/23], Batch: 2050/2963, Loss: 108.812, Trans_L2_m: 0.560, Yaw_err_deg: 2.162
Epoch: [7/23], Batch: 2060/2963, Loss: 112.630, Trans_L2_m: 0.612, Yaw_err_deg: 2.800
Epoch: [7/23], Batch: 2070/2963, Loss: 87.077, Trans_L2_m: 0.433, Yaw_err_deg: 2.039
Epoch: [7/23], Batch: 2080/2963, Loss: 112.518, Trans_L2_m: 0.482, Yaw_err_deg: 2.700
Epoch: [7/23], Batch: 2090/2963, Loss: 91.008, Trans_L2_m: 0.637, Yaw_err_deg: 2.094
Epoch: [7/23], Batch: 2100/2963, Loss: 111.570, Trans_L2_m: 0.482, Yaw_err_deg: 2.823
Epoch: [7/23], Batch: 2110/2963, Loss: 122.496, Trans_L2_m: 0.586, Yaw_err_deg: 2.509
Epoch: [7/23], Batch: 2120/2963, Loss: 79.721, Trans_L2_m: 0.638, Yaw_err_deg: 1.765
Epoch: [7/23], Batch: 2130/2963, Loss: 81.679, Trans_L2_m: 0.485, Yaw_err_deg: 1.420
Epoch: [7/23], Batch: 2140/2963, Loss: 87.423, Trans_L2_m: 0.658, Yaw_err_deg: 1.662
Epoch: [7/23], Batch: 2150/2963, Loss: 101.143, Trans_L2_m: 0.453, Yaw_err_deg: 2.348
Epoch: [7/23], Batch: 2160/2963, Loss: 87.061, Trans_L2_m: 0.525, Yaw_err_deg: 1.912
Epoch: [7/23], Batch: 2170/2963, Loss: 69.231, Trans_L2_m: 0.587, Yaw_err_deg: 1.141
Epoch: [7/23], Batch: 2180/2963, Loss: 76.127, Trans_L2_m: 0.801, Yaw_err_deg: 1.119
Epoch: [7/23], Batch: 2190/2963, Loss: 114.570, Trans_L2_m: 0.642, Yaw_err_deg: 2.739
Epoch: [7/23], Batch: 2200/2963, Loss: 113.614, Trans_L2_m: 0.513, Yaw_err_deg: 2.411
Epoch: [7/23], Batch: 2210/2963, Loss: 91.793, Trans_L2_m: 0.452, Yaw_err_deg: 2.076
Epoch: [7/23], Batch: 2220/2963, Loss: 91.266, Trans_L2_m: 0.647, Yaw_err_deg: 1.836
Epoch: [7/23], Batch: 2230/2963, Loss: 67.312, Trans_L2_m: 0.504, Yaw_err_deg: 1.176
Epoch: [7/23], Batch: 2240/2963, Loss: 99.744, Trans_L2_m: 0.687, Yaw_err_deg: 1.893
Epoch: [7/23], Batch: 2250/2963, Loss: 84.617, Trans_L2_m: 0.653, Yaw_err_deg: 1.416
Epoch: [7/23], Batch: 2260/2963, Loss: 70.159, Trans_L2_m: 0.463, Yaw_err_deg: 1.271
Epoch: [7/23], Batch: 2270/2963, Loss: 103.969, Trans_L2_m: 0.764, Yaw_err_deg: 1.953
Epoch: [7/23], Batch: 2280/2963, Loss: 99.292, Trans_L2_m: 0.568, Yaw_err_deg: 1.763
Epoch: [7/23], Batch: 2290/2963, Loss: 89.271, Trans_L2_m: 0.393, Yaw_err_deg: 2.056
Epoch: [7/23], Batch: 2300/2963, Loss: 128.257, Trans_L2_m: 0.587, Yaw_err_deg: 2.579
Epoch: [7/23], Batch: 2310/2963, Loss: 116.190, Trans_L2_m: 0.598, Yaw_err_deg: 2.675
Epoch: [7/23], Batch: 2320/2963, Loss: 121.014, Trans_L2_m: 0.456, Yaw_err_deg: 2.827
Epoch: [7/23], Batch: 2330/2963, Loss: 81.505, Trans_L2_m: 0.515, Yaw_err_deg: 1.937
Epoch: [7/23], Batch: 2340/2963, Loss: 103.738, Trans_L2_m: 0.466, Yaw_err_deg: 2.140
Epoch: [7/23], Batch: 2350/2963, Loss: 70.258, Trans_L2_m: 0.545, Yaw_err_deg: 1.344
Epoch: [7/23], Batch: 2360/2963, Loss: 66.622, Trans_L2_m: 0.591, Yaw_err_deg: 1.243
Epoch: [7/23], Batch: 2370/2963, Loss: 98.566, Trans_L2_m: 0.490, Yaw_err_deg: 2.262
Epoch: [7/23], Batch: 2380/2963, Loss: 100.226, Trans_L2_m: 0.563, Yaw_err_deg: 2.022
Epoch: [7/23], Batch: 2390/2963, Loss: 94.786, Trans_L2_m: 0.860, Yaw_err_deg: 1.855
Epoch: [7/23], Batch: 2400/2963, Loss: 90.504, Trans_L2_m: 0.587, Yaw_err_deg: 1.588
Epoch: [7/23], Batch: 2410/2963, Loss: 73.090, Trans_L2_m: 0.511, Yaw_err_deg: 1.594
Epoch: [7/23], Batch: 2420/2963, Loss: 137.317, Trans_L2_m: 0.654, Yaw_err_deg: 2.590
Epoch: [7/23], Batch: 2430/2963, Loss: 79.573, Trans_L2_m: 0.546, Yaw_err_deg: 1.496
Epoch: [7/23], Batch: 2440/2963, Loss: 277.390, Trans_L2_m: 0.501, Yaw_err_deg: 3.056
Epoch: [7/23], Batch: 2450/2963, Loss: 125.505, Trans_L2_m: 0.421, Yaw_err_deg: 2.440
Epoch: [7/23], Batch: 2460/2963, Loss: 100.206, Trans_L2_m: 0.651, Yaw_err_deg: 2.072
Epoch: [7/23], Batch: 2470/2963, Loss: 115.130, Trans_L2_m: 0.395, Yaw_err_deg: 2.097
Epoch: [7/23], Batch: 2480/2963, Loss: 97.077, Trans_L2_m: 0.656, Yaw_err_deg: 2.315
Epoch: [7/23], Batch: 2490/2963, Loss: 88.900, Trans_L2_m: 0.704, Yaw_err_deg: 1.709
Epoch: [7/23], Batch: 2500/2963, Loss: 101.149, Trans_L2_m: 0.544, Yaw_err_deg: 2.331
Epoch: [7/23], Batch: 2510/2963, Loss: 78.319, Trans_L2_m: 0.503, Yaw_err_deg: 1.764
Epoch: [7/23], Batch: 2520/2963, Loss: 71.709, Trans_L2_m: 0.784, Yaw_err_deg: 1.392
Epoch: [7/23], Batch: 2530/2963, Loss: 76.681, Trans_L2_m: 0.576, Yaw_err_deg: 1.449
Epoch: [7/23], Batch: 2540/2963, Loss: 101.761, Trans_L2_m: 0.535, Yaw_err_deg: 2.106
Epoch: [7/23], Batch: 2550/2963, Loss: 82.396, Trans_L2_m: 0.503, Yaw_err_deg: 1.432
Epoch: [7/23], Batch: 2560/2963, Loss: 83.967, Trans_L2_m: 0.621, Yaw_err_deg: 1.701
Epoch: [7/23], Batch: 2570/2963, Loss: 61.926, Trans_L2_m: 0.601, Yaw_err_deg: 1.020
Epoch: [7/23], Batch: 2580/2963, Loss: 102.130, Trans_L2_m: 0.619, Yaw_err_deg: 2.156
Epoch: [7/23], Batch: 2590/2963, Loss: 75.045, Trans_L2_m: 0.637, Yaw_err_deg: 1.286
Epoch: [7/23], Batch: 2600/2963, Loss: 174.957, Trans_L2_m: 0.512, Yaw_err_deg: 3.694
Epoch: [7/23], Batch: 2610/2963, Loss: 150.197, Trans_L2_m: 0.596, Yaw_err_deg: 2.940
Epoch: [7/23], Batch: 2620/2963, Loss: 71.169, Trans_L2_m: 0.444, Yaw_err_deg: 1.630
Epoch: [7/23], Batch: 2630/2963, Loss: 115.761, Trans_L2_m: 0.492, Yaw_err_deg: 2.279
Epoch: [7/23], Batch: 2640/2963, Loss: 81.982, Trans_L2_m: 0.587, Yaw_err_deg: 1.296
Epoch: [7/23], Batch: 2650/2963, Loss: 112.780, Trans_L2_m: 0.764, Yaw_err_deg: 2.501
Epoch: [7/23], Batch: 2660/2963, Loss: 111.436, Trans_L2_m: 0.762, Yaw_err_deg: 2.136
Epoch: [7/23], Batch: 2670/2963, Loss: 95.439, Trans_L2_m: 0.583, Yaw_err_deg: 1.844
Epoch: [7/23], Batch: 2680/2963, Loss: 82.773, Trans_L2_m: 0.478, Yaw_err_deg: 1.978
Epoch: [7/23], Batch: 2690/2963, Loss: 62.963, Trans_L2_m: 0.560, Yaw_err_deg: 1.172
Epoch: [7/23], Batch: 2700/2963, Loss: 133.693, Trans_L2_m: 0.492, Yaw_err_deg: 2.673
Epoch: [7/23], Batch: 2710/2963, Loss: 100.493, Trans_L2_m: 0.590, Yaw_err_deg: 2.307
Epoch: [7/23], Batch: 2720/2963, Loss: 74.336, Trans_L2_m: 0.578, Yaw_err_deg: 1.382
Epoch: [7/23], Batch: 2730/2963, Loss: 116.635, Trans_L2_m: 0.448, Yaw_err_deg: 2.306
Epoch: [7/23], Batch: 2740/2963, Loss: 78.103, Trans_L2_m: 0.668, Yaw_err_deg: 1.192
Epoch: [7/23], Batch: 2750/2963, Loss: 58.950, Trans_L2_m: 0.348, Yaw_err_deg: 1.359
Epoch: [7/23], Batch: 2760/2963, Loss: 90.883, Trans_L2_m: 0.577, Yaw_err_deg: 1.802
Epoch: [7/23], Batch: 2770/2963, Loss: 106.722, Trans_L2_m: 0.508, Yaw_err_deg: 2.032
Epoch: [7/23], Batch: 2780/2963, Loss: 105.869, Trans_L2_m: 0.449, Yaw_err_deg: 2.107
Epoch: [7/23], Batch: 2790/2963, Loss: 140.862, Trans_L2_m: 0.517, Yaw_err_deg: 2.933
Epoch: [7/23], Batch: 2800/2963, Loss: 73.433, Trans_L2_m: 0.630, Yaw_err_deg: 1.374
Epoch: [7/23], Batch: 2810/2963, Loss: 105.091, Trans_L2_m: 0.470, Yaw_err_deg: 2.537
Epoch: [7/23], Batch: 2820/2963, Loss: 121.911, Trans_L2_m: 0.436, Yaw_err_deg: 1.926
Epoch: [7/23], Batch: 2830/2963, Loss: 95.620, Trans_L2_m: 0.647, Yaw_err_deg: 2.180
Epoch: [7/23], Batch: 2840/2963, Loss: 154.246, Trans_L2_m: 0.970, Yaw_err_deg: 2.148
Epoch: [7/23], Batch: 2850/2963, Loss: 101.857, Trans_L2_m: 0.664, Yaw_err_deg: 2.379
Epoch: [7/23], Batch: 2860/2963, Loss: 121.473, Trans_L2_m: 0.477, Yaw_err_deg: 2.422
Epoch: [7/23], Batch: 2870/2963, Loss: 122.732, Trans_L2_m: 0.549, Yaw_err_deg: 2.703
Epoch: [7/23], Batch: 2880/2963, Loss: 90.099, Trans_L2_m: 0.375, Yaw_err_deg: 2.261
Epoch: [7/23], Batch: 2890/2963, Loss: 81.103, Trans_L2_m: 0.633, Yaw_err_deg: 1.550
Epoch: [7/23], Batch: 2900/2963, Loss: 296.340, Trans_L2_m: 0.567, Yaw_err_deg: 3.238
Epoch: [7/23], Batch: 2910/2963, Loss: 173.055, Trans_L2_m: 0.729, Yaw_err_deg: 2.607
Epoch: [7/23], Batch: 2920/2963, Loss: 111.878, Trans_L2_m: 0.445, Yaw_err_deg: 1.832
Epoch: [7/23], Batch: 2930/2963, Loss: 100.997, Trans_L2_m: 0.530, Yaw_err_deg: 1.853
Epoch: [7/23], Batch: 2940/2963, Loss: 75.213, Trans_L2_m: 0.591, Yaw_err_deg: 1.324
Epoch: [7/23], Batch: 2950/2963, Loss: 98.059, Trans_L2_m: 0.619, Yaw_err_deg: 1.968
Epoch: [7/23], Batch: 2960/2963, Loss: 80.475, Trans_L2_m: 0.522, Yaw_err_deg: 1.617
Validation loss (homography): 848.8895
Avg batch time: 999.91 ms, total: 324.221 s
[1;94mSave the best of 848.8895263671875, at checkpoints/2025_12_27_best_checkpoint_zod_0.pth[0m
Epoch: [8/23], Batch: 0/2963, Loss: 117.319, Trans_L2_m: 0.665, Yaw_err_deg: 2.527
Epoch: [8/23], Batch: 10/2963, Loss: 86.820, Trans_L2_m: 0.526, Yaw_err_deg: 1.819
Epoch: [8/23], Batch: 20/2963, Loss: 96.919, Trans_L2_m: 0.427, Yaw_err_deg: 2.493
Epoch: [8/23], Batch: 30/2963, Loss: 79.001, Trans_L2_m: 0.595, Yaw_err_deg: 1.440
Epoch: [8/23], Batch: 40/2963, Loss: 70.703, Trans_L2_m: 0.485, Yaw_err_deg: 1.597
Epoch: [8/23], Batch: 50/2963, Loss: 75.824, Trans_L2_m: 0.756, Yaw_err_deg: 1.682
Epoch: [8/23], Batch: 60/2963, Loss: 92.175, Trans_L2_m: 0.568, Yaw_err_deg: 1.677
Epoch: [8/23], Batch: 70/2963, Loss: 141.739, Trans_L2_m: 0.366, Yaw_err_deg: 2.806
Epoch: [8/23], Batch: 80/2963, Loss: 89.275, Trans_L2_m: 0.522, Yaw_err_deg: 1.905
Epoch: [8/23], Batch: 90/2963, Loss: 119.708, Trans_L2_m: 0.795, Yaw_err_deg: 2.685
Epoch: [8/23], Batch: 100/2963, Loss: 115.432, Trans_L2_m: 0.720, Yaw_err_deg: 2.108
Epoch: [8/23], Batch: 110/2963, Loss: 103.434, Trans_L2_m: 0.545, Yaw_err_deg: 2.241
Epoch: [8/23], Batch: 120/2963, Loss: 73.448, Trans_L2_m: 0.809, Yaw_err_deg: 1.562
Epoch: [8/23], Batch: 130/2963, Loss: 78.121, Trans_L2_m: 0.765, Yaw_err_deg: 1.382
Epoch: [8/23], Batch: 140/2963, Loss: 81.951, Trans_L2_m: 0.657, Yaw_err_deg: 1.255
Epoch: [8/23], Batch: 150/2963, Loss: 120.461, Trans_L2_m: 0.426, Yaw_err_deg: 2.469
Epoch: [8/23], Batch: 160/2963, Loss: 112.838, Trans_L2_m: 0.480, Yaw_err_deg: 2.682
Epoch: [8/23], Batch: 170/2963, Loss: 86.540, Trans_L2_m: 0.641, Yaw_err_deg: 1.850
Epoch: [8/23], Batch: 180/2963, Loss: 91.074, Trans_L2_m: 0.582, Yaw_err_deg: 1.737
Epoch: [8/23], Batch: 190/2963, Loss: 75.086, Trans_L2_m: 0.643, Yaw_err_deg: 1.236
Epoch: [8/23], Batch: 200/2963, Loss: 57.228, Trans_L2_m: 0.425, Yaw_err_deg: 1.133
Epoch: [8/23], Batch: 210/2963, Loss: 116.331, Trans_L2_m: 0.718, Yaw_err_deg: 2.165
Epoch: [8/23], Batch: 220/2963, Loss: 96.532, Trans_L2_m: 0.584, Yaw_err_deg: 1.986
Epoch: [8/23], Batch: 230/2963, Loss: 76.941, Trans_L2_m: 0.440, Yaw_err_deg: 1.646
Epoch: [8/23], Batch: 240/2963, Loss: 146.289, Trans_L2_m: 0.632, Yaw_err_deg: 2.099
Epoch: [8/23], Batch: 250/2963, Loss: 111.156, Trans_L2_m: 0.662, Yaw_err_deg: 2.133
Epoch: [8/23], Batch: 260/2963, Loss: 87.354, Trans_L2_m: 0.418, Yaw_err_deg: 1.843
Epoch: [8/23], Batch: 270/2963, Loss: 77.339, Trans_L2_m: 0.581, Yaw_err_deg: 1.170
Epoch: [8/23], Batch: 280/2963, Loss: 71.566, Trans_L2_m: 0.557, Yaw_err_deg: 1.546
Epoch: [8/23], Batch: 290/2963, Loss: 95.067, Trans_L2_m: 0.478, Yaw_err_deg: 1.828
Epoch: [8/23], Batch: 300/2963, Loss: 89.023, Trans_L2_m: 0.514, Yaw_err_deg: 1.975
Epoch: [8/23], Batch: 310/2963, Loss: 96.411, Trans_L2_m: 0.689, Yaw_err_deg: 1.866
Epoch: [8/23], Batch: 320/2963, Loss: 106.824, Trans_L2_m: 0.535, Yaw_err_deg: 2.437
Epoch: [8/23], Batch: 330/2963, Loss: 84.189, Trans_L2_m: 0.675, Yaw_err_deg: 1.678
Epoch: [8/23], Batch: 340/2963, Loss: 73.708, Trans_L2_m: 0.488, Yaw_err_deg: 1.288
Epoch: [8/23], Batch: 350/2963, Loss: 71.702, Trans_L2_m: 0.515, Yaw_err_deg: 1.489
Epoch: [8/23], Batch: 360/2963, Loss: 75.680, Trans_L2_m: 0.498, Yaw_err_deg: 1.634
Epoch: [8/23], Batch: 370/2963, Loss: 101.273, Trans_L2_m: 0.611, Yaw_err_deg: 1.750
Epoch: [8/23], Batch: 380/2963, Loss: 68.986, Trans_L2_m: 0.527, Yaw_err_deg: 1.199
Epoch: [8/23], Batch: 390/2963, Loss: 62.330, Trans_L2_m: 0.546, Yaw_err_deg: 0.969
Epoch: [8/23], Batch: 400/2963, Loss: 96.949, Trans_L2_m: 0.518, Yaw_err_deg: 2.231
Epoch: [8/23], Batch: 410/2963, Loss: 117.339, Trans_L2_m: 0.468, Yaw_err_deg: 1.596
Epoch: [8/23], Batch: 420/2963, Loss: 85.679, Trans_L2_m: 0.479, Yaw_err_deg: 1.775
Epoch: [8/23], Batch: 430/2963, Loss: 80.826, Trans_L2_m: 0.634, Yaw_err_deg: 1.605
Epoch: [8/23], Batch: 440/2963, Loss: 81.399, Trans_L2_m: 0.461, Yaw_err_deg: 1.777
Epoch: [8/23], Batch: 450/2963, Loss: 90.197, Trans_L2_m: 0.471, Yaw_err_deg: 2.134
Epoch: [8/23], Batch: 460/2963, Loss: 87.798, Trans_L2_m: 0.525, Yaw_err_deg: 1.959
Epoch: [8/23], Batch: 470/2963, Loss: 62.277, Trans_L2_m: 0.564, Yaw_err_deg: 1.287
Epoch: [8/23], Batch: 480/2963, Loss: 145.724, Trans_L2_m: 0.548, Yaw_err_deg: 3.279
Epoch: [8/23], Batch: 490/2963, Loss: 87.659, Trans_L2_m: 0.509, Yaw_err_deg: 2.177
Epoch: [8/23], Batch: 500/2963, Loss: 219.831, Trans_L2_m: 0.628, Yaw_err_deg: 3.271
Epoch: [8/23], Batch: 510/2963, Loss: 69.648, Trans_L2_m: 0.600, Yaw_err_deg: 1.489
Epoch: [8/23], Batch: 520/2963, Loss: 66.458, Trans_L2_m: 0.554, Yaw_err_deg: 1.334
Epoch: [8/23], Batch: 530/2963, Loss: 89.643, Trans_L2_m: 0.630, Yaw_err_deg: 1.917
Epoch: [8/23], Batch: 540/2963, Loss: 105.184, Trans_L2_m: 0.493, Yaw_err_deg: 1.747
Epoch: [8/23], Batch: 550/2963, Loss: 78.067, Trans_L2_m: 0.457, Yaw_err_deg: 1.529
Epoch: [8/23], Batch: 560/2963, Loss: 71.794, Trans_L2_m: 0.510, Yaw_err_deg: 1.379
Epoch: [8/23], Batch: 570/2963, Loss: 104.878, Trans_L2_m: 0.614, Yaw_err_deg: 1.700
Epoch: [8/23], Batch: 580/2963, Loss: 84.882, Trans_L2_m: 0.605, Yaw_err_deg: 1.682
Epoch: [8/23], Batch: 590/2963, Loss: 79.787, Trans_L2_m: 0.611, Yaw_err_deg: 1.703
Epoch: [8/23], Batch: 600/2963, Loss: 105.261, Trans_L2_m: 0.538, Yaw_err_deg: 2.149
Epoch: [8/23], Batch: 610/2963, Loss: 112.230, Trans_L2_m: 0.416, Yaw_err_deg: 2.486
Epoch: [8/23], Batch: 620/2963, Loss: 75.995, Trans_L2_m: 0.488, Yaw_err_deg: 1.735
Epoch: [8/23], Batch: 630/2963, Loss: 74.038, Trans_L2_m: 0.848, Yaw_err_deg: 1.293
Epoch: [8/23], Batch: 640/2963, Loss: 131.563, Trans_L2_m: 0.503, Yaw_err_deg: 2.612
Epoch: [8/23], Batch: 650/2963, Loss: 82.276, Trans_L2_m: 0.519, Yaw_err_deg: 2.015
Epoch: [8/23], Batch: 660/2963, Loss: 86.950, Trans_L2_m: 0.435, Yaw_err_deg: 1.810
Epoch: [8/23], Batch: 670/2963, Loss: 80.354, Trans_L2_m: 0.622, Yaw_err_deg: 1.565
Epoch: [8/23], Batch: 680/2963, Loss: 68.365, Trans_L2_m: 0.619, Yaw_err_deg: 1.307
Epoch: [8/23], Batch: 690/2963, Loss: 67.812, Trans_L2_m: 0.527, Yaw_err_deg: 1.696
Epoch: [8/23], Batch: 700/2963, Loss: 76.239, Trans_L2_m: 0.551, Yaw_err_deg: 1.509
Epoch: [8/23], Batch: 710/2963, Loss: 79.346, Trans_L2_m: 0.559, Yaw_err_deg: 1.370
Epoch: [8/23], Batch: 720/2963, Loss: 66.308, Trans_L2_m: 0.526, Yaw_err_deg: 1.350
Epoch: [8/23], Batch: 730/2963, Loss: 85.944, Trans_L2_m: 0.416, Yaw_err_deg: 1.581
Epoch: [8/23], Batch: 740/2963, Loss: 68.484, Trans_L2_m: 0.685, Yaw_err_deg: 1.331
Epoch: [8/23], Batch: 750/2963, Loss: 78.909, Trans_L2_m: 0.720, Yaw_err_deg: 1.552
Epoch: [8/23], Batch: 760/2963, Loss: 125.777, Trans_L2_m: 0.546, Yaw_err_deg: 2.359
Epoch: [8/23], Batch: 770/2963, Loss: 149.457, Trans_L2_m: 0.512, Yaw_err_deg: 2.693
Epoch: [8/23], Batch: 780/2963, Loss: 130.897, Trans_L2_m: 0.647, Yaw_err_deg: 2.849
Epoch: [8/23], Batch: 790/2963, Loss: 81.626, Trans_L2_m: 0.509, Yaw_err_deg: 1.806
Epoch: [8/23], Batch: 800/2963, Loss: 85.345, Trans_L2_m: 0.622, Yaw_err_deg: 1.894
Epoch: [8/23], Batch: 810/2963, Loss: 108.596, Trans_L2_m: 0.563, Yaw_err_deg: 2.302
Epoch: [8/23], Batch: 820/2963, Loss: 154.192, Trans_L2_m: 0.424, Yaw_err_deg: 2.662
Epoch: [8/23], Batch: 830/2963, Loss: 73.384, Trans_L2_m: 0.696, Yaw_err_deg: 1.352
Epoch: [8/23], Batch: 840/2963, Loss: 67.975, Trans_L2_m: 0.514, Yaw_err_deg: 1.619
Epoch: [8/23], Batch: 850/2963, Loss: 73.291, Trans_L2_m: 0.615, Yaw_err_deg: 1.660
Epoch: [8/23], Batch: 860/2963, Loss: 93.347, Trans_L2_m: 0.400, Yaw_err_deg: 1.956
Epoch: [8/23], Batch: 870/2963, Loss: 66.587, Trans_L2_m: 0.524, Yaw_err_deg: 1.156
Epoch: [8/23], Batch: 880/2963, Loss: 75.939, Trans_L2_m: 0.607, Yaw_err_deg: 1.447
Epoch: [8/23], Batch: 890/2963, Loss: 133.284, Trans_L2_m: 0.495, Yaw_err_deg: 2.867
Epoch: [8/23], Batch: 900/2963, Loss: 60.570, Trans_L2_m: 0.417, Yaw_err_deg: 1.680
Epoch: [8/23], Batch: 910/2963, Loss: 79.728, Trans_L2_m: 0.696, Yaw_err_deg: 1.743
Epoch: [8/23], Batch: 920/2963, Loss: 80.925, Trans_L2_m: 0.677, Yaw_err_deg: 1.485
Epoch: [8/23], Batch: 930/2963, Loss: 85.352, Trans_L2_m: 0.615, Yaw_err_deg: 1.446
Epoch: [8/23], Batch: 940/2963, Loss: 84.383, Trans_L2_m: 0.622, Yaw_err_deg: 1.728
Epoch: [8/23], Batch: 950/2963, Loss: 115.910, Trans_L2_m: 0.467, Yaw_err_deg: 2.560
Epoch: [8/23], Batch: 960/2963, Loss: 75.818, Trans_L2_m: 0.655, Yaw_err_deg: 1.414
Epoch: [8/23], Batch: 970/2963, Loss: 117.087, Trans_L2_m: 0.497, Yaw_err_deg: 2.012
Epoch: [8/23], Batch: 980/2963, Loss: 75.891, Trans_L2_m: 0.702, Yaw_err_deg: 1.619
Epoch: [8/23], Batch: 990/2963, Loss: 90.477, Trans_L2_m: 0.547, Yaw_err_deg: 2.028
Epoch: [8/23], Batch: 1000/2963, Loss: 102.488, Trans_L2_m: 0.483, Yaw_err_deg: 1.565
Epoch: [8/23], Batch: 1010/2963, Loss: 63.560, Trans_L2_m: 0.600, Yaw_err_deg: 1.354
Epoch: [8/23], Batch: 1020/2963, Loss: 73.309, Trans_L2_m: 0.704, Yaw_err_deg: 1.552
Epoch: [8/23], Batch: 1030/2963, Loss: 68.127, Trans_L2_m: 0.640, Yaw_err_deg: 1.425
Epoch: [8/23], Batch: 1040/2963, Loss: 79.831, Trans_L2_m: 0.543, Yaw_err_deg: 1.814
Epoch: [8/23], Batch: 1050/2963, Loss: 107.410, Trans_L2_m: 0.688, Yaw_err_deg: 2.153
Epoch: [8/23], Batch: 1060/2963, Loss: 1574.166, Trans_L2_m: 0.617, Yaw_err_deg: 1.869
Epoch: [8/23], Batch: 1070/2963, Loss: 75.001, Trans_L2_m: 0.422, Yaw_err_deg: 1.561
Epoch: [8/23], Batch: 1080/2963, Loss: 68.717, Trans_L2_m: 0.444, Yaw_err_deg: 1.627
Epoch: [8/23], Batch: 1090/2963, Loss: 66.174, Trans_L2_m: 0.500, Yaw_err_deg: 1.494
Epoch: [8/23], Batch: 1100/2963, Loss: 77.687, Trans_L2_m: 0.691, Yaw_err_deg: 0.951
Epoch: [8/23], Batch: 1110/2963, Loss: 93.334, Trans_L2_m: 0.424, Yaw_err_deg: 1.710
Epoch: [8/23], Batch: 1120/2963, Loss: 75.557, Trans_L2_m: 0.512, Yaw_err_deg: 1.794
Epoch: [8/23], Batch: 1130/2963, Loss: 124.159, Trans_L2_m: 0.481, Yaw_err_deg: 2.610
Epoch: [8/23], Batch: 1140/2963, Loss: 72.324, Trans_L2_m: 0.525, Yaw_err_deg: 1.355
Epoch: [8/23], Batch: 1150/2963, Loss: 687.215, Trans_L2_m: 0.674, Yaw_err_deg: 1.898
Epoch: [8/23], Batch: 1160/2963, Loss: 112.088, Trans_L2_m: 0.428, Yaw_err_deg: 2.555
Epoch: [8/23], Batch: 1170/2963, Loss: 125.140, Trans_L2_m: 0.683, Yaw_err_deg: 2.229
Epoch: [8/23], Batch: 1180/2963, Loss: 101.428, Trans_L2_m: 0.528, Yaw_err_deg: 1.842
Epoch: [8/23], Batch: 1190/2963, Loss: 83.367, Trans_L2_m: 0.581, Yaw_err_deg: 1.521
Epoch: [8/23], Batch: 1200/2963, Loss: 66.529, Trans_L2_m: 0.566, Yaw_err_deg: 1.070
Epoch: [8/23], Batch: 1210/2963, Loss: 78.675, Trans_L2_m: 0.532, Yaw_err_deg: 1.759
Epoch: [8/23], Batch: 1220/2963, Loss: 85.432, Trans_L2_m: 0.428, Yaw_err_deg: 2.042
Epoch: [8/23], Batch: 1230/2963, Loss: 115.843, Trans_L2_m: 0.450, Yaw_err_deg: 2.323
Epoch: [8/23], Batch: 1240/2963, Loss: 83.800, Trans_L2_m: 0.458, Yaw_err_deg: 1.594
Epoch: [8/23], Batch: 1250/2963, Loss: 342.055, Trans_L2_m: 0.596, Yaw_err_deg: 3.343
Epoch: [8/23], Batch: 1260/2963, Loss: 81.807, Trans_L2_m: 0.615, Yaw_err_deg: 1.756
Epoch: [8/23], Batch: 1270/2963, Loss: 87.113, Trans_L2_m: 0.480, Yaw_err_deg: 2.212
Epoch: [8/23], Batch: 1280/2963, Loss: 69.956, Trans_L2_m: 0.623, Yaw_err_deg: 1.402
Epoch: [8/23], Batch: 1290/2963, Loss: 84.451, Trans_L2_m: 0.442, Yaw_err_deg: 1.775
Epoch: [8/23], Batch: 1300/2963, Loss: 74.274, Trans_L2_m: 0.479, Yaw_err_deg: 1.474
Epoch: [8/23], Batch: 1310/2963, Loss: 65.873, Trans_L2_m: 0.561, Yaw_err_deg: 1.244
Epoch: [8/23], Batch: 1320/2963, Loss: 173.027, Trans_L2_m: 0.478, Yaw_err_deg: 2.707
Epoch: [8/23], Batch: 1330/2963, Loss: 75.800, Trans_L2_m: 0.513, Yaw_err_deg: 1.558
Epoch: [8/23], Batch: 1340/2963, Loss: 84.057, Trans_L2_m: 0.508, Yaw_err_deg: 1.685
Epoch: [8/23], Batch: 1350/2963, Loss: 216.738, Trans_L2_m: 0.608, Yaw_err_deg: 2.841
Epoch: [8/23], Batch: 1360/2963, Loss: 98.474, Trans_L2_m: 0.643, Yaw_err_deg: 1.748
Epoch: [8/23], Batch: 1370/2963, Loss: 79.370, Trans_L2_m: 0.471, Yaw_err_deg: 1.483
Epoch: [8/23], Batch: 1380/2963, Loss: 89.662, Trans_L2_m: 0.545, Yaw_err_deg: 1.667
Epoch: [8/23], Batch: 1390/2963, Loss: 91.981, Trans_L2_m: 0.487, Yaw_err_deg: 1.921
Epoch: [8/23], Batch: 1400/2963, Loss: 68.371, Trans_L2_m: 0.385, Yaw_err_deg: 1.440
Epoch: [8/23], Batch: 1410/2963, Loss: 73.060, Trans_L2_m: 0.671, Yaw_err_deg: 1.225
Epoch: [8/23], Batch: 1420/2963, Loss: 80.918, Trans_L2_m: 0.653, Yaw_err_deg: 1.596
Epoch: [8/23], Batch: 1430/2963, Loss: 86.273, Trans_L2_m: 0.670, Yaw_err_deg: 1.785
Epoch: [8/23], Batch: 1440/2963, Loss: 122.353, Trans_L2_m: 0.583, Yaw_err_deg: 2.915
Epoch: [8/23], Batch: 1450/2963, Loss: 61.024, Trans_L2_m: 0.476, Yaw_err_deg: 1.185
Epoch: [8/23], Batch: 1460/2963, Loss: 65.885, Trans_L2_m: 0.378, Yaw_err_deg: 1.421
Epoch: [8/23], Batch: 1470/2963, Loss: 70.944, Trans_L2_m: 0.583, Yaw_err_deg: 1.477
Epoch: [8/23], Batch: 1480/2963, Loss: 142.229, Trans_L2_m: 0.395, Yaw_err_deg: 3.187
Epoch: [8/23], Batch: 1490/2963, Loss: 82.724, Trans_L2_m: 0.553, Yaw_err_deg: 1.935
Epoch: [8/23], Batch: 1500/2963, Loss: 85.887, Trans_L2_m: 0.598, Yaw_err_deg: 1.929
Epoch: [8/23], Batch: 1510/2963, Loss: 88.817, Trans_L2_m: 0.459, Yaw_err_deg: 2.101
Epoch: [8/23], Batch: 1520/2963, Loss: 64.357, Trans_L2_m: 0.409, Yaw_err_deg: 1.525
Epoch: [8/23], Batch: 1530/2963, Loss: 88.119, Trans_L2_m: 0.527, Yaw_err_deg: 2.178
Epoch: [8/23], Batch: 1540/2963, Loss: 83.492, Trans_L2_m: 0.552, Yaw_err_deg: 1.536
Epoch: [8/23], Batch: 1550/2963, Loss: 63.424, Trans_L2_m: 0.529, Yaw_err_deg: 0.959
Epoch: [8/23], Batch: 1560/2963, Loss: 119.298, Trans_L2_m: 0.733, Yaw_err_deg: 2.451
Epoch: [8/23], Batch: 1570/2963, Loss: 77.025, Trans_L2_m: 0.625, Yaw_err_deg: 1.355
Epoch: [8/23], Batch: 1580/2963, Loss: 111.659, Trans_L2_m: 0.479, Yaw_err_deg: 2.324
Epoch: [8/23], Batch: 1590/2963, Loss: 68.963, Trans_L2_m: 0.532, Yaw_err_deg: 1.451
Epoch: [8/23], Batch: 1600/2963, Loss: 81.163, Trans_L2_m: 0.488, Yaw_err_deg: 1.815
Epoch: [8/23], Batch: 1610/2963, Loss: 84.993, Trans_L2_m: 0.690, Yaw_err_deg: 1.741
Epoch: [8/23], Batch: 1620/2963, Loss: 106.207, Trans_L2_m: 0.657, Yaw_err_deg: 2.600
Epoch: [8/23], Batch: 1630/2963, Loss: 65.394, Trans_L2_m: 0.377, Yaw_err_deg: 1.608
Epoch: [8/23], Batch: 1640/2963, Loss: 99.805, Trans_L2_m: 0.484, Yaw_err_deg: 2.523
Epoch: [8/23], Batch: 1650/2963, Loss: 70.665, Trans_L2_m: 0.461, Yaw_err_deg: 1.203
Epoch: [8/23], Batch: 1660/2963, Loss: 63.161, Trans_L2_m: 0.622, Yaw_err_deg: 1.084
Epoch: [8/23], Batch: 1670/2963, Loss: 96.271, Trans_L2_m: 0.549, Yaw_err_deg: 2.278
Epoch: [8/23], Batch: 1680/2963, Loss: 88.318, Trans_L2_m: 0.495, Yaw_err_deg: 1.865
Epoch: [8/23], Batch: 1690/2963, Loss: 76.735, Trans_L2_m: 0.478, Yaw_err_deg: 1.504
Epoch: [8/23], Batch: 1700/2963, Loss: 107.048, Trans_L2_m: 0.604, Yaw_err_deg: 2.432
Epoch: [8/23], Batch: 1710/2963, Loss: 66.696, Trans_L2_m: 0.419, Yaw_err_deg: 1.422
Epoch: [8/23], Batch: 1720/2963, Loss: 61.772, Trans_L2_m: 0.537, Yaw_err_deg: 1.075
Epoch: [8/23], Batch: 1730/2963, Loss: 90.276, Trans_L2_m: 0.528, Yaw_err_deg: 2.168
Epoch: [8/23], Batch: 1740/2963, Loss: 101.478, Trans_L2_m: 0.422, Yaw_err_deg: 2.333
Epoch: [8/23], Batch: 1750/2963, Loss: 69.917, Trans_L2_m: 0.691, Yaw_err_deg: 1.431
Epoch: [8/23], Batch: 1760/2963, Loss: 113.384, Trans_L2_m: 0.542, Yaw_err_deg: 2.844
Epoch: [8/23], Batch: 1770/2963, Loss: 83.143, Trans_L2_m: 0.723, Yaw_err_deg: 1.671
Epoch: [8/23], Batch: 1780/2963, Loss: 79.408, Trans_L2_m: 0.523, Yaw_err_deg: 1.748
Epoch: [8/23], Batch: 1790/2963, Loss: 86.727, Trans_L2_m: 0.559, Yaw_err_deg: 2.081
Epoch: [8/23], Batch: 1800/2963, Loss: 66.341, Trans_L2_m: 0.520, Yaw_err_deg: 1.524
Epoch: [8/23], Batch: 1810/2963, Loss: 97.805, Trans_L2_m: 0.536, Yaw_err_deg: 2.194
Epoch: [8/23], Batch: 1820/2963, Loss: 59.935, Trans_L2_m: 0.792, Yaw_err_deg: 1.146
Epoch: [8/23], Batch: 1830/2963, Loss: 88.436, Trans_L2_m: 0.727, Yaw_err_deg: 2.025
Epoch: [8/23], Batch: 1840/2963, Loss: 63.382, Trans_L2_m: 0.528, Yaw_err_deg: 1.427
Epoch: [8/23], Batch: 1850/2963, Loss: 159.665, Trans_L2_m: 0.499, Yaw_err_deg: 2.829
Epoch: [8/23], Batch: 1860/2963, Loss: 72.672, Trans_L2_m: 0.664, Yaw_err_deg: 1.158
Epoch: [8/23], Batch: 1870/2963, Loss: 96.072, Trans_L2_m: 0.530, Yaw_err_deg: 2.315
Epoch: [8/23], Batch: 1880/2963, Loss: 72.983, Trans_L2_m: 0.590, Yaw_err_deg: 1.374
Epoch: [8/23], Batch: 1890/2963, Loss: 84.970, Trans_L2_m: 0.523, Yaw_err_deg: 1.650
Epoch: [8/23], Batch: 1900/2963, Loss: 83.857, Trans_L2_m: 0.626, Yaw_err_deg: 1.870
Epoch: [8/23], Batch: 1910/2963, Loss: 86.563, Trans_L2_m: 0.543, Yaw_err_deg: 1.951
Epoch: [8/23], Batch: 1920/2963, Loss: 118.170, Trans_L2_m: 0.486, Yaw_err_deg: 2.381
Epoch: [8/23], Batch: 1930/2963, Loss: 87.889, Trans_L2_m: 0.507, Yaw_err_deg: 1.657
Epoch: [8/23], Batch: 1940/2963, Loss: 78.386, Trans_L2_m: 0.501, Yaw_err_deg: 1.420
Epoch: [8/23], Batch: 1950/2963, Loss: 135.995, Trans_L2_m: 0.507, Yaw_err_deg: 2.240
Epoch: [8/23], Batch: 1960/2963, Loss: 79.495, Trans_L2_m: 0.548, Yaw_err_deg: 1.494
Epoch: [8/23], Batch: 1970/2963, Loss: 109.929, Trans_L2_m: 0.480, Yaw_err_deg: 2.597
Epoch: [8/23], Batch: 1980/2963, Loss: 83.408, Trans_L2_m: 0.811, Yaw_err_deg: 1.615
Epoch: [8/23], Batch: 1990/2963, Loss: 71.802, Trans_L2_m: 0.671, Yaw_err_deg: 1.512
Epoch: [8/23], Batch: 2000/2963, Loss: 74.443, Trans_L2_m: 0.495, Yaw_err_deg: 1.665
Epoch: [8/23], Batch: 2010/2963, Loss: 88.138, Trans_L2_m: 0.604, Yaw_err_deg: 1.815
Epoch: [8/23], Batch: 2020/2963, Loss: 82.912, Trans_L2_m: 0.581, Yaw_err_deg: 1.406
Epoch: [8/23], Batch: 2030/2963, Loss: 80.492, Trans_L2_m: 0.379, Yaw_err_deg: 1.486
Epoch: [8/23], Batch: 2040/2963, Loss: 92.325, Trans_L2_m: 0.417, Yaw_err_deg: 1.849
Epoch: [8/23], Batch: 2050/2963, Loss: 72.340, Trans_L2_m: 0.712, Yaw_err_deg: 1.494
Epoch: [8/23], Batch: 2060/2963, Loss: 153.553, Trans_L2_m: 0.603, Yaw_err_deg: 2.897
Epoch: [8/23], Batch: 2070/2963, Loss: 78.113, Trans_L2_m: 0.593, Yaw_err_deg: 1.574
Epoch: [8/23], Batch: 2080/2963, Loss: 61.705, Trans_L2_m: 0.523, Yaw_err_deg: 1.101
Epoch: [8/23], Batch: 2090/2963, Loss: 67.588, Trans_L2_m: 0.539, Yaw_err_deg: 1.275
Epoch: [8/23], Batch: 2100/2963, Loss: 87.000, Trans_L2_m: 0.524, Yaw_err_deg: 1.545
Epoch: [8/23], Batch: 2110/2963, Loss: 86.072, Trans_L2_m: 0.536, Yaw_err_deg: 1.688
Epoch: [8/23], Batch: 2120/2963, Loss: 92.195, Trans_L2_m: 0.440, Yaw_err_deg: 1.950
Epoch: [8/23], Batch: 2130/2963, Loss: 68.593, Trans_L2_m: 0.675, Yaw_err_deg: 1.155
Epoch: [8/23], Batch: 2140/2963, Loss: 71.267, Trans_L2_m: 0.493, Yaw_err_deg: 1.196
Epoch: [8/23], Batch: 2150/2963, Loss: 77.478, Trans_L2_m: 0.487, Yaw_err_deg: 1.963
Epoch: [8/23], Batch: 2160/2963, Loss: 86.481, Trans_L2_m: 0.439, Yaw_err_deg: 1.919
Epoch: [8/23], Batch: 2170/2963, Loss: 94.791, Trans_L2_m: 0.682, Yaw_err_deg: 1.969
Epoch: [8/23], Batch: 2180/2963, Loss: 80.493, Trans_L2_m: 0.465, Yaw_err_deg: 1.718
Epoch: [8/23], Batch: 2190/2963, Loss: 77.541, Trans_L2_m: 0.447, Yaw_err_deg: 1.770
Epoch: [8/23], Batch: 2200/2963, Loss: 83.729, Trans_L2_m: 0.533, Yaw_err_deg: 1.670
Epoch: [8/23], Batch: 2210/2963, Loss: 76.625, Trans_L2_m: 0.619, Yaw_err_deg: 1.601
Epoch: [8/23], Batch: 2220/2963, Loss: 108.559, Trans_L2_m: 0.505, Yaw_err_deg: 2.656
Epoch: [8/23], Batch: 2230/2963, Loss: 76.134, Trans_L2_m: 0.542, Yaw_err_deg: 1.589
Epoch: [8/23], Batch: 2240/2963, Loss: 83.926, Trans_L2_m: 0.580, Yaw_err_deg: 1.556
Epoch: [8/23], Batch: 2250/2963, Loss: 72.654, Trans_L2_m: 0.626, Yaw_err_deg: 1.642
Epoch: [8/23], Batch: 2260/2963, Loss: 148.790, Trans_L2_m: 0.584, Yaw_err_deg: 2.331
Epoch: [8/23], Batch: 2270/2963, Loss: 68.723, Trans_L2_m: 0.444, Yaw_err_deg: 1.313
Epoch: [8/23], Batch: 2280/2963, Loss: 67.002, Trans_L2_m: 0.648, Yaw_err_deg: 1.189
Epoch: [8/23], Batch: 2290/2963, Loss: 137.380, Trans_L2_m: 0.446, Yaw_err_deg: 2.906
Epoch: [8/23], Batch: 2300/2963, Loss: 82.310, Trans_L2_m: 0.677, Yaw_err_deg: 1.653
Epoch: [8/23], Batch: 2310/2963, Loss: 95.346, Trans_L2_m: 0.606, Yaw_err_deg: 1.801
Epoch: [8/23], Batch: 2320/2963, Loss: 75.365, Trans_L2_m: 0.384, Yaw_err_deg: 1.666
Epoch: [8/23], Batch: 2330/2963, Loss: 83.634, Trans_L2_m: 0.480, Yaw_err_deg: 1.800
Epoch: [8/23], Batch: 2340/2963, Loss: 62.031, Trans_L2_m: 0.358, Yaw_err_deg: 1.163
Epoch: [8/23], Batch: 2350/2963, Loss: 104.324, Trans_L2_m: 0.333, Yaw_err_deg: 2.563
Epoch: [8/23], Batch: 2360/2963, Loss: 63.196, Trans_L2_m: 0.409, Yaw_err_deg: 1.058
Epoch: [8/23], Batch: 2370/2963, Loss: 97.310, Trans_L2_m: 0.399, Yaw_err_deg: 1.809
Epoch: [8/23], Batch: 2380/2963, Loss: 73.162, Trans_L2_m: 0.528, Yaw_err_deg: 1.650
Epoch: [8/23], Batch: 2390/2963, Loss: 249.613, Trans_L2_m: 0.515, Yaw_err_deg: 2.821
Epoch: [8/23], Batch: 2400/2963, Loss: 80.179, Trans_L2_m: 0.604, Yaw_err_deg: 1.997
Epoch: [8/23], Batch: 2410/2963, Loss: 237.266, Trans_L2_m: 0.379, Yaw_err_deg: 2.816
Epoch: [8/23], Batch: 2420/2963, Loss: 96.457, Trans_L2_m: 0.611, Yaw_err_deg: 2.216
Epoch: [8/23], Batch: 2430/2963, Loss: 71.318, Trans_L2_m: 0.627, Yaw_err_deg: 1.506
Epoch: [8/23], Batch: 2440/2963, Loss: 74.054, Trans_L2_m: 0.432, Yaw_err_deg: 1.622
Epoch: [8/23], Batch: 2450/2963, Loss: 69.302, Trans_L2_m: 0.468, Yaw_err_deg: 1.426
Epoch: [8/23], Batch: 2460/2963, Loss: 117.561, Trans_L2_m: 0.481, Yaw_err_deg: 2.366
Epoch: [8/23], Batch: 2470/2963, Loss: 84.925, Trans_L2_m: 0.552, Yaw_err_deg: 1.455
Epoch: [8/23], Batch: 2480/2963, Loss: 73.537, Trans_L2_m: 0.505, Yaw_err_deg: 1.770
Epoch: [8/23], Batch: 2490/2963, Loss: 63.757, Trans_L2_m: 0.551, Yaw_err_deg: 1.050
Epoch: [8/23], Batch: 2500/2963, Loss: 77.023, Trans_L2_m: 0.538, Yaw_err_deg: 1.456
Epoch: [8/23], Batch: 2510/2963, Loss: 60.903, Trans_L2_m: 0.432, Yaw_err_deg: 1.148
Epoch: [8/23], Batch: 2520/2963, Loss: 140.312, Trans_L2_m: 0.782, Yaw_err_deg: 1.660
Epoch: [8/23], Batch: 2530/2963, Loss: 84.588, Trans_L2_m: 0.381, Yaw_err_deg: 1.929
Epoch: [8/23], Batch: 2540/2963, Loss: 81.883, Trans_L2_m: 0.520, Yaw_err_deg: 1.823
Epoch: [8/23], Batch: 2550/2963, Loss: 62.272, Trans_L2_m: 0.518, Yaw_err_deg: 1.469
Epoch: [8/23], Batch: 2560/2963, Loss: 88.427, Trans_L2_m: 0.524, Yaw_err_deg: 1.719
Epoch: [8/23], Batch: 2570/2963, Loss: 63.324, Trans_L2_m: 0.634, Yaw_err_deg: 1.103
Epoch: [8/23], Batch: 2580/2963, Loss: 78.391, Trans_L2_m: 0.469, Yaw_err_deg: 2.022
Epoch: [8/23], Batch: 2590/2963, Loss: 80.890, Trans_L2_m: 0.520, Yaw_err_deg: 1.429
Epoch: [8/23], Batch: 2600/2963, Loss: 96.812, Trans_L2_m: 0.538, Yaw_err_deg: 1.834
Epoch: [8/23], Batch: 2610/2963, Loss: 75.741, Trans_L2_m: 0.533, Yaw_err_deg: 1.693
Epoch: [8/23], Batch: 2620/2963, Loss: 69.922, Trans_L2_m: 0.609, Yaw_err_deg: 1.048
Epoch: [8/23], Batch: 2630/2963, Loss: 78.324, Trans_L2_m: 0.414, Yaw_err_deg: 1.882
Epoch: [8/23], Batch: 2640/2963, Loss: 96.314, Trans_L2_m: 0.727, Yaw_err_deg: 2.134
Epoch: [8/23], Batch: 2650/2963, Loss: 84.381, Trans_L2_m: 0.654, Yaw_err_deg: 1.920
Epoch: [8/23], Batch: 2660/2963, Loss: 87.356, Trans_L2_m: 0.576, Yaw_err_deg: 1.778
Epoch: [8/23], Batch: 2670/2963, Loss: 65.614, Trans_L2_m: 0.499, Yaw_err_deg: 0.970
Epoch: [8/23], Batch: 2680/2963, Loss: 83.049, Trans_L2_m: 0.548, Yaw_err_deg: 1.457
Epoch: [8/23], Batch: 2690/2963, Loss: 87.025, Trans_L2_m: 0.508, Yaw_err_deg: 1.872
Epoch: [8/23], Batch: 2700/2963, Loss: 77.850, Trans_L2_m: 0.465, Yaw_err_deg: 1.780
Epoch: [8/23], Batch: 2710/2963, Loss: 70.087, Trans_L2_m: 0.546, Yaw_err_deg: 1.410
Epoch: [8/23], Batch: 2720/2963, Loss: 79.442, Trans_L2_m: 0.596, Yaw_err_deg: 1.785
Epoch: [8/23], Batch: 2730/2963, Loss: 100.724, Trans_L2_m: 0.647, Yaw_err_deg: 2.263
Epoch: [8/23], Batch: 2740/2963, Loss: 70.178, Trans_L2_m: 0.545, Yaw_err_deg: 1.506
Epoch: [8/23], Batch: 2750/2963, Loss: 68.889, Trans_L2_m: 0.543, Yaw_err_deg: 1.313
Epoch: [8/23], Batch: 2760/2963, Loss: 58.325, Trans_L2_m: 0.390, Yaw_err_deg: 1.194
Epoch: [8/23], Batch: 2770/2963, Loss: 73.592, Trans_L2_m: 0.503, Yaw_err_deg: 1.341
Epoch: [8/23], Batch: 2780/2963, Loss: 120.854, Trans_L2_m: 0.463, Yaw_err_deg: 2.492
Epoch: [8/23], Batch: 2790/2963, Loss: 74.216, Trans_L2_m: 0.470, Yaw_err_deg: 1.660
Epoch: [8/23], Batch: 2800/2963, Loss: 78.774, Trans_L2_m: 0.753, Yaw_err_deg: 0.980
Epoch: [8/23], Batch: 2810/2963, Loss: 67.083, Trans_L2_m: 0.484, Yaw_err_deg: 1.311
Epoch: [8/23], Batch: 2820/2963, Loss: 84.283, Trans_L2_m: 0.631, Yaw_err_deg: 1.836
Epoch: [8/23], Batch: 2830/2963, Loss: 68.596, Trans_L2_m: 0.566, Yaw_err_deg: 1.300
Epoch: [8/23], Batch: 2840/2963, Loss: 90.892, Trans_L2_m: 0.606, Yaw_err_deg: 2.120
Epoch: [8/23], Batch: 2850/2963, Loss: 70.621, Trans_L2_m: 0.633, Yaw_err_deg: 1.340
Epoch: [8/23], Batch: 2860/2963, Loss: 67.953, Trans_L2_m: 0.573, Yaw_err_deg: 1.205
Epoch: [8/23], Batch: 2870/2963, Loss: 59.398, Trans_L2_m: 0.531, Yaw_err_deg: 1.250
Epoch: [8/23], Batch: 2880/2963, Loss: 114.384, Trans_L2_m: 0.438, Yaw_err_deg: 2.772
Epoch: [8/23], Batch: 2890/2963, Loss: 84.787, Trans_L2_m: 0.549, Yaw_err_deg: 1.847
Epoch: [8/23], Batch: 2900/2963, Loss: 103.823, Trans_L2_m: 0.465, Yaw_err_deg: 2.472
Epoch: [8/23], Batch: 2910/2963, Loss: 78.105, Trans_L2_m: 0.541, Yaw_err_deg: 1.752
Epoch: [8/23], Batch: 2920/2963, Loss: 54.528, Trans_L2_m: 0.453, Yaw_err_deg: 0.871
Epoch: [8/23], Batch: 2930/2963, Loss: 78.696, Trans_L2_m: 0.709, Yaw_err_deg: 1.440
Epoch: [8/23], Batch: 2940/2963, Loss: 79.732, Trans_L2_m: 0.587, Yaw_err_deg: 1.445
Epoch: [8/23], Batch: 2950/2963, Loss: 195.087, Trans_L2_m: 0.450, Yaw_err_deg: 2.794
Epoch: [8/23], Batch: 2960/2963, Loss: 106.576, Trans_L2_m: 0.641, Yaw_err_deg: 2.005
Epoch: [9/23], Batch: 0/2963, Loss: 81.866, Trans_L2_m: 0.510, Yaw_err_deg: 1.768
Epoch: [9/23], Batch: 10/2963, Loss: 51.966, Trans_L2_m: 0.513, Yaw_err_deg: 1.084
Epoch: [9/23], Batch: 20/2963, Loss: 77.905, Trans_L2_m: 0.545, Yaw_err_deg: 1.306
Epoch: [9/23], Batch: 30/2963, Loss: 87.297, Trans_L2_m: 0.682, Yaw_err_deg: 1.591
Epoch: [9/23], Batch: 40/2963, Loss: 102.505, Trans_L2_m: 0.643, Yaw_err_deg: 1.985
Epoch: [9/23], Batch: 50/2963, Loss: 77.942, Trans_L2_m: 0.644, Yaw_err_deg: 1.447
Epoch: [9/23], Batch: 60/2963, Loss: 83.196, Trans_L2_m: 0.549, Yaw_err_deg: 1.303
Epoch: [9/23], Batch: 70/2963, Loss: 62.283, Trans_L2_m: 0.623, Yaw_err_deg: 1.266
Epoch: [9/23], Batch: 80/2963, Loss: 86.960, Trans_L2_m: 0.896, Yaw_err_deg: 1.483
Epoch: [9/23], Batch: 90/2963, Loss: 70.873, Trans_L2_m: 0.544, Yaw_err_deg: 1.419
Epoch: [9/23], Batch: 100/2963, Loss: 84.803, Trans_L2_m: 0.548, Yaw_err_deg: 1.742
Epoch: [9/23], Batch: 110/2963, Loss: 82.406, Trans_L2_m: 0.507, Yaw_err_deg: 1.630
Epoch: [9/23], Batch: 120/2963, Loss: 77.175, Trans_L2_m: 0.476, Yaw_err_deg: 1.791
Epoch: [9/23], Batch: 130/2963, Loss: 93.552, Trans_L2_m: 0.493, Yaw_err_deg: 1.953
Epoch: [9/23], Batch: 140/2963, Loss: 68.493, Trans_L2_m: 0.489, Yaw_err_deg: 1.376
Epoch: [9/23], Batch: 150/2963, Loss: 82.661, Trans_L2_m: 0.472, Yaw_err_deg: 1.706
Epoch: [9/23], Batch: 160/2963, Loss: 75.276, Trans_L2_m: 0.590, Yaw_err_deg: 1.314
Epoch: [9/23], Batch: 170/2963, Loss: 87.644, Trans_L2_m: 0.575, Yaw_err_deg: 1.850
Epoch: [9/23], Batch: 180/2963, Loss: 190.148, Trans_L2_m: 0.486, Yaw_err_deg: 3.071
Epoch: [9/23], Batch: 190/2963, Loss: 94.030, Trans_L2_m: 0.535, Yaw_err_deg: 1.854
Epoch: [9/23], Batch: 200/2963, Loss: 92.143, Trans_L2_m: 0.485, Yaw_err_deg: 2.179
Epoch: [9/23], Batch: 210/2963, Loss: 76.750, Trans_L2_m: 0.450, Yaw_err_deg: 1.741
Epoch: [9/23], Batch: 220/2963, Loss: 89.667, Trans_L2_m: 0.399, Yaw_err_deg: 2.348
Epoch: [9/23], Batch: 230/2963, Loss: 69.351, Trans_L2_m: 0.582, Yaw_err_deg: 1.551
Epoch: [9/23], Batch: 240/2963, Loss: 79.000, Trans_L2_m: 0.558, Yaw_err_deg: 1.680
Epoch: [9/23], Batch: 250/2963, Loss: 78.108, Trans_L2_m: 0.537, Yaw_err_deg: 1.708
Epoch: [9/23], Batch: 260/2963, Loss: 74.506, Trans_L2_m: 0.502, Yaw_err_deg: 1.371
Epoch: [9/23], Batch: 270/2963, Loss: 79.939, Trans_L2_m: 0.543, Yaw_err_deg: 1.793
Epoch: [9/23], Batch: 280/2963, Loss: 104.363, Trans_L2_m: 0.611, Yaw_err_deg: 2.263
Epoch: [9/23], Batch: 290/2963, Loss: 132.931, Trans_L2_m: 0.617, Yaw_err_deg: 2.760
Epoch: [9/23], Batch: 300/2963, Loss: 6777.900, Trans_L2_m: 0.644, Yaw_err_deg: 1.136
Epoch: [9/23], Batch: 310/2963, Loss: 89.688, Trans_L2_m: 0.530, Yaw_err_deg: 1.773
Epoch: [9/23], Batch: 320/2963, Loss: 70.192, Trans_L2_m: 0.552, Yaw_err_deg: 1.487
Epoch: [9/23], Batch: 330/2963, Loss: 73.959, Trans_L2_m: 0.475, Yaw_err_deg: 1.616
Epoch: [9/23], Batch: 340/2963, Loss: 67.630, Trans_L2_m: 0.433, Yaw_err_deg: 1.483
Epoch: [9/23], Batch: 350/2963, Loss: 76.472, Trans_L2_m: 0.624, Yaw_err_deg: 1.394
Epoch: [9/23], Batch: 360/2963, Loss: 65.526, Trans_L2_m: 0.407, Yaw_err_deg: 1.459
Epoch: [9/23], Batch: 370/2963, Loss: 71.439, Trans_L2_m: 0.514, Yaw_err_deg: 1.262
Epoch: [9/23], Batch: 380/2963, Loss: 77.207, Trans_L2_m: 0.506, Yaw_err_deg: 1.554
Epoch: [9/23], Batch: 390/2963, Loss: 78.903, Trans_L2_m: 0.467, Yaw_err_deg: 1.762
Epoch: [9/23], Batch: 400/2963, Loss: 56.449, Trans_L2_m: 0.500, Yaw_err_deg: 1.117
Epoch: [9/23], Batch: 410/2963, Loss: 66.416, Trans_L2_m: 0.584, Yaw_err_deg: 1.307
Epoch: [9/23], Batch: 420/2963, Loss: 65.157, Trans_L2_m: 0.733, Yaw_err_deg: 1.068
Epoch: [9/23], Batch: 430/2963, Loss: 67.127, Trans_L2_m: 0.567, Yaw_err_deg: 1.422
Epoch: [9/23], Batch: 440/2963, Loss: 78.857, Trans_L2_m: 0.552, Yaw_err_deg: 1.823
Epoch: [9/23], Batch: 450/2963, Loss: 69.898, Trans_L2_m: 0.428, Yaw_err_deg: 1.674
Epoch: [9/23], Batch: 460/2963, Loss: 73.337, Trans_L2_m: 0.662, Yaw_err_deg: 1.600
Epoch: [9/23], Batch: 470/2963, Loss: 100.395, Trans_L2_m: 0.547, Yaw_err_deg: 1.911
Epoch: [9/23], Batch: 480/2963, Loss: 68.547, Trans_L2_m: 0.616, Yaw_err_deg: 1.488
Epoch: [9/23], Batch: 490/2963, Loss: 88.640, Trans_L2_m: 0.498, Yaw_err_deg: 1.785
Epoch: [9/23], Batch: 500/2963, Loss: 74.249, Trans_L2_m: 0.606, Yaw_err_deg: 1.517
Epoch: [9/23], Batch: 510/2963, Loss: 65.660, Trans_L2_m: 0.678, Yaw_err_deg: 1.037
Epoch: [9/23], Batch: 520/2963, Loss: 437.565, Trans_L2_m: 0.707, Yaw_err_deg: 3.529
Epoch: [9/23], Batch: 530/2963, Loss: 173.771, Trans_L2_m: 0.736, Yaw_err_deg: 2.839
Epoch: [9/23], Batch: 540/2963, Loss: 65.577, Trans_L2_m: 0.477, Yaw_err_deg: 1.457
Epoch: [9/23], Batch: 550/2963, Loss: 58.470, Trans_L2_m: 0.386, Yaw_err_deg: 1.239
Epoch: [9/23], Batch: 560/2963, Loss: 59.998, Trans_L2_m: 0.569, Yaw_err_deg: 1.085
Epoch: [9/23], Batch: 570/2963, Loss: 66.445, Trans_L2_m: 0.455, Yaw_err_deg: 1.384
Epoch: [9/23], Batch: 580/2963, Loss: 86.942, Trans_L2_m: 0.556, Yaw_err_deg: 1.192
Epoch: [9/23], Batch: 590/2963, Loss: 60.655, Trans_L2_m: 0.649, Yaw_err_deg: 1.244
Epoch: [9/23], Batch: 600/2963, Loss: 104.249, Trans_L2_m: 0.477, Yaw_err_deg: 2.179
Epoch: [9/23], Batch: 610/2963, Loss: 69.514, Trans_L2_m: 0.477, Yaw_err_deg: 1.252
Epoch: [9/23], Batch: 620/2963, Loss: 90.641, Trans_L2_m: 0.443, Yaw_err_deg: 1.717
Epoch: [9/23], Batch: 630/2963, Loss: 78.684, Trans_L2_m: 0.579, Yaw_err_deg: 1.844
Epoch: [9/23], Batch: 640/2963, Loss: 69.790, Trans_L2_m: 0.548, Yaw_err_deg: 1.382
Epoch: [9/23], Batch: 650/2963, Loss: 94.334, Trans_L2_m: 0.513, Yaw_err_deg: 2.169
Epoch: [9/23], Batch: 660/2963, Loss: 74.122, Trans_L2_m: 0.786, Yaw_err_deg: 1.257
Epoch: [9/23], Batch: 670/2963, Loss: 179.387, Trans_L2_m: 0.424, Yaw_err_deg: 3.017
Epoch: [9/23], Batch: 680/2963, Loss: 78.789, Trans_L2_m: 0.553, Yaw_err_deg: 1.711
Epoch: [9/23], Batch: 690/2963, Loss: 94.387, Trans_L2_m: 0.489, Yaw_err_deg: 2.138
Epoch: [9/23], Batch: 700/2963, Loss: 72.493, Trans_L2_m: 0.609, Yaw_err_deg: 1.651
Epoch: [9/23], Batch: 710/2963, Loss: 174.303, Trans_L2_m: 0.356, Yaw_err_deg: 3.098
Epoch: [9/23], Batch: 720/2963, Loss: 95.988, Trans_L2_m: 0.846, Yaw_err_deg: 2.042
Epoch: [9/23], Batch: 730/2963, Loss: 82.926, Trans_L2_m: 0.346, Yaw_err_deg: 1.994
Epoch: [9/23], Batch: 740/2963, Loss: 108.929, Trans_L2_m: 0.517, Yaw_err_deg: 2.118
Epoch: [9/23], Batch: 750/2963, Loss: 125.531, Trans_L2_m: 0.465, Yaw_err_deg: 2.970
Epoch: [9/23], Batch: 760/2963, Loss: 218.536, Trans_L2_m: 0.438, Yaw_err_deg: 2.767
Epoch: [9/23], Batch: 770/2963, Loss: 60.356, Trans_L2_m: 0.470, Yaw_err_deg: 1.006
Epoch: [9/23], Batch: 780/2963, Loss: 79.927, Trans_L2_m: 0.524, Yaw_err_deg: 1.709
Epoch: [9/23], Batch: 790/2963, Loss: 71.929, Trans_L2_m: 0.614, Yaw_err_deg: 1.303
Epoch: [9/23], Batch: 800/2963, Loss: 76.671, Trans_L2_m: 0.421, Yaw_err_deg: 1.349
Epoch: [9/23], Batch: 810/2963, Loss: 72.865, Trans_L2_m: 0.350, Yaw_err_deg: 1.471
Epoch: [9/23], Batch: 820/2963, Loss: 98.906, Trans_L2_m: 0.671, Yaw_err_deg: 1.932
Epoch: [9/23], Batch: 830/2963, Loss: 90.334, Trans_L2_m: 0.385, Yaw_err_deg: 2.315
Epoch: [9/23], Batch: 840/2963, Loss: 56.697, Trans_L2_m: 0.537, Yaw_err_deg: 1.211
Epoch: [9/23], Batch: 850/2963, Loss: 67.305, Trans_L2_m: 0.507, Yaw_err_deg: 1.298
Epoch: [9/23], Batch: 860/2963, Loss: 73.864, Trans_L2_m: 0.468, Yaw_err_deg: 1.575
Epoch: [9/23], Batch: 870/2963, Loss: 67.453, Trans_L2_m: 0.403, Yaw_err_deg: 1.375
Epoch: [9/23], Batch: 880/2963, Loss: 103.593, Trans_L2_m: 0.527, Yaw_err_deg: 2.076
Epoch: [9/23], Batch: 890/2963, Loss: 71.279, Trans_L2_m: 0.338, Yaw_err_deg: 1.429
Epoch: [9/23], Batch: 900/2963, Loss: 85.535, Trans_L2_m: 0.482, Yaw_err_deg: 2.017
Epoch: [9/23], Batch: 910/2963, Loss: 58.761, Trans_L2_m: 0.480, Yaw_err_deg: 1.053
Epoch: [9/23], Batch: 920/2963, Loss: 78.596, Trans_L2_m: 0.708, Yaw_err_deg: 0.973
Epoch: [9/23], Batch: 930/2963, Loss: 77.581, Trans_L2_m: 0.466, Yaw_err_deg: 1.537
Epoch: [9/23], Batch: 940/2963, Loss: 60.578, Trans_L2_m: 0.549, Yaw_err_deg: 0.959
Epoch: [9/23], Batch: 950/2963, Loss: 86.132, Trans_L2_m: 0.503, Yaw_err_deg: 1.908
Epoch: [9/23], Batch: 960/2963, Loss: 76.254, Trans_L2_m: 0.558, Yaw_err_deg: 1.235
Epoch: [9/23], Batch: 970/2963, Loss: 78.920, Trans_L2_m: 0.734, Yaw_err_deg: 1.655
Epoch: [9/23], Batch: 980/2963, Loss: 81.571, Trans_L2_m: 0.490, Yaw_err_deg: 1.699
Epoch: [9/23], Batch: 990/2963, Loss: 88.499, Trans_L2_m: 0.510, Yaw_err_deg: 2.118
Epoch: [9/23], Batch: 1000/2963, Loss: 74.345, Trans_L2_m: 0.495, Yaw_err_deg: 1.707
Epoch: [9/23], Batch: 1010/2963, Loss: 85.268, Trans_L2_m: 0.552, Yaw_err_deg: 1.850
Epoch: [9/23], Batch: 1020/2963, Loss: 104.630, Trans_L2_m: 0.460, Yaw_err_deg: 2.165
Epoch: [9/23], Batch: 1030/2963, Loss: 89.528, Trans_L2_m: 0.466, Yaw_err_deg: 1.664
Epoch: [9/23], Batch: 1040/2963, Loss: 62.111, Trans_L2_m: 0.387, Yaw_err_deg: 1.171
Epoch: [9/23], Batch: 1050/2963, Loss: 69.556, Trans_L2_m: 0.545, Yaw_err_deg: 1.423
Epoch: [9/23], Batch: 1060/2963, Loss: 68.080, Trans_L2_m: 0.511, Yaw_err_deg: 1.406
Epoch: [9/23], Batch: 1070/2963, Loss: 89.790, Trans_L2_m: 0.525, Yaw_err_deg: 1.591
Epoch: [9/23], Batch: 1080/2963, Loss: 75.385, Trans_L2_m: 0.599, Yaw_err_deg: 1.636
Epoch: [9/23], Batch: 1090/2963, Loss: 79.925, Trans_L2_m: 0.571, Yaw_err_deg: 1.676
Epoch: [9/23], Batch: 1100/2963, Loss: 154.831, Trans_L2_m: 0.606, Yaw_err_deg: 2.519
Epoch: [9/23], Batch: 1110/2963, Loss: 84.326, Trans_L2_m: 0.567, Yaw_err_deg: 1.977
Epoch: [9/23], Batch: 1120/2963, Loss: 71.858, Trans_L2_m: 0.507, Yaw_err_deg: 1.191
Epoch: [9/23], Batch: 1130/2963, Loss: 73.115, Trans_L2_m: 0.484, Yaw_err_deg: 1.719
Epoch: [9/23], Batch: 1140/2963, Loss: 67.143, Trans_L2_m: 0.381, Yaw_err_deg: 1.408
Epoch: [9/23], Batch: 1150/2963, Loss: 71.331, Trans_L2_m: 0.619, Yaw_err_deg: 1.439
Epoch: [9/23], Batch: 1160/2963, Loss: 73.203, Trans_L2_m: 0.455, Yaw_err_deg: 1.847
Epoch: [9/23], Batch: 1170/2963, Loss: 57.408, Trans_L2_m: 0.666, Yaw_err_deg: 0.946
Epoch: [9/23], Batch: 1180/2963, Loss: 66.609, Trans_L2_m: 0.533, Yaw_err_deg: 1.326
Epoch: [9/23], Batch: 1190/2963, Loss: 77.342, Trans_L2_m: 0.676, Yaw_err_deg: 1.217
Epoch: [9/23], Batch: 1200/2963, Loss: 69.609, Trans_L2_m: 0.564, Yaw_err_deg: 1.224
Epoch: [9/23], Batch: 1210/2963, Loss: 85.840, Trans_L2_m: 0.527, Yaw_err_deg: 1.920
Epoch: [9/23], Batch: 1220/2963, Loss: 74.433, Trans_L2_m: 0.665, Yaw_err_deg: 1.277
Epoch: [9/23], Batch: 1230/2963, Loss: 78.029, Trans_L2_m: 0.583, Yaw_err_deg: 1.624
Epoch: [9/23], Batch: 1240/2963, Loss: 78.547, Trans_L2_m: 0.611, Yaw_err_deg: 1.480
Epoch: [9/23], Batch: 1250/2963, Loss: 86.564, Trans_L2_m: 0.343, Yaw_err_deg: 2.394
Epoch: [9/23], Batch: 1260/2963, Loss: 103.189, Trans_L2_m: 0.381, Yaw_err_deg: 1.987
Epoch: [9/23], Batch: 1270/2963, Loss: 66.549, Trans_L2_m: 0.472, Yaw_err_deg: 1.477
Epoch: [9/23], Batch: 1280/2963, Loss: 56.504, Trans_L2_m: 0.423, Yaw_err_deg: 1.152
Epoch: [9/23], Batch: 1290/2963, Loss: 68.761, Trans_L2_m: 0.646, Yaw_err_deg: 1.331
Epoch: [9/23], Batch: 1300/2963, Loss: 111.044, Trans_L2_m: 0.523, Yaw_err_deg: 2.272
Epoch: [9/23], Batch: 1310/2963, Loss: 98.886, Trans_L2_m: 0.502, Yaw_err_deg: 2.300
Epoch: [9/23], Batch: 1320/2963, Loss: 90.379, Trans_L2_m: 0.461, Yaw_err_deg: 2.134
Epoch: [9/23], Batch: 1330/2963, Loss: 66.205, Trans_L2_m: 0.503, Yaw_err_deg: 1.381
Epoch: [9/23], Batch: 1340/2963, Loss: 79.916, Trans_L2_m: 0.609, Yaw_err_deg: 1.402
Epoch: [9/23], Batch: 1350/2963, Loss: 81.875, Trans_L2_m: 0.672, Yaw_err_deg: 1.672
Epoch: [9/23], Batch: 1360/2963, Loss: 69.642, Trans_L2_m: 0.459, Yaw_err_deg: 1.295
Epoch: [9/23], Batch: 1370/2963, Loss: 79.066, Trans_L2_m: 0.754, Yaw_err_deg: 1.513
Epoch: [9/23], Batch: 1380/2963, Loss: 67.068, Trans_L2_m: 0.390, Yaw_err_deg: 1.367
Epoch: [9/23], Batch: 1390/2963, Loss: 78.005, Trans_L2_m: 0.603, Yaw_err_deg: 1.662
Epoch: [9/23], Batch: 1400/2963, Loss: 412.546, Trans_L2_m: 0.371, Yaw_err_deg: 3.388
Epoch: [9/23], Batch: 1410/2963, Loss: 66.636, Trans_L2_m: 0.481, Yaw_err_deg: 0.844
Epoch: [9/23], Batch: 1420/2963, Loss: 114.601, Trans_L2_m: 0.539, Yaw_err_deg: 2.149
Epoch: [9/23], Batch: 1430/2963, Loss: 84.699, Trans_L2_m: 0.539, Yaw_err_deg: 1.731
Epoch: [9/23], Batch: 1440/2963, Loss: 103.542, Trans_L2_m: 0.464, Yaw_err_deg: 2.445
Epoch: [9/23], Batch: 1450/2963, Loss: 66.959, Trans_L2_m: 0.346, Yaw_err_deg: 1.848
Epoch: [9/23], Batch: 1460/2963, Loss: 116.876, Trans_L2_m: 0.506, Yaw_err_deg: 2.697
Epoch: [9/23], Batch: 1470/2963, Loss: 61.612, Trans_L2_m: 0.665, Yaw_err_deg: 0.980
Epoch: [9/23], Batch: 1480/2963, Loss: 81.525, Trans_L2_m: 0.546, Yaw_err_deg: 1.671
Epoch: [9/23], Batch: 1490/2963, Loss: 147.438, Trans_L2_m: 0.536, Yaw_err_deg: 2.474
Epoch: [9/23], Batch: 1500/2963, Loss: 115.918, Trans_L2_m: 0.528, Yaw_err_deg: 2.215
Epoch: [9/23], Batch: 1510/2963, Loss: 77.538, Trans_L2_m: 0.575, Yaw_err_deg: 1.839
Epoch: [9/23], Batch: 1520/2963, Loss: 72.666, Trans_L2_m: 0.604, Yaw_err_deg: 1.802
Epoch: [9/23], Batch: 1530/2963, Loss: 72.490, Trans_L2_m: 0.549, Yaw_err_deg: 1.686
Epoch: [9/23], Batch: 1540/2963, Loss: 72.445, Trans_L2_m: 0.606, Yaw_err_deg: 1.396
Epoch: [9/23], Batch: 1550/2963, Loss: 73.208, Trans_L2_m: 0.561, Yaw_err_deg: 1.579
Epoch: [9/23], Batch: 1560/2963, Loss: 114.952, Trans_L2_m: 0.634, Yaw_err_deg: 2.702
Epoch: [9/23], Batch: 1570/2963, Loss: 82.783, Trans_L2_m: 0.509, Yaw_err_deg: 1.797
Epoch: [9/23], Batch: 1580/2963, Loss: 92.366, Trans_L2_m: 0.473, Yaw_err_deg: 1.664
Epoch: [9/23], Batch: 1590/2963, Loss: 74.646, Trans_L2_m: 0.674, Yaw_err_deg: 1.128
Epoch: [9/23], Batch: 1600/2963, Loss: 124.287, Trans_L2_m: 0.538, Yaw_err_deg: 2.337
Epoch: [9/23], Batch: 1610/2963, Loss: 64.063, Trans_L2_m: 0.534, Yaw_err_deg: 1.184
Epoch: [9/23], Batch: 1620/2963, Loss: 92.855, Trans_L2_m: 0.470, Yaw_err_deg: 2.024
Epoch: [9/23], Batch: 1630/2963, Loss: 83.553, Trans_L2_m: 0.586, Yaw_err_deg: 1.595
Epoch: [9/23], Batch: 1640/2963, Loss: 66.907, Trans_L2_m: 0.599, Yaw_err_deg: 1.454
Epoch: [9/23], Batch: 1650/2963, Loss: 68.498, Trans_L2_m: 0.564, Yaw_err_deg: 1.452
Epoch: [9/23], Batch: 1660/2963, Loss: 74.527, Trans_L2_m: 0.521, Yaw_err_deg: 1.497
Epoch: [9/23], Batch: 1670/2963, Loss: 70.129, Trans_L2_m: 0.463, Yaw_err_deg: 1.409
Epoch: [9/23], Batch: 1680/2963, Loss: 242.719, Trans_L2_m: 0.443, Yaw_err_deg: 3.472
Epoch: [9/23], Batch: 1690/2963, Loss: 81.764, Trans_L2_m: 0.505, Yaw_err_deg: 1.556
Epoch: [9/23], Batch: 1700/2963, Loss: 59.984, Trans_L2_m: 0.468, Yaw_err_deg: 1.555
Epoch: [9/23], Batch: 1710/2963, Loss: 52.630, Trans_L2_m: 0.337, Yaw_err_deg: 1.189
Epoch: [9/23], Batch: 1720/2963, Loss: 69.778, Trans_L2_m: 0.516, Yaw_err_deg: 1.166
Epoch: [9/23], Batch: 1730/2963, Loss: 71.647, Trans_L2_m: 0.529, Yaw_err_deg: 1.527
Epoch: [9/23], Batch: 1740/2963, Loss: 71.956, Trans_L2_m: 0.580, Yaw_err_deg: 1.136
Epoch: [9/23], Batch: 1750/2963, Loss: 81.749, Trans_L2_m: 0.732, Yaw_err_deg: 1.504
Epoch: [9/23], Batch: 1760/2963, Loss: 60.792, Trans_L2_m: 0.337, Yaw_err_deg: 1.383
Epoch: [9/23], Batch: 1770/2963, Loss: 62.817, Trans_L2_m: 0.487, Yaw_err_deg: 1.056
Epoch: [9/23], Batch: 1780/2963, Loss: 71.937, Trans_L2_m: 0.630, Yaw_err_deg: 1.177
Epoch: [9/23], Batch: 1790/2963, Loss: 61.699, Trans_L2_m: 0.644, Yaw_err_deg: 0.877
Epoch: [9/23], Batch: 1800/2963, Loss: 139.626, Trans_L2_m: 0.569, Yaw_err_deg: 2.259
Epoch: [9/23], Batch: 1810/2963, Loss: 63.577, Trans_L2_m: 0.548, Yaw_err_deg: 1.110
Epoch: [9/23], Batch: 1820/2963, Loss: 83.469, Trans_L2_m: 0.585, Yaw_err_deg: 1.855
Epoch: [9/23], Batch: 1830/2963, Loss: 92.498, Trans_L2_m: 0.588, Yaw_err_deg: 1.911
Epoch: [9/23], Batch: 1840/2963, Loss: 89.652, Trans_L2_m: 0.583, Yaw_err_deg: 2.113
Epoch: [9/23], Batch: 1850/2963, Loss: 85.474, Trans_L2_m: 0.573, Yaw_err_deg: 1.711
Epoch: [9/23], Batch: 1860/2963, Loss: 96.542, Trans_L2_m: 0.649, Yaw_err_deg: 2.053
Epoch: [9/23], Batch: 1870/2963, Loss: 63.667, Trans_L2_m: 0.537, Yaw_err_deg: 1.386
Epoch: [9/23], Batch: 1880/2963, Loss: 109.984, Trans_L2_m: 0.466, Yaw_err_deg: 2.200
Epoch: [9/23], Batch: 1890/2963, Loss: 110.609, Trans_L2_m: 0.690, Yaw_err_deg: 2.120
Epoch: [9/23], Batch: 1900/2963, Loss: 74.822, Trans_L2_m: 0.567, Yaw_err_deg: 1.337
Epoch: [9/23], Batch: 1910/2963, Loss: 53.767, Trans_L2_m: 0.479, Yaw_err_deg: 0.916
Epoch: [9/23], Batch: 1920/2963, Loss: 60.881, Trans_L2_m: 0.527, Yaw_err_deg: 1.153
Epoch: [9/23], Batch: 1930/2963, Loss: 85.082, Trans_L2_m: 0.483, Yaw_err_deg: 1.953
Epoch: [9/23], Batch: 1940/2963, Loss: 75.804, Trans_L2_m: 0.590, Yaw_err_deg: 1.556
Epoch: [9/23], Batch: 1950/2963, Loss: 73.751, Trans_L2_m: 0.339, Yaw_err_deg: 1.934
Epoch: [9/23], Batch: 1960/2963, Loss: 80.391, Trans_L2_m: 0.523, Yaw_err_deg: 1.914
Epoch: [9/23], Batch: 1970/2963, Loss: 62.956, Trans_L2_m: 0.597, Yaw_err_deg: 1.239
Epoch: [9/23], Batch: 1980/2963, Loss: 88.080, Trans_L2_m: 0.588, Yaw_err_deg: 1.991
Epoch: [9/23], Batch: 1990/2963, Loss: 82.892, Trans_L2_m: 0.626, Yaw_err_deg: 1.683
Epoch: [9/23], Batch: 2000/2963, Loss: 75.573, Trans_L2_m: 0.646, Yaw_err_deg: 1.012
Epoch: [9/23], Batch: 2010/2963, Loss: 93.262, Trans_L2_m: 0.593, Yaw_err_deg: 2.034
Epoch: [9/23], Batch: 2020/2963, Loss: 82.222, Trans_L2_m: 0.562, Yaw_err_deg: 1.427
Epoch: [9/23], Batch: 2030/2963, Loss: 67.516, Trans_L2_m: 0.413, Yaw_err_deg: 1.387
Epoch: [9/23], Batch: 2040/2963, Loss: 102.532, Trans_L2_m: 0.592, Yaw_err_deg: 2.359
Epoch: [9/23], Batch: 2050/2963, Loss: 67.077, Trans_L2_m: 0.414, Yaw_err_deg: 1.439
Epoch: [9/23], Batch: 2060/2963, Loss: 68.308, Trans_L2_m: 0.440, Yaw_err_deg: 1.374
Epoch: [9/23], Batch: 2070/2963, Loss: 99.372, Trans_L2_m: 0.430, Yaw_err_deg: 2.108
Epoch: [9/23], Batch: 2080/2963, Loss: 67.282, Trans_L2_m: 0.598, Yaw_err_deg: 1.287
Epoch: [9/23], Batch: 2090/2963, Loss: 72.665, Trans_L2_m: 0.477, Yaw_err_deg: 1.708
Epoch: [9/23], Batch: 2100/2963, Loss: 88.291, Trans_L2_m: 0.505, Yaw_err_deg: 2.031
Epoch: [9/23], Batch: 2110/2963, Loss: 75.083, Trans_L2_m: 0.452, Yaw_err_deg: 1.842
Epoch: [9/23], Batch: 2120/2963, Loss: 116.221, Trans_L2_m: 0.697, Yaw_err_deg: 2.462
Epoch: [9/23], Batch: 2130/2963, Loss: 63.301, Trans_L2_m: 0.589, Yaw_err_deg: 1.324
Epoch: [9/23], Batch: 2140/2963, Loss: 102.723, Trans_L2_m: 0.595, Yaw_err_deg: 2.478
Epoch: [9/23], Batch: 2150/2963, Loss: 81.603, Trans_L2_m: 0.359, Yaw_err_deg: 1.518
Epoch: [9/23], Batch: 2160/2963, Loss: 72.476, Trans_L2_m: 0.653, Yaw_err_deg: 1.324
Epoch: [9/23], Batch: 2170/2963, Loss: 52.475, Trans_L2_m: 0.376, Yaw_err_deg: 1.053
Epoch: [9/23], Batch: 2180/2963, Loss: 65.871, Trans_L2_m: 0.608, Yaw_err_deg: 1.031
Epoch: [9/23], Batch: 2190/2963, Loss: 50.128, Trans_L2_m: 0.557, Yaw_err_deg: 0.601
Epoch: [9/23], Batch: 2200/2963, Loss: 80.585, Trans_L2_m: 0.629, Yaw_err_deg: 1.122
Epoch: [9/23], Batch: 2210/2963, Loss: 81.442, Trans_L2_m: 0.427, Yaw_err_deg: 2.044
Epoch: [9/23], Batch: 2220/2963, Loss: 78.376, Trans_L2_m: 0.667, Yaw_err_deg: 1.155
Epoch: [9/23], Batch: 2230/2963, Loss: 77.554, Trans_L2_m: 0.505, Yaw_err_deg: 1.546
Epoch: [9/23], Batch: 2240/2963, Loss: 75.870, Trans_L2_m: 0.568, Yaw_err_deg: 1.337
Epoch: [9/23], Batch: 2250/2963, Loss: 75.448, Trans_L2_m: 0.535, Yaw_err_deg: 1.700
Epoch: [9/23], Batch: 2260/2963, Loss: 98.422, Trans_L2_m: 0.544, Yaw_err_deg: 1.970
Epoch: [9/23], Batch: 2270/2963, Loss: 65.836, Trans_L2_m: 0.478, Yaw_err_deg: 1.053
Epoch: [9/23], Batch: 2280/2963, Loss: 126.812, Trans_L2_m: 0.502, Yaw_err_deg: 2.947
Epoch: [9/23], Batch: 2290/2963, Loss: 72.334, Trans_L2_m: 0.559, Yaw_err_deg: 1.275
Epoch: [9/23], Batch: 2300/2963, Loss: 90.665, Trans_L2_m: 0.440, Yaw_err_deg: 1.915
Epoch: [9/23], Batch: 2310/2963, Loss: 54.983, Trans_L2_m: 0.384, Yaw_err_deg: 1.021
Epoch: [9/23], Batch: 2320/2963, Loss: 86.138, Trans_L2_m: 0.640, Yaw_err_deg: 1.874
Epoch: [9/23], Batch: 2330/2963, Loss: 125.050, Trans_L2_m: 0.390, Yaw_err_deg: 2.499
Epoch: [9/23], Batch: 2340/2963, Loss: 62.224, Trans_L2_m: 0.490, Yaw_err_deg: 1.185
Epoch: [9/23], Batch: 2350/2963, Loss: 87.656, Trans_L2_m: 0.513, Yaw_err_deg: 1.741
Epoch: [9/23], Batch: 2360/2963, Loss: 78.464, Trans_L2_m: 0.379, Yaw_err_deg: 1.789
Epoch: [9/23], Batch: 2370/2963, Loss: 80.786, Trans_L2_m: 0.444, Yaw_err_deg: 1.572
Epoch: [9/23], Batch: 2380/2963, Loss: 77.252, Trans_L2_m: 0.523, Yaw_err_deg: 1.679
Epoch: [9/23], Batch: 2390/2963, Loss: 62.222, Trans_L2_m: 0.602, Yaw_err_deg: 1.161
Epoch: [9/23], Batch: 2400/2963, Loss: 67.565, Trans_L2_m: 0.611, Yaw_err_deg: 1.316
Epoch: [9/23], Batch: 2410/2963, Loss: 91.314, Trans_L2_m: 0.506, Yaw_err_deg: 2.006
Epoch: [9/23], Batch: 2420/2963, Loss: 63.549, Trans_L2_m: 0.383, Yaw_err_deg: 1.374
Epoch: [9/23], Batch: 2430/2963, Loss: 71.376, Trans_L2_m: 0.488, Yaw_err_deg: 1.189
Epoch: [9/23], Batch: 2440/2963, Loss: 62.744, Trans_L2_m: 0.573, Yaw_err_deg: 1.166
Epoch: [9/23], Batch: 2450/2963, Loss: 78.357, Trans_L2_m: 0.402, Yaw_err_deg: 1.936
Epoch: [9/23], Batch: 2460/2963, Loss: 84.838, Trans_L2_m: 0.690, Yaw_err_deg: 1.601
Epoch: [9/23], Batch: 2470/2963, Loss: 70.485, Trans_L2_m: 0.602, Yaw_err_deg: 1.416
Epoch: [9/23], Batch: 2480/2963, Loss: 161.213, Trans_L2_m: 0.518, Yaw_err_deg: 2.824
Epoch: [9/23], Batch: 2490/2963, Loss: 105.061, Trans_L2_m: 0.398, Yaw_err_deg: 2.371
Epoch: [9/23], Batch: 2500/2963, Loss: 98.197, Trans_L2_m: 0.515, Yaw_err_deg: 2.543
Epoch: [9/23], Batch: 2510/2963, Loss: 71.775, Trans_L2_m: 0.529, Yaw_err_deg: 1.435
Epoch: [9/23], Batch: 2520/2963, Loss: 73.878, Trans_L2_m: 0.438, Yaw_err_deg: 1.508
Epoch: [9/23], Batch: 2530/2963, Loss: 66.763, Trans_L2_m: 0.541, Yaw_err_deg: 1.449
Epoch: [9/23], Batch: 2540/2963, Loss: 74.284, Trans_L2_m: 0.545, Yaw_err_deg: 1.465
Epoch: [9/23], Batch: 2550/2963, Loss: 72.138, Trans_L2_m: 0.482, Yaw_err_deg: 1.676
Epoch: [9/23], Batch: 2560/2963, Loss: 96.246, Trans_L2_m: 0.503, Yaw_err_deg: 1.959
Epoch: [9/23], Batch: 2570/2963, Loss: 70.445, Trans_L2_m: 0.491, Yaw_err_deg: 1.423
Epoch: [9/23], Batch: 2580/2963, Loss: 64.689, Trans_L2_m: 0.629, Yaw_err_deg: 1.354
Epoch: [9/23], Batch: 2590/2963, Loss: 82.376, Trans_L2_m: 0.680, Yaw_err_deg: 1.825
Epoch: [9/23], Batch: 2600/2963, Loss: 65.431, Trans_L2_m: 0.566, Yaw_err_deg: 1.187
Epoch: [9/23], Batch: 2610/2963, Loss: 66.632, Trans_L2_m: 0.548, Yaw_err_deg: 1.259
Epoch: [9/23], Batch: 2620/2963, Loss: 87.523, Trans_L2_m: 0.577, Yaw_err_deg: 1.756
Epoch: [9/23], Batch: 2630/2963, Loss: 72.339, Trans_L2_m: 0.532, Yaw_err_deg: 1.631
Epoch: [9/23], Batch: 2640/2963, Loss: 69.198, Trans_L2_m: 0.427, Yaw_err_deg: 1.647
Epoch: [9/23], Batch: 2650/2963, Loss: 88.495, Trans_L2_m: 0.509, Yaw_err_deg: 1.424
Epoch: [9/23], Batch: 2660/2963, Loss: 54.108, Trans_L2_m: 0.497, Yaw_err_deg: 0.840
Epoch: [9/23], Batch: 2670/2963, Loss: 78.154, Trans_L2_m: 0.429, Yaw_err_deg: 1.312
Epoch: [9/23], Batch: 2680/2963, Loss: 71.683, Trans_L2_m: 0.472, Yaw_err_deg: 1.604
Epoch: [9/23], Batch: 2690/2963, Loss: 78.052, Trans_L2_m: 0.519, Yaw_err_deg: 1.745
Epoch: [9/23], Batch: 2700/2963, Loss: 77.395, Trans_L2_m: 0.493, Yaw_err_deg: 1.709
Epoch: [9/23], Batch: 2710/2963, Loss: 49.448, Trans_L2_m: 0.492, Yaw_err_deg: 0.940
Epoch: [9/23], Batch: 2720/2963, Loss: 86.963, Trans_L2_m: 0.713, Yaw_err_deg: 1.541
Epoch: [9/23], Batch: 2730/2963, Loss: 61.914, Trans_L2_m: 0.651, Yaw_err_deg: 1.063
Epoch: [9/23], Batch: 2740/2963, Loss: 53.017, Trans_L2_m: 0.462, Yaw_err_deg: 0.934
Epoch: [9/23], Batch: 2750/2963, Loss: 69.547, Trans_L2_m: 0.523, Yaw_err_deg: 1.519
Epoch: [9/23], Batch: 2760/2963, Loss: 71.376, Trans_L2_m: 0.513, Yaw_err_deg: 1.662
Epoch: [9/23], Batch: 2770/2963, Loss: 63.952, Trans_L2_m: 0.529, Yaw_err_deg: 1.233
Epoch: [9/23], Batch: 2780/2963, Loss: 105.682, Trans_L2_m: 0.442, Yaw_err_deg: 2.605
Epoch: [9/23], Batch: 2790/2963, Loss: 66.946, Trans_L2_m: 0.426, Yaw_err_deg: 1.378
Epoch: [9/23], Batch: 2800/2963, Loss: 69.025, Trans_L2_m: 0.482, Yaw_err_deg: 1.483
Epoch: [9/23], Batch: 2810/2963, Loss: 63.241, Trans_L2_m: 0.441, Yaw_err_deg: 1.405
Epoch: [9/23], Batch: 2820/2963, Loss: 63.268, Trans_L2_m: 0.387, Yaw_err_deg: 1.153
Epoch: [9/23], Batch: 2830/2963, Loss: 62.365, Trans_L2_m: 0.494, Yaw_err_deg: 0.950
Epoch: [9/23], Batch: 2840/2963, Loss: 101.867, Trans_L2_m: 0.523, Yaw_err_deg: 2.473
Epoch: [9/23], Batch: 2850/2963, Loss: 84.074, Trans_L2_m: 0.487, Yaw_err_deg: 1.863
Epoch: [9/23], Batch: 2860/2963, Loss: 84.970, Trans_L2_m: 0.494, Yaw_err_deg: 1.800
Epoch: [9/23], Batch: 2870/2963, Loss: 112.382, Trans_L2_m: 0.483, Yaw_err_deg: 2.365
Epoch: [9/23], Batch: 2880/2963, Loss: 79.811, Trans_L2_m: 0.414, Yaw_err_deg: 1.728
Epoch: [9/23], Batch: 2890/2963, Loss: 59.975, Trans_L2_m: 0.503, Yaw_err_deg: 1.106
Epoch: [9/23], Batch: 2900/2963, Loss: 58.954, Trans_L2_m: 0.387, Yaw_err_deg: 1.369
Epoch: [9/23], Batch: 2910/2963, Loss: 66.321, Trans_L2_m: 0.447, Yaw_err_deg: 1.463
Epoch: [9/23], Batch: 2920/2963, Loss: 69.500, Trans_L2_m: 0.433, Yaw_err_deg: 1.657
Epoch: [9/23], Batch: 2930/2963, Loss: 81.322, Trans_L2_m: 0.863, Yaw_err_deg: 1.410
Epoch: [9/23], Batch: 2940/2963, Loss: 65.952, Trans_L2_m: 0.634, Yaw_err_deg: 1.218
Epoch: [9/23], Batch: 2950/2963, Loss: 79.118, Trans_L2_m: 0.630, Yaw_err_deg: 1.747
Epoch: [9/23], Batch: 2960/2963, Loss: 67.809, Trans_L2_m: 0.555, Yaw_err_deg: 1.312
Validation loss (homography): 822.2456
Avg batch time: 1003.60 ms, total: 325.442 s
[1;94mSave the best of 822.2456665039062, at checkpoints/2025_12_27_best_checkpoint_zod_0.pth[0m
Epoch: [10/23], Batch: 0/2963, Loss: 67.245, Trans_L2_m: 0.466, Yaw_err_deg: 1.776
Epoch: [10/23], Batch: 10/2963, Loss: 67.648, Trans_L2_m: 0.478, Yaw_err_deg: 1.263
Epoch: [10/23], Batch: 20/2963, Loss: 81.087, Trans_L2_m: 0.591, Yaw_err_deg: 1.634
Epoch: [10/23], Batch: 30/2963, Loss: 75.172, Trans_L2_m: 0.420, Yaw_err_deg: 1.621
Epoch: [10/23], Batch: 40/2963, Loss: 78.585, Trans_L2_m: 0.437, Yaw_err_deg: 1.550
Epoch: [10/23], Batch: 50/2963, Loss: 76.076, Trans_L2_m: 0.315, Yaw_err_deg: 2.026
Epoch: [10/23], Batch: 60/2963, Loss: 56.403, Trans_L2_m: 0.398, Yaw_err_deg: 1.050
Epoch: [10/23], Batch: 70/2963, Loss: 128.007, Trans_L2_m: 0.560, Yaw_err_deg: 2.161
Epoch: [10/23], Batch: 80/2963, Loss: 63.970, Trans_L2_m: 0.515, Yaw_err_deg: 1.147
Epoch: [10/23], Batch: 90/2963, Loss: 293.333, Trans_L2_m: 0.575, Yaw_err_deg: 2.616
Epoch: [10/23], Batch: 100/2963, Loss: 62.960, Trans_L2_m: 0.559, Yaw_err_deg: 1.106
Epoch: [10/23], Batch: 110/2963, Loss: 79.698, Trans_L2_m: 0.595, Yaw_err_deg: 1.441
Epoch: [10/23], Batch: 120/2963, Loss: 79.636, Trans_L2_m: 0.554, Yaw_err_deg: 1.768
Epoch: [10/23], Batch: 130/2963, Loss: 62.128, Trans_L2_m: 0.395, Yaw_err_deg: 1.520
Epoch: [10/23], Batch: 140/2963, Loss: 54.660, Trans_L2_m: 0.446, Yaw_err_deg: 1.167
Epoch: [10/23], Batch: 150/2963, Loss: 61.217, Trans_L2_m: 0.501, Yaw_err_deg: 1.166
Epoch: [10/23], Batch: 160/2963, Loss: 64.165, Trans_L2_m: 0.597, Yaw_err_deg: 1.319
Epoch: [10/23], Batch: 170/2963, Loss: 54.310, Trans_L2_m: 0.452, Yaw_err_deg: 0.985
Epoch: [10/23], Batch: 180/2963, Loss: 76.913, Trans_L2_m: 0.495, Yaw_err_deg: 1.667
Epoch: [10/23], Batch: 190/2963, Loss: 71.470, Trans_L2_m: 0.477, Yaw_err_deg: 1.252
Epoch: [10/23], Batch: 200/2963, Loss: 68.451, Trans_L2_m: 0.416, Yaw_err_deg: 1.736
Epoch: [10/23], Batch: 210/2963, Loss: 136.258, Trans_L2_m: 0.542, Yaw_err_deg: 2.382
Epoch: [10/23], Batch: 220/2963, Loss: 73.824, Trans_L2_m: 0.614, Yaw_err_deg: 1.865
Epoch: [10/23], Batch: 230/2963, Loss: 79.349, Trans_L2_m: 0.387, Yaw_err_deg: 1.686
Epoch: [10/23], Batch: 240/2963, Loss: 94.802, Trans_L2_m: 0.569, Yaw_err_deg: 2.255
Epoch: [10/23], Batch: 250/2963, Loss: 83.049, Trans_L2_m: 0.405, Yaw_err_deg: 1.502
Epoch: [10/23], Batch: 260/2963, Loss: 74.934, Trans_L2_m: 0.479, Yaw_err_deg: 1.513
Epoch: [10/23], Batch: 270/2963, Loss: 85.277, Trans_L2_m: 0.438, Yaw_err_deg: 1.357
Epoch: [10/23], Batch: 280/2963, Loss: 78.629, Trans_L2_m: 0.453, Yaw_err_deg: 1.728
Epoch: [10/23], Batch: 290/2963, Loss: 78.359, Trans_L2_m: 0.520, Yaw_err_deg: 1.588
Epoch: [10/23], Batch: 300/2963, Loss: 77.309, Trans_L2_m: 0.505, Yaw_err_deg: 1.565
Epoch: [10/23], Batch: 310/2963, Loss: 74.087, Trans_L2_m: 0.496, Yaw_err_deg: 1.659
Epoch: [10/23], Batch: 320/2963, Loss: 82.080, Trans_L2_m: 0.581, Yaw_err_deg: 1.716
Epoch: [10/23], Batch: 330/2963, Loss: 62.342, Trans_L2_m: 0.515, Yaw_err_deg: 1.098
Epoch: [10/23], Batch: 340/2963, Loss: 64.503, Trans_L2_m: 0.517, Yaw_err_deg: 1.220
Epoch: [10/23], Batch: 350/2963, Loss: 69.888, Trans_L2_m: 0.437, Yaw_err_deg: 1.446
Epoch: [10/23], Batch: 360/2963, Loss: 70.874, Trans_L2_m: 0.632, Yaw_err_deg: 1.414
Epoch: [10/23], Batch: 370/2963, Loss: 78.179, Trans_L2_m: 0.550, Yaw_err_deg: 1.823
Epoch: [10/23], Batch: 380/2963, Loss: 79.349, Trans_L2_m: 0.605, Yaw_err_deg: 1.259
Epoch: [10/23], Batch: 390/2963, Loss: 73.781, Trans_L2_m: 0.402, Yaw_err_deg: 1.429
Epoch: [10/23], Batch: 400/2963, Loss: 78.901, Trans_L2_m: 0.629, Yaw_err_deg: 1.634
Epoch: [10/23], Batch: 410/2963, Loss: 66.285, Trans_L2_m: 0.673, Yaw_err_deg: 1.040
Epoch: [10/23], Batch: 420/2963, Loss: 65.399, Trans_L2_m: 0.484, Yaw_err_deg: 1.353
Epoch: [10/23], Batch: 430/2963, Loss: 62.825, Trans_L2_m: 0.564, Yaw_err_deg: 1.149
Epoch: [10/23], Batch: 440/2963, Loss: 73.209, Trans_L2_m: 0.521, Yaw_err_deg: 1.499
Epoch: [10/23], Batch: 450/2963, Loss: 78.030, Trans_L2_m: 0.517, Yaw_err_deg: 1.796
Epoch: [10/23], Batch: 460/2963, Loss: 58.815, Trans_L2_m: 0.422, Yaw_err_deg: 1.137
Epoch: [10/23], Batch: 470/2963, Loss: 72.209, Trans_L2_m: 0.470, Yaw_err_deg: 1.733
Epoch: [10/23], Batch: 480/2963, Loss: 65.098, Trans_L2_m: 0.621, Yaw_err_deg: 1.109
Epoch: [10/23], Batch: 490/2963, Loss: 95.720, Trans_L2_m: 0.411, Yaw_err_deg: 1.374
Epoch: [10/23], Batch: 500/2963, Loss: 54.364, Trans_L2_m: 0.411, Yaw_err_deg: 1.119
Epoch: [10/23], Batch: 510/2963, Loss: 93.740, Trans_L2_m: 0.660, Yaw_err_deg: 1.572
Epoch: [10/23], Batch: 520/2963, Loss: 71.672, Trans_L2_m: 0.493, Yaw_err_deg: 1.782
Epoch: [10/23], Batch: 530/2963, Loss: 67.811, Trans_L2_m: 0.531, Yaw_err_deg: 1.218
Epoch: [10/23], Batch: 540/2963, Loss: 63.341, Trans_L2_m: 0.575, Yaw_err_deg: 1.189
Epoch: [10/23], Batch: 550/2963, Loss: 87.141, Trans_L2_m: 0.433, Yaw_err_deg: 1.583
Epoch: [10/23], Batch: 560/2963, Loss: 69.811, Trans_L2_m: 0.452, Yaw_err_deg: 1.495
Epoch: [10/23], Batch: 570/2963, Loss: 103.408, Trans_L2_m: 0.495, Yaw_err_deg: 2.256
Epoch: [10/23], Batch: 580/2963, Loss: 68.403, Trans_L2_m: 0.344, Yaw_err_deg: 1.716
Epoch: [10/23], Batch: 590/2963, Loss: 67.532, Trans_L2_m: 0.496, Yaw_err_deg: 1.578
Epoch: [10/23], Batch: 600/2963, Loss: 131.445, Trans_L2_m: 0.666, Yaw_err_deg: 2.581
Epoch: [10/23], Batch: 610/2963, Loss: 61.558, Trans_L2_m: 0.406, Yaw_err_deg: 1.086
Epoch: [10/23], Batch: 620/2963, Loss: 83.303, Trans_L2_m: 0.490, Yaw_err_deg: 1.592
Epoch: [10/23], Batch: 630/2963, Loss: 65.499, Trans_L2_m: 0.327, Yaw_err_deg: 1.517
Epoch: [10/23], Batch: 640/2963, Loss: 59.800, Trans_L2_m: 0.337, Yaw_err_deg: 1.227
Epoch: [10/23], Batch: 650/2963, Loss: 59.283, Trans_L2_m: 0.458, Yaw_err_deg: 1.149
Epoch: [10/23], Batch: 660/2963, Loss: 73.196, Trans_L2_m: 0.558, Yaw_err_deg: 1.394
Epoch: [10/23], Batch: 670/2963, Loss: 66.301, Trans_L2_m: 0.566, Yaw_err_deg: 1.320
Epoch: [10/23], Batch: 680/2963, Loss: 60.199, Trans_L2_m: 0.466, Yaw_err_deg: 0.970
Epoch: [10/23], Batch: 690/2963, Loss: 55.249, Trans_L2_m: 0.597, Yaw_err_deg: 0.793
Epoch: [10/23], Batch: 700/2963, Loss: 61.632, Trans_L2_m: 0.427, Yaw_err_deg: 1.263
Epoch: [10/23], Batch: 710/2963, Loss: 82.102, Trans_L2_m: 0.551, Yaw_err_deg: 1.892
Epoch: [10/23], Batch: 720/2963, Loss: 105.340, Trans_L2_m: 0.329, Yaw_err_deg: 2.371
Epoch: [10/23], Batch: 730/2963, Loss: 71.556, Trans_L2_m: 0.607, Yaw_err_deg: 1.052
Epoch: [10/23], Batch: 740/2963, Loss: 69.050, Trans_L2_m: 0.724, Yaw_err_deg: 1.232
Epoch: [10/23], Batch: 750/2963, Loss: 62.054, Trans_L2_m: 0.474, Yaw_err_deg: 1.355
Epoch: [10/23], Batch: 760/2963, Loss: 57.436, Trans_L2_m: 0.486, Yaw_err_deg: 1.227
Epoch: [10/23], Batch: 770/2963, Loss: 104.421, Trans_L2_m: 0.548, Yaw_err_deg: 2.504
Epoch: [10/23], Batch: 780/2963, Loss: 109.952, Trans_L2_m: 0.604, Yaw_err_deg: 2.101
Epoch: [10/23], Batch: 790/2963, Loss: 76.242, Trans_L2_m: 0.377, Yaw_err_deg: 1.758
Epoch: [10/23], Batch: 800/2963, Loss: 59.865, Trans_L2_m: 0.504, Yaw_err_deg: 1.243
Epoch: [10/23], Batch: 810/2963, Loss: 92.807, Trans_L2_m: 0.487, Yaw_err_deg: 1.883
Epoch: [10/23], Batch: 820/2963, Loss: 87.760, Trans_L2_m: 0.406, Yaw_err_deg: 1.604
Epoch: [10/23], Batch: 830/2963, Loss: 72.263, Trans_L2_m: 0.674, Yaw_err_deg: 1.524
Epoch: [10/23], Batch: 840/2963, Loss: 71.581, Trans_L2_m: 0.389, Yaw_err_deg: 1.535
Epoch: [10/23], Batch: 850/2963, Loss: 86.695, Trans_L2_m: 0.403, Yaw_err_deg: 1.966
Epoch: [10/23], Batch: 860/2963, Loss: 72.009, Trans_L2_m: 0.480, Yaw_err_deg: 1.409
Epoch: [10/23], Batch: 870/2963, Loss: 57.604, Trans_L2_m: 0.368, Yaw_err_deg: 1.262
Epoch: [10/23], Batch: 880/2963, Loss: 101.156, Trans_L2_m: 0.650, Yaw_err_deg: 1.621
Epoch: [10/23], Batch: 890/2963, Loss: 102.149, Trans_L2_m: 0.536, Yaw_err_deg: 1.982
Epoch: [10/23], Batch: 900/2963, Loss: 86.020, Trans_L2_m: 0.535, Yaw_err_deg: 2.016
Epoch: [10/23], Batch: 910/2963, Loss: 65.720, Trans_L2_m: 0.592, Yaw_err_deg: 1.221
Epoch: [10/23], Batch: 920/2963, Loss: 66.406, Trans_L2_m: 0.509, Yaw_err_deg: 1.531
Epoch: [10/23], Batch: 930/2963, Loss: 61.328, Trans_L2_m: 0.491, Yaw_err_deg: 1.293
Epoch: [10/23], Batch: 940/2963, Loss: 71.672, Trans_L2_m: 0.635, Yaw_err_deg: 1.392
Epoch: [10/23], Batch: 950/2963, Loss: 84.981, Trans_L2_m: 0.458, Yaw_err_deg: 1.599
Epoch: [10/23], Batch: 960/2963, Loss: 79.792, Trans_L2_m: 0.353, Yaw_err_deg: 1.440
Epoch: [10/23], Batch: 970/2963, Loss: 96.581, Trans_L2_m: 0.335, Yaw_err_deg: 2.202
Epoch: [10/23], Batch: 980/2963, Loss: 63.715, Trans_L2_m: 0.487, Yaw_err_deg: 1.202
Epoch: [10/23], Batch: 990/2963, Loss: 76.506, Trans_L2_m: 0.657, Yaw_err_deg: 1.714
Epoch: [10/23], Batch: 1000/2963, Loss: 61.684, Trans_L2_m: 0.399, Yaw_err_deg: 1.466
Epoch: [10/23], Batch: 1010/2963, Loss: 75.675, Trans_L2_m: 0.631, Yaw_err_deg: 1.466
Epoch: [10/23], Batch: 1020/2963, Loss: 71.894, Trans_L2_m: 0.456, Yaw_err_deg: 1.204
Epoch: [10/23], Batch: 1030/2963, Loss: 81.476, Trans_L2_m: 0.331, Yaw_err_deg: 1.714
Epoch: [10/23], Batch: 1040/2963, Loss: 57.186, Trans_L2_m: 0.382, Yaw_err_deg: 0.960
Epoch: [10/23], Batch: 1050/2963, Loss: 74.225, Trans_L2_m: 0.516, Yaw_err_deg: 1.502
Epoch: [10/23], Batch: 1060/2963, Loss: 72.996, Trans_L2_m: 0.455, Yaw_err_deg: 1.674
Epoch: [10/23], Batch: 1070/2963, Loss: 53.362, Trans_L2_m: 0.425, Yaw_err_deg: 0.963
Epoch: [10/23], Batch: 1080/2963, Loss: 50.929, Trans_L2_m: 0.500, Yaw_err_deg: 0.965
Epoch: [10/23], Batch: 1090/2963, Loss: 72.220, Trans_L2_m: 0.508, Yaw_err_deg: 1.399
Epoch: [10/23], Batch: 1100/2963, Loss: 72.299, Trans_L2_m: 0.526, Yaw_err_deg: 1.712
Epoch: [10/23], Batch: 1110/2963, Loss: 75.979, Trans_L2_m: 0.531, Yaw_err_deg: 1.704
Epoch: [10/23], Batch: 1120/2963, Loss: 86.164, Trans_L2_m: 0.562, Yaw_err_deg: 1.757
Epoch: [10/23], Batch: 1130/2963, Loss: 63.630, Trans_L2_m: 0.328, Yaw_err_deg: 1.256
Epoch: [10/23], Batch: 1140/2963, Loss: 78.437, Trans_L2_m: 0.379, Yaw_err_deg: 1.595
Epoch: [10/23], Batch: 1150/2963, Loss: 70.027, Trans_L2_m: 0.460, Yaw_err_deg: 1.304
Epoch: [10/23], Batch: 1160/2963, Loss: 86.005, Trans_L2_m: 0.620, Yaw_err_deg: 1.559
Epoch: [10/23], Batch: 1170/2963, Loss: 78.071, Trans_L2_m: 0.619, Yaw_err_deg: 1.735
Epoch: [10/23], Batch: 1180/2963, Loss: 69.020, Trans_L2_m: 0.599, Yaw_err_deg: 1.513
Epoch: [10/23], Batch: 1190/2963, Loss: 80.730, Trans_L2_m: 0.365, Yaw_err_deg: 1.663
Epoch: [10/23], Batch: 1200/2963, Loss: 138.018, Trans_L2_m: 0.479, Yaw_err_deg: 2.515
Epoch: [10/23], Batch: 1210/2963, Loss: 79.297, Trans_L2_m: 0.459, Yaw_err_deg: 1.916
Epoch: [10/23], Batch: 1220/2963, Loss: 72.414, Trans_L2_m: 0.544, Yaw_err_deg: 1.219
Epoch: [10/23], Batch: 1230/2963, Loss: 62.382, Trans_L2_m: 0.498, Yaw_err_deg: 1.015
Epoch: [10/23], Batch: 1240/2963, Loss: 83.426, Trans_L2_m: 0.384, Yaw_err_deg: 1.684
Epoch: [10/23], Batch: 1250/2963, Loss: 60.006, Trans_L2_m: 0.351, Yaw_err_deg: 1.492
Epoch: [10/23], Batch: 1260/2963, Loss: 71.460, Trans_L2_m: 0.581, Yaw_err_deg: 1.215
Epoch: [10/23], Batch: 1270/2963, Loss: 74.839, Trans_L2_m: 0.463, Yaw_err_deg: 1.802
Epoch: [10/23], Batch: 1280/2963, Loss: 106.479, Trans_L2_m: 0.666, Yaw_err_deg: 1.974
Epoch: [10/23], Batch: 1290/2963, Loss: 66.171, Trans_L2_m: 0.396, Yaw_err_deg: 1.255
Epoch: [10/23], Batch: 1300/2963, Loss: 77.692, Trans_L2_m: 0.556, Yaw_err_deg: 1.508
Epoch: [10/23], Batch: 1310/2963, Loss: 69.675, Trans_L2_m: 0.683, Yaw_err_deg: 1.467
Epoch: [10/23], Batch: 1320/2963, Loss: 122.461, Trans_L2_m: 0.605, Yaw_err_deg: 1.790
Epoch: [10/23], Batch: 1330/2963, Loss: 73.761, Trans_L2_m: 0.475, Yaw_err_deg: 1.826
Epoch: [10/23], Batch: 1340/2963, Loss: 76.886, Trans_L2_m: 0.306, Yaw_err_deg: 1.764
Epoch: [10/23], Batch: 1350/2963, Loss: 60.366, Trans_L2_m: 0.481, Yaw_err_deg: 1.171
Epoch: [10/23], Batch: 1360/2963, Loss: 77.184, Trans_L2_m: 0.461, Yaw_err_deg: 1.630
Epoch: [10/23], Batch: 1370/2963, Loss: 73.696, Trans_L2_m: 0.585, Yaw_err_deg: 1.435
Epoch: [10/23], Batch: 1380/2963, Loss: 92.045, Trans_L2_m: 0.583, Yaw_err_deg: 1.534
Epoch: [10/23], Batch: 1390/2963, Loss: 79.053, Trans_L2_m: 0.483, Yaw_err_deg: 1.710
Epoch: [10/23], Batch: 1400/2963, Loss: 74.665, Trans_L2_m: 0.620, Yaw_err_deg: 1.303
Epoch: [10/23], Batch: 1410/2963, Loss: 86.742, Trans_L2_m: 0.713, Yaw_err_deg: 1.649
Epoch: [10/23], Batch: 1420/2963, Loss: 72.048, Trans_L2_m: 0.708, Yaw_err_deg: 1.207
Epoch: [10/23], Batch: 1430/2963, Loss: 71.136, Trans_L2_m: 0.503, Yaw_err_deg: 1.719
Epoch: [10/23], Batch: 1440/2963, Loss: 81.746, Trans_L2_m: 0.636, Yaw_err_deg: 1.705
Epoch: [10/23], Batch: 1450/2963, Loss: 73.559, Trans_L2_m: 0.484, Yaw_err_deg: 1.482
Epoch: [10/23], Batch: 1460/2963, Loss: 89.521, Trans_L2_m: 0.592, Yaw_err_deg: 1.720
Epoch: [10/23], Batch: 1470/2963, Loss: 67.239, Trans_L2_m: 0.527, Yaw_err_deg: 1.394
Epoch: [10/23], Batch: 1480/2963, Loss: 85.867, Trans_L2_m: 0.469, Yaw_err_deg: 1.937
Epoch: [10/23], Batch: 1490/2963, Loss: 68.676, Trans_L2_m: 0.469, Yaw_err_deg: 1.327
Epoch: [10/23], Batch: 1500/2963, Loss: 79.916, Trans_L2_m: 0.456, Yaw_err_deg: 1.603
Epoch: [10/23], Batch: 1510/2963, Loss: 89.671, Trans_L2_m: 0.446, Yaw_err_deg: 1.923
Epoch: [10/23], Batch: 1520/2963, Loss: 64.739, Trans_L2_m: 0.365, Yaw_err_deg: 1.417
Epoch: [10/23], Batch: 1530/2963, Loss: 66.066, Trans_L2_m: 0.528, Yaw_err_deg: 1.229
Epoch: [10/23], Batch: 1540/2963, Loss: 68.496, Trans_L2_m: 0.626, Yaw_err_deg: 1.274
Epoch: [10/23], Batch: 1550/2963, Loss: 103.133, Trans_L2_m: 0.486, Yaw_err_deg: 2.432
Epoch: [10/23], Batch: 1560/2963, Loss: 72.369, Trans_L2_m: 0.692, Yaw_err_deg: 1.062
Epoch: [10/23], Batch: 1570/2963, Loss: 175.472, Trans_L2_m: 0.392, Yaw_err_deg: 1.933
Epoch: [10/23], Batch: 1580/2963, Loss: 65.546, Trans_L2_m: 0.478, Yaw_err_deg: 1.441
Epoch: [10/23], Batch: 1590/2963, Loss: 92.666, Trans_L2_m: 0.480, Yaw_err_deg: 1.268
Epoch: [10/23], Batch: 1600/2963, Loss: 64.075, Trans_L2_m: 0.435, Yaw_err_deg: 0.967
Epoch: [10/23], Batch: 1610/2963, Loss: 81.353, Trans_L2_m: 0.449, Yaw_err_deg: 1.506
Epoch: [10/23], Batch: 1620/2963, Loss: 73.832, Trans_L2_m: 0.471, Yaw_err_deg: 1.517
Epoch: [10/23], Batch: 1630/2963, Loss: 68.240, Trans_L2_m: 0.367, Yaw_err_deg: 1.410
Epoch: [10/23], Batch: 1640/2963, Loss: 63.962, Trans_L2_m: 0.621, Yaw_err_deg: 1.277
Epoch: [10/23], Batch: 1650/2963, Loss: 57.668, Trans_L2_m: 0.527, Yaw_err_deg: 1.356
Epoch: [10/23], Batch: 1660/2963, Loss: 123.249, Trans_L2_m: 0.480, Yaw_err_deg: 2.072
Epoch: [10/23], Batch: 1670/2963, Loss: 61.051, Trans_L2_m: 0.500, Yaw_err_deg: 1.189
Epoch: [10/23], Batch: 1680/2963, Loss: 61.984, Trans_L2_m: 0.533, Yaw_err_deg: 0.942
Epoch: [10/23], Batch: 1690/2963, Loss: 68.929, Trans_L2_m: 0.516, Yaw_err_deg: 1.212
Epoch: [10/23], Batch: 1700/2963, Loss: 67.656, Trans_L2_m: 0.582, Yaw_err_deg: 1.043
Epoch: [10/23], Batch: 1710/2963, Loss: 95.355, Trans_L2_m: 0.452, Yaw_err_deg: 1.998
Epoch: [10/23], Batch: 1720/2963, Loss: 98.876, Trans_L2_m: 0.598, Yaw_err_deg: 1.803
Epoch: [10/23], Batch: 1730/2963, Loss: 69.970, Trans_L2_m: 0.619, Yaw_err_deg: 1.322
Epoch: [10/23], Batch: 1740/2963, Loss: 60.348, Trans_L2_m: 0.582, Yaw_err_deg: 0.977
Epoch: [10/23], Batch: 1750/2963, Loss: 97.044, Trans_L2_m: 0.416, Yaw_err_deg: 2.174
Epoch: [10/23], Batch: 1760/2963, Loss: 70.632, Trans_L2_m: 0.439, Yaw_err_deg: 1.810
Epoch: [10/23], Batch: 1770/2963, Loss: 83.635, Trans_L2_m: 0.448, Yaw_err_deg: 2.132
Epoch: [10/23], Batch: 1780/2963, Loss: 57.986, Trans_L2_m: 0.368, Yaw_err_deg: 1.238
Epoch: [10/23], Batch: 1790/2963, Loss: 76.051, Trans_L2_m: 0.514, Yaw_err_deg: 1.264
Epoch: [10/23], Batch: 1800/2963, Loss: 61.870, Trans_L2_m: 0.428, Yaw_err_deg: 1.329
Epoch: [10/23], Batch: 1810/2963, Loss: 67.732, Trans_L2_m: 0.606, Yaw_err_deg: 0.995
Epoch: [10/23], Batch: 1820/2963, Loss: 87.420, Trans_L2_m: 0.451, Yaw_err_deg: 2.045
Epoch: [10/23], Batch: 1830/2963, Loss: 66.793, Trans_L2_m: 0.432, Yaw_err_deg: 1.363
Epoch: [10/23], Batch: 1840/2963, Loss: 62.708, Trans_L2_m: 0.418, Yaw_err_deg: 1.578
Epoch: [10/23], Batch: 1850/2963, Loss: 64.363, Trans_L2_m: 0.291, Yaw_err_deg: 0.909
Epoch: [10/23], Batch: 1860/2963, Loss: 65.552, Trans_L2_m: 0.727, Yaw_err_deg: 1.195
Epoch: [10/23], Batch: 1870/2963, Loss: 57.797, Trans_L2_m: 0.490, Yaw_err_deg: 0.897
Epoch: [10/23], Batch: 1880/2963, Loss: 79.472, Trans_L2_m: 0.534, Yaw_err_deg: 1.834
Epoch: [10/23], Batch: 1890/2963, Loss: 64.498, Trans_L2_m: 0.429, Yaw_err_deg: 1.413
Epoch: [10/23], Batch: 1900/2963, Loss: 66.694, Trans_L2_m: 0.400, Yaw_err_deg: 1.278
Epoch: [10/23], Batch: 1910/2963, Loss: 75.905, Trans_L2_m: 0.563, Yaw_err_deg: 1.351
Epoch: [10/23], Batch: 1920/2963, Loss: 61.052, Trans_L2_m: 0.412, Yaw_err_deg: 1.278
Epoch: [10/23], Batch: 1930/2963, Loss: 72.115, Trans_L2_m: 0.506, Yaw_err_deg: 1.171
Epoch: [10/23], Batch: 1940/2963, Loss: 49.893, Trans_L2_m: 0.510, Yaw_err_deg: 0.625
Epoch: [10/23], Batch: 1950/2963, Loss: 70.636, Trans_L2_m: 0.444, Yaw_err_deg: 1.350
Epoch: [10/23], Batch: 1960/2963, Loss: 64.143, Trans_L2_m: 0.521, Yaw_err_deg: 1.236
Epoch: [10/23], Batch: 1970/2963, Loss: 63.461, Trans_L2_m: 0.369, Yaw_err_deg: 1.323
Epoch: [10/23], Batch: 1980/2963, Loss: 74.189, Trans_L2_m: 0.522, Yaw_err_deg: 1.617
Epoch: [10/23], Batch: 1990/2963, Loss: 79.495, Trans_L2_m: 0.596, Yaw_err_deg: 1.695
Epoch: [10/23], Batch: 2000/2963, Loss: 64.544, Trans_L2_m: 0.699, Yaw_err_deg: 1.116
Epoch: [10/23], Batch: 2010/2963, Loss: 61.954, Trans_L2_m: 0.576, Yaw_err_deg: 1.066
Epoch: [10/23], Batch: 2020/2963, Loss: 61.045, Trans_L2_m: 0.474, Yaw_err_deg: 1.297
Epoch: [10/23], Batch: 2030/2963, Loss: 85.959, Trans_L2_m: 0.432, Yaw_err_deg: 1.661
Epoch: [10/23], Batch: 2040/2963, Loss: 73.497, Trans_L2_m: 0.524, Yaw_err_deg: 1.238
Epoch: [10/23], Batch: 2050/2963, Loss: 65.765, Trans_L2_m: 0.519, Yaw_err_deg: 1.292
Epoch: [10/23], Batch: 2060/2963, Loss: 81.204, Trans_L2_m: 0.330, Yaw_err_deg: 2.129
Epoch: [10/23], Batch: 2070/2963, Loss: 60.429, Trans_L2_m: 0.471, Yaw_err_deg: 1.049
Epoch: [10/23], Batch: 2080/2963, Loss: 84.219, Trans_L2_m: 0.448, Yaw_err_deg: 1.766
Epoch: [10/23], Batch: 2090/2963, Loss: 50.976, Trans_L2_m: 0.433, Yaw_err_deg: 0.686
Epoch: [10/23], Batch: 2100/2963, Loss: 79.105, Trans_L2_m: 0.405, Yaw_err_deg: 1.663
Epoch: [10/23], Batch: 2110/2963, Loss: 61.483, Trans_L2_m: 0.456, Yaw_err_deg: 1.437
Epoch: [10/23], Batch: 2120/2963, Loss: 98.314, Trans_L2_m: 0.474, Yaw_err_deg: 2.381
Epoch: [10/23], Batch: 2130/2963, Loss: 60.845, Trans_L2_m: 0.399, Yaw_err_deg: 1.313
Epoch: [10/23], Batch: 2140/2963, Loss: 68.226, Trans_L2_m: 0.536, Yaw_err_deg: 1.326
Epoch: [10/23], Batch: 2150/2963, Loss: 60.395, Trans_L2_m: 0.529, Yaw_err_deg: 0.846
Epoch: [10/23], Batch: 2160/2963, Loss: 71.800, Trans_L2_m: 0.597, Yaw_err_deg: 1.150
Epoch: [10/23], Batch: 2170/2963, Loss: 83.456, Trans_L2_m: 0.335, Yaw_err_deg: 2.036
Epoch: [10/23], Batch: 2180/2963, Loss: 77.352, Trans_L2_m: 0.588, Yaw_err_deg: 1.404
Epoch: [10/23], Batch: 2190/2963, Loss: 4288.679, Trans_L2_m: 0.400, Yaw_err_deg: 1.461
Epoch: [10/23], Batch: 2200/2963, Loss: 82.949, Trans_L2_m: 0.597, Yaw_err_deg: 1.640
Epoch: [10/23], Batch: 2210/2963, Loss: 83.189, Trans_L2_m: 0.387, Yaw_err_deg: 1.821
Epoch: [10/23], Batch: 2220/2963, Loss: 60.986, Trans_L2_m: 0.435, Yaw_err_deg: 1.187
Epoch: [10/23], Batch: 2230/2963, Loss: 66.351, Trans_L2_m: 0.358, Yaw_err_deg: 1.208
Epoch: [10/23], Batch: 2240/2963, Loss: 62.721, Trans_L2_m: 0.578, Yaw_err_deg: 1.261
Epoch: [10/23], Batch: 2250/2963, Loss: 91.024, Trans_L2_m: 0.534, Yaw_err_deg: 1.808
Epoch: [10/23], Batch: 2260/2963, Loss: 57.817, Trans_L2_m: 0.509, Yaw_err_deg: 1.060
Epoch: [10/23], Batch: 2270/2963, Loss: 83.339, Trans_L2_m: 0.560, Yaw_err_deg: 1.984
Epoch: [10/23], Batch: 2280/2963, Loss: 69.708, Trans_L2_m: 0.574, Yaw_err_deg: 1.378
Epoch: [10/23], Batch: 2290/2963, Loss: 54.876, Trans_L2_m: 0.433, Yaw_err_deg: 1.050
Epoch: [10/23], Batch: 2300/2963, Loss: 71.121, Trans_L2_m: 0.442, Yaw_err_deg: 1.534
Epoch: [10/23], Batch: 2310/2963, Loss: 70.754, Trans_L2_m: 0.346, Yaw_err_deg: 1.365
Epoch: [10/23], Batch: 2320/2963, Loss: 63.345, Trans_L2_m: 0.620, Yaw_err_deg: 1.137
Epoch: [10/23], Batch: 2330/2963, Loss: 79.919, Trans_L2_m: 0.426, Yaw_err_deg: 1.887
Epoch: [10/23], Batch: 2340/2963, Loss: 59.574, Trans_L2_m: 0.418, Yaw_err_deg: 1.169
Epoch: [10/23], Batch: 2350/2963, Loss: 63.959, Trans_L2_m: 0.405, Yaw_err_deg: 0.952
Epoch: [10/23], Batch: 2360/2963, Loss: 59.567, Trans_L2_m: 0.503, Yaw_err_deg: 0.971
Epoch: [10/23], Batch: 2370/2963, Loss: 57.803, Trans_L2_m: 0.465, Yaw_err_deg: 1.196
Epoch: [10/23], Batch: 2380/2963, Loss: 68.802, Trans_L2_m: 0.687, Yaw_err_deg: 1.461
Epoch: [10/23], Batch: 2390/2963, Loss: 76.808, Trans_L2_m: 0.663, Yaw_err_deg: 1.565
Epoch: [10/23], Batch: 2400/2963, Loss: 92.437, Trans_L2_m: 0.404, Yaw_err_deg: 2.253
Epoch: [10/23], Batch: 2410/2963, Loss: 73.512, Trans_L2_m: 0.425, Yaw_err_deg: 1.826
Epoch: [10/23], Batch: 2420/2963, Loss: 173.656, Trans_L2_m: 0.583, Yaw_err_deg: 2.281
Epoch: [10/23], Batch: 2430/2963, Loss: 77.465, Trans_L2_m: 0.468, Yaw_err_deg: 1.580
Epoch: [10/23], Batch: 2440/2963, Loss: 65.498, Trans_L2_m: 0.429, Yaw_err_deg: 1.489
Epoch: [10/23], Batch: 2450/2963, Loss: 60.443, Trans_L2_m: 0.388, Yaw_err_deg: 0.938
Epoch: [10/23], Batch: 2460/2963, Loss: 79.095, Trans_L2_m: 0.603, Yaw_err_deg: 1.672
Epoch: [10/23], Batch: 2470/2963, Loss: 277.430, Trans_L2_m: 0.343, Yaw_err_deg: 1.476
Epoch: [10/23], Batch: 2480/2963, Loss: 67.807, Trans_L2_m: 0.487, Yaw_err_deg: 1.129
Epoch: [10/23], Batch: 2490/2963, Loss: 56.000, Trans_L2_m: 0.480, Yaw_err_deg: 1.492
Epoch: [10/23], Batch: 2500/2963, Loss: 70.831, Trans_L2_m: 0.742, Yaw_err_deg: 1.320
Epoch: [10/23], Batch: 2510/2963, Loss: 76.378, Trans_L2_m: 0.665, Yaw_err_deg: 1.378
Epoch: [10/23], Batch: 2520/2963, Loss: 66.469, Trans_L2_m: 0.524, Yaw_err_deg: 1.179
Epoch: [10/23], Batch: 2530/2963, Loss: 52.908, Trans_L2_m: 0.387, Yaw_err_deg: 0.802
Epoch: [10/23], Batch: 2540/2963, Loss: 99.068, Trans_L2_m: 0.366, Yaw_err_deg: 2.129
Epoch: [10/23], Batch: 2550/2963, Loss: 55.452, Trans_L2_m: 0.471, Yaw_err_deg: 1.022
Epoch: [10/23], Batch: 2560/2963, Loss: 68.443, Trans_L2_m: 0.550, Yaw_err_deg: 1.636
Epoch: [10/23], Batch: 2570/2963, Loss: 83.954, Trans_L2_m: 0.481, Yaw_err_deg: 1.866
Epoch: [10/23], Batch: 2580/2963, Loss: 77.185, Trans_L2_m: 0.435, Yaw_err_deg: 1.562
Epoch: [10/23], Batch: 2590/2963, Loss: 72.645, Trans_L2_m: 0.361, Yaw_err_deg: 1.665
Epoch: [10/23], Batch: 2600/2963, Loss: 94.296, Trans_L2_m: 0.460, Yaw_err_deg: 2.246
Epoch: [10/23], Batch: 2610/2963, Loss: 56.918, Trans_L2_m: 0.383, Yaw_err_deg: 1.001
Epoch: [10/23], Batch: 2620/2963, Loss: 71.461, Trans_L2_m: 0.452, Yaw_err_deg: 1.201
Epoch: [10/23], Batch: 2630/2963, Loss: 85.753, Trans_L2_m: 0.527, Yaw_err_deg: 1.617
Epoch: [10/23], Batch: 2640/2963, Loss: 89.319, Trans_L2_m: 0.489, Yaw_err_deg: 1.299
Epoch: [10/23], Batch: 2650/2963, Loss: 54.887, Trans_L2_m: 0.592, Yaw_err_deg: 1.023
Epoch: [10/23], Batch: 2660/2963, Loss: 76.758, Trans_L2_m: 0.616, Yaw_err_deg: 1.576
Epoch: [10/23], Batch: 2670/2963, Loss: 76.521, Trans_L2_m: 0.518, Yaw_err_deg: 1.334
Epoch: [10/23], Batch: 2680/2963, Loss: 76.986, Trans_L2_m: 0.526, Yaw_err_deg: 1.467
Epoch: [10/23], Batch: 2690/2963, Loss: 253.041, Trans_L2_m: 0.566, Yaw_err_deg: 2.915
Epoch: [10/23], Batch: 2700/2963, Loss: 69.379, Trans_L2_m: 0.499, Yaw_err_deg: 1.359
Epoch: [10/23], Batch: 2710/2963, Loss: 101.900, Trans_L2_m: 0.484, Yaw_err_deg: 2.419
Epoch: [10/23], Batch: 2720/2963, Loss: 59.046, Trans_L2_m: 0.549, Yaw_err_deg: 1.165
Epoch: [10/23], Batch: 2730/2963, Loss: 86.657, Trans_L2_m: 0.467, Yaw_err_deg: 1.522
Epoch: [10/23], Batch: 2740/2963, Loss: 64.410, Trans_L2_m: 0.513, Yaw_err_deg: 1.295
Epoch: [10/23], Batch: 2750/2963, Loss: 66.743, Trans_L2_m: 0.444, Yaw_err_deg: 1.379
Epoch: [10/23], Batch: 2760/2963, Loss: 67.909, Trans_L2_m: 0.555, Yaw_err_deg: 1.479
Epoch: [10/23], Batch: 2770/2963, Loss: 83.111, Trans_L2_m: 0.396, Yaw_err_deg: 1.775
Epoch: [10/23], Batch: 2780/2963, Loss: 75.215, Trans_L2_m: 0.447, Yaw_err_deg: 1.667
Epoch: [10/23], Batch: 2790/2963, Loss: 51.193, Trans_L2_m: 0.436, Yaw_err_deg: 0.852
Epoch: [10/23], Batch: 2800/2963, Loss: 61.983, Trans_L2_m: 0.345, Yaw_err_deg: 1.429
Epoch: [10/23], Batch: 2810/2963, Loss: 62.784, Trans_L2_m: 0.518, Yaw_err_deg: 1.363
Epoch: [10/23], Batch: 2820/2963, Loss: 64.865, Trans_L2_m: 0.468, Yaw_err_deg: 1.394
Epoch: [10/23], Batch: 2830/2963, Loss: 54.155, Trans_L2_m: 0.507, Yaw_err_deg: 0.959
Epoch: [10/23], Batch: 2840/2963, Loss: 79.343, Trans_L2_m: 0.740, Yaw_err_deg: 1.316
Epoch: [10/23], Batch: 2850/2963, Loss: 50.289, Trans_L2_m: 0.400, Yaw_err_deg: 0.847
Epoch: [10/23], Batch: 2860/2963, Loss: 79.315, Trans_L2_m: 0.392, Yaw_err_deg: 2.000
Epoch: [10/23], Batch: 2870/2963, Loss: 71.864, Trans_L2_m: 0.508, Yaw_err_deg: 1.404
Epoch: [10/23], Batch: 2880/2963, Loss: 73.675, Trans_L2_m: 0.578, Yaw_err_deg: 1.823
Epoch: [10/23], Batch: 2890/2963, Loss: 63.619, Trans_L2_m: 0.502, Yaw_err_deg: 1.369
Epoch: [10/23], Batch: 2900/2963, Loss: 69.482, Trans_L2_m: 0.518, Yaw_err_deg: 1.484
Epoch: [10/23], Batch: 2910/2963, Loss: 56.643, Trans_L2_m: 0.330, Yaw_err_deg: 1.030
Epoch: [10/23], Batch: 2920/2963, Loss: 83.143, Trans_L2_m: 0.408, Yaw_err_deg: 1.631
Epoch: [10/23], Batch: 2930/2963, Loss: 65.482, Trans_L2_m: 0.547, Yaw_err_deg: 1.080
Epoch: [10/23], Batch: 2940/2963, Loss: 62.415, Trans_L2_m: 0.467, Yaw_err_deg: 1.542
Epoch: [10/23], Batch: 2950/2963, Loss: 66.240, Trans_L2_m: 0.374, Yaw_err_deg: 1.506
Epoch: [10/23], Batch: 2960/2963, Loss: 73.140, Trans_L2_m: 0.380, Yaw_err_deg: 1.812
Epoch: [11/23], Batch: 0/2963, Loss: 44.596, Trans_L2_m: 0.547, Yaw_err_deg: 0.847
Epoch: [11/23], Batch: 10/2963, Loss: 61.800, Trans_L2_m: 0.434, Yaw_err_deg: 1.062
Epoch: [11/23], Batch: 20/2963, Loss: 64.888, Trans_L2_m: 0.504, Yaw_err_deg: 1.270
Epoch: [11/23], Batch: 30/2963, Loss: 59.493, Trans_L2_m: 0.465, Yaw_err_deg: 1.323
Epoch: [11/23], Batch: 40/2963, Loss: 61.036, Trans_L2_m: 0.587, Yaw_err_deg: 1.128
Epoch: [11/23], Batch: 50/2963, Loss: 68.113, Trans_L2_m: 0.556, Yaw_err_deg: 1.308
Epoch: [11/23], Batch: 60/2963, Loss: 82.879, Trans_L2_m: 0.480, Yaw_err_deg: 2.019
Epoch: [11/23], Batch: 70/2963, Loss: 65.038, Trans_L2_m: 0.290, Yaw_err_deg: 1.393
Epoch: [11/23], Batch: 80/2963, Loss: 64.943, Trans_L2_m: 0.400, Yaw_err_deg: 1.257
Epoch: [11/23], Batch: 90/2963, Loss: 74.189, Trans_L2_m: 0.530, Yaw_err_deg: 1.369
Epoch: [11/23], Batch: 100/2963, Loss: 56.136, Trans_L2_m: 0.424, Yaw_err_deg: 0.995
Epoch: [11/23], Batch: 110/2963, Loss: 65.941, Trans_L2_m: 0.618, Yaw_err_deg: 1.135
Epoch: [11/23], Batch: 120/2963, Loss: 64.529, Trans_L2_m: 0.535, Yaw_err_deg: 1.538
Epoch: [11/23], Batch: 130/2963, Loss: 86.286, Trans_L2_m: 0.479, Yaw_err_deg: 1.237
Epoch: [11/23], Batch: 140/2963, Loss: 52.697, Trans_L2_m: 0.357, Yaw_err_deg: 1.054
Epoch: [11/23], Batch: 150/2963, Loss: 107.414, Trans_L2_m: 0.571, Yaw_err_deg: 2.056
Epoch: [11/23], Batch: 160/2963, Loss: 73.531, Trans_L2_m: 0.469, Yaw_err_deg: 1.519
Epoch: [11/23], Batch: 170/2963, Loss: 82.872, Trans_L2_m: 0.445, Yaw_err_deg: 1.128
Epoch: [11/23], Batch: 180/2963, Loss: 59.499, Trans_L2_m: 0.528, Yaw_err_deg: 1.308
Epoch: [11/23], Batch: 190/2963, Loss: 77.745, Trans_L2_m: 0.699, Yaw_err_deg: 1.194
Epoch: [11/23], Batch: 200/2963, Loss: 78.468, Trans_L2_m: 0.817, Yaw_err_deg: 1.375
Epoch: [11/23], Batch: 210/2963, Loss: 76.670, Trans_L2_m: 0.781, Yaw_err_deg: 1.308
Epoch: [11/23], Batch: 220/2963, Loss: 60.954, Trans_L2_m: 0.325, Yaw_err_deg: 1.214
Epoch: [11/23], Batch: 230/2963, Loss: 70.471, Trans_L2_m: 0.319, Yaw_err_deg: 1.454
Epoch: [11/23], Batch: 240/2963, Loss: 83.927, Trans_L2_m: 0.300, Yaw_err_deg: 0.834
Epoch: [11/23], Batch: 250/2963, Loss: 58.728, Trans_L2_m: 0.552, Yaw_err_deg: 1.031
Epoch: [11/23], Batch: 260/2963, Loss: 54.808, Trans_L2_m: 0.368, Yaw_err_deg: 1.088
Epoch: [11/23], Batch: 270/2963, Loss: 87.838, Trans_L2_m: 0.418, Yaw_err_deg: 1.786
Epoch: [11/23], Batch: 280/2963, Loss: 60.685, Trans_L2_m: 0.416, Yaw_err_deg: 1.433
Epoch: [11/23], Batch: 290/2963, Loss: 57.295, Trans_L2_m: 0.335, Yaw_err_deg: 1.322
Epoch: [11/23], Batch: 300/2963, Loss: 65.251, Trans_L2_m: 0.663, Yaw_err_deg: 1.222
Epoch: [11/23], Batch: 310/2963, Loss: 67.661, Trans_L2_m: 0.450, Yaw_err_deg: 1.387
Epoch: [11/23], Batch: 320/2963, Loss: 112.802, Trans_L2_m: 0.528, Yaw_err_deg: 2.016
Epoch: [11/23], Batch: 330/2963, Loss: 69.796, Trans_L2_m: 0.589, Yaw_err_deg: 1.561
Epoch: [11/23], Batch: 340/2963, Loss: 84.063, Trans_L2_m: 0.506, Yaw_err_deg: 1.766
Epoch: [11/23], Batch: 350/2963, Loss: 93.559, Trans_L2_m: 0.354, Yaw_err_deg: 1.491
Epoch: [11/23], Batch: 360/2963, Loss: 74.160, Trans_L2_m: 0.387, Yaw_err_deg: 1.643
Epoch: [11/23], Batch: 370/2963, Loss: 60.739, Trans_L2_m: 0.497, Yaw_err_deg: 1.277
Epoch: [11/23], Batch: 380/2963, Loss: 88.888, Trans_L2_m: 0.510, Yaw_err_deg: 2.001
Epoch: [11/23], Batch: 390/2963, Loss: 57.564, Trans_L2_m: 0.418, Yaw_err_deg: 1.169
Epoch: [11/23], Batch: 400/2963, Loss: 73.636, Trans_L2_m: 0.439, Yaw_err_deg: 1.347
Epoch: [11/23], Batch: 410/2963, Loss: 67.049, Trans_L2_m: 0.555, Yaw_err_deg: 1.240
Epoch: [11/23], Batch: 420/2963, Loss: 75.885, Trans_L2_m: 0.474, Yaw_err_deg: 1.547
Epoch: [11/23], Batch: 430/2963, Loss: 55.978, Trans_L2_m: 0.393, Yaw_err_deg: 1.153
Epoch: [11/23], Batch: 440/2963, Loss: 101.400, Trans_L2_m: 0.434, Yaw_err_deg: 1.975
Epoch: [11/23], Batch: 450/2963, Loss: 51.618, Trans_L2_m: 0.384, Yaw_err_deg: 0.718
Epoch: [11/23], Batch: 460/2963, Loss: 67.990, Trans_L2_m: 0.443, Yaw_err_deg: 1.555
Epoch: [11/23], Batch: 470/2963, Loss: 72.637, Trans_L2_m: 0.447, Yaw_err_deg: 1.635
Epoch: [11/23], Batch: 480/2963, Loss: 71.675, Trans_L2_m: 0.516, Yaw_err_deg: 1.194
Epoch: [11/23], Batch: 490/2963, Loss: 69.582, Trans_L2_m: 0.607, Yaw_err_deg: 1.562
Epoch: [11/23], Batch: 500/2963, Loss: 72.727, Trans_L2_m: 0.586, Yaw_err_deg: 1.547
Epoch: [11/23], Batch: 510/2963, Loss: 79.111, Trans_L2_m: 0.555, Yaw_err_deg: 1.766
Epoch: [11/23], Batch: 520/2963, Loss: 140.335, Trans_L2_m: 0.447, Yaw_err_deg: 2.393
Epoch: [11/23], Batch: 530/2963, Loss: 54.172, Trans_L2_m: 0.499, Yaw_err_deg: 1.037
Epoch: [11/23], Batch: 540/2963, Loss: 77.070, Trans_L2_m: 0.524, Yaw_err_deg: 1.239
Epoch: [11/23], Batch: 550/2963, Loss: 187.220, Trans_L2_m: 0.555, Yaw_err_deg: 2.781
Epoch: [11/23], Batch: 560/2963, Loss: 56.838, Trans_L2_m: 0.307, Yaw_err_deg: 1.074
Epoch: [11/23], Batch: 570/2963, Loss: 59.364, Trans_L2_m: 0.462, Yaw_err_deg: 1.176
Epoch: [11/23], Batch: 580/2963, Loss: 53.115, Trans_L2_m: 0.566, Yaw_err_deg: 0.698
Epoch: [11/23], Batch: 590/2963, Loss: 70.699, Trans_L2_m: 0.514, Yaw_err_deg: 1.536
Epoch: [11/23], Batch: 600/2963, Loss: 58.455, Trans_L2_m: 0.377, Yaw_err_deg: 0.826
Epoch: [11/23], Batch: 610/2963, Loss: 63.044, Trans_L2_m: 0.463, Yaw_err_deg: 1.143
Epoch: [11/23], Batch: 620/2963, Loss: 58.167, Trans_L2_m: 0.482, Yaw_err_deg: 1.297
Epoch: [11/23], Batch: 630/2963, Loss: 66.276, Trans_L2_m: 0.446, Yaw_err_deg: 1.201
Epoch: [11/23], Batch: 640/2963, Loss: 92.028, Trans_L2_m: 0.236, Yaw_err_deg: 1.755
Epoch: [11/23], Batch: 650/2963, Loss: 76.366, Trans_L2_m: 0.432, Yaw_err_deg: 1.641
Epoch: [11/23], Batch: 660/2963, Loss: 96.706, Trans_L2_m: 0.554, Yaw_err_deg: 1.772
Epoch: [11/23], Batch: 670/2963, Loss: 65.401, Trans_L2_m: 0.393, Yaw_err_deg: 1.039
Epoch: [11/23], Batch: 680/2963, Loss: 77.163, Trans_L2_m: 0.531, Yaw_err_deg: 1.526
Epoch: [11/23], Batch: 690/2963, Loss: 61.124, Trans_L2_m: 0.563, Yaw_err_deg: 1.137
Epoch: [11/23], Batch: 700/2963, Loss: 64.203, Trans_L2_m: 0.401, Yaw_err_deg: 1.459
Epoch: [11/23], Batch: 710/2963, Loss: 64.193, Trans_L2_m: 0.446, Yaw_err_deg: 1.093
Epoch: [11/23], Batch: 720/2963, Loss: 59.942, Trans_L2_m: 0.421, Yaw_err_deg: 1.368
Epoch: [11/23], Batch: 730/2963, Loss: 75.850, Trans_L2_m: 0.474, Yaw_err_deg: 1.448
Epoch: [11/23], Batch: 740/2963, Loss: 63.026, Trans_L2_m: 0.420, Yaw_err_deg: 1.205
Epoch: [11/23], Batch: 750/2963, Loss: 58.516, Trans_L2_m: 0.433, Yaw_err_deg: 1.136
Epoch: [11/23], Batch: 760/2963, Loss: 88.137, Trans_L2_m: 0.518, Yaw_err_deg: 2.187
Epoch: [11/23], Batch: 770/2963, Loss: 77.471, Trans_L2_m: 0.558, Yaw_err_deg: 1.517
Epoch: [11/23], Batch: 780/2963, Loss: 66.913, Trans_L2_m: 0.447, Yaw_err_deg: 1.544
Epoch: [11/23], Batch: 790/2963, Loss: 66.241, Trans_L2_m: 0.656, Yaw_err_deg: 1.304
Epoch: [11/23], Batch: 800/2963, Loss: 63.043, Trans_L2_m: 0.622, Yaw_err_deg: 1.143
Epoch: [11/23], Batch: 810/2963, Loss: 59.589, Trans_L2_m: 0.566, Yaw_err_deg: 0.794
Epoch: [11/23], Batch: 820/2963, Loss: 74.540, Trans_L2_m: 0.496, Yaw_err_deg: 1.388
Epoch: [11/23], Batch: 830/2963, Loss: 55.724, Trans_L2_m: 0.479, Yaw_err_deg: 1.127
Epoch: [11/23], Batch: 840/2963, Loss: 55.148, Trans_L2_m: 0.411, Yaw_err_deg: 1.151
Epoch: [11/23], Batch: 850/2963, Loss: 56.498, Trans_L2_m: 0.527, Yaw_err_deg: 1.000
Epoch: [11/23], Batch: 860/2963, Loss: 61.771, Trans_L2_m: 0.420, Yaw_err_deg: 1.167
Epoch: [11/23], Batch: 870/2963, Loss: 65.107, Trans_L2_m: 0.473, Yaw_err_deg: 1.205
Epoch: [11/23], Batch: 880/2963, Loss: 74.834, Trans_L2_m: 0.494, Yaw_err_deg: 1.633
Epoch: [11/23], Batch: 890/2963, Loss: 78.095, Trans_L2_m: 0.392, Yaw_err_deg: 1.949
Epoch: [11/23], Batch: 900/2963, Loss: 79.912, Trans_L2_m: 0.473, Yaw_err_deg: 1.813
Epoch: [11/23], Batch: 910/2963, Loss: 58.746, Trans_L2_m: 0.381, Yaw_err_deg: 1.176
Epoch: [11/23], Batch: 920/2963, Loss: 55.127, Trans_L2_m: 0.462, Yaw_err_deg: 0.929
Epoch: [11/23], Batch: 930/2963, Loss: 57.590, Trans_L2_m: 0.467, Yaw_err_deg: 1.020
Epoch: [11/23], Batch: 940/2963, Loss: 73.217, Trans_L2_m: 0.447, Yaw_err_deg: 1.786
Epoch: [11/23], Batch: 950/2963, Loss: 50.337, Trans_L2_m: 0.426, Yaw_err_deg: 0.891
Epoch: [11/23], Batch: 960/2963, Loss: 60.887, Trans_L2_m: 0.280, Yaw_err_deg: 1.244
Epoch: [11/23], Batch: 970/2963, Loss: 72.974, Trans_L2_m: 0.564, Yaw_err_deg: 1.184
Epoch: [11/23], Batch: 980/2963, Loss: 72.715, Trans_L2_m: 0.557, Yaw_err_deg: 1.558
Epoch: [11/23], Batch: 990/2963, Loss: 76.059, Trans_L2_m: 0.416, Yaw_err_deg: 1.602
Epoch: [11/23], Batch: 1000/2963, Loss: 78.544, Trans_L2_m: 0.450, Yaw_err_deg: 1.710
Epoch: [11/23], Batch: 1010/2963, Loss: 62.221, Trans_L2_m: 0.539, Yaw_err_deg: 1.128
Epoch: [11/23], Batch: 1020/2963, Loss: 88.371, Trans_L2_m: 0.684, Yaw_err_deg: 1.410
Epoch: [11/23], Batch: 1030/2963, Loss: 50.313, Trans_L2_m: 0.384, Yaw_err_deg: 0.974
Epoch: [11/23], Batch: 1040/2963, Loss: 78.426, Trans_L2_m: 0.702, Yaw_err_deg: 1.745
Epoch: [11/23], Batch: 1050/2963, Loss: 69.726, Trans_L2_m: 0.552, Yaw_err_deg: 0.971
Epoch: [11/23], Batch: 1060/2963, Loss: 65.384, Trans_L2_m: 0.456, Yaw_err_deg: 1.459
Epoch: [11/23], Batch: 1070/2963, Loss: 69.336, Trans_L2_m: 0.356, Yaw_err_deg: 1.830
Epoch: [11/23], Batch: 1080/2963, Loss: 60.468, Trans_L2_m: 0.395, Yaw_err_deg: 0.887
Epoch: [11/23], Batch: 1090/2963, Loss: 58.726, Trans_L2_m: 0.509, Yaw_err_deg: 1.092
Epoch: [11/23], Batch: 1100/2963, Loss: 76.165, Trans_L2_m: 0.512, Yaw_err_deg: 1.611
Epoch: [11/23], Batch: 1110/2963, Loss: 66.334, Trans_L2_m: 0.321, Yaw_err_deg: 1.670
Epoch: [11/23], Batch: 1120/2963, Loss: 57.469, Trans_L2_m: 0.378, Yaw_err_deg: 1.292
Epoch: [11/23], Batch: 1130/2963, Loss: 143.121, Trans_L2_m: 0.443, Yaw_err_deg: 3.137
Epoch: [11/23], Batch: 1140/2963, Loss: 52.448, Trans_L2_m: 0.469, Yaw_err_deg: 0.997
Epoch: [11/23], Batch: 1150/2963, Loss: 71.814, Trans_L2_m: 0.521, Yaw_err_deg: 1.015
Epoch: [11/23], Batch: 1160/2963, Loss: 63.171, Trans_L2_m: 0.424, Yaw_err_deg: 1.101
Epoch: [11/23], Batch: 1170/2963, Loss: 52.110, Trans_L2_m: 0.540, Yaw_err_deg: 1.005
Epoch: [11/23], Batch: 1180/2963, Loss: 68.623, Trans_L2_m: 0.647, Yaw_err_deg: 1.406
Epoch: [11/23], Batch: 1190/2963, Loss: 55.441, Trans_L2_m: 0.522, Yaw_err_deg: 0.949
Epoch: [11/23], Batch: 1200/2963, Loss: 63.178, Trans_L2_m: 0.417, Yaw_err_deg: 1.200
Epoch: [11/23], Batch: 1210/2963, Loss: 54.139, Trans_L2_m: 0.581, Yaw_err_deg: 0.592
Epoch: [11/23], Batch: 1220/2963, Loss: 59.385, Trans_L2_m: 0.421, Yaw_err_deg: 1.047
Epoch: [11/23], Batch: 1230/2963, Loss: 68.937, Trans_L2_m: 0.509, Yaw_err_deg: 1.605
Epoch: [11/23], Batch: 1240/2963, Loss: 62.319, Trans_L2_m: 0.595, Yaw_err_deg: 1.159
Epoch: [11/23], Batch: 1250/2963, Loss: 65.024, Trans_L2_m: 0.702, Yaw_err_deg: 1.336
Epoch: [11/23], Batch: 1260/2963, Loss: 66.481, Trans_L2_m: 0.385, Yaw_err_deg: 1.388
Epoch: [11/23], Batch: 1270/2963, Loss: 56.765, Trans_L2_m: 0.504, Yaw_err_deg: 1.104
Epoch: [11/23], Batch: 1280/2963, Loss: 90.444, Trans_L2_m: 0.527, Yaw_err_deg: 1.646
Epoch: [11/23], Batch: 1290/2963, Loss: 62.302, Trans_L2_m: 0.507, Yaw_err_deg: 1.094
Epoch: [11/23], Batch: 1300/2963, Loss: 72.586, Trans_L2_m: 0.460, Yaw_err_deg: 1.169
Epoch: [11/23], Batch: 1310/2963, Loss: 53.716, Trans_L2_m: 0.392, Yaw_err_deg: 1.147
Epoch: [11/23], Batch: 1320/2963, Loss: 58.627, Trans_L2_m: 0.483, Yaw_err_deg: 1.181
Epoch: [11/23], Batch: 1330/2963, Loss: 57.860, Trans_L2_m: 0.447, Yaw_err_deg: 1.103
Epoch: [11/23], Batch: 1340/2963, Loss: 93.415, Trans_L2_m: 0.360, Yaw_err_deg: 1.984
Epoch: [11/23], Batch: 1350/2963, Loss: 62.066, Trans_L2_m: 0.392, Yaw_err_deg: 1.169
Epoch: [11/23], Batch: 1360/2963, Loss: 70.141, Trans_L2_m: 0.348, Yaw_err_deg: 1.394
Epoch: [11/23], Batch: 1370/2963, Loss: 53.567, Trans_L2_m: 0.467, Yaw_err_deg: 0.963
Epoch: [11/23], Batch: 1380/2963, Loss: 61.986, Trans_L2_m: 0.357, Yaw_err_deg: 1.499
Epoch: [11/23], Batch: 1390/2963, Loss: 51.520, Trans_L2_m: 0.368, Yaw_err_deg: 0.929
Epoch: [11/23], Batch: 1400/2963, Loss: 65.997, Trans_L2_m: 0.405, Yaw_err_deg: 1.342
Epoch: [11/23], Batch: 1410/2963, Loss: 108.739, Trans_L2_m: 0.484, Yaw_err_deg: 1.873
Epoch: [11/23], Batch: 1420/2963, Loss: 74.542, Trans_L2_m: 0.465, Yaw_err_deg: 1.577
Epoch: [11/23], Batch: 1430/2963, Loss: 51.396, Trans_L2_m: 0.440, Yaw_err_deg: 1.087
Epoch: [11/23], Batch: 1440/2963, Loss: 73.805, Trans_L2_m: 0.691, Yaw_err_deg: 1.188
Epoch: [11/23], Batch: 1450/2963, Loss: 65.845, Trans_L2_m: 0.411, Yaw_err_deg: 1.507
Epoch: [11/23], Batch: 1460/2963, Loss: 77.265, Trans_L2_m: 0.569, Yaw_err_deg: 1.691
Epoch: [11/23], Batch: 1470/2963, Loss: 55.700, Trans_L2_m: 0.418, Yaw_err_deg: 1.124
Epoch: [11/23], Batch: 1480/2963, Loss: 57.356, Trans_L2_m: 0.424, Yaw_err_deg: 1.156
Epoch: [11/23], Batch: 1490/2963, Loss: 75.430, Trans_L2_m: 0.483, Yaw_err_deg: 1.308
Epoch: [11/23], Batch: 1500/2963, Loss: 72.429, Trans_L2_m: 0.501, Yaw_err_deg: 0.963
Epoch: [11/23], Batch: 1510/2963, Loss: 80.064, Trans_L2_m: 0.529, Yaw_err_deg: 1.402
Epoch: [11/23], Batch: 1520/2963, Loss: 54.344, Trans_L2_m: 0.447, Yaw_err_deg: 1.190
Epoch: [11/23], Batch: 1530/2963, Loss: 52.110, Trans_L2_m: 0.338, Yaw_err_deg: 1.119
Epoch: [11/23], Batch: 1540/2963, Loss: 84.619, Trans_L2_m: 0.316, Yaw_err_deg: 1.978
Epoch: [11/23], Batch: 1550/2963, Loss: 65.956, Trans_L2_m: 0.489, Yaw_err_deg: 1.389
Epoch: [11/23], Batch: 1560/2963, Loss: 41.339, Trans_L2_m: 0.422, Yaw_err_deg: 0.728
Epoch: [11/23], Batch: 1570/2963, Loss: 77.479, Trans_L2_m: 0.732, Yaw_err_deg: 1.642
Epoch: [11/23], Batch: 1580/2963, Loss: 111.147, Trans_L2_m: 0.397, Yaw_err_deg: 2.874
Epoch: [11/23], Batch: 1590/2963, Loss: 53.745, Trans_L2_m: 0.541, Yaw_err_deg: 0.754
Epoch: [11/23], Batch: 1600/2963, Loss: 286.076, Trans_L2_m: 0.440, Yaw_err_deg: 2.625
Epoch: [11/23], Batch: 1610/2963, Loss: 64.784, Trans_L2_m: 0.460, Yaw_err_deg: 1.041
Epoch: [11/23], Batch: 1620/2963, Loss: 73.552, Trans_L2_m: 0.439, Yaw_err_deg: 1.429
Epoch: [11/23], Batch: 1630/2963, Loss: 660.414, Trans_L2_m: 0.477, Yaw_err_deg: 0.901
Epoch: [11/23], Batch: 1640/2963, Loss: 60.977, Trans_L2_m: 0.650, Yaw_err_deg: 0.816
Epoch: [11/23], Batch: 1650/2963, Loss: 77.571, Trans_L2_m: 0.577, Yaw_err_deg: 1.669
Epoch: [11/23], Batch: 1660/2963, Loss: 77.965, Trans_L2_m: 0.498, Yaw_err_deg: 1.354
Epoch: [11/23], Batch: 1670/2963, Loss: 55.247, Trans_L2_m: 0.439, Yaw_err_deg: 1.089
Epoch: [11/23], Batch: 1680/2963, Loss: 83.830, Trans_L2_m: 0.553, Yaw_err_deg: 1.839
Epoch: [11/23], Batch: 1690/2963, Loss: 57.550, Trans_L2_m: 0.616, Yaw_err_deg: 1.077
Epoch: [11/23], Batch: 1700/2963, Loss: 52.771, Trans_L2_m: 0.437, Yaw_err_deg: 1.098
Epoch: [11/23], Batch: 1710/2963, Loss: 69.768, Trans_L2_m: 0.465, Yaw_err_deg: 1.096
Epoch: [11/23], Batch: 1720/2963, Loss: 55.979, Trans_L2_m: 0.552, Yaw_err_deg: 0.948
Epoch: [11/23], Batch: 1730/2963, Loss: 79.127, Trans_L2_m: 0.508, Yaw_err_deg: 1.651
Epoch: [11/23], Batch: 1740/2963, Loss: 56.011, Trans_L2_m: 0.414, Yaw_err_deg: 1.130
Epoch: [11/23], Batch: 1750/2963, Loss: 62.476, Trans_L2_m: 0.596, Yaw_err_deg: 1.206
Epoch: [11/23], Batch: 1760/2963, Loss: 68.284, Trans_L2_m: 0.538, Yaw_err_deg: 1.310
Epoch: [11/23], Batch: 1770/2963, Loss: 76.703, Trans_L2_m: 0.518, Yaw_err_deg: 1.571
Epoch: [11/23], Batch: 1780/2963, Loss: 61.970, Trans_L2_m: 0.458, Yaw_err_deg: 1.342
Epoch: [11/23], Batch: 1790/2963, Loss: 67.387, Trans_L2_m: 0.585, Yaw_err_deg: 1.225
Epoch: [11/23], Batch: 1800/2963, Loss: 82.187, Trans_L2_m: 0.368, Yaw_err_deg: 1.161
Epoch: [11/23], Batch: 1810/2963, Loss: 62.533, Trans_L2_m: 0.427, Yaw_err_deg: 1.551
Epoch: [11/23], Batch: 1820/2963, Loss: 66.867, Trans_L2_m: 0.563, Yaw_err_deg: 1.171
Epoch: [11/23], Batch: 1830/2963, Loss: 56.223, Trans_L2_m: 0.480, Yaw_err_deg: 1.156
Epoch: [11/23], Batch: 1840/2963, Loss: 62.305, Trans_L2_m: 0.376, Yaw_err_deg: 1.526
Epoch: [11/23], Batch: 1850/2963, Loss: 55.921, Trans_L2_m: 0.370, Yaw_err_deg: 1.228
Epoch: [11/23], Batch: 1860/2963, Loss: 64.867, Trans_L2_m: 0.439, Yaw_err_deg: 1.146
Epoch: [11/23], Batch: 1870/2963, Loss: 54.573, Trans_L2_m: 0.391, Yaw_err_deg: 1.123
Epoch: [11/23], Batch: 1880/2963, Loss: 72.321, Trans_L2_m: 0.387, Yaw_err_deg: 1.480
Epoch: [11/23], Batch: 1890/2963, Loss: 73.217, Trans_L2_m: 0.482, Yaw_err_deg: 1.505
Epoch: [11/23], Batch: 1900/2963, Loss: 54.807, Trans_L2_m: 0.389, Yaw_err_deg: 1.145
Epoch: [11/23], Batch: 1910/2963, Loss: 57.554, Trans_L2_m: 0.539, Yaw_err_deg: 1.033
Epoch: [11/23], Batch: 1920/2963, Loss: 74.737, Trans_L2_m: 0.567, Yaw_err_deg: 1.506
Epoch: [11/23], Batch: 1930/2963, Loss: 58.722, Trans_L2_m: 0.420, Yaw_err_deg: 1.183
Epoch: [11/23], Batch: 1940/2963, Loss: 54.027, Trans_L2_m: 0.312, Yaw_err_deg: 1.236
Epoch: [11/23], Batch: 1950/2963, Loss: 81.319, Trans_L2_m: 0.621, Yaw_err_deg: 1.990
Epoch: [11/23], Batch: 1960/2963, Loss: 65.394, Trans_L2_m: 0.397, Yaw_err_deg: 1.528
Epoch: [11/23], Batch: 1970/2963, Loss: 59.251, Trans_L2_m: 0.537, Yaw_err_deg: 1.429
Epoch: [11/23], Batch: 1980/2963, Loss: 118.433, Trans_L2_m: 0.407, Yaw_err_deg: 1.972
Epoch: [11/23], Batch: 1990/2963, Loss: 52.149, Trans_L2_m: 0.535, Yaw_err_deg: 0.870
Epoch: [11/23], Batch: 2000/2963, Loss: 73.576, Trans_L2_m: 0.544, Yaw_err_deg: 1.138
Epoch: [11/23], Batch: 2010/2963, Loss: 60.702, Trans_L2_m: 0.438, Yaw_err_deg: 1.242
Epoch: [11/23], Batch: 2020/2963, Loss: 69.601, Trans_L2_m: 0.380, Yaw_err_deg: 1.325
Epoch: [11/23], Batch: 2030/2963, Loss: 94.136, Trans_L2_m: 0.611, Yaw_err_deg: 1.715
Epoch: [11/23], Batch: 2040/2963, Loss: 51.744, Trans_L2_m: 0.285, Yaw_err_deg: 1.145
Epoch: [11/23], Batch: 2050/2963, Loss: 54.879, Trans_L2_m: 0.488, Yaw_err_deg: 1.191
Epoch: [11/23], Batch: 2060/2963, Loss: 75.279, Trans_L2_m: 0.525, Yaw_err_deg: 1.323
Epoch: [11/23], Batch: 2070/2963, Loss: 67.222, Trans_L2_m: 0.386, Yaw_err_deg: 1.266
Epoch: [11/23], Batch: 2080/2963, Loss: 53.109, Trans_L2_m: 0.387, Yaw_err_deg: 1.110
Epoch: [11/23], Batch: 2090/2963, Loss: 55.870, Trans_L2_m: 0.359, Yaw_err_deg: 1.110
Epoch: [11/23], Batch: 2100/2963, Loss: 63.976, Trans_L2_m: 0.602, Yaw_err_deg: 1.233
Epoch: [11/23], Batch: 2110/2963, Loss: 50.821, Trans_L2_m: 0.468, Yaw_err_deg: 1.003
Epoch: [11/23], Batch: 2120/2963, Loss: 106.985, Trans_L2_m: 0.440, Yaw_err_deg: 2.469
Epoch: [11/23], Batch: 2130/2963, Loss: 67.780, Trans_L2_m: 0.568, Yaw_err_deg: 1.441
Epoch: [11/23], Batch: 2140/2963, Loss: 69.850, Trans_L2_m: 0.566, Yaw_err_deg: 1.212
Epoch: [11/23], Batch: 2150/2963, Loss: 53.647, Trans_L2_m: 0.372, Yaw_err_deg: 1.076
Epoch: [11/23], Batch: 2160/2963, Loss: 59.325, Trans_L2_m: 0.617, Yaw_err_deg: 0.765
Epoch: [11/23], Batch: 2170/2963, Loss: 56.571, Trans_L2_m: 0.448, Yaw_err_deg: 1.360
Epoch: [11/23], Batch: 2180/2963, Loss: 66.439, Trans_L2_m: 0.297, Yaw_err_deg: 1.635
Epoch: [11/23], Batch: 2190/2963, Loss: 57.811, Trans_L2_m: 0.455, Yaw_err_deg: 1.331
Epoch: [11/23], Batch: 2200/2963, Loss: 55.005, Trans_L2_m: 0.377, Yaw_err_deg: 0.986
Epoch: [11/23], Batch: 2210/2963, Loss: 72.051, Trans_L2_m: 0.470, Yaw_err_deg: 1.463
Epoch: [11/23], Batch: 2220/2963, Loss: 60.663, Trans_L2_m: 0.412, Yaw_err_deg: 1.071
Epoch: [11/23], Batch: 2230/2963, Loss: 54.386, Trans_L2_m: 0.577, Yaw_err_deg: 0.971
Epoch: [11/23], Batch: 2240/2963, Loss: 58.333, Trans_L2_m: 0.426, Yaw_err_deg: 1.212
Epoch: [11/23], Batch: 2250/2963, Loss: 58.024, Trans_L2_m: 0.467, Yaw_err_deg: 1.194
Epoch: [11/23], Batch: 2260/2963, Loss: 56.236, Trans_L2_m: 0.360, Yaw_err_deg: 1.280
Epoch: [11/23], Batch: 2270/2963, Loss: 51.361, Trans_L2_m: 0.473, Yaw_err_deg: 0.795
Epoch: [11/23], Batch: 2280/2963, Loss: 59.533, Trans_L2_m: 0.481, Yaw_err_deg: 1.511
Epoch: [11/23], Batch: 2290/2963, Loss: 64.234, Trans_L2_m: 0.475, Yaw_err_deg: 1.440
Epoch: [11/23], Batch: 2300/2963, Loss: 84.910, Trans_L2_m: 0.296, Yaw_err_deg: 1.722
Epoch: [11/23], Batch: 2310/2963, Loss: 60.517, Trans_L2_m: 0.495, Yaw_err_deg: 1.390
Epoch: [11/23], Batch: 2320/2963, Loss: 123.320, Trans_L2_m: 0.501, Yaw_err_deg: 2.631
Epoch: [11/23], Batch: 2330/2963, Loss: 57.213, Trans_L2_m: 0.417, Yaw_err_deg: 1.075
Epoch: [11/23], Batch: 2340/2963, Loss: 83.900, Trans_L2_m: 0.594, Yaw_err_deg: 1.601
Epoch: [11/23], Batch: 2350/2963, Loss: 67.970, Trans_L2_m: 0.462, Yaw_err_deg: 1.604
Epoch: [11/23], Batch: 2360/2963, Loss: 93.916, Trans_L2_m: 0.550, Yaw_err_deg: 1.302
Epoch: [11/23], Batch: 2370/2963, Loss: 56.146, Trans_L2_m: 0.473, Yaw_err_deg: 1.000
Epoch: [11/23], Batch: 2380/2963, Loss: 470.973, Trans_L2_m: 0.475, Yaw_err_deg: 2.852
Epoch: [11/23], Batch: 2390/2963, Loss: 76.916, Trans_L2_m: 0.669, Yaw_err_deg: 1.601
Epoch: [11/23], Batch: 2400/2963, Loss: 75.019, Trans_L2_m: 0.490, Yaw_err_deg: 1.682
Epoch: [11/23], Batch: 2410/2963, Loss: 62.392, Trans_L2_m: 0.440, Yaw_err_deg: 1.345
Epoch: [11/23], Batch: 2420/2963, Loss: 59.712, Trans_L2_m: 0.474, Yaw_err_deg: 1.080
Epoch: [11/23], Batch: 2430/2963, Loss: 58.882, Trans_L2_m: 0.453, Yaw_err_deg: 1.270
Epoch: [11/23], Batch: 2440/2963, Loss: 52.904, Trans_L2_m: 0.446, Yaw_err_deg: 0.973
Epoch: [11/23], Batch: 2450/2963, Loss: 78.882, Trans_L2_m: 0.478, Yaw_err_deg: 1.702
Epoch: [11/23], Batch: 2460/2963, Loss: 70.621, Trans_L2_m: 0.511, Yaw_err_deg: 1.429
Epoch: [11/23], Batch: 2470/2963, Loss: 53.364, Trans_L2_m: 0.409, Yaw_err_deg: 0.936
Epoch: [11/23], Batch: 2480/2963, Loss: 66.700, Trans_L2_m: 0.567, Yaw_err_deg: 1.503
Epoch: [11/23], Batch: 2490/2963, Loss: 66.246, Trans_L2_m: 0.647, Yaw_err_deg: 1.113
Epoch: [11/23], Batch: 2500/2963, Loss: 53.532, Trans_L2_m: 0.401, Yaw_err_deg: 1.144
Epoch: [11/23], Batch: 2510/2963, Loss: 58.280, Trans_L2_m: 0.488, Yaw_err_deg: 1.120
Epoch: [11/23], Batch: 2520/2963, Loss: 62.099, Trans_L2_m: 0.498, Yaw_err_deg: 1.074
Epoch: [11/23], Batch: 2530/2963, Loss: 63.080, Trans_L2_m: 0.363, Yaw_err_deg: 1.539
Epoch: [11/23], Batch: 2540/2963, Loss: 61.194, Trans_L2_m: 0.458, Yaw_err_deg: 1.393
Epoch: [11/23], Batch: 2550/2963, Loss: 64.544, Trans_L2_m: 0.311, Yaw_err_deg: 1.417
Epoch: [11/23], Batch: 2560/2963, Loss: 62.688, Trans_L2_m: 0.438, Yaw_err_deg: 1.422
Epoch: [11/23], Batch: 2570/2963, Loss: 63.543, Trans_L2_m: 0.403, Yaw_err_deg: 1.453
Epoch: [11/23], Batch: 2580/2963, Loss: 67.943, Trans_L2_m: 0.385, Yaw_err_deg: 1.507
Epoch: [11/23], Batch: 2590/2963, Loss: 62.484, Trans_L2_m: 0.483, Yaw_err_deg: 1.305
Epoch: [11/23], Batch: 2600/2963, Loss: 63.734, Trans_L2_m: 0.534, Yaw_err_deg: 1.266
Epoch: [11/23], Batch: 2610/2963, Loss: 58.252, Trans_L2_m: 0.393, Yaw_err_deg: 1.137
Epoch: [11/23], Batch: 2620/2963, Loss: 66.267, Trans_L2_m: 0.532, Yaw_err_deg: 1.391
Epoch: [11/23], Batch: 2630/2963, Loss: 83.873, Trans_L2_m: 0.572, Yaw_err_deg: 1.627
Epoch: [11/23], Batch: 2640/2963, Loss: 61.918, Trans_L2_m: 0.453, Yaw_err_deg: 1.209
Epoch: [11/23], Batch: 2650/2963, Loss: 65.164, Trans_L2_m: 0.293, Yaw_err_deg: 1.375
Epoch: [11/23], Batch: 2660/2963, Loss: 61.869, Trans_L2_m: 0.570, Yaw_err_deg: 1.156
Epoch: [11/23], Batch: 2670/2963, Loss: 64.788, Trans_L2_m: 0.392, Yaw_err_deg: 1.400
Epoch: [11/23], Batch: 2680/2963, Loss: 61.639, Trans_L2_m: 0.545, Yaw_err_deg: 1.223
Epoch: [11/23], Batch: 2690/2963, Loss: 62.550, Trans_L2_m: 0.412, Yaw_err_deg: 1.680
Epoch: [11/23], Batch: 2700/2963, Loss: 69.866, Trans_L2_m: 0.583, Yaw_err_deg: 1.138
Epoch: [11/23], Batch: 2710/2963, Loss: 68.779, Trans_L2_m: 0.547, Yaw_err_deg: 1.430
Epoch: [11/23], Batch: 2720/2963, Loss: 62.717, Trans_L2_m: 0.399, Yaw_err_deg: 1.520
Epoch: [11/23], Batch: 2730/2963, Loss: 65.948, Trans_L2_m: 0.504, Yaw_err_deg: 1.345
Epoch: [11/23], Batch: 2740/2963, Loss: 56.826, Trans_L2_m: 0.447, Yaw_err_deg: 0.971
Epoch: [11/23], Batch: 2750/2963, Loss: 76.252, Trans_L2_m: 0.571, Yaw_err_deg: 1.366
Epoch: [11/23], Batch: 2760/2963, Loss: 53.676, Trans_L2_m: 0.405, Yaw_err_deg: 1.077
Epoch: [11/23], Batch: 2770/2963, Loss: 56.010, Trans_L2_m: 0.495, Yaw_err_deg: 0.753
Epoch: [11/23], Batch: 2780/2963, Loss: 81.673, Trans_L2_m: 0.612, Yaw_err_deg: 1.685
Epoch: [11/23], Batch: 2790/2963, Loss: 60.784, Trans_L2_m: 0.443, Yaw_err_deg: 1.036
Epoch: [11/23], Batch: 2800/2963, Loss: 64.114, Trans_L2_m: 0.385, Yaw_err_deg: 1.352
Epoch: [11/23], Batch: 2810/2963, Loss: 45.773, Trans_L2_m: 0.351, Yaw_err_deg: 0.690
Epoch: [11/23], Batch: 2820/2963, Loss: 66.955, Trans_L2_m: 0.353, Yaw_err_deg: 1.722
Epoch: [11/23], Batch: 2830/2963, Loss: 75.852, Trans_L2_m: 0.420, Yaw_err_deg: 1.384
Epoch: [11/23], Batch: 2840/2963, Loss: 77.355, Trans_L2_m: 0.443, Yaw_err_deg: 1.573
Epoch: [11/23], Batch: 2850/2963, Loss: 57.995, Trans_L2_m: 0.580, Yaw_err_deg: 1.110
Epoch: [11/23], Batch: 2860/2963, Loss: 324.481, Trans_L2_m: 0.465, Yaw_err_deg: 3.051
Epoch: [11/23], Batch: 2870/2963, Loss: 65.649, Trans_L2_m: 0.553, Yaw_err_deg: 1.577
Epoch: [11/23], Batch: 2880/2963, Loss: 60.763, Trans_L2_m: 0.464, Yaw_err_deg: 1.255
Epoch: [11/23], Batch: 2890/2963, Loss: 61.081, Trans_L2_m: 0.313, Yaw_err_deg: 1.067
Epoch: [11/23], Batch: 2900/2963, Loss: 58.144, Trans_L2_m: 0.426, Yaw_err_deg: 1.179
Epoch: [11/23], Batch: 2910/2963, Loss: 74.839, Trans_L2_m: 0.438, Yaw_err_deg: 1.510
Epoch: [11/23], Batch: 2920/2963, Loss: 72.511, Trans_L2_m: 0.425, Yaw_err_deg: 1.840
Epoch: [11/23], Batch: 2930/2963, Loss: 87.322, Trans_L2_m: 0.430, Yaw_err_deg: 2.059
Epoch: [11/23], Batch: 2940/2963, Loss: 65.497, Trans_L2_m: 0.619, Yaw_err_deg: 1.247
Epoch: [11/23], Batch: 2950/2963, Loss: 46.993, Trans_L2_m: 0.357, Yaw_err_deg: 0.767
Epoch: [11/23], Batch: 2960/2963, Loss: 94.347, Trans_L2_m: 0.674, Yaw_err_deg: 1.779
Validation loss (homography): 831.5638
Avg batch time: 1016.79 ms, total: 329.706 s
[1;91mVal has no improvement vs 822.2456665039062![0m
Epoch: [12/23], Batch: 0/2963, Loss: 61.321, Trans_L2_m: 0.509, Yaw_err_deg: 1.067
Epoch: [12/23], Batch: 10/2963, Loss: 75.601, Trans_L2_m: 0.394, Yaw_err_deg: 1.598
Epoch: [12/23], Batch: 20/2963, Loss: 98.958, Trans_L2_m: 0.415, Yaw_err_deg: 2.317
Epoch: [12/23], Batch: 30/2963, Loss: 64.548, Trans_L2_m: 0.435, Yaw_err_deg: 1.420
Epoch: [12/23], Batch: 40/2963, Loss: 84.840, Trans_L2_m: 0.348, Yaw_err_deg: 1.634
Epoch: [12/23], Batch: 50/2963, Loss: 80.393, Trans_L2_m: 0.347, Yaw_err_deg: 1.804
Epoch: [12/23], Batch: 60/2963, Loss: 71.757, Trans_L2_m: 0.357, Yaw_err_deg: 1.432
Epoch: [12/23], Batch: 70/2963, Loss: 62.300, Trans_L2_m: 0.367, Yaw_err_deg: 1.092
Epoch: [12/23], Batch: 80/2963, Loss: 59.614, Trans_L2_m: 0.488, Yaw_err_deg: 1.073
Epoch: [12/23], Batch: 90/2963, Loss: 105.927, Trans_L2_m: 0.450, Yaw_err_deg: 2.264
Epoch: [12/23], Batch: 100/2963, Loss: 60.890, Trans_L2_m: 0.452, Yaw_err_deg: 1.177
Epoch: [12/23], Batch: 110/2963, Loss: 52.276, Trans_L2_m: 0.456, Yaw_err_deg: 0.955
Epoch: [12/23], Batch: 120/2963, Loss: 68.236, Trans_L2_m: 0.476, Yaw_err_deg: 1.808
Epoch: [12/23], Batch: 130/2963, Loss: 58.274, Trans_L2_m: 0.290, Yaw_err_deg: 1.308
Epoch: [12/23], Batch: 140/2963, Loss: 56.345, Trans_L2_m: 0.392, Yaw_err_deg: 0.996
Epoch: [12/23], Batch: 150/2963, Loss: 59.304, Trans_L2_m: 0.456, Yaw_err_deg: 1.445
Epoch: [12/23], Batch: 160/2963, Loss: 70.029, Trans_L2_m: 0.434, Yaw_err_deg: 1.395
Epoch: [12/23], Batch: 170/2963, Loss: 68.812, Trans_L2_m: 0.431, Yaw_err_deg: 1.559
Epoch: [12/23], Batch: 180/2963, Loss: 60.263, Trans_L2_m: 0.446, Yaw_err_deg: 1.223
Epoch: [12/23], Batch: 190/2963, Loss: 61.388, Trans_L2_m: 0.480, Yaw_err_deg: 0.642
Epoch: [12/23], Batch: 200/2963, Loss: 50.505, Trans_L2_m: 0.474, Yaw_err_deg: 0.516
Epoch: [12/23], Batch: 210/2963, Loss: 64.060, Trans_L2_m: 0.495, Yaw_err_deg: 1.245
Epoch: [12/23], Batch: 220/2963, Loss: 56.083, Trans_L2_m: 0.533, Yaw_err_deg: 0.975
Epoch: [12/23], Batch: 230/2963, Loss: 60.487, Trans_L2_m: 0.410, Yaw_err_deg: 1.113
Epoch: [12/23], Batch: 240/2963, Loss: 57.585, Trans_L2_m: 0.542, Yaw_err_deg: 1.086
Epoch: [12/23], Batch: 250/2963, Loss: 53.748, Trans_L2_m: 0.503, Yaw_err_deg: 0.919
Epoch: [12/23], Batch: 260/2963, Loss: 61.127, Trans_L2_m: 0.506, Yaw_err_deg: 1.298
Epoch: [12/23], Batch: 270/2963, Loss: 68.044, Trans_L2_m: 0.480, Yaw_err_deg: 1.260
Epoch: [12/23], Batch: 280/2963, Loss: 55.925, Trans_L2_m: 0.354, Yaw_err_deg: 1.144
Epoch: [12/23], Batch: 290/2963, Loss: 55.184, Trans_L2_m: 0.437, Yaw_err_deg: 1.126
Epoch: [12/23], Batch: 300/2963, Loss: 46.979, Trans_L2_m: 0.289, Yaw_err_deg: 0.695
Epoch: [12/23], Batch: 310/2963, Loss: 56.082, Trans_L2_m: 0.433, Yaw_err_deg: 0.993
Epoch: [12/23], Batch: 320/2963, Loss: 47.951, Trans_L2_m: 0.507, Yaw_err_deg: 0.816
Epoch: [12/23], Batch: 330/2963, Loss: 101.736, Trans_L2_m: 0.516, Yaw_err_deg: 2.153
Epoch: [12/23], Batch: 340/2963, Loss: 56.747, Trans_L2_m: 0.344, Yaw_err_deg: 1.321
Epoch: [12/23], Batch: 350/2963, Loss: 57.994, Trans_L2_m: 0.480, Yaw_err_deg: 1.131
Epoch: [12/23], Batch: 360/2963, Loss: 52.711, Trans_L2_m: 0.515, Yaw_err_deg: 0.842
Epoch: [12/23], Batch: 370/2963, Loss: 52.014, Trans_L2_m: 0.449, Yaw_err_deg: 0.972
Epoch: [12/23], Batch: 380/2963, Loss: 54.157, Trans_L2_m: 0.585, Yaw_err_deg: 0.816
Epoch: [12/23], Batch: 390/2963, Loss: 63.215, Trans_L2_m: 0.466, Yaw_err_deg: 1.258
Epoch: [12/23], Batch: 400/2963, Loss: 63.957, Trans_L2_m: 0.353, Yaw_err_deg: 1.440
Epoch: [12/23], Batch: 410/2963, Loss: 55.467, Trans_L2_m: 0.746, Yaw_err_deg: 0.871
Epoch: [12/23], Batch: 420/2963, Loss: 73.450, Trans_L2_m: 0.609, Yaw_err_deg: 1.643
Epoch: [12/23], Batch: 430/2963, Loss: 65.699, Trans_L2_m: 0.487, Yaw_err_deg: 1.372
Epoch: [12/23], Batch: 440/2963, Loss: 52.657, Trans_L2_m: 0.523, Yaw_err_deg: 0.794
Epoch: [12/23], Batch: 450/2963, Loss: 76.026, Trans_L2_m: 0.466, Yaw_err_deg: 1.709
Epoch: [12/23], Batch: 460/2963, Loss: 59.440, Trans_L2_m: 0.461, Yaw_err_deg: 1.131
Epoch: [12/23], Batch: 470/2963, Loss: 88.953, Trans_L2_m: 0.451, Yaw_err_deg: 1.630
Epoch: [12/23], Batch: 480/2963, Loss: 60.439, Trans_L2_m: 0.603, Yaw_err_deg: 1.320
Epoch: [12/23], Batch: 490/2963, Loss: 83.228, Trans_L2_m: 0.441, Yaw_err_deg: 1.602
Epoch: [12/23], Batch: 500/2963, Loss: 64.875, Trans_L2_m: 0.565, Yaw_err_deg: 1.114
Epoch: [12/23], Batch: 510/2963, Loss: 69.131, Trans_L2_m: 0.513, Yaw_err_deg: 1.468
Epoch: [12/23], Batch: 520/2963, Loss: 61.023, Trans_L2_m: 0.616, Yaw_err_deg: 1.184
Epoch: [12/23], Batch: 530/2963, Loss: 53.920, Trans_L2_m: 0.515, Yaw_err_deg: 0.831
Epoch: [12/23], Batch: 540/2963, Loss: 46.283, Trans_L2_m: 0.464, Yaw_err_deg: 0.604
Epoch: [12/23], Batch: 550/2963, Loss: 72.225, Trans_L2_m: 0.486, Yaw_err_deg: 1.412
Epoch: [12/23], Batch: 560/2963, Loss: 1376.700, Trans_L2_m: 0.472, Yaw_err_deg: 0.778
Epoch: [12/23], Batch: 570/2963, Loss: 69.739, Trans_L2_m: 0.546, Yaw_err_deg: 1.491
Epoch: [12/23], Batch: 580/2963, Loss: 71.078, Trans_L2_m: 0.520, Yaw_err_deg: 1.358
Epoch: [12/23], Batch: 590/2963, Loss: 50.350, Trans_L2_m: 0.384, Yaw_err_deg: 1.089
Epoch: [12/23], Batch: 600/2963, Loss: 50.738, Trans_L2_m: 0.428, Yaw_err_deg: 0.915
Epoch: [12/23], Batch: 610/2963, Loss: 59.456, Trans_L2_m: 0.327, Yaw_err_deg: 0.963
Epoch: [12/23], Batch: 620/2963, Loss: 64.929, Trans_L2_m: 0.576, Yaw_err_deg: 1.476
Epoch: [12/23], Batch: 630/2963, Loss: 65.216, Trans_L2_m: 0.504, Yaw_err_deg: 1.284
Epoch: [12/23], Batch: 640/2963, Loss: 51.939, Trans_L2_m: 0.506, Yaw_err_deg: 1.081
Epoch: [12/23], Batch: 650/2963, Loss: 61.334, Trans_L2_m: 0.460, Yaw_err_deg: 0.798
Epoch: [12/23], Batch: 660/2963, Loss: 62.404, Trans_L2_m: 0.503, Yaw_err_deg: 1.078
Epoch: [12/23], Batch: 670/2963, Loss: 52.136, Trans_L2_m: 0.547, Yaw_err_deg: 0.968
Epoch: [12/23], Batch: 680/2963, Loss: 56.867, Trans_L2_m: 0.512, Yaw_err_deg: 0.957
Epoch: [12/23], Batch: 690/2963, Loss: 61.274, Trans_L2_m: 0.508, Yaw_err_deg: 1.185
Epoch: [12/23], Batch: 700/2963, Loss: 58.699, Trans_L2_m: 0.350, Yaw_err_deg: 1.032
Epoch: [12/23], Batch: 710/2963, Loss: 52.164, Trans_L2_m: 0.412, Yaw_err_deg: 1.021
Epoch: [12/23], Batch: 720/2963, Loss: 54.614, Trans_L2_m: 0.465, Yaw_err_deg: 1.135
Epoch: [12/23], Batch: 730/2963, Loss: 77.244, Trans_L2_m: 0.483, Yaw_err_deg: 1.785
Epoch: [12/23], Batch: 740/2963, Loss: 59.711, Trans_L2_m: 0.541, Yaw_err_deg: 1.225
Epoch: [12/23], Batch: 750/2963, Loss: 60.229, Trans_L2_m: 0.438, Yaw_err_deg: 1.370
Epoch: [12/23], Batch: 760/2963, Loss: 56.692, Trans_L2_m: 0.425, Yaw_err_deg: 1.097
Epoch: [12/23], Batch: 770/2963, Loss: 53.665, Trans_L2_m: 0.419, Yaw_err_deg: 1.072
Epoch: [12/23], Batch: 780/2963, Loss: 47.239, Trans_L2_m: 0.355, Yaw_err_deg: 0.788
Epoch: [12/23], Batch: 790/2963, Loss: 52.936, Trans_L2_m: 0.356, Yaw_err_deg: 1.148
Epoch: [12/23], Batch: 800/2963, Loss: 61.158, Trans_L2_m: 0.500, Yaw_err_deg: 1.198
Epoch: [12/23], Batch: 810/2963, Loss: 49.811, Trans_L2_m: 0.464, Yaw_err_deg: 0.764
Epoch: [12/23], Batch: 820/2963, Loss: 60.374, Trans_L2_m: 0.445, Yaw_err_deg: 0.964
Epoch: [12/23], Batch: 830/2963, Loss: 71.787, Trans_L2_m: 0.439, Yaw_err_deg: 1.821
Epoch: [12/23], Batch: 840/2963, Loss: 52.658, Trans_L2_m: 0.448, Yaw_err_deg: 1.026
Epoch: [12/23], Batch: 850/2963, Loss: 73.373, Trans_L2_m: 0.404, Yaw_err_deg: 1.159
Epoch: [12/23], Batch: 860/2963, Loss: 66.993, Trans_L2_m: 0.473, Yaw_err_deg: 1.246
Epoch: [12/23], Batch: 870/2963, Loss: 60.130, Trans_L2_m: 0.511, Yaw_err_deg: 1.346
Epoch: [12/23], Batch: 880/2963, Loss: 53.698, Trans_L2_m: 0.440, Yaw_err_deg: 0.963
Epoch: [12/23], Batch: 890/2963, Loss: 63.489, Trans_L2_m: 0.440, Yaw_err_deg: 1.145
Epoch: [12/23], Batch: 900/2963, Loss: 89.986, Trans_L2_m: 0.478, Yaw_err_deg: 1.722
Epoch: [12/23], Batch: 910/2963, Loss: 58.371, Trans_L2_m: 0.481, Yaw_err_deg: 1.164
Epoch: [12/23], Batch: 920/2963, Loss: 76.531, Trans_L2_m: 0.284, Yaw_err_deg: 1.307
Epoch: [12/23], Batch: 930/2963, Loss: 77.418, Trans_L2_m: 0.496, Yaw_err_deg: 1.684
Epoch: [12/23], Batch: 940/2963, Loss: 54.399, Trans_L2_m: 0.534, Yaw_err_deg: 0.851
Epoch: [12/23], Batch: 950/2963, Loss: 64.756, Trans_L2_m: 0.367, Yaw_err_deg: 1.487
Epoch: [12/23], Batch: 960/2963, Loss: 51.969, Trans_L2_m: 0.473, Yaw_err_deg: 1.102
Epoch: [12/23], Batch: 970/2963, Loss: 54.719, Trans_L2_m: 0.466, Yaw_err_deg: 0.982
Epoch: [12/23], Batch: 980/2963, Loss: 61.502, Trans_L2_m: 0.514, Yaw_err_deg: 1.064
Epoch: [12/23], Batch: 990/2963, Loss: 69.330, Trans_L2_m: 0.513, Yaw_err_deg: 1.250
Epoch: [12/23], Batch: 1000/2963, Loss: 60.796, Trans_L2_m: 0.476, Yaw_err_deg: 1.110
Epoch: [12/23], Batch: 1010/2963, Loss: 60.815, Trans_L2_m: 0.458, Yaw_err_deg: 1.187
Epoch: [12/23], Batch: 1020/2963, Loss: 62.046, Trans_L2_m: 0.457, Yaw_err_deg: 1.468
Epoch: [12/23], Batch: 1030/2963, Loss: 53.391, Trans_L2_m: 0.440, Yaw_err_deg: 1.114
Epoch: [12/23], Batch: 1040/2963, Loss: 62.750, Trans_L2_m: 0.398, Yaw_err_deg: 0.972
Epoch: [12/23], Batch: 1050/2963, Loss: 74.731, Trans_L2_m: 0.439, Yaw_err_deg: 1.801
Epoch: [12/23], Batch: 1060/2963, Loss: 63.940, Trans_L2_m: 0.427, Yaw_err_deg: 1.361
Epoch: [12/23], Batch: 1070/2963, Loss: 99.728, Trans_L2_m: 0.463, Yaw_err_deg: 1.811
Epoch: [12/23], Batch: 1080/2963, Loss: 59.030, Trans_L2_m: 0.529, Yaw_err_deg: 0.956
Epoch: [12/23], Batch: 1090/2963, Loss: 77.621, Trans_L2_m: 0.406, Yaw_err_deg: 1.670
Epoch: [12/23], Batch: 1100/2963, Loss: 56.574, Trans_L2_m: 0.347, Yaw_err_deg: 1.143
Epoch: [12/23], Batch: 1110/2963, Loss: 318.475, Trans_L2_m: 0.223, Yaw_err_deg: 3.548
Epoch: [12/23], Batch: 1120/2963, Loss: 64.418, Trans_L2_m: 0.441, Yaw_err_deg: 1.404
Epoch: [12/23], Batch: 1130/2963, Loss: 57.988, Trans_L2_m: 0.424, Yaw_err_deg: 1.573
Epoch: [12/23], Batch: 1140/2963, Loss: 70.144, Trans_L2_m: 0.490, Yaw_err_deg: 1.745
Epoch: [12/23], Batch: 1150/2963, Loss: 131.951, Trans_L2_m: 0.302, Yaw_err_deg: 2.413
Epoch: [12/23], Batch: 1160/2963, Loss: 64.812, Trans_L2_m: 0.591, Yaw_err_deg: 1.349
Epoch: [12/23], Batch: 1170/2963, Loss: 66.984, Trans_L2_m: 0.446, Yaw_err_deg: 1.509
Epoch: [12/23], Batch: 1180/2963, Loss: 70.221, Trans_L2_m: 0.459, Yaw_err_deg: 1.288
Epoch: [12/23], Batch: 1190/2963, Loss: 60.482, Trans_L2_m: 0.429, Yaw_err_deg: 1.162
Epoch: [12/23], Batch: 1200/2963, Loss: 55.534, Trans_L2_m: 0.477, Yaw_err_deg: 0.909
Epoch: [12/23], Batch: 1210/2963, Loss: 68.080, Trans_L2_m: 0.538, Yaw_err_deg: 1.465
Epoch: [12/23], Batch: 1220/2963, Loss: 84.480, Trans_L2_m: 0.584, Yaw_err_deg: 1.330
Epoch: [12/23], Batch: 1230/2963, Loss: 76.710, Trans_L2_m: 0.430, Yaw_err_deg: 1.772
Epoch: [12/23], Batch: 1240/2963, Loss: 55.094, Trans_L2_m: 0.535, Yaw_err_deg: 1.096
Epoch: [12/23], Batch: 1250/2963, Loss: 84.682, Trans_L2_m: 0.398, Yaw_err_deg: 1.555
Epoch: [12/23], Batch: 1260/2963, Loss: 77.637, Trans_L2_m: 0.479, Yaw_err_deg: 1.781
Epoch: [12/23], Batch: 1270/2963, Loss: 82.063, Trans_L2_m: 0.656, Yaw_err_deg: 1.231
Epoch: [12/23], Batch: 1280/2963, Loss: 64.505, Trans_L2_m: 0.490, Yaw_err_deg: 1.250
Epoch: [12/23], Batch: 1290/2963, Loss: 76.751, Trans_L2_m: 0.603, Yaw_err_deg: 1.135
Epoch: [12/23], Batch: 1300/2963, Loss: 64.922, Trans_L2_m: 0.445, Yaw_err_deg: 1.272
Epoch: [12/23], Batch: 1310/2963, Loss: 64.324, Trans_L2_m: 0.641, Yaw_err_deg: 1.225
Epoch: [12/23], Batch: 1320/2963, Loss: 70.320, Trans_L2_m: 0.597, Yaw_err_deg: 1.319
Epoch: [12/23], Batch: 1330/2963, Loss: 69.532, Trans_L2_m: 0.609, Yaw_err_deg: 1.453
Epoch: [12/23], Batch: 1340/2963, Loss: 59.849, Trans_L2_m: 0.573, Yaw_err_deg: 0.886
Epoch: [12/23], Batch: 1350/2963, Loss: 64.770, Trans_L2_m: 0.510, Yaw_err_deg: 1.390
Epoch: [12/23], Batch: 1360/2963, Loss: 59.538, Trans_L2_m: 0.468, Yaw_err_deg: 1.497
Epoch: [12/23], Batch: 1370/2963, Loss: 57.976, Trans_L2_m: 0.582, Yaw_err_deg: 0.992
Epoch: [12/23], Batch: 1380/2963, Loss: 53.089, Trans_L2_m: 0.461, Yaw_err_deg: 0.710
Epoch: [12/23], Batch: 1390/2963, Loss: 54.903, Trans_L2_m: 0.398, Yaw_err_deg: 1.125
Epoch: [12/23], Batch: 1400/2963, Loss: 48.383, Trans_L2_m: 0.452, Yaw_err_deg: 0.909
Epoch: [12/23], Batch: 1410/2963, Loss: 58.042, Trans_L2_m: 0.493, Yaw_err_deg: 1.086
Epoch: [12/23], Batch: 1420/2963, Loss: 55.281, Trans_L2_m: 0.379, Yaw_err_deg: 1.058
Epoch: [12/23], Batch: 1430/2963, Loss: 60.314, Trans_L2_m: 0.480, Yaw_err_deg: 1.190
Epoch: [12/23], Batch: 1440/2963, Loss: 72.363, Trans_L2_m: 0.426, Yaw_err_deg: 1.906
Epoch: [12/23], Batch: 1450/2963, Loss: 67.686, Trans_L2_m: 0.478, Yaw_err_deg: 1.146
Epoch: [12/23], Batch: 1460/2963, Loss: 110.918, Trans_L2_m: 0.458, Yaw_err_deg: 2.142
Epoch: [12/23], Batch: 1470/2963, Loss: 51.732, Trans_L2_m: 0.512, Yaw_err_deg: 0.917
Epoch: [12/23], Batch: 1480/2963, Loss: 55.747, Trans_L2_m: 0.400, Yaw_err_deg: 1.085
Epoch: [12/23], Batch: 1490/2963, Loss: 69.853, Trans_L2_m: 0.549, Yaw_err_deg: 1.053
Epoch: [12/23], Batch: 1500/2963, Loss: 60.700, Trans_L2_m: 0.381, Yaw_err_deg: 1.532
Epoch: [12/23], Batch: 1510/2963, Loss: 130.336, Trans_L2_m: 0.270, Yaw_err_deg: 1.911
Epoch: [12/23], Batch: 1520/2963, Loss: 60.538, Trans_L2_m: 0.445, Yaw_err_deg: 1.199
Epoch: [12/23], Batch: 1530/2963, Loss: 69.559, Trans_L2_m: 0.374, Yaw_err_deg: 1.167
Epoch: [12/23], Batch: 1540/2963, Loss: 63.087, Trans_L2_m: 0.478, Yaw_err_deg: 0.919
Epoch: [12/23], Batch: 1550/2963, Loss: 127.571, Trans_L2_m: 0.480, Yaw_err_deg: 1.977
Epoch: [12/23], Batch: 1560/2963, Loss: 65.056, Trans_L2_m: 0.394, Yaw_err_deg: 1.668
Epoch: [12/23], Batch: 1570/2963, Loss: 56.644, Trans_L2_m: 0.341, Yaw_err_deg: 1.254
Epoch: [12/23], Batch: 1580/2963, Loss: 60.766, Trans_L2_m: 0.392, Yaw_err_deg: 1.219
Epoch: [12/23], Batch: 1590/2963, Loss: 52.425, Trans_L2_m: 0.464, Yaw_err_deg: 1.035
Epoch: [12/23], Batch: 1600/2963, Loss: 57.011, Trans_L2_m: 0.515, Yaw_err_deg: 0.929
Epoch: [12/23], Batch: 1610/2963, Loss: 87.933, Trans_L2_m: 0.283, Yaw_err_deg: 1.487
Epoch: [12/23], Batch: 1620/2963, Loss: 55.443, Trans_L2_m: 0.423, Yaw_err_deg: 0.921
Epoch: [12/23], Batch: 1630/2963, Loss: 64.141, Trans_L2_m: 0.658, Yaw_err_deg: 1.282
Epoch: [12/23], Batch: 1640/2963, Loss: 54.249, Trans_L2_m: 0.513, Yaw_err_deg: 0.970
Epoch: [12/23], Batch: 1650/2963, Loss: 56.443, Trans_L2_m: 0.429, Yaw_err_deg: 1.266
Epoch: [12/23], Batch: 1660/2963, Loss: 88.377, Trans_L2_m: 0.455, Yaw_err_deg: 1.906
Epoch: [12/23], Batch: 1670/2963, Loss: 56.770, Trans_L2_m: 0.367, Yaw_err_deg: 1.163
Epoch: [12/23], Batch: 1680/2963, Loss: 62.662, Trans_L2_m: 0.512, Yaw_err_deg: 1.135
Epoch: [12/23], Batch: 1690/2963, Loss: 61.360, Trans_L2_m: 0.499, Yaw_err_deg: 1.054
Epoch: [12/23], Batch: 1700/2963, Loss: 58.327, Trans_L2_m: 0.511, Yaw_err_deg: 1.157
Epoch: [12/23], Batch: 1710/2963, Loss: 57.678, Trans_L2_m: 0.411, Yaw_err_deg: 1.374
Epoch: [12/23], Batch: 1720/2963, Loss: 63.456, Trans_L2_m: 0.435, Yaw_err_deg: 1.385
Epoch: [12/23], Batch: 1730/2963, Loss: 131.449, Trans_L2_m: 0.509, Yaw_err_deg: 1.946
Epoch: [12/23], Batch: 1740/2963, Loss: 52.264, Trans_L2_m: 0.359, Yaw_err_deg: 0.958
Epoch: [12/23], Batch: 1750/2963, Loss: 51.746, Trans_L2_m: 0.335, Yaw_err_deg: 0.943
Epoch: [12/23], Batch: 1760/2963, Loss: 61.528, Trans_L2_m: 0.365, Yaw_err_deg: 1.313
Epoch: [12/23], Batch: 1770/2963, Loss: 58.444, Trans_L2_m: 0.416, Yaw_err_deg: 1.162
Epoch: [12/23], Batch: 1780/2963, Loss: 55.081, Trans_L2_m: 0.408, Yaw_err_deg: 1.048
Epoch: [12/23], Batch: 1790/2963, Loss: 60.411, Trans_L2_m: 0.508, Yaw_err_deg: 0.887
Epoch: [12/23], Batch: 1800/2963, Loss: 99.810, Trans_L2_m: 0.430, Yaw_err_deg: 1.575
Epoch: [12/23], Batch: 1810/2963, Loss: 63.516, Trans_L2_m: 0.413, Yaw_err_deg: 1.223
Epoch: [12/23], Batch: 1820/2963, Loss: 71.255, Trans_L2_m: 0.588, Yaw_err_deg: 1.614
Epoch: [12/23], Batch: 1830/2963, Loss: 55.624, Trans_L2_m: 0.422, Yaw_err_deg: 1.078
Epoch: [12/23], Batch: 1840/2963, Loss: 53.506, Trans_L2_m: 0.427, Yaw_err_deg: 0.878
Epoch: [12/23], Batch: 1850/2963, Loss: 60.605, Trans_L2_m: 0.474, Yaw_err_deg: 0.905
Epoch: [12/23], Batch: 1860/2963, Loss: 52.424, Trans_L2_m: 0.428, Yaw_err_deg: 0.938
Epoch: [12/23], Batch: 1870/2963, Loss: 56.571, Trans_L2_m: 0.466, Yaw_err_deg: 0.883
Epoch: [12/23], Batch: 1880/2963, Loss: 52.592, Trans_L2_m: 0.456, Yaw_err_deg: 0.561
Epoch: [12/23], Batch: 1890/2963, Loss: 62.308, Trans_L2_m: 0.459, Yaw_err_deg: 0.963
Epoch: [12/23], Batch: 1900/2963, Loss: 72.367, Trans_L2_m: 0.740, Yaw_err_deg: 1.659
Epoch: [12/23], Batch: 1910/2963, Loss: 58.759, Trans_L2_m: 0.348, Yaw_err_deg: 0.994
Epoch: [12/23], Batch: 1920/2963, Loss: 54.290, Trans_L2_m: 0.477, Yaw_err_deg: 1.132
Epoch: [12/23], Batch: 1930/2963, Loss: 52.586, Trans_L2_m: 0.458, Yaw_err_deg: 0.986
Epoch: [12/23], Batch: 1940/2963, Loss: 67.032, Trans_L2_m: 0.504, Yaw_err_deg: 1.400
Epoch: [12/23], Batch: 1950/2963, Loss: 53.917, Trans_L2_m: 0.570, Yaw_err_deg: 0.629
Epoch: [12/23], Batch: 1960/2963, Loss: 61.004, Trans_L2_m: 0.504, Yaw_err_deg: 1.157
Epoch: [12/23], Batch: 1970/2963, Loss: 70.551, Trans_L2_m: 0.479, Yaw_err_deg: 1.389
Epoch: [12/23], Batch: 1980/2963, Loss: 46.099, Trans_L2_m: 0.374, Yaw_err_deg: 0.752
Epoch: [12/23], Batch: 1990/2963, Loss: 53.892, Trans_L2_m: 0.360, Yaw_err_deg: 1.215
Epoch: [12/23], Batch: 2000/2963, Loss: 92.154, Trans_L2_m: 0.501, Yaw_err_deg: 1.277
Epoch: [12/23], Batch: 2010/2963, Loss: 73.167, Trans_L2_m: 0.491, Yaw_err_deg: 1.255
Epoch: [12/23], Batch: 2020/2963, Loss: 47.851, Trans_L2_m: 0.463, Yaw_err_deg: 0.871
Epoch: [12/23], Batch: 2030/2963, Loss: 70.129, Trans_L2_m: 0.384, Yaw_err_deg: 1.556
Epoch: [12/23], Batch: 2040/2963, Loss: 76.159, Trans_L2_m: 0.427, Yaw_err_deg: 1.768
Epoch: [12/23], Batch: 2050/2963, Loss: 62.524, Trans_L2_m: 0.396, Yaw_err_deg: 0.898
Epoch: [12/23], Batch: 2060/2963, Loss: 57.905, Trans_L2_m: 0.506, Yaw_err_deg: 1.136
Epoch: [12/23], Batch: 2070/2963, Loss: 72.224, Trans_L2_m: 0.457, Yaw_err_deg: 1.638
Epoch: [12/23], Batch: 2080/2963, Loss: 57.863, Trans_L2_m: 0.394, Yaw_err_deg: 1.336
Epoch: [12/23], Batch: 2090/2963, Loss: 66.299, Trans_L2_m: 0.568, Yaw_err_deg: 1.381
Epoch: [12/23], Batch: 2100/2963, Loss: 70.590, Trans_L2_m: 0.359, Yaw_err_deg: 1.358
Epoch: [12/23], Batch: 2110/2963, Loss: 66.622, Trans_L2_m: 0.533, Yaw_err_deg: 1.172
Epoch: [12/23], Batch: 2120/2963, Loss: 66.395, Trans_L2_m: 0.466, Yaw_err_deg: 1.259
Epoch: [12/23], Batch: 2130/2963, Loss: 50.841, Trans_L2_m: 0.407, Yaw_err_deg: 1.018
Epoch: [12/23], Batch: 2140/2963, Loss: 59.431, Trans_L2_m: 0.614, Yaw_err_deg: 0.993
Epoch: [12/23], Batch: 2150/2963, Loss: 61.088, Trans_L2_m: 0.497, Yaw_err_deg: 1.441
Epoch: [12/23], Batch: 2160/2963, Loss: 67.208, Trans_L2_m: 0.490, Yaw_err_deg: 1.201
Epoch: [12/23], Batch: 2170/2963, Loss: 68.107, Trans_L2_m: 0.435, Yaw_err_deg: 1.336
Epoch: [12/23], Batch: 2180/2963, Loss: 56.080, Trans_L2_m: 0.550, Yaw_err_deg: 1.212
Epoch: [12/23], Batch: 2190/2963, Loss: 60.715, Trans_L2_m: 0.429, Yaw_err_deg: 1.222
Epoch: [12/23], Batch: 2200/2963, Loss: 54.780, Trans_L2_m: 0.351, Yaw_err_deg: 0.903
Epoch: [12/23], Batch: 2210/2963, Loss: 81.912, Trans_L2_m: 0.444, Yaw_err_deg: 1.541
Epoch: [12/23], Batch: 2220/2963, Loss: 101.530, Trans_L2_m: 0.536, Yaw_err_deg: 1.596
Epoch: [12/23], Batch: 2230/2963, Loss: 53.045, Trans_L2_m: 0.360, Yaw_err_deg: 1.172
Epoch: [12/23], Batch: 2240/2963, Loss: 74.619, Trans_L2_m: 0.464, Yaw_err_deg: 1.819
Epoch: [12/23], Batch: 2250/2963, Loss: 50.062, Trans_L2_m: 0.380, Yaw_err_deg: 1.099
Epoch: [12/23], Batch: 2260/2963, Loss: 53.707, Trans_L2_m: 0.511, Yaw_err_deg: 0.746
Epoch: [12/23], Batch: 2270/2963, Loss: 57.482, Trans_L2_m: 0.659, Yaw_err_deg: 0.738
Epoch: [12/23], Batch: 2280/2963, Loss: 49.359, Trans_L2_m: 0.507, Yaw_err_deg: 0.675
Epoch: [12/23], Batch: 2290/2963, Loss: 53.058, Trans_L2_m: 0.365, Yaw_err_deg: 1.144
Epoch: [12/23], Batch: 2300/2963, Loss: 51.686, Trans_L2_m: 0.391, Yaw_err_deg: 1.072
Epoch: [12/23], Batch: 2310/2963, Loss: 65.042, Trans_L2_m: 0.491, Yaw_err_deg: 1.315
Epoch: [12/23], Batch: 2320/2963, Loss: 48.897, Trans_L2_m: 0.432, Yaw_err_deg: 0.756
Epoch: [12/23], Batch: 2330/2963, Loss: 59.546, Trans_L2_m: 0.455, Yaw_err_deg: 1.180
Epoch: [12/23], Batch: 2340/2963, Loss: 65.236, Trans_L2_m: 0.443, Yaw_err_deg: 1.048
Epoch: [12/23], Batch: 2350/2963, Loss: 62.371, Trans_L2_m: 0.472, Yaw_err_deg: 1.223
Epoch: [12/23], Batch: 2360/2963, Loss: 49.940, Trans_L2_m: 0.499, Yaw_err_deg: 0.880
Epoch: [12/23], Batch: 2370/2963, Loss: 60.337, Trans_L2_m: 0.406, Yaw_err_deg: 1.023
Epoch: [12/23], Batch: 2380/2963, Loss: 54.961, Trans_L2_m: 0.377, Yaw_err_deg: 1.102
Epoch: [12/23], Batch: 2390/2963, Loss: 65.679, Trans_L2_m: 0.545, Yaw_err_deg: 1.052
Epoch: [12/23], Batch: 2400/2963, Loss: 53.160, Trans_L2_m: 0.409, Yaw_err_deg: 0.903
Epoch: [12/23], Batch: 2410/2963, Loss: 276.625, Trans_L2_m: 0.401, Yaw_err_deg: 1.766
Epoch: [12/23], Batch: 2420/2963, Loss: 69.698, Trans_L2_m: 0.324, Yaw_err_deg: 1.323
Epoch: [12/23], Batch: 2430/2963, Loss: 68.371, Trans_L2_m: 0.403, Yaw_err_deg: 1.508
Epoch: [12/23], Batch: 2440/2963, Loss: 57.229, Trans_L2_m: 0.493, Yaw_err_deg: 1.205
Epoch: [12/23], Batch: 2450/2963, Loss: 376.055, Trans_L2_m: 0.523, Yaw_err_deg: 2.594
Epoch: [12/23], Batch: 2460/2963, Loss: 67.931, Trans_L2_m: 0.448, Yaw_err_deg: 1.080
Epoch: [12/23], Batch: 2470/2963, Loss: 65.833, Trans_L2_m: 0.593, Yaw_err_deg: 1.325
Epoch: [12/23], Batch: 2480/2963, Loss: 72.861, Trans_L2_m: 0.404, Yaw_err_deg: 1.500
Epoch: [12/23], Batch: 2490/2963, Loss: 64.458, Trans_L2_m: 0.458, Yaw_err_deg: 1.482
Epoch: [12/23], Batch: 2500/2963, Loss: 63.632, Trans_L2_m: 0.530, Yaw_err_deg: 1.010
Epoch: [12/23], Batch: 2510/2963, Loss: 64.066, Trans_L2_m: 0.403, Yaw_err_deg: 1.200
Epoch: [12/23], Batch: 2520/2963, Loss: 77.285, Trans_L2_m: 0.376, Yaw_err_deg: 1.621
Epoch: [12/23], Batch: 2530/2963, Loss: 81.524, Trans_L2_m: 0.432, Yaw_err_deg: 1.981
Epoch: [12/23], Batch: 2540/2963, Loss: 71.011, Trans_L2_m: 0.534, Yaw_err_deg: 1.338
Epoch: [12/23], Batch: 2550/2963, Loss: 41.238, Trans_L2_m: 0.332, Yaw_err_deg: 0.760
Epoch: [12/23], Batch: 2560/2963, Loss: 57.340, Trans_L2_m: 0.396, Yaw_err_deg: 1.393
Epoch: [12/23], Batch: 2570/2963, Loss: 72.566, Trans_L2_m: 0.626, Yaw_err_deg: 1.602
Epoch: [12/23], Batch: 2580/2963, Loss: 78.712, Trans_L2_m: 0.505, Yaw_err_deg: 1.827
Epoch: [12/23], Batch: 2590/2963, Loss: 61.641, Trans_L2_m: 0.361, Yaw_err_deg: 1.262
Epoch: [12/23], Batch: 2600/2963, Loss: 48.992, Trans_L2_m: 0.512, Yaw_err_deg: 0.623
Epoch: [12/23], Batch: 2610/2963, Loss: 60.745, Trans_L2_m: 0.481, Yaw_err_deg: 1.357
Epoch: [12/23], Batch: 2620/2963, Loss: 73.263, Trans_L2_m: 0.514, Yaw_err_deg: 1.627
Epoch: [12/23], Batch: 2630/2963, Loss: 63.549, Trans_L2_m: 0.696, Yaw_err_deg: 1.443
Epoch: [12/23], Batch: 2640/2963, Loss: 61.713, Trans_L2_m: 0.528, Yaw_err_deg: 1.171
Epoch: [12/23], Batch: 2650/2963, Loss: 65.090, Trans_L2_m: 0.508, Yaw_err_deg: 1.626
Epoch: [12/23], Batch: 2660/2963, Loss: 60.612, Trans_L2_m: 0.268, Yaw_err_deg: 1.385
Epoch: [12/23], Batch: 2670/2963, Loss: 54.661, Trans_L2_m: 0.466, Yaw_err_deg: 1.020
Epoch: [12/23], Batch: 2680/2963, Loss: 73.605, Trans_L2_m: 0.578, Yaw_err_deg: 1.750
Epoch: [12/23], Batch: 2690/2963, Loss: 60.507, Trans_L2_m: 0.417, Yaw_err_deg: 1.398
Epoch: [12/23], Batch: 2700/2963, Loss: 53.444, Trans_L2_m: 0.403, Yaw_err_deg: 0.933
Epoch: [12/23], Batch: 2710/2963, Loss: 55.646, Trans_L2_m: 0.299, Yaw_err_deg: 1.107
Epoch: [12/23], Batch: 2720/2963, Loss: 73.556, Trans_L2_m: 0.522, Yaw_err_deg: 1.496
Epoch: [12/23], Batch: 2730/2963, Loss: 78.319, Trans_L2_m: 0.440, Yaw_err_deg: 1.528
Epoch: [12/23], Batch: 2740/2963, Loss: 49.142, Trans_L2_m: 0.412, Yaw_err_deg: 1.098
Epoch: [12/23], Batch: 2750/2963, Loss: 68.699, Trans_L2_m: 0.392, Yaw_err_deg: 1.437
Epoch: [12/23], Batch: 2760/2963, Loss: 74.147, Trans_L2_m: 0.596, Yaw_err_deg: 1.572
Epoch: [12/23], Batch: 2770/2963, Loss: 68.837, Trans_L2_m: 0.483, Yaw_err_deg: 1.613
Epoch: [12/23], Batch: 2780/2963, Loss: 50.609, Trans_L2_m: 0.426, Yaw_err_deg: 1.008
Epoch: [12/23], Batch: 2790/2963, Loss: 57.685, Trans_L2_m: 0.358, Yaw_err_deg: 1.218
Epoch: [12/23], Batch: 2800/2963, Loss: 51.607, Trans_L2_m: 0.418, Yaw_err_deg: 1.206
Epoch: [12/23], Batch: 2810/2963, Loss: 60.737, Trans_L2_m: 0.483, Yaw_err_deg: 1.033
Epoch: [12/23], Batch: 2820/2963, Loss: 71.954, Trans_L2_m: 0.368, Yaw_err_deg: 1.264
Epoch: [12/23], Batch: 2830/2963, Loss: 57.146, Trans_L2_m: 0.470, Yaw_err_deg: 0.686
Epoch: [12/23], Batch: 2840/2963, Loss: 55.901, Trans_L2_m: 0.436, Yaw_err_deg: 1.071
Epoch: [12/23], Batch: 2850/2963, Loss: 70.541, Trans_L2_m: 0.408, Yaw_err_deg: 1.206
Epoch: [12/23], Batch: 2860/2963, Loss: 52.197, Trans_L2_m: 0.338, Yaw_err_deg: 1.324
Epoch: [12/23], Batch: 2870/2963, Loss: 46.530, Trans_L2_m: 0.292, Yaw_err_deg: 0.960
Epoch: [12/23], Batch: 2880/2963, Loss: 77.158, Trans_L2_m: 0.523, Yaw_err_deg: 1.635
Epoch: [12/23], Batch: 2890/2963, Loss: 60.426, Trans_L2_m: 0.518, Yaw_err_deg: 1.154
Epoch: [12/23], Batch: 2900/2963, Loss: 57.058, Trans_L2_m: 0.367, Yaw_err_deg: 1.027
Epoch: [12/23], Batch: 2910/2963, Loss: 72.885, Trans_L2_m: 0.576, Yaw_err_deg: 1.441
Epoch: [12/23], Batch: 2920/2963, Loss: 57.577, Trans_L2_m: 0.372, Yaw_err_deg: 1.268
Epoch: [12/23], Batch: 2930/2963, Loss: 51.839, Trans_L2_m: 0.445, Yaw_err_deg: 0.945
Epoch: [12/23], Batch: 2940/2963, Loss: 95.161, Trans_L2_m: 0.544, Yaw_err_deg: 1.954
Epoch: [12/23], Batch: 2950/2963, Loss: 59.439, Trans_L2_m: 0.401, Yaw_err_deg: 1.343
Epoch: [12/23], Batch: 2960/2963, Loss: 60.606, Trans_L2_m: 0.466, Yaw_err_deg: 1.191
Epoch: [13/23], Batch: 0/2963, Loss: 53.029, Trans_L2_m: 0.473, Yaw_err_deg: 1.234
Epoch: [13/23], Batch: 10/2963, Loss: 66.932, Trans_L2_m: 0.514, Yaw_err_deg: 1.345
Epoch: [13/23], Batch: 20/2963, Loss: 57.052, Trans_L2_m: 0.475, Yaw_err_deg: 0.938
Epoch: [13/23], Batch: 30/2963, Loss: 56.832, Trans_L2_m: 0.473, Yaw_err_deg: 0.985
Epoch: [13/23], Batch: 40/2963, Loss: 62.292, Trans_L2_m: 0.454, Yaw_err_deg: 1.166
Epoch: [13/23], Batch: 50/2963, Loss: 57.663, Trans_L2_m: 0.493, Yaw_err_deg: 0.713
Epoch: [13/23], Batch: 60/2963, Loss: 65.712, Trans_L2_m: 0.415, Yaw_err_deg: 0.983
Epoch: [13/23], Batch: 70/2963, Loss: 73.459, Trans_L2_m: 0.570, Yaw_err_deg: 1.514
Epoch: [13/23], Batch: 80/2963, Loss: 61.461, Trans_L2_m: 0.474, Yaw_err_deg: 1.134
Epoch: [13/23], Batch: 90/2963, Loss: 57.385, Trans_L2_m: 0.562, Yaw_err_deg: 1.147
Epoch: [13/23], Batch: 100/2963, Loss: 59.890, Trans_L2_m: 0.523, Yaw_err_deg: 1.198
Epoch: [13/23], Batch: 110/2963, Loss: 66.504, Trans_L2_m: 0.461, Yaw_err_deg: 1.057
Epoch: [13/23], Batch: 120/2963, Loss: 72.670, Trans_L2_m: 0.550, Yaw_err_deg: 1.253
Epoch: [13/23], Batch: 130/2963, Loss: 60.269, Trans_L2_m: 0.340, Yaw_err_deg: 1.189
Epoch: [13/23], Batch: 140/2963, Loss: 56.549, Trans_L2_m: 0.455, Yaw_err_deg: 1.356
Epoch: [13/23], Batch: 150/2963, Loss: 86.951, Trans_L2_m: 0.489, Yaw_err_deg: 1.319
Epoch: [13/23], Batch: 160/2963, Loss: 54.233, Trans_L2_m: 0.402, Yaw_err_deg: 1.198
Epoch: [13/23], Batch: 170/2963, Loss: 51.569, Trans_L2_m: 0.395, Yaw_err_deg: 1.060
Epoch: [13/23], Batch: 180/2963, Loss: 55.986, Trans_L2_m: 0.340, Yaw_err_deg: 1.021
Epoch: [13/23], Batch: 190/2963, Loss: 67.996, Trans_L2_m: 0.605, Yaw_err_deg: 1.202
Epoch: [13/23], Batch: 200/2963, Loss: 69.796, Trans_L2_m: 0.512, Yaw_err_deg: 1.527
Epoch: [13/23], Batch: 210/2963, Loss: 55.619, Trans_L2_m: 0.522, Yaw_err_deg: 1.123
Epoch: [13/23], Batch: 220/2963, Loss: 64.854, Trans_L2_m: 0.533, Yaw_err_deg: 1.279
Epoch: [13/23], Batch: 230/2963, Loss: 60.785, Trans_L2_m: 0.367, Yaw_err_deg: 1.582
Epoch: [13/23], Batch: 240/2963, Loss: 195.397, Trans_L2_m: 0.507, Yaw_err_deg: 2.916
Epoch: [13/23], Batch: 250/2963, Loss: 54.995, Trans_L2_m: 0.379, Yaw_err_deg: 1.354
Epoch: [13/23], Batch: 260/2963, Loss: 55.306, Trans_L2_m: 0.500, Yaw_err_deg: 0.800
Epoch: [13/23], Batch: 270/2963, Loss: 56.520, Trans_L2_m: 0.489, Yaw_err_deg: 0.952
Epoch: [13/23], Batch: 280/2963, Loss: 56.079, Trans_L2_m: 0.572, Yaw_err_deg: 0.815
Epoch: [13/23], Batch: 290/2963, Loss: 58.489, Trans_L2_m: 0.509, Yaw_err_deg: 1.123
Epoch: [13/23], Batch: 300/2963, Loss: 53.486, Trans_L2_m: 0.454, Yaw_err_deg: 1.379
Epoch: [13/23], Batch: 310/2963, Loss: 56.521, Trans_L2_m: 0.485, Yaw_err_deg: 1.043
Epoch: [13/23], Batch: 320/2963, Loss: 72.157, Trans_L2_m: 0.562, Yaw_err_deg: 1.671
Epoch: [13/23], Batch: 330/2963, Loss: 54.211, Trans_L2_m: 0.392, Yaw_err_deg: 1.079
Epoch: [13/23], Batch: 340/2963, Loss: 60.199, Trans_L2_m: 0.447, Yaw_err_deg: 1.100
Epoch: [13/23], Batch: 350/2963, Loss: 47.524, Trans_L2_m: 0.441, Yaw_err_deg: 0.542
Epoch: [13/23], Batch: 360/2963, Loss: 65.921, Trans_L2_m: 0.474, Yaw_err_deg: 1.237
Epoch: [13/23], Batch: 370/2963, Loss: 51.952, Trans_L2_m: 0.470, Yaw_err_deg: 0.774
Epoch: [13/23], Batch: 380/2963, Loss: 50.645, Trans_L2_m: 0.525, Yaw_err_deg: 0.857
Epoch: [13/23], Batch: 390/2963, Loss: 69.754, Trans_L2_m: 0.299, Yaw_err_deg: 1.800
Epoch: [13/23], Batch: 400/2963, Loss: 55.727, Trans_L2_m: 0.510, Yaw_err_deg: 1.002
Epoch: [13/23], Batch: 410/2963, Loss: 48.021, Trans_L2_m: 0.331, Yaw_err_deg: 0.780
Epoch: [13/23], Batch: 420/2963, Loss: 58.197, Trans_L2_m: 0.412, Yaw_err_deg: 1.048
Epoch: [13/23], Batch: 430/2963, Loss: 56.752, Trans_L2_m: 0.491, Yaw_err_deg: 0.842
Epoch: [13/23], Batch: 440/2963, Loss: 115.099, Trans_L2_m: 0.430, Yaw_err_deg: 2.438
Epoch: [13/23], Batch: 450/2963, Loss: 52.104, Trans_L2_m: 0.325, Yaw_err_deg: 1.205
Epoch: [13/23], Batch: 460/2963, Loss: 63.058, Trans_L2_m: 0.399, Yaw_err_deg: 1.287
Epoch: [13/23], Batch: 470/2963, Loss: 69.984, Trans_L2_m: 0.543, Yaw_err_deg: 1.210
Epoch: [13/23], Batch: 480/2963, Loss: 65.236, Trans_L2_m: 0.352, Yaw_err_deg: 1.381
Epoch: [13/23], Batch: 490/2963, Loss: 57.864, Trans_L2_m: 0.408, Yaw_err_deg: 1.210
Epoch: [13/23], Batch: 500/2963, Loss: 58.513, Trans_L2_m: 0.487, Yaw_err_deg: 1.062
Epoch: [13/23], Batch: 510/2963, Loss: 58.744, Trans_L2_m: 0.554, Yaw_err_deg: 1.164
Epoch: [13/23], Batch: 520/2963, Loss: 57.964, Trans_L2_m: 0.531, Yaw_err_deg: 1.297
Epoch: [13/23], Batch: 530/2963, Loss: 50.678, Trans_L2_m: 0.357, Yaw_err_deg: 1.124
Epoch: [13/23], Batch: 540/2963, Loss: 55.967, Trans_L2_m: 0.348, Yaw_err_deg: 1.316
Epoch: [13/23], Batch: 550/2963, Loss: 65.326, Trans_L2_m: 0.575, Yaw_err_deg: 1.248
Epoch: [13/23], Batch: 560/2963, Loss: 58.954, Trans_L2_m: 0.341, Yaw_err_deg: 0.851
Epoch: [13/23], Batch: 570/2963, Loss: 48.801, Trans_L2_m: 0.326, Yaw_err_deg: 0.957
Epoch: [13/23], Batch: 580/2963, Loss: 53.425, Trans_L2_m: 0.450, Yaw_err_deg: 0.893
Epoch: [13/23], Batch: 590/2963, Loss: 65.879, Trans_L2_m: 0.461, Yaw_err_deg: 1.397
Epoch: [13/23], Batch: 600/2963, Loss: 50.086, Trans_L2_m: 0.330, Yaw_err_deg: 0.820
Epoch: [13/23], Batch: 610/2963, Loss: 50.365, Trans_L2_m: 0.445, Yaw_err_deg: 0.883
Epoch: [13/23], Batch: 620/2963, Loss: 71.386, Trans_L2_m: 0.487, Yaw_err_deg: 1.501
Epoch: [13/23], Batch: 630/2963, Loss: 53.660, Trans_L2_m: 0.500, Yaw_err_deg: 0.964
Epoch: [13/23], Batch: 640/2963, Loss: 798.036, Trans_L2_m: 0.307, Yaw_err_deg: 1.303
Epoch: [13/23], Batch: 650/2963, Loss: 54.308, Trans_L2_m: 0.415, Yaw_err_deg: 1.031
Epoch: [13/23], Batch: 660/2963, Loss: 55.095, Trans_L2_m: 0.506, Yaw_err_deg: 1.026
Epoch: [13/23], Batch: 670/2963, Loss: 64.053, Trans_L2_m: 0.539, Yaw_err_deg: 0.960
Epoch: [13/23], Batch: 680/2963, Loss: 49.866, Trans_L2_m: 0.392, Yaw_err_deg: 0.809
Epoch: [13/23], Batch: 690/2963, Loss: 47.126, Trans_L2_m: 0.387, Yaw_err_deg: 0.888
Epoch: [13/23], Batch: 700/2963, Loss: 68.718, Trans_L2_m: 0.357, Yaw_err_deg: 1.602
Epoch: [13/23], Batch: 710/2963, Loss: 49.098, Trans_L2_m: 0.367, Yaw_err_deg: 1.158
Epoch: [13/23], Batch: 720/2963, Loss: 77.574, Trans_L2_m: 0.494, Yaw_err_deg: 1.203
Epoch: [13/23], Batch: 730/2963, Loss: 59.348, Trans_L2_m: 0.408, Yaw_err_deg: 1.196
Epoch: [13/23], Batch: 740/2963, Loss: 65.331, Trans_L2_m: 0.441, Yaw_err_deg: 1.653
Epoch: [13/23], Batch: 750/2963, Loss: 73.155, Trans_L2_m: 0.341, Yaw_err_deg: 1.810
Epoch: [13/23], Batch: 760/2963, Loss: 59.359, Trans_L2_m: 0.339, Yaw_err_deg: 1.177
Epoch: [13/23], Batch: 770/2963, Loss: 106.965, Trans_L2_m: 0.515, Yaw_err_deg: 1.970
Epoch: [13/23], Batch: 780/2963, Loss: 56.681, Trans_L2_m: 0.541, Yaw_err_deg: 1.139
Epoch: [13/23], Batch: 790/2963, Loss: 59.496, Trans_L2_m: 0.441, Yaw_err_deg: 1.062
Epoch: [13/23], Batch: 800/2963, Loss: 54.541, Trans_L2_m: 0.450, Yaw_err_deg: 1.100
Epoch: [13/23], Batch: 810/2963, Loss: 54.864, Trans_L2_m: 0.482, Yaw_err_deg: 1.101
Epoch: [13/23], Batch: 820/2963, Loss: 63.096, Trans_L2_m: 0.513, Yaw_err_deg: 1.014
Epoch: [13/23], Batch: 830/2963, Loss: 57.065, Trans_L2_m: 0.464, Yaw_err_deg: 1.195
Epoch: [13/23], Batch: 840/2963, Loss: 64.004, Trans_L2_m: 0.363, Yaw_err_deg: 1.436
Epoch: [13/23], Batch: 850/2963, Loss: 67.355, Trans_L2_m: 0.453, Yaw_err_deg: 1.090
Epoch: [13/23], Batch: 860/2963, Loss: 89.915, Trans_L2_m: 0.527, Yaw_err_deg: 1.348
Epoch: [13/23], Batch: 870/2963, Loss: 58.069, Trans_L2_m: 0.543, Yaw_err_deg: 0.976
Epoch: [13/23], Batch: 880/2963, Loss: 59.251, Trans_L2_m: 0.500, Yaw_err_deg: 1.051
Epoch: [13/23], Batch: 890/2963, Loss: 53.817, Trans_L2_m: 0.475, Yaw_err_deg: 1.241
Epoch: [13/23], Batch: 900/2963, Loss: 50.930, Trans_L2_m: 0.377, Yaw_err_deg: 0.854
Epoch: [13/23], Batch: 910/2963, Loss: 53.537, Trans_L2_m: 0.343, Yaw_err_deg: 1.032
Epoch: [13/23], Batch: 920/2963, Loss: 60.135, Trans_L2_m: 0.405, Yaw_err_deg: 1.286
Epoch: [13/23], Batch: 930/2963, Loss: 49.656, Trans_L2_m: 0.425, Yaw_err_deg: 0.735
Epoch: [13/23], Batch: 940/2963, Loss: 46.249, Trans_L2_m: 0.446, Yaw_err_deg: 0.612
Epoch: [13/23], Batch: 950/2963, Loss: 54.068, Trans_L2_m: 0.408, Yaw_err_deg: 1.162
Epoch: [13/23], Batch: 960/2963, Loss: 68.441, Trans_L2_m: 0.418, Yaw_err_deg: 1.314
Epoch: [13/23], Batch: 970/2963, Loss: 51.211, Trans_L2_m: 0.347, Yaw_err_deg: 1.138
Epoch: [13/23], Batch: 980/2963, Loss: 62.836, Trans_L2_m: 0.637, Yaw_err_deg: 1.201
Epoch: [13/23], Batch: 990/2963, Loss: 54.826, Trans_L2_m: 0.487, Yaw_err_deg: 0.870
Epoch: [13/23], Batch: 1000/2963, Loss: 61.260, Trans_L2_m: 0.434, Yaw_err_deg: 1.173
Epoch: [13/23], Batch: 1010/2963, Loss: 70.737, Trans_L2_m: 0.388, Yaw_err_deg: 1.576
Epoch: [13/23], Batch: 1020/2963, Loss: 56.953, Trans_L2_m: 0.417, Yaw_err_deg: 0.949
Epoch: [13/23], Batch: 1030/2963, Loss: 61.853, Trans_L2_m: 0.387, Yaw_err_deg: 1.125
Epoch: [13/23], Batch: 1040/2963, Loss: 66.490, Trans_L2_m: 0.503, Yaw_err_deg: 0.929
Epoch: [13/23], Batch: 1050/2963, Loss: 54.857, Trans_L2_m: 0.458, Yaw_err_deg: 0.975
Epoch: [13/23], Batch: 1060/2963, Loss: 65.672, Trans_L2_m: 0.415, Yaw_err_deg: 1.397
Epoch: [13/23], Batch: 1070/2963, Loss: 57.439, Trans_L2_m: 0.280, Yaw_err_deg: 1.399
Epoch: [13/23], Batch: 1080/2963, Loss: 62.222, Trans_L2_m: 0.462, Yaw_err_deg: 1.174
Epoch: [13/23], Batch: 1090/2963, Loss: 70.598, Trans_L2_m: 0.343, Yaw_err_deg: 1.852
Epoch: [13/23], Batch: 1100/2963, Loss: 48.062, Trans_L2_m: 0.484, Yaw_err_deg: 0.788
Epoch: [13/23], Batch: 1110/2963, Loss: 53.753, Trans_L2_m: 0.398, Yaw_err_deg: 1.217
Epoch: [13/23], Batch: 1120/2963, Loss: 52.533, Trans_L2_m: 0.305, Yaw_err_deg: 1.302
Epoch: [13/23], Batch: 1130/2963, Loss: 51.813, Trans_L2_m: 0.494, Yaw_err_deg: 1.035
Epoch: [13/23], Batch: 1140/2963, Loss: 51.053, Trans_L2_m: 0.316, Yaw_err_deg: 1.263
Epoch: [13/23], Batch: 1150/2963, Loss: 49.758, Trans_L2_m: 0.351, Yaw_err_deg: 0.766
Epoch: [13/23], Batch: 1160/2963, Loss: 52.009, Trans_L2_m: 0.442, Yaw_err_deg: 0.848
Epoch: [13/23], Batch: 1170/2963, Loss: 51.851, Trans_L2_m: 0.523, Yaw_err_deg: 0.875
Epoch: [13/23], Batch: 1180/2963, Loss: 54.510, Trans_L2_m: 0.480, Yaw_err_deg: 0.876
Epoch: [13/23], Batch: 1190/2963, Loss: 65.114, Trans_L2_m: 0.441, Yaw_err_deg: 1.140
Epoch: [13/23], Batch: 1200/2963, Loss: 60.429, Trans_L2_m: 0.514, Yaw_err_deg: 1.315
Epoch: [13/23], Batch: 1210/2963, Loss: 51.409, Trans_L2_m: 0.419, Yaw_err_deg: 0.972
Epoch: [13/23], Batch: 1220/2963, Loss: 55.436, Trans_L2_m: 0.398, Yaw_err_deg: 1.161
Epoch: [13/23], Batch: 1230/2963, Loss: 65.237, Trans_L2_m: 0.443, Yaw_err_deg: 1.088
Epoch: [13/23], Batch: 1240/2963, Loss: 52.582, Trans_L2_m: 0.536, Yaw_err_deg: 1.156
Epoch: [13/23], Batch: 1250/2963, Loss: 61.200, Trans_L2_m: 0.527, Yaw_err_deg: 1.124
Epoch: [13/23], Batch: 1260/2963, Loss: 49.386, Trans_L2_m: 0.416, Yaw_err_deg: 0.651
Epoch: [13/23], Batch: 1270/2963, Loss: 49.438, Trans_L2_m: 0.419, Yaw_err_deg: 0.925
Epoch: [13/23], Batch: 1280/2963, Loss: 64.735, Trans_L2_m: 0.507, Yaw_err_deg: 1.282
Epoch: [13/23], Batch: 1290/2963, Loss: 54.889, Trans_L2_m: 0.392, Yaw_err_deg: 1.136
Epoch: [13/23], Batch: 1300/2963, Loss: 54.976, Trans_L2_m: 0.355, Yaw_err_deg: 1.212
Epoch: [13/23], Batch: 1310/2963, Loss: 59.289, Trans_L2_m: 0.502, Yaw_err_deg: 0.924
Epoch: [13/23], Batch: 1320/2963, Loss: 62.375, Trans_L2_m: 0.439, Yaw_err_deg: 1.183
Epoch: [13/23], Batch: 1330/2963, Loss: 51.809, Trans_L2_m: 0.413, Yaw_err_deg: 0.872
Epoch: [13/23], Batch: 1340/2963, Loss: 63.292, Trans_L2_m: 0.635, Yaw_err_deg: 0.765
Epoch: [13/23], Batch: 1350/2963, Loss: 52.518, Trans_L2_m: 0.504, Yaw_err_deg: 1.022
Epoch: [13/23], Batch: 1360/2963, Loss: 58.230, Trans_L2_m: 0.625, Yaw_err_deg: 1.002
Epoch: [13/23], Batch: 1370/2963, Loss: 47.899, Trans_L2_m: 0.510, Yaw_err_deg: 0.728
Epoch: [13/23], Batch: 1380/2963, Loss: 49.857, Trans_L2_m: 0.483, Yaw_err_deg: 0.743
Epoch: [13/23], Batch: 1390/2963, Loss: 76.972, Trans_L2_m: 0.320, Yaw_err_deg: 1.931
Epoch: [13/23], Batch: 1400/2963, Loss: 63.845, Trans_L2_m: 0.538, Yaw_err_deg: 1.381
Epoch: [13/23], Batch: 1410/2963, Loss: 65.927, Trans_L2_m: 0.532, Yaw_err_deg: 1.518
Epoch: [13/23], Batch: 1420/2963, Loss: 56.330, Trans_L2_m: 0.328, Yaw_err_deg: 1.132
Epoch: [13/23], Batch: 1430/2963, Loss: 72.528, Trans_L2_m: 0.363, Yaw_err_deg: 1.460
Epoch: [13/23], Batch: 1440/2963, Loss: 394.361, Trans_L2_m: 0.442, Yaw_err_deg: 2.751
Epoch: [13/23], Batch: 1450/2963, Loss: 49.030, Trans_L2_m: 0.485, Yaw_err_deg: 0.817
Epoch: [13/23], Batch: 1460/2963, Loss: 74.018, Trans_L2_m: 0.441, Yaw_err_deg: 1.808
Epoch: [13/23], Batch: 1470/2963, Loss: 81.510, Trans_L2_m: 0.557, Yaw_err_deg: 1.508
Epoch: [13/23], Batch: 1480/2963, Loss: 51.245, Trans_L2_m: 0.468, Yaw_err_deg: 0.618
Epoch: [13/23], Batch: 1490/2963, Loss: 49.176, Trans_L2_m: 0.442, Yaw_err_deg: 1.043
Epoch: [13/23], Batch: 1500/2963, Loss: 61.108, Trans_L2_m: 0.533, Yaw_err_deg: 0.985
Epoch: [13/23], Batch: 1510/2963, Loss: 71.641, Trans_L2_m: 0.360, Yaw_err_deg: 1.628
Epoch: [13/23], Batch: 1520/2963, Loss: 56.057, Trans_L2_m: 0.474, Yaw_err_deg: 0.919
Epoch: [13/23], Batch: 1530/2963, Loss: 51.837, Trans_L2_m: 0.455, Yaw_err_deg: 0.967
Epoch: [13/23], Batch: 1540/2963, Loss: 68.384, Trans_L2_m: 0.495, Yaw_err_deg: 1.366
Epoch: [13/23], Batch: 1550/2963, Loss: 53.559, Trans_L2_m: 0.454, Yaw_err_deg: 0.787
Epoch: [13/23], Batch: 1560/2963, Loss: 44.231, Trans_L2_m: 0.326, Yaw_err_deg: 0.976
Epoch: [13/23], Batch: 1570/2963, Loss: 59.535, Trans_L2_m: 0.367, Yaw_err_deg: 1.338
Epoch: [13/23], Batch: 1580/2963, Loss: 78.235, Trans_L2_m: 0.383, Yaw_err_deg: 1.495
Epoch: [13/23], Batch: 1590/2963, Loss: 59.512, Trans_L2_m: 0.392, Yaw_err_deg: 1.420
Epoch: [13/23], Batch: 1600/2963, Loss: 51.110, Trans_L2_m: 0.443, Yaw_err_deg: 0.713
Epoch: [13/23], Batch: 1610/2963, Loss: 66.039, Trans_L2_m: 0.377, Yaw_err_deg: 0.938
Epoch: [13/23], Batch: 1620/2963, Loss: 53.846, Trans_L2_m: 0.373, Yaw_err_deg: 1.263
Epoch: [13/23], Batch: 1630/2963, Loss: 69.993, Trans_L2_m: 0.525, Yaw_err_deg: 1.397
Epoch: [13/23], Batch: 1640/2963, Loss: 57.224, Trans_L2_m: 0.546, Yaw_err_deg: 1.276
Epoch: [13/23], Batch: 1650/2963, Loss: 49.556, Trans_L2_m: 0.437, Yaw_err_deg: 0.614
Epoch: [13/23], Batch: 1660/2963, Loss: 61.239, Trans_L2_m: 0.486, Yaw_err_deg: 1.086
Epoch: [13/23], Batch: 1670/2963, Loss: 53.743, Trans_L2_m: 0.600, Yaw_err_deg: 0.776
Epoch: [13/23], Batch: 1680/2963, Loss: 61.772, Trans_L2_m: 0.420, Yaw_err_deg: 1.195
Epoch: [13/23], Batch: 1690/2963, Loss: 57.687, Trans_L2_m: 0.442, Yaw_err_deg: 1.134
Epoch: [13/23], Batch: 1700/2963, Loss: 60.202, Trans_L2_m: 0.316, Yaw_err_deg: 0.730
Epoch: [13/23], Batch: 1710/2963, Loss: 50.738, Trans_L2_m: 0.323, Yaw_err_deg: 0.971
Epoch: [13/23], Batch: 1720/2963, Loss: 59.841, Trans_L2_m: 0.352, Yaw_err_deg: 1.431
Epoch: [13/23], Batch: 1730/2963, Loss: 50.957, Trans_L2_m: 0.360, Yaw_err_deg: 0.815
Epoch: [13/23], Batch: 1740/2963, Loss: 63.516, Trans_L2_m: 0.465, Yaw_err_deg: 1.316
Epoch: [13/23], Batch: 1750/2963, Loss: 57.494, Trans_L2_m: 0.657, Yaw_err_deg: 0.931
Epoch: [13/23], Batch: 1760/2963, Loss: 53.370, Trans_L2_m: 0.356, Yaw_err_deg: 1.199
Epoch: [13/23], Batch: 1770/2963, Loss: 52.461, Trans_L2_m: 0.483, Yaw_err_deg: 0.714
Epoch: [13/23], Batch: 1780/2963, Loss: 56.663, Trans_L2_m: 0.402, Yaw_err_deg: 1.299
Epoch: [13/23], Batch: 1790/2963, Loss: 56.378, Trans_L2_m: 0.315, Yaw_err_deg: 1.344
Epoch: [13/23], Batch: 1800/2963, Loss: 68.684, Trans_L2_m: 0.400, Yaw_err_deg: 1.438
Epoch: [13/23], Batch: 1810/2963, Loss: 66.691, Trans_L2_m: 0.322, Yaw_err_deg: 1.350
Epoch: [13/23], Batch: 1820/2963, Loss: 69.297, Trans_L2_m: 0.324, Yaw_err_deg: 1.275
Epoch: [13/23], Batch: 1830/2963, Loss: 98.429, Trans_L2_m: 0.514, Yaw_err_deg: 1.884
Epoch: [13/23], Batch: 1840/2963, Loss: 44.965, Trans_L2_m: 0.410, Yaw_err_deg: 0.874
Epoch: [13/23], Batch: 1850/2963, Loss: 69.460, Trans_L2_m: 0.612, Yaw_err_deg: 0.905
Epoch: [13/23], Batch: 1860/2963, Loss: 78.721, Trans_L2_m: 0.726, Yaw_err_deg: 1.130
Epoch: [13/23], Batch: 1870/2963, Loss: 54.089, Trans_L2_m: 0.443, Yaw_err_deg: 1.016
Epoch: [13/23], Batch: 1880/2963, Loss: 75.560, Trans_L2_m: 0.432, Yaw_err_deg: 1.798
Epoch: [13/23], Batch: 1890/2963, Loss: 48.837, Trans_L2_m: 0.396, Yaw_err_deg: 0.836
Epoch: [13/23], Batch: 1900/2963, Loss: 46.581, Trans_L2_m: 0.398, Yaw_err_deg: 0.637
Epoch: [13/23], Batch: 1910/2963, Loss: 61.559, Trans_L2_m: 0.491, Yaw_err_deg: 1.461
Epoch: [13/23], Batch: 1920/2963, Loss: 90.106, Trans_L2_m: 0.471, Yaw_err_deg: 2.036
Epoch: [13/23], Batch: 1930/2963, Loss: 67.918, Trans_L2_m: 0.498, Yaw_err_deg: 1.141
Epoch: [13/23], Batch: 1940/2963, Loss: 49.883, Trans_L2_m: 0.478, Yaw_err_deg: 0.918
Epoch: [13/23], Batch: 1950/2963, Loss: 59.211, Trans_L2_m: 0.473, Yaw_err_deg: 1.040
Epoch: [13/23], Batch: 1960/2963, Loss: 51.066, Trans_L2_m: 0.391, Yaw_err_deg: 1.014
Epoch: [13/23], Batch: 1970/2963, Loss: 51.397, Trans_L2_m: 0.448, Yaw_err_deg: 0.858
Epoch: [13/23], Batch: 1980/2963, Loss: 44.365, Trans_L2_m: 0.397, Yaw_err_deg: 0.548
Epoch: [13/23], Batch: 1990/2963, Loss: 50.216, Trans_L2_m: 0.410, Yaw_err_deg: 0.845
Epoch: [13/23], Batch: 2000/2963, Loss: 87.641, Trans_L2_m: 0.330, Yaw_err_deg: 1.329
Epoch: [13/23], Batch: 2010/2963, Loss: 52.828, Trans_L2_m: 0.456, Yaw_err_deg: 0.634
Epoch: [13/23], Batch: 2020/2963, Loss: 65.585, Trans_L2_m: 0.439, Yaw_err_deg: 1.108
Epoch: [13/23], Batch: 2030/2963, Loss: 53.154, Trans_L2_m: 0.392, Yaw_err_deg: 1.003
Epoch: [13/23], Batch: 2040/2963, Loss: 61.246, Trans_L2_m: 0.493, Yaw_err_deg: 1.367
Epoch: [13/23], Batch: 2050/2963, Loss: 65.447, Trans_L2_m: 0.529, Yaw_err_deg: 1.139
Epoch: [13/23], Batch: 2060/2963, Loss: 64.023, Trans_L2_m: 0.314, Yaw_err_deg: 1.351
Epoch: [13/23], Batch: 2070/2963, Loss: 52.848, Trans_L2_m: 0.369, Yaw_err_deg: 1.141
Epoch: [13/23], Batch: 2080/2963, Loss: 48.414, Trans_L2_m: 0.362, Yaw_err_deg: 0.800
Epoch: [13/23], Batch: 2090/2963, Loss: 54.665, Trans_L2_m: 0.548, Yaw_err_deg: 1.149
Epoch: [13/23], Batch: 2100/2963, Loss: 59.187, Trans_L2_m: 0.591, Yaw_err_deg: 0.985
Epoch: [13/23], Batch: 2110/2963, Loss: 47.893, Trans_L2_m: 0.348, Yaw_err_deg: 1.031
Epoch: [13/23], Batch: 2120/2963, Loss: 69.037, Trans_L2_m: 0.545, Yaw_err_deg: 1.390
Epoch: [13/23], Batch: 2130/2963, Loss: 58.469, Trans_L2_m: 0.436, Yaw_err_deg: 1.113
Epoch: [13/23], Batch: 2140/2963, Loss: 50.218, Trans_L2_m: 0.384, Yaw_err_deg: 0.907
Epoch: [13/23], Batch: 2150/2963, Loss: 53.047, Trans_L2_m: 0.444, Yaw_err_deg: 1.116
Epoch: [13/23], Batch: 2160/2963, Loss: 50.085, Trans_L2_m: 0.417, Yaw_err_deg: 0.919
Epoch: [13/23], Batch: 2170/2963, Loss: 51.764, Trans_L2_m: 0.498, Yaw_err_deg: 0.618
Epoch: [13/23], Batch: 2180/2963, Loss: 78.530, Trans_L2_m: 0.505, Yaw_err_deg: 1.984
Epoch: [13/23], Batch: 2190/2963, Loss: 61.314, Trans_L2_m: 0.429, Yaw_err_deg: 1.413
Epoch: [13/23], Batch: 2200/2963, Loss: 53.312, Trans_L2_m: 0.479, Yaw_err_deg: 0.960
Epoch: [13/23], Batch: 2210/2963, Loss: 43.966, Trans_L2_m: 0.389, Yaw_err_deg: 0.752
Epoch: [13/23], Batch: 2220/2963, Loss: 55.642, Trans_L2_m: 0.311, Yaw_err_deg: 1.244
Epoch: [13/23], Batch: 2230/2963, Loss: 64.756, Trans_L2_m: 0.461, Yaw_err_deg: 1.301
Epoch: [13/23], Batch: 2240/2963, Loss: 58.923, Trans_L2_m: 0.425, Yaw_err_deg: 1.303
Epoch: [13/23], Batch: 2250/2963, Loss: 47.838, Trans_L2_m: 0.465, Yaw_err_deg: 0.885
Epoch: [13/23], Batch: 2260/2963, Loss: 68.257, Trans_L2_m: 0.361, Yaw_err_deg: 1.507
Epoch: [13/23], Batch: 2270/2963, Loss: 48.721, Trans_L2_m: 0.403, Yaw_err_deg: 0.860
Epoch: [13/23], Batch: 2280/2963, Loss: 50.869, Trans_L2_m: 0.485, Yaw_err_deg: 0.852
Epoch: [13/23], Batch: 2290/2963, Loss: 52.594, Trans_L2_m: 0.504, Yaw_err_deg: 0.882
Epoch: [13/23], Batch: 2300/2963, Loss: 59.724, Trans_L2_m: 0.421, Yaw_err_deg: 1.462
Epoch: [13/23], Batch: 2310/2963, Loss: 70.049, Trans_L2_m: 0.370, Yaw_err_deg: 1.358
Epoch: [13/23], Batch: 2320/2963, Loss: 52.845, Trans_L2_m: 0.398, Yaw_err_deg: 0.929
Epoch: [13/23], Batch: 2330/2963, Loss: 60.317, Trans_L2_m: 0.403, Yaw_err_deg: 1.271
Epoch: [13/23], Batch: 2340/2963, Loss: 59.143, Trans_L2_m: 0.500, Yaw_err_deg: 1.046
Epoch: [13/23], Batch: 2350/2963, Loss: 53.419, Trans_L2_m: 0.382, Yaw_err_deg: 0.980
Epoch: [13/23], Batch: 2360/2963, Loss: 63.990, Trans_L2_m: 0.426, Yaw_err_deg: 1.309
Epoch: [13/23], Batch: 2370/2963, Loss: 50.506, Trans_L2_m: 0.288, Yaw_err_deg: 0.987
Epoch: [13/23], Batch: 2380/2963, Loss: 56.258, Trans_L2_m: 0.569, Yaw_err_deg: 1.159
Epoch: [13/23], Batch: 2390/2963, Loss: 56.027, Trans_L2_m: 0.360, Yaw_err_deg: 1.036
Epoch: [13/23], Batch: 2400/2963, Loss: 49.491, Trans_L2_m: 0.279, Yaw_err_deg: 0.927
Epoch: [13/23], Batch: 2410/2963, Loss: 59.576, Trans_L2_m: 0.407, Yaw_err_deg: 1.503
Epoch: [13/23], Batch: 2420/2963, Loss: 47.200, Trans_L2_m: 0.358, Yaw_err_deg: 0.567
Epoch: [13/23], Batch: 2430/2963, Loss: 53.606, Trans_L2_m: 0.513, Yaw_err_deg: 1.072
Epoch: [13/23], Batch: 2440/2963, Loss: 45.824, Trans_L2_m: 0.317, Yaw_err_deg: 0.823
Epoch: [13/23], Batch: 2450/2963, Loss: 47.307, Trans_L2_m: 0.247, Yaw_err_deg: 1.120
Epoch: [13/23], Batch: 2460/2963, Loss: 66.860, Trans_L2_m: 0.370, Yaw_err_deg: 1.730
Epoch: [13/23], Batch: 2470/2963, Loss: 82.935, Trans_L2_m: 0.476, Yaw_err_deg: 1.600
Epoch: [13/23], Batch: 2480/2963, Loss: 60.986, Trans_L2_m: 0.521, Yaw_err_deg: 1.077
Epoch: [13/23], Batch: 2490/2963, Loss: 55.172, Trans_L2_m: 0.405, Yaw_err_deg: 1.244
Epoch: [13/23], Batch: 2500/2963, Loss: 51.145, Trans_L2_m: 0.381, Yaw_err_deg: 1.108
Epoch: [13/23], Batch: 2510/2963, Loss: 53.446, Trans_L2_m: 0.343, Yaw_err_deg: 1.177
Epoch: [13/23], Batch: 2520/2963, Loss: 47.265, Trans_L2_m: 0.401, Yaw_err_deg: 0.609
Epoch: [13/23], Batch: 2530/2963, Loss: 56.031, Trans_L2_m: 0.362, Yaw_err_deg: 1.024
Epoch: [13/23], Batch: 2540/2963, Loss: 58.403, Trans_L2_m: 0.459, Yaw_err_deg: 1.107
Epoch: [13/23], Batch: 2550/2963, Loss: 55.519, Trans_L2_m: 0.384, Yaw_err_deg: 0.867
Epoch: [13/23], Batch: 2560/2963, Loss: 56.291, Trans_L2_m: 0.283, Yaw_err_deg: 1.235
Epoch: [13/23], Batch: 2570/2963, Loss: 52.431, Trans_L2_m: 0.537, Yaw_err_deg: 0.945
Epoch: [13/23], Batch: 2580/2963, Loss: 49.803, Trans_L2_m: 0.490, Yaw_err_deg: 0.754
Epoch: [13/23], Batch: 2590/2963, Loss: 53.590, Trans_L2_m: 0.482, Yaw_err_deg: 0.730
Epoch: [13/23], Batch: 2600/2963, Loss: 55.578, Trans_L2_m: 0.555, Yaw_err_deg: 1.202
Epoch: [13/23], Batch: 2610/2963, Loss: 51.614, Trans_L2_m: 0.411, Yaw_err_deg: 0.997
Epoch: [13/23], Batch: 2620/2963, Loss: 53.841, Trans_L2_m: 0.630, Yaw_err_deg: 0.838
Epoch: [13/23], Batch: 2630/2963, Loss: 50.630, Trans_L2_m: 0.390, Yaw_err_deg: 1.027
Epoch: [13/23], Batch: 2640/2963, Loss: 55.415, Trans_L2_m: 0.488, Yaw_err_deg: 1.246
Epoch: [13/23], Batch: 2650/2963, Loss: 45.208, Trans_L2_m: 0.393, Yaw_err_deg: 0.701
Epoch: [13/23], Batch: 2660/2963, Loss: 58.053, Trans_L2_m: 0.357, Yaw_err_deg: 0.924
Epoch: [13/23], Batch: 2670/2963, Loss: 57.191, Trans_L2_m: 0.387, Yaw_err_deg: 1.221
Epoch: [13/23], Batch: 2680/2963, Loss: 46.339, Trans_L2_m: 0.399, Yaw_err_deg: 0.925
Epoch: [13/23], Batch: 2690/2963, Loss: 56.485, Trans_L2_m: 0.389, Yaw_err_deg: 1.117
Epoch: [13/23], Batch: 2700/2963, Loss: 75.672, Trans_L2_m: 0.506, Yaw_err_deg: 1.469
Epoch: [13/23], Batch: 2710/2963, Loss: 60.224, Trans_L2_m: 0.360, Yaw_err_deg: 0.931
Epoch: [13/23], Batch: 2720/2963, Loss: 49.716, Trans_L2_m: 0.397, Yaw_err_deg: 0.901
Epoch: [13/23], Batch: 2730/2963, Loss: 51.626, Trans_L2_m: 0.497, Yaw_err_deg: 0.920
Epoch: [13/23], Batch: 2740/2963, Loss: 55.323, Trans_L2_m: 0.449, Yaw_err_deg: 1.082
Epoch: [13/23], Batch: 2750/2963, Loss: 55.260, Trans_L2_m: 0.465, Yaw_err_deg: 0.546
Epoch: [13/23], Batch: 2760/2963, Loss: 72.461, Trans_L2_m: 0.452, Yaw_err_deg: 1.317
Epoch: [13/23], Batch: 2770/2963, Loss: 65.998, Trans_L2_m: 0.484, Yaw_err_deg: 1.100
Epoch: [13/23], Batch: 2780/2963, Loss: 54.456, Trans_L2_m: 0.521, Yaw_err_deg: 0.773
Epoch: [13/23], Batch: 2790/2963, Loss: 56.223, Trans_L2_m: 0.315, Yaw_err_deg: 1.139
Epoch: [13/23], Batch: 2800/2963, Loss: 59.735, Trans_L2_m: 0.417, Yaw_err_deg: 1.205
Epoch: [13/23], Batch: 2810/2963, Loss: 52.428, Trans_L2_m: 0.577, Yaw_err_deg: 0.689
Epoch: [13/23], Batch: 2820/2963, Loss: 50.339, Trans_L2_m: 0.417, Yaw_err_deg: 1.059
Epoch: [13/23], Batch: 2830/2963, Loss: 61.574, Trans_L2_m: 0.679, Yaw_err_deg: 0.984
Epoch: [13/23], Batch: 2840/2963, Loss: 71.441, Trans_L2_m: 0.573, Yaw_err_deg: 1.428
Epoch: [13/23], Batch: 2850/2963, Loss: 46.453, Trans_L2_m: 0.508, Yaw_err_deg: 0.718
Epoch: [13/23], Batch: 2860/2963, Loss: 57.778, Trans_L2_m: 0.467, Yaw_err_deg: 0.919
Epoch: [13/23], Batch: 2870/2963, Loss: 50.155, Trans_L2_m: 0.436, Yaw_err_deg: 0.849
Epoch: [13/23], Batch: 2880/2963, Loss: 55.480, Trans_L2_m: 0.466, Yaw_err_deg: 1.131
Epoch: [13/23], Batch: 2890/2963, Loss: 70.353, Trans_L2_m: 0.461, Yaw_err_deg: 1.046
Epoch: [13/23], Batch: 2900/2963, Loss: 56.407, Trans_L2_m: 0.516, Yaw_err_deg: 1.155
Epoch: [13/23], Batch: 2910/2963, Loss: 72.367, Trans_L2_m: 0.512, Yaw_err_deg: 1.611
Epoch: [13/23], Batch: 2920/2963, Loss: 48.530, Trans_L2_m: 0.381, Yaw_err_deg: 0.934
Epoch: [13/23], Batch: 2930/2963, Loss: 47.176, Trans_L2_m: 0.451, Yaw_err_deg: 0.675
Epoch: [13/23], Batch: 2940/2963, Loss: 49.206, Trans_L2_m: 0.390, Yaw_err_deg: 1.023
Epoch: [13/23], Batch: 2950/2963, Loss: 54.763, Trans_L2_m: 0.594, Yaw_err_deg: 0.868
Epoch: [13/23], Batch: 2960/2963, Loss: 51.805, Trans_L2_m: 0.340, Yaw_err_deg: 0.840
Validation loss (homography): 885.8372
Avg batch time: 972.39 ms, total: 315.350 s
[1;91mVal has no improvement vs 822.2456665039062![0m
Epoch: [14/23], Batch: 0/2963, Loss: 72.884, Trans_L2_m: 0.440, Yaw_err_deg: 0.987
Epoch: [14/23], Batch: 10/2963, Loss: 50.605, Trans_L2_m: 0.490, Yaw_err_deg: 0.685
Epoch: [14/23], Batch: 20/2963, Loss: 62.179, Trans_L2_m: 0.453, Yaw_err_deg: 0.995
Epoch: [14/23], Batch: 30/2963, Loss: 58.782, Trans_L2_m: 0.564, Yaw_err_deg: 1.140
Epoch: [14/23], Batch: 40/2963, Loss: 50.729, Trans_L2_m: 0.342, Yaw_err_deg: 0.956
Epoch: [14/23], Batch: 50/2963, Loss: 52.748, Trans_L2_m: 0.507, Yaw_err_deg: 0.819
Epoch: [14/23], Batch: 60/2963, Loss: 53.607, Trans_L2_m: 0.455, Yaw_err_deg: 1.026
Epoch: [14/23], Batch: 70/2963, Loss: 46.889, Trans_L2_m: 0.440, Yaw_err_deg: 0.545
Epoch: [14/23], Batch: 80/2963, Loss: 54.684, Trans_L2_m: 0.378, Yaw_err_deg: 1.122
Epoch: [14/23], Batch: 90/2963, Loss: 62.067, Trans_L2_m: 0.546, Yaw_err_deg: 0.696
Epoch: [14/23], Batch: 100/2963, Loss: 57.535, Trans_L2_m: 0.453, Yaw_err_deg: 0.982
Epoch: [14/23], Batch: 110/2963, Loss: 55.277, Trans_L2_m: 0.303, Yaw_err_deg: 1.203
Epoch: [14/23], Batch: 120/2963, Loss: 72.296, Trans_L2_m: 0.554, Yaw_err_deg: 1.537
Epoch: [14/23], Batch: 130/2963, Loss: 43.921, Trans_L2_m: 0.369, Yaw_err_deg: 0.693
Epoch: [14/23], Batch: 140/2963, Loss: 63.536, Trans_L2_m: 0.438, Yaw_err_deg: 1.463
Epoch: [14/23], Batch: 150/2963, Loss: 48.154, Trans_L2_m: 0.394, Yaw_err_deg: 0.853
Epoch: [14/23], Batch: 160/2963, Loss: 52.916, Trans_L2_m: 0.375, Yaw_err_deg: 1.001
Epoch: [14/23], Batch: 170/2963, Loss: 54.840, Trans_L2_m: 0.362, Yaw_err_deg: 1.005
Epoch: [14/23], Batch: 180/2963, Loss: 54.443, Trans_L2_m: 0.494, Yaw_err_deg: 0.874
Epoch: [14/23], Batch: 190/2963, Loss: 61.920, Trans_L2_m: 0.553, Yaw_err_deg: 1.062
Epoch: [14/23], Batch: 200/2963, Loss: 59.284, Trans_L2_m: 0.483, Yaw_err_deg: 1.415
Epoch: [14/23], Batch: 210/2963, Loss: 51.079, Trans_L2_m: 0.372, Yaw_err_deg: 0.969
Epoch: [14/23], Batch: 220/2963, Loss: 48.019, Trans_L2_m: 0.385, Yaw_err_deg: 1.018
Epoch: [14/23], Batch: 230/2963, Loss: 55.603, Trans_L2_m: 0.459, Yaw_err_deg: 1.109
Epoch: [14/23], Batch: 240/2963, Loss: 48.395, Trans_L2_m: 0.371, Yaw_err_deg: 0.804
Epoch: [14/23], Batch: 250/2963, Loss: 56.589, Trans_L2_m: 0.368, Yaw_err_deg: 1.045
Epoch: [14/23], Batch: 260/2963, Loss: 50.838, Trans_L2_m: 0.433, Yaw_err_deg: 1.075
Epoch: [14/23], Batch: 270/2963, Loss: 59.366, Trans_L2_m: 0.618, Yaw_err_deg: 1.219
Epoch: [14/23], Batch: 280/2963, Loss: 57.603, Trans_L2_m: 0.431, Yaw_err_deg: 0.750
Epoch: [14/23], Batch: 290/2963, Loss: 55.800, Trans_L2_m: 0.278, Yaw_err_deg: 1.259
Epoch: [14/23], Batch: 300/2963, Loss: 56.792, Trans_L2_m: 0.337, Yaw_err_deg: 1.099
Epoch: [14/23], Batch: 310/2963, Loss: 52.947, Trans_L2_m: 0.365, Yaw_err_deg: 0.863
Epoch: [14/23], Batch: 320/2963, Loss: 50.277, Trans_L2_m: 0.489, Yaw_err_deg: 0.847
Epoch: [14/23], Batch: 330/2963, Loss: 61.821, Trans_L2_m: 0.560, Yaw_err_deg: 1.302
Epoch: [14/23], Batch: 340/2963, Loss: 63.253, Trans_L2_m: 0.402, Yaw_err_deg: 1.333
Epoch: [14/23], Batch: 350/2963, Loss: 51.588, Trans_L2_m: 0.355, Yaw_err_deg: 0.988
Epoch: [14/23], Batch: 360/2963, Loss: 43.852, Trans_L2_m: 0.316, Yaw_err_deg: 0.767
Epoch: [14/23], Batch: 370/2963, Loss: 64.827, Trans_L2_m: 0.540, Yaw_err_deg: 1.466
Epoch: [14/23], Batch: 380/2963, Loss: 54.768, Trans_L2_m: 0.492, Yaw_err_deg: 0.911
Epoch: [14/23], Batch: 390/2963, Loss: 47.741, Trans_L2_m: 0.420, Yaw_err_deg: 0.874
Epoch: [14/23], Batch: 400/2963, Loss: 69.682, Trans_L2_m: 0.476, Yaw_err_deg: 1.611
Epoch: [14/23], Batch: 410/2963, Loss: 54.527, Trans_L2_m: 0.414, Yaw_err_deg: 1.232
Epoch: [14/23], Batch: 420/2963, Loss: 71.481, Trans_L2_m: 0.410, Yaw_err_deg: 1.297
Epoch: [14/23], Batch: 430/2963, Loss: 54.605, Trans_L2_m: 0.466, Yaw_err_deg: 1.065
Epoch: [14/23], Batch: 440/2963, Loss: 66.536, Trans_L2_m: 0.419, Yaw_err_deg: 1.388
Epoch: [14/23], Batch: 450/2963, Loss: 59.643, Trans_L2_m: 0.357, Yaw_err_deg: 0.925
Epoch: [14/23], Batch: 460/2963, Loss: 47.187, Trans_L2_m: 0.334, Yaw_err_deg: 1.020
Epoch: [14/23], Batch: 470/2963, Loss: 49.860, Trans_L2_m: 0.425, Yaw_err_deg: 0.777
Epoch: [14/23], Batch: 480/2963, Loss: 46.852, Trans_L2_m: 0.392, Yaw_err_deg: 0.378
Epoch: [14/23], Batch: 490/2963, Loss: 57.725, Trans_L2_m: 0.598, Yaw_err_deg: 0.946
Epoch: [14/23], Batch: 500/2963, Loss: 49.203, Trans_L2_m: 0.527, Yaw_err_deg: 0.698
Epoch: [14/23], Batch: 510/2963, Loss: 59.981, Trans_L2_m: 0.532, Yaw_err_deg: 1.019
Epoch: [14/23], Batch: 520/2963, Loss: 45.224, Trans_L2_m: 0.241, Yaw_err_deg: 0.878
Epoch: [14/23], Batch: 530/2963, Loss: 50.342, Trans_L2_m: 0.341, Yaw_err_deg: 0.793
Epoch: [14/23], Batch: 540/2963, Loss: 58.971, Trans_L2_m: 0.450, Yaw_err_deg: 1.094
Epoch: [14/23], Batch: 550/2963, Loss: 71.179, Trans_L2_m: 0.416, Yaw_err_deg: 1.238
Epoch: [14/23], Batch: 560/2963, Loss: 48.393, Trans_L2_m: 0.441, Yaw_err_deg: 1.022
Epoch: [14/23], Batch: 570/2963, Loss: 62.362, Trans_L2_m: 0.440, Yaw_err_deg: 1.260
Epoch: [14/23], Batch: 580/2963, Loss: 55.314, Trans_L2_m: 0.394, Yaw_err_deg: 1.109
Epoch: [14/23], Batch: 590/2963, Loss: 55.986, Trans_L2_m: 0.379, Yaw_err_deg: 0.772
Epoch: [14/23], Batch: 600/2963, Loss: 48.899, Trans_L2_m: 0.408, Yaw_err_deg: 0.794
Epoch: [14/23], Batch: 610/2963, Loss: 59.639, Trans_L2_m: 0.434, Yaw_err_deg: 1.315
Epoch: [14/23], Batch: 620/2963, Loss: 61.429, Trans_L2_m: 0.508, Yaw_err_deg: 0.992
Epoch: [14/23], Batch: 630/2963, Loss: 54.640, Trans_L2_m: 0.451, Yaw_err_deg: 1.112
Epoch: [14/23], Batch: 640/2963, Loss: 67.512, Trans_L2_m: 0.438, Yaw_err_deg: 1.709
Epoch: [14/23], Batch: 650/2963, Loss: 75.493, Trans_L2_m: 0.416, Yaw_err_deg: 1.597
Epoch: [14/23], Batch: 660/2963, Loss: 49.757, Trans_L2_m: 0.462, Yaw_err_deg: 0.807
Epoch: [14/23], Batch: 670/2963, Loss: 72.224, Trans_L2_m: 0.519, Yaw_err_deg: 1.420
Epoch: [14/23], Batch: 680/2963, Loss: 60.616, Trans_L2_m: 0.484, Yaw_err_deg: 1.325
Epoch: [14/23], Batch: 690/2963, Loss: 52.437, Trans_L2_m: 0.457, Yaw_err_deg: 1.037
Epoch: [14/23], Batch: 700/2963, Loss: 55.549, Trans_L2_m: 0.415, Yaw_err_deg: 1.077
Epoch: [14/23], Batch: 710/2963, Loss: 53.533, Trans_L2_m: 0.369, Yaw_err_deg: 1.070
Epoch: [14/23], Batch: 720/2963, Loss: 63.186, Trans_L2_m: 0.390, Yaw_err_deg: 1.098
Epoch: [14/23], Batch: 730/2963, Loss: 50.376, Trans_L2_m: 0.435, Yaw_err_deg: 0.698
Epoch: [14/23], Batch: 740/2963, Loss: 43.507, Trans_L2_m: 0.418, Yaw_err_deg: 0.789
Epoch: [14/23], Batch: 750/2963, Loss: 62.268, Trans_L2_m: 0.482, Yaw_err_deg: 1.080
Epoch: [14/23], Batch: 760/2963, Loss: 55.530, Trans_L2_m: 0.411, Yaw_err_deg: 0.966
Epoch: [14/23], Batch: 770/2963, Loss: 58.712, Trans_L2_m: 0.335, Yaw_err_deg: 1.460
Epoch: [14/23], Batch: 780/2963, Loss: 48.526, Trans_L2_m: 0.465, Yaw_err_deg: 0.991
Epoch: [14/23], Batch: 790/2963, Loss: 67.208, Trans_L2_m: 0.496, Yaw_err_deg: 1.276
Epoch: [14/23], Batch: 800/2963, Loss: 57.589, Trans_L2_m: 0.319, Yaw_err_deg: 1.128
Epoch: [14/23], Batch: 810/2963, Loss: 46.493, Trans_L2_m: 0.351, Yaw_err_deg: 0.837
Epoch: [14/23], Batch: 820/2963, Loss: 48.228, Trans_L2_m: 0.436, Yaw_err_deg: 0.767
Epoch: [14/23], Batch: 830/2963, Loss: 43.993, Trans_L2_m: 0.389, Yaw_err_deg: 0.771
Epoch: [14/23], Batch: 840/2963, Loss: 55.449, Trans_L2_m: 0.311, Yaw_err_deg: 1.360
Epoch: [14/23], Batch: 850/2963, Loss: 53.283, Trans_L2_m: 0.511, Yaw_err_deg: 0.481
Epoch: [14/23], Batch: 860/2963, Loss: 65.389, Trans_L2_m: 0.395, Yaw_err_deg: 1.359
Epoch: [14/23], Batch: 870/2963, Loss: 49.764, Trans_L2_m: 0.372, Yaw_err_deg: 0.826
Epoch: [14/23], Batch: 880/2963, Loss: 58.339, Trans_L2_m: 0.486, Yaw_err_deg: 1.269
Epoch: [14/23], Batch: 890/2963, Loss: 71.804, Trans_L2_m: 0.564, Yaw_err_deg: 1.431
Epoch: [14/23], Batch: 900/2963, Loss: 53.175, Trans_L2_m: 0.364, Yaw_err_deg: 1.155
Epoch: [14/23], Batch: 910/2963, Loss: 97.111, Trans_L2_m: 0.442, Yaw_err_deg: 1.621
Epoch: [14/23], Batch: 920/2963, Loss: 52.566, Trans_L2_m: 0.389, Yaw_err_deg: 0.830
Epoch: [14/23], Batch: 930/2963, Loss: 48.669, Trans_L2_m: 0.462, Yaw_err_deg: 0.988
Epoch: [14/23], Batch: 940/2963, Loss: 67.892, Trans_L2_m: 0.379, Yaw_err_deg: 1.672
Epoch: [14/23], Batch: 950/2963, Loss: 48.411, Trans_L2_m: 0.487, Yaw_err_deg: 0.722
Epoch: [14/23], Batch: 960/2963, Loss: 58.141, Trans_L2_m: 0.399, Yaw_err_deg: 1.205
Epoch: [14/23], Batch: 970/2963, Loss: 46.209, Trans_L2_m: 0.372, Yaw_err_deg: 0.818
Epoch: [14/23], Batch: 980/2963, Loss: 50.206, Trans_L2_m: 0.385, Yaw_err_deg: 1.041
Epoch: [14/23], Batch: 990/2963, Loss: 49.968, Trans_L2_m: 0.416, Yaw_err_deg: 1.104
Epoch: [14/23], Batch: 1000/2963, Loss: 48.213, Trans_L2_m: 0.290, Yaw_err_deg: 0.824
Epoch: [14/23], Batch: 1010/2963, Loss: 56.241, Trans_L2_m: 0.361, Yaw_err_deg: 1.340
Epoch: [14/23], Batch: 1020/2963, Loss: 63.351, Trans_L2_m: 0.366, Yaw_err_deg: 1.446
Epoch: [14/23], Batch: 1030/2963, Loss: 63.045, Trans_L2_m: 0.590, Yaw_err_deg: 0.752
Epoch: [14/23], Batch: 1040/2963, Loss: 56.173, Trans_L2_m: 0.388, Yaw_err_deg: 1.124
Epoch: [14/23], Batch: 1050/2963, Loss: 44.286, Trans_L2_m: 0.358, Yaw_err_deg: 0.591
Epoch: [14/23], Batch: 1060/2963, Loss: 51.528, Trans_L2_m: 0.470, Yaw_err_deg: 0.720
Epoch: [14/23], Batch: 1070/2963, Loss: 56.044, Trans_L2_m: 0.500, Yaw_err_deg: 1.078
Epoch: [14/23], Batch: 1080/2963, Loss: 51.757, Trans_L2_m: 0.447, Yaw_err_deg: 0.841
Epoch: [14/23], Batch: 1090/2963, Loss: 58.949, Trans_L2_m: 0.368, Yaw_err_deg: 1.096
Epoch: [14/23], Batch: 1100/2963, Loss: 51.218, Trans_L2_m: 0.396, Yaw_err_deg: 1.072
Epoch: [14/23], Batch: 1110/2963, Loss: 58.628, Trans_L2_m: 0.575, Yaw_err_deg: 1.319
Epoch: [14/23], Batch: 1120/2963, Loss: 53.444, Trans_L2_m: 0.426, Yaw_err_deg: 1.013
Epoch: [14/23], Batch: 1130/2963, Loss: 52.913, Trans_L2_m: 0.476, Yaw_err_deg: 0.981
Epoch: [14/23], Batch: 1140/2963, Loss: 55.778, Trans_L2_m: 0.629, Yaw_err_deg: 0.716
Epoch: [14/23], Batch: 1150/2963, Loss: 52.535, Trans_L2_m: 0.280, Yaw_err_deg: 1.225
Epoch: [14/23], Batch: 1160/2963, Loss: 65.359, Trans_L2_m: 0.427, Yaw_err_deg: 1.611
Epoch: [14/23], Batch: 1170/2963, Loss: 55.583, Trans_L2_m: 0.414, Yaw_err_deg: 1.182
Epoch: [14/23], Batch: 1180/2963, Loss: 51.261, Trans_L2_m: 0.457, Yaw_err_deg: 1.028
Epoch: [14/23], Batch: 1190/2963, Loss: 46.353, Trans_L2_m: 0.412, Yaw_err_deg: 0.576
Epoch: [14/23], Batch: 1200/2963, Loss: 54.712, Trans_L2_m: 0.429, Yaw_err_deg: 1.317
Epoch: [14/23], Batch: 1210/2963, Loss: 49.155, Trans_L2_m: 0.350, Yaw_err_deg: 0.918
Epoch: [14/23], Batch: 1220/2963, Loss: 58.842, Trans_L2_m: 0.414, Yaw_err_deg: 1.353
Epoch: [14/23], Batch: 1230/2963, Loss: 48.147, Trans_L2_m: 0.249, Yaw_err_deg: 0.886
Epoch: [14/23], Batch: 1240/2963, Loss: 52.899, Trans_L2_m: 0.357, Yaw_err_deg: 1.059
Epoch: [14/23], Batch: 1250/2963, Loss: 53.148, Trans_L2_m: 0.474, Yaw_err_deg: 1.067
Epoch: [14/23], Batch: 1260/2963, Loss: 51.554, Trans_L2_m: 0.515, Yaw_err_deg: 0.930
Epoch: [14/23], Batch: 1270/2963, Loss: 59.098, Trans_L2_m: 0.495, Yaw_err_deg: 1.142
Epoch: [14/23], Batch: 1280/2963, Loss: 55.521, Trans_L2_m: 0.599, Yaw_err_deg: 0.667
Epoch: [14/23], Batch: 1290/2963, Loss: 49.466, Trans_L2_m: 0.535, Yaw_err_deg: 0.896
Epoch: [14/23], Batch: 1300/2963, Loss: 54.857, Trans_L2_m: 0.427, Yaw_err_deg: 1.153
Epoch: [14/23], Batch: 1310/2963, Loss: 54.677, Trans_L2_m: 0.378, Yaw_err_deg: 1.085
Epoch: [14/23], Batch: 1320/2963, Loss: 49.626, Trans_L2_m: 0.361, Yaw_err_deg: 1.035
Epoch: [14/23], Batch: 1330/2963, Loss: 60.946, Trans_L2_m: 0.437, Yaw_err_deg: 0.888
Epoch: [14/23], Batch: 1340/2963, Loss: 94.170, Trans_L2_m: 0.454, Yaw_err_deg: 1.603
Epoch: [14/23], Batch: 1350/2963, Loss: 54.074, Trans_L2_m: 0.408, Yaw_err_deg: 0.689
Epoch: [14/23], Batch: 1360/2963, Loss: 70.472, Trans_L2_m: 0.450, Yaw_err_deg: 0.985
Epoch: [14/23], Batch: 1370/2963, Loss: 64.012, Trans_L2_m: 0.527, Yaw_err_deg: 0.838
Epoch: [14/23], Batch: 1380/2963, Loss: 68.807, Trans_L2_m: 0.474, Yaw_err_deg: 1.755
Epoch: [14/23], Batch: 1390/2963, Loss: 66.043, Trans_L2_m: 0.368, Yaw_err_deg: 1.112
Epoch: [14/23], Batch: 1400/2963, Loss: 53.487, Trans_L2_m: 0.594, Yaw_err_deg: 1.033
Epoch: [14/23], Batch: 1410/2963, Loss: 66.533, Trans_L2_m: 0.541, Yaw_err_deg: 1.169
Epoch: [14/23], Batch: 1420/2963, Loss: 55.398, Trans_L2_m: 0.440, Yaw_err_deg: 1.256
Epoch: [14/23], Batch: 1430/2963, Loss: 45.697, Trans_L2_m: 0.343, Yaw_err_deg: 0.912
Epoch: [14/23], Batch: 1440/2963, Loss: 53.054, Trans_L2_m: 0.412, Yaw_err_deg: 1.031
Epoch: [14/23], Batch: 1450/2963, Loss: 59.066, Trans_L2_m: 0.498, Yaw_err_deg: 0.912
Epoch: [14/23], Batch: 1460/2963, Loss: 64.451, Trans_L2_m: 0.377, Yaw_err_deg: 1.381
Epoch: [14/23], Batch: 1470/2963, Loss: 50.394, Trans_L2_m: 0.467, Yaw_err_deg: 0.703
Epoch: [14/23], Batch: 1480/2963, Loss: 49.991, Trans_L2_m: 0.385, Yaw_err_deg: 0.953
Epoch: [14/23], Batch: 1490/2963, Loss: 53.439, Trans_L2_m: 0.521, Yaw_err_deg: 0.812
Epoch: [14/23], Batch: 1500/2963, Loss: 50.369, Trans_L2_m: 0.394, Yaw_err_deg: 0.808
Epoch: [14/23], Batch: 1510/2963, Loss: 52.745, Trans_L2_m: 0.423, Yaw_err_deg: 0.958
Epoch: [14/23], Batch: 1520/2963, Loss: 61.650, Trans_L2_m: 0.476, Yaw_err_deg: 1.254
Epoch: [14/23], Batch: 1530/2963, Loss: 58.365, Trans_L2_m: 0.250, Yaw_err_deg: 1.316
Epoch: [14/23], Batch: 1540/2963, Loss: 55.944, Trans_L2_m: 0.437, Yaw_err_deg: 1.022
Epoch: [14/23], Batch: 1550/2963, Loss: 51.394, Trans_L2_m: 0.311, Yaw_err_deg: 0.831
Epoch: [14/23], Batch: 1560/2963, Loss: 49.245, Trans_L2_m: 0.332, Yaw_err_deg: 0.949
Epoch: [14/23], Batch: 1570/2963, Loss: 50.445, Trans_L2_m: 0.443, Yaw_err_deg: 0.674
Epoch: [14/23], Batch: 1580/2963, Loss: 59.102, Trans_L2_m: 0.346, Yaw_err_deg: 1.127
Epoch: [14/23], Batch: 1590/2963, Loss: 75.722, Trans_L2_m: 0.509, Yaw_err_deg: 1.176
Epoch: [14/23], Batch: 1600/2963, Loss: 54.341, Trans_L2_m: 0.405, Yaw_err_deg: 0.642
Epoch: [14/23], Batch: 1610/2963, Loss: 51.197, Trans_L2_m: 0.325, Yaw_err_deg: 0.943
Epoch: [14/23], Batch: 1620/2963, Loss: 58.995, Trans_L2_m: 0.391, Yaw_err_deg: 1.008
Epoch: [14/23], Batch: 1630/2963, Loss: 54.097, Trans_L2_m: 0.506, Yaw_err_deg: 0.941
Epoch: [14/23], Batch: 1640/2963, Loss: 49.209, Trans_L2_m: 0.460, Yaw_err_deg: 0.767
Epoch: [14/23], Batch: 1650/2963, Loss: 53.216, Trans_L2_m: 0.400, Yaw_err_deg: 0.833
Epoch: [14/23], Batch: 1660/2963, Loss: 42.601, Trans_L2_m: 0.421, Yaw_err_deg: 0.585
Epoch: [14/23], Batch: 1670/2963, Loss: 57.166, Trans_L2_m: 0.301, Yaw_err_deg: 1.067
Epoch: [14/23], Batch: 1680/2963, Loss: 46.152, Trans_L2_m: 0.370, Yaw_err_deg: 0.909
Epoch: [14/23], Batch: 1690/2963, Loss: 66.089, Trans_L2_m: 0.449, Yaw_err_deg: 1.088
Epoch: [14/23], Batch: 1700/2963, Loss: 45.428, Trans_L2_m: 0.303, Yaw_err_deg: 0.897
Epoch: [14/23], Batch: 1710/2963, Loss: 50.487, Trans_L2_m: 0.326, Yaw_err_deg: 0.858
Epoch: [14/23], Batch: 1720/2963, Loss: 48.695, Trans_L2_m: 0.487, Yaw_err_deg: 0.754
Epoch: [14/23], Batch: 1730/2963, Loss: 49.294, Trans_L2_m: 0.402, Yaw_err_deg: 0.834
Epoch: [14/23], Batch: 1740/2963, Loss: 69.746, Trans_L2_m: 0.416, Yaw_err_deg: 1.239
Epoch: [14/23], Batch: 1750/2963, Loss: 64.162, Trans_L2_m: 0.442, Yaw_err_deg: 1.576
Epoch: [14/23], Batch: 1760/2963, Loss: 48.125, Trans_L2_m: 0.480, Yaw_err_deg: 0.650
Epoch: [14/23], Batch: 1770/2963, Loss: 47.902, Trans_L2_m: 0.514, Yaw_err_deg: 0.781
Epoch: [14/23], Batch: 1780/2963, Loss: 47.655, Trans_L2_m: 0.451, Yaw_err_deg: 0.842
Epoch: [14/23], Batch: 1790/2963, Loss: 58.515, Trans_L2_m: 0.516, Yaw_err_deg: 0.924
Epoch: [14/23], Batch: 1800/2963, Loss: 41.920, Trans_L2_m: 0.239, Yaw_err_deg: 0.720
Epoch: [14/23], Batch: 1810/2963, Loss: 51.563, Trans_L2_m: 0.561, Yaw_err_deg: 0.745
Epoch: [14/23], Batch: 1820/2963, Loss: 56.233, Trans_L2_m: 0.456, Yaw_err_deg: 0.768
Epoch: [14/23], Batch: 1830/2963, Loss: 64.789, Trans_L2_m: 0.513, Yaw_err_deg: 1.286
Epoch: [14/23], Batch: 1840/2963, Loss: 74.464, Trans_L2_m: 0.361, Yaw_err_deg: 1.537
Epoch: [14/23], Batch: 1850/2963, Loss: 52.441, Trans_L2_m: 0.439, Yaw_err_deg: 0.966
Epoch: [14/23], Batch: 1860/2963, Loss: 57.482, Trans_L2_m: 0.397, Yaw_err_deg: 0.967
Epoch: [14/23], Batch: 1870/2963, Loss: 55.125, Trans_L2_m: 0.368, Yaw_err_deg: 0.927
Epoch: [14/23], Batch: 1880/2963, Loss: 75.370, Trans_L2_m: 0.310, Yaw_err_deg: 1.481
Epoch: [14/23], Batch: 1890/2963, Loss: 47.097, Trans_L2_m: 0.485, Yaw_err_deg: 0.718
Epoch: [14/23], Batch: 1900/2963, Loss: 64.425, Trans_L2_m: 0.391, Yaw_err_deg: 1.005
Epoch: [14/23], Batch: 1910/2963, Loss: 374.177, Trans_L2_m: 0.328, Yaw_err_deg: 2.374
Epoch: [14/23], Batch: 1920/2963, Loss: 62.638, Trans_L2_m: 0.475, Yaw_err_deg: 0.819
Epoch: [14/23], Batch: 1930/2963, Loss: 51.817, Trans_L2_m: 0.424, Yaw_err_deg: 0.913
Epoch: [14/23], Batch: 1940/2963, Loss: 53.366, Trans_L2_m: 0.281, Yaw_err_deg: 1.360
Epoch: [14/23], Batch: 1950/2963, Loss: 69.665, Trans_L2_m: 0.546, Yaw_err_deg: 1.329
Epoch: [14/23], Batch: 1960/2963, Loss: 60.873, Trans_L2_m: 0.610, Yaw_err_deg: 1.179
Epoch: [14/23], Batch: 1970/2963, Loss: 58.799, Trans_L2_m: 0.503, Yaw_err_deg: 1.265
Epoch: [14/23], Batch: 1980/2963, Loss: 52.327, Trans_L2_m: 0.485, Yaw_err_deg: 0.835
Epoch: [14/23], Batch: 1990/2963, Loss: 47.733, Trans_L2_m: 0.321, Yaw_err_deg: 0.759
Epoch: [14/23], Batch: 2000/2963, Loss: 46.084, Trans_L2_m: 0.366, Yaw_err_deg: 0.972
Epoch: [14/23], Batch: 2010/2963, Loss: 51.155, Trans_L2_m: 0.452, Yaw_err_deg: 0.958
Epoch: [14/23], Batch: 2020/2963, Loss: 57.630, Trans_L2_m: 0.457, Yaw_err_deg: 1.180
Epoch: [14/23], Batch: 2030/2963, Loss: 62.879, Trans_L2_m: 0.467, Yaw_err_deg: 1.079
Epoch: [14/23], Batch: 2040/2963, Loss: 66.707, Trans_L2_m: 0.492, Yaw_err_deg: 1.527
Epoch: [14/23], Batch: 2050/2963, Loss: 47.163, Trans_L2_m: 0.356, Yaw_err_deg: 0.649
Epoch: [14/23], Batch: 2060/2963, Loss: 63.080, Trans_L2_m: 0.461, Yaw_err_deg: 0.753
Epoch: [14/23], Batch: 2070/2963, Loss: 58.721, Trans_L2_m: 0.476, Yaw_err_deg: 1.236
Epoch: [14/23], Batch: 2080/2963, Loss: 50.746, Trans_L2_m: 0.381, Yaw_err_deg: 1.007
Epoch: [14/23], Batch: 2090/2963, Loss: 54.327, Trans_L2_m: 0.448, Yaw_err_deg: 0.987
Epoch: [14/23], Batch: 2100/2963, Loss: 51.581, Trans_L2_m: 0.462, Yaw_err_deg: 0.600
Epoch: [14/23], Batch: 2110/2963, Loss: 45.315, Trans_L2_m: 0.343, Yaw_err_deg: 0.707
Epoch: [14/23], Batch: 2120/2963, Loss: 70.480, Trans_L2_m: 0.399, Yaw_err_deg: 1.350
Epoch: [14/23], Batch: 2130/2963, Loss: 173.495, Trans_L2_m: 0.466, Yaw_err_deg: 1.782
Epoch: [14/23], Batch: 2140/2963, Loss: 56.691, Trans_L2_m: 0.419, Yaw_err_deg: 1.055
Epoch: [14/23], Batch: 2150/2963, Loss: 53.587, Trans_L2_m: 0.535, Yaw_err_deg: 0.859
Epoch: [14/23], Batch: 2160/2963, Loss: 63.567, Trans_L2_m: 0.380, Yaw_err_deg: 1.222
Epoch: [14/23], Batch: 2170/2963, Loss: 54.321, Trans_L2_m: 0.403, Yaw_err_deg: 0.891
Epoch: [14/23], Batch: 2180/2963, Loss: 54.311, Trans_L2_m: 0.436, Yaw_err_deg: 0.842
Epoch: [14/23], Batch: 2190/2963, Loss: 51.693, Trans_L2_m: 0.524, Yaw_err_deg: 0.534
Epoch: [14/23], Batch: 2200/2963, Loss: 44.310, Trans_L2_m: 0.315, Yaw_err_deg: 0.681
Epoch: [14/23], Batch: 2210/2963, Loss: 56.635, Trans_L2_m: 0.408, Yaw_err_deg: 1.202
Epoch: [14/23], Batch: 2220/2963, Loss: 55.408, Trans_L2_m: 0.559, Yaw_err_deg: 0.900
Epoch: [14/23], Batch: 2230/2963, Loss: 74.830, Trans_L2_m: 0.360, Yaw_err_deg: 1.484
Epoch: [14/23], Batch: 2240/2963, Loss: 46.347, Trans_L2_m: 0.345, Yaw_err_deg: 0.635
Epoch: [14/23], Batch: 2250/2963, Loss: 83.997, Trans_L2_m: 0.363, Yaw_err_deg: 2.251
Epoch: [14/23], Batch: 2260/2963, Loss: 59.388, Trans_L2_m: 0.349, Yaw_err_deg: 0.871
Epoch: [14/23], Batch: 2270/2963, Loss: 53.213, Trans_L2_m: 0.393, Yaw_err_deg: 1.198
Epoch: [14/23], Batch: 2280/2963, Loss: 58.681, Trans_L2_m: 0.344, Yaw_err_deg: 0.965
Epoch: [14/23], Batch: 2290/2963, Loss: 49.069, Trans_L2_m: 0.327, Yaw_err_deg: 0.801
Epoch: [14/23], Batch: 2300/2963, Loss: 41.267, Trans_L2_m: 0.299, Yaw_err_deg: 0.560
Epoch: [14/23], Batch: 2310/2963, Loss: 47.902, Trans_L2_m: 0.432, Yaw_err_deg: 1.129
Epoch: [14/23], Batch: 2320/2963, Loss: 50.065, Trans_L2_m: 0.409, Yaw_err_deg: 0.894
Epoch: [14/23], Batch: 2330/2963, Loss: 46.225, Trans_L2_m: 0.484, Yaw_err_deg: 0.698
Epoch: [14/23], Batch: 2340/2963, Loss: 43.244, Trans_L2_m: 0.329, Yaw_err_deg: 0.636
Epoch: [14/23], Batch: 2350/2963, Loss: 49.413, Trans_L2_m: 0.480, Yaw_err_deg: 0.661
Epoch: [14/23], Batch: 2360/2963, Loss: 56.685, Trans_L2_m: 0.404, Yaw_err_deg: 1.232
Epoch: [14/23], Batch: 2370/2963, Loss: 57.047, Trans_L2_m: 0.362, Yaw_err_deg: 0.879
Epoch: [14/23], Batch: 2380/2963, Loss: 56.216, Trans_L2_m: 0.485, Yaw_err_deg: 1.061
Epoch: [14/23], Batch: 2390/2963, Loss: 52.706, Trans_L2_m: 0.524, Yaw_err_deg: 0.874
Epoch: [14/23], Batch: 2400/2963, Loss: 48.913, Trans_L2_m: 0.554, Yaw_err_deg: 0.697
Epoch: [14/23], Batch: 2410/2963, Loss: 58.075, Trans_L2_m: 0.373, Yaw_err_deg: 0.834
Epoch: [14/23], Batch: 2420/2963, Loss: 38.423, Trans_L2_m: 0.343, Yaw_err_deg: 0.501
Epoch: [14/23], Batch: 2430/2963, Loss: 54.367, Trans_L2_m: 0.381, Yaw_err_deg: 0.667
Epoch: [14/23], Batch: 2440/2963, Loss: 50.951, Trans_L2_m: 0.513, Yaw_err_deg: 0.766
Epoch: [14/23], Batch: 2450/2963, Loss: 51.777, Trans_L2_m: 0.543, Yaw_err_deg: 0.868
Epoch: [14/23], Batch: 2460/2963, Loss: 55.709, Trans_L2_m: 0.436, Yaw_err_deg: 0.998
Epoch: [14/23], Batch: 2470/2963, Loss: 48.573, Trans_L2_m: 0.393, Yaw_err_deg: 0.625
Epoch: [14/23], Batch: 2480/2963, Loss: 48.206, Trans_L2_m: 0.466, Yaw_err_deg: 0.773
Epoch: [14/23], Batch: 2490/2963, Loss: 73.922, Trans_L2_m: 0.591, Yaw_err_deg: 0.893
Epoch: [14/23], Batch: 2500/2963, Loss: 43.963, Trans_L2_m: 0.426, Yaw_err_deg: 0.649
Epoch: [14/23], Batch: 2510/2963, Loss: 50.304, Trans_L2_m: 0.387, Yaw_err_deg: 0.710
Epoch: [14/23], Batch: 2520/2963, Loss: 57.138, Trans_L2_m: 0.328, Yaw_err_deg: 0.989
Epoch: [14/23], Batch: 2530/2963, Loss: 73.285, Trans_L2_m: 0.407, Yaw_err_deg: 1.116
Epoch: [14/23], Batch: 2540/2963, Loss: 58.832, Trans_L2_m: 0.386, Yaw_err_deg: 0.846
Epoch: [14/23], Batch: 2550/2963, Loss: 55.821, Trans_L2_m: 0.470, Yaw_err_deg: 0.908
Epoch: [14/23], Batch: 2560/2963, Loss: 49.855, Trans_L2_m: 0.461, Yaw_err_deg: 0.760
Epoch: [14/23], Batch: 2570/2963, Loss: 53.697, Trans_L2_m: 0.524, Yaw_err_deg: 0.840
Epoch: [14/23], Batch: 2580/2963, Loss: 82.263, Trans_L2_m: 0.511, Yaw_err_deg: 1.689
Epoch: [14/23], Batch: 2590/2963, Loss: 49.262, Trans_L2_m: 0.393, Yaw_err_deg: 0.995
Epoch: [14/23], Batch: 2600/2963, Loss: 53.561, Trans_L2_m: 0.440, Yaw_err_deg: 0.916
Epoch: [14/23], Batch: 2610/2963, Loss: 64.166, Trans_L2_m: 0.456, Yaw_err_deg: 0.945
Epoch: [14/23], Batch: 2620/2963, Loss: 41.461, Trans_L2_m: 0.398, Yaw_err_deg: 0.749
Epoch: [14/23], Batch: 2630/2963, Loss: 54.875, Trans_L2_m: 0.508, Yaw_err_deg: 1.094
Epoch: [14/23], Batch: 2640/2963, Loss: 53.902, Trans_L2_m: 0.455, Yaw_err_deg: 1.106
Epoch: [14/23], Batch: 2650/2963, Loss: 45.351, Trans_L2_m: 0.373, Yaw_err_deg: 0.705
Epoch: [14/23], Batch: 2660/2963, Loss: 50.842, Trans_L2_m: 0.348, Yaw_err_deg: 0.888
Epoch: [14/23], Batch: 2670/2963, Loss: 46.602, Trans_L2_m: 0.430, Yaw_err_deg: 0.876
Epoch: [14/23], Batch: 2680/2963, Loss: 59.099, Trans_L2_m: 0.516, Yaw_err_deg: 1.019
Epoch: [14/23], Batch: 2690/2963, Loss: 52.077, Trans_L2_m: 0.330, Yaw_err_deg: 1.221
Epoch: [14/23], Batch: 2700/2963, Loss: 61.079, Trans_L2_m: 0.515, Yaw_err_deg: 0.976
Epoch: [14/23], Batch: 2710/2963, Loss: 58.516, Trans_L2_m: 0.446, Yaw_err_deg: 0.942
Epoch: [14/23], Batch: 2720/2963, Loss: 62.346, Trans_L2_m: 0.392, Yaw_err_deg: 1.226
Epoch: [14/23], Batch: 2730/2963, Loss: 53.977, Trans_L2_m: 0.449, Yaw_err_deg: 0.753
Epoch: [14/23], Batch: 2740/2963, Loss: 50.600, Trans_L2_m: 0.323, Yaw_err_deg: 0.863
Epoch: [14/23], Batch: 2750/2963, Loss: 55.665, Trans_L2_m: 0.484, Yaw_err_deg: 1.083
Epoch: [14/23], Batch: 2760/2963, Loss: 54.413, Trans_L2_m: 0.366, Yaw_err_deg: 1.024
Epoch: [14/23], Batch: 2770/2963, Loss: 44.837, Trans_L2_m: 0.360, Yaw_err_deg: 0.835
Epoch: [14/23], Batch: 2780/2963, Loss: 51.174, Trans_L2_m: 0.473, Yaw_err_deg: 0.899
Epoch: [14/23], Batch: 2790/2963, Loss: 45.586, Trans_L2_m: 0.533, Yaw_err_deg: 0.682
Epoch: [14/23], Batch: 2800/2963, Loss: 54.407, Trans_L2_m: 0.422, Yaw_err_deg: 0.804
Epoch: [14/23], Batch: 2810/2963, Loss: 47.411, Trans_L2_m: 0.325, Yaw_err_deg: 0.836
Epoch: [14/23], Batch: 2820/2963, Loss: 45.681, Trans_L2_m: 0.419, Yaw_err_deg: 0.622
Epoch: [14/23], Batch: 2830/2963, Loss: 45.519, Trans_L2_m: 0.341, Yaw_err_deg: 0.833
Epoch: [14/23], Batch: 2840/2963, Loss: 52.160, Trans_L2_m: 0.429, Yaw_err_deg: 0.832
Epoch: [14/23], Batch: 2850/2963, Loss: 50.159, Trans_L2_m: 0.366, Yaw_err_deg: 0.696
Epoch: [14/23], Batch: 2860/2963, Loss: 78.453, Trans_L2_m: 0.366, Yaw_err_deg: 1.617
Epoch: [14/23], Batch: 2870/2963, Loss: 50.800, Trans_L2_m: 0.323, Yaw_err_deg: 1.057
Epoch: [14/23], Batch: 2880/2963, Loss: 45.685, Trans_L2_m: 0.343, Yaw_err_deg: 0.506
Epoch: [14/23], Batch: 2890/2963, Loss: 44.114, Trans_L2_m: 0.461, Yaw_err_deg: 0.606
Epoch: [14/23], Batch: 2900/2963, Loss: 52.795, Trans_L2_m: 0.421, Yaw_err_deg: 0.797
Epoch: [14/23], Batch: 2910/2963, Loss: 60.870, Trans_L2_m: 0.648, Yaw_err_deg: 1.069
Epoch: [14/23], Batch: 2920/2963, Loss: 51.668, Trans_L2_m: 0.464, Yaw_err_deg: 1.002
Epoch: [14/23], Batch: 2930/2963, Loss: 57.609, Trans_L2_m: 0.442, Yaw_err_deg: 1.183
Epoch: [14/23], Batch: 2940/2963, Loss: 56.059, Trans_L2_m: 0.546, Yaw_err_deg: 1.145
Epoch: [14/23], Batch: 2950/2963, Loss: 41.962, Trans_L2_m: 0.353, Yaw_err_deg: 0.732
Epoch: [14/23], Batch: 2960/2963, Loss: 53.027, Trans_L2_m: 0.300, Yaw_err_deg: 1.381
Epoch: [15/23], Batch: 0/2963, Loss: 70.626, Trans_L2_m: 0.491, Yaw_err_deg: 1.228
Epoch: [15/23], Batch: 10/2963, Loss: 52.132, Trans_L2_m: 0.555, Yaw_err_deg: 0.781
Epoch: [15/23], Batch: 20/2963, Loss: 55.881, Trans_L2_m: 0.286, Yaw_err_deg: 1.356
Epoch: [15/23], Batch: 30/2963, Loss: 46.665, Trans_L2_m: 0.313, Yaw_err_deg: 0.859
Epoch: [15/23], Batch: 40/2963, Loss: 53.155, Trans_L2_m: 0.490, Yaw_err_deg: 0.928
Epoch: [15/23], Batch: 50/2963, Loss: 55.793, Trans_L2_m: 0.455, Yaw_err_deg: 0.900
Epoch: [15/23], Batch: 60/2963, Loss: 53.286, Trans_L2_m: 0.495, Yaw_err_deg: 0.741
Epoch: [15/23], Batch: 70/2963, Loss: 48.854, Trans_L2_m: 0.385, Yaw_err_deg: 0.890
Epoch: [15/23], Batch: 80/2963, Loss: 50.307, Trans_L2_m: 0.348, Yaw_err_deg: 0.963
Epoch: [15/23], Batch: 90/2963, Loss: 54.842, Trans_L2_m: 0.294, Yaw_err_deg: 1.346
Epoch: [15/23], Batch: 100/2963, Loss: 45.052, Trans_L2_m: 0.281, Yaw_err_deg: 0.695
Epoch: [15/23], Batch: 110/2963, Loss: 41.788, Trans_L2_m: 0.364, Yaw_err_deg: 0.503
Epoch: [15/23], Batch: 120/2963, Loss: 56.961, Trans_L2_m: 0.501, Yaw_err_deg: 1.009
Epoch: [15/23], Batch: 130/2963, Loss: 46.626, Trans_L2_m: 0.317, Yaw_err_deg: 0.776
Epoch: [15/23], Batch: 140/2963, Loss: 50.306, Trans_L2_m: 0.322, Yaw_err_deg: 0.885
Epoch: [15/23], Batch: 150/2963, Loss: 42.593, Trans_L2_m: 0.385, Yaw_err_deg: 0.537
Epoch: [15/23], Batch: 160/2963, Loss: 62.953, Trans_L2_m: 0.517, Yaw_err_deg: 1.380
Epoch: [15/23], Batch: 170/2963, Loss: 48.785, Trans_L2_m: 0.401, Yaw_err_deg: 0.904
Epoch: [15/23], Batch: 180/2963, Loss: 58.289, Trans_L2_m: 0.465, Yaw_err_deg: 1.065
Epoch: [15/23], Batch: 190/2963, Loss: 47.160, Trans_L2_m: 0.396, Yaw_err_deg: 0.907
Epoch: [15/23], Batch: 200/2963, Loss: 47.679, Trans_L2_m: 0.496, Yaw_err_deg: 0.889
Epoch: [15/23], Batch: 210/2963, Loss: 49.788, Trans_L2_m: 0.426, Yaw_err_deg: 0.666
Epoch: [15/23], Batch: 220/2963, Loss: 49.560, Trans_L2_m: 0.455, Yaw_err_deg: 0.807
Epoch: [15/23], Batch: 230/2963, Loss: 50.674, Trans_L2_m: 0.333, Yaw_err_deg: 0.830
Epoch: [15/23], Batch: 240/2963, Loss: 60.575, Trans_L2_m: 0.344, Yaw_err_deg: 1.351
Epoch: [15/23], Batch: 250/2963, Loss: 46.963, Trans_L2_m: 0.395, Yaw_err_deg: 0.938
Epoch: [15/23], Batch: 260/2963, Loss: 43.802, Trans_L2_m: 0.342, Yaw_err_deg: 0.904
Epoch: [15/23], Batch: 270/2963, Loss: 47.416, Trans_L2_m: 0.321, Yaw_err_deg: 0.952
Epoch: [15/23], Batch: 280/2963, Loss: 41.099, Trans_L2_m: 0.326, Yaw_err_deg: 0.746
Epoch: [15/23], Batch: 290/2963, Loss: 46.001, Trans_L2_m: 0.414, Yaw_err_deg: 0.941
Epoch: [15/23], Batch: 300/2963, Loss: 48.765, Trans_L2_m: 0.371, Yaw_err_deg: 0.860
Epoch: [15/23], Batch: 310/2963, Loss: 51.929, Trans_L2_m: 0.446, Yaw_err_deg: 0.891
Epoch: [15/23], Batch: 320/2963, Loss: 57.988, Trans_L2_m: 0.309, Yaw_err_deg: 0.963
Epoch: [15/23], Batch: 330/2963, Loss: 49.585, Trans_L2_m: 0.507, Yaw_err_deg: 0.695
Epoch: [15/23], Batch: 340/2963, Loss: 48.796, Trans_L2_m: 0.434, Yaw_err_deg: 0.796
Epoch: [15/23], Batch: 350/2963, Loss: 49.556, Trans_L2_m: 0.400, Yaw_err_deg: 0.961
Epoch: [15/23], Batch: 360/2963, Loss: 44.152, Trans_L2_m: 0.216, Yaw_err_deg: 0.959
Epoch: [15/23], Batch: 370/2963, Loss: 61.833, Trans_L2_m: 0.413, Yaw_err_deg: 1.254
Epoch: [15/23], Batch: 380/2963, Loss: 47.939, Trans_L2_m: 0.440, Yaw_err_deg: 0.719
Epoch: [15/23], Batch: 390/2963, Loss: 46.201, Trans_L2_m: 0.411, Yaw_err_deg: 0.892
Epoch: [15/23], Batch: 400/2963, Loss: 94.018, Trans_L2_m: 0.400, Yaw_err_deg: 2.088
Epoch: [15/23], Batch: 410/2963, Loss: 63.322, Trans_L2_m: 0.443, Yaw_err_deg: 1.270
Epoch: [15/23], Batch: 420/2963, Loss: 55.996, Trans_L2_m: 0.408, Yaw_err_deg: 1.083
Epoch: [15/23], Batch: 430/2963, Loss: 51.342, Trans_L2_m: 0.410, Yaw_err_deg: 1.023
Epoch: [15/23], Batch: 440/2963, Loss: 43.961, Trans_L2_m: 0.345, Yaw_err_deg: 0.537
Epoch: [15/23], Batch: 450/2963, Loss: 55.395, Trans_L2_m: 0.383, Yaw_err_deg: 1.054
Epoch: [15/23], Batch: 460/2963, Loss: 48.184, Trans_L2_m: 0.408, Yaw_err_deg: 0.585
Epoch: [15/23], Batch: 470/2963, Loss: 45.322, Trans_L2_m: 0.295, Yaw_err_deg: 0.980
Epoch: [15/23], Batch: 480/2963, Loss: 59.685, Trans_L2_m: 0.392, Yaw_err_deg: 1.040
Epoch: [15/23], Batch: 490/2963, Loss: 47.301, Trans_L2_m: 0.378, Yaw_err_deg: 0.966
Epoch: [15/23], Batch: 500/2963, Loss: 49.760, Trans_L2_m: 0.401, Yaw_err_deg: 0.670
Epoch: [15/23], Batch: 510/2963, Loss: 43.367, Trans_L2_m: 0.369, Yaw_err_deg: 0.782
Epoch: [15/23], Batch: 520/2963, Loss: 48.532, Trans_L2_m: 0.360, Yaw_err_deg: 0.848
Epoch: [15/23], Batch: 530/2963, Loss: 56.178, Trans_L2_m: 0.356, Yaw_err_deg: 1.392
Epoch: [15/23], Batch: 540/2963, Loss: 45.319, Trans_L2_m: 0.396, Yaw_err_deg: 0.938
Epoch: [15/23], Batch: 550/2963, Loss: 52.508, Trans_L2_m: 0.335, Yaw_err_deg: 0.840
Epoch: [15/23], Batch: 560/2963, Loss: 53.078, Trans_L2_m: 0.387, Yaw_err_deg: 0.939
Epoch: [15/23], Batch: 570/2963, Loss: 49.481, Trans_L2_m: 0.496, Yaw_err_deg: 0.695
Epoch: [15/23], Batch: 580/2963, Loss: 51.783, Trans_L2_m: 0.425, Yaw_err_deg: 0.769
Epoch: [15/23], Batch: 590/2963, Loss: 51.805, Trans_L2_m: 0.425, Yaw_err_deg: 0.744
Epoch: [15/23], Batch: 600/2963, Loss: 43.961, Trans_L2_m: 0.434, Yaw_err_deg: 0.621
Epoch: [15/23], Batch: 610/2963, Loss: 54.688, Trans_L2_m: 0.640, Yaw_err_deg: 0.996
Epoch: [15/23], Batch: 620/2963, Loss: 51.061, Trans_L2_m: 0.481, Yaw_err_deg: 0.873
Epoch: [15/23], Batch: 630/2963, Loss: 46.137, Trans_L2_m: 0.350, Yaw_err_deg: 0.752
Epoch: [15/23], Batch: 640/2963, Loss: 52.434, Trans_L2_m: 0.407, Yaw_err_deg: 0.855
Epoch: [15/23], Batch: 650/2963, Loss: 48.525, Trans_L2_m: 0.612, Yaw_err_deg: 0.625
Epoch: [15/23], Batch: 660/2963, Loss: 50.479, Trans_L2_m: 0.443, Yaw_err_deg: 0.750
Epoch: [15/23], Batch: 670/2963, Loss: 42.214, Trans_L2_m: 0.367, Yaw_err_deg: 0.749
Epoch: [15/23], Batch: 680/2963, Loss: 50.360, Trans_L2_m: 0.414, Yaw_err_deg: 0.916
Epoch: [15/23], Batch: 690/2963, Loss: 58.016, Trans_L2_m: 0.555, Yaw_err_deg: 0.911
Epoch: [15/23], Batch: 700/2963, Loss: 62.261, Trans_L2_m: 0.457, Yaw_err_deg: 1.063
Epoch: [15/23], Batch: 710/2963, Loss: 48.126, Trans_L2_m: 0.340, Yaw_err_deg: 1.032
Epoch: [15/23], Batch: 720/2963, Loss: 48.353, Trans_L2_m: 0.348, Yaw_err_deg: 1.200
Epoch: [15/23], Batch: 730/2963, Loss: 52.478, Trans_L2_m: 0.492, Yaw_err_deg: 0.857
Epoch: [15/23], Batch: 740/2963, Loss: 49.050, Trans_L2_m: 0.543, Yaw_err_deg: 0.814
Epoch: [15/23], Batch: 750/2963, Loss: 45.584, Trans_L2_m: 0.454, Yaw_err_deg: 0.786
Epoch: [15/23], Batch: 760/2963, Loss: 54.990, Trans_L2_m: 0.483, Yaw_err_deg: 0.950
Epoch: [15/23], Batch: 770/2963, Loss: 45.457, Trans_L2_m: 0.323, Yaw_err_deg: 0.849
Epoch: [15/23], Batch: 780/2963, Loss: 57.058, Trans_L2_m: 0.445, Yaw_err_deg: 0.956
Epoch: [15/23], Batch: 790/2963, Loss: 51.705, Trans_L2_m: 0.322, Yaw_err_deg: 1.263
Epoch: [15/23], Batch: 800/2963, Loss: 54.901, Trans_L2_m: 0.380, Yaw_err_deg: 1.083
Epoch: [15/23], Batch: 810/2963, Loss: 46.326, Trans_L2_m: 0.378, Yaw_err_deg: 0.917
Epoch: [15/23], Batch: 820/2963, Loss: 54.925, Trans_L2_m: 0.445, Yaw_err_deg: 1.134
Epoch: [15/23], Batch: 830/2963, Loss: 53.524, Trans_L2_m: 0.423, Yaw_err_deg: 0.966
Epoch: [15/23], Batch: 840/2963, Loss: 47.031, Trans_L2_m: 0.317, Yaw_err_deg: 0.780
Epoch: [15/23], Batch: 850/2963, Loss: 49.838, Trans_L2_m: 0.329, Yaw_err_deg: 0.866
Epoch: [15/23], Batch: 860/2963, Loss: 41.781, Trans_L2_m: 0.250, Yaw_err_deg: 0.728
Epoch: [15/23], Batch: 870/2963, Loss: 47.254, Trans_L2_m: 0.470, Yaw_err_deg: 0.815
Epoch: [15/23], Batch: 880/2963, Loss: 46.525, Trans_L2_m: 0.424, Yaw_err_deg: 0.796
Epoch: [15/23], Batch: 890/2963, Loss: 50.966, Trans_L2_m: 0.422, Yaw_err_deg: 0.897
Epoch: [15/23], Batch: 900/2963, Loss: 65.405, Trans_L2_m: 0.340, Yaw_err_deg: 1.212
Epoch: [15/23], Batch: 910/2963, Loss: 46.316, Trans_L2_m: 0.468, Yaw_err_deg: 0.648
Epoch: [15/23], Batch: 920/2963, Loss: 59.108, Trans_L2_m: 0.343, Yaw_err_deg: 1.148
Epoch: [15/23], Batch: 930/2963, Loss: 49.522, Trans_L2_m: 0.413, Yaw_err_deg: 0.824
Epoch: [15/23], Batch: 940/2963, Loss: 43.740, Trans_L2_m: 0.337, Yaw_err_deg: 0.722
Epoch: [15/23], Batch: 950/2963, Loss: 53.953, Trans_L2_m: 0.565, Yaw_err_deg: 0.738
Epoch: [15/23], Batch: 960/2963, Loss: 60.414, Trans_L2_m: 0.558, Yaw_err_deg: 0.736
Epoch: [15/23], Batch: 970/2963, Loss: 59.081, Trans_L2_m: 0.537, Yaw_err_deg: 1.088
Epoch: [15/23], Batch: 980/2963, Loss: 61.886, Trans_L2_m: 0.446, Yaw_err_deg: 1.191
Epoch: [15/23], Batch: 990/2963, Loss: 66.064, Trans_L2_m: 0.767, Yaw_err_deg: 1.058
Epoch: [15/23], Batch: 1000/2963, Loss: 61.335, Trans_L2_m: 0.496, Yaw_err_deg: 0.775
Epoch: [15/23], Batch: 1010/2963, Loss: 55.763, Trans_L2_m: 0.357, Yaw_err_deg: 1.032
Epoch: [15/23], Batch: 1020/2963, Loss: 52.871, Trans_L2_m: 0.366, Yaw_err_deg: 0.672
Epoch: [15/23], Batch: 1030/2963, Loss: 44.432, Trans_L2_m: 0.353, Yaw_err_deg: 0.655
Epoch: [15/23], Batch: 1040/2963, Loss: 49.883, Trans_L2_m: 0.432, Yaw_err_deg: 0.907
Epoch: [15/23], Batch: 1050/2963, Loss: 47.886, Trans_L2_m: 0.364, Yaw_err_deg: 0.991
Epoch: [15/23], Batch: 1060/2963, Loss: 68.126, Trans_L2_m: 0.521, Yaw_err_deg: 1.051
Epoch: [15/23], Batch: 1070/2963, Loss: 51.353, Trans_L2_m: 0.350, Yaw_err_deg: 0.979
Epoch: [15/23], Batch: 1080/2963, Loss: 43.435, Trans_L2_m: 0.434, Yaw_err_deg: 0.751
Epoch: [15/23], Batch: 1090/2963, Loss: 49.546, Trans_L2_m: 0.366, Yaw_err_deg: 0.998
Epoch: [15/23], Batch: 1100/2963, Loss: 55.859, Trans_L2_m: 0.406, Yaw_err_deg: 0.807
Epoch: [15/23], Batch: 1110/2963, Loss: 46.502, Trans_L2_m: 0.523, Yaw_err_deg: 0.634
Epoch: [15/23], Batch: 1120/2963, Loss: 61.168, Trans_L2_m: 0.374, Yaw_err_deg: 1.545
Epoch: [15/23], Batch: 1130/2963, Loss: 49.501, Trans_L2_m: 0.336, Yaw_err_deg: 1.073
Epoch: [15/23], Batch: 1140/2963, Loss: 58.475, Trans_L2_m: 0.441, Yaw_err_deg: 1.005
Epoch: [15/23], Batch: 1150/2963, Loss: 49.392, Trans_L2_m: 0.281, Yaw_err_deg: 1.084
Epoch: [15/23], Batch: 1160/2963, Loss: 46.453, Trans_L2_m: 0.394, Yaw_err_deg: 0.940
Epoch: [15/23], Batch: 1170/2963, Loss: 49.954, Trans_L2_m: 0.405, Yaw_err_deg: 0.833
Epoch: [15/23], Batch: 1180/2963, Loss: 44.002, Trans_L2_m: 0.376, Yaw_err_deg: 0.757
Epoch: [15/23], Batch: 1190/2963, Loss: 48.675, Trans_L2_m: 0.283, Yaw_err_deg: 0.944
Epoch: [15/23], Batch: 1200/2963, Loss: 47.426, Trans_L2_m: 0.418, Yaw_err_deg: 0.761
Epoch: [15/23], Batch: 1210/2963, Loss: 50.589, Trans_L2_m: 0.303, Yaw_err_deg: 1.176
Epoch: [15/23], Batch: 1220/2963, Loss: 57.347, Trans_L2_m: 0.304, Yaw_err_deg: 0.739
Epoch: [15/23], Batch: 1230/2963, Loss: 51.008, Trans_L2_m: 0.427, Yaw_err_deg: 0.906
Epoch: [15/23], Batch: 1240/2963, Loss: 50.923, Trans_L2_m: 0.439, Yaw_err_deg: 0.891
Epoch: [15/23], Batch: 1250/2963, Loss: 49.611, Trans_L2_m: 0.518, Yaw_err_deg: 0.471
Epoch: [15/23], Batch: 1260/2963, Loss: 53.121, Trans_L2_m: 0.505, Yaw_err_deg: 0.830
Epoch: [15/23], Batch: 1270/2963, Loss: 52.694, Trans_L2_m: 0.467, Yaw_err_deg: 1.086
Epoch: [15/23], Batch: 1280/2963, Loss: 61.795, Trans_L2_m: 0.559, Yaw_err_deg: 1.264
Epoch: [15/23], Batch: 1290/2963, Loss: 57.861, Trans_L2_m: 0.434, Yaw_err_deg: 1.010
Epoch: [15/23], Batch: 1300/2963, Loss: 48.261, Trans_L2_m: 0.472, Yaw_err_deg: 0.571
Epoch: [15/23], Batch: 1310/2963, Loss: 45.413, Trans_L2_m: 0.508, Yaw_err_deg: 0.706
Epoch: [15/23], Batch: 1320/2963, Loss: 51.616, Trans_L2_m: 0.505, Yaw_err_deg: 0.740
Epoch: [15/23], Batch: 1330/2963, Loss: 55.954, Trans_L2_m: 0.410, Yaw_err_deg: 0.996
Epoch: [15/23], Batch: 1340/2963, Loss: 51.776, Trans_L2_m: 0.440, Yaw_err_deg: 0.866
Epoch: [15/23], Batch: 1350/2963, Loss: 57.028, Trans_L2_m: 0.475, Yaw_err_deg: 1.284
Epoch: [15/23], Batch: 1360/2963, Loss: 52.030, Trans_L2_m: 0.479, Yaw_err_deg: 0.790
Epoch: [15/23], Batch: 1370/2963, Loss: 43.552, Trans_L2_m: 0.256, Yaw_err_deg: 0.691
Epoch: [15/23], Batch: 1380/2963, Loss: 82.363, Trans_L2_m: 0.490, Yaw_err_deg: 1.928
Epoch: [15/23], Batch: 1390/2963, Loss: 48.759, Trans_L2_m: 0.416, Yaw_err_deg: 0.654
Epoch: [15/23], Batch: 1400/2963, Loss: 41.535, Trans_L2_m: 0.452, Yaw_err_deg: 0.647
Epoch: [15/23], Batch: 1410/2963, Loss: 55.397, Trans_L2_m: 0.368, Yaw_err_deg: 1.231
Epoch: [15/23], Batch: 1420/2963, Loss: 46.110, Trans_L2_m: 0.382, Yaw_err_deg: 0.886
Epoch: [15/23], Batch: 1430/2963, Loss: 56.349, Trans_L2_m: 0.269, Yaw_err_deg: 1.281
Epoch: [15/23], Batch: 1440/2963, Loss: 44.244, Trans_L2_m: 0.361, Yaw_err_deg: 0.568
Epoch: [15/23], Batch: 1450/2963, Loss: 48.190, Trans_L2_m: 0.405, Yaw_err_deg: 0.714
Epoch: [15/23], Batch: 1460/2963, Loss: 55.717, Trans_L2_m: 0.471, Yaw_err_deg: 1.147
Epoch: [15/23], Batch: 1470/2963, Loss: 43.890, Trans_L2_m: 0.376, Yaw_err_deg: 0.696
Epoch: [15/23], Batch: 1480/2963, Loss: 53.702, Trans_L2_m: 0.517, Yaw_err_deg: 0.800
Epoch: [15/23], Batch: 1490/2963, Loss: 72.543, Trans_L2_m: 0.363, Yaw_err_deg: 1.337
Epoch: [15/23], Batch: 1500/2963, Loss: 56.329, Trans_L2_m: 0.511, Yaw_err_deg: 0.940
Epoch: [15/23], Batch: 1510/2963, Loss: 37.987, Trans_L2_m: 0.296, Yaw_err_deg: 0.677
Epoch: [15/23], Batch: 1520/2963, Loss: 53.409, Trans_L2_m: 0.457, Yaw_err_deg: 0.998
Epoch: [15/23], Batch: 1530/2963, Loss: 48.496, Trans_L2_m: 0.398, Yaw_err_deg: 0.841
Epoch: [15/23], Batch: 1540/2963, Loss: 48.613, Trans_L2_m: 0.443, Yaw_err_deg: 0.683
Epoch: [15/23], Batch: 1550/2963, Loss: 78.618, Trans_L2_m: 0.302, Yaw_err_deg: 1.576
Epoch: [15/23], Batch: 1560/2963, Loss: 47.474, Trans_L2_m: 0.608, Yaw_err_deg: 0.676
Epoch: [15/23], Batch: 1570/2963, Loss: 44.837, Trans_L2_m: 0.334, Yaw_err_deg: 0.627
Epoch: [15/23], Batch: 1580/2963, Loss: 46.214, Trans_L2_m: 0.450, Yaw_err_deg: 0.831
Epoch: [15/23], Batch: 1590/2963, Loss: 53.436, Trans_L2_m: 0.497, Yaw_err_deg: 0.993
Epoch: [15/23], Batch: 1600/2963, Loss: 45.842, Trans_L2_m: 0.460, Yaw_err_deg: 0.441
Epoch: [15/23], Batch: 1610/2963, Loss: 48.025, Trans_L2_m: 0.423, Yaw_err_deg: 0.574
Epoch: [15/23], Batch: 1620/2963, Loss: 47.945, Trans_L2_m: 0.350, Yaw_err_deg: 0.958
Epoch: [15/23], Batch: 1630/2963, Loss: 42.910, Trans_L2_m: 0.381, Yaw_err_deg: 0.719
Epoch: [15/23], Batch: 1640/2963, Loss: 73.450, Trans_L2_m: 0.428, Yaw_err_deg: 0.962
Epoch: [15/23], Batch: 1650/2963, Loss: 46.296, Trans_L2_m: 0.423, Yaw_err_deg: 0.844
Epoch: [15/23], Batch: 1660/2963, Loss: 58.206, Trans_L2_m: 0.298, Yaw_err_deg: 0.775
Epoch: [15/23], Batch: 1670/2963, Loss: 54.452, Trans_L2_m: 0.394, Yaw_err_deg: 1.279
Epoch: [15/23], Batch: 1680/2963, Loss: 57.919, Trans_L2_m: 0.507, Yaw_err_deg: 1.079
Epoch: [15/23], Batch: 1690/2963, Loss: 49.493, Trans_L2_m: 0.379, Yaw_err_deg: 0.874
Epoch: [15/23], Batch: 1700/2963, Loss: 49.220, Trans_L2_m: 0.562, Yaw_err_deg: 0.506
Epoch: [15/23], Batch: 1710/2963, Loss: 50.548, Trans_L2_m: 0.468, Yaw_err_deg: 0.573
Epoch: [15/23], Batch: 1720/2963, Loss: 39.993, Trans_L2_m: 0.369, Yaw_err_deg: 0.529
Epoch: [15/23], Batch: 1730/2963, Loss: 44.153, Trans_L2_m: 0.395, Yaw_err_deg: 0.523
Epoch: [15/23], Batch: 1740/2963, Loss: 53.395, Trans_L2_m: 0.342, Yaw_err_deg: 1.260
Epoch: [15/23], Batch: 1750/2963, Loss: 45.950, Trans_L2_m: 0.327, Yaw_err_deg: 0.870
Epoch: [15/23], Batch: 1760/2963, Loss: 51.314, Trans_L2_m: 0.258, Yaw_err_deg: 0.860
Epoch: [15/23], Batch: 1770/2963, Loss: 38.491, Trans_L2_m: 0.320, Yaw_err_deg: 0.617
Epoch: [15/23], Batch: 1780/2963, Loss: 53.632, Trans_L2_m: 0.449, Yaw_err_deg: 0.886
Epoch: [15/23], Batch: 1790/2963, Loss: 44.477, Trans_L2_m: 0.377, Yaw_err_deg: 0.642
Epoch: [15/23], Batch: 1800/2963, Loss: 48.930, Trans_L2_m: 0.384, Yaw_err_deg: 0.782
Epoch: [15/23], Batch: 1810/2963, Loss: 52.564, Trans_L2_m: 0.419, Yaw_err_deg: 0.972
Epoch: [15/23], Batch: 1820/2963, Loss: 49.018, Trans_L2_m: 0.399, Yaw_err_deg: 0.914
Epoch: [15/23], Batch: 1830/2963, Loss: 50.366, Trans_L2_m: 0.321, Yaw_err_deg: 0.905
Epoch: [15/23], Batch: 1840/2963, Loss: 53.586, Trans_L2_m: 0.304, Yaw_err_deg: 0.983
Epoch: [15/23], Batch: 1850/2963, Loss: 64.460, Trans_L2_m: 0.414, Yaw_err_deg: 1.322
Epoch: [15/23], Batch: 1860/2963, Loss: 50.469, Trans_L2_m: 0.265, Yaw_err_deg: 1.100
Epoch: [15/23], Batch: 1870/2963, Loss: 50.467, Trans_L2_m: 0.319, Yaw_err_deg: 1.024
Epoch: [15/23], Batch: 1880/2963, Loss: 48.364, Trans_L2_m: 0.454, Yaw_err_deg: 0.794
Epoch: [15/23], Batch: 1890/2963, Loss: 47.089, Trans_L2_m: 0.399, Yaw_err_deg: 0.604
Epoch: [15/23], Batch: 1900/2963, Loss: 54.598, Trans_L2_m: 0.420, Yaw_err_deg: 0.825
Epoch: [15/23], Batch: 1910/2963, Loss: 49.727, Trans_L2_m: 0.448, Yaw_err_deg: 0.617
Epoch: [15/23], Batch: 1920/2963, Loss: 52.534, Trans_L2_m: 0.402, Yaw_err_deg: 1.055
Epoch: [15/23], Batch: 1930/2963, Loss: 66.939, Trans_L2_m: 0.339, Yaw_err_deg: 1.386
Epoch: [15/23], Batch: 1940/2963, Loss: 48.221, Trans_L2_m: 0.471, Yaw_err_deg: 0.653
Epoch: [15/23], Batch: 1950/2963, Loss: 53.743, Trans_L2_m: 0.496, Yaw_err_deg: 0.775
Epoch: [15/23], Batch: 1960/2963, Loss: 54.967, Trans_L2_m: 0.413, Yaw_err_deg: 0.729
Epoch: [15/23], Batch: 1970/2963, Loss: 61.849, Trans_L2_m: 0.406, Yaw_err_deg: 1.111
Epoch: [15/23], Batch: 1980/2963, Loss: 51.424, Trans_L2_m: 0.490, Yaw_err_deg: 0.902
Epoch: [15/23], Batch: 1990/2963, Loss: 46.116, Trans_L2_m: 0.424, Yaw_err_deg: 0.491
Epoch: [15/23], Batch: 2000/2963, Loss: 56.397, Trans_L2_m: 0.497, Yaw_err_deg: 0.889
Epoch: [15/23], Batch: 2010/2963, Loss: 44.692, Trans_L2_m: 0.352, Yaw_err_deg: 0.643
Epoch: [15/23], Batch: 2020/2963, Loss: 50.419, Trans_L2_m: 0.421, Yaw_err_deg: 0.994
Epoch: [15/23], Batch: 2030/2963, Loss: 40.395, Trans_L2_m: 0.260, Yaw_err_deg: 0.709
Epoch: [15/23], Batch: 2040/2963, Loss: 55.783, Trans_L2_m: 0.418, Yaw_err_deg: 0.929
Epoch: [15/23], Batch: 2050/2963, Loss: 44.624, Trans_L2_m: 0.345, Yaw_err_deg: 0.794
Epoch: [15/23], Batch: 2060/2963, Loss: 47.253, Trans_L2_m: 0.397, Yaw_err_deg: 0.958
Epoch: [15/23], Batch: 2070/2963, Loss: 46.242, Trans_L2_m: 0.406, Yaw_err_deg: 0.600
Epoch: [15/23], Batch: 2080/2963, Loss: 39.398, Trans_L2_m: 0.359, Yaw_err_deg: 0.606
Epoch: [15/23], Batch: 2090/2963, Loss: 56.870, Trans_L2_m: 0.379, Yaw_err_deg: 1.150
Epoch: [15/23], Batch: 2100/2963, Loss: 57.438, Trans_L2_m: 0.428, Yaw_err_deg: 1.190
Epoch: [15/23], Batch: 2110/2963, Loss: 51.949, Trans_L2_m: 0.367, Yaw_err_deg: 1.090
Epoch: [15/23], Batch: 2120/2963, Loss: 41.474, Trans_L2_m: 0.282, Yaw_err_deg: 0.831
Epoch: [15/23], Batch: 2130/2963, Loss: 43.552, Trans_L2_m: 0.428, Yaw_err_deg: 0.756
Epoch: [15/23], Batch: 2140/2963, Loss: 43.440, Trans_L2_m: 0.396, Yaw_err_deg: 0.752
Epoch: [15/23], Batch: 2150/2963, Loss: 50.520, Trans_L2_m: 0.350, Yaw_err_deg: 1.108
Epoch: [15/23], Batch: 2160/2963, Loss: 69.613, Trans_L2_m: 0.439, Yaw_err_deg: 1.217
Epoch: [15/23], Batch: 2170/2963, Loss: 43.314, Trans_L2_m: 0.412, Yaw_err_deg: 0.498
Epoch: [15/23], Batch: 2180/2963, Loss: 70.682, Trans_L2_m: 0.511, Yaw_err_deg: 1.267
Epoch: [15/23], Batch: 2190/2963, Loss: 60.024, Trans_L2_m: 0.526, Yaw_err_deg: 1.232
Epoch: [15/23], Batch: 2200/2963, Loss: 46.852, Trans_L2_m: 0.390, Yaw_err_deg: 0.778
Epoch: [15/23], Batch: 2210/2963, Loss: 45.178, Trans_L2_m: 0.406, Yaw_err_deg: 0.487
Epoch: [15/23], Batch: 2220/2963, Loss: 54.822, Trans_L2_m: 0.432, Yaw_err_deg: 0.610
Epoch: [15/23], Batch: 2230/2963, Loss: 51.295, Trans_L2_m: 0.334, Yaw_err_deg: 1.034
Epoch: [15/23], Batch: 2240/2963, Loss: 48.999, Trans_L2_m: 0.309, Yaw_err_deg: 0.807
Epoch: [15/23], Batch: 2250/2963, Loss: 139.220, Trans_L2_m: 0.508, Yaw_err_deg: 1.774
Epoch: [15/23], Batch: 2260/2963, Loss: 50.860, Trans_L2_m: 0.257, Yaw_err_deg: 0.818
Epoch: [15/23], Batch: 2270/2963, Loss: 56.169, Trans_L2_m: 0.466, Yaw_err_deg: 0.655
Epoch: [15/23], Batch: 2280/2963, Loss: 51.426, Trans_L2_m: 0.413, Yaw_err_deg: 1.096
Epoch: [15/23], Batch: 2290/2963, Loss: 54.355, Trans_L2_m: 0.392, Yaw_err_deg: 0.793
Epoch: [15/23], Batch: 2300/2963, Loss: 44.460, Trans_L2_m: 0.372, Yaw_err_deg: 0.704
Epoch: [15/23], Batch: 2310/2963, Loss: 52.372, Trans_L2_m: 0.418, Yaw_err_deg: 0.995
Epoch: [15/23], Batch: 2320/2963, Loss: 54.076, Trans_L2_m: 0.460, Yaw_err_deg: 0.760
Epoch: [15/23], Batch: 2330/2963, Loss: 49.512, Trans_L2_m: 0.339, Yaw_err_deg: 1.018
Epoch: [15/23], Batch: 2340/2963, Loss: 55.336, Trans_L2_m: 0.517, Yaw_err_deg: 0.774
Epoch: [15/23], Batch: 2350/2963, Loss: 52.669, Trans_L2_m: 0.406, Yaw_err_deg: 0.902
Epoch: [15/23], Batch: 2360/2963, Loss: 50.831, Trans_L2_m: 0.437, Yaw_err_deg: 0.991
Epoch: [15/23], Batch: 2370/2963, Loss: 49.575, Trans_L2_m: 0.470, Yaw_err_deg: 0.905
Epoch: [15/23], Batch: 2380/2963, Loss: 48.846, Trans_L2_m: 0.438, Yaw_err_deg: 0.717
Epoch: [15/23], Batch: 2390/2963, Loss: 47.601, Trans_L2_m: 0.339, Yaw_err_deg: 0.796
Epoch: [15/23], Batch: 2400/2963, Loss: 48.043, Trans_L2_m: 0.423, Yaw_err_deg: 0.569
Epoch: [15/23], Batch: 2410/2963, Loss: 45.072, Trans_L2_m: 0.380, Yaw_err_deg: 0.664
Epoch: [15/23], Batch: 2420/2963, Loss: 43.539, Trans_L2_m: 0.478, Yaw_err_deg: 0.578
Epoch: [15/23], Batch: 2430/2963, Loss: 48.300, Trans_L2_m: 0.292, Yaw_err_deg: 0.775
Epoch: [15/23], Batch: 2440/2963, Loss: 47.062, Trans_L2_m: 0.460, Yaw_err_deg: 0.614
Epoch: [15/23], Batch: 2450/2963, Loss: 49.509, Trans_L2_m: 0.249, Yaw_err_deg: 0.578
Epoch: [15/23], Batch: 2460/2963, Loss: 52.300, Trans_L2_m: 0.380, Yaw_err_deg: 1.007
Epoch: [15/23], Batch: 2470/2963, Loss: 40.693, Trans_L2_m: 0.298, Yaw_err_deg: 0.607
Epoch: [15/23], Batch: 2480/2963, Loss: 48.158, Trans_L2_m: 0.336, Yaw_err_deg: 0.941
Epoch: [15/23], Batch: 2490/2963, Loss: 56.090, Trans_L2_m: 0.327, Yaw_err_deg: 1.142
Epoch: [15/23], Batch: 2500/2963, Loss: 59.869, Trans_L2_m: 0.513, Yaw_err_deg: 0.931
Epoch: [15/23], Batch: 2510/2963, Loss: 48.503, Trans_L2_m: 0.285, Yaw_err_deg: 1.052
Epoch: [15/23], Batch: 2520/2963, Loss: 49.379, Trans_L2_m: 0.490, Yaw_err_deg: 0.811
Epoch: [15/23], Batch: 2530/2963, Loss: 44.259, Trans_L2_m: 0.419, Yaw_err_deg: 0.641
Epoch: [15/23], Batch: 2540/2963, Loss: 52.558, Trans_L2_m: 0.393, Yaw_err_deg: 0.954
Epoch: [15/23], Batch: 2550/2963, Loss: 54.969, Trans_L2_m: 0.451, Yaw_err_deg: 0.969
Epoch: [15/23], Batch: 2560/2963, Loss: 53.945, Trans_L2_m: 0.433, Yaw_err_deg: 0.941
Epoch: [15/23], Batch: 2570/2963, Loss: 45.410, Trans_L2_m: 0.366, Yaw_err_deg: 0.860
Epoch: [15/23], Batch: 2580/2963, Loss: 47.264, Trans_L2_m: 0.416, Yaw_err_deg: 0.784
Epoch: [15/23], Batch: 2590/2963, Loss: 51.398, Trans_L2_m: 0.464, Yaw_err_deg: 0.921
Epoch: [15/23], Batch: 2600/2963, Loss: 46.481, Trans_L2_m: 0.364, Yaw_err_deg: 1.067
Epoch: [15/23], Batch: 2610/2963, Loss: 50.989, Trans_L2_m: 0.467, Yaw_err_deg: 0.824
Epoch: [15/23], Batch: 2620/2963, Loss: 48.077, Trans_L2_m: 0.373, Yaw_err_deg: 0.872
Epoch: [15/23], Batch: 2630/2963, Loss: 55.208, Trans_L2_m: 0.579, Yaw_err_deg: 0.904
Epoch: [15/23], Batch: 2640/2963, Loss: 49.890, Trans_L2_m: 0.457, Yaw_err_deg: 0.731
Epoch: [15/23], Batch: 2650/2963, Loss: 52.136, Trans_L2_m: 0.332, Yaw_err_deg: 0.783
Epoch: [15/23], Batch: 2660/2963, Loss: 46.308, Trans_L2_m: 0.414, Yaw_err_deg: 0.729
Epoch: [15/23], Batch: 2670/2963, Loss: 51.066, Trans_L2_m: 0.496, Yaw_err_deg: 0.796
Epoch: [15/23], Batch: 2680/2963, Loss: 61.311, Trans_L2_m: 0.380, Yaw_err_deg: 1.255
Epoch: [15/23], Batch: 2690/2963, Loss: 48.444, Trans_L2_m: 0.405, Yaw_err_deg: 0.920
Epoch: [15/23], Batch: 2700/2963, Loss: 59.675, Trans_L2_m: 0.474, Yaw_err_deg: 1.230
Epoch: [15/23], Batch: 2710/2963, Loss: 53.230, Trans_L2_m: 0.524, Yaw_err_deg: 0.924
Epoch: [15/23], Batch: 2720/2963, Loss: 39.446, Trans_L2_m: 0.348, Yaw_err_deg: 0.643
Epoch: [15/23], Batch: 2730/2963, Loss: 46.727, Trans_L2_m: 0.337, Yaw_err_deg: 0.895
Epoch: [15/23], Batch: 2740/2963, Loss: 39.054, Trans_L2_m: 0.322, Yaw_err_deg: 0.606
Epoch: [15/23], Batch: 2750/2963, Loss: 52.618, Trans_L2_m: 0.491, Yaw_err_deg: 0.875
Epoch: [15/23], Batch: 2760/2963, Loss: 45.996, Trans_L2_m: 0.331, Yaw_err_deg: 0.903
Epoch: [15/23], Batch: 2770/2963, Loss: 43.439, Trans_L2_m: 0.334, Yaw_err_deg: 0.778
Epoch: [15/23], Batch: 2780/2963, Loss: 50.794, Trans_L2_m: 0.443, Yaw_err_deg: 0.939
Epoch: [15/23], Batch: 2790/2963, Loss: 53.133, Trans_L2_m: 0.419, Yaw_err_deg: 0.845
Epoch: [15/23], Batch: 2800/2963, Loss: 64.948, Trans_L2_m: 0.430, Yaw_err_deg: 1.321
Epoch: [15/23], Batch: 2810/2963, Loss: 47.724, Trans_L2_m: 0.350, Yaw_err_deg: 0.954
Epoch: [15/23], Batch: 2820/2963, Loss: 51.870, Trans_L2_m: 0.393, Yaw_err_deg: 0.874
Epoch: [15/23], Batch: 2830/2963, Loss: 43.691, Trans_L2_m: 0.330, Yaw_err_deg: 0.639
Epoch: [15/23], Batch: 2840/2963, Loss: 52.752, Trans_L2_m: 0.535, Yaw_err_deg: 0.945
Epoch: [15/23], Batch: 2850/2963, Loss: 48.554, Trans_L2_m: 0.482, Yaw_err_deg: 0.788
Epoch: [15/23], Batch: 2860/2963, Loss: 53.024, Trans_L2_m: 0.487, Yaw_err_deg: 0.945
Epoch: [15/23], Batch: 2870/2963, Loss: 64.067, Trans_L2_m: 0.611, Yaw_err_deg: 1.287
Epoch: [15/23], Batch: 2880/2963, Loss: 44.497, Trans_L2_m: 0.402, Yaw_err_deg: 0.739
Epoch: [15/23], Batch: 2890/2963, Loss: 51.314, Trans_L2_m: 0.495, Yaw_err_deg: 0.763
Epoch: [15/23], Batch: 2900/2963, Loss: 46.846, Trans_L2_m: 0.366, Yaw_err_deg: 0.740
Epoch: [15/23], Batch: 2910/2963, Loss: 46.777, Trans_L2_m: 0.362, Yaw_err_deg: 0.706
Epoch: [15/23], Batch: 2920/2963, Loss: 54.753, Trans_L2_m: 0.401, Yaw_err_deg: 1.065
Epoch: [15/23], Batch: 2930/2963, Loss: 41.452, Trans_L2_m: 0.312, Yaw_err_deg: 0.578
Epoch: [15/23], Batch: 2940/2963, Loss: 46.717, Trans_L2_m: 0.316, Yaw_err_deg: 0.729
Epoch: [15/23], Batch: 2950/2963, Loss: 43.476, Trans_L2_m: 0.380, Yaw_err_deg: 0.832
Epoch: [15/23], Batch: 2960/2963, Loss: 45.376, Trans_L2_m: 0.374, Yaw_err_deg: 0.975
Validation loss (homography): 858.3439
Avg batch time: 981.09 ms, total: 318.349 s
[1;91mVal has no improvement vs 822.2456665039062![0m
Epoch: [16/23], Batch: 0/2963, Loss: 43.862, Trans_L2_m: 0.437, Yaw_err_deg: 0.622
Epoch: [16/23], Batch: 10/2963, Loss: 55.472, Trans_L2_m: 0.475, Yaw_err_deg: 0.675
Epoch: [16/23], Batch: 20/2963, Loss: 47.175, Trans_L2_m: 0.411, Yaw_err_deg: 0.595
Epoch: [16/23], Batch: 30/2963, Loss: 46.613, Trans_L2_m: 0.236, Yaw_err_deg: 0.792
Epoch: [16/23], Batch: 40/2963, Loss: 48.214, Trans_L2_m: 0.444, Yaw_err_deg: 0.701
Epoch: [16/23], Batch: 50/2963, Loss: 54.246, Trans_L2_m: 0.334, Yaw_err_deg: 1.123
Epoch: [16/23], Batch: 60/2963, Loss: 54.639, Trans_L2_m: 0.338, Yaw_err_deg: 1.062
Epoch: [16/23], Batch: 70/2963, Loss: 46.691, Trans_L2_m: 0.344, Yaw_err_deg: 0.852
Epoch: [16/23], Batch: 80/2963, Loss: 51.582, Trans_L2_m: 0.341, Yaw_err_deg: 0.983
Epoch: [16/23], Batch: 90/2963, Loss: 50.672, Trans_L2_m: 0.477, Yaw_err_deg: 0.857
Epoch: [16/23], Batch: 100/2963, Loss: 50.613, Trans_L2_m: 0.369, Yaw_err_deg: 1.025
Epoch: [16/23], Batch: 110/2963, Loss: 51.849, Trans_L2_m: 0.308, Yaw_err_deg: 1.015
Epoch: [16/23], Batch: 120/2963, Loss: 47.300, Trans_L2_m: 0.356, Yaw_err_deg: 0.731
Epoch: [16/23], Batch: 130/2963, Loss: 53.138, Trans_L2_m: 0.312, Yaw_err_deg: 1.329
Epoch: [16/23], Batch: 140/2963, Loss: 48.417, Trans_L2_m: 0.397, Yaw_err_deg: 0.848
Epoch: [16/23], Batch: 150/2963, Loss: 50.003, Trans_L2_m: 0.338, Yaw_err_deg: 0.857
Epoch: [16/23], Batch: 160/2963, Loss: 45.216, Trans_L2_m: 0.289, Yaw_err_deg: 0.777
Epoch: [16/23], Batch: 170/2963, Loss: 48.540, Trans_L2_m: 0.298, Yaw_err_deg: 0.786
Epoch: [16/23], Batch: 180/2963, Loss: 46.612, Trans_L2_m: 0.428, Yaw_err_deg: 0.683
Epoch: [16/23], Batch: 190/2963, Loss: 64.051, Trans_L2_m: 0.404, Yaw_err_deg: 1.488
Epoch: [16/23], Batch: 200/2963, Loss: 70.048, Trans_L2_m: 0.459, Yaw_err_deg: 1.201
Epoch: [16/23], Batch: 210/2963, Loss: 46.524, Trans_L2_m: 0.470, Yaw_err_deg: 0.596
Epoch: [16/23], Batch: 220/2963, Loss: 51.391, Trans_L2_m: 0.399, Yaw_err_deg: 0.779
Epoch: [16/23], Batch: 230/2963, Loss: 60.758, Trans_L2_m: 0.442, Yaw_err_deg: 0.747
Epoch: [16/23], Batch: 240/2963, Loss: 52.799, Trans_L2_m: 0.434, Yaw_err_deg: 0.761
Epoch: [16/23], Batch: 250/2963, Loss: 41.201, Trans_L2_m: 0.390, Yaw_err_deg: 0.364
Epoch: [16/23], Batch: 260/2963, Loss: 53.646, Trans_L2_m: 0.454, Yaw_err_deg: 0.842
Epoch: [16/23], Batch: 270/2963, Loss: 51.377, Trans_L2_m: 0.450, Yaw_err_deg: 0.826
Epoch: [16/23], Batch: 280/2963, Loss: 48.680, Trans_L2_m: 0.370, Yaw_err_deg: 0.960
Epoch: [16/23], Batch: 290/2963, Loss: 44.520, Trans_L2_m: 0.256, Yaw_err_deg: 0.792
Epoch: [16/23], Batch: 300/2963, Loss: 45.159, Trans_L2_m: 0.381, Yaw_err_deg: 0.703
Epoch: [16/23], Batch: 310/2963, Loss: 55.856, Trans_L2_m: 0.584, Yaw_err_deg: 0.699
Epoch: [16/23], Batch: 320/2963, Loss: 45.886, Trans_L2_m: 0.403, Yaw_err_deg: 0.815
Epoch: [16/23], Batch: 330/2963, Loss: 42.194, Trans_L2_m: 0.348, Yaw_err_deg: 0.560
Epoch: [16/23], Batch: 340/2963, Loss: 56.951, Trans_L2_m: 0.553, Yaw_err_deg: 0.720
Epoch: [16/23], Batch: 350/2963, Loss: 51.682, Trans_L2_m: 0.303, Yaw_err_deg: 0.884
Epoch: [16/23], Batch: 360/2963, Loss: 51.085, Trans_L2_m: 0.397, Yaw_err_deg: 0.987
Epoch: [16/23], Batch: 370/2963, Loss: 55.320, Trans_L2_m: 0.551, Yaw_err_deg: 0.807
Epoch: [16/23], Batch: 380/2963, Loss: 45.742, Trans_L2_m: 0.441, Yaw_err_deg: 0.644
Epoch: [16/23], Batch: 390/2963, Loss: 52.299, Trans_L2_m: 0.453, Yaw_err_deg: 0.935
Epoch: [16/23], Batch: 400/2963, Loss: 63.825, Trans_L2_m: 0.471, Yaw_err_deg: 0.902
Epoch: [16/23], Batch: 410/2963, Loss: 49.832, Trans_L2_m: 0.395, Yaw_err_deg: 0.844
Epoch: [16/23], Batch: 420/2963, Loss: 43.870, Trans_L2_m: 0.407, Yaw_err_deg: 0.724
Epoch: [16/23], Batch: 430/2963, Loss: 59.793, Trans_L2_m: 0.583, Yaw_err_deg: 0.724
Epoch: [16/23], Batch: 440/2963, Loss: 48.094, Trans_L2_m: 0.379, Yaw_err_deg: 0.963
Epoch: [16/23], Batch: 450/2963, Loss: 60.676, Trans_L2_m: 0.446, Yaw_err_deg: 0.995
Epoch: [16/23], Batch: 460/2963, Loss: 46.265, Trans_L2_m: 0.509, Yaw_err_deg: 0.457
Epoch: [16/23], Batch: 470/2963, Loss: 43.991, Trans_L2_m: 0.351, Yaw_err_deg: 0.751
Epoch: [16/23], Batch: 480/2963, Loss: 59.432, Trans_L2_m: 0.483, Yaw_err_deg: 1.290
Epoch: [16/23], Batch: 490/2963, Loss: 45.962, Trans_L2_m: 0.401, Yaw_err_deg: 0.810
Epoch: [16/23], Batch: 500/2963, Loss: 47.684, Trans_L2_m: 0.399, Yaw_err_deg: 0.663
Epoch: [16/23], Batch: 510/2963, Loss: 50.054, Trans_L2_m: 0.542, Yaw_err_deg: 0.640
Epoch: [16/23], Batch: 520/2963, Loss: 51.823, Trans_L2_m: 0.478, Yaw_err_deg: 0.985
Epoch: [16/23], Batch: 530/2963, Loss: 55.198, Trans_L2_m: 0.397, Yaw_err_deg: 1.192
Epoch: [16/23], Batch: 540/2963, Loss: 55.036, Trans_L2_m: 0.479, Yaw_err_deg: 0.623
Epoch: [16/23], Batch: 550/2963, Loss: 58.531, Trans_L2_m: 0.425, Yaw_err_deg: 0.858
Epoch: [16/23], Batch: 560/2963, Loss: 59.764, Trans_L2_m: 0.370, Yaw_err_deg: 1.270
Epoch: [16/23], Batch: 570/2963, Loss: 46.032, Trans_L2_m: 0.526, Yaw_err_deg: 0.588
Epoch: [16/23], Batch: 580/2963, Loss: 50.135, Trans_L2_m: 0.433, Yaw_err_deg: 0.670
Epoch: [16/23], Batch: 590/2963, Loss: 50.367, Trans_L2_m: 0.479, Yaw_err_deg: 0.722
Epoch: [16/23], Batch: 600/2963, Loss: 53.695, Trans_L2_m: 0.501, Yaw_err_deg: 0.793
Epoch: [16/23], Batch: 610/2963, Loss: 61.569, Trans_L2_m: 0.393, Yaw_err_deg: 1.286
Epoch: [16/23], Batch: 620/2963, Loss: 50.651, Trans_L2_m: 0.329, Yaw_err_deg: 1.152
Epoch: [16/23], Batch: 630/2963, Loss: 54.984, Trans_L2_m: 0.402, Yaw_err_deg: 1.079
Epoch: [16/23], Batch: 640/2963, Loss: 46.313, Trans_L2_m: 0.314, Yaw_err_deg: 0.883
Epoch: [16/23], Batch: 650/2963, Loss: 46.072, Trans_L2_m: 0.304, Yaw_err_deg: 0.997
Epoch: [16/23], Batch: 660/2963, Loss: 48.738, Trans_L2_m: 0.282, Yaw_err_deg: 0.841
Epoch: [16/23], Batch: 670/2963, Loss: 43.901, Trans_L2_m: 0.457, Yaw_err_deg: 0.640
Epoch: [16/23], Batch: 680/2963, Loss: 60.715, Trans_L2_m: 0.455, Yaw_err_deg: 1.303
Epoch: [16/23], Batch: 690/2963, Loss: 56.517, Trans_L2_m: 0.509, Yaw_err_deg: 0.656
Epoch: [16/23], Batch: 700/2963, Loss: 59.752, Trans_L2_m: 0.437, Yaw_err_deg: 1.311
Epoch: [16/23], Batch: 710/2963, Loss: 50.473, Trans_L2_m: 0.420, Yaw_err_deg: 0.868
Epoch: [16/23], Batch: 720/2963, Loss: 54.381, Trans_L2_m: 0.457, Yaw_err_deg: 0.982
Epoch: [16/23], Batch: 730/2963, Loss: 40.914, Trans_L2_m: 0.275, Yaw_err_deg: 0.622
Epoch: [16/23], Batch: 740/2963, Loss: 49.906, Trans_L2_m: 0.459, Yaw_err_deg: 0.982
Epoch: [16/23], Batch: 750/2963, Loss: 51.595, Trans_L2_m: 0.598, Yaw_err_deg: 0.709
Epoch: [16/23], Batch: 760/2963, Loss: 49.304, Trans_L2_m: 0.424, Yaw_err_deg: 0.805
Epoch: [16/23], Batch: 770/2963, Loss: 62.809, Trans_L2_m: 0.416, Yaw_err_deg: 1.168
Epoch: [16/23], Batch: 780/2963, Loss: 44.059, Trans_L2_m: 0.461, Yaw_err_deg: 0.588
Epoch: [16/23], Batch: 790/2963, Loss: 65.681, Trans_L2_m: 0.278, Yaw_err_deg: 1.565
Epoch: [16/23], Batch: 800/2963, Loss: 50.899, Trans_L2_m: 0.530, Yaw_err_deg: 0.734
Epoch: [16/23], Batch: 810/2963, Loss: 49.086, Trans_L2_m: 0.423, Yaw_err_deg: 1.004
Epoch: [16/23], Batch: 820/2963, Loss: 51.630, Trans_L2_m: 0.339, Yaw_err_deg: 0.808
Epoch: [16/23], Batch: 830/2963, Loss: 42.253, Trans_L2_m: 0.402, Yaw_err_deg: 0.601
Epoch: [16/23], Batch: 840/2963, Loss: 45.883, Trans_L2_m: 0.295, Yaw_err_deg: 0.596
Epoch: [16/23], Batch: 850/2963, Loss: 45.453, Trans_L2_m: 0.282, Yaw_err_deg: 0.775
Epoch: [16/23], Batch: 860/2963, Loss: 57.931, Trans_L2_m: 0.496, Yaw_err_deg: 0.853
Epoch: [16/23], Batch: 870/2963, Loss: 43.704, Trans_L2_m: 0.244, Yaw_err_deg: 0.788
Epoch: [16/23], Batch: 880/2963, Loss: 43.770, Trans_L2_m: 0.409, Yaw_err_deg: 0.457
Epoch: [16/23], Batch: 890/2963, Loss: 41.522, Trans_L2_m: 0.359, Yaw_err_deg: 0.547
Epoch: [16/23], Batch: 900/2963, Loss: 78.820, Trans_L2_m: 0.317, Yaw_err_deg: 1.213
Epoch: [16/23], Batch: 910/2963, Loss: 49.161, Trans_L2_m: 0.306, Yaw_err_deg: 0.941
Epoch: [16/23], Batch: 920/2963, Loss: 54.270, Trans_L2_m: 0.415, Yaw_err_deg: 0.620
Epoch: [16/23], Batch: 930/2963, Loss: 60.741, Trans_L2_m: 0.630, Yaw_err_deg: 0.687
Epoch: [16/23], Batch: 940/2963, Loss: 46.587, Trans_L2_m: 0.410, Yaw_err_deg: 0.702
Epoch: [16/23], Batch: 950/2963, Loss: 57.956, Trans_L2_m: 0.516, Yaw_err_deg: 0.802
Epoch: [16/23], Batch: 960/2963, Loss: 52.500, Trans_L2_m: 0.409, Yaw_err_deg: 1.073
Epoch: [16/23], Batch: 970/2963, Loss: 48.470, Trans_L2_m: 0.302, Yaw_err_deg: 0.921
Epoch: [16/23], Batch: 980/2963, Loss: 52.334, Trans_L2_m: 0.535, Yaw_err_deg: 0.656
Epoch: [16/23], Batch: 990/2963, Loss: 42.257, Trans_L2_m: 0.472, Yaw_err_deg: 0.442
Epoch: [16/23], Batch: 1000/2963, Loss: 42.937, Trans_L2_m: 0.240, Yaw_err_deg: 0.669
Epoch: [16/23], Batch: 1010/2963, Loss: 54.637, Trans_L2_m: 0.377, Yaw_err_deg: 0.889
Epoch: [16/23], Batch: 1020/2963, Loss: 51.188, Trans_L2_m: 0.523, Yaw_err_deg: 0.649
Epoch: [16/23], Batch: 1030/2963, Loss: 52.790, Trans_L2_m: 0.339, Yaw_err_deg: 1.047
Epoch: [16/23], Batch: 1040/2963, Loss: 59.554, Trans_L2_m: 0.372, Yaw_err_deg: 1.331
Epoch: [16/23], Batch: 1050/2963, Loss: 50.326, Trans_L2_m: 0.394, Yaw_err_deg: 0.876
Epoch: [16/23], Batch: 1060/2963, Loss: 41.013, Trans_L2_m: 0.390, Yaw_err_deg: 0.578
Epoch: [16/23], Batch: 1070/2963, Loss: 57.288, Trans_L2_m: 0.370, Yaw_err_deg: 1.029
Epoch: [16/23], Batch: 1080/2963, Loss: 47.966, Trans_L2_m: 0.393, Yaw_err_deg: 0.850
Epoch: [16/23], Batch: 1090/2963, Loss: 49.014, Trans_L2_m: 0.352, Yaw_err_deg: 0.954
Epoch: [16/23], Batch: 1100/2963, Loss: 45.177, Trans_L2_m: 0.432, Yaw_err_deg: 0.755
Epoch: [16/23], Batch: 1110/2963, Loss: 42.107, Trans_L2_m: 0.371, Yaw_err_deg: 0.813
Epoch: [16/23], Batch: 1120/2963, Loss: 53.606, Trans_L2_m: 0.364, Yaw_err_deg: 0.622
Epoch: [16/23], Batch: 1130/2963, Loss: 55.162, Trans_L2_m: 0.546, Yaw_err_deg: 0.828
Epoch: [16/23], Batch: 1140/2963, Loss: 50.890, Trans_L2_m: 0.280, Yaw_err_deg: 1.224
Epoch: [16/23], Batch: 1150/2963, Loss: 58.238, Trans_L2_m: 0.389, Yaw_err_deg: 0.849
Epoch: [16/23], Batch: 1160/2963, Loss: 45.226, Trans_L2_m: 0.458, Yaw_err_deg: 0.765
Epoch: [16/23], Batch: 1170/2963, Loss: 46.181, Trans_L2_m: 0.398, Yaw_err_deg: 0.684
Epoch: [16/23], Batch: 1180/2963, Loss: 55.332, Trans_L2_m: 0.369, Yaw_err_deg: 0.677
Epoch: [16/23], Batch: 1190/2963, Loss: 47.083, Trans_L2_m: 0.482, Yaw_err_deg: 0.573
Epoch: [16/23], Batch: 1200/2963, Loss: 57.999, Trans_L2_m: 0.507, Yaw_err_deg: 0.966
Epoch: [16/23], Batch: 1210/2963, Loss: 59.620, Trans_L2_m: 0.430, Yaw_err_deg: 1.102
Epoch: [16/23], Batch: 1220/2963, Loss: 50.319, Trans_L2_m: 0.373, Yaw_err_deg: 0.962
Epoch: [16/23], Batch: 1230/2963, Loss: 47.772, Trans_L2_m: 0.395, Yaw_err_deg: 0.871
Epoch: [16/23], Batch: 1240/2963, Loss: 57.093, Trans_L2_m: 0.380, Yaw_err_deg: 0.930
Epoch: [16/23], Batch: 1250/2963, Loss: 45.586, Trans_L2_m: 0.312, Yaw_err_deg: 0.893
Epoch: [16/23], Batch: 1260/2963, Loss: 49.787, Trans_L2_m: 0.356, Yaw_err_deg: 0.765
Epoch: [16/23], Batch: 1270/2963, Loss: 44.155, Trans_L2_m: 0.492, Yaw_err_deg: 0.744
Epoch: [16/23], Batch: 1280/2963, Loss: 48.709, Trans_L2_m: 0.475, Yaw_err_deg: 0.793
Epoch: [16/23], Batch: 1290/2963, Loss: 46.417, Trans_L2_m: 0.328, Yaw_err_deg: 0.661
Epoch: [16/23], Batch: 1300/2963, Loss: 48.158, Trans_L2_m: 0.381, Yaw_err_deg: 0.704
Epoch: [16/23], Batch: 1310/2963, Loss: 51.550, Trans_L2_m: 0.312, Yaw_err_deg: 1.078
Epoch: [16/23], Batch: 1320/2963, Loss: 52.950, Trans_L2_m: 0.464, Yaw_err_deg: 0.989
Epoch: [16/23], Batch: 1330/2963, Loss: 65.732, Trans_L2_m: 0.524, Yaw_err_deg: 1.083
Epoch: [16/23], Batch: 1340/2963, Loss: 50.528, Trans_L2_m: 0.363, Yaw_err_deg: 0.791
Epoch: [16/23], Batch: 1350/2963, Loss: 49.492, Trans_L2_m: 0.261, Yaw_err_deg: 1.067
Epoch: [16/23], Batch: 1360/2963, Loss: 42.876, Trans_L2_m: 0.349, Yaw_err_deg: 0.591
Epoch: [16/23], Batch: 1370/2963, Loss: 48.904, Trans_L2_m: 0.374, Yaw_err_deg: 0.685
Epoch: [16/23], Batch: 1380/2963, Loss: 46.795, Trans_L2_m: 0.281, Yaw_err_deg: 1.003
Epoch: [16/23], Batch: 1390/2963, Loss: 54.636, Trans_L2_m: 0.424, Yaw_err_deg: 0.970
Epoch: [16/23], Batch: 1400/2963, Loss: 48.936, Trans_L2_m: 0.427, Yaw_err_deg: 0.798
Epoch: [16/23], Batch: 1410/2963, Loss: 45.597, Trans_L2_m: 0.373, Yaw_err_deg: 0.545
Epoch: [16/23], Batch: 1420/2963, Loss: 50.693, Trans_L2_m: 0.433, Yaw_err_deg: 0.888
Epoch: [16/23], Batch: 1430/2963, Loss: 43.932, Trans_L2_m: 0.436, Yaw_err_deg: 0.724
Epoch: [16/23], Batch: 1440/2963, Loss: 51.283, Trans_L2_m: 0.425, Yaw_err_deg: 0.820
Epoch: [16/23], Batch: 1450/2963, Loss: 51.952, Trans_L2_m: 0.346, Yaw_err_deg: 0.764
Epoch: [16/23], Batch: 1460/2963, Loss: 54.529, Trans_L2_m: 0.433, Yaw_err_deg: 0.925
Epoch: [16/23], Batch: 1470/2963, Loss: 53.746, Trans_L2_m: 0.514, Yaw_err_deg: 0.959
Epoch: [16/23], Batch: 1480/2963, Loss: 51.673, Trans_L2_m: 0.462, Yaw_err_deg: 0.985
Epoch: [16/23], Batch: 1490/2963, Loss: 43.680, Trans_L2_m: 0.340, Yaw_err_deg: 0.744
Epoch: [16/23], Batch: 1500/2963, Loss: 49.298, Trans_L2_m: 0.497, Yaw_err_deg: 0.656
Epoch: [16/23], Batch: 1510/2963, Loss: 61.369, Trans_L2_m: 0.478, Yaw_err_deg: 0.894
Epoch: [16/23], Batch: 1520/2963, Loss: 44.534, Trans_L2_m: 0.299, Yaw_err_deg: 0.682
Epoch: [16/23], Batch: 1530/2963, Loss: 43.425, Trans_L2_m: 0.326, Yaw_err_deg: 0.711
Epoch: [16/23], Batch: 1540/2963, Loss: 49.841, Trans_L2_m: 0.416, Yaw_err_deg: 0.926
Epoch: [16/23], Batch: 1550/2963, Loss: 46.280, Trans_L2_m: 0.500, Yaw_err_deg: 0.521
Epoch: [16/23], Batch: 1560/2963, Loss: 42.152, Trans_L2_m: 0.310, Yaw_err_deg: 0.738
Epoch: [16/23], Batch: 1570/2963, Loss: 41.765, Trans_L2_m: 0.348, Yaw_err_deg: 0.615
Epoch: [16/23], Batch: 1580/2963, Loss: 50.405, Trans_L2_m: 0.344, Yaw_err_deg: 1.006
Epoch: [16/23], Batch: 1590/2963, Loss: 57.866, Trans_L2_m: 0.442, Yaw_err_deg: 1.010
Epoch: [16/23], Batch: 1600/2963, Loss: 43.028, Trans_L2_m: 0.343, Yaw_err_deg: 0.887
Epoch: [16/23], Batch: 1610/2963, Loss: 43.800, Trans_L2_m: 0.277, Yaw_err_deg: 0.928
Epoch: [16/23], Batch: 1620/2963, Loss: 58.769, Trans_L2_m: 0.512, Yaw_err_deg: 0.763
Epoch: [16/23], Batch: 1630/2963, Loss: 41.132, Trans_L2_m: 0.317, Yaw_err_deg: 0.672
Epoch: [16/23], Batch: 1640/2963, Loss: 45.736, Trans_L2_m: 0.329, Yaw_err_deg: 0.651
Epoch: [16/23], Batch: 1650/2963, Loss: 49.495, Trans_L2_m: 0.452, Yaw_err_deg: 0.996
Epoch: [16/23], Batch: 1660/2963, Loss: 52.375, Trans_L2_m: 0.502, Yaw_err_deg: 0.795
Epoch: [16/23], Batch: 1670/2963, Loss: 44.955, Trans_L2_m: 0.337, Yaw_err_deg: 0.511
Epoch: [16/23], Batch: 1680/2963, Loss: 64.130, Trans_L2_m: 0.408, Yaw_err_deg: 1.142
Epoch: [16/23], Batch: 1690/2963, Loss: 53.587, Trans_L2_m: 0.473, Yaw_err_deg: 1.053
Epoch: [16/23], Batch: 1700/2963, Loss: 52.711, Trans_L2_m: 0.480, Yaw_err_deg: 0.942
Epoch: [16/23], Batch: 1710/2963, Loss: 44.551, Trans_L2_m: 0.317, Yaw_err_deg: 0.763
Epoch: [16/23], Batch: 1720/2963, Loss: 48.820, Trans_L2_m: 0.429, Yaw_err_deg: 0.759
Epoch: [16/23], Batch: 1730/2963, Loss: 46.864, Trans_L2_m: 0.395, Yaw_err_deg: 0.806
Epoch: [16/23], Batch: 1740/2963, Loss: 55.812, Trans_L2_m: 0.429, Yaw_err_deg: 1.001
Epoch: [16/23], Batch: 1750/2963, Loss: 47.508, Trans_L2_m: 0.359, Yaw_err_deg: 0.957
Epoch: [16/23], Batch: 1760/2963, Loss: 46.599, Trans_L2_m: 0.433, Yaw_err_deg: 0.836
Epoch: [16/23], Batch: 1770/2963, Loss: 56.874, Trans_L2_m: 0.665, Yaw_err_deg: 0.991
Epoch: [16/23], Batch: 1780/2963, Loss: 45.800, Trans_L2_m: 0.323, Yaw_err_deg: 0.913
Epoch: [16/23], Batch: 1790/2963, Loss: 50.563, Trans_L2_m: 0.514, Yaw_err_deg: 0.944
Epoch: [16/23], Batch: 1800/2963, Loss: 52.632, Trans_L2_m: 0.489, Yaw_err_deg: 0.856
Epoch: [16/23], Batch: 1810/2963, Loss: 56.209, Trans_L2_m: 0.557, Yaw_err_deg: 0.868
Epoch: [16/23], Batch: 1820/2963, Loss: 50.049, Trans_L2_m: 0.417, Yaw_err_deg: 0.747
Epoch: [16/23], Batch: 1830/2963, Loss: 45.171, Trans_L2_m: 0.418, Yaw_err_deg: 0.641
Epoch: [16/23], Batch: 1840/2963, Loss: 45.776, Trans_L2_m: 0.390, Yaw_err_deg: 0.799
Epoch: [16/23], Batch: 1850/2963, Loss: 62.583, Trans_L2_m: 0.448, Yaw_err_deg: 0.742
Epoch: [16/23], Batch: 1860/2963, Loss: 60.578, Trans_L2_m: 0.350, Yaw_err_deg: 1.249
Epoch: [16/23], Batch: 1870/2963, Loss: 42.303, Trans_L2_m: 0.366, Yaw_err_deg: 0.552
Epoch: [16/23], Batch: 1880/2963, Loss: 45.385, Trans_L2_m: 0.459, Yaw_err_deg: 0.544
Epoch: [16/23], Batch: 1890/2963, Loss: 43.514, Trans_L2_m: 0.369, Yaw_err_deg: 0.503
Epoch: [16/23], Batch: 1900/2963, Loss: 49.171, Trans_L2_m: 0.437, Yaw_err_deg: 0.825
Epoch: [16/23], Batch: 1910/2963, Loss: 60.383, Trans_L2_m: 0.515, Yaw_err_deg: 0.795
Epoch: [16/23], Batch: 1920/2963, Loss: 49.175, Trans_L2_m: 0.376, Yaw_err_deg: 1.111
Epoch: [16/23], Batch: 1930/2963, Loss: 48.345, Trans_L2_m: 0.434, Yaw_err_deg: 0.985
Epoch: [16/23], Batch: 1940/2963, Loss: 79.045, Trans_L2_m: 0.354, Yaw_err_deg: 1.357
Epoch: [16/23], Batch: 1950/2963, Loss: 47.043, Trans_L2_m: 0.355, Yaw_err_deg: 0.798
Epoch: [16/23], Batch: 1960/2963, Loss: 43.922, Trans_L2_m: 0.346, Yaw_err_deg: 0.600
Epoch: [16/23], Batch: 1970/2963, Loss: 46.659, Trans_L2_m: 0.492, Yaw_err_deg: 0.705
Epoch: [16/23], Batch: 1980/2963, Loss: 53.171, Trans_L2_m: 0.334, Yaw_err_deg: 0.931
Epoch: [16/23], Batch: 1990/2963, Loss: 48.267, Trans_L2_m: 0.413, Yaw_err_deg: 0.858
Epoch: [16/23], Batch: 2000/2963, Loss: 47.157, Trans_L2_m: 0.274, Yaw_err_deg: 0.965
Epoch: [16/23], Batch: 2010/2963, Loss: 52.776, Trans_L2_m: 0.382, Yaw_err_deg: 1.062
Epoch: [16/23], Batch: 2020/2963, Loss: 40.386, Trans_L2_m: 0.333, Yaw_err_deg: 0.640
Epoch: [16/23], Batch: 2030/2963, Loss: 50.515, Trans_L2_m: 0.358, Yaw_err_deg: 0.943
Epoch: [16/23], Batch: 2040/2963, Loss: 48.229, Trans_L2_m: 0.450, Yaw_err_deg: 0.658
Epoch: [16/23], Batch: 2050/2963, Loss: 45.475, Trans_L2_m: 0.435, Yaw_err_deg: 0.743
Epoch: [16/23], Batch: 2060/2963, Loss: 45.547, Trans_L2_m: 0.474, Yaw_err_deg: 0.685
Epoch: [16/23], Batch: 2070/2963, Loss: 47.025, Trans_L2_m: 0.335, Yaw_err_deg: 0.907
Epoch: [16/23], Batch: 2080/2963, Loss: 45.518, Trans_L2_m: 0.360, Yaw_err_deg: 0.985
Epoch: [16/23], Batch: 2090/2963, Loss: 44.570, Trans_L2_m: 0.298, Yaw_err_deg: 0.733
Epoch: [16/23], Batch: 2100/2963, Loss: 60.679, Trans_L2_m: 0.481, Yaw_err_deg: 1.049
Epoch: [16/23], Batch: 2110/2963, Loss: 44.734, Trans_L2_m: 0.296, Yaw_err_deg: 0.660
Epoch: [16/23], Batch: 2120/2963, Loss: 52.102, Trans_L2_m: 0.450, Yaw_err_deg: 0.819
Epoch: [16/23], Batch: 2130/2963, Loss: 41.324, Trans_L2_m: 0.366, Yaw_err_deg: 0.586
Epoch: [16/23], Batch: 2140/2963, Loss: 46.231, Trans_L2_m: 0.460, Yaw_err_deg: 0.503
Epoch: [16/23], Batch: 2150/2963, Loss: 108.737, Trans_L2_m: 0.445, Yaw_err_deg: 1.498
Epoch: [16/23], Batch: 2160/2963, Loss: 49.008, Trans_L2_m: 0.291, Yaw_err_deg: 0.916
Epoch: [16/23], Batch: 2170/2963, Loss: 45.190, Trans_L2_m: 0.447, Yaw_err_deg: 0.698
Epoch: [16/23], Batch: 2180/2963, Loss: 40.530, Trans_L2_m: 0.310, Yaw_err_deg: 0.743
Epoch: [16/23], Batch: 2190/2963, Loss: 43.106, Trans_L2_m: 0.337, Yaw_err_deg: 0.426
Epoch: [16/23], Batch: 2200/2963, Loss: 70.484, Trans_L2_m: 0.407, Yaw_err_deg: 1.276
Epoch: [16/23], Batch: 2210/2963, Loss: 46.600, Trans_L2_m: 0.502, Yaw_err_deg: 0.485
Epoch: [16/23], Batch: 2220/2963, Loss: 49.133, Trans_L2_m: 0.349, Yaw_err_deg: 0.732
Epoch: [16/23], Batch: 2230/2963, Loss: 75.822, Trans_L2_m: 0.486, Yaw_err_deg: 0.591
Epoch: [16/23], Batch: 2240/2963, Loss: 49.713, Trans_L2_m: 0.442, Yaw_err_deg: 0.736
Epoch: [16/23], Batch: 2250/2963, Loss: 42.392, Trans_L2_m: 0.341, Yaw_err_deg: 0.516
Epoch: [16/23], Batch: 2260/2963, Loss: 46.687, Trans_L2_m: 0.359, Yaw_err_deg: 0.703
Epoch: [16/23], Batch: 2270/2963, Loss: 46.388, Trans_L2_m: 0.396, Yaw_err_deg: 0.828
Epoch: [16/23], Batch: 2280/2963, Loss: 39.216, Trans_L2_m: 0.394, Yaw_err_deg: 0.542
Epoch: [16/23], Batch: 2290/2963, Loss: 52.169, Trans_L2_m: 0.380, Yaw_err_deg: 0.901
Epoch: [16/23], Batch: 2300/2963, Loss: 48.024, Trans_L2_m: 0.522, Yaw_err_deg: 0.288
Epoch: [16/23], Batch: 2310/2963, Loss: 54.471, Trans_L2_m: 0.404, Yaw_err_deg: 0.955
Epoch: [16/23], Batch: 2320/2963, Loss: 48.438, Trans_L2_m: 0.361, Yaw_err_deg: 0.912
Epoch: [16/23], Batch: 2330/2963, Loss: 50.107, Trans_L2_m: 0.449, Yaw_err_deg: 0.817
Epoch: [16/23], Batch: 2340/2963, Loss: 45.702, Trans_L2_m: 0.347, Yaw_err_deg: 0.769
Epoch: [16/23], Batch: 2350/2963, Loss: 59.881, Trans_L2_m: 0.470, Yaw_err_deg: 1.082
Epoch: [16/23], Batch: 2360/2963, Loss: 47.723, Trans_L2_m: 0.380, Yaw_err_deg: 0.731
Epoch: [16/23], Batch: 2370/2963, Loss: 46.400, Trans_L2_m: 0.288, Yaw_err_deg: 1.082
Epoch: [16/23], Batch: 2380/2963, Loss: 46.012, Trans_L2_m: 0.295, Yaw_err_deg: 0.896
Epoch: [16/23], Batch: 2390/2963, Loss: 59.878, Trans_L2_m: 0.455, Yaw_err_deg: 0.990
Epoch: [16/23], Batch: 2400/2963, Loss: 56.876, Trans_L2_m: 0.442, Yaw_err_deg: 1.128
Epoch: [16/23], Batch: 2410/2963, Loss: 49.702, Trans_L2_m: 0.470, Yaw_err_deg: 0.766
Epoch: [16/23], Batch: 2420/2963, Loss: 41.919, Trans_L2_m: 0.333, Yaw_err_deg: 0.771
Epoch: [16/23], Batch: 2430/2963, Loss: 47.418, Trans_L2_m: 0.360, Yaw_err_deg: 0.933
Epoch: [16/23], Batch: 2440/2963, Loss: 47.079, Trans_L2_m: 0.376, Yaw_err_deg: 1.036
Epoch: [16/23], Batch: 2450/2963, Loss: 52.565, Trans_L2_m: 0.288, Yaw_err_deg: 0.861
Epoch: [16/23], Batch: 2460/2963, Loss: 55.245, Trans_L2_m: 0.353, Yaw_err_deg: 1.126
Epoch: [16/23], Batch: 2470/2963, Loss: 42.689, Trans_L2_m: 0.319, Yaw_err_deg: 0.581
Epoch: [16/23], Batch: 2480/2963, Loss: 53.516, Trans_L2_m: 0.419, Yaw_err_deg: 0.768
Epoch: [16/23], Batch: 2490/2963, Loss: 42.621, Trans_L2_m: 0.406, Yaw_err_deg: 0.513
Epoch: [16/23], Batch: 2500/2963, Loss: 48.559, Trans_L2_m: 0.484, Yaw_err_deg: 0.547
Epoch: [16/23], Batch: 2510/2963, Loss: 46.097, Trans_L2_m: 0.311, Yaw_err_deg: 0.793
Epoch: [16/23], Batch: 2520/2963, Loss: 44.113, Trans_L2_m: 0.315, Yaw_err_deg: 0.660
Epoch: [16/23], Batch: 2530/2963, Loss: 40.008, Trans_L2_m: 0.271, Yaw_err_deg: 0.622
Epoch: [16/23], Batch: 2540/2963, Loss: 48.226, Trans_L2_m: 0.513, Yaw_err_deg: 0.863
Epoch: [16/23], Batch: 2550/2963, Loss: 50.439, Trans_L2_m: 0.483, Yaw_err_deg: 0.657
Epoch: [16/23], Batch: 2560/2963, Loss: 222.684, Trans_L2_m: 0.330, Yaw_err_deg: 0.830
Epoch: [16/23], Batch: 2570/2963, Loss: 46.376, Trans_L2_m: 0.416, Yaw_err_deg: 0.857
Epoch: [16/23], Batch: 2580/2963, Loss: 58.472, Trans_L2_m: 0.359, Yaw_err_deg: 0.853
Epoch: [16/23], Batch: 2590/2963, Loss: 50.750, Trans_L2_m: 0.448, Yaw_err_deg: 0.802
Epoch: [16/23], Batch: 2600/2963, Loss: 44.471, Trans_L2_m: 0.377, Yaw_err_deg: 0.708
Epoch: [16/23], Batch: 2610/2963, Loss: 48.289, Trans_L2_m: 0.386, Yaw_err_deg: 0.805
Epoch: [16/23], Batch: 2620/2963, Loss: 56.541, Trans_L2_m: 0.501, Yaw_err_deg: 0.807
Epoch: [16/23], Batch: 2630/2963, Loss: 53.134, Trans_L2_m: 0.381, Yaw_err_deg: 1.129
Epoch: [16/23], Batch: 2640/2963, Loss: 56.275, Trans_L2_m: 0.396, Yaw_err_deg: 1.208
Epoch: [16/23], Batch: 2650/2963, Loss: 52.663, Trans_L2_m: 0.445, Yaw_err_deg: 0.931
Epoch: [16/23], Batch: 2660/2963, Loss: 50.989, Trans_L2_m: 0.471, Yaw_err_deg: 0.794
Epoch: [16/23], Batch: 2670/2963, Loss: 50.163, Trans_L2_m: 0.437, Yaw_err_deg: 0.699
Epoch: [16/23], Batch: 2680/2963, Loss: 46.737, Trans_L2_m: 0.388, Yaw_err_deg: 1.055
Epoch: [16/23], Batch: 2690/2963, Loss: 55.687, Trans_L2_m: 0.429, Yaw_err_deg: 0.988
Epoch: [16/23], Batch: 2700/2963, Loss: 50.378, Trans_L2_m: 0.474, Yaw_err_deg: 0.853
Epoch: [16/23], Batch: 2710/2963, Loss: 41.242, Trans_L2_m: 0.405, Yaw_err_deg: 0.666
Epoch: [16/23], Batch: 2720/2963, Loss: 47.294, Trans_L2_m: 0.390, Yaw_err_deg: 0.903
Epoch: [16/23], Batch: 2730/2963, Loss: 49.220, Trans_L2_m: 0.459, Yaw_err_deg: 0.541
Epoch: [16/23], Batch: 2740/2963, Loss: 47.383, Trans_L2_m: 0.362, Yaw_err_deg: 0.753
Epoch: [16/23], Batch: 2750/2963, Loss: 47.517, Trans_L2_m: 0.379, Yaw_err_deg: 0.668
Epoch: [16/23], Batch: 2760/2963, Loss: 48.434, Trans_L2_m: 0.472, Yaw_err_deg: 0.856
Epoch: [16/23], Batch: 2770/2963, Loss: 53.901, Trans_L2_m: 0.379, Yaw_err_deg: 1.034
Epoch: [16/23], Batch: 2780/2963, Loss: 49.489, Trans_L2_m: 0.381, Yaw_err_deg: 0.970
Epoch: [16/23], Batch: 2790/2963, Loss: 48.038, Trans_L2_m: 0.457, Yaw_err_deg: 0.867
Epoch: [16/23], Batch: 2800/2963, Loss: 46.191, Trans_L2_m: 0.331, Yaw_err_deg: 0.455
Epoch: [16/23], Batch: 2810/2963, Loss: 46.067, Trans_L2_m: 0.419, Yaw_err_deg: 0.688
Epoch: [16/23], Batch: 2820/2963, Loss: 48.806, Trans_L2_m: 0.402, Yaw_err_deg: 0.749
Epoch: [16/23], Batch: 2830/2963, Loss: 39.158, Trans_L2_m: 0.343, Yaw_err_deg: 0.564
Epoch: [16/23], Batch: 2840/2963, Loss: 51.485, Trans_L2_m: 0.392, Yaw_err_deg: 0.918
Epoch: [16/23], Batch: 2850/2963, Loss: 54.571, Trans_L2_m: 0.370, Yaw_err_deg: 1.152
Epoch: [16/23], Batch: 2860/2963, Loss: 49.554, Trans_L2_m: 0.317, Yaw_err_deg: 1.003
Epoch: [16/23], Batch: 2870/2963, Loss: 46.128, Trans_L2_m: 0.381, Yaw_err_deg: 0.587
Epoch: [16/23], Batch: 2880/2963, Loss: 48.120, Trans_L2_m: 0.487, Yaw_err_deg: 0.640
Epoch: [16/23], Batch: 2890/2963, Loss: 47.709, Trans_L2_m: 0.368, Yaw_err_deg: 0.690
Epoch: [16/23], Batch: 2900/2963, Loss: 47.334, Trans_L2_m: 0.388, Yaw_err_deg: 0.770
Epoch: [16/23], Batch: 2910/2963, Loss: 55.225, Trans_L2_m: 0.436, Yaw_err_deg: 1.028
Epoch: [16/23], Batch: 2920/2963, Loss: 55.492, Trans_L2_m: 0.401, Yaw_err_deg: 0.440
Epoch: [16/23], Batch: 2930/2963, Loss: 55.968, Trans_L2_m: 0.561, Yaw_err_deg: 0.820
Epoch: [16/23], Batch: 2940/2963, Loss: 43.188, Trans_L2_m: 0.379, Yaw_err_deg: 0.778
Epoch: [16/23], Batch: 2950/2963, Loss: 44.378, Trans_L2_m: 0.413, Yaw_err_deg: 0.602
Epoch: [16/23], Batch: 2960/2963, Loss: 52.649, Trans_L2_m: 0.508, Yaw_err_deg: 0.652
Epoch: [17/23], Batch: 0/2963, Loss: 47.965, Trans_L2_m: 0.435, Yaw_err_deg: 0.582
Epoch: [17/23], Batch: 10/2963, Loss: 43.101, Trans_L2_m: 0.394, Yaw_err_deg: 0.643
Epoch: [17/23], Batch: 20/2963, Loss: 43.175, Trans_L2_m: 0.426, Yaw_err_deg: 0.484
Epoch: [17/23], Batch: 30/2963, Loss: 50.562, Trans_L2_m: 0.447, Yaw_err_deg: 0.601
Epoch: [17/23], Batch: 40/2963, Loss: 75.283, Trans_L2_m: 0.417, Yaw_err_deg: 1.660
Epoch: [17/23], Batch: 50/2963, Loss: 51.961, Trans_L2_m: 0.419, Yaw_err_deg: 0.825
Epoch: [17/23], Batch: 60/2963, Loss: 48.582, Trans_L2_m: 0.340, Yaw_err_deg: 0.736
Epoch: [17/23], Batch: 70/2963, Loss: 48.710, Trans_L2_m: 0.411, Yaw_err_deg: 0.902
Epoch: [17/23], Batch: 80/2963, Loss: 46.662, Trans_L2_m: 0.288, Yaw_err_deg: 0.920
Epoch: [17/23], Batch: 90/2963, Loss: 40.404, Trans_L2_m: 0.453, Yaw_err_deg: 0.692
Epoch: [17/23], Batch: 100/2963, Loss: 47.462, Trans_L2_m: 0.321, Yaw_err_deg: 0.948
Epoch: [17/23], Batch: 110/2963, Loss: 51.713, Trans_L2_m: 0.428, Yaw_err_deg: 0.927
Epoch: [17/23], Batch: 120/2963, Loss: 48.261, Trans_L2_m: 0.501, Yaw_err_deg: 0.757
Epoch: [17/23], Batch: 130/2963, Loss: 46.206, Trans_L2_m: 0.372, Yaw_err_deg: 0.542
Epoch: [17/23], Batch: 140/2963, Loss: 47.140, Trans_L2_m: 0.349, Yaw_err_deg: 0.683
Epoch: [17/23], Batch: 150/2963, Loss: 41.606, Trans_L2_m: 0.353, Yaw_err_deg: 0.626
Epoch: [17/23], Batch: 160/2963, Loss: 52.295, Trans_L2_m: 0.421, Yaw_err_deg: 0.935
Epoch: [17/23], Batch: 170/2963, Loss: 51.947, Trans_L2_m: 0.396, Yaw_err_deg: 1.069
Epoch: [17/23], Batch: 180/2963, Loss: 47.653, Trans_L2_m: 0.303, Yaw_err_deg: 1.107
Epoch: [17/23], Batch: 190/2963, Loss: 51.437, Trans_L2_m: 0.493, Yaw_err_deg: 1.003
Epoch: [17/23], Batch: 200/2963, Loss: 51.007, Trans_L2_m: 0.491, Yaw_err_deg: 0.711
Epoch: [17/23], Batch: 210/2963, Loss: 45.639, Trans_L2_m: 0.330, Yaw_err_deg: 0.904
Epoch: [17/23], Batch: 220/2963, Loss: 52.307, Trans_L2_m: 0.448, Yaw_err_deg: 0.742
Epoch: [17/23], Batch: 230/2963, Loss: 45.410, Trans_L2_m: 0.562, Yaw_err_deg: 0.510
Epoch: [17/23], Batch: 240/2963, Loss: 52.468, Trans_L2_m: 0.454, Yaw_err_deg: 0.895
Epoch: [17/23], Batch: 250/2963, Loss: 54.988, Trans_L2_m: 0.528, Yaw_err_deg: 0.768
Epoch: [17/23], Batch: 260/2963, Loss: 55.803, Trans_L2_m: 0.509, Yaw_err_deg: 1.165
Epoch: [17/23], Batch: 270/2963, Loss: 45.905, Trans_L2_m: 0.439, Yaw_err_deg: 0.518
Epoch: [17/23], Batch: 280/2963, Loss: 42.229, Trans_L2_m: 0.237, Yaw_err_deg: 0.958
Epoch: [17/23], Batch: 290/2963, Loss: 46.334, Trans_L2_m: 0.453, Yaw_err_deg: 0.568
Epoch: [17/23], Batch: 300/2963, Loss: 47.744, Trans_L2_m: 0.411, Yaw_err_deg: 0.809
Epoch: [17/23], Batch: 310/2963, Loss: 42.549, Trans_L2_m: 0.446, Yaw_err_deg: 0.557
Epoch: [17/23], Batch: 320/2963, Loss: 43.222, Trans_L2_m: 0.367, Yaw_err_deg: 0.594
Epoch: [17/23], Batch: 330/2963, Loss: 44.312, Trans_L2_m: 0.353, Yaw_err_deg: 0.642
Epoch: [17/23], Batch: 340/2963, Loss: 44.213, Trans_L2_m: 0.238, Yaw_err_deg: 0.746
Epoch: [17/23], Batch: 350/2963, Loss: 53.994, Trans_L2_m: 0.396, Yaw_err_deg: 1.029
Epoch: [17/23], Batch: 360/2963, Loss: 45.854, Trans_L2_m: 0.414, Yaw_err_deg: 0.644
Epoch: [17/23], Batch: 370/2963, Loss: 47.497, Trans_L2_m: 0.342, Yaw_err_deg: 0.685
Epoch: [17/23], Batch: 380/2963, Loss: 45.943, Trans_L2_m: 0.365, Yaw_err_deg: 0.861
Epoch: [17/23], Batch: 390/2963, Loss: 50.753, Trans_L2_m: 0.407, Yaw_err_deg: 0.838
Epoch: [17/23], Batch: 400/2963, Loss: 56.103, Trans_L2_m: 0.311, Yaw_err_deg: 0.843
Epoch: [17/23], Batch: 410/2963, Loss: 49.382, Trans_L2_m: 0.445, Yaw_err_deg: 0.672
Epoch: [17/23], Batch: 420/2963, Loss: 50.470, Trans_L2_m: 0.269, Yaw_err_deg: 0.752
Epoch: [17/23], Batch: 430/2963, Loss: 51.782, Trans_L2_m: 0.334, Yaw_err_deg: 0.892
Epoch: [17/23], Batch: 440/2963, Loss: 49.783, Trans_L2_m: 0.467, Yaw_err_deg: 0.592
Epoch: [17/23], Batch: 450/2963, Loss: 45.316, Trans_L2_m: 0.377, Yaw_err_deg: 0.679
Epoch: [17/23], Batch: 460/2963, Loss: 56.602, Trans_L2_m: 0.475, Yaw_err_deg: 1.087
Epoch: [17/23], Batch: 470/2963, Loss: 45.874, Trans_L2_m: 0.402, Yaw_err_deg: 0.730
Epoch: [17/23], Batch: 480/2963, Loss: 47.535, Trans_L2_m: 0.426, Yaw_err_deg: 0.721
Epoch: [17/23], Batch: 490/2963, Loss: 52.642, Trans_L2_m: 0.454, Yaw_err_deg: 0.820
Epoch: [17/23], Batch: 500/2963, Loss: 54.018, Trans_L2_m: 0.492, Yaw_err_deg: 0.791
Epoch: [17/23], Batch: 510/2963, Loss: 47.093, Trans_L2_m: 0.486, Yaw_err_deg: 0.460
Epoch: [17/23], Batch: 520/2963, Loss: 38.784, Trans_L2_m: 0.301, Yaw_err_deg: 0.347
Epoch: [17/23], Batch: 530/2963, Loss: 45.544, Trans_L2_m: 0.414, Yaw_err_deg: 0.627
Epoch: [17/23], Batch: 540/2963, Loss: 43.056, Trans_L2_m: 0.308, Yaw_err_deg: 0.601
Epoch: [17/23], Batch: 550/2963, Loss: 50.164, Trans_L2_m: 0.468, Yaw_err_deg: 0.662
Epoch: [17/23], Batch: 560/2963, Loss: 46.206, Trans_L2_m: 0.238, Yaw_err_deg: 0.935
Epoch: [17/23], Batch: 570/2963, Loss: 48.671, Trans_L2_m: 0.366, Yaw_err_deg: 0.895
Epoch: [17/23], Batch: 580/2963, Loss: 45.171, Trans_L2_m: 0.391, Yaw_err_deg: 0.717
Epoch: [17/23], Batch: 590/2963, Loss: 41.922, Trans_L2_m: 0.390, Yaw_err_deg: 0.533
Epoch: [17/23], Batch: 600/2963, Loss: 43.144, Trans_L2_m: 0.345, Yaw_err_deg: 0.847
Epoch: [17/23], Batch: 610/2963, Loss: 53.981, Trans_L2_m: 0.497, Yaw_err_deg: 1.007
Epoch: [17/23], Batch: 620/2963, Loss: 69.917, Trans_L2_m: 0.486, Yaw_err_deg: 1.272
Epoch: [17/23], Batch: 630/2963, Loss: 41.718, Trans_L2_m: 0.346, Yaw_err_deg: 0.520
Epoch: [17/23], Batch: 640/2963, Loss: 54.124, Trans_L2_m: 0.386, Yaw_err_deg: 1.341
Epoch: [17/23], Batch: 650/2963, Loss: 50.069, Trans_L2_m: 0.318, Yaw_err_deg: 1.266
Epoch: [17/23], Batch: 660/2963, Loss: 41.770, Trans_L2_m: 0.351, Yaw_err_deg: 0.703
Epoch: [17/23], Batch: 670/2963, Loss: 47.430, Trans_L2_m: 0.388, Yaw_err_deg: 0.808
Epoch: [17/23], Batch: 680/2963, Loss: 47.316, Trans_L2_m: 0.376, Yaw_err_deg: 0.644
Epoch: [17/23], Batch: 690/2963, Loss: 45.627, Trans_L2_m: 0.333, Yaw_err_deg: 0.783
Epoch: [17/23], Batch: 700/2963, Loss: 42.683, Trans_L2_m: 0.355, Yaw_err_deg: 0.607
Epoch: [17/23], Batch: 710/2963, Loss: 50.572, Trans_L2_m: 0.476, Yaw_err_deg: 0.649
Epoch: [17/23], Batch: 720/2963, Loss: 44.575, Trans_L2_m: 0.318, Yaw_err_deg: 0.615
Epoch: [17/23], Batch: 730/2963, Loss: 48.663, Trans_L2_m: 0.291, Yaw_err_deg: 1.287
Epoch: [17/23], Batch: 740/2963, Loss: 43.225, Trans_L2_m: 0.322, Yaw_err_deg: 0.642
Epoch: [17/23], Batch: 750/2963, Loss: 50.073, Trans_L2_m: 0.429, Yaw_err_deg: 0.409
Epoch: [17/23], Batch: 760/2963, Loss: 48.346, Trans_L2_m: 0.440, Yaw_err_deg: 0.575
Epoch: [17/23], Batch: 770/2963, Loss: 45.126, Trans_L2_m: 0.440, Yaw_err_deg: 0.765
Epoch: [17/23], Batch: 780/2963, Loss: 51.676, Trans_L2_m: 0.365, Yaw_err_deg: 0.689
Epoch: [17/23], Batch: 790/2963, Loss: 46.008, Trans_L2_m: 0.452, Yaw_err_deg: 0.756
Epoch: [17/23], Batch: 800/2963, Loss: 49.261, Trans_L2_m: 0.434, Yaw_err_deg: 0.691
Epoch: [17/23], Batch: 810/2963, Loss: 51.572, Trans_L2_m: 0.528, Yaw_err_deg: 0.739
Epoch: [17/23], Batch: 820/2963, Loss: 50.343, Trans_L2_m: 0.466, Yaw_err_deg: 0.679
Epoch: [17/23], Batch: 830/2963, Loss: 48.040, Trans_L2_m: 0.384, Yaw_err_deg: 0.838
Epoch: [17/23], Batch: 840/2963, Loss: 44.192, Trans_L2_m: 0.437, Yaw_err_deg: 0.719
Epoch: [17/23], Batch: 850/2963, Loss: 53.066, Trans_L2_m: 0.420, Yaw_err_deg: 1.023
Epoch: [17/23], Batch: 860/2963, Loss: 53.489, Trans_L2_m: 0.505, Yaw_err_deg: 1.068
Epoch: [17/23], Batch: 870/2963, Loss: 69.805, Trans_L2_m: 0.322, Yaw_err_deg: 1.634
Epoch: [17/23], Batch: 880/2963, Loss: 47.284, Trans_L2_m: 0.422, Yaw_err_deg: 0.770
Epoch: [17/23], Batch: 890/2963, Loss: 46.241, Trans_L2_m: 0.428, Yaw_err_deg: 0.638
Epoch: [17/23], Batch: 900/2963, Loss: 49.904, Trans_L2_m: 0.491, Yaw_err_deg: 0.854
Epoch: [17/23], Batch: 910/2963, Loss: 51.896, Trans_L2_m: 0.603, Yaw_err_deg: 0.679
Epoch: [17/23], Batch: 920/2963, Loss: 49.309, Trans_L2_m: 0.328, Yaw_err_deg: 0.837
Epoch: [17/23], Batch: 930/2963, Loss: 39.959, Trans_L2_m: 0.386, Yaw_err_deg: 0.453
Epoch: [17/23], Batch: 940/2963, Loss: 38.286, Trans_L2_m: 0.295, Yaw_err_deg: 0.440
Epoch: [17/23], Batch: 950/2963, Loss: 56.055, Trans_L2_m: 0.534, Yaw_err_deg: 0.837
Epoch: [17/23], Batch: 960/2963, Loss: 46.911, Trans_L2_m: 0.360, Yaw_err_deg: 0.878
Epoch: [17/23], Batch: 970/2963, Loss: 51.281, Trans_L2_m: 0.493, Yaw_err_deg: 0.838
Epoch: [17/23], Batch: 980/2963, Loss: 45.003, Trans_L2_m: 0.411, Yaw_err_deg: 0.692
Epoch: [17/23], Batch: 990/2963, Loss: 39.550, Trans_L2_m: 0.336, Yaw_err_deg: 0.506
Epoch: [17/23], Batch: 1000/2963, Loss: 56.439, Trans_L2_m: 0.617, Yaw_err_deg: 0.760
Epoch: [17/23], Batch: 1010/2963, Loss: 49.466, Trans_L2_m: 0.367, Yaw_err_deg: 0.930
Epoch: [17/23], Batch: 1020/2963, Loss: 57.421, Trans_L2_m: 0.489, Yaw_err_deg: 1.234
Epoch: [17/23], Batch: 1030/2963, Loss: 46.975, Trans_L2_m: 0.484, Yaw_err_deg: 0.686
Epoch: [17/23], Batch: 1040/2963, Loss: 53.935, Trans_L2_m: 0.483, Yaw_err_deg: 0.776
Epoch: [17/23], Batch: 1050/2963, Loss: 47.895, Trans_L2_m: 0.385, Yaw_err_deg: 0.765
Epoch: [17/23], Batch: 1060/2963, Loss: 53.240, Trans_L2_m: 0.364, Yaw_err_deg: 0.563
Epoch: [17/23], Batch: 1070/2963, Loss: 57.751, Trans_L2_m: 0.538, Yaw_err_deg: 0.926
Epoch: [17/23], Batch: 1080/2963, Loss: 40.115, Trans_L2_m: 0.341, Yaw_err_deg: 0.842
Epoch: [17/23], Batch: 1090/2963, Loss: 45.360, Trans_L2_m: 0.436, Yaw_err_deg: 0.832
Epoch: [17/23], Batch: 1100/2963, Loss: 48.778, Trans_L2_m: 0.420, Yaw_err_deg: 0.905
Epoch: [17/23], Batch: 1110/2963, Loss: 49.010, Trans_L2_m: 0.442, Yaw_err_deg: 0.529
Epoch: [17/23], Batch: 1120/2963, Loss: 46.226, Trans_L2_m: 0.322, Yaw_err_deg: 0.630
Epoch: [17/23], Batch: 1130/2963, Loss: 41.964, Trans_L2_m: 0.323, Yaw_err_deg: 0.768
Epoch: [17/23], Batch: 1140/2963, Loss: 41.375, Trans_L2_m: 0.291, Yaw_err_deg: 0.477
Epoch: [17/23], Batch: 1150/2963, Loss: 42.773, Trans_L2_m: 0.320, Yaw_err_deg: 0.632
Epoch: [17/23], Batch: 1160/2963, Loss: 47.261, Trans_L2_m: 0.380, Yaw_err_deg: 0.833
Epoch: [17/23], Batch: 1170/2963, Loss: 40.983, Trans_L2_m: 0.391, Yaw_err_deg: 0.625
Epoch: [17/23], Batch: 1180/2963, Loss: 46.569, Trans_L2_m: 0.403, Yaw_err_deg: 0.700
Epoch: [17/23], Batch: 1190/2963, Loss: 52.619, Trans_L2_m: 0.399, Yaw_err_deg: 1.099
Epoch: [17/23], Batch: 1200/2963, Loss: 44.398, Trans_L2_m: 0.415, Yaw_err_deg: 0.698
Epoch: [17/23], Batch: 1210/2963, Loss: 51.473, Trans_L2_m: 0.424, Yaw_err_deg: 1.011
Epoch: [17/23], Batch: 1220/2963, Loss: 44.355, Trans_L2_m: 0.294, Yaw_err_deg: 0.995
Epoch: [17/23], Batch: 1230/2963, Loss: 45.443, Trans_L2_m: 0.236, Yaw_err_deg: 0.931
Epoch: [17/23], Batch: 1240/2963, Loss: 47.325, Trans_L2_m: 0.335, Yaw_err_deg: 0.962
Epoch: [17/23], Batch: 1250/2963, Loss: 48.089, Trans_L2_m: 0.493, Yaw_err_deg: 0.680
Epoch: [17/23], Batch: 1260/2963, Loss: 45.469, Trans_L2_m: 0.352, Yaw_err_deg: 0.685
Epoch: [17/23], Batch: 1270/2963, Loss: 47.919, Trans_L2_m: 0.361, Yaw_err_deg: 0.774
Epoch: [17/23], Batch: 1280/2963, Loss: 43.501, Trans_L2_m: 0.386, Yaw_err_deg: 0.542
Epoch: [17/23], Batch: 1290/2963, Loss: 56.130, Trans_L2_m: 0.561, Yaw_err_deg: 0.751
Epoch: [17/23], Batch: 1300/2963, Loss: 43.511, Trans_L2_m: 0.367, Yaw_err_deg: 0.498
Epoch: [17/23], Batch: 1310/2963, Loss: 39.275, Trans_L2_m: 0.359, Yaw_err_deg: 0.542
Epoch: [17/23], Batch: 1320/2963, Loss: 70.412, Trans_L2_m: 0.509, Yaw_err_deg: 1.023
Epoch: [17/23], Batch: 1330/2963, Loss: 51.774, Trans_L2_m: 0.357, Yaw_err_deg: 0.801
Epoch: [17/23], Batch: 1340/2963, Loss: 50.858, Trans_L2_m: 0.372, Yaw_err_deg: 0.708
Epoch: [17/23], Batch: 1350/2963, Loss: 42.821, Trans_L2_m: 0.366, Yaw_err_deg: 0.550
Epoch: [17/23], Batch: 1360/2963, Loss: 50.884, Trans_L2_m: 0.423, Yaw_err_deg: 0.663
Epoch: [17/23], Batch: 1370/2963, Loss: 64.640, Trans_L2_m: 0.520, Yaw_err_deg: 1.118
Epoch: [17/23], Batch: 1380/2963, Loss: 42.028, Trans_L2_m: 0.362, Yaw_err_deg: 0.650
Epoch: [17/23], Batch: 1390/2963, Loss: 42.132, Trans_L2_m: 0.332, Yaw_err_deg: 0.497
Epoch: [17/23], Batch: 1400/2963, Loss: 50.399, Trans_L2_m: 0.305, Yaw_err_deg: 0.829
Epoch: [17/23], Batch: 1410/2963, Loss: 54.878, Trans_L2_m: 0.383, Yaw_err_deg: 0.943
Epoch: [17/23], Batch: 1420/2963, Loss: 47.873, Trans_L2_m: 0.450, Yaw_err_deg: 0.563
Epoch: [17/23], Batch: 1430/2963, Loss: 46.625, Trans_L2_m: 0.433, Yaw_err_deg: 0.534
Epoch: [17/23], Batch: 1440/2963, Loss: 47.775, Trans_L2_m: 0.418, Yaw_err_deg: 0.452
Epoch: [17/23], Batch: 1450/2963, Loss: 38.961, Trans_L2_m: 0.349, Yaw_err_deg: 0.510
Epoch: [17/23], Batch: 1460/2963, Loss: 42.612, Trans_L2_m: 0.288, Yaw_err_deg: 0.572
Epoch: [17/23], Batch: 1470/2963, Loss: 46.817, Trans_L2_m: 0.265, Yaw_err_deg: 0.923
Epoch: [17/23], Batch: 1480/2963, Loss: 84.442, Trans_L2_m: 0.346, Yaw_err_deg: 2.081
Epoch: [17/23], Batch: 1490/2963, Loss: 52.901, Trans_L2_m: 0.429, Yaw_err_deg: 1.170
Epoch: [17/23], Batch: 1500/2963, Loss: 51.662, Trans_L2_m: 0.433, Yaw_err_deg: 1.218
Epoch: [17/23], Batch: 1510/2963, Loss: 52.815, Trans_L2_m: 0.283, Yaw_err_deg: 0.965
Epoch: [17/23], Batch: 1520/2963, Loss: 41.223, Trans_L2_m: 0.274, Yaw_err_deg: 0.623
Epoch: [17/23], Batch: 1530/2963, Loss: 42.044, Trans_L2_m: 0.420, Yaw_err_deg: 0.859
Epoch: [17/23], Batch: 1540/2963, Loss: 49.901, Trans_L2_m: 0.257, Yaw_err_deg: 1.260
Epoch: [17/23], Batch: 1550/2963, Loss: 49.052, Trans_L2_m: 0.326, Yaw_err_deg: 0.941
Epoch: [17/23], Batch: 1560/2963, Loss: 48.661, Trans_L2_m: 0.410, Yaw_err_deg: 0.707
Epoch: [17/23], Batch: 1570/2963, Loss: 45.674, Trans_L2_m: 0.251, Yaw_err_deg: 0.703
Epoch: [17/23], Batch: 1580/2963, Loss: 174.740, Trans_L2_m: 0.503, Yaw_err_deg: 1.857
Epoch: [17/23], Batch: 1590/2963, Loss: 47.102, Trans_L2_m: 0.426, Yaw_err_deg: 0.774
Epoch: [17/23], Batch: 1600/2963, Loss: 45.039, Trans_L2_m: 0.466, Yaw_err_deg: 0.683
Epoch: [17/23], Batch: 1610/2963, Loss: 49.509, Trans_L2_m: 0.355, Yaw_err_deg: 0.537
Epoch: [17/23], Batch: 1620/2963, Loss: 53.705, Trans_L2_m: 0.442, Yaw_err_deg: 0.896
Epoch: [17/23], Batch: 1630/2963, Loss: 43.993, Trans_L2_m: 0.412, Yaw_err_deg: 0.742
Epoch: [17/23], Batch: 1640/2963, Loss: 50.144, Trans_L2_m: 0.482, Yaw_err_deg: 0.816
Epoch: [17/23], Batch: 1650/2963, Loss: 40.031, Trans_L2_m: 0.362, Yaw_err_deg: 0.625
Epoch: [17/23], Batch: 1660/2963, Loss: 50.265, Trans_L2_m: 0.511, Yaw_err_deg: 0.746
Epoch: [17/23], Batch: 1670/2963, Loss: 46.282, Trans_L2_m: 0.522, Yaw_err_deg: 0.483
Epoch: [17/23], Batch: 1680/2963, Loss: 49.258, Trans_L2_m: 0.424, Yaw_err_deg: 0.522
Epoch: [17/23], Batch: 1690/2963, Loss: 39.923, Trans_L2_m: 0.433, Yaw_err_deg: 0.438
Epoch: [17/23], Batch: 1700/2963, Loss: 42.459, Trans_L2_m: 0.243, Yaw_err_deg: 0.604
Epoch: [17/23], Batch: 1710/2963, Loss: 46.063, Trans_L2_m: 0.363, Yaw_err_deg: 0.662
Epoch: [17/23], Batch: 1720/2963, Loss: 51.199, Trans_L2_m: 0.376, Yaw_err_deg: 0.909
Epoch: [17/23], Batch: 1730/2963, Loss: 47.546, Trans_L2_m: 0.455, Yaw_err_deg: 0.626
Epoch: [17/23], Batch: 1740/2963, Loss: 41.927, Trans_L2_m: 0.310, Yaw_err_deg: 0.550
Epoch: [17/23], Batch: 1750/2963, Loss: 44.918, Trans_L2_m: 0.370, Yaw_err_deg: 0.741
Epoch: [17/23], Batch: 1760/2963, Loss: 49.759, Trans_L2_m: 0.434, Yaw_err_deg: 0.849
Epoch: [17/23], Batch: 1770/2963, Loss: 57.056, Trans_L2_m: 0.333, Yaw_err_deg: 0.729
Epoch: [17/23], Batch: 1780/2963, Loss: 41.147, Trans_L2_m: 0.375, Yaw_err_deg: 0.447
Epoch: [17/23], Batch: 1790/2963, Loss: 46.024, Trans_L2_m: 0.366, Yaw_err_deg: 0.676
Epoch: [17/23], Batch: 1800/2963, Loss: 51.441, Trans_L2_m: 0.326, Yaw_err_deg: 0.827
Epoch: [17/23], Batch: 1810/2963, Loss: 45.985, Trans_L2_m: 0.487, Yaw_err_deg: 0.802
Epoch: [17/23], Batch: 1820/2963, Loss: 53.304, Trans_L2_m: 0.336, Yaw_err_deg: 0.975
Epoch: [17/23], Batch: 1830/2963, Loss: 45.139, Trans_L2_m: 0.363, Yaw_err_deg: 0.638
Epoch: [17/23], Batch: 1840/2963, Loss: 39.495, Trans_L2_m: 0.388, Yaw_err_deg: 0.509
Epoch: [17/23], Batch: 1850/2963, Loss: 40.723, Trans_L2_m: 0.368, Yaw_err_deg: 0.578
Epoch: [17/23], Batch: 1860/2963, Loss: 45.748, Trans_L2_m: 0.384, Yaw_err_deg: 0.666
Epoch: [17/23], Batch: 1870/2963, Loss: 41.058, Trans_L2_m: 0.328, Yaw_err_deg: 0.896
Epoch: [17/23], Batch: 1880/2963, Loss: 49.790, Trans_L2_m: 0.555, Yaw_err_deg: 0.636
Epoch: [17/23], Batch: 1890/2963, Loss: 66.803, Trans_L2_m: 0.444, Yaw_err_deg: 0.862
Epoch: [17/23], Batch: 1900/2963, Loss: 43.478, Trans_L2_m: 0.440, Yaw_err_deg: 0.504
Epoch: [17/23], Batch: 1910/2963, Loss: 52.751, Trans_L2_m: 0.327, Yaw_err_deg: 0.939
Epoch: [17/23], Batch: 1920/2963, Loss: 41.467, Trans_L2_m: 0.442, Yaw_err_deg: 0.478
Epoch: [17/23], Batch: 1930/2963, Loss: 47.580, Trans_L2_m: 0.437, Yaw_err_deg: 0.721
Epoch: [17/23], Batch: 1940/2963, Loss: 48.975, Trans_L2_m: 0.306, Yaw_err_deg: 0.791
Epoch: [17/23], Batch: 1950/2963, Loss: 48.897, Trans_L2_m: 0.449, Yaw_err_deg: 0.604
Epoch: [17/23], Batch: 1960/2963, Loss: 73.398, Trans_L2_m: 0.279, Yaw_err_deg: 1.485
Epoch: [17/23], Batch: 1970/2963, Loss: 40.479, Trans_L2_m: 0.269, Yaw_err_deg: 0.305
Epoch: [17/23], Batch: 1980/2963, Loss: 44.732, Trans_L2_m: 0.535, Yaw_err_deg: 0.570
Epoch: [17/23], Batch: 1990/2963, Loss: 57.968, Trans_L2_m: 0.389, Yaw_err_deg: 0.966
Epoch: [17/23], Batch: 2000/2963, Loss: 52.562, Trans_L2_m: 0.368, Yaw_err_deg: 0.927
Epoch: [17/23], Batch: 2010/2963, Loss: 50.439, Trans_L2_m: 0.506, Yaw_err_deg: 0.482
Epoch: [17/23], Batch: 2020/2963, Loss: 52.111, Trans_L2_m: 0.363, Yaw_err_deg: 0.940
Epoch: [17/23], Batch: 2030/2963, Loss: 43.147, Trans_L2_m: 0.315, Yaw_err_deg: 0.886
Epoch: [17/23], Batch: 2040/2963, Loss: 51.854, Trans_L2_m: 0.448, Yaw_err_deg: 0.805
Epoch: [17/23], Batch: 2050/2963, Loss: 44.364, Trans_L2_m: 0.349, Yaw_err_deg: 0.725
Epoch: [17/23], Batch: 2060/2963, Loss: 51.825, Trans_L2_m: 0.314, Yaw_err_deg: 1.115
Epoch: [17/23], Batch: 2070/2963, Loss: 43.189, Trans_L2_m: 0.370, Yaw_err_deg: 0.798
Epoch: [17/23], Batch: 2080/2963, Loss: 42.864, Trans_L2_m: 0.261, Yaw_err_deg: 0.898
Epoch: [17/23], Batch: 2090/2963, Loss: 53.522, Trans_L2_m: 0.485, Yaw_err_deg: 0.897
Epoch: [17/23], Batch: 2100/2963, Loss: 48.837, Trans_L2_m: 0.459, Yaw_err_deg: 0.563
Epoch: [17/23], Batch: 2110/2963, Loss: 48.260, Trans_L2_m: 0.447, Yaw_err_deg: 0.900
Epoch: [17/23], Batch: 2120/2963, Loss: 51.736, Trans_L2_m: 0.274, Yaw_err_deg: 0.970
Epoch: [17/23], Batch: 2130/2963, Loss: 48.362, Trans_L2_m: 0.501, Yaw_err_deg: 0.739
Epoch: [17/23], Batch: 2140/2963, Loss: 44.116, Trans_L2_m: 0.340, Yaw_err_deg: 0.643
Epoch: [17/23], Batch: 2150/2963, Loss: 46.862, Trans_L2_m: 0.317, Yaw_err_deg: 0.618
Epoch: [17/23], Batch: 2160/2963, Loss: 43.635, Trans_L2_m: 0.386, Yaw_err_deg: 0.498
Epoch: [17/23], Batch: 2170/2963, Loss: 45.405, Trans_L2_m: 0.406, Yaw_err_deg: 0.865
Epoch: [17/23], Batch: 2180/2963, Loss: 61.456, Trans_L2_m: 0.332, Yaw_err_deg: 1.397
Epoch: [17/23], Batch: 2190/2963, Loss: 49.147, Trans_L2_m: 0.424, Yaw_err_deg: 0.636
Epoch: [17/23], Batch: 2200/2963, Loss: 43.682, Trans_L2_m: 0.368, Yaw_err_deg: 0.403
Epoch: [17/23], Batch: 2210/2963, Loss: 43.488, Trans_L2_m: 0.386, Yaw_err_deg: 0.610
Epoch: [17/23], Batch: 2220/2963, Loss: 45.011, Trans_L2_m: 0.392, Yaw_err_deg: 0.755
Epoch: [17/23], Batch: 2230/2963, Loss: 43.271, Trans_L2_m: 0.342, Yaw_err_deg: 0.577
Epoch: [17/23], Batch: 2240/2963, Loss: 45.801, Trans_L2_m: 0.402, Yaw_err_deg: 0.799
Epoch: [17/23], Batch: 2250/2963, Loss: 43.346, Trans_L2_m: 0.261, Yaw_err_deg: 0.483
Epoch: [17/23], Batch: 2260/2963, Loss: 58.564, Trans_L2_m: 0.403, Yaw_err_deg: 1.238
Epoch: [17/23], Batch: 2270/2963, Loss: 44.078, Trans_L2_m: 0.351, Yaw_err_deg: 0.653
Epoch: [17/23], Batch: 2280/2963, Loss: 48.941, Trans_L2_m: 0.378, Yaw_err_deg: 0.537
Epoch: [17/23], Batch: 2290/2963, Loss: 47.064, Trans_L2_m: 0.309, Yaw_err_deg: 0.739
Epoch: [17/23], Batch: 2300/2963, Loss: 57.416, Trans_L2_m: 0.408, Yaw_err_deg: 1.253
Epoch: [17/23], Batch: 2310/2963, Loss: 45.629, Trans_L2_m: 0.412, Yaw_err_deg: 0.845
Epoch: [17/23], Batch: 2320/2963, Loss: 44.858, Trans_L2_m: 0.310, Yaw_err_deg: 0.658
Epoch: [17/23], Batch: 2330/2963, Loss: 47.672, Trans_L2_m: 0.375, Yaw_err_deg: 0.731
Epoch: [17/23], Batch: 2340/2963, Loss: 49.314, Trans_L2_m: 0.315, Yaw_err_deg: 0.729
Epoch: [17/23], Batch: 2350/2963, Loss: 43.609, Trans_L2_m: 0.449, Yaw_err_deg: 0.538
Epoch: [17/23], Batch: 2360/2963, Loss: 46.519, Trans_L2_m: 0.415, Yaw_err_deg: 0.623
Epoch: [17/23], Batch: 2370/2963, Loss: 49.773, Trans_L2_m: 0.406, Yaw_err_deg: 0.596
Epoch: [17/23], Batch: 2380/2963, Loss: 44.312, Trans_L2_m: 0.329, Yaw_err_deg: 0.564
Epoch: [17/23], Batch: 2390/2963, Loss: 45.529, Trans_L2_m: 0.427, Yaw_err_deg: 0.511
Epoch: [17/23], Batch: 2400/2963, Loss: 45.069, Trans_L2_m: 0.349, Yaw_err_deg: 0.529
Epoch: [17/23], Batch: 2410/2963, Loss: 42.267, Trans_L2_m: 0.392, Yaw_err_deg: 0.541
Epoch: [17/23], Batch: 2420/2963, Loss: 42.959, Trans_L2_m: 0.375, Yaw_err_deg: 0.499
Epoch: [17/23], Batch: 2430/2963, Loss: 48.646, Trans_L2_m: 0.446, Yaw_err_deg: 0.505
Epoch: [17/23], Batch: 2440/2963, Loss: 49.385, Trans_L2_m: 0.513, Yaw_err_deg: 0.522
Epoch: [17/23], Batch: 2450/2963, Loss: 44.335, Trans_L2_m: 0.425, Yaw_err_deg: 0.559
Epoch: [17/23], Batch: 2460/2963, Loss: 47.463, Trans_L2_m: 0.365, Yaw_err_deg: 0.779
Epoch: [17/23], Batch: 2470/2963, Loss: 54.875, Trans_L2_m: 0.287, Yaw_err_deg: 1.089
Epoch: [17/23], Batch: 2480/2963, Loss: 43.685, Trans_L2_m: 0.373, Yaw_err_deg: 0.527
Epoch: [17/23], Batch: 2490/2963, Loss: 51.503, Trans_L2_m: 0.346, Yaw_err_deg: 0.795
Epoch: [17/23], Batch: 2500/2963, Loss: 41.146, Trans_L2_m: 0.349, Yaw_err_deg: 0.616
Epoch: [17/23], Batch: 2510/2963, Loss: 49.906, Trans_L2_m: 0.476, Yaw_err_deg: 0.877
Epoch: [17/23], Batch: 2520/2963, Loss: 40.056, Trans_L2_m: 0.452, Yaw_err_deg: 0.412
Epoch: [17/23], Batch: 2530/2963, Loss: 49.583, Trans_L2_m: 0.350, Yaw_err_deg: 1.102
Epoch: [17/23], Batch: 2540/2963, Loss: 51.210, Trans_L2_m: 0.477, Yaw_err_deg: 0.853
Epoch: [17/23], Batch: 2550/2963, Loss: 43.871, Trans_L2_m: 0.364, Yaw_err_deg: 0.481
Epoch: [17/23], Batch: 2560/2963, Loss: 50.827, Trans_L2_m: 0.386, Yaw_err_deg: 0.914
Epoch: [17/23], Batch: 2570/2963, Loss: 48.412, Trans_L2_m: 0.450, Yaw_err_deg: 0.677
Epoch: [17/23], Batch: 2580/2963, Loss: 44.323, Trans_L2_m: 0.377, Yaw_err_deg: 0.891
Epoch: [17/23], Batch: 2590/2963, Loss: 49.444, Trans_L2_m: 0.442, Yaw_err_deg: 0.855
Epoch: [17/23], Batch: 2600/2963, Loss: 54.519, Trans_L2_m: 0.372, Yaw_err_deg: 0.804
Epoch: [17/23], Batch: 2610/2963, Loss: 42.363, Trans_L2_m: 0.422, Yaw_err_deg: 0.539
Epoch: [17/23], Batch: 2620/2963, Loss: 52.630, Trans_L2_m: 0.382, Yaw_err_deg: 0.627
Epoch: [17/23], Batch: 2630/2963, Loss: 44.469, Trans_L2_m: 0.248, Yaw_err_deg: 0.866
Epoch: [17/23], Batch: 2640/2963, Loss: 46.691, Trans_L2_m: 0.365, Yaw_err_deg: 0.689
Epoch: [17/23], Batch: 2650/2963, Loss: 46.571, Trans_L2_m: 0.463, Yaw_err_deg: 0.519
Epoch: [17/23], Batch: 2660/2963, Loss: 53.795, Trans_L2_m: 0.575, Yaw_err_deg: 0.937
Epoch: [17/23], Batch: 2670/2963, Loss: 51.058, Trans_L2_m: 0.443, Yaw_err_deg: 0.972
Epoch: [17/23], Batch: 2680/2963, Loss: 41.916, Trans_L2_m: 0.432, Yaw_err_deg: 0.447
Epoch: [17/23], Batch: 2690/2963, Loss: 47.553, Trans_L2_m: 0.426, Yaw_err_deg: 0.718
Epoch: [17/23], Batch: 2700/2963, Loss: 42.770, Trans_L2_m: 0.418, Yaw_err_deg: 0.405
Epoch: [17/23], Batch: 2710/2963, Loss: 51.424, Trans_L2_m: 0.318, Yaw_err_deg: 1.063
Epoch: [17/23], Batch: 2720/2963, Loss: 55.108, Trans_L2_m: 0.430, Yaw_err_deg: 0.756
Epoch: [17/23], Batch: 2730/2963, Loss: 44.180, Trans_L2_m: 0.428, Yaw_err_deg: 0.665
Epoch: [17/23], Batch: 2740/2963, Loss: 43.967, Trans_L2_m: 0.300, Yaw_err_deg: 0.704
Epoch: [17/23], Batch: 2750/2963, Loss: 40.034, Trans_L2_m: 0.279, Yaw_err_deg: 0.412
Epoch: [17/23], Batch: 2760/2963, Loss: 51.030, Trans_L2_m: 0.230, Yaw_err_deg: 0.953
Epoch: [17/23], Batch: 2770/2963, Loss: 48.282, Trans_L2_m: 0.399, Yaw_err_deg: 0.470
Epoch: [17/23], Batch: 2780/2963, Loss: 48.105, Trans_L2_m: 0.413, Yaw_err_deg: 0.622
Epoch: [17/23], Batch: 2790/2963, Loss: 47.065, Trans_L2_m: 0.379, Yaw_err_deg: 1.012
Epoch: [17/23], Batch: 2800/2963, Loss: 49.689, Trans_L2_m: 0.479, Yaw_err_deg: 0.537
Epoch: [17/23], Batch: 2810/2963, Loss: 44.674, Trans_L2_m: 0.385, Yaw_err_deg: 0.470
Epoch: [17/23], Batch: 2820/2963, Loss: 40.725, Trans_L2_m: 0.235, Yaw_err_deg: 0.736
Epoch: [17/23], Batch: 2830/2963, Loss: 42.898, Trans_L2_m: 0.364, Yaw_err_deg: 0.690
Epoch: [17/23], Batch: 2840/2963, Loss: 45.863, Trans_L2_m: 0.376, Yaw_err_deg: 0.423
Epoch: [17/23], Batch: 2850/2963, Loss: 43.530, Trans_L2_m: 0.283, Yaw_err_deg: 0.711
Epoch: [17/23], Batch: 2860/2963, Loss: 56.419, Trans_L2_m: 0.575, Yaw_err_deg: 0.899
Epoch: [17/23], Batch: 2870/2963, Loss: 46.743, Trans_L2_m: 0.367, Yaw_err_deg: 1.100
Epoch: [17/23], Batch: 2880/2963, Loss: 56.601, Trans_L2_m: 0.305, Yaw_err_deg: 1.172
Epoch: [17/23], Batch: 2890/2963, Loss: 44.126, Trans_L2_m: 0.400, Yaw_err_deg: 0.712
Epoch: [17/23], Batch: 2900/2963, Loss: 39.725, Trans_L2_m: 0.421, Yaw_err_deg: 0.580
Epoch: [17/23], Batch: 2910/2963, Loss: 55.218, Trans_L2_m: 0.407, Yaw_err_deg: 0.800
Epoch: [17/23], Batch: 2920/2963, Loss: 51.115, Trans_L2_m: 0.331, Yaw_err_deg: 1.174
Epoch: [17/23], Batch: 2930/2963, Loss: 49.066, Trans_L2_m: 0.408, Yaw_err_deg: 0.638
Epoch: [17/23], Batch: 2940/2963, Loss: 43.813, Trans_L2_m: 0.323, Yaw_err_deg: 0.686
Epoch: [17/23], Batch: 2950/2963, Loss: 52.529, Trans_L2_m: 0.399, Yaw_err_deg: 0.577
Epoch: [17/23], Batch: 2960/2963, Loss: 43.999, Trans_L2_m: 0.385, Yaw_err_deg: 0.451
Validation loss (homography): 883.2102
Avg batch time: 990.46 ms, total: 321.136 s
[1;91mVal has no improvement vs 822.2456665039062![0m
Epoch: [18/23], Batch: 0/2963, Loss: 41.876, Trans_L2_m: 0.381, Yaw_err_deg: 0.520
Epoch: [18/23], Batch: 10/2963, Loss: 44.971, Trans_L2_m: 0.415, Yaw_err_deg: 0.470
Epoch: [18/23], Batch: 20/2963, Loss: 51.802, Trans_L2_m: 0.499, Yaw_err_deg: 1.060
Epoch: [18/23], Batch: 30/2963, Loss: 47.321, Trans_L2_m: 0.380, Yaw_err_deg: 0.590
Epoch: [18/23], Batch: 40/2963, Loss: 55.467, Trans_L2_m: 0.469, Yaw_err_deg: 1.138
Epoch: [18/23], Batch: 50/2963, Loss: 48.766, Trans_L2_m: 0.405, Yaw_err_deg: 0.674
Epoch: [18/23], Batch: 60/2963, Loss: 46.273, Trans_L2_m: 0.430, Yaw_err_deg: 0.658
Epoch: [18/23], Batch: 70/2963, Loss: 53.584, Trans_L2_m: 0.300, Yaw_err_deg: 0.647
Epoch: [18/23], Batch: 80/2963, Loss: 40.039, Trans_L2_m: 0.349, Yaw_err_deg: 0.432
Epoch: [18/23], Batch: 90/2963, Loss: 53.814, Trans_L2_m: 0.464, Yaw_err_deg: 0.784
Epoch: [18/23], Batch: 100/2963, Loss: 41.718, Trans_L2_m: 0.318, Yaw_err_deg: 0.605
Epoch: [18/23], Batch: 110/2963, Loss: 39.436, Trans_L2_m: 0.323, Yaw_err_deg: 0.455
Epoch: [18/23], Batch: 120/2963, Loss: 39.478, Trans_L2_m: 0.365, Yaw_err_deg: 0.627
Epoch: [18/23], Batch: 130/2963, Loss: 46.601, Trans_L2_m: 0.515, Yaw_err_deg: 0.515
Epoch: [18/23], Batch: 140/2963, Loss: 48.969, Trans_L2_m: 0.446, Yaw_err_deg: 0.715
Epoch: [18/23], Batch: 150/2963, Loss: 54.767, Trans_L2_m: 0.290, Yaw_err_deg: 0.931
Epoch: [18/23], Batch: 160/2963, Loss: 40.898, Trans_L2_m: 0.362, Yaw_err_deg: 0.476
Epoch: [18/23], Batch: 170/2963, Loss: 45.170, Trans_L2_m: 0.404, Yaw_err_deg: 0.721
Epoch: [18/23], Batch: 180/2963, Loss: 46.304, Trans_L2_m: 0.422, Yaw_err_deg: 0.751
Epoch: [18/23], Batch: 190/2963, Loss: 52.092, Trans_L2_m: 0.404, Yaw_err_deg: 0.848
Epoch: [18/23], Batch: 200/2963, Loss: 41.281, Trans_L2_m: 0.294, Yaw_err_deg: 0.544
Epoch: [18/23], Batch: 210/2963, Loss: 46.186, Trans_L2_m: 0.392, Yaw_err_deg: 0.541
Epoch: [18/23], Batch: 220/2963, Loss: 63.982, Trans_L2_m: 0.369, Yaw_err_deg: 1.124
Epoch: [18/23], Batch: 230/2963, Loss: 49.764, Trans_L2_m: 0.510, Yaw_err_deg: 0.623
Epoch: [18/23], Batch: 240/2963, Loss: 42.459, Trans_L2_m: 0.376, Yaw_err_deg: 0.600
Epoch: [18/23], Batch: 250/2963, Loss: 38.168, Trans_L2_m: 0.343, Yaw_err_deg: 0.516
Epoch: [18/23], Batch: 260/2963, Loss: 44.074, Trans_L2_m: 0.336, Yaw_err_deg: 0.641
Epoch: [18/23], Batch: 270/2963, Loss: 53.294, Trans_L2_m: 0.342, Yaw_err_deg: 0.756
Epoch: [18/23], Batch: 280/2963, Loss: 50.394, Trans_L2_m: 0.427, Yaw_err_deg: 0.599
Epoch: [18/23], Batch: 290/2963, Loss: 54.113, Trans_L2_m: 0.468, Yaw_err_deg: 0.950
Epoch: [18/23], Batch: 300/2963, Loss: 44.718, Trans_L2_m: 0.304, Yaw_err_deg: 0.476
Epoch: [18/23], Batch: 310/2963, Loss: 54.352, Trans_L2_m: 0.410, Yaw_err_deg: 0.691
Epoch: [18/23], Batch: 320/2963, Loss: 48.496, Trans_L2_m: 0.316, Yaw_err_deg: 0.816
Epoch: [18/23], Batch: 330/2963, Loss: 52.591, Trans_L2_m: 0.358, Yaw_err_deg: 0.894
Epoch: [18/23], Batch: 340/2963, Loss: 47.459, Trans_L2_m: 0.383, Yaw_err_deg: 0.869
Epoch: [18/23], Batch: 350/2963, Loss: 47.482, Trans_L2_m: 0.415, Yaw_err_deg: 0.705
Epoch: [18/23], Batch: 360/2963, Loss: 46.456, Trans_L2_m: 0.400, Yaw_err_deg: 0.656
Epoch: [18/23], Batch: 370/2963, Loss: 47.889, Trans_L2_m: 0.402, Yaw_err_deg: 0.622
Epoch: [18/23], Batch: 380/2963, Loss: 48.045, Trans_L2_m: 0.429, Yaw_err_deg: 0.774
Epoch: [18/23], Batch: 390/2963, Loss: 42.742, Trans_L2_m: 0.376, Yaw_err_deg: 0.397
Epoch: [18/23], Batch: 400/2963, Loss: 42.072, Trans_L2_m: 0.373, Yaw_err_deg: 0.491
Epoch: [18/23], Batch: 410/2963, Loss: 40.633, Trans_L2_m: 0.297, Yaw_err_deg: 0.710
Epoch: [18/23], Batch: 420/2963, Loss: 46.391, Trans_L2_m: 0.515, Yaw_err_deg: 0.644
Epoch: [18/23], Batch: 430/2963, Loss: 47.579, Trans_L2_m: 0.459, Yaw_err_deg: 0.635
Epoch: [18/23], Batch: 440/2963, Loss: 42.756, Trans_L2_m: 0.304, Yaw_err_deg: 0.769
Epoch: [18/23], Batch: 450/2963, Loss: 42.353, Trans_L2_m: 0.449, Yaw_err_deg: 0.600
Epoch: [18/23], Batch: 460/2963, Loss: 44.492, Trans_L2_m: 0.249, Yaw_err_deg: 0.694
Epoch: [18/23], Batch: 470/2963, Loss: 40.764, Trans_L2_m: 0.323, Yaw_err_deg: 0.755
Epoch: [18/23], Batch: 480/2963, Loss: 53.809, Trans_L2_m: 0.523, Yaw_err_deg: 0.763
Epoch: [18/23], Batch: 490/2963, Loss: 46.500, Trans_L2_m: 0.429, Yaw_err_deg: 0.791
Epoch: [18/23], Batch: 500/2963, Loss: 43.210, Trans_L2_m: 0.305, Yaw_err_deg: 0.715
Epoch: [18/23], Batch: 510/2963, Loss: 43.458, Trans_L2_m: 0.347, Yaw_err_deg: 0.795
Epoch: [18/23], Batch: 520/2963, Loss: 56.426, Trans_L2_m: 0.466, Yaw_err_deg: 1.286
Epoch: [18/23], Batch: 530/2963, Loss: 47.836, Trans_L2_m: 0.270, Yaw_err_deg: 0.636
Epoch: [18/23], Batch: 540/2963, Loss: 43.745, Trans_L2_m: 0.310, Yaw_err_deg: 0.756
Epoch: [18/23], Batch: 550/2963, Loss: 41.444, Trans_L2_m: 0.371, Yaw_err_deg: 0.532
Epoch: [18/23], Batch: 560/2963, Loss: 50.982, Trans_L2_m: 0.550, Yaw_err_deg: 0.780
Epoch: [18/23], Batch: 570/2963, Loss: 46.271, Trans_L2_m: 0.377, Yaw_err_deg: 0.551
Epoch: [18/23], Batch: 580/2963, Loss: 50.407, Trans_L2_m: 0.413, Yaw_err_deg: 0.903
Epoch: [18/23], Batch: 590/2963, Loss: 47.834, Trans_L2_m: 0.394, Yaw_err_deg: 0.431
Epoch: [18/23], Batch: 600/2963, Loss: 43.738, Trans_L2_m: 0.388, Yaw_err_deg: 0.699
Epoch: [18/23], Batch: 610/2963, Loss: 42.413, Trans_L2_m: 0.269, Yaw_err_deg: 0.475
Epoch: [18/23], Batch: 620/2963, Loss: 48.503, Trans_L2_m: 0.340, Yaw_err_deg: 0.651
Epoch: [18/23], Batch: 630/2963, Loss: 39.584, Trans_L2_m: 0.311, Yaw_err_deg: 0.482
Epoch: [18/23], Batch: 640/2963, Loss: 51.592, Trans_L2_m: 0.446, Yaw_err_deg: 0.834
Epoch: [18/23], Batch: 650/2963, Loss: 46.969, Trans_L2_m: 0.337, Yaw_err_deg: 0.645
Epoch: [18/23], Batch: 660/2963, Loss: 44.110, Trans_L2_m: 0.437, Yaw_err_deg: 0.764
Epoch: [18/23], Batch: 670/2963, Loss: 45.712, Trans_L2_m: 0.495, Yaw_err_deg: 0.627
Epoch: [18/23], Batch: 680/2963, Loss: 47.170, Trans_L2_m: 0.401, Yaw_err_deg: 0.763
Epoch: [18/23], Batch: 690/2963, Loss: 47.758, Trans_L2_m: 0.349, Yaw_err_deg: 0.879
Epoch: [18/23], Batch: 700/2963, Loss: 54.030, Trans_L2_m: 0.307, Yaw_err_deg: 0.978
Epoch: [18/23], Batch: 710/2963, Loss: 46.703, Trans_L2_m: 0.467, Yaw_err_deg: 0.789
Epoch: [18/23], Batch: 720/2963, Loss: 47.391, Trans_L2_m: 0.408, Yaw_err_deg: 0.639
Epoch: [18/23], Batch: 730/2963, Loss: 39.701, Trans_L2_m: 0.260, Yaw_err_deg: 0.690
Epoch: [18/23], Batch: 740/2963, Loss: 45.629, Trans_L2_m: 0.369, Yaw_err_deg: 0.778
Epoch: [18/23], Batch: 750/2963, Loss: 52.117, Trans_L2_m: 0.472, Yaw_err_deg: 0.779
Epoch: [18/23], Batch: 760/2963, Loss: 55.929, Trans_L2_m: 0.259, Yaw_err_deg: 1.169
Epoch: [18/23], Batch: 770/2963, Loss: 48.548, Trans_L2_m: 0.431, Yaw_err_deg: 0.725
Epoch: [18/23], Batch: 780/2963, Loss: 52.674, Trans_L2_m: 0.485, Yaw_err_deg: 0.935
Epoch: [18/23], Batch: 790/2963, Loss: 46.969, Trans_L2_m: 0.372, Yaw_err_deg: 0.701
Epoch: [18/23], Batch: 800/2963, Loss: 46.096, Trans_L2_m: 0.424, Yaw_err_deg: 0.769
Epoch: [18/23], Batch: 810/2963, Loss: 50.851, Trans_L2_m: 0.344, Yaw_err_deg: 1.107
Epoch: [18/23], Batch: 820/2963, Loss: 41.366, Trans_L2_m: 0.415, Yaw_err_deg: 0.610
Epoch: [18/23], Batch: 830/2963, Loss: 46.442, Trans_L2_m: 0.388, Yaw_err_deg: 0.799
Epoch: [18/23], Batch: 840/2963, Loss: 43.499, Trans_L2_m: 0.491, Yaw_err_deg: 0.514
Epoch: [18/23], Batch: 850/2963, Loss: 48.504, Trans_L2_m: 0.534, Yaw_err_deg: 0.665
Epoch: [18/23], Batch: 860/2963, Loss: 43.491, Trans_L2_m: 0.356, Yaw_err_deg: 0.424
Epoch: [18/23], Batch: 870/2963, Loss: 50.557, Trans_L2_m: 0.459, Yaw_err_deg: 0.618
Epoch: [18/23], Batch: 880/2963, Loss: 40.087, Trans_L2_m: 0.260, Yaw_err_deg: 0.457
Epoch: [18/23], Batch: 890/2963, Loss: 51.192, Trans_L2_m: 0.438, Yaw_err_deg: 0.788
Epoch: [18/23], Batch: 900/2963, Loss: 46.619, Trans_L2_m: 0.386, Yaw_err_deg: 0.590
Epoch: [18/23], Batch: 910/2963, Loss: 40.927, Trans_L2_m: 0.288, Yaw_err_deg: 0.773
Epoch: [18/23], Batch: 920/2963, Loss: 46.645, Trans_L2_m: 0.455, Yaw_err_deg: 0.551
Epoch: [18/23], Batch: 930/2963, Loss: 49.288, Trans_L2_m: 0.434, Yaw_err_deg: 0.733
Epoch: [18/23], Batch: 940/2963, Loss: 42.748, Trans_L2_m: 0.341, Yaw_err_deg: 0.398
Epoch: [18/23], Batch: 950/2963, Loss: 49.589, Trans_L2_m: 0.342, Yaw_err_deg: 0.735
Epoch: [18/23], Batch: 960/2963, Loss: 41.365, Trans_L2_m: 0.292, Yaw_err_deg: 0.623
Epoch: [18/23], Batch: 970/2963, Loss: 46.131, Trans_L2_m: 0.395, Yaw_err_deg: 0.490
Epoch: [18/23], Batch: 980/2963, Loss: 42.870, Trans_L2_m: 0.280, Yaw_err_deg: 0.707
Epoch: [18/23], Batch: 990/2963, Loss: 47.570, Trans_L2_m: 0.357, Yaw_err_deg: 0.683
Epoch: [18/23], Batch: 1000/2963, Loss: 56.480, Trans_L2_m: 0.363, Yaw_err_deg: 1.223
Epoch: [18/23], Batch: 1010/2963, Loss: 60.099, Trans_L2_m: 0.422, Yaw_err_deg: 0.861
Epoch: [18/23], Batch: 1020/2963, Loss: 52.070, Trans_L2_m: 0.466, Yaw_err_deg: 0.581
Epoch: [18/23], Batch: 1030/2963, Loss: 39.781, Trans_L2_m: 0.349, Yaw_err_deg: 0.463
Epoch: [18/23], Batch: 1040/2963, Loss: 40.646, Trans_L2_m: 0.306, Yaw_err_deg: 0.676
Epoch: [18/23], Batch: 1050/2963, Loss: 36.684, Trans_L2_m: 0.266, Yaw_err_deg: 0.549
Epoch: [18/23], Batch: 1060/2963, Loss: 54.431, Trans_L2_m: 0.367, Yaw_err_deg: 0.925
Epoch: [18/23], Batch: 1070/2963, Loss: 52.005, Trans_L2_m: 0.381, Yaw_err_deg: 0.960
Epoch: [18/23], Batch: 1080/2963, Loss: 43.402, Trans_L2_m: 0.326, Yaw_err_deg: 0.710
Epoch: [18/23], Batch: 1090/2963, Loss: 56.252, Trans_L2_m: 0.535, Yaw_err_deg: 0.792
Epoch: [18/23], Batch: 1100/2963, Loss: 49.179, Trans_L2_m: 0.425, Yaw_err_deg: 0.371
Epoch: [18/23], Batch: 1110/2963, Loss: 42.068, Trans_L2_m: 0.275, Yaw_err_deg: 0.613
Epoch: [18/23], Batch: 1120/2963, Loss: 39.808, Trans_L2_m: 0.371, Yaw_err_deg: 0.529
Epoch: [18/23], Batch: 1130/2963, Loss: 44.884, Trans_L2_m: 0.337, Yaw_err_deg: 0.469
Epoch: [18/23], Batch: 1140/2963, Loss: 49.790, Trans_L2_m: 0.477, Yaw_err_deg: 0.652
Epoch: [18/23], Batch: 1150/2963, Loss: 45.575, Trans_L2_m: 0.466, Yaw_err_deg: 0.424
Epoch: [18/23], Batch: 1160/2963, Loss: 46.102, Trans_L2_m: 0.279, Yaw_err_deg: 0.819
Epoch: [18/23], Batch: 1170/2963, Loss: 46.485, Trans_L2_m: 0.385, Yaw_err_deg: 0.640
Epoch: [18/23], Batch: 1180/2963, Loss: 57.817, Trans_L2_m: 0.326, Yaw_err_deg: 0.747
Epoch: [18/23], Batch: 1190/2963, Loss: 47.207, Trans_L2_m: 0.276, Yaw_err_deg: 0.719
Epoch: [18/23], Batch: 1200/2963, Loss: 41.070, Trans_L2_m: 0.414, Yaw_err_deg: 0.559
Epoch: [18/23], Batch: 1210/2963, Loss: 44.456, Trans_L2_m: 0.295, Yaw_err_deg: 0.505
Epoch: [18/23], Batch: 1220/2963, Loss: 54.205, Trans_L2_m: 0.376, Yaw_err_deg: 0.604
Epoch: [18/23], Batch: 1230/2963, Loss: 45.657, Trans_L2_m: 0.374, Yaw_err_deg: 0.812
Epoch: [18/23], Batch: 1240/2963, Loss: 53.914, Trans_L2_m: 0.485, Yaw_err_deg: 0.875
Epoch: [18/23], Batch: 1250/2963, Loss: 49.537, Trans_L2_m: 0.369, Yaw_err_deg: 0.963
Epoch: [18/23], Batch: 1260/2963, Loss: 39.738, Trans_L2_m: 0.351, Yaw_err_deg: 0.698
Epoch: [18/23], Batch: 1270/2963, Loss: 52.735, Trans_L2_m: 0.493, Yaw_err_deg: 0.632
Epoch: [18/23], Batch: 1280/2963, Loss: 48.239, Trans_L2_m: 0.373, Yaw_err_deg: 0.698
Epoch: [18/23], Batch: 1290/2963, Loss: 43.978, Trans_L2_m: 0.263, Yaw_err_deg: 0.792
Epoch: [18/23], Batch: 1300/2963, Loss: 47.906, Trans_L2_m: 0.351, Yaw_err_deg: 1.116
Epoch: [18/23], Batch: 1310/2963, Loss: 45.141, Trans_L2_m: 0.363, Yaw_err_deg: 0.498
Epoch: [18/23], Batch: 1320/2963, Loss: 37.376, Trans_L2_m: 0.223, Yaw_err_deg: 0.617
Epoch: [18/23], Batch: 1330/2963, Loss: 48.125, Trans_L2_m: 0.390, Yaw_err_deg: 0.775
Epoch: [18/23], Batch: 1340/2963, Loss: 42.498, Trans_L2_m: 0.379, Yaw_err_deg: 0.591
Epoch: [18/23], Batch: 1350/2963, Loss: 46.747, Trans_L2_m: 0.431, Yaw_err_deg: 0.444
Epoch: [18/23], Batch: 1360/2963, Loss: 49.074, Trans_L2_m: 0.389, Yaw_err_deg: 0.776
Epoch: [18/23], Batch: 1370/2963, Loss: 44.928, Trans_L2_m: 0.316, Yaw_err_deg: 0.710
Epoch: [18/23], Batch: 1380/2963, Loss: 42.162, Trans_L2_m: 0.234, Yaw_err_deg: 0.367
Epoch: [18/23], Batch: 1390/2963, Loss: 42.014, Trans_L2_m: 0.367, Yaw_err_deg: 0.767
Epoch: [18/23], Batch: 1400/2963, Loss: 48.712, Trans_L2_m: 0.610, Yaw_err_deg: 0.617
Epoch: [18/23], Batch: 1410/2963, Loss: 39.386, Trans_L2_m: 0.243, Yaw_err_deg: 0.578
Epoch: [18/23], Batch: 1420/2963, Loss: 44.110, Trans_L2_m: 0.407, Yaw_err_deg: 0.580
Epoch: [18/23], Batch: 1430/2963, Loss: 44.496, Trans_L2_m: 0.310, Yaw_err_deg: 0.543
Epoch: [18/23], Batch: 1440/2963, Loss: 49.136, Trans_L2_m: 0.329, Yaw_err_deg: 0.562
Epoch: [18/23], Batch: 1450/2963, Loss: 41.219, Trans_L2_m: 0.296, Yaw_err_deg: 0.489
Epoch: [18/23], Batch: 1460/2963, Loss: 44.285, Trans_L2_m: 0.274, Yaw_err_deg: 0.656
Epoch: [18/23], Batch: 1470/2963, Loss: 42.067, Trans_L2_m: 0.359, Yaw_err_deg: 0.462
Epoch: [18/23], Batch: 1480/2963, Loss: 46.100, Trans_L2_m: 0.405, Yaw_err_deg: 0.568
Epoch: [18/23], Batch: 1490/2963, Loss: 45.372, Trans_L2_m: 0.312, Yaw_err_deg: 0.841
Epoch: [18/23], Batch: 1500/2963, Loss: 40.475, Trans_L2_m: 0.330, Yaw_err_deg: 0.518
Epoch: [18/23], Batch: 1510/2963, Loss: 42.001, Trans_L2_m: 0.386, Yaw_err_deg: 0.457
Epoch: [18/23], Batch: 1520/2963, Loss: 44.022, Trans_L2_m: 0.378, Yaw_err_deg: 0.547
Epoch: [18/23], Batch: 1530/2963, Loss: 41.465, Trans_L2_m: 0.254, Yaw_err_deg: 0.726
Epoch: [18/23], Batch: 1540/2963, Loss: 38.772, Trans_L2_m: 0.316, Yaw_err_deg: 0.374
Epoch: [18/23], Batch: 1550/2963, Loss: 47.742, Trans_L2_m: 0.366, Yaw_err_deg: 0.903
Epoch: [18/23], Batch: 1560/2963, Loss: 42.294, Trans_L2_m: 0.422, Yaw_err_deg: 0.612
Epoch: [18/23], Batch: 1570/2963, Loss: 39.403, Trans_L2_m: 0.208, Yaw_err_deg: 0.660
Epoch: [18/23], Batch: 1580/2963, Loss: 47.231, Trans_L2_m: 0.387, Yaw_err_deg: 0.938
Epoch: [18/23], Batch: 1590/2963, Loss: 38.989, Trans_L2_m: 0.295, Yaw_err_deg: 0.435
Epoch: [18/23], Batch: 1600/2963, Loss: 44.029, Trans_L2_m: 0.342, Yaw_err_deg: 0.807
Epoch: [18/23], Batch: 1610/2963, Loss: 51.420, Trans_L2_m: 0.407, Yaw_err_deg: 1.222
Epoch: [18/23], Batch: 1620/2963, Loss: 39.483, Trans_L2_m: 0.338, Yaw_err_deg: 0.718
Epoch: [18/23], Batch: 1630/2963, Loss: 41.216, Trans_L2_m: 0.478, Yaw_err_deg: 0.426
Epoch: [18/23], Batch: 1640/2963, Loss: 39.890, Trans_L2_m: 0.316, Yaw_err_deg: 0.497
Epoch: [18/23], Batch: 1650/2963, Loss: 49.583, Trans_L2_m: 0.501, Yaw_err_deg: 0.667
Epoch: [18/23], Batch: 1660/2963, Loss: 39.864, Trans_L2_m: 0.394, Yaw_err_deg: 0.498
Epoch: [18/23], Batch: 1670/2963, Loss: 44.746, Trans_L2_m: 0.313, Yaw_err_deg: 0.540
Epoch: [18/23], Batch: 1680/2963, Loss: 45.509, Trans_L2_m: 0.347, Yaw_err_deg: 0.717
Epoch: [18/23], Batch: 1690/2963, Loss: 43.275, Trans_L2_m: 0.295, Yaw_err_deg: 0.881
Epoch: [18/23], Batch: 1700/2963, Loss: 47.232, Trans_L2_m: 0.426, Yaw_err_deg: 0.507
Epoch: [18/23], Batch: 1710/2963, Loss: 44.659, Trans_L2_m: 0.417, Yaw_err_deg: 0.446
Epoch: [18/23], Batch: 1720/2963, Loss: 40.719, Trans_L2_m: 0.274, Yaw_err_deg: 0.774
Epoch: [18/23], Batch: 1730/2963, Loss: 44.702, Trans_L2_m: 0.504, Yaw_err_deg: 0.430
Epoch: [18/23], Batch: 1740/2963, Loss: 40.540, Trans_L2_m: 0.439, Yaw_err_deg: 0.724
Epoch: [18/23], Batch: 1750/2963, Loss: 44.685, Trans_L2_m: 0.399, Yaw_err_deg: 0.627
Epoch: [18/23], Batch: 1760/2963, Loss: 42.521, Trans_L2_m: 0.299, Yaw_err_deg: 0.731
Epoch: [18/23], Batch: 1770/2963, Loss: 50.604, Trans_L2_m: 0.420, Yaw_err_deg: 0.703
Epoch: [18/23], Batch: 1780/2963, Loss: 52.244, Trans_L2_m: 0.248, Yaw_err_deg: 0.953
Epoch: [18/23], Batch: 1790/2963, Loss: 52.095, Trans_L2_m: 0.240, Yaw_err_deg: 0.754
Epoch: [18/23], Batch: 1800/2963, Loss: 46.047, Trans_L2_m: 0.310, Yaw_err_deg: 0.676
Epoch: [18/23], Batch: 1810/2963, Loss: 48.568, Trans_L2_m: 0.440, Yaw_err_deg: 0.550
Epoch: [18/23], Batch: 1820/2963, Loss: 48.031, Trans_L2_m: 0.298, Yaw_err_deg: 1.130
Epoch: [18/23], Batch: 1830/2963, Loss: 40.807, Trans_L2_m: 0.272, Yaw_err_deg: 0.471
Epoch: [18/23], Batch: 1840/2963, Loss: 40.869, Trans_L2_m: 0.328, Yaw_err_deg: 0.424
Epoch: [18/23], Batch: 1850/2963, Loss: 43.274, Trans_L2_m: 0.451, Yaw_err_deg: 0.725
Epoch: [18/23], Batch: 1860/2963, Loss: 45.442, Trans_L2_m: 0.345, Yaw_err_deg: 0.807
Epoch: [18/23], Batch: 1870/2963, Loss: 45.752, Trans_L2_m: 0.326, Yaw_err_deg: 0.903
Epoch: [18/23], Batch: 1880/2963, Loss: 52.246, Trans_L2_m: 0.527, Yaw_err_deg: 0.751
Epoch: [18/23], Batch: 1890/2963, Loss: 46.000, Trans_L2_m: 0.492, Yaw_err_deg: 0.480
Epoch: [18/23], Batch: 1900/2963, Loss: 48.346, Trans_L2_m: 0.405, Yaw_err_deg: 0.582
Epoch: [18/23], Batch: 1910/2963, Loss: 52.519, Trans_L2_m: 0.320, Yaw_err_deg: 1.008
Epoch: [18/23], Batch: 1920/2963, Loss: 44.696, Trans_L2_m: 0.351, Yaw_err_deg: 0.528
Epoch: [18/23], Batch: 1930/2963, Loss: 38.777, Trans_L2_m: 0.319, Yaw_err_deg: 0.499
Epoch: [18/23], Batch: 1940/2963, Loss: 46.502, Trans_L2_m: 0.490, Yaw_err_deg: 0.588
Epoch: [18/23], Batch: 1950/2963, Loss: 43.904, Trans_L2_m: 0.413, Yaw_err_deg: 0.747
Epoch: [18/23], Batch: 1960/2963, Loss: 54.985, Trans_L2_m: 0.414, Yaw_err_deg: 1.007
Epoch: [18/23], Batch: 1970/2963, Loss: 44.637, Trans_L2_m: 0.379, Yaw_err_deg: 0.591
Epoch: [18/23], Batch: 1980/2963, Loss: 41.370, Trans_L2_m: 0.319, Yaw_err_deg: 0.516
Epoch: [18/23], Batch: 1990/2963, Loss: 40.268, Trans_L2_m: 0.380, Yaw_err_deg: 0.675
Epoch: [18/23], Batch: 2000/2963, Loss: 41.250, Trans_L2_m: 0.374, Yaw_err_deg: 0.573
Epoch: [18/23], Batch: 2010/2963, Loss: 48.528, Trans_L2_m: 0.287, Yaw_err_deg: 0.734
Epoch: [18/23], Batch: 2020/2963, Loss: 41.504, Trans_L2_m: 0.450, Yaw_err_deg: 0.612
Epoch: [18/23], Batch: 2030/2963, Loss: 40.322, Trans_L2_m: 0.373, Yaw_err_deg: 0.398
Epoch: [18/23], Batch: 2040/2963, Loss: 52.994, Trans_L2_m: 0.479, Yaw_err_deg: 0.948
Epoch: [18/23], Batch: 2050/2963, Loss: 40.898, Trans_L2_m: 0.356, Yaw_err_deg: 0.575
Epoch: [18/23], Batch: 2060/2963, Loss: 43.604, Trans_L2_m: 0.298, Yaw_err_deg: 0.594
Epoch: [18/23], Batch: 2070/2963, Loss: 50.499, Trans_L2_m: 0.427, Yaw_err_deg: 0.740
Epoch: [18/23], Batch: 2080/2963, Loss: 38.711, Trans_L2_m: 0.273, Yaw_err_deg: 0.491
Epoch: [18/23], Batch: 2090/2963, Loss: 41.385, Trans_L2_m: 0.270, Yaw_err_deg: 0.869
Epoch: [18/23], Batch: 2100/2963, Loss: 50.306, Trans_L2_m: 0.351, Yaw_err_deg: 0.897
Epoch: [18/23], Batch: 2110/2963, Loss: 50.399, Trans_L2_m: 0.401, Yaw_err_deg: 0.879
Epoch: [18/23], Batch: 2120/2963, Loss: 44.878, Trans_L2_m: 0.305, Yaw_err_deg: 0.501
Epoch: [18/23], Batch: 2130/2963, Loss: 43.531, Trans_L2_m: 0.306, Yaw_err_deg: 0.637
Epoch: [18/23], Batch: 2140/2963, Loss: 37.789, Trans_L2_m: 0.249, Yaw_err_deg: 0.712
Epoch: [18/23], Batch: 2150/2963, Loss: 48.144, Trans_L2_m: 0.309, Yaw_err_deg: 0.872
Epoch: [18/23], Batch: 2160/2963, Loss: 78.757, Trans_L2_m: 0.476, Yaw_err_deg: 0.718
Epoch: [18/23], Batch: 2170/2963, Loss: 51.431, Trans_L2_m: 0.398, Yaw_err_deg: 0.773
Epoch: [18/23], Batch: 2180/2963, Loss: 40.003, Trans_L2_m: 0.273, Yaw_err_deg: 0.398
Epoch: [18/23], Batch: 2190/2963, Loss: 42.159, Trans_L2_m: 0.274, Yaw_err_deg: 0.623
Epoch: [18/23], Batch: 2200/2963, Loss: 41.578, Trans_L2_m: 0.372, Yaw_err_deg: 0.586
Epoch: [18/23], Batch: 2210/2963, Loss: 49.605, Trans_L2_m: 0.468, Yaw_err_deg: 0.352
Epoch: [18/23], Batch: 2220/2963, Loss: 44.156, Trans_L2_m: 0.257, Yaw_err_deg: 0.839
Epoch: [18/23], Batch: 2230/2963, Loss: 40.568, Trans_L2_m: 0.355, Yaw_err_deg: 0.674
Epoch: [18/23], Batch: 2240/2963, Loss: 47.862, Trans_L2_m: 0.393, Yaw_err_deg: 0.601
Epoch: [18/23], Batch: 2250/2963, Loss: 54.055, Trans_L2_m: 0.320, Yaw_err_deg: 1.007
Epoch: [18/23], Batch: 2260/2963, Loss: 48.967, Trans_L2_m: 0.418, Yaw_err_deg: 0.737
Epoch: [18/23], Batch: 2270/2963, Loss: 47.724, Trans_L2_m: 0.345, Yaw_err_deg: 0.719
Epoch: [18/23], Batch: 2280/2963, Loss: 46.766, Trans_L2_m: 0.415, Yaw_err_deg: 0.855
Epoch: [18/23], Batch: 2290/2963, Loss: 48.808, Trans_L2_m: 0.413, Yaw_err_deg: 0.607
Epoch: [18/23], Batch: 2300/2963, Loss: 40.304, Trans_L2_m: 0.317, Yaw_err_deg: 0.578
Epoch: [18/23], Batch: 2310/2963, Loss: 53.331, Trans_L2_m: 0.421, Yaw_err_deg: 0.629
Epoch: [18/23], Batch: 2320/2963, Loss: 44.659, Trans_L2_m: 0.485, Yaw_err_deg: 0.497
Epoch: [18/23], Batch: 2330/2963, Loss: 48.415, Trans_L2_m: 0.425, Yaw_err_deg: 0.701
Epoch: [18/23], Batch: 2340/2963, Loss: 47.648, Trans_L2_m: 0.445, Yaw_err_deg: 0.789
Epoch: [18/23], Batch: 2350/2963, Loss: 43.004, Trans_L2_m: 0.308, Yaw_err_deg: 0.690
Epoch: [18/23], Batch: 2360/2963, Loss: 42.713, Trans_L2_m: 0.399, Yaw_err_deg: 0.672
Epoch: [18/23], Batch: 2370/2963, Loss: 55.031, Trans_L2_m: 0.454, Yaw_err_deg: 0.986
Epoch: [18/23], Batch: 2380/2963, Loss: 42.069, Trans_L2_m: 0.252, Yaw_err_deg: 0.509
Epoch: [18/23], Batch: 2390/2963, Loss: 46.026, Trans_L2_m: 0.321, Yaw_err_deg: 0.793
Epoch: [18/23], Batch: 2400/2963, Loss: 37.890, Trans_L2_m: 0.376, Yaw_err_deg: 0.393
Epoch: [18/23], Batch: 2410/2963, Loss: 42.323, Trans_L2_m: 0.436, Yaw_err_deg: 0.496
Epoch: [18/23], Batch: 2420/2963, Loss: 41.329, Trans_L2_m: 0.403, Yaw_err_deg: 0.642
Epoch: [18/23], Batch: 2430/2963, Loss: 41.492, Trans_L2_m: 0.334, Yaw_err_deg: 0.680
Epoch: [18/23], Batch: 2440/2963, Loss: 45.412, Trans_L2_m: 0.384, Yaw_err_deg: 0.820
Epoch: [18/23], Batch: 2450/2963, Loss: 46.407, Trans_L2_m: 0.517, Yaw_err_deg: 0.620
Epoch: [18/23], Batch: 2460/2963, Loss: 39.580, Trans_L2_m: 0.353, Yaw_err_deg: 0.541
Epoch: [18/23], Batch: 2470/2963, Loss: 37.035, Trans_L2_m: 0.297, Yaw_err_deg: 0.481
Epoch: [18/23], Batch: 2480/2963, Loss: 41.958, Trans_L2_m: 0.360, Yaw_err_deg: 0.612
Epoch: [18/23], Batch: 2490/2963, Loss: 42.255, Trans_L2_m: 0.265, Yaw_err_deg: 0.566
Epoch: [18/23], Batch: 2500/2963, Loss: 49.989, Trans_L2_m: 0.441, Yaw_err_deg: 0.945
Epoch: [18/23], Batch: 2510/2963, Loss: 44.068, Trans_L2_m: 0.239, Yaw_err_deg: 0.575
Epoch: [18/23], Batch: 2520/2963, Loss: 47.049, Trans_L2_m: 0.451, Yaw_err_deg: 0.514
Epoch: [18/23], Batch: 2530/2963, Loss: 39.344, Trans_L2_m: 0.306, Yaw_err_deg: 0.567
Epoch: [18/23], Batch: 2540/2963, Loss: 42.957, Trans_L2_m: 0.376, Yaw_err_deg: 0.640
Epoch: [18/23], Batch: 2550/2963, Loss: 41.513, Trans_L2_m: 0.298, Yaw_err_deg: 0.572
Epoch: [18/23], Batch: 2560/2963, Loss: 37.909, Trans_L2_m: 0.264, Yaw_err_deg: 0.539
Epoch: [18/23], Batch: 2570/2963, Loss: 46.276, Trans_L2_m: 0.454, Yaw_err_deg: 0.618
Epoch: [18/23], Batch: 2580/2963, Loss: 42.267, Trans_L2_m: 0.351, Yaw_err_deg: 0.626
Epoch: [18/23], Batch: 2590/2963, Loss: 48.534, Trans_L2_m: 0.447, Yaw_err_deg: 0.574
Epoch: [18/23], Batch: 2600/2963, Loss: 43.697, Trans_L2_m: 0.352, Yaw_err_deg: 0.488
Epoch: [18/23], Batch: 2610/2963, Loss: 44.856, Trans_L2_m: 0.286, Yaw_err_deg: 0.757
Epoch: [18/23], Batch: 2620/2963, Loss: 44.124, Trans_L2_m: 0.378, Yaw_err_deg: 0.571
Epoch: [18/23], Batch: 2630/2963, Loss: 47.375, Trans_L2_m: 0.285, Yaw_err_deg: 0.776
Epoch: [18/23], Batch: 2640/2963, Loss: 61.172, Trans_L2_m: 0.376, Yaw_err_deg: 0.775
Epoch: [18/23], Batch: 2650/2963, Loss: 40.052, Trans_L2_m: 0.393, Yaw_err_deg: 0.486
Epoch: [18/23], Batch: 2660/2963, Loss: 42.125, Trans_L2_m: 0.356, Yaw_err_deg: 0.640
Epoch: [18/23], Batch: 2670/2963, Loss: 51.231, Trans_L2_m: 0.338, Yaw_err_deg: 0.814
Epoch: [18/23], Batch: 2680/2963, Loss: 44.438, Trans_L2_m: 0.450, Yaw_err_deg: 0.819
Epoch: [18/23], Batch: 2690/2963, Loss: 44.238, Trans_L2_m: 0.414, Yaw_err_deg: 0.733
Epoch: [18/23], Batch: 2700/2963, Loss: 46.480, Trans_L2_m: 0.427, Yaw_err_deg: 0.621
Epoch: [18/23], Batch: 2710/2963, Loss: 39.473, Trans_L2_m: 0.353, Yaw_err_deg: 0.415
Epoch: [18/23], Batch: 2720/2963, Loss: 46.957, Trans_L2_m: 0.424, Yaw_err_deg: 0.493
Epoch: [18/23], Batch: 2730/2963, Loss: 45.954, Trans_L2_m: 0.401, Yaw_err_deg: 0.680
Epoch: [18/23], Batch: 2740/2963, Loss: 40.823, Trans_L2_m: 0.371, Yaw_err_deg: 0.421
Epoch: [18/23], Batch: 2750/2963, Loss: 54.671, Trans_L2_m: 0.309, Yaw_err_deg: 0.849
Epoch: [18/23], Batch: 2760/2963, Loss: 45.845, Trans_L2_m: 0.398, Yaw_err_deg: 0.697
Epoch: [18/23], Batch: 2770/2963, Loss: 55.216, Trans_L2_m: 0.392, Yaw_err_deg: 0.517
Epoch: [18/23], Batch: 2780/2963, Loss: 42.534, Trans_L2_m: 0.306, Yaw_err_deg: 0.574
Epoch: [18/23], Batch: 2790/2963, Loss: 44.789, Trans_L2_m: 0.340, Yaw_err_deg: 0.664
Epoch: [18/23], Batch: 2800/2963, Loss: 45.196, Trans_L2_m: 0.467, Yaw_err_deg: 0.536
Epoch: [18/23], Batch: 2810/2963, Loss: 45.155, Trans_L2_m: 0.382, Yaw_err_deg: 0.412
Epoch: [18/23], Batch: 2820/2963, Loss: 41.566, Trans_L2_m: 0.425, Yaw_err_deg: 0.417
Epoch: [18/23], Batch: 2830/2963, Loss: 43.608, Trans_L2_m: 0.297, Yaw_err_deg: 0.545
Epoch: [18/23], Batch: 2840/2963, Loss: 42.023, Trans_L2_m: 0.361, Yaw_err_deg: 0.488
Epoch: [18/23], Batch: 2850/2963, Loss: 60.931, Trans_L2_m: 0.329, Yaw_err_deg: 0.621
Epoch: [18/23], Batch: 2860/2963, Loss: 45.226, Trans_L2_m: 0.395, Yaw_err_deg: 0.521
Epoch: [18/23], Batch: 2870/2963, Loss: 50.024, Trans_L2_m: 0.392, Yaw_err_deg: 0.643
Epoch: [18/23], Batch: 2880/2963, Loss: 44.950, Trans_L2_m: 0.378, Yaw_err_deg: 0.716
Epoch: [18/23], Batch: 2890/2963, Loss: 49.838, Trans_L2_m: 0.512, Yaw_err_deg: 0.486
Epoch: [18/23], Batch: 2900/2963, Loss: 46.957, Trans_L2_m: 0.368, Yaw_err_deg: 0.805
Epoch: [18/23], Batch: 2910/2963, Loss: 45.143, Trans_L2_m: 0.356, Yaw_err_deg: 0.636
Epoch: [18/23], Batch: 2920/2963, Loss: 39.200, Trans_L2_m: 0.323, Yaw_err_deg: 0.517
Epoch: [18/23], Batch: 2930/2963, Loss: 44.235, Trans_L2_m: 0.417, Yaw_err_deg: 0.681
Epoch: [18/23], Batch: 2940/2963, Loss: 50.160, Trans_L2_m: 0.363, Yaw_err_deg: 0.592
Epoch: [18/23], Batch: 2950/2963, Loss: 45.859, Trans_L2_m: 0.339, Yaw_err_deg: 0.474
Epoch: [18/23], Batch: 2960/2963, Loss: 42.891, Trans_L2_m: 0.362, Yaw_err_deg: 0.772
Epoch: [19/23], Batch: 0/2963, Loss: 42.747, Trans_L2_m: 0.396, Yaw_err_deg: 0.653
Epoch: [19/23], Batch: 10/2963, Loss: 58.237, Trans_L2_m: 0.385, Yaw_err_deg: 1.034
Epoch: [19/23], Batch: 20/2963, Loss: 49.857, Trans_L2_m: 0.386, Yaw_err_deg: 1.141
Epoch: [19/23], Batch: 30/2963, Loss: 50.226, Trans_L2_m: 0.395, Yaw_err_deg: 0.549
Epoch: [19/23], Batch: 40/2963, Loss: 41.610, Trans_L2_m: 0.369, Yaw_err_deg: 0.481
Epoch: [19/23], Batch: 50/2963, Loss: 44.547, Trans_L2_m: 0.409, Yaw_err_deg: 0.370
Epoch: [19/23], Batch: 60/2963, Loss: 37.403, Trans_L2_m: 0.256, Yaw_err_deg: 0.438
Epoch: [19/23], Batch: 70/2963, Loss: 72.912, Trans_L2_m: 0.382, Yaw_err_deg: 1.554
Epoch: [19/23], Batch: 80/2963, Loss: 50.630, Trans_L2_m: 0.483, Yaw_err_deg: 0.476
Epoch: [19/23], Batch: 90/2963, Loss: 49.235, Trans_L2_m: 0.343, Yaw_err_deg: 0.893
Epoch: [19/23], Batch: 100/2963, Loss: 42.604, Trans_L2_m: 0.270, Yaw_err_deg: 0.731
Epoch: [19/23], Batch: 110/2963, Loss: 38.540, Trans_L2_m: 0.312, Yaw_err_deg: 0.519
Epoch: [19/23], Batch: 120/2963, Loss: 47.837, Trans_L2_m: 0.254, Yaw_err_deg: 0.683
Epoch: [19/23], Batch: 130/2963, Loss: 45.941, Trans_L2_m: 0.305, Yaw_err_deg: 0.876
Epoch: [19/23], Batch: 140/2963, Loss: 44.578, Trans_L2_m: 0.362, Yaw_err_deg: 0.477
Epoch: [19/23], Batch: 150/2963, Loss: 48.298, Trans_L2_m: 0.359, Yaw_err_deg: 0.740
Epoch: [19/23], Batch: 160/2963, Loss: 47.911, Trans_L2_m: 0.286, Yaw_err_deg: 0.864
Epoch: [19/23], Batch: 170/2963, Loss: 38.101, Trans_L2_m: 0.224, Yaw_err_deg: 0.632
Epoch: [19/23], Batch: 180/2963, Loss: 46.148, Trans_L2_m: 0.448, Yaw_err_deg: 0.535
Epoch: [19/23], Batch: 190/2963, Loss: 40.866, Trans_L2_m: 0.349, Yaw_err_deg: 0.639
Epoch: [19/23], Batch: 200/2963, Loss: 42.230, Trans_L2_m: 0.360, Yaw_err_deg: 0.654
Epoch: [19/23], Batch: 210/2963, Loss: 46.111, Trans_L2_m: 0.354, Yaw_err_deg: 0.635
Epoch: [19/23], Batch: 220/2963, Loss: 41.039, Trans_L2_m: 0.374, Yaw_err_deg: 0.502
Epoch: [19/23], Batch: 230/2963, Loss: 54.659, Trans_L2_m: 0.426, Yaw_err_deg: 0.693
Epoch: [19/23], Batch: 240/2963, Loss: 43.594, Trans_L2_m: 0.233, Yaw_err_deg: 0.859
Epoch: [19/23], Batch: 250/2963, Loss: 47.067, Trans_L2_m: 0.427, Yaw_err_deg: 0.635
Epoch: [19/23], Batch: 260/2963, Loss: 52.013, Trans_L2_m: 0.503, Yaw_err_deg: 0.481
Epoch: [19/23], Batch: 270/2963, Loss: 44.736, Trans_L2_m: 0.403, Yaw_err_deg: 0.796
Epoch: [19/23], Batch: 280/2963, Loss: 51.731, Trans_L2_m: 0.389, Yaw_err_deg: 0.675
Epoch: [19/23], Batch: 290/2963, Loss: 41.142, Trans_L2_m: 0.298, Yaw_err_deg: 0.500
Epoch: [19/23], Batch: 300/2963, Loss: 51.452, Trans_L2_m: 0.416, Yaw_err_deg: 0.487
Epoch: [19/23], Batch: 310/2963, Loss: 45.294, Trans_L2_m: 0.429, Yaw_err_deg: 0.542
Epoch: [19/23], Batch: 320/2963, Loss: 42.199, Trans_L2_m: 0.336, Yaw_err_deg: 0.424
Epoch: [19/23], Batch: 330/2963, Loss: 49.235, Trans_L2_m: 0.352, Yaw_err_deg: 0.584
Epoch: [19/23], Batch: 340/2963, Loss: 43.772, Trans_L2_m: 0.285, Yaw_err_deg: 0.497
Epoch: [19/23], Batch: 350/2963, Loss: 56.458, Trans_L2_m: 0.371, Yaw_err_deg: 1.006
Epoch: [19/23], Batch: 360/2963, Loss: 41.843, Trans_L2_m: 0.351, Yaw_err_deg: 0.407
Epoch: [19/23], Batch: 370/2963, Loss: 51.454, Trans_L2_m: 0.506, Yaw_err_deg: 0.774
Epoch: [19/23], Batch: 380/2963, Loss: 46.020, Trans_L2_m: 0.463, Yaw_err_deg: 0.578
Epoch: [19/23], Batch: 390/2963, Loss: 53.549, Trans_L2_m: 0.481, Yaw_err_deg: 0.610
Epoch: [19/23], Batch: 400/2963, Loss: 38.634, Trans_L2_m: 0.392, Yaw_err_deg: 0.381
Epoch: [19/23], Batch: 410/2963, Loss: 46.375, Trans_L2_m: 0.248, Yaw_err_deg: 1.102
Epoch: [19/23], Batch: 420/2963, Loss: 42.514, Trans_L2_m: 0.243, Yaw_err_deg: 0.473
Epoch: [19/23], Batch: 430/2963, Loss: 43.836, Trans_L2_m: 0.372, Yaw_err_deg: 0.478
Epoch: [19/23], Batch: 440/2963, Loss: 53.591, Trans_L2_m: 0.492, Yaw_err_deg: 0.389
Epoch: [19/23], Batch: 450/2963, Loss: 50.163, Trans_L2_m: 0.386, Yaw_err_deg: 0.789
Epoch: [19/23], Batch: 460/2963, Loss: 45.312, Trans_L2_m: 0.424, Yaw_err_deg: 0.585
Epoch: [19/23], Batch: 470/2963, Loss: 48.476, Trans_L2_m: 0.270, Yaw_err_deg: 1.107
Epoch: [19/23], Batch: 480/2963, Loss: 43.071, Trans_L2_m: 0.303, Yaw_err_deg: 0.755
Epoch: [19/23], Batch: 490/2963, Loss: 41.574, Trans_L2_m: 0.234, Yaw_err_deg: 0.532
Epoch: [19/23], Batch: 500/2963, Loss: 43.129, Trans_L2_m: 0.276, Yaw_err_deg: 0.657
Epoch: [19/23], Batch: 510/2963, Loss: 42.068, Trans_L2_m: 0.362, Yaw_err_deg: 0.498
Epoch: [19/23], Batch: 520/2963, Loss: 41.956, Trans_L2_m: 0.269, Yaw_err_deg: 0.549
Epoch: [19/23], Batch: 530/2963, Loss: 51.089, Trans_L2_m: 0.240, Yaw_err_deg: 0.612
Epoch: [19/23], Batch: 540/2963, Loss: 49.387, Trans_L2_m: 0.316, Yaw_err_deg: 0.594
Epoch: [19/23], Batch: 550/2963, Loss: 55.074, Trans_L2_m: 0.523, Yaw_err_deg: 0.793
Epoch: [19/23], Batch: 560/2963, Loss: 43.692, Trans_L2_m: 0.386, Yaw_err_deg: 0.600
Epoch: [19/23], Batch: 570/2963, Loss: 45.319, Trans_L2_m: 0.337, Yaw_err_deg: 0.918
Epoch: [19/23], Batch: 580/2963, Loss: 44.143, Trans_L2_m: 0.370, Yaw_err_deg: 0.698
Epoch: [19/23], Batch: 590/2963, Loss: 45.045, Trans_L2_m: 0.367, Yaw_err_deg: 0.825
Epoch: [19/23], Batch: 600/2963, Loss: 41.490, Trans_L2_m: 0.339, Yaw_err_deg: 0.395
Epoch: [19/23], Batch: 610/2963, Loss: 47.555, Trans_L2_m: 0.370, Yaw_err_deg: 0.906
Epoch: [19/23], Batch: 620/2963, Loss: 58.647, Trans_L2_m: 0.524, Yaw_err_deg: 0.672
Epoch: [19/23], Batch: 630/2963, Loss: 51.943, Trans_L2_m: 0.583, Yaw_err_deg: 0.782
Epoch: [19/23], Batch: 640/2963, Loss: 47.804, Trans_L2_m: 0.530, Yaw_err_deg: 0.531
Epoch: [19/23], Batch: 650/2963, Loss: 51.924, Trans_L2_m: 0.247, Yaw_err_deg: 1.028
Epoch: [19/23], Batch: 660/2963, Loss: 49.935, Trans_L2_m: 0.313, Yaw_err_deg: 1.202
Epoch: [19/23], Batch: 670/2963, Loss: 47.450, Trans_L2_m: 0.397, Yaw_err_deg: 0.850
Epoch: [19/23], Batch: 680/2963, Loss: 40.846, Trans_L2_m: 0.256, Yaw_err_deg: 0.443
Epoch: [19/23], Batch: 690/2963, Loss: 57.861, Trans_L2_m: 0.451, Yaw_err_deg: 0.976
Epoch: [19/23], Batch: 700/2963, Loss: 40.373, Trans_L2_m: 0.290, Yaw_err_deg: 0.555
Epoch: [19/23], Batch: 710/2963, Loss: 41.026, Trans_L2_m: 0.306, Yaw_err_deg: 0.467
Epoch: [19/23], Batch: 720/2963, Loss: 42.425, Trans_L2_m: 0.344, Yaw_err_deg: 0.960
Epoch: [19/23], Batch: 730/2963, Loss: 39.948, Trans_L2_m: 0.362, Yaw_err_deg: 0.528
Epoch: [19/23], Batch: 740/2963, Loss: 48.696, Trans_L2_m: 0.360, Yaw_err_deg: 0.572
Epoch: [19/23], Batch: 750/2963, Loss: 47.444, Trans_L2_m: 0.447, Yaw_err_deg: 0.579
Epoch: [19/23], Batch: 760/2963, Loss: 41.932, Trans_L2_m: 0.334, Yaw_err_deg: 0.487
Epoch: [19/23], Batch: 770/2963, Loss: 40.810, Trans_L2_m: 0.348, Yaw_err_deg: 0.577
Epoch: [19/23], Batch: 780/2963, Loss: 40.499, Trans_L2_m: 0.324, Yaw_err_deg: 0.458
Epoch: [19/23], Batch: 790/2963, Loss: 44.665, Trans_L2_m: 0.428, Yaw_err_deg: 0.597
Epoch: [19/23], Batch: 800/2963, Loss: 41.091, Trans_L2_m: 0.389, Yaw_err_deg: 0.580
Epoch: [19/23], Batch: 810/2963, Loss: 40.708, Trans_L2_m: 0.364, Yaw_err_deg: 0.456
Epoch: [19/23], Batch: 820/2963, Loss: 44.563, Trans_L2_m: 0.290, Yaw_err_deg: 0.605
Epoch: [19/23], Batch: 830/2963, Loss: 41.026, Trans_L2_m: 0.317, Yaw_err_deg: 0.628
Epoch: [19/23], Batch: 840/2963, Loss: 46.740, Trans_L2_m: 0.456, Yaw_err_deg: 0.412
Epoch: [19/23], Batch: 850/2963, Loss: 43.835, Trans_L2_m: 0.291, Yaw_err_deg: 0.660
Epoch: [19/23], Batch: 860/2963, Loss: 40.373, Trans_L2_m: 0.414, Yaw_err_deg: 0.489
Epoch: [19/23], Batch: 870/2963, Loss: 42.690, Trans_L2_m: 0.421, Yaw_err_deg: 0.580
Epoch: [19/23], Batch: 880/2963, Loss: 37.944, Trans_L2_m: 0.361, Yaw_err_deg: 0.499
Epoch: [19/23], Batch: 890/2963, Loss: 45.618, Trans_L2_m: 0.427, Yaw_err_deg: 0.537
Epoch: [19/23], Batch: 900/2963, Loss: 44.458, Trans_L2_m: 0.435, Yaw_err_deg: 0.576
Epoch: [19/23], Batch: 910/2963, Loss: 45.390, Trans_L2_m: 0.310, Yaw_err_deg: 0.669
Epoch: [19/23], Batch: 920/2963, Loss: 45.614, Trans_L2_m: 0.409, Yaw_err_deg: 0.708
Epoch: [19/23], Batch: 930/2963, Loss: 50.570, Trans_L2_m: 0.342, Yaw_err_deg: 1.021
Epoch: [19/23], Batch: 940/2963, Loss: 45.477, Trans_L2_m: 0.400, Yaw_err_deg: 0.631
Epoch: [19/23], Batch: 950/2963, Loss: 45.726, Trans_L2_m: 0.477, Yaw_err_deg: 0.543
Epoch: [19/23], Batch: 960/2963, Loss: 40.196, Trans_L2_m: 0.378, Yaw_err_deg: 0.433
Epoch: [19/23], Batch: 970/2963, Loss: 46.132, Trans_L2_m: 0.323, Yaw_err_deg: 0.605
Epoch: [19/23], Batch: 980/2963, Loss: 45.180, Trans_L2_m: 0.373, Yaw_err_deg: 0.766
Epoch: [19/23], Batch: 990/2963, Loss: 42.107, Trans_L2_m: 0.323, Yaw_err_deg: 0.580
Epoch: [19/23], Batch: 1000/2963, Loss: 48.131, Trans_L2_m: 0.406, Yaw_err_deg: 0.801
Epoch: [19/23], Batch: 1010/2963, Loss: 38.426, Trans_L2_m: 0.427, Yaw_err_deg: 0.464
Epoch: [19/23], Batch: 1020/2963, Loss: 42.743, Trans_L2_m: 0.366, Yaw_err_deg: 0.604
Epoch: [19/23], Batch: 1030/2963, Loss: 42.048, Trans_L2_m: 0.372, Yaw_err_deg: 0.575
Epoch: [19/23], Batch: 1040/2963, Loss: 43.501, Trans_L2_m: 0.408, Yaw_err_deg: 0.586
Epoch: [19/23], Batch: 1050/2963, Loss: 47.104, Trans_L2_m: 0.429, Yaw_err_deg: 0.756
Epoch: [19/23], Batch: 1060/2963, Loss: 43.745, Trans_L2_m: 0.236, Yaw_err_deg: 0.707
Epoch: [19/23], Batch: 1070/2963, Loss: 40.529, Trans_L2_m: 0.363, Yaw_err_deg: 0.567
Epoch: [19/23], Batch: 1080/2963, Loss: 48.504, Trans_L2_m: 0.382, Yaw_err_deg: 0.671
Epoch: [19/23], Batch: 1090/2963, Loss: 51.852, Trans_L2_m: 0.445, Yaw_err_deg: 0.602
Epoch: [19/23], Batch: 1100/2963, Loss: 51.135, Trans_L2_m: 0.469, Yaw_err_deg: 0.804
Epoch: [19/23], Batch: 1110/2963, Loss: 42.963, Trans_L2_m: 0.267, Yaw_err_deg: 0.649
Epoch: [19/23], Batch: 1120/2963, Loss: 41.907, Trans_L2_m: 0.385, Yaw_err_deg: 0.488
Epoch: [19/23], Batch: 1130/2963, Loss: 41.313, Trans_L2_m: 0.344, Yaw_err_deg: 0.467
Epoch: [19/23], Batch: 1140/2963, Loss: 37.477, Trans_L2_m: 0.314, Yaw_err_deg: 0.442
Epoch: [19/23], Batch: 1150/2963, Loss: 50.153, Trans_L2_m: 0.402, Yaw_err_deg: 0.650
Epoch: [19/23], Batch: 1160/2963, Loss: 49.547, Trans_L2_m: 0.523, Yaw_err_deg: 0.559
Epoch: [19/23], Batch: 1170/2963, Loss: 41.607, Trans_L2_m: 0.324, Yaw_err_deg: 0.509
Epoch: [19/23], Batch: 1180/2963, Loss: 46.635, Trans_L2_m: 0.324, Yaw_err_deg: 0.584
Epoch: [19/23], Batch: 1190/2963, Loss: 44.628, Trans_L2_m: 0.335, Yaw_err_deg: 0.622
Epoch: [19/23], Batch: 1200/2963, Loss: 49.705, Trans_L2_m: 0.303, Yaw_err_deg: 0.638
Epoch: [19/23], Batch: 1210/2963, Loss: 54.853, Trans_L2_m: 0.378, Yaw_err_deg: 0.640
Epoch: [19/23], Batch: 1220/2963, Loss: 45.724, Trans_L2_m: 0.343, Yaw_err_deg: 0.834
Epoch: [19/23], Batch: 1230/2963, Loss: 44.754, Trans_L2_m: 0.397, Yaw_err_deg: 0.687
Epoch: [19/23], Batch: 1240/2963, Loss: 49.743, Trans_L2_m: 0.475, Yaw_err_deg: 0.462
Epoch: [19/23], Batch: 1250/2963, Loss: 42.067, Trans_L2_m: 0.444, Yaw_err_deg: 0.485
Epoch: [19/23], Batch: 1260/2963, Loss: 47.432, Trans_L2_m: 0.476, Yaw_err_deg: 0.707
Epoch: [19/23], Batch: 1270/2963, Loss: 37.074, Trans_L2_m: 0.271, Yaw_err_deg: 0.410
Epoch: [19/23], Batch: 1280/2963, Loss: 49.534, Trans_L2_m: 0.378, Yaw_err_deg: 0.588
Epoch: [19/23], Batch: 1290/2963, Loss: 44.021, Trans_L2_m: 0.364, Yaw_err_deg: 0.728
Epoch: [19/23], Batch: 1300/2963, Loss: 44.472, Trans_L2_m: 0.434, Yaw_err_deg: 0.680
Epoch: [19/23], Batch: 1310/2963, Loss: 46.581, Trans_L2_m: 0.416, Yaw_err_deg: 0.623
Epoch: [19/23], Batch: 1320/2963, Loss: 44.837, Trans_L2_m: 0.381, Yaw_err_deg: 0.562
Epoch: [19/23], Batch: 1330/2963, Loss: 47.054, Trans_L2_m: 0.405, Yaw_err_deg: 0.671
Epoch: [19/23], Batch: 1340/2963, Loss: 42.161, Trans_L2_m: 0.445, Yaw_err_deg: 0.547
Epoch: [19/23], Batch: 1350/2963, Loss: 46.098, Trans_L2_m: 0.386, Yaw_err_deg: 0.595
Epoch: [19/23], Batch: 1360/2963, Loss: 49.217, Trans_L2_m: 0.407, Yaw_err_deg: 0.650
Epoch: [19/23], Batch: 1370/2963, Loss: 47.226, Trans_L2_m: 0.424, Yaw_err_deg: 0.685
Epoch: [19/23], Batch: 1380/2963, Loss: 53.178, Trans_L2_m: 0.239, Yaw_err_deg: 0.762
Epoch: [19/23], Batch: 1390/2963, Loss: 44.024, Trans_L2_m: 0.401, Yaw_err_deg: 0.628
Epoch: [19/23], Batch: 1400/2963, Loss: 48.319, Trans_L2_m: 0.386, Yaw_err_deg: 0.647
Epoch: [19/23], Batch: 1410/2963, Loss: 39.091, Trans_L2_m: 0.269, Yaw_err_deg: 0.620
Epoch: [19/23], Batch: 1420/2963, Loss: 47.432, Trans_L2_m: 0.429, Yaw_err_deg: 0.515
Epoch: [19/23], Batch: 1430/2963, Loss: 41.782, Trans_L2_m: 0.335, Yaw_err_deg: 0.661
Epoch: [19/23], Batch: 1440/2963, Loss: 36.178, Trans_L2_m: 0.386, Yaw_err_deg: 0.322
Epoch: [19/23], Batch: 1450/2963, Loss: 47.278, Trans_L2_m: 0.398, Yaw_err_deg: 0.686
Epoch: [19/23], Batch: 1460/2963, Loss: 44.930, Trans_L2_m: 0.425, Yaw_err_deg: 0.675
Epoch: [19/23], Batch: 1470/2963, Loss: 45.740, Trans_L2_m: 0.361, Yaw_err_deg: 0.743
Epoch: [19/23], Batch: 1480/2963, Loss: 47.448, Trans_L2_m: 0.377, Yaw_err_deg: 0.750
Epoch: [19/23], Batch: 1490/2963, Loss: 39.178, Trans_L2_m: 0.302, Yaw_err_deg: 0.458
Epoch: [19/23], Batch: 1500/2963, Loss: 49.952, Trans_L2_m: 0.414, Yaw_err_deg: 0.742
Epoch: [19/23], Batch: 1510/2963, Loss: 41.922, Trans_L2_m: 0.373, Yaw_err_deg: 0.671
Epoch: [19/23], Batch: 1520/2963, Loss: 46.470, Trans_L2_m: 0.349, Yaw_err_deg: 0.560
Epoch: [19/23], Batch: 1530/2963, Loss: 51.011, Trans_L2_m: 0.311, Yaw_err_deg: 0.888
Epoch: [19/23], Batch: 1540/2963, Loss: 42.099, Trans_L2_m: 0.321, Yaw_err_deg: 0.503
Epoch: [19/23], Batch: 1550/2963, Loss: 42.199, Trans_L2_m: 0.456, Yaw_err_deg: 0.598
Epoch: [19/23], Batch: 1560/2963, Loss: 44.512, Trans_L2_m: 0.362, Yaw_err_deg: 0.445
Epoch: [19/23], Batch: 1570/2963, Loss: 45.694, Trans_L2_m: 0.357, Yaw_err_deg: 0.732
Epoch: [19/23], Batch: 1580/2963, Loss: 44.149, Trans_L2_m: 0.397, Yaw_err_deg: 0.473
Epoch: [19/23], Batch: 1590/2963, Loss: 39.304, Trans_L2_m: 0.274, Yaw_err_deg: 0.513
Epoch: [19/23], Batch: 1600/2963, Loss: 45.818, Trans_L2_m: 0.403, Yaw_err_deg: 0.594
Epoch: [19/23], Batch: 1610/2963, Loss: 51.036, Trans_L2_m: 0.422, Yaw_err_deg: 0.737
Epoch: [19/23], Batch: 1620/2963, Loss: 52.771, Trans_L2_m: 0.335, Yaw_err_deg: 0.605
Epoch: [19/23], Batch: 1630/2963, Loss: 46.851, Trans_L2_m: 0.481, Yaw_err_deg: 0.778
Epoch: [19/23], Batch: 1640/2963, Loss: 33.007, Trans_L2_m: 0.355, Yaw_err_deg: 0.676
Epoch: [19/23], Batch: 1650/2963, Loss: 42.190, Trans_L2_m: 0.290, Yaw_err_deg: 0.529
Epoch: [19/23], Batch: 1660/2963, Loss: 45.568, Trans_L2_m: 0.445, Yaw_err_deg: 0.556
Epoch: [19/23], Batch: 1670/2963, Loss: 45.201, Trans_L2_m: 0.474, Yaw_err_deg: 0.587
Epoch: [19/23], Batch: 1680/2963, Loss: 48.199, Trans_L2_m: 0.414, Yaw_err_deg: 0.625
Epoch: [19/23], Batch: 1690/2963, Loss: 44.381, Trans_L2_m: 0.301, Yaw_err_deg: 0.480
Epoch: [19/23], Batch: 1700/2963, Loss: 38.053, Trans_L2_m: 0.276, Yaw_err_deg: 0.513
Epoch: [19/23], Batch: 1710/2963, Loss: 51.080, Trans_L2_m: 0.417, Yaw_err_deg: 0.894
Epoch: [19/23], Batch: 1720/2963, Loss: 40.622, Trans_L2_m: 0.305, Yaw_err_deg: 0.540
Epoch: [19/23], Batch: 1730/2963, Loss: 37.864, Trans_L2_m: 0.293, Yaw_err_deg: 0.487
Epoch: [19/23], Batch: 1740/2963, Loss: 42.334, Trans_L2_m: 0.302, Yaw_err_deg: 0.520
Epoch: [19/23], Batch: 1750/2963, Loss: 45.790, Trans_L2_m: 0.350, Yaw_err_deg: 0.581
Epoch: [19/23], Batch: 1760/2963, Loss: 47.196, Trans_L2_m: 0.501, Yaw_err_deg: 0.648
Epoch: [19/23], Batch: 1770/2963, Loss: 41.779, Trans_L2_m: 0.313, Yaw_err_deg: 0.920
Epoch: [19/23], Batch: 1780/2963, Loss: 48.394, Trans_L2_m: 0.305, Yaw_err_deg: 0.781
Epoch: [19/23], Batch: 1790/2963, Loss: 41.813, Trans_L2_m: 0.361, Yaw_err_deg: 0.451
Epoch: [19/23], Batch: 1800/2963, Loss: 45.169, Trans_L2_m: 0.390, Yaw_err_deg: 0.576
Epoch: [19/23], Batch: 1810/2963, Loss: 43.902, Trans_L2_m: 0.390, Yaw_err_deg: 0.441
Epoch: [19/23], Batch: 1820/2963, Loss: 47.412, Trans_L2_m: 0.338, Yaw_err_deg: 0.665
Epoch: [19/23], Batch: 1830/2963, Loss: 43.211, Trans_L2_m: 0.363, Yaw_err_deg: 0.611
Epoch: [19/23], Batch: 1840/2963, Loss: 40.692, Trans_L2_m: 0.464, Yaw_err_deg: 0.545
Epoch: [19/23], Batch: 1850/2963, Loss: 47.310, Trans_L2_m: 0.408, Yaw_err_deg: 0.656
Epoch: [19/23], Batch: 1860/2963, Loss: 44.184, Trans_L2_m: 0.361, Yaw_err_deg: 0.838
Epoch: [19/23], Batch: 1870/2963, Loss: 49.714, Trans_L2_m: 0.411, Yaw_err_deg: 0.727
Epoch: [19/23], Batch: 1880/2963, Loss: 56.635, Trans_L2_m: 0.270, Yaw_err_deg: 0.975
Epoch: [19/23], Batch: 1890/2963, Loss: 42.160, Trans_L2_m: 0.264, Yaw_err_deg: 0.614
Epoch: [19/23], Batch: 1900/2963, Loss: 42.726, Trans_L2_m: 0.341, Yaw_err_deg: 0.621
Epoch: [19/23], Batch: 1910/2963, Loss: 42.189, Trans_L2_m: 0.393, Yaw_err_deg: 0.657
Epoch: [19/23], Batch: 1920/2963, Loss: 43.039, Trans_L2_m: 0.400, Yaw_err_deg: 0.775
Epoch: [19/23], Batch: 1930/2963, Loss: 43.811, Trans_L2_m: 0.306, Yaw_err_deg: 0.728
Epoch: [19/23], Batch: 1940/2963, Loss: 47.277, Trans_L2_m: 0.372, Yaw_err_deg: 0.708
Epoch: [19/23], Batch: 1950/2963, Loss: 45.580, Trans_L2_m: 0.474, Yaw_err_deg: 0.621
Epoch: [19/23], Batch: 1960/2963, Loss: 40.529, Trans_L2_m: 0.326, Yaw_err_deg: 0.571
Epoch: [19/23], Batch: 1970/2963, Loss: 45.069, Trans_L2_m: 0.421, Yaw_err_deg: 0.501
Epoch: [19/23], Batch: 1980/2963, Loss: 43.648, Trans_L2_m: 0.268, Yaw_err_deg: 0.915
Epoch: [19/23], Batch: 1990/2963, Loss: 42.803, Trans_L2_m: 0.336, Yaw_err_deg: 0.613
Epoch: [19/23], Batch: 2000/2963, Loss: 55.449, Trans_L2_m: 0.433, Yaw_err_deg: 0.663
Epoch: [19/23], Batch: 2010/2963, Loss: 42.164, Trans_L2_m: 0.367, Yaw_err_deg: 0.409
Epoch: [19/23], Batch: 2020/2963, Loss: 47.271, Trans_L2_m: 0.375, Yaw_err_deg: 0.532
Epoch: [19/23], Batch: 2030/2963, Loss: 46.454, Trans_L2_m: 0.417, Yaw_err_deg: 0.722
Epoch: [19/23], Batch: 2040/2963, Loss: 46.393, Trans_L2_m: 0.239, Yaw_err_deg: 1.055
Epoch: [19/23], Batch: 2050/2963, Loss: 42.326, Trans_L2_m: 0.315, Yaw_err_deg: 0.410
Epoch: [19/23], Batch: 2060/2963, Loss: 48.163, Trans_L2_m: 0.280, Yaw_err_deg: 0.791
Epoch: [19/23], Batch: 2070/2963, Loss: 47.316, Trans_L2_m: 0.349, Yaw_err_deg: 0.674
Epoch: [19/23], Batch: 2080/2963, Loss: 45.640, Trans_L2_m: 0.389, Yaw_err_deg: 0.625
Epoch: [19/23], Batch: 2090/2963, Loss: 43.752, Trans_L2_m: 0.312, Yaw_err_deg: 0.815
Epoch: [19/23], Batch: 2100/2963, Loss: 43.930, Trans_L2_m: 0.481, Yaw_err_deg: 0.579
Epoch: [19/23], Batch: 2110/2963, Loss: 42.884, Trans_L2_m: 0.434, Yaw_err_deg: 0.614
Epoch: [19/23], Batch: 2120/2963, Loss: 39.940, Trans_L2_m: 0.329, Yaw_err_deg: 0.579
Epoch: [19/23], Batch: 2130/2963, Loss: 45.154, Trans_L2_m: 0.291, Yaw_err_deg: 0.994
Epoch: [19/23], Batch: 2140/2963, Loss: 43.056, Trans_L2_m: 0.241, Yaw_err_deg: 0.732
Epoch: [19/23], Batch: 2150/2963, Loss: 45.130, Trans_L2_m: 0.342, Yaw_err_deg: 0.648
Epoch: [19/23], Batch: 2160/2963, Loss: 48.437, Trans_L2_m: 0.342, Yaw_err_deg: 0.584
Epoch: [19/23], Batch: 2170/2963, Loss: 54.631, Trans_L2_m: 0.527, Yaw_err_deg: 0.613
Epoch: [19/23], Batch: 2180/2963, Loss: 44.880, Trans_L2_m: 0.337, Yaw_err_deg: 0.559
Epoch: [19/23], Batch: 2190/2963, Loss: 42.828, Trans_L2_m: 0.292, Yaw_err_deg: 0.753
Epoch: [19/23], Batch: 2200/2963, Loss: 41.852, Trans_L2_m: 0.317, Yaw_err_deg: 0.621
Epoch: [19/23], Batch: 2210/2963, Loss: 41.513, Trans_L2_m: 0.359, Yaw_err_deg: 0.583
Epoch: [19/23], Batch: 2220/2963, Loss: 55.809, Trans_L2_m: 0.359, Yaw_err_deg: 0.517
Epoch: [19/23], Batch: 2230/2963, Loss: 38.018, Trans_L2_m: 0.292, Yaw_err_deg: 0.583
Epoch: [19/23], Batch: 2240/2963, Loss: 38.603, Trans_L2_m: 0.275, Yaw_err_deg: 0.355
Epoch: [19/23], Batch: 2250/2963, Loss: 39.986, Trans_L2_m: 0.359, Yaw_err_deg: 0.425
Epoch: [19/23], Batch: 2260/2963, Loss: 67.305, Trans_L2_m: 0.477, Yaw_err_deg: 0.929
Epoch: [19/23], Batch: 2270/2963, Loss: 47.748, Trans_L2_m: 0.426, Yaw_err_deg: 0.721
Epoch: [19/23], Batch: 2280/2963, Loss: 50.450, Trans_L2_m: 0.274, Yaw_err_deg: 0.804
Epoch: [19/23], Batch: 2290/2963, Loss: 42.787, Trans_L2_m: 0.376, Yaw_err_deg: 0.361
Epoch: [19/23], Batch: 2300/2963, Loss: 43.977, Trans_L2_m: 0.371, Yaw_err_deg: 0.492
Epoch: [19/23], Batch: 2310/2963, Loss: 42.132, Trans_L2_m: 0.273, Yaw_err_deg: 0.691
Epoch: [19/23], Batch: 2320/2963, Loss: 63.734, Trans_L2_m: 0.339, Yaw_err_deg: 0.962
Epoch: [19/23], Batch: 2330/2963, Loss: 46.590, Trans_L2_m: 0.478, Yaw_err_deg: 0.452
Epoch: [19/23], Batch: 2340/2963, Loss: 42.670, Trans_L2_m: 0.276, Yaw_err_deg: 0.494
Epoch: [19/23], Batch: 2350/2963, Loss: 41.365, Trans_L2_m: 0.368, Yaw_err_deg: 0.484
Epoch: [19/23], Batch: 2360/2963, Loss: 45.350, Trans_L2_m: 0.438, Yaw_err_deg: 0.462
Epoch: [19/23], Batch: 2370/2963, Loss: 44.049, Trans_L2_m: 0.389, Yaw_err_deg: 0.518
Epoch: [19/23], Batch: 2380/2963, Loss: 50.473, Trans_L2_m: 0.317, Yaw_err_deg: 0.982
Epoch: [19/23], Batch: 2390/2963, Loss: 41.879, Trans_L2_m: 0.395, Yaw_err_deg: 0.578
Epoch: [19/23], Batch: 2400/2963, Loss: 54.129, Trans_L2_m: 0.446, Yaw_err_deg: 0.876
Epoch: [19/23], Batch: 2410/2963, Loss: 46.077, Trans_L2_m: 0.391, Yaw_err_deg: 0.692
Epoch: [19/23], Batch: 2420/2963, Loss: 39.399, Trans_L2_m: 0.305, Yaw_err_deg: 0.325
Epoch: [19/23], Batch: 2430/2963, Loss: 42.241, Trans_L2_m: 0.398, Yaw_err_deg: 0.610
Epoch: [19/23], Batch: 2440/2963, Loss: 42.099, Trans_L2_m: 0.226, Yaw_err_deg: 0.564
Epoch: [19/23], Batch: 2450/2963, Loss: 50.467, Trans_L2_m: 0.374, Yaw_err_deg: 0.632
Epoch: [19/23], Batch: 2460/2963, Loss: 41.429, Trans_L2_m: 0.371, Yaw_err_deg: 0.513
Epoch: [19/23], Batch: 2470/2963, Loss: 47.627, Trans_L2_m: 0.409, Yaw_err_deg: 0.653
Epoch: [19/23], Batch: 2480/2963, Loss: 46.303, Trans_L2_m: 0.453, Yaw_err_deg: 0.765
Epoch: [19/23], Batch: 2490/2963, Loss: 46.230, Trans_L2_m: 0.365, Yaw_err_deg: 0.750
Epoch: [19/23], Batch: 2500/2963, Loss: 41.311, Trans_L2_m: 0.338, Yaw_err_deg: 0.670
Epoch: [19/23], Batch: 2510/2963, Loss: 43.934, Trans_L2_m: 0.395, Yaw_err_deg: 0.565
Epoch: [19/23], Batch: 2520/2963, Loss: 48.337, Trans_L2_m: 0.478, Yaw_err_deg: 0.617
Epoch: [19/23], Batch: 2530/2963, Loss: 44.014, Trans_L2_m: 0.352, Yaw_err_deg: 0.761
Epoch: [19/23], Batch: 2540/2963, Loss: 51.937, Trans_L2_m: 0.581, Yaw_err_deg: 0.462
Epoch: [19/23], Batch: 2550/2963, Loss: 41.801, Trans_L2_m: 0.299, Yaw_err_deg: 0.574
Epoch: [19/23], Batch: 2560/2963, Loss: 43.997, Trans_L2_m: 0.432, Yaw_err_deg: 0.543
Epoch: [19/23], Batch: 2570/2963, Loss: 42.616, Trans_L2_m: 0.376, Yaw_err_deg: 0.438
Epoch: [19/23], Batch: 2580/2963, Loss: 46.819, Trans_L2_m: 0.293, Yaw_err_deg: 0.875
Epoch: [19/23], Batch: 2590/2963, Loss: 45.400, Trans_L2_m: 0.288, Yaw_err_deg: 0.681
Epoch: [19/23], Batch: 2600/2963, Loss: 43.810, Trans_L2_m: 0.308, Yaw_err_deg: 0.584
Epoch: [19/23], Batch: 2610/2963, Loss: 46.312, Trans_L2_m: 0.395, Yaw_err_deg: 0.453
Epoch: [19/23], Batch: 2620/2963, Loss: 48.069, Trans_L2_m: 0.402, Yaw_err_deg: 0.806
Epoch: [19/23], Batch: 2630/2963, Loss: 48.504, Trans_L2_m: 0.309, Yaw_err_deg: 0.624
Epoch: [19/23], Batch: 2640/2963, Loss: 42.997, Trans_L2_m: 0.234, Yaw_err_deg: 0.694
Epoch: [19/23], Batch: 2650/2963, Loss: 43.852, Trans_L2_m: 0.451, Yaw_err_deg: 0.521
Epoch: [19/23], Batch: 2660/2963, Loss: 51.598, Trans_L2_m: 0.289, Yaw_err_deg: 0.939
Epoch: [19/23], Batch: 2670/2963, Loss: 51.851, Trans_L2_m: 0.364, Yaw_err_deg: 0.685
Epoch: [19/23], Batch: 2680/2963, Loss: 45.391, Trans_L2_m: 0.446, Yaw_err_deg: 0.436
Epoch: [19/23], Batch: 2690/2963, Loss: 48.951, Trans_L2_m: 0.437, Yaw_err_deg: 0.610
Epoch: [19/23], Batch: 2700/2963, Loss: 42.663, Trans_L2_m: 0.295, Yaw_err_deg: 0.592
Epoch: [19/23], Batch: 2710/2963, Loss: 42.998, Trans_L2_m: 0.354, Yaw_err_deg: 0.452
Epoch: [19/23], Batch: 2720/2963, Loss: 40.174, Trans_L2_m: 0.329, Yaw_err_deg: 0.623
Epoch: [19/23], Batch: 2730/2963, Loss: 40.178, Trans_L2_m: 0.362, Yaw_err_deg: 0.389
Epoch: [19/23], Batch: 2740/2963, Loss: 43.023, Trans_L2_m: 0.439, Yaw_err_deg: 0.441
Epoch: [19/23], Batch: 2750/2963, Loss: 52.295, Trans_L2_m: 0.436, Yaw_err_deg: 0.557
Epoch: [19/23], Batch: 2760/2963, Loss: 43.874, Trans_L2_m: 0.279, Yaw_err_deg: 0.788
Epoch: [19/23], Batch: 2770/2963, Loss: 38.912, Trans_L2_m: 0.320, Yaw_err_deg: 0.435
Epoch: [19/23], Batch: 2780/2963, Loss: 39.798, Trans_L2_m: 0.239, Yaw_err_deg: 0.518
Epoch: [19/23], Batch: 2790/2963, Loss: 42.451, Trans_L2_m: 0.255, Yaw_err_deg: 0.796
Epoch: [19/23], Batch: 2800/2963, Loss: 41.981, Trans_L2_m: 0.390, Yaw_err_deg: 0.525
Epoch: [19/23], Batch: 2810/2963, Loss: 47.152, Trans_L2_m: 0.406, Yaw_err_deg: 0.632
Epoch: [19/23], Batch: 2820/2963, Loss: 49.615, Trans_L2_m: 0.552, Yaw_err_deg: 0.685
Epoch: [19/23], Batch: 2830/2963, Loss: 50.077, Trans_L2_m: 0.376, Yaw_err_deg: 0.549
Epoch: [19/23], Batch: 2840/2963, Loss: 37.765, Trans_L2_m: 0.280, Yaw_err_deg: 0.635
Epoch: [19/23], Batch: 2850/2963, Loss: 44.281, Trans_L2_m: 0.330, Yaw_err_deg: 0.831
Epoch: [19/23], Batch: 2860/2963, Loss: 44.132, Trans_L2_m: 0.410, Yaw_err_deg: 0.906
Epoch: [19/23], Batch: 2870/2963, Loss: 44.038, Trans_L2_m: 0.435, Yaw_err_deg: 0.587
Epoch: [19/23], Batch: 2880/2963, Loss: 46.333, Trans_L2_m: 0.442, Yaw_err_deg: 0.567
Epoch: [19/23], Batch: 2890/2963, Loss: 52.357, Trans_L2_m: 0.404, Yaw_err_deg: 0.671
Epoch: [19/23], Batch: 2900/2963, Loss: 43.255, Trans_L2_m: 0.222, Yaw_err_deg: 0.792
Epoch: [19/23], Batch: 2910/2963, Loss: 43.044, Trans_L2_m: 0.305, Yaw_err_deg: 0.768
Epoch: [19/23], Batch: 2920/2963, Loss: 42.436, Trans_L2_m: 0.399, Yaw_err_deg: 0.481
Epoch: [19/23], Batch: 2930/2963, Loss: 42.563, Trans_L2_m: 0.395, Yaw_err_deg: 0.621
Epoch: [19/23], Batch: 2940/2963, Loss: 49.874, Trans_L2_m: 0.378, Yaw_err_deg: 0.710
Epoch: [19/23], Batch: 2950/2963, Loss: 41.353, Trans_L2_m: 0.324, Yaw_err_deg: 0.563
Epoch: [19/23], Batch: 2960/2963, Loss: 38.283, Trans_L2_m: 0.279, Yaw_err_deg: 0.365
Validation loss (homography): 926.0976
Avg batch time: 970.95 ms, total: 315.217 s
[1;91mVal has no improvement vs 822.2456665039062![0m
Epoch: [20/23], Batch: 0/2963, Loss: 48.827, Trans_L2_m: 0.373, Yaw_err_deg: 0.546
Epoch: [20/23], Batch: 10/2963, Loss: 45.290, Trans_L2_m: 0.399, Yaw_err_deg: 0.388
Epoch: [20/23], Batch: 20/2963, Loss: 42.286, Trans_L2_m: 0.303, Yaw_err_deg: 0.639
Epoch: [20/23], Batch: 30/2963, Loss: 48.357, Trans_L2_m: 0.425, Yaw_err_deg: 0.591
Epoch: [20/23], Batch: 40/2963, Loss: 44.912, Trans_L2_m: 0.312, Yaw_err_deg: 0.364
Epoch: [20/23], Batch: 50/2963, Loss: 43.057, Trans_L2_m: 0.378, Yaw_err_deg: 0.610
Epoch: [20/23], Batch: 60/2963, Loss: 40.224, Trans_L2_m: 0.255, Yaw_err_deg: 0.565
Epoch: [20/23], Batch: 70/2963, Loss: 41.020, Trans_L2_m: 0.358, Yaw_err_deg: 0.423
Epoch: [20/23], Batch: 80/2963, Loss: 44.382, Trans_L2_m: 0.296, Yaw_err_deg: 0.543
Epoch: [20/23], Batch: 90/2963, Loss: 41.169, Trans_L2_m: 0.397, Yaw_err_deg: 0.604
Epoch: [20/23], Batch: 100/2963, Loss: 48.295, Trans_L2_m: 0.365, Yaw_err_deg: 0.613
Epoch: [20/23], Batch: 110/2963, Loss: 46.041, Trans_L2_m: 0.366, Yaw_err_deg: 0.591
Epoch: [20/23], Batch: 120/2963, Loss: 41.822, Trans_L2_m: 0.287, Yaw_err_deg: 0.612
Epoch: [20/23], Batch: 130/2963, Loss: 39.786, Trans_L2_m: 0.353, Yaw_err_deg: 0.346
Epoch: [20/23], Batch: 140/2963, Loss: 46.551, Trans_L2_m: 0.386, Yaw_err_deg: 0.567
Epoch: [20/23], Batch: 150/2963, Loss: 45.519, Trans_L2_m: 0.217, Yaw_err_deg: 0.734
Epoch: [20/23], Batch: 160/2963, Loss: 54.527, Trans_L2_m: 0.379, Yaw_err_deg: 0.679
Epoch: [20/23], Batch: 170/2963, Loss: 45.549, Trans_L2_m: 0.393, Yaw_err_deg: 0.506
Epoch: [20/23], Batch: 180/2963, Loss: 46.710, Trans_L2_m: 0.411, Yaw_err_deg: 0.500
Epoch: [20/23], Batch: 190/2963, Loss: 47.732, Trans_L2_m: 0.295, Yaw_err_deg: 0.560
Epoch: [20/23], Batch: 200/2963, Loss: 43.629, Trans_L2_m: 0.410, Yaw_err_deg: 0.396
Epoch: [20/23], Batch: 210/2963, Loss: 39.514, Trans_L2_m: 0.266, Yaw_err_deg: 0.476
Epoch: [20/23], Batch: 220/2963, Loss: 45.040, Trans_L2_m: 0.416, Yaw_err_deg: 0.693
Epoch: [20/23], Batch: 230/2963, Loss: 42.317, Trans_L2_m: 0.241, Yaw_err_deg: 0.607
Epoch: [20/23], Batch: 240/2963, Loss: 40.199, Trans_L2_m: 0.313, Yaw_err_deg: 0.528
Epoch: [20/23], Batch: 250/2963, Loss: 49.832, Trans_L2_m: 0.468, Yaw_err_deg: 0.867
Epoch: [20/23], Batch: 260/2963, Loss: 46.031, Trans_L2_m: 0.220, Yaw_err_deg: 0.770
Epoch: [20/23], Batch: 270/2963, Loss: 45.643, Trans_L2_m: 0.386, Yaw_err_deg: 0.433
Epoch: [20/23], Batch: 280/2963, Loss: 49.329, Trans_L2_m: 0.426, Yaw_err_deg: 0.672
Epoch: [20/23], Batch: 290/2963, Loss: 40.583, Trans_L2_m: 0.320, Yaw_err_deg: 0.540
Epoch: [20/23], Batch: 300/2963, Loss: 40.719, Trans_L2_m: 0.238, Yaw_err_deg: 0.554
Epoch: [20/23], Batch: 310/2963, Loss: 40.844, Trans_L2_m: 0.357, Yaw_err_deg: 0.312
Epoch: [20/23], Batch: 320/2963, Loss: 45.250, Trans_L2_m: 0.385, Yaw_err_deg: 0.715
Epoch: [20/23], Batch: 330/2963, Loss: 43.128, Trans_L2_m: 0.273, Yaw_err_deg: 0.759
Epoch: [20/23], Batch: 340/2963, Loss: 40.916, Trans_L2_m: 0.326, Yaw_err_deg: 0.571
Epoch: [20/23], Batch: 350/2963, Loss: 53.946, Trans_L2_m: 0.332, Yaw_err_deg: 0.762
Epoch: [20/23], Batch: 360/2963, Loss: 48.146, Trans_L2_m: 0.464, Yaw_err_deg: 0.562
Epoch: [20/23], Batch: 370/2963, Loss: 45.698, Trans_L2_m: 0.277, Yaw_err_deg: 0.846
Epoch: [20/23], Batch: 380/2963, Loss: 44.757, Trans_L2_m: 0.424, Yaw_err_deg: 0.544
Epoch: [20/23], Batch: 390/2963, Loss: 52.272, Trans_L2_m: 0.471, Yaw_err_deg: 0.557
Epoch: [20/23], Batch: 400/2963, Loss: 40.774, Trans_L2_m: 0.370, Yaw_err_deg: 0.418
Epoch: [20/23], Batch: 410/2963, Loss: 42.975, Trans_L2_m: 0.372, Yaw_err_deg: 0.490
Epoch: [20/23], Batch: 420/2963, Loss: 50.966, Trans_L2_m: 0.603, Yaw_err_deg: 0.397
Epoch: [20/23], Batch: 430/2963, Loss: 43.049, Trans_L2_m: 0.415, Yaw_err_deg: 0.693
Epoch: [20/23], Batch: 440/2963, Loss: 38.961, Trans_L2_m: 0.260, Yaw_err_deg: 0.631
Epoch: [20/23], Batch: 450/2963, Loss: 47.077, Trans_L2_m: 0.325, Yaw_err_deg: 0.530
Epoch: [20/23], Batch: 460/2963, Loss: 47.101, Trans_L2_m: 0.358, Yaw_err_deg: 0.643
Epoch: [20/23], Batch: 470/2963, Loss: 42.891, Trans_L2_m: 0.392, Yaw_err_deg: 0.533
Epoch: [20/23], Batch: 480/2963, Loss: 44.826, Trans_L2_m: 0.373, Yaw_err_deg: 0.708
Epoch: [20/23], Batch: 490/2963, Loss: 52.977, Trans_L2_m: 0.236, Yaw_err_deg: 1.177
Epoch: [20/23], Batch: 500/2963, Loss: 35.089, Trans_L2_m: 0.300, Yaw_err_deg: 0.391
Epoch: [20/23], Batch: 510/2963, Loss: 47.841, Trans_L2_m: 0.310, Yaw_err_deg: 0.607
Epoch: [20/23], Batch: 520/2963, Loss: 45.479, Trans_L2_m: 0.450, Yaw_err_deg: 0.543
Epoch: [20/23], Batch: 530/2963, Loss: 44.374, Trans_L2_m: 0.336, Yaw_err_deg: 0.526
Epoch: [20/23], Batch: 540/2963, Loss: 48.847, Trans_L2_m: 0.399, Yaw_err_deg: 0.605
Epoch: [20/23], Batch: 550/2963, Loss: 40.851, Trans_L2_m: 0.310, Yaw_err_deg: 0.427
Epoch: [20/23], Batch: 560/2963, Loss: 37.087, Trans_L2_m: 0.364, Yaw_err_deg: 0.285
Epoch: [20/23], Batch: 570/2963, Loss: 38.572, Trans_L2_m: 0.205, Yaw_err_deg: 0.594
Epoch: [20/23], Batch: 580/2963, Loss: 47.180, Trans_L2_m: 0.394, Yaw_err_deg: 0.692
Epoch: [20/23], Batch: 590/2963, Loss: 39.728, Trans_L2_m: 0.381, Yaw_err_deg: 0.408
Epoch: [20/23], Batch: 600/2963, Loss: 44.092, Trans_L2_m: 0.387, Yaw_err_deg: 0.717
Epoch: [20/23], Batch: 610/2963, Loss: 48.596, Trans_L2_m: 0.473, Yaw_err_deg: 0.569
Epoch: [20/23], Batch: 620/2963, Loss: 47.413, Trans_L2_m: 0.472, Yaw_err_deg: 0.606
Epoch: [20/23], Batch: 630/2963, Loss: 42.155, Trans_L2_m: 0.453, Yaw_err_deg: 0.443
Epoch: [20/23], Batch: 640/2963, Loss: 42.616, Trans_L2_m: 0.400, Yaw_err_deg: 0.380
Epoch: [20/23], Batch: 650/2963, Loss: 42.533, Trans_L2_m: 0.308, Yaw_err_deg: 0.804
Epoch: [20/23], Batch: 660/2963, Loss: 49.388, Trans_L2_m: 0.337, Yaw_err_deg: 0.807
Epoch: [20/23], Batch: 670/2963, Loss: 42.635, Trans_L2_m: 0.419, Yaw_err_deg: 0.533
Epoch: [20/23], Batch: 680/2963, Loss: 36.721, Trans_L2_m: 0.236, Yaw_err_deg: 0.434
Epoch: [20/23], Batch: 690/2963, Loss: 40.086, Trans_L2_m: 0.392, Yaw_err_deg: 0.502
Epoch: [20/23], Batch: 700/2963, Loss: 42.817, Trans_L2_m: 0.340, Yaw_err_deg: 0.430
Epoch: [20/23], Batch: 710/2963, Loss: 56.590, Trans_L2_m: 0.307, Yaw_err_deg: 0.862
Epoch: [20/23], Batch: 720/2963, Loss: 37.636, Trans_L2_m: 0.257, Yaw_err_deg: 0.328
Epoch: [20/23], Batch: 730/2963, Loss: 39.851, Trans_L2_m: 0.324, Yaw_err_deg: 0.633
Epoch: [20/23], Batch: 740/2963, Loss: 53.001, Trans_L2_m: 0.373, Yaw_err_deg: 1.215
Epoch: [20/23], Batch: 750/2963, Loss: 44.813, Trans_L2_m: 0.295, Yaw_err_deg: 0.606
Epoch: [20/23], Batch: 760/2963, Loss: 42.217, Trans_L2_m: 0.416, Yaw_err_deg: 0.392
Epoch: [20/23], Batch: 770/2963, Loss: 42.306, Trans_L2_m: 0.395, Yaw_err_deg: 0.647
Epoch: [20/23], Batch: 780/2963, Loss: 46.904, Trans_L2_m: 0.373, Yaw_err_deg: 0.619
Epoch: [20/23], Batch: 790/2963, Loss: 40.110, Trans_L2_m: 0.339, Yaw_err_deg: 0.465
Epoch: [20/23], Batch: 800/2963, Loss: 43.343, Trans_L2_m: 0.256, Yaw_err_deg: 0.597
Epoch: [20/23], Batch: 810/2963, Loss: 47.829, Trans_L2_m: 0.349, Yaw_err_deg: 0.770
Epoch: [20/23], Batch: 820/2963, Loss: 54.239, Trans_L2_m: 0.377, Yaw_err_deg: 1.302
Epoch: [20/23], Batch: 830/2963, Loss: 41.657, Trans_L2_m: 0.340, Yaw_err_deg: 0.594
Epoch: [20/23], Batch: 840/2963, Loss: 45.627, Trans_L2_m: 0.411, Yaw_err_deg: 0.545
Epoch: [20/23], Batch: 850/2963, Loss: 46.723, Trans_L2_m: 0.257, Yaw_err_deg: 0.905
Epoch: [20/23], Batch: 860/2963, Loss: 51.762, Trans_L2_m: 0.355, Yaw_err_deg: 0.501
Epoch: [20/23], Batch: 870/2963, Loss: 41.792, Trans_L2_m: 0.440, Yaw_err_deg: 0.497
Epoch: [20/23], Batch: 880/2963, Loss: 39.875, Trans_L2_m: 0.294, Yaw_err_deg: 0.607
Epoch: [20/23], Batch: 890/2963, Loss: 54.121, Trans_L2_m: 0.424, Yaw_err_deg: 0.485
Epoch: [20/23], Batch: 900/2963, Loss: 43.350, Trans_L2_m: 0.318, Yaw_err_deg: 0.528
Epoch: [20/23], Batch: 910/2963, Loss: 44.443, Trans_L2_m: 0.360, Yaw_err_deg: 0.707
Epoch: [20/23], Batch: 920/2963, Loss: 45.075, Trans_L2_m: 0.274, Yaw_err_deg: 0.629
Epoch: [20/23], Batch: 930/2963, Loss: 43.666, Trans_L2_m: 0.347, Yaw_err_deg: 0.534
Epoch: [20/23], Batch: 940/2963, Loss: 49.002, Trans_L2_m: 0.397, Yaw_err_deg: 0.805
Epoch: [20/23], Batch: 950/2963, Loss: 44.702, Trans_L2_m: 0.314, Yaw_err_deg: 0.387
Epoch: [20/23], Batch: 960/2963, Loss: 39.267, Trans_L2_m: 0.200, Yaw_err_deg: 0.629
Epoch: [20/23], Batch: 970/2963, Loss: 39.820, Trans_L2_m: 0.344, Yaw_err_deg: 0.470
Epoch: [20/23], Batch: 980/2963, Loss: 40.188, Trans_L2_m: 0.277, Yaw_err_deg: 0.593
Epoch: [20/23], Batch: 990/2963, Loss: 40.966, Trans_L2_m: 0.250, Yaw_err_deg: 0.724
Epoch: [20/23], Batch: 1000/2963, Loss: 54.153, Trans_L2_m: 0.416, Yaw_err_deg: 0.812
Epoch: [20/23], Batch: 1010/2963, Loss: 37.744, Trans_L2_m: 0.308, Yaw_err_deg: 0.544
Epoch: [20/23], Batch: 1020/2963, Loss: 41.650, Trans_L2_m: 0.374, Yaw_err_deg: 0.671
Epoch: [20/23], Batch: 1030/2963, Loss: 43.852, Trans_L2_m: 0.349, Yaw_err_deg: 0.758
Epoch: [20/23], Batch: 1040/2963, Loss: 45.578, Trans_L2_m: 0.432, Yaw_err_deg: 0.577
Epoch: [20/23], Batch: 1050/2963, Loss: 48.983, Trans_L2_m: 0.458, Yaw_err_deg: 0.625
Epoch: [20/23], Batch: 1060/2963, Loss: 44.610, Trans_L2_m: 0.399, Yaw_err_deg: 0.513
Epoch: [20/23], Batch: 1070/2963, Loss: 42.487, Trans_L2_m: 0.301, Yaw_err_deg: 0.559
Epoch: [20/23], Batch: 1080/2963, Loss: 43.279, Trans_L2_m: 0.327, Yaw_err_deg: 0.885
Epoch: [20/23], Batch: 1090/2963, Loss: 41.810, Trans_L2_m: 0.411, Yaw_err_deg: 0.340
Epoch: [20/23], Batch: 1100/2963, Loss: 39.579, Trans_L2_m: 0.287, Yaw_err_deg: 0.479
Epoch: [20/23], Batch: 1110/2963, Loss: 48.037, Trans_L2_m: 0.311, Yaw_err_deg: 0.343
Epoch: [20/23], Batch: 1120/2963, Loss: 41.696, Trans_L2_m: 0.372, Yaw_err_deg: 0.642
Epoch: [20/23], Batch: 1130/2963, Loss: 47.021, Trans_L2_m: 0.350, Yaw_err_deg: 0.761
Epoch: [20/23], Batch: 1140/2963, Loss: 45.464, Trans_L2_m: 0.366, Yaw_err_deg: 0.643
Epoch: [20/23], Batch: 1150/2963, Loss: 43.006, Trans_L2_m: 0.401, Yaw_err_deg: 0.453
Epoch: [20/23], Batch: 1160/2963, Loss: 42.078, Trans_L2_m: 0.436, Yaw_err_deg: 0.442
Epoch: [20/23], Batch: 1170/2963, Loss: 45.232, Trans_L2_m: 0.397, Yaw_err_deg: 0.447
Epoch: [20/23], Batch: 1180/2963, Loss: 39.994, Trans_L2_m: 0.284, Yaw_err_deg: 0.464
Epoch: [20/23], Batch: 1190/2963, Loss: 38.044, Trans_L2_m: 0.307, Yaw_err_deg: 0.558
Epoch: [20/23], Batch: 1200/2963, Loss: 44.707, Trans_L2_m: 0.457, Yaw_err_deg: 0.413
Epoch: [20/23], Batch: 1210/2963, Loss: 41.923, Trans_L2_m: 0.321, Yaw_err_deg: 0.701
Epoch: [20/23], Batch: 1220/2963, Loss: 40.804, Trans_L2_m: 0.441, Yaw_err_deg: 0.483
Epoch: [20/23], Batch: 1230/2963, Loss: 49.331, Trans_L2_m: 0.349, Yaw_err_deg: 0.651
Epoch: [20/23], Batch: 1240/2963, Loss: 44.933, Trans_L2_m: 0.406, Yaw_err_deg: 0.733
Epoch: [20/23], Batch: 1250/2963, Loss: 40.188, Trans_L2_m: 0.296, Yaw_err_deg: 0.572
Epoch: [20/23], Batch: 1260/2963, Loss: 44.012, Trans_L2_m: 0.350, Yaw_err_deg: 0.620
Epoch: [20/23], Batch: 1270/2963, Loss: 38.511, Trans_L2_m: 0.378, Yaw_err_deg: 0.420
Epoch: [20/23], Batch: 1280/2963, Loss: 45.555, Trans_L2_m: 0.413, Yaw_err_deg: 0.395
Epoch: [20/23], Batch: 1290/2963, Loss: 40.011, Trans_L2_m: 0.373, Yaw_err_deg: 0.579
Epoch: [20/23], Batch: 1300/2963, Loss: 48.436, Trans_L2_m: 0.353, Yaw_err_deg: 0.801
Epoch: [20/23], Batch: 1310/2963, Loss: 42.474, Trans_L2_m: 0.292, Yaw_err_deg: 0.511
Epoch: [20/23], Batch: 1320/2963, Loss: 43.619, Trans_L2_m: 0.447, Yaw_err_deg: 0.530
Epoch: [20/23], Batch: 1330/2963, Loss: 43.648, Trans_L2_m: 0.365, Yaw_err_deg: 0.582
Epoch: [20/23], Batch: 1340/2963, Loss: 38.819, Trans_L2_m: 0.366, Yaw_err_deg: 0.488
Epoch: [20/23], Batch: 1350/2963, Loss: 44.065, Trans_L2_m: 0.306, Yaw_err_deg: 0.464
Epoch: [20/23], Batch: 1360/2963, Loss: 58.287, Trans_L2_m: 0.423, Yaw_err_deg: 0.493
Epoch: [20/23], Batch: 1370/2963, Loss: 48.769, Trans_L2_m: 0.330, Yaw_err_deg: 0.639
Epoch: [20/23], Batch: 1380/2963, Loss: 44.817, Trans_L2_m: 0.449, Yaw_err_deg: 0.526
Epoch: [20/23], Batch: 1390/2963, Loss: 37.254, Trans_L2_m: 0.286, Yaw_err_deg: 0.488
Epoch: [20/23], Batch: 1400/2963, Loss: 42.023, Trans_L2_m: 0.269, Yaw_err_deg: 0.559
Epoch: [20/23], Batch: 1410/2963, Loss: 43.529, Trans_L2_m: 0.357, Yaw_err_deg: 0.578
Epoch: [20/23], Batch: 1420/2963, Loss: 45.025, Trans_L2_m: 0.364, Yaw_err_deg: 0.631
Epoch: [20/23], Batch: 1430/2963, Loss: 58.847, Trans_L2_m: 0.255, Yaw_err_deg: 0.954
Epoch: [20/23], Batch: 1440/2963, Loss: 47.553, Trans_L2_m: 0.479, Yaw_err_deg: 0.552
Epoch: [20/23], Batch: 1450/2963, Loss: 45.917, Trans_L2_m: 0.260, Yaw_err_deg: 0.794
Epoch: [20/23], Batch: 1460/2963, Loss: 39.974, Trans_L2_m: 0.357, Yaw_err_deg: 0.577
Epoch: [20/23], Batch: 1470/2963, Loss: 48.559, Trans_L2_m: 0.437, Yaw_err_deg: 0.603
Epoch: [20/23], Batch: 1480/2963, Loss: 43.043, Trans_L2_m: 0.281, Yaw_err_deg: 0.527
Epoch: [20/23], Batch: 1490/2963, Loss: 48.441, Trans_L2_m: 0.474, Yaw_err_deg: 0.693
Epoch: [20/23], Batch: 1500/2963, Loss: 47.683, Trans_L2_m: 0.435, Yaw_err_deg: 0.557
Epoch: [20/23], Batch: 1510/2963, Loss: 44.330, Trans_L2_m: 0.408, Yaw_err_deg: 0.604
Epoch: [20/23], Batch: 1520/2963, Loss: 44.351, Trans_L2_m: 0.375, Yaw_err_deg: 0.505
Epoch: [20/23], Batch: 1530/2963, Loss: 42.824, Trans_L2_m: 0.281, Yaw_err_deg: 0.577
Epoch: [20/23], Batch: 1540/2963, Loss: 42.942, Trans_L2_m: 0.433, Yaw_err_deg: 0.503
Epoch: [20/23], Batch: 1550/2963, Loss: 43.375, Trans_L2_m: 0.356, Yaw_err_deg: 0.732
Epoch: [20/23], Batch: 1560/2963, Loss: 48.788, Trans_L2_m: 0.501, Yaw_err_deg: 0.477
Epoch: [20/23], Batch: 1570/2963, Loss: 47.178, Trans_L2_m: 0.234, Yaw_err_deg: 0.836
Epoch: [20/23], Batch: 1580/2963, Loss: 42.516, Trans_L2_m: 0.321, Yaw_err_deg: 0.636
Epoch: [20/23], Batch: 1590/2963, Loss: 46.270, Trans_L2_m: 0.318, Yaw_err_deg: 0.682
Epoch: [20/23], Batch: 1600/2963, Loss: 40.796, Trans_L2_m: 0.376, Yaw_err_deg: 0.405
Epoch: [20/23], Batch: 1610/2963, Loss: 38.386, Trans_L2_m: 0.395, Yaw_err_deg: 0.323
Epoch: [20/23], Batch: 1620/2963, Loss: 43.675, Trans_L2_m: 0.314, Yaw_err_deg: 0.551
Epoch: [20/23], Batch: 1630/2963, Loss: 52.936, Trans_L2_m: 0.330, Yaw_err_deg: 0.639
Epoch: [20/23], Batch: 1640/2963, Loss: 40.071, Trans_L2_m: 0.314, Yaw_err_deg: 0.536
Epoch: [20/23], Batch: 1650/2963, Loss: 43.861, Trans_L2_m: 0.329, Yaw_err_deg: 0.551
Epoch: [20/23], Batch: 1660/2963, Loss: 46.093, Trans_L2_m: 0.350, Yaw_err_deg: 0.490
Epoch: [20/23], Batch: 1670/2963, Loss: 44.129, Trans_L2_m: 0.470, Yaw_err_deg: 0.750
Epoch: [20/23], Batch: 1680/2963, Loss: 42.382, Trans_L2_m: 0.387, Yaw_err_deg: 0.499
Epoch: [20/23], Batch: 1690/2963, Loss: 39.443, Trans_L2_m: 0.271, Yaw_err_deg: 0.462
Epoch: [20/23], Batch: 1700/2963, Loss: 44.852, Trans_L2_m: 0.397, Yaw_err_deg: 0.784
Epoch: [20/23], Batch: 1710/2963, Loss: 41.653, Trans_L2_m: 0.360, Yaw_err_deg: 0.446
Epoch: [20/23], Batch: 1720/2963, Loss: 51.499, Trans_L2_m: 0.399, Yaw_err_deg: 0.742
Epoch: [20/23], Batch: 1730/2963, Loss: 44.160, Trans_L2_m: 0.330, Yaw_err_deg: 0.751
Epoch: [20/23], Batch: 1740/2963, Loss: 43.712, Trans_L2_m: 0.358, Yaw_err_deg: 0.566
Epoch: [20/23], Batch: 1750/2963, Loss: 39.692, Trans_L2_m: 0.321, Yaw_err_deg: 0.488
Epoch: [20/23], Batch: 1760/2963, Loss: 44.093, Trans_L2_m: 0.339, Yaw_err_deg: 0.623
Epoch: [20/23], Batch: 1770/2963, Loss: 35.440, Trans_L2_m: 0.369, Yaw_err_deg: 0.619
Epoch: [20/23], Batch: 1780/2963, Loss: 36.317, Trans_L2_m: 0.270, Yaw_err_deg: 0.413
Epoch: [20/23], Batch: 1790/2963, Loss: 41.556, Trans_L2_m: 0.271, Yaw_err_deg: 0.624
Epoch: [20/23], Batch: 1800/2963, Loss: 43.293, Trans_L2_m: 0.309, Yaw_err_deg: 0.679
Epoch: [20/23], Batch: 1810/2963, Loss: 40.966, Trans_L2_m: 0.329, Yaw_err_deg: 0.570
Epoch: [20/23], Batch: 1820/2963, Loss: 48.877, Trans_L2_m: 0.322, Yaw_err_deg: 0.876
Epoch: [20/23], Batch: 1830/2963, Loss: 50.616, Trans_L2_m: 0.436, Yaw_err_deg: 0.530
Epoch: [20/23], Batch: 1840/2963, Loss: 50.534, Trans_L2_m: 0.296, Yaw_err_deg: 1.021
Epoch: [20/23], Batch: 1850/2963, Loss: 45.280, Trans_L2_m: 0.402, Yaw_err_deg: 0.483
Epoch: [20/23], Batch: 1860/2963, Loss: 39.084, Trans_L2_m: 0.269, Yaw_err_deg: 0.555
Epoch: [20/23], Batch: 1870/2963, Loss: 37.774, Trans_L2_m: 0.384, Yaw_err_deg: 0.538
Epoch: [20/23], Batch: 1880/2963, Loss: 42.610, Trans_L2_m: 0.203, Yaw_err_deg: 0.809
Epoch: [20/23], Batch: 1890/2963, Loss: 42.554, Trans_L2_m: 0.349, Yaw_err_deg: 0.631
Epoch: [20/23], Batch: 1900/2963, Loss: 48.502, Trans_L2_m: 0.409, Yaw_err_deg: 0.688
Epoch: [20/23], Batch: 1910/2963, Loss: 45.088, Trans_L2_m: 0.372, Yaw_err_deg: 0.544
Epoch: [20/23], Batch: 1920/2963, Loss: 42.305, Trans_L2_m: 0.348, Yaw_err_deg: 0.611
Epoch: [20/23], Batch: 1930/2963, Loss: 48.979, Trans_L2_m: 0.452, Yaw_err_deg: 0.475
Epoch: [20/23], Batch: 1940/2963, Loss: 48.639, Trans_L2_m: 0.329, Yaw_err_deg: 0.817
Epoch: [20/23], Batch: 1950/2963, Loss: 52.531, Trans_L2_m: 0.223, Yaw_err_deg: 0.840
Epoch: [20/23], Batch: 1960/2963, Loss: 36.821, Trans_L2_m: 0.264, Yaw_err_deg: 0.461
Epoch: [20/23], Batch: 1970/2963, Loss: 35.691, Trans_L2_m: 0.258, Yaw_err_deg: 0.395
Epoch: [20/23], Batch: 1980/2963, Loss: 44.669, Trans_L2_m: 0.455, Yaw_err_deg: 0.677
Epoch: [20/23], Batch: 1990/2963, Loss: 41.799, Trans_L2_m: 0.286, Yaw_err_deg: 0.539
Epoch: [20/23], Batch: 2000/2963, Loss: 46.488, Trans_L2_m: 0.509, Yaw_err_deg: 0.510
Epoch: [20/23], Batch: 2010/2963, Loss: 45.305, Trans_L2_m: 0.486, Yaw_err_deg: 0.609
Epoch: [20/23], Batch: 2020/2963, Loss: 42.335, Trans_L2_m: 0.306, Yaw_err_deg: 0.425
Epoch: [20/23], Batch: 2030/2963, Loss: 44.844, Trans_L2_m: 0.384, Yaw_err_deg: 0.590
Epoch: [20/23], Batch: 2040/2963, Loss: 45.370, Trans_L2_m: 0.357, Yaw_err_deg: 0.665
Epoch: [20/23], Batch: 2050/2963, Loss: 52.778, Trans_L2_m: 0.390, Yaw_err_deg: 0.606
Epoch: [20/23], Batch: 2060/2963, Loss: 41.871, Trans_L2_m: 0.262, Yaw_err_deg: 0.711
Epoch: [20/23], Batch: 2070/2963, Loss: 44.260, Trans_L2_m: 0.311, Yaw_err_deg: 0.573
Epoch: [20/23], Batch: 2080/2963, Loss: 42.567, Trans_L2_m: 0.233, Yaw_err_deg: 0.741
Epoch: [20/23], Batch: 2090/2963, Loss: 40.282, Trans_L2_m: 0.263, Yaw_err_deg: 0.668
Epoch: [20/23], Batch: 2100/2963, Loss: 40.798, Trans_L2_m: 0.361, Yaw_err_deg: 0.460
Epoch: [20/23], Batch: 2110/2963, Loss: 44.699, Trans_L2_m: 0.419, Yaw_err_deg: 0.374
Epoch: [20/23], Batch: 2120/2963, Loss: 42.169, Trans_L2_m: 0.313, Yaw_err_deg: 0.806
Epoch: [20/23], Batch: 2130/2963, Loss: 42.539, Trans_L2_m: 0.303, Yaw_err_deg: 0.565
Epoch: [20/23], Batch: 2140/2963, Loss: 42.235, Trans_L2_m: 0.368, Yaw_err_deg: 0.809
Epoch: [20/23], Batch: 2150/2963, Loss: 46.067, Trans_L2_m: 0.360, Yaw_err_deg: 0.595
Epoch: [20/23], Batch: 2160/2963, Loss: 46.705, Trans_L2_m: 0.361, Yaw_err_deg: 0.604
Epoch: [20/23], Batch: 2170/2963, Loss: 37.604, Trans_L2_m: 0.281, Yaw_err_deg: 0.369
Epoch: [20/23], Batch: 2180/2963, Loss: 49.447, Trans_L2_m: 0.380, Yaw_err_deg: 0.394
Epoch: [20/23], Batch: 2190/2963, Loss: 46.044, Trans_L2_m: 0.215, Yaw_err_deg: 0.786
Epoch: [20/23], Batch: 2200/2963, Loss: 51.533, Trans_L2_m: 0.403, Yaw_err_deg: 0.412
Epoch: [20/23], Batch: 2210/2963, Loss: 45.256, Trans_L2_m: 0.433, Yaw_err_deg: 0.496
Epoch: [20/23], Batch: 2220/2963, Loss: 47.642, Trans_L2_m: 0.434, Yaw_err_deg: 0.463
Epoch: [20/23], Batch: 2230/2963, Loss: 42.363, Trans_L2_m: 0.301, Yaw_err_deg: 0.632
Epoch: [20/23], Batch: 2240/2963, Loss: 45.112, Trans_L2_m: 0.350, Yaw_err_deg: 0.538
Epoch: [20/23], Batch: 2250/2963, Loss: 40.630, Trans_L2_m: 0.273, Yaw_err_deg: 0.533
Epoch: [20/23], Batch: 2260/2963, Loss: 46.119, Trans_L2_m: 0.487, Yaw_err_deg: 0.610
Epoch: [20/23], Batch: 2270/2963, Loss: 39.774, Trans_L2_m: 0.388, Yaw_err_deg: 0.365
Epoch: [20/23], Batch: 2280/2963, Loss: 40.372, Trans_L2_m: 0.488, Yaw_err_deg: 0.408
Epoch: [20/23], Batch: 2290/2963, Loss: 46.108, Trans_L2_m: 0.381, Yaw_err_deg: 0.644
Epoch: [20/23], Batch: 2300/2963, Loss: 42.187, Trans_L2_m: 0.292, Yaw_err_deg: 0.696
Epoch: [20/23], Batch: 2310/2963, Loss: 45.153, Trans_L2_m: 0.378, Yaw_err_deg: 0.600
Epoch: [20/23], Batch: 2320/2963, Loss: 42.105, Trans_L2_m: 0.295, Yaw_err_deg: 0.566
Epoch: [20/23], Batch: 2330/2963, Loss: 44.127, Trans_L2_m: 0.354, Yaw_err_deg: 0.562
Epoch: [20/23], Batch: 2340/2963, Loss: 43.472, Trans_L2_m: 0.368, Yaw_err_deg: 0.685
Epoch: [20/23], Batch: 2350/2963, Loss: 41.047, Trans_L2_m: 0.367, Yaw_err_deg: 0.330
Epoch: [20/23], Batch: 2360/2963, Loss: 45.214, Trans_L2_m: 0.259, Yaw_err_deg: 0.338
Epoch: [20/23], Batch: 2370/2963, Loss: 38.507, Trans_L2_m: 0.225, Yaw_err_deg: 0.736
Epoch: [20/23], Batch: 2380/2963, Loss: 49.164, Trans_L2_m: 0.321, Yaw_err_deg: 0.465
Epoch: [20/23], Batch: 2390/2963, Loss: 44.121, Trans_L2_m: 0.348, Yaw_err_deg: 0.756
Epoch: [20/23], Batch: 2400/2963, Loss: 44.423, Trans_L2_m: 0.424, Yaw_err_deg: 0.572
Epoch: [20/23], Batch: 2410/2963, Loss: 44.804, Trans_L2_m: 0.346, Yaw_err_deg: 0.563
Epoch: [20/23], Batch: 2420/2963, Loss: 41.920, Trans_L2_m: 0.286, Yaw_err_deg: 0.586
Epoch: [20/23], Batch: 2430/2963, Loss: 43.285, Trans_L2_m: 0.308, Yaw_err_deg: 0.734
Epoch: [20/23], Batch: 2440/2963, Loss: 44.888, Trans_L2_m: 0.408, Yaw_err_deg: 0.554
Epoch: [20/23], Batch: 2450/2963, Loss: 42.650, Trans_L2_m: 0.315, Yaw_err_deg: 0.650
Epoch: [20/23], Batch: 2460/2963, Loss: 46.111, Trans_L2_m: 0.371, Yaw_err_deg: 0.581
Epoch: [20/23], Batch: 2470/2963, Loss: 42.667, Trans_L2_m: 0.295, Yaw_err_deg: 0.405
Epoch: [20/23], Batch: 2480/2963, Loss: 44.466, Trans_L2_m: 0.366, Yaw_err_deg: 0.551
Epoch: [20/23], Batch: 2490/2963, Loss: 52.393, Trans_L2_m: 0.439, Yaw_err_deg: 0.678
Epoch: [20/23], Batch: 2500/2963, Loss: 41.662, Trans_L2_m: 0.305, Yaw_err_deg: 0.480
Epoch: [20/23], Batch: 2510/2963, Loss: 47.103, Trans_L2_m: 0.355, Yaw_err_deg: 0.634
Epoch: [20/23], Batch: 2520/2963, Loss: 39.293, Trans_L2_m: 0.284, Yaw_err_deg: 0.651
Epoch: [20/23], Batch: 2530/2963, Loss: 42.317, Trans_L2_m: 0.362, Yaw_err_deg: 0.403
Epoch: [20/23], Batch: 2540/2963, Loss: 37.882, Trans_L2_m: 0.234, Yaw_err_deg: 0.527
Epoch: [20/23], Batch: 2550/2963, Loss: 43.029, Trans_L2_m: 0.438, Yaw_err_deg: 0.499
Epoch: [20/23], Batch: 2560/2963, Loss: 45.672, Trans_L2_m: 0.361, Yaw_err_deg: 0.724
Epoch: [20/23], Batch: 2570/2963, Loss: 35.769, Trans_L2_m: 0.305, Yaw_err_deg: 0.516
Epoch: [20/23], Batch: 2580/2963, Loss: 39.740, Trans_L2_m: 0.251, Yaw_err_deg: 0.508
Epoch: [20/23], Batch: 2590/2963, Loss: 41.078, Trans_L2_m: 0.351, Yaw_err_deg: 0.634
Epoch: [20/23], Batch: 2600/2963, Loss: 47.991, Trans_L2_m: 0.524, Yaw_err_deg: 0.522
Epoch: [20/23], Batch: 2610/2963, Loss: 42.791, Trans_L2_m: 0.325, Yaw_err_deg: 0.512
Epoch: [20/23], Batch: 2620/2963, Loss: 54.481, Trans_L2_m: 0.364, Yaw_err_deg: 0.646
Epoch: [20/23], Batch: 2630/2963, Loss: 39.498, Trans_L2_m: 0.361, Yaw_err_deg: 0.642
Epoch: [20/23], Batch: 2640/2963, Loss: 45.948, Trans_L2_m: 0.312, Yaw_err_deg: 0.740
Epoch: [20/23], Batch: 2650/2963, Loss: 40.164, Trans_L2_m: 0.372, Yaw_err_deg: 0.397
Epoch: [20/23], Batch: 2660/2963, Loss: 46.053, Trans_L2_m: 0.294, Yaw_err_deg: 0.608
Epoch: [20/23], Batch: 2670/2963, Loss: 49.240, Trans_L2_m: 0.429, Yaw_err_deg: 0.683
Epoch: [20/23], Batch: 2680/2963, Loss: 38.921, Trans_L2_m: 0.275, Yaw_err_deg: 0.506
Epoch: [20/23], Batch: 2690/2963, Loss: 41.051, Trans_L2_m: 0.300, Yaw_err_deg: 0.601
Epoch: [20/23], Batch: 2700/2963, Loss: 45.863, Trans_L2_m: 0.376, Yaw_err_deg: 0.778
Epoch: [20/23], Batch: 2710/2963, Loss: 37.499, Trans_L2_m: 0.258, Yaw_err_deg: 0.566
Epoch: [20/23], Batch: 2720/2963, Loss: 48.951, Trans_L2_m: 0.342, Yaw_err_deg: 0.803
Epoch: [20/23], Batch: 2730/2963, Loss: 53.245, Trans_L2_m: 0.399, Yaw_err_deg: 0.587
Epoch: [20/23], Batch: 2740/2963, Loss: 40.311, Trans_L2_m: 0.298, Yaw_err_deg: 0.478
Epoch: [20/23], Batch: 2750/2963, Loss: 52.079, Trans_L2_m: 0.373, Yaw_err_deg: 0.688
Epoch: [20/23], Batch: 2760/2963, Loss: 40.661, Trans_L2_m: 0.253, Yaw_err_deg: 0.831
Epoch: [20/23], Batch: 2770/2963, Loss: 45.906, Trans_L2_m: 0.299, Yaw_err_deg: 0.339
Epoch: [20/23], Batch: 2780/2963, Loss: 40.059, Trans_L2_m: 0.294, Yaw_err_deg: 0.575
Epoch: [20/23], Batch: 2790/2963, Loss: 49.763, Trans_L2_m: 0.302, Yaw_err_deg: 0.785
Epoch: [20/23], Batch: 2800/2963, Loss: 43.619, Trans_L2_m: 0.350, Yaw_err_deg: 0.787
Epoch: [20/23], Batch: 2810/2963, Loss: 42.961, Trans_L2_m: 0.325, Yaw_err_deg: 0.582
Epoch: [20/23], Batch: 2820/2963, Loss: 38.505, Trans_L2_m: 0.392, Yaw_err_deg: 0.438
Epoch: [20/23], Batch: 2830/2963, Loss: 40.142, Trans_L2_m: 0.270, Yaw_err_deg: 0.728
Epoch: [20/23], Batch: 2840/2963, Loss: 41.681, Trans_L2_m: 0.404, Yaw_err_deg: 0.487
Epoch: [20/23], Batch: 2850/2963, Loss: 42.347, Trans_L2_m: 0.393, Yaw_err_deg: 0.585
Epoch: [20/23], Batch: 2860/2963, Loss: 42.364, Trans_L2_m: 0.243, Yaw_err_deg: 0.709
Epoch: [20/23], Batch: 2870/2963, Loss: 42.307, Trans_L2_m: 0.336, Yaw_err_deg: 0.389
Epoch: [20/23], Batch: 2880/2963, Loss: 48.500, Trans_L2_m: 0.287, Yaw_err_deg: 0.670
Epoch: [20/23], Batch: 2890/2963, Loss: 37.810, Trans_L2_m: 0.310, Yaw_err_deg: 0.484
Epoch: [20/23], Batch: 2900/2963, Loss: 44.671, Trans_L2_m: 0.470, Yaw_err_deg: 0.365
Epoch: [20/23], Batch: 2910/2963, Loss: 43.813, Trans_L2_m: 0.389, Yaw_err_deg: 0.466
Epoch: [20/23], Batch: 2920/2963, Loss: 45.413, Trans_L2_m: 0.420, Yaw_err_deg: 0.406
Epoch: [20/23], Batch: 2930/2963, Loss: 41.608, Trans_L2_m: 0.267, Yaw_err_deg: 0.507
Epoch: [20/23], Batch: 2940/2963, Loss: 47.707, Trans_L2_m: 0.316, Yaw_err_deg: 0.599
Epoch: [20/23], Batch: 2950/2963, Loss: 42.511, Trans_L2_m: 0.386, Yaw_err_deg: 0.518
Epoch: [20/23], Batch: 2960/2963, Loss: 42.334, Trans_L2_m: 0.363, Yaw_err_deg: 0.467
Epoch: [21/23], Batch: 0/2963, Loss: 37.664, Trans_L2_m: 0.278, Yaw_err_deg: 0.442
Epoch: [21/23], Batch: 10/2963, Loss: 45.695, Trans_L2_m: 0.361, Yaw_err_deg: 0.689
Epoch: [21/23], Batch: 20/2963, Loss: 49.884, Trans_L2_m: 0.355, Yaw_err_deg: 0.397
Epoch: [21/23], Batch: 30/2963, Loss: 48.153, Trans_L2_m: 0.366, Yaw_err_deg: 0.742
Epoch: [21/23], Batch: 40/2963, Loss: 48.706, Trans_L2_m: 0.300, Yaw_err_deg: 0.540
Epoch: [21/23], Batch: 50/2963, Loss: 45.665, Trans_L2_m: 0.333, Yaw_err_deg: 0.556
Epoch: [21/23], Batch: 60/2963, Loss: 46.049, Trans_L2_m: 0.279, Yaw_err_deg: 0.804
Epoch: [21/23], Batch: 70/2963, Loss: 42.104, Trans_L2_m: 0.363, Yaw_err_deg: 0.508
Epoch: [21/23], Batch: 80/2963, Loss: 46.419, Trans_L2_m: 0.521, Yaw_err_deg: 0.432
Epoch: [21/23], Batch: 90/2963, Loss: 46.804, Trans_L2_m: 0.494, Yaw_err_deg: 0.712
Epoch: [21/23], Batch: 100/2963, Loss: 43.328, Trans_L2_m: 0.425, Yaw_err_deg: 0.357
Epoch: [21/23], Batch: 110/2963, Loss: 43.854, Trans_L2_m: 0.315, Yaw_err_deg: 0.462
Epoch: [21/23], Batch: 120/2963, Loss: 39.304, Trans_L2_m: 0.220, Yaw_err_deg: 0.527
Epoch: [21/23], Batch: 130/2963, Loss: 41.974, Trans_L2_m: 0.307, Yaw_err_deg: 0.686
Epoch: [21/23], Batch: 140/2963, Loss: 46.534, Trans_L2_m: 0.355, Yaw_err_deg: 0.547
Epoch: [21/23], Batch: 150/2963, Loss: 49.445, Trans_L2_m: 0.315, Yaw_err_deg: 0.668
Epoch: [21/23], Batch: 160/2963, Loss: 52.935, Trans_L2_m: 0.308, Yaw_err_deg: 0.882
Epoch: [21/23], Batch: 170/2963, Loss: 45.079, Trans_L2_m: 0.409, Yaw_err_deg: 0.521
Epoch: [21/23], Batch: 180/2963, Loss: 39.473, Trans_L2_m: 0.382, Yaw_err_deg: 0.656
Epoch: [21/23], Batch: 190/2963, Loss: 46.709, Trans_L2_m: 0.282, Yaw_err_deg: 0.486
Epoch: [21/23], Batch: 200/2963, Loss: 48.732, Trans_L2_m: 0.405, Yaw_err_deg: 0.734
Epoch: [21/23], Batch: 210/2963, Loss: 39.152, Trans_L2_m: 0.266, Yaw_err_deg: 0.519
Epoch: [21/23], Batch: 220/2963, Loss: 45.565, Trans_L2_m: 0.381, Yaw_err_deg: 0.629
Epoch: [21/23], Batch: 230/2963, Loss: 47.383, Trans_L2_m: 0.291, Yaw_err_deg: 0.650
Epoch: [21/23], Batch: 240/2963, Loss: 36.533, Trans_L2_m: 0.191, Yaw_err_deg: 0.492
Epoch: [21/23], Batch: 250/2963, Loss: 46.650, Trans_L2_m: 0.489, Yaw_err_deg: 0.515
Epoch: [21/23], Batch: 260/2963, Loss: 39.078, Trans_L2_m: 0.254, Yaw_err_deg: 0.441
Epoch: [21/23], Batch: 270/2963, Loss: 42.972, Trans_L2_m: 0.465, Yaw_err_deg: 0.461
Epoch: [21/23], Batch: 280/2963, Loss: 45.254, Trans_L2_m: 0.362, Yaw_err_deg: 0.499
Epoch: [21/23], Batch: 290/2963, Loss: 47.530, Trans_L2_m: 0.397, Yaw_err_deg: 0.668
Epoch: [21/23], Batch: 300/2963, Loss: 36.224, Trans_L2_m: 0.240, Yaw_err_deg: 0.515
Epoch: [21/23], Batch: 310/2963, Loss: 39.741, Trans_L2_m: 0.333, Yaw_err_deg: 0.583
Epoch: [21/23], Batch: 320/2963, Loss: 46.004, Trans_L2_m: 0.388, Yaw_err_deg: 0.642
Epoch: [21/23], Batch: 330/2963, Loss: 41.282, Trans_L2_m: 0.327, Yaw_err_deg: 0.601
Epoch: [21/23], Batch: 340/2963, Loss: 42.405, Trans_L2_m: 0.353, Yaw_err_deg: 0.569
Epoch: [21/23], Batch: 350/2963, Loss: 42.807, Trans_L2_m: 0.332, Yaw_err_deg: 0.532
Epoch: [21/23], Batch: 360/2963, Loss: 46.733, Trans_L2_m: 0.415, Yaw_err_deg: 0.551
Epoch: [21/23], Batch: 370/2963, Loss: 44.178, Trans_L2_m: 0.381, Yaw_err_deg: 0.576
Epoch: [21/23], Batch: 380/2963, Loss: 40.055, Trans_L2_m: 0.425, Yaw_err_deg: 0.321
Epoch: [21/23], Batch: 390/2963, Loss: 41.815, Trans_L2_m: 0.171, Yaw_err_deg: 0.769
Epoch: [21/23], Batch: 400/2963, Loss: 45.645, Trans_L2_m: 0.384, Yaw_err_deg: 0.588
Epoch: [21/23], Batch: 410/2963, Loss: 42.880, Trans_L2_m: 0.273, Yaw_err_deg: 0.653
Epoch: [21/23], Batch: 420/2963, Loss: 47.701, Trans_L2_m: 0.419, Yaw_err_deg: 0.472
Epoch: [21/23], Batch: 430/2963, Loss: 43.795, Trans_L2_m: 0.328, Yaw_err_deg: 0.670
Epoch: [21/23], Batch: 440/2963, Loss: 40.611, Trans_L2_m: 0.261, Yaw_err_deg: 0.486
Epoch: [21/23], Batch: 450/2963, Loss: 44.805, Trans_L2_m: 0.399, Yaw_err_deg: 0.666
Epoch: [21/23], Batch: 460/2963, Loss: 43.740, Trans_L2_m: 0.376, Yaw_err_deg: 0.507
Epoch: [21/23], Batch: 470/2963, Loss: 49.301, Trans_L2_m: 0.333, Yaw_err_deg: 0.520
Epoch: [21/23], Batch: 480/2963, Loss: 45.198, Trans_L2_m: 0.502, Yaw_err_deg: 0.440
Epoch: [21/23], Batch: 490/2963, Loss: 41.551, Trans_L2_m: 0.347, Yaw_err_deg: 0.525
Epoch: [21/23], Batch: 500/2963, Loss: 38.303, Trans_L2_m: 0.361, Yaw_err_deg: 0.277
Epoch: [21/23], Batch: 510/2963, Loss: 45.722, Trans_L2_m: 0.475, Yaw_err_deg: 0.575
Epoch: [21/23], Batch: 520/2963, Loss: 49.635, Trans_L2_m: 0.331, Yaw_err_deg: 0.794
Epoch: [21/23], Batch: 530/2963, Loss: 40.414, Trans_L2_m: 0.287, Yaw_err_deg: 0.539
Epoch: [21/23], Batch: 540/2963, Loss: 44.364, Trans_L2_m: 0.400, Yaw_err_deg: 0.727
Epoch: [21/23], Batch: 550/2963, Loss: 39.355, Trans_L2_m: 0.326, Yaw_err_deg: 0.443
Epoch: [21/23], Batch: 560/2963, Loss: 49.177, Trans_L2_m: 0.371, Yaw_err_deg: 0.908
Epoch: [21/23], Batch: 570/2963, Loss: 62.535, Trans_L2_m: 0.319, Yaw_err_deg: 1.604
Epoch: [21/23], Batch: 580/2963, Loss: 43.113, Trans_L2_m: 0.369, Yaw_err_deg: 0.530
Epoch: [21/23], Batch: 590/2963, Loss: 43.253, Trans_L2_m: 0.485, Yaw_err_deg: 0.420
Epoch: [21/23], Batch: 600/2963, Loss: 44.178, Trans_L2_m: 0.391, Yaw_err_deg: 0.396
Epoch: [21/23], Batch: 610/2963, Loss: 51.279, Trans_L2_m: 0.415, Yaw_err_deg: 0.475
Epoch: [21/23], Batch: 620/2963, Loss: 48.478, Trans_L2_m: 0.495, Yaw_err_deg: 0.602
Epoch: [21/23], Batch: 630/2963, Loss: 46.576, Trans_L2_m: 0.453, Yaw_err_deg: 0.516
Epoch: [21/23], Batch: 640/2963, Loss: 37.237, Trans_L2_m: 0.280, Yaw_err_deg: 0.492
Epoch: [21/23], Batch: 650/2963, Loss: 44.064, Trans_L2_m: 0.378, Yaw_err_deg: 0.626
Epoch: [21/23], Batch: 660/2963, Loss: 39.158, Trans_L2_m: 0.338, Yaw_err_deg: 0.373
Epoch: [21/23], Batch: 670/2963, Loss: 46.977, Trans_L2_m: 0.442, Yaw_err_deg: 0.482
Epoch: [21/23], Batch: 680/2963, Loss: 38.532, Trans_L2_m: 0.383, Yaw_err_deg: 0.318
Epoch: [21/23], Batch: 690/2963, Loss: 50.355, Trans_L2_m: 0.338, Yaw_err_deg: 0.609
Epoch: [21/23], Batch: 700/2963, Loss: 44.846, Trans_L2_m: 0.344, Yaw_err_deg: 0.665
Epoch: [21/23], Batch: 710/2963, Loss: 43.948, Trans_L2_m: 0.370, Yaw_err_deg: 0.615
Epoch: [21/23], Batch: 720/2963, Loss: 43.373, Trans_L2_m: 0.399, Yaw_err_deg: 0.258
Epoch: [21/23], Batch: 730/2963, Loss: 54.681, Trans_L2_m: 0.362, Yaw_err_deg: 0.699
Epoch: [21/23], Batch: 740/2963, Loss: 44.084, Trans_L2_m: 0.390, Yaw_err_deg: 0.457
Epoch: [21/23], Batch: 750/2963, Loss: 44.047, Trans_L2_m: 0.422, Yaw_err_deg: 0.505
Epoch: [21/23], Batch: 760/2963, Loss: 45.461, Trans_L2_m: 0.373, Yaw_err_deg: 0.454
Epoch: [21/23], Batch: 770/2963, Loss: 43.052, Trans_L2_m: 0.398, Yaw_err_deg: 0.462
Epoch: [21/23], Batch: 780/2963, Loss: 47.229, Trans_L2_m: 0.451, Yaw_err_deg: 0.603
Epoch: [21/23], Batch: 790/2963, Loss: 45.780, Trans_L2_m: 0.472, Yaw_err_deg: 0.544
Epoch: [21/23], Batch: 800/2963, Loss: 42.218, Trans_L2_m: 0.285, Yaw_err_deg: 0.345
Epoch: [21/23], Batch: 810/2963, Loss: 34.563, Trans_L2_m: 0.191, Yaw_err_deg: 0.516
Epoch: [21/23], Batch: 820/2963, Loss: 39.019, Trans_L2_m: 0.334, Yaw_err_deg: 0.378
Epoch: [21/23], Batch: 830/2963, Loss: 38.807, Trans_L2_m: 0.317, Yaw_err_deg: 0.641
Epoch: [21/23], Batch: 840/2963, Loss: 47.553, Trans_L2_m: 0.285, Yaw_err_deg: 0.623
Epoch: [21/23], Batch: 850/2963, Loss: 45.491, Trans_L2_m: 0.268, Yaw_err_deg: 0.669
Epoch: [21/23], Batch: 860/2963, Loss: 39.714, Trans_L2_m: 0.259, Yaw_err_deg: 0.281
Epoch: [21/23], Batch: 870/2963, Loss: 41.552, Trans_L2_m: 0.357, Yaw_err_deg: 0.562
Epoch: [21/23], Batch: 880/2963, Loss: 39.564, Trans_L2_m: 0.377, Yaw_err_deg: 0.506
Epoch: [21/23], Batch: 890/2963, Loss: 42.902, Trans_L2_m: 0.332, Yaw_err_deg: 0.585
Epoch: [21/23], Batch: 900/2963, Loss: 40.964, Trans_L2_m: 0.337, Yaw_err_deg: 0.426
Epoch: [21/23], Batch: 910/2963, Loss: 42.355, Trans_L2_m: 0.345, Yaw_err_deg: 0.305
Epoch: [21/23], Batch: 920/2963, Loss: 43.150, Trans_L2_m: 0.330, Yaw_err_deg: 0.689
Epoch: [21/23], Batch: 930/2963, Loss: 40.433, Trans_L2_m: 0.338, Yaw_err_deg: 0.527
Epoch: [21/23], Batch: 940/2963, Loss: 40.142, Trans_L2_m: 0.329, Yaw_err_deg: 0.542
Epoch: [21/23], Batch: 950/2963, Loss: 40.578, Trans_L2_m: 0.295, Yaw_err_deg: 0.250
Epoch: [21/23], Batch: 960/2963, Loss: 39.089, Trans_L2_m: 0.357, Yaw_err_deg: 0.297
Epoch: [21/23], Batch: 970/2963, Loss: 44.961, Trans_L2_m: 0.470, Yaw_err_deg: 0.588
Epoch: [21/23], Batch: 980/2963, Loss: 41.209, Trans_L2_m: 0.278, Yaw_err_deg: 0.675
Epoch: [21/23], Batch: 990/2963, Loss: 35.858, Trans_L2_m: 0.297, Yaw_err_deg: 0.409
Epoch: [21/23], Batch: 1000/2963, Loss: 45.393, Trans_L2_m: 0.281, Yaw_err_deg: 0.672
Epoch: [21/23], Batch: 1010/2963, Loss: 35.600, Trans_L2_m: 0.254, Yaw_err_deg: 0.494
Epoch: [21/23], Batch: 1020/2963, Loss: 44.043, Trans_L2_m: 0.351, Yaw_err_deg: 0.565
Epoch: [21/23], Batch: 1030/2963, Loss: 48.911, Trans_L2_m: 0.480, Yaw_err_deg: 0.571
Epoch: [21/23], Batch: 1040/2963, Loss: 41.729, Trans_L2_m: 0.344, Yaw_err_deg: 0.473
Epoch: [21/23], Batch: 1050/2963, Loss: 48.961, Trans_L2_m: 0.428, Yaw_err_deg: 0.443
Epoch: [21/23], Batch: 1060/2963, Loss: 48.977, Trans_L2_m: 0.340, Yaw_err_deg: 0.821
Epoch: [21/23], Batch: 1070/2963, Loss: 40.306, Trans_L2_m: 0.329, Yaw_err_deg: 0.353
Epoch: [21/23], Batch: 1080/2963, Loss: 39.531, Trans_L2_m: 0.264, Yaw_err_deg: 0.644
Epoch: [21/23], Batch: 1090/2963, Loss: 43.777, Trans_L2_m: 0.436, Yaw_err_deg: 0.442
Epoch: [21/23], Batch: 1100/2963, Loss: 44.831, Trans_L2_m: 0.530, Yaw_err_deg: 0.338
Epoch: [21/23], Batch: 1110/2963, Loss: 41.282, Trans_L2_m: 0.259, Yaw_err_deg: 0.599
Epoch: [21/23], Batch: 1120/2963, Loss: 44.599, Trans_L2_m: 0.463, Yaw_err_deg: 0.582
Epoch: [21/23], Batch: 1130/2963, Loss: 44.261, Trans_L2_m: 0.388, Yaw_err_deg: 0.542
Epoch: [21/23], Batch: 1140/2963, Loss: 44.995, Trans_L2_m: 0.281, Yaw_err_deg: 0.383
Epoch: [21/23], Batch: 1150/2963, Loss: 37.459, Trans_L2_m: 0.404, Yaw_err_deg: 0.474
Epoch: [21/23], Batch: 1160/2963, Loss: 44.123, Trans_L2_m: 0.335, Yaw_err_deg: 0.568
Epoch: [21/23], Batch: 1170/2963, Loss: 50.439, Trans_L2_m: 0.282, Yaw_err_deg: 1.027
Epoch: [21/23], Batch: 1180/2963, Loss: 44.196, Trans_L2_m: 0.351, Yaw_err_deg: 0.583
Epoch: [21/23], Batch: 1190/2963, Loss: 50.613, Trans_L2_m: 0.521, Yaw_err_deg: 0.601
Epoch: [21/23], Batch: 1200/2963, Loss: 47.714, Trans_L2_m: 0.465, Yaw_err_deg: 0.667
Epoch: [21/23], Batch: 1210/2963, Loss: 38.578, Trans_L2_m: 0.221, Yaw_err_deg: 0.533
Epoch: [21/23], Batch: 1220/2963, Loss: 41.028, Trans_L2_m: 0.317, Yaw_err_deg: 0.475
Epoch: [21/23], Batch: 1230/2963, Loss: 39.630, Trans_L2_m: 0.347, Yaw_err_deg: 0.462
Epoch: [21/23], Batch: 1240/2963, Loss: 44.678, Trans_L2_m: 0.352, Yaw_err_deg: 0.688
Epoch: [21/23], Batch: 1250/2963, Loss: 53.125, Trans_L2_m: 0.421, Yaw_err_deg: 0.492
Epoch: [21/23], Batch: 1260/2963, Loss: 42.251, Trans_L2_m: 0.355, Yaw_err_deg: 0.503
Epoch: [21/23], Batch: 1270/2963, Loss: 41.792, Trans_L2_m: 0.347, Yaw_err_deg: 0.403
Epoch: [21/23], Batch: 1280/2963, Loss: 43.698, Trans_L2_m: 0.308, Yaw_err_deg: 0.594
Epoch: [21/23], Batch: 1290/2963, Loss: 42.999, Trans_L2_m: 0.330, Yaw_err_deg: 0.603
Epoch: [21/23], Batch: 1300/2963, Loss: 41.552, Trans_L2_m: 0.420, Yaw_err_deg: 0.521
Epoch: [21/23], Batch: 1310/2963, Loss: 46.857, Trans_L2_m: 0.520, Yaw_err_deg: 0.652
Epoch: [21/23], Batch: 1320/2963, Loss: 41.839, Trans_L2_m: 0.372, Yaw_err_deg: 0.454
Epoch: [21/23], Batch: 1330/2963, Loss: 41.818, Trans_L2_m: 0.285, Yaw_err_deg: 0.644
Epoch: [21/23], Batch: 1340/2963, Loss: 37.296, Trans_L2_m: 0.283, Yaw_err_deg: 0.436
Epoch: [21/23], Batch: 1350/2963, Loss: 40.312, Trans_L2_m: 0.411, Yaw_err_deg: 0.401
Epoch: [21/23], Batch: 1360/2963, Loss: 43.720, Trans_L2_m: 0.252, Yaw_err_deg: 0.614
Epoch: [21/23], Batch: 1370/2963, Loss: 43.375, Trans_L2_m: 0.339, Yaw_err_deg: 0.509
Epoch: [21/23], Batch: 1380/2963, Loss: 39.621, Trans_L2_m: 0.357, Yaw_err_deg: 0.505
Epoch: [21/23], Batch: 1390/2963, Loss: 38.287, Trans_L2_m: 0.275, Yaw_err_deg: 0.494
Epoch: [21/23], Batch: 1400/2963, Loss: 44.771, Trans_L2_m: 0.377, Yaw_err_deg: 0.554
Epoch: [21/23], Batch: 1410/2963, Loss: 43.217, Trans_L2_m: 0.322, Yaw_err_deg: 0.637
Epoch: [21/23], Batch: 1420/2963, Loss: 39.179, Trans_L2_m: 0.435, Yaw_err_deg: 0.503
Epoch: [21/23], Batch: 1430/2963, Loss: 38.999, Trans_L2_m: 0.342, Yaw_err_deg: 0.435
Epoch: [21/23], Batch: 1440/2963, Loss: 36.617, Trans_L2_m: 0.223, Yaw_err_deg: 0.345
Epoch: [21/23], Batch: 1450/2963, Loss: 37.568, Trans_L2_m: 0.347, Yaw_err_deg: 0.450
Epoch: [21/23], Batch: 1460/2963, Loss: 40.644, Trans_L2_m: 0.365, Yaw_err_deg: 0.629
Epoch: [21/23], Batch: 1470/2963, Loss: 48.531, Trans_L2_m: 0.329, Yaw_err_deg: 0.621
Epoch: [21/23], Batch: 1480/2963, Loss: 40.830, Trans_L2_m: 0.246, Yaw_err_deg: 0.628
Epoch: [21/23], Batch: 1490/2963, Loss: 42.318, Trans_L2_m: 0.379, Yaw_err_deg: 0.514
Epoch: [21/23], Batch: 1500/2963, Loss: 44.515, Trans_L2_m: 0.458, Yaw_err_deg: 0.513
Epoch: [21/23], Batch: 1510/2963, Loss: 42.034, Trans_L2_m: 0.337, Yaw_err_deg: 0.430
Epoch: [21/23], Batch: 1520/2963, Loss: 41.916, Trans_L2_m: 0.335, Yaw_err_deg: 0.760
Epoch: [21/23], Batch: 1530/2963, Loss: 41.320, Trans_L2_m: 0.329, Yaw_err_deg: 0.483
Epoch: [21/23], Batch: 1540/2963, Loss: 41.309, Trans_L2_m: 0.345, Yaw_err_deg: 0.431
Epoch: [21/23], Batch: 1550/2963, Loss: 40.932, Trans_L2_m: 0.299, Yaw_err_deg: 0.566
Epoch: [21/23], Batch: 1560/2963, Loss: 43.335, Trans_L2_m: 0.330, Yaw_err_deg: 0.594
Epoch: [21/23], Batch: 1570/2963, Loss: 42.047, Trans_L2_m: 0.231, Yaw_err_deg: 0.781
Epoch: [21/23], Batch: 1580/2963, Loss: 40.265, Trans_L2_m: 0.315, Yaw_err_deg: 0.540
Epoch: [21/23], Batch: 1590/2963, Loss: 45.673, Trans_L2_m: 0.372, Yaw_err_deg: 0.649
Epoch: [21/23], Batch: 1600/2963, Loss: 47.550, Trans_L2_m: 0.437, Yaw_err_deg: 0.488
Epoch: [21/23], Batch: 1610/2963, Loss: 45.514, Trans_L2_m: 0.336, Yaw_err_deg: 0.527
Epoch: [21/23], Batch: 1620/2963, Loss: 42.093, Trans_L2_m: 0.341, Yaw_err_deg: 0.584
Epoch: [21/23], Batch: 1630/2963, Loss: 42.685, Trans_L2_m: 0.444, Yaw_err_deg: 0.521
Epoch: [21/23], Batch: 1640/2963, Loss: 44.338, Trans_L2_m: 0.400, Yaw_err_deg: 0.547
Epoch: [21/23], Batch: 1650/2963, Loss: 46.099, Trans_L2_m: 0.421, Yaw_err_deg: 0.512
Epoch: [21/23], Batch: 1660/2963, Loss: 42.029, Trans_L2_m: 0.268, Yaw_err_deg: 0.830
Epoch: [21/23], Batch: 1670/2963, Loss: 43.547, Trans_L2_m: 0.329, Yaw_err_deg: 0.609
Epoch: [21/23], Batch: 1680/2963, Loss: 42.646, Trans_L2_m: 0.266, Yaw_err_deg: 0.683
Epoch: [21/23], Batch: 1690/2963, Loss: 47.273, Trans_L2_m: 0.321, Yaw_err_deg: 0.830
Epoch: [21/23], Batch: 1700/2963, Loss: 46.679, Trans_L2_m: 0.407, Yaw_err_deg: 0.758
Epoch: [21/23], Batch: 1710/2963, Loss: 43.864, Trans_L2_m: 0.511, Yaw_err_deg: 0.330
Epoch: [21/23], Batch: 1720/2963, Loss: 43.178, Trans_L2_m: 0.382, Yaw_err_deg: 0.473
Epoch: [21/23], Batch: 1730/2963, Loss: 52.905, Trans_L2_m: 0.228, Yaw_err_deg: 0.787
Epoch: [21/23], Batch: 1740/2963, Loss: 40.184, Trans_L2_m: 0.231, Yaw_err_deg: 0.558
Epoch: [21/23], Batch: 1750/2963, Loss: 43.620, Trans_L2_m: 0.335, Yaw_err_deg: 0.582
Epoch: [21/23], Batch: 1760/2963, Loss: 41.303, Trans_L2_m: 0.271, Yaw_err_deg: 0.580
Epoch: [21/23], Batch: 1770/2963, Loss: 44.333, Trans_L2_m: 0.324, Yaw_err_deg: 0.573
Epoch: [21/23], Batch: 1780/2963, Loss: 43.911, Trans_L2_m: 0.406, Yaw_err_deg: 0.506
Epoch: [21/23], Batch: 1790/2963, Loss: 40.857, Trans_L2_m: 0.396, Yaw_err_deg: 0.523
Epoch: [21/23], Batch: 1800/2963, Loss: 35.045, Trans_L2_m: 0.234, Yaw_err_deg: 0.500
Epoch: [21/23], Batch: 1810/2963, Loss: 37.435, Trans_L2_m: 0.328, Yaw_err_deg: 0.354
Epoch: [21/23], Batch: 1820/2963, Loss: 48.172, Trans_L2_m: 0.433, Yaw_err_deg: 0.721
Epoch: [21/23], Batch: 1830/2963, Loss: 43.386, Trans_L2_m: 0.451, Yaw_err_deg: 0.480
Epoch: [21/23], Batch: 1840/2963, Loss: 45.923, Trans_L2_m: 0.460, Yaw_err_deg: 0.660
Epoch: [21/23], Batch: 1850/2963, Loss: 48.441, Trans_L2_m: 0.441, Yaw_err_deg: 0.697
Epoch: [21/23], Batch: 1860/2963, Loss: 39.358, Trans_L2_m: 0.355, Yaw_err_deg: 0.479
Epoch: [21/23], Batch: 1870/2963, Loss: 39.139, Trans_L2_m: 0.324, Yaw_err_deg: 0.387
Epoch: [21/23], Batch: 1880/2963, Loss: 40.282, Trans_L2_m: 0.278, Yaw_err_deg: 0.559
Epoch: [21/23], Batch: 1890/2963, Loss: 52.375, Trans_L2_m: 0.307, Yaw_err_deg: 1.045
Epoch: [21/23], Batch: 1900/2963, Loss: 40.388, Trans_L2_m: 0.371, Yaw_err_deg: 0.462
Epoch: [21/23], Batch: 1910/2963, Loss: 45.633, Trans_L2_m: 0.407, Yaw_err_deg: 0.686
Epoch: [21/23], Batch: 1920/2963, Loss: 37.452, Trans_L2_m: 0.263, Yaw_err_deg: 0.526
Epoch: [21/23], Batch: 1930/2963, Loss: 49.011, Trans_L2_m: 0.344, Yaw_err_deg: 0.706
Epoch: [21/23], Batch: 1940/2963, Loss: 40.687, Trans_L2_m: 0.374, Yaw_err_deg: 0.460
Epoch: [21/23], Batch: 1950/2963, Loss: 37.000, Trans_L2_m: 0.285, Yaw_err_deg: 0.444
Epoch: [21/23], Batch: 1960/2963, Loss: 41.439, Trans_L2_m: 0.367, Yaw_err_deg: 0.597
Epoch: [21/23], Batch: 1970/2963, Loss: 40.791, Trans_L2_m: 0.389, Yaw_err_deg: 0.482
Epoch: [21/23], Batch: 1980/2963, Loss: 38.183, Trans_L2_m: 0.405, Yaw_err_deg: 0.649
Epoch: [21/23], Batch: 1990/2963, Loss: 41.636, Trans_L2_m: 0.286, Yaw_err_deg: 0.486
Epoch: [21/23], Batch: 2000/2963, Loss: 39.029, Trans_L2_m: 0.348, Yaw_err_deg: 0.374
Epoch: [21/23], Batch: 2010/2963, Loss: 41.475, Trans_L2_m: 0.357, Yaw_err_deg: 0.346
Epoch: [21/23], Batch: 2020/2963, Loss: 41.025, Trans_L2_m: 0.322, Yaw_err_deg: 0.515
Epoch: [21/23], Batch: 2030/2963, Loss: 46.228, Trans_L2_m: 0.440, Yaw_err_deg: 0.476
Epoch: [21/23], Batch: 2040/2963, Loss: 50.793, Trans_L2_m: 0.417, Yaw_err_deg: 0.693
Epoch: [21/23], Batch: 2050/2963, Loss: 37.910, Trans_L2_m: 0.313, Yaw_err_deg: 0.653
Epoch: [21/23], Batch: 2060/2963, Loss: 45.945, Trans_L2_m: 0.433, Yaw_err_deg: 0.456
Epoch: [21/23], Batch: 2070/2963, Loss: 42.436, Trans_L2_m: 0.410, Yaw_err_deg: 0.551
Epoch: [21/23], Batch: 2080/2963, Loss: 44.164, Trans_L2_m: 0.360, Yaw_err_deg: 0.677
Epoch: [21/23], Batch: 2090/2963, Loss: 39.554, Trans_L2_m: 0.296, Yaw_err_deg: 0.475
Epoch: [21/23], Batch: 2100/2963, Loss: 44.883, Trans_L2_m: 0.329, Yaw_err_deg: 0.687
Epoch: [21/23], Batch: 2110/2963, Loss: 37.491, Trans_L2_m: 0.232, Yaw_err_deg: 0.413
Epoch: [21/23], Batch: 2120/2963, Loss: 55.856, Trans_L2_m: 0.326, Yaw_err_deg: 0.764
Epoch: [21/23], Batch: 2130/2963, Loss: 42.391, Trans_L2_m: 0.360, Yaw_err_deg: 0.551
Epoch: [21/23], Batch: 2140/2963, Loss: 39.464, Trans_L2_m: 0.234, Yaw_err_deg: 0.448
Epoch: [21/23], Batch: 2150/2963, Loss: 42.814, Trans_L2_m: 0.323, Yaw_err_deg: 0.543
Epoch: [21/23], Batch: 2160/2963, Loss: 46.287, Trans_L2_m: 0.213, Yaw_err_deg: 0.542
Epoch: [21/23], Batch: 2170/2963, Loss: 42.302, Trans_L2_m: 0.358, Yaw_err_deg: 0.552
Epoch: [21/23], Batch: 2180/2963, Loss: 39.847, Trans_L2_m: 0.239, Yaw_err_deg: 0.578
Epoch: [21/23], Batch: 2190/2963, Loss: 39.535, Trans_L2_m: 0.300, Yaw_err_deg: 0.500
Epoch: [21/23], Batch: 2200/2963, Loss: 44.513, Trans_L2_m: 0.337, Yaw_err_deg: 0.493
Epoch: [21/23], Batch: 2210/2963, Loss: 45.500, Trans_L2_m: 0.309, Yaw_err_deg: 0.383
Epoch: [21/23], Batch: 2220/2963, Loss: 43.574, Trans_L2_m: 0.327, Yaw_err_deg: 0.656
Epoch: [21/23], Batch: 2230/2963, Loss: 41.661, Trans_L2_m: 0.374, Yaw_err_deg: 0.644
Epoch: [21/23], Batch: 2240/2963, Loss: 37.051, Trans_L2_m: 0.199, Yaw_err_deg: 0.579
Epoch: [21/23], Batch: 2250/2963, Loss: 41.805, Trans_L2_m: 0.239, Yaw_err_deg: 0.886
Epoch: [21/23], Batch: 2260/2963, Loss: 39.603, Trans_L2_m: 0.342, Yaw_err_deg: 0.573
Epoch: [21/23], Batch: 2270/2963, Loss: 39.857, Trans_L2_m: 0.200, Yaw_err_deg: 0.331
Epoch: [21/23], Batch: 2280/2963, Loss: 39.818, Trans_L2_m: 0.422, Yaw_err_deg: 0.368
Epoch: [21/23], Batch: 2290/2963, Loss: 42.281, Trans_L2_m: 0.282, Yaw_err_deg: 0.520
Epoch: [21/23], Batch: 2300/2963, Loss: 51.889, Trans_L2_m: 0.352, Yaw_err_deg: 0.952
Epoch: [21/23], Batch: 2310/2963, Loss: 50.458, Trans_L2_m: 0.280, Yaw_err_deg: 0.557
Epoch: [21/23], Batch: 2320/2963, Loss: 36.295, Trans_L2_m: 0.277, Yaw_err_deg: 0.321
Epoch: [21/23], Batch: 2330/2963, Loss: 39.696, Trans_L2_m: 0.353, Yaw_err_deg: 0.512
Epoch: [21/23], Batch: 2340/2963, Loss: 41.537, Trans_L2_m: 0.357, Yaw_err_deg: 0.359
Epoch: [21/23], Batch: 2350/2963, Loss: 39.415, Trans_L2_m: 0.287, Yaw_err_deg: 0.536
Epoch: [21/23], Batch: 2360/2963, Loss: 44.462, Trans_L2_m: 0.421, Yaw_err_deg: 0.335
Epoch: [21/23], Batch: 2370/2963, Loss: 37.877, Trans_L2_m: 0.259, Yaw_err_deg: 0.458
Epoch: [21/23], Batch: 2380/2963, Loss: 39.494, Trans_L2_m: 0.287, Yaw_err_deg: 0.488
Epoch: [21/23], Batch: 2390/2963, Loss: 37.605, Trans_L2_m: 0.314, Yaw_err_deg: 0.489
Epoch: [21/23], Batch: 2400/2963, Loss: 43.818, Trans_L2_m: 0.353, Yaw_err_deg: 0.633
Epoch: [21/23], Batch: 2410/2963, Loss: 43.182, Trans_L2_m: 0.366, Yaw_err_deg: 0.578
Epoch: [21/23], Batch: 2420/2963, Loss: 38.417, Trans_L2_m: 0.297, Yaw_err_deg: 0.668
Epoch: [21/23], Batch: 2430/2963, Loss: 51.088, Trans_L2_m: 0.447, Yaw_err_deg: 0.542
Epoch: [21/23], Batch: 2440/2963, Loss: 39.872, Trans_L2_m: 0.307, Yaw_err_deg: 0.440
Epoch: [21/23], Batch: 2450/2963, Loss: 41.196, Trans_L2_m: 0.315, Yaw_err_deg: 0.361
Epoch: [21/23], Batch: 2460/2963, Loss: 48.330, Trans_L2_m: 0.364, Yaw_err_deg: 0.763
Epoch: [21/23], Batch: 2470/2963, Loss: 42.277, Trans_L2_m: 0.281, Yaw_err_deg: 0.703
Epoch: [21/23], Batch: 2480/2963, Loss: 52.680, Trans_L2_m: 0.425, Yaw_err_deg: 0.475
Epoch: [21/23], Batch: 2490/2963, Loss: 39.149, Trans_L2_m: 0.346, Yaw_err_deg: 0.467
Epoch: [21/23], Batch: 2500/2963, Loss: 36.289, Trans_L2_m: 0.291, Yaw_err_deg: 0.506
Epoch: [21/23], Batch: 2510/2963, Loss: 51.731, Trans_L2_m: 0.445, Yaw_err_deg: 1.038
Epoch: [21/23], Batch: 2520/2963, Loss: 39.586, Trans_L2_m: 0.306, Yaw_err_deg: 0.348
Epoch: [21/23], Batch: 2530/2963, Loss: 44.052, Trans_L2_m: 0.370, Yaw_err_deg: 0.501
Epoch: [21/23], Batch: 2540/2963, Loss: 34.445, Trans_L2_m: 0.199, Yaw_err_deg: 0.546
Epoch: [21/23], Batch: 2550/2963, Loss: 43.529, Trans_L2_m: 0.465, Yaw_err_deg: 0.435
Epoch: [21/23], Batch: 2560/2963, Loss: 44.959, Trans_L2_m: 0.385, Yaw_err_deg: 0.417
Epoch: [21/23], Batch: 2570/2963, Loss: 42.477, Trans_L2_m: 0.379, Yaw_err_deg: 0.331
Epoch: [21/23], Batch: 2580/2963, Loss: 42.268, Trans_L2_m: 0.363, Yaw_err_deg: 0.522
Epoch: [21/23], Batch: 2590/2963, Loss: 42.086, Trans_L2_m: 0.487, Yaw_err_deg: 0.451
Epoch: [21/23], Batch: 2600/2963, Loss: 47.560, Trans_L2_m: 0.405, Yaw_err_deg: 0.505
Epoch: [21/23], Batch: 2610/2963, Loss: 54.432, Trans_L2_m: 0.512, Yaw_err_deg: 0.870
Epoch: [21/23], Batch: 2620/2963, Loss: 43.695, Trans_L2_m: 0.245, Yaw_err_deg: 0.508
Epoch: [21/23], Batch: 2630/2963, Loss: 46.494, Trans_L2_m: 0.397, Yaw_err_deg: 0.482
Epoch: [21/23], Batch: 2640/2963, Loss: 47.102, Trans_L2_m: 0.448, Yaw_err_deg: 0.386
Epoch: [21/23], Batch: 2650/2963, Loss: 44.945, Trans_L2_m: 0.398, Yaw_err_deg: 0.492
Epoch: [21/23], Batch: 2660/2963, Loss: 42.797, Trans_L2_m: 0.353, Yaw_err_deg: 0.327
Epoch: [21/23], Batch: 2670/2963, Loss: 43.418, Trans_L2_m: 0.373, Yaw_err_deg: 0.650
Epoch: [21/23], Batch: 2680/2963, Loss: 44.026, Trans_L2_m: 0.224, Yaw_err_deg: 0.524
Epoch: [21/23], Batch: 2690/2963, Loss: 38.534, Trans_L2_m: 0.322, Yaw_err_deg: 0.481
Epoch: [21/23], Batch: 2700/2963, Loss: 46.384, Trans_L2_m: 0.489, Yaw_err_deg: 0.536
Epoch: [21/23], Batch: 2710/2963, Loss: 40.779, Trans_L2_m: 0.315, Yaw_err_deg: 0.475
Epoch: [21/23], Batch: 2720/2963, Loss: 41.247, Trans_L2_m: 0.380, Yaw_err_deg: 0.407
Epoch: [21/23], Batch: 2730/2963, Loss: 39.398, Trans_L2_m: 0.352, Yaw_err_deg: 0.627
Epoch: [21/23], Batch: 2740/2963, Loss: 46.248, Trans_L2_m: 0.259, Yaw_err_deg: 0.959
Epoch: [21/23], Batch: 2750/2963, Loss: 42.761, Trans_L2_m: 0.357, Yaw_err_deg: 0.482
Epoch: [21/23], Batch: 2760/2963, Loss: 41.531, Trans_L2_m: 0.348, Yaw_err_deg: 0.576
Epoch: [21/23], Batch: 2770/2963, Loss: 40.076, Trans_L2_m: 0.242, Yaw_err_deg: 0.759
Epoch: [21/23], Batch: 2780/2963, Loss: 44.287, Trans_L2_m: 0.270, Yaw_err_deg: 0.446
Epoch: [21/23], Batch: 2790/2963, Loss: 36.350, Trans_L2_m: 0.250, Yaw_err_deg: 0.609
Epoch: [21/23], Batch: 2800/2963, Loss: 40.379, Trans_L2_m: 0.372, Yaw_err_deg: 0.421
Epoch: [21/23], Batch: 2810/2963, Loss: 52.780, Trans_L2_m: 0.510, Yaw_err_deg: 1.088
Epoch: [21/23], Batch: 2820/2963, Loss: 42.298, Trans_L2_m: 0.364, Yaw_err_deg: 0.595
Epoch: [21/23], Batch: 2830/2963, Loss: 42.542, Trans_L2_m: 0.352, Yaw_err_deg: 0.623
Epoch: [21/23], Batch: 2840/2963, Loss: 42.612, Trans_L2_m: 0.217, Yaw_err_deg: 0.530
Epoch: [21/23], Batch: 2850/2963, Loss: 42.956, Trans_L2_m: 0.283, Yaw_err_deg: 0.656
Epoch: [21/23], Batch: 2860/2963, Loss: 41.768, Trans_L2_m: 0.297, Yaw_err_deg: 0.669
Epoch: [21/23], Batch: 2870/2963, Loss: 40.546, Trans_L2_m: 0.315, Yaw_err_deg: 0.440
Epoch: [21/23], Batch: 2880/2963, Loss: 35.489, Trans_L2_m: 0.202, Yaw_err_deg: 0.431
Epoch: [21/23], Batch: 2890/2963, Loss: 39.183, Trans_L2_m: 0.341, Yaw_err_deg: 0.563
Epoch: [21/23], Batch: 2900/2963, Loss: 47.632, Trans_L2_m: 0.387, Yaw_err_deg: 0.483
Epoch: [21/23], Batch: 2910/2963, Loss: 42.248, Trans_L2_m: 0.295, Yaw_err_deg: 0.533
Epoch: [21/23], Batch: 2920/2963, Loss: 39.889, Trans_L2_m: 0.349, Yaw_err_deg: 0.420
Epoch: [21/23], Batch: 2930/2963, Loss: 45.029, Trans_L2_m: 0.372, Yaw_err_deg: 0.657
Epoch: [21/23], Batch: 2940/2963, Loss: 42.210, Trans_L2_m: 0.356, Yaw_err_deg: 0.706
Epoch: [21/23], Batch: 2950/2963, Loss: 44.167, Trans_L2_m: 0.268, Yaw_err_deg: 0.649
Epoch: [21/23], Batch: 2960/2963, Loss: 43.637, Trans_L2_m: 0.392, Yaw_err_deg: 0.510
Validation loss (homography): 935.5236
Avg batch time: 987.78 ms, total: 320.274 s
[1;91mVal has no improvement vs 822.2456665039062![0m
Epoch: [22/23], Batch: 0/2963, Loss: 43.687, Trans_L2_m: 0.397, Yaw_err_deg: 0.443
Epoch: [22/23], Batch: 10/2963, Loss: 36.861, Trans_L2_m: 0.285, Yaw_err_deg: 0.666
Epoch: [22/23], Batch: 20/2963, Loss: 42.090, Trans_L2_m: 0.329, Yaw_err_deg: 0.704
Epoch: [22/23], Batch: 30/2963, Loss: 39.619, Trans_L2_m: 0.242, Yaw_err_deg: 0.471
Epoch: [22/23], Batch: 40/2963, Loss: 41.387, Trans_L2_m: 0.347, Yaw_err_deg: 0.540
Epoch: [22/23], Batch: 50/2963, Loss: 40.461, Trans_L2_m: 0.282, Yaw_err_deg: 0.404
Epoch: [22/23], Batch: 60/2963, Loss: 46.216, Trans_L2_m: 0.458, Yaw_err_deg: 0.441
Epoch: [22/23], Batch: 70/2963, Loss: 41.548, Trans_L2_m: 0.328, Yaw_err_deg: 0.605
Epoch: [22/23], Batch: 80/2963, Loss: 50.060, Trans_L2_m: 0.491, Yaw_err_deg: 0.421
Epoch: [22/23], Batch: 90/2963, Loss: 31.278, Trans_L2_m: 0.280, Yaw_err_deg: 0.251
Epoch: [22/23], Batch: 100/2963, Loss: 43.818, Trans_L2_m: 0.355, Yaw_err_deg: 0.577
Epoch: [22/23], Batch: 110/2963, Loss: 40.693, Trans_L2_m: 0.333, Yaw_err_deg: 0.406
Epoch: [22/23], Batch: 120/2963, Loss: 35.723, Trans_L2_m: 0.354, Yaw_err_deg: 0.348
Epoch: [22/23], Batch: 130/2963, Loss: 44.710, Trans_L2_m: 0.314, Yaw_err_deg: 0.776
Epoch: [22/23], Batch: 140/2963, Loss: 38.365, Trans_L2_m: 0.345, Yaw_err_deg: 0.345
Epoch: [22/23], Batch: 150/2963, Loss: 40.789, Trans_L2_m: 0.270, Yaw_err_deg: 0.621
Epoch: [22/23], Batch: 160/2963, Loss: 41.194, Trans_L2_m: 0.388, Yaw_err_deg: 0.557
Epoch: [22/23], Batch: 170/2963, Loss: 39.359, Trans_L2_m: 0.293, Yaw_err_deg: 0.416
Epoch: [22/23], Batch: 180/2963, Loss: 43.709, Trans_L2_m: 0.272, Yaw_err_deg: 0.631
Epoch: [22/23], Batch: 190/2963, Loss: 46.935, Trans_L2_m: 0.276, Yaw_err_deg: 0.531
Epoch: [22/23], Batch: 200/2963, Loss: 46.739, Trans_L2_m: 0.416, Yaw_err_deg: 0.751
Epoch: [22/23], Batch: 210/2963, Loss: 33.934, Trans_L2_m: 0.232, Yaw_err_deg: 0.365
Epoch: [22/23], Batch: 220/2963, Loss: 41.672, Trans_L2_m: 0.339, Yaw_err_deg: 0.554
Epoch: [22/23], Batch: 230/2963, Loss: 48.926, Trans_L2_m: 0.351, Yaw_err_deg: 0.876
Epoch: [22/23], Batch: 240/2963, Loss: 42.848, Trans_L2_m: 0.272, Yaw_err_deg: 0.551
Epoch: [22/23], Batch: 250/2963, Loss: 44.371, Trans_L2_m: 0.356, Yaw_err_deg: 0.563
Epoch: [22/23], Batch: 260/2963, Loss: 45.968, Trans_L2_m: 0.476, Yaw_err_deg: 0.451
Epoch: [22/23], Batch: 270/2963, Loss: 50.119, Trans_L2_m: 0.500, Yaw_err_deg: 0.617
Epoch: [22/23], Batch: 280/2963, Loss: 40.161, Trans_L2_m: 0.278, Yaw_err_deg: 0.504
Epoch: [22/23], Batch: 290/2963, Loss: 43.598, Trans_L2_m: 0.461, Yaw_err_deg: 0.368
Epoch: [22/23], Batch: 300/2963, Loss: 44.974, Trans_L2_m: 0.273, Yaw_err_deg: 0.662
Epoch: [22/23], Batch: 310/2963, Loss: 45.508, Trans_L2_m: 0.386, Yaw_err_deg: 0.447
Epoch: [22/23], Batch: 320/2963, Loss: 41.955, Trans_L2_m: 0.371, Yaw_err_deg: 0.536
Epoch: [22/23], Batch: 330/2963, Loss: 44.721, Trans_L2_m: 0.305, Yaw_err_deg: 0.424
Epoch: [22/23], Batch: 340/2963, Loss: 42.943, Trans_L2_m: 0.334, Yaw_err_deg: 0.628
Epoch: [22/23], Batch: 350/2963, Loss: 46.803, Trans_L2_m: 0.343, Yaw_err_deg: 0.528
Epoch: [22/23], Batch: 360/2963, Loss: 39.996, Trans_L2_m: 0.321, Yaw_err_deg: 0.565
Epoch: [22/23], Batch: 370/2963, Loss: 45.625, Trans_L2_m: 0.326, Yaw_err_deg: 0.741
Epoch: [22/23], Batch: 380/2963, Loss: 42.350, Trans_L2_m: 0.283, Yaw_err_deg: 0.407
Epoch: [22/23], Batch: 390/2963, Loss: 49.487, Trans_L2_m: 0.451, Yaw_err_deg: 0.630
Epoch: [22/23], Batch: 400/2963, Loss: 40.816, Trans_L2_m: 0.378, Yaw_err_deg: 0.280
Epoch: [22/23], Batch: 410/2963, Loss: 40.670, Trans_L2_m: 0.296, Yaw_err_deg: 0.663
Epoch: [22/23], Batch: 420/2963, Loss: 43.218, Trans_L2_m: 0.295, Yaw_err_deg: 0.409
Epoch: [22/23], Batch: 430/2963, Loss: 34.784, Trans_L2_m: 0.392, Yaw_err_deg: 0.357
Epoch: [22/23], Batch: 440/2963, Loss: 37.189, Trans_L2_m: 0.235, Yaw_err_deg: 0.442
Epoch: [22/23], Batch: 450/2963, Loss: 40.468, Trans_L2_m: 0.249, Yaw_err_deg: 0.639
Epoch: [22/23], Batch: 460/2963, Loss: 42.324, Trans_L2_m: 0.315, Yaw_err_deg: 0.467
Epoch: [22/23], Batch: 470/2963, Loss: 41.541, Trans_L2_m: 0.393, Yaw_err_deg: 0.641
Epoch: [22/23], Batch: 480/2963, Loss: 41.809, Trans_L2_m: 0.317, Yaw_err_deg: 0.479
Epoch: [22/23], Batch: 490/2963, Loss: 39.218, Trans_L2_m: 0.247, Yaw_err_deg: 0.542
Epoch: [22/23], Batch: 500/2963, Loss: 38.760, Trans_L2_m: 0.264, Yaw_err_deg: 0.464
Epoch: [22/23], Batch: 510/2963, Loss: 42.122, Trans_L2_m: 0.236, Yaw_err_deg: 0.472
Epoch: [22/23], Batch: 520/2963, Loss: 41.483, Trans_L2_m: 0.319, Yaw_err_deg: 0.661
Epoch: [22/23], Batch: 530/2963, Loss: 37.114, Trans_L2_m: 0.285, Yaw_err_deg: 0.375
Epoch: [22/23], Batch: 540/2963, Loss: 40.128, Trans_L2_m: 0.247, Yaw_err_deg: 0.649
Epoch: [22/23], Batch: 550/2963, Loss: 38.290, Trans_L2_m: 0.180, Yaw_err_deg: 0.658
Epoch: [22/23], Batch: 560/2963, Loss: 59.350, Trans_L2_m: 0.386, Yaw_err_deg: 1.040
Epoch: [22/23], Batch: 570/2963, Loss: 39.482, Trans_L2_m: 0.261, Yaw_err_deg: 0.586
Epoch: [22/23], Batch: 580/2963, Loss: 45.448, Trans_L2_m: 0.299, Yaw_err_deg: 0.527
Epoch: [22/23], Batch: 590/2963, Loss: 52.602, Trans_L2_m: 0.457, Yaw_err_deg: 0.654
Epoch: [22/23], Batch: 600/2963, Loss: 39.944, Trans_L2_m: 0.267, Yaw_err_deg: 0.411
Epoch: [22/23], Batch: 610/2963, Loss: 47.206, Trans_L2_m: 0.329, Yaw_err_deg: 0.845
Epoch: [22/23], Batch: 620/2963, Loss: 47.605, Trans_L2_m: 0.322, Yaw_err_deg: 0.884
Epoch: [22/23], Batch: 630/2963, Loss: 39.339, Trans_L2_m: 0.351, Yaw_err_deg: 0.573
Epoch: [22/23], Batch: 640/2963, Loss: 38.809, Trans_L2_m: 0.297, Yaw_err_deg: 0.555
Epoch: [22/23], Batch: 650/2963, Loss: 36.918, Trans_L2_m: 0.237, Yaw_err_deg: 0.499
Epoch: [22/23], Batch: 660/2963, Loss: 54.013, Trans_L2_m: 0.290, Yaw_err_deg: 0.753
Epoch: [22/23], Batch: 670/2963, Loss: 50.772, Trans_L2_m: 0.360, Yaw_err_deg: 0.497
Epoch: [22/23], Batch: 680/2963, Loss: 48.967, Trans_L2_m: 0.466, Yaw_err_deg: 0.596
Epoch: [22/23], Batch: 690/2963, Loss: 49.293, Trans_L2_m: 0.308, Yaw_err_deg: 0.868
Epoch: [22/23], Batch: 700/2963, Loss: 45.667, Trans_L2_m: 0.345, Yaw_err_deg: 0.588
Epoch: [22/23], Batch: 710/2963, Loss: 48.638, Trans_L2_m: 0.445, Yaw_err_deg: 0.478
Epoch: [22/23], Batch: 720/2963, Loss: 41.125, Trans_L2_m: 0.307, Yaw_err_deg: 0.528
Epoch: [22/23], Batch: 730/2963, Loss: 48.962, Trans_L2_m: 0.426, Yaw_err_deg: 0.634
Epoch: [22/23], Batch: 740/2963, Loss: 46.194, Trans_L2_m: 0.493, Yaw_err_deg: 0.465
Epoch: [22/23], Batch: 750/2963, Loss: 48.780, Trans_L2_m: 0.409, Yaw_err_deg: 0.713
Epoch: [22/23], Batch: 760/2963, Loss: 37.812, Trans_L2_m: 0.265, Yaw_err_deg: 0.433
Epoch: [22/23], Batch: 770/2963, Loss: 46.592, Trans_L2_m: 0.339, Yaw_err_deg: 0.551
Epoch: [22/23], Batch: 780/2963, Loss: 46.010, Trans_L2_m: 0.344, Yaw_err_deg: 0.711
Epoch: [22/23], Batch: 790/2963, Loss: 39.917, Trans_L2_m: 0.280, Yaw_err_deg: 0.357
Epoch: [22/23], Batch: 800/2963, Loss: 45.966, Trans_L2_m: 0.403, Yaw_err_deg: 0.545
Epoch: [22/23], Batch: 810/2963, Loss: 42.831, Trans_L2_m: 0.409, Yaw_err_deg: 0.466
Epoch: [22/23], Batch: 820/2963, Loss: 39.634, Trans_L2_m: 0.283, Yaw_err_deg: 0.476
Epoch: [22/23], Batch: 830/2963, Loss: 43.694, Trans_L2_m: 0.396, Yaw_err_deg: 0.617
Epoch: [22/23], Batch: 840/2963, Loss: 35.804, Trans_L2_m: 0.330, Yaw_err_deg: 0.404
Epoch: [22/23], Batch: 850/2963, Loss: 45.869, Trans_L2_m: 0.377, Yaw_err_deg: 0.756
Epoch: [22/23], Batch: 860/2963, Loss: 42.338, Trans_L2_m: 0.378, Yaw_err_deg: 0.657
Epoch: [22/23], Batch: 870/2963, Loss: 82.552, Trans_L2_m: 0.370, Yaw_err_deg: 1.959
Epoch: [22/23], Batch: 880/2963, Loss: 44.208, Trans_L2_m: 0.373, Yaw_err_deg: 0.607
Epoch: [22/23], Batch: 890/2963, Loss: 41.866, Trans_L2_m: 0.383, Yaw_err_deg: 0.381
Epoch: [22/23], Batch: 900/2963, Loss: 46.272, Trans_L2_m: 0.392, Yaw_err_deg: 0.472
Epoch: [22/23], Batch: 910/2963, Loss: 44.929, Trans_L2_m: 0.286, Yaw_err_deg: 0.661
Epoch: [22/23], Batch: 920/2963, Loss: 49.942, Trans_L2_m: 0.360, Yaw_err_deg: 0.581
Epoch: [22/23], Batch: 930/2963, Loss: 45.286, Trans_L2_m: 0.416, Yaw_err_deg: 0.415
Epoch: [22/23], Batch: 940/2963, Loss: 43.845, Trans_L2_m: 0.367, Yaw_err_deg: 0.647
Epoch: [22/23], Batch: 950/2963, Loss: 44.982, Trans_L2_m: 0.305, Yaw_err_deg: 0.872
Epoch: [22/23], Batch: 960/2963, Loss: 41.152, Trans_L2_m: 0.402, Yaw_err_deg: 0.558
Epoch: [22/23], Batch: 970/2963, Loss: 46.917, Trans_L2_m: 0.309, Yaw_err_deg: 0.704
Epoch: [22/23], Batch: 980/2963, Loss: 35.770, Trans_L2_m: 0.384, Yaw_err_deg: 0.373
Epoch: [22/23], Batch: 990/2963, Loss: 39.852, Trans_L2_m: 0.368, Yaw_err_deg: 0.263
Epoch: [22/23], Batch: 1000/2963, Loss: 42.461, Trans_L2_m: 0.355, Yaw_err_deg: 0.572
Epoch: [22/23], Batch: 1010/2963, Loss: 40.558, Trans_L2_m: 0.365, Yaw_err_deg: 0.348
Epoch: [22/23], Batch: 1020/2963, Loss: 37.207, Trans_L2_m: 0.291, Yaw_err_deg: 0.416
Epoch: [22/23], Batch: 1030/2963, Loss: 38.853, Trans_L2_m: 0.267, Yaw_err_deg: 0.625
Epoch: [22/23], Batch: 1040/2963, Loss: 55.606, Trans_L2_m: 0.411, Yaw_err_deg: 0.708
Epoch: [22/23], Batch: 1050/2963, Loss: 49.682, Trans_L2_m: 0.450, Yaw_err_deg: 0.948
Epoch: [22/23], Batch: 1060/2963, Loss: 38.581, Trans_L2_m: 0.316, Yaw_err_deg: 0.394
Epoch: [22/23], Batch: 1070/2963, Loss: 45.348, Trans_L2_m: 0.396, Yaw_err_deg: 0.660
Epoch: [22/23], Batch: 1080/2963, Loss: 38.341, Trans_L2_m: 0.327, Yaw_err_deg: 0.436
Epoch: [22/23], Batch: 1090/2963, Loss: 40.661, Trans_L2_m: 0.271, Yaw_err_deg: 0.597
Epoch: [22/23], Batch: 1100/2963, Loss: 40.396, Trans_L2_m: 0.265, Yaw_err_deg: 0.650
Epoch: [22/23], Batch: 1110/2963, Loss: 43.547, Trans_L2_m: 0.372, Yaw_err_deg: 0.282
Epoch: [22/23], Batch: 1120/2963, Loss: 40.041, Trans_L2_m: 0.351, Yaw_err_deg: 0.545
Epoch: [22/23], Batch: 1130/2963, Loss: 46.359, Trans_L2_m: 0.410, Yaw_err_deg: 0.269
Epoch: [22/23], Batch: 1140/2963, Loss: 42.279, Trans_L2_m: 0.416, Yaw_err_deg: 0.453
Epoch: [22/23], Batch: 1150/2963, Loss: 41.899, Trans_L2_m: 0.301, Yaw_err_deg: 0.555
Epoch: [22/23], Batch: 1160/2963, Loss: 51.233, Trans_L2_m: 0.439, Yaw_err_deg: 0.902
Epoch: [22/23], Batch: 1170/2963, Loss: 38.296, Trans_L2_m: 0.271, Yaw_err_deg: 0.424
Epoch: [22/23], Batch: 1180/2963, Loss: 49.185, Trans_L2_m: 0.296, Yaw_err_deg: 0.593
Epoch: [22/23], Batch: 1190/2963, Loss: 40.882, Trans_L2_m: 0.314, Yaw_err_deg: 0.443
Epoch: [22/23], Batch: 1200/2963, Loss: 49.481, Trans_L2_m: 0.282, Yaw_err_deg: 0.585
Epoch: [22/23], Batch: 1210/2963, Loss: 42.456, Trans_L2_m: 0.219, Yaw_err_deg: 0.597
Epoch: [22/23], Batch: 1220/2963, Loss: 44.298, Trans_L2_m: 0.431, Yaw_err_deg: 0.538
Epoch: [22/23], Batch: 1230/2963, Loss: 39.350, Trans_L2_m: 0.331, Yaw_err_deg: 0.325
Epoch: [22/23], Batch: 1240/2963, Loss: 45.805, Trans_L2_m: 0.443, Yaw_err_deg: 0.448
Epoch: [22/23], Batch: 1250/2963, Loss: 44.264, Trans_L2_m: 0.571, Yaw_err_deg: 0.320
Epoch: [22/23], Batch: 1260/2963, Loss: 47.474, Trans_L2_m: 0.395, Yaw_err_deg: 1.037
Epoch: [22/23], Batch: 1270/2963, Loss: 40.697, Trans_L2_m: 0.394, Yaw_err_deg: 0.404
Epoch: [22/23], Batch: 1280/2963, Loss: 43.533, Trans_L2_m: 0.366, Yaw_err_deg: 0.663
Epoch: [22/23], Batch: 1290/2963, Loss: 42.438, Trans_L2_m: 0.489, Yaw_err_deg: 0.298
Epoch: [22/23], Batch: 1300/2963, Loss: 38.499, Trans_L2_m: 0.294, Yaw_err_deg: 0.433
Epoch: [22/23], Batch: 1310/2963, Loss: 43.587, Trans_L2_m: 0.395, Yaw_err_deg: 0.572
Epoch: [22/23], Batch: 1320/2963, Loss: 40.241, Trans_L2_m: 0.264, Yaw_err_deg: 0.581
Epoch: [22/23], Batch: 1330/2963, Loss: 43.645, Trans_L2_m: 0.186, Yaw_err_deg: 0.826
Epoch: [22/23], Batch: 1340/2963, Loss: 41.165, Trans_L2_m: 0.274, Yaw_err_deg: 0.680
Epoch: [22/23], Batch: 1350/2963, Loss: 45.187, Trans_L2_m: 0.360, Yaw_err_deg: 0.368
Epoch: [22/23], Batch: 1360/2963, Loss: 45.434, Trans_L2_m: 0.353, Yaw_err_deg: 0.468
Epoch: [22/23], Batch: 1370/2963, Loss: 43.376, Trans_L2_m: 0.317, Yaw_err_deg: 0.639
Epoch: [22/23], Batch: 1380/2963, Loss: 58.206, Trans_L2_m: 0.516, Yaw_err_deg: 0.798
Epoch: [22/23], Batch: 1390/2963, Loss: 39.401, Trans_L2_m: 0.309, Yaw_err_deg: 0.352
Epoch: [22/23], Batch: 1400/2963, Loss: 48.413, Trans_L2_m: 0.254, Yaw_err_deg: 0.290
Epoch: [22/23], Batch: 1410/2963, Loss: 49.772, Trans_L2_m: 0.188, Yaw_err_deg: 1.140
Epoch: [22/23], Batch: 1420/2963, Loss: 41.799, Trans_L2_m: 0.322, Yaw_err_deg: 0.576
Epoch: [22/23], Batch: 1430/2963, Loss: 41.489, Trans_L2_m: 0.282, Yaw_err_deg: 0.594
Epoch: [22/23], Batch: 1440/2963, Loss: 42.673, Trans_L2_m: 0.305, Yaw_err_deg: 0.591
Epoch: [22/23], Batch: 1450/2963, Loss: 47.288, Trans_L2_m: 0.276, Yaw_err_deg: 0.425
Epoch: [22/23], Batch: 1460/2963, Loss: 38.120, Trans_L2_m: 0.306, Yaw_err_deg: 0.427
Epoch: [22/23], Batch: 1470/2963, Loss: 49.241, Trans_L2_m: 0.373, Yaw_err_deg: 0.726
Epoch: [22/23], Batch: 1480/2963, Loss: 75.037, Trans_L2_m: 0.509, Yaw_err_deg: 1.201
Epoch: [22/23], Batch: 1490/2963, Loss: 48.546, Trans_L2_m: 0.339, Yaw_err_deg: 0.510
Epoch: [22/23], Batch: 1500/2963, Loss: 41.380, Trans_L2_m: 0.343, Yaw_err_deg: 0.519
Epoch: [22/23], Batch: 1510/2963, Loss: 42.121, Trans_L2_m: 0.327, Yaw_err_deg: 0.501
Epoch: [22/23], Batch: 1520/2963, Loss: 39.504, Trans_L2_m: 0.384, Yaw_err_deg: 0.414
Epoch: [22/23], Batch: 1530/2963, Loss: 72.325, Trans_L2_m: 0.359, Yaw_err_deg: 1.012
Epoch: [22/23], Batch: 1540/2963, Loss: 40.754, Trans_L2_m: 0.341, Yaw_err_deg: 0.576
Epoch: [22/23], Batch: 1550/2963, Loss: 46.544, Trans_L2_m: 0.287, Yaw_err_deg: 0.500
Epoch: [22/23], Batch: 1560/2963, Loss: 41.577, Trans_L2_m: 0.323, Yaw_err_deg: 0.353
Epoch: [22/23], Batch: 1570/2963, Loss: 43.343, Trans_L2_m: 0.330, Yaw_err_deg: 0.478
Epoch: [22/23], Batch: 1580/2963, Loss: 49.295, Trans_L2_m: 0.392, Yaw_err_deg: 0.653
Epoch: [22/23], Batch: 1590/2963, Loss: 41.921, Trans_L2_m: 0.294, Yaw_err_deg: 0.541
Epoch: [22/23], Batch: 1600/2963, Loss: 43.375, Trans_L2_m: 0.352, Yaw_err_deg: 0.517
Epoch: [22/23], Batch: 1610/2963, Loss: 36.585, Trans_L2_m: 0.241, Yaw_err_deg: 0.454
Epoch: [22/23], Batch: 1620/2963, Loss: 43.509, Trans_L2_m: 0.386, Yaw_err_deg: 0.597
Epoch: [22/23], Batch: 1630/2963, Loss: 45.955, Trans_L2_m: 0.321, Yaw_err_deg: 0.569
Epoch: [22/23], Batch: 1640/2963, Loss: 40.317, Trans_L2_m: 0.376, Yaw_err_deg: 0.431
Epoch: [22/23], Batch: 1650/2963, Loss: 49.288, Trans_L2_m: 0.224, Yaw_err_deg: 0.382
Epoch: [22/23], Batch: 1660/2963, Loss: 38.951, Trans_L2_m: 0.289, Yaw_err_deg: 0.432
Epoch: [22/23], Batch: 1670/2963, Loss: 46.568, Trans_L2_m: 0.475, Yaw_err_deg: 0.742
Epoch: [22/23], Batch: 1680/2963, Loss: 41.113, Trans_L2_m: 0.254, Yaw_err_deg: 0.585
Epoch: [22/23], Batch: 1690/2963, Loss: 38.287, Trans_L2_m: 0.214, Yaw_err_deg: 0.359
Epoch: [22/23], Batch: 1700/2963, Loss: 38.013, Trans_L2_m: 0.210, Yaw_err_deg: 0.559
Epoch: [22/23], Batch: 1710/2963, Loss: 38.980, Trans_L2_m: 0.372, Yaw_err_deg: 0.441
Epoch: [22/23], Batch: 1720/2963, Loss: 44.411, Trans_L2_m: 0.281, Yaw_err_deg: 0.671
Epoch: [22/23], Batch: 1730/2963, Loss: 43.067, Trans_L2_m: 0.275, Yaw_err_deg: 0.531
Epoch: [22/23], Batch: 1740/2963, Loss: 43.535, Trans_L2_m: 0.359, Yaw_err_deg: 0.319
Epoch: [22/23], Batch: 1750/2963, Loss: 41.910, Trans_L2_m: 0.310, Yaw_err_deg: 0.657
Epoch: [22/23], Batch: 1760/2963, Loss: 38.817, Trans_L2_m: 0.338, Yaw_err_deg: 0.415
Epoch: [22/23], Batch: 1770/2963, Loss: 45.383, Trans_L2_m: 0.381, Yaw_err_deg: 0.588
Epoch: [22/23], Batch: 1780/2963, Loss: 45.185, Trans_L2_m: 0.272, Yaw_err_deg: 0.745
Epoch: [22/23], Batch: 1790/2963, Loss: 44.830, Trans_L2_m: 0.394, Yaw_err_deg: 0.663
Epoch: [22/23], Batch: 1800/2963, Loss: 38.220, Trans_L2_m: 0.299, Yaw_err_deg: 0.483
Epoch: [22/23], Batch: 1810/2963, Loss: 43.327, Trans_L2_m: 0.429, Yaw_err_deg: 0.495
Epoch: [22/23], Batch: 1820/2963, Loss: 49.045, Trans_L2_m: 0.279, Yaw_err_deg: 0.652
Epoch: [22/23], Batch: 1830/2963, Loss: 44.517, Trans_L2_m: 0.277, Yaw_err_deg: 0.674
Epoch: [22/23], Batch: 1840/2963, Loss: 39.139, Trans_L2_m: 0.327, Yaw_err_deg: 0.529
Epoch: [22/23], Batch: 1850/2963, Loss: 41.686, Trans_L2_m: 0.350, Yaw_err_deg: 0.418
Epoch: [22/23], Batch: 1860/2963, Loss: 39.290, Trans_L2_m: 0.315, Yaw_err_deg: 0.466
Epoch: [22/23], Batch: 1870/2963, Loss: 41.553, Trans_L2_m: 0.268, Yaw_err_deg: 0.499
Epoch: [22/23], Batch: 1880/2963, Loss: 37.815, Trans_L2_m: 0.308, Yaw_err_deg: 0.488
Epoch: [22/23], Batch: 1890/2963, Loss: 37.575, Trans_L2_m: 0.258, Yaw_err_deg: 0.486
Epoch: [22/23], Batch: 1900/2963, Loss: 42.539, Trans_L2_m: 0.262, Yaw_err_deg: 0.673
Epoch: [22/23], Batch: 1910/2963, Loss: 42.011, Trans_L2_m: 0.416, Yaw_err_deg: 0.382
Epoch: [22/23], Batch: 1920/2963, Loss: 37.967, Trans_L2_m: 0.348, Yaw_err_deg: 0.334
Epoch: [22/23], Batch: 1930/2963, Loss: 44.395, Trans_L2_m: 0.320, Yaw_err_deg: 0.530
Epoch: [22/23], Batch: 1940/2963, Loss: 39.567, Trans_L2_m: 0.287, Yaw_err_deg: 0.485
Epoch: [22/23], Batch: 1950/2963, Loss: 39.065, Trans_L2_m: 0.331, Yaw_err_deg: 0.349
Epoch: [22/23], Batch: 1960/2963, Loss: 39.972, Trans_L2_m: 0.331, Yaw_err_deg: 0.405
Epoch: [22/23], Batch: 1970/2963, Loss: 38.005, Trans_L2_m: 0.279, Yaw_err_deg: 0.412
Epoch: [22/23], Batch: 1980/2963, Loss: 43.402, Trans_L2_m: 0.353, Yaw_err_deg: 0.597
Epoch: [22/23], Batch: 1990/2963, Loss: 39.992, Trans_L2_m: 0.295, Yaw_err_deg: 0.413
Epoch: [22/23], Batch: 2000/2963, Loss: 43.605, Trans_L2_m: 0.315, Yaw_err_deg: 0.590
Epoch: [22/23], Batch: 2010/2963, Loss: 40.607, Trans_L2_m: 0.311, Yaw_err_deg: 0.410
Epoch: [22/23], Batch: 2020/2963, Loss: 56.966, Trans_L2_m: 0.233, Yaw_err_deg: 1.449
Epoch: [22/23], Batch: 2030/2963, Loss: 35.370, Trans_L2_m: 0.246, Yaw_err_deg: 0.420
Epoch: [22/23], Batch: 2040/2963, Loss: 41.899, Trans_L2_m: 0.264, Yaw_err_deg: 0.652
Epoch: [22/23], Batch: 2050/2963, Loss: 45.759, Trans_L2_m: 0.458, Yaw_err_deg: 0.696
Epoch: [22/23], Batch: 2060/2963, Loss: 44.408, Trans_L2_m: 0.348, Yaw_err_deg: 0.611
Epoch: [22/23], Batch: 2070/2963, Loss: 41.223, Trans_L2_m: 0.420, Yaw_err_deg: 0.491
Epoch: [22/23], Batch: 2080/2963, Loss: 41.474, Trans_L2_m: 0.336, Yaw_err_deg: 0.550
Epoch: [22/23], Batch: 2090/2963, Loss: 40.606, Trans_L2_m: 0.333, Yaw_err_deg: 0.423
Epoch: [22/23], Batch: 2100/2963, Loss: 36.630, Trans_L2_m: 0.287, Yaw_err_deg: 0.535
Epoch: [22/23], Batch: 2110/2963, Loss: 47.478, Trans_L2_m: 0.321, Yaw_err_deg: 0.845
Epoch: [22/23], Batch: 2120/2963, Loss: 39.066, Trans_L2_m: 0.230, Yaw_err_deg: 0.392
Epoch: [22/23], Batch: 2130/2963, Loss: 40.763, Trans_L2_m: 0.335, Yaw_err_deg: 0.413
Epoch: [22/23], Batch: 2140/2963, Loss: 40.168, Trans_L2_m: 0.249, Yaw_err_deg: 0.508
Epoch: [22/23], Batch: 2150/2963, Loss: 41.353, Trans_L2_m: 0.297, Yaw_err_deg: 0.521
Epoch: [22/23], Batch: 2160/2963, Loss: 38.620, Trans_L2_m: 0.259, Yaw_err_deg: 0.435
Epoch: [22/23], Batch: 2170/2963, Loss: 35.906, Trans_L2_m: 0.239, Yaw_err_deg: 0.379
Epoch: [22/23], Batch: 2180/2963, Loss: 37.999, Trans_L2_m: 0.275, Yaw_err_deg: 0.295
Epoch: [22/23], Batch: 2190/2963, Loss: 40.111, Trans_L2_m: 0.335, Yaw_err_deg: 0.321
Epoch: [22/23], Batch: 2200/2963, Loss: 35.284, Trans_L2_m: 0.238, Yaw_err_deg: 0.467
Epoch: [22/23], Batch: 2210/2963, Loss: 39.764, Trans_L2_m: 0.348, Yaw_err_deg: 0.435
Epoch: [22/23], Batch: 2220/2963, Loss: 33.565, Trans_L2_m: 0.208, Yaw_err_deg: 0.695
Epoch: [22/23], Batch: 2230/2963, Loss: 39.976, Trans_L2_m: 0.248, Yaw_err_deg: 0.420
Epoch: [22/23], Batch: 2240/2963, Loss: 42.066, Trans_L2_m: 0.338, Yaw_err_deg: 0.631
Epoch: [22/23], Batch: 2250/2963, Loss: 38.407, Trans_L2_m: 0.281, Yaw_err_deg: 0.339
Epoch: [22/23], Batch: 2260/2963, Loss: 43.319, Trans_L2_m: 0.283, Yaw_err_deg: 0.604
Epoch: [22/23], Batch: 2270/2963, Loss: 37.721, Trans_L2_m: 0.339, Yaw_err_deg: 0.455
Epoch: [22/23], Batch: 2280/2963, Loss: 39.065, Trans_L2_m: 0.252, Yaw_err_deg: 0.482
Epoch: [22/23], Batch: 2290/2963, Loss: 44.100, Trans_L2_m: 0.352, Yaw_err_deg: 0.707
Epoch: [22/23], Batch: 2300/2963, Loss: 45.729, Trans_L2_m: 0.409, Yaw_err_deg: 0.611
Epoch: [22/23], Batch: 2310/2963, Loss: 65.203, Trans_L2_m: 0.281, Yaw_err_deg: 1.492
Epoch: [22/23], Batch: 2320/2963, Loss: 36.448, Trans_L2_m: 0.241, Yaw_err_deg: 0.450
Epoch: [22/23], Batch: 2330/2963, Loss: 41.119, Trans_L2_m: 0.304, Yaw_err_deg: 0.473
Epoch: [22/23], Batch: 2340/2963, Loss: 43.273, Trans_L2_m: 0.386, Yaw_err_deg: 0.532
Epoch: [22/23], Batch: 2350/2963, Loss: 41.280, Trans_L2_m: 0.401, Yaw_err_deg: 0.414
Epoch: [22/23], Batch: 2360/2963, Loss: 42.332, Trans_L2_m: 0.356, Yaw_err_deg: 0.455
Epoch: [22/23], Batch: 2370/2963, Loss: 54.786, Trans_L2_m: 0.429, Yaw_err_deg: 0.989
Epoch: [22/23], Batch: 2380/2963, Loss: 34.958, Trans_L2_m: 0.258, Yaw_err_deg: 0.393
Epoch: [22/23], Batch: 2390/2963, Loss: 40.968, Trans_L2_m: 0.316, Yaw_err_deg: 0.431
Epoch: [22/23], Batch: 2400/2963, Loss: 44.011, Trans_L2_m: 0.524, Yaw_err_deg: 0.594
Epoch: [22/23], Batch: 2410/2963, Loss: 41.199, Trans_L2_m: 0.419, Yaw_err_deg: 0.323
Epoch: [22/23], Batch: 2420/2963, Loss: 41.244, Trans_L2_m: 0.273, Yaw_err_deg: 0.454
Epoch: [22/23], Batch: 2430/2963, Loss: 41.654, Trans_L2_m: 0.352, Yaw_err_deg: 0.709
Epoch: [22/23], Batch: 2440/2963, Loss: 61.879, Trans_L2_m: 0.386, Yaw_err_deg: 1.372
Epoch: [22/23], Batch: 2450/2963, Loss: 42.409, Trans_L2_m: 0.300, Yaw_err_deg: 0.541
Epoch: [22/23], Batch: 2460/2963, Loss: 42.083, Trans_L2_m: 0.366, Yaw_err_deg: 0.477
Epoch: [22/23], Batch: 2470/2963, Loss: 37.131, Trans_L2_m: 0.318, Yaw_err_deg: 0.435
Epoch: [22/23], Batch: 2480/2963, Loss: 39.177, Trans_L2_m: 0.300, Yaw_err_deg: 0.327
Epoch: [22/23], Batch: 2490/2963, Loss: 41.935, Trans_L2_m: 0.342, Yaw_err_deg: 0.580
Epoch: [22/23], Batch: 2500/2963, Loss: 42.041, Trans_L2_m: 0.297, Yaw_err_deg: 0.486
Epoch: [22/23], Batch: 2510/2963, Loss: 47.858, Trans_L2_m: 0.294, Yaw_err_deg: 0.591
Epoch: [22/23], Batch: 2520/2963, Loss: 51.150, Trans_L2_m: 0.410, Yaw_err_deg: 0.620
Epoch: [22/23], Batch: 2530/2963, Loss: 40.182, Trans_L2_m: 0.236, Yaw_err_deg: 0.369
Epoch: [22/23], Batch: 2540/2963, Loss: 43.934, Trans_L2_m: 0.405, Yaw_err_deg: 0.390
Epoch: [22/23], Batch: 2550/2963, Loss: 39.098, Trans_L2_m: 0.246, Yaw_err_deg: 0.541
Epoch: [22/23], Batch: 2560/2963, Loss: 44.562, Trans_L2_m: 0.439, Yaw_err_deg: 0.354
Epoch: [22/23], Batch: 2570/2963, Loss: 46.733, Trans_L2_m: 0.415, Yaw_err_deg: 0.517
Epoch: [22/23], Batch: 2580/2963, Loss: 36.833, Trans_L2_m: 0.260, Yaw_err_deg: 0.333
Epoch: [22/23], Batch: 2590/2963, Loss: 37.215, Trans_L2_m: 0.330, Yaw_err_deg: 0.543
Epoch: [22/23], Batch: 2600/2963, Loss: 39.185, Trans_L2_m: 0.232, Yaw_err_deg: 0.413
Epoch: [22/23], Batch: 2610/2963, Loss: 41.461, Trans_L2_m: 0.289, Yaw_err_deg: 0.553
Epoch: [22/23], Batch: 2620/2963, Loss: 39.163, Trans_L2_m: 0.254, Yaw_err_deg: 0.443
Epoch: [22/23], Batch: 2630/2963, Loss: 53.901, Trans_L2_m: 0.314, Yaw_err_deg: 0.655
Epoch: [22/23], Batch: 2640/2963, Loss: 41.546, Trans_L2_m: 0.373, Yaw_err_deg: 0.450
Epoch: [22/23], Batch: 2650/2963, Loss: 47.606, Trans_L2_m: 0.315, Yaw_err_deg: 0.595
Epoch: [22/23], Batch: 2660/2963, Loss: 46.188, Trans_L2_m: 0.322, Yaw_err_deg: 0.466
Epoch: [22/23], Batch: 2670/2963, Loss: 38.712, Trans_L2_m: 0.352, Yaw_err_deg: 0.426
Epoch: [22/23], Batch: 2680/2963, Loss: 41.234, Trans_L2_m: 0.349, Yaw_err_deg: 0.498
Epoch: [22/23], Batch: 2690/2963, Loss: 42.806, Trans_L2_m: 0.355, Yaw_err_deg: 0.942
Epoch: [22/23], Batch: 2700/2963, Loss: 42.489, Trans_L2_m: 0.292, Yaw_err_deg: 0.676
Epoch: [22/23], Batch: 2710/2963, Loss: 41.232, Trans_L2_m: 0.374, Yaw_err_deg: 0.413
Epoch: [22/23], Batch: 2720/2963, Loss: 44.632, Trans_L2_m: 0.452, Yaw_err_deg: 0.598
Epoch: [22/23], Batch: 2730/2963, Loss: 42.441, Trans_L2_m: 0.280, Yaw_err_deg: 0.665
Epoch: [22/23], Batch: 2740/2963, Loss: 1148.633, Trans_L2_m: 0.347, Yaw_err_deg: 0.446
Epoch: [22/23], Batch: 2750/2963, Loss: 43.115, Trans_L2_m: 0.319, Yaw_err_deg: 0.557
Epoch: [22/23], Batch: 2760/2963, Loss: 48.982, Trans_L2_m: 0.293, Yaw_err_deg: 0.489
Epoch: [22/23], Batch: 2770/2963, Loss: 37.010, Trans_L2_m: 0.317, Yaw_err_deg: 0.488
Epoch: [22/23], Batch: 2780/2963, Loss: 50.486, Trans_L2_m: 0.321, Yaw_err_deg: 0.775
Epoch: [22/23], Batch: 2790/2963, Loss: 55.374, Trans_L2_m: 0.318, Yaw_err_deg: 1.098
Epoch: [22/23], Batch: 2800/2963, Loss: 42.435, Trans_L2_m: 0.373, Yaw_err_deg: 0.526
Epoch: [22/23], Batch: 2810/2963, Loss: 42.204, Trans_L2_m: 0.235, Yaw_err_deg: 0.438
Epoch: [22/23], Batch: 2820/2963, Loss: 43.608, Trans_L2_m: 0.421, Yaw_err_deg: 0.653
Epoch: [22/23], Batch: 2830/2963, Loss: 41.101, Trans_L2_m: 0.208, Yaw_err_deg: 0.409
Epoch: [22/23], Batch: 2840/2963, Loss: 43.466, Trans_L2_m: 0.330, Yaw_err_deg: 0.451
Epoch: [22/23], Batch: 2850/2963, Loss: 48.148, Trans_L2_m: 0.514, Yaw_err_deg: 0.599
Epoch: [22/23], Batch: 2860/2963, Loss: 42.945, Trans_L2_m: 0.335, Yaw_err_deg: 0.424
Epoch: [22/23], Batch: 2870/2963, Loss: 52.809, Trans_L2_m: 0.337, Yaw_err_deg: 1.043
Epoch: [22/23], Batch: 2880/2963, Loss: 51.404, Trans_L2_m: 0.259, Yaw_err_deg: 0.696
Epoch: [22/23], Batch: 2890/2963, Loss: 37.884, Trans_L2_m: 0.303, Yaw_err_deg: 0.377
Epoch: [22/23], Batch: 2900/2963, Loss: 36.297, Trans_L2_m: 0.242, Yaw_err_deg: 0.395
Epoch: [22/23], Batch: 2910/2963, Loss: 39.472, Trans_L2_m: 0.389, Yaw_err_deg: 0.443
Epoch: [22/23], Batch: 2920/2963, Loss: 38.360, Trans_L2_m: 0.271, Yaw_err_deg: 0.522
Epoch: [22/23], Batch: 2930/2963, Loss: 38.352, Trans_L2_m: 0.362, Yaw_err_deg: 0.461
Epoch: [22/23], Batch: 2940/2963, Loss: 41.838, Trans_L2_m: 0.327, Yaw_err_deg: 0.534
Epoch: [22/23], Batch: 2950/2963, Loss: 49.272, Trans_L2_m: 0.465, Yaw_err_deg: 0.496
Epoch: [22/23], Batch: 2960/2963, Loss: 39.174, Trans_L2_m: 0.390, Yaw_err_deg: 0.405
Epoch: [23/23], Batch: 0/2963, Loss: 41.000, Trans_L2_m: 0.294, Yaw_err_deg: 0.531
Epoch: [23/23], Batch: 10/2963, Loss: 50.657, Trans_L2_m: 0.346, Yaw_err_deg: 0.678
Epoch: [23/23], Batch: 20/2963, Loss: 40.413, Trans_L2_m: 0.334, Yaw_err_deg: 0.477
Epoch: [23/23], Batch: 30/2963, Loss: 38.208, Trans_L2_m: 0.310, Yaw_err_deg: 0.442
Epoch: [23/23], Batch: 40/2963, Loss: 39.888, Trans_L2_m: 0.288, Yaw_err_deg: 0.638
Epoch: [23/23], Batch: 50/2963, Loss: 42.330, Trans_L2_m: 0.373, Yaw_err_deg: 0.572
Epoch: [23/23], Batch: 60/2963, Loss: 44.201, Trans_L2_m: 0.364, Yaw_err_deg: 0.509
Epoch: [23/23], Batch: 70/2963, Loss: 46.804, Trans_L2_m: 0.439, Yaw_err_deg: 0.460
Epoch: [23/23], Batch: 80/2963, Loss: 38.597, Trans_L2_m: 0.278, Yaw_err_deg: 0.379
Epoch: [23/23], Batch: 90/2963, Loss: 48.816, Trans_L2_m: 0.321, Yaw_err_deg: 0.375
Epoch: [23/23], Batch: 100/2963, Loss: 50.629, Trans_L2_m: 0.498, Yaw_err_deg: 0.451
Epoch: [23/23], Batch: 110/2963, Loss: 42.903, Trans_L2_m: 0.390, Yaw_err_deg: 0.577
Epoch: [23/23], Batch: 120/2963, Loss: 62.289, Trans_L2_m: 0.265, Yaw_err_deg: 1.663
Epoch: [23/23], Batch: 130/2963, Loss: 66.444, Trans_L2_m: 0.281, Yaw_err_deg: 1.070
Epoch: [23/23], Batch: 140/2963, Loss: 38.812, Trans_L2_m: 0.287, Yaw_err_deg: 0.433
Epoch: [23/23], Batch: 150/2963, Loss: 38.935, Trans_L2_m: 0.423, Yaw_err_deg: 0.361
Epoch: [23/23], Batch: 160/2963, Loss: 40.932, Trans_L2_m: 0.252, Yaw_err_deg: 0.344
Epoch: [23/23], Batch: 170/2963, Loss: 44.301, Trans_L2_m: 0.374, Yaw_err_deg: 0.399
Epoch: [23/23], Batch: 180/2963, Loss: 40.262, Trans_L2_m: 0.409, Yaw_err_deg: 0.455
Epoch: [23/23], Batch: 190/2963, Loss: 47.684, Trans_L2_m: 0.308, Yaw_err_deg: 0.711
Epoch: [23/23], Batch: 200/2963, Loss: 40.042, Trans_L2_m: 0.314, Yaw_err_deg: 0.460
Epoch: [23/23], Batch: 210/2963, Loss: 45.092, Trans_L2_m: 0.421, Yaw_err_deg: 0.640
Epoch: [23/23], Batch: 220/2963, Loss: 42.826, Trans_L2_m: 0.445, Yaw_err_deg: 0.486
Epoch: [23/23], Batch: 230/2963, Loss: 41.570, Trans_L2_m: 0.339, Yaw_err_deg: 0.399
Epoch: [23/23], Batch: 240/2963, Loss: 38.045, Trans_L2_m: 0.340, Yaw_err_deg: 0.277
Epoch: [23/23], Batch: 250/2963, Loss: 42.063, Trans_L2_m: 0.269, Yaw_err_deg: 0.427
Epoch: [23/23], Batch: 260/2963, Loss: 45.051, Trans_L2_m: 0.365, Yaw_err_deg: 0.637
Epoch: [23/23], Batch: 270/2963, Loss: 45.620, Trans_L2_m: 0.336, Yaw_err_deg: 0.533
Epoch: [23/23], Batch: 280/2963, Loss: 44.173, Trans_L2_m: 0.406, Yaw_err_deg: 0.583
Epoch: [23/23], Batch: 290/2963, Loss: 37.859, Trans_L2_m: 0.205, Yaw_err_deg: 0.609
Epoch: [23/23], Batch: 300/2963, Loss: 47.021, Trans_L2_m: 0.482, Yaw_err_deg: 0.533
Epoch: [23/23], Batch: 310/2963, Loss: 37.702, Trans_L2_m: 0.262, Yaw_err_deg: 0.399
Epoch: [23/23], Batch: 320/2963, Loss: 41.411, Trans_L2_m: 0.283, Yaw_err_deg: 0.378
Epoch: [23/23], Batch: 330/2963, Loss: 46.092, Trans_L2_m: 0.291, Yaw_err_deg: 0.692
Epoch: [23/23], Batch: 340/2963, Loss: 41.154, Trans_L2_m: 0.294, Yaw_err_deg: 0.533
Epoch: [23/23], Batch: 350/2963, Loss: 41.371, Trans_L2_m: 0.322, Yaw_err_deg: 0.571
Epoch: [23/23], Batch: 360/2963, Loss: 43.895, Trans_L2_m: 0.387, Yaw_err_deg: 0.462
Epoch: [23/23], Batch: 370/2963, Loss: 40.052, Trans_L2_m: 0.273, Yaw_err_deg: 0.466
Epoch: [23/23], Batch: 380/2963, Loss: 47.090, Trans_L2_m: 0.461, Yaw_err_deg: 0.476
Epoch: [23/23], Batch: 390/2963, Loss: 42.888, Trans_L2_m: 0.327, Yaw_err_deg: 0.448
Epoch: [23/23], Batch: 400/2963, Loss: 44.027, Trans_L2_m: 0.295, Yaw_err_deg: 0.773
Epoch: [23/23], Batch: 410/2963, Loss: 39.568, Trans_L2_m: 0.303, Yaw_err_deg: 0.640
Epoch: [23/23], Batch: 420/2963, Loss: 53.695, Trans_L2_m: 0.425, Yaw_err_deg: 0.737
Epoch: [23/23], Batch: 430/2963, Loss: 42.829, Trans_L2_m: 0.313, Yaw_err_deg: 0.588
Epoch: [23/23], Batch: 440/2963, Loss: 43.183, Trans_L2_m: 0.375, Yaw_err_deg: 0.346
Epoch: [23/23], Batch: 450/2963, Loss: 38.480, Trans_L2_m: 0.275, Yaw_err_deg: 0.454
Epoch: [23/23], Batch: 460/2963, Loss: 46.464, Trans_L2_m: 0.388, Yaw_err_deg: 0.414
Epoch: [23/23], Batch: 470/2963, Loss: 38.568, Trans_L2_m: 0.395, Yaw_err_deg: 0.340
Epoch: [23/23], Batch: 480/2963, Loss: 40.735, Trans_L2_m: 0.345, Yaw_err_deg: 0.564
Epoch: [23/23], Batch: 490/2963, Loss: 45.030, Trans_L2_m: 0.345, Yaw_err_deg: 0.377
Epoch: [23/23], Batch: 500/2963, Loss: 39.807, Trans_L2_m: 0.349, Yaw_err_deg: 0.511
Epoch: [23/23], Batch: 510/2963, Loss: 39.187, Trans_L2_m: 0.361, Yaw_err_deg: 0.366
Epoch: [23/23], Batch: 520/2963, Loss: 40.388, Trans_L2_m: 0.236, Yaw_err_deg: 0.551
Epoch: [23/23], Batch: 530/2963, Loss: 41.606, Trans_L2_m: 0.196, Yaw_err_deg: 0.833
Epoch: [23/23], Batch: 540/2963, Loss: 46.972, Trans_L2_m: 0.358, Yaw_err_deg: 0.578
Epoch: [23/23], Batch: 550/2963, Loss: 49.154, Trans_L2_m: 0.310, Yaw_err_deg: 0.508
Epoch: [23/23], Batch: 560/2963, Loss: 45.633, Trans_L2_m: 0.441, Yaw_err_deg: 0.507
Epoch: [23/23], Batch: 570/2963, Loss: 43.416, Trans_L2_m: 0.328, Yaw_err_deg: 0.473
Epoch: [23/23], Batch: 580/2963, Loss: 40.541, Trans_L2_m: 0.297, Yaw_err_deg: 0.445
Epoch: [23/23], Batch: 590/2963, Loss: 47.592, Trans_L2_m: 0.420, Yaw_err_deg: 0.583
Epoch: [23/23], Batch: 600/2963, Loss: 43.310, Trans_L2_m: 0.439, Yaw_err_deg: 0.304
Epoch: [23/23], Batch: 610/2963, Loss: 46.871, Trans_L2_m: 0.403, Yaw_err_deg: 0.680
Epoch: [23/23], Batch: 620/2963, Loss: 42.892, Trans_L2_m: 0.308, Yaw_err_deg: 0.621
Epoch: [23/23], Batch: 630/2963, Loss: 39.694, Trans_L2_m: 0.350, Yaw_err_deg: 0.429
Epoch: [23/23], Batch: 640/2963, Loss: 38.854, Trans_L2_m: 0.259, Yaw_err_deg: 0.510
Epoch: [23/23], Batch: 650/2963, Loss: 34.494, Trans_L2_m: 0.272, Yaw_err_deg: 0.445
Epoch: [23/23], Batch: 660/2963, Loss: 2188.979, Trans_L2_m: 0.213, Yaw_err_deg: 0.685
Epoch: [23/23], Batch: 670/2963, Loss: 43.015, Trans_L2_m: 0.370, Yaw_err_deg: 0.507
Epoch: [23/23], Batch: 680/2963, Loss: 41.579, Trans_L2_m: 0.251, Yaw_err_deg: 0.607
Epoch: [23/23], Batch: 690/2963, Loss: 46.049, Trans_L2_m: 0.424, Yaw_err_deg: 0.507
Epoch: [23/23], Batch: 700/2963, Loss: 42.030, Trans_L2_m: 0.418, Yaw_err_deg: 0.465
Epoch: [23/23], Batch: 710/2963, Loss: 43.533, Trans_L2_m: 0.474, Yaw_err_deg: 0.379
Epoch: [23/23], Batch: 720/2963, Loss: 45.907, Trans_L2_m: 0.350, Yaw_err_deg: 0.747
Epoch: [23/23], Batch: 730/2963, Loss: 45.531, Trans_L2_m: 0.439, Yaw_err_deg: 0.375
Epoch: [23/23], Batch: 740/2963, Loss: 47.394, Trans_L2_m: 0.342, Yaw_err_deg: 0.439
Epoch: [23/23], Batch: 750/2963, Loss: 42.733, Trans_L2_m: 0.288, Yaw_err_deg: 0.570
Epoch: [23/23], Batch: 760/2963, Loss: 45.102, Trans_L2_m: 0.353, Yaw_err_deg: 0.536
Epoch: [23/23], Batch: 770/2963, Loss: 48.612, Trans_L2_m: 0.393, Yaw_err_deg: 0.399
Epoch: [23/23], Batch: 780/2963, Loss: 35.818, Trans_L2_m: 0.260, Yaw_err_deg: 0.441
Epoch: [23/23], Batch: 790/2963, Loss: 39.388, Trans_L2_m: 0.343, Yaw_err_deg: 0.551
Epoch: [23/23], Batch: 800/2963, Loss: 47.222, Trans_L2_m: 0.437, Yaw_err_deg: 0.478
Epoch: [23/23], Batch: 810/2963, Loss: 39.935, Trans_L2_m: 0.389, Yaw_err_deg: 0.391
Epoch: [23/23], Batch: 820/2963, Loss: 40.227, Trans_L2_m: 0.261, Yaw_err_deg: 0.614
Epoch: [23/23], Batch: 830/2963, Loss: 37.125, Trans_L2_m: 0.211, Yaw_err_deg: 0.451
Epoch: [23/23], Batch: 840/2963, Loss: 39.268, Trans_L2_m: 0.286, Yaw_err_deg: 0.456
Epoch: [23/23], Batch: 850/2963, Loss: 42.169, Trans_L2_m: 0.348, Yaw_err_deg: 0.616
Epoch: [23/23], Batch: 860/2963, Loss: 45.130, Trans_L2_m: 0.313, Yaw_err_deg: 0.475
Epoch: [23/23], Batch: 870/2963, Loss: 39.207, Trans_L2_m: 0.301, Yaw_err_deg: 0.458
Epoch: [23/23], Batch: 880/2963, Loss: 46.253, Trans_L2_m: 0.437, Yaw_err_deg: 0.448
Epoch: [23/23], Batch: 890/2963, Loss: 40.235, Trans_L2_m: 0.375, Yaw_err_deg: 0.444
Epoch: [23/23], Batch: 900/2963, Loss: 44.274, Trans_L2_m: 0.453, Yaw_err_deg: 0.436
Epoch: [23/23], Batch: 910/2963, Loss: 45.395, Trans_L2_m: 0.425, Yaw_err_deg: 0.408
Epoch: [23/23], Batch: 920/2963, Loss: 39.181, Trans_L2_m: 0.256, Yaw_err_deg: 0.476
Epoch: [23/23], Batch: 930/2963, Loss: 41.316, Trans_L2_m: 0.348, Yaw_err_deg: 0.514
Epoch: [23/23], Batch: 940/2963, Loss: 38.817, Trans_L2_m: 0.339, Yaw_err_deg: 0.399
Epoch: [23/23], Batch: 950/2963, Loss: 40.759, Trans_L2_m: 0.287, Yaw_err_deg: 0.439
Epoch: [23/23], Batch: 960/2963, Loss: 39.146, Trans_L2_m: 0.212, Yaw_err_deg: 0.528
Epoch: [23/23], Batch: 970/2963, Loss: 39.774, Trans_L2_m: 0.300, Yaw_err_deg: 0.565
Epoch: [23/23], Batch: 980/2963, Loss: 39.434, Trans_L2_m: 0.324, Yaw_err_deg: 0.428
Epoch: [23/23], Batch: 990/2963, Loss: 49.041, Trans_L2_m: 0.405, Yaw_err_deg: 0.597
Epoch: [23/23], Batch: 1000/2963, Loss: 38.885, Trans_L2_m: 0.266, Yaw_err_deg: 0.581
Epoch: [23/23], Batch: 1010/2963, Loss: 39.120, Trans_L2_m: 0.283, Yaw_err_deg: 0.392
Epoch: [23/23], Batch: 1020/2963, Loss: 43.685, Trans_L2_m: 0.327, Yaw_err_deg: 0.429
Epoch: [23/23], Batch: 1030/2963, Loss: 39.904, Trans_L2_m: 0.316, Yaw_err_deg: 0.334
Epoch: [23/23], Batch: 1040/2963, Loss: 44.226, Trans_L2_m: 0.301, Yaw_err_deg: 0.759
Epoch: [23/23], Batch: 1050/2963, Loss: 43.900, Trans_L2_m: 0.386, Yaw_err_deg: 0.387
Epoch: [23/23], Batch: 1060/2963, Loss: 47.086, Trans_L2_m: 0.437, Yaw_err_deg: 0.423
Epoch: [23/23], Batch: 1070/2963, Loss: 40.883, Trans_L2_m: 0.283, Yaw_err_deg: 0.558
Epoch: [23/23], Batch: 1080/2963, Loss: 42.984, Trans_L2_m: 0.455, Yaw_err_deg: 0.405
Epoch: [23/23], Batch: 1090/2963, Loss: 40.760, Trans_L2_m: 0.233, Yaw_err_deg: 0.538
Epoch: [23/23], Batch: 1100/2963, Loss: 50.380, Trans_L2_m: 0.232, Yaw_err_deg: 0.675
Epoch: [23/23], Batch: 1110/2963, Loss: 40.817, Trans_L2_m: 0.290, Yaw_err_deg: 0.676
Epoch: [23/23], Batch: 1120/2963, Loss: 41.151, Trans_L2_m: 0.380, Yaw_err_deg: 0.524
Epoch: [23/23], Batch: 1130/2963, Loss: 43.835, Trans_L2_m: 0.278, Yaw_err_deg: 0.533
Epoch: [23/23], Batch: 1140/2963, Loss: 39.177, Trans_L2_m: 0.349, Yaw_err_deg: 0.442
Epoch: [23/23], Batch: 1150/2963, Loss: 42.900, Trans_L2_m: 0.388, Yaw_err_deg: 0.482
Epoch: [23/23], Batch: 1160/2963, Loss: 41.422, Trans_L2_m: 0.290, Yaw_err_deg: 0.570
Epoch: [23/23], Batch: 1170/2963, Loss: 38.941, Trans_L2_m: 0.339, Yaw_err_deg: 0.290
Epoch: [23/23], Batch: 1180/2963, Loss: 45.426, Trans_L2_m: 0.338, Yaw_err_deg: 0.485
Epoch: [23/23], Batch: 1190/2963, Loss: 43.408, Trans_L2_m: 0.434, Yaw_err_deg: 0.455
Epoch: [23/23], Batch: 1200/2963, Loss: 40.677, Trans_L2_m: 0.285, Yaw_err_deg: 0.561
Epoch: [23/23], Batch: 1210/2963, Loss: 38.981, Trans_L2_m: 0.280, Yaw_err_deg: 0.401
Epoch: [23/23], Batch: 1220/2963, Loss: 44.909, Trans_L2_m: 0.449, Yaw_err_deg: 0.342
Epoch: [23/23], Batch: 1230/2963, Loss: 44.154, Trans_L2_m: 0.349, Yaw_err_deg: 0.860
Epoch: [23/23], Batch: 1240/2963, Loss: 58.779, Trans_L2_m: 0.301, Yaw_err_deg: 0.434
Epoch: [23/23], Batch: 1250/2963, Loss: 48.276, Trans_L2_m: 0.250, Yaw_err_deg: 0.511
Epoch: [23/23], Batch: 1260/2963, Loss: 43.031, Trans_L2_m: 0.271, Yaw_err_deg: 0.481
Epoch: [23/23], Batch: 1270/2963, Loss: 38.109, Trans_L2_m: 0.257, Yaw_err_deg: 0.429
Epoch: [23/23], Batch: 1280/2963, Loss: 39.676, Trans_L2_m: 0.319, Yaw_err_deg: 0.530
Epoch: [23/23], Batch: 1290/2963, Loss: 42.042, Trans_L2_m: 0.374, Yaw_err_deg: 0.619
Epoch: [23/23], Batch: 1300/2963, Loss: 51.667, Trans_L2_m: 0.368, Yaw_err_deg: 0.959
Epoch: [23/23], Batch: 1310/2963, Loss: 48.835, Trans_L2_m: 0.492, Yaw_err_deg: 0.352
Epoch: [23/23], Batch: 1320/2963, Loss: 39.150, Trans_L2_m: 0.325, Yaw_err_deg: 0.182
Epoch: [23/23], Batch: 1330/2963, Loss: 41.290, Trans_L2_m: 0.387, Yaw_err_deg: 0.327
Epoch: [23/23], Batch: 1340/2963, Loss: 40.875, Trans_L2_m: 0.294, Yaw_err_deg: 0.410
Epoch: [23/23], Batch: 1350/2963, Loss: 44.026, Trans_L2_m: 0.357, Yaw_err_deg: 0.680
Epoch: [23/23], Batch: 1360/2963, Loss: 37.657, Trans_L2_m: 0.257, Yaw_err_deg: 0.542
Epoch: [23/23], Batch: 1370/2963, Loss: 42.463, Trans_L2_m: 0.347, Yaw_err_deg: 0.479
Epoch: [23/23], Batch: 1380/2963, Loss: 42.651, Trans_L2_m: 0.418, Yaw_err_deg: 0.511
Epoch: [23/23], Batch: 1390/2963, Loss: 45.288, Trans_L2_m: 0.291, Yaw_err_deg: 0.433
Epoch: [23/23], Batch: 1400/2963, Loss: 41.008, Trans_L2_m: 0.337, Yaw_err_deg: 0.536
Epoch: [23/23], Batch: 1410/2963, Loss: 42.371, Trans_L2_m: 0.223, Yaw_err_deg: 0.570
Epoch: [23/23], Batch: 1420/2963, Loss: 42.431, Trans_L2_m: 0.268, Yaw_err_deg: 0.439
Epoch: [23/23], Batch: 1430/2963, Loss: 41.036, Trans_L2_m: 0.304, Yaw_err_deg: 0.430
Epoch: [23/23], Batch: 1440/2963, Loss: 38.732, Trans_L2_m: 0.308, Yaw_err_deg: 0.561
Epoch: [23/23], Batch: 1450/2963, Loss: 39.927, Trans_L2_m: 0.350, Yaw_err_deg: 0.356
Epoch: [23/23], Batch: 1460/2963, Loss: 42.685, Trans_L2_m: 0.245, Yaw_err_deg: 0.739
Epoch: [23/23], Batch: 1470/2963, Loss: 39.594, Trans_L2_m: 0.339, Yaw_err_deg: 0.378
Epoch: [23/23], Batch: 1480/2963, Loss: 44.581, Trans_L2_m: 0.386, Yaw_err_deg: 0.459
Epoch: [23/23], Batch: 1490/2963, Loss: 37.947, Trans_L2_m: 0.264, Yaw_err_deg: 0.468
Epoch: [23/23], Batch: 1500/2963, Loss: 42.426, Trans_L2_m: 0.311, Yaw_err_deg: 0.642
Epoch: [23/23], Batch: 1510/2963, Loss: 38.239, Trans_L2_m: 0.280, Yaw_err_deg: 0.375
Epoch: [23/23], Batch: 1520/2963, Loss: 44.943, Trans_L2_m: 0.386, Yaw_err_deg: 0.425
Epoch: [23/23], Batch: 1530/2963, Loss: 43.634, Trans_L2_m: 0.302, Yaw_err_deg: 0.547
Epoch: [23/23], Batch: 1540/2963, Loss: 36.825, Trans_L2_m: 0.393, Yaw_err_deg: 0.407
Epoch: [23/23], Batch: 1550/2963, Loss: 47.367, Trans_L2_m: 0.400, Yaw_err_deg: 0.604
Epoch: [23/23], Batch: 1560/2963, Loss: 43.119, Trans_L2_m: 0.433, Yaw_err_deg: 0.376
Epoch: [23/23], Batch: 1570/2963, Loss: 46.120, Trans_L2_m: 0.445, Yaw_err_deg: 0.720
Epoch: [23/23], Batch: 1580/2963, Loss: 46.756, Trans_L2_m: 0.298, Yaw_err_deg: 0.653
Epoch: [23/23], Batch: 1590/2963, Loss: 38.300, Trans_L2_m: 0.310, Yaw_err_deg: 0.497
Epoch: [23/23], Batch: 1600/2963, Loss: 39.317, Trans_L2_m: 0.262, Yaw_err_deg: 0.511
Epoch: [23/23], Batch: 1610/2963, Loss: 38.103, Trans_L2_m: 0.207, Yaw_err_deg: 0.381
Epoch: [23/23], Batch: 1620/2963, Loss: 40.382, Trans_L2_m: 0.369, Yaw_err_deg: 0.602
Epoch: [23/23], Batch: 1630/2963, Loss: 41.754, Trans_L2_m: 0.302, Yaw_err_deg: 0.778
Epoch: [23/23], Batch: 1640/2963, Loss: 44.028, Trans_L2_m: 0.301, Yaw_err_deg: 0.479
Epoch: [23/23], Batch: 1650/2963, Loss: 42.032, Trans_L2_m: 0.293, Yaw_err_deg: 0.697
Epoch: [23/23], Batch: 1660/2963, Loss: 47.534, Trans_L2_m: 0.400, Yaw_err_deg: 0.552
Epoch: [23/23], Batch: 1670/2963, Loss: 48.108, Trans_L2_m: 0.347, Yaw_err_deg: 0.607
Epoch: [23/23], Batch: 1680/2963, Loss: 39.928, Trans_L2_m: 0.289, Yaw_err_deg: 0.658
Epoch: [23/23], Batch: 1690/2963, Loss: 39.383, Trans_L2_m: 0.355, Yaw_err_deg: 0.435
Epoch: [23/23], Batch: 1700/2963, Loss: 43.672, Trans_L2_m: 0.387, Yaw_err_deg: 0.447
Epoch: [23/23], Batch: 1710/2963, Loss: 42.227, Trans_L2_m: 0.381, Yaw_err_deg: 0.353
Epoch: [23/23], Batch: 1720/2963, Loss: 45.111, Trans_L2_m: 0.333, Yaw_err_deg: 0.324
Epoch: [23/23], Batch: 1730/2963, Loss: 38.638, Trans_L2_m: 0.336, Yaw_err_deg: 0.552
Epoch: [23/23], Batch: 1740/2963, Loss: 43.658, Trans_L2_m: 0.260, Yaw_err_deg: 0.645
Epoch: [23/23], Batch: 1750/2963, Loss: 43.205, Trans_L2_m: 0.374, Yaw_err_deg: 0.506
Epoch: [23/23], Batch: 1760/2963, Loss: 41.596, Trans_L2_m: 0.336, Yaw_err_deg: 0.348
Epoch: [23/23], Batch: 1770/2963, Loss: 41.482, Trans_L2_m: 0.355, Yaw_err_deg: 0.427
Epoch: [23/23], Batch: 1780/2963, Loss: 46.959, Trans_L2_m: 0.506, Yaw_err_deg: 0.521
Epoch: [23/23], Batch: 1790/2963, Loss: 52.748, Trans_L2_m: 0.305, Yaw_err_deg: 0.942
Epoch: [23/23], Batch: 1800/2963, Loss: 41.563, Trans_L2_m: 0.286, Yaw_err_deg: 0.460
Epoch: [23/23], Batch: 1810/2963, Loss: 48.910, Trans_L2_m: 0.433, Yaw_err_deg: 0.376
Epoch: [23/23], Batch: 1820/2963, Loss: 41.895, Trans_L2_m: 0.457, Yaw_err_deg: 0.426
Epoch: [23/23], Batch: 1830/2963, Loss: 40.571, Trans_L2_m: 0.276, Yaw_err_deg: 0.643
Epoch: [23/23], Batch: 1840/2963, Loss: 37.882, Trans_L2_m: 0.370, Yaw_err_deg: 0.453
Epoch: [23/23], Batch: 1850/2963, Loss: 38.590, Trans_L2_m: 0.359, Yaw_err_deg: 0.465
Epoch: [23/23], Batch: 1860/2963, Loss: 37.644, Trans_L2_m: 0.312, Yaw_err_deg: 0.383
Epoch: [23/23], Batch: 1870/2963, Loss: 39.393, Trans_L2_m: 0.330, Yaw_err_deg: 0.554
Epoch: [23/23], Batch: 1880/2963, Loss: 39.020, Trans_L2_m: 0.275, Yaw_err_deg: 0.414
Epoch: [23/23], Batch: 1890/2963, Loss: 39.224, Trans_L2_m: 0.326, Yaw_err_deg: 0.430
Epoch: [23/23], Batch: 1900/2963, Loss: 35.218, Trans_L2_m: 0.292, Yaw_err_deg: 0.292
Epoch: [23/23], Batch: 1910/2963, Loss: 40.138, Trans_L2_m: 0.412, Yaw_err_deg: 0.502
Epoch: [23/23], Batch: 1920/2963, Loss: 45.279, Trans_L2_m: 0.315, Yaw_err_deg: 0.632
Epoch: [23/23], Batch: 1930/2963, Loss: 44.999, Trans_L2_m: 0.284, Yaw_err_deg: 0.460
Epoch: [23/23], Batch: 1940/2963, Loss: 38.119, Trans_L2_m: 0.323, Yaw_err_deg: 0.454
Epoch: [23/23], Batch: 1950/2963, Loss: 38.378, Trans_L2_m: 0.236, Yaw_err_deg: 0.579
Epoch: [23/23], Batch: 1960/2963, Loss: 39.627, Trans_L2_m: 0.281, Yaw_err_deg: 0.532
Epoch: [23/23], Batch: 1970/2963, Loss: 42.001, Trans_L2_m: 0.364, Yaw_err_deg: 0.566
Epoch: [23/23], Batch: 1980/2963, Loss: 45.108, Trans_L2_m: 0.426, Yaw_err_deg: 0.629
Epoch: [23/23], Batch: 1990/2963, Loss: 43.532, Trans_L2_m: 0.362, Yaw_err_deg: 0.489
Epoch: [23/23], Batch: 2000/2963, Loss: 42.410, Trans_L2_m: 0.423, Yaw_err_deg: 0.624
Epoch: [23/23], Batch: 2010/2963, Loss: 43.926, Trans_L2_m: 0.323, Yaw_err_deg: 0.472
Epoch: [23/23], Batch: 2020/2963, Loss: 41.333, Trans_L2_m: 0.352, Yaw_err_deg: 0.390
Epoch: [23/23], Batch: 2030/2963, Loss: 39.241, Trans_L2_m: 0.213, Yaw_err_deg: 0.270
Epoch: [23/23], Batch: 2040/2963, Loss: 43.375, Trans_L2_m: 0.383, Yaw_err_deg: 0.522
Epoch: [23/23], Batch: 2050/2963, Loss: 44.744, Trans_L2_m: 0.364, Yaw_err_deg: 0.637
Epoch: [23/23], Batch: 2060/2963, Loss: 40.300, Trans_L2_m: 0.336, Yaw_err_deg: 0.421
Epoch: [23/23], Batch: 2070/2963, Loss: 42.559, Trans_L2_m: 0.363, Yaw_err_deg: 0.382
Epoch: [23/23], Batch: 2080/2963, Loss: 49.573, Trans_L2_m: 0.271, Yaw_err_deg: 0.515
Epoch: [23/23], Batch: 2090/2963, Loss: 41.035, Trans_L2_m: 0.329, Yaw_err_deg: 0.643
Epoch: [23/23], Batch: 2100/2963, Loss: 46.793, Trans_L2_m: 0.411, Yaw_err_deg: 0.599
Epoch: [23/23], Batch: 2110/2963, Loss: 41.520, Trans_L2_m: 0.340, Yaw_err_deg: 0.617
Epoch: [23/23], Batch: 2120/2963, Loss: 35.759, Trans_L2_m: 0.188, Yaw_err_deg: 0.371
Epoch: [23/23], Batch: 2130/2963, Loss: 35.774, Trans_L2_m: 0.256, Yaw_err_deg: 0.391
Epoch: [23/23], Batch: 2140/2963, Loss: 42.404, Trans_L2_m: 0.231, Yaw_err_deg: 0.707
Epoch: [23/23], Batch: 2150/2963, Loss: 41.438, Trans_L2_m: 0.411, Yaw_err_deg: 0.469
Epoch: [23/23], Batch: 2160/2963, Loss: 44.757, Trans_L2_m: 0.382, Yaw_err_deg: 0.478
Epoch: [23/23], Batch: 2170/2963, Loss: 47.052, Trans_L2_m: 0.420, Yaw_err_deg: 0.537
Epoch: [23/23], Batch: 2180/2963, Loss: 45.938, Trans_L2_m: 0.370, Yaw_err_deg: 0.752
Epoch: [23/23], Batch: 2190/2963, Loss: 49.272, Trans_L2_m: 0.465, Yaw_err_deg: 0.753
Epoch: [23/23], Batch: 2200/2963, Loss: 44.391, Trans_L2_m: 0.387, Yaw_err_deg: 0.396
Epoch: [23/23], Batch: 2210/2963, Loss: 42.135, Trans_L2_m: 0.243, Yaw_err_deg: 0.513
Epoch: [23/23], Batch: 2220/2963, Loss: 40.267, Trans_L2_m: 0.276, Yaw_err_deg: 0.459
Epoch: [23/23], Batch: 2230/2963, Loss: 41.754, Trans_L2_m: 0.354, Yaw_err_deg: 0.440
Epoch: [23/23], Batch: 2240/2963, Loss: 41.086, Trans_L2_m: 0.412, Yaw_err_deg: 0.443
Epoch: [23/23], Batch: 2250/2963, Loss: 39.321, Trans_L2_m: 0.319, Yaw_err_deg: 0.466
Epoch: [23/23], Batch: 2260/2963, Loss: 36.330, Trans_L2_m: 0.354, Yaw_err_deg: 0.403
Epoch: [23/23], Batch: 2270/2963, Loss: 42.384, Trans_L2_m: 0.379, Yaw_err_deg: 0.507
Epoch: [23/23], Batch: 2280/2963, Loss: 43.317, Trans_L2_m: 0.402, Yaw_err_deg: 0.611
Epoch: [23/23], Batch: 2290/2963, Loss: 41.399, Trans_L2_m: 0.283, Yaw_err_deg: 0.498
Epoch: [23/23], Batch: 2300/2963, Loss: 43.218, Trans_L2_m: 0.276, Yaw_err_deg: 0.602
Epoch: [23/23], Batch: 2310/2963, Loss: 45.616, Trans_L2_m: 0.274, Yaw_err_deg: 0.642
Epoch: [23/23], Batch: 2320/2963, Loss: 40.702, Trans_L2_m: 0.326, Yaw_err_deg: 0.463
Epoch: [23/23], Batch: 2330/2963, Loss: 42.798, Trans_L2_m: 0.264, Yaw_err_deg: 0.494
Epoch: [23/23], Batch: 2340/2963, Loss: 44.817, Trans_L2_m: 0.319, Yaw_err_deg: 0.363
Epoch: [23/23], Batch: 2350/2963, Loss: 37.524, Trans_L2_m: 0.257, Yaw_err_deg: 0.400
Epoch: [23/23], Batch: 2360/2963, Loss: 43.724, Trans_L2_m: 0.371, Yaw_err_deg: 0.385
Epoch: [23/23], Batch: 2370/2963, Loss: 42.864, Trans_L2_m: 0.342, Yaw_err_deg: 0.580
Epoch: [23/23], Batch: 2380/2963, Loss: 37.874, Trans_L2_m: 0.236, Yaw_err_deg: 0.265
Epoch: [23/23], Batch: 2390/2963, Loss: 39.482, Trans_L2_m: 0.347, Yaw_err_deg: 0.471
Epoch: [23/23], Batch: 2400/2963, Loss: 43.541, Trans_L2_m: 0.345, Yaw_err_deg: 0.509
Epoch: [23/23], Batch: 2410/2963, Loss: 39.917, Trans_L2_m: 0.357, Yaw_err_deg: 0.407
Epoch: [23/23], Batch: 2420/2963, Loss: 37.080, Trans_L2_m: 0.183, Yaw_err_deg: 0.591
Epoch: [23/23], Batch: 2430/2963, Loss: 50.451, Trans_L2_m: 0.472, Yaw_err_deg: 0.685
Epoch: [23/23], Batch: 2440/2963, Loss: 40.760, Trans_L2_m: 0.236, Yaw_err_deg: 0.609
Epoch: [23/23], Batch: 2450/2963, Loss: 63.327, Trans_L2_m: 0.334, Yaw_err_deg: 0.945
Epoch: [23/23], Batch: 2460/2963, Loss: 53.271, Trans_L2_m: 0.348, Yaw_err_deg: 1.084
Epoch: [23/23], Batch: 2470/2963, Loss: 39.738, Trans_L2_m: 0.237, Yaw_err_deg: 0.586
Epoch: [23/23], Batch: 2480/2963, Loss: 44.544, Trans_L2_m: 0.424, Yaw_err_deg: 0.378
Epoch: [23/23], Batch: 2490/2963, Loss: 41.314, Trans_L2_m: 0.365, Yaw_err_deg: 0.623
Epoch: [23/23], Batch: 2500/2963, Loss: 46.828, Trans_L2_m: 0.429, Yaw_err_deg: 0.667
Epoch: [23/23], Batch: 2510/2963, Loss: 38.723, Trans_L2_m: 0.212, Yaw_err_deg: 0.551
Epoch: [23/23], Batch: 2520/2963, Loss: 43.419, Trans_L2_m: 0.369, Yaw_err_deg: 0.387
Epoch: [23/23], Batch: 2530/2963, Loss: 46.331, Trans_L2_m: 0.499, Yaw_err_deg: 0.415
Epoch: [23/23], Batch: 2540/2963, Loss: 38.975, Trans_L2_m: 0.279, Yaw_err_deg: 0.560
Epoch: [23/23], Batch: 2550/2963, Loss: 37.778, Trans_L2_m: 0.284, Yaw_err_deg: 0.491
Epoch: [23/23], Batch: 2560/2963, Loss: 44.623, Trans_L2_m: 0.303, Yaw_err_deg: 0.489
Epoch: [23/23], Batch: 2570/2963, Loss: 37.780, Trans_L2_m: 0.354, Yaw_err_deg: 0.390
Epoch: [23/23], Batch: 2580/2963, Loss: 45.388, Trans_L2_m: 0.323, Yaw_err_deg: 0.675
Epoch: [23/23], Batch: 2590/2963, Loss: 43.055, Trans_L2_m: 0.362, Yaw_err_deg: 0.416
Epoch: [23/23], Batch: 2600/2963, Loss: 44.391, Trans_L2_m: 0.250, Yaw_err_deg: 0.413
Epoch: [23/23], Batch: 2610/2963, Loss: 42.361, Trans_L2_m: 0.324, Yaw_err_deg: 0.623
Epoch: [23/23], Batch: 2620/2963, Loss: 46.591, Trans_L2_m: 0.349, Yaw_err_deg: 0.525
Epoch: [23/23], Batch: 2630/2963, Loss: 40.442, Trans_L2_m: 0.534, Yaw_err_deg: 0.377
Epoch: [23/23], Batch: 2640/2963, Loss: 47.280, Trans_L2_m: 0.416, Yaw_err_deg: 0.457
Epoch: [23/23], Batch: 2650/2963, Loss: 42.219, Trans_L2_m: 0.387, Yaw_err_deg: 0.499
Epoch: [23/23], Batch: 2660/2963, Loss: 39.501, Trans_L2_m: 0.310, Yaw_err_deg: 0.412
Epoch: [23/23], Batch: 2670/2963, Loss: 35.459, Trans_L2_m: 0.247, Yaw_err_deg: 0.478
Epoch: [23/23], Batch: 2680/2963, Loss: 42.349, Trans_L2_m: 0.367, Yaw_err_deg: 0.520
Epoch: [23/23], Batch: 2690/2963, Loss: 41.734, Trans_L2_m: 0.271, Yaw_err_deg: 0.533
Epoch: [23/23], Batch: 2700/2963, Loss: 37.395, Trans_L2_m: 0.264, Yaw_err_deg: 0.461
Epoch: [23/23], Batch: 2710/2963, Loss: 39.876, Trans_L2_m: 0.334, Yaw_err_deg: 0.506
Epoch: [23/23], Batch: 2720/2963, Loss: 38.130, Trans_L2_m: 0.289, Yaw_err_deg: 0.404
Epoch: [23/23], Batch: 2730/2963, Loss: 40.900, Trans_L2_m: 0.330, Yaw_err_deg: 0.420
Epoch: [23/23], Batch: 2740/2963, Loss: 37.347, Trans_L2_m: 0.220, Yaw_err_deg: 0.317
Epoch: [23/23], Batch: 2750/2963, Loss: 37.830, Trans_L2_m: 0.225, Yaw_err_deg: 0.673
Epoch: [23/23], Batch: 2760/2963, Loss: 42.043, Trans_L2_m: 0.418, Yaw_err_deg: 0.359
Epoch: [23/23], Batch: 2770/2963, Loss: 43.457, Trans_L2_m: 0.406, Yaw_err_deg: 0.457
Epoch: [23/23], Batch: 2780/2963, Loss: 40.583, Trans_L2_m: 0.309, Yaw_err_deg: 0.545
Epoch: [23/23], Batch: 2790/2963, Loss: 82.766, Trans_L2_m: 0.305, Yaw_err_deg: 1.022
Epoch: [23/23], Batch: 2800/2963, Loss: 37.306, Trans_L2_m: 0.220, Yaw_err_deg: 0.442
Epoch: [23/23], Batch: 2810/2963, Loss: 44.018, Trans_L2_m: 0.328, Yaw_err_deg: 0.428
Epoch: [23/23], Batch: 2820/2963, Loss: 39.025, Trans_L2_m: 0.315, Yaw_err_deg: 0.464
Epoch: [23/23], Batch: 2830/2963, Loss: 44.157, Trans_L2_m: 0.335, Yaw_err_deg: 0.450
Epoch: [23/23], Batch: 2840/2963, Loss: 49.665, Trans_L2_m: 0.354, Yaw_err_deg: 0.514
Epoch: [23/23], Batch: 2850/2963, Loss: 42.023, Trans_L2_m: 0.366, Yaw_err_deg: 0.439
Epoch: [23/23], Batch: 2860/2963, Loss: 38.448, Trans_L2_m: 0.236, Yaw_err_deg: 0.553
Epoch: [23/23], Batch: 2870/2963, Loss: 40.833, Trans_L2_m: 0.295, Yaw_err_deg: 0.600
Epoch: [23/23], Batch: 2880/2963, Loss: 43.517, Trans_L2_m: 0.343, Yaw_err_deg: 0.668
Epoch: [23/23], Batch: 2890/2963, Loss: 43.291, Trans_L2_m: 0.445, Yaw_err_deg: 0.315
Epoch: [23/23], Batch: 2900/2963, Loss: 42.419, Trans_L2_m: 0.304, Yaw_err_deg: 0.454
Epoch: [23/23], Batch: 2910/2963, Loss: 40.009, Trans_L2_m: 0.352, Yaw_err_deg: 0.531
Epoch: [23/23], Batch: 2920/2963, Loss: 46.126, Trans_L2_m: 0.388, Yaw_err_deg: 0.649
Epoch: [23/23], Batch: 2930/2963, Loss: 50.428, Trans_L2_m: 0.396, Yaw_err_deg: 0.573
Epoch: [23/23], Batch: 2940/2963, Loss: 38.901, Trans_L2_m: 0.345, Yaw_err_deg: 0.329
Epoch: [23/23], Batch: 2950/2963, Loss: 43.375, Trans_L2_m: 0.384, Yaw_err_deg: 0.453
Epoch: [23/23], Batch: 2960/2963, Loss: 43.450, Trans_L2_m: 0.415, Yaw_err_deg: 0.452
Validation loss (homography): 927.2801
Avg batch time: 974.50 ms, total: 316.268 s
[1;91mVal has no improvement vs 822.2456665039062![0m
Epoch: [24/23], Batch: 0/2963, Loss: 42.127, Trans_L2_m: 0.297, Yaw_err_deg: 0.560
Epoch: [24/23], Batch: 10/2963, Loss: 42.202, Trans_L2_m: 0.436, Yaw_err_deg: 0.428
Epoch: [24/23], Batch: 20/2963, Loss: 44.164, Trans_L2_m: 0.408, Yaw_err_deg: 0.417
Epoch: [24/23], Batch: 30/2963, Loss: 49.525, Trans_L2_m: 0.284, Yaw_err_deg: 0.768
Epoch: [24/23], Batch: 40/2963, Loss: 43.483, Trans_L2_m: 0.533, Yaw_err_deg: 0.332
Epoch: [24/23], Batch: 50/2963, Loss: 45.927, Trans_L2_m: 0.384, Yaw_err_deg: 0.340
Epoch: [24/23], Batch: 60/2963, Loss: 36.974, Trans_L2_m: 0.263, Yaw_err_deg: 0.405
Epoch: [24/23], Batch: 70/2963, Loss: 36.269, Trans_L2_m: 0.322, Yaw_err_deg: 0.466
Epoch: [24/23], Batch: 80/2963, Loss: 49.157, Trans_L2_m: 0.496, Yaw_err_deg: 0.401
Epoch: [24/23], Batch: 90/2963, Loss: 39.897, Trans_L2_m: 0.339, Yaw_err_deg: 0.385
Epoch: [24/23], Batch: 100/2963, Loss: 44.988, Trans_L2_m: 0.371, Yaw_err_deg: 0.764
Epoch: [24/23], Batch: 110/2963, Loss: 37.208, Trans_L2_m: 0.300, Yaw_err_deg: 0.375
Epoch: [24/23], Batch: 120/2963, Loss: 42.758, Trans_L2_m: 0.435, Yaw_err_deg: 0.478
Epoch: [24/23], Batch: 130/2963, Loss: 38.496, Trans_L2_m: 0.296, Yaw_err_deg: 0.627
Epoch: [24/23], Batch: 140/2963, Loss: 39.767, Trans_L2_m: 0.352, Yaw_err_deg: 0.596
Epoch: [24/23], Batch: 150/2963, Loss: 41.764, Trans_L2_m: 0.306, Yaw_err_deg: 0.528
Epoch: [24/23], Batch: 160/2963, Loss: 39.330, Trans_L2_m: 0.366, Yaw_err_deg: 0.401
Epoch: [24/23], Batch: 170/2963, Loss: 43.753, Trans_L2_m: 0.279, Yaw_err_deg: 0.547
Epoch: [24/23], Batch: 180/2963, Loss: 38.706, Trans_L2_m: 0.423, Yaw_err_deg: 0.362
Epoch: [24/23], Batch: 190/2963, Loss: 43.963, Trans_L2_m: 0.250, Yaw_err_deg: 0.581
Epoch: [24/23], Batch: 200/2963, Loss: 39.091, Trans_L2_m: 0.230, Yaw_err_deg: 0.454
Epoch: [24/23], Batch: 210/2963, Loss: 40.092, Trans_L2_m: 0.268, Yaw_err_deg: 0.461
Epoch: [24/23], Batch: 220/2963, Loss: 37.424, Trans_L2_m: 0.292, Yaw_err_deg: 0.349
Epoch: [24/23], Batch: 230/2963, Loss: 37.257, Trans_L2_m: 0.263, Yaw_err_deg: 0.735
Epoch: [24/23], Batch: 240/2963, Loss: 65.310, Trans_L2_m: 0.305, Yaw_err_deg: 0.966
Epoch: [24/23], Batch: 250/2963, Loss: 50.139, Trans_L2_m: 0.400, Yaw_err_deg: 0.686
Epoch: [24/23], Batch: 260/2963, Loss: 43.556, Trans_L2_m: 0.318, Yaw_err_deg: 0.488
Epoch: [24/23], Batch: 270/2963, Loss: 41.833, Trans_L2_m: 0.271, Yaw_err_deg: 0.503
Epoch: [24/23], Batch: 280/2963, Loss: 43.589, Trans_L2_m: 0.400, Yaw_err_deg: 0.427
Epoch: [24/23], Batch: 290/2963, Loss: 40.408, Trans_L2_m: 0.363, Yaw_err_deg: 0.390
Epoch: [24/23], Batch: 300/2963, Loss: 43.335, Trans_L2_m: 0.413, Yaw_err_deg: 0.506
Epoch: [24/23], Batch: 310/2963, Loss: 38.372, Trans_L2_m: 0.240, Yaw_err_deg: 0.330
Epoch: [24/23], Batch: 320/2963, Loss: 43.066, Trans_L2_m: 0.491, Yaw_err_deg: 0.374
Epoch: [24/23], Batch: 330/2963, Loss: 41.353, Trans_L2_m: 0.253, Yaw_err_deg: 0.509
Epoch: [24/23], Batch: 340/2963, Loss: 46.344, Trans_L2_m: 0.341, Yaw_err_deg: 0.664
Epoch: [24/23], Batch: 350/2963, Loss: 38.353, Trans_L2_m: 0.446, Yaw_err_deg: 0.378
Epoch: [24/23], Batch: 360/2963, Loss: 54.200, Trans_L2_m: 0.258, Yaw_err_deg: 0.980
Epoch: [24/23], Batch: 370/2963, Loss: 45.163, Trans_L2_m: 0.382, Yaw_err_deg: 0.539
Epoch: [24/23], Batch: 380/2963, Loss: 40.329, Trans_L2_m: 0.349, Yaw_err_deg: 0.327
Epoch: [24/23], Batch: 390/2963, Loss: 42.586, Trans_L2_m: 0.223, Yaw_err_deg: 0.619
Epoch: [24/23], Batch: 400/2963, Loss: 45.167, Trans_L2_m: 0.346, Yaw_err_deg: 0.308
Epoch: [24/23], Batch: 410/2963, Loss: 45.504, Trans_L2_m: 0.370, Yaw_err_deg: 0.428
Epoch: [24/23], Batch: 420/2963, Loss: 36.820, Trans_L2_m: 0.208, Yaw_err_deg: 0.482
Epoch: [24/23], Batch: 430/2963, Loss: 38.580, Trans_L2_m: 0.253, Yaw_err_deg: 0.405
Epoch: [24/23], Batch: 440/2963, Loss: 46.011, Trans_L2_m: 0.457, Yaw_err_deg: 0.522
Epoch: [24/23], Batch: 450/2963, Loss: 37.861, Trans_L2_m: 0.268, Yaw_err_deg: 0.376
Epoch: [24/23], Batch: 460/2963, Loss: 37.458, Trans_L2_m: 0.250, Yaw_err_deg: 0.274
Epoch: [24/23], Batch: 470/2963, Loss: 44.828, Trans_L2_m: 0.384, Yaw_err_deg: 0.586
Epoch: [24/23], Batch: 480/2963, Loss: 39.900, Trans_L2_m: 0.321, Yaw_err_deg: 0.480
Epoch: [24/23], Batch: 490/2963, Loss: 39.568, Trans_L2_m: 0.252, Yaw_err_deg: 0.348
Epoch: [24/23], Batch: 500/2963, Loss: 55.457, Trans_L2_m: 0.431, Yaw_err_deg: 0.546
Epoch: [24/23], Batch: 510/2963, Loss: 50.729, Trans_L2_m: 0.384, Yaw_err_deg: 0.891
Epoch: [24/23], Batch: 520/2963, Loss: 36.671, Trans_L2_m: 0.329, Yaw_err_deg: 0.426
Epoch: [24/23], Batch: 530/2963, Loss: 38.592, Trans_L2_m: 0.357, Yaw_err_deg: 0.469
Epoch: [24/23], Batch: 540/2963, Loss: 42.533, Trans_L2_m: 0.341, Yaw_err_deg: 0.454
Epoch: [24/23], Batch: 550/2963, Loss: 40.051, Trans_L2_m: 0.333, Yaw_err_deg: 0.474
Epoch: [24/23], Batch: 560/2963, Loss: 40.241, Trans_L2_m: 0.305, Yaw_err_deg: 0.385
Epoch: [24/23], Batch: 570/2963, Loss: 37.233, Trans_L2_m: 0.198, Yaw_err_deg: 0.629
Epoch: [24/23], Batch: 580/2963, Loss: 44.460, Trans_L2_m: 0.403, Yaw_err_deg: 0.261
Epoch: [24/23], Batch: 590/2963, Loss: 40.211, Trans_L2_m: 0.271, Yaw_err_deg: 0.501
Epoch: [24/23], Batch: 600/2963, Loss: 36.884, Trans_L2_m: 0.261, Yaw_err_deg: 0.333
Epoch: [24/23], Batch: 610/2963, Loss: 40.000, Trans_L2_m: 0.362, Yaw_err_deg: 0.437
Epoch: [24/23], Batch: 620/2963, Loss: 47.581, Trans_L2_m: 0.403, Yaw_err_deg: 0.591
Epoch: [24/23], Batch: 630/2963, Loss: 39.354, Trans_L2_m: 0.328, Yaw_err_deg: 0.249
Epoch: [24/23], Batch: 640/2963, Loss: 41.913, Trans_L2_m: 0.453, Yaw_err_deg: 0.423
Epoch: [24/23], Batch: 650/2963, Loss: 42.893, Trans_L2_m: 0.359, Yaw_err_deg: 0.553
Epoch: [24/23], Batch: 660/2963, Loss: 51.436, Trans_L2_m: 0.445, Yaw_err_deg: 0.430
Epoch: [24/23], Batch: 670/2963, Loss: 43.737, Trans_L2_m: 0.353, Yaw_err_deg: 0.528
Epoch: [24/23], Batch: 680/2963, Loss: 43.345, Trans_L2_m: 0.477, Yaw_err_deg: 0.451
Epoch: [24/23], Batch: 690/2963, Loss: 43.420, Trans_L2_m: 0.374, Yaw_err_deg: 0.424
Epoch: [24/23], Batch: 700/2963, Loss: 40.581, Trans_L2_m: 0.313, Yaw_err_deg: 0.556
Epoch: [24/23], Batch: 710/2963, Loss: 43.478, Trans_L2_m: 0.390, Yaw_err_deg: 0.480
Epoch: [24/23], Batch: 720/2963, Loss: 41.715, Trans_L2_m: 0.340, Yaw_err_deg: 0.400
Epoch: [24/23], Batch: 730/2963, Loss: 44.604, Trans_L2_m: 0.346, Yaw_err_deg: 0.644
Epoch: [24/23], Batch: 740/2963, Loss: 41.850, Trans_L2_m: 0.396, Yaw_err_deg: 0.480
Epoch: [24/23], Batch: 750/2963, Loss: 39.858, Trans_L2_m: 0.257, Yaw_err_deg: 0.377
Epoch: [24/23], Batch: 760/2963, Loss: 39.103, Trans_L2_m: 0.311, Yaw_err_deg: 0.469
Epoch: [24/23], Batch: 770/2963, Loss: 38.010, Trans_L2_m: 0.301, Yaw_err_deg: 0.433
Epoch: [24/23], Batch: 780/2963, Loss: 45.345, Trans_L2_m: 0.356, Yaw_err_deg: 0.447
Epoch: [24/23], Batch: 790/2963, Loss: 41.176, Trans_L2_m: 0.327, Yaw_err_deg: 0.349
Epoch: [24/23], Batch: 800/2963, Loss: 38.170, Trans_L2_m: 0.270, Yaw_err_deg: 0.495
Epoch: [24/23], Batch: 810/2963, Loss: 44.690, Trans_L2_m: 0.398, Yaw_err_deg: 0.677
Epoch: [24/23], Batch: 820/2963, Loss: 39.075, Trans_L2_m: 0.386, Yaw_err_deg: 0.322
Epoch: [24/23], Batch: 830/2963, Loss: 43.090, Trans_L2_m: 0.358, Yaw_err_deg: 0.570
Epoch: [24/23], Batch: 840/2963, Loss: 41.183, Trans_L2_m: 0.352, Yaw_err_deg: 0.487
Epoch: [24/23], Batch: 850/2963, Loss: 46.651, Trans_L2_m: 0.374, Yaw_err_deg: 0.358
Epoch: [24/23], Batch: 860/2963, Loss: 45.587, Trans_L2_m: 0.414, Yaw_err_deg: 0.402
Epoch: [24/23], Batch: 870/2963, Loss: 39.756, Trans_L2_m: 0.322, Yaw_err_deg: 0.442
Epoch: [24/23], Batch: 880/2963, Loss: 40.647, Trans_L2_m: 0.323, Yaw_err_deg: 0.525
Epoch: [24/23], Batch: 890/2963, Loss: 42.445, Trans_L2_m: 0.323, Yaw_err_deg: 0.800
Epoch: [24/23], Batch: 900/2963, Loss: 39.521, Trans_L2_m: 0.339, Yaw_err_deg: 0.450
Epoch: [24/23], Batch: 910/2963, Loss: 45.647, Trans_L2_m: 0.279, Yaw_err_deg: 0.436
Epoch: [24/23], Batch: 920/2963, Loss: 40.678, Trans_L2_m: 0.381, Yaw_err_deg: 0.304
Epoch: [24/23], Batch: 930/2963, Loss: 46.265, Trans_L2_m: 0.218, Yaw_err_deg: 0.715
Epoch: [24/23], Batch: 940/2963, Loss: 41.961, Trans_L2_m: 0.430, Yaw_err_deg: 0.545
Epoch: [24/23], Batch: 950/2963, Loss: 49.806, Trans_L2_m: 0.440, Yaw_err_deg: 0.551
Epoch: [24/23], Batch: 960/2963, Loss: 47.808, Trans_L2_m: 0.373, Yaw_err_deg: 0.616
Epoch: [24/23], Batch: 970/2963, Loss: 47.828, Trans_L2_m: 0.248, Yaw_err_deg: 1.188
Epoch: [24/23], Batch: 980/2963, Loss: 44.422, Trans_L2_m: 0.325, Yaw_err_deg: 0.706
Epoch: [24/23], Batch: 990/2963, Loss: 38.363, Trans_L2_m: 0.234, Yaw_err_deg: 0.699
Epoch: [24/23], Batch: 1000/2963, Loss: 43.166, Trans_L2_m: 0.376, Yaw_err_deg: 0.440
Epoch: [24/23], Batch: 1010/2963, Loss: 37.799, Trans_L2_m: 0.377, Yaw_err_deg: 0.432
Epoch: [24/23], Batch: 1020/2963, Loss: 46.612, Trans_L2_m: 0.464, Yaw_err_deg: 0.554
Epoch: [24/23], Batch: 1030/2963, Loss: 45.252, Trans_L2_m: 0.440, Yaw_err_deg: 0.514
Epoch: [24/23], Batch: 1040/2963, Loss: 38.558, Trans_L2_m: 0.350, Yaw_err_deg: 0.345
Epoch: [24/23], Batch: 1050/2963, Loss: 44.864, Trans_L2_m: 0.394, Yaw_err_deg: 0.586
Epoch: [24/23], Batch: 1060/2963, Loss: 41.800, Trans_L2_m: 0.336, Yaw_err_deg: 0.433
Epoch: [24/23], Batch: 1070/2963, Loss: 41.619, Trans_L2_m: 0.304, Yaw_err_deg: 0.476
