{'gpuid': [0], 'mixed_precision': False, 'iters_lev0': 6, 'lev0': True, 'flow': True, 'p_siamese': True, 'CNN16': True, 'log_every': 10, 'dataset': 'zod', 'orig_label': False, 'cross_area': False, 'batch_size': 16, 'lr': 0.00035, 'num_steps': 76000, 'scheduler': 'OneCycle', 'loss_w': [0.1, 30.0, 100000.0], 'temperature': 4.0, 'augment': False, 'ori_noise': 45.0, 'orien': True, 'restore_ckpt': None, 'model': None, 'wdecay': 0.0005, 'epsilon': 1e-07, 'clip': 1.0, 'gamma': 0.85, 'name': 'zod_train', 'validation': None, 'image_size': 512, 'zoom': 20, 'IMG_FREQ': 20000, 'SUM_FREQ': 100, 'use_augmentation': True, 'image_area_dg_m': 51.2, 'image_area_zod_m': 100, 'max_translation': 15.0, 'max_rot_deg': 20.0, 'z_range': [-2.5, 3.0], 'BEV_grid_resolution': 0.1, 'lidar_dataset_root': '/work/vita/datasets/zod', 'aerial_img_dataset_root': '/work/vita/datasets/zod_crossview_processed_100m', 'version': 'full', 'config': '/home/finckh/VITA/HC-Net/models/config/ZOD/train.json', 'best_dis': 100000000.0, 'start_step': 0}
[31m2026-01-09 18:41:46[0m
Loaded pretrained weights for efficientnet-b0
Parameter Count: 7754186
Loading train split : 23 drives
Loading val split : 6 drives
Training with 47407 samples, validation with 10393 samples.
Using 12 dataloader workers every process
Best distance so far 100000000.0.
[34mLog will be saved to:./watch/zod/zod_train_20260109_184824.log[0m
Epoch: [0/25], Batch: 0/2963, Loss: 3151.619, Trans_L2_m: 14.984, Yaw_err_deg: 13.283
Epoch: [0/25], Batch: 10/2963, Loss: 2521.279, Trans_L2_m: 15.973, Yaw_err_deg: 8.110
Epoch: [0/25], Batch: 20/2963, Loss: 3192.930, Trans_L2_m: 15.114, Yaw_err_deg: 12.641
Epoch: [0/25], Batch: 30/2963, Loss: 2299.050, Trans_L2_m: 14.252, Yaw_err_deg: 8.109
Epoch: [0/25], Batch: 40/2963, Loss: 2490.296, Trans_L2_m: 14.081, Yaw_err_deg: 10.625
Epoch: [0/25], Batch: 50/2963, Loss: 3149.566, Trans_L2_m: 17.372, Yaw_err_deg: 12.127
Epoch: [0/25], Batch: 60/2963, Loss: 3110.641, Trans_L2_m: 18.422, Yaw_err_deg: 9.934
Epoch: [0/25], Batch: 70/2963, Loss: 2693.115, Trans_L2_m: 16.862, Yaw_err_deg: 9.271
Epoch: [0/25], Batch: 80/2963, Loss: 2617.075, Trans_L2_m: 16.707, Yaw_err_deg: 9.719
Epoch: [0/25], Batch: 90/2963, Loss: 2500.605, Trans_L2_m: 15.534, Yaw_err_deg: 9.718
Epoch: [0/25], Batch: 100/2963, Loss: 2741.500, Trans_L2_m: 15.605, Yaw_err_deg: 11.088
Epoch: [0/25], Batch: 110/2963, Loss: 2607.737, Trans_L2_m: 15.356, Yaw_err_deg: 10.466
Epoch: [0/25], Batch: 120/2963, Loss: 2572.562, Trans_L2_m: 14.375, Yaw_err_deg: 10.843
Epoch: [0/25], Batch: 130/2963, Loss: 2563.956, Trans_L2_m: 16.385, Yaw_err_deg: 8.956
Epoch: [0/25], Batch: 140/2963, Loss: 2724.123, Trans_L2_m: 14.047, Yaw_err_deg: 13.024
Epoch: [0/25], Batch: 150/2963, Loss: 2723.123, Trans_L2_m: 16.819, Yaw_err_deg: 9.804
Epoch: [0/25], Batch: 160/2963, Loss: 2663.015, Trans_L2_m: 15.788, Yaw_err_deg: 10.003
Epoch: [0/25], Batch: 170/2963, Loss: 2895.711, Trans_L2_m: 15.573, Yaw_err_deg: 13.106
Epoch: [0/25], Batch: 180/2963, Loss: 2546.401, Trans_L2_m: 16.457, Yaw_err_deg: 8.799
Epoch: [0/25], Batch: 190/2963, Loss: 2273.211, Trans_L2_m: 13.787, Yaw_err_deg: 9.300
Epoch: [0/25], Batch: 200/2963, Loss: 2313.095, Trans_L2_m: 15.414, Yaw_err_deg: 8.754
Epoch: [0/25], Batch: 210/2963, Loss: 2373.813, Trans_L2_m: 15.395, Yaw_err_deg: 8.769
Epoch: [0/25], Batch: 220/2963, Loss: 2691.317, Trans_L2_m: 16.249, Yaw_err_deg: 10.227
Epoch: [0/25], Batch: 230/2963, Loss: 2612.237, Trans_L2_m: 15.775, Yaw_err_deg: 10.968
Epoch: [0/25], Batch: 240/2963, Loss: 2679.490, Trans_L2_m: 15.466, Yaw_err_deg: 10.771
Epoch: [0/25], Batch: 250/2963, Loss: 2482.037, Trans_L2_m: 12.861, Yaw_err_deg: 12.687
Epoch: [0/25], Batch: 260/2963, Loss: 2671.907, Trans_L2_m: 14.670, Yaw_err_deg: 12.096
Epoch: [0/25], Batch: 270/2963, Loss: 2824.384, Trans_L2_m: 16.254, Yaw_err_deg: 10.954
Epoch: [0/25], Batch: 280/2963, Loss: 2078.959, Trans_L2_m: 13.363, Yaw_err_deg: 9.006
Epoch: [0/25], Batch: 290/2963, Loss: 1791.159, Trans_L2_m: 12.081, Yaw_err_deg: 8.141
Epoch: [0/25], Batch: 300/2963, Loss: 2510.490, Trans_L2_m: 14.500, Yaw_err_deg: 11.546
Epoch: [0/25], Batch: 310/2963, Loss: 2565.576, Trans_L2_m: 14.818, Yaw_err_deg: 10.274
Epoch: [0/25], Batch: 320/2963, Loss: 2449.232, Trans_L2_m: 15.478, Yaw_err_deg: 9.394
Epoch: [0/25], Batch: 330/2963, Loss: 2222.229, Trans_L2_m: 13.311, Yaw_err_deg: 9.813
Epoch: [0/25], Batch: 340/2963, Loss: 2661.033, Trans_L2_m: 16.123, Yaw_err_deg: 11.183
Epoch: [0/25], Batch: 350/2963, Loss: 2171.802, Trans_L2_m: 14.153, Yaw_err_deg: 8.503
Epoch: [0/25], Batch: 360/2963, Loss: 2458.796, Trans_L2_m: 16.491, Yaw_err_deg: 7.840
Epoch: [0/25], Batch: 370/2963, Loss: 2264.971, Trans_L2_m: 13.332, Yaw_err_deg: 10.200
Epoch: [0/25], Batch: 380/2963, Loss: 2787.475, Trans_L2_m: 17.519, Yaw_err_deg: 9.464
Epoch: [0/25], Batch: 390/2963, Loss: 2770.410, Trans_L2_m: 16.676, Yaw_err_deg: 10.053
Epoch: [0/25], Batch: 400/2963, Loss: 2364.849, Trans_L2_m: 15.705, Yaw_err_deg: 8.319
Epoch: [0/25], Batch: 410/2963, Loss: 2641.803, Trans_L2_m: 16.447, Yaw_err_deg: 9.768
Epoch: [0/25], Batch: 420/2963, Loss: 2246.414, Trans_L2_m: 14.067, Yaw_err_deg: 10.001
Epoch: [0/25], Batch: 430/2963, Loss: 2321.271, Trans_L2_m: 15.467, Yaw_err_deg: 8.506
Epoch: [0/25], Batch: 440/2963, Loss: 2032.912, Trans_L2_m: 14.119, Yaw_err_deg: 8.231
Epoch: [0/25], Batch: 450/2963, Loss: 2113.761, Trans_L2_m: 11.269, Yaw_err_deg: 11.190
Epoch: [0/25], Batch: 460/2963, Loss: 2618.981, Trans_L2_m: 14.626, Yaw_err_deg: 11.407
Epoch: [0/25], Batch: 470/2963, Loss: 2520.933, Trans_L2_m: 14.652, Yaw_err_deg: 10.339
Epoch: [0/25], Batch: 480/2963, Loss: 2368.472, Trans_L2_m: 15.129, Yaw_err_deg: 8.890
Epoch: [0/25], Batch: 490/2963, Loss: 2306.699, Trans_L2_m: 14.417, Yaw_err_deg: 10.326
Epoch: [0/25], Batch: 500/2963, Loss: 2030.037, Trans_L2_m: 12.748, Yaw_err_deg: 8.664
Epoch: [0/25], Batch: 510/2963, Loss: 1747.002, Trans_L2_m: 12.481, Yaw_err_deg: 7.983
Epoch: [0/25], Batch: 520/2963, Loss: 1980.982, Trans_L2_m: 12.649, Yaw_err_deg: 9.183
Epoch: [0/25], Batch: 530/2963, Loss: 2038.190, Trans_L2_m: 12.592, Yaw_err_deg: 10.260
Epoch: [0/25], Batch: 540/2963, Loss: 2420.474, Trans_L2_m: 15.320, Yaw_err_deg: 9.442
Epoch: [0/25], Batch: 550/2963, Loss: 2131.652, Trans_L2_m: 13.395, Yaw_err_deg: 8.883
Epoch: [0/25], Batch: 560/2963, Loss: 2781.278, Trans_L2_m: 16.319, Yaw_err_deg: 10.319
Epoch: [0/25], Batch: 570/2963, Loss: 2696.223, Trans_L2_m: 15.581, Yaw_err_deg: 10.820
Epoch: [0/25], Batch: 580/2963, Loss: 2152.798, Trans_L2_m: 13.079, Yaw_err_deg: 9.006
Epoch: [0/25], Batch: 590/2963, Loss: 2512.945, Trans_L2_m: 16.085, Yaw_err_deg: 9.367
Epoch: [0/25], Batch: 600/2963, Loss: 2099.472, Trans_L2_m: 12.476, Yaw_err_deg: 10.822
Epoch: [0/25], Batch: 610/2963, Loss: 2196.401, Trans_L2_m: 13.701, Yaw_err_deg: 9.478
Epoch: [0/25], Batch: 620/2963, Loss: 2244.822, Trans_L2_m: 14.116, Yaw_err_deg: 10.740
Epoch: [0/25], Batch: 630/2963, Loss: 1889.077, Trans_L2_m: 12.826, Yaw_err_deg: 9.068
Epoch: [0/25], Batch: 640/2963, Loss: 2272.783, Trans_L2_m: 14.727, Yaw_err_deg: 9.032
Epoch: [0/25], Batch: 650/2963, Loss: 2236.966, Trans_L2_m: 12.892, Yaw_err_deg: 10.971
Epoch: [0/25], Batch: 660/2963, Loss: 2585.082, Trans_L2_m: 13.419, Yaw_err_deg: 12.237
Epoch: [0/25], Batch: 670/2963, Loss: 2056.440, Trans_L2_m: 13.714, Yaw_err_deg: 8.616
Epoch: [0/25], Batch: 680/2963, Loss: 2496.845, Trans_L2_m: 13.233, Yaw_err_deg: 12.493
Epoch: [0/25], Batch: 690/2963, Loss: 1964.072, Trans_L2_m: 12.619, Yaw_err_deg: 10.223
Epoch: [0/25], Batch: 700/2963, Loss: 2209.352, Trans_L2_m: 15.356, Yaw_err_deg: 8.351
Epoch: [0/25], Batch: 710/2963, Loss: 2296.703, Trans_L2_m: 11.888, Yaw_err_deg: 11.611
Epoch: [0/25], Batch: 720/2963, Loss: 2644.341, Trans_L2_m: 15.886, Yaw_err_deg: 10.259
Epoch: [0/25], Batch: 730/2963, Loss: 2352.225, Trans_L2_m: 14.765, Yaw_err_deg: 9.023
Epoch: [0/25], Batch: 740/2963, Loss: 2176.538, Trans_L2_m: 13.212, Yaw_err_deg: 9.496
Epoch: [0/25], Batch: 750/2963, Loss: 1722.355, Trans_L2_m: 12.163, Yaw_err_deg: 7.345
Epoch: [0/25], Batch: 760/2963, Loss: 1824.338, Trans_L2_m: 8.477, Yaw_err_deg: 11.225
Epoch: [0/25], Batch: 770/2963, Loss: 2151.039, Trans_L2_m: 15.154, Yaw_err_deg: 7.079
Epoch: [0/25], Batch: 780/2963, Loss: 2351.458, Trans_L2_m: 13.135, Yaw_err_deg: 10.518
Epoch: [0/25], Batch: 790/2963, Loss: 1872.797, Trans_L2_m: 13.126, Yaw_err_deg: 9.019
Epoch: [0/25], Batch: 800/2963, Loss: 2633.217, Trans_L2_m: 13.399, Yaw_err_deg: 13.128
Epoch: [0/25], Batch: 810/2963, Loss: 1626.472, Trans_L2_m: 9.339, Yaw_err_deg: 9.416
Epoch: [0/25], Batch: 820/2963, Loss: 2250.474, Trans_L2_m: 11.020, Yaw_err_deg: 12.435
Epoch: [0/25], Batch: 830/2963, Loss: 1837.411, Trans_L2_m: 11.573, Yaw_err_deg: 8.753
Epoch: [0/25], Batch: 840/2963, Loss: 2047.685, Trans_L2_m: 14.018, Yaw_err_deg: 8.267
Epoch: [0/25], Batch: 850/2963, Loss: 2170.562, Trans_L2_m: 11.758, Yaw_err_deg: 10.831
Epoch: [0/25], Batch: 860/2963, Loss: 1844.572, Trans_L2_m: 12.716, Yaw_err_deg: 8.253
Epoch: [0/25], Batch: 870/2963, Loss: 2126.005, Trans_L2_m: 12.877, Yaw_err_deg: 9.463
Epoch: [0/25], Batch: 880/2963, Loss: 2244.164, Trans_L2_m: 11.791, Yaw_err_deg: 10.837
Epoch: [0/25], Batch: 890/2963, Loss: 1785.436, Trans_L2_m: 12.010, Yaw_err_deg: 7.957
Epoch: [0/25], Batch: 900/2963, Loss: 1470.808, Trans_L2_m: 10.307, Yaw_err_deg: 7.822
Epoch: [0/25], Batch: 910/2963, Loss: 2307.455, Trans_L2_m: 12.130, Yaw_err_deg: 11.066
Epoch: [0/25], Batch: 920/2963, Loss: 2474.950, Trans_L2_m: 14.752, Yaw_err_deg: 10.584
Epoch: [0/25], Batch: 930/2963, Loss: 1930.588, Trans_L2_m: 12.577, Yaw_err_deg: 8.840
Epoch: [0/25], Batch: 940/2963, Loss: 2322.561, Trans_L2_m: 12.888, Yaw_err_deg: 10.857
Epoch: [0/25], Batch: 950/2963, Loss: 2124.969, Trans_L2_m: 10.181, Yaw_err_deg: 11.108
Epoch: [0/25], Batch: 960/2963, Loss: 2333.167, Trans_L2_m: 14.694, Yaw_err_deg: 9.281
Epoch: [0/25], Batch: 970/2963, Loss: 2691.971, Trans_L2_m: 14.778, Yaw_err_deg: 11.953
Epoch: [0/25], Batch: 980/2963, Loss: 1922.420, Trans_L2_m: 11.859, Yaw_err_deg: 9.951
Epoch: [0/25], Batch: 990/2963, Loss: 2163.011, Trans_L2_m: 13.853, Yaw_err_deg: 8.865
Epoch: [0/25], Batch: 1000/2963, Loss: 1678.168, Trans_L2_m: 9.539, Yaw_err_deg: 10.075
Epoch: [0/25], Batch: 1010/2963, Loss: 1837.652, Trans_L2_m: 12.132, Yaw_err_deg: 8.135
Epoch: [0/25], Batch: 1020/2963, Loss: 2352.850, Trans_L2_m: 12.127, Yaw_err_deg: 10.816
Epoch: [0/25], Batch: 1030/2963, Loss: 1864.751, Trans_L2_m: 10.360, Yaw_err_deg: 10.458
Epoch: [0/25], Batch: 1040/2963, Loss: 2446.226, Trans_L2_m: 13.757, Yaw_err_deg: 11.531
Epoch: [0/25], Batch: 1050/2963, Loss: 2342.586, Trans_L2_m: 14.238, Yaw_err_deg: 9.438
Epoch: [0/25], Batch: 1060/2963, Loss: 1918.734, Trans_L2_m: 10.874, Yaw_err_deg: 9.879
Epoch: [0/25], Batch: 1070/2963, Loss: 1941.596, Trans_L2_m: 10.350, Yaw_err_deg: 10.882
Epoch: [0/25], Batch: 1080/2963, Loss: 2360.480, Trans_L2_m: 14.688, Yaw_err_deg: 10.657
Epoch: [0/25], Batch: 1090/2963, Loss: 2098.409, Trans_L2_m: 13.352, Yaw_err_deg: 9.164
Epoch: [0/25], Batch: 1100/2963, Loss: 2394.485, Trans_L2_m: 14.724, Yaw_err_deg: 10.574
Epoch: [0/25], Batch: 1110/2963, Loss: 2008.476, Trans_L2_m: 14.239, Yaw_err_deg: 6.705
Epoch: [0/25], Batch: 1120/2963, Loss: 2150.153, Trans_L2_m: 14.084, Yaw_err_deg: 9.296
Epoch: [0/25], Batch: 1130/2963, Loss: 1983.388, Trans_L2_m: 11.363, Yaw_err_deg: 8.944
Epoch: [0/25], Batch: 1140/2963, Loss: 2211.486, Trans_L2_m: 12.453, Yaw_err_deg: 11.006
Epoch: [0/25], Batch: 1150/2963, Loss: 1740.852, Trans_L2_m: 9.658, Yaw_err_deg: 10.308
Epoch: [0/25], Batch: 1160/2963, Loss: 2054.318, Trans_L2_m: 11.794, Yaw_err_deg: 10.156
Epoch: [0/25], Batch: 1170/2963, Loss: 1703.463, Trans_L2_m: 8.455, Yaw_err_deg: 11.225
Epoch: [0/25], Batch: 1180/2963, Loss: 1485.512, Trans_L2_m: 11.277, Yaw_err_deg: 6.525
Epoch: [0/25], Batch: 1190/2963, Loss: 1865.921, Trans_L2_m: 10.028, Yaw_err_deg: 9.983
Epoch: [0/25], Batch: 1200/2963, Loss: 2068.169, Trans_L2_m: 11.447, Yaw_err_deg: 10.581
Epoch: [0/25], Batch: 1210/2963, Loss: 2196.599, Trans_L2_m: 13.639, Yaw_err_deg: 9.136
Epoch: [0/25], Batch: 1220/2963, Loss: 2079.698, Trans_L2_m: 13.554, Yaw_err_deg: 8.465
Epoch: [0/25], Batch: 1230/2963, Loss: 1728.854, Trans_L2_m: 12.840, Yaw_err_deg: 6.538
Epoch: [0/25], Batch: 1240/2963, Loss: 2166.746, Trans_L2_m: 12.375, Yaw_err_deg: 10.359
Epoch: [0/25], Batch: 1250/2963, Loss: 1902.180, Trans_L2_m: 10.792, Yaw_err_deg: 10.612
Epoch: [0/25], Batch: 1260/2963, Loss: 1866.737, Trans_L2_m: 9.217, Yaw_err_deg: 11.242
Epoch: [0/25], Batch: 1270/2963, Loss: 2236.343, Trans_L2_m: 12.551, Yaw_err_deg: 9.985
Epoch: [0/25], Batch: 1280/2963, Loss: 2114.787, Trans_L2_m: 11.849, Yaw_err_deg: 11.079
Epoch: [0/25], Batch: 1290/2963, Loss: 1589.384, Trans_L2_m: 8.932, Yaw_err_deg: 9.606
Epoch: [0/25], Batch: 1300/2963, Loss: 2147.140, Trans_L2_m: 13.400, Yaw_err_deg: 10.131
Epoch: [0/25], Batch: 1310/2963, Loss: 1955.032, Trans_L2_m: 11.779, Yaw_err_deg: 10.263
Epoch: [0/25], Batch: 1320/2963, Loss: 2248.260, Trans_L2_m: 14.700, Yaw_err_deg: 8.498
Epoch: [0/25], Batch: 1330/2963, Loss: 2308.592, Trans_L2_m: 14.934, Yaw_err_deg: 9.187
Epoch: [0/25], Batch: 1340/2963, Loss: 1921.869, Trans_L2_m: 10.431, Yaw_err_deg: 10.214
Epoch: [0/25], Batch: 1350/2963, Loss: 1864.210, Trans_L2_m: 9.797, Yaw_err_deg: 9.829
Epoch: [0/25], Batch: 1360/2963, Loss: 1791.794, Trans_L2_m: 10.544, Yaw_err_deg: 9.264
Epoch: [0/25], Batch: 1370/2963, Loss: 1565.706, Trans_L2_m: 9.012, Yaw_err_deg: 9.054
Epoch: [0/25], Batch: 1380/2963, Loss: 1933.898, Trans_L2_m: 12.697, Yaw_err_deg: 7.740
Epoch: [0/25], Batch: 1390/2963, Loss: 2150.566, Trans_L2_m: 13.449, Yaw_err_deg: 10.005
Epoch: [0/25], Batch: 1400/2963, Loss: 2073.632, Trans_L2_m: 11.148, Yaw_err_deg: 10.232
Epoch: [0/25], Batch: 1410/2963, Loss: 1701.443, Trans_L2_m: 9.679, Yaw_err_deg: 9.110
Epoch: [0/25], Batch: 1420/2963, Loss: 1885.453, Trans_L2_m: 11.277, Yaw_err_deg: 10.441
Epoch: [0/25], Batch: 1430/2963, Loss: 1969.262, Trans_L2_m: 13.172, Yaw_err_deg: 7.210
Epoch: [0/25], Batch: 1440/2963, Loss: 1790.493, Trans_L2_m: 11.418, Yaw_err_deg: 8.778
Epoch: [0/25], Batch: 1450/2963, Loss: 1462.005, Trans_L2_m: 9.205, Yaw_err_deg: 7.475
Epoch: [0/25], Batch: 1460/2963, Loss: 2113.081, Trans_L2_m: 13.022, Yaw_err_deg: 9.386
Epoch: [0/25], Batch: 1470/2963, Loss: 1540.592, Trans_L2_m: 9.647, Yaw_err_deg: 8.114
Epoch: [0/25], Batch: 1480/2963, Loss: 1643.476, Trans_L2_m: 11.006, Yaw_err_deg: 8.505
Epoch: [0/25], Batch: 1490/2963, Loss: 1970.656, Trans_L2_m: 12.562, Yaw_err_deg: 7.264
Epoch: [0/25], Batch: 1500/2963, Loss: 2339.837, Trans_L2_m: 13.405, Yaw_err_deg: 10.124
Epoch: [0/25], Batch: 1510/2963, Loss: 1924.273, Trans_L2_m: 10.643, Yaw_err_deg: 10.326
Epoch: [0/25], Batch: 1520/2963, Loss: 1455.088, Trans_L2_m: 10.291, Yaw_err_deg: 6.074
Epoch: [0/25], Batch: 1530/2963, Loss: 2328.530, Trans_L2_m: 12.559, Yaw_err_deg: 10.511
Epoch: [0/25], Batch: 1540/2963, Loss: 1704.179, Trans_L2_m: 10.525, Yaw_err_deg: 8.342
Epoch: [0/25], Batch: 1550/2963, Loss: 1912.029, Trans_L2_m: 13.669, Yaw_err_deg: 8.807
Epoch: [0/25], Batch: 1560/2963, Loss: 1660.212, Trans_L2_m: 11.171, Yaw_err_deg: 7.637
Epoch: [0/25], Batch: 1570/2963, Loss: 2240.464, Trans_L2_m: 14.233, Yaw_err_deg: 9.366
Epoch: [0/25], Batch: 1580/2963, Loss: 1992.829, Trans_L2_m: 12.466, Yaw_err_deg: 7.497
Epoch: [0/25], Batch: 1590/2963, Loss: 1579.063, Trans_L2_m: 8.259, Yaw_err_deg: 9.054
Epoch: [0/25], Batch: 1600/2963, Loss: 1823.054, Trans_L2_m: 12.043, Yaw_err_deg: 7.718
Epoch: [0/25], Batch: 1610/2963, Loss: 1764.351, Trans_L2_m: 11.584, Yaw_err_deg: 8.444
Epoch: [0/25], Batch: 1620/2963, Loss: 1792.018, Trans_L2_m: 11.203, Yaw_err_deg: 8.557
Epoch: [0/25], Batch: 1630/2963, Loss: 1259.607, Trans_L2_m: 8.980, Yaw_err_deg: 6.527
Epoch: [0/25], Batch: 1640/2963, Loss: 1826.968, Trans_L2_m: 12.647, Yaw_err_deg: 6.391
Epoch: [0/25], Batch: 1650/2963, Loss: 2245.232, Trans_L2_m: 15.142, Yaw_err_deg: 7.444
Epoch: [0/25], Batch: 1660/2963, Loss: 1272.857, Trans_L2_m: 8.916, Yaw_err_deg: 6.420
Epoch: [0/25], Batch: 1670/2963, Loss: 2552.191, Trans_L2_m: 12.429, Yaw_err_deg: 11.992
Epoch: [0/25], Batch: 1680/2963, Loss: 1345.860, Trans_L2_m: 10.056, Yaw_err_deg: 7.032
Epoch: [0/25], Batch: 1690/2963, Loss: 1489.386, Trans_L2_m: 10.967, Yaw_err_deg: 6.574
Epoch: [0/25], Batch: 1700/2963, Loss: 1657.427, Trans_L2_m: 12.130, Yaw_err_deg: 5.653
Epoch: [0/25], Batch: 1710/2963, Loss: 1896.490, Trans_L2_m: 12.386, Yaw_err_deg: 7.019
Epoch: [0/25], Batch: 1720/2963, Loss: 1129.342, Trans_L2_m: 9.153, Yaw_err_deg: 5.267
Epoch: [0/25], Batch: 1730/2963, Loss: 1530.477, Trans_L2_m: 9.592, Yaw_err_deg: 5.891
Epoch: [0/25], Batch: 1740/2963, Loss: 1777.206, Trans_L2_m: 12.334, Yaw_err_deg: 6.988
Epoch: [0/25], Batch: 1750/2963, Loss: 1534.654, Trans_L2_m: 10.154, Yaw_err_deg: 7.784
Epoch: [0/25], Batch: 1760/2963, Loss: 1683.340, Trans_L2_m: 10.749, Yaw_err_deg: 7.613
Epoch: [0/25], Batch: 1770/2963, Loss: 1515.297, Trans_L2_m: 9.411, Yaw_err_deg: 8.644
Epoch: [0/25], Batch: 1780/2963, Loss: 1209.114, Trans_L2_m: 9.117, Yaw_err_deg: 6.844
Epoch: [0/25], Batch: 1790/2963, Loss: 2036.647, Trans_L2_m: 12.773, Yaw_err_deg: 8.956
Epoch: [0/25], Batch: 1800/2963, Loss: 1863.246, Trans_L2_m: 12.362, Yaw_err_deg: 7.437
Epoch: [0/25], Batch: 1810/2963, Loss: 1114.760, Trans_L2_m: 9.213, Yaw_err_deg: 5.600
Epoch: [0/25], Batch: 1820/2963, Loss: 1834.326, Trans_L2_m: 13.175, Yaw_err_deg: 6.393
Epoch: [0/25], Batch: 1830/2963, Loss: 1631.320, Trans_L2_m: 10.605, Yaw_err_deg: 7.639
Epoch: [0/25], Batch: 1840/2963, Loss: 1600.589, Trans_L2_m: 10.502, Yaw_err_deg: 7.351
Epoch: [0/25], Batch: 1850/2963, Loss: 1925.470, Trans_L2_m: 12.821, Yaw_err_deg: 7.571
Epoch: [0/25], Batch: 1860/2963, Loss: 1966.063, Trans_L2_m: 10.718, Yaw_err_deg: 9.197
Epoch: [0/25], Batch: 1870/2963, Loss: 1725.689, Trans_L2_m: 13.965, Yaw_err_deg: 7.024
Epoch: [0/25], Batch: 1880/2963, Loss: 1212.374, Trans_L2_m: 9.880, Yaw_err_deg: 4.803
Epoch: [0/25], Batch: 1890/2963, Loss: 1822.047, Trans_L2_m: 13.374, Yaw_err_deg: 6.384
Epoch: [0/25], Batch: 1900/2963, Loss: 1663.409, Trans_L2_m: 10.890, Yaw_err_deg: 5.524
Epoch: [0/25], Batch: 1910/2963, Loss: 1382.563, Trans_L2_m: 10.015, Yaw_err_deg: 5.084
Epoch: [0/25], Batch: 1920/2963, Loss: 1802.298, Trans_L2_m: 13.457, Yaw_err_deg: 4.998
Epoch: [0/25], Batch: 1930/2963, Loss: 1319.922, Trans_L2_m: 9.969, Yaw_err_deg: 4.965
Epoch: [0/25], Batch: 1940/2963, Loss: 1586.205, Trans_L2_m: 12.123, Yaw_err_deg: 5.246
Epoch: [0/25], Batch: 1950/2963, Loss: 1190.427, Trans_L2_m: 11.201, Yaw_err_deg: 6.243
Epoch: [0/25], Batch: 1960/2963, Loss: 1705.287, Trans_L2_m: 12.517, Yaw_err_deg: 5.715
Epoch: [0/25], Batch: 1970/2963, Loss: 1333.631, Trans_L2_m: 7.888, Yaw_err_deg: 6.771
Epoch: [0/25], Batch: 1980/2963, Loss: 1889.263, Trans_L2_m: 11.871, Yaw_err_deg: 8.321
Epoch: [0/25], Batch: 1990/2963, Loss: 1673.467, Trans_L2_m: 12.749, Yaw_err_deg: 7.308
Epoch: [0/25], Batch: 2000/2963, Loss: 1155.707, Trans_L2_m: 8.696, Yaw_err_deg: 6.661
Epoch: [0/25], Batch: 2010/2963, Loss: 1725.986, Trans_L2_m: 10.113, Yaw_err_deg: 8.784
Epoch: [0/25], Batch: 2020/2963, Loss: 1252.015, Trans_L2_m: 9.375, Yaw_err_deg: 7.123
Epoch: [0/25], Batch: 2030/2963, Loss: 1591.157, Trans_L2_m: 10.108, Yaw_err_deg: 7.127
Epoch: [0/25], Batch: 2040/2963, Loss: 1699.953, Trans_L2_m: 12.104, Yaw_err_deg: 6.047
Epoch: [0/25], Batch: 2050/2963, Loss: 1461.914, Trans_L2_m: 11.545, Yaw_err_deg: 4.631
Epoch: [0/25], Batch: 2060/2963, Loss: 1388.811, Trans_L2_m: 9.029, Yaw_err_deg: 5.546
Epoch: [0/25], Batch: 2070/2963, Loss: 1222.747, Trans_L2_m: 9.519, Yaw_err_deg: 5.683
Epoch: [0/25], Batch: 2080/2963, Loss: 1810.348, Trans_L2_m: 12.052, Yaw_err_deg: 8.105
Epoch: [0/25], Batch: 2090/2963, Loss: 1701.205, Trans_L2_m: 11.593, Yaw_err_deg: 6.386
Epoch: [0/25], Batch: 2100/2963, Loss: 1214.180, Trans_L2_m: 9.494, Yaw_err_deg: 6.697
Epoch: [0/25], Batch: 2110/2963, Loss: 1317.144, Trans_L2_m: 10.006, Yaw_err_deg: 6.577
Epoch: [0/25], Batch: 2120/2963, Loss: 2288.559, Trans_L2_m: 13.185, Yaw_err_deg: 7.830
Epoch: [0/25], Batch: 2130/2963, Loss: 1623.711, Trans_L2_m: 12.504, Yaw_err_deg: 6.265
Epoch: [0/25], Batch: 2140/2963, Loss: 1424.525, Trans_L2_m: 10.870, Yaw_err_deg: 5.016
Epoch: [0/25], Batch: 2150/2963, Loss: 1476.494, Trans_L2_m: 11.010, Yaw_err_deg: 6.548
Epoch: [0/25], Batch: 2160/2963, Loss: 1649.211, Trans_L2_m: 10.903, Yaw_err_deg: 7.468
Epoch: [0/25], Batch: 2170/2963, Loss: 1264.614, Trans_L2_m: 8.872, Yaw_err_deg: 6.204
Epoch: [0/25], Batch: 2180/2963, Loss: 1682.412, Trans_L2_m: 10.977, Yaw_err_deg: 7.602
Epoch: [0/25], Batch: 2190/2963, Loss: 1644.989, Trans_L2_m: 13.166, Yaw_err_deg: 6.401
Epoch: [0/25], Batch: 2200/2963, Loss: 1310.939, Trans_L2_m: 11.501, Yaw_err_deg: 5.015
Epoch: [0/25], Batch: 2210/2963, Loss: 1558.799, Trans_L2_m: 11.004, Yaw_err_deg: 6.670
Epoch: [0/25], Batch: 2220/2963, Loss: 1737.942, Trans_L2_m: 12.860, Yaw_err_deg: 6.500
Epoch: [0/25], Batch: 2230/2963, Loss: 1443.184, Trans_L2_m: 9.651, Yaw_err_deg: 7.245
Epoch: [0/25], Batch: 2240/2963, Loss: 1753.110, Trans_L2_m: 11.662, Yaw_err_deg: 6.190
Epoch: [0/25], Batch: 2250/2963, Loss: 1058.430, Trans_L2_m: 11.004, Yaw_err_deg: 2.910
Epoch: [0/25], Batch: 2260/2963, Loss: 1712.637, Trans_L2_m: 12.492, Yaw_err_deg: 6.452
Epoch: [0/25], Batch: 2270/2963, Loss: 1776.296, Trans_L2_m: 10.991, Yaw_err_deg: 5.891
Epoch: [0/25], Batch: 2280/2963, Loss: 1786.850, Trans_L2_m: 10.426, Yaw_err_deg: 8.927
Epoch: [0/25], Batch: 2290/2963, Loss: 1218.218, Trans_L2_m: 8.995, Yaw_err_deg: 4.811
Epoch: [0/25], Batch: 2300/2963, Loss: 1361.188, Trans_L2_m: 10.043, Yaw_err_deg: 5.545
Epoch: [0/25], Batch: 2310/2963, Loss: 1833.371, Trans_L2_m: 13.203, Yaw_err_deg: 4.741
Epoch: [0/25], Batch: 2320/2963, Loss: 1283.008, Trans_L2_m: 8.804, Yaw_err_deg: 6.176
Epoch: [0/25], Batch: 2330/2963, Loss: 1611.213, Trans_L2_m: 12.286, Yaw_err_deg: 5.521
Epoch: [0/25], Batch: 2340/2963, Loss: 1615.344, Trans_L2_m: 11.072, Yaw_err_deg: 5.049
Epoch: [0/25], Batch: 2350/2963, Loss: 1499.053, Trans_L2_m: 10.506, Yaw_err_deg: 4.242
Epoch: [0/25], Batch: 2360/2963, Loss: 1070.394, Trans_L2_m: 9.192, Yaw_err_deg: 2.564
Epoch: [0/25], Batch: 2370/2963, Loss: 1241.439, Trans_L2_m: 9.613, Yaw_err_deg: 5.911
Epoch: [0/25], Batch: 2380/2963, Loss: 1386.502, Trans_L2_m: 10.294, Yaw_err_deg: 5.683
Epoch: [0/25], Batch: 2390/2963, Loss: 1482.799, Trans_L2_m: 11.300, Yaw_err_deg: 4.648
Epoch: [0/25], Batch: 2400/2963, Loss: 1494.319, Trans_L2_m: 9.955, Yaw_err_deg: 6.627
Epoch: [0/25], Batch: 2410/2963, Loss: 1402.718, Trans_L2_m: 11.345, Yaw_err_deg: 3.722
Epoch: [0/25], Batch: 2420/2963, Loss: 1516.320, Trans_L2_m: 11.825, Yaw_err_deg: 6.410
Epoch: [0/25], Batch: 2430/2963, Loss: 1626.462, Trans_L2_m: 11.243, Yaw_err_deg: 6.659
Epoch: [0/25], Batch: 2440/2963, Loss: 1863.567, Trans_L2_m: 12.058, Yaw_err_deg: 6.705
Epoch: [0/25], Batch: 2450/2963, Loss: 1138.502, Trans_L2_m: 7.925, Yaw_err_deg: 6.214
Epoch: [0/25], Batch: 2460/2963, Loss: 1623.989, Trans_L2_m: 12.100, Yaw_err_deg: 5.742
Epoch: [0/25], Batch: 2470/2963, Loss: 1254.395, Trans_L2_m: 9.857, Yaw_err_deg: 5.245
Epoch: [0/25], Batch: 2480/2963, Loss: 1558.888, Trans_L2_m: 9.507, Yaw_err_deg: 6.261
Epoch: [0/25], Batch: 2490/2963, Loss: 1565.716, Trans_L2_m: 11.064, Yaw_err_deg: 6.052
Epoch: [0/25], Batch: 2500/2963, Loss: 2105.697, Trans_L2_m: 14.778, Yaw_err_deg: 5.981
Epoch: [0/25], Batch: 2510/2963, Loss: 1016.845, Trans_L2_m: 6.749, Yaw_err_deg: 5.640
Epoch: [0/25], Batch: 2520/2963, Loss: 1701.872, Trans_L2_m: 11.247, Yaw_err_deg: 7.144
Epoch: [0/25], Batch: 2530/2963, Loss: 1225.686, Trans_L2_m: 10.101, Yaw_err_deg: 4.826
Epoch: [0/25], Batch: 2540/2963, Loss: 1725.802, Trans_L2_m: 11.964, Yaw_err_deg: 6.019
Epoch: [0/25], Batch: 2550/2963, Loss: 1481.908, Trans_L2_m: 9.409, Yaw_err_deg: 7.631
Epoch: [0/25], Batch: 2560/2963, Loss: 1415.256, Trans_L2_m: 12.136, Yaw_err_deg: 5.096
Epoch: [0/25], Batch: 2570/2963, Loss: 1936.795, Trans_L2_m: 14.229, Yaw_err_deg: 5.850
Epoch: [0/25], Batch: 2580/2963, Loss: 1221.576, Trans_L2_m: 8.928, Yaw_err_deg: 5.950
Epoch: [0/25], Batch: 2590/2963, Loss: 1826.786, Trans_L2_m: 10.388, Yaw_err_deg: 8.754
Epoch: [0/25], Batch: 2600/2963, Loss: 1457.381, Trans_L2_m: 11.277, Yaw_err_deg: 6.350
Epoch: [0/25], Batch: 2610/2963, Loss: 1296.300, Trans_L2_m: 10.266, Yaw_err_deg: 4.065
Epoch: [0/25], Batch: 2620/2963, Loss: 1400.972, Trans_L2_m: 10.082, Yaw_err_deg: 5.557
Epoch: [0/25], Batch: 2630/2963, Loss: 1557.302, Trans_L2_m: 9.201, Yaw_err_deg: 8.150
Epoch: [0/25], Batch: 2640/2963, Loss: 1546.964, Trans_L2_m: 11.271, Yaw_err_deg: 5.395
Epoch: [0/25], Batch: 2650/2963, Loss: 1250.915, Trans_L2_m: 9.031, Yaw_err_deg: 5.282
Epoch: [0/25], Batch: 2660/2963, Loss: 1851.318, Trans_L2_m: 13.043, Yaw_err_deg: 6.075
Epoch: [0/25], Batch: 2670/2963, Loss: 1054.433, Trans_L2_m: 9.571, Yaw_err_deg: 3.625
Epoch: [0/25], Batch: 2680/2963, Loss: 1662.074, Trans_L2_m: 13.976, Yaw_err_deg: 5.554
Epoch: [0/25], Batch: 2690/2963, Loss: 1504.189, Trans_L2_m: 12.140, Yaw_err_deg: 6.616
Epoch: [0/25], Batch: 2700/2963, Loss: 1855.722, Trans_L2_m: 13.999, Yaw_err_deg: 3.742
Epoch: [0/25], Batch: 2710/2963, Loss: 1149.747, Trans_L2_m: 8.862, Yaw_err_deg: 5.168
Epoch: [0/25], Batch: 2720/2963, Loss: 1404.640, Trans_L2_m: 10.662, Yaw_err_deg: 6.190
Epoch: [0/25], Batch: 2730/2963, Loss: 1753.041, Trans_L2_m: 13.349, Yaw_err_deg: 5.803
Epoch: [0/25], Batch: 2740/2963, Loss: 1167.090, Trans_L2_m: 10.559, Yaw_err_deg: 4.850
Epoch: [0/25], Batch: 2750/2963, Loss: 1919.596, Trans_L2_m: 12.932, Yaw_err_deg: 8.585
Epoch: [0/25], Batch: 2760/2963, Loss: 1643.082, Trans_L2_m: 11.686, Yaw_err_deg: 6.584
Epoch: [0/25], Batch: 2770/2963, Loss: 1370.556, Trans_L2_m: 9.692, Yaw_err_deg: 6.047
Epoch: [0/25], Batch: 2780/2963, Loss: 1537.524, Trans_L2_m: 10.082, Yaw_err_deg: 7.868
Epoch: [0/25], Batch: 2790/2963, Loss: 1729.412, Trans_L2_m: 14.027, Yaw_err_deg: 5.446
Epoch: [0/25], Batch: 2800/2963, Loss: 1347.566, Trans_L2_m: 10.962, Yaw_err_deg: 3.680
Epoch: [0/25], Batch: 2810/2963, Loss: 1588.134, Trans_L2_m: 11.865, Yaw_err_deg: 5.825
Epoch: [0/25], Batch: 2820/2963, Loss: 1283.607, Trans_L2_m: 10.045, Yaw_err_deg: 4.489
Epoch: [0/25], Batch: 2830/2963, Loss: 1254.856, Trans_L2_m: 11.559, Yaw_err_deg: 4.098
Epoch: [0/25], Batch: 2840/2963, Loss: 1057.259, Trans_L2_m: 8.322, Yaw_err_deg: 6.251
Epoch: [0/25], Batch: 2850/2963, Loss: 1518.823, Trans_L2_m: 12.136, Yaw_err_deg: 5.455
Epoch: [0/25], Batch: 2860/2963, Loss: 1345.001, Trans_L2_m: 9.350, Yaw_err_deg: 6.837
Epoch: [0/25], Batch: 2870/2963, Loss: 1387.155, Trans_L2_m: 9.646, Yaw_err_deg: 6.088
Epoch: [0/25], Batch: 2880/2963, Loss: 1185.620, Trans_L2_m: 9.348, Yaw_err_deg: 5.083
Epoch: [0/25], Batch: 2890/2963, Loss: 1569.264, Trans_L2_m: 12.422, Yaw_err_deg: 4.845
Epoch: [0/25], Batch: 2900/2963, Loss: 1639.768, Trans_L2_m: 13.390, Yaw_err_deg: 4.924
Epoch: [0/25], Batch: 2910/2963, Loss: 1471.053, Trans_L2_m: 9.422, Yaw_err_deg: 5.176
Epoch: [0/25], Batch: 2920/2963, Loss: 1619.154, Trans_L2_m: 10.988, Yaw_err_deg: 6.169
Epoch: [0/25], Batch: 2930/2963, Loss: 1232.527, Trans_L2_m: 9.849, Yaw_err_deg: 4.396
Epoch: [0/25], Batch: 2940/2963, Loss: 1490.153, Trans_L2_m: 11.035, Yaw_err_deg: 6.677
Epoch: [0/25], Batch: 2950/2963, Loss: 1550.675, Trans_L2_m: 9.494, Yaw_err_deg: 7.775
Epoch: [0/25], Batch: 2960/2963, Loss: 1005.711, Trans_L2_m: 8.772, Yaw_err_deg: 5.416
Validation loss (homography): 5669.5227
Avg batch time: 1114.73 ms, total: 361.998 s
[1;94mSave the best of 5669.5224609375, at checkpoints/2026_01_09_18_41_46_best_checkpoint_zod.pth[0m
Epoch: [1/25], Batch: 0/2963, Loss: 1556.658, Trans_L2_m: 11.113, Yaw_err_deg: 5.268
Epoch: [1/25], Batch: 10/2963, Loss: 1823.095, Trans_L2_m: 11.725, Yaw_err_deg: 7.080
Epoch: [1/25], Batch: 20/2963, Loss: 1315.861, Trans_L2_m: 9.498, Yaw_err_deg: 5.085
Epoch: [1/25], Batch: 30/2963, Loss: 1771.641, Trans_L2_m: 10.538, Yaw_err_deg: 8.277
Epoch: [1/25], Batch: 40/2963, Loss: 1165.067, Trans_L2_m: 9.059, Yaw_err_deg: 4.336
Epoch: [1/25], Batch: 50/2963, Loss: 1190.237, Trans_L2_m: 10.282, Yaw_err_deg: 5.394
Epoch: [1/25], Batch: 60/2963, Loss: 1604.896, Trans_L2_m: 10.663, Yaw_err_deg: 6.938
Epoch: [1/25], Batch: 70/2963, Loss: 1549.291, Trans_L2_m: 11.563, Yaw_err_deg: 4.330
Epoch: [1/25], Batch: 80/2963, Loss: 1439.243, Trans_L2_m: 11.609, Yaw_err_deg: 5.044
Epoch: [1/25], Batch: 90/2963, Loss: 1525.642, Trans_L2_m: 10.160, Yaw_err_deg: 5.821
Epoch: [1/25], Batch: 100/2963, Loss: 1392.613, Trans_L2_m: 11.007, Yaw_err_deg: 3.628
Epoch: [1/25], Batch: 110/2963, Loss: 1179.594, Trans_L2_m: 10.827, Yaw_err_deg: 3.383
Epoch: [1/25], Batch: 120/2963, Loss: 1170.839, Trans_L2_m: 7.658, Yaw_err_deg: 4.525
Epoch: [1/25], Batch: 130/2963, Loss: 1503.624, Trans_L2_m: 12.641, Yaw_err_deg: 6.016
Epoch: [1/25], Batch: 140/2963, Loss: 1408.584, Trans_L2_m: 9.632, Yaw_err_deg: 7.481
Epoch: [1/25], Batch: 150/2963, Loss: 1382.151, Trans_L2_m: 11.716, Yaw_err_deg: 5.271
Epoch: [1/25], Batch: 160/2963, Loss: 1412.145, Trans_L2_m: 11.206, Yaw_err_deg: 4.218
Epoch: [1/25], Batch: 170/2963, Loss: 1168.573, Trans_L2_m: 10.782, Yaw_err_deg: 3.266
Epoch: [1/25], Batch: 180/2963, Loss: 1441.804, Trans_L2_m: 10.583, Yaw_err_deg: 7.295
Epoch: [1/25], Batch: 190/2963, Loss: 1528.053, Trans_L2_m: 12.273, Yaw_err_deg: 6.232
Epoch: [1/25], Batch: 200/2963, Loss: 1007.865, Trans_L2_m: 8.351, Yaw_err_deg: 5.609
Epoch: [1/25], Batch: 210/2963, Loss: 2093.239, Trans_L2_m: 15.231, Yaw_err_deg: 6.189
Epoch: [1/25], Batch: 220/2963, Loss: 1367.926, Trans_L2_m: 10.346, Yaw_err_deg: 4.784
Epoch: [1/25], Batch: 230/2963, Loss: 1211.539, Trans_L2_m: 10.783, Yaw_err_deg: 4.446
Epoch: [1/25], Batch: 240/2963, Loss: 1369.773, Trans_L2_m: 10.588, Yaw_err_deg: 6.205
Epoch: [1/25], Batch: 250/2963, Loss: 1325.683, Trans_L2_m: 11.443, Yaw_err_deg: 4.365
Epoch: [1/25], Batch: 260/2963, Loss: 1405.524, Trans_L2_m: 11.837, Yaw_err_deg: 5.568
Epoch: [1/25], Batch: 270/2963, Loss: 1550.083, Trans_L2_m: 10.000, Yaw_err_deg: 7.738
Epoch: [1/25], Batch: 280/2963, Loss: 1351.278, Trans_L2_m: 10.114, Yaw_err_deg: 7.612
Epoch: [1/25], Batch: 290/2963, Loss: 1787.150, Trans_L2_m: 14.419, Yaw_err_deg: 5.169
Epoch: [1/25], Batch: 300/2963, Loss: 1175.758, Trans_L2_m: 10.426, Yaw_err_deg: 4.402
Epoch: [1/25], Batch: 310/2963, Loss: 1422.376, Trans_L2_m: 10.944, Yaw_err_deg: 5.004
Epoch: [1/25], Batch: 320/2963, Loss: 1601.525, Trans_L2_m: 11.976, Yaw_err_deg: 5.077
Epoch: [1/25], Batch: 330/2963, Loss: 1488.308, Trans_L2_m: 11.676, Yaw_err_deg: 5.231
Epoch: [1/25], Batch: 340/2963, Loss: 1447.919, Trans_L2_m: 10.462, Yaw_err_deg: 7.155
Epoch: [1/25], Batch: 350/2963, Loss: 1286.492, Trans_L2_m: 10.290, Yaw_err_deg: 7.037
Epoch: [1/25], Batch: 360/2963, Loss: 1189.413, Trans_L2_m: 10.891, Yaw_err_deg: 3.748
Epoch: [1/25], Batch: 370/2963, Loss: 1511.845, Trans_L2_m: 11.732, Yaw_err_deg: 4.874
Epoch: [1/25], Batch: 380/2963, Loss: 1250.357, Trans_L2_m: 9.158, Yaw_err_deg: 3.363
Epoch: [1/25], Batch: 390/2963, Loss: 1420.509, Trans_L2_m: 11.935, Yaw_err_deg: 6.940
Epoch: [1/25], Batch: 400/2963, Loss: 1255.643, Trans_L2_m: 11.183, Yaw_err_deg: 4.688
Epoch: [1/25], Batch: 410/2963, Loss: 1402.830, Trans_L2_m: 10.491, Yaw_err_deg: 8.292
Epoch: [1/25], Batch: 420/2963, Loss: 1179.224, Trans_L2_m: 12.580, Yaw_err_deg: 4.504
Epoch: [1/25], Batch: 430/2963, Loss: 1375.468, Trans_L2_m: 10.870, Yaw_err_deg: 4.024
Epoch: [1/25], Batch: 440/2963, Loss: 1234.650, Trans_L2_m: 9.680, Yaw_err_deg: 5.259
Epoch: [1/25], Batch: 450/2963, Loss: 1533.812, Trans_L2_m: 11.058, Yaw_err_deg: 5.586
Epoch: [1/25], Batch: 460/2963, Loss: 1296.363, Trans_L2_m: 9.773, Yaw_err_deg: 5.457
Epoch: [1/25], Batch: 470/2963, Loss: 1327.540, Trans_L2_m: 9.687, Yaw_err_deg: 6.814
Epoch: [1/25], Batch: 480/2963, Loss: 1310.462, Trans_L2_m: 11.327, Yaw_err_deg: 4.884
Epoch: [1/25], Batch: 490/2963, Loss: 1347.258, Trans_L2_m: 11.480, Yaw_err_deg: 4.910
Epoch: [1/25], Batch: 500/2963, Loss: 1065.213, Trans_L2_m: 8.046, Yaw_err_deg: 4.239
Epoch: [1/25], Batch: 510/2963, Loss: 1193.890, Trans_L2_m: 8.685, Yaw_err_deg: 4.528
Epoch: [1/25], Batch: 520/2963, Loss: 1538.252, Trans_L2_m: 12.247, Yaw_err_deg: 5.156
Epoch: [1/25], Batch: 530/2963, Loss: 1469.384, Trans_L2_m: 11.994, Yaw_err_deg: 5.816
Epoch: [1/25], Batch: 540/2963, Loss: 1498.580, Trans_L2_m: 11.853, Yaw_err_deg: 5.425
Epoch: [1/25], Batch: 550/2963, Loss: 1235.286, Trans_L2_m: 10.978, Yaw_err_deg: 3.554
Epoch: [1/25], Batch: 560/2963, Loss: 1399.380, Trans_L2_m: 10.990, Yaw_err_deg: 7.857
Epoch: [1/25], Batch: 570/2963, Loss: 1360.475, Trans_L2_m: 11.294, Yaw_err_deg: 4.647
Epoch: [1/25], Batch: 580/2963, Loss: 1227.007, Trans_L2_m: 11.127, Yaw_err_deg: 5.858
Epoch: [1/25], Batch: 590/2963, Loss: 1511.909, Trans_L2_m: 9.959, Yaw_err_deg: 7.469
Epoch: [1/25], Batch: 600/2963, Loss: 1595.784, Trans_L2_m: 11.376, Yaw_err_deg: 6.664
Epoch: [1/25], Batch: 610/2963, Loss: 1439.563, Trans_L2_m: 9.509, Yaw_err_deg: 7.772
Epoch: [1/25], Batch: 620/2963, Loss: 1222.858, Trans_L2_m: 10.432, Yaw_err_deg: 3.929
Epoch: [1/25], Batch: 630/2963, Loss: 1733.708, Trans_L2_m: 13.707, Yaw_err_deg: 4.605
Epoch: [1/25], Batch: 640/2963, Loss: 1572.851, Trans_L2_m: 11.725, Yaw_err_deg: 5.847
Epoch: [1/25], Batch: 650/2963, Loss: 1528.707, Trans_L2_m: 11.681, Yaw_err_deg: 5.532
Epoch: [1/25], Batch: 660/2963, Loss: 962.562, Trans_L2_m: 7.334, Yaw_err_deg: 5.899
Epoch: [1/25], Batch: 670/2963, Loss: 1749.193, Trans_L2_m: 10.714, Yaw_err_deg: 6.334
Epoch: [1/25], Batch: 680/2963, Loss: 1140.531, Trans_L2_m: 10.109, Yaw_err_deg: 5.204
Epoch: [1/25], Batch: 690/2963, Loss: 1385.698, Trans_L2_m: 10.029, Yaw_err_deg: 5.391
Epoch: [1/25], Batch: 700/2963, Loss: 1280.258, Trans_L2_m: 10.244, Yaw_err_deg: 5.227
Epoch: [1/25], Batch: 710/2963, Loss: 988.533, Trans_L2_m: 7.466, Yaw_err_deg: 6.096
Epoch: [1/25], Batch: 720/2963, Loss: 1405.861, Trans_L2_m: 12.761, Yaw_err_deg: 4.990
Epoch: [1/25], Batch: 730/2963, Loss: 959.545, Trans_L2_m: 7.822, Yaw_err_deg: 5.791
Epoch: [1/25], Batch: 740/2963, Loss: 780.392, Trans_L2_m: 7.157, Yaw_err_deg: 4.948
Epoch: [1/25], Batch: 750/2963, Loss: 1122.562, Trans_L2_m: 9.700, Yaw_err_deg: 4.911
Epoch: [1/25], Batch: 760/2963, Loss: 1656.951, Trans_L2_m: 12.869, Yaw_err_deg: 5.349
Epoch: [1/25], Batch: 770/2963, Loss: 1500.914, Trans_L2_m: 11.422, Yaw_err_deg: 4.411
Epoch: [1/25], Batch: 780/2963, Loss: 1237.283, Trans_L2_m: 8.734, Yaw_err_deg: 6.033
Epoch: [1/25], Batch: 790/2963, Loss: 1673.156, Trans_L2_m: 13.287, Yaw_err_deg: 6.335
Epoch: [1/25], Batch: 800/2963, Loss: 1195.590, Trans_L2_m: 9.539, Yaw_err_deg: 4.478
Epoch: [1/25], Batch: 810/2963, Loss: 1541.336, Trans_L2_m: 10.525, Yaw_err_deg: 5.729
Epoch: [1/25], Batch: 820/2963, Loss: 1155.084, Trans_L2_m: 10.347, Yaw_err_deg: 3.803
Epoch: [1/25], Batch: 830/2963, Loss: 1333.562, Trans_L2_m: 11.875, Yaw_err_deg: 4.505
Epoch: [1/25], Batch: 840/2963, Loss: 940.614, Trans_L2_m: 9.112, Yaw_err_deg: 4.127
Epoch: [1/25], Batch: 850/2963, Loss: 1307.490, Trans_L2_m: 10.385, Yaw_err_deg: 5.317
Epoch: [1/25], Batch: 860/2963, Loss: 1576.063, Trans_L2_m: 12.374, Yaw_err_deg: 4.315
Epoch: [1/25], Batch: 870/2963, Loss: 1240.617, Trans_L2_m: 11.742, Yaw_err_deg: 3.906
Epoch: [1/25], Batch: 880/2963, Loss: 1275.873, Trans_L2_m: 9.900, Yaw_err_deg: 4.532
Epoch: [1/25], Batch: 890/2963, Loss: 1606.114, Trans_L2_m: 13.008, Yaw_err_deg: 5.267
Epoch: [1/25], Batch: 900/2963, Loss: 1212.669, Trans_L2_m: 10.274, Yaw_err_deg: 6.426
Epoch: [1/25], Batch: 910/2963, Loss: 1385.934, Trans_L2_m: 11.918, Yaw_err_deg: 5.438
Epoch: [1/25], Batch: 920/2963, Loss: 1171.053, Trans_L2_m: 9.409, Yaw_err_deg: 4.767
Epoch: [1/25], Batch: 930/2963, Loss: 1308.394, Trans_L2_m: 11.286, Yaw_err_deg: 2.936
Epoch: [1/25], Batch: 940/2963, Loss: 1422.813, Trans_L2_m: 11.250, Yaw_err_deg: 4.762
Epoch: [1/25], Batch: 950/2963, Loss: 1157.133, Trans_L2_m: 9.069, Yaw_err_deg: 5.442
Epoch: [1/25], Batch: 960/2963, Loss: 1164.802, Trans_L2_m: 11.054, Yaw_err_deg: 5.019
Epoch: [1/25], Batch: 970/2963, Loss: 1058.661, Trans_L2_m: 7.091, Yaw_err_deg: 4.982
Epoch: [1/25], Batch: 980/2963, Loss: 1262.499, Trans_L2_m: 9.583, Yaw_err_deg: 4.934
Epoch: [1/25], Batch: 990/2963, Loss: 1418.175, Trans_L2_m: 11.044, Yaw_err_deg: 6.648
Epoch: [1/25], Batch: 1000/2963, Loss: 1297.069, Trans_L2_m: 10.406, Yaw_err_deg: 6.196
Epoch: [1/25], Batch: 1010/2963, Loss: 1634.923, Trans_L2_m: 11.095, Yaw_err_deg: 6.708
Epoch: [1/25], Batch: 1020/2963, Loss: 1147.365, Trans_L2_m: 9.923, Yaw_err_deg: 5.141
Epoch: [1/25], Batch: 1030/2963, Loss: 1212.474, Trans_L2_m: 11.419, Yaw_err_deg: 2.635
Epoch: [1/25], Batch: 1040/2963, Loss: 856.356, Trans_L2_m: 7.944, Yaw_err_deg: 3.598
Epoch: [1/25], Batch: 1050/2963, Loss: 1246.274, Trans_L2_m: 8.648, Yaw_err_deg: 5.225
Epoch: [1/25], Batch: 1060/2963, Loss: 1130.593, Trans_L2_m: 8.546, Yaw_err_deg: 4.049
Epoch: [1/25], Batch: 1070/2963, Loss: 1243.532, Trans_L2_m: 9.788, Yaw_err_deg: 6.401
Epoch: [1/25], Batch: 1080/2963, Loss: 925.003, Trans_L2_m: 8.334, Yaw_err_deg: 5.066
Epoch: [1/25], Batch: 1090/2963, Loss: 1225.241, Trans_L2_m: 10.065, Yaw_err_deg: 5.162
Epoch: [1/25], Batch: 1100/2963, Loss: 939.352, Trans_L2_m: 8.703, Yaw_err_deg: 3.569
Epoch: [1/25], Batch: 1110/2963, Loss: 1071.175, Trans_L2_m: 8.018, Yaw_err_deg: 6.460
Epoch: [1/25], Batch: 1120/2963, Loss: 1126.139, Trans_L2_m: 10.791, Yaw_err_deg: 2.804
Epoch: [1/25], Batch: 1130/2963, Loss: 1182.821, Trans_L2_m: 11.109, Yaw_err_deg: 3.066
Epoch: [1/25], Batch: 1140/2963, Loss: 1517.790, Trans_L2_m: 11.875, Yaw_err_deg: 5.074
Epoch: [1/25], Batch: 1150/2963, Loss: 1361.089, Trans_L2_m: 11.962, Yaw_err_deg: 3.918
Epoch: [1/25], Batch: 1160/2963, Loss: 1161.520, Trans_L2_m: 11.687, Yaw_err_deg: 3.832
Epoch: [1/25], Batch: 1170/2963, Loss: 1289.855, Trans_L2_m: 9.331, Yaw_err_deg: 4.379
Epoch: [1/25], Batch: 1180/2963, Loss: 1038.054, Trans_L2_m: 10.638, Yaw_err_deg: 5.099
Epoch: [1/25], Batch: 1190/2963, Loss: 992.435, Trans_L2_m: 8.372, Yaw_err_deg: 4.019
Epoch: [1/25], Batch: 1200/2963, Loss: 1214.897, Trans_L2_m: 9.532, Yaw_err_deg: 5.749
Epoch: [1/25], Batch: 1210/2963, Loss: 1435.929, Trans_L2_m: 10.878, Yaw_err_deg: 6.466
Epoch: [1/25], Batch: 1220/2963, Loss: 969.642, Trans_L2_m: 9.258, Yaw_err_deg: 4.735
Epoch: [1/25], Batch: 1230/2963, Loss: 1154.533, Trans_L2_m: 10.377, Yaw_err_deg: 3.208
Epoch: [1/25], Batch: 1240/2963, Loss: 1580.702, Trans_L2_m: 12.088, Yaw_err_deg: 6.793
Epoch: [1/25], Batch: 1250/2963, Loss: 1119.864, Trans_L2_m: 10.041, Yaw_err_deg: 3.374
Epoch: [1/25], Batch: 1260/2963, Loss: 959.768, Trans_L2_m: 8.366, Yaw_err_deg: 4.953
Epoch: [1/25], Batch: 1270/2963, Loss: 1147.939, Trans_L2_m: 9.501, Yaw_err_deg: 5.932
Epoch: [1/25], Batch: 1280/2963, Loss: 1752.898, Trans_L2_m: 13.420, Yaw_err_deg: 5.685
Epoch: [1/25], Batch: 1290/2963, Loss: 1658.958, Trans_L2_m: 13.571, Yaw_err_deg: 3.870
Epoch: [1/25], Batch: 1300/2963, Loss: 1665.625, Trans_L2_m: 13.457, Yaw_err_deg: 5.721
Epoch: [1/25], Batch: 1310/2963, Loss: 1137.911, Trans_L2_m: 10.406, Yaw_err_deg: 5.390
Epoch: [1/25], Batch: 1320/2963, Loss: 1382.218, Trans_L2_m: 11.604, Yaw_err_deg: 6.588
Epoch: [1/25], Batch: 1330/2963, Loss: 1162.287, Trans_L2_m: 10.380, Yaw_err_deg: 5.446
Epoch: [1/25], Batch: 1340/2963, Loss: 927.760, Trans_L2_m: 8.539, Yaw_err_deg: 5.097
Epoch: [1/25], Batch: 1350/2963, Loss: 1306.623, Trans_L2_m: 9.448, Yaw_err_deg: 5.305
Epoch: [1/25], Batch: 1360/2963, Loss: 1055.898, Trans_L2_m: 9.443, Yaw_err_deg: 4.376
Epoch: [1/25], Batch: 1370/2963, Loss: 1359.724, Trans_L2_m: 11.714, Yaw_err_deg: 5.238
Epoch: [1/25], Batch: 1380/2963, Loss: 1465.162, Trans_L2_m: 11.464, Yaw_err_deg: 3.346
Epoch: [1/25], Batch: 1390/2963, Loss: 1213.204, Trans_L2_m: 10.373, Yaw_err_deg: 4.581
Epoch: [1/25], Batch: 1400/2963, Loss: 1189.584, Trans_L2_m: 10.605, Yaw_err_deg: 5.393
Epoch: [1/25], Batch: 1410/2963, Loss: 938.211, Trans_L2_m: 8.293, Yaw_err_deg: 4.191
Epoch: [1/25], Batch: 1420/2963, Loss: 1050.617, Trans_L2_m: 8.378, Yaw_err_deg: 5.167
Epoch: [1/25], Batch: 1430/2963, Loss: 1303.487, Trans_L2_m: 10.999, Yaw_err_deg: 2.994
Epoch: [1/25], Batch: 1440/2963, Loss: 1064.743, Trans_L2_m: 10.479, Yaw_err_deg: 3.843
Epoch: [1/25], Batch: 1450/2963, Loss: 1179.211, Trans_L2_m: 9.216, Yaw_err_deg: 6.624
Epoch: [1/25], Batch: 1460/2963, Loss: 1303.244, Trans_L2_m: 11.491, Yaw_err_deg: 3.844
Epoch: [1/25], Batch: 1470/2963, Loss: 1376.345, Trans_L2_m: 10.445, Yaw_err_deg: 6.901
Epoch: [1/25], Batch: 1480/2963, Loss: 848.540, Trans_L2_m: 7.587, Yaw_err_deg: 3.838
Epoch: [1/25], Batch: 1490/2963, Loss: 1391.017, Trans_L2_m: 11.460, Yaw_err_deg: 2.747
Epoch: [1/25], Batch: 1500/2963, Loss: 995.029, Trans_L2_m: 9.061, Yaw_err_deg: 3.705
Epoch: [1/25], Batch: 1510/2963, Loss: 1023.721, Trans_L2_m: 10.048, Yaw_err_deg: 3.025
Epoch: [1/25], Batch: 1520/2963, Loss: 1312.960, Trans_L2_m: 11.262, Yaw_err_deg: 4.064
Epoch: [1/25], Batch: 1530/2963, Loss: 887.504, Trans_L2_m: 9.939, Yaw_err_deg: 4.198
Epoch: [1/25], Batch: 1540/2963, Loss: 727.158, Trans_L2_m: 7.942, Yaw_err_deg: 3.140
Epoch: [1/25], Batch: 1550/2963, Loss: 1551.558, Trans_L2_m: 13.398, Yaw_err_deg: 5.401
Epoch: [1/25], Batch: 1560/2963, Loss: 1478.727, Trans_L2_m: 10.067, Yaw_err_deg: 5.369
Epoch: [1/25], Batch: 1570/2963, Loss: 1542.940, Trans_L2_m: 9.968, Yaw_err_deg: 5.472
Epoch: [1/25], Batch: 1580/2963, Loss: 1018.043, Trans_L2_m: 8.803, Yaw_err_deg: 4.822
Epoch: [1/25], Batch: 1590/2963, Loss: 1183.915, Trans_L2_m: 8.965, Yaw_err_deg: 5.989
Epoch: [1/25], Batch: 1600/2963, Loss: 997.527, Trans_L2_m: 8.490, Yaw_err_deg: 3.799
Epoch: [1/25], Batch: 1610/2963, Loss: 1345.399, Trans_L2_m: 11.954, Yaw_err_deg: 6.495
Epoch: [1/25], Batch: 1620/2963, Loss: 1611.368, Trans_L2_m: 12.076, Yaw_err_deg: 5.381
Epoch: [1/25], Batch: 1630/2963, Loss: 1399.744, Trans_L2_m: 11.052, Yaw_err_deg: 3.340
Epoch: [1/25], Batch: 1640/2963, Loss: 1204.622, Trans_L2_m: 10.392, Yaw_err_deg: 5.040
Epoch: [1/25], Batch: 1650/2963, Loss: 1055.840, Trans_L2_m: 10.524, Yaw_err_deg: 3.429
Epoch: [1/25], Batch: 1660/2963, Loss: 1066.034, Trans_L2_m: 7.535, Yaw_err_deg: 6.206
Epoch: [1/25], Batch: 1670/2963, Loss: 1173.156, Trans_L2_m: 11.071, Yaw_err_deg: 3.426
Epoch: [1/25], Batch: 1680/2963, Loss: 1411.377, Trans_L2_m: 11.340, Yaw_err_deg: 3.803
Epoch: [1/25], Batch: 1690/2963, Loss: 1399.416, Trans_L2_m: 11.976, Yaw_err_deg: 4.707
Epoch: [1/25], Batch: 1700/2963, Loss: 1611.386, Trans_L2_m: 12.666, Yaw_err_deg: 6.222
Epoch: [1/25], Batch: 1710/2963, Loss: 1432.428, Trans_L2_m: 12.169, Yaw_err_deg: 4.491
Epoch: [1/25], Batch: 1720/2963, Loss: 1283.853, Trans_L2_m: 11.400, Yaw_err_deg: 4.363
Epoch: [1/25], Batch: 1730/2963, Loss: 1367.562, Trans_L2_m: 13.168, Yaw_err_deg: 4.101
Epoch: [1/25], Batch: 1740/2963, Loss: 1471.769, Trans_L2_m: 11.198, Yaw_err_deg: 5.896
Epoch: [1/25], Batch: 1750/2963, Loss: 1215.979, Trans_L2_m: 11.568, Yaw_err_deg: 4.346
Epoch: [1/25], Batch: 1760/2963, Loss: 1197.081, Trans_L2_m: 11.178, Yaw_err_deg: 3.606
Epoch: [1/25], Batch: 1770/2963, Loss: 1244.743, Trans_L2_m: 10.611, Yaw_err_deg: 3.275
Epoch: [1/25], Batch: 1780/2963, Loss: 1190.622, Trans_L2_m: 11.029, Yaw_err_deg: 3.191
Epoch: [1/25], Batch: 1790/2963, Loss: 990.699, Trans_L2_m: 7.879, Yaw_err_deg: 3.160
Epoch: [1/25], Batch: 1800/2963, Loss: 1179.298, Trans_L2_m: 9.549, Yaw_err_deg: 3.799
Epoch: [1/25], Batch: 1810/2963, Loss: 1071.344, Trans_L2_m: 8.888, Yaw_err_deg: 4.616
Epoch: [1/25], Batch: 1820/2963, Loss: 1111.773, Trans_L2_m: 10.692, Yaw_err_deg: 4.026
Epoch: [1/25], Batch: 1830/2963, Loss: 1650.561, Trans_L2_m: 12.742, Yaw_err_deg: 6.293
Epoch: [1/25], Batch: 1840/2963, Loss: 1638.457, Trans_L2_m: 12.873, Yaw_err_deg: 4.943
Epoch: [1/25], Batch: 1850/2963, Loss: 1761.881, Trans_L2_m: 14.383, Yaw_err_deg: 5.533
Epoch: [1/25], Batch: 1860/2963, Loss: 1092.419, Trans_L2_m: 10.765, Yaw_err_deg: 5.107
Epoch: [1/25], Batch: 1870/2963, Loss: 1045.872, Trans_L2_m: 9.372, Yaw_err_deg: 3.414
Epoch: [1/25], Batch: 1880/2963, Loss: 1336.213, Trans_L2_m: 11.130, Yaw_err_deg: 5.058
Epoch: [1/25], Batch: 1890/2963, Loss: 1052.299, Trans_L2_m: 9.899, Yaw_err_deg: 4.727
Epoch: [1/25], Batch: 1900/2963, Loss: 1355.440, Trans_L2_m: 11.709, Yaw_err_deg: 4.891
Epoch: [1/25], Batch: 1910/2963, Loss: 1176.394, Trans_L2_m: 10.142, Yaw_err_deg: 4.356
Epoch: [1/25], Batch: 1920/2963, Loss: 1352.666, Trans_L2_m: 11.482, Yaw_err_deg: 3.897
Epoch: [1/25], Batch: 1930/2963, Loss: 1051.663, Trans_L2_m: 8.938, Yaw_err_deg: 5.133
Epoch: [1/25], Batch: 1940/2963, Loss: 674.907, Trans_L2_m: 7.025, Yaw_err_deg: 4.571
Epoch: [1/25], Batch: 1950/2963, Loss: 1183.913, Trans_L2_m: 10.764, Yaw_err_deg: 5.199
Epoch: [1/25], Batch: 1960/2963, Loss: 1603.610, Trans_L2_m: 14.475, Yaw_err_deg: 2.959
Epoch: [1/25], Batch: 1970/2963, Loss: 1082.799, Trans_L2_m: 8.016, Yaw_err_deg: 5.412
Epoch: [1/25], Batch: 1980/2963, Loss: 991.884, Trans_L2_m: 8.780, Yaw_err_deg: 3.845
Epoch: [1/25], Batch: 1990/2963, Loss: 909.202, Trans_L2_m: 8.393, Yaw_err_deg: 4.037
Epoch: [1/25], Batch: 2000/2963, Loss: 1102.175, Trans_L2_m: 9.901, Yaw_err_deg: 4.633
Epoch: [1/25], Batch: 2010/2963, Loss: 1103.840, Trans_L2_m: 11.093, Yaw_err_deg: 3.235
Epoch: [1/25], Batch: 2020/2963, Loss: 1254.104, Trans_L2_m: 10.405, Yaw_err_deg: 5.329
Epoch: [1/25], Batch: 2030/2963, Loss: 1098.621, Trans_L2_m: 10.117, Yaw_err_deg: 5.306
Epoch: [1/25], Batch: 2040/2963, Loss: 1993.087, Trans_L2_m: 13.647, Yaw_err_deg: 5.620
Epoch: [1/25], Batch: 2050/2963, Loss: 1226.413, Trans_L2_m: 10.500, Yaw_err_deg: 3.895
Epoch: [1/25], Batch: 2060/2963, Loss: 1146.924, Trans_L2_m: 9.683, Yaw_err_deg: 5.694
Epoch: [1/25], Batch: 2070/2963, Loss: 1559.906, Trans_L2_m: 14.124, Yaw_err_deg: 4.700
Epoch: [1/25], Batch: 2080/2963, Loss: 1509.564, Trans_L2_m: 13.202, Yaw_err_deg: 4.030
Epoch: [1/25], Batch: 2090/2963, Loss: 1160.507, Trans_L2_m: 10.443, Yaw_err_deg: 4.883
Epoch: [1/25], Batch: 2100/2963, Loss: 825.266, Trans_L2_m: 8.491, Yaw_err_deg: 4.713
Epoch: [1/25], Batch: 2110/2963, Loss: 1142.042, Trans_L2_m: 9.727, Yaw_err_deg: 4.739
Epoch: [1/25], Batch: 2120/2963, Loss: 1079.958, Trans_L2_m: 9.233, Yaw_err_deg: 3.384
Epoch: [1/25], Batch: 2130/2963, Loss: 1423.831, Trans_L2_m: 10.736, Yaw_err_deg: 5.966
Epoch: [1/25], Batch: 2140/2963, Loss: 1188.589, Trans_L2_m: 9.422, Yaw_err_deg: 5.607
Epoch: [1/25], Batch: 2150/2963, Loss: 1099.501, Trans_L2_m: 9.705, Yaw_err_deg: 4.905
Epoch: [1/25], Batch: 2160/2963, Loss: 1103.978, Trans_L2_m: 10.001, Yaw_err_deg: 3.590
Epoch: [1/25], Batch: 2170/2963, Loss: 904.873, Trans_L2_m: 8.008, Yaw_err_deg: 5.234
Epoch: [1/25], Batch: 2180/2963, Loss: 1398.129, Trans_L2_m: 11.127, Yaw_err_deg: 6.123
Epoch: [1/25], Batch: 2190/2963, Loss: 1004.374, Trans_L2_m: 8.660, Yaw_err_deg: 4.261
Epoch: [1/25], Batch: 2200/2963, Loss: 967.292, Trans_L2_m: 8.711, Yaw_err_deg: 3.204
Epoch: [1/25], Batch: 2210/2963, Loss: 930.061, Trans_L2_m: 8.695, Yaw_err_deg: 4.099
Epoch: [1/25], Batch: 2220/2963, Loss: 990.609, Trans_L2_m: 8.878, Yaw_err_deg: 4.464
Epoch: [1/25], Batch: 2230/2963, Loss: 1268.520, Trans_L2_m: 10.826, Yaw_err_deg: 4.392
Epoch: [1/25], Batch: 2240/2963, Loss: 1052.310, Trans_L2_m: 9.851, Yaw_err_deg: 4.194
Epoch: [1/25], Batch: 2250/2963, Loss: 975.221, Trans_L2_m: 8.826, Yaw_err_deg: 6.701
Epoch: [1/25], Batch: 2260/2963, Loss: 1187.207, Trans_L2_m: 9.602, Yaw_err_deg: 3.991
Epoch: [1/25], Batch: 2270/2963, Loss: 1346.609, Trans_L2_m: 11.219, Yaw_err_deg: 4.489
Epoch: [1/25], Batch: 2280/2963, Loss: 1153.109, Trans_L2_m: 10.419, Yaw_err_deg: 4.857
Epoch: [1/25], Batch: 2290/2963, Loss: 1236.942, Trans_L2_m: 10.377, Yaw_err_deg: 3.437
Epoch: [1/25], Batch: 2300/2963, Loss: 1180.347, Trans_L2_m: 9.438, Yaw_err_deg: 4.839
Epoch: [1/25], Batch: 2310/2963, Loss: 1093.862, Trans_L2_m: 10.476, Yaw_err_deg: 3.914
Epoch: [1/25], Batch: 2320/2963, Loss: 1122.163, Trans_L2_m: 9.497, Yaw_err_deg: 4.696
Epoch: [1/25], Batch: 2330/2963, Loss: 1225.973, Trans_L2_m: 10.541, Yaw_err_deg: 3.914
Epoch: [1/25], Batch: 2340/2963, Loss: 1181.583, Trans_L2_m: 10.013, Yaw_err_deg: 4.620
Epoch: [1/25], Batch: 2350/2963, Loss: 1453.286, Trans_L2_m: 13.143, Yaw_err_deg: 3.168
Epoch: [1/25], Batch: 2360/2963, Loss: 1267.987, Trans_L2_m: 9.194, Yaw_err_deg: 5.457
Epoch: [1/25], Batch: 2370/2963, Loss: 1390.987, Trans_L2_m: 11.531, Yaw_err_deg: 5.498
Epoch: [1/25], Batch: 2380/2963, Loss: 768.610, Trans_L2_m: 7.958, Yaw_err_deg: 4.169
Epoch: [1/25], Batch: 2390/2963, Loss: 952.785, Trans_L2_m: 8.667, Yaw_err_deg: 3.924
Epoch: [1/25], Batch: 2400/2963, Loss: 1367.162, Trans_L2_m: 12.488, Yaw_err_deg: 4.841
Epoch: [1/25], Batch: 2410/2963, Loss: 1007.829, Trans_L2_m: 9.667, Yaw_err_deg: 4.693
Epoch: [1/25], Batch: 2420/2963, Loss: 1499.516, Trans_L2_m: 13.447, Yaw_err_deg: 4.470
Epoch: [1/25], Batch: 2430/2963, Loss: 1229.630, Trans_L2_m: 10.306, Yaw_err_deg: 4.872
Epoch: [1/25], Batch: 2440/2963, Loss: 1127.258, Trans_L2_m: 10.372, Yaw_err_deg: 4.194
Epoch: [1/25], Batch: 2450/2963, Loss: 921.641, Trans_L2_m: 7.615, Yaw_err_deg: 4.731
Epoch: [1/25], Batch: 2460/2963, Loss: 1421.478, Trans_L2_m: 11.543, Yaw_err_deg: 4.475
Epoch: [1/25], Batch: 2470/2963, Loss: 1218.078, Trans_L2_m: 9.567, Yaw_err_deg: 4.127
Epoch: [1/25], Batch: 2480/2963, Loss: 1965.740, Trans_L2_m: 11.657, Yaw_err_deg: 6.956
Epoch: [1/25], Batch: 2490/2963, Loss: 1136.548, Trans_L2_m: 9.547, Yaw_err_deg: 3.919
Epoch: [1/25], Batch: 2500/2963, Loss: 809.365, Trans_L2_m: 7.753, Yaw_err_deg: 3.580
Epoch: [1/25], Batch: 2510/2963, Loss: 1297.932, Trans_L2_m: 11.063, Yaw_err_deg: 3.231
Epoch: [1/25], Batch: 2520/2963, Loss: 992.898, Trans_L2_m: 9.291, Yaw_err_deg: 4.523
Epoch: [1/25], Batch: 2530/2963, Loss: 1089.085, Trans_L2_m: 10.514, Yaw_err_deg: 3.696
Epoch: [1/25], Batch: 2540/2963, Loss: 847.022, Trans_L2_m: 7.330, Yaw_err_deg: 4.606
Epoch: [1/25], Batch: 2550/2963, Loss: 979.219, Trans_L2_m: 8.268, Yaw_err_deg: 4.953
Epoch: [1/25], Batch: 2560/2963, Loss: 830.660, Trans_L2_m: 8.821, Yaw_err_deg: 3.381
Epoch: [1/25], Batch: 2570/2963, Loss: 1075.993, Trans_L2_m: 10.058, Yaw_err_deg: 4.525
Epoch: [1/25], Batch: 2580/2963, Loss: 1032.641, Trans_L2_m: 10.076, Yaw_err_deg: 3.782
Epoch: [1/25], Batch: 2590/2963, Loss: 843.824, Trans_L2_m: 9.119, Yaw_err_deg: 3.966
Epoch: [1/25], Batch: 2600/2963, Loss: 1101.260, Trans_L2_m: 10.786, Yaw_err_deg: 3.120
Epoch: [1/25], Batch: 2610/2963, Loss: 667.802, Trans_L2_m: 7.995, Yaw_err_deg: 3.338
Epoch: [1/25], Batch: 2620/2963, Loss: 1406.836, Trans_L2_m: 12.053, Yaw_err_deg: 3.849
Epoch: [1/25], Batch: 2630/2963, Loss: 1665.227, Trans_L2_m: 12.691, Yaw_err_deg: 4.122
Epoch: [1/25], Batch: 2640/2963, Loss: 1257.668, Trans_L2_m: 10.151, Yaw_err_deg: 4.732
Epoch: [1/25], Batch: 2650/2963, Loss: 1102.098, Trans_L2_m: 10.678, Yaw_err_deg: 5.441
Epoch: [1/25], Batch: 2660/2963, Loss: 1169.889, Trans_L2_m: 10.553, Yaw_err_deg: 3.833
Epoch: [1/25], Batch: 2670/2963, Loss: 1149.986, Trans_L2_m: 10.783, Yaw_err_deg: 4.200
Epoch: [1/25], Batch: 2680/2963, Loss: 803.245, Trans_L2_m: 7.436, Yaw_err_deg: 3.134
Epoch: [1/25], Batch: 2690/2963, Loss: 1303.061, Trans_L2_m: 12.726, Yaw_err_deg: 4.130
Epoch: [1/25], Batch: 2700/2963, Loss: 1274.216, Trans_L2_m: 10.553, Yaw_err_deg: 3.184
Epoch: [1/25], Batch: 2710/2963, Loss: 1263.508, Trans_L2_m: 10.512, Yaw_err_deg: 4.650
Epoch: [1/25], Batch: 2720/2963, Loss: 855.120, Trans_L2_m: 8.838, Yaw_err_deg: 3.770
Epoch: [1/25], Batch: 2730/2963, Loss: 1089.683, Trans_L2_m: 10.553, Yaw_err_deg: 2.407
Epoch: [1/25], Batch: 2740/2963, Loss: 923.499, Trans_L2_m: 6.638, Yaw_err_deg: 5.636
Epoch: [1/25], Batch: 2750/2963, Loss: 1012.432, Trans_L2_m: 10.678, Yaw_err_deg: 4.365
Epoch: [1/25], Batch: 2760/2963, Loss: 1013.465, Trans_L2_m: 9.008, Yaw_err_deg: 4.080
Epoch: [1/25], Batch: 2770/2963, Loss: 1440.594, Trans_L2_m: 11.263, Yaw_err_deg: 6.710
Epoch: [1/25], Batch: 2780/2963, Loss: 1513.088, Trans_L2_m: 13.514, Yaw_err_deg: 4.424
Epoch: [1/25], Batch: 2790/2963, Loss: 1077.676, Trans_L2_m: 10.579, Yaw_err_deg: 2.195
Epoch: [1/25], Batch: 2800/2963, Loss: 999.377, Trans_L2_m: 9.696, Yaw_err_deg: 3.957
Epoch: [1/25], Batch: 2810/2963, Loss: 997.096, Trans_L2_m: 7.854, Yaw_err_deg: 6.107
Epoch: [1/25], Batch: 2820/2963, Loss: 862.871, Trans_L2_m: 8.991, Yaw_err_deg: 3.948
Epoch: [1/25], Batch: 2830/2963, Loss: 1573.802, Trans_L2_m: 13.012, Yaw_err_deg: 5.744
Epoch: [1/25], Batch: 2840/2963, Loss: 978.858, Trans_L2_m: 7.892, Yaw_err_deg: 5.499
Epoch: [1/25], Batch: 2850/2963, Loss: 1129.016, Trans_L2_m: 10.226, Yaw_err_deg: 2.835
Epoch: [1/25], Batch: 2860/2963, Loss: 1047.603, Trans_L2_m: 9.541, Yaw_err_deg: 4.570
Epoch: [1/25], Batch: 2870/2963, Loss: 1558.866, Trans_L2_m: 14.217, Yaw_err_deg: 3.997
Epoch: [1/25], Batch: 2880/2963, Loss: 1064.032, Trans_L2_m: 9.643, Yaw_err_deg: 3.704
Epoch: [1/25], Batch: 2890/2963, Loss: 1220.742, Trans_L2_m: 10.928, Yaw_err_deg: 4.981
Epoch: [1/25], Batch: 2900/2963, Loss: 1031.002, Trans_L2_m: 9.391, Yaw_err_deg: 3.464
Epoch: [1/25], Batch: 2910/2963, Loss: 1522.154, Trans_L2_m: 12.244, Yaw_err_deg: 3.997
Epoch: [1/25], Batch: 2920/2963, Loss: 941.218, Trans_L2_m: 8.726, Yaw_err_deg: 3.422
Epoch: [1/25], Batch: 2930/2963, Loss: 1343.047, Trans_L2_m: 12.064, Yaw_err_deg: 3.785
Epoch: [1/25], Batch: 2940/2963, Loss: 1090.545, Trans_L2_m: 9.909, Yaw_err_deg: 3.779
Epoch: [1/25], Batch: 2950/2963, Loss: 860.460, Trans_L2_m: 6.914, Yaw_err_deg: 2.114
Epoch: [1/25], Batch: 2960/2963, Loss: 1360.247, Trans_L2_m: 11.955, Yaw_err_deg: 3.004
Epoch: [2/25], Batch: 0/2963, Loss: 1664.792, Trans_L2_m: 14.183, Yaw_err_deg: 4.078
Epoch: [2/25], Batch: 10/2963, Loss: 1540.276, Trans_L2_m: 12.769, Yaw_err_deg: 3.689
Epoch: [2/25], Batch: 20/2963, Loss: 937.540, Trans_L2_m: 8.791, Yaw_err_deg: 2.396
Epoch: [2/25], Batch: 30/2963, Loss: 1221.348, Trans_L2_m: 10.505, Yaw_err_deg: 4.474
Epoch: [2/25], Batch: 40/2963, Loss: 699.476, Trans_L2_m: 6.204, Yaw_err_deg: 5.066
Epoch: [2/25], Batch: 50/2963, Loss: 731.841, Trans_L2_m: 7.271, Yaw_err_deg: 3.908
Epoch: [2/25], Batch: 60/2963, Loss: 1058.062, Trans_L2_m: 10.929, Yaw_err_deg: 2.448
Epoch: [2/25], Batch: 70/2963, Loss: 1238.014, Trans_L2_m: 10.295, Yaw_err_deg: 4.293
Epoch: [2/25], Batch: 80/2963, Loss: 1165.772, Trans_L2_m: 12.059, Yaw_err_deg: 3.948
Epoch: [2/25], Batch: 90/2963, Loss: 998.080, Trans_L2_m: 9.032, Yaw_err_deg: 2.704
Epoch: [2/25], Batch: 100/2963, Loss: 859.136, Trans_L2_m: 7.409, Yaw_err_deg: 3.891
Epoch: [2/25], Batch: 110/2963, Loss: 1096.213, Trans_L2_m: 9.775, Yaw_err_deg: 4.639
Epoch: [2/25], Batch: 120/2963, Loss: 1111.916, Trans_L2_m: 9.329, Yaw_err_deg: 4.410
Epoch: [2/25], Batch: 130/2963, Loss: 1302.773, Trans_L2_m: 12.264, Yaw_err_deg: 3.497
Epoch: [2/25], Batch: 140/2963, Loss: 1055.804, Trans_L2_m: 10.530, Yaw_err_deg: 3.499
Epoch: [2/25], Batch: 150/2963, Loss: 1261.314, Trans_L2_m: 12.071, Yaw_err_deg: 3.498
Epoch: [2/25], Batch: 160/2963, Loss: 1147.292, Trans_L2_m: 9.825, Yaw_err_deg: 3.955
Epoch: [2/25], Batch: 170/2963, Loss: 949.876, Trans_L2_m: 9.181, Yaw_err_deg: 4.637
Epoch: [2/25], Batch: 180/2963, Loss: 1161.520, Trans_L2_m: 9.410, Yaw_err_deg: 3.366
Epoch: [2/25], Batch: 190/2963, Loss: 1039.256, Trans_L2_m: 9.758, Yaw_err_deg: 3.786
Epoch: [2/25], Batch: 200/2963, Loss: 959.654, Trans_L2_m: 9.976, Yaw_err_deg: 3.063
Epoch: [2/25], Batch: 210/2963, Loss: 1331.300, Trans_L2_m: 11.141, Yaw_err_deg: 3.860
Epoch: [2/25], Batch: 220/2963, Loss: 1224.304, Trans_L2_m: 11.754, Yaw_err_deg: 4.217
Epoch: [2/25], Batch: 230/2963, Loss: 1072.614, Trans_L2_m: 9.840, Yaw_err_deg: 3.245
Epoch: [2/25], Batch: 240/2963, Loss: 1329.115, Trans_L2_m: 10.458, Yaw_err_deg: 6.457
Epoch: [2/25], Batch: 250/2963, Loss: 645.247, Trans_L2_m: 6.572, Yaw_err_deg: 3.730
Epoch: [2/25], Batch: 260/2963, Loss: 1030.189, Trans_L2_m: 10.275, Yaw_err_deg: 4.869
Epoch: [2/25], Batch: 270/2963, Loss: 1004.055, Trans_L2_m: 9.320, Yaw_err_deg: 3.061
Epoch: [2/25], Batch: 280/2963, Loss: 908.518, Trans_L2_m: 9.336, Yaw_err_deg: 3.283
Epoch: [2/25], Batch: 290/2963, Loss: 1270.607, Trans_L2_m: 9.138, Yaw_err_deg: 5.648
Epoch: [2/25], Batch: 300/2963, Loss: 1203.941, Trans_L2_m: 10.038, Yaw_err_deg: 5.242
Epoch: [2/25], Batch: 310/2963, Loss: 1028.140, Trans_L2_m: 9.403, Yaw_err_deg: 4.986
Epoch: [2/25], Batch: 320/2963, Loss: 832.354, Trans_L2_m: 7.883, Yaw_err_deg: 3.649
Epoch: [2/25], Batch: 330/2963, Loss: 1225.511, Trans_L2_m: 12.255, Yaw_err_deg: 4.005
Epoch: [2/25], Batch: 340/2963, Loss: 1196.591, Trans_L2_m: 11.272, Yaw_err_deg: 3.911
Epoch: [2/25], Batch: 350/2963, Loss: 1154.146, Trans_L2_m: 10.420, Yaw_err_deg: 4.173
Epoch: [2/25], Batch: 360/2963, Loss: 1033.418, Trans_L2_m: 9.724, Yaw_err_deg: 4.237
Epoch: [2/25], Batch: 370/2963, Loss: 1050.321, Trans_L2_m: 10.161, Yaw_err_deg: 4.340
Epoch: [2/25], Batch: 380/2963, Loss: 1376.860, Trans_L2_m: 12.433, Yaw_err_deg: 2.718
Epoch: [2/25], Batch: 390/2963, Loss: 1052.919, Trans_L2_m: 10.525, Yaw_err_deg: 3.633
Epoch: [2/25], Batch: 400/2963, Loss: 1089.939, Trans_L2_m: 10.159, Yaw_err_deg: 4.434
Epoch: [2/25], Batch: 410/2963, Loss: 973.183, Trans_L2_m: 9.383, Yaw_err_deg: 4.312
Epoch: [2/25], Batch: 420/2963, Loss: 1175.079, Trans_L2_m: 11.788, Yaw_err_deg: 3.173
Epoch: [2/25], Batch: 430/2963, Loss: 1351.700, Trans_L2_m: 11.871, Yaw_err_deg: 4.193
Epoch: [2/25], Batch: 440/2963, Loss: 1170.530, Trans_L2_m: 10.293, Yaw_err_deg: 5.049
Epoch: [2/25], Batch: 450/2963, Loss: 986.929, Trans_L2_m: 9.864, Yaw_err_deg: 3.486
Epoch: [2/25], Batch: 460/2963, Loss: 782.776, Trans_L2_m: 7.159, Yaw_err_deg: 4.308
Epoch: [2/25], Batch: 470/2963, Loss: 1165.485, Trans_L2_m: 10.355, Yaw_err_deg: 4.266
Epoch: [2/25], Batch: 480/2963, Loss: 1006.920, Trans_L2_m: 8.532, Yaw_err_deg: 4.484
Epoch: [2/25], Batch: 490/2963, Loss: 856.357, Trans_L2_m: 7.651, Yaw_err_deg: 4.267
Epoch: [2/25], Batch: 500/2963, Loss: 1107.483, Trans_L2_m: 10.681, Yaw_err_deg: 4.701
Epoch: [2/25], Batch: 510/2963, Loss: 1310.538, Trans_L2_m: 9.769, Yaw_err_deg: 5.121
Epoch: [2/25], Batch: 520/2963, Loss: 1004.136, Trans_L2_m: 9.456, Yaw_err_deg: 4.367
Epoch: [2/25], Batch: 530/2963, Loss: 546.289, Trans_L2_m: 6.349, Yaw_err_deg: 2.531
Epoch: [2/25], Batch: 540/2963, Loss: 894.715, Trans_L2_m: 8.591, Yaw_err_deg: 3.946
Epoch: [2/25], Batch: 550/2963, Loss: 968.268, Trans_L2_m: 10.019, Yaw_err_deg: 3.614
Epoch: [2/25], Batch: 560/2963, Loss: 1163.210, Trans_L2_m: 10.095, Yaw_err_deg: 4.612
Epoch: [2/25], Batch: 570/2963, Loss: 1089.875, Trans_L2_m: 10.868, Yaw_err_deg: 3.966
Epoch: [2/25], Batch: 580/2963, Loss: 859.118, Trans_L2_m: 8.402, Yaw_err_deg: 2.443
Epoch: [2/25], Batch: 590/2963, Loss: 1273.175, Trans_L2_m: 10.766, Yaw_err_deg: 4.943
Epoch: [2/25], Batch: 600/2963, Loss: 1126.720, Trans_L2_m: 10.197, Yaw_err_deg: 3.681
Epoch: [2/25], Batch: 610/2963, Loss: 1036.420, Trans_L2_m: 9.688, Yaw_err_deg: 3.325
Epoch: [2/25], Batch: 620/2963, Loss: 894.176, Trans_L2_m: 9.050, Yaw_err_deg: 4.328
Epoch: [2/25], Batch: 630/2963, Loss: 1089.138, Trans_L2_m: 8.755, Yaw_err_deg: 4.624
Epoch: [2/25], Batch: 640/2963, Loss: 959.529, Trans_L2_m: 9.155, Yaw_err_deg: 3.776
Epoch: [2/25], Batch: 650/2963, Loss: 1160.183, Trans_L2_m: 10.202, Yaw_err_deg: 4.407
Epoch: [2/25], Batch: 660/2963, Loss: 1046.433, Trans_L2_m: 9.558, Yaw_err_deg: 2.505
Epoch: [2/25], Batch: 670/2963, Loss: 1007.771, Trans_L2_m: 9.550, Yaw_err_deg: 4.063
Epoch: [2/25], Batch: 680/2963, Loss: 939.107, Trans_L2_m: 9.263, Yaw_err_deg: 2.835
Epoch: [2/25], Batch: 690/2963, Loss: 982.679, Trans_L2_m: 10.154, Yaw_err_deg: 3.759
Epoch: [2/25], Batch: 700/2963, Loss: 1214.260, Trans_L2_m: 10.727, Yaw_err_deg: 3.144
Epoch: [2/25], Batch: 710/2963, Loss: 810.425, Trans_L2_m: 7.844, Yaw_err_deg: 4.974
Epoch: [2/25], Batch: 720/2963, Loss: 707.325, Trans_L2_m: 8.297, Yaw_err_deg: 3.053
Epoch: [2/25], Batch: 730/2963, Loss: 842.046, Trans_L2_m: 8.424, Yaw_err_deg: 3.440
Epoch: [2/25], Batch: 740/2963, Loss: 1300.545, Trans_L2_m: 11.611, Yaw_err_deg: 5.285
Epoch: [2/25], Batch: 750/2963, Loss: 836.642, Trans_L2_m: 7.858, Yaw_err_deg: 4.704
Epoch: [2/25], Batch: 760/2963, Loss: 1192.557, Trans_L2_m: 11.488, Yaw_err_deg: 3.852
Epoch: [2/25], Batch: 770/2963, Loss: 1017.493, Trans_L2_m: 9.763, Yaw_err_deg: 5.355
Epoch: [2/25], Batch: 780/2963, Loss: 590.873, Trans_L2_m: 6.411, Yaw_err_deg: 3.437
Epoch: [2/25], Batch: 790/2963, Loss: 1382.662, Trans_L2_m: 11.695, Yaw_err_deg: 5.219
Epoch: [2/25], Batch: 800/2963, Loss: 1348.583, Trans_L2_m: 10.891, Yaw_err_deg: 4.037
Epoch: [2/25], Batch: 810/2963, Loss: 771.788, Trans_L2_m: 7.471, Yaw_err_deg: 4.231
Epoch: [2/25], Batch: 820/2963, Loss: 806.156, Trans_L2_m: 7.360, Yaw_err_deg: 4.471
Epoch: [2/25], Batch: 830/2963, Loss: 866.398, Trans_L2_m: 8.333, Yaw_err_deg: 4.827
Epoch: [2/25], Batch: 840/2963, Loss: 1388.182, Trans_L2_m: 10.481, Yaw_err_deg: 6.789
Epoch: [2/25], Batch: 850/2963, Loss: 1164.553, Trans_L2_m: 11.289, Yaw_err_deg: 3.772
Epoch: [2/25], Batch: 860/2963, Loss: 1227.109, Trans_L2_m: 11.865, Yaw_err_deg: 3.177
Epoch: [2/25], Batch: 870/2963, Loss: 690.025, Trans_L2_m: 7.028, Yaw_err_deg: 3.702
Epoch: [2/25], Batch: 880/2963, Loss: 1018.262, Trans_L2_m: 9.484, Yaw_err_deg: 2.984
Epoch: [2/25], Batch: 890/2963, Loss: 1162.234, Trans_L2_m: 12.436, Yaw_err_deg: 1.919
Epoch: [2/25], Batch: 900/2963, Loss: 1080.912, Trans_L2_m: 9.141, Yaw_err_deg: 3.506
Epoch: [2/25], Batch: 910/2963, Loss: 453.735, Trans_L2_m: 5.069, Yaw_err_deg: 2.608
Epoch: [2/25], Batch: 920/2963, Loss: 915.083, Trans_L2_m: 8.149, Yaw_err_deg: 4.975
Epoch: [2/25], Batch: 930/2963, Loss: 1346.109, Trans_L2_m: 11.857, Yaw_err_deg: 4.321
Epoch: [2/25], Batch: 940/2963, Loss: 765.238, Trans_L2_m: 7.161, Yaw_err_deg: 3.893
Epoch: [2/25], Batch: 950/2963, Loss: 874.936, Trans_L2_m: 7.992, Yaw_err_deg: 3.318
Epoch: [2/25], Batch: 960/2963, Loss: 1359.224, Trans_L2_m: 12.377, Yaw_err_deg: 4.800
Epoch: [2/25], Batch: 970/2963, Loss: 1225.528, Trans_L2_m: 11.420, Yaw_err_deg: 2.230
Epoch: [2/25], Batch: 980/2963, Loss: 739.683, Trans_L2_m: 8.042, Yaw_err_deg: 3.281
Epoch: [2/25], Batch: 990/2963, Loss: 967.178, Trans_L2_m: 9.786, Yaw_err_deg: 3.772
Epoch: [2/25], Batch: 1000/2963, Loss: 725.104, Trans_L2_m: 7.588, Yaw_err_deg: 2.975
Epoch: [2/25], Batch: 1010/2963, Loss: 1360.446, Trans_L2_m: 12.236, Yaw_err_deg: 3.375
Epoch: [2/25], Batch: 1020/2963, Loss: 778.602, Trans_L2_m: 8.015, Yaw_err_deg: 3.017
Epoch: [2/25], Batch: 1030/2963, Loss: 1250.376, Trans_L2_m: 10.930, Yaw_err_deg: 5.907
Epoch: [2/25], Batch: 1040/2963, Loss: 907.604, Trans_L2_m: 8.963, Yaw_err_deg: 3.540
Epoch: [2/25], Batch: 1050/2963, Loss: 1309.938, Trans_L2_m: 10.776, Yaw_err_deg: 5.654
Epoch: [2/25], Batch: 1060/2963, Loss: 1133.382, Trans_L2_m: 9.469, Yaw_err_deg: 5.771
Epoch: [2/25], Batch: 1070/2963, Loss: 1325.387, Trans_L2_m: 12.564, Yaw_err_deg: 2.208
Epoch: [2/25], Batch: 1080/2963, Loss: 940.549, Trans_L2_m: 7.980, Yaw_err_deg: 4.721
Epoch: [2/25], Batch: 1090/2963, Loss: 1037.570, Trans_L2_m: 9.477, Yaw_err_deg: 2.841
Epoch: [2/25], Batch: 1100/2963, Loss: 1359.946, Trans_L2_m: 12.800, Yaw_err_deg: 4.251
Epoch: [2/25], Batch: 1110/2963, Loss: 767.270, Trans_L2_m: 7.319, Yaw_err_deg: 4.089
Epoch: [2/25], Batch: 1120/2963, Loss: 1209.367, Trans_L2_m: 10.513, Yaw_err_deg: 4.870
Epoch: [2/25], Batch: 1130/2963, Loss: 1259.419, Trans_L2_m: 11.774, Yaw_err_deg: 3.155
Epoch: [2/25], Batch: 1140/2963, Loss: 762.817, Trans_L2_m: 8.241, Yaw_err_deg: 2.478
Epoch: [2/25], Batch: 1150/2963, Loss: 976.572, Trans_L2_m: 9.630, Yaw_err_deg: 4.353
Epoch: [2/25], Batch: 1160/2963, Loss: 930.692, Trans_L2_m: 9.827, Yaw_err_deg: 3.241
Epoch: [2/25], Batch: 1170/2963, Loss: 1389.342, Trans_L2_m: 13.786, Yaw_err_deg: 2.832
Epoch: [2/25], Batch: 1180/2963, Loss: 1093.339, Trans_L2_m: 9.374, Yaw_err_deg: 4.204
Epoch: [2/25], Batch: 1190/2963, Loss: 1060.016, Trans_L2_m: 9.979, Yaw_err_deg: 4.037
Epoch: [2/25], Batch: 1200/2963, Loss: 968.969, Trans_L2_m: 10.209, Yaw_err_deg: 2.424
Epoch: [2/25], Batch: 1210/2963, Loss: 850.667, Trans_L2_m: 8.936, Yaw_err_deg: 3.633
Epoch: [2/25], Batch: 1220/2963, Loss: 1194.071, Trans_L2_m: 11.475, Yaw_err_deg: 5.366
Epoch: [2/25], Batch: 1230/2963, Loss: 1074.399, Trans_L2_m: 9.810, Yaw_err_deg: 3.069
Epoch: [2/25], Batch: 1240/2963, Loss: 1242.633, Trans_L2_m: 11.409, Yaw_err_deg: 3.381
Epoch: [2/25], Batch: 1250/2963, Loss: 1576.039, Trans_L2_m: 12.892, Yaw_err_deg: 4.334
Epoch: [2/25], Batch: 1260/2963, Loss: 1005.885, Trans_L2_m: 9.636, Yaw_err_deg: 4.706
Epoch: [2/25], Batch: 1270/2963, Loss: 1550.731, Trans_L2_m: 13.830, Yaw_err_deg: 2.768
Epoch: [2/25], Batch: 1280/2963, Loss: 975.635, Trans_L2_m: 9.291, Yaw_err_deg: 4.522
Epoch: [2/25], Batch: 1290/2963, Loss: 858.842, Trans_L2_m: 8.327, Yaw_err_deg: 4.116
Epoch: [2/25], Batch: 1300/2963, Loss: 748.830, Trans_L2_m: 7.981, Yaw_err_deg: 3.405
Epoch: [2/25], Batch: 1310/2963, Loss: 1366.942, Trans_L2_m: 10.711, Yaw_err_deg: 3.772
Epoch: [2/25], Batch: 1320/2963, Loss: 966.726, Trans_L2_m: 9.648, Yaw_err_deg: 4.266
Epoch: [2/25], Batch: 1330/2963, Loss: 939.001, Trans_L2_m: 9.403, Yaw_err_deg: 2.473
Epoch: [2/25], Batch: 1340/2963, Loss: 1090.948, Trans_L2_m: 9.880, Yaw_err_deg: 4.852
Epoch: [2/25], Batch: 1350/2963, Loss: 901.960, Trans_L2_m: 9.109, Yaw_err_deg: 3.159
Epoch: [2/25], Batch: 1360/2963, Loss: 823.554, Trans_L2_m: 7.834, Yaw_err_deg: 4.051
Epoch: [2/25], Batch: 1370/2963, Loss: 842.230, Trans_L2_m: 7.994, Yaw_err_deg: 4.270
Epoch: [2/25], Batch: 1380/2963, Loss: 1337.235, Trans_L2_m: 11.874, Yaw_err_deg: 3.668
Epoch: [2/25], Batch: 1390/2963, Loss: 993.989, Trans_L2_m: 10.084, Yaw_err_deg: 1.784
Epoch: [2/25], Batch: 1400/2963, Loss: 906.569, Trans_L2_m: 9.515, Yaw_err_deg: 1.870
Epoch: [2/25], Batch: 1410/2963, Loss: 1003.824, Trans_L2_m: 10.743, Yaw_err_deg: 3.062
Epoch: [2/25], Batch: 1420/2963, Loss: 876.221, Trans_L2_m: 8.895, Yaw_err_deg: 3.038
Epoch: [2/25], Batch: 1430/2963, Loss: 954.566, Trans_L2_m: 9.079, Yaw_err_deg: 3.811
Epoch: [2/25], Batch: 1440/2963, Loss: 748.779, Trans_L2_m: 7.513, Yaw_err_deg: 4.273
Epoch: [2/25], Batch: 1450/2963, Loss: 750.385, Trans_L2_m: 8.127, Yaw_err_deg: 1.846
Epoch: [2/25], Batch: 1460/2963, Loss: 892.570, Trans_L2_m: 9.561, Yaw_err_deg: 3.215
Epoch: [2/25], Batch: 1470/2963, Loss: 1066.041, Trans_L2_m: 11.008, Yaw_err_deg: 3.075
Epoch: [2/25], Batch: 1480/2963, Loss: 830.031, Trans_L2_m: 8.924, Yaw_err_deg: 3.263
Epoch: [2/25], Batch: 1490/2963, Loss: 1218.897, Trans_L2_m: 11.433, Yaw_err_deg: 2.270
Epoch: [2/25], Batch: 1500/2963, Loss: 1143.669, Trans_L2_m: 10.283, Yaw_err_deg: 4.167
Epoch: [2/25], Batch: 1510/2963, Loss: 1014.651, Trans_L2_m: 8.455, Yaw_err_deg: 5.614
Epoch: [2/25], Batch: 1520/2963, Loss: 963.799, Trans_L2_m: 9.706, Yaw_err_deg: 2.549
Epoch: [2/25], Batch: 1530/2963, Loss: 923.276, Trans_L2_m: 9.946, Yaw_err_deg: 3.790
Epoch: [2/25], Batch: 1540/2963, Loss: 1054.012, Trans_L2_m: 9.821, Yaw_err_deg: 4.242
Epoch: [2/25], Batch: 1550/2963, Loss: 791.683, Trans_L2_m: 9.011, Yaw_err_deg: 2.809
Epoch: [2/25], Batch: 1560/2963, Loss: 1235.522, Trans_L2_m: 11.138, Yaw_err_deg: 4.430
Epoch: [2/25], Batch: 1570/2963, Loss: 826.542, Trans_L2_m: 9.345, Yaw_err_deg: 3.614
Epoch: [2/25], Batch: 1580/2963, Loss: 1294.561, Trans_L2_m: 10.339, Yaw_err_deg: 5.255
Epoch: [2/25], Batch: 1590/2963, Loss: 897.574, Trans_L2_m: 8.556, Yaw_err_deg: 4.252
Epoch: [2/25], Batch: 1600/2963, Loss: 606.317, Trans_L2_m: 6.372, Yaw_err_deg: 3.890
Epoch: [2/25], Batch: 1610/2963, Loss: 1007.495, Trans_L2_m: 10.576, Yaw_err_deg: 2.905
Epoch: [2/25], Batch: 1620/2963, Loss: 1161.208, Trans_L2_m: 9.846, Yaw_err_deg: 4.599
Epoch: [2/25], Batch: 1630/2963, Loss: 849.339, Trans_L2_m: 9.690, Yaw_err_deg: 2.935
Epoch: [2/25], Batch: 1640/2963, Loss: 1403.234, Trans_L2_m: 12.298, Yaw_err_deg: 4.948
Epoch: [2/25], Batch: 1650/2963, Loss: 976.759, Trans_L2_m: 10.234, Yaw_err_deg: 3.061
Epoch: [2/25], Batch: 1660/2963, Loss: 718.267, Trans_L2_m: 6.817, Yaw_err_deg: 3.631
Epoch: [2/25], Batch: 1670/2963, Loss: 880.084, Trans_L2_m: 8.697, Yaw_err_deg: 3.361
Epoch: [2/25], Batch: 1680/2963, Loss: 1048.607, Trans_L2_m: 10.051, Yaw_err_deg: 3.893
Epoch: [2/25], Batch: 1690/2963, Loss: 1112.357, Trans_L2_m: 10.511, Yaw_err_deg: 2.771
Epoch: [2/25], Batch: 1700/2963, Loss: 848.225, Trans_L2_m: 8.196, Yaw_err_deg: 4.298
Epoch: [2/25], Batch: 1710/2963, Loss: 902.623, Trans_L2_m: 8.440, Yaw_err_deg: 4.570
Epoch: [2/25], Batch: 1720/2963, Loss: 843.016, Trans_L2_m: 8.963, Yaw_err_deg: 2.666
Epoch: [2/25], Batch: 1730/2963, Loss: 573.813, Trans_L2_m: 7.271, Yaw_err_deg: 2.534
Epoch: [2/25], Batch: 1740/2963, Loss: 991.845, Trans_L2_m: 8.835, Yaw_err_deg: 4.142
Epoch: [2/25], Batch: 1750/2963, Loss: 985.964, Trans_L2_m: 9.950, Yaw_err_deg: 4.121
Epoch: [2/25], Batch: 1760/2963, Loss: 707.711, Trans_L2_m: 6.997, Yaw_err_deg: 3.812
Epoch: [2/25], Batch: 1770/2963, Loss: 968.537, Trans_L2_m: 9.275, Yaw_err_deg: 2.148
Epoch: [2/25], Batch: 1780/2963, Loss: 1201.126, Trans_L2_m: 8.734, Yaw_err_deg: 3.976
Epoch: [2/25], Batch: 1790/2963, Loss: 683.832, Trans_L2_m: 6.861, Yaw_err_deg: 3.980
Epoch: [2/25], Batch: 1800/2963, Loss: 925.903, Trans_L2_m: 10.199, Yaw_err_deg: 1.988
Epoch: [2/25], Batch: 1810/2963, Loss: 1190.523, Trans_L2_m: 9.478, Yaw_err_deg: 5.217
Epoch: [2/25], Batch: 1820/2963, Loss: 1397.764, Trans_L2_m: 12.157, Yaw_err_deg: 3.906
Epoch: [2/25], Batch: 1830/2963, Loss: 1073.001, Trans_L2_m: 10.801, Yaw_err_deg: 2.851
Epoch: [2/25], Batch: 1840/2963, Loss: 959.436, Trans_L2_m: 10.202, Yaw_err_deg: 2.667
Epoch: [2/25], Batch: 1850/2963, Loss: 986.242, Trans_L2_m: 10.349, Yaw_err_deg: 2.798
Epoch: [2/25], Batch: 1860/2963, Loss: 808.831, Trans_L2_m: 8.564, Yaw_err_deg: 3.093
Epoch: [2/25], Batch: 1870/2963, Loss: 841.123, Trans_L2_m: 9.757, Yaw_err_deg: 2.879
Epoch: [2/25], Batch: 1880/2963, Loss: 1016.963, Trans_L2_m: 9.105, Yaw_err_deg: 3.182
Epoch: [2/25], Batch: 1890/2963, Loss: 780.061, Trans_L2_m: 9.262, Yaw_err_deg: 2.812
Epoch: [2/25], Batch: 1900/2963, Loss: 907.885, Trans_L2_m: 9.839, Yaw_err_deg: 3.444
Epoch: [2/25], Batch: 1910/2963, Loss: 686.547, Trans_L2_m: 6.742, Yaw_err_deg: 4.900
Epoch: [2/25], Batch: 1920/2963, Loss: 851.664, Trans_L2_m: 8.960, Yaw_err_deg: 3.668
Epoch: [2/25], Batch: 1930/2963, Loss: 1172.901, Trans_L2_m: 9.984, Yaw_err_deg: 3.716
Epoch: [2/25], Batch: 1940/2963, Loss: 645.595, Trans_L2_m: 8.035, Yaw_err_deg: 3.271
Epoch: [2/25], Batch: 1950/2963, Loss: 1143.914, Trans_L2_m: 11.446, Yaw_err_deg: 3.183
Epoch: [2/25], Batch: 1960/2963, Loss: 968.792, Trans_L2_m: 9.930, Yaw_err_deg: 2.675
Epoch: [2/25], Batch: 1970/2963, Loss: 815.085, Trans_L2_m: 8.511, Yaw_err_deg: 5.051
Epoch: [2/25], Batch: 1980/2963, Loss: 1381.341, Trans_L2_m: 9.668, Yaw_err_deg: 4.830
Epoch: [2/25], Batch: 1990/2963, Loss: 1306.051, Trans_L2_m: 11.157, Yaw_err_deg: 3.721
Epoch: [2/25], Batch: 2000/2963, Loss: 967.626, Trans_L2_m: 9.526, Yaw_err_deg: 3.620
Epoch: [2/25], Batch: 2010/2963, Loss: 927.056, Trans_L2_m: 8.511, Yaw_err_deg: 3.226
Epoch: [2/25], Batch: 2020/2963, Loss: 645.255, Trans_L2_m: 6.316, Yaw_err_deg: 3.162
Epoch: [2/25], Batch: 2030/2963, Loss: 1151.374, Trans_L2_m: 10.191, Yaw_err_deg: 3.602
Epoch: [2/25], Batch: 2040/2963, Loss: 777.711, Trans_L2_m: 8.400, Yaw_err_deg: 3.098
Epoch: [2/25], Batch: 2050/2963, Loss: 903.736, Trans_L2_m: 8.637, Yaw_err_deg: 3.899
Epoch: [2/25], Batch: 2060/2963, Loss: 602.279, Trans_L2_m: 6.665, Yaw_err_deg: 2.261
Epoch: [2/25], Batch: 2070/2963, Loss: 812.609, Trans_L2_m: 8.235, Yaw_err_deg: 4.121
Epoch: [2/25], Batch: 2080/2963, Loss: 834.320, Trans_L2_m: 8.549, Yaw_err_deg: 3.566
Epoch: [2/25], Batch: 2090/2963, Loss: 889.054, Trans_L2_m: 8.827, Yaw_err_deg: 3.181
Epoch: [2/25], Batch: 2100/2963, Loss: 1230.364, Trans_L2_m: 10.777, Yaw_err_deg: 3.284
Epoch: [2/25], Batch: 2110/2963, Loss: 706.099, Trans_L2_m: 7.267, Yaw_err_deg: 4.784
Epoch: [2/25], Batch: 2120/2963, Loss: 894.800, Trans_L2_m: 9.901, Yaw_err_deg: 1.880
Epoch: [2/25], Batch: 2130/2963, Loss: 778.412, Trans_L2_m: 7.646, Yaw_err_deg: 2.688
Epoch: [2/25], Batch: 2140/2963, Loss: 1102.666, Trans_L2_m: 9.456, Yaw_err_deg: 4.262
Epoch: [2/25], Batch: 2150/2963, Loss: 1003.430, Trans_L2_m: 10.951, Yaw_err_deg: 2.511
Epoch: [2/25], Batch: 2160/2963, Loss: 956.871, Trans_L2_m: 9.202, Yaw_err_deg: 4.115
Epoch: [2/25], Batch: 2170/2963, Loss: 927.367, Trans_L2_m: 9.608, Yaw_err_deg: 2.661
Epoch: [2/25], Batch: 2180/2963, Loss: 1060.173, Trans_L2_m: 10.582, Yaw_err_deg: 4.239
Epoch: [2/25], Batch: 2190/2963, Loss: 628.452, Trans_L2_m: 7.200, Yaw_err_deg: 2.938
Epoch: [2/25], Batch: 2200/2963, Loss: 975.733, Trans_L2_m: 9.778, Yaw_err_deg: 3.817
Epoch: [2/25], Batch: 2210/2963, Loss: 1199.505, Trans_L2_m: 10.018, Yaw_err_deg: 4.158
Epoch: [2/25], Batch: 2220/2963, Loss: 986.506, Trans_L2_m: 10.301, Yaw_err_deg: 2.986
Epoch: [2/25], Batch: 2230/2963, Loss: 1234.385, Trans_L2_m: 11.270, Yaw_err_deg: 3.592
Epoch: [2/25], Batch: 2240/2963, Loss: 938.988, Trans_L2_m: 10.442, Yaw_err_deg: 3.267
Epoch: [2/25], Batch: 2250/2963, Loss: 912.273, Trans_L2_m: 8.305, Yaw_err_deg: 3.262
Epoch: [2/25], Batch: 2260/2963, Loss: 1198.975, Trans_L2_m: 10.788, Yaw_err_deg: 3.242
Epoch: [2/25], Batch: 2270/2963, Loss: 1019.446, Trans_L2_m: 8.946, Yaw_err_deg: 5.611
Epoch: [2/25], Batch: 2280/2963, Loss: 693.159, Trans_L2_m: 6.824, Yaw_err_deg: 4.772
Epoch: [2/25], Batch: 2290/2963, Loss: 893.663, Trans_L2_m: 9.449, Yaw_err_deg: 3.176
Epoch: [2/25], Batch: 2300/2963, Loss: 869.971, Trans_L2_m: 8.993, Yaw_err_deg: 3.425
Epoch: [2/25], Batch: 2310/2963, Loss: 986.261, Trans_L2_m: 9.372, Yaw_err_deg: 2.782
Epoch: [2/25], Batch: 2320/2963, Loss: 1096.493, Trans_L2_m: 9.943, Yaw_err_deg: 4.445
Epoch: [2/25], Batch: 2330/2963, Loss: 1080.951, Trans_L2_m: 11.267, Yaw_err_deg: 2.557
Epoch: [2/25], Batch: 2340/2963, Loss: 773.963, Trans_L2_m: 8.132, Yaw_err_deg: 3.694
Epoch: [2/25], Batch: 2350/2963, Loss: 1013.368, Trans_L2_m: 9.798, Yaw_err_deg: 3.176
Epoch: [2/25], Batch: 2360/2963, Loss: 965.000, Trans_L2_m: 7.054, Yaw_err_deg: 4.448
Epoch: [2/25], Batch: 2370/2963, Loss: 994.975, Trans_L2_m: 10.662, Yaw_err_deg: 2.690
Epoch: [2/25], Batch: 2380/2963, Loss: 1024.531, Trans_L2_m: 10.354, Yaw_err_deg: 3.155
Epoch: [2/25], Batch: 2390/2963, Loss: 863.831, Trans_L2_m: 8.972, Yaw_err_deg: 2.733
Epoch: [2/25], Batch: 2400/2963, Loss: 1351.475, Trans_L2_m: 11.728, Yaw_err_deg: 3.709
Epoch: [2/25], Batch: 2410/2963, Loss: 1255.120, Trans_L2_m: 12.022, Yaw_err_deg: 2.704
Epoch: [2/25], Batch: 2420/2963, Loss: 688.699, Trans_L2_m: 7.547, Yaw_err_deg: 2.738
Epoch: [2/25], Batch: 2430/2963, Loss: 1326.430, Trans_L2_m: 13.155, Yaw_err_deg: 2.452
Epoch: [2/25], Batch: 2440/2963, Loss: 912.313, Trans_L2_m: 9.106, Yaw_err_deg: 3.638
Epoch: [2/25], Batch: 2450/2963, Loss: 916.680, Trans_L2_m: 10.675, Yaw_err_deg: 2.817
Epoch: [2/25], Batch: 2460/2963, Loss: 831.920, Trans_L2_m: 9.009, Yaw_err_deg: 3.353
Epoch: [2/25], Batch: 2470/2963, Loss: 1014.280, Trans_L2_m: 10.291, Yaw_err_deg: 1.899
Epoch: [2/25], Batch: 2480/2963, Loss: 1052.031, Trans_L2_m: 9.947, Yaw_err_deg: 3.397
Epoch: [2/25], Batch: 2490/2963, Loss: 1039.359, Trans_L2_m: 10.595, Yaw_err_deg: 3.388
Epoch: [2/25], Batch: 2500/2963, Loss: 752.547, Trans_L2_m: 7.448, Yaw_err_deg: 3.548
Epoch: [2/25], Batch: 2510/2963, Loss: 843.815, Trans_L2_m: 8.422, Yaw_err_deg: 5.736
Epoch: [2/25], Batch: 2520/2963, Loss: 1371.756, Trans_L2_m: 12.524, Yaw_err_deg: 2.240
Epoch: [2/25], Batch: 2530/2963, Loss: 762.055, Trans_L2_m: 8.849, Yaw_err_deg: 2.431
Epoch: [2/25], Batch: 2540/2963, Loss: 833.373, Trans_L2_m: 8.542, Yaw_err_deg: 3.640
Epoch: [2/25], Batch: 2550/2963, Loss: 812.463, Trans_L2_m: 8.746, Yaw_err_deg: 3.384
Epoch: [2/25], Batch: 2560/2963, Loss: 869.287, Trans_L2_m: 8.425, Yaw_err_deg: 2.170
Epoch: [2/25], Batch: 2570/2963, Loss: 1149.347, Trans_L2_m: 8.400, Yaw_err_deg: 5.822
Epoch: [2/25], Batch: 2580/2963, Loss: 1103.786, Trans_L2_m: 11.062, Yaw_err_deg: 3.354
Epoch: [2/25], Batch: 2590/2963, Loss: 1391.028, Trans_L2_m: 12.032, Yaw_err_deg: 3.312
Epoch: [2/25], Batch: 2600/2963, Loss: 865.925, Trans_L2_m: 8.582, Yaw_err_deg: 4.429
Epoch: [2/25], Batch: 2610/2963, Loss: 749.810, Trans_L2_m: 7.742, Yaw_err_deg: 3.920
Epoch: [2/25], Batch: 2620/2963, Loss: 1121.701, Trans_L2_m: 10.019, Yaw_err_deg: 4.519
Epoch: [2/25], Batch: 2630/2963, Loss: 1315.057, Trans_L2_m: 12.520, Yaw_err_deg: 3.428
Epoch: [2/25], Batch: 2640/2963, Loss: 1008.429, Trans_L2_m: 8.123, Yaw_err_deg: 5.701
Epoch: [2/25], Batch: 2650/2963, Loss: 835.785, Trans_L2_m: 9.403, Yaw_err_deg: 2.400
Epoch: [2/25], Batch: 2660/2963, Loss: 722.576, Trans_L2_m: 6.062, Yaw_err_deg: 4.273
Epoch: [2/25], Batch: 2670/2963, Loss: 854.022, Trans_L2_m: 8.632, Yaw_err_deg: 3.695
Epoch: [2/25], Batch: 2680/2963, Loss: 704.053, Trans_L2_m: 8.305, Yaw_err_deg: 1.821
Epoch: [2/25], Batch: 2690/2963, Loss: 1164.835, Trans_L2_m: 11.377, Yaw_err_deg: 3.703
Epoch: [2/25], Batch: 2700/2963, Loss: 815.816, Trans_L2_m: 7.280, Yaw_err_deg: 3.458
Epoch: [2/25], Batch: 2710/2963, Loss: 873.807, Trans_L2_m: 10.228, Yaw_err_deg: 2.033
Epoch: [2/25], Batch: 2720/2963, Loss: 965.269, Trans_L2_m: 9.600, Yaw_err_deg: 2.931
Epoch: [2/25], Batch: 2730/2963, Loss: 1469.290, Trans_L2_m: 13.352, Yaw_err_deg: 3.131
Epoch: [2/25], Batch: 2740/2963, Loss: 1031.634, Trans_L2_m: 9.654, Yaw_err_deg: 5.127
Epoch: [2/25], Batch: 2750/2963, Loss: 934.280, Trans_L2_m: 9.408, Yaw_err_deg: 3.014
Epoch: [2/25], Batch: 2760/2963, Loss: 1156.153, Trans_L2_m: 10.167, Yaw_err_deg: 4.797
Epoch: [2/25], Batch: 2770/2963, Loss: 778.983, Trans_L2_m: 8.339, Yaw_err_deg: 3.774
Epoch: [2/25], Batch: 2780/2963, Loss: 774.386, Trans_L2_m: 7.973, Yaw_err_deg: 3.025
Epoch: [2/25], Batch: 2790/2963, Loss: 781.966, Trans_L2_m: 8.311, Yaw_err_deg: 3.313
Epoch: [2/25], Batch: 2800/2963, Loss: 966.774, Trans_L2_m: 10.326, Yaw_err_deg: 2.738
Epoch: [2/25], Batch: 2810/2963, Loss: 713.234, Trans_L2_m: 7.946, Yaw_err_deg: 3.434
Epoch: [2/25], Batch: 2820/2963, Loss: 821.754, Trans_L2_m: 7.973, Yaw_err_deg: 4.085
Epoch: [2/25], Batch: 2830/2963, Loss: 1268.291, Trans_L2_m: 11.871, Yaw_err_deg: 4.091
Epoch: [2/25], Batch: 2840/2963, Loss: 689.041, Trans_L2_m: 7.542, Yaw_err_deg: 3.793
Epoch: [2/25], Batch: 2850/2963, Loss: 509.248, Trans_L2_m: 6.199, Yaw_err_deg: 2.567
Epoch: [2/25], Batch: 2860/2963, Loss: 1029.133, Trans_L2_m: 9.402, Yaw_err_deg: 4.381
Epoch: [2/25], Batch: 2870/2963, Loss: 1294.496, Trans_L2_m: 11.632, Yaw_err_deg: 3.372
Epoch: [2/25], Batch: 2880/2963, Loss: 750.145, Trans_L2_m: 8.153, Yaw_err_deg: 3.278
Epoch: [2/25], Batch: 2890/2963, Loss: 778.330, Trans_L2_m: 8.079, Yaw_err_deg: 3.473
Epoch: [2/25], Batch: 2900/2963, Loss: 676.831, Trans_L2_m: 7.765, Yaw_err_deg: 3.539
Epoch: [2/25], Batch: 2910/2963, Loss: 1309.771, Trans_L2_m: 12.483, Yaw_err_deg: 3.167
Epoch: [2/25], Batch: 2920/2963, Loss: 1082.293, Trans_L2_m: 10.215, Yaw_err_deg: 2.482
Epoch: [2/25], Batch: 2930/2963, Loss: 761.032, Trans_L2_m: 8.335, Yaw_err_deg: 2.818
Epoch: [2/25], Batch: 2940/2963, Loss: 833.285, Trans_L2_m: 9.465, Yaw_err_deg: 2.745
Epoch: [2/25], Batch: 2950/2963, Loss: 1036.571, Trans_L2_m: 9.767, Yaw_err_deg: 3.952
Epoch: [2/25], Batch: 2960/2963, Loss: 903.550, Trans_L2_m: 8.978, Yaw_err_deg: 4.188
Validation loss (homography): 4561.4275
Avg batch time: 1127.43 ms, total: 365.667 s
[1;94mSave the best of 4561.427734375, at checkpoints/2026_01_09_18_41_46_best_checkpoint_zod.pth[0m
Epoch: [3/25], Batch: 0/2963, Loss: 1178.144, Trans_L2_m: 9.968, Yaw_err_deg: 4.188
Epoch: [3/25], Batch: 10/2963, Loss: 731.985, Trans_L2_m: 8.213, Yaw_err_deg: 2.568
Epoch: [3/25], Batch: 20/2963, Loss: 862.691, Trans_L2_m: 8.931, Yaw_err_deg: 3.345
Epoch: [3/25], Batch: 30/2963, Loss: 1053.257, Trans_L2_m: 10.432, Yaw_err_deg: 3.632
Epoch: [3/25], Batch: 40/2963, Loss: 1052.485, Trans_L2_m: 10.691, Yaw_err_deg: 2.744
Epoch: [3/25], Batch: 50/2963, Loss: 796.873, Trans_L2_m: 9.155, Yaw_err_deg: 3.830
Epoch: [3/25], Batch: 60/2963, Loss: 849.221, Trans_L2_m: 9.434, Yaw_err_deg: 2.446
Epoch: [3/25], Batch: 70/2963, Loss: 602.291, Trans_L2_m: 6.209, Yaw_err_deg: 2.584
Epoch: [3/25], Batch: 80/2963, Loss: 966.332, Trans_L2_m: 10.184, Yaw_err_deg: 2.055
Epoch: [3/25], Batch: 90/2963, Loss: 1022.712, Trans_L2_m: 10.224, Yaw_err_deg: 2.466
Epoch: [3/25], Batch: 100/2963, Loss: 1066.476, Trans_L2_m: 9.777, Yaw_err_deg: 2.910
Epoch: [3/25], Batch: 110/2963, Loss: 639.470, Trans_L2_m: 8.453, Yaw_err_deg: 1.627
Epoch: [3/25], Batch: 120/2963, Loss: 806.141, Trans_L2_m: 8.107, Yaw_err_deg: 2.453
Epoch: [3/25], Batch: 130/2963, Loss: 1038.586, Trans_L2_m: 10.235, Yaw_err_deg: 3.491
Epoch: [3/25], Batch: 140/2963, Loss: 921.222, Trans_L2_m: 8.551, Yaw_err_deg: 4.069
Epoch: [3/25], Batch: 150/2963, Loss: 892.185, Trans_L2_m: 8.095, Yaw_err_deg: 4.531
Epoch: [3/25], Batch: 160/2963, Loss: 961.887, Trans_L2_m: 9.479, Yaw_err_deg: 2.115
Epoch: [3/25], Batch: 170/2963, Loss: 592.942, Trans_L2_m: 6.335, Yaw_err_deg: 2.444
Epoch: [3/25], Batch: 180/2963, Loss: 896.254, Trans_L2_m: 9.414, Yaw_err_deg: 2.670
Epoch: [3/25], Batch: 190/2963, Loss: 884.324, Trans_L2_m: 8.951, Yaw_err_deg: 2.989
Epoch: [3/25], Batch: 200/2963, Loss: 1323.638, Trans_L2_m: 11.223, Yaw_err_deg: 4.053
Epoch: [3/25], Batch: 210/2963, Loss: 1214.964, Trans_L2_m: 9.478, Yaw_err_deg: 5.168
Epoch: [3/25], Batch: 220/2963, Loss: 713.583, Trans_L2_m: 6.985, Yaw_err_deg: 3.884
Epoch: [3/25], Batch: 230/2963, Loss: 1163.962, Trans_L2_m: 11.244, Yaw_err_deg: 3.166
Epoch: [3/25], Batch: 240/2963, Loss: 1072.398, Trans_L2_m: 9.318, Yaw_err_deg: 3.194
Epoch: [3/25], Batch: 250/2963, Loss: 1039.103, Trans_L2_m: 9.160, Yaw_err_deg: 4.323
Epoch: [3/25], Batch: 260/2963, Loss: 805.699, Trans_L2_m: 9.196, Yaw_err_deg: 2.873
Epoch: [3/25], Batch: 270/2963, Loss: 972.736, Trans_L2_m: 9.026, Yaw_err_deg: 4.296
Epoch: [3/25], Batch: 280/2963, Loss: 1084.580, Trans_L2_m: 9.992, Yaw_err_deg: 4.466
Epoch: [3/25], Batch: 290/2963, Loss: 760.524, Trans_L2_m: 9.417, Yaw_err_deg: 2.583
Epoch: [3/25], Batch: 300/2963, Loss: 817.711, Trans_L2_m: 9.146, Yaw_err_deg: 2.174
Epoch: [3/25], Batch: 310/2963, Loss: 1005.791, Trans_L2_m: 10.065, Yaw_err_deg: 3.302
Epoch: [3/25], Batch: 320/2963, Loss: 804.760, Trans_L2_m: 8.158, Yaw_err_deg: 3.710
Epoch: [3/25], Batch: 330/2963, Loss: 868.932, Trans_L2_m: 9.816, Yaw_err_deg: 2.521
Epoch: [3/25], Batch: 340/2963, Loss: 790.084, Trans_L2_m: 8.375, Yaw_err_deg: 2.776
Epoch: [3/25], Batch: 350/2963, Loss: 767.930, Trans_L2_m: 8.135, Yaw_err_deg: 3.289
Epoch: [3/25], Batch: 360/2963, Loss: 1355.499, Trans_L2_m: 13.284, Yaw_err_deg: 4.002
Epoch: [3/25], Batch: 370/2963, Loss: 731.270, Trans_L2_m: 7.597, Yaw_err_deg: 3.249
Epoch: [3/25], Batch: 380/2963, Loss: 869.180, Trans_L2_m: 9.177, Yaw_err_deg: 2.730
Epoch: [3/25], Batch: 390/2963, Loss: 699.748, Trans_L2_m: 7.307, Yaw_err_deg: 2.925
Epoch: [3/25], Batch: 400/2963, Loss: 843.870, Trans_L2_m: 8.213, Yaw_err_deg: 4.130
Epoch: [3/25], Batch: 410/2963, Loss: 812.367, Trans_L2_m: 7.332, Yaw_err_deg: 4.090
Epoch: [3/25], Batch: 420/2963, Loss: 582.311, Trans_L2_m: 6.425, Yaw_err_deg: 2.640
Epoch: [3/25], Batch: 430/2963, Loss: 961.421, Trans_L2_m: 9.986, Yaw_err_deg: 2.752
Epoch: [3/25], Batch: 440/2963, Loss: 656.252, Trans_L2_m: 6.944, Yaw_err_deg: 3.046
Epoch: [3/25], Batch: 450/2963, Loss: 712.192, Trans_L2_m: 6.835, Yaw_err_deg: 2.796
Epoch: [3/25], Batch: 460/2963, Loss: 826.562, Trans_L2_m: 8.789, Yaw_err_deg: 2.470
Epoch: [3/25], Batch: 470/2963, Loss: 660.063, Trans_L2_m: 7.490, Yaw_err_deg: 3.074
Epoch: [3/25], Batch: 480/2963, Loss: 1064.883, Trans_L2_m: 10.000, Yaw_err_deg: 4.355
Epoch: [3/25], Batch: 490/2963, Loss: 872.083, Trans_L2_m: 9.296, Yaw_err_deg: 3.817
Epoch: [3/25], Batch: 500/2963, Loss: 1043.104, Trans_L2_m: 10.568, Yaw_err_deg: 3.732
Epoch: [3/25], Batch: 510/2963, Loss: 839.232, Trans_L2_m: 9.968, Yaw_err_deg: 1.692
Epoch: [3/25], Batch: 520/2963, Loss: 632.999, Trans_L2_m: 7.274, Yaw_err_deg: 3.583
Epoch: [3/25], Batch: 530/2963, Loss: 763.334, Trans_L2_m: 9.143, Yaw_err_deg: 3.399
Epoch: [3/25], Batch: 540/2963, Loss: 677.599, Trans_L2_m: 8.332, Yaw_err_deg: 2.243
Epoch: [3/25], Batch: 550/2963, Loss: 982.087, Trans_L2_m: 9.721, Yaw_err_deg: 2.388
Epoch: [3/25], Batch: 560/2963, Loss: 535.214, Trans_L2_m: 6.545, Yaw_err_deg: 3.315
Epoch: [3/25], Batch: 570/2963, Loss: 1212.172, Trans_L2_m: 9.854, Yaw_err_deg: 5.038
Epoch: [3/25], Batch: 580/2963, Loss: 1378.818, Trans_L2_m: 11.997, Yaw_err_deg: 2.499
Epoch: [3/25], Batch: 590/2963, Loss: 813.134, Trans_L2_m: 9.476, Yaw_err_deg: 2.039
Epoch: [3/25], Batch: 600/2963, Loss: 758.855, Trans_L2_m: 8.447, Yaw_err_deg: 2.215
Epoch: [3/25], Batch: 610/2963, Loss: 1128.029, Trans_L2_m: 12.407, Yaw_err_deg: 2.549
Epoch: [3/25], Batch: 620/2963, Loss: 720.900, Trans_L2_m: 8.051, Yaw_err_deg: 3.089
Epoch: [3/25], Batch: 630/2963, Loss: 1030.800, Trans_L2_m: 9.782, Yaw_err_deg: 2.114
Epoch: [3/25], Batch: 640/2963, Loss: 1155.139, Trans_L2_m: 11.524, Yaw_err_deg: 3.668
Epoch: [3/25], Batch: 650/2963, Loss: 1063.396, Trans_L2_m: 9.670, Yaw_err_deg: 3.861
Epoch: [3/25], Batch: 660/2963, Loss: 1062.155, Trans_L2_m: 10.383, Yaw_err_deg: 3.289
Epoch: [3/25], Batch: 670/2963, Loss: 845.788, Trans_L2_m: 8.741, Yaw_err_deg: 3.180
Epoch: [3/25], Batch: 680/2963, Loss: 739.554, Trans_L2_m: 8.205, Yaw_err_deg: 3.604
Epoch: [3/25], Batch: 690/2963, Loss: 959.721, Trans_L2_m: 9.632, Yaw_err_deg: 4.334
Epoch: [3/25], Batch: 700/2963, Loss: 720.685, Trans_L2_m: 8.093, Yaw_err_deg: 2.583
Epoch: [3/25], Batch: 710/2963, Loss: 687.591, Trans_L2_m: 7.826, Yaw_err_deg: 3.445
Epoch: [3/25], Batch: 720/2963, Loss: 916.863, Trans_L2_m: 9.514, Yaw_err_deg: 3.021
Epoch: [3/25], Batch: 730/2963, Loss: 610.579, Trans_L2_m: 7.503, Yaw_err_deg: 3.131
Epoch: [3/25], Batch: 740/2963, Loss: 949.348, Trans_L2_m: 10.261, Yaw_err_deg: 3.057
Epoch: [3/25], Batch: 750/2963, Loss: 578.074, Trans_L2_m: 6.448, Yaw_err_deg: 2.914
Epoch: [3/25], Batch: 760/2963, Loss: 963.835, Trans_L2_m: 8.853, Yaw_err_deg: 4.579
Epoch: [3/25], Batch: 770/2963, Loss: 1061.357, Trans_L2_m: 11.221, Yaw_err_deg: 2.392
Epoch: [3/25], Batch: 780/2963, Loss: 758.781, Trans_L2_m: 7.599, Yaw_err_deg: 3.784
Epoch: [3/25], Batch: 790/2963, Loss: 1025.824, Trans_L2_m: 10.527, Yaw_err_deg: 3.269
Epoch: [3/25], Batch: 800/2963, Loss: 560.541, Trans_L2_m: 6.026, Yaw_err_deg: 2.907
Epoch: [3/25], Batch: 810/2963, Loss: 944.911, Trans_L2_m: 9.583, Yaw_err_deg: 3.818
Epoch: [3/25], Batch: 820/2963, Loss: 763.143, Trans_L2_m: 8.003, Yaw_err_deg: 3.199
Epoch: [3/25], Batch: 830/2963, Loss: 808.533, Trans_L2_m: 7.513, Yaw_err_deg: 4.654
Epoch: [3/25], Batch: 840/2963, Loss: 852.280, Trans_L2_m: 7.658, Yaw_err_deg: 3.487
Epoch: [3/25], Batch: 850/2963, Loss: 734.648, Trans_L2_m: 7.885, Yaw_err_deg: 2.628
Epoch: [3/25], Batch: 860/2963, Loss: 777.780, Trans_L2_m: 8.366, Yaw_err_deg: 3.385
Epoch: [3/25], Batch: 870/2963, Loss: 839.165, Trans_L2_m: 8.486, Yaw_err_deg: 2.444
Epoch: [3/25], Batch: 880/2963, Loss: 959.569, Trans_L2_m: 9.005, Yaw_err_deg: 3.778
Epoch: [3/25], Batch: 890/2963, Loss: 744.536, Trans_L2_m: 9.185, Yaw_err_deg: 2.289
Epoch: [3/25], Batch: 900/2963, Loss: 871.201, Trans_L2_m: 8.433, Yaw_err_deg: 4.057
Epoch: [3/25], Batch: 910/2963, Loss: 1180.263, Trans_L2_m: 9.879, Yaw_err_deg: 3.874
Epoch: [3/25], Batch: 920/2963, Loss: 784.897, Trans_L2_m: 7.372, Yaw_err_deg: 3.750
Epoch: [3/25], Batch: 930/2963, Loss: 1206.352, Trans_L2_m: 10.209, Yaw_err_deg: 4.917
Epoch: [3/25], Batch: 940/2963, Loss: 1152.881, Trans_L2_m: 10.030, Yaw_err_deg: 3.788
Epoch: [3/25], Batch: 950/2963, Loss: 943.813, Trans_L2_m: 9.511, Yaw_err_deg: 3.187
Epoch: [3/25], Batch: 960/2963, Loss: 657.824, Trans_L2_m: 6.916, Yaw_err_deg: 4.273
Epoch: [3/25], Batch: 970/2963, Loss: 725.920, Trans_L2_m: 8.088, Yaw_err_deg: 2.270
Epoch: [3/25], Batch: 980/2963, Loss: 971.444, Trans_L2_m: 10.104, Yaw_err_deg: 3.216
Epoch: [3/25], Batch: 990/2963, Loss: 677.126, Trans_L2_m: 8.207, Yaw_err_deg: 1.958
Epoch: [3/25], Batch: 1000/2963, Loss: 836.542, Trans_L2_m: 8.934, Yaw_err_deg: 3.097
Epoch: [3/25], Batch: 1010/2963, Loss: 534.610, Trans_L2_m: 5.555, Yaw_err_deg: 3.357
Epoch: [3/25], Batch: 1020/2963, Loss: 639.308, Trans_L2_m: 7.787, Yaw_err_deg: 1.782
Epoch: [3/25], Batch: 1030/2963, Loss: 685.058, Trans_L2_m: 8.178, Yaw_err_deg: 3.278
Epoch: [3/25], Batch: 1040/2963, Loss: 768.649, Trans_L2_m: 8.757, Yaw_err_deg: 2.468
Epoch: [3/25], Batch: 1050/2963, Loss: 725.744, Trans_L2_m: 7.275, Yaw_err_deg: 3.522
Epoch: [3/25], Batch: 1060/2963, Loss: 572.000, Trans_L2_m: 6.564, Yaw_err_deg: 2.249
Epoch: [3/25], Batch: 1070/2963, Loss: 776.357, Trans_L2_m: 6.140, Yaw_err_deg: 5.153
Epoch: [3/25], Batch: 1080/2963, Loss: 905.093, Trans_L2_m: 7.350, Yaw_err_deg: 4.679
Epoch: [3/25], Batch: 1090/2963, Loss: 726.159, Trans_L2_m: 8.203, Yaw_err_deg: 2.274
Epoch: [3/25], Batch: 1100/2963, Loss: 939.605, Trans_L2_m: 8.501, Yaw_err_deg: 4.729
Epoch: [3/25], Batch: 1110/2963, Loss: 979.926, Trans_L2_m: 10.385, Yaw_err_deg: 2.801
Epoch: [3/25], Batch: 1120/2963, Loss: 764.777, Trans_L2_m: 8.723, Yaw_err_deg: 3.404
Epoch: [3/25], Batch: 1130/2963, Loss: 965.689, Trans_L2_m: 9.711, Yaw_err_deg: 2.644
Epoch: [3/25], Batch: 1140/2963, Loss: 557.536, Trans_L2_m: 7.054, Yaw_err_deg: 2.811
Epoch: [3/25], Batch: 1150/2963, Loss: 949.892, Trans_L2_m: 8.885, Yaw_err_deg: 2.876
Epoch: [3/25], Batch: 1160/2963, Loss: 1276.558, Trans_L2_m: 10.967, Yaw_err_deg: 3.695
Epoch: [3/25], Batch: 1170/2963, Loss: 725.907, Trans_L2_m: 7.561, Yaw_err_deg: 3.302
Epoch: [3/25], Batch: 1180/2963, Loss: 919.423, Trans_L2_m: 9.946, Yaw_err_deg: 1.994
Epoch: [3/25], Batch: 1190/2963, Loss: 703.421, Trans_L2_m: 7.633, Yaw_err_deg: 2.845
Epoch: [3/25], Batch: 1200/2963, Loss: 1010.175, Trans_L2_m: 9.661, Yaw_err_deg: 4.438
Epoch: [3/25], Batch: 1210/2963, Loss: 999.772, Trans_L2_m: 9.892, Yaw_err_deg: 4.461
Epoch: [3/25], Batch: 1220/2963, Loss: 1145.669, Trans_L2_m: 11.406, Yaw_err_deg: 4.147
Epoch: [3/25], Batch: 1230/2963, Loss: 835.316, Trans_L2_m: 9.778, Yaw_err_deg: 2.246
Epoch: [3/25], Batch: 1240/2963, Loss: 1410.790, Trans_L2_m: 12.024, Yaw_err_deg: 4.573
Epoch: [3/25], Batch: 1250/2963, Loss: 642.257, Trans_L2_m: 7.185, Yaw_err_deg: 2.317
Epoch: [3/25], Batch: 1260/2963, Loss: 568.587, Trans_L2_m: 7.205, Yaw_err_deg: 2.053
Epoch: [3/25], Batch: 1270/2963, Loss: 797.627, Trans_L2_m: 8.261, Yaw_err_deg: 3.320
Epoch: [3/25], Batch: 1280/2963, Loss: 764.612, Trans_L2_m: 9.033, Yaw_err_deg: 2.943
Epoch: [3/25], Batch: 1290/2963, Loss: 665.089, Trans_L2_m: 8.092, Yaw_err_deg: 2.217
Epoch: [3/25], Batch: 1300/2963, Loss: 723.257, Trans_L2_m: 8.677, Yaw_err_deg: 2.794
Epoch: [3/25], Batch: 1310/2963, Loss: 674.444, Trans_L2_m: 6.617, Yaw_err_deg: 4.137
Epoch: [3/25], Batch: 1320/2963, Loss: 688.895, Trans_L2_m: 7.005, Yaw_err_deg: 2.560
Epoch: [3/25], Batch: 1330/2963, Loss: 680.853, Trans_L2_m: 7.612, Yaw_err_deg: 3.351
Epoch: [3/25], Batch: 1340/2963, Loss: 938.972, Trans_L2_m: 9.619, Yaw_err_deg: 3.671
Epoch: [3/25], Batch: 1350/2963, Loss: 863.657, Trans_L2_m: 8.950, Yaw_err_deg: 3.992
Epoch: [3/25], Batch: 1360/2963, Loss: 937.257, Trans_L2_m: 9.705, Yaw_err_deg: 3.150
Epoch: [3/25], Batch: 1370/2963, Loss: 882.697, Trans_L2_m: 9.412, Yaw_err_deg: 3.148
Epoch: [3/25], Batch: 1380/2963, Loss: 1017.978, Trans_L2_m: 10.236, Yaw_err_deg: 2.732
Epoch: [3/25], Batch: 1390/2963, Loss: 580.358, Trans_L2_m: 7.524, Yaw_err_deg: 2.434
Epoch: [3/25], Batch: 1400/2963, Loss: 475.452, Trans_L2_m: 6.026, Yaw_err_deg: 3.291
Epoch: [3/25], Batch: 1410/2963, Loss: 880.245, Trans_L2_m: 9.886, Yaw_err_deg: 2.547
Epoch: [3/25], Batch: 1420/2963, Loss: 691.636, Trans_L2_m: 8.668, Yaw_err_deg: 2.516
Epoch: [3/25], Batch: 1430/2963, Loss: 895.176, Trans_L2_m: 8.957, Yaw_err_deg: 3.756
Epoch: [3/25], Batch: 1440/2963, Loss: 938.934, Trans_L2_m: 9.904, Yaw_err_deg: 2.194
Epoch: [3/25], Batch: 1450/2963, Loss: 871.746, Trans_L2_m: 9.096, Yaw_err_deg: 2.596
Epoch: [3/25], Batch: 1460/2963, Loss: 601.996, Trans_L2_m: 7.412, Yaw_err_deg: 2.176
Epoch: [3/25], Batch: 1470/2963, Loss: 873.982, Trans_L2_m: 9.681, Yaw_err_deg: 2.520
Epoch: [3/25], Batch: 1480/2963, Loss: 916.067, Trans_L2_m: 9.816, Yaw_err_deg: 2.710
Epoch: [3/25], Batch: 1490/2963, Loss: 981.726, Trans_L2_m: 9.712, Yaw_err_deg: 4.164
Epoch: [3/25], Batch: 1500/2963, Loss: 437.516, Trans_L2_m: 6.315, Yaw_err_deg: 2.733
Epoch: [3/25], Batch: 1510/2963, Loss: 1231.559, Trans_L2_m: 11.862, Yaw_err_deg: 3.191
Epoch: [3/25], Batch: 1520/2963, Loss: 842.922, Trans_L2_m: 8.687, Yaw_err_deg: 3.504
Epoch: [3/25], Batch: 1530/2963, Loss: 804.653, Trans_L2_m: 9.248, Yaw_err_deg: 3.356
Epoch: [3/25], Batch: 1540/2963, Loss: 661.977, Trans_L2_m: 8.391, Yaw_err_deg: 2.218
Epoch: [3/25], Batch: 1550/2963, Loss: 1009.777, Trans_L2_m: 10.890, Yaw_err_deg: 2.679
Epoch: [3/25], Batch: 1560/2963, Loss: 590.016, Trans_L2_m: 7.256, Yaw_err_deg: 2.643
Epoch: [3/25], Batch: 1570/2963, Loss: 1063.525, Trans_L2_m: 10.859, Yaw_err_deg: 2.842
Epoch: [3/25], Batch: 1580/2963, Loss: 569.217, Trans_L2_m: 7.245, Yaw_err_deg: 2.258
Epoch: [3/25], Batch: 1590/2963, Loss: 778.276, Trans_L2_m: 8.073, Yaw_err_deg: 4.039
Epoch: [3/25], Batch: 1600/2963, Loss: 965.592, Trans_L2_m: 9.915, Yaw_err_deg: 3.061
Epoch: [3/25], Batch: 1610/2963, Loss: 1289.261, Trans_L2_m: 11.130, Yaw_err_deg: 4.481
Epoch: [3/25], Batch: 1620/2963, Loss: 686.557, Trans_L2_m: 7.760, Yaw_err_deg: 2.016
Epoch: [3/25], Batch: 1630/2963, Loss: 658.040, Trans_L2_m: 7.832, Yaw_err_deg: 3.293
Epoch: [3/25], Batch: 1640/2963, Loss: 1066.805, Trans_L2_m: 10.998, Yaw_err_deg: 2.098
Epoch: [3/25], Batch: 1650/2963, Loss: 1140.117, Trans_L2_m: 9.171, Yaw_err_deg: 4.970
Epoch: [3/25], Batch: 1660/2963, Loss: 1026.317, Trans_L2_m: 10.306, Yaw_err_deg: 2.091
Epoch: [3/25], Batch: 1670/2963, Loss: 672.007, Trans_L2_m: 7.763, Yaw_err_deg: 3.249
Epoch: [3/25], Batch: 1680/2963, Loss: 760.969, Trans_L2_m: 7.666, Yaw_err_deg: 3.561
Epoch: [3/25], Batch: 1690/2963, Loss: 956.913, Trans_L2_m: 9.098, Yaw_err_deg: 3.301
Epoch: [3/25], Batch: 1700/2963, Loss: 623.478, Trans_L2_m: 7.776, Yaw_err_deg: 2.492
Epoch: [3/25], Batch: 1710/2963, Loss: 518.786, Trans_L2_m: 5.674, Yaw_err_deg: 2.983
Epoch: [3/25], Batch: 1720/2963, Loss: 937.732, Trans_L2_m: 8.631, Yaw_err_deg: 4.029
Epoch: [3/25], Batch: 1730/2963, Loss: 1050.947, Trans_L2_m: 10.328, Yaw_err_deg: 2.856
Epoch: [3/25], Batch: 1740/2963, Loss: 1012.513, Trans_L2_m: 10.499, Yaw_err_deg: 2.514
Epoch: [3/25], Batch: 1750/2963, Loss: 764.567, Trans_L2_m: 8.854, Yaw_err_deg: 2.533
Epoch: [3/25], Batch: 1760/2963, Loss: 725.067, Trans_L2_m: 8.184, Yaw_err_deg: 2.852
Epoch: [3/25], Batch: 1770/2963, Loss: 814.618, Trans_L2_m: 8.380, Yaw_err_deg: 3.373
Epoch: [3/25], Batch: 1780/2963, Loss: 828.079, Trans_L2_m: 8.270, Yaw_err_deg: 3.835
Epoch: [3/25], Batch: 1790/2963, Loss: 1030.188, Trans_L2_m: 9.537, Yaw_err_deg: 4.355
Epoch: [3/25], Batch: 1800/2963, Loss: 981.831, Trans_L2_m: 10.162, Yaw_err_deg: 3.069
Epoch: [3/25], Batch: 1810/2963, Loss: 815.480, Trans_L2_m: 7.803, Yaw_err_deg: 3.200
Epoch: [3/25], Batch: 1820/2963, Loss: 1198.381, Trans_L2_m: 12.472, Yaw_err_deg: 2.452
Epoch: [3/25], Batch: 1830/2963, Loss: 1330.293, Trans_L2_m: 11.325, Yaw_err_deg: 3.090
Epoch: [3/25], Batch: 1840/2963, Loss: 858.799, Trans_L2_m: 9.276, Yaw_err_deg: 3.239
Epoch: [3/25], Batch: 1850/2963, Loss: 763.359, Trans_L2_m: 9.260, Yaw_err_deg: 2.015
Epoch: [3/25], Batch: 1860/2963, Loss: 481.105, Trans_L2_m: 6.156, Yaw_err_deg: 1.780
Epoch: [3/25], Batch: 1870/2963, Loss: 856.221, Trans_L2_m: 8.435, Yaw_err_deg: 4.003
Epoch: [3/25], Batch: 1880/2963, Loss: 810.961, Trans_L2_m: 8.808, Yaw_err_deg: 3.038
Epoch: [3/25], Batch: 1890/2963, Loss: 1055.179, Trans_L2_m: 8.563, Yaw_err_deg: 4.691
Epoch: [3/25], Batch: 1900/2963, Loss: 972.395, Trans_L2_m: 9.849, Yaw_err_deg: 3.883
Epoch: [3/25], Batch: 1910/2963, Loss: 778.649, Trans_L2_m: 6.745, Yaw_err_deg: 2.517
Epoch: [3/25], Batch: 1920/2963, Loss: 913.349, Trans_L2_m: 10.221, Yaw_err_deg: 2.221
Epoch: [3/25], Batch: 1930/2963, Loss: 866.400, Trans_L2_m: 9.158, Yaw_err_deg: 3.017
Epoch: [3/25], Batch: 1940/2963, Loss: 817.358, Trans_L2_m: 8.505, Yaw_err_deg: 2.982
Epoch: [3/25], Batch: 1950/2963, Loss: 1031.017, Trans_L2_m: 11.247, Yaw_err_deg: 1.448
Epoch: [3/25], Batch: 1960/2963, Loss: 778.969, Trans_L2_m: 8.886, Yaw_err_deg: 2.522
Epoch: [3/25], Batch: 1970/2963, Loss: 717.852, Trans_L2_m: 7.057, Yaw_err_deg: 3.483
Epoch: [3/25], Batch: 1980/2963, Loss: 662.672, Trans_L2_m: 8.272, Yaw_err_deg: 2.244
Epoch: [3/25], Batch: 1990/2963, Loss: 615.608, Trans_L2_m: 7.184, Yaw_err_deg: 2.650
Epoch: [3/25], Batch: 2000/2963, Loss: 922.942, Trans_L2_m: 10.096, Yaw_err_deg: 1.942
Epoch: [3/25], Batch: 2010/2963, Loss: 665.040, Trans_L2_m: 7.439, Yaw_err_deg: 2.769
Epoch: [3/25], Batch: 2020/2963, Loss: 639.882, Trans_L2_m: 6.962, Yaw_err_deg: 3.054
Epoch: [3/25], Batch: 2030/2963, Loss: 926.736, Trans_L2_m: 9.792, Yaw_err_deg: 2.210
Epoch: [3/25], Batch: 2040/2963, Loss: 762.513, Trans_L2_m: 8.213, Yaw_err_deg: 3.434
Epoch: [3/25], Batch: 2050/2963, Loss: 770.527, Trans_L2_m: 8.542, Yaw_err_deg: 3.040
Epoch: [3/25], Batch: 2060/2963, Loss: 753.356, Trans_L2_m: 8.984, Yaw_err_deg: 3.187
Epoch: [3/25], Batch: 2070/2963, Loss: 868.813, Trans_L2_m: 8.361, Yaw_err_deg: 3.487
Epoch: [3/25], Batch: 2080/2963, Loss: 651.140, Trans_L2_m: 8.307, Yaw_err_deg: 2.580
Epoch: [3/25], Batch: 2090/2963, Loss: 622.409, Trans_L2_m: 7.289, Yaw_err_deg: 2.416
Epoch: [3/25], Batch: 2100/2963, Loss: 849.506, Trans_L2_m: 8.641, Yaw_err_deg: 2.644
Epoch: [3/25], Batch: 2110/2963, Loss: 676.198, Trans_L2_m: 8.111, Yaw_err_deg: 3.294
Epoch: [3/25], Batch: 2120/2963, Loss: 900.900, Trans_L2_m: 9.189, Yaw_err_deg: 2.860
Epoch: [3/25], Batch: 2130/2963, Loss: 886.283, Trans_L2_m: 10.013, Yaw_err_deg: 2.871
Epoch: [3/25], Batch: 2140/2963, Loss: 761.674, Trans_L2_m: 8.747, Yaw_err_deg: 1.673
Epoch: [3/25], Batch: 2150/2963, Loss: 683.197, Trans_L2_m: 8.309, Yaw_err_deg: 2.632
Epoch: [3/25], Batch: 2160/2963, Loss: 996.027, Trans_L2_m: 10.622, Yaw_err_deg: 4.088
Epoch: [3/25], Batch: 2170/2963, Loss: 1102.542, Trans_L2_m: 11.683, Yaw_err_deg: 2.599
Epoch: [3/25], Batch: 2180/2963, Loss: 486.235, Trans_L2_m: 5.310, Yaw_err_deg: 3.906
Epoch: [3/25], Batch: 2190/2963, Loss: 531.128, Trans_L2_m: 6.659, Yaw_err_deg: 3.081
Epoch: [3/25], Batch: 2200/2963, Loss: 539.088, Trans_L2_m: 6.454, Yaw_err_deg: 2.450
Epoch: [3/25], Batch: 2210/2963, Loss: 614.658, Trans_L2_m: 7.862, Yaw_err_deg: 2.057
Epoch: [3/25], Batch: 2220/2963, Loss: 928.179, Trans_L2_m: 9.731, Yaw_err_deg: 3.073
Epoch: [3/25], Batch: 2230/2963, Loss: 904.598, Trans_L2_m: 9.091, Yaw_err_deg: 3.459
Epoch: [3/25], Batch: 2240/2963, Loss: 646.871, Trans_L2_m: 7.380, Yaw_err_deg: 2.694
Epoch: [3/25], Batch: 2250/2963, Loss: 817.727, Trans_L2_m: 8.707, Yaw_err_deg: 2.993
Epoch: [3/25], Batch: 2260/2963, Loss: 1152.023, Trans_L2_m: 10.911, Yaw_err_deg: 4.354
Epoch: [3/25], Batch: 2270/2963, Loss: 916.467, Trans_L2_m: 10.525, Yaw_err_deg: 2.348
Epoch: [3/25], Batch: 2280/2963, Loss: 926.373, Trans_L2_m: 9.429, Yaw_err_deg: 3.633
Epoch: [3/25], Batch: 2290/2963, Loss: 549.301, Trans_L2_m: 7.531, Yaw_err_deg: 2.135
Epoch: [3/25], Batch: 2300/2963, Loss: 572.686, Trans_L2_m: 7.139, Yaw_err_deg: 2.454
Epoch: [3/25], Batch: 2310/2963, Loss: 489.015, Trans_L2_m: 5.992, Yaw_err_deg: 2.663
Epoch: [3/25], Batch: 2320/2963, Loss: 865.783, Trans_L2_m: 9.131, Yaw_err_deg: 1.847
Epoch: [3/25], Batch: 2330/2963, Loss: 595.589, Trans_L2_m: 6.958, Yaw_err_deg: 2.809
Epoch: [3/25], Batch: 2340/2963, Loss: 781.229, Trans_L2_m: 9.679, Yaw_err_deg: 2.779
Epoch: [3/25], Batch: 2350/2963, Loss: 825.532, Trans_L2_m: 9.172, Yaw_err_deg: 2.482
Epoch: [3/25], Batch: 2360/2963, Loss: 978.298, Trans_L2_m: 9.895, Yaw_err_deg: 2.299
Epoch: [3/25], Batch: 2370/2963, Loss: 818.499, Trans_L2_m: 6.860, Yaw_err_deg: 4.257
Epoch: [3/25], Batch: 2380/2963, Loss: 624.919, Trans_L2_m: 7.356, Yaw_err_deg: 2.887
Epoch: [3/25], Batch: 2390/2963, Loss: 689.784, Trans_L2_m: 7.860, Yaw_err_deg: 3.560
Epoch: [3/25], Batch: 2400/2963, Loss: 766.678, Trans_L2_m: 8.217, Yaw_err_deg: 1.565
Epoch: [3/25], Batch: 2410/2963, Loss: 854.500, Trans_L2_m: 8.876, Yaw_err_deg: 3.114
Epoch: [3/25], Batch: 2420/2963, Loss: 878.022, Trans_L2_m: 9.437, Yaw_err_deg: 3.502
Epoch: [3/25], Batch: 2430/2963, Loss: 808.324, Trans_L2_m: 9.292, Yaw_err_deg: 2.256
Epoch: [3/25], Batch: 2440/2963, Loss: 831.312, Trans_L2_m: 8.417, Yaw_err_deg: 3.443
Epoch: [3/25], Batch: 2450/2963, Loss: 759.571, Trans_L2_m: 8.900, Yaw_err_deg: 2.194
Epoch: [3/25], Batch: 2460/2963, Loss: 1042.823, Trans_L2_m: 10.603, Yaw_err_deg: 2.942
Epoch: [3/25], Batch: 2470/2963, Loss: 677.659, Trans_L2_m: 6.906, Yaw_err_deg: 2.833
Epoch: [3/25], Batch: 2480/2963, Loss: 1156.835, Trans_L2_m: 9.326, Yaw_err_deg: 4.374
Epoch: [3/25], Batch: 2490/2963, Loss: 646.843, Trans_L2_m: 7.872, Yaw_err_deg: 3.289
Epoch: [3/25], Batch: 2500/2963, Loss: 703.989, Trans_L2_m: 8.066, Yaw_err_deg: 2.500
Epoch: [3/25], Batch: 2510/2963, Loss: 573.988, Trans_L2_m: 7.271, Yaw_err_deg: 2.644
Epoch: [3/25], Batch: 2520/2963, Loss: 898.399, Trans_L2_m: 10.252, Yaw_err_deg: 2.177
Epoch: [3/25], Batch: 2530/2963, Loss: 611.885, Trans_L2_m: 7.277, Yaw_err_deg: 2.678
Epoch: [3/25], Batch: 2540/2963, Loss: 543.018, Trans_L2_m: 7.103, Yaw_err_deg: 1.865
Epoch: [3/25], Batch: 2550/2963, Loss: 664.569, Trans_L2_m: 8.537, Yaw_err_deg: 1.677
Epoch: [3/25], Batch: 2560/2963, Loss: 947.425, Trans_L2_m: 9.914, Yaw_err_deg: 2.844
Epoch: [3/25], Batch: 2570/2963, Loss: 1083.363, Trans_L2_m: 10.785, Yaw_err_deg: 2.708
Epoch: [3/25], Batch: 2580/2963, Loss: 884.766, Trans_L2_m: 9.491, Yaw_err_deg: 3.691
Epoch: [3/25], Batch: 2590/2963, Loss: 378.386, Trans_L2_m: 5.533, Yaw_err_deg: 2.359
Epoch: [3/25], Batch: 2600/2963, Loss: 646.893, Trans_L2_m: 7.044, Yaw_err_deg: 2.909
Epoch: [3/25], Batch: 2610/2963, Loss: 686.604, Trans_L2_m: 8.430, Yaw_err_deg: 2.247
Epoch: [3/25], Batch: 2620/2963, Loss: 884.833, Trans_L2_m: 8.434, Yaw_err_deg: 4.883
Epoch: [3/25], Batch: 2630/2963, Loss: 801.636, Trans_L2_m: 9.008, Yaw_err_deg: 3.087
Epoch: [3/25], Batch: 2640/2963, Loss: 729.480, Trans_L2_m: 6.771, Yaw_err_deg: 3.610
Epoch: [3/25], Batch: 2650/2963, Loss: 977.257, Trans_L2_m: 8.033, Yaw_err_deg: 4.080
Epoch: [3/25], Batch: 2660/2963, Loss: 741.360, Trans_L2_m: 8.001, Yaw_err_deg: 3.043
Epoch: [3/25], Batch: 2670/2963, Loss: 756.502, Trans_L2_m: 8.073, Yaw_err_deg: 3.374
Epoch: [3/25], Batch: 2680/2963, Loss: 838.087, Trans_L2_m: 8.701, Yaw_err_deg: 3.196
Epoch: [3/25], Batch: 2690/2963, Loss: 721.091, Trans_L2_m: 8.053, Yaw_err_deg: 2.998
Epoch: [3/25], Batch: 2700/2963, Loss: 668.414, Trans_L2_m: 7.048, Yaw_err_deg: 3.745
Epoch: [3/25], Batch: 2710/2963, Loss: 892.978, Trans_L2_m: 9.793, Yaw_err_deg: 1.897
Epoch: [3/25], Batch: 2720/2963, Loss: 781.849, Trans_L2_m: 7.985, Yaw_err_deg: 2.881
Epoch: [3/25], Batch: 2730/2963, Loss: 838.582, Trans_L2_m: 9.289, Yaw_err_deg: 3.105
Epoch: [3/25], Batch: 2740/2963, Loss: 821.256, Trans_L2_m: 8.511, Yaw_err_deg: 4.308
Epoch: [3/25], Batch: 2750/2963, Loss: 710.992, Trans_L2_m: 6.359, Yaw_err_deg: 4.188
Epoch: [3/25], Batch: 2760/2963, Loss: 545.341, Trans_L2_m: 6.595, Yaw_err_deg: 3.090
Epoch: [3/25], Batch: 2770/2963, Loss: 909.328, Trans_L2_m: 9.949, Yaw_err_deg: 2.107
Epoch: [3/25], Batch: 2780/2963, Loss: 550.816, Trans_L2_m: 6.545, Yaw_err_deg: 2.958
Epoch: [3/25], Batch: 2790/2963, Loss: 1091.305, Trans_L2_m: 10.453, Yaw_err_deg: 2.895
Epoch: [3/25], Batch: 2800/2963, Loss: 805.526, Trans_L2_m: 8.812, Yaw_err_deg: 3.659
Epoch: [3/25], Batch: 2810/2963, Loss: 766.405, Trans_L2_m: 8.107, Yaw_err_deg: 2.750
Epoch: [3/25], Batch: 2820/2963, Loss: 548.929, Trans_L2_m: 6.880, Yaw_err_deg: 3.525
Epoch: [3/25], Batch: 2830/2963, Loss: 815.064, Trans_L2_m: 9.175, Yaw_err_deg: 2.820
Epoch: [3/25], Batch: 2840/2963, Loss: 788.834, Trans_L2_m: 7.906, Yaw_err_deg: 4.517
Epoch: [3/25], Batch: 2850/2963, Loss: 620.552, Trans_L2_m: 7.221, Yaw_err_deg: 1.845
Epoch: [3/25], Batch: 2860/2963, Loss: 1183.467, Trans_L2_m: 12.456, Yaw_err_deg: 2.070
Epoch: [3/25], Batch: 2870/2963, Loss: 1062.072, Trans_L2_m: 10.061, Yaw_err_deg: 3.264
Epoch: [3/25], Batch: 2880/2963, Loss: 888.898, Trans_L2_m: 9.054, Yaw_err_deg: 2.462
Epoch: [3/25], Batch: 2890/2963, Loss: 679.446, Trans_L2_m: 8.765, Yaw_err_deg: 2.087
Epoch: [3/25], Batch: 2900/2963, Loss: 1149.650, Trans_L2_m: 11.732, Yaw_err_deg: 2.633
Epoch: [3/25], Batch: 2910/2963, Loss: 766.565, Trans_L2_m: 6.733, Yaw_err_deg: 3.960
Epoch: [3/25], Batch: 2920/2963, Loss: 693.418, Trans_L2_m: 9.015, Yaw_err_deg: 3.019
Epoch: [3/25], Batch: 2930/2963, Loss: 888.074, Trans_L2_m: 8.800, Yaw_err_deg: 2.925
Epoch: [3/25], Batch: 2940/2963, Loss: 983.946, Trans_L2_m: 11.073, Yaw_err_deg: 2.768
Epoch: [3/25], Batch: 2950/2963, Loss: 750.028, Trans_L2_m: 8.318, Yaw_err_deg: 2.781
Epoch: [3/25], Batch: 2960/2963, Loss: 666.711, Trans_L2_m: 7.537, Yaw_err_deg: 3.169
Epoch: [4/25], Batch: 0/2963, Loss: 909.573, Trans_L2_m: 9.278, Yaw_err_deg: 2.849
Epoch: [4/25], Batch: 10/2963, Loss: 991.833, Trans_L2_m: 10.625, Yaw_err_deg: 2.855
Epoch: [4/25], Batch: 20/2963, Loss: 444.881, Trans_L2_m: 5.582, Yaw_err_deg: 3.436
Epoch: [4/25], Batch: 30/2963, Loss: 893.007, Trans_L2_m: 9.660, Yaw_err_deg: 2.508
Epoch: [4/25], Batch: 40/2963, Loss: 772.097, Trans_L2_m: 8.605, Yaw_err_deg: 2.002
Epoch: [4/25], Batch: 50/2963, Loss: 577.533, Trans_L2_m: 7.179, Yaw_err_deg: 2.531
Epoch: [4/25], Batch: 60/2963, Loss: 1056.434, Trans_L2_m: 10.324, Yaw_err_deg: 1.752
Epoch: [4/25], Batch: 70/2963, Loss: 614.667, Trans_L2_m: 8.437, Yaw_err_deg: 1.910
Epoch: [4/25], Batch: 80/2963, Loss: 779.401, Trans_L2_m: 8.609, Yaw_err_deg: 2.664
Epoch: [4/25], Batch: 90/2963, Loss: 674.966, Trans_L2_m: 7.179, Yaw_err_deg: 2.620
Epoch: [4/25], Batch: 100/2963, Loss: 718.006, Trans_L2_m: 7.931, Yaw_err_deg: 2.251
Epoch: [4/25], Batch: 110/2963, Loss: 1183.860, Trans_L2_m: 11.319, Yaw_err_deg: 2.850
Epoch: [4/25], Batch: 120/2963, Loss: 984.875, Trans_L2_m: 10.244, Yaw_err_deg: 3.154
Epoch: [4/25], Batch: 130/2963, Loss: 1165.677, Trans_L2_m: 11.103, Yaw_err_deg: 2.339
Epoch: [4/25], Batch: 140/2963, Loss: 773.430, Trans_L2_m: 9.146, Yaw_err_deg: 2.338
Epoch: [4/25], Batch: 150/2963, Loss: 871.049, Trans_L2_m: 10.011, Yaw_err_deg: 1.986
Epoch: [4/25], Batch: 160/2963, Loss: 453.962, Trans_L2_m: 5.621, Yaw_err_deg: 2.972
Epoch: [4/25], Batch: 170/2963, Loss: 516.681, Trans_L2_m: 6.375, Yaw_err_deg: 2.522
Epoch: [4/25], Batch: 180/2963, Loss: 752.691, Trans_L2_m: 8.741, Yaw_err_deg: 2.424
Epoch: [4/25], Batch: 190/2963, Loss: 502.587, Trans_L2_m: 5.717, Yaw_err_deg: 2.388
Epoch: [4/25], Batch: 200/2963, Loss: 624.090, Trans_L2_m: 7.705, Yaw_err_deg: 2.126
Epoch: [4/25], Batch: 210/2963, Loss: 595.317, Trans_L2_m: 6.885, Yaw_err_deg: 3.292
Epoch: [4/25], Batch: 220/2963, Loss: 829.533, Trans_L2_m: 9.852, Yaw_err_deg: 1.987
Epoch: [4/25], Batch: 230/2963, Loss: 594.511, Trans_L2_m: 6.853, Yaw_err_deg: 2.244
Epoch: [4/25], Batch: 240/2963, Loss: 596.343, Trans_L2_m: 7.418, Yaw_err_deg: 2.410
Epoch: [4/25], Batch: 250/2963, Loss: 774.424, Trans_L2_m: 8.292, Yaw_err_deg: 3.594
Epoch: [4/25], Batch: 260/2963, Loss: 598.861, Trans_L2_m: 6.979, Yaw_err_deg: 2.314
Epoch: [4/25], Batch: 270/2963, Loss: 934.236, Trans_L2_m: 8.968, Yaw_err_deg: 3.550
Epoch: [4/25], Batch: 280/2963, Loss: 589.677, Trans_L2_m: 6.955, Yaw_err_deg: 2.306
Epoch: [4/25], Batch: 290/2963, Loss: 534.019, Trans_L2_m: 7.093, Yaw_err_deg: 1.948
Epoch: [4/25], Batch: 300/2963, Loss: 844.292, Trans_L2_m: 8.870, Yaw_err_deg: 1.594
Epoch: [4/25], Batch: 310/2963, Loss: 653.322, Trans_L2_m: 6.963, Yaw_err_deg: 2.601
Epoch: [4/25], Batch: 320/2963, Loss: 533.851, Trans_L2_m: 7.500, Yaw_err_deg: 2.174
Epoch: [4/25], Batch: 330/2963, Loss: 1113.026, Trans_L2_m: 10.798, Yaw_err_deg: 2.090
Epoch: [4/25], Batch: 340/2963, Loss: 395.838, Trans_L2_m: 5.013, Yaw_err_deg: 2.800
Epoch: [4/25], Batch: 350/2963, Loss: 776.761, Trans_L2_m: 8.055, Yaw_err_deg: 3.018
Epoch: [4/25], Batch: 360/2963, Loss: 546.382, Trans_L2_m: 7.379, Yaw_err_deg: 3.072
Epoch: [4/25], Batch: 370/2963, Loss: 1122.327, Trans_L2_m: 10.452, Yaw_err_deg: 4.703
Epoch: [4/25], Batch: 380/2963, Loss: 670.475, Trans_L2_m: 7.907, Yaw_err_deg: 2.686
Epoch: [4/25], Batch: 390/2963, Loss: 593.577, Trans_L2_m: 7.214, Yaw_err_deg: 2.765
Epoch: [4/25], Batch: 400/2963, Loss: 851.087, Trans_L2_m: 8.836, Yaw_err_deg: 2.358
Epoch: [4/25], Batch: 410/2963, Loss: 718.167, Trans_L2_m: 8.142, Yaw_err_deg: 2.548
Epoch: [4/25], Batch: 420/2963, Loss: 638.650, Trans_L2_m: 7.361, Yaw_err_deg: 2.151
Epoch: [4/25], Batch: 430/2963, Loss: 811.813, Trans_L2_m: 8.278, Yaw_err_deg: 4.162
Epoch: [4/25], Batch: 440/2963, Loss: 762.395, Trans_L2_m: 8.312, Yaw_err_deg: 2.576
Epoch: [4/25], Batch: 450/2963, Loss: 757.414, Trans_L2_m: 9.332, Yaw_err_deg: 1.832
Epoch: [4/25], Batch: 460/2963, Loss: 579.676, Trans_L2_m: 7.553, Yaw_err_deg: 2.930
Epoch: [4/25], Batch: 470/2963, Loss: 332.014, Trans_L2_m: 5.177, Yaw_err_deg: 1.664
Epoch: [4/25], Batch: 480/2963, Loss: 673.047, Trans_L2_m: 7.773, Yaw_err_deg: 2.986
Epoch: [4/25], Batch: 490/2963, Loss: 431.488, Trans_L2_m: 5.457, Yaw_err_deg: 2.745
Epoch: [4/25], Batch: 500/2963, Loss: 424.121, Trans_L2_m: 4.654, Yaw_err_deg: 2.952
Epoch: [4/25], Batch: 510/2963, Loss: 766.715, Trans_L2_m: 9.313, Yaw_err_deg: 1.949
Epoch: [4/25], Batch: 520/2963, Loss: 538.769, Trans_L2_m: 6.591, Yaw_err_deg: 3.031
Epoch: [4/25], Batch: 530/2963, Loss: 526.359, Trans_L2_m: 6.811, Yaw_err_deg: 2.594
Epoch: [4/25], Batch: 540/2963, Loss: 989.036, Trans_L2_m: 9.636, Yaw_err_deg: 3.284
Epoch: [4/25], Batch: 550/2963, Loss: 759.364, Trans_L2_m: 7.645, Yaw_err_deg: 2.979
Epoch: [4/25], Batch: 560/2963, Loss: 741.749, Trans_L2_m: 8.080, Yaw_err_deg: 2.932
Epoch: [4/25], Batch: 570/2963, Loss: 1044.417, Trans_L2_m: 10.816, Yaw_err_deg: 1.599
Epoch: [4/25], Batch: 580/2963, Loss: 698.423, Trans_L2_m: 6.204, Yaw_err_deg: 5.034
Epoch: [4/25], Batch: 590/2963, Loss: 525.151, Trans_L2_m: 6.434, Yaw_err_deg: 2.792
Epoch: [4/25], Batch: 600/2963, Loss: 902.475, Trans_L2_m: 9.385, Yaw_err_deg: 1.609
Epoch: [4/25], Batch: 610/2963, Loss: 1167.311, Trans_L2_m: 10.845, Yaw_err_deg: 2.727
Epoch: [4/25], Batch: 620/2963, Loss: 368.711, Trans_L2_m: 4.799, Yaw_err_deg: 2.980
Epoch: [4/25], Batch: 630/2963, Loss: 877.984, Trans_L2_m: 9.612, Yaw_err_deg: 2.211
Epoch: [4/25], Batch: 640/2963, Loss: 639.259, Trans_L2_m: 7.887, Yaw_err_deg: 2.598
Epoch: [4/25], Batch: 650/2963, Loss: 645.323, Trans_L2_m: 8.147, Yaw_err_deg: 2.394
Epoch: [4/25], Batch: 660/2963, Loss: 767.827, Trans_L2_m: 8.820, Yaw_err_deg: 3.313
Epoch: [4/25], Batch: 670/2963, Loss: 996.775, Trans_L2_m: 9.824, Yaw_err_deg: 3.540
Epoch: [4/25], Batch: 680/2963, Loss: 994.928, Trans_L2_m: 9.928, Yaw_err_deg: 2.238
Epoch: [4/25], Batch: 690/2963, Loss: 1086.438, Trans_L2_m: 9.964, Yaw_err_deg: 3.843
Epoch: [4/25], Batch: 700/2963, Loss: 830.216, Trans_L2_m: 8.380, Yaw_err_deg: 2.721
Epoch: [4/25], Batch: 710/2963, Loss: 704.204, Trans_L2_m: 7.237, Yaw_err_deg: 1.686
Epoch: [4/25], Batch: 720/2963, Loss: 592.443, Trans_L2_m: 7.361, Yaw_err_deg: 2.750
Epoch: [4/25], Batch: 730/2963, Loss: 782.515, Trans_L2_m: 8.930, Yaw_err_deg: 1.731
Epoch: [4/25], Batch: 740/2963, Loss: 692.896, Trans_L2_m: 8.449, Yaw_err_deg: 2.456
Epoch: [4/25], Batch: 750/2963, Loss: 1018.080, Trans_L2_m: 9.439, Yaw_err_deg: 4.075
Epoch: [4/25], Batch: 760/2963, Loss: 718.807, Trans_L2_m: 7.570, Yaw_err_deg: 1.773
Epoch: [4/25], Batch: 770/2963, Loss: 523.088, Trans_L2_m: 6.116, Yaw_err_deg: 2.809
Epoch: [4/25], Batch: 780/2963, Loss: 809.014, Trans_L2_m: 8.655, Yaw_err_deg: 2.299
Epoch: [4/25], Batch: 790/2963, Loss: 983.534, Trans_L2_m: 9.959, Yaw_err_deg: 2.967
Epoch: [4/25], Batch: 800/2963, Loss: 680.617, Trans_L2_m: 8.158, Yaw_err_deg: 2.219
Epoch: [4/25], Batch: 810/2963, Loss: 690.859, Trans_L2_m: 7.565, Yaw_err_deg: 3.753
Epoch: [4/25], Batch: 820/2963, Loss: 1015.902, Trans_L2_m: 9.825, Yaw_err_deg: 2.760
Epoch: [4/25], Batch: 830/2963, Loss: 691.374, Trans_L2_m: 7.581, Yaw_err_deg: 3.033
Epoch: [4/25], Batch: 840/2963, Loss: 718.246, Trans_L2_m: 8.500, Yaw_err_deg: 2.281
Epoch: [4/25], Batch: 850/2963, Loss: 458.740, Trans_L2_m: 5.996, Yaw_err_deg: 2.452
Epoch: [4/25], Batch: 860/2963, Loss: 811.022, Trans_L2_m: 8.779, Yaw_err_deg: 3.585
Epoch: [4/25], Batch: 870/2963, Loss: 435.429, Trans_L2_m: 6.308, Yaw_err_deg: 1.966
Epoch: [4/25], Batch: 880/2963, Loss: 870.821, Trans_L2_m: 8.621, Yaw_err_deg: 2.338
Epoch: [4/25], Batch: 890/2963, Loss: 865.983, Trans_L2_m: 9.376, Yaw_err_deg: 2.702
Epoch: [4/25], Batch: 900/2963, Loss: 671.433, Trans_L2_m: 7.918, Yaw_err_deg: 2.751
Epoch: [4/25], Batch: 910/2963, Loss: 617.129, Trans_L2_m: 7.918, Yaw_err_deg: 2.434
Epoch: [4/25], Batch: 920/2963, Loss: 1008.120, Trans_L2_m: 9.750, Yaw_err_deg: 3.620
Epoch: [4/25], Batch: 930/2963, Loss: 686.973, Trans_L2_m: 8.602, Yaw_err_deg: 2.276
Epoch: [4/25], Batch: 940/2963, Loss: 608.264, Trans_L2_m: 6.663, Yaw_err_deg: 3.173
Epoch: [4/25], Batch: 950/2963, Loss: 710.472, Trans_L2_m: 8.247, Yaw_err_deg: 2.251
Epoch: [4/25], Batch: 960/2963, Loss: 569.225, Trans_L2_m: 6.822, Yaw_err_deg: 3.675
Epoch: [4/25], Batch: 970/2963, Loss: 640.548, Trans_L2_m: 7.906, Yaw_err_deg: 2.361
Epoch: [4/25], Batch: 980/2963, Loss: 830.640, Trans_L2_m: 9.150, Yaw_err_deg: 2.638
Epoch: [4/25], Batch: 990/2963, Loss: 626.591, Trans_L2_m: 7.450, Yaw_err_deg: 3.134
Epoch: [4/25], Batch: 1000/2963, Loss: 698.731, Trans_L2_m: 8.375, Yaw_err_deg: 2.188
Epoch: [4/25], Batch: 1010/2963, Loss: 667.918, Trans_L2_m: 6.999, Yaw_err_deg: 3.496
Epoch: [4/25], Batch: 1020/2963, Loss: 663.481, Trans_L2_m: 7.742, Yaw_err_deg: 3.433
Epoch: [4/25], Batch: 1030/2963, Loss: 577.485, Trans_L2_m: 7.083, Yaw_err_deg: 2.739
Epoch: [4/25], Batch: 1040/2963, Loss: 651.822, Trans_L2_m: 7.584, Yaw_err_deg: 2.609
Epoch: [4/25], Batch: 1050/2963, Loss: 575.124, Trans_L2_m: 7.286, Yaw_err_deg: 2.075
Epoch: [4/25], Batch: 1060/2963, Loss: 755.667, Trans_L2_m: 7.778, Yaw_err_deg: 2.650
Epoch: [4/25], Batch: 1070/2963, Loss: 462.657, Trans_L2_m: 5.929, Yaw_err_deg: 2.809
Epoch: [4/25], Batch: 1080/2963, Loss: 508.613, Trans_L2_m: 6.218, Yaw_err_deg: 2.661
Epoch: [4/25], Batch: 1090/2963, Loss: 669.407, Trans_L2_m: 6.681, Yaw_err_deg: 3.215
Epoch: [4/25], Batch: 1100/2963, Loss: 858.478, Trans_L2_m: 9.282, Yaw_err_deg: 1.693
Epoch: [4/25], Batch: 1110/2963, Loss: 894.223, Trans_L2_m: 9.047, Yaw_err_deg: 3.781
Epoch: [4/25], Batch: 1120/2963, Loss: 860.919, Trans_L2_m: 8.744, Yaw_err_deg: 2.202
Epoch: [4/25], Batch: 1130/2963, Loss: 788.253, Trans_L2_m: 8.330, Yaw_err_deg: 2.613
Epoch: [4/25], Batch: 1140/2963, Loss: 563.758, Trans_L2_m: 7.304, Yaw_err_deg: 2.185
Epoch: [4/25], Batch: 1150/2963, Loss: 809.677, Trans_L2_m: 8.797, Yaw_err_deg: 2.506
Epoch: [4/25], Batch: 1160/2963, Loss: 631.690, Trans_L2_m: 7.115, Yaw_err_deg: 3.432
Epoch: [4/25], Batch: 1170/2963, Loss: 737.689, Trans_L2_m: 9.416, Yaw_err_deg: 2.409
Epoch: [4/25], Batch: 1180/2963, Loss: 648.692, Trans_L2_m: 7.520, Yaw_err_deg: 2.155
Epoch: [4/25], Batch: 1190/2963, Loss: 571.255, Trans_L2_m: 7.210, Yaw_err_deg: 2.593
Epoch: [4/25], Batch: 1200/2963, Loss: 829.705, Trans_L2_m: 8.476, Yaw_err_deg: 3.071
Epoch: [4/25], Batch: 1210/2963, Loss: 663.056, Trans_L2_m: 7.335, Yaw_err_deg: 2.940
Epoch: [4/25], Batch: 1220/2963, Loss: 888.539, Trans_L2_m: 9.478, Yaw_err_deg: 3.049
Epoch: [4/25], Batch: 1230/2963, Loss: 956.885, Trans_L2_m: 9.012, Yaw_err_deg: 4.722
Epoch: [4/25], Batch: 1240/2963, Loss: 603.225, Trans_L2_m: 5.621, Yaw_err_deg: 3.250
Epoch: [4/25], Batch: 1250/2963, Loss: 582.788, Trans_L2_m: 6.699, Yaw_err_deg: 2.366
Epoch: [4/25], Batch: 1260/2963, Loss: 950.556, Trans_L2_m: 10.021, Yaw_err_deg: 2.788
Epoch: [4/25], Batch: 1270/2963, Loss: 970.625, Trans_L2_m: 9.952, Yaw_err_deg: 3.151
Epoch: [4/25], Batch: 1280/2963, Loss: 876.367, Trans_L2_m: 9.153, Yaw_err_deg: 2.789
Epoch: [4/25], Batch: 1290/2963, Loss: 577.512, Trans_L2_m: 6.722, Yaw_err_deg: 3.197
Epoch: [4/25], Batch: 1300/2963, Loss: 494.503, Trans_L2_m: 6.794, Yaw_err_deg: 1.862
Epoch: [4/25], Batch: 1310/2963, Loss: 724.179, Trans_L2_m: 7.469, Yaw_err_deg: 3.322
Epoch: [4/25], Batch: 1320/2963, Loss: 452.123, Trans_L2_m: 5.488, Yaw_err_deg: 3.168
Epoch: [4/25], Batch: 1330/2963, Loss: 534.746, Trans_L2_m: 7.401, Yaw_err_deg: 1.457
Epoch: [4/25], Batch: 1340/2963, Loss: 1015.977, Trans_L2_m: 9.074, Yaw_err_deg: 3.270
Epoch: [4/25], Batch: 1350/2963, Loss: 469.429, Trans_L2_m: 6.605, Yaw_err_deg: 1.755
Epoch: [4/25], Batch: 1360/2963, Loss: 697.750, Trans_L2_m: 7.773, Yaw_err_deg: 2.403
Epoch: [4/25], Batch: 1370/2963, Loss: 765.987, Trans_L2_m: 7.419, Yaw_err_deg: 4.504
Epoch: [4/25], Batch: 1380/2963, Loss: 702.321, Trans_L2_m: 7.283, Yaw_err_deg: 3.139
Epoch: [4/25], Batch: 1390/2963, Loss: 652.758, Trans_L2_m: 7.119, Yaw_err_deg: 2.711
Epoch: [4/25], Batch: 1400/2963, Loss: 497.755, Trans_L2_m: 6.248, Yaw_err_deg: 2.748
Epoch: [4/25], Batch: 1410/2963, Loss: 650.191, Trans_L2_m: 7.907, Yaw_err_deg: 2.736
Epoch: [4/25], Batch: 1420/2963, Loss: 515.228, Trans_L2_m: 6.713, Yaw_err_deg: 2.694
Epoch: [4/25], Batch: 1430/2963, Loss: 1009.370, Trans_L2_m: 10.253, Yaw_err_deg: 2.816
Epoch: [4/25], Batch: 1440/2963, Loss: 985.343, Trans_L2_m: 9.763, Yaw_err_deg: 2.090
Epoch: [4/25], Batch: 1450/2963, Loss: 706.901, Trans_L2_m: 8.356, Yaw_err_deg: 1.987
Epoch: [4/25], Batch: 1460/2963, Loss: 1060.132, Trans_L2_m: 8.864, Yaw_err_deg: 4.245
Epoch: [4/25], Batch: 1470/2963, Loss: 788.745, Trans_L2_m: 8.725, Yaw_err_deg: 2.475
Epoch: [4/25], Batch: 1480/2963, Loss: 815.019, Trans_L2_m: 8.223, Yaw_err_deg: 2.581
Epoch: [4/25], Batch: 1490/2963, Loss: 444.474, Trans_L2_m: 4.671, Yaw_err_deg: 2.956
Epoch: [4/25], Batch: 1500/2963, Loss: 736.451, Trans_L2_m: 8.480, Yaw_err_deg: 1.666
Epoch: [4/25], Batch: 1510/2963, Loss: 529.197, Trans_L2_m: 6.988, Yaw_err_deg: 1.917
Epoch: [4/25], Batch: 1520/2963, Loss: 661.435, Trans_L2_m: 7.248, Yaw_err_deg: 3.015
Epoch: [4/25], Batch: 1530/2963, Loss: 743.383, Trans_L2_m: 7.831, Yaw_err_deg: 2.651
Epoch: [4/25], Batch: 1540/2963, Loss: 997.921, Trans_L2_m: 10.526, Yaw_err_deg: 1.969
Epoch: [4/25], Batch: 1550/2963, Loss: 621.922, Trans_L2_m: 6.700, Yaw_err_deg: 3.833
Epoch: [4/25], Batch: 1560/2963, Loss: 940.204, Trans_L2_m: 9.528, Yaw_err_deg: 2.243
Epoch: [4/25], Batch: 1570/2963, Loss: 651.477, Trans_L2_m: 7.829, Yaw_err_deg: 1.993
Epoch: [4/25], Batch: 1580/2963, Loss: 629.021, Trans_L2_m: 6.870, Yaw_err_deg: 2.623
Epoch: [4/25], Batch: 1590/2963, Loss: 820.827, Trans_L2_m: 8.936, Yaw_err_deg: 2.748
Epoch: [4/25], Batch: 1600/2963, Loss: 520.972, Trans_L2_m: 7.183, Yaw_err_deg: 2.594
Epoch: [4/25], Batch: 1610/2963, Loss: 694.893, Trans_L2_m: 7.843, Yaw_err_deg: 2.809
Epoch: [4/25], Batch: 1620/2963, Loss: 859.217, Trans_L2_m: 8.421, Yaw_err_deg: 3.786
Epoch: [4/25], Batch: 1630/2963, Loss: 798.018, Trans_L2_m: 8.707, Yaw_err_deg: 2.181
Epoch: [4/25], Batch: 1640/2963, Loss: 913.404, Trans_L2_m: 8.900, Yaw_err_deg: 3.663
Epoch: [4/25], Batch: 1650/2963, Loss: 937.590, Trans_L2_m: 9.832, Yaw_err_deg: 1.564
Epoch: [4/25], Batch: 1660/2963, Loss: 807.885, Trans_L2_m: 8.315, Yaw_err_deg: 3.339
Epoch: [4/25], Batch: 1670/2963, Loss: 611.196, Trans_L2_m: 7.615, Yaw_err_deg: 2.737
Epoch: [4/25], Batch: 1680/2963, Loss: 606.484, Trans_L2_m: 7.430, Yaw_err_deg: 2.387
Epoch: [4/25], Batch: 1690/2963, Loss: 1404.435, Trans_L2_m: 11.390, Yaw_err_deg: 3.776
Epoch: [4/25], Batch: 1700/2963, Loss: 861.848, Trans_L2_m: 9.086, Yaw_err_deg: 2.044
Epoch: [4/25], Batch: 1710/2963, Loss: 420.759, Trans_L2_m: 5.535, Yaw_err_deg: 2.226
Epoch: [4/25], Batch: 1720/2963, Loss: 706.493, Trans_L2_m: 7.822, Yaw_err_deg: 3.237
Epoch: [4/25], Batch: 1730/2963, Loss: 597.321, Trans_L2_m: 7.529, Yaw_err_deg: 2.594
Epoch: [4/25], Batch: 1740/2963, Loss: 471.679, Trans_L2_m: 6.186, Yaw_err_deg: 2.810
Epoch: [4/25], Batch: 1750/2963, Loss: 680.880, Trans_L2_m: 8.472, Yaw_err_deg: 2.322
Epoch: [4/25], Batch: 1760/2963, Loss: 529.861, Trans_L2_m: 6.031, Yaw_err_deg: 2.547
Epoch: [4/25], Batch: 1770/2963, Loss: 511.171, Trans_L2_m: 6.525, Yaw_err_deg: 1.989
Epoch: [4/25], Batch: 1780/2963, Loss: 702.084, Trans_L2_m: 7.832, Yaw_err_deg: 3.206
Epoch: [4/25], Batch: 1790/2963, Loss: 496.216, Trans_L2_m: 6.534, Yaw_err_deg: 2.325
Epoch: [4/25], Batch: 1800/2963, Loss: 547.399, Trans_L2_m: 6.266, Yaw_err_deg: 2.479
Epoch: [4/25], Batch: 1810/2963, Loss: 467.277, Trans_L2_m: 5.299, Yaw_err_deg: 3.253
Epoch: [4/25], Batch: 1820/2963, Loss: 460.643, Trans_L2_m: 4.681, Yaw_err_deg: 3.684
Epoch: [4/25], Batch: 1830/2963, Loss: 564.551, Trans_L2_m: 7.036, Yaw_err_deg: 2.179
Epoch: [4/25], Batch: 1840/2963, Loss: 717.691, Trans_L2_m: 8.924, Yaw_err_deg: 1.652
Epoch: [4/25], Batch: 1850/2963, Loss: 733.865, Trans_L2_m: 8.570, Yaw_err_deg: 2.051
Epoch: [4/25], Batch: 1860/2963, Loss: 784.418, Trans_L2_m: 8.717, Yaw_err_deg: 3.384
Epoch: [4/25], Batch: 1870/2963, Loss: 877.193, Trans_L2_m: 8.084, Yaw_err_deg: 5.137
Epoch: [4/25], Batch: 1880/2963, Loss: 358.671, Trans_L2_m: 5.251, Yaw_err_deg: 2.344
Epoch: [4/25], Batch: 1890/2963, Loss: 815.613, Trans_L2_m: 8.902, Yaw_err_deg: 2.418
Epoch: [4/25], Batch: 1900/2963, Loss: 741.023, Trans_L2_m: 8.867, Yaw_err_deg: 2.245
Epoch: [4/25], Batch: 1910/2963, Loss: 700.382, Trans_L2_m: 7.568, Yaw_err_deg: 3.018
Epoch: [4/25], Batch: 1920/2963, Loss: 616.952, Trans_L2_m: 7.050, Yaw_err_deg: 2.792
Epoch: [4/25], Batch: 1930/2963, Loss: 815.510, Trans_L2_m: 7.697, Yaw_err_deg: 2.025
Epoch: [4/25], Batch: 1940/2963, Loss: 427.543, Trans_L2_m: 5.830, Yaw_err_deg: 2.063
Epoch: [4/25], Batch: 1950/2963, Loss: 675.454, Trans_L2_m: 8.858, Yaw_err_deg: 1.526
Epoch: [4/25], Batch: 1960/2963, Loss: 684.070, Trans_L2_m: 8.280, Yaw_err_deg: 2.318
Epoch: [4/25], Batch: 1970/2963, Loss: 571.076, Trans_L2_m: 6.882, Yaw_err_deg: 3.614
Epoch: [4/25], Batch: 1980/2963, Loss: 644.243, Trans_L2_m: 8.026, Yaw_err_deg: 2.386
Epoch: [4/25], Batch: 1990/2963, Loss: 535.668, Trans_L2_m: 6.663, Yaw_err_deg: 2.941
Epoch: [4/25], Batch: 2000/2963, Loss: 592.490, Trans_L2_m: 7.128, Yaw_err_deg: 1.417
Epoch: [4/25], Batch: 2010/2963, Loss: 724.759, Trans_L2_m: 7.992, Yaw_err_deg: 2.482
Epoch: [4/25], Batch: 2020/2963, Loss: 536.116, Trans_L2_m: 6.273, Yaw_err_deg: 3.123
Epoch: [4/25], Batch: 2030/2963, Loss: 952.660, Trans_L2_m: 10.642, Yaw_err_deg: 2.297
Epoch: [4/25], Batch: 2040/2963, Loss: 903.145, Trans_L2_m: 8.229, Yaw_err_deg: 3.281
Epoch: [4/25], Batch: 2050/2963, Loss: 1079.223, Trans_L2_m: 10.927, Yaw_err_deg: 2.891
Epoch: [4/25], Batch: 2060/2963, Loss: 728.034, Trans_L2_m: 7.648, Yaw_err_deg: 2.102
Epoch: [4/25], Batch: 2070/2963, Loss: 690.957, Trans_L2_m: 7.522, Yaw_err_deg: 2.645
Epoch: [4/25], Batch: 2080/2963, Loss: 541.431, Trans_L2_m: 6.549, Yaw_err_deg: 2.171
Epoch: [4/25], Batch: 2090/2963, Loss: 459.116, Trans_L2_m: 6.076, Yaw_err_deg: 2.353
Epoch: [4/25], Batch: 2100/2963, Loss: 949.608, Trans_L2_m: 9.708, Yaw_err_deg: 2.142
Epoch: [4/25], Batch: 2110/2963, Loss: 891.043, Trans_L2_m: 8.971, Yaw_err_deg: 2.933
Epoch: [4/25], Batch: 2120/2963, Loss: 523.304, Trans_L2_m: 6.624, Yaw_err_deg: 2.377
Epoch: [4/25], Batch: 2130/2963, Loss: 369.707, Trans_L2_m: 4.804, Yaw_err_deg: 2.739
Epoch: [4/25], Batch: 2140/2963, Loss: 529.719, Trans_L2_m: 6.689, Yaw_err_deg: 1.975
Epoch: [4/25], Batch: 2150/2963, Loss: 580.017, Trans_L2_m: 6.749, Yaw_err_deg: 2.321
Epoch: [4/25], Batch: 2160/2963, Loss: 1364.805, Trans_L2_m: 13.036, Yaw_err_deg: 2.506
Epoch: [4/25], Batch: 2170/2963, Loss: 712.739, Trans_L2_m: 7.957, Yaw_err_deg: 3.160
Epoch: [4/25], Batch: 2180/2963, Loss: 661.701, Trans_L2_m: 7.511, Yaw_err_deg: 2.830
Epoch: [4/25], Batch: 2190/2963, Loss: 798.217, Trans_L2_m: 8.902, Yaw_err_deg: 2.637
Epoch: [4/25], Batch: 2200/2963, Loss: 338.375, Trans_L2_m: 4.423, Yaw_err_deg: 2.431
Epoch: [4/25], Batch: 2210/2963, Loss: 579.939, Trans_L2_m: 7.640, Yaw_err_deg: 1.469
Epoch: [4/25], Batch: 2220/2963, Loss: 997.939, Trans_L2_m: 9.700, Yaw_err_deg: 3.105
Epoch: [4/25], Batch: 2230/2963, Loss: 689.396, Trans_L2_m: 8.675, Yaw_err_deg: 2.682
Epoch: [4/25], Batch: 2240/2963, Loss: 509.447, Trans_L2_m: 6.597, Yaw_err_deg: 1.793
Epoch: [4/25], Batch: 2250/2963, Loss: 769.068, Trans_L2_m: 8.662, Yaw_err_deg: 3.146
Epoch: [4/25], Batch: 2260/2963, Loss: 758.420, Trans_L2_m: 8.822, Yaw_err_deg: 2.698
Epoch: [4/25], Batch: 2270/2963, Loss: 750.269, Trans_L2_m: 9.032, Yaw_err_deg: 2.779
Epoch: [4/25], Batch: 2280/2963, Loss: 845.218, Trans_L2_m: 9.090, Yaw_err_deg: 2.182
Epoch: [4/25], Batch: 2290/2963, Loss: 790.098, Trans_L2_m: 9.560, Yaw_err_deg: 2.231
Epoch: [4/25], Batch: 2300/2963, Loss: 820.297, Trans_L2_m: 7.752, Yaw_err_deg: 3.111
Epoch: [4/25], Batch: 2310/2963, Loss: 552.843, Trans_L2_m: 7.420, Yaw_err_deg: 1.998
Epoch: [4/25], Batch: 2320/2963, Loss: 679.254, Trans_L2_m: 7.580, Yaw_err_deg: 2.468
Epoch: [4/25], Batch: 2330/2963, Loss: 862.617, Trans_L2_m: 8.680, Yaw_err_deg: 2.670
Epoch: [4/25], Batch: 2340/2963, Loss: 891.989, Trans_L2_m: 8.017, Yaw_err_deg: 3.491
Epoch: [4/25], Batch: 2350/2963, Loss: 622.250, Trans_L2_m: 7.601, Yaw_err_deg: 3.132
Epoch: [4/25], Batch: 2360/2963, Loss: 517.236, Trans_L2_m: 6.494, Yaw_err_deg: 2.505
Epoch: [4/25], Batch: 2370/2963, Loss: 371.549, Trans_L2_m: 4.515, Yaw_err_deg: 2.677
Epoch: [4/25], Batch: 2380/2963, Loss: 540.636, Trans_L2_m: 7.183, Yaw_err_deg: 2.648
Epoch: [4/25], Batch: 2390/2963, Loss: 635.897, Trans_L2_m: 7.440, Yaw_err_deg: 1.976
Epoch: [4/25], Batch: 2400/2963, Loss: 556.273, Trans_L2_m: 6.769, Yaw_err_deg: 2.894
Epoch: [4/25], Batch: 2410/2963, Loss: 457.458, Trans_L2_m: 6.005, Yaw_err_deg: 2.413
Epoch: [4/25], Batch: 2420/2963, Loss: 593.615, Trans_L2_m: 5.780, Yaw_err_deg: 4.863
Epoch: [4/25], Batch: 2430/2963, Loss: 574.294, Trans_L2_m: 6.472, Yaw_err_deg: 3.221
Epoch: [4/25], Batch: 2440/2963, Loss: 497.135, Trans_L2_m: 5.892, Yaw_err_deg: 2.370
Epoch: [4/25], Batch: 2450/2963, Loss: 811.916, Trans_L2_m: 9.479, Yaw_err_deg: 2.742
Epoch: [4/25], Batch: 2460/2963, Loss: 1049.611, Trans_L2_m: 9.966, Yaw_err_deg: 2.166
Epoch: [4/25], Batch: 2470/2963, Loss: 918.626, Trans_L2_m: 10.256, Yaw_err_deg: 1.884
Epoch: [4/25], Batch: 2480/2963, Loss: 1082.088, Trans_L2_m: 10.137, Yaw_err_deg: 3.673
Epoch: [4/25], Batch: 2490/2963, Loss: 1087.305, Trans_L2_m: 10.233, Yaw_err_deg: 2.113
Epoch: [4/25], Batch: 2500/2963, Loss: 612.238, Trans_L2_m: 6.670, Yaw_err_deg: 2.409
Epoch: [4/25], Batch: 2510/2963, Loss: 684.137, Trans_L2_m: 7.747, Yaw_err_deg: 2.611
Epoch: [4/25], Batch: 2520/2963, Loss: 495.241, Trans_L2_m: 5.892, Yaw_err_deg: 2.281
Epoch: [4/25], Batch: 2530/2963, Loss: 1035.820, Trans_L2_m: 10.317, Yaw_err_deg: 3.454
Epoch: [4/25], Batch: 2540/2963, Loss: 879.106, Trans_L2_m: 9.134, Yaw_err_deg: 2.387
Epoch: [4/25], Batch: 2550/2963, Loss: 616.926, Trans_L2_m: 6.477, Yaw_err_deg: 4.218
Epoch: [4/25], Batch: 2560/2963, Loss: 724.432, Trans_L2_m: 7.631, Yaw_err_deg: 2.345
Epoch: [4/25], Batch: 2570/2963, Loss: 685.540, Trans_L2_m: 8.613, Yaw_err_deg: 1.971
Epoch: [4/25], Batch: 2580/2963, Loss: 655.618, Trans_L2_m: 7.476, Yaw_err_deg: 3.184
Epoch: [4/25], Batch: 2590/2963, Loss: 702.676, Trans_L2_m: 7.744, Yaw_err_deg: 3.023
Epoch: [4/25], Batch: 2600/2963, Loss: 448.295, Trans_L2_m: 5.767, Yaw_err_deg: 1.805
Epoch: [4/25], Batch: 2610/2963, Loss: 628.809, Trans_L2_m: 7.629, Yaw_err_deg: 3.413
Epoch: [4/25], Batch: 2620/2963, Loss: 707.456, Trans_L2_m: 8.235, Yaw_err_deg: 2.141
Epoch: [4/25], Batch: 2630/2963, Loss: 621.096, Trans_L2_m: 7.706, Yaw_err_deg: 2.517
Epoch: [4/25], Batch: 2640/2963, Loss: 638.537, Trans_L2_m: 8.076, Yaw_err_deg: 2.010
Epoch: [4/25], Batch: 2650/2963, Loss: 1035.863, Trans_L2_m: 10.356, Yaw_err_deg: 2.750
Epoch: [4/25], Batch: 2660/2963, Loss: 608.342, Trans_L2_m: 7.307, Yaw_err_deg: 2.581
Epoch: [4/25], Batch: 2670/2963, Loss: 628.497, Trans_L2_m: 7.467, Yaw_err_deg: 2.885
Epoch: [4/25], Batch: 2680/2963, Loss: 611.001, Trans_L2_m: 6.408, Yaw_err_deg: 4.108
Epoch: [4/25], Batch: 2690/2963, Loss: 449.003, Trans_L2_m: 6.594, Yaw_err_deg: 1.708
Epoch: [4/25], Batch: 2700/2963, Loss: 722.318, Trans_L2_m: 7.812, Yaw_err_deg: 2.436
Epoch: [4/25], Batch: 2710/2963, Loss: 536.643, Trans_L2_m: 6.325, Yaw_err_deg: 3.051
Epoch: [4/25], Batch: 2720/2963, Loss: 742.172, Trans_L2_m: 8.629, Yaw_err_deg: 2.051
Epoch: [4/25], Batch: 2730/2963, Loss: 560.612, Trans_L2_m: 7.029, Yaw_err_deg: 2.794
Epoch: [4/25], Batch: 2740/2963, Loss: 1045.018, Trans_L2_m: 10.748, Yaw_err_deg: 2.295
Epoch: [4/25], Batch: 2750/2963, Loss: 592.245, Trans_L2_m: 7.351, Yaw_err_deg: 2.613
Epoch: [4/25], Batch: 2760/2963, Loss: 620.474, Trans_L2_m: 7.007, Yaw_err_deg: 3.060
Epoch: [4/25], Batch: 2770/2963, Loss: 808.810, Trans_L2_m: 9.097, Yaw_err_deg: 2.694
Epoch: [4/25], Batch: 2780/2963, Loss: 565.790, Trans_L2_m: 7.316, Yaw_err_deg: 1.940
Epoch: [4/25], Batch: 2790/2963, Loss: 877.248, Trans_L2_m: 9.703, Yaw_err_deg: 1.507
Epoch: [4/25], Batch: 2800/2963, Loss: 418.521, Trans_L2_m: 5.601, Yaw_err_deg: 2.843
Epoch: [4/25], Batch: 2810/2963, Loss: 346.866, Trans_L2_m: 5.215, Yaw_err_deg: 2.163
Epoch: [4/25], Batch: 2820/2963, Loss: 808.298, Trans_L2_m: 9.660, Yaw_err_deg: 1.895
Epoch: [4/25], Batch: 2830/2963, Loss: 622.563, Trans_L2_m: 6.687, Yaw_err_deg: 2.811
Epoch: [4/25], Batch: 2840/2963, Loss: 710.602, Trans_L2_m: 8.402, Yaw_err_deg: 2.285
Epoch: [4/25], Batch: 2850/2963, Loss: 637.476, Trans_L2_m: 8.466, Yaw_err_deg: 1.784
Epoch: [4/25], Batch: 2860/2963, Loss: 570.431, Trans_L2_m: 6.195, Yaw_err_deg: 2.852
Epoch: [4/25], Batch: 2870/2963, Loss: 759.253, Trans_L2_m: 8.262, Yaw_err_deg: 3.489
Epoch: [4/25], Batch: 2880/2963, Loss: 748.440, Trans_L2_m: 8.243, Yaw_err_deg: 2.109
Epoch: [4/25], Batch: 2890/2963, Loss: 670.228, Trans_L2_m: 7.750, Yaw_err_deg: 2.081
Epoch: [4/25], Batch: 2900/2963, Loss: 338.717, Trans_L2_m: 4.867, Yaw_err_deg: 1.912
Epoch: [4/25], Batch: 2910/2963, Loss: 763.463, Trans_L2_m: 8.967, Yaw_err_deg: 2.026
Epoch: [4/25], Batch: 2920/2963, Loss: 629.345, Trans_L2_m: 7.318, Yaw_err_deg: 2.263
Epoch: [4/25], Batch: 2930/2963, Loss: 526.211, Trans_L2_m: 6.179, Yaw_err_deg: 2.825
Epoch: [4/25], Batch: 2940/2963, Loss: 496.640, Trans_L2_m: 7.121, Yaw_err_deg: 1.339
Epoch: [4/25], Batch: 2950/2963, Loss: 668.642, Trans_L2_m: 7.477, Yaw_err_deg: 2.736
Epoch: [4/25], Batch: 2960/2963, Loss: 650.505, Trans_L2_m: 8.297, Yaw_err_deg: 2.292
Validation loss (homography): 4557.5058
Avg batch time: 1134.02 ms, total: 367.639 s
[1;94mSave the best of 4557.505859375, at checkpoints/2026_01_09_18_41_46_best_checkpoint_zod.pth[0m
Epoch: [5/25], Batch: 0/2963, Loss: 721.915, Trans_L2_m: 8.611, Yaw_err_deg: 2.959
Epoch: [5/25], Batch: 10/2963, Loss: 737.218, Trans_L2_m: 6.888, Yaw_err_deg: 4.523
Epoch: [5/25], Batch: 20/2963, Loss: 441.994, Trans_L2_m: 6.385, Yaw_err_deg: 2.050
Epoch: [5/25], Batch: 30/2963, Loss: 661.681, Trans_L2_m: 7.484, Yaw_err_deg: 3.000
Epoch: [5/25], Batch: 40/2963, Loss: 513.248, Trans_L2_m: 6.222, Yaw_err_deg: 2.191
Epoch: [5/25], Batch: 50/2963, Loss: 401.789, Trans_L2_m: 5.487, Yaw_err_deg: 2.880
Epoch: [5/25], Batch: 60/2963, Loss: 685.179, Trans_L2_m: 7.182, Yaw_err_deg: 3.473
Epoch: [5/25], Batch: 70/2963, Loss: 1127.227, Trans_L2_m: 11.445, Yaw_err_deg: 2.790
Epoch: [5/25], Batch: 80/2963, Loss: 631.307, Trans_L2_m: 7.635, Yaw_err_deg: 2.524
Epoch: [5/25], Batch: 90/2963, Loss: 810.982, Trans_L2_m: 8.758, Yaw_err_deg: 2.033
Epoch: [5/25], Batch: 100/2963, Loss: 1040.842, Trans_L2_m: 9.878, Yaw_err_deg: 2.377
Epoch: [5/25], Batch: 110/2963, Loss: 741.731, Trans_L2_m: 7.674, Yaw_err_deg: 4.006
Epoch: [5/25], Batch: 120/2963, Loss: 507.117, Trans_L2_m: 6.384, Yaw_err_deg: 2.355
Epoch: [5/25], Batch: 130/2963, Loss: 594.541, Trans_L2_m: 6.350, Yaw_err_deg: 3.348
Epoch: [5/25], Batch: 140/2963, Loss: 613.318, Trans_L2_m: 7.402, Yaw_err_deg: 2.566
Epoch: [5/25], Batch: 150/2963, Loss: 825.454, Trans_L2_m: 8.975, Yaw_err_deg: 1.773
Epoch: [5/25], Batch: 160/2963, Loss: 521.923, Trans_L2_m: 6.684, Yaw_err_deg: 2.683
Epoch: [5/25], Batch: 170/2963, Loss: 463.173, Trans_L2_m: 5.849, Yaw_err_deg: 2.439
Epoch: [5/25], Batch: 180/2963, Loss: 459.909, Trans_L2_m: 6.670, Yaw_err_deg: 1.932
Epoch: [5/25], Batch: 190/2963, Loss: 941.836, Trans_L2_m: 9.910, Yaw_err_deg: 2.072
Epoch: [5/25], Batch: 200/2963, Loss: 637.151, Trans_L2_m: 8.011, Yaw_err_deg: 2.358
Epoch: [5/25], Batch: 210/2963, Loss: 385.251, Trans_L2_m: 5.727, Yaw_err_deg: 2.050
Epoch: [5/25], Batch: 220/2963, Loss: 496.212, Trans_L2_m: 6.522, Yaw_err_deg: 2.638
Epoch: [5/25], Batch: 230/2963, Loss: 707.507, Trans_L2_m: 8.223, Yaw_err_deg: 2.434
Epoch: [5/25], Batch: 240/2963, Loss: 350.031, Trans_L2_m: 5.246, Yaw_err_deg: 2.713
Epoch: [5/25], Batch: 250/2963, Loss: 637.468, Trans_L2_m: 7.541, Yaw_err_deg: 2.848
Epoch: [5/25], Batch: 260/2963, Loss: 799.261, Trans_L2_m: 9.212, Yaw_err_deg: 1.915
Epoch: [5/25], Batch: 270/2963, Loss: 557.958, Trans_L2_m: 6.076, Yaw_err_deg: 3.161
Epoch: [5/25], Batch: 280/2963, Loss: 697.053, Trans_L2_m: 7.297, Yaw_err_deg: 1.545
Epoch: [5/25], Batch: 290/2963, Loss: 1039.141, Trans_L2_m: 9.748, Yaw_err_deg: 2.963
Epoch: [5/25], Batch: 300/2963, Loss: 504.374, Trans_L2_m: 5.663, Yaw_err_deg: 3.023
Epoch: [5/25], Batch: 310/2963, Loss: 903.782, Trans_L2_m: 9.576, Yaw_err_deg: 1.918
Epoch: [5/25], Batch: 320/2963, Loss: 864.744, Trans_L2_m: 8.420, Yaw_err_deg: 3.858
Epoch: [5/25], Batch: 330/2963, Loss: 761.736, Trans_L2_m: 8.487, Yaw_err_deg: 2.616
Epoch: [5/25], Batch: 340/2963, Loss: 353.315, Trans_L2_m: 5.000, Yaw_err_deg: 2.663
Epoch: [5/25], Batch: 350/2963, Loss: 476.332, Trans_L2_m: 6.288, Yaw_err_deg: 1.868
Epoch: [5/25], Batch: 360/2963, Loss: 617.366, Trans_L2_m: 7.546, Yaw_err_deg: 2.456
Epoch: [5/25], Batch: 370/2963, Loss: 742.737, Trans_L2_m: 7.714, Yaw_err_deg: 2.655
Epoch: [5/25], Batch: 380/2963, Loss: 477.541, Trans_L2_m: 6.232, Yaw_err_deg: 2.324
Epoch: [5/25], Batch: 390/2963, Loss: 1124.753, Trans_L2_m: 11.052, Yaw_err_deg: 3.077
Epoch: [5/25], Batch: 400/2963, Loss: 654.231, Trans_L2_m: 8.104, Yaw_err_deg: 2.219
Epoch: [5/25], Batch: 410/2963, Loss: 573.936, Trans_L2_m: 6.832, Yaw_err_deg: 1.651
Epoch: [5/25], Batch: 420/2963, Loss: 827.170, Trans_L2_m: 9.627, Yaw_err_deg: 2.144
Epoch: [5/25], Batch: 430/2963, Loss: 494.443, Trans_L2_m: 6.332, Yaw_err_deg: 1.826
Epoch: [5/25], Batch: 440/2963, Loss: 416.911, Trans_L2_m: 5.844, Yaw_err_deg: 2.150
Epoch: [5/25], Batch: 450/2963, Loss: 404.615, Trans_L2_m: 4.746, Yaw_err_deg: 2.096
Epoch: [5/25], Batch: 460/2963, Loss: 497.758, Trans_L2_m: 5.870, Yaw_err_deg: 2.642
Epoch: [5/25], Batch: 470/2963, Loss: 582.045, Trans_L2_m: 7.025, Yaw_err_deg: 1.934
Epoch: [5/25], Batch: 480/2963, Loss: 562.003, Trans_L2_m: 7.638, Yaw_err_deg: 1.988
Epoch: [5/25], Batch: 490/2963, Loss: 533.700, Trans_L2_m: 7.511, Yaw_err_deg: 2.226
Epoch: [5/25], Batch: 500/2963, Loss: 500.922, Trans_L2_m: 6.499, Yaw_err_deg: 2.286
Epoch: [5/25], Batch: 510/2963, Loss: 372.566, Trans_L2_m: 5.070, Yaw_err_deg: 2.699
Epoch: [5/25], Batch: 520/2963, Loss: 452.217, Trans_L2_m: 6.352, Yaw_err_deg: 1.991
Epoch: [5/25], Batch: 530/2963, Loss: 675.026, Trans_L2_m: 7.564, Yaw_err_deg: 3.689
Epoch: [5/25], Batch: 540/2963, Loss: 520.895, Trans_L2_m: 6.920, Yaw_err_deg: 2.435
Epoch: [5/25], Batch: 550/2963, Loss: 438.137, Trans_L2_m: 5.690, Yaw_err_deg: 1.625
Epoch: [5/25], Batch: 560/2963, Loss: 568.410, Trans_L2_m: 5.542, Yaw_err_deg: 3.954
Epoch: [5/25], Batch: 570/2963, Loss: 501.912, Trans_L2_m: 6.346, Yaw_err_deg: 2.236
Epoch: [5/25], Batch: 580/2963, Loss: 560.688, Trans_L2_m: 6.713, Yaw_err_deg: 2.647
Epoch: [5/25], Batch: 590/2963, Loss: 738.760, Trans_L2_m: 8.646, Yaw_err_deg: 2.097
Epoch: [5/25], Batch: 600/2963, Loss: 672.651, Trans_L2_m: 7.494, Yaw_err_deg: 2.565
Epoch: [5/25], Batch: 610/2963, Loss: 744.901, Trans_L2_m: 8.343, Yaw_err_deg: 2.983
Epoch: [5/25], Batch: 620/2963, Loss: 556.453, Trans_L2_m: 7.292, Yaw_err_deg: 2.442
Epoch: [5/25], Batch: 630/2963, Loss: 719.590, Trans_L2_m: 7.704, Yaw_err_deg: 3.809
Epoch: [5/25], Batch: 640/2963, Loss: 709.389, Trans_L2_m: 9.078, Yaw_err_deg: 1.304
Epoch: [5/25], Batch: 650/2963, Loss: 441.264, Trans_L2_m: 5.218, Yaw_err_deg: 3.068
Epoch: [5/25], Batch: 660/2963, Loss: 434.441, Trans_L2_m: 5.990, Yaw_err_deg: 2.520
Epoch: [5/25], Batch: 670/2963, Loss: 484.152, Trans_L2_m: 5.297, Yaw_err_deg: 3.598
Epoch: [5/25], Batch: 680/2963, Loss: 947.100, Trans_L2_m: 9.896, Yaw_err_deg: 2.021
Epoch: [5/25], Batch: 690/2963, Loss: 543.914, Trans_L2_m: 6.636, Yaw_err_deg: 2.914
Epoch: [5/25], Batch: 700/2963, Loss: 625.387, Trans_L2_m: 6.606, Yaw_err_deg: 2.861
Epoch: [5/25], Batch: 710/2963, Loss: 626.146, Trans_L2_m: 7.066, Yaw_err_deg: 3.889
Epoch: [5/25], Batch: 720/2963, Loss: 462.932, Trans_L2_m: 6.144, Yaw_err_deg: 2.231
Epoch: [5/25], Batch: 730/2963, Loss: 403.268, Trans_L2_m: 5.653, Yaw_err_deg: 2.743
Epoch: [5/25], Batch: 740/2963, Loss: 399.473, Trans_L2_m: 5.357, Yaw_err_deg: 2.514
Epoch: [5/25], Batch: 750/2963, Loss: 773.132, Trans_L2_m: 7.164, Yaw_err_deg: 2.830
Epoch: [5/25], Batch: 760/2963, Loss: 764.687, Trans_L2_m: 8.525, Yaw_err_deg: 2.440
Epoch: [5/25], Batch: 770/2963, Loss: 738.614, Trans_L2_m: 7.899, Yaw_err_deg: 2.635
Epoch: [5/25], Batch: 780/2963, Loss: 895.075, Trans_L2_m: 9.210, Yaw_err_deg: 3.605
Epoch: [5/25], Batch: 790/2963, Loss: 723.635, Trans_L2_m: 8.390, Yaw_err_deg: 2.089
Epoch: [5/25], Batch: 800/2963, Loss: 610.248, Trans_L2_m: 7.123, Yaw_err_deg: 2.630
Epoch: [5/25], Batch: 810/2963, Loss: 960.209, Trans_L2_m: 9.688, Yaw_err_deg: 2.543
Epoch: [5/25], Batch: 820/2963, Loss: 972.250, Trans_L2_m: 9.680, Yaw_err_deg: 2.864
Epoch: [5/25], Batch: 830/2963, Loss: 533.629, Trans_L2_m: 6.615, Yaw_err_deg: 2.542
Epoch: [5/25], Batch: 840/2963, Loss: 486.015, Trans_L2_m: 6.665, Yaw_err_deg: 1.660
Epoch: [5/25], Batch: 850/2963, Loss: 537.577, Trans_L2_m: 7.407, Yaw_err_deg: 1.861
Epoch: [5/25], Batch: 860/2963, Loss: 735.464, Trans_L2_m: 8.054, Yaw_err_deg: 2.754
Epoch: [5/25], Batch: 870/2963, Loss: 677.997, Trans_L2_m: 7.199, Yaw_err_deg: 2.191
Epoch: [5/25], Batch: 880/2963, Loss: 837.532, Trans_L2_m: 8.443, Yaw_err_deg: 4.250
Epoch: [5/25], Batch: 890/2963, Loss: 578.095, Trans_L2_m: 6.583, Yaw_err_deg: 1.987
Epoch: [5/25], Batch: 900/2963, Loss: 651.577, Trans_L2_m: 7.316, Yaw_err_deg: 2.585
Epoch: [5/25], Batch: 910/2963, Loss: 892.659, Trans_L2_m: 9.412, Yaw_err_deg: 1.902
Epoch: [5/25], Batch: 920/2963, Loss: 1101.282, Trans_L2_m: 10.635, Yaw_err_deg: 3.623
Epoch: [5/25], Batch: 930/2963, Loss: 496.255, Trans_L2_m: 6.836, Yaw_err_deg: 2.238
Epoch: [5/25], Batch: 940/2963, Loss: 708.079, Trans_L2_m: 8.848, Yaw_err_deg: 2.396
Epoch: [5/25], Batch: 950/2963, Loss: 382.275, Trans_L2_m: 4.958, Yaw_err_deg: 1.988
Epoch: [5/25], Batch: 960/2963, Loss: 986.579, Trans_L2_m: 11.269, Yaw_err_deg: 2.375
Epoch: [5/25], Batch: 970/2963, Loss: 875.801, Trans_L2_m: 9.263, Yaw_err_deg: 3.198
Epoch: [5/25], Batch: 980/2963, Loss: 815.417, Trans_L2_m: 8.769, Yaw_err_deg: 3.805
Epoch: [5/25], Batch: 990/2963, Loss: 643.467, Trans_L2_m: 8.231, Yaw_err_deg: 3.112
Epoch: [5/25], Batch: 1000/2963, Loss: 729.151, Trans_L2_m: 8.789, Yaw_err_deg: 1.897
Epoch: [5/25], Batch: 1010/2963, Loss: 610.743, Trans_L2_m: 7.092, Yaw_err_deg: 2.738
Epoch: [5/25], Batch: 1020/2963, Loss: 964.276, Trans_L2_m: 10.377, Yaw_err_deg: 2.648
Epoch: [5/25], Batch: 1030/2963, Loss: 468.557, Trans_L2_m: 5.463, Yaw_err_deg: 3.395
Epoch: [5/25], Batch: 1040/2963, Loss: 725.297, Trans_L2_m: 7.987, Yaw_err_deg: 3.452
Epoch: [5/25], Batch: 1050/2963, Loss: 751.938, Trans_L2_m: 8.368, Yaw_err_deg: 1.660
Epoch: [5/25], Batch: 1060/2963, Loss: 856.567, Trans_L2_m: 8.861, Yaw_err_deg: 2.406
Epoch: [5/25], Batch: 1070/2963, Loss: 690.632, Trans_L2_m: 7.806, Yaw_err_deg: 2.428
Epoch: [5/25], Batch: 1080/2963, Loss: 586.317, Trans_L2_m: 7.657, Yaw_err_deg: 2.941
Epoch: [5/25], Batch: 1090/2963, Loss: 508.549, Trans_L2_m: 7.538, Yaw_err_deg: 1.749
Epoch: [5/25], Batch: 1100/2963, Loss: 497.940, Trans_L2_m: 6.579, Yaw_err_deg: 2.204
Epoch: [5/25], Batch: 1110/2963, Loss: 910.665, Trans_L2_m: 10.590, Yaw_err_deg: 2.681
Epoch: [5/25], Batch: 1120/2963, Loss: 1262.060, Trans_L2_m: 11.708, Yaw_err_deg: 2.291
Epoch: [5/25], Batch: 1130/2963, Loss: 840.379, Trans_L2_m: 8.736, Yaw_err_deg: 3.397
Epoch: [5/25], Batch: 1140/2963, Loss: 674.354, Trans_L2_m: 8.109, Yaw_err_deg: 2.420
Epoch: [5/25], Batch: 1150/2963, Loss: 512.543, Trans_L2_m: 5.504, Yaw_err_deg: 3.881
Epoch: [5/25], Batch: 1160/2963, Loss: 487.980, Trans_L2_m: 6.960, Yaw_err_deg: 2.599
Epoch: [5/25], Batch: 1170/2963, Loss: 853.268, Trans_L2_m: 9.186, Yaw_err_deg: 2.543
Epoch: [5/25], Batch: 1180/2963, Loss: 827.104, Trans_L2_m: 9.388, Yaw_err_deg: 2.542
Epoch: [5/25], Batch: 1190/2963, Loss: 435.055, Trans_L2_m: 6.145, Yaw_err_deg: 2.867
Epoch: [5/25], Batch: 1200/2963, Loss: 799.186, Trans_L2_m: 7.519, Yaw_err_deg: 3.108
Epoch: [5/25], Batch: 1210/2963, Loss: 562.216, Trans_L2_m: 7.097, Yaw_err_deg: 2.520
Epoch: [5/25], Batch: 1220/2963, Loss: 830.170, Trans_L2_m: 9.888, Yaw_err_deg: 2.440
Epoch: [5/25], Batch: 1230/2963, Loss: 487.176, Trans_L2_m: 5.592, Yaw_err_deg: 2.443
Epoch: [5/25], Batch: 1240/2963, Loss: 916.912, Trans_L2_m: 10.122, Yaw_err_deg: 2.982
Epoch: [5/25], Batch: 1250/2963, Loss: 750.083, Trans_L2_m: 8.572, Yaw_err_deg: 3.440
Epoch: [5/25], Batch: 1260/2963, Loss: 530.485, Trans_L2_m: 7.269, Yaw_err_deg: 2.129
Epoch: [5/25], Batch: 1270/2963, Loss: 555.643, Trans_L2_m: 7.366, Yaw_err_deg: 2.828
Epoch: [5/25], Batch: 1280/2963, Loss: 888.722, Trans_L2_m: 8.649, Yaw_err_deg: 1.674
Epoch: [5/25], Batch: 1290/2963, Loss: 607.070, Trans_L2_m: 7.908, Yaw_err_deg: 2.476
Epoch: [5/25], Batch: 1300/2963, Loss: 1016.375, Trans_L2_m: 9.804, Yaw_err_deg: 2.871
Epoch: [5/25], Batch: 1310/2963, Loss: 992.635, Trans_L2_m: 8.358, Yaw_err_deg: 3.415
Epoch: [5/25], Batch: 1320/2963, Loss: 513.199, Trans_L2_m: 5.382, Yaw_err_deg: 2.862
Epoch: [5/25], Batch: 1330/2963, Loss: 373.631, Trans_L2_m: 5.556, Yaw_err_deg: 2.110
Epoch: [5/25], Batch: 1340/2963, Loss: 688.076, Trans_L2_m: 7.834, Yaw_err_deg: 2.851
Epoch: [5/25], Batch: 1350/2963, Loss: 520.693, Trans_L2_m: 6.787, Yaw_err_deg: 2.972
Epoch: [5/25], Batch: 1360/2963, Loss: 630.330, Trans_L2_m: 7.176, Yaw_err_deg: 4.020
Epoch: [5/25], Batch: 1370/2963, Loss: 601.891, Trans_L2_m: 8.043, Yaw_err_deg: 1.897
Epoch: [5/25], Batch: 1380/2963, Loss: 927.599, Trans_L2_m: 9.912, Yaw_err_deg: 1.518
Epoch: [5/25], Batch: 1390/2963, Loss: 552.785, Trans_L2_m: 7.485, Yaw_err_deg: 1.695
Epoch: [5/25], Batch: 1400/2963, Loss: 905.989, Trans_L2_m: 9.351, Yaw_err_deg: 2.142
Epoch: [5/25], Batch: 1410/2963, Loss: 635.093, Trans_L2_m: 8.077, Yaw_err_deg: 2.577
Epoch: [5/25], Batch: 1420/2963, Loss: 691.606, Trans_L2_m: 8.680, Yaw_err_deg: 2.677
Epoch: [5/25], Batch: 1430/2963, Loss: 646.886, Trans_L2_m: 6.790, Yaw_err_deg: 2.708
Epoch: [5/25], Batch: 1440/2963, Loss: 668.032, Trans_L2_m: 8.429, Yaw_err_deg: 2.650
Epoch: [5/25], Batch: 1450/2963, Loss: 482.737, Trans_L2_m: 6.016, Yaw_err_deg: 2.817
Epoch: [5/25], Batch: 1460/2963, Loss: 633.454, Trans_L2_m: 7.152, Yaw_err_deg: 2.070
Epoch: [5/25], Batch: 1470/2963, Loss: 704.658, Trans_L2_m: 8.174, Yaw_err_deg: 2.895
Epoch: [5/25], Batch: 1480/2963, Loss: 560.341, Trans_L2_m: 6.529, Yaw_err_deg: 2.925
Epoch: [5/25], Batch: 1490/2963, Loss: 1292.977, Trans_L2_m: 11.564, Yaw_err_deg: 3.230
Epoch: [5/25], Batch: 1500/2963, Loss: 804.898, Trans_L2_m: 9.316, Yaw_err_deg: 2.166
Epoch: [5/25], Batch: 1510/2963, Loss: 344.865, Trans_L2_m: 4.371, Yaw_err_deg: 3.254
Epoch: [5/25], Batch: 1520/2963, Loss: 806.762, Trans_L2_m: 9.585, Yaw_err_deg: 3.105
Epoch: [5/25], Batch: 1530/2963, Loss: 561.826, Trans_L2_m: 5.802, Yaw_err_deg: 3.619
Epoch: [5/25], Batch: 1540/2963, Loss: 867.043, Trans_L2_m: 9.459, Yaw_err_deg: 2.225
Epoch: [5/25], Batch: 1550/2963, Loss: 847.568, Trans_L2_m: 8.008, Yaw_err_deg: 3.484
Epoch: [5/25], Batch: 1560/2963, Loss: 648.820, Trans_L2_m: 7.260, Yaw_err_deg: 3.080
Epoch: [5/25], Batch: 1570/2963, Loss: 589.849, Trans_L2_m: 6.706, Yaw_err_deg: 2.035
Epoch: [5/25], Batch: 1580/2963, Loss: 782.969, Trans_L2_m: 8.816, Yaw_err_deg: 2.731
Epoch: [5/25], Batch: 1590/2963, Loss: 634.238, Trans_L2_m: 7.245, Yaw_err_deg: 3.839
Epoch: [5/25], Batch: 1600/2963, Loss: 885.519, Trans_L2_m: 9.187, Yaw_err_deg: 1.744
Epoch: [5/25], Batch: 1610/2963, Loss: 396.839, Trans_L2_m: 4.678, Yaw_err_deg: 2.277
Epoch: [5/25], Batch: 1620/2963, Loss: 532.270, Trans_L2_m: 6.733, Yaw_err_deg: 2.544
Epoch: [5/25], Batch: 1630/2963, Loss: 784.739, Trans_L2_m: 9.187, Yaw_err_deg: 1.560
Epoch: [5/25], Batch: 1640/2963, Loss: 458.590, Trans_L2_m: 6.495, Yaw_err_deg: 2.533
Epoch: [5/25], Batch: 1650/2963, Loss: 409.917, Trans_L2_m: 4.873, Yaw_err_deg: 3.527
Epoch: [5/25], Batch: 1660/2963, Loss: 621.168, Trans_L2_m: 7.595, Yaw_err_deg: 2.727
Epoch: [5/25], Batch: 1670/2963, Loss: 502.865, Trans_L2_m: 6.848, Yaw_err_deg: 2.334
Epoch: [5/25], Batch: 1680/2963, Loss: 405.855, Trans_L2_m: 5.211, Yaw_err_deg: 3.287
Epoch: [5/25], Batch: 1690/2963, Loss: 796.911, Trans_L2_m: 8.146, Yaw_err_deg: 2.517
Epoch: [5/25], Batch: 1700/2963, Loss: 714.671, Trans_L2_m: 7.251, Yaw_err_deg: 3.107
Epoch: [5/25], Batch: 1710/2963, Loss: 914.362, Trans_L2_m: 9.437, Yaw_err_deg: 3.003
Epoch: [5/25], Batch: 1720/2963, Loss: 1211.980, Trans_L2_m: 11.689, Yaw_err_deg: 2.523
Epoch: [5/25], Batch: 1730/2963, Loss: 411.292, Trans_L2_m: 5.920, Yaw_err_deg: 2.651
Epoch: [5/25], Batch: 1740/2963, Loss: 944.206, Trans_L2_m: 8.805, Yaw_err_deg: 2.568
Epoch: [5/25], Batch: 1750/2963, Loss: 739.350, Trans_L2_m: 6.717, Yaw_err_deg: 4.174
Epoch: [5/25], Batch: 1760/2963, Loss: 622.873, Trans_L2_m: 6.628, Yaw_err_deg: 3.385
Epoch: [5/25], Batch: 1770/2963, Loss: 677.832, Trans_L2_m: 8.412, Yaw_err_deg: 2.314
Epoch: [5/25], Batch: 1780/2963, Loss: 409.042, Trans_L2_m: 5.532, Yaw_err_deg: 1.583
Epoch: [5/25], Batch: 1790/2963, Loss: 705.210, Trans_L2_m: 7.144, Yaw_err_deg: 3.400
Epoch: [5/25], Batch: 1800/2963, Loss: 716.417, Trans_L2_m: 8.191, Yaw_err_deg: 2.164
Epoch: [5/25], Batch: 1810/2963, Loss: 552.423, Trans_L2_m: 6.729, Yaw_err_deg: 2.981
Epoch: [5/25], Batch: 1820/2963, Loss: 603.081, Trans_L2_m: 7.151, Yaw_err_deg: 2.861
Epoch: [5/25], Batch: 1830/2963, Loss: 611.927, Trans_L2_m: 7.688, Yaw_err_deg: 2.134
Epoch: [5/25], Batch: 1840/2963, Loss: 596.119, Trans_L2_m: 6.904, Yaw_err_deg: 3.310
Epoch: [5/25], Batch: 1850/2963, Loss: 479.471, Trans_L2_m: 7.043, Yaw_err_deg: 1.726
Epoch: [5/25], Batch: 1860/2963, Loss: 221.215, Trans_L2_m: 3.409, Yaw_err_deg: 1.993
Epoch: [5/25], Batch: 1870/2963, Loss: 609.473, Trans_L2_m: 6.840, Yaw_err_deg: 1.729
Epoch: [5/25], Batch: 1880/2963, Loss: 567.195, Trans_L2_m: 7.594, Yaw_err_deg: 2.456
Epoch: [5/25], Batch: 1890/2963, Loss: 477.880, Trans_L2_m: 5.998, Yaw_err_deg: 1.905
Epoch: [5/25], Batch: 1900/2963, Loss: 452.639, Trans_L2_m: 5.900, Yaw_err_deg: 3.308
Epoch: [5/25], Batch: 1910/2963, Loss: 776.706, Trans_L2_m: 7.836, Yaw_err_deg: 3.649
Epoch: [5/25], Batch: 1920/2963, Loss: 392.599, Trans_L2_m: 5.408, Yaw_err_deg: 2.150
Epoch: [5/25], Batch: 1930/2963, Loss: 792.556, Trans_L2_m: 7.334, Yaw_err_deg: 3.907
Epoch: [5/25], Batch: 1940/2963, Loss: 619.305, Trans_L2_m: 7.918, Yaw_err_deg: 2.251
Epoch: [5/25], Batch: 1950/2963, Loss: 585.303, Trans_L2_m: 7.348, Yaw_err_deg: 3.026
Epoch: [5/25], Batch: 1960/2963, Loss: 791.838, Trans_L2_m: 8.500, Yaw_err_deg: 2.725
Epoch: [5/25], Batch: 1970/2963, Loss: 650.874, Trans_L2_m: 7.628, Yaw_err_deg: 2.723
Epoch: [5/25], Batch: 1980/2963, Loss: 518.341, Trans_L2_m: 6.785, Yaw_err_deg: 2.464
Epoch: [5/25], Batch: 1990/2963, Loss: 833.322, Trans_L2_m: 8.227, Yaw_err_deg: 2.532
Epoch: [5/25], Batch: 2000/2963, Loss: 537.152, Trans_L2_m: 6.963, Yaw_err_deg: 1.621
Epoch: [5/25], Batch: 2010/2963, Loss: 875.745, Trans_L2_m: 8.145, Yaw_err_deg: 4.294
Epoch: [5/25], Batch: 2020/2963, Loss: 558.799, Trans_L2_m: 6.782, Yaw_err_deg: 2.586
Epoch: [5/25], Batch: 2030/2963, Loss: 856.860, Trans_L2_m: 8.523, Yaw_err_deg: 3.527
Epoch: [5/25], Batch: 2040/2963, Loss: 922.398, Trans_L2_m: 9.155, Yaw_err_deg: 3.172
Epoch: [5/25], Batch: 2050/2963, Loss: 593.356, Trans_L2_m: 6.932, Yaw_err_deg: 3.163
Epoch: [5/25], Batch: 2060/2963, Loss: 467.030, Trans_L2_m: 6.136, Yaw_err_deg: 2.489
Epoch: [5/25], Batch: 2070/2963, Loss: 583.198, Trans_L2_m: 6.895, Yaw_err_deg: 1.970
Epoch: [5/25], Batch: 2080/2963, Loss: 366.020, Trans_L2_m: 5.582, Yaw_err_deg: 2.310
Epoch: [5/25], Batch: 2090/2963, Loss: 953.991, Trans_L2_m: 10.799, Yaw_err_deg: 2.068
Epoch: [5/25], Batch: 2100/2963, Loss: 650.268, Trans_L2_m: 7.580, Yaw_err_deg: 2.385
Epoch: [5/25], Batch: 2110/2963, Loss: 505.703, Trans_L2_m: 7.091, Yaw_err_deg: 1.410
Epoch: [5/25], Batch: 2120/2963, Loss: 623.613, Trans_L2_m: 8.125, Yaw_err_deg: 2.262
Epoch: [5/25], Batch: 2130/2963, Loss: 507.455, Trans_L2_m: 6.687, Yaw_err_deg: 2.086
Epoch: [5/25], Batch: 2140/2963, Loss: 740.513, Trans_L2_m: 9.037, Yaw_err_deg: 1.810
Epoch: [5/25], Batch: 2150/2963, Loss: 447.779, Trans_L2_m: 5.627, Yaw_err_deg: 2.941
Epoch: [5/25], Batch: 2160/2963, Loss: 450.425, Trans_L2_m: 5.820, Yaw_err_deg: 2.659
Epoch: [5/25], Batch: 2170/2963, Loss: 860.063, Trans_L2_m: 9.128, Yaw_err_deg: 2.053
Epoch: [5/25], Batch: 2180/2963, Loss: 591.755, Trans_L2_m: 7.898, Yaw_err_deg: 2.456
Epoch: [5/25], Batch: 2190/2963, Loss: 752.212, Trans_L2_m: 8.246, Yaw_err_deg: 2.407
Epoch: [5/25], Batch: 2200/2963, Loss: 518.926, Trans_L2_m: 7.420, Yaw_err_deg: 2.315
Epoch: [5/25], Batch: 2210/2963, Loss: 823.862, Trans_L2_m: 9.104, Yaw_err_deg: 2.152
Epoch: [5/25], Batch: 2220/2963, Loss: 955.006, Trans_L2_m: 9.830, Yaw_err_deg: 2.157
Epoch: [5/25], Batch: 2230/2963, Loss: 483.635, Trans_L2_m: 6.212, Yaw_err_deg: 1.486
Epoch: [5/25], Batch: 2240/2963, Loss: 521.133, Trans_L2_m: 6.216, Yaw_err_deg: 2.200
Epoch: [5/25], Batch: 2250/2963, Loss: 1077.941, Trans_L2_m: 10.078, Yaw_err_deg: 2.631
Epoch: [5/25], Batch: 2260/2963, Loss: 527.428, Trans_L2_m: 6.564, Yaw_err_deg: 2.614
Epoch: [5/25], Batch: 2270/2963, Loss: 542.317, Trans_L2_m: 6.329, Yaw_err_deg: 2.527
Epoch: [5/25], Batch: 2280/2963, Loss: 533.635, Trans_L2_m: 6.603, Yaw_err_deg: 1.819
Epoch: [5/25], Batch: 2290/2963, Loss: 541.037, Trans_L2_m: 7.029, Yaw_err_deg: 1.790
Epoch: [5/25], Batch: 2300/2963, Loss: 480.746, Trans_L2_m: 5.762, Yaw_err_deg: 3.363
Epoch: [5/25], Batch: 2310/2963, Loss: 512.767, Trans_L2_m: 6.023, Yaw_err_deg: 3.380
Epoch: [5/25], Batch: 2320/2963, Loss: 560.584, Trans_L2_m: 6.594, Yaw_err_deg: 2.769
Epoch: [5/25], Batch: 2330/2963, Loss: 884.172, Trans_L2_m: 9.080, Yaw_err_deg: 2.190
Epoch: [5/25], Batch: 2340/2963, Loss: 628.004, Trans_L2_m: 7.436, Yaw_err_deg: 3.082
Epoch: [5/25], Batch: 2350/2963, Loss: 618.106, Trans_L2_m: 7.384, Yaw_err_deg: 2.329
Epoch: [5/25], Batch: 2360/2963, Loss: 648.076, Trans_L2_m: 7.407, Yaw_err_deg: 1.792
Epoch: [5/25], Batch: 2370/2963, Loss: 452.882, Trans_L2_m: 6.425, Yaw_err_deg: 1.591
Epoch: [5/25], Batch: 2380/2963, Loss: 712.287, Trans_L2_m: 6.399, Yaw_err_deg: 3.314
Epoch: [5/25], Batch: 2390/2963, Loss: 587.926, Trans_L2_m: 6.150, Yaw_err_deg: 2.802
Epoch: [5/25], Batch: 2400/2963, Loss: 529.717, Trans_L2_m: 6.719, Yaw_err_deg: 2.150
Epoch: [5/25], Batch: 2410/2963, Loss: 642.780, Trans_L2_m: 8.035, Yaw_err_deg: 1.526
Epoch: [5/25], Batch: 2420/2963, Loss: 503.919, Trans_L2_m: 6.238, Yaw_err_deg: 1.897
Epoch: [5/25], Batch: 2430/2963, Loss: 999.713, Trans_L2_m: 9.714, Yaw_err_deg: 2.792
Epoch: [5/25], Batch: 2440/2963, Loss: 696.163, Trans_L2_m: 8.426, Yaw_err_deg: 1.873
Epoch: [5/25], Batch: 2450/2963, Loss: 625.452, Trans_L2_m: 6.434, Yaw_err_deg: 3.695
Epoch: [5/25], Batch: 2460/2963, Loss: 505.878, Trans_L2_m: 6.798, Yaw_err_deg: 1.999
Epoch: [5/25], Batch: 2470/2963, Loss: 536.648, Trans_L2_m: 5.947, Yaw_err_deg: 2.272
Epoch: [5/25], Batch: 2480/2963, Loss: 977.753, Trans_L2_m: 10.523, Yaw_err_deg: 2.245
Epoch: [5/25], Batch: 2490/2963, Loss: 638.184, Trans_L2_m: 7.760, Yaw_err_deg: 2.420
Epoch: [5/25], Batch: 2500/2963, Loss: 372.416, Trans_L2_m: 5.014, Yaw_err_deg: 2.131
Epoch: [5/25], Batch: 2510/2963, Loss: 841.162, Trans_L2_m: 9.402, Yaw_err_deg: 3.278
Epoch: [5/25], Batch: 2520/2963, Loss: 625.344, Trans_L2_m: 7.275, Yaw_err_deg: 2.452
Epoch: [5/25], Batch: 2530/2963, Loss: 419.592, Trans_L2_m: 4.689, Yaw_err_deg: 3.312
Epoch: [5/25], Batch: 2540/2963, Loss: 872.538, Trans_L2_m: 9.227, Yaw_err_deg: 4.399
Epoch: [5/25], Batch: 2550/2963, Loss: 729.032, Trans_L2_m: 8.062, Yaw_err_deg: 2.936
Epoch: [5/25], Batch: 2560/2963, Loss: 795.766, Trans_L2_m: 8.109, Yaw_err_deg: 3.703
Epoch: [5/25], Batch: 2570/2963, Loss: 882.034, Trans_L2_m: 9.337, Yaw_err_deg: 3.220
Epoch: [5/25], Batch: 2580/2963, Loss: 669.067, Trans_L2_m: 7.471, Yaw_err_deg: 2.368
Epoch: [5/25], Batch: 2590/2963, Loss: 865.928, Trans_L2_m: 7.022, Yaw_err_deg: 4.370
Epoch: [5/25], Batch: 2600/2963, Loss: 719.235, Trans_L2_m: 8.503, Yaw_err_deg: 2.034
Epoch: [5/25], Batch: 2610/2963, Loss: 489.760, Trans_L2_m: 6.604, Yaw_err_deg: 2.596
Epoch: [5/25], Batch: 2620/2963, Loss: 507.675, Trans_L2_m: 6.865, Yaw_err_deg: 1.641
Epoch: [5/25], Batch: 2630/2963, Loss: 606.207, Trans_L2_m: 6.824, Yaw_err_deg: 3.189
Epoch: [5/25], Batch: 2640/2963, Loss: 517.480, Trans_L2_m: 6.408, Yaw_err_deg: 2.614
Epoch: [5/25], Batch: 2650/2963, Loss: 703.355, Trans_L2_m: 7.698, Yaw_err_deg: 2.991
Epoch: [5/25], Batch: 2660/2963, Loss: 583.090, Trans_L2_m: 6.083, Yaw_err_deg: 3.380
Epoch: [5/25], Batch: 2670/2963, Loss: 462.232, Trans_L2_m: 6.229, Yaw_err_deg: 2.239
Epoch: [5/25], Batch: 2680/2963, Loss: 670.587, Trans_L2_m: 7.369, Yaw_err_deg: 2.791
Epoch: [5/25], Batch: 2690/2963, Loss: 800.585, Trans_L2_m: 8.219, Yaw_err_deg: 2.117
Epoch: [5/25], Batch: 2700/2963, Loss: 703.479, Trans_L2_m: 8.442, Yaw_err_deg: 2.011
Epoch: [5/25], Batch: 2710/2963, Loss: 738.205, Trans_L2_m: 8.033, Yaw_err_deg: 3.010
Epoch: [5/25], Batch: 2720/2963, Loss: 733.625, Trans_L2_m: 7.618, Yaw_err_deg: 2.518
Epoch: [5/25], Batch: 2730/2963, Loss: 527.147, Trans_L2_m: 6.153, Yaw_err_deg: 3.181
Epoch: [5/25], Batch: 2740/2963, Loss: 431.572, Trans_L2_m: 5.526, Yaw_err_deg: 2.381
Epoch: [5/25], Batch: 2750/2963, Loss: 450.808, Trans_L2_m: 6.426, Yaw_err_deg: 1.056
Epoch: [5/25], Batch: 2760/2963, Loss: 679.656, Trans_L2_m: 8.935, Yaw_err_deg: 1.740
Epoch: [5/25], Batch: 2770/2963, Loss: 365.999, Trans_L2_m: 4.874, Yaw_err_deg: 2.054
Epoch: [5/25], Batch: 2780/2963, Loss: 445.763, Trans_L2_m: 5.553, Yaw_err_deg: 2.341
Epoch: [5/25], Batch: 2790/2963, Loss: 512.760, Trans_L2_m: 6.158, Yaw_err_deg: 2.785
Epoch: [5/25], Batch: 2800/2963, Loss: 855.680, Trans_L2_m: 7.396, Yaw_err_deg: 2.059
Epoch: [5/25], Batch: 2810/2963, Loss: 760.272, Trans_L2_m: 8.409, Yaw_err_deg: 2.046
Epoch: [5/25], Batch: 2820/2963, Loss: 732.409, Trans_L2_m: 8.599, Yaw_err_deg: 1.942
Epoch: [5/25], Batch: 2830/2963, Loss: 521.796, Trans_L2_m: 6.548, Yaw_err_deg: 2.369
Epoch: [5/25], Batch: 2840/2963, Loss: 460.950, Trans_L2_m: 5.793, Yaw_err_deg: 1.899
Epoch: [5/25], Batch: 2850/2963, Loss: 688.371, Trans_L2_m: 7.450, Yaw_err_deg: 2.913
Epoch: [5/25], Batch: 2860/2963, Loss: 758.775, Trans_L2_m: 7.697, Yaw_err_deg: 3.037
Epoch: [5/25], Batch: 2870/2963, Loss: 477.991, Trans_L2_m: 6.645, Yaw_err_deg: 2.080
Epoch: [5/25], Batch: 2880/2963, Loss: 665.273, Trans_L2_m: 7.639, Yaw_err_deg: 2.608
Epoch: [5/25], Batch: 2890/2963, Loss: 665.517, Trans_L2_m: 7.944, Yaw_err_deg: 2.941
Epoch: [5/25], Batch: 2900/2963, Loss: 446.741, Trans_L2_m: 6.338, Yaw_err_deg: 1.780
Epoch: [5/25], Batch: 2910/2963, Loss: 709.673, Trans_L2_m: 8.645, Yaw_err_deg: 1.860
Epoch: [5/25], Batch: 2920/2963, Loss: 665.772, Trans_L2_m: 6.154, Yaw_err_deg: 4.382
Epoch: [5/25], Batch: 2930/2963, Loss: 655.096, Trans_L2_m: 7.962, Yaw_err_deg: 1.669
Epoch: [5/25], Batch: 2940/2963, Loss: 394.402, Trans_L2_m: 5.207, Yaw_err_deg: 1.775
Epoch: [5/25], Batch: 2950/2963, Loss: 479.556, Trans_L2_m: 5.928, Yaw_err_deg: 1.538
Epoch: [5/25], Batch: 2960/2963, Loss: 945.585, Trans_L2_m: 9.334, Yaw_err_deg: 2.546
Epoch: [6/25], Batch: 0/2963, Loss: 455.099, Trans_L2_m: 6.312, Yaw_err_deg: 2.696
Epoch: [6/25], Batch: 10/2963, Loss: 515.512, Trans_L2_m: 7.343, Yaw_err_deg: 2.868
Epoch: [6/25], Batch: 20/2963, Loss: 694.504, Trans_L2_m: 7.229, Yaw_err_deg: 2.399
Epoch: [6/25], Batch: 30/2963, Loss: 402.537, Trans_L2_m: 5.589, Yaw_err_deg: 2.646
Epoch: [6/25], Batch: 40/2963, Loss: 548.441, Trans_L2_m: 6.552, Yaw_err_deg: 3.193
Epoch: [6/25], Batch: 50/2963, Loss: 643.426, Trans_L2_m: 7.524, Yaw_err_deg: 2.386
Epoch: [6/25], Batch: 60/2963, Loss: 761.753, Trans_L2_m: 8.217, Yaw_err_deg: 3.219
Epoch: [6/25], Batch: 70/2963, Loss: 686.081, Trans_L2_m: 7.532, Yaw_err_deg: 2.081
Epoch: [6/25], Batch: 80/2963, Loss: 632.635, Trans_L2_m: 7.747, Yaw_err_deg: 2.146
Epoch: [6/25], Batch: 90/2963, Loss: 613.628, Trans_L2_m: 7.137, Yaw_err_deg: 2.809
Epoch: [6/25], Batch: 100/2963, Loss: 674.911, Trans_L2_m: 6.683, Yaw_err_deg: 3.460
Epoch: [6/25], Batch: 110/2963, Loss: 752.620, Trans_L2_m: 7.803, Yaw_err_deg: 2.789
Epoch: [6/25], Batch: 120/2963, Loss: 839.210, Trans_L2_m: 8.850, Yaw_err_deg: 3.618
Epoch: [6/25], Batch: 130/2963, Loss: 463.004, Trans_L2_m: 5.739, Yaw_err_deg: 2.601
Epoch: [6/25], Batch: 140/2963, Loss: 789.157, Trans_L2_m: 8.610, Yaw_err_deg: 1.973
Epoch: [6/25], Batch: 150/2963, Loss: 434.299, Trans_L2_m: 5.518, Yaw_err_deg: 1.561
Epoch: [6/25], Batch: 160/2963, Loss: 476.036, Trans_L2_m: 6.096, Yaw_err_deg: 1.570
Epoch: [6/25], Batch: 170/2963, Loss: 610.021, Trans_L2_m: 7.802, Yaw_err_deg: 2.971
Epoch: [6/25], Batch: 180/2963, Loss: 406.632, Trans_L2_m: 6.184, Yaw_err_deg: 1.983
Epoch: [6/25], Batch: 190/2963, Loss: 636.571, Trans_L2_m: 6.253, Yaw_err_deg: 3.674
Epoch: [6/25], Batch: 200/2963, Loss: 734.193, Trans_L2_m: 8.235, Yaw_err_deg: 2.521
Epoch: [6/25], Batch: 210/2963, Loss: 512.479, Trans_L2_m: 6.358, Yaw_err_deg: 2.311
Epoch: [6/25], Batch: 220/2963, Loss: 558.674, Trans_L2_m: 5.969, Yaw_err_deg: 2.822
Epoch: [6/25], Batch: 230/2963, Loss: 710.402, Trans_L2_m: 7.423, Yaw_err_deg: 3.641
Epoch: [6/25], Batch: 240/2963, Loss: 862.704, Trans_L2_m: 9.188, Yaw_err_deg: 2.752
Epoch: [6/25], Batch: 250/2963, Loss: 932.589, Trans_L2_m: 9.523, Yaw_err_deg: 3.328
Epoch: [6/25], Batch: 260/2963, Loss: 330.990, Trans_L2_m: 4.840, Yaw_err_deg: 2.728
Epoch: [6/25], Batch: 270/2963, Loss: 846.104, Trans_L2_m: 8.707, Yaw_err_deg: 1.997
Epoch: [6/25], Batch: 280/2963, Loss: 652.187, Trans_L2_m: 6.538, Yaw_err_deg: 2.128
Epoch: [6/25], Batch: 290/2963, Loss: 464.660, Trans_L2_m: 6.849, Yaw_err_deg: 1.532
Epoch: [6/25], Batch: 300/2963, Loss: 546.895, Trans_L2_m: 6.645, Yaw_err_deg: 2.787
Epoch: [6/25], Batch: 310/2963, Loss: 582.292, Trans_L2_m: 7.010, Yaw_err_deg: 3.180
Epoch: [6/25], Batch: 320/2963, Loss: 671.406, Trans_L2_m: 8.289, Yaw_err_deg: 2.092
Epoch: [6/25], Batch: 330/2963, Loss: 606.923, Trans_L2_m: 7.297, Yaw_err_deg: 2.554
Epoch: [6/25], Batch: 340/2963, Loss: 454.344, Trans_L2_m: 6.375, Yaw_err_deg: 1.801
Epoch: [6/25], Batch: 350/2963, Loss: 510.914, Trans_L2_m: 5.532, Yaw_err_deg: 2.240
Epoch: [6/25], Batch: 360/2963, Loss: 668.929, Trans_L2_m: 8.160, Yaw_err_deg: 2.377
Epoch: [6/25], Batch: 370/2963, Loss: 532.182, Trans_L2_m: 5.369, Yaw_err_deg: 2.845
Epoch: [6/25], Batch: 380/2963, Loss: 358.722, Trans_L2_m: 4.762, Yaw_err_deg: 3.193
Epoch: [6/25], Batch: 390/2963, Loss: 514.259, Trans_L2_m: 6.294, Yaw_err_deg: 1.677
Epoch: [6/25], Batch: 400/2963, Loss: 438.739, Trans_L2_m: 6.212, Yaw_err_deg: 2.861
Epoch: [6/25], Batch: 410/2963, Loss: 393.264, Trans_L2_m: 5.168, Yaw_err_deg: 2.705
Epoch: [6/25], Batch: 420/2963, Loss: 574.490, Trans_L2_m: 7.323, Yaw_err_deg: 1.908
Epoch: [6/25], Batch: 430/2963, Loss: 646.879, Trans_L2_m: 7.303, Yaw_err_deg: 2.174
Epoch: [6/25], Batch: 440/2963, Loss: 575.263, Trans_L2_m: 6.837, Yaw_err_deg: 2.666
Epoch: [6/25], Batch: 450/2963, Loss: 650.178, Trans_L2_m: 7.669, Yaw_err_deg: 2.847
Epoch: [6/25], Batch: 460/2963, Loss: 464.474, Trans_L2_m: 5.221, Yaw_err_deg: 3.103
Epoch: [6/25], Batch: 470/2963, Loss: 656.059, Trans_L2_m: 7.875, Yaw_err_deg: 1.325
Epoch: [6/25], Batch: 480/2963, Loss: 528.224, Trans_L2_m: 6.601, Yaw_err_deg: 2.805
Epoch: [6/25], Batch: 490/2963, Loss: 510.536, Trans_L2_m: 6.938, Yaw_err_deg: 2.143
Epoch: [6/25], Batch: 500/2963, Loss: 456.622, Trans_L2_m: 6.502, Yaw_err_deg: 1.921
Epoch: [6/25], Batch: 510/2963, Loss: 459.062, Trans_L2_m: 5.170, Yaw_err_deg: 3.002
Epoch: [6/25], Batch: 520/2963, Loss: 706.539, Trans_L2_m: 7.545, Yaw_err_deg: 3.237
Epoch: [6/25], Batch: 530/2963, Loss: 500.224, Trans_L2_m: 5.925, Yaw_err_deg: 3.639
Epoch: [6/25], Batch: 540/2963, Loss: 888.709, Trans_L2_m: 9.401, Yaw_err_deg: 2.001
Epoch: [6/25], Batch: 550/2963, Loss: 359.209, Trans_L2_m: 4.988, Yaw_err_deg: 2.624
Epoch: [6/25], Batch: 560/2963, Loss: 812.642, Trans_L2_m: 9.091, Yaw_err_deg: 2.755
Epoch: [6/25], Batch: 570/2963, Loss: 656.504, Trans_L2_m: 7.503, Yaw_err_deg: 1.816
Epoch: [6/25], Batch: 580/2963, Loss: 419.968, Trans_L2_m: 5.968, Yaw_err_deg: 2.585
Epoch: [6/25], Batch: 590/2963, Loss: 445.618, Trans_L2_m: 5.915, Yaw_err_deg: 2.061
Epoch: [6/25], Batch: 600/2963, Loss: 511.725, Trans_L2_m: 7.062, Yaw_err_deg: 2.225
Epoch: [6/25], Batch: 610/2963, Loss: 958.973, Trans_L2_m: 9.560, Yaw_err_deg: 1.828
Epoch: [6/25], Batch: 620/2963, Loss: 670.051, Trans_L2_m: 7.613, Yaw_err_deg: 2.623
Epoch: [6/25], Batch: 630/2963, Loss: 708.511, Trans_L2_m: 7.917, Yaw_err_deg: 3.571
Epoch: [6/25], Batch: 640/2963, Loss: 318.600, Trans_L2_m: 4.422, Yaw_err_deg: 2.469
Epoch: [6/25], Batch: 650/2963, Loss: 673.020, Trans_L2_m: 6.852, Yaw_err_deg: 2.319
Epoch: [6/25], Batch: 660/2963, Loss: 457.684, Trans_L2_m: 5.364, Yaw_err_deg: 2.357
Epoch: [6/25], Batch: 670/2963, Loss: 572.354, Trans_L2_m: 6.693, Yaw_err_deg: 1.923
Epoch: [6/25], Batch: 680/2963, Loss: 501.093, Trans_L2_m: 6.263, Yaw_err_deg: 3.147
Epoch: [6/25], Batch: 690/2963, Loss: 1112.676, Trans_L2_m: 11.324, Yaw_err_deg: 2.316
Epoch: [6/25], Batch: 700/2963, Loss: 423.510, Trans_L2_m: 6.137, Yaw_err_deg: 2.572
Epoch: [6/25], Batch: 710/2963, Loss: 390.802, Trans_L2_m: 5.374, Yaw_err_deg: 1.804
Epoch: [6/25], Batch: 720/2963, Loss: 477.526, Trans_L2_m: 6.033, Yaw_err_deg: 2.818
Epoch: [6/25], Batch: 730/2963, Loss: 618.367, Trans_L2_m: 7.495, Yaw_err_deg: 2.374
Epoch: [6/25], Batch: 740/2963, Loss: 764.839, Trans_L2_m: 7.228, Yaw_err_deg: 3.833
Epoch: [6/25], Batch: 750/2963, Loss: 287.576, Trans_L2_m: 4.648, Yaw_err_deg: 1.910
Epoch: [6/25], Batch: 760/2963, Loss: 476.580, Trans_L2_m: 6.250, Yaw_err_deg: 2.422
Epoch: [6/25], Batch: 770/2963, Loss: 475.206, Trans_L2_m: 5.559, Yaw_err_deg: 2.499
Epoch: [6/25], Batch: 780/2963, Loss: 778.869, Trans_L2_m: 8.828, Yaw_err_deg: 1.680
Epoch: [6/25], Batch: 790/2963, Loss: 727.724, Trans_L2_m: 7.481, Yaw_err_deg: 4.018
Epoch: [6/25], Batch: 800/2963, Loss: 620.572, Trans_L2_m: 7.141, Yaw_err_deg: 3.401
Epoch: [6/25], Batch: 810/2963, Loss: 311.285, Trans_L2_m: 4.115, Yaw_err_deg: 1.942
Epoch: [6/25], Batch: 820/2963, Loss: 448.333, Trans_L2_m: 4.875, Yaw_err_deg: 3.404
Epoch: [6/25], Batch: 830/2963, Loss: 473.398, Trans_L2_m: 5.574, Yaw_err_deg: 2.475
Epoch: [6/25], Batch: 840/2963, Loss: 465.389, Trans_L2_m: 7.059, Yaw_err_deg: 1.750
Epoch: [6/25], Batch: 850/2963, Loss: 601.612, Trans_L2_m: 6.535, Yaw_err_deg: 1.898
Epoch: [6/25], Batch: 860/2963, Loss: 395.887, Trans_L2_m: 5.619, Yaw_err_deg: 1.948
Epoch: [6/25], Batch: 870/2963, Loss: 1085.913, Trans_L2_m: 9.940, Yaw_err_deg: 3.204
Epoch: [6/25], Batch: 880/2963, Loss: 451.780, Trans_L2_m: 6.530, Yaw_err_deg: 2.116
Epoch: [6/25], Batch: 890/2963, Loss: 597.666, Trans_L2_m: 7.246, Yaw_err_deg: 3.371
Epoch: [6/25], Batch: 900/2963, Loss: 524.943, Trans_L2_m: 7.138, Yaw_err_deg: 1.743
Epoch: [6/25], Batch: 910/2963, Loss: 693.458, Trans_L2_m: 7.131, Yaw_err_deg: 2.725
Epoch: [6/25], Batch: 920/2963, Loss: 390.913, Trans_L2_m: 5.863, Yaw_err_deg: 1.590
Epoch: [6/25], Batch: 930/2963, Loss: 732.491, Trans_L2_m: 8.259, Yaw_err_deg: 3.412
Epoch: [6/25], Batch: 940/2963, Loss: 372.132, Trans_L2_m: 4.966, Yaw_err_deg: 1.206
Epoch: [6/25], Batch: 950/2963, Loss: 587.818, Trans_L2_m: 7.152, Yaw_err_deg: 3.691
Epoch: [6/25], Batch: 960/2963, Loss: 389.057, Trans_L2_m: 5.728, Yaw_err_deg: 2.073
Epoch: [6/25], Batch: 970/2963, Loss: 609.505, Trans_L2_m: 7.535, Yaw_err_deg: 2.112
Epoch: [6/25], Batch: 980/2963, Loss: 846.056, Trans_L2_m: 9.426, Yaw_err_deg: 2.327
Epoch: [6/25], Batch: 990/2963, Loss: 602.557, Trans_L2_m: 7.569, Yaw_err_deg: 1.814
Epoch: [6/25], Batch: 1000/2963, Loss: 464.084, Trans_L2_m: 6.358, Yaw_err_deg: 2.389
Epoch: [6/25], Batch: 1010/2963, Loss: 858.510, Trans_L2_m: 9.572, Yaw_err_deg: 2.212
Epoch: [6/25], Batch: 1020/2963, Loss: 474.765, Trans_L2_m: 6.018, Yaw_err_deg: 2.974
Epoch: [6/25], Batch: 1030/2963, Loss: 574.330, Trans_L2_m: 7.357, Yaw_err_deg: 1.950
Epoch: [6/25], Batch: 1040/2963, Loss: 952.061, Trans_L2_m: 10.265, Yaw_err_deg: 1.646
Epoch: [6/25], Batch: 1050/2963, Loss: 734.173, Trans_L2_m: 8.646, Yaw_err_deg: 1.946
Epoch: [6/25], Batch: 1060/2963, Loss: 648.715, Trans_L2_m: 7.740, Yaw_err_deg: 2.691
Epoch: [6/25], Batch: 1070/2963, Loss: 561.525, Trans_L2_m: 7.035, Yaw_err_deg: 2.782
Epoch: [6/25], Batch: 1080/2963, Loss: 709.545, Trans_L2_m: 8.624, Yaw_err_deg: 1.945
Epoch: [6/25], Batch: 1090/2963, Loss: 582.456, Trans_L2_m: 7.143, Yaw_err_deg: 1.853
Epoch: [6/25], Batch: 1100/2963, Loss: 369.570, Trans_L2_m: 5.751, Yaw_err_deg: 1.750
Epoch: [6/25], Batch: 1110/2963, Loss: 475.590, Trans_L2_m: 6.596, Yaw_err_deg: 2.434
Epoch: [6/25], Batch: 1120/2963, Loss: 474.927, Trans_L2_m: 6.090, Yaw_err_deg: 2.839
Epoch: [6/25], Batch: 1130/2963, Loss: 767.962, Trans_L2_m: 9.476, Yaw_err_deg: 1.678
Epoch: [6/25], Batch: 1140/2963, Loss: 717.135, Trans_L2_m: 8.800, Yaw_err_deg: 1.818
Epoch: [6/25], Batch: 1150/2963, Loss: 303.310, Trans_L2_m: 4.242, Yaw_err_deg: 2.072
Epoch: [6/25], Batch: 1160/2963, Loss: 440.435, Trans_L2_m: 5.972, Yaw_err_deg: 2.003
Epoch: [6/25], Batch: 1170/2963, Loss: 428.774, Trans_L2_m: 6.172, Yaw_err_deg: 1.495
Epoch: [6/25], Batch: 1180/2963, Loss: 303.413, Trans_L2_m: 4.849, Yaw_err_deg: 2.618
Epoch: [6/25], Batch: 1190/2963, Loss: 613.846, Trans_L2_m: 7.920, Yaw_err_deg: 2.391
Epoch: [6/25], Batch: 1200/2963, Loss: 539.806, Trans_L2_m: 7.306, Yaw_err_deg: 1.283
Epoch: [6/25], Batch: 1210/2963, Loss: 682.586, Trans_L2_m: 8.349, Yaw_err_deg: 1.826
Epoch: [6/25], Batch: 1220/2963, Loss: 510.251, Trans_L2_m: 6.191, Yaw_err_deg: 2.889
Epoch: [6/25], Batch: 1230/2963, Loss: 693.259, Trans_L2_m: 7.211, Yaw_err_deg: 2.962
Epoch: [6/25], Batch: 1240/2963, Loss: 575.702, Trans_L2_m: 6.952, Yaw_err_deg: 1.720
Epoch: [6/25], Batch: 1250/2963, Loss: 820.343, Trans_L2_m: 9.696, Yaw_err_deg: 2.149
Epoch: [6/25], Batch: 1260/2963, Loss: 271.415, Trans_L2_m: 4.579, Yaw_err_deg: 2.061
Epoch: [6/25], Batch: 1270/2963, Loss: 341.545, Trans_L2_m: 5.061, Yaw_err_deg: 1.933
Epoch: [6/25], Batch: 1280/2963, Loss: 620.378, Trans_L2_m: 7.684, Yaw_err_deg: 3.161
Epoch: [6/25], Batch: 1290/2963, Loss: 692.119, Trans_L2_m: 7.914, Yaw_err_deg: 1.822
Epoch: [6/25], Batch: 1300/2963, Loss: 538.438, Trans_L2_m: 6.637, Yaw_err_deg: 1.942
Epoch: [6/25], Batch: 1310/2963, Loss: 641.549, Trans_L2_m: 8.091, Yaw_err_deg: 2.487
Epoch: [6/25], Batch: 1320/2963, Loss: 609.382, Trans_L2_m: 7.035, Yaw_err_deg: 1.509
Epoch: [6/25], Batch: 1330/2963, Loss: 435.815, Trans_L2_m: 5.602, Yaw_err_deg: 2.612
Epoch: [6/25], Batch: 1340/2963, Loss: 427.288, Trans_L2_m: 5.768, Yaw_err_deg: 2.467
Epoch: [6/25], Batch: 1350/2963, Loss: 611.695, Trans_L2_m: 6.541, Yaw_err_deg: 2.936
Epoch: [6/25], Batch: 1360/2963, Loss: 532.093, Trans_L2_m: 6.115, Yaw_err_deg: 1.534
Epoch: [6/25], Batch: 1370/2963, Loss: 436.167, Trans_L2_m: 5.586, Yaw_err_deg: 1.731
Epoch: [6/25], Batch: 1380/2963, Loss: 881.020, Trans_L2_m: 9.254, Yaw_err_deg: 2.370
Epoch: [6/25], Batch: 1390/2963, Loss: 619.779, Trans_L2_m: 7.320, Yaw_err_deg: 1.876
Epoch: [6/25], Batch: 1400/2963, Loss: 391.589, Trans_L2_m: 5.800, Yaw_err_deg: 1.721
Epoch: [6/25], Batch: 1410/2963, Loss: 765.729, Trans_L2_m: 8.244, Yaw_err_deg: 2.488
Epoch: [6/25], Batch: 1420/2963, Loss: 459.056, Trans_L2_m: 5.493, Yaw_err_deg: 2.789
Epoch: [6/25], Batch: 1430/2963, Loss: 458.594, Trans_L2_m: 6.213, Yaw_err_deg: 2.297
Epoch: [6/25], Batch: 1440/2963, Loss: 492.558, Trans_L2_m: 6.590, Yaw_err_deg: 2.730
Epoch: [6/25], Batch: 1450/2963, Loss: 378.314, Trans_L2_m: 5.471, Yaw_err_deg: 2.556
Epoch: [6/25], Batch: 1460/2963, Loss: 305.114, Trans_L2_m: 4.140, Yaw_err_deg: 2.024
Epoch: [6/25], Batch: 1470/2963, Loss: 544.145, Trans_L2_m: 6.856, Yaw_err_deg: 1.967
Epoch: [6/25], Batch: 1480/2963, Loss: 732.264, Trans_L2_m: 7.394, Yaw_err_deg: 4.037
Epoch: [6/25], Batch: 1490/2963, Loss: 879.481, Trans_L2_m: 9.882, Yaw_err_deg: 2.411
Epoch: [6/25], Batch: 1500/2963, Loss: 251.726, Trans_L2_m: 3.603, Yaw_err_deg: 2.421
Epoch: [6/25], Batch: 1510/2963, Loss: 737.452, Trans_L2_m: 8.745, Yaw_err_deg: 2.302
Epoch: [6/25], Batch: 1520/2963, Loss: 672.940, Trans_L2_m: 8.288, Yaw_err_deg: 2.093
Epoch: [6/25], Batch: 1530/2963, Loss: 632.376, Trans_L2_m: 7.094, Yaw_err_deg: 2.784
Epoch: [6/25], Batch: 1540/2963, Loss: 469.645, Trans_L2_m: 6.729, Yaw_err_deg: 1.795
Epoch: [6/25], Batch: 1550/2963, Loss: 453.056, Trans_L2_m: 5.596, Yaw_err_deg: 2.050
Epoch: [6/25], Batch: 1560/2963, Loss: 574.076, Trans_L2_m: 7.428, Yaw_err_deg: 2.226
Epoch: [6/25], Batch: 1570/2963, Loss: 526.889, Trans_L2_m: 5.471, Yaw_err_deg: 2.966
Epoch: [6/25], Batch: 1580/2963, Loss: 868.010, Trans_L2_m: 9.080, Yaw_err_deg: 2.523
Epoch: [6/25], Batch: 1590/2963, Loss: 637.614, Trans_L2_m: 6.889, Yaw_err_deg: 2.692
Epoch: [6/25], Batch: 1600/2963, Loss: 521.631, Trans_L2_m: 5.673, Yaw_err_deg: 2.105
Epoch: [6/25], Batch: 1610/2963, Loss: 459.268, Trans_L2_m: 6.530, Yaw_err_deg: 1.805
Epoch: [6/25], Batch: 1620/2963, Loss: 420.374, Trans_L2_m: 6.062, Yaw_err_deg: 2.145
Epoch: [6/25], Batch: 1630/2963, Loss: 501.416, Trans_L2_m: 6.566, Yaw_err_deg: 3.129
Epoch: [6/25], Batch: 1640/2963, Loss: 511.503, Trans_L2_m: 6.058, Yaw_err_deg: 2.844
Epoch: [6/25], Batch: 1650/2963, Loss: 512.641, Trans_L2_m: 6.716, Yaw_err_deg: 2.594
Epoch: [6/25], Batch: 1660/2963, Loss: 454.869, Trans_L2_m: 5.900, Yaw_err_deg: 1.607
Epoch: [6/25], Batch: 1670/2963, Loss: 554.103, Trans_L2_m: 6.832, Yaw_err_deg: 2.421
Epoch: [6/25], Batch: 1680/2963, Loss: 672.360, Trans_L2_m: 8.002, Yaw_err_deg: 2.387
Epoch: [6/25], Batch: 1690/2963, Loss: 554.578, Trans_L2_m: 7.051, Yaw_err_deg: 3.114
Epoch: [6/25], Batch: 1700/2963, Loss: 723.818, Trans_L2_m: 8.500, Yaw_err_deg: 2.908
Epoch: [6/25], Batch: 1710/2963, Loss: 394.420, Trans_L2_m: 4.750, Yaw_err_deg: 3.291
Epoch: [6/25], Batch: 1720/2963, Loss: 622.643, Trans_L2_m: 7.966, Yaw_err_deg: 2.685
Epoch: [6/25], Batch: 1730/2963, Loss: 600.709, Trans_L2_m: 6.990, Yaw_err_deg: 2.195
Epoch: [6/25], Batch: 1740/2963, Loss: 469.188, Trans_L2_m: 5.900, Yaw_err_deg: 2.360
Epoch: [6/25], Batch: 1750/2963, Loss: 609.616, Trans_L2_m: 8.213, Yaw_err_deg: 1.853
Epoch: [6/25], Batch: 1760/2963, Loss: 478.377, Trans_L2_m: 5.670, Yaw_err_deg: 2.280
Epoch: [6/25], Batch: 1770/2963, Loss: 803.691, Trans_L2_m: 8.068, Yaw_err_deg: 2.011
Epoch: [6/25], Batch: 1780/2963, Loss: 609.733, Trans_L2_m: 7.779, Yaw_err_deg: 1.537
Epoch: [6/25], Batch: 1790/2963, Loss: 341.728, Trans_L2_m: 5.011, Yaw_err_deg: 1.879
Epoch: [6/25], Batch: 1800/2963, Loss: 480.845, Trans_L2_m: 6.354, Yaw_err_deg: 1.785
Epoch: [6/25], Batch: 1810/2963, Loss: 718.031, Trans_L2_m: 7.983, Yaw_err_deg: 3.072
Epoch: [6/25], Batch: 1820/2963, Loss: 786.731, Trans_L2_m: 8.140, Yaw_err_deg: 3.004
Epoch: [6/25], Batch: 1830/2963, Loss: 367.825, Trans_L2_m: 5.619, Yaw_err_deg: 1.734
Epoch: [6/25], Batch: 1840/2963, Loss: 598.770, Trans_L2_m: 6.990, Yaw_err_deg: 2.272
Epoch: [6/25], Batch: 1850/2963, Loss: 726.795, Trans_L2_m: 8.231, Yaw_err_deg: 1.482
Epoch: [6/25], Batch: 1860/2963, Loss: 623.009, Trans_L2_m: 7.107, Yaw_err_deg: 3.297
Epoch: [6/25], Batch: 1870/2963, Loss: 391.273, Trans_L2_m: 5.246, Yaw_err_deg: 2.229
Epoch: [6/25], Batch: 1880/2963, Loss: 396.551, Trans_L2_m: 5.958, Yaw_err_deg: 2.325
Epoch: [6/25], Batch: 1890/2963, Loss: 725.732, Trans_L2_m: 8.714, Yaw_err_deg: 2.331
Epoch: [6/25], Batch: 1900/2963, Loss: 918.451, Trans_L2_m: 8.981, Yaw_err_deg: 2.853
Epoch: [6/25], Batch: 1910/2963, Loss: 651.740, Trans_L2_m: 7.628, Yaw_err_deg: 2.652
Epoch: [6/25], Batch: 1920/2963, Loss: 499.342, Trans_L2_m: 6.470, Yaw_err_deg: 2.102
Epoch: [6/25], Batch: 1930/2963, Loss: 525.416, Trans_L2_m: 6.131, Yaw_err_deg: 3.653
Epoch: [6/25], Batch: 1940/2963, Loss: 369.357, Trans_L2_m: 4.484, Yaw_err_deg: 2.752
Epoch: [6/25], Batch: 1950/2963, Loss: 613.483, Trans_L2_m: 6.241, Yaw_err_deg: 4.030
Epoch: [6/25], Batch: 1960/2963, Loss: 780.271, Trans_L2_m: 9.009, Yaw_err_deg: 2.112
Epoch: [6/25], Batch: 1970/2963, Loss: 589.394, Trans_L2_m: 7.195, Yaw_err_deg: 2.303
Epoch: [6/25], Batch: 1980/2963, Loss: 483.282, Trans_L2_m: 6.587, Yaw_err_deg: 2.586
Epoch: [6/25], Batch: 1990/2963, Loss: 567.791, Trans_L2_m: 5.969, Yaw_err_deg: 2.365
Epoch: [6/25], Batch: 2000/2963, Loss: 523.915, Trans_L2_m: 6.748, Yaw_err_deg: 1.942
Epoch: [6/25], Batch: 2010/2963, Loss: 449.250, Trans_L2_m: 5.943, Yaw_err_deg: 1.827
Epoch: [6/25], Batch: 2020/2963, Loss: 335.571, Trans_L2_m: 4.702, Yaw_err_deg: 2.585
Epoch: [6/25], Batch: 2030/2963, Loss: 419.912, Trans_L2_m: 5.721, Yaw_err_deg: 2.746
Epoch: [6/25], Batch: 2040/2963, Loss: 355.545, Trans_L2_m: 4.475, Yaw_err_deg: 2.638
Epoch: [6/25], Batch: 2050/2963, Loss: 557.188, Trans_L2_m: 5.409, Yaw_err_deg: 3.268
Epoch: [6/25], Batch: 2060/2963, Loss: 437.491, Trans_L2_m: 5.624, Yaw_err_deg: 2.191
Epoch: [6/25], Batch: 2070/2963, Loss: 406.731, Trans_L2_m: 3.764, Yaw_err_deg: 3.193
Epoch: [6/25], Batch: 2080/2963, Loss: 338.589, Trans_L2_m: 5.599, Yaw_err_deg: 1.419
Epoch: [6/25], Batch: 2090/2963, Loss: 630.980, Trans_L2_m: 7.002, Yaw_err_deg: 3.220
Epoch: [6/25], Batch: 2100/2963, Loss: 540.023, Trans_L2_m: 7.600, Yaw_err_deg: 1.656
Epoch: [6/25], Batch: 2110/2963, Loss: 603.307, Trans_L2_m: 8.129, Yaw_err_deg: 1.795
Epoch: [6/25], Batch: 2120/2963, Loss: 557.201, Trans_L2_m: 6.104, Yaw_err_deg: 3.402
Epoch: [6/25], Batch: 2130/2963, Loss: 560.429, Trans_L2_m: 6.599, Yaw_err_deg: 1.979
Epoch: [6/25], Batch: 2140/2963, Loss: 469.395, Trans_L2_m: 6.095, Yaw_err_deg: 2.346
Epoch: [6/25], Batch: 2150/2963, Loss: 395.742, Trans_L2_m: 4.903, Yaw_err_deg: 2.063
Epoch: [6/25], Batch: 2160/2963, Loss: 724.053, Trans_L2_m: 7.258, Yaw_err_deg: 2.161
Epoch: [6/25], Batch: 2170/2963, Loss: 606.517, Trans_L2_m: 7.145, Yaw_err_deg: 2.403
Epoch: [6/25], Batch: 2180/2963, Loss: 859.953, Trans_L2_m: 8.027, Yaw_err_deg: 2.479
Epoch: [6/25], Batch: 2190/2963, Loss: 777.384, Trans_L2_m: 8.731, Yaw_err_deg: 2.541
Epoch: [6/25], Batch: 2200/2963, Loss: 303.668, Trans_L2_m: 4.559, Yaw_err_deg: 2.627
Epoch: [6/25], Batch: 2210/2963, Loss: 339.304, Trans_L2_m: 4.368, Yaw_err_deg: 3.249
Epoch: [6/25], Batch: 2220/2963, Loss: 813.869, Trans_L2_m: 8.093, Yaw_err_deg: 3.335
Epoch: [6/25], Batch: 2230/2963, Loss: 414.132, Trans_L2_m: 6.252, Yaw_err_deg: 2.852
Epoch: [6/25], Batch: 2240/2963, Loss: 497.455, Trans_L2_m: 6.690, Yaw_err_deg: 1.628
Epoch: [6/25], Batch: 2250/2963, Loss: 508.842, Trans_L2_m: 6.875, Yaw_err_deg: 1.834
Epoch: [6/25], Batch: 2260/2963, Loss: 560.319, Trans_L2_m: 6.852, Yaw_err_deg: 2.451
Epoch: [6/25], Batch: 2270/2963, Loss: 427.594, Trans_L2_m: 5.891, Yaw_err_deg: 2.527
Epoch: [6/25], Batch: 2280/2963, Loss: 481.622, Trans_L2_m: 5.738, Yaw_err_deg: 1.861
Epoch: [6/25], Batch: 2290/2963, Loss: 568.961, Trans_L2_m: 6.924, Yaw_err_deg: 2.495
Epoch: [6/25], Batch: 2300/2963, Loss: 761.575, Trans_L2_m: 8.673, Yaw_err_deg: 1.947
Epoch: [6/25], Batch: 2310/2963, Loss: 511.325, Trans_L2_m: 5.551, Yaw_err_deg: 3.049
Epoch: [6/25], Batch: 2320/2963, Loss: 429.628, Trans_L2_m: 5.529, Yaw_err_deg: 2.607
Epoch: [6/25], Batch: 2330/2963, Loss: 567.897, Trans_L2_m: 7.069, Yaw_err_deg: 2.359
Epoch: [6/25], Batch: 2340/2963, Loss: 458.445, Trans_L2_m: 5.876, Yaw_err_deg: 2.351
Epoch: [6/25], Batch: 2350/2963, Loss: 633.550, Trans_L2_m: 8.778, Yaw_err_deg: 1.945
Epoch: [6/25], Batch: 2360/2963, Loss: 793.779, Trans_L2_m: 7.792, Yaw_err_deg: 3.321
Epoch: [6/25], Batch: 2370/2963, Loss: 799.859, Trans_L2_m: 8.613, Yaw_err_deg: 2.694
Epoch: [6/25], Batch: 2380/2963, Loss: 440.936, Trans_L2_m: 5.417, Yaw_err_deg: 1.800
Epoch: [6/25], Batch: 2390/2963, Loss: 709.279, Trans_L2_m: 8.021, Yaw_err_deg: 2.029
Epoch: [6/25], Batch: 2400/2963, Loss: 573.906, Trans_L2_m: 6.999, Yaw_err_deg: 2.906
Epoch: [6/25], Batch: 2410/2963, Loss: 444.631, Trans_L2_m: 5.444, Yaw_err_deg: 2.290
Epoch: [6/25], Batch: 2420/2963, Loss: 556.692, Trans_L2_m: 7.094, Yaw_err_deg: 2.286
Epoch: [6/25], Batch: 2430/2963, Loss: 684.021, Trans_L2_m: 8.274, Yaw_err_deg: 1.305
Epoch: [6/25], Batch: 2440/2963, Loss: 428.457, Trans_L2_m: 5.483, Yaw_err_deg: 1.815
Epoch: [6/25], Batch: 2450/2963, Loss: 503.866, Trans_L2_m: 6.511, Yaw_err_deg: 1.472
Epoch: [6/25], Batch: 2460/2963, Loss: 819.908, Trans_L2_m: 8.668, Yaw_err_deg: 2.352
Epoch: [6/25], Batch: 2470/2963, Loss: 549.351, Trans_L2_m: 6.070, Yaw_err_deg: 3.297
Epoch: [6/25], Batch: 2480/2963, Loss: 662.487, Trans_L2_m: 7.482, Yaw_err_deg: 2.628
Epoch: [6/25], Batch: 2490/2963, Loss: 536.458, Trans_L2_m: 6.859, Yaw_err_deg: 2.481
Epoch: [6/25], Batch: 2500/2963, Loss: 413.918, Trans_L2_m: 6.209, Yaw_err_deg: 1.841
Epoch: [6/25], Batch: 2510/2963, Loss: 242.062, Trans_L2_m: 3.710, Yaw_err_deg: 2.215
Epoch: [6/25], Batch: 2520/2963, Loss: 631.890, Trans_L2_m: 7.626, Yaw_err_deg: 2.447
Epoch: [6/25], Batch: 2530/2963, Loss: 396.160, Trans_L2_m: 5.541, Yaw_err_deg: 1.602
Epoch: [6/25], Batch: 2540/2963, Loss: 448.374, Trans_L2_m: 6.200, Yaw_err_deg: 2.547
Epoch: [6/25], Batch: 2550/2963, Loss: 524.606, Trans_L2_m: 7.322, Yaw_err_deg: 2.492
Epoch: [6/25], Batch: 2560/2963, Loss: 572.845, Trans_L2_m: 7.825, Yaw_err_deg: 1.872
Epoch: [6/25], Batch: 2570/2963, Loss: 872.289, Trans_L2_m: 8.436, Yaw_err_deg: 3.560
Epoch: [6/25], Batch: 2580/2963, Loss: 684.020, Trans_L2_m: 8.470, Yaw_err_deg: 2.372
Epoch: [6/25], Batch: 2590/2963, Loss: 578.402, Trans_L2_m: 6.609, Yaw_err_deg: 1.764
Epoch: [6/25], Batch: 2600/2963, Loss: 558.854, Trans_L2_m: 7.295, Yaw_err_deg: 1.934
Epoch: [6/25], Batch: 2610/2963, Loss: 393.052, Trans_L2_m: 5.309, Yaw_err_deg: 1.975
Epoch: [6/25], Batch: 2620/2963, Loss: 491.727, Trans_L2_m: 6.088, Yaw_err_deg: 2.088
Epoch: [6/25], Batch: 2630/2963, Loss: 324.356, Trans_L2_m: 4.394, Yaw_err_deg: 1.803
Epoch: [6/25], Batch: 2640/2963, Loss: 451.939, Trans_L2_m: 5.827, Yaw_err_deg: 2.748
Epoch: [6/25], Batch: 2650/2963, Loss: 591.741, Trans_L2_m: 6.554, Yaw_err_deg: 2.183
Epoch: [6/25], Batch: 2660/2963, Loss: 403.500, Trans_L2_m: 4.763, Yaw_err_deg: 2.069
Epoch: [6/25], Batch: 2670/2963, Loss: 616.249, Trans_L2_m: 7.730, Yaw_err_deg: 2.368
Epoch: [6/25], Batch: 2680/2963, Loss: 463.396, Trans_L2_m: 6.513, Yaw_err_deg: 1.127
Epoch: [6/25], Batch: 2690/2963, Loss: 698.775, Trans_L2_m: 8.076, Yaw_err_deg: 2.045
Epoch: [6/25], Batch: 2700/2963, Loss: 626.098, Trans_L2_m: 6.719, Yaw_err_deg: 2.527
Epoch: [6/25], Batch: 2710/2963, Loss: 733.998, Trans_L2_m: 7.012, Yaw_err_deg: 3.907
Epoch: [6/25], Batch: 2720/2963, Loss: 531.079, Trans_L2_m: 7.189, Yaw_err_deg: 2.796
Epoch: [6/25], Batch: 2730/2963, Loss: 690.910, Trans_L2_m: 7.139, Yaw_err_deg: 2.087
Epoch: [6/25], Batch: 2740/2963, Loss: 436.283, Trans_L2_m: 5.480, Yaw_err_deg: 2.513
Epoch: [6/25], Batch: 2750/2963, Loss: 945.434, Trans_L2_m: 9.165, Yaw_err_deg: 2.099
Epoch: [6/25], Batch: 2760/2963, Loss: 768.874, Trans_L2_m: 8.893, Yaw_err_deg: 2.304
Epoch: [6/25], Batch: 2770/2963, Loss: 1065.770, Trans_L2_m: 10.851, Yaw_err_deg: 1.596
Epoch: [6/25], Batch: 2780/2963, Loss: 412.600, Trans_L2_m: 5.721, Yaw_err_deg: 2.041
Epoch: [6/25], Batch: 2790/2963, Loss: 350.811, Trans_L2_m: 4.528, Yaw_err_deg: 2.201
Epoch: [6/25], Batch: 2800/2963, Loss: 461.397, Trans_L2_m: 6.275, Yaw_err_deg: 2.340
Epoch: [6/25], Batch: 2810/2963, Loss: 1243.657, Trans_L2_m: 11.284, Yaw_err_deg: 3.408
Epoch: [6/25], Batch: 2820/2963, Loss: 401.096, Trans_L2_m: 5.843, Yaw_err_deg: 1.588
Epoch: [6/25], Batch: 2830/2963, Loss: 717.770, Trans_L2_m: 8.464, Yaw_err_deg: 2.203
Epoch: [6/25], Batch: 2840/2963, Loss: 639.578, Trans_L2_m: 6.788, Yaw_err_deg: 2.847
Epoch: [6/25], Batch: 2850/2963, Loss: 425.939, Trans_L2_m: 5.851, Yaw_err_deg: 2.128
Epoch: [6/25], Batch: 2860/2963, Loss: 530.954, Trans_L2_m: 6.804, Yaw_err_deg: 3.466
Epoch: [6/25], Batch: 2870/2963, Loss: 605.751, Trans_L2_m: 7.245, Yaw_err_deg: 2.778
Epoch: [6/25], Batch: 2880/2963, Loss: 865.743, Trans_L2_m: 8.486, Yaw_err_deg: 3.670
Epoch: [6/25], Batch: 2890/2963, Loss: 359.548, Trans_L2_m: 4.359, Yaw_err_deg: 2.553
Epoch: [6/25], Batch: 2900/2963, Loss: 471.979, Trans_L2_m: 6.326, Yaw_err_deg: 1.835
Epoch: [6/25], Batch: 2910/2963, Loss: 597.207, Trans_L2_m: 6.901, Yaw_err_deg: 2.038
Epoch: [6/25], Batch: 2920/2963, Loss: 646.754, Trans_L2_m: 8.583, Yaw_err_deg: 1.172
Epoch: [6/25], Batch: 2930/2963, Loss: 670.620, Trans_L2_m: 6.212, Yaw_err_deg: 3.558
Epoch: [6/25], Batch: 2940/2963, Loss: 562.055, Trans_L2_m: 6.380, Yaw_err_deg: 2.960
Epoch: [6/25], Batch: 2950/2963, Loss: 617.519, Trans_L2_m: 7.682, Yaw_err_deg: 2.216
Epoch: [6/25], Batch: 2960/2963, Loss: 579.856, Trans_L2_m: 6.874, Yaw_err_deg: 1.888
Validation loss (homography): 4304.8003
Avg batch time: 1109.57 ms, total: 359.972 s
[1;94mSave the best of 4304.80029296875, at checkpoints/2026_01_09_18_41_46_best_checkpoint_zod.pth[0m
Epoch: [7/25], Batch: 0/2963, Loss: 757.703, Trans_L2_m: 8.347, Yaw_err_deg: 2.063
Epoch: [7/25], Batch: 10/2963, Loss: 513.534, Trans_L2_m: 6.653, Yaw_err_deg: 1.822
Epoch: [7/25], Batch: 20/2963, Loss: 324.880, Trans_L2_m: 5.170, Yaw_err_deg: 1.703
Epoch: [7/25], Batch: 30/2963, Loss: 382.625, Trans_L2_m: 5.365, Yaw_err_deg: 1.906
Epoch: [7/25], Batch: 40/2963, Loss: 409.340, Trans_L2_m: 6.140, Yaw_err_deg: 1.497
Epoch: [7/25], Batch: 50/2963, Loss: 515.393, Trans_L2_m: 6.914, Yaw_err_deg: 2.744
Epoch: [7/25], Batch: 60/2963, Loss: 539.130, Trans_L2_m: 6.686, Yaw_err_deg: 2.377
Epoch: [7/25], Batch: 70/2963, Loss: 486.888, Trans_L2_m: 5.686, Yaw_err_deg: 2.143
Epoch: [7/25], Batch: 80/2963, Loss: 404.960, Trans_L2_m: 5.354, Yaw_err_deg: 1.701
Epoch: [7/25], Batch: 90/2963, Loss: 601.310, Trans_L2_m: 7.374, Yaw_err_deg: 1.909
Epoch: [7/25], Batch: 100/2963, Loss: 619.202, Trans_L2_m: 6.769, Yaw_err_deg: 2.916
Epoch: [7/25], Batch: 110/2963, Loss: 905.997, Trans_L2_m: 9.594, Yaw_err_deg: 2.528
Epoch: [7/25], Batch: 120/2963, Loss: 475.861, Trans_L2_m: 5.960, Yaw_err_deg: 2.691
Epoch: [7/25], Batch: 130/2963, Loss: 404.819, Trans_L2_m: 5.526, Yaw_err_deg: 2.097
Epoch: [7/25], Batch: 140/2963, Loss: 416.430, Trans_L2_m: 5.850, Yaw_err_deg: 2.796
Epoch: [7/25], Batch: 150/2963, Loss: 417.743, Trans_L2_m: 5.258, Yaw_err_deg: 2.543
Epoch: [7/25], Batch: 160/2963, Loss: 516.024, Trans_L2_m: 6.223, Yaw_err_deg: 3.091
Epoch: [7/25], Batch: 170/2963, Loss: 640.189, Trans_L2_m: 6.580, Yaw_err_deg: 2.939
Epoch: [7/25], Batch: 180/2963, Loss: 578.505, Trans_L2_m: 6.488, Yaw_err_deg: 2.755
Epoch: [7/25], Batch: 190/2963, Loss: 393.685, Trans_L2_m: 5.724, Yaw_err_deg: 1.902
Epoch: [7/25], Batch: 200/2963, Loss: 657.872, Trans_L2_m: 7.524, Yaw_err_deg: 2.070
Epoch: [7/25], Batch: 210/2963, Loss: 377.863, Trans_L2_m: 5.508, Yaw_err_deg: 1.791
Epoch: [7/25], Batch: 220/2963, Loss: 617.371, Trans_L2_m: 6.955, Yaw_err_deg: 1.273
Epoch: [7/25], Batch: 230/2963, Loss: 298.598, Trans_L2_m: 4.617, Yaw_err_deg: 1.530
Epoch: [7/25], Batch: 240/2963, Loss: 551.485, Trans_L2_m: 6.864, Yaw_err_deg: 2.622
Epoch: [7/25], Batch: 250/2963, Loss: 307.576, Trans_L2_m: 3.567, Yaw_err_deg: 3.061
Epoch: [7/25], Batch: 260/2963, Loss: 735.432, Trans_L2_m: 7.922, Yaw_err_deg: 2.753
Epoch: [7/25], Batch: 270/2963, Loss: 402.760, Trans_L2_m: 5.164, Yaw_err_deg: 2.083
Epoch: [7/25], Batch: 280/2963, Loss: 1001.176, Trans_L2_m: 8.661, Yaw_err_deg: 2.994
Epoch: [7/25], Batch: 290/2963, Loss: 555.635, Trans_L2_m: 6.359, Yaw_err_deg: 2.726
Epoch: [7/25], Batch: 300/2963, Loss: 696.370, Trans_L2_m: 6.638, Yaw_err_deg: 2.861
Epoch: [7/25], Batch: 310/2963, Loss: 586.408, Trans_L2_m: 7.082, Yaw_err_deg: 2.721
Epoch: [7/25], Batch: 320/2963, Loss: 378.874, Trans_L2_m: 4.791, Yaw_err_deg: 3.020
Epoch: [7/25], Batch: 330/2963, Loss: 526.608, Trans_L2_m: 6.499, Yaw_err_deg: 2.290
Epoch: [7/25], Batch: 340/2963, Loss: 497.687, Trans_L2_m: 6.174, Yaw_err_deg: 3.049
Epoch: [7/25], Batch: 350/2963, Loss: 403.061, Trans_L2_m: 5.491, Yaw_err_deg: 1.630
Epoch: [7/25], Batch: 360/2963, Loss: 519.138, Trans_L2_m: 7.009, Yaw_err_deg: 1.793
Epoch: [7/25], Batch: 370/2963, Loss: 497.568, Trans_L2_m: 6.601, Yaw_err_deg: 2.398
Epoch: [7/25], Batch: 380/2963, Loss: 479.204, Trans_L2_m: 4.628, Yaw_err_deg: 2.812
Epoch: [7/25], Batch: 390/2963, Loss: 767.496, Trans_L2_m: 8.398, Yaw_err_deg: 2.152
Epoch: [7/25], Batch: 400/2963, Loss: 352.485, Trans_L2_m: 5.211, Yaw_err_deg: 2.007
Epoch: [7/25], Batch: 410/2963, Loss: 448.381, Trans_L2_m: 6.434, Yaw_err_deg: 1.458
Epoch: [7/25], Batch: 420/2963, Loss: 622.449, Trans_L2_m: 7.118, Yaw_err_deg: 2.831
Epoch: [7/25], Batch: 430/2963, Loss: 385.578, Trans_L2_m: 5.308, Yaw_err_deg: 2.446
Epoch: [7/25], Batch: 440/2963, Loss: 365.696, Trans_L2_m: 5.250, Yaw_err_deg: 2.726
Epoch: [7/25], Batch: 450/2963, Loss: 593.176, Trans_L2_m: 7.082, Yaw_err_deg: 2.297
Epoch: [7/25], Batch: 460/2963, Loss: 614.298, Trans_L2_m: 7.336, Yaw_err_deg: 2.305
Epoch: [7/25], Batch: 470/2963, Loss: 492.518, Trans_L2_m: 6.906, Yaw_err_deg: 1.651
Epoch: [7/25], Batch: 480/2963, Loss: 520.793, Trans_L2_m: 6.704, Yaw_err_deg: 2.021
Epoch: [7/25], Batch: 490/2963, Loss: 317.377, Trans_L2_m: 4.660, Yaw_err_deg: 2.066
Epoch: [7/25], Batch: 500/2963, Loss: 522.524, Trans_L2_m: 6.693, Yaw_err_deg: 2.144
Epoch: [7/25], Batch: 510/2963, Loss: 325.991, Trans_L2_m: 5.361, Yaw_err_deg: 1.775
Epoch: [7/25], Batch: 520/2963, Loss: 561.626, Trans_L2_m: 6.795, Yaw_err_deg: 1.650
Epoch: [7/25], Batch: 530/2963, Loss: 489.413, Trans_L2_m: 6.130, Yaw_err_deg: 1.400
Epoch: [7/25], Batch: 540/2963, Loss: 544.853, Trans_L2_m: 6.131, Yaw_err_deg: 2.303
Epoch: [7/25], Batch: 550/2963, Loss: 447.686, Trans_L2_m: 6.079, Yaw_err_deg: 3.255
Epoch: [7/25], Batch: 560/2963, Loss: 405.875, Trans_L2_m: 5.491, Yaw_err_deg: 2.311
Epoch: [7/25], Batch: 570/2963, Loss: 805.872, Trans_L2_m: 8.476, Yaw_err_deg: 1.585
Epoch: [7/25], Batch: 580/2963, Loss: 555.729, Trans_L2_m: 6.987, Yaw_err_deg: 1.707
Epoch: [7/25], Batch: 590/2963, Loss: 342.085, Trans_L2_m: 5.083, Yaw_err_deg: 1.694
Epoch: [7/25], Batch: 600/2963, Loss: 564.310, Trans_L2_m: 6.722, Yaw_err_deg: 3.058
Epoch: [7/25], Batch: 610/2963, Loss: 506.799, Trans_L2_m: 6.287, Yaw_err_deg: 2.406
Epoch: [7/25], Batch: 620/2963, Loss: 426.643, Trans_L2_m: 5.230, Yaw_err_deg: 3.107
Epoch: [7/25], Batch: 630/2963, Loss: 651.844, Trans_L2_m: 7.114, Yaw_err_deg: 2.489
Epoch: [7/25], Batch: 640/2963, Loss: 428.433, Trans_L2_m: 6.926, Yaw_err_deg: 1.750
Epoch: [7/25], Batch: 650/2963, Loss: 369.138, Trans_L2_m: 5.424, Yaw_err_deg: 1.654
Epoch: [7/25], Batch: 660/2963, Loss: 750.343, Trans_L2_m: 7.832, Yaw_err_deg: 2.535
Epoch: [7/25], Batch: 670/2963, Loss: 385.689, Trans_L2_m: 5.344, Yaw_err_deg: 1.387
Epoch: [7/25], Batch: 680/2963, Loss: 542.760, Trans_L2_m: 7.349, Yaw_err_deg: 1.632
Epoch: [7/25], Batch: 690/2963, Loss: 442.994, Trans_L2_m: 6.058, Yaw_err_deg: 2.447
Epoch: [7/25], Batch: 700/2963, Loss: 457.737, Trans_L2_m: 5.666, Yaw_err_deg: 2.236
Epoch: [7/25], Batch: 710/2963, Loss: 641.318, Trans_L2_m: 6.743, Yaw_err_deg: 2.586
Epoch: [7/25], Batch: 720/2963, Loss: 404.183, Trans_L2_m: 5.356, Yaw_err_deg: 2.797
Epoch: [7/25], Batch: 730/2963, Loss: 741.197, Trans_L2_m: 7.216, Yaw_err_deg: 3.619
Epoch: [7/25], Batch: 740/2963, Loss: 502.097, Trans_L2_m: 6.726, Yaw_err_deg: 2.691
Epoch: [7/25], Batch: 750/2963, Loss: 712.785, Trans_L2_m: 7.993, Yaw_err_deg: 2.916
Epoch: [7/25], Batch: 760/2963, Loss: 278.692, Trans_L2_m: 3.967, Yaw_err_deg: 1.797
Epoch: [7/25], Batch: 770/2963, Loss: 379.475, Trans_L2_m: 5.639, Yaw_err_deg: 1.071
Epoch: [7/25], Batch: 780/2963, Loss: 302.463, Trans_L2_m: 4.638, Yaw_err_deg: 1.704
Epoch: [7/25], Batch: 790/2963, Loss: 564.624, Trans_L2_m: 6.852, Yaw_err_deg: 2.744
Epoch: [7/25], Batch: 800/2963, Loss: 283.610, Trans_L2_m: 5.029, Yaw_err_deg: 1.646
Epoch: [7/25], Batch: 810/2963, Loss: 425.173, Trans_L2_m: 5.338, Yaw_err_deg: 2.085
Epoch: [7/25], Batch: 820/2963, Loss: 382.677, Trans_L2_m: 5.477, Yaw_err_deg: 2.415
Epoch: [7/25], Batch: 830/2963, Loss: 344.368, Trans_L2_m: 5.200, Yaw_err_deg: 1.466
Epoch: [7/25], Batch: 840/2963, Loss: 564.395, Trans_L2_m: 7.111, Yaw_err_deg: 2.043
Epoch: [7/25], Batch: 850/2963, Loss: 596.643, Trans_L2_m: 7.338, Yaw_err_deg: 2.144
Epoch: [7/25], Batch: 860/2963, Loss: 246.662, Trans_L2_m: 3.850, Yaw_err_deg: 1.901
Epoch: [7/25], Batch: 870/2963, Loss: 434.952, Trans_L2_m: 5.449, Yaw_err_deg: 1.944
Epoch: [7/25], Batch: 880/2963, Loss: 357.797, Trans_L2_m: 5.409, Yaw_err_deg: 1.346
Epoch: [7/25], Batch: 890/2963, Loss: 436.911, Trans_L2_m: 5.128, Yaw_err_deg: 2.532
Epoch: [7/25], Batch: 900/2963, Loss: 639.309, Trans_L2_m: 6.989, Yaw_err_deg: 1.864
Epoch: [7/25], Batch: 910/2963, Loss: 430.579, Trans_L2_m: 6.494, Yaw_err_deg: 2.019
Epoch: [7/25], Batch: 920/2963, Loss: 446.989, Trans_L2_m: 5.775, Yaw_err_deg: 2.516
Epoch: [7/25], Batch: 930/2963, Loss: 367.467, Trans_L2_m: 5.455, Yaw_err_deg: 1.154
Epoch: [7/25], Batch: 940/2963, Loss: 477.611, Trans_L2_m: 6.469, Yaw_err_deg: 1.603
Epoch: [7/25], Batch: 950/2963, Loss: 446.606, Trans_L2_m: 5.592, Yaw_err_deg: 2.872
Epoch: [7/25], Batch: 960/2963, Loss: 640.690, Trans_L2_m: 6.990, Yaw_err_deg: 3.156
Epoch: [7/25], Batch: 970/2963, Loss: 592.917, Trans_L2_m: 7.491, Yaw_err_deg: 3.097
Epoch: [7/25], Batch: 980/2963, Loss: 342.308, Trans_L2_m: 5.221, Yaw_err_deg: 1.718
Epoch: [7/25], Batch: 990/2963, Loss: 286.651, Trans_L2_m: 4.649, Yaw_err_deg: 2.384
Epoch: [7/25], Batch: 1000/2963, Loss: 566.429, Trans_L2_m: 7.101, Yaw_err_deg: 1.987
Epoch: [7/25], Batch: 1010/2963, Loss: 313.946, Trans_L2_m: 4.733, Yaw_err_deg: 2.463
Epoch: [7/25], Batch: 1020/2963, Loss: 428.244, Trans_L2_m: 5.850, Yaw_err_deg: 1.829
Epoch: [7/25], Batch: 1030/2963, Loss: 528.228, Trans_L2_m: 6.451, Yaw_err_deg: 3.128
Epoch: [7/25], Batch: 1040/2963, Loss: 519.777, Trans_L2_m: 6.037, Yaw_err_deg: 1.964
Epoch: [7/25], Batch: 1050/2963, Loss: 403.216, Trans_L2_m: 5.891, Yaw_err_deg: 2.159
Epoch: [7/25], Batch: 1060/2963, Loss: 556.618, Trans_L2_m: 7.120, Yaw_err_deg: 1.766
Epoch: [7/25], Batch: 1070/2963, Loss: 331.527, Trans_L2_m: 4.951, Yaw_err_deg: 1.825
Epoch: [7/25], Batch: 1080/2963, Loss: 388.694, Trans_L2_m: 5.186, Yaw_err_deg: 1.983
Epoch: [7/25], Batch: 1090/2963, Loss: 500.973, Trans_L2_m: 6.225, Yaw_err_deg: 2.597
Epoch: [7/25], Batch: 1100/2963, Loss: 413.884, Trans_L2_m: 5.775, Yaw_err_deg: 2.003
Epoch: [7/25], Batch: 1110/2963, Loss: 445.180, Trans_L2_m: 4.844, Yaw_err_deg: 2.883
Epoch: [7/25], Batch: 1120/2963, Loss: 1014.306, Trans_L2_m: 10.288, Yaw_err_deg: 1.732
Epoch: [7/25], Batch: 1130/2963, Loss: 521.188, Trans_L2_m: 6.284, Yaw_err_deg: 2.871
Epoch: [7/25], Batch: 1140/2963, Loss: 422.641, Trans_L2_m: 5.856, Yaw_err_deg: 2.155
Epoch: [7/25], Batch: 1150/2963, Loss: 433.110, Trans_L2_m: 5.252, Yaw_err_deg: 2.418
Epoch: [7/25], Batch: 1160/2963, Loss: 502.933, Trans_L2_m: 6.204, Yaw_err_deg: 2.194
Epoch: [7/25], Batch: 1170/2963, Loss: 558.856, Trans_L2_m: 7.424, Yaw_err_deg: 2.134
Epoch: [7/25], Batch: 1180/2963, Loss: 613.031, Trans_L2_m: 7.019, Yaw_err_deg: 2.349
Epoch: [7/25], Batch: 1190/2963, Loss: 421.000, Trans_L2_m: 5.254, Yaw_err_deg: 1.623
Epoch: [7/25], Batch: 1200/2963, Loss: 722.542, Trans_L2_m: 8.995, Yaw_err_deg: 1.617
Epoch: [7/25], Batch: 1210/2963, Loss: 339.269, Trans_L2_m: 4.471, Yaw_err_deg: 2.754
Epoch: [7/25], Batch: 1220/2963, Loss: 523.271, Trans_L2_m: 6.809, Yaw_err_deg: 1.892
Epoch: [7/25], Batch: 1230/2963, Loss: 490.635, Trans_L2_m: 6.409, Yaw_err_deg: 2.451
Epoch: [7/25], Batch: 1240/2963, Loss: 505.233, Trans_L2_m: 6.653, Yaw_err_deg: 1.537
Epoch: [7/25], Batch: 1250/2963, Loss: 410.968, Trans_L2_m: 5.843, Yaw_err_deg: 1.818
Epoch: [7/25], Batch: 1260/2963, Loss: 1029.483, Trans_L2_m: 10.845, Yaw_err_deg: 2.556
Epoch: [7/25], Batch: 1270/2963, Loss: 357.195, Trans_L2_m: 5.221, Yaw_err_deg: 2.002
Epoch: [7/25], Batch: 1280/2963, Loss: 439.509, Trans_L2_m: 5.931, Yaw_err_deg: 1.778
Epoch: [7/25], Batch: 1290/2963, Loss: 509.196, Trans_L2_m: 6.080, Yaw_err_deg: 3.044
Epoch: [7/25], Batch: 1300/2963, Loss: 603.048, Trans_L2_m: 7.204, Yaw_err_deg: 2.384
Epoch: [7/25], Batch: 1310/2963, Loss: 529.901, Trans_L2_m: 6.621, Yaw_err_deg: 1.734
Epoch: [7/25], Batch: 1320/2963, Loss: 718.545, Trans_L2_m: 8.511, Yaw_err_deg: 2.124
Epoch: [7/25], Batch: 1330/2963, Loss: 450.612, Trans_L2_m: 6.023, Yaw_err_deg: 1.745
Epoch: [7/25], Batch: 1340/2963, Loss: 393.357, Trans_L2_m: 5.824, Yaw_err_deg: 1.444
Epoch: [7/25], Batch: 1350/2963, Loss: 529.847, Trans_L2_m: 6.948, Yaw_err_deg: 1.941
Epoch: [7/25], Batch: 1360/2963, Loss: 534.138, Trans_L2_m: 5.769, Yaw_err_deg: 3.651
Epoch: [7/25], Batch: 1370/2963, Loss: 473.493, Trans_L2_m: 6.100, Yaw_err_deg: 2.202
Epoch: [7/25], Batch: 1380/2963, Loss: 274.918, Trans_L2_m: 4.107, Yaw_err_deg: 1.923
Epoch: [7/25], Batch: 1390/2963, Loss: 466.078, Trans_L2_m: 5.339, Yaw_err_deg: 2.312
Epoch: [7/25], Batch: 1400/2963, Loss: 733.643, Trans_L2_m: 9.136, Yaw_err_deg: 2.242
Epoch: [7/25], Batch: 1410/2963, Loss: 526.815, Trans_L2_m: 6.513, Yaw_err_deg: 2.468
Epoch: [7/25], Batch: 1420/2963, Loss: 578.164, Trans_L2_m: 7.533, Yaw_err_deg: 2.505
Epoch: [7/25], Batch: 1430/2963, Loss: 389.519, Trans_L2_m: 5.958, Yaw_err_deg: 1.925
Epoch: [7/25], Batch: 1440/2963, Loss: 508.638, Trans_L2_m: 6.583, Yaw_err_deg: 2.447
Epoch: [7/25], Batch: 1450/2963, Loss: 540.502, Trans_L2_m: 6.969, Yaw_err_deg: 2.520
Epoch: [7/25], Batch: 1460/2963, Loss: 487.888, Trans_L2_m: 5.609, Yaw_err_deg: 3.090
Epoch: [7/25], Batch: 1470/2963, Loss: 287.055, Trans_L2_m: 5.014, Yaw_err_deg: 1.132
Epoch: [7/25], Batch: 1480/2963, Loss: 638.901, Trans_L2_m: 7.849, Yaw_err_deg: 1.659
Epoch: [7/25], Batch: 1490/2963, Loss: 382.613, Trans_L2_m: 5.778, Yaw_err_deg: 1.908
Epoch: [7/25], Batch: 1500/2963, Loss: 435.816, Trans_L2_m: 6.120, Yaw_err_deg: 1.531
Epoch: [7/25], Batch: 1510/2963, Loss: 570.637, Trans_L2_m: 6.684, Yaw_err_deg: 2.671
Epoch: [7/25], Batch: 1520/2963, Loss: 335.059, Trans_L2_m: 5.075, Yaw_err_deg: 2.447
Epoch: [7/25], Batch: 1530/2963, Loss: 707.692, Trans_L2_m: 7.750, Yaw_err_deg: 1.573
Epoch: [7/25], Batch: 1540/2963, Loss: 554.420, Trans_L2_m: 5.598, Yaw_err_deg: 2.784
Epoch: [7/25], Batch: 1550/2963, Loss: 566.604, Trans_L2_m: 5.190, Yaw_err_deg: 2.853
Epoch: [7/25], Batch: 1560/2963, Loss: 490.549, Trans_L2_m: 6.296, Yaw_err_deg: 2.200
Epoch: [7/25], Batch: 1570/2963, Loss: 445.657, Trans_L2_m: 6.591, Yaw_err_deg: 2.692
Epoch: [7/25], Batch: 1580/2963, Loss: 412.174, Trans_L2_m: 5.488, Yaw_err_deg: 2.569
Epoch: [7/25], Batch: 1590/2963, Loss: 601.055, Trans_L2_m: 6.682, Yaw_err_deg: 2.955
Epoch: [7/25], Batch: 1600/2963, Loss: 509.733, Trans_L2_m: 5.483, Yaw_err_deg: 3.105
Epoch: [7/25], Batch: 1610/2963, Loss: 542.303, Trans_L2_m: 6.451, Yaw_err_deg: 2.657
Epoch: [7/25], Batch: 1620/2963, Loss: 483.628, Trans_L2_m: 5.197, Yaw_err_deg: 2.370
Epoch: [7/25], Batch: 1630/2963, Loss: 824.015, Trans_L2_m: 8.602, Yaw_err_deg: 2.821
Epoch: [7/25], Batch: 1640/2963, Loss: 1080.038, Trans_L2_m: 9.314, Yaw_err_deg: 2.414
Epoch: [7/25], Batch: 1650/2963, Loss: 700.385, Trans_L2_m: 7.307, Yaw_err_deg: 2.757
Epoch: [7/25], Batch: 1660/2963, Loss: 774.206, Trans_L2_m: 8.419, Yaw_err_deg: 2.349
Epoch: [7/25], Batch: 1670/2963, Loss: 607.257, Trans_L2_m: 7.548, Yaw_err_deg: 1.713
Epoch: [7/25], Batch: 1680/2963, Loss: 383.626, Trans_L2_m: 5.174, Yaw_err_deg: 1.564
Epoch: [7/25], Batch: 1690/2963, Loss: 707.622, Trans_L2_m: 7.882, Yaw_err_deg: 2.561
Epoch: [7/25], Batch: 1700/2963, Loss: 492.929, Trans_L2_m: 6.342, Yaw_err_deg: 1.926
Epoch: [7/25], Batch: 1710/2963, Loss: 496.560, Trans_L2_m: 5.500, Yaw_err_deg: 1.842
Epoch: [7/25], Batch: 1720/2963, Loss: 558.022, Trans_L2_m: 7.460, Yaw_err_deg: 2.185
Epoch: [7/25], Batch: 1730/2963, Loss: 635.885, Trans_L2_m: 6.746, Yaw_err_deg: 1.385
Epoch: [7/25], Batch: 1740/2963, Loss: 355.949, Trans_L2_m: 5.032, Yaw_err_deg: 1.837
Epoch: [7/25], Batch: 1750/2963, Loss: 459.008, Trans_L2_m: 5.171, Yaw_err_deg: 3.820
Epoch: [7/25], Batch: 1760/2963, Loss: 556.247, Trans_L2_m: 7.209, Yaw_err_deg: 1.380
Epoch: [7/25], Batch: 1770/2963, Loss: 535.551, Trans_L2_m: 7.403, Yaw_err_deg: 1.974
Epoch: [7/25], Batch: 1780/2963, Loss: 517.781, Trans_L2_m: 7.125, Yaw_err_deg: 2.344
Epoch: [7/25], Batch: 1790/2963, Loss: 634.337, Trans_L2_m: 5.757, Yaw_err_deg: 3.275
Epoch: [7/25], Batch: 1800/2963, Loss: 659.097, Trans_L2_m: 7.244, Yaw_err_deg: 2.490
Epoch: [7/25], Batch: 1810/2963, Loss: 487.414, Trans_L2_m: 6.406, Yaw_err_deg: 1.984
Epoch: [7/25], Batch: 1820/2963, Loss: 306.194, Trans_L2_m: 4.627, Yaw_err_deg: 2.293
Epoch: [7/25], Batch: 1830/2963, Loss: 495.400, Trans_L2_m: 5.403, Yaw_err_deg: 3.198
Epoch: [7/25], Batch: 1840/2963, Loss: 676.958, Trans_L2_m: 7.312, Yaw_err_deg: 2.669
Epoch: [7/25], Batch: 1850/2963, Loss: 720.177, Trans_L2_m: 6.221, Yaw_err_deg: 2.429
Epoch: [7/25], Batch: 1860/2963, Loss: 474.780, Trans_L2_m: 5.965, Yaw_err_deg: 2.311
Epoch: [7/25], Batch: 1870/2963, Loss: 496.904, Trans_L2_m: 6.180, Yaw_err_deg: 2.171
Epoch: [7/25], Batch: 1880/2963, Loss: 322.133, Trans_L2_m: 4.469, Yaw_err_deg: 1.979
Epoch: [7/25], Batch: 1890/2963, Loss: 507.566, Trans_L2_m: 6.658, Yaw_err_deg: 1.997
Epoch: [7/25], Batch: 1900/2963, Loss: 557.148, Trans_L2_m: 6.415, Yaw_err_deg: 2.124
Epoch: [7/25], Batch: 1910/2963, Loss: 489.068, Trans_L2_m: 5.253, Yaw_err_deg: 1.572
Epoch: [7/25], Batch: 1920/2963, Loss: 468.328, Trans_L2_m: 5.958, Yaw_err_deg: 1.742
Epoch: [7/25], Batch: 1930/2963, Loss: 400.424, Trans_L2_m: 5.420, Yaw_err_deg: 2.064
Epoch: [7/25], Batch: 1940/2963, Loss: 546.184, Trans_L2_m: 6.738, Yaw_err_deg: 2.932
Epoch: [7/25], Batch: 1950/2963, Loss: 676.664, Trans_L2_m: 7.662, Yaw_err_deg: 1.477
Epoch: [7/25], Batch: 1960/2963, Loss: 335.047, Trans_L2_m: 4.570, Yaw_err_deg: 2.040
Epoch: [7/25], Batch: 1970/2963, Loss: 503.005, Trans_L2_m: 6.286, Yaw_err_deg: 2.832
Epoch: [7/25], Batch: 1980/2963, Loss: 482.756, Trans_L2_m: 6.290, Yaw_err_deg: 2.202
Epoch: [7/25], Batch: 1990/2963, Loss: 670.086, Trans_L2_m: 6.618, Yaw_err_deg: 4.059
Epoch: [7/25], Batch: 2000/2963, Loss: 638.506, Trans_L2_m: 7.081, Yaw_err_deg: 2.484
Epoch: [7/25], Batch: 2010/2963, Loss: 342.783, Trans_L2_m: 5.200, Yaw_err_deg: 1.695
Epoch: [7/25], Batch: 2020/2963, Loss: 251.180, Trans_L2_m: 3.959, Yaw_err_deg: 1.930
Epoch: [7/25], Batch: 2030/2963, Loss: 508.347, Trans_L2_m: 6.044, Yaw_err_deg: 1.888
Epoch: [7/25], Batch: 2040/2963, Loss: 488.741, Trans_L2_m: 6.651, Yaw_err_deg: 1.535
Epoch: [7/25], Batch: 2050/2963, Loss: 719.589, Trans_L2_m: 8.128, Yaw_err_deg: 1.991
Epoch: [7/25], Batch: 2060/2963, Loss: 461.113, Trans_L2_m: 6.170, Yaw_err_deg: 2.566
Epoch: [7/25], Batch: 2070/2963, Loss: 429.492, Trans_L2_m: 5.476, Yaw_err_deg: 1.976
Epoch: [7/25], Batch: 2080/2963, Loss: 586.889, Trans_L2_m: 6.400, Yaw_err_deg: 2.399
Epoch: [7/25], Batch: 2090/2963, Loss: 307.278, Trans_L2_m: 5.083, Yaw_err_deg: 1.677
Epoch: [7/25], Batch: 2100/2963, Loss: 351.984, Trans_L2_m: 4.991, Yaw_err_deg: 2.084
Epoch: [7/25], Batch: 2110/2963, Loss: 793.163, Trans_L2_m: 9.093, Yaw_err_deg: 2.517
Epoch: [7/25], Batch: 2120/2963, Loss: 617.145, Trans_L2_m: 7.705, Yaw_err_deg: 2.327
Epoch: [7/25], Batch: 2130/2963, Loss: 508.653, Trans_L2_m: 7.190, Yaw_err_deg: 1.766
Epoch: [7/25], Batch: 2140/2963, Loss: 334.835, Trans_L2_m: 4.893, Yaw_err_deg: 1.879
Epoch: [7/25], Batch: 2150/2963, Loss: 528.642, Trans_L2_m: 7.111, Yaw_err_deg: 1.841
Epoch: [7/25], Batch: 2160/2963, Loss: 367.084, Trans_L2_m: 4.770, Yaw_err_deg: 3.083
Epoch: [7/25], Batch: 2170/2963, Loss: 571.431, Trans_L2_m: 6.715, Yaw_err_deg: 2.525
Epoch: [7/25], Batch: 2180/2963, Loss: 511.533, Trans_L2_m: 6.765, Yaw_err_deg: 2.043
Epoch: [7/25], Batch: 2190/2963, Loss: 501.381, Trans_L2_m: 6.324, Yaw_err_deg: 2.121
Epoch: [7/25], Batch: 2200/2963, Loss: 674.442, Trans_L2_m: 8.549, Yaw_err_deg: 1.840
Epoch: [7/25], Batch: 2210/2963, Loss: 386.815, Trans_L2_m: 4.430, Yaw_err_deg: 2.833
Epoch: [7/25], Batch: 2220/2963, Loss: 463.339, Trans_L2_m: 5.772, Yaw_err_deg: 1.786
Epoch: [7/25], Batch: 2230/2963, Loss: 498.657, Trans_L2_m: 5.730, Yaw_err_deg: 2.648
Epoch: [7/25], Batch: 2240/2963, Loss: 506.406, Trans_L2_m: 6.735, Yaw_err_deg: 2.437
Epoch: [7/25], Batch: 2250/2963, Loss: 275.020, Trans_L2_m: 4.022, Yaw_err_deg: 2.526
Epoch: [7/25], Batch: 2260/2963, Loss: 400.977, Trans_L2_m: 5.010, Yaw_err_deg: 3.244
Epoch: [7/25], Batch: 2270/2963, Loss: 331.125, Trans_L2_m: 4.904, Yaw_err_deg: 3.067
Epoch: [7/25], Batch: 2280/2963, Loss: 450.693, Trans_L2_m: 5.512, Yaw_err_deg: 2.725
Epoch: [7/25], Batch: 2290/2963, Loss: 445.386, Trans_L2_m: 6.328, Yaw_err_deg: 1.992
Epoch: [7/25], Batch: 2300/2963, Loss: 492.789, Trans_L2_m: 6.890, Yaw_err_deg: 1.821
Epoch: [7/25], Batch: 2310/2963, Loss: 455.999, Trans_L2_m: 6.200, Yaw_err_deg: 2.152
Epoch: [7/25], Batch: 2320/2963, Loss: 451.739, Trans_L2_m: 6.607, Yaw_err_deg: 1.886
Epoch: [7/25], Batch: 2330/2963, Loss: 381.669, Trans_L2_m: 5.607, Yaw_err_deg: 2.084
Epoch: [7/25], Batch: 2340/2963, Loss: 707.292, Trans_L2_m: 7.758, Yaw_err_deg: 3.156
Epoch: [7/25], Batch: 2350/2963, Loss: 418.697, Trans_L2_m: 5.411, Yaw_err_deg: 1.626
Epoch: [7/25], Batch: 2360/2963, Loss: 323.281, Trans_L2_m: 5.427, Yaw_err_deg: 2.200
Epoch: [7/25], Batch: 2370/2963, Loss: 664.673, Trans_L2_m: 6.870, Yaw_err_deg: 2.192
Epoch: [7/25], Batch: 2380/2963, Loss: 573.551, Trans_L2_m: 6.513, Yaw_err_deg: 2.161
Epoch: [7/25], Batch: 2390/2963, Loss: 481.825, Trans_L2_m: 6.358, Yaw_err_deg: 1.807
Epoch: [7/25], Batch: 2400/2963, Loss: 509.234, Trans_L2_m: 7.029, Yaw_err_deg: 2.098
Epoch: [7/25], Batch: 2410/2963, Loss: 330.680, Trans_L2_m: 4.690, Yaw_err_deg: 1.836
Epoch: [7/25], Batch: 2420/2963, Loss: 567.136, Trans_L2_m: 6.784, Yaw_err_deg: 2.469
Epoch: [7/25], Batch: 2430/2963, Loss: 790.660, Trans_L2_m: 7.764, Yaw_err_deg: 1.766
Epoch: [7/25], Batch: 2440/2963, Loss: 462.839, Trans_L2_m: 6.030, Yaw_err_deg: 1.715
Epoch: [7/25], Batch: 2450/2963, Loss: 504.549, Trans_L2_m: 7.269, Yaw_err_deg: 1.170
Epoch: [7/25], Batch: 2460/2963, Loss: 720.146, Trans_L2_m: 8.425, Yaw_err_deg: 0.815
Epoch: [7/25], Batch: 2470/2963, Loss: 530.778, Trans_L2_m: 5.421, Yaw_err_deg: 3.272
Epoch: [7/25], Batch: 2480/2963, Loss: 544.015, Trans_L2_m: 5.930, Yaw_err_deg: 2.538
Epoch: [7/25], Batch: 2490/2963, Loss: 372.044, Trans_L2_m: 5.450, Yaw_err_deg: 1.773
Epoch: [7/25], Batch: 2500/2963, Loss: 434.246, Trans_L2_m: 6.175, Yaw_err_deg: 1.895
Epoch: [7/25], Batch: 2510/2963, Loss: 491.079, Trans_L2_m: 6.119, Yaw_err_deg: 3.146
Epoch: [7/25], Batch: 2520/2963, Loss: 327.718, Trans_L2_m: 4.802, Yaw_err_deg: 2.370
Epoch: [7/25], Batch: 2530/2963, Loss: 340.158, Trans_L2_m: 5.114, Yaw_err_deg: 2.097
Epoch: [7/25], Batch: 2540/2963, Loss: 515.148, Trans_L2_m: 6.040, Yaw_err_deg: 2.623
Epoch: [7/25], Batch: 2550/2963, Loss: 589.176, Trans_L2_m: 6.660, Yaw_err_deg: 2.274
Epoch: [7/25], Batch: 2560/2963, Loss: 601.558, Trans_L2_m: 7.275, Yaw_err_deg: 1.695
Epoch: [7/25], Batch: 2570/2963, Loss: 597.233, Trans_L2_m: 6.813, Yaw_err_deg: 2.936
Epoch: [7/25], Batch: 2580/2963, Loss: 335.129, Trans_L2_m: 4.831, Yaw_err_deg: 2.672
Epoch: [7/25], Batch: 2590/2963, Loss: 636.570, Trans_L2_m: 6.864, Yaw_err_deg: 3.063
Epoch: [7/25], Batch: 2600/2963, Loss: 423.697, Trans_L2_m: 6.296, Yaw_err_deg: 1.792
Epoch: [7/25], Batch: 2610/2963, Loss: 556.776, Trans_L2_m: 6.244, Yaw_err_deg: 2.592
Epoch: [7/25], Batch: 2620/2963, Loss: 264.324, Trans_L2_m: 3.992, Yaw_err_deg: 1.732
Epoch: [7/25], Batch: 2630/2963, Loss: 276.827, Trans_L2_m: 4.246, Yaw_err_deg: 2.107
Epoch: [7/25], Batch: 2640/2963, Loss: 525.667, Trans_L2_m: 6.345, Yaw_err_deg: 1.545
Epoch: [7/25], Batch: 2650/2963, Loss: 447.935, Trans_L2_m: 5.926, Yaw_err_deg: 2.071
Epoch: [7/25], Batch: 2660/2963, Loss: 446.549, Trans_L2_m: 4.998, Yaw_err_deg: 3.367
Epoch: [7/25], Batch: 2670/2963, Loss: 699.429, Trans_L2_m: 8.300, Yaw_err_deg: 2.250
Epoch: [7/25], Batch: 2680/2963, Loss: 527.583, Trans_L2_m: 7.322, Yaw_err_deg: 2.063
Epoch: [7/25], Batch: 2690/2963, Loss: 969.258, Trans_L2_m: 9.158, Yaw_err_deg: 2.300
Epoch: [7/25], Batch: 2700/2963, Loss: 388.417, Trans_L2_m: 6.013, Yaw_err_deg: 1.246
Epoch: [7/25], Batch: 2710/2963, Loss: 390.882, Trans_L2_m: 5.606, Yaw_err_deg: 1.326
Epoch: [7/25], Batch: 2720/2963, Loss: 432.843, Trans_L2_m: 6.455, Yaw_err_deg: 1.342
Epoch: [7/25], Batch: 2730/2963, Loss: 407.357, Trans_L2_m: 5.384, Yaw_err_deg: 2.591
Epoch: [7/25], Batch: 2740/2963, Loss: 445.755, Trans_L2_m: 5.900, Yaw_err_deg: 1.629
Epoch: [7/25], Batch: 2750/2963, Loss: 456.184, Trans_L2_m: 5.202, Yaw_err_deg: 2.854
Epoch: [7/25], Batch: 2760/2963, Loss: 441.514, Trans_L2_m: 5.474, Yaw_err_deg: 1.832
Epoch: [7/25], Batch: 2770/2963, Loss: 610.624, Trans_L2_m: 6.599, Yaw_err_deg: 3.288
Epoch: [7/25], Batch: 2780/2963, Loss: 306.282, Trans_L2_m: 4.715, Yaw_err_deg: 2.047
Epoch: [7/25], Batch: 2790/2963, Loss: 519.198, Trans_L2_m: 6.965, Yaw_err_deg: 2.040
Epoch: [7/25], Batch: 2800/2963, Loss: 517.032, Trans_L2_m: 5.738, Yaw_err_deg: 2.605
Epoch: [7/25], Batch: 2810/2963, Loss: 362.564, Trans_L2_m: 5.681, Yaw_err_deg: 1.686
Epoch: [7/25], Batch: 2820/2963, Loss: 489.845, Trans_L2_m: 6.093, Yaw_err_deg: 2.646
Epoch: [7/25], Batch: 2830/2963, Loss: 531.309, Trans_L2_m: 6.426, Yaw_err_deg: 2.155
Epoch: [7/25], Batch: 2840/2963, Loss: 373.778, Trans_L2_m: 4.971, Yaw_err_deg: 2.144
Epoch: [7/25], Batch: 2850/2963, Loss: 795.156, Trans_L2_m: 8.399, Yaw_err_deg: 1.833
Epoch: [7/25], Batch: 2860/2963, Loss: 497.391, Trans_L2_m: 7.120, Yaw_err_deg: 2.047
Epoch: [7/25], Batch: 2870/2963, Loss: 386.380, Trans_L2_m: 5.913, Yaw_err_deg: 1.646
Epoch: [7/25], Batch: 2880/2963, Loss: 482.750, Trans_L2_m: 6.576, Yaw_err_deg: 2.203
Epoch: [7/25], Batch: 2890/2963, Loss: 482.382, Trans_L2_m: 6.047, Yaw_err_deg: 2.457
Epoch: [7/25], Batch: 2900/2963, Loss: 471.928, Trans_L2_m: 5.639, Yaw_err_deg: 2.664
Epoch: [7/25], Batch: 2910/2963, Loss: 284.358, Trans_L2_m: 4.164, Yaw_err_deg: 2.688
Epoch: [7/25], Batch: 2920/2963, Loss: 403.374, Trans_L2_m: 5.794, Yaw_err_deg: 2.776
Epoch: [7/25], Batch: 2930/2963, Loss: 278.685, Trans_L2_m: 4.819, Yaw_err_deg: 1.642
Epoch: [7/25], Batch: 2940/2963, Loss: 347.385, Trans_L2_m: 5.495, Yaw_err_deg: 1.852
Epoch: [7/25], Batch: 2950/2963, Loss: 502.108, Trans_L2_m: 6.570, Yaw_err_deg: 1.581
Epoch: [7/25], Batch: 2960/2963, Loss: 522.159, Trans_L2_m: 6.389, Yaw_err_deg: 1.630
Epoch: [8/25], Batch: 0/2963, Loss: 282.933, Trans_L2_m: 4.207, Yaw_err_deg: 2.187
Epoch: [8/25], Batch: 10/2963, Loss: 312.525, Trans_L2_m: 4.434, Yaw_err_deg: 2.591
Epoch: [8/25], Batch: 20/2963, Loss: 359.556, Trans_L2_m: 5.154, Yaw_err_deg: 1.889
Epoch: [8/25], Batch: 30/2963, Loss: 739.049, Trans_L2_m: 8.676, Yaw_err_deg: 1.780
Epoch: [8/25], Batch: 40/2963, Loss: 463.483, Trans_L2_m: 5.491, Yaw_err_deg: 2.431
Epoch: [8/25], Batch: 50/2963, Loss: 357.568, Trans_L2_m: 5.290, Yaw_err_deg: 2.271
Epoch: [8/25], Batch: 60/2963, Loss: 431.851, Trans_L2_m: 5.730, Yaw_err_deg: 2.992
Epoch: [8/25], Batch: 70/2963, Loss: 509.315, Trans_L2_m: 7.374, Yaw_err_deg: 1.532
Epoch: [8/25], Batch: 80/2963, Loss: 382.499, Trans_L2_m: 5.455, Yaw_err_deg: 2.350
Epoch: [8/25], Batch: 90/2963, Loss: 451.376, Trans_L2_m: 5.841, Yaw_err_deg: 2.628
Epoch: [8/25], Batch: 100/2963, Loss: 222.150, Trans_L2_m: 3.242, Yaw_err_deg: 2.156
Epoch: [8/25], Batch: 110/2963, Loss: 289.868, Trans_L2_m: 4.419, Yaw_err_deg: 1.741
Epoch: [8/25], Batch: 120/2963, Loss: 494.074, Trans_L2_m: 5.846, Yaw_err_deg: 1.546
Epoch: [8/25], Batch: 130/2963, Loss: 334.225, Trans_L2_m: 4.872, Yaw_err_deg: 2.834
Epoch: [8/25], Batch: 140/2963, Loss: 587.948, Trans_L2_m: 7.850, Yaw_err_deg: 1.791
Epoch: [8/25], Batch: 150/2963, Loss: 304.382, Trans_L2_m: 5.173, Yaw_err_deg: 1.684
Epoch: [8/25], Batch: 160/2963, Loss: 524.891, Trans_L2_m: 5.936, Yaw_err_deg: 3.145
Epoch: [8/25], Batch: 170/2963, Loss: 312.445, Trans_L2_m: 3.651, Yaw_err_deg: 2.014
Epoch: [8/25], Batch: 180/2963, Loss: 401.903, Trans_L2_m: 6.038, Yaw_err_deg: 1.804
Epoch: [8/25], Batch: 190/2963, Loss: 322.097, Trans_L2_m: 3.871, Yaw_err_deg: 3.563
Epoch: [8/25], Batch: 200/2963, Loss: 406.830, Trans_L2_m: 4.794, Yaw_err_deg: 2.980
Epoch: [8/25], Batch: 210/2963, Loss: 541.029, Trans_L2_m: 6.786, Yaw_err_deg: 2.510
Epoch: [8/25], Batch: 220/2963, Loss: 427.287, Trans_L2_m: 5.094, Yaw_err_deg: 2.363
Epoch: [8/25], Batch: 230/2963, Loss: 473.531, Trans_L2_m: 6.356, Yaw_err_deg: 1.873
Epoch: [8/25], Batch: 240/2963, Loss: 536.977, Trans_L2_m: 6.467, Yaw_err_deg: 1.831
Epoch: [8/25], Batch: 250/2963, Loss: 612.867, Trans_L2_m: 6.672, Yaw_err_deg: 2.385
Epoch: [8/25], Batch: 260/2963, Loss: 488.853, Trans_L2_m: 6.655, Yaw_err_deg: 2.362
Epoch: [8/25], Batch: 270/2963, Loss: 377.901, Trans_L2_m: 4.763, Yaw_err_deg: 2.812
Epoch: [8/25], Batch: 280/2963, Loss: 347.093, Trans_L2_m: 5.264, Yaw_err_deg: 2.139
Epoch: [8/25], Batch: 290/2963, Loss: 634.566, Trans_L2_m: 7.051, Yaw_err_deg: 2.418
Epoch: [8/25], Batch: 300/2963, Loss: 616.419, Trans_L2_m: 7.118, Yaw_err_deg: 2.333
Epoch: [8/25], Batch: 310/2963, Loss: 322.698, Trans_L2_m: 4.601, Yaw_err_deg: 2.161
Epoch: [8/25], Batch: 320/2963, Loss: 558.916, Trans_L2_m: 6.624, Yaw_err_deg: 2.541
Epoch: [8/25], Batch: 330/2963, Loss: 481.583, Trans_L2_m: 6.098, Yaw_err_deg: 2.081
Epoch: [8/25], Batch: 340/2963, Loss: 311.159, Trans_L2_m: 4.621, Yaw_err_deg: 1.733
Epoch: [8/25], Batch: 350/2963, Loss: 528.236, Trans_L2_m: 6.707, Yaw_err_deg: 1.802
Epoch: [8/25], Batch: 360/2963, Loss: 497.251, Trans_L2_m: 6.764, Yaw_err_deg: 2.557
Epoch: [8/25], Batch: 370/2963, Loss: 562.380, Trans_L2_m: 6.705, Yaw_err_deg: 2.120
Epoch: [8/25], Batch: 380/2963, Loss: 326.747, Trans_L2_m: 4.893, Yaw_err_deg: 2.208
Epoch: [8/25], Batch: 390/2963, Loss: 466.447, Trans_L2_m: 6.585, Yaw_err_deg: 1.868
Epoch: [8/25], Batch: 400/2963, Loss: 558.179, Trans_L2_m: 7.571, Yaw_err_deg: 1.792
Epoch: [8/25], Batch: 410/2963, Loss: 527.992, Trans_L2_m: 6.407, Yaw_err_deg: 2.017
Epoch: [8/25], Batch: 420/2963, Loss: 296.746, Trans_L2_m: 4.647, Yaw_err_deg: 2.149
Epoch: [8/25], Batch: 430/2963, Loss: 412.867, Trans_L2_m: 5.557, Yaw_err_deg: 2.434
Epoch: [8/25], Batch: 440/2963, Loss: 381.987, Trans_L2_m: 5.457, Yaw_err_deg: 1.630
Epoch: [8/25], Batch: 450/2963, Loss: 460.582, Trans_L2_m: 5.926, Yaw_err_deg: 2.071
Epoch: [8/25], Batch: 460/2963, Loss: 639.196, Trans_L2_m: 7.010, Yaw_err_deg: 1.864
Epoch: [8/25], Batch: 470/2963, Loss: 293.006, Trans_L2_m: 4.917, Yaw_err_deg: 2.170
Epoch: [8/25], Batch: 480/2963, Loss: 630.409, Trans_L2_m: 7.141, Yaw_err_deg: 1.654
Epoch: [8/25], Batch: 490/2963, Loss: 616.984, Trans_L2_m: 6.621, Yaw_err_deg: 2.552
Epoch: [8/25], Batch: 500/2963, Loss: 740.422, Trans_L2_m: 7.956, Yaw_err_deg: 1.806
Epoch: [8/25], Batch: 510/2963, Loss: 372.007, Trans_L2_m: 5.045, Yaw_err_deg: 1.775
Epoch: [8/25], Batch: 520/2963, Loss: 583.999, Trans_L2_m: 6.959, Yaw_err_deg: 2.734
Epoch: [8/25], Batch: 530/2963, Loss: 494.131, Trans_L2_m: 6.492, Yaw_err_deg: 3.162
Epoch: [8/25], Batch: 540/2963, Loss: 302.786, Trans_L2_m: 4.572, Yaw_err_deg: 2.140
Epoch: [8/25], Batch: 550/2963, Loss: 509.142, Trans_L2_m: 5.627, Yaw_err_deg: 2.526
Epoch: [8/25], Batch: 560/2963, Loss: 363.212, Trans_L2_m: 5.348, Yaw_err_deg: 1.586
Epoch: [8/25], Batch: 570/2963, Loss: 428.385, Trans_L2_m: 5.510, Yaw_err_deg: 2.766
Epoch: [8/25], Batch: 580/2963, Loss: 450.775, Trans_L2_m: 5.804, Yaw_err_deg: 1.825
Epoch: [8/25], Batch: 590/2963, Loss: 612.530, Trans_L2_m: 7.089, Yaw_err_deg: 2.075
Epoch: [8/25], Batch: 600/2963, Loss: 487.389, Trans_L2_m: 6.231, Yaw_err_deg: 2.769
Epoch: [8/25], Batch: 610/2963, Loss: 295.220, Trans_L2_m: 4.080, Yaw_err_deg: 2.546
Epoch: [8/25], Batch: 620/2963, Loss: 330.890, Trans_L2_m: 5.098, Yaw_err_deg: 1.867
Epoch: [8/25], Batch: 630/2963, Loss: 392.528, Trans_L2_m: 5.735, Yaw_err_deg: 2.605
Epoch: [8/25], Batch: 640/2963, Loss: 289.545, Trans_L2_m: 4.036, Yaw_err_deg: 2.208
Epoch: [8/25], Batch: 650/2963, Loss: 469.767, Trans_L2_m: 5.455, Yaw_err_deg: 2.561
Epoch: [8/25], Batch: 660/2963, Loss: 276.208, Trans_L2_m: 4.850, Yaw_err_deg: 1.628
Epoch: [8/25], Batch: 670/2963, Loss: 449.751, Trans_L2_m: 6.487, Yaw_err_deg: 1.735
Epoch: [8/25], Batch: 680/2963, Loss: 583.376, Trans_L2_m: 6.723, Yaw_err_deg: 1.349
Epoch: [8/25], Batch: 690/2963, Loss: 377.501, Trans_L2_m: 5.556, Yaw_err_deg: 1.461
Epoch: [8/25], Batch: 700/2963, Loss: 296.133, Trans_L2_m: 4.728, Yaw_err_deg: 1.459
Epoch: [8/25], Batch: 710/2963, Loss: 427.725, Trans_L2_m: 6.192, Yaw_err_deg: 2.140
Epoch: [8/25], Batch: 720/2963, Loss: 377.544, Trans_L2_m: 4.757, Yaw_err_deg: 1.980
Epoch: [8/25], Batch: 730/2963, Loss: 271.446, Trans_L2_m: 4.262, Yaw_err_deg: 1.810
Epoch: [8/25], Batch: 740/2963, Loss: 471.449, Trans_L2_m: 5.902, Yaw_err_deg: 2.404
Epoch: [8/25], Batch: 750/2963, Loss: 439.079, Trans_L2_m: 5.238, Yaw_err_deg: 2.126
Epoch: [8/25], Batch: 760/2963, Loss: 444.971, Trans_L2_m: 5.942, Yaw_err_deg: 2.090
Epoch: [8/25], Batch: 770/2963, Loss: 376.652, Trans_L2_m: 5.417, Yaw_err_deg: 2.265
Epoch: [8/25], Batch: 780/2963, Loss: 428.983, Trans_L2_m: 6.253, Yaw_err_deg: 2.043
Epoch: [8/25], Batch: 790/2963, Loss: 326.893, Trans_L2_m: 5.287, Yaw_err_deg: 1.956
Epoch: [8/25], Batch: 800/2963, Loss: 338.526, Trans_L2_m: 4.690, Yaw_err_deg: 2.036
Epoch: [8/25], Batch: 810/2963, Loss: 403.282, Trans_L2_m: 4.637, Yaw_err_deg: 2.926
Epoch: [8/25], Batch: 820/2963, Loss: 353.558, Trans_L2_m: 5.074, Yaw_err_deg: 2.942
Epoch: [8/25], Batch: 830/2963, Loss: 415.963, Trans_L2_m: 5.047, Yaw_err_deg: 2.533
Epoch: [8/25], Batch: 840/2963, Loss: 395.235, Trans_L2_m: 5.379, Yaw_err_deg: 2.635
Epoch: [8/25], Batch: 850/2963, Loss: 428.969, Trans_L2_m: 5.392, Yaw_err_deg: 3.175
Epoch: [8/25], Batch: 860/2963, Loss: 349.353, Trans_L2_m: 5.084, Yaw_err_deg: 2.520
Epoch: [8/25], Batch: 870/2963, Loss: 279.239, Trans_L2_m: 4.209, Yaw_err_deg: 2.550
Epoch: [8/25], Batch: 880/2963, Loss: 477.349, Trans_L2_m: 6.815, Yaw_err_deg: 2.720
Epoch: [8/25], Batch: 890/2963, Loss: 355.937, Trans_L2_m: 5.652, Yaw_err_deg: 1.654
Epoch: [8/25], Batch: 900/2963, Loss: 298.608, Trans_L2_m: 4.493, Yaw_err_deg: 2.074
Epoch: [8/25], Batch: 910/2963, Loss: 488.743, Trans_L2_m: 6.118, Yaw_err_deg: 2.353
Epoch: [8/25], Batch: 920/2963, Loss: 391.005, Trans_L2_m: 5.166, Yaw_err_deg: 2.487
Epoch: [8/25], Batch: 930/2963, Loss: 501.025, Trans_L2_m: 6.279, Yaw_err_deg: 2.241
Epoch: [8/25], Batch: 940/2963, Loss: 345.057, Trans_L2_m: 5.149, Yaw_err_deg: 2.139
Epoch: [8/25], Batch: 950/2963, Loss: 403.212, Trans_L2_m: 5.541, Yaw_err_deg: 2.110
Epoch: [8/25], Batch: 960/2963, Loss: 408.239, Trans_L2_m: 5.178, Yaw_err_deg: 2.375
Epoch: [8/25], Batch: 970/2963, Loss: 358.638, Trans_L2_m: 4.884, Yaw_err_deg: 2.298
Epoch: [8/25], Batch: 980/2963, Loss: 514.379, Trans_L2_m: 6.999, Yaw_err_deg: 2.618
Epoch: [8/25], Batch: 990/2963, Loss: 507.594, Trans_L2_m: 5.976, Yaw_err_deg: 1.545
Epoch: [8/25], Batch: 1000/2963, Loss: 205.128, Trans_L2_m: 3.459, Yaw_err_deg: 1.752
Epoch: [8/25], Batch: 1010/2963, Loss: 528.350, Trans_L2_m: 6.558, Yaw_err_deg: 2.391
Epoch: [8/25], Batch: 1020/2963, Loss: 423.441, Trans_L2_m: 6.089, Yaw_err_deg: 2.346
Epoch: [8/25], Batch: 1030/2963, Loss: 690.944, Trans_L2_m: 7.800, Yaw_err_deg: 2.528
Epoch: [8/25], Batch: 1040/2963, Loss: 416.964, Trans_L2_m: 5.890, Yaw_err_deg: 2.132
Epoch: [8/25], Batch: 1050/2963, Loss: 711.934, Trans_L2_m: 7.373, Yaw_err_deg: 2.798
Epoch: [8/25], Batch: 1060/2963, Loss: 584.223, Trans_L2_m: 6.259, Yaw_err_deg: 4.244
Epoch: [8/25], Batch: 1070/2963, Loss: 622.841, Trans_L2_m: 7.696, Yaw_err_deg: 1.734
Epoch: [8/25], Batch: 1080/2963, Loss: 963.315, Trans_L2_m: 9.167, Yaw_err_deg: 2.246
Epoch: [8/25], Batch: 1090/2963, Loss: 372.253, Trans_L2_m: 5.989, Yaw_err_deg: 1.757
Epoch: [8/25], Batch: 1100/2963, Loss: 397.580, Trans_L2_m: 6.083, Yaw_err_deg: 1.932
Epoch: [8/25], Batch: 1110/2963, Loss: 398.073, Trans_L2_m: 5.741, Yaw_err_deg: 2.138
Epoch: [8/25], Batch: 1120/2963, Loss: 464.653, Trans_L2_m: 5.725, Yaw_err_deg: 2.369
Epoch: [8/25], Batch: 1130/2963, Loss: 529.965, Trans_L2_m: 6.359, Yaw_err_deg: 2.270
Epoch: [8/25], Batch: 1140/2963, Loss: 335.344, Trans_L2_m: 4.900, Yaw_err_deg: 1.816
Epoch: [8/25], Batch: 1150/2963, Loss: 572.513, Trans_L2_m: 5.660, Yaw_err_deg: 2.702
Epoch: [8/25], Batch: 1160/2963, Loss: 517.135, Trans_L2_m: 6.029, Yaw_err_deg: 2.614
Epoch: [8/25], Batch: 1170/2963, Loss: 353.863, Trans_L2_m: 5.002, Yaw_err_deg: 1.813
Epoch: [8/25], Batch: 1180/2963, Loss: 312.293, Trans_L2_m: 4.089, Yaw_err_deg: 2.456
Epoch: [8/25], Batch: 1190/2963, Loss: 224.545, Trans_L2_m: 3.990, Yaw_err_deg: 1.537
Epoch: [8/25], Batch: 1200/2963, Loss: 701.151, Trans_L2_m: 7.247, Yaw_err_deg: 3.336
Epoch: [8/25], Batch: 1210/2963, Loss: 289.704, Trans_L2_m: 4.550, Yaw_err_deg: 2.176
Epoch: [8/25], Batch: 1220/2963, Loss: 475.343, Trans_L2_m: 4.988, Yaw_err_deg: 2.946
Epoch: [8/25], Batch: 1230/2963, Loss: 469.936, Trans_L2_m: 6.051, Yaw_err_deg: 1.687
Epoch: [8/25], Batch: 1240/2963, Loss: 648.326, Trans_L2_m: 6.725, Yaw_err_deg: 2.066
Epoch: [8/25], Batch: 1250/2963, Loss: 541.542, Trans_L2_m: 6.886, Yaw_err_deg: 2.082
Epoch: [8/25], Batch: 1260/2963, Loss: 306.979, Trans_L2_m: 4.749, Yaw_err_deg: 2.282
Epoch: [8/25], Batch: 1270/2963, Loss: 704.868, Trans_L2_m: 7.186, Yaw_err_deg: 2.241
Epoch: [8/25], Batch: 1280/2963, Loss: 268.972, Trans_L2_m: 3.444, Yaw_err_deg: 1.521
Epoch: [8/25], Batch: 1290/2963, Loss: 217.847, Trans_L2_m: 3.356, Yaw_err_deg: 2.094
Epoch: [8/25], Batch: 1300/2963, Loss: 406.272, Trans_L2_m: 4.960, Yaw_err_deg: 2.216
Epoch: [8/25], Batch: 1310/2963, Loss: 330.828, Trans_L2_m: 4.343, Yaw_err_deg: 2.811
Epoch: [8/25], Batch: 1320/2963, Loss: 354.002, Trans_L2_m: 5.398, Yaw_err_deg: 2.434
Epoch: [8/25], Batch: 1330/2963, Loss: 585.500, Trans_L2_m: 5.838, Yaw_err_deg: 2.277
Epoch: [8/25], Batch: 1340/2963, Loss: 273.302, Trans_L2_m: 4.091, Yaw_err_deg: 2.001
Epoch: [8/25], Batch: 1350/2963, Loss: 462.553, Trans_L2_m: 6.355, Yaw_err_deg: 1.679
Epoch: [8/25], Batch: 1360/2963, Loss: 360.213, Trans_L2_m: 5.528, Yaw_err_deg: 2.273
Epoch: [8/25], Batch: 1370/2963, Loss: 464.976, Trans_L2_m: 6.434, Yaw_err_deg: 2.438
Epoch: [8/25], Batch: 1380/2963, Loss: 477.464, Trans_L2_m: 4.858, Yaw_err_deg: 2.639
Epoch: [8/25], Batch: 1390/2963, Loss: 560.798, Trans_L2_m: 6.922, Yaw_err_deg: 1.801
Epoch: [8/25], Batch: 1400/2963, Loss: 617.990, Trans_L2_m: 7.399, Yaw_err_deg: 1.572
Epoch: [8/25], Batch: 1410/2963, Loss: 425.824, Trans_L2_m: 5.840, Yaw_err_deg: 1.923
Epoch: [8/25], Batch: 1420/2963, Loss: 297.042, Trans_L2_m: 5.055, Yaw_err_deg: 1.476
Epoch: [8/25], Batch: 1430/2963, Loss: 500.834, Trans_L2_m: 6.227, Yaw_err_deg: 2.241
Epoch: [8/25], Batch: 1440/2963, Loss: 338.960, Trans_L2_m: 5.113, Yaw_err_deg: 1.883
Epoch: [8/25], Batch: 1450/2963, Loss: 381.757, Trans_L2_m: 5.419, Yaw_err_deg: 1.771
Epoch: [8/25], Batch: 1460/2963, Loss: 588.008, Trans_L2_m: 5.920, Yaw_err_deg: 2.247
Epoch: [8/25], Batch: 1470/2963, Loss: 386.634, Trans_L2_m: 5.643, Yaw_err_deg: 2.486
Epoch: [8/25], Batch: 1480/2963, Loss: 310.987, Trans_L2_m: 4.872, Yaw_err_deg: 2.068
Epoch: [8/25], Batch: 1490/2963, Loss: 391.836, Trans_L2_m: 5.457, Yaw_err_deg: 1.814
Epoch: [8/25], Batch: 1500/2963, Loss: 485.856, Trans_L2_m: 5.619, Yaw_err_deg: 2.340
Epoch: [8/25], Batch: 1510/2963, Loss: 459.176, Trans_L2_m: 6.134, Yaw_err_deg: 1.526
Epoch: [8/25], Batch: 1520/2963, Loss: 616.218, Trans_L2_m: 7.263, Yaw_err_deg: 2.908
Epoch: [8/25], Batch: 1530/2963, Loss: 381.013, Trans_L2_m: 5.460, Yaw_err_deg: 2.507
Epoch: [8/25], Batch: 1540/2963, Loss: 646.576, Trans_L2_m: 6.868, Yaw_err_deg: 2.486
Epoch: [8/25], Batch: 1550/2963, Loss: 500.893, Trans_L2_m: 6.289, Yaw_err_deg: 2.020
Epoch: [8/25], Batch: 1560/2963, Loss: 392.182, Trans_L2_m: 5.980, Yaw_err_deg: 2.170
Epoch: [8/25], Batch: 1570/2963, Loss: 353.496, Trans_L2_m: 4.289, Yaw_err_deg: 3.429
Epoch: [8/25], Batch: 1580/2963, Loss: 360.621, Trans_L2_m: 5.126, Yaw_err_deg: 2.568
Epoch: [8/25], Batch: 1590/2963, Loss: 267.912, Trans_L2_m: 3.879, Yaw_err_deg: 1.703
Epoch: [8/25], Batch: 1600/2963, Loss: 651.563, Trans_L2_m: 7.533, Yaw_err_deg: 1.597
Epoch: [8/25], Batch: 1610/2963, Loss: 387.869, Trans_L2_m: 5.262, Yaw_err_deg: 2.052
Epoch: [8/25], Batch: 1620/2963, Loss: 457.064, Trans_L2_m: 5.920, Yaw_err_deg: 2.476
Epoch: [8/25], Batch: 1630/2963, Loss: 624.894, Trans_L2_m: 6.855, Yaw_err_deg: 2.719
Epoch: [8/25], Batch: 1640/2963, Loss: 557.678, Trans_L2_m: 6.937, Yaw_err_deg: 2.072
Epoch: [8/25], Batch: 1650/2963, Loss: 418.350, Trans_L2_m: 5.049, Yaw_err_deg: 2.867
Epoch: [8/25], Batch: 1660/2963, Loss: 338.858, Trans_L2_m: 4.847, Yaw_err_deg: 1.726
Epoch: [8/25], Batch: 1670/2963, Loss: 541.863, Trans_L2_m: 7.351, Yaw_err_deg: 2.365
Epoch: [8/25], Batch: 1680/2963, Loss: 754.403, Trans_L2_m: 7.950, Yaw_err_deg: 3.395
Epoch: [8/25], Batch: 1690/2963, Loss: 678.422, Trans_L2_m: 7.800, Yaw_err_deg: 1.844
Epoch: [8/25], Batch: 1700/2963, Loss: 403.870, Trans_L2_m: 5.861, Yaw_err_deg: 2.050
Epoch: [8/25], Batch: 1710/2963, Loss: 368.377, Trans_L2_m: 5.342, Yaw_err_deg: 1.675
Epoch: [8/25], Batch: 1720/2963, Loss: 523.704, Trans_L2_m: 7.290, Yaw_err_deg: 1.463
Epoch: [8/25], Batch: 1730/2963, Loss: 572.816, Trans_L2_m: 7.356, Yaw_err_deg: 2.011
Epoch: [8/25], Batch: 1740/2963, Loss: 430.128, Trans_L2_m: 5.842, Yaw_err_deg: 2.232
Epoch: [8/25], Batch: 1750/2963, Loss: 476.039, Trans_L2_m: 6.574, Yaw_err_deg: 2.370
Epoch: [8/25], Batch: 1760/2963, Loss: 436.362, Trans_L2_m: 4.701, Yaw_err_deg: 3.084
Epoch: [8/25], Batch: 1770/2963, Loss: 258.350, Trans_L2_m: 4.060, Yaw_err_deg: 2.025
Epoch: [8/25], Batch: 1780/2963, Loss: 580.856, Trans_L2_m: 7.770, Yaw_err_deg: 2.070
Epoch: [8/25], Batch: 1790/2963, Loss: 595.717, Trans_L2_m: 6.744, Yaw_err_deg: 2.488
Epoch: [8/25], Batch: 1800/2963, Loss: 470.857, Trans_L2_m: 5.941, Yaw_err_deg: 2.527
Epoch: [8/25], Batch: 1810/2963, Loss: 354.443, Trans_L2_m: 5.123, Yaw_err_deg: 2.427
Epoch: [8/25], Batch: 1820/2963, Loss: 315.217, Trans_L2_m: 4.185, Yaw_err_deg: 2.172
Epoch: [8/25], Batch: 1830/2963, Loss: 333.330, Trans_L2_m: 4.281, Yaw_err_deg: 1.881
Epoch: [8/25], Batch: 1840/2963, Loss: 584.684, Trans_L2_m: 7.503, Yaw_err_deg: 1.454
Epoch: [8/25], Batch: 1850/2963, Loss: 719.597, Trans_L2_m: 7.690, Yaw_err_deg: 3.006
Epoch: [8/25], Batch: 1860/2963, Loss: 601.752, Trans_L2_m: 7.578, Yaw_err_deg: 2.421
Epoch: [8/25], Batch: 1870/2963, Loss: 576.042, Trans_L2_m: 6.922, Yaw_err_deg: 2.743
Epoch: [8/25], Batch: 1880/2963, Loss: 342.972, Trans_L2_m: 4.853, Yaw_err_deg: 2.948
Epoch: [8/25], Batch: 1890/2963, Loss: 481.498, Trans_L2_m: 5.492, Yaw_err_deg: 3.115
Epoch: [8/25], Batch: 1900/2963, Loss: 289.570, Trans_L2_m: 4.235, Yaw_err_deg: 2.430
Epoch: [8/25], Batch: 1910/2963, Loss: 722.149, Trans_L2_m: 7.544, Yaw_err_deg: 1.880
Epoch: [8/25], Batch: 1920/2963, Loss: 378.600, Trans_L2_m: 5.173, Yaw_err_deg: 2.302
Epoch: [8/25], Batch: 1930/2963, Loss: 339.567, Trans_L2_m: 5.709, Yaw_err_deg: 2.016
Epoch: [8/25], Batch: 1940/2963, Loss: 523.415, Trans_L2_m: 6.514, Yaw_err_deg: 1.753
Epoch: [8/25], Batch: 1950/2963, Loss: 530.680, Trans_L2_m: 6.170, Yaw_err_deg: 2.549
Epoch: [8/25], Batch: 1960/2963, Loss: 419.797, Trans_L2_m: 4.864, Yaw_err_deg: 2.299
Epoch: [8/25], Batch: 1970/2963, Loss: 228.203, Trans_L2_m: 3.358, Yaw_err_deg: 2.262
Epoch: [8/25], Batch: 1980/2963, Loss: 290.420, Trans_L2_m: 4.807, Yaw_err_deg: 2.441
Epoch: [8/25], Batch: 1990/2963, Loss: 680.799, Trans_L2_m: 8.302, Yaw_err_deg: 2.575
Epoch: [8/25], Batch: 2000/2963, Loss: 355.284, Trans_L2_m: 4.486, Yaw_err_deg: 2.638
Epoch: [8/25], Batch: 2010/2963, Loss: 276.084, Trans_L2_m: 4.583, Yaw_err_deg: 1.962
Epoch: [8/25], Batch: 2020/2963, Loss: 312.408, Trans_L2_m: 4.359, Yaw_err_deg: 1.491
Epoch: [8/25], Batch: 2030/2963, Loss: 433.886, Trans_L2_m: 5.667, Yaw_err_deg: 2.058
Epoch: [8/25], Batch: 2040/2963, Loss: 439.780, Trans_L2_m: 5.716, Yaw_err_deg: 1.442
Epoch: [8/25], Batch: 2050/2963, Loss: 601.859, Trans_L2_m: 7.256, Yaw_err_deg: 1.954
Epoch: [8/25], Batch: 2060/2963, Loss: 459.763, Trans_L2_m: 5.929, Yaw_err_deg: 2.173
Epoch: [8/25], Batch: 2070/2963, Loss: 659.041, Trans_L2_m: 6.321, Yaw_err_deg: 2.180
Epoch: [8/25], Batch: 2080/2963, Loss: 505.749, Trans_L2_m: 6.386, Yaw_err_deg: 1.758
Epoch: [8/25], Batch: 2090/2963, Loss: 342.801, Trans_L2_m: 5.149, Yaw_err_deg: 1.786
Epoch: [8/25], Batch: 2100/2963, Loss: 744.045, Trans_L2_m: 7.938, Yaw_err_deg: 1.789
Epoch: [8/25], Batch: 2110/2963, Loss: 405.522, Trans_L2_m: 4.150, Yaw_err_deg: 2.724
Epoch: [8/25], Batch: 2120/2963, Loss: 485.404, Trans_L2_m: 5.980, Yaw_err_deg: 2.119
Epoch: [8/25], Batch: 2130/2963, Loss: 481.223, Trans_L2_m: 5.717, Yaw_err_deg: 1.375
Epoch: [8/25], Batch: 2140/2963, Loss: 635.636, Trans_L2_m: 7.117, Yaw_err_deg: 1.477
Epoch: [8/25], Batch: 2150/2963, Loss: 458.600, Trans_L2_m: 5.749, Yaw_err_deg: 2.266
Epoch: [8/25], Batch: 2160/2963, Loss: 623.933, Trans_L2_m: 7.306, Yaw_err_deg: 2.736
Epoch: [8/25], Batch: 2170/2963, Loss: 404.252, Trans_L2_m: 5.649, Yaw_err_deg: 2.316
Epoch: [8/25], Batch: 2180/2963, Loss: 540.882, Trans_L2_m: 7.207, Yaw_err_deg: 1.898
Epoch: [8/25], Batch: 2190/2963, Loss: 275.490, Trans_L2_m: 3.342, Yaw_err_deg: 2.426
Epoch: [8/25], Batch: 2200/2963, Loss: 218.682, Trans_L2_m: 3.334, Yaw_err_deg: 2.383
Epoch: [8/25], Batch: 2210/2963, Loss: 469.391, Trans_L2_m: 6.402, Yaw_err_deg: 2.900
Epoch: [8/25], Batch: 2220/2963, Loss: 371.241, Trans_L2_m: 5.050, Yaw_err_deg: 2.551
Epoch: [8/25], Batch: 2230/2963, Loss: 339.839, Trans_L2_m: 5.370, Yaw_err_deg: 1.717
Epoch: [8/25], Batch: 2240/2963, Loss: 281.976, Trans_L2_m: 3.872, Yaw_err_deg: 2.151
Epoch: [8/25], Batch: 2250/2963, Loss: 312.621, Trans_L2_m: 5.310, Yaw_err_deg: 1.315
Epoch: [8/25], Batch: 2260/2963, Loss: 329.095, Trans_L2_m: 4.816, Yaw_err_deg: 2.483
Epoch: [8/25], Batch: 2270/2963, Loss: 239.841, Trans_L2_m: 3.312, Yaw_err_deg: 1.982
Epoch: [8/25], Batch: 2280/2963, Loss: 409.989, Trans_L2_m: 5.046, Yaw_err_deg: 2.701
Epoch: [8/25], Batch: 2290/2963, Loss: 295.810, Trans_L2_m: 4.267, Yaw_err_deg: 2.268
Epoch: [8/25], Batch: 2300/2963, Loss: 324.589, Trans_L2_m: 4.573, Yaw_err_deg: 1.377
Epoch: [8/25], Batch: 2310/2963, Loss: 459.943, Trans_L2_m: 5.847, Yaw_err_deg: 2.232
Epoch: [8/25], Batch: 2320/2963, Loss: 530.636, Trans_L2_m: 7.326, Yaw_err_deg: 1.817
Epoch: [8/25], Batch: 2330/2963, Loss: 382.191, Trans_L2_m: 5.058, Yaw_err_deg: 2.380
Epoch: [8/25], Batch: 2340/2963, Loss: 632.358, Trans_L2_m: 7.749, Yaw_err_deg: 2.314
Epoch: [8/25], Batch: 2350/2963, Loss: 628.010, Trans_L2_m: 7.246, Yaw_err_deg: 2.406
Epoch: [8/25], Batch: 2360/2963, Loss: 564.772, Trans_L2_m: 7.237, Yaw_err_deg: 1.924
Epoch: [8/25], Batch: 2370/2963, Loss: 332.853, Trans_L2_m: 5.023, Yaw_err_deg: 1.969
Epoch: [8/25], Batch: 2380/2963, Loss: 397.285, Trans_L2_m: 5.166, Yaw_err_deg: 2.467
Epoch: [8/25], Batch: 2390/2963, Loss: 410.716, Trans_L2_m: 5.882, Yaw_err_deg: 2.496
Epoch: [8/25], Batch: 2400/2963, Loss: 407.953, Trans_L2_m: 5.688, Yaw_err_deg: 1.574
Epoch: [8/25], Batch: 2410/2963, Loss: 476.514, Trans_L2_m: 4.182, Yaw_err_deg: 4.723
Epoch: [8/25], Batch: 2420/2963, Loss: 637.061, Trans_L2_m: 7.835, Yaw_err_deg: 1.664
Epoch: [8/25], Batch: 2430/2963, Loss: 391.079, Trans_L2_m: 5.229, Yaw_err_deg: 2.511
Epoch: [8/25], Batch: 2440/2963, Loss: 345.902, Trans_L2_m: 4.829, Yaw_err_deg: 2.212
Epoch: [8/25], Batch: 2450/2963, Loss: 315.976, Trans_L2_m: 5.073, Yaw_err_deg: 1.391
Epoch: [8/25], Batch: 2460/2963, Loss: 303.769, Trans_L2_m: 4.447, Yaw_err_deg: 1.671
Epoch: [8/25], Batch: 2470/2963, Loss: 396.174, Trans_L2_m: 6.283, Yaw_err_deg: 2.073
Epoch: [8/25], Batch: 2480/2963, Loss: 293.090, Trans_L2_m: 4.103, Yaw_err_deg: 2.706
Epoch: [8/25], Batch: 2490/2963, Loss: 460.924, Trans_L2_m: 5.296, Yaw_err_deg: 2.616
Epoch: [8/25], Batch: 2500/2963, Loss: 333.149, Trans_L2_m: 5.230, Yaw_err_deg: 1.636
Epoch: [8/25], Batch: 2510/2963, Loss: 307.371, Trans_L2_m: 3.857, Yaw_err_deg: 2.815
Epoch: [8/25], Batch: 2520/2963, Loss: 370.203, Trans_L2_m: 5.437, Yaw_err_deg: 2.153
Epoch: [8/25], Batch: 2530/2963, Loss: 377.724, Trans_L2_m: 5.395, Yaw_err_deg: 2.398
Epoch: [8/25], Batch: 2540/2963, Loss: 345.460, Trans_L2_m: 5.258, Yaw_err_deg: 2.168
Epoch: [8/25], Batch: 2550/2963, Loss: 316.438, Trans_L2_m: 3.736, Yaw_err_deg: 2.977
Epoch: [8/25], Batch: 2560/2963, Loss: 565.046, Trans_L2_m: 5.745, Yaw_err_deg: 3.279
Epoch: [8/25], Batch: 2570/2963, Loss: 344.687, Trans_L2_m: 5.223, Yaw_err_deg: 1.452
Epoch: [8/25], Batch: 2580/2963, Loss: 583.560, Trans_L2_m: 6.275, Yaw_err_deg: 3.531
Epoch: [8/25], Batch: 2590/2963, Loss: 750.180, Trans_L2_m: 7.822, Yaw_err_deg: 2.671
Epoch: [8/25], Batch: 2600/2963, Loss: 313.385, Trans_L2_m: 4.794, Yaw_err_deg: 1.838
Epoch: [8/25], Batch: 2610/2963, Loss: 255.599, Trans_L2_m: 4.171, Yaw_err_deg: 1.914
Epoch: [8/25], Batch: 2620/2963, Loss: 549.459, Trans_L2_m: 6.692, Yaw_err_deg: 1.286
Epoch: [8/25], Batch: 2630/2963, Loss: 472.454, Trans_L2_m: 5.627, Yaw_err_deg: 2.229
Epoch: [8/25], Batch: 2640/2963, Loss: 451.668, Trans_L2_m: 6.074, Yaw_err_deg: 1.356
Epoch: [8/25], Batch: 2650/2963, Loss: 273.116, Trans_L2_m: 2.995, Yaw_err_deg: 3.080
Epoch: [8/25], Batch: 2660/2963, Loss: 501.388, Trans_L2_m: 6.589, Yaw_err_deg: 2.112
Epoch: [8/25], Batch: 2670/2963, Loss: 317.058, Trans_L2_m: 3.670, Yaw_err_deg: 2.526
Epoch: [8/25], Batch: 2680/2963, Loss: 408.521, Trans_L2_m: 5.801, Yaw_err_deg: 3.259
Epoch: [8/25], Batch: 2690/2963, Loss: 311.236, Trans_L2_m: 4.400, Yaw_err_deg: 1.870
Epoch: [8/25], Batch: 2700/2963, Loss: 550.716, Trans_L2_m: 7.063, Yaw_err_deg: 1.900
Epoch: [8/25], Batch: 2710/2963, Loss: 312.969, Trans_L2_m: 4.567, Yaw_err_deg: 2.127
Epoch: [8/25], Batch: 2720/2963, Loss: 289.931, Trans_L2_m: 4.366, Yaw_err_deg: 2.125
Epoch: [8/25], Batch: 2730/2963, Loss: 394.502, Trans_L2_m: 5.135, Yaw_err_deg: 2.237
Epoch: [8/25], Batch: 2740/2963, Loss: 447.246, Trans_L2_m: 5.568, Yaw_err_deg: 2.192
Epoch: [8/25], Batch: 2750/2963, Loss: 481.243, Trans_L2_m: 5.698, Yaw_err_deg: 2.957
Epoch: [8/25], Batch: 2760/2963, Loss: 314.823, Trans_L2_m: 4.247, Yaw_err_deg: 2.921
Epoch: [8/25], Batch: 2770/2963, Loss: 341.895, Trans_L2_m: 3.953, Yaw_err_deg: 2.862
Epoch: [8/25], Batch: 2780/2963, Loss: 462.536, Trans_L2_m: 6.176, Yaw_err_deg: 2.240
Epoch: [8/25], Batch: 2790/2963, Loss: 357.753, Trans_L2_m: 4.882, Yaw_err_deg: 2.499
Epoch: [8/25], Batch: 2800/2963, Loss: 409.068, Trans_L2_m: 5.489, Yaw_err_deg: 2.287
Epoch: [8/25], Batch: 2810/2963, Loss: 387.933, Trans_L2_m: 5.869, Yaw_err_deg: 1.985
Epoch: [8/25], Batch: 2820/2963, Loss: 452.694, Trans_L2_m: 6.287, Yaw_err_deg: 2.963
Epoch: [8/25], Batch: 2830/2963, Loss: 278.199, Trans_L2_m: 3.474, Yaw_err_deg: 2.225
Epoch: [8/25], Batch: 2840/2963, Loss: 259.067, Trans_L2_m: 4.216, Yaw_err_deg: 1.450
Epoch: [8/25], Batch: 2850/2963, Loss: 321.112, Trans_L2_m: 4.381, Yaw_err_deg: 2.020
Epoch: [8/25], Batch: 2860/2963, Loss: 312.732, Trans_L2_m: 5.002, Yaw_err_deg: 1.789
Epoch: [8/25], Batch: 2870/2963, Loss: 559.431, Trans_L2_m: 7.062, Yaw_err_deg: 1.596
Epoch: [8/25], Batch: 2880/2963, Loss: 309.277, Trans_L2_m: 4.465, Yaw_err_deg: 2.166
Epoch: [8/25], Batch: 2890/2963, Loss: 639.785, Trans_L2_m: 6.815, Yaw_err_deg: 2.421
Epoch: [8/25], Batch: 2900/2963, Loss: 483.790, Trans_L2_m: 5.758, Yaw_err_deg: 2.899
Epoch: [8/25], Batch: 2910/2963, Loss: 296.832, Trans_L2_m: 4.810, Yaw_err_deg: 1.298
Epoch: [8/25], Batch: 2920/2963, Loss: 686.493, Trans_L2_m: 7.287, Yaw_err_deg: 1.983
Epoch: [8/25], Batch: 2930/2963, Loss: 485.144, Trans_L2_m: 6.213, Yaw_err_deg: 3.240
Epoch: [8/25], Batch: 2940/2963, Loss: 308.155, Trans_L2_m: 4.830, Yaw_err_deg: 1.701
Epoch: [8/25], Batch: 2950/2963, Loss: 232.028, Trans_L2_m: 3.749, Yaw_err_deg: 2.071
Epoch: [8/25], Batch: 2960/2963, Loss: 406.608, Trans_L2_m: 4.944, Yaw_err_deg: 2.685
Validation loss (homography): 4788.8470
Avg batch time: 1109.30 ms, total: 360.097 s
[1;91mVal has no improvement vs 4304.80029296875![0m
Epoch: [9/25], Batch: 0/2963, Loss: 327.995, Trans_L2_m: 4.557, Yaw_err_deg: 2.656
Epoch: [9/25], Batch: 10/2963, Loss: 401.048, Trans_L2_m: 4.995, Yaw_err_deg: 3.151
Epoch: [9/25], Batch: 20/2963, Loss: 229.117, Trans_L2_m: 3.556, Yaw_err_deg: 1.527
Epoch: [9/25], Batch: 30/2963, Loss: 321.992, Trans_L2_m: 4.725, Yaw_err_deg: 2.460
Epoch: [9/25], Batch: 40/2963, Loss: 289.444, Trans_L2_m: 4.263, Yaw_err_deg: 1.799
Epoch: [9/25], Batch: 50/2963, Loss: 321.858, Trans_L2_m: 4.693, Yaw_err_deg: 1.361
Epoch: [9/25], Batch: 60/2963, Loss: 344.620, Trans_L2_m: 3.947, Yaw_err_deg: 2.433
Epoch: [9/25], Batch: 70/2963, Loss: 682.248, Trans_L2_m: 7.452, Yaw_err_deg: 3.542
Epoch: [9/25], Batch: 80/2963, Loss: 268.226, Trans_L2_m: 4.382, Yaw_err_deg: 1.989
Epoch: [9/25], Batch: 90/2963, Loss: 291.795, Trans_L2_m: 4.320, Yaw_err_deg: 2.478
Epoch: [9/25], Batch: 100/2963, Loss: 268.618, Trans_L2_m: 3.936, Yaw_err_deg: 2.232
Epoch: [9/25], Batch: 110/2963, Loss: 459.565, Trans_L2_m: 4.770, Yaw_err_deg: 1.819
Epoch: [9/25], Batch: 120/2963, Loss: 234.276, Trans_L2_m: 3.886, Yaw_err_deg: 1.650
Epoch: [9/25], Batch: 130/2963, Loss: 305.718, Trans_L2_m: 3.809, Yaw_err_deg: 2.633
Epoch: [9/25], Batch: 140/2963, Loss: 357.298, Trans_L2_m: 4.712, Yaw_err_deg: 2.158
Epoch: [9/25], Batch: 150/2963, Loss: 405.029, Trans_L2_m: 5.408, Yaw_err_deg: 2.189
Epoch: [9/25], Batch: 160/2963, Loss: 329.269, Trans_L2_m: 4.508, Yaw_err_deg: 1.790
Epoch: [9/25], Batch: 170/2963, Loss: 522.840, Trans_L2_m: 6.268, Yaw_err_deg: 1.964
Epoch: [9/25], Batch: 180/2963, Loss: 591.165, Trans_L2_m: 7.514, Yaw_err_deg: 1.343
Epoch: [9/25], Batch: 190/2963, Loss: 249.698, Trans_L2_m: 4.470, Yaw_err_deg: 1.907
Epoch: [9/25], Batch: 200/2963, Loss: 329.339, Trans_L2_m: 4.597, Yaw_err_deg: 2.281
Epoch: [9/25], Batch: 210/2963, Loss: 236.801, Trans_L2_m: 4.004, Yaw_err_deg: 1.608
Epoch: [9/25], Batch: 220/2963, Loss: 280.348, Trans_L2_m: 3.818, Yaw_err_deg: 1.865
Epoch: [9/25], Batch: 230/2963, Loss: 331.433, Trans_L2_m: 5.398, Yaw_err_deg: 1.711
Epoch: [9/25], Batch: 240/2963, Loss: 394.017, Trans_L2_m: 4.672, Yaw_err_deg: 2.784
Epoch: [9/25], Batch: 250/2963, Loss: 199.906, Trans_L2_m: 3.574, Yaw_err_deg: 1.523
Epoch: [9/25], Batch: 260/2963, Loss: 284.776, Trans_L2_m: 4.256, Yaw_err_deg: 2.141
Epoch: [9/25], Batch: 270/2963, Loss: 292.967, Trans_L2_m: 4.113, Yaw_err_deg: 2.538
Epoch: [9/25], Batch: 280/2963, Loss: 328.025, Trans_L2_m: 4.877, Yaw_err_deg: 2.411
Epoch: [9/25], Batch: 290/2963, Loss: 238.827, Trans_L2_m: 3.860, Yaw_err_deg: 1.945
Epoch: [9/25], Batch: 300/2963, Loss: 422.127, Trans_L2_m: 5.527, Yaw_err_deg: 1.677
Epoch: [9/25], Batch: 310/2963, Loss: 258.092, Trans_L2_m: 4.088, Yaw_err_deg: 1.851
Epoch: [9/25], Batch: 320/2963, Loss: 496.429, Trans_L2_m: 6.528, Yaw_err_deg: 1.522
Epoch: [9/25], Batch: 330/2963, Loss: 301.185, Trans_L2_m: 4.264, Yaw_err_deg: 2.282
Epoch: [9/25], Batch: 340/2963, Loss: 222.336, Trans_L2_m: 3.463, Yaw_err_deg: 1.943
Epoch: [9/25], Batch: 350/2963, Loss: 526.315, Trans_L2_m: 6.139, Yaw_err_deg: 2.743
Epoch: [9/25], Batch: 360/2963, Loss: 222.444, Trans_L2_m: 4.024, Yaw_err_deg: 1.842
Epoch: [9/25], Batch: 370/2963, Loss: 399.543, Trans_L2_m: 5.658, Yaw_err_deg: 2.274
Epoch: [9/25], Batch: 380/2963, Loss: 359.978, Trans_L2_m: 5.458, Yaw_err_deg: 1.385
Epoch: [9/25], Batch: 390/2963, Loss: 345.642, Trans_L2_m: 4.610, Yaw_err_deg: 1.637
Epoch: [9/25], Batch: 400/2963, Loss: 434.237, Trans_L2_m: 5.913, Yaw_err_deg: 2.533
Epoch: [9/25], Batch: 410/2963, Loss: 628.246, Trans_L2_m: 7.423, Yaw_err_deg: 2.613
Epoch: [9/25], Batch: 420/2963, Loss: 345.432, Trans_L2_m: 5.571, Yaw_err_deg: 2.178
Epoch: [9/25], Batch: 430/2963, Loss: 209.706, Trans_L2_m: 3.427, Yaw_err_deg: 1.542
Epoch: [9/25], Batch: 440/2963, Loss: 282.497, Trans_L2_m: 4.379, Yaw_err_deg: 2.090
Epoch: [9/25], Batch: 450/2963, Loss: 365.886, Trans_L2_m: 5.668, Yaw_err_deg: 1.880
Epoch: [9/25], Batch: 460/2963, Loss: 267.976, Trans_L2_m: 4.388, Yaw_err_deg: 1.855
Epoch: [9/25], Batch: 470/2963, Loss: 320.779, Trans_L2_m: 4.882, Yaw_err_deg: 1.799
Epoch: [9/25], Batch: 480/2963, Loss: 247.458, Trans_L2_m: 3.375, Yaw_err_deg: 2.346
Epoch: [9/25], Batch: 490/2963, Loss: 212.623, Trans_L2_m: 3.574, Yaw_err_deg: 1.445
Epoch: [9/25], Batch: 500/2963, Loss: 351.181, Trans_L2_m: 3.826, Yaw_err_deg: 2.523
Epoch: [9/25], Batch: 510/2963, Loss: 369.062, Trans_L2_m: 5.024, Yaw_err_deg: 2.216
Epoch: [9/25], Batch: 520/2963, Loss: 218.917, Trans_L2_m: 3.501, Yaw_err_deg: 1.885
Epoch: [9/25], Batch: 530/2963, Loss: 280.313, Trans_L2_m: 4.656, Yaw_err_deg: 1.585
Epoch: [9/25], Batch: 540/2963, Loss: 421.954, Trans_L2_m: 5.671, Yaw_err_deg: 2.457
Epoch: [9/25], Batch: 550/2963, Loss: 606.359, Trans_L2_m: 6.791, Yaw_err_deg: 1.570
Epoch: [9/25], Batch: 560/2963, Loss: 352.025, Trans_L2_m: 4.305, Yaw_err_deg: 1.422
Epoch: [9/25], Batch: 570/2963, Loss: 361.088, Trans_L2_m: 5.146, Yaw_err_deg: 1.746
Epoch: [9/25], Batch: 580/2963, Loss: 610.736, Trans_L2_m: 7.621, Yaw_err_deg: 2.613
Epoch: [9/25], Batch: 590/2963, Loss: 247.283, Trans_L2_m: 3.517, Yaw_err_deg: 2.502
Epoch: [9/25], Batch: 600/2963, Loss: 357.917, Trans_L2_m: 5.549, Yaw_err_deg: 1.780
Epoch: [9/25], Batch: 610/2963, Loss: 341.142, Trans_L2_m: 4.699, Yaw_err_deg: 2.474
Epoch: [9/25], Batch: 620/2963, Loss: 246.487, Trans_L2_m: 4.099, Yaw_err_deg: 1.934
Epoch: [9/25], Batch: 630/2963, Loss: 380.295, Trans_L2_m: 5.328, Yaw_err_deg: 1.521
Epoch: [9/25], Batch: 640/2963, Loss: 361.987, Trans_L2_m: 5.121, Yaw_err_deg: 2.911
Epoch: [9/25], Batch: 650/2963, Loss: 257.073, Trans_L2_m: 3.879, Yaw_err_deg: 2.072
Epoch: [9/25], Batch: 660/2963, Loss: 562.567, Trans_L2_m: 6.631, Yaw_err_deg: 2.504
Epoch: [9/25], Batch: 670/2963, Loss: 291.801, Trans_L2_m: 4.752, Yaw_err_deg: 1.977
Epoch: [9/25], Batch: 680/2963, Loss: 350.575, Trans_L2_m: 5.029, Yaw_err_deg: 1.935
Epoch: [9/25], Batch: 690/2963, Loss: 505.222, Trans_L2_m: 6.259, Yaw_err_deg: 2.625
Epoch: [9/25], Batch: 700/2963, Loss: 378.589, Trans_L2_m: 5.137, Yaw_err_deg: 2.598
Epoch: [9/25], Batch: 710/2963, Loss: 243.428, Trans_L2_m: 3.451, Yaw_err_deg: 2.175
Epoch: [9/25], Batch: 720/2963, Loss: 295.532, Trans_L2_m: 3.538, Yaw_err_deg: 2.713
Epoch: [9/25], Batch: 730/2963, Loss: 406.522, Trans_L2_m: 4.904, Yaw_err_deg: 2.152
Epoch: [9/25], Batch: 740/2963, Loss: 327.586, Trans_L2_m: 4.839, Yaw_err_deg: 2.204
Epoch: [9/25], Batch: 750/2963, Loss: 235.148, Trans_L2_m: 3.700, Yaw_err_deg: 1.549
Epoch: [9/25], Batch: 760/2963, Loss: 256.515, Trans_L2_m: 4.272, Yaw_err_deg: 1.957
Epoch: [9/25], Batch: 770/2963, Loss: 812.450, Trans_L2_m: 7.458, Yaw_err_deg: 3.141
Epoch: [9/25], Batch: 780/2963, Loss: 213.509, Trans_L2_m: 3.584, Yaw_err_deg: 2.087
Epoch: [9/25], Batch: 790/2963, Loss: 429.669, Trans_L2_m: 6.297, Yaw_err_deg: 0.988
Epoch: [9/25], Batch: 800/2963, Loss: 284.721, Trans_L2_m: 4.236, Yaw_err_deg: 2.134
Epoch: [9/25], Batch: 810/2963, Loss: 278.286, Trans_L2_m: 3.996, Yaw_err_deg: 2.248
Epoch: [9/25], Batch: 820/2963, Loss: 255.520, Trans_L2_m: 4.128, Yaw_err_deg: 1.892
Epoch: [9/25], Batch: 830/2963, Loss: 314.054, Trans_L2_m: 4.055, Yaw_err_deg: 2.336
Epoch: [9/25], Batch: 840/2963, Loss: 315.324, Trans_L2_m: 5.083, Yaw_err_deg: 2.088
Epoch: [9/25], Batch: 850/2963, Loss: 421.260, Trans_L2_m: 5.440, Yaw_err_deg: 3.062
Epoch: [9/25], Batch: 860/2963, Loss: 419.590, Trans_L2_m: 5.406, Yaw_err_deg: 2.863
Epoch: [9/25], Batch: 870/2963, Loss: 241.922, Trans_L2_m: 4.039, Yaw_err_deg: 1.257
Epoch: [9/25], Batch: 880/2963, Loss: 293.207, Trans_L2_m: 4.377, Yaw_err_deg: 1.932
Epoch: [9/25], Batch: 890/2963, Loss: 220.181, Trans_L2_m: 3.759, Yaw_err_deg: 1.236
Epoch: [9/25], Batch: 900/2963, Loss: 232.482, Trans_L2_m: 3.773, Yaw_err_deg: 2.008
Epoch: [9/25], Batch: 910/2963, Loss: 197.826, Trans_L2_m: 3.095, Yaw_err_deg: 1.815
Epoch: [9/25], Batch: 920/2963, Loss: 583.117, Trans_L2_m: 6.665, Yaw_err_deg: 2.375
Epoch: [9/25], Batch: 930/2963, Loss: 305.216, Trans_L2_m: 4.341, Yaw_err_deg: 2.149
Epoch: [9/25], Batch: 940/2963, Loss: 283.104, Trans_L2_m: 3.703, Yaw_err_deg: 1.989
Epoch: [9/25], Batch: 950/2963, Loss: 469.253, Trans_L2_m: 6.167, Yaw_err_deg: 2.392
Epoch: [9/25], Batch: 960/2963, Loss: 586.094, Trans_L2_m: 6.527, Yaw_err_deg: 2.287
Epoch: [9/25], Batch: 970/2963, Loss: 366.209, Trans_L2_m: 5.205, Yaw_err_deg: 2.414
Epoch: [9/25], Batch: 980/2963, Loss: 307.150, Trans_L2_m: 4.644, Yaw_err_deg: 1.692
Epoch: [9/25], Batch: 990/2963, Loss: 350.997, Trans_L2_m: 4.879, Yaw_err_deg: 2.599
Epoch: [9/25], Batch: 1000/2963, Loss: 443.973, Trans_L2_m: 4.843, Yaw_err_deg: 2.384
Epoch: [9/25], Batch: 1010/2963, Loss: 317.049, Trans_L2_m: 4.061, Yaw_err_deg: 2.662
Epoch: [9/25], Batch: 1020/2963, Loss: 348.562, Trans_L2_m: 4.684, Yaw_err_deg: 2.281
Epoch: [9/25], Batch: 1030/2963, Loss: 1066.706, Trans_L2_m: 6.982, Yaw_err_deg: 2.722
Epoch: [9/25], Batch: 1040/2963, Loss: 197.812, Trans_L2_m: 3.591, Yaw_err_deg: 1.522
Epoch: [9/25], Batch: 1050/2963, Loss: 300.316, Trans_L2_m: 3.995, Yaw_err_deg: 1.854
Epoch: [9/25], Batch: 1060/2963, Loss: 372.176, Trans_L2_m: 5.130, Yaw_err_deg: 2.101
Epoch: [9/25], Batch: 1070/2963, Loss: 277.508, Trans_L2_m: 4.333, Yaw_err_deg: 1.737
Epoch: [9/25], Batch: 1080/2963, Loss: 295.290, Trans_L2_m: 4.449, Yaw_err_deg: 2.377
Epoch: [9/25], Batch: 1090/2963, Loss: 254.757, Trans_L2_m: 4.001, Yaw_err_deg: 2.144
Epoch: [9/25], Batch: 1100/2963, Loss: 383.363, Trans_L2_m: 5.509, Yaw_err_deg: 2.198
Epoch: [9/25], Batch: 1110/2963, Loss: 244.474, Trans_L2_m: 3.504, Yaw_err_deg: 2.295
Epoch: [9/25], Batch: 1120/2963, Loss: 329.738, Trans_L2_m: 4.697, Yaw_err_deg: 1.876
Epoch: [9/25], Batch: 1130/2963, Loss: 636.165, Trans_L2_m: 7.484, Yaw_err_deg: 2.035
Epoch: [9/25], Batch: 1140/2963, Loss: 465.429, Trans_L2_m: 6.451, Yaw_err_deg: 1.954
Epoch: [9/25], Batch: 1150/2963, Loss: 378.579, Trans_L2_m: 4.417, Yaw_err_deg: 3.263
Epoch: [9/25], Batch: 1160/2963, Loss: 235.840, Trans_L2_m: 3.848, Yaw_err_deg: 1.747
Epoch: [9/25], Batch: 1170/2963, Loss: 270.504, Trans_L2_m: 4.189, Yaw_err_deg: 2.505
Epoch: [9/25], Batch: 1180/2963, Loss: 277.592, Trans_L2_m: 3.990, Yaw_err_deg: 1.676
Epoch: [9/25], Batch: 1190/2963, Loss: 456.561, Trans_L2_m: 5.490, Yaw_err_deg: 3.226
Epoch: [9/25], Batch: 1200/2963, Loss: 327.034, Trans_L2_m: 4.863, Yaw_err_deg: 2.113
Epoch: [9/25], Batch: 1210/2963, Loss: 415.854, Trans_L2_m: 5.898, Yaw_err_deg: 1.923
Epoch: [9/25], Batch: 1220/2963, Loss: 234.881, Trans_L2_m: 3.363, Yaw_err_deg: 1.890
Epoch: [9/25], Batch: 1230/2963, Loss: 298.044, Trans_L2_m: 4.631, Yaw_err_deg: 2.143
Epoch: [9/25], Batch: 1240/2963, Loss: 270.220, Trans_L2_m: 4.219, Yaw_err_deg: 1.711
Epoch: [9/25], Batch: 1250/2963, Loss: 520.524, Trans_L2_m: 6.346, Yaw_err_deg: 2.576
Epoch: [9/25], Batch: 1260/2963, Loss: 271.807, Trans_L2_m: 4.632, Yaw_err_deg: 1.182
Epoch: [9/25], Batch: 1270/2963, Loss: 287.963, Trans_L2_m: 4.172, Yaw_err_deg: 1.985
Epoch: [9/25], Batch: 1280/2963, Loss: 446.393, Trans_L2_m: 5.523, Yaw_err_deg: 2.521
Epoch: [9/25], Batch: 1290/2963, Loss: 342.148, Trans_L2_m: 4.294, Yaw_err_deg: 1.463
Epoch: [9/25], Batch: 1300/2963, Loss: 724.423, Trans_L2_m: 7.747, Yaw_err_deg: 2.865
Epoch: [9/25], Batch: 1310/2963, Loss: 303.835, Trans_L2_m: 4.944, Yaw_err_deg: 2.001
Epoch: [9/25], Batch: 1320/2963, Loss: 312.618, Trans_L2_m: 4.766, Yaw_err_deg: 1.531
Epoch: [9/25], Batch: 1330/2963, Loss: 598.915, Trans_L2_m: 7.044, Yaw_err_deg: 2.800
Epoch: [9/25], Batch: 1340/2963, Loss: 366.424, Trans_L2_m: 5.292, Yaw_err_deg: 1.951
Epoch: [9/25], Batch: 1350/2963, Loss: 270.223, Trans_L2_m: 4.126, Yaw_err_deg: 2.118
Epoch: [9/25], Batch: 1360/2963, Loss: 256.153, Trans_L2_m: 4.135, Yaw_err_deg: 1.773
Epoch: [9/25], Batch: 1370/2963, Loss: 223.916, Trans_L2_m: 4.369, Yaw_err_deg: 1.547
Epoch: [9/25], Batch: 1380/2963, Loss: 448.561, Trans_L2_m: 5.259, Yaw_err_deg: 1.371
Epoch: [9/25], Batch: 1390/2963, Loss: 330.401, Trans_L2_m: 5.637, Yaw_err_deg: 1.732
Epoch: [9/25], Batch: 1400/2963, Loss: 272.920, Trans_L2_m: 4.552, Yaw_err_deg: 1.750
Epoch: [9/25], Batch: 1410/2963, Loss: 331.908, Trans_L2_m: 4.370, Yaw_err_deg: 1.630
Epoch: [9/25], Batch: 1420/2963, Loss: 316.933, Trans_L2_m: 4.476, Yaw_err_deg: 2.583
Epoch: [9/25], Batch: 1430/2963, Loss: 255.741, Trans_L2_m: 4.116, Yaw_err_deg: 1.655
Epoch: [9/25], Batch: 1440/2963, Loss: 210.219, Trans_L2_m: 3.439, Yaw_err_deg: 1.809
Epoch: [9/25], Batch: 1450/2963, Loss: 346.889, Trans_L2_m: 4.549, Yaw_err_deg: 2.113
Epoch: [9/25], Batch: 1460/2963, Loss: 415.106, Trans_L2_m: 4.899, Yaw_err_deg: 2.184
Epoch: [9/25], Batch: 1470/2963, Loss: 462.901, Trans_L2_m: 5.657, Yaw_err_deg: 2.712
Epoch: [9/25], Batch: 1480/2963, Loss: 406.958, Trans_L2_m: 5.418, Yaw_err_deg: 3.055
Epoch: [9/25], Batch: 1490/2963, Loss: 412.595, Trans_L2_m: 5.179, Yaw_err_deg: 2.143
Epoch: [9/25], Batch: 1500/2963, Loss: 512.815, Trans_L2_m: 6.571, Yaw_err_deg: 1.960
Epoch: [9/25], Batch: 1510/2963, Loss: 248.024, Trans_L2_m: 3.822, Yaw_err_deg: 2.510
Epoch: [9/25], Batch: 1520/2963, Loss: 324.339, Trans_L2_m: 4.494, Yaw_err_deg: 2.095
Epoch: [9/25], Batch: 1530/2963, Loss: 414.495, Trans_L2_m: 5.637, Yaw_err_deg: 1.367
Epoch: [9/25], Batch: 1540/2963, Loss: 340.091, Trans_L2_m: 5.005, Yaw_err_deg: 2.033
Epoch: [9/25], Batch: 1550/2963, Loss: 299.703, Trans_L2_m: 4.953, Yaw_err_deg: 2.013
Epoch: [9/25], Batch: 1560/2963, Loss: 276.730, Trans_L2_m: 4.387, Yaw_err_deg: 1.629
Epoch: [9/25], Batch: 1570/2963, Loss: 295.529, Trans_L2_m: 4.337, Yaw_err_deg: 2.270
Epoch: [9/25], Batch: 1580/2963, Loss: 481.589, Trans_L2_m: 5.785, Yaw_err_deg: 1.831
Epoch: [9/25], Batch: 1590/2963, Loss: 510.970, Trans_L2_m: 5.806, Yaw_err_deg: 2.528
Epoch: [9/25], Batch: 1600/2963, Loss: 444.041, Trans_L2_m: 5.750, Yaw_err_deg: 1.719
Epoch: [9/25], Batch: 1610/2963, Loss: 188.484, Trans_L2_m: 3.224, Yaw_err_deg: 1.702
Epoch: [9/25], Batch: 1620/2963, Loss: 264.998, Trans_L2_m: 4.206, Yaw_err_deg: 1.543
Epoch: [9/25], Batch: 1630/2963, Loss: 475.263, Trans_L2_m: 6.232, Yaw_err_deg: 2.413
Epoch: [9/25], Batch: 1640/2963, Loss: 291.352, Trans_L2_m: 3.978, Yaw_err_deg: 1.778
Epoch: [9/25], Batch: 1650/2963, Loss: 333.392, Trans_L2_m: 4.489, Yaw_err_deg: 2.364
Epoch: [9/25], Batch: 1660/2963, Loss: 322.053, Trans_L2_m: 5.272, Yaw_err_deg: 2.280
Epoch: [9/25], Batch: 1670/2963, Loss: 303.654, Trans_L2_m: 3.961, Yaw_err_deg: 2.304
Epoch: [9/25], Batch: 1680/2963, Loss: 375.944, Trans_L2_m: 5.127, Yaw_err_deg: 1.680
Epoch: [9/25], Batch: 1690/2963, Loss: 323.427, Trans_L2_m: 4.852, Yaw_err_deg: 2.103
Epoch: [9/25], Batch: 1700/2963, Loss: 303.457, Trans_L2_m: 4.884, Yaw_err_deg: 2.217
Epoch: [9/25], Batch: 1710/2963, Loss: 217.147, Trans_L2_m: 3.198, Yaw_err_deg: 2.232
Epoch: [9/25], Batch: 1720/2963, Loss: 359.304, Trans_L2_m: 5.391, Yaw_err_deg: 2.028
Epoch: [9/25], Batch: 1730/2963, Loss: 303.684, Trans_L2_m: 4.155, Yaw_err_deg: 2.936
Epoch: [9/25], Batch: 1740/2963, Loss: 374.213, Trans_L2_m: 5.409, Yaw_err_deg: 1.898
Epoch: [9/25], Batch: 1750/2963, Loss: 303.551, Trans_L2_m: 4.712, Yaw_err_deg: 2.219
Epoch: [9/25], Batch: 1760/2963, Loss: 310.329, Trans_L2_m: 4.485, Yaw_err_deg: 1.683
Epoch: [9/25], Batch: 1770/2963, Loss: 327.568, Trans_L2_m: 5.784, Yaw_err_deg: 1.729
Epoch: [9/25], Batch: 1780/2963, Loss: 319.708, Trans_L2_m: 5.112, Yaw_err_deg: 1.568
Epoch: [9/25], Batch: 1790/2963, Loss: 230.806, Trans_L2_m: 3.945, Yaw_err_deg: 1.825
Epoch: [9/25], Batch: 1800/2963, Loss: 431.166, Trans_L2_m: 6.248, Yaw_err_deg: 2.332
Epoch: [9/25], Batch: 1810/2963, Loss: 352.509, Trans_L2_m: 5.558, Yaw_err_deg: 1.126
Epoch: [9/25], Batch: 1820/2963, Loss: 392.535, Trans_L2_m: 6.260, Yaw_err_deg: 1.414
Epoch: [9/25], Batch: 1830/2963, Loss: 288.053, Trans_L2_m: 4.502, Yaw_err_deg: 1.690
Epoch: [9/25], Batch: 1840/2963, Loss: 229.306, Trans_L2_m: 3.273, Yaw_err_deg: 2.200
Epoch: [9/25], Batch: 1850/2963, Loss: 320.656, Trans_L2_m: 4.977, Yaw_err_deg: 2.419
Epoch: [9/25], Batch: 1860/2963, Loss: 474.393, Trans_L2_m: 6.239, Yaw_err_deg: 2.111
Epoch: [9/25], Batch: 1870/2963, Loss: 290.454, Trans_L2_m: 5.055, Yaw_err_deg: 1.621
Epoch: [9/25], Batch: 1880/2963, Loss: 294.573, Trans_L2_m: 4.951, Yaw_err_deg: 1.485
Epoch: [9/25], Batch: 1890/2963, Loss: 476.402, Trans_L2_m: 5.064, Yaw_err_deg: 2.318
Epoch: [9/25], Batch: 1900/2963, Loss: 351.701, Trans_L2_m: 4.942, Yaw_err_deg: 2.946
Epoch: [9/25], Batch: 1910/2963, Loss: 374.078, Trans_L2_m: 5.512, Yaw_err_deg: 1.993
Epoch: [9/25], Batch: 1920/2963, Loss: 331.439, Trans_L2_m: 4.161, Yaw_err_deg: 2.604
Epoch: [9/25], Batch: 1930/2963, Loss: 390.050, Trans_L2_m: 4.812, Yaw_err_deg: 2.083
Epoch: [9/25], Batch: 1940/2963, Loss: 349.102, Trans_L2_m: 5.462, Yaw_err_deg: 2.309
Epoch: [9/25], Batch: 1950/2963, Loss: 566.931, Trans_L2_m: 6.202, Yaw_err_deg: 3.215
Epoch: [9/25], Batch: 1960/2963, Loss: 342.111, Trans_L2_m: 4.819, Yaw_err_deg: 1.719
Epoch: [9/25], Batch: 1970/2963, Loss: 216.042, Trans_L2_m: 3.510, Yaw_err_deg: 2.065
Epoch: [9/25], Batch: 1980/2963, Loss: 439.863, Trans_L2_m: 5.705, Yaw_err_deg: 2.120
Epoch: [9/25], Batch: 1990/2963, Loss: 355.099, Trans_L2_m: 4.253, Yaw_err_deg: 3.277
Epoch: [9/25], Batch: 2000/2963, Loss: 403.574, Trans_L2_m: 4.206, Yaw_err_deg: 4.037
Epoch: [9/25], Batch: 2010/2963, Loss: 365.114, Trans_L2_m: 5.569, Yaw_err_deg: 1.646
Epoch: [9/25], Batch: 2020/2963, Loss: 341.227, Trans_L2_m: 4.322, Yaw_err_deg: 2.939
Epoch: [9/25], Batch: 2030/2963, Loss: 373.585, Trans_L2_m: 5.381, Yaw_err_deg: 2.444
Epoch: [9/25], Batch: 2040/2963, Loss: 377.517, Trans_L2_m: 5.088, Yaw_err_deg: 2.367
Epoch: [9/25], Batch: 2050/2963, Loss: 265.856, Trans_L2_m: 4.331, Yaw_err_deg: 1.770
Epoch: [9/25], Batch: 2060/2963, Loss: 337.432, Trans_L2_m: 4.693, Yaw_err_deg: 2.100
Epoch: [9/25], Batch: 2070/2963, Loss: 633.332, Trans_L2_m: 6.478, Yaw_err_deg: 2.299
Epoch: [9/25], Batch: 2080/2963, Loss: 395.798, Trans_L2_m: 5.978, Yaw_err_deg: 1.642
Epoch: [9/25], Batch: 2090/2963, Loss: 349.179, Trans_L2_m: 5.060, Yaw_err_deg: 1.438
Epoch: [9/25], Batch: 2100/2963, Loss: 329.973, Trans_L2_m: 4.768, Yaw_err_deg: 2.096
Epoch: [9/25], Batch: 2110/2963, Loss: 566.084, Trans_L2_m: 6.680, Yaw_err_deg: 2.975
Epoch: [9/25], Batch: 2120/2963, Loss: 318.680, Trans_L2_m: 4.946, Yaw_err_deg: 1.706
Epoch: [9/25], Batch: 2130/2963, Loss: 341.070, Trans_L2_m: 4.606, Yaw_err_deg: 2.333
Epoch: [9/25], Batch: 2140/2963, Loss: 378.133, Trans_L2_m: 5.686, Yaw_err_deg: 2.010
Epoch: [9/25], Batch: 2150/2963, Loss: 805.945, Trans_L2_m: 8.582, Yaw_err_deg: 1.919
Epoch: [9/25], Batch: 2160/2963, Loss: 261.080, Trans_L2_m: 4.280, Yaw_err_deg: 1.020
Epoch: [9/25], Batch: 2170/2963, Loss: 225.461, Trans_L2_m: 3.821, Yaw_err_deg: 1.631
Epoch: [9/25], Batch: 2180/2963, Loss: 360.656, Trans_L2_m: 5.123, Yaw_err_deg: 1.932
Epoch: [9/25], Batch: 2190/2963, Loss: 439.713, Trans_L2_m: 6.055, Yaw_err_deg: 1.855
Epoch: [9/25], Batch: 2200/2963, Loss: 283.846, Trans_L2_m: 4.020, Yaw_err_deg: 1.876
Epoch: [9/25], Batch: 2210/2963, Loss: 349.548, Trans_L2_m: 4.982, Yaw_err_deg: 2.304
Epoch: [9/25], Batch: 2220/2963, Loss: 330.426, Trans_L2_m: 4.785, Yaw_err_deg: 1.732
Epoch: [9/25], Batch: 2230/2963, Loss: 384.833, Trans_L2_m: 5.473, Yaw_err_deg: 2.491
Epoch: [9/25], Batch: 2240/2963, Loss: 209.167, Trans_L2_m: 3.647, Yaw_err_deg: 2.066
Epoch: [9/25], Batch: 2250/2963, Loss: 217.936, Trans_L2_m: 3.507, Yaw_err_deg: 2.261
Epoch: [9/25], Batch: 2260/2963, Loss: 398.645, Trans_L2_m: 5.653, Yaw_err_deg: 1.707
Epoch: [9/25], Batch: 2270/2963, Loss: 467.916, Trans_L2_m: 4.559, Yaw_err_deg: 4.422
Epoch: [9/25], Batch: 2280/2963, Loss: 281.487, Trans_L2_m: 4.497, Yaw_err_deg: 1.698
Epoch: [9/25], Batch: 2290/2963, Loss: 721.451, Trans_L2_m: 7.034, Yaw_err_deg: 2.132
Epoch: [9/25], Batch: 2300/2963, Loss: 213.038, Trans_L2_m: 3.410, Yaw_err_deg: 1.394
Epoch: [9/25], Batch: 2310/2963, Loss: 266.178, Trans_L2_m: 4.001, Yaw_err_deg: 1.405
Epoch: [9/25], Batch: 2320/2963, Loss: 376.063, Trans_L2_m: 5.414, Yaw_err_deg: 2.009
Epoch: [9/25], Batch: 2330/2963, Loss: 514.295, Trans_L2_m: 6.485, Yaw_err_deg: 1.980
Epoch: [9/25], Batch: 2340/2963, Loss: 330.982, Trans_L2_m: 5.006, Yaw_err_deg: 2.338
Epoch: [9/25], Batch: 2350/2963, Loss: 354.169, Trans_L2_m: 4.957, Yaw_err_deg: 3.090
Epoch: [9/25], Batch: 2360/2963, Loss: 546.316, Trans_L2_m: 5.341, Yaw_err_deg: 4.427
Epoch: [9/25], Batch: 2370/2963, Loss: 422.444, Trans_L2_m: 4.874, Yaw_err_deg: 3.272
Epoch: [9/25], Batch: 2380/2963, Loss: 404.182, Trans_L2_m: 4.585, Yaw_err_deg: 2.555
Epoch: [9/25], Batch: 2390/2963, Loss: 404.129, Trans_L2_m: 4.724, Yaw_err_deg: 3.044
Epoch: [9/25], Batch: 2400/2963, Loss: 370.346, Trans_L2_m: 5.202, Yaw_err_deg: 1.629
Epoch: [9/25], Batch: 2410/2963, Loss: 463.974, Trans_L2_m: 5.869, Yaw_err_deg: 1.897
Epoch: [9/25], Batch: 2420/2963, Loss: 243.583, Trans_L2_m: 3.908, Yaw_err_deg: 1.617
Epoch: [9/25], Batch: 2430/2963, Loss: 263.721, Trans_L2_m: 3.779, Yaw_err_deg: 2.418
Epoch: [9/25], Batch: 2440/2963, Loss: 279.935, Trans_L2_m: 4.188, Yaw_err_deg: 2.530
Epoch: [9/25], Batch: 2450/2963, Loss: 413.158, Trans_L2_m: 5.481, Yaw_err_deg: 2.156
Epoch: [9/25], Batch: 2460/2963, Loss: 243.870, Trans_L2_m: 4.250, Yaw_err_deg: 1.748
Epoch: [9/25], Batch: 2470/2963, Loss: 200.868, Trans_L2_m: 3.592, Yaw_err_deg: 1.854
Epoch: [9/25], Batch: 2480/2963, Loss: 275.836, Trans_L2_m: 4.770, Yaw_err_deg: 1.120
Epoch: [9/25], Batch: 2490/2963, Loss: 291.439, Trans_L2_m: 3.999, Yaw_err_deg: 2.409
Epoch: [9/25], Batch: 2500/2963, Loss: 332.922, Trans_L2_m: 4.317, Yaw_err_deg: 2.388
Epoch: [9/25], Batch: 2510/2963, Loss: 784.946, Trans_L2_m: 7.743, Yaw_err_deg: 2.708
Epoch: [9/25], Batch: 2520/2963, Loss: 243.604, Trans_L2_m: 3.911, Yaw_err_deg: 2.460
Epoch: [9/25], Batch: 2530/2963, Loss: 413.639, Trans_L2_m: 4.432, Yaw_err_deg: 2.534
Epoch: [9/25], Batch: 2540/2963, Loss: 285.953, Trans_L2_m: 4.036, Yaw_err_deg: 2.406
Epoch: [9/25], Batch: 2550/2963, Loss: 593.727, Trans_L2_m: 6.992, Yaw_err_deg: 2.052
Epoch: [9/25], Batch: 2560/2963, Loss: 289.629, Trans_L2_m: 4.177, Yaw_err_deg: 2.542
Epoch: [9/25], Batch: 2570/2963, Loss: 684.039, Trans_L2_m: 7.042, Yaw_err_deg: 3.992
Epoch: [9/25], Batch: 2580/2963, Loss: 201.603, Trans_L2_m: 3.189, Yaw_err_deg: 1.801
Epoch: [9/25], Batch: 2590/2963, Loss: 482.730, Trans_L2_m: 5.791, Yaw_err_deg: 2.217
Epoch: [9/25], Batch: 2600/2963, Loss: 272.604, Trans_L2_m: 4.264, Yaw_err_deg: 1.867
Epoch: [9/25], Batch: 2610/2963, Loss: 329.280, Trans_L2_m: 4.697, Yaw_err_deg: 2.059
Epoch: [9/25], Batch: 2620/2963, Loss: 285.376, Trans_L2_m: 4.022, Yaw_err_deg: 2.361
Epoch: [9/25], Batch: 2630/2963, Loss: 709.446, Trans_L2_m: 7.355, Yaw_err_deg: 2.335
Epoch: [9/25], Batch: 2640/2963, Loss: 357.126, Trans_L2_m: 3.717, Yaw_err_deg: 2.058
Epoch: [9/25], Batch: 2650/2963, Loss: 347.641, Trans_L2_m: 5.123, Yaw_err_deg: 2.199
Epoch: [9/25], Batch: 2660/2963, Loss: 442.734, Trans_L2_m: 4.762, Yaw_err_deg: 3.039
Epoch: [9/25], Batch: 2670/2963, Loss: 312.025, Trans_L2_m: 4.880, Yaw_err_deg: 2.150
Epoch: [9/25], Batch: 2680/2963, Loss: 259.609, Trans_L2_m: 4.595, Yaw_err_deg: 1.781
Epoch: [9/25], Batch: 2690/2963, Loss: 468.180, Trans_L2_m: 6.086, Yaw_err_deg: 2.500
Epoch: [9/25], Batch: 2700/2963, Loss: 710.746, Trans_L2_m: 6.533, Yaw_err_deg: 2.131
Epoch: [9/25], Batch: 2710/2963, Loss: 250.453, Trans_L2_m: 3.624, Yaw_err_deg: 1.873
Epoch: [9/25], Batch: 2720/2963, Loss: 297.242, Trans_L2_m: 4.033, Yaw_err_deg: 2.132
Epoch: [9/25], Batch: 2730/2963, Loss: 268.085, Trans_L2_m: 4.701, Yaw_err_deg: 1.981
Epoch: [9/25], Batch: 2740/2963, Loss: 369.628, Trans_L2_m: 5.556, Yaw_err_deg: 1.029
Epoch: [9/25], Batch: 2750/2963, Loss: 257.282, Trans_L2_m: 4.080, Yaw_err_deg: 1.348
Epoch: [9/25], Batch: 2760/2963, Loss: 206.297, Trans_L2_m: 3.145, Yaw_err_deg: 1.690
Epoch: [9/25], Batch: 2770/2963, Loss: 416.327, Trans_L2_m: 5.497, Yaw_err_deg: 1.682
Epoch: [9/25], Batch: 2780/2963, Loss: 585.817, Trans_L2_m: 5.618, Yaw_err_deg: 1.789
Epoch: [9/25], Batch: 2790/2963, Loss: 336.755, Trans_L2_m: 5.213, Yaw_err_deg: 1.349
Epoch: [9/25], Batch: 2800/2963, Loss: 350.985, Trans_L2_m: 5.829, Yaw_err_deg: 1.527
Epoch: [9/25], Batch: 2810/2963, Loss: 368.532, Trans_L2_m: 5.191, Yaw_err_deg: 2.515
Epoch: [9/25], Batch: 2820/2963, Loss: 211.038, Trans_L2_m: 2.951, Yaw_err_deg: 2.219
Epoch: [9/25], Batch: 2830/2963, Loss: 469.241, Trans_L2_m: 5.572, Yaw_err_deg: 1.836
Epoch: [9/25], Batch: 2840/2963, Loss: 412.989, Trans_L2_m: 5.585, Yaw_err_deg: 1.985
Epoch: [9/25], Batch: 2850/2963, Loss: 396.673, Trans_L2_m: 5.553, Yaw_err_deg: 1.585
Epoch: [9/25], Batch: 2860/2963, Loss: 269.787, Trans_L2_m: 3.804, Yaw_err_deg: 2.720
Epoch: [9/25], Batch: 2870/2963, Loss: 331.501, Trans_L2_m: 4.952, Yaw_err_deg: 1.764
Epoch: [9/25], Batch: 2880/2963, Loss: 507.718, Trans_L2_m: 7.032, Yaw_err_deg: 1.363
Epoch: [9/25], Batch: 2890/2963, Loss: 389.297, Trans_L2_m: 4.779, Yaw_err_deg: 1.512
Epoch: [9/25], Batch: 2900/2963, Loss: 348.844, Trans_L2_m: 5.313, Yaw_err_deg: 2.277
Epoch: [9/25], Batch: 2910/2963, Loss: 370.524, Trans_L2_m: 4.708, Yaw_err_deg: 2.761
Epoch: [9/25], Batch: 2920/2963, Loss: 349.564, Trans_L2_m: 4.109, Yaw_err_deg: 2.866
Epoch: [9/25], Batch: 2930/2963, Loss: 265.010, Trans_L2_m: 4.065, Yaw_err_deg: 2.108
Epoch: [9/25], Batch: 2940/2963, Loss: 306.038, Trans_L2_m: 4.684, Yaw_err_deg: 2.192
Epoch: [9/25], Batch: 2950/2963, Loss: 520.326, Trans_L2_m: 5.424, Yaw_err_deg: 2.802
Epoch: [9/25], Batch: 2960/2963, Loss: 242.182, Trans_L2_m: 3.863, Yaw_err_deg: 1.917
Epoch: [10/25], Batch: 0/2963, Loss: 335.525, Trans_L2_m: 4.191, Yaw_err_deg: 2.048
Epoch: [10/25], Batch: 10/2963, Loss: 235.954, Trans_L2_m: 3.664, Yaw_err_deg: 1.419
Epoch: [10/25], Batch: 20/2963, Loss: 226.479, Trans_L2_m: 3.330, Yaw_err_deg: 1.912
Epoch: [10/25], Batch: 30/2963, Loss: 380.944, Trans_L2_m: 4.033, Yaw_err_deg: 2.775
Epoch: [10/25], Batch: 40/2963, Loss: 367.523, Trans_L2_m: 4.839, Yaw_err_deg: 1.889
Epoch: [10/25], Batch: 50/2963, Loss: 333.919, Trans_L2_m: 4.768, Yaw_err_deg: 2.401
Epoch: [10/25], Batch: 60/2963, Loss: 385.168, Trans_L2_m: 4.351, Yaw_err_deg: 4.224
Epoch: [10/25], Batch: 70/2963, Loss: 557.725, Trans_L2_m: 6.548, Yaw_err_deg: 1.899
Epoch: [10/25], Batch: 80/2963, Loss: 238.612, Trans_L2_m: 3.125, Yaw_err_deg: 2.512
Epoch: [10/25], Batch: 90/2963, Loss: 529.101, Trans_L2_m: 5.983, Yaw_err_deg: 2.097
Epoch: [10/25], Batch: 100/2963, Loss: 624.718, Trans_L2_m: 6.368, Yaw_err_deg: 3.714
Epoch: [10/25], Batch: 110/2963, Loss: 416.244, Trans_L2_m: 5.804, Yaw_err_deg: 2.720
Epoch: [10/25], Batch: 120/2963, Loss: 301.994, Trans_L2_m: 4.474, Yaw_err_deg: 2.141
Epoch: [10/25], Batch: 130/2963, Loss: 235.631, Trans_L2_m: 3.896, Yaw_err_deg: 1.915
Epoch: [10/25], Batch: 140/2963, Loss: 237.989, Trans_L2_m: 3.605, Yaw_err_deg: 2.462
Epoch: [10/25], Batch: 150/2963, Loss: 389.567, Trans_L2_m: 5.028, Yaw_err_deg: 2.212
Epoch: [10/25], Batch: 160/2963, Loss: 418.078, Trans_L2_m: 5.730, Yaw_err_deg: 1.664
Epoch: [10/25], Batch: 170/2963, Loss: 189.738, Trans_L2_m: 2.947, Yaw_err_deg: 2.122
Epoch: [10/25], Batch: 180/2963, Loss: 369.532, Trans_L2_m: 5.151, Yaw_err_deg: 2.049
Epoch: [10/25], Batch: 190/2963, Loss: 260.069, Trans_L2_m: 3.967, Yaw_err_deg: 2.139
Epoch: [10/25], Batch: 200/2963, Loss: 264.336, Trans_L2_m: 3.395, Yaw_err_deg: 2.248
Epoch: [10/25], Batch: 210/2963, Loss: 273.271, Trans_L2_m: 4.089, Yaw_err_deg: 1.674
Epoch: [10/25], Batch: 220/2963, Loss: 340.115, Trans_L2_m: 4.876, Yaw_err_deg: 2.290
Epoch: [10/25], Batch: 230/2963, Loss: 308.272, Trans_L2_m: 4.419, Yaw_err_deg: 2.077
Epoch: [10/25], Batch: 240/2963, Loss: 326.438, Trans_L2_m: 5.021, Yaw_err_deg: 2.108
Epoch: [10/25], Batch: 250/2963, Loss: 263.309, Trans_L2_m: 3.927, Yaw_err_deg: 1.916
Epoch: [10/25], Batch: 260/2963, Loss: 340.088, Trans_L2_m: 4.917, Yaw_err_deg: 1.470
Epoch: [10/25], Batch: 270/2963, Loss: 290.465, Trans_L2_m: 4.895, Yaw_err_deg: 1.355
Epoch: [10/25], Batch: 280/2963, Loss: 237.076, Trans_L2_m: 3.650, Yaw_err_deg: 1.493
Epoch: [10/25], Batch: 290/2963, Loss: 220.538, Trans_L2_m: 3.044, Yaw_err_deg: 2.281
Epoch: [10/25], Batch: 300/2963, Loss: 261.083, Trans_L2_m: 3.480, Yaw_err_deg: 2.794
Epoch: [10/25], Batch: 310/2963, Loss: 385.194, Trans_L2_m: 5.442, Yaw_err_deg: 1.675
Epoch: [10/25], Batch: 320/2963, Loss: 332.052, Trans_L2_m: 3.891, Yaw_err_deg: 2.373
Epoch: [10/25], Batch: 330/2963, Loss: 352.014, Trans_L2_m: 4.948, Yaw_err_deg: 1.231
Epoch: [10/25], Batch: 340/2963, Loss: 199.085, Trans_L2_m: 2.966, Yaw_err_deg: 1.547
Epoch: [10/25], Batch: 350/2963, Loss: 201.625, Trans_L2_m: 2.573, Yaw_err_deg: 2.343
Epoch: [10/25], Batch: 360/2963, Loss: 256.838, Trans_L2_m: 4.305, Yaw_err_deg: 1.677
Epoch: [10/25], Batch: 370/2963, Loss: 231.090, Trans_L2_m: 3.384, Yaw_err_deg: 2.375
Epoch: [10/25], Batch: 380/2963, Loss: 188.294, Trans_L2_m: 3.271, Yaw_err_deg: 1.565
Epoch: [10/25], Batch: 390/2963, Loss: 217.512, Trans_L2_m: 3.547, Yaw_err_deg: 1.619
Epoch: [10/25], Batch: 400/2963, Loss: 349.421, Trans_L2_m: 5.154, Yaw_err_deg: 1.788
Epoch: [10/25], Batch: 410/2963, Loss: 204.574, Trans_L2_m: 3.523, Yaw_err_deg: 1.608
Epoch: [10/25], Batch: 420/2963, Loss: 245.085, Trans_L2_m: 4.450, Yaw_err_deg: 1.575
Epoch: [10/25], Batch: 430/2963, Loss: 239.565, Trans_L2_m: 4.131, Yaw_err_deg: 1.676
Epoch: [10/25], Batch: 440/2963, Loss: 226.272, Trans_L2_m: 4.031, Yaw_err_deg: 1.543
Epoch: [10/25], Batch: 450/2963, Loss: 257.415, Trans_L2_m: 4.215, Yaw_err_deg: 1.507
Epoch: [10/25], Batch: 460/2963, Loss: 278.350, Trans_L2_m: 4.092, Yaw_err_deg: 2.088
Epoch: [10/25], Batch: 470/2963, Loss: 220.331, Trans_L2_m: 3.242, Yaw_err_deg: 2.627
Epoch: [10/25], Batch: 480/2963, Loss: 219.297, Trans_L2_m: 3.465, Yaw_err_deg: 2.153
Epoch: [10/25], Batch: 490/2963, Loss: 275.428, Trans_L2_m: 4.608, Yaw_err_deg: 1.472
Epoch: [10/25], Batch: 500/2963, Loss: 214.913, Trans_L2_m: 3.792, Yaw_err_deg: 1.175
Epoch: [10/25], Batch: 510/2963, Loss: 248.943, Trans_L2_m: 4.061, Yaw_err_deg: 1.556
Epoch: [10/25], Batch: 520/2963, Loss: 224.517, Trans_L2_m: 3.387, Yaw_err_deg: 2.189
