{'gpuid': [0], 'mixed_precision': False, 'iters_lev0': 6, 'lev0': True, 'flow': True, 'p_siamese': True, 'CNN16': True, 'log_every': 10, 'dataset': 'zod', 'orig_label': False, 'cross_area': False, 'batch_size': 16, 'lr': 0.00035, 'num_steps': 70000, 'scheduler': 'OneCycle', 'loss_w': [0.1, 30.0, 100000.0], 'temperature': 4.0, 'augment': False, 'ori_noise': 45.0, 'orien': True, 'restore_ckpt': None, 'model': None, 'wdecay': 0.0005, 'epsilon': 1e-07, 'clip': 1.0, 'gamma': 0.85, 'name': 'zod_train', 'validation': None, 'image_size': 512, 'zoom': 20, 'IMG_FREQ': 20000, 'SUM_FREQ': 100, 'use_augmentation': True, 'image_area_dg_m': 51.2, 'image_area_zod_m': 100, 'max_translation': 15.0, 'max_rot_deg': 20.0, 'z_range': [-2.5, 3.0], 'BEV_grid_resolution': 0.1, 'lidar_dataset_root': '/work/vita/datasets/zod', 'aerial_img_dataset_root': '/work/vita/datasets/zod_crossview_processed_100m', 'version': 'full', 'config': '/home/finckh/VITA/HC-Net/models/config/ZOD/train.json', 'best_dis': 100000000.0, 'start_step': 0}
[31m2025-12-28 23:35:33[0m
Loaded pretrained weights for efficientnet-b0
Parameter Count: 7754186
Loading train split : 23 drives
Loading val split : 6 drives
Training with 47407 samples, validation with 10393 samples.
Using 8 dataloader workers every process
Best distance so far 100000000.0.
[34mLog will be saved to:./watch/zod/zod_train_20251228_234201.log[0m
Epoch: [1/23], Batch: 0/2963, Loss: 4469.337, Trans_L2_m: 12.043, Yaw_err_deg: 7.940
Epoch: [1/23], Batch: 10/2963, Loss: 5561.730, Trans_L2_m: 13.955, Yaw_err_deg: 6.854
Epoch: [1/23], Batch: 20/2963, Loss: 5170.708, Trans_L2_m: 12.300, Yaw_err_deg: 10.406
Epoch: [1/23], Batch: 30/2963, Loss: 4229.880, Trans_L2_m: 11.246, Yaw_err_deg: 7.787
Epoch: [1/23], Batch: 40/2963, Loss: 3780.598, Trans_L2_m: 10.246, Yaw_err_deg: 9.021
Epoch: [1/23], Batch: 50/2963, Loss: 3363.907, Trans_L2_m: 10.331, Yaw_err_deg: 7.262
Epoch: [1/23], Batch: 60/2963, Loss: 3938.748, Trans_L2_m: 10.713, Yaw_err_deg: 8.689
Epoch: [1/23], Batch: 70/2963, Loss: 5004.650, Trans_L2_m: 13.042, Yaw_err_deg: 10.655
Epoch: [1/23], Batch: 80/2963, Loss: 3963.356, Trans_L2_m: 10.017, Yaw_err_deg: 11.228
Epoch: [1/23], Batch: 90/2963, Loss: 4121.701, Trans_L2_m: 9.904, Yaw_err_deg: 12.633
Epoch: [1/23], Batch: 100/2963, Loss: 4016.709, Trans_L2_m: 11.750, Yaw_err_deg: 8.940
Epoch: [1/23], Batch: 110/2963, Loss: 4104.237, Trans_L2_m: 10.991, Yaw_err_deg: 10.830
Epoch: [1/23], Batch: 120/2963, Loss: 4009.028, Trans_L2_m: 10.535, Yaw_err_deg: 10.358
Epoch: [1/23], Batch: 130/2963, Loss: 4110.880, Trans_L2_m: 10.829, Yaw_err_deg: 9.817
Epoch: [1/23], Batch: 140/2963, Loss: 3328.182, Trans_L2_m: 9.974, Yaw_err_deg: 8.231
Epoch: [1/23], Batch: 150/2963, Loss: 4433.729, Trans_L2_m: 11.262, Yaw_err_deg: 11.464
Epoch: [1/23], Batch: 160/2963, Loss: 3420.295, Trans_L2_m: 9.524, Yaw_err_deg: 9.305
Epoch: [1/23], Batch: 170/2963, Loss: 3540.236, Trans_L2_m: 9.440, Yaw_err_deg: 10.087
Epoch: [1/23], Batch: 180/2963, Loss: 3810.414, Trans_L2_m: 10.032, Yaw_err_deg: 11.167
Epoch: [1/23], Batch: 190/2963, Loss: 3867.726, Trans_L2_m: 10.920, Yaw_err_deg: 9.495
Epoch: [1/23], Batch: 200/2963, Loss: 3475.633, Trans_L2_m: 9.445, Yaw_err_deg: 10.030
Epoch: [1/23], Batch: 210/2963, Loss: 4373.173, Trans_L2_m: 11.400, Yaw_err_deg: 9.172
Epoch: [1/23], Batch: 220/2963, Loss: 3566.455, Trans_L2_m: 9.886, Yaw_err_deg: 10.458
Epoch: [1/23], Batch: 230/2963, Loss: 3844.105, Trans_L2_m: 10.484, Yaw_err_deg: 8.171
Epoch: [1/23], Batch: 240/2963, Loss: 4306.467, Trans_L2_m: 11.342, Yaw_err_deg: 8.926
Epoch: [1/23], Batch: 250/2963, Loss: 4213.688, Trans_L2_m: 10.129, Yaw_err_deg: 12.749
Epoch: [1/23], Batch: 260/2963, Loss: 3754.195, Trans_L2_m: 10.054, Yaw_err_deg: 10.496
Epoch: [1/23], Batch: 270/2963, Loss: 3891.596, Trans_L2_m: 9.383, Yaw_err_deg: 13.650
Epoch: [1/23], Batch: 280/2963, Loss: 3412.518, Trans_L2_m: 9.579, Yaw_err_deg: 9.235
Epoch: [1/23], Batch: 290/2963, Loss: 3899.027, Trans_L2_m: 10.677, Yaw_err_deg: 8.974
Epoch: [1/23], Batch: 300/2963, Loss: 3603.702, Trans_L2_m: 8.675, Yaw_err_deg: 13.152
Epoch: [1/23], Batch: 310/2963, Loss: 3286.674, Trans_L2_m: 9.489, Yaw_err_deg: 9.498
Epoch: [1/23], Batch: 320/2963, Loss: 3547.545, Trans_L2_m: 9.251, Yaw_err_deg: 9.926
Epoch: [1/23], Batch: 330/2963, Loss: 3498.369, Trans_L2_m: 9.800, Yaw_err_deg: 8.860
Epoch: [1/23], Batch: 340/2963, Loss: 3348.451, Trans_L2_m: 8.962, Yaw_err_deg: 9.751
Epoch: [1/23], Batch: 350/2963, Loss: 2564.415, Trans_L2_m: 7.933, Yaw_err_deg: 7.466
Epoch: [1/23], Batch: 360/2963, Loss: 3076.407, Trans_L2_m: 7.913, Yaw_err_deg: 11.386
Epoch: [1/23], Batch: 370/2963, Loss: 3208.209, Trans_L2_m: 8.082, Yaw_err_deg: 11.150
Epoch: [1/23], Batch: 380/2963, Loss: 3877.680, Trans_L2_m: 9.899, Yaw_err_deg: 10.653
Epoch: [1/23], Batch: 390/2963, Loss: 3222.945, Trans_L2_m: 8.931, Yaw_err_deg: 9.387
Epoch: [1/23], Batch: 400/2963, Loss: 2931.695, Trans_L2_m: 7.598, Yaw_err_deg: 9.327
Epoch: [1/23], Batch: 410/2963, Loss: 3723.253, Trans_L2_m: 9.443, Yaw_err_deg: 10.176
Epoch: [1/23], Batch: 420/2963, Loss: 3149.070, Trans_L2_m: 9.143, Yaw_err_deg: 7.989
Epoch: [1/23], Batch: 430/2963, Loss: 3635.115, Trans_L2_m: 9.064, Yaw_err_deg: 10.891
Epoch: [1/23], Batch: 440/2963, Loss: 2695.095, Trans_L2_m: 6.784, Yaw_err_deg: 9.618
Epoch: [1/23], Batch: 450/2963, Loss: 3827.006, Trans_L2_m: 9.461, Yaw_err_deg: 9.920
Epoch: [1/23], Batch: 460/2963, Loss: 3345.401, Trans_L2_m: 8.629, Yaw_err_deg: 9.458
Epoch: [1/23], Batch: 470/2963, Loss: 2368.159, Trans_L2_m: 6.804, Yaw_err_deg: 7.551
Epoch: [1/23], Batch: 480/2963, Loss: 3402.932, Trans_L2_m: 9.051, Yaw_err_deg: 9.373
Epoch: [1/23], Batch: 490/2963, Loss: 3202.651, Trans_L2_m: 8.412, Yaw_err_deg: 7.943
Epoch: [1/23], Batch: 500/2963, Loss: 3607.724, Trans_L2_m: 8.814, Yaw_err_deg: 10.846
Epoch: [1/23], Batch: 510/2963, Loss: 2283.046, Trans_L2_m: 5.778, Yaw_err_deg: 9.764
Epoch: [1/23], Batch: 520/2963, Loss: 2724.926, Trans_L2_m: 7.583, Yaw_err_deg: 9.479
Epoch: [1/23], Batch: 530/2963, Loss: 2855.602, Trans_L2_m: 7.079, Yaw_err_deg: 11.032
Epoch: [1/23], Batch: 540/2963, Loss: 2510.495, Trans_L2_m: 6.065, Yaw_err_deg: 11.174
Epoch: [1/23], Batch: 550/2963, Loss: 2554.796, Trans_L2_m: 7.745, Yaw_err_deg: 8.478
Epoch: [1/23], Batch: 560/2963, Loss: 3879.893, Trans_L2_m: 8.736, Yaw_err_deg: 12.129
Epoch: [1/23], Batch: 570/2963, Loss: 2738.228, Trans_L2_m: 7.505, Yaw_err_deg: 8.812
Epoch: [1/23], Batch: 580/2963, Loss: 2345.455, Trans_L2_m: 5.769, Yaw_err_deg: 9.113
Epoch: [1/23], Batch: 590/2963, Loss: 2631.223, Trans_L2_m: 6.292, Yaw_err_deg: 10.149
Epoch: [1/23], Batch: 600/2963, Loss: 2704.866, Trans_L2_m: 7.429, Yaw_err_deg: 7.967
Epoch: [1/23], Batch: 610/2963, Loss: 3134.415, Trans_L2_m: 6.399, Yaw_err_deg: 13.215
Epoch: [1/23], Batch: 620/2963, Loss: 3019.486, Trans_L2_m: 6.770, Yaw_err_deg: 10.191
Epoch: [1/23], Batch: 630/2963, Loss: 2965.084, Trans_L2_m: 8.139, Yaw_err_deg: 7.794
Epoch: [1/23], Batch: 640/2963, Loss: 3165.705, Trans_L2_m: 8.842, Yaw_err_deg: 6.690
Epoch: [1/23], Batch: 650/2963, Loss: 2237.381, Trans_L2_m: 4.427, Yaw_err_deg: 11.752
Epoch: [1/23], Batch: 660/2963, Loss: 2366.437, Trans_L2_m: 5.881, Yaw_err_deg: 9.309
Epoch: [1/23], Batch: 670/2963, Loss: 2659.983, Trans_L2_m: 5.785, Yaw_err_deg: 11.710
Epoch: [1/23], Batch: 680/2963, Loss: 2662.827, Trans_L2_m: 5.840, Yaw_err_deg: 11.639
Epoch: [1/23], Batch: 690/2963, Loss: 2721.554, Trans_L2_m: 5.870, Yaw_err_deg: 11.471
Epoch: [1/23], Batch: 700/2963, Loss: 2458.899, Trans_L2_m: 5.836, Yaw_err_deg: 9.245
Epoch: [1/23], Batch: 710/2963, Loss: 2452.667, Trans_L2_m: 5.710, Yaw_err_deg: 8.976
Epoch: [1/23], Batch: 720/2963, Loss: 2863.628, Trans_L2_m: 7.030, Yaw_err_deg: 8.441
Epoch: [1/23], Batch: 730/2963, Loss: 2767.662, Trans_L2_m: 6.420, Yaw_err_deg: 10.411
Epoch: [1/23], Batch: 740/2963, Loss: 1511.886, Trans_L2_m: 4.392, Yaw_err_deg: 6.123
Epoch: [1/23], Batch: 750/2963, Loss: 1582.882, Trans_L2_m: 4.053, Yaw_err_deg: 6.248
Epoch: [1/23], Batch: 760/2963, Loss: 2378.449, Trans_L2_m: 4.484, Yaw_err_deg: 11.908
Epoch: [1/23], Batch: 770/2963, Loss: 2673.491, Trans_L2_m: 5.354, Yaw_err_deg: 11.958
Epoch: [1/23], Batch: 780/2963, Loss: 2420.789, Trans_L2_m: 4.680, Yaw_err_deg: 11.868
Epoch: [1/23], Batch: 790/2963, Loss: 2386.580, Trans_L2_m: 5.074, Yaw_err_deg: 10.186
Epoch: [1/23], Batch: 800/2963, Loss: 1639.711, Trans_L2_m: 4.191, Yaw_err_deg: 7.094
Epoch: [1/23], Batch: 810/2963, Loss: 2209.906, Trans_L2_m: 4.009, Yaw_err_deg: 11.624
Epoch: [1/23], Batch: 820/2963, Loss: 2396.512, Trans_L2_m: 4.352, Yaw_err_deg: 11.593
Epoch: [1/23], Batch: 830/2963, Loss: 2219.575, Trans_L2_m: 4.222, Yaw_err_deg: 11.050
Epoch: [1/23], Batch: 840/2963, Loss: 2473.334, Trans_L2_m: 5.120, Yaw_err_deg: 10.093
Epoch: [1/23], Batch: 850/2963, Loss: 1638.143, Trans_L2_m: 2.888, Yaw_err_deg: 10.123
Epoch: [1/23], Batch: 860/2963, Loss: 2069.120, Trans_L2_m: 4.380, Yaw_err_deg: 8.426
Epoch: [1/23], Batch: 870/2963, Loss: 2462.785, Trans_L2_m: 3.873, Yaw_err_deg: 13.635
Epoch: [1/23], Batch: 880/2963, Loss: 2216.032, Trans_L2_m: 3.522, Yaw_err_deg: 12.053
Epoch: [1/23], Batch: 890/2963, Loss: 2141.442, Trans_L2_m: 4.341, Yaw_err_deg: 8.982
Epoch: [1/23], Batch: 900/2963, Loss: 2190.664, Trans_L2_m: 4.932, Yaw_err_deg: 8.843
Epoch: [1/23], Batch: 910/2963, Loss: 2068.147, Trans_L2_m: 4.030, Yaw_err_deg: 9.733
Epoch: [1/23], Batch: 920/2963, Loss: 2110.914, Trans_L2_m: 3.247, Yaw_err_deg: 10.880
Epoch: [1/23], Batch: 930/2963, Loss: 2072.148, Trans_L2_m: 4.194, Yaw_err_deg: 9.444
Epoch: [1/23], Batch: 940/2963, Loss: 1954.358, Trans_L2_m: 2.554, Yaw_err_deg: 10.955
Epoch: [1/23], Batch: 950/2963, Loss: 2114.612, Trans_L2_m: 3.900, Yaw_err_deg: 9.766
Epoch: [1/23], Batch: 960/2963, Loss: 2166.360, Trans_L2_m: 4.136, Yaw_err_deg: 9.742
Epoch: [1/23], Batch: 970/2963, Loss: 2109.858, Trans_L2_m: 3.578, Yaw_err_deg: 10.911
Epoch: [1/23], Batch: 980/2963, Loss: 2231.140, Trans_L2_m: 3.554, Yaw_err_deg: 11.736
Epoch: [1/23], Batch: 990/2963, Loss: 2283.852, Trans_L2_m: 4.175, Yaw_err_deg: 9.532
Epoch: [1/23], Batch: 1000/2963, Loss: 2296.156, Trans_L2_m: 3.636, Yaw_err_deg: 11.611
Epoch: [1/23], Batch: 1010/2963, Loss: 1568.822, Trans_L2_m: 2.180, Yaw_err_deg: 9.424
Epoch: [1/23], Batch: 1020/2963, Loss: 2247.092, Trans_L2_m: 3.297, Yaw_err_deg: 12.642
Epoch: [1/23], Batch: 1030/2963, Loss: 2083.382, Trans_L2_m: 3.109, Yaw_err_deg: 11.603
Epoch: [1/23], Batch: 1040/2963, Loss: 2191.693, Trans_L2_m: 3.274, Yaw_err_deg: 11.027
Epoch: [1/23], Batch: 1050/2963, Loss: 1907.925, Trans_L2_m: 2.900, Yaw_err_deg: 10.777
Epoch: [1/23], Batch: 1060/2963, Loss: 2021.452, Trans_L2_m: 3.432, Yaw_err_deg: 8.856
Epoch: [1/23], Batch: 1070/2963, Loss: 1522.783, Trans_L2_m: 1.765, Yaw_err_deg: 9.141
Epoch: [1/23], Batch: 1080/2963, Loss: 1822.419, Trans_L2_m: 2.768, Yaw_err_deg: 10.991
Epoch: [1/23], Batch: 1090/2963, Loss: 2117.953, Trans_L2_m: 2.913, Yaw_err_deg: 10.294
Epoch: [1/23], Batch: 1100/2963, Loss: 1957.594, Trans_L2_m: 2.487, Yaw_err_deg: 10.560
Epoch: [1/23], Batch: 1110/2963, Loss: 1376.467, Trans_L2_m: 2.214, Yaw_err_deg: 7.591
Epoch: [1/23], Batch: 1120/2963, Loss: 1605.150, Trans_L2_m: 2.442, Yaw_err_deg: 10.402
Epoch: [1/23], Batch: 1130/2963, Loss: 2511.533, Trans_L2_m: 3.261, Yaw_err_deg: 12.730
Epoch: [1/23], Batch: 1140/2963, Loss: 1736.411, Trans_L2_m: 3.500, Yaw_err_deg: 7.961
Epoch: [1/23], Batch: 1150/2963, Loss: 1727.963, Trans_L2_m: 2.814, Yaw_err_deg: 9.357
Epoch: [1/23], Batch: 1160/2963, Loss: 1600.796, Trans_L2_m: 1.753, Yaw_err_deg: 9.915
Epoch: [1/23], Batch: 1170/2963, Loss: 1813.994, Trans_L2_m: 3.341, Yaw_err_deg: 6.754
Epoch: [1/23], Batch: 1180/2963, Loss: 1432.840, Trans_L2_m: 1.787, Yaw_err_deg: 8.735
Epoch: [1/23], Batch: 1190/2963, Loss: 1618.461, Trans_L2_m: 2.638, Yaw_err_deg: 9.173
Epoch: [1/23], Batch: 1200/2963, Loss: 1838.910, Trans_L2_m: 2.183, Yaw_err_deg: 10.853
Epoch: [1/23], Batch: 1210/2963, Loss: 1807.032, Trans_L2_m: 2.650, Yaw_err_deg: 8.619
Epoch: [1/23], Batch: 1220/2963, Loss: 1635.769, Trans_L2_m: 2.102, Yaw_err_deg: 10.594
Epoch: [1/23], Batch: 1230/2963, Loss: 2012.953, Trans_L2_m: 2.537, Yaw_err_deg: 10.707
Epoch: [1/23], Batch: 1240/2963, Loss: 1816.954, Trans_L2_m: 2.044, Yaw_err_deg: 9.799
Epoch: [1/23], Batch: 1250/2963, Loss: 1532.596, Trans_L2_m: 2.507, Yaw_err_deg: 7.550
Epoch: [1/23], Batch: 1260/2963, Loss: 1949.238, Trans_L2_m: 2.551, Yaw_err_deg: 9.698
Epoch: [1/23], Batch: 1270/2963, Loss: 1372.029, Trans_L2_m: 1.908, Yaw_err_deg: 8.782
Epoch: [1/23], Batch: 1280/2963, Loss: 1978.219, Trans_L2_m: 2.382, Yaw_err_deg: 10.917
Epoch: [1/23], Batch: 1290/2963, Loss: 1633.137, Trans_L2_m: 1.835, Yaw_err_deg: 11.279
Epoch: [1/23], Batch: 1300/2963, Loss: 1767.662, Trans_L2_m: 2.373, Yaw_err_deg: 8.380
Epoch: [1/23], Batch: 1310/2963, Loss: 1494.329, Trans_L2_m: 1.501, Yaw_err_deg: 10.015
Epoch: [1/23], Batch: 1320/2963, Loss: 1642.480, Trans_L2_m: 2.181, Yaw_err_deg: 11.529
Epoch: [1/23], Batch: 1330/2963, Loss: 1485.800, Trans_L2_m: 2.010, Yaw_err_deg: 9.927
Epoch: [1/23], Batch: 1340/2963, Loss: 2102.218, Trans_L2_m: 2.358, Yaw_err_deg: 11.658
Epoch: [1/23], Batch: 1350/2963, Loss: 1454.546, Trans_L2_m: 1.987, Yaw_err_deg: 9.265
Epoch: [1/23], Batch: 1360/2963, Loss: 1746.164, Trans_L2_m: 2.104, Yaw_err_deg: 10.207
Epoch: [1/23], Batch: 1370/2963, Loss: 1662.104, Trans_L2_m: 1.600, Yaw_err_deg: 9.832
Epoch: [1/23], Batch: 1380/2963, Loss: 1403.163, Trans_L2_m: 1.874, Yaw_err_deg: 9.649
Epoch: [1/23], Batch: 1390/2963, Loss: 1617.970, Trans_L2_m: 1.956, Yaw_err_deg: 9.056
Epoch: [1/23], Batch: 1400/2963, Loss: 1720.781, Trans_L2_m: 1.689, Yaw_err_deg: 10.419
Epoch: [1/23], Batch: 1410/2963, Loss: 1351.422, Trans_L2_m: 2.373, Yaw_err_deg: 8.552
Epoch: [1/23], Batch: 1420/2963, Loss: 1386.396, Trans_L2_m: 1.688, Yaw_err_deg: 9.269
Epoch: [1/23], Batch: 1430/2963, Loss: 1048.221, Trans_L2_m: 1.490, Yaw_err_deg: 8.485
Epoch: [1/23], Batch: 1440/2963, Loss: 1606.722, Trans_L2_m: 1.170, Yaw_err_deg: 11.414
Epoch: [1/23], Batch: 1450/2963, Loss: 1468.245, Trans_L2_m: 1.518, Yaw_err_deg: 10.040
Epoch: [1/23], Batch: 1460/2963, Loss: 1983.582, Trans_L2_m: 2.030, Yaw_err_deg: 12.089
Epoch: [1/23], Batch: 1470/2963, Loss: 1488.809, Trans_L2_m: 1.656, Yaw_err_deg: 10.355
Epoch: [1/23], Batch: 1480/2963, Loss: 1718.916, Trans_L2_m: 2.181, Yaw_err_deg: 12.560
Epoch: [1/23], Batch: 1490/2963, Loss: 1045.529, Trans_L2_m: 0.915, Yaw_err_deg: 6.863
Epoch: [1/23], Batch: 1500/2963, Loss: 1508.777, Trans_L2_m: 1.362, Yaw_err_deg: 9.887
Epoch: [1/23], Batch: 1510/2963, Loss: 1468.651, Trans_L2_m: 1.348, Yaw_err_deg: 9.772
Epoch: [1/23], Batch: 1520/2963, Loss: 1603.312, Trans_L2_m: 1.650, Yaw_err_deg: 9.217
Epoch: [1/23], Batch: 1530/2963, Loss: 1357.136, Trans_L2_m: 1.597, Yaw_err_deg: 8.530
Epoch: [1/23], Batch: 1540/2963, Loss: 1327.152, Trans_L2_m: 0.971, Yaw_err_deg: 8.045
Epoch: [1/23], Batch: 1550/2963, Loss: 1436.297, Trans_L2_m: 1.172, Yaw_err_deg: 11.258
Epoch: [1/23], Batch: 1560/2963, Loss: 1538.745, Trans_L2_m: 1.193, Yaw_err_deg: 10.054
Epoch: [1/23], Batch: 1570/2963, Loss: 1727.145, Trans_L2_m: 2.047, Yaw_err_deg: 10.607
Epoch: [1/23], Batch: 1580/2963, Loss: 1556.068, Trans_L2_m: 1.236, Yaw_err_deg: 12.285
Epoch: [1/23], Batch: 1590/2963, Loss: 1384.026, Trans_L2_m: 1.763, Yaw_err_deg: 8.710
Epoch: [1/23], Batch: 1600/2963, Loss: 1435.762, Trans_L2_m: 1.156, Yaw_err_deg: 8.540
Epoch: [1/23], Batch: 1610/2963, Loss: 1498.222, Trans_L2_m: 1.936, Yaw_err_deg: 8.999
Epoch: [1/23], Batch: 1620/2963, Loss: 1544.243, Trans_L2_m: 1.552, Yaw_err_deg: 11.030
Epoch: [1/23], Batch: 1630/2963, Loss: 1674.775, Trans_L2_m: 1.228, Yaw_err_deg: 12.491
Epoch: [1/23], Batch: 1640/2963, Loss: 1737.981, Trans_L2_m: 1.219, Yaw_err_deg: 11.628
Epoch: [1/23], Batch: 1650/2963, Loss: 1296.771, Trans_L2_m: 1.231, Yaw_err_deg: 9.420
Epoch: [1/23], Batch: 1660/2963, Loss: 1354.392, Trans_L2_m: 1.131, Yaw_err_deg: 10.042
Epoch: [1/23], Batch: 1670/2963, Loss: 1288.475, Trans_L2_m: 1.503, Yaw_err_deg: 9.858
Epoch: [1/23], Batch: 1680/2963, Loss: 1719.651, Trans_L2_m: 0.987, Yaw_err_deg: 11.896
Epoch: [1/23], Batch: 1690/2963, Loss: 1701.048, Trans_L2_m: 1.077, Yaw_err_deg: 11.444
Epoch: [1/23], Batch: 1700/2963, Loss: 1162.756, Trans_L2_m: 1.123, Yaw_err_deg: 8.014
Epoch: [1/23], Batch: 1710/2963, Loss: 992.245, Trans_L2_m: 0.942, Yaw_err_deg: 8.298
Epoch: [1/23], Batch: 1720/2963, Loss: 1054.146, Trans_L2_m: 1.071, Yaw_err_deg: 6.588
Epoch: [1/23], Batch: 1730/2963, Loss: 1852.894, Trans_L2_m: 1.155, Yaw_err_deg: 11.873
Epoch: [1/23], Batch: 1740/2963, Loss: 1279.150, Trans_L2_m: 1.113, Yaw_err_deg: 9.333
Epoch: [1/23], Batch: 1750/2963, Loss: 1362.607, Trans_L2_m: 1.192, Yaw_err_deg: 8.268
Epoch: [1/23], Batch: 1760/2963, Loss: 1145.493, Trans_L2_m: 1.299, Yaw_err_deg: 8.568
Epoch: [1/23], Batch: 1770/2963, Loss: 1190.036, Trans_L2_m: 1.390, Yaw_err_deg: 9.315
Epoch: [1/23], Batch: 1780/2963, Loss: 1266.020, Trans_L2_m: 0.945, Yaw_err_deg: 9.899
Epoch: [1/23], Batch: 1790/2963, Loss: 1585.724, Trans_L2_m: 1.294, Yaw_err_deg: 12.072
Epoch: [1/23], Batch: 1800/2963, Loss: 1780.192, Trans_L2_m: 1.282, Yaw_err_deg: 12.239
Epoch: [1/23], Batch: 1810/2963, Loss: 1473.188, Trans_L2_m: 1.201, Yaw_err_deg: 10.843
Epoch: [1/23], Batch: 1820/2963, Loss: 1570.034, Trans_L2_m: 1.378, Yaw_err_deg: 9.892
Epoch: [1/23], Batch: 1830/2963, Loss: 1458.003, Trans_L2_m: 0.615, Yaw_err_deg: 10.665
Epoch: [1/23], Batch: 1840/2963, Loss: 1790.233, Trans_L2_m: 1.584, Yaw_err_deg: 13.379
Epoch: [1/23], Batch: 1850/2963, Loss: 1075.021, Trans_L2_m: 1.305, Yaw_err_deg: 8.876
Epoch: [1/23], Batch: 1860/2963, Loss: 1083.012, Trans_L2_m: 1.414, Yaw_err_deg: 8.557
Epoch: [1/23], Batch: 1870/2963, Loss: 1621.097, Trans_L2_m: 1.011, Yaw_err_deg: 12.257
Epoch: [1/23], Batch: 1880/2963, Loss: 1635.525, Trans_L2_m: 1.544, Yaw_err_deg: 12.157
Epoch: [1/23], Batch: 1890/2963, Loss: 1635.504, Trans_L2_m: 0.942, Yaw_err_deg: 11.378
Epoch: [1/23], Batch: 1900/2963, Loss: 1422.697, Trans_L2_m: 1.100, Yaw_err_deg: 10.010
Epoch: [1/23], Batch: 1910/2963, Loss: 1782.233, Trans_L2_m: 1.655, Yaw_err_deg: 10.955
Epoch: [1/23], Batch: 1920/2963, Loss: 1170.948, Trans_L2_m: 1.367, Yaw_err_deg: 8.418
Epoch: [1/23], Batch: 1930/2963, Loss: 1166.690, Trans_L2_m: 1.392, Yaw_err_deg: 9.654
Epoch: [1/23], Batch: 1940/2963, Loss: 1390.340, Trans_L2_m: 1.512, Yaw_err_deg: 9.947
Epoch: [1/23], Batch: 1950/2963, Loss: 1342.077, Trans_L2_m: 1.253, Yaw_err_deg: 8.757
Epoch: [1/23], Batch: 1960/2963, Loss: 1464.576, Trans_L2_m: 1.237, Yaw_err_deg: 11.123
Epoch: [1/23], Batch: 1970/2963, Loss: 1020.357, Trans_L2_m: 1.069, Yaw_err_deg: 8.382
Epoch: [1/23], Batch: 1980/2963, Loss: 1485.395, Trans_L2_m: 1.348, Yaw_err_deg: 11.732
Epoch: [1/23], Batch: 1990/2963, Loss: 1048.538, Trans_L2_m: 0.646, Yaw_err_deg: 7.869
Epoch: [1/23], Batch: 2000/2963, Loss: 1344.825, Trans_L2_m: 1.696, Yaw_err_deg: 10.597
Epoch: [1/23], Batch: 2010/2963, Loss: 1184.919, Trans_L2_m: 0.875, Yaw_err_deg: 9.495
Epoch: [1/23], Batch: 2020/2963, Loss: 1189.601, Trans_L2_m: 1.412, Yaw_err_deg: 9.452
Epoch: [1/23], Batch: 2030/2963, Loss: 1389.188, Trans_L2_m: 1.139, Yaw_err_deg: 11.877
Epoch: [1/23], Batch: 2040/2963, Loss: 1138.624, Trans_L2_m: 0.866, Yaw_err_deg: 9.551
Epoch: [1/23], Batch: 2050/2963, Loss: 1602.535, Trans_L2_m: 1.276, Yaw_err_deg: 11.678
Epoch: [1/23], Batch: 2060/2963, Loss: 1710.877, Trans_L2_m: 1.080, Yaw_err_deg: 12.440
Epoch: [1/23], Batch: 2070/2963, Loss: 1075.399, Trans_L2_m: 1.194, Yaw_err_deg: 10.094
Epoch: [1/23], Batch: 2080/2963, Loss: 1351.958, Trans_L2_m: 1.416, Yaw_err_deg: 10.981
Epoch: [1/23], Batch: 2090/2963, Loss: 1370.626, Trans_L2_m: 1.362, Yaw_err_deg: 11.167
Epoch: [1/23], Batch: 2100/2963, Loss: 1146.541, Trans_L2_m: 0.848, Yaw_err_deg: 8.417
Epoch: [1/23], Batch: 2110/2963, Loss: 1203.065, Trans_L2_m: 1.228, Yaw_err_deg: 10.808
Epoch: [1/23], Batch: 2120/2963, Loss: 920.390, Trans_L2_m: 0.923, Yaw_err_deg: 8.176
Epoch: [1/23], Batch: 2130/2963, Loss: 1301.632, Trans_L2_m: 1.857, Yaw_err_deg: 10.104
Epoch: [1/23], Batch: 2140/2963, Loss: 1076.675, Trans_L2_m: 1.184, Yaw_err_deg: 8.762
Epoch: [1/23], Batch: 2150/2963, Loss: 1034.728, Trans_L2_m: 1.172, Yaw_err_deg: 8.663
Epoch: [1/23], Batch: 2160/2963, Loss: 1143.706, Trans_L2_m: 1.230, Yaw_err_deg: 8.993
Epoch: [1/23], Batch: 2170/2963, Loss: 1254.430, Trans_L2_m: 1.280, Yaw_err_deg: 9.646
Epoch: [1/23], Batch: 2180/2963, Loss: 1157.568, Trans_L2_m: 1.674, Yaw_err_deg: 8.851
Epoch: [1/23], Batch: 2190/2963, Loss: 1565.935, Trans_L2_m: 1.408, Yaw_err_deg: 12.023
Epoch: [1/23], Batch: 2200/2963, Loss: 1400.435, Trans_L2_m: 1.012, Yaw_err_deg: 11.116
Epoch: [1/23], Batch: 2210/2963, Loss: 1856.132, Trans_L2_m: 1.229, Yaw_err_deg: 12.433
Epoch: [1/23], Batch: 2220/2963, Loss: 1251.352, Trans_L2_m: 1.215, Yaw_err_deg: 9.342
Epoch: [1/23], Batch: 2230/2963, Loss: 1194.031, Trans_L2_m: 1.250, Yaw_err_deg: 10.995
Epoch: [1/23], Batch: 2240/2963, Loss: 1193.537, Trans_L2_m: 1.463, Yaw_err_deg: 8.765
Epoch: [1/23], Batch: 2250/2963, Loss: 1243.092, Trans_L2_m: 1.348, Yaw_err_deg: 8.671
Epoch: [1/23], Batch: 2260/2963, Loss: 1296.929, Trans_L2_m: 1.854, Yaw_err_deg: 9.777
Epoch: [1/23], Batch: 2270/2963, Loss: 1201.468, Trans_L2_m: 0.969, Yaw_err_deg: 11.129
Epoch: [1/23], Batch: 2280/2963, Loss: 1290.959, Trans_L2_m: 0.696, Yaw_err_deg: 10.102
Epoch: [1/23], Batch: 2290/2963, Loss: 1336.616, Trans_L2_m: 1.058, Yaw_err_deg: 9.381
Epoch: [1/23], Batch: 2300/2963, Loss: 1121.892, Trans_L2_m: 1.051, Yaw_err_deg: 8.426
Epoch: [1/23], Batch: 2310/2963, Loss: 1015.580, Trans_L2_m: 1.397, Yaw_err_deg: 6.959
Epoch: [1/23], Batch: 2320/2963, Loss: 1246.653, Trans_L2_m: 1.248, Yaw_err_deg: 8.970
Epoch: [1/23], Batch: 2330/2963, Loss: 1222.639, Trans_L2_m: 1.686, Yaw_err_deg: 8.937
Epoch: [1/23], Batch: 2340/2963, Loss: 1357.875, Trans_L2_m: 1.626, Yaw_err_deg: 8.590
Epoch: [1/23], Batch: 2350/2963, Loss: 1304.952, Trans_L2_m: 1.141, Yaw_err_deg: 9.906
Epoch: [1/23], Batch: 2360/2963, Loss: 1441.396, Trans_L2_m: 1.196, Yaw_err_deg: 11.277
Epoch: [1/23], Batch: 2370/2963, Loss: 1542.209, Trans_L2_m: 1.085, Yaw_err_deg: 12.312
Epoch: [1/23], Batch: 2380/2963, Loss: 1161.938, Trans_L2_m: 0.975, Yaw_err_deg: 8.380
Epoch: [1/23], Batch: 2390/2963, Loss: 1289.807, Trans_L2_m: 1.206, Yaw_err_deg: 10.375
Epoch: [1/23], Batch: 2400/2963, Loss: 1140.233, Trans_L2_m: 0.876, Yaw_err_deg: 9.712
Epoch: [1/23], Batch: 2410/2963, Loss: 789.131, Trans_L2_m: 1.206, Yaw_err_deg: 6.197
Epoch: [1/23], Batch: 2420/2963, Loss: 1109.518, Trans_L2_m: 0.988, Yaw_err_deg: 9.450
Epoch: [1/23], Batch: 2430/2963, Loss: 1536.603, Trans_L2_m: 1.325, Yaw_err_deg: 11.093
Epoch: [1/23], Batch: 2440/2963, Loss: 1248.431, Trans_L2_m: 1.429, Yaw_err_deg: 10.573
Epoch: [1/23], Batch: 2450/2963, Loss: 833.404, Trans_L2_m: 1.069, Yaw_err_deg: 7.130
Epoch: [1/23], Batch: 2460/2963, Loss: 1134.813, Trans_L2_m: 1.376, Yaw_err_deg: 10.331
Epoch: [1/23], Batch: 2470/2963, Loss: 954.970, Trans_L2_m: 1.283, Yaw_err_deg: 7.543
Epoch: [1/23], Batch: 2480/2963, Loss: 1089.368, Trans_L2_m: 1.969, Yaw_err_deg: 8.081
Epoch: [1/23], Batch: 2490/2963, Loss: 846.368, Trans_L2_m: 1.139, Yaw_err_deg: 7.787
Epoch: [1/23], Batch: 2500/2963, Loss: 677.457, Trans_L2_m: 1.855, Yaw_err_deg: 5.459
Epoch: [1/23], Batch: 2510/2963, Loss: 1237.729, Trans_L2_m: 1.089, Yaw_err_deg: 10.652
Epoch: [1/23], Batch: 2520/2963, Loss: 730.682, Trans_L2_m: 1.389, Yaw_err_deg: 5.675
Epoch: [1/23], Batch: 2530/2963, Loss: 875.812, Trans_L2_m: 0.907, Yaw_err_deg: 8.755
Epoch: [1/23], Batch: 2540/2963, Loss: 1230.164, Trans_L2_m: 0.789, Yaw_err_deg: 10.222
Epoch: [1/23], Batch: 2550/2963, Loss: 1277.356, Trans_L2_m: 1.427, Yaw_err_deg: 10.380
Epoch: [1/23], Batch: 2560/2963, Loss: 1020.932, Trans_L2_m: 1.260, Yaw_err_deg: 7.940
Epoch: [1/23], Batch: 2570/2963, Loss: 758.944, Trans_L2_m: 1.246, Yaw_err_deg: 5.442
Epoch: [1/23], Batch: 2580/2963, Loss: 1257.265, Trans_L2_m: 1.220, Yaw_err_deg: 10.256
Epoch: [1/23], Batch: 2590/2963, Loss: 1246.041, Trans_L2_m: 1.353, Yaw_err_deg: 11.164
Epoch: [1/23], Batch: 2600/2963, Loss: 1421.832, Trans_L2_m: 1.072, Yaw_err_deg: 10.533
Epoch: [1/23], Batch: 2610/2963, Loss: 1417.761, Trans_L2_m: 1.243, Yaw_err_deg: 11.046
Epoch: [1/23], Batch: 2620/2963, Loss: 1122.852, Trans_L2_m: 1.839, Yaw_err_deg: 8.611
Epoch: [1/23], Batch: 2630/2963, Loss: 802.225, Trans_L2_m: 0.964, Yaw_err_deg: 7.539
Epoch: [1/23], Batch: 2640/2963, Loss: 727.511, Trans_L2_m: 1.153, Yaw_err_deg: 7.086
Epoch: [1/23], Batch: 2650/2963, Loss: 854.389, Trans_L2_m: 1.298, Yaw_err_deg: 7.399
Epoch: [1/23], Batch: 2660/2963, Loss: 1084.794, Trans_L2_m: 1.269, Yaw_err_deg: 7.969
Epoch: [1/23], Batch: 2670/2963, Loss: 921.258, Trans_L2_m: 1.048, Yaw_err_deg: 7.133
Epoch: [1/23], Batch: 2680/2963, Loss: 1114.962, Trans_L2_m: 1.337, Yaw_err_deg: 8.793
Epoch: [1/23], Batch: 2690/2963, Loss: 1214.140, Trans_L2_m: 1.371, Yaw_err_deg: 9.602
Epoch: [1/23], Batch: 2700/2963, Loss: 874.439, Trans_L2_m: 1.048, Yaw_err_deg: 7.563
Epoch: [1/23], Batch: 2710/2963, Loss: 1416.873, Trans_L2_m: 1.262, Yaw_err_deg: 10.627
Epoch: [1/23], Batch: 2720/2963, Loss: 927.962, Trans_L2_m: 1.022, Yaw_err_deg: 7.636
Epoch: [1/23], Batch: 2730/2963, Loss: 1171.374, Trans_L2_m: 1.229, Yaw_err_deg: 8.370
Epoch: [1/23], Batch: 2740/2963, Loss: 926.468, Trans_L2_m: 1.177, Yaw_err_deg: 7.593
Epoch: [1/23], Batch: 2750/2963, Loss: 1200.137, Trans_L2_m: 0.921, Yaw_err_deg: 10.704
Epoch: [1/23], Batch: 2760/2963, Loss: 1227.822, Trans_L2_m: 1.147, Yaw_err_deg: 10.443
Epoch: [1/23], Batch: 2770/2963, Loss: 1068.087, Trans_L2_m: 1.323, Yaw_err_deg: 8.145
Epoch: [1/23], Batch: 2780/2963, Loss: 953.979, Trans_L2_m: 1.373, Yaw_err_deg: 6.779
Epoch: [1/23], Batch: 2790/2963, Loss: 1338.519, Trans_L2_m: 1.222, Yaw_err_deg: 10.957
Epoch: [1/23], Batch: 2800/2963, Loss: 1048.673, Trans_L2_m: 1.367, Yaw_err_deg: 8.089
Epoch: [1/23], Batch: 2810/2963, Loss: 853.792, Trans_L2_m: 1.362, Yaw_err_deg: 7.168
Epoch: [1/23], Batch: 2820/2963, Loss: 1056.201, Trans_L2_m: 1.232, Yaw_err_deg: 7.840
Epoch: [1/23], Batch: 2830/2963, Loss: 1233.548, Trans_L2_m: 1.141, Yaw_err_deg: 9.642
Epoch: [1/23], Batch: 2840/2963, Loss: 710.792, Trans_L2_m: 1.057, Yaw_err_deg: 5.564
Epoch: [1/23], Batch: 2850/2963, Loss: 977.548, Trans_L2_m: 1.289, Yaw_err_deg: 8.059
Epoch: [1/23], Batch: 2860/2963, Loss: 1221.020, Trans_L2_m: 1.952, Yaw_err_deg: 8.563
Epoch: [1/23], Batch: 2870/2963, Loss: 919.231, Trans_L2_m: 2.022, Yaw_err_deg: 7.732
Epoch: [1/23], Batch: 2880/2963, Loss: 1200.934, Trans_L2_m: 1.147, Yaw_err_deg: 10.404
Epoch: [1/23], Batch: 2890/2963, Loss: 1309.101, Trans_L2_m: 1.245, Yaw_err_deg: 10.099
Epoch: [1/23], Batch: 2900/2963, Loss: 837.214, Trans_L2_m: 1.571, Yaw_err_deg: 5.774
Epoch: [1/23], Batch: 2910/2963, Loss: 1219.190, Trans_L2_m: 2.072, Yaw_err_deg: 9.604
Epoch: [1/23], Batch: 2920/2963, Loss: 1353.501, Trans_L2_m: 1.285, Yaw_err_deg: 11.858
Epoch: [1/23], Batch: 2930/2963, Loss: 940.137, Trans_L2_m: 1.313, Yaw_err_deg: 8.170
Epoch: [1/23], Batch: 2940/2963, Loss: 865.862, Trans_L2_m: 1.406, Yaw_err_deg: 6.301
Epoch: [1/23], Batch: 2950/2963, Loss: 828.682, Trans_L2_m: 1.401, Yaw_err_deg: 7.714
Epoch: [1/23], Batch: 2960/2963, Loss: 1136.197, Trans_L2_m: 1.764, Yaw_err_deg: 9.888
Validation loss (homography): 2327.6156
Avg batch time: 983.12 ms, total: 320.397 s
[1;94mSave the best of 2327.615478515625, at checkpoints/2025_12_28_23_35_33_best_checkpoint_zod.pth[0m
Epoch: [2/23], Batch: 0/2963, Loss: 1019.916, Trans_L2_m: 1.129, Yaw_err_deg: 7.696
Epoch: [2/23], Batch: 10/2963, Loss: 967.216, Trans_L2_m: 1.252, Yaw_err_deg: 9.334
Epoch: [2/23], Batch: 20/2963, Loss: 918.556, Trans_L2_m: 1.327, Yaw_err_deg: 8.019
Epoch: [2/23], Batch: 30/2963, Loss: 792.502, Trans_L2_m: 1.429, Yaw_err_deg: 6.775
Epoch: [2/23], Batch: 40/2963, Loss: 763.341, Trans_L2_m: 0.996, Yaw_err_deg: 6.514
Epoch: [2/23], Batch: 50/2963, Loss: 1054.365, Trans_L2_m: 1.580, Yaw_err_deg: 8.514
Epoch: [2/23], Batch: 60/2963, Loss: 668.936, Trans_L2_m: 0.952, Yaw_err_deg: 5.987
Epoch: [2/23], Batch: 70/2963, Loss: 905.764, Trans_L2_m: 1.032, Yaw_err_deg: 7.091
Epoch: [2/23], Batch: 80/2963, Loss: 1192.233, Trans_L2_m: 1.334, Yaw_err_deg: 8.378
Epoch: [2/23], Batch: 90/2963, Loss: 1046.668, Trans_L2_m: 1.165, Yaw_err_deg: 9.196
Epoch: [2/23], Batch: 100/2963, Loss: 1130.670, Trans_L2_m: 1.313, Yaw_err_deg: 8.679
Epoch: [2/23], Batch: 110/2963, Loss: 869.063, Trans_L2_m: 1.223, Yaw_err_deg: 6.328
Epoch: [2/23], Batch: 120/2963, Loss: 979.205, Trans_L2_m: 1.351, Yaw_err_deg: 8.596
Epoch: [2/23], Batch: 130/2963, Loss: 1377.793, Trans_L2_m: 1.632, Yaw_err_deg: 10.789
Epoch: [2/23], Batch: 140/2963, Loss: 995.731, Trans_L2_m: 1.142, Yaw_err_deg: 8.352
Epoch: [2/23], Batch: 150/2963, Loss: 852.898, Trans_L2_m: 1.584, Yaw_err_deg: 7.588
Epoch: [2/23], Batch: 160/2963, Loss: 730.365, Trans_L2_m: 1.350, Yaw_err_deg: 5.920
Epoch: [2/23], Batch: 170/2963, Loss: 588.776, Trans_L2_m: 1.005, Yaw_err_deg: 7.025
Epoch: [2/23], Batch: 180/2963, Loss: 937.268, Trans_L2_m: 1.440, Yaw_err_deg: 6.163
Epoch: [2/23], Batch: 190/2963, Loss: 693.349, Trans_L2_m: 1.157, Yaw_err_deg: 6.260
Epoch: [2/23], Batch: 200/2963, Loss: 806.354, Trans_L2_m: 1.077, Yaw_err_deg: 7.929
Epoch: [2/23], Batch: 210/2963, Loss: 1215.323, Trans_L2_m: 1.606, Yaw_err_deg: 9.258
Epoch: [2/23], Batch: 220/2963, Loss: 1161.518, Trans_L2_m: 1.445, Yaw_err_deg: 9.531
Epoch: [2/23], Batch: 230/2963, Loss: 1013.186, Trans_L2_m: 1.301, Yaw_err_deg: 7.547
Epoch: [2/23], Batch: 240/2963, Loss: 664.274, Trans_L2_m: 1.266, Yaw_err_deg: 7.078
Epoch: [2/23], Batch: 250/2963, Loss: 740.550, Trans_L2_m: 1.217, Yaw_err_deg: 6.062
Epoch: [2/23], Batch: 260/2963, Loss: 833.348, Trans_L2_m: 1.898, Yaw_err_deg: 7.531
Epoch: [2/23], Batch: 270/2963, Loss: 1051.619, Trans_L2_m: 0.910, Yaw_err_deg: 7.992
Epoch: [2/23], Batch: 280/2963, Loss: 664.835, Trans_L2_m: 1.311, Yaw_err_deg: 5.814
Epoch: [2/23], Batch: 290/2963, Loss: 1376.609, Trans_L2_m: 1.591, Yaw_err_deg: 10.406
Epoch: [2/23], Batch: 300/2963, Loss: 735.007, Trans_L2_m: 1.436, Yaw_err_deg: 6.827
Epoch: [2/23], Batch: 310/2963, Loss: 870.490, Trans_L2_m: 1.032, Yaw_err_deg: 8.778
Epoch: [2/23], Batch: 320/2963, Loss: 1141.332, Trans_L2_m: 1.346, Yaw_err_deg: 8.826
Epoch: [2/23], Batch: 330/2963, Loss: 708.059, Trans_L2_m: 2.015, Yaw_err_deg: 7.156
Epoch: [2/23], Batch: 340/2963, Loss: 628.550, Trans_L2_m: 0.804, Yaw_err_deg: 6.150
Epoch: [2/23], Batch: 350/2963, Loss: 1043.521, Trans_L2_m: 1.431, Yaw_err_deg: 8.326
Epoch: [2/23], Batch: 360/2963, Loss: 599.125, Trans_L2_m: 1.298, Yaw_err_deg: 5.585
Epoch: [2/23], Batch: 370/2963, Loss: 867.440, Trans_L2_m: 1.562, Yaw_err_deg: 7.430
Epoch: [2/23], Batch: 380/2963, Loss: 827.431, Trans_L2_m: 0.765, Yaw_err_deg: 6.819
Epoch: [2/23], Batch: 390/2963, Loss: 912.593, Trans_L2_m: 1.268, Yaw_err_deg: 7.833
Epoch: [2/23], Batch: 400/2963, Loss: 935.554, Trans_L2_m: 1.031, Yaw_err_deg: 7.920
Epoch: [2/23], Batch: 410/2963, Loss: 959.112, Trans_L2_m: 1.529, Yaw_err_deg: 8.401
Epoch: [2/23], Batch: 420/2963, Loss: 1002.005, Trans_L2_m: 0.830, Yaw_err_deg: 8.587
Epoch: [2/23], Batch: 430/2963, Loss: 741.039, Trans_L2_m: 1.203, Yaw_err_deg: 5.835
Epoch: [2/23], Batch: 440/2963, Loss: 903.721, Trans_L2_m: 1.278, Yaw_err_deg: 8.392
Epoch: [2/23], Batch: 450/2963, Loss: 622.367, Trans_L2_m: 1.172, Yaw_err_deg: 6.166
Epoch: [2/23], Batch: 460/2963, Loss: 746.711, Trans_L2_m: 1.767, Yaw_err_deg: 5.791
Epoch: [2/23], Batch: 470/2963, Loss: 690.787, Trans_L2_m: 1.325, Yaw_err_deg: 6.210
Epoch: [2/23], Batch: 480/2963, Loss: 892.055, Trans_L2_m: 1.295, Yaw_err_deg: 7.197
Epoch: [2/23], Batch: 490/2963, Loss: 729.660, Trans_L2_m: 1.202, Yaw_err_deg: 7.301
Epoch: [2/23], Batch: 500/2963, Loss: 757.441, Trans_L2_m: 1.323, Yaw_err_deg: 6.019
Epoch: [2/23], Batch: 510/2963, Loss: 898.260, Trans_L2_m: 1.030, Yaw_err_deg: 9.013
Epoch: [2/23], Batch: 520/2963, Loss: 693.278, Trans_L2_m: 1.006, Yaw_err_deg: 6.939
Epoch: [2/23], Batch: 530/2963, Loss: 754.553, Trans_L2_m: 1.119, Yaw_err_deg: 7.143
Epoch: [2/23], Batch: 540/2963, Loss: 707.920, Trans_L2_m: 0.918, Yaw_err_deg: 6.336
Epoch: [2/23], Batch: 550/2963, Loss: 792.829, Trans_L2_m: 0.934, Yaw_err_deg: 6.953
Epoch: [2/23], Batch: 560/2963, Loss: 658.680, Trans_L2_m: 1.182, Yaw_err_deg: 5.357
Epoch: [2/23], Batch: 570/2963, Loss: 778.654, Trans_L2_m: 1.346, Yaw_err_deg: 7.086
Epoch: [2/23], Batch: 580/2963, Loss: 580.401, Trans_L2_m: 0.983, Yaw_err_deg: 4.836
Epoch: [2/23], Batch: 590/2963, Loss: 617.921, Trans_L2_m: 0.919, Yaw_err_deg: 6.135
Epoch: [2/23], Batch: 600/2963, Loss: 790.833, Trans_L2_m: 1.192, Yaw_err_deg: 7.851
Epoch: [2/23], Batch: 610/2963, Loss: 574.100, Trans_L2_m: 1.164, Yaw_err_deg: 6.044
Epoch: [2/23], Batch: 620/2963, Loss: 830.079, Trans_L2_m: 1.419, Yaw_err_deg: 7.712
Epoch: [2/23], Batch: 630/2963, Loss: 685.527, Trans_L2_m: 1.569, Yaw_err_deg: 5.646
Epoch: [2/23], Batch: 640/2963, Loss: 663.965, Trans_L2_m: 1.702, Yaw_err_deg: 6.495
Epoch: [2/23], Batch: 650/2963, Loss: 728.142, Trans_L2_m: 1.288, Yaw_err_deg: 6.094
Epoch: [2/23], Batch: 660/2963, Loss: 820.856, Trans_L2_m: 1.012, Yaw_err_deg: 7.177
Epoch: [2/23], Batch: 670/2963, Loss: 904.376, Trans_L2_m: 0.962, Yaw_err_deg: 8.254
Epoch: [2/23], Batch: 680/2963, Loss: 518.843, Trans_L2_m: 1.010, Yaw_err_deg: 5.132
Epoch: [2/23], Batch: 690/2963, Loss: 614.145, Trans_L2_m: 1.187, Yaw_err_deg: 6.615
Epoch: [2/23], Batch: 700/2963, Loss: 875.454, Trans_L2_m: 0.884, Yaw_err_deg: 9.111
Epoch: [2/23], Batch: 710/2963, Loss: 1047.041, Trans_L2_m: 0.906, Yaw_err_deg: 9.411
Epoch: [2/23], Batch: 720/2963, Loss: 941.666, Trans_L2_m: 0.892, Yaw_err_deg: 7.881
Epoch: [2/23], Batch: 730/2963, Loss: 780.418, Trans_L2_m: 1.544, Yaw_err_deg: 7.272
Epoch: [2/23], Batch: 740/2963, Loss: 667.175, Trans_L2_m: 1.736, Yaw_err_deg: 6.155
Epoch: [2/23], Batch: 750/2963, Loss: 901.635, Trans_L2_m: 1.583, Yaw_err_deg: 7.615
Epoch: [2/23], Batch: 760/2963, Loss: 694.504, Trans_L2_m: 1.581, Yaw_err_deg: 6.250
Epoch: [2/23], Batch: 770/2963, Loss: 723.632, Trans_L2_m: 1.583, Yaw_err_deg: 5.904
Epoch: [2/23], Batch: 780/2963, Loss: 780.180, Trans_L2_m: 1.487, Yaw_err_deg: 7.216
Epoch: [2/23], Batch: 790/2963, Loss: 620.845, Trans_L2_m: 1.548, Yaw_err_deg: 5.578
Epoch: [2/23], Batch: 800/2963, Loss: 638.315, Trans_L2_m: 1.401, Yaw_err_deg: 5.702
Epoch: [2/23], Batch: 810/2963, Loss: 889.675, Trans_L2_m: 1.302, Yaw_err_deg: 6.836
Epoch: [2/23], Batch: 820/2963, Loss: 907.545, Trans_L2_m: 1.195, Yaw_err_deg: 8.117
Epoch: [2/23], Batch: 830/2963, Loss: 568.770, Trans_L2_m: 0.987, Yaw_err_deg: 5.313
Epoch: [2/23], Batch: 840/2963, Loss: 537.515, Trans_L2_m: 1.395, Yaw_err_deg: 5.397
Epoch: [2/23], Batch: 850/2963, Loss: 854.831, Trans_L2_m: 1.256, Yaw_err_deg: 8.039
Epoch: [2/23], Batch: 860/2963, Loss: 1209.491, Trans_L2_m: 1.428, Yaw_err_deg: 9.495
Epoch: [2/23], Batch: 870/2963, Loss: 641.202, Trans_L2_m: 0.936, Yaw_err_deg: 6.240
Epoch: [2/23], Batch: 880/2963, Loss: 491.165, Trans_L2_m: 1.237, Yaw_err_deg: 4.616
Epoch: [2/23], Batch: 890/2963, Loss: 737.217, Trans_L2_m: 1.349, Yaw_err_deg: 6.929
Epoch: [2/23], Batch: 900/2963, Loss: 710.169, Trans_L2_m: 1.975, Yaw_err_deg: 6.082
Epoch: [2/23], Batch: 910/2963, Loss: 778.426, Trans_L2_m: 1.015, Yaw_err_deg: 6.901
Epoch: [2/23], Batch: 920/2963, Loss: 544.215, Trans_L2_m: 1.417, Yaw_err_deg: 5.307
Epoch: [2/23], Batch: 930/2963, Loss: 1058.204, Trans_L2_m: 1.028, Yaw_err_deg: 10.670
Epoch: [2/23], Batch: 940/2963, Loss: 1101.779, Trans_L2_m: 1.303, Yaw_err_deg: 9.479
Epoch: [2/23], Batch: 950/2963, Loss: 601.103, Trans_L2_m: 1.175, Yaw_err_deg: 7.193
Epoch: [2/23], Batch: 960/2963, Loss: 674.248, Trans_L2_m: 1.542, Yaw_err_deg: 6.985
Epoch: [2/23], Batch: 970/2963, Loss: 440.782, Trans_L2_m: 0.982, Yaw_err_deg: 4.047
Epoch: [2/23], Batch: 980/2963, Loss: 901.694, Trans_L2_m: 1.106, Yaw_err_deg: 7.596
Epoch: [2/23], Batch: 990/2963, Loss: 599.873, Trans_L2_m: 0.820, Yaw_err_deg: 5.897
Epoch: [2/23], Batch: 1000/2963, Loss: 661.518, Trans_L2_m: 1.265, Yaw_err_deg: 6.459
Epoch: [2/23], Batch: 1010/2963, Loss: 714.474, Trans_L2_m: 1.124, Yaw_err_deg: 6.051
Epoch: [2/23], Batch: 1020/2963, Loss: 994.347, Trans_L2_m: 1.268, Yaw_err_deg: 7.933
Epoch: [2/23], Batch: 1030/2963, Loss: 902.901, Trans_L2_m: 1.344, Yaw_err_deg: 7.617
Epoch: [2/23], Batch: 1040/2963, Loss: 767.397, Trans_L2_m: 1.673, Yaw_err_deg: 6.296
Epoch: [2/23], Batch: 1050/2963, Loss: 597.481, Trans_L2_m: 1.138, Yaw_err_deg: 5.950
Epoch: [2/23], Batch: 1060/2963, Loss: 827.080, Trans_L2_m: 1.034, Yaw_err_deg: 8.369
Epoch: [2/23], Batch: 1070/2963, Loss: 647.185, Trans_L2_m: 0.934, Yaw_err_deg: 5.757
Epoch: [2/23], Batch: 1080/2963, Loss: 539.511, Trans_L2_m: 1.384, Yaw_err_deg: 4.911
Epoch: [2/23], Batch: 1090/2963, Loss: 436.060, Trans_L2_m: 1.172, Yaw_err_deg: 5.045
Epoch: [2/23], Batch: 1100/2963, Loss: 1133.625, Trans_L2_m: 1.657, Yaw_err_deg: 9.998
Epoch: [2/23], Batch: 1110/2963, Loss: 617.839, Trans_L2_m: 1.033, Yaw_err_deg: 6.246
Epoch: [2/23], Batch: 1120/2963, Loss: 429.524, Trans_L2_m: 1.199, Yaw_err_deg: 3.970
Epoch: [2/23], Batch: 1130/2963, Loss: 671.321, Trans_L2_m: 0.801, Yaw_err_deg: 6.248
Epoch: [2/23], Batch: 1140/2963, Loss: 1254.103, Trans_L2_m: 1.006, Yaw_err_deg: 10.252
Epoch: [2/23], Batch: 1150/2963, Loss: 700.116, Trans_L2_m: 0.896, Yaw_err_deg: 6.888
Epoch: [2/23], Batch: 1160/2963, Loss: 482.879, Trans_L2_m: 1.491, Yaw_err_deg: 4.419
Epoch: [2/23], Batch: 1170/2963, Loss: 515.224, Trans_L2_m: 1.293, Yaw_err_deg: 5.418
Epoch: [2/23], Batch: 1180/2963, Loss: 496.531, Trans_L2_m: 1.072, Yaw_err_deg: 3.822
Epoch: [2/23], Batch: 1190/2963, Loss: 688.925, Trans_L2_m: 1.182, Yaw_err_deg: 7.093
Epoch: [2/23], Batch: 1200/2963, Loss: 676.164, Trans_L2_m: 1.278, Yaw_err_deg: 7.068
Epoch: [2/23], Batch: 1210/2963, Loss: 539.402, Trans_L2_m: 1.859, Yaw_err_deg: 5.053
Epoch: [2/23], Batch: 1220/2963, Loss: 605.586, Trans_L2_m: 1.300, Yaw_err_deg: 6.077
Epoch: [2/23], Batch: 1230/2963, Loss: 556.491, Trans_L2_m: 0.797, Yaw_err_deg: 5.829
Epoch: [2/23], Batch: 1240/2963, Loss: 588.453, Trans_L2_m: 0.956, Yaw_err_deg: 7.126
Epoch: [2/23], Batch: 1250/2963, Loss: 635.645, Trans_L2_m: 1.448, Yaw_err_deg: 6.632
Epoch: [2/23], Batch: 1260/2963, Loss: 623.427, Trans_L2_m: 1.019, Yaw_err_deg: 7.438
Epoch: [2/23], Batch: 1270/2963, Loss: 388.116, Trans_L2_m: 1.001, Yaw_err_deg: 3.555
Epoch: [2/23], Batch: 1280/2963, Loss: 477.475, Trans_L2_m: 0.976, Yaw_err_deg: 4.830
Epoch: [2/23], Batch: 1290/2963, Loss: 437.993, Trans_L2_m: 1.547, Yaw_err_deg: 4.013
Epoch: [2/23], Batch: 1300/2963, Loss: 467.296, Trans_L2_m: 1.031, Yaw_err_deg: 3.949
Epoch: [2/23], Batch: 1310/2963, Loss: 433.026, Trans_L2_m: 1.241, Yaw_err_deg: 3.942
Epoch: [2/23], Batch: 1320/2963, Loss: 487.366, Trans_L2_m: 1.357, Yaw_err_deg: 5.940
Epoch: [2/23], Batch: 1330/2963, Loss: 404.697, Trans_L2_m: 1.201, Yaw_err_deg: 3.201
Epoch: [2/23], Batch: 1340/2963, Loss: 474.356, Trans_L2_m: 1.069, Yaw_err_deg: 4.873
Epoch: [2/23], Batch: 1350/2963, Loss: 663.576, Trans_L2_m: 1.384, Yaw_err_deg: 6.244
Epoch: [2/23], Batch: 1360/2963, Loss: 799.840, Trans_L2_m: 1.524, Yaw_err_deg: 8.135
Epoch: [2/23], Batch: 1370/2963, Loss: 460.449, Trans_L2_m: 1.145, Yaw_err_deg: 4.920
Epoch: [2/23], Batch: 1380/2963, Loss: 570.978, Trans_L2_m: 1.184, Yaw_err_deg: 6.228
Epoch: [2/23], Batch: 1390/2963, Loss: 363.403, Trans_L2_m: 1.134, Yaw_err_deg: 4.359
Epoch: [2/23], Batch: 1400/2963, Loss: 749.962, Trans_L2_m: 0.988, Yaw_err_deg: 8.144
Epoch: [2/23], Batch: 1410/2963, Loss: 450.319, Trans_L2_m: 1.242, Yaw_err_deg: 4.723
Epoch: [2/23], Batch: 1420/2963, Loss: 515.164, Trans_L2_m: 1.380, Yaw_err_deg: 5.610
Epoch: [2/23], Batch: 1430/2963, Loss: 482.743, Trans_L2_m: 1.331, Yaw_err_deg: 4.536
Epoch: [2/23], Batch: 1440/2963, Loss: 515.969, Trans_L2_m: 1.330, Yaw_err_deg: 5.203
Epoch: [2/23], Batch: 1450/2963, Loss: 571.768, Trans_L2_m: 1.116, Yaw_err_deg: 4.615
Epoch: [2/23], Batch: 1460/2963, Loss: 462.380, Trans_L2_m: 0.892, Yaw_err_deg: 5.668
Epoch: [2/23], Batch: 1470/2963, Loss: 563.925, Trans_L2_m: 1.335, Yaw_err_deg: 5.198
Epoch: [2/23], Batch: 1480/2963, Loss: 403.457, Trans_L2_m: 1.109, Yaw_err_deg: 3.938
Epoch: [2/23], Batch: 1490/2963, Loss: 396.703, Trans_L2_m: 1.247, Yaw_err_deg: 4.489
Epoch: [2/23], Batch: 1500/2963, Loss: 667.369, Trans_L2_m: 0.829, Yaw_err_deg: 6.822
Epoch: [2/23], Batch: 1510/2963, Loss: 791.239, Trans_L2_m: 1.014, Yaw_err_deg: 8.929
Epoch: [2/23], Batch: 1520/2963, Loss: 756.167, Trans_L2_m: 1.136, Yaw_err_deg: 7.023
Epoch: [2/23], Batch: 1530/2963, Loss: 483.301, Trans_L2_m: 0.976, Yaw_err_deg: 5.657
Epoch: [2/23], Batch: 1540/2963, Loss: 778.173, Trans_L2_m: 0.846, Yaw_err_deg: 7.516
Epoch: [2/23], Batch: 1550/2963, Loss: 777.079, Trans_L2_m: 1.526, Yaw_err_deg: 7.233
Epoch: [2/23], Batch: 1560/2963, Loss: 721.000, Trans_L2_m: 0.810, Yaw_err_deg: 7.928
Epoch: [2/23], Batch: 1570/2963, Loss: 589.037, Trans_L2_m: 0.960, Yaw_err_deg: 6.330
Epoch: [2/23], Batch: 1580/2963, Loss: 581.946, Trans_L2_m: 1.213, Yaw_err_deg: 4.828
Epoch: [2/23], Batch: 1590/2963, Loss: 511.806, Trans_L2_m: 0.901, Yaw_err_deg: 5.514
Epoch: [2/23], Batch: 1600/2963, Loss: 581.906, Trans_L2_m: 1.263, Yaw_err_deg: 5.755
Epoch: [2/23], Batch: 1610/2963, Loss: 445.149, Trans_L2_m: 1.160, Yaw_err_deg: 4.465
Epoch: [2/23], Batch: 1620/2963, Loss: 623.598, Trans_L2_m: 1.160, Yaw_err_deg: 6.265
Epoch: [2/23], Batch: 1630/2963, Loss: 483.537, Trans_L2_m: 1.271, Yaw_err_deg: 3.329
Epoch: [2/23], Batch: 1640/2963, Loss: 713.892, Trans_L2_m: 0.898, Yaw_err_deg: 7.056
Epoch: [2/23], Batch: 1650/2963, Loss: 401.741, Trans_L2_m: 1.126, Yaw_err_deg: 4.850
Epoch: [2/23], Batch: 1660/2963, Loss: 555.338, Trans_L2_m: 1.270, Yaw_err_deg: 5.353
Epoch: [2/23], Batch: 1670/2963, Loss: 533.063, Trans_L2_m: 0.691, Yaw_err_deg: 5.870
Epoch: [2/23], Batch: 1680/2963, Loss: 726.820, Trans_L2_m: 0.881, Yaw_err_deg: 6.119
Epoch: [2/23], Batch: 1690/2963, Loss: 336.461, Trans_L2_m: 1.104, Yaw_err_deg: 3.343
Epoch: [2/23], Batch: 1700/2963, Loss: 469.101, Trans_L2_m: 1.048, Yaw_err_deg: 5.460
Epoch: [2/23], Batch: 1710/2963, Loss: 434.377, Trans_L2_m: 0.730, Yaw_err_deg: 4.362
Epoch: [2/23], Batch: 1720/2963, Loss: 588.460, Trans_L2_m: 1.318, Yaw_err_deg: 4.086
Epoch: [2/23], Batch: 1730/2963, Loss: 602.674, Trans_L2_m: 0.807, Yaw_err_deg: 4.849
Epoch: [2/23], Batch: 1740/2963, Loss: 452.305, Trans_L2_m: 1.005, Yaw_err_deg: 4.401
Epoch: [2/23], Batch: 1750/2963, Loss: 656.228, Trans_L2_m: 1.171, Yaw_err_deg: 7.719
Epoch: [2/23], Batch: 1760/2963, Loss: 388.159, Trans_L2_m: 1.378, Yaw_err_deg: 4.815
Epoch: [2/23], Batch: 1770/2963, Loss: 527.477, Trans_L2_m: 0.954, Yaw_err_deg: 5.698
Epoch: [2/23], Batch: 1780/2963, Loss: 490.048, Trans_L2_m: 1.113, Yaw_err_deg: 5.699
Epoch: [2/23], Batch: 1790/2963, Loss: 481.867, Trans_L2_m: 1.148, Yaw_err_deg: 4.856
Epoch: [2/23], Batch: 1800/2963, Loss: 398.642, Trans_L2_m: 0.910, Yaw_err_deg: 5.060
Epoch: [2/23], Batch: 1810/2963, Loss: 559.430, Trans_L2_m: 1.075, Yaw_err_deg: 5.442
Epoch: [2/23], Batch: 1820/2963, Loss: 764.649, Trans_L2_m: 1.142, Yaw_err_deg: 6.278
Epoch: [2/23], Batch: 1830/2963, Loss: 470.279, Trans_L2_m: 0.873, Yaw_err_deg: 5.278
Epoch: [2/23], Batch: 1840/2963, Loss: 631.891, Trans_L2_m: 0.919, Yaw_err_deg: 6.436
Epoch: [2/23], Batch: 1850/2963, Loss: 574.442, Trans_L2_m: 1.151, Yaw_err_deg: 5.717
Epoch: [2/23], Batch: 1860/2963, Loss: 448.585, Trans_L2_m: 0.954, Yaw_err_deg: 5.583
Epoch: [2/23], Batch: 1870/2963, Loss: 304.862, Trans_L2_m: 1.187, Yaw_err_deg: 3.836
Epoch: [2/23], Batch: 1880/2963, Loss: 639.791, Trans_L2_m: 1.188, Yaw_err_deg: 4.946
Epoch: [2/23], Batch: 1890/2963, Loss: 396.991, Trans_L2_m: 1.246, Yaw_err_deg: 4.948
Epoch: [2/23], Batch: 1900/2963, Loss: 294.727, Trans_L2_m: 0.825, Yaw_err_deg: 3.969
Epoch: [2/23], Batch: 1910/2963, Loss: 499.041, Trans_L2_m: 1.255, Yaw_err_deg: 4.112
Epoch: [2/23], Batch: 1920/2963, Loss: 489.011, Trans_L2_m: 0.980, Yaw_err_deg: 5.642
Epoch: [2/23], Batch: 1930/2963, Loss: 638.329, Trans_L2_m: 1.165, Yaw_err_deg: 6.209
Epoch: [2/23], Batch: 1940/2963, Loss: 424.172, Trans_L2_m: 1.057, Yaw_err_deg: 4.076
Epoch: [2/23], Batch: 1950/2963, Loss: 248.105, Trans_L2_m: 1.076, Yaw_err_deg: 3.324
Epoch: [2/23], Batch: 1960/2963, Loss: 686.677, Trans_L2_m: 0.842, Yaw_err_deg: 5.412
Epoch: [2/23], Batch: 1970/2963, Loss: 634.769, Trans_L2_m: 0.906, Yaw_err_deg: 5.418
Epoch: [2/23], Batch: 1980/2963, Loss: 296.355, Trans_L2_m: 0.985, Yaw_err_deg: 3.365
Epoch: [2/23], Batch: 1990/2963, Loss: 768.628, Trans_L2_m: 1.077, Yaw_err_deg: 7.223
Epoch: [2/23], Batch: 2000/2963, Loss: 531.806, Trans_L2_m: 0.837, Yaw_err_deg: 5.935
Epoch: [2/23], Batch: 2010/2963, Loss: 391.015, Trans_L2_m: 0.695, Yaw_err_deg: 4.556
Epoch: [2/23], Batch: 2020/2963, Loss: 371.843, Trans_L2_m: 1.003, Yaw_err_deg: 5.239
Epoch: [2/23], Batch: 2030/2963, Loss: 405.902, Trans_L2_m: 1.406, Yaw_err_deg: 4.300
Epoch: [2/23], Batch: 2040/2963, Loss: 500.959, Trans_L2_m: 1.008, Yaw_err_deg: 5.560
Epoch: [2/23], Batch: 2050/2963, Loss: 550.659, Trans_L2_m: 0.960, Yaw_err_deg: 6.254
Epoch: [2/23], Batch: 2060/2963, Loss: 496.862, Trans_L2_m: 0.999, Yaw_err_deg: 5.223
Epoch: [2/23], Batch: 2070/2963, Loss: 380.766, Trans_L2_m: 1.412, Yaw_err_deg: 4.280
Epoch: [2/23], Batch: 2080/2963, Loss: 427.644, Trans_L2_m: 0.989, Yaw_err_deg: 5.508
Epoch: [2/23], Batch: 2090/2963, Loss: 384.922, Trans_L2_m: 0.837, Yaw_err_deg: 4.915
Epoch: [2/23], Batch: 2100/2963, Loss: 607.951, Trans_L2_m: 0.829, Yaw_err_deg: 5.970
Epoch: [2/23], Batch: 2110/2963, Loss: 424.245, Trans_L2_m: 0.943, Yaw_err_deg: 4.871
Epoch: [2/23], Batch: 2120/2963, Loss: 447.649, Trans_L2_m: 0.849, Yaw_err_deg: 4.553
Epoch: [2/23], Batch: 2130/2963, Loss: 576.415, Trans_L2_m: 0.687, Yaw_err_deg: 7.486
Epoch: [2/23], Batch: 2140/2963, Loss: 816.052, Trans_L2_m: 1.137, Yaw_err_deg: 6.697
Epoch: [2/23], Batch: 2150/2963, Loss: 615.493, Trans_L2_m: 1.052, Yaw_err_deg: 5.369
Epoch: [2/23], Batch: 2160/2963, Loss: 525.794, Trans_L2_m: 0.818, Yaw_err_deg: 4.867
Epoch: [2/23], Batch: 2170/2963, Loss: 459.406, Trans_L2_m: 1.022, Yaw_err_deg: 5.915
Epoch: [2/23], Batch: 2180/2963, Loss: 587.597, Trans_L2_m: 1.153, Yaw_err_deg: 5.737
Epoch: [2/23], Batch: 2190/2963, Loss: 271.503, Trans_L2_m: 0.816, Yaw_err_deg: 2.859
Epoch: [2/23], Batch: 2200/2963, Loss: 580.551, Trans_L2_m: 0.819, Yaw_err_deg: 5.927
Epoch: [2/23], Batch: 2210/2963, Loss: 550.730, Trans_L2_m: 1.144, Yaw_err_deg: 5.749
Epoch: [2/23], Batch: 2220/2963, Loss: 325.957, Trans_L2_m: 0.864, Yaw_err_deg: 4.042
Epoch: [2/23], Batch: 2230/2963, Loss: 317.159, Trans_L2_m: 1.142, Yaw_err_deg: 3.954
Epoch: [2/23], Batch: 2240/2963, Loss: 318.726, Trans_L2_m: 0.877, Yaw_err_deg: 3.856
Epoch: [2/23], Batch: 2250/2963, Loss: 349.417, Trans_L2_m: 0.890, Yaw_err_deg: 4.208
Epoch: [2/23], Batch: 2260/2963, Loss: 256.971, Trans_L2_m: 0.947, Yaw_err_deg: 3.472
Epoch: [2/23], Batch: 2270/2963, Loss: 372.606, Trans_L2_m: 0.850, Yaw_err_deg: 5.500
Epoch: [2/23], Batch: 2280/2963, Loss: 410.556, Trans_L2_m: 1.190, Yaw_err_deg: 4.034
Epoch: [2/23], Batch: 2290/2963, Loss: 335.461, Trans_L2_m: 0.867, Yaw_err_deg: 4.903
Epoch: [2/23], Batch: 2300/2963, Loss: 341.339, Trans_L2_m: 1.025, Yaw_err_deg: 3.649
Epoch: [2/23], Batch: 2310/2963, Loss: 224.635, Trans_L2_m: 1.025, Yaw_err_deg: 3.015
Epoch: [2/23], Batch: 2320/2963, Loss: 371.047, Trans_L2_m: 0.901, Yaw_err_deg: 4.594
Epoch: [2/23], Batch: 2330/2963, Loss: 367.725, Trans_L2_m: 1.593, Yaw_err_deg: 4.200
Epoch: [2/23], Batch: 2340/2963, Loss: 470.599, Trans_L2_m: 0.905, Yaw_err_deg: 5.140
Epoch: [2/23], Batch: 2350/2963, Loss: 277.148, Trans_L2_m: 1.035, Yaw_err_deg: 3.828
Epoch: [2/23], Batch: 2360/2963, Loss: 349.468, Trans_L2_m: 0.929, Yaw_err_deg: 4.631
Epoch: [2/23], Batch: 2370/2963, Loss: 266.731, Trans_L2_m: 1.050, Yaw_err_deg: 3.107
Epoch: [2/23], Batch: 2380/2963, Loss: 332.320, Trans_L2_m: 1.207, Yaw_err_deg: 4.268
Epoch: [2/23], Batch: 2390/2963, Loss: 594.390, Trans_L2_m: 1.241, Yaw_err_deg: 5.490
Epoch: [2/23], Batch: 2400/2963, Loss: 356.899, Trans_L2_m: 1.096, Yaw_err_deg: 4.455
Epoch: [2/23], Batch: 2410/2963, Loss: 316.821, Trans_L2_m: 0.961, Yaw_err_deg: 4.154
Epoch: [2/23], Batch: 2420/2963, Loss: 545.515, Trans_L2_m: 1.014, Yaw_err_deg: 5.049
Epoch: [2/23], Batch: 2430/2963, Loss: 680.760, Trans_L2_m: 1.018, Yaw_err_deg: 6.083
Epoch: [2/23], Batch: 2440/2963, Loss: 270.472, Trans_L2_m: 0.769, Yaw_err_deg: 4.310
Epoch: [2/23], Batch: 2450/2963, Loss: 297.299, Trans_L2_m: 0.976, Yaw_err_deg: 3.981
Epoch: [2/23], Batch: 2460/2963, Loss: 598.675, Trans_L2_m: 1.056, Yaw_err_deg: 5.175
Epoch: [2/23], Batch: 2470/2963, Loss: 265.488, Trans_L2_m: 1.109, Yaw_err_deg: 3.356
Epoch: [2/23], Batch: 2480/2963, Loss: 283.075, Trans_L2_m: 0.916, Yaw_err_deg: 4.017
Epoch: [2/23], Batch: 2490/2963, Loss: 383.649, Trans_L2_m: 0.975, Yaw_err_deg: 4.825
Epoch: [2/23], Batch: 2500/2963, Loss: 433.352, Trans_L2_m: 0.968, Yaw_err_deg: 5.072
Epoch: [2/23], Batch: 2510/2963, Loss: 442.549, Trans_L2_m: 0.727, Yaw_err_deg: 6.028
Epoch: [2/23], Batch: 2520/2963, Loss: 453.136, Trans_L2_m: 1.206, Yaw_err_deg: 4.595
Epoch: [2/23], Batch: 2530/2963, Loss: 370.317, Trans_L2_m: 0.997, Yaw_err_deg: 5.199
Epoch: [2/23], Batch: 2540/2963, Loss: 461.626, Trans_L2_m: 0.857, Yaw_err_deg: 5.707
Epoch: [2/23], Batch: 2550/2963, Loss: 412.532, Trans_L2_m: 1.005, Yaw_err_deg: 5.979
Epoch: [2/23], Batch: 2560/2963, Loss: 367.741, Trans_L2_m: 0.831, Yaw_err_deg: 3.252
Epoch: [2/23], Batch: 2570/2963, Loss: 431.491, Trans_L2_m: 1.191, Yaw_err_deg: 5.021
Epoch: [2/23], Batch: 2580/2963, Loss: 322.239, Trans_L2_m: 0.863, Yaw_err_deg: 4.270
Epoch: [2/23], Batch: 2590/2963, Loss: 461.794, Trans_L2_m: 0.864, Yaw_err_deg: 4.651
Epoch: [2/23], Batch: 2600/2963, Loss: 408.994, Trans_L2_m: 1.074, Yaw_err_deg: 4.740
Epoch: [2/23], Batch: 2610/2963, Loss: 246.885, Trans_L2_m: 0.977, Yaw_err_deg: 3.549
Epoch: [2/23], Batch: 2620/2963, Loss: 312.762, Trans_L2_m: 0.843, Yaw_err_deg: 4.105
Epoch: [2/23], Batch: 2630/2963, Loss: 513.104, Trans_L2_m: 1.153, Yaw_err_deg: 5.079
Epoch: [2/23], Batch: 2640/2963, Loss: 395.741, Trans_L2_m: 1.123, Yaw_err_deg: 3.903
Epoch: [2/23], Batch: 2650/2963, Loss: 243.518, Trans_L2_m: 1.033, Yaw_err_deg: 3.290
Epoch: [2/23], Batch: 2660/2963, Loss: 248.637, Trans_L2_m: 0.985, Yaw_err_deg: 3.106
Epoch: [2/23], Batch: 2670/2963, Loss: 363.061, Trans_L2_m: 1.022, Yaw_err_deg: 4.627
Epoch: [2/23], Batch: 2680/2963, Loss: 230.248, Trans_L2_m: 1.135, Yaw_err_deg: 3.473
Epoch: [2/23], Batch: 2690/2963, Loss: 393.003, Trans_L2_m: 0.876, Yaw_err_deg: 5.074
Epoch: [2/23], Batch: 2700/2963, Loss: 352.227, Trans_L2_m: 0.911, Yaw_err_deg: 4.646
Epoch: [2/23], Batch: 2710/2963, Loss: 672.505, Trans_L2_m: 0.988, Yaw_err_deg: 7.073
Epoch: [2/23], Batch: 2720/2963, Loss: 412.104, Trans_L2_m: 0.996, Yaw_err_deg: 3.856
Epoch: [2/23], Batch: 2730/2963, Loss: 288.291, Trans_L2_m: 1.143, Yaw_err_deg: 4.355
Epoch: [2/23], Batch: 2740/2963, Loss: 622.761, Trans_L2_m: 1.002, Yaw_err_deg: 6.816
Epoch: [2/23], Batch: 2750/2963, Loss: 437.289, Trans_L2_m: 1.055, Yaw_err_deg: 5.310
Epoch: [2/23], Batch: 2760/2963, Loss: 461.164, Trans_L2_m: 1.067, Yaw_err_deg: 5.746
Epoch: [2/23], Batch: 2770/2963, Loss: 476.282, Trans_L2_m: 1.173, Yaw_err_deg: 5.455
Epoch: [2/23], Batch: 2780/2963, Loss: 538.392, Trans_L2_m: 1.104, Yaw_err_deg: 6.497
Epoch: [2/23], Batch: 2790/2963, Loss: 301.901, Trans_L2_m: 0.829, Yaw_err_deg: 3.547
Epoch: [2/23], Batch: 2800/2963, Loss: 334.926, Trans_L2_m: 0.907, Yaw_err_deg: 5.047
Epoch: [2/23], Batch: 2810/2963, Loss: 426.085, Trans_L2_m: 1.124, Yaw_err_deg: 4.398
Epoch: [2/23], Batch: 2820/2963, Loss: 448.194, Trans_L2_m: 1.027, Yaw_err_deg: 5.957
Epoch: [2/23], Batch: 2830/2963, Loss: 314.824, Trans_L2_m: 0.966, Yaw_err_deg: 3.783
Epoch: [2/23], Batch: 2840/2963, Loss: 413.771, Trans_L2_m: 0.823, Yaw_err_deg: 5.293
Epoch: [2/23], Batch: 2850/2963, Loss: 560.873, Trans_L2_m: 0.983, Yaw_err_deg: 6.494
Epoch: [2/23], Batch: 2860/2963, Loss: 339.897, Trans_L2_m: 0.932, Yaw_err_deg: 3.891
Epoch: [2/23], Batch: 2870/2963, Loss: 272.558, Trans_L2_m: 1.096, Yaw_err_deg: 3.430
Epoch: [2/23], Batch: 2880/2963, Loss: 361.402, Trans_L2_m: 0.770, Yaw_err_deg: 3.890
Epoch: [2/23], Batch: 2890/2963, Loss: 500.478, Trans_L2_m: 0.985, Yaw_err_deg: 6.508
Epoch: [2/23], Batch: 2900/2963, Loss: 351.955, Trans_L2_m: 1.285, Yaw_err_deg: 3.723
Epoch: [2/23], Batch: 2910/2963, Loss: 302.174, Trans_L2_m: 0.942, Yaw_err_deg: 4.175
Epoch: [2/23], Batch: 2920/2963, Loss: 267.106, Trans_L2_m: 1.020, Yaw_err_deg: 4.064
Epoch: [2/23], Batch: 2930/2963, Loss: 292.955, Trans_L2_m: 1.012, Yaw_err_deg: 4.378
Epoch: [2/23], Batch: 2940/2963, Loss: 575.247, Trans_L2_m: 1.204, Yaw_err_deg: 5.398
Epoch: [2/23], Batch: 2950/2963, Loss: 226.174, Trans_L2_m: 1.087, Yaw_err_deg: 3.744
Epoch: [2/23], Batch: 2960/2963, Loss: 250.844, Trans_L2_m: 0.802, Yaw_err_deg: 3.878
Epoch: [3/23], Batch: 0/2963, Loss: 278.035, Trans_L2_m: 0.930, Yaw_err_deg: 4.345
Epoch: [3/23], Batch: 10/2963, Loss: 307.335, Trans_L2_m: 0.710, Yaw_err_deg: 4.021
Epoch: [3/23], Batch: 20/2963, Loss: 360.801, Trans_L2_m: 0.959, Yaw_err_deg: 5.139
Epoch: [3/23], Batch: 30/2963, Loss: 430.609, Trans_L2_m: 1.040, Yaw_err_deg: 5.117
Epoch: [3/23], Batch: 40/2963, Loss: 294.233, Trans_L2_m: 0.960, Yaw_err_deg: 3.981
Epoch: [3/23], Batch: 50/2963, Loss: 224.775, Trans_L2_m: 0.844, Yaw_err_deg: 2.762
Epoch: [3/23], Batch: 60/2963, Loss: 237.132, Trans_L2_m: 0.819, Yaw_err_deg: 2.803
Epoch: [3/23], Batch: 70/2963, Loss: 248.525, Trans_L2_m: 1.091, Yaw_err_deg: 3.000
Epoch: [3/23], Batch: 80/2963, Loss: 271.391, Trans_L2_m: 0.864, Yaw_err_deg: 3.756
Epoch: [3/23], Batch: 90/2963, Loss: 214.533, Trans_L2_m: 0.777, Yaw_err_deg: 3.277
Epoch: [3/23], Batch: 100/2963, Loss: 361.146, Trans_L2_m: 0.993, Yaw_err_deg: 5.449
Epoch: [3/23], Batch: 110/2963, Loss: 277.355, Trans_L2_m: 1.237, Yaw_err_deg: 4.232
Epoch: [3/23], Batch: 120/2963, Loss: 262.196, Trans_L2_m: 1.173, Yaw_err_deg: 3.687
Epoch: [3/23], Batch: 130/2963, Loss: 411.024, Trans_L2_m: 0.613, Yaw_err_deg: 4.637
Epoch: [3/23], Batch: 140/2963, Loss: 440.975, Trans_L2_m: 0.876, Yaw_err_deg: 5.472
Epoch: [3/23], Batch: 150/2963, Loss: 449.826, Trans_L2_m: 0.624, Yaw_err_deg: 5.509
Epoch: [3/23], Batch: 160/2963, Loss: 251.410, Trans_L2_m: 0.721, Yaw_err_deg: 4.341
Epoch: [3/23], Batch: 170/2963, Loss: 298.707, Trans_L2_m: 0.829, Yaw_err_deg: 3.903
Epoch: [3/23], Batch: 180/2963, Loss: 442.593, Trans_L2_m: 0.721, Yaw_err_deg: 4.574
Epoch: [3/23], Batch: 190/2963, Loss: 275.344, Trans_L2_m: 1.406, Yaw_err_deg: 3.171
Epoch: [3/23], Batch: 200/2963, Loss: 307.637, Trans_L2_m: 1.021, Yaw_err_deg: 4.159
Epoch: [3/23], Batch: 210/2963, Loss: 423.467, Trans_L2_m: 1.064, Yaw_err_deg: 4.766
Epoch: [3/23], Batch: 220/2963, Loss: 271.822, Trans_L2_m: 0.715, Yaw_err_deg: 3.706
Epoch: [3/23], Batch: 230/2963, Loss: 213.483, Trans_L2_m: 1.290, Yaw_err_deg: 2.656
Epoch: [3/23], Batch: 240/2963, Loss: 224.198, Trans_L2_m: 1.029, Yaw_err_deg: 3.382
Epoch: [3/23], Batch: 250/2963, Loss: 253.980, Trans_L2_m: 0.846, Yaw_err_deg: 3.280
Epoch: [3/23], Batch: 260/2963, Loss: 441.748, Trans_L2_m: 0.928, Yaw_err_deg: 4.738
Epoch: [3/23], Batch: 270/2963, Loss: 379.559, Trans_L2_m: 0.975, Yaw_err_deg: 5.446
Epoch: [3/23], Batch: 280/2963, Loss: 716.547, Trans_L2_m: 0.884, Yaw_err_deg: 8.297
Epoch: [3/23], Batch: 290/2963, Loss: 230.261, Trans_L2_m: 0.815, Yaw_err_deg: 3.036
Epoch: [3/23], Batch: 300/2963, Loss: 568.974, Trans_L2_m: 1.465, Yaw_err_deg: 6.125
Epoch: [3/23], Batch: 310/2963, Loss: 210.699, Trans_L2_m: 0.856, Yaw_err_deg: 3.235
Epoch: [3/23], Batch: 320/2963, Loss: 239.686, Trans_L2_m: 0.715, Yaw_err_deg: 3.039
Epoch: [3/23], Batch: 330/2963, Loss: 310.989, Trans_L2_m: 1.261, Yaw_err_deg: 3.655
Epoch: [3/23], Batch: 340/2963, Loss: 223.918, Trans_L2_m: 0.705, Yaw_err_deg: 2.982
Epoch: [3/23], Batch: 350/2963, Loss: 289.119, Trans_L2_m: 1.038, Yaw_err_deg: 4.283
Epoch: [3/23], Batch: 360/2963, Loss: 280.569, Trans_L2_m: 0.672, Yaw_err_deg: 4.521
Epoch: [3/23], Batch: 370/2963, Loss: 569.845, Trans_L2_m: 0.878, Yaw_err_deg: 5.620
Epoch: [3/23], Batch: 380/2963, Loss: 293.786, Trans_L2_m: 0.862, Yaw_err_deg: 4.131
Epoch: [3/23], Batch: 390/2963, Loss: 512.747, Trans_L2_m: 0.909, Yaw_err_deg: 6.268
Epoch: [3/23], Batch: 400/2963, Loss: 438.457, Trans_L2_m: 1.057, Yaw_err_deg: 5.106
Epoch: [3/23], Batch: 410/2963, Loss: 292.884, Trans_L2_m: 1.290, Yaw_err_deg: 4.215
Epoch: [3/23], Batch: 420/2963, Loss: 311.904, Trans_L2_m: 0.997, Yaw_err_deg: 4.400
Epoch: [3/23], Batch: 430/2963, Loss: 601.284, Trans_L2_m: 1.157, Yaw_err_deg: 6.992
Epoch: [3/23], Batch: 440/2963, Loss: 223.865, Trans_L2_m: 0.968, Yaw_err_deg: 3.761
Epoch: [3/23], Batch: 450/2963, Loss: 315.952, Trans_L2_m: 1.211, Yaw_err_deg: 4.565
Epoch: [3/23], Batch: 460/2963, Loss: 344.085, Trans_L2_m: 0.997, Yaw_err_deg: 5.030
Epoch: [3/23], Batch: 470/2963, Loss: 665.410, Trans_L2_m: 0.981, Yaw_err_deg: 6.970
Epoch: [3/23], Batch: 480/2963, Loss: 228.438, Trans_L2_m: 0.857, Yaw_err_deg: 3.773
Epoch: [3/23], Batch: 490/2963, Loss: 383.608, Trans_L2_m: 1.154, Yaw_err_deg: 5.221
Epoch: [3/23], Batch: 500/2963, Loss: 426.851, Trans_L2_m: 0.870, Yaw_err_deg: 5.826
Epoch: [3/23], Batch: 510/2963, Loss: 262.170, Trans_L2_m: 1.333, Yaw_err_deg: 3.643
Epoch: [3/23], Batch: 520/2963, Loss: 250.658, Trans_L2_m: 0.940, Yaw_err_deg: 3.854
Epoch: [3/23], Batch: 530/2963, Loss: 712.251, Trans_L2_m: 0.984, Yaw_err_deg: 6.718
Epoch: [3/23], Batch: 540/2963, Loss: 249.596, Trans_L2_m: 0.997, Yaw_err_deg: 3.397
Epoch: [3/23], Batch: 550/2963, Loss: 254.865, Trans_L2_m: 1.044, Yaw_err_deg: 4.093
Epoch: [3/23], Batch: 560/2963, Loss: 388.428, Trans_L2_m: 1.220, Yaw_err_deg: 4.446
Epoch: [3/23], Batch: 570/2963, Loss: 237.643, Trans_L2_m: 0.895, Yaw_err_deg: 4.680
Epoch: [3/23], Batch: 580/2963, Loss: 439.822, Trans_L2_m: 0.821, Yaw_err_deg: 4.085
Epoch: [3/23], Batch: 590/2963, Loss: 302.817, Trans_L2_m: 0.899, Yaw_err_deg: 4.580
Epoch: [3/23], Batch: 600/2963, Loss: 344.374, Trans_L2_m: 1.344, Yaw_err_deg: 4.224
Epoch: [3/23], Batch: 610/2963, Loss: 235.550, Trans_L2_m: 1.268, Yaw_err_deg: 3.505
Epoch: [3/23], Batch: 620/2963, Loss: 267.896, Trans_L2_m: 1.125, Yaw_err_deg: 2.831
Epoch: [3/23], Batch: 630/2963, Loss: 651.948, Trans_L2_m: 1.035, Yaw_err_deg: 5.839
Epoch: [3/23], Batch: 640/2963, Loss: 287.007, Trans_L2_m: 0.931, Yaw_err_deg: 3.916
Epoch: [3/23], Batch: 650/2963, Loss: 338.600, Trans_L2_m: 0.951, Yaw_err_deg: 4.597
Epoch: [3/23], Batch: 660/2963, Loss: 295.398, Trans_L2_m: 0.957, Yaw_err_deg: 3.885
Epoch: [3/23], Batch: 670/2963, Loss: 359.252, Trans_L2_m: 1.239, Yaw_err_deg: 4.987
Epoch: [3/23], Batch: 680/2963, Loss: 234.911, Trans_L2_m: 1.083, Yaw_err_deg: 3.218
Epoch: [3/23], Batch: 690/2963, Loss: 236.873, Trans_L2_m: 0.965, Yaw_err_deg: 3.456
Epoch: [3/23], Batch: 700/2963, Loss: 167.691, Trans_L2_m: 0.908, Yaw_err_deg: 2.878
Epoch: [3/23], Batch: 710/2963, Loss: 217.099, Trans_L2_m: 0.715, Yaw_err_deg: 3.318
Epoch: [3/23], Batch: 720/2963, Loss: 221.325, Trans_L2_m: 0.703, Yaw_err_deg: 3.918
Epoch: [3/23], Batch: 730/2963, Loss: 478.598, Trans_L2_m: 0.857, Yaw_err_deg: 5.235
Epoch: [3/23], Batch: 740/2963, Loss: 440.487, Trans_L2_m: 0.631, Yaw_err_deg: 6.135
Epoch: [3/23], Batch: 750/2963, Loss: 194.763, Trans_L2_m: 0.613, Yaw_err_deg: 3.162
Epoch: [3/23], Batch: 760/2963, Loss: 242.297, Trans_L2_m: 0.907, Yaw_err_deg: 3.678
Epoch: [3/23], Batch: 770/2963, Loss: 166.732, Trans_L2_m: 1.150, Yaw_err_deg: 2.603
Epoch: [3/23], Batch: 780/2963, Loss: 193.336, Trans_L2_m: 1.329, Yaw_err_deg: 2.484
Epoch: [3/23], Batch: 790/2963, Loss: 256.182, Trans_L2_m: 1.159, Yaw_err_deg: 3.062
Epoch: [3/23], Batch: 800/2963, Loss: 226.675, Trans_L2_m: 1.155, Yaw_err_deg: 3.151
Epoch: [3/23], Batch: 810/2963, Loss: 315.904, Trans_L2_m: 0.744, Yaw_err_deg: 4.818
Epoch: [3/23], Batch: 820/2963, Loss: 308.174, Trans_L2_m: 1.326, Yaw_err_deg: 3.918
Epoch: [3/23], Batch: 830/2963, Loss: 179.931, Trans_L2_m: 0.789, Yaw_err_deg: 2.365
Epoch: [3/23], Batch: 840/2963, Loss: 328.342, Trans_L2_m: 1.371, Yaw_err_deg: 4.415
Epoch: [3/23], Batch: 850/2963, Loss: 242.608, Trans_L2_m: 0.777, Yaw_err_deg: 3.831
Epoch: [3/23], Batch: 860/2963, Loss: 243.132, Trans_L2_m: 0.734, Yaw_err_deg: 4.090
Epoch: [3/23], Batch: 870/2963, Loss: 649.236, Trans_L2_m: 0.787, Yaw_err_deg: 5.766
Epoch: [3/23], Batch: 880/2963, Loss: 396.924, Trans_L2_m: 1.133, Yaw_err_deg: 4.852
Epoch: [3/23], Batch: 890/2963, Loss: 419.953, Trans_L2_m: 1.061, Yaw_err_deg: 4.664
Epoch: [3/23], Batch: 900/2963, Loss: 192.143, Trans_L2_m: 0.630, Yaw_err_deg: 3.157
Epoch: [3/23], Batch: 910/2963, Loss: 350.869, Trans_L2_m: 0.918, Yaw_err_deg: 5.039
Epoch: [3/23], Batch: 920/2963, Loss: 393.172, Trans_L2_m: 0.943, Yaw_err_deg: 5.227
Epoch: [3/23], Batch: 930/2963, Loss: 249.740, Trans_L2_m: 0.705, Yaw_err_deg: 4.174
Epoch: [3/23], Batch: 940/2963, Loss: 202.067, Trans_L2_m: 0.924, Yaw_err_deg: 2.830
Epoch: [3/23], Batch: 950/2963, Loss: 286.315, Trans_L2_m: 0.695, Yaw_err_deg: 5.103
Epoch: [3/23], Batch: 960/2963, Loss: 132.619, Trans_L2_m: 0.849, Yaw_err_deg: 2.446
Epoch: [3/23], Batch: 970/2963, Loss: 283.800, Trans_L2_m: 0.682, Yaw_err_deg: 4.690
Epoch: [3/23], Batch: 980/2963, Loss: 193.986, Trans_L2_m: 1.036, Yaw_err_deg: 2.445
Epoch: [3/23], Batch: 990/2963, Loss: 286.958, Trans_L2_m: 1.177, Yaw_err_deg: 4.300
Epoch: [3/23], Batch: 1000/2963, Loss: 337.502, Trans_L2_m: 0.838, Yaw_err_deg: 4.304
Epoch: [3/23], Batch: 1010/2963, Loss: 330.311, Trans_L2_m: 0.841, Yaw_err_deg: 3.817
Epoch: [3/23], Batch: 1020/2963, Loss: 244.082, Trans_L2_m: 0.901, Yaw_err_deg: 3.940
Epoch: [3/23], Batch: 1030/2963, Loss: 209.777, Trans_L2_m: 0.743, Yaw_err_deg: 3.305
Epoch: [3/23], Batch: 1040/2963, Loss: 427.381, Trans_L2_m: 1.294, Yaw_err_deg: 5.341
Epoch: [3/23], Batch: 1050/2963, Loss: 339.074, Trans_L2_m: 0.975, Yaw_err_deg: 4.369
Epoch: [3/23], Batch: 1060/2963, Loss: 349.236, Trans_L2_m: 0.946, Yaw_err_deg: 4.471
Epoch: [3/23], Batch: 1070/2963, Loss: 393.471, Trans_L2_m: 0.983, Yaw_err_deg: 4.094
Epoch: [3/23], Batch: 1080/2963, Loss: 287.499, Trans_L2_m: 1.141, Yaw_err_deg: 3.769
Epoch: [3/23], Batch: 1090/2963, Loss: 214.806, Trans_L2_m: 0.887, Yaw_err_deg: 3.108
Epoch: [3/23], Batch: 1100/2963, Loss: 329.312, Trans_L2_m: 0.826, Yaw_err_deg: 4.458
Epoch: [3/23], Batch: 1110/2963, Loss: 268.265, Trans_L2_m: 0.969, Yaw_err_deg: 4.804
Epoch: [3/23], Batch: 1120/2963, Loss: 250.533, Trans_L2_m: 0.968, Yaw_err_deg: 3.277
Epoch: [3/23], Batch: 1130/2963, Loss: 244.803, Trans_L2_m: 0.690, Yaw_err_deg: 3.316
Epoch: [3/23], Batch: 1140/2963, Loss: 173.018, Trans_L2_m: 0.943, Yaw_err_deg: 2.661
Epoch: [3/23], Batch: 1150/2963, Loss: 298.956, Trans_L2_m: 1.299, Yaw_err_deg: 4.317
Epoch: [3/23], Batch: 1160/2963, Loss: 299.596, Trans_L2_m: 1.036, Yaw_err_deg: 4.362
Epoch: [3/23], Batch: 1170/2963, Loss: 151.835, Trans_L2_m: 0.551, Yaw_err_deg: 2.581
Epoch: [3/23], Batch: 1180/2963, Loss: 152.480, Trans_L2_m: 0.486, Yaw_err_deg: 2.412
Epoch: [3/23], Batch: 1190/2963, Loss: 402.146, Trans_L2_m: 0.849, Yaw_err_deg: 4.644
Epoch: [3/23], Batch: 1200/2963, Loss: 476.289, Trans_L2_m: 0.924, Yaw_err_deg: 4.047
Epoch: [3/23], Batch: 1210/2963, Loss: 331.938, Trans_L2_m: 0.823, Yaw_err_deg: 4.508
Epoch: [3/23], Batch: 1220/2963, Loss: 233.668, Trans_L2_m: 0.805, Yaw_err_deg: 3.934
Epoch: [3/23], Batch: 1230/2963, Loss: 422.535, Trans_L2_m: 0.824, Yaw_err_deg: 6.108
Epoch: [3/23], Batch: 1240/2963, Loss: 305.161, Trans_L2_m: 0.687, Yaw_err_deg: 4.443
Epoch: [3/23], Batch: 1250/2963, Loss: 547.959, Trans_L2_m: 0.805, Yaw_err_deg: 5.437
Epoch: [3/23], Batch: 1260/2963, Loss: 186.182, Trans_L2_m: 0.657, Yaw_err_deg: 3.396
Epoch: [3/23], Batch: 1270/2963, Loss: 351.645, Trans_L2_m: 0.902, Yaw_err_deg: 4.639
Epoch: [3/23], Batch: 1280/2963, Loss: 265.023, Trans_L2_m: 1.006, Yaw_err_deg: 3.877
Epoch: [3/23], Batch: 1290/2963, Loss: 164.914, Trans_L2_m: 0.816, Yaw_err_deg: 2.749
Epoch: [3/23], Batch: 1300/2963, Loss: 227.049, Trans_L2_m: 0.990, Yaw_err_deg: 3.732
Epoch: [3/23], Batch: 1310/2963, Loss: 204.466, Trans_L2_m: 0.898, Yaw_err_deg: 2.781
Epoch: [3/23], Batch: 1320/2963, Loss: 305.834, Trans_L2_m: 0.893, Yaw_err_deg: 4.892
Epoch: [3/23], Batch: 1330/2963, Loss: 458.448, Trans_L2_m: 0.847, Yaw_err_deg: 5.032
Epoch: [3/23], Batch: 1340/2963, Loss: 180.965, Trans_L2_m: 1.088, Yaw_err_deg: 2.855
Epoch: [3/23], Batch: 1350/2963, Loss: 200.922, Trans_L2_m: 0.748, Yaw_err_deg: 3.421
Epoch: [3/23], Batch: 1360/2963, Loss: 239.829, Trans_L2_m: 1.039, Yaw_err_deg: 4.077
Epoch: [3/23], Batch: 1370/2963, Loss: 484.303, Trans_L2_m: 1.024, Yaw_err_deg: 4.687
Epoch: [3/23], Batch: 1380/2963, Loss: 267.232, Trans_L2_m: 0.904, Yaw_err_deg: 3.957
Epoch: [3/23], Batch: 1390/2963, Loss: 222.502, Trans_L2_m: 0.786, Yaw_err_deg: 3.860
Epoch: [3/23], Batch: 1400/2963, Loss: 329.868, Trans_L2_m: 0.857, Yaw_err_deg: 5.125
Epoch: [3/23], Batch: 1410/2963, Loss: 314.451, Trans_L2_m: 0.972, Yaw_err_deg: 4.437
Epoch: [3/23], Batch: 1420/2963, Loss: 294.317, Trans_L2_m: 0.733, Yaw_err_deg: 4.807
Epoch: [3/23], Batch: 1430/2963, Loss: 296.227, Trans_L2_m: 1.164, Yaw_err_deg: 4.451
Epoch: [3/23], Batch: 1440/2963, Loss: 198.039, Trans_L2_m: 0.748, Yaw_err_deg: 3.870
Epoch: [3/23], Batch: 1450/2963, Loss: 163.358, Trans_L2_m: 0.972, Yaw_err_deg: 2.863
Epoch: [3/23], Batch: 1460/2963, Loss: 331.228, Trans_L2_m: 0.846, Yaw_err_deg: 4.325
Epoch: [3/23], Batch: 1470/2963, Loss: 276.258, Trans_L2_m: 0.983, Yaw_err_deg: 3.444
Epoch: [3/23], Batch: 1480/2963, Loss: 249.871, Trans_L2_m: 1.000, Yaw_err_deg: 3.295
Epoch: [3/23], Batch: 1490/2963, Loss: 306.053, Trans_L2_m: 0.754, Yaw_err_deg: 4.397
Epoch: [3/23], Batch: 1500/2963, Loss: 282.714, Trans_L2_m: 1.137, Yaw_err_deg: 4.810
Epoch: [3/23], Batch: 1510/2963, Loss: 390.294, Trans_L2_m: 0.777, Yaw_err_deg: 4.999
Epoch: [3/23], Batch: 1520/2963, Loss: 282.817, Trans_L2_m: 0.985, Yaw_err_deg: 4.279
Epoch: [3/23], Batch: 1530/2963, Loss: 219.790, Trans_L2_m: 1.099, Yaw_err_deg: 3.272
Epoch: [3/23], Batch: 1540/2963, Loss: 288.121, Trans_L2_m: 0.952, Yaw_err_deg: 4.122
Epoch: [3/23], Batch: 1550/2963, Loss: 530.330, Trans_L2_m: 0.638, Yaw_err_deg: 5.546
Epoch: [3/23], Batch: 1560/2963, Loss: 354.444, Trans_L2_m: 0.886, Yaw_err_deg: 4.717
Epoch: [3/23], Batch: 1570/2963, Loss: 163.201, Trans_L2_m: 0.724, Yaw_err_deg: 2.647
Epoch: [3/23], Batch: 1580/2963, Loss: 265.665, Trans_L2_m: 0.881, Yaw_err_deg: 3.791
Epoch: [3/23], Batch: 1590/2963, Loss: 221.719, Trans_L2_m: 0.760, Yaw_err_deg: 3.838
Epoch: [3/23], Batch: 1600/2963, Loss: 232.816, Trans_L2_m: 0.747, Yaw_err_deg: 3.261
Epoch: [3/23], Batch: 1610/2963, Loss: 252.585, Trans_L2_m: 1.008, Yaw_err_deg: 3.499
Epoch: [3/23], Batch: 1620/2963, Loss: 566.628, Trans_L2_m: 1.195, Yaw_err_deg: 5.045
Epoch: [3/23], Batch: 1630/2963, Loss: 194.725, Trans_L2_m: 0.786, Yaw_err_deg: 3.097
Epoch: [3/23], Batch: 1640/2963, Loss: 373.566, Trans_L2_m: 0.963, Yaw_err_deg: 4.801
Epoch: [3/23], Batch: 1650/2963, Loss: 194.054, Trans_L2_m: 0.785, Yaw_err_deg: 3.503
Epoch: [3/23], Batch: 1660/2963, Loss: 328.840, Trans_L2_m: 0.741, Yaw_err_deg: 4.737
Epoch: [3/23], Batch: 1670/2963, Loss: 316.233, Trans_L2_m: 0.754, Yaw_err_deg: 3.843
Epoch: [3/23], Batch: 1680/2963, Loss: 174.555, Trans_L2_m: 0.583, Yaw_err_deg: 2.814
Epoch: [3/23], Batch: 1690/2963, Loss: 267.122, Trans_L2_m: 0.749, Yaw_err_deg: 3.866
Epoch: [3/23], Batch: 1700/2963, Loss: 212.650, Trans_L2_m: 0.878, Yaw_err_deg: 3.735
Epoch: [3/23], Batch: 1710/2963, Loss: 263.542, Trans_L2_m: 0.820, Yaw_err_deg: 4.296
Epoch: [3/23], Batch: 1720/2963, Loss: 175.138, Trans_L2_m: 0.723, Yaw_err_deg: 2.946
Epoch: [3/23], Batch: 1730/2963, Loss: 257.267, Trans_L2_m: 0.885, Yaw_err_deg: 3.953
Epoch: [3/23], Batch: 1740/2963, Loss: 171.552, Trans_L2_m: 0.750, Yaw_err_deg: 3.192
Epoch: [3/23], Batch: 1750/2963, Loss: 261.794, Trans_L2_m: 0.819, Yaw_err_deg: 4.095
Epoch: [3/23], Batch: 1760/2963, Loss: 251.653, Trans_L2_m: 1.223, Yaw_err_deg: 3.180
Epoch: [3/23], Batch: 1770/2963, Loss: 538.659, Trans_L2_m: 0.919, Yaw_err_deg: 5.382
Epoch: [3/23], Batch: 1780/2963, Loss: 292.564, Trans_L2_m: 0.675, Yaw_err_deg: 4.487
Epoch: [3/23], Batch: 1790/2963, Loss: 192.843, Trans_L2_m: 1.082, Yaw_err_deg: 3.167
Epoch: [3/23], Batch: 1800/2963, Loss: 247.647, Trans_L2_m: 0.658, Yaw_err_deg: 3.795
Epoch: [3/23], Batch: 1810/2963, Loss: 308.901, Trans_L2_m: 0.577, Yaw_err_deg: 4.948
Epoch: [3/23], Batch: 1820/2963, Loss: 405.921, Trans_L2_m: 0.744, Yaw_err_deg: 4.811
Epoch: [3/23], Batch: 1830/2963, Loss: 313.580, Trans_L2_m: 0.660, Yaw_err_deg: 4.910
Epoch: [3/23], Batch: 1840/2963, Loss: 140.800, Trans_L2_m: 0.651, Yaw_err_deg: 2.308
Epoch: [3/23], Batch: 1850/2963, Loss: 181.349, Trans_L2_m: 0.928, Yaw_err_deg: 3.255
Epoch: [3/23], Batch: 1860/2963, Loss: 164.618, Trans_L2_m: 0.853, Yaw_err_deg: 2.654
Epoch: [3/23], Batch: 1870/2963, Loss: 277.922, Trans_L2_m: 0.652, Yaw_err_deg: 4.302
Epoch: [3/23], Batch: 1880/2963, Loss: 221.845, Trans_L2_m: 0.867, Yaw_err_deg: 3.525
Epoch: [3/23], Batch: 1890/2963, Loss: 558.374, Trans_L2_m: 0.849, Yaw_err_deg: 5.392
Epoch: [3/23], Batch: 1900/2963, Loss: 252.051, Trans_L2_m: 0.642, Yaw_err_deg: 4.075
Epoch: [3/23], Batch: 1910/2963, Loss: 384.017, Trans_L2_m: 0.713, Yaw_err_deg: 4.333
Epoch: [3/23], Batch: 1920/2963, Loss: 418.207, Trans_L2_m: 0.786, Yaw_err_deg: 5.149
Epoch: [3/23], Batch: 1930/2963, Loss: 331.363, Trans_L2_m: 0.888, Yaw_err_deg: 5.154
Epoch: [3/23], Batch: 1940/2963, Loss: 402.279, Trans_L2_m: 0.989, Yaw_err_deg: 4.377
Epoch: [3/23], Batch: 1950/2963, Loss: 179.289, Trans_L2_m: 0.780, Yaw_err_deg: 2.478
Epoch: [3/23], Batch: 1960/2963, Loss: 349.852, Trans_L2_m: 1.114, Yaw_err_deg: 4.078
Epoch: [3/23], Batch: 1970/2963, Loss: 165.675, Trans_L2_m: 0.851, Yaw_err_deg: 2.140
Epoch: [3/23], Batch: 1980/2963, Loss: 552.758, Trans_L2_m: 0.805, Yaw_err_deg: 5.288
Epoch: [3/23], Batch: 1990/2963, Loss: 234.922, Trans_L2_m: 0.784, Yaw_err_deg: 3.753
Epoch: [3/23], Batch: 2000/2963, Loss: 167.162, Trans_L2_m: 0.803, Yaw_err_deg: 3.101
Epoch: [3/23], Batch: 2010/2963, Loss: 227.417, Trans_L2_m: 0.895, Yaw_err_deg: 3.426
Epoch: [3/23], Batch: 2020/2963, Loss: 219.014, Trans_L2_m: 0.693, Yaw_err_deg: 3.450
Epoch: [3/23], Batch: 2030/2963, Loss: 304.724, Trans_L2_m: 0.888, Yaw_err_deg: 3.908
Epoch: [3/23], Batch: 2040/2963, Loss: 241.245, Trans_L2_m: 0.997, Yaw_err_deg: 3.218
Epoch: [3/23], Batch: 2050/2963, Loss: 256.318, Trans_L2_m: 0.982, Yaw_err_deg: 4.013
Epoch: [3/23], Batch: 2060/2963, Loss: 523.368, Trans_L2_m: 0.886, Yaw_err_deg: 6.695
Epoch: [3/23], Batch: 2070/2963, Loss: 179.688, Trans_L2_m: 0.787, Yaw_err_deg: 3.262
Epoch: [3/23], Batch: 2080/2963, Loss: 318.092, Trans_L2_m: 0.757, Yaw_err_deg: 4.906
Epoch: [3/23], Batch: 2090/2963, Loss: 190.259, Trans_L2_m: 0.903, Yaw_err_deg: 3.447
Epoch: [3/23], Batch: 2100/2963, Loss: 519.231, Trans_L2_m: 0.986, Yaw_err_deg: 4.814
Epoch: [3/23], Batch: 2110/2963, Loss: 510.689, Trans_L2_m: 0.838, Yaw_err_deg: 5.228
Epoch: [3/23], Batch: 2120/2963, Loss: 218.691, Trans_L2_m: 0.719, Yaw_err_deg: 3.343
Epoch: [3/23], Batch: 2130/2963, Loss: 154.035, Trans_L2_m: 1.000, Yaw_err_deg: 2.396
Epoch: [3/23], Batch: 2140/2963, Loss: 385.617, Trans_L2_m: 0.934, Yaw_err_deg: 4.624
Epoch: [3/23], Batch: 2150/2963, Loss: 225.627, Trans_L2_m: 0.800, Yaw_err_deg: 3.663
Epoch: [3/23], Batch: 2160/2963, Loss: 184.131, Trans_L2_m: 1.058, Yaw_err_deg: 2.439
Epoch: [3/23], Batch: 2170/2963, Loss: 214.395, Trans_L2_m: 0.930, Yaw_err_deg: 3.629
Epoch: [3/23], Batch: 2180/2963, Loss: 144.261, Trans_L2_m: 0.669, Yaw_err_deg: 2.240
Epoch: [3/23], Batch: 2190/2963, Loss: 164.436, Trans_L2_m: 0.642, Yaw_err_deg: 3.365
Epoch: [3/23], Batch: 2200/2963, Loss: 179.011, Trans_L2_m: 0.756, Yaw_err_deg: 2.879
Epoch: [3/23], Batch: 2210/2963, Loss: 273.286, Trans_L2_m: 1.234, Yaw_err_deg: 4.358
Epoch: [3/23], Batch: 2220/2963, Loss: 221.108, Trans_L2_m: 0.838, Yaw_err_deg: 3.100
Epoch: [3/23], Batch: 2230/2963, Loss: 169.827, Trans_L2_m: 0.686, Yaw_err_deg: 3.163
Epoch: [3/23], Batch: 2240/2963, Loss: 182.836, Trans_L2_m: 1.157, Yaw_err_deg: 2.118
Epoch: [3/23], Batch: 2250/2963, Loss: 412.891, Trans_L2_m: 1.140, Yaw_err_deg: 4.867
Epoch: [3/23], Batch: 2260/2963, Loss: 161.068, Trans_L2_m: 0.831, Yaw_err_deg: 2.584
Epoch: [3/23], Batch: 2270/2963, Loss: 405.668, Trans_L2_m: 0.714, Yaw_err_deg: 5.005
Epoch: [3/23], Batch: 2280/2963, Loss: 257.247, Trans_L2_m: 0.960, Yaw_err_deg: 4.339
Epoch: [3/23], Batch: 2290/2963, Loss: 264.115, Trans_L2_m: 0.951, Yaw_err_deg: 3.412
Epoch: [3/23], Batch: 2300/2963, Loss: 117.236, Trans_L2_m: 0.820, Yaw_err_deg: 1.710
Epoch: [3/23], Batch: 2310/2963, Loss: 154.483, Trans_L2_m: 0.883, Yaw_err_deg: 2.309
Epoch: [3/23], Batch: 2320/2963, Loss: 252.532, Trans_L2_m: 1.029, Yaw_err_deg: 3.901
Epoch: [3/23], Batch: 2330/2963, Loss: 179.195, Trans_L2_m: 0.954, Yaw_err_deg: 3.274
Epoch: [3/23], Batch: 2340/2963, Loss: 258.132, Trans_L2_m: 0.842, Yaw_err_deg: 4.569
Epoch: [3/23], Batch: 2350/2963, Loss: 226.247, Trans_L2_m: 0.909, Yaw_err_deg: 3.874
Epoch: [3/23], Batch: 2360/2963, Loss: 153.248, Trans_L2_m: 0.869, Yaw_err_deg: 2.595
Epoch: [3/23], Batch: 2370/2963, Loss: 431.061, Trans_L2_m: 0.772, Yaw_err_deg: 5.670
Epoch: [3/23], Batch: 2380/2963, Loss: 305.377, Trans_L2_m: 0.697, Yaw_err_deg: 4.909
Epoch: [3/23], Batch: 2390/2963, Loss: 132.616, Trans_L2_m: 0.934, Yaw_err_deg: 1.957
Epoch: [3/23], Batch: 2400/2963, Loss: 346.652, Trans_L2_m: 0.764, Yaw_err_deg: 4.135
Epoch: [3/23], Batch: 2410/2963, Loss: 335.197, Trans_L2_m: 1.057, Yaw_err_deg: 5.044
Epoch: [3/23], Batch: 2420/2963, Loss: 213.684, Trans_L2_m: 0.689, Yaw_err_deg: 3.071
Epoch: [3/23], Batch: 2430/2963, Loss: 236.761, Trans_L2_m: 0.852, Yaw_err_deg: 3.149
Epoch: [3/23], Batch: 2440/2963, Loss: 243.036, Trans_L2_m: 0.864, Yaw_err_deg: 3.935
Epoch: [3/23], Batch: 2450/2963, Loss: 403.030, Trans_L2_m: 0.844, Yaw_err_deg: 5.303
Epoch: [3/23], Batch: 2460/2963, Loss: 336.613, Trans_L2_m: 0.920, Yaw_err_deg: 5.009
Epoch: [3/23], Batch: 2470/2963, Loss: 714.156, Trans_L2_m: 0.783, Yaw_err_deg: 6.234
Epoch: [3/23], Batch: 2480/2963, Loss: 130.401, Trans_L2_m: 0.794, Yaw_err_deg: 2.404
Epoch: [3/23], Batch: 2490/2963, Loss: 142.939, Trans_L2_m: 0.800, Yaw_err_deg: 2.246
Epoch: [3/23], Batch: 2500/2963, Loss: 158.934, Trans_L2_m: 0.950, Yaw_err_deg: 2.542
Epoch: [3/23], Batch: 2510/2963, Loss: 318.283, Trans_L2_m: 0.893, Yaw_err_deg: 4.311
Epoch: [3/23], Batch: 2520/2963, Loss: 298.756, Trans_L2_m: 0.853, Yaw_err_deg: 4.031
Epoch: [3/23], Batch: 2530/2963, Loss: 278.494, Trans_L2_m: 0.891, Yaw_err_deg: 4.328
Epoch: [3/23], Batch: 2540/2963, Loss: 188.418, Trans_L2_m: 0.978, Yaw_err_deg: 3.451
Epoch: [3/23], Batch: 2550/2963, Loss: 181.835, Trans_L2_m: 0.680, Yaw_err_deg: 3.347
Epoch: [3/23], Batch: 2560/2963, Loss: 339.368, Trans_L2_m: 0.919, Yaw_err_deg: 4.636
Epoch: [3/23], Batch: 2570/2963, Loss: 218.861, Trans_L2_m: 0.966, Yaw_err_deg: 3.358
Epoch: [3/23], Batch: 2580/2963, Loss: 144.483, Trans_L2_m: 0.795, Yaw_err_deg: 2.771
Epoch: [3/23], Batch: 2590/2963, Loss: 246.736, Trans_L2_m: 0.807, Yaw_err_deg: 3.846
Epoch: [3/23], Batch: 2600/2963, Loss: 261.404, Trans_L2_m: 0.920, Yaw_err_deg: 4.571
Epoch: [3/23], Batch: 2610/2963, Loss: 275.768, Trans_L2_m: 0.735, Yaw_err_deg: 3.831
Epoch: [3/23], Batch: 2620/2963, Loss: 132.063, Trans_L2_m: 0.827, Yaw_err_deg: 2.426
Epoch: [3/23], Batch: 2630/2963, Loss: 176.250, Trans_L2_m: 0.876, Yaw_err_deg: 2.649
Epoch: [3/23], Batch: 2640/2963, Loss: 194.710, Trans_L2_m: 1.017, Yaw_err_deg: 3.183
Epoch: [3/23], Batch: 2650/2963, Loss: 225.442, Trans_L2_m: 0.653, Yaw_err_deg: 4.228
Epoch: [3/23], Batch: 2660/2963, Loss: 192.667, Trans_L2_m: 0.970, Yaw_err_deg: 2.795
Epoch: [3/23], Batch: 2670/2963, Loss: 206.489, Trans_L2_m: 0.719, Yaw_err_deg: 3.992
Epoch: [3/23], Batch: 2680/2963, Loss: 176.873, Trans_L2_m: 0.817, Yaw_err_deg: 3.315
Epoch: [3/23], Batch: 2690/2963, Loss: 181.425, Trans_L2_m: 0.669, Yaw_err_deg: 3.589
Epoch: [3/23], Batch: 2700/2963, Loss: 139.165, Trans_L2_m: 1.217, Yaw_err_deg: 2.141
Epoch: [3/23], Batch: 2710/2963, Loss: 144.638, Trans_L2_m: 0.913, Yaw_err_deg: 2.223
Epoch: [3/23], Batch: 2720/2963, Loss: 283.981, Trans_L2_m: 0.812, Yaw_err_deg: 5.279
Epoch: [3/23], Batch: 2730/2963, Loss: 676.581, Trans_L2_m: 0.813, Yaw_err_deg: 6.434
Epoch: [3/23], Batch: 2740/2963, Loss: 110.381, Trans_L2_m: 0.964, Yaw_err_deg: 2.027
Epoch: [3/23], Batch: 2750/2963, Loss: 159.346, Trans_L2_m: 0.730, Yaw_err_deg: 2.865
Epoch: [3/23], Batch: 2760/2963, Loss: 213.370, Trans_L2_m: 0.934, Yaw_err_deg: 3.465
Epoch: [3/23], Batch: 2770/2963, Loss: 243.015, Trans_L2_m: 0.975, Yaw_err_deg: 4.149
Epoch: [3/23], Batch: 2780/2963, Loss: 133.378, Trans_L2_m: 0.765, Yaw_err_deg: 2.618
Epoch: [3/23], Batch: 2790/2963, Loss: 195.549, Trans_L2_m: 0.721, Yaw_err_deg: 4.023
Epoch: [3/23], Batch: 2800/2963, Loss: 134.270, Trans_L2_m: 0.693, Yaw_err_deg: 2.140
Epoch: [3/23], Batch: 2810/2963, Loss: 260.626, Trans_L2_m: 0.769, Yaw_err_deg: 4.240
Epoch: [3/23], Batch: 2820/2963, Loss: 200.231, Trans_L2_m: 0.889, Yaw_err_deg: 3.429
Epoch: [3/23], Batch: 2830/2963, Loss: 256.285, Trans_L2_m: 0.817, Yaw_err_deg: 3.662
Epoch: [3/23], Batch: 2840/2963, Loss: 229.674, Trans_L2_m: 0.889, Yaw_err_deg: 3.989
Epoch: [3/23], Batch: 2850/2963, Loss: 486.752, Trans_L2_m: 0.624, Yaw_err_deg: 5.111
Epoch: [3/23], Batch: 2860/2963, Loss: 129.806, Trans_L2_m: 0.838, Yaw_err_deg: 2.497
Epoch: [3/23], Batch: 2870/2963, Loss: 248.561, Trans_L2_m: 0.670, Yaw_err_deg: 4.373
Epoch: [3/23], Batch: 2880/2963, Loss: 355.553, Trans_L2_m: 0.701, Yaw_err_deg: 4.148
Epoch: [3/23], Batch: 2890/2963, Loss: 427.330, Trans_L2_m: 0.560, Yaw_err_deg: 5.960
Epoch: [3/23], Batch: 2900/2963, Loss: 299.801, Trans_L2_m: 0.646, Yaw_err_deg: 4.792
Epoch: [3/23], Batch: 2910/2963, Loss: 290.579, Trans_L2_m: 0.722, Yaw_err_deg: 4.048
Epoch: [3/23], Batch: 2920/2963, Loss: 236.597, Trans_L2_m: 0.781, Yaw_err_deg: 3.726
Epoch: [3/23], Batch: 2930/2963, Loss: 95.746, Trans_L2_m: 0.708, Yaw_err_deg: 1.538
Epoch: [3/23], Batch: 2940/2963, Loss: 284.449, Trans_L2_m: 0.804, Yaw_err_deg: 4.432
Epoch: [3/23], Batch: 2950/2963, Loss: 390.092, Trans_L2_m: 0.741, Yaw_err_deg: 4.831
Epoch: [3/23], Batch: 2960/2963, Loss: 185.723, Trans_L2_m: 0.792, Yaw_err_deg: 2.973
Validation loss (homography): 843.2621
Avg batch time: 980.06 ms, total: 317.727 s
[1;94mSave the best of 843.2620849609375, at checkpoints/2025_12_28_23_35_33_best_checkpoint_zod.pth[0m
Epoch: [4/23], Batch: 0/2963, Loss: 155.715, Trans_L2_m: 0.626, Yaw_err_deg: 2.716
Epoch: [4/23], Batch: 10/2963, Loss: 142.361, Trans_L2_m: 0.734, Yaw_err_deg: 1.919
Epoch: [4/23], Batch: 20/2963, Loss: 210.317, Trans_L2_m: 0.829, Yaw_err_deg: 3.350
Epoch: [4/23], Batch: 30/2963, Loss: 192.274, Trans_L2_m: 0.669, Yaw_err_deg: 2.877
Epoch: [4/23], Batch: 40/2963, Loss: 160.931, Trans_L2_m: 0.648, Yaw_err_deg: 2.908
Epoch: [4/23], Batch: 50/2963, Loss: 235.026, Trans_L2_m: 1.019, Yaw_err_deg: 4.369
Epoch: [4/23], Batch: 60/2963, Loss: 268.776, Trans_L2_m: 0.662, Yaw_err_deg: 4.709
Epoch: [4/23], Batch: 70/2963, Loss: 344.534, Trans_L2_m: 0.568, Yaw_err_deg: 4.775
Epoch: [4/23], Batch: 80/2963, Loss: 113.585, Trans_L2_m: 0.721, Yaw_err_deg: 1.763
Epoch: [4/23], Batch: 90/2963, Loss: 217.585, Trans_L2_m: 0.986, Yaw_err_deg: 3.791
Epoch: [4/23], Batch: 100/2963, Loss: 623.613, Trans_L2_m: 0.942, Yaw_err_deg: 6.883
Epoch: [4/23], Batch: 110/2963, Loss: 341.687, Trans_L2_m: 0.816, Yaw_err_deg: 4.999
Epoch: [4/23], Batch: 120/2963, Loss: 526.022, Trans_L2_m: 0.804, Yaw_err_deg: 5.338
Epoch: [4/23], Batch: 130/2963, Loss: 194.901, Trans_L2_m: 0.643, Yaw_err_deg: 3.913
Epoch: [4/23], Batch: 140/2963, Loss: 109.375, Trans_L2_m: 0.947, Yaw_err_deg: 1.786
Epoch: [4/23], Batch: 150/2963, Loss: 230.277, Trans_L2_m: 1.033, Yaw_err_deg: 3.441
Epoch: [4/23], Batch: 160/2963, Loss: 170.640, Trans_L2_m: 0.910, Yaw_err_deg: 3.105
Epoch: [4/23], Batch: 170/2963, Loss: 162.701, Trans_L2_m: 0.917, Yaw_err_deg: 2.531
Epoch: [4/23], Batch: 180/2963, Loss: 173.805, Trans_L2_m: 0.854, Yaw_err_deg: 2.673
Epoch: [4/23], Batch: 190/2963, Loss: 175.828, Trans_L2_m: 0.738, Yaw_err_deg: 3.331
Epoch: [4/23], Batch: 200/2963, Loss: 239.905, Trans_L2_m: 0.848, Yaw_err_deg: 3.458
Epoch: [4/23], Batch: 210/2963, Loss: 141.724, Trans_L2_m: 0.677, Yaw_err_deg: 2.953
Epoch: [4/23], Batch: 220/2963, Loss: 141.805, Trans_L2_m: 0.583, Yaw_err_deg: 2.667
Epoch: [4/23], Batch: 230/2963, Loss: 180.715, Trans_L2_m: 0.534, Yaw_err_deg: 3.416
Epoch: [4/23], Batch: 240/2963, Loss: 318.403, Trans_L2_m: 0.767, Yaw_err_deg: 3.658
Epoch: [4/23], Batch: 250/2963, Loss: 108.989, Trans_L2_m: 0.936, Yaw_err_deg: 1.610
Epoch: [4/23], Batch: 260/2963, Loss: 219.484, Trans_L2_m: 0.686, Yaw_err_deg: 3.521
Epoch: [4/23], Batch: 270/2963, Loss: 271.577, Trans_L2_m: 0.700, Yaw_err_deg: 4.333
Epoch: [4/23], Batch: 280/2963, Loss: 366.679, Trans_L2_m: 0.781, Yaw_err_deg: 5.076
Epoch: [4/23], Batch: 290/2963, Loss: 247.408, Trans_L2_m: 0.848, Yaw_err_deg: 4.262
Epoch: [4/23], Batch: 300/2963, Loss: 161.833, Trans_L2_m: 0.582, Yaw_err_deg: 3.421
Epoch: [4/23], Batch: 310/2963, Loss: 208.495, Trans_L2_m: 0.838, Yaw_err_deg: 3.758
Epoch: [4/23], Batch: 320/2963, Loss: 189.817, Trans_L2_m: 0.717, Yaw_err_deg: 3.580
Epoch: [4/23], Batch: 330/2963, Loss: 196.522, Trans_L2_m: 0.733, Yaw_err_deg: 3.320
Epoch: [4/23], Batch: 340/2963, Loss: 154.741, Trans_L2_m: 0.875, Yaw_err_deg: 2.704
Epoch: [4/23], Batch: 350/2963, Loss: 136.810, Trans_L2_m: 0.900, Yaw_err_deg: 2.332
Epoch: [4/23], Batch: 360/2963, Loss: 181.579, Trans_L2_m: 0.651, Yaw_err_deg: 3.796
Epoch: [4/23], Batch: 370/2963, Loss: 272.640, Trans_L2_m: 0.864, Yaw_err_deg: 3.729
Epoch: [4/23], Batch: 380/2963, Loss: 158.756, Trans_L2_m: 0.922, Yaw_err_deg: 2.855
Epoch: [4/23], Batch: 390/2963, Loss: 167.040, Trans_L2_m: 0.687, Yaw_err_deg: 2.772
Epoch: [4/23], Batch: 400/2963, Loss: 296.254, Trans_L2_m: 0.619, Yaw_err_deg: 5.283
Epoch: [4/23], Batch: 410/2963, Loss: 159.959, Trans_L2_m: 0.704, Yaw_err_deg: 2.713
Epoch: [4/23], Batch: 420/2963, Loss: 164.022, Trans_L2_m: 0.770, Yaw_err_deg: 2.704
Epoch: [4/23], Batch: 430/2963, Loss: 228.212, Trans_L2_m: 0.715, Yaw_err_deg: 3.768
Epoch: [4/23], Batch: 440/2963, Loss: 148.966, Trans_L2_m: 0.859, Yaw_err_deg: 2.889
Epoch: [4/23], Batch: 450/2963, Loss: 198.377, Trans_L2_m: 1.092, Yaw_err_deg: 3.404
Epoch: [4/23], Batch: 460/2963, Loss: 195.547, Trans_L2_m: 0.706, Yaw_err_deg: 3.270
Epoch: [4/23], Batch: 470/2963, Loss: 155.510, Trans_L2_m: 0.784, Yaw_err_deg: 2.546
Epoch: [4/23], Batch: 480/2963, Loss: 153.876, Trans_L2_m: 1.175, Yaw_err_deg: 2.517
Epoch: [4/23], Batch: 490/2963, Loss: 408.041, Trans_L2_m: 0.682, Yaw_err_deg: 4.227
Epoch: [4/23], Batch: 500/2963, Loss: 176.338, Trans_L2_m: 0.695, Yaw_err_deg: 3.415
Epoch: [4/23], Batch: 510/2963, Loss: 218.315, Trans_L2_m: 0.623, Yaw_err_deg: 2.851
Epoch: [4/23], Batch: 520/2963, Loss: 185.630, Trans_L2_m: 0.751, Yaw_err_deg: 3.347
Epoch: [4/23], Batch: 530/2963, Loss: 209.414, Trans_L2_m: 1.018, Yaw_err_deg: 4.101
Epoch: [4/23], Batch: 540/2963, Loss: 205.634, Trans_L2_m: 0.705, Yaw_err_deg: 3.781
Epoch: [4/23], Batch: 550/2963, Loss: 278.639, Trans_L2_m: 0.642, Yaw_err_deg: 4.210
Epoch: [4/23], Batch: 560/2963, Loss: 238.771, Trans_L2_m: 0.950, Yaw_err_deg: 4.029
Epoch: [4/23], Batch: 570/2963, Loss: 180.880, Trans_L2_m: 0.652, Yaw_err_deg: 3.307
Epoch: [4/23], Batch: 580/2963, Loss: 219.581, Trans_L2_m: 0.951, Yaw_err_deg: 3.680
Epoch: [4/23], Batch: 590/2963, Loss: 145.250, Trans_L2_m: 0.644, Yaw_err_deg: 2.516
Epoch: [4/23], Batch: 600/2963, Loss: 163.498, Trans_L2_m: 0.954, Yaw_err_deg: 3.012
Epoch: [4/23], Batch: 610/2963, Loss: 147.833, Trans_L2_m: 0.628, Yaw_err_deg: 2.562
Epoch: [4/23], Batch: 620/2963, Loss: 146.040, Trans_L2_m: 0.845, Yaw_err_deg: 2.557
Epoch: [4/23], Batch: 630/2963, Loss: 142.023, Trans_L2_m: 0.914, Yaw_err_deg: 2.510
Epoch: [4/23], Batch: 640/2963, Loss: 238.916, Trans_L2_m: 0.912, Yaw_err_deg: 3.166
Epoch: [4/23], Batch: 650/2963, Loss: 253.087, Trans_L2_m: 0.439, Yaw_err_deg: 4.194
Epoch: [4/23], Batch: 660/2963, Loss: 116.529, Trans_L2_m: 0.694, Yaw_err_deg: 2.441
Epoch: [4/23], Batch: 670/2963, Loss: 126.618, Trans_L2_m: 0.794, Yaw_err_deg: 1.889
Epoch: [4/23], Batch: 680/2963, Loss: 424.117, Trans_L2_m: 0.830, Yaw_err_deg: 4.125
Epoch: [4/23], Batch: 690/2963, Loss: 190.017, Trans_L2_m: 0.812, Yaw_err_deg: 3.266
Epoch: [4/23], Batch: 700/2963, Loss: 269.607, Trans_L2_m: 0.924, Yaw_err_deg: 3.554
Epoch: [4/23], Batch: 710/2963, Loss: 219.794, Trans_L2_m: 0.691, Yaw_err_deg: 3.897
Epoch: [4/23], Batch: 720/2963, Loss: 221.387, Trans_L2_m: 0.733, Yaw_err_deg: 3.348
Epoch: [4/23], Batch: 730/2963, Loss: 396.927, Trans_L2_m: 0.639, Yaw_err_deg: 3.912
Epoch: [4/23], Batch: 740/2963, Loss: 179.063, Trans_L2_m: 0.777, Yaw_err_deg: 3.019
Epoch: [4/23], Batch: 750/2963, Loss: 143.293, Trans_L2_m: 0.641, Yaw_err_deg: 2.689
Epoch: [4/23], Batch: 760/2963, Loss: 166.365, Trans_L2_m: 0.569, Yaw_err_deg: 3.175
Epoch: [4/23], Batch: 770/2963, Loss: 124.258, Trans_L2_m: 0.682, Yaw_err_deg: 2.034
Epoch: [4/23], Batch: 780/2963, Loss: 446.295, Trans_L2_m: 0.772, Yaw_err_deg: 3.777
Epoch: [4/23], Batch: 790/2963, Loss: 257.090, Trans_L2_m: 0.708, Yaw_err_deg: 3.681
Epoch: [4/23], Batch: 800/2963, Loss: 255.989, Trans_L2_m: 0.937, Yaw_err_deg: 4.331
Epoch: [4/23], Batch: 810/2963, Loss: 161.211, Trans_L2_m: 0.749, Yaw_err_deg: 3.193
Epoch: [4/23], Batch: 820/2963, Loss: 123.851, Trans_L2_m: 0.832, Yaw_err_deg: 2.141
Epoch: [4/23], Batch: 830/2963, Loss: 248.801, Trans_L2_m: 0.900, Yaw_err_deg: 3.971
Epoch: [4/23], Batch: 840/2963, Loss: 407.039, Trans_L2_m: 0.891, Yaw_err_deg: 4.468
Epoch: [4/23], Batch: 850/2963, Loss: 195.822, Trans_L2_m: 0.711, Yaw_err_deg: 3.454
Epoch: [4/23], Batch: 860/2963, Loss: 180.116, Trans_L2_m: 0.709, Yaw_err_deg: 2.991
Epoch: [4/23], Batch: 870/2963, Loss: 297.669, Trans_L2_m: 0.834, Yaw_err_deg: 4.069
Epoch: [4/23], Batch: 880/2963, Loss: 276.514, Trans_L2_m: 0.691, Yaw_err_deg: 4.804
Epoch: [4/23], Batch: 890/2963, Loss: 163.739, Trans_L2_m: 0.790, Yaw_err_deg: 2.466
Epoch: [4/23], Batch: 900/2963, Loss: 339.054, Trans_L2_m: 0.627, Yaw_err_deg: 5.000
Epoch: [4/23], Batch: 910/2963, Loss: 127.361, Trans_L2_m: 0.679, Yaw_err_deg: 2.061
Epoch: [4/23], Batch: 920/2963, Loss: 180.714, Trans_L2_m: 0.924, Yaw_err_deg: 3.103
Epoch: [4/23], Batch: 930/2963, Loss: 292.252, Trans_L2_m: 0.889, Yaw_err_deg: 4.693
Epoch: [4/23], Batch: 940/2963, Loss: 108.457, Trans_L2_m: 0.623, Yaw_err_deg: 2.241
Epoch: [4/23], Batch: 950/2963, Loss: 138.059, Trans_L2_m: 0.870, Yaw_err_deg: 2.286
Epoch: [4/23], Batch: 960/2963, Loss: 377.938, Trans_L2_m: 0.731, Yaw_err_deg: 4.216
Epoch: [4/23], Batch: 970/2963, Loss: 127.401, Trans_L2_m: 0.990, Yaw_err_deg: 2.606
Epoch: [4/23], Batch: 980/2963, Loss: 133.623, Trans_L2_m: 0.690, Yaw_err_deg: 2.612
Epoch: [4/23], Batch: 990/2963, Loss: 256.244, Trans_L2_m: 0.944, Yaw_err_deg: 4.616
Epoch: [4/23], Batch: 1000/2963, Loss: 179.115, Trans_L2_m: 0.659, Yaw_err_deg: 3.800
Epoch: [4/23], Batch: 1010/2963, Loss: 179.844, Trans_L2_m: 0.891, Yaw_err_deg: 3.255
Epoch: [4/23], Batch: 1020/2963, Loss: 173.896, Trans_L2_m: 0.735, Yaw_err_deg: 2.563
Epoch: [4/23], Batch: 1030/2963, Loss: 265.535, Trans_L2_m: 0.780, Yaw_err_deg: 3.754
Epoch: [4/23], Batch: 1040/2963, Loss: 310.553, Trans_L2_m: 0.571, Yaw_err_deg: 3.768
Epoch: [4/23], Batch: 1050/2963, Loss: 227.844, Trans_L2_m: 0.692, Yaw_err_deg: 4.352
Epoch: [4/23], Batch: 1060/2963, Loss: 156.809, Trans_L2_m: 0.856, Yaw_err_deg: 2.483
Epoch: [4/23], Batch: 1070/2963, Loss: 180.751, Trans_L2_m: 0.680, Yaw_err_deg: 3.477
Epoch: [4/23], Batch: 1080/2963, Loss: 281.878, Trans_L2_m: 0.702, Yaw_err_deg: 4.390
Epoch: [4/23], Batch: 1090/2963, Loss: 158.137, Trans_L2_m: 0.635, Yaw_err_deg: 2.870
Epoch: [4/23], Batch: 1100/2963, Loss: 236.653, Trans_L2_m: 0.756, Yaw_err_deg: 3.707
Epoch: [4/23], Batch: 1110/2963, Loss: 233.341, Trans_L2_m: 0.553, Yaw_err_deg: 3.429
Epoch: [4/23], Batch: 1120/2963, Loss: 230.294, Trans_L2_m: 0.762, Yaw_err_deg: 4.055
Epoch: [4/23], Batch: 1130/2963, Loss: 159.658, Trans_L2_m: 0.577, Yaw_err_deg: 3.220
Epoch: [4/23], Batch: 1140/2963, Loss: 245.978, Trans_L2_m: 0.830, Yaw_err_deg: 3.116
Epoch: [4/23], Batch: 1150/2963, Loss: 243.377, Trans_L2_m: 0.905, Yaw_err_deg: 3.583
Epoch: [4/23], Batch: 1160/2963, Loss: 134.319, Trans_L2_m: 0.571, Yaw_err_deg: 2.555
Epoch: [4/23], Batch: 1170/2963, Loss: 163.003, Trans_L2_m: 0.638, Yaw_err_deg: 3.185
Epoch: [4/23], Batch: 1180/2963, Loss: 151.586, Trans_L2_m: 0.996, Yaw_err_deg: 2.797
Epoch: [4/23], Batch: 1190/2963, Loss: 107.309, Trans_L2_m: 1.063, Yaw_err_deg: 1.494
Epoch: [4/23], Batch: 1200/2963, Loss: 129.068, Trans_L2_m: 0.695, Yaw_err_deg: 2.744
Epoch: [4/23], Batch: 1210/2963, Loss: 203.259, Trans_L2_m: 0.666, Yaw_err_deg: 3.301
Epoch: [4/23], Batch: 1220/2963, Loss: 122.885, Trans_L2_m: 0.648, Yaw_err_deg: 2.495
Epoch: [4/23], Batch: 1230/2963, Loss: 392.876, Trans_L2_m: 0.713, Yaw_err_deg: 4.961
Epoch: [4/23], Batch: 1240/2963, Loss: 157.432, Trans_L2_m: 0.880, Yaw_err_deg: 3.005
Epoch: [4/23], Batch: 1250/2963, Loss: 196.892, Trans_L2_m: 0.798, Yaw_err_deg: 3.393
Epoch: [4/23], Batch: 1260/2963, Loss: 149.602, Trans_L2_m: 0.780, Yaw_err_deg: 2.502
Epoch: [4/23], Batch: 1270/2963, Loss: 115.719, Trans_L2_m: 0.656, Yaw_err_deg: 2.223
Epoch: [4/23], Batch: 1280/2963, Loss: 175.083, Trans_L2_m: 0.713, Yaw_err_deg: 2.755
Epoch: [4/23], Batch: 1290/2963, Loss: 146.026, Trans_L2_m: 0.987, Yaw_err_deg: 2.743
Epoch: [4/23], Batch: 1300/2963, Loss: 169.301, Trans_L2_m: 0.720, Yaw_err_deg: 3.355
Epoch: [4/23], Batch: 1310/2963, Loss: 224.379, Trans_L2_m: 0.778, Yaw_err_deg: 3.572
Epoch: [4/23], Batch: 1320/2963, Loss: 217.130, Trans_L2_m: 0.758, Yaw_err_deg: 3.079
Epoch: [4/23], Batch: 1330/2963, Loss: 157.153, Trans_L2_m: 0.931, Yaw_err_deg: 3.089
Epoch: [4/23], Batch: 1340/2963, Loss: 116.517, Trans_L2_m: 0.974, Yaw_err_deg: 1.989
Epoch: [4/23], Batch: 1350/2963, Loss: 179.878, Trans_L2_m: 0.970, Yaw_err_deg: 3.274
Epoch: [4/23], Batch: 1360/2963, Loss: 125.188, Trans_L2_m: 0.638, Yaw_err_deg: 2.386
Epoch: [4/23], Batch: 1370/2963, Loss: 256.614, Trans_L2_m: 0.480, Yaw_err_deg: 3.732
Epoch: [4/23], Batch: 1380/2963, Loss: 213.088, Trans_L2_m: 0.930, Yaw_err_deg: 3.194
Epoch: [4/23], Batch: 1390/2963, Loss: 105.560, Trans_L2_m: 0.701, Yaw_err_deg: 1.886
Epoch: [4/23], Batch: 1400/2963, Loss: 572.561, Trans_L2_m: 0.693, Yaw_err_deg: 4.392
Epoch: [4/23], Batch: 1410/2963, Loss: 151.198, Trans_L2_m: 0.683, Yaw_err_deg: 3.028
Epoch: [4/23], Batch: 1420/2963, Loss: 106.784, Trans_L2_m: 0.703, Yaw_err_deg: 2.388
Epoch: [4/23], Batch: 1430/2963, Loss: 127.082, Trans_L2_m: 0.665, Yaw_err_deg: 2.391
Epoch: [4/23], Batch: 1440/2963, Loss: 175.385, Trans_L2_m: 0.649, Yaw_err_deg: 3.404
Epoch: [4/23], Batch: 1450/2963, Loss: 118.247, Trans_L2_m: 0.754, Yaw_err_deg: 2.105
Epoch: [4/23], Batch: 1460/2963, Loss: 252.353, Trans_L2_m: 0.769, Yaw_err_deg: 3.447
Epoch: [4/23], Batch: 1470/2963, Loss: 157.524, Trans_L2_m: 0.676, Yaw_err_deg: 2.989
Epoch: [4/23], Batch: 1480/2963, Loss: 113.097, Trans_L2_m: 0.774, Yaw_err_deg: 2.221
Epoch: [4/23], Batch: 1490/2963, Loss: 221.217, Trans_L2_m: 0.781, Yaw_err_deg: 3.673
Epoch: [4/23], Batch: 1500/2963, Loss: 254.057, Trans_L2_m: 0.664, Yaw_err_deg: 3.838
Epoch: [4/23], Batch: 1510/2963, Loss: 178.109, Trans_L2_m: 1.289, Yaw_err_deg: 3.165
Epoch: [4/23], Batch: 1520/2963, Loss: 192.129, Trans_L2_m: 0.741, Yaw_err_deg: 3.411
Epoch: [4/23], Batch: 1530/2963, Loss: 153.065, Trans_L2_m: 1.019, Yaw_err_deg: 2.844
Epoch: [4/23], Batch: 1540/2963, Loss: 249.047, Trans_L2_m: 1.109, Yaw_err_deg: 3.354
Epoch: [4/23], Batch: 1550/2963, Loss: 247.877, Trans_L2_m: 0.482, Yaw_err_deg: 3.667
Epoch: [4/23], Batch: 1560/2963, Loss: 125.997, Trans_L2_m: 0.684, Yaw_err_deg: 2.309
Epoch: [4/23], Batch: 1570/2963, Loss: 135.678, Trans_L2_m: 0.801, Yaw_err_deg: 2.041
Epoch: [4/23], Batch: 1580/2963, Loss: 257.710, Trans_L2_m: 0.741, Yaw_err_deg: 4.184
Epoch: [4/23], Batch: 1590/2963, Loss: 180.623, Trans_L2_m: 0.741, Yaw_err_deg: 2.978
Epoch: [4/23], Batch: 1600/2963, Loss: 110.766, Trans_L2_m: 0.943, Yaw_err_deg: 1.566
Epoch: [4/23], Batch: 1610/2963, Loss: 204.790, Trans_L2_m: 0.615, Yaw_err_deg: 3.809
Epoch: [4/23], Batch: 1620/2963, Loss: 256.977, Trans_L2_m: 0.649, Yaw_err_deg: 3.990
Epoch: [4/23], Batch: 1630/2963, Loss: 121.986, Trans_L2_m: 0.670, Yaw_err_deg: 2.292
Epoch: [4/23], Batch: 1640/2963, Loss: 121.333, Trans_L2_m: 0.866, Yaw_err_deg: 2.301
Epoch: [4/23], Batch: 1650/2963, Loss: 160.007, Trans_L2_m: 0.938, Yaw_err_deg: 2.929
Epoch: [4/23], Batch: 1660/2963, Loss: 194.772, Trans_L2_m: 0.903, Yaw_err_deg: 3.544
Epoch: [4/23], Batch: 1670/2963, Loss: 194.052, Trans_L2_m: 0.847, Yaw_err_deg: 3.694
Epoch: [4/23], Batch: 1680/2963, Loss: 173.953, Trans_L2_m: 0.765, Yaw_err_deg: 3.426
Epoch: [4/23], Batch: 1690/2963, Loss: 130.358, Trans_L2_m: 0.652, Yaw_err_deg: 2.674
Epoch: [4/23], Batch: 1700/2963, Loss: 163.391, Trans_L2_m: 0.703, Yaw_err_deg: 3.110
Epoch: [4/23], Batch: 1710/2963, Loss: 136.876, Trans_L2_m: 0.728, Yaw_err_deg: 2.483
Epoch: [4/23], Batch: 1720/2963, Loss: 112.779, Trans_L2_m: 0.717, Yaw_err_deg: 2.273
Epoch: [4/23], Batch: 1730/2963, Loss: 238.707, Trans_L2_m: 0.938, Yaw_err_deg: 3.453
Epoch: [4/23], Batch: 1740/2963, Loss: 174.387, Trans_L2_m: 0.811, Yaw_err_deg: 2.830
Epoch: [4/23], Batch: 1750/2963, Loss: 135.207, Trans_L2_m: 0.660, Yaw_err_deg: 2.692
Epoch: [4/23], Batch: 1760/2963, Loss: 118.704, Trans_L2_m: 1.133, Yaw_err_deg: 2.058
Epoch: [4/23], Batch: 1770/2963, Loss: 287.391, Trans_L2_m: 0.844, Yaw_err_deg: 3.360
Epoch: [4/23], Batch: 1780/2963, Loss: 387.946, Trans_L2_m: 0.733, Yaw_err_deg: 4.477
Epoch: [4/23], Batch: 1790/2963, Loss: 120.762, Trans_L2_m: 0.759, Yaw_err_deg: 2.073
Epoch: [4/23], Batch: 1800/2963, Loss: 449.018, Trans_L2_m: 0.767, Yaw_err_deg: 4.317
Epoch: [4/23], Batch: 1810/2963, Loss: 185.144, Trans_L2_m: 1.031, Yaw_err_deg: 2.975
Epoch: [4/23], Batch: 1820/2963, Loss: 137.808, Trans_L2_m: 0.919, Yaw_err_deg: 2.377
Epoch: [4/23], Batch: 1830/2963, Loss: 163.999, Trans_L2_m: 1.388, Yaw_err_deg: 3.062
Epoch: [4/23], Batch: 1840/2963, Loss: 305.478, Trans_L2_m: 0.619, Yaw_err_deg: 4.480
Epoch: [4/23], Batch: 1850/2963, Loss: 206.028, Trans_L2_m: 0.912, Yaw_err_deg: 4.030
Epoch: [4/23], Batch: 1860/2963, Loss: 230.691, Trans_L2_m: 0.558, Yaw_err_deg: 4.418
Epoch: [4/23], Batch: 1870/2963, Loss: 201.766, Trans_L2_m: 0.807, Yaw_err_deg: 3.462
Epoch: [4/23], Batch: 1880/2963, Loss: 134.479, Trans_L2_m: 0.652, Yaw_err_deg: 2.319
Epoch: [4/23], Batch: 1890/2963, Loss: 126.392, Trans_L2_m: 0.592, Yaw_err_deg: 2.245
Epoch: [4/23], Batch: 1900/2963, Loss: 196.723, Trans_L2_m: 0.794, Yaw_err_deg: 3.210
Epoch: [4/23], Batch: 1910/2963, Loss: 156.344, Trans_L2_m: 0.829, Yaw_err_deg: 3.266
Epoch: [4/23], Batch: 1920/2963, Loss: 290.402, Trans_L2_m: 0.856, Yaw_err_deg: 5.283
Epoch: [4/23], Batch: 1930/2963, Loss: 254.946, Trans_L2_m: 0.679, Yaw_err_deg: 4.281
Epoch: [4/23], Batch: 1940/2963, Loss: 122.742, Trans_L2_m: 0.674, Yaw_err_deg: 2.241
Epoch: [4/23], Batch: 1950/2963, Loss: 192.191, Trans_L2_m: 0.781, Yaw_err_deg: 2.708
Epoch: [4/23], Batch: 1960/2963, Loss: 325.253, Trans_L2_m: 0.510, Yaw_err_deg: 3.356
Epoch: [4/23], Batch: 1970/2963, Loss: 149.740, Trans_L2_m: 0.627, Yaw_err_deg: 2.692
Epoch: [4/23], Batch: 1980/2963, Loss: 128.929, Trans_L2_m: 0.523, Yaw_err_deg: 2.659
Epoch: [4/23], Batch: 1990/2963, Loss: 220.388, Trans_L2_m: 0.591, Yaw_err_deg: 4.198
Epoch: [4/23], Batch: 2000/2963, Loss: 213.731, Trans_L2_m: 0.762, Yaw_err_deg: 3.543
Epoch: [4/23], Batch: 2010/2963, Loss: 152.284, Trans_L2_m: 0.874, Yaw_err_deg: 2.865
Epoch: [4/23], Batch: 2020/2963, Loss: 175.035, Trans_L2_m: 0.513, Yaw_err_deg: 3.448
Epoch: [4/23], Batch: 2030/2963, Loss: 202.893, Trans_L2_m: 0.713, Yaw_err_deg: 2.627
Epoch: [4/23], Batch: 2040/2963, Loss: 352.277, Trans_L2_m: 1.030, Yaw_err_deg: 5.285
Epoch: [4/23], Batch: 2050/2963, Loss: 247.159, Trans_L2_m: 0.637, Yaw_err_deg: 4.060
Epoch: [4/23], Batch: 2060/2963, Loss: 284.156, Trans_L2_m: 0.726, Yaw_err_deg: 4.249
Epoch: [4/23], Batch: 2070/2963, Loss: 179.743, Trans_L2_m: 0.588, Yaw_err_deg: 3.625
Epoch: [4/23], Batch: 2080/2963, Loss: 170.750, Trans_L2_m: 0.780, Yaw_err_deg: 2.990
Epoch: [4/23], Batch: 2090/2963, Loss: 253.716, Trans_L2_m: 0.667, Yaw_err_deg: 4.340
Epoch: [4/23], Batch: 2100/2963, Loss: 138.664, Trans_L2_m: 0.616, Yaw_err_deg: 2.882
Epoch: [4/23], Batch: 2110/2963, Loss: 164.805, Trans_L2_m: 0.516, Yaw_err_deg: 3.276
Epoch: [4/23], Batch: 2120/2963, Loss: 197.938, Trans_L2_m: 0.648, Yaw_err_deg: 3.880
Epoch: [4/23], Batch: 2130/2963, Loss: 194.172, Trans_L2_m: 0.548, Yaw_err_deg: 3.758
Epoch: [4/23], Batch: 2140/2963, Loss: 182.699, Trans_L2_m: 0.914, Yaw_err_deg: 2.987
Epoch: [4/23], Batch: 2150/2963, Loss: 115.240, Trans_L2_m: 0.808, Yaw_err_deg: 1.904
Epoch: [4/23], Batch: 2160/2963, Loss: 171.505, Trans_L2_m: 0.869, Yaw_err_deg: 2.984
Epoch: [4/23], Batch: 2170/2963, Loss: 247.385, Trans_L2_m: 0.884, Yaw_err_deg: 3.867
Epoch: [4/23], Batch: 2180/2963, Loss: 125.465, Trans_L2_m: 0.787, Yaw_err_deg: 2.015
Epoch: [4/23], Batch: 2190/2963, Loss: 179.834, Trans_L2_m: 0.666, Yaw_err_deg: 3.393
Epoch: [4/23], Batch: 2200/2963, Loss: 117.495, Trans_L2_m: 0.711, Yaw_err_deg: 2.007
Epoch: [4/23], Batch: 2210/2963, Loss: 170.822, Trans_L2_m: 0.501, Yaw_err_deg: 3.826
Epoch: [4/23], Batch: 2220/2963, Loss: 116.126, Trans_L2_m: 0.837, Yaw_err_deg: 2.192
Epoch: [4/23], Batch: 2230/2963, Loss: 233.549, Trans_L2_m: 0.833, Yaw_err_deg: 3.225
Epoch: [4/23], Batch: 2240/2963, Loss: 152.755, Trans_L2_m: 0.680, Yaw_err_deg: 2.419
Epoch: [4/23], Batch: 2250/2963, Loss: 263.881, Trans_L2_m: 0.900, Yaw_err_deg: 3.614
Epoch: [4/23], Batch: 2260/2963, Loss: 179.750, Trans_L2_m: 0.931, Yaw_err_deg: 2.805
Epoch: [4/23], Batch: 2270/2963, Loss: 135.571, Trans_L2_m: 0.807, Yaw_err_deg: 1.836
Epoch: [4/23], Batch: 2280/2963, Loss: 118.720, Trans_L2_m: 0.867, Yaw_err_deg: 2.185
Epoch: [4/23], Batch: 2290/2963, Loss: 129.177, Trans_L2_m: 0.657, Yaw_err_deg: 2.407
Epoch: [4/23], Batch: 2300/2963, Loss: 159.472, Trans_L2_m: 0.893, Yaw_err_deg: 2.378
Epoch: [4/23], Batch: 2310/2963, Loss: 144.066, Trans_L2_m: 0.692, Yaw_err_deg: 2.987
Epoch: [4/23], Batch: 2320/2963, Loss: 155.086, Trans_L2_m: 0.615, Yaw_err_deg: 2.546
Epoch: [4/23], Batch: 2330/2963, Loss: 139.324, Trans_L2_m: 0.817, Yaw_err_deg: 2.654
Epoch: [4/23], Batch: 2340/2963, Loss: 280.688, Trans_L2_m: 0.530, Yaw_err_deg: 4.400
Epoch: [4/23], Batch: 2350/2963, Loss: 112.122, Trans_L2_m: 0.648, Yaw_err_deg: 2.261
Epoch: [4/23], Batch: 2360/2963, Loss: 171.121, Trans_L2_m: 0.697, Yaw_err_deg: 3.370
Epoch: [4/23], Batch: 2370/2963, Loss: 120.546, Trans_L2_m: 0.558, Yaw_err_deg: 2.197
Epoch: [4/23], Batch: 2380/2963, Loss: 185.162, Trans_L2_m: 0.768, Yaw_err_deg: 2.626
Epoch: [4/23], Batch: 2390/2963, Loss: 102.483, Trans_L2_m: 0.713, Yaw_err_deg: 2.104
Epoch: [4/23], Batch: 2400/2963, Loss: 135.849, Trans_L2_m: 0.883, Yaw_err_deg: 2.014
Epoch: [4/23], Batch: 2410/2963, Loss: 122.080, Trans_L2_m: 0.608, Yaw_err_deg: 1.873
Epoch: [4/23], Batch: 2420/2963, Loss: 91.953, Trans_L2_m: 0.642, Yaw_err_deg: 1.314
Epoch: [4/23], Batch: 2430/2963, Loss: 118.023, Trans_L2_m: 0.793, Yaw_err_deg: 2.178
Epoch: [4/23], Batch: 2440/2963, Loss: 130.543, Trans_L2_m: 0.500, Yaw_err_deg: 2.965
Epoch: [4/23], Batch: 2450/2963, Loss: 407.349, Trans_L2_m: 0.776, Yaw_err_deg: 3.631
Epoch: [4/23], Batch: 2460/2963, Loss: 220.546, Trans_L2_m: 0.727, Yaw_err_deg: 3.516
Epoch: [4/23], Batch: 2470/2963, Loss: 155.974, Trans_L2_m: 0.911, Yaw_err_deg: 2.355
Epoch: [4/23], Batch: 2480/2963, Loss: 89.877, Trans_L2_m: 0.619, Yaw_err_deg: 1.690
Epoch: [4/23], Batch: 2490/2963, Loss: 313.074, Trans_L2_m: 0.662, Yaw_err_deg: 3.622
Epoch: [4/23], Batch: 2500/2963, Loss: 171.505, Trans_L2_m: 0.797, Yaw_err_deg: 2.678
Epoch: [4/23], Batch: 2510/2963, Loss: 113.106, Trans_L2_m: 0.538, Yaw_err_deg: 2.140
Epoch: [4/23], Batch: 2520/2963, Loss: 141.858, Trans_L2_m: 0.720, Yaw_err_deg: 2.680
Epoch: [4/23], Batch: 2530/2963, Loss: 167.726, Trans_L2_m: 0.647, Yaw_err_deg: 3.181
Epoch: [4/23], Batch: 2540/2963, Loss: 127.967, Trans_L2_m: 0.777, Yaw_err_deg: 2.194
Epoch: [4/23], Batch: 2550/2963, Loss: 211.190, Trans_L2_m: 0.635, Yaw_err_deg: 3.960
Epoch: [4/23], Batch: 2560/2963, Loss: 171.004, Trans_L2_m: 0.898, Yaw_err_deg: 2.556
Epoch: [4/23], Batch: 2570/2963, Loss: 159.988, Trans_L2_m: 0.620, Yaw_err_deg: 2.965
Epoch: [4/23], Batch: 2580/2963, Loss: 167.689, Trans_L2_m: 0.842, Yaw_err_deg: 3.078
Epoch: [4/23], Batch: 2590/2963, Loss: 397.035, Trans_L2_m: 0.563, Yaw_err_deg: 3.988
Epoch: [4/23], Batch: 2600/2963, Loss: 300.393, Trans_L2_m: 0.693, Yaw_err_deg: 3.527
Epoch: [4/23], Batch: 2610/2963, Loss: 225.127, Trans_L2_m: 0.793, Yaw_err_deg: 3.708
Epoch: [4/23], Batch: 2620/2963, Loss: 287.807, Trans_L2_m: 0.802, Yaw_err_deg: 4.563
Epoch: [4/23], Batch: 2630/2963, Loss: 133.883, Trans_L2_m: 0.715, Yaw_err_deg: 3.068
Epoch: [4/23], Batch: 2640/2963, Loss: 235.144, Trans_L2_m: 0.793, Yaw_err_deg: 3.125
Epoch: [4/23], Batch: 2650/2963, Loss: 111.605, Trans_L2_m: 0.732, Yaw_err_deg: 2.380
Epoch: [4/23], Batch: 2660/2963, Loss: 169.126, Trans_L2_m: 1.115, Yaw_err_deg: 3.041
Epoch: [4/23], Batch: 2670/2963, Loss: 115.370, Trans_L2_m: 0.589, Yaw_err_deg: 2.537
Epoch: [4/23], Batch: 2680/2963, Loss: 581.252, Trans_L2_m: 0.516, Yaw_err_deg: 4.875
Epoch: [4/23], Batch: 2690/2963, Loss: 205.432, Trans_L2_m: 0.656, Yaw_err_deg: 3.778
Epoch: [4/23], Batch: 2700/2963, Loss: 363.758, Trans_L2_m: 0.627, Yaw_err_deg: 4.361
Epoch: [4/23], Batch: 2710/2963, Loss: 146.927, Trans_L2_m: 0.725, Yaw_err_deg: 2.793
Epoch: [4/23], Batch: 2720/2963, Loss: 133.891, Trans_L2_m: 0.738, Yaw_err_deg: 2.443
Epoch: [4/23], Batch: 2730/2963, Loss: 126.942, Trans_L2_m: 0.916, Yaw_err_deg: 2.508
Epoch: [4/23], Batch: 2740/2963, Loss: 143.138, Trans_L2_m: 0.793, Yaw_err_deg: 2.980
Epoch: [4/23], Batch: 2750/2963, Loss: 173.391, Trans_L2_m: 0.885, Yaw_err_deg: 2.977
Epoch: [4/23], Batch: 2760/2963, Loss: 160.107, Trans_L2_m: 0.561, Yaw_err_deg: 3.201
Epoch: [4/23], Batch: 2770/2963, Loss: 269.956, Trans_L2_m: 0.803, Yaw_err_deg: 3.996
Epoch: [4/23], Batch: 2780/2963, Loss: 121.488, Trans_L2_m: 0.897, Yaw_err_deg: 1.479
Epoch: [4/23], Batch: 2790/2963, Loss: 111.042, Trans_L2_m: 0.657, Yaw_err_deg: 2.303
Epoch: [4/23], Batch: 2800/2963, Loss: 180.230, Trans_L2_m: 0.835, Yaw_err_deg: 3.144
Epoch: [4/23], Batch: 2810/2963, Loss: 101.392, Trans_L2_m: 0.589, Yaw_err_deg: 2.158
Epoch: [4/23], Batch: 2820/2963, Loss: 202.784, Trans_L2_m: 0.816, Yaw_err_deg: 3.132
Epoch: [4/23], Batch: 2830/2963, Loss: 145.316, Trans_L2_m: 0.671, Yaw_err_deg: 2.789
Epoch: [4/23], Batch: 2840/2963, Loss: 139.145, Trans_L2_m: 0.737, Yaw_err_deg: 2.702
Epoch: [4/23], Batch: 2850/2963, Loss: 118.346, Trans_L2_m: 0.869, Yaw_err_deg: 2.327
Epoch: [4/23], Batch: 2860/2963, Loss: 143.785, Trans_L2_m: 0.899, Yaw_err_deg: 2.572
Epoch: [4/23], Batch: 2870/2963, Loss: 116.060, Trans_L2_m: 0.664, Yaw_err_deg: 2.612
Epoch: [4/23], Batch: 2880/2963, Loss: 203.703, Trans_L2_m: 0.838, Yaw_err_deg: 3.542
Epoch: [4/23], Batch: 2890/2963, Loss: 143.471, Trans_L2_m: 0.484, Yaw_err_deg: 2.808
Epoch: [4/23], Batch: 2900/2963, Loss: 191.056, Trans_L2_m: 0.615, Yaw_err_deg: 3.275
Epoch: [4/23], Batch: 2910/2963, Loss: 390.529, Trans_L2_m: 0.878, Yaw_err_deg: 4.146
Epoch: [4/23], Batch: 2920/2963, Loss: 88.598, Trans_L2_m: 0.520, Yaw_err_deg: 1.593
Epoch: [4/23], Batch: 2930/2963, Loss: 222.023, Trans_L2_m: 0.713, Yaw_err_deg: 3.947
Epoch: [4/23], Batch: 2940/2963, Loss: 159.362, Trans_L2_m: 0.701, Yaw_err_deg: 2.887
Epoch: [4/23], Batch: 2950/2963, Loss: 132.951, Trans_L2_m: 0.762, Yaw_err_deg: 2.418
Epoch: [4/23], Batch: 2960/2963, Loss: 128.165, Trans_L2_m: 0.742, Yaw_err_deg: 2.497
Epoch: [5/23], Batch: 0/2963, Loss: 212.036, Trans_L2_m: 1.174, Yaw_err_deg: 3.812
Epoch: [5/23], Batch: 10/2963, Loss: 148.803, Trans_L2_m: 0.754, Yaw_err_deg: 3.128
Epoch: [5/23], Batch: 20/2963, Loss: 110.022, Trans_L2_m: 0.644, Yaw_err_deg: 2.421
Epoch: [5/23], Batch: 30/2963, Loss: 122.575, Trans_L2_m: 0.719, Yaw_err_deg: 2.051
Epoch: [5/23], Batch: 40/2963, Loss: 209.851, Trans_L2_m: 0.587, Yaw_err_deg: 3.020
Epoch: [5/23], Batch: 50/2963, Loss: 133.118, Trans_L2_m: 0.724, Yaw_err_deg: 2.951
Epoch: [5/23], Batch: 60/2963, Loss: 232.304, Trans_L2_m: 0.601, Yaw_err_deg: 4.550
Epoch: [5/23], Batch: 70/2963, Loss: 123.024, Trans_L2_m: 0.545, Yaw_err_deg: 1.949
Epoch: [5/23], Batch: 80/2963, Loss: 139.811, Trans_L2_m: 0.626, Yaw_err_deg: 3.118
Epoch: [5/23], Batch: 90/2963, Loss: 155.184, Trans_L2_m: 0.652, Yaw_err_deg: 2.988
Epoch: [5/23], Batch: 100/2963, Loss: 265.238, Trans_L2_m: 0.717, Yaw_err_deg: 4.229
Epoch: [5/23], Batch: 110/2963, Loss: 160.644, Trans_L2_m: 0.586, Yaw_err_deg: 3.033
Epoch: [5/23], Batch: 120/2963, Loss: 111.954, Trans_L2_m: 1.025, Yaw_err_deg: 1.785
Epoch: [5/23], Batch: 130/2963, Loss: 145.593, Trans_L2_m: 0.661, Yaw_err_deg: 2.952
Epoch: [5/23], Batch: 140/2963, Loss: 158.856, Trans_L2_m: 0.704, Yaw_err_deg: 2.397
Epoch: [5/23], Batch: 150/2963, Loss: 138.770, Trans_L2_m: 0.606, Yaw_err_deg: 2.604
Epoch: [5/23], Batch: 160/2963, Loss: 166.379, Trans_L2_m: 0.696, Yaw_err_deg: 3.130
Epoch: [5/23], Batch: 170/2963, Loss: 128.995, Trans_L2_m: 0.786, Yaw_err_deg: 2.281
Epoch: [5/23], Batch: 180/2963, Loss: 213.276, Trans_L2_m: 0.805, Yaw_err_deg: 3.781
Epoch: [5/23], Batch: 190/2963, Loss: 103.345, Trans_L2_m: 0.706, Yaw_err_deg: 2.106
Epoch: [5/23], Batch: 200/2963, Loss: 177.622, Trans_L2_m: 0.741, Yaw_err_deg: 3.008
Epoch: [5/23], Batch: 210/2963, Loss: 140.444, Trans_L2_m: 0.811, Yaw_err_deg: 2.604
Epoch: [5/23], Batch: 220/2963, Loss: 82.944, Trans_L2_m: 0.875, Yaw_err_deg: 1.533
Epoch: [5/23], Batch: 230/2963, Loss: 106.393, Trans_L2_m: 0.612, Yaw_err_deg: 2.316
Epoch: [5/23], Batch: 240/2963, Loss: 110.989, Trans_L2_m: 0.705, Yaw_err_deg: 2.138
Epoch: [5/23], Batch: 250/2963, Loss: 143.397, Trans_L2_m: 0.734, Yaw_err_deg: 2.825
Epoch: [5/23], Batch: 260/2963, Loss: 210.730, Trans_L2_m: 0.662, Yaw_err_deg: 3.157
Epoch: [5/23], Batch: 270/2963, Loss: 169.887, Trans_L2_m: 1.009, Yaw_err_deg: 3.043
Epoch: [5/23], Batch: 280/2963, Loss: 162.616, Trans_L2_m: 0.626, Yaw_err_deg: 3.413
Epoch: [5/23], Batch: 290/2963, Loss: 172.041, Trans_L2_m: 0.818, Yaw_err_deg: 3.445
Epoch: [5/23], Batch: 300/2963, Loss: 127.485, Trans_L2_m: 0.688, Yaw_err_deg: 2.027
Epoch: [5/23], Batch: 310/2963, Loss: 122.880, Trans_L2_m: 0.612, Yaw_err_deg: 1.934
Epoch: [5/23], Batch: 320/2963, Loss: 191.643, Trans_L2_m: 0.639, Yaw_err_deg: 3.460
Epoch: [5/23], Batch: 330/2963, Loss: 138.314, Trans_L2_m: 1.315, Yaw_err_deg: 2.444
Epoch: [5/23], Batch: 340/2963, Loss: 122.955, Trans_L2_m: 0.548, Yaw_err_deg: 2.549
Epoch: [5/23], Batch: 350/2963, Loss: 159.887, Trans_L2_m: 0.975, Yaw_err_deg: 2.731
Epoch: [5/23], Batch: 360/2963, Loss: 132.536, Trans_L2_m: 0.474, Yaw_err_deg: 2.425
Epoch: [5/23], Batch: 370/2963, Loss: 170.229, Trans_L2_m: 0.599, Yaw_err_deg: 2.967
Epoch: [5/23], Batch: 380/2963, Loss: 185.224, Trans_L2_m: 0.765, Yaw_err_deg: 3.297
Epoch: [5/23], Batch: 390/2963, Loss: 136.544, Trans_L2_m: 0.822, Yaw_err_deg: 2.493
Epoch: [5/23], Batch: 400/2963, Loss: 93.252, Trans_L2_m: 0.690, Yaw_err_deg: 1.890
Epoch: [5/23], Batch: 410/2963, Loss: 114.117, Trans_L2_m: 0.554, Yaw_err_deg: 2.035
Epoch: [5/23], Batch: 420/2963, Loss: 146.968, Trans_L2_m: 1.059, Yaw_err_deg: 2.188
Epoch: [5/23], Batch: 430/2963, Loss: 158.305, Trans_L2_m: 0.834, Yaw_err_deg: 3.056
Epoch: [5/23], Batch: 440/2963, Loss: 318.410, Trans_L2_m: 0.446, Yaw_err_deg: 4.125
Epoch: [5/23], Batch: 450/2963, Loss: 209.994, Trans_L2_m: 0.822, Yaw_err_deg: 2.978
Epoch: [5/23], Batch: 460/2963, Loss: 133.285, Trans_L2_m: 0.525, Yaw_err_deg: 2.507
Epoch: [5/23], Batch: 470/2963, Loss: 200.233, Trans_L2_m: 0.576, Yaw_err_deg: 3.611
Epoch: [5/23], Batch: 480/2963, Loss: 133.471, Trans_L2_m: 0.639, Yaw_err_deg: 2.381
Epoch: [5/23], Batch: 490/2963, Loss: 135.589, Trans_L2_m: 0.787, Yaw_err_deg: 2.179
Epoch: [5/23], Batch: 500/2963, Loss: 289.943, Trans_L2_m: 0.731, Yaw_err_deg: 3.897
Epoch: [5/23], Batch: 510/2963, Loss: 106.302, Trans_L2_m: 0.567, Yaw_err_deg: 2.069
Epoch: [5/23], Batch: 520/2963, Loss: 192.849, Trans_L2_m: 0.648, Yaw_err_deg: 3.789
Epoch: [5/23], Batch: 530/2963, Loss: 160.922, Trans_L2_m: 0.606, Yaw_err_deg: 3.229
Epoch: [5/23], Batch: 540/2963, Loss: 135.792, Trans_L2_m: 0.754, Yaw_err_deg: 2.869
Epoch: [5/23], Batch: 550/2963, Loss: 194.191, Trans_L2_m: 0.606, Yaw_err_deg: 2.862
Epoch: [5/23], Batch: 560/2963, Loss: 116.075, Trans_L2_m: 0.518, Yaw_err_deg: 2.707
Epoch: [5/23], Batch: 570/2963, Loss: 105.235, Trans_L2_m: 0.744, Yaw_err_deg: 2.120
Epoch: [5/23], Batch: 580/2963, Loss: 108.996, Trans_L2_m: 0.637, Yaw_err_deg: 2.183
Epoch: [5/23], Batch: 590/2963, Loss: 106.129, Trans_L2_m: 0.810, Yaw_err_deg: 1.955
Epoch: [5/23], Batch: 600/2963, Loss: 118.254, Trans_L2_m: 0.737, Yaw_err_deg: 2.478
Epoch: [5/23], Batch: 610/2963, Loss: 154.013, Trans_L2_m: 0.742, Yaw_err_deg: 2.558
Epoch: [5/23], Batch: 620/2963, Loss: 149.354, Trans_L2_m: 0.578, Yaw_err_deg: 2.962
Epoch: [5/23], Batch: 630/2963, Loss: 141.282, Trans_L2_m: 0.896, Yaw_err_deg: 2.429
Epoch: [5/23], Batch: 640/2963, Loss: 119.339, Trans_L2_m: 0.651, Yaw_err_deg: 2.261
Epoch: [5/23], Batch: 650/2963, Loss: 208.508, Trans_L2_m: 0.830, Yaw_err_deg: 3.907
Epoch: [5/23], Batch: 660/2963, Loss: 131.949, Trans_L2_m: 0.694, Yaw_err_deg: 2.768
Epoch: [5/23], Batch: 670/2963, Loss: 121.453, Trans_L2_m: 0.650, Yaw_err_deg: 2.149
Epoch: [5/23], Batch: 680/2963, Loss: 144.360, Trans_L2_m: 0.726, Yaw_err_deg: 2.475
Epoch: [5/23], Batch: 690/2963, Loss: 176.635, Trans_L2_m: 0.726, Yaw_err_deg: 3.312
Epoch: [5/23], Batch: 700/2963, Loss: 106.178, Trans_L2_m: 0.643, Yaw_err_deg: 2.152
Epoch: [5/23], Batch: 710/2963, Loss: 133.889, Trans_L2_m: 0.802, Yaw_err_deg: 2.625
Epoch: [5/23], Batch: 720/2963, Loss: 135.379, Trans_L2_m: 0.610, Yaw_err_deg: 2.552
Epoch: [5/23], Batch: 730/2963, Loss: 184.340, Trans_L2_m: 0.673, Yaw_err_deg: 3.429
Epoch: [5/23], Batch: 740/2963, Loss: 132.531, Trans_L2_m: 0.739, Yaw_err_deg: 2.965
Epoch: [5/23], Batch: 750/2963, Loss: 214.799, Trans_L2_m: 0.652, Yaw_err_deg: 4.226
Epoch: [5/23], Batch: 760/2963, Loss: 118.184, Trans_L2_m: 0.681, Yaw_err_deg: 2.470
Epoch: [5/23], Batch: 770/2963, Loss: 174.544, Trans_L2_m: 0.582, Yaw_err_deg: 3.085
Epoch: [5/23], Batch: 780/2963, Loss: 116.231, Trans_L2_m: 0.638, Yaw_err_deg: 2.137
Epoch: [5/23], Batch: 790/2963, Loss: 144.596, Trans_L2_m: 0.600, Yaw_err_deg: 3.071
Epoch: [5/23], Batch: 800/2963, Loss: 159.211, Trans_L2_m: 0.851, Yaw_err_deg: 2.829
Epoch: [5/23], Batch: 810/2963, Loss: 152.509, Trans_L2_m: 0.505, Yaw_err_deg: 2.515
Epoch: [5/23], Batch: 820/2963, Loss: 114.760, Trans_L2_m: 0.720, Yaw_err_deg: 2.404
Epoch: [5/23], Batch: 830/2963, Loss: 160.174, Trans_L2_m: 0.911, Yaw_err_deg: 2.190
Epoch: [5/23], Batch: 840/2963, Loss: 171.827, Trans_L2_m: 0.879, Yaw_err_deg: 2.958
Epoch: [5/23], Batch: 850/2963, Loss: 94.940, Trans_L2_m: 0.753, Yaw_err_deg: 1.880
Epoch: [5/23], Batch: 860/2963, Loss: 136.291, Trans_L2_m: 0.772, Yaw_err_deg: 2.634
Epoch: [5/23], Batch: 870/2963, Loss: 151.999, Trans_L2_m: 0.651, Yaw_err_deg: 3.089
Epoch: [5/23], Batch: 880/2963, Loss: 98.785, Trans_L2_m: 0.726, Yaw_err_deg: 1.664
Epoch: [5/23], Batch: 890/2963, Loss: 122.830, Trans_L2_m: 0.736, Yaw_err_deg: 2.366
Epoch: [5/23], Batch: 900/2963, Loss: 134.354, Trans_L2_m: 0.546, Yaw_err_deg: 2.459
Epoch: [5/23], Batch: 910/2963, Loss: 116.532, Trans_L2_m: 0.659, Yaw_err_deg: 2.582
Epoch: [5/23], Batch: 920/2963, Loss: 201.312, Trans_L2_m: 0.663, Yaw_err_deg: 3.648
Epoch: [5/23], Batch: 930/2963, Loss: 179.585, Trans_L2_m: 0.780, Yaw_err_deg: 3.450
Epoch: [5/23], Batch: 940/2963, Loss: 110.390, Trans_L2_m: 0.607, Yaw_err_deg: 1.917
Epoch: [5/23], Batch: 950/2963, Loss: 128.720, Trans_L2_m: 0.812, Yaw_err_deg: 2.486
Epoch: [5/23], Batch: 960/2963, Loss: 132.626, Trans_L2_m: 0.612, Yaw_err_deg: 2.575
Epoch: [5/23], Batch: 970/2963, Loss: 97.233, Trans_L2_m: 0.576, Yaw_err_deg: 1.949
Epoch: [5/23], Batch: 980/2963, Loss: 136.210, Trans_L2_m: 0.759, Yaw_err_deg: 2.663
Epoch: [5/23], Batch: 990/2963, Loss: 132.423, Trans_L2_m: 0.686, Yaw_err_deg: 2.756
Epoch: [5/23], Batch: 1000/2963, Loss: 217.741, Trans_L2_m: 0.600, Yaw_err_deg: 4.011
Epoch: [5/23], Batch: 1010/2963, Loss: 242.187, Trans_L2_m: 0.617, Yaw_err_deg: 3.116
Epoch: [5/23], Batch: 1020/2963, Loss: 137.177, Trans_L2_m: 0.450, Yaw_err_deg: 2.667
Epoch: [5/23], Batch: 1030/2963, Loss: 296.972, Trans_L2_m: 0.723, Yaw_err_deg: 3.648
Epoch: [5/23], Batch: 1040/2963, Loss: 153.923, Trans_L2_m: 0.635, Yaw_err_deg: 3.190
Epoch: [5/23], Batch: 1050/2963, Loss: 215.463, Trans_L2_m: 0.970, Yaw_err_deg: 3.410
Epoch: [5/23], Batch: 1060/2963, Loss: 129.294, Trans_L2_m: 0.918, Yaw_err_deg: 2.592
Epoch: [5/23], Batch: 1070/2963, Loss: 152.468, Trans_L2_m: 0.686, Yaw_err_deg: 2.793
Epoch: [5/23], Batch: 1080/2963, Loss: 116.985, Trans_L2_m: 0.579, Yaw_err_deg: 2.378
Epoch: [5/23], Batch: 1090/2963, Loss: 167.043, Trans_L2_m: 0.835, Yaw_err_deg: 3.550
Epoch: [5/23], Batch: 1100/2963, Loss: 84.974, Trans_L2_m: 0.626, Yaw_err_deg: 1.702
Epoch: [5/23], Batch: 1110/2963, Loss: 184.773, Trans_L2_m: 0.712, Yaw_err_deg: 3.306
Epoch: [5/23], Batch: 1120/2963, Loss: 154.692, Trans_L2_m: 0.680, Yaw_err_deg: 3.355
Epoch: [5/23], Batch: 1130/2963, Loss: 255.604, Trans_L2_m: 0.714, Yaw_err_deg: 4.203
Epoch: [5/23], Batch: 1140/2963, Loss: 157.245, Trans_L2_m: 0.726, Yaw_err_deg: 2.819
Epoch: [5/23], Batch: 1150/2963, Loss: 530.123, Trans_L2_m: 0.546, Yaw_err_deg: 5.429
Epoch: [5/23], Batch: 1160/2963, Loss: 96.002, Trans_L2_m: 0.467, Yaw_err_deg: 2.143
Epoch: [5/23], Batch: 1170/2963, Loss: 203.514, Trans_L2_m: 0.623, Yaw_err_deg: 3.293
Epoch: [5/23], Batch: 1180/2963, Loss: 117.070, Trans_L2_m: 0.677, Yaw_err_deg: 2.609
Epoch: [5/23], Batch: 1190/2963, Loss: 120.802, Trans_L2_m: 0.805, Yaw_err_deg: 2.615
Epoch: [5/23], Batch: 1200/2963, Loss: 141.335, Trans_L2_m: 1.155, Yaw_err_deg: 2.828
Epoch: [5/23], Batch: 1210/2963, Loss: 115.116, Trans_L2_m: 0.778, Yaw_err_deg: 2.455
Epoch: [5/23], Batch: 1220/2963, Loss: 107.422, Trans_L2_m: 0.849, Yaw_err_deg: 2.035
Epoch: [5/23], Batch: 1230/2963, Loss: 126.317, Trans_L2_m: 0.566, Yaw_err_deg: 2.282
Epoch: [5/23], Batch: 1240/2963, Loss: 118.786, Trans_L2_m: 0.591, Yaw_err_deg: 2.461
Epoch: [5/23], Batch: 1250/2963, Loss: 329.410, Trans_L2_m: 0.537, Yaw_err_deg: 3.590
Epoch: [5/23], Batch: 1260/2963, Loss: 122.362, Trans_L2_m: 0.543, Yaw_err_deg: 2.714
Epoch: [5/23], Batch: 1270/2963, Loss: 104.447, Trans_L2_m: 0.515, Yaw_err_deg: 2.347
Epoch: [5/23], Batch: 1280/2963, Loss: 100.638, Trans_L2_m: 0.710, Yaw_err_deg: 1.484
Epoch: [5/23], Batch: 1290/2963, Loss: 153.899, Trans_L2_m: 0.766, Yaw_err_deg: 2.952
Epoch: [5/23], Batch: 1300/2963, Loss: 175.680, Trans_L2_m: 0.774, Yaw_err_deg: 3.201
Epoch: [5/23], Batch: 1310/2963, Loss: 189.023, Trans_L2_m: 0.625, Yaw_err_deg: 3.516
Epoch: [5/23], Batch: 1320/2963, Loss: 118.959, Trans_L2_m: 0.760, Yaw_err_deg: 2.522
Epoch: [5/23], Batch: 1330/2963, Loss: 102.529, Trans_L2_m: 0.624, Yaw_err_deg: 2.277
Epoch: [5/23], Batch: 1340/2963, Loss: 125.899, Trans_L2_m: 0.718, Yaw_err_deg: 2.003
Epoch: [5/23], Batch: 1350/2963, Loss: 173.782, Trans_L2_m: 0.637, Yaw_err_deg: 3.300
Epoch: [5/23], Batch: 1360/2963, Loss: 262.138, Trans_L2_m: 0.449, Yaw_err_deg: 2.775
Epoch: [5/23], Batch: 1370/2963, Loss: 201.392, Trans_L2_m: 0.645, Yaw_err_deg: 3.624
Epoch: [5/23], Batch: 1380/2963, Loss: 184.052, Trans_L2_m: 0.693, Yaw_err_deg: 3.601
Epoch: [5/23], Batch: 1390/2963, Loss: 128.636, Trans_L2_m: 0.744, Yaw_err_deg: 2.557
Epoch: [5/23], Batch: 1400/2963, Loss: 175.930, Trans_L2_m: 0.671, Yaw_err_deg: 2.682
Epoch: [5/23], Batch: 1410/2963, Loss: 107.481, Trans_L2_m: 0.697, Yaw_err_deg: 1.904
Epoch: [5/23], Batch: 1420/2963, Loss: 122.569, Trans_L2_m: 0.618, Yaw_err_deg: 2.632
Epoch: [5/23], Batch: 1430/2963, Loss: 89.178, Trans_L2_m: 0.646, Yaw_err_deg: 1.969
Epoch: [5/23], Batch: 1440/2963, Loss: 87.426, Trans_L2_m: 0.559, Yaw_err_deg: 1.584
Epoch: [5/23], Batch: 1450/2963, Loss: 460.874, Trans_L2_m: 0.591, Yaw_err_deg: 4.693
Epoch: [5/23], Batch: 1460/2963, Loss: 147.390, Trans_L2_m: 0.422, Yaw_err_deg: 3.114
Epoch: [5/23], Batch: 1470/2963, Loss: 130.976, Trans_L2_m: 0.699, Yaw_err_deg: 2.193
Epoch: [5/23], Batch: 1480/2963, Loss: 134.306, Trans_L2_m: 0.782, Yaw_err_deg: 2.535
Epoch: [5/23], Batch: 1490/2963, Loss: 162.901, Trans_L2_m: 0.665, Yaw_err_deg: 3.083
Epoch: [5/23], Batch: 1500/2963, Loss: 154.326, Trans_L2_m: 0.665, Yaw_err_deg: 2.890
Epoch: [5/23], Batch: 1510/2963, Loss: 112.325, Trans_L2_m: 0.733, Yaw_err_deg: 2.020
Epoch: [5/23], Batch: 1520/2963, Loss: 97.449, Trans_L2_m: 0.822, Yaw_err_deg: 1.535
Epoch: [5/23], Batch: 1530/2963, Loss: 141.538, Trans_L2_m: 0.955, Yaw_err_deg: 2.526
Epoch: [5/23], Batch: 1540/2963, Loss: 107.006, Trans_L2_m: 0.594, Yaw_err_deg: 2.032
Epoch: [5/23], Batch: 1550/2963, Loss: 102.076, Trans_L2_m: 0.791, Yaw_err_deg: 2.217
Epoch: [5/23], Batch: 1560/2963, Loss: 132.294, Trans_L2_m: 0.925, Yaw_err_deg: 2.236
Epoch: [5/23], Batch: 1570/2963, Loss: 102.424, Trans_L2_m: 0.687, Yaw_err_deg: 2.026
Epoch: [5/23], Batch: 1580/2963, Loss: 123.796, Trans_L2_m: 0.676, Yaw_err_deg: 2.795
Epoch: [5/23], Batch: 1590/2963, Loss: 94.393, Trans_L2_m: 0.520, Yaw_err_deg: 1.853
Epoch: [5/23], Batch: 1600/2963, Loss: 144.552, Trans_L2_m: 0.951, Yaw_err_deg: 2.737
Epoch: [5/23], Batch: 1610/2963, Loss: 157.928, Trans_L2_m: 0.682, Yaw_err_deg: 2.568
Epoch: [5/23], Batch: 1620/2963, Loss: 124.961, Trans_L2_m: 0.787, Yaw_err_deg: 2.509
Epoch: [5/23], Batch: 1630/2963, Loss: 148.079, Trans_L2_m: 0.779, Yaw_err_deg: 3.091
Epoch: [5/23], Batch: 1640/2963, Loss: 137.975, Trans_L2_m: 0.849, Yaw_err_deg: 2.424
Epoch: [5/23], Batch: 1650/2963, Loss: 165.462, Trans_L2_m: 0.543, Yaw_err_deg: 3.759
Epoch: [5/23], Batch: 1660/2963, Loss: 127.575, Trans_L2_m: 0.627, Yaw_err_deg: 2.659
Epoch: [5/23], Batch: 1670/2963, Loss: 138.843, Trans_L2_m: 0.589, Yaw_err_deg: 2.765
Epoch: [5/23], Batch: 1680/2963, Loss: 138.283, Trans_L2_m: 0.635, Yaw_err_deg: 2.882
Epoch: [5/23], Batch: 1690/2963, Loss: 217.533, Trans_L2_m: 0.641, Yaw_err_deg: 3.836
Epoch: [5/23], Batch: 1700/2963, Loss: 118.392, Trans_L2_m: 0.489, Yaw_err_deg: 2.465
Epoch: [5/23], Batch: 1710/2963, Loss: 139.399, Trans_L2_m: 0.583, Yaw_err_deg: 2.495
Epoch: [5/23], Batch: 1720/2963, Loss: 96.261, Trans_L2_m: 0.586, Yaw_err_deg: 1.594
Epoch: [5/23], Batch: 1730/2963, Loss: 132.526, Trans_L2_m: 0.660, Yaw_err_deg: 2.335
Epoch: [5/23], Batch: 1740/2963, Loss: 83.163, Trans_L2_m: 0.558, Yaw_err_deg: 1.771
Epoch: [5/23], Batch: 1750/2963, Loss: 71.026, Trans_L2_m: 0.622, Yaw_err_deg: 1.013
Epoch: [5/23], Batch: 1760/2963, Loss: 121.516, Trans_L2_m: 0.692, Yaw_err_deg: 2.157
Epoch: [5/23], Batch: 1770/2963, Loss: 102.809, Trans_L2_m: 0.610, Yaw_err_deg: 1.516
Epoch: [5/23], Batch: 1780/2963, Loss: 65.660, Trans_L2_m: 0.659, Yaw_err_deg: 1.140
Epoch: [5/23], Batch: 1790/2963, Loss: 130.187, Trans_L2_m: 0.544, Yaw_err_deg: 2.497
Epoch: [5/23], Batch: 1800/2963, Loss: 133.366, Trans_L2_m: 0.498, Yaw_err_deg: 2.768
Epoch: [5/23], Batch: 1810/2963, Loss: 103.971, Trans_L2_m: 0.630, Yaw_err_deg: 2.057
Epoch: [5/23], Batch: 1820/2963, Loss: 159.078, Trans_L2_m: 0.917, Yaw_err_deg: 3.081
Epoch: [5/23], Batch: 1830/2963, Loss: 102.589, Trans_L2_m: 0.476, Yaw_err_deg: 1.867
Epoch: [5/23], Batch: 1840/2963, Loss: 106.403, Trans_L2_m: 0.816, Yaw_err_deg: 2.028
Epoch: [5/23], Batch: 1850/2963, Loss: 113.200, Trans_L2_m: 0.832, Yaw_err_deg: 2.089
Epoch: [5/23], Batch: 1860/2963, Loss: 158.818, Trans_L2_m: 0.557, Yaw_err_deg: 2.937
Epoch: [5/23], Batch: 1870/2963, Loss: 190.159, Trans_L2_m: 0.679, Yaw_err_deg: 3.964
Epoch: [5/23], Batch: 1880/2963, Loss: 116.343, Trans_L2_m: 0.727, Yaw_err_deg: 2.225
Epoch: [5/23], Batch: 1890/2963, Loss: 111.672, Trans_L2_m: 0.389, Yaw_err_deg: 2.279
Epoch: [5/23], Batch: 1900/2963, Loss: 170.161, Trans_L2_m: 0.682, Yaw_err_deg: 3.161
Epoch: [5/23], Batch: 1910/2963, Loss: 129.545, Trans_L2_m: 0.614, Yaw_err_deg: 2.650
Epoch: [5/23], Batch: 1920/2963, Loss: 160.454, Trans_L2_m: 0.727, Yaw_err_deg: 2.970
Epoch: [5/23], Batch: 1930/2963, Loss: 113.757, Trans_L2_m: 0.720, Yaw_err_deg: 2.078
Epoch: [5/23], Batch: 1940/2963, Loss: 101.358, Trans_L2_m: 0.822, Yaw_err_deg: 2.243
Epoch: [5/23], Batch: 1950/2963, Loss: 135.936, Trans_L2_m: 0.561, Yaw_err_deg: 2.993
Epoch: [5/23], Batch: 1960/2963, Loss: 125.138, Trans_L2_m: 0.763, Yaw_err_deg: 2.531
Epoch: [5/23], Batch: 1970/2963, Loss: 172.622, Trans_L2_m: 0.897, Yaw_err_deg: 2.808
Epoch: [5/23], Batch: 1980/2963, Loss: 155.833, Trans_L2_m: 0.499, Yaw_err_deg: 3.025
Epoch: [5/23], Batch: 1990/2963, Loss: 220.106, Trans_L2_m: 0.778, Yaw_err_deg: 4.002
Epoch: [5/23], Batch: 2000/2963, Loss: 152.107, Trans_L2_m: 0.823, Yaw_err_deg: 2.989
Epoch: [5/23], Batch: 2010/2963, Loss: 118.200, Trans_L2_m: 0.796, Yaw_err_deg: 1.798
Epoch: [5/23], Batch: 2020/2963, Loss: 151.750, Trans_L2_m: 1.011, Yaw_err_deg: 2.337
Epoch: [5/23], Batch: 2030/2963, Loss: 105.989, Trans_L2_m: 0.815, Yaw_err_deg: 2.039
Epoch: [5/23], Batch: 2040/2963, Loss: 162.310, Trans_L2_m: 0.759, Yaw_err_deg: 3.313
Epoch: [5/23], Batch: 2050/2963, Loss: 148.248, Trans_L2_m: 0.918, Yaw_err_deg: 2.918
Epoch: [5/23], Batch: 2060/2963, Loss: 106.037, Trans_L2_m: 0.958, Yaw_err_deg: 1.981
Epoch: [5/23], Batch: 2070/2963, Loss: 122.187, Trans_L2_m: 0.604, Yaw_err_deg: 2.726
Epoch: [5/23], Batch: 2080/2963, Loss: 105.162, Trans_L2_m: 0.746, Yaw_err_deg: 1.995
Epoch: [5/23], Batch: 2090/2963, Loss: 297.190, Trans_L2_m: 0.562, Yaw_err_deg: 3.176
Epoch: [5/23], Batch: 2100/2963, Loss: 128.992, Trans_L2_m: 0.547, Yaw_err_deg: 3.039
Epoch: [5/23], Batch: 2110/2963, Loss: 133.570, Trans_L2_m: 0.648, Yaw_err_deg: 2.706
Epoch: [5/23], Batch: 2120/2963, Loss: 82.216, Trans_L2_m: 0.552, Yaw_err_deg: 1.661
Epoch: [5/23], Batch: 2130/2963, Loss: 108.048, Trans_L2_m: 0.576, Yaw_err_deg: 2.186
Epoch: [5/23], Batch: 2140/2963, Loss: 396.769, Trans_L2_m: 0.885, Yaw_err_deg: 4.567
Epoch: [5/23], Batch: 2150/2963, Loss: 123.794, Trans_L2_m: 0.576, Yaw_err_deg: 2.780
Epoch: [5/23], Batch: 2160/2963, Loss: 179.683, Trans_L2_m: 0.654, Yaw_err_deg: 2.845
Epoch: [5/23], Batch: 2170/2963, Loss: 280.659, Trans_L2_m: 0.818, Yaw_err_deg: 4.118
Epoch: [5/23], Batch: 2180/2963, Loss: 87.517, Trans_L2_m: 0.632, Yaw_err_deg: 1.782
Epoch: [5/23], Batch: 2190/2963, Loss: 593.814, Trans_L2_m: 0.514, Yaw_err_deg: 5.703
Epoch: [5/23], Batch: 2200/2963, Loss: 115.298, Trans_L2_m: 0.584, Yaw_err_deg: 2.874
Epoch: [5/23], Batch: 2210/2963, Loss: 114.255, Trans_L2_m: 0.550, Yaw_err_deg: 2.399
Epoch: [5/23], Batch: 2220/2963, Loss: 89.447, Trans_L2_m: 0.608, Yaw_err_deg: 2.036
Epoch: [5/23], Batch: 2230/2963, Loss: 120.172, Trans_L2_m: 0.817, Yaw_err_deg: 1.874
Epoch: [5/23], Batch: 2240/2963, Loss: 296.979, Trans_L2_m: 0.601, Yaw_err_deg: 3.906
Epoch: [5/23], Batch: 2250/2963, Loss: 386.514, Trans_L2_m: 0.676, Yaw_err_deg: 3.930
Epoch: [5/23], Batch: 2260/2963, Loss: 167.760, Trans_L2_m: 0.671, Yaw_err_deg: 3.394
Epoch: [5/23], Batch: 2270/2963, Loss: 197.013, Trans_L2_m: 0.509, Yaw_err_deg: 2.923
Epoch: [5/23], Batch: 2280/2963, Loss: 91.983, Trans_L2_m: 0.432, Yaw_err_deg: 1.868
Epoch: [5/23], Batch: 2290/2963, Loss: 159.952, Trans_L2_m: 0.530, Yaw_err_deg: 2.826
Epoch: [5/23], Batch: 2300/2963, Loss: 172.709, Trans_L2_m: 0.684, Yaw_err_deg: 3.662
Epoch: [5/23], Batch: 2310/2963, Loss: 197.069, Trans_L2_m: 0.606, Yaw_err_deg: 3.558
Epoch: [5/23], Batch: 2320/2963, Loss: 118.918, Trans_L2_m: 0.721, Yaw_err_deg: 2.418
Epoch: [5/23], Batch: 2330/2963, Loss: 157.562, Trans_L2_m: 0.510, Yaw_err_deg: 3.014
Epoch: [5/23], Batch: 2340/2963, Loss: 88.644, Trans_L2_m: 0.861, Yaw_err_deg: 1.728
Epoch: [5/23], Batch: 2350/2963, Loss: 286.025, Trans_L2_m: 0.476, Yaw_err_deg: 3.646
Epoch: [5/23], Batch: 2360/2963, Loss: 100.122, Trans_L2_m: 0.748, Yaw_err_deg: 1.952
Epoch: [5/23], Batch: 2370/2963, Loss: 113.208, Trans_L2_m: 0.502, Yaw_err_deg: 2.661
Epoch: [5/23], Batch: 2380/2963, Loss: 133.369, Trans_L2_m: 0.569, Yaw_err_deg: 2.815
Epoch: [5/23], Batch: 2390/2963, Loss: 196.828, Trans_L2_m: 0.661, Yaw_err_deg: 3.952
Epoch: [5/23], Batch: 2400/2963, Loss: 102.488, Trans_L2_m: 0.701, Yaw_err_deg: 2.036
Epoch: [5/23], Batch: 2410/2963, Loss: 98.607, Trans_L2_m: 0.664, Yaw_err_deg: 2.046
Epoch: [5/23], Batch: 2420/2963, Loss: 235.649, Trans_L2_m: 0.903, Yaw_err_deg: 3.383
Epoch: [5/23], Batch: 2430/2963, Loss: 107.025, Trans_L2_m: 0.750, Yaw_err_deg: 1.564
Epoch: [5/23], Batch: 2440/2963, Loss: 121.792, Trans_L2_m: 0.590, Yaw_err_deg: 2.227
Epoch: [5/23], Batch: 2450/2963, Loss: 375.395, Trans_L2_m: 0.755, Yaw_err_deg: 3.704
Epoch: [5/23], Batch: 2460/2963, Loss: 140.099, Trans_L2_m: 0.580, Yaw_err_deg: 3.009
Epoch: [5/23], Batch: 2470/2963, Loss: 134.290, Trans_L2_m: 0.522, Yaw_err_deg: 2.530
Epoch: [5/23], Batch: 2480/2963, Loss: 141.968, Trans_L2_m: 0.706, Yaw_err_deg: 3.308
Epoch: [5/23], Batch: 2490/2963, Loss: 136.643, Trans_L2_m: 0.652, Yaw_err_deg: 2.706
Epoch: [5/23], Batch: 2500/2963, Loss: 96.383, Trans_L2_m: 0.860, Yaw_err_deg: 1.855
Epoch: [5/23], Batch: 2510/2963, Loss: 82.717, Trans_L2_m: 0.632, Yaw_err_deg: 1.471
Epoch: [5/23], Batch: 2520/2963, Loss: 94.508, Trans_L2_m: 0.613, Yaw_err_deg: 1.810
Epoch: [5/23], Batch: 2530/2963, Loss: 96.992, Trans_L2_m: 0.656, Yaw_err_deg: 2.044
Epoch: [5/23], Batch: 2540/2963, Loss: 160.930, Trans_L2_m: 0.725, Yaw_err_deg: 3.056
Epoch: [5/23], Batch: 2550/2963, Loss: 150.652, Trans_L2_m: 0.613, Yaw_err_deg: 3.288
Epoch: [5/23], Batch: 2560/2963, Loss: 108.168, Trans_L2_m: 0.506, Yaw_err_deg: 2.589
Epoch: [5/23], Batch: 2570/2963, Loss: 391.197, Trans_L2_m: 0.845, Yaw_err_deg: 4.400
Epoch: [5/23], Batch: 2580/2963, Loss: 107.636, Trans_L2_m: 0.537, Yaw_err_deg: 2.168
Epoch: [5/23], Batch: 2590/2963, Loss: 181.965, Trans_L2_m: 0.719, Yaw_err_deg: 2.615
Epoch: [5/23], Batch: 2600/2963, Loss: 128.767, Trans_L2_m: 0.649, Yaw_err_deg: 2.381
Epoch: [5/23], Batch: 2610/2963, Loss: 87.445, Trans_L2_m: 0.517, Yaw_err_deg: 1.747
Epoch: [5/23], Batch: 2620/2963, Loss: 134.746, Trans_L2_m: 0.610, Yaw_err_deg: 2.691
Epoch: [5/23], Batch: 2630/2963, Loss: 98.752, Trans_L2_m: 0.612, Yaw_err_deg: 2.186
Epoch: [5/23], Batch: 2640/2963, Loss: 105.772, Trans_L2_m: 0.726, Yaw_err_deg: 1.826
Epoch: [5/23], Batch: 2650/2963, Loss: 103.711, Trans_L2_m: 0.835, Yaw_err_deg: 2.295
Epoch: [5/23], Batch: 2660/2963, Loss: 379.809, Trans_L2_m: 0.736, Yaw_err_deg: 3.470
Epoch: [5/23], Batch: 2670/2963, Loss: 120.797, Trans_L2_m: 0.910, Yaw_err_deg: 2.217
Epoch: [5/23], Batch: 2680/2963, Loss: 146.195, Trans_L2_m: 0.732, Yaw_err_deg: 2.922
Epoch: [5/23], Batch: 2690/2963, Loss: 142.029, Trans_L2_m: 0.649, Yaw_err_deg: 2.783
Epoch: [5/23], Batch: 2700/2963, Loss: 82.460, Trans_L2_m: 0.657, Yaw_err_deg: 1.522
Epoch: [5/23], Batch: 2710/2963, Loss: 100.097, Trans_L2_m: 0.579, Yaw_err_deg: 1.880
Epoch: [5/23], Batch: 2720/2963, Loss: 186.598, Trans_L2_m: 0.587, Yaw_err_deg: 2.969
Epoch: [5/23], Batch: 2730/2963, Loss: 166.528, Trans_L2_m: 0.636, Yaw_err_deg: 2.741
Epoch: [5/23], Batch: 2740/2963, Loss: 165.577, Trans_L2_m: 0.616, Yaw_err_deg: 3.109
Epoch: [5/23], Batch: 2750/2963, Loss: 180.019, Trans_L2_m: 0.761, Yaw_err_deg: 3.532
Epoch: [5/23], Batch: 2760/2963, Loss: 131.387, Trans_L2_m: 0.742, Yaw_err_deg: 2.775
Epoch: [5/23], Batch: 2770/2963, Loss: 111.691, Trans_L2_m: 0.657, Yaw_err_deg: 2.006
Epoch: [5/23], Batch: 2780/2963, Loss: 106.395, Trans_L2_m: 0.608, Yaw_err_deg: 2.198
Epoch: [5/23], Batch: 2790/2963, Loss: 566.919, Trans_L2_m: 1.063, Yaw_err_deg: 6.831
Epoch: [5/23], Batch: 2800/2963, Loss: 155.406, Trans_L2_m: 0.754, Yaw_err_deg: 3.488
Epoch: [5/23], Batch: 2810/2963, Loss: 322.413, Trans_L2_m: 0.816, Yaw_err_deg: 4.385
Epoch: [5/23], Batch: 2820/2963, Loss: 119.137, Trans_L2_m: 0.473, Yaw_err_deg: 2.258
Epoch: [5/23], Batch: 2830/2963, Loss: 169.182, Trans_L2_m: 0.575, Yaw_err_deg: 3.164
Epoch: [5/23], Batch: 2840/2963, Loss: 433.299, Trans_L2_m: 0.719, Yaw_err_deg: 4.362
Epoch: [5/23], Batch: 2850/2963, Loss: 106.489, Trans_L2_m: 0.808, Yaw_err_deg: 1.901
Epoch: [5/23], Batch: 2860/2963, Loss: 216.171, Trans_L2_m: 0.574, Yaw_err_deg: 3.817
Epoch: [5/23], Batch: 2870/2963, Loss: 138.261, Trans_L2_m: 0.594, Yaw_err_deg: 2.962
Epoch: [5/23], Batch: 2880/2963, Loss: 99.980, Trans_L2_m: 0.593, Yaw_err_deg: 2.166
Epoch: [5/23], Batch: 2890/2963, Loss: 125.959, Trans_L2_m: 0.622, Yaw_err_deg: 1.980
Epoch: [5/23], Batch: 2900/2963, Loss: 294.836, Trans_L2_m: 0.751, Yaw_err_deg: 3.209
Epoch: [5/23], Batch: 2910/2963, Loss: 152.221, Trans_L2_m: 0.552, Yaw_err_deg: 2.632
Epoch: [5/23], Batch: 2920/2963, Loss: 162.369, Trans_L2_m: 0.662, Yaw_err_deg: 3.124
Epoch: [5/23], Batch: 2930/2963, Loss: 106.007, Trans_L2_m: 0.493, Yaw_err_deg: 2.351
Epoch: [5/23], Batch: 2940/2963, Loss: 115.046, Trans_L2_m: 0.559, Yaw_err_deg: 2.103
Epoch: [5/23], Batch: 2950/2963, Loss: 128.002, Trans_L2_m: 1.042, Yaw_err_deg: 2.526
Epoch: [5/23], Batch: 2960/2963, Loss: 135.490, Trans_L2_m: 0.681, Yaw_err_deg: 2.927
Validation loss (homography): 1162.7951
Avg batch time: 978.56 ms, total: 317.502 s
[1;91mVal has no improvement vs 843.2620849609375![0m
Epoch: [6/23], Batch: 0/2963, Loss: 108.556, Trans_L2_m: 0.688, Yaw_err_deg: 2.395
Epoch: [6/23], Batch: 10/2963, Loss: 104.251, Trans_L2_m: 0.692, Yaw_err_deg: 2.211
Epoch: [6/23], Batch: 20/2963, Loss: 242.944, Trans_L2_m: 0.859, Yaw_err_deg: 3.028
Epoch: [6/23], Batch: 30/2963, Loss: 328.332, Trans_L2_m: 0.691, Yaw_err_deg: 3.581
Epoch: [6/23], Batch: 40/2963, Loss: 122.139, Trans_L2_m: 0.767, Yaw_err_deg: 2.594
Epoch: [6/23], Batch: 50/2963, Loss: 109.027, Trans_L2_m: 0.788, Yaw_err_deg: 1.588
Epoch: [6/23], Batch: 60/2963, Loss: 150.878, Trans_L2_m: 0.800, Yaw_err_deg: 2.744
Epoch: [6/23], Batch: 70/2963, Loss: 135.199, Trans_L2_m: 0.554, Yaw_err_deg: 2.600
Epoch: [6/23], Batch: 80/2963, Loss: 295.946, Trans_L2_m: 0.640, Yaw_err_deg: 4.140
Epoch: [6/23], Batch: 90/2963, Loss: 113.166, Trans_L2_m: 0.750, Yaw_err_deg: 2.026
Epoch: [6/23], Batch: 100/2963, Loss: 267.082, Trans_L2_m: 0.575, Yaw_err_deg: 4.039
Epoch: [6/23], Batch: 110/2963, Loss: 150.664, Trans_L2_m: 0.608, Yaw_err_deg: 3.076
Epoch: [6/23], Batch: 120/2963, Loss: 185.961, Trans_L2_m: 0.545, Yaw_err_deg: 2.837
Epoch: [6/23], Batch: 130/2963, Loss: 95.671, Trans_L2_m: 0.793, Yaw_err_deg: 1.919
Epoch: [6/23], Batch: 140/2963, Loss: 220.234, Trans_L2_m: 0.695, Yaw_err_deg: 2.930
Epoch: [6/23], Batch: 150/2963, Loss: 89.399, Trans_L2_m: 0.559, Yaw_err_deg: 1.975
Epoch: [6/23], Batch: 160/2963, Loss: 201.716, Trans_L2_m: 0.800, Yaw_err_deg: 3.359
Epoch: [6/23], Batch: 170/2963, Loss: 99.308, Trans_L2_m: 0.660, Yaw_err_deg: 2.048
Epoch: [6/23], Batch: 180/2963, Loss: 79.080, Trans_L2_m: 0.713, Yaw_err_deg: 1.818
Epoch: [6/23], Batch: 190/2963, Loss: 140.907, Trans_L2_m: 0.830, Yaw_err_deg: 2.432
Epoch: [6/23], Batch: 200/2963, Loss: 82.555, Trans_L2_m: 0.497, Yaw_err_deg: 1.260
Epoch: [6/23], Batch: 210/2963, Loss: 552.627, Trans_L2_m: 0.724, Yaw_err_deg: 3.800
Epoch: [6/23], Batch: 220/2963, Loss: 87.580, Trans_L2_m: 0.547, Yaw_err_deg: 1.763
Epoch: [6/23], Batch: 230/2963, Loss: 368.021, Trans_L2_m: 0.490, Yaw_err_deg: 4.779
Epoch: [6/23], Batch: 240/2963, Loss: 177.632, Trans_L2_m: 0.667, Yaw_err_deg: 3.396
Epoch: [6/23], Batch: 250/2963, Loss: 133.471, Trans_L2_m: 0.661, Yaw_err_deg: 2.330
Epoch: [6/23], Batch: 260/2963, Loss: 336.946, Trans_L2_m: 0.606, Yaw_err_deg: 3.614
Epoch: [6/23], Batch: 270/2963, Loss: 104.959, Trans_L2_m: 0.763, Yaw_err_deg: 1.639
Epoch: [6/23], Batch: 280/2963, Loss: 145.269, Trans_L2_m: 0.618, Yaw_err_deg: 3.204
Epoch: [6/23], Batch: 290/2963, Loss: 99.775, Trans_L2_m: 0.679, Yaw_err_deg: 1.821
Epoch: [6/23], Batch: 300/2963, Loss: 71.428, Trans_L2_m: 0.608, Yaw_err_deg: 0.946
Epoch: [6/23], Batch: 310/2963, Loss: 121.640, Trans_L2_m: 0.670, Yaw_err_deg: 1.951
Epoch: [6/23], Batch: 320/2963, Loss: 152.266, Trans_L2_m: 0.469, Yaw_err_deg: 2.282
Epoch: [6/23], Batch: 330/2963, Loss: 162.630, Trans_L2_m: 0.924, Yaw_err_deg: 3.371
Epoch: [6/23], Batch: 340/2963, Loss: 149.377, Trans_L2_m: 0.730, Yaw_err_deg: 3.397
Epoch: [6/23], Batch: 350/2963, Loss: 83.142, Trans_L2_m: 0.397, Yaw_err_deg: 1.912
Epoch: [6/23], Batch: 360/2963, Loss: 90.333, Trans_L2_m: 0.717, Yaw_err_deg: 1.946
Epoch: [6/23], Batch: 370/2963, Loss: 122.622, Trans_L2_m: 0.569, Yaw_err_deg: 2.264
Epoch: [6/23], Batch: 380/2963, Loss: 133.960, Trans_L2_m: 0.613, Yaw_err_deg: 2.550
Epoch: [6/23], Batch: 390/2963, Loss: 88.643, Trans_L2_m: 0.853, Yaw_err_deg: 1.752
Epoch: [6/23], Batch: 400/2963, Loss: 130.186, Trans_L2_m: 0.830, Yaw_err_deg: 2.692
Epoch: [6/23], Batch: 410/2963, Loss: 121.510, Trans_L2_m: 0.657, Yaw_err_deg: 2.806
Epoch: [6/23], Batch: 420/2963, Loss: 97.723, Trans_L2_m: 0.748, Yaw_err_deg: 1.889
Epoch: [6/23], Batch: 430/2963, Loss: 146.307, Trans_L2_m: 0.431, Yaw_err_deg: 2.591
Epoch: [6/23], Batch: 440/2963, Loss: 108.500, Trans_L2_m: 0.646, Yaw_err_deg: 2.371
Epoch: [6/23], Batch: 450/2963, Loss: 105.970, Trans_L2_m: 0.649, Yaw_err_deg: 2.057
Epoch: [6/23], Batch: 460/2963, Loss: 89.795, Trans_L2_m: 0.668, Yaw_err_deg: 2.071
Epoch: [6/23], Batch: 470/2963, Loss: 101.588, Trans_L2_m: 0.574, Yaw_err_deg: 1.793
Epoch: [6/23], Batch: 480/2963, Loss: 271.469, Trans_L2_m: 0.590, Yaw_err_deg: 3.707
Epoch: [6/23], Batch: 490/2963, Loss: 122.680, Trans_L2_m: 0.722, Yaw_err_deg: 2.846
Epoch: [6/23], Batch: 500/2963, Loss: 80.611, Trans_L2_m: 0.431, Yaw_err_deg: 1.869
Epoch: [6/23], Batch: 510/2963, Loss: 130.635, Trans_L2_m: 0.527, Yaw_err_deg: 2.823
Epoch: [6/23], Batch: 520/2963, Loss: 117.121, Trans_L2_m: 0.491, Yaw_err_deg: 2.650
Epoch: [6/23], Batch: 530/2963, Loss: 190.662, Trans_L2_m: 0.479, Yaw_err_deg: 4.253
Epoch: [6/23], Batch: 540/2963, Loss: 138.139, Trans_L2_m: 0.697, Yaw_err_deg: 2.728
Epoch: [6/23], Batch: 550/2963, Loss: 226.212, Trans_L2_m: 0.751, Yaw_err_deg: 2.974
Epoch: [6/23], Batch: 560/2963, Loss: 157.448, Trans_L2_m: 0.926, Yaw_err_deg: 2.405
Epoch: [6/23], Batch: 570/2963, Loss: 161.894, Trans_L2_m: 0.706, Yaw_err_deg: 3.330
Epoch: [6/23], Batch: 580/2963, Loss: 127.781, Trans_L2_m: 0.764, Yaw_err_deg: 2.410
Epoch: [6/23], Batch: 590/2963, Loss: 148.350, Trans_L2_m: 0.713, Yaw_err_deg: 2.949
Epoch: [6/23], Batch: 600/2963, Loss: 327.184, Trans_L2_m: 0.626, Yaw_err_deg: 3.447
Epoch: [6/23], Batch: 610/2963, Loss: 100.455, Trans_L2_m: 0.789, Yaw_err_deg: 1.782
Epoch: [6/23], Batch: 620/2963, Loss: 96.214, Trans_L2_m: 0.755, Yaw_err_deg: 1.871
Epoch: [6/23], Batch: 630/2963, Loss: 122.262, Trans_L2_m: 0.464, Yaw_err_deg: 2.143
Epoch: [6/23], Batch: 640/2963, Loss: 143.694, Trans_L2_m: 0.656, Yaw_err_deg: 2.432
Epoch: [6/23], Batch: 650/2963, Loss: 139.482, Trans_L2_m: 0.660, Yaw_err_deg: 2.459
Epoch: [6/23], Batch: 660/2963, Loss: 105.806, Trans_L2_m: 0.686, Yaw_err_deg: 2.310
Epoch: [6/23], Batch: 670/2963, Loss: 157.436, Trans_L2_m: 0.611, Yaw_err_deg: 3.246
Epoch: [6/23], Batch: 680/2963, Loss: 185.287, Trans_L2_m: 0.657, Yaw_err_deg: 3.068
Epoch: [6/23], Batch: 690/2963, Loss: 96.447, Trans_L2_m: 0.858, Yaw_err_deg: 1.991
Epoch: [6/23], Batch: 700/2963, Loss: 479.440, Trans_L2_m: 0.585, Yaw_err_deg: 3.995
Epoch: [6/23], Batch: 710/2963, Loss: 104.962, Trans_L2_m: 0.558, Yaw_err_deg: 2.467
Epoch: [6/23], Batch: 720/2963, Loss: 111.706, Trans_L2_m: 0.642, Yaw_err_deg: 2.480
Epoch: [6/23], Batch: 730/2963, Loss: 80.327, Trans_L2_m: 0.562, Yaw_err_deg: 1.786
Epoch: [6/23], Batch: 740/2963, Loss: 146.857, Trans_L2_m: 0.662, Yaw_err_deg: 2.797
Epoch: [6/23], Batch: 750/2963, Loss: 99.196, Trans_L2_m: 0.520, Yaw_err_deg: 1.921
Epoch: [6/23], Batch: 760/2963, Loss: 198.006, Trans_L2_m: 0.531, Yaw_err_deg: 2.734
Epoch: [6/23], Batch: 770/2963, Loss: 89.606, Trans_L2_m: 0.714, Yaw_err_deg: 1.699
Epoch: [6/23], Batch: 780/2963, Loss: 116.309, Trans_L2_m: 0.517, Yaw_err_deg: 2.560
Epoch: [6/23], Batch: 790/2963, Loss: 105.942, Trans_L2_m: 0.489, Yaw_err_deg: 2.564
Epoch: [6/23], Batch: 800/2963, Loss: 116.510, Trans_L2_m: 0.447, Yaw_err_deg: 2.722
Epoch: [6/23], Batch: 810/2963, Loss: 141.384, Trans_L2_m: 0.675, Yaw_err_deg: 2.284
Epoch: [6/23], Batch: 820/2963, Loss: 155.591, Trans_L2_m: 0.623, Yaw_err_deg: 3.228
Epoch: [6/23], Batch: 830/2963, Loss: 156.588, Trans_L2_m: 0.876, Yaw_err_deg: 3.047
Epoch: [6/23], Batch: 840/2963, Loss: 117.928, Trans_L2_m: 0.645, Yaw_err_deg: 2.512
Epoch: [6/23], Batch: 850/2963, Loss: 86.008, Trans_L2_m: 0.584, Yaw_err_deg: 1.656
Epoch: [6/23], Batch: 860/2963, Loss: 134.041, Trans_L2_m: 0.766, Yaw_err_deg: 2.619
Epoch: [6/23], Batch: 870/2963, Loss: 73.416, Trans_L2_m: 0.650, Yaw_err_deg: 1.414
Epoch: [6/23], Batch: 880/2963, Loss: 430.226, Trans_L2_m: 0.491, Yaw_err_deg: 3.437
Epoch: [6/23], Batch: 890/2963, Loss: 90.822, Trans_L2_m: 0.733, Yaw_err_deg: 1.826
Epoch: [6/23], Batch: 900/2963, Loss: 124.656, Trans_L2_m: 0.566, Yaw_err_deg: 2.634
Epoch: [6/23], Batch: 910/2963, Loss: 202.331, Trans_L2_m: 0.679, Yaw_err_deg: 2.937
Epoch: [6/23], Batch: 920/2963, Loss: 158.899, Trans_L2_m: 0.701, Yaw_err_deg: 2.650
Epoch: [6/23], Batch: 930/2963, Loss: 120.978, Trans_L2_m: 0.749, Yaw_err_deg: 2.562
Epoch: [6/23], Batch: 940/2963, Loss: 92.997, Trans_L2_m: 0.424, Yaw_err_deg: 1.736
Epoch: [6/23], Batch: 950/2963, Loss: 83.205, Trans_L2_m: 0.309, Yaw_err_deg: 1.916
Epoch: [6/23], Batch: 960/2963, Loss: 90.879, Trans_L2_m: 0.430, Yaw_err_deg: 2.227
Epoch: [6/23], Batch: 970/2963, Loss: 119.923, Trans_L2_m: 0.733, Yaw_err_deg: 2.157
Epoch: [6/23], Batch: 980/2963, Loss: 98.218, Trans_L2_m: 0.603, Yaw_err_deg: 1.928
Epoch: [6/23], Batch: 990/2963, Loss: 86.353, Trans_L2_m: 0.680, Yaw_err_deg: 1.775
Epoch: [6/23], Batch: 1000/2963, Loss: 131.688, Trans_L2_m: 0.624, Yaw_err_deg: 3.082
Epoch: [6/23], Batch: 1010/2963, Loss: 130.214, Trans_L2_m: 0.757, Yaw_err_deg: 2.624
Epoch: [6/23], Batch: 1020/2963, Loss: 145.061, Trans_L2_m: 0.564, Yaw_err_deg: 2.227
Epoch: [6/23], Batch: 1030/2963, Loss: 137.884, Trans_L2_m: 0.543, Yaw_err_deg: 2.958
Epoch: [6/23], Batch: 1040/2963, Loss: 74.849, Trans_L2_m: 0.710, Yaw_err_deg: 1.281
Epoch: [6/23], Batch: 1050/2963, Loss: 123.121, Trans_L2_m: 0.786, Yaw_err_deg: 2.472
Epoch: [6/23], Batch: 1060/2963, Loss: 123.075, Trans_L2_m: 0.611, Yaw_err_deg: 2.341
Epoch: [6/23], Batch: 1070/2963, Loss: 100.650, Trans_L2_m: 0.535, Yaw_err_deg: 1.986
Epoch: [6/23], Batch: 1080/2963, Loss: 105.230, Trans_L2_m: 0.510, Yaw_err_deg: 2.191
Epoch: [6/23], Batch: 1090/2963, Loss: 99.140, Trans_L2_m: 0.610, Yaw_err_deg: 1.832
Epoch: [6/23], Batch: 1100/2963, Loss: 77.520, Trans_L2_m: 0.552, Yaw_err_deg: 1.694
Epoch: [6/23], Batch: 1110/2963, Loss: 120.921, Trans_L2_m: 0.629, Yaw_err_deg: 2.089
Epoch: [6/23], Batch: 1120/2963, Loss: 100.549, Trans_L2_m: 0.664, Yaw_err_deg: 1.786
Epoch: [6/23], Batch: 1130/2963, Loss: 102.223, Trans_L2_m: 0.744, Yaw_err_deg: 2.167
Epoch: [6/23], Batch: 1140/2963, Loss: 97.327, Trans_L2_m: 1.155, Yaw_err_deg: 1.649
Epoch: [6/23], Batch: 1150/2963, Loss: 100.959, Trans_L2_m: 0.732, Yaw_err_deg: 2.242
Epoch: [6/23], Batch: 1160/2963, Loss: 96.805, Trans_L2_m: 0.614, Yaw_err_deg: 2.156
Epoch: [6/23], Batch: 1170/2963, Loss: 112.174, Trans_L2_m: 0.714, Yaw_err_deg: 2.332
Epoch: [6/23], Batch: 1180/2963, Loss: 117.811, Trans_L2_m: 0.484, Yaw_err_deg: 1.918
Epoch: [6/23], Batch: 1190/2963, Loss: 108.866, Trans_L2_m: 0.756, Yaw_err_deg: 2.312
Epoch: [6/23], Batch: 1200/2963, Loss: 80.415, Trans_L2_m: 0.468, Yaw_err_deg: 1.582
Epoch: [6/23], Batch: 1210/2963, Loss: 189.206, Trans_L2_m: 0.476, Yaw_err_deg: 3.081
Epoch: [6/23], Batch: 1220/2963, Loss: 115.109, Trans_L2_m: 0.440, Yaw_err_deg: 2.609
Epoch: [6/23], Batch: 1230/2963, Loss: 96.107, Trans_L2_m: 0.525, Yaw_err_deg: 1.917
Epoch: [6/23], Batch: 1240/2963, Loss: 168.466, Trans_L2_m: 0.709, Yaw_err_deg: 3.425
Epoch: [6/23], Batch: 1250/2963, Loss: 106.814, Trans_L2_m: 0.613, Yaw_err_deg: 2.285
Epoch: [6/23], Batch: 1260/2963, Loss: 94.483, Trans_L2_m: 0.702, Yaw_err_deg: 1.804
Epoch: [6/23], Batch: 1270/2963, Loss: 85.466, Trans_L2_m: 0.606, Yaw_err_deg: 1.783
Epoch: [6/23], Batch: 1280/2963, Loss: 184.630, Trans_L2_m: 0.417, Yaw_err_deg: 3.592
Epoch: [6/23], Batch: 1290/2963, Loss: 105.835, Trans_L2_m: 0.621, Yaw_err_deg: 2.190
Epoch: [6/23], Batch: 1300/2963, Loss: 92.037, Trans_L2_m: 0.546, Yaw_err_deg: 1.845
Epoch: [6/23], Batch: 1310/2963, Loss: 114.238, Trans_L2_m: 0.888, Yaw_err_deg: 1.837
Epoch: [6/23], Batch: 1320/2963, Loss: 96.200, Trans_L2_m: 0.454, Yaw_err_deg: 1.767
Epoch: [6/23], Batch: 1330/2963, Loss: 129.378, Trans_L2_m: 0.560, Yaw_err_deg: 3.034
Epoch: [6/23], Batch: 1340/2963, Loss: 125.916, Trans_L2_m: 0.627, Yaw_err_deg: 2.206
Epoch: [6/23], Batch: 1350/2963, Loss: 85.543, Trans_L2_m: 0.683, Yaw_err_deg: 1.545
Epoch: [6/23], Batch: 1360/2963, Loss: 138.876, Trans_L2_m: 0.789, Yaw_err_deg: 2.637
Epoch: [6/23], Batch: 1370/2963, Loss: 106.843, Trans_L2_m: 0.618, Yaw_err_deg: 2.303
Epoch: [6/23], Batch: 1380/2963, Loss: 79.812, Trans_L2_m: 0.615, Yaw_err_deg: 1.526
Epoch: [6/23], Batch: 1390/2963, Loss: 116.756, Trans_L2_m: 0.468, Yaw_err_deg: 2.498
Epoch: [6/23], Batch: 1400/2963, Loss: 113.326, Trans_L2_m: 0.649, Yaw_err_deg: 2.494
Epoch: [6/23], Batch: 1410/2963, Loss: 100.361, Trans_L2_m: 0.739, Yaw_err_deg: 1.866
Epoch: [6/23], Batch: 1420/2963, Loss: 225.618, Trans_L2_m: 0.518, Yaw_err_deg: 2.439
Epoch: [6/23], Batch: 1430/2963, Loss: 85.093, Trans_L2_m: 0.618, Yaw_err_deg: 1.902
Epoch: [6/23], Batch: 1440/2963, Loss: 102.904, Trans_L2_m: 0.468, Yaw_err_deg: 2.402
Epoch: [6/23], Batch: 1450/2963, Loss: 95.370, Trans_L2_m: 0.698, Yaw_err_deg: 1.965
Epoch: [6/23], Batch: 1460/2963, Loss: 107.736, Trans_L2_m: 0.739, Yaw_err_deg: 2.319
Epoch: [6/23], Batch: 1470/2963, Loss: 142.942, Trans_L2_m: 0.608, Yaw_err_deg: 3.414
Epoch: [6/23], Batch: 1480/2963, Loss: 103.612, Trans_L2_m: 0.640, Yaw_err_deg: 2.353
Epoch: [6/23], Batch: 1490/2963, Loss: 108.494, Trans_L2_m: 0.948, Yaw_err_deg: 2.289
Epoch: [6/23], Batch: 1500/2963, Loss: 89.474, Trans_L2_m: 0.643, Yaw_err_deg: 1.729
Epoch: [6/23], Batch: 1510/2963, Loss: 148.992, Trans_L2_m: 0.667, Yaw_err_deg: 3.009
Epoch: [6/23], Batch: 1520/2963, Loss: 106.574, Trans_L2_m: 0.587, Yaw_err_deg: 2.070
Epoch: [6/23], Batch: 1530/2963, Loss: 92.007, Trans_L2_m: 0.645, Yaw_err_deg: 1.711
Epoch: [6/23], Batch: 1540/2963, Loss: 125.712, Trans_L2_m: 0.920, Yaw_err_deg: 2.777
Epoch: [6/23], Batch: 1550/2963, Loss: 86.172, Trans_L2_m: 0.494, Yaw_err_deg: 2.024
Epoch: [6/23], Batch: 1560/2963, Loss: 93.538, Trans_L2_m: 0.536, Yaw_err_deg: 2.158
Epoch: [6/23], Batch: 1570/2963, Loss: 101.418, Trans_L2_m: 0.461, Yaw_err_deg: 1.901
Epoch: [6/23], Batch: 1580/2963, Loss: 227.695, Trans_L2_m: 0.482, Yaw_err_deg: 3.359
Epoch: [6/23], Batch: 1590/2963, Loss: 106.111, Trans_L2_m: 0.740, Yaw_err_deg: 2.241
Epoch: [6/23], Batch: 1600/2963, Loss: 113.149, Trans_L2_m: 0.520, Yaw_err_deg: 2.596
Epoch: [6/23], Batch: 1610/2963, Loss: 104.943, Trans_L2_m: 0.577, Yaw_err_deg: 2.515
Epoch: [6/23], Batch: 1620/2963, Loss: 92.620, Trans_L2_m: 0.546, Yaw_err_deg: 2.100
Epoch: [6/23], Batch: 1630/2963, Loss: 140.351, Trans_L2_m: 0.929, Yaw_err_deg: 2.579
Epoch: [6/23], Batch: 1640/2963, Loss: 176.335, Trans_L2_m: 0.574, Yaw_err_deg: 3.214
Epoch: [6/23], Batch: 1650/2963, Loss: 148.137, Trans_L2_m: 0.662, Yaw_err_deg: 3.042
Epoch: [6/23], Batch: 1660/2963, Loss: 109.516, Trans_L2_m: 0.593, Yaw_err_deg: 2.241
Epoch: [6/23], Batch: 1670/2963, Loss: 150.631, Trans_L2_m: 0.680, Yaw_err_deg: 3.028
Epoch: [6/23], Batch: 1680/2963, Loss: 139.382, Trans_L2_m: 0.539, Yaw_err_deg: 2.765
Epoch: [6/23], Batch: 1690/2963, Loss: 121.807, Trans_L2_m: 0.803, Yaw_err_deg: 2.403
Epoch: [6/23], Batch: 1700/2963, Loss: 111.943, Trans_L2_m: 0.741, Yaw_err_deg: 2.160
Epoch: [6/23], Batch: 1710/2963, Loss: 100.567, Trans_L2_m: 0.568, Yaw_err_deg: 2.275
Epoch: [6/23], Batch: 1720/2963, Loss: 76.999, Trans_L2_m: 0.618, Yaw_err_deg: 1.508
Epoch: [6/23], Batch: 1730/2963, Loss: 118.601, Trans_L2_m: 0.531, Yaw_err_deg: 2.213
Epoch: [6/23], Batch: 1740/2963, Loss: 91.838, Trans_L2_m: 0.579, Yaw_err_deg: 1.575
Epoch: [6/23], Batch: 1750/2963, Loss: 116.507, Trans_L2_m: 0.918, Yaw_err_deg: 2.118
Epoch: [6/23], Batch: 1760/2963, Loss: 129.777, Trans_L2_m: 0.605, Yaw_err_deg: 2.792
Epoch: [6/23], Batch: 1770/2963, Loss: 125.881, Trans_L2_m: 0.562, Yaw_err_deg: 2.228
Epoch: [6/23], Batch: 1780/2963, Loss: 89.901, Trans_L2_m: 0.549, Yaw_err_deg: 1.770
Epoch: [6/23], Batch: 1790/2963, Loss: 101.462, Trans_L2_m: 0.551, Yaw_err_deg: 2.282
Epoch: [6/23], Batch: 1800/2963, Loss: 92.049, Trans_L2_m: 0.569, Yaw_err_deg: 1.864
Epoch: [6/23], Batch: 1810/2963, Loss: 102.336, Trans_L2_m: 0.579, Yaw_err_deg: 1.805
Epoch: [6/23], Batch: 1820/2963, Loss: 200.407, Trans_L2_m: 0.769, Yaw_err_deg: 2.812
Epoch: [6/23], Batch: 1830/2963, Loss: 75.433, Trans_L2_m: 0.529, Yaw_err_deg: 1.360
Epoch: [6/23], Batch: 1840/2963, Loss: 147.191, Trans_L2_m: 0.764, Yaw_err_deg: 2.739
Epoch: [6/23], Batch: 1850/2963, Loss: 124.180, Trans_L2_m: 0.798, Yaw_err_deg: 2.163
Epoch: [6/23], Batch: 1860/2963, Loss: 184.171, Trans_L2_m: 0.614, Yaw_err_deg: 3.449
Epoch: [6/23], Batch: 1870/2963, Loss: 107.285, Trans_L2_m: 0.634, Yaw_err_deg: 2.242
Epoch: [6/23], Batch: 1880/2963, Loss: 86.191, Trans_L2_m: 0.485, Yaw_err_deg: 1.938
Epoch: [6/23], Batch: 1890/2963, Loss: 115.549, Trans_L2_m: 0.489, Yaw_err_deg: 2.717
Epoch: [6/23], Batch: 1900/2963, Loss: 231.166, Trans_L2_m: 0.497, Yaw_err_deg: 3.308
Epoch: [6/23], Batch: 1910/2963, Loss: 86.511, Trans_L2_m: 0.503, Yaw_err_deg: 1.674
Epoch: [6/23], Batch: 1920/2963, Loss: 282.892, Trans_L2_m: 0.539, Yaw_err_deg: 3.539
Epoch: [6/23], Batch: 1930/2963, Loss: 105.541, Trans_L2_m: 0.551, Yaw_err_deg: 2.244
Epoch: [6/23], Batch: 1940/2963, Loss: 85.402, Trans_L2_m: 0.464, Yaw_err_deg: 1.970
Epoch: [6/23], Batch: 1950/2963, Loss: 142.364, Trans_L2_m: 0.782, Yaw_err_deg: 2.206
Epoch: [6/23], Batch: 1960/2963, Loss: 192.142, Trans_L2_m: 0.849, Yaw_err_deg: 3.482
Epoch: [6/23], Batch: 1970/2963, Loss: 169.357, Trans_L2_m: 0.423, Yaw_err_deg: 2.676
Epoch: [6/23], Batch: 1980/2963, Loss: 371.467, Trans_L2_m: 0.606, Yaw_err_deg: 5.122
Epoch: [6/23], Batch: 1990/2963, Loss: 76.942, Trans_L2_m: 0.771, Yaw_err_deg: 1.586
Epoch: [6/23], Batch: 2000/2963, Loss: 101.657, Trans_L2_m: 0.658, Yaw_err_deg: 2.304
Epoch: [6/23], Batch: 2010/2963, Loss: 67.201, Trans_L2_m: 0.594, Yaw_err_deg: 1.129
Epoch: [6/23], Batch: 2020/2963, Loss: 182.700, Trans_L2_m: 0.679, Yaw_err_deg: 3.153
Epoch: [6/23], Batch: 2030/2963, Loss: 116.100, Trans_L2_m: 0.653, Yaw_err_deg: 2.235
Epoch: [6/23], Batch: 2040/2963, Loss: 85.950, Trans_L2_m: 0.547, Yaw_err_deg: 1.848
Epoch: [6/23], Batch: 2050/2963, Loss: 125.343, Trans_L2_m: 0.600, Yaw_err_deg: 2.327
Epoch: [6/23], Batch: 2060/2963, Loss: 89.997, Trans_L2_m: 0.515, Yaw_err_deg: 1.890
Epoch: [6/23], Batch: 2070/2963, Loss: 133.920, Trans_L2_m: 0.741, Yaw_err_deg: 2.658
Epoch: [6/23], Batch: 2080/2963, Loss: 112.881, Trans_L2_m: 0.374, Yaw_err_deg: 2.486
Epoch: [6/23], Batch: 2090/2963, Loss: 113.434, Trans_L2_m: 0.587, Yaw_err_deg: 2.367
Epoch: [6/23], Batch: 2100/2963, Loss: 118.215, Trans_L2_m: 0.605, Yaw_err_deg: 2.679
Epoch: [6/23], Batch: 2110/2963, Loss: 114.795, Trans_L2_m: 0.634, Yaw_err_deg: 2.138
Epoch: [6/23], Batch: 2120/2963, Loss: 95.734, Trans_L2_m: 0.707, Yaw_err_deg: 1.592
Epoch: [6/23], Batch: 2130/2963, Loss: 78.964, Trans_L2_m: 0.627, Yaw_err_deg: 1.322
Epoch: [6/23], Batch: 2140/2963, Loss: 113.914, Trans_L2_m: 0.709, Yaw_err_deg: 2.688
Epoch: [6/23], Batch: 2150/2963, Loss: 119.400, Trans_L2_m: 0.569, Yaw_err_deg: 2.447
Epoch: [6/23], Batch: 2160/2963, Loss: 114.586, Trans_L2_m: 0.719, Yaw_err_deg: 2.345
Epoch: [6/23], Batch: 2170/2963, Loss: 117.384, Trans_L2_m: 0.710, Yaw_err_deg: 2.725
Epoch: [6/23], Batch: 2180/2963, Loss: 132.953, Trans_L2_m: 0.612, Yaw_err_deg: 2.415
Epoch: [6/23], Batch: 2190/2963, Loss: 118.871, Trans_L2_m: 0.522, Yaw_err_deg: 2.908
Epoch: [6/23], Batch: 2200/2963, Loss: 165.481, Trans_L2_m: 0.490, Yaw_err_deg: 3.321
Epoch: [6/23], Batch: 2210/2963, Loss: 124.418, Trans_L2_m: 0.663, Yaw_err_deg: 2.534
Epoch: [6/23], Batch: 2220/2963, Loss: 89.288, Trans_L2_m: 0.525, Yaw_err_deg: 1.502
Epoch: [6/23], Batch: 2230/2963, Loss: 105.002, Trans_L2_m: 0.606, Yaw_err_deg: 2.360
Epoch: [6/23], Batch: 2240/2963, Loss: 112.783, Trans_L2_m: 0.632, Yaw_err_deg: 2.390
Epoch: [6/23], Batch: 2250/2963, Loss: 126.146, Trans_L2_m: 0.629, Yaw_err_deg: 2.863
Epoch: [6/23], Batch: 2260/2963, Loss: 147.024, Trans_L2_m: 0.522, Yaw_err_deg: 2.836
Epoch: [6/23], Batch: 2270/2963, Loss: 100.853, Trans_L2_m: 0.570, Yaw_err_deg: 2.377
Epoch: [6/23], Batch: 2280/2963, Loss: 155.728, Trans_L2_m: 0.681, Yaw_err_deg: 3.330
Epoch: [6/23], Batch: 2290/2963, Loss: 93.693, Trans_L2_m: 0.555, Yaw_err_deg: 2.204
Epoch: [6/23], Batch: 2300/2963, Loss: 97.264, Trans_L2_m: 0.525, Yaw_err_deg: 2.064
Epoch: [6/23], Batch: 2310/2963, Loss: 404.673, Trans_L2_m: 0.892, Yaw_err_deg: 3.045
Epoch: [6/23], Batch: 2320/2963, Loss: 81.686, Trans_L2_m: 0.511, Yaw_err_deg: 1.701
Epoch: [6/23], Batch: 2330/2963, Loss: 101.421, Trans_L2_m: 0.704, Yaw_err_deg: 2.224
Epoch: [6/23], Batch: 2340/2963, Loss: 81.604, Trans_L2_m: 0.602, Yaw_err_deg: 1.490
Epoch: [6/23], Batch: 2350/2963, Loss: 106.146, Trans_L2_m: 0.552, Yaw_err_deg: 2.173
Epoch: [6/23], Batch: 2360/2963, Loss: 124.542, Trans_L2_m: 0.420, Yaw_err_deg: 2.390
Epoch: [6/23], Batch: 2370/2963, Loss: 116.036, Trans_L2_m: 0.688, Yaw_err_deg: 2.491
Epoch: [6/23], Batch: 2380/2963, Loss: 94.560, Trans_L2_m: 0.899, Yaw_err_deg: 1.909
Epoch: [6/23], Batch: 2390/2963, Loss: 83.158, Trans_L2_m: 0.847, Yaw_err_deg: 1.706
Epoch: [6/23], Batch: 2400/2963, Loss: 108.461, Trans_L2_m: 0.558, Yaw_err_deg: 2.323
Epoch: [6/23], Batch: 2410/2963, Loss: 128.934, Trans_L2_m: 0.573, Yaw_err_deg: 2.167
Epoch: [6/23], Batch: 2420/2963, Loss: 95.356, Trans_L2_m: 0.681, Yaw_err_deg: 2.221
Epoch: [6/23], Batch: 2430/2963, Loss: 89.576, Trans_L2_m: 0.725, Yaw_err_deg: 1.798
Epoch: [6/23], Batch: 2440/2963, Loss: 106.976, Trans_L2_m: 0.523, Yaw_err_deg: 2.192
Epoch: [6/23], Batch: 2450/2963, Loss: 127.550, Trans_L2_m: 0.495, Yaw_err_deg: 2.559
Epoch: [6/23], Batch: 2460/2963, Loss: 111.652, Trans_L2_m: 0.588, Yaw_err_deg: 2.082
Epoch: [6/23], Batch: 2470/2963, Loss: 142.274, Trans_L2_m: 0.630, Yaw_err_deg: 2.080
Epoch: [6/23], Batch: 2480/2963, Loss: 173.141, Trans_L2_m: 0.603, Yaw_err_deg: 2.796
Epoch: [6/23], Batch: 2490/2963, Loss: 91.334, Trans_L2_m: 0.618, Yaw_err_deg: 2.034
Epoch: [6/23], Batch: 2500/2963, Loss: 79.719, Trans_L2_m: 0.511, Yaw_err_deg: 1.119
Epoch: [6/23], Batch: 2510/2963, Loss: 235.675, Trans_L2_m: 0.539, Yaw_err_deg: 3.492
Epoch: [6/23], Batch: 2520/2963, Loss: 105.194, Trans_L2_m: 0.643, Yaw_err_deg: 1.915
Epoch: [6/23], Batch: 2530/2963, Loss: 94.312, Trans_L2_m: 0.608, Yaw_err_deg: 1.920
Epoch: [6/23], Batch: 2540/2963, Loss: 103.482, Trans_L2_m: 0.643, Yaw_err_deg: 2.149
Epoch: [6/23], Batch: 2550/2963, Loss: 106.431, Trans_L2_m: 0.487, Yaw_err_deg: 1.380
Epoch: [6/23], Batch: 2560/2963, Loss: 85.222, Trans_L2_m: 0.594, Yaw_err_deg: 1.574
Epoch: [6/23], Batch: 2570/2963, Loss: 95.408, Trans_L2_m: 0.618, Yaw_err_deg: 1.831
Epoch: [6/23], Batch: 2580/2963, Loss: 97.771, Trans_L2_m: 0.510, Yaw_err_deg: 2.065
Epoch: [6/23], Batch: 2590/2963, Loss: 137.010, Trans_L2_m: 0.685, Yaw_err_deg: 2.881
Epoch: [6/23], Batch: 2600/2963, Loss: 71.371, Trans_L2_m: 0.555, Yaw_err_deg: 1.609
Epoch: [6/23], Batch: 2610/2963, Loss: 110.932, Trans_L2_m: 0.885, Yaw_err_deg: 2.023
Epoch: [6/23], Batch: 2620/2963, Loss: 80.980, Trans_L2_m: 0.542, Yaw_err_deg: 1.672
Epoch: [6/23], Batch: 2630/2963, Loss: 79.847, Trans_L2_m: 0.712, Yaw_err_deg: 1.198
Epoch: [6/23], Batch: 2640/2963, Loss: 83.290, Trans_L2_m: 0.687, Yaw_err_deg: 1.657
Epoch: [6/23], Batch: 2650/2963, Loss: 89.952, Trans_L2_m: 0.562, Yaw_err_deg: 2.259
Epoch: [6/23], Batch: 2660/2963, Loss: 204.200, Trans_L2_m: 0.417, Yaw_err_deg: 2.394
Epoch: [6/23], Batch: 2670/2963, Loss: 87.265, Trans_L2_m: 0.620, Yaw_err_deg: 1.794
Epoch: [6/23], Batch: 2680/2963, Loss: 71.408, Trans_L2_m: 0.662, Yaw_err_deg: 1.183
Epoch: [6/23], Batch: 2690/2963, Loss: 85.074, Trans_L2_m: 0.529, Yaw_err_deg: 2.093
Epoch: [6/23], Batch: 2700/2963, Loss: 66.980, Trans_L2_m: 0.523, Yaw_err_deg: 1.531
Epoch: [6/23], Batch: 2710/2963, Loss: 144.328, Trans_L2_m: 0.607, Yaw_err_deg: 3.111
Epoch: [6/23], Batch: 2720/2963, Loss: 151.666, Trans_L2_m: 0.993, Yaw_err_deg: 3.013
Epoch: [6/23], Batch: 2730/2963, Loss: 93.359, Trans_L2_m: 0.499, Yaw_err_deg: 1.934
Epoch: [6/23], Batch: 2740/2963, Loss: 294.770, Trans_L2_m: 0.686, Yaw_err_deg: 4.069
Epoch: [6/23], Batch: 2750/2963, Loss: 132.250, Trans_L2_m: 0.469, Yaw_err_deg: 2.298
Epoch: [6/23], Batch: 2760/2963, Loss: 156.791, Trans_L2_m: 0.571, Yaw_err_deg: 2.808
Epoch: [6/23], Batch: 2770/2963, Loss: 122.512, Trans_L2_m: 0.504, Yaw_err_deg: 2.765
Epoch: [6/23], Batch: 2780/2963, Loss: 148.241, Trans_L2_m: 0.540, Yaw_err_deg: 2.857
Epoch: [6/23], Batch: 2790/2963, Loss: 167.223, Trans_L2_m: 0.806, Yaw_err_deg: 3.362
Epoch: [6/23], Batch: 2800/2963, Loss: 107.349, Trans_L2_m: 0.787, Yaw_err_deg: 2.085
Epoch: [6/23], Batch: 2810/2963, Loss: 142.940, Trans_L2_m: 0.601, Yaw_err_deg: 3.280
Epoch: [6/23], Batch: 2820/2963, Loss: 124.154, Trans_L2_m: 0.787, Yaw_err_deg: 2.543
Epoch: [6/23], Batch: 2830/2963, Loss: 168.978, Trans_L2_m: 0.610, Yaw_err_deg: 2.975
Epoch: [6/23], Batch: 2840/2963, Loss: 100.638, Trans_L2_m: 0.420, Yaw_err_deg: 2.425
Epoch: [6/23], Batch: 2850/2963, Loss: 102.847, Trans_L2_m: 0.516, Yaw_err_deg: 2.684
Epoch: [6/23], Batch: 2860/2963, Loss: 252.268, Trans_L2_m: 0.814, Yaw_err_deg: 2.727
Epoch: [6/23], Batch: 2870/2963, Loss: 152.921, Trans_L2_m: 0.597, Yaw_err_deg: 2.617
Epoch: [6/23], Batch: 2880/2963, Loss: 107.377, Trans_L2_m: 0.594, Yaw_err_deg: 2.587
Epoch: [6/23], Batch: 2890/2963, Loss: 174.385, Trans_L2_m: 0.631, Yaw_err_deg: 2.988
Epoch: [6/23], Batch: 2900/2963, Loss: 105.107, Trans_L2_m: 0.614, Yaw_err_deg: 1.855
Epoch: [6/23], Batch: 2910/2963, Loss: 109.109, Trans_L2_m: 0.769, Yaw_err_deg: 2.175
Epoch: [6/23], Batch: 2920/2963, Loss: 132.905, Trans_L2_m: 0.974, Yaw_err_deg: 2.728
Epoch: [6/23], Batch: 2930/2963, Loss: 68.410, Trans_L2_m: 0.405, Yaw_err_deg: 1.443
Epoch: [6/23], Batch: 2940/2963, Loss: 94.395, Trans_L2_m: 0.538, Yaw_err_deg: 1.889
Epoch: [6/23], Batch: 2950/2963, Loss: 98.591, Trans_L2_m: 0.522, Yaw_err_deg: 1.733
Epoch: [6/23], Batch: 2960/2963, Loss: 194.658, Trans_L2_m: 0.678, Yaw_err_deg: 3.194
Epoch: [7/23], Batch: 0/2963, Loss: 99.424, Trans_L2_m: 0.695, Yaw_err_deg: 2.097
Epoch: [7/23], Batch: 10/2963, Loss: 93.539, Trans_L2_m: 0.575, Yaw_err_deg: 2.214
Epoch: [7/23], Batch: 20/2963, Loss: 77.521, Trans_L2_m: 0.661, Yaw_err_deg: 1.720
Epoch: [7/23], Batch: 30/2963, Loss: 84.567, Trans_L2_m: 0.733, Yaw_err_deg: 1.574
Epoch: [7/23], Batch: 40/2963, Loss: 101.043, Trans_L2_m: 0.828, Yaw_err_deg: 1.662
Epoch: [7/23], Batch: 50/2963, Loss: 112.383, Trans_L2_m: 0.762, Yaw_err_deg: 2.254
Epoch: [7/23], Batch: 60/2963, Loss: 66.095, Trans_L2_m: 0.496, Yaw_err_deg: 1.109
Epoch: [7/23], Batch: 70/2963, Loss: 135.927, Trans_L2_m: 0.538, Yaw_err_deg: 2.975
Epoch: [7/23], Batch: 80/2963, Loss: 107.110, Trans_L2_m: 0.662, Yaw_err_deg: 1.997
Epoch: [7/23], Batch: 90/2963, Loss: 102.455, Trans_L2_m: 0.841, Yaw_err_deg: 1.948
Epoch: [7/23], Batch: 100/2963, Loss: 88.016, Trans_L2_m: 0.634, Yaw_err_deg: 1.795
Epoch: [7/23], Batch: 110/2963, Loss: 102.939, Trans_L2_m: 0.638, Yaw_err_deg: 2.238
Epoch: [7/23], Batch: 120/2963, Loss: 76.090, Trans_L2_m: 0.620, Yaw_err_deg: 1.652
Epoch: [7/23], Batch: 130/2963, Loss: 81.094, Trans_L2_m: 0.572, Yaw_err_deg: 1.265
Epoch: [7/23], Batch: 140/2963, Loss: 140.120, Trans_L2_m: 0.547, Yaw_err_deg: 2.968
Epoch: [7/23], Batch: 150/2963, Loss: 111.421, Trans_L2_m: 0.510, Yaw_err_deg: 2.582
Epoch: [7/23], Batch: 160/2963, Loss: 132.491, Trans_L2_m: 0.580, Yaw_err_deg: 2.887
Epoch: [7/23], Batch: 170/2963, Loss: 145.776, Trans_L2_m: 0.526, Yaw_err_deg: 3.287
Epoch: [7/23], Batch: 180/2963, Loss: 142.007, Trans_L2_m: 0.704, Yaw_err_deg: 2.885
Epoch: [7/23], Batch: 190/2963, Loss: 84.479, Trans_L2_m: 0.789, Yaw_err_deg: 1.763
Epoch: [7/23], Batch: 200/2963, Loss: 131.129, Trans_L2_m: 0.644, Yaw_err_deg: 2.669
Epoch: [7/23], Batch: 210/2963, Loss: 80.602, Trans_L2_m: 0.565, Yaw_err_deg: 1.530
Epoch: [7/23], Batch: 220/2963, Loss: 104.453, Trans_L2_m: 0.972, Yaw_err_deg: 1.942
Epoch: [7/23], Batch: 230/2963, Loss: 102.552, Trans_L2_m: 0.615, Yaw_err_deg: 1.739
Epoch: [7/23], Batch: 240/2963, Loss: 138.010, Trans_L2_m: 0.574, Yaw_err_deg: 2.598
Epoch: [7/23], Batch: 250/2963, Loss: 102.387, Trans_L2_m: 0.569, Yaw_err_deg: 2.142
Epoch: [7/23], Batch: 260/2963, Loss: 92.974, Trans_L2_m: 0.645, Yaw_err_deg: 1.931
Epoch: [7/23], Batch: 270/2963, Loss: 83.793, Trans_L2_m: 0.512, Yaw_err_deg: 2.109
Epoch: [7/23], Batch: 280/2963, Loss: 64.010, Trans_L2_m: 0.700, Yaw_err_deg: 1.077
Epoch: [7/23], Batch: 290/2963, Loss: 122.997, Trans_L2_m: 0.499, Yaw_err_deg: 1.398
Epoch: [7/23], Batch: 300/2963, Loss: 86.308, Trans_L2_m: 0.498, Yaw_err_deg: 2.332
Epoch: [7/23], Batch: 310/2963, Loss: 104.576, Trans_L2_m: 0.596, Yaw_err_deg: 2.424
Epoch: [7/23], Batch: 320/2963, Loss: 150.671, Trans_L2_m: 0.785, Yaw_err_deg: 3.021
Epoch: [7/23], Batch: 330/2963, Loss: 98.753, Trans_L2_m: 0.688, Yaw_err_deg: 2.105
Epoch: [7/23], Batch: 340/2963, Loss: 131.738, Trans_L2_m: 0.670, Yaw_err_deg: 2.327
Epoch: [7/23], Batch: 350/2963, Loss: 83.511, Trans_L2_m: 0.575, Yaw_err_deg: 1.782
Epoch: [7/23], Batch: 360/2963, Loss: 90.786, Trans_L2_m: 0.666, Yaw_err_deg: 1.780
Epoch: [7/23], Batch: 370/2963, Loss: 86.403, Trans_L2_m: 0.731, Yaw_err_deg: 1.541
Epoch: [7/23], Batch: 380/2963, Loss: 85.478, Trans_L2_m: 0.556, Yaw_err_deg: 1.995
Epoch: [7/23], Batch: 390/2963, Loss: 70.240, Trans_L2_m: 0.544, Yaw_err_deg: 1.377
Epoch: [7/23], Batch: 400/2963, Loss: 134.108, Trans_L2_m: 0.424, Yaw_err_deg: 3.121
Epoch: [7/23], Batch: 410/2963, Loss: 95.296, Trans_L2_m: 0.903, Yaw_err_deg: 1.679
Epoch: [7/23], Batch: 420/2963, Loss: 146.227, Trans_L2_m: 0.531, Yaw_err_deg: 3.103
Epoch: [7/23], Batch: 430/2963, Loss: 150.864, Trans_L2_m: 0.441, Yaw_err_deg: 3.171
Epoch: [7/23], Batch: 440/2963, Loss: 98.697, Trans_L2_m: 0.472, Yaw_err_deg: 1.737
Epoch: [7/23], Batch: 450/2963, Loss: 64.070, Trans_L2_m: 0.615, Yaw_err_deg: 1.258
Epoch: [7/23], Batch: 460/2963, Loss: 180.955, Trans_L2_m: 0.598, Yaw_err_deg: 3.089
Epoch: [7/23], Batch: 470/2963, Loss: 134.507, Trans_L2_m: 0.540, Yaw_err_deg: 2.571
Epoch: [7/23], Batch: 480/2963, Loss: 125.622, Trans_L2_m: 0.757, Yaw_err_deg: 1.493
Epoch: [7/23], Batch: 490/2963, Loss: 139.251, Trans_L2_m: 0.506, Yaw_err_deg: 2.360
Epoch: [7/23], Batch: 500/2963, Loss: 129.944, Trans_L2_m: 0.768, Yaw_err_deg: 2.456
Epoch: [7/23], Batch: 510/2963, Loss: 82.864, Trans_L2_m: 0.587, Yaw_err_deg: 1.870
Epoch: [7/23], Batch: 520/2963, Loss: 101.506, Trans_L2_m: 0.492, Yaw_err_deg: 2.280
Epoch: [7/23], Batch: 530/2963, Loss: 91.979, Trans_L2_m: 0.624, Yaw_err_deg: 1.834
Epoch: [7/23], Batch: 540/2963, Loss: 91.350, Trans_L2_m: 0.614, Yaw_err_deg: 1.930
Epoch: [7/23], Batch: 550/2963, Loss: 107.070, Trans_L2_m: 0.703, Yaw_err_deg: 2.032
Epoch: [7/23], Batch: 560/2963, Loss: 76.410, Trans_L2_m: 0.729, Yaw_err_deg: 1.409
Epoch: [7/23], Batch: 570/2963, Loss: 129.611, Trans_L2_m: 0.523, Yaw_err_deg: 2.484
Epoch: [7/23], Batch: 580/2963, Loss: 136.093, Trans_L2_m: 0.704, Yaw_err_deg: 2.422
Epoch: [7/23], Batch: 590/2963, Loss: 87.533, Trans_L2_m: 0.600, Yaw_err_deg: 1.620
Epoch: [7/23], Batch: 600/2963, Loss: 112.907, Trans_L2_m: 0.629, Yaw_err_deg: 2.078
Epoch: [7/23], Batch: 610/2963, Loss: 92.896, Trans_L2_m: 0.480, Yaw_err_deg: 1.969
Epoch: [7/23], Batch: 620/2963, Loss: 110.707, Trans_L2_m: 0.783, Yaw_err_deg: 2.120
Epoch: [7/23], Batch: 630/2963, Loss: 69.788, Trans_L2_m: 0.638, Yaw_err_deg: 1.462
Epoch: [7/23], Batch: 640/2963, Loss: 170.847, Trans_L2_m: 0.599, Yaw_err_deg: 2.000
Epoch: [7/23], Batch: 650/2963, Loss: 95.636, Trans_L2_m: 0.535, Yaw_err_deg: 2.100
Epoch: [7/23], Batch: 660/2963, Loss: 150.318, Trans_L2_m: 0.678, Yaw_err_deg: 2.610
Epoch: [7/23], Batch: 670/2963, Loss: 106.708, Trans_L2_m: 0.640, Yaw_err_deg: 1.888
Epoch: [7/23], Batch: 680/2963, Loss: 88.304, Trans_L2_m: 0.536, Yaw_err_deg: 2.026
Epoch: [7/23], Batch: 690/2963, Loss: 129.068, Trans_L2_m: 0.425, Yaw_err_deg: 2.834
Epoch: [7/23], Batch: 700/2963, Loss: 118.867, Trans_L2_m: 0.564, Yaw_err_deg: 2.859
Epoch: [7/23], Batch: 710/2963, Loss: 169.800, Trans_L2_m: 0.460, Yaw_err_deg: 3.201
Epoch: [7/23], Batch: 720/2963, Loss: 89.280, Trans_L2_m: 0.743, Yaw_err_deg: 1.906
Epoch: [7/23], Batch: 730/2963, Loss: 352.326, Trans_L2_m: 0.740, Yaw_err_deg: 4.995
Epoch: [7/23], Batch: 740/2963, Loss: 153.309, Trans_L2_m: 0.542, Yaw_err_deg: 2.847
Epoch: [7/23], Batch: 750/2963, Loss: 86.901, Trans_L2_m: 0.536, Yaw_err_deg: 1.863
Epoch: [7/23], Batch: 760/2963, Loss: 83.484, Trans_L2_m: 0.571, Yaw_err_deg: 1.956
Epoch: [7/23], Batch: 770/2963, Loss: 132.845, Trans_L2_m: 0.581, Yaw_err_deg: 2.426
Epoch: [7/23], Batch: 780/2963, Loss: 90.381, Trans_L2_m: 0.649, Yaw_err_deg: 1.853
Epoch: [7/23], Batch: 790/2963, Loss: 90.308, Trans_L2_m: 0.563, Yaw_err_deg: 1.840
Epoch: [7/23], Batch: 800/2963, Loss: 186.329, Trans_L2_m: 0.458, Yaw_err_deg: 2.172
Epoch: [7/23], Batch: 810/2963, Loss: 112.689, Trans_L2_m: 0.763, Yaw_err_deg: 2.488
Epoch: [7/23], Batch: 820/2963, Loss: 91.092, Trans_L2_m: 0.551, Yaw_err_deg: 2.084
Epoch: [7/23], Batch: 830/2963, Loss: 116.625, Trans_L2_m: 0.643, Yaw_err_deg: 2.598
Epoch: [7/23], Batch: 840/2963, Loss: 128.830, Trans_L2_m: 0.527, Yaw_err_deg: 2.146
Epoch: [7/23], Batch: 850/2963, Loss: 83.046, Trans_L2_m: 0.600, Yaw_err_deg: 1.756
Epoch: [7/23], Batch: 860/2963, Loss: 88.361, Trans_L2_m: 0.609, Yaw_err_deg: 1.933
Epoch: [7/23], Batch: 870/2963, Loss: 145.291, Trans_L2_m: 0.585, Yaw_err_deg: 2.816
Epoch: [7/23], Batch: 880/2963, Loss: 115.581, Trans_L2_m: 0.692, Yaw_err_deg: 2.589
Epoch: [7/23], Batch: 890/2963, Loss: 104.396, Trans_L2_m: 0.716, Yaw_err_deg: 1.806
Epoch: [7/23], Batch: 900/2963, Loss: 97.557, Trans_L2_m: 0.434, Yaw_err_deg: 2.221
Epoch: [7/23], Batch: 910/2963, Loss: 73.182, Trans_L2_m: 0.671, Yaw_err_deg: 1.492
Epoch: [7/23], Batch: 920/2963, Loss: 111.229, Trans_L2_m: 0.528, Yaw_err_deg: 2.594
Epoch: [7/23], Batch: 930/2963, Loss: 92.001, Trans_L2_m: 0.626, Yaw_err_deg: 2.211
Epoch: [7/23], Batch: 940/2963, Loss: 88.068, Trans_L2_m: 0.609, Yaw_err_deg: 1.720
Epoch: [7/23], Batch: 950/2963, Loss: 66.698, Trans_L2_m: 0.503, Yaw_err_deg: 1.113
Epoch: [7/23], Batch: 960/2963, Loss: 88.328, Trans_L2_m: 0.461, Yaw_err_deg: 1.989
Epoch: [7/23], Batch: 970/2963, Loss: 109.177, Trans_L2_m: 0.609, Yaw_err_deg: 2.456
Epoch: [7/23], Batch: 980/2963, Loss: 99.050, Trans_L2_m: 0.435, Yaw_err_deg: 2.234
Epoch: [7/23], Batch: 990/2963, Loss: 92.766, Trans_L2_m: 0.526, Yaw_err_deg: 2.152
Epoch: [7/23], Batch: 1000/2963, Loss: 100.210, Trans_L2_m: 0.581, Yaw_err_deg: 2.153
Epoch: [7/23], Batch: 1010/2963, Loss: 94.013, Trans_L2_m: 0.634, Yaw_err_deg: 1.722
Epoch: [7/23], Batch: 1020/2963, Loss: 70.162, Trans_L2_m: 0.527, Yaw_err_deg: 1.607
Epoch: [7/23], Batch: 1030/2963, Loss: 235.931, Trans_L2_m: 0.647, Yaw_err_deg: 3.229
Epoch: [7/23], Batch: 1040/2963, Loss: 98.112, Trans_L2_m: 0.624, Yaw_err_deg: 2.007
Epoch: [7/23], Batch: 1050/2963, Loss: 146.468, Trans_L2_m: 0.621, Yaw_err_deg: 2.399
Epoch: [7/23], Batch: 1060/2963, Loss: 101.618, Trans_L2_m: 0.662, Yaw_err_deg: 2.108
Epoch: [7/23], Batch: 1070/2963, Loss: 143.576, Trans_L2_m: 0.539, Yaw_err_deg: 3.200
Epoch: [7/23], Batch: 1080/2963, Loss: 138.245, Trans_L2_m: 0.578, Yaw_err_deg: 2.804
Epoch: [7/23], Batch: 1090/2963, Loss: 81.641, Trans_L2_m: 0.547, Yaw_err_deg: 1.523
Epoch: [7/23], Batch: 1100/2963, Loss: 119.048, Trans_L2_m: 0.442, Yaw_err_deg: 2.546
Epoch: [7/23], Batch: 1110/2963, Loss: 125.453, Trans_L2_m: 0.639, Yaw_err_deg: 2.676
Epoch: [7/23], Batch: 1120/2963, Loss: 80.892, Trans_L2_m: 0.699, Yaw_err_deg: 1.570
Epoch: [7/23], Batch: 1130/2963, Loss: 85.581, Trans_L2_m: 0.471, Yaw_err_deg: 2.003
Epoch: [7/23], Batch: 1140/2963, Loss: 103.960, Trans_L2_m: 0.647, Yaw_err_deg: 2.295
Epoch: [7/23], Batch: 1150/2963, Loss: 121.486, Trans_L2_m: 0.515, Yaw_err_deg: 2.542
Epoch: [7/23], Batch: 1160/2963, Loss: 85.769, Trans_L2_m: 0.811, Yaw_err_deg: 1.716
Epoch: [7/23], Batch: 1170/2963, Loss: 142.870, Trans_L2_m: 0.493, Yaw_err_deg: 3.626
Epoch: [7/23], Batch: 1180/2963, Loss: 76.729, Trans_L2_m: 0.505, Yaw_err_deg: 1.779
Epoch: [7/23], Batch: 1190/2963, Loss: 107.543, Trans_L2_m: 0.545, Yaw_err_deg: 2.212
Epoch: [7/23], Batch: 1200/2963, Loss: 100.915, Trans_L2_m: 0.477, Yaw_err_deg: 2.088
Epoch: [7/23], Batch: 1210/2963, Loss: 122.107, Trans_L2_m: 0.601, Yaw_err_deg: 2.387
Epoch: [7/23], Batch: 1220/2963, Loss: 95.721, Trans_L2_m: 0.670, Yaw_err_deg: 2.308
Epoch: [7/23], Batch: 1230/2963, Loss: 92.546, Trans_L2_m: 0.531, Yaw_err_deg: 1.869
Epoch: [7/23], Batch: 1240/2963, Loss: 105.285, Trans_L2_m: 0.679, Yaw_err_deg: 1.966
Epoch: [7/23], Batch: 1250/2963, Loss: 96.068, Trans_L2_m: 0.572, Yaw_err_deg: 1.782
Epoch: [7/23], Batch: 1260/2963, Loss: 103.954, Trans_L2_m: 0.652, Yaw_err_deg: 2.059
Epoch: [7/23], Batch: 1270/2963, Loss: 86.892, Trans_L2_m: 0.640, Yaw_err_deg: 1.969
Epoch: [7/23], Batch: 1280/2963, Loss: 183.938, Trans_L2_m: 0.527, Yaw_err_deg: 2.792
Epoch: [7/23], Batch: 1290/2963, Loss: 108.673, Trans_L2_m: 0.750, Yaw_err_deg: 2.338
Epoch: [7/23], Batch: 1300/2963, Loss: 159.624, Trans_L2_m: 0.632, Yaw_err_deg: 2.204
Epoch: [7/23], Batch: 1310/2963, Loss: 154.996, Trans_L2_m: 0.587, Yaw_err_deg: 3.223
Epoch: [7/23], Batch: 1320/2963, Loss: 87.173, Trans_L2_m: 0.558, Yaw_err_deg: 1.709
Epoch: [7/23], Batch: 1330/2963, Loss: 95.927, Trans_L2_m: 0.700, Yaw_err_deg: 1.866
Epoch: [7/23], Batch: 1340/2963, Loss: 88.246, Trans_L2_m: 0.646, Yaw_err_deg: 2.141
Epoch: [7/23], Batch: 1350/2963, Loss: 99.538, Trans_L2_m: 0.592, Yaw_err_deg: 1.967
Epoch: [7/23], Batch: 1360/2963, Loss: 112.217, Trans_L2_m: 0.907, Yaw_err_deg: 2.498
Epoch: [7/23], Batch: 1370/2963, Loss: 225.365, Trans_L2_m: 0.564, Yaw_err_deg: 3.147
Epoch: [7/23], Batch: 1380/2963, Loss: 60.035, Trans_L2_m: 0.665, Yaw_err_deg: 1.079
Epoch: [7/23], Batch: 1390/2963, Loss: 131.706, Trans_L2_m: 0.606, Yaw_err_deg: 2.911
Epoch: [7/23], Batch: 1400/2963, Loss: 77.085, Trans_L2_m: 0.528, Yaw_err_deg: 1.612
Epoch: [7/23], Batch: 1410/2963, Loss: 88.506, Trans_L2_m: 0.493, Yaw_err_deg: 1.896
Epoch: [7/23], Batch: 1420/2963, Loss: 138.962, Trans_L2_m: 0.588, Yaw_err_deg: 2.866
Epoch: [7/23], Batch: 1430/2963, Loss: 81.519, Trans_L2_m: 0.514, Yaw_err_deg: 1.646
Epoch: [7/23], Batch: 1440/2963, Loss: 82.344, Trans_L2_m: 0.521, Yaw_err_deg: 1.674
Epoch: [7/23], Batch: 1450/2963, Loss: 126.741, Trans_L2_m: 0.349, Yaw_err_deg: 1.931
Epoch: [7/23], Batch: 1460/2963, Loss: 109.977, Trans_L2_m: 0.600, Yaw_err_deg: 2.003
Epoch: [7/23], Batch: 1470/2963, Loss: 87.747, Trans_L2_m: 0.752, Yaw_err_deg: 1.571
Epoch: [7/23], Batch: 1480/2963, Loss: 219.650, Trans_L2_m: 0.620, Yaw_err_deg: 2.909
Epoch: [7/23], Batch: 1490/2963, Loss: 69.875, Trans_L2_m: 0.594, Yaw_err_deg: 1.238
Epoch: [7/23], Batch: 1500/2963, Loss: 90.726, Trans_L2_m: 0.669, Yaw_err_deg: 1.929
Epoch: [7/23], Batch: 1510/2963, Loss: 102.470, Trans_L2_m: 0.630, Yaw_err_deg: 2.322
Epoch: [7/23], Batch: 1520/2963, Loss: 103.694, Trans_L2_m: 0.618, Yaw_err_deg: 1.860
Epoch: [7/23], Batch: 1530/2963, Loss: 75.376, Trans_L2_m: 0.559, Yaw_err_deg: 1.449
Epoch: [7/23], Batch: 1540/2963, Loss: 84.817, Trans_L2_m: 0.503, Yaw_err_deg: 1.780
Epoch: [7/23], Batch: 1550/2963, Loss: 101.037, Trans_L2_m: 0.471, Yaw_err_deg: 2.318
Epoch: [7/23], Batch: 1560/2963, Loss: 77.635, Trans_L2_m: 0.564, Yaw_err_deg: 1.368
Epoch: [7/23], Batch: 1570/2963, Loss: 86.893, Trans_L2_m: 0.458, Yaw_err_deg: 1.973
Epoch: [7/23], Batch: 1580/2963, Loss: 75.384, Trans_L2_m: 0.584, Yaw_err_deg: 1.555
Epoch: [7/23], Batch: 1590/2963, Loss: 114.752, Trans_L2_m: 0.584, Yaw_err_deg: 2.525
Epoch: [7/23], Batch: 1600/2963, Loss: 103.948, Trans_L2_m: 0.733, Yaw_err_deg: 2.363
Epoch: [7/23], Batch: 1610/2963, Loss: 160.869, Trans_L2_m: 0.571, Yaw_err_deg: 2.133
Epoch: [7/23], Batch: 1620/2963, Loss: 100.720, Trans_L2_m: 0.533, Yaw_err_deg: 2.332
Epoch: [7/23], Batch: 1630/2963, Loss: 98.547, Trans_L2_m: 0.713, Yaw_err_deg: 1.940
Epoch: [7/23], Batch: 1640/2963, Loss: 220.441, Trans_L2_m: 0.566, Yaw_err_deg: 3.406
Epoch: [7/23], Batch: 1650/2963, Loss: 80.969, Trans_L2_m: 0.496, Yaw_err_deg: 1.928
Epoch: [7/23], Batch: 1660/2963, Loss: 83.447, Trans_L2_m: 0.648, Yaw_err_deg: 1.681
Epoch: [7/23], Batch: 1670/2963, Loss: 98.266, Trans_L2_m: 0.599, Yaw_err_deg: 2.319
Epoch: [7/23], Batch: 1680/2963, Loss: 114.030, Trans_L2_m: 0.629, Yaw_err_deg: 2.184
Epoch: [7/23], Batch: 1690/2963, Loss: 151.717, Trans_L2_m: 0.444, Yaw_err_deg: 3.096
Epoch: [7/23], Batch: 1700/2963, Loss: 98.397, Trans_L2_m: 0.609, Yaw_err_deg: 2.047
Epoch: [7/23], Batch: 1710/2963, Loss: 133.787, Trans_L2_m: 0.715, Yaw_err_deg: 2.575
Epoch: [7/23], Batch: 1720/2963, Loss: 102.939, Trans_L2_m: 0.652, Yaw_err_deg: 1.627
Epoch: [7/23], Batch: 1730/2963, Loss: 121.138, Trans_L2_m: 0.595, Yaw_err_deg: 2.352
Epoch: [7/23], Batch: 1740/2963, Loss: 72.791, Trans_L2_m: 0.580, Yaw_err_deg: 1.418
Epoch: [7/23], Batch: 1750/2963, Loss: 84.445, Trans_L2_m: 0.377, Yaw_err_deg: 2.176
Epoch: [7/23], Batch: 1760/2963, Loss: 84.846, Trans_L2_m: 0.527, Yaw_err_deg: 1.776
Epoch: [7/23], Batch: 1770/2963, Loss: 72.448, Trans_L2_m: 0.635, Yaw_err_deg: 1.342
Epoch: [7/23], Batch: 1780/2963, Loss: 59.862, Trans_L2_m: 0.554, Yaw_err_deg: 1.054
Epoch: [7/23], Batch: 1790/2963, Loss: 88.684, Trans_L2_m: 0.533, Yaw_err_deg: 1.859
Epoch: [7/23], Batch: 1800/2963, Loss: 88.809, Trans_L2_m: 0.634, Yaw_err_deg: 2.061
Epoch: [7/23], Batch: 1810/2963, Loss: 90.256, Trans_L2_m: 0.571, Yaw_err_deg: 2.100
Epoch: [7/23], Batch: 1820/2963, Loss: 141.446, Trans_L2_m: 0.531, Yaw_err_deg: 3.144
Epoch: [7/23], Batch: 1830/2963, Loss: 96.000, Trans_L2_m: 0.594, Yaw_err_deg: 2.309
Epoch: [7/23], Batch: 1840/2963, Loss: 113.119, Trans_L2_m: 0.450, Yaw_err_deg: 2.300
Epoch: [7/23], Batch: 1850/2963, Loss: 114.539, Trans_L2_m: 0.619, Yaw_err_deg: 2.222
Epoch: [7/23], Batch: 1860/2963, Loss: 78.667, Trans_L2_m: 0.454, Yaw_err_deg: 1.224
Epoch: [7/23], Batch: 1870/2963, Loss: 81.128, Trans_L2_m: 0.614, Yaw_err_deg: 1.476
Epoch: [7/23], Batch: 1880/2963, Loss: 76.424, Trans_L2_m: 0.550, Yaw_err_deg: 1.351
Epoch: [7/23], Batch: 1890/2963, Loss: 79.332, Trans_L2_m: 0.579, Yaw_err_deg: 1.456
Epoch: [7/23], Batch: 1900/2963, Loss: 95.754, Trans_L2_m: 0.750, Yaw_err_deg: 1.825
Epoch: [7/23], Batch: 1910/2963, Loss: 90.902, Trans_L2_m: 0.621, Yaw_err_deg: 1.696
Epoch: [7/23], Batch: 1920/2963, Loss: 101.404, Trans_L2_m: 0.422, Yaw_err_deg: 1.877
Epoch: [7/23], Batch: 1930/2963, Loss: 82.320, Trans_L2_m: 0.601, Yaw_err_deg: 1.532
Epoch: [7/23], Batch: 1940/2963, Loss: 85.797, Trans_L2_m: 0.514, Yaw_err_deg: 1.867
Epoch: [7/23], Batch: 1950/2963, Loss: 77.612, Trans_L2_m: 0.482, Yaw_err_deg: 1.725
Epoch: [7/23], Batch: 1960/2963, Loss: 109.495, Trans_L2_m: 0.623, Yaw_err_deg: 2.004
Epoch: [7/23], Batch: 1970/2963, Loss: 79.787, Trans_L2_m: 0.614, Yaw_err_deg: 1.618
Epoch: [7/23], Batch: 1980/2963, Loss: 104.737, Trans_L2_m: 0.679, Yaw_err_deg: 2.117
Epoch: [7/23], Batch: 1990/2963, Loss: 64.932, Trans_L2_m: 0.474, Yaw_err_deg: 1.224
Epoch: [7/23], Batch: 2000/2963, Loss: 66.608, Trans_L2_m: 0.533, Yaw_err_deg: 1.127
Epoch: [7/23], Batch: 2010/2963, Loss: 95.531, Trans_L2_m: 0.673, Yaw_err_deg: 2.104
Epoch: [7/23], Batch: 2020/2963, Loss: 66.276, Trans_L2_m: 0.525, Yaw_err_deg: 1.333
Epoch: [7/23], Batch: 2030/2963, Loss: 72.058, Trans_L2_m: 0.530, Yaw_err_deg: 1.352
Epoch: [7/23], Batch: 2040/2963, Loss: 137.382, Trans_L2_m: 0.477, Yaw_err_deg: 2.549
Epoch: [7/23], Batch: 2050/2963, Loss: 101.068, Trans_L2_m: 0.724, Yaw_err_deg: 1.972
Epoch: [7/23], Batch: 2060/2963, Loss: 67.711, Trans_L2_m: 0.443, Yaw_err_deg: 1.590
Epoch: [7/23], Batch: 2070/2963, Loss: 71.118, Trans_L2_m: 0.503, Yaw_err_deg: 1.526
Epoch: [7/23], Batch: 2080/2963, Loss: 73.977, Trans_L2_m: 0.496, Yaw_err_deg: 1.752
Epoch: [7/23], Batch: 2090/2963, Loss: 92.832, Trans_L2_m: 0.354, Yaw_err_deg: 1.709
Epoch: [7/23], Batch: 2100/2963, Loss: 100.112, Trans_L2_m: 0.643, Yaw_err_deg: 1.842
Epoch: [7/23], Batch: 2110/2963, Loss: 90.321, Trans_L2_m: 0.545, Yaw_err_deg: 2.177
Epoch: [7/23], Batch: 2120/2963, Loss: 81.400, Trans_L2_m: 0.667, Yaw_err_deg: 1.725
Epoch: [7/23], Batch: 2130/2963, Loss: 60.899, Trans_L2_m: 0.495, Yaw_err_deg: 1.228
Epoch: [7/23], Batch: 2140/2963, Loss: 115.648, Trans_L2_m: 0.469, Yaw_err_deg: 2.594
Epoch: [7/23], Batch: 2150/2963, Loss: 104.280, Trans_L2_m: 0.605, Yaw_err_deg: 2.316
Epoch: [7/23], Batch: 2160/2963, Loss: 145.827, Trans_L2_m: 0.430, Yaw_err_deg: 2.916
Epoch: [7/23], Batch: 2170/2963, Loss: 121.209, Trans_L2_m: 0.558, Yaw_err_deg: 2.367
Epoch: [7/23], Batch: 2180/2963, Loss: 117.680, Trans_L2_m: 0.692, Yaw_err_deg: 2.282
Epoch: [7/23], Batch: 2190/2963, Loss: 81.672, Trans_L2_m: 0.615, Yaw_err_deg: 1.762
Epoch: [7/23], Batch: 2200/2963, Loss: 97.163, Trans_L2_m: 0.574, Yaw_err_deg: 2.384
Epoch: [7/23], Batch: 2210/2963, Loss: 113.832, Trans_L2_m: 0.779, Yaw_err_deg: 2.468
Epoch: [7/23], Batch: 2220/2963, Loss: 91.950, Trans_L2_m: 0.432, Yaw_err_deg: 1.661
Epoch: [7/23], Batch: 2230/2963, Loss: 108.671, Trans_L2_m: 0.544, Yaw_err_deg: 1.857
Epoch: [7/23], Batch: 2240/2963, Loss: 129.450, Trans_L2_m: 0.523, Yaw_err_deg: 2.755
Epoch: [7/23], Batch: 2250/2963, Loss: 85.751, Trans_L2_m: 0.667, Yaw_err_deg: 1.672
Epoch: [7/23], Batch: 2260/2963, Loss: 85.928, Trans_L2_m: 0.413, Yaw_err_deg: 1.796
Epoch: [7/23], Batch: 2270/2963, Loss: 65.571, Trans_L2_m: 0.655, Yaw_err_deg: 1.057
Epoch: [7/23], Batch: 2280/2963, Loss: 68.289, Trans_L2_m: 0.600, Yaw_err_deg: 1.490
Epoch: [7/23], Batch: 2290/2963, Loss: 61.991, Trans_L2_m: 0.527, Yaw_err_deg: 1.217
Epoch: [7/23], Batch: 2300/2963, Loss: 111.254, Trans_L2_m: 0.667, Yaw_err_deg: 2.192
Epoch: [7/23], Batch: 2310/2963, Loss: 92.497, Trans_L2_m: 0.416, Yaw_err_deg: 2.138
Epoch: [7/23], Batch: 2320/2963, Loss: 89.126, Trans_L2_m: 0.611, Yaw_err_deg: 1.759
Epoch: [7/23], Batch: 2330/2963, Loss: 60.536, Trans_L2_m: 0.538, Yaw_err_deg: 1.082
Epoch: [7/23], Batch: 2340/2963, Loss: 77.151, Trans_L2_m: 0.553, Yaw_err_deg: 1.289
Epoch: [7/23], Batch: 2350/2963, Loss: 99.387, Trans_L2_m: 0.833, Yaw_err_deg: 2.156
Epoch: [7/23], Batch: 2360/2963, Loss: 97.295, Trans_L2_m: 0.494, Yaw_err_deg: 2.268
Epoch: [7/23], Batch: 2370/2963, Loss: 149.047, Trans_L2_m: 0.596, Yaw_err_deg: 2.678
Epoch: [7/23], Batch: 2380/2963, Loss: 104.512, Trans_L2_m: 0.524, Yaw_err_deg: 2.003
Epoch: [7/23], Batch: 2390/2963, Loss: 156.930, Trans_L2_m: 0.594, Yaw_err_deg: 2.493
Epoch: [7/23], Batch: 2400/2963, Loss: 98.311, Trans_L2_m: 0.579, Yaw_err_deg: 2.307
Epoch: [7/23], Batch: 2410/2963, Loss: 69.924, Trans_L2_m: 0.576, Yaw_err_deg: 1.451
Epoch: [7/23], Batch: 2420/2963, Loss: 92.369, Trans_L2_m: 0.442, Yaw_err_deg: 1.502
Epoch: [7/23], Batch: 2430/2963, Loss: 87.081, Trans_L2_m: 0.654, Yaw_err_deg: 1.387
Epoch: [7/23], Batch: 2440/2963, Loss: 81.907, Trans_L2_m: 0.507, Yaw_err_deg: 2.131
Epoch: [7/23], Batch: 2450/2963, Loss: 105.196, Trans_L2_m: 0.418, Yaw_err_deg: 2.615
Epoch: [7/23], Batch: 2460/2963, Loss: 68.387, Trans_L2_m: 0.641, Yaw_err_deg: 1.360
Epoch: [7/23], Batch: 2470/2963, Loss: 65.400, Trans_L2_m: 0.455, Yaw_err_deg: 1.573
Epoch: [7/23], Batch: 2480/2963, Loss: 112.437, Trans_L2_m: 0.639, Yaw_err_deg: 2.453
Epoch: [7/23], Batch: 2490/2963, Loss: 89.354, Trans_L2_m: 0.569, Yaw_err_deg: 2.124
Epoch: [7/23], Batch: 2500/2963, Loss: 81.782, Trans_L2_m: 0.371, Yaw_err_deg: 1.988
Epoch: [7/23], Batch: 2510/2963, Loss: 67.567, Trans_L2_m: 0.397, Yaw_err_deg: 1.726
Epoch: [7/23], Batch: 2520/2963, Loss: 233.454, Trans_L2_m: 0.517, Yaw_err_deg: 4.193
Epoch: [7/23], Batch: 2530/2963, Loss: 81.230, Trans_L2_m: 0.556, Yaw_err_deg: 1.851
Epoch: [7/23], Batch: 2540/2963, Loss: 77.878, Trans_L2_m: 0.526, Yaw_err_deg: 1.498
Epoch: [7/23], Batch: 2550/2963, Loss: 60.599, Trans_L2_m: 0.533, Yaw_err_deg: 1.120
Epoch: [7/23], Batch: 2560/2963, Loss: 77.273, Trans_L2_m: 0.430, Yaw_err_deg: 1.975
Epoch: [7/23], Batch: 2570/2963, Loss: 94.359, Trans_L2_m: 0.639, Yaw_err_deg: 1.642
Epoch: [7/23], Batch: 2580/2963, Loss: 86.439, Trans_L2_m: 0.610, Yaw_err_deg: 1.754
Epoch: [7/23], Batch: 2590/2963, Loss: 71.476, Trans_L2_m: 0.687, Yaw_err_deg: 1.188
Epoch: [7/23], Batch: 2600/2963, Loss: 88.158, Trans_L2_m: 0.620, Yaw_err_deg: 1.987
Epoch: [7/23], Batch: 2610/2963, Loss: 127.376, Trans_L2_m: 0.715, Yaw_err_deg: 2.139
Epoch: [7/23], Batch: 2620/2963, Loss: 109.426, Trans_L2_m: 0.683, Yaw_err_deg: 2.295
Epoch: [7/23], Batch: 2630/2963, Loss: 117.587, Trans_L2_m: 0.613, Yaw_err_deg: 2.177
Epoch: [7/23], Batch: 2640/2963, Loss: 67.749, Trans_L2_m: 0.624, Yaw_err_deg: 1.204
Epoch: [7/23], Batch: 2650/2963, Loss: 70.452, Trans_L2_m: 0.594, Yaw_err_deg: 1.647
Epoch: [7/23], Batch: 2660/2963, Loss: 86.831, Trans_L2_m: 0.399, Yaw_err_deg: 1.990
Epoch: [7/23], Batch: 2670/2963, Loss: 101.605, Trans_L2_m: 0.454, Yaw_err_deg: 1.971
Epoch: [7/23], Batch: 2680/2963, Loss: 86.076, Trans_L2_m: 0.629, Yaw_err_deg: 1.550
Epoch: [7/23], Batch: 2690/2963, Loss: 152.228, Trans_L2_m: 0.735, Yaw_err_deg: 2.943
Epoch: [7/23], Batch: 2700/2963, Loss: 93.139, Trans_L2_m: 0.616, Yaw_err_deg: 1.759
Epoch: [7/23], Batch: 2710/2963, Loss: 193.171, Trans_L2_m: 0.826, Yaw_err_deg: 3.099
Epoch: [7/23], Batch: 2720/2963, Loss: 75.867, Trans_L2_m: 0.605, Yaw_err_deg: 1.713
Epoch: [7/23], Batch: 2730/2963, Loss: 174.246, Trans_L2_m: 0.556, Yaw_err_deg: 2.081
Epoch: [7/23], Batch: 2740/2963, Loss: 81.448, Trans_L2_m: 0.574, Yaw_err_deg: 1.656
Epoch: [7/23], Batch: 2750/2963, Loss: 101.337, Trans_L2_m: 0.540, Yaw_err_deg: 2.220
Epoch: [7/23], Batch: 2760/2963, Loss: 139.392, Trans_L2_m: 0.398, Yaw_err_deg: 2.495
Epoch: [7/23], Batch: 2770/2963, Loss: 119.103, Trans_L2_m: 0.500, Yaw_err_deg: 2.629
Epoch: [7/23], Batch: 2780/2963, Loss: 71.721, Trans_L2_m: 0.404, Yaw_err_deg: 1.755
Epoch: [7/23], Batch: 2790/2963, Loss: 93.054, Trans_L2_m: 0.540, Yaw_err_deg: 1.860
Epoch: [7/23], Batch: 2800/2963, Loss: 84.714, Trans_L2_m: 0.639, Yaw_err_deg: 1.599
Epoch: [7/23], Batch: 2810/2963, Loss: 72.085, Trans_L2_m: 0.416, Yaw_err_deg: 1.470
Epoch: [7/23], Batch: 2820/2963, Loss: 80.138, Trans_L2_m: 0.653, Yaw_err_deg: 1.290
Epoch: [7/23], Batch: 2830/2963, Loss: 70.642, Trans_L2_m: 0.577, Yaw_err_deg: 1.548
Epoch: [7/23], Batch: 2840/2963, Loss: 118.951, Trans_L2_m: 0.577, Yaw_err_deg: 2.349
Epoch: [7/23], Batch: 2850/2963, Loss: 85.485, Trans_L2_m: 0.586, Yaw_err_deg: 1.984
Epoch: [7/23], Batch: 2860/2963, Loss: 82.572, Trans_L2_m: 0.437, Yaw_err_deg: 1.664
Epoch: [7/23], Batch: 2870/2963, Loss: 94.460, Trans_L2_m: 0.335, Yaw_err_deg: 1.925
Epoch: [7/23], Batch: 2880/2963, Loss: 80.267, Trans_L2_m: 0.506, Yaw_err_deg: 1.557
Epoch: [7/23], Batch: 2890/2963, Loss: 81.918, Trans_L2_m: 0.439, Yaw_err_deg: 1.593
Epoch: [7/23], Batch: 2900/2963, Loss: 99.831, Trans_L2_m: 0.668, Yaw_err_deg: 2.075
Epoch: [7/23], Batch: 2910/2963, Loss: 82.940, Trans_L2_m: 0.510, Yaw_err_deg: 1.781
Epoch: [7/23], Batch: 2920/2963, Loss: 101.837, Trans_L2_m: 0.433, Yaw_err_deg: 2.247
Epoch: [7/23], Batch: 2930/2963, Loss: 106.963, Trans_L2_m: 0.639, Yaw_err_deg: 2.201
Epoch: [7/23], Batch: 2940/2963, Loss: 81.450, Trans_L2_m: 0.648, Yaw_err_deg: 1.623
Epoch: [7/23], Batch: 2950/2963, Loss: 81.483, Trans_L2_m: 0.672, Yaw_err_deg: 1.956
Epoch: [7/23], Batch: 2960/2963, Loss: 79.683, Trans_L2_m: 0.408, Yaw_err_deg: 1.998
Validation loss (homography): 910.4653
Avg batch time: 960.37 ms, total: 311.391 s
[1;91mVal has no improvement vs 843.2620849609375![0m
Epoch: [8/23], Batch: 0/2963, Loss: 86.357, Trans_L2_m: 0.423, Yaw_err_deg: 2.202
Epoch: [8/23], Batch: 10/2963, Loss: 71.313, Trans_L2_m: 0.384, Yaw_err_deg: 1.678
Epoch: [8/23], Batch: 20/2963, Loss: 92.765, Trans_L2_m: 0.517, Yaw_err_deg: 2.402
Epoch: [8/23], Batch: 30/2963, Loss: 72.056, Trans_L2_m: 0.531, Yaw_err_deg: 1.425
Epoch: [8/23], Batch: 40/2963, Loss: 124.905, Trans_L2_m: 0.544, Yaw_err_deg: 2.431
Epoch: [8/23], Batch: 50/2963, Loss: 93.894, Trans_L2_m: 0.612, Yaw_err_deg: 1.946
Epoch: [8/23], Batch: 60/2963, Loss: 76.893, Trans_L2_m: 0.434, Yaw_err_deg: 1.676
Epoch: [8/23], Batch: 70/2963, Loss: 67.693, Trans_L2_m: 0.536, Yaw_err_deg: 1.608
Epoch: [8/23], Batch: 80/2963, Loss: 142.868, Trans_L2_m: 0.504, Yaw_err_deg: 2.598
Epoch: [8/23], Batch: 90/2963, Loss: 83.454, Trans_L2_m: 0.488, Yaw_err_deg: 1.842
Epoch: [8/23], Batch: 100/2963, Loss: 98.432, Trans_L2_m: 0.555, Yaw_err_deg: 1.611
Epoch: [8/23], Batch: 110/2963, Loss: 126.027, Trans_L2_m: 0.568, Yaw_err_deg: 2.575
Epoch: [8/23], Batch: 120/2963, Loss: 76.050, Trans_L2_m: 0.431, Yaw_err_deg: 1.694
Epoch: [8/23], Batch: 130/2963, Loss: 147.333, Trans_L2_m: 0.614, Yaw_err_deg: 2.970
Epoch: [8/23], Batch: 140/2963, Loss: 97.085, Trans_L2_m: 0.737, Yaw_err_deg: 1.823
Epoch: [8/23], Batch: 150/2963, Loss: 67.296, Trans_L2_m: 0.621, Yaw_err_deg: 1.327
Epoch: [8/23], Batch: 160/2963, Loss: 105.482, Trans_L2_m: 0.687, Yaw_err_deg: 2.284
Epoch: [8/23], Batch: 170/2963, Loss: 77.784, Trans_L2_m: 0.558, Yaw_err_deg: 1.601
Epoch: [8/23], Batch: 180/2963, Loss: 109.909, Trans_L2_m: 0.479, Yaw_err_deg: 2.740
Epoch: [8/23], Batch: 190/2963, Loss: 92.010, Trans_L2_m: 0.475, Yaw_err_deg: 1.745
Epoch: [8/23], Batch: 200/2963, Loss: 130.172, Trans_L2_m: 0.513, Yaw_err_deg: 2.278
Epoch: [8/23], Batch: 210/2963, Loss: 71.597, Trans_L2_m: 0.521, Yaw_err_deg: 1.479
Epoch: [8/23], Batch: 220/2963, Loss: 71.423, Trans_L2_m: 0.490, Yaw_err_deg: 1.329
Epoch: [8/23], Batch: 230/2963, Loss: 71.291, Trans_L2_m: 0.533, Yaw_err_deg: 1.011
Epoch: [8/23], Batch: 240/2963, Loss: 79.508, Trans_L2_m: 0.496, Yaw_err_deg: 2.037
Epoch: [8/23], Batch: 250/2963, Loss: 79.763, Trans_L2_m: 0.587, Yaw_err_deg: 1.998
Epoch: [8/23], Batch: 260/2963, Loss: 86.741, Trans_L2_m: 0.659, Yaw_err_deg: 1.402
Epoch: [8/23], Batch: 270/2963, Loss: 66.514, Trans_L2_m: 0.479, Yaw_err_deg: 1.411
Epoch: [8/23], Batch: 280/2963, Loss: 78.399, Trans_L2_m: 0.597, Yaw_err_deg: 1.742
Epoch: [8/23], Batch: 290/2963, Loss: 61.045, Trans_L2_m: 0.486, Yaw_err_deg: 1.130
Epoch: [8/23], Batch: 300/2963, Loss: 83.012, Trans_L2_m: 0.560, Yaw_err_deg: 2.011
Epoch: [8/23], Batch: 310/2963, Loss: 96.228, Trans_L2_m: 0.599, Yaw_err_deg: 1.747
Epoch: [8/23], Batch: 320/2963, Loss: 70.893, Trans_L2_m: 0.594, Yaw_err_deg: 1.736
Epoch: [8/23], Batch: 330/2963, Loss: 102.634, Trans_L2_m: 0.716, Yaw_err_deg: 2.343
Epoch: [8/23], Batch: 340/2963, Loss: 106.269, Trans_L2_m: 0.674, Yaw_err_deg: 2.291
Epoch: [8/23], Batch: 350/2963, Loss: 68.994, Trans_L2_m: 0.563, Yaw_err_deg: 1.314
Epoch: [8/23], Batch: 360/2963, Loss: 77.479, Trans_L2_m: 0.526, Yaw_err_deg: 2.036
Epoch: [8/23], Batch: 370/2963, Loss: 91.506, Trans_L2_m: 0.772, Yaw_err_deg: 1.521
Epoch: [8/23], Batch: 380/2963, Loss: 81.005, Trans_L2_m: 0.462, Yaw_err_deg: 1.958
Epoch: [8/23], Batch: 390/2963, Loss: 62.028, Trans_L2_m: 0.439, Yaw_err_deg: 1.013
Epoch: [8/23], Batch: 400/2963, Loss: 65.984, Trans_L2_m: 0.652, Yaw_err_deg: 1.243
Epoch: [8/23], Batch: 410/2963, Loss: 72.207, Trans_L2_m: 0.513, Yaw_err_deg: 1.237
Epoch: [8/23], Batch: 420/2963, Loss: 120.879, Trans_L2_m: 0.460, Yaw_err_deg: 1.919
Epoch: [8/23], Batch: 430/2963, Loss: 95.782, Trans_L2_m: 0.594, Yaw_err_deg: 2.055
Epoch: [8/23], Batch: 440/2963, Loss: 82.387, Trans_L2_m: 0.495, Yaw_err_deg: 1.941
Epoch: [8/23], Batch: 450/2963, Loss: 68.197, Trans_L2_m: 0.685, Yaw_err_deg: 0.847
Epoch: [8/23], Batch: 460/2963, Loss: 143.233, Trans_L2_m: 0.566, Yaw_err_deg: 2.726
Epoch: [8/23], Batch: 470/2963, Loss: 84.222, Trans_L2_m: 0.599, Yaw_err_deg: 1.487
Epoch: [8/23], Batch: 480/2963, Loss: 98.545, Trans_L2_m: 0.645, Yaw_err_deg: 2.191
Epoch: [8/23], Batch: 490/2963, Loss: 77.472, Trans_L2_m: 0.539, Yaw_err_deg: 1.583
Epoch: [8/23], Batch: 500/2963, Loss: 74.773, Trans_L2_m: 0.406, Yaw_err_deg: 1.810
Epoch: [8/23], Batch: 510/2963, Loss: 71.693, Trans_L2_m: 0.466, Yaw_err_deg: 1.640
Epoch: [8/23], Batch: 520/2963, Loss: 68.339, Trans_L2_m: 0.474, Yaw_err_deg: 1.738
Epoch: [8/23], Batch: 530/2963, Loss: 72.666, Trans_L2_m: 0.577, Yaw_err_deg: 1.785
Epoch: [8/23], Batch: 540/2963, Loss: 78.611, Trans_L2_m: 0.709, Yaw_err_deg: 1.626
Epoch: [8/23], Batch: 550/2963, Loss: 98.245, Trans_L2_m: 0.481, Yaw_err_deg: 2.546
Epoch: [8/23], Batch: 560/2963, Loss: 78.069, Trans_L2_m: 0.713, Yaw_err_deg: 1.390
Epoch: [8/23], Batch: 570/2963, Loss: 80.737, Trans_L2_m: 0.709, Yaw_err_deg: 1.345
Epoch: [8/23], Batch: 580/2963, Loss: 78.259, Trans_L2_m: 0.507, Yaw_err_deg: 1.465
Epoch: [8/23], Batch: 590/2963, Loss: 79.288, Trans_L2_m: 0.512, Yaw_err_deg: 1.657
Epoch: [8/23], Batch: 600/2963, Loss: 99.361, Trans_L2_m: 0.530, Yaw_err_deg: 1.924
Epoch: [8/23], Batch: 610/2963, Loss: 78.134, Trans_L2_m: 0.474, Yaw_err_deg: 1.652
Epoch: [8/23], Batch: 620/2963, Loss: 110.855, Trans_L2_m: 0.556, Yaw_err_deg: 2.195
Epoch: [8/23], Batch: 630/2963, Loss: 88.885, Trans_L2_m: 0.532, Yaw_err_deg: 1.795
Epoch: [8/23], Batch: 640/2963, Loss: 80.419, Trans_L2_m: 0.678, Yaw_err_deg: 1.393
Epoch: [8/23], Batch: 650/2963, Loss: 125.170, Trans_L2_m: 0.678, Yaw_err_deg: 2.287
Epoch: [8/23], Batch: 660/2963, Loss: 65.373, Trans_L2_m: 0.596, Yaw_err_deg: 1.484
Epoch: [8/23], Batch: 670/2963, Loss: 75.875, Trans_L2_m: 0.556, Yaw_err_deg: 1.629
Epoch: [8/23], Batch: 680/2963, Loss: 69.513, Trans_L2_m: 0.481, Yaw_err_deg: 1.343
Epoch: [8/23], Batch: 690/2963, Loss: 91.329, Trans_L2_m: 0.478, Yaw_err_deg: 2.015
Epoch: [8/23], Batch: 700/2963, Loss: 73.048, Trans_L2_m: 0.701, Yaw_err_deg: 1.433
Epoch: [8/23], Batch: 710/2963, Loss: 104.176, Trans_L2_m: 0.504, Yaw_err_deg: 2.359
Epoch: [8/23], Batch: 720/2963, Loss: 89.489, Trans_L2_m: 0.547, Yaw_err_deg: 2.004
Epoch: [8/23], Batch: 730/2963, Loss: 83.209, Trans_L2_m: 0.580, Yaw_err_deg: 1.443
Epoch: [8/23], Batch: 740/2963, Loss: 125.686, Trans_L2_m: 0.545, Yaw_err_deg: 2.149
Epoch: [8/23], Batch: 750/2963, Loss: 62.620, Trans_L2_m: 0.558, Yaw_err_deg: 1.272
Epoch: [8/23], Batch: 760/2963, Loss: 104.340, Trans_L2_m: 0.425, Yaw_err_deg: 2.043
Epoch: [8/23], Batch: 770/2963, Loss: 73.225, Trans_L2_m: 0.448, Yaw_err_deg: 1.731
Epoch: [8/23], Batch: 780/2963, Loss: 567.871, Trans_L2_m: 0.698, Yaw_err_deg: 3.930
Epoch: [8/23], Batch: 790/2963, Loss: 83.181, Trans_L2_m: 0.673, Yaw_err_deg: 1.465
Epoch: [8/23], Batch: 800/2963, Loss: 83.698, Trans_L2_m: 0.418, Yaw_err_deg: 1.876
Epoch: [8/23], Batch: 810/2963, Loss: 85.319, Trans_L2_m: 0.672, Yaw_err_deg: 1.390
Epoch: [8/23], Batch: 820/2963, Loss: 109.986, Trans_L2_m: 0.460, Yaw_err_deg: 2.164
Epoch: [8/23], Batch: 830/2963, Loss: 69.947, Trans_L2_m: 0.470, Yaw_err_deg: 1.540
Epoch: [8/23], Batch: 840/2963, Loss: 72.221, Trans_L2_m: 0.683, Yaw_err_deg: 1.405
Epoch: [8/23], Batch: 850/2963, Loss: 85.805, Trans_L2_m: 0.590, Yaw_err_deg: 1.925
Epoch: [8/23], Batch: 860/2963, Loss: 107.846, Trans_L2_m: 0.595, Yaw_err_deg: 1.888
Epoch: [8/23], Batch: 870/2963, Loss: 111.464, Trans_L2_m: 0.630, Yaw_err_deg: 2.560
Epoch: [8/23], Batch: 880/2963, Loss: 75.789, Trans_L2_m: 0.412, Yaw_err_deg: 1.415
Epoch: [8/23], Batch: 890/2963, Loss: 95.868, Trans_L2_m: 0.565, Yaw_err_deg: 1.678
Epoch: [8/23], Batch: 900/2963, Loss: 123.594, Trans_L2_m: 0.523, Yaw_err_deg: 2.602
Epoch: [8/23], Batch: 910/2963, Loss: 72.985, Trans_L2_m: 0.510, Yaw_err_deg: 1.406
Epoch: [8/23], Batch: 920/2963, Loss: 153.249, Trans_L2_m: 0.567, Yaw_err_deg: 2.953
Epoch: [8/23], Batch: 930/2963, Loss: 84.018, Trans_L2_m: 0.497, Yaw_err_deg: 1.935
Epoch: [8/23], Batch: 940/2963, Loss: 91.967, Trans_L2_m: 0.698, Yaw_err_deg: 1.961
Epoch: [8/23], Batch: 950/2963, Loss: 72.666, Trans_L2_m: 0.660, Yaw_err_deg: 1.171
Epoch: [8/23], Batch: 960/2963, Loss: 82.320, Trans_L2_m: 0.584, Yaw_err_deg: 1.866
Epoch: [8/23], Batch: 970/2963, Loss: 104.321, Trans_L2_m: 0.463, Yaw_err_deg: 2.273
Epoch: [8/23], Batch: 980/2963, Loss: 55.099, Trans_L2_m: 0.547, Yaw_err_deg: 0.979
Epoch: [8/23], Batch: 990/2963, Loss: 128.327, Trans_L2_m: 0.602, Yaw_err_deg: 2.984
Epoch: [8/23], Batch: 1000/2963, Loss: 85.493, Trans_L2_m: 0.669, Yaw_err_deg: 1.521
Epoch: [8/23], Batch: 1010/2963, Loss: 90.863, Trans_L2_m: 0.675, Yaw_err_deg: 1.978
Epoch: [8/23], Batch: 1020/2963, Loss: 73.039, Trans_L2_m: 0.622, Yaw_err_deg: 1.457
Epoch: [8/23], Batch: 1030/2963, Loss: 85.598, Trans_L2_m: 0.578, Yaw_err_deg: 1.555
Epoch: [8/23], Batch: 1040/2963, Loss: 52.577, Trans_L2_m: 0.556, Yaw_err_deg: 0.891
Epoch: [8/23], Batch: 1050/2963, Loss: 77.945, Trans_L2_m: 0.657, Yaw_err_deg: 1.312
Epoch: [8/23], Batch: 1060/2963, Loss: 127.500, Trans_L2_m: 0.594, Yaw_err_deg: 2.974
Epoch: [8/23], Batch: 1070/2963, Loss: 81.864, Trans_L2_m: 0.643, Yaw_err_deg: 1.843
Epoch: [8/23], Batch: 1080/2963, Loss: 100.655, Trans_L2_m: 0.581, Yaw_err_deg: 2.194
Epoch: [8/23], Batch: 1090/2963, Loss: 81.951, Trans_L2_m: 0.521, Yaw_err_deg: 1.668
Epoch: [8/23], Batch: 1100/2963, Loss: 249.631, Trans_L2_m: 0.647, Yaw_err_deg: 2.661
Epoch: [8/23], Batch: 1110/2963, Loss: 179.220, Trans_L2_m: 0.479, Yaw_err_deg: 3.729
Epoch: [8/23], Batch: 1120/2963, Loss: 180.759, Trans_L2_m: 0.514, Yaw_err_deg: 2.587
Epoch: [8/23], Batch: 1130/2963, Loss: 89.943, Trans_L2_m: 0.467, Yaw_err_deg: 2.019
Epoch: [8/23], Batch: 1140/2963, Loss: 75.161, Trans_L2_m: 0.415, Yaw_err_deg: 1.468
Epoch: [8/23], Batch: 1150/2963, Loss: 78.209, Trans_L2_m: 0.570, Yaw_err_deg: 1.624
Epoch: [8/23], Batch: 1160/2963, Loss: 74.977, Trans_L2_m: 0.607, Yaw_err_deg: 1.486
Epoch: [8/23], Batch: 1170/2963, Loss: 77.965, Trans_L2_m: 0.446, Yaw_err_deg: 1.629
Epoch: [8/23], Batch: 1180/2963, Loss: 66.609, Trans_L2_m: 0.508, Yaw_err_deg: 1.108
Epoch: [8/23], Batch: 1190/2963, Loss: 74.778, Trans_L2_m: 0.671, Yaw_err_deg: 1.697
Epoch: [8/23], Batch: 1200/2963, Loss: 79.513, Trans_L2_m: 0.549, Yaw_err_deg: 1.638
Epoch: [8/23], Batch: 1210/2963, Loss: 78.425, Trans_L2_m: 0.708, Yaw_err_deg: 1.668
Epoch: [8/23], Batch: 1220/2963, Loss: 66.543, Trans_L2_m: 0.469, Yaw_err_deg: 1.267
Epoch: [8/23], Batch: 1230/2963, Loss: 91.718, Trans_L2_m: 0.479, Yaw_err_deg: 1.876
Epoch: [8/23], Batch: 1240/2963, Loss: 101.056, Trans_L2_m: 0.568, Yaw_err_deg: 2.122
Epoch: [8/23], Batch: 1250/2963, Loss: 227.647, Trans_L2_m: 0.368, Yaw_err_deg: 2.889
Epoch: [8/23], Batch: 1260/2963, Loss: 77.793, Trans_L2_m: 0.511, Yaw_err_deg: 1.668
Epoch: [8/23], Batch: 1270/2963, Loss: 67.951, Trans_L2_m: 0.439, Yaw_err_deg: 1.414
Epoch: [8/23], Batch: 1280/2963, Loss: 71.468, Trans_L2_m: 0.467, Yaw_err_deg: 1.452
Epoch: [8/23], Batch: 1290/2963, Loss: 78.858, Trans_L2_m: 0.645, Yaw_err_deg: 1.684
Epoch: [8/23], Batch: 1300/2963, Loss: 87.176, Trans_L2_m: 0.502, Yaw_err_deg: 1.851
Epoch: [8/23], Batch: 1310/2963, Loss: 82.891, Trans_L2_m: 0.372, Yaw_err_deg: 1.381
Epoch: [8/23], Batch: 1320/2963, Loss: 69.351, Trans_L2_m: 0.448, Yaw_err_deg: 1.294
Epoch: [8/23], Batch: 1330/2963, Loss: 74.488, Trans_L2_m: 0.477, Yaw_err_deg: 1.759
Epoch: [8/23], Batch: 1340/2963, Loss: 85.450, Trans_L2_m: 0.529, Yaw_err_deg: 1.781
Epoch: [8/23], Batch: 1350/2963, Loss: 66.554, Trans_L2_m: 0.475, Yaw_err_deg: 1.186
Epoch: [8/23], Batch: 1360/2963, Loss: 93.358, Trans_L2_m: 0.488, Yaw_err_deg: 2.072
Epoch: [8/23], Batch: 1370/2963, Loss: 117.624, Trans_L2_m: 0.534, Yaw_err_deg: 2.791
Epoch: [8/23], Batch: 1380/2963, Loss: 104.099, Trans_L2_m: 0.597, Yaw_err_deg: 2.233
Epoch: [8/23], Batch: 1390/2963, Loss: 122.437, Trans_L2_m: 0.468, Yaw_err_deg: 3.160
Epoch: [8/23], Batch: 1400/2963, Loss: 73.642, Trans_L2_m: 0.527, Yaw_err_deg: 1.534
Epoch: [8/23], Batch: 1410/2963, Loss: 81.739, Trans_L2_m: 0.449, Yaw_err_deg: 2.100
Epoch: [8/23], Batch: 1420/2963, Loss: 64.701, Trans_L2_m: 0.555, Yaw_err_deg: 0.902
Epoch: [8/23], Batch: 1430/2963, Loss: 78.271, Trans_L2_m: 0.518, Yaw_err_deg: 1.881
Epoch: [8/23], Batch: 1440/2963, Loss: 74.703, Trans_L2_m: 0.535, Yaw_err_deg: 1.829
Epoch: [8/23], Batch: 1450/2963, Loss: 108.745, Trans_L2_m: 0.611, Yaw_err_deg: 2.144
Epoch: [8/23], Batch: 1460/2963, Loss: 107.201, Trans_L2_m: 0.413, Yaw_err_deg: 2.613
Epoch: [8/23], Batch: 1470/2963, Loss: 76.989, Trans_L2_m: 0.621, Yaw_err_deg: 1.686
Epoch: [8/23], Batch: 1480/2963, Loss: 73.132, Trans_L2_m: 0.533, Yaw_err_deg: 1.712
Epoch: [8/23], Batch: 1490/2963, Loss: 199.310, Trans_L2_m: 0.525, Yaw_err_deg: 2.934
Epoch: [8/23], Batch: 1500/2963, Loss: 108.719, Trans_L2_m: 0.484, Yaw_err_deg: 2.461
Epoch: [8/23], Batch: 1510/2963, Loss: 121.252, Trans_L2_m: 0.496, Yaw_err_deg: 1.990
Epoch: [8/23], Batch: 1520/2963, Loss: 78.989, Trans_L2_m: 0.506, Yaw_err_deg: 1.880
Epoch: [8/23], Batch: 1530/2963, Loss: 88.072, Trans_L2_m: 0.573, Yaw_err_deg: 1.990
Epoch: [8/23], Batch: 1540/2963, Loss: 86.135, Trans_L2_m: 0.529, Yaw_err_deg: 2.020
Epoch: [8/23], Batch: 1550/2963, Loss: 104.809, Trans_L2_m: 0.623, Yaw_err_deg: 2.216
Epoch: [8/23], Batch: 1560/2963, Loss: 92.878, Trans_L2_m: 0.535, Yaw_err_deg: 2.080
Epoch: [8/23], Batch: 1570/2963, Loss: 96.443, Trans_L2_m: 0.560, Yaw_err_deg: 1.803
Epoch: [8/23], Batch: 1580/2963, Loss: 68.087, Trans_L2_m: 0.452, Yaw_err_deg: 1.094
Epoch: [8/23], Batch: 1590/2963, Loss: 112.501, Trans_L2_m: 0.690, Yaw_err_deg: 2.317
Epoch: [8/23], Batch: 1600/2963, Loss: 88.700, Trans_L2_m: 0.729, Yaw_err_deg: 1.894
Epoch: [8/23], Batch: 1610/2963, Loss: 76.589, Trans_L2_m: 0.811, Yaw_err_deg: 1.349
Epoch: [8/23], Batch: 1620/2963, Loss: 64.462, Trans_L2_m: 0.804, Yaw_err_deg: 1.339
Epoch: [8/23], Batch: 1630/2963, Loss: 86.922, Trans_L2_m: 0.770, Yaw_err_deg: 1.672
Epoch: [8/23], Batch: 1640/2963, Loss: 71.193, Trans_L2_m: 0.470, Yaw_err_deg: 1.134
Epoch: [8/23], Batch: 1650/2963, Loss: 91.123, Trans_L2_m: 0.470, Yaw_err_deg: 1.659
Epoch: [8/23], Batch: 1660/2963, Loss: 79.026, Trans_L2_m: 0.535, Yaw_err_deg: 1.714
Epoch: [8/23], Batch: 1670/2963, Loss: 86.836, Trans_L2_m: 0.765, Yaw_err_deg: 1.516
Epoch: [8/23], Batch: 1680/2963, Loss: 74.589, Trans_L2_m: 0.556, Yaw_err_deg: 1.850
Epoch: [8/23], Batch: 1690/2963, Loss: 70.406, Trans_L2_m: 0.608, Yaw_err_deg: 1.588
Epoch: [8/23], Batch: 1700/2963, Loss: 107.017, Trans_L2_m: 0.444, Yaw_err_deg: 2.466
Epoch: [8/23], Batch: 1710/2963, Loss: 97.173, Trans_L2_m: 0.666, Yaw_err_deg: 2.126
Epoch: [8/23], Batch: 1720/2963, Loss: 85.567, Trans_L2_m: 0.594, Yaw_err_deg: 1.759
Epoch: [8/23], Batch: 1730/2963, Loss: 61.193, Trans_L2_m: 0.450, Yaw_err_deg: 1.180
Epoch: [8/23], Batch: 1740/2963, Loss: 195.217, Trans_L2_m: 0.482, Yaw_err_deg: 2.583
Epoch: [8/23], Batch: 1750/2963, Loss: 93.864, Trans_L2_m: 0.508, Yaw_err_deg: 1.955
Epoch: [8/23], Batch: 1760/2963, Loss: 70.730, Trans_L2_m: 0.530, Yaw_err_deg: 1.250
Epoch: [8/23], Batch: 1770/2963, Loss: 91.606, Trans_L2_m: 0.422, Yaw_err_deg: 1.718
Epoch: [8/23], Batch: 1780/2963, Loss: 89.429, Trans_L2_m: 0.533, Yaw_err_deg: 1.926
Epoch: [8/23], Batch: 1790/2963, Loss: 97.267, Trans_L2_m: 0.529, Yaw_err_deg: 1.731
Epoch: [8/23], Batch: 1800/2963, Loss: 81.999, Trans_L2_m: 0.557, Yaw_err_deg: 1.750
Epoch: [8/23], Batch: 1810/2963, Loss: 75.818, Trans_L2_m: 0.578, Yaw_err_deg: 1.693
Epoch: [8/23], Batch: 1820/2963, Loss: 81.376, Trans_L2_m: 0.629, Yaw_err_deg: 1.456
Epoch: [8/23], Batch: 1830/2963, Loss: 86.768, Trans_L2_m: 0.651, Yaw_err_deg: 1.781
Epoch: [8/23], Batch: 1840/2963, Loss: 146.091, Trans_L2_m: 0.568, Yaw_err_deg: 2.760
Epoch: [8/23], Batch: 1850/2963, Loss: 73.385, Trans_L2_m: 0.482, Yaw_err_deg: 1.425
Epoch: [8/23], Batch: 1860/2963, Loss: 91.447, Trans_L2_m: 0.527, Yaw_err_deg: 1.993
Epoch: [8/23], Batch: 1870/2963, Loss: 110.493, Trans_L2_m: 0.662, Yaw_err_deg: 2.229
Epoch: [8/23], Batch: 1880/2963, Loss: 86.184, Trans_L2_m: 0.404, Yaw_err_deg: 1.761
Epoch: [8/23], Batch: 1890/2963, Loss: 107.814, Trans_L2_m: 0.700, Yaw_err_deg: 1.834
Epoch: [8/23], Batch: 1900/2963, Loss: 95.537, Trans_L2_m: 0.549, Yaw_err_deg: 2.403
Epoch: [8/23], Batch: 1910/2963, Loss: 94.436, Trans_L2_m: 0.500, Yaw_err_deg: 1.680
Epoch: [8/23], Batch: 1920/2963, Loss: 60.878, Trans_L2_m: 0.475, Yaw_err_deg: 1.118
Epoch: [8/23], Batch: 1930/2963, Loss: 85.242, Trans_L2_m: 0.527, Yaw_err_deg: 1.979
Epoch: [8/23], Batch: 1940/2963, Loss: 89.269, Trans_L2_m: 0.608, Yaw_err_deg: 2.019
Epoch: [8/23], Batch: 1950/2963, Loss: 90.112, Trans_L2_m: 0.538, Yaw_err_deg: 1.560
Epoch: [8/23], Batch: 1960/2963, Loss: 87.479, Trans_L2_m: 0.388, Yaw_err_deg: 1.951
Epoch: [8/23], Batch: 1970/2963, Loss: 70.024, Trans_L2_m: 0.408, Yaw_err_deg: 1.547
Epoch: [8/23], Batch: 1980/2963, Loss: 93.256, Trans_L2_m: 0.431, Yaw_err_deg: 2.007
Epoch: [8/23], Batch: 1990/2963, Loss: 120.001, Trans_L2_m: 0.576, Yaw_err_deg: 2.806
Epoch: [8/23], Batch: 2000/2963, Loss: 73.593, Trans_L2_m: 0.494, Yaw_err_deg: 1.579
Epoch: [8/23], Batch: 2010/2963, Loss: 76.178, Trans_L2_m: 0.479, Yaw_err_deg: 1.587
Epoch: [8/23], Batch: 2020/2963, Loss: 134.454, Trans_L2_m: 0.407, Yaw_err_deg: 2.444
Epoch: [8/23], Batch: 2030/2963, Loss: 98.718, Trans_L2_m: 0.563, Yaw_err_deg: 2.087
Epoch: [8/23], Batch: 2040/2963, Loss: 73.798, Trans_L2_m: 0.515, Yaw_err_deg: 1.601
Epoch: [8/23], Batch: 2050/2963, Loss: 60.616, Trans_L2_m: 0.482, Yaw_err_deg: 1.162
Epoch: [8/23], Batch: 2060/2963, Loss: 70.377, Trans_L2_m: 0.523, Yaw_err_deg: 1.467
Epoch: [8/23], Batch: 2070/2963, Loss: 85.851, Trans_L2_m: 0.467, Yaw_err_deg: 2.097
Epoch: [8/23], Batch: 2080/2963, Loss: 66.462, Trans_L2_m: 0.563, Yaw_err_deg: 1.237
Epoch: [8/23], Batch: 2090/2963, Loss: 85.242, Trans_L2_m: 0.397, Yaw_err_deg: 2.024
Epoch: [8/23], Batch: 2100/2963, Loss: 127.505, Trans_L2_m: 0.747, Yaw_err_deg: 2.725
Epoch: [8/23], Batch: 2110/2963, Loss: 103.960, Trans_L2_m: 0.845, Yaw_err_deg: 2.243
Epoch: [8/23], Batch: 2120/2963, Loss: 79.511, Trans_L2_m: 0.498, Yaw_err_deg: 1.605
Epoch: [8/23], Batch: 2130/2963, Loss: 57.233, Trans_L2_m: 0.513, Yaw_err_deg: 0.999
Epoch: [8/23], Batch: 2140/2963, Loss: 101.127, Trans_L2_m: 0.608, Yaw_err_deg: 1.517
Epoch: [8/23], Batch: 2150/2963, Loss: 67.341, Trans_L2_m: 0.627, Yaw_err_deg: 1.442
Epoch: [8/23], Batch: 2160/2963, Loss: 58.829, Trans_L2_m: 0.412, Yaw_err_deg: 1.516
Epoch: [8/23], Batch: 2170/2963, Loss: 85.095, Trans_L2_m: 0.673, Yaw_err_deg: 1.608
Epoch: [8/23], Batch: 2180/2963, Loss: 80.172, Trans_L2_m: 0.701, Yaw_err_deg: 1.585
Epoch: [8/23], Batch: 2190/2963, Loss: 95.520, Trans_L2_m: 0.562, Yaw_err_deg: 2.210
Epoch: [8/23], Batch: 2200/2963, Loss: 72.793, Trans_L2_m: 0.571, Yaw_err_deg: 1.189
Epoch: [8/23], Batch: 2210/2963, Loss: 66.733, Trans_L2_m: 0.460, Yaw_err_deg: 1.575
Epoch: [8/23], Batch: 2220/2963, Loss: 67.282, Trans_L2_m: 0.429, Yaw_err_deg: 1.392
Epoch: [8/23], Batch: 2230/2963, Loss: 67.445, Trans_L2_m: 0.458, Yaw_err_deg: 1.462
Epoch: [8/23], Batch: 2240/2963, Loss: 102.664, Trans_L2_m: 0.496, Yaw_err_deg: 2.006
Epoch: [8/23], Batch: 2250/2963, Loss: 94.521, Trans_L2_m: 0.552, Yaw_err_deg: 2.202
Epoch: [8/23], Batch: 2260/2963, Loss: 137.590, Trans_L2_m: 0.548, Yaw_err_deg: 2.633
Epoch: [8/23], Batch: 2270/2963, Loss: 73.345, Trans_L2_m: 0.417, Yaw_err_deg: 1.776
Epoch: [8/23], Batch: 2280/2963, Loss: 73.824, Trans_L2_m: 0.585, Yaw_err_deg: 1.575
Epoch: [8/23], Batch: 2290/2963, Loss: 84.080, Trans_L2_m: 0.682, Yaw_err_deg: 1.836
Epoch: [8/23], Batch: 2300/2963, Loss: 86.679, Trans_L2_m: 0.629, Yaw_err_deg: 1.667
Epoch: [8/23], Batch: 2310/2963, Loss: 74.504, Trans_L2_m: 0.699, Yaw_err_deg: 1.482
Epoch: [8/23], Batch: 2320/2963, Loss: 84.999, Trans_L2_m: 0.539, Yaw_err_deg: 1.830
Epoch: [8/23], Batch: 2330/2963, Loss: 101.340, Trans_L2_m: 0.900, Yaw_err_deg: 2.057
Epoch: [8/23], Batch: 2340/2963, Loss: 84.493, Trans_L2_m: 0.517, Yaw_err_deg: 1.828
Epoch: [8/23], Batch: 2350/2963, Loss: 73.138, Trans_L2_m: 0.576, Yaw_err_deg: 1.675
Epoch: [8/23], Batch: 2360/2963, Loss: 60.007, Trans_L2_m: 0.722, Yaw_err_deg: 0.917
Epoch: [8/23], Batch: 2370/2963, Loss: 81.672, Trans_L2_m: 0.439, Yaw_err_deg: 2.153
Epoch: [8/23], Batch: 2380/2963, Loss: 67.465, Trans_L2_m: 0.464, Yaw_err_deg: 1.415
Epoch: [8/23], Batch: 2390/2963, Loss: 63.924, Trans_L2_m: 0.518, Yaw_err_deg: 1.336
Epoch: [8/23], Batch: 2400/2963, Loss: 82.155, Trans_L2_m: 0.512, Yaw_err_deg: 1.698
Epoch: [8/23], Batch: 2410/2963, Loss: 81.300, Trans_L2_m: 0.444, Yaw_err_deg: 2.048
Epoch: [8/23], Batch: 2420/2963, Loss: 102.320, Trans_L2_m: 0.546, Yaw_err_deg: 1.571
Epoch: [8/23], Batch: 2430/2963, Loss: 121.475, Trans_L2_m: 0.546, Yaw_err_deg: 2.723
Epoch: [8/23], Batch: 2440/2963, Loss: 101.827, Trans_L2_m: 0.488, Yaw_err_deg: 2.413
Epoch: [8/23], Batch: 2450/2963, Loss: 103.881, Trans_L2_m: 0.470, Yaw_err_deg: 2.032
Epoch: [8/23], Batch: 2460/2963, Loss: 64.307, Trans_L2_m: 0.536, Yaw_err_deg: 1.359
Epoch: [8/23], Batch: 2470/2963, Loss: 136.431, Trans_L2_m: 0.503, Yaw_err_deg: 2.714
Epoch: [8/23], Batch: 2480/2963, Loss: 77.409, Trans_L2_m: 0.435, Yaw_err_deg: 1.563
Epoch: [8/23], Batch: 2490/2963, Loss: 71.683, Trans_L2_m: 0.446, Yaw_err_deg: 1.583
Epoch: [8/23], Batch: 2500/2963, Loss: 92.679, Trans_L2_m: 0.496, Yaw_err_deg: 1.807
Epoch: [8/23], Batch: 2510/2963, Loss: 99.433, Trans_L2_m: 0.380, Yaw_err_deg: 2.189
Epoch: [8/23], Batch: 2520/2963, Loss: 83.579, Trans_L2_m: 0.649, Yaw_err_deg: 1.821
Epoch: [8/23], Batch: 2530/2963, Loss: 76.585, Trans_L2_m: 0.578, Yaw_err_deg: 1.605
Epoch: [8/23], Batch: 2540/2963, Loss: 163.019, Trans_L2_m: 0.461, Yaw_err_deg: 3.382
Epoch: [8/23], Batch: 2550/2963, Loss: 121.083, Trans_L2_m: 0.485, Yaw_err_deg: 2.273
Epoch: [8/23], Batch: 2560/2963, Loss: 74.827, Trans_L2_m: 0.682, Yaw_err_deg: 1.398
Epoch: [8/23], Batch: 2570/2963, Loss: 78.642, Trans_L2_m: 0.569, Yaw_err_deg: 1.659
Epoch: [8/23], Batch: 2580/2963, Loss: 102.811, Trans_L2_m: 0.554, Yaw_err_deg: 2.084
Epoch: [8/23], Batch: 2590/2963, Loss: 71.566, Trans_L2_m: 0.620, Yaw_err_deg: 1.424
Epoch: [8/23], Batch: 2600/2963, Loss: 90.832, Trans_L2_m: 0.713, Yaw_err_deg: 1.988
Epoch: [8/23], Batch: 2610/2963, Loss: 101.606, Trans_L2_m: 0.442, Yaw_err_deg: 2.555
Epoch: [8/23], Batch: 2620/2963, Loss: 76.440, Trans_L2_m: 0.596, Yaw_err_deg: 1.590
Epoch: [8/23], Batch: 2630/2963, Loss: 85.922, Trans_L2_m: 0.467, Yaw_err_deg: 1.658
Epoch: [8/23], Batch: 2640/2963, Loss: 82.949, Trans_L2_m: 0.523, Yaw_err_deg: 2.061
Epoch: [8/23], Batch: 2650/2963, Loss: 86.465, Trans_L2_m: 0.649, Yaw_err_deg: 1.898
Epoch: [8/23], Batch: 2660/2963, Loss: 62.826, Trans_L2_m: 0.475, Yaw_err_deg: 1.304
Epoch: [8/23], Batch: 2670/2963, Loss: 101.206, Trans_L2_m: 0.516, Yaw_err_deg: 2.393
Epoch: [8/23], Batch: 2680/2963, Loss: 79.511, Trans_L2_m: 0.548, Yaw_err_deg: 1.888
Epoch: [8/23], Batch: 2690/2963, Loss: 100.977, Trans_L2_m: 0.448, Yaw_err_deg: 2.256
Epoch: [8/23], Batch: 2700/2963, Loss: 86.797, Trans_L2_m: 0.530, Yaw_err_deg: 1.836
Epoch: [8/23], Batch: 2710/2963, Loss: 68.855, Trans_L2_m: 0.372, Yaw_err_deg: 1.716
Epoch: [8/23], Batch: 2720/2963, Loss: 86.754, Trans_L2_m: 0.308, Yaw_err_deg: 1.754
Epoch: [8/23], Batch: 2730/2963, Loss: 103.112, Trans_L2_m: 0.635, Yaw_err_deg: 2.021
Epoch: [8/23], Batch: 2740/2963, Loss: 72.141, Trans_L2_m: 0.553, Yaw_err_deg: 1.419
Epoch: [8/23], Batch: 2750/2963, Loss: 71.860, Trans_L2_m: 0.591, Yaw_err_deg: 1.691
Epoch: [8/23], Batch: 2760/2963, Loss: 73.932, Trans_L2_m: 0.501, Yaw_err_deg: 1.297
Epoch: [8/23], Batch: 2770/2963, Loss: 253.263, Trans_L2_m: 0.515, Yaw_err_deg: 2.611
Epoch: [8/23], Batch: 2780/2963, Loss: 83.764, Trans_L2_m: 0.437, Yaw_err_deg: 1.758
Epoch: [8/23], Batch: 2790/2963, Loss: 115.086, Trans_L2_m: 0.743, Yaw_err_deg: 2.961
Epoch: [8/23], Batch: 2800/2963, Loss: 63.822, Trans_L2_m: 0.468, Yaw_err_deg: 1.220
Epoch: [8/23], Batch: 2810/2963, Loss: 84.591, Trans_L2_m: 0.692, Yaw_err_deg: 1.539
Epoch: [8/23], Batch: 2820/2963, Loss: 72.835, Trans_L2_m: 0.419, Yaw_err_deg: 1.960
Epoch: [8/23], Batch: 2830/2963, Loss: 96.936, Trans_L2_m: 0.528, Yaw_err_deg: 2.137
Epoch: [8/23], Batch: 2840/2963, Loss: 64.270, Trans_L2_m: 0.473, Yaw_err_deg: 1.336
Epoch: [8/23], Batch: 2850/2963, Loss: 57.128, Trans_L2_m: 0.358, Yaw_err_deg: 1.073
Epoch: [8/23], Batch: 2860/2963, Loss: 106.064, Trans_L2_m: 0.547, Yaw_err_deg: 2.488
Epoch: [8/23], Batch: 2870/2963, Loss: 85.832, Trans_L2_m: 0.443, Yaw_err_deg: 1.749
Epoch: [8/23], Batch: 2880/2963, Loss: 88.841, Trans_L2_m: 0.436, Yaw_err_deg: 1.914
Epoch: [8/23], Batch: 2890/2963, Loss: 96.662, Trans_L2_m: 0.768, Yaw_err_deg: 1.740
Epoch: [8/23], Batch: 2900/2963, Loss: 70.165, Trans_L2_m: 0.367, Yaw_err_deg: 1.622
Epoch: [8/23], Batch: 2910/2963, Loss: 75.438, Trans_L2_m: 0.430, Yaw_err_deg: 1.830
Epoch: [8/23], Batch: 2920/2963, Loss: 117.806, Trans_L2_m: 0.395, Yaw_err_deg: 2.233
Epoch: [8/23], Batch: 2930/2963, Loss: 84.937, Trans_L2_m: 0.655, Yaw_err_deg: 1.275
Epoch: [8/23], Batch: 2940/2963, Loss: 70.098, Trans_L2_m: 0.393, Yaw_err_deg: 1.378
Epoch: [8/23], Batch: 2950/2963, Loss: 73.619, Trans_L2_m: 0.531, Yaw_err_deg: 1.570
Epoch: [8/23], Batch: 2960/2963, Loss: 127.777, Trans_L2_m: 0.786, Yaw_err_deg: 2.846
Epoch: [9/23], Batch: 0/2963, Loss: 84.761, Trans_L2_m: 0.555, Yaw_err_deg: 1.605
Epoch: [9/23], Batch: 10/2963, Loss: 65.376, Trans_L2_m: 0.452, Yaw_err_deg: 1.078
Epoch: [9/23], Batch: 20/2963, Loss: 90.075, Trans_L2_m: 0.615, Yaw_err_deg: 1.749
Epoch: [9/23], Batch: 30/2963, Loss: 110.263, Trans_L2_m: 0.527, Yaw_err_deg: 2.322
Epoch: [9/23], Batch: 40/2963, Loss: 93.323, Trans_L2_m: 0.470, Yaw_err_deg: 1.982
Epoch: [9/23], Batch: 50/2963, Loss: 118.599, Trans_L2_m: 0.489, Yaw_err_deg: 2.339
Epoch: [9/23], Batch: 60/2963, Loss: 89.732, Trans_L2_m: 0.588, Yaw_err_deg: 1.708
Epoch: [9/23], Batch: 70/2963, Loss: 88.085, Trans_L2_m: 0.563, Yaw_err_deg: 1.786
Epoch: [9/23], Batch: 80/2963, Loss: 134.249, Trans_L2_m: 0.657, Yaw_err_deg: 2.157
Epoch: [9/23], Batch: 90/2963, Loss: 57.534, Trans_L2_m: 0.531, Yaw_err_deg: 1.099
Epoch: [9/23], Batch: 100/2963, Loss: 257.621, Trans_L2_m: 0.445, Yaw_err_deg: 2.751
Epoch: [9/23], Batch: 110/2963, Loss: 101.579, Trans_L2_m: 0.640, Yaw_err_deg: 2.452
Epoch: [9/23], Batch: 120/2963, Loss: 61.506, Trans_L2_m: 0.776, Yaw_err_deg: 0.704
Epoch: [9/23], Batch: 130/2963, Loss: 76.450, Trans_L2_m: 0.526, Yaw_err_deg: 1.543
Epoch: [9/23], Batch: 140/2963, Loss: 63.109, Trans_L2_m: 0.479, Yaw_err_deg: 1.048
Epoch: [9/23], Batch: 150/2963, Loss: 70.883, Trans_L2_m: 0.409, Yaw_err_deg: 1.454
Epoch: [9/23], Batch: 160/2963, Loss: 75.519, Trans_L2_m: 0.495, Yaw_err_deg: 1.661
Epoch: [9/23], Batch: 170/2963, Loss: 107.766, Trans_L2_m: 0.781, Yaw_err_deg: 1.752
Epoch: [9/23], Batch: 180/2963, Loss: 57.404, Trans_L2_m: 0.512, Yaw_err_deg: 1.489
Epoch: [9/23], Batch: 190/2963, Loss: 89.550, Trans_L2_m: 0.417, Yaw_err_deg: 1.715
Epoch: [9/23], Batch: 200/2963, Loss: 91.347, Trans_L2_m: 0.488, Yaw_err_deg: 1.847
Epoch: [9/23], Batch: 210/2963, Loss: 80.695, Trans_L2_m: 0.483, Yaw_err_deg: 2.058
Epoch: [9/23], Batch: 220/2963, Loss: 66.506, Trans_L2_m: 0.324, Yaw_err_deg: 1.571
Epoch: [9/23], Batch: 230/2963, Loss: 103.747, Trans_L2_m: 0.628, Yaw_err_deg: 2.173
Epoch: [9/23], Batch: 240/2963, Loss: 79.461, Trans_L2_m: 0.485, Yaw_err_deg: 1.708
Epoch: [9/23], Batch: 250/2963, Loss: 156.519, Trans_L2_m: 0.460, Yaw_err_deg: 3.376
Epoch: [9/23], Batch: 260/2963, Loss: 137.204, Trans_L2_m: 0.420, Yaw_err_deg: 2.712
Epoch: [9/23], Batch: 270/2963, Loss: 68.316, Trans_L2_m: 0.358, Yaw_err_deg: 1.439
Epoch: [9/23], Batch: 280/2963, Loss: 69.552, Trans_L2_m: 0.483, Yaw_err_deg: 1.381
Epoch: [9/23], Batch: 290/2963, Loss: 103.915, Trans_L2_m: 0.490, Yaw_err_deg: 2.420
Epoch: [9/23], Batch: 300/2963, Loss: 77.782, Trans_L2_m: 0.722, Yaw_err_deg: 1.435
Epoch: [9/23], Batch: 310/2963, Loss: 93.090, Trans_L2_m: 0.505, Yaw_err_deg: 2.009
Epoch: [9/23], Batch: 320/2963, Loss: 130.384, Trans_L2_m: 0.659, Yaw_err_deg: 2.314
Epoch: [9/23], Batch: 330/2963, Loss: 90.183, Trans_L2_m: 0.705, Yaw_err_deg: 2.205
Epoch: [9/23], Batch: 340/2963, Loss: 70.702, Trans_L2_m: 0.596, Yaw_err_deg: 1.789
Epoch: [9/23], Batch: 350/2963, Loss: 69.801, Trans_L2_m: 0.601, Yaw_err_deg: 1.263
Epoch: [9/23], Batch: 360/2963, Loss: 102.016, Trans_L2_m: 0.560, Yaw_err_deg: 2.428
Epoch: [9/23], Batch: 370/2963, Loss: 61.456, Trans_L2_m: 0.718, Yaw_err_deg: 1.108
Epoch: [9/23], Batch: 380/2963, Loss: 125.506, Trans_L2_m: 0.785, Yaw_err_deg: 1.900
Epoch: [9/23], Batch: 390/2963, Loss: 60.977, Trans_L2_m: 0.499, Yaw_err_deg: 1.291
Epoch: [9/23], Batch: 400/2963, Loss: 118.849, Trans_L2_m: 0.772, Yaw_err_deg: 2.449
Epoch: [9/23], Batch: 410/2963, Loss: 85.035, Trans_L2_m: 0.619, Yaw_err_deg: 1.596
Epoch: [9/23], Batch: 420/2963, Loss: 80.860, Trans_L2_m: 0.528, Yaw_err_deg: 1.945
Epoch: [9/23], Batch: 430/2963, Loss: 63.534, Trans_L2_m: 0.424, Yaw_err_deg: 1.521
Epoch: [9/23], Batch: 440/2963, Loss: 113.959, Trans_L2_m: 0.523, Yaw_err_deg: 2.926
Epoch: [9/23], Batch: 450/2963, Loss: 66.459, Trans_L2_m: 0.542, Yaw_err_deg: 1.286
Epoch: [9/23], Batch: 460/2963, Loss: 67.887, Trans_L2_m: 0.681, Yaw_err_deg: 1.399
Epoch: [9/23], Batch: 470/2963, Loss: 74.553, Trans_L2_m: 0.556, Yaw_err_deg: 1.713
Epoch: [9/23], Batch: 480/2963, Loss: 83.258, Trans_L2_m: 0.452, Yaw_err_deg: 1.673
Epoch: [9/23], Batch: 490/2963, Loss: 77.510, Trans_L2_m: 0.583, Yaw_err_deg: 1.244
Epoch: [9/23], Batch: 500/2963, Loss: 74.054, Trans_L2_m: 0.571, Yaw_err_deg: 1.712
Epoch: [9/23], Batch: 510/2963, Loss: 75.495, Trans_L2_m: 0.398, Yaw_err_deg: 1.530
Epoch: [9/23], Batch: 520/2963, Loss: 73.010, Trans_L2_m: 0.517, Yaw_err_deg: 1.597
Epoch: [9/23], Batch: 530/2963, Loss: 86.632, Trans_L2_m: 0.526, Yaw_err_deg: 1.574
Epoch: [9/23], Batch: 540/2963, Loss: 61.620, Trans_L2_m: 0.505, Yaw_err_deg: 1.216
Epoch: [9/23], Batch: 550/2963, Loss: 53.614, Trans_L2_m: 0.423, Yaw_err_deg: 0.982
Epoch: [9/23], Batch: 560/2963, Loss: 69.951, Trans_L2_m: 0.448, Yaw_err_deg: 1.468
Epoch: [9/23], Batch: 570/2963, Loss: 74.861, Trans_L2_m: 0.472, Yaw_err_deg: 1.340
Epoch: [9/23], Batch: 580/2963, Loss: 82.503, Trans_L2_m: 0.419, Yaw_err_deg: 1.530
Epoch: [9/23], Batch: 590/2963, Loss: 60.301, Trans_L2_m: 0.697, Yaw_err_deg: 1.360
Epoch: [9/23], Batch: 600/2963, Loss: 75.548, Trans_L2_m: 0.562, Yaw_err_deg: 1.688
Epoch: [9/23], Batch: 610/2963, Loss: 100.373, Trans_L2_m: 0.493, Yaw_err_deg: 1.955
Epoch: [9/23], Batch: 620/2963, Loss: 96.933, Trans_L2_m: 0.633, Yaw_err_deg: 2.144
Epoch: [9/23], Batch: 630/2963, Loss: 106.076, Trans_L2_m: 0.590, Yaw_err_deg: 2.256
Epoch: [9/23], Batch: 640/2963, Loss: 104.946, Trans_L2_m: 0.460, Yaw_err_deg: 2.470
Epoch: [9/23], Batch: 650/2963, Loss: 81.845, Trans_L2_m: 0.620, Yaw_err_deg: 1.689
Epoch: [9/23], Batch: 660/2963, Loss: 76.527, Trans_L2_m: 0.425, Yaw_err_deg: 1.602
Epoch: [9/23], Batch: 670/2963, Loss: 77.897, Trans_L2_m: 0.508, Yaw_err_deg: 1.494
Epoch: [9/23], Batch: 680/2963, Loss: 76.309, Trans_L2_m: 0.481, Yaw_err_deg: 1.652
Epoch: [9/23], Batch: 690/2963, Loss: 72.487, Trans_L2_m: 0.426, Yaw_err_deg: 1.650
Epoch: [9/23], Batch: 700/2963, Loss: 75.454, Trans_L2_m: 0.485, Yaw_err_deg: 1.887
Epoch: [9/23], Batch: 710/2963, Loss: 89.857, Trans_L2_m: 0.777, Yaw_err_deg: 1.530
Epoch: [9/23], Batch: 720/2963, Loss: 87.428, Trans_L2_m: 0.617, Yaw_err_deg: 1.769
Epoch: [9/23], Batch: 730/2963, Loss: 63.262, Trans_L2_m: 0.634, Yaw_err_deg: 1.287
Epoch: [9/23], Batch: 740/2963, Loss: 69.516, Trans_L2_m: 0.604, Yaw_err_deg: 1.454
Epoch: [9/23], Batch: 750/2963, Loss: 98.249, Trans_L2_m: 0.766, Yaw_err_deg: 2.045
Epoch: [9/23], Batch: 760/2963, Loss: 77.935, Trans_L2_m: 0.511, Yaw_err_deg: 1.910
Epoch: [9/23], Batch: 770/2963, Loss: 71.795, Trans_L2_m: 0.661, Yaw_err_deg: 1.357
Epoch: [9/23], Batch: 780/2963, Loss: 82.981, Trans_L2_m: 0.628, Yaw_err_deg: 1.509
Epoch: [9/23], Batch: 790/2963, Loss: 104.398, Trans_L2_m: 0.419, Yaw_err_deg: 2.477
Epoch: [9/23], Batch: 800/2963, Loss: 81.866, Trans_L2_m: 0.624, Yaw_err_deg: 1.869
Epoch: [9/23], Batch: 810/2963, Loss: 80.336, Trans_L2_m: 0.463, Yaw_err_deg: 1.922
Epoch: [9/23], Batch: 820/2963, Loss: 111.948, Trans_L2_m: 0.570, Yaw_err_deg: 2.145
Epoch: [9/23], Batch: 830/2963, Loss: 74.394, Trans_L2_m: 0.436, Yaw_err_deg: 1.745
Epoch: [9/23], Batch: 840/2963, Loss: 80.596, Trans_L2_m: 0.434, Yaw_err_deg: 1.760
Epoch: [9/23], Batch: 850/2963, Loss: 76.232, Trans_L2_m: 0.512, Yaw_err_deg: 1.631
Epoch: [9/23], Batch: 860/2963, Loss: 68.439, Trans_L2_m: 0.598, Yaw_err_deg: 1.379
Epoch: [9/23], Batch: 870/2963, Loss: 71.718, Trans_L2_m: 0.553, Yaw_err_deg: 1.515
Epoch: [9/23], Batch: 880/2963, Loss: 73.484, Trans_L2_m: 0.632, Yaw_err_deg: 1.607
Epoch: [9/23], Batch: 890/2963, Loss: 62.088, Trans_L2_m: 0.429, Yaw_err_deg: 1.374
Epoch: [9/23], Batch: 900/2963, Loss: 85.023, Trans_L2_m: 0.642, Yaw_err_deg: 1.580
Epoch: [9/23], Batch: 910/2963, Loss: 86.069, Trans_L2_m: 0.449, Yaw_err_deg: 1.812
Epoch: [9/23], Batch: 920/2963, Loss: 75.681, Trans_L2_m: 0.479, Yaw_err_deg: 1.587
Epoch: [9/23], Batch: 930/2963, Loss: 77.297, Trans_L2_m: 0.595, Yaw_err_deg: 1.408
Epoch: [9/23], Batch: 940/2963, Loss: 81.234, Trans_L2_m: 0.451, Yaw_err_deg: 1.908
Epoch: [9/23], Batch: 950/2963, Loss: 62.155, Trans_L2_m: 0.531, Yaw_err_deg: 1.287
Epoch: [9/23], Batch: 960/2963, Loss: 87.957, Trans_L2_m: 0.556, Yaw_err_deg: 1.835
Epoch: [9/23], Batch: 970/2963, Loss: 109.341, Trans_L2_m: 0.531, Yaw_err_deg: 2.459
Epoch: [9/23], Batch: 980/2963, Loss: 69.650, Trans_L2_m: 0.508, Yaw_err_deg: 1.295
Epoch: [9/23], Batch: 990/2963, Loss: 69.705, Trans_L2_m: 0.581, Yaw_err_deg: 1.456
Epoch: [9/23], Batch: 1000/2963, Loss: 69.820, Trans_L2_m: 0.588, Yaw_err_deg: 1.284
Epoch: [9/23], Batch: 1010/2963, Loss: 88.049, Trans_L2_m: 0.562, Yaw_err_deg: 2.039
Epoch: [9/23], Batch: 1020/2963, Loss: 65.852, Trans_L2_m: 0.470, Yaw_err_deg: 1.417
Epoch: [9/23], Batch: 1030/2963, Loss: 77.249, Trans_L2_m: 0.443, Yaw_err_deg: 1.834
Epoch: [9/23], Batch: 1040/2963, Loss: 82.910, Trans_L2_m: 0.486, Yaw_err_deg: 1.911
Epoch: [9/23], Batch: 1050/2963, Loss: 88.883, Trans_L2_m: 0.448, Yaw_err_deg: 1.944
Epoch: [9/23], Batch: 1060/2963, Loss: 117.958, Trans_L2_m: 0.559, Yaw_err_deg: 2.196
Epoch: [9/23], Batch: 1070/2963, Loss: 90.058, Trans_L2_m: 0.470, Yaw_err_deg: 1.670
Epoch: [9/23], Batch: 1080/2963, Loss: 65.014, Trans_L2_m: 0.426, Yaw_err_deg: 1.366
Epoch: [9/23], Batch: 1090/2963, Loss: 84.666, Trans_L2_m: 0.468, Yaw_err_deg: 2.302
Epoch: [9/23], Batch: 1100/2963, Loss: 68.771, Trans_L2_m: 0.379, Yaw_err_deg: 1.553
Epoch: [9/23], Batch: 1110/2963, Loss: 63.729, Trans_L2_m: 0.497, Yaw_err_deg: 1.594
Epoch: [9/23], Batch: 1120/2963, Loss: 77.758, Trans_L2_m: 0.519, Yaw_err_deg: 1.798
Epoch: [9/23], Batch: 1130/2963, Loss: 78.631, Trans_L2_m: 0.477, Yaw_err_deg: 1.624
Epoch: [9/23], Batch: 1140/2963, Loss: 83.053, Trans_L2_m: 0.527, Yaw_err_deg: 1.925
Epoch: [9/23], Batch: 1150/2963, Loss: 83.073, Trans_L2_m: 0.793, Yaw_err_deg: 1.746
Epoch: [9/23], Batch: 1160/2963, Loss: 77.984, Trans_L2_m: 0.683, Yaw_err_deg: 1.811
Epoch: [9/23], Batch: 1170/2963, Loss: 82.775, Trans_L2_m: 0.522, Yaw_err_deg: 1.815
Epoch: [9/23], Batch: 1180/2963, Loss: 74.721, Trans_L2_m: 0.505, Yaw_err_deg: 1.553
Epoch: [9/23], Batch: 1190/2963, Loss: 71.781, Trans_L2_m: 0.484, Yaw_err_deg: 1.787
Epoch: [9/23], Batch: 1200/2963, Loss: 90.891, Trans_L2_m: 0.445, Yaw_err_deg: 1.879
Epoch: [9/23], Batch: 1210/2963, Loss: 63.620, Trans_L2_m: 0.566, Yaw_err_deg: 1.356
Epoch: [9/23], Batch: 1220/2963, Loss: 70.321, Trans_L2_m: 0.537, Yaw_err_deg: 1.572
Epoch: [9/23], Batch: 1230/2963, Loss: 83.224, Trans_L2_m: 0.647, Yaw_err_deg: 1.824
Epoch: [9/23], Batch: 1240/2963, Loss: 111.769, Trans_L2_m: 0.388, Yaw_err_deg: 2.708
Epoch: [9/23], Batch: 1250/2963, Loss: 73.907, Trans_L2_m: 0.753, Yaw_err_deg: 1.411
Epoch: [9/23], Batch: 1260/2963, Loss: 61.097, Trans_L2_m: 0.426, Yaw_err_deg: 1.080
Epoch: [9/23], Batch: 1270/2963, Loss: 72.592, Trans_L2_m: 0.509, Yaw_err_deg: 1.550
Epoch: [9/23], Batch: 1280/2963, Loss: 75.574, Trans_L2_m: 0.497, Yaw_err_deg: 1.632
Epoch: [9/23], Batch: 1290/2963, Loss: 56.906, Trans_L2_m: 0.362, Yaw_err_deg: 1.386
Epoch: [9/23], Batch: 1300/2963, Loss: 54.770, Trans_L2_m: 0.398, Yaw_err_deg: 1.004
Epoch: [9/23], Batch: 1310/2963, Loss: 180.735, Trans_L2_m: 0.680, Yaw_err_deg: 2.691
Epoch: [9/23], Batch: 1320/2963, Loss: 104.620, Trans_L2_m: 0.302, Yaw_err_deg: 2.816
Epoch: [9/23], Batch: 1330/2963, Loss: 61.230, Trans_L2_m: 0.469, Yaw_err_deg: 1.392
Epoch: [9/23], Batch: 1340/2963, Loss: 87.825, Trans_L2_m: 0.591, Yaw_err_deg: 1.824
Epoch: [9/23], Batch: 1350/2963, Loss: 74.623, Trans_L2_m: 0.501, Yaw_err_deg: 1.642
Epoch: [9/23], Batch: 1360/2963, Loss: 76.158, Trans_L2_m: 0.450, Yaw_err_deg: 1.618
Epoch: [9/23], Batch: 1370/2963, Loss: 72.263, Trans_L2_m: 0.638, Yaw_err_deg: 1.285
Epoch: [9/23], Batch: 1380/2963, Loss: 62.472, Trans_L2_m: 0.471, Yaw_err_deg: 1.165
Epoch: [9/23], Batch: 1390/2963, Loss: 64.692, Trans_L2_m: 0.486, Yaw_err_deg: 1.263
Epoch: [9/23], Batch: 1400/2963, Loss: 76.367, Trans_L2_m: 0.676, Yaw_err_deg: 1.496
Epoch: [9/23], Batch: 1410/2963, Loss: 75.426, Trans_L2_m: 0.415, Yaw_err_deg: 1.279
Epoch: [9/23], Batch: 1420/2963, Loss: 79.827, Trans_L2_m: 0.527, Yaw_err_deg: 1.775
Epoch: [9/23], Batch: 1430/2963, Loss: 72.249, Trans_L2_m: 0.556, Yaw_err_deg: 1.584
Epoch: [9/23], Batch: 1440/2963, Loss: 95.795, Trans_L2_m: 0.316, Yaw_err_deg: 1.928
Epoch: [9/23], Batch: 1450/2963, Loss: 85.409, Trans_L2_m: 0.462, Yaw_err_deg: 1.587
Epoch: [9/23], Batch: 1460/2963, Loss: 70.756, Trans_L2_m: 0.448, Yaw_err_deg: 1.478
Epoch: [9/23], Batch: 1470/2963, Loss: 69.756, Trans_L2_m: 0.395, Yaw_err_deg: 1.568
Epoch: [9/23], Batch: 1480/2963, Loss: 68.936, Trans_L2_m: 0.375, Yaw_err_deg: 1.585
Epoch: [9/23], Batch: 1490/2963, Loss: 64.241, Trans_L2_m: 0.647, Yaw_err_deg: 1.044
Epoch: [9/23], Batch: 1500/2963, Loss: 78.252, Trans_L2_m: 0.610, Yaw_err_deg: 1.722
Epoch: [9/23], Batch: 1510/2963, Loss: 100.044, Trans_L2_m: 0.515, Yaw_err_deg: 2.499
Epoch: [9/23], Batch: 1520/2963, Loss: 111.282, Trans_L2_m: 0.586, Yaw_err_deg: 2.102
Epoch: [9/23], Batch: 1530/2963, Loss: 112.523, Trans_L2_m: 0.580, Yaw_err_deg: 2.425
Epoch: [9/23], Batch: 1540/2963, Loss: 60.883, Trans_L2_m: 0.594, Yaw_err_deg: 1.245
Epoch: [9/23], Batch: 1550/2963, Loss: 84.191, Trans_L2_m: 0.574, Yaw_err_deg: 1.971
Epoch: [9/23], Batch: 1560/2963, Loss: 69.742, Trans_L2_m: 0.537, Yaw_err_deg: 1.399
Epoch: [9/23], Batch: 1570/2963, Loss: 104.881, Trans_L2_m: 0.578, Yaw_err_deg: 1.703
Epoch: [9/23], Batch: 1580/2963, Loss: 69.060, Trans_L2_m: 0.446, Yaw_err_deg: 1.319
Epoch: [9/23], Batch: 1590/2963, Loss: 64.172, Trans_L2_m: 0.579, Yaw_err_deg: 1.132
Epoch: [9/23], Batch: 1600/2963, Loss: 82.411, Trans_L2_m: 0.502, Yaw_err_deg: 1.993
Epoch: [9/23], Batch: 1610/2963, Loss: 113.327, Trans_L2_m: 0.681, Yaw_err_deg: 1.998
Epoch: [9/23], Batch: 1620/2963, Loss: 86.616, Trans_L2_m: 0.609, Yaw_err_deg: 1.995
Epoch: [9/23], Batch: 1630/2963, Loss: 63.586, Trans_L2_m: 0.497, Yaw_err_deg: 1.265
Epoch: [9/23], Batch: 1640/2963, Loss: 86.550, Trans_L2_m: 0.486, Yaw_err_deg: 1.702
Epoch: [9/23], Batch: 1650/2963, Loss: 141.273, Trans_L2_m: 0.519, Yaw_err_deg: 3.387
Epoch: [9/23], Batch: 1660/2963, Loss: 85.252, Trans_L2_m: 0.453, Yaw_err_deg: 2.267
Epoch: [9/23], Batch: 1670/2963, Loss: 56.805, Trans_L2_m: 0.419, Yaw_err_deg: 1.307
Epoch: [9/23], Batch: 1680/2963, Loss: 73.729, Trans_L2_m: 0.622, Yaw_err_deg: 1.592
Epoch: [9/23], Batch: 1690/2963, Loss: 62.703, Trans_L2_m: 0.447, Yaw_err_deg: 1.403
Epoch: [9/23], Batch: 1700/2963, Loss: 89.856, Trans_L2_m: 0.563, Yaw_err_deg: 1.977
Epoch: [9/23], Batch: 1710/2963, Loss: 109.722, Trans_L2_m: 0.548, Yaw_err_deg: 2.436
Epoch: [9/23], Batch: 1720/2963, Loss: 138.411, Trans_L2_m: 0.481, Yaw_err_deg: 2.827
Epoch: [9/23], Batch: 1730/2963, Loss: 80.969, Trans_L2_m: 0.585, Yaw_err_deg: 1.950
Epoch: [9/23], Batch: 1740/2963, Loss: 81.627, Trans_L2_m: 0.523, Yaw_err_deg: 1.832
Epoch: [9/23], Batch: 1750/2963, Loss: 72.438, Trans_L2_m: 0.632, Yaw_err_deg: 1.670
Epoch: [9/23], Batch: 1760/2963, Loss: 87.210, Trans_L2_m: 0.482, Yaw_err_deg: 1.940
Epoch: [9/23], Batch: 1770/2963, Loss: 67.988, Trans_L2_m: 0.596, Yaw_err_deg: 1.525
Epoch: [9/23], Batch: 1780/2963, Loss: 73.301, Trans_L2_m: 0.657, Yaw_err_deg: 1.508
Epoch: [9/23], Batch: 1790/2963, Loss: 93.175, Trans_L2_m: 0.506, Yaw_err_deg: 1.996
Epoch: [9/23], Batch: 1800/2963, Loss: 111.208, Trans_L2_m: 0.562, Yaw_err_deg: 2.533
Epoch: [9/23], Batch: 1810/2963, Loss: 114.519, Trans_L2_m: 0.590, Yaw_err_deg: 2.469
Epoch: [9/23], Batch: 1820/2963, Loss: 82.769, Trans_L2_m: 0.568, Yaw_err_deg: 1.484
Epoch: [9/23], Batch: 1830/2963, Loss: 76.226, Trans_L2_m: 0.531, Yaw_err_deg: 1.746
Epoch: [9/23], Batch: 1840/2963, Loss: 78.691, Trans_L2_m: 0.631, Yaw_err_deg: 1.748
Epoch: [9/23], Batch: 1850/2963, Loss: 123.751, Trans_L2_m: 0.506, Yaw_err_deg: 3.055
Epoch: [9/23], Batch: 1860/2963, Loss: 78.640, Trans_L2_m: 0.559, Yaw_err_deg: 1.479
Epoch: [9/23], Batch: 1870/2963, Loss: 115.181, Trans_L2_m: 0.467, Yaw_err_deg: 2.413
Epoch: [9/23], Batch: 1880/2963, Loss: 65.501, Trans_L2_m: 0.340, Yaw_err_deg: 1.635
Epoch: [9/23], Batch: 1890/2963, Loss: 82.759, Trans_L2_m: 0.624, Yaw_err_deg: 1.320
Epoch: [9/23], Batch: 1900/2963, Loss: 203.674, Trans_L2_m: 0.481, Yaw_err_deg: 3.335
Epoch: [9/23], Batch: 1910/2963, Loss: 105.426, Trans_L2_m: 0.499, Yaw_err_deg: 2.426
Epoch: [9/23], Batch: 1920/2963, Loss: 75.450, Trans_L2_m: 0.505, Yaw_err_deg: 1.433
Epoch: [9/23], Batch: 1930/2963, Loss: 57.112, Trans_L2_m: 0.494, Yaw_err_deg: 0.918
Epoch: [9/23], Batch: 1940/2963, Loss: 102.717, Trans_L2_m: 0.546, Yaw_err_deg: 2.422
Epoch: [9/23], Batch: 1950/2963, Loss: 79.522, Trans_L2_m: 0.417, Yaw_err_deg: 1.819
Epoch: [9/23], Batch: 1960/2963, Loss: 53.813, Trans_L2_m: 0.457, Yaw_err_deg: 0.948
Epoch: [9/23], Batch: 1970/2963, Loss: 91.260, Trans_L2_m: 0.478, Yaw_err_deg: 2.058
Epoch: [9/23], Batch: 1980/2963, Loss: 72.250, Trans_L2_m: 0.614, Yaw_err_deg: 1.665
Epoch: [9/23], Batch: 1990/2963, Loss: 65.933, Trans_L2_m: 0.453, Yaw_err_deg: 0.848
Epoch: [9/23], Batch: 2000/2963, Loss: 71.587, Trans_L2_m: 0.665, Yaw_err_deg: 1.483
Epoch: [9/23], Batch: 2010/2963, Loss: 61.566, Trans_L2_m: 0.583, Yaw_err_deg: 1.303
Epoch: [9/23], Batch: 2020/2963, Loss: 116.913, Trans_L2_m: 0.430, Yaw_err_deg: 1.258
Epoch: [9/23], Batch: 2030/2963, Loss: 66.962, Trans_L2_m: 0.484, Yaw_err_deg: 1.436
Epoch: [9/23], Batch: 2040/2963, Loss: 66.067, Trans_L2_m: 0.516, Yaw_err_deg: 1.549
Epoch: [9/23], Batch: 2050/2963, Loss: 84.986, Trans_L2_m: 0.513, Yaw_err_deg: 1.860
Epoch: [9/23], Batch: 2060/2963, Loss: 68.232, Trans_L2_m: 0.546, Yaw_err_deg: 1.507
Epoch: [9/23], Batch: 2070/2963, Loss: 61.433, Trans_L2_m: 0.402, Yaw_err_deg: 1.205
Epoch: [9/23], Batch: 2080/2963, Loss: 91.096, Trans_L2_m: 0.640, Yaw_err_deg: 1.802
Epoch: [9/23], Batch: 2090/2963, Loss: 75.323, Trans_L2_m: 0.530, Yaw_err_deg: 1.610
Epoch: [9/23], Batch: 2100/2963, Loss: 74.400, Trans_L2_m: 0.548, Yaw_err_deg: 1.395
Epoch: [9/23], Batch: 2110/2963, Loss: 89.998, Trans_L2_m: 0.409, Yaw_err_deg: 2.179
Epoch: [9/23], Batch: 2120/2963, Loss: 64.052, Trans_L2_m: 0.442, Yaw_err_deg: 1.239
Epoch: [9/23], Batch: 2130/2963, Loss: 67.870, Trans_L2_m: 0.466, Yaw_err_deg: 1.558
Epoch: [9/23], Batch: 2140/2963, Loss: 80.273, Trans_L2_m: 0.442, Yaw_err_deg: 1.903
Epoch: [9/23], Batch: 2150/2963, Loss: 69.654, Trans_L2_m: 0.349, Yaw_err_deg: 1.604
Epoch: [9/23], Batch: 2160/2963, Loss: 75.082, Trans_L2_m: 0.743, Yaw_err_deg: 1.515
Epoch: [9/23], Batch: 2170/2963, Loss: 71.112, Trans_L2_m: 0.574, Yaw_err_deg: 1.773
Epoch: [9/23], Batch: 2180/2963, Loss: 98.557, Trans_L2_m: 0.576, Yaw_err_deg: 2.387
Epoch: [9/23], Batch: 2190/2963, Loss: 118.383, Trans_L2_m: 0.396, Yaw_err_deg: 2.706
Epoch: [9/23], Batch: 2200/2963, Loss: 142.217, Trans_L2_m: 0.553, Yaw_err_deg: 2.643
Epoch: [9/23], Batch: 2210/2963, Loss: 63.616, Trans_L2_m: 0.433, Yaw_err_deg: 1.224
Epoch: [9/23], Batch: 2220/2963, Loss: 65.469, Trans_L2_m: 0.496, Yaw_err_deg: 1.262
Epoch: [9/23], Batch: 2230/2963, Loss: 126.342, Trans_L2_m: 0.726, Yaw_err_deg: 2.718
Epoch: [9/23], Batch: 2240/2963, Loss: 66.605, Trans_L2_m: 0.480, Yaw_err_deg: 1.478
Epoch: [9/23], Batch: 2250/2963, Loss: 126.883, Trans_L2_m: 0.640, Yaw_err_deg: 1.749
Epoch: [9/23], Batch: 2260/2963, Loss: 246.504, Trans_L2_m: 0.483, Yaw_err_deg: 3.390
Epoch: [9/23], Batch: 2270/2963, Loss: 56.952, Trans_L2_m: 0.557, Yaw_err_deg: 1.073
Epoch: [9/23], Batch: 2280/2963, Loss: 71.600, Trans_L2_m: 0.582, Yaw_err_deg: 1.608
Epoch: [9/23], Batch: 2290/2963, Loss: 91.802, Trans_L2_m: 0.535, Yaw_err_deg: 2.006
Epoch: [9/23], Batch: 2300/2963, Loss: 83.825, Trans_L2_m: 0.595, Yaw_err_deg: 1.769
Epoch: [9/23], Batch: 2310/2963, Loss: 66.764, Trans_L2_m: 0.550, Yaw_err_deg: 1.022
Epoch: [9/23], Batch: 2320/2963, Loss: 85.622, Trans_L2_m: 0.540, Yaw_err_deg: 1.517
Epoch: [9/23], Batch: 2330/2963, Loss: 78.333, Trans_L2_m: 0.485, Yaw_err_deg: 1.738
Epoch: [9/23], Batch: 2340/2963, Loss: 66.860, Trans_L2_m: 0.430, Yaw_err_deg: 1.388
Epoch: [9/23], Batch: 2350/2963, Loss: 67.041, Trans_L2_m: 0.542, Yaw_err_deg: 1.517
Epoch: [9/23], Batch: 2360/2963, Loss: 92.157, Trans_L2_m: 0.785, Yaw_err_deg: 1.512
Epoch: [9/23], Batch: 2370/2963, Loss: 97.499, Trans_L2_m: 0.599, Yaw_err_deg: 2.083
Epoch: [9/23], Batch: 2380/2963, Loss: 89.284, Trans_L2_m: 0.453, Yaw_err_deg: 2.256
Epoch: [9/23], Batch: 2390/2963, Loss: 87.523, Trans_L2_m: 1.120, Yaw_err_deg: 1.502
Epoch: [9/23], Batch: 2400/2963, Loss: 61.815, Trans_L2_m: 0.461, Yaw_err_deg: 1.339
Epoch: [9/23], Batch: 2410/2963, Loss: 78.666, Trans_L2_m: 0.561, Yaw_err_deg: 1.580
Epoch: [9/23], Batch: 2420/2963, Loss: 364.378, Trans_L2_m: 0.515, Yaw_err_deg: 2.746
Epoch: [9/23], Batch: 2430/2963, Loss: 124.093, Trans_L2_m: 0.666, Yaw_err_deg: 2.056
Epoch: [9/23], Batch: 2440/2963, Loss: 63.656, Trans_L2_m: 0.472, Yaw_err_deg: 1.475
Epoch: [9/23], Batch: 2450/2963, Loss: 65.071, Trans_L2_m: 0.381, Yaw_err_deg: 1.377
Epoch: [9/23], Batch: 2460/2963, Loss: 65.463, Trans_L2_m: 0.504, Yaw_err_deg: 1.366
Epoch: [9/23], Batch: 2470/2963, Loss: 57.365, Trans_L2_m: 0.521, Yaw_err_deg: 1.002
Epoch: [9/23], Batch: 2480/2963, Loss: 81.806, Trans_L2_m: 0.446, Yaw_err_deg: 1.987
Epoch: [9/23], Batch: 2490/2963, Loss: 67.103, Trans_L2_m: 0.544, Yaw_err_deg: 1.237
Epoch: [9/23], Batch: 2500/2963, Loss: 104.991, Trans_L2_m: 0.568, Yaw_err_deg: 1.924
Epoch: [9/23], Batch: 2510/2963, Loss: 86.312, Trans_L2_m: 0.599, Yaw_err_deg: 1.790
Epoch: [9/23], Batch: 2520/2963, Loss: 63.789, Trans_L2_m: 0.612, Yaw_err_deg: 1.411
Epoch: [9/23], Batch: 2530/2963, Loss: 75.213, Trans_L2_m: 0.672, Yaw_err_deg: 1.538
Epoch: [9/23], Batch: 2540/2963, Loss: 74.360, Trans_L2_m: 0.484, Yaw_err_deg: 1.384
Epoch: [9/23], Batch: 2550/2963, Loss: 80.949, Trans_L2_m: 0.487, Yaw_err_deg: 1.407
Epoch: [9/23], Batch: 2560/2963, Loss: 83.625, Trans_L2_m: 0.491, Yaw_err_deg: 1.967
Epoch: [9/23], Batch: 2570/2963, Loss: 86.450, Trans_L2_m: 0.736, Yaw_err_deg: 1.678
Epoch: [9/23], Batch: 2580/2963, Loss: 63.708, Trans_L2_m: 0.417, Yaw_err_deg: 1.175
Epoch: [9/23], Batch: 2590/2963, Loss: 64.974, Trans_L2_m: 0.631, Yaw_err_deg: 1.147
Epoch: [9/23], Batch: 2600/2963, Loss: 66.839, Trans_L2_m: 0.532, Yaw_err_deg: 1.487
Epoch: [9/23], Batch: 2610/2963, Loss: 71.499, Trans_L2_m: 0.587, Yaw_err_deg: 1.370
Epoch: [9/23], Batch: 2620/2963, Loss: 100.303, Trans_L2_m: 0.689, Yaw_err_deg: 1.622
Epoch: [9/23], Batch: 2630/2963, Loss: 98.041, Trans_L2_m: 0.593, Yaw_err_deg: 2.096
Epoch: [9/23], Batch: 2640/2963, Loss: 71.789, Trans_L2_m: 0.387, Yaw_err_deg: 1.646
Epoch: [9/23], Batch: 2650/2963, Loss: 59.096, Trans_L2_m: 0.531, Yaw_err_deg: 0.898
Epoch: [9/23], Batch: 2660/2963, Loss: 75.084, Trans_L2_m: 0.518, Yaw_err_deg: 1.671
Epoch: [9/23], Batch: 2670/2963, Loss: 83.747, Trans_L2_m: 0.393, Yaw_err_deg: 1.659
Epoch: [9/23], Batch: 2680/2963, Loss: 78.838, Trans_L2_m: 0.582, Yaw_err_deg: 1.514
Epoch: [9/23], Batch: 2690/2963, Loss: 85.789, Trans_L2_m: 0.506, Yaw_err_deg: 1.469
Epoch: [9/23], Batch: 2700/2963, Loss: 66.177, Trans_L2_m: 0.627, Yaw_err_deg: 1.249
Epoch: [9/23], Batch: 2710/2963, Loss: 105.832, Trans_L2_m: 0.483, Yaw_err_deg: 2.037
Epoch: [9/23], Batch: 2720/2963, Loss: 79.679, Trans_L2_m: 0.806, Yaw_err_deg: 1.496
Epoch: [9/23], Batch: 2730/2963, Loss: 122.290, Trans_L2_m: 0.578, Yaw_err_deg: 2.583
Epoch: [9/23], Batch: 2740/2963, Loss: 71.485, Trans_L2_m: 0.529, Yaw_err_deg: 1.544
Epoch: [9/23], Batch: 2750/2963, Loss: 99.059, Trans_L2_m: 0.510, Yaw_err_deg: 2.154
Epoch: [9/23], Batch: 2760/2963, Loss: 73.172, Trans_L2_m: 0.429, Yaw_err_deg: 1.677
Epoch: [9/23], Batch: 2770/2963, Loss: 69.224, Trans_L2_m: 0.541, Yaw_err_deg: 1.351
Epoch: [9/23], Batch: 2780/2963, Loss: 82.746, Trans_L2_m: 0.516, Yaw_err_deg: 1.729
Epoch: [9/23], Batch: 2790/2963, Loss: 191.169, Trans_L2_m: 0.407, Yaw_err_deg: 2.567
Epoch: [9/23], Batch: 2800/2963, Loss: 62.446, Trans_L2_m: 0.414, Yaw_err_deg: 1.444
Epoch: [9/23], Batch: 2810/2963, Loss: 85.512, Trans_L2_m: 0.597, Yaw_err_deg: 1.910
Epoch: [9/23], Batch: 2820/2963, Loss: 69.548, Trans_L2_m: 0.548, Yaw_err_deg: 1.084
Epoch: [9/23], Batch: 2830/2963, Loss: 72.012, Trans_L2_m: 0.574, Yaw_err_deg: 1.246
Epoch: [9/23], Batch: 2840/2963, Loss: 76.746, Trans_L2_m: 0.347, Yaw_err_deg: 1.764
Epoch: [9/23], Batch: 2850/2963, Loss: 74.925, Trans_L2_m: 0.498, Yaw_err_deg: 1.424
Epoch: [9/23], Batch: 2860/2963, Loss: 73.625, Trans_L2_m: 0.699, Yaw_err_deg: 1.441
Epoch: [9/23], Batch: 2870/2963, Loss: 65.725, Trans_L2_m: 0.527, Yaw_err_deg: 1.475
Epoch: [9/23], Batch: 2880/2963, Loss: 236.324, Trans_L2_m: 0.618, Yaw_err_deg: 2.823
Epoch: [9/23], Batch: 2890/2963, Loss: 70.300, Trans_L2_m: 0.625, Yaw_err_deg: 1.451
Epoch: [9/23], Batch: 2900/2963, Loss: 99.941, Trans_L2_m: 0.547, Yaw_err_deg: 2.426
Epoch: [9/23], Batch: 2910/2963, Loss: 57.046, Trans_L2_m: 0.468, Yaw_err_deg: 1.089
Epoch: [9/23], Batch: 2920/2963, Loss: 100.974, Trans_L2_m: 0.669, Yaw_err_deg: 2.120
Epoch: [9/23], Batch: 2930/2963, Loss: 72.035, Trans_L2_m: 0.690, Yaw_err_deg: 1.482
Epoch: [9/23], Batch: 2940/2963, Loss: 81.118, Trans_L2_m: 0.557, Yaw_err_deg: 1.703
Epoch: [9/23], Batch: 2950/2963, Loss: 94.862, Trans_L2_m: 0.543, Yaw_err_deg: 1.930
Epoch: [9/23], Batch: 2960/2963, Loss: 60.807, Trans_L2_m: 0.512, Yaw_err_deg: 1.176
Validation loss (homography): 892.6286
Avg batch time: 978.31 ms, total: 317.349 s
[1;91mVal has no improvement vs 843.2620849609375![0m
Epoch: [10/23], Batch: 0/2963, Loss: 95.458, Trans_L2_m: 0.505, Yaw_err_deg: 1.744
Epoch: [10/23], Batch: 10/2963, Loss: 61.082, Trans_L2_m: 0.633, Yaw_err_deg: 1.325
Epoch: [10/23], Batch: 20/2963, Loss: 76.513, Trans_L2_m: 0.757, Yaw_err_deg: 1.465
Epoch: [10/23], Batch: 30/2963, Loss: 82.619, Trans_L2_m: 0.451, Yaw_err_deg: 1.709
Epoch: [10/23], Batch: 40/2963, Loss: 109.466, Trans_L2_m: 0.461, Yaw_err_deg: 2.305
Epoch: [10/23], Batch: 50/2963, Loss: 67.096, Trans_L2_m: 0.606, Yaw_err_deg: 1.298
Epoch: [10/23], Batch: 60/2963, Loss: 64.689, Trans_L2_m: 0.554, Yaw_err_deg: 1.356
Epoch: [10/23], Batch: 70/2963, Loss: 87.220, Trans_L2_m: 0.602, Yaw_err_deg: 1.675
Epoch: [10/23], Batch: 80/2963, Loss: 66.704, Trans_L2_m: 0.406, Yaw_err_deg: 1.141
Epoch: [10/23], Batch: 90/2963, Loss: 65.418, Trans_L2_m: 0.489, Yaw_err_deg: 1.298
Epoch: [10/23], Batch: 100/2963, Loss: 62.036, Trans_L2_m: 0.412, Yaw_err_deg: 1.167
Epoch: [10/23], Batch: 110/2963, Loss: 77.185, Trans_L2_m: 0.734, Yaw_err_deg: 1.725
Epoch: [10/23], Batch: 120/2963, Loss: 64.317, Trans_L2_m: 0.443, Yaw_err_deg: 1.222
Epoch: [10/23], Batch: 130/2963, Loss: 93.747, Trans_L2_m: 0.499, Yaw_err_deg: 2.241
Epoch: [10/23], Batch: 140/2963, Loss: 83.855, Trans_L2_m: 0.639, Yaw_err_deg: 1.901
Epoch: [10/23], Batch: 150/2963, Loss: 88.721, Trans_L2_m: 0.639, Yaw_err_deg: 1.886
Epoch: [10/23], Batch: 160/2963, Loss: 62.048, Trans_L2_m: 0.439, Yaw_err_deg: 1.178
Epoch: [10/23], Batch: 170/2963, Loss: 90.687, Trans_L2_m: 0.610, Yaw_err_deg: 1.966
Epoch: [10/23], Batch: 180/2963, Loss: 90.068, Trans_L2_m: 0.520, Yaw_err_deg: 2.089
Epoch: [10/23], Batch: 190/2963, Loss: 85.244, Trans_L2_m: 0.458, Yaw_err_deg: 2.059
Epoch: [10/23], Batch: 200/2963, Loss: 59.527, Trans_L2_m: 0.397, Yaw_err_deg: 1.132
Epoch: [10/23], Batch: 210/2963, Loss: 52.895, Trans_L2_m: 0.374, Yaw_err_deg: 0.984
Epoch: [10/23], Batch: 220/2963, Loss: 99.826, Trans_L2_m: 0.667, Yaw_err_deg: 2.133
Epoch: [10/23], Batch: 230/2963, Loss: 75.283, Trans_L2_m: 0.445, Yaw_err_deg: 1.235
Epoch: [10/23], Batch: 240/2963, Loss: 69.529, Trans_L2_m: 0.471, Yaw_err_deg: 1.854
Epoch: [10/23], Batch: 250/2963, Loss: 58.880, Trans_L2_m: 0.568, Yaw_err_deg: 1.057
Epoch: [10/23], Batch: 260/2963, Loss: 69.851, Trans_L2_m: 0.420, Yaw_err_deg: 1.546
Epoch: [10/23], Batch: 270/2963, Loss: 119.196, Trans_L2_m: 0.392, Yaw_err_deg: 2.529
Epoch: [10/23], Batch: 280/2963, Loss: 92.368, Trans_L2_m: 0.712, Yaw_err_deg: 1.690
Epoch: [10/23], Batch: 290/2963, Loss: 62.270, Trans_L2_m: 0.672, Yaw_err_deg: 1.174
Epoch: [10/23], Batch: 300/2963, Loss: 78.726, Trans_L2_m: 0.652, Yaw_err_deg: 1.643
Epoch: [10/23], Batch: 310/2963, Loss: 91.508, Trans_L2_m: 0.569, Yaw_err_deg: 1.873
Epoch: [10/23], Batch: 320/2963, Loss: 81.514, Trans_L2_m: 0.643, Yaw_err_deg: 1.373
Epoch: [10/23], Batch: 330/2963, Loss: 76.994, Trans_L2_m: 0.542, Yaw_err_deg: 1.259
Epoch: [10/23], Batch: 340/2963, Loss: 76.320, Trans_L2_m: 0.385, Yaw_err_deg: 1.687
Epoch: [10/23], Batch: 350/2963, Loss: 51.861, Trans_L2_m: 0.333, Yaw_err_deg: 1.144
Epoch: [10/23], Batch: 360/2963, Loss: 89.088, Trans_L2_m: 0.500, Yaw_err_deg: 2.032
Epoch: [10/23], Batch: 370/2963, Loss: 94.816, Trans_L2_m: 0.452, Yaw_err_deg: 1.932
Epoch: [10/23], Batch: 380/2963, Loss: 68.413, Trans_L2_m: 0.547, Yaw_err_deg: 1.478
Epoch: [10/23], Batch: 390/2963, Loss: 92.866, Trans_L2_m: 0.410, Yaw_err_deg: 2.178
Epoch: [10/23], Batch: 400/2963, Loss: 63.540, Trans_L2_m: 0.514, Yaw_err_deg: 1.279
Epoch: [10/23], Batch: 410/2963, Loss: 71.904, Trans_L2_m: 0.730, Yaw_err_deg: 1.083
Epoch: [10/23], Batch: 420/2963, Loss: 55.522, Trans_L2_m: 0.436, Yaw_err_deg: 1.212
Epoch: [10/23], Batch: 430/2963, Loss: 66.629, Trans_L2_m: 0.441, Yaw_err_deg: 1.232
Epoch: [10/23], Batch: 440/2963, Loss: 110.967, Trans_L2_m: 0.491, Yaw_err_deg: 2.223
Epoch: [10/23], Batch: 450/2963, Loss: 116.768, Trans_L2_m: 0.616, Yaw_err_deg: 2.594
Epoch: [10/23], Batch: 460/2963, Loss: 55.670, Trans_L2_m: 0.361, Yaw_err_deg: 1.117
Epoch: [10/23], Batch: 470/2963, Loss: 78.690, Trans_L2_m: 0.502, Yaw_err_deg: 1.816
Epoch: [10/23], Batch: 480/2963, Loss: 67.113, Trans_L2_m: 0.495, Yaw_err_deg: 1.286
Epoch: [10/23], Batch: 490/2963, Loss: 64.914, Trans_L2_m: 0.531, Yaw_err_deg: 1.154
Epoch: [10/23], Batch: 500/2963, Loss: 55.887, Trans_L2_m: 0.407, Yaw_err_deg: 1.032
Epoch: [10/23], Batch: 510/2963, Loss: 107.437, Trans_L2_m: 0.389, Yaw_err_deg: 2.327
Epoch: [10/23], Batch: 520/2963, Loss: 82.317, Trans_L2_m: 0.431, Yaw_err_deg: 1.491
Epoch: [10/23], Batch: 530/2963, Loss: 83.549, Trans_L2_m: 0.635, Yaw_err_deg: 1.894
Epoch: [10/23], Batch: 540/2963, Loss: 77.707, Trans_L2_m: 0.545, Yaw_err_deg: 1.768
Epoch: [10/23], Batch: 550/2963, Loss: 63.972, Trans_L2_m: 0.516, Yaw_err_deg: 1.422
Epoch: [10/23], Batch: 560/2963, Loss: 70.785, Trans_L2_m: 0.477, Yaw_err_deg: 1.477
Epoch: [10/23], Batch: 570/2963, Loss: 108.487, Trans_L2_m: 0.904, Yaw_err_deg: 2.304
Epoch: [10/23], Batch: 580/2963, Loss: 365.877, Trans_L2_m: 0.483, Yaw_err_deg: 3.513
Epoch: [10/23], Batch: 590/2963, Loss: 54.108, Trans_L2_m: 0.481, Yaw_err_deg: 0.819
Epoch: [10/23], Batch: 600/2963, Loss: 83.070, Trans_L2_m: 0.460, Yaw_err_deg: 2.163
Epoch: [10/23], Batch: 610/2963, Loss: 64.579, Trans_L2_m: 0.443, Yaw_err_deg: 1.385
Epoch: [10/23], Batch: 620/2963, Loss: 60.536, Trans_L2_m: 0.440, Yaw_err_deg: 1.384
Epoch: [10/23], Batch: 630/2963, Loss: 132.230, Trans_L2_m: 0.679, Yaw_err_deg: 1.994
Epoch: [10/23], Batch: 640/2963, Loss: 62.587, Trans_L2_m: 0.444, Yaw_err_deg: 1.125
Epoch: [10/23], Batch: 650/2963, Loss: 70.142, Trans_L2_m: 0.580, Yaw_err_deg: 1.105
Epoch: [10/23], Batch: 660/2963, Loss: 58.577, Trans_L2_m: 0.567, Yaw_err_deg: 1.155
Epoch: [10/23], Batch: 670/2963, Loss: 75.760, Trans_L2_m: 0.479, Yaw_err_deg: 1.883
Epoch: [10/23], Batch: 680/2963, Loss: 84.409, Trans_L2_m: 0.528, Yaw_err_deg: 1.881
Epoch: [10/23], Batch: 690/2963, Loss: 140.960, Trans_L2_m: 0.720, Yaw_err_deg: 2.858
Epoch: [10/23], Batch: 700/2963, Loss: 84.212, Trans_L2_m: 0.504, Yaw_err_deg: 2.012
Epoch: [10/23], Batch: 710/2963, Loss: 56.596, Trans_L2_m: 0.532, Yaw_err_deg: 1.208
Epoch: [10/23], Batch: 720/2963, Loss: 76.210, Trans_L2_m: 0.459, Yaw_err_deg: 1.658
Epoch: [10/23], Batch: 730/2963, Loss: 87.308, Trans_L2_m: 0.491, Yaw_err_deg: 1.589
Epoch: [10/23], Batch: 740/2963, Loss: 95.784, Trans_L2_m: 0.377, Yaw_err_deg: 2.355
Epoch: [10/23], Batch: 750/2963, Loss: 97.448, Trans_L2_m: 0.491, Yaw_err_deg: 1.882
Epoch: [10/23], Batch: 760/2963, Loss: 107.763, Trans_L2_m: 0.491, Yaw_err_deg: 2.253
Epoch: [10/23], Batch: 770/2963, Loss: 79.314, Trans_L2_m: 0.604, Yaw_err_deg: 1.501
Epoch: [10/23], Batch: 780/2963, Loss: 78.006, Trans_L2_m: 0.402, Yaw_err_deg: 1.654
Epoch: [10/23], Batch: 790/2963, Loss: 62.265, Trans_L2_m: 0.372, Yaw_err_deg: 1.330
Epoch: [10/23], Batch: 800/2963, Loss: 65.840, Trans_L2_m: 0.553, Yaw_err_deg: 1.079
Epoch: [10/23], Batch: 810/2963, Loss: 85.567, Trans_L2_m: 0.555, Yaw_err_deg: 1.469
Epoch: [10/23], Batch: 820/2963, Loss: 72.035, Trans_L2_m: 0.461, Yaw_err_deg: 1.367
Epoch: [10/23], Batch: 830/2963, Loss: 77.052, Trans_L2_m: 0.476, Yaw_err_deg: 1.483
Epoch: [10/23], Batch: 840/2963, Loss: 63.731, Trans_L2_m: 0.526, Yaw_err_deg: 1.207
Epoch: [10/23], Batch: 850/2963, Loss: 100.007, Trans_L2_m: 0.630, Yaw_err_deg: 1.908
Epoch: [10/23], Batch: 860/2963, Loss: 125.412, Trans_L2_m: 0.422, Yaw_err_deg: 2.018
Epoch: [10/23], Batch: 870/2963, Loss: 80.956, Trans_L2_m: 0.531, Yaw_err_deg: 1.712
Epoch: [10/23], Batch: 880/2963, Loss: 86.443, Trans_L2_m: 0.497, Yaw_err_deg: 2.120
Epoch: [10/23], Batch: 890/2963, Loss: 70.028, Trans_L2_m: 0.555, Yaw_err_deg: 1.635
Epoch: [10/23], Batch: 900/2963, Loss: 53.265, Trans_L2_m: 0.494, Yaw_err_deg: 0.838
Epoch: [10/23], Batch: 910/2963, Loss: 69.924, Trans_L2_m: 0.589, Yaw_err_deg: 1.550
Epoch: [10/23], Batch: 920/2963, Loss: 61.591, Trans_L2_m: 0.645, Yaw_err_deg: 1.216
Epoch: [10/23], Batch: 930/2963, Loss: 62.804, Trans_L2_m: 0.579, Yaw_err_deg: 1.314
Epoch: [10/23], Batch: 940/2963, Loss: 68.436, Trans_L2_m: 0.501, Yaw_err_deg: 1.410
Epoch: [10/23], Batch: 950/2963, Loss: 58.259, Trans_L2_m: 0.504, Yaw_err_deg: 1.091
Epoch: [10/23], Batch: 960/2963, Loss: 67.515, Trans_L2_m: 0.513, Yaw_err_deg: 1.322
Epoch: [10/23], Batch: 970/2963, Loss: 108.030, Trans_L2_m: 0.546, Yaw_err_deg: 2.496
Epoch: [10/23], Batch: 980/2963, Loss: 71.161, Trans_L2_m: 0.536, Yaw_err_deg: 1.367
Epoch: [10/23], Batch: 990/2963, Loss: 61.024, Trans_L2_m: 0.547, Yaw_err_deg: 1.167
Epoch: [10/23], Batch: 1000/2963, Loss: 92.318, Trans_L2_m: 0.590, Yaw_err_deg: 1.499
Epoch: [10/23], Batch: 1010/2963, Loss: 60.014, Trans_L2_m: 0.572, Yaw_err_deg: 1.088
Epoch: [10/23], Batch: 1020/2963, Loss: 77.128, Trans_L2_m: 0.628, Yaw_err_deg: 1.514
Epoch: [10/23], Batch: 1030/2963, Loss: 64.001, Trans_L2_m: 0.508, Yaw_err_deg: 1.459
Epoch: [10/23], Batch: 1040/2963, Loss: 61.814, Trans_L2_m: 0.574, Yaw_err_deg: 1.165
Epoch: [10/23], Batch: 1050/2963, Loss: 80.326, Trans_L2_m: 0.599, Yaw_err_deg: 1.747
Epoch: [10/23], Batch: 1060/2963, Loss: 76.873, Trans_L2_m: 0.654, Yaw_err_deg: 1.611
Epoch: [10/23], Batch: 1070/2963, Loss: 95.557, Trans_L2_m: 0.538, Yaw_err_deg: 2.146
Epoch: [10/23], Batch: 1080/2963, Loss: 67.280, Trans_L2_m: 0.556, Yaw_err_deg: 1.092
Epoch: [10/23], Batch: 1090/2963, Loss: 73.441, Trans_L2_m: 0.770, Yaw_err_deg: 1.355
Epoch: [10/23], Batch: 1100/2963, Loss: 75.864, Trans_L2_m: 0.744, Yaw_err_deg: 1.382
Epoch: [10/23], Batch: 1110/2963, Loss: 72.472, Trans_L2_m: 0.440, Yaw_err_deg: 1.664
Epoch: [10/23], Batch: 1120/2963, Loss: 68.569, Trans_L2_m: 0.403, Yaw_err_deg: 1.247
Epoch: [10/23], Batch: 1130/2963, Loss: 73.823, Trans_L2_m: 0.484, Yaw_err_deg: 1.443
Epoch: [10/23], Batch: 1140/2963, Loss: 79.778, Trans_L2_m: 0.483, Yaw_err_deg: 2.104
Epoch: [10/23], Batch: 1150/2963, Loss: 76.716, Trans_L2_m: 0.457, Yaw_err_deg: 1.589
Epoch: [10/23], Batch: 1160/2963, Loss: 72.188, Trans_L2_m: 0.390, Yaw_err_deg: 1.279
Epoch: [10/23], Batch: 1170/2963, Loss: 68.396, Trans_L2_m: 0.344, Yaw_err_deg: 0.929
Epoch: [10/23], Batch: 1180/2963, Loss: 85.522, Trans_L2_m: 0.449, Yaw_err_deg: 1.552
Epoch: [10/23], Batch: 1190/2963, Loss: 55.969, Trans_L2_m: 0.428, Yaw_err_deg: 1.022
Epoch: [10/23], Batch: 1200/2963, Loss: 67.352, Trans_L2_m: 0.551, Yaw_err_deg: 1.395
Epoch: [10/23], Batch: 1210/2963, Loss: 66.289, Trans_L2_m: 0.494, Yaw_err_deg: 1.515
Epoch: [10/23], Batch: 1220/2963, Loss: 169.847, Trans_L2_m: 0.517, Yaw_err_deg: 2.942
Epoch: [10/23], Batch: 1230/2963, Loss: 72.013, Trans_L2_m: 0.479, Yaw_err_deg: 1.430
Epoch: [10/23], Batch: 1240/2963, Loss: 71.562, Trans_L2_m: 0.440, Yaw_err_deg: 1.253
Epoch: [10/23], Batch: 1250/2963, Loss: 119.556, Trans_L2_m: 0.457, Yaw_err_deg: 2.140
Epoch: [10/23], Batch: 1260/2963, Loss: 66.136, Trans_L2_m: 0.591, Yaw_err_deg: 1.385
Epoch: [10/23], Batch: 1270/2963, Loss: 71.854, Trans_L2_m: 0.465, Yaw_err_deg: 1.740
Epoch: [10/23], Batch: 1280/2963, Loss: 81.723, Trans_L2_m: 0.427, Yaw_err_deg: 1.497
Epoch: [10/23], Batch: 1290/2963, Loss: 65.094, Trans_L2_m: 0.444, Yaw_err_deg: 1.406
Epoch: [10/23], Batch: 1300/2963, Loss: 54.823, Trans_L2_m: 0.485, Yaw_err_deg: 0.933
Epoch: [10/23], Batch: 1310/2963, Loss: 76.682, Trans_L2_m: 0.620, Yaw_err_deg: 1.820
Epoch: [10/23], Batch: 1320/2963, Loss: 81.008, Trans_L2_m: 0.375, Yaw_err_deg: 1.825
Epoch: [10/23], Batch: 1330/2963, Loss: 71.056, Trans_L2_m: 0.494, Yaw_err_deg: 1.541
Epoch: [10/23], Batch: 1340/2963, Loss: 67.424, Trans_L2_m: 0.540, Yaw_err_deg: 1.424
Epoch: [10/23], Batch: 1350/2963, Loss: 74.184, Trans_L2_m: 0.505, Yaw_err_deg: 1.238
Epoch: [10/23], Batch: 1360/2963, Loss: 83.303, Trans_L2_m: 0.471, Yaw_err_deg: 1.939
Epoch: [10/23], Batch: 1370/2963, Loss: 63.503, Trans_L2_m: 0.570, Yaw_err_deg: 1.338
Epoch: [10/23], Batch: 1380/2963, Loss: 65.017, Trans_L2_m: 0.472, Yaw_err_deg: 1.614
Epoch: [10/23], Batch: 1390/2963, Loss: 74.606, Trans_L2_m: 0.487, Yaw_err_deg: 1.702
Epoch: [10/23], Batch: 1400/2963, Loss: 51.797, Trans_L2_m: 0.515, Yaw_err_deg: 0.673
Epoch: [10/23], Batch: 1410/2963, Loss: 56.417, Trans_L2_m: 0.501, Yaw_err_deg: 0.622
Epoch: [10/23], Batch: 1420/2963, Loss: 56.035, Trans_L2_m: 0.536, Yaw_err_deg: 0.915
Epoch: [10/23], Batch: 1430/2963, Loss: 66.579, Trans_L2_m: 0.398, Yaw_err_deg: 1.649
Epoch: [10/23], Batch: 1440/2963, Loss: 59.364, Trans_L2_m: 0.575, Yaw_err_deg: 1.300
Epoch: [10/23], Batch: 1450/2963, Loss: 58.518, Trans_L2_m: 0.331, Yaw_err_deg: 1.343
Epoch: [10/23], Batch: 1460/2963, Loss: 71.772, Trans_L2_m: 0.464, Yaw_err_deg: 1.669
Epoch: [10/23], Batch: 1470/2963, Loss: 72.417, Trans_L2_m: 0.526, Yaw_err_deg: 1.185
Epoch: [10/23], Batch: 1480/2963, Loss: 61.727, Trans_L2_m: 0.547, Yaw_err_deg: 1.175
Epoch: [10/23], Batch: 1490/2963, Loss: 69.049, Trans_L2_m: 0.390, Yaw_err_deg: 1.413
Epoch: [10/23], Batch: 1500/2963, Loss: 72.010, Trans_L2_m: 0.635, Yaw_err_deg: 1.004
Epoch: [10/23], Batch: 1510/2963, Loss: 66.007, Trans_L2_m: 0.506, Yaw_err_deg: 1.713
Epoch: [10/23], Batch: 1520/2963, Loss: 76.020, Trans_L2_m: 0.637, Yaw_err_deg: 1.709
Epoch: [10/23], Batch: 1530/2963, Loss: 54.263, Trans_L2_m: 0.471, Yaw_err_deg: 1.027
Epoch: [10/23], Batch: 1540/2963, Loss: 70.634, Trans_L2_m: 0.616, Yaw_err_deg: 1.611
Epoch: [10/23], Batch: 1550/2963, Loss: 140.589, Trans_L2_m: 0.408, Yaw_err_deg: 3.159
Epoch: [10/23], Batch: 1560/2963, Loss: 63.560, Trans_L2_m: 0.444, Yaw_err_deg: 1.232
Epoch: [10/23], Batch: 1570/2963, Loss: 78.376, Trans_L2_m: 0.575, Yaw_err_deg: 1.680
Epoch: [10/23], Batch: 1580/2963, Loss: 71.783, Trans_L2_m: 0.461, Yaw_err_deg: 1.714
Epoch: [10/23], Batch: 1590/2963, Loss: 65.697, Trans_L2_m: 0.519, Yaw_err_deg: 1.497
Epoch: [10/23], Batch: 1600/2963, Loss: 62.626, Trans_L2_m: 0.376, Yaw_err_deg: 1.143
Epoch: [10/23], Batch: 1610/2963, Loss: 49.545, Trans_L2_m: 0.392, Yaw_err_deg: 0.868
Epoch: [10/23], Batch: 1620/2963, Loss: 71.587, Trans_L2_m: 0.427, Yaw_err_deg: 1.617
Epoch: [10/23], Batch: 1630/2963, Loss: 66.093, Trans_L2_m: 0.454, Yaw_err_deg: 1.359
Epoch: [10/23], Batch: 1640/2963, Loss: 78.187, Trans_L2_m: 0.550, Yaw_err_deg: 1.718
Epoch: [10/23], Batch: 1650/2963, Loss: 62.751, Trans_L2_m: 0.488, Yaw_err_deg: 1.186
Epoch: [10/23], Batch: 1660/2963, Loss: 87.614, Trans_L2_m: 0.326, Yaw_err_deg: 1.631
Epoch: [10/23], Batch: 1670/2963, Loss: 87.067, Trans_L2_m: 0.495, Yaw_err_deg: 1.884
Epoch: [10/23], Batch: 1680/2963, Loss: 67.227, Trans_L2_m: 0.464, Yaw_err_deg: 1.485
Epoch: [10/23], Batch: 1690/2963, Loss: 68.392, Trans_L2_m: 0.372, Yaw_err_deg: 1.495
Epoch: [10/23], Batch: 1700/2963, Loss: 67.036, Trans_L2_m: 0.502, Yaw_err_deg: 1.183
Epoch: [10/23], Batch: 1710/2963, Loss: 54.742, Trans_L2_m: 0.313, Yaw_err_deg: 1.128
Epoch: [10/23], Batch: 1720/2963, Loss: 68.036, Trans_L2_m: 0.637, Yaw_err_deg: 1.277
Epoch: [10/23], Batch: 1730/2963, Loss: 46.974, Trans_L2_m: 0.366, Yaw_err_deg: 0.786
Epoch: [10/23], Batch: 1740/2963, Loss: 72.251, Trans_L2_m: 0.510, Yaw_err_deg: 1.645
Epoch: [10/23], Batch: 1750/2963, Loss: 70.628, Trans_L2_m: 0.463, Yaw_err_deg: 1.506
Epoch: [10/23], Batch: 1760/2963, Loss: 63.661, Trans_L2_m: 0.469, Yaw_err_deg: 1.478
Epoch: [10/23], Batch: 1770/2963, Loss: 70.190, Trans_L2_m: 0.485, Yaw_err_deg: 1.556
Epoch: [10/23], Batch: 1780/2963, Loss: 80.913, Trans_L2_m: 0.518, Yaw_err_deg: 1.786
Epoch: [10/23], Batch: 1790/2963, Loss: 66.751, Trans_L2_m: 0.565, Yaw_err_deg: 1.101
Epoch: [10/23], Batch: 1800/2963, Loss: 80.612, Trans_L2_m: 0.437, Yaw_err_deg: 2.008
Epoch: [10/23], Batch: 1810/2963, Loss: 106.627, Trans_L2_m: 0.513, Yaw_err_deg: 2.718
Epoch: [10/23], Batch: 1820/2963, Loss: 65.666, Trans_L2_m: 0.552, Yaw_err_deg: 1.136
Epoch: [10/23], Batch: 1830/2963, Loss: 90.658, Trans_L2_m: 0.546, Yaw_err_deg: 1.620
Epoch: [10/23], Batch: 1840/2963, Loss: 79.193, Trans_L2_m: 0.440, Yaw_err_deg: 1.665
Epoch: [10/23], Batch: 1850/2963, Loss: 59.954, Trans_L2_m: 0.522, Yaw_err_deg: 1.226
Epoch: [10/23], Batch: 1860/2963, Loss: 63.467, Trans_L2_m: 0.539, Yaw_err_deg: 1.002
Epoch: [10/23], Batch: 1870/2963, Loss: 212.723, Trans_L2_m: 0.326, Yaw_err_deg: 2.287
Epoch: [10/23], Batch: 1880/2963, Loss: 83.613, Trans_L2_m: 0.636, Yaw_err_deg: 1.810
Epoch: [10/23], Batch: 1890/2963, Loss: 70.114, Trans_L2_m: 0.577, Yaw_err_deg: 1.511
Epoch: [10/23], Batch: 1900/2963, Loss: 67.180, Trans_L2_m: 0.507, Yaw_err_deg: 1.243
Epoch: [10/23], Batch: 1910/2963, Loss: 87.634, Trans_L2_m: 0.398, Yaw_err_deg: 1.317
Epoch: [10/23], Batch: 1920/2963, Loss: 66.033, Trans_L2_m: 0.456, Yaw_err_deg: 1.404
Epoch: [10/23], Batch: 1930/2963, Loss: 70.434, Trans_L2_m: 0.536, Yaw_err_deg: 1.160
Epoch: [10/23], Batch: 1940/2963, Loss: 81.097, Trans_L2_m: 0.686, Yaw_err_deg: 1.936
Epoch: [10/23], Batch: 1950/2963, Loss: 81.727, Trans_L2_m: 0.388, Yaw_err_deg: 1.647
Epoch: [10/23], Batch: 1960/2963, Loss: 61.770, Trans_L2_m: 0.516, Yaw_err_deg: 1.447
Epoch: [10/23], Batch: 1970/2963, Loss: 59.812, Trans_L2_m: 0.482, Yaw_err_deg: 1.306
Epoch: [10/23], Batch: 1980/2963, Loss: 67.353, Trans_L2_m: 0.535, Yaw_err_deg: 1.246
Epoch: [10/23], Batch: 1990/2963, Loss: 59.003, Trans_L2_m: 0.346, Yaw_err_deg: 1.362
Epoch: [10/23], Batch: 2000/2963, Loss: 67.500, Trans_L2_m: 0.528, Yaw_err_deg: 1.468
Epoch: [10/23], Batch: 2010/2963, Loss: 79.518, Trans_L2_m: 0.555, Yaw_err_deg: 1.832
Epoch: [10/23], Batch: 2020/2963, Loss: 78.965, Trans_L2_m: 0.470, Yaw_err_deg: 1.863
Epoch: [10/23], Batch: 2030/2963, Loss: 54.979, Trans_L2_m: 0.554, Yaw_err_deg: 0.765
Epoch: [10/23], Batch: 2040/2963, Loss: 66.693, Trans_L2_m: 0.397, Yaw_err_deg: 1.565
Epoch: [10/23], Batch: 2050/2963, Loss: 80.469, Trans_L2_m: 0.582, Yaw_err_deg: 1.740
Epoch: [10/23], Batch: 2060/2963, Loss: 66.665, Trans_L2_m: 0.503, Yaw_err_deg: 1.559
Epoch: [10/23], Batch: 2070/2963, Loss: 65.304, Trans_L2_m: 0.441, Yaw_err_deg: 1.235
Epoch: [10/23], Batch: 2080/2963, Loss: 50.927, Trans_L2_m: 0.532, Yaw_err_deg: 0.946
Epoch: [10/23], Batch: 2090/2963, Loss: 105.919, Trans_L2_m: 0.343, Yaw_err_deg: 1.933
Epoch: [10/23], Batch: 2100/2963, Loss: 76.272, Trans_L2_m: 0.523, Yaw_err_deg: 1.355
Epoch: [10/23], Batch: 2110/2963, Loss: 62.456, Trans_L2_m: 0.568, Yaw_err_deg: 1.060
Epoch: [10/23], Batch: 2120/2963, Loss: 66.253, Trans_L2_m: 0.604, Yaw_err_deg: 1.250
Epoch: [10/23], Batch: 2130/2963, Loss: 106.190, Trans_L2_m: 0.513, Yaw_err_deg: 1.234
Epoch: [10/23], Batch: 2140/2963, Loss: 67.776, Trans_L2_m: 0.739, Yaw_err_deg: 1.197
Epoch: [10/23], Batch: 2150/2963, Loss: 89.399, Trans_L2_m: 0.550, Yaw_err_deg: 1.931
Epoch: [10/23], Batch: 2160/2963, Loss: 66.004, Trans_L2_m: 0.464, Yaw_err_deg: 1.296
Epoch: [10/23], Batch: 2170/2963, Loss: 69.374, Trans_L2_m: 0.496, Yaw_err_deg: 1.541
Epoch: [10/23], Batch: 2180/2963, Loss: 57.232, Trans_L2_m: 0.505, Yaw_err_deg: 1.098
Epoch: [10/23], Batch: 2190/2963, Loss: 70.667, Trans_L2_m: 0.461, Yaw_err_deg: 1.366
Epoch: [10/23], Batch: 2200/2963, Loss: 72.385, Trans_L2_m: 0.532, Yaw_err_deg: 1.400
Epoch: [10/23], Batch: 2210/2963, Loss: 58.696, Trans_L2_m: 0.429, Yaw_err_deg: 1.226
Epoch: [10/23], Batch: 2220/2963, Loss: 66.897, Trans_L2_m: 0.513, Yaw_err_deg: 1.473
Epoch: [10/23], Batch: 2230/2963, Loss: 77.840, Trans_L2_m: 0.530, Yaw_err_deg: 1.478
Epoch: [10/23], Batch: 2240/2963, Loss: 74.235, Trans_L2_m: 0.472, Yaw_err_deg: 1.623
Epoch: [10/23], Batch: 2250/2963, Loss: 83.644, Trans_L2_m: 0.589, Yaw_err_deg: 1.690
Epoch: [10/23], Batch: 2260/2963, Loss: 65.700, Trans_L2_m: 0.591, Yaw_err_deg: 1.483
Epoch: [10/23], Batch: 2270/2963, Loss: 64.457, Trans_L2_m: 0.516, Yaw_err_deg: 1.321
Epoch: [10/23], Batch: 2280/2963, Loss: 63.960, Trans_L2_m: 0.422, Yaw_err_deg: 1.231
Epoch: [10/23], Batch: 2290/2963, Loss: 108.547, Trans_L2_m: 0.481, Yaw_err_deg: 2.044
Epoch: [10/23], Batch: 2300/2963, Loss: 78.907, Trans_L2_m: 0.559, Yaw_err_deg: 1.799
Epoch: [10/23], Batch: 2310/2963, Loss: 90.400, Trans_L2_m: 0.558, Yaw_err_deg: 1.747
Epoch: [10/23], Batch: 2320/2963, Loss: 54.654, Trans_L2_m: 0.571, Yaw_err_deg: 0.851
Epoch: [10/23], Batch: 2330/2963, Loss: 79.130, Trans_L2_m: 0.460, Yaw_err_deg: 1.551
Epoch: [10/23], Batch: 2340/2963, Loss: 197.911, Trans_L2_m: 0.431, Yaw_err_deg: 2.759
Epoch: [10/23], Batch: 2350/2963, Loss: 72.888, Trans_L2_m: 0.378, Yaw_err_deg: 1.561
Epoch: [10/23], Batch: 2360/2963, Loss: 60.511, Trans_L2_m: 0.504, Yaw_err_deg: 0.954
Epoch: [10/23], Batch: 2370/2963, Loss: 68.288, Trans_L2_m: 0.501, Yaw_err_deg: 1.545
Epoch: [10/23], Batch: 2380/2963, Loss: 94.226, Trans_L2_m: 0.366, Yaw_err_deg: 1.962
Epoch: [10/23], Batch: 2390/2963, Loss: 71.438, Trans_L2_m: 0.502, Yaw_err_deg: 1.516
Epoch: [10/23], Batch: 2400/2963, Loss: 63.569, Trans_L2_m: 0.466, Yaw_err_deg: 1.425
Epoch: [10/23], Batch: 2410/2963, Loss: 64.898, Trans_L2_m: 0.594, Yaw_err_deg: 1.119
Epoch: [10/23], Batch: 2420/2963, Loss: 80.482, Trans_L2_m: 0.455, Yaw_err_deg: 1.580
Epoch: [10/23], Batch: 2430/2963, Loss: 62.252, Trans_L2_m: 0.566, Yaw_err_deg: 1.222
Epoch: [10/23], Batch: 2440/2963, Loss: 83.034, Trans_L2_m: 0.369, Yaw_err_deg: 1.862
Epoch: [10/23], Batch: 2450/2963, Loss: 78.633, Trans_L2_m: 0.631, Yaw_err_deg: 1.532
Epoch: [10/23], Batch: 2460/2963, Loss: 71.111, Trans_L2_m: 0.487, Yaw_err_deg: 1.490
Epoch: [10/23], Batch: 2470/2963, Loss: 78.535, Trans_L2_m: 0.619, Yaw_err_deg: 1.790
Epoch: [10/23], Batch: 2480/2963, Loss: 73.758, Trans_L2_m: 0.544, Yaw_err_deg: 1.562
Epoch: [10/23], Batch: 2490/2963, Loss: 96.186, Trans_L2_m: 0.517, Yaw_err_deg: 2.178
Epoch: [10/23], Batch: 2500/2963, Loss: 66.574, Trans_L2_m: 0.530, Yaw_err_deg: 1.011
Epoch: [10/23], Batch: 2510/2963, Loss: 57.918, Trans_L2_m: 0.520, Yaw_err_deg: 0.845
Epoch: [10/23], Batch: 2520/2963, Loss: 71.648, Trans_L2_m: 0.466, Yaw_err_deg: 1.410
Epoch: [10/23], Batch: 2530/2963, Loss: 59.515, Trans_L2_m: 0.414, Yaw_err_deg: 1.205
Epoch: [10/23], Batch: 2540/2963, Loss: 64.114, Trans_L2_m: 0.508, Yaw_err_deg: 1.092
Epoch: [10/23], Batch: 2550/2963, Loss: 56.657, Trans_L2_m: 0.545, Yaw_err_deg: 1.213
Epoch: [10/23], Batch: 2560/2963, Loss: 60.400, Trans_L2_m: 0.559, Yaw_err_deg: 1.035
Epoch: [10/23], Batch: 2570/2963, Loss: 72.329, Trans_L2_m: 0.540, Yaw_err_deg: 1.511
Epoch: [10/23], Batch: 2580/2963, Loss: 95.773, Trans_L2_m: 0.361, Yaw_err_deg: 1.537
Epoch: [10/23], Batch: 2590/2963, Loss: 57.227, Trans_L2_m: 0.417, Yaw_err_deg: 1.155
Epoch: [10/23], Batch: 2600/2963, Loss: 102.452, Trans_L2_m: 0.495, Yaw_err_deg: 1.972
Epoch: [10/23], Batch: 2610/2963, Loss: 61.212, Trans_L2_m: 0.526, Yaw_err_deg: 1.300
Epoch: [10/23], Batch: 2620/2963, Loss: 82.486, Trans_L2_m: 0.460, Yaw_err_deg: 1.530
Epoch: [10/23], Batch: 2630/2963, Loss: 69.593, Trans_L2_m: 0.526, Yaw_err_deg: 1.447
Epoch: [10/23], Batch: 2640/2963, Loss: 89.525, Trans_L2_m: 0.474, Yaw_err_deg: 2.517
Epoch: [10/23], Batch: 2650/2963, Loss: 69.878, Trans_L2_m: 0.499, Yaw_err_deg: 1.543
Epoch: [10/23], Batch: 2660/2963, Loss: 56.094, Trans_L2_m: 0.442, Yaw_err_deg: 1.193
Epoch: [10/23], Batch: 2670/2963, Loss: 55.466, Trans_L2_m: 0.520, Yaw_err_deg: 1.017
Epoch: [10/23], Batch: 2680/2963, Loss: 62.297, Trans_L2_m: 0.561, Yaw_err_deg: 1.149
Epoch: [10/23], Batch: 2690/2963, Loss: 88.520, Trans_L2_m: 0.399, Yaw_err_deg: 2.281
Epoch: [10/23], Batch: 2700/2963, Loss: 67.626, Trans_L2_m: 0.672, Yaw_err_deg: 1.087
Epoch: [10/23], Batch: 2710/2963, Loss: 78.079, Trans_L2_m: 0.504, Yaw_err_deg: 1.671
Epoch: [10/23], Batch: 2720/2963, Loss: 67.812, Trans_L2_m: 0.432, Yaw_err_deg: 1.425
Epoch: [10/23], Batch: 2730/2963, Loss: 55.941, Trans_L2_m: 0.294, Yaw_err_deg: 1.130
Epoch: [10/23], Batch: 2740/2963, Loss: 73.674, Trans_L2_m: 0.590, Yaw_err_deg: 1.602
Epoch: [10/23], Batch: 2750/2963, Loss: 178.450, Trans_L2_m: 0.419, Yaw_err_deg: 1.943
Epoch: [10/23], Batch: 2760/2963, Loss: 60.509, Trans_L2_m: 0.364, Yaw_err_deg: 1.602
Epoch: [10/23], Batch: 2770/2963, Loss: 69.846, Trans_L2_m: 0.609, Yaw_err_deg: 1.346
Epoch: [10/23], Batch: 2780/2963, Loss: 62.065, Trans_L2_m: 0.500, Yaw_err_deg: 1.116
Epoch: [10/23], Batch: 2790/2963, Loss: 76.757, Trans_L2_m: 0.535, Yaw_err_deg: 1.295
Epoch: [10/23], Batch: 2800/2963, Loss: 65.464, Trans_L2_m: 0.563, Yaw_err_deg: 1.129
Epoch: [10/23], Batch: 2810/2963, Loss: 48.614, Trans_L2_m: 0.348, Yaw_err_deg: 1.097
Epoch: [10/23], Batch: 2820/2963, Loss: 59.054, Trans_L2_m: 0.473, Yaw_err_deg: 1.209
Epoch: [10/23], Batch: 2830/2963, Loss: 57.919, Trans_L2_m: 0.449, Yaw_err_deg: 1.164
Epoch: [10/23], Batch: 2840/2963, Loss: 71.899, Trans_L2_m: 0.429, Yaw_err_deg: 1.823
Epoch: [10/23], Batch: 2850/2963, Loss: 71.175, Trans_L2_m: 0.449, Yaw_err_deg: 1.701
Epoch: [10/23], Batch: 2860/2963, Loss: 56.631, Trans_L2_m: 0.500, Yaw_err_deg: 1.218
Epoch: [10/23], Batch: 2870/2963, Loss: 60.767, Trans_L2_m: 0.467, Yaw_err_deg: 1.216
Epoch: [10/23], Batch: 2880/2963, Loss: 68.334, Trans_L2_m: 0.456, Yaw_err_deg: 1.555
Epoch: [10/23], Batch: 2890/2963, Loss: 65.925, Trans_L2_m: 0.525, Yaw_err_deg: 1.351
Epoch: [10/23], Batch: 2900/2963, Loss: 56.011, Trans_L2_m: 0.441, Yaw_err_deg: 1.127
Epoch: [10/23], Batch: 2910/2963, Loss: 82.001, Trans_L2_m: 0.511, Yaw_err_deg: 1.674
Epoch: [10/23], Batch: 2920/2963, Loss: 85.795, Trans_L2_m: 0.570, Yaw_err_deg: 1.894
Epoch: [10/23], Batch: 2930/2963, Loss: 91.796, Trans_L2_m: 0.532, Yaw_err_deg: 2.236
Epoch: [10/23], Batch: 2940/2963, Loss: 53.636, Trans_L2_m: 0.498, Yaw_err_deg: 1.092
Epoch: [10/23], Batch: 2950/2963, Loss: 77.811, Trans_L2_m: 0.679, Yaw_err_deg: 1.353
Epoch: [10/23], Batch: 2960/2963, Loss: 59.084, Trans_L2_m: 0.405, Yaw_err_deg: 1.326
Epoch: [11/23], Batch: 0/2963, Loss: 59.792, Trans_L2_m: 0.391, Yaw_err_deg: 1.155
Epoch: [11/23], Batch: 10/2963, Loss: 67.239, Trans_L2_m: 0.557, Yaw_err_deg: 1.532
Epoch: [11/23], Batch: 20/2963, Loss: 62.424, Trans_L2_m: 0.499, Yaw_err_deg: 1.236
Epoch: [11/23], Batch: 30/2963, Loss: 68.290, Trans_L2_m: 0.464, Yaw_err_deg: 1.441
Epoch: [11/23], Batch: 40/2963, Loss: 60.236, Trans_L2_m: 0.343, Yaw_err_deg: 1.274
Epoch: [11/23], Batch: 50/2963, Loss: 56.087, Trans_L2_m: 0.521, Yaw_err_deg: 1.070
Epoch: [11/23], Batch: 60/2963, Loss: 59.571, Trans_L2_m: 0.493, Yaw_err_deg: 1.237
Epoch: [11/23], Batch: 70/2963, Loss: 52.803, Trans_L2_m: 0.392, Yaw_err_deg: 0.954
Epoch: [11/23], Batch: 80/2963, Loss: 83.528, Trans_L2_m: 0.490, Yaw_err_deg: 1.688
Epoch: [11/23], Batch: 90/2963, Loss: 66.317, Trans_L2_m: 0.597, Yaw_err_deg: 1.272
Epoch: [11/23], Batch: 100/2963, Loss: 95.741, Trans_L2_m: 0.509, Yaw_err_deg: 1.923
Epoch: [11/23], Batch: 110/2963, Loss: 57.963, Trans_L2_m: 0.455, Yaw_err_deg: 0.950
Epoch: [11/23], Batch: 120/2963, Loss: 61.891, Trans_L2_m: 0.410, Yaw_err_deg: 1.348
Epoch: [11/23], Batch: 130/2963, Loss: 56.585, Trans_L2_m: 0.461, Yaw_err_deg: 1.134
Epoch: [11/23], Batch: 140/2963, Loss: 62.265, Trans_L2_m: 0.358, Yaw_err_deg: 1.190
Epoch: [11/23], Batch: 150/2963, Loss: 60.085, Trans_L2_m: 0.383, Yaw_err_deg: 1.351
Epoch: [11/23], Batch: 160/2963, Loss: 60.757, Trans_L2_m: 0.414, Yaw_err_deg: 1.172
Epoch: [11/23], Batch: 170/2963, Loss: 71.163, Trans_L2_m: 0.477, Yaw_err_deg: 1.570
Epoch: [11/23], Batch: 180/2963, Loss: 53.544, Trans_L2_m: 0.455, Yaw_err_deg: 0.875
Epoch: [11/23], Batch: 190/2963, Loss: 125.130, Trans_L2_m: 0.356, Yaw_err_deg: 2.455
Epoch: [11/23], Batch: 200/2963, Loss: 70.369, Trans_L2_m: 0.466, Yaw_err_deg: 1.477
Epoch: [11/23], Batch: 210/2963, Loss: 67.798, Trans_L2_m: 0.542, Yaw_err_deg: 1.138
Epoch: [11/23], Batch: 220/2963, Loss: 52.165, Trans_L2_m: 0.420, Yaw_err_deg: 0.974
Epoch: [11/23], Batch: 230/2963, Loss: 73.717, Trans_L2_m: 0.805, Yaw_err_deg: 1.228
Epoch: [11/23], Batch: 240/2963, Loss: 60.743, Trans_L2_m: 0.507, Yaw_err_deg: 1.381
Epoch: [11/23], Batch: 250/2963, Loss: 66.346, Trans_L2_m: 0.614, Yaw_err_deg: 1.456
Epoch: [11/23], Batch: 260/2963, Loss: 58.261, Trans_L2_m: 0.444, Yaw_err_deg: 1.166
Epoch: [11/23], Batch: 270/2963, Loss: 107.448, Trans_L2_m: 0.555, Yaw_err_deg: 2.461
Epoch: [11/23], Batch: 280/2963, Loss: 60.420, Trans_L2_m: 0.404, Yaw_err_deg: 1.304
Epoch: [11/23], Batch: 290/2963, Loss: 60.523, Trans_L2_m: 0.562, Yaw_err_deg: 1.062
Epoch: [11/23], Batch: 300/2963, Loss: 99.153, Trans_L2_m: 0.387, Yaw_err_deg: 1.794
Epoch: [11/23], Batch: 310/2963, Loss: 72.478, Trans_L2_m: 0.559, Yaw_err_deg: 1.274
Epoch: [11/23], Batch: 320/2963, Loss: 64.474, Trans_L2_m: 0.469, Yaw_err_deg: 1.493
Epoch: [11/23], Batch: 330/2963, Loss: 57.489, Trans_L2_m: 0.453, Yaw_err_deg: 1.145
Epoch: [11/23], Batch: 340/2963, Loss: 59.311, Trans_L2_m: 0.627, Yaw_err_deg: 1.021
Epoch: [11/23], Batch: 350/2963, Loss: 60.137, Trans_L2_m: 0.509, Yaw_err_deg: 1.325
Epoch: [11/23], Batch: 360/2963, Loss: 78.195, Trans_L2_m: 0.446, Yaw_err_deg: 2.000
Epoch: [11/23], Batch: 370/2963, Loss: 83.859, Trans_L2_m: 0.727, Yaw_err_deg: 1.731
Epoch: [11/23], Batch: 380/2963, Loss: 70.482, Trans_L2_m: 0.496, Yaw_err_deg: 1.491
Epoch: [11/23], Batch: 390/2963, Loss: 113.860, Trans_L2_m: 0.417, Yaw_err_deg: 2.367
Epoch: [11/23], Batch: 400/2963, Loss: 49.742, Trans_L2_m: 0.481, Yaw_err_deg: 1.008
Epoch: [11/23], Batch: 410/2963, Loss: 68.175, Trans_L2_m: 0.527, Yaw_err_deg: 1.436
Epoch: [11/23], Batch: 420/2963, Loss: 67.307, Trans_L2_m: 0.529, Yaw_err_deg: 1.639
Epoch: [11/23], Batch: 430/2963, Loss: 50.974, Trans_L2_m: 0.331, Yaw_err_deg: 1.147
Epoch: [11/23], Batch: 440/2963, Loss: 72.669, Trans_L2_m: 0.491, Yaw_err_deg: 1.638
Epoch: [11/23], Batch: 450/2963, Loss: 72.793, Trans_L2_m: 0.416, Yaw_err_deg: 1.633
Epoch: [11/23], Batch: 460/2963, Loss: 71.113, Trans_L2_m: 0.378, Yaw_err_deg: 1.678
Epoch: [11/23], Batch: 470/2963, Loss: 60.839, Trans_L2_m: 0.498, Yaw_err_deg: 1.143
Epoch: [11/23], Batch: 480/2963, Loss: 84.000, Trans_L2_m: 0.452, Yaw_err_deg: 1.674
Epoch: [11/23], Batch: 490/2963, Loss: 79.761, Trans_L2_m: 0.577, Yaw_err_deg: 1.960
Epoch: [11/23], Batch: 500/2963, Loss: 83.286, Trans_L2_m: 0.333, Yaw_err_deg: 1.994
Epoch: [11/23], Batch: 510/2963, Loss: 61.646, Trans_L2_m: 0.551, Yaw_err_deg: 1.439
Epoch: [11/23], Batch: 520/2963, Loss: 67.057, Trans_L2_m: 0.503, Yaw_err_deg: 1.570
Epoch: [11/23], Batch: 530/2963, Loss: 70.997, Trans_L2_m: 0.545, Yaw_err_deg: 1.264
Epoch: [11/23], Batch: 540/2963, Loss: 107.363, Trans_L2_m: 0.539, Yaw_err_deg: 2.530
Epoch: [11/23], Batch: 550/2963, Loss: 75.543, Trans_L2_m: 0.495, Yaw_err_deg: 1.646
Epoch: [11/23], Batch: 560/2963, Loss: 79.157, Trans_L2_m: 0.550, Yaw_err_deg: 1.655
Epoch: [11/23], Batch: 570/2963, Loss: 85.317, Trans_L2_m: 0.534, Yaw_err_deg: 1.958
Epoch: [11/23], Batch: 580/2963, Loss: 54.409, Trans_L2_m: 0.424, Yaw_err_deg: 0.925
Epoch: [11/23], Batch: 590/2963, Loss: 76.293, Trans_L2_m: 0.471, Yaw_err_deg: 1.563
Epoch: [11/23], Batch: 600/2963, Loss: 56.297, Trans_L2_m: 0.342, Yaw_err_deg: 1.363
Epoch: [11/23], Batch: 610/2963, Loss: 72.084, Trans_L2_m: 0.618, Yaw_err_deg: 1.641
Epoch: [11/23], Batch: 620/2963, Loss: 64.093, Trans_L2_m: 0.483, Yaw_err_deg: 1.546
Epoch: [11/23], Batch: 630/2963, Loss: 79.725, Trans_L2_m: 0.538, Yaw_err_deg: 1.606
Epoch: [11/23], Batch: 640/2963, Loss: 70.536, Trans_L2_m: 0.585, Yaw_err_deg: 1.555
Epoch: [11/23], Batch: 650/2963, Loss: 66.676, Trans_L2_m: 0.533, Yaw_err_deg: 1.004
Epoch: [11/23], Batch: 660/2963, Loss: 82.844, Trans_L2_m: 0.537, Yaw_err_deg: 2.022
Epoch: [11/23], Batch: 670/2963, Loss: 75.510, Trans_L2_m: 0.695, Yaw_err_deg: 1.341
Epoch: [11/23], Batch: 680/2963, Loss: 71.216, Trans_L2_m: 0.513, Yaw_err_deg: 1.737
Epoch: [11/23], Batch: 690/2963, Loss: 67.352, Trans_L2_m: 0.484, Yaw_err_deg: 1.239
Epoch: [11/23], Batch: 700/2963, Loss: 83.843, Trans_L2_m: 0.617, Yaw_err_deg: 1.694
Epoch: [11/23], Batch: 710/2963, Loss: 57.276, Trans_L2_m: 0.412, Yaw_err_deg: 1.397
Epoch: [11/23], Batch: 720/2963, Loss: 66.529, Trans_L2_m: 0.457, Yaw_err_deg: 1.594
Epoch: [11/23], Batch: 730/2963, Loss: 59.154, Trans_L2_m: 0.404, Yaw_err_deg: 1.186
Epoch: [11/23], Batch: 740/2963, Loss: 128.893, Trans_L2_m: 0.617, Yaw_err_deg: 2.399
Epoch: [11/23], Batch: 750/2963, Loss: 73.569, Trans_L2_m: 0.364, Yaw_err_deg: 1.789
Epoch: [11/23], Batch: 760/2963, Loss: 65.390, Trans_L2_m: 0.564, Yaw_err_deg: 1.100
Epoch: [11/23], Batch: 770/2963, Loss: 67.010, Trans_L2_m: 0.298, Yaw_err_deg: 1.621
Epoch: [11/23], Batch: 780/2963, Loss: 52.481, Trans_L2_m: 0.482, Yaw_err_deg: 0.882
Epoch: [11/23], Batch: 790/2963, Loss: 64.161, Trans_L2_m: 0.532, Yaw_err_deg: 1.169
Epoch: [11/23], Batch: 800/2963, Loss: 66.485, Trans_L2_m: 0.477, Yaw_err_deg: 1.566
Epoch: [11/23], Batch: 810/2963, Loss: 50.051, Trans_L2_m: 0.344, Yaw_err_deg: 1.259
Epoch: [11/23], Batch: 820/2963, Loss: 92.249, Trans_L2_m: 0.456, Yaw_err_deg: 2.154
Epoch: [11/23], Batch: 830/2963, Loss: 83.165, Trans_L2_m: 0.584, Yaw_err_deg: 1.784
Epoch: [11/23], Batch: 840/2963, Loss: 96.231, Trans_L2_m: 0.266, Yaw_err_deg: 2.147
Epoch: [11/23], Batch: 850/2963, Loss: 59.770, Trans_L2_m: 0.565, Yaw_err_deg: 1.188
Epoch: [11/23], Batch: 860/2963, Loss: 63.069, Trans_L2_m: 0.428, Yaw_err_deg: 1.667
Epoch: [11/23], Batch: 870/2963, Loss: 63.775, Trans_L2_m: 0.511, Yaw_err_deg: 1.203
Epoch: [11/23], Batch: 880/2963, Loss: 53.514, Trans_L2_m: 0.462, Yaw_err_deg: 1.173
Epoch: [11/23], Batch: 890/2963, Loss: 52.922, Trans_L2_m: 0.470, Yaw_err_deg: 1.051
Epoch: [11/23], Batch: 900/2963, Loss: 70.425, Trans_L2_m: 0.470, Yaw_err_deg: 1.532
Epoch: [11/23], Batch: 910/2963, Loss: 68.632, Trans_L2_m: 0.486, Yaw_err_deg: 1.020
Epoch: [11/23], Batch: 920/2963, Loss: 73.486, Trans_L2_m: 0.463, Yaw_err_deg: 1.586
Epoch: [11/23], Batch: 930/2963, Loss: 69.106, Trans_L2_m: 0.522, Yaw_err_deg: 1.624
Epoch: [11/23], Batch: 940/2963, Loss: 78.696, Trans_L2_m: 0.549, Yaw_err_deg: 1.717
Epoch: [11/23], Batch: 950/2963, Loss: 56.991, Trans_L2_m: 0.467, Yaw_err_deg: 0.984
Epoch: [11/23], Batch: 960/2963, Loss: 61.814, Trans_L2_m: 0.483, Yaw_err_deg: 1.193
Epoch: [11/23], Batch: 970/2963, Loss: 62.099, Trans_L2_m: 0.343, Yaw_err_deg: 1.135
Epoch: [11/23], Batch: 980/2963, Loss: 68.050, Trans_L2_m: 0.541, Yaw_err_deg: 1.525
Epoch: [11/23], Batch: 990/2963, Loss: 56.595, Trans_L2_m: 0.453, Yaw_err_deg: 0.875
Epoch: [11/23], Batch: 1000/2963, Loss: 69.149, Trans_L2_m: 0.550, Yaw_err_deg: 1.367
Epoch: [11/23], Batch: 1010/2963, Loss: 76.913, Trans_L2_m: 0.394, Yaw_err_deg: 2.003
Epoch: [11/23], Batch: 1020/2963, Loss: 66.204, Trans_L2_m: 0.479, Yaw_err_deg: 1.430
Epoch: [11/23], Batch: 1030/2963, Loss: 69.826, Trans_L2_m: 0.420, Yaw_err_deg: 1.764
Epoch: [11/23], Batch: 1040/2963, Loss: 62.587, Trans_L2_m: 0.376, Yaw_err_deg: 1.338
Epoch: [11/23], Batch: 1050/2963, Loss: 64.259, Trans_L2_m: 0.392, Yaw_err_deg: 1.324
Epoch: [11/23], Batch: 1060/2963, Loss: 83.004, Trans_L2_m: 0.512, Yaw_err_deg: 2.148
Epoch: [11/23], Batch: 1070/2963, Loss: 69.085, Trans_L2_m: 0.585, Yaw_err_deg: 1.526
Epoch: [11/23], Batch: 1080/2963, Loss: 70.272, Trans_L2_m: 0.532, Yaw_err_deg: 1.264
Epoch: [11/23], Batch: 1090/2963, Loss: 76.725, Trans_L2_m: 0.542, Yaw_err_deg: 1.393
Epoch: [11/23], Batch: 1100/2963, Loss: 78.121, Trans_L2_m: 0.530, Yaw_err_deg: 1.737
Epoch: [11/23], Batch: 1110/2963, Loss: 63.155, Trans_L2_m: 0.549, Yaw_err_deg: 1.411
Epoch: [11/23], Batch: 1120/2963, Loss: 78.431, Trans_L2_m: 0.384, Yaw_err_deg: 1.926
Epoch: [11/23], Batch: 1130/2963, Loss: 75.869, Trans_L2_m: 0.657, Yaw_err_deg: 1.496
Epoch: [11/23], Batch: 1140/2963, Loss: 59.891, Trans_L2_m: 0.532, Yaw_err_deg: 1.129
Epoch: [11/23], Batch: 1150/2963, Loss: 66.035, Trans_L2_m: 0.591, Yaw_err_deg: 1.349
Epoch: [11/23], Batch: 1160/2963, Loss: 60.911, Trans_L2_m: 0.468, Yaw_err_deg: 1.212
Epoch: [11/23], Batch: 1170/2963, Loss: 64.561, Trans_L2_m: 0.605, Yaw_err_deg: 1.058
Epoch: [11/23], Batch: 1180/2963, Loss: 66.431, Trans_L2_m: 0.568, Yaw_err_deg: 1.429
Epoch: [11/23], Batch: 1190/2963, Loss: 56.625, Trans_L2_m: 0.456, Yaw_err_deg: 1.153
Epoch: [11/23], Batch: 1200/2963, Loss: 64.108, Trans_L2_m: 0.379, Yaw_err_deg: 1.335
Epoch: [11/23], Batch: 1210/2963, Loss: 66.933, Trans_L2_m: 0.567, Yaw_err_deg: 1.036
Epoch: [11/23], Batch: 1220/2963, Loss: 78.380, Trans_L2_m: 0.582, Yaw_err_deg: 1.782
Epoch: [11/23], Batch: 1230/2963, Loss: 72.558, Trans_L2_m: 0.484, Yaw_err_deg: 1.409
Epoch: [11/23], Batch: 1240/2963, Loss: 60.386, Trans_L2_m: 0.558, Yaw_err_deg: 1.263
Epoch: [11/23], Batch: 1250/2963, Loss: 104.320, Trans_L2_m: 0.485, Yaw_err_deg: 1.963
Epoch: [11/23], Batch: 1260/2963, Loss: 67.335, Trans_L2_m: 0.486, Yaw_err_deg: 1.743
Epoch: [11/23], Batch: 1270/2963, Loss: 69.799, Trans_L2_m: 0.458, Yaw_err_deg: 1.382
Epoch: [11/23], Batch: 1280/2963, Loss: 88.905, Trans_L2_m: 0.594, Yaw_err_deg: 2.040
Epoch: [11/23], Batch: 1290/2963, Loss: 74.668, Trans_L2_m: 0.562, Yaw_err_deg: 1.789
Epoch: [11/23], Batch: 1300/2963, Loss: 62.351, Trans_L2_m: 0.512, Yaw_err_deg: 1.084
Epoch: [11/23], Batch: 1310/2963, Loss: 93.562, Trans_L2_m: 0.500, Yaw_err_deg: 2.045
Epoch: [11/23], Batch: 1320/2963, Loss: 64.308, Trans_L2_m: 0.496, Yaw_err_deg: 1.445
Epoch: [11/23], Batch: 1330/2963, Loss: 59.154, Trans_L2_m: 0.495, Yaw_err_deg: 1.152
Epoch: [11/23], Batch: 1340/2963, Loss: 59.143, Trans_L2_m: 0.547, Yaw_err_deg: 1.175
Epoch: [11/23], Batch: 1350/2963, Loss: 60.687, Trans_L2_m: 0.441, Yaw_err_deg: 1.156
Epoch: [11/23], Batch: 1360/2963, Loss: 71.280, Trans_L2_m: 0.529, Yaw_err_deg: 1.265
Epoch: [11/23], Batch: 1370/2963, Loss: 69.521, Trans_L2_m: 0.555, Yaw_err_deg: 1.568
Epoch: [11/23], Batch: 1380/2963, Loss: 68.783, Trans_L2_m: 0.414, Yaw_err_deg: 1.629
Epoch: [11/23], Batch: 1390/2963, Loss: 70.127, Trans_L2_m: 0.337, Yaw_err_deg: 1.556
Epoch: [11/23], Batch: 1400/2963, Loss: 53.764, Trans_L2_m: 0.455, Yaw_err_deg: 1.146
Epoch: [11/23], Batch: 1410/2963, Loss: 96.032, Trans_L2_m: 0.618, Yaw_err_deg: 2.131
Epoch: [11/23], Batch: 1420/2963, Loss: 57.353, Trans_L2_m: 0.385, Yaw_err_deg: 1.394
Epoch: [11/23], Batch: 1430/2963, Loss: 65.144, Trans_L2_m: 0.512, Yaw_err_deg: 1.497
Epoch: [11/23], Batch: 1440/2963, Loss: 73.782, Trans_L2_m: 0.536, Yaw_err_deg: 1.569
Epoch: [11/23], Batch: 1450/2963, Loss: 81.273, Trans_L2_m: 0.483, Yaw_err_deg: 1.794
Epoch: [11/23], Batch: 1460/2963, Loss: 55.739, Trans_L2_m: 0.433, Yaw_err_deg: 1.026
Epoch: [11/23], Batch: 1470/2963, Loss: 79.015, Trans_L2_m: 0.489, Yaw_err_deg: 1.518
Epoch: [11/23], Batch: 1480/2963, Loss: 89.869, Trans_L2_m: 0.514, Yaw_err_deg: 2.043
Epoch: [11/23], Batch: 1490/2963, Loss: 101.632, Trans_L2_m: 0.469, Yaw_err_deg: 1.960
Epoch: [11/23], Batch: 1500/2963, Loss: 65.925, Trans_L2_m: 0.553, Yaw_err_deg: 1.388
Epoch: [11/23], Batch: 1510/2963, Loss: 48.026, Trans_L2_m: 0.404, Yaw_err_deg: 1.130
Epoch: [11/23], Batch: 1520/2963, Loss: 68.904, Trans_L2_m: 0.379, Yaw_err_deg: 1.589
Epoch: [11/23], Batch: 1530/2963, Loss: 74.445, Trans_L2_m: 0.510, Yaw_err_deg: 1.569
Epoch: [11/23], Batch: 1540/2963, Loss: 75.534, Trans_L2_m: 0.463, Yaw_err_deg: 1.415
Epoch: [11/23], Batch: 1550/2963, Loss: 131.922, Trans_L2_m: 0.425, Yaw_err_deg: 2.497
Epoch: [11/23], Batch: 1560/2963, Loss: 63.313, Trans_L2_m: 0.484, Yaw_err_deg: 1.336
Epoch: [11/23], Batch: 1570/2963, Loss: 62.405, Trans_L2_m: 0.398, Yaw_err_deg: 1.285
Epoch: [11/23], Batch: 1580/2963, Loss: 68.221, Trans_L2_m: 0.559, Yaw_err_deg: 1.435
Epoch: [11/23], Batch: 1590/2963, Loss: 61.903, Trans_L2_m: 0.510, Yaw_err_deg: 1.524
Epoch: [11/23], Batch: 1600/2963, Loss: 75.200, Trans_L2_m: 0.488, Yaw_err_deg: 1.716
Epoch: [11/23], Batch: 1610/2963, Loss: 65.838, Trans_L2_m: 0.547, Yaw_err_deg: 1.601
Epoch: [11/23], Batch: 1620/2963, Loss: 81.219, Trans_L2_m: 0.611, Yaw_err_deg: 1.554
Epoch: [11/23], Batch: 1630/2963, Loss: 65.887, Trans_L2_m: 0.464, Yaw_err_deg: 1.498
Epoch: [11/23], Batch: 1640/2963, Loss: 71.403, Trans_L2_m: 0.489, Yaw_err_deg: 1.385
Epoch: [11/23], Batch: 1650/2963, Loss: 46.860, Trans_L2_m: 0.439, Yaw_err_deg: 0.869
Epoch: [11/23], Batch: 1660/2963, Loss: 81.856, Trans_L2_m: 0.615, Yaw_err_deg: 1.698
Epoch: [11/23], Batch: 1670/2963, Loss: 76.138, Trans_L2_m: 0.539, Yaw_err_deg: 1.597
Epoch: [11/23], Batch: 1680/2963, Loss: 56.362, Trans_L2_m: 0.369, Yaw_err_deg: 1.036
Epoch: [11/23], Batch: 1690/2963, Loss: 60.590, Trans_L2_m: 0.478, Yaw_err_deg: 1.155
Epoch: [11/23], Batch: 1700/2963, Loss: 67.785, Trans_L2_m: 0.613, Yaw_err_deg: 1.240
Epoch: [11/23], Batch: 1710/2963, Loss: 67.126, Trans_L2_m: 0.500, Yaw_err_deg: 1.428
Epoch: [11/23], Batch: 1720/2963, Loss: 67.082, Trans_L2_m: 0.385, Yaw_err_deg: 1.730
Epoch: [11/23], Batch: 1730/2963, Loss: 67.366, Trans_L2_m: 0.394, Yaw_err_deg: 1.304
Epoch: [11/23], Batch: 1740/2963, Loss: 61.345, Trans_L2_m: 0.429, Yaw_err_deg: 1.336
Epoch: [11/23], Batch: 1750/2963, Loss: 66.035, Trans_L2_m: 0.547, Yaw_err_deg: 1.468
Epoch: [11/23], Batch: 1760/2963, Loss: 51.042, Trans_L2_m: 0.423, Yaw_err_deg: 0.983
Epoch: [11/23], Batch: 1770/2963, Loss: 56.023, Trans_L2_m: 0.451, Yaw_err_deg: 1.145
Epoch: [11/23], Batch: 1780/2963, Loss: 61.366, Trans_L2_m: 0.674, Yaw_err_deg: 1.320
Epoch: [11/23], Batch: 1790/2963, Loss: 62.151, Trans_L2_m: 0.387, Yaw_err_deg: 1.292
Epoch: [11/23], Batch: 1800/2963, Loss: 71.028, Trans_L2_m: 0.475, Yaw_err_deg: 1.789
Epoch: [11/23], Batch: 1810/2963, Loss: 72.065, Trans_L2_m: 0.470, Yaw_err_deg: 1.620
Epoch: [11/23], Batch: 1820/2963, Loss: 53.248, Trans_L2_m: 0.340, Yaw_err_deg: 1.156
Epoch: [11/23], Batch: 1830/2963, Loss: 164.692, Trans_L2_m: 0.400, Yaw_err_deg: 2.256
Epoch: [11/23], Batch: 1840/2963, Loss: 64.871, Trans_L2_m: 0.432, Yaw_err_deg: 1.470
Epoch: [11/23], Batch: 1850/2963, Loss: 69.039, Trans_L2_m: 0.618, Yaw_err_deg: 0.974
Epoch: [11/23], Batch: 1860/2963, Loss: 64.716, Trans_L2_m: 0.505, Yaw_err_deg: 1.515
Epoch: [11/23], Batch: 1870/2963, Loss: 54.042, Trans_L2_m: 0.349, Yaw_err_deg: 1.241
Epoch: [11/23], Batch: 1880/2963, Loss: 82.174, Trans_L2_m: 0.373, Yaw_err_deg: 2.088
Epoch: [11/23], Batch: 1890/2963, Loss: 63.435, Trans_L2_m: 0.333, Yaw_err_deg: 1.297
Epoch: [11/23], Batch: 1900/2963, Loss: 66.073, Trans_L2_m: 0.538, Yaw_err_deg: 1.211
Epoch: [11/23], Batch: 1910/2963, Loss: 73.099, Trans_L2_m: 0.392, Yaw_err_deg: 1.659
Epoch: [11/23], Batch: 1920/2963, Loss: 74.408, Trans_L2_m: 0.572, Yaw_err_deg: 1.450
Epoch: [11/23], Batch: 1930/2963, Loss: 68.314, Trans_L2_m: 0.627, Yaw_err_deg: 1.336
Epoch: [11/23], Batch: 1940/2963, Loss: 88.081, Trans_L2_m: 0.549, Yaw_err_deg: 1.594
Epoch: [11/23], Batch: 1950/2963, Loss: 61.606, Trans_L2_m: 0.497, Yaw_err_deg: 1.360
Epoch: [11/23], Batch: 1960/2963, Loss: 73.060, Trans_L2_m: 0.497, Yaw_err_deg: 1.583
Epoch: [11/23], Batch: 1970/2963, Loss: 67.344, Trans_L2_m: 0.438, Yaw_err_deg: 1.274
Epoch: [11/23], Batch: 1980/2963, Loss: 68.833, Trans_L2_m: 0.467, Yaw_err_deg: 1.666
Epoch: [11/23], Batch: 1990/2963, Loss: 82.632, Trans_L2_m: 0.424, Yaw_err_deg: 1.649
Epoch: [11/23], Batch: 2000/2963, Loss: 65.448, Trans_L2_m: 0.471, Yaw_err_deg: 1.271
Epoch: [11/23], Batch: 2010/2963, Loss: 63.061, Trans_L2_m: 0.506, Yaw_err_deg: 1.388
Epoch: [11/23], Batch: 2020/2963, Loss: 80.607, Trans_L2_m: 0.608, Yaw_err_deg: 1.465
Epoch: [11/23], Batch: 2030/2963, Loss: 56.372, Trans_L2_m: 0.434, Yaw_err_deg: 1.118
Epoch: [11/23], Batch: 2040/2963, Loss: 76.039, Trans_L2_m: 0.420, Yaw_err_deg: 1.852
Epoch: [11/23], Batch: 2050/2963, Loss: 94.259, Trans_L2_m: 0.389, Yaw_err_deg: 2.354
Epoch: [11/23], Batch: 2060/2963, Loss: 58.311, Trans_L2_m: 0.355, Yaw_err_deg: 1.325
Epoch: [11/23], Batch: 2070/2963, Loss: 58.283, Trans_L2_m: 0.440, Yaw_err_deg: 1.153
Epoch: [11/23], Batch: 2080/2963, Loss: 61.149, Trans_L2_m: 0.398, Yaw_err_deg: 1.076
Epoch: [11/23], Batch: 2090/2963, Loss: 69.798, Trans_L2_m: 0.585, Yaw_err_deg: 1.260
Epoch: [11/23], Batch: 2100/2963, Loss: 54.824, Trans_L2_m: 0.463, Yaw_err_deg: 0.845
Epoch: [11/23], Batch: 2110/2963, Loss: 74.757, Trans_L2_m: 0.514, Yaw_err_deg: 1.503
Epoch: [11/23], Batch: 2120/2963, Loss: 73.455, Trans_L2_m: 0.404, Yaw_err_deg: 1.675
Epoch: [11/23], Batch: 2130/2963, Loss: 60.451, Trans_L2_m: 0.521, Yaw_err_deg: 1.223
Epoch: [11/23], Batch: 2140/2963, Loss: 70.649, Trans_L2_m: 0.560, Yaw_err_deg: 1.463
Epoch: [11/23], Batch: 2150/2963, Loss: 102.699, Trans_L2_m: 0.534, Yaw_err_deg: 2.351
Epoch: [11/23], Batch: 2160/2963, Loss: 67.739, Trans_L2_m: 0.566, Yaw_err_deg: 1.567
Epoch: [11/23], Batch: 2170/2963, Loss: 70.195, Trans_L2_m: 0.390, Yaw_err_deg: 1.421
Epoch: [11/23], Batch: 2180/2963, Loss: 70.129, Trans_L2_m: 0.434, Yaw_err_deg: 1.682
Epoch: [11/23], Batch: 2190/2963, Loss: 57.721, Trans_L2_m: 0.374, Yaw_err_deg: 1.098
Epoch: [11/23], Batch: 2200/2963, Loss: 56.680, Trans_L2_m: 0.488, Yaw_err_deg: 1.245
Epoch: [11/23], Batch: 2210/2963, Loss: 91.103, Trans_L2_m: 0.511, Yaw_err_deg: 2.209
Epoch: [11/23], Batch: 2220/2963, Loss: 52.959, Trans_L2_m: 0.373, Yaw_err_deg: 1.012
Epoch: [11/23], Batch: 2230/2963, Loss: 61.373, Trans_L2_m: 0.476, Yaw_err_deg: 1.289
Epoch: [11/23], Batch: 2240/2963, Loss: 62.104, Trans_L2_m: 0.374, Yaw_err_deg: 1.237
Epoch: [11/23], Batch: 2250/2963, Loss: 66.307, Trans_L2_m: 0.411, Yaw_err_deg: 1.448
Epoch: [11/23], Batch: 2260/2963, Loss: 73.305, Trans_L2_m: 0.606, Yaw_err_deg: 1.560
Epoch: [11/23], Batch: 2270/2963, Loss: 51.531, Trans_L2_m: 0.369, Yaw_err_deg: 0.840
Epoch: [11/23], Batch: 2280/2963, Loss: 88.864, Trans_L2_m: 0.483, Yaw_err_deg: 1.788
Epoch: [11/23], Batch: 2290/2963, Loss: 59.701, Trans_L2_m: 0.494, Yaw_err_deg: 1.484
Epoch: [11/23], Batch: 2300/2963, Loss: 62.573, Trans_L2_m: 0.439, Yaw_err_deg: 1.102
Epoch: [11/23], Batch: 2310/2963, Loss: 96.626, Trans_L2_m: 0.442, Yaw_err_deg: 1.997
Epoch: [11/23], Batch: 2320/2963, Loss: 85.269, Trans_L2_m: 0.469, Yaw_err_deg: 1.708
Epoch: [11/23], Batch: 2330/2963, Loss: 70.105, Trans_L2_m: 0.499, Yaw_err_deg: 1.503
Epoch: [11/23], Batch: 2340/2963, Loss: 68.010, Trans_L2_m: 0.479, Yaw_err_deg: 1.199
Epoch: [11/23], Batch: 2350/2963, Loss: 58.202, Trans_L2_m: 0.443, Yaw_err_deg: 1.273
Epoch: [11/23], Batch: 2360/2963, Loss: 55.448, Trans_L2_m: 0.478, Yaw_err_deg: 1.134
Epoch: [11/23], Batch: 2370/2963, Loss: 74.282, Trans_L2_m: 0.342, Yaw_err_deg: 1.534
Epoch: [11/23], Batch: 2380/2963, Loss: 97.375, Trans_L2_m: 0.434, Yaw_err_deg: 1.942
Epoch: [11/23], Batch: 2390/2963, Loss: 59.786, Trans_L2_m: 0.341, Yaw_err_deg: 1.213
Epoch: [11/23], Batch: 2400/2963, Loss: 71.696, Trans_L2_m: 0.469, Yaw_err_deg: 1.662
Epoch: [11/23], Batch: 2410/2963, Loss: 66.308, Trans_L2_m: 0.439, Yaw_err_deg: 1.432
Epoch: [11/23], Batch: 2420/2963, Loss: 70.549, Trans_L2_m: 0.513, Yaw_err_deg: 1.310
Epoch: [11/23], Batch: 2430/2963, Loss: 56.204, Trans_L2_m: 0.529, Yaw_err_deg: 0.971
Epoch: [11/23], Batch: 2440/2963, Loss: 57.618, Trans_L2_m: 0.569, Yaw_err_deg: 1.054
Epoch: [11/23], Batch: 2450/2963, Loss: 64.613, Trans_L2_m: 0.425, Yaw_err_deg: 1.425
Epoch: [11/23], Batch: 2460/2963, Loss: 59.034, Trans_L2_m: 0.482, Yaw_err_deg: 1.503
Epoch: [11/23], Batch: 2470/2963, Loss: 54.680, Trans_L2_m: 0.343, Yaw_err_deg: 1.052
Epoch: [11/23], Batch: 2480/2963, Loss: 63.903, Trans_L2_m: 0.455, Yaw_err_deg: 1.281
Epoch: [11/23], Batch: 2490/2963, Loss: 63.887, Trans_L2_m: 0.299, Yaw_err_deg: 1.376
Epoch: [11/23], Batch: 2500/2963, Loss: 64.724, Trans_L2_m: 0.535, Yaw_err_deg: 1.323
Epoch: [11/23], Batch: 2510/2963, Loss: 81.389, Trans_L2_m: 0.465, Yaw_err_deg: 1.951
Epoch: [11/23], Batch: 2520/2963, Loss: 49.578, Trans_L2_m: 0.346, Yaw_err_deg: 0.707
Epoch: [11/23], Batch: 2530/2963, Loss: 59.085, Trans_L2_m: 0.609, Yaw_err_deg: 0.861
Epoch: [11/23], Batch: 2540/2963, Loss: 69.033, Trans_L2_m: 0.374, Yaw_err_deg: 1.399
Epoch: [11/23], Batch: 2550/2963, Loss: 102.365, Trans_L2_m: 0.481, Yaw_err_deg: 1.966
Epoch: [11/23], Batch: 2560/2963, Loss: 120.533, Trans_L2_m: 0.432, Yaw_err_deg: 2.439
Epoch: [11/23], Batch: 2570/2963, Loss: 66.374, Trans_L2_m: 0.453, Yaw_err_deg: 1.468
Epoch: [11/23], Batch: 2580/2963, Loss: 70.947, Trans_L2_m: 0.507, Yaw_err_deg: 1.497
Epoch: [11/23], Batch: 2590/2963, Loss: 52.891, Trans_L2_m: 0.349, Yaw_err_deg: 0.910
Epoch: [11/23], Batch: 2600/2963, Loss: 127.972, Trans_L2_m: 0.463, Yaw_err_deg: 2.185
Epoch: [11/23], Batch: 2610/2963, Loss: 54.834, Trans_L2_m: 0.515, Yaw_err_deg: 1.009
Epoch: [11/23], Batch: 2620/2963, Loss: 80.863, Trans_L2_m: 0.478, Yaw_err_deg: 1.668
Epoch: [11/23], Batch: 2630/2963, Loss: 80.502, Trans_L2_m: 0.466, Yaw_err_deg: 1.838
Epoch: [11/23], Batch: 2640/2963, Loss: 56.770, Trans_L2_m: 0.433, Yaw_err_deg: 1.102
Epoch: [11/23], Batch: 2650/2963, Loss: 69.185, Trans_L2_m: 0.480, Yaw_err_deg: 1.668
Epoch: [11/23], Batch: 2660/2963, Loss: 61.789, Trans_L2_m: 0.454, Yaw_err_deg: 1.138
Epoch: [11/23], Batch: 2670/2963, Loss: 74.321, Trans_L2_m: 0.557, Yaw_err_deg: 1.644
Epoch: [11/23], Batch: 2680/2963, Loss: 62.995, Trans_L2_m: 0.489, Yaw_err_deg: 1.545
Epoch: [11/23], Batch: 2690/2963, Loss: 71.867, Trans_L2_m: 0.495, Yaw_err_deg: 1.684
Epoch: [11/23], Batch: 2700/2963, Loss: 71.078, Trans_L2_m: 0.525, Yaw_err_deg: 1.521
Epoch: [11/23], Batch: 2710/2963, Loss: 64.701, Trans_L2_m: 0.524, Yaw_err_deg: 1.193
Epoch: [11/23], Batch: 2720/2963, Loss: 70.404, Trans_L2_m: 0.510, Yaw_err_deg: 1.707
Epoch: [11/23], Batch: 2730/2963, Loss: 63.421, Trans_L2_m: 0.297, Yaw_err_deg: 1.261
Epoch: [11/23], Batch: 2740/2963, Loss: 74.563, Trans_L2_m: 0.519, Yaw_err_deg: 1.431
Epoch: [11/23], Batch: 2750/2963, Loss: 72.344, Trans_L2_m: 0.342, Yaw_err_deg: 1.843
Epoch: [11/23], Batch: 2760/2963, Loss: 62.354, Trans_L2_m: 0.443, Yaw_err_deg: 1.515
Epoch: [11/23], Batch: 2770/2963, Loss: 58.940, Trans_L2_m: 0.613, Yaw_err_deg: 1.166
Epoch: [11/23], Batch: 2780/2963, Loss: 58.485, Trans_L2_m: 0.458, Yaw_err_deg: 1.364
Epoch: [11/23], Batch: 2790/2963, Loss: 58.196, Trans_L2_m: 0.436, Yaw_err_deg: 1.124
Epoch: [11/23], Batch: 2800/2963, Loss: 62.024, Trans_L2_m: 0.455, Yaw_err_deg: 1.331
Epoch: [11/23], Batch: 2810/2963, Loss: 58.410, Trans_L2_m: 0.440, Yaw_err_deg: 0.951
Epoch: [11/23], Batch: 2820/2963, Loss: 62.725, Trans_L2_m: 0.415, Yaw_err_deg: 1.435
Epoch: [11/23], Batch: 2830/2963, Loss: 82.716, Trans_L2_m: 0.537, Yaw_err_deg: 1.165
Epoch: [11/23], Batch: 2840/2963, Loss: 67.791, Trans_L2_m: 0.420, Yaw_err_deg: 1.493
Epoch: [11/23], Batch: 2850/2963, Loss: 60.486, Trans_L2_m: 0.397, Yaw_err_deg: 1.409
Epoch: [11/23], Batch: 2860/2963, Loss: 60.634, Trans_L2_m: 0.446, Yaw_err_deg: 1.285
Epoch: [11/23], Batch: 2870/2963, Loss: 58.239, Trans_L2_m: 0.446, Yaw_err_deg: 1.220
Epoch: [11/23], Batch: 2880/2963, Loss: 186.973, Trans_L2_m: 0.488, Yaw_err_deg: 2.450
Epoch: [11/23], Batch: 2890/2963, Loss: 62.569, Trans_L2_m: 0.342, Yaw_err_deg: 1.341
Epoch: [11/23], Batch: 2900/2963, Loss: 48.221, Trans_L2_m: 0.379, Yaw_err_deg: 1.143
Epoch: [11/23], Batch: 2910/2963, Loss: 62.221, Trans_L2_m: 0.424, Yaw_err_deg: 1.323
Epoch: [11/23], Batch: 2920/2963, Loss: 65.275, Trans_L2_m: 0.450, Yaw_err_deg: 1.701
Epoch: [11/23], Batch: 2930/2963, Loss: 56.778, Trans_L2_m: 0.382, Yaw_err_deg: 1.158
Epoch: [11/23], Batch: 2940/2963, Loss: 75.460, Trans_L2_m: 0.696, Yaw_err_deg: 1.560
Epoch: [11/23], Batch: 2950/2963, Loss: 70.067, Trans_L2_m: 0.601, Yaw_err_deg: 1.343
Epoch: [11/23], Batch: 2960/2963, Loss: 78.463, Trans_L2_m: 0.435, Yaw_err_deg: 1.964
Validation loss (homography): 832.5583
Avg batch time: 976.89 ms, total: 316.719 s
[1;94mSave the best of 832.5582885742188, at checkpoints/2025_12_28_23_35_33_best_checkpoint_zod.pth[0m
Epoch: [12/23], Batch: 0/2963, Loss: 57.190, Trans_L2_m: 0.491, Yaw_err_deg: 1.272
Epoch: [12/23], Batch: 10/2963, Loss: 97.828, Trans_L2_m: 0.421, Yaw_err_deg: 2.206
Epoch: [12/23], Batch: 20/2963, Loss: 57.288, Trans_L2_m: 0.451, Yaw_err_deg: 1.124
Epoch: [12/23], Batch: 30/2963, Loss: 69.237, Trans_L2_m: 0.543, Yaw_err_deg: 1.087
Epoch: [12/23], Batch: 40/2963, Loss: 55.815, Trans_L2_m: 0.365, Yaw_err_deg: 1.248
Epoch: [12/23], Batch: 50/2963, Loss: 61.762, Trans_L2_m: 0.555, Yaw_err_deg: 1.396
Epoch: [12/23], Batch: 60/2963, Loss: 98.953, Trans_L2_m: 0.867, Yaw_err_deg: 1.887
Epoch: [12/23], Batch: 70/2963, Loss: 78.655, Trans_L2_m: 0.570, Yaw_err_deg: 1.457
Epoch: [12/23], Batch: 80/2963, Loss: 55.872, Trans_L2_m: 0.466, Yaw_err_deg: 0.753
Epoch: [12/23], Batch: 90/2963, Loss: 69.125, Trans_L2_m: 0.336, Yaw_err_deg: 1.618
Epoch: [12/23], Batch: 100/2963, Loss: 78.260, Trans_L2_m: 0.538, Yaw_err_deg: 1.776
Epoch: [12/23], Batch: 110/2963, Loss: 78.280, Trans_L2_m: 0.434, Yaw_err_deg: 1.564
Epoch: [12/23], Batch: 120/2963, Loss: 53.347, Trans_L2_m: 0.387, Yaw_err_deg: 1.108
Epoch: [12/23], Batch: 130/2963, Loss: 77.512, Trans_L2_m: 0.419, Yaw_err_deg: 1.739
Epoch: [12/23], Batch: 140/2963, Loss: 68.170, Trans_L2_m: 0.374, Yaw_err_deg: 1.658
Epoch: [12/23], Batch: 150/2963, Loss: 71.123, Trans_L2_m: 0.442, Yaw_err_deg: 1.715
Epoch: [12/23], Batch: 160/2963, Loss: 74.416, Trans_L2_m: 0.588, Yaw_err_deg: 1.458
Epoch: [12/23], Batch: 170/2963, Loss: 76.109, Trans_L2_m: 0.459, Yaw_err_deg: 1.828
Epoch: [12/23], Batch: 180/2963, Loss: 81.539, Trans_L2_m: 0.460, Yaw_err_deg: 1.655
Epoch: [12/23], Batch: 190/2963, Loss: 50.762, Trans_L2_m: 0.402, Yaw_err_deg: 0.647
Epoch: [12/23], Batch: 200/2963, Loss: 70.408, Trans_L2_m: 0.672, Yaw_err_deg: 1.100
Epoch: [12/23], Batch: 210/2963, Loss: 63.801, Trans_L2_m: 0.476, Yaw_err_deg: 1.623
Epoch: [12/23], Batch: 220/2963, Loss: 83.515, Trans_L2_m: 0.477, Yaw_err_deg: 1.868
Epoch: [12/23], Batch: 230/2963, Loss: 67.999, Trans_L2_m: 0.722, Yaw_err_deg: 1.008
Epoch: [12/23], Batch: 240/2963, Loss: 54.394, Trans_L2_m: 0.533, Yaw_err_deg: 1.245
Epoch: [12/23], Batch: 250/2963, Loss: 65.079, Trans_L2_m: 0.471, Yaw_err_deg: 1.539
Epoch: [12/23], Batch: 260/2963, Loss: 48.586, Trans_L2_m: 0.472, Yaw_err_deg: 0.983
Epoch: [12/23], Batch: 270/2963, Loss: 64.381, Trans_L2_m: 0.430, Yaw_err_deg: 1.597
Epoch: [12/23], Batch: 280/2963, Loss: 69.839, Trans_L2_m: 0.534, Yaw_err_deg: 1.322
Epoch: [12/23], Batch: 290/2963, Loss: 70.426, Trans_L2_m: 0.380, Yaw_err_deg: 1.346
Epoch: [12/23], Batch: 300/2963, Loss: 96.791, Trans_L2_m: 0.575, Yaw_err_deg: 2.026
Epoch: [12/23], Batch: 310/2963, Loss: 57.091, Trans_L2_m: 0.460, Yaw_err_deg: 1.184
Epoch: [12/23], Batch: 320/2963, Loss: 62.578, Trans_L2_m: 0.583, Yaw_err_deg: 0.997
Epoch: [12/23], Batch: 330/2963, Loss: 64.226, Trans_L2_m: 0.444, Yaw_err_deg: 1.206
Epoch: [12/23], Batch: 340/2963, Loss: 67.510, Trans_L2_m: 0.612, Yaw_err_deg: 1.167
Epoch: [12/23], Batch: 350/2963, Loss: 72.102, Trans_L2_m: 0.375, Yaw_err_deg: 1.695
Epoch: [12/23], Batch: 360/2963, Loss: 90.995, Trans_L2_m: 0.498, Yaw_err_deg: 2.094
Epoch: [12/23], Batch: 370/2963, Loss: 67.128, Trans_L2_m: 0.425, Yaw_err_deg: 1.419
Epoch: [12/23], Batch: 380/2963, Loss: 61.590, Trans_L2_m: 0.391, Yaw_err_deg: 1.289
Epoch: [12/23], Batch: 390/2963, Loss: 57.983, Trans_L2_m: 0.645, Yaw_err_deg: 0.912
Epoch: [12/23], Batch: 400/2963, Loss: 59.480, Trans_L2_m: 0.619, Yaw_err_deg: 0.786
Epoch: [12/23], Batch: 410/2963, Loss: 60.744, Trans_L2_m: 0.413, Yaw_err_deg: 1.383
Epoch: [12/23], Batch: 420/2963, Loss: 73.962, Trans_L2_m: 0.459, Yaw_err_deg: 1.367
Epoch: [12/23], Batch: 430/2963, Loss: 59.966, Trans_L2_m: 0.286, Yaw_err_deg: 1.165
Epoch: [12/23], Batch: 440/2963, Loss: 60.393, Trans_L2_m: 0.447, Yaw_err_deg: 1.192
Epoch: [12/23], Batch: 450/2963, Loss: 56.775, Trans_L2_m: 0.452, Yaw_err_deg: 1.218
Epoch: [12/23], Batch: 460/2963, Loss: 45.369, Trans_L2_m: 0.347, Yaw_err_deg: 0.983
Epoch: [12/23], Batch: 470/2963, Loss: 70.667, Trans_L2_m: 0.598, Yaw_err_deg: 1.640
Epoch: [12/23], Batch: 480/2963, Loss: 83.790, Trans_L2_m: 0.540, Yaw_err_deg: 1.723
Epoch: [12/23], Batch: 490/2963, Loss: 66.741, Trans_L2_m: 0.467, Yaw_err_deg: 1.440
Epoch: [12/23], Batch: 500/2963, Loss: 52.650, Trans_L2_m: 0.434, Yaw_err_deg: 1.109
Epoch: [12/23], Batch: 510/2963, Loss: 57.704, Trans_L2_m: 0.478, Yaw_err_deg: 1.032
Epoch: [12/23], Batch: 520/2963, Loss: 44.777, Trans_L2_m: 0.424, Yaw_err_deg: 0.691
Epoch: [12/23], Batch: 530/2963, Loss: 58.183, Trans_L2_m: 0.479, Yaw_err_deg: 1.368
Epoch: [12/23], Batch: 540/2963, Loss: 62.843, Trans_L2_m: 0.372, Yaw_err_deg: 1.346
Epoch: [12/23], Batch: 550/2963, Loss: 74.500, Trans_L2_m: 0.488, Yaw_err_deg: 1.282
Epoch: [12/23], Batch: 560/2963, Loss: 60.999, Trans_L2_m: 0.395, Yaw_err_deg: 1.207
Epoch: [12/23], Batch: 570/2963, Loss: 81.338, Trans_L2_m: 0.417, Yaw_err_deg: 1.417
Epoch: [12/23], Batch: 580/2963, Loss: 80.773, Trans_L2_m: 0.485, Yaw_err_deg: 1.589
Epoch: [12/23], Batch: 590/2963, Loss: 86.732, Trans_L2_m: 0.422, Yaw_err_deg: 1.161
Epoch: [12/23], Batch: 600/2963, Loss: 68.720, Trans_L2_m: 0.473, Yaw_err_deg: 1.088
Epoch: [12/23], Batch: 610/2963, Loss: 68.182, Trans_L2_m: 0.713, Yaw_err_deg: 1.484
Epoch: [12/23], Batch: 620/2963, Loss: 51.979, Trans_L2_m: 0.343, Yaw_err_deg: 0.963
Epoch: [12/23], Batch: 630/2963, Loss: 54.376, Trans_L2_m: 0.500, Yaw_err_deg: 0.990
Epoch: [12/23], Batch: 640/2963, Loss: 63.996, Trans_L2_m: 0.498, Yaw_err_deg: 1.263
Epoch: [12/23], Batch: 650/2963, Loss: 57.840, Trans_L2_m: 0.475, Yaw_err_deg: 1.435
Epoch: [12/23], Batch: 660/2963, Loss: 58.340, Trans_L2_m: 0.675, Yaw_err_deg: 0.726
Epoch: [12/23], Batch: 670/2963, Loss: 61.649, Trans_L2_m: 0.638, Yaw_err_deg: 0.906
Epoch: [12/23], Batch: 680/2963, Loss: 62.406, Trans_L2_m: 0.371, Yaw_err_deg: 1.432
Epoch: [12/23], Batch: 690/2963, Loss: 74.399, Trans_L2_m: 0.507, Yaw_err_deg: 1.655
Epoch: [12/23], Batch: 700/2963, Loss: 80.176, Trans_L2_m: 0.538, Yaw_err_deg: 1.998
Epoch: [12/23], Batch: 710/2963, Loss: 57.872, Trans_L2_m: 0.476, Yaw_err_deg: 1.041
Epoch: [12/23], Batch: 720/2963, Loss: 55.313, Trans_L2_m: 0.630, Yaw_err_deg: 0.994
Epoch: [12/23], Batch: 730/2963, Loss: 56.318, Trans_L2_m: 0.415, Yaw_err_deg: 1.239
Epoch: [12/23], Batch: 740/2963, Loss: 64.441, Trans_L2_m: 0.519, Yaw_err_deg: 1.330
Epoch: [12/23], Batch: 750/2963, Loss: 54.777, Trans_L2_m: 0.348, Yaw_err_deg: 1.178
Epoch: [12/23], Batch: 760/2963, Loss: 77.149, Trans_L2_m: 0.515, Yaw_err_deg: 2.015
Epoch: [12/23], Batch: 770/2963, Loss: 70.719, Trans_L2_m: 0.408, Yaw_err_deg: 1.720
Epoch: [12/23], Batch: 780/2963, Loss: 72.963, Trans_L2_m: 0.556, Yaw_err_deg: 1.749
Epoch: [12/23], Batch: 790/2963, Loss: 56.754, Trans_L2_m: 0.513, Yaw_err_deg: 1.049
Epoch: [12/23], Batch: 800/2963, Loss: 47.573, Trans_L2_m: 0.263, Yaw_err_deg: 1.088
Epoch: [12/23], Batch: 810/2963, Loss: 53.651, Trans_L2_m: 0.495, Yaw_err_deg: 0.895
Epoch: [12/23], Batch: 820/2963, Loss: 76.623, Trans_L2_m: 0.404, Yaw_err_deg: 1.719
Epoch: [12/23], Batch: 830/2963, Loss: 76.538, Trans_L2_m: 0.529, Yaw_err_deg: 1.506
Epoch: [12/23], Batch: 840/2963, Loss: 55.121, Trans_L2_m: 0.362, Yaw_err_deg: 1.413
Epoch: [12/23], Batch: 850/2963, Loss: 46.941, Trans_L2_m: 0.319, Yaw_err_deg: 0.752
Epoch: [12/23], Batch: 860/2963, Loss: 55.290, Trans_L2_m: 0.277, Yaw_err_deg: 1.103
Epoch: [12/23], Batch: 870/2963, Loss: 53.387, Trans_L2_m: 0.475, Yaw_err_deg: 0.719
Epoch: [12/23], Batch: 880/2963, Loss: 58.657, Trans_L2_m: 0.448, Yaw_err_deg: 1.006
Epoch: [12/23], Batch: 890/2963, Loss: 93.699, Trans_L2_m: 0.518, Yaw_err_deg: 2.267
Epoch: [12/23], Batch: 900/2963, Loss: 63.246, Trans_L2_m: 0.427, Yaw_err_deg: 1.435
Epoch: [12/23], Batch: 910/2963, Loss: 67.532, Trans_L2_m: 0.398, Yaw_err_deg: 1.431
Epoch: [12/23], Batch: 920/2963, Loss: 51.647, Trans_L2_m: 0.386, Yaw_err_deg: 0.939
Epoch: [12/23], Batch: 930/2963, Loss: 63.798, Trans_L2_m: 0.570, Yaw_err_deg: 1.113
Epoch: [12/23], Batch: 940/2963, Loss: 80.374, Trans_L2_m: 0.327, Yaw_err_deg: 1.941
Epoch: [12/23], Batch: 950/2963, Loss: 64.456, Trans_L2_m: 0.611, Yaw_err_deg: 1.113
Epoch: [12/23], Batch: 960/2963, Loss: 52.140, Trans_L2_m: 0.311, Yaw_err_deg: 1.077
Epoch: [12/23], Batch: 970/2963, Loss: 68.463, Trans_L2_m: 0.541, Yaw_err_deg: 1.625
Epoch: [12/23], Batch: 980/2963, Loss: 64.362, Trans_L2_m: 0.433, Yaw_err_deg: 1.391
Epoch: [12/23], Batch: 990/2963, Loss: 68.526, Trans_L2_m: 0.509, Yaw_err_deg: 1.417
Epoch: [12/23], Batch: 1000/2963, Loss: 51.967, Trans_L2_m: 0.438, Yaw_err_deg: 0.871
Epoch: [12/23], Batch: 1010/2963, Loss: 55.265, Trans_L2_m: 0.359, Yaw_err_deg: 1.088
Epoch: [12/23], Batch: 1020/2963, Loss: 59.169, Trans_L2_m: 0.509, Yaw_err_deg: 1.397
Epoch: [12/23], Batch: 1030/2963, Loss: 519.158, Trans_L2_m: 0.683, Yaw_err_deg: 3.426
Epoch: [12/23], Batch: 1040/2963, Loss: 49.940, Trans_L2_m: 0.421, Yaw_err_deg: 0.636
Epoch: [12/23], Batch: 1050/2963, Loss: 102.587, Trans_L2_m: 0.571, Yaw_err_deg: 1.867
Epoch: [12/23], Batch: 1060/2963, Loss: 65.301, Trans_L2_m: 0.362, Yaw_err_deg: 1.623
Epoch: [12/23], Batch: 1070/2963, Loss: 61.336, Trans_L2_m: 0.418, Yaw_err_deg: 1.296
Epoch: [12/23], Batch: 1080/2963, Loss: 56.157, Trans_L2_m: 0.418, Yaw_err_deg: 1.226
Epoch: [12/23], Batch: 1090/2963, Loss: 53.237, Trans_L2_m: 0.427, Yaw_err_deg: 1.000
Epoch: [12/23], Batch: 1100/2963, Loss: 57.148, Trans_L2_m: 0.508, Yaw_err_deg: 1.240
Epoch: [12/23], Batch: 1110/2963, Loss: 64.683, Trans_L2_m: 0.579, Yaw_err_deg: 1.213
Epoch: [12/23], Batch: 1120/2963, Loss: 74.925, Trans_L2_m: 0.545, Yaw_err_deg: 1.713
Epoch: [12/23], Batch: 1130/2963, Loss: 61.160, Trans_L2_m: 0.375, Yaw_err_deg: 1.149
Epoch: [12/23], Batch: 1140/2963, Loss: 56.382, Trans_L2_m: 0.443, Yaw_err_deg: 1.361
Epoch: [12/23], Batch: 1150/2963, Loss: 52.704, Trans_L2_m: 0.416, Yaw_err_deg: 1.000
Epoch: [12/23], Batch: 1160/2963, Loss: 71.003, Trans_L2_m: 0.704, Yaw_err_deg: 1.184
Epoch: [12/23], Batch: 1170/2963, Loss: 105.079, Trans_L2_m: 0.442, Yaw_err_deg: 1.818
Epoch: [12/23], Batch: 1180/2963, Loss: 69.500, Trans_L2_m: 0.408, Yaw_err_deg: 1.598
Epoch: [12/23], Batch: 1190/2963, Loss: 56.214, Trans_L2_m: 0.427, Yaw_err_deg: 1.197
Epoch: [12/23], Batch: 1200/2963, Loss: 87.911, Trans_L2_m: 0.546, Yaw_err_deg: 2.200
Epoch: [12/23], Batch: 1210/2963, Loss: 61.343, Trans_L2_m: 0.480, Yaw_err_deg: 1.422
Epoch: [12/23], Batch: 1220/2963, Loss: 60.534, Trans_L2_m: 0.438, Yaw_err_deg: 1.373
Epoch: [12/23], Batch: 1230/2963, Loss: 51.449, Trans_L2_m: 0.396, Yaw_err_deg: 1.102
Epoch: [12/23], Batch: 1240/2963, Loss: 61.822, Trans_L2_m: 0.494, Yaw_err_deg: 1.448
Epoch: [12/23], Batch: 1250/2963, Loss: 46.412, Trans_L2_m: 0.336, Yaw_err_deg: 0.795
Epoch: [12/23], Batch: 1260/2963, Loss: 62.107, Trans_L2_m: 0.489, Yaw_err_deg: 1.172
Epoch: [12/23], Batch: 1270/2963, Loss: 70.135, Trans_L2_m: 0.464, Yaw_err_deg: 1.807
Epoch: [12/23], Batch: 1280/2963, Loss: 55.708, Trans_L2_m: 0.544, Yaw_err_deg: 1.034
Epoch: [12/23], Batch: 1290/2963, Loss: 60.121, Trans_L2_m: 0.490, Yaw_err_deg: 1.367
Epoch: [12/23], Batch: 1300/2963, Loss: 58.393, Trans_L2_m: 0.423, Yaw_err_deg: 1.161
Epoch: [12/23], Batch: 1310/2963, Loss: 61.116, Trans_L2_m: 0.511, Yaw_err_deg: 0.812
Epoch: [12/23], Batch: 1320/2963, Loss: 76.334, Trans_L2_m: 0.449, Yaw_err_deg: 1.224
Epoch: [12/23], Batch: 1330/2963, Loss: 54.685, Trans_L2_m: 0.514, Yaw_err_deg: 0.983
Epoch: [12/23], Batch: 1340/2963, Loss: 53.420, Trans_L2_m: 0.459, Yaw_err_deg: 1.107
Epoch: [12/23], Batch: 1350/2963, Loss: 55.235, Trans_L2_m: 0.441, Yaw_err_deg: 1.138
Epoch: [12/23], Batch: 1360/2963, Loss: 57.754, Trans_L2_m: 0.513, Yaw_err_deg: 1.041
Epoch: [12/23], Batch: 1370/2963, Loss: 60.971, Trans_L2_m: 0.509, Yaw_err_deg: 1.038
Epoch: [12/23], Batch: 1380/2963, Loss: 51.925, Trans_L2_m: 0.559, Yaw_err_deg: 0.797
Epoch: [12/23], Batch: 1390/2963, Loss: 53.885, Trans_L2_m: 0.379, Yaw_err_deg: 0.794
Epoch: [12/23], Batch: 1400/2963, Loss: 89.126, Trans_L2_m: 0.606, Yaw_err_deg: 2.063
Epoch: [12/23], Batch: 1410/2963, Loss: 77.924, Trans_L2_m: 0.393, Yaw_err_deg: 1.594
Epoch: [12/23], Batch: 1420/2963, Loss: 87.754, Trans_L2_m: 0.531, Yaw_err_deg: 1.437
Epoch: [12/23], Batch: 1430/2963, Loss: 77.967, Trans_L2_m: 0.504, Yaw_err_deg: 1.463
Epoch: [12/23], Batch: 1440/2963, Loss: 59.505, Trans_L2_m: 0.543, Yaw_err_deg: 1.020
Epoch: [12/23], Batch: 1450/2963, Loss: 54.661, Trans_L2_m: 0.461, Yaw_err_deg: 0.810
Epoch: [12/23], Batch: 1460/2963, Loss: 86.419, Trans_L2_m: 0.559, Yaw_err_deg: 1.420
Epoch: [12/23], Batch: 1470/2963, Loss: 60.693, Trans_L2_m: 0.471, Yaw_err_deg: 1.043
Epoch: [12/23], Batch: 1480/2963, Loss: 140.171, Trans_L2_m: 0.442, Yaw_err_deg: 1.846
Epoch: [12/23], Batch: 1490/2963, Loss: 63.424, Trans_L2_m: 0.534, Yaw_err_deg: 1.233
Epoch: [12/23], Batch: 1500/2963, Loss: 71.210, Trans_L2_m: 0.587, Yaw_err_deg: 1.549
Epoch: [12/23], Batch: 1510/2963, Loss: 50.610, Trans_L2_m: 0.389, Yaw_err_deg: 0.876
Epoch: [12/23], Batch: 1520/2963, Loss: 79.089, Trans_L2_m: 0.409, Yaw_err_deg: 1.810
Epoch: [12/23], Batch: 1530/2963, Loss: 67.822, Trans_L2_m: 0.473, Yaw_err_deg: 1.359
Epoch: [12/23], Batch: 1540/2963, Loss: 61.015, Trans_L2_m: 0.623, Yaw_err_deg: 0.956
Epoch: [12/23], Batch: 1550/2963, Loss: 49.894, Trans_L2_m: 0.555, Yaw_err_deg: 0.905
Epoch: [12/23], Batch: 1560/2963, Loss: 55.447, Trans_L2_m: 0.389, Yaw_err_deg: 1.254
Epoch: [12/23], Batch: 1570/2963, Loss: 83.735, Trans_L2_m: 0.586, Yaw_err_deg: 1.722
Epoch: [12/23], Batch: 1580/2963, Loss: 66.682, Trans_L2_m: 0.522, Yaw_err_deg: 1.343
Epoch: [12/23], Batch: 1590/2963, Loss: 64.515, Trans_L2_m: 0.352, Yaw_err_deg: 1.258
Epoch: [12/23], Batch: 1600/2963, Loss: 60.299, Trans_L2_m: 0.509, Yaw_err_deg: 1.119
Epoch: [12/23], Batch: 1610/2963, Loss: 60.700, Trans_L2_m: 0.483, Yaw_err_deg: 1.213
Epoch: [12/23], Batch: 1620/2963, Loss: 53.246, Trans_L2_m: 0.353, Yaw_err_deg: 1.228
Epoch: [12/23], Batch: 1630/2963, Loss: 57.447, Trans_L2_m: 0.692, Yaw_err_deg: 1.041
Epoch: [12/23], Batch: 1640/2963, Loss: 57.839, Trans_L2_m: 0.519, Yaw_err_deg: 0.800
Epoch: [12/23], Batch: 1650/2963, Loss: 61.920, Trans_L2_m: 0.455, Yaw_err_deg: 1.411
Epoch: [12/23], Batch: 1660/2963, Loss: 86.071, Trans_L2_m: 0.423, Yaw_err_deg: 1.847
Epoch: [12/23], Batch: 1670/2963, Loss: 59.601, Trans_L2_m: 0.435, Yaw_err_deg: 1.131
Epoch: [12/23], Batch: 1680/2963, Loss: 76.076, Trans_L2_m: 0.629, Yaw_err_deg: 1.314
Epoch: [12/23], Batch: 1690/2963, Loss: 57.842, Trans_L2_m: 0.523, Yaw_err_deg: 1.471
Epoch: [12/23], Batch: 1700/2963, Loss: 65.877, Trans_L2_m: 0.692, Yaw_err_deg: 1.156
Epoch: [12/23], Batch: 1710/2963, Loss: 48.167, Trans_L2_m: 0.337, Yaw_err_deg: 0.742
Epoch: [12/23], Batch: 1720/2963, Loss: 59.998, Trans_L2_m: 0.437, Yaw_err_deg: 1.317
Epoch: [12/23], Batch: 1730/2963, Loss: 47.971, Trans_L2_m: 0.344, Yaw_err_deg: 0.826
Epoch: [12/23], Batch: 1740/2963, Loss: 313.098, Trans_L2_m: 0.403, Yaw_err_deg: 2.711
Epoch: [12/23], Batch: 1750/2963, Loss: 58.875, Trans_L2_m: 0.578, Yaw_err_deg: 1.195
Epoch: [12/23], Batch: 1760/2963, Loss: 54.476, Trans_L2_m: 0.456, Yaw_err_deg: 1.373
Epoch: [12/23], Batch: 1770/2963, Loss: 87.284, Trans_L2_m: 0.598, Yaw_err_deg: 1.973
Epoch: [12/23], Batch: 1780/2963, Loss: 68.107, Trans_L2_m: 0.470, Yaw_err_deg: 1.603
Epoch: [12/23], Batch: 1790/2963, Loss: 58.765, Trans_L2_m: 0.453, Yaw_err_deg: 1.156
Epoch: [12/23], Batch: 1800/2963, Loss: 55.794, Trans_L2_m: 0.402, Yaw_err_deg: 0.971
Epoch: [12/23], Batch: 1810/2963, Loss: 74.079, Trans_L2_m: 0.377, Yaw_err_deg: 1.894
Epoch: [12/23], Batch: 1820/2963, Loss: 53.950, Trans_L2_m: 0.395, Yaw_err_deg: 1.275
Epoch: [12/23], Batch: 1830/2963, Loss: 70.260, Trans_L2_m: 0.470, Yaw_err_deg: 1.471
Epoch: [12/23], Batch: 1840/2963, Loss: 84.113, Trans_L2_m: 0.323, Yaw_err_deg: 1.860
Epoch: [12/23], Batch: 1850/2963, Loss: 51.883, Trans_L2_m: 0.444, Yaw_err_deg: 0.893
Epoch: [12/23], Batch: 1860/2963, Loss: 72.470, Trans_L2_m: 0.511, Yaw_err_deg: 1.812
Epoch: [12/23], Batch: 1870/2963, Loss: 67.719, Trans_L2_m: 0.478, Yaw_err_deg: 1.574
Epoch: [12/23], Batch: 1880/2963, Loss: 81.595, Trans_L2_m: 0.403, Yaw_err_deg: 1.667
Epoch: [12/23], Batch: 1890/2963, Loss: 90.875, Trans_L2_m: 0.432, Yaw_err_deg: 2.332
Epoch: [12/23], Batch: 1900/2963, Loss: 80.491, Trans_L2_m: 0.637, Yaw_err_deg: 1.536
Epoch: [12/23], Batch: 1910/2963, Loss: 55.618, Trans_L2_m: 0.354, Yaw_err_deg: 0.937
Epoch: [12/23], Batch: 1920/2963, Loss: 51.490, Trans_L2_m: 0.527, Yaw_err_deg: 0.808
Epoch: [12/23], Batch: 1930/2963, Loss: 55.295, Trans_L2_m: 0.580, Yaw_err_deg: 0.949
Epoch: [12/23], Batch: 1940/2963, Loss: 67.117, Trans_L2_m: 0.422, Yaw_err_deg: 1.526
Epoch: [12/23], Batch: 1950/2963, Loss: 58.543, Trans_L2_m: 0.556, Yaw_err_deg: 1.326
Epoch: [12/23], Batch: 1960/2963, Loss: 76.191, Trans_L2_m: 0.485, Yaw_err_deg: 1.609
Epoch: [12/23], Batch: 1970/2963, Loss: 69.860, Trans_L2_m: 0.480, Yaw_err_deg: 1.764
Epoch: [12/23], Batch: 1980/2963, Loss: 75.167, Trans_L2_m: 0.495, Yaw_err_deg: 1.427
Epoch: [12/23], Batch: 1990/2963, Loss: 62.368, Trans_L2_m: 0.442, Yaw_err_deg: 1.313
Epoch: [12/23], Batch: 2000/2963, Loss: 55.360, Trans_L2_m: 0.435, Yaw_err_deg: 1.098
Epoch: [12/23], Batch: 2010/2963, Loss: 60.535, Trans_L2_m: 0.425, Yaw_err_deg: 1.185
Epoch: [12/23], Batch: 2020/2963, Loss: 52.412, Trans_L2_m: 0.357, Yaw_err_deg: 0.936
Epoch: [12/23], Batch: 2030/2963, Loss: 59.801, Trans_L2_m: 0.421, Yaw_err_deg: 1.050
Epoch: [12/23], Batch: 2040/2963, Loss: 54.087, Trans_L2_m: 0.504, Yaw_err_deg: 1.169
Epoch: [12/23], Batch: 2050/2963, Loss: 66.371, Trans_L2_m: 0.437, Yaw_err_deg: 1.350
Epoch: [12/23], Batch: 2060/2963, Loss: 50.546, Trans_L2_m: 0.381, Yaw_err_deg: 1.050
Epoch: [12/23], Batch: 2070/2963, Loss: 58.189, Trans_L2_m: 0.414, Yaw_err_deg: 1.364
Epoch: [12/23], Batch: 2080/2963, Loss: 64.264, Trans_L2_m: 0.457, Yaw_err_deg: 1.275
Epoch: [12/23], Batch: 2090/2963, Loss: 68.659, Trans_L2_m: 0.358, Yaw_err_deg: 1.507
Epoch: [12/23], Batch: 2100/2963, Loss: 76.378, Trans_L2_m: 0.298, Yaw_err_deg: 1.977
Epoch: [12/23], Batch: 2110/2963, Loss: 71.718, Trans_L2_m: 0.439, Yaw_err_deg: 1.542
Epoch: [12/23], Batch: 2120/2963, Loss: 73.149, Trans_L2_m: 0.449, Yaw_err_deg: 1.440
Epoch: [12/23], Batch: 2130/2963, Loss: 87.743, Trans_L2_m: 0.446, Yaw_err_deg: 1.985
Epoch: [12/23], Batch: 2140/2963, Loss: 85.385, Trans_L2_m: 0.377, Yaw_err_deg: 1.847
Epoch: [12/23], Batch: 2150/2963, Loss: 55.940, Trans_L2_m: 0.345, Yaw_err_deg: 1.346
Epoch: [12/23], Batch: 2160/2963, Loss: 67.525, Trans_L2_m: 0.453, Yaw_err_deg: 1.706
Epoch: [12/23], Batch: 2170/2963, Loss: 48.589, Trans_L2_m: 0.490, Yaw_err_deg: 0.718
Epoch: [12/23], Batch: 2180/2963, Loss: 55.829, Trans_L2_m: 0.416, Yaw_err_deg: 1.194
Epoch: [12/23], Batch: 2190/2963, Loss: 47.780, Trans_L2_m: 0.356, Yaw_err_deg: 0.964
Epoch: [12/23], Batch: 2200/2963, Loss: 66.080, Trans_L2_m: 0.379, Yaw_err_deg: 1.518
Epoch: [12/23], Batch: 2210/2963, Loss: 53.401, Trans_L2_m: 0.517, Yaw_err_deg: 0.947
Epoch: [12/23], Batch: 2220/2963, Loss: 53.096, Trans_L2_m: 0.344, Yaw_err_deg: 0.778
Epoch: [12/23], Batch: 2230/2963, Loss: 51.508, Trans_L2_m: 0.491, Yaw_err_deg: 1.037
Epoch: [12/23], Batch: 2240/2963, Loss: 74.692, Trans_L2_m: 0.594, Yaw_err_deg: 1.796
Epoch: [12/23], Batch: 2250/2963, Loss: 87.205, Trans_L2_m: 0.464, Yaw_err_deg: 1.771
Epoch: [12/23], Batch: 2260/2963, Loss: 61.830, Trans_L2_m: 0.535, Yaw_err_deg: 1.302
Epoch: [12/23], Batch: 2270/2963, Loss: 64.178, Trans_L2_m: 0.348, Yaw_err_deg: 1.432
Epoch: [12/23], Batch: 2280/2963, Loss: 54.693, Trans_L2_m: 0.384, Yaw_err_deg: 1.182
Epoch: [12/23], Batch: 2290/2963, Loss: 60.291, Trans_L2_m: 0.390, Yaw_err_deg: 1.455
Epoch: [12/23], Batch: 2300/2963, Loss: 53.221, Trans_L2_m: 0.437, Yaw_err_deg: 0.911
Epoch: [12/23], Batch: 2310/2963, Loss: 58.745, Trans_L2_m: 0.532, Yaw_err_deg: 0.850
Epoch: [12/23], Batch: 2320/2963, Loss: 56.771, Trans_L2_m: 0.507, Yaw_err_deg: 1.139
Epoch: [12/23], Batch: 2330/2963, Loss: 66.438, Trans_L2_m: 0.362, Yaw_err_deg: 1.423
Epoch: [12/23], Batch: 2340/2963, Loss: 54.780, Trans_L2_m: 0.432, Yaw_err_deg: 0.747
Epoch: [12/23], Batch: 2350/2963, Loss: 62.714, Trans_L2_m: 0.555, Yaw_err_deg: 1.395
Epoch: [12/23], Batch: 2360/2963, Loss: 58.143, Trans_L2_m: 0.520, Yaw_err_deg: 0.904
Epoch: [12/23], Batch: 2370/2963, Loss: 67.083, Trans_L2_m: 0.525, Yaw_err_deg: 1.224
Epoch: [12/23], Batch: 2380/2963, Loss: 83.422, Trans_L2_m: 0.445, Yaw_err_deg: 1.808
Epoch: [12/23], Batch: 2390/2963, Loss: 59.569, Trans_L2_m: 0.448, Yaw_err_deg: 1.170
Epoch: [12/23], Batch: 2400/2963, Loss: 82.210, Trans_L2_m: 0.561, Yaw_err_deg: 1.554
Epoch: [12/23], Batch: 2410/2963, Loss: 49.237, Trans_L2_m: 0.359, Yaw_err_deg: 0.926
Epoch: [12/23], Batch: 2420/2963, Loss: 56.394, Trans_L2_m: 0.553, Yaw_err_deg: 1.055
Epoch: [12/23], Batch: 2430/2963, Loss: 67.626, Trans_L2_m: 0.441, Yaw_err_deg: 1.254
Epoch: [12/23], Batch: 2440/2963, Loss: 50.829, Trans_L2_m: 0.449, Yaw_err_deg: 1.015
Epoch: [12/23], Batch: 2450/2963, Loss: 64.886, Trans_L2_m: 0.353, Yaw_err_deg: 1.477
Epoch: [12/23], Batch: 2460/2963, Loss: 82.830, Trans_L2_m: 0.419, Yaw_err_deg: 2.046
Epoch: [12/23], Batch: 2470/2963, Loss: 119.352, Trans_L2_m: 0.429, Yaw_err_deg: 2.747
Epoch: [12/23], Batch: 2480/2963, Loss: 67.699, Trans_L2_m: 0.423, Yaw_err_deg: 1.606
Epoch: [12/23], Batch: 2490/2963, Loss: 46.805, Trans_L2_m: 0.391, Yaw_err_deg: 0.723
Epoch: [12/23], Batch: 2500/2963, Loss: 59.615, Trans_L2_m: 0.571, Yaw_err_deg: 1.136
Epoch: [12/23], Batch: 2510/2963, Loss: 60.364, Trans_L2_m: 0.411, Yaw_err_deg: 1.176
Epoch: [12/23], Batch: 2520/2963, Loss: 61.705, Trans_L2_m: 0.374, Yaw_err_deg: 1.416
Epoch: [12/23], Batch: 2530/2963, Loss: 57.425, Trans_L2_m: 0.608, Yaw_err_deg: 0.884
Epoch: [12/23], Batch: 2540/2963, Loss: 53.328, Trans_L2_m: 0.468, Yaw_err_deg: 1.203
Epoch: [12/23], Batch: 2550/2963, Loss: 55.189, Trans_L2_m: 0.393, Yaw_err_deg: 0.999
Epoch: [12/23], Batch: 2560/2963, Loss: 54.801, Trans_L2_m: 0.472, Yaw_err_deg: 1.322
Epoch: [12/23], Batch: 2570/2963, Loss: 64.762, Trans_L2_m: 0.582, Yaw_err_deg: 1.199
Epoch: [12/23], Batch: 2580/2963, Loss: 103.184, Trans_L2_m: 0.598, Yaw_err_deg: 1.911
Epoch: [12/23], Batch: 2590/2963, Loss: 74.052, Trans_L2_m: 0.415, Yaw_err_deg: 1.911
Epoch: [12/23], Batch: 2600/2963, Loss: 72.472, Trans_L2_m: 0.633, Yaw_err_deg: 1.347
Epoch: [12/23], Batch: 2610/2963, Loss: 69.279, Trans_L2_m: 0.344, Yaw_err_deg: 1.677
Epoch: [12/23], Batch: 2620/2963, Loss: 60.788, Trans_L2_m: 0.379, Yaw_err_deg: 1.279
Epoch: [12/23], Batch: 2630/2963, Loss: 49.844, Trans_L2_m: 0.411, Yaw_err_deg: 0.892
Epoch: [12/23], Batch: 2640/2963, Loss: 62.757, Trans_L2_m: 0.563, Yaw_err_deg: 1.347
Epoch: [12/23], Batch: 2650/2963, Loss: 53.186, Trans_L2_m: 0.435, Yaw_err_deg: 1.035
Epoch: [12/23], Batch: 2660/2963, Loss: 60.143, Trans_L2_m: 0.414, Yaw_err_deg: 1.183
Epoch: [12/23], Batch: 2670/2963, Loss: 46.544, Trans_L2_m: 0.331, Yaw_err_deg: 0.865
Epoch: [12/23], Batch: 2680/2963, Loss: 56.970, Trans_L2_m: 0.579, Yaw_err_deg: 0.824
Epoch: [12/23], Batch: 2690/2963, Loss: 50.159, Trans_L2_m: 0.412, Yaw_err_deg: 0.925
Epoch: [12/23], Batch: 2700/2963, Loss: 64.291, Trans_L2_m: 0.388, Yaw_err_deg: 1.218
Epoch: [12/23], Batch: 2710/2963, Loss: 84.296, Trans_L2_m: 0.381, Yaw_err_deg: 1.531
Epoch: [12/23], Batch: 2720/2963, Loss: 50.740, Trans_L2_m: 0.448, Yaw_err_deg: 1.092
Epoch: [12/23], Batch: 2730/2963, Loss: 235.531, Trans_L2_m: 0.532, Yaw_err_deg: 2.432
Epoch: [12/23], Batch: 2740/2963, Loss: 85.967, Trans_L2_m: 0.344, Yaw_err_deg: 2.128
Epoch: [12/23], Batch: 2750/2963, Loss: 58.570, Trans_L2_m: 0.473, Yaw_err_deg: 1.145
Epoch: [12/23], Batch: 2760/2963, Loss: 61.789, Trans_L2_m: 0.439, Yaw_err_deg: 1.150
Epoch: [12/23], Batch: 2770/2963, Loss: 105.349, Trans_L2_m: 0.518, Yaw_err_deg: 2.334
Epoch: [12/23], Batch: 2780/2963, Loss: 54.142, Trans_L2_m: 0.474, Yaw_err_deg: 1.257
Epoch: [12/23], Batch: 2790/2963, Loss: 66.881, Trans_L2_m: 0.496, Yaw_err_deg: 1.377
Epoch: [12/23], Batch: 2800/2963, Loss: 67.519, Trans_L2_m: 0.567, Yaw_err_deg: 1.446
Epoch: [12/23], Batch: 2810/2963, Loss: 60.259, Trans_L2_m: 0.337, Yaw_err_deg: 1.481
Epoch: [12/23], Batch: 2820/2963, Loss: 53.772, Trans_L2_m: 0.536, Yaw_err_deg: 0.938
Epoch: [12/23], Batch: 2830/2963, Loss: 42.368, Trans_L2_m: 0.323, Yaw_err_deg: 0.741
Epoch: [12/23], Batch: 2840/2963, Loss: 68.416, Trans_L2_m: 0.483, Yaw_err_deg: 1.572
Epoch: [12/23], Batch: 2850/2963, Loss: 76.274, Trans_L2_m: 0.615, Yaw_err_deg: 1.378
Epoch: [12/23], Batch: 2860/2963, Loss: 50.502, Trans_L2_m: 0.464, Yaw_err_deg: 1.060
Epoch: [12/23], Batch: 2870/2963, Loss: 55.431, Trans_L2_m: 0.470, Yaw_err_deg: 1.053
Epoch: [12/23], Batch: 2880/2963, Loss: 82.880, Trans_L2_m: 0.294, Yaw_err_deg: 1.793
Epoch: [12/23], Batch: 2890/2963, Loss: 49.867, Trans_L2_m: 0.472, Yaw_err_deg: 0.673
Epoch: [12/23], Batch: 2900/2963, Loss: 48.374, Trans_L2_m: 0.302, Yaw_err_deg: 0.810
Epoch: [12/23], Batch: 2910/2963, Loss: 49.756, Trans_L2_m: 0.469, Yaw_err_deg: 0.909
Epoch: [12/23], Batch: 2920/2963, Loss: 61.554, Trans_L2_m: 0.590, Yaw_err_deg: 0.987
Epoch: [12/23], Batch: 2930/2963, Loss: 56.752, Trans_L2_m: 0.566, Yaw_err_deg: 1.071
Epoch: [12/23], Batch: 2940/2963, Loss: 56.635, Trans_L2_m: 0.518, Yaw_err_deg: 0.992
Epoch: [12/23], Batch: 2950/2963, Loss: 60.602, Trans_L2_m: 0.567, Yaw_err_deg: 1.171
Epoch: [12/23], Batch: 2960/2963, Loss: 61.468, Trans_L2_m: 0.582, Yaw_err_deg: 1.082
Epoch: [13/23], Batch: 0/2963, Loss: 66.193, Trans_L2_m: 0.440, Yaw_err_deg: 1.407
Epoch: [13/23], Batch: 10/2963, Loss: 58.644, Trans_L2_m: 0.568, Yaw_err_deg: 1.055
Epoch: [13/23], Batch: 20/2963, Loss: 64.384, Trans_L2_m: 0.360, Yaw_err_deg: 1.620
Epoch: [13/23], Batch: 30/2963, Loss: 67.132, Trans_L2_m: 0.596, Yaw_err_deg: 1.122
Epoch: [13/23], Batch: 40/2963, Loss: 59.078, Trans_L2_m: 0.622, Yaw_err_deg: 0.889
Epoch: [13/23], Batch: 50/2963, Loss: 57.887, Trans_L2_m: 0.500, Yaw_err_deg: 1.072
Epoch: [13/23], Batch: 60/2963, Loss: 56.891, Trans_L2_m: 0.539, Yaw_err_deg: 1.258
Epoch: [13/23], Batch: 70/2963, Loss: 72.668, Trans_L2_m: 0.541, Yaw_err_deg: 1.485
Epoch: [13/23], Batch: 80/2963, Loss: 63.359, Trans_L2_m: 0.430, Yaw_err_deg: 1.284
Epoch: [13/23], Batch: 90/2963, Loss: 52.141, Trans_L2_m: 0.399, Yaw_err_deg: 0.997
Epoch: [13/23], Batch: 100/2963, Loss: 181.503, Trans_L2_m: 0.626, Yaw_err_deg: 3.963
Epoch: [13/23], Batch: 110/2963, Loss: 69.296, Trans_L2_m: 0.583, Yaw_err_deg: 1.336
Epoch: [13/23], Batch: 120/2963, Loss: 53.025, Trans_L2_m: 0.416, Yaw_err_deg: 1.043
Epoch: [13/23], Batch: 130/2963, Loss: 53.547, Trans_L2_m: 0.405, Yaw_err_deg: 0.940
Epoch: [13/23], Batch: 140/2963, Loss: 71.335, Trans_L2_m: 0.414, Yaw_err_deg: 1.596
Epoch: [13/23], Batch: 150/2963, Loss: 67.303, Trans_L2_m: 0.437, Yaw_err_deg: 1.377
Epoch: [13/23], Batch: 160/2963, Loss: 63.611, Trans_L2_m: 0.295, Yaw_err_deg: 1.482
Epoch: [13/23], Batch: 170/2963, Loss: 73.547, Trans_L2_m: 0.537, Yaw_err_deg: 1.406
Epoch: [13/23], Batch: 180/2963, Loss: 88.464, Trans_L2_m: 0.324, Yaw_err_deg: 1.536
Epoch: [13/23], Batch: 190/2963, Loss: 60.666, Trans_L2_m: 0.533, Yaw_err_deg: 1.102
Epoch: [13/23], Batch: 200/2963, Loss: 52.123, Trans_L2_m: 0.447, Yaw_err_deg: 0.923
Epoch: [13/23], Batch: 210/2963, Loss: 50.380, Trans_L2_m: 0.588, Yaw_err_deg: 0.764
Epoch: [13/23], Batch: 220/2963, Loss: 45.257, Trans_L2_m: 0.389, Yaw_err_deg: 0.761
Epoch: [13/23], Batch: 230/2963, Loss: 55.083, Trans_L2_m: 0.401, Yaw_err_deg: 0.987
Epoch: [13/23], Batch: 240/2963, Loss: 61.994, Trans_L2_m: 0.563, Yaw_err_deg: 1.192
Epoch: [13/23], Batch: 250/2963, Loss: 66.927, Trans_L2_m: 0.404, Yaw_err_deg: 1.442
Epoch: [13/23], Batch: 260/2963, Loss: 66.648, Trans_L2_m: 0.501, Yaw_err_deg: 1.303
Epoch: [13/23], Batch: 270/2963, Loss: 61.871, Trans_L2_m: 0.450, Yaw_err_deg: 1.225
Epoch: [13/23], Batch: 280/2963, Loss: 71.850, Trans_L2_m: 0.528, Yaw_err_deg: 1.483
Epoch: [13/23], Batch: 290/2963, Loss: 56.434, Trans_L2_m: 0.499, Yaw_err_deg: 1.145
Epoch: [13/23], Batch: 300/2963, Loss: 61.920, Trans_L2_m: 0.638, Yaw_err_deg: 1.178
Epoch: [13/23], Batch: 310/2963, Loss: 71.811, Trans_L2_m: 0.486, Yaw_err_deg: 1.608
Epoch: [13/23], Batch: 320/2963, Loss: 65.370, Trans_L2_m: 0.416, Yaw_err_deg: 1.725
Epoch: [13/23], Batch: 330/2963, Loss: 49.775, Trans_L2_m: 0.420, Yaw_err_deg: 0.796
Epoch: [13/23], Batch: 340/2963, Loss: 53.635, Trans_L2_m: 0.514, Yaw_err_deg: 0.912
Epoch: [13/23], Batch: 350/2963, Loss: 82.015, Trans_L2_m: 0.373, Yaw_err_deg: 1.834
Epoch: [13/23], Batch: 360/2963, Loss: 54.205, Trans_L2_m: 0.321, Yaw_err_deg: 1.467
Epoch: [13/23], Batch: 370/2963, Loss: 55.115, Trans_L2_m: 0.375, Yaw_err_deg: 1.360
Epoch: [13/23], Batch: 380/2963, Loss: 74.564, Trans_L2_m: 0.536, Yaw_err_deg: 1.610
Epoch: [13/23], Batch: 390/2963, Loss: 54.531, Trans_L2_m: 0.486, Yaw_err_deg: 1.017
Epoch: [13/23], Batch: 400/2963, Loss: 64.618, Trans_L2_m: 0.456, Yaw_err_deg: 1.248
Epoch: [13/23], Batch: 410/2963, Loss: 65.045, Trans_L2_m: 0.500, Yaw_err_deg: 1.557
Epoch: [13/23], Batch: 420/2963, Loss: 144.332, Trans_L2_m: 0.593, Yaw_err_deg: 2.026
Epoch: [13/23], Batch: 430/2963, Loss: 54.167, Trans_L2_m: 0.427, Yaw_err_deg: 1.136
Epoch: [13/23], Batch: 440/2963, Loss: 61.290, Trans_L2_m: 0.467, Yaw_err_deg: 1.271
Epoch: [13/23], Batch: 450/2963, Loss: 72.428, Trans_L2_m: 0.461, Yaw_err_deg: 1.895
Epoch: [13/23], Batch: 460/2963, Loss: 63.160, Trans_L2_m: 0.393, Yaw_err_deg: 1.356
Epoch: [13/23], Batch: 470/2963, Loss: 72.508, Trans_L2_m: 0.377, Yaw_err_deg: 1.591
Epoch: [13/23], Batch: 480/2963, Loss: 55.870, Trans_L2_m: 0.363, Yaw_err_deg: 1.278
Epoch: [13/23], Batch: 490/2963, Loss: 66.053, Trans_L2_m: 0.515, Yaw_err_deg: 1.450
Epoch: [13/23], Batch: 500/2963, Loss: 52.773, Trans_L2_m: 0.415, Yaw_err_deg: 1.124
Epoch: [13/23], Batch: 510/2963, Loss: 57.159, Trans_L2_m: 0.293, Yaw_err_deg: 1.380
Epoch: [13/23], Batch: 520/2963, Loss: 91.303, Trans_L2_m: 0.294, Yaw_err_deg: 1.664
Epoch: [13/23], Batch: 530/2963, Loss: 81.680, Trans_L2_m: 0.626, Yaw_err_deg: 1.491
Epoch: [13/23], Batch: 540/2963, Loss: 62.110, Trans_L2_m: 0.472, Yaw_err_deg: 1.364
Epoch: [13/23], Batch: 550/2963, Loss: 58.012, Trans_L2_m: 0.389, Yaw_err_deg: 1.169
Epoch: [13/23], Batch: 560/2963, Loss: 60.069, Trans_L2_m: 0.458, Yaw_err_deg: 1.327
Epoch: [13/23], Batch: 570/2963, Loss: 60.359, Trans_L2_m: 0.373, Yaw_err_deg: 1.406
Epoch: [13/23], Batch: 580/2963, Loss: 51.613, Trans_L2_m: 0.426, Yaw_err_deg: 0.912
Epoch: [13/23], Batch: 590/2963, Loss: 57.761, Trans_L2_m: 0.348, Yaw_err_deg: 1.223
Epoch: [13/23], Batch: 600/2963, Loss: 68.801, Trans_L2_m: 0.591, Yaw_err_deg: 1.506
Epoch: [13/23], Batch: 610/2963, Loss: 55.417, Trans_L2_m: 0.531, Yaw_err_deg: 1.092
Epoch: [13/23], Batch: 620/2963, Loss: 46.099, Trans_L2_m: 0.459, Yaw_err_deg: 0.733
Epoch: [13/23], Batch: 630/2963, Loss: 50.900, Trans_L2_m: 0.641, Yaw_err_deg: 0.545
Epoch: [13/23], Batch: 640/2963, Loss: 62.808, Trans_L2_m: 0.533, Yaw_err_deg: 1.221
Epoch: [13/23], Batch: 650/2963, Loss: 70.085, Trans_L2_m: 0.611, Yaw_err_deg: 1.432
Epoch: [13/23], Batch: 660/2963, Loss: 93.856, Trans_L2_m: 0.488, Yaw_err_deg: 1.948
Epoch: [13/23], Batch: 670/2963, Loss: 51.728, Trans_L2_m: 0.349, Yaw_err_deg: 1.042
Epoch: [13/23], Batch: 680/2963, Loss: 61.355, Trans_L2_m: 0.605, Yaw_err_deg: 0.957
Epoch: [13/23], Batch: 690/2963, Loss: 47.713, Trans_L2_m: 0.420, Yaw_err_deg: 0.708
Epoch: [13/23], Batch: 700/2963, Loss: 53.180, Trans_L2_m: 0.426, Yaw_err_deg: 0.841
Epoch: [13/23], Batch: 710/2963, Loss: 56.853, Trans_L2_m: 0.564, Yaw_err_deg: 0.924
Epoch: [13/23], Batch: 720/2963, Loss: 62.898, Trans_L2_m: 0.476, Yaw_err_deg: 1.378
Epoch: [13/23], Batch: 730/2963, Loss: 57.195, Trans_L2_m: 0.442, Yaw_err_deg: 0.944
Epoch: [13/23], Batch: 740/2963, Loss: 59.891, Trans_L2_m: 0.467, Yaw_err_deg: 1.298
Epoch: [13/23], Batch: 750/2963, Loss: 55.385, Trans_L2_m: 0.410, Yaw_err_deg: 1.103
Epoch: [13/23], Batch: 760/2963, Loss: 55.818, Trans_L2_m: 0.549, Yaw_err_deg: 1.144
Epoch: [13/23], Batch: 770/2963, Loss: 68.666, Trans_L2_m: 0.357, Yaw_err_deg: 1.355
Epoch: [13/23], Batch: 780/2963, Loss: 55.676, Trans_L2_m: 0.520, Yaw_err_deg: 0.897
Epoch: [13/23], Batch: 790/2963, Loss: 80.877, Trans_L2_m: 0.432, Yaw_err_deg: 1.854
Epoch: [13/23], Batch: 800/2963, Loss: 60.950, Trans_L2_m: 0.479, Yaw_err_deg: 0.916
Epoch: [13/23], Batch: 810/2963, Loss: 85.005, Trans_L2_m: 0.491, Yaw_err_deg: 1.494
Epoch: [13/23], Batch: 820/2963, Loss: 56.518, Trans_L2_m: 0.487, Yaw_err_deg: 1.030
Epoch: [13/23], Batch: 830/2963, Loss: 55.410, Trans_L2_m: 0.334, Yaw_err_deg: 1.386
Epoch: [13/23], Batch: 840/2963, Loss: 62.820, Trans_L2_m: 0.445, Yaw_err_deg: 1.514
Epoch: [13/23], Batch: 850/2963, Loss: 92.481, Trans_L2_m: 0.332, Yaw_err_deg: 1.679
Epoch: [13/23], Batch: 860/2963, Loss: 66.843, Trans_L2_m: 0.341, Yaw_err_deg: 1.439
Epoch: [13/23], Batch: 870/2963, Loss: 58.605, Trans_L2_m: 0.472, Yaw_err_deg: 1.158
Epoch: [13/23], Batch: 880/2963, Loss: 92.381, Trans_L2_m: 0.398, Yaw_err_deg: 1.913
Epoch: [13/23], Batch: 890/2963, Loss: 58.636, Trans_L2_m: 0.623, Yaw_err_deg: 1.164
Epoch: [13/23], Batch: 900/2963, Loss: 127.554, Trans_L2_m: 0.541, Yaw_err_deg: 1.769
Epoch: [13/23], Batch: 910/2963, Loss: 72.372, Trans_L2_m: 0.681, Yaw_err_deg: 1.398
Epoch: [13/23], Batch: 920/2963, Loss: 62.493, Trans_L2_m: 0.402, Yaw_err_deg: 1.085
Epoch: [13/23], Batch: 930/2963, Loss: 61.428, Trans_L2_m: 0.498, Yaw_err_deg: 1.017
Epoch: [13/23], Batch: 940/2963, Loss: 48.720, Trans_L2_m: 0.360, Yaw_err_deg: 0.977
Epoch: [13/23], Batch: 950/2963, Loss: 56.376, Trans_L2_m: 0.453, Yaw_err_deg: 0.902
Epoch: [13/23], Batch: 960/2963, Loss: 70.602, Trans_L2_m: 0.280, Yaw_err_deg: 1.891
Epoch: [13/23], Batch: 970/2963, Loss: 82.995, Trans_L2_m: 0.425, Yaw_err_deg: 1.654
Epoch: [13/23], Batch: 980/2963, Loss: 59.488, Trans_L2_m: 0.461, Yaw_err_deg: 0.991
Epoch: [13/23], Batch: 990/2963, Loss: 58.865, Trans_L2_m: 0.538, Yaw_err_deg: 1.147
Epoch: [13/23], Batch: 1000/2963, Loss: 56.833, Trans_L2_m: 0.417, Yaw_err_deg: 1.203
Epoch: [13/23], Batch: 1010/2963, Loss: 63.892, Trans_L2_m: 0.614, Yaw_err_deg: 0.929
Epoch: [13/23], Batch: 1020/2963, Loss: 52.707, Trans_L2_m: 0.473, Yaw_err_deg: 0.818
Epoch: [13/23], Batch: 1030/2963, Loss: 62.357, Trans_L2_m: 0.452, Yaw_err_deg: 1.427
Epoch: [13/23], Batch: 1040/2963, Loss: 60.612, Trans_L2_m: 0.410, Yaw_err_deg: 1.390
Epoch: [13/23], Batch: 1050/2963, Loss: 66.956, Trans_L2_m: 0.391, Yaw_err_deg: 0.887
Epoch: [13/23], Batch: 1060/2963, Loss: 58.128, Trans_L2_m: 0.372, Yaw_err_deg: 1.403
Epoch: [13/23], Batch: 1070/2963, Loss: 86.999, Trans_L2_m: 0.603, Yaw_err_deg: 1.834
Epoch: [13/23], Batch: 1080/2963, Loss: 71.199, Trans_L2_m: 0.403, Yaw_err_deg: 1.490
Epoch: [13/23], Batch: 1090/2963, Loss: 56.841, Trans_L2_m: 0.578, Yaw_err_deg: 0.897
Epoch: [13/23], Batch: 1100/2963, Loss: 59.141, Trans_L2_m: 0.397, Yaw_err_deg: 1.386
Epoch: [13/23], Batch: 1110/2963, Loss: 66.933, Trans_L2_m: 0.615, Yaw_err_deg: 1.432
Epoch: [13/23], Batch: 1120/2963, Loss: 62.511, Trans_L2_m: 0.401, Yaw_err_deg: 1.340
Epoch: [13/23], Batch: 1130/2963, Loss: 47.514, Trans_L2_m: 0.372, Yaw_err_deg: 0.894
Epoch: [13/23], Batch: 1140/2963, Loss: 52.881, Trans_L2_m: 0.438, Yaw_err_deg: 0.792
Epoch: [13/23], Batch: 1150/2963, Loss: 60.741, Trans_L2_m: 0.473, Yaw_err_deg: 1.157
Epoch: [13/23], Batch: 1160/2963, Loss: 59.322, Trans_L2_m: 0.399, Yaw_err_deg: 1.157
Epoch: [13/23], Batch: 1170/2963, Loss: 74.003, Trans_L2_m: 0.656, Yaw_err_deg: 1.248
Epoch: [13/23], Batch: 1180/2963, Loss: 52.121, Trans_L2_m: 0.371, Yaw_err_deg: 1.151
Epoch: [13/23], Batch: 1190/2963, Loss: 62.334, Trans_L2_m: 0.306, Yaw_err_deg: 1.066
Epoch: [13/23], Batch: 1200/2963, Loss: 48.349, Trans_L2_m: 0.502, Yaw_err_deg: 0.722
Epoch: [13/23], Batch: 1210/2963, Loss: 54.969, Trans_L2_m: 0.363, Yaw_err_deg: 1.032
Epoch: [13/23], Batch: 1220/2963, Loss: 62.331, Trans_L2_m: 0.438, Yaw_err_deg: 1.145
Epoch: [13/23], Batch: 1230/2963, Loss: 52.183, Trans_L2_m: 0.461, Yaw_err_deg: 0.763
Epoch: [13/23], Batch: 1240/2963, Loss: 71.957, Trans_L2_m: 0.506, Yaw_err_deg: 1.580
Epoch: [13/23], Batch: 1250/2963, Loss: 63.467, Trans_L2_m: 0.526, Yaw_err_deg: 1.216
Epoch: [13/23], Batch: 1260/2963, Loss: 58.528, Trans_L2_m: 0.471, Yaw_err_deg: 1.294
Epoch: [13/23], Batch: 1270/2963, Loss: 56.934, Trans_L2_m: 0.438, Yaw_err_deg: 0.995
Epoch: [13/23], Batch: 1280/2963, Loss: 62.800, Trans_L2_m: 0.503, Yaw_err_deg: 1.477
Epoch: [13/23], Batch: 1290/2963, Loss: 61.125, Trans_L2_m: 0.405, Yaw_err_deg: 1.214
Epoch: [13/23], Batch: 1300/2963, Loss: 62.795, Trans_L2_m: 0.441, Yaw_err_deg: 1.303
Epoch: [13/23], Batch: 1310/2963, Loss: 65.174, Trans_L2_m: 0.460, Yaw_err_deg: 1.521
Epoch: [13/23], Batch: 1320/2963, Loss: 114.105, Trans_L2_m: 0.564, Yaw_err_deg: 2.021
Epoch: [13/23], Batch: 1330/2963, Loss: 64.175, Trans_L2_m: 0.394, Yaw_err_deg: 1.362
Epoch: [13/23], Batch: 1340/2963, Loss: 47.828, Trans_L2_m: 0.396, Yaw_err_deg: 0.788
Epoch: [13/23], Batch: 1350/2963, Loss: 62.250, Trans_L2_m: 0.623, Yaw_err_deg: 1.190
Epoch: [13/23], Batch: 1360/2963, Loss: 56.214, Trans_L2_m: 0.586, Yaw_err_deg: 0.970
Epoch: [13/23], Batch: 1370/2963, Loss: 71.466, Trans_L2_m: 0.494, Yaw_err_deg: 1.354
Epoch: [13/23], Batch: 1380/2963, Loss: 59.347, Trans_L2_m: 0.354, Yaw_err_deg: 1.430
Epoch: [13/23], Batch: 1390/2963, Loss: 54.977, Trans_L2_m: 0.292, Yaw_err_deg: 0.991
Epoch: [13/23], Batch: 1400/2963, Loss: 74.402, Trans_L2_m: 0.429, Yaw_err_deg: 1.512
Epoch: [13/23], Batch: 1410/2963, Loss: 70.412, Trans_L2_m: 0.364, Yaw_err_deg: 1.419
Epoch: [13/23], Batch: 1420/2963, Loss: 58.529, Trans_L2_m: 0.341, Yaw_err_deg: 1.184
Epoch: [13/23], Batch: 1430/2963, Loss: 59.070, Trans_L2_m: 0.694, Yaw_err_deg: 1.020
Epoch: [13/23], Batch: 1440/2963, Loss: 83.471, Trans_L2_m: 0.322, Yaw_err_deg: 1.974
Epoch: [13/23], Batch: 1450/2963, Loss: 48.918, Trans_L2_m: 0.457, Yaw_err_deg: 0.710
Epoch: [13/23], Batch: 1460/2963, Loss: 92.312, Trans_L2_m: 0.448, Yaw_err_deg: 1.613
Epoch: [13/23], Batch: 1470/2963, Loss: 57.520, Trans_L2_m: 0.481, Yaw_err_deg: 0.964
Epoch: [13/23], Batch: 1480/2963, Loss: 82.143, Trans_L2_m: 0.402, Yaw_err_deg: 1.393
Epoch: [13/23], Batch: 1490/2963, Loss: 53.883, Trans_L2_m: 0.397, Yaw_err_deg: 1.100
Epoch: [13/23], Batch: 1500/2963, Loss: 106.022, Trans_L2_m: 0.686, Yaw_err_deg: 1.717
Epoch: [13/23], Batch: 1510/2963, Loss: 59.556, Trans_L2_m: 0.510, Yaw_err_deg: 1.037
Epoch: [13/23], Batch: 1520/2963, Loss: 60.635, Trans_L2_m: 0.485, Yaw_err_deg: 0.972
Epoch: [13/23], Batch: 1530/2963, Loss: 56.706, Trans_L2_m: 0.408, Yaw_err_deg: 1.022
Epoch: [13/23], Batch: 1540/2963, Loss: 67.524, Trans_L2_m: 0.476, Yaw_err_deg: 1.622
Epoch: [13/23], Batch: 1550/2963, Loss: 52.834, Trans_L2_m: 0.524, Yaw_err_deg: 1.236
Epoch: [13/23], Batch: 1560/2963, Loss: 54.583, Trans_L2_m: 0.427, Yaw_err_deg: 1.101
Epoch: [13/23], Batch: 1570/2963, Loss: 56.877, Trans_L2_m: 0.505, Yaw_err_deg: 1.209
Epoch: [13/23], Batch: 1580/2963, Loss: 53.312, Trans_L2_m: 0.406, Yaw_err_deg: 1.172
Epoch: [13/23], Batch: 1590/2963, Loss: 69.335, Trans_L2_m: 0.482, Yaw_err_deg: 1.260
Epoch: [13/23], Batch: 1600/2963, Loss: 49.998, Trans_L2_m: 0.402, Yaw_err_deg: 0.971
Epoch: [13/23], Batch: 1610/2963, Loss: 52.154, Trans_L2_m: 0.453, Yaw_err_deg: 0.852
Epoch: [13/23], Batch: 1620/2963, Loss: 56.559, Trans_L2_m: 0.376, Yaw_err_deg: 1.116
Epoch: [13/23], Batch: 1630/2963, Loss: 61.454, Trans_L2_m: 0.334, Yaw_err_deg: 1.432
Epoch: [13/23], Batch: 1640/2963, Loss: 62.296, Trans_L2_m: 0.433, Yaw_err_deg: 1.492
Epoch: [13/23], Batch: 1650/2963, Loss: 77.688, Trans_L2_m: 0.361, Yaw_err_deg: 1.706
Epoch: [13/23], Batch: 1660/2963, Loss: 84.199, Trans_L2_m: 0.383, Yaw_err_deg: 1.999
Epoch: [13/23], Batch: 1670/2963, Loss: 72.960, Trans_L2_m: 0.536, Yaw_err_deg: 1.523
Epoch: [13/23], Batch: 1680/2963, Loss: 61.725, Trans_L2_m: 0.376, Yaw_err_deg: 1.403
Epoch: [13/23], Batch: 1690/2963, Loss: 48.200, Trans_L2_m: 0.407, Yaw_err_deg: 0.845
Epoch: [13/23], Batch: 1700/2963, Loss: 55.511, Trans_L2_m: 0.371, Yaw_err_deg: 1.194
Epoch: [13/23], Batch: 1710/2963, Loss: 57.048, Trans_L2_m: 0.451, Yaw_err_deg: 1.069
Epoch: [13/23], Batch: 1720/2963, Loss: 61.848, Trans_L2_m: 0.451, Yaw_err_deg: 1.293
Epoch: [13/23], Batch: 1730/2963, Loss: 47.639, Trans_L2_m: 0.448, Yaw_err_deg: 1.040
Epoch: [13/23], Batch: 1740/2963, Loss: 66.510, Trans_L2_m: 0.462, Yaw_err_deg: 1.291
Epoch: [13/23], Batch: 1750/2963, Loss: 56.557, Trans_L2_m: 0.555, Yaw_err_deg: 0.896
Epoch: [13/23], Batch: 1760/2963, Loss: 53.458, Trans_L2_m: 0.361, Yaw_err_deg: 1.201
Epoch: [13/23], Batch: 1770/2963, Loss: 56.839, Trans_L2_m: 0.477, Yaw_err_deg: 1.219
Epoch: [13/23], Batch: 1780/2963, Loss: 56.298, Trans_L2_m: 0.319, Yaw_err_deg: 1.268
Epoch: [13/23], Batch: 1790/2963, Loss: 53.529, Trans_L2_m: 0.503, Yaw_err_deg: 1.100
Epoch: [13/23], Batch: 1800/2963, Loss: 54.550, Trans_L2_m: 0.470, Yaw_err_deg: 1.254
Epoch: [13/23], Batch: 1810/2963, Loss: 53.121, Trans_L2_m: 0.341, Yaw_err_deg: 1.035
Epoch: [13/23], Batch: 1820/2963, Loss: 58.375, Trans_L2_m: 0.407, Yaw_err_deg: 1.148
Epoch: [13/23], Batch: 1830/2963, Loss: 64.385, Trans_L2_m: 0.442, Yaw_err_deg: 1.518
Epoch: [13/23], Batch: 1840/2963, Loss: 66.433, Trans_L2_m: 0.430, Yaw_err_deg: 1.419
Epoch: [13/23], Batch: 1850/2963, Loss: 59.171, Trans_L2_m: 0.544, Yaw_err_deg: 1.073
Epoch: [13/23], Batch: 1860/2963, Loss: 48.210, Trans_L2_m: 0.577, Yaw_err_deg: 0.524
Epoch: [13/23], Batch: 1870/2963, Loss: 53.225, Trans_L2_m: 0.381, Yaw_err_deg: 0.655
Epoch: [13/23], Batch: 1880/2963, Loss: 62.680, Trans_L2_m: 0.502, Yaw_err_deg: 1.139
Epoch: [13/23], Batch: 1890/2963, Loss: 66.056, Trans_L2_m: 0.468, Yaw_err_deg: 1.344
Epoch: [13/23], Batch: 1900/2963, Loss: 72.711, Trans_L2_m: 0.366, Yaw_err_deg: 1.625
Epoch: [13/23], Batch: 1910/2963, Loss: 55.590, Trans_L2_m: 0.397, Yaw_err_deg: 1.016
Epoch: [13/23], Batch: 1920/2963, Loss: 65.895, Trans_L2_m: 0.600, Yaw_err_deg: 1.596
Epoch: [13/23], Batch: 1930/2963, Loss: 63.830, Trans_L2_m: 0.503, Yaw_err_deg: 1.577
Epoch: [13/23], Batch: 1940/2963, Loss: 56.814, Trans_L2_m: 0.457, Yaw_err_deg: 1.442
Epoch: [13/23], Batch: 1950/2963, Loss: 48.911, Trans_L2_m: 0.461, Yaw_err_deg: 0.763
Epoch: [13/23], Batch: 1960/2963, Loss: 54.063, Trans_L2_m: 0.447, Yaw_err_deg: 1.072
Epoch: [13/23], Batch: 1970/2963, Loss: 67.791, Trans_L2_m: 0.545, Yaw_err_deg: 1.687
Epoch: [13/23], Batch: 1980/2963, Loss: 65.954, Trans_L2_m: 0.409, Yaw_err_deg: 1.544
Epoch: [13/23], Batch: 1990/2963, Loss: 64.926, Trans_L2_m: 0.664, Yaw_err_deg: 1.089
Epoch: [13/23], Batch: 2000/2963, Loss: 55.006, Trans_L2_m: 0.324, Yaw_err_deg: 1.172
Epoch: [13/23], Batch: 2010/2963, Loss: 65.964, Trans_L2_m: 0.410, Yaw_err_deg: 1.407
Epoch: [13/23], Batch: 2020/2963, Loss: 55.001, Trans_L2_m: 0.619, Yaw_err_deg: 0.885
Epoch: [13/23], Batch: 2030/2963, Loss: 52.084, Trans_L2_m: 0.419, Yaw_err_deg: 1.183
Epoch: [13/23], Batch: 2040/2963, Loss: 88.958, Trans_L2_m: 0.487, Yaw_err_deg: 1.885
Epoch: [13/23], Batch: 2050/2963, Loss: 60.517, Trans_L2_m: 0.287, Yaw_err_deg: 1.518
Epoch: [13/23], Batch: 2060/2963, Loss: 101.265, Trans_L2_m: 0.382, Yaw_err_deg: 1.877
Epoch: [13/23], Batch: 2070/2963, Loss: 75.710, Trans_L2_m: 0.437, Yaw_err_deg: 1.637
Epoch: [13/23], Batch: 2080/2963, Loss: 50.271, Trans_L2_m: 0.585, Yaw_err_deg: 0.680
Epoch: [13/23], Batch: 2090/2963, Loss: 64.583, Trans_L2_m: 0.641, Yaw_err_deg: 0.875
Epoch: [13/23], Batch: 2100/2963, Loss: 67.392, Trans_L2_m: 0.617, Yaw_err_deg: 1.269
Epoch: [13/23], Batch: 2110/2963, Loss: 50.717, Trans_L2_m: 0.330, Yaw_err_deg: 1.004
Epoch: [13/23], Batch: 2120/2963, Loss: 64.316, Trans_L2_m: 0.622, Yaw_err_deg: 1.125
Epoch: [13/23], Batch: 2130/2963, Loss: 49.206, Trans_L2_m: 0.423, Yaw_err_deg: 1.029
Epoch: [13/23], Batch: 2140/2963, Loss: 50.051, Trans_L2_m: 0.361, Yaw_err_deg: 1.187
Epoch: [13/23], Batch: 2150/2963, Loss: 90.549, Trans_L2_m: 0.545, Yaw_err_deg: 1.950
Epoch: [13/23], Batch: 2160/2963, Loss: 44.257, Trans_L2_m: 0.344, Yaw_err_deg: 0.949
Epoch: [13/23], Batch: 2170/2963, Loss: 47.401, Trans_L2_m: 0.404, Yaw_err_deg: 0.833
Epoch: [13/23], Batch: 2180/2963, Loss: 54.812, Trans_L2_m: 0.475, Yaw_err_deg: 1.171
Epoch: [13/23], Batch: 2190/2963, Loss: 63.824, Trans_L2_m: 0.295, Yaw_err_deg: 1.785
Epoch: [13/23], Batch: 2200/2963, Loss: 53.131, Trans_L2_m: 0.329, Yaw_err_deg: 1.198
Epoch: [13/23], Batch: 2210/2963, Loss: 77.345, Trans_L2_m: 0.474, Yaw_err_deg: 1.457
Epoch: [13/23], Batch: 2220/2963, Loss: 57.300, Trans_L2_m: 0.358, Yaw_err_deg: 1.271
Epoch: [13/23], Batch: 2230/2963, Loss: 66.005, Trans_L2_m: 0.603, Yaw_err_deg: 1.411
Epoch: [13/23], Batch: 2240/2963, Loss: 57.908, Trans_L2_m: 0.508, Yaw_err_deg: 0.971
Epoch: [13/23], Batch: 2250/2963, Loss: 61.705, Trans_L2_m: 0.350, Yaw_err_deg: 1.325
Epoch: [13/23], Batch: 2260/2963, Loss: 59.849, Trans_L2_m: 0.403, Yaw_err_deg: 1.118
Epoch: [13/23], Batch: 2270/2963, Loss: 52.603, Trans_L2_m: 0.396, Yaw_err_deg: 1.058
Epoch: [13/23], Batch: 2280/2963, Loss: 61.383, Trans_L2_m: 0.481, Yaw_err_deg: 1.173
Epoch: [13/23], Batch: 2290/2963, Loss: 54.131, Trans_L2_m: 0.456, Yaw_err_deg: 1.010
Epoch: [13/23], Batch: 2300/2963, Loss: 61.467, Trans_L2_m: 0.401, Yaw_err_deg: 1.049
Epoch: [13/23], Batch: 2310/2963, Loss: 54.021, Trans_L2_m: 0.391, Yaw_err_deg: 1.309
Epoch: [13/23], Batch: 2320/2963, Loss: 57.543, Trans_L2_m: 0.519, Yaw_err_deg: 0.978
Epoch: [13/23], Batch: 2330/2963, Loss: 64.830, Trans_L2_m: 0.397, Yaw_err_deg: 1.819
Epoch: [13/23], Batch: 2340/2963, Loss: 63.626, Trans_L2_m: 0.343, Yaw_err_deg: 1.416
Epoch: [13/23], Batch: 2350/2963, Loss: 52.004, Trans_L2_m: 0.373, Yaw_err_deg: 0.902
Epoch: [13/23], Batch: 2360/2963, Loss: 83.024, Trans_L2_m: 0.400, Yaw_err_deg: 1.985
Epoch: [13/23], Batch: 2370/2963, Loss: 53.730, Trans_L2_m: 0.388, Yaw_err_deg: 1.130
Epoch: [13/23], Batch: 2380/2963, Loss: 47.574, Trans_L2_m: 0.355, Yaw_err_deg: 0.824
Epoch: [13/23], Batch: 2390/2963, Loss: 57.014, Trans_L2_m: 0.488, Yaw_err_deg: 1.302
Epoch: [13/23], Batch: 2400/2963, Loss: 52.120, Trans_L2_m: 0.376, Yaw_err_deg: 0.994
Epoch: [13/23], Batch: 2410/2963, Loss: 50.686, Trans_L2_m: 0.565, Yaw_err_deg: 0.977
Epoch: [13/23], Batch: 2420/2963, Loss: 66.806, Trans_L2_m: 0.478, Yaw_err_deg: 1.328
Epoch: [13/23], Batch: 2430/2963, Loss: 78.033, Trans_L2_m: 0.426, Yaw_err_deg: 1.549
Epoch: [13/23], Batch: 2440/2963, Loss: 54.445, Trans_L2_m: 0.438, Yaw_err_deg: 1.089
Epoch: [13/23], Batch: 2450/2963, Loss: 50.300, Trans_L2_m: 0.370, Yaw_err_deg: 1.032
Epoch: [13/23], Batch: 2460/2963, Loss: 49.747, Trans_L2_m: 0.500, Yaw_err_deg: 1.035
Epoch: [13/23], Batch: 2470/2963, Loss: 63.521, Trans_L2_m: 0.552, Yaw_err_deg: 1.225
Epoch: [13/23], Batch: 2480/2963, Loss: 67.579, Trans_L2_m: 0.354, Yaw_err_deg: 1.710
Epoch: [13/23], Batch: 2490/2963, Loss: 61.128, Trans_L2_m: 0.387, Yaw_err_deg: 1.355
Epoch: [13/23], Batch: 2500/2963, Loss: 52.240, Trans_L2_m: 0.466, Yaw_err_deg: 1.125
Epoch: [13/23], Batch: 2510/2963, Loss: 51.260, Trans_L2_m: 0.451, Yaw_err_deg: 1.065
Epoch: [13/23], Batch: 2520/2963, Loss: 59.837, Trans_L2_m: 0.334, Yaw_err_deg: 1.287
Epoch: [13/23], Batch: 2530/2963, Loss: 72.680, Trans_L2_m: 0.344, Yaw_err_deg: 1.670
Epoch: [13/23], Batch: 2540/2963, Loss: 54.652, Trans_L2_m: 0.358, Yaw_err_deg: 1.139
Epoch: [13/23], Batch: 2550/2963, Loss: 66.477, Trans_L2_m: 0.429, Yaw_err_deg: 1.337
Epoch: [13/23], Batch: 2560/2963, Loss: 54.405, Trans_L2_m: 0.484, Yaw_err_deg: 1.198
Epoch: [13/23], Batch: 2570/2963, Loss: 63.432, Trans_L2_m: 0.539, Yaw_err_deg: 1.380
Epoch: [13/23], Batch: 2580/2963, Loss: 49.668, Trans_L2_m: 0.377, Yaw_err_deg: 0.868
Epoch: [13/23], Batch: 2590/2963, Loss: 68.069, Trans_L2_m: 0.455, Yaw_err_deg: 1.203
Epoch: [13/23], Batch: 2600/2963, Loss: 62.865, Trans_L2_m: 0.669, Yaw_err_deg: 1.058
Epoch: [13/23], Batch: 2610/2963, Loss: 65.157, Trans_L2_m: 0.430, Yaw_err_deg: 1.570
Epoch: [13/23], Batch: 2620/2963, Loss: 59.479, Trans_L2_m: 0.318, Yaw_err_deg: 1.175
Epoch: [13/23], Batch: 2630/2963, Loss: 70.664, Trans_L2_m: 0.553, Yaw_err_deg: 1.378
Epoch: [13/23], Batch: 2640/2963, Loss: 53.941, Trans_L2_m: 0.439, Yaw_err_deg: 0.939
Epoch: [13/23], Batch: 2650/2963, Loss: 66.752, Trans_L2_m: 0.567, Yaw_err_deg: 1.309
Epoch: [13/23], Batch: 2660/2963, Loss: 51.750, Trans_L2_m: 0.392, Yaw_err_deg: 0.875
Epoch: [13/23], Batch: 2670/2963, Loss: 47.420, Trans_L2_m: 0.312, Yaw_err_deg: 0.771
Epoch: [13/23], Batch: 2680/2963, Loss: 53.457, Trans_L2_m: 0.506, Yaw_err_deg: 1.198
Epoch: [13/23], Batch: 2690/2963, Loss: 60.382, Trans_L2_m: 0.582, Yaw_err_deg: 1.280
Epoch: [13/23], Batch: 2700/2963, Loss: 141.796, Trans_L2_m: 0.399, Yaw_err_deg: 2.282
Epoch: [13/23], Batch: 2710/2963, Loss: 56.022, Trans_L2_m: 0.446, Yaw_err_deg: 1.148
Epoch: [13/23], Batch: 2720/2963, Loss: 148.248, Trans_L2_m: 0.410, Yaw_err_deg: 2.237
Epoch: [13/23], Batch: 2730/2963, Loss: 64.183, Trans_L2_m: 0.379, Yaw_err_deg: 1.288
Epoch: [13/23], Batch: 2740/2963, Loss: 61.370, Trans_L2_m: 0.488, Yaw_err_deg: 1.139
Epoch: [13/23], Batch: 2750/2963, Loss: 48.354, Trans_L2_m: 0.460, Yaw_err_deg: 0.860
Epoch: [13/23], Batch: 2760/2963, Loss: 50.542, Trans_L2_m: 0.419, Yaw_err_deg: 0.831
Epoch: [13/23], Batch: 2770/2963, Loss: 50.153, Trans_L2_m: 0.406, Yaw_err_deg: 0.885
Epoch: [13/23], Batch: 2780/2963, Loss: 67.451, Trans_L2_m: 0.481, Yaw_err_deg: 1.252
Epoch: [13/23], Batch: 2790/2963, Loss: 58.180, Trans_L2_m: 0.432, Yaw_err_deg: 1.129
Epoch: [13/23], Batch: 2800/2963, Loss: 51.487, Trans_L2_m: 0.355, Yaw_err_deg: 1.197
Epoch: [13/23], Batch: 2810/2963, Loss: 69.929, Trans_L2_m: 0.418, Yaw_err_deg: 1.304
Epoch: [13/23], Batch: 2820/2963, Loss: 73.459, Trans_L2_m: 0.498, Yaw_err_deg: 1.841
Epoch: [13/23], Batch: 2830/2963, Loss: 55.974, Trans_L2_m: 0.508, Yaw_err_deg: 0.992
Epoch: [13/23], Batch: 2840/2963, Loss: 63.585, Trans_L2_m: 0.451, Yaw_err_deg: 0.851
Epoch: [13/23], Batch: 2850/2963, Loss: 60.447, Trans_L2_m: 0.533, Yaw_err_deg: 1.304
Epoch: [13/23], Batch: 2860/2963, Loss: 48.831, Trans_L2_m: 0.387, Yaw_err_deg: 0.756
Epoch: [13/23], Batch: 2870/2963, Loss: 70.036, Trans_L2_m: 0.539, Yaw_err_deg: 1.059
Epoch: [13/23], Batch: 2880/2963, Loss: 52.695, Trans_L2_m: 0.358, Yaw_err_deg: 1.084
Epoch: [13/23], Batch: 2890/2963, Loss: 85.594, Trans_L2_m: 0.813, Yaw_err_deg: 1.323
Epoch: [13/23], Batch: 2900/2963, Loss: 53.871, Trans_L2_m: 0.565, Yaw_err_deg: 0.932
Epoch: [13/23], Batch: 2910/2963, Loss: 63.615, Trans_L2_m: 0.570, Yaw_err_deg: 1.052
Epoch: [13/23], Batch: 2920/2963, Loss: 73.967, Trans_L2_m: 0.385, Yaw_err_deg: 1.688
Epoch: [13/23], Batch: 2930/2963, Loss: 55.511, Trans_L2_m: 0.402, Yaw_err_deg: 1.201
Epoch: [13/23], Batch: 2940/2963, Loss: 62.446, Trans_L2_m: 0.404, Yaw_err_deg: 1.453
Epoch: [13/23], Batch: 2950/2963, Loss: 58.164, Trans_L2_m: 0.422, Yaw_err_deg: 1.123
Epoch: [13/23], Batch: 2960/2963, Loss: 47.166, Trans_L2_m: 0.474, Yaw_err_deg: 0.961
Validation loss (homography): 863.5090
Avg batch time: 960.95 ms, total: 311.492 s
[1;91mVal has no improvement vs 832.5582885742188![0m
Epoch: [14/23], Batch: 0/2963, Loss: 64.050, Trans_L2_m: 0.479, Yaw_err_deg: 1.404
Epoch: [14/23], Batch: 10/2963, Loss: 58.399, Trans_L2_m: 0.422, Yaw_err_deg: 1.452
Epoch: [14/23], Batch: 20/2963, Loss: 50.434, Trans_L2_m: 0.528, Yaw_err_deg: 0.893
Epoch: [14/23], Batch: 30/2963, Loss: 60.539, Trans_L2_m: 0.594, Yaw_err_deg: 0.819
Epoch: [14/23], Batch: 40/2963, Loss: 57.849, Trans_L2_m: 0.595, Yaw_err_deg: 1.107
Epoch: [14/23], Batch: 50/2963, Loss: 68.909, Trans_L2_m: 0.476, Yaw_err_deg: 1.440
Epoch: [14/23], Batch: 60/2963, Loss: 50.775, Trans_L2_m: 0.472, Yaw_err_deg: 0.918
Epoch: [14/23], Batch: 70/2963, Loss: 63.629, Trans_L2_m: 0.390, Yaw_err_deg: 1.474
Epoch: [14/23], Batch: 80/2963, Loss: 50.678, Trans_L2_m: 0.492, Yaw_err_deg: 0.967
Epoch: [14/23], Batch: 90/2963, Loss: 54.679, Trans_L2_m: 0.453, Yaw_err_deg: 1.149
Epoch: [14/23], Batch: 100/2963, Loss: 43.728, Trans_L2_m: 0.414, Yaw_err_deg: 0.830
Epoch: [14/23], Batch: 110/2963, Loss: 69.828, Trans_L2_m: 0.684, Yaw_err_deg: 1.452
Epoch: [14/23], Batch: 120/2963, Loss: 55.483, Trans_L2_m: 0.387, Yaw_err_deg: 0.975
Epoch: [14/23], Batch: 130/2963, Loss: 63.233, Trans_L2_m: 0.522, Yaw_err_deg: 1.315
Epoch: [14/23], Batch: 140/2963, Loss: 64.498, Trans_L2_m: 0.496, Yaw_err_deg: 1.211
Epoch: [14/23], Batch: 150/2963, Loss: 52.007, Trans_L2_m: 0.360, Yaw_err_deg: 0.972
Epoch: [14/23], Batch: 160/2963, Loss: 54.222, Trans_L2_m: 0.496, Yaw_err_deg: 0.761
Epoch: [14/23], Batch: 170/2963, Loss: 58.018, Trans_L2_m: 0.598, Yaw_err_deg: 0.908
Epoch: [14/23], Batch: 180/2963, Loss: 60.040, Trans_L2_m: 0.346, Yaw_err_deg: 1.368
Epoch: [14/23], Batch: 190/2963, Loss: 63.994, Trans_L2_m: 0.505, Yaw_err_deg: 1.406
Epoch: [14/23], Batch: 200/2963, Loss: 58.162, Trans_L2_m: 0.564, Yaw_err_deg: 0.902
Epoch: [14/23], Batch: 210/2963, Loss: 110.645, Trans_L2_m: 0.403, Yaw_err_deg: 1.914
Epoch: [14/23], Batch: 220/2963, Loss: 54.932, Trans_L2_m: 0.424, Yaw_err_deg: 0.975
Epoch: [14/23], Batch: 230/2963, Loss: 59.302, Trans_L2_m: 0.380, Yaw_err_deg: 1.307
Epoch: [14/23], Batch: 240/2963, Loss: 84.042, Trans_L2_m: 0.413, Yaw_err_deg: 2.003
Epoch: [14/23], Batch: 250/2963, Loss: 69.386, Trans_L2_m: 0.488, Yaw_err_deg: 1.463
Epoch: [14/23], Batch: 260/2963, Loss: 53.594, Trans_L2_m: 0.389, Yaw_err_deg: 1.222
Epoch: [14/23], Batch: 270/2963, Loss: 70.381, Trans_L2_m: 0.437, Yaw_err_deg: 1.445
Epoch: [14/23], Batch: 280/2963, Loss: 57.520, Trans_L2_m: 0.318, Yaw_err_deg: 1.227
Epoch: [14/23], Batch: 290/2963, Loss: 51.668, Trans_L2_m: 0.408, Yaw_err_deg: 0.828
Epoch: [14/23], Batch: 300/2963, Loss: 58.853, Trans_L2_m: 0.407, Yaw_err_deg: 1.301
Epoch: [14/23], Batch: 310/2963, Loss: 77.601, Trans_L2_m: 0.466, Yaw_err_deg: 1.613
Epoch: [14/23], Batch: 320/2963, Loss: 61.173, Trans_L2_m: 0.533, Yaw_err_deg: 1.246
Epoch: [14/23], Batch: 330/2963, Loss: 57.801, Trans_L2_m: 0.410, Yaw_err_deg: 1.149
Epoch: [14/23], Batch: 340/2963, Loss: 54.368, Trans_L2_m: 0.362, Yaw_err_deg: 1.322
Epoch: [14/23], Batch: 350/2963, Loss: 45.544, Trans_L2_m: 0.376, Yaw_err_deg: 0.723
Epoch: [14/23], Batch: 360/2963, Loss: 48.524, Trans_L2_m: 0.380, Yaw_err_deg: 0.985
Epoch: [14/23], Batch: 370/2963, Loss: 70.151, Trans_L2_m: 0.505, Yaw_err_deg: 1.316
Epoch: [14/23], Batch: 380/2963, Loss: 65.305, Trans_L2_m: 0.446, Yaw_err_deg: 1.398
Epoch: [14/23], Batch: 390/2963, Loss: 60.335, Trans_L2_m: 0.515, Yaw_err_deg: 1.072
Epoch: [14/23], Batch: 400/2963, Loss: 86.360, Trans_L2_m: 0.395, Yaw_err_deg: 1.949
Epoch: [14/23], Batch: 410/2963, Loss: 52.568, Trans_L2_m: 0.490, Yaw_err_deg: 1.190
Epoch: [14/23], Batch: 420/2963, Loss: 192.321, Trans_L2_m: 0.417, Yaw_err_deg: 2.067
Epoch: [14/23], Batch: 430/2963, Loss: 57.618, Trans_L2_m: 0.281, Yaw_err_deg: 1.467
Epoch: [14/23], Batch: 440/2963, Loss: 52.882, Trans_L2_m: 0.584, Yaw_err_deg: 0.856
Epoch: [14/23], Batch: 450/2963, Loss: 50.183, Trans_L2_m: 0.411, Yaw_err_deg: 1.101
Epoch: [14/23], Batch: 460/2963, Loss: 56.772, Trans_L2_m: 0.382, Yaw_err_deg: 1.025
Epoch: [14/23], Batch: 470/2963, Loss: 54.169, Trans_L2_m: 0.336, Yaw_err_deg: 1.348
Epoch: [14/23], Batch: 480/2963, Loss: 62.847, Trans_L2_m: 0.374, Yaw_err_deg: 1.371
Epoch: [14/23], Batch: 490/2963, Loss: 60.283, Trans_L2_m: 0.343, Yaw_err_deg: 1.095
Epoch: [14/23], Batch: 500/2963, Loss: 95.317, Trans_L2_m: 0.506, Yaw_err_deg: 2.075
Epoch: [14/23], Batch: 510/2963, Loss: 100.758, Trans_L2_m: 0.503, Yaw_err_deg: 2.596
Epoch: [14/23], Batch: 520/2963, Loss: 62.845, Trans_L2_m: 0.456, Yaw_err_deg: 1.292
Epoch: [14/23], Batch: 530/2963, Loss: 54.945, Trans_L2_m: 0.463, Yaw_err_deg: 1.096
Epoch: [14/23], Batch: 540/2963, Loss: 50.446, Trans_L2_m: 0.424, Yaw_err_deg: 0.870
Epoch: [14/23], Batch: 550/2963, Loss: 54.771, Trans_L2_m: 0.572, Yaw_err_deg: 0.890
Epoch: [14/23], Batch: 560/2963, Loss: 70.758, Trans_L2_m: 0.508, Yaw_err_deg: 1.524
Epoch: [14/23], Batch: 570/2963, Loss: 54.424, Trans_L2_m: 0.502, Yaw_err_deg: 0.841
Epoch: [14/23], Batch: 580/2963, Loss: 49.812, Trans_L2_m: 0.413, Yaw_err_deg: 0.770
Epoch: [14/23], Batch: 590/2963, Loss: 79.603, Trans_L2_m: 0.303, Yaw_err_deg: 1.627
Epoch: [14/23], Batch: 600/2963, Loss: 67.396, Trans_L2_m: 0.380, Yaw_err_deg: 1.358
Epoch: [14/23], Batch: 610/2963, Loss: 55.339, Trans_L2_m: 0.380, Yaw_err_deg: 1.007
Epoch: [14/23], Batch: 620/2963, Loss: 57.784, Trans_L2_m: 0.424, Yaw_err_deg: 1.151
Epoch: [14/23], Batch: 630/2963, Loss: 54.085, Trans_L2_m: 0.425, Yaw_err_deg: 0.828
Epoch: [14/23], Batch: 640/2963, Loss: 55.345, Trans_L2_m: 0.473, Yaw_err_deg: 0.974
Epoch: [14/23], Batch: 650/2963, Loss: 54.610, Trans_L2_m: 0.357, Yaw_err_deg: 0.979
Epoch: [14/23], Batch: 660/2963, Loss: 53.148, Trans_L2_m: 0.514, Yaw_err_deg: 0.973
Epoch: [14/23], Batch: 670/2963, Loss: 62.493, Trans_L2_m: 0.556, Yaw_err_deg: 1.116
Epoch: [14/23], Batch: 680/2963, Loss: 52.734, Trans_L2_m: 0.548, Yaw_err_deg: 0.813
Epoch: [14/23], Batch: 690/2963, Loss: 64.460, Trans_L2_m: 0.607, Yaw_err_deg: 1.102
Epoch: [14/23], Batch: 700/2963, Loss: 69.927, Trans_L2_m: 0.280, Yaw_err_deg: 1.439
Epoch: [14/23], Batch: 710/2963, Loss: 61.213, Trans_L2_m: 0.377, Yaw_err_deg: 1.127
Epoch: [14/23], Batch: 720/2963, Loss: 63.252, Trans_L2_m: 0.624, Yaw_err_deg: 1.011
Epoch: [14/23], Batch: 730/2963, Loss: 52.827, Trans_L2_m: 0.512, Yaw_err_deg: 1.029
Epoch: [14/23], Batch: 740/2963, Loss: 53.715, Trans_L2_m: 0.513, Yaw_err_deg: 1.006
Epoch: [14/23], Batch: 750/2963, Loss: 61.594, Trans_L2_m: 0.352, Yaw_err_deg: 0.825
Epoch: [14/23], Batch: 760/2963, Loss: 45.923, Trans_L2_m: 0.407, Yaw_err_deg: 0.745
Epoch: [14/23], Batch: 770/2963, Loss: 57.140, Trans_L2_m: 0.362, Yaw_err_deg: 1.115
Epoch: [14/23], Batch: 780/2963, Loss: 53.764, Trans_L2_m: 0.348, Yaw_err_deg: 1.166
Epoch: [14/23], Batch: 790/2963, Loss: 55.631, Trans_L2_m: 0.390, Yaw_err_deg: 1.117
Epoch: [14/23], Batch: 800/2963, Loss: 60.993, Trans_L2_m: 0.322, Yaw_err_deg: 1.019
Epoch: [14/23], Batch: 810/2963, Loss: 51.062, Trans_L2_m: 0.331, Yaw_err_deg: 0.872
Epoch: [14/23], Batch: 820/2963, Loss: 77.037, Trans_L2_m: 0.571, Yaw_err_deg: 1.445
Epoch: [14/23], Batch: 830/2963, Loss: 257.377, Trans_L2_m: 0.425, Yaw_err_deg: 1.138
Epoch: [14/23], Batch: 840/2963, Loss: 57.005, Trans_L2_m: 0.552, Yaw_err_deg: 0.947
Epoch: [14/23], Batch: 850/2963, Loss: 67.335, Trans_L2_m: 0.526, Yaw_err_deg: 0.923
Epoch: [14/23], Batch: 860/2963, Loss: 63.645, Trans_L2_m: 0.586, Yaw_err_deg: 1.379
Epoch: [14/23], Batch: 870/2963, Loss: 48.603, Trans_L2_m: 0.435, Yaw_err_deg: 0.543
Epoch: [14/23], Batch: 880/2963, Loss: 46.716, Trans_L2_m: 0.329, Yaw_err_deg: 1.006
Epoch: [14/23], Batch: 890/2963, Loss: 60.346, Trans_L2_m: 0.370, Yaw_err_deg: 1.434
Epoch: [14/23], Batch: 900/2963, Loss: 54.939, Trans_L2_m: 0.462, Yaw_err_deg: 0.962
Epoch: [14/23], Batch: 910/2963, Loss: 64.391, Trans_L2_m: 0.480, Yaw_err_deg: 1.331
Epoch: [14/23], Batch: 920/2963, Loss: 51.530, Trans_L2_m: 0.453, Yaw_err_deg: 0.999
Epoch: [14/23], Batch: 930/2963, Loss: 58.846, Trans_L2_m: 0.437, Yaw_err_deg: 1.541
Epoch: [14/23], Batch: 940/2963, Loss: 46.957, Trans_L2_m: 0.471, Yaw_err_deg: 0.771
Epoch: [14/23], Batch: 950/2963, Loss: 62.166, Trans_L2_m: 0.548, Yaw_err_deg: 0.972
Epoch: [14/23], Batch: 960/2963, Loss: 73.892, Trans_L2_m: 0.379, Yaw_err_deg: 1.093
Epoch: [14/23], Batch: 970/2963, Loss: 53.012, Trans_L2_m: 0.486, Yaw_err_deg: 0.910
Epoch: [14/23], Batch: 980/2963, Loss: 67.030, Trans_L2_m: 0.489, Yaw_err_deg: 1.342
Epoch: [14/23], Batch: 990/2963, Loss: 49.974, Trans_L2_m: 0.659, Yaw_err_deg: 0.825
Epoch: [14/23], Batch: 1000/2963, Loss: 60.828, Trans_L2_m: 0.351, Yaw_err_deg: 1.312
Epoch: [14/23], Batch: 1010/2963, Loss: 50.267, Trans_L2_m: 0.462, Yaw_err_deg: 0.959
Epoch: [14/23], Batch: 1020/2963, Loss: 52.528, Trans_L2_m: 0.330, Yaw_err_deg: 1.037
Epoch: [14/23], Batch: 1030/2963, Loss: 52.497, Trans_L2_m: 0.423, Yaw_err_deg: 1.163
Epoch: [14/23], Batch: 1040/2963, Loss: 51.331, Trans_L2_m: 0.359, Yaw_err_deg: 1.017
Epoch: [14/23], Batch: 1050/2963, Loss: 54.390, Trans_L2_m: 0.372, Yaw_err_deg: 1.309
Epoch: [14/23], Batch: 1060/2963, Loss: 64.266, Trans_L2_m: 0.478, Yaw_err_deg: 1.542
Epoch: [14/23], Batch: 1070/2963, Loss: 78.451, Trans_L2_m: 0.477, Yaw_err_deg: 1.901
Epoch: [14/23], Batch: 1080/2963, Loss: 57.874, Trans_L2_m: 0.384, Yaw_err_deg: 1.413
Epoch: [14/23], Batch: 1090/2963, Loss: 47.274, Trans_L2_m: 0.312, Yaw_err_deg: 0.852
Epoch: [14/23], Batch: 1100/2963, Loss: 62.822, Trans_L2_m: 0.497, Yaw_err_deg: 1.197
Epoch: [14/23], Batch: 1110/2963, Loss: 49.158, Trans_L2_m: 0.589, Yaw_err_deg: 0.688
Epoch: [14/23], Batch: 1120/2963, Loss: 49.864, Trans_L2_m: 0.494, Yaw_err_deg: 0.979
Epoch: [14/23], Batch: 1130/2963, Loss: 43.001, Trans_L2_m: 0.371, Yaw_err_deg: 0.792
Epoch: [14/23], Batch: 1140/2963, Loss: 64.926, Trans_L2_m: 0.352, Yaw_err_deg: 1.355
Epoch: [14/23], Batch: 1150/2963, Loss: 51.328, Trans_L2_m: 0.492, Yaw_err_deg: 0.996
Epoch: [14/23], Batch: 1160/2963, Loss: 45.851, Trans_L2_m: 0.322, Yaw_err_deg: 0.978
Epoch: [14/23], Batch: 1170/2963, Loss: 58.026, Trans_L2_m: 0.511, Yaw_err_deg: 1.214
Epoch: [14/23], Batch: 1180/2963, Loss: 60.788, Trans_L2_m: 0.412, Yaw_err_deg: 1.374
Epoch: [14/23], Batch: 1190/2963, Loss: 66.100, Trans_L2_m: 0.502, Yaw_err_deg: 1.257
Epoch: [14/23], Batch: 1200/2963, Loss: 43.800, Trans_L2_m: 0.364, Yaw_err_deg: 0.664
Epoch: [14/23], Batch: 1210/2963, Loss: 51.136, Trans_L2_m: 0.407, Yaw_err_deg: 1.055
Epoch: [14/23], Batch: 1220/2963, Loss: 60.203, Trans_L2_m: 0.473, Yaw_err_deg: 0.866
Epoch: [14/23], Batch: 1230/2963, Loss: 61.580, Trans_L2_m: 0.627, Yaw_err_deg: 1.213
Epoch: [14/23], Batch: 1240/2963, Loss: 156.071, Trans_L2_m: 0.403, Yaw_err_deg: 2.055
Epoch: [14/23], Batch: 1250/2963, Loss: 58.223, Trans_L2_m: 0.431, Yaw_err_deg: 1.081
Epoch: [14/23], Batch: 1260/2963, Loss: 46.119, Trans_L2_m: 0.418, Yaw_err_deg: 0.802
Epoch: [14/23], Batch: 1270/2963, Loss: 117.907, Trans_L2_m: 0.514, Yaw_err_deg: 2.518
Epoch: [14/23], Batch: 1280/2963, Loss: 52.580, Trans_L2_m: 0.436, Yaw_err_deg: 0.640
Epoch: [14/23], Batch: 1290/2963, Loss: 72.094, Trans_L2_m: 0.512, Yaw_err_deg: 1.892
Epoch: [14/23], Batch: 1300/2963, Loss: 59.051, Trans_L2_m: 0.390, Yaw_err_deg: 1.177
Epoch: [14/23], Batch: 1310/2963, Loss: 83.900, Trans_L2_m: 0.353, Yaw_err_deg: 1.132
Epoch: [14/23], Batch: 1320/2963, Loss: 50.875, Trans_L2_m: 0.367, Yaw_err_deg: 1.073
Epoch: [14/23], Batch: 1330/2963, Loss: 66.321, Trans_L2_m: 0.421, Yaw_err_deg: 1.258
Epoch: [14/23], Batch: 1340/2963, Loss: 57.546, Trans_L2_m: 0.362, Yaw_err_deg: 1.413
Epoch: [14/23], Batch: 1350/2963, Loss: 82.062, Trans_L2_m: 0.330, Yaw_err_deg: 2.004
Epoch: [14/23], Batch: 1360/2963, Loss: 48.115, Trans_L2_m: 0.439, Yaw_err_deg: 1.075
Epoch: [14/23], Batch: 1370/2963, Loss: 49.557, Trans_L2_m: 0.460, Yaw_err_deg: 0.701
Epoch: [14/23], Batch: 1380/2963, Loss: 51.770, Trans_L2_m: 0.434, Yaw_err_deg: 1.240
Epoch: [14/23], Batch: 1390/2963, Loss: 50.925, Trans_L2_m: 0.391, Yaw_err_deg: 0.837
Epoch: [14/23], Batch: 1400/2963, Loss: 67.403, Trans_L2_m: 0.436, Yaw_err_deg: 1.680
Epoch: [14/23], Batch: 1410/2963, Loss: 60.742, Trans_L2_m: 0.490, Yaw_err_deg: 1.300
Epoch: [14/23], Batch: 1420/2963, Loss: 69.944, Trans_L2_m: 0.371, Yaw_err_deg: 1.697
Epoch: [14/23], Batch: 1430/2963, Loss: 64.136, Trans_L2_m: 0.430, Yaw_err_deg: 1.204
Epoch: [14/23], Batch: 1440/2963, Loss: 54.736, Trans_L2_m: 0.352, Yaw_err_deg: 1.117
Epoch: [14/23], Batch: 1450/2963, Loss: 72.242, Trans_L2_m: 0.621, Yaw_err_deg: 1.431
Epoch: [14/23], Batch: 1460/2963, Loss: 61.327, Trans_L2_m: 0.459, Yaw_err_deg: 1.244
Epoch: [14/23], Batch: 1470/2963, Loss: 49.638, Trans_L2_m: 0.417, Yaw_err_deg: 0.908
Epoch: [14/23], Batch: 1480/2963, Loss: 52.458, Trans_L2_m: 0.322, Yaw_err_deg: 1.032
Epoch: [14/23], Batch: 1490/2963, Loss: 74.741, Trans_L2_m: 0.484, Yaw_err_deg: 1.601
Epoch: [14/23], Batch: 1500/2963, Loss: 55.410, Trans_L2_m: 0.409, Yaw_err_deg: 0.959
Epoch: [14/23], Batch: 1510/2963, Loss: 114.150, Trans_L2_m: 0.329, Yaw_err_deg: 2.755
Epoch: [14/23], Batch: 1520/2963, Loss: 60.654, Trans_L2_m: 0.523, Yaw_err_deg: 0.965
Epoch: [14/23], Batch: 1530/2963, Loss: 63.660, Trans_L2_m: 0.474, Yaw_err_deg: 1.202
Epoch: [14/23], Batch: 1540/2963, Loss: 54.818, Trans_L2_m: 0.518, Yaw_err_deg: 0.800
Epoch: [14/23], Batch: 1550/2963, Loss: 52.312, Trans_L2_m: 0.468, Yaw_err_deg: 1.107
Epoch: [14/23], Batch: 1560/2963, Loss: 44.142, Trans_L2_m: 0.456, Yaw_err_deg: 0.682
Epoch: [14/23], Batch: 1570/2963, Loss: 51.427, Trans_L2_m: 0.518, Yaw_err_deg: 0.713
Epoch: [14/23], Batch: 1580/2963, Loss: 47.019, Trans_L2_m: 0.378, Yaw_err_deg: 0.833
Epoch: [14/23], Batch: 1590/2963, Loss: 59.287, Trans_L2_m: 0.457, Yaw_err_deg: 1.111
Epoch: [14/23], Batch: 1600/2963, Loss: 55.871, Trans_L2_m: 0.484, Yaw_err_deg: 1.178
Epoch: [14/23], Batch: 1610/2963, Loss: 52.965, Trans_L2_m: 0.549, Yaw_err_deg: 1.002
Epoch: [14/23], Batch: 1620/2963, Loss: 55.145, Trans_L2_m: 0.466, Yaw_err_deg: 1.058
Epoch: [14/23], Batch: 1630/2963, Loss: 72.537, Trans_L2_m: 0.510, Yaw_err_deg: 1.672
Epoch: [14/23], Batch: 1640/2963, Loss: 54.749, Trans_L2_m: 0.555, Yaw_err_deg: 1.083
Epoch: [14/23], Batch: 1650/2963, Loss: 51.147, Trans_L2_m: 0.377, Yaw_err_deg: 0.859
Epoch: [14/23], Batch: 1660/2963, Loss: 55.992, Trans_L2_m: 0.543, Yaw_err_deg: 1.215
Epoch: [14/23], Batch: 1670/2963, Loss: 54.899, Trans_L2_m: 0.588, Yaw_err_deg: 0.710
Epoch: [14/23], Batch: 1680/2963, Loss: 64.151, Trans_L2_m: 0.425, Yaw_err_deg: 1.271
Epoch: [14/23], Batch: 1690/2963, Loss: 67.656, Trans_L2_m: 0.569, Yaw_err_deg: 1.266
Epoch: [14/23], Batch: 1700/2963, Loss: 60.214, Trans_L2_m: 0.606, Yaw_err_deg: 1.093
Epoch: [14/23], Batch: 1710/2963, Loss: 56.377, Trans_L2_m: 0.463, Yaw_err_deg: 1.283
Epoch: [14/23], Batch: 1720/2963, Loss: 72.304, Trans_L2_m: 0.640, Yaw_err_deg: 1.322
Epoch: [14/23], Batch: 1730/2963, Loss: 96.234, Trans_L2_m: 0.425, Yaw_err_deg: 2.088
Epoch: [14/23], Batch: 1740/2963, Loss: 49.488, Trans_L2_m: 0.430, Yaw_err_deg: 1.044
Epoch: [14/23], Batch: 1750/2963, Loss: 69.213, Trans_L2_m: 0.557, Yaw_err_deg: 1.561
Epoch: [14/23], Batch: 1760/2963, Loss: 54.456, Trans_L2_m: 0.524, Yaw_err_deg: 0.741
Epoch: [14/23], Batch: 1770/2963, Loss: 63.792, Trans_L2_m: 0.466, Yaw_err_deg: 1.377
Epoch: [14/23], Batch: 1780/2963, Loss: 53.004, Trans_L2_m: 0.406, Yaw_err_deg: 0.956
Epoch: [14/23], Batch: 1790/2963, Loss: 50.742, Trans_L2_m: 0.461, Yaw_err_deg: 0.572
Epoch: [14/23], Batch: 1800/2963, Loss: 50.333, Trans_L2_m: 0.379, Yaw_err_deg: 1.063
Epoch: [14/23], Batch: 1810/2963, Loss: 54.860, Trans_L2_m: 0.558, Yaw_err_deg: 0.982
Epoch: [14/23], Batch: 1820/2963, Loss: 68.076, Trans_L2_m: 0.426, Yaw_err_deg: 1.629
Epoch: [14/23], Batch: 1830/2963, Loss: 47.588, Trans_L2_m: 0.385, Yaw_err_deg: 0.664
Epoch: [14/23], Batch: 1840/2963, Loss: 54.812, Trans_L2_m: 0.559, Yaw_err_deg: 1.044
Epoch: [14/23], Batch: 1850/2963, Loss: 42.450, Trans_L2_m: 0.316, Yaw_err_deg: 0.797
Epoch: [14/23], Batch: 1860/2963, Loss: 45.224, Trans_L2_m: 0.437, Yaw_err_deg: 0.732
Epoch: [14/23], Batch: 1870/2963, Loss: 59.305, Trans_L2_m: 0.431, Yaw_err_deg: 1.258
Epoch: [14/23], Batch: 1880/2963, Loss: 59.610, Trans_L2_m: 0.389, Yaw_err_deg: 1.343
Epoch: [14/23], Batch: 1890/2963, Loss: 57.525, Trans_L2_m: 0.304, Yaw_err_deg: 0.795
Epoch: [14/23], Batch: 1900/2963, Loss: 58.248, Trans_L2_m: 0.518, Yaw_err_deg: 1.030
Epoch: [14/23], Batch: 1910/2963, Loss: 54.781, Trans_L2_m: 0.531, Yaw_err_deg: 1.134
Epoch: [14/23], Batch: 1920/2963, Loss: 522.502, Trans_L2_m: 0.506, Yaw_err_deg: 0.771
Epoch: [14/23], Batch: 1930/2963, Loss: 47.679, Trans_L2_m: 0.289, Yaw_err_deg: 1.105
Epoch: [14/23], Batch: 1940/2963, Loss: 52.324, Trans_L2_m: 0.546, Yaw_err_deg: 0.890
Epoch: [14/23], Batch: 1950/2963, Loss: 63.667, Trans_L2_m: 0.542, Yaw_err_deg: 0.998
Epoch: [14/23], Batch: 1960/2963, Loss: 48.582, Trans_L2_m: 0.521, Yaw_err_deg: 0.717
Epoch: [14/23], Batch: 1970/2963, Loss: 62.845, Trans_L2_m: 0.534, Yaw_err_deg: 1.244
Epoch: [14/23], Batch: 1980/2963, Loss: 68.012, Trans_L2_m: 0.493, Yaw_err_deg: 1.737
Epoch: [14/23], Batch: 1990/2963, Loss: 50.580, Trans_L2_m: 0.534, Yaw_err_deg: 1.004
Epoch: [14/23], Batch: 2000/2963, Loss: 59.667, Trans_L2_m: 0.460, Yaw_err_deg: 1.238
Epoch: [14/23], Batch: 2010/2963, Loss: 87.510, Trans_L2_m: 0.456, Yaw_err_deg: 1.600
Epoch: [14/23], Batch: 2020/2963, Loss: 60.230, Trans_L2_m: 0.327, Yaw_err_deg: 1.399
Epoch: [14/23], Batch: 2030/2963, Loss: 77.311, Trans_L2_m: 0.432, Yaw_err_deg: 1.617
Epoch: [14/23], Batch: 2040/2963, Loss: 56.079, Trans_L2_m: 0.386, Yaw_err_deg: 1.342
Epoch: [14/23], Batch: 2050/2963, Loss: 78.567, Trans_L2_m: 0.440, Yaw_err_deg: 1.768
Epoch: [14/23], Batch: 2060/2963, Loss: 59.522, Trans_L2_m: 0.559, Yaw_err_deg: 0.920
Epoch: [14/23], Batch: 2070/2963, Loss: 56.573, Trans_L2_m: 0.484, Yaw_err_deg: 0.742
Epoch: [14/23], Batch: 2080/2963, Loss: 50.009, Trans_L2_m: 0.470, Yaw_err_deg: 1.071
Epoch: [14/23], Batch: 2090/2963, Loss: 77.456, Trans_L2_m: 0.498, Yaw_err_deg: 1.662
Epoch: [14/23], Batch: 2100/2963, Loss: 53.796, Trans_L2_m: 0.405, Yaw_err_deg: 1.242
Epoch: [14/23], Batch: 2110/2963, Loss: 63.245, Trans_L2_m: 0.546, Yaw_err_deg: 1.192
Epoch: [14/23], Batch: 2120/2963, Loss: 49.894, Trans_L2_m: 0.315, Yaw_err_deg: 1.146
Epoch: [14/23], Batch: 2130/2963, Loss: 54.756, Trans_L2_m: 0.426, Yaw_err_deg: 1.239
Epoch: [14/23], Batch: 2140/2963, Loss: 57.497, Trans_L2_m: 0.565, Yaw_err_deg: 0.853
Epoch: [14/23], Batch: 2150/2963, Loss: 61.757, Trans_L2_m: 0.510, Yaw_err_deg: 1.243
Epoch: [14/23], Batch: 2160/2963, Loss: 49.580, Trans_L2_m: 0.434, Yaw_err_deg: 1.046
Epoch: [14/23], Batch: 2170/2963, Loss: 58.292, Trans_L2_m: 0.568, Yaw_err_deg: 1.007
Epoch: [14/23], Batch: 2180/2963, Loss: 44.530, Trans_L2_m: 0.415, Yaw_err_deg: 0.903
Epoch: [14/23], Batch: 2190/2963, Loss: 45.524, Trans_L2_m: 0.337, Yaw_err_deg: 0.897
Epoch: [14/23], Batch: 2200/2963, Loss: 81.272, Trans_L2_m: 0.496, Yaw_err_deg: 1.587
Epoch: [14/23], Batch: 2210/2963, Loss: 57.729, Trans_L2_m: 0.451, Yaw_err_deg: 1.203
Epoch: [14/23], Batch: 2220/2963, Loss: 53.172, Trans_L2_m: 0.434, Yaw_err_deg: 1.187
Epoch: [14/23], Batch: 2230/2963, Loss: 51.520, Trans_L2_m: 0.363, Yaw_err_deg: 1.193
Epoch: [14/23], Batch: 2240/2963, Loss: 53.972, Trans_L2_m: 0.573, Yaw_err_deg: 0.986
Epoch: [14/23], Batch: 2250/2963, Loss: 56.837, Trans_L2_m: 0.494, Yaw_err_deg: 1.023
Epoch: [14/23], Batch: 2260/2963, Loss: 79.738, Trans_L2_m: 0.522, Yaw_err_deg: 1.596
Epoch: [14/23], Batch: 2270/2963, Loss: 53.414, Trans_L2_m: 0.471, Yaw_err_deg: 0.903
Epoch: [14/23], Batch: 2280/2963, Loss: 72.127, Trans_L2_m: 0.383, Yaw_err_deg: 1.878
Epoch: [14/23], Batch: 2290/2963, Loss: 64.473, Trans_L2_m: 0.411, Yaw_err_deg: 1.178
Epoch: [14/23], Batch: 2300/2963, Loss: 70.848, Trans_L2_m: 0.503, Yaw_err_deg: 1.151
Epoch: [14/23], Batch: 2310/2963, Loss: 58.766, Trans_L2_m: 0.447, Yaw_err_deg: 1.566
Epoch: [14/23], Batch: 2320/2963, Loss: 56.233, Trans_L2_m: 0.493, Yaw_err_deg: 0.838
Epoch: [14/23], Batch: 2330/2963, Loss: 81.599, Trans_L2_m: 0.497, Yaw_err_deg: 2.172
Epoch: [14/23], Batch: 2340/2963, Loss: 57.229, Trans_L2_m: 0.450, Yaw_err_deg: 1.198
Epoch: [14/23], Batch: 2350/2963, Loss: 52.335, Trans_L2_m: 0.378, Yaw_err_deg: 0.863
Epoch: [14/23], Batch: 2360/2963, Loss: 78.364, Trans_L2_m: 0.337, Yaw_err_deg: 1.653
Epoch: [14/23], Batch: 2370/2963, Loss: 50.796, Trans_L2_m: 0.535, Yaw_err_deg: 0.661
Epoch: [14/23], Batch: 2380/2963, Loss: 50.948, Trans_L2_m: 0.425, Yaw_err_deg: 0.703
Epoch: [14/23], Batch: 2390/2963, Loss: 49.031, Trans_L2_m: 0.410, Yaw_err_deg: 1.096
Epoch: [14/23], Batch: 2400/2963, Loss: 53.685, Trans_L2_m: 0.514, Yaw_err_deg: 1.030
Epoch: [14/23], Batch: 2410/2963, Loss: 50.139, Trans_L2_m: 0.333, Yaw_err_deg: 0.917
Epoch: [14/23], Batch: 2420/2963, Loss: 53.384, Trans_L2_m: 0.439, Yaw_err_deg: 1.081
Epoch: [14/23], Batch: 2430/2963, Loss: 53.936, Trans_L2_m: 0.424, Yaw_err_deg: 0.912
Epoch: [14/23], Batch: 2440/2963, Loss: 58.608, Trans_L2_m: 0.504, Yaw_err_deg: 1.220
Epoch: [14/23], Batch: 2450/2963, Loss: 97.255, Trans_L2_m: 0.603, Yaw_err_deg: 1.794
Epoch: [14/23], Batch: 2460/2963, Loss: 48.843, Trans_L2_m: 0.416, Yaw_err_deg: 0.734
Epoch: [14/23], Batch: 2470/2963, Loss: 48.607, Trans_L2_m: 0.405, Yaw_err_deg: 0.864
Epoch: [14/23], Batch: 2480/2963, Loss: 45.142, Trans_L2_m: 0.320, Yaw_err_deg: 0.815
Epoch: [14/23], Batch: 2490/2963, Loss: 47.946, Trans_L2_m: 0.497, Yaw_err_deg: 0.851
Epoch: [14/23], Batch: 2500/2963, Loss: 67.493, Trans_L2_m: 0.371, Yaw_err_deg: 1.220
Epoch: [14/23], Batch: 2510/2963, Loss: 68.036, Trans_L2_m: 0.553, Yaw_err_deg: 1.295
Epoch: [14/23], Batch: 2520/2963, Loss: 60.057, Trans_L2_m: 0.442, Yaw_err_deg: 1.305
Epoch: [14/23], Batch: 2530/2963, Loss: 57.306, Trans_L2_m: 0.432, Yaw_err_deg: 1.293
Epoch: [14/23], Batch: 2540/2963, Loss: 77.238, Trans_L2_m: 0.422, Yaw_err_deg: 1.810
Epoch: [14/23], Batch: 2550/2963, Loss: 105.879, Trans_L2_m: 0.406, Yaw_err_deg: 2.248
Epoch: [14/23], Batch: 2560/2963, Loss: 51.890, Trans_L2_m: 0.464, Yaw_err_deg: 1.110
Epoch: [14/23], Batch: 2570/2963, Loss: 51.999, Trans_L2_m: 0.423, Yaw_err_deg: 0.884
Epoch: [14/23], Batch: 2580/2963, Loss: 44.460, Trans_L2_m: 0.410, Yaw_err_deg: 0.801
Epoch: [14/23], Batch: 2590/2963, Loss: 44.141, Trans_L2_m: 0.353, Yaw_err_deg: 0.641
Epoch: [14/23], Batch: 2600/2963, Loss: 58.541, Trans_L2_m: 0.453, Yaw_err_deg: 1.052
Epoch: [14/23], Batch: 2610/2963, Loss: 54.007, Trans_L2_m: 0.303, Yaw_err_deg: 1.317
Epoch: [14/23], Batch: 2620/2963, Loss: 83.964, Trans_L2_m: 0.379, Yaw_err_deg: 1.906
Epoch: [14/23], Batch: 2630/2963, Loss: 50.692, Trans_L2_m: 0.490, Yaw_err_deg: 0.741
Epoch: [14/23], Batch: 2640/2963, Loss: 50.721, Trans_L2_m: 0.512, Yaw_err_deg: 0.678
Epoch: [14/23], Batch: 2650/2963, Loss: 47.314, Trans_L2_m: 0.424, Yaw_err_deg: 0.974
Epoch: [14/23], Batch: 2660/2963, Loss: 54.462, Trans_L2_m: 0.473, Yaw_err_deg: 0.888
Epoch: [14/23], Batch: 2670/2963, Loss: 43.645, Trans_L2_m: 0.314, Yaw_err_deg: 0.888
Epoch: [14/23], Batch: 2680/2963, Loss: 51.757, Trans_L2_m: 0.443, Yaw_err_deg: 0.800
Epoch: [14/23], Batch: 2690/2963, Loss: 72.555, Trans_L2_m: 0.445, Yaw_err_deg: 1.251
Epoch: [14/23], Batch: 2700/2963, Loss: 48.706, Trans_L2_m: 0.445, Yaw_err_deg: 0.941
Epoch: [14/23], Batch: 2710/2963, Loss: 46.099, Trans_L2_m: 0.361, Yaw_err_deg: 0.724
Epoch: [14/23], Batch: 2720/2963, Loss: 59.198, Trans_L2_m: 0.475, Yaw_err_deg: 1.538
Epoch: [14/23], Batch: 2730/2963, Loss: 52.014, Trans_L2_m: 0.402, Yaw_err_deg: 0.873
Epoch: [14/23], Batch: 2740/2963, Loss: 44.366, Trans_L2_m: 0.309, Yaw_err_deg: 0.657
Epoch: [14/23], Batch: 2750/2963, Loss: 53.857, Trans_L2_m: 0.422, Yaw_err_deg: 1.104
Epoch: [14/23], Batch: 2760/2963, Loss: 56.646, Trans_L2_m: 0.503, Yaw_err_deg: 1.002
Epoch: [14/23], Batch: 2770/2963, Loss: 58.453, Trans_L2_m: 0.576, Yaw_err_deg: 1.157
Epoch: [14/23], Batch: 2780/2963, Loss: 52.648, Trans_L2_m: 0.370, Yaw_err_deg: 1.169
Epoch: [14/23], Batch: 2790/2963, Loss: 50.781, Trans_L2_m: 0.404, Yaw_err_deg: 1.091
Epoch: [14/23], Batch: 2800/2963, Loss: 56.552, Trans_L2_m: 0.522, Yaw_err_deg: 0.974
Epoch: [14/23], Batch: 2810/2963, Loss: 50.263, Trans_L2_m: 0.314, Yaw_err_deg: 1.058
Epoch: [14/23], Batch: 2820/2963, Loss: 48.412, Trans_L2_m: 0.452, Yaw_err_deg: 0.714
Epoch: [14/23], Batch: 2830/2963, Loss: 53.732, Trans_L2_m: 0.578, Yaw_err_deg: 0.811
Epoch: [14/23], Batch: 2840/2963, Loss: 63.355, Trans_L2_m: 0.378, Yaw_err_deg: 1.491
Epoch: [14/23], Batch: 2850/2963, Loss: 67.862, Trans_L2_m: 0.511, Yaw_err_deg: 1.531
Epoch: [14/23], Batch: 2860/2963, Loss: 52.685, Trans_L2_m: 0.387, Yaw_err_deg: 1.265
Epoch: [14/23], Batch: 2870/2963, Loss: 62.855, Trans_L2_m: 0.553, Yaw_err_deg: 1.174
Epoch: [14/23], Batch: 2880/2963, Loss: 67.073, Trans_L2_m: 0.475, Yaw_err_deg: 1.383
Epoch: [14/23], Batch: 2890/2963, Loss: 50.601, Trans_L2_m: 0.500, Yaw_err_deg: 0.723
Epoch: [14/23], Batch: 2900/2963, Loss: 59.293, Trans_L2_m: 0.439, Yaw_err_deg: 1.213
Epoch: [14/23], Batch: 2910/2963, Loss: 51.538, Trans_L2_m: 0.476, Yaw_err_deg: 0.812
Epoch: [14/23], Batch: 2920/2963, Loss: 46.695, Trans_L2_m: 0.378, Yaw_err_deg: 0.699
Epoch: [14/23], Batch: 2930/2963, Loss: 61.856, Trans_L2_m: 0.545, Yaw_err_deg: 1.062
Epoch: [14/23], Batch: 2940/2963, Loss: 54.269, Trans_L2_m: 0.352, Yaw_err_deg: 1.188
Epoch: [14/23], Batch: 2950/2963, Loss: 46.894, Trans_L2_m: 0.449, Yaw_err_deg: 0.917
Epoch: [14/23], Batch: 2960/2963, Loss: 59.473, Trans_L2_m: 0.397, Yaw_err_deg: 1.311
Epoch: [15/23], Batch: 0/2963, Loss: 46.665, Trans_L2_m: 0.417, Yaw_err_deg: 1.014
Epoch: [15/23], Batch: 10/2963, Loss: 73.351, Trans_L2_m: 0.374, Yaw_err_deg: 1.823
Epoch: [15/23], Batch: 20/2963, Loss: 50.435, Trans_L2_m: 0.406, Yaw_err_deg: 0.983
Epoch: [15/23], Batch: 30/2963, Loss: 53.987, Trans_L2_m: 0.493, Yaw_err_deg: 0.905
Epoch: [15/23], Batch: 40/2963, Loss: 52.029, Trans_L2_m: 0.344, Yaw_err_deg: 1.088
Epoch: [15/23], Batch: 50/2963, Loss: 49.262, Trans_L2_m: 0.476, Yaw_err_deg: 0.761
Epoch: [15/23], Batch: 60/2963, Loss: 55.251, Trans_L2_m: 0.488, Yaw_err_deg: 1.170
Epoch: [15/23], Batch: 70/2963, Loss: 52.888, Trans_L2_m: 0.520, Yaw_err_deg: 0.871
Epoch: [15/23], Batch: 80/2963, Loss: 63.920, Trans_L2_m: 0.530, Yaw_err_deg: 0.995
Epoch: [15/23], Batch: 90/2963, Loss: 58.225, Trans_L2_m: 0.507, Yaw_err_deg: 1.017
Epoch: [15/23], Batch: 100/2963, Loss: 48.464, Trans_L2_m: 0.399, Yaw_err_deg: 0.948
Epoch: [15/23], Batch: 110/2963, Loss: 50.835, Trans_L2_m: 0.604, Yaw_err_deg: 0.766
Epoch: [15/23], Batch: 120/2963, Loss: 68.854, Trans_L2_m: 0.472, Yaw_err_deg: 1.527
Epoch: [15/23], Batch: 130/2963, Loss: 53.675, Trans_L2_m: 0.402, Yaw_err_deg: 0.973
Epoch: [15/23], Batch: 140/2963, Loss: 56.473, Trans_L2_m: 0.526, Yaw_err_deg: 1.089
Epoch: [15/23], Batch: 150/2963, Loss: 53.730, Trans_L2_m: 0.407, Yaw_err_deg: 0.931
Epoch: [15/23], Batch: 160/2963, Loss: 45.444, Trans_L2_m: 0.380, Yaw_err_deg: 0.730
Epoch: [15/23], Batch: 170/2963, Loss: 59.146, Trans_L2_m: 0.441, Yaw_err_deg: 0.829
Epoch: [15/23], Batch: 180/2963, Loss: 52.818, Trans_L2_m: 0.440, Yaw_err_deg: 0.745
Epoch: [15/23], Batch: 190/2963, Loss: 53.237, Trans_L2_m: 0.348, Yaw_err_deg: 1.290
Epoch: [15/23], Batch: 200/2963, Loss: 56.826, Trans_L2_m: 0.567, Yaw_err_deg: 1.060
Epoch: [15/23], Batch: 210/2963, Loss: 46.102, Trans_L2_m: 0.353, Yaw_err_deg: 0.745
Epoch: [15/23], Batch: 220/2963, Loss: 49.789, Trans_L2_m: 0.517, Yaw_err_deg: 0.840
Epoch: [15/23], Batch: 230/2963, Loss: 51.724, Trans_L2_m: 0.459, Yaw_err_deg: 1.021
Epoch: [15/23], Batch: 240/2963, Loss: 52.988, Trans_L2_m: 0.418, Yaw_err_deg: 1.007
Epoch: [15/23], Batch: 250/2963, Loss: 53.569, Trans_L2_m: 0.460, Yaw_err_deg: 0.829
Epoch: [15/23], Batch: 260/2963, Loss: 54.176, Trans_L2_m: 0.514, Yaw_err_deg: 0.684
Epoch: [15/23], Batch: 270/2963, Loss: 54.367, Trans_L2_m: 0.412, Yaw_err_deg: 1.069
Epoch: [15/23], Batch: 280/2963, Loss: 48.190, Trans_L2_m: 0.355, Yaw_err_deg: 0.811
Epoch: [15/23], Batch: 290/2963, Loss: 62.563, Trans_L2_m: 0.435, Yaw_err_deg: 1.124
Epoch: [15/23], Batch: 300/2963, Loss: 71.810, Trans_L2_m: 0.494, Yaw_err_deg: 1.485
Epoch: [15/23], Batch: 310/2963, Loss: 54.954, Trans_L2_m: 0.459, Yaw_err_deg: 0.980
Epoch: [15/23], Batch: 320/2963, Loss: 44.676, Trans_L2_m: 0.552, Yaw_err_deg: 0.708
Epoch: [15/23], Batch: 330/2963, Loss: 82.444, Trans_L2_m: 0.391, Yaw_err_deg: 1.533
Epoch: [15/23], Batch: 340/2963, Loss: 55.599, Trans_L2_m: 0.566, Yaw_err_deg: 0.904
Epoch: [15/23], Batch: 350/2963, Loss: 54.748, Trans_L2_m: 0.413, Yaw_err_deg: 0.647
Epoch: [15/23], Batch: 360/2963, Loss: 53.629, Trans_L2_m: 0.493, Yaw_err_deg: 1.032
Epoch: [15/23], Batch: 370/2963, Loss: 51.262, Trans_L2_m: 0.389, Yaw_err_deg: 1.063
Epoch: [15/23], Batch: 380/2963, Loss: 48.698, Trans_L2_m: 0.391, Yaw_err_deg: 0.947
Epoch: [15/23], Batch: 390/2963, Loss: 45.345, Trans_L2_m: 0.381, Yaw_err_deg: 0.689
Epoch: [15/23], Batch: 400/2963, Loss: 53.560, Trans_L2_m: 0.382, Yaw_err_deg: 1.189
Epoch: [15/23], Batch: 410/2963, Loss: 47.725, Trans_L2_m: 0.345, Yaw_err_deg: 0.823
Epoch: [15/23], Batch: 420/2963, Loss: 51.374, Trans_L2_m: 0.453, Yaw_err_deg: 0.781
Epoch: [15/23], Batch: 430/2963, Loss: 60.030, Trans_L2_m: 0.502, Yaw_err_deg: 1.144
Epoch: [15/23], Batch: 440/2963, Loss: 50.502, Trans_L2_m: 0.467, Yaw_err_deg: 0.906
Epoch: [15/23], Batch: 450/2963, Loss: 75.967, Trans_L2_m: 0.308, Yaw_err_deg: 1.702
Epoch: [15/23], Batch: 460/2963, Loss: 56.532, Trans_L2_m: 0.361, Yaw_err_deg: 1.226
Epoch: [15/23], Batch: 470/2963, Loss: 49.833, Trans_L2_m: 0.455, Yaw_err_deg: 0.687
Epoch: [15/23], Batch: 480/2963, Loss: 60.817, Trans_L2_m: 0.506, Yaw_err_deg: 1.244
Epoch: [15/23], Batch: 490/2963, Loss: 66.851, Trans_L2_m: 0.494, Yaw_err_deg: 1.651
Epoch: [15/23], Batch: 500/2963, Loss: 43.632, Trans_L2_m: 0.376, Yaw_err_deg: 0.778
Epoch: [15/23], Batch: 510/2963, Loss: 52.523, Trans_L2_m: 0.468, Yaw_err_deg: 0.785
Epoch: [15/23], Batch: 520/2963, Loss: 54.181, Trans_L2_m: 0.381, Yaw_err_deg: 1.023
Epoch: [15/23], Batch: 530/2963, Loss: 47.564, Trans_L2_m: 0.551, Yaw_err_deg: 0.673
Epoch: [15/23], Batch: 540/2963, Loss: 49.760, Trans_L2_m: 0.381, Yaw_err_deg: 0.871
Epoch: [15/23], Batch: 550/2963, Loss: 50.735, Trans_L2_m: 0.360, Yaw_err_deg: 1.107
Epoch: [15/23], Batch: 560/2963, Loss: 52.679, Trans_L2_m: 0.366, Yaw_err_deg: 0.802
Epoch: [15/23], Batch: 570/2963, Loss: 66.292, Trans_L2_m: 0.446, Yaw_err_deg: 1.120
Epoch: [15/23], Batch: 580/2963, Loss: 47.217, Trans_L2_m: 0.438, Yaw_err_deg: 0.841
Epoch: [15/23], Batch: 590/2963, Loss: 74.084, Trans_L2_m: 0.401, Yaw_err_deg: 1.620
Epoch: [15/23], Batch: 600/2963, Loss: 58.794, Trans_L2_m: 0.390, Yaw_err_deg: 1.360
Epoch: [15/23], Batch: 610/2963, Loss: 50.735, Trans_L2_m: 0.357, Yaw_err_deg: 0.866
Epoch: [15/23], Batch: 620/2963, Loss: 62.836, Trans_L2_m: 0.406, Yaw_err_deg: 1.461
Epoch: [15/23], Batch: 630/2963, Loss: 54.185, Trans_L2_m: 0.339, Yaw_err_deg: 1.235
Epoch: [15/23], Batch: 640/2963, Loss: 44.857, Trans_L2_m: 0.299, Yaw_err_deg: 0.820
Epoch: [15/23], Batch: 650/2963, Loss: 56.865, Trans_L2_m: 0.387, Yaw_err_deg: 1.313
Epoch: [15/23], Batch: 660/2963, Loss: 48.539, Trans_L2_m: 0.379, Yaw_err_deg: 1.211
Epoch: [15/23], Batch: 670/2963, Loss: 59.135, Trans_L2_m: 0.355, Yaw_err_deg: 1.119
Epoch: [15/23], Batch: 680/2963, Loss: 52.674, Trans_L2_m: 0.408, Yaw_err_deg: 1.155
Epoch: [15/23], Batch: 690/2963, Loss: 51.454, Trans_L2_m: 0.391, Yaw_err_deg: 1.010
Epoch: [15/23], Batch: 700/2963, Loss: 59.492, Trans_L2_m: 0.486, Yaw_err_deg: 1.164
Epoch: [15/23], Batch: 710/2963, Loss: 50.113, Trans_L2_m: 0.466, Yaw_err_deg: 1.021
Epoch: [15/23], Batch: 720/2963, Loss: 50.565, Trans_L2_m: 0.491, Yaw_err_deg: 0.902
Epoch: [15/23], Batch: 730/2963, Loss: 48.612, Trans_L2_m: 0.332, Yaw_err_deg: 0.847
Epoch: [15/23], Batch: 740/2963, Loss: 62.831, Trans_L2_m: 0.378, Yaw_err_deg: 1.143
Epoch: [15/23], Batch: 750/2963, Loss: 48.472, Trans_L2_m: 0.360, Yaw_err_deg: 0.988
Epoch: [15/23], Batch: 760/2963, Loss: 59.422, Trans_L2_m: 0.293, Yaw_err_deg: 1.168
Epoch: [15/23], Batch: 770/2963, Loss: 63.191, Trans_L2_m: 0.399, Yaw_err_deg: 1.421
Epoch: [15/23], Batch: 780/2963, Loss: 49.200, Trans_L2_m: 0.410, Yaw_err_deg: 0.883
Epoch: [15/23], Batch: 790/2963, Loss: 50.535, Trans_L2_m: 0.415, Yaw_err_deg: 1.079
Epoch: [15/23], Batch: 800/2963, Loss: 51.587, Trans_L2_m: 0.329, Yaw_err_deg: 1.206
Epoch: [15/23], Batch: 810/2963, Loss: 72.243, Trans_L2_m: 0.481, Yaw_err_deg: 1.185
Epoch: [15/23], Batch: 820/2963, Loss: 58.087, Trans_L2_m: 0.499, Yaw_err_deg: 1.026
Epoch: [15/23], Batch: 830/2963, Loss: 83.495, Trans_L2_m: 0.451, Yaw_err_deg: 1.504
Epoch: [15/23], Batch: 840/2963, Loss: 62.197, Trans_L2_m: 0.464, Yaw_err_deg: 1.165
Epoch: [15/23], Batch: 850/2963, Loss: 45.023, Trans_L2_m: 0.369, Yaw_err_deg: 0.717
Epoch: [15/23], Batch: 860/2963, Loss: 66.571, Trans_L2_m: 0.466, Yaw_err_deg: 1.522
Epoch: [15/23], Batch: 870/2963, Loss: 64.943, Trans_L2_m: 0.571, Yaw_err_deg: 1.417
Epoch: [15/23], Batch: 880/2963, Loss: 48.675, Trans_L2_m: 0.489, Yaw_err_deg: 0.810
Epoch: [15/23], Batch: 890/2963, Loss: 52.977, Trans_L2_m: 0.364, Yaw_err_deg: 0.965
Epoch: [15/23], Batch: 900/2963, Loss: 48.468, Trans_L2_m: 0.351, Yaw_err_deg: 0.963
Epoch: [15/23], Batch: 910/2963, Loss: 53.534, Trans_L2_m: 0.483, Yaw_err_deg: 0.915
Epoch: [15/23], Batch: 920/2963, Loss: 54.341, Trans_L2_m: 0.422, Yaw_err_deg: 1.161
Epoch: [15/23], Batch: 930/2963, Loss: 51.168, Trans_L2_m: 0.567, Yaw_err_deg: 0.754
Epoch: [15/23], Batch: 940/2963, Loss: 55.898, Trans_L2_m: 0.506, Yaw_err_deg: 0.780
Epoch: [15/23], Batch: 950/2963, Loss: 53.710, Trans_L2_m: 0.482, Yaw_err_deg: 0.803
Epoch: [15/23], Batch: 960/2963, Loss: 43.116, Trans_L2_m: 0.404, Yaw_err_deg: 0.594
Epoch: [15/23], Batch: 970/2963, Loss: 66.904, Trans_L2_m: 0.376, Yaw_err_deg: 1.346
Epoch: [15/23], Batch: 980/2963, Loss: 50.488, Trans_L2_m: 0.437, Yaw_err_deg: 0.794
Epoch: [15/23], Batch: 990/2963, Loss: 53.786, Trans_L2_m: 0.481, Yaw_err_deg: 0.957
Epoch: [15/23], Batch: 1000/2963, Loss: 50.412, Trans_L2_m: 0.364, Yaw_err_deg: 1.123
Epoch: [15/23], Batch: 1010/2963, Loss: 51.813, Trans_L2_m: 0.451, Yaw_err_deg: 1.068
Epoch: [15/23], Batch: 1020/2963, Loss: 59.649, Trans_L2_m: 0.392, Yaw_err_deg: 1.058
Epoch: [15/23], Batch: 1030/2963, Loss: 61.022, Trans_L2_m: 0.466, Yaw_err_deg: 1.363
Epoch: [15/23], Batch: 1040/2963, Loss: 45.595, Trans_L2_m: 0.350, Yaw_err_deg: 0.928
Epoch: [15/23], Batch: 1050/2963, Loss: 56.995, Trans_L2_m: 0.587, Yaw_err_deg: 0.942
Epoch: [15/23], Batch: 1060/2963, Loss: 49.023, Trans_L2_m: 0.432, Yaw_err_deg: 0.981
Epoch: [15/23], Batch: 1070/2963, Loss: 53.822, Trans_L2_m: 0.468, Yaw_err_deg: 0.845
Epoch: [15/23], Batch: 1080/2963, Loss: 60.356, Trans_L2_m: 0.429, Yaw_err_deg: 1.073
Epoch: [15/23], Batch: 1090/2963, Loss: 56.565, Trans_L2_m: 0.380, Yaw_err_deg: 1.186
Epoch: [15/23], Batch: 1100/2963, Loss: 58.287, Trans_L2_m: 0.356, Yaw_err_deg: 1.323
Epoch: [15/23], Batch: 1110/2963, Loss: 61.015, Trans_L2_m: 0.452, Yaw_err_deg: 0.857
Epoch: [15/23], Batch: 1120/2963, Loss: 49.951, Trans_L2_m: 0.315, Yaw_err_deg: 0.975
Epoch: [15/23], Batch: 1130/2963, Loss: 49.658, Trans_L2_m: 0.434, Yaw_err_deg: 0.991
Epoch: [15/23], Batch: 1140/2963, Loss: 46.580, Trans_L2_m: 0.379, Yaw_err_deg: 0.947
Epoch: [15/23], Batch: 1150/2963, Loss: 51.307, Trans_L2_m: 0.528, Yaw_err_deg: 1.147
Epoch: [15/23], Batch: 1160/2963, Loss: 47.274, Trans_L2_m: 0.521, Yaw_err_deg: 0.685
Epoch: [15/23], Batch: 1170/2963, Loss: 46.097, Trans_L2_m: 0.339, Yaw_err_deg: 0.738
Epoch: [15/23], Batch: 1180/2963, Loss: 65.179, Trans_L2_m: 0.407, Yaw_err_deg: 1.631
Epoch: [15/23], Batch: 1190/2963, Loss: 51.016, Trans_L2_m: 0.400, Yaw_err_deg: 1.012
Epoch: [15/23], Batch: 1200/2963, Loss: 52.896, Trans_L2_m: 0.367, Yaw_err_deg: 0.940
Epoch: [15/23], Batch: 1210/2963, Loss: 50.100, Trans_L2_m: 0.287, Yaw_err_deg: 1.073
Epoch: [15/23], Batch: 1220/2963, Loss: 87.092, Trans_L2_m: 0.431, Yaw_err_deg: 1.757
Epoch: [15/23], Batch: 1230/2963, Loss: 60.451, Trans_L2_m: 0.607, Yaw_err_deg: 1.053
Epoch: [15/23], Batch: 1240/2963, Loss: 44.169, Trans_L2_m: 0.371, Yaw_err_deg: 0.763
Epoch: [15/23], Batch: 1250/2963, Loss: 50.588, Trans_L2_m: 0.312, Yaw_err_deg: 1.057
Epoch: [15/23], Batch: 1260/2963, Loss: 50.269, Trans_L2_m: 0.520, Yaw_err_deg: 0.910
Epoch: [15/23], Batch: 1270/2963, Loss: 68.193, Trans_L2_m: 0.645, Yaw_err_deg: 1.035
Epoch: [15/23], Batch: 1280/2963, Loss: 50.994, Trans_L2_m: 0.486, Yaw_err_deg: 0.850
Epoch: [15/23], Batch: 1290/2963, Loss: 45.027, Trans_L2_m: 0.384, Yaw_err_deg: 0.910
Epoch: [15/23], Batch: 1300/2963, Loss: 57.763, Trans_L2_m: 0.557, Yaw_err_deg: 1.213
Epoch: [15/23], Batch: 1310/2963, Loss: 70.765, Trans_L2_m: 0.474, Yaw_err_deg: 1.776
Epoch: [15/23], Batch: 1320/2963, Loss: 52.080, Trans_L2_m: 0.392, Yaw_err_deg: 0.993
Epoch: [15/23], Batch: 1330/2963, Loss: 62.701, Trans_L2_m: 0.308, Yaw_err_deg: 1.475
Epoch: [15/23], Batch: 1340/2963, Loss: 49.258, Trans_L2_m: 0.475, Yaw_err_deg: 0.507
Epoch: [15/23], Batch: 1350/2963, Loss: 52.064, Trans_L2_m: 0.400, Yaw_err_deg: 1.254
Epoch: [15/23], Batch: 1360/2963, Loss: 56.054, Trans_L2_m: 0.449, Yaw_err_deg: 1.150
Epoch: [15/23], Batch: 1370/2963, Loss: 48.765, Trans_L2_m: 0.373, Yaw_err_deg: 0.917
Epoch: [15/23], Batch: 1380/2963, Loss: 53.480, Trans_L2_m: 0.362, Yaw_err_deg: 1.008
Epoch: [15/23], Batch: 1390/2963, Loss: 65.275, Trans_L2_m: 0.385, Yaw_err_deg: 1.438
Epoch: [15/23], Batch: 1400/2963, Loss: 46.926, Trans_L2_m: 0.451, Yaw_err_deg: 0.711
Epoch: [15/23], Batch: 1410/2963, Loss: 52.066, Trans_L2_m: 0.413, Yaw_err_deg: 0.969
Epoch: [15/23], Batch: 1420/2963, Loss: 50.786, Trans_L2_m: 0.477, Yaw_err_deg: 0.922
Epoch: [15/23], Batch: 1430/2963, Loss: 57.438, Trans_L2_m: 0.475, Yaw_err_deg: 1.339
Epoch: [15/23], Batch: 1440/2963, Loss: 59.414, Trans_L2_m: 0.499, Yaw_err_deg: 1.009
Epoch: [15/23], Batch: 1450/2963, Loss: 51.881, Trans_L2_m: 0.455, Yaw_err_deg: 0.879
Epoch: [15/23], Batch: 1460/2963, Loss: 62.285, Trans_L2_m: 0.336, Yaw_err_deg: 1.379
Epoch: [15/23], Batch: 1470/2963, Loss: 67.047, Trans_L2_m: 0.399, Yaw_err_deg: 1.317
Epoch: [15/23], Batch: 1480/2963, Loss: 56.110, Trans_L2_m: 0.384, Yaw_err_deg: 0.799
Epoch: [15/23], Batch: 1490/2963, Loss: 53.394, Trans_L2_m: 0.465, Yaw_err_deg: 1.197
Epoch: [15/23], Batch: 1500/2963, Loss: 50.959, Trans_L2_m: 0.500, Yaw_err_deg: 1.012
Epoch: [15/23], Batch: 1510/2963, Loss: 49.031, Trans_L2_m: 0.397, Yaw_err_deg: 0.835
Epoch: [15/23], Batch: 1520/2963, Loss: 49.805, Trans_L2_m: 0.509, Yaw_err_deg: 0.880
Epoch: [15/23], Batch: 1530/2963, Loss: 63.206, Trans_L2_m: 0.414, Yaw_err_deg: 1.349
Epoch: [15/23], Batch: 1540/2963, Loss: 51.375, Trans_L2_m: 0.550, Yaw_err_deg: 0.612
Epoch: [15/23], Batch: 1550/2963, Loss: 123.308, Trans_L2_m: 0.471, Yaw_err_deg: 1.553
Epoch: [15/23], Batch: 1560/2963, Loss: 46.683, Trans_L2_m: 0.436, Yaw_err_deg: 0.741
Epoch: [15/23], Batch: 1570/2963, Loss: 50.593, Trans_L2_m: 0.452, Yaw_err_deg: 0.808
Epoch: [15/23], Batch: 1580/2963, Loss: 57.372, Trans_L2_m: 0.340, Yaw_err_deg: 1.351
Epoch: [15/23], Batch: 1590/2963, Loss: 47.597, Trans_L2_m: 0.369, Yaw_err_deg: 0.901
Epoch: [15/23], Batch: 1600/2963, Loss: 56.711, Trans_L2_m: 0.492, Yaw_err_deg: 1.039
Epoch: [15/23], Batch: 1610/2963, Loss: 51.134, Trans_L2_m: 0.467, Yaw_err_deg: 0.908
Epoch: [15/23], Batch: 1620/2963, Loss: 59.399, Trans_L2_m: 0.410, Yaw_err_deg: 1.370
Epoch: [15/23], Batch: 1630/2963, Loss: 60.621, Trans_L2_m: 0.440, Yaw_err_deg: 1.264
Epoch: [15/23], Batch: 1640/2963, Loss: 51.916, Trans_L2_m: 0.481, Yaw_err_deg: 0.687
Epoch: [15/23], Batch: 1650/2963, Loss: 47.794, Trans_L2_m: 0.445, Yaw_err_deg: 0.987
Epoch: [15/23], Batch: 1660/2963, Loss: 47.749, Trans_L2_m: 0.432, Yaw_err_deg: 0.745
Epoch: [15/23], Batch: 1670/2963, Loss: 61.369, Trans_L2_m: 0.544, Yaw_err_deg: 1.153
Epoch: [15/23], Batch: 1680/2963, Loss: 43.896, Trans_L2_m: 0.378, Yaw_err_deg: 0.839
Epoch: [15/23], Batch: 1690/2963, Loss: 60.458, Trans_L2_m: 0.479, Yaw_err_deg: 0.987
Epoch: [15/23], Batch: 1700/2963, Loss: 55.753, Trans_L2_m: 0.356, Yaw_err_deg: 1.257
Epoch: [15/23], Batch: 1710/2963, Loss: 55.831, Trans_L2_m: 0.434, Yaw_err_deg: 1.295
Epoch: [15/23], Batch: 1720/2963, Loss: 64.017, Trans_L2_m: 0.353, Yaw_err_deg: 0.934
Epoch: [15/23], Batch: 1730/2963, Loss: 49.878, Trans_L2_m: 0.396, Yaw_err_deg: 1.042
Epoch: [15/23], Batch: 1740/2963, Loss: 44.636, Trans_L2_m: 0.331, Yaw_err_deg: 0.697
Epoch: [15/23], Batch: 1750/2963, Loss: 55.974, Trans_L2_m: 0.607, Yaw_err_deg: 0.943
Epoch: [15/23], Batch: 1760/2963, Loss: 40.356, Trans_L2_m: 0.360, Yaw_err_deg: 0.781
Epoch: [15/23], Batch: 1770/2963, Loss: 46.328, Trans_L2_m: 0.487, Yaw_err_deg: 0.852
Epoch: [15/23], Batch: 1780/2963, Loss: 49.182, Trans_L2_m: 0.365, Yaw_err_deg: 1.029
Epoch: [15/23], Batch: 1790/2963, Loss: 47.849, Trans_L2_m: 0.298, Yaw_err_deg: 0.843
Epoch: [15/23], Batch: 1800/2963, Loss: 58.752, Trans_L2_m: 0.493, Yaw_err_deg: 0.697
Epoch: [15/23], Batch: 1810/2963, Loss: 55.005, Trans_L2_m: 0.505, Yaw_err_deg: 0.997
Epoch: [15/23], Batch: 1820/2963, Loss: 47.381, Trans_L2_m: 0.407, Yaw_err_deg: 0.960
Epoch: [15/23], Batch: 1830/2963, Loss: 50.727, Trans_L2_m: 0.349, Yaw_err_deg: 1.049
Epoch: [15/23], Batch: 1840/2963, Loss: 56.914, Trans_L2_m: 0.346, Yaw_err_deg: 1.361
Epoch: [15/23], Batch: 1850/2963, Loss: 49.007, Trans_L2_m: 0.513, Yaw_err_deg: 0.470
Epoch: [15/23], Batch: 1860/2963, Loss: 50.821, Trans_L2_m: 0.383, Yaw_err_deg: 0.991
Epoch: [15/23], Batch: 1870/2963, Loss: 62.178, Trans_L2_m: 0.528, Yaw_err_deg: 1.301
Epoch: [15/23], Batch: 1880/2963, Loss: 50.694, Trans_L2_m: 0.392, Yaw_err_deg: 0.891
Epoch: [15/23], Batch: 1890/2963, Loss: 59.406, Trans_L2_m: 0.568, Yaw_err_deg: 0.862
Epoch: [15/23], Batch: 1900/2963, Loss: 54.597, Trans_L2_m: 0.385, Yaw_err_deg: 0.816
Epoch: [15/23], Batch: 1910/2963, Loss: 56.866, Trans_L2_m: 0.432, Yaw_err_deg: 1.168
Epoch: [15/23], Batch: 1920/2963, Loss: 66.921, Trans_L2_m: 0.370, Yaw_err_deg: 1.288
Epoch: [15/23], Batch: 1930/2963, Loss: 56.335, Trans_L2_m: 0.536, Yaw_err_deg: 1.083
Epoch: [15/23], Batch: 1940/2963, Loss: 49.681, Trans_L2_m: 0.390, Yaw_err_deg: 1.088
Epoch: [15/23], Batch: 1950/2963, Loss: 49.902, Trans_L2_m: 0.438, Yaw_err_deg: 0.879
Epoch: [15/23], Batch: 1960/2963, Loss: 49.847, Trans_L2_m: 0.346, Yaw_err_deg: 0.811
Epoch: [15/23], Batch: 1970/2963, Loss: 63.684, Trans_L2_m: 0.469, Yaw_err_deg: 1.426
Epoch: [15/23], Batch: 1980/2963, Loss: 99.056, Trans_L2_m: 0.513, Yaw_err_deg: 1.618
Epoch: [15/23], Batch: 1990/2963, Loss: 76.479, Trans_L2_m: 0.306, Yaw_err_deg: 1.940
Epoch: [15/23], Batch: 2000/2963, Loss: 55.709, Trans_L2_m: 0.475, Yaw_err_deg: 0.963
Epoch: [15/23], Batch: 2010/2963, Loss: 52.923, Trans_L2_m: 0.374, Yaw_err_deg: 1.154
Epoch: [15/23], Batch: 2020/2963, Loss: 68.691, Trans_L2_m: 0.414, Yaw_err_deg: 1.585
Epoch: [15/23], Batch: 2030/2963, Loss: 49.686, Trans_L2_m: 0.416, Yaw_err_deg: 0.729
Epoch: [15/23], Batch: 2040/2963, Loss: 48.924, Trans_L2_m: 0.409, Yaw_err_deg: 0.824
Epoch: [15/23], Batch: 2050/2963, Loss: 46.794, Trans_L2_m: 0.366, Yaw_err_deg: 0.890
Epoch: [15/23], Batch: 2060/2963, Loss: 53.786, Trans_L2_m: 0.409, Yaw_err_deg: 1.193
Epoch: [15/23], Batch: 2070/2963, Loss: 71.652, Trans_L2_m: 0.396, Yaw_err_deg: 1.595
Epoch: [15/23], Batch: 2080/2963, Loss: 50.946, Trans_L2_m: 0.394, Yaw_err_deg: 0.890
Epoch: [15/23], Batch: 2090/2963, Loss: 61.996, Trans_L2_m: 0.450, Yaw_err_deg: 1.201
Epoch: [15/23], Batch: 2100/2963, Loss: 56.152, Trans_L2_m: 0.490, Yaw_err_deg: 1.241
Epoch: [15/23], Batch: 2110/2963, Loss: 51.330, Trans_L2_m: 0.399, Yaw_err_deg: 1.078
Epoch: [15/23], Batch: 2120/2963, Loss: 78.065, Trans_L2_m: 0.444, Yaw_err_deg: 1.519
Epoch: [15/23], Batch: 2130/2963, Loss: 58.424, Trans_L2_m: 0.250, Yaw_err_deg: 1.371
Epoch: [15/23], Batch: 2140/2963, Loss: 74.003, Trans_L2_m: 0.376, Yaw_err_deg: 1.610
Epoch: [15/23], Batch: 2150/2963, Loss: 45.043, Trans_L2_m: 0.370, Yaw_err_deg: 1.026
Epoch: [15/23], Batch: 2160/2963, Loss: 49.917, Trans_L2_m: 0.398, Yaw_err_deg: 0.913
Epoch: [15/23], Batch: 2170/2963, Loss: 54.723, Trans_L2_m: 0.327, Yaw_err_deg: 0.981
Epoch: [15/23], Batch: 2180/2963, Loss: 45.521, Trans_L2_m: 0.318, Yaw_err_deg: 0.790
Epoch: [15/23], Batch: 2190/2963, Loss: 53.521, Trans_L2_m: 0.335, Yaw_err_deg: 1.054
Epoch: [15/23], Batch: 2200/2963, Loss: 58.157, Trans_L2_m: 0.708, Yaw_err_deg: 0.803
Epoch: [15/23], Batch: 2210/2963, Loss: 42.454, Trans_L2_m: 0.469, Yaw_err_deg: 0.509
Epoch: [15/23], Batch: 2220/2963, Loss: 58.647, Trans_L2_m: 0.437, Yaw_err_deg: 1.062
Epoch: [15/23], Batch: 2230/2963, Loss: 47.446, Trans_L2_m: 0.446, Yaw_err_deg: 0.899
Epoch: [15/23], Batch: 2240/2963, Loss: 47.489, Trans_L2_m: 0.321, Yaw_err_deg: 0.932
Epoch: [15/23], Batch: 2250/2963, Loss: 59.741, Trans_L2_m: 0.565, Yaw_err_deg: 1.178
Epoch: [15/23], Batch: 2260/2963, Loss: 54.602, Trans_L2_m: 0.515, Yaw_err_deg: 1.188
Epoch: [15/23], Batch: 2270/2963, Loss: 66.658, Trans_L2_m: 0.415, Yaw_err_deg: 1.236
Epoch: [15/23], Batch: 2280/2963, Loss: 55.765, Trans_L2_m: 0.558, Yaw_err_deg: 0.832
Epoch: [15/23], Batch: 2290/2963, Loss: 54.890, Trans_L2_m: 0.328, Yaw_err_deg: 1.190
Epoch: [15/23], Batch: 2300/2963, Loss: 45.556, Trans_L2_m: 0.471, Yaw_err_deg: 0.774
Epoch: [15/23], Batch: 2310/2963, Loss: 65.936, Trans_L2_m: 0.478, Yaw_err_deg: 1.004
Epoch: [15/23], Batch: 2320/2963, Loss: 64.135, Trans_L2_m: 0.415, Yaw_err_deg: 1.111
Epoch: [15/23], Batch: 2330/2963, Loss: 47.219, Trans_L2_m: 0.321, Yaw_err_deg: 0.893
Epoch: [15/23], Batch: 2340/2963, Loss: 57.023, Trans_L2_m: 0.435, Yaw_err_deg: 1.094
Epoch: [15/23], Batch: 2350/2963, Loss: 60.213, Trans_L2_m: 0.346, Yaw_err_deg: 1.155
Epoch: [15/23], Batch: 2360/2963, Loss: 54.923, Trans_L2_m: 0.529, Yaw_err_deg: 1.083
Epoch: [15/23], Batch: 2370/2963, Loss: 51.005, Trans_L2_m: 0.256, Yaw_err_deg: 1.055
Epoch: [15/23], Batch: 2380/2963, Loss: 59.917, Trans_L2_m: 0.535, Yaw_err_deg: 0.989
Epoch: [15/23], Batch: 2390/2963, Loss: 52.173, Trans_L2_m: 0.364, Yaw_err_deg: 0.783
Epoch: [15/23], Batch: 2400/2963, Loss: 48.050, Trans_L2_m: 0.470, Yaw_err_deg: 0.771
Epoch: [15/23], Batch: 2410/2963, Loss: 49.718, Trans_L2_m: 0.359, Yaw_err_deg: 0.886
Epoch: [15/23], Batch: 2420/2963, Loss: 58.125, Trans_L2_m: 0.382, Yaw_err_deg: 1.123
Epoch: [15/23], Batch: 2430/2963, Loss: 59.127, Trans_L2_m: 0.489, Yaw_err_deg: 0.923
Epoch: [15/23], Batch: 2440/2963, Loss: 44.747, Trans_L2_m: 0.370, Yaw_err_deg: 0.586
Epoch: [15/23], Batch: 2450/2963, Loss: 49.911, Trans_L2_m: 0.318, Yaw_err_deg: 1.164
Epoch: [15/23], Batch: 2460/2963, Loss: 53.019, Trans_L2_m: 0.413, Yaw_err_deg: 0.904
Epoch: [15/23], Batch: 2470/2963, Loss: 44.540, Trans_L2_m: 0.427, Yaw_err_deg: 0.632
Epoch: [15/23], Batch: 2480/2963, Loss: 46.404, Trans_L2_m: 0.413, Yaw_err_deg: 0.636
Epoch: [15/23], Batch: 2490/2963, Loss: 51.380, Trans_L2_m: 0.319, Yaw_err_deg: 1.196
Epoch: [15/23], Batch: 2500/2963, Loss: 83.169, Trans_L2_m: 0.365, Yaw_err_deg: 1.923
Epoch: [15/23], Batch: 2510/2963, Loss: 48.695, Trans_L2_m: 0.427, Yaw_err_deg: 1.028
Epoch: [15/23], Batch: 2520/2963, Loss: 55.952, Trans_L2_m: 0.418, Yaw_err_deg: 1.410
Epoch: [15/23], Batch: 2530/2963, Loss: 54.450, Trans_L2_m: 0.385, Yaw_err_deg: 1.197
Epoch: [15/23], Batch: 2540/2963, Loss: 49.469, Trans_L2_m: 0.291, Yaw_err_deg: 0.877
Epoch: [15/23], Batch: 2550/2963, Loss: 63.950, Trans_L2_m: 0.450, Yaw_err_deg: 1.161
Epoch: [15/23], Batch: 2560/2963, Loss: 98.770, Trans_L2_m: 0.412, Yaw_err_deg: 1.728
Epoch: [15/23], Batch: 2570/2963, Loss: 58.280, Trans_L2_m: 0.374, Yaw_err_deg: 1.220
Epoch: [15/23], Batch: 2580/2963, Loss: 47.587, Trans_L2_m: 0.458, Yaw_err_deg: 0.923
Epoch: [15/23], Batch: 2590/2963, Loss: 59.915, Trans_L2_m: 0.457, Yaw_err_deg: 1.153
Epoch: [15/23], Batch: 2600/2963, Loss: 48.561, Trans_L2_m: 0.388, Yaw_err_deg: 0.716
Epoch: [15/23], Batch: 2610/2963, Loss: 52.743, Trans_L2_m: 0.523, Yaw_err_deg: 0.988
Epoch: [15/23], Batch: 2620/2963, Loss: 46.662, Trans_L2_m: 0.397, Yaw_err_deg: 0.937
Epoch: [15/23], Batch: 2630/2963, Loss: 55.636, Trans_L2_m: 0.602, Yaw_err_deg: 0.759
Epoch: [15/23], Batch: 2640/2963, Loss: 53.922, Trans_L2_m: 0.437, Yaw_err_deg: 1.051
Epoch: [15/23], Batch: 2650/2963, Loss: 64.379, Trans_L2_m: 0.404, Yaw_err_deg: 1.455
Epoch: [15/23], Batch: 2660/2963, Loss: 57.531, Trans_L2_m: 0.431, Yaw_err_deg: 1.236
Epoch: [15/23], Batch: 2670/2963, Loss: 51.713, Trans_L2_m: 0.444, Yaw_err_deg: 1.090
Epoch: [15/23], Batch: 2680/2963, Loss: 45.270, Trans_L2_m: 0.347, Yaw_err_deg: 0.921
Epoch: [15/23], Batch: 2690/2963, Loss: 54.992, Trans_L2_m: 0.333, Yaw_err_deg: 1.165
Epoch: [15/23], Batch: 2700/2963, Loss: 73.755, Trans_L2_m: 0.434, Yaw_err_deg: 1.238
Epoch: [15/23], Batch: 2710/2963, Loss: 45.781, Trans_L2_m: 0.345, Yaw_err_deg: 0.728
Epoch: [15/23], Batch: 2720/2963, Loss: 47.757, Trans_L2_m: 0.308, Yaw_err_deg: 0.785
Epoch: [15/23], Batch: 2730/2963, Loss: 55.382, Trans_L2_m: 0.361, Yaw_err_deg: 1.177
Epoch: [15/23], Batch: 2740/2963, Loss: 48.163, Trans_L2_m: 0.305, Yaw_err_deg: 1.242
Epoch: [15/23], Batch: 2750/2963, Loss: 58.194, Trans_L2_m: 0.330, Yaw_err_deg: 1.311
Epoch: [15/23], Batch: 2760/2963, Loss: 55.181, Trans_L2_m: 0.417, Yaw_err_deg: 1.080
Epoch: [15/23], Batch: 2770/2963, Loss: 57.016, Trans_L2_m: 0.384, Yaw_err_deg: 1.053
Epoch: [15/23], Batch: 2780/2963, Loss: 59.224, Trans_L2_m: 0.426, Yaw_err_deg: 1.286
Epoch: [15/23], Batch: 2790/2963, Loss: 52.205, Trans_L2_m: 0.434, Yaw_err_deg: 1.049
Epoch: [15/23], Batch: 2800/2963, Loss: 51.425, Trans_L2_m: 0.447, Yaw_err_deg: 0.966
Epoch: [15/23], Batch: 2810/2963, Loss: 44.753, Trans_L2_m: 0.321, Yaw_err_deg: 0.904
Epoch: [15/23], Batch: 2820/2963, Loss: 54.795, Trans_L2_m: 0.321, Yaw_err_deg: 1.315
Epoch: [15/23], Batch: 2830/2963, Loss: 62.332, Trans_L2_m: 0.329, Yaw_err_deg: 1.074
Epoch: [15/23], Batch: 2840/2963, Loss: 57.296, Trans_L2_m: 0.368, Yaw_err_deg: 1.085
Epoch: [15/23], Batch: 2850/2963, Loss: 51.648, Trans_L2_m: 0.457, Yaw_err_deg: 0.963
Epoch: [15/23], Batch: 2860/2963, Loss: 57.363, Trans_L2_m: 0.386, Yaw_err_deg: 1.251
Epoch: [15/23], Batch: 2870/2963, Loss: 54.094, Trans_L2_m: 0.531, Yaw_err_deg: 1.189
Epoch: [15/23], Batch: 2880/2963, Loss: 53.104, Trans_L2_m: 0.344, Yaw_err_deg: 1.305
Epoch: [15/23], Batch: 2890/2963, Loss: 50.413, Trans_L2_m: 0.408, Yaw_err_deg: 0.949
Epoch: [15/23], Batch: 2900/2963, Loss: 65.141, Trans_L2_m: 0.475, Yaw_err_deg: 1.362
Epoch: [15/23], Batch: 2910/2963, Loss: 52.092, Trans_L2_m: 0.440, Yaw_err_deg: 0.633
Epoch: [15/23], Batch: 2920/2963, Loss: 48.775, Trans_L2_m: 0.322, Yaw_err_deg: 0.969
Epoch: [15/23], Batch: 2930/2963, Loss: 57.080, Trans_L2_m: 0.511, Yaw_err_deg: 0.999
Epoch: [15/23], Batch: 2940/2963, Loss: 46.407, Trans_L2_m: 0.375, Yaw_err_deg: 0.675
Epoch: [15/23], Batch: 2950/2963, Loss: 44.809, Trans_L2_m: 0.414, Yaw_err_deg: 0.647
Epoch: [15/23], Batch: 2960/2963, Loss: 53.123, Trans_L2_m: 0.464, Yaw_err_deg: 1.084
Validation loss (homography): 900.6848
Avg batch time: 982.17 ms, total: 318.504 s
[1;91mVal has no improvement vs 832.5582885742188![0m
Epoch: [16/23], Batch: 0/2963, Loss: 51.790, Trans_L2_m: 0.459, Yaw_err_deg: 0.864
Epoch: [16/23], Batch: 10/2963, Loss: 58.297, Trans_L2_m: 0.478, Yaw_err_deg: 1.294
Epoch: [16/23], Batch: 20/2963, Loss: 51.708, Trans_L2_m: 0.386, Yaw_err_deg: 1.127
Epoch: [16/23], Batch: 30/2963, Loss: 54.560, Trans_L2_m: 0.455, Yaw_err_deg: 0.922
Epoch: [16/23], Batch: 40/2963, Loss: 53.093, Trans_L2_m: 0.511, Yaw_err_deg: 0.704
Epoch: [16/23], Batch: 50/2963, Loss: 47.022, Trans_L2_m: 0.418, Yaw_err_deg: 0.955
Epoch: [16/23], Batch: 60/2963, Loss: 57.011, Trans_L2_m: 0.475, Yaw_err_deg: 1.000
Epoch: [16/23], Batch: 70/2963, Loss: 66.734, Trans_L2_m: 0.589, Yaw_err_deg: 1.583
Epoch: [16/23], Batch: 80/2963, Loss: 51.869, Trans_L2_m: 0.445, Yaw_err_deg: 0.886
Epoch: [16/23], Batch: 90/2963, Loss: 47.668, Trans_L2_m: 0.453, Yaw_err_deg: 0.658
Epoch: [16/23], Batch: 100/2963, Loss: 51.940, Trans_L2_m: 0.506, Yaw_err_deg: 0.730
Epoch: [16/23], Batch: 110/2963, Loss: 59.002, Trans_L2_m: 0.451, Yaw_err_deg: 1.321
Epoch: [16/23], Batch: 120/2963, Loss: 53.104, Trans_L2_m: 0.526, Yaw_err_deg: 0.785
Epoch: [16/23], Batch: 130/2963, Loss: 56.057, Trans_L2_m: 0.553, Yaw_err_deg: 1.030
Epoch: [16/23], Batch: 140/2963, Loss: 101.874, Trans_L2_m: 0.325, Yaw_err_deg: 1.887
Epoch: [16/23], Batch: 150/2963, Loss: 53.942, Trans_L2_m: 0.402, Yaw_err_deg: 1.008
Epoch: [16/23], Batch: 160/2963, Loss: 55.011, Trans_L2_m: 0.479, Yaw_err_deg: 1.206
Epoch: [16/23], Batch: 170/2963, Loss: 46.103, Trans_L2_m: 0.393, Yaw_err_deg: 0.872
Epoch: [16/23], Batch: 180/2963, Loss: 51.266, Trans_L2_m: 0.530, Yaw_err_deg: 0.950
Epoch: [16/23], Batch: 190/2963, Loss: 50.801, Trans_L2_m: 0.351, Yaw_err_deg: 0.933
Epoch: [16/23], Batch: 200/2963, Loss: 67.047, Trans_L2_m: 0.366, Yaw_err_deg: 1.454
Epoch: [16/23], Batch: 210/2963, Loss: 53.433, Trans_L2_m: 0.456, Yaw_err_deg: 0.950
Epoch: [16/23], Batch: 220/2963, Loss: 48.550, Trans_L2_m: 0.349, Yaw_err_deg: 0.878
Epoch: [16/23], Batch: 230/2963, Loss: 69.192, Trans_L2_m: 0.393, Yaw_err_deg: 1.477
Epoch: [16/23], Batch: 240/2963, Loss: 61.828, Trans_L2_m: 0.339, Yaw_err_deg: 1.403
Epoch: [16/23], Batch: 250/2963, Loss: 49.684, Trans_L2_m: 0.299, Yaw_err_deg: 0.904
Epoch: [16/23], Batch: 260/2963, Loss: 44.975, Trans_L2_m: 0.299, Yaw_err_deg: 0.668
Epoch: [16/23], Batch: 270/2963, Loss: 54.408, Trans_L2_m: 0.535, Yaw_err_deg: 1.126
Epoch: [16/23], Batch: 280/2963, Loss: 160.067, Trans_L2_m: 0.521, Yaw_err_deg: 1.965
Epoch: [16/23], Batch: 290/2963, Loss: 56.303, Trans_L2_m: 0.464, Yaw_err_deg: 0.853
Epoch: [16/23], Batch: 300/2963, Loss: 46.715, Trans_L2_m: 0.359, Yaw_err_deg: 0.827
Epoch: [16/23], Batch: 310/2963, Loss: 55.894, Trans_L2_m: 0.543, Yaw_err_deg: 0.700
Epoch: [16/23], Batch: 320/2963, Loss: 57.516, Trans_L2_m: 0.467, Yaw_err_deg: 0.885
Epoch: [16/23], Batch: 330/2963, Loss: 57.476, Trans_L2_m: 0.507, Yaw_err_deg: 1.172
Epoch: [16/23], Batch: 340/2963, Loss: 54.546, Trans_L2_m: 0.302, Yaw_err_deg: 1.185
Epoch: [16/23], Batch: 350/2963, Loss: 44.673, Trans_L2_m: 0.321, Yaw_err_deg: 0.908
Epoch: [16/23], Batch: 360/2963, Loss: 46.683, Trans_L2_m: 0.383, Yaw_err_deg: 0.630
Epoch: [16/23], Batch: 370/2963, Loss: 53.606, Trans_L2_m: 0.468, Yaw_err_deg: 0.927
Epoch: [16/23], Batch: 380/2963, Loss: 68.917, Trans_L2_m: 0.391, Yaw_err_deg: 1.519
Epoch: [16/23], Batch: 390/2963, Loss: 67.056, Trans_L2_m: 0.467, Yaw_err_deg: 1.655
Epoch: [16/23], Batch: 400/2963, Loss: 43.151, Trans_L2_m: 0.378, Yaw_err_deg: 0.728
Epoch: [16/23], Batch: 410/2963, Loss: 47.194, Trans_L2_m: 0.396, Yaw_err_deg: 0.759
Epoch: [16/23], Batch: 420/2963, Loss: 50.199, Trans_L2_m: 0.358, Yaw_err_deg: 1.127
Epoch: [16/23], Batch: 430/2963, Loss: 53.422, Trans_L2_m: 0.322, Yaw_err_deg: 0.692
Epoch: [16/23], Batch: 440/2963, Loss: 59.471, Trans_L2_m: 0.554, Yaw_err_deg: 1.226
Epoch: [16/23], Batch: 450/2963, Loss: 55.259, Trans_L2_m: 0.362, Yaw_err_deg: 0.912
Epoch: [16/23], Batch: 460/2963, Loss: 47.588, Trans_L2_m: 0.507, Yaw_err_deg: 0.824
Epoch: [16/23], Batch: 470/2963, Loss: 46.084, Trans_L2_m: 0.271, Yaw_err_deg: 1.050
Epoch: [16/23], Batch: 480/2963, Loss: 56.914, Trans_L2_m: 0.334, Yaw_err_deg: 1.321
Epoch: [16/23], Batch: 490/2963, Loss: 46.666, Trans_L2_m: 0.570, Yaw_err_deg: 0.722
Epoch: [16/23], Batch: 500/2963, Loss: 73.809, Trans_L2_m: 0.387, Yaw_err_deg: 1.473
Epoch: [16/23], Batch: 510/2963, Loss: 50.075, Trans_L2_m: 0.474, Yaw_err_deg: 0.725
Epoch: [16/23], Batch: 520/2963, Loss: 56.104, Trans_L2_m: 0.378, Yaw_err_deg: 1.275
Epoch: [16/23], Batch: 530/2963, Loss: 50.089, Trans_L2_m: 0.339, Yaw_err_deg: 1.157
Epoch: [16/23], Batch: 540/2963, Loss: 46.769, Trans_L2_m: 0.368, Yaw_err_deg: 0.786
Epoch: [16/23], Batch: 550/2963, Loss: 55.211, Trans_L2_m: 0.437, Yaw_err_deg: 1.236
Epoch: [16/23], Batch: 560/2963, Loss: 44.105, Trans_L2_m: 0.285, Yaw_err_deg: 0.662
Epoch: [16/23], Batch: 570/2963, Loss: 45.340, Trans_L2_m: 0.492, Yaw_err_deg: 0.813
Epoch: [16/23], Batch: 580/2963, Loss: 48.451, Trans_L2_m: 0.443, Yaw_err_deg: 1.011
Epoch: [16/23], Batch: 590/2963, Loss: 48.744, Trans_L2_m: 0.355, Yaw_err_deg: 1.076
Epoch: [16/23], Batch: 600/2963, Loss: 76.784, Trans_L2_m: 0.514, Yaw_err_deg: 1.549
Epoch: [16/23], Batch: 610/2963, Loss: 50.007, Trans_L2_m: 0.313, Yaw_err_deg: 1.248
Epoch: [16/23], Batch: 620/2963, Loss: 50.917, Trans_L2_m: 0.394, Yaw_err_deg: 1.064
Epoch: [16/23], Batch: 630/2963, Loss: 48.095, Trans_L2_m: 0.357, Yaw_err_deg: 0.844
Epoch: [16/23], Batch: 640/2963, Loss: 62.547, Trans_L2_m: 0.311, Yaw_err_deg: 1.209
Epoch: [16/23], Batch: 650/2963, Loss: 49.372, Trans_L2_m: 0.335, Yaw_err_deg: 0.644
Epoch: [16/23], Batch: 660/2963, Loss: 50.794, Trans_L2_m: 0.515, Yaw_err_deg: 0.896
Epoch: [16/23], Batch: 670/2963, Loss: 58.304, Trans_L2_m: 0.508, Yaw_err_deg: 0.954
Epoch: [16/23], Batch: 680/2963, Loss: 56.056, Trans_L2_m: 0.493, Yaw_err_deg: 0.902
Epoch: [16/23], Batch: 690/2963, Loss: 49.039, Trans_L2_m: 0.326, Yaw_err_deg: 0.868
Epoch: [16/23], Batch: 700/2963, Loss: 51.629, Trans_L2_m: 0.526, Yaw_err_deg: 0.916
Epoch: [16/23], Batch: 710/2963, Loss: 64.342, Trans_L2_m: 0.459, Yaw_err_deg: 1.539
Epoch: [16/23], Batch: 720/2963, Loss: 50.692, Trans_L2_m: 0.466, Yaw_err_deg: 0.958
Epoch: [16/23], Batch: 730/2963, Loss: 76.981, Trans_L2_m: 0.607, Yaw_err_deg: 2.082
Epoch: [16/23], Batch: 740/2963, Loss: 48.187, Trans_L2_m: 0.384, Yaw_err_deg: 0.876
Epoch: [16/23], Batch: 750/2963, Loss: 51.846, Trans_L2_m: 0.423, Yaw_err_deg: 0.503
Epoch: [16/23], Batch: 760/2963, Loss: 53.052, Trans_L2_m: 0.339, Yaw_err_deg: 1.084
Epoch: [16/23], Batch: 770/2963, Loss: 61.460, Trans_L2_m: 0.566, Yaw_err_deg: 1.207
Epoch: [16/23], Batch: 780/2963, Loss: 50.964, Trans_L2_m: 0.425, Yaw_err_deg: 0.812
Epoch: [16/23], Batch: 790/2963, Loss: 45.970, Trans_L2_m: 0.375, Yaw_err_deg: 0.939
Epoch: [16/23], Batch: 800/2963, Loss: 55.391, Trans_L2_m: 0.392, Yaw_err_deg: 1.157
Epoch: [16/23], Batch: 810/2963, Loss: 39.890, Trans_L2_m: 0.327, Yaw_err_deg: 0.541
Epoch: [16/23], Batch: 820/2963, Loss: 60.773, Trans_L2_m: 0.400, Yaw_err_deg: 1.215
Epoch: [16/23], Batch: 830/2963, Loss: 51.899, Trans_L2_m: 0.585, Yaw_err_deg: 0.709
Epoch: [16/23], Batch: 840/2963, Loss: 48.371, Trans_L2_m: 0.391, Yaw_err_deg: 0.791
Epoch: [16/23], Batch: 850/2963, Loss: 46.296, Trans_L2_m: 0.486, Yaw_err_deg: 0.716
Epoch: [16/23], Batch: 860/2963, Loss: 47.878, Trans_L2_m: 0.400, Yaw_err_deg: 0.946
Epoch: [16/23], Batch: 870/2963, Loss: 50.952, Trans_L2_m: 0.315, Yaw_err_deg: 0.857
Epoch: [16/23], Batch: 880/2963, Loss: 44.822, Trans_L2_m: 0.293, Yaw_err_deg: 0.699
Epoch: [16/23], Batch: 890/2963, Loss: 48.351, Trans_L2_m: 0.471, Yaw_err_deg: 0.861
Epoch: [16/23], Batch: 900/2963, Loss: 48.067, Trans_L2_m: 0.385, Yaw_err_deg: 0.975
Epoch: [16/23], Batch: 910/2963, Loss: 43.791, Trans_L2_m: 0.260, Yaw_err_deg: 0.750
Epoch: [16/23], Batch: 920/2963, Loss: 55.740, Trans_L2_m: 0.408, Yaw_err_deg: 1.216
Epoch: [16/23], Batch: 930/2963, Loss: 53.568, Trans_L2_m: 0.397, Yaw_err_deg: 0.782
Epoch: [16/23], Batch: 940/2963, Loss: 51.271, Trans_L2_m: 0.388, Yaw_err_deg: 1.098
Epoch: [16/23], Batch: 950/2963, Loss: 50.953, Trans_L2_m: 0.321, Yaw_err_deg: 1.204
Epoch: [16/23], Batch: 960/2963, Loss: 58.064, Trans_L2_m: 0.455, Yaw_err_deg: 1.175
Epoch: [16/23], Batch: 970/2963, Loss: 58.755, Trans_L2_m: 0.377, Yaw_err_deg: 1.239
Epoch: [16/23], Batch: 980/2963, Loss: 54.051, Trans_L2_m: 0.378, Yaw_err_deg: 1.189
Epoch: [16/23], Batch: 990/2963, Loss: 57.388, Trans_L2_m: 0.527, Yaw_err_deg: 1.011
Epoch: [16/23], Batch: 1000/2963, Loss: 44.576, Trans_L2_m: 0.344, Yaw_err_deg: 0.619
Epoch: [16/23], Batch: 1010/2963, Loss: 46.419, Trans_L2_m: 0.369, Yaw_err_deg: 0.754
Epoch: [16/23], Batch: 1020/2963, Loss: 51.667, Trans_L2_m: 0.451, Yaw_err_deg: 1.045
Epoch: [16/23], Batch: 1030/2963, Loss: 46.827, Trans_L2_m: 0.436, Yaw_err_deg: 1.007
Epoch: [16/23], Batch: 1040/2963, Loss: 52.058, Trans_L2_m: 0.401, Yaw_err_deg: 1.076
Epoch: [16/23], Batch: 1050/2963, Loss: 69.576, Trans_L2_m: 0.546, Yaw_err_deg: 1.545
Epoch: [16/23], Batch: 1060/2963, Loss: 73.613, Trans_L2_m: 0.391, Yaw_err_deg: 1.622
Epoch: [16/23], Batch: 1070/2963, Loss: 48.898, Trans_L2_m: 0.538, Yaw_err_deg: 0.644
Epoch: [16/23], Batch: 1080/2963, Loss: 55.426, Trans_L2_m: 0.393, Yaw_err_deg: 1.067
Epoch: [16/23], Batch: 1090/2963, Loss: 49.777, Trans_L2_m: 0.441, Yaw_err_deg: 0.921
Epoch: [16/23], Batch: 1100/2963, Loss: 54.122, Trans_L2_m: 0.327, Yaw_err_deg: 1.143
Epoch: [16/23], Batch: 1110/2963, Loss: 47.973, Trans_L2_m: 0.489, Yaw_err_deg: 0.854
Epoch: [16/23], Batch: 1120/2963, Loss: 53.130, Trans_L2_m: 0.519, Yaw_err_deg: 0.918
Epoch: [16/23], Batch: 1130/2963, Loss: 43.921, Trans_L2_m: 0.367, Yaw_err_deg: 0.986
Epoch: [16/23], Batch: 1140/2963, Loss: 47.929, Trans_L2_m: 0.453, Yaw_err_deg: 0.658
Epoch: [16/23], Batch: 1150/2963, Loss: 50.937, Trans_L2_m: 0.494, Yaw_err_deg: 0.754
Epoch: [16/23], Batch: 1160/2963, Loss: 58.012, Trans_L2_m: 0.320, Yaw_err_deg: 1.629
Epoch: [16/23], Batch: 1170/2963, Loss: 56.021, Trans_L2_m: 0.516, Yaw_err_deg: 1.063
Epoch: [16/23], Batch: 1180/2963, Loss: 54.723, Trans_L2_m: 0.266, Yaw_err_deg: 1.194
Epoch: [16/23], Batch: 1190/2963, Loss: 57.592, Trans_L2_m: 0.346, Yaw_err_deg: 1.107
Epoch: [16/23], Batch: 1200/2963, Loss: 57.549, Trans_L2_m: 0.399, Yaw_err_deg: 1.419
Epoch: [16/23], Batch: 1210/2963, Loss: 52.507, Trans_L2_m: 0.360, Yaw_err_deg: 1.072
Epoch: [16/23], Batch: 1220/2963, Loss: 66.818, Trans_L2_m: 0.351, Yaw_err_deg: 1.368
Epoch: [16/23], Batch: 1230/2963, Loss: 54.049, Trans_L2_m: 0.489, Yaw_err_deg: 0.749
Epoch: [16/23], Batch: 1240/2963, Loss: 59.892, Trans_L2_m: 0.629, Yaw_err_deg: 0.991
Epoch: [16/23], Batch: 1250/2963, Loss: 53.635, Trans_L2_m: 0.492, Yaw_err_deg: 1.173
Epoch: [16/23], Batch: 1260/2963, Loss: 62.338, Trans_L2_m: 0.580, Yaw_err_deg: 1.328
Epoch: [16/23], Batch: 1270/2963, Loss: 49.436, Trans_L2_m: 0.535, Yaw_err_deg: 0.632
Epoch: [16/23], Batch: 1280/2963, Loss: 55.229, Trans_L2_m: 0.489, Yaw_err_deg: 1.249
Epoch: [16/23], Batch: 1290/2963, Loss: 47.731, Trans_L2_m: 0.403, Yaw_err_deg: 0.832
Epoch: [16/23], Batch: 1300/2963, Loss: 63.491, Trans_L2_m: 0.305, Yaw_err_deg: 1.475
Epoch: [16/23], Batch: 1310/2963, Loss: 58.699, Trans_L2_m: 0.432, Yaw_err_deg: 1.285
Epoch: [16/23], Batch: 1320/2963, Loss: 46.070, Trans_L2_m: 0.418, Yaw_err_deg: 0.752
Epoch: [16/23], Batch: 1330/2963, Loss: 52.380, Trans_L2_m: 0.448, Yaw_err_deg: 0.834
Epoch: [16/23], Batch: 1340/2963, Loss: 44.892, Trans_L2_m: 0.351, Yaw_err_deg: 0.894
Epoch: [16/23], Batch: 1350/2963, Loss: 65.796, Trans_L2_m: 0.273, Yaw_err_deg: 1.272
Epoch: [16/23], Batch: 1360/2963, Loss: 50.854, Trans_L2_m: 0.498, Yaw_err_deg: 0.857
Epoch: [16/23], Batch: 1370/2963, Loss: 50.214, Trans_L2_m: 0.348, Yaw_err_deg: 0.929
Epoch: [16/23], Batch: 1380/2963, Loss: 45.806, Trans_L2_m: 0.415, Yaw_err_deg: 0.674
Epoch: [16/23], Batch: 1390/2963, Loss: 57.712, Trans_L2_m: 0.477, Yaw_err_deg: 0.656
Epoch: [16/23], Batch: 1400/2963, Loss: 162.409, Trans_L2_m: 0.515, Yaw_err_deg: 2.077
Epoch: [16/23], Batch: 1410/2963, Loss: 55.852, Trans_L2_m: 0.407, Yaw_err_deg: 1.050
Epoch: [16/23], Batch: 1420/2963, Loss: 51.033, Trans_L2_m: 0.442, Yaw_err_deg: 0.941
Epoch: [16/23], Batch: 1430/2963, Loss: 57.656, Trans_L2_m: 0.518, Yaw_err_deg: 0.817
Epoch: [16/23], Batch: 1440/2963, Loss: 57.867, Trans_L2_m: 0.467, Yaw_err_deg: 0.949
Epoch: [16/23], Batch: 1450/2963, Loss: 65.358, Trans_L2_m: 0.414, Yaw_err_deg: 1.308
Epoch: [16/23], Batch: 1460/2963, Loss: 49.499, Trans_L2_m: 0.478, Yaw_err_deg: 0.838
Epoch: [16/23], Batch: 1470/2963, Loss: 51.670, Trans_L2_m: 0.424, Yaw_err_deg: 1.121
Epoch: [16/23], Batch: 1480/2963, Loss: 40.122, Trans_L2_m: 0.248, Yaw_err_deg: 0.821
Epoch: [16/23], Batch: 1490/2963, Loss: 60.791, Trans_L2_m: 0.352, Yaw_err_deg: 1.176
Epoch: [16/23], Batch: 1500/2963, Loss: 45.833, Trans_L2_m: 0.373, Yaw_err_deg: 0.772
Epoch: [16/23], Batch: 1510/2963, Loss: 46.391, Trans_L2_m: 0.449, Yaw_err_deg: 0.732
Epoch: [16/23], Batch: 1520/2963, Loss: 49.824, Trans_L2_m: 0.465, Yaw_err_deg: 0.706
Epoch: [16/23], Batch: 1530/2963, Loss: 43.072, Trans_L2_m: 0.274, Yaw_err_deg: 0.705
Epoch: [16/23], Batch: 1540/2963, Loss: 60.127, Trans_L2_m: 0.441, Yaw_err_deg: 1.032
Epoch: [16/23], Batch: 1550/2963, Loss: 52.328, Trans_L2_m: 0.347, Yaw_err_deg: 0.909
Epoch: [16/23], Batch: 1560/2963, Loss: 59.532, Trans_L2_m: 0.305, Yaw_err_deg: 1.251
Epoch: [16/23], Batch: 1570/2963, Loss: 47.217, Trans_L2_m: 0.516, Yaw_err_deg: 0.684
Epoch: [16/23], Batch: 1580/2963, Loss: 49.275, Trans_L2_m: 0.346, Yaw_err_deg: 0.813
Epoch: [16/23], Batch: 1590/2963, Loss: 62.315, Trans_L2_m: 0.592, Yaw_err_deg: 1.383
Epoch: [16/23], Batch: 1600/2963, Loss: 55.247, Trans_L2_m: 0.434, Yaw_err_deg: 0.899
Epoch: [16/23], Batch: 1610/2963, Loss: 56.341, Trans_L2_m: 0.432, Yaw_err_deg: 1.246
Epoch: [16/23], Batch: 1620/2963, Loss: 60.284, Trans_L2_m: 0.328, Yaw_err_deg: 1.271
Epoch: [16/23], Batch: 1630/2963, Loss: 51.561, Trans_L2_m: 0.472, Yaw_err_deg: 0.859
Epoch: [16/23], Batch: 1640/2963, Loss: 341.163, Trans_L2_m: 0.393, Yaw_err_deg: 2.566
Epoch: [16/23], Batch: 1650/2963, Loss: 60.970, Trans_L2_m: 0.346, Yaw_err_deg: 0.895
Epoch: [16/23], Batch: 1660/2963, Loss: 51.709, Trans_L2_m: 0.477, Yaw_err_deg: 0.954
Epoch: [16/23], Batch: 1670/2963, Loss: 61.881, Trans_L2_m: 0.476, Yaw_err_deg: 1.492
Epoch: [16/23], Batch: 1680/2963, Loss: 47.993, Trans_L2_m: 0.612, Yaw_err_deg: 0.769
Epoch: [16/23], Batch: 1690/2963, Loss: 45.921, Trans_L2_m: 0.391, Yaw_err_deg: 0.753
Epoch: [16/23], Batch: 1700/2963, Loss: 66.672, Trans_L2_m: 0.392, Yaw_err_deg: 1.290
Epoch: [16/23], Batch: 1710/2963, Loss: 53.520, Trans_L2_m: 0.398, Yaw_err_deg: 0.902
Epoch: [16/23], Batch: 1720/2963, Loss: 69.172, Trans_L2_m: 0.499, Yaw_err_deg: 1.275
Epoch: [16/23], Batch: 1730/2963, Loss: 41.124, Trans_L2_m: 0.356, Yaw_err_deg: 0.696
Epoch: [16/23], Batch: 1740/2963, Loss: 46.638, Trans_L2_m: 0.356, Yaw_err_deg: 0.907
Epoch: [16/23], Batch: 1750/2963, Loss: 53.540, Trans_L2_m: 0.360, Yaw_err_deg: 0.993
Epoch: [16/23], Batch: 1760/2963, Loss: 49.348, Trans_L2_m: 0.485, Yaw_err_deg: 0.687
Epoch: [16/23], Batch: 1770/2963, Loss: 67.148, Trans_L2_m: 0.349, Yaw_err_deg: 1.705
Epoch: [16/23], Batch: 1780/2963, Loss: 55.959, Trans_L2_m: 0.372, Yaw_err_deg: 1.099
Epoch: [16/23], Batch: 1790/2963, Loss: 48.923, Trans_L2_m: 0.420, Yaw_err_deg: 0.916
Epoch: [16/23], Batch: 1800/2963, Loss: 48.227, Trans_L2_m: 0.365, Yaw_err_deg: 0.879
Epoch: [16/23], Batch: 1810/2963, Loss: 52.282, Trans_L2_m: 0.278, Yaw_err_deg: 1.081
Epoch: [16/23], Batch: 1820/2963, Loss: 55.125, Trans_L2_m: 0.462, Yaw_err_deg: 0.921
Epoch: [16/23], Batch: 1830/2963, Loss: 51.819, Trans_L2_m: 0.421, Yaw_err_deg: 1.048
Epoch: [16/23], Batch: 1840/2963, Loss: 47.420, Trans_L2_m: 0.424, Yaw_err_deg: 0.720
Epoch: [16/23], Batch: 1850/2963, Loss: 51.726, Trans_L2_m: 0.418, Yaw_err_deg: 0.999
Epoch: [16/23], Batch: 1860/2963, Loss: 49.372, Trans_L2_m: 0.453, Yaw_err_deg: 0.729
Epoch: [16/23], Batch: 1870/2963, Loss: 51.961, Trans_L2_m: 0.384, Yaw_err_deg: 0.709
Epoch: [16/23], Batch: 1880/2963, Loss: 50.494, Trans_L2_m: 0.399, Yaw_err_deg: 0.846
Epoch: [16/23], Batch: 1890/2963, Loss: 46.440, Trans_L2_m: 0.373, Yaw_err_deg: 0.782
Epoch: [16/23], Batch: 1900/2963, Loss: 59.721, Trans_L2_m: 0.338, Yaw_err_deg: 1.345
Epoch: [16/23], Batch: 1910/2963, Loss: 57.995, Trans_L2_m: 0.484, Yaw_err_deg: 0.888
Epoch: [16/23], Batch: 1920/2963, Loss: 50.619, Trans_L2_m: 0.453, Yaw_err_deg: 0.960
Epoch: [16/23], Batch: 1930/2963, Loss: 54.905, Trans_L2_m: 0.361, Yaw_err_deg: 1.124
Epoch: [16/23], Batch: 1940/2963, Loss: 50.094, Trans_L2_m: 0.514, Yaw_err_deg: 0.768
Epoch: [16/23], Batch: 1950/2963, Loss: 71.651, Trans_L2_m: 0.414, Yaw_err_deg: 1.204
Epoch: [16/23], Batch: 1960/2963, Loss: 55.045, Trans_L2_m: 0.460, Yaw_err_deg: 1.055
Epoch: [16/23], Batch: 1970/2963, Loss: 44.426, Trans_L2_m: 0.385, Yaw_err_deg: 0.590
Epoch: [16/23], Batch: 1980/2963, Loss: 46.590, Trans_L2_m: 0.483, Yaw_err_deg: 0.723
Epoch: [16/23], Batch: 1990/2963, Loss: 56.691, Trans_L2_m: 0.471, Yaw_err_deg: 1.079
Epoch: [16/23], Batch: 2000/2963, Loss: 48.537, Trans_L2_m: 0.450, Yaw_err_deg: 0.871
Epoch: [16/23], Batch: 2010/2963, Loss: 48.053, Trans_L2_m: 0.471, Yaw_err_deg: 0.700
Epoch: [16/23], Batch: 2020/2963, Loss: 58.016, Trans_L2_m: 0.331, Yaw_err_deg: 1.425
Epoch: [16/23], Batch: 2030/2963, Loss: 57.765, Trans_L2_m: 0.276, Yaw_err_deg: 1.383
Epoch: [16/23], Batch: 2040/2963, Loss: 49.371, Trans_L2_m: 0.330, Yaw_err_deg: 1.064
Epoch: [16/23], Batch: 2050/2963, Loss: 43.108, Trans_L2_m: 0.401, Yaw_err_deg: 0.957
Epoch: [16/23], Batch: 2060/2963, Loss: 57.974, Trans_L2_m: 0.446, Yaw_err_deg: 1.087
Epoch: [16/23], Batch: 2070/2963, Loss: 49.195, Trans_L2_m: 0.414, Yaw_err_deg: 0.780
Epoch: [16/23], Batch: 2080/2963, Loss: 55.784, Trans_L2_m: 0.410, Yaw_err_deg: 1.324
Epoch: [16/23], Batch: 2090/2963, Loss: 51.370, Trans_L2_m: 0.434, Yaw_err_deg: 0.761
Epoch: [16/23], Batch: 2100/2963, Loss: 55.997, Trans_L2_m: 0.411, Yaw_err_deg: 1.140
Epoch: [16/23], Batch: 2110/2963, Loss: 47.798, Trans_L2_m: 0.415, Yaw_err_deg: 0.806
Epoch: [16/23], Batch: 2120/2963, Loss: 53.977, Trans_L2_m: 0.580, Yaw_err_deg: 0.723
Epoch: [16/23], Batch: 2130/2963, Loss: 69.120, Trans_L2_m: 0.309, Yaw_err_deg: 1.846
Epoch: [16/23], Batch: 2140/2963, Loss: 55.269, Trans_L2_m: 0.492, Yaw_err_deg: 1.252
Epoch: [16/23], Batch: 2150/2963, Loss: 51.523, Trans_L2_m: 0.268, Yaw_err_deg: 1.117
Epoch: [16/23], Batch: 2160/2963, Loss: 44.722, Trans_L2_m: 0.337, Yaw_err_deg: 0.829
Epoch: [16/23], Batch: 2170/2963, Loss: 40.675, Trans_L2_m: 0.261, Yaw_err_deg: 0.683
Epoch: [16/23], Batch: 2180/2963, Loss: 43.308, Trans_L2_m: 0.282, Yaw_err_deg: 0.796
Epoch: [16/23], Batch: 2190/2963, Loss: 54.773, Trans_L2_m: 0.406, Yaw_err_deg: 1.028
Epoch: [16/23], Batch: 2200/2963, Loss: 66.842, Trans_L2_m: 0.433, Yaw_err_deg: 0.663
Epoch: [16/23], Batch: 2210/2963, Loss: 40.961, Trans_L2_m: 0.321, Yaw_err_deg: 0.509
Epoch: [16/23], Batch: 2220/2963, Loss: 48.113, Trans_L2_m: 0.361, Yaw_err_deg: 0.951
Epoch: [16/23], Batch: 2230/2963, Loss: 58.599, Trans_L2_m: 0.412, Yaw_err_deg: 1.126
Epoch: [16/23], Batch: 2240/2963, Loss: 60.495, Trans_L2_m: 0.358, Yaw_err_deg: 1.095
Epoch: [16/23], Batch: 2250/2963, Loss: 51.058, Trans_L2_m: 0.437, Yaw_err_deg: 0.941
Epoch: [16/23], Batch: 2260/2963, Loss: 47.408, Trans_L2_m: 0.411, Yaw_err_deg: 0.746
Epoch: [16/23], Batch: 2270/2963, Loss: 78.496, Trans_L2_m: 0.515, Yaw_err_deg: 1.246
Epoch: [16/23], Batch: 2280/2963, Loss: 46.745, Trans_L2_m: 0.346, Yaw_err_deg: 0.756
Epoch: [16/23], Batch: 2290/2963, Loss: 59.634, Trans_L2_m: 0.499, Yaw_err_deg: 1.097
Epoch: [16/23], Batch: 2300/2963, Loss: 46.298, Trans_L2_m: 0.343, Yaw_err_deg: 0.748
Epoch: [16/23], Batch: 2310/2963, Loss: 49.495, Trans_L2_m: 0.413, Yaw_err_deg: 0.853
Epoch: [16/23], Batch: 2320/2963, Loss: 44.445, Trans_L2_m: 0.308, Yaw_err_deg: 0.801
Epoch: [16/23], Batch: 2330/2963, Loss: 47.953, Trans_L2_m: 0.453, Yaw_err_deg: 0.823
Epoch: [16/23], Batch: 2340/2963, Loss: 50.701, Trans_L2_m: 0.419, Yaw_err_deg: 1.072
Epoch: [16/23], Batch: 2350/2963, Loss: 45.230, Trans_L2_m: 0.477, Yaw_err_deg: 0.654
Epoch: [16/23], Batch: 2360/2963, Loss: 42.501, Trans_L2_m: 0.353, Yaw_err_deg: 0.672
Epoch: [16/23], Batch: 2370/2963, Loss: 50.059, Trans_L2_m: 0.316, Yaw_err_deg: 0.886
Epoch: [16/23], Batch: 2380/2963, Loss: 45.027, Trans_L2_m: 0.416, Yaw_err_deg: 0.716
Epoch: [16/23], Batch: 2390/2963, Loss: 59.901, Trans_L2_m: 0.437, Yaw_err_deg: 1.158
Epoch: [16/23], Batch: 2400/2963, Loss: 45.311, Trans_L2_m: 0.365, Yaw_err_deg: 0.990
Epoch: [16/23], Batch: 2410/2963, Loss: 47.879, Trans_L2_m: 0.364, Yaw_err_deg: 1.003
Epoch: [16/23], Batch: 2420/2963, Loss: 48.632, Trans_L2_m: 0.272, Yaw_err_deg: 0.782
Epoch: [16/23], Batch: 2430/2963, Loss: 44.711, Trans_L2_m: 0.355, Yaw_err_deg: 0.669
Epoch: [16/23], Batch: 2440/2963, Loss: 42.892, Trans_L2_m: 0.383, Yaw_err_deg: 0.852
Epoch: [16/23], Batch: 2450/2963, Loss: 53.944, Trans_L2_m: 0.299, Yaw_err_deg: 0.920
Epoch: [16/23], Batch: 2460/2963, Loss: 47.004, Trans_L2_m: 0.351, Yaw_err_deg: 0.800
Epoch: [16/23], Batch: 2470/2963, Loss: 48.113, Trans_L2_m: 0.323, Yaw_err_deg: 0.900
Epoch: [16/23], Batch: 2480/2963, Loss: 48.668, Trans_L2_m: 0.370, Yaw_err_deg: 0.810
Epoch: [16/23], Batch: 2490/2963, Loss: 41.672, Trans_L2_m: 0.328, Yaw_err_deg: 0.641
Epoch: [16/23], Batch: 2500/2963, Loss: 55.610, Trans_L2_m: 0.387, Yaw_err_deg: 1.056
Epoch: [16/23], Batch: 2510/2963, Loss: 62.152, Trans_L2_m: 0.364, Yaw_err_deg: 1.386
Epoch: [16/23], Batch: 2520/2963, Loss: 45.633, Trans_L2_m: 0.381, Yaw_err_deg: 0.702
Epoch: [16/23], Batch: 2530/2963, Loss: 52.090, Trans_L2_m: 0.473, Yaw_err_deg: 1.144
Epoch: [16/23], Batch: 2540/2963, Loss: 46.209, Trans_L2_m: 0.376, Yaw_err_deg: 0.710
Epoch: [16/23], Batch: 2550/2963, Loss: 78.251, Trans_L2_m: 0.412, Yaw_err_deg: 1.527
Epoch: [16/23], Batch: 2560/2963, Loss: 58.286, Trans_L2_m: 0.403, Yaw_err_deg: 1.543
Epoch: [16/23], Batch: 2570/2963, Loss: 57.170, Trans_L2_m: 0.455, Yaw_err_deg: 0.801
Epoch: [16/23], Batch: 2580/2963, Loss: 57.047, Trans_L2_m: 0.370, Yaw_err_deg: 0.985
Epoch: [16/23], Batch: 2590/2963, Loss: 50.024, Trans_L2_m: 0.452, Yaw_err_deg: 0.681
Epoch: [16/23], Batch: 2600/2963, Loss: 46.675, Trans_L2_m: 0.355, Yaw_err_deg: 0.912
Epoch: [16/23], Batch: 2610/2963, Loss: 161.441, Trans_L2_m: 0.479, Yaw_err_deg: 1.933
Epoch: [16/23], Batch: 2620/2963, Loss: 51.474, Trans_L2_m: 0.473, Yaw_err_deg: 0.814
Epoch: [16/23], Batch: 2630/2963, Loss: 43.453, Trans_L2_m: 0.309, Yaw_err_deg: 0.710
Epoch: [16/23], Batch: 2640/2963, Loss: 70.398, Trans_L2_m: 0.386, Yaw_err_deg: 1.247
Epoch: [16/23], Batch: 2650/2963, Loss: 50.860, Trans_L2_m: 0.389, Yaw_err_deg: 0.805
Epoch: [16/23], Batch: 2660/2963, Loss: 45.385, Trans_L2_m: 0.402, Yaw_err_deg: 0.933
Epoch: [16/23], Batch: 2670/2963, Loss: 49.113, Trans_L2_m: 0.419, Yaw_err_deg: 0.871
Epoch: [16/23], Batch: 2680/2963, Loss: 42.225, Trans_L2_m: 0.363, Yaw_err_deg: 0.679
Epoch: [16/23], Batch: 2690/2963, Loss: 49.957, Trans_L2_m: 0.490, Yaw_err_deg: 0.732
Epoch: [16/23], Batch: 2700/2963, Loss: 55.081, Trans_L2_m: 0.412, Yaw_err_deg: 0.947
Epoch: [16/23], Batch: 2710/2963, Loss: 53.598, Trans_L2_m: 0.398, Yaw_err_deg: 1.087
Epoch: [16/23], Batch: 2720/2963, Loss: 48.539, Trans_L2_m: 0.472, Yaw_err_deg: 0.864
Epoch: [16/23], Batch: 2730/2963, Loss: 53.084, Trans_L2_m: 0.444, Yaw_err_deg: 1.360
Epoch: [16/23], Batch: 2740/2963, Loss: 45.672, Trans_L2_m: 0.484, Yaw_err_deg: 0.792
Epoch: [16/23], Batch: 2750/2963, Loss: 49.439, Trans_L2_m: 0.495, Yaw_err_deg: 0.692
Epoch: [16/23], Batch: 2760/2963, Loss: 55.669, Trans_L2_m: 0.523, Yaw_err_deg: 0.901
Epoch: [16/23], Batch: 2770/2963, Loss: 41.976, Trans_L2_m: 0.349, Yaw_err_deg: 0.568
Epoch: [16/23], Batch: 2780/2963, Loss: 53.243, Trans_L2_m: 0.329, Yaw_err_deg: 0.967
Epoch: [16/23], Batch: 2790/2963, Loss: 55.788, Trans_L2_m: 0.404, Yaw_err_deg: 1.440
Epoch: [16/23], Batch: 2800/2963, Loss: 40.558, Trans_L2_m: 0.316, Yaw_err_deg: 0.645
Epoch: [16/23], Batch: 2810/2963, Loss: 45.298, Trans_L2_m: 0.406, Yaw_err_deg: 0.699
Epoch: [16/23], Batch: 2820/2963, Loss: 55.373, Trans_L2_m: 0.348, Yaw_err_deg: 1.229
Epoch: [16/23], Batch: 2830/2963, Loss: 52.090, Trans_L2_m: 0.447, Yaw_err_deg: 1.312
Epoch: [16/23], Batch: 2840/2963, Loss: 59.398, Trans_L2_m: 0.564, Yaw_err_deg: 1.235
Epoch: [16/23], Batch: 2850/2963, Loss: 48.170, Trans_L2_m: 0.444, Yaw_err_deg: 0.739
Epoch: [16/23], Batch: 2860/2963, Loss: 65.753, Trans_L2_m: 0.403, Yaw_err_deg: 1.249
Epoch: [16/23], Batch: 2870/2963, Loss: 79.298, Trans_L2_m: 0.481, Yaw_err_deg: 1.568
Epoch: [16/23], Batch: 2880/2963, Loss: 47.379, Trans_L2_m: 0.330, Yaw_err_deg: 0.994
Epoch: [16/23], Batch: 2890/2963, Loss: 47.298, Trans_L2_m: 0.525, Yaw_err_deg: 0.695
Epoch: [16/23], Batch: 2900/2963, Loss: 46.647, Trans_L2_m: 0.452, Yaw_err_deg: 0.767
Epoch: [16/23], Batch: 2910/2963, Loss: 69.579, Trans_L2_m: 0.308, Yaw_err_deg: 1.192
Epoch: [16/23], Batch: 2920/2963, Loss: 77.510, Trans_L2_m: 0.618, Yaw_err_deg: 0.644
Epoch: [16/23], Batch: 2930/2963, Loss: 43.486, Trans_L2_m: 0.418, Yaw_err_deg: 0.585
Epoch: [16/23], Batch: 2940/2963, Loss: 53.173, Trans_L2_m: 0.419, Yaw_err_deg: 0.966
Epoch: [16/23], Batch: 2950/2963, Loss: 52.435, Trans_L2_m: 0.289, Yaw_err_deg: 1.154
Epoch: [16/23], Batch: 2960/2963, Loss: 48.428, Trans_L2_m: 0.508, Yaw_err_deg: 0.837
Epoch: [17/23], Batch: 0/2963, Loss: 47.116, Trans_L2_m: 0.343, Yaw_err_deg: 0.903
Epoch: [17/23], Batch: 10/2963, Loss: 56.531, Trans_L2_m: 0.406, Yaw_err_deg: 1.088
Epoch: [17/23], Batch: 20/2963, Loss: 51.976, Trans_L2_m: 0.454, Yaw_err_deg: 0.844
Epoch: [17/23], Batch: 30/2963, Loss: 59.271, Trans_L2_m: 0.393, Yaw_err_deg: 1.178
Epoch: [17/23], Batch: 40/2963, Loss: 65.292, Trans_L2_m: 0.457, Yaw_err_deg: 1.532
Epoch: [17/23], Batch: 50/2963, Loss: 47.181, Trans_L2_m: 0.369, Yaw_err_deg: 0.933
Epoch: [17/23], Batch: 60/2963, Loss: 47.897, Trans_L2_m: 0.325, Yaw_err_deg: 1.017
Epoch: [17/23], Batch: 70/2963, Loss: 51.110, Trans_L2_m: 0.402, Yaw_err_deg: 0.890
Epoch: [17/23], Batch: 80/2963, Loss: 49.552, Trans_L2_m: 0.386, Yaw_err_deg: 1.037
Epoch: [17/23], Batch: 90/2963, Loss: 67.058, Trans_L2_m: 0.377, Yaw_err_deg: 0.872
Epoch: [17/23], Batch: 100/2963, Loss: 63.477, Trans_L2_m: 0.421, Yaw_err_deg: 1.289
Epoch: [17/23], Batch: 110/2963, Loss: 55.307, Trans_L2_m: 0.459, Yaw_err_deg: 0.982
Epoch: [17/23], Batch: 120/2963, Loss: 46.261, Trans_L2_m: 0.415, Yaw_err_deg: 0.701
Epoch: [17/23], Batch: 130/2963, Loss: 42.236, Trans_L2_m: 0.281, Yaw_err_deg: 0.681
Epoch: [17/23], Batch: 140/2963, Loss: 54.022, Trans_L2_m: 0.377, Yaw_err_deg: 1.040
Epoch: [17/23], Batch: 150/2963, Loss: 50.579, Trans_L2_m: 0.421, Yaw_err_deg: 0.750
Epoch: [17/23], Batch: 160/2963, Loss: 47.685, Trans_L2_m: 0.317, Yaw_err_deg: 0.806
Epoch: [17/23], Batch: 170/2963, Loss: 54.797, Trans_L2_m: 0.593, Yaw_err_deg: 1.044
Epoch: [17/23], Batch: 180/2963, Loss: 68.285, Trans_L2_m: 0.344, Yaw_err_deg: 1.553
Epoch: [17/23], Batch: 190/2963, Loss: 55.778, Trans_L2_m: 0.534, Yaw_err_deg: 0.843
Epoch: [17/23], Batch: 200/2963, Loss: 52.012, Trans_L2_m: 0.440, Yaw_err_deg: 0.931
Epoch: [17/23], Batch: 210/2963, Loss: 48.711, Trans_L2_m: 0.441, Yaw_err_deg: 0.840
Epoch: [17/23], Batch: 220/2963, Loss: 53.192, Trans_L2_m: 0.399, Yaw_err_deg: 1.067
Epoch: [17/23], Batch: 230/2963, Loss: 53.517, Trans_L2_m: 0.473, Yaw_err_deg: 0.723
Epoch: [17/23], Batch: 240/2963, Loss: 47.054, Trans_L2_m: 0.447, Yaw_err_deg: 0.618
Epoch: [17/23], Batch: 250/2963, Loss: 49.921, Trans_L2_m: 0.445, Yaw_err_deg: 1.010
Epoch: [17/23], Batch: 260/2963, Loss: 47.900, Trans_L2_m: 0.507, Yaw_err_deg: 0.752
Epoch: [17/23], Batch: 270/2963, Loss: 43.837, Trans_L2_m: 0.459, Yaw_err_deg: 0.525
Epoch: [17/23], Batch: 280/2963, Loss: 45.190, Trans_L2_m: 0.406, Yaw_err_deg: 0.637
Epoch: [17/23], Batch: 290/2963, Loss: 46.174, Trans_L2_m: 0.462, Yaw_err_deg: 0.553
Epoch: [17/23], Batch: 300/2963, Loss: 51.568, Trans_L2_m: 0.276, Yaw_err_deg: 1.105
Epoch: [17/23], Batch: 310/2963, Loss: 51.369, Trans_L2_m: 0.425, Yaw_err_deg: 0.920
Epoch: [17/23], Batch: 320/2963, Loss: 56.837, Trans_L2_m: 0.523, Yaw_err_deg: 1.113
Epoch: [17/23], Batch: 330/2963, Loss: 69.751, Trans_L2_m: 0.379, Yaw_err_deg: 1.563
Epoch: [17/23], Batch: 340/2963, Loss: 55.126, Trans_L2_m: 0.297, Yaw_err_deg: 1.192
Epoch: [17/23], Batch: 350/2963, Loss: 53.186, Trans_L2_m: 0.595, Yaw_err_deg: 0.645
Epoch: [17/23], Batch: 360/2963, Loss: 51.791, Trans_L2_m: 0.426, Yaw_err_deg: 0.919
Epoch: [17/23], Batch: 370/2963, Loss: 47.042, Trans_L2_m: 0.381, Yaw_err_deg: 0.802
Epoch: [17/23], Batch: 380/2963, Loss: 46.981, Trans_L2_m: 0.358, Yaw_err_deg: 0.709
Epoch: [17/23], Batch: 390/2963, Loss: 74.943, Trans_L2_m: 0.451, Yaw_err_deg: 1.500
Epoch: [17/23], Batch: 400/2963, Loss: 40.176, Trans_L2_m: 0.338, Yaw_err_deg: 0.516
Epoch: [17/23], Batch: 410/2963, Loss: 54.032, Trans_L2_m: 0.456, Yaw_err_deg: 1.091
Epoch: [17/23], Batch: 420/2963, Loss: 58.450, Trans_L2_m: 0.475, Yaw_err_deg: 1.237
Epoch: [17/23], Batch: 430/2963, Loss: 51.004, Trans_L2_m: 0.467, Yaw_err_deg: 0.667
Epoch: [17/23], Batch: 440/2963, Loss: 58.513, Trans_L2_m: 0.553, Yaw_err_deg: 1.213
Epoch: [17/23], Batch: 450/2963, Loss: 55.593, Trans_L2_m: 0.512, Yaw_err_deg: 0.901
Epoch: [17/23], Batch: 460/2963, Loss: 48.863, Trans_L2_m: 0.396, Yaw_err_deg: 1.015
Epoch: [17/23], Batch: 470/2963, Loss: 52.210, Trans_L2_m: 0.410, Yaw_err_deg: 1.054
Epoch: [17/23], Batch: 480/2963, Loss: 42.065, Trans_L2_m: 0.375, Yaw_err_deg: 0.718
Epoch: [17/23], Batch: 490/2963, Loss: 577.126, Trans_L2_m: 0.434, Yaw_err_deg: 0.983
Epoch: [17/23], Batch: 500/2963, Loss: 48.101, Trans_L2_m: 0.520, Yaw_err_deg: 0.563
Epoch: [17/23], Batch: 510/2963, Loss: 59.269, Trans_L2_m: 0.443, Yaw_err_deg: 1.047
Epoch: [17/23], Batch: 520/2963, Loss: 55.768, Trans_L2_m: 0.450, Yaw_err_deg: 1.007
Epoch: [17/23], Batch: 530/2963, Loss: 45.690, Trans_L2_m: 0.362, Yaw_err_deg: 0.576
Epoch: [17/23], Batch: 540/2963, Loss: 45.844, Trans_L2_m: 0.415, Yaw_err_deg: 0.541
Epoch: [17/23], Batch: 550/2963, Loss: 54.950, Trans_L2_m: 0.385, Yaw_err_deg: 1.102
Epoch: [17/23], Batch: 560/2963, Loss: 61.320, Trans_L2_m: 0.398, Yaw_err_deg: 1.399
Epoch: [17/23], Batch: 570/2963, Loss: 49.797, Trans_L2_m: 0.555, Yaw_err_deg: 0.893
Epoch: [17/23], Batch: 580/2963, Loss: 49.300, Trans_L2_m: 0.392, Yaw_err_deg: 0.896
Epoch: [17/23], Batch: 590/2963, Loss: 50.977, Trans_L2_m: 0.458, Yaw_err_deg: 0.859
Epoch: [17/23], Batch: 600/2963, Loss: 48.977, Trans_L2_m: 0.474, Yaw_err_deg: 0.808
Epoch: [17/23], Batch: 610/2963, Loss: 57.223, Trans_L2_m: 0.476, Yaw_err_deg: 0.896
Epoch: [17/23], Batch: 620/2963, Loss: 62.075, Trans_L2_m: 0.586, Yaw_err_deg: 1.211
Epoch: [17/23], Batch: 630/2963, Loss: 70.164, Trans_L2_m: 0.471, Yaw_err_deg: 1.505
Epoch: [17/23], Batch: 640/2963, Loss: 46.312, Trans_L2_m: 0.439, Yaw_err_deg: 0.764
Epoch: [17/23], Batch: 650/2963, Loss: 53.466, Trans_L2_m: 0.423, Yaw_err_deg: 0.787
Epoch: [17/23], Batch: 660/2963, Loss: 51.556, Trans_L2_m: 0.542, Yaw_err_deg: 0.674
Epoch: [17/23], Batch: 670/2963, Loss: 47.959, Trans_L2_m: 0.497, Yaw_err_deg: 0.651
Epoch: [17/23], Batch: 680/2963, Loss: 56.486, Trans_L2_m: 0.365, Yaw_err_deg: 1.158
Epoch: [17/23], Batch: 690/2963, Loss: 56.061, Trans_L2_m: 0.525, Yaw_err_deg: 0.956
Epoch: [17/23], Batch: 700/2963, Loss: 60.295, Trans_L2_m: 0.401, Yaw_err_deg: 0.937
Epoch: [17/23], Batch: 710/2963, Loss: 42.992, Trans_L2_m: 0.383, Yaw_err_deg: 0.798
Epoch: [17/23], Batch: 720/2963, Loss: 42.109, Trans_L2_m: 0.323, Yaw_err_deg: 0.611
Epoch: [17/23], Batch: 730/2963, Loss: 46.102, Trans_L2_m: 0.249, Yaw_err_deg: 0.761
Epoch: [17/23], Batch: 740/2963, Loss: 45.322, Trans_L2_m: 0.279, Yaw_err_deg: 0.906
Epoch: [17/23], Batch: 750/2963, Loss: 54.850, Trans_L2_m: 0.335, Yaw_err_deg: 1.295
Epoch: [17/23], Batch: 760/2963, Loss: 46.486, Trans_L2_m: 0.405, Yaw_err_deg: 0.922
Epoch: [17/23], Batch: 770/2963, Loss: 50.574, Trans_L2_m: 0.498, Yaw_err_deg: 0.707
Epoch: [17/23], Batch: 780/2963, Loss: 61.198, Trans_L2_m: 0.371, Yaw_err_deg: 1.083
Epoch: [17/23], Batch: 790/2963, Loss: 52.234, Trans_L2_m: 0.288, Yaw_err_deg: 0.583
Epoch: [17/23], Batch: 800/2963, Loss: 46.967, Trans_L2_m: 0.483, Yaw_err_deg: 0.662
Epoch: [17/23], Batch: 810/2963, Loss: 49.391, Trans_L2_m: 0.489, Yaw_err_deg: 0.754
Epoch: [17/23], Batch: 820/2963, Loss: 44.688, Trans_L2_m: 0.350, Yaw_err_deg: 0.893
Epoch: [17/23], Batch: 830/2963, Loss: 55.114, Trans_L2_m: 0.288, Yaw_err_deg: 0.959
Epoch: [17/23], Batch: 840/2963, Loss: 48.882, Trans_L2_m: 0.431, Yaw_err_deg: 0.660
Epoch: [17/23], Batch: 850/2963, Loss: 42.275, Trans_L2_m: 0.301, Yaw_err_deg: 0.448
Epoch: [17/23], Batch: 860/2963, Loss: 51.437, Trans_L2_m: 0.384, Yaw_err_deg: 0.667
Epoch: [17/23], Batch: 870/2963, Loss: 47.975, Trans_L2_m: 0.420, Yaw_err_deg: 0.917
Epoch: [17/23], Batch: 880/2963, Loss: 53.832, Trans_L2_m: 0.314, Yaw_err_deg: 0.967
Epoch: [17/23], Batch: 890/2963, Loss: 50.413, Trans_L2_m: 0.365, Yaw_err_deg: 0.878
Epoch: [17/23], Batch: 900/2963, Loss: 56.880, Trans_L2_m: 0.429, Yaw_err_deg: 1.023
Epoch: [17/23], Batch: 910/2963, Loss: 46.237, Trans_L2_m: 0.360, Yaw_err_deg: 0.787
Epoch: [17/23], Batch: 920/2963, Loss: 51.349, Trans_L2_m: 0.273, Yaw_err_deg: 1.099
Epoch: [17/23], Batch: 930/2963, Loss: 49.392, Trans_L2_m: 0.366, Yaw_err_deg: 1.033
Epoch: [17/23], Batch: 940/2963, Loss: 55.400, Trans_L2_m: 0.278, Yaw_err_deg: 1.030
Epoch: [17/23], Batch: 950/2963, Loss: 45.524, Trans_L2_m: 0.467, Yaw_err_deg: 0.853
Epoch: [17/23], Batch: 960/2963, Loss: 42.420, Trans_L2_m: 0.431, Yaw_err_deg: 0.652
Epoch: [17/23], Batch: 970/2963, Loss: 52.366, Trans_L2_m: 0.466, Yaw_err_deg: 0.899
Epoch: [17/23], Batch: 980/2963, Loss: 53.338, Trans_L2_m: 0.332, Yaw_err_deg: 1.167
Epoch: [17/23], Batch: 990/2963, Loss: 53.963, Trans_L2_m: 0.405, Yaw_err_deg: 1.016
Epoch: [17/23], Batch: 1000/2963, Loss: 61.155, Trans_L2_m: 0.498, Yaw_err_deg: 1.214
Epoch: [17/23], Batch: 1010/2963, Loss: 52.185, Trans_L2_m: 0.359, Yaw_err_deg: 0.786
Epoch: [17/23], Batch: 1020/2963, Loss: 48.497, Trans_L2_m: 0.489, Yaw_err_deg: 0.918
Epoch: [17/23], Batch: 1030/2963, Loss: 58.147, Trans_L2_m: 0.322, Yaw_err_deg: 0.923
Epoch: [17/23], Batch: 1040/2963, Loss: 51.954, Trans_L2_m: 0.423, Yaw_err_deg: 0.889
Epoch: [17/23], Batch: 1050/2963, Loss: 47.437, Trans_L2_m: 0.464, Yaw_err_deg: 0.622
Epoch: [17/23], Batch: 1060/2963, Loss: 47.460, Trans_L2_m: 0.440, Yaw_err_deg: 0.726
Epoch: [17/23], Batch: 1070/2963, Loss: 50.658, Trans_L2_m: 0.398, Yaw_err_deg: 0.480
Epoch: [17/23], Batch: 1080/2963, Loss: 50.731, Trans_L2_m: 0.406, Yaw_err_deg: 0.516
Epoch: [17/23], Batch: 1090/2963, Loss: 56.556, Trans_L2_m: 0.373, Yaw_err_deg: 1.111
Epoch: [17/23], Batch: 1100/2963, Loss: 49.822, Trans_L2_m: 0.315, Yaw_err_deg: 1.201
Epoch: [17/23], Batch: 1110/2963, Loss: 49.606, Trans_L2_m: 0.297, Yaw_err_deg: 0.963
Epoch: [17/23], Batch: 1120/2963, Loss: 42.510, Trans_L2_m: 0.280, Yaw_err_deg: 0.722
Epoch: [17/23], Batch: 1130/2963, Loss: 67.341, Trans_L2_m: 0.330, Yaw_err_deg: 1.565
Epoch: [17/23], Batch: 1140/2963, Loss: 45.002, Trans_L2_m: 0.403, Yaw_err_deg: 0.729
Epoch: [17/23], Batch: 1150/2963, Loss: 45.859, Trans_L2_m: 0.295, Yaw_err_deg: 0.926
Epoch: [17/23], Batch: 1160/2963, Loss: 59.730, Trans_L2_m: 0.505, Yaw_err_deg: 0.906
Epoch: [17/23], Batch: 1170/2963, Loss: 56.911, Trans_L2_m: 0.454, Yaw_err_deg: 1.175
Epoch: [17/23], Batch: 1180/2963, Loss: 51.029, Trans_L2_m: 0.314, Yaw_err_deg: 1.138
Epoch: [17/23], Batch: 1190/2963, Loss: 45.438, Trans_L2_m: 0.318, Yaw_err_deg: 0.980
Epoch: [17/23], Batch: 1200/2963, Loss: 54.448, Trans_L2_m: 0.359, Yaw_err_deg: 1.315
Epoch: [17/23], Batch: 1210/2963, Loss: 41.604, Trans_L2_m: 0.406, Yaw_err_deg: 0.732
Epoch: [17/23], Batch: 1220/2963, Loss: 51.362, Trans_L2_m: 0.438, Yaw_err_deg: 0.802
Epoch: [17/23], Batch: 1230/2963, Loss: 50.131, Trans_L2_m: 0.440, Yaw_err_deg: 0.830
Epoch: [17/23], Batch: 1240/2963, Loss: 49.475, Trans_L2_m: 0.450, Yaw_err_deg: 0.637
Epoch: [17/23], Batch: 1250/2963, Loss: 42.154, Trans_L2_m: 0.346, Yaw_err_deg: 0.715
Epoch: [17/23], Batch: 1260/2963, Loss: 44.490, Trans_L2_m: 0.376, Yaw_err_deg: 0.744
Epoch: [17/23], Batch: 1270/2963, Loss: 48.683, Trans_L2_m: 0.440, Yaw_err_deg: 0.843
Epoch: [17/23], Batch: 1280/2963, Loss: 52.352, Trans_L2_m: 0.408, Yaw_err_deg: 0.960
Epoch: [17/23], Batch: 1290/2963, Loss: 56.464, Trans_L2_m: 0.388, Yaw_err_deg: 0.762
Epoch: [17/23], Batch: 1300/2963, Loss: 45.768, Trans_L2_m: 0.464, Yaw_err_deg: 0.841
Epoch: [17/23], Batch: 1310/2963, Loss: 46.708, Trans_L2_m: 0.509, Yaw_err_deg: 0.617
Epoch: [17/23], Batch: 1320/2963, Loss: 55.084, Trans_L2_m: 0.389, Yaw_err_deg: 1.371
Epoch: [17/23], Batch: 1330/2963, Loss: 51.816, Trans_L2_m: 0.544, Yaw_err_deg: 0.792
Epoch: [17/23], Batch: 1340/2963, Loss: 57.895, Trans_L2_m: 0.431, Yaw_err_deg: 1.168
Epoch: [17/23], Batch: 1350/2963, Loss: 54.169, Trans_L2_m: 0.525, Yaw_err_deg: 1.099
Epoch: [17/23], Batch: 1360/2963, Loss: 50.684, Trans_L2_m: 0.445, Yaw_err_deg: 0.982
Epoch: [17/23], Batch: 1370/2963, Loss: 47.893, Trans_L2_m: 0.389, Yaw_err_deg: 0.867
Epoch: [17/23], Batch: 1380/2963, Loss: 45.744, Trans_L2_m: 0.490, Yaw_err_deg: 0.544
Epoch: [17/23], Batch: 1390/2963, Loss: 43.799, Trans_L2_m: 0.452, Yaw_err_deg: 0.392
Epoch: [17/23], Batch: 1400/2963, Loss: 48.235, Trans_L2_m: 0.397, Yaw_err_deg: 0.861
Epoch: [17/23], Batch: 1410/2963, Loss: 71.110, Trans_L2_m: 0.556, Yaw_err_deg: 1.319
Epoch: [17/23], Batch: 1420/2963, Loss: 60.867, Trans_L2_m: 0.501, Yaw_err_deg: 1.211
Epoch: [17/23], Batch: 1430/2963, Loss: 53.066, Trans_L2_m: 0.331, Yaw_err_deg: 1.282
Epoch: [17/23], Batch: 1440/2963, Loss: 50.967, Trans_L2_m: 0.352, Yaw_err_deg: 0.981
Epoch: [17/23], Batch: 1450/2963, Loss: 49.164, Trans_L2_m: 0.479, Yaw_err_deg: 0.917
Epoch: [17/23], Batch: 1460/2963, Loss: 48.245, Trans_L2_m: 0.370, Yaw_err_deg: 0.892
Epoch: [17/23], Batch: 1470/2963, Loss: 51.625, Trans_L2_m: 0.516, Yaw_err_deg: 0.755
Epoch: [17/23], Batch: 1480/2963, Loss: 50.723, Trans_L2_m: 0.401, Yaw_err_deg: 0.727
Epoch: [17/23], Batch: 1490/2963, Loss: 45.558, Trans_L2_m: 0.275, Yaw_err_deg: 0.805
Epoch: [17/23], Batch: 1500/2963, Loss: 56.268, Trans_L2_m: 0.436, Yaw_err_deg: 0.971
Epoch: [17/23], Batch: 1510/2963, Loss: 57.322, Trans_L2_m: 0.317, Yaw_err_deg: 1.344
Epoch: [17/23], Batch: 1520/2963, Loss: 52.184, Trans_L2_m: 0.442, Yaw_err_deg: 0.997
Epoch: [17/23], Batch: 1530/2963, Loss: 40.735, Trans_L2_m: 0.286, Yaw_err_deg: 0.702
Epoch: [17/23], Batch: 1540/2963, Loss: 45.224, Trans_L2_m: 0.525, Yaw_err_deg: 0.731
Epoch: [17/23], Batch: 1550/2963, Loss: 39.953, Trans_L2_m: 0.331, Yaw_err_deg: 0.792
Epoch: [17/23], Batch: 1560/2963, Loss: 48.180, Trans_L2_m: 0.329, Yaw_err_deg: 0.790
Epoch: [17/23], Batch: 1570/2963, Loss: 46.613, Trans_L2_m: 0.394, Yaw_err_deg: 0.870
Epoch: [17/23], Batch: 1580/2963, Loss: 51.596, Trans_L2_m: 0.395, Yaw_err_deg: 1.077
Epoch: [17/23], Batch: 1590/2963, Loss: 59.113, Trans_L2_m: 0.391, Yaw_err_deg: 1.202
Epoch: [17/23], Batch: 1600/2963, Loss: 57.211, Trans_L2_m: 0.268, Yaw_err_deg: 1.310
Epoch: [17/23], Batch: 1610/2963, Loss: 59.871, Trans_L2_m: 0.420, Yaw_err_deg: 1.225
Epoch: [17/23], Batch: 1620/2963, Loss: 61.046, Trans_L2_m: 0.408, Yaw_err_deg: 1.089
Epoch: [17/23], Batch: 1630/2963, Loss: 53.072, Trans_L2_m: 0.364, Yaw_err_deg: 1.167
Epoch: [17/23], Batch: 1640/2963, Loss: 57.521, Trans_L2_m: 0.352, Yaw_err_deg: 1.268
Epoch: [17/23], Batch: 1650/2963, Loss: 51.939, Trans_L2_m: 0.328, Yaw_err_deg: 0.885
Epoch: [17/23], Batch: 1660/2963, Loss: 48.448, Trans_L2_m: 0.401, Yaw_err_deg: 0.875
Epoch: [17/23], Batch: 1670/2963, Loss: 48.263, Trans_L2_m: 0.430, Yaw_err_deg: 1.019
Epoch: [17/23], Batch: 1680/2963, Loss: 46.479, Trans_L2_m: 0.453, Yaw_err_deg: 0.681
Epoch: [17/23], Batch: 1690/2963, Loss: 48.521, Trans_L2_m: 0.365, Yaw_err_deg: 0.821
Epoch: [17/23], Batch: 1700/2963, Loss: 47.834, Trans_L2_m: 0.295, Yaw_err_deg: 0.859
Epoch: [17/23], Batch: 1710/2963, Loss: 57.706, Trans_L2_m: 0.438, Yaw_err_deg: 1.363
Epoch: [17/23], Batch: 1720/2963, Loss: 54.408, Trans_L2_m: 0.375, Yaw_err_deg: 0.877
Epoch: [17/23], Batch: 1730/2963, Loss: 50.664, Trans_L2_m: 0.326, Yaw_err_deg: 0.919
Epoch: [17/23], Batch: 1740/2963, Loss: 52.611, Trans_L2_m: 0.351, Yaw_err_deg: 0.937
Epoch: [17/23], Batch: 1750/2963, Loss: 49.774, Trans_L2_m: 0.390, Yaw_err_deg: 0.795
Epoch: [17/23], Batch: 1760/2963, Loss: 57.429, Trans_L2_m: 0.266, Yaw_err_deg: 1.396
Epoch: [17/23], Batch: 1770/2963, Loss: 50.509, Trans_L2_m: 0.415, Yaw_err_deg: 0.712
Epoch: [17/23], Batch: 1780/2963, Loss: 45.204, Trans_L2_m: 0.391, Yaw_err_deg: 0.829
Epoch: [17/23], Batch: 1790/2963, Loss: 43.549, Trans_L2_m: 0.307, Yaw_err_deg: 0.698
Epoch: [17/23], Batch: 1800/2963, Loss: 49.906, Trans_L2_m: 0.451, Yaw_err_deg: 0.879
Epoch: [17/23], Batch: 1810/2963, Loss: 40.375, Trans_L2_m: 0.270, Yaw_err_deg: 0.675
Epoch: [17/23], Batch: 1820/2963, Loss: 68.387, Trans_L2_m: 0.474, Yaw_err_deg: 1.705
Epoch: [17/23], Batch: 1830/2963, Loss: 46.326, Trans_L2_m: 0.450, Yaw_err_deg: 0.794
Epoch: [17/23], Batch: 1840/2963, Loss: 95.610, Trans_L2_m: 0.258, Yaw_err_deg: 1.524
Epoch: [17/23], Batch: 1850/2963, Loss: 49.698, Trans_L2_m: 0.482, Yaw_err_deg: 0.847
Epoch: [17/23], Batch: 1860/2963, Loss: 47.914, Trans_L2_m: 0.453, Yaw_err_deg: 0.755
Epoch: [17/23], Batch: 1870/2963, Loss: 42.729, Trans_L2_m: 0.311, Yaw_err_deg: 0.765
Epoch: [17/23], Batch: 1880/2963, Loss: 45.833, Trans_L2_m: 0.362, Yaw_err_deg: 0.769
Epoch: [17/23], Batch: 1890/2963, Loss: 50.568, Trans_L2_m: 0.459, Yaw_err_deg: 0.940
Epoch: [17/23], Batch: 1900/2963, Loss: 47.258, Trans_L2_m: 0.426, Yaw_err_deg: 0.819
Epoch: [17/23], Batch: 1910/2963, Loss: 52.991, Trans_L2_m: 0.336, Yaw_err_deg: 1.062
Epoch: [17/23], Batch: 1920/2963, Loss: 77.389, Trans_L2_m: 0.475, Yaw_err_deg: 1.650
Epoch: [17/23], Batch: 1930/2963, Loss: 52.411, Trans_L2_m: 0.410, Yaw_err_deg: 1.036
Epoch: [17/23], Batch: 1940/2963, Loss: 42.744, Trans_L2_m: 0.420, Yaw_err_deg: 0.670
Epoch: [17/23], Batch: 1950/2963, Loss: 42.318, Trans_L2_m: 0.398, Yaw_err_deg: 0.558
Epoch: [17/23], Batch: 1960/2963, Loss: 45.859, Trans_L2_m: 0.299, Yaw_err_deg: 0.636
Epoch: [17/23], Batch: 1970/2963, Loss: 46.319, Trans_L2_m: 0.360, Yaw_err_deg: 0.686
Epoch: [17/23], Batch: 1980/2963, Loss: 47.177, Trans_L2_m: 0.478, Yaw_err_deg: 0.695
Epoch: [17/23], Batch: 1990/2963, Loss: 49.719, Trans_L2_m: 0.350, Yaw_err_deg: 0.830
Epoch: [17/23], Batch: 2000/2963, Loss: 44.319, Trans_L2_m: 0.397, Yaw_err_deg: 0.761
Epoch: [17/23], Batch: 2010/2963, Loss: 58.421, Trans_L2_m: 0.439, Yaw_err_deg: 1.009
Epoch: [17/23], Batch: 2020/2963, Loss: 59.387, Trans_L2_m: 0.520, Yaw_err_deg: 1.045
Epoch: [17/23], Batch: 2030/2963, Loss: 49.051, Trans_L2_m: 0.462, Yaw_err_deg: 0.701
Epoch: [17/23], Batch: 2040/2963, Loss: 46.756, Trans_L2_m: 0.343, Yaw_err_deg: 1.015
Epoch: [17/23], Batch: 2050/2963, Loss: 69.045, Trans_L2_m: 0.454, Yaw_err_deg: 1.310
Epoch: [17/23], Batch: 2060/2963, Loss: 51.477, Trans_L2_m: 0.413, Yaw_err_deg: 0.984
Epoch: [17/23], Batch: 2070/2963, Loss: 47.215, Trans_L2_m: 0.442, Yaw_err_deg: 0.842
Epoch: [17/23], Batch: 2080/2963, Loss: 46.318, Trans_L2_m: 0.407, Yaw_err_deg: 0.686
Epoch: [17/23], Batch: 2090/2963, Loss: 51.529, Trans_L2_m: 0.451, Yaw_err_deg: 1.008
Epoch: [17/23], Batch: 2100/2963, Loss: 49.305, Trans_L2_m: 0.484, Yaw_err_deg: 0.851
Epoch: [17/23], Batch: 2110/2963, Loss: 48.721, Trans_L2_m: 0.317, Yaw_err_deg: 1.029
Epoch: [17/23], Batch: 2120/2963, Loss: 39.911, Trans_L2_m: 0.334, Yaw_err_deg: 0.559
Epoch: [17/23], Batch: 2130/2963, Loss: 50.725, Trans_L2_m: 0.330, Yaw_err_deg: 0.997
Epoch: [17/23], Batch: 2140/2963, Loss: 52.283, Trans_L2_m: 0.514, Yaw_err_deg: 0.749
Epoch: [17/23], Batch: 2150/2963, Loss: 59.369, Trans_L2_m: 0.460, Yaw_err_deg: 1.436
Epoch: [17/23], Batch: 2160/2963, Loss: 49.439, Trans_L2_m: 0.452, Yaw_err_deg: 0.540
Epoch: [17/23], Batch: 2170/2963, Loss: 45.846, Trans_L2_m: 0.412, Yaw_err_deg: 0.741
Epoch: [17/23], Batch: 2180/2963, Loss: 45.178, Trans_L2_m: 0.359, Yaw_err_deg: 0.745
Epoch: [17/23], Batch: 2190/2963, Loss: 52.537, Trans_L2_m: 0.555, Yaw_err_deg: 0.565
Epoch: [17/23], Batch: 2200/2963, Loss: 47.011, Trans_L2_m: 0.434, Yaw_err_deg: 0.885
Epoch: [17/23], Batch: 2210/2963, Loss: 40.906, Trans_L2_m: 0.396, Yaw_err_deg: 0.595
Epoch: [17/23], Batch: 2220/2963, Loss: 44.912, Trans_L2_m: 0.335, Yaw_err_deg: 0.671
Epoch: [17/23], Batch: 2230/2963, Loss: 49.705, Trans_L2_m: 0.441, Yaw_err_deg: 0.960
Epoch: [17/23], Batch: 2240/2963, Loss: 46.181, Trans_L2_m: 0.364, Yaw_err_deg: 0.732
Epoch: [17/23], Batch: 2250/2963, Loss: 50.794, Trans_L2_m: 0.415, Yaw_err_deg: 1.046
Epoch: [17/23], Batch: 2260/2963, Loss: 41.386, Trans_L2_m: 0.452, Yaw_err_deg: 0.541
Epoch: [17/23], Batch: 2270/2963, Loss: 48.297, Trans_L2_m: 0.384, Yaw_err_deg: 1.112
Epoch: [17/23], Batch: 2280/2963, Loss: 54.757, Trans_L2_m: 0.596, Yaw_err_deg: 0.895
Epoch: [17/23], Batch: 2290/2963, Loss: 63.756, Trans_L2_m: 0.319, Yaw_err_deg: 1.373
Epoch: [17/23], Batch: 2300/2963, Loss: 52.523, Trans_L2_m: 0.513, Yaw_err_deg: 0.873
Epoch: [17/23], Batch: 2310/2963, Loss: 46.712, Trans_L2_m: 0.345, Yaw_err_deg: 0.818
Epoch: [17/23], Batch: 2320/2963, Loss: 49.517, Trans_L2_m: 0.367, Yaw_err_deg: 0.993
Epoch: [17/23], Batch: 2330/2963, Loss: 44.416, Trans_L2_m: 0.330, Yaw_err_deg: 0.554
Epoch: [17/23], Batch: 2340/2963, Loss: 50.796, Trans_L2_m: 0.366, Yaw_err_deg: 0.953
Epoch: [17/23], Batch: 2350/2963, Loss: 48.318, Trans_L2_m: 0.470, Yaw_err_deg: 0.979
Epoch: [17/23], Batch: 2360/2963, Loss: 56.985, Trans_L2_m: 0.478, Yaw_err_deg: 0.954
Epoch: [17/23], Batch: 2370/2963, Loss: 50.268, Trans_L2_m: 0.453, Yaw_err_deg: 0.897
Epoch: [17/23], Batch: 2380/2963, Loss: 51.793, Trans_L2_m: 0.415, Yaw_err_deg: 1.021
Epoch: [17/23], Batch: 2390/2963, Loss: 47.907, Trans_L2_m: 0.431, Yaw_err_deg: 0.536
Epoch: [17/23], Batch: 2400/2963, Loss: 49.221, Trans_L2_m: 0.519, Yaw_err_deg: 0.490
Epoch: [17/23], Batch: 2410/2963, Loss: 67.469, Trans_L2_m: 0.312, Yaw_err_deg: 1.430
Epoch: [17/23], Batch: 2420/2963, Loss: 45.914, Trans_L2_m: 0.460, Yaw_err_deg: 0.624
Epoch: [17/23], Batch: 2430/2963, Loss: 46.864, Trans_L2_m: 0.315, Yaw_err_deg: 0.914
Epoch: [17/23], Batch: 2440/2963, Loss: 50.612, Trans_L2_m: 0.395, Yaw_err_deg: 0.987
Epoch: [17/23], Batch: 2450/2963, Loss: 54.482, Trans_L2_m: 0.634, Yaw_err_deg: 0.812
Epoch: [17/23], Batch: 2460/2963, Loss: 44.509, Trans_L2_m: 0.328, Yaw_err_deg: 0.948
Epoch: [17/23], Batch: 2470/2963, Loss: 72.899, Trans_L2_m: 0.419, Yaw_err_deg: 1.646
Epoch: [17/23], Batch: 2480/2963, Loss: 52.752, Trans_L2_m: 0.461, Yaw_err_deg: 1.049
Epoch: [17/23], Batch: 2490/2963, Loss: 47.006, Trans_L2_m: 0.451, Yaw_err_deg: 0.776
Epoch: [17/23], Batch: 2500/2963, Loss: 48.024, Trans_L2_m: 0.377, Yaw_err_deg: 0.679
Epoch: [17/23], Batch: 2510/2963, Loss: 54.676, Trans_L2_m: 0.497, Yaw_err_deg: 0.933
Epoch: [17/23], Batch: 2520/2963, Loss: 42.081, Trans_L2_m: 0.324, Yaw_err_deg: 0.559
Epoch: [17/23], Batch: 2530/2963, Loss: 46.104, Trans_L2_m: 0.306, Yaw_err_deg: 0.896
Epoch: [17/23], Batch: 2540/2963, Loss: 48.153, Trans_L2_m: 0.465, Yaw_err_deg: 0.854
Epoch: [17/23], Batch: 2550/2963, Loss: 52.494, Trans_L2_m: 0.472, Yaw_err_deg: 1.008
Epoch: [17/23], Batch: 2560/2963, Loss: 42.844, Trans_L2_m: 0.331, Yaw_err_deg: 0.572
Epoch: [17/23], Batch: 2570/2963, Loss: 48.301, Trans_L2_m: 0.292, Yaw_err_deg: 1.010
Epoch: [17/23], Batch: 2580/2963, Loss: 42.961, Trans_L2_m: 0.377, Yaw_err_deg: 0.887
Epoch: [17/23], Batch: 2590/2963, Loss: 49.850, Trans_L2_m: 0.384, Yaw_err_deg: 0.944
Epoch: [17/23], Batch: 2600/2963, Loss: 52.230, Trans_L2_m: 0.428, Yaw_err_deg: 1.076
Epoch: [17/23], Batch: 2610/2963, Loss: 49.061, Trans_L2_m: 0.392, Yaw_err_deg: 0.752
Epoch: [17/23], Batch: 2620/2963, Loss: 52.885, Trans_L2_m: 0.325, Yaw_err_deg: 1.027
Epoch: [17/23], Batch: 2630/2963, Loss: 49.072, Trans_L2_m: 0.311, Yaw_err_deg: 0.921
Epoch: [17/23], Batch: 2640/2963, Loss: 47.504, Trans_L2_m: 0.414, Yaw_err_deg: 0.428
Epoch: [17/23], Batch: 2650/2963, Loss: 49.458, Trans_L2_m: 0.454, Yaw_err_deg: 0.947
Epoch: [17/23], Batch: 2660/2963, Loss: 51.234, Trans_L2_m: 0.413, Yaw_err_deg: 0.793
Epoch: [17/23], Batch: 2670/2963, Loss: 52.238, Trans_L2_m: 0.492, Yaw_err_deg: 0.912
Epoch: [17/23], Batch: 2680/2963, Loss: 53.036, Trans_L2_m: 0.388, Yaw_err_deg: 1.045
Epoch: [17/23], Batch: 2690/2963, Loss: 41.351, Trans_L2_m: 0.383, Yaw_err_deg: 0.629
Epoch: [17/23], Batch: 2700/2963, Loss: 48.640, Trans_L2_m: 0.412, Yaw_err_deg: 0.810
Epoch: [17/23], Batch: 2710/2963, Loss: 53.300, Trans_L2_m: 0.450, Yaw_err_deg: 1.010
Epoch: [17/23], Batch: 2720/2963, Loss: 55.702, Trans_L2_m: 0.529, Yaw_err_deg: 0.903
Epoch: [17/23], Batch: 2730/2963, Loss: 46.685, Trans_L2_m: 0.494, Yaw_err_deg: 0.784
Epoch: [17/23], Batch: 2740/2963, Loss: 54.569, Trans_L2_m: 0.394, Yaw_err_deg: 1.034
Epoch: [17/23], Batch: 2750/2963, Loss: 48.381, Trans_L2_m: 0.428, Yaw_err_deg: 1.068
Epoch: [17/23], Batch: 2760/2963, Loss: 46.868, Trans_L2_m: 0.376, Yaw_err_deg: 0.878
Epoch: [17/23], Batch: 2770/2963, Loss: 47.089, Trans_L2_m: 0.336, Yaw_err_deg: 0.823
Epoch: [17/23], Batch: 2780/2963, Loss: 46.847, Trans_L2_m: 0.466, Yaw_err_deg: 0.630
Epoch: [17/23], Batch: 2790/2963, Loss: 46.632, Trans_L2_m: 0.463, Yaw_err_deg: 0.705
Epoch: [17/23], Batch: 2800/2963, Loss: 47.130, Trans_L2_m: 0.357, Yaw_err_deg: 0.818
Epoch: [17/23], Batch: 2810/2963, Loss: 61.389, Trans_L2_m: 0.367, Yaw_err_deg: 1.348
Epoch: [17/23], Batch: 2820/2963, Loss: 47.189, Trans_L2_m: 0.389, Yaw_err_deg: 0.668
Epoch: [17/23], Batch: 2830/2963, Loss: 50.057, Trans_L2_m: 0.458, Yaw_err_deg: 0.583
Epoch: [17/23], Batch: 2840/2963, Loss: 43.495, Trans_L2_m: 0.292, Yaw_err_deg: 0.790
Epoch: [17/23], Batch: 2850/2963, Loss: 40.481, Trans_L2_m: 0.274, Yaw_err_deg: 0.692
Epoch: [17/23], Batch: 2860/2963, Loss: 41.986, Trans_L2_m: 0.295, Yaw_err_deg: 0.690
Epoch: [17/23], Batch: 2870/2963, Loss: 45.298, Trans_L2_m: 0.519, Yaw_err_deg: 0.676
Epoch: [17/23], Batch: 2880/2963, Loss: 51.195, Trans_L2_m: 0.384, Yaw_err_deg: 0.893
Epoch: [17/23], Batch: 2890/2963, Loss: 49.393, Trans_L2_m: 0.305, Yaw_err_deg: 1.178
Epoch: [17/23], Batch: 2900/2963, Loss: 46.147, Trans_L2_m: 0.398, Yaw_err_deg: 0.913
Epoch: [17/23], Batch: 2910/2963, Loss: 45.368, Trans_L2_m: 0.436, Yaw_err_deg: 0.609
Epoch: [17/23], Batch: 2920/2963, Loss: 48.292, Trans_L2_m: 0.407, Yaw_err_deg: 0.846
Epoch: [17/23], Batch: 2930/2963, Loss: 56.883, Trans_L2_m: 0.448, Yaw_err_deg: 1.403
Epoch: [17/23], Batch: 2940/2963, Loss: 53.767, Trans_L2_m: 0.362, Yaw_err_deg: 0.889
Epoch: [17/23], Batch: 2950/2963, Loss: 41.994, Trans_L2_m: 0.352, Yaw_err_deg: 0.569
Epoch: [17/23], Batch: 2960/2963, Loss: 54.965, Trans_L2_m: 0.474, Yaw_err_deg: 1.039
Validation loss (homography): 833.3299
Avg batch time: 981.71 ms, total: 318.583 s
[1;91mVal has no improvement vs 832.5582885742188![0m
Epoch: [18/23], Batch: 0/2963, Loss: 48.287, Trans_L2_m: 0.307, Yaw_err_deg: 0.914
Epoch: [18/23], Batch: 10/2963, Loss: 53.258, Trans_L2_m: 0.527, Yaw_err_deg: 1.027
Epoch: [18/23], Batch: 20/2963, Loss: 51.393, Trans_L2_m: 0.460, Yaw_err_deg: 0.779
Epoch: [18/23], Batch: 30/2963, Loss: 44.581, Trans_L2_m: 0.470, Yaw_err_deg: 0.637
Epoch: [18/23], Batch: 40/2963, Loss: 44.375, Trans_L2_m: 0.376, Yaw_err_deg: 0.841
Epoch: [18/23], Batch: 50/2963, Loss: 56.659, Trans_L2_m: 0.446, Yaw_err_deg: 1.350
Epoch: [18/23], Batch: 60/2963, Loss: 50.008, Trans_L2_m: 0.516, Yaw_err_deg: 0.849
Epoch: [18/23], Batch: 70/2963, Loss: 57.507, Trans_L2_m: 0.556, Yaw_err_deg: 0.978
Epoch: [18/23], Batch: 80/2963, Loss: 44.224, Trans_L2_m: 0.472, Yaw_err_deg: 0.498
Epoch: [18/23], Batch: 90/2963, Loss: 48.663, Trans_L2_m: 0.358, Yaw_err_deg: 0.869
Epoch: [18/23], Batch: 100/2963, Loss: 52.977, Trans_L2_m: 0.434, Yaw_err_deg: 1.062
Epoch: [18/23], Batch: 110/2963, Loss: 50.296, Trans_L2_m: 0.424, Yaw_err_deg: 0.824
Epoch: [18/23], Batch: 120/2963, Loss: 51.223, Trans_L2_m: 0.403, Yaw_err_deg: 0.951
Epoch: [18/23], Batch: 130/2963, Loss: 52.496, Trans_L2_m: 0.394, Yaw_err_deg: 1.066
Epoch: [18/23], Batch: 140/2963, Loss: 47.730, Trans_L2_m: 0.249, Yaw_err_deg: 1.001
Epoch: [18/23], Batch: 150/2963, Loss: 56.610, Trans_L2_m: 0.342, Yaw_err_deg: 1.548
Epoch: [18/23], Batch: 160/2963, Loss: 59.680, Trans_L2_m: 0.333, Yaw_err_deg: 1.637
Epoch: [18/23], Batch: 170/2963, Loss: 44.074, Trans_L2_m: 0.433, Yaw_err_deg: 0.725
Epoch: [18/23], Batch: 180/2963, Loss: 48.774, Trans_L2_m: 0.284, Yaw_err_deg: 0.928
Epoch: [18/23], Batch: 190/2963, Loss: 45.991, Trans_L2_m: 0.209, Yaw_err_deg: 0.781
Epoch: [18/23], Batch: 200/2963, Loss: 51.543, Trans_L2_m: 0.389, Yaw_err_deg: 1.044
Epoch: [18/23], Batch: 210/2963, Loss: 51.917, Trans_L2_m: 0.391, Yaw_err_deg: 0.882
Epoch: [18/23], Batch: 220/2963, Loss: 53.379, Trans_L2_m: 0.395, Yaw_err_deg: 0.892
Epoch: [18/23], Batch: 230/2963, Loss: 45.425, Trans_L2_m: 0.389, Yaw_err_deg: 0.727
Epoch: [18/23], Batch: 240/2963, Loss: 49.629, Trans_L2_m: 0.472, Yaw_err_deg: 0.654
Epoch: [18/23], Batch: 250/2963, Loss: 45.758, Trans_L2_m: 0.455, Yaw_err_deg: 0.901
Epoch: [18/23], Batch: 260/2963, Loss: 53.720, Trans_L2_m: 0.486, Yaw_err_deg: 0.888
Epoch: [18/23], Batch: 270/2963, Loss: 54.193, Trans_L2_m: 0.435, Yaw_err_deg: 0.865
Epoch: [18/23], Batch: 280/2963, Loss: 59.116, Trans_L2_m: 0.331, Yaw_err_deg: 1.423
Epoch: [18/23], Batch: 290/2963, Loss: 44.184, Trans_L2_m: 0.402, Yaw_err_deg: 0.740
Epoch: [18/23], Batch: 300/2963, Loss: 54.039, Trans_L2_m: 0.316, Yaw_err_deg: 0.859
Epoch: [18/23], Batch: 310/2963, Loss: 55.369, Trans_L2_m: 0.369, Yaw_err_deg: 1.047
Epoch: [18/23], Batch: 320/2963, Loss: 46.016, Trans_L2_m: 0.404, Yaw_err_deg: 0.688
Epoch: [18/23], Batch: 330/2963, Loss: 52.801, Trans_L2_m: 0.441, Yaw_err_deg: 1.046
Epoch: [18/23], Batch: 340/2963, Loss: 44.221, Trans_L2_m: 0.328, Yaw_err_deg: 0.576
Epoch: [18/23], Batch: 350/2963, Loss: 48.983, Trans_L2_m: 0.395, Yaw_err_deg: 1.005
Epoch: [18/23], Batch: 360/2963, Loss: 45.380, Trans_L2_m: 0.386, Yaw_err_deg: 0.653
Epoch: [18/23], Batch: 370/2963, Loss: 48.660, Trans_L2_m: 0.433, Yaw_err_deg: 0.849
Epoch: [18/23], Batch: 380/2963, Loss: 80.175, Trans_L2_m: 0.383, Yaw_err_deg: 1.761
Epoch: [18/23], Batch: 390/2963, Loss: 45.175, Trans_L2_m: 0.389, Yaw_err_deg: 0.804
Epoch: [18/23], Batch: 400/2963, Loss: 49.853, Trans_L2_m: 0.350, Yaw_err_deg: 0.749
Epoch: [18/23], Batch: 410/2963, Loss: 46.903, Trans_L2_m: 0.382, Yaw_err_deg: 0.679
Epoch: [18/23], Batch: 420/2963, Loss: 46.234, Trans_L2_m: 0.443, Yaw_err_deg: 0.793
Epoch: [18/23], Batch: 430/2963, Loss: 52.682, Trans_L2_m: 0.526, Yaw_err_deg: 0.880
Epoch: [18/23], Batch: 440/2963, Loss: 41.563, Trans_L2_m: 0.283, Yaw_err_deg: 0.859
Epoch: [18/23], Batch: 450/2963, Loss: 40.378, Trans_L2_m: 0.379, Yaw_err_deg: 0.584
Epoch: [18/23], Batch: 460/2963, Loss: 71.286, Trans_L2_m: 0.404, Yaw_err_deg: 1.905
Epoch: [18/23], Batch: 470/2963, Loss: 53.649, Trans_L2_m: 0.394, Yaw_err_deg: 1.173
Epoch: [18/23], Batch: 480/2963, Loss: 50.440, Trans_L2_m: 0.292, Yaw_err_deg: 0.839
Epoch: [18/23], Batch: 490/2963, Loss: 48.080, Trans_L2_m: 0.411, Yaw_err_deg: 0.793
Epoch: [18/23], Batch: 500/2963, Loss: 52.874, Trans_L2_m: 0.340, Yaw_err_deg: 0.999
Epoch: [18/23], Batch: 510/2963, Loss: 51.802, Trans_L2_m: 0.299, Yaw_err_deg: 0.923
Epoch: [18/23], Batch: 520/2963, Loss: 53.641, Trans_L2_m: 0.307, Yaw_err_deg: 1.082
Epoch: [18/23], Batch: 530/2963, Loss: 55.952, Trans_L2_m: 0.392, Yaw_err_deg: 0.870
Epoch: [18/23], Batch: 540/2963, Loss: 43.996, Trans_L2_m: 0.379, Yaw_err_deg: 0.882
Epoch: [18/23], Batch: 550/2963, Loss: 54.338, Trans_L2_m: 0.419, Yaw_err_deg: 0.999
Epoch: [18/23], Batch: 560/2963, Loss: 57.444, Trans_L2_m: 0.274, Yaw_err_deg: 1.020
Epoch: [18/23], Batch: 570/2963, Loss: 49.739, Trans_L2_m: 0.305, Yaw_err_deg: 1.113
Epoch: [18/23], Batch: 580/2963, Loss: 46.875, Trans_L2_m: 0.313, Yaw_err_deg: 0.790
Epoch: [18/23], Batch: 590/2963, Loss: 52.996, Trans_L2_m: 0.209, Yaw_err_deg: 0.961
Epoch: [18/23], Batch: 600/2963, Loss: 51.912, Trans_L2_m: 0.329, Yaw_err_deg: 1.156
Epoch: [18/23], Batch: 610/2963, Loss: 52.679, Trans_L2_m: 0.603, Yaw_err_deg: 0.872
Epoch: [18/23], Batch: 620/2963, Loss: 44.963, Trans_L2_m: 0.307, Yaw_err_deg: 0.893
Epoch: [18/23], Batch: 630/2963, Loss: 46.547, Trans_L2_m: 0.413, Yaw_err_deg: 0.736
Epoch: [18/23], Batch: 640/2963, Loss: 46.740, Trans_L2_m: 0.407, Yaw_err_deg: 0.937
Epoch: [18/23], Batch: 650/2963, Loss: 58.891, Trans_L2_m: 0.449, Yaw_err_deg: 0.727
Epoch: [18/23], Batch: 660/2963, Loss: 80.120, Trans_L2_m: 0.532, Yaw_err_deg: 1.363
Epoch: [18/23], Batch: 670/2963, Loss: 49.544, Trans_L2_m: 0.407, Yaw_err_deg: 0.822
Epoch: [18/23], Batch: 680/2963, Loss: 47.134, Trans_L2_m: 0.476, Yaw_err_deg: 0.771
Epoch: [18/23], Batch: 690/2963, Loss: 49.096, Trans_L2_m: 0.344, Yaw_err_deg: 0.862
Epoch: [18/23], Batch: 700/2963, Loss: 52.746, Trans_L2_m: 0.569, Yaw_err_deg: 0.629
Epoch: [18/23], Batch: 710/2963, Loss: 46.290, Trans_L2_m: 0.332, Yaw_err_deg: 0.766
Epoch: [18/23], Batch: 720/2963, Loss: 43.972, Trans_L2_m: 0.303, Yaw_err_deg: 0.667
Epoch: [18/23], Batch: 730/2963, Loss: 50.855, Trans_L2_m: 0.395, Yaw_err_deg: 0.838
Epoch: [18/23], Batch: 740/2963, Loss: 51.471, Trans_L2_m: 0.396, Yaw_err_deg: 1.129
Epoch: [18/23], Batch: 750/2963, Loss: 50.705, Trans_L2_m: 0.294, Yaw_err_deg: 0.959
Epoch: [18/23], Batch: 760/2963, Loss: 46.132, Trans_L2_m: 0.354, Yaw_err_deg: 0.832
Epoch: [18/23], Batch: 770/2963, Loss: 57.802, Trans_L2_m: 0.602, Yaw_err_deg: 1.115
Epoch: [18/23], Batch: 780/2963, Loss: 44.811, Trans_L2_m: 0.321, Yaw_err_deg: 0.935
Epoch: [18/23], Batch: 790/2963, Loss: 52.374, Trans_L2_m: 0.317, Yaw_err_deg: 1.085
Epoch: [18/23], Batch: 800/2963, Loss: 48.037, Trans_L2_m: 0.370, Yaw_err_deg: 0.708
Epoch: [18/23], Batch: 810/2963, Loss: 52.842, Trans_L2_m: 0.391, Yaw_err_deg: 0.954
Epoch: [18/23], Batch: 820/2963, Loss: 46.788, Trans_L2_m: 0.464, Yaw_err_deg: 0.786
Epoch: [18/23], Batch: 830/2963, Loss: 52.190, Trans_L2_m: 0.380, Yaw_err_deg: 1.150
Epoch: [18/23], Batch: 840/2963, Loss: 52.149, Trans_L2_m: 0.455, Yaw_err_deg: 0.930
Epoch: [18/23], Batch: 850/2963, Loss: 48.368, Trans_L2_m: 0.574, Yaw_err_deg: 0.705
Epoch: [18/23], Batch: 860/2963, Loss: 45.844, Trans_L2_m: 0.400, Yaw_err_deg: 0.684
Epoch: [18/23], Batch: 870/2963, Loss: 45.503, Trans_L2_m: 0.383, Yaw_err_deg: 0.625
Epoch: [18/23], Batch: 880/2963, Loss: 44.572, Trans_L2_m: 0.418, Yaw_err_deg: 0.781
Epoch: [18/23], Batch: 890/2963, Loss: 66.077, Trans_L2_m: 0.458, Yaw_err_deg: 1.382
Epoch: [18/23], Batch: 900/2963, Loss: 55.331, Trans_L2_m: 0.487, Yaw_err_deg: 1.056
Epoch: [18/23], Batch: 910/2963, Loss: 43.983, Trans_L2_m: 0.338, Yaw_err_deg: 0.964
Epoch: [18/23], Batch: 920/2963, Loss: 47.387, Trans_L2_m: 0.369, Yaw_err_deg: 0.907
Epoch: [18/23], Batch: 930/2963, Loss: 49.660, Trans_L2_m: 0.319, Yaw_err_deg: 1.084
Epoch: [18/23], Batch: 940/2963, Loss: 52.059, Trans_L2_m: 0.423, Yaw_err_deg: 0.932
Epoch: [18/23], Batch: 950/2963, Loss: 48.414, Trans_L2_m: 0.458, Yaw_err_deg: 0.653
Epoch: [18/23], Batch: 960/2963, Loss: 57.381, Trans_L2_m: 0.419, Yaw_err_deg: 1.282
Epoch: [18/23], Batch: 970/2963, Loss: 71.374, Trans_L2_m: 0.419, Yaw_err_deg: 1.343
Epoch: [18/23], Batch: 980/2963, Loss: 41.162, Trans_L2_m: 0.374, Yaw_err_deg: 0.631
Epoch: [18/23], Batch: 990/2963, Loss: 46.662, Trans_L2_m: 0.392, Yaw_err_deg: 0.817
Epoch: [18/23], Batch: 1000/2963, Loss: 54.404, Trans_L2_m: 0.418, Yaw_err_deg: 0.672
Epoch: [18/23], Batch: 1010/2963, Loss: 59.891, Trans_L2_m: 0.439, Yaw_err_deg: 1.572
Epoch: [18/23], Batch: 1020/2963, Loss: 47.782, Trans_L2_m: 0.369, Yaw_err_deg: 0.816
Epoch: [18/23], Batch: 1030/2963, Loss: 44.278, Trans_L2_m: 0.298, Yaw_err_deg: 0.890
Epoch: [18/23], Batch: 1040/2963, Loss: 51.860, Trans_L2_m: 0.364, Yaw_err_deg: 0.846
Epoch: [18/23], Batch: 1050/2963, Loss: 44.942, Trans_L2_m: 0.427, Yaw_err_deg: 0.695
Epoch: [18/23], Batch: 1060/2963, Loss: 43.249, Trans_L2_m: 0.461, Yaw_err_deg: 0.677
Epoch: [18/23], Batch: 1070/2963, Loss: 43.481, Trans_L2_m: 0.378, Yaw_err_deg: 0.619
Epoch: [18/23], Batch: 1080/2963, Loss: 56.768, Trans_L2_m: 0.334, Yaw_err_deg: 0.999
Epoch: [18/23], Batch: 1090/2963, Loss: 51.586, Trans_L2_m: 0.437, Yaw_err_deg: 0.876
Epoch: [18/23], Batch: 1100/2963, Loss: 48.077, Trans_L2_m: 0.486, Yaw_err_deg: 1.013
Epoch: [18/23], Batch: 1110/2963, Loss: 44.945, Trans_L2_m: 0.434, Yaw_err_deg: 0.649
Epoch: [18/23], Batch: 1120/2963, Loss: 59.211, Trans_L2_m: 0.460, Yaw_err_deg: 1.226
Epoch: [18/23], Batch: 1130/2963, Loss: 51.302, Trans_L2_m: 0.450, Yaw_err_deg: 0.662
Epoch: [18/23], Batch: 1140/2963, Loss: 50.563, Trans_L2_m: 0.394, Yaw_err_deg: 0.887
Epoch: [18/23], Batch: 1150/2963, Loss: 43.335, Trans_L2_m: 0.345, Yaw_err_deg: 0.670
Epoch: [18/23], Batch: 1160/2963, Loss: 45.085, Trans_L2_m: 0.344, Yaw_err_deg: 0.472
Epoch: [18/23], Batch: 1170/2963, Loss: 55.522, Trans_L2_m: 0.319, Yaw_err_deg: 1.209
Epoch: [18/23], Batch: 1180/2963, Loss: 45.399, Trans_L2_m: 0.259, Yaw_err_deg: 1.158
Epoch: [18/23], Batch: 1190/2963, Loss: 52.190, Trans_L2_m: 0.317, Yaw_err_deg: 1.111
Epoch: [18/23], Batch: 1200/2963, Loss: 49.838, Trans_L2_m: 0.349, Yaw_err_deg: 1.031
Epoch: [18/23], Batch: 1210/2963, Loss: 54.321, Trans_L2_m: 0.408, Yaw_err_deg: 0.747
Epoch: [18/23], Batch: 1220/2963, Loss: 49.195, Trans_L2_m: 0.386, Yaw_err_deg: 0.733
Epoch: [18/23], Batch: 1230/2963, Loss: 47.687, Trans_L2_m: 0.378, Yaw_err_deg: 0.743
Epoch: [18/23], Batch: 1240/2963, Loss: 52.616, Trans_L2_m: 0.448, Yaw_err_deg: 0.928
Epoch: [18/23], Batch: 1250/2963, Loss: 53.318, Trans_L2_m: 0.346, Yaw_err_deg: 0.963
Epoch: [18/23], Batch: 1260/2963, Loss: 58.456, Trans_L2_m: 0.560, Yaw_err_deg: 1.026
Epoch: [18/23], Batch: 1270/2963, Loss: 45.654, Trans_L2_m: 0.298, Yaw_err_deg: 0.780
Epoch: [18/23], Batch: 1280/2963, Loss: 42.211, Trans_L2_m: 0.422, Yaw_err_deg: 0.613
Epoch: [18/23], Batch: 1290/2963, Loss: 51.923, Trans_L2_m: 0.519, Yaw_err_deg: 1.157
Epoch: [18/23], Batch: 1300/2963, Loss: 43.342, Trans_L2_m: 0.360, Yaw_err_deg: 0.838
Epoch: [18/23], Batch: 1310/2963, Loss: 48.780, Trans_L2_m: 0.543, Yaw_err_deg: 0.888
Epoch: [18/23], Batch: 1320/2963, Loss: 46.236, Trans_L2_m: 0.391, Yaw_err_deg: 0.804
Epoch: [18/23], Batch: 1330/2963, Loss: 51.722, Trans_L2_m: 0.414, Yaw_err_deg: 0.957
Epoch: [18/23], Batch: 1340/2963, Loss: 52.685, Trans_L2_m: 0.399, Yaw_err_deg: 1.186
Epoch: [18/23], Batch: 1350/2963, Loss: 52.024, Trans_L2_m: 0.408, Yaw_err_deg: 1.030
Epoch: [18/23], Batch: 1360/2963, Loss: 47.343, Trans_L2_m: 0.392, Yaw_err_deg: 0.543
Epoch: [18/23], Batch: 1370/2963, Loss: 65.274, Trans_L2_m: 0.465, Yaw_err_deg: 1.326
Epoch: [18/23], Batch: 1380/2963, Loss: 43.923, Trans_L2_m: 0.334, Yaw_err_deg: 0.970
Epoch: [18/23], Batch: 1390/2963, Loss: 60.375, Trans_L2_m: 0.455, Yaw_err_deg: 1.147
Epoch: [18/23], Batch: 1400/2963, Loss: 47.343, Trans_L2_m: 0.391, Yaw_err_deg: 0.821
Epoch: [18/23], Batch: 1410/2963, Loss: 43.982, Trans_L2_m: 0.367, Yaw_err_deg: 0.759
Epoch: [18/23], Batch: 1420/2963, Loss: 44.175, Trans_L2_m: 0.345, Yaw_err_deg: 0.720
Epoch: [18/23], Batch: 1430/2963, Loss: 46.137, Trans_L2_m: 0.252, Yaw_err_deg: 1.007
Epoch: [18/23], Batch: 1440/2963, Loss: 62.410, Trans_L2_m: 0.516, Yaw_err_deg: 1.035
Epoch: [18/23], Batch: 1450/2963, Loss: 47.973, Trans_L2_m: 0.459, Yaw_err_deg: 0.715
Epoch: [18/23], Batch: 1460/2963, Loss: 52.835, Trans_L2_m: 0.332, Yaw_err_deg: 1.179
Epoch: [18/23], Batch: 1470/2963, Loss: 47.804, Trans_L2_m: 0.354, Yaw_err_deg: 0.912
Epoch: [18/23], Batch: 1480/2963, Loss: 41.783, Trans_L2_m: 0.277, Yaw_err_deg: 0.691
Epoch: [18/23], Batch: 1490/2963, Loss: 43.586, Trans_L2_m: 0.306, Yaw_err_deg: 0.729
Epoch: [18/23], Batch: 1500/2963, Loss: 48.252, Trans_L2_m: 0.461, Yaw_err_deg: 0.813
Epoch: [18/23], Batch: 1510/2963, Loss: 49.133, Trans_L2_m: 0.335, Yaw_err_deg: 0.958
Epoch: [18/23], Batch: 1520/2963, Loss: 48.036, Trans_L2_m: 0.284, Yaw_err_deg: 0.882
Epoch: [18/23], Batch: 1530/2963, Loss: 60.052, Trans_L2_m: 0.427, Yaw_err_deg: 1.221
Epoch: [18/23], Batch: 1540/2963, Loss: 49.853, Trans_L2_m: 0.371, Yaw_err_deg: 0.849
Epoch: [18/23], Batch: 1550/2963, Loss: 49.997, Trans_L2_m: 0.379, Yaw_err_deg: 0.841
Epoch: [18/23], Batch: 1560/2963, Loss: 50.015, Trans_L2_m: 0.453, Yaw_err_deg: 0.958
Epoch: [18/23], Batch: 1570/2963, Loss: 46.682, Trans_L2_m: 0.271, Yaw_err_deg: 0.954
Epoch: [18/23], Batch: 1580/2963, Loss: 51.764, Trans_L2_m: 0.425, Yaw_err_deg: 1.145
Epoch: [18/23], Batch: 1590/2963, Loss: 42.292, Trans_L2_m: 0.337, Yaw_err_deg: 0.797
Epoch: [18/23], Batch: 1600/2963, Loss: 50.673, Trans_L2_m: 0.302, Yaw_err_deg: 1.220
Epoch: [18/23], Batch: 1610/2963, Loss: 50.609, Trans_L2_m: 0.457, Yaw_err_deg: 0.996
Epoch: [18/23], Batch: 1620/2963, Loss: 55.344, Trans_L2_m: 0.485, Yaw_err_deg: 1.011
Epoch: [18/23], Batch: 1630/2963, Loss: 45.710, Trans_L2_m: 0.456, Yaw_err_deg: 0.683
Epoch: [18/23], Batch: 1640/2963, Loss: 46.831, Trans_L2_m: 0.323, Yaw_err_deg: 0.809
Epoch: [18/23], Batch: 1650/2963, Loss: 52.356, Trans_L2_m: 0.367, Yaw_err_deg: 1.098
Epoch: [18/23], Batch: 1660/2963, Loss: 57.744, Trans_L2_m: 0.364, Yaw_err_deg: 1.207
Epoch: [18/23], Batch: 1670/2963, Loss: 54.573, Trans_L2_m: 0.370, Yaw_err_deg: 1.299
Epoch: [18/23], Batch: 1680/2963, Loss: 55.364, Trans_L2_m: 0.417, Yaw_err_deg: 1.064
Epoch: [18/23], Batch: 1690/2963, Loss: 46.845, Trans_L2_m: 0.438, Yaw_err_deg: 0.617
Epoch: [18/23], Batch: 1700/2963, Loss: 46.574, Trans_L2_m: 0.348, Yaw_err_deg: 0.846
Epoch: [18/23], Batch: 1710/2963, Loss: 45.854, Trans_L2_m: 0.421, Yaw_err_deg: 0.815
Epoch: [18/23], Batch: 1720/2963, Loss: 46.611, Trans_L2_m: 0.417, Yaw_err_deg: 0.798
Epoch: [18/23], Batch: 1730/2963, Loss: 60.428, Trans_L2_m: 0.358, Yaw_err_deg: 1.170
Epoch: [18/23], Batch: 1740/2963, Loss: 58.146, Trans_L2_m: 0.530, Yaw_err_deg: 0.997
Epoch: [18/23], Batch: 1750/2963, Loss: 60.586, Trans_L2_m: 0.369, Yaw_err_deg: 0.961
Epoch: [18/23], Batch: 1760/2963, Loss: 40.246, Trans_L2_m: 0.394, Yaw_err_deg: 0.509
Epoch: [18/23], Batch: 1770/2963, Loss: 52.985, Trans_L2_m: 0.434, Yaw_err_deg: 0.934
Epoch: [18/23], Batch: 1780/2963, Loss: 46.756, Trans_L2_m: 0.411, Yaw_err_deg: 0.988
Epoch: [18/23], Batch: 1790/2963, Loss: 51.234, Trans_L2_m: 0.426, Yaw_err_deg: 0.701
Epoch: [18/23], Batch: 1800/2963, Loss: 49.232, Trans_L2_m: 0.420, Yaw_err_deg: 1.021
Epoch: [18/23], Batch: 1810/2963, Loss: 49.881, Trans_L2_m: 0.438, Yaw_err_deg: 0.876
Epoch: [18/23], Batch: 1820/2963, Loss: 47.550, Trans_L2_m: 0.362, Yaw_err_deg: 0.806
Epoch: [18/23], Batch: 1830/2963, Loss: 50.147, Trans_L2_m: 0.382, Yaw_err_deg: 0.731
Epoch: [18/23], Batch: 1840/2963, Loss: 66.551, Trans_L2_m: 0.455, Yaw_err_deg: 1.513
Epoch: [18/23], Batch: 1850/2963, Loss: 55.191, Trans_L2_m: 0.409, Yaw_err_deg: 1.230
Epoch: [18/23], Batch: 1860/2963, Loss: 51.224, Trans_L2_m: 0.534, Yaw_err_deg: 0.770
Epoch: [18/23], Batch: 1870/2963, Loss: 45.347, Trans_L2_m: 0.415, Yaw_err_deg: 0.663
Epoch: [18/23], Batch: 1880/2963, Loss: 62.913, Trans_L2_m: 0.367, Yaw_err_deg: 1.292
Epoch: [18/23], Batch: 1890/2963, Loss: 45.754, Trans_L2_m: 0.374, Yaw_err_deg: 0.679
Epoch: [18/23], Batch: 1900/2963, Loss: 53.280, Trans_L2_m: 0.497, Yaw_err_deg: 0.925
Epoch: [18/23], Batch: 1910/2963, Loss: 54.232, Trans_L2_m: 0.458, Yaw_err_deg: 0.895
Epoch: [18/23], Batch: 1920/2963, Loss: 47.065, Trans_L2_m: 0.324, Yaw_err_deg: 0.699
Epoch: [18/23], Batch: 1930/2963, Loss: 58.718, Trans_L2_m: 0.361, Yaw_err_deg: 0.998
Epoch: [18/23], Batch: 1940/2963, Loss: 51.051, Trans_L2_m: 0.501, Yaw_err_deg: 0.784
Epoch: [18/23], Batch: 1950/2963, Loss: 53.135, Trans_L2_m: 0.500, Yaw_err_deg: 0.978
Epoch: [18/23], Batch: 1960/2963, Loss: 48.983, Trans_L2_m: 0.383, Yaw_err_deg: 0.786
Epoch: [18/23], Batch: 1970/2963, Loss: 40.551, Trans_L2_m: 0.305, Yaw_err_deg: 0.608
Epoch: [18/23], Batch: 1980/2963, Loss: 47.572, Trans_L2_m: 0.323, Yaw_err_deg: 0.953
Epoch: [18/23], Batch: 1990/2963, Loss: 44.689, Trans_L2_m: 0.419, Yaw_err_deg: 0.915
Epoch: [18/23], Batch: 2000/2963, Loss: 44.033, Trans_L2_m: 0.422, Yaw_err_deg: 0.478
Epoch: [18/23], Batch: 2010/2963, Loss: 50.187, Trans_L2_m: 0.471, Yaw_err_deg: 0.858
Epoch: [18/23], Batch: 2020/2963, Loss: 45.373, Trans_L2_m: 0.327, Yaw_err_deg: 0.684
Epoch: [18/23], Batch: 2030/2963, Loss: 57.065, Trans_L2_m: 0.443, Yaw_err_deg: 1.283
Epoch: [18/23], Batch: 2040/2963, Loss: 52.387, Trans_L2_m: 0.476, Yaw_err_deg: 0.588
Epoch: [18/23], Batch: 2050/2963, Loss: 51.201, Trans_L2_m: 0.328, Yaw_err_deg: 0.684
Epoch: [18/23], Batch: 2060/2963, Loss: 58.362, Trans_L2_m: 0.443, Yaw_err_deg: 1.116
Epoch: [18/23], Batch: 2070/2963, Loss: 65.408, Trans_L2_m: 0.417, Yaw_err_deg: 1.262
Epoch: [18/23], Batch: 2080/2963, Loss: 46.390, Trans_L2_m: 0.367, Yaw_err_deg: 0.879
Epoch: [18/23], Batch: 2090/2963, Loss: 49.401, Trans_L2_m: 0.461, Yaw_err_deg: 0.708
Epoch: [18/23], Batch: 2100/2963, Loss: 51.602, Trans_L2_m: 0.436, Yaw_err_deg: 0.721
Epoch: [18/23], Batch: 2110/2963, Loss: 50.057, Trans_L2_m: 0.324, Yaw_err_deg: 0.723
Epoch: [18/23], Batch: 2120/2963, Loss: 49.468, Trans_L2_m: 0.405, Yaw_err_deg: 0.685
Epoch: [18/23], Batch: 2130/2963, Loss: 45.785, Trans_L2_m: 0.457, Yaw_err_deg: 0.432
Epoch: [18/23], Batch: 2140/2963, Loss: 40.497, Trans_L2_m: 0.399, Yaw_err_deg: 0.654
Epoch: [18/23], Batch: 2150/2963, Loss: 59.462, Trans_L2_m: 0.478, Yaw_err_deg: 1.131
Epoch: [18/23], Batch: 2160/2963, Loss: 48.995, Trans_L2_m: 0.354, Yaw_err_deg: 0.899
Epoch: [18/23], Batch: 2170/2963, Loss: 52.199, Trans_L2_m: 0.462, Yaw_err_deg: 0.675
Epoch: [18/23], Batch: 2180/2963, Loss: 42.459, Trans_L2_m: 0.224, Yaw_err_deg: 0.995
Epoch: [18/23], Batch: 2190/2963, Loss: 56.136, Trans_L2_m: 0.479, Yaw_err_deg: 1.019
Epoch: [18/23], Batch: 2200/2963, Loss: 53.098, Trans_L2_m: 0.477, Yaw_err_deg: 0.806
Epoch: [18/23], Batch: 2210/2963, Loss: 49.496, Trans_L2_m: 0.462, Yaw_err_deg: 0.653
Epoch: [18/23], Batch: 2220/2963, Loss: 49.972, Trans_L2_m: 0.486, Yaw_err_deg: 0.824
Epoch: [18/23], Batch: 2230/2963, Loss: 49.818, Trans_L2_m: 0.446, Yaw_err_deg: 0.704
Epoch: [18/23], Batch: 2240/2963, Loss: 47.232, Trans_L2_m: 0.490, Yaw_err_deg: 0.587
Epoch: [18/23], Batch: 2250/2963, Loss: 43.980, Trans_L2_m: 0.295, Yaw_err_deg: 0.851
Epoch: [18/23], Batch: 2260/2963, Loss: 50.360, Trans_L2_m: 0.450, Yaw_err_deg: 0.887
Epoch: [18/23], Batch: 2270/2963, Loss: 59.020, Trans_L2_m: 0.520, Yaw_err_deg: 1.041
Epoch: [18/23], Batch: 2280/2963, Loss: 46.965, Trans_L2_m: 0.423, Yaw_err_deg: 0.579
Epoch: [18/23], Batch: 2290/2963, Loss: 43.062, Trans_L2_m: 0.378, Yaw_err_deg: 0.839
Epoch: [18/23], Batch: 2300/2963, Loss: 49.202, Trans_L2_m: 0.304, Yaw_err_deg: 1.304
Epoch: [18/23], Batch: 2310/2963, Loss: 46.069, Trans_L2_m: 0.356, Yaw_err_deg: 0.874
Epoch: [18/23], Batch: 2320/2963, Loss: 49.345, Trans_L2_m: 0.381, Yaw_err_deg: 0.942
Epoch: [18/23], Batch: 2330/2963, Loss: 44.361, Trans_L2_m: 0.361, Yaw_err_deg: 0.958
Epoch: [18/23], Batch: 2340/2963, Loss: 52.529, Trans_L2_m: 0.524, Yaw_err_deg: 0.917
Epoch: [18/23], Batch: 2350/2963, Loss: 57.777, Trans_L2_m: 0.363, Yaw_err_deg: 1.282
Epoch: [18/23], Batch: 2360/2963, Loss: 43.320, Trans_L2_m: 0.365, Yaw_err_deg: 0.916
Epoch: [18/23], Batch: 2370/2963, Loss: 51.544, Trans_L2_m: 0.481, Yaw_err_deg: 0.734
Epoch: [18/23], Batch: 2380/2963, Loss: 55.104, Trans_L2_m: 0.354, Yaw_err_deg: 0.923
Epoch: [18/23], Batch: 2390/2963, Loss: 44.885, Trans_L2_m: 0.315, Yaw_err_deg: 0.635
Epoch: [18/23], Batch: 2400/2963, Loss: 44.971, Trans_L2_m: 0.270, Yaw_err_deg: 0.900
Epoch: [18/23], Batch: 2410/2963, Loss: 49.017, Trans_L2_m: 0.382, Yaw_err_deg: 0.882
Epoch: [18/23], Batch: 2420/2963, Loss: 50.753, Trans_L2_m: 0.378, Yaw_err_deg: 0.755
Epoch: [18/23], Batch: 2430/2963, Loss: 46.527, Trans_L2_m: 0.359, Yaw_err_deg: 1.027
Epoch: [18/23], Batch: 2440/2963, Loss: 54.201, Trans_L2_m: 0.543, Yaw_err_deg: 0.573
Epoch: [18/23], Batch: 2450/2963, Loss: 54.604, Trans_L2_m: 0.467, Yaw_err_deg: 0.773
Epoch: [18/23], Batch: 2460/2963, Loss: 46.031, Trans_L2_m: 0.337, Yaw_err_deg: 0.784
Epoch: [18/23], Batch: 2470/2963, Loss: 47.879, Trans_L2_m: 0.255, Yaw_err_deg: 1.069
Epoch: [18/23], Batch: 2480/2963, Loss: 51.394, Trans_L2_m: 0.359, Yaw_err_deg: 1.144
Epoch: [18/23], Batch: 2490/2963, Loss: 47.881, Trans_L2_m: 0.413, Yaw_err_deg: 0.966
Epoch: [18/23], Batch: 2500/2963, Loss: 46.744, Trans_L2_m: 0.334, Yaw_err_deg: 0.739
Epoch: [18/23], Batch: 2510/2963, Loss: 45.181, Trans_L2_m: 0.357, Yaw_err_deg: 1.017
Epoch: [18/23], Batch: 2520/2963, Loss: 48.371, Trans_L2_m: 0.358, Yaw_err_deg: 0.791
Epoch: [18/23], Batch: 2530/2963, Loss: 46.807, Trans_L2_m: 0.328, Yaw_err_deg: 0.610
Epoch: [18/23], Batch: 2540/2963, Loss: 49.208, Trans_L2_m: 0.350, Yaw_err_deg: 0.858
Epoch: [18/23], Batch: 2550/2963, Loss: 44.050, Trans_L2_m: 0.404, Yaw_err_deg: 0.583
Epoch: [18/23], Batch: 2560/2963, Loss: 48.211, Trans_L2_m: 0.475, Yaw_err_deg: 0.915
Epoch: [18/23], Batch: 2570/2963, Loss: 50.382, Trans_L2_m: 0.433, Yaw_err_deg: 0.769
Epoch: [18/23], Batch: 2580/2963, Loss: 57.634, Trans_L2_m: 0.437, Yaw_err_deg: 0.993
Epoch: [18/23], Batch: 2590/2963, Loss: 50.502, Trans_L2_m: 0.436, Yaw_err_deg: 0.750
Epoch: [18/23], Batch: 2600/2963, Loss: 47.729, Trans_L2_m: 0.497, Yaw_err_deg: 0.737
Epoch: [18/23], Batch: 2610/2963, Loss: 48.025, Trans_L2_m: 0.394, Yaw_err_deg: 0.616
Epoch: [18/23], Batch: 2620/2963, Loss: 44.161, Trans_L2_m: 0.451, Yaw_err_deg: 0.654
Epoch: [18/23], Batch: 2630/2963, Loss: 55.406, Trans_L2_m: 0.391, Yaw_err_deg: 0.878
Epoch: [18/23], Batch: 2640/2963, Loss: 50.458, Trans_L2_m: 0.497, Yaw_err_deg: 0.923
Epoch: [18/23], Batch: 2650/2963, Loss: 41.591, Trans_L2_m: 0.398, Yaw_err_deg: 0.609
Epoch: [18/23], Batch: 2660/2963, Loss: 51.783, Trans_L2_m: 0.365, Yaw_err_deg: 0.971
Epoch: [18/23], Batch: 2670/2963, Loss: 44.269, Trans_L2_m: 0.350, Yaw_err_deg: 0.906
Epoch: [18/23], Batch: 2680/2963, Loss: 47.105, Trans_L2_m: 0.402, Yaw_err_deg: 1.062
Epoch: [18/23], Batch: 2690/2963, Loss: 41.257, Trans_L2_m: 0.345, Yaw_err_deg: 0.749
Epoch: [18/23], Batch: 2700/2963, Loss: 47.484, Trans_L2_m: 0.430, Yaw_err_deg: 0.763
Epoch: [18/23], Batch: 2710/2963, Loss: 53.392, Trans_L2_m: 0.367, Yaw_err_deg: 1.251
Epoch: [18/23], Batch: 2720/2963, Loss: 39.264, Trans_L2_m: 0.347, Yaw_err_deg: 0.579
Epoch: [18/23], Batch: 2730/2963, Loss: 42.943, Trans_L2_m: 0.358, Yaw_err_deg: 0.618
Epoch: [18/23], Batch: 2740/2963, Loss: 45.637, Trans_L2_m: 0.411, Yaw_err_deg: 0.883
Epoch: [18/23], Batch: 2750/2963, Loss: 48.093, Trans_L2_m: 0.319, Yaw_err_deg: 0.872
Epoch: [18/23], Batch: 2760/2963, Loss: 45.698, Trans_L2_m: 0.384, Yaw_err_deg: 0.889
Epoch: [18/23], Batch: 2770/2963, Loss: 51.663, Trans_L2_m: 0.514, Yaw_err_deg: 0.557
Epoch: [18/23], Batch: 2780/2963, Loss: 49.750, Trans_L2_m: 0.512, Yaw_err_deg: 0.598
Epoch: [18/23], Batch: 2790/2963, Loss: 55.326, Trans_L2_m: 0.361, Yaw_err_deg: 1.164
Epoch: [18/23], Batch: 2800/2963, Loss: 39.792, Trans_L2_m: 0.318, Yaw_err_deg: 0.673
Epoch: [18/23], Batch: 2810/2963, Loss: 50.882, Trans_L2_m: 0.530, Yaw_err_deg: 1.072
Epoch: [18/23], Batch: 2820/2963, Loss: 44.716, Trans_L2_m: 0.412, Yaw_err_deg: 0.617
Epoch: [18/23], Batch: 2830/2963, Loss: 41.857, Trans_L2_m: 0.351, Yaw_err_deg: 0.552
Epoch: [18/23], Batch: 2840/2963, Loss: 48.648, Trans_L2_m: 0.421, Yaw_err_deg: 0.804
Epoch: [18/23], Batch: 2850/2963, Loss: 42.990, Trans_L2_m: 0.343, Yaw_err_deg: 0.710
Epoch: [18/23], Batch: 2860/2963, Loss: 48.348, Trans_L2_m: 0.409, Yaw_err_deg: 0.726
Epoch: [18/23], Batch: 2870/2963, Loss: 46.967, Trans_L2_m: 0.406, Yaw_err_deg: 0.786
Epoch: [18/23], Batch: 2880/2963, Loss: 51.767, Trans_L2_m: 0.500, Yaw_err_deg: 1.173
Epoch: [18/23], Batch: 2890/2963, Loss: 49.640, Trans_L2_m: 0.320, Yaw_err_deg: 1.085
Epoch: [18/23], Batch: 2900/2963, Loss: 43.441, Trans_L2_m: 0.387, Yaw_err_deg: 0.647
Epoch: [18/23], Batch: 2910/2963, Loss: 56.738, Trans_L2_m: 0.423, Yaw_err_deg: 1.135
Epoch: [18/23], Batch: 2920/2963, Loss: 52.504, Trans_L2_m: 0.436, Yaw_err_deg: 0.954
Epoch: [18/23], Batch: 2930/2963, Loss: 46.753, Trans_L2_m: 0.353, Yaw_err_deg: 0.674
Epoch: [18/23], Batch: 2940/2963, Loss: 53.555, Trans_L2_m: 0.473, Yaw_err_deg: 1.179
Epoch: [18/23], Batch: 2950/2963, Loss: 57.732, Trans_L2_m: 0.523, Yaw_err_deg: 1.064
Epoch: [18/23], Batch: 2960/2963, Loss: 46.160, Trans_L2_m: 0.284, Yaw_err_deg: 1.003
Epoch: [19/23], Batch: 0/2963, Loss: 42.147, Trans_L2_m: 0.353, Yaw_err_deg: 0.497
Epoch: [19/23], Batch: 10/2963, Loss: 49.307, Trans_L2_m: 0.436, Yaw_err_deg: 0.972
Epoch: [19/23], Batch: 20/2963, Loss: 52.100, Trans_L2_m: 0.328, Yaw_err_deg: 1.180
Epoch: [19/23], Batch: 30/2963, Loss: 49.967, Trans_L2_m: 0.378, Yaw_err_deg: 0.821
Epoch: [19/23], Batch: 40/2963, Loss: 42.072, Trans_L2_m: 0.342, Yaw_err_deg: 0.889
Epoch: [19/23], Batch: 50/2963, Loss: 52.603, Trans_L2_m: 0.385, Yaw_err_deg: 0.976
Epoch: [19/23], Batch: 60/2963, Loss: 46.410, Trans_L2_m: 0.395, Yaw_err_deg: 0.721
Epoch: [19/23], Batch: 70/2963, Loss: 38.335, Trans_L2_m: 0.332, Yaw_err_deg: 0.592
Epoch: [19/23], Batch: 80/2963, Loss: 49.371, Trans_L2_m: 0.469, Yaw_err_deg: 0.597
Epoch: [19/23], Batch: 90/2963, Loss: 49.759, Trans_L2_m: 0.382, Yaw_err_deg: 0.975
Epoch: [19/23], Batch: 100/2963, Loss: 40.863, Trans_L2_m: 0.405, Yaw_err_deg: 0.538
Epoch: [19/23], Batch: 110/2963, Loss: 49.829, Trans_L2_m: 0.334, Yaw_err_deg: 0.735
Epoch: [19/23], Batch: 120/2963, Loss: 49.599, Trans_L2_m: 0.360, Yaw_err_deg: 0.896
Epoch: [19/23], Batch: 130/2963, Loss: 67.179, Trans_L2_m: 0.472, Yaw_err_deg: 1.491
Epoch: [19/23], Batch: 140/2963, Loss: 46.696, Trans_L2_m: 0.430, Yaw_err_deg: 0.633
Epoch: [19/23], Batch: 150/2963, Loss: 47.101, Trans_L2_m: 0.397, Yaw_err_deg: 0.859
Epoch: [19/23], Batch: 160/2963, Loss: 45.292, Trans_L2_m: 0.250, Yaw_err_deg: 0.591
Epoch: [19/23], Batch: 170/2963, Loss: 40.690, Trans_L2_m: 0.410, Yaw_err_deg: 0.592
Epoch: [19/23], Batch: 180/2963, Loss: 38.486, Trans_L2_m: 0.433, Yaw_err_deg: 0.671
Epoch: [19/23], Batch: 190/2963, Loss: 51.776, Trans_L2_m: 0.383, Yaw_err_deg: 1.091
Epoch: [19/23], Batch: 200/2963, Loss: 62.117, Trans_L2_m: 0.467, Yaw_err_deg: 1.121
Epoch: [19/23], Batch: 210/2963, Loss: 51.074, Trans_L2_m: 0.384, Yaw_err_deg: 0.979
Epoch: [19/23], Batch: 220/2963, Loss: 55.269, Trans_L2_m: 0.404, Yaw_err_deg: 1.165
Epoch: [19/23], Batch: 230/2963, Loss: 46.089, Trans_L2_m: 0.402, Yaw_err_deg: 0.803
Epoch: [19/23], Batch: 240/2963, Loss: 52.858, Trans_L2_m: 0.450, Yaw_err_deg: 0.933
Epoch: [19/23], Batch: 250/2963, Loss: 53.251, Trans_L2_m: 0.376, Yaw_err_deg: 0.834
Epoch: [19/23], Batch: 260/2963, Loss: 47.926, Trans_L2_m: 0.393, Yaw_err_deg: 0.659
Epoch: [19/23], Batch: 270/2963, Loss: 42.844, Trans_L2_m: 0.358, Yaw_err_deg: 0.589
Epoch: [19/23], Batch: 280/2963, Loss: 48.402, Trans_L2_m: 0.440, Yaw_err_deg: 0.830
Epoch: [19/23], Batch: 290/2963, Loss: 48.820, Trans_L2_m: 0.384, Yaw_err_deg: 0.813
Epoch: [19/23], Batch: 300/2963, Loss: 42.654, Trans_L2_m: 0.239, Yaw_err_deg: 0.712
Epoch: [19/23], Batch: 310/2963, Loss: 53.116, Trans_L2_m: 0.416, Yaw_err_deg: 1.035
Epoch: [19/23], Batch: 320/2963, Loss: 46.690, Trans_L2_m: 0.337, Yaw_err_deg: 0.826
Epoch: [19/23], Batch: 330/2963, Loss: 49.665, Trans_L2_m: 0.365, Yaw_err_deg: 0.718
Epoch: [19/23], Batch: 340/2963, Loss: 45.941, Trans_L2_m: 0.334, Yaw_err_deg: 0.868
Epoch: [19/23], Batch: 350/2963, Loss: 50.939, Trans_L2_m: 0.483, Yaw_err_deg: 0.734
Epoch: [19/23], Batch: 360/2963, Loss: 46.471, Trans_L2_m: 0.458, Yaw_err_deg: 0.907
Epoch: [19/23], Batch: 370/2963, Loss: 52.018, Trans_L2_m: 0.396, Yaw_err_deg: 0.801
Epoch: [19/23], Batch: 380/2963, Loss: 43.397, Trans_L2_m: 0.330, Yaw_err_deg: 0.695
Epoch: [19/23], Batch: 390/2963, Loss: 44.422, Trans_L2_m: 0.266, Yaw_err_deg: 0.715
Epoch: [19/23], Batch: 400/2963, Loss: 44.274, Trans_L2_m: 0.384, Yaw_err_deg: 0.799
Epoch: [19/23], Batch: 410/2963, Loss: 50.154, Trans_L2_m: 0.338, Yaw_err_deg: 1.099
Epoch: [19/23], Batch: 420/2963, Loss: 51.752, Trans_L2_m: 0.373, Yaw_err_deg: 1.068
Epoch: [19/23], Batch: 430/2963, Loss: 64.196, Trans_L2_m: 0.341, Yaw_err_deg: 1.119
Epoch: [19/23], Batch: 440/2963, Loss: 45.796, Trans_L2_m: 0.396, Yaw_err_deg: 0.675
Epoch: [19/23], Batch: 450/2963, Loss: 47.829, Trans_L2_m: 0.437, Yaw_err_deg: 0.901
Epoch: [19/23], Batch: 460/2963, Loss: 43.455, Trans_L2_m: 0.341, Yaw_err_deg: 0.478
Epoch: [19/23], Batch: 470/2963, Loss: 62.218, Trans_L2_m: 0.426, Yaw_err_deg: 1.224
Epoch: [19/23], Batch: 480/2963, Loss: 43.918, Trans_L2_m: 0.434, Yaw_err_deg: 0.538
Epoch: [19/23], Batch: 490/2963, Loss: 44.365, Trans_L2_m: 0.375, Yaw_err_deg: 0.697
Epoch: [19/23], Batch: 500/2963, Loss: 48.286, Trans_L2_m: 0.397, Yaw_err_deg: 0.868
Epoch: [19/23], Batch: 510/2963, Loss: 42.679, Trans_L2_m: 0.323, Yaw_err_deg: 0.821
Epoch: [19/23], Batch: 520/2963, Loss: 48.049, Trans_L2_m: 0.453, Yaw_err_deg: 0.825
Epoch: [19/23], Batch: 530/2963, Loss: 57.122, Trans_L2_m: 0.626, Yaw_err_deg: 0.722
Epoch: [19/23], Batch: 540/2963, Loss: 58.129, Trans_L2_m: 0.417, Yaw_err_deg: 1.325
Epoch: [19/23], Batch: 550/2963, Loss: 62.173, Trans_L2_m: 0.478, Yaw_err_deg: 1.260
Epoch: [19/23], Batch: 560/2963, Loss: 51.680, Trans_L2_m: 0.477, Yaw_err_deg: 0.959
Epoch: [19/23], Batch: 570/2963, Loss: 55.302, Trans_L2_m: 0.421, Yaw_err_deg: 0.949
Epoch: [19/23], Batch: 580/2963, Loss: 48.144, Trans_L2_m: 0.348, Yaw_err_deg: 0.802
Epoch: [19/23], Batch: 590/2963, Loss: 45.089, Trans_L2_m: 0.276, Yaw_err_deg: 0.856
Epoch: [19/23], Batch: 600/2963, Loss: 46.577, Trans_L2_m: 0.442, Yaw_err_deg: 0.614
Epoch: [19/23], Batch: 610/2963, Loss: 39.721, Trans_L2_m: 0.346, Yaw_err_deg: 0.589
Epoch: [19/23], Batch: 620/2963, Loss: 52.951, Trans_L2_m: 0.286, Yaw_err_deg: 0.728
Epoch: [19/23], Batch: 630/2963, Loss: 81.177, Trans_L2_m: 0.453, Yaw_err_deg: 1.447
Epoch: [19/23], Batch: 640/2963, Loss: 47.278, Trans_L2_m: 0.449, Yaw_err_deg: 0.582
Epoch: [19/23], Batch: 650/2963, Loss: 47.905, Trans_L2_m: 0.471, Yaw_err_deg: 0.620
Epoch: [19/23], Batch: 660/2963, Loss: 45.633, Trans_L2_m: 0.284, Yaw_err_deg: 0.959
Epoch: [19/23], Batch: 670/2963, Loss: 50.687, Trans_L2_m: 0.471, Yaw_err_deg: 0.935
Epoch: [19/23], Batch: 680/2963, Loss: 51.587, Trans_L2_m: 0.418, Yaw_err_deg: 0.757
Epoch: [19/23], Batch: 690/2963, Loss: 66.240, Trans_L2_m: 0.484, Yaw_err_deg: 1.257
Epoch: [19/23], Batch: 700/2963, Loss: 63.764, Trans_L2_m: 0.404, Yaw_err_deg: 1.201
Epoch: [19/23], Batch: 710/2963, Loss: 54.871, Trans_L2_m: 0.368, Yaw_err_deg: 0.864
Epoch: [19/23], Batch: 720/2963, Loss: 41.924, Trans_L2_m: 0.349, Yaw_err_deg: 0.765
Epoch: [19/23], Batch: 730/2963, Loss: 54.760, Trans_L2_m: 0.453, Yaw_err_deg: 1.250
Epoch: [19/23], Batch: 740/2963, Loss: 53.579, Trans_L2_m: 0.378, Yaw_err_deg: 0.812
Epoch: [19/23], Batch: 750/2963, Loss: 47.290, Trans_L2_m: 0.388, Yaw_err_deg: 0.657
Epoch: [19/23], Batch: 760/2963, Loss: 45.743, Trans_L2_m: 0.429, Yaw_err_deg: 0.798
Epoch: [19/23], Batch: 770/2963, Loss: 54.849, Trans_L2_m: 0.353, Yaw_err_deg: 1.113
Epoch: [19/23], Batch: 780/2963, Loss: 47.121, Trans_L2_m: 0.441, Yaw_err_deg: 0.828
Epoch: [19/23], Batch: 790/2963, Loss: 53.660, Trans_L2_m: 0.421, Yaw_err_deg: 0.777
Epoch: [19/23], Batch: 800/2963, Loss: 51.770, Trans_L2_m: 0.390, Yaw_err_deg: 1.126
Epoch: [19/23], Batch: 810/2963, Loss: 48.512, Trans_L2_m: 0.414, Yaw_err_deg: 0.774
Epoch: [19/23], Batch: 820/2963, Loss: 46.573, Trans_L2_m: 0.244, Yaw_err_deg: 0.625
Epoch: [19/23], Batch: 830/2963, Loss: 44.747, Trans_L2_m: 0.454, Yaw_err_deg: 0.708
Epoch: [19/23], Batch: 840/2963, Loss: 56.658, Trans_L2_m: 0.446, Yaw_err_deg: 0.765
Epoch: [19/23], Batch: 850/2963, Loss: 39.745, Trans_L2_m: 0.265, Yaw_err_deg: 0.674
Epoch: [19/23], Batch: 860/2963, Loss: 42.547, Trans_L2_m: 0.422, Yaw_err_deg: 0.722
Epoch: [19/23], Batch: 870/2963, Loss: 83.335, Trans_L2_m: 0.418, Yaw_err_deg: 1.289
Epoch: [19/23], Batch: 880/2963, Loss: 48.744, Trans_L2_m: 0.342, Yaw_err_deg: 0.767
Epoch: [19/23], Batch: 890/2963, Loss: 45.493, Trans_L2_m: 0.352, Yaw_err_deg: 0.700
Epoch: [19/23], Batch: 900/2963, Loss: 42.312, Trans_L2_m: 0.379, Yaw_err_deg: 0.712
Epoch: [19/23], Batch: 910/2963, Loss: 40.241, Trans_L2_m: 0.275, Yaw_err_deg: 0.846
Epoch: [19/23], Batch: 920/2963, Loss: 51.647, Trans_L2_m: 0.378, Yaw_err_deg: 0.953
Epoch: [19/23], Batch: 930/2963, Loss: 50.929, Trans_L2_m: 0.451, Yaw_err_deg: 0.956
Epoch: [19/23], Batch: 940/2963, Loss: 40.320, Trans_L2_m: 0.223, Yaw_err_deg: 0.546
Epoch: [19/23], Batch: 950/2963, Loss: 43.809, Trans_L2_m: 0.343, Yaw_err_deg: 0.788
Epoch: [19/23], Batch: 960/2963, Loss: 47.884, Trans_L2_m: 0.436, Yaw_err_deg: 0.666
Epoch: [19/23], Batch: 970/2963, Loss: 43.916, Trans_L2_m: 0.275, Yaw_err_deg: 0.855
Epoch: [19/23], Batch: 980/2963, Loss: 41.036, Trans_L2_m: 0.259, Yaw_err_deg: 0.662
Epoch: [19/23], Batch: 990/2963, Loss: 43.154, Trans_L2_m: 0.404, Yaw_err_deg: 0.442
Epoch: [19/23], Batch: 1000/2963, Loss: 51.535, Trans_L2_m: 0.337, Yaw_err_deg: 0.893
Epoch: [19/23], Batch: 1010/2963, Loss: 49.898, Trans_L2_m: 0.387, Yaw_err_deg: 0.941
Epoch: [19/23], Batch: 1020/2963, Loss: 44.445, Trans_L2_m: 0.381, Yaw_err_deg: 0.753
Epoch: [19/23], Batch: 1030/2963, Loss: 46.562, Trans_L2_m: 0.388, Yaw_err_deg: 0.731
Epoch: [19/23], Batch: 1040/2963, Loss: 54.679, Trans_L2_m: 0.496, Yaw_err_deg: 0.974
Epoch: [19/23], Batch: 1050/2963, Loss: 42.491, Trans_L2_m: 0.343, Yaw_err_deg: 0.720
Epoch: [19/23], Batch: 1060/2963, Loss: 51.412, Trans_L2_m: 0.457, Yaw_err_deg: 0.831
Epoch: [19/23], Batch: 1070/2963, Loss: 48.522, Trans_L2_m: 0.456, Yaw_err_deg: 0.832
Epoch: [19/23], Batch: 1080/2963, Loss: 50.984, Trans_L2_m: 0.451, Yaw_err_deg: 0.623
Epoch: [19/23], Batch: 1090/2963, Loss: 91.907, Trans_L2_m: 0.483, Yaw_err_deg: 1.134
Epoch: [19/23], Batch: 1100/2963, Loss: 43.202, Trans_L2_m: 0.387, Yaw_err_deg: 0.513
Epoch: [19/23], Batch: 1110/2963, Loss: 46.245, Trans_L2_m: 0.285, Yaw_err_deg: 0.972
Epoch: [19/23], Batch: 1120/2963, Loss: 45.333, Trans_L2_m: 0.346, Yaw_err_deg: 0.782
Epoch: [19/23], Batch: 1130/2963, Loss: 46.787, Trans_L2_m: 0.346, Yaw_err_deg: 0.836
Epoch: [19/23], Batch: 1140/2963, Loss: 46.568, Trans_L2_m: 0.282, Yaw_err_deg: 0.865
Epoch: [19/23], Batch: 1150/2963, Loss: 48.907, Trans_L2_m: 0.247, Yaw_err_deg: 0.914
Epoch: [19/23], Batch: 1160/2963, Loss: 41.929, Trans_L2_m: 0.388, Yaw_err_deg: 0.733
Epoch: [19/23], Batch: 1170/2963, Loss: 63.214, Trans_L2_m: 0.393, Yaw_err_deg: 1.358
Epoch: [19/23], Batch: 1180/2963, Loss: 52.762, Trans_L2_m: 0.476, Yaw_err_deg: 0.752
Epoch: [19/23], Batch: 1190/2963, Loss: 46.167, Trans_L2_m: 0.388, Yaw_err_deg: 0.580
Epoch: [19/23], Batch: 1200/2963, Loss: 43.553, Trans_L2_m: 0.500, Yaw_err_deg: 0.634
Epoch: [19/23], Batch: 1210/2963, Loss: 54.778, Trans_L2_m: 0.453, Yaw_err_deg: 0.807
Epoch: [19/23], Batch: 1220/2963, Loss: 51.376, Trans_L2_m: 0.371, Yaw_err_deg: 1.128
Epoch: [19/23], Batch: 1230/2963, Loss: 54.036, Trans_L2_m: 0.584, Yaw_err_deg: 0.739
Epoch: [19/23], Batch: 1240/2963, Loss: 47.500, Trans_L2_m: 0.523, Yaw_err_deg: 0.817
Epoch: [19/23], Batch: 1250/2963, Loss: 40.985, Trans_L2_m: 0.314, Yaw_err_deg: 0.738
Epoch: [19/23], Batch: 1260/2963, Loss: 50.013, Trans_L2_m: 0.493, Yaw_err_deg: 0.602
Epoch: [19/23], Batch: 1270/2963, Loss: 48.275, Trans_L2_m: 0.371, Yaw_err_deg: 0.813
Epoch: [19/23], Batch: 1280/2963, Loss: 46.646, Trans_L2_m: 0.233, Yaw_err_deg: 1.024
Epoch: [19/23], Batch: 1290/2963, Loss: 59.307, Trans_L2_m: 0.497, Yaw_err_deg: 0.804
Epoch: [19/23], Batch: 1300/2963, Loss: 52.923, Trans_L2_m: 0.348, Yaw_err_deg: 1.308
Epoch: [19/23], Batch: 1310/2963, Loss: 44.684, Trans_L2_m: 0.452, Yaw_err_deg: 0.603
Epoch: [19/23], Batch: 1320/2963, Loss: 50.315, Trans_L2_m: 0.389, Yaw_err_deg: 0.780
Epoch: [19/23], Batch: 1330/2963, Loss: 45.019, Trans_L2_m: 0.478, Yaw_err_deg: 0.646
Epoch: [19/23], Batch: 1340/2963, Loss: 44.472, Trans_L2_m: 0.339, Yaw_err_deg: 0.541
Epoch: [19/23], Batch: 1350/2963, Loss: 44.644, Trans_L2_m: 0.391, Yaw_err_deg: 0.702
Epoch: [19/23], Batch: 1360/2963, Loss: 44.512, Trans_L2_m: 0.264, Yaw_err_deg: 1.188
Epoch: [19/23], Batch: 1370/2963, Loss: 41.588, Trans_L2_m: 0.327, Yaw_err_deg: 0.612
Epoch: [19/23], Batch: 1380/2963, Loss: 40.040, Trans_L2_m: 0.367, Yaw_err_deg: 0.519
Epoch: [19/23], Batch: 1390/2963, Loss: 41.883, Trans_L2_m: 0.355, Yaw_err_deg: 0.526
Epoch: [19/23], Batch: 1400/2963, Loss: 48.117, Trans_L2_m: 0.464, Yaw_err_deg: 0.944
Epoch: [19/23], Batch: 1410/2963, Loss: 50.136, Trans_L2_m: 0.479, Yaw_err_deg: 0.842
Epoch: [19/23], Batch: 1420/2963, Loss: 56.803, Trans_L2_m: 0.402, Yaw_err_deg: 1.036
Epoch: [19/23], Batch: 1430/2963, Loss: 48.373, Trans_L2_m: 0.452, Yaw_err_deg: 0.852
Epoch: [19/23], Batch: 1440/2963, Loss: 46.858, Trans_L2_m: 0.420, Yaw_err_deg: 0.815
Epoch: [19/23], Batch: 1450/2963, Loss: 59.382, Trans_L2_m: 0.534, Yaw_err_deg: 0.797
Epoch: [19/23], Batch: 1460/2963, Loss: 47.863, Trans_L2_m: 0.469, Yaw_err_deg: 0.541
Epoch: [19/23], Batch: 1470/2963, Loss: 47.161, Trans_L2_m: 0.473, Yaw_err_deg: 0.770
Epoch: [19/23], Batch: 1480/2963, Loss: 51.697, Trans_L2_m: 0.454, Yaw_err_deg: 0.921
Epoch: [19/23], Batch: 1490/2963, Loss: 46.812, Trans_L2_m: 0.413, Yaw_err_deg: 0.741
Epoch: [19/23], Batch: 1500/2963, Loss: 45.022, Trans_L2_m: 0.360, Yaw_err_deg: 0.723
Epoch: [19/23], Batch: 1510/2963, Loss: 43.021, Trans_L2_m: 0.334, Yaw_err_deg: 0.872
Epoch: [19/23], Batch: 1520/2963, Loss: 47.036, Trans_L2_m: 0.331, Yaw_err_deg: 0.933
Epoch: [19/23], Batch: 1530/2963, Loss: 46.725, Trans_L2_m: 0.207, Yaw_err_deg: 0.916
Epoch: [19/23], Batch: 1540/2963, Loss: 38.472, Trans_L2_m: 0.344, Yaw_err_deg: 0.413
Epoch: [19/23], Batch: 1550/2963, Loss: 62.332, Trans_L2_m: 0.439, Yaw_err_deg: 1.526
Epoch: [19/23], Batch: 1560/2963, Loss: 45.811, Trans_L2_m: 0.386, Yaw_err_deg: 0.770
Epoch: [19/23], Batch: 1570/2963, Loss: 49.218, Trans_L2_m: 0.396, Yaw_err_deg: 0.936
Epoch: [19/23], Batch: 1580/2963, Loss: 47.238, Trans_L2_m: 0.454, Yaw_err_deg: 0.789
Epoch: [19/23], Batch: 1590/2963, Loss: 47.017, Trans_L2_m: 0.347, Yaw_err_deg: 0.802
Epoch: [19/23], Batch: 1600/2963, Loss: 42.249, Trans_L2_m: 0.403, Yaw_err_deg: 0.672
Epoch: [19/23], Batch: 1610/2963, Loss: 56.583, Trans_L2_m: 0.426, Yaw_err_deg: 0.587
Epoch: [19/23], Batch: 1620/2963, Loss: 49.432, Trans_L2_m: 0.438, Yaw_err_deg: 0.820
Epoch: [19/23], Batch: 1630/2963, Loss: 46.644, Trans_L2_m: 0.358, Yaw_err_deg: 0.544
Epoch: [19/23], Batch: 1640/2963, Loss: 43.201, Trans_L2_m: 0.211, Yaw_err_deg: 0.572
Epoch: [19/23], Batch: 1650/2963, Loss: 48.194, Trans_L2_m: 0.378, Yaw_err_deg: 0.838
Epoch: [19/23], Batch: 1660/2963, Loss: 45.850, Trans_L2_m: 0.316, Yaw_err_deg: 0.844
Epoch: [19/23], Batch: 1670/2963, Loss: 52.461, Trans_L2_m: 0.446, Yaw_err_deg: 0.949
Epoch: [19/23], Batch: 1680/2963, Loss: 47.085, Trans_L2_m: 0.566, Yaw_err_deg: 0.464
Epoch: [19/23], Batch: 1690/2963, Loss: 48.150, Trans_L2_m: 0.447, Yaw_err_deg: 0.798
Epoch: [19/23], Batch: 1700/2963, Loss: 44.364, Trans_L2_m: 0.310, Yaw_err_deg: 0.771
Epoch: [19/23], Batch: 1710/2963, Loss: 55.456, Trans_L2_m: 0.440, Yaw_err_deg: 1.143
Epoch: [19/23], Batch: 1720/2963, Loss: 45.729, Trans_L2_m: 0.510, Yaw_err_deg: 0.608
Epoch: [19/23], Batch: 1730/2963, Loss: 49.098, Trans_L2_m: 0.596, Yaw_err_deg: 0.568
Epoch: [19/23], Batch: 1740/2963, Loss: 44.617, Trans_L2_m: 0.378, Yaw_err_deg: 0.591
Epoch: [19/23], Batch: 1750/2963, Loss: 42.356, Trans_L2_m: 0.328, Yaw_err_deg: 0.464
Epoch: [19/23], Batch: 1760/2963, Loss: 50.929, Trans_L2_m: 0.465, Yaw_err_deg: 0.780
Epoch: [19/23], Batch: 1770/2963, Loss: 48.035, Trans_L2_m: 0.465, Yaw_err_deg: 0.704
Epoch: [19/23], Batch: 1780/2963, Loss: 51.401, Trans_L2_m: 0.286, Yaw_err_deg: 1.195
Epoch: [19/23], Batch: 1790/2963, Loss: 42.616, Trans_L2_m: 0.371, Yaw_err_deg: 0.712
Epoch: [19/23], Batch: 1800/2963, Loss: 48.175, Trans_L2_m: 0.476, Yaw_err_deg: 0.999
Epoch: [19/23], Batch: 1810/2963, Loss: 42.842, Trans_L2_m: 0.398, Yaw_err_deg: 0.633
Epoch: [19/23], Batch: 1820/2963, Loss: 50.556, Trans_L2_m: 0.373, Yaw_err_deg: 0.724
Epoch: [19/23], Batch: 1830/2963, Loss: 42.581, Trans_L2_m: 0.377, Yaw_err_deg: 0.461
Epoch: [19/23], Batch: 1840/2963, Loss: 41.220, Trans_L2_m: 0.314, Yaw_err_deg: 0.706
Epoch: [19/23], Batch: 1850/2963, Loss: 48.174, Trans_L2_m: 0.348, Yaw_err_deg: 0.809
Epoch: [19/23], Batch: 1860/2963, Loss: 57.382, Trans_L2_m: 0.496, Yaw_err_deg: 0.869
Epoch: [19/23], Batch: 1870/2963, Loss: 55.346, Trans_L2_m: 0.600, Yaw_err_deg: 0.872
Epoch: [19/23], Batch: 1880/2963, Loss: 43.775, Trans_L2_m: 0.450, Yaw_err_deg: 0.452
Epoch: [19/23], Batch: 1890/2963, Loss: 44.508, Trans_L2_m: 0.435, Yaw_err_deg: 0.354
Epoch: [19/23], Batch: 1900/2963, Loss: 40.831, Trans_L2_m: 0.406, Yaw_err_deg: 0.576
Epoch: [19/23], Batch: 1910/2963, Loss: 43.666, Trans_L2_m: 0.331, Yaw_err_deg: 0.818
Epoch: [19/23], Batch: 1920/2963, Loss: 40.246, Trans_L2_m: 0.351, Yaw_err_deg: 0.687
Epoch: [19/23], Batch: 1930/2963, Loss: 39.552, Trans_L2_m: 0.343, Yaw_err_deg: 0.589
Epoch: [19/23], Batch: 1940/2963, Loss: 53.409, Trans_L2_m: 0.401, Yaw_err_deg: 0.841
Epoch: [19/23], Batch: 1950/2963, Loss: 42.927, Trans_L2_m: 0.446, Yaw_err_deg: 0.689
Epoch: [19/23], Batch: 1960/2963, Loss: 49.925, Trans_L2_m: 0.341, Yaw_err_deg: 0.906
Epoch: [19/23], Batch: 1970/2963, Loss: 43.675, Trans_L2_m: 0.354, Yaw_err_deg: 0.652
Epoch: [19/23], Batch: 1980/2963, Loss: 49.971, Trans_L2_m: 0.427, Yaw_err_deg: 0.945
Epoch: [19/23], Batch: 1990/2963, Loss: 47.854, Trans_L2_m: 0.360, Yaw_err_deg: 0.874
Epoch: [19/23], Batch: 2000/2963, Loss: 54.897, Trans_L2_m: 0.421, Yaw_err_deg: 1.109
Epoch: [19/23], Batch: 2010/2963, Loss: 45.481, Trans_L2_m: 0.306, Yaw_err_deg: 0.827
Epoch: [19/23], Batch: 2020/2963, Loss: 48.391, Trans_L2_m: 0.534, Yaw_err_deg: 0.620
Epoch: [19/23], Batch: 2030/2963, Loss: 50.203, Trans_L2_m: 0.322, Yaw_err_deg: 1.112
Epoch: [19/23], Batch: 2040/2963, Loss: 45.209, Trans_L2_m: 0.317, Yaw_err_deg: 0.819
Epoch: [19/23], Batch: 2050/2963, Loss: 48.031, Trans_L2_m: 0.354, Yaw_err_deg: 0.818
Epoch: [19/23], Batch: 2060/2963, Loss: 42.422, Trans_L2_m: 0.343, Yaw_err_deg: 0.523
Epoch: [19/23], Batch: 2070/2963, Loss: 46.836, Trans_L2_m: 0.413, Yaw_err_deg: 1.004
Epoch: [19/23], Batch: 2080/2963, Loss: 50.106, Trans_L2_m: 0.387, Yaw_err_deg: 0.602
Epoch: [19/23], Batch: 2090/2963, Loss: 41.144, Trans_L2_m: 0.307, Yaw_err_deg: 0.783
Epoch: [19/23], Batch: 2100/2963, Loss: 48.356, Trans_L2_m: 0.451, Yaw_err_deg: 0.736
Epoch: [19/23], Batch: 2110/2963, Loss: 58.302, Trans_L2_m: 0.400, Yaw_err_deg: 1.498
Epoch: [19/23], Batch: 2120/2963, Loss: 47.775, Trans_L2_m: 0.455, Yaw_err_deg: 0.778
Epoch: [19/23], Batch: 2130/2963, Loss: 43.767, Trans_L2_m: 0.427, Yaw_err_deg: 0.554
Epoch: [19/23], Batch: 2140/2963, Loss: 47.066, Trans_L2_m: 0.340, Yaw_err_deg: 0.758
Epoch: [19/23], Batch: 2150/2963, Loss: 50.669, Trans_L2_m: 0.554, Yaw_err_deg: 0.599
Epoch: [19/23], Batch: 2160/2963, Loss: 46.894, Trans_L2_m: 0.409, Yaw_err_deg: 0.537
Epoch: [19/23], Batch: 2170/2963, Loss: 48.959, Trans_L2_m: 0.439, Yaw_err_deg: 0.682
Epoch: [19/23], Batch: 2180/2963, Loss: 50.494, Trans_L2_m: 0.422, Yaw_err_deg: 0.934
Epoch: [19/23], Batch: 2190/2963, Loss: 52.831, Trans_L2_m: 0.439, Yaw_err_deg: 0.646
Epoch: [19/23], Batch: 2200/2963, Loss: 40.932, Trans_L2_m: 0.269, Yaw_err_deg: 0.763
Epoch: [19/23], Batch: 2210/2963, Loss: 45.802, Trans_L2_m: 0.387, Yaw_err_deg: 0.496
Epoch: [19/23], Batch: 2220/2963, Loss: 48.028, Trans_L2_m: 0.322, Yaw_err_deg: 0.709
Epoch: [19/23], Batch: 2230/2963, Loss: 53.252, Trans_L2_m: 0.417, Yaw_err_deg: 1.266
Epoch: [19/23], Batch: 2240/2963, Loss: 51.984, Trans_L2_m: 0.396, Yaw_err_deg: 0.896
Epoch: [19/23], Batch: 2250/2963, Loss: 50.406, Trans_L2_m: 0.452, Yaw_err_deg: 0.847
Epoch: [19/23], Batch: 2260/2963, Loss: 47.027, Trans_L2_m: 0.416, Yaw_err_deg: 0.717
Epoch: [19/23], Batch: 2270/2963, Loss: 47.837, Trans_L2_m: 0.374, Yaw_err_deg: 0.519
Epoch: [19/23], Batch: 2280/2963, Loss: 43.248, Trans_L2_m: 0.224, Yaw_err_deg: 0.746
Epoch: [19/23], Batch: 2290/2963, Loss: 39.582, Trans_L2_m: 0.262, Yaw_err_deg: 0.569
Epoch: [19/23], Batch: 2300/2963, Loss: 95.943, Trans_L2_m: 0.352, Yaw_err_deg: 1.734
Epoch: [19/23], Batch: 2310/2963, Loss: 39.769, Trans_L2_m: 0.390, Yaw_err_deg: 0.393
Epoch: [19/23], Batch: 2320/2963, Loss: 54.242, Trans_L2_m: 0.363, Yaw_err_deg: 1.292
Epoch: [19/23], Batch: 2330/2963, Loss: 47.231, Trans_L2_m: 0.355, Yaw_err_deg: 0.763
Epoch: [19/23], Batch: 2340/2963, Loss: 42.989, Trans_L2_m: 0.388, Yaw_err_deg: 0.732
Epoch: [19/23], Batch: 2350/2963, Loss: 49.107, Trans_L2_m: 0.449, Yaw_err_deg: 0.823
Epoch: [19/23], Batch: 2360/2963, Loss: 48.498, Trans_L2_m: 0.451, Yaw_err_deg: 0.512
Epoch: [19/23], Batch: 2370/2963, Loss: 45.356, Trans_L2_m: 0.468, Yaw_err_deg: 0.531
Epoch: [19/23], Batch: 2380/2963, Loss: 42.702, Trans_L2_m: 0.487, Yaw_err_deg: 0.591
Epoch: [19/23], Batch: 2390/2963, Loss: 48.073, Trans_L2_m: 0.397, Yaw_err_deg: 0.895
Epoch: [19/23], Batch: 2400/2963, Loss: 45.027, Trans_L2_m: 0.401, Yaw_err_deg: 0.651
Epoch: [19/23], Batch: 2410/2963, Loss: 47.062, Trans_L2_m: 0.464, Yaw_err_deg: 0.508
Epoch: [19/23], Batch: 2420/2963, Loss: 45.690, Trans_L2_m: 0.366, Yaw_err_deg: 0.989
Epoch: [19/23], Batch: 2430/2963, Loss: 47.333, Trans_L2_m: 0.438, Yaw_err_deg: 0.694
Epoch: [19/23], Batch: 2440/2963, Loss: 50.210, Trans_L2_m: 0.491, Yaw_err_deg: 0.623
Epoch: [19/23], Batch: 2450/2963, Loss: 42.926, Trans_L2_m: 0.398, Yaw_err_deg: 0.737
Epoch: [19/23], Batch: 2460/2963, Loss: 42.323, Trans_L2_m: 0.303, Yaw_err_deg: 0.635
Epoch: [19/23], Batch: 2470/2963, Loss: 43.746, Trans_L2_m: 0.429, Yaw_err_deg: 0.721
Epoch: [19/23], Batch: 2480/2963, Loss: 43.442, Trans_L2_m: 0.314, Yaw_err_deg: 0.562
Epoch: [19/23], Batch: 2490/2963, Loss: 49.481, Trans_L2_m: 0.357, Yaw_err_deg: 0.756
Epoch: [19/23], Batch: 2500/2963, Loss: 47.194, Trans_L2_m: 0.368, Yaw_err_deg: 0.662
Epoch: [19/23], Batch: 2510/2963, Loss: 42.049, Trans_L2_m: 0.385, Yaw_err_deg: 0.705
Epoch: [19/23], Batch: 2520/2963, Loss: 45.519, Trans_L2_m: 0.361, Yaw_err_deg: 0.619
Epoch: [19/23], Batch: 2530/2963, Loss: 42.126, Trans_L2_m: 0.282, Yaw_err_deg: 0.789
Epoch: [19/23], Batch: 2540/2963, Loss: 56.702, Trans_L2_m: 0.382, Yaw_err_deg: 1.253
Epoch: [19/23], Batch: 2550/2963, Loss: 48.038, Trans_L2_m: 0.518, Yaw_err_deg: 0.664
Epoch: [19/23], Batch: 2560/2963, Loss: 49.293, Trans_L2_m: 0.290, Yaw_err_deg: 0.675
Epoch: [19/23], Batch: 2570/2963, Loss: 48.373, Trans_L2_m: 0.377, Yaw_err_deg: 0.834
Epoch: [19/23], Batch: 2580/2963, Loss: 60.523, Trans_L2_m: 0.604, Yaw_err_deg: 0.826
Epoch: [19/23], Batch: 2590/2963, Loss: 43.450, Trans_L2_m: 0.408, Yaw_err_deg: 0.695
Epoch: [19/23], Batch: 2600/2963, Loss: 46.625, Trans_L2_m: 0.339, Yaw_err_deg: 0.668
Epoch: [19/23], Batch: 2610/2963, Loss: 44.195, Trans_L2_m: 0.350, Yaw_err_deg: 0.583
Epoch: [19/23], Batch: 2620/2963, Loss: 45.651, Trans_L2_m: 0.501, Yaw_err_deg: 0.509
Epoch: [19/23], Batch: 2630/2963, Loss: 52.207, Trans_L2_m: 0.409, Yaw_err_deg: 1.128
Epoch: [19/23], Batch: 2640/2963, Loss: 49.926, Trans_L2_m: 0.392, Yaw_err_deg: 0.657
Epoch: [19/23], Batch: 2650/2963, Loss: 44.761, Trans_L2_m: 0.387, Yaw_err_deg: 0.578
Epoch: [19/23], Batch: 2660/2963, Loss: 52.536, Trans_L2_m: 0.476, Yaw_err_deg: 0.470
Epoch: [19/23], Batch: 2670/2963, Loss: 39.098, Trans_L2_m: 0.325, Yaw_err_deg: 0.524
Epoch: [19/23], Batch: 2680/2963, Loss: 42.832, Trans_L2_m: 0.392, Yaw_err_deg: 0.839
Epoch: [19/23], Batch: 2690/2963, Loss: 46.539, Trans_L2_m: 0.371, Yaw_err_deg: 0.956
Epoch: [19/23], Batch: 2700/2963, Loss: 67.255, Trans_L2_m: 0.344, Yaw_err_deg: 1.630
Epoch: [19/23], Batch: 2710/2963, Loss: 41.879, Trans_L2_m: 0.337, Yaw_err_deg: 0.625
Epoch: [19/23], Batch: 2720/2963, Loss: 41.194, Trans_L2_m: 0.380, Yaw_err_deg: 0.575
Epoch: [19/23], Batch: 2730/2963, Loss: 43.704, Trans_L2_m: 0.358, Yaw_err_deg: 0.475
Epoch: [19/23], Batch: 2740/2963, Loss: 43.197, Trans_L2_m: 0.413, Yaw_err_deg: 0.695
Epoch: [19/23], Batch: 2750/2963, Loss: 56.227, Trans_L2_m: 0.348, Yaw_err_deg: 1.137
Epoch: [19/23], Batch: 2760/2963, Loss: 47.655, Trans_L2_m: 0.326, Yaw_err_deg: 1.090
Epoch: [19/23], Batch: 2770/2963, Loss: 45.078, Trans_L2_m: 0.351, Yaw_err_deg: 0.687
Epoch: [19/23], Batch: 2780/2963, Loss: 53.577, Trans_L2_m: 0.332, Yaw_err_deg: 1.036
Epoch: [19/23], Batch: 2790/2963, Loss: 44.760, Trans_L2_m: 0.281, Yaw_err_deg: 0.933
Epoch: [19/23], Batch: 2800/2963, Loss: 53.240, Trans_L2_m: 0.529, Yaw_err_deg: 1.113
Epoch: [19/23], Batch: 2810/2963, Loss: 44.928, Trans_L2_m: 0.311, Yaw_err_deg: 0.614
Epoch: [19/23], Batch: 2820/2963, Loss: 46.405, Trans_L2_m: 0.433, Yaw_err_deg: 0.645
Epoch: [19/23], Batch: 2830/2963, Loss: 56.780, Trans_L2_m: 0.400, Yaw_err_deg: 0.780
Epoch: [19/23], Batch: 2840/2963, Loss: 45.004, Trans_L2_m: 0.311, Yaw_err_deg: 0.650
Epoch: [19/23], Batch: 2850/2963, Loss: 54.724, Trans_L2_m: 0.343, Yaw_err_deg: 1.250
Epoch: [19/23], Batch: 2860/2963, Loss: 45.757, Trans_L2_m: 0.517, Yaw_err_deg: 0.533
Epoch: [19/23], Batch: 2870/2963, Loss: 41.323, Trans_L2_m: 0.342, Yaw_err_deg: 0.725
Epoch: [19/23], Batch: 2880/2963, Loss: 46.224, Trans_L2_m: 0.375, Yaw_err_deg: 0.732
Epoch: [19/23], Batch: 2890/2963, Loss: 48.879, Trans_L2_m: 0.469, Yaw_err_deg: 0.555
Epoch: [19/23], Batch: 2900/2963, Loss: 39.242, Trans_L2_m: 0.356, Yaw_err_deg: 0.609
Epoch: [19/23], Batch: 2910/2963, Loss: 48.401, Trans_L2_m: 0.278, Yaw_err_deg: 0.868
Epoch: [19/23], Batch: 2920/2963, Loss: 47.538, Trans_L2_m: 0.311, Yaw_err_deg: 0.933
Epoch: [19/23], Batch: 2930/2963, Loss: 44.318, Trans_L2_m: 0.375, Yaw_err_deg: 0.818
Epoch: [19/23], Batch: 2940/2963, Loss: 42.349, Trans_L2_m: 0.453, Yaw_err_deg: 0.519
Epoch: [19/23], Batch: 2950/2963, Loss: 51.493, Trans_L2_m: 0.509, Yaw_err_deg: 1.010
Epoch: [19/23], Batch: 2960/2963, Loss: 42.949, Trans_L2_m: 0.313, Yaw_err_deg: 0.661
Validation loss (homography): 981.5980
Avg batch time: 983.20 ms, total: 318.932 s
[1;91mVal has no improvement vs 832.5582885742188![0m
Epoch: [20/23], Batch: 0/2963, Loss: 39.972, Trans_L2_m: 0.442, Yaw_err_deg: 0.883
Epoch: [20/23], Batch: 10/2963, Loss: 42.690, Trans_L2_m: 0.423, Yaw_err_deg: 0.561
Epoch: [20/23], Batch: 20/2963, Loss: 44.636, Trans_L2_m: 0.315, Yaw_err_deg: 0.933
Epoch: [20/23], Batch: 30/2963, Loss: 41.969, Trans_L2_m: 0.360, Yaw_err_deg: 0.701
Epoch: [20/23], Batch: 40/2963, Loss: 55.661, Trans_L2_m: 0.382, Yaw_err_deg: 1.400
Epoch: [20/23], Batch: 50/2963, Loss: 51.355, Trans_L2_m: 0.535, Yaw_err_deg: 0.701
Epoch: [20/23], Batch: 60/2963, Loss: 41.811, Trans_L2_m: 0.274, Yaw_err_deg: 0.767
Epoch: [20/23], Batch: 70/2963, Loss: 46.349, Trans_L2_m: 0.494, Yaw_err_deg: 0.666
Epoch: [20/23], Batch: 80/2963, Loss: 50.158, Trans_L2_m: 0.412, Yaw_err_deg: 0.762
Epoch: [20/23], Batch: 90/2963, Loss: 51.010, Trans_L2_m: 0.431, Yaw_err_deg: 0.895
Epoch: [20/23], Batch: 100/2963, Loss: 54.602, Trans_L2_m: 0.541, Yaw_err_deg: 0.713
Epoch: [20/23], Batch: 110/2963, Loss: 46.764, Trans_L2_m: 0.472, Yaw_err_deg: 0.822
Epoch: [20/23], Batch: 120/2963, Loss: 45.527, Trans_L2_m: 0.400, Yaw_err_deg: 0.629
Epoch: [20/23], Batch: 130/2963, Loss: 43.600, Trans_L2_m: 0.261, Yaw_err_deg: 0.926
Epoch: [20/23], Batch: 140/2963, Loss: 41.973, Trans_L2_m: 0.360, Yaw_err_deg: 0.903
Epoch: [20/23], Batch: 150/2963, Loss: 62.370, Trans_L2_m: 0.479, Yaw_err_deg: 1.304
Epoch: [20/23], Batch: 160/2963, Loss: 36.739, Trans_L2_m: 0.291, Yaw_err_deg: 0.921
Epoch: [20/23], Batch: 170/2963, Loss: 48.051, Trans_L2_m: 0.473, Yaw_err_deg: 0.532
Epoch: [20/23], Batch: 180/2963, Loss: 45.028, Trans_L2_m: 0.340, Yaw_err_deg: 0.783
Epoch: [20/23], Batch: 190/2963, Loss: 45.421, Trans_L2_m: 0.454, Yaw_err_deg: 0.605
Epoch: [20/23], Batch: 200/2963, Loss: 38.695, Trans_L2_m: 0.382, Yaw_err_deg: 0.517
Epoch: [20/23], Batch: 210/2963, Loss: 45.915, Trans_L2_m: 0.408, Yaw_err_deg: 0.794
Epoch: [20/23], Batch: 220/2963, Loss: 49.770, Trans_L2_m: 0.472, Yaw_err_deg: 0.750
Epoch: [20/23], Batch: 230/2963, Loss: 58.052, Trans_L2_m: 0.247, Yaw_err_deg: 1.276
Epoch: [20/23], Batch: 240/2963, Loss: 48.079, Trans_L2_m: 0.461, Yaw_err_deg: 0.787
Epoch: [20/23], Batch: 250/2963, Loss: 54.074, Trans_L2_m: 0.331, Yaw_err_deg: 1.048
Epoch: [20/23], Batch: 260/2963, Loss: 44.375, Trans_L2_m: 0.301, Yaw_err_deg: 0.783
Epoch: [20/23], Batch: 270/2963, Loss: 45.632, Trans_L2_m: 0.410, Yaw_err_deg: 0.699
Epoch: [20/23], Batch: 280/2963, Loss: 53.018, Trans_L2_m: 0.423, Yaw_err_deg: 0.758
Epoch: [20/23], Batch: 290/2963, Loss: 45.232, Trans_L2_m: 0.408, Yaw_err_deg: 0.510
Epoch: [20/23], Batch: 300/2963, Loss: 49.788, Trans_L2_m: 0.299, Yaw_err_deg: 0.880
Epoch: [20/23], Batch: 310/2963, Loss: 58.273, Trans_L2_m: 0.394, Yaw_err_deg: 1.291
Epoch: [20/23], Batch: 320/2963, Loss: 49.545, Trans_L2_m: 0.351, Yaw_err_deg: 1.099
Epoch: [20/23], Batch: 330/2963, Loss: 46.186, Trans_L2_m: 0.434, Yaw_err_deg: 0.485
Epoch: [20/23], Batch: 340/2963, Loss: 53.234, Trans_L2_m: 0.511, Yaw_err_deg: 0.960
Epoch: [20/23], Batch: 350/2963, Loss: 46.207, Trans_L2_m: 0.307, Yaw_err_deg: 1.019
Epoch: [20/23], Batch: 360/2963, Loss: 43.740, Trans_L2_m: 0.385, Yaw_err_deg: 0.601
Epoch: [20/23], Batch: 370/2963, Loss: 44.235, Trans_L2_m: 0.392, Yaw_err_deg: 0.442
Epoch: [20/23], Batch: 380/2963, Loss: 47.487, Trans_L2_m: 0.338, Yaw_err_deg: 0.608
Epoch: [20/23], Batch: 390/2963, Loss: 49.342, Trans_L2_m: 0.474, Yaw_err_deg: 0.958
Epoch: [20/23], Batch: 400/2963, Loss: 42.729, Trans_L2_m: 0.358, Yaw_err_deg: 0.710
Epoch: [20/23], Batch: 410/2963, Loss: 50.139, Trans_L2_m: 0.272, Yaw_err_deg: 0.972
Epoch: [20/23], Batch: 420/2963, Loss: 46.988, Trans_L2_m: 0.442, Yaw_err_deg: 0.609
Epoch: [20/23], Batch: 430/2963, Loss: 46.293, Trans_L2_m: 0.329, Yaw_err_deg: 0.789
Epoch: [20/23], Batch: 440/2963, Loss: 44.533, Trans_L2_m: 0.353, Yaw_err_deg: 0.762
Epoch: [20/23], Batch: 450/2963, Loss: 48.919, Trans_L2_m: 0.376, Yaw_err_deg: 0.833
Epoch: [20/23], Batch: 460/2963, Loss: 44.978, Trans_L2_m: 0.449, Yaw_err_deg: 0.501
Epoch: [20/23], Batch: 470/2963, Loss: 64.562, Trans_L2_m: 0.512, Yaw_err_deg: 0.842
Epoch: [20/23], Batch: 480/2963, Loss: 43.721, Trans_L2_m: 0.230, Yaw_err_deg: 0.606
Epoch: [20/23], Batch: 490/2963, Loss: 45.479, Trans_L2_m: 0.308, Yaw_err_deg: 0.952
Epoch: [20/23], Batch: 500/2963, Loss: 47.627, Trans_L2_m: 0.548, Yaw_err_deg: 0.604
Epoch: [20/23], Batch: 510/2963, Loss: 43.055, Trans_L2_m: 0.409, Yaw_err_deg: 0.761
Epoch: [20/23], Batch: 520/2963, Loss: 43.878, Trans_L2_m: 0.382, Yaw_err_deg: 0.487
Epoch: [20/23], Batch: 530/2963, Loss: 48.063, Trans_L2_m: 0.422, Yaw_err_deg: 0.720
Epoch: [20/23], Batch: 540/2963, Loss: 48.324, Trans_L2_m: 0.512, Yaw_err_deg: 0.641
Epoch: [20/23], Batch: 550/2963, Loss: 40.744, Trans_L2_m: 0.285, Yaw_err_deg: 0.458
Epoch: [20/23], Batch: 560/2963, Loss: 49.513, Trans_L2_m: 0.497, Yaw_err_deg: 0.592
Epoch: [20/23], Batch: 570/2963, Loss: 51.725, Trans_L2_m: 0.544, Yaw_err_deg: 0.936
Epoch: [20/23], Batch: 580/2963, Loss: 43.933, Trans_L2_m: 0.363, Yaw_err_deg: 0.403
Epoch: [20/23], Batch: 590/2963, Loss: 42.638, Trans_L2_m: 0.340, Yaw_err_deg: 0.581
Epoch: [20/23], Batch: 600/2963, Loss: 46.656, Trans_L2_m: 0.262, Yaw_err_deg: 0.948
Epoch: [20/23], Batch: 610/2963, Loss: 46.257, Trans_L2_m: 0.397, Yaw_err_deg: 0.782
Epoch: [20/23], Batch: 620/2963, Loss: 55.837, Trans_L2_m: 0.434, Yaw_err_deg: 1.346
Epoch: [20/23], Batch: 630/2963, Loss: 47.279, Trans_L2_m: 0.300, Yaw_err_deg: 0.803
Epoch: [20/23], Batch: 640/2963, Loss: 46.478, Trans_L2_m: 0.302, Yaw_err_deg: 0.840
Epoch: [20/23], Batch: 650/2963, Loss: 39.586, Trans_L2_m: 0.246, Yaw_err_deg: 0.571
Epoch: [20/23], Batch: 660/2963, Loss: 45.233, Trans_L2_m: 0.321, Yaw_err_deg: 0.970
Epoch: [20/23], Batch: 670/2963, Loss: 52.985, Trans_L2_m: 0.466, Yaw_err_deg: 1.072
Epoch: [20/23], Batch: 680/2963, Loss: 43.909, Trans_L2_m: 0.432, Yaw_err_deg: 0.708
Epoch: [20/23], Batch: 690/2963, Loss: 46.682, Trans_L2_m: 0.320, Yaw_err_deg: 0.829
Epoch: [20/23], Batch: 700/2963, Loss: 47.187, Trans_L2_m: 0.330, Yaw_err_deg: 0.631
Epoch: [20/23], Batch: 710/2963, Loss: 74.456, Trans_L2_m: 0.397, Yaw_err_deg: 1.120
Epoch: [20/23], Batch: 720/2963, Loss: 44.729, Trans_L2_m: 0.366, Yaw_err_deg: 0.471
Epoch: [20/23], Batch: 730/2963, Loss: 54.578, Trans_L2_m: 0.521, Yaw_err_deg: 0.969
Epoch: [20/23], Batch: 740/2963, Loss: 43.177, Trans_L2_m: 0.281, Yaw_err_deg: 0.494
Epoch: [20/23], Batch: 750/2963, Loss: 50.486, Trans_L2_m: 0.476, Yaw_err_deg: 0.694
Epoch: [20/23], Batch: 760/2963, Loss: 40.144, Trans_L2_m: 0.351, Yaw_err_deg: 0.638
Epoch: [20/23], Batch: 770/2963, Loss: 45.259, Trans_L2_m: 0.460, Yaw_err_deg: 0.490
Epoch: [20/23], Batch: 780/2963, Loss: 41.189, Trans_L2_m: 0.415, Yaw_err_deg: 0.696
Epoch: [20/23], Batch: 790/2963, Loss: 47.441, Trans_L2_m: 0.364, Yaw_err_deg: 1.009
Epoch: [20/23], Batch: 800/2963, Loss: 47.533, Trans_L2_m: 0.355, Yaw_err_deg: 0.823
Epoch: [20/23], Batch: 810/2963, Loss: 40.886, Trans_L2_m: 0.178, Yaw_err_deg: 0.665
Epoch: [20/23], Batch: 820/2963, Loss: 40.854, Trans_L2_m: 0.337, Yaw_err_deg: 0.803
Epoch: [20/23], Batch: 830/2963, Loss: 50.056, Trans_L2_m: 0.418, Yaw_err_deg: 0.762
Epoch: [20/23], Batch: 840/2963, Loss: 52.076, Trans_L2_m: 0.346, Yaw_err_deg: 0.964
Epoch: [20/23], Batch: 850/2963, Loss: 43.444, Trans_L2_m: 0.319, Yaw_err_deg: 0.526
Epoch: [20/23], Batch: 860/2963, Loss: 42.458, Trans_L2_m: 0.313, Yaw_err_deg: 0.657
Epoch: [20/23], Batch: 870/2963, Loss: 44.783, Trans_L2_m: 0.283, Yaw_err_deg: 0.647
Epoch: [20/23], Batch: 880/2963, Loss: 44.430, Trans_L2_m: 0.388, Yaw_err_deg: 0.546
Epoch: [20/23], Batch: 890/2963, Loss: 39.696, Trans_L2_m: 0.289, Yaw_err_deg: 0.621
Epoch: [20/23], Batch: 900/2963, Loss: 48.331, Trans_L2_m: 0.438, Yaw_err_deg: 0.603
Epoch: [20/23], Batch: 910/2963, Loss: 65.727, Trans_L2_m: 0.433, Yaw_err_deg: 1.343
Epoch: [20/23], Batch: 920/2963, Loss: 53.317, Trans_L2_m: 0.551, Yaw_err_deg: 0.747
Epoch: [20/23], Batch: 930/2963, Loss: 48.638, Trans_L2_m: 0.340, Yaw_err_deg: 0.936
Epoch: [20/23], Batch: 940/2963, Loss: 46.102, Trans_L2_m: 0.398, Yaw_err_deg: 0.718
Epoch: [20/23], Batch: 950/2963, Loss: 40.168, Trans_L2_m: 0.395, Yaw_err_deg: 0.380
Epoch: [20/23], Batch: 960/2963, Loss: 47.035, Trans_L2_m: 0.315, Yaw_err_deg: 0.677
Epoch: [20/23], Batch: 970/2963, Loss: 45.310, Trans_L2_m: 0.402, Yaw_err_deg: 0.624
Epoch: [20/23], Batch: 980/2963, Loss: 41.794, Trans_L2_m: 0.296, Yaw_err_deg: 0.749
Epoch: [20/23], Batch: 990/2963, Loss: 47.443, Trans_L2_m: 0.388, Yaw_err_deg: 0.836
Epoch: [20/23], Batch: 1000/2963, Loss: 53.889, Trans_L2_m: 0.289, Yaw_err_deg: 0.857
Epoch: [20/23], Batch: 1010/2963, Loss: 46.377, Trans_L2_m: 0.248, Yaw_err_deg: 0.687
Epoch: [20/23], Batch: 1020/2963, Loss: 42.029, Trans_L2_m: 0.190, Yaw_err_deg: 0.406
Epoch: [20/23], Batch: 1030/2963, Loss: 42.768, Trans_L2_m: 0.335, Yaw_err_deg: 0.704
Epoch: [20/23], Batch: 1040/2963, Loss: 42.382, Trans_L2_m: 0.386, Yaw_err_deg: 0.586
Epoch: [20/23], Batch: 1050/2963, Loss: 48.983, Trans_L2_m: 0.553, Yaw_err_deg: 0.642
Epoch: [20/23], Batch: 1060/2963, Loss: 71.490, Trans_L2_m: 0.379, Yaw_err_deg: 1.115
Epoch: [20/23], Batch: 1070/2963, Loss: 48.808, Trans_L2_m: 0.513, Yaw_err_deg: 0.577
Epoch: [20/23], Batch: 1080/2963, Loss: 47.764, Trans_L2_m: 0.253, Yaw_err_deg: 0.700
Epoch: [20/23], Batch: 1090/2963, Loss: 60.063, Trans_L2_m: 0.434, Yaw_err_deg: 1.106
Epoch: [20/23], Batch: 1100/2963, Loss: 50.659, Trans_L2_m: 0.424, Yaw_err_deg: 1.026
Epoch: [20/23], Batch: 1110/2963, Loss: 48.808, Trans_L2_m: 0.387, Yaw_err_deg: 0.830
Epoch: [20/23], Batch: 1120/2963, Loss: 43.642, Trans_L2_m: 0.458, Yaw_err_deg: 0.639
Epoch: [20/23], Batch: 1130/2963, Loss: 52.197, Trans_L2_m: 0.412, Yaw_err_deg: 0.831
Epoch: [20/23], Batch: 1140/2963, Loss: 55.523, Trans_L2_m: 0.450, Yaw_err_deg: 0.905
Epoch: [20/23], Batch: 1150/2963, Loss: 53.914, Trans_L2_m: 0.396, Yaw_err_deg: 1.105
Epoch: [20/23], Batch: 1160/2963, Loss: 48.858, Trans_L2_m: 0.358, Yaw_err_deg: 0.528
Epoch: [20/23], Batch: 1170/2963, Loss: 51.513, Trans_L2_m: 0.283, Yaw_err_deg: 0.956
Epoch: [20/23], Batch: 1180/2963, Loss: 49.853, Trans_L2_m: 0.477, Yaw_err_deg: 0.663
Epoch: [20/23], Batch: 1190/2963, Loss: 47.895, Trans_L2_m: 0.427, Yaw_err_deg: 0.688
Epoch: [20/23], Batch: 1200/2963, Loss: 43.126, Trans_L2_m: 0.439, Yaw_err_deg: 0.654
Epoch: [20/23], Batch: 1210/2963, Loss: 45.703, Trans_L2_m: 0.386, Yaw_err_deg: 0.674
Epoch: [20/23], Batch: 1220/2963, Loss: 47.436, Trans_L2_m: 0.404, Yaw_err_deg: 0.779
Epoch: [20/23], Batch: 1230/2963, Loss: 46.487, Trans_L2_m: 0.311, Yaw_err_deg: 0.872
Epoch: [20/23], Batch: 1240/2963, Loss: 41.354, Trans_L2_m: 0.324, Yaw_err_deg: 0.662
Epoch: [20/23], Batch: 1250/2963, Loss: 38.979, Trans_L2_m: 0.362, Yaw_err_deg: 0.671
Epoch: [20/23], Batch: 1260/2963, Loss: 41.362, Trans_L2_m: 0.360, Yaw_err_deg: 0.543
Epoch: [20/23], Batch: 1270/2963, Loss: 38.984, Trans_L2_m: 0.302, Yaw_err_deg: 0.616
Epoch: [20/23], Batch: 1280/2963, Loss: 45.683, Trans_L2_m: 0.281, Yaw_err_deg: 0.783
Epoch: [20/23], Batch: 1290/2963, Loss: 40.433, Trans_L2_m: 0.275, Yaw_err_deg: 0.593
Epoch: [20/23], Batch: 1300/2963, Loss: 45.837, Trans_L2_m: 0.290, Yaw_err_deg: 1.255
Epoch: [20/23], Batch: 1310/2963, Loss: 39.834, Trans_L2_m: 0.348, Yaw_err_deg: 0.403
Epoch: [20/23], Batch: 1320/2963, Loss: 47.775, Trans_L2_m: 0.457, Yaw_err_deg: 0.840
Epoch: [20/23], Batch: 1330/2963, Loss: 50.577, Trans_L2_m: 0.407, Yaw_err_deg: 0.654
Epoch: [20/23], Batch: 1340/2963, Loss: 56.821, Trans_L2_m: 0.290, Yaw_err_deg: 1.183
Epoch: [20/23], Batch: 1350/2963, Loss: 43.449, Trans_L2_m: 0.369, Yaw_err_deg: 0.673
Epoch: [20/23], Batch: 1360/2963, Loss: 52.035, Trans_L2_m: 0.403, Yaw_err_deg: 0.592
Epoch: [20/23], Batch: 1370/2963, Loss: 47.315, Trans_L2_m: 0.299, Yaw_err_deg: 0.632
Epoch: [20/23], Batch: 1380/2963, Loss: 43.306, Trans_L2_m: 0.305, Yaw_err_deg: 0.733
Epoch: [20/23], Batch: 1390/2963, Loss: 42.588, Trans_L2_m: 0.266, Yaw_err_deg: 0.613
Epoch: [20/23], Batch: 1400/2963, Loss: 48.557, Trans_L2_m: 0.422, Yaw_err_deg: 1.066
Epoch: [20/23], Batch: 1410/2963, Loss: 43.505, Trans_L2_m: 0.390, Yaw_err_deg: 0.654
Epoch: [20/23], Batch: 1420/2963, Loss: 47.744, Trans_L2_m: 0.476, Yaw_err_deg: 0.604
Epoch: [20/23], Batch: 1430/2963, Loss: 53.162, Trans_L2_m: 0.347, Yaw_err_deg: 0.960
Epoch: [20/23], Batch: 1440/2963, Loss: 45.644, Trans_L2_m: 0.301, Yaw_err_deg: 0.674
Epoch: [20/23], Batch: 1450/2963, Loss: 46.830, Trans_L2_m: 0.374, Yaw_err_deg: 0.766
Epoch: [20/23], Batch: 1460/2963, Loss: 42.372, Trans_L2_m: 0.361, Yaw_err_deg: 0.705
Epoch: [20/23], Batch: 1470/2963, Loss: 52.221, Trans_L2_m: 0.504, Yaw_err_deg: 0.857
Epoch: [20/23], Batch: 1480/2963, Loss: 39.855, Trans_L2_m: 0.349, Yaw_err_deg: 0.448
Epoch: [20/23], Batch: 1490/2963, Loss: 43.801, Trans_L2_m: 0.419, Yaw_err_deg: 0.760
Epoch: [20/23], Batch: 1500/2963, Loss: 43.636, Trans_L2_m: 0.348, Yaw_err_deg: 0.738
Epoch: [20/23], Batch: 1510/2963, Loss: 43.932, Trans_L2_m: 0.395, Yaw_err_deg: 0.572
Epoch: [20/23], Batch: 1520/2963, Loss: 52.135, Trans_L2_m: 0.372, Yaw_err_deg: 1.002
Epoch: [20/23], Batch: 1530/2963, Loss: 51.400, Trans_L2_m: 0.377, Yaw_err_deg: 0.924
Epoch: [20/23], Batch: 1540/2963, Loss: 46.816, Trans_L2_m: 0.445, Yaw_err_deg: 0.448
Epoch: [20/23], Batch: 1550/2963, Loss: 42.969, Trans_L2_m: 0.364, Yaw_err_deg: 0.589
Epoch: [20/23], Batch: 1560/2963, Loss: 40.955, Trans_L2_m: 0.286, Yaw_err_deg: 0.629
Epoch: [20/23], Batch: 1570/2963, Loss: 40.508, Trans_L2_m: 0.317, Yaw_err_deg: 0.662
Epoch: [20/23], Batch: 1580/2963, Loss: 47.175, Trans_L2_m: 0.538, Yaw_err_deg: 0.594
Epoch: [20/23], Batch: 1590/2963, Loss: 53.897, Trans_L2_m: 0.412, Yaw_err_deg: 0.922
Epoch: [20/23], Batch: 1600/2963, Loss: 44.868, Trans_L2_m: 0.372, Yaw_err_deg: 0.512
Epoch: [20/23], Batch: 1610/2963, Loss: 51.468, Trans_L2_m: 0.445, Yaw_err_deg: 0.944
Epoch: [20/23], Batch: 1620/2963, Loss: 51.437, Trans_L2_m: 0.490, Yaw_err_deg: 0.924
Epoch: [20/23], Batch: 1630/2963, Loss: 49.795, Trans_L2_m: 0.382, Yaw_err_deg: 0.879
Epoch: [20/23], Batch: 1640/2963, Loss: 43.690, Trans_L2_m: 0.394, Yaw_err_deg: 0.561
Epoch: [20/23], Batch: 1650/2963, Loss: 41.054, Trans_L2_m: 0.360, Yaw_err_deg: 0.806
Epoch: [20/23], Batch: 1660/2963, Loss: 38.561, Trans_L2_m: 0.218, Yaw_err_deg: 0.363
Epoch: [20/23], Batch: 1670/2963, Loss: 52.341, Trans_L2_m: 0.360, Yaw_err_deg: 0.778
Epoch: [20/23], Batch: 1680/2963, Loss: 48.409, Trans_L2_m: 0.393, Yaw_err_deg: 0.653
Epoch: [20/23], Batch: 1690/2963, Loss: 42.657, Trans_L2_m: 0.305, Yaw_err_deg: 0.534
Epoch: [20/23], Batch: 1700/2963, Loss: 44.341, Trans_L2_m: 0.423, Yaw_err_deg: 0.642
Epoch: [20/23], Batch: 1710/2963, Loss: 47.381, Trans_L2_m: 0.469, Yaw_err_deg: 0.722
Epoch: [20/23], Batch: 1720/2963, Loss: 48.782, Trans_L2_m: 0.531, Yaw_err_deg: 0.575
Epoch: [20/23], Batch: 1730/2963, Loss: 56.378, Trans_L2_m: 0.342, Yaw_err_deg: 0.876
Epoch: [20/23], Batch: 1740/2963, Loss: 57.227, Trans_L2_m: 0.458, Yaw_err_deg: 0.974
Epoch: [20/23], Batch: 1750/2963, Loss: 40.157, Trans_L2_m: 0.338, Yaw_err_deg: 0.771
Epoch: [20/23], Batch: 1760/2963, Loss: 47.180, Trans_L2_m: 0.331, Yaw_err_deg: 0.746
Epoch: [20/23], Batch: 1770/2963, Loss: 45.746, Trans_L2_m: 0.350, Yaw_err_deg: 0.646
Epoch: [20/23], Batch: 1780/2963, Loss: 44.998, Trans_L2_m: 0.337, Yaw_err_deg: 0.950
Epoch: [20/23], Batch: 1790/2963, Loss: 43.119, Trans_L2_m: 0.311, Yaw_err_deg: 0.627
Epoch: [20/23], Batch: 1800/2963, Loss: 50.976, Trans_L2_m: 0.426, Yaw_err_deg: 0.701
Epoch: [20/23], Batch: 1810/2963, Loss: 52.892, Trans_L2_m: 0.378, Yaw_err_deg: 1.289
Epoch: [20/23], Batch: 1820/2963, Loss: 47.118, Trans_L2_m: 0.358, Yaw_err_deg: 0.520
Epoch: [20/23], Batch: 1830/2963, Loss: 41.789, Trans_L2_m: 0.377, Yaw_err_deg: 0.788
Epoch: [20/23], Batch: 1840/2963, Loss: 42.010, Trans_L2_m: 0.465, Yaw_err_deg: 0.633
Epoch: [20/23], Batch: 1850/2963, Loss: 45.658, Trans_L2_m: 0.312, Yaw_err_deg: 0.447
Epoch: [20/23], Batch: 1860/2963, Loss: 41.522, Trans_L2_m: 0.394, Yaw_err_deg: 0.588
Epoch: [20/23], Batch: 1870/2963, Loss: 48.601, Trans_L2_m: 0.248, Yaw_err_deg: 0.760
Epoch: [20/23], Batch: 1880/2963, Loss: 38.909, Trans_L2_m: 0.285, Yaw_err_deg: 0.533
Epoch: [20/23], Batch: 1890/2963, Loss: 52.652, Trans_L2_m: 0.411, Yaw_err_deg: 0.700
Epoch: [20/23], Batch: 1900/2963, Loss: 46.472, Trans_L2_m: 0.462, Yaw_err_deg: 0.584
Epoch: [20/23], Batch: 1910/2963, Loss: 41.313, Trans_L2_m: 0.380, Yaw_err_deg: 0.736
Epoch: [20/23], Batch: 1920/2963, Loss: 47.548, Trans_L2_m: 0.377, Yaw_err_deg: 0.938
Epoch: [20/23], Batch: 1930/2963, Loss: 46.308, Trans_L2_m: 0.504, Yaw_err_deg: 0.677
Epoch: [20/23], Batch: 1940/2963, Loss: 56.233, Trans_L2_m: 0.464, Yaw_err_deg: 0.866
Epoch: [20/23], Batch: 1950/2963, Loss: 47.185, Trans_L2_m: 0.455, Yaw_err_deg: 0.702
Epoch: [20/23], Batch: 1960/2963, Loss: 45.087, Trans_L2_m: 0.278, Yaw_err_deg: 0.778
Epoch: [20/23], Batch: 1970/2963, Loss: 42.674, Trans_L2_m: 0.355, Yaw_err_deg: 0.644
Epoch: [20/23], Batch: 1980/2963, Loss: 47.022, Trans_L2_m: 0.332, Yaw_err_deg: 0.710
Epoch: [20/23], Batch: 1990/2963, Loss: 49.576, Trans_L2_m: 0.494, Yaw_err_deg: 0.921
Epoch: [20/23], Batch: 2000/2963, Loss: 44.088, Trans_L2_m: 0.410, Yaw_err_deg: 0.466
Epoch: [20/23], Batch: 2010/2963, Loss: 54.964, Trans_L2_m: 0.373, Yaw_err_deg: 0.800
Epoch: [20/23], Batch: 2020/2963, Loss: 44.503, Trans_L2_m: 0.327, Yaw_err_deg: 0.759
Epoch: [20/23], Batch: 2030/2963, Loss: 45.118, Trans_L2_m: 0.390, Yaw_err_deg: 0.551
Epoch: [20/23], Batch: 2040/2963, Loss: 42.283, Trans_L2_m: 0.425, Yaw_err_deg: 0.525
Epoch: [20/23], Batch: 2050/2963, Loss: 43.463, Trans_L2_m: 0.336, Yaw_err_deg: 0.713
Epoch: [20/23], Batch: 2060/2963, Loss: 41.345, Trans_L2_m: 0.388, Yaw_err_deg: 0.515
Epoch: [20/23], Batch: 2070/2963, Loss: 43.882, Trans_L2_m: 0.398, Yaw_err_deg: 0.672
Epoch: [20/23], Batch: 2080/2963, Loss: 41.437, Trans_L2_m: 0.281, Yaw_err_deg: 0.592
Epoch: [20/23], Batch: 2090/2963, Loss: 38.146, Trans_L2_m: 0.397, Yaw_err_deg: 0.428
Epoch: [20/23], Batch: 2100/2963, Loss: 43.673, Trans_L2_m: 0.263, Yaw_err_deg: 0.849
Epoch: [20/23], Batch: 2110/2963, Loss: 46.099, Trans_L2_m: 0.387, Yaw_err_deg: 0.688
Epoch: [20/23], Batch: 2120/2963, Loss: 42.076, Trans_L2_m: 0.322, Yaw_err_deg: 0.763
Epoch: [20/23], Batch: 2130/2963, Loss: 42.245, Trans_L2_m: 0.340, Yaw_err_deg: 0.470
Epoch: [20/23], Batch: 2140/2963, Loss: 50.426, Trans_L2_m: 0.325, Yaw_err_deg: 0.867
Epoch: [20/23], Batch: 2150/2963, Loss: 47.081, Trans_L2_m: 0.460, Yaw_err_deg: 0.483
Epoch: [20/23], Batch: 2160/2963, Loss: 54.455, Trans_L2_m: 0.430, Yaw_err_deg: 0.813
Epoch: [20/23], Batch: 2170/2963, Loss: 54.060, Trans_L2_m: 0.435, Yaw_err_deg: 0.797
Epoch: [20/23], Batch: 2180/2963, Loss: 49.925, Trans_L2_m: 0.466, Yaw_err_deg: 0.886
Epoch: [20/23], Batch: 2190/2963, Loss: 40.730, Trans_L2_m: 0.426, Yaw_err_deg: 0.531
Epoch: [20/23], Batch: 2200/2963, Loss: 44.309, Trans_L2_m: 0.406, Yaw_err_deg: 0.615
Epoch: [20/23], Batch: 2210/2963, Loss: 43.896, Trans_L2_m: 0.332, Yaw_err_deg: 0.468
Epoch: [20/23], Batch: 2220/2963, Loss: 41.779, Trans_L2_m: 0.317, Yaw_err_deg: 0.724
Epoch: [20/23], Batch: 2230/2963, Loss: 38.908, Trans_L2_m: 0.311, Yaw_err_deg: 0.419
Epoch: [20/23], Batch: 2240/2963, Loss: 46.843, Trans_L2_m: 0.383, Yaw_err_deg: 0.960
Epoch: [20/23], Batch: 2250/2963, Loss: 49.659, Trans_L2_m: 0.302, Yaw_err_deg: 0.949
Epoch: [20/23], Batch: 2260/2963, Loss: 46.793, Trans_L2_m: 0.301, Yaw_err_deg: 0.707
Epoch: [20/23], Batch: 2270/2963, Loss: 41.699, Trans_L2_m: 0.286, Yaw_err_deg: 0.697
Epoch: [20/23], Batch: 2280/2963, Loss: 52.588, Trans_L2_m: 0.310, Yaw_err_deg: 1.037
Epoch: [20/23], Batch: 2290/2963, Loss: 45.066, Trans_L2_m: 0.397, Yaw_err_deg: 0.704
Epoch: [20/23], Batch: 2300/2963, Loss: 42.922, Trans_L2_m: 0.329, Yaw_err_deg: 0.476
Epoch: [20/23], Batch: 2310/2963, Loss: 45.515, Trans_L2_m: 0.329, Yaw_err_deg: 0.910
Epoch: [20/23], Batch: 2320/2963, Loss: 44.562, Trans_L2_m: 0.265, Yaw_err_deg: 0.836
Epoch: [20/23], Batch: 2330/2963, Loss: 45.834, Trans_L2_m: 0.491, Yaw_err_deg: 0.497
Epoch: [20/23], Batch: 2340/2963, Loss: 44.371, Trans_L2_m: 0.274, Yaw_err_deg: 0.777
Epoch: [20/23], Batch: 2350/2963, Loss: 47.831, Trans_L2_m: 0.450, Yaw_err_deg: 0.511
Epoch: [20/23], Batch: 2360/2963, Loss: 39.769, Trans_L2_m: 0.343, Yaw_err_deg: 0.363
Epoch: [20/23], Batch: 2370/2963, Loss: 47.091, Trans_L2_m: 0.406, Yaw_err_deg: 0.621
Epoch: [20/23], Batch: 2380/2963, Loss: 44.229, Trans_L2_m: 0.289, Yaw_err_deg: 0.730
Epoch: [20/23], Batch: 2390/2963, Loss: 45.394, Trans_L2_m: 0.269, Yaw_err_deg: 0.745
Epoch: [20/23], Batch: 2400/2963, Loss: 44.295, Trans_L2_m: 0.329, Yaw_err_deg: 0.799
Epoch: [20/23], Batch: 2410/2963, Loss: 54.635, Trans_L2_m: 0.479, Yaw_err_deg: 0.923
Epoch: [20/23], Batch: 2420/2963, Loss: 39.718, Trans_L2_m: 0.310, Yaw_err_deg: 0.567
Epoch: [20/23], Batch: 2430/2963, Loss: 43.290, Trans_L2_m: 0.412, Yaw_err_deg: 0.741
Epoch: [20/23], Batch: 2440/2963, Loss: 47.228, Trans_L2_m: 0.450, Yaw_err_deg: 0.614
Epoch: [20/23], Batch: 2450/2963, Loss: 55.771, Trans_L2_m: 0.458, Yaw_err_deg: 1.112
Epoch: [20/23], Batch: 2460/2963, Loss: 44.637, Trans_L2_m: 0.391, Yaw_err_deg: 0.502
Epoch: [20/23], Batch: 2470/2963, Loss: 47.096, Trans_L2_m: 0.390, Yaw_err_deg: 0.589
Epoch: [20/23], Batch: 2480/2963, Loss: 45.867, Trans_L2_m: 0.366, Yaw_err_deg: 0.641
Epoch: [20/23], Batch: 2490/2963, Loss: 44.314, Trans_L2_m: 0.365, Yaw_err_deg: 0.750
Epoch: [20/23], Batch: 2500/2963, Loss: 41.540, Trans_L2_m: 0.319, Yaw_err_deg: 0.759
Epoch: [20/23], Batch: 2510/2963, Loss: 43.278, Trans_L2_m: 0.379, Yaw_err_deg: 0.616
Epoch: [20/23], Batch: 2520/2963, Loss: 50.026, Trans_L2_m: 0.345, Yaw_err_deg: 0.759
Epoch: [20/23], Batch: 2530/2963, Loss: 42.659, Trans_L2_m: 0.430, Yaw_err_deg: 0.501
Epoch: [20/23], Batch: 2540/2963, Loss: 44.303, Trans_L2_m: 0.370, Yaw_err_deg: 0.899
Epoch: [20/23], Batch: 2550/2963, Loss: 44.272, Trans_L2_m: 0.453, Yaw_err_deg: 0.661
Epoch: [20/23], Batch: 2560/2963, Loss: 42.866, Trans_L2_m: 0.459, Yaw_err_deg: 0.690
Epoch: [20/23], Batch: 2570/2963, Loss: 44.269, Trans_L2_m: 0.369, Yaw_err_deg: 0.569
Epoch: [20/23], Batch: 2580/2963, Loss: 57.643, Trans_L2_m: 0.395, Yaw_err_deg: 1.241
Epoch: [20/23], Batch: 2590/2963, Loss: 47.593, Trans_L2_m: 0.272, Yaw_err_deg: 0.909
Epoch: [20/23], Batch: 2600/2963, Loss: 45.696, Trans_L2_m: 0.412, Yaw_err_deg: 0.678
Epoch: [20/23], Batch: 2610/2963, Loss: 51.498, Trans_L2_m: 0.384, Yaw_err_deg: 0.705
Epoch: [20/23], Batch: 2620/2963, Loss: 40.127, Trans_L2_m: 0.287, Yaw_err_deg: 0.567
Epoch: [20/23], Batch: 2630/2963, Loss: 44.043, Trans_L2_m: 0.425, Yaw_err_deg: 0.783
Epoch: [20/23], Batch: 2640/2963, Loss: 39.813, Trans_L2_m: 0.313, Yaw_err_deg: 0.419
Epoch: [20/23], Batch: 2650/2963, Loss: 46.283, Trans_L2_m: 0.387, Yaw_err_deg: 0.522
Epoch: [20/23], Batch: 2660/2963, Loss: 42.552, Trans_L2_m: 0.299, Yaw_err_deg: 0.951
Epoch: [20/23], Batch: 2670/2963, Loss: 42.351, Trans_L2_m: 0.366, Yaw_err_deg: 0.656
Epoch: [20/23], Batch: 2680/2963, Loss: 50.804, Trans_L2_m: 0.499, Yaw_err_deg: 0.800
Epoch: [20/23], Batch: 2690/2963, Loss: 47.540, Trans_L2_m: 0.478, Yaw_err_deg: 0.645
Epoch: [20/23], Batch: 2700/2963, Loss: 46.277, Trans_L2_m: 0.466, Yaw_err_deg: 0.612
Epoch: [20/23], Batch: 2710/2963, Loss: 50.125, Trans_L2_m: 0.374, Yaw_err_deg: 0.994
Epoch: [20/23], Batch: 2720/2963, Loss: 48.589, Trans_L2_m: 0.372, Yaw_err_deg: 0.958
Epoch: [20/23], Batch: 2730/2963, Loss: 44.898, Trans_L2_m: 0.362, Yaw_err_deg: 0.799
Epoch: [20/23], Batch: 2740/2963, Loss: 45.076, Trans_L2_m: 0.343, Yaw_err_deg: 0.791
Epoch: [20/23], Batch: 2750/2963, Loss: 54.843, Trans_L2_m: 0.357, Yaw_err_deg: 1.201
Epoch: [20/23], Batch: 2760/2963, Loss: 42.784, Trans_L2_m: 0.317, Yaw_err_deg: 0.924
Epoch: [20/23], Batch: 2770/2963, Loss: 56.263, Trans_L2_m: 0.481, Yaw_err_deg: 0.723
Epoch: [20/23], Batch: 2780/2963, Loss: 48.391, Trans_L2_m: 0.499, Yaw_err_deg: 0.517
Epoch: [20/23], Batch: 2790/2963, Loss: 42.535, Trans_L2_m: 0.328, Yaw_err_deg: 0.656
Epoch: [20/23], Batch: 2800/2963, Loss: 41.551, Trans_L2_m: 0.375, Yaw_err_deg: 0.607
Epoch: [20/23], Batch: 2810/2963, Loss: 39.759, Trans_L2_m: 0.259, Yaw_err_deg: 0.589
Epoch: [20/23], Batch: 2820/2963, Loss: 51.807, Trans_L2_m: 0.630, Yaw_err_deg: 0.753
Epoch: [20/23], Batch: 2830/2963, Loss: 44.090, Trans_L2_m: 0.369, Yaw_err_deg: 0.497
Epoch: [20/23], Batch: 2840/2963, Loss: 49.449, Trans_L2_m: 0.395, Yaw_err_deg: 0.738
Epoch: [20/23], Batch: 2850/2963, Loss: 41.281, Trans_L2_m: 0.373, Yaw_err_deg: 0.576
Epoch: [20/23], Batch: 2860/2963, Loss: 46.768, Trans_L2_m: 0.353, Yaw_err_deg: 0.703
Epoch: [20/23], Batch: 2870/2963, Loss: 47.864, Trans_L2_m: 0.363, Yaw_err_deg: 0.921
Epoch: [20/23], Batch: 2880/2963, Loss: 50.773, Trans_L2_m: 0.408, Yaw_err_deg: 0.871
Epoch: [20/23], Batch: 2890/2963, Loss: 44.839, Trans_L2_m: 0.453, Yaw_err_deg: 0.408
Epoch: [20/23], Batch: 2900/2963, Loss: 41.638, Trans_L2_m: 0.262, Yaw_err_deg: 0.668
Epoch: [20/23], Batch: 2910/2963, Loss: 46.048, Trans_L2_m: 0.450, Yaw_err_deg: 0.874
Epoch: [20/23], Batch: 2920/2963, Loss: 52.720, Trans_L2_m: 0.468, Yaw_err_deg: 0.701
Epoch: [20/23], Batch: 2930/2963, Loss: 38.841, Trans_L2_m: 0.279, Yaw_err_deg: 0.645
Epoch: [20/23], Batch: 2940/2963, Loss: 40.406, Trans_L2_m: 0.299, Yaw_err_deg: 0.672
Epoch: [20/23], Batch: 2950/2963, Loss: 52.021, Trans_L2_m: 0.355, Yaw_err_deg: 0.873
Epoch: [20/23], Batch: 2960/2963, Loss: 44.888, Trans_L2_m: 0.410, Yaw_err_deg: 0.541
Epoch: [21/23], Batch: 0/2963, Loss: 43.259, Trans_L2_m: 0.246, Yaw_err_deg: 0.718
Epoch: [21/23], Batch: 10/2963, Loss: 44.535, Trans_L2_m: 0.301, Yaw_err_deg: 0.692
Epoch: [21/23], Batch: 20/2963, Loss: 51.613, Trans_L2_m: 0.361, Yaw_err_deg: 1.072
Epoch: [21/23], Batch: 30/2963, Loss: 40.342, Trans_L2_m: 0.343, Yaw_err_deg: 0.527
Epoch: [21/23], Batch: 40/2963, Loss: 50.736, Trans_L2_m: 0.342, Yaw_err_deg: 0.785
Epoch: [21/23], Batch: 50/2963, Loss: 45.538, Trans_L2_m: 0.371, Yaw_err_deg: 0.667
Epoch: [21/23], Batch: 60/2963, Loss: 39.939, Trans_L2_m: 0.338, Yaw_err_deg: 0.430
Epoch: [21/23], Batch: 70/2963, Loss: 47.463, Trans_L2_m: 0.258, Yaw_err_deg: 0.953
Epoch: [21/23], Batch: 80/2963, Loss: 43.328, Trans_L2_m: 0.384, Yaw_err_deg: 0.528
Epoch: [21/23], Batch: 90/2963, Loss: 48.487, Trans_L2_m: 0.308, Yaw_err_deg: 0.781
Epoch: [21/23], Batch: 100/2963, Loss: 44.899, Trans_L2_m: 0.331, Yaw_err_deg: 0.568
Epoch: [21/23], Batch: 110/2963, Loss: 49.974, Trans_L2_m: 0.207, Yaw_err_deg: 1.152
Epoch: [21/23], Batch: 120/2963, Loss: 46.512, Trans_L2_m: 0.376, Yaw_err_deg: 0.632
Epoch: [21/23], Batch: 130/2963, Loss: 40.271, Trans_L2_m: 0.189, Yaw_err_deg: 0.611
Epoch: [21/23], Batch: 140/2963, Loss: 53.930, Trans_L2_m: 0.357, Yaw_err_deg: 1.099
Epoch: [21/23], Batch: 150/2963, Loss: 45.334, Trans_L2_m: 0.390, Yaw_err_deg: 0.504
Epoch: [21/23], Batch: 160/2963, Loss: 43.746, Trans_L2_m: 0.361, Yaw_err_deg: 0.765
Epoch: [21/23], Batch: 170/2963, Loss: 64.269, Trans_L2_m: 0.393, Yaw_err_deg: 1.360
Epoch: [21/23], Batch: 180/2963, Loss: 59.797, Trans_L2_m: 0.424, Yaw_err_deg: 1.118
Epoch: [21/23], Batch: 190/2963, Loss: 38.469, Trans_L2_m: 0.265, Yaw_err_deg: 0.689
Epoch: [21/23], Batch: 200/2963, Loss: 45.516, Trans_L2_m: 0.391, Yaw_err_deg: 0.586
Epoch: [21/23], Batch: 210/2963, Loss: 45.130, Trans_L2_m: 0.383, Yaw_err_deg: 0.910
Epoch: [21/23], Batch: 220/2963, Loss: 47.311, Trans_L2_m: 0.364, Yaw_err_deg: 0.925
Epoch: [21/23], Batch: 230/2963, Loss: 41.719, Trans_L2_m: 0.321, Yaw_err_deg: 0.645
Epoch: [21/23], Batch: 240/2963, Loss: 48.601, Trans_L2_m: 0.396, Yaw_err_deg: 0.799
Epoch: [21/23], Batch: 250/2963, Loss: 41.360, Trans_L2_m: 0.373, Yaw_err_deg: 0.310
Epoch: [21/23], Batch: 260/2963, Loss: 57.815, Trans_L2_m: 0.490, Yaw_err_deg: 1.045
Epoch: [21/23], Batch: 270/2963, Loss: 42.077, Trans_L2_m: 0.386, Yaw_err_deg: 0.535
Epoch: [21/23], Batch: 280/2963, Loss: 58.406, Trans_L2_m: 0.343, Yaw_err_deg: 1.073
Epoch: [21/23], Batch: 290/2963, Loss: 43.758, Trans_L2_m: 0.349, Yaw_err_deg: 0.707
Epoch: [21/23], Batch: 300/2963, Loss: 57.617, Trans_L2_m: 0.458, Yaw_err_deg: 1.000
Epoch: [21/23], Batch: 310/2963, Loss: 42.485, Trans_L2_m: 0.335, Yaw_err_deg: 0.593
Epoch: [21/23], Batch: 320/2963, Loss: 50.718, Trans_L2_m: 0.439, Yaw_err_deg: 0.694
Epoch: [21/23], Batch: 330/2963, Loss: 45.762, Trans_L2_m: 0.367, Yaw_err_deg: 0.482
Epoch: [21/23], Batch: 340/2963, Loss: 43.261, Trans_L2_m: 0.354, Yaw_err_deg: 0.650
Epoch: [21/23], Batch: 350/2963, Loss: 46.007, Trans_L2_m: 0.437, Yaw_err_deg: 0.642
Epoch: [21/23], Batch: 360/2963, Loss: 43.342, Trans_L2_m: 0.459, Yaw_err_deg: 0.707
Epoch: [21/23], Batch: 370/2963, Loss: 46.743, Trans_L2_m: 0.372, Yaw_err_deg: 0.847
Epoch: [21/23], Batch: 380/2963, Loss: 45.051, Trans_L2_m: 0.381, Yaw_err_deg: 0.514
Epoch: [21/23], Batch: 390/2963, Loss: 37.699, Trans_L2_m: 0.164, Yaw_err_deg: 0.703
Epoch: [21/23], Batch: 400/2963, Loss: 43.557, Trans_L2_m: 0.396, Yaw_err_deg: 0.446
Epoch: [21/23], Batch: 410/2963, Loss: 45.294, Trans_L2_m: 0.368, Yaw_err_deg: 0.732
Epoch: [21/23], Batch: 420/2963, Loss: 58.794, Trans_L2_m: 0.369, Yaw_err_deg: 0.775
Epoch: [21/23], Batch: 430/2963, Loss: 45.340, Trans_L2_m: 0.446, Yaw_err_deg: 0.760
Epoch: [21/23], Batch: 440/2963, Loss: 47.185, Trans_L2_m: 0.385, Yaw_err_deg: 0.727
Epoch: [21/23], Batch: 450/2963, Loss: 42.111, Trans_L2_m: 0.327, Yaw_err_deg: 0.361
Epoch: [21/23], Batch: 460/2963, Loss: 47.264, Trans_L2_m: 0.334, Yaw_err_deg: 0.826
Epoch: [21/23], Batch: 470/2963, Loss: 51.098, Trans_L2_m: 0.535, Yaw_err_deg: 0.722
Epoch: [21/23], Batch: 480/2963, Loss: 45.616, Trans_L2_m: 0.456, Yaw_err_deg: 0.665
Epoch: [21/23], Batch: 490/2963, Loss: 46.098, Trans_L2_m: 0.420, Yaw_err_deg: 0.677
Epoch: [21/23], Batch: 500/2963, Loss: 42.323, Trans_L2_m: 0.336, Yaw_err_deg: 0.642
Epoch: [21/23], Batch: 510/2963, Loss: 42.549, Trans_L2_m: 0.309, Yaw_err_deg: 0.617
Epoch: [21/23], Batch: 520/2963, Loss: 45.993, Trans_L2_m: 0.280, Yaw_err_deg: 0.718
Epoch: [21/23], Batch: 530/2963, Loss: 41.065, Trans_L2_m: 0.321, Yaw_err_deg: 0.638
Epoch: [21/23], Batch: 540/2963, Loss: 52.918, Trans_L2_m: 0.430, Yaw_err_deg: 1.036
Epoch: [21/23], Batch: 550/2963, Loss: 44.722, Trans_L2_m: 0.411, Yaw_err_deg: 0.564
Epoch: [21/23], Batch: 560/2963, Loss: 42.733, Trans_L2_m: 0.344, Yaw_err_deg: 0.574
Epoch: [21/23], Batch: 570/2963, Loss: 44.769, Trans_L2_m: 0.481, Yaw_err_deg: 0.681
Epoch: [21/23], Batch: 580/2963, Loss: 45.106, Trans_L2_m: 0.406, Yaw_err_deg: 0.756
Epoch: [21/23], Batch: 590/2963, Loss: 39.630, Trans_L2_m: 0.365, Yaw_err_deg: 0.561
Epoch: [21/23], Batch: 600/2963, Loss: 46.901, Trans_L2_m: 0.378, Yaw_err_deg: 0.736
Epoch: [21/23], Batch: 610/2963, Loss: 49.860, Trans_L2_m: 0.314, Yaw_err_deg: 0.970
Epoch: [21/23], Batch: 620/2963, Loss: 52.451, Trans_L2_m: 0.422, Yaw_err_deg: 0.964
Epoch: [21/23], Batch: 630/2963, Loss: 42.209, Trans_L2_m: 0.469, Yaw_err_deg: 0.592
Epoch: [21/23], Batch: 640/2963, Loss: 42.897, Trans_L2_m: 0.279, Yaw_err_deg: 0.576
Epoch: [21/23], Batch: 650/2963, Loss: 43.727, Trans_L2_m: 0.473, Yaw_err_deg: 0.703
Epoch: [21/23], Batch: 660/2963, Loss: 46.013, Trans_L2_m: 0.403, Yaw_err_deg: 0.692
Epoch: [21/23], Batch: 670/2963, Loss: 44.308, Trans_L2_m: 0.443, Yaw_err_deg: 0.450
Epoch: [21/23], Batch: 680/2963, Loss: 47.691, Trans_L2_m: 0.343, Yaw_err_deg: 0.583
Epoch: [21/23], Batch: 690/2963, Loss: 54.637, Trans_L2_m: 0.276, Yaw_err_deg: 0.809
Epoch: [21/23], Batch: 700/2963, Loss: 43.479, Trans_L2_m: 0.387, Yaw_err_deg: 0.550
Epoch: [21/23], Batch: 710/2963, Loss: 39.152, Trans_L2_m: 0.340, Yaw_err_deg: 0.706
Epoch: [21/23], Batch: 720/2963, Loss: 45.340, Trans_L2_m: 0.346, Yaw_err_deg: 0.670
Epoch: [21/23], Batch: 730/2963, Loss: 42.914, Trans_L2_m: 0.355, Yaw_err_deg: 0.785
Epoch: [21/23], Batch: 740/2963, Loss: 47.670, Trans_L2_m: 0.492, Yaw_err_deg: 0.830
Epoch: [21/23], Batch: 750/2963, Loss: 43.816, Trans_L2_m: 0.308, Yaw_err_deg: 0.598
Epoch: [21/23], Batch: 760/2963, Loss: 65.744, Trans_L2_m: 0.377, Yaw_err_deg: 1.251
Epoch: [21/23], Batch: 770/2963, Loss: 43.939, Trans_L2_m: 0.433, Yaw_err_deg: 0.827
Epoch: [21/23], Batch: 780/2963, Loss: 43.306, Trans_L2_m: 0.377, Yaw_err_deg: 0.678
Epoch: [21/23], Batch: 790/2963, Loss: 48.332, Trans_L2_m: 0.415, Yaw_err_deg: 0.548
Epoch: [21/23], Batch: 800/2963, Loss: 40.834, Trans_L2_m: 0.256, Yaw_err_deg: 0.586
Epoch: [21/23], Batch: 810/2963, Loss: 36.998, Trans_L2_m: 0.295, Yaw_err_deg: 0.596
Epoch: [21/23], Batch: 820/2963, Loss: 49.543, Trans_L2_m: 0.271, Yaw_err_deg: 1.080
Epoch: [21/23], Batch: 830/2963, Loss: 45.340, Trans_L2_m: 0.410, Yaw_err_deg: 0.804
Epoch: [21/23], Batch: 840/2963, Loss: 52.771, Trans_L2_m: 0.306, Yaw_err_deg: 0.571
Epoch: [21/23], Batch: 850/2963, Loss: 40.188, Trans_L2_m: 0.263, Yaw_err_deg: 0.533
Epoch: [21/23], Batch: 860/2963, Loss: 75.235, Trans_L2_m: 0.382, Yaw_err_deg: 0.933
Epoch: [21/23], Batch: 870/2963, Loss: 46.418, Trans_L2_m: 0.296, Yaw_err_deg: 0.533
Epoch: [21/23], Batch: 880/2963, Loss: 39.324, Trans_L2_m: 0.296, Yaw_err_deg: 0.645
Epoch: [21/23], Batch: 890/2963, Loss: 42.323, Trans_L2_m: 0.249, Yaw_err_deg: 0.428
Epoch: [21/23], Batch: 900/2963, Loss: 42.363, Trans_L2_m: 0.340, Yaw_err_deg: 0.802
Epoch: [21/23], Batch: 910/2963, Loss: 42.106, Trans_L2_m: 0.249, Yaw_err_deg: 0.729
Epoch: [21/23], Batch: 920/2963, Loss: 42.396, Trans_L2_m: 0.272, Yaw_err_deg: 0.633
Epoch: [21/23], Batch: 930/2963, Loss: 52.940, Trans_L2_m: 0.419, Yaw_err_deg: 0.576
Epoch: [21/23], Batch: 940/2963, Loss: 37.715, Trans_L2_m: 0.248, Yaw_err_deg: 0.320
Epoch: [21/23], Batch: 950/2963, Loss: 53.068, Trans_L2_m: 0.300, Yaw_err_deg: 1.080
Epoch: [21/23], Batch: 960/2963, Loss: 49.545, Trans_L2_m: 0.372, Yaw_err_deg: 0.723
Epoch: [21/23], Batch: 970/2963, Loss: 50.398, Trans_L2_m: 0.368, Yaw_err_deg: 1.018
Epoch: [21/23], Batch: 980/2963, Loss: 48.512, Trans_L2_m: 0.348, Yaw_err_deg: 0.568
Epoch: [21/23], Batch: 990/2963, Loss: 44.078, Trans_L2_m: 0.385, Yaw_err_deg: 0.435
Epoch: [21/23], Batch: 1000/2963, Loss: 42.660, Trans_L2_m: 0.357, Yaw_err_deg: 0.698
Epoch: [21/23], Batch: 1010/2963, Loss: 49.307, Trans_L2_m: 0.354, Yaw_err_deg: 0.869
Epoch: [21/23], Batch: 1020/2963, Loss: 45.022, Trans_L2_m: 0.346, Yaw_err_deg: 0.469
Epoch: [21/23], Batch: 1030/2963, Loss: 45.579, Trans_L2_m: 0.489, Yaw_err_deg: 0.686
Epoch: [21/23], Batch: 1040/2963, Loss: 45.285, Trans_L2_m: 0.423, Yaw_err_deg: 0.498
Epoch: [21/23], Batch: 1050/2963, Loss: 46.926, Trans_L2_m: 0.452, Yaw_err_deg: 0.693
Epoch: [21/23], Batch: 1060/2963, Loss: 41.177, Trans_L2_m: 0.391, Yaw_err_deg: 0.622
Epoch: [21/23], Batch: 1070/2963, Loss: 48.632, Trans_L2_m: 0.440, Yaw_err_deg: 0.759
Epoch: [21/23], Batch: 1080/2963, Loss: 67.033, Trans_L2_m: 0.358, Yaw_err_deg: 1.403
Epoch: [21/23], Batch: 1090/2963, Loss: 41.814, Trans_L2_m: 0.326, Yaw_err_deg: 0.696
Epoch: [21/23], Batch: 1100/2963, Loss: 37.350, Trans_L2_m: 0.201, Yaw_err_deg: 0.495
Epoch: [21/23], Batch: 1110/2963, Loss: 41.374, Trans_L2_m: 0.302, Yaw_err_deg: 0.565
Epoch: [21/23], Batch: 1120/2963, Loss: 43.780, Trans_L2_m: 0.297, Yaw_err_deg: 0.480
Epoch: [21/23], Batch: 1130/2963, Loss: 51.608, Trans_L2_m: 0.328, Yaw_err_deg: 1.002
Epoch: [21/23], Batch: 1140/2963, Loss: 42.749, Trans_L2_m: 0.357, Yaw_err_deg: 0.420
Epoch: [21/23], Batch: 1150/2963, Loss: 37.281, Trans_L2_m: 0.324, Yaw_err_deg: 0.543
Epoch: [21/23], Batch: 1160/2963, Loss: 47.931, Trans_L2_m: 0.407, Yaw_err_deg: 0.711
Epoch: [21/23], Batch: 1170/2963, Loss: 45.976, Trans_L2_m: 0.446, Yaw_err_deg: 0.536
Epoch: [21/23], Batch: 1180/2963, Loss: 46.965, Trans_L2_m: 0.492, Yaw_err_deg: 0.647
Epoch: [21/23], Batch: 1190/2963, Loss: 42.664, Trans_L2_m: 0.351, Yaw_err_deg: 0.411
Epoch: [21/23], Batch: 1200/2963, Loss: 43.257, Trans_L2_m: 0.418, Yaw_err_deg: 0.679
Epoch: [21/23], Batch: 1210/2963, Loss: 43.972, Trans_L2_m: 0.464, Yaw_err_deg: 0.535
Epoch: [21/23], Batch: 1220/2963, Loss: 45.310, Trans_L2_m: 0.395, Yaw_err_deg: 0.792
Epoch: [21/23], Batch: 1230/2963, Loss: 75.032, Trans_L2_m: 0.409, Yaw_err_deg: 1.335
Epoch: [21/23], Batch: 1240/2963, Loss: 42.222, Trans_L2_m: 0.275, Yaw_err_deg: 0.643
Epoch: [21/23], Batch: 1250/2963, Loss: 48.343, Trans_L2_m: 0.411, Yaw_err_deg: 0.625
Epoch: [21/23], Batch: 1260/2963, Loss: 60.077, Trans_L2_m: 0.571, Yaw_err_deg: 0.948
Epoch: [21/23], Batch: 1270/2963, Loss: 44.318, Trans_L2_m: 0.422, Yaw_err_deg: 0.608
Epoch: [21/23], Batch: 1280/2963, Loss: 44.140, Trans_L2_m: 0.463, Yaw_err_deg: 0.770
Epoch: [21/23], Batch: 1290/2963, Loss: 46.988, Trans_L2_m: 0.341, Yaw_err_deg: 0.726
Epoch: [21/23], Batch: 1300/2963, Loss: 40.812, Trans_L2_m: 0.371, Yaw_err_deg: 0.509
Epoch: [21/23], Batch: 1310/2963, Loss: 44.584, Trans_L2_m: 0.366, Yaw_err_deg: 0.613
Epoch: [21/23], Batch: 1320/2963, Loss: 38.499, Trans_L2_m: 0.294, Yaw_err_deg: 0.469
Epoch: [21/23], Batch: 1330/2963, Loss: 43.625, Trans_L2_m: 0.349, Yaw_err_deg: 0.421
Epoch: [21/23], Batch: 1340/2963, Loss: 39.537, Trans_L2_m: 0.362, Yaw_err_deg: 0.677
Epoch: [21/23], Batch: 1350/2963, Loss: 43.545, Trans_L2_m: 0.407, Yaw_err_deg: 0.540
Epoch: [21/23], Batch: 1360/2963, Loss: 45.179, Trans_L2_m: 0.450, Yaw_err_deg: 0.771
Epoch: [21/23], Batch: 1370/2963, Loss: 46.392, Trans_L2_m: 0.381, Yaw_err_deg: 0.728
Epoch: [21/23], Batch: 1380/2963, Loss: 44.224, Trans_L2_m: 0.326, Yaw_err_deg: 0.815
Epoch: [21/23], Batch: 1390/2963, Loss: 40.232, Trans_L2_m: 0.295, Yaw_err_deg: 0.689
Epoch: [21/23], Batch: 1400/2963, Loss: 41.779, Trans_L2_m: 0.326, Yaw_err_deg: 0.497
Epoch: [21/23], Batch: 1410/2963, Loss: 52.112, Trans_L2_m: 0.407, Yaw_err_deg: 0.614
Epoch: [21/23], Batch: 1420/2963, Loss: 46.719, Trans_L2_m: 0.406, Yaw_err_deg: 0.816
Epoch: [21/23], Batch: 1430/2963, Loss: 42.947, Trans_L2_m: 0.302, Yaw_err_deg: 0.780
Epoch: [21/23], Batch: 1440/2963, Loss: 44.847, Trans_L2_m: 0.319, Yaw_err_deg: 0.562
Epoch: [21/23], Batch: 1450/2963, Loss: 44.133, Trans_L2_m: 0.297, Yaw_err_deg: 0.712
Epoch: [21/23], Batch: 1460/2963, Loss: 45.974, Trans_L2_m: 0.455, Yaw_err_deg: 0.575
Epoch: [21/23], Batch: 1470/2963, Loss: 41.118, Trans_L2_m: 0.390, Yaw_err_deg: 0.578
Epoch: [21/23], Batch: 1480/2963, Loss: 44.785, Trans_L2_m: 0.316, Yaw_err_deg: 0.682
Epoch: [21/23], Batch: 1490/2963, Loss: 41.525, Trans_L2_m: 0.385, Yaw_err_deg: 0.320
Epoch: [21/23], Batch: 1500/2963, Loss: 38.327, Trans_L2_m: 0.195, Yaw_err_deg: 0.672
Epoch: [21/23], Batch: 1510/2963, Loss: 51.231, Trans_L2_m: 0.497, Yaw_err_deg: 0.608
Epoch: [21/23], Batch: 1520/2963, Loss: 43.195, Trans_L2_m: 0.318, Yaw_err_deg: 0.685
Epoch: [21/23], Batch: 1530/2963, Loss: 42.576, Trans_L2_m: 0.351, Yaw_err_deg: 0.648
Epoch: [21/23], Batch: 1540/2963, Loss: 44.292, Trans_L2_m: 0.393, Yaw_err_deg: 0.577
Epoch: [21/23], Batch: 1550/2963, Loss: 41.584, Trans_L2_m: 0.378, Yaw_err_deg: 0.468
Epoch: [21/23], Batch: 1560/2963, Loss: 44.243, Trans_L2_m: 0.392, Yaw_err_deg: 0.600
Epoch: [21/23], Batch: 1570/2963, Loss: 44.471, Trans_L2_m: 0.273, Yaw_err_deg: 0.671
Epoch: [21/23], Batch: 1580/2963, Loss: 49.745, Trans_L2_m: 0.379, Yaw_err_deg: 0.903
Epoch: [21/23], Batch: 1590/2963, Loss: 51.601, Trans_L2_m: 0.422, Yaw_err_deg: 0.461
Epoch: [21/23], Batch: 1600/2963, Loss: 44.279, Trans_L2_m: 0.294, Yaw_err_deg: 0.609
Epoch: [21/23], Batch: 1610/2963, Loss: 40.257, Trans_L2_m: 0.411, Yaw_err_deg: 0.517
Epoch: [21/23], Batch: 1620/2963, Loss: 1039.855, Trans_L2_m: 0.321, Yaw_err_deg: 0.484
Epoch: [21/23], Batch: 1630/2963, Loss: 52.360, Trans_L2_m: 0.527, Yaw_err_deg: 0.720
Epoch: [21/23], Batch: 1640/2963, Loss: 41.692, Trans_L2_m: 0.331, Yaw_err_deg: 0.468
Epoch: [21/23], Batch: 1650/2963, Loss: 44.654, Trans_L2_m: 0.404, Yaw_err_deg: 0.646
Epoch: [21/23], Batch: 1660/2963, Loss: 52.245, Trans_L2_m: 0.462, Yaw_err_deg: 1.002
Epoch: [21/23], Batch: 1670/2963, Loss: 45.759, Trans_L2_m: 0.301, Yaw_err_deg: 0.792
Epoch: [21/23], Batch: 1680/2963, Loss: 40.607, Trans_L2_m: 0.324, Yaw_err_deg: 0.530
Epoch: [21/23], Batch: 1690/2963, Loss: 42.860, Trans_L2_m: 0.300, Yaw_err_deg: 0.622
Epoch: [21/23], Batch: 1700/2963, Loss: 38.429, Trans_L2_m: 0.290, Yaw_err_deg: 0.512
Epoch: [21/23], Batch: 1710/2963, Loss: 41.311, Trans_L2_m: 0.338, Yaw_err_deg: 0.549
Epoch: [21/23], Batch: 1720/2963, Loss: 49.185, Trans_L2_m: 0.481, Yaw_err_deg: 0.775
Epoch: [21/23], Batch: 1730/2963, Loss: 53.932, Trans_L2_m: 0.381, Yaw_err_deg: 1.171
Epoch: [21/23], Batch: 1740/2963, Loss: 48.495, Trans_L2_m: 0.449, Yaw_err_deg: 0.751
Epoch: [21/23], Batch: 1750/2963, Loss: 49.470, Trans_L2_m: 0.372, Yaw_err_deg: 0.833
Epoch: [21/23], Batch: 1760/2963, Loss: 45.546, Trans_L2_m: 0.346, Yaw_err_deg: 0.723
Epoch: [21/23], Batch: 1770/2963, Loss: 38.381, Trans_L2_m: 0.232, Yaw_err_deg: 0.785
Epoch: [21/23], Batch: 1780/2963, Loss: 43.188, Trans_L2_m: 0.302, Yaw_err_deg: 0.734
Epoch: [21/23], Batch: 1790/2963, Loss: 43.875, Trans_L2_m: 0.418, Yaw_err_deg: 0.953
Epoch: [21/23], Batch: 1800/2963, Loss: 44.925, Trans_L2_m: 0.256, Yaw_err_deg: 0.777
Epoch: [21/23], Batch: 1810/2963, Loss: 57.934, Trans_L2_m: 0.583, Yaw_err_deg: 1.086
Epoch: [21/23], Batch: 1820/2963, Loss: 48.713, Trans_L2_m: 0.387, Yaw_err_deg: 0.813
Epoch: [21/23], Batch: 1830/2963, Loss: 40.817, Trans_L2_m: 0.336, Yaw_err_deg: 0.468
Epoch: [21/23], Batch: 1840/2963, Loss: 49.305, Trans_L2_m: 0.458, Yaw_err_deg: 0.468
Epoch: [21/23], Batch: 1850/2963, Loss: 47.837, Trans_L2_m: 0.497, Yaw_err_deg: 0.675
Epoch: [21/23], Batch: 1860/2963, Loss: 43.025, Trans_L2_m: 0.406, Yaw_err_deg: 0.641
Epoch: [21/23], Batch: 1870/2963, Loss: 50.522, Trans_L2_m: 0.363, Yaw_err_deg: 0.835
Epoch: [21/23], Batch: 1880/2963, Loss: 47.020, Trans_L2_m: 0.446, Yaw_err_deg: 0.457
Epoch: [21/23], Batch: 1890/2963, Loss: 44.948, Trans_L2_m: 0.458, Yaw_err_deg: 0.353
Epoch: [21/23], Batch: 1900/2963, Loss: 48.283, Trans_L2_m: 0.392, Yaw_err_deg: 0.686
Epoch: [21/23], Batch: 1910/2963, Loss: 39.331, Trans_L2_m: 0.332, Yaw_err_deg: 0.595
Epoch: [21/23], Batch: 1920/2963, Loss: 50.076, Trans_L2_m: 0.332, Yaw_err_deg: 1.017
Epoch: [21/23], Batch: 1930/2963, Loss: 44.121, Trans_L2_m: 0.397, Yaw_err_deg: 0.482
Epoch: [21/23], Batch: 1940/2963, Loss: 45.462, Trans_L2_m: 0.317, Yaw_err_deg: 0.715
Epoch: [21/23], Batch: 1950/2963, Loss: 39.897, Trans_L2_m: 0.372, Yaw_err_deg: 0.444
Epoch: [21/23], Batch: 1960/2963, Loss: 42.639, Trans_L2_m: 0.356, Yaw_err_deg: 0.727
Epoch: [21/23], Batch: 1970/2963, Loss: 41.583, Trans_L2_m: 0.265, Yaw_err_deg: 0.734
Epoch: [21/23], Batch: 1980/2963, Loss: 40.658, Trans_L2_m: 0.456, Yaw_err_deg: 0.506
Epoch: [21/23], Batch: 1990/2963, Loss: 43.495, Trans_L2_m: 0.402, Yaw_err_deg: 0.463
Epoch: [21/23], Batch: 2000/2963, Loss: 45.932, Trans_L2_m: 0.404, Yaw_err_deg: 0.657
Epoch: [21/23], Batch: 2010/2963, Loss: 39.450, Trans_L2_m: 0.404, Yaw_err_deg: 0.510
Epoch: [21/23], Batch: 2020/2963, Loss: 36.786, Trans_L2_m: 0.318, Yaw_err_deg: 0.657
Epoch: [21/23], Batch: 2030/2963, Loss: 49.740, Trans_L2_m: 0.316, Yaw_err_deg: 0.740
Epoch: [21/23], Batch: 2040/2963, Loss: 42.116, Trans_L2_m: 0.374, Yaw_err_deg: 0.476
Epoch: [21/23], Batch: 2050/2963, Loss: 50.926, Trans_L2_m: 0.352, Yaw_err_deg: 0.981
Epoch: [21/23], Batch: 2060/2963, Loss: 45.682, Trans_L2_m: 0.392, Yaw_err_deg: 0.551
Epoch: [21/23], Batch: 2070/2963, Loss: 43.440, Trans_L2_m: 0.375, Yaw_err_deg: 0.713
Epoch: [21/23], Batch: 2080/2963, Loss: 51.714, Trans_L2_m: 0.443, Yaw_err_deg: 0.896
Epoch: [21/23], Batch: 2090/2963, Loss: 44.651, Trans_L2_m: 0.223, Yaw_err_deg: 0.969
Epoch: [21/23], Batch: 2100/2963, Loss: 39.346, Trans_L2_m: 0.371, Yaw_err_deg: 0.535
Epoch: [21/23], Batch: 2110/2963, Loss: 40.452, Trans_L2_m: 0.353, Yaw_err_deg: 0.460
Epoch: [21/23], Batch: 2120/2963, Loss: 43.351, Trans_L2_m: 0.364, Yaw_err_deg: 0.349
Epoch: [21/23], Batch: 2130/2963, Loss: 44.832, Trans_L2_m: 0.314, Yaw_err_deg: 0.734
Epoch: [21/23], Batch: 2140/2963, Loss: 41.504, Trans_L2_m: 0.278, Yaw_err_deg: 0.612
Epoch: [21/23], Batch: 2150/2963, Loss: 47.938, Trans_L2_m: 0.366, Yaw_err_deg: 0.862
Epoch: [21/23], Batch: 2160/2963, Loss: 40.903, Trans_L2_m: 0.353, Yaw_err_deg: 0.528
Epoch: [21/23], Batch: 2170/2963, Loss: 50.919, Trans_L2_m: 0.585, Yaw_err_deg: 0.658
Epoch: [21/23], Batch: 2180/2963, Loss: 46.972, Trans_L2_m: 0.314, Yaw_err_deg: 0.712
Epoch: [21/23], Batch: 2190/2963, Loss: 51.943, Trans_L2_m: 0.574, Yaw_err_deg: 0.654
Epoch: [21/23], Batch: 2200/2963, Loss: 46.514, Trans_L2_m: 0.333, Yaw_err_deg: 0.925
Epoch: [21/23], Batch: 2210/2963, Loss: 44.064, Trans_L2_m: 0.543, Yaw_err_deg: 0.428
Epoch: [21/23], Batch: 2220/2963, Loss: 39.603, Trans_L2_m: 0.325, Yaw_err_deg: 0.507
Epoch: [21/23], Batch: 2230/2963, Loss: 40.149, Trans_L2_m: 0.312, Yaw_err_deg: 0.534
Epoch: [21/23], Batch: 2240/2963, Loss: 43.846, Trans_L2_m: 0.413, Yaw_err_deg: 0.560
Epoch: [21/23], Batch: 2250/2963, Loss: 43.429, Trans_L2_m: 0.274, Yaw_err_deg: 0.842
Epoch: [21/23], Batch: 2260/2963, Loss: 47.743, Trans_L2_m: 0.380, Yaw_err_deg: 0.839
Epoch: [21/23], Batch: 2270/2963, Loss: 44.955, Trans_L2_m: 0.298, Yaw_err_deg: 0.940
Epoch: [21/23], Batch: 2280/2963, Loss: 47.659, Trans_L2_m: 0.329, Yaw_err_deg: 0.795
Epoch: [21/23], Batch: 2290/2963, Loss: 51.100, Trans_L2_m: 0.456, Yaw_err_deg: 0.820
Epoch: [21/23], Batch: 2300/2963, Loss: 41.729, Trans_L2_m: 0.402, Yaw_err_deg: 0.524
Epoch: [21/23], Batch: 2310/2963, Loss: 41.681, Trans_L2_m: 0.377, Yaw_err_deg: 0.595
Epoch: [21/23], Batch: 2320/2963, Loss: 43.883, Trans_L2_m: 0.360, Yaw_err_deg: 0.443
Epoch: [21/23], Batch: 2330/2963, Loss: 45.919, Trans_L2_m: 0.518, Yaw_err_deg: 0.486
Epoch: [21/23], Batch: 2340/2963, Loss: 44.224, Trans_L2_m: 0.450, Yaw_err_deg: 0.559
Epoch: [21/23], Batch: 2350/2963, Loss: 44.426, Trans_L2_m: 0.344, Yaw_err_deg: 0.639
Epoch: [21/23], Batch: 2360/2963, Loss: 46.383, Trans_L2_m: 0.319, Yaw_err_deg: 0.545
Epoch: [21/23], Batch: 2370/2963, Loss: 54.505, Trans_L2_m: 0.517, Yaw_err_deg: 0.773
Epoch: [21/23], Batch: 2380/2963, Loss: 48.172, Trans_L2_m: 0.321, Yaw_err_deg: 0.938
Epoch: [21/23], Batch: 2390/2963, Loss: 46.018, Trans_L2_m: 0.353, Yaw_err_deg: 0.655
Epoch: [21/23], Batch: 2400/2963, Loss: 50.751, Trans_L2_m: 0.260, Yaw_err_deg: 0.905
Epoch: [21/23], Batch: 2410/2963, Loss: 42.883, Trans_L2_m: 0.412, Yaw_err_deg: 0.745
Epoch: [21/23], Batch: 2420/2963, Loss: 45.179, Trans_L2_m: 0.375, Yaw_err_deg: 0.564
Epoch: [21/23], Batch: 2430/2963, Loss: 41.907, Trans_L2_m: 0.392, Yaw_err_deg: 0.527
Epoch: [21/23], Batch: 2440/2963, Loss: 44.132, Trans_L2_m: 0.232, Yaw_err_deg: 0.800
Epoch: [21/23], Batch: 2450/2963, Loss: 49.837, Trans_L2_m: 0.391, Yaw_err_deg: 0.915
Epoch: [21/23], Batch: 2460/2963, Loss: 50.061, Trans_L2_m: 0.281, Yaw_err_deg: 0.846
Epoch: [21/23], Batch: 2470/2963, Loss: 46.640, Trans_L2_m: 0.383, Yaw_err_deg: 0.613
Epoch: [21/23], Batch: 2480/2963, Loss: 43.968, Trans_L2_m: 0.523, Yaw_err_deg: 0.753
Epoch: [21/23], Batch: 2490/2963, Loss: 48.406, Trans_L2_m: 0.334, Yaw_err_deg: 0.669
Epoch: [21/23], Batch: 2500/2963, Loss: 42.836, Trans_L2_m: 0.333, Yaw_err_deg: 0.630
Epoch: [21/23], Batch: 2510/2963, Loss: 44.311, Trans_L2_m: 0.565, Yaw_err_deg: 0.572
Epoch: [21/23], Batch: 2520/2963, Loss: 41.299, Trans_L2_m: 0.343, Yaw_err_deg: 0.479
Epoch: [21/23], Batch: 2530/2963, Loss: 41.641, Trans_L2_m: 0.346, Yaw_err_deg: 0.526
Epoch: [21/23], Batch: 2540/2963, Loss: 46.607, Trans_L2_m: 0.468, Yaw_err_deg: 0.646
Epoch: [21/23], Batch: 2550/2963, Loss: 41.597, Trans_L2_m: 0.361, Yaw_err_deg: 0.642
Epoch: [21/23], Batch: 2560/2963, Loss: 42.624, Trans_L2_m: 0.323, Yaw_err_deg: 0.788
Epoch: [21/23], Batch: 2570/2963, Loss: 63.093, Trans_L2_m: 0.366, Yaw_err_deg: 0.986
Epoch: [21/23], Batch: 2580/2963, Loss: 43.577, Trans_L2_m: 0.463, Yaw_err_deg: 0.544
Epoch: [21/23], Batch: 2590/2963, Loss: 48.210, Trans_L2_m: 0.396, Yaw_err_deg: 0.682
Epoch: [21/23], Batch: 2600/2963, Loss: 46.156, Trans_L2_m: 0.330, Yaw_err_deg: 0.688
Epoch: [21/23], Batch: 2610/2963, Loss: 39.609, Trans_L2_m: 0.306, Yaw_err_deg: 0.731
Epoch: [21/23], Batch: 2620/2963, Loss: 43.586, Trans_L2_m: 0.340, Yaw_err_deg: 0.561
Epoch: [21/23], Batch: 2630/2963, Loss: 40.951, Trans_L2_m: 0.446, Yaw_err_deg: 0.408
Epoch: [21/23], Batch: 2640/2963, Loss: 56.058, Trans_L2_m: 0.352, Yaw_err_deg: 1.295
Epoch: [21/23], Batch: 2650/2963, Loss: 50.995, Trans_L2_m: 0.339, Yaw_err_deg: 1.208
Epoch: [21/23], Batch: 2660/2963, Loss: 47.701, Trans_L2_m: 0.444, Yaw_err_deg: 0.690
Epoch: [21/23], Batch: 2670/2963, Loss: 37.776, Trans_L2_m: 0.338, Yaw_err_deg: 0.375
Epoch: [21/23], Batch: 2680/2963, Loss: 44.723, Trans_L2_m: 0.248, Yaw_err_deg: 0.815
Epoch: [21/23], Batch: 2690/2963, Loss: 42.304, Trans_L2_m: 0.325, Yaw_err_deg: 0.630
Epoch: [21/23], Batch: 2700/2963, Loss: 38.651, Trans_L2_m: 0.309, Yaw_err_deg: 0.609
Epoch: [21/23], Batch: 2710/2963, Loss: 42.489, Trans_L2_m: 0.276, Yaw_err_deg: 0.686
Epoch: [21/23], Batch: 2720/2963, Loss: 45.430, Trans_L2_m: 0.364, Yaw_err_deg: 0.518
Epoch: [21/23], Batch: 2730/2963, Loss: 41.241, Trans_L2_m: 0.355, Yaw_err_deg: 0.510
Epoch: [21/23], Batch: 2740/2963, Loss: 49.488, Trans_L2_m: 0.383, Yaw_err_deg: 0.866
Epoch: [21/23], Batch: 2750/2963, Loss: 48.635, Trans_L2_m: 0.479, Yaw_err_deg: 0.572
Epoch: [21/23], Batch: 2760/2963, Loss: 38.557, Trans_L2_m: 0.288, Yaw_err_deg: 0.525
Epoch: [21/23], Batch: 2770/2963, Loss: 40.762, Trans_L2_m: 0.297, Yaw_err_deg: 0.807
Epoch: [21/23], Batch: 2780/2963, Loss: 44.818, Trans_L2_m: 0.396, Yaw_err_deg: 0.521
Epoch: [21/23], Batch: 2790/2963, Loss: 39.513, Trans_L2_m: 0.245, Yaw_err_deg: 0.491
Epoch: [21/23], Batch: 2800/2963, Loss: 45.742, Trans_L2_m: 0.383, Yaw_err_deg: 0.647
Epoch: [21/23], Batch: 2810/2963, Loss: 42.315, Trans_L2_m: 0.376, Yaw_err_deg: 0.466
Epoch: [21/23], Batch: 2820/2963, Loss: 58.669, Trans_L2_m: 0.425, Yaw_err_deg: 0.879
Epoch: [21/23], Batch: 2830/2963, Loss: 45.400, Trans_L2_m: 0.479, Yaw_err_deg: 0.511
Epoch: [21/23], Batch: 2840/2963, Loss: 39.561, Trans_L2_m: 0.338, Yaw_err_deg: 0.666
Epoch: [21/23], Batch: 2850/2963, Loss: 45.215, Trans_L2_m: 0.392, Yaw_err_deg: 0.532
Epoch: [21/23], Batch: 2860/2963, Loss: 44.241, Trans_L2_m: 0.340, Yaw_err_deg: 0.462
Epoch: [21/23], Batch: 2870/2963, Loss: 51.442, Trans_L2_m: 0.468, Yaw_err_deg: 0.581
Epoch: [21/23], Batch: 2880/2963, Loss: 71.088, Trans_L2_m: 0.456, Yaw_err_deg: 1.752
Epoch: [21/23], Batch: 2890/2963, Loss: 50.940, Trans_L2_m: 0.358, Yaw_err_deg: 0.689
Epoch: [21/23], Batch: 2900/2963, Loss: 48.188, Trans_L2_m: 0.356, Yaw_err_deg: 0.595
Epoch: [21/23], Batch: 2910/2963, Loss: 40.968, Trans_L2_m: 0.417, Yaw_err_deg: 0.701
Epoch: [21/23], Batch: 2920/2963, Loss: 58.170, Trans_L2_m: 0.253, Yaw_err_deg: 1.217
Epoch: [21/23], Batch: 2930/2963, Loss: 37.036, Trans_L2_m: 0.254, Yaw_err_deg: 0.426
Epoch: [21/23], Batch: 2940/2963, Loss: 48.318, Trans_L2_m: 0.385, Yaw_err_deg: 0.921
Epoch: [21/23], Batch: 2950/2963, Loss: 43.381, Trans_L2_m: 0.381, Yaw_err_deg: 0.556
Epoch: [21/23], Batch: 2960/2963, Loss: 37.990, Trans_L2_m: 0.314, Yaw_err_deg: 0.606
Validation loss (homography): 942.4273
Avg batch time: 984.75 ms, total: 319.096 s
[1;91mVal has no improvement vs 832.5582885742188![0m
Epoch: [22/23], Batch: 0/2963, Loss: 40.546, Trans_L2_m: 0.317, Yaw_err_deg: 0.506
Epoch: [22/23], Batch: 10/2963, Loss: 51.859, Trans_L2_m: 0.365, Yaw_err_deg: 0.536
Epoch: [22/23], Batch: 20/2963, Loss: 43.574, Trans_L2_m: 0.453, Yaw_err_deg: 0.651
Epoch: [22/23], Batch: 30/2963, Loss: 42.094, Trans_L2_m: 0.290, Yaw_err_deg: 0.896
Epoch: [22/23], Batch: 40/2963, Loss: 45.431, Trans_L2_m: 0.307, Yaw_err_deg: 0.643
Epoch: [22/23], Batch: 50/2963, Loss: 42.100, Trans_L2_m: 0.409, Yaw_err_deg: 0.619
Epoch: [22/23], Batch: 60/2963, Loss: 49.937, Trans_L2_m: 0.363, Yaw_err_deg: 0.812
Epoch: [22/23], Batch: 70/2963, Loss: 44.456, Trans_L2_m: 0.434, Yaw_err_deg: 0.883
Epoch: [22/23], Batch: 80/2963, Loss: 49.044, Trans_L2_m: 0.430, Yaw_err_deg: 1.182
Epoch: [22/23], Batch: 90/2963, Loss: 44.086, Trans_L2_m: 0.401, Yaw_err_deg: 0.922
Epoch: [22/23], Batch: 100/2963, Loss: 43.088, Trans_L2_m: 0.288, Yaw_err_deg: 0.567
Epoch: [22/23], Batch: 110/2963, Loss: 43.397, Trans_L2_m: 0.404, Yaw_err_deg: 0.646
Epoch: [22/23], Batch: 120/2963, Loss: 45.985, Trans_L2_m: 0.448, Yaw_err_deg: 0.683
Epoch: [22/23], Batch: 130/2963, Loss: 48.863, Trans_L2_m: 0.557, Yaw_err_deg: 0.498
Epoch: [22/23], Batch: 140/2963, Loss: 48.327, Trans_L2_m: 0.329, Yaw_err_deg: 0.859
Epoch: [22/23], Batch: 150/2963, Loss: 46.936, Trans_L2_m: 0.304, Yaw_err_deg: 0.860
Epoch: [22/23], Batch: 160/2963, Loss: 45.175, Trans_L2_m: 0.343, Yaw_err_deg: 0.703
Epoch: [22/23], Batch: 170/2963, Loss: 38.830, Trans_L2_m: 0.310, Yaw_err_deg: 0.570
Epoch: [22/23], Batch: 180/2963, Loss: 38.555, Trans_L2_m: 0.246, Yaw_err_deg: 0.559
Epoch: [22/23], Batch: 190/2963, Loss: 47.926, Trans_L2_m: 0.520, Yaw_err_deg: 0.439
Epoch: [22/23], Batch: 200/2963, Loss: 47.092, Trans_L2_m: 0.416, Yaw_err_deg: 0.736
Epoch: [22/23], Batch: 210/2963, Loss: 45.458, Trans_L2_m: 0.382, Yaw_err_deg: 0.545
Epoch: [22/23], Batch: 220/2963, Loss: 47.687, Trans_L2_m: 0.326, Yaw_err_deg: 0.647
Epoch: [22/23], Batch: 230/2963, Loss: 45.072, Trans_L2_m: 0.342, Yaw_err_deg: 0.572
Epoch: [22/23], Batch: 240/2963, Loss: 41.779, Trans_L2_m: 0.341, Yaw_err_deg: 0.559
Epoch: [22/23], Batch: 250/2963, Loss: 48.702, Trans_L2_m: 0.456, Yaw_err_deg: 0.497
Epoch: [22/23], Batch: 260/2963, Loss: 43.680, Trans_L2_m: 0.490, Yaw_err_deg: 0.559
Epoch: [22/23], Batch: 270/2963, Loss: 47.573, Trans_L2_m: 0.391, Yaw_err_deg: 0.562
Epoch: [22/23], Batch: 280/2963, Loss: 38.431, Trans_L2_m: 0.289, Yaw_err_deg: 0.438
Epoch: [22/23], Batch: 290/2963, Loss: 41.980, Trans_L2_m: 0.422, Yaw_err_deg: 0.579
Epoch: [22/23], Batch: 300/2963, Loss: 45.090, Trans_L2_m: 0.365, Yaw_err_deg: 0.452
Epoch: [22/23], Batch: 310/2963, Loss: 46.204, Trans_L2_m: 0.432, Yaw_err_deg: 0.664
Epoch: [22/23], Batch: 320/2963, Loss: 44.686, Trans_L2_m: 0.316, Yaw_err_deg: 0.796
Epoch: [22/23], Batch: 330/2963, Loss: 43.713, Trans_L2_m: 0.351, Yaw_err_deg: 0.754
Epoch: [22/23], Batch: 340/2963, Loss: 46.589, Trans_L2_m: 0.404, Yaw_err_deg: 0.625
Epoch: [22/23], Batch: 350/2963, Loss: 46.413, Trans_L2_m: 0.342, Yaw_err_deg: 0.684
Epoch: [22/23], Batch: 360/2963, Loss: 37.868, Trans_L2_m: 0.215, Yaw_err_deg: 0.509
Epoch: [22/23], Batch: 370/2963, Loss: 42.779, Trans_L2_m: 0.287, Yaw_err_deg: 0.784
Epoch: [22/23], Batch: 380/2963, Loss: 44.063, Trans_L2_m: 0.379, Yaw_err_deg: 0.735
Epoch: [22/23], Batch: 390/2963, Loss: 43.315, Trans_L2_m: 0.293, Yaw_err_deg: 0.719
Epoch: [22/23], Batch: 400/2963, Loss: 42.511, Trans_L2_m: 0.415, Yaw_err_deg: 0.691
Epoch: [22/23], Batch: 410/2963, Loss: 42.954, Trans_L2_m: 0.376, Yaw_err_deg: 0.568
Epoch: [22/23], Batch: 420/2963, Loss: 50.669, Trans_L2_m: 0.362, Yaw_err_deg: 0.642
Epoch: [22/23], Batch: 430/2963, Loss: 47.137, Trans_L2_m: 0.432, Yaw_err_deg: 0.526
Epoch: [22/23], Batch: 440/2963, Loss: 46.867, Trans_L2_m: 0.287, Yaw_err_deg: 0.659
Epoch: [22/23], Batch: 450/2963, Loss: 40.093, Trans_L2_m: 0.234, Yaw_err_deg: 0.479
Epoch: [22/23], Batch: 460/2963, Loss: 43.076, Trans_L2_m: 0.341, Yaw_err_deg: 0.621
Epoch: [22/23], Batch: 470/2963, Loss: 39.341, Trans_L2_m: 0.409, Yaw_err_deg: 0.323
Epoch: [22/23], Batch: 480/2963, Loss: 48.888, Trans_L2_m: 0.380, Yaw_err_deg: 0.863
Epoch: [22/23], Batch: 490/2963, Loss: 43.303, Trans_L2_m: 0.317, Yaw_err_deg: 0.681
Epoch: [22/23], Batch: 500/2963, Loss: 42.354, Trans_L2_m: 0.268, Yaw_err_deg: 0.512
Epoch: [22/23], Batch: 510/2963, Loss: 39.325, Trans_L2_m: 0.309, Yaw_err_deg: 0.622
Epoch: [22/23], Batch: 520/2963, Loss: 45.291, Trans_L2_m: 0.329, Yaw_err_deg: 0.623
Epoch: [22/23], Batch: 530/2963, Loss: 40.063, Trans_L2_m: 0.317, Yaw_err_deg: 0.534
Epoch: [22/23], Batch: 540/2963, Loss: 45.323, Trans_L2_m: 0.274, Yaw_err_deg: 0.599
Epoch: [22/23], Batch: 550/2963, Loss: 44.858, Trans_L2_m: 0.370, Yaw_err_deg: 0.426
Epoch: [22/23], Batch: 560/2963, Loss: 43.156, Trans_L2_m: 0.401, Yaw_err_deg: 0.493
Epoch: [22/23], Batch: 570/2963, Loss: 44.937, Trans_L2_m: 0.315, Yaw_err_deg: 0.618
Epoch: [22/23], Batch: 580/2963, Loss: 44.638, Trans_L2_m: 0.299, Yaw_err_deg: 0.597
Epoch: [22/23], Batch: 590/2963, Loss: 44.159, Trans_L2_m: 0.282, Yaw_err_deg: 0.729
Epoch: [22/23], Batch: 600/2963, Loss: 41.237, Trans_L2_m: 0.308, Yaw_err_deg: 0.548
Epoch: [22/23], Batch: 610/2963, Loss: 42.203, Trans_L2_m: 0.404, Yaw_err_deg: 0.311
Epoch: [22/23], Batch: 620/2963, Loss: 46.899, Trans_L2_m: 0.339, Yaw_err_deg: 0.776
Epoch: [22/23], Batch: 630/2963, Loss: 47.793, Trans_L2_m: 0.415, Yaw_err_deg: 0.556
Epoch: [22/23], Batch: 640/2963, Loss: 47.287, Trans_L2_m: 0.344, Yaw_err_deg: 0.976
Epoch: [22/23], Batch: 650/2963, Loss: 46.641, Trans_L2_m: 0.366, Yaw_err_deg: 0.780
Epoch: [22/23], Batch: 660/2963, Loss: 46.875, Trans_L2_m: 0.332, Yaw_err_deg: 0.834
Epoch: [22/23], Batch: 670/2963, Loss: 47.671, Trans_L2_m: 0.375, Yaw_err_deg: 0.560
Epoch: [22/23], Batch: 680/2963, Loss: 48.680, Trans_L2_m: 0.391, Yaw_err_deg: 0.797
Epoch: [22/23], Batch: 690/2963, Loss: 49.306, Trans_L2_m: 0.499, Yaw_err_deg: 0.571
Epoch: [22/23], Batch: 700/2963, Loss: 41.820, Trans_L2_m: 0.320, Yaw_err_deg: 0.453
Epoch: [22/23], Batch: 710/2963, Loss: 42.273, Trans_L2_m: 0.289, Yaw_err_deg: 0.768
Epoch: [22/23], Batch: 720/2963, Loss: 41.900, Trans_L2_m: 0.341, Yaw_err_deg: 0.544
Epoch: [22/23], Batch: 730/2963, Loss: 60.505, Trans_L2_m: 0.303, Yaw_err_deg: 1.235
Epoch: [22/23], Batch: 740/2963, Loss: 45.654, Trans_L2_m: 0.374, Yaw_err_deg: 0.569
Epoch: [22/23], Batch: 750/2963, Loss: 45.677, Trans_L2_m: 0.271, Yaw_err_deg: 0.615
Epoch: [22/23], Batch: 760/2963, Loss: 40.384, Trans_L2_m: 0.364, Yaw_err_deg: 0.437
Epoch: [22/23], Batch: 770/2963, Loss: 49.068, Trans_L2_m: 0.620, Yaw_err_deg: 0.671
Epoch: [22/23], Batch: 780/2963, Loss: 41.229, Trans_L2_m: 0.357, Yaw_err_deg: 0.601
Epoch: [22/23], Batch: 790/2963, Loss: 46.487, Trans_L2_m: 0.365, Yaw_err_deg: 0.778
Epoch: [22/23], Batch: 800/2963, Loss: 37.068, Trans_L2_m: 0.328, Yaw_err_deg: 0.480
Epoch: [22/23], Batch: 810/2963, Loss: 43.964, Trans_L2_m: 0.273, Yaw_err_deg: 0.576
Epoch: [22/23], Batch: 820/2963, Loss: 40.167, Trans_L2_m: 0.399, Yaw_err_deg: 0.675
Epoch: [22/23], Batch: 830/2963, Loss: 47.696, Trans_L2_m: 0.237, Yaw_err_deg: 1.076
Epoch: [22/23], Batch: 840/2963, Loss: 45.638, Trans_L2_m: 0.325, Yaw_err_deg: 0.556
Epoch: [22/23], Batch: 850/2963, Loss: 51.596, Trans_L2_m: 0.323, Yaw_err_deg: 0.910
Epoch: [22/23], Batch: 860/2963, Loss: 42.008, Trans_L2_m: 0.307, Yaw_err_deg: 0.662
Epoch: [22/23], Batch: 870/2963, Loss: 47.202, Trans_L2_m: 0.382, Yaw_err_deg: 0.728
Epoch: [22/23], Batch: 880/2963, Loss: 47.090, Trans_L2_m: 0.389, Yaw_err_deg: 0.491
Epoch: [22/23], Batch: 890/2963, Loss: 46.186, Trans_L2_m: 0.479, Yaw_err_deg: 0.398
Epoch: [22/23], Batch: 900/2963, Loss: 43.337, Trans_L2_m: 0.377, Yaw_err_deg: 0.461
Epoch: [22/23], Batch: 910/2963, Loss: 38.990, Trans_L2_m: 0.285, Yaw_err_deg: 0.413
Epoch: [22/23], Batch: 920/2963, Loss: 49.800, Trans_L2_m: 0.326, Yaw_err_deg: 0.791
Epoch: [22/23], Batch: 930/2963, Loss: 51.355, Trans_L2_m: 0.448, Yaw_err_deg: 0.580
Epoch: [22/23], Batch: 940/2963, Loss: 41.319, Trans_L2_m: 0.281, Yaw_err_deg: 0.376
Epoch: [22/23], Batch: 950/2963, Loss: 45.172, Trans_L2_m: 0.346, Yaw_err_deg: 0.550
Epoch: [22/23], Batch: 960/2963, Loss: 44.681, Trans_L2_m: 0.370, Yaw_err_deg: 0.642
Epoch: [22/23], Batch: 970/2963, Loss: 40.848, Trans_L2_m: 0.361, Yaw_err_deg: 0.479
Epoch: [22/23], Batch: 980/2963, Loss: 52.898, Trans_L2_m: 0.347, Yaw_err_deg: 0.949
Epoch: [22/23], Batch: 990/2963, Loss: 46.895, Trans_L2_m: 0.429, Yaw_err_deg: 0.573
Epoch: [22/23], Batch: 1000/2963, Loss: 39.043, Trans_L2_m: 0.238, Yaw_err_deg: 0.466
Epoch: [22/23], Batch: 1010/2963, Loss: 43.181, Trans_L2_m: 0.391, Yaw_err_deg: 0.886
Epoch: [22/23], Batch: 1020/2963, Loss: 42.723, Trans_L2_m: 0.356, Yaw_err_deg: 0.590
Epoch: [22/23], Batch: 1030/2963, Loss: 43.174, Trans_L2_m: 0.320, Yaw_err_deg: 0.504
Epoch: [22/23], Batch: 1040/2963, Loss: 41.307, Trans_L2_m: 0.336, Yaw_err_deg: 0.594
Epoch: [22/23], Batch: 1050/2963, Loss: 48.490, Trans_L2_m: 0.329, Yaw_err_deg: 0.932
Epoch: [22/23], Batch: 1060/2963, Loss: 39.145, Trans_L2_m: 0.377, Yaw_err_deg: 0.414
Epoch: [22/23], Batch: 1070/2963, Loss: 42.637, Trans_L2_m: 0.424, Yaw_err_deg: 0.492
Epoch: [22/23], Batch: 1080/2963, Loss: 43.811, Trans_L2_m: 0.379, Yaw_err_deg: 0.668
Epoch: [22/23], Batch: 1090/2963, Loss: 37.533, Trans_L2_m: 0.262, Yaw_err_deg: 0.598
Epoch: [22/23], Batch: 1100/2963, Loss: 39.443, Trans_L2_m: 0.328, Yaw_err_deg: 0.583
Epoch: [22/23], Batch: 1110/2963, Loss: 44.125, Trans_L2_m: 0.328, Yaw_err_deg: 0.548
Epoch: [22/23], Batch: 1120/2963, Loss: 36.617, Trans_L2_m: 0.361, Yaw_err_deg: 0.446
Epoch: [22/23], Batch: 1130/2963, Loss: 52.161, Trans_L2_m: 0.330, Yaw_err_deg: 0.898
Epoch: [22/23], Batch: 1140/2963, Loss: 40.866, Trans_L2_m: 0.372, Yaw_err_deg: 0.494
Epoch: [22/23], Batch: 1150/2963, Loss: 52.167, Trans_L2_m: 0.445, Yaw_err_deg: 0.644
Epoch: [22/23], Batch: 1160/2963, Loss: 41.142, Trans_L2_m: 0.281, Yaw_err_deg: 0.571
Epoch: [22/23], Batch: 1170/2963, Loss: 44.597, Trans_L2_m: 0.355, Yaw_err_deg: 0.492
Epoch: [22/23], Batch: 1180/2963, Loss: 38.693, Trans_L2_m: 0.270, Yaw_err_deg: 0.552
Epoch: [22/23], Batch: 1190/2963, Loss: 46.387, Trans_L2_m: 0.415, Yaw_err_deg: 0.622
Epoch: [22/23], Batch: 1200/2963, Loss: 58.012, Trans_L2_m: 0.492, Yaw_err_deg: 0.753
Epoch: [22/23], Batch: 1210/2963, Loss: 42.342, Trans_L2_m: 0.273, Yaw_err_deg: 0.723
Epoch: [22/23], Batch: 1220/2963, Loss: 35.986, Trans_L2_m: 0.265, Yaw_err_deg: 0.466
Epoch: [22/23], Batch: 1230/2963, Loss: 48.796, Trans_L2_m: 0.384, Yaw_err_deg: 0.675
Epoch: [22/23], Batch: 1240/2963, Loss: 42.545, Trans_L2_m: 0.354, Yaw_err_deg: 0.624
Epoch: [22/23], Batch: 1250/2963, Loss: 36.750, Trans_L2_m: 0.282, Yaw_err_deg: 0.437
Epoch: [22/23], Batch: 1260/2963, Loss: 41.496, Trans_L2_m: 0.390, Yaw_err_deg: 0.514
Epoch: [22/23], Batch: 1270/2963, Loss: 45.628, Trans_L2_m: 0.375, Yaw_err_deg: 0.542
Epoch: [22/23], Batch: 1280/2963, Loss: 40.809, Trans_L2_m: 0.281, Yaw_err_deg: 0.616
Epoch: [22/23], Batch: 1290/2963, Loss: 46.773, Trans_L2_m: 0.333, Yaw_err_deg: 0.955
Epoch: [22/23], Batch: 1300/2963, Loss: 47.136, Trans_L2_m: 0.467, Yaw_err_deg: 0.513
Epoch: [22/23], Batch: 1310/2963, Loss: 47.865, Trans_L2_m: 0.410, Yaw_err_deg: 0.646
Epoch: [22/23], Batch: 1320/2963, Loss: 41.183, Trans_L2_m: 0.319, Yaw_err_deg: 0.596
Epoch: [22/23], Batch: 1330/2963, Loss: 43.123, Trans_L2_m: 0.295, Yaw_err_deg: 0.696
Epoch: [22/23], Batch: 1340/2963, Loss: 47.559, Trans_L2_m: 0.271, Yaw_err_deg: 0.868
Epoch: [22/23], Batch: 1350/2963, Loss: 45.859, Trans_L2_m: 0.466, Yaw_err_deg: 0.507
Epoch: [22/23], Batch: 1360/2963, Loss: 55.406, Trans_L2_m: 0.427, Yaw_err_deg: 0.812
Epoch: [22/23], Batch: 1370/2963, Loss: 39.773, Trans_L2_m: 0.258, Yaw_err_deg: 0.774
Epoch: [22/23], Batch: 1380/2963, Loss: 48.111, Trans_L2_m: 0.367, Yaw_err_deg: 0.676
Epoch: [22/23], Batch: 1390/2963, Loss: 44.893, Trans_L2_m: 0.425, Yaw_err_deg: 0.675
Epoch: [22/23], Batch: 1400/2963, Loss: 47.095, Trans_L2_m: 0.444, Yaw_err_deg: 0.618
Epoch: [22/23], Batch: 1410/2963, Loss: 43.660, Trans_L2_m: 0.303, Yaw_err_deg: 0.641
Epoch: [22/23], Batch: 1420/2963, Loss: 44.925, Trans_L2_m: 0.356, Yaw_err_deg: 0.755
Epoch: [22/23], Batch: 1430/2963, Loss: 42.099, Trans_L2_m: 0.235, Yaw_err_deg: 0.666
Epoch: [22/23], Batch: 1440/2963, Loss: 44.139, Trans_L2_m: 0.499, Yaw_err_deg: 0.424
Epoch: [22/23], Batch: 1450/2963, Loss: 44.088, Trans_L2_m: 0.441, Yaw_err_deg: 0.561
Epoch: [22/23], Batch: 1460/2963, Loss: 41.468, Trans_L2_m: 0.406, Yaw_err_deg: 0.458
Epoch: [22/23], Batch: 1470/2963, Loss: 42.347, Trans_L2_m: 0.371, Yaw_err_deg: 0.497
Epoch: [22/23], Batch: 1480/2963, Loss: 41.529, Trans_L2_m: 0.306, Yaw_err_deg: 0.537
Epoch: [22/23], Batch: 1490/2963, Loss: 48.186, Trans_L2_m: 0.370, Yaw_err_deg: 0.813
Epoch: [22/23], Batch: 1500/2963, Loss: 39.998, Trans_L2_m: 0.279, Yaw_err_deg: 0.713
Epoch: [22/23], Batch: 1510/2963, Loss: 40.482, Trans_L2_m: 0.301, Yaw_err_deg: 0.540
Epoch: [22/23], Batch: 1520/2963, Loss: 39.382, Trans_L2_m: 0.314, Yaw_err_deg: 0.418
Epoch: [22/23], Batch: 1530/2963, Loss: 58.474, Trans_L2_m: 0.431, Yaw_err_deg: 1.009
Epoch: [22/23], Batch: 1540/2963, Loss: 47.804, Trans_L2_m: 0.581, Yaw_err_deg: 0.621
Epoch: [22/23], Batch: 1550/2963, Loss: 50.774, Trans_L2_m: 0.377, Yaw_err_deg: 0.946
Epoch: [22/23], Batch: 1560/2963, Loss: 42.704, Trans_L2_m: 0.348, Yaw_err_deg: 0.642
Epoch: [22/23], Batch: 1570/2963, Loss: 44.828, Trans_L2_m: 0.359, Yaw_err_deg: 0.517
Epoch: [22/23], Batch: 1580/2963, Loss: 39.171, Trans_L2_m: 0.258, Yaw_err_deg: 0.749
Epoch: [22/23], Batch: 1590/2963, Loss: 40.669, Trans_L2_m: 0.371, Yaw_err_deg: 0.445
Epoch: [22/23], Batch: 1600/2963, Loss: 41.586, Trans_L2_m: 0.249, Yaw_err_deg: 0.719
Epoch: [22/23], Batch: 1610/2963, Loss: 42.614, Trans_L2_m: 0.394, Yaw_err_deg: 0.525
Epoch: [22/23], Batch: 1620/2963, Loss: 45.850, Trans_L2_m: 0.339, Yaw_err_deg: 0.723
Epoch: [22/23], Batch: 1630/2963, Loss: 45.523, Trans_L2_m: 0.215, Yaw_err_deg: 0.799
Epoch: [22/23], Batch: 1640/2963, Loss: 45.730, Trans_L2_m: 0.377, Yaw_err_deg: 0.468
Epoch: [22/23], Batch: 1650/2963, Loss: 47.466, Trans_L2_m: 0.376, Yaw_err_deg: 0.708
Epoch: [22/23], Batch: 1660/2963, Loss: 42.155, Trans_L2_m: 0.321, Yaw_err_deg: 0.583
Epoch: [22/23], Batch: 1670/2963, Loss: 44.244, Trans_L2_m: 0.358, Yaw_err_deg: 0.677
Epoch: [22/23], Batch: 1680/2963, Loss: 45.320, Trans_L2_m: 0.446, Yaw_err_deg: 0.567
Epoch: [22/23], Batch: 1690/2963, Loss: 45.476, Trans_L2_m: 0.342, Yaw_err_deg: 0.807
Epoch: [22/23], Batch: 1700/2963, Loss: 43.079, Trans_L2_m: 0.350, Yaw_err_deg: 0.552
Epoch: [22/23], Batch: 1710/2963, Loss: 48.798, Trans_L2_m: 0.443, Yaw_err_deg: 0.751
Epoch: [22/23], Batch: 1720/2963, Loss: 40.734, Trans_L2_m: 0.348, Yaw_err_deg: 0.568
Epoch: [22/23], Batch: 1730/2963, Loss: 49.088, Trans_L2_m: 0.335, Yaw_err_deg: 0.561
Epoch: [22/23], Batch: 1740/2963, Loss: 42.252, Trans_L2_m: 0.346, Yaw_err_deg: 0.504
Epoch: [22/23], Batch: 1750/2963, Loss: 44.974, Trans_L2_m: 0.318, Yaw_err_deg: 0.777
Epoch: [22/23], Batch: 1760/2963, Loss: 52.329, Trans_L2_m: 0.447, Yaw_err_deg: 0.831
Epoch: [22/23], Batch: 1770/2963, Loss: 43.286, Trans_L2_m: 0.328, Yaw_err_deg: 0.598
Epoch: [22/23], Batch: 1780/2963, Loss: 39.610, Trans_L2_m: 0.312, Yaw_err_deg: 0.516
Epoch: [22/23], Batch: 1790/2963, Loss: 39.426, Trans_L2_m: 0.334, Yaw_err_deg: 0.458
Epoch: [22/23], Batch: 1800/2963, Loss: 40.739, Trans_L2_m: 0.349, Yaw_err_deg: 0.654
Epoch: [22/23], Batch: 1810/2963, Loss: 42.332, Trans_L2_m: 0.399, Yaw_err_deg: 0.559
Epoch: [22/23], Batch: 1820/2963, Loss: 41.340, Trans_L2_m: 0.269, Yaw_err_deg: 0.403
Epoch: [22/23], Batch: 1830/2963, Loss: 45.751, Trans_L2_m: 0.371, Yaw_err_deg: 0.689
Epoch: [22/23], Batch: 1840/2963, Loss: 44.854, Trans_L2_m: 0.387, Yaw_err_deg: 0.468
Epoch: [22/23], Batch: 1850/2963, Loss: 44.131, Trans_L2_m: 0.279, Yaw_err_deg: 0.666
Epoch: [22/23], Batch: 1860/2963, Loss: 39.454, Trans_L2_m: 0.364, Yaw_err_deg: 0.586
Epoch: [22/23], Batch: 1870/2963, Loss: 42.695, Trans_L2_m: 0.371, Yaw_err_deg: 0.444
Epoch: [22/23], Batch: 1880/2963, Loss: 41.893, Trans_L2_m: 0.293, Yaw_err_deg: 0.344
Epoch: [22/23], Batch: 1890/2963, Loss: 41.436, Trans_L2_m: 0.434, Yaw_err_deg: 0.559
Epoch: [22/23], Batch: 1900/2963, Loss: 59.119, Trans_L2_m: 0.421, Yaw_err_deg: 1.076
Epoch: [22/23], Batch: 1910/2963, Loss: 61.006, Trans_L2_m: 0.316, Yaw_err_deg: 1.157
Epoch: [22/23], Batch: 1920/2963, Loss: 40.398, Trans_L2_m: 0.355, Yaw_err_deg: 0.504
Epoch: [22/23], Batch: 1930/2963, Loss: 42.366, Trans_L2_m: 0.244, Yaw_err_deg: 0.705
Epoch: [22/23], Batch: 1940/2963, Loss: 49.596, Trans_L2_m: 0.443, Yaw_err_deg: 0.630
Epoch: [22/23], Batch: 1950/2963, Loss: 38.535, Trans_L2_m: 0.291, Yaw_err_deg: 0.788
Epoch: [22/23], Batch: 1960/2963, Loss: 47.744, Trans_L2_m: 0.520, Yaw_err_deg: 0.360
Epoch: [22/23], Batch: 1970/2963, Loss: 46.480, Trans_L2_m: 0.334, Yaw_err_deg: 0.977
Epoch: [22/23], Batch: 1980/2963, Loss: 48.438, Trans_L2_m: 0.425, Yaw_err_deg: 0.739
Epoch: [22/23], Batch: 1990/2963, Loss: 41.619, Trans_L2_m: 0.333, Yaw_err_deg: 0.454
Epoch: [22/23], Batch: 2000/2963, Loss: 42.551, Trans_L2_m: 0.297, Yaw_err_deg: 0.627
Epoch: [22/23], Batch: 2010/2963, Loss: 40.920, Trans_L2_m: 0.374, Yaw_err_deg: 0.440
Epoch: [22/23], Batch: 2020/2963, Loss: 43.593, Trans_L2_m: 0.339, Yaw_err_deg: 0.615
Epoch: [22/23], Batch: 2030/2963, Loss: 40.540, Trans_L2_m: 0.269, Yaw_err_deg: 0.739
Epoch: [22/23], Batch: 2040/2963, Loss: 42.618, Trans_L2_m: 0.221, Yaw_err_deg: 0.686
Epoch: [22/23], Batch: 2050/2963, Loss: 46.688, Trans_L2_m: 0.228, Yaw_err_deg: 0.712
Epoch: [22/23], Batch: 2060/2963, Loss: 42.947, Trans_L2_m: 0.311, Yaw_err_deg: 0.662
Epoch: [22/23], Batch: 2070/2963, Loss: 44.112, Trans_L2_m: 0.417, Yaw_err_deg: 0.516
Epoch: [22/23], Batch: 2080/2963, Loss: 44.643, Trans_L2_m: 0.388, Yaw_err_deg: 0.367
Epoch: [22/23], Batch: 2090/2963, Loss: 38.219, Trans_L2_m: 0.307, Yaw_err_deg: 0.443
Epoch: [22/23], Batch: 2100/2963, Loss: 46.192, Trans_L2_m: 0.486, Yaw_err_deg: 0.520
Epoch: [22/23], Batch: 2110/2963, Loss: 39.625, Trans_L2_m: 0.281, Yaw_err_deg: 0.532
Epoch: [22/23], Batch: 2120/2963, Loss: 44.853, Trans_L2_m: 0.396, Yaw_err_deg: 0.486
Epoch: [22/23], Batch: 2130/2963, Loss: 40.567, Trans_L2_m: 0.408, Yaw_err_deg: 0.442
Epoch: [22/23], Batch: 2140/2963, Loss: 45.104, Trans_L2_m: 0.387, Yaw_err_deg: 0.687
Epoch: [22/23], Batch: 2150/2963, Loss: 40.609, Trans_L2_m: 0.201, Yaw_err_deg: 0.662
Epoch: [22/23], Batch: 2160/2963, Loss: 40.074, Trans_L2_m: 0.316, Yaw_err_deg: 0.395
Epoch: [22/23], Batch: 2170/2963, Loss: 38.433, Trans_L2_m: 0.330, Yaw_err_deg: 0.581
Epoch: [22/23], Batch: 2180/2963, Loss: 45.629, Trans_L2_m: 0.402, Yaw_err_deg: 0.612
Epoch: [22/23], Batch: 2190/2963, Loss: 39.764, Trans_L2_m: 0.279, Yaw_err_deg: 0.560
Epoch: [22/23], Batch: 2200/2963, Loss: 41.404, Trans_L2_m: 0.289, Yaw_err_deg: 0.564
Epoch: [22/23], Batch: 2210/2963, Loss: 41.763, Trans_L2_m: 0.306, Yaw_err_deg: 0.566
Epoch: [22/23], Batch: 2220/2963, Loss: 44.765, Trans_L2_m: 0.350, Yaw_err_deg: 0.581
Epoch: [22/23], Batch: 2230/2963, Loss: 47.886, Trans_L2_m: 0.374, Yaw_err_deg: 0.403
Epoch: [22/23], Batch: 2240/2963, Loss: 47.795, Trans_L2_m: 0.459, Yaw_err_deg: 0.798
Epoch: [22/23], Batch: 2250/2963, Loss: 44.014, Trans_L2_m: 0.353, Yaw_err_deg: 0.569
Epoch: [22/23], Batch: 2260/2963, Loss: 55.860, Trans_L2_m: 0.323, Yaw_err_deg: 0.305
Epoch: [22/23], Batch: 2270/2963, Loss: 47.370, Trans_L2_m: 0.471, Yaw_err_deg: 0.561
Epoch: [22/23], Batch: 2280/2963, Loss: 43.941, Trans_L2_m: 0.268, Yaw_err_deg: 0.783
Epoch: [22/23], Batch: 2290/2963, Loss: 38.015, Trans_L2_m: 0.192, Yaw_err_deg: 0.521
Epoch: [22/23], Batch: 2300/2963, Loss: 40.442, Trans_L2_m: 0.323, Yaw_err_deg: 0.611
Epoch: [22/23], Batch: 2310/2963, Loss: 46.330, Trans_L2_m: 0.455, Yaw_err_deg: 0.642
Epoch: [22/23], Batch: 2320/2963, Loss: 48.207, Trans_L2_m: 0.331, Yaw_err_deg: 0.794
Epoch: [22/23], Batch: 2330/2963, Loss: 39.442, Trans_L2_m: 0.325, Yaw_err_deg: 0.479
Epoch: [22/23], Batch: 2340/2963, Loss: 40.772, Trans_L2_m: 0.299, Yaw_err_deg: 0.572
Epoch: [22/23], Batch: 2350/2963, Loss: 43.125, Trans_L2_m: 0.320, Yaw_err_deg: 0.569
Epoch: [22/23], Batch: 2360/2963, Loss: 44.504, Trans_L2_m: 0.308, Yaw_err_deg: 0.723
Epoch: [22/23], Batch: 2370/2963, Loss: 36.840, Trans_L2_m: 0.342, Yaw_err_deg: 0.483
Epoch: [22/23], Batch: 2380/2963, Loss: 42.418, Trans_L2_m: 0.295, Yaw_err_deg: 0.765
Epoch: [22/23], Batch: 2390/2963, Loss: 41.048, Trans_L2_m: 0.409, Yaw_err_deg: 0.595
Epoch: [22/23], Batch: 2400/2963, Loss: 44.863, Trans_L2_m: 0.474, Yaw_err_deg: 0.648
Epoch: [22/23], Batch: 2410/2963, Loss: 44.050, Trans_L2_m: 0.397, Yaw_err_deg: 0.712
Epoch: [22/23], Batch: 2420/2963, Loss: 48.042, Trans_L2_m: 0.335, Yaw_err_deg: 1.071
Epoch: [22/23], Batch: 2430/2963, Loss: 51.590, Trans_L2_m: 0.441, Yaw_err_deg: 0.828
Epoch: [22/23], Batch: 2440/2963, Loss: 40.805, Trans_L2_m: 0.212, Yaw_err_deg: 0.705
Epoch: [22/23], Batch: 2450/2963, Loss: 42.220, Trans_L2_m: 0.335, Yaw_err_deg: 0.626
Epoch: [22/23], Batch: 2460/2963, Loss: 43.506, Trans_L2_m: 0.332, Yaw_err_deg: 0.656
Epoch: [22/23], Batch: 2470/2963, Loss: 37.542, Trans_L2_m: 0.245, Yaw_err_deg: 0.577
Epoch: [22/23], Batch: 2480/2963, Loss: 46.509, Trans_L2_m: 0.378, Yaw_err_deg: 0.778
Epoch: [22/23], Batch: 2490/2963, Loss: 43.789, Trans_L2_m: 0.490, Yaw_err_deg: 0.400
Epoch: [22/23], Batch: 2500/2963, Loss: 45.496, Trans_L2_m: 0.429, Yaw_err_deg: 0.643
Epoch: [22/23], Batch: 2510/2963, Loss: 43.233, Trans_L2_m: 0.331, Yaw_err_deg: 0.578
Epoch: [22/23], Batch: 2520/2963, Loss: 44.838, Trans_L2_m: 0.295, Yaw_err_deg: 0.574
Epoch: [22/23], Batch: 2530/2963, Loss: 43.339, Trans_L2_m: 0.327, Yaw_err_deg: 0.534
Epoch: [22/23], Batch: 2540/2963, Loss: 46.493, Trans_L2_m: 0.381, Yaw_err_deg: 0.822
Epoch: [22/23], Batch: 2550/2963, Loss: 40.475, Trans_L2_m: 0.280, Yaw_err_deg: 0.647
Epoch: [22/23], Batch: 2560/2963, Loss: 51.508, Trans_L2_m: 0.485, Yaw_err_deg: 0.668
Epoch: [22/23], Batch: 2570/2963, Loss: 39.546, Trans_L2_m: 0.224, Yaw_err_deg: 0.639
Epoch: [22/23], Batch: 2580/2963, Loss: 38.970, Trans_L2_m: 0.333, Yaw_err_deg: 0.570
Epoch: [22/23], Batch: 2590/2963, Loss: 39.453, Trans_L2_m: 0.358, Yaw_err_deg: 0.577
Epoch: [22/23], Batch: 2600/2963, Loss: 49.174, Trans_L2_m: 0.257, Yaw_err_deg: 0.704
Epoch: [22/23], Batch: 2610/2963, Loss: 46.059, Trans_L2_m: 0.372, Yaw_err_deg: 0.736
Epoch: [22/23], Batch: 2620/2963, Loss: 44.625, Trans_L2_m: 0.376, Yaw_err_deg: 0.702
Epoch: [22/23], Batch: 2630/2963, Loss: 43.050, Trans_L2_m: 0.326, Yaw_err_deg: 0.623
Epoch: [22/23], Batch: 2640/2963, Loss: 46.232, Trans_L2_m: 0.355, Yaw_err_deg: 0.756
Epoch: [22/23], Batch: 2650/2963, Loss: 50.441, Trans_L2_m: 0.326, Yaw_err_deg: 0.802
Epoch: [22/23], Batch: 2660/2963, Loss: 41.716, Trans_L2_m: 0.342, Yaw_err_deg: 0.609
Epoch: [22/23], Batch: 2670/2963, Loss: 49.630, Trans_L2_m: 0.497, Yaw_err_deg: 0.680
Epoch: [22/23], Batch: 2680/2963, Loss: 41.014, Trans_L2_m: 0.323, Yaw_err_deg: 0.485
Epoch: [22/23], Batch: 2690/2963, Loss: 41.340, Trans_L2_m: 0.292, Yaw_err_deg: 0.685
Epoch: [22/23], Batch: 2700/2963, Loss: 42.992, Trans_L2_m: 0.444, Yaw_err_deg: 0.550
Epoch: [22/23], Batch: 2710/2963, Loss: 35.462, Trans_L2_m: 0.297, Yaw_err_deg: 0.744
Epoch: [22/23], Batch: 2720/2963, Loss: 40.645, Trans_L2_m: 0.269, Yaw_err_deg: 0.692
Epoch: [22/23], Batch: 2730/2963, Loss: 38.299, Trans_L2_m: 0.287, Yaw_err_deg: 0.479
Epoch: [22/23], Batch: 2740/2963, Loss: 46.869, Trans_L2_m: 0.435, Yaw_err_deg: 0.641
Epoch: [22/23], Batch: 2750/2963, Loss: 49.467, Trans_L2_m: 0.353, Yaw_err_deg: 0.716
Epoch: [22/23], Batch: 2760/2963, Loss: 41.343, Trans_L2_m: 0.393, Yaw_err_deg: 0.462
Epoch: [22/23], Batch: 2770/2963, Loss: 41.070, Trans_L2_m: 0.361, Yaw_err_deg: 0.554
Epoch: [22/23], Batch: 2780/2963, Loss: 43.019, Trans_L2_m: 0.302, Yaw_err_deg: 0.574
Epoch: [22/23], Batch: 2790/2963, Loss: 44.961, Trans_L2_m: 0.340, Yaw_err_deg: 0.512
Epoch: [22/23], Batch: 2800/2963, Loss: 46.710, Trans_L2_m: 0.441, Yaw_err_deg: 0.546
Epoch: [22/23], Batch: 2810/2963, Loss: 48.447, Trans_L2_m: 0.555, Yaw_err_deg: 0.438
Epoch: [22/23], Batch: 2820/2963, Loss: 47.595, Trans_L2_m: 0.374, Yaw_err_deg: 0.679
Epoch: [22/23], Batch: 2830/2963, Loss: 41.855, Trans_L2_m: 0.396, Yaw_err_deg: 0.529
Epoch: [22/23], Batch: 2840/2963, Loss: 41.095, Trans_L2_m: 0.253, Yaw_err_deg: 0.519
Epoch: [22/23], Batch: 2850/2963, Loss: 43.813, Trans_L2_m: 0.387, Yaw_err_deg: 0.698
Epoch: [22/23], Batch: 2860/2963, Loss: 41.526, Trans_L2_m: 0.343, Yaw_err_deg: 0.362
Epoch: [22/23], Batch: 2870/2963, Loss: 45.182, Trans_L2_m: 0.401, Yaw_err_deg: 0.461
Epoch: [22/23], Batch: 2880/2963, Loss: 38.061, Trans_L2_m: 0.255, Yaw_err_deg: 0.325
Epoch: [22/23], Batch: 2890/2963, Loss: 37.861, Trans_L2_m: 0.317, Yaw_err_deg: 0.547
Epoch: [22/23], Batch: 2900/2963, Loss: 42.804, Trans_L2_m: 0.324, Yaw_err_deg: 0.410
Epoch: [22/23], Batch: 2910/2963, Loss: 39.180, Trans_L2_m: 0.296, Yaw_err_deg: 0.373
Epoch: [22/23], Batch: 2920/2963, Loss: 38.452, Trans_L2_m: 0.316, Yaw_err_deg: 0.693
Epoch: [22/23], Batch: 2930/2963, Loss: 41.311, Trans_L2_m: 0.284, Yaw_err_deg: 0.422
Epoch: [22/23], Batch: 2940/2963, Loss: 41.714, Trans_L2_m: 0.355, Yaw_err_deg: 0.457
Epoch: [22/23], Batch: 2950/2963, Loss: 45.214, Trans_L2_m: 0.454, Yaw_err_deg: 0.473
Epoch: [22/23], Batch: 2960/2963, Loss: 47.196, Trans_L2_m: 0.533, Yaw_err_deg: 0.580
Epoch: [23/23], Batch: 0/2963, Loss: 48.471, Trans_L2_m: 0.403, Yaw_err_deg: 0.736
Epoch: [23/23], Batch: 10/2963, Loss: 46.242, Trans_L2_m: 0.357, Yaw_err_deg: 0.425
Epoch: [23/23], Batch: 20/2963, Loss: 46.803, Trans_L2_m: 0.342, Yaw_err_deg: 0.779
Epoch: [23/23], Batch: 30/2963, Loss: 43.724, Trans_L2_m: 0.425, Yaw_err_deg: 0.448
Epoch: [23/23], Batch: 40/2963, Loss: 55.076, Trans_L2_m: 0.422, Yaw_err_deg: 1.109
Epoch: [23/23], Batch: 50/2963, Loss: 44.781, Trans_L2_m: 0.286, Yaw_err_deg: 0.695
Epoch: [23/23], Batch: 60/2963, Loss: 40.373, Trans_L2_m: 0.328, Yaw_err_deg: 0.500
Epoch: [23/23], Batch: 70/2963, Loss: 43.112, Trans_L2_m: 0.291, Yaw_err_deg: 0.599
Epoch: [23/23], Batch: 80/2963, Loss: 43.463, Trans_L2_m: 0.256, Yaw_err_deg: 0.800
Epoch: [23/23], Batch: 90/2963, Loss: 37.437, Trans_L2_m: 0.371, Yaw_err_deg: 0.483
Epoch: [23/23], Batch: 100/2963, Loss: 41.102, Trans_L2_m: 0.320, Yaw_err_deg: 0.373
Epoch: [23/23], Batch: 110/2963, Loss: 47.110, Trans_L2_m: 0.496, Yaw_err_deg: 0.554
Epoch: [23/23], Batch: 120/2963, Loss: 43.350, Trans_L2_m: 0.360, Yaw_err_deg: 0.582
Epoch: [23/23], Batch: 130/2963, Loss: 56.284, Trans_L2_m: 0.364, Yaw_err_deg: 0.890
Epoch: [23/23], Batch: 140/2963, Loss: 40.869, Trans_L2_m: 0.295, Yaw_err_deg: 0.520
Epoch: [23/23], Batch: 150/2963, Loss: 44.331, Trans_L2_m: 0.348, Yaw_err_deg: 0.624
Epoch: [23/23], Batch: 160/2963, Loss: 41.915, Trans_L2_m: 0.318, Yaw_err_deg: 0.467
Epoch: [23/23], Batch: 170/2963, Loss: 47.822, Trans_L2_m: 0.384, Yaw_err_deg: 0.652
Epoch: [23/23], Batch: 180/2963, Loss: 45.261, Trans_L2_m: 0.335, Yaw_err_deg: 0.667
Epoch: [23/23], Batch: 190/2963, Loss: 42.109, Trans_L2_m: 0.337, Yaw_err_deg: 0.529
Epoch: [23/23], Batch: 200/2963, Loss: 42.142, Trans_L2_m: 0.476, Yaw_err_deg: 0.365
Epoch: [23/23], Batch: 210/2963, Loss: 47.210, Trans_L2_m: 0.343, Yaw_err_deg: 0.726
Epoch: [23/23], Batch: 220/2963, Loss: 43.678, Trans_L2_m: 0.435, Yaw_err_deg: 0.430
Epoch: [23/23], Batch: 230/2963, Loss: 46.516, Trans_L2_m: 0.377, Yaw_err_deg: 0.757
Epoch: [23/23], Batch: 240/2963, Loss: 45.051, Trans_L2_m: 0.409, Yaw_err_deg: 0.662
Epoch: [23/23], Batch: 250/2963, Loss: 38.400, Trans_L2_m: 0.288, Yaw_err_deg: 0.451
Epoch: [23/23], Batch: 260/2963, Loss: 44.835, Trans_L2_m: 0.362, Yaw_err_deg: 0.597
Epoch: [23/23], Batch: 270/2963, Loss: 35.847, Trans_L2_m: 0.284, Yaw_err_deg: 0.341
Epoch: [23/23], Batch: 280/2963, Loss: 43.587, Trans_L2_m: 0.297, Yaw_err_deg: 0.738
Epoch: [23/23], Batch: 290/2963, Loss: 41.628, Trans_L2_m: 0.355, Yaw_err_deg: 0.486
Epoch: [23/23], Batch: 300/2963, Loss: 37.169, Trans_L2_m: 0.313, Yaw_err_deg: 0.541
Epoch: [23/23], Batch: 310/2963, Loss: 40.808, Trans_L2_m: 0.232, Yaw_err_deg: 0.668
Epoch: [23/23], Batch: 320/2963, Loss: 37.379, Trans_L2_m: 0.348, Yaw_err_deg: 0.535
Epoch: [23/23], Batch: 330/2963, Loss: 41.989, Trans_L2_m: 0.359, Yaw_err_deg: 0.479
Epoch: [23/23], Batch: 340/2963, Loss: 41.432, Trans_L2_m: 0.300, Yaw_err_deg: 0.513
Epoch: [23/23], Batch: 350/2963, Loss: 46.333, Trans_L2_m: 0.373, Yaw_err_deg: 0.540
Epoch: [23/23], Batch: 360/2963, Loss: 49.708, Trans_L2_m: 0.441, Yaw_err_deg: 0.552
Epoch: [23/23], Batch: 370/2963, Loss: 36.083, Trans_L2_m: 0.251, Yaw_err_deg: 0.470
Epoch: [23/23], Batch: 380/2963, Loss: 44.772, Trans_L2_m: 0.292, Yaw_err_deg: 0.663
Epoch: [23/23], Batch: 390/2963, Loss: 40.734, Trans_L2_m: 0.343, Yaw_err_deg: 0.502
Epoch: [23/23], Batch: 400/2963, Loss: 40.545, Trans_L2_m: 0.370, Yaw_err_deg: 0.411
Epoch: [23/23], Batch: 410/2963, Loss: 40.460, Trans_L2_m: 0.347, Yaw_err_deg: 0.557
Epoch: [23/23], Batch: 420/2963, Loss: 46.111, Trans_L2_m: 0.373, Yaw_err_deg: 0.662
Epoch: [23/23], Batch: 430/2963, Loss: 40.000, Trans_L2_m: 0.359, Yaw_err_deg: 0.526
Epoch: [23/23], Batch: 440/2963, Loss: 42.498, Trans_L2_m: 0.325, Yaw_err_deg: 0.588
Epoch: [23/23], Batch: 450/2963, Loss: 38.577, Trans_L2_m: 0.261, Yaw_err_deg: 0.492
Epoch: [23/23], Batch: 460/2963, Loss: 43.683, Trans_L2_m: 0.417, Yaw_err_deg: 0.513
Epoch: [23/23], Batch: 470/2963, Loss: 41.192, Trans_L2_m: 0.401, Yaw_err_deg: 0.297
Epoch: [23/23], Batch: 480/2963, Loss: 43.280, Trans_L2_m: 0.394, Yaw_err_deg: 0.525
Epoch: [23/23], Batch: 490/2963, Loss: 48.038, Trans_L2_m: 0.399, Yaw_err_deg: 0.693
Epoch: [23/23], Batch: 500/2963, Loss: 43.889, Trans_L2_m: 0.397, Yaw_err_deg: 0.667
Epoch: [23/23], Batch: 510/2963, Loss: 57.015, Trans_L2_m: 0.397, Yaw_err_deg: 1.172
Epoch: [23/23], Batch: 520/2963, Loss: 41.738, Trans_L2_m: 0.297, Yaw_err_deg: 0.672
Epoch: [23/23], Batch: 530/2963, Loss: 38.805, Trans_L2_m: 0.254, Yaw_err_deg: 0.671
Epoch: [23/23], Batch: 540/2963, Loss: 43.411, Trans_L2_m: 0.287, Yaw_err_deg: 0.797
Epoch: [23/23], Batch: 550/2963, Loss: 42.237, Trans_L2_m: 0.332, Yaw_err_deg: 0.390
Epoch: [23/23], Batch: 560/2963, Loss: 49.258, Trans_L2_m: 0.522, Yaw_err_deg: 0.594
Epoch: [23/23], Batch: 570/2963, Loss: 40.042, Trans_L2_m: 0.300, Yaw_err_deg: 0.510
Epoch: [23/23], Batch: 580/2963, Loss: 46.098, Trans_L2_m: 0.240, Yaw_err_deg: 0.621
Epoch: [23/23], Batch: 590/2963, Loss: 44.418, Trans_L2_m: 0.366, Yaw_err_deg: 0.800
Epoch: [23/23], Batch: 600/2963, Loss: 37.537, Trans_L2_m: 0.306, Yaw_err_deg: 0.561
Epoch: [23/23], Batch: 610/2963, Loss: 48.495, Trans_L2_m: 0.473, Yaw_err_deg: 0.552
Epoch: [23/23], Batch: 620/2963, Loss: 45.892, Trans_L2_m: 0.422, Yaw_err_deg: 0.586
Epoch: [23/23], Batch: 630/2963, Loss: 43.339, Trans_L2_m: 0.349, Yaw_err_deg: 0.594
Epoch: [23/23], Batch: 640/2963, Loss: 42.646, Trans_L2_m: 0.271, Yaw_err_deg: 0.463
Epoch: [23/23], Batch: 650/2963, Loss: 40.845, Trans_L2_m: 0.289, Yaw_err_deg: 0.493
Epoch: [23/23], Batch: 660/2963, Loss: 43.457, Trans_L2_m: 0.330, Yaw_err_deg: 0.559
Epoch: [23/23], Batch: 670/2963, Loss: 41.368, Trans_L2_m: 0.414, Yaw_err_deg: 0.611
Epoch: [23/23], Batch: 680/2963, Loss: 41.922, Trans_L2_m: 0.305, Yaw_err_deg: 0.701
Epoch: [23/23], Batch: 690/2963, Loss: 45.005, Trans_L2_m: 0.345, Yaw_err_deg: 0.601
Epoch: [23/23], Batch: 700/2963, Loss: 43.815, Trans_L2_m: 0.413, Yaw_err_deg: 0.712
Epoch: [23/23], Batch: 710/2963, Loss: 49.863, Trans_L2_m: 0.377, Yaw_err_deg: 0.709
Epoch: [23/23], Batch: 720/2963, Loss: 45.079, Trans_L2_m: 0.422, Yaw_err_deg: 0.407
Epoch: [23/23], Batch: 730/2963, Loss: 37.860, Trans_L2_m: 0.300, Yaw_err_deg: 0.566
Epoch: [23/23], Batch: 740/2963, Loss: 50.431, Trans_L2_m: 0.391, Yaw_err_deg: 0.752
Epoch: [23/23], Batch: 750/2963, Loss: 40.866, Trans_L2_m: 0.331, Yaw_err_deg: 0.607
Epoch: [23/23], Batch: 760/2963, Loss: 46.658, Trans_L2_m: 0.412, Yaw_err_deg: 0.783
Epoch: [23/23], Batch: 770/2963, Loss: 44.453, Trans_L2_m: 0.398, Yaw_err_deg: 0.477
Epoch: [23/23], Batch: 780/2963, Loss: 40.276, Trans_L2_m: 0.370, Yaw_err_deg: 0.343
Epoch: [23/23], Batch: 790/2963, Loss: 35.751, Trans_L2_m: 0.215, Yaw_err_deg: 0.757
Epoch: [23/23], Batch: 800/2963, Loss: 42.257, Trans_L2_m: 0.320, Yaw_err_deg: 0.562
Epoch: [23/23], Batch: 810/2963, Loss: 45.957, Trans_L2_m: 0.410, Yaw_err_deg: 0.384
Epoch: [23/23], Batch: 820/2963, Loss: 53.267, Trans_L2_m: 0.376, Yaw_err_deg: 0.602
Epoch: [23/23], Batch: 830/2963, Loss: 42.641, Trans_L2_m: 0.294, Yaw_err_deg: 0.663
Epoch: [23/23], Batch: 840/2963, Loss: 45.254, Trans_L2_m: 0.217, Yaw_err_deg: 0.748
Epoch: [23/23], Batch: 850/2963, Loss: 50.041, Trans_L2_m: 0.504, Yaw_err_deg: 0.732
Epoch: [23/23], Batch: 860/2963, Loss: 44.246, Trans_L2_m: 0.365, Yaw_err_deg: 0.743
Epoch: [23/23], Batch: 870/2963, Loss: 37.435, Trans_L2_m: 0.285, Yaw_err_deg: 0.368
Epoch: [23/23], Batch: 880/2963, Loss: 43.475, Trans_L2_m: 0.255, Yaw_err_deg: 0.617
Epoch: [23/23], Batch: 890/2963, Loss: 48.593, Trans_L2_m: 0.403, Yaw_err_deg: 0.778
Epoch: [23/23], Batch: 900/2963, Loss: 43.949, Trans_L2_m: 0.443, Yaw_err_deg: 0.441
Epoch: [23/23], Batch: 910/2963, Loss: 36.314, Trans_L2_m: 0.252, Yaw_err_deg: 0.326
Epoch: [23/23], Batch: 920/2963, Loss: 47.353, Trans_L2_m: 0.321, Yaw_err_deg: 0.944
Epoch: [23/23], Batch: 930/2963, Loss: 54.159, Trans_L2_m: 0.255, Yaw_err_deg: 1.108
Epoch: [23/23], Batch: 940/2963, Loss: 43.091, Trans_L2_m: 0.300, Yaw_err_deg: 0.627
Epoch: [23/23], Batch: 950/2963, Loss: 44.708, Trans_L2_m: 0.299, Yaw_err_deg: 0.684
Epoch: [23/23], Batch: 960/2963, Loss: 46.250, Trans_L2_m: 0.330, Yaw_err_deg: 0.765
Epoch: [23/23], Batch: 970/2963, Loss: 41.639, Trans_L2_m: 0.268, Yaw_err_deg: 0.600
Epoch: [23/23], Batch: 980/2963, Loss: 56.093, Trans_L2_m: 0.424, Yaw_err_deg: 0.510
Epoch: [23/23], Batch: 990/2963, Loss: 46.234, Trans_L2_m: 0.412, Yaw_err_deg: 0.599
Epoch: [23/23], Batch: 1000/2963, Loss: 41.174, Trans_L2_m: 0.424, Yaw_err_deg: 0.688
Epoch: [23/23], Batch: 1010/2963, Loss: 47.794, Trans_L2_m: 0.344, Yaw_err_deg: 0.520
Epoch: [23/23], Batch: 1020/2963, Loss: 40.816, Trans_L2_m: 0.278, Yaw_err_deg: 0.726
Epoch: [23/23], Batch: 1030/2963, Loss: 40.033, Trans_L2_m: 0.270, Yaw_err_deg: 0.492
Epoch: [23/23], Batch: 1040/2963, Loss: 46.201, Trans_L2_m: 0.442, Yaw_err_deg: 0.775
Epoch: [23/23], Batch: 1050/2963, Loss: 44.737, Trans_L2_m: 0.456, Yaw_err_deg: 0.569
Epoch: [23/23], Batch: 1060/2963, Loss: 36.329, Trans_L2_m: 0.267, Yaw_err_deg: 0.340
Epoch: [23/23], Batch: 1070/2963, Loss: 42.601, Trans_L2_m: 0.336, Yaw_err_deg: 0.592
Epoch: [23/23], Batch: 1080/2963, Loss: 46.605, Trans_L2_m: 0.408, Yaw_err_deg: 0.893
Epoch: [23/23], Batch: 1090/2963, Loss: 38.275, Trans_L2_m: 0.311, Yaw_err_deg: 0.470
Epoch: [23/23], Batch: 1100/2963, Loss: 42.811, Trans_L2_m: 0.381, Yaw_err_deg: 0.509
Epoch: [23/23], Batch: 1110/2963, Loss: 44.553, Trans_L2_m: 0.435, Yaw_err_deg: 0.519
Epoch: [23/23], Batch: 1120/2963, Loss: 50.324, Trans_L2_m: 0.364, Yaw_err_deg: 1.024
Epoch: [23/23], Batch: 1130/2963, Loss: 43.039, Trans_L2_m: 0.342, Yaw_err_deg: 0.378
Epoch: [23/23], Batch: 1140/2963, Loss: 42.580, Trans_L2_m: 0.380, Yaw_err_deg: 0.578
Epoch: [23/23], Batch: 1150/2963, Loss: 36.792, Trans_L2_m: 0.229, Yaw_err_deg: 0.481
Epoch: [23/23], Batch: 1160/2963, Loss: 42.080, Trans_L2_m: 0.407, Yaw_err_deg: 0.581
Epoch: [23/23], Batch: 1170/2963, Loss: 45.995, Trans_L2_m: 0.492, Yaw_err_deg: 0.518
Epoch: [23/23], Batch: 1180/2963, Loss: 43.347, Trans_L2_m: 0.344, Yaw_err_deg: 0.679
Epoch: [23/23], Batch: 1190/2963, Loss: 40.359, Trans_L2_m: 0.263, Yaw_err_deg: 0.487
Epoch: [23/23], Batch: 1200/2963, Loss: 47.358, Trans_L2_m: 0.486, Yaw_err_deg: 0.772
Epoch: [23/23], Batch: 1210/2963, Loss: 39.267, Trans_L2_m: 0.358, Yaw_err_deg: 0.455
Epoch: [23/23], Batch: 1220/2963, Loss: 49.028, Trans_L2_m: 0.352, Yaw_err_deg: 0.783
Epoch: [23/23], Batch: 1230/2963, Loss: 41.559, Trans_L2_m: 0.384, Yaw_err_deg: 0.717
Epoch: [23/23], Batch: 1240/2963, Loss: 40.037, Trans_L2_m: 0.326, Yaw_err_deg: 0.538
Epoch: [23/23], Batch: 1250/2963, Loss: 44.099, Trans_L2_m: 0.342, Yaw_err_deg: 0.649
Epoch: [23/23], Batch: 1260/2963, Loss: 53.534, Trans_L2_m: 0.357, Yaw_err_deg: 0.875
Epoch: [23/23], Batch: 1270/2963, Loss: 43.552, Trans_L2_m: 0.404, Yaw_err_deg: 0.577
Epoch: [23/23], Batch: 1280/2963, Loss: 38.265, Trans_L2_m: 0.261, Yaw_err_deg: 0.692
Epoch: [23/23], Batch: 1290/2963, Loss: 38.267, Trans_L2_m: 0.288, Yaw_err_deg: 0.545
Epoch: [23/23], Batch: 1300/2963, Loss: 36.562, Trans_L2_m: 0.272, Yaw_err_deg: 0.475
Epoch: [23/23], Batch: 1310/2963, Loss: 40.556, Trans_L2_m: 0.354, Yaw_err_deg: 0.505
Epoch: [23/23], Batch: 1320/2963, Loss: 41.117, Trans_L2_m: 0.305, Yaw_err_deg: 0.581
Epoch: [23/23], Batch: 1330/2963, Loss: 48.707, Trans_L2_m: 0.492, Yaw_err_deg: 0.577
Epoch: [23/23], Batch: 1340/2963, Loss: 44.416, Trans_L2_m: 0.429, Yaw_err_deg: 0.568
Epoch: [23/23], Batch: 1350/2963, Loss: 43.887, Trans_L2_m: 0.351, Yaw_err_deg: 0.683
Epoch: [23/23], Batch: 1360/2963, Loss: 40.366, Trans_L2_m: 0.363, Yaw_err_deg: 0.547
Epoch: [23/23], Batch: 1370/2963, Loss: 38.120, Trans_L2_m: 0.377, Yaw_err_deg: 0.538
Epoch: [23/23], Batch: 1380/2963, Loss: 40.116, Trans_L2_m: 0.244, Yaw_err_deg: 0.574
Epoch: [23/23], Batch: 1390/2963, Loss: 44.392, Trans_L2_m: 0.327, Yaw_err_deg: 0.624
Epoch: [23/23], Batch: 1400/2963, Loss: 41.989, Trans_L2_m: 0.366, Yaw_err_deg: 0.503
Epoch: [23/23], Batch: 1410/2963, Loss: 41.677, Trans_L2_m: 0.323, Yaw_err_deg: 0.463
Epoch: [23/23], Batch: 1420/2963, Loss: 41.844, Trans_L2_m: 0.354, Yaw_err_deg: 0.738
Epoch: [23/23], Batch: 1430/2963, Loss: 49.617, Trans_L2_m: 0.319, Yaw_err_deg: 1.053
Epoch: [23/23], Batch: 1440/2963, Loss: 42.872, Trans_L2_m: 0.331, Yaw_err_deg: 0.645
Epoch: [23/23], Batch: 1450/2963, Loss: 42.570, Trans_L2_m: 0.363, Yaw_err_deg: 0.850
Epoch: [23/23], Batch: 1460/2963, Loss: 37.072, Trans_L2_m: 0.259, Yaw_err_deg: 0.472
Epoch: [23/23], Batch: 1470/2963, Loss: 42.764, Trans_L2_m: 0.245, Yaw_err_deg: 0.590
Epoch: [23/23], Batch: 1480/2963, Loss: 41.692, Trans_L2_m: 0.328, Yaw_err_deg: 0.499
Epoch: [23/23], Batch: 1490/2963, Loss: 46.345, Trans_L2_m: 0.357, Yaw_err_deg: 0.846
Epoch: [23/23], Batch: 1500/2963, Loss: 43.346, Trans_L2_m: 0.297, Yaw_err_deg: 0.404
Epoch: [23/23], Batch: 1510/2963, Loss: 42.786, Trans_L2_m: 0.349, Yaw_err_deg: 0.762
Epoch: [23/23], Batch: 1520/2963, Loss: 37.330, Trans_L2_m: 0.299, Yaw_err_deg: 0.405
Epoch: [23/23], Batch: 1530/2963, Loss: 42.605, Trans_L2_m: 0.451, Yaw_err_deg: 0.464
Epoch: [23/23], Batch: 1540/2963, Loss: 43.419, Trans_L2_m: 0.396, Yaw_err_deg: 0.587
Epoch: [23/23], Batch: 1550/2963, Loss: 42.812, Trans_L2_m: 0.364, Yaw_err_deg: 0.473
Epoch: [23/23], Batch: 1560/2963, Loss: 41.344, Trans_L2_m: 0.251, Yaw_err_deg: 0.755
Epoch: [23/23], Batch: 1570/2963, Loss: 37.340, Trans_L2_m: 0.253, Yaw_err_deg: 0.420
Epoch: [23/23], Batch: 1580/2963, Loss: 47.058, Trans_L2_m: 0.378, Yaw_err_deg: 0.728
Epoch: [23/23], Batch: 1590/2963, Loss: 46.715, Trans_L2_m: 0.467, Yaw_err_deg: 0.580
Epoch: [23/23], Batch: 1600/2963, Loss: 40.088, Trans_L2_m: 0.380, Yaw_err_deg: 0.460
Epoch: [23/23], Batch: 1610/2963, Loss: 44.052, Trans_L2_m: 0.306, Yaw_err_deg: 0.552
Epoch: [23/23], Batch: 1620/2963, Loss: 40.309, Trans_L2_m: 0.274, Yaw_err_deg: 0.565
Epoch: [23/23], Batch: 1630/2963, Loss: 39.164, Trans_L2_m: 0.296, Yaw_err_deg: 0.605
Epoch: [23/23], Batch: 1640/2963, Loss: 38.727, Trans_L2_m: 0.258, Yaw_err_deg: 0.442
Epoch: [23/23], Batch: 1650/2963, Loss: 40.408, Trans_L2_m: 0.328, Yaw_err_deg: 0.592
Epoch: [23/23], Batch: 1660/2963, Loss: 38.163, Trans_L2_m: 0.261, Yaw_err_deg: 0.473
Epoch: [23/23], Batch: 1670/2963, Loss: 40.590, Trans_L2_m: 0.269, Yaw_err_deg: 0.486
Epoch: [23/23], Batch: 1680/2963, Loss: 42.874, Trans_L2_m: 0.280, Yaw_err_deg: 0.524
Epoch: [23/23], Batch: 1690/2963, Loss: 45.345, Trans_L2_m: 0.491, Yaw_err_deg: 0.515
Epoch: [23/23], Batch: 1700/2963, Loss: 49.066, Trans_L2_m: 0.378, Yaw_err_deg: 0.674
Epoch: [23/23], Batch: 1710/2963, Loss: 45.016, Trans_L2_m: 0.329, Yaw_err_deg: 0.770
Epoch: [23/23], Batch: 1720/2963, Loss: 43.443, Trans_L2_m: 0.380, Yaw_err_deg: 0.660
Epoch: [23/23], Batch: 1730/2963, Loss: 52.943, Trans_L2_m: 0.513, Yaw_err_deg: 0.959
Epoch: [23/23], Batch: 1740/2963, Loss: 44.284, Trans_L2_m: 0.313, Yaw_err_deg: 0.702
Epoch: [23/23], Batch: 1750/2963, Loss: 46.365, Trans_L2_m: 0.302, Yaw_err_deg: 0.576
Epoch: [23/23], Batch: 1760/2963, Loss: 37.070, Trans_L2_m: 0.347, Yaw_err_deg: 0.268
Epoch: [23/23], Batch: 1770/2963, Loss: 43.446, Trans_L2_m: 0.494, Yaw_err_deg: 0.425
Epoch: [23/23], Batch: 1780/2963, Loss: 44.860, Trans_L2_m: 0.319, Yaw_err_deg: 0.468
Epoch: [23/23], Batch: 1790/2963, Loss: 45.632, Trans_L2_m: 0.350, Yaw_err_deg: 0.711
Epoch: [23/23], Batch: 1800/2963, Loss: 50.652, Trans_L2_m: 0.393, Yaw_err_deg: 0.782
Epoch: [23/23], Batch: 1810/2963, Loss: 42.603, Trans_L2_m: 0.359, Yaw_err_deg: 0.684
Epoch: [23/23], Batch: 1820/2963, Loss: 44.425, Trans_L2_m: 0.281, Yaw_err_deg: 0.605
Epoch: [23/23], Batch: 1830/2963, Loss: 43.248, Trans_L2_m: 0.330, Yaw_err_deg: 0.541
Epoch: [23/23], Batch: 1840/2963, Loss: 50.354, Trans_L2_m: 0.525, Yaw_err_deg: 0.617
Epoch: [23/23], Batch: 1850/2963, Loss: 48.762, Trans_L2_m: 0.455, Yaw_err_deg: 0.432
Epoch: [23/23], Batch: 1860/2963, Loss: 41.916, Trans_L2_m: 0.374, Yaw_err_deg: 0.600
Epoch: [23/23], Batch: 1870/2963, Loss: 41.483, Trans_L2_m: 0.368, Yaw_err_deg: 0.421
Epoch: [23/23], Batch: 1880/2963, Loss: 42.787, Trans_L2_m: 0.265, Yaw_err_deg: 0.692
Epoch: [23/23], Batch: 1890/2963, Loss: 49.688, Trans_L2_m: 0.474, Yaw_err_deg: 0.664
Epoch: [23/23], Batch: 1900/2963, Loss: 37.330, Trans_L2_m: 0.245, Yaw_err_deg: 0.420
Epoch: [23/23], Batch: 1910/2963, Loss: 49.590, Trans_L2_m: 0.360, Yaw_err_deg: 1.113
Epoch: [23/23], Batch: 1920/2963, Loss: 44.225, Trans_L2_m: 0.424, Yaw_err_deg: 0.547
Epoch: [23/23], Batch: 1930/2963, Loss: 47.213, Trans_L2_m: 0.470, Yaw_err_deg: 0.689
Epoch: [23/23], Batch: 1940/2963, Loss: 57.555, Trans_L2_m: 0.221, Yaw_err_deg: 1.331
Epoch: [23/23], Batch: 1950/2963, Loss: 45.451, Trans_L2_m: 0.323, Yaw_err_deg: 0.654
Epoch: [23/23], Batch: 1960/2963, Loss: 40.242, Trans_L2_m: 0.301, Yaw_err_deg: 0.543
Epoch: [23/23], Batch: 1970/2963, Loss: 43.123, Trans_L2_m: 0.371, Yaw_err_deg: 0.549
Epoch: [23/23], Batch: 1980/2963, Loss: 46.613, Trans_L2_m: 0.368, Yaw_err_deg: 0.554
Epoch: [23/23], Batch: 1990/2963, Loss: 46.954, Trans_L2_m: 0.271, Yaw_err_deg: 0.929
Epoch: [23/23], Batch: 2000/2963, Loss: 43.502, Trans_L2_m: 0.469, Yaw_err_deg: 0.311
Epoch: [23/23], Batch: 2010/2963, Loss: 45.608, Trans_L2_m: 0.478, Yaw_err_deg: 0.439
Epoch: [23/23], Batch: 2020/2963, Loss: 35.616, Trans_L2_m: 0.252, Yaw_err_deg: 0.507
Epoch: [23/23], Batch: 2030/2963, Loss: 50.396, Trans_L2_m: 0.412, Yaw_err_deg: 0.765
Epoch: [23/23], Batch: 2040/2963, Loss: 44.436, Trans_L2_m: 0.332, Yaw_err_deg: 0.758
Epoch: [23/23], Batch: 2050/2963, Loss: 34.992, Trans_L2_m: 0.243, Yaw_err_deg: 0.561
Epoch: [23/23], Batch: 2060/2963, Loss: 44.814, Trans_L2_m: 0.262, Yaw_err_deg: 0.611
Epoch: [23/23], Batch: 2070/2963, Loss: 40.149, Trans_L2_m: 0.397, Yaw_err_deg: 0.371
Epoch: [23/23], Batch: 2080/2963, Loss: 39.912, Trans_L2_m: 0.354, Yaw_err_deg: 0.586
Epoch: [23/23], Batch: 2090/2963, Loss: 36.411, Trans_L2_m: 0.271, Yaw_err_deg: 0.475
Epoch: [23/23], Batch: 2100/2963, Loss: 53.648, Trans_L2_m: 0.405, Yaw_err_deg: 0.925
Epoch: [23/23], Batch: 2110/2963, Loss: 44.725, Trans_L2_m: 0.464, Yaw_err_deg: 0.515
Epoch: [23/23], Batch: 2120/2963, Loss: 40.026, Trans_L2_m: 0.292, Yaw_err_deg: 0.556
Epoch: [23/23], Batch: 2130/2963, Loss: 42.854, Trans_L2_m: 0.383, Yaw_err_deg: 0.544
Epoch: [23/23], Batch: 2140/2963, Loss: 44.777, Trans_L2_m: 0.405, Yaw_err_deg: 0.506
Epoch: [23/23], Batch: 2150/2963, Loss: 50.515, Trans_L2_m: 0.435, Yaw_err_deg: 0.806
Epoch: [23/23], Batch: 2160/2963, Loss: 38.468, Trans_L2_m: 0.187, Yaw_err_deg: 0.566
Epoch: [23/23], Batch: 2170/2963, Loss: 45.857, Trans_L2_m: 0.305, Yaw_err_deg: 0.667
Epoch: [23/23], Batch: 2180/2963, Loss: 47.568, Trans_L2_m: 0.318, Yaw_err_deg: 0.866
Epoch: [23/23], Batch: 2190/2963, Loss: 38.397, Trans_L2_m: 0.356, Yaw_err_deg: 0.346
Epoch: [23/23], Batch: 2200/2963, Loss: 51.734, Trans_L2_m: 0.431, Yaw_err_deg: 0.649
Epoch: [23/23], Batch: 2210/2963, Loss: 42.596, Trans_L2_m: 0.311, Yaw_err_deg: 0.734
Epoch: [23/23], Batch: 2220/2963, Loss: 44.502, Trans_L2_m: 0.438, Yaw_err_deg: 0.792
Epoch: [23/23], Batch: 2230/2963, Loss: 42.567, Trans_L2_m: 0.373, Yaw_err_deg: 0.373
Epoch: [23/23], Batch: 2240/2963, Loss: 42.857, Trans_L2_m: 0.293, Yaw_err_deg: 0.691
Epoch: [23/23], Batch: 2250/2963, Loss: 44.370, Trans_L2_m: 0.343, Yaw_err_deg: 0.595
Epoch: [23/23], Batch: 2260/2963, Loss: 38.260, Trans_L2_m: 0.311, Yaw_err_deg: 0.556
Epoch: [23/23], Batch: 2270/2963, Loss: 41.933, Trans_L2_m: 0.439, Yaw_err_deg: 0.481
Epoch: [23/23], Batch: 2280/2963, Loss: 46.343, Trans_L2_m: 0.227, Yaw_err_deg: 0.663
Epoch: [23/23], Batch: 2290/2963, Loss: 42.083, Trans_L2_m: 0.291, Yaw_err_deg: 0.709
Epoch: [23/23], Batch: 2300/2963, Loss: 41.551, Trans_L2_m: 0.302, Yaw_err_deg: 0.507
Epoch: [23/23], Batch: 2310/2963, Loss: 53.788, Trans_L2_m: 0.377, Yaw_err_deg: 0.600
Epoch: [23/23], Batch: 2320/2963, Loss: 48.135, Trans_L2_m: 0.303, Yaw_err_deg: 0.398
Epoch: [23/23], Batch: 2330/2963, Loss: 50.043, Trans_L2_m: 0.490, Yaw_err_deg: 0.563
Epoch: [23/23], Batch: 2340/2963, Loss: 46.559, Trans_L2_m: 0.430, Yaw_err_deg: 0.445
Epoch: [23/23], Batch: 2350/2963, Loss: 40.682, Trans_L2_m: 0.325, Yaw_err_deg: 0.465
Epoch: [23/23], Batch: 2360/2963, Loss: 42.470, Trans_L2_m: 0.410, Yaw_err_deg: 0.370
Epoch: [23/23], Batch: 2370/2963, Loss: 44.075, Trans_L2_m: 0.404, Yaw_err_deg: 0.515
Epoch: [23/23], Batch: 2380/2963, Loss: 42.812, Trans_L2_m: 0.471, Yaw_err_deg: 0.702
Epoch: [23/23], Batch: 2390/2963, Loss: 38.927, Trans_L2_m: 0.313, Yaw_err_deg: 0.375
Epoch: [23/23], Batch: 2400/2963, Loss: 43.142, Trans_L2_m: 0.360, Yaw_err_deg: 0.513
Epoch: [23/23], Batch: 2410/2963, Loss: 43.113, Trans_L2_m: 0.395, Yaw_err_deg: 0.548
Epoch: [23/23], Batch: 2420/2963, Loss: 40.038, Trans_L2_m: 0.279, Yaw_err_deg: 0.473
Epoch: [23/23], Batch: 2430/2963, Loss: 44.692, Trans_L2_m: 0.300, Yaw_err_deg: 0.650
Epoch: [23/23], Batch: 2440/2963, Loss: 41.688, Trans_L2_m: 0.408, Yaw_err_deg: 0.371
Epoch: [23/23], Batch: 2450/2963, Loss: 47.069, Trans_L2_m: 0.461, Yaw_err_deg: 0.657
Epoch: [23/23], Batch: 2460/2963, Loss: 44.004, Trans_L2_m: 0.307, Yaw_err_deg: 0.523
Epoch: [23/23], Batch: 2470/2963, Loss: 38.892, Trans_L2_m: 0.264, Yaw_err_deg: 0.634
Epoch: [23/23], Batch: 2480/2963, Loss: 39.502, Trans_L2_m: 0.287, Yaw_err_deg: 0.558
Epoch: [23/23], Batch: 2490/2963, Loss: 44.262, Trans_L2_m: 0.451, Yaw_err_deg: 0.632
Epoch: [23/23], Batch: 2500/2963, Loss: 40.294, Trans_L2_m: 0.316, Yaw_err_deg: 0.628
Epoch: [23/23], Batch: 2510/2963, Loss: 41.402, Trans_L2_m: 0.487, Yaw_err_deg: 0.596
Epoch: [23/23], Batch: 2520/2963, Loss: 41.395, Trans_L2_m: 0.378, Yaw_err_deg: 0.710
Epoch: [23/23], Batch: 2530/2963, Loss: 48.581, Trans_L2_m: 0.416, Yaw_err_deg: 0.625
Epoch: [23/23], Batch: 2540/2963, Loss: 43.380, Trans_L2_m: 0.429, Yaw_err_deg: 0.675
Epoch: [23/23], Batch: 2550/2963, Loss: 46.733, Trans_L2_m: 0.435, Yaw_err_deg: 0.397
Epoch: [23/23], Batch: 2560/2963, Loss: 46.164, Trans_L2_m: 0.360, Yaw_err_deg: 0.507
Epoch: [23/23], Batch: 2570/2963, Loss: 45.607, Trans_L2_m: 0.404, Yaw_err_deg: 0.718
Epoch: [23/23], Batch: 2580/2963, Loss: 42.312, Trans_L2_m: 0.360, Yaw_err_deg: 0.519
Epoch: [23/23], Batch: 2590/2963, Loss: 43.973, Trans_L2_m: 0.416, Yaw_err_deg: 0.624
Epoch: [23/23], Batch: 2600/2963, Loss: 50.025, Trans_L2_m: 0.403, Yaw_err_deg: 0.628
Epoch: [23/23], Batch: 2610/2963, Loss: 46.341, Trans_L2_m: 0.412, Yaw_err_deg: 0.569
Epoch: [23/23], Batch: 2620/2963, Loss: 42.119, Trans_L2_m: 0.240, Yaw_err_deg: 0.515
Epoch: [23/23], Batch: 2630/2963, Loss: 41.039, Trans_L2_m: 0.432, Yaw_err_deg: 0.489
Epoch: [23/23], Batch: 2640/2963, Loss: 51.681, Trans_L2_m: 0.354, Yaw_err_deg: 0.650
Epoch: [23/23], Batch: 2650/2963, Loss: 43.718, Trans_L2_m: 0.313, Yaw_err_deg: 0.591
Epoch: [23/23], Batch: 2660/2963, Loss: 43.568, Trans_L2_m: 0.320, Yaw_err_deg: 0.523
Epoch: [23/23], Batch: 2670/2963, Loss: 42.889, Trans_L2_m: 0.258, Yaw_err_deg: 0.628
Epoch: [23/23], Batch: 2680/2963, Loss: 44.068, Trans_L2_m: 0.320, Yaw_err_deg: 0.590
Epoch: [23/23], Batch: 2690/2963, Loss: 40.199, Trans_L2_m: 0.337, Yaw_err_deg: 0.381
Epoch: [23/23], Batch: 2700/2963, Loss: 41.180, Trans_L2_m: 0.460, Yaw_err_deg: 0.466
Epoch: [23/23], Batch: 2710/2963, Loss: 41.759, Trans_L2_m: 0.318, Yaw_err_deg: 0.382
Epoch: [23/23], Batch: 2720/2963, Loss: 37.523, Trans_L2_m: 0.240, Yaw_err_deg: 0.399
Epoch: [23/23], Batch: 2730/2963, Loss: 38.563, Trans_L2_m: 0.309, Yaw_err_deg: 0.440
Epoch: [23/23], Batch: 2740/2963, Loss: 42.923, Trans_L2_m: 0.379, Yaw_err_deg: 0.430
Epoch: [23/23], Batch: 2750/2963, Loss: 44.701, Trans_L2_m: 0.442, Yaw_err_deg: 0.453
Epoch: [23/23], Batch: 2760/2963, Loss: 48.377, Trans_L2_m: 0.465, Yaw_err_deg: 0.561
Epoch: [23/23], Batch: 2770/2963, Loss: 41.800, Trans_L2_m: 0.380, Yaw_err_deg: 0.483
Epoch: [23/23], Batch: 2780/2963, Loss: 40.972, Trans_L2_m: 0.386, Yaw_err_deg: 0.433
Epoch: [23/23], Batch: 2790/2963, Loss: 44.086, Trans_L2_m: 0.281, Yaw_err_deg: 0.642
Epoch: [23/23], Batch: 2800/2963, Loss: 41.250, Trans_L2_m: 0.421, Yaw_err_deg: 0.475
Epoch: [23/23], Batch: 2810/2963, Loss: 46.989, Trans_L2_m: 0.387, Yaw_err_deg: 0.633
Epoch: [23/23], Batch: 2820/2963, Loss: 41.720, Trans_L2_m: 0.275, Yaw_err_deg: 0.456
Epoch: [23/23], Batch: 2830/2963, Loss: 39.892, Trans_L2_m: 0.303, Yaw_err_deg: 0.446
Epoch: [23/23], Batch: 2840/2963, Loss: 39.952, Trans_L2_m: 0.428, Yaw_err_deg: 0.394
Epoch: [23/23], Batch: 2850/2963, Loss: 36.193, Trans_L2_m: 0.263, Yaw_err_deg: 0.546
Epoch: [23/23], Batch: 2860/2963, Loss: 41.006, Trans_L2_m: 0.226, Yaw_err_deg: 0.666
Epoch: [23/23], Batch: 2870/2963, Loss: 42.491, Trans_L2_m: 0.315, Yaw_err_deg: 0.594
Epoch: [23/23], Batch: 2880/2963, Loss: 37.712, Trans_L2_m: 0.231, Yaw_err_deg: 0.388
Epoch: [23/23], Batch: 2890/2963, Loss: 42.445, Trans_L2_m: 0.450, Yaw_err_deg: 0.514
Epoch: [23/23], Batch: 2900/2963, Loss: 36.368, Trans_L2_m: 0.367, Yaw_err_deg: 0.488
Epoch: [23/23], Batch: 2910/2963, Loss: 46.934, Trans_L2_m: 0.458, Yaw_err_deg: 0.579
Epoch: [23/23], Batch: 2920/2963, Loss: 40.377, Trans_L2_m: 0.370, Yaw_err_deg: 0.412
Epoch: [23/23], Batch: 2930/2963, Loss: 40.573, Trans_L2_m: 0.371, Yaw_err_deg: 0.412
Epoch: [23/23], Batch: 2940/2963, Loss: 44.273, Trans_L2_m: 0.352, Yaw_err_deg: 0.759
Epoch: [23/23], Batch: 2950/2963, Loss: 44.794, Trans_L2_m: 0.310, Yaw_err_deg: 0.456
Epoch: [23/23], Batch: 2960/2963, Loss: 40.374, Trans_L2_m: 0.364, Yaw_err_deg: 0.627
Validation loss (homography): 923.1547
Avg batch time: 979.19 ms, total: 317.695 s
[1;91mVal has no improvement vs 832.5582885742188![0m
Epoch: [24/23], Batch: 0/2963, Loss: 38.544, Trans_L2_m: 0.254, Yaw_err_deg: 0.464
Epoch: [24/23], Batch: 10/2963, Loss: 44.525, Trans_L2_m: 0.325, Yaw_err_deg: 0.589
Epoch: [24/23], Batch: 20/2963, Loss: 45.582, Trans_L2_m: 0.343, Yaw_err_deg: 0.466
Epoch: [24/23], Batch: 30/2963, Loss: 42.617, Trans_L2_m: 0.365, Yaw_err_deg: 0.542
Epoch: [24/23], Batch: 40/2963, Loss: 44.967, Trans_L2_m: 0.239, Yaw_err_deg: 0.563
Epoch: [24/23], Batch: 50/2963, Loss: 48.129, Trans_L2_m: 0.423, Yaw_err_deg: 0.458
Epoch: [24/23], Batch: 60/2963, Loss: 40.350, Trans_L2_m: 0.321, Yaw_err_deg: 0.395
Epoch: [24/23], Batch: 70/2963, Loss: 41.278, Trans_L2_m: 0.305, Yaw_err_deg: 0.593
Epoch: [24/23], Batch: 80/2963, Loss: 48.825, Trans_L2_m: 0.336, Yaw_err_deg: 0.546
Epoch: [24/23], Batch: 90/2963, Loss: 41.339, Trans_L2_m: 0.369, Yaw_err_deg: 0.348
Epoch: [24/23], Batch: 100/2963, Loss: 38.489, Trans_L2_m: 0.262, Yaw_err_deg: 0.406
Epoch: [24/23], Batch: 110/2963, Loss: 39.140, Trans_L2_m: 0.282, Yaw_err_deg: 0.575
Epoch: [24/23], Batch: 120/2963, Loss: 51.975, Trans_L2_m: 0.525, Yaw_err_deg: 0.671
Epoch: [24/23], Batch: 130/2963, Loss: 43.675, Trans_L2_m: 0.424, Yaw_err_deg: 0.430
Epoch: [24/23], Batch: 140/2963, Loss: 39.891, Trans_L2_m: 0.296, Yaw_err_deg: 0.421
Epoch: [24/23], Batch: 150/2963, Loss: 43.108, Trans_L2_m: 0.323, Yaw_err_deg: 0.622
Epoch: [24/23], Batch: 160/2963, Loss: 46.302, Trans_L2_m: 0.364, Yaw_err_deg: 0.683
Epoch: [24/23], Batch: 170/2963, Loss: 37.230, Trans_L2_m: 0.215, Yaw_err_deg: 0.688
Epoch: [24/23], Batch: 180/2963, Loss: 41.237, Trans_L2_m: 0.414, Yaw_err_deg: 0.375
Epoch: [24/23], Batch: 190/2963, Loss: 42.712, Trans_L2_m: 0.390, Yaw_err_deg: 0.675
Epoch: [24/23], Batch: 200/2963, Loss: 41.576, Trans_L2_m: 0.296, Yaw_err_deg: 0.611
Epoch: [24/23], Batch: 210/2963, Loss: 44.668, Trans_L2_m: 0.366, Yaw_err_deg: 0.376
Epoch: [24/23], Batch: 220/2963, Loss: 39.332, Trans_L2_m: 0.226, Yaw_err_deg: 0.425
Epoch: [24/23], Batch: 230/2963, Loss: 46.129, Trans_L2_m: 0.274, Yaw_err_deg: 0.861
Epoch: [24/23], Batch: 240/2963, Loss: 41.368, Trans_L2_m: 0.330, Yaw_err_deg: 0.689
Epoch: [24/23], Batch: 250/2963, Loss: 39.471, Trans_L2_m: 0.298, Yaw_err_deg: 0.538
Epoch: [24/23], Batch: 260/2963, Loss: 37.740, Trans_L2_m: 0.247, Yaw_err_deg: 0.620
Epoch: [24/23], Batch: 270/2963, Loss: 40.765, Trans_L2_m: 0.352, Yaw_err_deg: 0.458
Epoch: [24/23], Batch: 280/2963, Loss: 40.919, Trans_L2_m: 0.358, Yaw_err_deg: 0.512
Epoch: [24/23], Batch: 290/2963, Loss: 45.179, Trans_L2_m: 0.353, Yaw_err_deg: 0.622
Epoch: [24/23], Batch: 300/2963, Loss: 40.662, Trans_L2_m: 0.257, Yaw_err_deg: 0.447
Epoch: [24/23], Batch: 310/2963, Loss: 44.266, Trans_L2_m: 0.311, Yaw_err_deg: 0.726
Epoch: [24/23], Batch: 320/2963, Loss: 40.119, Trans_L2_m: 0.246, Yaw_err_deg: 0.550
Epoch: [24/23], Batch: 330/2963, Loss: 39.497, Trans_L2_m: 0.365, Yaw_err_deg: 0.571
Epoch: [24/23], Batch: 340/2963, Loss: 45.548, Trans_L2_m: 0.381, Yaw_err_deg: 0.571
Epoch: [24/23], Batch: 350/2963, Loss: 38.758, Trans_L2_m: 0.377, Yaw_err_deg: 0.516
Epoch: [24/23], Batch: 360/2963, Loss: 42.863, Trans_L2_m: 0.290, Yaw_err_deg: 0.696
Epoch: [24/23], Batch: 370/2963, Loss: 48.143, Trans_L2_m: 0.456, Yaw_err_deg: 0.692
Epoch: [24/23], Batch: 380/2963, Loss: 40.937, Trans_L2_m: 0.409, Yaw_err_deg: 0.492
Epoch: [24/23], Batch: 390/2963, Loss: 45.943, Trans_L2_m: 0.471, Yaw_err_deg: 0.531
Epoch: [24/23], Batch: 400/2963, Loss: 47.545, Trans_L2_m: 0.380, Yaw_err_deg: 0.661
Epoch: [24/23], Batch: 410/2963, Loss: 37.865, Trans_L2_m: 0.261, Yaw_err_deg: 0.588
Epoch: [24/23], Batch: 420/2963, Loss: 45.823, Trans_L2_m: 0.362, Yaw_err_deg: 0.792
Epoch: [24/23], Batch: 430/2963, Loss: 41.399, Trans_L2_m: 0.283, Yaw_err_deg: 0.633
Epoch: [24/23], Batch: 440/2963, Loss: 35.372, Trans_L2_m: 0.244, Yaw_err_deg: 0.445
Epoch: [24/23], Batch: 450/2963, Loss: 39.210, Trans_L2_m: 0.365, Yaw_err_deg: 0.459
Epoch: [24/23], Batch: 460/2963, Loss: 44.764, Trans_L2_m: 0.372, Yaw_err_deg: 0.516
Epoch: [24/23], Batch: 470/2963, Loss: 44.592, Trans_L2_m: 0.366, Yaw_err_deg: 0.638
Epoch: [24/23], Batch: 480/2963, Loss: 50.827, Trans_L2_m: 0.510, Yaw_err_deg: 0.683
Epoch: [24/23], Batch: 490/2963, Loss: 39.804, Trans_L2_m: 0.368, Yaw_err_deg: 0.552
Epoch: [24/23], Batch: 500/2963, Loss: 41.282, Trans_L2_m: 0.293, Yaw_err_deg: 0.581
Epoch: [24/23], Batch: 510/2963, Loss: 41.340, Trans_L2_m: 0.403, Yaw_err_deg: 0.483
Epoch: [24/23], Batch: 520/2963, Loss: 41.191, Trans_L2_m: 0.372, Yaw_err_deg: 0.544
Epoch: [24/23], Batch: 530/2963, Loss: 40.715, Trans_L2_m: 0.315, Yaw_err_deg: 0.513
Epoch: [24/23], Batch: 540/2963, Loss: 44.117, Trans_L2_m: 0.533, Yaw_err_deg: 0.283
Epoch: [24/23], Batch: 550/2963, Loss: 47.466, Trans_L2_m: 0.376, Yaw_err_deg: 0.808
Epoch: [24/23], Batch: 560/2963, Loss: 43.704, Trans_L2_m: 0.320, Yaw_err_deg: 0.587
Epoch: [24/23], Batch: 570/2963, Loss: 41.625, Trans_L2_m: 0.325, Yaw_err_deg: 0.400
Epoch: [24/23], Batch: 580/2963, Loss: 47.170, Trans_L2_m: 0.441, Yaw_err_deg: 0.547
Epoch: [24/23], Batch: 590/2963, Loss: 38.841, Trans_L2_m: 0.361, Yaw_err_deg: 0.664
Epoch: [24/23], Batch: 600/2963, Loss: 43.985, Trans_L2_m: 0.329, Yaw_err_deg: 0.559
Epoch: [24/23], Batch: 610/2963, Loss: 44.073, Trans_L2_m: 0.376, Yaw_err_deg: 0.505
Epoch: [24/23], Batch: 620/2963, Loss: 44.823, Trans_L2_m: 0.293, Yaw_err_deg: 0.992
Epoch: [24/23], Batch: 630/2963, Loss: 42.179, Trans_L2_m: 0.273, Yaw_err_deg: 0.674
Epoch: [24/23], Batch: 640/2963, Loss: 40.023, Trans_L2_m: 0.262, Yaw_err_deg: 0.650
Epoch: [24/23], Batch: 650/2963, Loss: 44.043, Trans_L2_m: 0.276, Yaw_err_deg: 0.600
Epoch: [24/23], Batch: 660/2963, Loss: 45.697, Trans_L2_m: 0.490, Yaw_err_deg: 0.534
Epoch: [24/23], Batch: 670/2963, Loss: 46.427, Trans_L2_m: 0.470, Yaw_err_deg: 0.489
Epoch: [24/23], Batch: 680/2963, Loss: 42.868, Trans_L2_m: 0.263, Yaw_err_deg: 0.428
Epoch: [24/23], Batch: 690/2963, Loss: 39.694, Trans_L2_m: 0.274, Yaw_err_deg: 0.732
Epoch: [24/23], Batch: 700/2963, Loss: 46.790, Trans_L2_m: 0.266, Yaw_err_deg: 0.434
Epoch: [24/23], Batch: 710/2963, Loss: 38.756, Trans_L2_m: 0.182, Yaw_err_deg: 0.489
Epoch: [24/23], Batch: 720/2963, Loss: 44.274, Trans_L2_m: 0.460, Yaw_err_deg: 0.526
Epoch: [24/23], Batch: 730/2963, Loss: 45.802, Trans_L2_m: 0.387, Yaw_err_deg: 0.503
Epoch: [24/23], Batch: 740/2963, Loss: 40.521, Trans_L2_m: 0.199, Yaw_err_deg: 0.686
Epoch: [24/23], Batch: 750/2963, Loss: 48.021, Trans_L2_m: 0.330, Yaw_err_deg: 0.537
Epoch: [24/23], Batch: 760/2963, Loss: 36.044, Trans_L2_m: 0.270, Yaw_err_deg: 0.511
Epoch: [24/23], Batch: 770/2963, Loss: 41.234, Trans_L2_m: 0.292, Yaw_err_deg: 0.465
Epoch: [24/23], Batch: 780/2963, Loss: 38.146, Trans_L2_m: 0.262, Yaw_err_deg: 0.362
Epoch: [24/23], Batch: 790/2963, Loss: 42.131, Trans_L2_m: 0.357, Yaw_err_deg: 0.343
Epoch: [24/23], Batch: 800/2963, Loss: 48.156, Trans_L2_m: 0.356, Yaw_err_deg: 0.730
Epoch: [24/23], Batch: 810/2963, Loss: 42.072, Trans_L2_m: 0.278, Yaw_err_deg: 0.636
Epoch: [24/23], Batch: 820/2963, Loss: 39.182, Trans_L2_m: 0.312, Yaw_err_deg: 0.478
Epoch: [24/23], Batch: 830/2963, Loss: 42.207, Trans_L2_m: 0.421, Yaw_err_deg: 0.297
Epoch: [24/23], Batch: 840/2963, Loss: 43.795, Trans_L2_m: 0.380, Yaw_err_deg: 0.560
Epoch: [24/23], Batch: 850/2963, Loss: 47.300, Trans_L2_m: 0.379, Yaw_err_deg: 0.761
Epoch: [24/23], Batch: 860/2963, Loss: 43.907, Trans_L2_m: 0.360, Yaw_err_deg: 0.440
Epoch: [24/23], Batch: 870/2963, Loss: 44.701, Trans_L2_m: 0.274, Yaw_err_deg: 0.709
Epoch: [24/23], Batch: 880/2963, Loss: 42.796, Trans_L2_m: 0.363, Yaw_err_deg: 0.538
Epoch: [24/23], Batch: 890/2963, Loss: 45.382, Trans_L2_m: 0.358, Yaw_err_deg: 0.530
Epoch: [24/23], Batch: 900/2963, Loss: 52.681, Trans_L2_m: 0.299, Yaw_err_deg: 1.083
Epoch: [24/23], Batch: 910/2963, Loss: 39.640, Trans_L2_m: 0.300, Yaw_err_deg: 0.431
Epoch: [24/23], Batch: 920/2963, Loss: 45.466, Trans_L2_m: 0.373, Yaw_err_deg: 0.508
Epoch: [24/23], Batch: 930/2963, Loss: 45.404, Trans_L2_m: 0.308, Yaw_err_deg: 0.498
Epoch: [24/23], Batch: 940/2963, Loss: 42.989, Trans_L2_m: 0.311, Yaw_err_deg: 0.530
Epoch: [24/23], Batch: 950/2963, Loss: 41.085, Trans_L2_m: 0.289, Yaw_err_deg: 0.528
Epoch: [24/23], Batch: 960/2963, Loss: 42.472, Trans_L2_m: 0.282, Yaw_err_deg: 0.530
Epoch: [24/23], Batch: 970/2963, Loss: 40.832, Trans_L2_m: 0.197, Yaw_err_deg: 0.632
Epoch: [24/23], Batch: 980/2963, Loss: 43.924, Trans_L2_m: 0.359, Yaw_err_deg: 0.552
Epoch: [24/23], Batch: 990/2963, Loss: 41.410, Trans_L2_m: 0.331, Yaw_err_deg: 0.607
Epoch: [24/23], Batch: 1000/2963, Loss: 40.083, Trans_L2_m: 0.350, Yaw_err_deg: 0.585
Epoch: [24/23], Batch: 1010/2963, Loss: 35.536, Trans_L2_m: 0.242, Yaw_err_deg: 0.426
Epoch: [24/23], Batch: 1020/2963, Loss: 39.642, Trans_L2_m: 0.275, Yaw_err_deg: 0.534
Epoch: [24/23], Batch: 1030/2963, Loss: 40.868, Trans_L2_m: 0.266, Yaw_err_deg: 0.902
Epoch: [24/23], Batch: 1040/2963, Loss: 38.672, Trans_L2_m: 0.327, Yaw_err_deg: 0.683
Epoch: [24/23], Batch: 1050/2963, Loss: 45.827, Trans_L2_m: 0.305, Yaw_err_deg: 0.699
Epoch: [24/23], Batch: 1060/2963, Loss: 42.925, Trans_L2_m: 0.263, Yaw_err_deg: 0.800
Epoch: [24/23], Batch: 1070/2963, Loss: 47.610, Trans_L2_m: 0.230, Yaw_err_deg: 0.929
Epoch: [24/23], Batch: 1080/2963, Loss: 42.571, Trans_L2_m: 0.198, Yaw_err_deg: 0.503
Epoch: [24/23], Batch: 1090/2963, Loss: 38.408, Trans_L2_m: 0.368, Yaw_err_deg: 0.577
Epoch: [24/23], Batch: 1100/2963, Loss: 42.596, Trans_L2_m: 0.292, Yaw_err_deg: 0.308
Epoch: [24/23], Batch: 1110/2963, Loss: 40.289, Trans_L2_m: 0.335, Yaw_err_deg: 0.556
Epoch: [24/23], Batch: 1120/2963, Loss: 45.194, Trans_L2_m: 0.297, Yaw_err_deg: 1.111
Epoch: [24/23], Batch: 1130/2963, Loss: 38.881, Trans_L2_m: 0.276, Yaw_err_deg: 0.583
Epoch: [24/23], Batch: 1140/2963, Loss: 40.922, Trans_L2_m: 0.398, Yaw_err_deg: 0.521
Epoch: [24/23], Batch: 1150/2963, Loss: 36.646, Trans_L2_m: 0.318, Yaw_err_deg: 0.400
Epoch: [24/23], Batch: 1160/2963, Loss: 40.623, Trans_L2_m: 0.310, Yaw_err_deg: 0.420
Epoch: [24/23], Batch: 1170/2963, Loss: 42.655, Trans_L2_m: 0.357, Yaw_err_deg: 0.495
Epoch: [24/23], Batch: 1180/2963, Loss: 41.285, Trans_L2_m: 0.294, Yaw_err_deg: 0.495
Epoch: [24/23], Batch: 1190/2963, Loss: 45.035, Trans_L2_m: 0.418, Yaw_err_deg: 0.722
Epoch: [24/23], Batch: 1200/2963, Loss: 38.896, Trans_L2_m: 0.321, Yaw_err_deg: 0.522
Epoch: [24/23], Batch: 1210/2963, Loss: 42.012, Trans_L2_m: 0.308, Yaw_err_deg: 0.579
Epoch: [24/23], Batch: 1220/2963, Loss: 37.974, Trans_L2_m: 0.198, Yaw_err_deg: 0.530
Epoch: [24/23], Batch: 1230/2963, Loss: 45.791, Trans_L2_m: 0.344, Yaw_err_deg: 0.500
Epoch: [24/23], Batch: 1240/2963, Loss: 39.020, Trans_L2_m: 0.198, Yaw_err_deg: 0.693
Epoch: [24/23], Batch: 1250/2963, Loss: 48.946, Trans_L2_m: 0.381, Yaw_err_deg: 0.964
Epoch: [24/23], Batch: 1260/2963, Loss: 44.455, Trans_L2_m: 0.350, Yaw_err_deg: 0.499
Epoch: [24/23], Batch: 1270/2963, Loss: 52.585, Trans_L2_m: 0.426, Yaw_err_deg: 0.695
Epoch: [24/23], Batch: 1280/2963, Loss: 47.761, Trans_L2_m: 0.339, Yaw_err_deg: 0.694
Epoch: [24/23], Batch: 1290/2963, Loss: 45.477, Trans_L2_m: 0.345, Yaw_err_deg: 0.506
Epoch: [24/23], Batch: 1300/2963, Loss: 37.839, Trans_L2_m: 0.305, Yaw_err_deg: 0.518
Epoch: [24/23], Batch: 1310/2963, Loss: 42.861, Trans_L2_m: 0.364, Yaw_err_deg: 0.577
Epoch: [24/23], Batch: 1320/2963, Loss: 39.280, Trans_L2_m: 0.404, Yaw_err_deg: 0.415
Epoch: [24/23], Batch: 1330/2963, Loss: 41.249, Trans_L2_m: 0.235, Yaw_err_deg: 0.705
Epoch: [24/23], Batch: 1340/2963, Loss: 37.845, Trans_L2_m: 0.283, Yaw_err_deg: 0.371
Epoch: [24/23], Batch: 1350/2963, Loss: 39.536, Trans_L2_m: 0.307, Yaw_err_deg: 0.531
Epoch: [24/23], Batch: 1360/2963, Loss: 39.719, Trans_L2_m: 0.270, Yaw_err_deg: 0.424
Epoch: [24/23], Batch: 1370/2963, Loss: 41.449, Trans_L2_m: 0.358, Yaw_err_deg: 0.367
Epoch: [24/23], Batch: 1380/2963, Loss: 44.594, Trans_L2_m: 0.379, Yaw_err_deg: 0.642
Epoch: [24/23], Batch: 1390/2963, Loss: 38.869, Trans_L2_m: 0.305, Yaw_err_deg: 0.564
Epoch: [24/23], Batch: 1400/2963, Loss: 50.567, Trans_L2_m: 0.454, Yaw_err_deg: 0.480
Epoch: [24/23], Batch: 1410/2963, Loss: 39.013, Trans_L2_m: 0.308, Yaw_err_deg: 0.489
Epoch: [24/23], Batch: 1420/2963, Loss: 36.682, Trans_L2_m: 0.338, Yaw_err_deg: 0.418
Epoch: [24/23], Batch: 1430/2963, Loss: 42.099, Trans_L2_m: 0.324, Yaw_err_deg: 0.531
Epoch: [24/23], Batch: 1440/2963, Loss: 72.269, Trans_L2_m: 0.402, Yaw_err_deg: 0.982
Epoch: [24/23], Batch: 1450/2963, Loss: 41.597, Trans_L2_m: 0.331, Yaw_err_deg: 0.478
Epoch: [24/23], Batch: 1460/2963, Loss: 45.844, Trans_L2_m: 0.426, Yaw_err_deg: 0.542
Epoch: [24/23], Batch: 1470/2963, Loss: 38.637, Trans_L2_m: 0.329, Yaw_err_deg: 0.338
Epoch: [24/23], Batch: 1480/2963, Loss: 40.417, Trans_L2_m: 0.296, Yaw_err_deg: 0.406
Epoch: [24/23], Batch: 1490/2963, Loss: 41.685, Trans_L2_m: 0.301, Yaw_err_deg: 0.565
Epoch: [24/23], Batch: 1500/2963, Loss: 35.766, Trans_L2_m: 0.302, Yaw_err_deg: 0.478
Epoch: [24/23], Batch: 1510/2963, Loss: 39.672, Trans_L2_m: 0.334, Yaw_err_deg: 0.459
Epoch: [24/23], Batch: 1520/2963, Loss: 86.953, Trans_L2_m: 0.289, Yaw_err_deg: 1.130
Epoch: [24/23], Batch: 1530/2963, Loss: 46.549, Trans_L2_m: 0.414, Yaw_err_deg: 0.817
Epoch: [24/23], Batch: 1540/2963, Loss: 40.987, Trans_L2_m: 0.362, Yaw_err_deg: 0.593
Epoch: [24/23], Batch: 1550/2963, Loss: 40.027, Trans_L2_m: 0.364, Yaw_err_deg: 0.421
Epoch: [24/23], Batch: 1560/2963, Loss: 39.949, Trans_L2_m: 0.264, Yaw_err_deg: 0.602
Epoch: [24/23], Batch: 1570/2963, Loss: 42.271, Trans_L2_m: 0.353, Yaw_err_deg: 0.585
Epoch: [24/23], Batch: 1580/2963, Loss: 42.584, Trans_L2_m: 0.297, Yaw_err_deg: 0.527
Epoch: [24/23], Batch: 1590/2963, Loss: 39.610, Trans_L2_m: 0.320, Yaw_err_deg: 0.441
Epoch: [24/23], Batch: 1600/2963, Loss: 44.433, Trans_L2_m: 0.389, Yaw_err_deg: 0.595
Epoch: [24/23], Batch: 1610/2963, Loss: 46.197, Trans_L2_m: 0.429, Yaw_err_deg: 0.325
Epoch: [24/23], Batch: 1620/2963, Loss: 42.634, Trans_L2_m: 0.274, Yaw_err_deg: 0.454
Epoch: [24/23], Batch: 1630/2963, Loss: 39.394, Trans_L2_m: 0.258, Yaw_err_deg: 0.396
Epoch: [24/23], Batch: 1640/2963, Loss: 37.777, Trans_L2_m: 0.282, Yaw_err_deg: 0.486
Epoch: [24/23], Batch: 1650/2963, Loss: 45.195, Trans_L2_m: 0.308, Yaw_err_deg: 0.534
Epoch: [24/23], Batch: 1660/2963, Loss: 40.686, Trans_L2_m: 0.377, Yaw_err_deg: 0.354
Epoch: [24/23], Batch: 1670/2963, Loss: 43.663, Trans_L2_m: 0.362, Yaw_err_deg: 0.645
Epoch: [24/23], Batch: 1680/2963, Loss: 42.817, Trans_L2_m: 0.409, Yaw_err_deg: 0.363
Epoch: [24/23], Batch: 1690/2963, Loss: 41.365, Trans_L2_m: 0.329, Yaw_err_deg: 0.577
Epoch: [24/23], Batch: 1700/2963, Loss: 43.868, Trans_L2_m: 0.380, Yaw_err_deg: 0.717
Epoch: [24/23], Batch: 1710/2963, Loss: 39.146, Trans_L2_m: 0.298, Yaw_err_deg: 0.356
Epoch: [24/23], Batch: 1720/2963, Loss: 44.292, Trans_L2_m: 0.424, Yaw_err_deg: 0.484
Epoch: [24/23], Batch: 1730/2963, Loss: 48.641, Trans_L2_m: 0.228, Yaw_err_deg: 0.518
Epoch: [24/23], Batch: 1740/2963, Loss: 44.371, Trans_L2_m: 0.362, Yaw_err_deg: 0.684
Epoch: [24/23], Batch: 1750/2963, Loss: 43.702, Trans_L2_m: 0.456, Yaw_err_deg: 0.384
Epoch: [24/23], Batch: 1760/2963, Loss: 37.670, Trans_L2_m: 0.277, Yaw_err_deg: 0.496
Epoch: [24/23], Batch: 1770/2963, Loss: 43.100, Trans_L2_m: 0.439, Yaw_err_deg: 0.499
Epoch: [24/23], Batch: 1780/2963, Loss: 50.179, Trans_L2_m: 0.315, Yaw_err_deg: 1.132
Epoch: [24/23], Batch: 1790/2963, Loss: 38.554, Trans_L2_m: 0.248, Yaw_err_deg: 0.314
Epoch: [24/23], Batch: 1800/2963, Loss: 43.940, Trans_L2_m: 0.370, Yaw_err_deg: 0.435
Epoch: [24/23], Batch: 1810/2963, Loss: 40.232, Trans_L2_m: 0.281, Yaw_err_deg: 0.705
Epoch: [24/23], Batch: 1820/2963, Loss: 35.792, Trans_L2_m: 0.311, Yaw_err_deg: 0.493
Epoch: [24/23], Batch: 1830/2963, Loss: 45.326, Trans_L2_m: 0.345, Yaw_err_deg: 0.381
Epoch: [24/23], Batch: 1840/2963, Loss: 34.507, Trans_L2_m: 0.356, Yaw_err_deg: 0.501
Epoch: [24/23], Batch: 1850/2963, Loss: 47.038, Trans_L2_m: 0.398, Yaw_err_deg: 0.422
Validation loss (homography): 942.3543
Avg batch time: 952.95 ms, total: 309.023 s
[1;91mVal has no improvement vs 832.5582885742188![0m
The minist distance is 832.5582885742188m!
Loading val split : 6 drives
Validation with 10393 samples.
